fid,id_accidente,anio_origen,folio_c5i,dia_incidente,hora_ocurrencia,tipo_incidente_vial,superficie_ocurrencia,condiciones_climaticas,condiciones_via,numero_vehiculos_involucrados,marca_vehiculo_ocasiona_siniestro,color_vehiculo_ocasiona_siniestro,numero_personas_involucradas,lugar_remite_presunto_responsable,edad_presunto_responsable,sexo_presunto_responsable,resultados_toxicologia,numero_personas_lesionadas,numero_personas_fallecidas,municipio,colonia,mes,dia_semana,hora_redondeada,lon,lat
207,207,2016,,2016/06/11,"00:45:00",CAIDA DE MOTOCICLETA,ASFALTO,Bueno,Bueno,1,HONDA,BLANCO Y NEGRO,2,,30,MASCULINO,SIN DATOS,1,0,Morelia,Morelos,junio,sábado,1,-101.21199041605,19.6922662019133
208,208,2016,,2016/06/11,"03:40:00",COLISIÓN CONTRA OBJETO FIJO,ASFALTO,Bueno,Bueno,1,V.W.,ROJO,1,,23,MASCULINO,SIN DATOS,0,0,Morelia,Villas Lomas del Paraiso,junio,sábado,4,-101.171035766602,19.6740397657309
209,209,2016,,2016/06/11,"08:45:00",COLISIÓN CONTRA OBJETO FIJO,CONCRETO,Bueno,Bueno,1,FORD,DORADO,1,,,,SIN DATOS,0,0,Morelia,Villa Universidad,junio,sábado,9,-101.201564669609,19.6851319495507
210,210,2016,,2016/06/11,"09:50:00",COLISIÓN POR CORTE DE CIRCULACIÓN,ASFALTO,Bueno,Bueno,2,KENWORTH,BLANCO,2,,31,MASCULINO,SIN DATOS,0,0,Morelia,Aquiles Serdan,junio,sábado,10,-101.168079972267,19.721825134231
211,211,2016,,2016/06/11,10:25:00,COLISIÓN POR CORTE DE CIRCULACIÓN,ASFALTO,Bueno,Bueno,2,CHEVROLET,AMATIZ,2,,48,FEMENINO,SIN DATOS,0,0,Morelia,Jardines de Guadalupe,junio,sábado,10,-101.225923150778,19.7121905475908
212,212,2016,,2016/06/11,13:45:00,COLISIÓN POR CORTE DE CIRCULACIÓN,ASFALTO,Bueno,Bueno,2,ITALIKA,ROJO Y NEGRO,2,,37,MASCULINO,SIN DATOS,0,0,Morelia,Comision Federal de Electricidad,junio,sábado,14,-101.180670261383,19.6854653093065
213,213,2016,,2016/06/11,15:30:00,COLISIÓN POR CORTE DE CIRCULACIÓN,SIN_DATOS,Bueno,Bueno,2,DODGE,GUINDA,1,,37,MASCULINO,SIN DATOS,0,0,Morelia,Ventura Puente,junio,sábado,16,-101.184237599373,19.6932132026635
214,214,2016,,2016/06/11,16:30:00,COLISIÓN POR CORTE DE CIRCULACIÓN,CONCRETO,Bueno,Bueno,2,TOYOTA,GUINDA,2,,18,MASCULINO,SIN DATOS,0,0,Morelia,Peña Blanca,junio,sábado,17,-101.193633377552,19.6649724968716
215,215,2016,,2016/06/11,18:00:00,COLISIÓN POR CORTE DE CIRCULACIÓN,CONCRETO,Bueno,Bueno,2,NISSAN,GRIS,2,,,,SIN DATOS,0,0,Morelia,La Colina,junio,sábado,18,-101.214913353324,19.7094284583501
216,216,2016,,2016/06/11,20:00:00,COLISIÓN POR ALCANCE,ASFALTO,Bueno,Bueno,2,NISSAN,BLANCO,2,,44,MASCULINO,SIN DATOS,0,0,Morelia,Residencial Alborada,junio,sábado,20,-101.234657764435,19.7026273480714
217,217,2016,,2016/06/11,23:00:00,COLISIÓN POR CORTE DE CIRCULACIÓN,ASFALTO,Bueno,Bueno,2,FORD,SINDATOS,3,,55,MASCULINO,SIN DATOS,1,0,Morelia,Enrique Arreguin Robles,junio,sábado,23,-101.184425354004,19.7197976457942
218,218,2016,,2016/06/11,23:05:00,COLISIÓN POR ALCANCE,ASFALTO,Bueno,Bueno,2,FORD,VERDE,2,,26,MASCULINO,SIN DATOS,0,0,Morelia,La Esperanza,junio,sábado,23,-101.253787279129,19.6978294354343
219,219,2016,,2016/06/12,"01:10:00",COLISIÓN POR CORTE DE CIRCULACIÓN,CONCRETO,Bueno,Bueno,2,HONDA,BLANCO,2,,22,MASCULINO,SIN DATOS,0,0,Morelia,Loma Dorada,junio,domingo,1,-101.254484653473,19.6977385262272
220,220,2016,,2016/06/12,"02:40:00",COLISIÓN CONTRA OBJETO FIJO,ASFALTO,Lluvioso,Regular,1,V.W.,BLANCO,1,,24,MASCULINO,SIN DATOS,0,0,Morelia,Reforma,junio,domingo,3,-101.240322589874,19.706475675069
221,221,2016,,2016/06/12,"02:40:00",VOLCADURA,CONCRETO,Lluvioso,Bueno,1,MITSUBISHI,SINDATOS,1,,43,FEMENINO,SIN DATOS,0,0,Morelia,Sin datos,junio,domingo,3,-101.114,19.6965
222,222,2016,,2016/06/12,"03:20:00",COLISIÓN POR CORTE DE CIRCULACIÓN,ASFALTO,Lluvioso,Regular,1,V.W.,VERDE,1,,47,MASCULINO,SIN DATOS,0,0,Morelia,Nueva Chapultepec,junio,domingo,3,-101.172403693199,19.6867381310821
223,223,2016,,2016/06/12,"03:45:00",COLISIÓN POR CORTE DE CIRCULACIÓN,ASFALTO,Lluvioso,Regular,2,SEAT,ROJO,2,,29,MASCULINO,SIN DATOS,0,0,Morelia,Nicolas Bravo(Los Ejidos),junio,domingo,4,-101.221053600311,19.70529391521
224,224,2016,,2016/06/12,"03:50:00",COLISIÓN POR CORTE DE CIRCULACIÓN,SIN_DATOS,Lluvioso,Regular,2,JEEP,ARENA,2,,27,MASCULINO,SIN DATOS,0,0,Morelia,Sentimientos de La Nacion,junio,domingo,4,-101.234282255173,19.6789495156011
225,225,2016,,2016/06/12,"03:59:00",COLISIÓN POR CORTE DE CIRCULACIÓN,ASFALTO,Bueno,Bueno,1,CHEVROLET,ARENA,1,,21,MASCULINO,CON CERTIFICADO,0,0,Morelia,Libertad,junio,domingo,4,-101.236889362335,19.6848592001435
226,226,2016,,2016/06/12,"05:30:00",COLISIÓN POR CORTE DE CIRCULACIÓN,ASFALTO,Bueno,Bueno,1,FORD,ROJO,1,,28,MASCULINO,CON CERTIFICADO,0,0,Morelia,La Quemada,junio,domingo,6,-101.238573789597,19.7013950558184
227,227,2016,,2016/06/12,"05:30:00",COLISIÓN CONTRA OBJETO FIJO,ASFALTO,Bueno,Bueno,1,CHEVROLET,BLANCO,0,,,,,0,0,Morelia,Los Manantiales de Morelia,junio,domingo,6,-101.239013671875,19.7012738462317
228,228,2016,,2016/06/12,"06:00:00",COLISIÓN POR CORTE DE CIRCULACIÓN,ASFALTO,Bueno,Bueno,2,CHEVROLET,COBRE,2,,,,SIN DATOS,0,0,Morelia,Tinijaro,junio,domingo,6,-101.26554608345,19.6966501369888
229,229,2016,,2016/06/12,"07:10:00",COLISIÓN POR ALCANCE,ASFALTO,Bueno,Bueno,3,FORD,BEIGE,3,,37,MASCULINO,SIN DATOS,0,0,Morelia,Morelos,junio,domingo,7,-101.209573745728,19.6921323586887
230,230,2016,,2016/06/12,"07:50:00",COLISIÓN POR CORTE DE CIRCULACIÓN,CONCRETO,Bueno,Bueno,2,CHEVROLET,COBRE,0,,,,,0,0,Morelia,La Colina,junio,domingo,8,-101.216786205769,19.7097545079348
231,231,2016,,2016/06/12,12:50:00,COLISIÓN POR CORTE DE CIRCULACIÓN,ASFALTO,Nublado,Regular,2,FORD,ROJO,2,,39,MASCULINO,SIN DATOS,0,0,Morelia,Santa Maria de Guido,junio,domingo,13,-101.190684641887,19.672402827149
232,232,2016,,2016/06/12,15:00:00,COLISIÓN POR CORTE DE CIRCULACIÓN,ASFALTO,Bueno,Bueno,1,VOLKSWAGEN,GRIS,1,,3,MASCULINO,SIN DATOS,0,0,Morelia,Fovissste Acueducto,junio,domingo,15,-101.157410144806,19.6978294354343
233,233,2016,,2016/06/12,15:15:00,COLISIÓN POR CORTE DE CIRCULACIÓN,ASFALTO,Lluvioso,Bueno,2,SUZUKI,BLANCO,2,,23,FEMENINO,SIN DATOS,0,0,Morelia,Morelia 450,junio,domingo,15,-101.215957403183,19.6750096047893
234,234,2016,,2016/06/12,15:55:00,COLISIÓN POR ALCANCE,ASFALTO,Bueno,Bueno,2,CHEVROLET,BLANCO,2,,24,MASCULINO,SIN DATOS,0,0,Morelia,Ejidal Ocolusen,junio,domingo,16,-101.1534512043,19.6873442331338
235,235,2016,,2016/06/12,17:20:00,COLISIÓN CONTRA OBJETO FIJO,ASFALTO,Lluvioso,Bueno,2,NISSAN,VERDE,4,,36,MASCULINO,CON CERTIFICADO,2,0,Morelia,Las Americas,junio,domingo,17,-101.158998012543,19.6880715525677
236,236,2016,,2016/06/12,18:10:00,COLISIÓN POR ALCANCE,ASFALTO,Lluvioso,Regular,2,FORD,NEGRO,2,,33,MASCULINO,SIN DATOS,0,0,Morelia,Avicola Benito Juarez,junio,domingo,18,-101.27956867218,19.6916070860848
237,237,2016,,2016/06/12,19:30:00,COLISIÓN POR ALCANCE,ASFALTO,Bueno,Bueno,3,FORD,ROJO,3,,36,MASCULINO,SIN DATOS,0,0,Morelia,Lomas de Huerta,junio,domingo,20,-101.21430516243,19.6745095322578
238,238,2016,,2016/06/12,20:00:00,COLISIÓN POR CORTE DE CIRCULACIÓN,ASFALTO,Lluvioso,Regular,2,NISSAN,BLANCO Y ROJO,2,,,MASCULINO,SIN DATOS,0,0,Morelia,Loma Bonita,junio,domingo,20,-101.1980214715,19.7245444027501
239,239,2016,,2016/06/12,20:15:00,COLISIÓN POR CORTE DE CIRCULACIÓN,ASFALTO,Lluvioso,Bueno,2,DODGE,ROJO,2,,29,MASCULINO,SIN DATOS,0,0,Morelia,Campestre Los Manantiales,junio,domingo,20,-101.238412857056,19.6884554142703
240,240,2016,,2016/06/12,21:20:00,COLISIÓN POR CORTE DE CIRCULACIÓN,TERRACERIA,Lluvioso,Malo,2,NISSAN,BLANCO,3,,59,MASCULINO,SIN DATOS,1,0,Morelia,La Aldea,junio,domingo,21,-101.130094528198,19.7564046200289
241,241,2016,,2016/06/12,22:00:00,COLISIÓN POR CORTE DE CIRCULACIÓN,ASFALTO,Lluvioso,Regular,2,TOYOTA,BLANCO Y GRIS,13,MINISTERIO PÚBLICO,26,MASCULINO,SIN DATOS,12,0,Morelia,Las Americas,junio,domingo,22,-101.15421295166,19.6874856566158
242,242,2016,,2016/06/13,"07:45:00",COLISIÓN POR CORTE DE CIRCULACIÓN,CONCRETO,Lluvioso,Bueno,2,NISSAN,BLANCO /AMARILLO,2,,35,MASCULINO,SIN DATOS,0,0,Morelia,Felix Ireta,junio,lunes,8,-101.180943846703,19.686253247789
243,243,2016,,2016/06/13,"08:30:00",SUBIDA AL CAMELLÓN,ASFALTO,Bueno,Bueno,0,,,0,MINISTERIO PÚBLICO,,,,0,0,Morelia,Country Club  Las Huertas,junio,lunes,9,-101.226160526276,19.6629468140776
244,244,2016,,2016/06/13,"09:15:00",COLISIÓN POR CORTE DE CIRCULACIÓN,ASFALTO,Bueno,Bueno,2,NAVISA INTERNAC,BLANCO/VERDE,2,,30,MASCULINO,SIN DATOS,0,0,Morelia,Pascual Ortiz de Ayala,junio,lunes,9,-101.150704622269,19.6969102399624
245,245,2016,,2016/06/13,"09:15:00",COLISIÓN POR CORTE DE CIRCULACIÓN,ASFALTO,Nublado,Bueno,2,DODGE,GRIS,2,,58,MASCULINO,SIN DATOS,0,0,Morelia,Erendira,junio,lunes,9,-101.166636943817,19.7022031173834
246,246,2016,,2016/06/13,10:30:00,VOLCADURA,ASFALTO,Nublado,Regular,1,TOYOTA,BLANCO,1,,22,MASCULINO,SIN DATOS,0,0,Morelia,Club de Golf Tres Marias,junio,lunes,11,-101.10692024231,19.7095057886602
247,247,2016,,2016/06/13,10:45:00,COLISIÓN POR CORTE DE CIRCULACIÓN,CONCRETO,Bueno,Regular,2,NISSAN,BLANCO,2,,20,MASCULINO,SIN DATOS,0,0,Morelia,Centro,junio,lunes,11,-101.186463832855,19.7058393439221
248,248,2016,,2016/06/13,11:00:00,COLISIÓN CON PEATÓN,CONCRETO,Bueno,Bueno,1,SMART,MOZTASA,1,,26,FEMENINO,SIN DATOS,0,0,Morelia,Centro,junio,lunes,11,-101.184275150299,19.7045666740346
249,249,2016,,2016/06/13,12:00:00,COLISIÓN POR CORTE DE CIRCULACIÓN,ASFALTO,Lluvioso,Regular,2,CHEVROLET,ROJO,2,,18,MASCULINO,SIN DATOS,0,0,Morelia,Sin datos,junio,lunes,12,-101.31019949913,19.6865158930884
250,250,2016,,2016/06/13,14:00:00,COLISIÓN POR CORTE DE CIRCULACIÓN,ASFALTO,Bueno,Bueno,2,NISSAN,AZUL,2,,39,MASCULINO,SIN DATOS,0,0,Morelia,Felix Ireta,junio,lunes,14,-101.18517100811,19.681161884578
251,251,2016,,2016/06/13,14:45:00,COLISIÓN POR CORTE DE CIRCULACIÓN,ASFALTO,Nublado,Bueno,2,V.W,AZUL,2,,33,MASCULINO,SIN DATOS,0,0,Morelia,Lomas de Las Americas Norte,junio,lunes,15,-101.149127483368,19.6949001127883
252,252,2016,,2016/06/13,16:05:00,COLISIÓN POR CORTE DE CIRCULACIÓN,ASFALTO,Bueno,Bueno,3,FORD,VERDE,3,,48,MASCULINO,SIN DATOS,0,0,Morelia,Adolfo Lopez Mateos,junio,lunes,16,-101.229663491249,19.7034556047442
253,253,2016,,2016/06/13,16:45:00,COLISIÓN POR CORTE DE CIRCULACIÓN,ASFALTO,Bueno,Bueno,2,NISSAN,BLANCO,2,,,,SIN DATOS,0,0,Morelia,Eva Samano,junio,lunes,17,-101.19987487793,19.7314395735158
254,254,2016,,2016/06/13,18:30:00,COLISIÓN CONTRA OBJETO FIJO,TERRACERIA,Bueno,Regular,1,FORD,BLANCO,1,,54,MASCULINO,SIN DATOS,0,0,Morelia,Sin datos,junio,lunes,19,-101.40350818634,19.7917816962631
255,255,2016,,2016/06/13,21:25:00,COLISIÓN POR CORTE DE CIRCULACIÓN,ASFALTO,Bueno,Bueno,2,CHEVROLET,GRIS,2,,33,MASCULINO,SIN DATOS,0,0,Morelia,Centro,junio,lunes,21,-101.177752017975,19.7019809008599
256,256,2016,,2016/06/13,21:40:00,COLISIÓN POR CORTE DE CIRCULACIÓN,ASFALTO,Bueno,Bueno,2,V.W.,BLANCO Y NARANJA,2,,52,MASCULINO,SIN DATOS,0,0,Morelia,Real Santa Rita,junio,lunes,22,-101.220291852951,19.6750399121653
257,257,2016,,2016/06/13,21:50:00,COLISIÓN POR ALCANCE,CONCRETO,Bueno,Bueno,2,DODGE,ROJO,2,,14,MASCULINO,SIN DATOS,0,0,Morelia,12 de Diciembre,junio,lunes,22,-101.152727007866,19.7016475754959
258,258,2016,,2016/06/13,22:10:00,COLISIÓN POR CORTE DE CIRCULACIÓN,ASFALTO,Bueno,Bueno,2,DODGE,BLANCO Y ROJO,2,,45,MASCULINO,SIN DATOS,0,0,Morelia,Articulo Constitucional,junio,lunes,22,-101.172886490822,19.7155759435161
259,259,2016,,2016/06/14,"02:10:00",SUBIDA AL CAMELLÓN,ASFALTO,Bueno,Regular,1,V.W.,VERDE,0,,,,,0,0,Morelia,Ricardo Flores Magon,junio,martes,2,-101.242876052856,19.7056625848209
260,260,2016,,2016/06/14,"03:30:00",SUBIDA AL CAMELLÓN,CONCRETO,Lluvioso,Regular,1,NISSAN,BLANCO/ROJO,1,,47,MASCULINO,SIN DATOS,0,0,Morelia,Reforma,junio,martes,4,-101.241846084595,19.7056676350837
261,261,2016,,2016/06/14,"06:40:00",COLISIÓN POR CORTE DE CIRCULACIÓN,ASFALTO,Nublado,Bueno,2,CHEVROLET,AZUL,2,,36,MASCULINO,SIN DATOS,0,0,Morelia,Residencial Alborada,junio,martes,7,-101.234614849091,19.7025162401428
262,262,2016,,2016/06/14,"08:20:00",COLISIÓN POR CORTE DE CIRCULACIÓN,ASFALTO,Bueno,Bueno,2,FORD,NEGRO,2,,58,MASCULINO,SIN DATOS,0,0,Morelia,Jardines de Sindurio,junio,martes,8,-101.256128847599,19.697498626683
263,263,2016,,2016/06/14,"08:30:00",COLISIÓN POR CORTE DE CIRCULACIÓN,ASFALTO,Bueno,Regular,2,V.W.,PLATA,2,,52,FEMENINO,SIN DATOS,0,0,Morelia,Prados Verdes,junio,martes,9,-101.201323270798,19.7153789953532
264,264,2016,,2016/06/14,"08:35:00",COLISIÓN POR CORTE DE CIRCULACIÓN,ASFALTO,Bueno,Regular,1,NISSAN,BLANCO,1,,30,MASCULINO,SIN DATOS,0,0,Morelia,Jardines de Sindurio,junio,martes,9,-101.256120800972,19.6974708488178
265,265,2016,,2016/06/14,"09:20:00",COLISIÓN CONTRA OBJETO FIJO,ASFALTO,Bueno,Bueno,2,CHEVROLET,BLANCO,2,,35,FEMENINO,SIN DATOS,0,0,Morelia,Centro,junio,martes,9,-101.202363967896,19.7027573947535
266,266,2016,,2016/06/14,10:20:00,COLISIÓN POR CORTE DE CIRCULACIÓN,ASFALTO,Bueno,Bueno,2,NISSAN,BLANCO,2,,27,FEMENINO,SIN DATOS,0,0,Morelia,Lomas de Santiaguito,junio,martes,10,-101.178666651249,19.7216054698518
267,267,2016,,2016/06/14,12:10:00,COLISIÓN POR CORTE DE CIRCULACIÓN,ASFALTO,Bueno,Bueno,3,FORD,GRIS,4,,27,FEMENINO,SIN DATOS,1,0,Morelia,Centro,junio,martes,12,-101.182236671448,19.7030187503871
268,268,2016,,2016/06/14,13:00:00,COLISIÓN POR CORTE DE CIRCULACIÓN,CONCRETO,Bueno,Bueno,2,TOYOTA,NEGRO,3,,18,MASCULINO,SIN DATOS,1,0,Morelia,Lomas de Guayangareo,junio,martes,13,-101.16066634655,19.7015516180654
269,269,2016,,2016/06/14,15:06:00,COLISIÓN CON PEATÓN,CONCRETO,Bueno,Bueno,1,NISSAN,CAFE,2,,42,MASCULINO,SIN DATOS,1,0,Morelia,Guadalupe,junio,martes,15,-101.221077740192,19.7077912564374
270,270,2016,,2016/06/14,17:25:00,COLISIÓN POR CORTE DE CIRCULACIÓN,CONCRETO,Bueno,Bueno,2,NISSAN,BLANCO,2,,,MASCULINO,SIN DATOS,0,0,Morelia,Lomas de Vista Bella,junio,martes,17,-101.196452379227,19.6710847511643
271,271,2016,,2016/06/14,22:30:00,COLISIÓN POR CORTE DE CIRCULACIÓN,ASFALTO,Lluvioso,Regular,3,FORD,BLANCO,3,,33,MASCULINO,SIN DATOS,0,0,Morelia,Indeco El Vivero,junio,martes,23,-101.2297976017,19.6771109026121
272,272,2016,,2016/06/15,"06:25:00",COLISIÓN POR CORTE DE CIRCULACIÓN,ASFALTO,Lluvioso,Bueno,1,NISSAN,BLANCO,1,,39,MASCULINO,SIN DATOS,0,0,Morelia,Enrique Arreguin Robles,junio,miércoles,6,-101.179597377777,19.7205349172923
273,273,2016,,2016/06/15,"08:08:00",SALIDA DE SUPERFICIE DE RODAMIENTO,ASFALTO,Bueno,Bueno,1,TOYOTA,BLANCO,1,,,MASCULINO,SIN DATOS,0,0,Morelia,Nueva Valladolid,junio,miércoles,8,-101.208323836327,19.7003496201137
274,274,2016,,2016/06/15,"08:30:00",COLISIÓN POR CORTE DE CIRCULACIÓN,ASFALTO,Bueno,Bueno,4,NISSAN,VERDE ORO,4,,48,MASCULINO,SIN DATOS,0,0,Morelia,Alberto Oviedo Mota,junio,miércoles,9,-101.202170848846,19.6772321304919
275,275,2016,,2016/06/15,10:30:00,COLISIÓN POR CORTE DE CIRCULACIÓN,CONCRETO,Bueno,Bueno,2,VOLVO,BLANCO,2,,24,MASCULINO,SIN DATOS,0,0,Morelia,Morelos,junio,miércoles,11,-101.182188391685,19.7229890979144
276,276,2016,,2016/06/15,11:35:00,VOLCADURA,ASFALTO,Bueno,Bueno,1,FORD,AZUL,1,,,,SIN DATOS,0,0,Morelia,El Realito,junio,miércoles,12,-101.202943325043,19.7254230422973
277,277,2016,,2016/06/15,11:55:00,COLISIÓN POR CORTE DE CIRCULACIÓN,ASFALTO,Bueno,Bueno,1,FORD,PLATA,1,,,MASCULINO,SIN DATOS,0,0,Morelia,San Pascual,junio,miércoles,12,-101.266779899597,19.6954152734146
278,278,2016,,2016/06/15,13:15:00,COLISIÓN POR CORTE DE CIRCULACIÓN,ASFALTO,Bueno,Bueno,1,CHEVROLET,ROJO,1,,41,MASCULINO,SIN DATOS,0,0,Morelia,Alberto Oviedo Mota,junio,miércoles,13,-101.198882460594,19.681262905263
279,279,2016,,2016/06/15,17:20:00,COLISIÓN POR CORTE DE CIRCULACIÓN,ASFALTO,Bueno,Bueno,2,KENWORTH,BLANCO,2,,18,MASCULINO,SIN DATOS,0,0,Morelia,Enrique Arreguin Robles,junio,miércoles,17,-101.178846359253,19.7203430250379
280,280,2016,,2016/06/15,17:40:00,COLISIÓN POR CORTE DE CIRCULACIÓN,SIN_DATOS,Bueno,Bueno,2,NISSAN,NEGRO,1,,50,MASCULINO,SIN DATOS,0,0,Morelia,Centro,junio,miércoles,18,-101.192461252213,19.7010566788259
281,281,2016,,2016/06/15,17:50:00,SALIDA DE SUPERFICIE DE RODAMIENTO,ASFALTO,Nublado,Regular,1,V.W.,ROJO,1,,46,MASCULINO,SIN DATOS,0,0,Morelia,San Isidro Itzicuaro Norte,junio,miércoles,18,-101.274515390396,19.6997688195487
282,282,2016,,2016/06/15,20:20:00,COLISIÓN POR CORTE DE CIRCULACIÓN,CONCRETO,Bueno,Bueno,2,NISSAN,BLANCO/ROJO,4,,28,MASCULINO,SIN DATOS,2,0,Morelia,Guadalupe,junio,miércoles,20,-101.221107244492,19.7079099359904
283,283,2016,,2016/06/15,21:00:00,COLISIÓN POR CORTE DE CIRCULACIÓN,ASFALTO,Lluvioso,Bueno,2,ITALIKA,NEGRO,2,,21,MASCULINO,SIN DATOS,0,0,Morelia,La Esperanza,junio,miércoles,21,-101.254291534424,19.697768829302
284,284,2016,,2016/06/15,21:15:00,COLISIÓN POR CORTE DE CIRCULACIÓN,ASFALTO,Bueno,Bueno,2,SUZUKI,NEGRO,2,,34,MASCULINO,SIN DATOS,0,0,Morelia,Las Americas,junio,miércoles,21,-101.151015758514,19.6899706488476
285,285,2016,,2016/06/15,21:50:00,COLISIÓN POR CORTE DE CIRCULACIÓN,ASFALTO,Lluvioso,Regular,2,NISSAN,ROJO,2,,39,MASCULINO,SIN DATOS,0,0,Morelia,Villas de La Esperanza,junio,miércoles,22,-101.273249387741,19.6935970520386
286,286,2016,,2016/06/16,"03:00:00",CAIDA DE MOTOCICLETA,ASFALTO,Bueno,Regular,1,ITALIKA,NARANJA,1,,25,MASCULINO,SIN DATOS,0,0,Morelia,Nicolas Bravo(Los Ejidos),junio,jueves,3,-101.219461709261,19.7052970716315
287,287,2016,,2016/06/16,"07:15:00",COLISIÓN POR CORTE DE CIRCULACIÓN,ASFALTO,Bueno,Bueno,2,CHEVROLET,BLANCO,2,,43,MASCULINO,SIN DATOS,0,0,Morelia,Ana Maria Gallaga (Riviera Norte),junio,jueves,7,-101.224122047424,19.6767169113694
288,288,2016,,2016/06/16,"07:40:00",COLISIÓN POR CORTE DE CIRCULACIÓN,ASFALTO,Bueno,Bueno,2,CHEVROLET,AMARI,2,,69,MASCULINO,SIN DATOS,0,0,Morelia,Centro,junio,jueves,8,-101.200127005577,19.6984001420542
289,289,2016,,2016/06/16,"08:00:00",COLISIÓN POR CORTE DE CIRCULACIÓN,ASFALTO,Bueno,Bueno,3,RENAULT,GRIS,2,,23,FEMENINO,SIN DATOS,0,0,Morelia,Los Angeles,junio,jueves,8,-101.176196336746,19.7422626997243
290,290,2016,,2016/06/16,"09:20:00",SALIDA DE SUPERFICIE DE RODAMIENTO,ASFALTO,Bueno,Bueno,1,CHEVROLET,NEGRO,1,,30,MASCULINO,SIN DATOS,0,0,Morelia,Sin datos,junio,jueves,9,-101.114602088928,19.7370367891479
291,291,2016,,2016/06/16,"09:20:00",COLISIÓN POR CORTE DE CIRCULACIÓN,ASFALTO,Bueno,Bueno,2,MAN,BLANCO,2,,30,MASCULINO,SIN DATOS,0,0,Morelia,Sin datos,junio,jueves,9,-101.091856956482,19.7250544182479
292,292,2016,,2016/06/16,10:15:00,COLISIÓN POR CORTE DE CIRCULACIÓN,ASFALTO,Bueno,Bueno,2,FREIGHTLINET,BLANCO/VERDE,2,,37,MASCULINO,SIN DATOS,0,0,Morelia,Lomas de Santiaguito,junio,jueves,10,-101.179490089416,19.720903551766
293,293,2016,,2016/06/16,10:20:00,COLISIÓN POR CORTE DE CIRCULACIÓN,ASFALTO,Bueno,Bueno,2,TOYOTA,BLANCO,2,,45,FEMENINO,SIN DATOS,0,0,Morelia,Josefa Ortiz de Dominguez,junio,jueves,10,-101.209710538387,19.6722440326044
294,294,2016,,2016/06/16,10:30:00,COLISIÓN POR CORTE DE CIRCULACIÓN,ASFALTO,Bueno,Bueno,2,GMC,PLATA,2,,64,MASCULINO,SIN DATOS,0,0,Morelia,Indeco Santiaguito,junio,jueves,11,-101.17790222168,19.7197370479855
295,295,2016,,2016/06/16,13:20:00,COLISIÓN POR ALCANCE,CONCRETO,Bueno,Bueno,2,KIA,GRIS,2,,18,FEMENINO,SIN DATOS,0,0,Morelia,Camelinas,junio,jueves,13,-101.174275875092,19.6817377016293
296,296,2016,,2016/06/16,15:00:00,COLISIÓN CONTRA OBJETO FIJO,ASFALTO,Bueno,Bueno,1,NISSAN,GRIS,1,,36,FEMENINO,SIN DATOS,0,0,Morelia,Ventura Puente,junio,jueves,15,-101.183947920799,19.6916121367911
297,297,2016,,2016/06/16,15:20:00,COLISIÓN CON PEATÓN,CONCRETO,Bueno,Bueno,1,CHEVROLET,GRIS,2,,36,MASCULINO,SIN DATOS,1,0,Morelia,Campestre Los Manantiales,junio,jueves,15,-101.237522363663,19.6889402908952
298,298,2016,,2016/06/16,15:20:00,COLISIÓN POR CORTE DE CIRCULACIÓN,ASFALTO,Bueno,Bueno,4,FORD,CAFE,4,,38,MASCULINO,SIN DATOS,0,0,Morelia,Tlalpujahua,junio,jueves,15,-101.218800544739,19.6767977301648
299,299,2016,,2016/06/16,19:40:00,COLISIÓN POR ALCANCE,ASFALTO,Bueno,Regular,1,V.W.,BLANCO,1,,30,FEMENINO,SIN DATOS,0,0,Morelia,Los Manantiales de Morelia,junio,jueves,20,-101.242446899414,19.6983950915621
300,300,2016,,2016/06/16,21:45:00,COLISIÓN POR ALCANCE,ASFALTO,Bueno,Bueno,1,FORD,AZUL,0,,,,,0,0,Morelia,Granjas Unidas de Morelia,junio,jueves,22,-101.277248561382,19.6920805891096
301,301,2016,,2016/06/17,"09:30:00",COLISIÓN POR CORTE DE CIRCULACIÓN,CONCRETO,Bueno,Bueno,2,V.W.,GRIS,5,,36,MASCULINO,SIN DATOS,3,0,Morelia,Infonavit  Las  Camelinas,junio,viernes,10,-101.17476940155,19.6819801502948
302,302,2016,,2016/06/17,12:35:00,COLISIÓN POR ALCANCE,ASFALTO,Bueno,Bueno,2,NISSAN,BLANCO Y AZUL,2,,32,MASCULINO,SIN DATOS,0,0,Morelia,Ignacio Zaragoza,junio,viernes,13,-101.207588240504,19.7256761552361
303,303,2016,,2016/06/17,13:20:00,COLISIÓN POR CORTE DE CIRCULACIÓN,CONCRETO,Bueno,Bueno,1,DODGE,BLANCO,1,,,MASCULINO,SIN DATOS,0,0,Morelia,Rincon del Punhuato,junio,viernes,13,-101.142349541187,19.6971387766924
304,304,2016,,2016/06/17,13:50:00,SALIDA DE SUPERFICIE DE RODAMIENTO,CONCRETO,Bueno,Bueno,2,NISSAN,BLANCO,2,,41,MASCULINO,SIN DATOS,0,0,Morelia,Gertrudis Bocanegra,junio,viernes,14,-101.212770938873,19.7021122106611
305,305,2016,,2016/06/17,15:20:00,COLISIÓN POR CORTE DE CIRCULACIÓN,ASFALTO,Bueno,Regular,2,NISSAN,BLANCO Y NARANJA,2,,22,MASCULINO,SIN DATOS,0,0,Morelia,Centro,junio,viernes,15,-101.186517477036,19.700890015268