fid,id_accidente,anio_origen,folio_c5i,dia_incidente,hora_ocurrencia,tipo_incidente_vial,superficie_ocurrencia,condiciones_climaticas,condiciones_via,numero_vehiculos_involucrados,marca_vehiculo_ocasiona_siniestro,color_vehiculo_ocasiona_siniestro,numero_personas_involucradas,lugar_remite_presunto_responsable,edad_presunto_responsable,sexo_presunto_responsable,resultados_toxicologia,numero_personas_lesionadas,numero_personas_fallecidas,municipio,colonia,mes,dia_semana,hora_redondeada,lon,lat
306,306,2016,,2016/06/17,16:55:00,COLISIÓN POR ALCANCE,ASFALTO,Bueno,Bueno,2,NISSAN,BLANCO Y ROJO,2,,23,MASCULINO,SIN DATOS,0,0,Morelia,Cuauhtemoc,junio,viernes,17,-101.182934045792,19.6944253554489
307,307,2016,,2016/06/17,18:10:00,COLISIÓN POR CORTE DE CIRCULACIÓN,CONCRETO,Bueno,Bueno,2,FORD,VERDE,3,,23,MASCULINO,SIN DATOS,1,0,Morelia,Jacarandas,junio,viernes,18,-101.210048496723,19.7078922603179
308,308,2016,,2016/06/17,19:45:00,COLISIÓN POR CORTE DE CIRCULACIÓN,ASFALTO,Bueno,Bueno,2,ITALIKA,AMARILLO,3,MINISTERIO PÚBLICO,23,FEMENINO,SIN DATOS,0,1,Morelia,El Realito,junio,viernes,20,-101.204080581665,19.7255240350391
309,309,2016,,2016/06/17,20:35:00,COLISIÓN POR CORTE DE CIRCULACIÓN,ASFALTO,Bueno,Regular,2,CHRYSLERT,GRANITO,2,,32,FEMENINO,SIN DATOS,0,0,Morelia,Gertrudis Bocanegra,junio,viernes,21,-101.209745407104,19.7021778655213
310,310,2016,,2016/06/17,21:50:00,COLISIÓN POR CORTE DE CIRCULACIÓN,CONCRETO,Nublado,Bueno,2,TOYOTA,PLATA,2,,19,MASCULINO,SIN DATOS,0,0,Morelia,Club de Golf Tres Marias,junio,viernes,22,-101.112499237061,19.7046979817136
311,311,2016,,2016/06/17,22:30:00,COLISIÓN CONTRA OBJETO FIJO,CONCRETO,Nublado,Regular,2,NISSAN,GRIS,2,,34,FEMENINO,SIN DATOS,0,0,Morelia,Loma de Los Piñones,junio,viernes,23,-101.20352268219,19.6752015514071
312,312,2016,,2016/06/18,"00:15:00",COLISIÓN POR CORTE DE CIRCULACIÓN,ASFALTO,Lluvioso,Regular,2,V.W,BLANCO,2,,28,MASCULINO,SIN DATOS,0,0,Morelia,Loma Dorada,junio,sábado,0,-101.254345178604,19.6977486272528
313,313,2016,,2016/06/18,"00:40:00",COLISIÓN POR ALCANCE,ASFALTO,Bueno,Bueno,2,FORD,BLANCO,2,,28,MASCULINO,SIN DATOS,0,0,Morelia,Libertad,junio,sábado,1,-101.236953735352,19.6850208294779
314,314,2016,,2016/06/18,"01:30:00",COLISIÓN POR CORTE DE CIRCULACIÓN,ASFALTO,Lluvioso,Bueno,2,V.W.,ROJO,2,,23,MASCULINO,SIN DATOS,0,0,Morelia,Union Popular Solidaria,junio,sábado,2,-101.220281124115,19.7056676350837
315,315,2016,,2016/06/18,"02:20:00",COLISIÓN POR ALCANCE,ASFALTO,Bueno,Bueno,2,V.W,PLATINO,2,,28,MASCULINO,CON CERTIFICADO,0,0,Morelia,Loma de Los Piñones,junio,sábado,2,-101.205040812492,19.6740902783268
316,316,2016,,2016/06/18,"04:25:00",VOLCADURA,ASFALTO,Bueno,Bueno,1,V.W.,ROJO,2,,31,FEMENINO,SIN DATOS,1,0,Morelia,El Realito,junio,sábado,4,-101.203994750977,19.7258068143767
317,317,2016,,2016/06/18,"05:30:00",SALIDA DE SUPERFICIE DE RODAMIENTO,CONCRETO,Nublado,Bueno,1,NISSAN,NEGRO,1,,24,MASCULINO,SIN DATOS,0,0,Morelia,Felix Ireta,junio,sábado,6,-101.195669174194,19.6817680077325
318,318,2016,,2016/06/18,"07:10:00",COLISIÓN POR ALCANCE,ASFALTO,Bueno,Bueno,2,V.W,ROJO,2,,26,FEMENINO,SIN DATOS,0,0,Morelia,Libertad,junio,sábado,7,-101.236910820007,19.6849299129974
319,319,2016,,2016/06/18,"08:30:00",COLISIÓN POR ALCANCE,ASFALTO,Bueno,Bueno,2,CHEVROLET,ROJO,2,,38,MASCULINO,SIN DATOS,0,0,Morelia,Union Popular Solidaria,junio,sábado,9,-101.217341423035,19.7043747626175
320,320,2016,,2016/06/18,"09:50:00",COLISIÓN POR CORTE DE CIRCULACIÓN,ASFALTO,Bueno,Bueno,2,V.W,BLANCO,2,,,MASCULINO,SIN DATOS,0,0,Morelia,Chapultepec Norte,junio,sábado,10,-101.178621053696,19.6966274095244
321,321,2016,,2016/06/18,11:00:00,COLISIÓN POR CORTE DE CIRCULACIÓN,ASFALTO,Bueno,Bueno,2,V.W.,GRIS,2,MINISTERIO PÚBLICO,24,MASCULINO,SIN DATOS,0,0,Morelia,Felix Ireta,junio,sábado,11,-101.184308677912,19.6813411962501
322,322,2016,,2016/06/18,11:10:00,COLISIÓN CONTRA OBJETO FIJO,ASFALTO,Bueno,Bueno,1,MITSUBISHI,NEGRO,0,,,,,0,0,Morelia,Villas del Pedregal,junio,sábado,11,-101.30538225174,19.6741508934208
323,323,2016,,2016/06/18,13:00:00,COLISIÓN POR ALCANCE,ASFALTO,Bueno,Bueno,2,TOYOTA,ARENA,2,,63,MASCULINO,SIN DATOS,0,0,Morelia,Asociacion Zirahuen,junio,sábado,13,-101.247514933348,19.6992814504914
324,324,2016,,2016/06/18,14:30:00,COLISIÓN POR CORTE DE CIRCULACIÓN,ASFALTO,Bueno,Bueno,2,DINA,BLANCO,2,,29,MASCULINO,SIN DATOS,0,0,Morelia,Ventura Puente,junio,sábado,15,-101.179640293121,19.6913848548489
325,325,2016,,2016/06/18,15:15:00,COLISIÓN POR CORTE DE CIRCULACIÓN,CONCRETO,Bueno,Bueno,2,TOYOTA,BLANCO Y ROSA,2,,,MASCULINO,SIN DATOS,0,0,Morelia,Felix Ireta,junio,sábado,15,-101.195411682129,19.6860916196984
326,326,2016,,2016/06/18,15:50:00,COLISIÓN POR CORTE DE CIRCULACIÓN,ASFALTO,Bueno,Regular,0,,,0,,,,,0,0,Morelia,La Esperanza,junio,sábado,16,-101.254036724567,19.6977940818599
327,327,2016,,2016/06/18,17:00:00,SALIDA DE SUPERFICIE DE RODAMIENTO,CONCRETO,Bueno,Bueno,1,MAZDA,ROJO,1,,27,MASCULINO,SIN DATOS,0,0,Morelia,Valle Verde,junio,sábado,17,-101.192364692688,19.7310381418528
328,328,2016,,2016/06/18,18:05:00,COLISIÓN POR CORTE DE CIRCULACIÓN,ASFALTO,Bueno,Bueno,2,honda,CHAMPAGNE,2,,32,MASCULINO,SIN DATOS,0,0,Morelia,Lomas de Guayangareo,junio,sábado,18,-101.159963607788,19.7031677355331
329,329,2016,,2016/06/18,20:45:00,COLISIÓN POR CORTE DE CIRCULACIÓN,ASFALTO,Bueno,Bueno,3,DODGE,ROJO,3,,42,MASCULINO,SIN DATOS,0,0,Morelia,Canteras de Morelia,junio,sábado,21,-101.171679496765,19.7151214473895
330,330,2016,,2016/06/18,21:05:00,VOLCADURA,SIN_DATOS,Bueno,Bueno,1,FORD,ROJO,1,,,,SIN DATOS,0,0,Morelia,El Lago 2,junio,sábado,21,-101.210775375366,19.7226356174318
331,331,2016,,2016/06/18,21:25:00,COLISIÓN CON PEATÓN,CONCRETO,Bueno,Bueno,1,V.W.,GRIS,2,MINISTERIO PÚBLICO,39,MASCULINO,SIN DATOS,1,0,Morelia,Villas del Pedregal,junio,sábado,21,-101.312036812305,19.6764466732261
332,332,2016,,2016/06/18,21:55:00,COLISIÓN CONTRA OBJETO FIJO,ASFALTO,Bueno,Bueno,1,V.W.,GRIS,1,,46,MASCULINO,SIN DATOS,0,0,Morelia,Enrique Arreguin Robles,junio,sábado,22,-101.186420917511,19.7207520582496
333,333,2016,,2016/06/19,"00:00:00",COLISIÓN POR CORTE DE CIRCULACIÓN,ASFALTO,Lluvioso,Regular,2,BMW,BLANCO,2,,42,MASCULINO,SIN DATOS,0,0,Morelia,Centro,junio,domingo,0,-101.192418336868,19.7036424669373
334,334,2016,,2016/06/19,"01:00:00",COLISIÓN POR CORTE DE CIRCULACIÓN,ASFALTO,Bueno,Bueno,3,NISSAN,AZUL,3,,48,MASCULINO,CON CERTIFICADO,0,0,Morelia,Isaac Arriaga,junio,domingo,1,-101.170402765274,19.708510907694
335,335,2016,,2016/06/19,"02:45:00",COLISIÓN POR ALCANCE,ASFALTO,Bueno,Bueno,2,DODGE,NEGRO,2,MINISTERIO PÚBLICO,49,MASCULINO,SIN DATOS,0,0,Morelia,Canteras de Morelia,junio,domingo,3,-101.171679496765,19.7150204480749
336,336,2016,,2016/06/19,"04:45:00",COLISIÓN POR CORTE DE CIRCULACIÓN,ASFALTO,Bueno,Bueno,2,PORCHE,GRIS,2,,43,MASCULINO,SIN DATOS,0,0,Morelia,Felicitas del Rio,junio,domingo,5,-101.200271844864,19.6934657352507
337,337,2016,,2016/06/19,10:00:00,COLISIÓN POR CORTE DE CIRCULACIÓN,ASFALTO,Bueno,Bueno,2,CHEVROLET,BLANCO,2,,34,MASCULINO,SIN DATOS,0,0,Morelia,Sentimientos de La Nacion,junio,domingo,10,-101.236674785614,19.6842530886866
338,338,2016,,2016/06/19,17:00:00,COLISIÓN POR ALCANCE,ASFALTO,Lluvioso,Malo,2,TOYOTA,BLANCO,2,,35,MASCULINO,SIN DATOS,0,0,Morelia,Campestre Los Manantiales,junio,domingo,17,-101.238198280334,19.6880614509315
339,339,2016,,2016/06/19,20:10:00,COLISIÓN POR CORTE DE CIRCULACIÓN,CONCRETO,Bueno,Bueno,2,FORD,VERDE,3,,26,MASCULINO,SIN DATOS,1,0,Morelia,Prados Verdes,junio,domingo,20,-101.197385787964,19.7135812009085
340,340,2016,,2016/06/19,21:15:00,SUBIDA AL CAMELLÓN,ASFALTO,Nublado,Regular,1,NISSAN,BLANCO Y ROJO,1,,45,MASCULINO,SIN DATOS,0,0,Morelia,Los Manantiales de Morelia,junio,domingo,21,-101.242977976799,19.7001829558194
341,341,2016,,2016/06/19,22:20:00,COLISIÓN POR ALCANCE,ASFALTO,Nublado,Bueno,2,NISSAN,AZUL,2,,35,MASCULINO,SIN DATOS,0,0,Morelia,El Lago 1,junio,domingo,22,-101.216418743134,19.7273822900967
342,342,2016,,2016/06/19,23:00:00,COLISIÓN POR ALCANCE,ASFALTO,Nublado,Regular,2,FORD,BLANCO,2,,21,MASCULINO,SIN DATOS,0,0,Morelia,Cuauhtemoc,junio,domingo,23,-101.181812882423,19.6949960742071
343,343,2016,,2016/06/19,23:55:00,COLISIÓN POR CORTE DE CIRCULACIÓN,ASFALTO,Bueno,Bueno,2,GMC,NEGRO,5,,27,MASCULINO,SIN DATOS,3,0,Morelia,Villas de La Esperanza,junio,domingo,0,-101.271747350693,19.6938407454077
344,344,2016,,2016/06/20,"01:20:00",CAIDA DE MOTOCICLETA,CONCRETO,Bueno,Bueno,1,VENTO,ROJO Y NEGRO,2,,23,MASCULINO,SIN DATOS,1,0,Morelia,Ejidal Tres Puentes,junio,lunes,1,-101.226755976677,19.6931020881989
345,345,2016,,2016/06/20,"08:30:00",COLISIÓN POR ALCANCE,ASFALTO,Bueno,Bueno,1,NISSAN,BLANCO,1,,36,FEMENINO,SIN DATOS,0,0,Morelia,Rafael Carrillo,junio,lunes,9,-101.235086917877,19.7098895989523
346,346,2016,,2016/06/20,"08:30:00",SUBIDA AL CAMELLÓN,ASFALTO,Bueno,Bueno,1,NISSAN,BLANCO,1,,39,FEMENINO,SIN DATOS,0,0,Morelia,Sin datos,junio,lunes,9,-101.315166950226,19.6871219959812
347,347,2016,,2016/06/20,"08:40:00",COLISIÓN POR CORTE DE CIRCULACIÓN,ASFALTO,Bueno,Bueno,2,NISSAN,BLANCO,2,,,MASCULINO,SIN DATOS,0,0,Morelia,El Lago 1,junio,lunes,9,-101.219573020935,19.7278266522348
348,348,2016,,2016/06/20,"09:30:00",COLISIÓN POR ALCANCE,ASFALTO,Bueno,Bueno,2,DODGE,BLANCO,2,,29,MASCULINO,SIN DATOS,0,0,Morelia,Villas de La Esperanza,junio,lunes,10,-101.270062923431,19.6944960640781
349,349,2016,,2016/06/20,10:00:00,COLISIÓN POR CORTE DE CIRCULACIÓN,ASFALTO,Bueno,Bueno,2,NISSAN,BLANCO,2,,39,MASCULINO,SIN DATOS,0,0,Morelia,Ventura Puente,junio,lunes,10,-101.183803081512,19.6931576454408
350,350,2016,,2016/06/20,10:20:00,COLISIÓN CONTRA OBJETO FIJO,ASFALTO,Bueno,Bueno,1,CHEVROLET,BLANCO,1,,26,MASCULINO,SIN DATOS,0,0,Morelia,Centro,junio,lunes,10,-101.191531866789,19.7017157557405
351,351,2016,,2016/06/20,11:30:00,COLISIÓN POR CORTE DE CIRCULACIÓN,ASFALTO,Bueno,Bueno,2,TOYOTA,BLANCO Y ROJO,2,,64,MASCULINO,SIN DATOS,0,0,Morelia,Fovissste Acueducto,junio,lunes,12,-101.156873703003,19.697491050902
352,352,2016,,2016/06/20,11:30:00,COLISIÓN POR CORTE DE CIRCULACIÓN,SIN_DATOS,Bueno,Bueno,2,TOYOTA,BLANCO,2,,28,FEMENINO,SIN DATOS,0,0,Morelia,Los Pinos de Michoacan,junio,lunes,12,-101.216300725937,19.683202490061
353,353,2016,,2016/06/20,11:30:00,COLISIÓN POR CORTE DE CIRCULACIÓN,ASFALTO,Bueno,Bueno,2,VOLKSWAGEN,ROJO,2,,24,FEMENINO,SIN DATOS,0,0,Morelia,Martires de Uruapan,junio,lunes,12,-101.196999549866,19.7247362899601
354,354,2016,,2016/06/20,15:10:00,COLISIÓN POR CORTE DE CIRCULACIÓN,CONCRETO,Bueno,Bueno,2,VENTO,AZUL,2,,20,MASCULINO,SIN DATOS,0,0,Morelia,Vasco de Quiroga,junio,lunes,15,-101.175091266632,19.6983142836663
355,355,2016,,2016/06/20,16:00:00,COLISIÓN POR ALCANCE,ASFALTO,Bueno,Bueno,2,MERDES BENZ,"BLANCO, ROSA Y AZUL",2,,33,MASCULINO,SIN DATOS,0,0,Morelia,Felix Ireta,junio,lunes,16,-101.180501282215,19.686757071806
356,356,2016,,2016/06/20,16:10:00,VOLCADURA,ASFALTO,Bueno,Bueno,1,FORD,BLANCO,1,,38,MASCULINO,SIN DATOS,0,0,Morelia,Alberto Oviedo Mota,junio,lunes,16,-101.198887825012,19.681404334115
357,357,2016,,2016/06/20,16:40:00,COLISIÓN POR ALCANCE,ASFALTO,Bueno,Bueno,2,NISSAN,BLANCO Y ROJO,2,,,MASCULINO,SIN DATOS,0,0,Morelia,Lomas de Guayangareo,junio,lunes,17,-101.160902380943,19.7049201944634
358,358,2016,,2016/06/20,18:45:00,COLISIÓN POR CORTE DE CIRCULACIÓN,ASFALTO,Bueno,Bueno,2,HONDA,AZUL,2,,32,MASCULINO,SIN DATOS,0,0,Morelia,Eduardo Ruiz,junio,lunes,19,-101.224036216736,19.7248574817635
359,359,2016,,2016/06/20,20:20:00,COLISIÓN POR CORTE DE CIRCULACIÓN,ASFALTO,Bueno,Bueno,1,NISSAN,ROJO,1,,59,MASCULINO,CON CERTIFICADO,0,0,Morelia,Felix Ireta,junio,lunes,20,-101.193823814392,19.6822933126113
360,360,2016,,2016/06/20,22:30:00,COLISIÓN CON PEATÓN,ASFALTO,Bueno,Bueno,2,FORD,VERDE,2,,37,MASCULINO,SIN DATOS,0,0,Morelia,Jardines de Guadalupe,junio,lunes,23,-101.226696968079,19.7106673169833
361,361,2016,,2016/06/20,22:30:00,COLISIÓN POR CORTE DE CIRCULACIÓN,ASFALTO,Bueno,Bueno,2,MAZDA,ROJO,2,,,,SIN DATOS,0,0,Morelia,Del Empleado,junio,lunes,23,-101.177816390991,19.6887635131291
362,362,2016,,2016/06/21,"02:50:00",VOLCADURA,CONCRETO,Nublado,Regular,1,CHEVROLET,AZUL,1,,19,MASCULINO,CON CERTIFICADO,0,0,Morelia,Industrial,junio,martes,3,-101.191120147705,19.7096471925592
363,363,2016,,2016/06/21,"04:15:00",SUBIDA AL CAMELLÓN,CONCRETO,Lluvioso,Bueno,1,MAZDA,PLATA,1,,60,MASCULINO,SIN DATOS,0,0,Morelia,Indeco Expropiacion Petrolera,junio,martes,4,-101.225688457489,19.6837202138027
364,364,2016,,2016/06/21,"08:30:00",COLISIÓN POR CORTE DE CIRCULACIÓN,ASFALTO,Nublado,Regular,2,MERDES BENZ,BLANCO Y NARANJA,2,,28,MASCULINO,SIN DATOS,0,0,Morelia,Centro,junio,martes,9,-101.196849346161,19.6974455962089
365,365,2016,,2016/06/21,"09:20:00",COLISIÓN POR CORTE DE CIRCULACIÓN,ASFALTO,Nublado,Bueno,4,FORD,AZUL,3,MINISTERIO PÚBLICO,22,MASCULINO,SIN DATOS,0,0,Morelia,Pascual Ortiz de Ayala,junio,martes,9,-101.150543689728,19.6948193031279
366,366,2016,,2016/06/21,"09:50:00",COLISIÓN POR CORTE DE CIRCULACIÓN,ASFALTO,Bueno,Bueno,2,CHEVROLET,BLANCO Y ROJO,2,,34,MASCULINO,CON CERTIFICADO,0,0,Morelia,Felix Ireta,junio,martes,10,-101.185278296471,19.6819178888528
367,367,2016,,2016/06/21,10:00:00,VOLCADURA,SIN_DATOS,Bueno,Bueno,1,NISSAN,ROJO,1,,42,MASCULINO,SIN DATOS,0,0,Morelia,Sin datos,junio,martes,10,-101.336560249329,19.6847783854151
368,368,2016,,2016/06/21,10:15:00,COLISIÓN POR ALCANCE,ASFALTO,Bueno,Bueno,3,FORD,NEGRO Y VERDE,3,,22,MASCULINO,SIN DATOS,0,0,Morelia,Rinconada del Valle,junio,martes,10,-101.218285560608,19.6792626838423
369,369,2016,,2016/06/21,11:40:00,VOLCADURA,ASFALTO,Nublado,Bueno,1,CHEVROLET,BLANCO,1,,41,MASCULINO,SIN DATOS,0,0,Morelia,Sin datos,junio,martes,12,-101.094496250153,19.7290385426935
370,370,2016,,2016/06/21,14:20:00,COLISIÓN CONTRA OBJETO FIJO,CONCRETO,Lluvioso,Regular,1,FORD,NEGRO,1,,61,MASCULINO,SIN DATOS,0,0,Morelia,Nicolas Romero,junio,martes,14,-101.150330454111,19.7063254304432
371,371,2016,,2016/06/21,15:00:00,COLISIÓN POR CORTE DE CIRCULACIÓN,CONCRETO,Bueno,Bueno,2,DODGE,BLANCO,1,,52,,SIN DATOS,0,0,Morelia,Balcones de Santa Maria,junio,martes,15,-101.185734272003,19.6754945221173
372,372,2016,,2016/06/21,15:35:00,COLISIÓN POR CORTE DE CIRCULACIÓN,ASFALTO,Lluvioso,Malo,2,KENWORTH,CREMA Y NARANJA,2,,36,MASCULINO,SIN DATOS,0,0,Morelia,Independencia,junio,martes,16,-101.177912950516,19.7193936599695
373,373,2016,,2016/06/21,16:20:00,COLISIÓN POR CORTE DE CIRCULACIÓN,CONCRETO,Bueno,Bueno,2,SIN DATOS,AZUL,0,,,,,0,0,Morelia,Jardines del Rincon,junio,martes,16,-101.147915124893,19.6883240932651
374,374,2016,,2016/06/21,17:10:00,COLISIÓN CONTRA OBJETO FIJO,ASFALTO,Bueno,Bueno,2,INTERNATIONAL,AMARILLO Y GUINDA,2,,33,MASCULINO,SIN DATOS,0,0,Morelia,Gertrudis Bocanegra,junio,martes,17,-101.208549141884,19.7070210997517
375,375,2016,,2016/06/21,17:25:00,COLISIÓN POR CORTE DE CIRCULACIÓN,ASFALTO,Nublado,Regular,2,MAZDA,NEGRO,2,,,MASCULINO,SIN DATOS,0,0,Morelia,Primo Tapia Oriente,junio,martes,17,-101.159593462944,19.713131749139
376,376,2016,,2016/06/21,18:30:00,COLISIÓN POR CORTE DE CIRCULACIÓN,ASFALTO,Lluvioso,Regular,3,CHEVROLET,BLANCO Y AZUL,3,,31,MASCULINO,SIN DATOS,0,0,Morelia,Cuauhtemoc,junio,martes,19,-101.185793280602,19.6952486039817
377,377,2016,,2016/06/21,18:50:00,COLISIÓN POR CORTE DE CIRCULACIÓN,ASFALTO,Lluvioso,Regular,2,NISSAN,BLANCO Y NARANJA,2,,24,MASCULINO,SIN DATOS,0,0,Morelia,Centro,junio,martes,19,-101.190876066685,19.7069554468791
378,378,2016,,2016/06/21,19:10:00,COLISIÓN POR ALCANCE,CONCRETO,Lluvioso,Bueno,2,INTERNATIONAL,BLANCO,2,,19,MASCULINO,SIN DATOS,0,0,Morelia,Alcaide Ignacio Perez,junio,martes,19,-101.219811066985,19.6950629946362
379,379,2016,,2016/06/21,19:20:00,COLISIÓN POR CORTE DE CIRCULACIÓN,ASFALTO,Bueno,Bueno,2,KENWORTH,BLANCO,2,,26,MASCULINO,SIN DATOS,0,0,Morelia,Ignacio Zaragoza,junio,martes,19,-101.205341219902,19.7254634394017
380,380,2016,,2016/06/22,"03:30:00",CAIDA DE MOTOCICLETA,ASFALTO,Bueno,Bueno,1,ITALIKA,ROSA,2,MINISTERIO PÚBLICO,52,MASCULINO,SIN DATOS,1,0,Morelia,Los Angeles,junio,miércoles,4,-101.17643237114,19.7417931321448
381,381,2016,,2016/06/22,"08:00:00",COLISIÓN POR CORTE DE CIRCULACIÓN,CONCRETO,Bueno,Bueno,2,DODGE,BLANCO,2,,26,MASCULINO,SIN DATOS,0,0,Morelia,Ciudad Jardin,junio,miércoles,8,-101.249254345894,19.7052737141109
382,382,2016,,2016/06/22,"08:00:00",COLISIÓN POR CORTE DE CIRCULACIÓN,ASFALTO,Bueno,Bueno,2,RENAULT,NEGRO,2,,44,FEMENINO,SIN DATOS,0,0,Morelia,Enrique Ramirez,junio,miércoles,8,-101.165971755981,19.710031002512
383,383,2016,,2016/06/22,"09:00:00",COLISIÓN POR ALCANCE,ASFALTO,Nublado,Bueno,3,NISSAN,BLANCO Y GUINDA,3,,35,MASCULINO,SIN DATOS,0,0,Morelia,Los Manantiales de Morelia,junio,miércoles,9,-101.241309642792,19.6954253745868
384,384,2016,,2016/06/22,"09:50:00",CAIDA DE MOTOCICLETA,ASFALTO,Bueno,Bueno,1,ITALIKA,NERO Y ROJO,2,,20,MASCULINO,SIN DATOS,1,0,Morelia,Tzindurio de Morelos,junio,miércoles,10,-101.244796514511,19.6998294249235
385,385,2016,,2016/06/22,12:00:00,COLISIÓN POR CORTE DE CIRCULACIÓN,CONCRETO,Bueno,Bueno,2,HONDA,NEGRO Y GRIS,3,,24,MASCULINO,SIN DATOS,1,0,Morelia,Centro,junio,miércoles,12,-101.198501586914,19.7032838933473
386,386,2016,,2016/06/22,12:50:00,COLISIÓN POR CORTE DE CIRCULACIÓN,ASFALTO,Bueno,Bueno,2,KENWORTH,BLANCO Y NARANJA,2,,64,MASCULINO,SIN DATOS,0,0,Morelia,Avicola Benito Juarez,junio,miércoles,13,-101.279525756836,19.6914858690853
387,387,2016,,2016/06/22,15:10:00,COLISIÓN CONTRA OBJETO FIJO,CONCRETO,Bueno,Bueno,1,FORD,BLANCO,1,,23,MASCULINO,SIN DATOS,0,0,Morelia,Santa Cecilia,junio,miércoles,15,-101.187574267387,19.6673669118564
388,388,2016,,2016/06/22,15:40:00,VOLCADURA,ASFALTO,Bueno,Bueno,1,V.W.,BLANCO,1,,21,MASCULINO,SIN DATOS,0,0,Morelia,Sin datos,junio,miércoles,16,-101.11704826355,19.7038495301937
389,389,2016,,2016/06/22,18:50:00,COLISIÓN POR CORTE DE CIRCULACIÓN,ASFALTO,Bueno,Bueno,2,V.W.,AMARILLO,2,,46,MASCULINO,SIN DATOS,0,0,Morelia,Chapultepec Sur,junio,miércoles,19,-101.165746450424,19.6891221192509
390,390,2016,,2016/06/22,20:00:00,COLISIÓN POR CORTE DE CIRCULACIÓN,ASFALTO,Lluvioso,Regular,2,DODGE,SINDATOS,2,,,MASCULINO,SIN DATOS,0,0,Morelia,Ventura Puente,junio,miércoles,20,-101.18803024292,19.6904504701411
391,391,2016,,2016/06/22,20:00:00,COLISIÓN POR CORTE DE CIRCULACIÓN,CONCRETO,Bueno,Bueno,2,NISSAN,NEGRO,2,,21,FEMENINO,SIN DATOS,0,0,Morelia,Jardines de Guadalupe,junio,miércoles,20,-101.225514113903,19.7108137699555
392,392,2016,,2016/06/22,20:10:00,VOLCADURA,CONCRETO,Bueno,Bueno,1,TOYOTA,GRIS,0,,,,,0,0,Morelia,Sin datos,junio,miércoles,20,-101.096878051758,19.7303716115806
394,394,2016,,2016/06/22,21:45:00,COLISIÓN POR CORTE DE CIRCULACIÓN,ASFALTO,Bueno,Bueno,2,FORD,BEIGE,2,,58,MASCULINO,SIN DATOS,0,0,Morelia,Felix Ireta,junio,miércoles,22,-101.195776462555,19.6827378000093
395,395,2016,,2016/06/22,22:15:00,COLISIÓN POR CORTE DE CIRCULACIÓN,CONCRETO,Bueno,Bueno,1,HONDA,ROJO,2,MINISTERIO PÚBLICO,,MASCULINO,SIN DATOS,0,1,Morelia,Martires de Uruapan,junio,miércoles,22,-101.197557449341,19.7249887727801
396,396,2016,,2016/06/23,"01:27:00",COLISIÓN CONTRA OBJETO FIJO,SIN_DATOS,Bueno,Bueno,2,V.W.,NERO Y ROJO,2,,52,MASCULINO,SIN DATOS,0,0,Morelia,Centro,junio,jueves,1,-101.200212836266,19.7021172610359
397,397,2016,,2016/06/23,"08:50:00",COLISIÓN POR ALCANCE,CONCRETO,Bueno,Malo,2,NISSAN,BLANCO Y NARANJA,2,,26,FEMENINO,SIN DATOS,0,0,Morelia,Industrial,junio,jueves,9,-101.188201904297,19.7118086365966
398,398,2016,,2016/06/23,14:50:00,COLISIÓN POR CORTE DE CIRCULACIÓN,CONCRETO,Bueno,Bueno,2,V.W.,ROJO,2,,26,MASCULINO,SIN DATOS,0,0,Morelia,Ilustres Novohispanos,junio,jueves,15,-101.151761412621,19.7104400621056
399,399,2016,,2016/06/23,15:00:00,COLISIÓN POR CORTE DE CIRCULACIÓN,CONCRETO,Bueno,Bueno,2,CHEVROLET,BLANCO Y ROJO,3,,39,MASCULINO,SIN DATOS,1,0,Morelia,Felix Ireta,junio,jueves,15,-101.193351745605,19.6901120700099
400,400,2016,,2016/06/23,15:00:00,COLISIÓN POR CORTE DE CIRCULACIÓN,ASFALTO,Bueno,Regular,2,DINA,AZUL,2,,36,MASCULINO,SIN DATOS,0,0,Morelia,Diego Rivera,junio,jueves,15,-101.175627708435,19.71831299287
401,401,2016,,2016/06/23,16:00:00,COLISIÓN POR CORTE DE CIRCULACIÓN,ASFALTO,Bueno,Bueno,2,FORD,ROJO,2,,33,MASCULINO,SIN DATOS,0,0,Morelia,Diego Rivera,junio,jueves,16,-101.175649166107,19.71831299287
402,402,2016,,2016/06/23,17:50:00,COLISIÓN POR CORTE DE CIRCULACIÓN,ASFALTO,Bueno,Malo,2,V.W.,PLATA,2,,31,MASCULINO,SIN DATOS,0,0,Morelia,Rinconada del Valle,junio,jueves,18,-101.221799254417,19.6775124696126
403,403,2016,,2016/06/23,19:00:00,COLISIÓN POR CORTE DE CIRCULACIÓN,CONCRETO,Bueno,Bueno,2,KENWORTH,SINDATOS,2,,37,MASCULINO,SIN DATOS,0,0,Morelia,Centro,junio,jueves,19,-101.200234293938,19.7012384934183
404,404,2016,,2016/06/23,19:30:00,COLISIÓN POR CORTE DE CIRCULACIÓN,ASFALTO,Bueno,Regular,2,NISSAN,GRIS,2,,46,MASCULINO,SIN DATOS,0,0,Morelia,Francisco J Mujica,junio,jueves,20,-101.185283660889,19.7241909257075
405,405,2016,,2016/06/23,19:50:00,COLISIÓN POR CORTE DE CIRCULACIÓN,ASFALTO,Bueno,Bueno,2,MITSUBISHI,ROJO,2,,43,FEMENINO,SIN DATOS,0,0,Morelia,Elias Perez Avalos,junio,jueves,20,-101.165692806244,19.7107380184349
406,406,2016,,2016/06/23,20:20:00,COLISIÓN POR CORTE DE CIRCULACIÓN,CONCRETO,Bueno,Bueno,2,HONDA,BLANCO,2,,22,FEMENINO,SIN DATOS,0,0,Morelia,Chapultepec Oriente,junio,jueves,20,-101.164019107819,19.6904555208839