fid,id_accidente,anio_origen,folio_c5i,dia_incidente,hora_ocurrencia,tipo_incidente_vial,superficie_ocurrencia,condiciones_climaticas,condiciones_via,numero_vehiculos_involucrados,marca_vehiculo_ocasiona_siniestro,color_vehiculo_ocasiona_siniestro,numero_personas_involucradas,lugar_remite_presunto_responsable,edad_presunto_responsable,sexo_presunto_responsable,resultados_toxicologia,numero_personas_lesionadas,numero_personas_fallecidas,municipio,colonia,mes,dia_semana,hora_redondeada,lon,lat
407,407,2016,,2016/06/23,20:45:00,COLISIÓN POR MANIOBRA DE REVERSA,ASFALTO,Bueno,Bueno,2,CHEVROLET,BLANCO Y ROSA,2,,36,MASCULINO,SIN DATOS,0,0,Morelia,Villas del Real,junio,jueves,21,-101.199531555176,19.7321490194598
408,408,2016,,2016/06/23,22:25:00,COLISIÓN CONTRA OBJETO FIJO,CONCRETO,Bueno,Bueno,1,MITSUBISHI,GRIS,1,,18,MASCULINO,SIN DATOS,0,0,Morelia,Ferrocarrilero,junio,jueves,22,-101.213361024857,19.7022233188703
409,409,2016,,2016/06/24,"06:45:00",COLISIÓN POR CORTE DE CIRCULACIÓN,ASFALTO,Bueno,Bueno,1,HONDA,NEGRO,1,,,,SIN DATOS,0,0,Morelia,Fuentes de Valladolid,junio,viernes,7,-101.221525669098,19.6727365352535
410,410,2016,,2016/06/24,"07:30:00",COLISIÓN POR CORTE DE CIRCULACIÓN,ASFALTO,Bueno,Bueno,2,FORD,GRIS,2,,18,FEMENINO,SIN DATOS,0,0,Morelia,Nicolas Bravo(Los Ejidos),junio,viernes,8,-101.21389746666,19.702496038693
411,411,2016,,2016/06/24,"08:30:00",COLISIÓN POR CORTE DE CIRCULACIÓN,ASFALTO,Bueno,Bueno,4,MAZDA,GRIS,4,,35,MASCULINO,SIN DATOS,0,0,Morelia,Elias Perez Avalos,junio,viernes,9,-101.165821552277,19.7103946110913
412,412,2016,,2016/06/24,"08:30:00",CAIDA DE MOTOCICLETA,CONCRETO,Bueno,Bueno,1,BAJAJ,NEGRO,1,,31,MASCULINO,SIN DATOS,0,0,Morelia,Elias Perez Avalos,junio,viernes,9,-101.165821552277,19.7104350119935
413,413,2016,,2016/06/24,"09:20:00",COLISIÓN POR CORTE DE CIRCULACIÓN,ASFALTO,Bueno,Bueno,2,KENWORTH,BLANCO,2,,31,MASCULINO,SIN DATOS,0,0,Morelia,Arcos del Valle,junio,viernes,9,-101.236186623573,19.7076119743925
414,414,2016,,2016/06/24,12:00:00,COLISIÓN POR CORTE DE CIRCULACIÓN,ASFALTO,Bueno,Bueno,2,TOYOTA,AZUL,2,,23,FEMENINO,SIN DATOS,0,0,Morelia,Lomas de Morelia (Dr Ignacio Chavez),junio,viernes,12,-101.17512345314,19.717303017014
415,415,2016,,2016/06/24,12:10:00,COLISIÓN POR CORTE DE CIRCULACIÓN,ASFALTO,Bueno,Bueno,2,NISSAN,BLANCO,2,,55,MASCULINO,SIN DATOS,0,0,Morelia,Cuauhtemoc,junio,viernes,12,-101.18291258812,19.6944253554489
416,416,2016,,2016/06/24,12:30:00,COLISIÓN POR CORTE DE CIRCULACIÓN,ASFALTO,Bueno,Bueno,2,HONDA,PLATA,2,,44,FEMENINO,SIN DATOS,0,0,Morelia,Vasco de Quiroga,junio,viernes,13,-101.168310642242,19.6968799367251
417,417,2016,,2016/06/24,14:35:00,COLISIÓN POR CORTE DE CIRCULACIÓN,ASFALTO,Bueno,Bueno,2,ITALIKA,NEGRO Y ROJO,3,MINISTERIO PÚBLICO,17,MASCULINO,SIN DATOS,1,0,Morelia,Santiaguito,junio,viernes,15,-101.188706159592,19.7173939151023
418,418,2016,,2016/06/24,17:25:00,COLISIÓN POR CORTE DE CIRCULACIÓN,ASFALTO,Bueno,Bueno,2,INTERNATIONAL,BLANCO,2,,45,MASCULINO,SIN DATOS,0,0,Morelia,Elias Perez Avalos,junio,viernes,17,-101.165413856506,19.7104350119935
419,419,2016,,2016/06/24,19:00:00,COLISIÓN POR CORTE DE CIRCULACIÓN,ASFALTO,Bueno,Bueno,2,BAJAJ,GRIS,2,,30,MASCULINO,SIN DATOS,0,0,Morelia,Industrial,junio,viernes,19,-101.18824750185,19.7116823848276
420,420,2016,,2016/06/24,21:20:00,COLISIÓN POR CORTE DE CIRCULACIÓN,ASFALTO,Bueno,Bueno,2,PEUGEOT,GRIS,2,,59,MASCULINO,SIN DATOS,0,0,Morelia,Alberto Oviedo Mota,junio,viernes,21,-101.201956272125,19.6785555288797
421,421,2016,,2016/06/25,"03:00:00",CAIDA DE MOTOCICLETA,ASFALTO,Bueno,Bueno,4,ITALIKA,BLANCO Y MORADO,4,,,,SIN DATOS,0,0,Morelia,Diego Rivera,junio,sábado,3,-101.175262928009,19.7177575069388
422,422,2016,,2016/06/25,"05:00:00",COLISIÓN CONTRA OBJETO FIJO,ASFALTO,Bueno,Bueno,1,SEAT,ROJO,1,,25,MASCULINO,CON CERTIFICADO,0,0,Morelia,Ana Maria Gallaga (Riviera Norte),junio,sábado,5,-101.219433546066,19.6769795723055
423,423,2016,,2016/06/25,"08:20:00",COLISIÓN POR ALCANCE,ASFALTO,Bueno,Bueno,2,HONDA,GRIS,2,,27,FEMENINO,SIN DATOS,0,0,Morelia,Xangari,junio,sábado,8,-101.222016513348,19.6708448116925
424,424,2016,,2016/06/25,"09:00:00",COLISIÓN POR ALCANCE,ASFALTO,Bueno,Bueno,2,MERDES BENZ,BLANCO,2,,55,MASCULINO,SIN DATOS,0,0,Morelia,Sentimientos de La Nacion,junio,sábado,9,-101.235258579254,19.6811214762861
425,425,2016,,2016/06/25,12:00:00,COLISIÓN POR CORTE DE CIRCULACIÓN,ASFALTO,Bueno,Bueno,2,KENWORTH,BLANCO,2,,36,MASCULINO,SIN DATOS,0,0,Morelia,Jardines de Torremolinos,junio,sábado,12,-101.229373812675,19.676870972163
426,426,2016,,2016/06/25,12:10:00,COLISIÓN CONTRA OBJETO FIJO,ASFALTO,Bueno,Bueno,2,KENWORTH,BLANCO Y AZUL,2,,38,MASCULINO,SIN DATOS,0,0,Morelia,Irrigacion,junio,sábado,12,-101.22508764267,19.7049605967483
427,427,2016,,2016/06/25,14:00:00,COLISIÓN POR CORTE DE CIRCULACIÓN,ASFALTO,Bueno,Bueno,2,INTERNATIONAL,ROJO,2,,41,MASCULINO,SIN DATOS,0,0,Morelia,Diego Rivera,junio,sábado,14,-101.174275875092,19.7170606218591
428,428,2016,,2016/06/25,14:40:00,COLISIÓN POR ALCANCE,ASFALTO,Bueno,Regular,2,DODGE,VERDE,2,,45,MASCULINO,SIN DATOS,0,0,Morelia,Sin datos,junio,sábado,15,-101.279783248901,19.6521764200262
429,429,2016,,2016/06/25,16:00:00,COLISIÓN POR ALCANCE,ASFALTO,Lluvioso,Bueno,3,VOLKSWAGEN,AZUL,4,,45,MASCULINO,SIN DATOS,1,0,Morelia,Asociacion Zirahuen,junio,sábado,16,-101.248497962952,19.6991223607886
430,430,2016,,2016/06/25,16:20:00,COLISIÓN POR CORTE DE CIRCULACIÓN,CONCRETO,Bueno,Bueno,2,NISSAN,BLANCO,2,,54,MASCULINO,SIN DATOS,0,0,Morelia,El Porvenir,junio,sábado,16,-101.206022500992,19.70879876729
431,431,2016,,2016/06/25,16:20:00,COLISIÓN POR CORTE DE CIRCULACIÓN,ASFALTO,Bueno,Regular,2,HYUNDAI,ROJO,2,,27,FEMENINO,SIN DATOS,0,0,Morelia,Granjas del Maestro,junio,sábado,16,-101.188663244247,19.7137453262398
432,432,2016,,2016/06/25,16:30:00,COLISIÓN POR CORTE DE CIRCULACIÓN,ASFALTO,Bueno,Bueno,2,CHEVROLET,ROJO,2,,46,MASCULINO,SIN DATOS,0,0,Morelia,Francisco J Mujica,junio,sábado,17,-101.185476779938,19.7241707269957
433,433,2016,,2016/06/25,20:30:00,COLISIÓN POR ALCANCE,ASFALTO,Bueno,Bueno,2,VOLKSWAGEN,AZUL,2,,23,MASCULINO,SIN DATOS,0,0,Morelia,Sentimientos de La Nacion,junio,sábado,21,-101.232210248709,19.677786494315
434,434,2016,,2016/06/25,21:15:00,COLISIÓN CONTRA OBJETO FIJO,CONCRETO,Nublado,Regular,1,FORD,GUINDA,1,,,,SIN DATOS,0,0,Morelia,Union Antorchista,junio,sábado,21,-101.268019080162,19.7009354689828
435,435,2016,,2016/06/25,21:21:00,COLISIÓN POR ALCANCE,ASFALTO,Bueno,Bueno,2,NISSAN,VERDE,2,,45,MASCULINO,SIN DATOS,0,0,Morelia,Libertad,junio,sábado,21,-101.23769402504,19.6864754861473
436,436,2016,,2016/06/25,23:00:00,COLISIÓN POR CORTE DE CIRCULACIÓN,CONCRETO,Bueno,Bueno,3,FORD,BLANCO,2,,,MASCULINO,SIN DATOS,0,0,Morelia,Centro,junio,sábado,23,-101.192863583565,19.7030313762523
437,437,2016,,2016/06/25,23:30:00,CAIDA DE MOTOCICLETA,ASFALTO,Lluvioso,Regular,1,HONDA,NARANJA,1,,36,MASCULINO,SIN DATOS,0,0,Morelia,Felix Ireta,junio,sábado,0,-101.195690631866,19.6816366812437
438,438,2016,,2016/06/25,23:30:00,COLISIÓN CONTRA OBJETO FIJO,CONCRETO,Lluvioso,Regular,1,DODGE,ROJO,1,,42,MASCULINO,SIN DATOS,0,0,Morelia,Ferrocarrilero,junio,sábado,0,-101.212738752365,19.7019505985827
440,440,2016,,2016/06/26,"01:00:00",COLISIÓN CON PEATÓN,ASFALTO,Lluvioso,Regular,1,SIN DATOS,SINDATOS,1,,,,,1,0,Morelia,Felix Ireta,junio,domingo,1,-101.191977784038,19.6870822205492
441,441,2016,,2016/06/26,"01:30:00",VOLCADURA,ASFALTO,Lluvioso,Bueno,1,NISSAN,GUINDA,1,,28,MASCULINO,SIN DATOS,0,0,Morelia,Las Americas,junio,domingo,2,-101.150758266449,19.6905969416179
442,442,2016,,2016/06/26,"04:50:00",SUBIDA AL CAMELLÓN,ASFALTO,Nublado,Regular,1,TOYOTA,NEGRO,1,,19,MASCULINO,SIN DATOS,0,0,Morelia,Villas de La Esperanza,junio,domingo,5,-101.270406246185,19.6943748492661
443,443,2016,,2016/06/26,"05:50:00",COLISIÓN POR CORTE DE CIRCULACIÓN,SIN_DATOS,Lluvioso,Regular,2,DODGE,VERDE,2,,,,SIN DATOS,0,0,Morelia,Los Angeles,junio,domingo,6,-101.175874471664,19.7429140331126
444,444,2016,,2016/06/26,"06:20:00",COLISIÓN CONTRA OBJETO FIJO,CONCRETO,Bueno,Bueno,1,NISSAN,GRIS,1,,56,MASCULINO,SIN DATOS,0,0,Morelia,Chapultepec Oriente,junio,domingo,6,-101.165604293346,19.688957968661
445,445,2016,,2016/06/26,"07:00:00",COLISIÓN POR CORTE DE CIRCULACIÓN,CONCRETO,Bueno,Bueno,2,CHRYSLER,ROJO,2,,,,SIN DATOS,0,0,Morelia,Nueva Chapultepec,junio,domingo,7,-101.171143054962,19.6898317529417
446,446,2016,,2016/06/26,"07:40:00",COLISIÓN POR ALCANCE,ASFALTO,Bueno,Bueno,2,FORD,NEGRO,2,,,,SIN DATOS,0,0,Morelia,Ignacio Lopez Rayon,junio,domingo,8,-101.252714395523,19.6900666132214
447,447,2016,,2016/06/26,"09:10:00",COLISIÓN POR ALCANCE,ASFALTO,Bueno,Bueno,2,HONDA,BLANCO,2,,28,MASCULINO,SIN DATOS,0,0,Morelia,Cinco de Diciembre,junio,domingo,9,-101.164099574089,19.6856875487582
448,448,2016,,2016/06/26,12:15:00,COLISIÓN POR CORTE DE CIRCULACIÓN,ASFALTO,Bueno,Bueno,2,VENTO,NEGRO,2,,38,MASCULINO,CON CERTIFICADO,0,0,Morelia,Dr Miguel Silva,junio,domingo,12,-101.186892986298,19.7206763114375
449,449,2016,,2016/06/26,20:45:00,COLISIÓN POR ALCANCE,ASFALTO,Bueno,Regular,2,GMC,AZUL,2,,,,SIN DATOS,0,0,Morelia,Sin datos,junio,domingo,21,-101.279375553131,19.6459017764748
450,450,2016,,2016/06/26,21:40:00,VOLCADURA,CONCRETO,Bueno,Bueno,1,GENERAL MOTORS,BLANCO,1,,56,MASCULINO,SIN DATOS,0,0,Morelia,Villas de La Esperanza,junio,domingo,22,-101.270754933357,19.6949051633907
451,451,2016,,2016/06/26,22:10:00,COLISIÓN POR CORTE DE CIRCULACIÓN,ASFALTO,Bueno,Bueno,2,DODGE,AZUL,2,,40,MASCULINO,SIN DATOS,0,0,Morelia,San Rafael,junio,domingo,22,-101.154835224152,19.7006576960795
452,452,2016,,2016/06/26,22:22:00,COLISIÓN CON PEATÓN,ASFALTO,Bueno,Regular,0,,,1,,,,,0,1,Morelia,Sin datos,junio,domingo,22,-101.260643005371,19.5895907864669
453,453,2016,,2016/06/26,23:40:00,COLISIÓN POR CORTE DE CIRCULACIÓN,ASFALTO,Bueno,Bueno,1,FORD,BLANCO,1,,39,MASCULINO,SIN DATOS,0,0,Morelia,Los Manantiales de Morelia,junio,domingo,0,-101.241459846497,19.6958092186572
454,454,2016,,2016/06/27,"00:30:00",COLISIÓN CONTRA OBJETO FIJO,ASFALTO,Bueno,Bueno,1,V.W.,BLANCO,1,,38,MASCULINO,CON CERTIFICADO,0,0,Morelia,Tinijaro,junio,lunes,1,-101.264262646437,19.6960402822426
455,455,2016,,2016/06/27,"01:10:00",COLISIÓN POR CORTE DE CIRCULACIÓN,ASFALTO,Bueno,Bueno,2,NISSAN,BLANCO,2,,30,MASCULINO,SIN DATOS,0,0,Morelia,Comision Federal de Electricidad,junio,lunes,1,-101.181260347366,19.681404334115
456,456,2016,,2016/06/27,"05:50:00",COLISIÓN CONTRA OBJETO FIJO,ASFALTO,Bueno,Regular,1,V.W.,GRIS,1,,39,MASCULINO,SIN DATOS,0,0,Morelia,La Quemada,junio,lunes,6,-101.24063372612,19.7058494444362
457,457,2016,,2016/06/27,"06:45:00",COLISIÓN POR CORTE DE CIRCULACIÓN,CONCRETO,Bueno,Bueno,1,FORD,BLANCO,1,,55,FEMENINO,SIN DATOS,0,0,Morelia,Alberto Oviedo Mota,junio,lunes,7,-101.195594072342,19.688000841101
458,458,2016,,2016/06/27,"07:20:00",COLISIÓN POR ALCANCE,ASFALTO,Bueno,Bueno,2,NISSAN,PLATA,2,,23,MASCULINO,SIN DATOS,0,0,Morelia,Sentimientos de La Nacion,junio,lunes,7,-101.233327388763,19.678474710971
459,459,2016,,2016/06/27,"08:15:00",COLISIÓN POR ALCANCE,ASFALTO,Lluvioso,Regular,2,FORD,ROJO,2,,28,MASCULINO,SIN DATOS,0,0,Morelia,Libertad,junio,lunes,8,-101.236951053143,19.6850056767348
460,460,2016,,2016/06/27,"09:00:00",COLISIÓN POR CORTE DE CIRCULACIÓN,ASFALTO,Nublado,Regular,2,FORD,AZUL,1,,52,MASCULINO,SIN DATOS,0,0,Morelia,Josefa Ortiz de Dominguez,junio,lunes,9,-101.209007799625,19.6719409532989
461,461,2016,,2016/06/27,"09:10:00",COLISIÓN POR ALCANCE,ASFALTO,Bueno,Bueno,2,INTERNATIONAL,MORADO,5,,73,MASCULINO,SIN DATOS,3,0,Morelia,Villas Morelianas,junio,lunes,9,-101.22164557336,19.6808460199514
462,462,2016,,2016/06/27,"09:15:00",COLISIÓN POR CORTE DE CIRCULACIÓN,CONCRETO,Bueno,Bueno,2,RENAULT,ROJO,2,,40,MASCULINO,SIN DATOS,0,0,Morelia,Santiaguito,junio,lunes,9,-101.191431283951,19.7193179125137
463,463,2016,,2016/06/27,11:00:00,COLISIÓN POR CORTE DE CIRCULACIÓN,ASFALTO,Bueno,Bueno,2,V.W.,GRIS,2,,30,FEMENINO,SIN DATOS,0,0,Morelia,Nueva Chapultepec,junio,lunes,11,-101.167420148849,19.6891423223888
464,464,2016,,2016/06/27,14:15:00,COLISIÓN POR ALCANCE,CONCRETO,Lluvioso,Bueno,2,CHEVROLET,BLANCO,2,,32,MASCULINO,SIN DATOS,0,0,Morelia,Lomas de Hidalgo,junio,lunes,14,-101.161000952125,19.6958287896295
465,465,2016,,2016/06/27,14:45:00,COLISIÓN POR CORTE DE CIRCULACIÓN,ASFALTO,Bueno,Bueno,2,KENWORTH,BLANCO,2,,52,MASCULINO,SIN DATOS,0,0,Morelia,Sin datos,junio,lunes,15,-101.174318790436,19.7462060030668
466,466,2016,,2016/06/27,15:30:00,COLISIÓN POR CORTE DE CIRCULACIÓN,ASFALTO,Lluvioso,Regular,2,CHEVROLET,CAFE,2,,42,FEMENINO,SIN DATOS,0,0,Morelia,Pascual Ortiz de Ayala,junio,lunes,16,-101.152764558792,19.6951526427143
467,467,2016,,2016/06/27,15:55:00,COLISIÓN POR CORTE DE CIRCULACIÓN,ASFALTO,Bueno,Bueno,2,KENWORTH,NARANJA,2,,43,MASCULINO,SIN DATOS,0,0,Morelia,Martires de Uruapan,junio,lunes,16,-101.197557449341,19.7251604608698
468,468,2016,,2016/06/27,17:20:00,COLISIÓN POR CORTE DE CIRCULACIÓN,ASFALTO,Lluvioso,Regular,2,INTERNATIONAL,ROJO,2,,35,MASCULINO,SIN DATOS,0,0,Morelia,Diego Rivera,junio,lunes,17,-101.176260709763,19.7185250869891
469,469,2016,,2016/06/27,23:00:00,COLISIÓN POR CORTE DE CIRCULACIÓN,CONCRETO,Bueno,Bueno,3,FORD,BLANCO,2,,,MASCULINO,SIN DATOS,0,0,Morelia,Centro,junio,lunes,23,-101.178039014339,19.7047636355127
470,470,2016,,2016/06/28,"00:00:00",COLISIÓN POR CORTE DE CIRCULACIÓN,CONCRETO,Bueno,Bueno,2,NISSAN,BLANCO AZUL,2,,35,MASCULINO,SIN DATOS,0,0,Morelia,Los Pinos de Michoacan,junio,martes,0,-101.215131282806,19.6829499412871
471,471,2016,,2016/06/28,"02:00:00",SUBIDA AL CAMELLÓN,CONCRETO,Nublado,Regular,1,FORD,ROJO,1,,48,MASCULINO,SIN DATOS,0,0,Morelia,Comision Federal de Electricidad,junio,martes,2,-101.181356906891,19.6815154566969
472,472,2016,,2016/06/28,"02:30:00",COLISIÓN POR CORTE DE CIRCULACIÓN,ASFALTO,Lluvioso,Bueno,1,DODGE,VERDE,1,,43,MASCULINO,SIN DATOS,0,0,Morelia,Alberto Oviedo Mota,junio,martes,3,-101.197611093521,19.6812528031974
473,473,2016,,2016/06/28,"06:45:00",COLISIÓN POR CORTE DE CIRCULACIÓN,ASFALTO,Bueno,Bueno,2,CHEVROLET,NEGRO,2,,55,MASCULINO,SIN DATOS,0,0,Morelia,Lomas de Las Americas Norte,junio,martes,7,-101.14920258522,19.6947687970694
474,474,2016,,2016/06/28,"07:50:00",COLISIÓN CONTRA OBJETO FIJO,CONCRETO,Bueno,Bueno,1,MERDES BENZ,BLANCO Y  CAFE,1,,27,MASCULINO,SIN DATOS,0,0,Morelia,Los Pinos de Michoacan,junio,martes,8,-101.214476823807,19.6842581396249
475,475,2016,,2016/06/28,"08:00:00",COLISIÓN POR CORTE DE CIRCULACIÓN,ASFALTO,Bueno,Bueno,2,NISSAN,BLANCO,2,,21,MASCULINO,SIN DATOS,0,0,Morelia,Vasco de Quiroga,junio,martes,8,-101.175842285156,19.6993445812819
476,476,2016,,2016/06/28,"09:00:00",COLISIÓN POR CORTE DE CIRCULACIÓN,CONCRETO,Bueno,Bueno,2,CHEVROLET,BLANCO,8,MINISTERIO PÚBLICO,,,SIN DATOS,6,0,Morelia,Granjas del Maestro,junio,martes,9,-101.192954778671,19.7125408948908
477,477,2016,,2016/06/28,"09:10:00",COLISIÓN POR CORTE DE CIRCULACIÓN,ASFALTO,Bueno,Bueno,2,CHEVROLET,NEGRO,2,,30,FEMENINO,SIN DATOS,0,0,Morelia,Nueva Valladolid,junio,martes,9,-101.210453510284,19.6961526573083
478,478,2016,,2016/06/28,15:30:00,COLISIÓN POR CORTE DE CIRCULACIÓN,ASFALTO,Bueno,Bueno,2,HONDA,BLANCO,2,,21,MASCULINO,SIN DATOS,0,0,Morelia,La Huerta,junio,martes,16,-101.214830875397,19.6742014059816
479,479,2016,,2016/06/28,16:00:00,COLISIÓN POR CORTE DE CIRCULACIÓN,ASFALTO,Bueno,Bueno,2,FORD,BLANCO,2,,25,MASCULINO,SIN DATOS,0,0,Morelia,Sin datos,junio,martes,16,-101.289986371994,19.59562505006
480,480,2016,,2016/06/28,16:00:00,COLISIÓN POR CORTE DE CIRCULACIÓN,CONCRETO,Bueno,Bueno,2,SEAT,VERDE,2,,25,FEMENINO,SIN DATOS,0,0,Morelia,La Loma,junio,martes,16,-101.182535737753,19.6797993618644
481,481,2016,,2016/06/28,16:10:00,COLISIÓN POR ALCANCE,ASFALTO,Bueno,Bueno,2,CHEVROLET,AZUL,2,,35,MASCULINO,SIN DATOS,0,0,Morelia,Irrigacion,junio,martes,16,-101.228343844414,19.7040010397237
482,482,2016,,2016/06/28,18:20:00,COLISIÓN POR CORTE DE CIRCULACIÓN,ASFALTO,Bueno,Bueno,2,VENTO,GUINDA Y ROJO,2,,18,MASCULINO,SIN DATOS,0,0,Morelia,La Colina,junio,martes,18,-101.215249300003,19.7072609850186
483,483,2016,,2016/06/28,22:30:00,COLISIÓN POR ALCANCE,SIN_DATOS,Bueno,Bueno,2,TOYOTA,VERDE,1,,51,MASCULINO,SIN DATOS,0,0,Morelia,Los Manantiales de Morelia,junio,martes,23,-101.242039203644,19.6974657982963
484,484,2016,,2016/06/28,23:50:00,COLISIÓN POR ALCANCE,ASFALTO,Bueno,Bueno,2,CHEVROLET,CAFE,2,,23,MASCULINO,SIN DATOS,0,0,Morelia,Pastor Manuel Sanchez Camarena,junio,martes,0,-101.199316978455,19.7379002122551
485,485,2016,,2016/06/29,"00:00:00",COLISIÓN CONTRA OBJETO FIJO,CONCRETO,Bueno,Bueno,2,MITSUBISHI,NEGRO,3,,33,MASCULINO,CON CERTIFICADO,1,0,Morelia,Juarez,junio,miércoles,0,-101.195454597473,19.6924960079434
486,486,2016,,2016/06/29,"01:30:00",SALIDA DE SUPERFICIE DE RODAMIENTO,ASFALTO,Bueno,Regular,1,FORD,NEGRO,1,,34,MASCULINO,SIN DATOS,0,0,Morelia,Valle Verde,junio,miércoles,2,-101.192225217819,19.730846262211
487,487,2016,,2016/06/29,"01:54:00",COLISIÓN CONTRA OBJETO FIJO,CONCRETO,Bueno,Regular,2,NISSAN,BLANCO,2,,,,SIN DATOS,0,0,Morelia,Leandro Valle,junio,miércoles,2,-101.232632696629,19.722830031794
488,488,2016,,2016/06/29,"02:10:00",COLISIÓN POR CORTE DE CIRCULACIÓN,SIN_DATOS,Bueno,Bueno,2,SIN DATOS,NEGRO,0,,,,,0,0,Morelia,Zimpanio Norte,junio,miércoles,2,-101.217855066061,19.6598255202027
489,489,2016,,2016/06/29,"03:15:00",VOLCADURA,CONCRETO,Bueno,Regular,2,V.W.,PLATA,2,,31,FEMENINO,SIN DATOS,0,0,Morelia,Balcones de Santa Maria,junio,miércoles,3,-101.185211241245,19.6766777647507
490,490,2016,,2016/06/29,"09:00:00",COLISIÓN POR CORTE DE CIRCULACIÓN,ASFALTO,Bueno,Bueno,2,MERDES BENZ,BLANCO Y ROJO,2,,40,MASCULINO,SIN DATOS,0,0,Morelia,Dr Miguel Silva,junio,miércoles,9,-101.178095340729,19.7196057526547
491,491,2016,,2016/06/29,10:35:00,COLISIÓN POR CORTE DE CIRCULACIÓN,ASFALTO,Bueno,Bueno,2,NISSAN,BLANCO,2,,37,MASCULINO,SIN DATOS,0,0,Morelia,Isaac Arriaga,junio,miércoles,11,-101.17575109005,19.7058797459749
492,492,2016,,2016/06/29,11:00:00,COLISIÓN POR ALCANCE,CONCRETO,Bueno,Bueno,2,JEEP,AZUL,2,,74,MASCULINO,SIN DATOS,0,0,Morelia,Centro,junio,miércoles,11,-101.186571121216,19.7029051175554
493,493,2016,,2016/06/29,11:20:00,COLISIÓN CONTRA OBJETO FIJO,CONCRETO,Bueno,Bueno,2,CHEVROLET,CAFE,2,,72,MASCULINO,SIN DATOS,0,0,Morelia,Centro,junio,miércoles,11,-101.19971126318,19.7011778885771
494,494,2016,,2016/06/29,15:30:00,COLISIÓN POR CORTE DE CIRCULACIÓN,CONCRETO,Bueno,Bueno,2,V.W.,GRIS,2,,42,FEMENINO,SIN DATOS,0,0,Morelia,Centro,junio,miércoles,16,-101.198464035988,19.7031626851914
495,495,2016,,2016/06/29,16:00:00,COLISIÓN POR CORTE DE CIRCULACIÓN,CONCRETO,Bueno,Bueno,2,V.W.,BLANCO,1,,20,FEMENINO,SIN DATOS,0,0,Morelia,Cuauhtemoc,junio,miércoles,16,-101.179093122482,19.6948496067553
496,496,2016,,2016/06/29,16:15:00,COLISIÓN POR CORTE DE CIRCULACIÓN,CONCRETO,Bueno,Bueno,2,TOYOTA,NARANJA,2,,32,FEMENINO,SIN DATOS,0,0,Morelia,Chapultepec Oriente,junio,miércoles,16,-101.159267574549,19.6943495961688
497,497,2016,,2016/06/29,17:00:00,COLISIÓN CON PEATÓN,ASFALTO,Bueno,Bueno,1,SIN DATOS,SINDATOS,1,,,,,1,0,Morelia,Fovissste La Huerta,junio,miércoles,17,-101.211676597595,19.6933041144408
498,498,2016,,2016/06/29,18:10:00,COLISIÓN POR CORTE DE CIRCULACIÓN,CONCRETO,Bueno,Bueno,2,SIN DATOS,BLANCO Y ROJO,1,,,,SIN DATOS,0,0,Morelia,Camelinas,junio,miércoles,18,-101.174104213715,19.6821720885614
499,499,2016,,2016/06/29,22:45:00,COLISIÓN CONTRA OBJETO FIJO,ASFALTO,Nublado,Regular,1,NISSAN,VERDE,1,,35,MASCULINO,SIN DATOS,0,0,Morelia,Junta de Jaujilla,junio,miércoles,23,-101.228457838297,19.6916260262327
500,500,2016,,2016/06/30,"01:50:00",COLISIÓN POR CORTE DE CIRCULACIÓN,ASFALTO,Bueno,Bueno,1,DINA,BLANCO Y VERDE,1,,36,MASCULINO,SIN DATOS,0,0,Morelia,Nicolaitas Ilustres,junio,jueves,2,-101.227469444275,19.7206359131231
501,501,2016,,2016/06/30,"06:35:00",COLISIÓN POR CORTE DE CIRCULACIÓN,ASFALTO,Bueno,Bueno,3,PEUGEOT,AZUL,3,,25,MASCULINO,SIN DATOS,0,0,Morelia,Cinco de Diciembre,junio,jueves,7,-101.160929203033,19.6881523656342
502,502,2016,,2016/06/30,"07:50:00",VOLCADURA,ASFALTO,Bueno,Bueno,1,REDI HUAL,AMARILLO,0,,,,,0,0,Morelia,La Soledad,junio,jueves,8,-101.183634102345,19.7270288193317
503,503,2016,,2016/06/30,"08:45:00",COLISIÓN POR CORTE DE CIRCULACIÓN,ASFALTO,Bueno,Bueno,2,CHEVROLET,ROJO,2,,34,FEMENINO,SIN DATOS,0,0,Morelia,La Colina,junio,jueves,9,-101.215946674347,19.7043545614023
504,504,2016,,2016/06/30,14:30:00,COLISIÓN POR ALCANCE,ASFALTO,Bueno,Bueno,2,NISSAN,BLANCO,2,,42,MASCULINO,SIN DATOS,0,0,Morelia,Irrigacion,junio,jueves,15,-101.225152015686,19.70526
505,505,2016,,2016/06/30,15:25:00,COLISIÓN POR CORTE DE CIRCULACIÓN,ASFALTO,Bueno,Regular,4,HONDA,PLATA,3,,39,MASCULINO,SIN DATOS,1,0,Morelia,San Jose del Cerrito,junio,jueves,15,-101.221075057983,19.6629367108574
506,506,2016,,2016/06/30,15:30:00,COLISIÓN POR CORTE DE CIRCULACIÓN,ASFALTO,Bueno,Regular,2,NISSAN,BLANCO,2,,41,MASCULINO,SIN DATOS,0,0,Morelia,Isaac Arriaga,junio,jueves,16,-101.16714656353,19.7108541707519
507,507,2016,,2016/06/30,16:00:00,COLISIÓN POR CORTE DE CIRCULACIÓN,ASFALTO,Bueno,Bueno,2,DODGE,AZUL,2,,,MASCULINO,SIN DATOS,0,0,Morelia,Las Americas,junio,jueves,16,-101.158981919289,19.6880715525677