fid,id_accidente,anio_origen,folio_c5i,dia_incidente,hora_ocurrencia,tipo_incidente_vial,superficie_ocurrencia,condiciones_climaticas,condiciones_via,numero_vehiculos_involucrados,marca_vehiculo_ocasiona_siniestro,color_vehiculo_ocasiona_siniestro,numero_personas_involucradas,lugar_remite_presunto_responsable,edad_presunto_responsable,sexo_presunto_responsable,resultados_toxicologia,numero_personas_lesionadas,numero_personas_fallecidas,municipio,colonia,mes,dia_semana,hora_redondeada,lon,lat
508,508,2016,,2016/06/30,17:00:00,COLISIÓN POR CORTE DE CIRCULACIÓN,ASFALTO,Nublado,Bueno,2,MAN,BLANCO,2,,27,MASCULINO,SIN DATOS,0,0,Morelia,Reforma,junio,jueves,17,-101.240891218185,19.7065867802478
509,509,2016,,2016/06/30,17:20:00,COLISIÓN POR ALCANCE,ASFALTO,Bueno,Bueno,3,NISSAN,NEGRO,3,,26,MASCULINO,SIN DATOS,0,0,Morelia,Tzindurio Norte,junio,jueves,17,-101.24382019043,19.7004354774097
510,510,2016,,2016/06/30,22:30:00,COLISIÓN POR CORTE DE CIRCULACIÓN,ASFALTO,Lluvioso,Regular,3,SIN DATOS,BLANCO,3,,39,MASCULINO,SIN DATOS,0,0,Morelia,El Realito,junio,jueves,23,-101.203125715256,19.7256452262451
511,511,2016,,2016/06/30,22:50:00,SUBIDA AL CAMELLÓN,ASFALTO,Lluvioso,Regular,1,ZUSUKI,GRIS,1,,,MASCULINO,SIN DATOS,0,0,Morelia,Tierra Y Libertad,junio,jueves,23,-101.228185594082,19.7192876135213
512,512,2016,,2016/06/30,23:00:00,COLISIÓN POR CORTE DE CIRCULACIÓN,ASFALTO,Lluvioso,Bueno,1,FORD,PLATA,1,,52,MASCULINO,SIN DATOS,0,0,Morelia,Felix Ireta,junio,jueves,23,-101.191635131836,19.6825761683709
513,513,2016,,2016/07/01,"00:00:00",CAIDA DE MOTOCICLETA,SIN_DATOS,Bueno,Bueno,1,ITALIKA,AZUL,1,,31,FEMENINO,SIN DATOS,0,0,Morelia,Ventura Puente,julio,viernes,0,-101.19265973568,19.6929505683501
514,514,2016,,2016/07/01,"08:00:00",COLISIÓN POR CORTE DE CIRCULACIÓN,ASFALTO,Bueno,Bueno,2,WIHTE,BLANCO,2,,27,MASCULINO,SIN DATOS,0,0,Morelia,Los Manantiales de Morelia,julio,viernes,8,-101.243391036987,19.7003243679591
515,515,2016,,2016/07/01,"09:20:00",COLISIÓN POR CORTE DE CIRCULACIÓN,CONCRETO,Bueno,Bueno,2,NISSAN,BLANCO Y ROSA,2,,45,MASCULINO,SIN DATOS,0,0,Morelia,Los Girasoles,julio,viernes,9,-101.212902367115,19.6908848334403
516,516,2016,,2016/07/01,12:00:00,COLISIÓN POR CORTE DE CIRCULACIÓN,CONCRETO,Bueno,Regular,2,CHEVROLET,BLANCO,2,,56,MASCULINO,SIN DATOS,0,0,Morelia,Ventura Puente,julio,viernes,12,-101.182030141354,19.6888190718766
517,517,2016,,2016/07/01,13:25:00,COLISIÓN POR CORTE DE CIRCULACIÓN,ASFALTO,Bueno,Bueno,2,JEEP,PLATA,2,,29,FEMENINO,SIN DATOS,0,0,Morelia,Industrial,julio,viernes,13,-101.193994134665,19.7072925488428
518,518,2016,,2016/07/01,13:25:00,COLISIÓN POR CORTE DE CIRCULACIÓN,ASFALTO,Bueno,Bueno,2,JEEP,PLATA,2,,29,FEMENINO,SIN DATOS,0,0,Morelia,Industrial,julio,viernes,13,-101.194014251232,19.707273610549
519,519,2016,,2016/07/01,13:45:00,COLISIÓN POR CORTE DE CIRCULACIÓN,ASFALTO,Bueno,Bueno,2,INTERNATIONAL,AMARILLO Y GUINDA,2,,33,MASCULINO,SIN DATOS,0,0,Morelia,Lomas de Las Americas Sur,julio,viernes,14,-101.147528886795,19.6944657603837
520,520,2016,,2016/07/01,14:00:00,COLISIÓN POR CORTE DE CIRCULACIÓN,CONCRETO,Bueno,Regular,2,NISSAN,BLANCO Y NEGRO,2,,29,MASCULINO,SIN DATOS,0,0,Morelia,Eduardo Ruiz,julio,viernes,14,-101.212815195322,19.7173118543304
521,521,2016,,2016/07/01,16:30:00,COLISIÓN POR CORTE DE CIRCULACIÓN,CONCRETO,Bueno,Bueno,2,NISSAN,PLATA,3,,24,MASCULINO,SIN DATOS,1,0,Morelia,Felix Ireta,julio,viernes,17,-101.186801791191,19.6854823560936
522,522,2016,,2016/07/01,16:45:00,COLISIÓN POR CORTE DE CIRCULACIÓN,ASFALTO,Bueno,Bueno,2,CHEVROLET,AZUL,2,,25,MASCULINO,SIN DATOS,0,0,Morelia,El Lago 1,julio,viernes,17,-101.212282776833,19.7267712901391
523,523,2016,,2016/07/01,16:55:00,COLISIÓN POR ALCANCE,CONCRETO,Bueno,Bueno,2,HONDA,BLANCO,2,,40,FEMENINO,SIN DATOS,0,0,Morelia,Fuentes de Morelia,julio,viernes,17,-101.203726530075,19.6707917723924
524,524,2016,,2016/07/01,17:40:00,COLISIÓN POR ALCANCE,ASFALTO,Bueno,Bueno,2,HONDA,BLANCO,2,,49,MASCULINO,SIN DATOS,0,0,Morelia,Tzindurio Norte,julio,viernes,18,-101.244313716888,19.700395073982
525,525,2016,,2016/07/01,18:00:00,COLISIÓN POR CORTE DE CIRCULACIÓN,ASFALTO,Bueno,Bueno,2,CHEVROLET,BLANCO Y ROJO,2,,,MASCULINO,SIN DATOS,0,0,Morelia,Sentimientos de La Nacion,julio,viernes,18,-101.236267089844,19.6835661595959
526,526,2016,,2016/07/01,21:15:00,COLISIÓN POR CORTE DE CIRCULACIÓN,ASFALTO,Lluvioso,Bueno,2,DODGE,BLANCO,2,,18,MASCULINO,SIN DATOS,0,0,Morelia,Alberto Oviedo Mota,julio,viernes,21,-101.202020645142,19.6779291890205
527,527,2016,,2016/07/01,21:40:00,COLISIÓN POR CORTE DE CIRCULACIÓN,ASFALTO,Lluvioso,Bueno,2,GMC,ROJO,2,,21,MASCULINO,SIN DATOS,0,0,Morelia,Felix Ireta,julio,viernes,22,-101.181507110596,19.6816316302227
528,528,2016,,2016/07/01,22:00:00,COLISIÓN POR CORTE DE CIRCULACIÓN,ASFALTO,Lluvioso,Regular,2,CHEVROLET,AZUL,2,,82,MASCULINO,SIN DATOS,0,0,Morelia,Centro,julio,viernes,22,-101.188809089363,19.7038157561747
529,529,2016,,2016/07/01,22:20:00,COLISIÓN POR ALCANCE,CONCRETO,Lluvioso,Bueno,2,ITALIKA,AZUL,3,,15,MASCULINO,CON CERTIFICADO,1,0,Morelia,Vicente Lombardo Toledano (Ejidal Isacc Arriaga) (Etnias de Mexico),julio,viernes,22,-101.155355572701,19.7156213930577
530,530,2016,,2016/07/01,23:00:00,COLISIÓN POR CORTE DE CIRCULACIÓN,CONCRETO,Lluvioso,Regular,2,INTERNATIONAL,BLANCO,2,,36,MASCULINO,SIN DATOS,0,0,Morelia,Centro,julio,viernes,23,-101.18803024292,19.7022132181272
531,531,2016,,2016/07/02,"01:58:00",COLISIÓN POR CORTE DE CIRCULACIÓN,ASFALTO,Bueno,Bueno,2,V.W,BLANCO,2,,27,MASCULINO,SIN DATOS,0,0,Morelia,Santa Maria de Guido,julio,sábado,2,-101.190505921841,19.6703750344234
532,532,2016,,2016/07/02,"02:30:00",COLISIÓN POR ALCANCE,ASFALTO,Nublado,Bueno,2,VOLKSWAGEN,GRIS,2,,44,MASCULINO,SIN DATOS,0,0,Morelia,Los Manantiales de Morelia,julio,sábado,3,-101.242468357086,19.6982334757296
533,533,2016,,2016/07/02,"03:30:00",COLISIÓN POR CORTE DE CIRCULACIÓN,ASFALTO,Lluvioso,Bueno,2,CHEVROLET,NEGRO,2,,18,MASCULINO,SIN DATOS,0,0,Morelia,Montaña Monarca,julio,sábado,4,-101.164855957031,19.665725175478
534,534,2016,,2016/07/02,"04:15:00",COLISIÓN POR ALCANCE,ASFALTO,Nublado,Bueno,2,FORD,VERDE,2,,28,MASCULINO,SIN DATOS,0,0,Morelia,Chapultepec Sur,julio,sábado,4,-101.171234250069,19.6902534910472
535,535,2016,,2016/07/02,"05:00:00",VOLCADURA,ASFALTO,Nublado,Regular,1,DODGE,ARENA,1,,,,SIN DATOS,0,0,Morelia,San Jose Itzicuaro,julio,sábado,5,-101.305060386658,19.687869519723
536,536,2016,,2016/07/02,12:00:00,COLISIÓN POR CORTE DE CIRCULACIÓN,ASFALTO,Bueno,Bueno,2,FORD,BLANCO,2,,30,MASCULINO,SIN DATOS,0,0,Morelia,Indeco El Vivero,julio,sábado,12,-101.229658126831,19.6770805956278
537,537,2016,,2016/07/02,12:30:00,COLISIÓN POR CORTE DE CIRCULACIÓN,ASFALTO,Bueno,Bueno,2,FREIGHTLINER,BLANCO/AZUL,2,,31,MASCULINO,SIN DATOS,0,0,Morelia,Vasco de Quiroga,julio,sábado,13,-101.172055006027,19.7007637548813
538,538,2016,,2016/07/02,13:30:00,COLISIÓN POR CORTE DE CIRCULACIÓN,ASFALTO,Bueno,Bueno,2,FORD,ROJO,2,MINISTERIO PÚBLICO,,FEMENINO,SIN DATOS,0,0,Morelia,Victor Manuel Tinoco Rubi,julio,sábado,14,-101.243605613708,19.700920317746
539,539,2016,,2016/07/02,13:55:00,COLISIÓN POR CORTE DE CIRCULACIÓN,ASFALTO,Bueno,Bueno,2,FREIGHTLINER,AZUL/BLANCO,2,,45,MASCULINO,SIN DATOS,0,0,Morelia,Indeco El Vivero,julio,sábado,14,-101.231052875519,19.6776059158771
540,540,2016,,2016/07/02,15:00:00,COLISIÓN POR ALCANCE,CONCRETO,Bueno,Bueno,2,CHEVROLET,BLANCO Y ROJO,2,,36,MASCULINO,SIN DATOS,0,0,Morelia,Independencia,julio,sábado,15,-101.176869571209,19.7061979117844
541,541,2016,,2016/07/02,15:15:00,COLISIÓN CON PEATÓN,ASFALTO,Bueno,Bueno,1,NISSAN,BLANCO,2,,38,MASCULINO,SIN DATOS,1,0,Morelia,Quinceo,julio,sábado,15,-101.222319602966,19.7277054626833
542,542,2016,,2016/07/02,16:15:00,COLISIÓN POR CORTE DE CIRCULACIÓN,ASFALTO,Bueno,Bueno,2,NISSAN,BCO/GRIS,2,,37,MASCULINO,SIN DATOS,0,0,Morelia,Canteras de Morelia,julio,sábado,16,-101.173889636993,19.716727327921
543,543,2016,,2016/07/02,17:05:00,COLISIÓN POR CORTE DE CIRCULACIÓN,ASFALTO,Bueno,Bueno,2,NISSAN,BLANCO,2,,27,MASCULINO,SIN DATOS,0,0,Morelia,Chapultepec Oriente,julio,sábado,17,-101.163724064827,19.6958748761034
544,544,2016,,2016/07/02,17:40:00,COLISIÓN POR CORTE DE CIRCULACIÓN,ASFALTO,Bueno,Bueno,2,CHEVROLET,VERDE,2,,53,MASCULINO,SIN DATOS,0,0,Morelia,Indeco El Vivero,julio,sábado,18,-101.231715381145,19.6776791575058
545,545,2016,,2016/07/02,19:10:00,COLISIÓN POR CORTE DE CIRCULACIÓN,CONCRETO,Bueno,Bueno,2,ITALIKA,NARANJA,2,,34,MASCULINO,SIN DATOS,0,0,Morelia,Lomas de Santa Maria,julio,sábado,19,-101.184198707342,19.6714105631352
546,546,2016,,2016/07/02,19:30:00,COLISIÓN CONTRA OBJETO FIJO,ASFALTO,Bueno,Bueno,1,TOYOTA,BLANCO Y MORADO,1,,,MASCULINO,SIN DATOS,0,0,Morelia,Rinconada del Valle,julio,sábado,20,-101.217706203461,19.6808436690037
547,547,2016,,2016/07/02,22:45:00,COLISIÓN POR CORTE DE CIRCULACIÓN,ASFALTO,Bueno,Bueno,2,CHEVROLET,BLANCO,2,,27,MASCULINO,SIN DATOS,0,0,Morelia,Jardines del Quinceo,julio,sábado,23,-101.205260753632,19.7219741018565
548,548,2016,,2016/07/02,23:30:00,COLISIÓN CONTRA OBJETO FIJO,CONCRETO,Bueno,Bueno,2,NISSAN,GRIS,2,,32,MASCULINO,SIN DATOS,0,0,Morelia,Primo Tapia,julio,sábado,0,-101.212443709373,19.7140306514147
549,549,2016,,2016/07/03,"01:00:00",COLISIÓN POR CORTE DE CIRCULACIÓN,ASFALTO,Bueno,Bueno,2,ECLIPCE,NEGRO,2,MINISTERIO PÚBLICO,27,MASCULINO,CON CERTIFICADO,0,0,Morelia,Loma Bonita,julio,domingo,1,-101.19686409831,19.7198001707024
550,550,2016,,2016/07/03,"05:30:00",COLISIÓN POR CORTE DE CIRCULACIÓN,ASFALTO,Bueno,Bueno,2,SIN DATOS,SIN DATOS,2,,,,SIN DATOS,0,0,Morelia,Libertad,julio,domingo,6,-101.23744726181,19.68637446875
551,551,2016,,2016/07/03,"05:40:00",COLISIÓN CONTRA OBJETO FIJO,ASFALTO,Bueno,Bueno,1,NISSAN,VINO,1,,28,MASCULINO,SIN DATOS,0,0,Morelia,Villas Lomas del Paraiso,julio,domingo,6,-101.173696517944,19.6724940726
552,552,2016,,2016/07/03,"05:50:00",COLISIÓN POR ALCANCE,ASFALTO,Bueno,Bueno,2,VOLKSWAGEN,ROJO,2,,28,MASCULINO,SIN DATOS,0,0,Morelia,Josefa Ortiz de Dominguez,julio,domingo,6,-101.210485696793,19.7261350397661
553,553,2016,,2016/07/03,"09:00:00",COLISIÓN POR CORTE DE CIRCULACIÓN,CONCRETO,Bueno,Regular,2,CHEVROLET,AZUL,2,,50,MASCULINO,SIN DATOS,0,0,Morelia,Independencia,julio,domingo,9,-101.175579428673,19.7099552506206
554,554,2016,,2016/07/03,"09:00:00",COLISIÓN POR CORTE DE CIRCULACIÓN,ASFALTO,Bueno,Bueno,2,VOLKSWAGEN,NEGRO,2,,18,MASCULINO,SIN DATOS,0,0,Morelia,Irrigacion,julio,domingo,9,-101.225009858608,19.7048797921682
555,555,2016,,2016/07/03,10:20:00,COLISIÓN POR CORTE DE CIRCULACIÓN,ASFALTO,Bueno,Bueno,2,DODGE,BLANCO Y ROJO,3,,,MASCULINO,SIN DATOS,1,0,Morelia,Ciudad Industrial,julio,domingo,10,-101.138379871845,19.7287734424411
556,556,2016,,2016/07/03,10:35:00,COLISIÓN CONTRA OBJETO FIJO,CONCRETO,Bueno,Regular,1,VOLKSWAGEN,ROJO,1,,28,MASCULINO,SIN DATOS,0,0,Morelia,Chapultepec Sur,julio,domingo,11,-101.169622913003,19.6932883311498
557,557,2016,,2016/07/03,12:45:00,COLISIÓN POR CORTE DE CIRCULACIÓN,ASFALTO,Bueno,Bueno,2,FORD,AZUL,2,,59,MASCULINO,SIN DATOS,0,0,Morelia,Barrio Alto,julio,domingo,13,-101.194354891777,19.724291919228
558,558,2016,,2016/07/03,16:00:00,COLISIÓN POR CORTE DE CIRCULACIÓN,ASFALTO,Bueno,Bueno,2,NISSAN,ROJO,2,,69,MASCULINO,SIN DATOS,0,0,Morelia,Sin datos,julio,domingo,16,-101.173439025879,19.7485285177091
559,559,2016,,2016/07/03,16:20:00,COLISIÓN CON PEATÓN,ASFALTO,Bueno,Bueno,1,SIN DATOS,SINDATOS,2,,,,SIN DATOS,1,0,Morelia,Adolfo Lopez Mateos,julio,domingo,16,-101.229679584503,19.7034859067363
560,560,2016,,2016/07/03,16:35:00,COLISIÓN POR CORTE DE CIRCULACIÓN,ASFALTO,Bueno,Regular,2,CHEVROLET,BLANCO,2,,48,MASCULINO,SIN DATOS,0,0,Morelia,Loma Bonita,julio,domingo,17,-101.196983456612,19.7187826294697
561,561,2016,,2016/07/03,16:35:00,COLISIÓN POR CORTE DE CIRCULACIÓN,CONCRETO,Bueno,Bueno,2,FORD,VERDE,2,,42,MASCULINO,CON CERTIFICADO,0,0,Morelia,La Rinconada,julio,domingo,17,-101.159572005272,19.6930061256446
562,562,2016,,2016/07/03,17:00:00,COLISIÓN POR CORTE DE CIRCULACIÓN,ASFALTO,Bueno,Bueno,2,HONDA,BLANCO,2,,52,MASCULINO,CON CERTIFICADO,0,0,Morelia,Lomas del Tecnologico,julio,domingo,17,-101.193137168884,19.7233223787963
563,563,2016,,2016/07/03,17:45:00,COLISIÓN POR ALCANCE,ASFALTO,Bueno,Bueno,2,SEAT,NEGRO,2,,27,MASCULINO,SIN DATOS,0,0,Morelia,San Pascual,julio,domingo,18,-101.267337799072,19.6952839581183
564,564,2016,,2016/07/03,20:00:00,COLISIÓN POR ALCANCE,ASFALTO,Bueno,Bueno,2,VOLKSWAGEN,AZUL,3,,,,SIN DATOS,1,0,Morelia,Los Pinos de Michoacan,julio,domingo,20,-101.215158104897,19.6853137822308
565,565,2016,,2016/07/03,20:32:00,COLISIÓN POR CORTE DE CIRCULACIÓN,ASFALTO,Bueno,Bueno,2,STERLIG,BLANCO,1,,33,MASCULINO,SIN DATOS,0,0,Morelia,Ventura Puente,julio,domingo,21,-101.192665100098,19.6930869362204
566,566,2016,,2016/07/03,23:00:00,COLISIÓN POR CORTE DE CIRCULACIÓN,ASFALTO,Nublado,Regular,2,CHEVROLET,AZUL,2,,,,SIN DATOS,0,0,Morelia,Tzindurio Norte,julio,domingo,23,-101.247840821743,19.7068014150337
567,567,2016,,2016/07/04,"07:50:00",COLISIÓN POR CORTE DE CIRCULACIÓN,ASFALTO,Bueno,Bueno,2,MERCEDES BENZ,BLANCO,2,,,MASCULINO,SIN DATOS,0,0,Morelia,Sentimientos de La Nacion,julio,lunes,8,-101.236868575215,19.6848074282128
568,568,2016,,2016/07/04,"08:40:00",COLISIÓN POR CORTE DE CIRCULACIÓN,ASFALTO,Bueno,Bueno,1,FORD,BLANCO Y AZUL,1,,28,MASCULINO,SIN DATOS,0,0,Morelia,Las Americas,julio,lunes,9,-101.153628900647,19.6874433558553
569,569,2016,,2016/07/04,"08:45:00",COLISIÓN POR CORTE DE CIRCULACIÓN,ASFALTO,Nublado,Bueno,2,SEAT,AZUL,2,,53,MASCULINO,SIN DATOS,0,0,Morelia,Lomas de Guayangareo,julio,lunes,9,-101.15789026022,19.7025566430349
571,571,2016,,2016/07/04,"09:00:00",COLISIÓN POR CORTE DE CIRCULACIÓN,CONCRETO,Bueno,Bueno,2,CHEVROLET,NEGRO,2,,27,MASCULINO,SIN DATOS,0,0,Morelia,Cruz del Barreno,julio,lunes,9,-101.207985877991,19.7225270482695
572,572,2016,,2016/07/04,"09:20:00",COLISIÓN POR CORTE DE CIRCULACIÓN,ASFALTO,Nublado,Bueno,2,NISSAN,BLANCO,2,,54,MASCULINO,SIN DATOS,0,0,Morelia,Fidel Velazquez,julio,lunes,9,-101.23467117548,19.702363466615
573,573,2016,,2016/07/04,"09:50:00",COLISIÓN POR CORTE DE CIRCULACIÓN,SIN_DATOS,Bueno,Bueno,2,DODGE,AZUL,3,,36,MASCULINO,SIN DATOS,1,0,Morelia,Felix Ireta,julio,lunes,10,-101.189438402653,19.685604209
574,574,2016,,2016/07/04,10:00:00,COLISIÓN CONTRA OBJETO FIJO,ASFALTO,Bueno,Bueno,1,ISUZU,ROJO,0,,,,,0,0,Morelia,Los Laureles,julio,lunes,10,-101.232161968946,19.7136544260772
575,575,2016,,2016/07/04,11:00:00,COLISIÓN POR CORTE DE CIRCULACIÓN,CONCRETO,Bueno,Bueno,2,FORD,ROJO,2,,22,MASCULINO,SIN DATOS,0,0,Morelia,Lomas de Huerta,julio,lunes,11,-101.214272975922,19.6741913034707
576,576,2016,,2016/07/04,12:50:00,COLISIÓN POR ALCANCE,ASFALTO,Bueno,Bueno,3,FORD,BLANCO,3,,35,MASCULINO,SIN DATOS,0,0,Morelia,La Huerta,julio,lunes,13,-101.214820146561,19.6742973798033
577,577,2016,,2016/07/04,14:00:00,CAIDA DE MOTOCICLETA,ASFALTO,Bueno,Bueno,1,BAJAJ,AZUL,1,,26,MASCULINO,SIN DATOS,0,0,Morelia,Irrigacion,julio,lunes,14,-101.22519493103,19.7053949206674
578,578,2016,,2016/07/04,16:15:00,COLISIÓN POR CORTE DE CIRCULACIÓN,ASFALTO,Bueno,Bueno,2,SUZUKI,AZUL,2,,36,FEMENINO,SIN DATOS,0,0,Morelia,Americas Britania,julio,lunes,16,-101.150143705308,19.6915455305887
579,579,2016,,2016/07/04,17:00:00,COLISIÓN POR CORTE DE CIRCULACIÓN,ASFALTO,Bueno,Bueno,2,NISSAN,BLANCO Y NEGRO,2,,34,MASCULINO,SIN DATOS,0,0,Morelia,Chapultepec Norte,julio,lunes,17,-101.176137328148,19.6968900378048
580,580,2016,,2016/07/04,17:50:00,COLISIÓN POR CORTE DE CIRCULACIÓN,CONCRETO,Bueno,Bueno,3,KENWORTH,BLANCO,2,,57,MASCULINO,SIN DATOS,0,0,Morelia,Central de Abastos,julio,lunes,18,-101.170231103897,19.7170303224389
581,581,2016,,2016/07/04,18:00:00,COLISIÓN POR CORTE DE CIRCULACIÓN,ASFALTO,Bueno,Bueno,2,FREIGHTLINER,BLANCO,2,,36,MASCULINO,SIN DATOS,0,0,Morelia,Primo Tapia,julio,lunes,18,-101.212577819824,19.7094249863761
582,582,2016,,2016/07/04,18:00:00,COLISIÓN CONTRA OBJETO FIJO,ASFALTO,Bueno,Bueno,2,CHEVROLET,AZUL,2,,33,MASCULINO,SIN DATOS,0,0,Morelia,Centro,julio,lunes,18,-101.179299652576,19.703549035868
583,583,2016,,2016/07/04,20:00:00,CAIDA DE MOTOCICLETA,ASFALTO,Bueno,Bueno,1,ITALIKA,NEGRO,1,,49,MASCULINO,SIN DATOS,0,0,Morelia,Ciudad Industrial,julio,lunes,20,-101.13730430603,19.7290587407899
584,584,2016,,2016/07/04,21:45:00,COLISIÓN POR CORTE DE CIRCULACIÓN,ASFALTO,Bueno,Bueno,2,NISSAN,ROJO,2,,,FEMENINO,SIN DATOS,0,0,Morelia,Ferrocarrilero,julio,lunes,22,-101.222727298737,19.6926424775488
585,585,2016,,2016/07/04,22:45:00,COLISIÓN POR CORTE DE CIRCULACIÓN,ASFALTO,Bueno,Regular,2,JEEP,VERDE,2,,57,MASCULINO,SIN DATOS,0,0,Morelia,Dr Miguel Silva,julio,lunes,23,-101.184301972389,19.7194593077354
586,586,2016,,2016/07/04,23:20:00,COLISIÓN POR ALCANCE,ASFALTO,Bueno,Bueno,2,INTERNATIONAL,ROJO,2,,62,MASCULINO,SIN DATOS,0,0,Morelia,Sentimientos de La Nacion,julio,lunes,23,-101.233246922493,19.678207001357
587,587,2016,,2016/07/05,"00:45:00",COLISIÓN CONTRA OBJETO FIJO,ASFALTO,Bueno,Bueno,1,FORD,NEGRO,1,,,,SIN DATOS,0,0,Morelia,La Esperanza,julio,martes,1,-101.250630319118,19.6986678179094
588,588,2016,,2016/07/05,"01:00:00",COLISIÓN POR ALCANCE,ASFALTO,Bueno,Bueno,2,SEAT,GRIS,2,,20,MASCULINO,SIN DATOS,0,0,Morelia,Comision Federal de Electricidad,julio,martes,1,-101.181206703186,19.6816265792016
589,589,2016,,2016/07/05,"06:00:00",COLISIÓN CONTRA OBJETO FIJO,CONCRETO,Bueno,Bueno,1,SIN DATOS,BLANCO,1,,47,,SIN DATOS,0,0,Morelia,Santa Cecilia,julio,martes,6,-101.184205412865,19.6677912348322
590,590,2016,,2016/07/05,"07:00:00",COLISIÓN CON PEATÓN,ASFALTO,Lluvioso,Regular,1,SIN DATOS,SIN DATOS,1,,,,,1,0,Morelia,Sin datos,julio,martes,7,-101.107370853424,19.7326135659864
591,591,2016,,2016/07/05,"07:30:00",SUBIDA AL CAMELLÓN,ASFALTO,Nublado,Regular,1,CHEVROLET,BLANCO,1,,55,MASCULINO,SIN DATOS,0,0,Morelia,Rafael Carrillo,julio,martes,8,-101.235709190369,19.7087129144822
592,592,2016,,2016/07/05,"07:40:00",COLISIÓN POR CORTE DE CIRCULACIÓN,ASFALTO,Lluvioso,Bueno,3,V.W.,BLANCO,3,,21,MASCULINO,SIN DATOS,0,0,Morelia,Nueva Valladolid,julio,martes,8,-101.209273338318,19.6984354954947
593,593,2016,,2016/07/05,"08:00:00",COLISIÓN CONTRA OBJETO FIJO,ASFALTO,Bueno,Bueno,1,NISSAN,BLANCO,1,,60,FEMENINO,SIN DATOS,0,0,Morelia,Prados Verdes,julio,martes,8,-101.198614239693,19.7169646736754
594,594,2016,,2016/07/05,"08:10:00",COLISIÓN POR ALCANCE,SIN_DATOS,Bueno,Bueno,2,FORD,ROJO,2,,37,FEMENINO,SIN DATOS,0,0,Morelia,La Joya,julio,martes,8,-101.197841763496,19.7202395041208
595,595,2016,,2016/07/05,"09:30:00",COLISIÓN POR CORTE DE CIRCULACIÓN,ASFALTO,Bueno,Bueno,2,MERDES BENZ,AMARILLO Y ROJO,2,,,MASCULINO,SIN DATOS,0,0,Morelia,Cañada del Bosque,julio,martes,10,-101.094002723694,19.7283316077097
596,596,2016,,2016/07/05,"09:40:00",COLISIÓN POR ALCANCE,ASFALTO,Bueno,Regular,2,V.W.,GRIS,2,,27,FEMENINO,SIN DATOS,0,0,Morelia,Barrio Alto,julio,martes,10,-101.196849346161,19.7246150980648
597,597,2016,,2016/07/05,11:00:00,COLISIÓN POR CORTE DE CIRCULACIÓN,ASFALTO,Bueno,Bueno,2,INTERNATIONAL,BLANCO,2,,,MASCULINO,SIN DATOS,0,0,Morelia,Isaac Arriaga,julio,martes,11,-101.169748306274,19.7085361585565
598,598,2016,,2016/07/05,15:00:00,COLISIÓN POR ALCANCE,SIN_DATOS,Bueno,Bueno,2,FORD,SINDATOS,2,,48,MASCULINO,SIN DATOS,0,0,Morelia,Isaac Arriaga,julio,martes,15,-101.171337515116,19.7077824185949
599,599,2016,,2016/07/05,16:00:00,COLISIÓN POR CORTE DE CIRCULACIÓN,ASFALTO,Bueno,Bueno,2,CHEVROLET,BLANCO Y AMARILLO,2,,22,MASCULINO,SIN DATOS,0,0,Morelia,Torreon Nuevo,julio,martes,16,-101.201401054859,19.7427019713709
600,600,2016,,2016/07/05,17:00:00,COLISIÓN POR CORTE DE CIRCULACIÓN,ASFALTO,Bueno,Regular,3,NISSAN,ROJO,3,,32,MASCULINO,SIN DATOS,0,0,Morelia,Ampliacion La Soledad,julio,martes,17,-101.180906295776,19.7375518140193
601,601,2016,,2016/07/05,17:00:00,COLISIÓN POR CORTE DE CIRCULACIÓN,ASFALTO,Bueno,Bueno,2,FORD,ROJO,2,,64,MASCULINO,SIN DATOS,0,0,Morelia,Lomas de Hidalgo,julio,martes,17,-101.159285008907,19.696316800521
602,602,2016,,2016/07/05,17:20:00,COLISIÓN POR CORTE DE CIRCULACIÓN,ASFALTO,Bueno,Bueno,2,CHEVROLET,AZUL,2,,34,MASCULINO,SIN DATOS,0,0,Morelia,Cinco de Diciembre,julio,martes,17,-101.165448725224,19.6846874687969
603,603,2016,,2016/07/05,17:40:00,COLISIÓN POR CORTE DE CIRCULACIÓN,CONCRETO,Bueno,Bueno,2,DODGE,BLANCO,2,,33,MASCULINO,SIN DATOS,0,0,Morelia,Felix Ireta,julio,martes,18,-101.191876530647,19.690314100025
604,604,2016,,2016/07/05,19:45:00,COLISIÓN POR CORTE DE CIRCULACIÓN,ASFALTO,Bueno,Bueno,2,FORD,ROJO,2,,34,FEMENINO,SIN DATOS,0,0,Morelia,Prados Verdes,julio,martes,20,-101.202996969223,19.7152931460781
605,605,2016,,2016/07/05,22:00:00,COLISIÓN POR CORTE DE CIRCULACIÓN,CONCRETO,Lluvioso,Regular,2,DODGE,VERDE,2,,18,MASCULINO,SIN DATOS,0,0,Morelia,Eduardo Ruiz,julio,martes,22,-101.224122047424,19.7249988720846
606,606,2016,,2016/07/06,"05:00:00",SUBIDA AL CAMELLÓN,ASFALTO,Lluvioso,Bueno,1,TOYOTA,AZUL,1,,35,MASCULINO,SIN DATOS,0,0,Morelia,Asociacion Zirahuen,julio,miércoles,5,-101.250439882278,19.6985870101512
607,607,2016,,2016/07/06,"08:30:00",COLISIÓN POR CORTE DE CIRCULACIÓN,ASFALTO,Bueno,Bueno,2,CHEVROLET,GUINDA,2,,26,MASCULINO,SIN DATOS,0,0,Morelia,Las Americas,julio,miércoles,9,-101.153979599476,19.6873038264018