fid,id_accidente,anio_origen,folio_c5i,dia_incidente,hora_ocurrencia,tipo_incidente_vial,superficie_ocurrencia,condiciones_climaticas,condiciones_via,numero_vehiculos_involucrados,marca_vehiculo_ocasiona_siniestro,color_vehiculo_ocasiona_siniestro,numero_personas_involucradas,lugar_remite_presunto_responsable,edad_presunto_responsable,sexo_presunto_responsable,resultados_toxicologia,numero_personas_lesionadas,numero_personas_fallecidas,municipio,colonia,mes,dia_semana,hora_redondeada,lon,lat
608,608,2016,,2016/07/06,"09:40:00",COLISIÓN CON PEATÓN,ASFALTO,Bueno,Bueno,1,ACURA,ROJO,2,,39,FEMENINO,SIN DATOS,1,0,Morelia,La Colina,julio,miércoles,10,-101.216150522232,19.7039025585455
609,609,2016,,2016/07/06,13:15:00,COLISIÓN POR CORTE DE CIRCULACIÓN,ASFALTO,Bueno,Bueno,2,NISSAN,AZUL Y NEGRO,2,,31,MASCULINO,SIN DATOS,0,0,Morelia,Ventura Puente,julio,miércoles,13,-101.179860234261,19.6901524760333
610,610,2016,,2016/07/06,13:40:00,COLISIÓN POR CORTE DE CIRCULACIÓN,ASFALTO,Bueno,Bueno,3,FORD,BLANCO,2,,30,MASCULINO,SIN DATOS,0,0,Morelia,Enrique Arreguin Robles,julio,miércoles,14,-101.183054745197,19.7235571899094
611,611,2016,,2016/07/06,15:20:00,COLISIÓN POR CORTE DE CIRCULACIÓN,ASFALTO,Bueno,Bueno,2,FORD,BLANCO,2,,27,MASCULINO,SIN DATOS,0,0,Morelia,Elias Perez Avalos,julio,miércoles,15,-101.16584032774,19.7102506827942
612,612,2016,,2016/07/06,16:30:00,COLISIÓN POR ALCANCE,CONCRETO,Bueno,Bueno,2,ITALIKA,ROJO,2,,49,MASCULINO,SIN DATOS,0,0,Morelia,Jacarandas,julio,miércoles,17,-101.211070418358,19.7087886669621
613,613,2016,,2016/07/06,17:20:00,COLISIÓN POR CORTE DE CIRCULACIÓN,CONCRETO,Nublado,Bueno,2,SEAT,PLATA,2,,21,MASCULINO,SIN DATOS,0,0,Morelia,Nueva Valladolid,julio,miércoles,17,-101.210582256317,19.7009405193948
614,614,2016,,2016/07/06,17:50:00,COLISIÓN POR ALCANCE,ASFALTO,Nublado,Bueno,2,FORD,ROJO,2,,30,MASCULINO,SIN DATOS,0,0,Morelia,Libertad,julio,miércoles,18,-101.237962245941,19.6873240297691
615,615,2016,,2016/07/06,18:10:00,COLISIÓN POR CORTE DE CIRCULACIÓN,ASFALTO,Bueno,Bueno,2,V.W.,NEGRO,2,,73,MASCULINO,SIN DATOS,0,0,Morelia,Lomas de Santiaguito,julio,miércoles,18,-101.180235743523,19.7215196239204
616,616,2016,,2016/07/06,22:30:00,SALIDA DE SUPERFICIE DE RODAMIENTO,ASFALTO,Nublado,Bueno,1,MINI,AZUL,1,,53,MASCULINO,SIN DATOS,0,0,Morelia,Lomas de Huerta,julio,miércoles,23,-101.210453510284,19.6725546882978
617,617,2016,,2016/07/07,"01:00:00",VOLCADURA,ASFALTO,Bueno,Bueno,1,FORD,PLATA,1,,18,MASCULINO,SIN DATOS,0,0,Morelia,Valle de Las Flores,julio,jueves,1,-101.131188869476,19.6858188719256
618,618,2016,,2016/07/07,"01:15:00",COLISIÓN POR ALCANCE,ASFALTO,Lluvioso,Bueno,2,NISSAN,GRIS,2,,36,MASCULINO,SIN DATOS,0,0,Morelia,San Pascual,julio,jueves,1,-101.267407536507,19.6954708298537
619,619,2016,,2016/07/07,"09:30:00",COLISIÓN CON PEATÓN,CONCRETO,Bueno,Regular,1,HONDA,BLANCO,3,,40,MASCULINO,SIN DATOS,2,0,Morelia,Industrial,julio,jueves,10,-101.19227014482,19.7108137699555
620,620,2016,,2016/07/07,11:20:00,COLISIÓN POR CORTE DE CIRCULACIÓN,CONCRETO,Bueno,Bueno,2,MAZDA,GRIS,2,,35,MASCULINO,SIN DATOS,0,0,Morelia,Ejidal Ocolusen,julio,jueves,11,-101.158933639526,19.687813960646
621,621,2016,,2016/07/07,11:40:00,COLISIÓN POR ALCANCE,ASFALTO,Bueno,Bueno,3,CHEVROLET,VERDE,3,,21,MASCULINO,SIN DATOS,0,0,Morelia,Americas Britania,julio,jueves,12,-101.149653196335,19.6933546209614
622,622,2016,,2016/07/07,13:00:00,COLISIÓN POR CORTE DE CIRCULACIÓN,ASFALTO,Bueno,Malo,2,NISSAN,BLANCO,2,,54,MASCULINO,SIN DATOS,0,0,Morelia,Morelos,julio,jueves,13,-101.183116436005,19.7237667522243
623,623,2016,,2016/07/07,14:00:00,COLISIÓN POR ALCANCE,ASFALTO,Bueno,Bueno,2,HONDA,ARENA,2,,22,MASCULINO,SIN DATOS,0,0,Morelia,Cinco de Diciembre,julio,jueves,14,-101.159834861755,19.6879301296032
624,624,2016,,2016/07/07,15:34:00,COLISIÓN POR CORTE DE CIRCULACIÓN,ASFALTO,Bueno,Bueno,2,CHEVROLET,ROJO,2,,53,MASCULINO,SIN DATOS,0,0,Morelia,Asociacion Zirahuen,julio,jueves,16,-101.250171661377,19.6987789285102
625,625,2016,,2016/07/07,16:20:00,COLISIÓN POR ALCANCE,ASFALTO,Bueno,Bueno,2,NISSAN,PLATA,2,,33,MASCULINO,SIN DATOS,0,0,Morelia,Ventura Puente,julio,jueves,16,-101.180786266923,19.6885106574495
626,626,2016,,2016/07/07,17:50:00,COLISIÓN POR CORTE DE CIRCULACIÓN,ASFALTO,Bueno,Bueno,2,VOLVO,BLANCO,2,,25,MASCULINO,SIN DATOS,0,0,Morelia,Fuentes de Valladolid,julio,jueves,18,-101.221450567245,19.6726910735339
627,627,2016,,2016/07/07,19:30:00,COLISIÓN POR ALCANCE,CONCRETO,Bueno,Bueno,2,NISSAN,BLANCO,2,,53,FEMENINO,SIN DATOS,0,0,Morelia,La Loma,julio,jueves,20,-101.181351542473,19.681338670735
628,628,2016,,2016/07/08,"03:30:00",COLISIÓN POR CORTE DE CIRCULACIÓN,ASFALTO,Bueno,Bueno,2,DODGE,BLANCO Y VERDE,1,,33,MASCULINO,SIN DATOS,0,0,Morelia,Plan de La Garita,julio,viernes,4,-101.188258565962,19.7125639357224
629,629,2016,,2016/07/08,"03:47:00",COLISIÓN CONTRA OBJETO FIJO,ASFALTO,Bueno,Bueno,1,V.W.,AZUL,1,,27,MASCULINO,SIN DATOS,0,0,Morelia,Indeco El Vivero,julio,viernes,4,-101.229786872864,19.6771816188865
630,630,2016,,2016/07/08,"05:35:00",COLISIÓN CONTRA OBJETO FIJO,ASFALTO,Bueno,Bueno,1,NISSAN,PLATA,1,,21,MASCULINO,SIN DATOS,0,0,Morelia,Elias Perez Avalos,julio,viernes,6,-101.165918111801,19.7102835085575
631,631,2016,,2016/07/08,"06:45:00",COLISIÓN POR ALCANCE,CONCRETO,Bueno,Bueno,3,HONDA,NEGRO,3,,29,FEMENINO,SIN DATOS,0,0,Morelia,Libertad,julio,viernes,7,-101.233930885792,19.6862380951625
632,632,2016,,2016/07/08,"07:15:00",COLISIÓN POR ALCANCE,ASFALTO,Bueno,Bueno,2,FORD,AZUL,2,,33,MASCULINO,SIN DATOS,0,0,Morelia,Libertad,julio,viernes,7,-101.236996650696,19.6851218477291
633,633,2016,,2016/07/08,"07:30:00",COLISIÓN POR CORTE DE CIRCULACIÓN,ASFALTO,Bueno,Bueno,2,FREIGHTLINER,AMARILLO,2,,26,MASCULINO,SIN DATOS,0,0,Morelia,Las Americas,julio,viernes,8,-101.153640300035,19.6874831311976
634,634,2016,,2016/07/08,"08:35:00",COLISIÓN POR CORTE DE CIRCULACIÓN,ASFALTO,Bueno,Bueno,2,NISSAN,ARENA,2,MINISTERIO PÚBLICO,49,MASCULINO,CON CERTIFICADO,1,0,Morelia,Arcos del Valle,julio,viernes,9,-101.236191987991,19.7075867233842
635,635,2016,,2016/07/08,10:35:00,COLISIÓN POR CORTE DE CIRCULACIÓN,ASFALTO,Bueno,Bueno,2,JEEP,ARENA,2,,63,MASCULINO,SIN DATOS,0,0,Morelia,Jesus Romero Flores,julio,viernes,11,-101.182950139046,19.7316087299522
636,636,2016,,2016/07/08,12:15:00,COLISIÓN CON PEATÓN,CONCRETO,Bueno,Bueno,1,HARLEYD,NEGRO Y DORADO,2,,23,MASCULINO,SIN DATOS,1,0,Morelia,Las Flores,julio,viernes,12,-101.206805706024,19.7023470529215
637,637,2016,,2016/07/08,12:40:00,COLISIÓN POR CORTE DE CIRCULACIÓN,ASFALTO,Bueno,Bueno,2,PEUGEOT,GRIS,2,,65,MASCULINO,SIN DATOS,0,0,Morelia,Camelinas,julio,viernes,13,-101.17409851402,19.6819984602052
638,638,2016,,2016/07/08,14:10:00,COLISIÓN POR CORTE DE CIRCULACIÓN,ASFALTO,Bueno,Bueno,2,CHEVROLET,BLANCO Y ROJO,2,,40,MASCULINO,SIN DATOS,0,0,Morelia,Diego Rivera,julio,viernes,14,-101.177816390991,19.7196158522994
639,639,2016,,2016/07/08,15:15:00,COLISIÓN POR CORTE DE CIRCULACIÓN,ASFALTO,Bueno,Bueno,2,FORD,GUINDA,2,,,FEMENINO,SIN DATOS,0,0,Morelia,Industrial,julio,viernes,15,-101.197547391057,19.7118269430948
640,640,2016,,2016/07/08,15:20:00,COLISIÓN POR ALCANCE,ASFALTO,Bueno,Bueno,2,HONDA,GRIS,2,,44,FEMENINO,SIN DATOS,0,0,Morelia,Camelinas,julio,viernes,15,-101.17114841938,19.6818993341137
641,641,2016,,2016/07/08,15:30:00,COLISIÓN POR ALCANCE,ASFALTO,Bueno,Bueno,2,NISSAN,VINO,2,,22,MASCULINO,SIN DATOS,0,0,Morelia,Libertad,julio,viernes,16,-101.23774766922,19.6869805721781
642,642,2016,,2016/07/08,16:30:00,COLISIÓN POR CORTE DE CIRCULACIÓN,ASFALTO,Bueno,Bueno,3,PEUGEOT,PLATA,3,,77,MASCULINO,SIN DATOS,0,0,Morelia,Cuauhtemoc,julio,viernes,17,-101.179163163351,19.6943730831236
643,643,2016,,2016/07/08,16:30:00,COLISIÓN CONTRA OBJETO FIJO,ASFALTO,Bueno,Bueno,2,FORD,BLANCO,2,,45,MASCULINO,SIN DATOS,0,0,Morelia,Eduardo Ruiz,julio,viernes,17,-101.218199729919,19.7194643575625
644,644,2016,,2016/07/08,17:45:00,COLISIÓN POR CORTE DE CIRCULACIÓN,ASFALTO,Bueno,Bueno,2,NISSAN,BLANCO Y AZUL,2,,,MASCULINO,SIN DATOS,0,0,Morelia,Erendira,julio,viernes,18,-101.164601817727,19.7043854945121
645,645,2016,,2016/07/08,18:00:00,COLISIÓN CONTRA OBJETO FIJO,CONCRETO,Bueno,Bueno,3,CAN-AM,BLANCO,3,,19,FEMENINO,SIN DATOS,0,0,Morelia,Fidel Velazquez,julio,viernes,18,-101.236242949963,19.7025667437563
646,646,2016,,2016/07/08,18:30:00,COLISIÓN POR ALCANCE,ASFALTO,Bueno,Bueno,2,FORD,GUINDA,2,,18,MASCULINO,SIN DATOS,0,0,Morelia,Morelia 450,julio,viernes,19,-101.215893030167,19.675080321991
647,647,2016,,2016/07/08,19:15:00,COLISIÓN POR CORTE DE CIRCULACIÓN,ASFALTO,Bueno,Bueno,2,FORD,BLANCO,2,,37,MASCULINO,SIN DATOS,0,0,Morelia,Indeco Santiaguito,julio,viernes,19,-101.17790222168,19.7197067490726
648,648,2016,,2016/07/08,19:20:00,COLISIÓN POR CORTE DE CIRCULACIÓN,ASFALTO,Bueno,Bueno,3,INTERNATIONAL,SINDATOS,3,,42,MASCULINO,SIN DATOS,0,0,Morelia,Camelinas,julio,viernes,19,-101.172403693199,19.6820508644198
649,649,2016,,2016/07/08,20:00:00,COLISIÓN CONTRA OBJETO FIJO,ASFALTO,Nublado,Bueno,1,NISSAN,BLANCO Y ROSA,1,,49,MASCULINO,SIN DATOS,0,0,Morelia,Canteras de Morelia,julio,viernes,20,-101.171915531158,19.7152224466404
650,650,2016,,2016/07/08,22:00:00,COLISIÓN POR ALCANCE,CONCRETO,Bueno,Regular,3,VOLKSWAGEN,ROJO,2,,35,FEMENINO,SIN DATOS,0,0,Morelia,Prados Verdes,julio,viernes,22,-101.201248168945,19.715818340922
651,651,2016,,2016/07/08,22:10:00,COLISIÓN POR ALCANCE,ASFALTO,Lluvioso,Regular,2,VOLKSWAGEN,GRIS,2,,24,MASCULINO,SIN DATOS,0,0,Morelia,Carlos Salazar,julio,viernes,22,-101.20929479599,19.712697446229
652,652,2016,,2016/07/08,22:50:00,VOLCADURA,ASFALTO,Bueno,Bueno,1,FORD,AZUL,1,,27,MASCULINO,SIN DATOS,0,0,Morelia,Josefa Ortiz de Dominguez,julio,viernes,23,-101.209088265896,19.6718121444205
653,653,2016,,2016/07/09,"04:15:00",SUBIDA AL CAMELLÓN,ASFALTO,Nublado,Bueno,1,MAZDA,AZUL,1,,27,MASCULINO,SIN DATOS,0,0,Morelia,La Quemada,julio,sábado,4,-101.241486668587,19.7056171324491
654,654,2016,,2016/07/09,10:00:00,COLISIÓN CON PEATÓN,ASFALTO,Bueno,Bueno,1,NISSAN,BLANCO,2,,44,MASCULINO,SIN DATOS,1,0,Morelia,Agua Clara,julio,sábado,10,-101.226868629456,19.7041272975557
655,655,2016,,2016/07/09,11:00:00,COLISIÓN POR ALCANCE,CONCRETO,Bueno,Bueno,2,NISSAN,BLANCO,2,,25,MASCULINO,SIN DATOS,0,0,Morelia,Prados Verdes,julio,sábado,11,-101.197192668915,19.716242535498
656,656,2016,,2016/07/09,11:35:00,COLISIÓN POR CORTE DE CIRCULACIÓN,CONCRETO,Bueno,Bueno,2,TOYOTA,CREMA,2,,33,MASCULINO,SIN DATOS,0,0,Morelia,Cruz del Barreno,julio,sábado,12,-101.207478940487,19.7234094861849
657,657,2016,,2016/07/09,17:25:00,COLISIÓN POR CORTE DE CIRCULACIÓN,ASFALTO,Bueno,Bueno,2,NISSAN,BLANCO Y ROJO,2,,46,MASCULINO,CON CERTIFICADO,0,0,Morelia,Enrique Arreguin Robles,julio,sábado,17,-101.188126802444,19.7214893253454
658,658,2016,,2016/07/09,17:40:00,COLISIÓN POR CORTE DE CIRCULACIÓN,ASFALTO,Lluvioso,Bueno,2,V.W.,GRIS,2,,27,MASCULINO,SIN DATOS,0,0,Morelia,Avicola Benito Juarez,julio,sábado,18,-101.279504299164,19.6915060719249
659,659,2016,,2016/07/09,18:56:00,COLISIÓN POR CORTE DE CIRCULACIÓN,CONCRETO,Bueno,Bueno,2,NISSAN,AZUL,2,,48,MASCULINO,SIN DATOS,0,0,Morelia,Centro,julio,sábado,19,-101.201358139515,19.6986627674257
660,660,2016,,2016/07/09,19:00:00,COLISIÓN POR CORTE DE CIRCULACIÓN,ASFALTO,Bueno,Bueno,2,JEEP,VERDE,2,,56,FEMENINO,SIN DATOS,0,0,Morelia,La Quemada,julio,sábado,19,-101.239206790924,19.7014051566132
661,661,2016,,2016/07/09,20:20:00,COLISIÓN POR CORTE DE CIRCULACIÓN,CONCRETO,Nublado,Bueno,2,TOYOTA,BLANCO,1,,56,FEMENINO,SIN DATOS,0,0,Morelia,Chapultepec Sur,julio,sábado,20,-101.178444027901,19.6926399522119
662,662,2016,,2016/07/09,23:00:00,COLISIÓN POR CORTE DE CIRCULACIÓN,CONCRETO,Bueno,Regular,2,VOLVO,GRIS,2,,50,MASCULINO,SIN DATOS,0,0,Morelia,Enrique Arreguin Robles,julio,sábado,23,-101.186141967773,19.7206965105909
663,663,2016,,2016/07/09,23:40:00,VOLCADURA,ASFALTO,Bueno,Bueno,1,NISSAN,NEGRO,1,,27,MASCULINO,SIN DATOS,0,0,Morelia,Sin datos,julio,sábado,0,-101.268689632416,19.638404215655
664,664,2016,,2016/07/10,"00:05:00",COLISIÓN POR ALCANCE,ASFALTO,Bueno,Bueno,4,NISSAN,AZUL,4,,22,MASCULINO,SIN DATOS,0,0,Morelia,Fidel Velazquez,julio,domingo,0,-101.234958171844,19.7024859379671
665,665,2016,,2016/07/10,"01:40:00",COLISIÓN CONTRA OBJETO FIJO,ASFALTO,Nublado,Regular,1,TOYOTA,GRIS,1,,45,MASCULINO,SIN DATOS,0,0,Morelia,Irrigacion,julio,domingo,2,-101.227598190308,19.7044353662478
666,666,2016,,2016/07/10,"04:15:00",COLISIÓN CONTRA OBJETO FIJO,ASFALTO,Bueno,Bueno,1,NISSAN,AMARILLO,1,,35,MASCULINO,CON CERTIFICADO,0,0,Morelia,Ana Maria Gallaga (Riviera Norte),julio,domingo,4,-101.22367143631,19.6768381395473
667,667,2016,,2016/07/10,"06:50:00",COLISIÓN POR ALCANCE,ASFALTO,Bueno,Regular,2,NISSAN,BLANCO Y AZUL,2,,38,MASCULINO,SIN DATOS,0,0,Morelia,Quinceo,julio,domingo,7,-101.223108172417,19.7267813893309
668,668,2016,,2016/07/10,"08:20:00",COLISIÓN POR CORTE DE CIRCULACIÓN,ASFALTO,Bueno,Bueno,2,CHEVROLET,BLANCO,2,,24,MASCULINO,CON CERTIFICADO,0,0,Morelia,Chapultepec Norte,julio,domingo,8,-101.172367483377,19.6940074163066
669,669,2016,,2016/07/10,"09:00:00",COLISIÓN CONTRA OBJETO FIJO,ASFALTO,Bueno,Bueno,1,VOLKSWAGEN,NEGRO,1,,22,MASCULINO,SIN DATOS,0,0,Morelia,Alberto Oviedo Mota,julio,domingo,9,-101.202224493027,19.6772422328111
670,670,2016,,2016/07/10,12:00:00,COLISIÓN POR CORTE DE CIRCULACIÓN,ASFALTO,Bueno,Bueno,2,MASA,AMARILLO,2,,44,MASCULINO,SIN DATOS,0,0,Morelia,Jardines del Rincon,julio,domingo,12,-101.15320712328,19.6873088772438
671,671,2016,,2016/07/10,18:38:00,CAIDA DE MOTOCICLETA,ASFALTO,Bueno,Bueno,1,ITALIKA,ROJO,1,,27,MASCULINO,SIN DATOS,0,0,Morelia,El Lago 3,julio,domingo,19,-101.220385730267,19.7273166455852
672,672,2016,,2016/07/10,19:00:00,COLISIÓN POR ALCANCE,CONCRETO,Bueno,Bueno,2,MERCEDEZ BENZ,PLATA,2,,29,FEMENINO,SIN DATOS,0,0,Pátzcuaro,Centro,julio,domingo,19,-101.611070930958,19.5161646625698
673,673,2016,,2016/07/10,19:30:00,COLISIÓN POR ALCANCE,ASFALTO,Bueno,Bueno,3,FORD,GRIS,3,,34,MASCULINO,CON CERTIFICADO,0,0,Morelia,Colinas del Sur,julio,domingo,20,-101.197318732738,19.6624100796222
674,674,2016,,2016/07/11,"00:30:00",COLISIÓN CONTRA OBJETO FIJO,ASFALTO,Bueno,Bueno,1,V.W.,ROJO,1,,23,FEMENINO,SIN DATOS,0,0,Morelia,Los Manantiales de Morelia,julio,lunes,1,-101.243197917938,19.7002738636378
675,675,2016,,2016/07/11,"08:00:00",COLISIÓN CONTRA OBJETO FIJO,ASFALTO,Lluvioso,Regular,1,CHEVROLET,AZUL,1,,22,FEMENINO,SIN DATOS,0,0,Morelia,Felix Ireta,julio,lunes,8,-101.195755004883,19.6816467832851
676,676,2016,,2016/07/11,"08:30:00",COLISIÓN POR ALCANCE,ASFALTO,Nublado,Bueno,2,CHEVROLET,AZUL,4,,34,MASCULINO,SIN DATOS,2,0,Morelia,Fidel Velazquez,julio,lunes,9,-101.237908601761,19.706601930948
678,678,2016,,2016/07/11,12:45:00,COLISIÓN CON PEATÓN,ASFALTO,Bueno,Bueno,2,ITALIKA,AZUL,2,,52,MASCULINO,SIN DATOS,0,0,Morelia,Centro,julio,lunes,13,-101.188794672489,19.7105814651785
679,679,2016,,2016/07/11,13:20:00,COLISIÓN POR CORTE DE CIRCULACIÓN,ASFALTO,Nublado,Malo,2,FORD,BEIGE,2,,32,MASCULINO,SIN DATOS,0,0,Morelia,Sentimientos de La Nacion,julio,lunes,13,-101.234019398689,19.6845510937729
680,680,2016,,2016/07/11,13:40:00,COLISIÓN POR CORTE DE CIRCULACIÓN,CONCRETO,Bueno,Regular,2,NISSAN,BLANCO Y AZUL,2,,36,MASCULINO,SIN DATOS,0,0,Morelia,Centro,julio,lunes,14,-101.201720237732,19.7030010741741
681,681,2016,,2016/07/11,17:40:00,SALIDA DE SUPERFICIE DE RODAMIENTO,ASFALTO,Bueno,Bueno,1,GMC,BLANCO,1,,28,MASCULINO,SIN DATOS,0,0,Morelia,Rafael Carrillo,julio,lunes,18,-101.234502196312,19.7105107636577
682,682,2016,,2016/07/11,18:55:00,COLISIÓN POR CORTE DE CIRCULACIÓN,ASFALTO,Bueno,Bueno,2,DODGE,BLANCO,2,,52,MASCULINO,SIN DATOS,0,0,Morelia,Irrigacion,julio,lunes,19,-101.225109100342,19.7049403956071
683,683,2016,,2016/07/11,20:15:00,COLISIÓN POR ALCANCE,ASFALTO,Nublado,Regular,2,TOYOTA,BLANCO,2,,33,FEMENINO,SIN DATOS,0,0,Morelia,Lomas de Guayangareo,julio,lunes,20,-101.160320341587,19.7044505171518
684,684,2016,,2016/07/12,"00:00:00",COLISIÓN CONTRA OBJETO FIJO,ASFALTO,Lluvioso,Regular,1,FORD,NEGRO,0,,,,,0,0,Morelia,Eduardo Ruiz,julio,martes,0,-101.224100589752,19.7250190706917
685,685,2016,,2016/07/12,"07:40:00",COLISIÓN POR ALCANCE,ASFALTO,Lluvioso,Regular,2,CHEVROLET,PLATA,2,,65,MASCULINO,SIN DATOS,0,0,Morelia,Justo Mendoza,julio,martes,8,-101.23124063015,19.7145634253784
686,686,2016,,2016/07/12,"08:15:00",COLISIÓN POR CORTE DE CIRCULACIÓN,CONCRETO,Lluvioso,Bueno,2,NISSAN,BLANCO Y CREMA,2,,28,MASCULINO,SIN DATOS,0,0,Morelia,Centro,julio,martes,8,-101.190106272697,19.7018748428648
687,687,2016,,2016/07/12,"08:30:00",COLISIÓN POR CORTE DE CIRCULACIÓN,ASFALTO,Lluvioso,Bueno,2,GENERAL MOTORS,VERDE,2,,18,MASCULINO,SIN DATOS,0,0,Morelia,Indeco Expropiacion Petrolera,julio,martes,9,-101.225724667311,19.6858930568404
688,688,2016,,2016/07/12,"08:30:00",COLISIÓN POR ALCANCE,ASFALTO,Lluvioso,Regular,2,V.W.,PLATA,2,,24,MASCULINO,SIN DATOS,0,0,Morelia,Fidel Velazquez,julio,martes,9,-101.234746277332,19.7024935135116
689,689,2016,,2016/07/12,"09:00:00",COLISIÓN POR CORTE DE CIRCULACIÓN,CONCRETO,Lluvioso,Bueno,2,V.W.,AZUL,2,,33,MASCULINO,SIN DATOS,0,0,Morelia,Indeco El Vivero,julio,martes,9,-101.229894161224,19.6821114765021
690,690,2016,,2016/07/12,10:30:00,COLISIÓN POR ALCANCE,ASFALTO,Nublado,Bueno,2,NISSAN,BLANCO,2,,29,MASCULINO,SIN DATOS,0,0,Morelia,La Colina,julio,martes,11,-101.216145157814,19.7039353856116
692,692,2016,,2016/07/12,11:00:00,COLISIÓN POR ALCANCE,ASFALTO,Lluvioso,Bueno,2,CHRYSLER,BLANCO,2,,28,MASCULINO,SIN DATOS,0,0,Morelia,Loma de Los Piñones,julio,martes,11,-101.205110549927,19.6742115084919
693,693,2016,,2016/07/12,13:00:00,COLISIÓN POR CORTE DE CIRCULACIÓN,ASFALTO,Nublado,Bueno,2,CHEVROLET,NARANJA,2,,59,MASCULINO,SIN DATOS,0,0,Morelia,Cuauhtemoc,julio,martes,13,-101.179254055023,19.6936677610337
694,694,2016,,2016/07/12,14:00:00,COLISIÓN POR CORTE DE CIRCULACIÓN,CONCRETO,Lluvioso,Bueno,2,FORD,NEGRO,2,,,MASCULINO,SIN DATOS,0,0,Morelia,Villas del Pedregal,julio,martes,14,-101.304202079773,19.6804143295287
695,695,2016,,2016/07/12,14:30:00,COLISIÓN POR CORTE DE CIRCULACIÓN,ASFALTO,Nublado,Bueno,2,CHEVROLET,PLATA,2,,47,FEMENINO,SIN DATOS,0,0,Morelia,Ignacio Zaragoza,julio,martes,15,-101.204853057861,19.7253801203627
696,696,2016,,2016/07/12,14:30:00,COLISIÓN POR CORTE DE CIRCULACIÓN,ASFALTO,Nublado,Bueno,2,NISSAN,BLANCO Y MORADO,2,,28,MASCULINO,SIN DATOS,0,0,Morelia,Ciudad Industrial,julio,martes,15,-101.138237714767,19.7289779483889
697,697,2016,,2016/07/12,15:15:00,COLISIÓN POR CORTE DE CIRCULACIÓN,CONCRETO,Nublado,Bueno,2,CHEVROLET,ROJO,2,,25,MASCULINO,SIN DATOS,0,0,Morelia,Agustin Arriaga Rivera,julio,martes,15,-101.221714764833,19.6934127034404
698,698,2016,,2016/07/12,15:50:00,COLISIÓN POR ALCANCE,ASFALTO,Lluvioso,Bueno,3,FORD,ROJO,2,,52,MASCULINO,SIN DATOS,0,0,Morelia,Primo Tapia Oriente,julio,martes,16,-101.158053874969,19.7138892513917
699,699,2016,,2016/07/12,18:15:00,COLISIÓN CONTRA OBJETO FIJO,CONCRETO,Nublado,Regular,2,NISSAN,BLANCO,1,,,,SIN DATOS,0,0,Morelia,Centro,julio,martes,18,-101.19157075882,19.6990920579702
700,700,2016,,2016/07/12,18:20:00,COLISIÓN POR ALCANCE,CONCRETO,Nublado,Bueno,1,DODGE,ROJO,0,,,,,0,0,Morelia,Altos del Durazno,julio,martes,18,-101.184312701225,19.6630301656201
701,701,2016,,2016/07/12,18:30:00,COLISIÓN POR CORTE DE CIRCULACIÓN,CONCRETO,Bueno,Bueno,2,CHEVROLET,CAFE,2,,32,MASCULINO,SIN DATOS,0,0,Morelia,Loma Real,julio,martes,19,-101.198002696037,19.7294021080386
702,702,2016,,2016/07/12,19:00:00,COLISIÓN POR CORTE DE CIRCULACIÓN,ASFALTO,Nublado,Bueno,2,NISSAN,BLANCO,2,,,FEMENINO,SIN DATOS,0,0,Morelia,Felix Ireta,julio,martes,19,-101.191935539246,19.6880513492947
703,703,2016,,2016/07/12,19:40:00,COLISIÓN POR CORTE DE CIRCULACIÓN,ASFALTO,Bueno,Bueno,2,RENAULT,VERDE,3,,26,FEMENINO,SIN DATOS,1,0,Morelia,Isaac Arriaga,julio,martes,20,-101.167005795697,19.709639256089
704,704,2016,,2016/07/12,19:50:00,COLISIÓN POR CORTE DE CIRCULACIÓN,ASFALTO,Lluvioso,Bueno,2,FAMSA,ROJO,2,,55,MASCULINO,SIN DATOS,0,0,Morelia,Leandro Valle,julio,martes,20,-101.231878995895,19.7216660669521
705,705,2016,,2016/07/13,"08:20:00",COLISIÓN POR CORTE DE CIRCULACIÓN,ASFALTO,Bueno,Bueno,2,CHEVROLET,PLATA,2,,42,FEMENINO,SIN DATOS,0,0,Morelia,Felix Ireta,julio,miércoles,8,-101.182837486267,19.6814245382266
706,706,2016,,2016/07/13,10:00:00,COLISIÓN POR CORTE DE CIRCULACIÓN,ASFALTO,Bueno,Bueno,2,NISSAN,AZUL,2,,,MASCULINO,SIN DATOS,0,0,Morelia,Nueva Valladolid,julio,miércoles,10,-101.209793686867,19.702102109911
707,707,2016,,2016/07/13,10:20:00,COLISIÓN POR CORTE DE CIRCULACIÓN,ASFALTO,Bueno,Regular,2,V.W.,GRIS,2,,58,MASCULINO,SIN DATOS,0,0,Morelia,Rafael Carrillo,julio,miércoles,10,-101.236664056778,19.7077483297689
708,708,2016,,2016/07/13,14:15:00,COLISIÓN POR ALCANCE,CONCRETO,Bueno,Bueno,0,,,0,,,,,0,0,Morelia,Villa Universidad,julio,miércoles,14,-101.195583343506,19.6885400152455
709,709,2016,,2016/07/13,15:25:00,COLISIÓN POR CORTE DE CIRCULACIÓN,ASFALTO,Bueno,Bueno,2,KENWORTH,BLANCO,2,,25,MASCULINO,SIN DATOS,0,0,Morelia,Indeco Santiaguito,julio,miércoles,15,-101.178116798401,19.7197471476219