fid,id_accidente,anio_origen,folio_c5i,dia_incidente,hora_ocurrencia,tipo_incidente_vial,superficie_ocurrencia,condiciones_climaticas,condiciones_via,numero_vehiculos_involucrados,marca_vehiculo_ocasiona_siniestro,color_vehiculo_ocasiona_siniestro,numero_personas_involucradas,lugar_remite_presunto_responsable,edad_presunto_responsable,sexo_presunto_responsable,resultados_toxicologia,numero_personas_lesionadas,numero_personas_fallecidas,municipio,colonia,mes,dia_semana,hora_redondeada,lon,lat
710,710,2016,,2016/07/13,15:50:00,COLISIÓN POR ALCANCE,ASFALTO,Bueno,Regular,2,VOLKSWAGEN,ROJO,2,,40,FEMENINO,SIN DATOS,0,0,Morelia,La Huerta,julio,miércoles,16,-101.216053962708,19.674888375228
711,711,2016,,2016/07/13,17:00:00,COLISIÓN POR CORTE DE CIRCULACIÓN,SIN_DATOS,Lluvioso,Regular,2,DINAMO,NEGRO,2,,22,MASCULINO,SIN DATOS,0,0,Morelia,Industrial,julio,miércoles,17,-101.196787655354,19.7107569563184
712,712,2016,,2016/07/13,21:40:00,CAIDA DE MOTOCICLETA,ASFALTO,Lluvioso,Bueno,1,HONDA,PLATA,1,,26,MASCULINO,SIN DATOS,0,0,Morelia,Cosmos,julio,miércoles,22,-101.216504573822,19.6834903951776
713,713,2016,,2016/07/13,22:00:00,COLISIÓN CONTRA OBJETO FIJO,ASFALTO,Nublado,Regular,1,CHRYSLER,BLANCO Y ROJO,1,,61,MASCULINO,SIN DATOS,0,0,Morelia,La Huerta,julio,miércoles,22,-101.216021776199,19.6748681702922
714,714,2016,,2016/07/14,"02:30:00",COLISIÓN POR CORTE DE CIRCULACIÓN,ASFALTO,Lluvioso,Regular,2,CHEVROLET,GRIS,2,,27,MASCULINO,SIN DATOS,0,0,Morelia,Centro,julio,jueves,3,-101.178148984909,19.6991930673427
715,715,2016,,2016/07/14,"03:00:00",COLISIÓN CONTRA OBJETO FIJO,CONCRETO,Lluvioso,Bueno,1,TOYOTA,NEGRO,0,,,,,0,0,Morelia,Villas del Pedregal,julio,jueves,3,-101.303644180298,19.6849703203284
716,716,2016,,2016/07/14,"08:10:00",SALIDA DE SUPERFICIE DE RODAMIENTO,ASFALTO,Bueno,Bueno,2,TOYOTA,ROJO,2,,30,MASCULINO,SIN DATOS,0,0,Morelia,Lazaro Cardenas,julio,jueves,8,-101.163064241409,19.7113339294282
717,717,2016,,2016/07/14,"08:30:00",INCENDIO,ASFALTO,Lluvioso,Bueno,1,FORD,GRIS,1,,37,MASCULINO,SIN DATOS,0,0,Morelia,Puerta Tres Marias Norte,julio,jueves,9,-101.141359806061,19.6922737779415
718,718,2016,,2016/07/14,10:00:00,COLISIÓN POR CORTE DE CIRCULACIÓN,ASFALTO,Bueno,Bueno,2,NISSAN,GRIS,2,,52,MASCULINO,SIN DATOS,0,0,Morelia,Cosmos,julio,jueves,10,-101.215496063232,19.6851218477291
719,719,2016,,2016/07/14,12:15:00,COLISIÓN POR CORTE DE CIRCULACIÓN,ASFALTO,Bueno,Bueno,2,MINI,ROJO,2,MINISTERIO PÚBLICO,43,FEMENINO,SIN DATOS,0,0,Morelia,Chapultepec Oriente,julio,jueves,12,-101.160049438477,19.6943344443084
720,720,2016,,2016/07/14,12:50:00,COLISIÓN POR CORTE DE CIRCULACIÓN,ASFALTO,Bueno,Bueno,2,CHRYSLER,AZUL,2,,38,MASCULINO,SIN DATOS,0,0,Morelia,Pascual Ortiz de Ayala,julio,jueves,13,-101.149942874908,19.6949203151971
721,721,2016,,2016/07/14,14:20:00,COLISIÓN POR CORTE DE CIRCULACIÓN,CONCRETO,Bueno,Bueno,2,CHEVROLET,BLANCO,2,,29,MASCULINO,SIN DATOS,0,0,Morelia,Centro,julio,jueves,14,-101.195991039276,19.705692886395
722,722,2016,,2016/07/14,14:20:00,COLISIÓN POR ALCANCE,CONCRETO,Bueno,Bueno,2,CHEVROLET,BLANCO,2,,29,MASCULINO,SIN DATOS,0,0,Morelia,Centro,julio,jueves,14,-101.196039319038,19.7056777356087
723,723,2016,,2016/07/14,15:55:00,COLISIÓN POR CORTE DE CIRCULACIÓN,ASFALTO,Bueno,Bueno,2,V.W.,AZUL,3,,60,,SIN DATOS,1,0,Morelia,Lazaro Cardenas,julio,jueves,16,-101.16534948349,19.7103340097188
724,724,2016,,2016/07/14,17:50:00,COLISIÓN POR ALCANCE,CONCRETO,Bueno,Regular,2,YAMAHA,BLANCO,2,,22,MASCULINO,SIN DATOS,0,0,Morelia,Industrial,julio,jueves,18,-101.196801066399,19.7108036697549
725,725,2016,,2016/07/14,21:50:00,COLISIÓN POR CORTE DE CIRCULACIÓN,ASFALTO,Lluvioso,Bueno,2,SIN DATOS,SINDATOS,1,,66,MASCULINO,SIN DATOS,0,0,Morelia,Los Manantiales de Morelia,julio,jueves,22,-101.240365505219,19.6928899603705
726,726,2016,,2016/07/14,23:45:00,SUBIDA AL CAMELLÓN,ASFALTO,Bueno,Regular,1,NISSAN,NEGRO,1,,62,MASCULINO,SIN DATOS,0,0,Morelia,Reforma,julio,jueves,0,-101.237962245941,19.7067988899203
727,727,2016,,2016/07/15,"00:05:00",VOLCADURA,ASFALTO,Bueno,Bueno,1,HYUNDAI,BLANCO,2,,45,MASCULINO,SIN DATOS,1,0,Morelia,Leandro Valle,julio,viernes,0,-101.228928565979,19.7185149872755
728,728,2016,,2016/07/15,"01:30:00",COLISIÓN POR CORTE DE CIRCULACIÓN,ASFALTO,Bueno,Bueno,1,FORD,BLANCO,1,,20,MASCULINO,SIN DATOS,0,0,Morelia,Centro,julio,viernes,2,-101.200164556503,19.6984354954947
729,729,2016,,2016/07/15,"03:30:00",COLISIÓN CONTRA OBJETO FIJO,ASFALTO,Lluvioso,Malo,2,V.W,ROJO,2,MINISTERIO PÚBLICO,28,MASCULINO,SIN DATOS,0,0,Morelia,Morelia 450,julio,viernes,4,-101.215536296368,19.6749401503644
730,730,2016,,2016/07/15,"05:00:00",COLISIÓN POR ALCANCE,ASFALTO,Bueno,Bueno,2,SIN DATOS,SINDATOS,1,,33,MASCULINO,SIN DATOS,0,0,Morelia,Loma Dorada,julio,viernes,5,-101.25462949276,19.6977132736606
731,731,2016,,2016/07/15,"09:05:00",COLISIÓN POR CORTE DE CIRCULACIÓN,ASFALTO,Bueno,Bueno,2,CHEVROLET,BLANCO/VERDE,2,,25,MASCULINO,SIN DATOS,0,0,Morelia,Granjas del Maestro,julio,viernes,9,-101.193780899048,19.7136670511028
732,732,2016,,2016/07/15,10:00:00,COLISIÓN CON PEATÓN,ASFALTO,Bueno,Bueno,1,ITALIKA,NEGRO,3,MINISTERIO PÚBLICO,27,MASCULINO,SIN DATOS,2,0,Pátzcuaro,El Calvario,julio,viernes,10,-101.618758141994,19.5130689636977
733,733,2016,,2016/07/15,12:30:00,COLISIÓN CON PEATÓN,CONCRETO,Bueno,Malo,1,VOLKSWAGEN,ROJO,2,,,,,2,0,Morelia,Santa Maria de Guido,julio,viernes,13,-101.189913153648,19.6694796755466
734,734,2016,,2016/07/15,13:25:00,COLISIÓN POR ALCANCE,ASFALTO,Bueno,Bueno,0,,,0,,,,,0,0,Morelia,Comision Federal de Electricidad,julio,viernes,13,-101.181271076202,19.6816467832851
735,735,2016,,2016/07/15,14:05:00,COLISIÓN POR ALCANCE,ASFALTO,Bueno,Bueno,2,CHEVROLET,BLANCO,2,,23,MASCULINO,SIN DATOS,0,0,Morelia,Alberto Oviedo Mota,julio,viernes,14,-101.19603395462,19.6816467832851
736,736,2016,,2016/07/15,15:20:00,COLISIÓN POR CORTE DE CIRCULACIÓN,ASFALTO,Bueno,Regular,2,CHEVROLET,GRIS,2,,65,FEMENINO,SIN DATOS,0,0,Morelia,Ventura Puente,julio,viernes,15,-101.191254258156,19.691238384093
737,737,2016,,2016/07/15,15:25:00,COLISIÓN POR CORTE DE CIRCULACIÓN,ASFALTO,Nublado,Bueno,2,FORD,ROJO,2,,54,MASCULINO,SIN DATOS,0,0,Morelia,Campestre Los Manantiales,julio,viernes,15,-101.238348484039,19.6882533819099
738,738,2016,,2016/07/15,16:10:00,COLISIÓN POR CORTE DE CIRCULACIÓN,ASFALTO,Bueno,Regular,2,HONDA,BLANCO,2,,60,FEMENINO,SIN DATOS,0,0,Morelia,Felix Ireta,julio,viernes,16,-101.190744638443,19.6878291131235
739,739,2016,,2016/07/15,17:00:00,COLISIÓN POR CORTE DE CIRCULACIÓN,CONCRETO,Bueno,Regular,1,VOLKSWAGEN,GRIS,1,,31,FEMENINO,SIN DATOS,0,0,Morelia,Centro,julio,viernes,17,-101.190428137779,19.7078846850291
740,740,2016,,2016/07/15,20:30:00,COLISIÓN POR CORTE DE CIRCULACIÓN,ASFALTO,Lluvioso,Bueno,2,VOLKSWAGEN,AZUL,2,,,,SIN DATOS,0,0,Morelia,Lindavista,julio,viernes,21,-101.216268539429,19.7039707378291
741,741,2016,,2016/07/15,21:00:00,COLISIÓN POR CORTE DE CIRCULACIÓN,CONCRETO,Bueno,Bueno,2,VW,NEGRO,2,,38,MASCULINO,SIN DATOS,0,0,Morelia,Asociacion Zirahuen,julio,viernes,21,-101.246502399445,19.6996476087301
742,742,2016,,2016/07/15,21:20:00,COLISIÓN POR ALCANCE,ASFALTO,Lluvioso,Regular,2,vw,VERDE,2,,24,MASCULINO,SIN DATOS,0,0,Morelia,Elias Perez Avalos,julio,viernes,21,-101.170692443848,19.7143538509979
743,743,2016,,2016/07/15,21:30:00,COLISIÓN POR CORTE DE CIRCULACIÓN,CONCRETO,Lluvioso,Bueno,2,FORD,VERDE,2,,51,FEMENINO,SIN DATOS,0,0,Morelia,Elias Perez Avalos,julio,viernes,22,-101.16970539093,19.7136670511028
744,744,2016,,2016/07/15,22:20:00,COLISIÓN POR CORTE DE CIRCULACIÓN,ASFALTO,Nublado,Bueno,2,NISSAN,ROJO,2,,34,MASCULINO,SIN DATOS,0,0,Morelia,Ignacio Zaragoza,julio,viernes,22,-101.205325126648,19.7254634394017
745,745,2016,,2016/07/15,22:50:00,COLISIÓN POR CORTE DE CIRCULACIÓN,ASFALTO,Lluvioso,Bueno,2,VW,BLANCO,2,,28,MASCULINO,SIN DATOS,0,0,Morelia,Chapultepec Oriente,julio,viernes,23,-101.159126758575,19.6882735851575
746,746,2016,,2016/07/16,"00:00:00",COLISIÓN POR ALCANCE,ASFALTO,Lluvioso,Bueno,2,NISSAN,GRIS,2,,23,MASCULINO,SIN DATOS,0,0,Morelia,Centro,julio,sábado,0,-101.181517839432,19.7021324121594
747,747,2016,,2016/07/16,"02:00:00",COLISIÓN CONTRA OBJETO FIJO,ASFALTO,Nublado,Bueno,1,VOLKSWAGEN,PLATA,1,,23,FEMENINO,SIN DATOS,0,0,Morelia,El Realito,julio,sábado,2,-101.20463848114,19.7257664173592
748,748,2016,,2016/07/16,"02:40:00",COLISIÓN POR CORTE DE CIRCULACIÓN,ASFALTO,Lluvioso,Bueno,1,CHEVROLET,NARANJA,1,,36,MASCULINO,SIN DATOS,0,0,Morelia,Arboledas de La Huerta,julio,sábado,3,-101.223413944244,19.6689581172243
749,749,2016,,2016/07/16,"03:50:00",SUBIDA AL CAMELLÓN,ASFALTO,Bueno,Bueno,1,ITALIKA,NEGRA,0,MINISTERIO PÚBLICO,,,,0,0,Morelia,Union Popular Solidaria,julio,sábado,4,-101.219873428345,19.7056676350837
750,750,2016,,2016/07/16,"04:45:00",SUBIDA AL CAMELLÓN,CONCRETO,Bueno,Bueno,1,PONTIAC,BLANCO,1,,53,MASCULINO,SIN DATOS,0,0,Morelia,Villas Lomas del Paraiso,julio,sábado,5,-101.178245544434,19.6749792974076
752,752,2016,,2016/07/16,"05:10:00",COLISIÓN POR CORTE DE CIRCULACIÓN,CONCRETO,Lluvioso,Bueno,1,ITALIKA,NEGRO,1,MINISTERIO PÚBLICO,,,,1,0,Morelia,Asociacion Zirahuen,julio,sábado,5,-101.246631145477,19.6996274069181
753,753,2016,,2016/07/16,"06:15:00",COLISIÓN POR CORTE DE CIRCULACIÓN,CONCRETO,Bueno,Bueno,1,NISSAN,BEIGE,1,,,,SIN DATOS,0,0,Morelia,Santa Maria de Guido,julio,sábado,6,-101.189768314362,19.6768381395473
754,754,2016,,2016/07/16,"09:10:00",COLISIÓN POR CORTE DE CIRCULACIÓN,ASFALTO,Bueno,Bueno,2,INTERNATIONAL,BLANCO Y NARANJA,2,,30,MASCULINO,SIN DATOS,0,0,Morelia,Gertrudis Bocanegra,julio,sábado,9,-101.207320690155,19.7023748299403
755,755,2016,,2016/07/16,11:05:00,COLISIÓN POR CORTE DE CIRCULACIÓN,CONCRETO,Bueno,Bueno,2,DODGE,BLANCO,2,,49,MASCULINO,SIN DATOS,0,0,Morelia,San Isidro Itzicuaro Norte,julio,sábado,11,-101.267659664154,19.7027788587588
756,756,2016,,2016/07/16,11:30:00,COLISIÓN CON PEATÓN,ASFALTO,Bueno,Bueno,1,HONDA,GUINDA,2,MINISTERIO PÚBLICO,51,MASCULINO,SIN DATOS,1,0,Morelia,Villas de La Esperanza,julio,sábado,12,-101.271049976349,19.6942536343624
757,757,2016,,2016/07/16,13:50:00,COLISIÓN POR CORTE DE CIRCULACIÓN,ASFALTO,Nublado,Bueno,2,GMC,GRIS,5,MINISTERIO PÚBLICO,39,MASCULINO,SIN DATOS,3,0,Zinapécuaro,Sin datos,julio,sábado,14,-100.857665240765,19.8597962933776
758,758,2016,,2016/07/16,15:18:00,VOLCADURA,ASFALTO,Bueno,Regular,1,HONDA,GRIS,1,,,MASCULINO,SIN DATOS,0,0,Morelia,Leandro Valle,julio,sábado,15,-101.23096704483,19.7212216876833
759,759,2016,,2016/07/16,19:00:00,COLISIÓN POR CORTE DE CIRCULACIÓN,CONCRETO,Lluvioso,Bueno,2,MERDES BENZ,BLANCO,2,,19,MASCULINO,SIN DATOS,0,0,Morelia,Villas de La Esperanza,julio,sábado,19,-101.271071434021,19.6942738368527
760,760,2016,,2016/07/16,22:10:00,COLISIÓN POR CORTE DE CIRCULACIÓN,ASFALTO,Nublado,Bueno,3,NISSAN,BLANCO,2,,23,MASCULINO,SIN DATOS,0,0,Morelia,Centro,julio,sábado,22,-101.197375059128,19.6977183241742
761,761,2016,,2016/07/16,22:57:00,COLISIÓN POR ALCANCE,CONCRETO,Nublado,Regular,2,MITSUBISHI,ARENA,2,,,MASCULINO,SIN DATOS,0,0,Morelia,Centro,julio,sábado,23,-101.200127005577,19.7051474571836
762,762,2016,,2016/07/17,"00:00:00",COLISIÓN CON PEATÓN,SIN_DATOS,Bueno,Bueno,2,JEEP,NEGRO,2,,22,FEMENINO,SIN DATOS,0,0,Morelia,Ventura Puente,julio,domingo,0,-101.180536150932,19.6894554707002
764,764,2016,,2016/07/17,"04:25:00",SUBIDA AL CAMELLÓN,ASFALTO,Nublado,Bueno,1,MITSUBISHI,AMARILLO,1,,20,MASCULINO,SIN DATOS,0,0,Morelia,Villas Lomas del Paraiso,julio,domingo,4,-101.175498962402,19.6734891774035
765,765,2016,,2016/07/17,"06:30:00",COLISIÓN POR CORTE DE CIRCULACIÓN,CONCRETO,Bueno,Bueno,1,CHYSLER,ROJO,1,,42,MASCULINO,SIN DATOS,0,0,Morelia,Union,julio,domingo,7,-101.157463788986,19.7079503375203
766,766,2016,,2016/07/17,"06:45:00",COLISIÓN CON PEATÓN,ASFALTO,Bueno,Bueno,2,FORD,AZUL,2,,28,MASCULINO,SIN DATOS,0,0,Morelia,Primo Tapia Oriente,julio,domingo,7,-101.158783435822,19.7136872511418
767,767,2016,,2016/07/17,"07:25:00",COLISIÓN POR CORTE DE CIRCULACIÓN,ASFALTO,Bueno,Bueno,2,TOYOTA,BLANCO,2,,36,FEMENINO,SIN DATOS,0,0,Morelia,Irrigacion,julio,domingo,7,-101.222496628761,19.7052585632849
768,768,2016,,2016/07/17,"07:30:00",SUBIDA AL CAMELLÓN,ASFALTO,Bueno,Regular,1,NISSAN,BLANCO,1,,25,MASCULINO,SIN DATOS,0,0,Morelia,Los Laureles,julio,domingo,8,-101.233006864786,19.712619170579
769,769,2016,,2016/07/17,10:00:00,SALIDA DE SUPERFICIE DE RODAMIENTO,TERRACERIA,Bueno,Bueno,1,NISSAN,GRIS,1,,53,FEMENINO,SIN DATOS,0,0,Morelia,Sin datos,julio,domingo,10,-101.118679046631,19.7376124050714
770,770,2016,,2016/07/17,11:30:00,COLISIÓN POR CORTE DE CIRCULACIÓN,ASFALTO,Bueno,Bueno,1,NISSAN,PLATA,0,,,,,0,0,Morelia,Sin datos,julio,domingo,12,-101.114473342896,19.7370771833155
771,771,2016,,2016/07/17,13:25:00,COLISIÓN POR CORTE DE CIRCULACIÓN,ASFALTO,Bueno,Bueno,2,DODGE,VERDE,2,,19,MASCULINO,SIN DATOS,0,0,Morelia,San Rafael,julio,domingo,13,-101.153872311115,19.6998496267101
772,772,2016,,2016/07/17,13:40:00,COLISIÓN CON PEATÓN,ASFALTO,Bueno,Regular,2,CHEVROLET,SIN DATO,2,,24,MASCULINO,SIN DATOS,0,0,Morelia,Arcos del Valle,julio,domingo,14,-101.23567700386,19.7065261774326
773,773,2016,,2016/07/17,14:50:00,COLISIÓN CONTRA OBJETO FIJO,ASFALTO,Bueno,Bueno,2,FORD,BLANCO,2,,28,MASCULINO,SIN DATOS,0,0,Morelia,La Quemada,julio,domingo,15,-101.239292621613,19.7014051566132
774,774,2016,,2016/07/17,17:10:00,COLISIÓN POR CORTE DE CIRCULACIÓN,ASFALTO,Bueno,Regular,2,V.W,AZUL,1,,,,SIN DATOS,0,0,Morelia,Leandro Valle,julio,domingo,17,-101.229282617569,19.7247918362147
775,775,2016,,2016/07/17,18:00:00,VOLCADURA,ASFALTO,Bueno,Regular,1,CHEVROLET,ROJO,0,,,,,0,0,Morelia,Sin datos,julio,domingo,18,-101.341516971588,19.7185957849662
776,776,2016,,2016/07/17,19:20:00,COLISIÓN POR CORTE DE CIRCULACIÓN,ASFALTO,Bueno,Bueno,2,CHEVROLET,CAFE,2,,23,,SIN DATOS,0,0,Morelia,La Soledad,julio,domingo,19,-101.183588504791,19.7273620917884
777,777,2016,,2016/07/17,20:20:00,COLISIÓN POR ALCANCE,ASFALTO,Bueno,Bueno,0,,,0,,,,,0,0,Morelia,La Soledad,julio,domingo,20,-101.183513402939,19.7275842730399
778,778,2016,,2016/07/17,20:30:00,COLISIÓN CON PEATÓN,ASFALTO,Bueno,Bueno,2,FORD,AZUL,2,,33,MASCULINO,SIN DATOS,0,0,Morelia,Enrique Arreguin Robles,julio,domingo,21,-101.184961795807,19.7199693394605
779,779,2016,,2016/07/17,22:10:00,COLISIÓN POR CORTE DE CIRCULACIÓN,ASFALTO,Nublado,Bueno,2,SIN DATOS,BLANCO,1,,21,MASCULINO,SIN DATOS,0,0,Morelia,Asociacion Zirahuen,julio,domingo,22,-101.250193119049,19.6987183227375
780,780,2016,,2016/07/17,22:50:00,VOLCADURA,ASFALTO,Lluvioso,Bueno,1,FORD,GUINDA,1,,51,MASCULINO,SIN DATOS,0,0,Morelia,Francisco J Mujica,julio,domingo,23,-101.185305118561,19.7242111244167
781,781,2016,,2016/07/17,23:00:00,COLISIÓN POR CORTE DE CIRCULACIÓN,ASFALTO,Bueno,Regular,2,CARABELA,ROJO,1,,28,MASCULINO,SIN DATOS,0,0,Morelia,El Realito,julio,domingo,23,-101.204488277435,19.7257462188465
782,782,2016,,2016/07/17,23:55:00,COLISIÓN POR CORTE DE CIRCULACIÓN,ASFALTO,Lluvioso,Regular,1,FORD,PLATA,1,,37,MASCULINO,SIN DATOS,0,0,Morelia,Rafael Carrillo,julio,domingo,0,-101.234529018402,19.7106976176092
783,783,2016,,2016/07/18,"01:45:00",COLISIÓN POR CORTE DE CIRCULACIÓN,ASFALTO,Bueno,Bueno,2,DINA,ROJO,2,,51,MASCULINO,SIN DATOS,0,0,Morelia,Ampliacion La Soledad,julio,lunes,2,-101.18293941021,19.7339617531475
784,784,2016,,2016/07/18,"06:30:00",COLISIÓN POR CORTE DE CIRCULACIÓN,ASFALTO,Bueno,Bueno,2,NISSAN,NEGRO,2,,24,MASCULINO,SIN DATOS,0,0,Morelia,San Rafael,julio,lunes,7,-101.154636740685,19.7004708304006
785,785,2016,,2016/07/18,"07:20:00",COLISIÓN POR ALCANCE,ASFALTO,Bueno,Bueno,2,NISSAN,BLANCO,2,,28,MASCULINO,SIN DATOS,0,0,Morelia,Los Alamos,julio,lunes,7,-101.229722499847,19.7036475172638
786,786,2016,,2016/07/18,13:00:00,SUBIDA AL CAMELLÓN,ASFALTO,Bueno,Bueno,2,KENWORTH,BLANCO,1,,,MASCULINO,SIN DATOS,0,0,Morelia,Fidel Velazquez,julio,lunes,13,-101.237865686417,19.7065413281385
787,787,2016,,2016/07/18,13:30:00,COLISIÓN POR CORTE DE CIRCULACIÓN,ASFALTO,Bueno,Bueno,2,NISSAN,ROSA,2,,50,MASCULINO,SIN DATOS,0,0,Morelia,Nueva Jacarndas,julio,lunes,14,-101.19004458189,19.6822705831089
788,788,2016,,2016/07/18,13:50:00,COLISIÓN POR CORTE DE CIRCULACIÓN,CONCRETO,Bueno,Bueno,2,FORD,BLANCO,2,,53,MASCULINO,SIN DATOS,0,0,Morelia,Jardines del Rincon,julio,lunes,14,-101.149055063725,19.6876169783087
789,789,2016,,2016/07/18,14:45:00,COLISIÓN POR ALCANCE,ASFALTO,Nublado,Bueno,2,NISSAN,ROJO,2,,22,FEMENINO,SIN DATOS,0,0,Morelia,Lomas de Hidalgo,julio,lunes,15,-101.163568496704,19.6961122527994
790,790,2016,,2016/07/18,15:00:00,COLISIÓN POR CORTE DE CIRCULACIÓN,CONCRETO,Bueno,Bueno,3,NISSAN,BLANCO AZUL,3,,21,MASCULINO,SIN DATOS,0,0,Morelia,Agustin Arriaga Rivera,julio,lunes,15,-101.221708059311,19.6934329060369
791,791,2016,,2016/07/18,16:40:00,SUBIDA AL CAMELLÓN,ASFALTO,Bueno,Bueno,1,CHYSLER,AZUL,1,,,FEMENINO,SIN DATOS,0,0,Tarímbaro,Sin datos,julio,lunes,17,-101.168428659439,19.7586361116653
792,792,2016,,2016/07/18,16:50:00,COLISIÓN POR CORTE DE CIRCULACIÓN,ASFALTO,Lluvioso,Regular,2,toyota,blanco/ amarillo,2,,37,MASCULINO,SIN DATOS,0,0,Morelia,Rafael Carrillo,julio,lunes,17,-101.235231757164,19.7096471925592
793,793,2016,,2016/07/18,17:25:00,COLISIÓN POR CORTE DE CIRCULACIÓN,ASFALTO,Bueno,Bueno,2,SIN DATOS,SIN DATOS,2,,,,SIN DATOS,0,0,Morelia,La Luz,julio,lunes,17,-101.294674873352,19.6867381310821
794,794,2016,,2016/07/18,17:30:00,COLISIÓN POR ALCANCE,CONCRETO,Lluvioso,Bueno,3,NISSAN,BLANCO/ROJO,3,,0,MASCULINO,SIN DATOS,0,0,Morelia,Las Americas,julio,lunes,18,-101.155999302864,19.6877179949222
795,795,2016,,2016/07/18,17:40:00,COLISIÓN CONTRA OBJETO FIJO,ASFALTO,Lluvioso,Bueno,1,FORD,BLANCO,1,,35,FEMENINO,SIN DATOS,0,0,Morelia,Fuentes de Valladolid,julio,lunes,18,-101.221396923065,19.6731002285459
796,796,2016,,2016/07/18,18:45:00,COLISIÓN POR CORTE DE CIRCULACIÓN,ASFALTO,Bueno,Bueno,2,CHEVROLET,ROJO,2,,20,FEMENINO,SIN DATOS,0,0,Morelia,Lomas de Hidalgo,julio,lunes,19,-101.158704310656,19.6957170456585
797,797,2016,,2016/07/18,19:20:00,COLISIÓN POR CORTE DE CIRCULACIÓN,ASFALTO,Bueno,Regular,2,CHEVROLET,ROJO,2,,32,MASCULINO,SIN DATOS,0,0,Morelia,Diego Rivera,julio,lunes,19,-101.175906658173,19.7183533917715
798,798,2016,,2016/07/19,"09:10:00",COLISIÓN POR CORTE DE CIRCULACIÓN,ASFALTO,Bueno,Bueno,2,FREIGHTLINER,BLANCO,2,,24,MASCULINO,SIN DATOS,0,0,Morelia,Arboledas de La Huerta,julio,martes,9,-101.223692893982,19.6681296821148
799,799,2016,,2016/07/19,10:20:00,COLISIÓN POR CORTE DE CIRCULACIÓN,ASFALTO,Bueno,Bueno,2,KENWORTH,BLANCO/ROJO,2,,0,MASCULINO,SIN DATOS,0,0,Morelia,Los Pinos de Michoacan,julio,martes,10,-101.215378046036,19.6848996074924
800,800,2016,,2016/07/19,13:00:00,COLISIÓN POR CORTE DE CIRCULACIÓN,ASFALTO,Bueno,Bueno,2,TOYOTA,BLANCO/VERDE,2,,57,MASCULINO,SIN DATOS,0,0,Morelia,Gertrudis Bocanegra,julio,martes,13,-101.20972931385,19.702182915894
801,801,2016,,2016/07/19,18:00:00,COLISIÓN POR ALCANCE,ASFALTO,Bueno,Bueno,2,FORD,NEGRO,2,,66,FEMENINO,SIN DATOS,0,0,Morelia,Avicola Benito Juarez,julio,martes,18,-101.279493570328,19.6913747534218
802,802,2016,,2016/07/19,18:10:00,COLISIÓN POR CORTE DE CIRCULACIÓN,ASFALTO,Bueno,Bueno,2,VW,BLANCO,2,,0,FEMENINO,SIN DATOS,0,0,Morelia,Las Flores,julio,martes,18,-101.204755157232,19.7075993488889
803,803,2016,,2016/07/19,22:40:00,COLISIÓN CON PEATÓN,CONCRETO,Bueno,Regular,1,BAJAU,BLANCO,2,MINISTERIO PÚBLICO,22,MASCULINO,SIN DATOS,1,0,Morelia,Centro,julio,martes,23,-101.191152707506,19.7015484523921
804,804,2016,,2016/07/20,"00:00:00",COLISIÓN CON PEATÓN,SIN_DATOS,Bueno,Bueno,2,CHYSLER,BLANCO,2,,35,MASCULINO,SIN DATOS,0,0,Morelia,Erendira,julio,miércoles,0,-101.166443824768,19.7030818797032
805,805,2016,,2016/07/20,"00:10:00",COLISIÓN POR CORTE DE CIRCULACIÓN,SIN_DATOS,Bueno,Bueno,2,KENWORTH,BLANCO,2,,43,MASCULINO,SIN DATOS,0,0,Morelia,Sentimientos de La Nacion,julio,miércoles,0,-101.234829425812,19.6800102442658
806,806,2016,,2016/07/20,"09:15:00",COLISIÓN POR ALCANCE,ASFALTO,Bueno,Bueno,5,NISSAN,BLANCO,5,MINISTERIO PÚBLICO,26,MASCULINO,SIN DATOS,0,0,Morelia,Puerta Tres Marias,julio,miércoles,9,-101.140662431717,19.6915060719249
807,807,2016,,2016/07/20,"09:40:00",COLISIÓN POR CORTE DE CIRCULACIÓN,ASFALTO,Bueno,Bueno,2,CHEVROLET,GRIS,2,,24,MASCULINO,SIN DATOS,0,0,Morelia,Juarez,julio,miércoles,10,-101.195411682129,19.6949001127883
808,808,2016,,2016/07/20,10:00:00,COLISIÓN CON PEATÓN,ASFALTO,Bueno,Bueno,3,GMC,AZUL,3,,19,MASCULINO,SIN DATOS,0,0,Morelia,Lomas de Huerta,julio,miércoles,10,-101.214315891266,19.674292328551
809,809,2016,,2016/07/20,10:40:00,COLISIÓN POR CORTE DE CIRCULACIÓN,ASFALTO,Bueno,Bueno,2,NISSAN,AZUL,2,,22,MASCULINO,SIN DATOS,0,0,Morelia,Indeco El Vivero,julio,miércoles,11,-101.230945587158,19.6774846882801
810,810,2016,,2016/07/20,10:50:00,COLISIÓN POR CORTE DE CIRCULACIÓN,ASFALTO,Bueno,Bueno,2,TOYOTA,BLANCO,2,,22,MASCULINO,SIN DATOS,0,0,Morelia,Cosmos,julio,miércoles,11,-101.215603351593,19.6848592001435
811,811,2016,,2016/07/20,11:00:00,COLISIÓN POR CORTE DE CIRCULACIÓN,ASFALTO,Bueno,Bueno,3,CHEVROLET,NEGRO,3,MINISTERIO PÚBLICO,0,MASCULINO,SIN DATOS,0,0,Morelia,Hacienda del Valle,julio,miércoles,11,-101.225731372833,19.665543320568
812,812,2016,,2016/07/20,13:15:00,COLISIÓN CON PEATÓN,ASFALTO,Bueno,Bueno,1,NISSAN,BLANCO/ROJO,1,,50,,SIN DATOS,0,0,Morelia,El Lago 3,julio,miércoles,13,-101.219853311777,19.7272409018845