fid,id_accidente,anio_origen,folio_c5i,dia_incidente,hora_ocurrencia,tipo_incidente_vial,superficie_ocurrencia,condiciones_climaticas,condiciones_via,numero_vehiculos_involucrados,marca_vehiculo_ocasiona_siniestro,color_vehiculo_ocasiona_siniestro,numero_personas_involucradas,lugar_remite_presunto_responsable,edad_presunto_responsable,sexo_presunto_responsable,resultados_toxicologia,numero_personas_lesionadas,numero_personas_fallecidas,municipio,colonia,mes,dia_semana,hora_redondeada,lon,lat
813,813,2016,,2016/07/20,14:50:00,COLISIÓN POR CORTE DE CIRCULACIÓN,ASFALTO,Bueno,Bueno,2,NISSAN,BLANCO,2,,27,MASCULINO,SIN DATOS,0,0,Morelia,San Rafael,julio,miércoles,15,-101.154277324677,19.7003142670961
814,814,2016,,2016/07/20,16:45:00,COLISIÓN POR ALCANCE,ASFALTO,Bueno,Bueno,2,V.W,BLANCO,2,,50,,SIN DATOS,0,0,Morelia,Los Manantiales de Morelia,julio,miércoles,17,-101.242146492004,19.697607212837
815,815,2016,,2016/07/20,20:00:00,COLISIÓN CONTRA OBJETO FIJO,CONCRETO,Bueno,Bueno,3,CHYSLER,ROJO,3,,,,SIN DATOS,0,0,Morelia,Centro,julio,miércoles,20,-101.189816594124,19.7031879368981
816,816,2016,,2016/07/20,21:30:00,COLISIÓN POR CORTE DE CIRCULACIÓN,ASFALTO,Lluvioso,Bueno,2,JEEP,NEGRA,3,MINISTERIO PÚBLICO,0,FEMENINO,SIN DATOS,1,0,Morelia,El Lago 3,julio,miércoles,22,-101.219304800034,19.7272611002082
817,817,2016,,2016/07/20,22:15:00,COLISIÓN POR CORTE DE CIRCULACIÓN,ASFALTO,Lluvioso,Bueno,2,NISSAN,ROJO,2,,46,MASCULINO,SIN DATOS,0,0,Morelia,Leandro Valle,julio,miércoles,22,-101.228950023651,19.718555386126
818,818,2016,,2016/07/20,23:30:00,COLISIÓN CON PEATÓN,ASFALTO,Nublado,Bueno,2,NISSAN,BLANCO/ROSA,2,,33,MASCULINO,SIN DATOS,0,0,Morelia,La Quemada,julio,miércoles,0,-101.238970756531,19.7014657613683
819,819,2016,,2016/07/20,23:50:00,COLISIÓN CONTRA OBJETO FIJO,ASFALTO,Lluvioso,Regular,1,DODGE,BLANCO,1,,45,MASCULINO,SIN DATOS,0,0,Morelia,Hermanos Lopez Rayon,julio,miércoles,0,-101.220195293427,19.6753833953593
820,820,2016,,2016/07/21,"00:15:00",COLISIÓN CONTRA OBJETO FIJO,ASFALTO,Nublado,Regular,1,VOLKSWAGEN,GUINDA,1,,23,MASCULINO,SIN DATOS,0,0,Morelia,Alberto Oviedo Mota,julio,jueves,0,-101.201940178871,19.6779695981176
821,821,2016,,2016/07/21,"02:20:00",SUBIDA AL CAMELLÓN,ASFALTO,Bueno,Bueno,1,NISSAN,BLANCO,1,,22,,SIN DATOS,0,0,Morelia,El Realito,julio,jueves,2,-101.204080581665,19.7257664173592
822,822,2016,,2016/07/21,"03:05:00",CAIDA DE MOTOCICLETA,CONCRETO,Lluvioso,Regular,1,YAMAHA,NEGRO,1,,38,MASCULINO,SIN DATOS,0,0,Morelia,Las Americas,julio,jueves,3,-101.154127120972,19.6875058599602
823,823,2016,,2016/07/21,"04:00:00",VOLCADURA,CONCRETO,Lluvioso,Regular,1,VW,AZUL,1,,0,MASCULINO,SIN DATOS,0,0,Morelia,Loma Real,julio,jueves,4,-101.197879314423,19.7275236781838
824,824,2016,,2016/07/21,"07:50:00",COLISIÓN POR CORTE DE CIRCULACIÓN,ASFALTO,Bueno,Bueno,2,RENAULT,ROJO,2,,33,,SIN DATOS,0,0,Morelia,Francisco J Mujica,julio,jueves,8,-101.190497875214,19.7226760152408
825,825,2016,,2016/07/21,"09:00:00",COLISIÓN POR ALCANCE,ASFALTO,Bueno,Bueno,2,V.W,ROJO,2,,25,MASCULINO,SIN DATOS,0,0,Morelia,Indeco El Vivero,julio,jueves,9,-101.231052875519,19.6775250974893
826,826,2016,,2016/07/21,"09:15:00",COLISIÓN POR CORTE DE CIRCULACIÓN,ASFALTO,Bueno,Bueno,2,FORD,BLANCO,2,,35,MASCULINO,SIN DATOS,0,0,Morelia,Primo Tapia Oriente,julio,jueves,9,-101.159706115723,19.713242849694
827,827,2016,,2016/07/21,"09:30:00",COLISIÓN POR CORTE DE CIRCULACIÓN,ASFALTO,Bueno,Bueno,2,V.W,GRIS,2,,49,MASCULINO,SIN DATOS,0,0,Morelia,Primo Tapia Oriente,julio,jueves,10,-101.157689094543,19.714192251288
828,828,2016,,2016/07/21,10:20:00,COLISIÓN POR CORTE DE CIRCULACIÓN,CONCRETO,Bueno,Bueno,2,SIN DATOS,BLNACO/NEGRO,2,,,,SIN DATOS,0,0,Morelia,Centro,julio,jueves,10,-101.193292737007,19.7035212590531
829,829,2016,,2016/07/21,11:50:00,COLISIÓN POR CORTE DE CIRCULACIÓN,ASFALTO,Bueno,Bueno,2,TOYOTA,BLANCO Y NARANJA,2,,34,,SIN DATOS,0,0,Morelia,Dr Miguel Silva,julio,jueves,12,-101.188631057739,19.7176868085909
830,830,2016,,2016/07/21,14:50:00,CAIDA DE MOTOCICLETA,ASFALTO,Bueno,Bueno,1,KURAZAI,ROJO,1,,48,MASCULINO,SIN DATOS,0,0,Morelia,Leandro Valle,julio,jueves,15,-101.228799819946,19.7189997728074
831,831,2016,,2016/07/21,17:20:00,COLISIÓN POR CORTE DE CIRCULACIÓN,ASFALTO,Bueno,Bueno,3,KENWORTH,PLATINO,3,,32,,SIN DATOS,0,0,Morelia,Los Manantiales de Morelia,julio,jueves,17,-101.242039203644,19.6970819581988
832,832,2016,,2016/07/21,18:35:00,COLISIÓN POR CORTE DE CIRCULACIÓN,ASFALTO,Lluvioso,Regular,1,BMW,GRIS,1,,,MASCULINO,SIN DATOS,0,0,Morelia,Cañada del Bosque,julio,jueves,19,-101.093916893005,19.7280589319514
833,833,2016,,2016/07/21,20:00:00,COLISIÓN POR CORTE DE CIRCULACIÓN,CONCRETO,Nublado,Regular,2,DINNA,BLANCO YA AZUL,2,,31,MASCULINO,SIN DATOS,0,0,Morelia,Centro,julio,jueves,20,-101.19845867157,19.7043141589643
834,834,2016,,2016/07/21,20:20:00,COLISIÓN POR CORTE DE CIRCULACIÓN,CONCRETO,Bueno,Bueno,2,CHEVROLET,BLANCO Y ROJO,2,,23,MASCULINO,SIN DATOS,0,0,Morelia,Centro,julio,jueves,20,-101.188910007477,19.7010415276005
835,835,2016,,2016/07/22,"08:10:00",COLISIÓN POR CORTE DE CIRCULACIÓN,CONCRETO,Nublado,Bueno,2,ALUBIKE,GRIS,2,,15,FEMENINO,SIN DATOS,0,0,Morelia,Obrera,julio,viernes,8,-101.181507110596,19.7125055445674
836,836,2016,,2016/07/22,"09:45:00",COLISIÓN CONTRA OBJETO FIJO,ASFALTO,Bueno,Bueno,2,TOYOTA,BLANCO,2,,41,MASCULINO,SIN DATOS,1,0,Tacámbaro,Sin datos,julio,viernes,10,-101.360828876495,19.3725714898351
837,837,2016,,2016/07/22,10:30:00,COLISIÓN CONTRA OBJETO FIJO,CONCRETO,Bueno,Bueno,1,CHEVROLET,GRIS,1,,82,MASCULINO,SIN DATOS,0,0,Morelia,Felix Ireta,julio,viernes,11,-101.18046104908,19.686904809375
838,838,2016,,2016/07/22,15:30:00,COLISIÓN POR CORTE DE CIRCULACIÓN,ASFALTO,Bueno,Bueno,2,SIN DATOS,SIN DATOS,2,,0,,SIN DATOS,0,0,Morelia,San Guillermo,julio,viernes,16,-101.17765545845,19.7394907162843
839,839,2016,,2016/07/22,16:20:00,COLISIÓN POR ALCANCE,ASFALTO,Bueno,Bueno,3,SIN DATOSS,AZUL,3,,,,SIN DATOS,0,0,Morelia,Asociacion Zirahuen,julio,viernes,16,-101.247382164001,19.6994657923301
840,840,2016,,2016/07/22,17:10:00,COLISIÓN POR CORTE DE CIRCULACIÓN,ASFALTO,Bueno,Bueno,2,CHEVROLET,BLANCO,2,,28,MASCULINO,SIN DATOS,0,0,Morelia,Lazaro Cardenas,julio,viernes,17,-101.165354847908,19.7102027066663
841,841,2016,,2016/07/22,18:00:00,COLISIÓN POR ALCANCE,ASFALTO,Bueno,Bueno,2,FORD,ROJO,2,,52,FEMENINO,SIN DATOS,0,0,Morelia,Insurgentes,julio,viernes,18,-101.155092716217,19.6954455769293
842,842,2016,,2016/07/22,19:30:00,COLISIÓN POR CORTE DE CIRCULACIÓN,CONCRETO,Bueno,Bueno,2,NISSAN,BLANCO,2,,24,MASCULINO,SIN DATOS,0,0,Morelia,Centro,julio,viernes,20,-101.196919083595,19.7048949430301
843,843,2016,,2016/07/22,19:50:00,COLISIÓN POR CORTE DE CIRCULACIÓN,ASFALTO,Bueno,Bueno,2,VENTO,ROJO,2,,,MASCULINO,SIN DATOS,0,0,Morelia,Fovissste La Huerta,julio,viernes,20,-101.213790178299,19.6939910017561
844,844,2016,,2016/07/22,21:00:00,COLISIÓN POR CORTE DE CIRCULACIÓN,CONCRETO,Bueno,Bueno,2,RENAULT,ROJO,2,,,FEMENINO,SIN DATOS,0,0,Morelia,Ejidal Ocolusen,julio,viernes,21,-101.153767704964,19.6847026215702
845,845,2016,,2016/07/22,21:15:00,COLISIÓN POR CORTE DE CIRCULACIÓN,ASFALTO,Bueno,Bueno,2,CHEVROLET,AMARILLO,2,,20,MASCULINO,SIN DATOS,0,0,Morelia,Francisco J Mujica,julio,viernes,21,-101.188201904297,19.7215044746336
846,846,2016,,2016/07/22,22:30:00,COLISIÓN POR ALCANCE,ASFALTO,Lluvioso,Bueno,2,NISSAN,BLANCO Y ROJO,2,,56,MASCULINO,SIN DATOS,0,0,Morelia,Isaac Arriaga,julio,viernes,23,-101.170397400856,19.7087280649811
847,847,2016,,2016/07/22,23:00:00,SALIDA DE SUPERFICIE DE RODAMIENTO,ASFALTO,Lluvioso,Regular,1,CHEVROLET,AZUL,1,,30,MASCULINO,SIN DATOS,0,0,Morelia,Fuentes de Morelia,julio,viernes,23,-101.204552650452,19.672731483952
848,848,2016,,2016/07/23,"00:30:00",COLISIÓN POR CORTE DE CIRCULACIÓN,SIN_DATOS,Bueno,Bueno,1,NISSAN,GRIS,1,,45,MASCULINO,SIN DATOS,0,0,Morelia,Francisco J Mujica,julio,sábado,1,-101.188352108002,19.7215448727285
849,849,2016,,2016/07/23,"00:40:00",COLISIÓN CONTRA OBJETO FIJO,ASFALTO,Bueno,Bueno,1,CHEVROLET,GUINDA,1,,51,MASCULINO,SIN DATOS,0,0,Morelia,Barrio Alto,julio,sábado,1,-101.19663476944,19.7250998650945
850,850,2016,,2016/07/23,"03:50:00",COLISIÓN POR CORTE DE CIRCULACIÓN,ASFALTO,Bueno,Bueno,1,SEAT,BLANCO,1,,27,MASCULINO,SIN DATOS,0,0,Morelia,Alberto Oviedo Mota,julio,sábado,4,-101.196795701981,19.681273007328
851,851,2016,,2016/07/23,"05:30:00",COLISIÓN POR CORTE DE CIRCULACIÓN,ASFALTO,Bueno,Bueno,2,NISSAN,GRIS,2,MINISTERIO PÚBLICO,27,MASCULINO,SIN DATOS,0,0,Morelia,Central de Abastos,julio,sábado,6,-101.171714365482,19.7161036623976
852,852,2016,,2016/07/23,"08:00:00",COLISIÓN POR CORTE DE CIRCULACIÓN,ASFALTO,Bueno,Bueno,2,SEAT,GRIS,2,,46,FEMENINO,SIN DATOS,0,0,Morelia,Loma de Los Piñones,julio,sábado,8,-101.205706000328,19.6738995931941
853,853,2016,,2016/07/23,10:10:00,CAIDA DE MOTOCICLETA,CONCRETO,Bueno,Bueno,1,ITALIKA,ROJO,1,,28,MASCULINO,SIN DATOS,0,0,Morelia,Loma Bonita,julio,sábado,10,-101.196699142456,19.7201814313819
854,854,2016,,2016/07/23,10:30:00,COLISIÓN POR CORTE DE CIRCULACIÓN,ASFALTO,Bueno,Regular,2,NISSAN,GRIS,2,,38,FEMENINO,SIN DATOS,0,0,Morelia,La Huerta,julio,sábado,11,-101.217147298157,19.6755453499554
855,855,2016,,2016/07/23,11:15:00,COLISIÓN POR CORTE DE CIRCULACIÓN,ASFALTO,Bueno,Regular,2,NISSAN,PLATA,2,,55,FEMENINO,SIN DATOS,0,0,Morelia,Morelos,julio,sábado,11,-101.206140518188,19.7023091751609
856,856,2016,,2016/07/23,14:15:00,COLISIÓN POR CORTE DE CIRCULACIÓN,ASFALTO,Bueno,Bueno,2,MERDES BENZ,NARANJA Y BLANCO,4,MINISTERIO PÚBLICO,27,MASCULINO,SIN DATOS,2,0,Morelia,Tzindurio de Morelos,julio,sábado,14,-101.246896348894,19.6992931296895
857,857,2016,,2016/07/23,18:20:00,COLISIÓN CONTRA OBJETO FIJO,ASFALTO,Lluvioso,Bueno,1,NISSAN,PLATINO,0,,,,,0,0,Morelia,Clara Cordova Moran,julio,sábado,18,-101.17983341217,19.7376830946032
858,858,2016,,2016/07/23,18:30:00,COLISIÓN POR CORTE DE CIRCULACIÓN,ASFALTO,Nublado,Bueno,3,DODGE,BLANCO,3,,30,MASCULINO,SIN DATOS,0,0,Morelia,Union,julio,sábado,19,-101.155339479446,19.7154395948138
859,859,2016,,2016/07/23,19:00:00,COLISIÓN POR CORTE DE CIRCULACIÓN,CONCRETO,Nublado,Regular,2,VW,ROJO,2,,29,FEMENINO,SIN DATOS,0,0,Morelia,Villas del Real,julio,sábado,19,-101.199510097504,19.7317652626144
860,860,2016,,2016/07/23,19:05:00,COLISIÓN POR CORTE DE CIRCULACIÓN,CONCRETO,Bueno,Bueno,3,DODGE,VERDE,3,,28,FEMENINO,SIN DATOS,0,0,Morelia,Los Manantiales de Morelia,julio,sábado,19,-101.240440607071,19.6932940131347
861,861,2016,,2016/07/23,21:50:00,COLISIÓN POR CORTE DE CIRCULACIÓN,CONCRETO,Bueno,Bueno,2,ITALIKA,NEGRO,2,,,MASCULINO,SIN DATOS,0,0,Morelia,Industrial,julio,sábado,22,-101.197975873947,19.7070817023794
862,862,2016,,2016/07/24,"04:15:00",COLISIÓN POR CORTE DE CIRCULACIÓN,ASFALTO,Bueno,Bueno,2,NISSAN,BLANCO Y ROJO,2,,37,MASCULINO,SIN DATOS,0,0,Morelia,Chapultepec Sur,julio,domingo,4,-101.169319152832,19.6917485058015
863,863,2016,,2016/07/24,"04:55:00",COLISIÓN POR CORTE DE CIRCULACIÓN,ASFALTO,Bueno,Bueno,2,FORD,BLANCO,2,,36,MASCULINO,SIN DATOS,0,0,Morelia,Camelinas,julio,domingo,5,-101.174125671387,19.6821316805244
864,864,2016,,2016/07/24,"05:30:00",CAIDA DE MOTOCICLETA,ASFALTO,Nublado,Bueno,1,HONDA,ROJO,1,,0,,SIN DATOS,0,0,Morelia,Lomas del Pedregal,julio,domingo,6,-101.284074783325,19.6905767386635
865,865,2016,,2016/07/24,"05:35:00",COLISIÓN POR CORTE DE CIRCULACIÓN,ASFALTO,Nublado,Bueno,2,CHEVROLET,PLATA,2,,40,MASCULINO,SIN DATOS,0,0,Morelia,San Pascual,julio,domingo,6,-101.267395466566,19.695434213112
866,866,2016,,2016/07/24,"08:45:00",SUBIDA AL CAMELLÓN,ASFALTO,Bueno,Bueno,1,DODGE,ROJO,1,,24,MASCULINO,SIN DATOS,0,0,Morelia,Lomas de Santa Maria,julio,domingo,9,-101.177397966385,19.6745650959495
867,867,2016,,2016/07/24,"09:00:00",SALIDA DE SUPERFICIE DE RODAMIENTO,SIN_DATOS,Bueno,Bueno,1,MAZDA,GRIS,1,,21,,SIN DATOS,0,0,Morelia,Valle de Las Flores,julio,domingo,9,-101.129794120789,19.6865360965551
868,868,2016,,2016/07/24,"09:30:00",COLISIÓN CONTRA OBJETO FIJO,CONCRETO,Bueno,Bueno,1,TOYOTA,NEGRA,1,,38,MASCULINO,SIN DATOS,0,0,Morelia,Lazaro Cardenas,julio,domingo,10,-101.165263652802,19.7101799811271
869,869,2016,,2016/07/24,15:20:00,COLISIÓN POR CORTE DE CIRCULACIÓN,SIN_DATOS,Bueno,Bueno,2,CHEVROLET,AZUL,2,,37,MASCULINO,SIN DATOS,0,0,Morelia,Club Campestre La Huerta,julio,domingo,15,-101.233949661255,19.6697461368916
870,870,2016,,2016/07/24,16:30:00,COLISIÓN POR CORTE DE CIRCULACIÓN,SIN_DATOS,Bueno,Bueno,2,VW,GRIS,2,,,MASCULINO,SIN DATOS,0,0,Morelia,Villas del Pedregal,julio,domingo,17,-101.302968263626,19.6841899519446
871,871,2016,,2016/07/24,19:00:00,COLISIÓN CONTRA OBJETO FIJO,ASFALTO,Bueno,Bueno,2,YAMAHA,BLANCO,2,,19,MASCULINO,SIN DATOS,0,0,Morelia,Felix Ireta,julio,domingo,19,-101.189470589161,19.6857254304522
872,872,2016,,2016/07/24,19:40:00,SALIDA DE SUPERFICIE DE RODAMIENTO,ASFALTO,Bueno,Bueno,1,DODGE,AZUL,1,,0,,SIN DATOS,0,0,Morelia,Ciudad Industrial,julio,domingo,20,-101.142024993896,19.7264733636925
873,873,2016,,2016/07/24,21:15:00,COLISIÓN POR CORTE DE CIRCULACIÓN,ASFALTO,Bueno,Bueno,2,FORD,VERDE,2,,49,MASCULINO,SIN DATOS,0,0,Morelia,Alberto Oviedo Mota,julio,domingo,21,-101.195894479752,19.682677188164
874,874,2016,,2016/07/24,21:40:00,COLISIÓN POR CORTE DE CIRCULACIÓN,ASFALTO,Nublado,Regular,2,JEEP,GUINDA,2,,19,MASCULINO,SIN DATOS,0,0,Morelia,Sin datos,julio,domingo,22,-101.350486278534,19.5288002884468
875,875,2016,,2016/07/25,"03:30:00",COLISIÓN CONTRA OBJETO FIJO,SIN_DATOS,Bueno,Bueno,1,AUDI,GRIS,1,,29,MASCULINO,SIN DATOS,0,0,Morelia,Lomas de Huerta,julio,lunes,4,-101.214551925659,19.674484276028
876,876,2016,,2016/07/25,"05:39:00",SALIDA DE SUPERFICIE DE RODAMIENTO,ASFALTO,Bueno,Bueno,1,FORD,VERDE,1,,34,,SIN DATOS,0,0,Morelia,Rinconada del Valle,julio,lunes,6,-101.21972322464,19.678494915452
877,877,2016,,2016/07/25,"08:20:00",COLISIÓN CONTRA OBJETO FIJO,SIN_DATOS,Bueno,Bueno,2,TOYOTA,BLANCO-AMARILLO,2,,67,MASCULINO,SIN DATOS,0,0,Morelia,Primo Tapia Oriente,julio,lunes,8,-101.162495613098,19.7120914401973
878,878,2016,,2016/07/25,"09:15:00",COLISIÓN POR CORTE DE CIRCULACIÓN,ASFALTO,Bueno,Bueno,2,VW,BLANCO,2,,31,MASCULINO,SIN DATOS,0,0,Morelia,Dr Miguel Silva,julio,lunes,9,-101.188244819641,19.7212923844678
879,879,2016,,2016/07/25,13:20:00,COLISIÓN POR CORTE DE CIRCULACIÓN,ASFALTO,Bueno,Bueno,2,V.W,BLANCO,2,,34,MASCULINO,SIN DATOS,0,0,Morelia,Lomas del Tecnologico,julio,lunes,13,-101.194381713867,19.7207722573934
880,880,2016,,2016/07/25,15:00:00,COLISIÓN POR CORTE DE CIRCULACIÓN,ASFALTO,Bueno,Bueno,2,AUDI,BLANCO,2,MINISTERIO PÚBLICO,28,FEMENINO,SIN DATOS,0,0,Morelia,Ventura Puente,julio,lunes,15,-101.179876327515,19.6902736940424
881,881,2016,,2016/07/25,16:40:00,COLISIÓN POR CORTE DE CIRCULACIÓN,ASFALTO,Bueno,Bueno,2,SEDAN,BLANCO,2,,0,,SIN DATOS,0,0,Morelia,Sentimientos de La Nacion,julio,lunes,17,-101.233541965485,19.6783635862799
882,882,2016,,2016/07/25,17:00:00,COLISIÓN POR CORTE DE CIRCULACIÓN,ASFALTO,Nublado,Regular,2,KENWORTH,ROJO,2,,27,MASCULINO,SIN DATOS,0,0,Morelia,Pascual Ortiz de Ayala,julio,lunes,17,-101.149427890778,19.6949405176033
883,883,2016,,2016/07/25,17:30:00,COLISIÓN POR ALCANCE,ASFALTO,Bueno,Bueno,2,TOYOTA,PLATINO,2,,36,MASCULINO,SIN DATOS,0,0,Morelia,Las Americas,julio,lunes,18,-101.158976554871,19.688111959106
884,884,2016,,2016/07/25,18:00:00,COLISIÓN POR CORTE DE CIRCULACIÓN,ASFALTO,Bueno,Bueno,2,INTERNATIONAL,BLANCO,2,,32,,SIN DATOS,0,0,Morelia,Fuentes de Valladolid,julio,lunes,18,-101.221482753754,19.6729385871845
885,885,2016,,2016/07/25,19:00:00,COLISIÓN POR CORTE DE CIRCULACIÓN,ASFALTO,Bueno,Regular,2,CHEVROLET,AZUL,2,,20,MASCULINO,SIN DATOS,0,0,Morelia,Canteras de Morelia,julio,lunes,19,-101.173095703125,19.7159294396102
887,887,2016,,2016/07/25,23:40:00,COLISIÓN POR ALCANCE,ASFALTO,Nublado,Bueno,2,FORD,AZUL,2,,36,MASCULINO,CON CERTIFICADO,0,0,Morelia,Libertad,julio,lunes,0,-101.236921548843,19.6848996074924
888,888,2016,,2016/07/26,"01:00:00",VOLCADURA,ASFALTO,Bueno,Bueno,1,MERCEDES BENZ,BLANCO,1,,25,MASCULINO,SIN DATOS,0,0,Morelia,Indeco El Vivero,julio,martes,1,-101.231031417847,19.6773078978702
889,889,2016,,2016/07/26,"08:40:00",COLISIÓN POR CORTE DE CIRCULACIÓN,ASFALTO,Bueno,Bueno,1,MAZDA,BLANCO,1,,34,MASCULINO,SIN DATOS,0,0,Morelia,La Joya,julio,martes,9,-101.196565032005,19.6635226965777
890,890,2016,,2016/07/26,"09:15:00",COLISIÓN POR CORTE DE CIRCULACIÓN,ASFALTO,Bueno,Bueno,0,,,0,,,,,0,0,Morelia,Chapultepec Sur,julio,martes,9,-101.167873442173,19.6925894454657
891,891,2016,,2016/07/26,"09:30:00",COLISIÓN CON PEATÓN,ASFALTO,Bueno,Bueno,1,NISSAN,ROJO,2,,21,FEMENINO,SIN DATOS,1,0,Morelia,Plan de La Garita,julio,martes,10,-101.187102198601,19.7111925270206
892,892,2016,,2016/07/26,"09:40:00",COLISIÓN POR CORTE DE CIRCULACIÓN,ASFALTO,Bueno,Bueno,2,DINA,BLANCO AZUL,2,,35,MASCULINO,SIN DATOS,0,0,Morelia,Cosmos,julio,martes,10,-101.216434836388,19.6833893758974
893,893,2016,,2016/07/26,10:00:00,COLISIÓN CON PEATÓN,ASFALTO,Bueno,Bueno,1,ITALIKA,AZUL,1,,17,MASCULINO,SIN DATOS,0,0,Morelia,5 de Mayo,julio,martes,10,-101.175270974636,19.704915144177
894,894,2016,,2016/07/26,11:00:00,COLISIÓN POR CORTE DE CIRCULACIÓN,ASFALTO,Bueno,Bueno,2,V.W,BLANCO,2,,46,MASCULINO,SIN DATOS,0,0,Morelia,Jardines de Sindurio,julio,martes,11,-101.256721615791,19.697544712676
895,895,2016,,2016/07/26,12:15:00,COLISIÓN POR CORTE DE CIRCULACIÓN,ASFALTO,Bueno,Bueno,2,TOYOTA,ROJO,2,,61,FEMENINO,SIN DATOS,0,0,Morelia,La Huerta,julio,martes,12,-101.21713757515,19.6754894709028
896,896,2016,,2016/07/26,13:30:00,COLISIÓN POR CORTE DE CIRCULACIÓN,ASFALTO,Bueno,Regular,2,FORD,NEGRO,2,,22,MASCULINO,SIN DATOS,0,0,Morelia,Vasco de Quiroga,julio,martes,14,-101.175836920738,19.6992890261876
897,897,2016,,2016/07/26,15:00:00,COLISIÓN POR ALCANCE,ASFALTO,Bueno,Bueno,2,DATSUN,AZUL,2,,20,MASCULINO,SIN DATOS,0,0,Morelia,Matamoros,julio,martes,15,-101.166132688522,19.6964455896931
898,898,2016,,2016/07/26,16:40:00,COLISIÓN CONTRA OBJETO FIJO,CONCRETO,Bueno,Regular,2,KENWORTH,NNEGRO,2,,51,MASCULINO,SIN DATOS,0,0,Morelia,Sentimientos de La Nacion,julio,martes,17,-101.234562546015,19.6830143412623
899,899,2016,,2016/07/26,16:45:00,COLISIÓN POR ALCANCE,CONCRETO,Bueno,Bueno,2,ITALIKA,AZUL/GRIS,2,,26,MASCULINO,SIN DATOS,0,0,Morelia,Prados Verdes,julio,martes,17,-101.200475692749,19.7174646135797
900,900,2016,,2016/07/26,17:00:00,SALIDA DE SUPERFICIE DE RODAMIENTO,ASFALTO,Bueno,Bueno,1,NISSAN,MORADO,1,,29,MASCULINO,SIN DATOS,0,0,Morelia,De Dolores,julio,martes,17,-101.377329826355,19.6725748935253
901,901,2016,,2016/07/26,18:30:00,COLISIÓN POR CORTE DE CIRCULACIÓN,ASFALTO,Bueno,Regular,2,NISSAN,BLANCO AZUL,2,,0,,SIN DATOS,0,0,Morelia,Emiliano Zapata,julio,martes,19,-101.229400634766,19.6572990147015
902,902,2016,,2016/07/26,18:45:00,COLISIÓN POR CORTE DE CIRCULACIÓN,CONCRETO,Bueno,Regular,2,TOYOTA,VERDE,1,,0,FEMENINO,SIN DATOS,0,0,Morelia,Juarez,julio,martes,19,-101.199630796909,19.6944985893857
903,903,2016,,2016/07/26,19:00:00,COLISIÓN POR CORTE DE CIRCULACIÓN,ASFALTO,Bueno,Bueno,3,NISSAN,AMARILLO,3,MINISTERIO PÚBLICO,28,MASCULINO,SIN DATOS,0,0,Morelia,Virrey Antonio de Mendoza,julio,martes,19,-101.163563132286,19.707637225397
905,905,2016,,2016/07/27,"00:00:00",COLISIÓN POR CORTE DE CIRCULACIÓN,ASFALTO,Bueno,Bueno,2,MERCEDES BENZ,AMARILLO/NARANJA,2,,50,MASCULINO,SIN DATOS,0,0,Morelia,Gertrudis Bocanegra,julio,miércoles,0,-101.210925579071,19.7021728151484
906,906,2016,,2016/07/27,"01:00:00",COLISIÓN POR CORTE DE CIRCULACIÓN,ASFALTO,Nublado,Bueno,2,RENAULT,BLANCO,2,,0,,SIN DATOS,0,0,Charo,Sin datos,julio,miércoles,1,-100.954742431641,19.6251260050892
907,907,2016,,2016/07/27,"06:30:00",VOLCADURA,ASFALTO,Bueno,Bueno,1,FORD,BLANCO,0,,,,,0,0,Morelia,Sin datos,julio,miércoles,7,-101.428442001343,19.7781325676748
908,908,2016,,2016/07/27,"08:40:00",COLISIÓN POR CORTE DE CIRCULACIÓN,CONCRETO,Bueno,Bueno,2,NISSAN,BLANCO/AMARILLO,2,MINISTERIO PÚBLICO,46,MASCULINO,SIN DATOS,0,0,Morelia,Hacienda del Quinceo,julio,miércoles,9,-101.234714090824,19.7287658681418
909,909,2016,,2016/07/27,10:30:00,COLISIÓN CONTRA OBJETO FIJO,ASFALTO,Bueno,Bueno,1,CHEVROLET,NEGRO,0,,,,,0,0,Morelia,Jardines del Toreo,julio,miércoles,11,-101.214122772217,19.688111959106
910,910,2016,,2016/07/27,11:00:00,COLISIÓN POR CORTE DE CIRCULACIÓN,ASFALTO,Bueno,Malo,2,KENWORTH,AZUL,2,,28,MASCULINO,SIN DATOS,0,0,Morelia,La Huerta,julio,miércoles,11,-101.217148303986,19.6754566380039
911,911,2016,,2016/07/27,13:30:00,COLISIÓN POR CORTE DE CIRCULACIÓN,CONCRETO,Bueno,Bueno,2,FORD,BLANCO,3,,38,MASCULINO,SIN DATOS,1,0,Morelia,Jardines de Torremolinos,julio,miércoles,14,-101.225656270981,19.678080723082
912,912,2016,,2016/07/27,13:40:00,COLISIÓN POR CORTE DE CIRCULACIÓN,ASFALTO,Bueno,Regular,2,CHEVROLET,BLANCO,2,,60,MASCULINO,SIN DATOS,0,0,Morelia,Centro,julio,miércoles,14,-101.195122003555,19.7030490524619
913,913,2016,,2016/07/27,14:30:00,COLISIÓN POR ALCANCE,ASFALTO,Bueno,Bueno,2,ITALIKA,NEGRO Y VERDE,2,,18,MASCULINO,SIN DATOS,0,0,Morelia,Residencial Alborada,julio,miércoles,15,-101.234593391418,19.702496038693
914,914,2016,,2016/07/27,16:10:00,COLISIÓN POR ALCANCE,CONCRETO,Bueno,Regular,2,CHYSLER,BLANCO/ROJO,2,,58,MASCULINO,SIN DATOS,0,0,Morelia,Centro,julio,miércoles,16,-101.190964579582,19.7070059490912