fid,id_accidente,anio_origen,folio_c5i,dia_incidente,hora_ocurrencia,tipo_incidente_vial,superficie_ocurrencia,condiciones_climaticas,condiciones_via,numero_vehiculos_involucrados,marca_vehiculo_ocasiona_siniestro,color_vehiculo_ocasiona_siniestro,numero_personas_involucradas,lugar_remite_presunto_responsable,edad_presunto_responsable,sexo_presunto_responsable,resultados_toxicologia,numero_personas_lesionadas,numero_personas_fallecidas,municipio,colonia,mes,dia_semana,hora_redondeada,lon,lat
915,915,2016,,2016/07/27,16:50:00,COLISIÓN POR CORTE DE CIRCULACIÓN,ASFALTO,Bueno,Bueno,2,FREIGHTLINER,BLANCO,2,,0,MASCULINO,SIN DATOS,0,0,Morelia,Los Angeles,julio,miércoles,17,-101.177430152893,19.7402480935871
916,916,2016,,2016/07/27,17:00:00,COLISIÓN POR CORTE DE CIRCULACIÓN,CONCRETO,Bueno,Bueno,2,CHEVROLET,NEGRO,2,,19,MASCULINO,SIN DATOS,0,0,Morelia,Centro,julio,miércoles,17,-101.19037181139,19.7029328944772
917,917,2016,,2016/07/27,17:20:00,COLISIÓN POR CORTE DE CIRCULACIÓN,ASFALTO,Bueno,Bueno,2,HONDA,NEGRO,2,,,MASCULINO,SIN DATOS,0,0,Morelia,Chapultepec Norte,julio,miércoles,17,-101.174318790436,19.6936273558975
918,918,2016,,2016/07/27,18:40:00,COLISIÓN POR CORTE DE CIRCULACIÓN,CONCRETO,Bueno,Bueno,2,NISSAN,BLANCO/ROJO,2,,43,MASCULINO,SIN DATOS,0,0,Morelia,Ferrocarrilero,julio,miércoles,19,-101.217513084412,19.6976274149041
919,919,2016,,2016/07/27,20:20:00,COLISIÓN POR ALCANCE,ASFALTO,Bueno,Bueno,2,CHRYSLER,BLANCO,2,,65,MASCULINO,SIN DATOS,0,0,Morelia,Libertad,julio,miércoles,20,-101.235451698303,19.687526063302
920,920,2016,,2016/07/27,21:15:00,COLISIÓN POR CORTE DE CIRCULACIÓN,ASFALTO,Lluvioso,Regular,2,CHEVROLET,PLATA,2,,18,MASCULINO,SIN DATOS,0,0,Morelia,Libertad,julio,miércoles,21,-101.237962245941,19.6874654532689
921,921,2016,,2016/07/27,22:00:00,COLISIÓN POR CORTE DE CIRCULACIÓN,ASFALTO,Bueno,Bueno,2,NISSAN,BLANCO/ROSA,2,,46,MASCULINO,SIN DATOS,0,0,Morelia,Torreon Nuevo,julio,miércoles,22,-101.203635334969,19.746372619373
922,922,2016,,2016/07/28,"01:55:00",COLISIÓN CONTRA OBJETO FIJO,ASFALTO,Bueno,Bueno,1,HONDA,PLATA,1,,19,MASCULINO,SIN DATOS,0,0,Morelia,Las Americas,julio,jueves,2,-101.154835224152,19.6875917241453
923,923,2016,,2016/07/28,"02:15:00",COLISIÓN POR CORTE DE CIRCULACIÓN,ASFALTO,Bueno,Bueno,2,MAZDA,ROJO,2,,27,MASCULINO,SIN DATOS,0,0,Morelia,Libertad,julio,jueves,2,-101.233155727386,19.6867785379569
924,924,2016,,2016/07/28,"02:40:00",COLISIÓN POR CORTE DE CIRCULACIÓN,CONCRETO,Bueno,Bueno,2,CHRYSLER,BLANCO,2,,26,FEMENINO,CON CERTIFICADO,0,0,Morelia,Los Pinos de Michoacan,julio,jueves,3,-101.214423179626,19.6843339036801
925,925,2016,,2016/07/28,"03:00:00",VOLCADURA,ASFALTO,Lluvioso,Regular,1,FORD,ARENA,2,MINISTERIO PÚBLICO,,,,2,0,Tacámbaro,Sin datos,julio,jueves,3,-101.472679674625,19.307475461739
926,926,2016,,2016/07/28,"08:55:00",COLISIÓN POR CORTE DE CIRCULACIÓN,ASFALTO,Bueno,Bueno,2,ITALIKA,NEGRO Y ROJO,2,,20,MASCULINO,SIN DATOS,0,0,Morelia,Chapultepec Oriente,julio,jueves,9,-101.163139343262,19.6957738646366
927,927,2016,,2016/07/28,"09:30:00",COLISIÓN POR CORTE DE CIRCULACIÓN,ASFALTO,Bueno,Bueno,2,NISSAN,BLANCO,2,,37,MASCULINO,SIN DATOS,0,0,Morelia,Felix Ireta,julio,jueves,10,-101.192107200623,19.6825963723346
928,928,2016,,2016/07/28,"09:30:00",COLISIÓN POR CORTE DE CIRCULACIÓN,CONCRETO,Bueno,Regular,2,FORD,BLANCO,2,,33,MASCULINO,SIN DATOS,0,0,Morelia,Las Flores,julio,jueves,10,-101.206161975861,19.7025768444771
929,929,2016,,2016/07/28,10:15:00,COLISIÓN POR ALCANCE,ASFALTO,Bueno,Bueno,2,RENAULT,PERLA,3,,60,FEMENINO,SIN DATOS,1,0,Morelia,Felix Ireta,julio,jueves,10,-101.195647716522,19.6825862703531
930,930,2016,,2016/07/28,12:05:00,COLISIÓN POR CORTE DE CIRCULACIÓN,ASFALTO,Bueno,Bueno,2,NISSAN,NEGRO,2,,56,FEMENINO,SIN DATOS,0,0,Morelia,Bonanza,julio,jueves,12,-101.203658133745,19.6592010015512
931,931,2016,,2016/07/28,12:40:00,COLISIÓN POR ALCANCE,ASFALTO,Bueno,Bueno,2,INTERNATIONAL,BLANCO,2,,20,MASCULINO,SIN DATOS,0,0,Acuitzio,Sin datos,julio,jueves,13,-101.344468742609,19.4852739115877
932,932,2016,,2016/07/28,15:30:00,COLISIÓN POR CORTE DE CIRCULACIÓN,ASFALTO,Lluvioso,Bueno,2,NISSAN,BLANCO Y ROJO,2,,22,MASCULINO,SIN DATOS,0,0,Morelia,Industrial,julio,jueves,16,-101.197773367167,19.70900961149
933,933,2016,,2016/07/28,16:10:00,COLISIÓN POR CORTE DE CIRCULACIÓN,ASFALTO,Lluvioso,Bueno,2,DODGE,GRIS,2,,,MASCULINO,SIN DATOS,0,0,Morelia,Nicolas Romero,julio,jueves,16,-101.149706840515,19.7050767532608
934,934,2016,,2016/07/28,16:10:00,COLISIÓN POR CORTE DE CIRCULACIÓN,ASFALTO,Lluvioso,Bueno,2,VOLVO,BLANCO,2,,44,MASCULINO,SIN DATOS,0,0,Morelia,Chapultepec Oriente,julio,jueves,16,-101.159105300903,19.688111959106
935,935,2016,,2016/07/28,17:20:00,COLISIÓN POR CORTE DE CIRCULACIÓN,ASFALTO,Bueno,Bueno,2,VOLKSWAGEN,BEIGE,2,,37,MASCULINO,SIN DATOS,0,0,Morelia,Industrial,julio,jueves,17,-101.188695430756,19.7109602227937
936,936,2016,,2016/07/28,17:45:00,COLISIÓN POR CORTE DE CIRCULACIÓN,ASFALTO,Bueno,Bueno,2,HONDA,BLANCO,2,,,FEMENINO,SIN DATOS,0,0,Morelia,Centro,julio,jueves,18,-101.191463470459,19.7048494904401
937,937,2016,,2016/07/28,17:45:00,COLISIÓN POR ALCANCE,ASFALTO,Lluvioso,Bueno,2,V.W.,PLATA,2,,72,FEMENINO,SIN DATOS,0,0,Morelia,Las Americas,julio,jueves,18,-101.153976917267,19.6874856566158
938,938,2016,,2016/07/28,17:50:00,COLISIÓN CONTRA OBJETO FIJO,ASFALTO,Bueno,Bueno,2,CHEVROLET,BLANCO,3,,40,MASCULINO,SIN DATOS,1,0,Morelia,Eduardo Ruiz,julio,jueves,18,-101.221830099821,19.7196145898438
939,939,2016,,2016/07/28,19:15:00,COLISIÓN POR CORTE DE CIRCULACIÓN,CONCRETO,Bueno,Bueno,2,NISSAN,BLANCO,2,,,,SIN DATOS,0,0,Morelia,Tenencia Morelos,julio,jueves,19,-101.236803531647,19.6486299125133
940,940,2016,,2016/07/28,19:40:00,SUBIDA AL CAMELLÓN,CONCRETO,Nublado,Bueno,1,INTERNATIONAL,BLANCO,1,,,,SIN DATOS,0,0,Morelia,Rincon de Altozano,julio,jueves,20,-101.164324879646,19.6612545158146
941,941,2016,,2016/07/28,21:00:00,COLISIÓN POR CORTE DE CIRCULACIÓN,ASFALTO,Bueno,Bueno,2,NISSAN,BLANCO Y AZUL,2,,31,MASCULINO,SIN DATOS,0,0,Morelia,Granjas del Maestro,julio,jueves,21,-101.188577413559,19.7133261750595
942,942,2016,,2016/07/28,22:05:00,COLISIÓN POR CORTE DE CIRCULACIÓN,ASFALTO,Bueno,Bueno,2,VOLKSWAGEN,BLANCO,2,,25,MASCULINO,SIN DATOS,0,0,Morelia,Tres Puentes,julio,jueves,22,-101.213908195496,19.7026778516498
943,943,2016,,2016/07/28,22:10:00,COLISIÓN POR CORTE DE CIRCULACIÓN,ASFALTO,Bueno,Bueno,2,MARCO POLO,BLANCO,2,,64,MASCULINO,SIN DATOS,0,0,Morelia,Gildardo Magaña,julio,jueves,22,-101.228256002069,19.7267782333335
944,944,2016,,2016/07/29,"00:45:00",VOLCADURA,CONCRETO,Nublado,Bueno,1,MAZDA,ROJO,1,,18,MASCULINO,SIN DATOS,0,0,Morelia,La Loma,julio,viernes,1,-101.182494163513,19.6812073438941
945,945,2016,,2016/07/29,"02:05:00",COLISIÓN POR ALCANCE,ASFALTO,Nublado,Regular,2,CHEVROLET,NEGRO,2,,27,MASCULINO,SIN DATOS,0,0,Morelia,Chapultepec Oriente,julio,viernes,2,-101.161295324564,19.6902358134244
946,946,2016,,2016/07/29,"06:30:00",COLISIÓN CONTRA OBJETO FIJO,ASFALTO,Bueno,Regular,2,MASA,BLANCO,2,,64,MASCULINO,SIN DATOS,0,0,Morelia,Gildardo Magaña,julio,viernes,7,-101.228579878807,19.7268482964608
947,947,2016,,2016/07/29,"08:00:00",COLISIÓN POR CORTE DE CIRCULACIÓN,ADOQUIN_EMPEDRADO,Bueno,Regular,2,FORD,AZUL,2,,,,SIN DATOS,0,0,Morelia,Santa Maria de Guido,julio,viernes,8,-101.191093325615,19.6728577664427
948,948,2016,,2016/07/29,"08:40:00",COLISIÓN POR CORTE DE CIRCULACIÓN,SIN_DATOS,Bueno,Bueno,2,INTERNATIONAL,AMARILLO,2,,28,MASCULINO,SIN DATOS,0,0,Morelia,El Realito,julio,viernes,9,-101.205180287361,19.7258926580052
949,949,2016,,2016/07/29,"09:20:00",COLISIÓN POR CORTE DE CIRCULACIÓN,ASFALTO,Bueno,Bueno,2,DINA,VERDE,2,,,MASCULINO,SIN DATOS,0,0,Morelia,Rinconada del Valle,julio,viernes,9,-101.218391507864,19.6787979823614
950,950,2016,,2016/07/29,10:30:00,COLISIÓN POR CORTE DE CIRCULACIÓN,ASFALTO,Bueno,Bueno,2,CHEVROLET,BLANCO,2,,32,MASCULINO,SIN DATOS,0,0,Morelia,Felix Ireta,julio,viernes,11,-101.181035041809,19.686435079196
951,951,2016,,2016/07/29,10:35:00,COLISIÓN CONTRA OBJETO FIJO,ASFALTO,Bueno,Bueno,2,FORD,BLANCO,2,,49,MASCULINO,SIN DATOS,0,0,Morelia,Jardines de Torremolinos,julio,viernes,11,-101.229566931725,19.6771159537756
952,952,2016,,2016/07/29,12:00:00,COLISIÓN POR CORTE DE CIRCULACIÓN,ASFALTO,Bueno,Bueno,3,CHEVROLET,BLANCO,3,,40,MASCULINO,SIN DATOS,0,0,Morelia,Villa Universidad,julio,viernes,12,-101.199365258217,19.685025880392
953,953,2016,,2016/07/29,13:00:00,COLISIÓN POR CORTE DE CIRCULACIÓN,ASFALTO,Bueno,Bueno,2,KENWORTH,BLANCO,2,,48,MASCULINO,SIN DATOS,0,0,Morelia,Ciudad Industrial,julio,viernes,13,-101.145839095116,19.7286547783761
954,954,2016,,2016/07/29,13:30:00,COLISIÓN CON PEATÓN,CONCRETO,Bueno,Bueno,1,SIN DATOS,BLANCO Y NARANJA,2,,,,SIN DATOS,1,0,Morelia,Jesus Romero Flores,julio,viernes,14,-101.174963191152,19.7255710597628
955,955,2016,,2016/07/29,13:55:00,COLISIÓN POR CORTE DE CIRCULACIÓN,ASFALTO,Bueno,Bueno,2,VOLKSWAGEN,GRIS,2,,34,FEMENINO,SIN DATOS,0,0,Morelia,Nueva Valladolid,julio,viernes,14,-101.208809316158,19.6993130158898
956,956,2016,,2016/07/29,14:00:00,COLISIÓN CONTRA OBJETO FIJO,CONCRETO,Bueno,Bueno,1,FORD,ROJO,1,,,,SIN DATOS,0,0,Morelia,Arcos del Valle,julio,viernes,14,-101.236183270812,19.7075677851253
957,957,2016,,2016/07/29,16:40:00,COLISIÓN POR CORTE DE CIRCULACIÓN,ASFALTO,Bueno,Bueno,2,NISSAN,VERDE,1,,57,FEMENINO,SIN DATOS,0,0,Morelia,Centro,julio,viernes,17,-101.178222075105,19.6989765284222
958,958,2016,,2016/07/29,20:35:00,COLISIÓN CON PEATÓN,SIN_DATOS,Bueno,Bueno,1,SIN DATOS,SIN DATOS,1,,,,,1,0,Morelia,Primo Tapia Oriente,julio,viernes,21,-101.161735206842,19.7121065903761
959,959,2016,,2016/07/29,21:20:00,COLISIÓN CONTRA OBJETO FIJO,CONCRETO,Bueno,Bueno,2,FREIGHTLINER,BLANCO,2,,,MASCULINO,SIN DATOS,0,0,Morelia,Industrial,julio,viernes,21,-101.197981238365,19.7068796935311
960,960,2016,,2016/07/30,"02:00:00",COLISIÓN CONTRA OBJETO FIJO,ASFALTO,Bueno,Bueno,1,NISSAN,VERDE,0,,,,,0,0,Morelia,Los Laureles,julio,sábado,2,-101.231782436371,19.7140104514191
961,961,2016,,2016/07/30,"02:40:00",COLISIÓN POR CORTE DE CIRCULACIÓN,ASFALTO,Bueno,Bueno,1,DODGE,GRIS,1,,30,MASCULINO,SIN DATOS,0,0,Morelia,San Isidro Itzicuaro Norte,julio,sábado,3,-101.26366853714,19.7029000672054
962,962,2016,,2016/07/30,"03:30:00",VOLCADURA,ASFALTO,Lluvioso,Bueno,1,NISSAN,GRIS,1,,25,MASCULINO,CON CERTIFICADO,0,0,Morelia,El Lago 3,julio,sábado,4,-101.220133602619,19.7272484762562
963,963,2016,,2016/07/30,"04:30:00",COLISIÓN CONTRA OBJETO FIJO,ASFALTO,Bueno,Bueno,1,CHEVROLET,BLANCO Y ROJO,1,,48,,SIN DATOS,0,0,Morelia,Ignacio Zaragoza,julio,sábado,5,-101.204989850521,19.72535234734
964,964,2016,,2016/07/30,"04:30:00",COLISIÓN CONTRA OBJETO FIJO,ASFALTO,Nublado,Bueno,3,V.W.,PLATINO,3,,44,MASCULINO,SIN DATOS,0,0,Morelia,Ignacio Zaragoza,julio,sábado,5,-101.205343902111,19.7253801203627
965,965,2016,,2016/07/30,"05:20:00",COLISIÓN POR CORTE DE CIRCULACIÓN,ASFALTO,Bueno,Bueno,2,NISSAN,BLANCO Y ROJO,2,,40,MASCULINO,SIN DATOS,0,0,Morelia,3 de Agosto,julio,sábado,5,-101.171915531158,19.7309245289349
966,966,2016,,2016/07/30,"09:30:00",COLISIÓN POR CORTE DE CIRCULACIÓN,SIN_DATOS,Lluvioso,Regular,2,NISSAN,PLATA,2,,19,MASCULINO,SIN DATOS,0,0,Morelia,Industrial,julio,sábado,10,-101.197525262833,19.7123186927283
967,967,2016,,2016/07/30,"09:40:00",SALIDA DE SUPERFICIE DE RODAMIENTO,ASFALTO,Bueno,Bueno,1,DINA,BLANCO,1,,34,MASCULINO,SIN DATOS,0,0,Morelia,Avicola Benito Juarez,julio,sábado,10,-101.283838748932,19.6906979563513
968,968,2016,,2016/07/30,"09:50:00",COLISIÓN CONTRA OBJETO FIJO,CONCRETO,Bueno,Bueno,1,AUDI,BLANCO,1,,17,FEMENINO,SIN DATOS,0,0,Morelia,La Loma,julio,sábado,10,-101.180326938629,19.6800910613999
969,969,2016,,2016/07/30,11:10:00,COLISIÓN CONTRA OBJETO FIJO,CONCRETO,Bueno,Bueno,1,V.W.,PLATA,0,,,,,0,0,Morelia,Villas Lomas del Paraiso,julio,sábado,11,-101.172175705433,19.6747393637666
970,970,2016,,2016/07/30,12:30:00,COLISIÓN POR CORTE DE CIRCULACIÓN,ASFALTO,Bueno,Bueno,2,HONDA,GRIS,2,,38,MASCULINO,SIN DATOS,0,0,Morelia,Vasco de Quiroga,julio,sábado,13,-101.167538166046,19.6977132736606
971,971,2016,,2016/07/30,13:05:00,COLISIÓN POR CORTE DE CIRCULACIÓN,ASFALTO,Bueno,Bueno,2,FAMSA,GRIZ Y AZUL,2,,38,MASCULINO,SIN DATOS,0,0,Morelia,Centro,julio,sábado,13,-101.185970306396,19.7028277840543
972,972,2016,,2016/07/30,13:10:00,COLISIÓN POR CORTE DE CIRCULACIÓN,ASFALTO,Bueno,Bueno,2,V.W.,BLANCO,2,,,,SIN DATOS,0,0,Morelia,Lomas del Valle,julio,sábado,13,-101.23290091753,19.6894781991829
973,973,2016,,2016/07/30,15:05:00,COLISIÓN POR CORTE DE CIRCULACIÓN,ASFALTO,Bueno,Bueno,2,DODGE,BLANCO,2,,31,MASCULINO,SIN DATOS,0,0,Morelia,Camelinas,julio,sábado,15,-101.174790859222,19.6816568853259
974,974,2016,,2016/07/30,16:00:00,COLISIÓN POR ALCANCE,CONCRETO,Bueno,Bueno,2,INTERNATIONAL,BLANCO Y VERDE,2,,18,MASCULINO,SIN DATOS,0,0,Morelia,Ferrocarrilero,julio,sábado,16,-101.217513084412,19.6975769097317
975,975,2016,,2016/07/30,16:30:00,COLISIÓN CONTRA OBJETO FIJO,ASFALTO,Lluvioso,Bueno,2,MERDES BENZ,BLANCO,2,,23,MASCULINO,SIN DATOS,0,0,Morelia,Vasco de Quiroga,julio,sábado,17,-101.170257255435,19.7066956758737
976,976,2016,,2016/07/30,18:00:00,COLISIÓN POR CORTE DE CIRCULACIÓN,ASFALTO,Nublado,Bueno,2,VOLKSWAGEN,ROJO,2,,40,FEMENINO,SIN DATOS,0,0,Morelia,Nueva Valladolid,julio,sábado,18,-101.208028793335,19.7014657613683
977,977,2016,,2016/07/30,19:30:00,COLISIÓN POR ALCANCE,ASFALTO,Bueno,Bueno,2,FORD,GUINDA,2,,19,MASCULINO,SIN DATOS,0,0,Morelia,Progreso del Sur,julio,sábado,20,-101.196556985378,19.6591984756872
978,978,2016,,2016/07/30,21:35:00,SUBIDA AL CAMELLÓN,SIN_DATOS,Lluvioso,Bueno,1,CHEVROLET,NEGRO,1,,33,MASCULINO,CON CERTIFICADO,0,0,Morelia,Ignacio Zaragoza,julio,sábado,22,-101.206471771002,19.7254830067455
979,979,2016,,2016/07/30,22:00:00,COLISIÓN POR ALCANCE,CONCRETO,Nublado,Bueno,1,BMW,GRIS,1,,45,MASCULINO,SIN DATOS,0,0,Morelia,Centro,julio,sábado,22,-101.179376822541,19.7042655652571
980,980,2016,,2016/07/30,22:00:00,SALIDA DE SUPERFICIE DE RODAMIENTO,CONCRETO,Bueno,Bueno,1,JEEP,BLANCO,1,,45,FEMENINO,SIN DATOS,0,0,Morelia,Loma Real,julio,sábado,22,-101.197368353605,19.7268482964608
981,981,2016,,2016/07/30,23:20:00,COLISIÓN POR CORTE DE CIRCULACIÓN,ASFALTO,Bueno,Bueno,1,FORD,NEGRO,0,,,,,0,0,Morelia,Buenos Aires,julio,sábado,23,-101.193928420544,19.6577801967728
982,982,2016,,2016/07/31,"05:40:00",COLISIÓN POR CORTE DE CIRCULACIÓN,ASFALTO,Bueno,Bueno,2,SIN DATOS,ROJO,2,,,,SIN DATOS,1,0,Morelia,Virrey Antonio de Mendoza,julio,domingo,6,-101.162412464619,19.7067736387835
983,983,2016,,2016/07/31,"06:30:00",COLISIÓN CONTRA OBJETO FIJO,ASFALTO,Bueno,Bueno,1,V.W.,AZUL,1,,,,SIN DATOS,0,0,Morelia,Justo Mendoza,julio,domingo,7,-101.231653690338,19.7140306514147
984,984,2016,,2016/07/31,"06:40:00",SALIDA DE SUPERFICIE DE RODAMIENTO,CONCRETO,Bueno,Bueno,1,PEUGEOT,GRIS,1,,28,MASCULINO,SIN DATOS,0,0,Morelia,Santa Maria de Guido,julio,domingo,7,-101.192976236343,19.6773281024983
985,985,2016,,2016/07/31,"07:45:00",COLISIÓN POR CORTE DE CIRCULACIÓN,ASFALTO,Lluvioso,Bueno,2,NISSAN,ROJO,2,,38,MASCULINO,SIN DATOS,0,0,Morelia,Niño Artillero,julio,domingo,8,-101.250252127647,19.6978597384918
986,986,2016,,2016/07/31,"08:00:00",SALIDA DE SUPERFICIE DE RODAMIENTO,ASFALTO,Bueno,Bueno,1,ECLIPCE,BLANCO,1,,36,MASCULINO,SIN DATOS,0,0,Morelia,Ejidal Tres Puentes,julio,domingo,8,-101.225988864899,19.692490957265
987,987,2016,,2016/07/31,"08:47:00",COLISIÓN POR CORTE DE CIRCULACIÓN,ASFALTO,Bueno,Bueno,1,V.W.,GRIS,1,,35,MASCULINO,SIN DATOS,0,0,Morelia,Los Manantiales de Morelia,julio,domingo,9,-101.242747306824,19.6988193323459
988,988,2016,,2016/07/31,12:00:00,COLISIÓN POR CORTE DE CIRCULACIÓN,ASFALTO,Bueno,Regular,2,FORD,BLANCO,2,,51,FEMENINO,SIN DATOS,0,0,Morelia,Camelinas,julio,domingo,12,-101.170831918716,19.6827883098628
989,989,2016,,2016/07/31,13:45:00,COLISIÓN POR CORTE DE CIRCULACIÓN,ASFALTO,Bueno,Bueno,2,NISSAN,ROJO,2,,50,FEMENINO,SIN DATOS,0,0,Morelia,Josefa Ortiz de Dominguez,julio,domingo,14,-101.210120916367,19.6720091461927
990,990,2016,,2016/07/31,15:20:00,COLISIÓN POR CORTE DE CIRCULACIÓN,ASFALTO,Bueno,Bueno,2,CHEVROLET,NEGRO,2,,40,MASCULINO,SIN DATOS,0,0,Morelia,Sentimientos de La Nacion,julio,domingo,15,-101.23663187027,19.6842934961885
991,991,2016,,2016/07/31,18:15:00,COLISIÓN CONTRA OBJETO FIJO,ASFALTO,Lluvioso,Bueno,1,NISSAN,PLATA,1,,,MASCULINO,SIN DATOS,0,0,Morelia,La Pradera,julio,domingo,18,-101.217558681965,19.6804042274096
992,992,2016,,2016/07/31,19:25:00,COLISIÓN POR CORTE DE CIRCULACIÓN,ASFALTO,Lluvioso,Malo,2,MITSUBISHI,BLANCO,2,,30,MASCULINO,SIN DATOS,0,0,Morelia,Vasco de Quiroga,julio,domingo,19,-101.173876225948,19.7039808384613
993,993,2016,,2016/07/31,20:25:00,COLISIÓN CONTRA OBJETO FIJO,CONCRETO,Nublado,Regular,1,V.W.,GRIS,1,,29,MASCULINO,CON CERTIFICADO,0,0,Morelia,Vista Bella,julio,domingo,20,-101.197890043259,19.6778685753558
994,994,2016,,2016/07/31,22:11:00,COLISIÓN POR CORTE DE CIRCULACIÓN,ASFALTO,Lluvioso,Regular,1,V.W.,BLANCO,0,,,,,0,0,Morelia,Granjas del Maestro,julio,domingo,22,-101.192665100098,19.7122808173289
995,995,2016,,2016/08/01,"09:45:00",COLISIÓN POR CORTE DE CIRCULACIÓN,SIN_DATOS,Nublado,Malo,2,NISSAN,BLANCO Y GRIS,2,,,MASCULINO,SIN DATOS,0,0,Morelia,Lomas de Santiaguito,agosto,lunes,10,-101.180412769318,19.7217266640294
996,996,2016,,2016/08/01,10:50:00,COLISIÓN POR ALCANCE,ASFALTO,Bueno,Bueno,2,VOLKSWAGEN,BLANCO,2,,28,MASCULINO,SIN DATOS,0,0,Morelia,Granjas Unidas de Morelia,agosto,lunes,11,-101.269578784704,19.6944177795225
997,997,2016,,2016/08/01,17:25:00,VOLCADURA,ASFALTO,Bueno,Regular,1,ITALIKA,ROJO/NEGRO,4,,15,FEMENINO,SIN DATOS,3,0,Ario,Centro,agosto,lunes,17,-101.711377836764,19.210049424634
998,998,2016,,2016/08/01,17:30:00,COLISIÓN POR CORTE DE CIRCULACIÓN,ASFALTO,Bueno,Bueno,2,CHEVROLET,BLANCO,2,,68,MASCULINO,SIN DATOS,0,0,Morelia,Centro,agosto,lunes,18,-101.201741695404,19.7030818797032
999,999,2016,,2016/08/01,18:40:00,COLISIÓN POR CORTE DE CIRCULACIÓN,ASFALTO,Lluvioso,Bueno,2,FORD,GRIS,2,,29,MASCULINO,SIN DATOS,0,0,Morelia,Asociacion Zirahuen,agosto,lunes,19,-101.250160932541,19.6986577169418
1000,1000,2016,,2016/08/01,20:50:00,COLISIÓN CON PEATÓN,ASFALTO,Bueno,Bueno,1,ITALIKA,AZUL,2,,19,MASCULINO,SIN DATOS,1,0,Ario,Veronica Lopez ( 7 de Marzo),agosto,lunes,21,-101.695418357849,19.2111163884728
1001,1001,2016,,2016/08/01,21:10:00,COLISIÓN POR CORTE DE CIRCULACIÓN,ASFALTO,Nublado,Bueno,2,FORD,ROJO Y NEGRO,2,MINISTERIO PÚBLICO,,,SIN DATOS,0,0,Morelia,Gertrudis Sanchez,agosto,lunes,21,-101.200022399425,19.7406330923388
1002,1002,2016,,2016/08/01,21:20:00,COLISIÓN POR ALCANCE,ASFALTO,Lluvioso,Bueno,2,CHEVROLET,GRIS,2,,23,FEMENINO,SIN DATOS,0,0,Morelia,Libertad,agosto,lunes,21,-101.237125396729,19.6854249021004
1003,1003,2016,,2016/08/01,22:40:00,COLISIÓN POR CORTE DE CIRCULACIÓN,ASFALTO,Lluvioso,Regular,2,NISSAN,BLANCO Y ROJO,0,MINISTERIO PÚBLICO,,,,0,0,Morelia,Cuauhtemoc,agosto,lunes,23,-101.179350614548,19.6936677610337
1004,1004,2016,,2016/08/01,22:45:00,COLISIÓN POR ALCANCE,CONCRETO,Lluvioso,Bueno,2,CHEVROLET,ROJO,2,,32,MASCULINO,SIN DATOS,0,0,Morelia,Centro,agosto,lunes,23,-101.192471981049,19.7045161710524
1005,1005,2016,,2016/08/01,23:30:00,COLISIÓN CONTRA OBJETO FIJO,ASFALTO,Bueno,Bueno,2,CHRYSLER,ROJO,2,,37,MASCULINO,SIN DATOS,0,0,Morelia,Dieciocho de Mayo,agosto,lunes,0,-101.154225021601,19.706167610306
1006,1006,2016,,2016/08/01,23:47:00,VOLCADURA,ASFALTO,Nublado,Bueno,1,VOLKSWAGEN,NEGRO,1,,28,FEMENINO,SIN DATOS,0,0,Morelia,Buenavista,agosto,lunes,0,-101.161167919636,19.7057711654348
1007,1007,2016,,2016/08/02,"06:30:00",COLISIÓN CONTRA OBJETO FIJO,ASFALTO,Nublado,Regular,1,CHEVROLET,AZUL,1,,36,MASCULINO,SIN DATOS,0,0,Morelia,Alberto Oviedo Mota,agosto,martes,7,-101.199525520205,19.6810195084418
1008,1008,2016,,2016/08/02,"09:30:00",COLISIÓN CONTRA OBJETO FIJO,ASFALTO,Bueno,Bueno,2,DODGE,BLANCO,1,,,,SIN DATOS,0,0,Morelia,Niño Artillero,agosto,martes,10,-101.255849897861,19.6974964170802
1009,1009,2016,,2016/08/02,"09:40:00",COLISIÓN POR CORTE DE CIRCULACIÓN,CONCRETO,Bueno,Bueno,2,CHEVROLET,AZUL,4,MINISTERIO PÚBLICO,24,MASCULINO,SIN DATOS,2,0,Morelia,Camponubes,agosto,martes,10,-101.290308237076,19.6979607486421
1010,1010,2016,,2016/08/02,11:00:00,COLISIÓN POR CORTE DE CIRCULACIÓN,ASFALTO,Bueno,Bueno,2,NISSAN,ARENA,2,,24,MASCULINO,SIN DATOS,0,0,Morelia,San Rafael,agosto,martes,11,-101.153874993324,19.6998243744765
1011,1011,2016,,2016/08/02,11:20:00,COLISIÓN POR CORTE DE CIRCULACIÓN,ASFALTO,Bueno,Bueno,2,NISSAN,GRIS,2,,30,MASCULINO,SIN DATOS,0,0,Morelia,Lomas de Huerta,agosto,martes,11,-101.213173270226,19.6736558694822
1012,1012,2016,,2016/08/02,12:15:00,COLISIÓN POR CORTE DE CIRCULACIÓN,ASFALTO,Bueno,Bueno,2,NISSAN,AZUL,2,,75,MASCULINO,SIN DATOS,0,0,Morelia,Felix Ireta,agosto,martes,12,-101.195666156709,19.6814933584623
1013,1013,2016,,2016/08/02,12:20:00,COLISIÓN POR ALCANCE,ASFALTO,Bueno,Bueno,2,NISSAN,BLANCO Y NEGRO,2,,,MASCULINO,SIN DATOS,0,0,Morelia,Ejidal Ocolusen,agosto,martes,12,-101.158265769482,19.687705367849
1014,1014,2016,,2016/08/02,12:40:00,COLISIÓN CONTRA OBJETO FIJO,CONCRETO,Bueno,Bueno,2,HONDA,PLATA,2,,60,FEMENINO,SIN DATOS,0,0,Morelia,Jardines de Guadalupe,agosto,martes,13,-101.218914538622,19.711513207301