fid,id_accidente,anio_origen,folio_c5i,dia_incidente,hora_ocurrencia,tipo_incidente_vial,superficie_ocurrencia,condiciones_climaticas,condiciones_via,numero_vehiculos_involucrados,marca_vehiculo_ocasiona_siniestro,color_vehiculo_ocasiona_siniestro,numero_personas_involucradas,lugar_remite_presunto_responsable,edad_presunto_responsable,sexo_presunto_responsable,resultados_toxicologia,numero_personas_lesionadas,numero_personas_fallecidas,municipio,colonia,mes,dia_semana,hora_redondeada,lon,lat
1015,1015,2016,,2016/08/02,13:50:00,COLISIÓN POR ALCANCE,ASFALTO,Bueno,Regular,3,CHEVROLET,ROJO,3,,,,SIN DATOS,0,0,Morelia,El Parian,agosto,martes,14,-101.26767039299,19.6950743584799
1016,1016,2016,,2016/08/02,14:20:00,CAIDA DE MOTOCICLETA,ASFALTO,Bueno,Bueno,1,HONDA,BLANCO Y AZUL,2,MINISTERIO PÚBLICO,,MASCULINO,SIN DATOS,1,0,Morelia,Camelinas,agosto,martes,14,-101.170549616218,19.6838212328742
1017,1017,2016,,2016/08/02,14:45:00,COLISIÓN POR ALCANCE,CONCRETO,Lluvioso,Bueno,3,V.W.,GRIS,3,,26,FEMENINO,SIN DATOS,0,0,Morelia,Chapultepec Sur,agosto,martes,15,-101.169158220291,19.6898090245092
1018,1018,2016,,2016/08/02,15:00:00,SUBIDA AL CAMELLÓN,ASFALTO,Bueno,Bueno,1,VOLKSWAGEN,VERDE,1,,49,MASCULINO,SIN DATOS,0,0,Morelia,Poblado de Ocolusen,agosto,martes,15,-101.157342419028,19.6952785918659
1019,1019,2016,,2016/08/02,17:15:00,COLISIÓN POR CORTE DE CIRCULACIÓN,ASFALTO,Nublado,Bueno,2,FORD,AZUL,2,,22,MASCULINO,SIN DATOS,0,0,Morelia,Lazaro Cardenas,agosto,martes,17,-101.165058463812,19.71032138443
1020,1020,2016,,2016/08/02,17:30:00,COLISIÓN POR ALCANCE,ASFALTO,Nublado,Regular,2,NISSAN,BLANCO Y ROJO,2,,33,MASCULINO,SIN DATOS,0,0,Morelia,Lazaro Cardenas,agosto,martes,18,-101.165562719107,19.7102443701466
1021,1021,2016,,2016/08/02,19:00:00,COLISIÓN POR CORTE DE CIRCULACIÓN,CONCRETO,Bueno,Regular,2,FORD,BLANCO,2,,45,MASCULINO,SIN DATOS,0,0,Morelia,Montaña Monarca,agosto,martes,19,-101.164520680904,19.6656487711833
1022,1022,2016,,2016/08/02,20:00:00,COLISIÓN POR CORTE DE CIRCULACIÓN,ASFALTO,Bueno,Bueno,3,NISSAN,GRIS,4,,23,MASCULINO,SIN DATOS,2,0,Morelia,Plan de La Garita,agosto,martes,20,-101.187150478363,19.7130307485675
1023,1023,2016,,2016/08/02,20:20:00,COLISIÓN POR ALCANCE,ASFALTO,Bueno,Bueno,2,HONDA,ACERO,2,,39,FEMENINO,SIN DATOS,0,0,Morelia,Ventura Puente,agosto,martes,20,-101.185781881213,19.6952044112999
1024,1024,2016,,2016/08/02,23:40:00,SALIDA DE SUPERFICIE DE RODAMIENTO,ASFALTO,Bueno,Regular,1,NISSAN,BLANCO,1,,55,MASCULINO,SIN DATOS,0,0,Morelia,Virrey Antonio de Mendoza,agosto,martes,0,-101.16235781461,19.7065343840652
1025,1025,2016,,2016/08/03,"00:40:00",COLISIÓN POR CORTE DE CIRCULACIÓN,ASFALTO,Bueno,Bueno,2,NISSAN,BLANCO,2,,,MASCULINO,SIN DATOS,0,0,Morelia,Sin datos,agosto,miércoles,1,-101.284030526876,19.6904088015068
1026,1026,2016,,2016/08/03,"00:45:00",COLISIÓN POR CORTE DE CIRCULACIÓN,ASFALTO,Lluvioso,Regular,2,FORD,BLANCO,2,,33,MASCULINO,SIN DATOS,0,0,Morelia,Chapultepec Norte,agosto,miércoles,1,-101.171319074929,19.6942530030346
1027,1027,2016,,2016/08/03,11:00:00,COLISIÓN POR CORTE DE CIRCULACIÓN,ASFALTO,Bueno,Bueno,2,FORD,AZUL,3,,48,FEMENINO,SIN DATOS,1,0,Morelia,Chapultepec Oriente,agosto,miércoles,11,-101.159727573395,19.6926399522119
1028,1028,2016,,2016/08/03,12:30:00,COLISIÓN POR CORTE DE CIRCULACIÓN,ASFALTO,Bueno,Bueno,2,NISSAN,BLANCO,2,,34,FEMENINO,SIN DATOS,0,0,Morelia,Camelinas,agosto,miércoles,13,-101.170440986753,19.6819814130473
1029,1029,2016,,2016/08/03,13:15:00,COLISIÓN CON PEATÓN,CONCRETO,Bueno,Bueno,1,GENERAL MOTORS,ROJO,2,,25,MASCULINO,SIN DATOS,1,0,Morelia,Virrey Antonio de Mendoza,agosto,miércoles,13,-101.162321940064,19.7065059764891
1030,1030,2016,,2016/08/03,14:20:00,COLISIÓN POR CORTE DE CIRCULACIÓN,ASFALTO,Bueno,Regular,2,CHEVROLET,BLANCO Y AZUL,2,,59,FEMENINO,SIN DATOS,0,0,Morelia,Cinco de Diciembre,agosto,miércoles,14,-101.160216070712,19.6880892304295
1031,1031,2016,,2016/08/03,17:00:00,COLISIÓN CONTRA OBJETO FIJO,ASFALTO,Bueno,Bueno,2,VOLKSWAGEN,GRIS,2,,23,FEMENINO,SIN DATOS,0,0,Morelia,Ocolusen Iii,agosto,miércoles,17,-101.147622764111,19.6853276722187
1032,1032,2016,,2016/08/03,17:50:00,COLISIÓN POR CORTE DE CIRCULACIÓN,ASFALTO,Bueno,Bueno,2,FORD,NARANJA Y NEGRO,2,,51,MASCULINO,SIN DATOS,0,0,Morelia,Canteras de Morelia,agosto,miércoles,18,-101.1734008044,19.7162520041141
1033,1033,2016,,2016/08/03,18:00:00,COLISIÓN POR CORTE DE CIRCULACIÓN,ASFALTO,Bueno,Bueno,2,CHEVROLET,GRIS,2,,33,MASCULINO,SIN DATOS,0,0,Morelia,Fray Antonio de Lisboa,agosto,miércoles,18,-101.146960258484,19.6941892389075
1034,1034,2016,,2016/08/03,18:50:00,COLISIÓN POR CORTE DE CIRCULACIÓN,ASFALTO,Bueno,Bueno,2,NISSAN,BLANCO,2,,46,MASCULINO,SIN DATOS,0,0,Morelia,Obrera,agosto,miércoles,19,-101.188631728292,19.7091207149087
1035,1035,2016,,2016/08/03,20:30:00,COLISIÓN POR CORTE DE CIRCULACIÓN,ASFALTO,Bueno,Bueno,2,FREIGHTLINER,BLANCO Y ROJO,2,,56,MASCULINO,SIN DATOS,0,0,Morelia,Lomas de Santiaguito,agosto,miércoles,21,-101.179286241531,19.720777307179
1036,1036,2016,,2016/08/03,21:40:00,COLISIÓN POR ALCANCE,ASFALTO,Lluvioso,Bueno,2,NISSAN,ORO,2,,33,FEMENINO,SIN DATOS,0,0,Morelia,Vista Bella,agosto,miércoles,22,-101.198163628578,19.675908721173
1037,1037,2016,,2016/08/03,21:50:00,SUBIDA AL CAMELLÓN,ASFALTO,Lluvioso,Regular,1,FORD,BLANCO,1,,,MASCULINO,SIN DATOS,0,0,Morelia,Rafael Carrillo,agosto,miércoles,22,-101.233182549477,19.7123439429896
1038,1038,2016,,2016/08/03,22:30:00,COLISIÓN POR CORTE DE CIRCULACIÓN,ASFALTO,Lluvioso,Bueno,2,DATSUN,VERDE,2,,46,MASCULINO,SIN DATOS,0,0,Morelia,Nueva Valladolid,agosto,miércoles,23,-101.210768669844,19.6951760017123
1039,1039,2016,,2016/08/03,23:40:00,CAIDA DE MOTOCICLETA,CONCRETO,Lluvioso,Bueno,1,ITALIKA,NEGRO,1,,23,MASCULINO,SIN DATOS,0,0,Morelia,Buenavista,agosto,miércoles,0,-101.161163896322,19.7057736905644
1040,1040,2016,,2016/08/04,"02:45:00",COLISIÓN CONTRA OBJETO FIJO,CONCRETO,Lluvioso,Bueno,2,CHRYSLER,BLANCO,2,,,MASCULINO,SIN DATOS,0,0,Morelia,Primo Tapia Oriente,agosto,jueves,3,-101.158635914326,19.715272314997
1041,1041,2016,,2016/08/04,"07:15:00",COLISIÓN POR CORTE DE CIRCULACIÓN,ASFALTO,Bueno,Bueno,1,KENWORTH,BLANCO,1,,47,MASCULINO,SIN DATOS,0,0,Morelia,Primo Tapia Oriente,agosto,jueves,7,-101.156994402409,19.7146669499711
1042,1042,2016,,2016/08/04,"09:45:00",COLISIÓN POR CORTE DE CIRCULACIÓN,ASFALTO,Bueno,Bueno,2,SIN DATOS,BLANCO Y AZUL,1,,34,MASCULINO,SIN DATOS,0,0,Morelia,Cuauhtemoc,agosto,jueves,10,-101.181111484766,19.6938899891005
1043,1043,2016,,2016/08/04,10:20:00,COLISIÓN POR CORTE DE CIRCULACIÓN,ASFALTO,Bueno,Bueno,2,NISSAN,GRIS,2,,87,MASCULINO,SIN DATOS,0,0,Morelia,Los Laureles,agosto,jueves,10,-101.231829375029,19.7142187637516
1044,1044,2016,,2016/08/04,11:10:00,COLISIÓN POR CORTE DE CIRCULACIÓN,CONCRETO,Bueno,Regular,2,NISSAN,GRIS,2,,48,MASCULINO,SIN DATOS,0,0,Morelia,Centro,agosto,jueves,11,-101.195190009361,19.6986094099844
1045,1045,2016,,2016/08/04,11:15:00,SALIDA DE SUPERFICIE DE RODAMIENTO,ASFALTO,Bueno,Bueno,2,DODGE,PLATA,1,,27,MASCULINO,SIN DATOS,0,0,Morelia,Praderas de Morelia,agosto,jueves,11,-101.228499412537,19.6740397657309
1046,1046,2016,,2016/08/04,11:40:00,COLISIÓN CONTRA OBJETO FIJO,CONCRETO,Bueno,Bueno,2,V.W.,BLANCO,2,,32,MASCULINO,SIN DATOS,0,0,Morelia,Centro,agosto,jueves,12,-101.179171577096,19.7015175279118
1047,1047,2016,,2016/08/04,15:50:00,COLISIÓN POR CORTE DE CIRCULACIÓN,ASFALTO,Nublado,Regular,2,INTERNATIONAL,BLANCO Y NARANJA,2,,37,MASCULINO,SIN DATOS,0,0,Morelia,Lindavista,agosto,jueves,16,-101.21618270874,19.7039063462842
1048,1048,2016,,2016/08/04,16:20:00,COLISIÓN POR CORTE DE CIRCULACIÓN,ASFALTO,Bueno,Bueno,2,NISSAN,CAFE,2,,44,MASCULINO,SIN DATOS,0,0,Morelia,Indeco El Vivero,agosto,jueves,16,-101.22996121645,19.6769416885432
1049,1049,2016,,2016/08/04,16:42:00,COLISIÓN POR CORTE DE CIRCULACIÓN,ASFALTO,Nublado,Regular,2,YAMAHA,BLANCO Y NEGRO,0,MINISTERIO PÚBLICO,,,,0,0,Morelia,Villa Universidad,agosto,jueves,17,-101.202009916306,19.6907383622269
1050,1050,2016,,2016/08/04,19:40:00,COLISIÓN POR CORTE DE CIRCULACIÓN,CONCRETO,Bueno,Bueno,2,DODGE,ROJO,1,,22,MASCULINO,SIN DATOS,0,0,Morelia,La Soledad,agosto,jueves,20,-101.185267567635,19.7267990629151
1051,1051,2016,,2016/08/04,20:30:00,COLISIÓN POR ALCANCE,ASFALTO,Bueno,Bueno,3,TOYOTA,SIN DATOS,3,,15,MASCULINO,SIN DATOS,0,0,Morelia,Santa Maria de Guido,agosto,jueves,21,-101.18833065033,19.6763608030665
1052,1052,2016,,2016/08/04,20:30:00,COLISIÓN POR CORTE DE CIRCULACIÓN,ASFALTO,Bueno,Bueno,2,V.W.,BLANCO,2,,37,MASCULINO,SIN DATOS,0,0,Morelia,Barrio Alto,agosto,jueves,21,-101.197114884853,19.7253195246707
1053,1053,2016,,2016/08/04,21:30:00,COLISIÓN CONTRA OBJETO FIJO,CONCRETO,Bueno,Regular,2,MAZDA,GRIS,2,,26,MASCULINO,SIN DATOS,0,0,Morelia,Centro,agosto,jueves,22,-101.189805865288,19.7020112031313
1054,1054,2016,,2016/08/04,23:15:00,COLISIÓN POR ALCANCE,ASFALTO,Bueno,Bueno,2,NISSAN,BLANCO,3,,37,MASCULINO,CON CERTIFICADO,1,0,Morelia,Granjas Unidas de Morelia,agosto,jueves,23,-101.279489547014,19.6912914166235
1055,1055,2016,,2016/08/04,23:45:00,COLISIÓN CONTRA OBJETO FIJO,CONCRETO,Bueno,Bueno,1,V.W.,BLANCO,1,,24,MASCULINO,CON CERTIFICADO,0,0,Morelia,Infonavit Colonial Universidad,agosto,jueves,0,-101.204677373171,19.6864249774566
1056,1056,2016,,2016/08/05,"00:01:00",COLISIÓN POR ALCANCE,ASFALTO,Bueno,Bueno,2,NISSAN,GRIS,2,,38,MASCULINO,SIN DATOS,0,0,Morelia,Adolfo Lopez Mateos,agosto,viernes,0,-101.232481487095,19.7027311960372
1057,1057,2016,,2016/08/05,"09:00:00",COLISIÓN CON PEATÓN,ASFALTO,Bueno,Bueno,1,DODGE,BLANCO Y ROJO,2,,38,MASCULINO,SIN DATOS,1,0,Morelia,Jardines de Torremolinos,agosto,viernes,9,-101.227662563324,19.6771412095907
1058,1058,2016,,2016/08/05,"09:50:00",COLISIÓN POR ALCANCE,ASFALTO,Bueno,Bueno,6,DODGE,ROJO,6,,33,MASCULINO,SIN DATOS,0,0,Morelia,Alfonso Garcia Robles,agosto,viernes,10,-101.182054281235,19.7189240251649
1059,1059,2016,,2016/08/05,10:05:00,COLISIÓN POR ALCANCE,CONCRETO,Bueno,Bueno,2,NISSAN,BLANCO,2,,45,MASCULINO,SIN DATOS,0,0,Morelia,Vasco de Quiroga,agosto,viernes,10,-101.178140938282,19.6990478663497
1060,1060,2016,,2016/08/05,10:20:00,COLISIÓN POR CORTE DE CIRCULACIÓN,CONCRETO,Bueno,Bueno,2,NISSAN,BLANCO,2,,23,FEMENINO,SIN DATOS,0,0,Morelia,Centro,agosto,viernes,10,-101.189178228378,19.7021223114106
1061,1061,2016,,2016/08/05,12:15:00,COLISIÓN CON PEATÓN,CONCRETO,Bueno,Bueno,1,KIA,SILVER,2,,32,FEMENINO,SIN DATOS,1,0,Morelia,Chapultepec Norte,agosto,viernes,12,-101.169490814209,19.6947031391695
1062,1062,2016,,2016/08/05,13:00:00,COLISIÓN POR ALCANCE,ASFALTO,Bueno,Bueno,2,CHEVROLET,BLANCO,2,,48,MASCULINO,SIN DATOS,0,0,Morelia,Granjas Unidas de Morelia,agosto,viernes,13,-101.268468350172,19.6947523825969
1063,1063,2016,,2016/08/05,14:00:00,COLISIÓN POR CORTE DE CIRCULACIÓN,ASFALTO,Bueno,Bueno,2,NISSAN,BLANCO,2,,33,MASCULINO,SIN DATOS,0,0,Morelia,Tzindurio de Morelos,agosto,viernes,14,-101.243455410004,19.6995415491885
1064,1064,2016,,2016/08/05,14:20:00,COLISIÓN POR ALCANCE,ASFALTO,Bueno,Bueno,2,FORD,BLANCO,2,,38,MASCULINO,SIN DATOS,0,0,Morelia,Ciudad Industrial,agosto,viernes,14,-101.159251481295,19.7182940558814
1065,1065,2016,,2016/08/05,18:20:00,COLISIÓN POR CORTE DE CIRCULACIÓN,ASFALTO,Bueno,Bueno,2,FORD,GRIS,2,,85,MASCULINO,SIN DATOS,0,0,Tangancícuaro,Sin datos,agosto,viernes,18,-102.227810025215,19.8027546664357
1066,1066,2016,,2016/08/05,22:45:00,COLISIÓN POR CORTE DE CIRCULACIÓN,ASFALTO,Bueno,Bueno,2,CHEVROLET,NARANJA,2,,41,MASCULINO,SIN DATOS,0,0,Morelia,Morelos,agosto,viernes,23,-101.183092296124,19.7236405098988
1067,1067,2016,,2016/08/05,22:45:00,COLISIÓN POR CORTE DE CIRCULACIÓN,ASFALTO,Nublado,Regular,2,NISSAN,BLANCO,2,MINISTERIO PÚBLICO,58,MASCULINO,SIN DATOS,0,0,Sahuayo,La Noria de Montes,agosto,viernes,23,-102.717781886458,20.0497878392685
1068,1068,2016,,2016/08/05,23:00:00,COLISIÓN POR ALCANCE,CONCRETO,Bueno,Bueno,2,TOYOTA,VERDE,2,MINISTERIO PÚBLICO,,,SIN DATOS,0,0,Morelia,Barrio Alto,agosto,viernes,23,-101.197047829628,19.7253839075927
1069,1069,2016,,2016/08/05,23:30:00,COLISIÓN POR ALCANCE,ASFALTO,Bueno,Bueno,2,FREIGHTLINER,SIN DATOS,2,,25,MASCULINO,SIN DATOS,0,0,Morelia,Indeco El Vivero,agosto,viernes,0,-101.229829788208,19.6769997769751
1070,1070,2016,,2016/08/06,"01:00:00",COLISIÓN POR ALCANCE,ASFALTO,Bueno,Bueno,2,Volks Wagen,Gris,1,,40,MASCULINO,SIN DATOS,0,0,Múgica,Lazaro Cardenas,agosto,sábado,1,-102.097889184952,19.013020360491
1071,1071,2016,,2016/08/06,"01:20:00",SUBIDA AL CAMELLÓN,ASFALTO,Bueno,Bueno,1,NISSAN,BLANCO,1,,26,MASCULINO,SIN DATOS,0,0,Morelia,Camelinas,agosto,sábado,1,-101.178033649921,19.6814876760586
1072,1072,2016,,2016/08/06,"05:30:00",COLISIÓN CONTRA OBJETO FIJO,ASFALTO,Bueno,Bueno,2,HONDA,GRIS,2,,38,MASCULINO,SIN DATOS,0,0,Morelia,La Quemada,agosto,sábado,6,-101.241149716079,19.7056872048503
1073,1073,2016,,2016/08/06,"06:40:00",COLISIÓN POR CORTE DE CIRCULACIÓN,ASFALTO,Bueno,Bueno,2,HONDA,ROJO,2,,22,MASCULINO,SIN DATOS,0,0,Morelia,Irrigacion,agosto,sábado,7,-101.228706277907,19.70388551372
1074,1074,2016,,2016/08/06,"06:45:00",COLISIÓN POR CORTE DE CIRCULACIÓN,CONCRETO,Nublado,Bueno,2,CHEVROLET,ROJO,2,,35,MASCULINO,SIN DATOS,0,0,Morelia,Centro,agosto,sábado,7,-101.189815588295,19.7028997515586
1075,1075,2016,,2016/08/06,"07:45:00",SALIDA DE SUPERFICIE DE RODAMIENTO,ASFALTO,Lluvioso,Malo,1,CHEVROLET,NEGRO,1,,29,MASCULINO,SIN DATOS,0,0,Tzintzuntzan,Sin datos,agosto,sábado,8,-101.470241546631,19.6354738069618
1076,1076,2016,,2016/08/06,"08:30:00",COLISIÓN POR CORTE DE CIRCULACIÓN,ASFALTO,Lluvioso,Regular,2,NISSAN,VERDE,2,,27,FEMENINO,SIN DATOS,0,0,Morelia,Sin datos,agosto,sábado,9,-101.338477358222,19.6895605899054
1077,1077,2016,,2016/08/06,"08:30:00",COLISIÓN CON PEATÓN,CONCRETO,Bueno,Bueno,2,FORD,AZUL,2,,24,MASCULINO,SIN DATOS,0,0,Morelia,La Loma,agosto,sábado,9,-101.182409003377,19.6798031501735
1078,1078,2016,,2016/08/06,"09:00:00",COLISIÓN POR CORTE DE CIRCULACIÓN,ASFALTO,Lluvioso,Bueno,3,NISSAN,BLANCO,3,,33,MASCULINO,SIN DATOS,0,0,Morelia,Avicola Benito Juarez,agosto,sábado,9,-101.279413104057,19.6914618782099
1079,1079,2016,,2016/08/06,10:15:00,COLISIÓN POR ALCANCE,CONCRETO,Nublado,Bueno,2,V.W.,AZUL,2,,,,SIN DATOS,0,0,Morelia,Chapultepec Norte,agosto,sábado,10,-101.177053302526,19.6932447692587
1080,1080,2016,,2016/08/06,10:20:00,COLISIÓN POR CORTE DE CIRCULACIÓN,ASFALTO,Bueno,Bueno,2,Chevrolet,Rojo,2,MINISTERIO PÚBLICO,37,MASCULINO,SIN DATOS,0,0,Apatzingán,Zaragoza,agosto,sábado,10,-102.361276745796,19.0970026733534
1081,1081,2016,,2016/08/06,11:30:00,COLISIÓN POR ALCANCE,ASFALTO,Nublado,Bueno,2,V.W.,NEGRO,2,,39,MASCULINO,SIN DATOS,0,0,Morelia,Alberto Oviedo Mota,agosto,sábado,12,-101.201891899109,19.678474710971
1082,1082,2016,,2016/08/06,11:30:00,COLISIÓN CONTRA OBJETO FIJO,CONCRETO,Nublado,Regular,2,TOYOTA,NEGRO,2,,41,MASCULINO,SIN DATOS,0,0,Morelia,Cuauhtemoc,agosto,sábado,12,-101.183650866151,19.7006548552178
1083,1083,2016,,2016/08/06,11:45:00,COLISIÓN POR ALCANCE,ASFALTO,Lluvioso,Regular,2,NISSAN,GRIS,2,,27,MASCULINO,SIN DATOS,0,0,Morelia,Granjas de La Huerta,agosto,sábado,12,-101.234692633152,19.6666723331327
1084,1084,2016,,2016/08/06,13:50:00,SALIDA DE SUPERFICIE DE RODAMIENTO,CONCRETO,Bueno,Bueno,1,V.W.,BLANCO,1,,29,,SIN DATOS,0,0,Morelia,Sin datos,agosto,sábado,14,-101.110036969185,19.7371226267418
1085,1085,2016,,2016/08/06,15:00:00,COLISIÓN POR CORTE DE CIRCULACIÓN,ASFALTO,Nublado,Regular,2,V.W.,ROJO,2,,22,MASCULINO,SIN DATOS,0,0,Morelia,San Rafael,agosto,sábado,15,-101.153844818473,19.6997909152609
1086,1086,2016,,2016/08/06,15:20:00,COLISIÓN POR CORTE DE CIRCULACIÓN,CONCRETO,Lluvioso,Bueno,2,NISSAN,AZUL,2,,28,MASCULINO,SIN DATOS,0,0,Morelia,Centro,agosto,sábado,15,-101.192418336868,19.702974559851
1087,1087,2016,,2016/08/06,16:45:00,COLISIÓN POR CORTE DE CIRCULACIÓN,ASFALTO,Nublado,Regular,2,TOYOTA,BLANCO,2,,27,MASCULINO,SIN DATOS,0,0,Morelia,Santiaguito,agosto,sábado,17,-101.188676655293,19.7173080669091
1088,1088,2016,,2016/08/06,17:20:00,SUBIDA AL CAMELLÓN,ASFALTO,Nublado,Regular,2,SIN DATOS,ROJO,1,,33,MASCULINO,SIN DATOS,0,0,Morelia,Justo Mendoza,agosto,sábado,17,-101.231288909912,19.7144952506101
1089,1089,2016,,2016/08/06,17:30:00,COLISIÓN POR ALCANCE,ASFALTO,Lluvioso,Malo,3,FORD,VERDE,3,,31,MASCULINO,SIN DATOS,0,0,Morelia,Tinijaro,agosto,sábado,18,-101.258373856544,19.6972435751942
1090,1090,2016,,2016/08/06,18:20:00,COLISIÓN POR CORTE DE CIRCULACIÓN,CONCRETO,Bueno,Bueno,2,DODGE,BEIGE,2,,31,MASCULINO,SIN DATOS,0,0,Morelia,Centro,agosto,sábado,18,-101.192311048508,19.7061120575807
1091,1091,2016,,2016/08/06,18:30:00,COLISIÓN POR CORTE DE CIRCULACIÓN,ASFALTO,Bueno,Regular,2,MERDES BENZ,VERDE,3,MINISTERIO PÚBLICO,25,MASCULINO,SIN DATOS,1,0,Morelia,Centro,agosto,sábado,19,-101.190377175808,19.7064529490002
1092,1092,2016,,2016/08/06,19:00:00,COLISIÓN CONTRA OBJETO FIJO,ASFALTO,Bueno,Bueno,5,INTERNATIONAL,BLANCO,5,MINISTERIO PÚBLICO,40,MASCULINO,SIN DATOS,0,0,Morelia,Chapultepec Norte,agosto,sábado,19,-101.171894073486,19.69414252062
1093,1093,2016,,2016/08/06,19:42:00,COLISIÓN POR ALCANCE,ASFALTO,Bueno,Bueno,3,FORD,NEGRO,3,,21,MASCULINO,SIN DATOS,0,0,Tacámbaro,Centro,agosto,sábado,20,-101.456587,19.234897
1094,1094,2016,,2016/08/06,21:40:00,COLISIÓN POR CORTE DE CIRCULACIÓN,ASFALTO,Bueno,Regular,2,FORD,NARANJA,2,,22,MASCULINO,SIN DATOS,0,0,Ario,Justicia Y democracia(Tunacuaro),agosto,sábado,22,-101.686640828848,19.2116859606965
1095,1095,2016,,2016/08/06,22:45:00,COLISIÓN CONTRA OBJETO FIJO,ASFALTO,Bueno,Regular,1,NISSAN,ROJO,1,,59,MASCULINO,SIN DATOS,0,0,Morelia,Popular Pogreso,agosto,sábado,23,-101.198508627713,19.7197080115274
1097,1097,2016,,2016/08/07,"00:50:00",VOLCADURA,CONCRETO,Bueno,Bueno,1,ZUSUKI,GRIS,1,,30,FEMENINO,SIN DATOS,0,0,Morelia,Chapultepec Sur,agosto,domingo,1,-101.166219860315,19.6937435206365
1098,1098,2016,,2016/08/07,"01:45:00",COLISIÓN POR CORTE DE CIRCULACIÓN,ASFALTO,Lluvioso,Bueno,2,VOLKSWAGEN,BLANCO,4,MINISTERIO PÚBLICO,,,,4,0,Lázaro Cárdenas,Segundo Sector de Fidelac,agosto,domingo,2,-102.207953934095,17.961679698831
1099,1099,2016,,2016/08/07,"02:30:00",COLISIÓN POR CORTE DE CIRCULACIÓN,ASFALTO,Bueno,Bueno,2,RENAULT,GRIS,2,,27,FEMENINO,SIN DATOS,0,0,Morelia,Cuauhtemoc,agosto,domingo,3,-101.181548684835,19.6963269016363
1100,1100,2016,,2016/08/07,"03:00:00",SUBIDA AL CAMELLÓN,ASFALTO,Lluvioso,Regular,1,MERCEDES BENZ,PLATA,1,,30,MASCULINO,SIN DATOS,0,0,Morelia,Gertrudis Bocanegra,agosto,domingo,3,-101.210324764252,19.7022940240541
1101,1101,2016,,2016/08/07,"04:00:00",SUBIDA AL CAMELLÓN,ASFALTO,Lluvioso,Bueno,1,FORD,CAFE,1,,28,MASCULINO,SIN DATOS,0,0,Morelia,Arcos del Valle,agosto,domingo,4,-101.236183606088,19.7075681007629
1102,1102,2016,,2016/08/07,"04:55:00",COLISIÓN POR CORTE DE CIRCULACIÓN,ASFALTO,Lluvioso,Bueno,1,CHEVROLET,GRIS,0,,,,,0,0,Morelia,San Rafael,agosto,domingo,5,-101.154454350471,19.7003193175277
1103,1103,2016,,2016/08/07,"07:35:00",COLISIÓN CONTRA OBJETO FIJO,CONCRETO,Lluvioso,Bueno,2,VW,GRIS,0,,,,,0,0,Morelia,La Loma,agosto,domingo,8,-101.179554462433,19.6799559452309
1104,1104,2016,,2016/08/07,"07:50:00",COLISIÓN CON PEATÓN,ASFALTO,Lluvioso,Regular,2,SEAT,BLANCO,2,MINISTERIO PÚBLICO,22,MASCULINO,SIN DATOS,0,0,Morelia,Comision Federal de Electricidad,agosto,domingo,8,-101.179897785187,19.6817882117982
1105,1105,2016,,2016/08/07,"08:00:00",COLISIÓN POR CORTE DE CIRCULACIÓN,ASFALTO,Lluvioso,Bueno,1,TSURU,VERDE,1,,22,MASCULINO,SIN DATOS,0,0,Morelia,3 de Agosto,agosto,domingo,8,-101.17185652256,19.7308866579443
1106,1106,2016,,2016/08/07,"08:15:00",COLISIÓN POR CORTE DE CIRCULACIÓN,ASFALTO,Lluvioso,Bueno,1,V.W,BLANCO,1,,28,MASCULINO,SIN DATOS,0,0,Morelia,Jardines de Torremolinos,agosto,domingo,8,-101.228687167168,19.6769896746406
1107,1107,2016,,2016/08/07,10:40:00,COLISIÓN CONTRA OBJETO FIJO,ASFALTO,Lluvioso,Regular,1,FORD,GRIS,0,MINISTERIO PÚBLICO,,,,0,0,Lázaro Cárdenas,Centro,agosto,domingo,11,-102.196786254644,17.954049401269
1108,1108,2016,,2016/08/07,17:20:00,COLISIÓN POR ALCANCE,ASFALTO,Bueno,Bueno,2,CHEVROLET,NEGRO,2,MINISTERIO PÚBLICO,25,MASCULINO,SIN DATOS,0,0,Morelia,La Quemada,agosto,domingo,17,-101.24190106988,19.7055044483881
1109,1109,2016,,2016/08/07,20:25:00,COLISIÓN POR CORTE DE CIRCULACIÓN,ASFALTO,Nublado,Bueno,2,V.W,BLANCO,2,,60,MASCULINO,SIN DATOS,0,0,Morelia,Praderas del Indio,agosto,domingo,20,-101.230098009109,19.645820942107
1110,1110,2016,,2016/08/07,20:45:00,COLISIÓN POR CORTE DE CIRCULACIÓN,ASFALTO,Lluvioso,Bueno,2,NISSAN,GRIS,2,,41,MASCULINO,SIN DATOS,0,0,Tarímbaro,Sin datos,agosto,domingo,21,-101.131591200829,19.7763809121384
1112,1112,2016,,2016/08/07,21:40:00,COLISIÓN POR CORTE DE CIRCULACIÓN,ASFALTO,Bueno,Bueno,2,CHEVROLET,BLANCO,6,MINISTERIO PÚBLICO,58,MASCULINO,SIN DATOS,4,0,Morelia,La Luz,agosto,domingo,22,-101.293108463287,19.68659670694
1113,1113,2016,,2016/08/07,21:50:00,COLISIÓN POR CORTE DE CIRCULACIÓN,ASFALTO,Lluvioso,Regular,1,HONDA,ROJO,1,,19,MASCULINO,SIN DATOS,0,0,Morelia,Alberto Oviedo Mota,agosto,domingo,22,-101.201440282166,19.6795790083999
1114,1114,2016,,2016/08/07,22:00:00,SUBIDA AL CAMELLÓN,ASFALTO,Lluvioso,Regular,1,PEUGEO,BLANCO,1,,0,MASCULINO,SIN DATOS,0,0,Morelia,Rafael Carrillo,agosto,domingo,22,-101.233579516411,19.7120788150472