fid,id_accidente,anio_origen,folio_c5i,dia_incidente,hora_ocurrencia,tipo_incidente_vial,superficie_ocurrencia,condiciones_climaticas,condiciones_via,numero_vehiculos_involucrados,marca_vehiculo_ocasiona_siniestro,color_vehiculo_ocasiona_siniestro,numero_personas_involucradas,lugar_remite_presunto_responsable,edad_presunto_responsable,sexo_presunto_responsable,resultados_toxicologia,numero_personas_lesionadas,numero_personas_fallecidas,municipio,colonia,mes,dia_semana,hora_redondeada,lon,lat
1115,1115,2016,,2016/08/07,23:30:00,COLISIÓN POR CORTE DE CIRCULACIÓN,ASFALTO,Lluvioso,Bueno,2,FORD,BLANCO,2,,35,MASCULINO,SIN DATOS,0,0,Morelia,Centro,agosto,domingo,0,-101.191871166229,19.696172859559
1116,1116,2016,,2016/08/08,"01:15:00",COLISIÓN CONTRA OBJETO FIJO,ASFALTO,Bueno,Bueno,1,NISSAN,BLANCO,1,,,,SIN DATOS,0,0,Morelia,San Juanito Itzicuaro,agosto,lunes,1,-101.25767916441,19.672561633845
1117,1117,2016,,2016/08/08,"05:10:00",COLISIÓN CONTRA OBJETO FIJO,CONCRETO,Nublado,Bueno,1,TOYOTA,GRIS,1,,,,SIN DATOS,0,0,Morelia,Villas del Pedregal,agosto,lunes,5,-101.304668784142,19.6788282890208
1118,1118,2016,,2016/08/08,"07:20:00",SUBIDA AL CAMELLÓN,ASFALTO,Nublado,Bueno,1,NISSAN,PLATA,1,,61,MASCULINO,SIN DATOS,0,0,Morelia,La Quemada,agosto,lunes,7,-101.241998970509,19.7054839316738
1119,1119,2016,,2016/08/08,"07:40:00",COLISIÓN POR CORTE DE CIRCULACIÓN,ASFALTO,Bueno,Bueno,2,VOLKSWAGEN,VERDE,2,MINISTERIO PÚBLICO,23,FEMENINO,SIN DATOS,0,0,Morelia,Independencia,agosto,lunes,8,-101.177818737924,19.7192907696666
1120,1120,2016,,2016/08/08,"08:10:00",COLISIÓN POR CORTE DE CIRCULACIÓN,CONCRETO,Nublado,Regular,2,RENAULT,GRIS,3,,48,FEMENINO,SIN DATOS,1,0,Morelia,Molino de Parras,agosto,lunes,8,-101.200254410505,19.6936904889183
1121,1121,2016,,2016/08/08,"08:20:00",COLISIÓN POR CORTE DE CIRCULACIÓN,CONCRETO,Nublado,Regular,2,DINA,AZUL,2,,28,MASCULINO,SIN DATOS,0,0,Morelia,Central de Abastos,agosto,lunes,8,-101.1707675457,19.7160960874978
1122,1122,2016,,2016/08/08,"08:50:00",COLISIÓN POR CORTE DE CIRCULACIÓN,ASFALTO,Nublado,Bueno,2,VOLVO,ORO Y ROJO,2,,31,MASCULINO,SIN DATOS,0,0,Morelia,Lomas del Tecnologico,agosto,lunes,9,-101.190314143896,19.7219488531162
1123,1123,2016,,2016/08/08,10:20:00,COLISIÓN POR CORTE DE CIRCULACIÓN,SIN_DATOS,Bueno,Bueno,2,SIN DATOS,SIN DATOS,2,,,,SIN DATOS,0,0,Morelia,Articulo Constitucional,agosto,lunes,10,-101.170286424458,19.7136411697991
1124,1124,2016,,2016/08/08,14:50:00,CAIDA DE MOTOCICLETA,CONCRETO,Bueno,Bueno,1,DISCAR,NEGRO Y AZUL,1,,24,,SIN DATOS,0,0,Morelia,Loma Bonita,agosto,lunes,15,-101.196546256542,19.7230257083483
1125,1125,2016,,2016/08/08,19:50:00,COLISIÓN POR ALCANCE,ASFALTO,Bueno,Regular,3,CHEVROLET,BLANCO,3,,,MASCULINO,SIN DATOS,0,0,Morelia,Centro,agosto,lunes,20,-101.190129742026,19.710426174297
1126,1126,2016,,2016/08/08,20:45:00,COLISIÓN CONTRA OBJETO FIJO,CONCRETO,Bueno,Bueno,2,FREIGHTLINER,BLANCO,2,,29,MASCULINO,SIN DATOS,0,0,Morelia,El Realito,agosto,lunes,21,-101.204997897148,19.7266229581853
1127,1127,2016,,2016/08/08,21:40:00,COLISIÓN POR ALCANCE,ASFALTO,Bueno,Bueno,2,CHEVROLET,NEGRO,2,,25,MASCULINO,SIN DATOS,0,0,Morelia,Industrial,agosto,lunes,22,-101.197878308594,19.7082233632163
1128,1128,2016,,2016/08/09,"08:15:00",COLISIÓN POR ALCANCE,ASFALTO,Bueno,Bueno,3,NISSAN,TITANIO,3,,38,MASCULINO,SIN DATOS,0,0,Morelia,Justo Mendoza,agosto,martes,8,-101.231193691492,19.7146063502177
1129,1129,2016,,2016/08/09,10:50:00,COLISIÓN POR ALCANCE,CONCRETO,Bueno,Bueno,2,VOLKSWAGEN,GRIS,2,,36,MASCULINO,SIN DATOS,0,0,Morelia,Infonavit Benito Juarez,agosto,martes,11,-101.197199374437,19.6856275693911
1130,1130,2016,,2016/08/09,11:20:00,COLISIÓN POR CORTE DE CIRCULACIÓN,ASFALTO,Nublado,Regular,2,SEAT,GRIS,2,,31,MASCULINO,SIN DATOS,0,0,Morelia,Centro,agosto,martes,11,-101.177661493421,19.7032674797482
1131,1131,2016,,2016/08/09,12:05:00,COLISIÓN POR CORTE DE CIRCULACIÓN,CONCRETO,Bueno,Bueno,2,HONDA,BLANCO,2,,30,MASCULINO,SIN DATOS,0,0,Morelia,Centro,agosto,martes,12,-101.192343235016,19.7048898927429
1132,1132,2016,,2016/08/09,12:15:00,SALIDA DE SUPERFICIE DE RODAMIENTO,ASFALTO,Bueno,Bueno,1,NISSAN,GRIS,1,,61,MASCULINO,SIN DATOS,0,0,Quiroga,Sin datos,agosto,martes,12,-101.509444713593,19.6598855092273
1133,1133,2016,,2016/08/09,12:30:00,COLISIÓN POR ALCANCE,CONCRETO,Bueno,Bueno,2,VOLVO,BLANCO,3,,30,MASCULINO,SIN DATOS,1,0,Morelia,Solidaridad,agosto,martes,13,-101.20780415833,19.7261624970517
1134,1134,2016,,2016/08/09,15:20:00,COLISIÓN POR CORTE DE CIRCULACIÓN,ASFALTO,Bueno,Bueno,2,CHEVROLET,NEGRO,2,,40,MASCULINO,SIN DATOS,0,0,Morelia,Plan de La Garita,agosto,martes,15,-101.188271306455,19.7125604638165
1135,1135,2016,,2016/08/09,15:40:00,COLISIÓN POR CORTE DE CIRCULACIÓN,ASFALTO,Bueno,Bueno,2,SIN DATOS,SIN DATOS,1,,,MASCULINO,SIN DATOS,0,0,Morelia,Buenavista,agosto,martes,16,-101.161873340607,19.7061524595647
1136,1136,2016,,2016/08/09,16:20:00,COLISIÓN POR ALCANCE,ASFALTO,Bueno,Bueno,2,NISSAN,BLANCO,2,,21,MASCULINO,SIN DATOS,0,0,Morelia,Jardines del Rincon,agosto,martes,16,-101.15315079689,19.6874048432128
1137,1137,2016,,2016/08/09,17:50:00,COLISIÓN POR CORTE DE CIRCULACIÓN,ASFALTO,Bueno,Bueno,2,SUZUKI,BLANCO,2,,25,MASCULINO,SIN DATOS,0,0,Morelia,Adolfo Lopez Mateos,agosto,martes,18,-101.225377656519,19.6958837146037
1138,1138,2016,,2016/08/09,18:50:00,COLISIÓN CONTRA OBJETO FIJO,ASFALTO,Bueno,Bueno,2,HONDA,ARENA,2,,51,MASCULINO,SIN DATOS,0,0,Morelia,Las Americas,agosto,martes,19,-101.158924922347,19.6880134681509
1139,1139,2016,,2016/08/09,20:00:00,COLISIÓN POR CORTE DE CIRCULACIÓN,ASFALTO,Bueno,Bueno,2,CHEVROLET,BLANCO,2,,28,MASCULINO,SIN DATOS,0,0,Morelia,Lomas de Morelia (Dr Ignacio Chavez),agosto,martes,20,-101.17660202086,19.7183537073879
1140,1140,2016,,2016/08/09,20:40:00,COLISIÓN POR CORTE DE CIRCULACIÓN,ASFALTO,Bueno,Bueno,2,FORD,ROJO,2,,53,FEMENINO,SIN DATOS,0,0,Morelia,Molino de Parras,agosto,martes,21,-101.200213842094,19.6954787213918
1141,1141,2016,,2016/08/09,22:40:00,COLISIÓN POR CORTE DE CIRCULACIÓN,ASFALTO,Nublado,Bueno,2,KIA,AZUL,2,,33,FEMENINO,SIN DATOS,0,0,Morelia,San Jose Itzicuaro,agosto,martes,23,-101.303013525903,19.6878243779744
1142,1142,2016,,2016/08/09,22:40:00,COLISIÓN CON PEATÓN,ASFALTO,Nublado,Bueno,2,KIA,AZUL,2,,33,FEMENINO,SIN DATOS,0,0,Morelia,San Jose Itzicuaro,agosto,martes,23,-101.299889087677,19.6875058599602
1143,1143,2016,,2016/08/10,"00:20:00",COLISIÓN CONTRA OBJETO FIJO,ASFALTO,Bueno,Bueno,1,JEEP,GRIS,1,,,,SIN DATOS,0,0,Morelia,Lindavista,agosto,miércoles,0,-101.216190084815,19.7039047680598
1144,1144,2016,,2016/08/10,"03:05:00",CAIDA DE MOTOCICLETA,TERRACERIA,Nublado,Malo,1,YAMAHA,ROJO Y GRIS,2,,28,MASCULINO,SIN DATOS,1,0,Morelia,Morelia 450,agosto,miércoles,3,-101.214887872338,19.6746175025956
1145,1145,2016,,2016/08/10,"04:50:00",COLISIÓN CONTRA OBJETO FIJO,ASFALTO,Lluvioso,Regular,1,HUYDAY,ROJO,1,,,,SIN DATOS,0,0,Morelia,Ciudad Industrial,agosto,miércoles,5,-101.144676022232,19.7239327607305
1146,1146,2016,,2016/08/10,"06:50:00",COLISIÓN POR ALCANCE,ASFALTO,Lluvioso,Bueno,2,NISSAN,ROJO,2,,50,MASCULINO,SIN DATOS,0,0,Morelia,Centro,agosto,miércoles,7,-101.20018132031,19.7030250633198
1147,1147,2016,,2016/08/10,"08:05:00",COLISIÓN POR CORTE DE CIRCULACIÓN,ASFALTO,Bueno,Bueno,2,NISSAN,VERDE,2,,29,MASCULINO,SIN DATOS,0,0,Morelia,Dr Miguel Silva,agosto,miércoles,8,-101.183796711266,19.715387832776
1148,1148,2016,,2016/08/10,"08:50:00",COLISIÓN POR CORTE DE CIRCULACIÓN,SIN_DATOS,Bueno,Bueno,2,INTERNATIONAL,BLANCO Y VERDE,2,,60,MASCULINO,SIN DATOS,0,0,Morelia,Nueva Valladolid,agosto,miércoles,9,-101.211616247892,19.7008152060009
1149,1149,2016,,2016/08/10,"09:30:00",COLISIÓN CONTRA OBJETO FIJO,ASFALTO,Nublado,Bueno,1,Nissan,Rojo,0,,,,,0,0,Buenavista,Sin datos,agosto,miércoles,10,-102.572135925293,19.2646418497303
1150,1150,2016,,2016/08/10,10:10:00,COLISIÓN POR ALCANCE,ASFALTO,Lluvioso,Regular,2,CHEVROLET,BLANCO,2,,29,MASCULINO,SIN DATOS,0,0,Morelia,San Pascual,agosto,miércoles,10,-101.267359927297,19.695356244677
1151,1151,2016,,2016/08/10,11:00:00,COLISIÓN CONTRA OBJETO FIJO,ASFALTO,Lluvioso,Regular,1,FORD,GRIS,0,,,,,0,0,Morelia,Josefa Ortiz de Dominguez,agosto,miércoles,11,-101.209528148174,19.6720877574091
1152,1152,2016,,2016/08/10,11:20:00,COLISIÓN POR CORTE DE CIRCULACIÓN,ASFALTO,Bueno,Bueno,3,RENAULT,BLANCO,2,,26,MASCULINO,SIN DATOS,0,0,Morelia,Sin datos,agosto,miércoles,11,-101.116097420454,19.7033359749485
1153,1153,2016,,2016/08/10,12:30:00,COLISIÓN POR CORTE DE CIRCULACIÓN,ASFALTO,Bueno,Bueno,2,FORD,VERDE,6,MINISTERIO PÚBLICO,66,MASCULINO,SIN DATOS,4,0,Sahuayo,Lazaro Cardenas,agosto,miércoles,13,-102.716365009546,20.063628317847
1154,1154,2016,,2016/08/10,13:30:00,COLISIÓN POR ALCANCE,CONCRETO,Bueno,Bueno,2,SUZUKI,AZUL,2,,38,MASCULINO,SIN DATOS,0,0,Morelia,Lomas de Hidalgo,agosto,miércoles,14,-101.161682903767,19.6958723508175
1155,1155,2016,,2016/08/10,18:00:00,COLISIÓN POR CORTE DE CIRCULACIÓN,CONCRETO,Bueno,Bueno,2,FORD,BLANCO,2,,70,MASCULINO,SIN DATOS,0,0,Morelia,Poblado de Ocolusen,agosto,miércoles,18,-101.149709187448,19.6937321566984
1156,1156,2016,,2016/08/10,18:35:00,COLISIÓN POR CORTE DE CIRCULACIÓN,CONCRETO,Bueno,Regular,2,MAZDA,NEGRO,2,,32,MASCULINO,SIN DATOS,0,0,Morelia,Industrial,agosto,miércoles,19,-101.197753921151,19.7094344553959
1157,1157,2016,,2016/08/10,18:50:00,COLISIÓN POR CORTE DE CIRCULACIÓN,ASFALTO,Bueno,Bueno,2,JEEP,NEGRO,3,,17,FEMENINO,SIN DATOS,1,0,Morelia,Felipe Carrillo Puerto,agosto,miércoles,19,-101.178736388683,19.7300585433717
1158,1158,2016,,2016/08/10,20:00:00,COLISIÓN POR CORTE DE CIRCULACIÓN,ASFALTO,Bueno,Bueno,2,SIN DATOS,BLANCO,1,,22,MASCULINO,SIN DATOS,0,0,Morelia,La Soledad,agosto,miércoles,20,-101.183306202292,19.7291104984004
1159,1159,2016,,2016/08/10,22:00:00,COLISIÓN POR CORTE DE CIRCULACIÓN,ASFALTO,Lluvioso,Bueno,2,YAMAHA,BLANCO,2,,17,MASCULINO,SIN DATOS,0,0,Morelia,Irrigacion,agosto,miércoles,22,-101.223026029766,19.7051556638869
1160,1160,2016,,2016/08/10,22:15:00,COLISIÓN POR CORTE DE CIRCULACIÓN,CONCRETO,Bueno,Bueno,2,FORD,ROJO,2,,38,MASCULINO,SIN DATOS,0,0,Morelia,Mariano Abasolo,agosto,miércoles,22,-101.255934387445,19.6902730626988
1161,1161,2016,,2016/08/10,23:50:00,CAIDA DE MOTOCICLETA,CONCRETO,Bueno,Regular,1,YAMAHA,NEGRO,1,MINISTERIO PÚBLICO,17,,SIN DATOS,0,0,Morelia,Jardines de Guadalupe,agosto,miércoles,0,-101.219096593559,19.7122003320754
1162,1162,2016,,2016/08/11,"00:20:00",COLISIÓN POR CORTE DE CIRCULACIÓN,CONCRETO,Bueno,Bueno,2,VOLKSWAGEN,BLANCO,3,,49,MASCULINO,SIN DATOS,1,0,Morelia,Juarez,agosto,jueves,0,-101.197381094098,19.697649510912
1163,1163,2016,,2016/08/11,"06:00:00",COLISIÓN CONTRA OBJETO FIJO,ASFALTO,Bueno,Regular,1,VOLKSWAGEN,GRIS,1,,45,FEMENINO,SIN DATOS,0,0,Morelia,Los Manantiales de Morelia,agosto,jueves,6,-101.242121681571,19.6969901015916
1164,1164,2016,,2016/08/11,10:00:00,COLISIÓN POR ALCANCE,ASFALTO,Bueno,Bueno,2,MERDES BENZ,BLANCO,2,,42,MASCULINO,SIN DATOS,0,0,Morelia,Comision Federal de Electricidad,agosto,jueves,10,-101.179798543453,19.6816063751156
1165,1165,2016,,2016/08/11,10:00:00,COLISIÓN POR CORTE DE CIRCULACIÓN,ASFALTO,Bueno,Bueno,2,CHEVROLET,BLANCO,2,,33,MASCULINO,SIN DATOS,0,0,Morelia,Enrique Arreguin Robles,agosto,jueves,10,-101.186831630766,19.7228025739357
1166,1166,2016,,2016/08/11,10:00:00,COLISIÓN POR CORTE DE CIRCULACIÓN,CONCRETO,Bueno,Bueno,2,NISSAN,NEGRO,2,,38,FEMENINO,SIN DATOS,0,0,Morelia,Centro,agosto,jueves,10,-101.195172294974,19.6968433203057
1167,1167,2016,,2016/08/11,14:10:00,COLISIÓN POR CORTE DE CIRCULACIÓN,ASFALTO,Bueno,Regular,2,VOLKSWAGEN,VERDE,2,,36,MASCULINO,SIN DATOS,0,0,Morelia,Xangari,agosto,jueves,14,-101.220744475722,19.6740732303275
1168,1168,2016,,2016/08/11,15:00:00,COLISIÓN CONTRA OBJETO FIJO,ASFALTO,Bueno,Bueno,2,MERDES BENZ,AMARILLO,2,,39,MASCULINO,SIN DATOS,0,0,Morelia,Centro,agosto,jueves,15,-101.200149469078,19.7046247524444
1169,1169,2016,,2016/08/11,16:00:00,COLISIÓN POR CORTE DE CIRCULACIÓN,ASFALTO,Bueno,Bueno,5,RENAULT,BLANCO,8,,44,FEMENINO,SIN DATOS,3,0,Morelia,Los Angeles,agosto,jueves,16,-101.173852086067,19.7467677012825
1170,1170,2016,,2016/08/11,20:40:00,COLISIÓN POR ALCANCE,ASFALTO,Bueno,Bueno,2,NISSAN,BLANCO,2,,42,MASCULINO,SIN DATOS,0,0,Morelia,Santillan La Huerta,agosto,jueves,21,-101.217581145465,19.6756943606673
1171,1171,2016,,2016/08/11,21:45:00,COLISIÓN POR ALCANCE,ASFALTO,Bueno,Bueno,1,V.W.,BLANCO,0,MINISTERIO PÚBLICO,,,,0,0,Morelia,Avicola Benito Juarez,agosto,jueves,22,-101.283288896084,19.6905338073771
1172,1172,2016,,2016/08/11,22:00:00,COLISIÓN POR CORTE DE CIRCULACIÓN,ASFALTO,Lluvioso,Bueno,2,CHEVROLET,ROJO,2,,19,MASCULINO,SIN DATOS,0,0,Morelia,Melchor Ocampo,agosto,jueves,22,-101.203975304961,19.7042870135705
1173,1173,2016,,2016/08/12,"00:30:00",COLISIÓN POR CORTE DE CIRCULACIÓN,ASFALTO,Bueno,Bueno,5,FORD,GRIS,5,,23,MASCULINO,CON CERTIFICADO,0,0,Morelia,Chapultepec Oriente,agosto,viernes,1,-101.160463504493,19.6901458469208
1174,1174,2016,,2016/08/12,"00:30:00",COLISIÓN POR ALCANCE,ASFALTO,Bueno,Bueno,5,FORD,GRIS,5,,23,MASCULINO,SIN DATOS,0,0,Morelia,Chapultepec Oriente,agosto,viernes,1,-101.16047590971,19.6901423745284
1175,1175,2016,,2016/08/12,"04:15:00",COLISIÓN POR CORTE DE CIRCULACIÓN,ASFALTO,Bueno,Bueno,2,HONDA,GRIS,2,,20,FEMENINO,SIN DATOS,0,0,Morelia,Felix Ireta,agosto,viernes,4,-101.180791966617,19.6849311757267
1176,1176,2016,,2016/08/12,"08:00:00",COLISIÓN POR CORTE DE CIRCULACIÓN,CONCRETO,Lluvioso,Regular,2,MERCEDEZ BENZ,VERDE,2,,45,MASCULINO,SIN DATOS,0,0,Morelia,Industrial,agosto,viernes,8,-101.188636422157,19.710833970355
1177,1177,2016,,2016/08/12,"09:00:00",COLISIÓN CON PEATÓN,ASFALTO,Bueno,Bueno,1,VOLVO,BLANCO,2,MINISTERIO PÚBLICO,31,MASCULINO,SIN DATOS,1,0,Morelia,Ampliacion La Soledad,agosto,viernes,9,-101.183093637228,19.7325062659576
1178,1178,2016,,2016/08/12,"09:30:00",COLISIÓN POR CORTE DE CIRCULACIÓN,ASFALTO,Bueno,Bueno,2,CHEVROLET,GRIS,2,,0,MASCULINO,SIN DATOS,0,0,Morelia,Centro,agosto,viernes,10,-101.178206652403,19.6990794317942
1179,1179,2016,,2016/08/12,11:50:00,COLISIÓN CONTRA OBJETO FIJO,ASFALTO,Bueno,Regular,2,SUZUKI,VERDE Y GRIS,1,MINISTERIO PÚBLICO,44,FEMENINO,SIN DATOS,0,0,Morelia,Villas Lomas del Paraiso,agosto,viernes,12,-101.172004044056,19.6761562298537
1180,1180,2016,,2016/08/12,13:15:00,COLISIÓN POR ALCANCE,ASFALTO,Bueno,Regular,3,TOYOTA,BLANCO/ROJO,3,,46,MASCULINO,SIN DATOS,0,0,Morelia,Nueva Valladolid,agosto,viernes,13,-101.207394450903,19.7020838022998
1181,1181,2016,,2016/08/12,16:40:00,COLISIÓN POR CORTE DE CIRCULACIÓN,ASFALTO,Bueno,Bueno,2,SIN DATOS,SIN DATOS,1,,28,MASCULINO,SIN DATOS,0,0,Morelia,Los Pinos de Michoacan,agosto,viernes,17,-101.214117407799,19.6878455283057
1182,1182,2016,,2016/08/12,18:40:00,COLISIÓN POR ALCANCE,ASFALTO,Nublado,Regular,2,NISSAN,ROJO,2,,25,MASCULINO,SIN DATOS,0,0,Morelia,Isaac Arriaga,agosto,viernes,19,-101.166175603867,19.7102330073803
1183,1183,2016,,2016/08/12,18:40:00,COLISIÓN CON PEATÓN,ASFALTO,Bueno,Regular,2,DODGE,AZUL,2,,34,MASCULINO,SIN DATOS,0,0,Morelia,5 de Mayo,agosto,viernes,19,-101.176282167435,19.7041626497309
1184,1184,2016,,2016/08/12,19:00:00,CAIDA DE MOTOCICLETA,SIN_DATOS,Bueno,Bueno,1,BAJAJ,ROJO,1,,22,MASCULINO,SIN DATOS,0,0,Morelia,Club de Golf Tres Marias,agosto,viernes,19,-101.112574338913,19.7050515018522
1185,1185,2016,,2016/08/12,19:00:00,COLISIÓN POR CORTE DE CIRCULACIÓN,ASFALTO,Bueno,Bueno,2,FORD,AZUL,2,,34,MASCULINO,SIN DATOS,0,0,Morelia,Loma Bonita,agosto,viernes,19,-101.196565032005,19.7236430347463
1186,1186,2016,,2016/08/12,19:15:00,COLISIÓN POR ALCANCE,CONCRETO,Bueno,Bueno,3,V.W.,AZUL,3,,68,FEMENINO,SIN DATOS,0,0,Morelia,Villas Valladolid,agosto,viernes,19,-101.217513419688,19.6974758993391
1187,1187,2016,,2016/08/12,19:53:00,SALIDA DE SUPERFICIE DE RODAMIENTO,SIN_DATOS,Bueno,Bueno,1,NISSAN,ARENA,1,,40,MASCULINO,SIN DATOS,0,0,Morelia,Ventura Puente,agosto,viernes,20,-101.185916662216,19.6896726538468
1188,1188,2016,,2016/08/12,21:00:00,COLISIÓN POR ALCANCE,ASFALTO,Bueno,Bueno,2,V.W.,ROJO,2,,,MASCULINO,SIN DATOS,0,0,Morelia,Ejidal Ocolusen,agosto,viernes,21,-101.157805100083,19.6876466519455
1189,1189,2016,,2016/08/12,22:54:00,COLISIÓN POR CORTE DE CIRCULACIÓN,ASFALTO,Bueno,Regular,1,V.W.,CAFE,1,,22,MASCULINO,SIN DATOS,0,0,Morelia,San Pascual,agosto,viernes,23,-101.268893480301,19.6948344549423
1190,1190,2016,,2016/08/12,23:00:00,SUBIDA AL CAMELLÓN,CONCRETO,Lluvioso,Regular,1,NISSAN,BLANCO,1,,,,SIN DATOS,0,0,Morelia,Union Popular Solidaria,agosto,viernes,23,-101.219564974308,19.7056146073169
1191,1191,2016,,2016/08/12,23:40:00,COLISIÓN POR CORTE DE CIRCULACIÓN,ASFALTO,Bueno,Bueno,2,V.W.,NEGRO,2,,23,FEMENINO,SIN DATOS,0,0,Morelia,San Rafael,agosto,viernes,0,-101.155356243253,19.701076564807
1192,1192,2016,,2016/08/13,"00:10:00",COLISIÓN POR CORTE DE CIRCULACIÓN,ASFALTO,Bueno,Regular,1,CHEVROLET,PLATA,1,,25,MASCULINO,SIN DATOS,0,0,Morelia,Arboledas de La Huerta,agosto,sábado,0,-101.222823858261,19.6698572675586
1193,1193,2016,,2016/08/13,"03:00:00",COLISIÓN POR CORTE DE CIRCULACIÓN,CONCRETO,Bueno,Regular,2,CHEVROLET,BLANCO,2,,,,SIN DATOS,0,0,Morelia,Cuauhtemoc,agosto,sábado,3,-101.182500869036,19.6982953443098
1194,1194,2016,,2016/08/13,"05:00:00",COLISIÓN CONTRA OBJETO FIJO,ASFALTO,Bueno,Regular,1,VOLKSWAGEN,AZUL,1,,,,SIN DATOS,0,0,Morelia,Felix Ireta,agosto,sábado,5,-101.180820465088,19.6847657581101
1195,1195,2016,,2016/08/13,10:00:00,COLISIÓN POR CORTE DE CIRCULACIÓN,ASFALTO,Bueno,Bueno,2,MERDES BENZ,BLANCO,2,,,MASCULINO,SIN DATOS,0,0,Morelia,Fuentes de Valladolid,agosto,sábado,10,-101.221163570881,19.6732441902461
1196,1196,2016,,2016/08/13,12:30:00,COLISIÓN CON PEATÓN,ASFALTO,Bueno,Bueno,1,FORD,NEGRO,2,,78,MASCULINO,SIN DATOS,1,0,Morelia,Tanganxoan (Guadalupe Victoria),agosto,sábado,13,-101.285488307476,19.6901373237757
1197,1197,2016,,2016/08/13,20:15:00,COLISIÓN POR CORTE DE CIRCULACIÓN,ASFALTO,Bueno,Bueno,2,VOLKSWAGEN,VERDE,2,,24,MASCULINO,SIN DATOS,0,0,Morelia,Barrio Alto,agosto,sábado,20,-101.196731328964,19.7249281769397
1198,1198,2016,,2016/08/13,21:00:00,COLISIÓN POR CORTE DE CIRCULACIÓN,ASFALTO,Bueno,Bueno,2,YAMAHA,BLANCO Y NEGRO,2,,27,MASCULINO,SIN DATOS,0,0,Morelia,Nueva Jacarndas,agosto,sábado,21,-101.188582107425,19.681632892978
1199,1199,2016,,2016/08/13,22:30:00,SUBIDA AL CAMELLÓN,ASFALTO,Bueno,Bueno,1,HONDA,AZUL,1,,,MASCULINO,CON CERTIFICADO,0,0,Morelia,Fidel Velazquez,agosto,sábado,23,-101.234722137451,19.7024682616953
1201,1201,2016,,2016/08/13,23:15:00,COLISIÓN POR CORTE DE CIRCULACIÓN,ASFALTO,Bueno,Bueno,3,DODGE,AZUL,3,,30,FEMENINO,SIN DATOS,0,0,Morelia,San Guillermo,agosto,sábado,23,-101.177615225315,19.7394111914591
1202,1202,2016,,2016/08/13,23:30:00,COLISIÓN POR CORTE DE CIRCULACIÓN,ASFALTO,Nublado,Bueno,1,FORD,BLANCO,1,,48,MASCULINO,SIN DATOS,0,0,Morelia,Eva Samano,agosto,sábado,0,-101.199223101139,19.7308159654044
1203,1203,2016,,2016/08/14,"00:45:00",COLISIÓN POR CORTE DE CIRCULACIÓN,ASFALTO,Lluvioso,Regular,2,VOLKSWAGEN,PLATA,2,,29,MASCULINO,SIN DATOS,0,0,Morelia,Nueva Chapultepec,agosto,domingo,1,-101.165714263916,19.688952917871
1204,1204,2016,,2016/08/14,"01:25:00",COLISIÓN POR CORTE DE CIRCULACIÓN,ASFALTO,Nublado,Bueno,2,HONDA,PLATA,2,,56,MASCULINO,SIN DATOS,0,0,Morelia,Cinco de Diciembre,agosto,domingo,1,-101.162708178163,19.6866538448339
1205,1205,2016,,2016/08/14,"02:10:00",COLISIÓN POR CORTE DE CIRCULACIÓN,SIN_DATOS,Bueno,Bueno,1,NISSAN,BLANCO,1,,,,SIN DATOS,0,0,Morelia,Isaac Arriaga,agosto,domingo,2,-101.171426028013,19.7077243413315
1206,1206,2016,,2016/08/14,"03:10:00",COLISIÓN CONTRA OBJETO FIJO,SIN_DATOS,Bueno,Bueno,2,VOLKSWAGEN,AZUL,2,,25,MASCULINO,SIN DATOS,0,0,Morelia,Lomas de Santiaguito,agosto,domingo,3,-101.178694143891,19.7215271985633
1207,1207,2016,,2016/08/14,"04:30:00",SALIDA DE SUPERFICIE DE RODAMIENTO,ASFALTO,Bueno,Bueno,1,CORVETT,GUINDA,0,,,,,0,0,Tingüindín,San Pedro,agosto,domingo,5,-102.482587695122,19.7452012525643
1208,1208,2016,,2016/08/14,"04:50:00",SUBIDA AL CAMELLÓN,ASFALTO,Bueno,Bueno,1,NISSAN,ARENA,1,,37,MASCULINO,SIN DATOS,0,0,Morelia,Sin datos,agosto,domingo,5,-101.17384403944,19.7468295510776
1209,1209,2016,,2016/08/14,"09:50:00",COLISIÓN POR CORTE DE CIRCULACIÓN,SIN_DATOS,Bueno,Bueno,2,VOLKSWAGEN,NEGRO,2,,,,SIN DATOS,0,0,Morelia,Vasco de Quiroga,agosto,domingo,10,-101.16847962141,19.708964791339
1210,1210,2016,,2016/08/14,13:20:00,COLISIÓN POR CORTE DE CIRCULACIÓN,CONCRETO,Bueno,Bueno,2,NISSAN,BLANCO,2,,38,MASCULINO,SIN DATOS,0,0,Morelia,Ventura Puente,agosto,domingo,13,-101.191745102406,19.695944952771
1211,1211,2016,,2016/08/14,15:30:00,COLISIÓN POR CORTE DE CIRCULACIÓN,CONCRETO,Bueno,Regular,2,ITALIKA,ROJO Y NEGRO,1,MINISTERIO PÚBLICO,22,MASCULINO,SIN DATOS,0,0,Morelia,Guadalupe,agosto,domingo,16,-101.221612170339,19.7098624545047
1212,1212,2016,,2016/08/14,15:30:00,COLISIÓN POR CORTE DE CIRCULACIÓN,ASFALTO,Bueno,Bueno,2,FORD,NEGRO,2,,30,MASCULINO,SIN DATOS,0,0,Morelia,Villas del Real,agosto,domingo,16,-101.198836863041,19.7336764635552
1213,1213,2016,,2016/08/14,15:40:00,COLISIÓN POR ALCANCE,ASFALTO,Bueno,Regular,2,GMC,CAFE,2,,56,FEMENINO,SIN DATOS,0,0,Morelia,La Colina,agosto,domingo,16,-101.216150522232,19.7038823572707