fid,id_accidente,anio_origen,folio_c5i,dia_incidente,hora_ocurrencia,tipo_incidente_vial,superficie_ocurrencia,condiciones_climaticas,condiciones_via,numero_vehiculos_involucrados,marca_vehiculo_ocasiona_siniestro,color_vehiculo_ocasiona_siniestro,numero_personas_involucradas,lugar_remite_presunto_responsable,edad_presunto_responsable,sexo_presunto_responsable,resultados_toxicologia,numero_personas_lesionadas,numero_personas_fallecidas,municipio,colonia,mes,dia_semana,hora_redondeada,lon,lat
1214,1214,2016,,2016/08/14,17:00:00,COLISIÓN POR CORTE DE CIRCULACIÓN,ASFALTO,Bueno,Bueno,2,NISSAN,BLANCO Y ROSA,2,,50,MASCULINO,SIN DATOS,0,0,Morelia,Loma Real,agosto,domingo,17,-101.197011955082,19.7313609914537
1215,1215,2016,,2016/08/14,23:40:00,COLISIÓN POR CORTE DE CIRCULACIÓN,ASFALTO,Bueno,Bueno,2,HONDA,GRIS,2,,35,MASCULINO,SIN DATOS,0,0,Morelia,Los Manantiales de Morelia,agosto,domingo,0,-101.240263581276,19.6928053616938
1216,1216,2016,,2016/08/15,"00:00:00",COLISIÓN CON PEATÓN,ASFALTO,Lluvioso,Bueno,1,TOYOTA,GRIS,1,,38,MASCULINO,SIN DATOS,0,0,Nocupétaro,Sin datos,agosto,lunes,0,-101.137797832489,19.0375861497251
1217,1217,2016,,2016/08/15,"02:30:00",COLISIÓN POR CORTE DE CIRCULACIÓN,ASFALTO,Bueno,Bueno,2,NISSAN,GRIS,2,,59,MASCULINO,SIN DATOS,0,0,Morelia,Jardines de Sindurio,agosto,lunes,3,-101.256646513939,19.6974455962089
1218,1218,2016,,2016/08/15,"06:10:00",COLISIÓN POR CORTE DE CIRCULACIÓN,ASFALTO,Bueno,Bueno,2,NISSAN,GRIS,2,,44,MASCULINO,SIN DATOS,0,0,Morelia,Lazaro Cardenas,agosto,lunes,6,-101.160294860601,19.7125188009396
1219,1219,2016,,2016/08/15,"09:40:00",COLISIÓN POR CORTE DE CIRCULACIÓN,ASFALTO,Bueno,Bueno,2,CHEVY,ROJO,2,,47,FEMENINO,SIN DATOS,0,0,Morelia,Felix Ireta,agosto,lunes,10,-101.195838153362,19.6824473680423
1220,1220,2016,,2016/08/15,12:55:00,COLISIÓN POR CORTE DE CIRCULACIÓN,CONCRETO,Bueno,Bueno,2,CHEVY,BLANCO/VERDE,2,,54,MASCULINO,SIN DATOS,0,0,Morelia,Medallistas Olimpicos,agosto,lunes,13,-101.206275299191,19.7363715462308
1221,1221,2016,,2016/08/15,13:45:00,SUBIDA AL CAMELLÓN,ASFALTO,Bueno,Bueno,1,FORD,NEGRO,1,,51,MASCULINO,SIN DATOS,0,0,Morelia,Fidel Velazquez,agosto,lunes,14,-101.236322075129,19.7020730702509
1222,1222,2016,,2016/08/15,14:55:00,COLISIÓN POR CORTE DE CIRCULACIÓN,ASFALTO,Bueno,Regular,2,MACK,BLANCO,2,,52,MASCULINO,SIN DATOS,0,0,Morelia,Santillan La Huerta,agosto,lunes,15,-101.220088005066,19.6754339075316
1223,1223,2016,,2016/08/15,15:30:00,COLISIÓN POR CORTE DE CIRCULACIÓN,CONCRETO,Nublado,Bueno,2,V.W,VERDE,2,,43,MASCULINO,SIN DATOS,0,0,Morelia,Industrial,agosto,lunes,16,-101.194000169635,19.707274873102
1224,1224,2016,,2016/08/15,15:40:00,COLISIÓN POR CORTE DE CIRCULACIÓN,ASFALTO,Bueno,Bueno,2,FORD,VERDE,2,,60,FEMENINO,SIN DATOS,0,0,Morelia,Ventura Puente,agosto,lunes,16,-101.181865185499,19.6897597795612
1225,1225,2016,,2016/08/15,18:00:00,COLISIÓN POR CORTE DE CIRCULACIÓN,ASFALTO,Bueno,Bueno,2,INTERNATIONAL,BLANCO,2,,29,MASCULINO,SIN DATOS,0,0,Morelia,Nueva Valladolid,agosto,lunes,18,-101.207919493318,19.701061729234
1226,1226,2016,,2016/08/15,19:00:00,COLISIÓN POR CORTE DE CIRCULACIÓN,ASFALTO,Bueno,Bueno,2,HONDA,ROJO,2,,44,MASCULINO,SIN DATOS,0,0,Morelia,El Porvenir,agosto,lunes,19,-101.200743913651,19.7123060675962
1227,1227,2016,,2016/08/15,19:20:00,COLISIÓN POR CORTE DE CIRCULACIÓN,ASFALTO,Bueno,Bueno,2,NISSAN,GRIS,2,,56,FEMENINO,SIN DATOS,0,0,Morelia,Centro,agosto,lunes,19,-101.187817007303,19.6958354185067
1228,1228,2016,,2016/08/15,20:00:00,COLISIÓN POR CORTE DE CIRCULACIÓN,ASFALTO,Lluvioso,Regular,2,FORD,ROJO,2,,22,MASCULINO,SIN DATOS,0,0,Morelia,El Lago 3,agosto,lunes,20,-101.220840364695,19.7273324255183
1230,1230,2016,,2016/08/16,"00:30:00",COLISIÓN CONTRA OBJETO FIJO,ASFALTO,Bueno,Bueno,3,TOYOTA,BLANCO,1,,19,FEMENINO,SIN DATOS,0,0,Morelia,Ciudad Industrial,agosto,martes,1,-101.157732009888,19.7303867600268
1231,1231,2016,,2016/08/16,"07:30:00",COLISIÓN POR CORTE DE CIRCULACIÓN,ASFALTO,Bueno,Bueno,2,CHEVROLET,BLANCO,2,,36,MASCULINO,SIN DATOS,0,0,Morelia,Granjas Unidas de Morelia,agosto,martes,8,-101.268603801727,19.6947864741917
1232,1232,2016,,2016/08/16,"07:30:00",COLISIÓN POR ALCANCE,ASFALTO,Bueno,Bueno,2,CHEVROLET,BLANCO,2,,0,MASCULINO,SIN DATOS,0,0,Morelia,Centro,agosto,martes,8,-101.191538572311,19.7030414769438
1233,1233,2016,,2016/08/16,"07:50:00",COLISIÓN POR CORTE DE CIRCULACIÓN,CONCRETO,Bueno,Bueno,2,NISSAN,BLANCO Y ROJO,2,,41,MASCULINO,SIN DATOS,0,0,Morelia,Niño Artillero,agosto,martes,8,-101.25639975071,19.696679177633
1234,1234,2016,,2016/08/16,"09:35:00",COLISIÓN POR CORTE DE CIRCULACIÓN,ASFALTO,Bueno,Bueno,2,NISSAN,BLANCO Y ROJO,2,,56,MASCULINO,SIN DATOS,0,0,Morelia,Nueva Valladolid,agosto,martes,10,-101.210654675961,19.7019215588951
1235,1235,2016,,2016/08/16,10:43:00,COLISIÓN POR CORTE DE CIRCULACIÓN,ASFALTO,Bueno,Bueno,2,V.W.,BLANCO,2,,28,MASCULINO,SIN DATOS,0,0,Morelia,Mariano Michelena,agosto,martes,11,-101.230041012168,19.676940425751
1236,1236,2016,,2016/08/16,11:20:00,COLISIÓN POR ALCANCE,ASFALTO,Bueno,Bueno,2,NISSAN,BLANCO,2,,28,MASCULINO,SIN DATOS,0,0,Morelia,Elias Perez Avalos,agosto,martes,11,-101.164908930659,19.7107329683323
1237,1237,2016,,2016/08/16,12:30:00,COLISIÓN CON PEATÓN,SIN_DATOS,Bueno,Bueno,2,ITALIKA,ROJO,3,,24,MASCULINO,SIN DATOS,1,0,Morelia,Arcos del Valle,agosto,martes,13,-101.236189305782,19.7075696789513
1238,1238,2016,,2016/08/16,12:30:00,COLISIÓN POR CORTE DE CIRCULACIÓN,ASFALTO,Bueno,Bueno,2,V.W.,BLANCO,1,,23,MASCULINO,SIN DATOS,0,0,Morelia,Loma Colorada,agosto,martes,13,-101.210866570473,19.7550944876584
1239,1239,2016,,2016/08/16,14:00:00,COLISIÓN POR CORTE DE CIRCULACIÓN,ASFALTO,Bueno,Bueno,2,V.W.,ARENA,2,,82,FEMENINO,SIN DATOS,0,0,Morelia,Ventura Puente,agosto,martes,14,-101.18372797966,19.6892837442827
1240,1240,2016,,2016/08/16,15:00:00,COLISIÓN POR CORTE DE CIRCULACIÓN,ASFALTO,Bueno,Bueno,3,GMC,BLANCO,3,,42,FEMENINO,SIN DATOS,0,0,Tarímbaro,Sin datos,agosto,martes,15,-101.131210327148,19.7767595136694
1241,1241,2016,,2016/08/16,16:40:00,COLISIÓN POR CORTE DE CIRCULACIÓN,SIN_DATOS,Bueno,Bueno,1,V.W.,CAFE,1,,35,MASCULINO,SIN DATOS,0,0,Morelia,Villas de La Esperanza,agosto,martes,17,-101.272112131119,19.6937788751056
1242,1242,2016,,2016/08/16,17:20:00,COLISIÓN POR CORTE DE CIRCULACIÓN,SIN_DATOS,Bueno,Bueno,2,DINA,BLANCO Y AZUL,2,,19,MASCULINO,SIN DATOS,0,0,Morelia,Comision Federal de Electricidad,agosto,martes,17,-101.180086880922,19.6816000613382
1243,1243,2016,,2016/08/16,22:40:00,COLISIÓN CONTRA OBJETO FIJO,ASFALTO,Nublado,Bueno,2,VENTO,NEGRO Y GRIS,3,,38,MASCULINO,SIN DATOS,1,0,Morelia,Progreso del Sur,agosto,martes,23,-101.196806430817,19.6582487480062
1244,1244,2016,,2016/08/17,"00:40:00",COLISIÓN CONTRA OBJETO FIJO,CONCRETO,Nublado,Bueno,1,MAZDA,BLANCO,1,,43,MASCULINO,SIN DATOS,0,0,Morelia,Sin datos,agosto,miércoles,1,-101.116189956665,19.7022738225762
1245,1245,2016,,2016/08/17,"01:10:00",COLISIÓN POR CORTE DE CIRCULACIÓN,SIN_DATOS,Bueno,Bueno,2,V.W.,MARRON,2,,19,MASCULINO,SIN DATOS,0,0,Morelia,Las Americas,agosto,miércoles,1,-101.15846157074,19.6879503328915
1246,1246,2016,,2016/08/17,"08:00:00",COLISIÓN POR CORTE DE CIRCULACIÓN,ASFALTO,Bueno,Bueno,1,NISSAN,GRIS,1,,38,FEMENINO,SIN DATOS,0,0,Morelia,Alberto Oviedo Mota,agosto,miércoles,8,-101.201100647449,19.6803915997597
1247,1247,2016,,2016/08/17,"09:40:00",COLISIÓN POR CORTE DE CIRCULACIÓN,ASFALTO,Bueno,Bueno,2,INTERNATIONAL,AMARILLO Y GUINDA,2,,40,MASCULINO,SIN DATOS,0,0,Morelia,Cuauhtemoc,agosto,miércoles,10,-101.178889274597,19.6955970944163
1248,1248,2016,,2016/08/17,10:00:00,SALIDA DE SUPERFICIE DE RODAMIENTO,ASFALTO,Nublado,Bueno,1,HINO,BLANCO,1,,48,MASCULINO,SIN DATOS,0,0,Morelia,Sin datos,agosto,miércoles,10,-101.114376783371,19.7369156065838
1249,1249,2016,,2016/08/17,10:00:00,COLISIÓN POR CORTE DE CIRCULACIÓN,ASFALTO,Nublado,Bueno,2,MERDES BENZ,BLANCO,2,,19,MASCULINO,SIN DATOS,0,0,Morelia,Morelia 450,agosto,miércoles,10,-101.217116117477,19.6755551366802
1250,1250,2016,,2016/08/17,14:30:00,COLISIÓN POR CORTE DE CIRCULACIÓN,CONCRETO,Bueno,Bueno,2,KAWASAKI,AZUL,2,,27,MASCULINO,SIN DATOS,0,0,Morelia,Nueva Valladolid,agosto,miércoles,15,-101.21344819665,19.7011639999644
1251,1251,2016,,2016/08/17,19:40:00,COLISIÓN POR CORTE DE CIRCULACIÓN,ASFALTO,Bueno,Bueno,2,RENAULT,VERDE,2,,25,MASCULINO,SIN DATOS,0,0,Morelia,Felix Ireta,agosto,miércoles,20,-101.191436648369,19.6825130309679
1252,1252,2016,,2016/08/17,20:20:00,COLISIÓN POR CORTE DE CIRCULACIÓN,ASFALTO,Bueno,Bueno,2,PULSAR,ROJO,3,,28,MASCULINO,SIN DATOS,1,0,Morelia,Jardines de Guadalupe,agosto,miércoles,20,-101.227367520332,19.7134145503998
1253,1253,2016,,2016/08/17,20:40:00,COLISIÓN CONTRA OBJETO FIJO,ASFALTO,Bueno,Bueno,2,DODGE,ROJO,2,,17,MASCULINO,SIN DATOS,0,0,Morelia,Villas del Real,agosto,miércoles,21,-101.19949400425,19.7318359547341
1254,1254,2016,,2016/08/17,21:00:00,COLISIÓN POR CORTE DE CIRCULACIÓN,ASFALTO,Bueno,Bueno,2,NISSAN,BLANCO Y GRIS,2,,21,MASCULINO,SIN DATOS,0,0,Morelia,Plan de La Garita,agosto,miércoles,21,-101.188260912895,19.7125863452951
1255,1255,2016,,2016/08/17,21:00:00,COLISIÓN POR CORTE DE CIRCULACIÓN,CONCRETO,Bueno,Bueno,2,NISSAN,GRIS,2,,28,MASCULINO,SIN DATOS,0,0,Morelia,Vasco de Quiroga,agosto,miércoles,21,-101.17346316576,19.6976728695456
1256,1256,2016,,2016/08/17,22:15:00,SALIDA DE SUPERFICIE DE RODAMIENTO,ASFALTO,Bueno,Bueno,1,CHEVROLET,VERDE,1,,20,MASCULINO,SIN DATOS,0,0,Coeneo,Sin datos,agosto,miércoles,22,-101.578109264374,19.8370617657634
1257,1257,2016,,2016/08/17,22:30:00,COLISIÓN POR ALCANCE,ASFALTO,Bueno,Bueno,3,FORD,BLANCO,3,,62,MASCULINO,SIN DATOS,0,0,Morelia,Mirador del Punhuato,agosto,miércoles,23,-101.160055473447,19.7049271386068
1258,1258,2016,,2016/08/18,"01:30:00",COLISIÓN POR CORTE DE CIRCULACIÓN,ASFALTO,Lluvioso,Bueno,3,KENWORTH,BLANCO,3,,41,MASCULINO,SIN DATOS,0,0,Morelia,Buenavista,agosto,jueves,2,-101.161256432533,19.7057888413417
1259,1259,2016,,2016/08/18,"04:20:00",COLISIÓN POR CORTE DE CIRCULACIÓN,ASFALTO,Bueno,Bueno,1,SEAT,PLATA,1,,22,MASCULINO,SIN DATOS,0,0,Morelia,Campestre Los Manantiales,agosto,jueves,4,-101.238163411617,19.6877407236514
1260,1260,2016,,2016/08/18,"04:40:00",COLISIÓN POR ALCANCE,ASFALTO,Bueno,Bueno,2,TOYOTA,BLANCO Y GRIS,1,,56,MASCULINO,SIN DATOS,0,0,Morelia,Los Manantiales de Morelia,agosto,jueves,5,-101.241459846497,19.695607195577
1261,1261,2016,,2016/08/18,"05:10:00",SALIDA DE SUPERFICIE DE RODAMIENTO,ASFALTO,Bueno,Bueno,1,CHEVROLET,BLANCO,1,,38,MASCULINO,SIN DATOS,0,0,Coeneo,Sin datos,agosto,jueves,5,-101.700782775879,19.7548294306679
1262,1262,2016,,2016/08/18,"07:05:00",SUBIDA AL CAMELLÓN,ASFALTO,Bueno,Bueno,1,DODGE,VERDE,1,,25,FEMENINO,SIN DATOS,0,0,Morelia,Quinceo,agosto,jueves,7,-101.223333477974,19.7264051940038
1263,1263,2016,,2016/08/18,"09:40:00",COLISIÓN POR CORTE DE CIRCULACIÓN,ASFALTO,Bueno,Bueno,2,Nissan,Blanco/Rojo,2,,66,MASCULINO,SIN DATOS,0,0,Múgica,Lazaro Cardenas,agosto,jueves,10,-102.097041606903,19.0146433157312
1264,1264,2016,,2016/08/18,10:15:00,COLISIÓN POR CORTE DE CIRCULACIÓN,ASFALTO,Bueno,Regular,2,VW,BLANCO,2,,32,MASCULINO,SIN DATOS,0,0,Morelia,Club de Golf Tres Marias,agosto,jueves,10,-101.107349395752,19.7107986196543
1265,1265,2016,,2016/08/18,10:35:00,COLISIÓN POR ALCANCE,ASFALTO,Lluvioso,Bueno,2,CHEVROLET,GRIS,2,,21,MASCULINO,SIN DATOS,0,0,Morelia,Libertad,agosto,jueves,11,-101.238112449646,19.6873833771458
1266,1266,2016,,2016/08/18,11:10:00,COLISIÓN CONTRA OBJETO FIJO,CONCRETO,Nublado,Regular,2,NISSAN,BLANCO,2,,48,MASCULINO,SIN DATOS,0,0,Morelia,Ventura Puente,agosto,jueves,11,-101.189416944981,19.6959556852309
1267,1267,2016,,2016/08/18,17:30:00,COLISIÓN POR CORTE DE CIRCULACIÓN,CONCRETO,Bueno,Bueno,2,SUZUKI,AZUL,2,,44,MASCULINO,SIN DATOS,0,0,Morelia,Leandro Valle,agosto,jueves,18,-101.231632232666,19.7215246736824
1268,1268,2016,,2016/08/18,17:35:00,SUBIDA AL CAMELLÓN,ASFALTO,Bueno,Bueno,1,GMC,BLANCO,1,,26,MASCULINO,SIN DATOS,0,0,Morelia,Clara Cordova Moran,agosto,jueves,18,-101.182848215103,19.7324519847391
1269,1269,2016,,2016/08/18,17:50:00,COLISIÓN POR CORTE DE CIRCULACIÓN,CONCRETO,Bueno,Bueno,2,SIN DATOS,SIN DATOS,1,,16,MASCULINO,SIN DATOS,0,0,Morelia,Lomas del Tecnologico,agosto,jueves,18,-101.194393783808,19.7211901266087
1270,1270,2016,,2016/08/18,18:20:00,COLISIÓN POR CORTE DE CIRCULACIÓN,CONCRETO,Bueno,Bueno,2,INTERNACIONAL,CAFE,2,,29,MASCULINO,SIN DATOS,0,0,Morelia,Centro,agosto,jueves,18,-101.177794933319,19.7018622169084
1271,1271,2016,,2016/08/18,19:30:00,COLISIÓN POR CORTE DE CIRCULACIÓN,ASFALTO,Bueno,Bueno,4,FORD,GRIS/VERDE,4,,28,FEMENINO,SIN DATOS,0,0,Morelia,Camelinas,agosto,jueves,20,-101.174214184284,19.6819675227692
1272,1272,2016,,2016/08/18,19:50:00,COLISIÓN POR CORTE DE CIRCULACIÓN,ASFALTO,Bueno,Bueno,2,KENWORTH,BLANCO,2,,30,MASCULINO,CON CERTIFICADO,0,0,Morelia,Lomas del Tecnologico,agosto,jueves,20,-101.188298463821,19.7212216876833
1273,1273,2016,,2016/08/18,20:10:00,COLISIÓN CON PEATÓN,ASFALTO,Bueno,Regular,1,SIN DATOS,SIN DATOS,1,,,,,1,0,Morelia,Obrera,agosto,jueves,20,-101.188368201256,19.7107304432809
1274,1274,2016,,2016/08/18,20:30:00,COLISIÓN POR CORTE DE CIRCULACIÓN,ASFALTO,Bueno,Bueno,2,ITALIKA,NEGRO,2,,20,MASCULINO,SIN DATOS,0,0,Morelia,Nueva Valladolid,agosto,jueves,21,-101.207959055901,19.7010895064759
1275,1275,2016,,2016/08/18,21:00:00,COLISIÓN POR CORTE DE CIRCULACIÓN,ASFALTO,Bueno,Bueno,2,ITALIKA,NEGRO/GRIS,1,,38,MASCULINO,SIN DATOS,0,0,Tacámbaro,Sin datos,agosto,jueves,21,-101.361708641052,19.3483188447821
1276,1276,2016,,2016/08/18,21:30:00,COLISIÓN POR CORTE DE CIRCULACIÓN,ASFALTO,Bueno,Bueno,2,V.W.,ORO,2,,49,MASCULINO,SIN DATOS,0,0,Morelia,Bosques de Oriente,agosto,jueves,22,-101.155752539635,19.7156769424799
1277,1277,2016,,2016/08/18,22:40:00,SALIDA DE SUPERFICIE DE RODAMIENTO,ASFALTO,Bueno,Bueno,1,NISSAN,AZUL,2,,57,MASCULINO,SIN DATOS,1,0,Morelia,Sin datos,agosto,jueves,23,-101.284029185772,19.6904226910528
1278,1278,2016,,2016/08/18,23:25:00,COLISIÓN CONTRA OBJETO FIJO,ASFALTO,Nublado,Regular,1,CHEVROLET,GRIS,0,,,,,0,0,Morelia,Lomas de Hidalgo,agosto,jueves,23,-101.162416487932,19.6959013916028
1279,1279,2016,,2016/08/19,"00:10:00",COLISIÓN POR ALCANCE,ASFALTO,Bueno,Bueno,2,FORD,GRIS,2,MINISTERIO PÚBLICO,0,MASCULINO,SIN DATOS,0,0,Lázaro Cárdenas,1Er Sect de Fidelac,agosto,viernes,0,-102.198949456215,17.962628935539
1280,1280,2016,,2016/08/19,"00:30:00",SALIDA DE SUPERFICIE DE RODAMIENTO,CONCRETO,Bueno,Bueno,1,DODGE,ROJO,1,,35,MASCULINO,SIN DATOS,0,0,Morelia,Villa de Santa Maria,agosto,viernes,1,-101.166478693485,19.656882241662
1281,1281,2016,,2016/08/19,"04:50:00",COLISIÓN POR CORTE DE CIRCULACIÓN,ASFALTO,Bueno,Regular,2,TOYOTA,NEGRO,2,,30,MASCULINO,SIN DATOS,0,0,Morelia,Hermanos Lopez Rayon,agosto,viernes,5,-101.220246255398,19.675332883171
1282,1282,2016,,2016/08/19,"07:30:00",COLISIÓN CON PEATÓN,ASFALTO,Bueno,Bueno,1,SIN DATOS,BLANCO,2,MINISTERIO PÚBLICO,,,SIN DATOS,0,1,Morelia,Ignacio Zaragoza,agosto,viernes,8,-101.20534658432,19.7254735386762
1283,1283,2016,,2016/08/19,"09:00:00",COLISIÓN POR CORTE DE CIRCULACIÓN,ASFALTO,Bueno,Bueno,1,MACK,BLANCO Y ROJO,1,,40,MASCULINO,SIN DATOS,0,0,Morelia,Alberto Oviedo Mota,agosto,viernes,9,-101.201926767826,19.6778256406628
1284,1284,2016,,2016/08/19,12:00:00,COLISIÓN CONTRA OBJETO FIJO,CONCRETO,Bueno,Bueno,2,DODGE,VERDE,2,,42,MASCULINO,SIN DATOS,0,0,Morelia,Lomas de Hidalgo,agosto,viernes,12,-101.158670783043,19.6956299231863
1285,1285,2016,,2016/08/19,12:15:00,COLISIÓN POR ALCANCE,ASFALTO,Bueno,Bueno,2,FORD,GUINDA,2,,33,MASCULINO,SIN DATOS,0,0,Morelia,Industrial,agosto,viernes,12,-101.193212270737,19.7073948155902
1286,1286,2016,,2016/08/19,12:45:00,COLISIÓN POR CORTE DE CIRCULACIÓN,ASFALTO,Bueno,Bueno,2,NISSAN,ROJO,2,,50,MASCULINO,SIN DATOS,0,0,Morelia,Asociacion Zirahuen,agosto,viernes,13,-101.246647238731,19.6996173060111
1287,1287,2016,,2016/08/19,13:30:00,COLISIÓN POR CORTE DE CIRCULACIÓN,CONCRETO,Bueno,Bueno,2,HONDA,PLATA,2,,17,MASCULINO,SIN DATOS,0,0,Morelia,Ventura Puente,agosto,viernes,14,-101.182901859283,19.6890716113951
1288,1288,2016,,2016/08/19,14:20:00,COLISIÓN POR CORTE DE CIRCULACIÓN,CONCRETO,Bueno,Bueno,2,TOYOTA,BLANCO/GRIS,2,,21,MASCULINO,SIN DATOS,0,0,Morelia,Ignacio Lopez Rayon,agosto,viernes,14,-101.250595450401,19.6897181107472
1289,1289,2016,,2016/08/19,18:50:00,COLISIÓN POR ALCANCE,ASFALTO,Bueno,Bueno,2,NISSAN,BLANCO Y ROJO,2,,59,MASCULINO,SIN DATOS,0,0,Morelia,Felix Ireta,agosto,viernes,19,-101.191494315863,19.6825029289811
1290,1290,2016,,2016/08/19,22:20:00,COLISIÓN CONTRA OBJETO FIJO,ASFALTO,Nublado,Bueno,2,SEAT,BLANCO,2,,39,FEMENINO,SIN DATOS,0,0,Morelia,Felix Ireta,agosto,viernes,22,-101.190205514431,19.6825963723346
1291,1291,2016,,2016/08/19,22:35:00,COLISIÓN CONTRA OBJETO FIJO,CONCRETO,Bueno,Bueno,1,CHEVROLET,BLANCO/AZUL/ROJO,1,,20,MASCULINO,SIN DATOS,0,0,Morelia,Isaac Arriaga,agosto,viernes,23,-101.168514490128,19.7091068269855
1292,1292,2016,,2016/08/19,22:45:00,COLISIÓN POR ALCANCE,ASFALTO,Bueno,Bueno,2,TOYOTA,NEGRO,2,,35,MASCULINO,SIN DATOS,0,0,Morelia,Felicitas del Rio,agosto,viernes,23,-101.195551156998,19.6918798239981
1293,1293,2016,,2016/08/19,23:15:00,COLISIÓN POR CORTE DE CIRCULACIÓN,ASFALTO,Bueno,Bueno,3,NISSAN,BLANCO,3,,39,MASCULINO,SIN DATOS,0,0,Morelia,Fracc Heroes Republicanos,agosto,viernes,23,-101.276843547821,19.6923141834193
1294,1294,2016,,2016/08/19,23:50:00,COLISIÓN POR ALCANCE,ASFALTO,Lluvioso,Bueno,2,CHEVROLET,ROJO,2,,,MASCULINO,SIN DATOS,0,0,Morelia,Centro,agosto,viernes,0,-101.17972612381,19.7041222472444
1295,1295,2016,,2016/08/20,"00:00:00",COLISIÓN POR ALCANCE,ASFALTO,Lluvioso,Regular,2,VOLKSWAGEN,AZUL,2,,33,MASCULINO,SIN DATOS,0,0,Morelia,Granjas del Maestro,agosto,sábado,0,-101.192203760147,19.7123035425696
1296,1296,2016,,2016/08/20,"00:05:00",COLISIÓN POR CORTE DE CIRCULACIÓN,ASFALTO,Lluvioso,Bueno,2,RENAULT,GRIS,2,,24,MASCULINO,SIN DATOS,0,0,Morelia,Lomas del Valle,agosto,sábado,0,-101.225259304047,19.691480818375
1297,1297,2016,,2016/08/20,"00:30:00",COLISIÓN POR CORTE DE CIRCULACIÓN,ASFALTO,Bueno,Bueno,2,CHEVROLET,PLATA,2,MINISTERIO PÚBLICO,33,FEMENINO,SIN DATOS,0,0,Lázaro Cárdenas,Centro,agosto,sábado,1,-102.192026674747,17.9538363428522
1298,1298,2016,,2016/08/20,"02:45:00",COLISIÓN CONTRA OBJETO FIJO,CONCRETO,Lluvioso,Regular,1,CHEVROLET,PLATA,2,,39,MASCULINO,SIN DATOS,1,0,Morelia,Martires de Uruapan,agosto,sábado,3,-101.19777739048,19.7270717408234
1299,1299,2016,,2016/08/20,"02:50:00",COLISIÓN POR CORTE DE CIRCULACIÓN,CONCRETO,Lluvioso,Regular,2,NISSAN,GRIS,1,,38,MASCULINO,SIN DATOS,0,0,Morelia,Martires de Uruapan,agosto,sábado,3,-101.197731792927,19.7269000547873
1300,1300,2016,,2016/08/20,"03:45:00",COLISIÓN POR ALCANCE,ASFALTO,Lluvioso,Bueno,3,FORD,BLANCO,3,,,,SIN DATOS,0,0,Morelia,Niño Artillero,agosto,sábado,4,-101.250185072422,19.6985188285736
1301,1301,2016,,2016/08/20,"05:30:00",COLISIÓN CONTRA OBJETO FIJO,CONCRETO,Nublado,Regular,1,SAAB,BEIGE,1,MINISTERIO PÚBLICO,,,SIN DATOS,0,0,Morelia,Industrial,agosto,sábado,6,-101.191340088844,19.7090234994215
1302,1302,2016,,2016/08/20,"05:40:00",COLISIÓN POR ALCANCE,CONCRETO,Bueno,Bueno,1,CHEVROLET,PLATA,1,,24,FEMENINO,SIN DATOS,0,0,Morelia,Santiaguito,agosto,sábado,6,-101.189135313034,19.7153486956143
1303,1303,2016,,2016/08/20,"06:50:00",COLISIÓN POR CORTE DE CIRCULACIÓN,ASFALTO,Bueno,Bueno,2,CHEVROLET,BLANCO,2,MINISTERIO PÚBLICO,35,FEMENINO,SIN DATOS,0,0,Lázaro Cárdenas,Centro,agosto,sábado,7,-102.191873788834,17.9545558924029
1304,1304,2016,,2016/08/20,"07:10:00",COLISIÓN CONTRA OBJETO FIJO,ASFALTO,Bueno,Bueno,1,HONDA,GRIS,1,,42,FEMENINO,SIN DATOS,0,0,Morelia,Felix Ireta,agosto,sábado,7,-101.191900670528,19.6897244242046
1305,1305,2016,,2016/08/20,10:30:00,COLISIÓN POR CORTE DE CIRCULACIÓN,ASFALTO,Bueno,Bueno,2,V.W,PLATA,2,,32,MASCULINO,SIN DATOS,0,0,Morelia,Santa Maria,agosto,sábado,11,-101.20190128684,19.6778319545889
1306,1306,2016,,2016/08/20,11:55:00,COLISIÓN POR CORTE DE CIRCULACIÓN,ASFALTO,Bueno,Regular,2,SEAT,VERDE,2,,39,MASCULINO,SIN DATOS,0,0,Morelia,Niño Artillero,agosto,sábado,12,-101.250179708004,19.6985264043058
1307,1307,2016,,2016/08/20,12:37:00,COLISIÓN POR CORTE DE CIRCULACIÓN,SIN_DATOS,Bueno,Bueno,2,NISSAN,BLANCO,1,,68,MASCULINO,SIN DATOS,0,0,Morelia,Cosmos,agosto,sábado,13,-101.216397285461,19.6832631017075
1308,1308,2016,,2016/08/20,12:50:00,COLISIÓN POR CORTE DE CIRCULACIÓN,CONCRETO,Bueno,Regular,2,BAJAJ,NEGRO,2,,18,MASCULINO,SIN DATOS,0,0,Morelia,Centro,agosto,sábado,13,-101.203436851501,19.7015970715923
1309,1309,2016,,2016/08/20,13:14:00,COLISIÓN POR CORTE DE CIRCULACIÓN,ASFALTO,Bueno,Bueno,2,DODGE,BLANCO,2,,20,MASCULINO,SIN DATOS,0,0,Morelia,Trinidad Salgado,agosto,sábado,13,-101.231141388416,19.7032662171636
1310,1310,2016,,2016/08/20,14:00:00,COLISIÓN POR CORTE DE CIRCULACIÓN,ASFALTO,Bueno,Regular,2,NISSAN,BLANCO/NARANJA,2,,25,MASCULINO,SIN DATOS,0,0,Morelia,Lomas del Tecnologico,agosto,sábado,14,-101.188609600067,19.7203127262399
1311,1311,2016,,2016/08/20,14:30:00,COLISIÓN POR CORTE DE CIRCULACIÓN,ASFALTO,Bueno,Malo,2,Chevrolet,Blanco,2,,28,MASCULINO,SIN DATOS,0,0,Múgica,Lazaro Cardenas,agosto,sábado,15,-102.097014784813,19.0146382440208