fid,id_accidente,anio_origen,folio_c5i,dia_incidente,hora_ocurrencia,tipo_incidente_vial,superficie_ocurrencia,condiciones_climaticas,condiciones_via,numero_vehiculos_involucrados,marca_vehiculo_ocasiona_siniestro,color_vehiculo_ocasiona_siniestro,numero_personas_involucradas,lugar_remite_presunto_responsable,edad_presunto_responsable,sexo_presunto_responsable,resultados_toxicologia,numero_personas_lesionadas,numero_personas_fallecidas,municipio,colonia,mes,dia_semana,hora_redondeada,lon,lat
1312,1312,2016,,2016/08/20,14:40:00,COLISIÓN POR ALCANCE,CONCRETO,Bueno,Bueno,2,NISSAN,BLANCO Y AZUL,2,,30,MASCULINO,SIN DATOS,0,0,Morelia,Felix Ireta,agosto,sábado,15,-101.180726587772,19.685250645907
1313,1313,2016,,2016/08/20,17:50:00,COLISIÓN POR ALCANCE,ASFALTO,Lluvioso,Regular,2,FORD,AZUL,1,,45,MASCULINO,SIN DATOS,0,0,Morelia,Los Laureles,agosto,sábado,18,-101.232120394707,19.7137453262398
1314,1314,2016,,2016/08/20,18:26:00,COLISIÓN POR CORTE DE CIRCULACIÓN,ASFALTO,Nublado,Bueno,2,NISSAN,BLANCO Y ROJO,2,,45,MASCULINO,SIN DATOS,0,0,Morelia,Ignacio Zaragoza,agosto,sábado,18,-101.205685213208,19.7233949682902
1315,1315,2016,,2016/08/20,19:00:00,COLISIÓN POR CORTE DE CIRCULACIÓN,ASFALTO,Bueno,Regular,2,FORD,ROJO,2,,46,FEMENINO,SIN DATOS,0,0,Morelia,Loma Real,agosto,sábado,19,-101.198233366013,19.7286042830026
1316,1316,2016,,2016/08/20,20:45:00,COLISIÓN POR CORTE DE CIRCULACIÓN,ASFALTO,Bueno,Bueno,2,NISSAN,DORADO,2,,38,MASCULINO,SIN DATOS,0,0,Morelia,Francisco J Mujica,agosto,sábado,21,-101.187922954559,19.7220700470334
1317,1317,2016,,2016/08/20,21:40:00,COLISIÓN POR ALCANCE,ASFALTO,Nublado,Regular,2,HONDA,NEGRO,2,,21,MASCULINO,SIN DATOS,0,0,Morelia,Campos Eliseos,agosto,sábado,22,-101.242154538631,19.7006532769613
1318,1318,2016,,2016/08/20,22:40:00,COLISIÓN POR CORTE DE CIRCULACIÓN,ASFALTO,Bueno,Bueno,2,KIMCO,AMARILLO,2,,21,MASCULINO,SIN DATOS,0,1,Quiroga,Centro,agosto,sábado,23,-101.528558135033,19.6677760804595
1319,1319,2016,,2016/08/20,23:00:00,COLISIÓN POR ALCANCE,ASFALTO,Lluvioso,Bueno,3,VOLKSWAGEN,ROJO,3,,28,MASCULINO,SIN DATOS,0,0,Morelia,Reforma,agosto,sábado,23,-101.238970756531,19.7065943555981
1320,1320,2016,,2016/08/20,23:30:00,COLISIÓN POR CORTE DE CIRCULACIÓN,ASFALTO,Lluvioso,Regular,4,MITSUBISHI,NEGRO,3,,25,MASCULINO,SIN DATOS,0,0,Morelia,Campestre Los Manantiales,agosto,sábado,0,-101.239995360374,19.6919745245538
1321,1321,2016,,2016/08/21,"00:00:00",COLISIÓN POR CORTE DE CIRCULACIÓN,ASFALTO,Bueno,Bueno,2,KURAZAI,NEGRO,2,,23,MASCULINO,SIN DATOS,0,0,Morelia,Ana Maria Gallaga (Riviera Norte),agosto,domingo,0,-101.222872138023,19.6767295393089
1322,1322,2016,,2016/08/21,"00:10:00",COLISIÓN POR CORTE DE CIRCULACIÓN,CONCRETO,Nublado,Bueno,2,Nissan,Gris,2,,46,FEMENINO,SIN DATOS,0,0,Apatzingán,Centro,agosto,domingo,0,-102.353659272194,19.0831277111669
1323,1323,2016,,2016/08/21,"00:15:00",COLISIÓN POR CORTE DE CIRCULACIÓN,SIN_DATOS,Lluvioso,Bueno,2,CHEVROLET,BLANCO,2,,47,MASCULINO,CON CERTIFICADO,0,0,Morelia,Sentimientos de La Nacion,agosto,domingo,0,-101.235655546188,19.6817579056988
1324,1324,2016,,2016/08/21,"00:50:00",COLISIÓN POR CORTE DE CIRCULACIÓN,CONCRETO,Nublado,Regular,2,TOYOTA,BLANCO Y AMARILLO,2,,46,MASCULINO,SIN DATOS,0,0,Morelia,Gustavo Diaz Ordaz,agosto,domingo,1,-101.205421686172,19.6940086789642
1325,1325,2016,,2016/08/21,"02:20:00",COLISIÓN POR CORTE DE CIRCULACIÓN,ASFALTO,Lluvioso,Bueno,1,V.W.,ROJO,1,,26,,SIN DATOS,0,0,Morelia,El Lago 2,agosto,domingo,2,-101.212550997734,19.7264582148753
1326,1326,2016,,2016/08/21,"02:40:00",COLISIÓN POR CORTE DE CIRCULACIÓN,ASFALTO,Lluvioso,Bueno,2,DODGE,BLANCO,2,,33,MASCULINO,SIN DATOS,0,0,Morelia,Niño Artillero,agosto,domingo,3,-101.25661700964,19.6972865046811
1327,1327,2016,,2016/08/21,"02:45:00",COLISIÓN POR CORTE DE CIRCULACIÓN,ASFALTO,Nublado,Regular,2,DODGE,CAFE,2,,,,SIN DATOS,0,0,Morelia,23 de Marzo,agosto,domingo,3,-101.248540878296,19.7039808384613
1328,1328,2016,,2016/08/21,"04:00:00",COLISIÓN POR ALCANCE,ASFALTO,Bueno,Regular,5,DODGE,VERDE,7,MINISTERIO PÚBLICO,20,MASCULINO,SIN DATOS,2,0,Morelia,Niño Artillero,agosto,domingo,4,-101.254296898842,19.6976930716044
1329,1329,2016,,2016/08/21,"04:50:00",COLISIÓN POR ALCANCE,ASFALTO,Nublado,Regular,2,V.W.,VERDE,2,,22,MASCULINO,SIN DATOS,0,0,Morelia,Tierra Y Libertad,agosto,domingo,5,-101.229829788208,19.7164647322077
1330,1330,2016,,2016/08/21,11:50:00,COLISIÓN POR CORTE DE CIRCULACIÓN,CONCRETO,Bueno,Bueno,2,HONDA,ROJO,2,,49,MASCULINO,SIN DATOS,0,0,Morelia,Ferrocarrilero,agosto,domingo,12,-101.217446029186,19.6975945865438
1331,1331,2016,,2016/08/21,13:00:00,COLISIÓN CONTRA OBJETO FIJO,ASFALTO,Bueno,Bueno,1,CHEVROLET,BLANCO Y ROJO,1,,36,MASCULINO,SIN DATOS,0,0,Morelia,Libertad,agosto,domingo,13,-101.23488843441,19.6858188719256
1332,1332,2016,,2016/08/21,14:20:00,COLISIÓN POR ALCANCE,ASFALTO,Bueno,Bueno,2,V.W.,BLANCO,2,,49,FEMENINO,SIN DATOS,0,0,Morelia,Indeco El Vivero,agosto,domingo,14,-101.2297976017,19.6770452374723
1333,1333,2016,,2016/08/21,16:20:00,COLISIÓN POR CORTE DE CIRCULACIÓN,ASFALTO,Bueno,Bueno,2,CHEVROLET,ROJO,2,,52,MASCULINO,SIN DATOS,0,0,Morelia,Centro,agosto,domingo,16,-101.178816854954,19.7044681932046
1334,1334,2016,,2016/08/21,16:40:00,COLISIÓN POR ALCANCE,ASFALTO,Lluvioso,Bueno,2,MERDES BENZ,BLANCO,2,,55,MASCULINO,SIN DATOS,0,0,Morelia,Jardines de Torremolinos,agosto,domingo,17,-101.225693821907,19.6768987536018
1335,1335,2016,,2016/08/21,19:50:00,COLISIÓN POR ALCANCE,ASFALTO,Nublado,Bueno,2,INTERNATIONAL,BLANCO Y ORO,2,,34,MASCULINO,SIN DATOS,0,0,Morelia,Bosques de Oriente,agosto,domingo,20,-101.15674495697,19.7149295486371
1336,1336,2016,,2016/08/21,20:00:00,COLISIÓN POR ALCANCE,ASFALTO,Nublado,Bueno,3,BMW,CAFE,2,,53,FEMENINO,SIN DATOS,0,0,Morelia,Villa Universidad,agosto,domingo,20,-101.214028894901,19.6879074009008
1337,1337,2016,,2016/08/21,21:30:00,COLISIÓN POR CORTE DE CIRCULACIÓN,ASFALTO,Bueno,Bueno,2,TOYOTA,BLANCO Y GRIS,2,,33,MASCULINO,SIN DATOS,0,0,Morelia,Lazaro Cardenas,agosto,domingo,22,-101.164304092526,19.7088025549128
1338,1338,2016,,2016/08/21,22:10:00,CAIDA DE MOTOCICLETA,ASFALTO,Bueno,Bueno,1,YAMAHA,BLANCO,2,,28,FEMENINO,CON CERTIFICADO,1,0,Morelia,Granjas del Maestro,agosto,domingo,22,-101.192460916936,19.7123366835399
1339,1339,2016,,2016/08/22,"00:00:00",COLISIÓN POR ALCANCE,CONCRETO,Bueno,Bueno,0,,,0,,,,,0,0,Morelia,Prados Verdes,agosto,lunes,0,-101.198611557484,19.7169381616671
1340,1340,2016,,2016/08/22,"00:40:00",SALIDA DE SUPERFICIE DE RODAMIENTO,TERRACERIA,Lluvioso,Bueno,1,SUZUKI,GRIS,1,,,,SIN DATOS,0,0,Morelia,Tlalpujahua,agosto,lunes,1,-101.217942237854,19.6760804619308
1341,1341,2016,,2016/08/22,"04:10:00",SUBIDA AL CAMELLÓN,ASFALTO,Lluvioso,Bueno,1,FORD,ROJO,1,,70,MASCULINO,CON CERTIFICADO,0,0,Morelia,Jardines del Toreo,agosto,lunes,4,-101.214224696159,19.6879705361772
1342,1342,2016,,2016/08/22,"08:20:00",COLISIÓN POR CORTE DE CIRCULACIÓN,ASFALTO,Bueno,Bueno,2,V.W,ROJO,2,,54,MASCULINO,SIN DATOS,0,0,Morelia,Independencia,agosto,lunes,8,-101.177923679352,19.7193785104812
1343,1343,2016,,2016/08/22,"08:30:00",COLISIÓN POR CORTE DE CIRCULACIÓN,ASFALTO,Bueno,Bueno,2,NISSAN,ROJO,2,,75,MASCULINO,SIN DATOS,0,0,Morelia,Hermanos Lopez Rayon,agosto,lunes,9,-101.220173835754,19.6755702903173
1344,1344,2016,,2016/08/22,"09:00:00",COLISIÓN POR CORTE DE CIRCULACIÓN,CONCRETO,Bueno,Bueno,2,SIN DATOS,BLANCO Y NARANJA,2,,,,SIN DATOS,0,0,Morelia,3 de Agosto,agosto,lunes,9,-101.173503398895,19.7303766610628
1345,1345,2016,,2016/08/22,12:30:00,COLISIÓN POR CORTE DE CIRCULACIÓN,ASFALTO,Bueno,Bueno,2,Italika,Azul,2,,24,FEMENINO,SIN DATOS,0,0,Apatzingán,Palmira,agosto,lunes,13,-102.347785234451,19.0855788531697
1346,1346,2016,,2016/08/22,13:30:00,COLISIÓN CONTRA OBJETO FIJO,CONCRETO,Bueno,Bueno,2,Acura,Rojo,2,,36,MASCULINO,SIN DATOS,0,0,Apatzingán,Centro,agosto,lunes,14,-102.353345453739,19.0863899780043
1347,1347,2016,,2016/08/22,14:15:00,COLISIÓN POR CORTE DE CIRCULACIÓN,CONCRETO,Bueno,Bueno,2,HONDA,NEGRO,2,,35,FEMENINO,SIN DATOS,0,0,Morelia,Ferrocarrilero,agosto,lunes,14,-101.221740245819,19.6934455326584
1348,1348,2016,,2016/08/22,14:50:00,COLISIÓN POR ALCANCE,ADOQUIN_EMPEDRADO,Bueno,Bueno,2,MERCEDES BENZ,BLANCO,2,,23,MASCULINO,SIN DATOS,0,0,Morelia,Plan de La Garita,agosto,lunes,15,-101.187222898006,19.7111092005432
1349,1349,2016,,2016/08/22,17:00:00,COLISIÓN POR ALCANCE,CONCRETO,Bueno,Bueno,3,CHEVROLET,ARENA,3,,18,FEMENINO,SIN DATOS,0,0,Morelia,Balcones de Santa Maria,agosto,lunes,17,-101.18718534708,19.6759567075797
1350,1350,2016,,2016/08/22,17:00:00,COLISIÓN POR CORTE DE CIRCULACIÓN,ASFALTO,Bueno,Bueno,2,INTERNATIONAL,BLANCO Y ROJO,2,,36,MASCULINO,SIN DATOS,0,0,Morelia,Josefa Ortiz de Dominguez,agosto,lunes,17,-101.209750771523,19.6722061477226
1351,1351,2016,,2016/08/22,18:30:00,COLISIÓN CONTRA OBJETO FIJO,ADOQUIN_EMPEDRADO,Bueno,Regular,3,Honda,Azul,3,,42,FEMENINO,SIN DATOS,0,0,Apatzingán,Palmira,agosto,lunes,19,-102.3492872715,19.0816473761926
1352,1352,2016,,2016/08/22,18:45:00,COLISIÓN CON PEATÓN,ASFALTO,Bueno,Bueno,1,DODGE,CREMA,2,,34,MASCULINO,SIN DATOS,1,0,Morelia,San Jose Itzicuaro,agosto,lunes,19,-101.304397545755,19.6876775882844
1353,1353,2016,,2016/08/22,19:00:00,COLISIÓN POR CORTE DE CIRCULACIÓN,CONCRETO,Bueno,Regular,2,KENWORTH,VERDE,2,,26,MASCULINO,SIN DATOS,0,0,Morelia,Lazaro Cardenas,agosto,lunes,19,-101.163816601038,19.7109551726981
1354,1354,2016,,2016/08/22,19:20:00,COLISIÓN POR CORTE DE CIRCULACIÓN,ASFALTO,Bueno,Bueno,2,TOYOTA,GRIS,2,MINISTERIO PÚBLICO,52,FEMENINO,SIN DATOS,0,0,Morelia,Balcones de Morelia,agosto,lunes,19,-101.20099067688,19.6716479760921
1355,1355,2016,,2016/08/22,19:45:00,COLISIÓN POR CORTE DE CIRCULACIÓN,ASFALTO,Bueno,Bueno,2,HONDA,ARENA,2,,34,MASCULINO,SIN DATOS,0,0,Morelia,Solidaridad,agosto,lunes,20,-101.206322908401,19.7260087993115
1356,1356,2016,,2016/08/22,21:40:00,VOLCADURA,CONCRETO,Lluvioso,Regular,2,VOLKWAGEN,BLANCO,2,,0,,SIN DATOS,0,0,Morelia,Prados Verdes,agosto,lunes,22,-101.197192668915,19.7167475275734
1357,1357,2016,,2016/08/22,21:50:00,COLISIÓN POR ALCANCE,ASFALTO,Bueno,Bueno,3,RENAULT,AZUL,3,,20,FEMENINO,SIN DATOS,0,0,Morelia,Centro,agosto,lunes,22,-101.18656039238,19.7038495301937
1358,1358,2016,,2016/08/22,22:45:00,COLISIÓN CONTRA OBJETO FIJO,ASFALTO,Bueno,Bueno,1,PEUGEOT,BLANCO/ROJO,1,,28,MASCULINO,SIN DATOS,0,0,Morelia,Centro,agosto,lunes,23,-101.195138767362,19.7030200129737
1359,1359,2016,,2016/08/22,23:30:00,COLISIÓN POR ALCANCE,CONCRETO,Lluvioso,Regular,2,RENAULT,NEGRO,2,,37,FEMENINO,SIN DATOS,0,0,Morelia,Morelos,agosto,lunes,0,-101.21049374342,19.6955289115649
1360,1360,2016,,2016/08/23,"07:40:00",COLISIÓN POR ALCANCE,ASFALTO,Bueno,Bueno,2,SIN DATOS,GRIS,1,,36,FEMENINO,SIN DATOS,0,0,Morelia,Centro,agosto,martes,8,-101.178162395954,19.6990630177638
1361,1361,2016,,2016/08/23,"08:00:00",COLISIÓN POR CORTE DE CIRCULACIÓN,ASFALTO,Nublado,Bueno,2,V.W.,AZUL,1,,23,MASCULINO,SIN DATOS,0,0,Morelia,Felicitas del Rio,agosto,martes,8,-101.197068616748,19.6901935133904
1362,1362,2016,,2016/08/23,"08:15:00",COLISIÓN POR CORTE DE CIRCULACIÓN,ASFALTO,Nublado,Bueno,2,NISSAN,NARANJA Y NEGRO,2,,44,MASCULINO,SIN DATOS,0,0,Morelia,Lomas del Tecnologico,agosto,martes,8,-101.188306510448,19.7211989637102
1363,1363,2016,,2016/08/23,15:40:00,COLISIÓN POR ALCANCE,ASFALTO,Bueno,Regular,2,FORD,BLANCO,2,,19,MASCULINO,SIN DATOS,0,0,Morelia,Cuauhtemoc,agosto,martes,16,-101.179237961769,19.6935755868018
1364,1364,2016,,2016/08/23,16:15:00,COLISIÓN POR CORTE DE CIRCULACIÓN,ASFALTO,Nublado,Bueno,2,NISSAN,BLANCO,2,,,MASCULINO,SIN DATOS,0,0,Morelia,Nueva Valladolid,agosto,martes,16,-101.207908093929,19.7010768804574
1365,1365,2016,,2016/08/23,16:25:00,COLISIÓN POR CORTE DE CIRCULACIÓN,ASFALTO,Bueno,Bueno,2,HONDA,BLANCO,2,,39,MASCULINO,SIN DATOS,0,0,Morelia,Prados Verdes,agosto,martes,16,-101.196044683456,19.7159849889254
1366,1366,2016,,2016/08/23,18:30:00,COLISIÓN POR CORTE DE CIRCULACIÓN,CONCRETO,Nublado,Bueno,2,SUZUKI,BLANCO,2,,31,MASCULINO,SIN DATOS,0,0,Morelia,Chapultepec Oriente,agosto,martes,19,-101.159309148788,19.6899529711936
1367,1367,2016,,2016/08/23,18:50:00,COLISIÓN POR ALCANCE,ASFALTO,Lluvioso,Regular,3,CHEVROLET,ROJO,3,,44,MASCULINO,SIN DATOS,0,0,Morelia,La Esperanza,agosto,martes,19,-101.252360343933,19.6983041826764
1368,1368,2016,,2016/08/23,19:45:00,VOLCADURA,CONCRETO,Lluvioso,Bueno,1,GMC,PLATA,1,,15,MASCULINO,SIN DATOS,0,0,Morelia,Club de Golf Tres Marias,agosto,martes,20,-101.112477779388,19.7046575793623
1369,1369,2016,,2016/08/23,20:15:00,COLISIÓN POR ALCANCE,ASFALTO,Bueno,Bueno,2,IZUKA,AZUL,2,,34,MASCULINO,SIN DATOS,0,0,Morelia,Trinidad Salgado,agosto,martes,20,-101.230245530605,19.7033975259099
1370,1370,2016,,2016/08/23,21:00:00,COLISIÓN POR CORTE DE CIRCULACIÓN,CONCRETO,Lluvioso,Bueno,2,V.W.,BLANCO,2,,31,MASCULINO,SIN DATOS,0,0,Morelia,Erendira,agosto,martes,21,-101.163884997368,19.7018798932471
1371,1371,2016,,2016/08/23,22:20:00,COLISIÓN POR CORTE DE CIRCULACIÓN,ASFALTO,Lluvioso,Regular,3,GENERAL MOTORS,ROJO,3,,58,MASCULINO,SIN DATOS,0,0,Morelia,Articulo Constitucional,agosto,martes,22,-101.170928478241,19.7140836763912
1372,1372,2016,,2016/08/23,23:30:00,VOLCADURA,TERRACERIA,Bueno,Malo,1,TOYOTA,BLANCO,1,,59,MASCULINO,SIN DATOS,0,0,Nocupétaro,Sin datos,agosto,martes,0,-101.145544052124,19.0400506423464
1373,1373,2016,,2016/08/24,"01:00:00",COLISIÓN CONTRA OBJETO FIJO,CONCRETO,Lluvioso,Bueno,2,FORD,BLANCO,1,,,,SIN DATOS,0,0,Morelia,Praderas del Sur,agosto,miércoles,1,-101.196355819702,19.6588549578135
1374,1374,2016,,2016/08/24,"07:20:00",COLISIÓN POR CORTE DE CIRCULACIÓN,ASFALTO,Nublado,Bueno,2,CHEVROLET,BLANCO Y ROJO,2,,33,MASCULINO,SIN DATOS,0,0,Morelia,Plan de La Garita,agosto,miércoles,7,-101.188271641731,19.7126115955141
1375,1375,2016,,2016/08/24,"08:00:00",COLISIÓN POR CORTE DE CIRCULACIÓN,ASFALTO,Bueno,Bueno,2,NISSAN,BLANCO,2,,39,FEMENINO,SIN DATOS,0,0,Morelia,Sin datos,agosto,miércoles,8,-101.242747306824,19.6833843249317
1376,1376,2016,,2016/08/24,"08:20:00",COLISIÓN CONTRA OBJETO FIJO,ASFALTO,Bueno,Bueno,1,MAZDA,NEGRO,1,,18,MASCULINO,SIN DATOS,0,0,Morelia,Club de Golf Tres Marias,agosto,miércoles,8,-101.112595796585,19.7051121052261
1377,1377,2016,,2016/08/24,"08:40:00",COLISIÓN POR CORTE DE CIRCULACIÓN,ASFALTO,Bueno,Regular,2,LOND ROVER,NEGRO,2,,23,MASCULINO,SIN DATOS,0,0,Morelia,Enrique Arreguin Robles,agosto,miércoles,9,-101.18408203125,19.7196979118886
1378,1378,2016,,2016/08/24,"09:00:00",COLISIÓN POR CORTE DE CIRCULACIÓN,CONCRETO,Bueno,Regular,2,V.W.,GRIS,2,,18,MASCULINO,SIN DATOS,0,0,Morelia,Veinte de Noviembre,agosto,miércoles,9,-101.165456771851,19.722307384855
1379,1379,2016,,2016/08/24,"09:00:00",COLISIÓN CONTRA OBJETO FIJO,CONCRETO,Nublado,Regular,2,NISSAN,BLANCO Y  CAFE,2,,,,SIN DATOS,0,0,Morelia,Santa Maria de Guido,agosto,miércoles,9,-101.19169279933,19.6704659591636
1380,1380,2016,,2016/08/24,13:00:00,COLISIÓN POR CORTE DE CIRCULACIÓN,ASFALTO,Bueno,Regular,2,CHEVROLET,NEGRO,2,,36,MASCULINO,SIN DATOS,0,0,Morelia,Cinco de Diciembre,agosto,miércoles,13,-101.164902225137,19.6850448213184
1381,1381,2016,,2016/08/24,15:20:00,COLISIÓN POR CORTE DE CIRCULACIÓN,ASFALTO,Bueno,Malo,2,FORD,BLANCO,2,,24,MASCULINO,SIN DATOS,0,0,Morelia,La Huerta,agosto,miércoles,15,-101.217145621777,19.6754616892196
1382,1382,2016,,2016/08/24,18:00:00,COLISIÓN POR CORTE DE CIRCULACIÓN,ASFALTO,Bueno,Bueno,2,Nissan,Blanco,4,,52,MASCULINO,SIN DATOS,2,0,Múgica,Lazaro Cardenas,agosto,miércoles,18,-102.095013856888,19.0186803481717
1383,1383,2016,,2016/08/24,19:00:00,COLISIÓN POR CORTE DE CIRCULACIÓN,CONCRETO,Nublado,Regular,2,NISSAN,BLANCO,2,,26,MASCULINO,SIN DATOS,0,0,Morelia,Industrial,agosto,miércoles,19,-101.195803284645,19.7102582579709
1384,1384,2016,,2016/08/24,20:40:00,COLISIÓN POR CORTE DE CIRCULACIÓN,ASFALTO,Bueno,Bueno,2,V.W.,GRIS,2,,28,MASCULINO,SIN DATOS,0,0,Morelia,Chapultepec Oriente,agosto,miércoles,21,-101.159368157387,19.6899504458143
1385,1385,2016,,2016/08/25,"00:00:00",COLISIÓN CONTRA OBJETO FIJO,ASFALTO,Bueno,Bueno,1,CHRYSLER,BLANCO,1,,26,FEMENINO,SIN DATOS,0,0,Morelia,Praderas de La Loma,agosto,jueves,0,-101.189714670181,19.6562987575875
1386,1386,2016,,2016/08/25,"02:25:00",COLISIÓN POR CORTE DE CIRCULACIÓN,ASFALTO,Bueno,Regular,2,SEAT,NEGRO,2,,34,MASCULINO,SIN DATOS,0,0,Morelia,Nueva Valladolid,agosto,jueves,2,-101.20888710022,19.7010415276005
1387,1387,2016,,2016/08/25,"08:00:00",COLISIÓN POR ALCANCE,CONCRETO,Bueno,Bueno,2,V.W.,BLANCO,2,,36,FEMENINO,SIN DATOS,0,0,Morelia,Loma Bonita,agosto,jueves,8,-101.19660794735,19.7230724182001
1388,1388,2016,,2016/08/25,"08:10:00",COLISIÓN POR CORTE DE CIRCULACIÓN,ASFALTO,Bueno,Bueno,2,CHEVROLET,BLANCO,0,,,,,0,0,Morelia,Ferrocarrilero,agosto,jueves,8,-101.217459440231,19.6977082231468
1389,1389,2016,,2016/08/25,10:00:00,COLISIÓN POR CORTE DE CIRCULACIÓN,TERRACERIA,Bueno,Malo,2,FREIGHTLINER,BLANCO,2,,28,MASCULINO,SIN DATOS,0,0,Morelia,Lomas de Huerta,agosto,jueves,10,-101.212792396545,19.6736255618444
1390,1390,2016,,2016/08/25,10:15:00,COLISIÓN POR CORTE DE CIRCULACIÓN,ASFALTO,Bueno,Bueno,2,SEAT,BLANCO,2,,51,FEMENINO,SIN DATOS,0,0,Morelia,La Quemada,agosto,jueves,10,-101.241239905357,19.7057938916005
1391,1391,2016,,2016/08/25,11:00:00,SUBIDA AL CAMELLÓN,ASFALTO,Bueno,Regular,1,VENTO,ROJO Y NEGRO,2,,32,MASCULINO,SIN DATOS,1,0,Morelia,Rafael Carrillo,agosto,jueves,11,-101.235237121582,19.7097885963332
1392,1392,2016,,2016/08/25,13:00:00,COLISIÓN POR ALCANCE,ASFALTO,Bueno,Bueno,2,FORD,AZUL,2,,51,MASCULINO,SIN DATOS,0,0,Morelia,Vicente Lombardo Toledano (Ejidal Isacc Arriaga) (Etnias de Mexico),agosto,jueves,13,-101.153901815414,19.7167525774861
1393,1393,2016,,2016/08/25,14:25:00,COLISIÓN POR CORTE DE CIRCULACIÓN,ASFALTO,Bueno,Bueno,2,TOYOTA,BLANCO Y GRIS,2,,24,MASCULINO,SIN DATOS,0,0,Morelia,Union,agosto,jueves,14,-101.157160699368,19.7098996992107
1394,1394,2016,,2016/08/25,14:26:00,VOLCADURA,CONCRETO,Bueno,Bueno,1,FORD,ROJO,1,,22,MASCULINO,SIN DATOS,0,0,Morelia,Mision San Diego,agosto,jueves,14,-101.205722093582,19.6619162823364
1395,1395,2016,,2016/08/25,15:20:00,COLISIÓN POR CORTE DE CIRCULACIÓN,ASFALTO,Bueno,Regular,3,NAVISTAR,GRIS,3,,35,FEMENINO,SIN DATOS,0,0,Morelia,Morelos,agosto,jueves,15,-101.207267045975,19.6954455769293
1396,1396,2016,,2016/08/25,16:20:00,COLISIÓN CONTRA OBJETO FIJO,CONCRETO,Nublado,Bueno,1,FORD,BLANCO,1,,27,MASCULINO,SIN DATOS,0,0,Morelia,Nueva Jacarndas,agosto,jueves,16,-101.1877566576,19.6791212530995
1397,1397,2016,,2016/08/25,16:35:00,COLISIÓN POR ALCANCE,ASFALTO,Bueno,Bueno,2,BUICK,AZUL,2,,80,MASCULINO,SIN DATOS,0,0,Morelia,Primo Tapia Oriente,agosto,jueves,17,-101.158780753613,19.7135736258892
1398,1398,2016,,2016/08/25,17:20:00,COLISIÓN POR ALCANCE,ASFALTO,Lluvioso,Bueno,1,NISSAN,GUINDA,2,,24,FEMENINO,SIN DATOS,0,0,Morelia,Morelia 450,agosto,jueves,17,-101.217078566551,19.6755450342546
1399,1399,2016,,2016/08/25,17:40:00,COLISIÓN POR ALCANCE,ASFALTO,Lluvioso,Regular,3,MAZDA,GRIS,3,,45,FEMENINO,SIN DATOS,0,0,Morelia,Villa Universidad,agosto,jueves,18,-101.214026212692,19.6878947738425
1400,1400,2016,,2016/08/25,19:00:00,COLISIÓN POR CORTE DE CIRCULACIÓN,CONCRETO,Lluvioso,Bueno,2,CHEVROLET,CHAMPANGE,2,,22,FEMENINO,SIN DATOS,0,0,Morelia,Chapultepec Sur,agosto,jueves,19,-101.177027821541,19.6920262941672
1401,1401,2016,,2016/08/25,19:00:00,COLISIÓN POR ALCANCE,ASFALTO,Lluvioso,Bueno,2,NISSAN,BLANCO,3,,20,MASCULINO,SIN DATOS,1,0,Morelia,Jardines de Torremolinos,agosto,jueves,19,-101.228424310684,19.6770502886378
1402,1402,2016,,2016/08/25,19:40:00,COLISIÓN POR CORTE DE CIRCULACIÓN,CONCRETO,Lluvioso,Bueno,2,FIAT,BLANCO,2,,28,FEMENINO,SIN DATOS,0,0,Morelia,Cuauhtemoc,agosto,jueves,20,-101.181979179382,19.694066761206
1403,1403,2016,,2016/08/25,20:50:00,COLISIÓN POR CORTE DE CIRCULACIÓN,ADOQUIN_EMPEDRADO,Lluvioso,Regular,2,NISSAN,AZUL,2,,49,MASCULINO,SIN DATOS,0,0,Morelia,Centro,agosto,jueves,21,-101.19333833456,19.7010491032134
1404,1404,2016,,2016/08/25,21:00:00,COLISIÓN POR CORTE DE CIRCULACIÓN,ASFALTO,Bueno,Bueno,2,Toyota,Guinda,3,,22,MASCULINO,SIN DATOS,1,0,Múgica,Benito Juarez,agosto,jueves,21,-102.084864377975,19.0382377732451
1405,1405,2016,,2016/08/26,"00:10:00",COLISIÓN POR ALCANCE,ASFALTO,Bueno,Bueno,2,FORD,PLATA,2,,56,MASCULINO,SIN DATOS,0,0,Morelia,La Soledad,agosto,viernes,0,-101.183352470398,19.7284124004376
1406,1406,2016,,2016/08/26,"03:30:00",COLISIÓN POR CORTE DE CIRCULACIÓN,CONCRETO,Bueno,Regular,2,NISSAN,GRIS,2,,40,MASCULINO,SIN DATOS,0,0,Morelia,5 de Mayo,agosto,viernes,4,-101.177650094032,19.7032813681783
1407,1407,2016,,2016/08/26,"04:30:00",SALIDA DE SUPERFICIE DE RODAMIENTO,ASFALTO,Bueno,Bueno,1,DODGE,ROJO,0,,,,,0,0,Morelia,Niño Artillero,agosto,viernes,5,-101.252058595419,19.6980554456002
1408,1408,2016,,2016/08/26,"05:50:00",COLISIÓN CON PEATÓN,ASFALTO,Nublado,Regular,1,SIN DATOS,SIN DATOS,0,,,,,0,0,Morelia,Jardines del Rincon,agosto,viernes,6,-101.15015745163,19.6915161733438
1409,1409,2016,,2016/08/26,"06:05:00",COLISIÓN POR CORTE DE CIRCULACIÓN,ASFALTO,Bueno,Bueno,2,NISSAN,BLANCO Y AZUL,2,,29,MASCULINO,SIN DATOS,0,0,Morelia,La Esperanza,agosto,viernes,6,-101.252349615097,19.6982486272208
1410,1410,2016,,2016/08/26,"08:10:00",COLISIÓN POR CORTE DE CIRCULACIÓN,ASFALTO,Nublado,Bueno,2,NISSAN,BLANCO,2,,53,MASCULINO,SIN DATOS,0,0,Morelia,Sin datos,agosto,viernes,8,-101.339424848557,19.6857582612463