fid,id_accidente,anio_origen,folio_c5i,dia_incidente,hora_ocurrencia,tipo_incidente_vial,superficie_ocurrencia,condiciones_climaticas,condiciones_via,numero_vehiculos_involucrados,marca_vehiculo_ocasiona_siniestro,color_vehiculo_ocasiona_siniestro,numero_personas_involucradas,lugar_remite_presunto_responsable,edad_presunto_responsable,sexo_presunto_responsable,resultados_toxicologia,numero_personas_lesionadas,numero_personas_fallecidas,municipio,colonia,mes,dia_semana,hora_redondeada,lon,lat
1411,1411,2016,,2016/08/26,"08:30:00",COLISIÓN POR CORTE DE CIRCULACIÓN,ASFALTO,Bueno,Bueno,4,V.W.,ROJO,5,,,,SIN DATOS,1,0,Morelia,Los Pinos de Michoacan,agosto,viernes,9,-101.214069128036,19.6878745705472
1412,1412,2016,,2016/08/26,"09:25:00",COLISIÓN POR CORTE DE CIRCULACIÓN,ASFALTO,Bueno,Malo,2,FORD,AZUL,2,,34,FEMENINO,SIN DATOS,0,0,Morelia,Lazaro Cardenas,agosto,viernes,9,-101.160280108452,19.7089262838753
1413,1413,2016,,2016/08/26,"09:30:00",COLISIÓN POR CORTE DE CIRCULACIÓN,CONCRETO,Bueno,Bueno,2,NISSAN,BLANCO Y ROJO,2,,22,MASCULINO,SIN DATOS,0,0,Morelia,Centro,agosto,viernes,10,-101.190471053123,19.7019101955376
1414,1414,2016,,2016/08/26,"09:40:00",COLISIÓN POR CORTE DE CIRCULACIÓN,ASFALTO,Bueno,Regular,2,FORD,BLANCO,1,,,,SIN DATOS,0,0,Morelia,Guadalupe,agosto,viernes,10,-101.224449276924,19.7087432154785
1415,1415,2016,,2016/08/26,11:00:00,COLISIÓN POR CORTE DE CIRCULACIÓN,CONCRETO,Bueno,Bueno,2,DTS-1,NEGRO,1,,24,MASCULINO,SIN DATOS,0,0,Morelia,Asociacion Zirahuen,agosto,viernes,11,-101.250187754631,19.6986349897625
1416,1416,2016,,2016/08/26,11:40:00,COLISIÓN POR CORTE DE CIRCULACIÓN,ASFALTO,Bueno,Bueno,2,NISSAN,BLANCO,3,MINISTERIO PÚBLICO,52,MASCULINO,SIN DATOS,1,0,Jacona,Sin datos,agosto,viernes,12,-102.267935872078,19.9357378380779
1417,1417,2016,,2016/08/26,15:30:00,COLISIÓN POR CORTE DE CIRCULACIÓN,CONCRETO,Nublado,Regular,2,NISSAN,BLANCO Y AZUL,2,,28,MASCULINO,SIN DATOS,0,0,Morelia,Centro,agosto,viernes,16,-101.190230995417,19.7078657468054
1418,1418,2016,,2016/08/26,15:40:00,COLISIÓN POR CORTE DE CIRCULACIÓN,ASFALTO,Bueno,Bueno,2,INTERNATIONAL,ROJO,2,,62,MASCULINO,SIN DATOS,0,0,Morelia,Union,agosto,viernes,16,-101.158702969551,19.7109703229845
1419,1419,2016,,2016/08/26,16:40:00,VOLCADURA,ASFALTO,Bueno,Bueno,2,FORD,ROJO,2,,,,SIN DATOS,0,0,Morelia,Centro,agosto,viernes,17,-101.183207631111,19.7007738557159
1420,1420,2016,,2016/08/26,16:50:00,COLISIÓN POR CORTE DE CIRCULACIÓN,ASFALTO,Bueno,Bueno,2,NISSAN,BLANCO Y ROJO,2,,43,MASCULINO,SIN DATOS,0,0,Morelia,Comision Federal de Electricidad,agosto,viernes,17,-101.179951429367,19.6815659669358
1421,1421,2016,,2016/08/26,18:00:00,COLISIÓN POR CORTE DE CIRCULACIÓN,ASFALTO,Bueno,Bueno,2,INTERNATIONAL,AZUL,2,,45,MASCULINO,SIN DATOS,0,0,Morelia,Indeco Santiaguito,agosto,viernes,18,-101.178771257401,19.720267278032
1422,1422,2016,,2016/08/26,18:30:00,COLISIÓN POR CORTE DE CIRCULACIÓN,ASFALTO,Nublado,Malo,2,V.W.,PLATA,2,,25,MASCULINO,SIN DATOS,0,0,Morelia,Morelia 450,agosto,viernes,19,-101.217539906502,19.6758177995207
1423,1423,2016,,2016/08/26,18:35:00,COLISIÓN POR CORTE DE CIRCULACIÓN,CONCRETO,Lluvioso,Regular,2,NISSAN,NEGRO,2,,43,FEMENINO,SIN DATOS,0,0,Morelia,Villa Universidad,agosto,viernes,19,-101.199907064438,19.6861825355195
1424,1424,2016,,2016/08/26,19:20:00,COLISIÓN CONTRA OBJETO FIJO,ASFALTO,Bueno,Bueno,1,TOYOTA,BLANCO Y GRIS,1,,28,MASCULINO,SIN DATOS,0,0,Morelia,Barrio Alto,agosto,viernes,19,-101.197085380554,19.7252614537776
1425,1425,2016,,2016/08/26,19:45:00,COLISIÓN POR CORTE DE CIRCULACIÓN,ASFALTO,Bueno,Bueno,2,VOLVO,BLANCO,2,,29,MASCULINO,SIN DATOS,0,0,Morelia,Division del Norte,agosto,viernes,20,-101.164383888245,19.7108087198553
1426,1426,2016,,2016/08/26,22:15:00,COLISIÓN POR CORTE DE CIRCULACIÓN,ASFALTO,Bueno,Bueno,2,HONDA,PLATA,1,,38,FEMENINO,SIN DATOS,0,0,Morelia,Cuauhtemoc,agosto,viernes,22,-101.179093122482,19.6945301557274
1427,1427,2016,,2016/08/27,"01:30:00",VOLCADURA,ASFALTO,Nublado,Regular,1,NISSAN,ROJO,1,,37,MASCULINO,SIN DATOS,0,0,Morelia,Jardines de Guadalupe,agosto,sábado,2,-101.226847171783,19.7115460328052
1428,1428,2016,,2016/08/27,"04:20:00",COLISIÓN POR CORTE DE CIRCULACIÓN,CONCRETO,Bueno,Bueno,2,V.W.,BLANCO,2,,25,MASCULINO,SIN DATOS,0,0,Morelia,Felix Ireta,agosto,sábado,4,-101.192101836205,19.6824549445351
1429,1429,2016,,2016/08/27,"05:15:00",COLISIÓN CONTRA OBJETO FIJO,ASFALTO,Bueno,Bueno,1,MAZDA,GRIS,1,,40,MASCULINO,SIN DATOS,0,0,Morelia,Fray Antonio de Lisboa,agosto,sábado,5,-101.145699620247,19.6932132026635
1430,1430,2016,,2016/08/27,"05:30:00",VOLCADURA,ASFALTO,Bueno,Bueno,1,CHEVROLET,ROJO,2,,26,FEMENINO,SIN DATOS,1,0,Morelia,Indeco El Vivero,agosto,sábado,6,-101.231114566326,19.6773003211339
1431,1431,2016,,2016/08/27,"07:30:00",COLISIÓN POR ALCANCE,ASFALTO,Bueno,Bueno,0,,,0,,,,,0,0,Morelia,Centro,agosto,sábado,8,-101.194274425507,19.703112181766
1432,1432,2016,,2016/08/27,"07:50:00",COLISIÓN CON PEATÓN,ASFALTO,Bueno,Bueno,1,NISSAN,BLANCO,1,,45,MASCULINO,SIN DATOS,0,0,Morelia,Sin datos,agosto,sábado,8,-101.135973930359,19.7295636923708
1433,1433,2016,,2016/08/27,"08:25:00",COLISIÓN POR CORTE DE CIRCULACIÓN,ASFALTO,Bueno,Bueno,2,HONDA,PLATA,3,MINISTERIO PÚBLICO,41,MASCULINO,SIN DATOS,1,0,Morelia,Villas del Pedregal,agosto,sábado,8,-101.305215954781,19.674767145575
1434,1434,2016,,2016/08/27,10:30:00,CAIDA DE MOTOCICLETA,ASFALTO,Bueno,Bueno,1,PULSAR,NEGRO,0,,,,,0,0,Morelia,Villas Lomas del Paraiso,agosto,sábado,11,-101.171894073486,19.671120110635
1435,1435,2016,,2016/08/27,11:30:00,COLISIÓN POR ALCANCE,ASFALTO,Bueno,Bueno,2,VOLKWAGEN,BLANCO,2,,37,MASCULINO,SIN DATOS,0,0,Morelia,Valle de Los Sauces,agosto,sábado,12,-101.221172344116,19.6854789303667
1436,1436,2016,,2016/08/27,14:20:00,COLISIÓN POR ALCANCE,ASFALTO,Bueno,Bueno,2,VOLKSWAGEN,NEGRO,2,,35,MASCULINO,SIN DATOS,0,0,Morelia,Loma Bonita,agosto,sábado,14,-101.196790337563,19.7201763815775
1437,1437,2016,,2016/08/27,15:00:00,COLISIÓN POR CORTE DE CIRCULACIÓN,ASFALTO,Bueno,Bueno,2,NISSAN,BLANCO Y GUINDA,2,,33,MASCULINO,SIN DATOS,0,0,Morelia,Prados Verdes,agosto,sábado,15,-101.197085380554,19.7178932224297
1438,1438,2016,,2016/08/27,17:00:00,COLISIÓN CONTRA OBJETO FIJO,CONCRETO,Nublado,Bueno,1,V.W.,AZUL,1,,,,SIN DATOS,0,0,Morelia,Tzindurio de Morelos,agosto,sábado,17,-101.250233352184,19.6977940818599
1439,1439,2016,,2016/08/27,17:10:00,COLISIÓN POR CORTE DE CIRCULACIÓN,ASFALTO,Bueno,Bueno,1,Italika,Rojo,2,,54,MASCULINO,SIN DATOS,1,0,Apatzingán,Independencia,agosto,sábado,17,-102.357409000397,19.0959786932396
1440,1440,2016,,2016/08/27,20:45:00,COLISIÓN POR ALCANCE,ASFALTO,Bueno,Bueno,2,CHEVROLET,BLANCO,2,,,MASCULINO,SIN DATOS,0,0,Morelia,Lomas de Santiaguito,agosto,sábado,21,-101.178417205811,19.7223326335387
1441,1441,2016,,2016/08/27,20:50:00,COLISIÓN POR ALCANCE,ASFALTO,Bueno,Bueno,2,FORD,AZUL,2,,45,MASCULINO,SIN DATOS,0,0,Morelia,Francisco J Mujica,agosto,sábado,21,-101.188164353371,19.7221104449854
1442,1442,2016,,2016/08/27,22:00:00,COLISIÓN CONTRA OBJETO FIJO,CONCRETO,Bueno,Bueno,2,NISSAN,BLANCO Y ROJO,2,,65,MASCULINO,SIN DATOS,0,0,Morelia,Granjas del Maestro,agosto,sábado,22,-101.193113029003,19.7131342741525
1443,1443,2016,,2016/08/27,23:00:00,COLISIÓN POR CORTE DE CIRCULACIÓN,ASFALTO,Bueno,Bueno,2,CHEVROLET,GRIS,2,,23,MASCULINO,SIN DATOS,0,0,Morelia,Cosmos,agosto,sábado,23,-101.216032505035,19.6845132118012
1445,1445,2016,,2016/08/28,"00:45:00",SUBIDA AL CAMELLÓN,ASFALTO,Bueno,Bueno,1,NISSAN,ROJO,1,,39,MASCULINO,SIN DATOS,0,0,Morelia,La Quemada,agosto,domingo,1,-101.239083409309,19.7014556605774
1446,1446,2016,,2016/08/28,"02:00:00",COLISIÓN CONTRA OBJETO FIJO,ASFALTO,Bueno,Regular,1,VOLKSWAGEN,ROJO,1,,25,MASCULINO,SIN DATOS,0,0,Morelia,Isaac Arriaga,agosto,domingo,2,-101.167543530464,19.71151573234
1447,1447,2016,,2016/08/28,"02:15:00",COLISIÓN POR CORTE DE CIRCULACIÓN,ASFALTO,Bueno,Bueno,2,SIN DATOS,SIN DATOS,2,,,,SIN DATOS,0,0,Morelia,Tzindurio Norte,agosto,domingo,2,-101.243669986725,19.700395073982
1448,1448,2016,,2016/08/28,"03:10:00",SALIDA DE SUPERFICIE DE RODAMIENTO,CONCRETO,Bueno,Bueno,1,CHEVROLET,BLANCO,0,,,,,0,0,Lázaro Cárdenas,Sin datos,agosto,domingo,3,-102.240958213806,17.9427059162904
1449,1449,2016,,2016/08/28,"03:10:00",SUBIDA AL CAMELLÓN,CONCRETO,Bueno,Bueno,1,CHEVROLET,VERDE,1,,39,MASCULINO,SIN DATOS,0,0,Morelia,Tzindurio de Morelos,agosto,domingo,3,-101.245890855789,19.699698113249
1450,1450,2016,,2016/08/28,"03:30:00",SALIDA DE SUPERFICIE DE RODAMIENTO,CONCRETO,Bueno,Bueno,1,VOLKSWAGEN,BLANCO,0,,,,,0,0,Lázaro Cárdenas,Sin datos,agosto,domingo,4,-102.249326705933,17.9475439869288
1451,1451,2016,,2016/08/28,"03:30:00",COLISIÓN CONTRA OBJETO FIJO,ASFALTO,Bueno,Bueno,3,HONDA,GRIS,3,,23,MASCULINO,CON CERTIFICADO,0,0,Morelia,Chapultepec Sur,agosto,domingo,4,-101.172173023224,19.6904959268206
1452,1452,2016,,2016/08/28,"06:00:00",COLISIÓN POR CORTE DE CIRCULACIÓN,ASFALTO,Bueno,Bueno,2,SIN DATOS,SIN DATOS,1,,29,MASCULINO,SIN DATOS,0,0,Morelia,Eduardo Ruiz,agosto,domingo,6,-101.223295927048,19.7225043244819
1453,1453,2016,,2016/08/28,"06:10:00",COLISIÓN CONTRA OBJETO FIJO,ASFALTO,Bueno,Bueno,1,FORD,AZUL,1,,,,SIN DATOS,0,0,Morelia,La Quemada,agosto,domingo,6,-101.238343119621,19.6877230457512
1454,1454,2016,,2016/08/28,"08:20:00",COLISIÓN CONTRA OBJETO FIJO,CONCRETO,Bueno,Bueno,2,VOLKSWAGEN,AZUL,2,,30,MASCULINO,CON CERTIFICADO,0,0,Morelia,Erendira,agosto,domingo,8,-101.166459918022,19.7027788587588
1455,1455,2016,,2016/08/28,"09:00:00",COLISIÓN POR ALCANCE,ASFALTO,Bueno,Bueno,2,DODGE,BLANCO,2,,25,MASCULINO,SIN DATOS,0,0,Morelia,Los Manantiales de Morelia,agosto,domingo,9,-101.241376698017,19.6954152734146
1456,1456,2016,,2016/08/28,"09:00:00",COLISIÓN CONTRA OBJETO FIJO,ASFALTO,Bueno,Regular,1,ITALIKA,AZUL Y GRIS,2,MINISTERIO PÚBLICO,23,MASCULINO,SIN DATOS,1,0,Morelia,El Lago 3,agosto,domingo,9,-101.217818856239,19.7271298110586
1457,1457,2016,,2016/08/28,11:30:00,COLISIÓN POR CORTE DE CIRCULACIÓN,ASFALTO,Bueno,Bueno,2,KENWORTH,BLANCO,2,MINISTERIO PÚBLICO,59,MASCULINO,SIN DATOS,0,0,Morelia,Enrique Arreguin Robles,agosto,domingo,12,-101.178873181343,19.7202975768387
1458,1458,2016,,2016/08/28,11:30:00,COLISIÓN CONTRA OBJETO FIJO,CONCRETO,Bueno,Bueno,2,FORD,BLANCO,2,,51,MASCULINO,SIN DATOS,0,0,Morelia,Balcones de Morelia,agosto,domingo,12,-101.201033592224,19.6717464771094
1459,1459,2016,,2016/08/28,14:45:00,COLISIÓN POR CORTE DE CIRCULACIÓN,ASFALTO,Bueno,Bueno,2,SCANIA,SIN DATOS,2,,57,MASCULINO,SIN DATOS,0,0,Zinapécuaro,Sin datos,agosto,domingo,15,-100.766386985779,19.8443582606045
1460,1460,2016,,2016/08/28,17:20:00,COLISIÓN POR CORTE DE CIRCULACIÓN,ASFALTO,Bueno,Bueno,2,VOLKSWAGEN,BEIGE,2,,37,MASCULINO,SIN DATOS,0,0,Morelia,Industrial,agosto,domingo,17,-101.188952922821,19.7110208239289
1461,1461,2016,,2016/08/28,17:20:00,COLISIÓN CONTRA OBJETO FIJO,CONCRETO,Nublado,Bueno,2,ITALIKA,NEGRO,2,,22,MASCULINO,SIN DATOS,0,0,Morelia,El Lago 1,agosto,domingo,17,-101.218795180321,19.72904611698
1462,1462,2016,,2016/08/28,17:45:00,VOLCADURA,ASFALTO,Bueno,Bueno,1,FORD,VERDE,1,,33,MASCULINO,SIN DATOS,0,0,Acuitzio,Sin Nombre,agosto,domingo,18,-101.338942050934,19.4930725322253
1463,1463,2016,,2016/08/28,21:00:00,COLISIÓN POR CORTE DE CIRCULACIÓN,ASFALTO,Bueno,Bueno,1,NISSAN,BLANCO Y AZUL,2,,31,MASCULINO,SIN DATOS,0,0,Morelia,Granjas del Maestro,agosto,domingo,21,-101.188566684723,19.7133842502886
1464,1464,2016,,2016/08/28,21:30:00,COLISIÓN POR CORTE DE CIRCULACIÓN,ASFALTO,Bueno,Bueno,2,Chevrolet,Arena,4,,31,MASCULINO,SIN DATOS,2,0,Múgica,Libertad,agosto,domingo,22,-102.089960575104,19.0215761992435
1465,1465,2016,,2016/08/28,22:25:00,COLISIÓN POR ALCANCE,ASFALTO,Bueno,Regular,3,VOLKSWAGEN,BEIGE,3,,50,MASCULINO,SIN DATOS,0,0,Morelia,San Pascual,agosto,domingo,22,-101.266372874379,19.695682954262
1466,1466,2016,,2016/08/29,"01:36:00",COLISIÓN CONTRA OBJETO FIJO,ASFALTO,Nublado,Regular,1,NISSAN,ROJO,1,,37,MASCULINO,CON CERTIFICADO,0,0,Morelia,Tierra Y Libertad,agosto,lunes,2,-101.227480173111,19.7135256507582
1467,1467,2016,,2016/08/29,"01:55:00",COLISIÓN POR ALCANCE,ASFALTO,Bueno,Regular,2,FORD,BLANCO,3,,36,MASCULINO,SIN DATOS,1,0,Morelia,Los Manantiales de Morelia,agosto,lunes,2,-101.240338683128,19.6929758216682
1468,1468,2016,,2016/08/29,"07:15:00",COLISIÓN POR CORTE DE CIRCULACIÓN,ASFALTO,Bueno,Bueno,3,NISSAN,NEGRO,3,,24,MASCULINO,SIN DATOS,0,0,Morelia,Adolfo Lopez Mateos,agosto,lunes,7,-101.229690313339,19.7035061080611
1469,1469,2016,,2016/08/29,10:30:00,COLISIÓN POR CORTE DE CIRCULACIÓN,ASFALTO,Bueno,Bueno,2,V.W.,AZUL,2,MINISTERIO PÚBLICO,,MASCULINO,SIN DATOS,0,0,Morelia,Chapultepec Norte,agosto,lunes,11,-101.176995635033,19.695682954262
1470,1470,2016,,2016/08/29,12:15:00,COLISIÓN POR CORTE DE CIRCULACIÓN,ASFALTO,Bueno,Bueno,2,DODGE,ARENA,2,,40,MASCULINO,SIN DATOS,0,0,Morelia,Centro,agosto,lunes,12,-101.187365055084,19.7028571392244
1471,1471,2016,,2016/08/29,12:40:00,COLISIÓN POR CORTE DE CIRCULACIÓN,ASFALTO,Bueno,Bueno,2,JEEP,BLANCO,2,,36,FEMENINO,SIN DATOS,0,0,Morelia,Infonavit  Las  Camelinas,agosto,lunes,13,-101.174892783165,19.681783160782
1472,1472,2016,,2016/08/29,13:00:00,COLISIÓN CONTRA OBJETO FIJO,CONCRETO,Bueno,Regular,2,FREIGHTLINER,BLANCO,2,,,MASCULINO,SIN DATOS,0,0,Morelia,Ciudad Industrial,agosto,lunes,13,-101.144333034754,19.7292619839931
1473,1473,2016,,2016/08/29,15:05:00,COLISIÓN POR ALCANCE,ASFALTO,Bueno,Bueno,2,KENWORTH,ROJO,2,,27,MASCULINO,SIN DATOS,0,0,Morelia,Lomas del Tecnologico,agosto,lunes,15,-101.193072795868,19.7234031740569
1474,1474,2016,,2016/08/29,15:50:00,COLISIÓN POR ALCANCE,ASFALTO,Bueno,Regular,3,DODGE,BLANCO,3,,52,FEMENINO,SIN DATOS,0,0,Morelia,Tres Puentes,agosto,lunes,16,-101.214723587036,19.7032283396206
1475,1475,2016,,2016/08/29,16:10:00,COLISIÓN POR ALCANCE,CONCRETO,Bueno,Regular,2,TOYOTA,BLANCO,2,,25,MASCULINO,SIN DATOS,0,0,Morelia,Centro,agosto,lunes,16,-101.203949153423,19.7042283037496
1476,1476,2016,,2016/08/29,16:30:00,COLISIÓN CON PEATÓN,ASFALTO,Bueno,Bueno,1,HONDA,PLATA,2,,56,FEMENINO,SIN DATOS,1,0,Morelia,Tzindurio de Morelos,agosto,lunes,17,-101.243723630905,19.6999253833868
1477,1477,2016,,2016/08/29,20:00:00,SUBIDA AL CAMELLÓN,CONCRETO,Bueno,Bueno,1,NISSAN,BLANCO,0,,,,,0,0,Morelia,Enrique Arreguin Robles,agosto,lunes,20,-101.184100806713,19.7196991743435
1478,1478,2016,,2016/08/29,20:30:00,COLISIÓN CON PEATÓN,ASFALTO,Bueno,Bueno,2,Italika,Azul,3,,15,MASCULINO,SIN DATOS,1,0,Múgica,Centro,agosto,lunes,21,-102.093176543713,19.024776284208
1479,1479,2016,,2016/08/29,21:00:00,COLISIÓN CONTRA OBJETO FIJO,CONCRETO,Lluvioso,Bueno,2,CHEVROLET,ROJO,1,,35,FEMENINO,SIN DATOS,0,0,Morelia,Chapultepec Oriente,agosto,lunes,21,-101.161548122764,19.6944209361586
1480,1480,2016,,2016/08/29,21:00:00,COLISIÓN POR CORTE DE CIRCULACIÓN,ASFALTO,Lluvioso,Bueno,2,FORD,BLANCO Y GUINDA,2,,75,MASCULINO,SIN DATOS,0,0,Morelia,Valle de Las Rosas,agosto,lunes,21,-101.240429878235,19.6926424775487
1481,1481,2016,,2016/08/29,21:15:00,COLISIÓN POR ALCANCE,TERRACERIA,Bueno,Malo,2,HONDA,AZUL,2,,36,MASCULINO,SIN DATOS,0,0,Morelia,San Jose del Cerrito,agosto,lunes,21,-101.221553832293,19.6621682328039
1482,1482,2016,,2016/08/29,21:30:00,COLISIÓN CONTRA OBJETO FIJO,ASFALTO,Lluvioso,Regular,1,CHEVROLET,BLANCO,1,,65,FEMENINO,SIN DATOS,0,0,Morelia,Jardines de Guadalupe,agosto,lunes,22,-101.226613819599,19.7105966155004
1483,1483,2016,,2016/08/29,21:30:00,COLISIÓN POR CORTE DE CIRCULACIÓN,ASFALTO,Lluvioso,Regular,2,TOYOTA,PLATA,2,,37,FEMENINO,SIN DATOS,0,0,Morelia,Justo Mendoza,agosto,lunes,22,-101.232072114944,19.7133741502503
1484,1484,2016,,2016/08/29,23:00:00,COLISIÓN POR CORTE DE CIRCULACIÓN,ASFALTO,Lluvioso,Bueno,2,CHEVROLET,PLATA,2,,26,FEMENINO,SIN DATOS,0,0,Morelia,Pascual Ortiz de Ayala,agosto,lunes,23,-101.150280833244,19.6948092019174
1485,1485,2016,,2016/08/29,23:15:00,COLISIÓN POR CORTE DE CIRCULACIÓN,ASFALTO,Lluvioso,Bueno,2,INTERNATIONAL,AMARILLO,2,,55,MASCULINO,SIN DATOS,0,0,Morelia,Xangari,agosto,lunes,23,-101.220030337572,19.6741534190492
1486,1486,2016,,2016/08/30,"07:20:00",COLISIÓN POR CORTE DE CIRCULACIÓN,ASFALTO,Bueno,Bueno,1,ITALIKA,ROJO/NEGRO,2,MINISTERIO PÚBLICO,28,MASCULINO,SIN DATOS,1,0,Jacona,Lazaro Cardenas,agosto,martes,7,-102.323398590088,19.9400898514691
1487,1487,2016,,2016/08/30,"07:50:00",COLISIÓN POR CORTE DE CIRCULACIÓN,ASFALTO,Bueno,Bueno,2,NISSAN,ROJO,3,,43,MASCULINO,SIN DATOS,1,0,Morelia,Vasco de Quiroga,agosto,martes,8,-101.175949573517,19.698344586632
1488,1488,2016,,2016/08/30,"08:40:00",COLISIÓN POR CORTE DE CIRCULACIÓN,CONCRETO,Bueno,Bueno,2,YAMAHA,BLANCO,2,,43,MASCULINO,SIN DATOS,0,0,Morelia,Vasco de Quiroga,agosto,martes,9,-101.168852448463,19.6969708464198
1489,1489,2016,,2016/08/30,"09:00:00",COLISIÓN POR CORTE DE CIRCULACIÓN,ASFALTO,Bueno,Bueno,1,V.W.,BLANCO,2,,39,MASCULINO,SIN DATOS,0,0,Morelia,Hermanos Lopez Rayon,agosto,martes,9,-101.220216751099,19.6753278319513
1490,1490,2016,,2016/08/30,"09:35:00",COLISIÓN POR ALCANCE,ASFALTO,Bueno,Bueno,2,FORD,BLANCO,2,,42,MASCULINO,SIN DATOS,0,0,Morelia,Libertad,agosto,martes,10,-101.238096356392,19.6875765716454
1491,1491,2016,,2016/08/30,10:15:00,COLISIÓN POR CORTE DE CIRCULACIÓN,ASFALTO,Bueno,Bueno,2,FREIGHTLINER,AZUL,2,,28,MASCULINO,SIN DATOS,0,0,Morelia,Centro,agosto,martes,10,-101.189816594124,19.7029063801428
1492,1492,2016,,2016/08/30,13:10:00,COLISIÓN POR CORTE DE CIRCULACIÓN,ASFALTO,Bueno,Regular,3,CHEVROLET,NEGRO,3,,21,MASCULINO,SIN DATOS,0,0,Morelia,Melchor Ocampo,agosto,martes,13,-101.200451552868,19.7059302485266
1493,1493,2016,,2016/08/30,13:35:00,COLISIÓN POR CORTE DE CIRCULACIÓN,ASFALTO,Bueno,Bueno,2,V.W.,GRIS,2,,30,MASCULINO,SIN DATOS,0,0,Morelia,Los Manantiales de Morelia,agosto,martes,14,-101.24136865139,19.6954253745869
1494,1494,2016,,2016/08/30,14:00:00,COLISIÓN POR CORTE DE CIRCULACIÓN,ASFALTO,Bueno,Bueno,2,INTERNATIONAL,BLANCO Y AZUL,2,,29,MASCULINO,SIN DATOS,0,0,Morelia,Santa Maria de Guido,agosto,martes,14,-101.190460324287,19.6740195606881
1495,1495,2016,,2016/08/30,15:00:00,COLISIÓN POR CORTE DE CIRCULACIÓN,CONCRETO,Bueno,Regular,2,NISSAN,BLANCO Y ROJO,2,,46,MASCULINO,SIN DATOS,0,0,Morelia,Centro,agosto,martes,15,-101.195042878389,19.7048343395739
1496,1496,2016,,2016/08/30,15:05:00,COLISIÓN POR CORTE DE CIRCULACIÓN,ASFALTO,Bueno,Bueno,2,CHRYSLER,BLANCO,4,,23,MASCULINO,SIN DATOS,2,0,Morelia,El Lago 1,agosto,martes,15,-101.212250590324,19.7267460421567
1497,1497,2016,,2016/08/30,17:00:00,COLISIÓN POR CORTE DE CIRCULACIÓN,ASFALTO,Bueno,Regular,2,NISSAN,BLANCO,2,,48,FEMENINO,SIN DATOS,0,0,Morelia,Independencia,agosto,martes,17,-101.176122575998,19.7056385960707
1498,1498,2016,,2016/08/30,17:15:00,COLISIÓN POR ALCANCE,ASFALTO,Nublado,Bueno,2,V.W.,ROJO,2,,35,FEMENINO,SIN DATOS,0,0,Morelia,Chapultepec Norte,agosto,martes,17,-101.17662280798,19.6944203048314
1499,1499,2016,,2016/08/30,19:00:00,COLISIÓN POR ALCANCE,CONCRETO,Bueno,Regular,2,AUDI,BLANCO,2,,29,MASCULINO,SIN DATOS,0,0,Morelia,Cuauhtemoc,agosto,martes,19,-101.178658604622,19.6966880160889
1500,1500,2016,,2016/08/30,19:05:00,COLISIÓN POR CORTE DE CIRCULACIÓN,CONCRETO,Bueno,Bueno,2,Italika,Verde,2,,24,MASCULINO,SIN DATOS,0,0,Apatzingán,Benito Juarez,agosto,martes,19,-102.348257303238,19.0892973209379
1501,1501,2016,,2016/08/30,22:25:00,COLISIÓN POR ALCANCE,CONCRETO,Bueno,Regular,2,ITALIKA,NEGRO CON ROJO,2,,23,MASCULINO,SIN DATOS,0,0,Morelia,Villa Universidad,agosto,martes,22,-101.203946471214,19.6864262401741
1502,1502,2016,,2016/08/31,"00:05:00",COLISIÓN CON PEATÓN,ASFALTO,Lluvioso,Bueno,1,CHRYSLER,BLANCO,4,MINISTERIO PÚBLICO,34,MASCULINO,CON CERTIFICADO,3,0,Lázaro Cárdenas,Pie de Casa,agosto,miércoles,0,-102.223621755838,17.9677751805021
1503,1503,2016,,2016/08/31,"07:30:00",COLISIÓN POR ALCANCE,ASFALTO,Bueno,Bueno,2,V.W.,ORO,2,,18,MASCULINO,SIN DATOS,0,0,Morelia,Mariano Michelena,agosto,miércoles,8,-101.23017847538,19.6769694699698
1504,1504,2016,,2016/08/31,"08:50:00",COLISIÓN POR CORTE DE CIRCULACIÓN,ASFALTO,Nublado,Bueno,2,YAMAHA,BLANCO,3,,25,MASCULINO,SIN DATOS,1,0,Morelia,Adolfo Lopez Mateos,agosto,miércoles,9,-101.224578022957,19.6936879635979
1505,1505,2016,,2016/08/31,10:20:00,COLISIÓN POR CORTE DE CIRCULACIÓN,ASFALTO,Bueno,Bueno,2,JEEP,GRIS,2,,50,MASCULINO,SIN DATOS,0,0,Morelia,Tierra Y Libertad,agosto,miércoles,10,-101.229872703552,19.7164849318932
1506,1506,2016,,2016/08/31,11:00:00,COLISIÓN CON PEATÓN,CONCRETO,Bueno,Bueno,1,FORD,BLANCO,2,MINISTERIO PÚBLICO,26,MASCULINO,SIN DATOS,1,0,Morelia,Isaac Arriaga,agosto,miércoles,11,-101.167629361153,19.7113692800106
1507,1507,2016,,2016/08/31,13:40:00,COLISIÓN POR CORTE DE CIRCULACIÓN,ASFALTO,Bueno,Bueno,2,KENWORTH,BLANCO,2,,34,FEMENINO,SIN DATOS,0,0,Morelia,Tinijaro,agosto,miércoles,14,-101.263483129442,19.6963824577589
1508,1508,2016,,2016/08/31,15:15:00,COLISIÓN POR CORTE DE CIRCULACIÓN,CONCRETO,Bueno,Bueno,2,NISSAN,BLANCO Y ROJO,2,,30,MASCULINO,SIN DATOS,0,0,Morelia,Niño Artillero,agosto,miércoles,15,-101.254237890244,19.6969809474938
1509,1509,2016,,2016/08/31,16:30:00,COLISIÓN POR CORTE DE CIRCULACIÓN,ASFALTO,Bueno,Bueno,1,V.W.,GRIS,1,,22,,SIN DATOS,0,0,Morelia,Cuauhtemoc,agosto,miércoles,17,-101.183186173439,19.6999001311652