fid,id_accidente,anio_origen,folio_c5i,dia_incidente,hora_ocurrencia,tipo_incidente_vial,superficie_ocurrencia,condiciones_climaticas,condiciones_via,numero_vehiculos_involucrados,marca_vehiculo_ocasiona_siniestro,color_vehiculo_ocasiona_siniestro,numero_personas_involucradas,lugar_remite_presunto_responsable,edad_presunto_responsable,sexo_presunto_responsable,resultados_toxicologia,numero_personas_lesionadas,numero_personas_fallecidas,municipio,colonia,mes,dia_semana,hora_redondeada,lon,lat
1510,1510,2016,,2016/08/31,18:55:00,COLISIÓN POR ALCANCE,CONCRETO,Bueno,Bueno,2,CHEVROLET,DORADO,2,,42,FEMENINO,SIN DATOS,0,0,Morelia,Primaveras,agosto,miércoles,19,-101.225692480803,19.6791667129947
1511,1511,2016,,2016/08/31,21:20:00,COLISIÓN POR CORTE DE CIRCULACIÓN,CONCRETO,Bueno,Bueno,2,SEAT,AZUL,2,,31,FEMENINO,SIN DATOS,0,0,Morelia,Ana Maria Gallaga (Riviera Norte),agosto,miércoles,21,-101.221772432327,19.6770603909685
1512,1512,2016,,2016/09/01,"00:30:00",COLISIÓN CONTRA OBJETO FIJO,ASFALTO,Bueno,Bueno,1,SEAT,BLANCO,1,,,,SIN DATOS,0,0,Morelia,Lomas de Santa Maria,septiembre,jueves,1,-101.186898350716,19.6744792247815
1513,1513,2016,,2016/09/01,"04:00:00",COLISIÓN CONTRA OBJETO FIJO,ASFALTO,Bueno,Bueno,1,NISSAN,BLANCO,1,,23,MASCULINO,SIN DATOS,0,0,Morelia,Rinconada del Valle,septiembre,jueves,4,-101.218666434288,19.678914157858
1514,1514,2016,,2016/09/01,"05:15:00",SUBIDA AL CAMELLÓN,ASFALTO,Bueno,Bueno,1,V.W.,AZUL,0,,,,,0,0,Morelia,Reforma,septiembre,jueves,5,-101.238145977259,19.7066751593122
1515,1515,2016,,2016/09/01,"06:40:00",COLISIÓN POR CORTE DE CIRCULACIÓN,ASFALTO,Bueno,Bueno,2,MAZDA,BLANCO,2,MINISTERIO PÚBLICO,31,MASCULINO,SIN DATOS,0,0,Lázaro Cárdenas,1Er Sect de Fidelac,septiembre,jueves,7,-102.195524275303,17.960677048349
1516,1516,2016,,2016/09/01,"07:40:00",SALIDA DE SUPERFICIE DE RODAMIENTO,TERRACERIA,Bueno,Bueno,1,NISSAN,AZUL,0,,,,,0,0,Morelia,Sin datos,septiembre,jueves,8,-101.246403157711,19.680123893349
1517,1517,2016,,2016/09/01,"08:30:00",COLISIÓN POR CORTE DE CIRCULACIÓN,ASFALTO,Bueno,Bueno,2,DODGE,BLANCO,2,,44,FEMENINO,SIN DATOS,0,0,Morelia,Felix Ireta,septiembre,jueves,9,-101.181442737579,19.6815508138658
1518,1518,2016,,2016/09/01,"09:20:00",COLISIÓN POR CORTE DE CIRCULACIÓN,CONCRETO,Bueno,Bueno,2,MITSUBISHI,NEGRO,3,,64,FEMENINO,SIN DATOS,1,0,Morelia,Nueva Chapultepec,septiembre,jueves,9,-101.169898509979,19.6897282122789
1519,1519,2016,,2016/09/01,"09:30:00",COLISIÓN POR ALCANCE,ASFALTO,Bueno,Bueno,2,CHRYSLER,BLANCO,2,MINISTERIO PÚBLICO,38,MASCULINO,SIN DATOS,0,0,Lázaro Cárdenas,Jarene,septiembre,jueves,10,-102.221784442663,17.9644353687895
1520,1520,2016,,2016/09/01,10:25:00,COLISIÓN POR CORTE DE CIRCULACIÓN,CONCRETO,Bueno,Regular,2,FREIGHTLINER,BLANCO,2,,28,MASCULINO,SIN DATOS,0,0,Morelia,Gertrudis Bocanegra,septiembre,jueves,10,-101.209766864777,19.7027977975847
1521,1521,2016,,2016/09/01,11:00:00,COLISIÓN POR CORTE DE CIRCULACIÓN,ASFALTO,Bueno,Bueno,1,KAWASAKI,BLANCO Y AZUL,1,,36,MASCULINO,SIN DATOS,0,0,Morelia,Ejidal Tres Puentes,septiembre,jueves,11,-101.225972771645,19.6924581278513
1522,1522,2016,,2016/09/01,11:00:00,COLISIÓN POR ALCANCE,CONCRETO,Bueno,Regular,2,HONDA,ROJO,2,MINISTERIO PÚBLICO,35,FEMENINO,SIN DATOS,0,0,Morelia,Chapultepec Sur,septiembre,jueves,11,-101.171153783798,19.6909050363558
1523,1523,2016,,2016/09/01,12:10:00,COLISIÓN POR CORTE DE CIRCULACIÓN,CONCRETO,Bueno,Bueno,2,FORD,BLANCO,2,,30,MASCULINO,SIN DATOS,0,0,Morelia,Independencia,septiembre,jueves,12,-101.17556065321,19.7099274749181
1524,1524,2016,,2016/09/01,14:30:00,SUBIDA AL CAMELLÓN,ASFALTO,Bueno,Bueno,1,NISSAN,BLANCO,1,,20,MASCULINO,SIN DATOS,0,0,Morelia,Alberto Oviedo Mota,septiembre,jueves,15,-101.201226711273,19.6803688699875
1525,1525,2016,,2016/09/01,15:00:00,COLISIÓN POR CORTE DE CIRCULACIÓN,ASFALTO,Bueno,Bueno,2,DODGE,AZUL,2,,40,MASCULINO,SIN DATOS,0,0,Morelia,Centro,septiembre,jueves,15,-101.200143098831,19.6983900410698
1526,1526,2016,,2016/09/01,15:30:00,COLISIÓN POR CORTE DE CIRCULACIÓN,ASFALTO,Bueno,Bueno,2,DODGE,ROJO,2,,42,MASCULINO,SIN DATOS,0,0,Morelia,Lazaro Cardenas,septiembre,jueves,16,-101.16458773613,19.7091421780602
1527,1527,2016,,2016/09/01,16:00:00,COLISIÓN POR CORTE DE CIRCULACIÓN,ASFALTO,Bueno,Bueno,2,NISSAN,BLANCO Y VERDE,2,,41,MASCULINO,SIN DATOS,0,0,Morelia,Balcones de Santa Maria,septiembre,jueves,16,-101.185331270099,19.6762471513138
1528,1528,2016,,2016/09/01,16:25:00,COLISIÓN POR CORTE DE CIRCULACIÓN,ASFALTO,Bueno,Regular,2,FORD,ROJO,2,,61,FEMENINO,SIN DATOS,0,0,Morelia,Centro,septiembre,jueves,16,-101.199677735567,19.7030604157385
1529,1529,2016,,2016/09/01,17:00:00,COLISIÓN POR ALCANCE,ASFALTO,Bueno,Bueno,2,GENERAL MOTORS,BLANCO,2,,27,MASCULINO,SIN DATOS,0,0,Morelia,Arcos del Valle,septiembre,jueves,17,-101.236272454262,19.7076725767964
1530,1530,2016,,2016/09/01,20:00:00,COLISIÓN POR CORTE DE CIRCULACIÓN,ASFALTO,Lluvioso,Bueno,3,CHEVROLET,NEGRO,4,,43,MASCULINO,SIN DATOS,1,0,Morelia,Sin datos,septiembre,jueves,20,-101.164625287056,19.6650028061455
1531,1531,2016,,2016/09/01,20:15:00,COLISIÓN POR CORTE DE CIRCULACIÓN,ASFALTO,Bueno,Bueno,2,GMC,BLANCO,2,,31,MASCULINO,SIN DATOS,0,0,Morelia,Vasco de Quiroga,septiembre,jueves,20,-101.169077754021,19.7023546284725
1532,1532,2016,,2016/09/01,20:20:00,COLISIÓN POR CORTE DE CIRCULACIÓN,ASFALTO,Bueno,Bueno,2,NISSAN,SIN DATOS,2,,54,MASCULINO,SIN DATOS,0,0,Morelia,Poblado de Ocolusen,septiembre,jueves,20,-101.15097284317,19.6947233416031
1533,1533,2016,,2016/09/01,21:10:00,COLISIÓN CONTRA OBJETO FIJO,ASFALTO,Nublado,Bueno,2,FORD,GUINDA,2,,24,MASCULINO,SIN DATOS,0,0,Morelia,Valle de Altozano,septiembre,jueves,21,-101.164813041687,19.6655534236239
1534,1534,2016,,2016/09/01,22:30:00,COLISIÓN POR CORTE DE CIRCULACIÓN,ASFALTO,Bueno,Bueno,3,KENWORTH,AZUL,0,MINISTERIO PÚBLICO,,,,0,0,Morelia,Los Angeles,septiembre,jueves,23,-101.177360415459,19.7399400939174
1536,1536,2016,,2016/09/02,"01:40:00",COLISIÓN POR CORTE DE CIRCULACIÓN,CONCRETO,Bueno,Bueno,2,NISSAN,BLANCO,2,,24,MASCULINO,CON CERTIFICADO,0,0,Morelia,Alberto Oviedo Mota,septiembre,viernes,2,-101.200585663319,19.6768495046842
1537,1537,2016,,2016/09/02,"05:00:00",COLISIÓN CONTRA OBJETO FIJO,ASFALTO,Bueno,Bueno,1,Toyota,Verde,0,,,,,0,0,Apatzingán,Zona Industrial,septiembre,viernes,5,-102.328494787216,19.0627668755813
1538,1538,2016,,2016/09/02,"08:00:00",COLISIÓN POR CORTE DE CIRCULACIÓN,ASFALTO,Bueno,Bueno,2,V.W.,BLANCO,2,,40,FEMENINO,SIN DATOS,0,0,Morelia,Real Punhuato,septiembre,viernes,8,-101.149320602417,19.6964758930127
1539,1539,2016,,2016/09/02,"09:00:00",COLISIÓN POR CORTE DE CIRCULACIÓN,ASFALTO,Lluvioso,Bueno,2,NISSAN,BLANCO Y ROJO,2,,27,MASCULINO,SIN DATOS,0,0,Morelia,Industrial,septiembre,viernes,9,-101.188829541206,19.7125055445674
1540,1540,2016,,2016/09/02,"09:30:00",COLISIÓN POR ALCANCE,ASFALTO,Bueno,Bueno,2,NISSAN,BLANCO,2,,49,MASCULINO,SIN DATOS,0,0,Morelia,Barrio Alto,septiembre,viernes,10,-101.193459033966,19.7240495346715
1541,1541,2016,,2016/09/02,10:15:00,COLISIÓN POR CORTE DE CIRCULACIÓN,CONCRETO,Bueno,Bueno,2,CHEVROLET,NEGRO,2,,34,MASCULINO,SIN DATOS,0,0,Morelia,Centro,septiembre,viernes,10,-101.192423701286,19.7029833979592
1542,1542,2016,,2016/09/02,11:10:00,COLISIÓN CONTRA OBJETO FIJO,ASFALTO,Bueno,Bueno,1,NISSAN,GUINDA,1,MINISTERIO PÚBLICO,,,SIN DATOS,0,0,Morelia,Nueva Chapultepec,septiembre,viernes,11,-101.166293621063,19.6852683240802
1543,1543,2016,,2016/09/02,14:20:00,COLISIÓN POR ALCANCE,ASFALTO,Bueno,Bueno,2,NISSAN,TITANIUM,2,,71,,SIN DATOS,0,0,Morelia,San Jose Itzicuaro,septiembre,viernes,14,-101.303118467331,19.687920027958
1544,1544,2016,,2016/09/02,16:00:00,COLISIÓN POR CORTE DE CIRCULACIÓN,ASFALTO,Bueno,Bueno,2,CHEVROLET,ROJO,2,,52,MASCULINO,SIN DATOS,0,0,Morelia,Eva Samano,septiembre,viernes,16,-101.199225783348,19.7308361632761
1545,1545,2016,,2016/09/02,16:20:00,COLISIÓN POR CORTE DE CIRCULACIÓN,ASFALTO,Lluvioso,Bueno,2,INTERNATIONAL,NEGRO,2,,24,MASCULINO,SIN DATOS,0,0,Morelia,Los Manantiales de Morelia,septiembre,viernes,16,-101.240974366665,19.6944177795225
1546,1546,2016,,2016/09/02,17:20:00,COLISIÓN POR ALCANCE,ASFALTO,Bueno,Bueno,4,FORD,AZUL,4,,49,MASCULINO,SIN DATOS,0,0,Morelia,Los Angeles,septiembre,viernes,17,-101.176502108574,19.7417628374149
1547,1547,2016,,2016/09/02,18:00:00,COLISIÓN POR ALCANCE,ASFALTO,Nublado,Bueno,3,TOYOTA,BLANCO Y GRIS,4,,34,MASCULINO,SIN DATOS,1,0,Morelia,Libertad,septiembre,viernes,18,-101.237495541573,19.6861522302515
1548,1548,2016,,2016/09/02,18:20:00,COLISIÓN POR CORTE DE CIRCULACIÓN,CONCRETO,Bueno,Bueno,3,ITALIKA,NERO Y ROJO,4,,18,MASCULINO,SIN DATOS,1,0,Morelia,Ciudad Jardin,septiembre,viernes,18,-101.252234280109,19.7023015996077
1549,1549,2016,,2016/09/02,20:30:00,COLISIÓN POR CORTE DE CIRCULACIÓN,ASFALTO,Lluvioso,Regular,2,MITSUBISHI,ROJO,2,,23,MASCULINO,SIN DATOS,0,0,Morelia,Felix Ireta,septiembre,viernes,21,-101.181040406227,19.6838490131077
1550,1550,2016,,2016/09/02,21:30:00,COLISIÓN POR CORTE DE CIRCULACIÓN,ASFALTO,Lluvioso,Bueno,2,CHEVROLET,GUINDA,2,,47,MASCULINO,SIN DATOS,0,0,Morelia,Sentimientos de La Nacion,septiembre,viernes,22,-101.23521566391,19.681010353431
1551,1551,2016,,2016/09/02,23:00:00,COLISIÓN POR CORTE DE CIRCULACIÓN,CONCRETO,Nublado,Bueno,2,MITSUBISHI,GRANITO,2,,,MASCULINO,SIN DATOS,0,0,Morelia,Comision Federal de Electricidad,septiembre,viernes,23,-101.181354224682,19.6813866555154
1552,1552,2016,,2016/09/02,23:30:00,COLISIÓN POR CORTE DE CIRCULACIÓN,ASFALTO,Bueno,Bueno,2,SUZUKI,ROJO,2,,19,FEMENINO,CON CERTIFICADO,0,0,Morelia,Chapultepec Oriente,septiembre,viernes,0,-101.159105300903,19.6881321623714
1553,1553,2016,,2016/09/02,23:30:00,COLISIÓN POR ALCANCE,ASFALTO,Bueno,Bueno,2,JEEP,ROJO,2,,18,MASCULINO,SIN DATOS,0,0,Morelia,Sentimientos de La Nacion,septiembre,viernes,0,-101.236749887466,19.6844753298205
1554,1554,2016,,2016/09/03,"00:10:00",COLISIÓN POR CORTE DE CIRCULACIÓN,ASFALTO,Lluvioso,Regular,2,NISSAN,PLATA,2,,26,MASCULINO,SIN DATOS,0,0,Morelia,Asociacion Zirahuen,septiembre,sábado,0,-101.248261928558,19.6992183196759
1555,1555,2016,,2016/09/03,"01:10:00",SALIDA DE SUPERFICIE DE RODAMIENTO,ASFALTO,Bueno,Bueno,1,NISSAN,ROJO,1,,21,MASCULINO,SIN DATOS,0,0,Pátzcuaro,2A de San Lazaro,septiembre,sábado,1,-101.60692691803,19.5059166487588
1556,1556,2016,,2016/09/03,"02:45:00",COLISIÓN CONTRA OBJETO FIJO,ASFALTO,Bueno,Bueno,3,SIN DATO,SIN DATO,3,,,,SIN DATOS,0,0,Morelia,Trinidad Salgado,septiembre,sábado,3,-101.231192350388,19.7033066198663
1557,1557,2016,,2016/09/03,"03:30:00",COLISIÓN CONTRA OBJETO FIJO,CONCRETO,Bueno,Bueno,1,NISSAN,GRIS,1,,,,SIN DATOS,0,0,Morelia,Centro,septiembre,sábado,4,-101.185806691647,19.699061755146
1558,1558,2016,,2016/09/03,"03:40:00",SALIDA DE SUPERFICIE DE RODAMIENTO,ASFALTO,Bueno,Bueno,1,TOYOTA,BLANCO,1,,33,MASCULINO,SIN DATOS,0,0,Morelia,Leandro Valle,septiembre,sábado,4,-101.230001449585,19.7166768287788
1559,1559,2016,,2016/09/03,"05:00:00",VOLCADURA,ASFALTO,Bueno,Regular,1,NISSAN,ARENA,1,,30,MASCULINO,SIN DATOS,0,0,Puruándiro,Sin datos,septiembre,sábado,5,-101.521064043045,20.1328998937217
1560,1560,2016,,2016/09/03,"06:30:00",COLISIÓN CONTRA OBJETO FIJO,CONCRETO,Bueno,Bueno,2,Nissan,Blanco/Verde,2,,32,MASCULINO,CON CERTIFICADO,0,0,Apatzingán,Centro,septiembre,sábado,7,-102.353323996067,19.0863925127632
1561,1561,2016,,2016/09/03,10:00:00,SALIDA DE SUPERFICIE DE RODAMIENTO,CONCRETO,Bueno,Bueno,1,V.W,VINO,0,,,,,0,0,Morelia,Ejidal Tres Puentes,septiembre,sábado,10,-101.225972771645,19.6925061092998
1562,1562,2016,,2016/09/03,10:00:00,COLISIÓN POR CORTE DE CIRCULACIÓN,ASFALTO,Bueno,Bueno,2,NISSAN,BEIGE,2,,60,MASCULINO,SIN DATOS,0,0,Morelia,Niño Artillero,septiembre,sábado,10,-101.254334449768,19.6976678190305
1563,1563,2016,,2016/09/03,11:45:00,COLISIÓN POR CORTE DE CIRCULACIÓN,ASFALTO,Bueno,Bueno,2,RAM,BLANCO/ROJO,2,,26,MASCULINO,SIN DATOS,0,0,Morelia,Tzindurio de Morelos,septiembre,sábado,12,-101.246180534363,19.6995870032864
1564,1564,2016,,2016/09/03,12:00:00,COLISIÓN POR CORTE DE CIRCULACIÓN,CONCRETO,Bueno,Bueno,2,V.W,NEGRO,1,,50,MASCULINO,SIN DATOS,0,0,Morelia,Centro,septiembre,sábado,12,-101.183204948902,19.7025566430349
1565,1565,2016,,2016/09/03,14:00:00,COLISIÓN CON PEATÓN,ASFALTO,Bueno,Regular,1,SE DESCONOCE,SIN DATOS,2,,,,SIN DATOS,1,0,Morelia,Elias Perez Avalos,septiembre,sábado,14,-101.165183186531,19.7106067157141
1566,1566,2016,,2016/09/03,15:30:00,COLISIÓN POR ALCANCE,ASFALTO,Bueno,Bueno,2,CHEVROLET,ROJO,2,,32,FEMENINO,SIN DATOS,0,0,Morelia,Tlalpujahua,septiembre,sábado,16,-101.218736171722,19.6765148642025
1567,1567,2016,,2016/09/03,15:35:00,COLISIÓN POR ALCANCE,CONCRETO,Bueno,Bueno,2,MAZDA,BLANCO,2,,30,FEMENINO,SIN DATOS,0,0,Morelia,Centro,septiembre,sábado,16,-101.178154349327,19.6991046841453
1568,1568,2016,,2016/09/03,16:40:00,COLISIÓN CONTRA OBJETO FIJO,ASFALTO,Nublado,Regular,2,MAZDA,BLANCO,2,,20,MASCULINO,SIN DATOS,0,0,Morelia,Centro,septiembre,sábado,17,-101.18548348546,19.7056988835809
1569,1569,2016,,2016/09/03,18:15:00,COLISIÓN POR CORTE DE CIRCULACIÓN,ASFALTO,Bueno,Bueno,2,CHEVROLET,GRIS,2,,46,MASCULINO,SIN DATOS,0,0,Morelia,Nueva Esperanza,septiembre,sábado,18,-101.250611543655,19.6880665017497
1570,1570,2016,,2016/09/03,19:30:00,COLISIÓN POR CORTE DE CIRCULACIÓN,ASFALTO,Nublado,Regular,2,DINA,ROJO,2,MINISTERIO PÚBLICO,26,MASCULINO,SIN DATOS,0,0,Morelia,Los Laureles,septiembre,sábado,20,-101.232994794846,19.7126772460649
1571,1571,2016,,2016/09/03,20:30:00,COLISIÓN POR ALCANCE,ASFALTO,Lluvioso,Bueno,2,TOYOTA,BLANCO,2,,47,MASCULINO,SIN DATOS,0,0,Morelia,Ana Maria Gallaga (Riviera Norte),septiembre,sábado,21,-101.222786307335,19.6767888906111
1572,1572,2016,,2016/09/03,21:50:00,COLISIÓN CON PEATÓN,ASFALTO,Bueno,Regular,1,FORD,ARENA,2,MINISTERIO PÚBLICO,66,MASCULINO,SIN DATOS,1,0,Zinapécuaro,Sin datos,septiembre,sábado,22,-100.840480327606,19.8130808828437
1573,1573,2016,,2016/09/03,22:20:00,COLISIÓN POR CORTE DE CIRCULACIÓN,ASFALTO,Bueno,Bueno,2,NISSAN,BLANCO/ROJO,2,,27,MASCULINO,SIN DATOS,0,0,Morelia,Comision Federal de Electricidad,septiembre,sábado,22,-101.180214285851,19.6879629599453
1574,1574,2016,,2016/09/03,23:25:00,COLISIÓN POR CORTE DE CIRCULACIÓN,ASFALTO,Bueno,Regular,2,CHEVROLET,GRIS,2,,41,MASCULINO,CON CERTIFICADO,0,0,Morelia,Centro,septiembre,sábado,23,-101.20011895895,19.7052598258538
1575,1575,2016,,2016/09/04,"00:00:00",VOLCADURA,ASFALTO,Bueno,Bueno,1,TOYOTA,VERDE,3,,,,,3,0,Pátzcuaro,Sin datos,septiembre,domingo,0,-101.561651229858,19.5312378083672
1576,1576,2016,,2016/09/04,"00:30:00",COLISIÓN POR CORTE DE CIRCULACIÓN,ASFALTO,Bueno,Bueno,2,CHEVROLET,BLANCO,2,,30,MASCULINO,CON CERTIFICADO,0,0,Morelia,Los Manantiales de Morelia,septiembre,domingo,1,-101.241736114025,19.6958117439441
1577,1577,2016,,2016/09/04,"00:30:00",COLISIÓN CONTRA OBJETO FIJO,CONCRETO,Bueno,Bueno,1,NISSAN,GRIS,1,,21,MASCULINO,CON CERTIFICADO,0,0,Morelia,Industrial,septiembre,domingo,1,-101.192171573639,19.7118162116995
1578,1578,2016,,2016/09/04,"02:50:00",COLISIÓN POR CORTE DE CIRCULACIÓN,CONCRETO,Bueno,Regular,2,FORD,BLANCO,2,,28,FEMENINO,SIN DATOS,0,0,Morelia,Adolfo Lopez Mateos,septiembre,domingo,3,-101.229076087475,19.7008925404747
1579,1579,2016,,2016/09/04,"04:10:00",COLISIÓN POR ALCANCE,CONCRETO,Bueno,Bueno,1,JEEP,ROJO,1,MINISTERIO PÚBLICO,,,SIN DATOS,0,0,Morelia,Loma Real,septiembre,domingo,4,-101.198384910822,19.7291774045549
1580,1580,2016,,2016/09/04,"04:30:00",COLISIÓN POR CORTE DE CIRCULACIÓN,CONCRETO,Nublado,Bueno,2,JEEP,BLANCO,2,,30,MASCULINO,CON CERTIFICADO,0,0,Morelia,Vasco de Quiroga,septiembre,domingo,5,-101.167742013931,19.6967587237185
1581,1581,2016,,2016/09/04,"07:20:00",COLISIÓN POR CORTE DE CIRCULACIÓN,ASFALTO,Bueno,Bueno,2,FORD,BLANCO/ROJO,1,,53,MASCULINO,SIN DATOS,0,0,Morelia,Barrio Alto,septiembre,domingo,7,-101.195583343506,19.724665594699
1582,1582,2016,,2016/09/04,10:20:00,COLISIÓN POR CORTE DE CIRCULACIÓN,ASFALTO,Lluvioso,Bueno,2,VOLKSWAGEN,BLANCO,2,MINISTERIO PÚBLICO,27,MASCULINO,SIN DATOS,0,0,Morelia,Chapultepec Oriente,septiembre,domingo,10,-101.164324879646,19.6886978527663
1583,1583,2016,,2016/09/04,13:20:00,COLISIÓN CONTRA OBJETO FIJO,ASFALTO,Bueno,Bueno,1,JEEP,AZUL,2,MINISTERIO PÚBLICO,56,MASCULINO,SIN DATOS,1,0,Jacona,Sin datos,septiembre,domingo,13,-102.292563915253,19.9281782621575
1584,1584,2016,,2016/09/04,15:30:00,COLISIÓN POR CORTE DE CIRCULACIÓN,ASFALTO,Lluvioso,Bueno,2,CHEVROLET,BLANCO Y ROJO,2,,31,MASCULINO,SIN DATOS,0,0,Morelia,Villas del Real,septiembre,domingo,16,-101.199032664299,19.7331942472449
1585,1585,2016,,2016/09/04,16:15:00,COLISIÓN POR CORTE DE CIRCULACIÓN,ASFALTO,Lluvioso,Bueno,2,NISSAN,BLANCO,4,,52,MASCULINO,SIN DATOS,2,0,Morelia,Nueva Valladolid,septiembre,domingo,16,-101.210802197456,19.6952233510222
1586,1586,2016,,2016/09/04,17:30:00,COLISIÓN POR CORTE DE CIRCULACIÓN,ASFALTO,Nublado,Bueno,3,FORD,VERDE,3,,31,MASCULINO,SIN DATOS,0,0,Morelia,Villas de La Esperanza,septiembre,domingo,18,-101.270545721054,19.6942435331163
1587,1587,2016,,2016/09/04,18:00:00,COLISIÓN POR ALCANCE,ASFALTO,Bueno,Bueno,3,HONDA,GRIS,3,,29,MASCULINO,SIN DATOS,0,0,Morelia,Villas de La Esperanza,septiembre,domingo,18,-101.27515912056,19.6928798590383
1588,1588,2016,,2016/09/04,18:15:00,COLISIÓN POR ALCANCE,ASFALTO,Lluvioso,Regular,3,NISSAN,PLATA,3,MINISTERIO PÚBLICO,45,MASCULINO,SIN DATOS,0,0,Morelia,Irrigacion,septiembre,domingo,18,-101.222615987062,19.7052295241977
1589,1589,2016,,2016/09/04,18:30:00,COLISIÓN POR ALCANCE,ASFALTO,Lluvioso,Bueno,2,FORD,AZUL,2,,50,MASCULINO,SIN DATOS,0,0,Morelia,Santa Maria,septiembre,domingo,19,-101.201897263527,19.6778294290185
1590,1590,2016,,2016/09/04,19:00:00,COLISIÓN POR ALCANCE,ASFALTO,Bueno,Bueno,2,TOYOTA,BLANCO,2,,23,MASCULINO,SIN DATOS,0,0,Morelia,Real Santa Rita,septiembre,domingo,19,-101.220747828484,19.6741812009592
1591,1591,2016,,2016/09/04,21:30:00,COLISIÓN POR ALCANCE,ASFALTO,Lluvioso,Bueno,3,CHEVROLET,BLANCO Y ROJO,3,,40,MASCULINO,CON CERTIFICADO,0,0,Morelia,Rafael Carrillo,septiembre,domingo,22,-101.236374378204,19.7078695344503
1592,1592,2016,,2016/09/04,23:40:00,SUBIDA AL CAMELLÓN,ASFALTO,Lluvioso,Bueno,1,CHEVROLET,AZUL,1,,55,MASCULINO,CON CERTIFICADO,0,0,Morelia,Quinceo,septiembre,domingo,0,-101.222354471683,19.727420161918
1593,1593,2016,,2016/09/05,"00:00:00",VOLCADURA,ASFALTO,Lluvioso,Bueno,1,TOYOTA,ROJO,1,,53,MASCULINO,SIN DATOS,0,0,Morelia,Enrique Ramirez,septiembre,lunes,0,-101.164636015892,19.7085159578668
1594,1594,2016,,2016/09/05,"01:50:00",COLISIÓN POR CORTE DE CIRCULACIÓN,ASFALTO,Bueno,Bueno,2,KENWORTH,BLANCO,2,,43,MASCULINO,SIN DATOS,0,0,Morelia,Tzindurio de Morelos,septiembre,lunes,2,-101.246046423912,19.6995769023769
1595,1595,2016,,2016/09/05,"03:30:00",COLISIÓN CONTRA OBJETO FIJO,CONCRETO,Bueno,Bueno,4,NISSAN,BLANCO Y MORADO,3,,,,SIN DATOS,0,0,Morelia,Valerio Trujano,septiembre,lunes,4,-101.230366230011,19.6902080342988
1596,1596,2016,,2016/09/05,"04:20:00",SALIDA DE SUPERFICIE DE RODAMIENTO,ASFALTO,Bueno,Bueno,1,VOLKSWAGEN,GRIS,1,,35,MASCULINO,SIN DATOS,0,0,Morelia,El Lago 3,septiembre,lunes,4,-101.217851042747,19.7270540672694
1597,1597,2016,,2016/09/05,"07:15:00",COLISIÓN POR CORTE DE CIRCULACIÓN,ASFALTO,Nublado,Bueno,2,NISSAN,BLANCO Y ROJO,2,,63,MASCULINO,SIN DATOS,0,0,Morelia,Prados Verdes,septiembre,lunes,7,-101.197388470173,19.7134802006209
1598,1598,2016,,2016/09/05,"07:50:00",COLISIÓN CONTRA OBJETO FIJO,CONCRETO,Bueno,Bueno,1,RENAULT,PLATA,1,,29,FEMENINO,SIN DATOS,0,0,Morelia,Terrazas,septiembre,lunes,8,-101.181099414825,19.7196360515868
1599,1599,2016,,2016/09/05,"08:00:00",COLISIÓN POR CORTE DE CIRCULACIÓN,ASFALTO,Nublado,Bueno,2,FORD,BEIGE,2,,36,MASCULINO,SIN DATOS,0,0,Morelia,La Quemada,septiembre,lunes,8,-101.239389181137,19.7013900054208
1600,1600,2016,,2016/09/05,"09:00:00",COLISIÓN POR CORTE DE CIRCULACIÓN,ASFALTO,Lluvioso,Regular,1,FORD,BLANCO Y ROJO,2,,29,MASCULINO,SIN DATOS,1,0,Morelia,Prados Verdes,septiembre,lunes,9,-101.198651790619,19.7169798233924
1601,1601,2016,,2016/09/05,11:00:00,COLISIÓN CON PEATÓN,ASFALTO,Bueno,Bueno,1,HONDA,NEGRO,2,,34,MASCULINO,SIN DATOS,1,0,Morelia,Arcos del Valle,septiembre,lunes,11,-101.236229538918,19.7076170245938
1602,1602,2016,,2016/09/05,11:30:00,COLISIÓN POR CORTE DE CIRCULACIÓN,CONCRETO,Bueno,Bueno,1,NISSAN,ROJO,1,,56,MASCULINO,SIN DATOS,0,0,Morelia,Cinco de Diciembre,septiembre,lunes,12,-101.165749132633,19.6844627024916
1603,1603,2016,,2016/09/05,12:15:00,COLISIÓN CON PEATÓN,ASFALTO,Bueno,Bueno,3,KENWORTH,BLANCO,3,MINISTERIO PÚBLICO,43,MASCULINO,SIN DATOS,0,0,Morelia,Lomas de Las Americas Sur,septiembre,lunes,12,-101.143612861633,19.6925162106556
1604,1604,2016,,2016/09/05,12:30:00,COLISIÓN POR CORTE DE CIRCULACIÓN,ASFALTO,Nublado,Regular,1,DODGE,PLATA,1,,52,MASCULINO,SIN DATOS,0,0,Morelia,Irrigacion,septiembre,lunes,13,-101.224996447563,19.7048141384168
1605,1605,2016,,2016/09/05,13:00:00,COLISIÓN POR CORTE DE CIRCULACIÓN,ASFALTO,Bueno,Bueno,2,DODGE,ROJO,2,,27,FEMENINO,SIN DATOS,0,0,Morelia,Lomas de Las Americas Norte,septiembre,lunes,13,-101.14770591259,19.6945617220629
1606,1606,2016,,2016/09/05,13:00:00,COLISIÓN CONTRA OBJETO FIJO,CONCRETO,Bueno,Bueno,1,DINA,BLANCO,1,,45,MASCULINO,SIN DATOS,0,0,Morelia,Hacienda del Valle,septiembre,lunes,13,-101.225677728653,19.6655988873679