fid,id_accidente,anio_origen,folio_c5i,dia_incidente,hora_ocurrencia,tipo_incidente_vial,superficie_ocurrencia,condiciones_climaticas,condiciones_via,numero_vehiculos_involucrados,marca_vehiculo_ocasiona_siniestro,color_vehiculo_ocasiona_siniestro,numero_personas_involucradas,lugar_remite_presunto_responsable,edad_presunto_responsable,sexo_presunto_responsable,resultados_toxicologia,numero_personas_lesionadas,numero_personas_fallecidas,municipio,colonia,mes,dia_semana,hora_redondeada,lon,lat
1607,1607,2016,,2016/09/05,13:45:00,COLISIÓN POR CORTE DE CIRCULACIÓN,CONCRETO,Nublado,Bueno,2,NISSAN,ROJO,2,,66,MASCULINO,SIN DATOS,0,0,Morelia,Nueva Chapultepec,septiembre,lunes,14,-101.17213010788,19.690293897035
1608,1608,2016,,2016/09/05,15:00:00,COLISIÓN POR CORTE DE CIRCULACIÓN,CONCRETO,Bueno,Bueno,2,LINCOLN,GRIS,2,,75,MASCULINO,SIN DATOS,0,0,Morelia,Vasco de Quiroga,septiembre,lunes,15,-101.167076826096,19.6999001311652
1609,1609,2016,,2016/09/05,16:00:00,COLISIÓN POR CORTE DE CIRCULACIÓN,ASFALTO,Nublado,Regular,3,NISSAN,BLANCO,2,,34,MASCULINO,SIN DATOS,0,0,Morelia,Libertad,septiembre,lunes,16,-101.236862540245,19.684844047385
1610,1610,2016,,2016/09/05,16:20:00,COLISIÓN CONTRA OBJETO FIJO,ASFALTO,Bueno,Bueno,1,PONTIAC,AZUL,1,,63,MASCULINO,SIN DATOS,0,0,Morelia,Mirador del Punhuato,septiembre,lunes,16,-101.158182621002,19.7032737926711
1611,1611,2016,,2016/09/06,"07:10:00",COLISIÓN POR CORTE DE CIRCULACIÓN,ASFALTO,Bueno,Bueno,2,DODGE,AZUL Y BLANCO,2,,28,MASCULINO,SIN DATOS,0,0,Morelia,Sentimientos de La Nacion,septiembre,martes,7,-101.232066750526,19.6777928082427
1612,1612,2016,,2016/09/06,"08:00:00",COLISIÓN POR CORTE DE CIRCULACIÓN,ASFALTO,Bueno,Bueno,2,KENWORTH,SIN DATOS,2,,,MASCULINO,SIN DATOS,0,0,Morelia,La Soledad,septiembre,martes,8,-101.184639930725,19.7250998650945
1613,1613,2016,,2016/09/06,"08:30:00",COLISIÓN CONTRA OBJETO FIJO,ASFALTO,Bueno,Bueno,2,JEEP,GRIS,1,,,,SIN DATOS,0,0,Morelia,Ventura Puente,septiembre,martes,9,-101.191812157631,19.6930515815986
1614,1614,2016,,2016/09/06,"09:00:00",COLISIÓN POR CORTE DE CIRCULACIÓN,CONCRETO,Bueno,Bueno,2,MERDES BENZ,ROJO,2,,33,FEMENINO,SIN DATOS,0,0,Morelia,Indeco El Vivero,septiembre,martes,9,-101.229760050774,19.6770174560589
1615,1615,2016,,2016/09/06,10:30:00,COLISIÓN POR CORTE DE CIRCULACIÓN,ASFALTO,Bueno,Bueno,2,NISSAN,BLANCO Y ROJO,2,,,FEMENINO,SIN DATOS,0,0,Morelia,Vista Bella,septiembre,martes,11,-101.192364692688,19.6785555288797
1616,1616,2016,,2016/09/06,11:15:00,COLISIÓN POR ALCANCE,ASFALTO,Bueno,Bueno,2,YAMAHA,NEGRO,2,,27,MASCULINO,SIN DATOS,0,0,Morelia,Nueva Jacarndas,septiembre,martes,11,-101.189250648022,19.6819801502948
1617,1617,2016,,2016/09/06,12:00:00,COLISIÓN POR CORTE DE CIRCULACIÓN,ASFALTO,Bueno,Regular,1,NISSAN,BLANCO,0,,,,,0,0,Morelia,Santiaguito,septiembre,martes,12,-101.188623011112,19.7198329945052
1618,1618,2016,,2016/09/06,12:30:00,COLISIÓN POR ALCANCE,ASFALTO,Bueno,Bueno,2,NISSAN,CAFE,2,,40,MASCULINO,SIN DATOS,0,0,Morelia,Centro,septiembre,martes,13,-101.177703738213,19.7032939940228
1619,1619,2016,,2016/09/06,14:05:00,COLISIÓN POR CORTE DE CIRCULACIÓN,ASFALTO,Bueno,Regular,2,VOLKSWAGEN,BLANCO Y AZUL,2,,59,MASCULINO,SIN DATOS,0,0,Morelia,Dr Miguel Silva,septiembre,martes,14,-101.183878183365,19.719312862682
1620,1620,2016,,2016/09/06,15:00:00,COLISIÓN POR CORTE DE CIRCULACIÓN,ASFALTO,Bueno,Bueno,2,TOYOTA,BLANCO,2,,36,MASCULINO,SIN DATOS,0,0,Morelia,Granjas Unidas de Morelia,septiembre,martes,15,-101.278002262115,19.6917535565034
1621,1621,2016,,2016/09/06,17:20:00,COLISIÓN POR CORTE DE CIRCULACIÓN,ASFALTO,Bueno,Bueno,2,SUZUKI,GRIS,2,,76,MASCULINO,SIN DATOS,0,0,Morelia,Niño Artillero,septiembre,martes,17,-101.250257492065,19.6978142839034
1622,1622,2016,,2016/09/06,17:40:00,COLISIÓN POR CORTE DE CIRCULACIÓN,ASFALTO,Bueno,Bueno,2,FORD,BLANCO,2,,34,MASCULINO,SIN DATOS,0,0,Morelia,Alberto Oviedo Mota,septiembre,martes,18,-101.197796165943,19.6812401756144
1624,1624,2016,,2016/09/07,"01:30:00",VOLCADURA,ASFALTO,Bueno,Bueno,1,NISSAN,BLANCO,1,,43,MASCULINO,SIN DATOS,0,0,Carácuaro,Cerrito El Mirador,septiembre,miércoles,2,-101.116608381271,19.0139332747629
1625,1625,2016,,2016/09/07,"02:30:00",CAIDA DE MOTOCICLETA,ASFALTO,Bueno,Bueno,1,ITALIKA,ROJO,0,,,,,0,0,Lázaro Cárdenas,Jose Green,septiembre,miércoles,3,-102.201540470123,17.9654661501097
1626,1626,2016,,2016/09/07,"07:20:00",COLISIÓN POR ALCANCE,ASFALTO,Bueno,Bueno,2,NISSAN,VERDE,2,,39,MASCULINO,CON CERTIFICADO,0,0,Morelia,Rafael Carrillo,septiembre,miércoles,7,-101.236218810081,19.7081068933521
1627,1627,2016,,2016/09/07,"07:30:00",SUBIDA AL CAMELLÓN,ASFALTO,Bueno,Bueno,1,PLYMOUTH,CAFE,1,,45,MASCULINO,SIN DATOS,0,0,Morelia,Arcos del Valle,septiembre,miércoles,8,-101.236342191696,19.7077028779897
1628,1628,2016,,2016/09/07,"08:20:00",COLISIÓN POR CORTE DE CIRCULACIÓN,CONCRETO,Bueno,Bueno,2,NISSAN,GRIS,2,,56,FEMENINO,SIN DATOS,0,0,Morelia,Jardines de Torremolinos,septiembre,miércoles,8,-101.225720643997,19.6786616023231
1629,1629,2016,,2016/09/07,"09:00:00",VOLCADURA,ASFALTO,Bueno,Bueno,1,FORD,AZUL,1,,0,MASCULINO,SIN DATOS,0,0,Puruándiro,Sin datos,septiembre,miércoles,9,-101.627869606018,20.0492794982695
1630,1630,2016,,2016/09/07,10:10:00,CAIDA DE MOTOCICLETA,ASFALTO,Nublado,Bueno,1,HONDA,BLANCO,1,,26,MASCULINO,SIN DATOS,0,0,Morelia,Loma de Los Piñones,septiembre,miércoles,10,-101.203136444092,19.6752419611921
1631,1631,2016,,2016/09/07,10:10:00,COLISIÓN POR CORTE DE CIRCULACIÓN,ASFALTO,Bueno,Bueno,2,HONDA,BLANCO,2,,26,MASCULINO,SIN DATOS,0,0,Morelia,Santa Maria,septiembre,miércoles,10,-101.201918050647,19.6778306918037
1632,1632,2016,,2016/09/07,11:30:00,COLISIÓN POR CORTE DE CIRCULACIÓN,ASFALTO,Nublado,Regular,2,V.W.,PLATA,2,,48,MASCULINO,SIN DATOS,0,0,Morelia,Jardines de La Loma,septiembre,miércoles,12,-101.224722862244,19.6768191976505
1633,1633,2016,,2016/09/07,12:40:00,SUBIDA AL CAMELLÓN,ASFALTO,Bueno,Bueno,1,NISSAN,PLATINO,1,,55,MASCULINO,SIN DATOS,0,0,Morelia,Nicolaitas Ilustres,septiembre,miércoles,13,-101.226106882095,19.7230547442037
1634,1634,2016,,2016/09/07,14:00:00,COLISIÓN POR CORTE DE CIRCULACIÓN,ASFALTO,Bueno,Regular,2,DODGE,OCRE,2,,45,FEMENINO,SIN DATOS,0,0,Morelia,Isaac Arriaga,septiembre,miércoles,14,-101.166529655457,19.7098542480429
1635,1635,2016,,2016/09/07,15:20:00,COLISIÓN CON PEATÓN,CONCRETO,Bueno,Bueno,1,HONDA,BLANCO,2,,19,MASCULINO,SIN DATOS,1,0,Morelia,Eva Samano,septiembre,miércoles,15,-101.201717555523,19.7283959894181
1636,1636,2016,,2016/09/07,19:00:00,COLISIÓN POR CORTE DE CIRCULACIÓN,ASFALTO,Bueno,Bueno,2,JEEP,BLANCO,2,,34,FEMENINO,SIN DATOS,0,0,Morelia,Primo Tapia,septiembre,miércoles,19,-101.211848258972,19.7091068269855
1637,1637,2016,,2016/09/07,19:40:00,COLISIÓN POR CORTE DE CIRCULACIÓN,CONCRETO,Bueno,Bueno,2,V.W.,PLATA,2,,34,FEMENINO,SIN DATOS,0,0,Morelia,Guadalupe,septiembre,miércoles,20,-101.226930320263,19.7082306228527
1638,1638,2016,,2016/09/07,20:30:00,COLISIÓN POR CORTE DE CIRCULACIÓN,ASFALTO,Bueno,Bueno,2,NISSAN,SD,10,,0,,SIN DATOS,8,0,Tacámbaro,Sin datos,septiembre,miércoles,21,-101.497428417206,19.1215712261952
1639,1639,2016,,2016/09/07,21:50:00,COLISIÓN POR CORTE DE CIRCULACIÓN,ASFALTO,Bueno,Bueno,2,DATSUN,AMARILLO,2,,49,MASCULINO,CON CERTIFICADO,0,0,Morelia,Alberto Oviedo Mota,septiembre,miércoles,22,-101.201977729797,19.6778635242161
1640,1640,2016,,2016/09/08,"00:00:00",SALIDA DE SUPERFICIE DE RODAMIENTO,ASFALTO,Lluvioso,Bueno,1,OLDSMOBILE,BLANCO,1,,27,MASCULINO,SIN DATOS,0,0,Morelia,Justo Mendoza,septiembre,jueves,0,-101.232608556747,19.7126267456436
1641,1641,2016,,2016/09/08,"00:40:00",COLISIÓN POR CORTE DE CIRCULACIÓN,ASFALTO,Bueno,Bueno,2,FORD,GRIS,2,,34,MASCULINO,SIN DATOS,0,0,Tangamandapio,Sin datos,septiembre,jueves,1,-102.38174200058,19.9211075376461
1642,1642,2016,,2016/09/08,"05:00:00",SUBIDA AL CAMELLÓN,ASFALTO,Bueno,Bueno,1,CHEVROLET,ROJO,0,,,,,0,0,Morelia,Nicolaitas Ilustres,septiembre,jueves,5,-101.228317022324,19.7194138592849
1643,1643,2016,,2016/09/08,"07:00:00",VOLCADURA,ADOQUIN_EMPEDRADO,Bueno,Bueno,1,KENWORTH,GUINDA,1,MINISTERIO PÚBLICO,,,SIN DATOS,0,0,Cuitzeo,Los Granados,septiembre,jueves,7,-101.139888614416,19.9731433343821
1644,1644,2016,,2016/09/08,"08:10:00",COLISIÓN POR ALCANCE,ASFALTO,Bueno,Bueno,2,CHEVROLET,NEGRO,2,,29,MASCULINO,SIN DATOS,0,0,Morelia,Alberto Oviedo Mota,septiembre,jueves,8,-101.202304959297,19.6772624374475
1645,1645,2016,,2016/09/08,"08:50:00",COLISIÓN POR CORTE DE CIRCULACIÓN,ASFALTO,Bueno,Bueno,2,CHEVROLET,ROJO,2,,40,MASCULINO,SIN DATOS,0,0,Morelia,Santiaguito,septiembre,jueves,9,-101.189070940018,19.7153158708907
1646,1646,2016,,2016/09/08,"09:30:00",COLISIÓN POR CORTE DE CIRCULACIÓN,ASFALTO,Bueno,Bueno,2,HONDA,PLATA,2,,61,FEMENINO,SIN DATOS,0,0,Morelia,Nicolas Bravo(Los Ejidos),septiembre,jueves,10,-101.213737875223,19.7023154881216
1647,1647,2016,,2016/09/08,14:50:00,COLISIÓN POR CORTE DE CIRCULACIÓN,ASFALTO,Bueno,Bueno,2,Chevrolet,Azul,2,,44,,SIN DATOS,0,0,Apatzingán,Independencia,septiembre,jueves,15,-102.354533672333,19.0955630163358
1648,1648,2016,,2016/09/08,15:00:00,COLISIÓN CONTRA OBJETO FIJO,CONCRETO,Bueno,Bueno,1,CHEVROLET,CAFE,0,MINISTERIO PÚBLICO,,,,0,0,Cuitzeo,Mariano Escobedo,septiembre,jueves,15,-101.06188595295,19.9668699953525
1649,1649,2016,,2016/09/08,16:40:00,COLISIÓN POR CORTE DE CIRCULACIÓN,CONCRETO,Bueno,Bueno,2,Italika,Rojo,3,,25,MASCULINO,SIN DATOS,1,0,Apatzingán,Bonifacio Moreno,septiembre,jueves,17,-102.35837996006,19.0881566955324
1650,1650,2016,,2016/09/08,18:10:00,COLISIÓN POR ALCANCE,ASFALTO,Bueno,Bueno,2,RENAULT,GRIS,2,,42,MASCULINO,SIN DATOS,0,0,Morelia,Villa Universidad,septiembre,jueves,18,-101.203538775444,19.6861976881513
1651,1651,2016,,2016/09/08,19:40:00,SALIDA DE SUPERFICIE DE RODAMIENTO,ASFALTO,Lluvioso,Regular,1,CHEVROLET,AZUL,1,,37,MASCULINO,SIN DATOS,0,0,Morelia,Ampliacion La Soledad,septiembre,jueves,20,-101.181131601334,19.737471025914
1652,1652,2016,,2016/09/08,19:40:00,SALIDA DE SUPERFICIE DE RODAMIENTO,ASFALTO,Lluvioso,Malo,1,DODGE,BLANCO,1,,43,MASCULINO,CON CERTIFICADO,0,0,Morelia,Rafael Carrillo,septiembre,jueves,20,-101.234164237976,19.7107986196543
1653,1653,2016,,2016/09/08,20:00:00,COLISIÓN POR CORTE DE CIRCULACIÓN,ASFALTO,Bueno,Bueno,2,MERCEDES BENZ,BLANCO/ROJO,2,,,,SIN DATOS,0,0,Morelia,Camelinas,septiembre,jueves,20,-101.167379915714,19.6833161368794
1654,1654,2016,,2016/09/08,20:30:00,COLISIÓN POR CORTE DE CIRCULACIÓN,CONCRETO,Bueno,Bueno,2,SEAT,NEGRO,2,,65,MASCULINO,SIN DATOS,0,0,Morelia,Centro,septiembre,jueves,21,-101.198464035988,19.7030970307353
1655,1655,2016,,2016/09/08,21:30:00,COLISIÓN POR ALCANCE,ASFALTO,Nublado,Bueno,2,VOLKSWAGEN,GRIS,2,,46,MASCULINO,CON CERTIFICADO,0,0,Morelia,Loma de Los Piñones,septiembre,jueves,22,-101.203528046608,19.6749742461768
1656,1656,2016,,2016/09/08,21:50:00,COLISIÓN POR CORTE DE CIRCULACIÓN,ASFALTO,Lluvioso,Bueno,2,FORD,BLANCO,2,,46,MASCULINO,SIN DATOS,0,0,Morelia,Cuauhtemoc,septiembre,jueves,22,-101.1819845438,19.6940869637199
1657,1657,2016,,2016/09/09,"06:30:00",COLISIÓN POR ALCANCE,ASFALTO,Bueno,Bueno,2,VOLKSWAGEN,BLANCO,2,,36,MASCULINO,CON CERTIFICADO,0,0,Morelia,Dr Miguel Silva,septiembre,viernes,7,-101.184200048447,19.7151416472448
1658,1658,2016,,2016/09/09,"07:20:00",COLISIÓN POR CORTE DE CIRCULACIÓN,ASFALTO,Bueno,Bueno,2,NISSAN,BLANCO,2,,56,MASCULINO,SIN DATOS,0,0,Morelia,Rinconada del Valle,septiembre,viernes,7,-101.217416524887,19.6810204555119
1659,1659,2016,,2016/09/09,"08:10:00",COLISIÓN CON PEATÓN,ASFALTO,Bueno,Bueno,1,KTM,NEGRO,2,,25,MASCULINO,SIN DATOS,1,0,Morelia,Fidel Velazquez,septiembre,viernes,8,-101.236320734024,19.7020617069041
1660,1660,2016,,2016/09/09,"08:40:00",COLISIÓN POR CORTE DE CIRCULACIÓN,ASFALTO,Bueno,Regular,2,KENWORTH,ROJO,2,,23,MASCULINO,SIN DATOS,0,0,Morelia,Diego Rivera,septiembre,viernes,9,-101.17583155632,19.7181387724902
1661,1661,2016,,2016/09/09,10:23:00,COLISIÓN POR ALCANCE,ASFALTO,Bueno,Bueno,2,CHEVROLET,BLANCO,1,,20,MASCULINO,SIN DATOS,0,0,Morelia,Nicolas Bravo(Los Ejidos),septiembre,viernes,10,-101.224877089262,19.7045843500746
1662,1662,2016,,2016/09/09,10:30:00,COLISIÓN POR CORTE DE CIRCULACIÓN,ASFALTO,Bueno,Bueno,2,CHEVROLET,PLATA,2,,25,MASCULINO,SIN DATOS,0,0,Morelia,San Rafael,septiembre,viernes,11,-101.153861582279,19.699794071791
1663,1663,2016,,2016/09/09,11:00:00,COLISIÓN CONTRA OBJETO FIJO,ASFALTO,Bueno,Regular,2,CHEVROLET,GRIS,2,,23,MASCULINO,SIN DATOS,0,0,Morelia,Cuauhtemoc,septiembre,viernes,11,-101.18375480175,19.6983950915621
1664,1664,2016,,2016/09/09,12:00:00,SALIDA DE SUPERFICIE DE RODAMIENTO,ASFALTO,Bueno,Regular,1,BMW,NEGRO,1,,32,MASCULINO,SIN DATOS,0,0,Zinapécuaro,Sin datos,septiembre,viernes,12,-100.853633880615,19.8597272347433
1665,1665,2016,,2016/09/09,12:30:00,COLISIÓN POR CORTE DE CIRCULACIÓN,CONCRETO,Bueno,Malo,2,FREIGHTLINER,BLANCO,2,,32,MASCULINO,SIN DATOS,0,0,Morelia,Francisco Javier Mina,septiembre,viernes,13,-101.217944920063,19.7117518233129
1666,1666,2016,,2016/09/09,15:20:00,COLISIÓN POR CORTE DE CIRCULACIÓN,CONCRETO,Bueno,Bueno,2,NISSAN,AZUL,2,,43,FEMENINO,SIN DATOS,0,0,Morelia,Chapultepec Norte,septiembre,viernes,15,-101.176102459431,19.6943344443084
1667,1667,2016,,2016/09/09,15:20:00,COLISIÓN POR CORTE DE CIRCULACIÓN,CONCRETO,Bueno,Bueno,2,FORD,BLANCO,2,,47,MASCULINO,SIN DATOS,0,0,Morelia,Primaveras,septiembre,viernes,15,-101.225692480803,19.6830484353563
1668,1668,2016,,2016/09/09,15:20:00,COLISIÓN POR ALCANCE,ASFALTO,Bueno,Regular,2,NISSAN,BLANCO Y ROJO,2,,23,MASCULINO,SIN DATOS,0,0,Morelia,Isaac Arriaga,septiembre,viernes,15,-101.171666756272,19.7075766229797
1669,1669,2016,,2016/09/09,16:00:00,COLISIÓN POR CORTE DE CIRCULACIÓN,ASFALTO,Bueno,Bueno,2,NISSAN,GRIS,0,,,,,0,0,Zinapécuaro,Sin Nombre,septiembre,viernes,16,-100.842969417572,19.8621691802407
1670,1670,2016,,2016/09/09,16:40:00,COLISIÓN POR ALCANCE,CONCRETO,Bueno,Regular,2,NISSAN,HIERRO,2,,33,MASCULINO,SIN DATOS,0,0,Morelia,Ampliacion La Soledad,septiembre,viernes,17,-101.184830367565,19.7293591871729
1671,1671,2016,,2016/09/09,17:25:00,COLISIÓN POR CORTE DE CIRCULACIÓN,ASFALTO,Bueno,Bueno,3,DINA,AZUL,3,,66,MASCULINO,SIN DATOS,0,0,Morelia,Enrique Arreguin Robles,septiembre,viernes,17,-101.1880838871,19.7215347732058
1672,1672,2016,,2016/09/09,17:50:00,VOLCADURA,ASFALTO,Bueno,Bueno,1,INTERNATIONAL,ROJO,1,,28,MASCULINO,SIN DATOS,0,0,Morelia,Sin datos,septiembre,viernes,18,-101.099624633789,19.7306341844441
1673,1673,2016,,2016/09/09,18:00:00,COLISIÓN POR ALCANCE,ASFALTO,Bueno,Bueno,2,VOLKSWAGEN,NEGRO,2,,28,MASCULINO,SIN DATOS,0,0,Morelia,Quinceo,septiembre,viernes,18,-101.223167181015,19.7269278275409
1674,1674,2016,,2016/09/09,18:25:00,COLISIÓN POR CORTE DE CIRCULACIÓN,ASFALTO,Bueno,Regular,2,VOLKSWAGEN,ROJO,2,,43,FEMENINO,SIN DATOS,0,0,Morelia,Plan de La Garita,septiembre,viernes,18,-101.184924244881,19.7125913953392
1675,1675,2016,,2016/09/09,19:40:00,COLISIÓN POR CORTE DE CIRCULACIÓN,CONCRETO,Bueno,Regular,2,INTERNATIONAL,AMARILLO,2,,33,MASCULINO,SIN DATOS,0,0,Morelia,Centro,septiembre,viernes,20,-101.191420555115,19.7047686858038
1676,1676,2016,,2016/09/09,19:40:00,COLISIÓN POR ALCANCE,ASFALTO,Bueno,Bueno,4,NISSAN,GRIS,4,,18,MASCULINO,SIN DATOS,0,0,Morelia,Avicola Benito Juarez,septiembre,viernes,20,-101.279515028,19.6914757676645
1677,1677,2016,,2016/09/09,20:30:00,COLISIÓN POR ALCANCE,ASFALTO,Bueno,Regular,2,FORD,GRIS,2,,30,MASCULINO,SIN DATOS,0,0,Morelia,Campestre Los Manantiales,septiembre,viernes,21,-101.236774027348,19.6895021903555
1678,1678,2016,,2016/09/09,21:30:00,COLISIÓN POR CORTE DE CIRCULACIÓN,CONCRETO,Bueno,Bueno,2,MERDES BENZ,BLANCO Y VERDE,2,,62,MASCULINO,SIN DATOS,0,0,Morelia,Morelos,septiembre,viernes,22,-101.207896023989,19.7006337065789
1679,1679,2016,,2016/09/09,21:40:00,COLISIÓN POR CORTE DE CIRCULACIÓN,ASFALTO,Bueno,Bueno,2,CHEVROLET,BLANCO,1,,30,MASCULINO,SIN DATOS,0,0,Morelia,Primaveras,septiembre,viernes,22,-101.225699186325,19.6788333401301
1680,1680,2016,,2016/09/09,22:20:00,COLISIÓN POR CORTE DE CIRCULACIÓN,ASFALTO,Bueno,Bueno,2,DODGE,GRIS,2,,51,MASCULINO,CON CERTIFICADO,0,0,Morelia,Victor Manuel Tinoco Rubi,septiembre,viernes,22,-101.243401765823,19.7003849731235
1681,1681,2016,,2016/09/09,22:30:00,VOLCADURA,TERRACERIA,Bueno,Malo,1,FORD RANGER,VERDE,2,MINISTERIO PÚBLICO,0,,SIN DATOS,0,1,Ario,Centro,septiembre,viernes,23,-101.707693,19.206562
1682,1682,2016,,2016/09/09,22:45:00,COLISIÓN POR CORTE DE CIRCULACIÓN,CONCRETO,Bueno,Regular,2,NISSAN,BLANCO Y ROJO,2,,38,MASCULINO,CON CERTIFICADO,0,0,Morelia,Chapultepec Oriente,septiembre,viernes,23,-101.159384250641,19.6899453950555
1683,1683,2016,,2016/09/10,"00:40:00",COLISIÓN CONTRA OBJETO FIJO,ASFALTO,Bueno,Bueno,2,PEUGEOT,BLANCO,2,MINISTERIO PÚBLICO,41,,SIN DATOS,0,0,Morelia,El Lago 2,septiembre,sábado,1,-101.213711053133,19.7264910373108
1684,1684,2016,,2016/09/10,"00:45:00",COLISIÓN POR CORTE DE CIRCULACIÓN,ASFALTO,Bueno,Bueno,2,V.W.,BLANCO,2,,33,MASCULINO,CON CERTIFICADO,0,0,Morelia,El Lago 3,septiembre,sábado,1,-101.21931552887,19.7272812985294
1685,1685,2016,,2016/09/10,"02:40:00",COLISIÓN CONTRA OBJETO FIJO,CONCRETO,Bueno,Bueno,2,HONDA,BLANCO,2,,46,MASCULINO,SIN DATOS,0,0,Morelia,Club Campestre La Huerta,septiembre,sábado,3,-101.232507303357,19.669521349625
1686,1686,2016,,2016/09/10,"04:00:00",COLISIÓN POR CORTE DE CIRCULACIÓN,CONCRETO,Bueno,Regular,2,MERCEDES BENZ,NEGRO,2,,,,SIN DATOS,0,0,Morelia,Industrial,septiembre,sábado,4,-101.19745016098,19.7131014489742
1687,1687,2016,,2016/09/10,"05:00:00",COLISIÓN POR CORTE DE CIRCULACIÓN,CONCRETO,Bueno,Bueno,1,RENAULT,GRIS,1,,41,MASCULINO,SIN DATOS,0,0,Morelia,Montaña Monarca,septiembre,sábado,5,-101.164770126343,19.6657655876522
1688,1688,2016,,2016/09/10,"05:20:00",COLISIÓN POR CORTE DE CIRCULACIÓN,CONCRETO,Bueno,Regular,2,CHEVROLET,AZUL,2,,28,FEMENINO,SIN DATOS,0,0,Morelia,Centro,septiembre,sábado,5,-101.194137632847,19.705652484295
1689,1689,2016,,2016/09/10,"06:18:00",COLISIÓN CONTRA OBJETO FIJO,CONCRETO,Bueno,Bueno,1,MINI,GRIS,1,,41,MASCULINO,SIN DATOS,0,0,Morelia,Ferrocarrilero,septiembre,sábado,6,-101.222705841064,19.692632376201
1690,1690,2016,,2016/09/10,"07:45:00",COLISIÓN POR CORTE DE CIRCULACIÓN,CONCRETO,Bueno,Bueno,1,NISSAN,BLANCO AZUL,1,,50,MASCULINO,SIN DATOS,0,0,Morelia,Camelinas,septiembre,sábado,8,-101.171086728573,19.6812376500977
1691,1691,2016,,2016/09/10,"09:30:00",COLISIÓN POR CORTE DE CIRCULACIÓN,ASFALTO,Bueno,Bueno,2,V.W,VERDE,2,,51,MASCULINO,SIN DATOS,0,0,Morelia,Sentimientos de La Nacion,septiembre,sábado,10,-101.235229074955,19.6806542546713
1692,1692,2016,,2016/09/10,10:45:00,COLISIÓN CONTRA OBJETO FIJO,ASFALTO,Bueno,Bueno,3,HONDA,COBRE,3,,17,FEMENINO,SIN DATOS,0,0,Morelia,Industrial,septiembre,sábado,11,-101.198018789291,19.7071019032502
1693,1693,2016,,2016/09/10,14:00:00,COLISIÓN POR ALCANCE,ASFALTO,Bueno,Bueno,2,YAMAHA,BLANCO,3,,28,MASCULINO,SIN DATOS,1,0,Tacámbaro,Sin datos,septiembre,sábado,14,-101.454792022705,19.3051896315366
1694,1694,2016,,2016/09/10,14:20:00,COLISIÓN POR CORTE DE CIRCULACIÓN,ASFALTO,Bueno,Bueno,2,NISSAN,BLANCO,2,,46,MASCULINO,SIN DATOS,0,0,Morelia,Lazaro Cardenas,septiembre,sábado,14,-101.164145171642,19.7086245365438
1695,1695,2016,,2016/09/10,14:40:00,COLISIÓN POR ALCANCE,CONCRETO,Bueno,Bueno,2,NISSAN,BLANCO/ROJO,2,,,MASCULINO,SIN DATOS,0,0,Morelia,Indeco Expropiacion Petrolera,septiembre,sábado,15,-101.225709915161,19.6863365872095
1696,1696,2016,,2016/09/10,15:10:00,COLISIÓN POR ALCANCE,ASFALTO,Bueno,Regular,2,DODGE,AZUL/BLANCO,2,,33,MASCULINO,SIN DATOS,0,0,Morelia,Valle de Las Rosas,septiembre,sábado,15,-101.240169033408,19.6919173885586
1697,1697,2016,,2016/09/10,15:10:00,COLISIÓN POR CORTE DE CIRCULACIÓN,ASFALTO,Bueno,Bueno,2,V.W,GRIS,2,,48,MASCULINO,SIN DATOS,0,0,Morelia,Comision Federal de Electricidad,septiembre,sábado,15,-101.179251372814,19.6846685278283
1698,1698,2016,,2016/09/10,15:20:00,COLISIÓN POR CORTE DE CIRCULACIÓN,ASFALTO,Bueno,Bueno,2,V.W,BLANCO,2,,24,MASCULINO,CON CERTIFICADO,0,0,Morelia,Elias Perez Avalos,septiembre,sábado,15,-101.170975416899,19.7145040880817
1699,1699,2016,,2016/09/10,16:40:00,COLISIÓN POR CORTE DE CIRCULACIÓN,CONCRETO,Bueno,Bueno,3,MERDES BENZ,AMARILLO,1,,32,MASCULINO,SIN DATOS,0,0,Morelia,Centro,septiembre,sábado,17,-101.200613155961,19.701226498712
1700,1700,2016,,2016/09/10,18:00:00,COLISIÓN POR CORTE DE CIRCULACIÓN,ASFALTO,Bueno,Malo,2,CHEVROLET,BLANCO,2,,40,MASCULINO,SIN DATOS,0,0,Morelia,Ana Maria Gallaga (Riviera Norte),septiembre,sábado,18,-101.222448348999,19.6767143857814
1701,1701,2016,,2016/09/10,18:40:00,COLISIÓN POR CORTE DE CIRCULACIÓN,ASFALTO,Bueno,Bueno,2,V.W,NEGRO,2,,76,MASCULINO,SIN DATOS,0,0,Morelia,El Realito,septiembre,sábado,19,-101.204303205013,19.7256957225538
1702,1702,2016,,2016/09/10,18:50:00,COLISIÓN CONTRA OBJETO FIJO,ASFALTO,Bueno,Bueno,1,NISSAN,AZUL,1,,22,MASCULINO,SIN DATOS,0,0,Pátzcuaro,Centro,septiembre,sábado,19,-101.610488891602,19.5306715638253
1703,1703,2016,,2016/09/10,19:30:00,COLISIÓN CONTRA OBJETO FIJO,ASFALTO,Bueno,Bueno,1,V.W,BLANCO,1,,,MASCULINO,SIN DATOS,0,0,Morelia,Francisco J Mujica,septiembre,sábado,20,-101.189081668854,19.7219892510988