fid,id_accidente,anio_origen,folio_c5i,dia_incidente,hora_ocurrencia,tipo_incidente_vial,superficie_ocurrencia,condiciones_climaticas,condiciones_via,numero_vehiculos_involucrados,marca_vehiculo_ocasiona_siniestro,color_vehiculo_ocasiona_siniestro,numero_personas_involucradas,lugar_remite_presunto_responsable,edad_presunto_responsable,sexo_presunto_responsable,resultados_toxicologia,numero_personas_lesionadas,numero_personas_fallecidas,municipio,colonia,mes,dia_semana,hora_redondeada,lon,lat
1704,1704,2016,,2016/09/10,21:00:00,COLISIÓN POR ALCANCE,CONCRETO,Bueno,Regular,2,BENOTTO,NEGRO,1,,44,FEMENINO,SIN DATOS,0,0,Morelia,Centro,septiembre,sábado,21,-101.18868470192,19.7091421780602
1705,1705,2016,,2016/09/10,21:00:00,COLISIÓN POR CORTE DE CIRCULACIÓN,CONCRETO,Bueno,Bueno,2,FORD,GRIS,2,,51,MASCULINO,SIN DATOS,0,0,Morelia,Felix Ireta,septiembre,sábado,21,-101.180241107941,19.6880917558381
1706,1706,2016,,2016/09/10,21:45:00,COLISIÓN CON PEATÓN,CONCRETO,Bueno,Bueno,1,VOLKSWAGEN,BLANCO,2,MINISTERIO PÚBLICO,53,MASCULINO,CON CERTIFICADO,1,0,Lázaro Cárdenas,Revolucion,septiembre,sábado,22,-102.202304899693,18.0207967496648
1707,1707,2016,,2016/09/10,21:45:00,COLISIÓN POR CORTE DE CIRCULACIÓN,ASFALTO,Bueno,Bueno,1,NISSAN,BLANCO,1,,22,MASCULINO,SIN DATOS,0,0,Morelia,Ampliacion La Soledad,septiembre,sábado,22,-101.181743144989,19.7371781686898
1708,1708,2016,,2016/09/10,22:20:00,COLISIÓN POR CORTE DE CIRCULACIÓN,ASFALTO,Bueno,Bueno,2,NISSAN,AZUL,2,,,MASCULINO,SIN DATOS,0,0,Morelia,Libertad,septiembre,sábado,22,-101.237844228745,19.6868543008197
1709,1709,2016,,2016/09/10,22:50:00,COLISIÓN POR ALCANCE,CONCRETO,Bueno,Bueno,2,V.W.,VERDE,2,,35,MASCULINO,SIN DATOS,0,0,Morelia,El Lago 3,septiembre,sábado,23,-101.219326257706,19.7273822900967
1710,1710,2016,,2016/09/11,"02:20:00",COLISIÓN POR CORTE DE CIRCULACIÓN,ASFALTO,Bueno,Bueno,2,NISSAN,BLANCO,2,,32,MASCULINO,SIN DATOS,0,0,Morelia,San Pascual,septiembre,domingo,2,-101.267305612564,19.6952334522064
1711,1711,2016,,2016/09/11,"02:30:00",COLISIÓN CONTRA OBJETO FIJO,ASFALTO,Bueno,Bueno,1,VOLKSWAGEN,GRIS,1,,,,SIN DATOS,0,0,Morelia,Loma del Salto,septiembre,domingo,3,-101.200346946716,19.6593045619407
1712,1712,2016,,2016/09/11,"03:15:00",COLISIÓN CONTRA OBJETO FIJO,ASFALTO,Bueno,Bueno,1,NISSAN,GRIS,1,,,,SIN DATOS,0,0,Morelia,El Lago 3,septiembre,domingo,3,-101.219385266304,19.727331794321
1713,1713,2016,,2016/09/11,"06:20:00",COLISIÓN POR CORTE DE CIRCULACIÓN,ASFALTO,Bueno,Bueno,1,CHEVROLET,GRIS,1,,,,SIN DATOS,0,0,Morelia,Lomas de Huerta,septiembre,domingo,6,-101.210158467293,19.6723829437613
1714,1714,2016,,2016/09/11,"07:50:00",COLISIÓN CON PEATÓN,ASFALTO,Bueno,Bueno,1,SIN DATOS,SIN DATOS,2,,,,SIN DATOS,1,0,Morelia,Comision Federal de Electricidad,septiembre,domingo,8,-101.181421279907,19.6815407118184
1715,1715,2016,,2016/09/11,"09:40:00",SALIDA DE SUPERFICIE DE RODAMIENTO,ASFALTO,Bueno,Bueno,1,DODGE,BLANCO Y AZUL,1,,30,FEMENINO,SIN DATOS,0,0,Morelia,Sin datos,septiembre,domingo,10,-101.29111289978,19.5997387315668
1716,1716,2016,,2016/09/11,11:00:00,COLISIÓN POR CORTE DE CIRCULACIÓN,ASFALTO,Bueno,Bueno,2,NISSAN,BLANCO,2,,27,MASCULINO,SIN DATOS,0,0,Morelia,Fidel Velazquez,septiembre,domingo,11,-101.234695315361,19.7024758372406
1717,1717,2016,,2016/09/11,18:35:00,COLISIÓN POR ALCANCE,ASFALTO,Nublado,Bueno,1,HONDA,ROJO,1,,20,MASCULINO,SIN DATOS,0,0,Morelia,El Dorado,septiembre,domingo,19,-101.230586841702,19.7023861932647
1718,1718,2016,,2016/09/11,20:00:00,COLISIÓN POR CORTE DE CIRCULACIÓN,ASFALTO,Bueno,Bueno,2,ITALIKA,NEGRO Y MARANJA,2,,36,MASCULINO,SIN DATOS,0,0,Morelia,Vasco de Quiroga,septiembre,domingo,20,-101.168321371078,19.6967183193625
1719,1719,2016,,2016/09/11,21:40:00,COLISIÓN CONTRA OBJETO FIJO,ASFALTO,Bueno,Bueno,1,VOLKSWAGEN,ROJO,1,,23,MASCULINO,SIN DATOS,0,0,Morelia,Loma Bonita,septiembre,domingo,22,-101.197231560946,19.7244522463108
1720,1720,2016,,2016/09/11,22:00:00,COLISIÓN POR CORTE DE CIRCULACIÓN,ASFALTO,Bueno,Bueno,2,VOLKSWAGEN,BLANCO,1,,19,FEMENINO,SIN DATOS,0,0,Morelia,Cosmos,septiembre,domingo,22,-101.216477751732,19.6835004971021
1721,1721,2016,,2016/09/11,22:25:00,COLISIÓN POR CORTE DE CIRCULACIÓN,ASFALTO,Bueno,Bueno,2,V.W.,ROJO,4,,23,MASCULINO,SIN DATOS,2,0,Morelia,Avicola Benito Juarez,septiembre,domingo,22,-101.279547214508,19.6915464775965
1722,1722,2016,,2016/09/11,23:20:00,COLISIÓN POR CORTE DE CIRCULACIÓN,ASFALTO,Lluvioso,Bueno,2,JEEP,AMARILLO,3,,28,MASCULINO,SIN DATOS,1,0,Morelia,Felix Ireta,septiembre,domingo,23,-101.191565394402,19.6825256584505
1723,1723,2016,,2016/09/11,23:40:00,COLISIÓN POR CORTE DE CIRCULACIÓN,ASFALTO,Bueno,Regular,2,DODGE,BLANCO,2,,37,MASCULINO,SIN DATOS,0,0,Morelia,Francisco J Mujica,septiembre,domingo,0,-101.18762254715,19.7224437276995
1724,1724,2016,,2016/09/12,"00:10:00",COLISIÓN POR ALCANCE,ASFALTO,Bueno,Bueno,2,NISSAN,BLANCO,2,,47,MASCULINO,SIN DATOS,0,0,Morelia,Campestre Los Manantiales,septiembre,lunes,0,-101.238096356392,19.6879149771353
1725,1725,2016,,2016/09/12,"02:00:00",COLISIÓN CONTRA OBJETO FIJO,ASFALTO,Bueno,Bueno,1,NISSAN,ROJO,1,,24,MASCULINO,SIN DATOS,0,0,Morelia,Centro,septiembre,lunes,2,-101.197906136513,19.7066322323442
1726,1726,2016,,2016/09/12,"02:35:00",COLISIÓN POR ALCANCE,ASFALTO,Bueno,Bueno,2,FORD,AZUL,2,,25,MASCULINO,CON CERTIFICADO,0,0,Morelia,Lomas de Guayangareo,septiembre,lunes,3,-101.159598827362,19.7040515428685
1727,1727,2016,,2016/09/12,"04:00:00",COLISIÓN CONTRA OBJETO FIJO,ASFALTO,Bueno,Bueno,1,NISSAN,BLANCO,0,,,,,0,0,Morelia,Los Angeles,septiembre,lunes,4,-101.177644729614,19.7401269134601
1728,1728,2016,,2016/09/12,"04:30:00",COLISIÓN POR CORTE DE CIRCULACIÓN,ASFALTO,Bueno,Bueno,2,NISSAN,BLANCO,2,,42,MASCULINO,SIN DATOS,0,0,Morelia,Ignacio Zaragoza,septiembre,lunes,5,-101.203329563141,19.7245873249092
1729,1729,2016,,2016/09/12,"06:30:00",SUBIDA AL CAMELLÓN,ASFALTO,Bueno,Bueno,1,DODGE,NEGRO,1,,52,MASCULINO,SIN DATOS,0,0,Morelia,El Lago 1,septiembre,lunes,7,-101.219358444214,19.7276221448134
1730,1730,2016,,2016/09/12,"07:25:00",SALIDA DE SUPERFICIE DE RODAMIENTO,ASFALTO,Bueno,Bueno,1,GMC YUKON,BLANCO,4,MINISTERIO PÚBLICO,0,,SIN DATOS,3,0,Ario,Sin datos,septiembre,lunes,7,-101.6685962677,19.2450124713408
1731,1731,2016,,2016/09/12,17:40:00,COLISIÓN CONTRA OBJETO FIJO,ASFALTO,Nublado,Bueno,2,NISSAN,GRIS,2,,,FEMENINO,SIN DATOS,0,0,Morelia,Eduardo Ruiz,septiembre,lunes,18,-101.217183172703,19.7186942570966
1732,1732,2016,,2016/09/12,21:00:00,COLISIÓN POR ALCANCE,ASFALTO,Bueno,Bueno,2,NISSAN,BLANCO,2,,24,MASCULINO,SIN DATOS,0,0,Morelia,Centro,septiembre,lunes,21,-101.195755004883,19.6970415539245
1733,1733,2016,,2016/09/13,15:00:00,COLISIÓN CONTRA OBJETO FIJO,ASFALTO,Bueno,Regular,1,CHEVROLET,GRIS,1,,,,SIN DATOS,0,0,Zinapécuaro,Sin Nombre,septiembre,martes,15,-100.845050811768,19.8630369699997
1734,1734,2016,,2016/09/13,15:20:00,COLISIÓN POR CORTE DE CIRCULACIÓN,ASFALTO,Bueno,Bueno,2,V.W.,NEGRO,2,,26,FEMENINO,SIN DATOS,0,0,Morelia,Tanganxoan (Guadalupe Victoria),septiembre,martes,15,-101.285297870636,19.6901979327975
1735,1735,2016,,2016/09/13,16:00:00,COLISIÓN POR CORTE DE CIRCULACIÓN,ASFALTO,Bueno,Bueno,2,FORD,GUINDA,2,,31,MASCULINO,SIN DATOS,0,0,Morelia,Indeco Santiaguito,septiembre,martes,16,-101.178792715073,19.7202294045156
1736,1736,2016,,2016/09/13,16:45:00,COLISIÓN POR ALCANCE,CONCRETO,Nublado,Bueno,4,V.W.,BEIGE,3,,32,MASCULINO,SIN DATOS,0,0,Morelia,Lazaro Cardenas,septiembre,martes,17,-101.164662837982,19.7092229804872
1737,1737,2016,,2016/09/13,17:00:00,COLISIÓN POR CORTE DE CIRCULACIÓN,CONCRETO,Bueno,Bueno,2,HONDA,ROJO,2,,18,MASCULINO,SIN DATOS,0,0,Morelia,Molino de Parras,septiembre,martes,17,-101.200243011117,19.6941147421724
1738,1738,2016,,2016/09/13,17:20:00,COLISIÓN POR CORTE DE CIRCULACIÓN,ASFALTO,Bueno,Bueno,2,HONDA,NEGRO,2,,33,FEMENINO,SIN DATOS,0,0,Morelia,Centenario (Los Alamos Ii),septiembre,martes,17,-101.178733706474,19.7384303820251
1739,1739,2016,,2016/09/13,17:50:00,COLISIÓN POR CORTE DE CIRCULACIÓN,ASFALTO,Bueno,Bueno,2,TOYOTA,BLANCO,3,,66,MASCULINO,SIN DATOS,1,0,Morelia,Sin datos,septiembre,martes,18,-101.167755424976,19.6558611431388
1740,1740,2016,,2016/09/13,19:10:00,COLISIÓN POR CORTE DE CIRCULACIÓN,ASFALTO,Lluvioso,Regular,2,NISSAN,BLANCO,3,MINISTERIO PÚBLICO,,,SIN DATOS,1,1,Acuitzio,Las Peñas,septiembre,martes,19,-101.341795921326,19.5134709401953
1741,1741,2016,,2016/09/13,19:30:00,COLISIÓN POR CORTE DE CIRCULACIÓN,ASFALTO,Bueno,Bueno,2,NISSAN,BLANCO Y CREMA,2,,30,MASCULINO,SIN DATOS,0,0,Morelia,Elias Perez Avalos,septiembre,martes,20,-101.165006160736,19.7106736296141
1742,1742,2016,,2016/09/13,19:40:00,SALIDA DE SUPERFICIE DE RODAMIENTO,ASFALTO,Bueno,Bueno,1,NISSAN,ROJO,1,,23,MASCULINO,SIN DATOS,0,0,Morelia,Ciudad Industrial,septiembre,martes,20,-101.134815216064,19.7307149760076
1743,1743,2016,,2016/09/13,19:40:00,SALIDA DE SUPERFICIE DE RODAMIENTO,CONCRETO,Bueno,Bueno,1,FORD,ROJO,1,,26,FEMENINO,SIN DATOS,0,0,Morelia,Ampliacion La Soledad,septiembre,martes,20,-101.183325648308,19.7358754524603
1744,1744,2016,,2016/09/13,20:20:00,COLISIÓN POR CORTE DE CIRCULACIÓN,ASFALTO,Nublado,Regular,2,KJAJ,NEGRO,3,,25,MASCULINO,SIN DATOS,1,0,Morelia,Union,septiembre,martes,20,-101.157314926386,19.7060350412705
1745,1745,2016,,2016/09/13,21:20:00,COLISIÓN POR ALCANCE,ASFALTO,Bueno,Regular,2,NISSAN,GUINDA,2,,18,MASCULINO,SIN DATOS,0,0,Morelia,Nueva Valladolid,septiembre,martes,21,-101.207336783409,19.7022132181272
1746,1746,2016,,2016/09/13,21:40:00,COLISIÓN POR ALCANCE,ASFALTO,Bueno,Bueno,2,HONDA,PLATA,2,,22,FEMENINO,SIN DATOS,0,0,Morelia,Tzindurio de Morelos,septiembre,martes,22,-101.250144839287,19.6986223635505
1747,1747,2016,,2016/09/13,23:40:00,COLISIÓN POR CORTE DE CIRCULACIÓN,ASFALTO,Bueno,Bueno,2,FORD,VERDE,2,,41,MASCULINO,CON CERTIFICADO,0,0,Morelia,Leandro Valle,septiembre,martes,0,-101.23192191124,19.7216004200924
1748,1748,2016,,2016/09/14,"00:10:00",VOLCADURA,ASFALTO,Bueno,Regular,1,NISSAN,BLANCO,1,,27,MASCULINO,SIN DATOS,0,0,Puruándiro,Centro,septiembre,miércoles,0,-101.515479683876,20.088067420241
1749,1749,2016,,2016/09/14,"05:27:00",COLISIÓN POR CORTE DE CIRCULACIÓN,CONCRETO,Bueno,Bueno,2,SIN DATOSS,SIN DATOS,1,,75,MASCULINO,SIN DATOS,0,0,Morelia,Centro,septiembre,miércoles,5,-101.200209148228,19.7021879662666
1750,1750,2016,,2016/09/14,"08:00:00",SALIDA DE SUPERFICIE DE RODAMIENTO,ASFALTO,Bueno,Bueno,2,FORD,GRIS,2,,46,MASCULINO,SIN DATOS,0,0,Morelia,Villas del Real,septiembre,miércoles,8,-101.199241541326,19.7325204674361
1751,1751,2016,,2016/09/14,"08:45:00",COLISIÓN POR ALCANCE,ASFALTO,Bueno,Bueno,3,V.W.,NEGRO,3,,32,FEMENINO,SIN DATOS,0,0,Morelia,Jardines del Rincon,septiembre,miércoles,9,-101.150425672531,19.6906524997292
1752,1752,2016,,2016/09/14,10:40:00,COLISIÓN POR CORTE DE CIRCULACIÓN,ASFALTO,Bueno,Bueno,2,HONDA,AZUL,2,,33,MASCULINO,SIN DATOS,0,0,Morelia,Lazaro Cardenas,septiembre,miércoles,11,-101.165177822113,19.7104148115437
1753,1753,2016,,2016/09/14,12:30:00,COLISIÓN POR ALCANCE,CONCRETO,Bueno,Bueno,2,TOYOTA,GRIS,2,,47,MASCULINO,SIN DATOS,0,0,Morelia,Alberto Oviedo Mota,septiembre,miércoles,13,-101.199271380901,19.6850523976883
1754,1754,2016,,2016/09/14,14:00:00,COLISIÓN POR CORTE DE CIRCULACIÓN,ASFALTO,Bueno,Bueno,2,V.W.,ARENA,2,,37,FEMENINO,SIN DATOS,0,0,Morelia,Francisco J Mujica,septiembre,miércoles,14,-101.184940338135,19.7247766872381
1755,1755,2016,,2016/09/14,14:30:00,COLISIÓN POR ALCANCE,ASFALTO,Bueno,Bueno,2,NISSAN,ROJO,2,,42,MASCULINO,SIN DATOS,0,0,Morelia,Francisco J Mujica,septiembre,miércoles,15,-101.187815666199,19.7222619372143
1756,1756,2016,,2016/09/14,15:00:00,COLISIÓN POR CORTE DE CIRCULACIÓN,CONCRETO,Bueno,Bueno,2,GENERAL MOTORS,ROJO,2,,38,FEMENINO,SIN DATOS,0,0,Morelia,Industrial,septiembre,miércoles,15,-101.200234293938,19.7120156892818
1757,1757,2016,,2016/09/14,17:05:00,COLISIÓN POR CORTE DE CIRCULACIÓN,ASFALTO,Bueno,Bueno,2,FORD,AZUL,2,,31,MASCULINO,SIN DATOS,0,0,Morelia,Diego Rivera,septiembre,miércoles,17,-101.175938844681,19.7181867462369
1758,1758,2016,,2016/09/14,18:30:00,COLISIÓN CONTRA OBJETO FIJO,CONCRETO,Bueno,Bueno,2,Nissan,Negro,2,,18,FEMENINO,SIN DATOS,0,0,Múgica,Independencia,septiembre,miércoles,19,-102.086452245712,19.029249199852
1759,1759,2016,,2016/09/14,18:40:00,COLISIÓN POR CORTE DE CIRCULACIÓN,CONCRETO,Bueno,Bueno,2,DODGE,BLANCO,2,,42,MASCULINO,SIN DATOS,0,0,Morelia,Division del Norte,septiembre,miércoles,19,-101.164577007294,19.7108844713424
1760,1760,2016,,2016/09/14,20:50:00,COLISIÓN POR CORTE DE CIRCULACIÓN,ASFALTO,Bueno,Bueno,2,SUZUKI,ROJO,2,,61,FEMENINO,SIN DATOS,0,0,Morelia,Josefa Ortiz de Dominguez,septiembre,miércoles,21,-101.209954619408,19.6720798647185
1761,1761,2016,,2016/09/15,"00:20:00",COLISIÓN POR CORTE DE CIRCULACIÓN,ASFALTO,Bueno,Bueno,2,ITALIKA,NEGRO,2,,19,MASCULINO,SIN DATOS,0,0,Pátzcuaro,Sin Nombre,septiembre,jueves,0,-101.615042611957,19.5245075223187
1762,1762,2016,,2016/09/15,"01:00:00",COLISIÓN POR CORTE DE CIRCULACIÓN,ASFALTO,Bueno,Bueno,2,FORD,BLANCO,2,,25,MASCULINO,SIN DATOS,0,0,Morelia,Campestre Los Manantiales,septiembre,jueves,1,-101.238241195679,19.6880210443804
1763,1763,2016,,2016/09/15,"02:20:00",COLISIÓN CONTRA OBJETO FIJO,ASFALTO,Bueno,Bueno,1,NISSAN,BLANCO,0,,,,,0,0,Morelia,Libertad,septiembre,jueves,2,-101.237989068031,19.6871876569903
1764,1764,2016,,2016/09/15,"04:50:00",SUBIDA AL CAMELLÓN,CONCRETO,Bueno,Bueno,1,NISSAN,AZUL,1,,20,MASCULINO,SIN DATOS,0,0,Morelia,Nueva Valladolid,septiembre,jueves,5,-101.207304596901,19.7022738225762
1765,1765,2016,,2016/09/15,"06:15:00",COLISIÓN CONTRA OBJETO FIJO,ASFALTO,Bueno,Bueno,2,V.W,GRIS,2,,27,MASCULINO,CON CERTIFICADO,0,0,Morelia,Ventura Puente,septiembre,jueves,6,-101.184613108635,19.6894327422144
1766,1766,2016,,2016/09/15,"06:40:00",VOLCADURA,ADOQUIN_EMPEDRADO,Bueno,Bueno,1,SMART,GRIS,0,,,,,0,0,Morelia,Santa Maria de Guido,septiembre,jueves,7,-101.193711161613,19.6762395745274
1767,1767,2016,,2016/09/15,"07:30:00",COLISIÓN POR CORTE DE CIRCULACIÓN,ASFALTO,Bueno,Bueno,5,JEEP,NEGRO,5,,26,MASCULINO,SIN DATOS,0,0,Morelia,Centro,septiembre,jueves,8,-101.202320381999,19.7013855863228
1768,1768,2016,,2016/09/15,"08:00:00",SALIDA DE SUPERFICIE DE RODAMIENTO,CONCRETO,Bueno,Bueno,1,SIN DATO,BLANCO,1,,38,MASCULINO,SIN DATOS,0,0,Morelia,La Calera,septiembre,jueves,8,-101.235972046852,19.6723324306273
1769,1769,2016,,2016/09/15,"08:00:00",VOLCADURA,ASFALTO,Bueno,Bueno,1,DINA,AZUL,1,,72,MASCULINO,SIN DATOS,0,0,Jacona,Lazaro Cardenas,septiembre,jueves,8,-102.32189655304,19.9371246456286
1770,1770,2016,,2016/09/15,"08:15:00",COLISIÓN POR CORTE DE CIRCULACIÓN,CONCRETO,Bueno,Bueno,2,NISSAN,BLANCO/ROJO,2,,62,MASCULINO,SIN DATOS,0,0,Morelia,Ferrocarrilero,septiembre,jueves,8,-101.216389238834,19.6985213538177
1771,1771,2016,,2016/09/15,"09:00:00",COLISIÓN POR CORTE DE CIRCULACIÓN,ASFALTO,Bueno,Bueno,2,NISSAN,BLANCO,2,,60,MASCULINO,SIN DATOS,0,0,Morelia,Centro,septiembre,jueves,9,-101.198462694883,19.7030755667727
1772,1772,2016,,2016/09/15,10:50:00,COLISIÓN POR CORTE DE CIRCULACIÓN,ASFALTO,Bueno,Bueno,2,CHEVROLET,BLANCO,1,MINISTERIO PÚBLICO,23,MASCULINO,SIN DATOS,0,0,Lázaro Cárdenas,Centro,septiembre,jueves,11,-102.19890922308,17.9567043172539
1773,1773,2016,,2016/09/15,11:35:00,COLISIÓN POR CORTE DE CIRCULACIÓN,ASFALTO,Bueno,Bueno,2,NISSAN,TURQUESA,2,,30,FEMENINO,SIN DATOS,0,0,Morelia,Nueva Chapultepec,septiembre,jueves,12,-101.169104576111,19.6869603687675
1774,1774,2016,,2016/09/15,11:40:00,COLISIÓN POR CORTE DE CIRCULACIÓN,CONCRETO,Bueno,Bueno,1,V.W,BLANCO,0,,,,,0,0,Morelia,Indeco Expropiacion Petrolera,septiembre,jueves,12,-101.225740760565,19.6860998273788
1775,1775,2016,,2016/09/15,11:45:00,COLISIÓN POR CORTE DE CIRCULACIÓN,ASFALTO,Bueno,Bueno,2,INTERNATIONAL,BLANCO,2,,30,MASCULINO,SIN DATOS,0,0,Morelia,Chapultepec Oriente,septiembre,jueves,12,-101.160234510899,19.6881043828809
1776,1776,2016,,2016/09/15,11:45:00,COLISIÓN POR CORTE DE CIRCULACIÓN,ASFALTO,Bueno,Bueno,2,INTERNATIONAL,BLANCO,2,,30,MASCULINO,SIN DATOS,0,0,Morelia,Cinco de Diciembre,septiembre,jueves,12,-101.162114739418,19.6881422640031
1777,1777,2016,,2016/09/15,13:00:00,COLISIÓN POR CORTE DE CIRCULACIÓN,ASFALTO,Bueno,Bueno,4,KENWORTH,AZUL,3,,34,MASCULINO,SIN DATOS,0,0,Morelia,Libertad,septiembre,jueves,13,-101.237200498581,19.6852304422781
1778,1778,2016,,2016/09/15,13:40:00,COLISIÓN POR CORTE DE CIRCULACIÓN,ASFALTO,Bueno,Bueno,2,NISSAN,BLANCO,2,,25,MASCULINO,SIN DATOS,0,0,Morelia,Los Angeles,septiembre,jueves,14,-101.176354587078,19.7419496548248
1779,1779,2016,,2016/09/15,13:45:00,COLISIÓN POR CORTE DE CIRCULACIÓN,ASFALTO,Bueno,Bueno,2,V.W,NEGRO,2,,26,FEMENINO,SIN DATOS,0,0,Morelia,Libertad,septiembre,jueves,14,-101.237651109695,19.6866068086685
1780,1780,2016,,2016/09/15,14:50:00,COLISIÓN POR ALCANCE,ASFALTO,Bueno,Bueno,2,FORD,AZUL,2,,37,FEMENINO,SIN DATOS,0,0,Morelia,Cinco de Diciembre,septiembre,jueves,15,-101.160851418972,19.6877003170194
1781,1781,2016,,2016/09/15,14:50:00,COLISIÓN POR CORTE DE CIRCULACIÓN,ASFALTO,Bueno,Bueno,2,DODGE,NEGRO,2,,51,MASCULINO,SIN DATOS,0,0,Morelia,Del Empleado,septiembre,jueves,15,-101.179868280888,19.6898159693084
1782,1782,2016,,2016/09/15,14:50:00,COLISIÓN CON PEATÓN,ASFALTO,Bueno,Bueno,2,DODGE,NEGRO,2,,51,MASCULINO,SIN DATOS,0,0,Morelia,Del Empleado,septiembre,jueves,15,-101.179877668619,19.6898137595996
1783,1783,2016,,2016/09/15,16:15:00,COLISIÓN POR CORTE DE CIRCULACIÓN,ASFALTO,Bueno,Bueno,2,NISSAN,BLANCO/ROJO,2,,54,MASCULINO,SIN DATOS,0,0,Morelia,Ana Maria Gallaga (Riviera Norte),septiembre,jueves,16,-101.223999001086,19.6767926789913
1784,1784,2016,,2016/09/15,17:00:00,VOLCADURA,ASFALTO,Bueno,Bueno,1,NISSAN,BLANCO,1,,28,MASCULINO,SIN DATOS,0,0,Nocupétaro,Sin datos,septiembre,jueves,17,-101.189210414886,19.0629899660176
1785,1785,2016,,2016/09/15,19:00:00,COLISIÓN POR CORTE DE CIRCULACIÓN,ASFALTO,Bueno,Bueno,3,V.W,GRIS,3,,28,MASCULINO,SIN DATOS,0,0,Morelia,Sin datos,septiembre,jueves,19,-101.118378639221,19.7301999290904
1786,1786,2016,,2016/09/15,19:00:00,COLISIÓN POR CORTE DE CIRCULACIÓN,ASFALTO,Bueno,Bueno,3,V.W.,GRIS,2,,28,MASCULINO,SIN DATOS,0,0,Morelia,Sin datos,septiembre,jueves,19,-101.118394732475,19.7302100280655
1787,1787,2016,,2016/09/15,20:25:00,COLISIÓN POR ALCANCE,ASFALTO,Bueno,Bueno,2,CHEVROLET,BLANCO,2,,18,MASCULINO,SIN DATOS,0,0,Morelia,Arcos del Valle,septiembre,jueves,20,-101.236245632172,19.707637225397
1788,1788,2016,,2016/09/15,20:50:00,COLISIÓN POR ALCANCE,ASFALTO,Bueno,Malo,3,MERCEDES BENZ,AZUL,3,,33,MASCULINO,SIN DATOS,0,0,Morelia,Enrique Arreguin Robles,septiembre,jueves,21,-101.188035607338,19.7214489272364
1789,1789,2016,,2016/09/15,23:30:00,COLISIÓN POR CORTE DE CIRCULACIÓN,ASFALTO,Bueno,Regular,2,NISSAN,BLANCO,2,,62,MASCULINO,SIN DATOS,0,0,Morelia,Poblado de Ocolusen,septiembre,jueves,0,-101.150051504374,19.6921853909232
1791,1791,2016,,2016/09/16,"00:15:00",COLISIÓN CONTRA OBJETO FIJO,CONCRETO,Bueno,Bueno,3,FORD,BLANCO,3,,41,MASCULINO,CON CERTIFICADO,0,0,Morelia,Obrera,septiembre,viernes,0,-101.180225014687,19.7133110249963
1792,1792,2016,,2016/09/16,"00:40:00",COLISIÓN POR CORTE DE CIRCULACIÓN,TERRACERIA,Bueno,Regular,2,MAZDA,BLANCO,2,,30,MASCULINO,SIN DATOS,0,0,Morelia,Ana Maria Gallaga (Riviera Norte),septiembre,viernes,1,-101.22399866581,19.6767926789913
1793,1793,2016,,2016/09/16,"01:00:00",COLISIÓN CONTRA OBJETO FIJO,ASFALTO,Bueno,Bueno,1,NISSAN,NARANJA,1,,23,MASCULINO,SIN DATOS,0,0,Morelia,3 de Agosto,septiembre,viernes,1,-101.165606975555,19.7278266522348
1794,1794,2016,,2016/09/16,"02:00:00",SUBIDA AL CAMELLÓN,ASFALTO,Bueno,Bueno,1,V.W,PLATA,1,,30,MASCULINO,SIN DATOS,0,0,Morelia,Campestre Los Manantiales,septiembre,viernes,2,-101.238219738007,19.6879553837131
1795,1795,2016,,2016/09/16,"04:00:00",COLISIÓN POR CORTE DE CIRCULACIÓN,CONCRETO,Bueno,Regular,2,CHEVROLET,BLANCO,2,,34,MASCULINO,SIN DATOS,0,0,Morelia,El Realito,septiembre,viernes,4,-101.202613413334,19.7282142057042
1796,1796,2016,,2016/09/16,"04:30:00",COLISIÓN CONTRA OBJETO FIJO,ASFALTO,Bueno,Bueno,1,KURAZAI,ROJO,1,,,,SIN DATOS,0,0,Morelia,Nueva Chapultepec,septiembre,viernes,5,-101.164681278169,19.6884582553486
1797,1797,2016,,2016/09/16,"05:00:00",COLISIÓN POR CORTE DE CIRCULACIÓN,ASFALTO,Bueno,Bueno,2,HONDA,GRIS,2,,27,MASCULINO,SIN DATOS,0,0,Morelia,Comision Federal de Electricidad,septiembre,viernes,5,-101.181348860264,19.6815230332337
1798,1798,2016,,2016/09/16,"05:30:00",COLISIÓN POR CORTE DE CIRCULACIÓN,TERRACERIA,Bueno,Regular,1,V.W,BLANCO,1,,32,MASCULINO,SIN DATOS,0,0,Morelia,Heroes de Bajan,septiembre,viernes,6,-101.230419874191,19.6916519110978
1799,1799,2016,,2016/09/16,"06:10:00",VOLCADURA,CONCRETO,Bueno,Bueno,1,V.W,NEGRO,1,,23,FEMENINO,SIN DATOS,0,0,Morelia,Villas del Pedregal,septiembre,viernes,6,-101.305921375751,19.6711074822535
1800,1800,2016,,2016/09/16,"07:30:00",VOLCADURA,ASFALTO,Bueno,Regular,1,GMC,BLANCO,1,,30,MASCULINO,SIN DATOS,0,0,Puruándiro,Sin datos,septiembre,viernes,8,-101.560471057892,20.0942439820615
1801,1801,2016,,2016/09/16,"08:05:00",COLISIÓN POR CORTE DE CIRCULACIÓN,CONCRETO,Bueno,Bueno,2,Italika,Blanco,2,,27,MASCULINO,CON CERTIFICADO,0,0,Apatzingán,Centro,septiembre,viernes,8,-102.353337407112,19.0864178603498
1802,1802,2016,,2016/09/16,17:00:00,COLISIÓN POR CORTE DE CIRCULACIÓN,ASFALTO,Bueno,Bueno,2,CHEVROLET,NEGRO,1,,,,SIN DATOS,0,0,Morelia,Adolfo Lopez Mateos,septiembre,viernes,17,-101.229073405266,19.7008950656814