fid,id_accidente,anio_origen,folio_c5i,dia_incidente,hora_ocurrencia,tipo_incidente_vial,superficie_ocurrencia,condiciones_climaticas,condiciones_via,numero_vehiculos_involucrados,marca_vehiculo_ocasiona_siniestro,color_vehiculo_ocasiona_siniestro,numero_personas_involucradas,lugar_remite_presunto_responsable,edad_presunto_responsable,sexo_presunto_responsable,resultados_toxicologia,numero_personas_lesionadas,numero_personas_fallecidas,municipio,colonia,mes,dia_semana,hora_redondeada,lon,lat
1803,1803,2016,,2016/09/16,17:50:00,COLISIÓN POR CORTE DE CIRCULACIÓN,CONCRETO,Bueno,Bueno,2,YAMAHA,BLANCO,2,,28,MASCULINO,SIN DATOS,0,0,Morelia,Centro,septiembre,viernes,18,-101.202675104141,19.7014531353795
1804,1804,2016,,2016/09/16,21:00:00,COLISIÓN POR CORTE DE CIRCULACIÓN,CONCRETO,Lluvioso,Bueno,2,MAZDA,AZUL,2,,,MASCULINO,CON CERTIFICADO,0,0,Morelia,Isaac Arriaga,septiembre,viernes,21,-101.168808192015,19.7095916410424
1805,1805,2016,,2016/09/16,21:20:00,COLISIÓN POR CORTE DE CIRCULACIÓN,ASFALTO,Lluvioso,Bueno,2,BUICK,AZUL,2,,19,MASCULINO,SIN DATOS,0,0,Morelia,Alberto Oviedo Mota,septiembre,viernes,21,-101.201173067093,19.6804395848238
1806,1806,2016,,2016/09/16,23:40:00,COLISIÓN CONTRA OBJETO FIJO,ASFALTO,Lluvioso,Bueno,2,FORD,BLANCO,2,,52,MASCULINO,SIN DATOS,0,0,Morelia,Country Club  Las Huertas,septiembre,viernes,0,-101.230344772339,19.6634822838382
1807,1807,2016,,2016/09/16,23:55:00,COLISIÓN POR CORTE DE CIRCULACIÓN,ASFALTO,Lluvioso,Regular,2,FORD,GUINDA,3,MINISTERIO PÚBLICO,29,MASCULINO,SIN DATOS,2,0,Jacona,Sin datos,septiembre,viernes,0,-102.332990169525,19.933090262583
1808,1808,2016,,2016/09/16,25:55:00,COLISIÓN POR CORTE DE CIRCULACIÓN,ASFALTO,Nublado,Bueno,2,NISSAN,ROJO,2,,21,FEMENINO,SIN DATOS,0,0,Morelia,Loma Dorada,septiembre,viernes,,-101.25563532114,19.6975668086953
1809,1809,2016,,2016/09/17,"00:45:00",COLISIÓN POR CORTE DE CIRCULACIÓN,SIN_DATOS,Bueno,Bueno,2,NISSAN,PLATA,2,,44,MASCULINO,CON CERTIFICADO,0,0,Morelia,Centro,septiembre,sábado,1,-101.190402656794,19.7018628482062
1810,1810,2016,,2016/09/17,"00:47:00",COLISIÓN CONTRA OBJETO FIJO,CONCRETO,Bueno,Bueno,1,FORD,GRIS,1,,,,SIN DATOS,0,0,Morelia,Melchor Ocampo,septiembre,sábado,1,-101.200513243675,19.7059302485266
1811,1811,2016,,2016/09/17,"01:32:00",COLISIÓN POR CORTE DE CIRCULACIÓN,ASFALTO,Bueno,Bueno,2,TOYOTA,BLANCO,2,,36,FEMENINO,SIN DATOS,0,0,Morelia,Jose Ma Pino Suarez,septiembre,sábado,2,-101.164716482162,19.7273519926332
1812,1812,2016,,2016/09/17,"02:00:00",COLISIÓN CONTRA OBJETO FIJO,CONCRETO,Bueno,Bueno,2,NISSAN,ARENA,2,,45,MASCULINO,SIN DATOS,0,0,Morelia,Indeco Expropiacion Petrolera,septiembre,sábado,2,-101.225725337863,19.6858952666033
1813,1813,2016,,2016/09/17,"08:00:00",SUBIDA AL CAMELLÓN,ASFALTO,Bueno,Bueno,1,TOYOTA,BLANCO Y GRIS,1,,59,MASCULINO,SIN DATOS,0,0,Morelia,Tierra Y Libertad,septiembre,sábado,8,-101.228370666504,19.7188482774866
1814,1814,2016,,2016/09/17,14:40:00,COLISIÓN POR ALCANCE,ASFALTO,Bueno,Bueno,2,TOYOTA,NEGRO,2,,29,MASCULINO,SIN DATOS,0,0,Morelia,Sentimientos de La Nacion,septiembre,sábado,15,-101.236897408962,19.6848061654826
1815,1815,2016,,2016/09/17,15:40:00,COLISIÓN POR CORTE DE CIRCULACIÓN,ASFALTO,Bueno,Bueno,2,SIN DATOS,BLANCO Y ROJO,3,,,,SIN DATOS,1,0,Morelia,Gertrudis Sanchez,septiembre,sábado,16,-101.203318834305,19.7399299955575
1816,1816,2016,,2016/09/17,16:00:00,COLISIÓN POR CORTE DE CIRCULACIÓN,ASFALTO,Bueno,Bueno,2,KENWORTH,BLANCO,2,,28,MASCULINO,SIN DATOS,0,0,Morelia,Francisco J Mujica,septiembre,sábado,16,-101.192214488983,19.7232062355376
1817,1817,2016,,2016/09/17,17:10:00,COLISIÓN POR ALCANCE,ASFALTO,Bueno,Bueno,2,FORD,VINO,2,,28,MASCULINO,SIN DATOS,0,0,Morelia,Lomas de Las Americas Norte,septiembre,sábado,17,-101.148312091827,19.6947991007064
1818,1818,2016,,2016/09/17,17:15:00,COLISIÓN POR CORTE DE CIRCULACIÓN,CONCRETO,Bueno,Bueno,2,FORD,ARENA,4,,61,MASCULINO,SIN DATOS,2,0,Morelia,Ampliacion La Soledad,septiembre,sábado,17,-101.184216141701,19.7320480309056
1819,1819,2016,,2016/09/17,17:30:00,COLISIÓN POR CORTE DE CIRCULACIÓN,CONCRETO,Bueno,Bueno,2,CHEVROLET,BLANCO,2,,,MASCULINO,SIN DATOS,0,0,Morelia,Union,septiembre,sábado,18,-101.153874993324,19.7110258740225
1820,1820,2016,,2016/09/17,18:15:00,COLISIÓN POR CORTE DE CIRCULACIÓN,ASFALTO,Bueno,Bueno,2,SIN DATOS,BLANCO Y MORADO,1,,27,MASCULINO,SIN DATOS,0,0,Morelia,Fovissste La Huerta,septiembre,sábado,18,-101.212041378021,19.6923646902523
1821,1821,2016,,2016/09/17,22:30:00,COLISIÓN POR ALCANCE,ASFALTO,Bueno,Regular,2,NISSAN,CAPUCHINO,2,,23,FEMENINO,SIN DATOS,0,0,Morelia,Morelos,septiembre,sábado,23,-101.212030649185,19.6922662019133
1822,1822,2016,,2016/09/17,22:40:00,COLISIÓN POR CORTE DE CIRCULACIÓN,ASFALTO,Bueno,Bueno,2,VOLKSWAGEN,BLANCO,2,,26,MASCULINO,CON CERTIFICADO,0,0,Tarímbaro,Sin datos,septiembre,sábado,23,-101.171035766602,19.7525675931047
1823,1823,2016,,2016/09/17,22:45:00,COLISIÓN POR CORTE DE CIRCULACIÓN,CONCRETO,Bueno,Bueno,2,HONDA,BLANCO,2,,35,MASCULINO,SIN DATOS,0,0,Morelia,La Loma,septiembre,sábado,23,-101.180402040482,19.6814049654936
1824,1824,2016,,2016/09/17,23:30:00,COLISIÓN POR CORTE DE CIRCULACIÓN,CONCRETO,Nublado,Regular,2,NISSAN,GRIS,2,,24,MASCULINO,SIN DATOS,0,0,Morelia,Comision Federal de Electricidad,septiembre,sábado,0,-101.181324720383,19.6814523188758
1825,1825,2016,,2016/09/18,"00:00:00",SUBIDA AL CAMELLÓN,ASFALTO,Bueno,Bueno,1,FORD,NEGRO,0,MINISTERIO PÚBLICO,,,,0,0,Lázaro Cárdenas,1Er Sect de Fidelac,septiembre,domingo,0,-102.196028530598,17.9603453529582
1826,1826,2016,,2016/09/18,"03:30:00",COLISIÓN POR CORTE DE CIRCULACIÓN,CONCRETO,Bueno,Bueno,2,NISSAN,BLANCO Y AZUL,2,,43,MASCULINO,SIN DATOS,0,0,Morelia,Montaña Monarca,septiembre,domingo,4,-101.161894798279,19.6635226965777
1827,1827,2016,,2016/09/18,"03:30:00",COLISIÓN POR CORTE DE CIRCULACIÓN,CONCRETO,Bueno,Bueno,1,Italika,Negro,0,,,,,0,0,Apatzingán,Centro,septiembre,domingo,4,-102.353323996067,19.0864381384164
1828,1828,2016,,2016/09/18,"04:15:00",COLISIÓN POR CORTE DE CIRCULACIÓN,ASFALTO,Lluvioso,Regular,2,CHRYSLER,GUINDA,2,,,,SIN DATOS,0,0,Morelia,Insurgentes,septiembre,domingo,4,-101.155087351799,19.6951980980587
1829,1829,2016,,2016/09/18,"04:30:00",COLISIÓN POR CORTE DE CIRCULACIÓN,ASFALTO,Lluvioso,Regular,2,DODGE,BLANCO,2,,36,MASCULINO,CON CERTIFICADO,0,0,Morelia,5 de Mayo,septiembre,domingo,5,-101.175280362368,19.704840652435
1830,1830,2016,,2016/09/18,"05:15:00",SUBIDA AL CAMELLÓN,ASFALTO,Lluvioso,Regular,1,CHRYSLER,ROJO,1,,27,MASCULINO,SIN DATOS,0,0,Morelia,La Esperanza,septiembre,domingo,5,-101.254323720932,19.6977385262272
1831,1831,2016,,2016/09/18,"06:10:00",COLISIÓN POR CORTE DE CIRCULACIÓN,ASFALTO,Bueno,Bueno,1,FORD,VERDE,1,,38,MASCULINO,SIN DATOS,0,0,Morelia,Valle de Las Flores,septiembre,domingo,6,-101.130212545395,19.6860032292674
1832,1832,2016,,2016/09/18,"06:50:00",COLISIÓN CONTRA OBJETO FIJO,CONCRETO,Lluvioso,Bueno,1,V.W.,BLANCO,1,,,MASCULINO,SIN DATOS,0,0,Morelia,Unidos Santa Cruz,septiembre,domingo,7,-101.213275194168,19.7201258835249
1833,1833,2016,,2016/09/18,"07:20:00",COLISIÓN CONTRA OBJETO FIJO,CONCRETO,Lluvioso,Regular,1,NISSAN,PLATA,1,,,,SIN DATOS,0,0,Morelia,Centro,septiembre,domingo,7,-101.193169355392,19.7070665517246
1834,1834,2016,,2016/09/18,10:10:00,COLISIÓN POR CORTE DE CIRCULACIÓN,ASFALTO,Nublado,Bueno,2,HONDA,BLANCO,2,,29,MASCULINO,SIN DATOS,0,0,Morelia,Indeco Santiaguito,septiembre,domingo,10,-101.178760528564,19.7202622282303
1835,1835,2016,,2016/09/18,14:40:00,COLISIÓN POR CORTE DE CIRCULACIÓN,ASFALTO,Bueno,Bueno,2,FORD,GUINDA,2,MINISTERIO PÚBLICO,35,FEMENINO,SIN DATOS,0,0,Lázaro Cárdenas,Solidaridad Nacional,septiembre,domingo,15,-102.209168672562,17.9717425600402
1836,1836,2016,,2016/09/18,17:45:00,VOLCADURA,CONCRETO,Bueno,Bueno,1,NISSAN,BLANCO,1,,45,MASCULINO,SIN DATOS,0,0,Lázaro Cárdenas,Sin datos,septiembre,domingo,18,-102.238984107971,17.9416647951843
1837,1837,2016,,2016/09/18,18:00:00,COLISIÓN POR ALCANCE,ASFALTO,Bueno,Bueno,2,FORD,ROJO,2,,30,MASCULINO,SIN DATOS,0,0,Morelia,Los Pinos de Michoacan,septiembre,domingo,18,-101.21403157711,19.6878594180741
1838,1838,2016,,2016/09/18,18:00:00,COLISIÓN POR CORTE DE CIRCULACIÓN,ASFALTO,Bueno,Bueno,2,Volks Wagen,Cafe,2,,15,FEMENINO,SIN DATOS,0,0,Apatzingán,Sin datos,septiembre,domingo,18,-102.472014427185,19.0979303330361
1839,1839,2016,,2016/09/18,18:30:00,COLISIÓN POR CORTE DE CIRCULACIÓN,ASFALTO,Nublado,Bueno,2,NISSAN,GRIS,2,,49,FEMENINO,SIN DATOS,0,0,Morelia,Primo Tapia Oriente,septiembre,domingo,19,-101.16172850132,19.7121318406708
1840,1840,2016,,2016/09/18,18:30:00,COLISIÓN POR CORTE DE CIRCULACIÓN,ASFALTO,Bueno,Regular,2,Nissan,Negro,3,,27,MASCULINO,CON CERTIFICADO,1,0,Apatzingán,Chavez Tejeda,septiembre,domingo,19,-102.34450891614,19.0944072262871
1841,1841,2016,,2016/09/18,18:45:00,COLISIÓN CONTRA OBJETO FIJO,ASFALTO,Bueno,Bueno,1,CHEVROLET,BLANCO,1,,,,SIN DATOS,0,0,Morelia,Felix Ireta,septiembre,domingo,19,-101.188234090805,19.6833287642987
1842,1842,2016,,2016/09/18,23:30:00,COLISIÓN CONTRA OBJETO FIJO,ASFALTO,Bueno,Bueno,1,CHEVROLET,ARENA,2,MINISTERIO PÚBLICO,,,,2,0,Lázaro Cárdenas,Las Camelinas (Las Palmeras),septiembre,domingo,0,-102.225511372089,17.9737944639818
1843,1843,2016,,2016/09/19,"09:05:00",COLISIÓN POR CORTE DE CIRCULACIÓN,ASFALTO,Bueno,Regular,2,CHRYSLER,AZUL,2,,39,MASCULINO,CON CERTIFICADO,0,0,Morelia,Nueva Valladolid,septiembre,lunes,9,-101.210228204727,19.7019859512388
1844,1844,2016,,2016/09/19,10:30:00,COLISIÓN POR ALCANCE,ASFALTO,Bueno,Bueno,2,CHEVROLET,BLANCO,2,,22,MASCULINO,SIN DATOS,0,0,Morelia,Centro,septiembre,lunes,11,-101.191436648369,19.7047863618215
1845,1845,2016,,2016/09/19,11:00:00,COLISIÓN POR CORTE DE CIRCULACIÓN,ASFALTO,Bueno,Bueno,2,TOYOTA,PLATA,2,,51,MASCULINO,SIN DATOS,0,0,Morelia,Industrial,septiembre,lunes,11,-101.193823814392,19.7123691932469
1846,1846,2016,,2016/09/19,11:30:00,COLISIÓN CON PEATÓN,ASFALTO,Bueno,Bueno,1,Vento,Rojo/Negro,2,,21,MASCULINO,SIN DATOS,1,0,Apatzingán,Independencia,septiembre,lunes,12,-102.353128194809,19.0975856294989
1847,1847,2016,,2016/09/19,12:30:00,COLISIÓN POR CORTE DE CIRCULACIÓN,ASFALTO,Bueno,Bueno,2,HONDA,ROJO,2,MINISTERIO PÚBLICO,,,SIN DATOS,0,0,Morelia,Ejidal Ocolusen,septiembre,lunes,13,-101.154322251678,19.6872406908625
1848,1848,2016,,2016/09/19,12:30:00,COLISIÓN POR CORTE DE CIRCULACIÓN,ASFALTO,Bueno,Regular,2,CHEVROLET,PLATA,2,,38,MASCULINO,SIN DATOS,0,0,Morelia,Irrigacion,septiembre,lunes,13,-101.225082278252,19.7046171770008
1849,1849,2016,,2016/09/19,15:30:00,COLISIÓN POR CORTE DE CIRCULACIÓN,ASFALTO,Bueno,Bueno,2,CHEVROLET,BLANCO Y ROJO,2,,41,MASCULINO,SIN DATOS,0,0,Morelia,Indeco Santiaguito,septiembre,lunes,16,-101.173608005047,19.7250013969106
1850,1850,2016,,2016/09/19,17:40:00,COLISIÓN POR CORTE DE CIRCULACIÓN,CONCRETO,Bueno,Bueno,1,V.W.,ROJO,1,,32,FEMENINO,SIN DATOS,0,0,Morelia,Villas Oriente,septiembre,lunes,18,-101.142207384109,19.7530522752818
1851,1851,2016,,2016/09/19,19:00:00,COLISIÓN POR CORTE DE CIRCULACIÓN,CONCRETO,Bueno,Bueno,2,BRW COUPER,ROJO,2,,38,FEMENINO,SIN DATOS,0,0,Morelia,Chapultepec Norte,septiembre,lunes,19,-101.169732883573,19.6946248547152
1852,1852,2016,,2016/09/19,20:35:00,COLISIÓN POR CORTE DE CIRCULACIÓN,ASFALTO,Bueno,Bueno,2,HONDA,GRIS,2,,45,FEMENINO,SIN DATOS,0,0,Morelia,Los Manantiales de Morelia,septiembre,lunes,21,-101.241597980261,19.7006002475325
1853,1853,2016,,2016/09/19,21:05:00,COLISIÓN POR CORTE DE CIRCULACIÓN,ASFALTO,Bueno,Bueno,2,MERDES BENZ,PLATA,2,,36,MASCULINO,SIN DATOS,0,0,Morelia,Felix Ireta,septiembre,lunes,21,-101.184628196061,19.6846615828059
1854,1854,2016,,2016/09/19,21:20:00,COLISIÓN POR CORTE DE CIRCULACIÓN,ASFALTO,Bueno,Bueno,2,CHEVROLET,BLANCO,2,,25,MASCULINO,SIN DATOS,0,0,Morelia,Alberto Oviedo Mota,septiembre,lunes,21,-101.200996041298,19.6804610518215
1855,1855,2016,,2016/09/19,22:00:00,COLISIÓN POR CORTE DE CIRCULACIÓN,ASFALTO,Bueno,Bueno,2,FIAT,GRIS,1,,33,MASCULINO,SIN DATOS,0,0,Morelia,Avicola Benito Juarez,septiembre,lunes,22,-101.279547214508,19.6914858690853
1856,1856,2016,,2016/09/20,"04:30:00",VOLCADURA,ASFALTO,Bueno,Bueno,1,VOLKSWAGEN,BLANCO,1,,,,SIN DATOS,0,0,Quiroga,Santa Fe de La Laguna,septiembre,martes,5,-101.564612388611,19.6722111990407
1857,1857,2016,,2016/09/20,"06:45:00",COLISIÓN POR NO RESPETAR SEMÁFORO,ASFALTO,Nublado,Bueno,2,TOYOTA,BLANCO Y GRIS,6,MINISTERIO PÚBLICO,50,MASCULINO,SIN DATOS,5,0,Morelia,Indeco El Vivero,septiembre,martes,7,-101.230908036232,19.6772472839704
1858,1858,2016,,2016/09/20,"08:00:00",COLISIÓN POR CORTE DE CIRCULACIÓN,ASFALTO,Bueno,Bueno,1,NISSAN,GRIS,1,,33,MASCULINO,SIN DATOS,0,0,Morelia,Pascual Ortiz de Ayala,septiembre,martes,8,-101.15086555481,19.6948849609801
1859,1859,2016,,2016/09/20,10:00:00,COLISIÓN POR CORTE DE CIRCULACIÓN,ASFALTO,Bueno,Bueno,2,MITSUBISHI,BLANCO,2,,50,MASCULINO,SIN DATOS,0,0,Morelia,Dr Miguel Silva,septiembre,martes,10,-101.178417205811,19.7198178450586
1860,1860,2016,,2016/09/20,10:10:00,COLISIÓN POR CORTE DE CIRCULACIÓN,ASFALTO,Bueno,Bueno,2,V.W.,AZUL,2,,35,FEMENINO,SIN DATOS,0,0,Morelia,Jacarandas,septiembre,martes,10,-101.209356486797,19.7083619275242
1861,1861,2016,,2016/09/20,16:00:00,COLISIÓN POR CORTE DE CIRCULACIÓN,ASFALTO,Bueno,Bueno,2,JEEP,GRIS,2,,30,FEMENINO,SIN DATOS,0,0,Morelia,Pascual Ortiz de Ayala,septiembre,martes,16,-101.149642467499,19.6947788982824
1862,1862,2016,,2016/09/20,16:10:00,COLISIÓN POR CORTE DE CIRCULACIÓN,ASFALTO,Bueno,Bueno,2,NISSAN,BLANCO,2,,,MASCULINO,SIN DATOS,0,0,Morelia,Loma de Los Piñones,septiembre,martes,16,-101.205829381943,19.6736659720268
1863,1863,2016,,2016/09/20,16:10:00,COLISIÓN POR ALCANCE,ASFALTO,Bueno,Bueno,3,CHEVROLET,BLANCO,3,,24,,SIN DATOS,0,0,Morelia,San Rafael,septiembre,martes,16,-101.152134239674,19.7005061833836
1864,1864,2016,,2016/09/20,16:30:00,COLISIÓN POR CORTE DE CIRCULACIÓN,ASFALTO,Bueno,Bueno,2,FORD,BLANCO,2,,36,MASCULINO,SIN DATOS,0,0,Morelia,Centro,septiembre,martes,17,-101.200181990862,19.7030200129737
1865,1865,2016,,2016/09/20,17:30:00,COLISIÓN CONTRA OBJETO FIJO,CONCRETO,Bueno,Bueno,2,V.W.,GRIS,2,,50,MASCULINO,SIN DATOS,0,0,Morelia,Ventura Puente,septiembre,martes,18,-101.194397807121,19.6925263120107
1866,1866,2016,,2016/09/20,18:00:00,COLISIÓN POR CORTE DE CIRCULACIÓN,ASFALTO,Bueno,Bueno,2,V.W.,BLANCO Y NARANJA,2,,47,MASCULINO,SIN DATOS,0,0,Morelia,Dr Miguel Silva,septiembre,martes,18,-101.188373565674,19.7129145978314
1867,1867,2016,,2016/09/20,18:20:00,SALIDA DE SUPERFICIE DE RODAMIENTO,ASFALTO,Bueno,Bueno,2,CHEVROLET,NEGRO,2,,38,MASCULINO,SIN DATOS,0,0,Morelia,Enrique Arreguin Robles,septiembre,martes,18,-101.179803907871,19.7204036226168
1868,1868,2016,,2016/09/20,19:40:00,COLISIÓN POR CORTE DE CIRCULACIÓN,SIN_DATOS,Bueno,Bueno,2,NISSAN,BLANCO Y ROJO,1,,50,MASCULINO,SIN DATOS,0,0,Morelia,Colinas del Sur,septiembre,martes,20,-101.200615167618,19.6640834222878
1869,1869,2016,,2016/09/20,20:45:00,COLISIÓN POR CORTE DE CIRCULACIÓN,ASFALTO,Bueno,Bueno,2,V.W.,GRIS,2,,41,MASCULINO,SIN DATOS,0,0,Morelia,Loma Dorada,septiembre,martes,21,-101.254361271858,19.6977385262272
1870,1870,2016,,2016/09/20,22:20:00,COLISIÓN POR ALCANCE,ASFALTO,Bueno,Bueno,2,CHEVROLET,BLANCO,2,,42,MASCULINO,CON CERTIFICADO,0,0,Morelia,Union Popular Solidaria,septiembre,martes,22,-101.21735483408,19.7044277907953
1871,1871,2016,,2016/09/21,"04:25:00",VOLCADURA,ASFALTO,Bueno,Bueno,1,TOYOTA,BLANCO,0,MINISTERIO PÚBLICO,,,,0,0,Pátzcuaro,Sin datos,septiembre,miércoles,4,-101.604266166687,19.4783662843344
1872,1872,2016,,2016/09/21,"08:15:00",COLISIÓN CON PEATÓN,ASFALTO,Bueno,Bueno,1,NISSAN,BLANCO,2,,32,FEMENINO,SIN DATOS,1,0,Morelia,Niño Artillero,septiembre,miércoles,8,-101.254827976227,19.6975958491732
1873,1873,2016,,2016/09/21,"09:20:00",COLISIÓN POR CORTE DE CIRCULACIÓN,ASFALTO,Bueno,Bueno,2,NISSAN,GRIS,2,,35,MASCULINO,SIN DATOS,0,0,Morelia,La Charca,septiembre,miércoles,9,-101.200357675552,19.6592590964121
1874,1874,2016,,2016/09/21,"09:50:00",COLISIÓN POR CORTE DE CIRCULACIÓN,ASFALTO,Bueno,Bueno,2,NISSAN,BLANCO/ROJO,2,,42,MASCULINO,SIN DATOS,0,0,Morelia,Los Angeles,septiembre,miércoles,10,-101.174935698509,19.7447720858492
1875,1875,2016,,2016/09/21,11:45:00,COLISIÓN CONTRA OBJETO FIJO,ASFALTO,Bueno,Regular,2,NISSAN,BLANCO,2,,40,MASCULINO,SIN DATOS,0,0,Morelia,Las Americas,septiembre,miércoles,12,-101.151112318039,19.6895539607683
1876,1876,2016,,2016/09/21,11:50:00,COLISIÓN POR ALCANCE,ASFALTO,Bueno,Bueno,3,RENAULT,BLANCO,3,,49,MASCULINO,SIN DATOS,0,0,Morelia,Loma Dorada,septiembre,miércoles,12,-101.254408210516,19.6978584758645
1877,1877,2016,,2016/09/21,12:00:00,COLISIÓN CONTRA OBJETO FIJO,CONCRETO,Bueno,Malo,2,NISSAN,BLANCO,2,,31,MASCULINO,SIN DATOS,0,0,Morelia,Lomas del Durazno,septiembre,miércoles,12,-101.190728545189,19.6654460786217
1878,1878,2016,,2016/09/21,12:10:00,COLISIÓN POR CORTE DE CIRCULACIÓN,ASFALTO,Bueno,Bueno,2,FORD,BLANCO,2,,53,MASCULINO,SIN DATOS,0,0,Morelia,Country Club  Las Huertas,septiembre,miércoles,12,-101.226321458817,19.6626235107149
1879,1879,2016,,2016/09/21,14:30:00,COLISIÓN POR NO RESPETAR SEMÁFORO,CONCRETO,Bueno,Bueno,2,CHEVROLET,BLANCO,2,,69,MASCULINO,SIN DATOS,0,0,Morelia,Indeco Expropiacion Petrolera,septiembre,miércoles,15,-101.228885650635,19.684844047385
1880,1880,2016,,2016/09/21,14:40:00,COLISIÓN POR CORTE DE CIRCULACIÓN,ASFALTO,Lluvioso,Regular,2,FORD,BLANCO,2,,31,MASCULINO,SIN DATOS,0,0,Morelia,Sentimientos de La Nacion,septiembre,miércoles,15,-101.231911182404,19.6777776548158
1881,1881,2016,,2016/09/21,15:20:00,COLISIÓN POR CORTE DE CIRCULACIÓN,ASFALTO,Bueno,Bueno,2,NISSAN,BLANCO,2,,48,MASCULINO,SIN DATOS,0,0,Morelia,Felix Ireta,septiembre,miércoles,15,-101.181453466415,19.6819801502948
1882,1882,2016,,2016/09/21,15:30:00,SALIDA DE SUPERFICIE DE RODAMIENTO,CONCRETO,Bueno,Bueno,0,,,0,,,,,0,0,Morelia,Jardines de Torremolinos,septiembre,miércoles,16,-101.225677728653,19.676903804772
1883,1883,2016,,2016/09/21,15:30:00,COLISIÓN POR CORTE DE CIRCULACIÓN,ASFALTO,Bueno,Regular,2,CARABELA,NEGRO/NARANJA,2,,34,MASCULINO,SIN DATOS,0,0,Morelia,Centro,septiembre,miércoles,16,-101.190328896046,19.7079983143237
1884,1884,2016,,2016/09/21,15:50:00,COLISIÓN POR CORTE DE CIRCULACIÓN,ASFALTO,Nublado,Regular,4,FORD,PLATA,4,,57,MASCULINO,SIN DATOS,0,0,Morelia,Los Manantiales de Morelia,septiembre,miércoles,16,-101.241820603609,19.6965724848054
1885,1885,2016,,2016/09/21,16:15:00,COLISIÓN CONTRA OBJETO FIJO,ASFALTO,Bueno,Bueno,3,CHEVROLET,GRIS,3,,26,FEMENINO,SIN DATOS,0,0,Morelia,Felix Ireta,septiembre,miércoles,16,-101.190747320652,19.6858618044762
1886,1886,2016,,2016/09/21,17:15:00,COLISIÓN POR CORTE DE CIRCULACIÓN,ASFALTO,Lluvioso,Bueno,2,CHEVROLET,BLANCO,2,,21,FEMENINO,SIN DATOS,0,0,Morelia,Pascual Ortiz de Ayala,septiembre,miércoles,17,-101.149494946003,19.694730917515
1887,1887,2016,,2016/09/21,18:30:00,COLISIÓN POR CORTE DE CIRCULACIÓN,CONCRETO,Bueno,Bueno,2,VOLKSWAGEN,ARENA,2,,42,MASCULINO,SIN DATOS,0,0,Morelia,Centro,septiembre,miércoles,19,-101.187370419502,19.7046500039203
1888,1888,2016,,2016/09/21,18:51:00,COLISIÓN POR CORTE DE CIRCULACIÓN,ADOQUIN_EMPEDRADO,Bueno,Bueno,2,CHEVROLET,BLANCO,2,,47,MASCULINO,SIN DATOS,0,0,Morelia,Centro,septiembre,miércoles,19,-101.202693209052,19.7022031173834
1889,1889,2016,,2016/09/21,19:45:00,COLISIÓN POR ALCANCE,ASFALTO,Lluvioso,Bueno,2,SIN DATOS,BLANCO,1,,21,MASCULINO,SIN DATOS,0,0,Morelia,Rinconada del Valle,septiembre,miércoles,20,-101.218500137329,19.6789394133896
1890,1890,2016,,2016/09/21,20:30:00,COLISIÓN CONTRA OBJETO FIJO,CONCRETO,Bueno,Bueno,1,VOLKSWAGEN,BALNCO,1,,55,FEMENINO,SIN DATOS,0,0,Morelia,La Esperanza,septiembre,miércoles,21,-101.250773817301,19.7003862357309
1891,1891,2016,,2016/09/21,20:40:00,COLISIÓN POR CORTE DE CIRCULACIÓN,ASFALTO,Lluvioso,Bueno,2,ITALIKA,ROJO Y NEGRO,2,,,,SIN DATOS,0,0,Morelia,Villas de La Esperanza,septiembre,miércoles,21,-101.274633407593,19.693112189517
1892,1892,2016,,2016/09/21,21:30:00,COLISIÓN POR CORTE DE CIRCULACIÓN,CONCRETO,Bueno,Bueno,6,RENAULT,GRIS,6,,62,MASCULINO,CON CERTIFICADO,0,0,Morelia,Centro,septiembre,miércoles,22,-101.197133660316,19.6988812006996
1893,1893,2016,,2016/09/21,21:50:00,COLISIÓN POR CORTE DE CIRCULACIÓN,ASFALTO,Nublado,Regular,3,FORD,BLANCO/AZUL,3,,42,MASCULINO,SIN DATOS,0,0,Morelia,Elias Perez Avalos,septiembre,miércoles,22,-101.170266643167,19.7138791513853
1894,1894,2016,,2016/09/21,23:00:00,SUBIDA AL CAMELLÓN,ASFALTO,Bueno,Bueno,1,V.W.,NEGRO,1,,22,MASCULINO,CON CERTIFICADO,0,0,Morelia,Felix Ireta,septiembre,miércoles,23,-101.19148761034,19.6825812193621
1895,1895,2016,,2016/09/22,"00:40:00",VOLCADURA,CONCRETO,Bueno,Bueno,1,HONDA,GRIS,1,,21,FEMENINO,CON CERTIFICADO,0,0,Morelia,Nueva Valladolid,septiembre,jueves,1,-101.211914643645,19.7019676436143
1896,1896,2016,,2016/09/22,"07:45:00",COLISIÓN POR CORTE DE CIRCULACIÓN,ASFALTO,Bueno,Bueno,2,Nissan,Blanco,2,,46,MASCULINO,SIN DATOS,0,0,Apatzingán,Lazaro Cardenas,septiembre,jueves,8,-102.349898815155,19.0961459775525
1897,1897,2016,,2016/09/22,"07:50:00",COLISIÓN POR CORTE DE CIRCULACIÓN,ASFALTO,Bueno,Bueno,2,CHEVROLET,PLATA,2,,29,MASCULINO,SIN DATOS,0,0,Morelia,Mirador del Punhuato,septiembre,jueves,8,-101.160858124495,19.7055281215168