fid,id_accidente,anio_origen,folio_c5i,dia_incidente,hora_ocurrencia,tipo_incidente_vial,superficie_ocurrencia,condiciones_climaticas,condiciones_via,numero_vehiculos_involucrados,marca_vehiculo_ocasiona_siniestro,color_vehiculo_ocasiona_siniestro,numero_personas_involucradas,lugar_remite_presunto_responsable,edad_presunto_responsable,sexo_presunto_responsable,resultados_toxicologia,numero_personas_lesionadas,numero_personas_fallecidas,municipio,colonia,mes,dia_semana,hora_redondeada,lon,lat
1898,1898,2016,,2016/09/22,"09:15:00",COLISIÓN POR CORTE DE CIRCULACIÓN,ASFALTO,Bueno,Bueno,4,CHEVROLET,ROJO,4,,35,FEMENINO,SIN DATOS,0,0,Morelia,Las Americas,septiembre,jueves,9,-101.159019470215,19.6881321623714
1899,1899,2016,,2016/09/22,10:00:00,COLISIÓN CONTRA OBJETO FIJO,ASFALTO,Bueno,Bueno,2,BAJAS,BLANCO Y NEGRO,2,,40,MASCULINO,SIN DATOS,0,0,Morelia,Del Empleado,septiembre,jueves,10,-101.179956793785,19.68820287378
1900,1900,2016,,2016/09/22,10:20:00,COLISIÓN POR ALCANCE,ASFALTO,Bueno,Bueno,3,ACURA,GRIS,3,,27,MASCULINO,SIN DATOS,0,0,Morelia,Tzindurio de Morelos,septiembre,jueves,10,-101.245869398117,19.6996779114433
1901,1901,2016,,2016/09/22,14:30:00,COLISIÓN POR CORTE DE CIRCULACIÓN,ASFALTO,Nublado,Bueno,2,NAVISTAR,GRIS,2,,26,MASCULINO,SIN DATOS,0,0,Morelia,Felix Ireta,septiembre,jueves,15,-101.195003986359,19.6822327005978
1902,1902,2016,,2016/09/22,15:45:00,COLISIÓN POR ALCANCE,ASFALTO,Bueno,Bueno,2,NISSAN,BLANCO Y ROJO,2,MINISTERIO PÚBLICO,38,MASCULINO,SIN DATOS,0,0,Morelia,Villas de La Esperanza,septiembre,jueves,16,-101.275196671486,19.692900061702
1903,1903,2016,,2016/09/22,16:00:00,COLISIÓN POR CORTE DE CIRCULACIÓN,ASFALTO,Bueno,Regular,2,NISSAN,PLATA,2,,43,FEMENINO,SIN DATOS,0,0,Morelia,Morelia 450,septiembre,jueves,16,-101.217132210732,19.675585443953
1904,1904,2016,,2016/09/22,16:10:00,COLISIÓN CON PEATÓN,SIN_DATOS,Bueno,Bueno,1,NISSAN,GRIS,2,,49,FEMENINO,SIN DATOS,1,0,Morelia,La Huerta,septiembre,jueves,16,-101.214804053307,19.6743125335594
1905,1905,2016,,2016/09/22,20:00:00,COLISIÓN POR CORTE DE CIRCULACIÓN,ASFALTO,Bueno,Bueno,2,NISSAN,ROJO,2,,55,MASCULINO,SIN DATOS,0,0,Morelia,Nueva Valladolid,septiembre,jueves,20,-101.207794770598,19.7022611966512
1906,1906,2016,,2016/09/22,22:30:00,COLISIÓN POR CORTE DE CIRCULACIÓN,ASFALTO,Lluvioso,Bueno,3,DODGE,GRIS,0,MINISTERIO PÚBLICO,,,,0,0,Morelia,Bicentenario,septiembre,jueves,23,-101.178460121155,19.7388545165737
1907,1907,2016,,2016/09/22,22:30:00,COLISIÓN CON PEATÓN,ASFALTO,Bueno,Bueno,1,SPELIALIZED,SIN DATOS,2,,35,MASCULINO,SIN DATOS,1,0,Morelia,Centro,septiembre,jueves,23,-101.201592162251,19.7028438820515
1908,1908,2016,,2016/09/23,"01:20:00",VOLCADURA,CONCRETO,Nublado,Bueno,1,SEAT,ROJO,1,,,,SIN DATOS,0,0,Morelia,Reforma,septiembre,viernes,1,-101.242280602455,19.7056676350837
1909,1909,2016,,2016/09/23,"02:30:00",COLISIÓN POR ALCANCE,ASFALTO,Bueno,Bueno,2,SEAT,ROJO,2,,35,MASCULINO,SIN DATOS,0,0,Morelia,Cuauhtemoc,septiembre,viernes,3,-101.183232441545,19.6944086252777
1910,1910,2016,,2016/09/23,"02:40:00",COLISIÓN POR CORTE DE CIRCULACIÓN,ASFALTO,Lluvioso,Regular,2,NISSAN,PLATA,2,,35,MASCULINO,SIN DATOS,0,0,Morelia,San Guillermo,septiembre,viernes,3,-101.177703738213,19.7394200275528
1911,1911,2016,,2016/09/23,"05:00:00",SUBIDA AL CAMELLÓN,ASFALTO,Bueno,Bueno,1,LINCOLN,CAFE,1,,,MASCULINO,SIN DATOS,0,0,Morelia,Dr Miguel Silva,septiembre,viernes,5,-101.183899641037,19.7192825636887
1912,1912,2016,,2016/09/23,"06:30:00",COLISIÓN CONTRA OBJETO FIJO,ASFALTO,Bueno,Bueno,1,CHEVROLET,ROJO,1,,43,FEMENINO,SIN DATOS,0,0,Morelia,Jardines de Torremolinos,septiembre,viernes,7,-101.229682266712,19.6770174560589
1913,1913,2016,,2016/09/23,"08:00:00",COLISIÓN POR CORTE DE CIRCULACIÓN,ASFALTO,Bueno,Regular,2,HUSQVARNA,AMARILLO,3,,58,MASCULINO,SIN DATOS,1,0,Morelia,Gral Gertrudis Sanchez,septiembre,viernes,8,-101.211102604866,19.7437976206706
1914,1914,2016,,2016/09/23,"09:05:00",COLISIÓN POR ALCANCE,ASFALTO,Bueno,Bueno,2,MINI BMW,NEGRO,2,,42,FEMENINO,SIN DATOS,0,0,Morelia,Comision Federal de Electricidad,septiembre,viernes,9,-101.181287169456,19.681384130001
1915,1915,2016,,2016/09/23,"09:30:00",COLISIÓN POR CORTE DE CIRCULACIÓN,ASFALTO,Bueno,Bueno,2,FORD,BLANCO Y AZUL,2,,22,MASCULINO,SIN DATOS,0,0,Morelia,Nueva Valladolid,septiembre,viernes,10,-101.210342869163,19.7019733252911
1916,1916,2016,,2016/09/23,11:20:00,COLISIÓN POR CORTE DE CIRCULACIÓN,ASFALTO,Bueno,Bueno,3,V.W.,BLANCO,3,,27,MASCULINO,SIN DATOS,0,0,Morelia,Indeco El Vivero,septiembre,viernes,11,-101.231873631477,19.6777069388045
1917,1917,2016,,2016/09/23,12:27:00,COLISIÓN CONTRA OBJETO FIJO,ASFALTO,Bueno,Bueno,1,FORD,VERDE,1,,25,MASCULINO,SIN DATOS,0,0,Morelia,Lazaro Cardenas,septiembre,viernes,12,-101.164276599884,19.7086321117976
1918,1918,2016,,2016/09/23,12:50:00,COLISIÓN POR CORTE DE CIRCULACIÓN,CONCRETO,Nublado,Regular,2,V.W.,NEGRO,2,,28,MASCULINO,SIN DATOS,0,0,Morelia,Lomas de Huerta,septiembre,viernes,13,-101.210150420666,19.6723336934558
1919,1919,2016,,2016/09/23,15:50:00,COLISIÓN POR ALCANCE,ASFALTO,Bueno,Bueno,3,NISSAN,BLANCO,3,,49,MASCULINO,SIN DATOS,0,0,Morelia,Campestre Los Manantiales,septiembre,viernes,16,-101.239689588547,19.6910717103111
1920,1920,2016,,2016/09/23,17:40:00,COLISIÓN POR ALCANCE,ASFALTO,Bueno,Bueno,2,NISSAN,ROJO,2,,38,MASCULINO,SIN DATOS,0,0,Morelia,San Pascual,septiembre,viernes,18,-101.267359256744,19.6953748687196
1921,1921,2016,,2016/09/23,18:10:00,COLISIÓN POR CORTE DE CIRCULACIÓN,CONCRETO,Bueno,Bueno,2,NISSAN,GRIS,2,,63,FEMENINO,SIN DATOS,0,0,Morelia,Obrera,septiembre,viernes,18,-101.184063255787,19.7107784192504
1922,1922,2016,,2016/09/23,19:00:00,COLISIÓN POR ALCANCE,ASFALTO,Bueno,Regular,2,FORD,CAFE,1,,46,MASCULINO,SIN DATOS,0,0,Morelia,Loma del Salto,septiembre,viernes,19,-101.202363967896,19.6634191389122
1923,1923,2016,,2016/09/23,19:05:00,COLISIÓN CONTRA OBJETO FIJO,ASFALTO,Bueno,Bueno,2,BAJAJ,NEGRO,2,,22,MASCULINO,SIN DATOS,0,0,Morelia,Cuauhtemoc,septiembre,viernes,19,-101.178434640169,19.6981514051272
1924,1924,2016,,2016/09/23,19:05:00,COLISIÓN POR CORTE DE CIRCULACIÓN,ASFALTO,Bueno,Bueno,2,Italika,Rojo/Negro,2,,31,MASCULINO,SIN DATOS,0,0,Apatzingán,Independencia,septiembre,viernes,19,-102.354372739792,19.0955376701494
1925,1925,2016,,2016/09/23,19:20:00,COLISIÓN POR CORTE DE CIRCULACIÓN,ASFALTO,Bueno,Bueno,2,CHEVROLET,VERDE,3,MINISTERIO PÚBLICO,26,FEMENINO,SIN DATOS,1,0,Lázaro Cárdenas,Las Torres,septiembre,viernes,19,-102.213698923588,17.9628024355793
1926,1926,2016,,2016/09/23,20:00:00,COLISIÓN POR CORTE DE CIRCULACIÓN,ASFALTO,Bueno,Regular,2,V.W.,BLANCO,2,,43,MASCULINO,SIN DATOS,0,0,Morelia,Felix Ireta,septiembre,viernes,20,-101.189484000206,19.6847228252657
1927,1927,2016,,2016/09/23,22:10:00,COLISIÓN POR CORTE DE CIRCULACIÓN,ASFALTO,Nublado,Malo,2,TOYOTA,BLANCO,2,,56,MASCULINO,SIN DATOS,0,0,Morelia,Popular Pogreso,septiembre,viernes,22,-101.199622750282,19.7248208717492
1928,1928,2016,,2016/09/24,"01:00:00",COLISIÓN POR CORTE DE CIRCULACIÓN,ASFALTO,Bueno,Bueno,2,FORD,SIN DATOS,2,,33,MASCULINO,SIN DATOS,0,0,Morelia,Paraiso del Sur,septiembre,sábado,1,-101.195552498102,19.6576993683892
1929,1929,2016,,2016/09/24,"01:50:00",COLISIÓN POR CORTE DE CIRCULACIÓN,ASFALTO,Bueno,Bueno,2,VOLKSWAGEN,BLANCO,2,,22,MASCULINO,SIN DATOS,0,0,Morelia,Los Pinos de Michoacan,septiembre,sábado,2,-101.215292215347,19.6854097493954
1930,1930,2016,,2016/09/24,"03:20:00",COLISIÓN POR ALCANCE,CONCRETO,Bueno,Bueno,2,DODGE,BLANCO/NEGRO,2,,28,MASCULINO,SIN DATOS,0,0,Morelia,Jose Ma Pino Suarez,septiembre,sábado,3,-101.165193915367,19.7224083795658
1931,1931,2016,,2016/09/24,"03:30:00",CAIDA DE MOTOCICLETA,ASFALTO,Bueno,Regular,1,VENTO,GRIS,0,MINISTERIO PÚBLICO,,,,0,0,Morelia,Felix Ireta,septiembre,sábado,4,-101.188121438026,19.6874048432128
1932,1932,2016,,2016/09/24,"07:30:00",SUBIDA AL CAMELLÓN,ASFALTO,Bueno,Bueno,1,CHEVROLET,BLANCO,1,,25,MASCULINO,SIN DATOS,0,0,Morelia,Santa Maria,septiembre,sábado,8,-101.201457381248,19.6779039333297
1933,1933,2016,,2016/09/24,"07:45:00",COLISIÓN POR CORTE DE CIRCULACIÓN,ASFALTO,Nublado,Bueno,2,NISSAN,SIN DATOS,2,,42,MASCULINO,SIN DATOS,0,0,Morelia,Niño Artillero,septiembre,sábado,8,-101.250198483467,19.6985516567442
1934,1934,2016,,2016/09/24,"08:20:00",COLISIÓN POR CORTE DE CIRCULACIÓN,ASFALTO,Nublado,Regular,2,NISSAN,SIN DATOS,2,,24,MASCULINO,SIN DATOS,0,0,Morelia,La Loma,septiembre,sábado,8,-101.178430616856,19.6815205077215
1935,1935,2016,,2016/09/24,"09:00:00",COLISIÓN POR ALCANCE,ASFALTO,Bueno,Bueno,2,VOLKSWAGEN,NEGRO,2,,21,MASCULINO,SIN DATOS,0,0,Morelia,Sentimientos de La Nacion,septiembre,sábado,9,-101.231895089149,19.6777473479576
1936,1936,2016,,2016/09/24,"09:20:00",COLISIÓN CONTRA OBJETO FIJO,ASFALTO,Bueno,Regular,1,CHEVROLET,GUINDA,0,,,,,0,0,Morelia,Prados Verdes,septiembre,sábado,9,-101.195958852768,19.7180579745685
1937,1937,2016,,2016/09/24,12:20:00,COLISIÓN POR CORTE DE CIRCULACIÓN,ASFALTO,Bueno,Bueno,2,VOLKSWAGEN,AZUL,2,,43,FEMENINO,SIN DATOS,0,0,Morelia,La Rinconada,septiembre,sábado,12,-101.157732009888,19.6917131508841
1938,1938,2016,,2016/09/24,13:15:00,COLISIÓN POR CORTE DE CIRCULACIÓN,ASFALTO,Bueno,Bueno,2,TOYOTA,BEIGE,2,,50,MASCULINO,SIN DATOS,0,0,Morelia,Loma de Los Piñones,septiembre,sábado,13,-101.205035448074,19.6740347144705
1939,1939,2016,,2016/09/24,15:10:00,COLISIÓN POR CORTE DE CIRCULACIÓN,CONCRETO,Bueno,Bueno,1,NISSAN,AZUL,1,,,,SIN DATOS,0,0,Morelia,Alberto Oviedo Mota,septiembre,sábado,15,-101.198501586914,19.6821973435794
1940,1940,2016,,2016/09/24,18:20:00,COLISIÓN POR CORTE DE CIRCULACIÓN,ASFALTO,Bueno,Bueno,1,CHEVROLET,BLANCO,1,,,,SIN DATOS,0,0,Morelia,La Colina,septiembre,sábado,18,-101.215614080429,19.709311358095
1941,1941,2016,,2016/09/24,20:00:00,COLISIÓN POR ALCANCE,ASFALTO,Bueno,Bueno,2,V.W.,CAFE,2,,27,MASCULINO,SIN DATOS,0,0,Morelia,Division del Norte,septiembre,sábado,20,-101.1633887887,19.7113238292604
1942,1942,2016,,2016/09/24,20:00:00,COLISIÓN POR ALCANCE,TERRACERIA,Bueno,Bueno,1,VOLKWAGEN,BLANCO,1,,28,MASCULINO,SIN DATOS,0,0,Morelia,Ciudad Jardin,septiembre,sábado,20,-101.255214214325,19.7061221580777
1943,1943,2016,,2016/09/24,22:40:00,COLISIÓN POR CORTE DE CIRCULACIÓN,ASFALTO,Bueno,Bueno,2,Kurazai,Negro,4,,16,MASCULINO,CON CERTIFICADO,2,0,Apatzingán,Independencia,septiembre,sábado,23,-102.353492975235,19.095121992138
1944,1944,2016,,2016/09/25,"00:10:00",COLISIÓN CONTRA OBJETO FIJO,CONCRETO,Bueno,Bueno,2,VOLKSWAGEN,ARENA,2,,,,SIN DATOS,0,0,Morelia,5 de Mayo,septiembre,domingo,0,-101.175937503576,19.7029663530358
1945,1945,2016,,2016/09/25,"00:30:00",COLISIÓN CONTRA OBJETO FIJO,ASFALTO,Bueno,Bueno,2,NISSAN,NEGRO,2,,70,MASCULINO,SIN DATOS,0,0,Morelia,Sin datos,septiembre,domingo,1,-101.164609193802,19.6650331154136
1946,1946,2016,,2016/09/25,"00:30:00",COLISIÓN POR CORTE DE CIRCULACIÓN,ASFALTO,Bueno,Regular,2,NISSAN,BLANCO Y ROJO,3,,25,MASCULINO,SIN DATOS,1,0,Morelia,La Quemada,septiembre,domingo,1,-101.239064633846,19.6891751524824
1947,1947,2016,,2016/09/25,"00:30:00",COLISIÓN CONTRA OBJETO FIJO,CONCRETO,Bueno,Bueno,1,NISSAN,BLANCO,1,,64,MASCULINO,SIN DATOS,0,0,Morelia,Jardines de Guadalupe,septiembre,domingo,1,-101.218906491995,19.711518257379
1948,1948,2016,,2016/09/25,"02:20:00",COLISIÓN POR CORTE DE CIRCULACIÓN,CONCRETO,Bueno,Bueno,2,MAZDA,ROJO,2,,31,FEMENINO,SIN DATOS,0,0,Morelia,Alberto Oviedo Mota,septiembre,domingo,2,-101.198410391808,19.6844955335447
1949,1949,2016,,2016/09/25,"02:30:00",COLISIÓN POR ALCANCE,ASFALTO,Bueno,Bueno,3,MAZDA,ROJO,3,,33,MASCULINO,SIN DATOS,0,0,Morelia,Nueva Valladolid,septiembre,domingo,3,-101.207285821438,19.7022384699837
1950,1950,2016,,2016/09/25,"03:30:00",COLISIÓN POR CORTE DE CIRCULACIÓN,ASFALTO,Bueno,Bueno,2,NISSAN,GRIS,2,,40,MASCULINO,SIN DATOS,0,0,Morelia,Las Americas,septiembre,domingo,4,-101.150366663933,19.6911676740249
1951,1951,2016,,2016/09/25,"03:40:00",COLISIÓN POR CORTE DE CIRCULACIÓN,ASFALTO,Nublado,Bueno,2,VOLKSWAGEN,GRIS,2,,23,MASCULINO,SIN DATOS,0,0,Pátzcuaro,Sin datos,septiembre,domingo,4,-101.636431217194,19.5380932544044
1952,1952,2016,,2016/09/25,"04:20:00",COLISIÓN CONTRA OBJETO FIJO,ASFALTO,Bueno,Bueno,1,SEAT,BLANCO,1,,30,MASCULINO,SIN DATOS,0,0,Morelia,Las Americas,septiembre,domingo,4,-101.157968044281,19.6879402312476
1953,1953,2016,,2016/09/25,"04:40:00",COLISIÓN POR CORTE DE CIRCULACIÓN,ASFALTO,Bueno,Bueno,2,VOLKSWAGEN,BLANCO,0,MINISTERIO PÚBLICO,,,,0,0,Lázaro Cárdenas,Centro,septiembre,domingo,5,-102.19504147768,17.9577453498341
1954,1954,2016,,2016/09/25,"05:00:00",COLISIÓN POR ALCANCE,ASFALTO,Bueno,Bueno,2,VOLKSWAGEN,NEGRO,2,,21,MASCULINO,SIN DATOS,0,0,Morelia,Tinijaro,septiembre,domingo,5,-101.264467835426,19.6962082134915
1955,1955,2016,,2016/09/25,"05:00:00",COLISIÓN CONTRA OBJETO FIJO,ASFALTO,Nublado,Bueno,1,SEAT,ROJO,1,,,,SIN DATOS,0,0,Morelia,La Quemada,septiembre,domingo,5,-101.239604428411,19.7012044031979
1956,1956,2016,,2016/09/25,"05:00:00",COLISIÓN POR CORTE DE CIRCULACIÓN,ASFALTO,Bueno,Bueno,2,CHEVROLET,ROJO,2,,51,MASCULINO,SIN DATOS,0,0,Morelia,Camelinas,septiembre,domingo,5,-101.171019673347,19.6821417825346
1957,1957,2016,,2016/09/25,"07:35:00",COLISIÓN POR CORTE DE CIRCULACIÓN,ASFALTO,Bueno,Bueno,2,SEAT,BLANCO,4,,35,MASCULINO,SIN DATOS,2,0,Morelia,Campestre Los Manantiales,septiembre,domingo,8,-101.23872667551,19.6888140210822
1958,1958,2016,,2016/09/25,"08:30:00",COLISIÓN POR CORTE DE CIRCULACIÓN,CONCRETO,Bueno,Bueno,2,NISSAN,GRIS,2,,30,MASCULINO,SIN DATOS,0,0,Morelia,Agustin Arriaga Rivera,septiembre,domingo,9,-101.22451364994,19.6910818117574
1959,1959,2016,,2016/09/25,11:30:00,COLISIÓN POR CORTE DE CIRCULACIÓN,ASFALTO,Bueno,Bueno,2,SUZUKI,NEGRO Y VERDE,2,MINISTERIO PÚBLICO,57,MASCULINO,SIN DATOS,0,0,Morelia,Plan de La Garita,septiembre,domingo,12,-101.188244819641,19.7126368457292
1960,1960,2016,,2016/09/25,12:20:00,COLISIÓN POR ALCANCE,ASFALTO,Bueno,Regular,2,FORD,VERDE,2,,64,MASCULINO,SIN DATOS,0,0,Morelia,Libertad,septiembre,domingo,12,-101.236894726753,19.6848592001435
1961,1961,2016,,2016/09/25,14:20:00,COLISIÓN POR CORTE DE CIRCULACIÓN,CONCRETO,Bueno,Bueno,2,DODGE,AZUL,2,,28,MASCULINO,SIN DATOS,0,0,Morelia,Ilustres Novohispanos,septiembre,domingo,14,-101.151115000248,19.7106420664573
1962,1962,2016,,2016/09/25,15:05:00,COLISIÓN CONTRA OBJETO FIJO,CONCRETO,Bueno,Bueno,2,YAMAHA,BLANCO,3,,,MASCULINO,SIN DATOS,1,0,Morelia,Sentimientos de La Nacion,septiembre,domingo,15,-101.234516948462,19.6842429868096
1963,1963,2016,,2016/09/25,18:00:00,COLISIÓN POR ALCANCE,ASFALTO,Bueno,Bueno,2,DODGE,PLATA,2,,31,FEMENINO,SIN DATOS,0,0,Morelia,Camelinas,septiembre,domingo,18,-101.174190044403,19.6818387219512
1964,1964,2016,,2016/09/25,18:40:00,COLISIÓN POR CORTE DE CIRCULACIÓN,ASFALTO,Bueno,Bueno,2,FREIGH HINER,BLANCO,2,,38,MASCULINO,SIN DATOS,0,0,Morelia,Enrique Arreguin Robles,septiembre,domingo,19,-101.188019514084,19.7214022169102
1965,1965,2016,,2016/09/25,21:20:00,SALIDA DE SUPERFICIE DE RODAMIENTO,CONCRETO,Bueno,Bueno,1,VOLKSWAGEN,GRIS,1,,32,MASCULINO,SIN DATOS,0,0,Morelia,Villas del Pedregal,septiembre,domingo,21,-101.305607557297,19.6836116182297
1966,1966,2016,,2016/09/25,22:00:00,COLISIÓN POR CORTE DE CIRCULACIÓN,CONCRETO,Bueno,Bueno,2,NISSAN,BLANCO,2,,46,MASCULINO,SIN DATOS,0,0,Morelia,Independencia,septiembre,domingo,22,-101.177876070142,19.7128931351862
1967,1967,2016,,2016/09/25,22:10:00,COLISIÓN POR CORTE DE CIRCULACIÓN,ADOQUIN_EMPEDRADO,Bueno,Bueno,2,VOLKSWAGEN,ARENA,2,,21,MASCULINO,SIN DATOS,0,0,Morelia,Paraiso Monarca,septiembre,domingo,22,-101.148650050163,19.7023748299403
1968,1968,2016,,2016/09/25,23:45:00,COLISIÓN POR ALCANCE,ASFALTO,Bueno,Bueno,2,CHRYSLER,GRIS,2,,23,MASCULINO,SIN DATOS,0,0,Morelia,Loma de Los Piñones,septiembre,domingo,0,-101.205738186836,19.6736937540213
1969,1969,2016,,2016/09/26,"04:55:00",SALIDA DE SUPERFICIE DE RODAMIENTO,ASFALTO,Bueno,Bueno,1,NISSAN,AZUL,1,,22,MASCULINO,CON CERTIFICADO,0,0,Morelia,Alberto Oviedo Mota,septiembre,lunes,5,-101.198657155037,19.6812224969966
1970,1970,2016,,2016/09/26,"06:20:00",COLISIÓN POR CORTE DE CIRCULACIÓN,ASFALTO,Bueno,Regular,2,FORD,PLATA,2,,49,MASCULINO,SIN DATOS,0,0,Morelia,Josefa Ortiz de Dominguez,septiembre,lunes,6,-101.210035085678,19.6721253266114
1971,1971,2016,,2016/09/26,"07:30:00",COLISIÓN POR ALCANCE,ASFALTO,Bueno,Bueno,2,RENAULT,AZUL,2,,,MASCULINO,SIN DATOS,0,0,Morelia,La Quemada,septiembre,lunes,8,-101.23850338161,19.7014095757107
1972,1972,2016,,2016/09/26,"08:00:00",COLISIÓN POR CORTE DE CIRCULACIÓN,ASFALTO,Bueno,Bueno,2,FORD,ROJO,2,,28,MASCULINO,SIN DATOS,0,0,Morelia,Diego Rivera,septiembre,lunes,8,-101.175895929337,19.7181917961042
1973,1973,2016,,2016/09/26,"09:20:00",COLISIÓN POR ALCANCE,ASFALTO,Bueno,Bueno,2,CHEVROLET,ROJO,2,,24,FEMENINO,SIN DATOS,0,0,Morelia,Josefa Ortiz de Dominguez,septiembre,lunes,9,-101.209520101547,19.6719737869181
1974,1974,2016,,2016/09/26,"09:45:00",COLISIÓN POR ALCANCE,ASFALTO,Bueno,Bueno,2,INTERNATIONAL,ROJO,2,,68,MASCULINO,SIN DATOS,0,0,Morelia,Los Manantiales de Morelia,septiembre,lunes,10,-101.242833137512,19.6992688243303
1975,1975,2016,,2016/09/26,11:00:00,COLISIÓN POR CORTE DE CIRCULACIÓN,ASFALTO,Bueno,Bueno,2,SEAT,ROJO,2,,30,MASCULINO,SIN DATOS,0,0,Morelia,Lomas de Hidalgo,septiembre,lunes,11,-101.163107156754,19.6958748761034
1976,1976,2016,,2016/09/26,12:30:00,COLISIÓN CONTRA OBJETO FIJO,ASFALTO,Nublado,Bueno,1,FORD,AMARILLO,1,,,,SIN DATOS,0,0,Morelia,3 de Agosto,septiembre,lunes,13,-101.17218375206,19.7311239826706
1977,1977,2016,,2016/09/26,13:20:00,COLISIÓN POR CORTE DE CIRCULACIÓN,ASFALTO,Bueno,Regular,2,KENWORTH,BLANCO,2,,21,MASCULINO,SIN DATOS,0,0,Morelia,Los Manantiales de Morelia,septiembre,lunes,13,-101.242961883545,19.7001526532018
1978,1978,2016,,2016/09/26,14:00:00,COLISIÓN POR ALCANCE,SIN_DATOS,Bueno,Bueno,2,INTERNATIONAL,AZUL,2,,38,MASCULINO,SIN DATOS,0,0,Morelia,Santa Cecilia,septiembre,lunes,14,-101.18435561657,19.6649169298545
1979,1979,2016,,2016/09/26,15:30:00,COLISIÓN POR ALCANCE,ASFALTO,Bueno,Bueno,2,FORD,NEGRO,2,,42,MASCULINO,SIN DATOS,0,0,Morelia,Jacarandas,septiembre,lunes,16,-101.209340393543,19.708364452613
1980,1980,2016,,2016/09/26,16:45:00,COLISIÓN POR CORTE DE CIRCULACIÓN,ASFALTO,Bueno,Bueno,2,GMC,VERDE,2,,74,MASCULINO,SIN DATOS,1,0,Morelia,Avicola Benito Juarez,septiembre,lunes,17,-101.279472112656,19.6913848548489
1981,1981,2016,,2016/09/26,17:00:00,SALIDA DE SUPERFICIE DE RODAMIENTO,ASFALTO,Bueno,Bueno,1,ISUZU,BLANCO,1,,40,MASCULINO,SIN DATOS,0,0,Tangancícuaro,Sin datos,septiembre,lunes,17,-102.188987731934,19.9041607197464
1982,1982,2016,,2016/09/26,19:40:00,COLISIÓN POR CORTE DE CIRCULACIÓN,ASFALTO,Nublado,Bueno,3,FAMSA INTERNATIONAL,AMARILLO,2,,25,MASCULINO,SIN DATOS,0,0,Morelia,Ignacio Zaragoza,septiembre,lunes,20,-101.205335855484,19.7254785883132
1983,1983,2016,,2016/09/26,21:20:00,COLISIÓN CONTRA OBJETO FIJO,ASFALTO,Bueno,Bueno,2,FORD,PLATA,2,,83,MASCULINO,SIN DATOS,0,0,Morelia,Obrera,septiembre,lunes,21,-101.183357834816,19.708276074482
1984,1984,2016,,2016/09/26,23:00:00,COLISIÓN POR CORTE DE CIRCULACIÓN,ASFALTO,Bueno,Bueno,2,CHEVROLET,BLANCO Y ROJO,2,,32,MASCULINO,SIN DATOS,0,0,Morelia,Granjas del Maestro,septiembre,lunes,23,-101.188373565674,19.7128741975556
1985,1985,2016,,2016/09/26,23:40:00,COLISIÓN POR CORTE DE CIRCULACIÓN,ASFALTO,Bueno,Bueno,2,VOLKSWAGEN,PLATA,2,,34,MASCULINO,SIN DATOS,0,0,Morelia,La Colina,septiembre,lunes,0,-101.215648949146,19.7092987327254
1986,1986,2016,,2016/09/27,"07:30:00",COLISIÓN CON PEATÓN,ASFALTO,Bueno,Bueno,1,SIN DATOS,SIN DATOS,1,,,,,1,0,Morelia,Villas de La Esperanza,septiembre,martes,8,-101.273962855339,19.6931778480695
1987,1987,2016,,2016/09/27,"07:45:00",COLISIÓN POR CORTE DE CIRCULACIÓN,ASFALTO,Bueno,Bueno,2,FORD,ROJO,2,,26,MASCULINO,SIN DATOS,0,0,Morelia,Elias Perez Avalos,septiembre,martes,8,-101.167044639587,19.7115763332647
1988,1988,2016,,2016/09/27,"08:45:00",COLISIÓN POR CORTE DE CIRCULACIÓN,ASFALTO,Bueno,Bueno,2,NISSAN,NEGRO,2,,16,FEMENINO,SIN DATOS,0,0,Morelia,Vasco de Quiroga,septiembre,martes,9,-101.175266951323,19.7049732224603
1989,1989,2016,,2016/09/27,10:00:00,COLISIÓN POR CORTE DE CIRCULACIÓN,ASFALTO,Bueno,Bueno,1,CHEVROLET,BLANCO,1,,28,MASCULINO,SIN DATOS,0,0,Morelia,La Quemada,septiembre,martes,10,-101.241325736046,19.7057534895259
1990,1990,2016,,2016/09/27,10:00:00,COLISIÓN POR CORTE DE CIRCULACIÓN,CONCRETO,Bueno,Regular,2,CHEVROLET,CAPUCHINO,2,,37,FEMENINO,SIN DATOS,0,0,Morelia,Industrial,septiembre,martes,10,-101.196785643697,19.7109987297677
1991,1991,2016,,2016/09/27,10:40:00,COLISIÓN POR CORTE DE CIRCULACIÓN,ASFALTO,Bueno,Bueno,2,SIN DATOS,SIN DATOS,1,,36,MASCULINO,SIN DATOS,0,0,Morelia,San Rafael,septiembre,martes,11,-101.153880357742,19.6997183150521
1992,1992,2016,,2016/09/27,12:13:00,COLISIÓN POR ALCANCE,ASFALTO,Bueno,Bueno,2,V.W.,BLANCO,2,,21,FEMENINO,SIN DATOS,0,0,Morelia,Cuauhtemoc,septiembre,martes,12,-101.179211139679,19.6935844254291
1993,1993,2016,,2016/09/27,12:20:00,SUBIDA AL CAMELLÓN,ASFALTO,Bueno,Bueno,1,INTERNATIONAL,BLANCO,1,,34,MASCULINO,SIN DATOS,0,0,Morelia,Ciudad Industrial,septiembre,martes,12,-101.160237193108,19.719960502291