fid,id_accidente,anio_origen,folio_c5i,dia_incidente,hora_ocurrencia,tipo_incidente_vial,superficie_ocurrencia,condiciones_climaticas,condiciones_via,numero_vehiculos_involucrados,marca_vehiculo_ocasiona_siniestro,color_vehiculo_ocasiona_siniestro,numero_personas_involucradas,lugar_remite_presunto_responsable,edad_presunto_responsable,sexo_presunto_responsable,resultados_toxicologia,numero_personas_lesionadas,numero_personas_fallecidas,municipio,colonia,mes,dia_semana,hora_redondeada,lon,lat
1994,1994,2016,,2016/09/27,13:20:00,COLISIÓN POR ALCANCE,ASFALTO,Nublado,Regular,2,MERDES BENZ,BLANCO Y VERDE,2,,21,MASCULINO,SIN DATOS,0,0,Morelia,Cosmos,septiembre,martes,13,-101.215750873089,19.6847026215702
1995,1995,2016,,2016/09/27,13:45:00,COLISIÓN POR CORTE DE CIRCULACIÓN,CONCRETO,Bueno,Bueno,2,HONDA,BLANCO,2,MINISTERIO PÚBLICO,17,MASCULINO,SIN DATOS,0,0,Morelia,Santa Cecilia,septiembre,martes,14,-101.184697598219,19.6662644245888
1996,1996,2016,,2016/09/27,14:50:00,COLISIÓN POR CORTE DE CIRCULACIÓN,ASFALTO,Bueno,Bueno,2,TOYOTA,BLANCO Y GRIS,2,,41,MASCULINO,SIN DATOS,0,0,Morelia,Felix Ireta,septiembre,martes,15,-101.195819377899,19.6824700975196
1997,1997,2016,,2016/09/27,15:15:00,COLISIÓN CON PEATÓN,ASFALTO,Nublado,Regular,1,FORD,NEGRO,2,,26,FEMENINO,SIN DATOS,1,0,Morelia,Campestre Los Manantiales,septiembre,martes,15,-101.238611340523,19.6885488541508
1998,1998,2016,,2016/09/27,15:55:00,COLISIÓN POR CORTE DE CIRCULACIÓN,ASFALTO,Bueno,Bueno,2,TOYOTA,DORADO,2,,58,FEMENINO,SIN DATOS,0,0,Morelia,Lomas del Valle,septiembre,martes,16,-101.232619285583,19.686859351676
1999,1999,2016,,2016/09/27,16:05:00,COLISIÓN POR CORTE DE CIRCULACIÓN,ASFALTO,Bueno,Bueno,2,NISSAN,TITANIO,2,,27,MASCULINO,SIN DATOS,0,0,Morelia,Campestre Los Manantiales,septiembre,martes,16,-101.239673495293,19.6910363552442
2000,2000,2016,,2016/09/27,20:50:00,COLISIÓN POR CORTE DE CIRCULACIÓN,ASFALTO,Bueno,Bueno,1,Honda,Rojo/Negro,2,MINISTERIO PÚBLICO,17,MASCULINO,SIN DATOS,1,0,Apatzingán,Zaragoza,septiembre,martes,21,-102.36202776432,19.0979151255422
2001,2001,2016,,2016/09/27,21:00:00,COLISIÓN POR CORTE DE CIRCULACIÓN,ASFALTO,Lluvioso,Bueno,2,NISSAN,BLANCO Y GRIS,2,,43,MASCULINO,SIN DATOS,0,0,Morelia,Cinco de Diciembre,septiembre,martes,21,-101.165950298309,19.6841874264744
2002,2002,2016,,2016/09/27,21:30:00,COLISIÓN POR CORTE DE CIRCULACIÓN,CONCRETO,Nublado,Regular,2,SEAT,ROJO,2,,23,FEMENINO,SIN DATOS,0,0,Morelia,Jardines de Guadalupe,septiembre,martes,22,-101.223279833794,19.7112266151124
2003,2003,2016,,2016/09/27,22:20:00,COLISIÓN POR ALCANCE,ASFALTO,Nublado,Regular,2,V.W.,BLANCO Y  CAFE,2,,19,MASCULINO,SIN DATOS,0,0,Morelia,Guadalupe,septiembre,martes,22,-101.22590303421,19.7080715420486
2004,2004,2016,,2016/09/27,23:10:00,COLISIÓN POR ALCANCE,ASFALTO,Lluvioso,Bueno,2,NISSAN,BLANCO,2,,36,MASCULINO,SIN DATOS,0,0,Morelia,Fovissste La Huerta,septiembre,martes,23,-101.210771352053,19.6950844596735
2005,2005,2016,,2016/09/28,"01:45:00",VOLCADURA,ASFALTO,Bueno,Regular,1,HONDA,METALICO,1,,35,FEMENINO,SIN DATOS,0,0,Morelia,Dr Miguel Silva,septiembre,miércoles,2,-101.186581850052,19.7204945189421
2006,2006,2016,,2016/09/28,"03:55:00",SUBIDA AL CAMELLÓN,SIN_DATOS,Lluvioso,Bueno,1,DODGE,AZUL,1,,17,MASCULINO,SIN DATOS,0,0,Morelia,Avicola Benito Juarez,septiembre,miércoles,4,-101.279375553131,19.6915464775965
2007,2007,2016,,2016/09/28,"04:45:00",COLISIÓN CONTRA OBJETO FIJO,ASFALTO,Bueno,Bueno,2,NISSAN,BLANCO,2,,,,SIN DATOS,0,0,Morelia,Vasco de Quiroga,septiembre,miércoles,5,-101.170853376389,19.7038848824302
2008,2008,2016,,2016/09/28,"06:20:00",COLISIÓN POR CORTE DE CIRCULACIÓN,ASFALTO,Bueno,Regular,2,FORD,AZUL,2,,33,MASCULINO,SIN DATOS,0,0,Morelia,Niño Artillero,septiembre,miércoles,6,-101.254334449768,19.697728425201
2009,2009,2016,,2016/09/28,"08:00:00",COLISIÓN POR CORTE DE CIRCULACIÓN,ASFALTO,Bueno,Bueno,2,NISSAN,BLANCO,2,,37,MASCULINO,SIN DATOS,0,0,Morelia,Dr Miguel Silva,septiembre,miércoles,8,-101.188263595104,19.7212141130259
2010,2010,2016,,2016/09/28,"08:40:00",COLISIÓN CONTRA OBJETO FIJO,CONCRETO,Bueno,Bueno,2,V.W.,GRIS,2,,60,MASCULINO,SIN DATOS,0,0,Morelia,Mariano Ontiveros,septiembre,miércoles,9,-101.230237483978,19.672150583213
2011,2011,2016,,2016/09/28,"08:45:00",COLISIÓN POR ALCANCE,ASFALTO,Bueno,Bueno,2,NISSAN,MIEL,2,,27,MASCULINO,SIN DATOS,0,0,Morelia,Nueva Valladolid,septiembre,miércoles,9,-101.210359632969,19.7020819084088
2012,2012,2016,,2016/09/28,"08:45:00",COLISIÓN POR CORTE DE CIRCULACIÓN,ASFALTO,Bueno,Bueno,2,FORD,BLANCO Y AZUL,2,,30,MASCULINO,SIN DATOS,0,0,Morelia,Ana Maria Gallaga (Riviera Norte),septiembre,miércoles,9,-101.222845315933,19.6768179348573
2013,2013,2016,,2016/09/28,"08:50:00",COLISIÓN POR ALCANCE,ASFALTO,Nublado,Bueno,2,FORD,VERDE,2,,38,MASCULINO,SIN DATOS,0,0,Morelia,Centro,septiembre,miércoles,9,-101.200143098831,19.698410243038
2014,2014,2016,,2016/09/28,"09:00:00",COLISIÓN POR CORTE DE CIRCULACIÓN,CONCRETO,Bueno,Bueno,2,DODGE,ROJO,2,,38,FEMENINO,SIN DATOS,0,0,Morelia,Jacarandas,septiembre,miércoles,9,-101.210576891899,19.7079200363738
2015,2015,2016,,2016/09/28,"09:00:00",COLISIÓN POR CORTE DE CIRCULACIÓN,ASFALTO,Bueno,Bueno,2,FORD,ORO,2,,29,FEMENINO,SIN DATOS,0,0,Morelia,Ventura Puente,septiembre,miércoles,9,-101.192681193352,19.692460653191
2016,2016,2016,,2016/09/28,10:00:00,COLISIÓN POR CORTE DE CIRCULACIÓN,ASFALTO,Nublado,Bueno,2,YAMAHA,ROJO,3,MINISTERIO PÚBLICO,30,FEMENINO,SIN DATOS,1,0,Morelia,Dr Miguel Silva,septiembre,miércoles,10,-101.186125874519,19.7135660508694
2017,2017,2016,,2016/09/28,10:15:00,COLISIÓN POR CORTE DE CIRCULACIÓN,ASFALTO,Bueno,Bueno,2,NISSAN,ROJO,2,,26,FEMENINO,SIN DATOS,0,0,Morelia,Jardines de Guadalupe,septiembre,miércoles,10,-101.221756339073,19.7104249117689
2018,2018,2016,,2016/09/28,10:35:00,COLISIÓN POR CORTE DE CIRCULACIÓN,ASFALTO,Bueno,Bueno,2,NISSAN,ROJO,2,,72,FEMENINO,SIN DATOS,0,0,Morelia,Chapultepec Sur,septiembre,miércoles,11,-101.174581646919,19.690869681252
2019,2019,2016,,2016/09/28,10:40:00,COLISIÓN POR CORTE DE CIRCULACIÓN,CONCRETO,Nublado,Bueno,2,TOYOTA,BLANCO,2,,21,MASCULINO,SIN DATOS,0,0,Morelia,Balcones de Santa Maria,septiembre,miércoles,11,-101.187162548304,19.6759314515779
2020,2020,2016,,2016/09/28,11:00:00,COLISIÓN POR CORTE DE CIRCULACIÓN,ASFALTO,Bueno,Bueno,3,NISSAN,BLANCO,3,,33,MASCULINO,SIN DATOS,0,0,Morelia,Indeco Expropiacion Petrolera,septiembre,miércoles,11,-101.225744783878,19.684808690943
2021,2021,2016,,2016/09/28,11:10:00,COLISIÓN POR CORTE DE CIRCULACIÓN,ASFALTO,Bueno,Bueno,2,NISSAN,GRIS,2,,61,MASCULINO,SIN DATOS,0,0,Morelia,Lomas del Valle,septiembre,miércoles,11,-101.230672001839,19.6878543672493
2022,2022,2016,,2016/09/28,14:50:00,COLISIÓN POR CORTE DE CIRCULACIÓN,ASFALTO,Bueno,Bueno,2,KENWORTH,BLANCO,2,,37,MASCULINO,SIN DATOS,0,0,Morelia,Tinijaro,septiembre,miércoles,15,-101.262445449829,19.69663751062
2023,2023,2016,,2016/09/28,15:10:00,COLISIÓN POR CORTE DE CIRCULACIÓN,ASFALTO,Bueno,Bueno,2,HONDA,SIN DATO,2,,67,MASCULINO,SIN DATOS,0,0,Morelia,Independencia,septiembre,miércoles,15,-101.176990270615,19.7052535130093
2024,2024,2016,,2016/09/28,16:40:00,COLISIÓN POR ALCANCE,ASFALTO,Lluvioso,Bueno,2,NISSAN,GRIS,2,,60,MASCULINO,SIN DATOS,0,0,Morelia,Ferrocarrilero,septiembre,miércoles,17,-101.218072324991,19.6970453418256
2025,2025,2016,,2016/09/28,17:00:00,COLISIÓN CONTRA OBJETO FIJO,CONCRETO,Bueno,Bueno,1,FORD,GRIS,0,,,,,0,0,Morelia,Fuentes de Valladolid,septiembre,miércoles,17,-101.221482753754,19.6727971508595
2026,2026,2016,,2016/09/28,17:00:00,COLISIÓN CONTRA OBJETO FIJO,CONCRETO,Lluvioso,Regular,1,MERDES BENZ,AMARILLO,1,,60,MASCULINO,SIN DATOS,0,0,Morelia,Bosques Tres Marias,septiembre,miércoles,17,-101.105251908302,19.7292152759507
2027,2027,2016,,2016/09/28,19:00:00,COLISIÓN POR CORTE DE CIRCULACIÓN,CONCRETO,Lluvioso,Bueno,2,YAMAHA,BLANCO,2,,24,MASCULINO,SIN DATOS,0,0,Morelia,Buenavista,septiembre,miércoles,19,-101.165899336338,19.7051802839943
2028,2028,2016,,2016/09/28,19:10:00,COLISIÓN POR CORTE DE CIRCULACIÓN,ASFALTO,Bueno,Bueno,2,TOYOTA,ARENA,2,,48,FEMENINO,SIN DATOS,0,0,Morelia,Arboledas de La Huerta,septiembre,miércoles,19,-101.223655343056,19.6684529743743
2029,2029,2016,,2016/09/28,22:25:00,SALIDA DE SUPERFICIE DE RODAMIENTO,CONCRETO,Lluvioso,Bueno,1,TOYOTA,VERDE,1,,23,MASCULINO,SIN DATOS,0,0,Morelia,Loma Real,septiembre,miércoles,22,-101.197522580624,19.7266500997872
2030,2030,2016,,2016/09/29,"00:30:00",COLISIÓN POR CORTE DE CIRCULACIÓN,ASFALTO,Nublado,Bueno,2,HONDA,GRIS,2,,20,FEMENINO,CON CERTIFICADO,0,0,Morelia,Los Manantiales de Morelia,septiembre,jueves,1,-101.240901947021,19.6943344443084
2031,2031,2016,,2016/09/29,"01:10:00",COLISIÓN POR CORTE DE CIRCULACIÓN,ASFALTO,Nublado,Bueno,2,FORD,NEGRO,2,,28,FEMENINO,SIN DATOS,0,0,Morelia,Centro,septiembre,jueves,1,-101.193341016769,19.6982688292069
2032,2032,2016,,2016/09/29,"01:15:00",COLISIÓN POR CORTE DE CIRCULACIÓN,ASFALTO,Lluvioso,Bueno,2,V.W.,BLANCO Y AZUL,2,,38,MASCULINO,SIN DATOS,0,0,Morelia,Centro,septiembre,jueves,1,-101.198469400406,19.7031172321093
2033,2033,2016,,2016/09/29,"01:30:00",COLISIÓN POR CORTE DE CIRCULACIÓN,ASFALTO,Lluvioso,Bueno,2,NISSAN,BLANCO,2,,50,MASCULINO,SIN DATOS,0,0,Morelia,Cuauhtemoc,septiembre,jueves,2,-101.178969740868,19.6948142525227
2034,2034,2016,,2016/09/29,"06:45:00",COLISIÓN POR ALCANCE,SIN_DATOS,Bueno,Bueno,1,ITALIKA,AMARILLO,2,,39,MASCULINO,SIN DATOS,1,0,Ario,Sin datos,septiembre,jueves,7,-101.670999526978,19.2403326753261
2035,2035,2016,,2016/09/29,"08:09:00",COLISIÓN POR CORTE DE CIRCULACIÓN,ASFALTO,Bueno,Bueno,2,DODGE,PLATA,2,,21,MASCULINO,SIN DATOS,0,0,Morelia,Tres Puentes,septiembre,jueves,8,-101.213672161102,19.7025768444771
2036,2036,2016,,2016/09/29,"08:40:00",COLISIÓN POR ALCANCE,ASFALTO,Nublado,Regular,2,FREIGHTLINER,BLANCO Y AZUL,2,,26,MASCULINO,SIN DATOS,0,0,Morelia,Alberto Oviedo Mota,septiembre,jueves,9,-101.201934814453,19.6778736264954
2037,2037,2016,,2016/09/29,"09:00:00",COLISIÓN POR CORTE DE CIRCULACIÓN,CONCRETO,Bueno,Bueno,2,VOLKSWAGEN,BLANCO,2,,21,MASCULINO,SIN DATOS,0,0,Morelia,Xangari,septiembre,jueves,9,-101.219551563263,19.6734740235696
2038,2038,2016,,2016/09/29,11:00:00,COLISIÓN POR CORTE DE CIRCULACIÓN,CONCRETO,Bueno,Bueno,2,VOLKSWAGEN,AZUL,2,,26,MASCULINO,SIN DATOS,0,0,Morelia,Melchor Ocampo,septiembre,jueves,11,-101.203967928886,19.7042636559025
2039,2039,2016,,2016/09/29,12:25:00,COLISIÓN POR CORTE DE CIRCULACIÓN,ASFALTO,Bueno,Bueno,2,SIN DATOS,SIN DATOS,2,,,,SIN DATOS,0,0,Morelia,Vasco de Quiroga,septiembre,jueves,12,-101.171797513962,19.7039101340229
2040,2040,2016,,2016/09/29,13:20:00,VOLCADURA,ASFALTO,Bueno,Bueno,1,NISSAN,BLANCO,1,,27,MASCULINO,SIN DATOS,0,0,Morelia,Sin datos,septiembre,jueves,13,-101.275084018707,19.5656536577665
2041,2041,2016,,2016/09/29,14:15:00,COLISIÓN POR CORTE DE CIRCULACIÓN,CONCRETO,Bueno,Bueno,2,V.W.,ROJO,2,,35,MASCULINO,SIN DATOS,0,0,Morelia,Centro,septiembre,jueves,14,-101.197495423257,19.7030487368153
2042,2042,2016,,2016/09/29,15:15:00,COLISIÓN POR CORTE DE CIRCULACIÓN,CONCRETO,Nublado,Regular,2,SIN DATOS,VERDE,2,,,MASCULINO,SIN DATOS,0,0,Morelia,Centro,septiembre,jueves,15,-101.17819994688,19.6991349869613
2043,2043,2016,,2016/09/29,15:30:00,COLISIÓN POR CORTE DE CIRCULACIÓN,ASFALTO,Nublado,Regular,2,MERDES BENZ,BLANCO Y ROJO,2,,41,MASCULINO,SIN DATOS,0,0,Morelia,Lomas de Huerta,septiembre,jueves,16,-101.210115551949,19.6723526358828
2044,2044,2016,,2016/09/29,18:20:00,COLISIÓN POR CORTE DE CIRCULACIÓN,CONCRETO,Bueno,Bueno,2,NISSAN,BLANCO,2,,20,MASCULINO,SIN DATOS,0,0,Morelia,Nueva Chapultepec,septiembre,jueves,18,-101.175488233566,19.688329144075
2045,2045,2016,,2016/09/29,19:20:00,COLISIÓN CONTRA OBJETO FIJO,CONCRETO,Bueno,Bueno,2,MAZDA,BLANCO,1,,45,MASCULINO,SIN DATOS,0,0,Morelia,Chapultepec Sur,septiembre,jueves,19,-101.165864467621,19.6910540327786
2046,2046,2016,,2016/09/29,20:40:00,COLISIÓN POR CORTE DE CIRCULACIÓN,CONCRETO,Bueno,Bueno,2,FAMSA,AMARILLO,2,,40,MASCULINO,SIN DATOS,0,0,Morelia,Industrial,septiembre,jueves,21,-101.188189163804,19.7115959023084
2047,2047,2016,,2016/09/29,21:40:00,SALIDA DE SUPERFICIE DE RODAMIENTO,CONCRETO,Bueno,Bueno,1,DODGE,GRIS,0,MINISTERIO PÚBLICO,,,,0,0,Lázaro Cárdenas,Sin datos,septiembre,jueves,22,-102.241215705872,17.9428896429086
2048,2048,2016,,2016/09/29,23:50:00,COLISIÓN POR ALCANCE,ASFALTO,Lluvioso,Regular,2,SIN DATOS,BLANCO,2,,,,SIN DATOS,0,0,Morelia,Irrigacion,septiembre,jueves,0,-101.225565075874,19.704485237968
2049,2049,2016,,2016/09/30,"00:40:00",COLISIÓN POR CORTE DE CIRCULACIÓN,ASFALTO,Lluvioso,Bueno,1,NISSAN,GRIS,1,,25,MASCULINO,SIN DATOS,0,0,Morelia,Indeco El Vivero,septiembre,viernes,1,-101.231846809387,19.6776968365146
2050,2050,2016,,2016/09/30,"01:10:00",COLISIÓN POR CORTE DE CIRCULACIÓN,CONCRETO,Lluvioso,Bueno,2,JEEP,BLANCO,3,,22,FEMENINO,SIN DATOS,1,0,Morelia,Camelinas,septiembre,viernes,1,-101.174136400223,19.6819498442317
2051,2051,2016,,2016/09/30,"05:45:00",COLISIÓN CONTRA OBJETO FIJO,ASFALTO,Bueno,Regular,1,CHRYSLER,NEGRO,1,,,,SIN DATOS,0,0,Morelia,Santa Maria,septiembre,viernes,6,-101.20191603899,19.6778357429445
2052,2052,2016,,2016/09/30,"08:30:00",COLISIÓN POR CORTE DE CIRCULACIÓN,CONCRETO,Nublado,Bueno,2,SIN DATOS,SIN DATOS,2,,45,MASCULINO,SIN DATOS,1,0,Morelia,Molino de Parras,septiembre,viernes,9,-101.202571839094,19.6980794354873
2053,2053,2016,,2016/09/30,10:20:00,COLISIÓN POR CORTE DE CIRCULACIÓN,ASFALTO,Bueno,Bueno,2,ITALIKA,NEGRO,1,,23,MASCULINO,SIN DATOS,0,0,Morelia,Alberto Oviedo Mota,septiembre,viernes,10,-101.201937496662,19.677850896366
2054,2054,2016,,2016/09/30,12:30:00,COLISIÓN POR CORTE DE CIRCULACIÓN,ASFALTO,Bueno,Bueno,2,CHEVROLET,BLANCO,2,,,MASCULINO,SIN DATOS,0,0,Morelia,Felix Ireta,septiembre,viernes,13,-101.188094615936,19.6874654532689
2055,2055,2016,,2016/09/30,14:55:00,COLISIÓN POR CORTE DE CIRCULACIÓN,ASFALTO,Bueno,Bueno,2,NISSAN,BLANCO Y ROJO,2,,57,MASCULINO,SIN DATOS,0,0,Morelia,Nueva Valladolid,septiembre,viernes,15,-101.21061145,19.7013961799992
2056,2056,2016,,2016/09/30,16:15:00,COLISIÓN POR CORTE DE CIRCULACIÓN,ASFALTO,Bueno,Bueno,3,PEUGEOT,BLANCO,3,,42,MASCULINO,SIN DATOS,0,0,Morelia,Ventura Puente,septiembre,viernes,16,-101.180235743523,19.6888689484631
2057,2057,2016,,2016/09/30,16:20:00,COLISIÓN CONTRA OBJETO FIJO,ASFALTO,Bueno,Bueno,1,CHEVROLET,VERDE,1,,79,MASCULINO,SIN DATOS,0,0,Morelia,Indeco El Vivero,septiembre,viernes,16,-101.231610774994,19.6774846882801
2058,2058,2016,,2016/09/30,16:35:00,COLISIÓN POR ALCANCE,ASFALTO,Bueno,Bueno,2,CHEVROLET,ROJO,2,,22,MASCULINO,SIN DATOS,0,0,Morelia,San Guillermo,septiembre,viernes,17,-101.178261637688,19.7388090736402
2059,2059,2016,,2016/09/30,16:50:00,COLISIÓN POR CORTE DE CIRCULACIÓN,ASFALTO,Bueno,Bueno,2,FORD,ROJO,2,,39,MASCULINO,SIN DATOS,0,0,Morelia,San Pascual,septiembre,viernes,17,-101.267412900925,19.6954758804381
2060,2060,2016,,2016/09/30,17:30:00,SALIDA DE SUPERFICIE DE RODAMIENTO,ASFALTO,Bueno,Malo,1,NISSAN,CAOBA,1,,24,MASCULINO,SIN DATOS,0,0,Puruándiro,Sin datos,septiembre,viernes,18,-101.590576171875,20.1181620058324
2061,2061,2016,,2016/09/30,18:20:00,COLISIÓN POR ALCANCE,ASFALTO,Bueno,Bueno,2,JEEP,BLANCO,2,,36,FEMENINO,SIN DATOS,0,0,Morelia,Arcos del Valle,septiembre,viernes,18,-101.236272454262,19.7076624763974
2062,2062,2016,,2016/09/30,20:10:00,VOLCADURA,ASFALTO,Bueno,Bueno,1,NISSAN,BLANCO,1,MINISTERIO PÚBLICO,38,MASCULINO,SIN DATOS,0,0,Morelia,Ignacio Zaragoza,septiembre,viernes,20,-101.204014196992,19.7253132126181
2063,2063,2016,,2016/09/30,21:35:00,COLISIÓN POR CORTE DE CIRCULACIÓN,ASFALTO,Bueno,Bueno,2,NISSAN,BLANCO,1,,25,MASCULINO,SIN DATOS,0,0,Morelia,Bosques de Oriente,septiembre,viernes,22,-101.155419945717,19.7160405382212
2064,2064,2016,,2016/09/30,23:30:00,COLISIÓN CONTRA OBJETO FIJO,ASFALTO,Bueno,Bueno,1,CHEVROLET,ROJO,0,,,,,0,0,Morelia,Centro,septiembre,viernes,0,-101.204024255276,19.7023672543902
2065,2065,2016,,2016/10/01,"00:00:00",COLISIÓN POR CORTE DE CIRCULACIÓN,ASFALTO,Bueno,Bueno,2,DODGE,BLANCO,2,,42,MASCULINO,SIN DATOS,0,0,Morelia,Centro,octubre,sábado,0,-101.189435720444,19.7053886078282
2066,2066,2016,,2016/10/01,"00:50:00",COLISIÓN POR CORTE DE CIRCULACIÓN,ASFALTO,Bueno,Bueno,2,FORD,SIN DATOS,2,,30,MASCULINO,CON CERTIFICADO,0,0,Morelia,Felix Ireta,octubre,sábado,1,-101.190774142742,19.6843035980623
2067,2067,2016,,2016/10/01,"02:45:00",COLISIÓN POR CORTE DE CIRCULACIÓN,ASFALTO,Bueno,Bueno,2,VOLKSWAGEN,BLANCO,2,,22,MASCULINO,SIN DATOS,0,0,Morelia,Jardines de Torremolinos,octubre,sábado,3,-101.2259298563,19.6768785489195
2068,2068,2016,,2016/10/01,"03:40:00",COLISIÓN CONTRA OBJETO FIJO,CONCRETO,Bueno,Bueno,2,VOLKSWAGEN,NEGRO,2,,25,MASCULINO,CON CERTIFICADO,0,0,Morelia,Centro,octubre,sábado,4,-101.195045560598,19.7048368647184
2069,2069,2016,,2016/10/01,"04:00:00",COLISIÓN CONTRA OBJETO FIJO,ASFALTO,Bueno,Bueno,2,DINA,AZUL,2,,31,MASCULINO,SIN DATOS,0,0,Morelia,Camelinas,octubre,sábado,4,-101.171926259995,19.6820710684498
2070,2070,2016,,2016/10/01,"04:15:00",COLISIÓN CONTRA OBJETO FIJO,CONCRETO,Bueno,Bueno,2,NISSAN,ROJO,2,,32,FEMENINO,CON CERTIFICADO,0,0,Morelia,Centro,octubre,sábado,4,-101.186576485634,19.7029354196517
2071,2071,2016,,2016/10/01,"04:45:00",COLISIÓN CONTRA OBJETO FIJO,ASFALTO,Bueno,Bueno,1,CHEVROLET,ROJO,1,,,,SIN DATOS,0,0,Morelia,Virrey Antonio de Mendoza,octubre,sábado,5,-101.162171065807,19.7065968807148
2072,2072,2016,,2016/10/01,"05:45:00",COLISIÓN POR CORTE DE CIRCULACIÓN,ASFALTO,Bueno,Bueno,2,TOYOTA,NEGRO,2,,22,MASCULINO,SIN DATOS,0,0,Morelia,Cuauhtemoc,octubre,sábado,6,-101.183722615242,19.6946273800208
2073,2073,2016,,2016/10/01,"08:40:00",COLISIÓN CON PEATÓN,ASFALTO,Bueno,Bueno,1,BAJAJ,BLANCO,2,,44,MASCULINO,SIN DATOS,1,0,Morelia,Ana Maria Gallaga (Riviera Norte),octubre,sábado,9,-101.222748756409,19.6768179348573
2074,2074,2016,,2016/10/01,"09:10:00",COLISIÓN CONTRA OBJETO FIJO,ASFALTO,Bueno,Bueno,1,Nissan,Blanco,0,,,,,0,0,Apatzingán,22 de Octubre,octubre,sábado,9,-102.346841096878,19.0868741162464
2075,2075,2016,,2016/10/01,11:20:00,COLISIÓN POR CORTE DE CIRCULACIÓN,CONCRETO,Bueno,Bueno,2,CHEVROLET,BLANCO Y ROSA,2,,43,MASCULINO,SIN DATOS,0,0,Morelia,Centro,octubre,sábado,11,-101.190872713923,19.7009632462466
2076,2076,2016,,2016/10/01,13:45:00,COLISIÓN CONTRA OBJETO FIJO,ASFALTO,Nublado,Bueno,1,MITSUBISHI,GRAFITO,1,,79,MASCULINO,SIN DATOS,0,0,Tarímbaro,Sin datos,octubre,sábado,14,-101.171625852585,19.751123635392
2077,2077,2016,,2016/10/01,14:45:00,COLISIÓN CONTRA OBJETO FIJO,ASFALTO,Bueno,Bueno,1,MAZDA,ROJO,1,,,,SIN DATOS,0,0,Morelia,Villas Lomas del Paraiso,octubre,sábado,15,-101.175606250763,19.673544741449
2078,2078,2016,,2016/10/01,15:00:00,COLISIÓN POR CORTE DE CIRCULACIÓN,ASFALTO,Bueno,Bueno,2,CHRYSLER,AZUL,2,,29,MASCULINO,SIN DATOS,0,0,Morelia,Dr Miguel Silva,octubre,sábado,15,-101.183899641037,19.7192724640229
2079,2079,2016,,2016/10/01,16:00:00,COLISIÓN POR ALCANCE,ASFALTO,Bueno,Bueno,2,NISSAN,ROJO,2,,56,MASCULINO,SIN DATOS,0,0,Morelia,Poblado de Ocolusen,octubre,sábado,16,-101.154846958816,19.6950446862197
2080,2080,2016,,2016/10/01,17:20:00,COLISIÓN POR CORTE DE CIRCULACIÓN,CONCRETO,Bueno,Bueno,2,FORD,BLANCO,2,,35,FEMENINO,SIN DATOS,0,0,Morelia,Enrique Arreguin Robles,octubre,sábado,17,-101.183524131775,19.7193229623452
2081,2081,2016,,2016/10/01,18:10:00,COLISIÓN POR CORTE DE CIRCULACIÓN,ASFALTO,Bueno,Bueno,2,SIN DATOS,SIN DATOS,2,,,,SIN DATOS,0,0,Morelia,Las Americas,octubre,sábado,18,-101.158976554871,19.688010942741
2082,2082,2016,,2016/10/01,18:19:00,COLISIÓN POR CORTE DE CIRCULACIÓN,ASFALTO,Bueno,Bueno,2,KENWORTH,ROJO,3,,29,MASCULINO,SIN DATOS,1,0,Morelia,Alberto Oviedo Mota,octubre,sábado,18,-101.201280355453,19.68028300193
2083,2083,2016,,2016/10/01,18:40:00,COLISIÓN POR CORTE DE CIRCULACIÓN,CONCRETO,Bueno,Regular,2,DODGE,AZUL,2,,51,MASCULINO,SIN DATOS,0,0,Morelia,La Colina,octubre,sábado,19,-101.214112043381,19.7090108740292
2084,2084,2016,,2016/10/01,18:50:00,COLISIÓN POR CORTE DE CIRCULACIÓN,ASFALTO,Bueno,Bueno,2,TOYOTA,BLANCO,2,,44,FEMENINO,SIN DATOS,0,0,Morelia,Ventura Puente,octubre,sábado,19,-101.17945253849,19.6924000450259
2085,2085,2016,,2016/10/01,19:00:00,SALIDA DE SUPERFICIE DE RODAMIENTO,ASFALTO,Bueno,Bueno,1,INTERNATIONAL,AMARILLO,1,,38,MASCULINO,SIN DATOS,0,0,Pátzcuaro,Sin datos,octubre,sábado,19,-101.65814101696,19.5316372118054
2086,2086,2016,,2016/10/01,21:30:00,COLISIÓN POR CORTE DE CIRCULACIÓN,ASFALTO,Bueno,Bueno,2,CHEVROLET,ROJO,2,,19,MASCULINO,SIN DATOS,0,0,Morelia,Fuentes de Valladolid,octubre,sábado,22,-101.222705841064,19.6701199397381
2087,2087,2016,,2016/10/01,22:15:00,SALIDA DE SUPERFICIE DE RODAMIENTO,ASFALTO,Bueno,Malo,1,Ford,Blanco,0,,,,,0,0,Apatzingán,Sin datos,octubre,sábado,22,-102.390089035034,19.0706762622372
2088,2088,2016,,2016/10/01,22:20:00,COLISIÓN POR CORTE DE CIRCULACIÓN,ASFALTO,Bueno,Bueno,2,INTERNATIONAL,BLANCO,2,,48,MASCULINO,SIN DATOS,0,0,Morelia,Lazaro Cardenas,octubre,sábado,22,-101.164212226868,19.7086472623041
2089,2089,2016,,2016/10/01,23:00:00,COLISIÓN POR CORTE DE CIRCULACIÓN,ASFALTO,Bueno,Bueno,2,SIN DATOS,BLANCO Y NARANJA,2,,,,SIN DATOS,0,0,Morelia,Los Angeles,octubre,sábado,23,-101.176319718361,19.7419345074754