fid,id_accidente,anio_origen,folio_c5i,dia_incidente,hora_ocurrencia,tipo_incidente_vial,superficie_ocurrencia,condiciones_climaticas,condiciones_via,numero_vehiculos_involucrados,marca_vehiculo_ocasiona_siniestro,color_vehiculo_ocasiona_siniestro,numero_personas_involucradas,lugar_remite_presunto_responsable,edad_presunto_responsable,sexo_presunto_responsable,resultados_toxicologia,numero_personas_lesionadas,numero_personas_fallecidas,municipio,colonia,mes,dia_semana,hora_redondeada,lon,lat
2090,2090,2016,,2016/10/01,23:30:00,COLISIÓN CONTRA OBJETO FIJO,CONCRETO,Bueno,Bueno,3,DODGE,CAFE,3,MINISTERIO PÚBLICO,,,SIN DATOS,0,0,Morelia,Lomas de Hidalgo,octubre,sábado,0,-101.160093694925,19.6995112464494
2091,2091,2016,,2016/10/02,"00:47:00",COLISIÓN POR CORTE DE CIRCULACIÓN,CONCRETO,Bueno,Bueno,1,DODGE,PLATA,1,,65,MASCULINO,CON CERTIFICADO,0,0,Morelia,Vasco de Quiroga,octubre,domingo,1,-101.167758107185,19.69663751062
2092,2092,2016,,2016/10/02,"03:00:00",COLISIÓN CONTRA OBJETO FIJO,ASFALTO,Bueno,Regular,1,NISSAN,AZUL,1,,17,MASCULINO,SIN DATOS,0,0,Morelia,Ejidal Ocolusen,octubre,domingo,3,-101.154262907803,19.6861875863969
2093,2093,2016,,2016/10/02,"03:40:00",COLISIÓN POR CORTE DE CIRCULACIÓN,CONCRETO,Bueno,Bueno,1,FORD,BLANCO,0,,,,,0,0,Morelia,Gral Gertrudis Sanchez,octubre,domingo,4,-101.211660504341,19.7435451675816
2094,2094,2016,,2016/10/02,"03:50:00",COLISIÓN CONTRA OBJETO FIJO,ASFALTO,Bueno,Regular,1,ITALIKA,BLANCO,1,,48,MASCULINO,SIN DATOS,0,0,Morelia,La Quemada,octubre,domingo,4,-101.24123185873,19.7057471767008
2095,2095,2016,,2016/10/02,"05:10:00",VOLCADURA,ASFALTO,Bueno,Bueno,1,TOYOTA,GUINDA,0,,,,,0,0,Morelia,Leandro Valle,octubre,domingo,5,-101.230044364929,19.7166970284376
2096,2096,2016,,2016/10/02,"05:30:00",COLISIÓN CONTRA OBJETO FIJO,ASFALTO,Bueno,Bueno,1,RENAULT,GRIS,1,,28,MASCULINO,CON CERTIFICADO,0,0,Morelia,Centro,octubre,domingo,6,-101.195229291916,19.6987536761077
2097,2097,2016,,2016/10/02,"05:40:00",COLISIÓN POR CORTE DE CIRCULACIÓN,ASFALTO,Bueno,Bueno,2,NISSAN,GRIS,2,,25,MASCULINO,CON CERTIFICADO,0,0,Morelia,Irrigacion,octubre,domingo,6,-101.224808692932,19.7048191887063
2098,2098,2016,,2016/10/02,"06:00:00",COLISIÓN CONTRA OBJETO FIJO,ASFALTO,Bueno,Regular,1,BMW,BLANCO,1,,25,MASCULINO,SIN DATOS,0,0,Morelia,Villa de Santa Maria,octubre,domingo,6,-101.167452335358,19.6561876175232
2099,2099,2016,,2016/10/02,10:20:00,COLISIÓN CONTRA OBJETO FIJO,ASFALTO,Bueno,Bueno,1,FORD,BLANCO,1,,36,MASCULINO,CON CERTIFICADO,0,0,Morelia,Nueva Valladolid,octubre,domingo,10,-101.210601702332,19.701965749722
2100,2100,2016,,2016/10/02,10:20:00,COLISIÓN CONTRA OBJETO FIJO,ASFALTO,Bueno,Bueno,1,FORD,BLANCO,1,,36,FEMENINO,SIN DATOS,0,0,Morelia,Nueva Valladolid,octubre,domingo,10,-101.21057420969,19.7019834260494
2101,2101,2016,,2016/10/02,11:30:00,COLISIÓN POR ALCANCE,ASFALTO,Bueno,Bueno,2,NISSAN,BLANCO Y GRIS,4,,21,MASCULINO,SIN DATOS,2,0,Morelia,Lomas de Huerta,octubre,domingo,12,-101.212867498398,19.6734841261257
2102,2102,2016,,2016/10/02,11:30:00,COLISIÓN POR ALCANCE,ASFALTO,Bueno,Bueno,2,NISSAN,BLANCO Y GRIS,4,,21,MASCULINO,SIN DATOS,2,0,Morelia,Lomas de Huerta,octubre,domingo,12,-101.212695837021,19.6733527928466
2103,2103,2016,,2016/10/02,12:30:00,COLISIÓN POR CORTE DE CIRCULACIÓN,ASFALTO,Bueno,Bueno,2,RENAULT,NEGRO,2,,25,MASCULINO,SIN DATOS,0,0,Morelia,Villas Valladolid,octubre,domingo,13,-101.216142475605,19.6962965982885
2104,2104,2016,,2016/10/02,12:30:00,COLISIÓN CONTRA OBJETO FIJO,ASFALTO,Bueno,Bueno,2,INTERNATIONAL,BLANCO,2,,32,MASCULINO,SIN DATOS,0,0,Morelia,Lindavista,octubre,domingo,13,-101.216204166412,19.7040717441219
2105,2105,2016,,2016/10/02,13:30:00,COLISIÓN CON PEATÓN,CONCRETO,Bueno,Bueno,1,ITALIKA,ROJO,2,,48,MASCULINO,SIN DATOS,1,0,Morelia,Centro,octubre,domingo,14,-101.186976134777,19.7019253466808
2106,2106,2016,,2016/10/02,16:10:00,COLISIÓN POR CORTE DE CIRCULACIÓN,CONCRETO,Bueno,Bueno,2,CHEVROLET,NEGRO,2,,35,MASCULINO,SIN DATOS,0,0,Morelia,Vasco de Quiroga,octubre,domingo,16,-101.172596812248,19.7049858481713
2107,2107,2016,,2016/10/02,17:40:00,COLISIÓN POR CORTE DE CIRCULACIÓN,CONCRETO,Bueno,Bueno,2,DODGE,AZUL,2,,23,MASCULINO,SIN DATOS,0,0,Morelia,Centro,octubre,domingo,18,-101.201674640179,19.7028571392244
2108,2108,2016,,2016/10/02,19:00:00,COLISIÓN POR ALCANCE,ASFALTO,Nublado,Bueno,3,VOLKSWAGEN,AZUL,3,,28,MASCULINO,SIN DATOS,0,0,Pátzcuaro,Centro,octubre,domingo,19,-101.609088778496,19.5167499186987
2109,2109,2016,,2016/10/02,22:10:00,COLISIÓN POR ALCANCE,ASFALTO,Nublado,Bueno,2,NISSAN,GRIS,2,,62,MASCULINO,CON CERTIFICADO,0,0,Morelia,Jacarandas,octubre,domingo,22,-101.210076659918,19.7084465179766
2110,2110,2016,,2016/10/03,"03:20:00",SUBIDA AL CAMELLÓN,ASFALTO,Bueno,Bueno,1,JEEP,GRIS,1,,47,MASCULINO,CON CERTIFICADO,0,0,Morelia,Fidel Velazquez,octubre,lunes,3,-101.237618923187,19.7067584880996
2111,2111,2016,,2016/10/03,"04:30:00",COLISIÓN CONTRA OBJETO FIJO,ASFALTO,Bueno,Bueno,3,VOLKSWAGEN,ROJO,3,,29,MASCULINO,SIN DATOS,0,0,Morelia,Lomas de Hidalgo,octubre,lunes,5,-101.158418655395,19.6986173130653
2112,2112,2016,,2016/10/03,"07:40:00",COLISIÓN POR ALCANCE,ASFALTO,Bueno,Bueno,2,FREIGHTLINER,BLANCO,2,,22,MASCULINO,SIN DATOS,0,0,Morelia,Indeco El Vivero,octubre,lunes,8,-101.230167746544,19.6770401863066
2113,2113,2016,,2016/10/03,10:50:00,COLISIÓN POR CORTE DE CIRCULACIÓN,ASFALTO,Bueno,Bueno,2,MITSUBISHI,VERDE,2,,43,MASCULINO,SIN DATOS,0,0,Morelia,Alberto Oviedo Mota,octubre,lunes,11,-101.195883750916,19.6828186157673
2114,2114,2016,,2016/10/03,13:50:00,COLISIÓN POR CORTE DE CIRCULACIÓN,CONCRETO,Bueno,Bueno,2,NISSAN,AZUL,2,,40,MASCULINO,SIN DATOS,0,0,Morelia,Industrial,octubre,lunes,14,-101.197557449341,19.7118641873433
2115,2115,2016,,2016/10/03,13:50:00,COLISIÓN POR CORTE DE CIRCULACIÓN,CONCRETO,Bueno,Bueno,2,FORD,BLANCO,2,,18,MASCULINO,SIN DATOS,0,0,Morelia,Agustin Arriaga Rivera,octubre,lunes,14,-101.223039776087,19.6922813539694
2116,2116,2016,,2016/10/03,14:00:00,COLISIÓN POR CORTE DE CIRCULACIÓN,ASFALTO,Bueno,Bueno,2,FORD,ROJO,2,,27,MASCULINO,SIN DATOS,0,0,Morelia,Lomas de Huerta,octubre,lunes,14,-101.210560798645,19.6725445856831
2117,2117,2016,,2016/10/03,14:10:00,COLISIÓN POR CORTE DE CIRCULACIÓN,CONCRETO,Bueno,Bueno,2,CHEVROLET,BLANCO,2,,,,SIN DATOS,0,0,Morelia,Industrial,octubre,lunes,14,-101.197911500931,19.7069150450979
2118,2118,2016,,2016/10/03,14:50:00,COLISIÓN POR CORTE DE CIRCULACIÓN,ASFALTO,Bueno,Bueno,2,NISSAN,BLANCO,2,,39,MASCULINO,SIN DATOS,0,0,Morelia,Isaac Arriaga,octubre,lunes,15,-101.170402765274,19.7082381981252
2119,2119,2016,,2016/10/03,15:00:00,COLISIÓN POR CORTE DE CIRCULACIÓN,ASFALTO,Bueno,Bueno,2,NISSAN,BLANCO,2,,50,MASCULINO,SIN DATOS,0,0,Morelia,Libertad,octubre,lunes,15,-101.236916184425,19.6848238437049
2120,2120,2016,,2016/10/03,15:30:00,COLISIÓN POR CORTE DE CIRCULACIÓN,ASFALTO,Bueno,Bueno,2,DODGE,AZUL,2,MINISTERIO PÚBLICO,34,MASCULINO,SIN DATOS,0,0,Lázaro Cárdenas,1Er Sect de Fidelac,octubre,lunes,16,-102.200049161911,17.9641087833546
2121,2121,2016,,2016/10/03,17:30:00,COLISIÓN POR CORTE DE CIRCULACIÓN,ASFALTO,Bueno,Bueno,2,SIN DATOS,SIN DATOS,3,,,,SIN DATOS,1,0,Morelia,Ventura Puente,octubre,lunes,18,-101.18803024292,19.6904454193981
2122,2122,2016,,2016/10/03,19:00:00,COLISIÓN POR CORTE DE CIRCULACIÓN,ASFALTO,Bueno,Bueno,2,V.W.,AZUL,2,,33,MASCULINO,SIN DATOS,0,0,Morelia,Industrial,octubre,lunes,19,-101.193818449974,19.7123893934498
2123,2123,2016,,2016/10/03,19:45:00,COLISIÓN POR CORTE DE CIRCULACIÓN,ASFALTO,Bueno,Bueno,2,V.W.,GRIS,2,,41,FEMENINO,SIN DATOS,0,0,Morelia,5 de Mayo,octubre,lunes,20,-101.17716729641,19.7032384402996
2124,2124,2016,,2016/10/03,20:20:00,COLISIÓN POR CORTE DE CIRCULACIÓN,ASFALTO,Bueno,Bueno,2,VOLKSWAGEN,AZUL,2,,32,FEMENINO,SIN DATOS,0,0,Morelia,Felix Ireta,octubre,lunes,20,-101.195792555809,19.6826418312437
2125,2125,2016,,2016/10/03,23:00:00,COLISIÓN CONTRA OBJETO FIJO,CONCRETO,Nublado,Malo,2,FORD,BLANCO,2,,,,SIN DATOS,0,0,Morelia,Gral Gertrudis Sanchez,octubre,lunes,23,-101.208390221,19.7424122794294
2126,2126,2016,,2016/10/04,"05:10:00",COLISIÓN POR CORTE DE CIRCULACIÓN,CONCRETO,Bueno,Bueno,2,JEEP,GRIS,2,,25,MASCULINO,SIN DATOS,0,0,Morelia,Primo Tapia Oriente,octubre,martes,5,-101.163010597229,19.7116470343145
2127,2127,2016,,2016/10/04,"08:40:00",COLISIÓN POR ALCANCE,ASFALTO,Nublado,Malo,2,DODGE,AZUL,2,,35,MASCULINO,SIN DATOS,0,0,Morelia,Enrique Arreguin Robles,octubre,martes,9,-101.184318065643,19.7195653540697
2128,2128,2016,,2016/10/04,11:40:00,COLISIÓN POR CORTE DE CIRCULACIÓN,ASFALTO,Bueno,Bueno,2,DODGE,BLANCO,2,,39,MASCULINO,SIN DATOS,0,0,Morelia,Felix Ireta,octubre,martes,12,-101.189253330231,19.6904555208839
2129,2129,2016,,2016/10/04,12:35:00,COLISIÓN POR ALCANCE,CONCRETO,Bueno,Bueno,3,FORD,ORO,3,,48,MASCULINO,SIN DATOS,0,0,Morelia,Ferrocarrilero,octubre,martes,13,-101.22228205204,19.692958144346
2130,2130,2016,,2016/10/04,13:20:00,COLISIÓN POR CORTE DE CIRCULACIÓN,ASFALTO,Bueno,Bueno,2,MERDES BENZ,BLANCO,2,,28,MASCULINO,SIN DATOS,0,0,Morelia,Ejidal Ocolusen,octubre,martes,13,-101.152292490005,19.6841924774148
2131,2131,2016,,2016/10/04,14:10:00,COLISIÓN CON PEATÓN,CONCRETO,Bueno,Bueno,1,CHEVROLET,ROJO,2,,70,FEMENINO,SIN DATOS,1,0,Morelia,Pascual Ortiz de Ayala,octubre,martes,14,-101.151718497276,19.6950162766037
2132,2132,2016,,2016/10/04,16:00:00,COLISIÓN POR CORTE DE CIRCULACIÓN,CONCRETO,Bueno,Bueno,2,SEAT,ROJO,2,,34,MASCULINO,SIN DATOS,0,0,Morelia,Vasco de Quiroga,octubre,martes,16,-101.17583155632,19.698278930199
2133,2133,2016,,2016/10/04,16:15:00,COLISIÓN POR CORTE DE CIRCULACIÓN,ASFALTO,Bueno,Bueno,2,KENWORTH,AMARILLO,2,,34,MASCULINO,SIN DATOS,0,0,Morelia,Nueva Valladolid,octubre,martes,16,-101.209144592285,19.6986829693595
2134,2134,2016,,2016/10/04,18:30:00,SALIDA DE SUPERFICIE DE RODAMIENTO,ASFALTO,Bueno,Bueno,2,TOYOTA,BLANCO Y MORADO,2,,31,MASCULINO,SIN DATOS,0,0,Morelia,Isaac Arriaga,octubre,martes,19,-101.166551113129,19.7101724059466
2135,2135,2016,,2016/10/04,19:00:00,COLISIÓN POR CORTE DE CIRCULACIÓN,ASFALTO,Bueno,Bueno,2,NISSAN,PLATA,2,,,MASCULINO,SIN DATOS,0,0,Morelia,San Jose Itzicuaro,octubre,martes,19,-101.304438114166,19.6877331474087
2136,2136,2016,,2016/10/04,22:35:00,VOLCADURA,ASFALTO,Bueno,Bueno,1,NISSAN,GRIS,0,MINISTERIO PÚBLICO,,,,0,0,Morelia,El Lago 1,octubre,martes,23,-101.216503232718,19.7272522634419
2137,2137,2016,,2016/10/04,23:10:00,COLISIÓN POR CORTE DE CIRCULACIÓN,ASFALTO,Nublado,Regular,2,CHEVROLET,GRIS,2,,27,MASCULINO,SIN DATOS,0,0,Morelia,Indeco Santiaguito,octubre,martes,23,-101.178781986237,19.720267278032
2138,2138,2016,,2016/10/04,23:50:00,COLISIÓN POR ALCANCE,ASFALTO,Bueno,Bueno,2,CHEVROLET,AZUL,2,,25,FEMENINO,SIN DATOS,0,0,Morelia,Jardines de Torremolinos,octubre,martes,0,-101.225699186325,19.6769795723055
2139,2139,2016,,2016/10/05,"01:00:00",VOLCADURA,ASFALTO,Bueno,Bueno,1,CHRYSLER,ROJO,1,MINISTERIO PÚBLICO,,,,0,1,Morelia,El Durazno,octubre,miércoles,1,-101.180992126465,19.656894871164
2140,2140,2016,,2016/10/05,"07:50:00",COLISIÓN CONTRA OBJETO FIJO,ASFALTO,Bueno,Bueno,1,CHEVROLET,NEGRO,1,,33,FEMENINO,SIN DATOS,0,0,Morelia,Tlalpujahua,octubre,miércoles,8,-101.217577457428,19.6758582091503
2141,2141,2016,,2016/10/05,"09:00:00",COLISIÓN POR CORTE DE CIRCULACIÓN,ASFALTO,Bueno,Bueno,2,INTERNATIONAL,BLANCO,2,,66,MASCULINO,SIN DATOS,0,0,Morelia,Tres Puentes,octubre,miércoles,9,-101.213757991791,19.7027485566328
2142,2142,2016,,2016/10/05,12:50:00,COLISIÓN POR CORTE DE CIRCULACIÓN,ASFALTO,Bueno,Regular,2,DODGE,BLANCO,2,,34,MASCULINO,SIN DATOS,0,0,Morelia,Centro,octubre,miércoles,13,-101.199528202415,19.7056505904463
2143,2143,2016,,2016/10/05,14:10:00,COLISIÓN CONTRA OBJETO FIJO,ASFALTO,Bueno,Bueno,2,CHEVROLET,PLATA,2,,27,FEMENINO,SIN DATOS,0,0,Morelia,Quinceo,octubre,miércoles,14,-101.224304437637,19.7256452262451
2144,2144,2016,,2016/10/05,14:40:00,COLISIÓN POR CORTE DE CIRCULACIÓN,CONCRETO,Bueno,Bueno,2,DINA,VERDE,2,,30,MASCULINO,SIN DATOS,0,0,Morelia,Central de Abastos,octubre,miércoles,15,-101.168171167374,19.7165000816557
2145,2145,2016,,2016/10/05,15:30:00,COLISIÓN POR CORTE DE CIRCULACIÓN,ASFALTO,Bueno,Bueno,2,CHRYSLER,BLANCO Y ROJO,2,,48,MASCULINO,SIN DATOS,0,0,Morelia,Eduardo Ruiz,octubre,miércoles,16,-101.216751337051,19.7184139901047
2146,2146,2016,,2016/10/05,16:05:00,COLISIÓN POR CORTE DE CIRCULACIÓN,CONCRETO,Bueno,Bueno,3,TOYOTA,BLANCO Y GRIS,3,,46,MASCULINO,SIN DATOS,0,0,Morelia,Ventura Puente,octubre,miércoles,16,-101.191828250885,19.6931020881989
2147,2147,2016,,2016/10/05,16:14:00,COLISIÓN POR CORTE DE CIRCULACIÓN,ASFALTO,Bueno,Bueno,2,YAMAHA,NEGRO,2,,37,MASCULINO,SIN DATOS,0,0,Morelia,Pascual Ortiz de Ayala,octubre,miércoles,16,-101.151659488678,19.6949278910997
2148,2148,2016,,2016/10/05,17:10:00,COLISIÓN POR CORTE DE CIRCULACIÓN,CONCRETO,Bueno,Bueno,2,ELECTRIC,NARANJA,2,MINISTERIO PÚBLICO,,MASCULINO,SIN DATOS,0,0,Morelia,Sin datos,octubre,miércoles,17,-101.116324067116,19.7022132181272
2149,2149,2016,,2016/10/05,17:40:00,COLISIÓN CON PEATÓN,CONCRETO,Bueno,Bueno,1,NISSAN,GRIS,2,,43,FEMENINO,SIN DATOS,1,0,Morelia,Arcos del Valle,octubre,miércoles,18,-101.23627781868,19.7076624763974
2150,2150,2016,,2016/10/05,18:15:00,COLISIÓN CONTRA OBJETO FIJO,CONCRETO,Bueno,Bueno,2,CHEVROLET,NEGRO,2,,44,MASCULINO,CON CERTIFICADO,0,0,Morelia,Dr Miguel Silva,octubre,miércoles,18,-101.187397241592,19.7180604995042
2151,2151,2016,,2016/10/05,20:20:00,COLISIÓN CON PEATÓN,ASFALTO,Bueno,Regular,1,SIN DATOS,BLANCO,2,,24,MASCULINO,SIN DATOS,1,0,Morelia,Ciudad Industrial,octubre,miércoles,20,-101.141724586487,19.726210783991
2152,2152,2016,,2016/10/05,20:20:00,COLISIÓN POR CORTE DE CIRCULACIÓN,ASFALTO,Bueno,Bueno,2,MAZDA,PLATA,2,,64,MASCULINO,SIN DATOS,0,0,Morelia,Centro,octubre,miércoles,20,-101.188814789057,19.7082217850344
2153,2153,2016,,2016/10/05,20:40:00,SALIDA DE SUPERFICIE DE RODAMIENTO,CONCRETO,Lluvioso,Bueno,1,CHRYSLER,ROJO,1,,66,MASCULINO,SIN DATOS,0,0,Morelia,Torreon Nuevo,octubre,miércoles,21,-101.194660663605,19.7313916037475
2154,2154,2016,,2016/10/05,21:00:00,SALIDA DE SUPERFICIE DE RODAMIENTO,TERRACERIA,Bueno,Bueno,1,NISSAN,ROJO,0,,,,,0,0,Lázaro Cárdenas,Sin datos,octubre,miércoles,21,-102.342410087585,18.0140795339392
2155,2155,2016,,2016/10/05,21:10:00,SALIDA DE SUPERFICIE DE RODAMIENTO,CONCRETO,Lluvioso,Regular,1,FORD,BLANCO,1,,77,MASCULINO,SIN DATOS,0,0,Morelia,Morelia 450,octubre,miércoles,21,-101.21618270874,19.6752305959411
2156,2156,2016,,2016/10/05,22:50:00,COLISIÓN POR ALCANCE,ASFALTO,Bueno,Bueno,2,PEUGEOT,CAFE,2,,31,MASCULINO,SIN DATOS,0,0,Morelia,Ricardo Flores Magon,octubre,miércoles,23,-101.244549751282,19.7047383840547
2157,2157,2016,,2016/10/05,23:40:00,COLISIÓN CONTRA OBJETO FIJO,ASFALTO,Lluvioso,Regular,1,DODGE,PLATA,1,,18,MASCULINO,SIN DATOS,0,0,Morelia,Arboledas de La Huerta,octubre,miércoles,0,-101.223848462105,19.6678569037638
2158,2158,2016,,2016/10/06,"04:20:00",COLISIÓN CONTRA OBJETO FIJO,ASFALTO,Lluvioso,Bueno,1,FORD,BLANCO,1,,40,MASCULINO,CON CERTIFICADO,0,0,Morelia,Jardines de Guadalupe,octubre,jueves,4,-101.226977258921,19.7120093767039
2159,2159,2016,,2016/10/06,"06:00:00",VOLCADURA,ASFALTO,Nublado,Regular,1,FORD,NEGRO,1,,26,MASCULINO,SIN DATOS,0,0,Morelia,Alberto Oviedo Mota,octubre,jueves,6,-101.20101749897,19.6806062696715
2160,2160,2016,,2016/10/06,"07:40:00",COLISIÓN POR CORTE DE CIRCULACIÓN,ASFALTO,Bueno,Bueno,3,Kenworth,Blanco/Azul,3,,52,MASCULINO,SIN DATOS,0,0,Aguililla,Sin datos,octubre,jueves,8,-102.673888206482,18.9452782993139
2161,2161,2016,,2016/10/06,"09:10:00",COLISIÓN POR CORTE DE CIRCULACIÓN,ASFALTO,Bueno,Bueno,2,V.W.,AZUL,2,,26,FEMENINO,SIN DATOS,0,0,Morelia,Ventura Puente,octubre,jueves,9,-101.183803081512,19.6931424934677
2162,2162,2016,,2016/10/06,"09:40:00",VOLCADURA,ASFALTO,Bueno,Bueno,1,MAZDA,PLATA,1,,,,SIN DATOS,0,0,Morelia,Club de Golf Tres Marias,octubre,jueves,10,-101.112611889839,19.7051121052261
2163,2163,2016,,2016/10/06,10:40:00,COLISIÓN POR CORTE DE CIRCULACIÓN,ASFALTO,Bueno,Bueno,2,AUDI,NEGRO,2,,33,MASCULINO,SIN DATOS,0,0,Morelia,Morelos,octubre,jueves,11,-101.207841038704,19.7006930490213
2164,2164,2016,,2016/10/06,11:50:00,COLISIÓN POR CORTE DE CIRCULACIÓN,ASFALTO,Bueno,Bueno,2,JEEP,GRIS,2,,18,MASCULINO,SIN DATOS,0,0,Morelia,Fovissste La Huerta,octubre,jueves,12,-101.21223449707,19.692374791617
2165,2165,2016,,2016/10/06,13:30:00,COLISIÓN CON PEATÓN,ADOQUIN_EMPEDRADO,Bueno,Bueno,1,NISSAN,BLANCO/ROJO,2,,28,MASCULINO,SIN DATOS,1,0,Pátzcuaro,Centro,octubre,jueves,14,-101.607152223587,19.5237247951405
2166,2166,2016,,2016/10/06,14:30:00,SALIDA DE SUPERFICIE DE RODAMIENTO,ASFALTO,Bueno,Bueno,1,VOLKSWAGEN,ROJO,1,,71,MASCULINO,SIN DATOS,0,0,Charo,Sin datos,octubre,jueves,15,-101.065785884857,19.7446509091561
2167,2167,2016,,2016/10/06,16:20:00,COLISIÓN POR CORTE DE CIRCULACIÓN,ASFALTO,Bueno,Bueno,2,CHEVROLET,AZUL,4,,24,MASCULINO,SIN DATOS,2,0,Morelia,Centro,octubre,jueves,16,-101.189403533936,19.696021342617
2168,2168,2016,,2016/10/06,17:30:00,COLISIÓN POR CORTE DE CIRCULACIÓN,ASFALTO,Bueno,Malo,2,FORD,GRIS,2,,30,FEMENINO,SIN DATOS,0,0,Morelia,Sentimientos de La Nacion,octubre,jueves,18,-101.235290765762,19.6812325990642
2169,2169,2016,,2016/10/06,19:10:00,COLISIÓN POR CORTE DE CIRCULACIÓN,SIN_DATOS,Bueno,Bueno,2,VOLVO,NEGRO,2,,63,FEMENINO,SIN DATOS,0,0,Morelia,Chapultepec Sur,octubre,jueves,19,-101.16573035717,19.6890362558864
2170,2170,2016,,2016/10/06,20:15:00,COLISIÓN POR CORTE DE CIRCULACIÓN,CONCRETO,Bueno,Bueno,2,TOYOTA,BLANCO,2,,37,MASCULINO,SIN DATOS,0,0,Morelia,Ilustres Novohispanos,octubre,jueves,20,-101.152120828629,19.7102734083234
2171,2171,2016,,2016/10/06,22:40:00,COLISIÓN POR ALCANCE,ASFALTO,Bueno,Bueno,2,NISSAN,PLATA,2,,19,FEMENINO,SIN DATOS,0,0,Morelia,Lomas de Huerta,octubre,jueves,23,-101.210163831711,19.6724183029456
2172,2172,2016,,2016/10/06,23:50:00,COLISIÓN CONTRA OBJETO FIJO,SIN_DATOS,Bueno,Bueno,1,DODGE,SIN DATOS,1,,28,MASCULINO,SIN DATOS,0,0,Morelia,Pablo Galeana,octubre,jueves,0,-101.23238325119,19.6377777189806
2173,2173,2016,,2016/10/07,"01:00:00",COLISIÓN POR ALCANCE,ASFALTO,Bueno,Bueno,2,CHEVROLET,GRIS,2,,32,MASCULINO,CON CERTIFICADO,0,0,Morelia,Centro,octubre,viernes,1,-101.196924448013,19.7030717790143
2174,2174,2016,,2016/10/07,"01:40:00",SALIDA DE SUPERFICIE DE RODAMIENTO,CONCRETO,Bueno,Bueno,1,FORD,NEGRO,1,,,MASCULINO,SIN DATOS,0,0,Morelia,Gertrudis Sanchez,octubre,viernes,2,-101.203104257584,19.7368752123754
2175,2175,2016,,2016/10/07,"02:20:00",CAIDA DE MOTOCICLETA,ASFALTO,Bueno,Bueno,1,YAMAHA,BLANCO,0,,,,,0,0,Morelia,Prados Verdes,octubre,viernes,2,-101.197407245636,19.7135458508151
2176,2176,2016,,2016/10/07,"02:30:00",SALIDA DE SUPERFICIE DE RODAMIENTO,TERRACERIA,Bueno,Bueno,1,NISSAN,ROJO,1,,22,MASCULINO,SIN DATOS,0,0,Morelia,Lomas de Huerta,octubre,viernes,3,-101.214283704758,19.6743731485693
2177,2177,2016,,2016/10/07,"04:30:00",COLISIÓN CONTRA OBJETO FIJO,CONCRETO,Bueno,Bueno,1,FORD,ROJO,0,MINISTERIO PÚBLICO,,,,0,0,Lázaro Cárdenas,Napoleon Gomez Sada,octubre,viernes,5,-102.227193117142,17.9781003869433
2178,2178,2016,,2016/10/07,"06:20:00",COLISIÓN POR ALCANCE,ASFALTO,Bueno,Bueno,3,SIN DATOS,SIN DATOS,2,,31,FEMENINO,SIN DATOS,0,0,Morelia,Felix Arreguin,octubre,viernes,6,-101.227920055389,19.7193027630182
2179,2179,2016,,2016/10/07,"07:10:00",COLISIÓN POR CORTE DE CIRCULACIÓN,ASFALTO,Bueno,Bueno,1,HONDA,GRIS,1,,42,FEMENINO,SIN DATOS,0,0,Morelia,Ana Maria Gallaga (Riviera Norte),octubre,viernes,7,-101.219605207443,19.6770603909685
2180,2180,2016,,2016/10/07,21:37:00,COLISIÓN POR CORTE DE CIRCULACIÓN,ASFALTO,Bueno,Bueno,2,FORD,NEGRO,2,,35,MASCULINO,SIN DATOS,0,0,Morelia,Libertad,octubre,viernes,22,-101.23810172081,19.6873694873362
2181,2181,2016,,2016/10/07,21:50:00,COLISIÓN POR CORTE DE CIRCULACIÓN,ASFALTO,Bueno,Bueno,2,SIN DATO,SIN DATO,2,,35,MASCULINO,SIN DATOS,0,0,Morelia,La Huerta,octubre,viernes,22,-101.214814782143,19.6742847516722
2182,2182,2016,,2016/10/07,21:50:00,COLISIÓN POR ALCANCE,ASFALTO,Bueno,Bueno,2,CHEVROLET,VERDE,2,,43,MASCULINO,SIN DATOS,0,0,Morelia,Francisco J Mujica,octubre,viernes,22,-101.186978816986,19.7228275069337
2183,2183,2016,,2016/10/08,"00:00:00",SUBIDA AL CAMELLÓN,SIN_DATOS,Bueno,Bueno,1,MERCEDES BENZ,ROJO,1,,41,MASCULINO,SIN DATOS,0,0,Morelia,Canteras de Morelia,octubre,sábado,0,-101.17329955101,19.7162223357818
2184,2184,2016,,2016/10/08,"01:10:00",COLISIÓN POR CORTE DE CIRCULACIÓN,ASFALTO,Bueno,Bueno,2,CHEVROLET,NEGRO,2,,22,MASCULINO,SIN DATOS,0,0,Morelia,Sin datos,octubre,sábado,1,-101.425437927246,19.6217304873727
2185,2185,2016,,2016/10/08,"02:30:00",COLISIÓN POR CORTE DE CIRCULACIÓN,ASFALTO,Bueno,Bueno,2,CHEVROLET,AZUL,2,MINISTERIO PÚBLICO,20,MASCULINO,SIN DATOS,0,0,Morelia,Centro,octubre,sábado,3,-101.192826032639,19.7030111748675
2186,2186,2016,,2016/10/08,"07:25:00",COLISIÓN POR CORTE DE CIRCULACIÓN,ASFALTO,Lluvioso,Bueno,3,Ford,Blanco,1,MINISTERIO PÚBLICO,29,MASCULINO,SIN DATOS,0,0,Apatzingán,Sin datos,octubre,sábado,7,-102.458238601685,19.0956796087434
2187,2187,2016,,2016/10/08,"07:40:00",SALIDA DE SUPERFICIE DE RODAMIENTO,ASFALTO,Bueno,Bueno,2,NISSAN,BLANCO,4,,48,MASCULINO,CON CERTIFICADO,2,0,Morelia,Centro,octubre,sábado,8,-101.19243979454,19.7030313762523