fid,id_accidente,anio_origen,folio_c5i,dia_incidente,hora_ocurrencia,tipo_incidente_vial,superficie_ocurrencia,condiciones_climaticas,condiciones_via,numero_vehiculos_involucrados,marca_vehiculo_ocasiona_siniestro,color_vehiculo_ocasiona_siniestro,numero_personas_involucradas,lugar_remite_presunto_responsable,edad_presunto_responsable,sexo_presunto_responsable,resultados_toxicologia,numero_personas_lesionadas,numero_personas_fallecidas,municipio,colonia,mes,dia_semana,hora_redondeada,lon,lat
2188,2188,2016,,2016/10/08,11:30:00,COLISIÓN POR CORTE DE CIRCULACIÓN,ASFALTO,Bueno,Bueno,2,CHEVROLET,BLANCO,2,,36,MASCULINO,SIN DATOS,0,0,Morelia,Gertrudis Sanchez,octubre,sábado,12,-101.199617385864,19.7398643562027
2189,2189,2016,,2016/10/08,11:40:00,COLISIÓN POR ALCANCE,CONCRETO,Bueno,Bueno,3,NISSAN,AZUL,3,,60,MASCULINO,SIN DATOS,0,0,Morelia,Isaac Arriaga,octubre,sábado,12,-101.167666912079,19.7115056321837
2190,2190,2016,,2016/10/08,13:45:00,COLISIÓN POR CORTE DE CIRCULACIÓN,CONCRETO,Bueno,Bueno,2,FORD,BLANCO,3,,34,MASCULINO,SIN DATOS,1,0,Morelia,Adolfo Lopez Mateos,octubre,sábado,14,-101.225618720055,19.6945869751268
2191,2191,2016,,2016/10/08,14:10:00,COLISIÓN POR ALCANCE,ASFALTO,Bueno,Bueno,2,V.W.,BLANCO,2,,30,MASCULINO,SIN DATOS,0,0,Morelia,Matamoros,octubre,sábado,14,-101.164458990097,19.6959708369378
2192,2192,2016,,2016/10/08,23:45:00,COLISIÓN POR CORTE DE CIRCULACIÓN,SIN_DATOS,Bueno,Bueno,2,NISSAN,NEGRO,1,,42,MASCULINO,SIN DATOS,0,0,Morelia,Chapultepec Norte,octubre,sábado,0,-101.170338392258,19.6945263677667
2193,2193,2016,,2016/10/09,"00:00:00",COLISIÓN POR ALCANCE,ASFALTO,Bueno,Bueno,2,DODGE,GRIS,2,,35,MASCULINO,CON CERTIFICADO,0,0,Morelia,Centro,octubre,domingo,0,-101.180616617203,19.7037283224664
2194,2194,2016,,2016/10/09,"00:00:00",COLISIÓN POR CORTE DE CIRCULACIÓN,ASFALTO,Bueno,Bueno,2,Chevrolet,Blanco,4,,59,MASCULINO,SIN DATOS,2,0,Apatzingán,Bonifacio Moreno,octubre,domingo,0,-102.356620430946,19.0894037789081
2195,2195,2016,,2016/10/09,"01:10:00",COLISIÓN POR CORTE DE CIRCULACIÓN,ASFALTO,Bueno,Bueno,2,CHEVROLET,GRIS,2,,29,MASCULINO,SIN DATOS,0,0,Morelia,Rafael Carrillo,octubre,domingo,1,-101.233343482018,19.7120762900171
2196,2196,2016,,2016/10/09,"01:30:00",COLISIÓN POR ALCANCE,ASFALTO,Bueno,Bueno,2,PONTIAC,BLANCO,2,MINISTERIO PÚBLICO,,,SIN DATOS,0,0,Morelia,Felix Ireta,octubre,domingo,2,-101.191602945328,19.6825862703531
2197,2197,2016,,2016/10/09,"03:20:00",COLISIÓN POR CORTE DE CIRCULACIÓN,ASFALTO,Bueno,Bueno,2,FORD,BLANCO,2,,62,MASCULINO,CON CERTIFICADO,0,0,Morelia,Fovissste La Huerta,octubre,domingo,3,-101.21212720871,19.6924353997917
2198,2198,2016,,2016/10/09,"04:30:00",VOLCADURA,ASFALTO,Bueno,Bueno,1,NISSAN,BLANCO,1,,,,SIN DATOS,0,0,Morelia,Tenencia Morelos,octubre,domingo,5,-101.237734258175,19.6518114162833
2199,2199,2016,,2016/10/09,"04:30:00",VOLCADURA,ASFALTO,Bueno,Malo,1,HONDA,ROJO,1,,,,SIN DATOS,0,0,Zinapécuaro,Sin datos,octubre,domingo,5,-100.868589878082,19.8614426549305
2200,2200,2016,,2016/10/09,"05:10:00",SALIDA DE SUPERFICIE DE RODAMIENTO,CONCRETO,Bueno,Bueno,1,FORD,GRIS,0,,,,,0,0,Morelia,Ampliacion La Soledad,octubre,domingo,5,-101.18465334177,19.7301014640495
2201,2201,2016,,2016/10/09,"05:30:00",COLISIÓN CONTRA OBJETO FIJO,ASFALTO,Bueno,Bueno,1,VOLKSWAGEN,BLANCO,1,,,,SIN DATOS,0,0,Morelia,Loma de Los Piñones,octubre,domingo,6,-101.202803850174,19.675701621779
2202,2202,2016,,2016/10/09,"06:30:00",COLISIÓN POR CORTE DE CIRCULACIÓN,ASFALTO,Bueno,Bueno,2,SEAT,ROJO,1,,30,MASCULINO,SIN DATOS,0,0,Morelia,Reforma,octubre,domingo,7,-101.239783465862,19.706457999238
2203,2203,2016,,2016/10/09,"08:20:00",COLISIÓN CONTRA OBJETO FIJO,CONCRETO,Bueno,Bueno,2,VOLKSWAGEN,NEGRO,2,,23,MASCULINO,CON CERTIFICADO,0,0,Morelia,Tenencia Morelos,octubre,domingo,8,-101.244345903397,19.649306887237
2204,2204,2016,,2016/10/09,"08:20:00",SALIDA DE SUPERFICIE DE RODAMIENTO,ASFALTO,Bueno,Regular,1,CHEVROLET,GRIS,1,,,MASCULINO,SIN DATOS,0,0,Pátzcuaro,Centro,octubre,domingo,8,-101.61027431488,19.5301255404229
2205,2205,2016,,2016/10/09,"09:40:00",COLISIÓN POR CORTE DE CIRCULACIÓN,ASFALTO,Bueno,Bueno,2,CHEVROLET,BLANCO,3,MINISTERIO PÚBLICO,40,MASCULINO,SIN DATOS,1,0,Lázaro Cárdenas,Las Palmas,octubre,domingo,10,-102.220981121063,17.9682446371337
2206,2206,2016,,2016/10/09,10:15:00,COLISIÓN POR CORTE DE CIRCULACIÓN,CONCRETO,Bueno,Bueno,2,SATURN,GRIS,2,,46,FEMENINO,SIN DATOS,0,0,Morelia,Centro,octubre,domingo,10,-101.193644106388,19.7002132584313
2207,2207,2016,,2016/10/09,12:20:00,COLISIÓN POR CORTE DE CIRCULACIÓN,CONCRETO,Bueno,Bueno,3,SIN DATOS,SIN DATOS,3,,,,SIN DATOS,0,0,Morelia,Centro,octubre,domingo,12,-101.178202629089,19.6992031682765
2208,2208,2016,,2016/10/09,14:30:00,COLISIÓN POR CORTE DE CIRCULACIÓN,ASFALTO,Bueno,Bueno,3,NISSAN,BLANCO/ROJO,3,,32,MASCULINO,CON CERTIFICADO,0,0,Morelia,Ampliacion La Soledad,octubre,domingo,15,-101.183009147644,19.7325933683395
2209,2209,2016,,2016/10/09,17:00:00,COLISIÓN POR CORTE DE CIRCULACIÓN,ASFALTO,Bueno,Regular,2,BAJAU,ROJO,2,,35,MASCULINO,SIN DATOS,0,0,Morelia,Eduardo Ruiz,octubre,domingo,17,-101.216670870781,19.7183180427332
2210,2210,2016,,2016/10/09,22:45:00,COLISIÓN POR CORTE DE CIRCULACIÓN,ASFALTO,Bueno,Regular,2,VOLKSWAGEN,MARRON,2,,36,MASCULINO,SIN DATOS,0,0,Morelia,Josefa Ortiz de Dominguez,octubre,domingo,23,-101.209670305252,19.6720697620738
2211,2211,2016,,2016/10/09,23:59:00,COLISIÓN POR CORTE DE CIRCULACIÓN,ASFALTO,Bueno,Bueno,1,CHEVROLET,NEGRO,1,,,,SIN DATOS,0,0,Morelia,La Hacienda,octubre,domingo,0,-101.315006017685,19.6851117459069
2213,2213,2016,,2016/10/10,"00:10:00",COLISIÓN POR CORTE DE CIRCULACIÓN,ASFALTO,Bueno,Regular,2,CHRYSLER,NEGRO,2,,23,MASCULINO,SIN DATOS,0,0,Zinapécuaro,Sin datos,octubre,lunes,0,-100.919605493546,19.878202342839
2214,2214,2016,,2016/10/10,"03:30:00",COLISIÓN POR CORTE DE CIRCULACIÓN,CONCRETO,Bueno,Bueno,2,CHEVROLET,ROJO,2,MINISTERIO PÚBLICO,35,MASCULINO,SIN DATOS,0,1,Morelia,Lomas del Tecnologico,octubre,lunes,4,-101.193359792233,19.7234334722692
2215,2215,2016,,2016/10/10,"03:30:00",COLISIÓN CONTRA OBJETO FIJO,ASFALTO,Bueno,Bueno,2,CHEVROLET,BLANCO Y ROJO,2,,53,,SIN DATOS,0,0,Morelia,San Rafael,octubre,lunes,4,-101.155039072037,19.7007284019552
2216,2216,2016,,2016/10/10,"06:30:00",COLISIÓN POR CORTE DE CIRCULACIÓN,ASFALTO,Bueno,Bueno,2,CHRYSLER,PLATA,2,,52,MASCULINO,SIN DATOS,0,0,Morelia,San Pascual,octubre,lunes,7,-101.267364621162,19.6953950710684
2217,2217,2016,,2016/10/10,"07:20:00",COLISIÓN POR CORTE DE CIRCULACIÓN,ASFALTO,Bueno,Bueno,2,HONDA,NEGRO,2,,20,MASCULINO,SIN DATOS,0,0,Morelia,Centro,octubre,lunes,7,-101.197021007538,19.7031323831381
2218,2218,2016,,2016/10/10,"07:35:00",COLISIÓN POR ALCANCE,ASFALTO,Bueno,Bueno,2,FORD,PLATA,2,,31,FEMENINO,SIN DATOS,0,0,Morelia,La Colina,octubre,lunes,8,-101.21612906456,19.7039050837047
2219,2219,2016,,2016/10/10,"07:40:00",VOLCADURA,CONCRETO,Bueno,Bueno,1,VOLKSWAGEN,BLANCO,1,,,,SIN DATOS,0,0,Morelia,Hermosa Provincia,octubre,lunes,8,-101.244844794273,19.7104930882726
2220,2220,2016,,2016/10/10,"08:00:00",COLISIÓN POR CORTE DE CIRCULACIÓN,CONCRETO,Bueno,Bueno,2,FORD,GRIS,2,,32,FEMENINO,SIN DATOS,0,0,Morelia,Nueva Valladolid,octubre,lunes,8,-101.207342147827,19.7022334196127
2221,2221,2016,,2016/10/10,"08:30:00",COLISIÓN POR CORTE DE CIRCULACIÓN,ASFALTO,Bueno,Bueno,2,MERCEDES BENZ,BLANCO,2,,34,MASCULINO,SIN DATOS,0,0,Morelia,La Colina,octubre,lunes,9,-101.216123700142,19.7039050837047
2222,2222,2016,,2016/10/10,"08:30:00",COLISIÓN POR ALCANCE,ASFALTO,Bueno,Bueno,2,CHEVROLET,GUINDA,2,,47,MASCULINO,SIN DATOS,0,0,Morelia,Enrique Arreguin Robles,octubre,lunes,9,-101.186431646347,19.7207318591032
2223,2223,2016,,2016/10/10,"08:50:00",COLISIÓN POR CORTE DE CIRCULACIÓN,ASFALTO,Bueno,Bueno,2,YAMAHA,BLANCO Y AZUL,1,MINISTERIO PÚBLICO,20,MASCULINO,SIN DATOS,0,0,Morelia,Barrio Alto,octubre,lunes,9,-101.195132732391,19.7243323166183
2224,2224,2016,,2016/10/10,"09:00:00",COLISIÓN POR CORTE DE CIRCULACIÓN,ASFALTO,Bueno,Bueno,2,TOYOTA,BLANCO,2,,47,MASCULINO,SIN DATOS,0,0,Morelia,Comision Federal de Electricidad,octubre,lunes,9,-101.181313991547,19.6813992830868
2225,2225,2016,,2016/10/10,"09:40:00",COLISIÓN POR CORTE DE CIRCULACIÓN,ASFALTO,Bueno,Bueno,2,DINA,BLANCO/VERDE,2,,38,MASCULINO,SIN DATOS,0,0,Morelia,Felix Ireta,octubre,lunes,10,-101.195540428162,19.6828388197004
2226,2226,2016,,2016/10/10,10:30:00,COLISIÓN POR ALCANCE,ASFALTO,Bueno,Bueno,2,VOLKSWAGEN,GRIS,2,,46,MASCULINO,SIN DATOS,0,0,Morelia,Ampliacion La Soledad,octubre,lunes,11,-101.182934045792,19.7325024788964
2227,2227,2016,,2016/10/10,10:30:00,COLISIÓN CONTRA OBJETO FIJO,ASFALTO,Bueno,Malo,1,CHEVROLET,GRIS,1,,,,SIN DATOS,0,0,Morelia,Ciudad Industrial,octubre,lunes,11,-101.143033504486,19.7252008580406
2228,2228,2016,,2016/10/10,11:00:00,COLISIÓN POR CORTE DE CIRCULACIÓN,CONCRETO,Bueno,Bueno,2,NISSAN,GRIS,2,,36,MASCULINO,SIN DATOS,0,0,Morelia,Elias Perez Avalos,octubre,lunes,11,-101.167217198739,19.7152275175286
2229,2229,2016,,2016/10/10,11:50:00,COLISIÓN POR ALCANCE,ASFALTO,Bueno,Bueno,2,NISSAN,BLANCO/ROJO,2,,45,MASCULINO,SIN DATOS,0,0,Morelia,Alberto Oviedo Mota,octubre,lunes,12,-101.199488639832,19.681161884578
2230,2230,2016,,2016/10/10,12:00:00,SUBIDA AL CAMELLÓN,CONCRETO,Bueno,Bueno,1,CHEVROLET,NARANJA,1,,83,MASCULINO,SIN DATOS,0,0,Morelia,Lomas de Guayangareo,octubre,lunes,12,-101.157721281052,19.7025250782763
2231,2231,2016,,2016/10/10,12:45:00,COLISIÓN POR CORTE DE CIRCULACIÓN,ASFALTO,Bueno,Bueno,2,NISSAN,BLANCO AZUL,2,,31,MASCULINO,SIN DATOS,0,0,Morelia,Tzindurio de Morelos,octubre,lunes,13,-101.241765618324,19.6958193198045
2232,2232,2016,,2016/10/10,13:30:00,COLISIÓN POR CORTE DE CIRCULACIÓN,ASFALTO,Bueno,Bueno,2,CHEVROLET,GRIS,2,,50,FEMENINO,SIN DATOS,0,0,Morelia,Chapultepec Norte,octubre,lunes,14,-101.176317036152,19.6931248161638
2233,2233,2016,,2016/10/10,14:31:00,COLISIÓN POR ALCANCE,ASFALTO,Bueno,Bueno,2,CHEVROLET,BEIGE,2,,24,FEMENINO,SIN DATOS,0,0,Morelia,Chapultepec Norte,octubre,lunes,15,-101.176164150238,19.6969607453452
2234,2234,2016,,2016/10/10,14:50:00,COLISIÓN POR CORTE DE CIRCULACIÓN,ASFALTO,Bueno,Bueno,2,NISSAN,BLANCO,2,,37,MASCULINO,SIN DATOS,0,0,Morelia,Villas Valladolid,octubre,lunes,15,-101.215753555298,19.695905179531
2235,2235,2016,,2016/10/10,15:10:00,COLISIÓN POR CORTE DE CIRCULACIÓN,ASFALTO,Bueno,Bueno,2,FORD,AZUL,2,,54,MASCULINO,SIN DATOS,0,0,Morelia,Felix Arreguin,octubre,lunes,15,-101.228016614914,19.7193936599695
2236,2236,2016,,2016/10/10,15:35:00,COLISIÓN POR CORTE DE CIRCULACIÓN,ASFALTO,Bueno,Bueno,2,VOLKSWAGEN,BLANCO,2,,63,MASCULINO,SIN DATOS,0,0,Morelia,Centro,octubre,lunes,16,-101.189950704575,19.7087886669621
2237,2237,2016,,2016/10/10,16:00:00,COLISIÓN POR CORTE DE CIRCULACIÓN,CONCRETO,Bueno,Regular,2,ITALIKA,AZUL,2,,21,MASCULINO,SIN DATOS,0,0,Morelia,Vasco de Quiroga,octubre,lunes,16,-101.17580473423,19.6992890261876
2238,2238,2016,,2016/10/10,16:10:00,COLISIÓN POR ALCANCE,ASFALTO,Bueno,Bueno,3,NISSAN,ARENA,3,,26,FEMENINO,SIN DATOS,0,0,Morelia,San Pascual,octubre,lunes,16,-101.267466545105,19.6954455769293
2239,2239,2016,,2016/10/10,16:40:00,COLISIÓN POR CORTE DE CIRCULACIÓN,ASFALTO,Bueno,Bueno,2,KENWORTH,ROJO,2,,33,MASCULINO,SIN DATOS,0,0,Morelia,Lomas del Tecnologico,octubre,lunes,17,-101.192691922188,19.7230522193469
2240,2240,2016,,2016/10/10,16:54:00,COLISIÓN POR CORTE DE CIRCULACIÓN,CONCRETO,Bueno,Bueno,1,ITALIKA,ROJO,2,,30,MASCULINO,SIN DATOS,0,0,Morelia,Santiaguito,octubre,lunes,17,-101.191510409117,19.7174822881942
2241,2241,2016,,2016/10/10,17:00:00,SALIDA DE SUPERFICIE DE RODAMIENTO,ASFALTO,Bueno,Bueno,1,VOLKSWAGEN,BLANCO,1,,28,MASCULINO,CON CERTIFICADO,0,0,Morelia,Sin datos,octubre,lunes,17,-101.333985328674,19.6842530886866
2242,2242,2016,,2016/10/10,17:10:00,COLISIÓN POR CORTE DE CIRCULACIÓN,ASFALTO,Bueno,Bueno,2,Kurazai,Rojo,2,,21,MASCULINO,SIN DATOS,0,0,Apatzingán,Lazaro Cardenas,octubre,lunes,17,-102.350059747696,19.0951118536368
2243,2243,2016,,2016/10/10,18:30:00,COLISIÓN POR CORTE DE CIRCULACIÓN,ASFALTO,Bueno,Bueno,2,NISSAN,AZUL,2,,41,MASCULINO,SIN DATOS,0,0,Morelia,Rafael Carrillo,octubre,lunes,19,-101.23663187027,19.7077685305556
2244,2244,2016,,2016/10/10,18:30:00,COLISIÓN POR CORTE DE CIRCULACIÓN,ASFALTO,Bueno,Bueno,2,YAMAHA,BLANCO,2,,22,MASCULINO,SIN DATOS,0,0,Morelia,Nueva Valladolid,octubre,lunes,19,-101.211846917868,19.7018559039297
2245,2245,2016,,2016/10/10,18:30:00,COLISIÓN POR ALCANCE,ASFALTO,Bueno,Bueno,2,V.W.,BLANCO,2,,42,MASCULINO,SIN DATOS,0,0,Morelia,El Lago 3,octubre,lunes,19,-101.219347715378,19.7273519926332
2246,2246,2016,,2016/10/10,18:55:00,SALIDA DE SUPERFICIE DE RODAMIENTO,ASFALTO,Bueno,Bueno,1,KIA,PLATA,1,,20,MASCULINO,SIN DATOS,0,0,Morelia,El Lago 3,octubre,lunes,19,-101.220919489861,19.7274479345813
2247,2247,2016,,2016/10/10,19:00:00,COLISIÓN CONTRA OBJETO FIJO,CONCRETO,Bueno,Regular,3,TOYOTA,NEGRO,3,,28,MASCULINO,SIN DATOS,0,0,Morelia,Felix Ireta,octubre,lunes,19,-101.191946268082,19.6880311460191
2248,2248,2016,,2016/10/10,19:35:00,COLISIÓN POR CORTE DE CIRCULACIÓN,ASFALTO,Nublado,Bueno,2,V.W.,NEGRO,2,,27,MASCULINO,CON CERTIFICADO,0,0,Morelia,Alberto Oviedo Mota,octubre,lunes,20,-101.201929450035,19.6778458452257
2249,2249,2016,,2016/10/10,20:00:00,COLISIÓN CON PEATÓN,ADOQUIN_EMPEDRADO,Bueno,Bueno,1,ITALIKA,GRIS,3,MINISTERIO PÚBLICO,30,MASCULINO,SIN DATOS,1,1,Morelia,Ciudad Industrial,octubre,lunes,20,-101.142354905605,19.7257108714433
2250,2250,2016,,2016/10/10,20:50:00,COLISIÓN POR CORTE DE CIRCULACIÓN,ASFALTO,Bueno,Bueno,1,CHEVROLET,BLANCO,1,,32,MASCULINO,SIN DATOS,0,0,Morelia,Obrera,octubre,lunes,21,-101.183884888887,19.7082407232159
2251,2251,2016,,2016/10/10,21:30:00,COLISIÓN POR CORTE DE CIRCULACIÓN,ASFALTO,Bueno,Bueno,2,KENWORTH,ROJO,2,,59,MASCULINO,SIN DATOS,0,0,Morelia,Enrique Arreguin Robles,octubre,lunes,22,-101.183803081512,19.7196663505131
2252,2252,2016,,2016/10/10,23:40:00,COLISIÓN POR CORTE DE CIRCULACIÓN,CONCRETO,Bueno,Bueno,2,HONDA,GRIS,2,,,,SIN DATOS,0,0,Morelia,Villas del Pedregal,octubre,lunes,0,-101.308230757713,19.6781009276127
2253,2253,2016,,2016/10/11,"08:50:00",COLISIÓN POR CORTE DE CIRCULACIÓN,ASFALTO,Bueno,Bueno,2,YAMAHA,BLANCO Y AZUL,1,MINISTERIO PÚBLICO,20,MASCULINO,SIN DATOS,0,0,Morelia,Lomas del Tecnologico,octubre,martes,9,-101.195207834244,19.7242616211785
2254,2254,2016,,2016/10/11,"09:56:00",COLISIÓN POR ALCANCE,CONCRETO,Bueno,Bueno,3,CHEVROLET,ROJO,3,,55,MASCULINO,SIN DATOS,0,0,Morelia,Centro,octubre,martes,10,-101.182738244534,19.7028445133455
2255,2255,2016,,2016/10/11,10:50:00,COLISIÓN POR CORTE DE CIRCULACIÓN,CONCRETO,Bueno,Bueno,2,HARLEY DAVIDSON,NEGRO,2,,54,MASCULINO,SIN DATOS,0,0,Morelia,Chapultepec Norte,octubre,martes,11,-101.168246269226,19.6950364789978
2256,2256,2016,,2016/10/11,11:00:00,COLISIÓN POR ALCANCE,ASFALTO,Bueno,Bueno,2,HONDA,BLANCO,2,,26,MASCULINO,SIN DATOS,0,0,Morelia,Los Angeles,octubre,martes,11,-101.176448464394,19.7418688689446
2257,2257,2016,,2016/10/11,11:30:00,COLISIÓN POR CORTE DE CIRCULACIÓN,ASFALTO,Bueno,Bueno,2,V.W.,BLANCO,2,MINISTERIO PÚBLICO,29,MASCULINO,SIN DATOS,0,0,Morelia,Hospitales de Don Vasco,octubre,martes,12,-101.155403852463,19.7011526365532
2258,2258,2016,,2016/10/11,15:20:00,COLISIÓN POR ALCANCE,CONCRETO,Bueno,Bueno,2,NISSAN,BLANCO,2,,66,MASCULINO,SIN DATOS,0,0,Morelia,Elias Perez Avalos,octubre,martes,15,-101.166422367096,19.7107986196543
2259,2259,2016,,2016/10/11,15:35:00,COLISIÓN POR CORTE DE CIRCULACIÓN,ASFALTO,Bueno,Bueno,2,SEAT,AZUL,2,,31,MASCULINO,SIN DATOS,0,0,Morelia,San Rafael,octubre,martes,16,-101.155167818069,19.7008395111253
2260,2260,2016,,2016/10/11,16:30:00,COLISIÓN POR ALCANCE,CONCRETO,Bueno,Bueno,1,NISSAN,BLANCO,1,,23,MASCULINO,SIN DATOS,0,0,Morelia,Lomas de Hidalgo,octubre,martes,17,-101.158697605133,19.695607195577
2261,2261,2016,,2016/10/11,16:50:00,COLISIÓN POR CORTE DE CIRCULACIÓN,ASFALTO,Bueno,Bueno,2,ITALIKA,NEGRO,2,,27,MASCULINO,SIN DATOS,0,0,Morelia,Centro,octubre,martes,17,-101.192107200623,19.7029960238272
2262,2262,2016,,2016/10/11,18:20:00,VOLCADURA,ASFALTO,Bueno,Bueno,1,Toyota,Blanco,0,MINISTERIO PÚBLICO,,,,0,0,Apatzingán,Sin datos,octubre,martes,18,-102.390357255936,19.090519048767
2263,2263,2016,,2016/10/11,19:00:00,COLISIÓN POR CORTE DE CIRCULACIÓN,ASFALTO,Bueno,Bueno,2,NISSAN,BLANCO,2,,31,MASCULINO,SIN DATOS,0,0,Morelia,Balcones de Santa Maria,octubre,martes,19,-101.184119582176,19.6755046245461
2264,2264,2016,,2016/10/11,19:30:00,COLISIÓN POR CORTE DE CIRCULACIÓN,ASFALTO,Bueno,Bueno,2,ITALIKA,AMARILLO,3,,30,MASCULINO,SIN DATOS,1,0,Morelia,El Lago 1,octubre,martes,20,-101.219433546066,19.7276448678731
2265,2265,2016,,2016/10/11,19:45:00,COLISIÓN POR CORTE DE CIRCULACIÓN,ASFALTO,Bueno,Bueno,2,BAJAJ,NEGRO,2,,33,MASCULINO,SIN DATOS,0,0,Morelia,Juarez,octubre,martes,20,-101.199585199356,19.6955415380211
2266,2266,2016,,2016/10/11,20:00:00,COLISIÓN CON PEATÓN,ASFALTO,Bueno,Bueno,1,ITALIKA,GRIS,3,MINISTERIO PÚBLICO,30,MASCULINO,SIN DATOS,1,1,Morelia,Ciudad Industrial,octubre,martes,20,-101.141874790192,19.7257967151233
2267,2267,2016,,2016/10/11,20:00:00,COLISIÓN POR CORTE DE CIRCULACIÓN,ASFALTO,Bueno,Bueno,2,VOLKSWAGEN,AZUL,2,,23,MASCULINO,SIN DATOS,0,0,Morelia,San Rafael,octubre,martes,20,-101.15385890007,19.6996425582773
2268,2268,2016,,2016/10/12,"08:15:00",COLISIÓN POR CORTE DE CIRCULACIÓN,ASFALTO,Bueno,Bueno,2,CHRYSLER,BLANCO,3,MINISTERIO PÚBLICO,28,MASCULINO,SIN DATOS,1,0,Lázaro Cárdenas,Segundo Sector de Fidelac,octubre,miércoles,8,-102.211008667946,17.96157772577
2269,2269,2016,,2016/10/12,"08:15:00",COLISIÓN POR CORTE DE CIRCULACIÓN,CONCRETO,Bueno,Bueno,1,V.W.,ROJO,1,,19,FEMENINO,SIN DATOS,0,0,Morelia,Vista Bella,octubre,miércoles,8,-101.19230568409,19.6785201710497
2270,2270,2016,,2016/10/12,"08:30:00",COLISIÓN POR CORTE DE CIRCULACIÓN,CONCRETO,Bueno,Bueno,2,ITALIKA,VERDE,2,,21,MASCULINO,SIN DATOS,0,0,Morelia,Juarez,octubre,miércoles,9,-101.195465326309,19.6933950261664
2271,2271,2016,,2016/10/12,"08:50:00",COLISIÓN POR CORTE DE CIRCULACIÓN,ASFALTO,Bueno,Bueno,2,CHEVROLET,AZUL,2,,30,FEMENINO,SIN DATOS,0,0,Morelia,Juarez,octubre,miércoles,9,-101.196972727776,19.6934152287652
2272,2272,2016,,2016/10/12,10:00:00,COLISIÓN POR ALCANCE,ASFALTO,Bueno,Bueno,2,TOYOTA,NEGRO,1,MINISTERIO PÚBLICO,20,MASCULINO,SIN DATOS,0,0,Puruándiro,Lomas de Agua Tibia,octubre,miércoles,10,-101.48298740387,20.086163015195
2273,2273,2016,,2016/10/12,10:15:00,COLISIÓN POR CORTE DE CIRCULACIÓN,CONCRETO,Bueno,Regular,2,KENWORTH,BLANCO,2,,35,MASCULINO,SIN DATOS,0,0,Morelia,Obrera,octubre,miércoles,10,-101.184745877981,19.7115731769671
2274,2274,2016,,2016/10/12,11:30:00,COLISIÓN POR ALCANCE,ASFALTO,Bueno,Bueno,2,NISSAN,BEIGE,2,,67,FEMENINO,SIN DATOS,0,0,Morelia,Francisco J Mujica,octubre,miércoles,12,-101.190540790558,19.7224336282335
2275,2275,2016,,2016/10/12,13:00:00,COLISIÓN POR CORTE DE CIRCULACIÓN,ASFALTO,Bueno,Bueno,2,FORD,BLANCO,2,,39,MASCULINO,SIN DATOS,0,0,Morelia,Enrique Arreguin Robles,octubre,miércoles,13,-101.187365055084,19.7209792984704
2276,2276,2016,,2016/10/12,13:30:00,COLISIÓN POR CORTE DE CIRCULACIÓN,ASFALTO,Bueno,Bueno,2,DODGE,ROJO,1,MINISTERIO PÚBLICO,45,MASCULINO,SIN DATOS,0,0,Morelia,Plan de La Garita,octubre,miércoles,14,-101.187236309052,19.7111167756793
2277,2277,2016,,2016/10/12,14:25:00,COLISIÓN CONTRA OBJETO FIJO,CONCRETO,Bueno,Bueno,2,VOLKSWAGEN,BLANCO,2,,60,MASCULINO,SIN DATOS,0,0,Morelia,Santiaguito,octubre,miércoles,14,-101.192335188389,19.7166313795373
2278,2278,2016,,2016/10/12,15:50:00,COLISIÓN CONTRA OBJETO FIJO,CONCRETO,Bueno,Bueno,2,TOYOTA,DORADO,2,,70,FEMENINO,SIN DATOS,0,0,Morelia,Chapultepec Sur,octubre,miércoles,16,-101.171877980232,19.6918798239981
2279,2279,2016,,2016/10/12,17:50:00,COLISIÓN POR CORTE DE CIRCULACIÓN,CONCRETO,Bueno,Bueno,2,NISSAN,BLANCO Y ROJO,2,,48,MASCULINO,SIN DATOS,0,0,Morelia,Industrial,octubre,miércoles,18,-101.190972626209,19.7096370922849
2280,2280,2016,,2016/10/12,18:30:00,COLISIÓN POR CORTE DE CIRCULACIÓN,SIN_DATOS,Bueno,Bueno,2,MAZDA,ROJO,2,,27,MASCULINO,SIN DATOS,0,0,Morelia,Centro,octubre,miércoles,19,-101.191538572311,19.7019556489627
2281,2281,2016,,2016/10/12,20:30:00,VOLCADURA,ASFALTO,Bueno,Bueno,1,MAZDA,PLATA,1,,30,MASCULINO,SIN DATOS,0,0,Morelia,Ciudad Industrial,octubre,miércoles,21,-101.134150028229,19.7321086240458
2282,2282,2016,,2016/10/12,22:00:00,COLISIÓN POR CORTE DE CIRCULACIÓN,ASFALTO,Bueno,Bueno,2,GENERAL MOTORS,ROJO,2,,25,MASCULINO,SIN DATOS,0,0,Morelia,Tierra Y Libertad,octubre,miércoles,22,-101.229701042175,19.7170000230129
2283,2283,2016,,2016/10/13,"02:35:00",SUBIDA AL CAMELLÓN,ASFALTO,Bueno,Bueno,1,HONDA,AZUL,0,,,,,0,0,Morelia,Punta Monarca(Punta Altozano),octubre,jueves,3,-101.167876124382,19.6556622270857
2284,2284,2016,,2016/10/13,"05:35:00",COLISIÓN POR ALCANCE,ASFALTO,Bueno,Bueno,1,FORD,GRIS,1,,,,SIN DATOS,0,0,Morelia,Loma Dorada,octubre,jueves,6,-101.254999637604,19.697771354558
2285,2285,2016,,2016/10/13,"06:15:00",COLISIÓN POR ALCANCE,CONCRETO,Bueno,Bueno,2,NISSAN,BLANCO Y ROJO,1,,28,MASCULINO,SIN DATOS,0,0,Morelia,Lazaro Cardenas,octubre,jueves,6,-101.165285110474,19.7103340097188
2286,2286,2016,,2016/10/13,"06:20:00",COLISIÓN CONTRA OBJETO FIJO,CONCRETO,Bueno,Bueno,1,CHEVROLET,AZUL,1,,35,MASCULINO,SIN DATOS,0,0,Morelia,Lomas de Las Americas Norte,octubre,jueves,6,-101.149127483368,19.694980922408