fid,id_accidente,anio_origen,folio_c5i,dia_incidente,hora_ocurrencia,tipo_incidente_vial,superficie_ocurrencia,condiciones_climaticas,condiciones_via,numero_vehiculos_involucrados,marca_vehiculo_ocasiona_siniestro,color_vehiculo_ocasiona_siniestro,numero_personas_involucradas,lugar_remite_presunto_responsable,edad_presunto_responsable,sexo_presunto_responsable,resultados_toxicologia,numero_personas_lesionadas,numero_personas_fallecidas,municipio,colonia,mes,dia_semana,hora_redondeada,lon,lat
2287,2287,2016,,2016/10/13,"07:30:00",COLISIÓN POR ALCANCE,CONCRETO,Bueno,Bueno,2,NISSAN,BLANCO,2,,44,MASCULINO,CON CERTIFICADO,0,0,Morelia,Felix Ireta,octubre,jueves,8,-101.191975772381,19.6850302999417
2288,2288,2016,,2016/10/13,11:35:00,COLISIÓN POR CORTE DE CIRCULACIÓN,CONCRETO,Bueno,Bueno,2,INTERNATIONAL,BLANCO,2,,41,MASCULINO,SIN DATOS,0,0,Morelia,Alfonso Garcia Robles,octubre,jueves,12,-101.183137893677,19.7190351216949
2289,2289,2016,,2016/10/13,12:50:00,COLISIÓN POR CORTE DE CIRCULACIÓN,ASFALTO,Bueno,Bueno,2,TOYOTA,BLANCO Y GRIS,2,,30,MASCULINO,SIN DATOS,0,0,Morelia,Cinco de Diciembre,octubre,jueves,13,-101.159357428551,19.6878316385362
2290,2290,2016,,2016/10/13,15:00:00,COLISIÓN POR CORTE DE CIRCULACIÓN,ASFALTO,Bueno,Bueno,2,VOLKSWAGEN,PLATA,2,,17,MASCULINO,SIN DATOS,0,0,Morelia,Isaac Arriaga,octubre,jueves,15,-101.167699098587,19.7094451869509
2291,2291,2016,,2016/10/13,17:30:00,COLISIÓN POR ALCANCE,ASFALTO,Bueno,Bueno,2,NISSAN,PLATA,2,,29,FEMENINO,SIN DATOS,0,0,Morelia,Nueva Jacarndas,octubre,jueves,18,-101.189239919186,19.6819750992847
2292,2292,2016,,2016/10/13,18:00:00,COLISIÓN POR ALCANCE,ASFALTO,Bueno,Bueno,2,AUDI,ROJO,2,,15,MASCULINO,SIN DATOS,0,0,Morelia,Comision Federal de Electricidad,octubre,jueves,18,-101.181389093399,19.6815962730716
2293,2293,2016,,2016/10/13,19:10:00,COLISIÓN POR CORTE DE CIRCULACIÓN,CONCRETO,Bueno,Bueno,2,NISSAN,GRIS,2,,27,MASCULINO,SIN DATOS,0,0,Morelia,Centro,octubre,jueves,19,-101.19603395462,19.7030717790143
2294,2294,2016,,2016/10/13,19:20:00,COLISIÓN POR ALCANCE,ASFALTO,Bueno,Regular,2,CHEVROLET,BLANCO,2,,47,MASCULINO,SIN DATOS,0,0,Morelia,Loma Dorada,octubre,jueves,19,-101.25521287322,19.69771769286
2295,2295,2016,,2016/10/13,20:00:00,COLISIÓN POR ALCANCE,ASFALTO,Bueno,Bueno,2,INTERNATIONAL,BLANCO,2,,38,MASCULINO,SIN DATOS,0,0,Morelia,Morelia 450,octubre,jueves,20,-101.217550635338,19.6759188235756
2296,2296,2016,,2016/10/13,20:38:00,COLISIÓN POR CORTE DE CIRCULACIÓN,ASFALTO,Bueno,Bueno,1,CHRYSLER,PLATA,1,,37,FEMENINO,SIN DATOS,0,0,Morelia,Sin datos,octubre,jueves,21,-101.174962520599,19.7450346350355
2297,2297,2016,,2016/10/13,21:50:00,COLISIÓN CONTRA OBJETO FIJO,CONCRETO,Bueno,Regular,2,FORD,BLANCO,2,,,,SIN DATOS,0,0,Morelia,Ventura Puente,octubre,jueves,22,-101.17980055511,19.6924221417554
2298,2298,2016,,2016/10/13,21:50:00,COLISIÓN POR CORTE DE CIRCULACIÓN,CONCRETO,Bueno,Bueno,2,Toyota,Plata,2,,28,FEMENINO,CON CERTIFICADO,0,0,Apatzingán,22 de Octubre,octubre,jueves,22,-102.3457467556,19.0873151624181
2299,2299,2016,,2016/10/13,22:00:00,COLISIÓN POR CORTE DE CIRCULACIÓN,ASFALTO,Bueno,Bueno,2,MINI,BLANCO,2,,45,MASCULINO,SIN DATOS,0,0,Morelia,Articulo Constitucional,octubre,jueves,22,-101.171100139618,19.7142023512746
2300,2300,2016,,2016/10/14,"00:30:00",COLISIÓN CONTRA OBJETO FIJO,CONCRETO,Bueno,Bueno,2,TOYOTA,BLANCO,2,,33,MASCULINO,SIN DATOS,0,0,Morelia,Hacienda del Quinceo,octubre,viernes,1,-101.234984993935,19.7270843647894
2301,2301,2016,,2016/10/14,"08:00:00",COLISIÓN POR CORTE DE CIRCULACIÓN,ASFALTO,Bueno,Bueno,2,RENAULT,BLANCO,2,,19,MASCULINO,SIN DATOS,0,0,Morelia,Nueva Valladolid,octubre,viernes,8,-101.207320690155,19.7022485707252
2302,2302,2016,,2016/10/14,"08:30:00",COLISIÓN CONTRA OBJETO FIJO,ASFALTO,Bueno,Bueno,2,NAVISTAR,BLANCO Y ROJO,5,MINISTERIO PÚBLICO,,,SIN DATOS,4,0,Morelia,Ignacio Zaragoza,octubre,viernes,9,-101.203417740762,19.7252134821543
2303,2303,2016,,2016/10/14,10:00:00,COLISIÓN POR CORTE DE CIRCULACIÓN,ASFALTO,Bueno,Bueno,2,KENWORTH,BLANCO Y ROJO,2,,52,MASCULINO,SIN DATOS,0,0,Morelia,3 de Agosto,octubre,viernes,10,-101.17182970047,19.730846262211
2304,2304,2016,,2016/10/14,10:05:00,COLISIÓN POR ALCANCE,ASFALTO,Bueno,Bueno,2,HYUNDAI,PLATA,2,,40,MASCULINO,SIN DATOS,0,0,Tarímbaro,Sin datos,octubre,viernes,10,-101.16897046566,19.7560865541996
2305,2305,2016,,2016/10/14,11:00:00,COLISIÓN POR CORTE DE CIRCULACIÓN,ASFALTO,Bueno,Bueno,2,Italika,Negro/Verde,2,,16,MASCULINO,SIN DATOS,0,0,Múgica,Reforma,octubre,viernes,11,-102.092363834381,19.0282856567718
2306,2306,2016,,2016/10/14,11:30:00,COLISIÓN POR CORTE DE CIRCULACIÓN,CONCRETO,Bueno,Bueno,2,CHEVROLET,PLATA,2,,36,MASCULINO,SIN DATOS,0,0,Morelia,Cuauhtemoc,octubre,viernes,12,-101.178980469704,19.6948294043376
2307,2307,2016,,2016/10/14,14:30:00,COLISIÓN POR CORTE DE CIRCULACIÓN,ASFALTO,Nublado,Bueno,2,VOLKSWAGEN,ROJO,2,,34,MASCULINO,SIN DATOS,0,0,Morelia,Asociacion Zirahuen,octubre,viernes,15,-101.250193119049,19.6986678179094
2308,2308,2016,,2016/10/14,16:20:00,COLISIÓN POR CORTE DE CIRCULACIÓN,ASFALTO,Bueno,Bueno,2,Nissan,Verde,4,,65,FEMENINO,SIN DATOS,2,0,Apatzingán,Centro,octubre,viernes,16,-102.354780435562,19.0877612768909
2309,2309,2016,,2016/10/14,17:10:00,COLISIÓN POR CORTE DE CIRCULACIÓN,ASFALTO,Bueno,Bueno,2,NISSAN,BLANCO Y ROJO,2,,,MASCULINO,SIN DATOS,0,0,Morelia,Alberto Oviedo Mota,octubre,viernes,17,-101.195942759514,19.6822794223602
2310,2310,2016,,2016/10/14,17:40:00,COLISIÓN POR CORTE DE CIRCULACIÓN,ASFALTO,Nublado,Bueno,2,INTERNATIONAL,BLANCO,4,MINISTERIO PÚBLICO,41,MASCULINO,SIN DATOS,2,0,Morelia,Libertad,octubre,viernes,18,-101.236969828606,19.6847935381798
2311,2311,2016,,2016/10/14,20:20:00,COLISIÓN POR CORTE DE CIRCULACIÓN,CONCRETO,Bueno,Bueno,2,Volks Wagen,Azul,2,,24,MASCULINO,SIN DATOS,0,0,Apatzingán,Aviacion,octubre,viernes,20,-102.356518507004,19.0916444498266
2312,2312,2016,,2016/10/14,20:40:00,COLISIÓN POR CORTE DE CIRCULACIÓN,CONCRETO,Bueno,Bueno,2,CHRYSLER,ROJO,2,,27,MASCULINO,SIN DATOS,0,0,Morelia,Centro,octubre,viernes,21,-101.195073723793,19.7030616783247
2313,2313,2016,,2016/10/14,22:45:00,COLISIÓN POR CORTE DE CIRCULACIÓN,ASFALTO,Bueno,Regular,1,V.W.,PLATA,1,,18,MASCULINO,SIN DATOS,0,0,Morelia,Lomas de Las Americas Sur,octubre,viernes,23,-101.146831512451,19.6943041405835
2314,2314,2016,,2016/10/15,"01:05:00",COLISIÓN POR CORTE DE CIRCULACIÓN,CONCRETO,Bueno,Bueno,2,NISSAN,NEGRO,2,,34,FEMENINO,SIN DATOS,0,0,Morelia,Asociacion Zirahuen,octubre,sábado,1,-101.25030040741,19.6989607456906
2315,2315,2016,,2016/10/15,"02:00:00",COLISIÓN POR CORTE DE CIRCULACIÓN,ASFALTO,Bueno,Bueno,2,FORD,GRIS,2,,21,MASCULINO,SIN DATOS,0,0,Morelia,Comision Federal de Electricidad,octubre,sábado,2,-101.180144548416,19.6816063751156
2316,2316,2016,,2016/10/15,"02:15:00",COLISIÓN CONTRA OBJETO FIJO,ASFALTO,Bueno,Bueno,1,JEEP,ROJO,2,,,,,2,0,Pátzcuaro,La Era,octubre,sábado,2,-101.602785587311,19.5015275141683
2317,2317,2016,,2016/10/15,"04:00:00",COLISIÓN POR ALCANCE,ASFALTO,Bueno,Bueno,2,HONDA,NEGRO,2,MINISTERIO PÚBLICO,22,MASCULINO,SIN DATOS,0,0,Morelia,Centro,octubre,sábado,4,-101.182247400284,19.7027081537892
2318,2318,2016,,2016/10/15,"04:40:00",COLISIÓN POR CORTE DE CIRCULACIÓN,ASFALTO,Bueno,Bueno,2,CHEVROLET,GRIS,2,,23,MASCULINO,SIN DATOS,0,0,Morelia,Loma Dorada,octubre,sábado,5,-101.254772990942,19.6976766574318
2319,2319,2016,,2016/10/15,"04:45:00",SUBIDA AL CAMELLÓN,CONCRETO,Bueno,Bueno,1,NISSAN,CAFE,1,,29,MASCULINO,SIN DATOS,0,0,Morelia,Loma Bonita,octubre,sábado,5,-101.197353601456,19.7245444027501
2320,2320,2016,,2016/10/15,"04:50:00",VOLCADURA,CONCRETO,Bueno,Bueno,1,V.W.,BLANCO,1,,29,MASCULINO,CON CERTIFICADO,0,0,Morelia,Ventura Puente,octubre,sábado,5,-101.186957359314,19.6902736940424
2321,2321,2016,,2016/10/15,"04:55:00",COLISIÓN POR CORTE DE CIRCULACIÓN,ASFALTO,Bueno,Bueno,2,LOND ROVER,GRIS,2,,35,MASCULINO,CON CERTIFICADO,0,0,Morelia,Balcones de Santa Maria,octubre,sábado,5,-101.184060573578,19.6754995733318
2322,2322,2016,,2016/10/15,"08:40:00",COLISIÓN POR CORTE DE CIRCULACIÓN,CONCRETO,Bueno,Bueno,2,NISSAN,GRIS,1,,,,SIN DATOS,0,0,Morelia,Union Antorchista,octubre,sábado,9,-101.268008351326,19.6988774128419
2323,2323,2016,,2016/10/15,11:25:00,COLISIÓN POR CORTE DE CIRCULACIÓN,ASFALTO,Bueno,Bueno,2,NISSAN,ROJO,2,,30,MASCULINO,SIN DATOS,0,0,Morelia,De Dolores,octubre,sábado,11,-101.377222537994,19.6724031490104
2324,2324,2016,,2016/10/15,12:35:00,COLISIÓN POR ALCANCE,ASFALTO,Bueno,Bueno,2,FREIGHTLINER,BLANCO Y AZUL,2,,38,MASCULINO,SIN DATOS,0,0,Morelia,Adolfo Lopez Mateos,octubre,sábado,13,-101.232596486807,19.7028028479378
2325,2325,2016,,2016/10/15,12:40:00,COLISIÓN POR CORTE DE CIRCULACIÓN,CONCRETO,Bueno,Bueno,2,V.W.,AZUL MARINO,2,,47,MASCULINO,SIN DATOS,0,0,Morelia,Peña Blanca,octubre,sábado,13,-101.193641424179,19.6650230123249
2326,2326,2016,,2016/10/15,14:50:00,COLISIÓN POR CORTE DE CIRCULACIÓN,ASFALTO,Bueno,Bueno,2,SIN DATOS,BLANCO,1,,20,MASCULINO,SIN DATOS,0,0,Morelia,Lomas del Tecnologico,octubre,sábado,15,-101.190331578255,19.7221053952419
2327,2327,2016,,2016/10/15,15:15:00,SUBIDA AL CAMELLÓN,ASFALTO,Bueno,Bueno,1,NISSAN,BLANCO,1,,19,MASCULINO,SIN DATOS,0,0,Morelia,Rafael Carrillo,octubre,sábado,15,-101.237401664257,19.7071763939392
2328,2328,2016,,2016/10/15,15:40:00,COLISIÓN POR CORTE DE CIRCULACIÓN,ASFALTO,Bueno,Bueno,2,VOLKSWAGEN,ROJO,2,,39,MASCULINO,SIN DATOS,0,0,Morelia,Jesus Romero Flores,octubre,sábado,16,-101.175037622452,19.7268217860919
2329,2329,2016,,2016/10/15,15:50:00,COLISIÓN POR CORTE DE CIRCULACIÓN,CONCRETO,Bueno,Bueno,2,CHEVROLET,BLANCO,2,,52,MASCULINO,SIN DATOS,0,0,Morelia,Erendira,octubre,sábado,16,-101.166607439518,19.7021298869723
2330,2330,2016,,2016/10/15,16:25:00,COLISIÓN POR CORTE DE CIRCULACIÓN,ASFALTO,Bueno,Bueno,2,VENTO,AZUL,2,,20,MASCULINO,SIN DATOS,0,0,Morelia,Obrera,octubre,sábado,16,-101.185881793499,19.7082975377469
2331,2331,2016,,2016/10/15,17:10:00,COLISIÓN POR ALCANCE,ASFALTO,Bueno,Bueno,4,V.W.,ROJO,5,,37,FEMENINO,SIN DATOS,1,0,Morelia,Josefa Ortiz de Dominguez,octubre,sábado,17,-101.209204941988,19.6720596594286
2332,2332,2016,,2016/10/15,18:00:00,COLISIÓN CONTRA OBJETO FIJO,ASFALTO,Bueno,Bueno,2,STERLIG,BLANCO,2,,36,MASCULINO,SIN DATOS,0,0,Morelia,Santa Maria de Guido,octubre,sábado,18,-101.189245954156,19.6748530165887
2333,2333,2016,,2016/10/15,19:00:00,COLISIÓN POR CORTE DE CIRCULACIÓN,ASFALTO,Bueno,Bueno,2,RENAULT,GRIS,2,,35,MASCULINO,SIN DATOS,0,0,Morelia,Josefa Ortiz de Dominguez,octubre,sábado,19,-101.209847331047,19.6720596594286
2334,2334,2016,,2016/10/15,20:00:00,COLISIÓN POR ALCANCE,ASFALTO,Bueno,Bueno,2,FORD,PLATA,2,,,,SIN DATOS,0,0,Morelia,Las Margaritas,octubre,sábado,20,-101.208903193474,19.7083745529677
2335,2335,2016,,2016/10/15,20:40:00,COLISIÓN POR CORTE DE CIRCULACIÓN,CONCRETO,Bueno,Regular,2,SUZUKI,ROJO,2,,18,MASCULINO,SIN DATOS,0,0,Morelia,Balcones de Morelia,octubre,sábado,21,-101.200684905052,19.6742670722869
2336,2336,2016,,2016/10/15,22:30:00,COLISIÓN POR CORTE DE CIRCULACIÓN,ASFALTO,Bueno,Bueno,2,V.W.,BLANCO,2,,30,MASCULINO,CON CERTIFICADO,0,0,Morelia,Felix Arreguin,octubre,sábado,23,-101.228005886078,19.7194037596275
2337,2337,2016,,2016/10/15,23:40:00,COLISIÓN POR CORTE DE CIRCULACIÓN,CONCRETO,Bueno,Bueno,2,DODGE,VERDE,2,,48,MASCULINO,SIN DATOS,0,0,Morelia,Centro,octubre,sábado,0,-101.191168427467,19.7060741807115
2338,2338,2016,,2016/10/16,"01:00:00",COLISIÓN POR CORTE DE CIRCULACIÓN,ASFALTO,Bueno,Bueno,2,SIN DATOS,SIN DATOS,1,,34,MASCULINO,SIN DATOS,0,0,Morelia,San Jose Itzicuaro,octubre,domingo,1,-101.303944587708,19.6880513492947
2339,2339,2016,,2016/10/16,"01:35:00",COLISIÓN POR CORTE DE CIRCULACIÓN,ASFALTO,Bueno,Bueno,2,SEAT,BLANCO,2,,30,MASCULINO,CON CERTIFICADO,0,0,Morelia,Ventura Puente,octubre,domingo,2,-101.190610527992,19.6935970520386
2340,2340,2016,,2016/10/16,"02:15:00",COLISIÓN CONTRA OBJETO FIJO,CONCRETO,Bueno,Bueno,2,DODGE,VERDE,2,,34,MASCULINO,CON CERTIFICADO,0,0,Morelia,Ventura Puente,octubre,domingo,2,-101.185302436352,19.6896366671249
2341,2341,2016,,2016/10/16,"03:30:00",SUBIDA AL CAMELLÓN,CONCRETO,Bueno,Bueno,1,CHRYSLER,ROJO,1,,40,MASCULINO,SIN DATOS,0,0,Morelia,La Colina,octubre,domingo,4,-101.215333119035,19.7072085890568
2342,2342,2016,,2016/10/16,"04:30:00",COLISIÓN POR ALCANCE,CONCRETO,Bueno,Bueno,2,VOLKSWAGEN,AZUL,1,MINISTERIO PÚBLICO,26,FEMENINO,SIN DATOS,0,0,Lázaro Cárdenas,Sin datos,octubre,domingo,5,-102.221812605858,17.9804015985248
2343,2343,2016,,2016/10/16,"06:20:00",COLISIÓN CONTRA OBJETO FIJO,ASFALTO,Bueno,Regular,3,Toyota,Rojo,2,,,,SIN DATOS,0,0,Apatzingán,22 de Octubre,octubre,domingo,6,-102.341460585594,19.0872898149688
2344,2344,2016,,2016/10/16,"06:30:00",COLISIÓN CONTRA OBJETO FIJO,ASFALTO,Bueno,Bueno,2,DODGE,GRIS,2,,35,MASCULINO,SIN DATOS,0,0,Morelia,Centro,octubre,domingo,7,-101.194254979491,19.6975027302308
2345,2345,2016,,2016/10/16,"09:00:00",COLISIÓN POR CORTE DE CIRCULACIÓN,ASFALTO,Bueno,Bueno,2,JEEP,VERDE,2,,,MASCULINO,SIN DATOS,0,0,Morelia,Sin datos,octubre,domingo,9,-101.42115175724,19.6321745069745
2346,2346,2016,,2016/10/16,10:00:00,COLISIÓN POR CORTE DE CIRCULACIÓN,ASFALTO,Bueno,Bueno,2,KIA,GRIS,2,,31,MASCULINO,SIN DATOS,0,0,Morelia,Americas Britania,octubre,domingo,10,-101.149191856384,19.694455659151
2347,2347,2016,,2016/10/16,13:30:00,COLISIÓN POR CORTE DE CIRCULACIÓN,ASFALTO,Bueno,Bueno,2,SEAT,ROJO,2,,64,MASCULINO,SIN DATOS,0,0,Morelia,San Jose Itzicuaro,octubre,domingo,14,-101.304416656494,19.6879503328915
2348,2348,2016,,2016/10/16,13:30:00,COLISIÓN POR CORTE DE CIRCULACIÓN,ASFALTO,Bueno,Bueno,2,SEAT,ROJO,2,,64,MASCULINO,SIN DATOS,0,0,Morelia,San Jose Itzicuaro,octubre,domingo,14,-101.304202079773,19.6879099263123
2349,2349,2016,,2016/10/16,16:40:00,VOLCADURA,ASFALTO,Bueno,Bueno,1,DODGE,PLATA,2,MINISTERIO PÚBLICO,30,MASCULINO,SIN DATOS,1,0,Morelia,Puerta Tres Marias,octubre,domingo,17,-101.139138936996,19.6905464342272
2350,2350,2016,,2016/10/16,17:10:00,COLISIÓN POR CORTE DE CIRCULACIÓN,ASFALTO,Bueno,Bueno,2,NISSAN,BLANCO,2,,47,MASCULINO,SIN DATOS,0,0,Morelia,Camelinas,octubre,domingo,17,-101.166089773178,19.6842631905631
2351,2351,2016,,2016/10/16,17:10:00,COLISIÓN POR CORTE DE CIRCULACIÓN,ASFALTO,Bueno,Bueno,2,CHEVROLET,NEGRO,2,,19,MASCULINO,SIN DATOS,0,0,Morelia,Cinco de Diciembre,octubre,domingo,17,-101.166100502014,19.6843743111615
2352,2352,2016,,2016/10/16,17:30:00,COLISIÓN POR CORTE DE CIRCULACIÓN,ASFALTO,Bueno,Bueno,2,CHRYSLER,BLANCO/AZUL,2,MINISTERIO PÚBLICO,45,MASCULINO,SIN DATOS,0,0,Lázaro Cárdenas,El Palmar 77,octubre,domingo,18,-102.214763760567,17.9753603242814
2353,2353,2016,,2016/10/16,17:50:00,COLISIÓN POR CORTE DE CIRCULACIÓN,ASFALTO,Bueno,Bueno,2,CHEVROLET,NEGRO,2,,19,MASCULINO,CON CERTIFICADO,0,0,Morelia,San Jose del Cerrito,octubre,domingo,18,-101.226021051407,19.6631488783483
2354,2354,2016,,2016/10/16,19:40:00,CAIDA ACUATICA DE VEHÍCULO,CONCRETO,Bueno,Bueno,1,V.W.,AZUL,1,,36,MASCULINO,SIN DATOS,0,0,Morelia,Gertrudis Sanchez,octubre,domingo,20,-101.203082799911,19.7368651138217
2355,2355,2016,,2016/10/16,20:20:00,SUBIDA AL CAMELLÓN,ASFALTO,Lluvioso,Bueno,1,VW,GRIS,1,,60,MASCULINO,SIN DATOS,0,0,Morelia,Los Manantiales de Morelia,octubre,domingo,20,-101.242774128914,19.6989809475868
2356,2356,2016,,2016/10/16,22:10:00,COLISIÓN POR CORTE DE CIRCULACIÓN,CONCRETO,Nublado,Regular,2,DODGE,AZUL,2,,,,SIN DATOS,0,0,Morelia,Villas del Pedregal,octubre,domingo,22,-101.305473446846,19.6707261046631
2357,2357,2016,,2016/10/16,22:30:00,COLISIÓN CONTRA OBJETO FIJO,ASFALTO,Bueno,Malo,1,CHEVROLET,ARENA,1,,20,MASCULINO,CON CERTIFICADO,0,0,Puruándiro,Sin datos,octubre,domingo,23,-101.474232673645,20.0914831998645
2358,2358,2016,,2016/10/16,22:40:00,COLISIÓN POR CORTE DE CIRCULACIÓN,ASFALTO,Bueno,Bueno,2,NISSAN,BLANCO,2,,47,MASCULINO,SIN DATOS,0,0,Morelia,Centro,octubre,domingo,23,-101.189972162247,19.6960617471489
2359,2359,2016,,2016/10/16,22:50:00,COLISIÓN POR CORTE DE CIRCULACIÓN,ASFALTO,Bueno,Bueno,2,DODGE,AZUL,2,,36,MASCULINO,SIN DATOS,0,0,Morelia,Hacienda del Valle,octubre,domingo,23,-101.224304437637,19.6670537203681
2360,2360,2016,,2016/10/16,23:00:00,COLISIÓN POR ALCANCE,ASFALTO,Lluvioso,Bueno,1,DODGE,GUINDA,0,,,,,0,0,Morelia,Tinijaro,octubre,domingo,23,-101.257429718971,19.6971981204307
2361,2361,2016,,2016/10/16,23:45:00,COLISIÓN POR CORTE DE CIRCULACIÓN,ASFALTO,Nublado,Bueno,2,CHEVROLET,NEGRO,2,,50,MASCULINO,SIN DATOS,0,0,Morelia,Rinconada del Valle,octubre,domingo,0,-101.217802762985,19.68028300193
2362,2362,2016,,2016/10/17,"06:30:00",COLISIÓN CONTRA OBJETO FIJO,ASFALTO,Bueno,Bueno,1,CHEVROLET,BLANCO,1,,29,MASCULINO,SIN DATOS,0,0,Morelia,Felix Arreguin,octubre,lunes,7,-101.227254867554,19.7203733238302
2363,2363,2016,,2016/10/17,"09:40:00",COLISIÓN POR ALCANCE,ASFALTO,Bueno,Bueno,2,CHEVROLET,GRIS,2,,48,MASCULINO,SIN DATOS,0,0,Morelia,Jardines de Torremolinos,octubre,lunes,10,-101.225758194923,19.6768987536018
2364,2364,2016,,2016/10/17,"09:40:00",COLISIÓN POR CORTE DE CIRCULACIÓN,ASFALTO,Bueno,Bueno,3,DODGE,PLATA,3,,23,MASCULINO,SIN DATOS,0,0,Morelia,Union Popular Solidaria,octubre,lunes,10,-101.217877864838,19.7046474787729
2365,2365,2016,,2016/10/17,"09:50:00",COLISIÓN POR CORTE DE CIRCULACIÓN,ASFALTO,Bueno,Bueno,2,HONDA,AZUL,2,MINISTERIO PÚBLICO,38,FEMENINO,SIN DATOS,0,0,Morelia,Alcaide Ignacio Perez,octubre,lunes,10,-101.218382120132,19.6947182909949
2366,2366,2016,,2016/10/17,10:50:00,COLISIÓN POR ALCANCE,ASFALTO,Bueno,Bueno,2,PONTIAC,NEGRO,2,,70,MASCULINO,SIN DATOS,0,0,Morelia,Comision Federal de Electricidad,octubre,lunes,11,-101.177035868168,19.6817882117982
2367,2367,2016,,2016/10/17,14:15:00,COLISIÓN POR CORTE DE CIRCULACIÓN,ASFALTO,Bueno,Bueno,2,CHEVROLET,BLANCO,2,,55,MASCULINO,SIN DATOS,0,0,Morelia,Arcos del Valle,octubre,lunes,14,-101.234550476074,19.7098895989523
2368,2368,2016,,2016/10/17,14:30:00,COLISIÓN POR CORTE DE CIRCULACIÓN,TERRACERIA,Bueno,Malo,2,CHEVROLET,BLANCO,2,,27,MASCULINO,SIN DATOS,0,0,Puruándiro,Lomas de Agua Tibia,octubre,lunes,15,-101.479758024216,20.0863544643678
2369,2369,2016,,2016/10/17,15:00:00,COLISIÓN POR CORTE DE CIRCULACIÓN,ASFALTO,Bueno,Bueno,2,CHEVROLET,VERDE Y BLANCO,2,,22,MASCULINO,SIN DATOS,0,0,Morelia,Solidaridad,octubre,lunes,15,-101.207669377327,19.7260895932139
2370,2370,2016,,2016/10/17,15:30:00,COLISIÓN POR CORTE DE CIRCULACIÓN,ASFALTO,Bueno,Bueno,1,FORD,BLANCO Y VERDE,1,,44,MASCULINO,SIN DATOS,0,0,Morelia,Alberto Oviedo Mota,octubre,lunes,16,-101.201022863388,19.6805557591299
2371,2371,2016,,2016/10/17,16:10:00,COLISIÓN POR ALCANCE,ASFALTO,Bueno,Bueno,2,MERDES BENZ,AZUL,2,,69,MASCULINO,SIN DATOS,0,0,Morelia,Junta de Jaujilla,octubre,lunes,16,-101.225806474686,19.6914656662431
2372,2372,2016,,2016/10/17,16:25:00,COLISIÓN POR CORTE DE CIRCULACIÓN,CONCRETO,Bueno,Bueno,2,KENWORTH,BLANCO,2,,32,MASCULINO,SIN DATOS,0,0,Morelia,Diego Rivera,octubre,lunes,16,-101.17583155632,19.7181513971618
2373,2373,2016,,2016/10/17,17:25:00,COLISIÓN POR CORTE DE CIRCULACIÓN,ASFALTO,Nublado,Bueno,2,BMW,GRIS,2,,54,MASCULINO,SIN DATOS,0,0,Morelia,Centro,octubre,lunes,17,-101.178224086761,19.6992233701421
2374,2374,2016,,2016/10/17,17:30:00,COLISIÓN POR ALCANCE,ASFALTO,Bueno,Bueno,3,FORD,ROJO,3,,19,MASCULINO,SIN DATOS,0,0,Morelia,Sentimientos de La Nacion,octubre,lunes,18,-101.235199570656,19.6810457107114
2375,2375,2016,,2016/10/17,17:30:00,COLISIÓN POR CORTE DE CIRCULACIÓN,ASFALTO,Bueno,Bueno,3,FORD,ROJO,3,,19,MASCULINO,SIN DATOS,0,0,Morelia,Sentimientos de La Nacion,octubre,lunes,18,-101.235242486,19.6811568335421
2376,2376,2016,,2016/10/17,18:45:00,COLISIÓN POR ALCANCE,CONCRETO,Bueno,Bueno,2,VOLKSWAGEN,PLATA,2,,20,MASCULINO,SIN DATOS,0,0,Morelia,Isaac Arriaga,octubre,lunes,19,-101.168460845947,19.7122328418101
2377,2377,2016,,2016/10/17,19:30:00,COLISIÓN POR CORTE DE CIRCULACIÓN,ASFALTO,Bueno,Bueno,2,VOLKSWAGEN,VINO,2,,48,FEMENINO,SIN DATOS,0,0,Morelia,La Huerta,octubre,lunes,20,-101.217153668404,19.6754995733318
2378,2378,2016,,2016/10/17,22:10:00,COLISIÓN POR MANIOBRA DE REVERSA,ASFALTO,Bueno,Bueno,2,YAMAHA,BLANCO,3,MINISTERIO PÚBLICO,38,MASCULINO,SIN DATOS,1,0,Morelia,Alberto Oviedo Mota,octubre,lunes,22,-101.198582053184,19.6846268576895
2379,2379,2016,,2016/10/17,22:25:00,COLISIÓN POR ALCANCE,CONCRETO,Bueno,Bueno,2,V.W,PLATA,2,,28,FEMENINO,SIN DATOS,0,0,Morelia,Nueva Chapultepec,octubre,lunes,22,-101.16575717926,19.6887382591466
2380,2380,2016,,2016/10/17,22:30:00,COLISIÓN POR CORTE DE CIRCULACIÓN,CONCRETO,Bueno,Bueno,3,CHEVROLET,NEGRO,3,MINISTERIO PÚBLICO,52,MASCULINO,CON CERTIFICADO,0,0,Morelia,Loma Real,octubre,lunes,23,-101.197203397751,19.7256401766134
2381,2381,2016,,2016/10/17,22:40:00,COLISIÓN CON PEATÓN,ASFALTO,Bueno,Regular,1,SIN DATOS,SIN DATOS,2,,,,SIN DATOS,1,0,Morelia,Tinijaro,octubre,lunes,23,-101.261349096894,19.6965030397316
2382,2382,2016,,2016/10/18,"07:30:00",COLISIÓN CONTRA OBJETO FIJO,ASFALTO,Bueno,Bueno,2,FORD,BLANCO,1,,0,,SIN DATOS,0,0,Morelia,La Floresta,octubre,martes,8,-101.205437292253,19.6658978446633
2383,2383,2016,,2016/10/18,"07:45:00",COLISIÓN POR CORTE DE CIRCULACIÓN,ASFALTO,Bueno,Bueno,2,FREIGHTLINER,BLANCO,2,,23,MASCULINO,SIN DATOS,0,0,Morelia,Tres Puentes,octubre,martes,8,-101.214144229889,19.7030010741741