fid,id_accidente,anio_origen,folio_c5i,dia_incidente,hora_ocurrencia,tipo_incidente_vial,superficie_ocurrencia,condiciones_climaticas,condiciones_via,numero_vehiculos_involucrados,marca_vehiculo_ocasiona_siniestro,color_vehiculo_ocasiona_siniestro,numero_personas_involucradas,lugar_remite_presunto_responsable,edad_presunto_responsable,sexo_presunto_responsable,resultados_toxicologia,numero_personas_lesionadas,numero_personas_fallecidas,municipio,colonia,mes,dia_semana,hora_redondeada,lon,lat
2384,2384,2016,,2016/10/18,"08:40:00",COLISIÓN CONTRA OBJETO FIJO,ASFALTO,Bueno,Bueno,1,NISSAN,BLANCO,1,,38,MASCULINO,SIN DATOS,0,0,Morelia,Centro,octubre,martes,9,-101.194193959236,19.7020011023748
2385,2385,2016,,2016/10/18,"09:37:00",EXPLOSIÓN,CONCRETO,Bueno,Bueno,1,KENWORTH,BLANCO,1,,49,MASCULINO,SIN DATOS,0,0,Morelia,Real Santa Rita,octubre,martes,10,-101.220753192902,19.6741458421638
2386,2386,2016,,2016/10/18,11:30:00,COLISIÓN POR ALCANCE,ASFALTO,Bueno,Bueno,2,NISSAN,VERDE,2,,30,MASCULINO,SIN DATOS,0,0,Morelia,Libertad,octubre,martes,12,-101.237919330597,19.687202809527
2387,2387,2016,,2016/10/18,12:30:00,COLISIÓN POR ALCANCE,ASFALTO,Bueno,Bueno,3,GMC,GRIS,3,,51,MASCULINO,SIN DATOS,1,0,Zinapécuaro,Del Seguro,octubre,martes,13,-100.820792913437,19.8486673746119
2388,2388,2016,,2016/10/18,15:50:00,COLISIÓN POR CORTE DE CIRCULACIÓN,CONCRETO,Bueno,Bueno,1,CHEVROLET,BLANCO/VERDE,1,,48,MASCULINO,SIN DATOS,0,0,Morelia,Centro,octubre,martes,16,-101.178020238876,19.7047699483766
2389,2389,2016,,2016/10/18,16:00:00,COLISIÓN POR CORTE DE CIRCULACIÓN,ASFALTO,Bueno,Bueno,2,V.W,VERDE,2,,30,MASCULINO,SIN DATOS,0,0,Morelia,Virrey Antonio de Mendoza,octubre,martes,16,-101.162286400795,19.7066322323441
2390,2390,2016,,2016/10/18,16:15:00,COLISIÓN POR ALCANCE,ASFALTO,Bueno,Bueno,2,DODGE,BLANCO/ROJO,2,,52,MASCULINO,SIN DATOS,0,0,Morelia,Indeco Santiaguito,octubre,martes,16,-101.178224086761,19.7198279446898
2391,2391,2016,,2016/10/18,17:10:00,COLISIÓN POR CORTE DE CIRCULACIÓN,ASFALTO,Bueno,Bueno,2,CHEVROLET,ROJO,2,,93,MASCULINO,SIN DATOS,0,0,Morelia,Nueva Valladolid,octubre,martes,17,-101.213918924332,19.7007031498603
2392,2392,2016,,2016/10/18,18:20:00,COLISIÓN POR ALCANCE,ASFALTO,Bueno,Bueno,2,NISSAN,BIANCO/AMARILLO,2,,29,MASCULINO,SIN DATOS,0,0,Morelia,Jacarandas,octubre,martes,18,-101.209359169006,19.7083846533218
2393,2393,2016,,2016/10/18,20:10:00,COLISIÓN CON PEATÓN,ASFALTO,Bueno,Bueno,1,CHEVROLET,GRIS,2,MINISTERIO PÚBLICO,0,FEMENINO,SIN DATOS,1,0,Morelia,Ciudad Industrial,octubre,martes,20,-101.143097877502,19.7255038364959
2394,2394,2016,,2016/10/18,23:00:00,COLISIÓN POR CORTE DE CIRCULACIÓN,ASFALTO,Bueno,Bueno,2,TOYOTA,AZUL,1,,27,MASCULINO,SIN DATOS,0,0,Morelia,Ejidal Ocolusen,octubre,martes,23,-101.158998012543,19.6878493164245
2395,2395,2016,,2016/10/18,23:30:00,COLISIÓN POR CORTE DE CIRCULACIÓN,ASFALTO,Bueno,Bueno,2,NISSAN,BLANCO/ROJO,2,,72,MASCULINO,SIN DATOS,0,0,Morelia,Irrigacion,octubre,martes,0,-101.225071549416,19.7047787863856
2396,2396,2016,,2016/10/19,"01:30:00",COLISIÓN CON PEATÓN,CONCRETO,Bueno,Bueno,1,SEAT,BLANCO,2,,23,MASCULINO,CON CERTIFICADO,1,0,Morelia,Centro,octubre,miércoles,2,-101.191538572311,19.7019505985827
2397,2397,2016,,2016/10/19,"02:30:00",COLISIÓN POR CORTE DE CIRCULACIÓN,ASFALTO,Bueno,Bueno,2,NISSAN,PLATA,2,,22,MASCULINO,SIN DATOS,0,0,Morelia,Jardines de Sindurio,octubre,miércoles,3,-101.256364881992,19.6975592329176
2398,2398,2016,,2016/10/19,"07:30:00",COLISIÓN POR CORTE DE CIRCULACIÓN,ASFALTO,Bueno,Bueno,2,CHEVROLET,GRIS,1,,,MASCULINO,SIN DATOS,0,0,Morelia,San Pascual,octubre,miércoles,8,-101.268723160028,19.6949367296523
2399,2399,2016,,2016/10/19,"07:50:00",COLISIÓN POR CORTE DE CIRCULACIÓN,CONCRETO,Bueno,Bueno,2,HONDA,ARENA,2,,32,FEMENINO,SIN DATOS,0,0,Morelia,Tres Puentes,octubre,miércoles,8,-101.213779449463,19.7025768444771
2400,2400,2016,,2016/10/19,"07:50:00",COLISIÓN POR CORTE DE CIRCULACIÓN,SIN_DATOS,Bueno,Bueno,1,VW,SIN DATO,1,,,,SIN DATOS,0,0,Quiroga,Centro,octubre,miércoles,8,-101.524744033813,19.6619566954707
2401,2401,2016,,2016/10/19,"09:20:00",COLISIÓN POR CORTE DE CIRCULACIÓN,ASFALTO,Bueno,Bueno,3,V.W.,GRIS,3,,29,FEMENINO,SIN DATOS,0,0,Morelia,La Soledad,octubre,miércoles,9,-101.184403896332,19.7254028437413
2402,2402,2016,,2016/10/19,"09:50:00",COLISIÓN POR CORTE DE CIRCULACIÓN,ASFALTO,Bueno,Bueno,2,CHEVROLET,BLANCO,2,,25,MASCULINO,SIN DATOS,0,0,Morelia,Nueva Esperanza,octubre,miércoles,10,-101.250654459,19.6878720451351
2403,2403,2016,,2016/10/19,12:00:00,COLISIÓN POR ALCANCE,CONCRETO,Bueno,Regular,2,V.W.,VERDE,2,,46,MASCULINO,SIN DATOS,0,0,Morelia,Industrial,octubre,miércoles,12,-101.188663244247,19.7109400224102
2404,2404,2016,,2016/10/19,14:45:00,COLISIÓN POR CORTE DE CIRCULACIÓN,CONCRETO,Bueno,Bueno,2,JAGUAR,NEGRO,2,,46,FEMENINO,SIN DATOS,0,0,Morelia,Centro,octubre,miércoles,15,-101.178159713745,19.6992183196759
2405,2405,2016,,2016/10/19,15:20:00,COLISIÓN POR CORTE DE CIRCULACIÓN,ASFALTO,Bueno,Bueno,2,CHRYSLER,BLANCO,2,,42,MASCULINO,SIN DATOS,0,0,Morelia,Independencia,octubre,miércoles,15,-101.176115870476,19.7056827858709
2406,2406,2016,,2016/10/19,17:00:00,COLISIÓN POR CORTE DE CIRCULACIÓN,ASFALTO,Bueno,Bueno,1,V.W.,ROJO,1,,41,MASCULINO,SIN DATOS,0,0,Morelia,Libertad,octubre,miércoles,17,-101.236943006516,19.684909709328
2407,2407,2016,,2016/10/19,18:45:00,SALIDA DE SUPERFICIE DE RODAMIENTO,ASFALTO,Bueno,Bueno,1,FORD,BLANCO,1,,26,MASCULINO,SIN DATOS,0,0,Morelia,Independencia,octubre,miércoles,19,-101.177832484245,19.7193381118387
2408,2408,2016,,2016/10/19,18:50:00,COLISIÓN POR CORTE DE CIRCULACIÓN,ASFALTO,Bueno,Bueno,2,NISSAN,BLANCO Y VERDE,2,,25,MASCULINO,SIN DATOS,0,0,Morelia,Francisco J Mujica,octubre,miércoles,19,-101.18833065033,19.7217064650061
2409,2409,2016,,2016/10/19,21:00:00,COLISIÓN POR ALCANCE,ASFALTO,Bueno,Bueno,2,FORD,ROJO,5,MINISTERIO PÚBLICO,41,MASCULINO,CON CERTIFICADO,4,0,Lázaro Cárdenas,Sin datos,octubre,miércoles,21,-102.21132516861,17.9782636668024
2410,2410,2016,,2016/10/20,"00:00:00",COLISIÓN POR CORTE DE CIRCULACIÓN,ASFALTO,Bueno,Bueno,2,V.W.,ROJO,2,,39,FEMENINO,SIN DATOS,0,0,Morelia,Cinco de Diciembre,octubre,jueves,0,-101.16281747818,19.6867179276409
2411,2411,2016,,2016/10/20,"02:20:00",COLISIÓN POR CORTE DE CIRCULACIÓN,ASFALTO,Bueno,Bueno,1,NISSAN,BLANCO,1,,28,MASCULINO,SIN DATOS,0,0,Morelia,La Quemada,octubre,jueves,2,-101.23782813549,19.7017157557405
2412,2412,2016,,2016/10/20,"09:15:00",COLISIÓN POR CORTE DE CIRCULACIÓN,CONCRETO,Bueno,Bueno,2,V.W.,BLANCO,2,,24,FEMENINO,SIN DATOS,0,0,Morelia,Del Empleado,octubre,jueves,9,-101.177808344364,19.6887332083496
2413,2413,2016,,2016/10/20,"09:30:00",COLISIÓN CON PEATÓN,ASFALTO,Bueno,Bueno,1,DODGE,ROJO,2,,17,FEMENINO,SIN DATOS,1,0,Morelia,San Rafael,octubre,jueves,10,-101.15385890007,19.699869828494
2414,2414,2016,,2016/10/20,10:10:00,COLISIÓN POR CORTE DE CIRCULACIÓN,ASFALTO,Bueno,Bueno,2,DODGE,BLANCO,2,,22,,SIN DATOS,0,0,Morelia,Los Manantiales de Morelia,octubre,jueves,10,-101.240338683128,19.6929859229943
2415,2415,2016,,2016/10/20,10:50:00,COLISIÓN POR CORTE DE CIRCULACIÓN,CONCRETO,Nublado,Bueno,2,NISSAN,BLANCO,2,,38,MASCULINO,SIN DATOS,0,0,Morelia,Centro,octubre,jueves,11,-101.188046336174,19.7028849161546
2416,2416,2016,,2016/10/20,12:00:00,COLISIÓN POR ALCANCE,CONCRETO,Bueno,Bueno,2,GENERAL MOTORS,ARENA,2,,23,MASCULINO,SIN DATOS,0,0,Morelia,Ferrocarrilero,octubre,jueves,12,-101.22233569622,19.6929253150281
2417,2417,2016,,2016/10/20,12:30:00,COLISIÓN POR CORTE DE CIRCULACIÓN,CONCRETO,Bueno,Bueno,2,NISSAN,ARENA,2,,27,MASCULINO,SIN DATOS,0,0,Morelia,Centro,octubre,jueves,13,-101.187107563019,19.7046241211574
2418,2418,2016,,2016/10/20,13:00:00,COLISIÓN POR CORTE DE CIRCULACIÓN,ASFALTO,Bueno,Bueno,2,CHEVROLET,BLANCO Y ROSA,2,,,MASCULINO,SIN DATOS,0,0,Morelia,Cinco de Diciembre,octubre,jueves,13,-101.159400343895,19.6878543672493
2419,2419,2016,,2016/10/20,13:45:00,COLISIÓN POR CORTE DE CIRCULACIÓN,ASFALTO,Nublado,Bueno,2,DINAMO,AZUL,2,,20,MASCULINO,SIN DATOS,0,0,Morelia,La Loma,octubre,jueves,14,-101.178824901581,19.6815255587459
2421,2421,2016,,2016/10/20,14:30:00,COLISIÓN POR CORTE DE CIRCULACIÓN,ASFALTO,Bueno,Bueno,2,Nissan,Blanco/Rojo,2,,37,MASCULINO,SIN DATOS,0,0,Múgica,Centro,octubre,jueves,15,-102.093232870102,19.0247965698116
2422,2422,2016,,2016/10/20,15:00:00,COLISIÓN POR CORTE DE CIRCULACIÓN,ASFALTO,Bueno,Bueno,2,HONDA,GRIS,2,,,,SIN DATOS,0,0,Morelia,Villas del Real,octubre,jueves,15,-101.200534701347,19.7329518761937
2423,2423,2016,,2016/10/20,16:05:00,COLISIÓN POR CORTE DE CIRCULACIÓN,ASFALTO,Bueno,Bueno,2,Bajaj,Amarillo,4,,18,MASCULINO,SIN DATOS,2,0,Apatzingán,Bonifacio Moreno,octubre,jueves,16,-102.357704043388,19.0880553062271
2424,2424,2016,,2016/10/20,16:40:00,COLISIÓN POR CORTE DE CIRCULACIÓN,ASFALTO,Bueno,Bueno,2,YAMAHA,AZUL,2,,21,MASCULINO,SIN DATOS,0,0,Morelia,Centro,octubre,jueves,17,-101.177821755409,19.7015415172799
2425,2425,2016,,2016/10/20,16:45:00,COLISIÓN POR CORTE DE CIRCULACIÓN,ASFALTO,Bueno,Bueno,2,FORD,GRIS,1,,47,FEMENINO,SIN DATOS,0,0,Morelia,Bicentenario,octubre,jueves,17,-101.178524494171,19.7387939259929
2426,2426,2016,,2016/10/20,16:50:00,COLISIÓN POR CORTE DE CIRCULACIÓN,ASFALTO,Bueno,Bueno,2,SUZUKI,BLANCO,1,,,MASCULINO,SIN DATOS,0,0,Tarímbaro,Sin datos,octubre,jueves,17,-101.12889289856,19.7776075778345
2427,2427,2016,,2016/10/20,17:30:00,COLISIÓN POR CORTE DE CIRCULACIÓN,ASFALTO,Bueno,Bueno,3,NISSAN,BLANCO,3,,30,MASCULINO,SIN DATOS,0,0,Morelia,Tinijaro,octubre,jueves,18,-101.2618714571,19.6967031677264
2428,2428,2016,,2016/10/20,19:45:00,COLISIÓN POR CORTE DE CIRCULACIÓN,SIN_DATOS,Bueno,Bueno,2,VOLVO,BLANCO,2,,,MASCULINO,SIN DATOS,0,0,Morelia,Montaña Monarca,octubre,jueves,20,-101.164855957031,19.6658666180432
2429,2429,2016,,2016/10/20,20:10:00,COLISIÓN POR CORTE DE CIRCULACIÓN,CONCRETO,Bueno,Bueno,2,MEXICANA DE AUTOBUSES,BLANCO Y VERDE,2,,40,MASCULINO,SIN DATOS,0,0,Morelia,Tanganxoan (Guadalupe Victoria),octubre,jueves,20,-101.286446526647,19.6916645378598
2430,2430,2016,,2016/10/20,20:15:00,COLISIÓN POR CORTE DE CIRCULACIÓN,ASFALTO,Bueno,Bueno,2,V.W.,VERDE,2,,23,MASCULINO,SIN DATOS,0,0,Morelia,Dr Miguel Silva,octubre,jueves,20,-101.188786625862,19.714338701032
2431,2431,2016,,2016/10/20,21:00:00,COLISIÓN POR CORTE DE CIRCULACIÓN,ASFALTO,Bueno,Bueno,2,GENERAL MOTORS,BLANCO,2,,17,MASCULINO,SIN DATOS,0,0,Morelia,Jardines de Torremolinos,octubre,jueves,21,-101.225709915161,19.6767421672474
2432,2432,2016,,2016/10/20,22:00:00,COLISIÓN CON PEATÓN,ASFALTO,Bueno,Bueno,1,MAZDA,NEGRO,1,,39,MASCULINO,SIN DATOS,0,0,Morelia,Sin datos,octubre,jueves,22,-101.099267229438,19.7304650269757
2433,2433,2016,,2016/10/20,22:30:00,VOLCADURA,ASFALTO,Bueno,Bueno,1,FORD,GRIS,1,,58,MASCULINO,SIN DATOS,0,0,Morelia,Los Manantiales de Morelia,octubre,jueves,23,-101.240263581276,19.6928192510319
2434,2434,2016,,2016/10/21,"02:40:00",SUBIDA AL CAMELLÓN,CONCRETO,Bueno,Bueno,1,MERDES BENZ,GRIS,1,,,,SIN DATOS,0,0,Morelia,Vasco de Quiroga,octubre,viernes,3,-101.177898533642,19.6989676900927
2435,2435,2016,,2016/10/21,"03:45:00",COLISIÓN POR CORTE DE CIRCULACIÓN,ASFALTO,Bueno,Bueno,2,NISSAN,BLANCO,2,,23,MASCULINO,CON CERTIFICADO,0,0,Morelia,Nicolaitas Ilustres,octubre,viernes,4,-101.228370666504,19.7196461512295
2436,2436,2016,,2016/10/21,"04:00:00",COLISIÓN POR CORTE DE CIRCULACIÓN,ASFALTO,Bueno,Regular,1,VOLKSWAGEN,NEGRO,1,,27,MASCULINO,CON CERTIFICADO,0,0,Morelia,Morelia 450,octubre,viernes,4,-101.217121481895,19.6755652391051
2437,2437,2016,,2016/10/21,"04:20:00",COLISIÓN POR CORTE DE CIRCULACIÓN,CONCRETO,Bueno,Bueno,2,NISSAN,BLANCO,2,,25,MASCULINO,SIN DATOS,0,0,Morelia,Centro,octubre,viernes,4,-101.196028590202,19.7030414769438
2438,2438,2016,,2016/10/21,"04:35:00",COLISIÓN CONTRA OBJETO FIJO,ASFALTO,Bueno,Bueno,2,TOYOTA,PLATA,2,,,FEMENINO,SIN DATOS,0,0,Morelia,Centro,octubre,viernes,5,-101.20120190084,19.6992315771492
2439,2439,2016,,2016/10/21,"09:40:00",COLISIÓN POR ALCANCE,ASFALTO,Bueno,Bueno,2,DODGE,BLANCO,2,MINISTERIO PÚBLICO,22,MASCULINO,SIN DATOS,0,0,Morelia,Popular Pogreso,octubre,viernes,10,-101.199483275414,19.7248221341636
2440,2440,2016,,2016/10/21,10:50:00,COLISIÓN POR CORTE DE CIRCULACIÓN,SIN_DATOS,Bueno,Bueno,2,KENWORTH,BLANCO,2,,32,MASCULINO,SIN DATOS,0,0,Morelia,Sentimientos de La Nacion,octubre,viernes,11,-101.233241558075,19.6782221547433
2441,2441,2016,,2016/10/21,11:35:00,COLISIÓN POR CORTE DE CIRCULACIÓN,ASFALTO,Bueno,Bueno,2,NISSAN,GRIS,2,,53,MASCULINO,SIN DATOS,0,0,Morelia,Libertad,octubre,viernes,12,-101.23368948698,19.6863429008002
2442,2442,2016,,2016/10/21,12:55:00,COLISIÓN POR CORTE DE CIRCULACIÓN,CONCRETO,Bueno,Bueno,2,FORD,BLANCO,2,,38,MASCULINO,SIN DATOS,0,0,Morelia,Barrio Alto,octubre,viernes,13,-101.196935176849,19.7250392692962
2443,2443,2016,,2016/10/21,13:50:00,COLISIÓN POR ALCANCE,ASFALTO,Bueno,Bueno,2,NISSAN,BLANCO Y NARANJA,2,,18,MASCULINO,SIN DATOS,0,0,Morelia,Francisco J Mujica,octubre,viernes,14,-101.188191175461,19.7215549722507
2444,2444,2016,,2016/10/21,17:40:00,COLISIÓN POR ALCANCE,CONCRETO,Bueno,Bueno,2,MERCURY,PLATA,2,,23,FEMENINO,SIN DATOS,0,0,Morelia,Ferrocarrilero,octubre,viernes,18,-101.215061545372,19.6997334664027
2445,2445,2016,,2016/10/21,20:20:00,COLISIÓN POR ALCANCE,ASFALTO,Bueno,Bueno,2,CHEVROLET,AZUL,2,,24,MASCULINO,SIN DATOS,0,0,Morelia,Fidel Velazquez,octubre,viernes,20,-101.236288547516,19.7022334196127
2446,2446,2016,,2016/10/21,21:00:00,COLISIÓN POR CORTE DE CIRCULACIÓN,ASFALTO,Bueno,Bueno,2,FORD,ROJO,2,,45,MASCULINO,SIN DATOS,0,0,Morelia,Nueva Jacarndas,octubre,viernes,21,-101.188416481018,19.6784039952674
2447,2447,2016,,2016/10/21,21:40:00,COLISIÓN POR ALCANCE,ASFALTO,Bueno,Bueno,2,V.W.,BLANCO Y ROJO,3,,39,MASCULINO,SIN DATOS,1,0,Morelia,Centro,octubre,viernes,22,-101.181769967079,19.7031563722641
2448,2448,2016,,2016/10/21,22:50:00,COLISIÓN POR CORTE DE CIRCULACIÓN,CONCRETO,Bueno,Bueno,2,CHRYSLER,PLATA,2,,46,MASCULINO,SIN DATOS,0,0,Morelia,Sin datos,octubre,viernes,23,-101.112971305847,19.7370165920603
2449,2449,2016,,2016/10/21,23:10:00,COLISIÓN POR CORTE DE CIRCULACIÓN,ASFALTO,Bueno,Bueno,2,BAJAJ,NEGRO Y ROJO,2,,20,MASCULINO,SIN DATOS,0,0,Morelia,Chapultepec Sur,octubre,viernes,23,-101.174705028534,19.6915818325508
2450,2450,2016,,2016/10/21,23:30:00,COLISIÓN POR CORTE DE CIRCULACIÓN,ASFALTO,Bueno,Bueno,2,V.W.,ROJO,2,MINISTERIO PÚBLICO,42,FEMENINO,SIN DATOS,0,0,Morelia,Camelinas,octubre,viernes,0,-101.171025037766,19.6820609664351
2451,2451,2016,,2016/10/21,23:55:00,COLISIÓN POR CORTE DE CIRCULACIÓN,ASFALTO,Bueno,Bueno,2,V.W.,ROJO,5,,25,MASCULINO,SIN DATOS,3,0,Morelia,Villas de La Esperanza,octubre,viernes,0,-101.274479180574,19.6930894615503
2452,2452,2016,,2016/10/22,"01:05:00",COLISIÓN POR CORTE DE CIRCULACIÓN,ASFALTO,Bueno,Bueno,2,CHEVROLET,MARRON,2,,35,FEMENINO,SIN DATOS,0,0,Morelia,Asociacion Zirahuen,octubre,sábado,1,-101.250160932541,19.6987183227375
2453,2453,2016,,2016/10/22,"01:50:00",COLISIÓN POR ALCANCE,ASFALTO,Bueno,Bueno,0,,,0,,,,,0,0,Morelia,Asociacion Zirahuen,octubre,sábado,2,-101.249749213457,19.6988136505571
2454,2454,2016,,2016/10/22,"02:15:00",SUBIDA AL CAMELLÓN,ASFALTO,Bueno,Bueno,1,ACCURA,ROJO,1,,25,MASCULINO,SIN DATOS,0,0,Morelia,Clara Cordova Moran,octubre,sábado,2,-101.180750727654,19.7375265677408
2455,2455,2016,,2016/10/22,"04:10:00",SUBIDA AL CAMELLÓN,ASFALTO,Bueno,Bueno,1,CHEVROLET,NEGRO,1,,18,MASCULINO,CON CERTIFICADO,0,0,Morelia,Alberto Oviedo Mota,octubre,sábado,4,-101.197986602783,19.6811770376848
2456,2456,2016,,2016/10/22,"04:30:00",CAIDA DE MOTOCICLETA,ASFALTO,Bueno,Bueno,1,YAMAHA,NEGRO,1,,,,SIN DATOS,0,0,Morelia,Independencia,octubre,sábado,5,-101.177945137024,19.7194088094563
2457,2457,2016,,2016/10/22,"04:30:00",COLISIÓN POR CORTE DE CIRCULACIÓN,ASFALTO,Bueno,Bueno,2,CHEVROLET,PLATA,2,,28,MASCULINO,SIN DATOS,0,0,Morelia,Sentimientos de La Nacion,octubre,sábado,5,-101.23526930809,19.6811820887201
2458,2458,2016,,2016/10/22,"06:15:00",COLISIÓN POR CORTE DE CIRCULACIÓN,ASFALTO,Bueno,Bueno,2,CHEVROLET,GRIS,2,,35,MASCULINO,CON CERTIFICADO,0,0,Morelia,Centro,octubre,sábado,6,-101.195993721485,19.7048671664488
2459,2459,2016,,2016/10/22,"07:50:00",COLISIÓN POR CORTE DE CIRCULACIÓN,ASFALTO,Bueno,Regular,2,NISSAN,BLANCO,2,,42,MASCULINO,SIN DATOS,0,0,Morelia,La Loma,octubre,sábado,8,-101.178460121155,19.6815356607944
2460,2460,2016,,2016/10/22,"07:50:00",COLISIÓN POR CORTE DE CIRCULACIÓN,ASFALTO,Nublado,Bueno,1,CHEVROLET,ROJO,1,,44,MASCULINO,SIN DATOS,0,0,Pátzcuaro,Centro,octubre,sábado,8,-101.607152223587,19.5237222671499
2461,2461,2016,,2016/10/22,12:00:00,COLISIÓN POR CORTE DE CIRCULACIÓN,ASFALTO,Bueno,Bueno,2,CHEVROLET,PLATA,2,,38,MASCULINO,SIN DATOS,0,0,Morelia,Tierra Y Libertad,octubre,sábado,12,-101.230537891388,19.7157678414927
2462,2462,2016,,2016/10/22,12:20:00,COLISIÓN POR CORTE DE CIRCULACIÓN,CONCRETO,Bueno,Bueno,2,NISSAN,GRIS,2,,,MASCULINO,SIN DATOS,0,0,Morelia,Chapultepec Sur,octubre,sábado,12,-101.165864467621,19.691091913203
2463,2463,2016,,2016/10/22,14:55:00,COLISIÓN POR CORTE DE CIRCULACIÓN,ASFALTO,Bueno,Bueno,2,DODGE,BLANCO,2,,38,MASCULINO,SIN DATOS,0,0,Morelia,Industrial,octubre,sábado,15,-101.18952691555,19.7122303167824
2464,2464,2016,,2016/10/22,16:10:00,COLISIÓN POR CORTE DE CIRCULACIÓN,ASFALTO,Bueno,Bueno,2,NISSAN,BLANCO/ROJO,2,,63,MASCULINO,SIN DATOS,0,0,Morelia,Industrial,octubre,sábado,16,-101.188631057739,19.7108996216356
2465,2465,2016,,2016/10/22,17:05:00,COLISIÓN POR CORTE DE CIRCULACIÓN,ASFALTO,Bueno,Bueno,2,NISSAN,BLANCO,2,,,,SIN DATOS,0,0,Morelia,Gertrudis Sanchez,octubre,sábado,17,-101.199614703655,19.7399173726068
2466,2466,2016,,2016/10/22,19:30:00,COLISIÓN POR CORTE DE CIRCULACIÓN,ASFALTO,Bueno,Bueno,2,DINA,ROJO,2,,58,MASCULINO,SIN DATOS,0,0,Morelia,Lazaro Cardenas,octubre,sábado,20,-101.160284131765,19.7089401718141
2467,2467,2016,,2016/10/22,21:15:00,COLISIÓN POR ALCANCE,ASFALTO,Bueno,Bueno,2,RENAULT,BLANCO,2,,43,FEMENINO,SIN DATOS,0,0,Morelia,Lomas de Las Americas Norte,octubre,sábado,21,-101.148215532303,19.6946778861239
2468,2468,2016,,2016/10/22,21:50:00,COLISIÓN POR CORTE DE CIRCULACIÓN,ASFALTO,Bueno,Bueno,2,DODGE,BLANCO,2,,27,MASCULINO,CON CERTIFICADO,0,0,Morelia,Justo Mendoza,octubre,sábado,22,-101.23298406601,19.7122328418101
2469,2469,2016,,2016/10/23,"00:45:00",COLISIÓN POR ALCANCE,ASFALTO,Bueno,Bueno,2,CHEVROLET,GRIS,2,,25,MASCULINO,SIN DATOS,0,0,Morelia,Niño Artillero,octubre,domingo,1,-101.256661266088,19.6972650399391
2471,2471,2016,,2016/10/23,"02:20:00",COLISIÓN POR CORTE DE CIRCULACIÓN,ASFALTO,Bueno,Bueno,2,NISSAN,BLANCO Y ROJO,2,,29,MASCULINO,SIN DATOS,0,0,Morelia,Lomas del Valle,octubre,domingo,2,-101.230666637421,19.6879907394604
2472,2472,2016,,2016/10/23,"02:30:00",COLISIÓN POR ALCANCE,ASFALTO,Bueno,Bueno,2,VOLKSWAGEN,NEGRO,2,,32,MASCULINO,CON CERTIFICADO,0,0,Morelia,Felix Ireta,octubre,domingo,3,-101.191613674164,19.6827175960634
2473,2473,2016,,2016/10/23,"04:00:00",COLISIÓN POR CORTE DE CIRCULACIÓN,ASFALTO,Bueno,Bueno,2,CHRYSLER,BLANCO,2,,54,MASCULINO,SIN DATOS,0,0,Morelia,Dr Miguel Silva,octubre,domingo,4,-101.188395023346,19.7130610487456
2474,2474,2016,,2016/10/23,"05:30:00",CAIDA DE MOTOCICLETA,CONCRETO,Bueno,Bueno,1,HONDA,NEGRO,2,MINISTERIO PÚBLICO,,,,1,1,Morelia,Eva Samano,octubre,domingo,6,-101.202339828014,19.7314711325661
2475,2475,2016,,2016/10/23,"08:20:00",SALIDA DE SUPERFICIE DE RODAMIENTO,ASFALTO,Bueno,Bueno,1,JEEP,GRIS,1,,23,MASCULINO,SIN DATOS,0,0,Morelia,Sin datos,octubre,domingo,8,-101.14443898201,19.6435348282864
2476,2476,2016,,2016/10/23,"08:51:00",COLISIÓN POR CORTE DE CIRCULACIÓN,CONCRETO,Bueno,Bueno,2,CHEVROLET,GRIS,2,,21,MASCULINO,SIN DATOS,0,0,Morelia,Centro,octubre,domingo,9,-101.186983510852,19.700840773729
2477,2477,2016,,2016/10/23,10:00:00,COLISIÓN POR CORTE DE CIRCULACIÓN,ASFALTO,Bueno,Bueno,2,MERDES BENZ,BLANCO Y GUINDA,2,,53,MASCULINO,SIN DATOS,0,0,Morelia,Lomas de Guayangareo,octubre,domingo,10,-101.162452697754,19.7022536210958
2478,2478,2016,,2016/10/23,14:30:00,SALIDA DE SUPERFICIE DE RODAMIENTO,CONCRETO,Bueno,Bueno,1,VOLKSWAGEN,AZUL,1,,,,SIN DATOS,0,0,Morelia,El Lago 3,octubre,domingo,15,-101.218831390142,19.7271096127184
2479,2479,2016,,2016/10/23,15:20:00,COLISIÓN POR CORTE DE CIRCULACIÓN,ASFALTO,Bueno,Bueno,2,NISSAN,BLANCO/ROJO,2,,53,MASCULINO,SIN DATOS,0,0,Morelia,Sin datos,octubre,domingo,15,-101.263110637665,19.7142326512308
2480,2480,2016,,2016/10/23,15:20:00,COLISIÓN POR CORTE DE CIRCULACIÓN,ASFALTO,Bueno,Bueno,2,JEEP,GRIS,4,,40,MASCULINO,SIN DATOS,2,0,Morelia,Felix Ireta,octubre,domingo,15,-101.188873462379,19.6820233995624
2481,2481,2016,,2016/10/23,15:34:00,COLISIÓN POR ALCANCE,ASFALTO,Bueno,Bueno,2,TOYOTA,NEGRO,2,,25,FEMENINO,SIN DATOS,0,0,Morelia,Camelinas,octubre,domingo,16,-101.174190044403,19.6818286199219
2482,2482,2016,,2016/10/23,16:12:00,SUBIDA AL CAMELLÓN,ASFALTO,Bueno,Bueno,1,NISSAN,BEIGE,1,,77,MASCULINO,SIN DATOS,0,0,Morelia,Prados Verdes,octubre,domingo,16,-101.197120249271,19.7169621487224
2483,2483,2016,,2016/10/23,18:05:00,COLISIÓN POR ALCANCE,ASFALTO,Nublado,Regular,2,FORD,ROJO,2,,40,FEMENINO,SIN DATOS,0,0,Morelia,Loma Dorada,octubre,domingo,18,-101.254624128342,19.6978294354343