fid,id_accidente,anio_origen,folio_c5i,dia_incidente,hora_ocurrencia,tipo_incidente_vial,superficie_ocurrencia,condiciones_climaticas,condiciones_via,numero_vehiculos_involucrados,marca_vehiculo_ocasiona_siniestro,color_vehiculo_ocasiona_siniestro,numero_personas_involucradas,lugar_remite_presunto_responsable,edad_presunto_responsable,sexo_presunto_responsable,resultados_toxicologia,numero_personas_lesionadas,numero_personas_fallecidas,municipio,colonia,mes,dia_semana,hora_redondeada,lon,lat
2484,2484,2016,,2016/10/23,20:00:00,COLISIÓN POR ALCANCE,ASFALTO,Bueno,Bueno,2,NISSAN,PLATA,2,,34,MASCULINO,SIN DATOS,0,0,Morelia,El Eden,octubre,domingo,20,-101.250858306885,19.6446084217048
2485,2485,2016,,2016/10/23,20:15:00,COLISIÓN POR ALCANCE,ASFALTO,Bueno,Bueno,3,VOLKSWAGEN,BLANCO,3,MINISTERIO PÚBLICO,,,SIN DATOS,0,0,Morelia,Articulo Constitucional,octubre,domingo,20,-101.172799319029,19.7151517471715
2486,2486,2016,,2016/10/23,21:30:00,COLISIÓN POR CORTE DE CIRCULACIÓN,ASFALTO,Bueno,Bueno,2,VOLKSWAGEN,BLANCO/CAFE,2,,55,MASCULINO,SIN DATOS,0,0,Morelia,Centro,octubre,domingo,22,-101.20534658432,19.7024657365134
2487,2487,2016,,2016/10/23,22:30:00,COLISIÓN POR CORTE DE CIRCULACIÓN,ASFALTO,Bueno,Bueno,2,DODGE,BLANCO,2,,43,MASCULINO,SIN DATOS,0,0,Morelia,Jardines de Torremolinos,octubre,domingo,23,-101.22579574585,19.6768381395473
2488,2488,2016,,2016/10/23,23:00:00,COLISIÓN POR CORTE DE CIRCULACIÓN,ASFALTO,Bueno,Regular,1,CHEVROLET,PLATA,1,,22,MASCULINO,SIN DATOS,0,0,Morelia,Ana Maria Gallaga (Riviera Norte),octubre,domingo,23,-101.222748756409,19.6768532930631
2489,2489,2016,,2016/10/24,"00:10:00",COLISIÓN POR CORTE DE CIRCULACIÓN,ASFALTO,Bueno,Bueno,1,CGEVROLET,GRIS,1,,43,MASCULINO,SIN DATOS,0,0,Morelia,Sin datos,octubre,lunes,0,-101.105225086212,19.7294223060891
2490,2490,2016,,2016/10/24,"01:40:00",COLISIÓN POR CORTE DE CIRCULACIÓN,CONCRETO,Bueno,Bueno,1,SEAT,NEGRO,1,,28,MASCULINO,CON CERTIFICADO,0,0,Morelia,Tzindurio de Morelos,octubre,lunes,2,-101.250160932541,19.6985617577185
2491,2491,2016,,2016/10/24,"05:40:00",CAIDA DE MOTOCICLETA,CONCRETO,Bueno,Regular,1,PULSAR,NEGRO,1,,51,MASCULINO,SIN DATOS,0,0,Morelia,Industrial,octubre,lunes,6,-101.191318631172,19.709051275281
2492,2492,2016,,2016/10/24,"07:50:00",COLISIÓN POR ALCANCE,ASFALTO,Bueno,Bueno,2,MERDES BENZ,BLANCO,2,,36,MASCULINO,SIN DATOS,0,0,Morelia,Nueva Valladolid,octubre,lunes,8,-101.207991242409,19.701117283713
2493,2493,2016,,2016/10/24,"08:15:00",COLISIÓN POR CORTE DE CIRCULACIÓN,ASFALTO,Bueno,Bueno,2,CHEVROLET,ROJO,2,,54,MASCULINO,SIN DATOS,0,0,Morelia,Granjas del Maestro,octubre,lunes,8,-101.188534498215,19.7133489001517
2494,2494,2016,,2016/10/24,"09:00:00",COLISIÓN POR CORTE DE CIRCULACIÓN,CONCRETO,Nublado,Bueno,2,SEAT,BLANCO,2,,26,MASCULINO,SIN DATOS,0,0,Morelia,Ferrocarrilero,octubre,lunes,9,-101.221740245819,19.6934707858984
2495,2495,2016,,2016/10/24,11:30:00,COLISIÓN POR CORTE DE CIRCULACIÓN,ASFALTO,Bueno,Bueno,2,CHEVROLET,BLANCO,2,,33,MASCULINO,SIN DATOS,0,0,Morelia,Felicitas del Rio,octubre,lunes,12,-101.200422048569,19.6902585417963
2496,2496,2016,,2016/10/24,12:50:00,COLISIÓN POR CORTE DE CIRCULACIÓN,ASFALTO,Bueno,Bueno,2,CHEVROLET,BLANCO Y ROJO,2,,44,MASCULINO,SIN DATOS,0,0,Morelia,El Lago 1,octubre,lunes,13,-101.219465732574,19.7275438764717
2497,2497,2016,,2016/10/24,13:00:00,COLISIÓN POR CORTE DE CIRCULACIÓN,ASFALTO,Bueno,Regular,2,CHEVROLET,ROJO,2,,53,MASCULINO,SIN DATOS,0,0,Puruándiro,Lomas de Agua Tibia,octubre,lunes,13,-101.480176448822,20.0860320235209
2498,2498,2016,,2016/10/24,13:30:00,COLISIÓN POR CORTE DE CIRCULACIÓN,CONCRETO,Bueno,Bueno,2,BMW,NEGRO,2,,,MASCULINO,SIN DATOS,0,0,Morelia,Chapultepec Norte,octubre,lunes,14,-101.168222129345,19.6950263778011
2499,2499,2016,,2016/10/24,15:00:00,COLISIÓN POR CORTE DE CIRCULACIÓN,ASFALTO,Bueno,Bueno,2,DODGE,AZUL,2,,28,MASCULINO,SIN DATOS,0,0,Morelia,Morelia 450,octubre,lunes,15,-101.217502355576,19.6757874922919
2500,2500,2016,,2016/10/24,15:30:00,COLISIÓN POR CORTE DE CIRCULACIÓN,ASFALTO,Bueno,Bueno,2,FORD,BLANCO Y ROJO,2,,30,MASCULINO,SIN DATOS,0,0,Morelia,Lomas del Valle,octubre,lunes,16,-101.227490901947,19.6899453950555
2501,2501,2016,,2016/10/24,18:00:00,COLISIÓN CON PEATÓN,ASFALTO,Bueno,Bueno,1,YAMAHA,NEGRO,3,MINISTERIO PÚBLICO,37,MASCULINO,SIN DATOS,2,0,Morelia,Barrio Alto,octubre,lunes,18,-101.196736693382,19.7248726307324
2502,2502,2016,,2016/10/24,18:30:00,COLISIÓN POR CORTE DE CIRCULACIÓN,ASFALTO,Nublado,Bueno,2,RENAULT,BLANCO,2,,38,MASCULINO,SIN DATOS,0,0,Morelia,Comision Federal de Electricidad,octubre,lunes,19,-101.180686354637,19.6854249021004
2503,2503,2016,,2016/10/24,18:40:00,COLISIÓN POR ALCANCE,ASFALTO,Bueno,Bueno,2,V.W.,BLANCO,2,,24,MASCULINO,SIN DATOS,0,0,Morelia,Campestre Los Manantiales,octubre,lunes,19,-101.238391399384,19.6884049062041
2504,2504,2016,,2016/10/24,18:45:00,COLISIÓN POR ALCANCE,ASFALTO,Bueno,Bueno,2,V.W.,ROJO,2,,,MASCULINO,CON CERTIFICADO,0,0,Morelia,Francisco J Mujica,octubre,lunes,19,-101.187536716461,19.7224083795658
2505,2505,2016,,2016/10/24,19:00:00,COLISIÓN POR CORTE DE CIRCULACIÓN,ASFALTO,Bueno,Bueno,2,NISSAN,NARANJA,2,,47,FEMENINO,SIN DATOS,0,0,Morelia,La Soledad,octubre,lunes,19,-101.184371709824,19.7254634394017
2506,2506,2016,,2016/10/24,20:00:00,COLISIÓN POR CORTE DE CIRCULACIÓN,CONCRETO,Bueno,Bueno,1,CHEVROLET,AZUL,1,,,MASCULINO,SIN DATOS,0,0,Morelia,Eduardo Ruiz,octubre,lunes,20,-101.213103532791,19.7172480993939
2507,2507,2016,,2016/10/24,22:40:00,SUBIDA AL CAMELLÓN,ASFALTO,Bueno,Bueno,1,NISSAN,BLANCO,1,,32,MASCULINO,SIN DATOS,0,0,Morelia,La Esperanza,octubre,lunes,23,-101.254366636276,19.697879940527
2508,2508,2016,,2016/10/25,"01:05:00",SALIDA DE SUPERFICIE DE RODAMIENTO,ASFALTO,Bueno,Bueno,1,PONTIAC,BLANCO,1,,,,CON CERTIFICADO,0,0,Morelia,San Jose Itzicuaro,octubre,martes,1,-101.30042552948,19.6876068766438
2509,2509,2016,,2016/10/25,"03:10:00",COLISIÓN POR ALCANCE,ASFALTO,Bueno,Bueno,2,TOYOTA,BLANCO,2,,,FEMENINO,SIN DATOS,0,0,Morelia,Villas de La Esperanza,octubre,martes,3,-101.276135444641,19.6925970214787
2510,2510,2016,,2016/10/25,"07:30:00",COLISIÓN CON PEATÓN,ASFALTO,Bueno,Bueno,1,TOYOTA,BLANCO CON FRANJAS AMARILLA EN,2,MINISTERIO PÚBLICO,58,MASCULINO,CON CERTIFICADO,1,0,Lázaro Cárdenas,1Er Sect de Fidelac,octubre,martes,8,-102.197962403297,17.9648359454129
2511,2511,2016,,2016/10/25,"07:50:00",COLISIÓN POR ALCANCE,ASFALTO,Bueno,Bueno,2,CHEVROLET,ARENA,2,,21,MASCULINO,SIN DATOS,0,0,Morelia,Fuentes de Valladolid,octubre,martes,8,-101.22089266777,19.6738149844863
2512,2512,2016,,2016/10/25,"08:00:00",COLISIÓN POR CORTE DE CIRCULACIÓN,SIN_DATOS,Bueno,Bueno,2,FORD,GRIS,2,,37,FEMENINO,SIN DATOS,0,0,Morelia,Lomas de Las Americas Norte,octubre,martes,8,-101.148891448975,19.6948395055468
2513,2513,2016,,2016/10/25,"08:10:00",SUBIDA AL CAMELLÓN,ASFALTO,Bueno,Bueno,1,CHEVROLET,AZUL,1,,49,FEMENINO,SIN DATOS,0,0,Morelia,Justo Mendoza,octubre,martes,8,-101.231657713652,19.7136746261178
2514,2514,2016,,2016/10/25,"08:44:00",COLISIÓN POR CORTE DE CIRCULACIÓN,ASFALTO,Bueno,Bueno,2,ITALIKA,ROJO Y NEGRO,2,,23,MASCULINO,SIN DATOS,0,0,Morelia,Villas del Real,octubre,martes,9,-101.199066191912,19.7330579135739
2515,2515,2016,,2016/10/25,"09:15:00",COLISIÓN POR CORTE DE CIRCULACIÓN,SIN_DATOS,Bueno,Bueno,2,HONDA,ROJO,2,,29,MASCULINO,SIN DATOS,0,0,Morelia,Las Margaritas,octubre,martes,9,-101.207883954048,19.7103693605222
2516,2516,2016,,2016/10/25,10:40:00,COLISIÓN POR CORTE DE CIRCULACIÓN,ASFALTO,Bueno,Bueno,3,NISSAN,BLANCO,3,,29,FEMENINO,SIN DATOS,0,0,Morelia,Industrial,octubre,martes,11,-101.19363874197,19.7122151666153
2517,2517,2016,,2016/10/25,11:30:00,COLISIÓN POR CORTE DE CIRCULACIÓN,CONCRETO,Bueno,Bueno,2,HONDA,ROJO,2,,28,MASCULINO,SIN DATOS,0,0,Morelia,Centro,octubre,martes,12,-101.19583144784,19.7030339014252
2518,2518,2016,,2016/10/25,14:20:00,COLISIÓN POR CORTE DE CIRCULACIÓN,CONCRETO,Bueno,Bueno,2,CHEVROLET,GUINDA,2,,24,FEMENINO,SIN DATOS,0,0,Morelia,Felix Ireta,octubre,martes,14,-101.190733909607,19.687813960646
2519,2519,2016,,2016/10/25,17:20:00,COLISIÓN POR CORTE DE CIRCULACIÓN,ASFALTO,Bueno,Bueno,2,NISSAN,BLANCO,3,MINISTERIO PÚBLICO,68,MASCULINO,CON CERTIFICADO,1,0,Lázaro Cárdenas,Centro,octubre,martes,17,-102.195081710815,17.9577555560055
2520,2520,2016,,2016/10/25,17:30:00,COLISIÓN POR ALCANCE,ASFALTO,Bueno,Bueno,4,CHEVROLET,BLANCO Y VERDE,4,,26,MASCULINO,SIN DATOS,0,0,Morelia,Rafael Carrillo,octubre,martes,18,-101.236567497253,19.7077685305556
2521,2521,2016,,2016/10/25,18:20:00,COLISIÓN POR CORTE DE CIRCULACIÓN,ASFALTO,Bueno,Bueno,1,CHEVROLET,BLANCO,1,,37,MASCULINO,SIN DATOS,0,0,Morelia,Dr Miguel Silva,octubre,martes,18,-101.185283660889,19.7167222780075
2522,2522,2016,,2016/10/25,19:05:00,COLISIÓN CON PEATÓN,CONCRETO,Bueno,Bueno,1,FORD,GRIS,2,MINISTERIO PÚBLICO,37,MASCULINO,CON CERTIFICADO,1,0,Lázaro Cárdenas,Renovacion Sindical,octubre,martes,19,-102.22970366478,17.9879683421828
2523,2523,2016,,2016/10/25,20:00:00,COLISIÓN POR CORTE DE CIRCULACIÓN,ASFALTO,Bueno,Bueno,3,DINA,BLANCO,3,,32,MASCULINO,SIN DATOS,0,0,Morelia,Elias Perez Avalos,octubre,martes,20,-101.165564060211,19.7104148115437
2524,2524,2016,,2016/10/25,20:20:00,COLISIÓN POR ALCANCE,ASFALTO,Bueno,Bueno,2,NISSAN,CAFE,1,MINISTERIO PÚBLICO,39,MASCULINO,CON CERTIFICADO,0,0,Lázaro Cárdenas,Lomas de Bella Vista,octubre,martes,20,-102.22197689116,17.9694517600408
2525,2525,2016,,2016/10/25,23:40:00,VOLCADURA,ASFALTO,Bueno,Bueno,1,V.W.,ROJO,4,,,,,4,0,Morelia,Ciudad Industrial,octubre,martes,0,-101.124172210693,19.7347948968276
2526,2526,2016,,2016/10/26,"00:00:00",COLISIÓN POR CORTE DE CIRCULACIÓN,ASFALTO,Bueno,Bueno,2,VOLKSWAGEN,BLANCO,2,,29,FEMENINO,SIN DATOS,0,0,Morelia,Avicola Benito Juarez,octubre,miércoles,0,-101.279482841492,19.6915666804285
2527,2527,2016,,2016/10/26,"00:00:00",COLISIÓN POR CORTE DE CIRCULACIÓN,ASFALTO,Bueno,Bueno,2,RENAULT,GRIS,2,,19,FEMENINO,SIN DATOS,0,0,Morelia,Ejidal Ocolusen,octubre,miércoles,0,-101.157184839249,19.6876674866234
2528,2528,2016,,2016/10/26,"07:20:00",COLISIÓN POR CORTE DE CIRCULACIÓN,ASFALTO,Bueno,Bueno,2,CHEVROLET,ROJO,2,,29,MASCULINO,SIN DATOS,0,0,Morelia,Lomas de Huerta,octubre,miércoles,7,-101.210147738457,19.6723829437613
2529,2529,2016,,2016/10/26,12:40:00,COLISIÓN POR CORTE DE CIRCULACIÓN,ASFALTO,Bueno,Bueno,2,FORD,BLANCO,1,,,MASCULINO,SIN DATOS,0,0,Morelia,Felix Ireta,octubre,miércoles,13,-101.188319921494,19.6817010817469
2530,2530,2016,,2016/10/26,13:10:00,COLISIÓN CONTRA OBJETO FIJO,CONCRETO,Bueno,Bueno,1,FREIGHTLINER,BLANCO,1,,27,MASCULINO,SIN DATOS,0,0,Morelia,Ampliacion La Soledad,octubre,miércoles,13,-101.184189319611,19.7320934757629
2531,2531,2016,,2016/10/26,13:15:00,COLISIÓN POR CORTE DE CIRCULACIÓN,ASFALTO,Bueno,Regular,3,NISSAN,GRIS,3,,31,FEMENINO,SIN DATOS,0,0,Puruándiro,Los Lemus,octubre,miércoles,13,-101.529883146286,20.0937905722667
2532,2532,2016,,2016/10/26,14:30:00,COLISIÓN POR CORTE DE CIRCULACIÓN,TERRACERIA,Bueno,Malo,2,NISSAN,BLANCO,2,,59,MASCULINO,SIN DATOS,0,0,Morelia,Morelia 450,octubre,miércoles,15,-101.217534542084,19.6760299499623
2533,2533,2016,,2016/10/26,15:00:00,COLISIÓN POR CORTE DE CIRCULACIÓN,ASFALTO,Bueno,Bueno,2,NISSAN,GRIS,2,,26,MASCULINO,SIN DATOS,0,0,Morelia,Santiaguito,octubre,miércoles,15,-101.188513040543,19.7197521974398
2534,2534,2016,,2016/10/26,16:00:00,COLISIÓN POR CORTE DE CIRCULACIÓN,ASFALTO,Bueno,Bueno,2,FORD,BLANCO,2,,24,MASCULINO,SIN DATOS,0,0,Morelia,Nueva Chapultepec,octubre,miércoles,16,-101.174924969673,19.690672702674
2535,2535,2016,,2016/10/26,16:00:00,SUBIDA AL CAMELLÓN,ASFALTO,Bueno,Bueno,1,NISSAN,ROJO,1,,68,MASCULINO,SIN DATOS,0,0,Morelia,Sin datos,octubre,miércoles,16,-101.103562116623,19.7365722554863
2536,2536,2016,,2016/10/26,18:30:00,COLISIÓN POR ALCANCE,ASFALTO,Bueno,Bueno,2,NISSAN,BLANCO,2,,24,MASCULINO,SIN DATOS,0,0,Morelia,Tzindurio de Morelos,octubre,miércoles,19,-101.242581009865,19.6976577179999
2537,2537,2016,,2016/10/26,18:55:00,COLISIÓN POR CORTE DE CIRCULACIÓN,ASFALTO,Bueno,Bueno,2,Italika,Amarillo/Negro,2,,18,MASCULINO,SIN DATOS,0,0,Apatzingán,Zaragoza,octubre,miércoles,19,-102.361386716366,19.0970026733534
2538,2538,2016,,2016/10/26,19:50:00,COLISIÓN POR CORTE DE CIRCULACIÓN,CONCRETO,Bueno,Bueno,2,FORD,GRIS,2,,26,FEMENINO,SIN DATOS,0,0,Morelia,Felix Ireta,octubre,miércoles,20,-101.181464195251,19.6816063751156
2539,2539,2016,,2016/10/26,20:30:00,COLISIÓN POR CORTE DE CIRCULACIÓN,CONCRETO,Bueno,Bueno,2,TOYOTA,GRIS,2,,42,MASCULINO,SIN DATOS,0,0,Morelia,Balcones de Santa Maria,octubre,miércoles,21,-101.187971234322,19.6762724072658
2540,2540,2016,,2016/10/26,21:00:00,COLISIÓN POR CORTE DE CIRCULACIÓN,ASFALTO,Bueno,Bueno,2,VOLKSWAGEN,AZUL,1,,55,MASCULINO,SIN DATOS,0,0,Indaparapeo,Sin datos,octubre,miércoles,21,-100.945086479187,19.7944871538325
2541,2541,2016,,2016/10/26,21:30:00,COLISIÓN POR CORTE DE CIRCULACIÓN,ASFALTO,Bueno,Bueno,2,V.W.,PLATA,2,,19,MASCULINO,SIN DATOS,0,0,Morelia,Industrial,octubre,miércoles,22,-101.193917691708,19.7095916410424
2542,2542,2016,,2016/10/26,23:00:00,COLISIÓN CONTRA OBJETO FIJO,CONCRETO,Bueno,Regular,1,FORD,BLANCO,1,,38,MASCULINO,SIN DATOS,0,0,Morelia,Las Cruces,octubre,miércoles,23,-101.267718672752,19.6978546879826
2543,2543,2016,,2016/10/27,"02:50:00",COLISIÓN CONTRA OBJETO FIJO,CONCRETO,Bueno,Bueno,1,V.W.,ROJO,1,,24,MASCULINO,SIN DATOS,0,0,Morelia,Vasco de Quiroga,octubre,jueves,3,-101.175944209099,19.6983041826764
2544,2544,2016,,2016/10/27,"04:00:00",SALIDA DE SUPERFICIE DE RODAMIENTO,ASFALTO,Bueno,Bueno,1,NISSAN,BLANCO,1,,29,MASCULINO,SIN DATOS,0,0,Morelia,Tzindurio de Morelos,octubre,jueves,4,-101.250171661377,19.6985668082053
2545,2545,2016,,2016/10/27,"09:35:00",COLISIÓN POR CORTE DE CIRCULACIÓN,CONCRETO,Bueno,Bueno,2,DODGE,VERDE,2,,57,MASCULINO,SIN DATOS,0,0,Morelia,Ana Maria Gallaga (Riviera Norte),octubre,jueves,10,-101.222813129425,19.6767775254698
2546,2546,2016,,2016/10/27,"09:40:00",COLISIÓN POR CORTE DE CIRCULACIÓN,ASFALTO,Bueno,Bueno,2,NISSAN,AZUL,2,,35,MASCULINO,SIN DATOS,0,0,Morelia,Francisco J Mujica,octubre,jueves,10,-101.19015455246,19.7224942250198
2547,2547,2016,,2016/10/27,13:20:00,COLISIÓN POR CORTE DE CIRCULACIÓN,ASFALTO,Bueno,Bueno,2,DODGE,ROJO,2,,34,MASCULINO,SIN DATOS,0,0,Morelia,Centro,octubre,jueves,13,-101.18337392807,19.700679791669
2548,2548,2016,,2016/10/27,13:30:00,COLISIÓN POR CORTE DE CIRCULACIÓN,CONCRETO,Bueno,Malo,2,FORD,GUINDA,2,,41,MASCULINO,SIN DATOS,0,0,Morelia,Centro,octubre,jueves,14,-101.187831759453,19.6958698255315
2549,2549,2016,,2016/10/27,16:00:00,COLISIÓN POR CORTE DE CIRCULACIÓN,CONCRETO,Bueno,Bueno,2,JEEP,BLANCO,2,,22,MASCULINO,SIN DATOS,0,0,Morelia,Centro,octubre,jueves,16,-101.182429790497,19.7028091608791
2550,2550,2016,,2016/10/27,16:10:00,COLISIÓN POR CORTE DE CIRCULACIÓN,ASFALTO,Bueno,Bueno,2,MITSUBISHI,PLATA,2,,35,FEMENINO,SIN DATOS,0,0,Morelia,Vasco de Quiroga,octubre,jueves,16,-101.17572426796,19.7004809312536
2551,2551,2016,,2016/10/27,17:40:00,COLISIÓN POR CORTE DE CIRCULACIÓN,ASFALTO,Bueno,Bueno,2,FIAT,NEGRO,2,,,FEMENINO,SIN DATOS,0,0,Morelia,Morelia 450,octubre,jueves,18,-101.216638684273,19.675484419688
2552,2552,2016,,2016/10/27,18:30:00,COLISIÓN POR CORTE DE CIRCULACIÓN,CONCRETO,Bueno,Regular,2,TOYOTA,AZUL ZAFIRO,2,,48,MASCULINO,SIN DATOS,0,0,Morelia,Martires de Uruapan,octubre,jueves,19,-101.199775017498,19.7265929989098
2553,2553,2016,,2016/10/27,18:40:00,COLISIÓN POR CORTE DE CIRCULACIÓN,CONCRETO,Bueno,Bueno,3,NISSAN,ROJO,3,,25,MASCULINO,SIN DATOS,0,0,Morelia,Nueva Chapultepec,octubre,jueves,19,-101.175402402878,19.6907257353919
2554,2554,2016,,2016/10/27,18:45:00,COLISIÓN POR ALCANCE,CONCRETO,Bueno,Bueno,4,CHEVROLET,VERDE,4,,22,MASCULINO,SIN DATOS,0,0,Morelia,Felix Ireta,octubre,jueves,19,-101.182225942612,19.6815659669358
2555,2555,2016,,2016/10/27,18:50:00,COLISIÓN POR CORTE DE CIRCULACIÓN,ASFALTO,Bueno,Bueno,2,V.W.,NEGRO,2,,38,MASCULINO,SIN DATOS,0,0,Morelia,Ventura Puente,octubre,jueves,19,-101.180241107941,19.6881523656342
2556,2556,2016,,2016/10/27,21:40:00,COLISIÓN CON PEATÓN,CONCRETO,Bueno,Bueno,1,NISSAN,BLANCO Y ROJO,2,,46,MASCULINO,SIN DATOS,1,0,Morelia,Tzindurio Norte,octubre,jueves,22,-101.246303915977,19.7050666526978
2558,2558,2016,,2016/10/28,"01:15:00",VOLCADURA,ASFALTO,Bueno,Regular,1,GMC,CAFE,1,,23,MASCULINO,SIN DATOS,0,0,Morelia,Industrial,octubre,viernes,1,-101.197986602783,19.7070413006301
2559,2559,2016,,2016/10/28,"03:40:00",COLISIÓN POR CORTE DE CIRCULACIÓN,ASFALTO,Bueno,Bueno,2,FORD,NEGRO,0,MINISTERIO PÚBLICO,,,,0,0,Morelia,Libertad,octubre,viernes,4,-101.237103939056,19.6850208294779
2560,2560,2016,,2016/10/28,"03:45:00",COLISIÓN POR CORTE DE CIRCULACIÓN,ASFALTO,Bueno,Bueno,2,NISSAN,ROJO,2,,32,MASCULINO,SIN DATOS,0,0,Morelia,Centro,octubre,viernes,4,-101.183207631111,19.7006791603665
2561,2561,2016,,2016/10/28,"05:48:00",COLISIÓN POR CORTE DE CIRCULACIÓN,ASFALTO,Bueno,Bueno,2,HYUNDAL,PLATA,2,,32,FEMENINO,SIN DATOS,0,0,Morelia,Centro,octubre,viernes,6,-101.203723847866,19.7026046214559
2562,2562,2016,,2016/10/28,"08:00:00",SUBIDA AL CAMELLÓN,ASFALTO,Bueno,Bueno,0,,,0,,,,,0,0,Morelia,Tierra Y Libertad,octubre,viernes,8,-101.229600459337,19.7168851376374
2563,2563,2016,,2016/10/28,10:00:00,COLISIÓN POR CORTE DE CIRCULACIÓN,ASFALTO,Bueno,Bueno,2,HONDA,PLATA,2,MINISTERIO PÚBLICO,46,MASCULINO,SIN DATOS,0,0,Morelia,Valle de Altozano,octubre,viernes,10,-101.164394617081,19.665108888559
2564,2564,2016,,2016/10/28,13:50:00,COLISIÓN POR ALCANCE,ASFALTO,Bueno,Bueno,2,FREIGHTLINER,BLANCO,2,,24,MASCULINO,SIN DATOS,0,0,Morelia,Libertad,octubre,viernes,14,-101.236889362335,19.684919811163
2565,2565,2016,,2016/10/28,14:30:00,COLISIÓN POR CORTE DE CIRCULACIÓN,ASFALTO,Bueno,Bueno,2,MERDES BENZ,BLANCO,2,,21,MASCULINO,SIN DATOS,0,0,Morelia,Las Americas,octubre,viernes,15,-101.158933639526,19.6881523656342
2566,2566,2016,,2016/10/28,15:10:00,COLISIÓN POR ALCANCE,ASFALTO,Bueno,Bueno,2,FREIGHTLINER,BLANCO,2,,30,MASCULINO,SIN DATOS,0,0,Morelia,Sentimientos de La Nacion,octubre,viernes,15,-101.233311295509,19.6781716434501
2567,2567,2016,,2016/10/28,15:15:00,SALIDA DE SUPERFICIE DE RODAMIENTO,ASFALTO,Bueno,Regular,1,ITALIKA,NEGRO,1,,34,MASCULINO,SIN DATOS,0,0,Puruándiro,Sin datos,octubre,viernes,15,-101.487600803375,20.1579903929308
2568,2568,2016,,2016/10/28,15:50:00,COLISIÓN POR ALCANCE,ASFALTO,Bueno,Bueno,2,VOLKSWAGEN,GRIS,2,MINISTERIO PÚBLICO,30,FEMENINO,SIN DATOS,0,0,Morelia,Centro,octubre,viernes,16,-101.191372275352,19.7057029869184
2569,2569,2016,,2016/10/28,16:20:00,SALIDA DE SUPERFICIE DE RODAMIENTO,TERRACERIA,Bueno,Malo,1,VOLKSWAGEN,NEGRO,1,,50,MASCULINO,SIN DATOS,0,0,Morelia,Sin datos,octubre,viernes,16,-101.121535599232,19.6526134130345
2570,2570,2016,,2016/10/28,16:50:00,COLISIÓN POR CORTE DE CIRCULACIÓN,CONCRETO,Bueno,Bueno,2,GENERAL MOTORS,GRIS,2,,28,MASCULINO,SIN DATOS,0,0,Morelia,Nueva Valladolid,octubre,viernes,17,-101.210598349571,19.7009354689828
2571,2571,2016,,2016/10/28,17:00:00,COLISIÓN POR ALCANCE,ASFALTO,Bueno,Bueno,2,KENWORTH,ROJO,2,,30,MASCULINO,SIN DATOS,0,0,Morelia,Sentimientos de La Nacion,octubre,viernes,17,-101.233236193657,19.6780958764802
2572,2572,2016,,2016/10/28,18:10:00,COLISIÓN POR CORTE DE CIRCULACIÓN,ASFALTO,Bueno,Bueno,2,INTERNATIONAL,AMARILLO,2,,32,MASCULINO,SIN DATOS,0,0,Morelia,Isaac Arriaga,octubre,viernes,18,-101.169447898865,19.7086346368821
2573,2573,2016,,2016/10/29,"02:05:00",COLISIÓN POR ALCANCE,CONCRETO,Bueno,Bueno,2,NISSAN,BLANCO,2,,20,MASCULINO,SIN DATOS,0,0,Morelia,Loma de Los Piñones,octubre,sábado,2,-101.205089092255,19.6742317135105
2574,2574,2016,,2016/10/29,"02:45:00",VOLCADURA,ASFALTO,Bueno,Bueno,1,NISSAN,BLANCO,1,,,,SIN DATOS,0,0,Morelia,Sin datos,octubre,sábado,3,-101.101083755493,19.6897686183991
2575,2575,2016,,2016/10/29,"03:10:00",COLISIÓN POR CORTE DE CIRCULACIÓN,ASFALTO,Bueno,Bueno,1,DODGE,ROJO,1,,20,MASCULINO,CON CERTIFICADO,0,0,Morelia,Lomas de Las Americas Norte,octubre,sábado,3,-101.147791743278,19.6946223294096
2576,2576,2016,,2016/10/29,"04:20:00",COLISIÓN CONTRA OBJETO FIJO,ASFALTO,Bueno,Bueno,1,FORD,GRIS,1,,53,FEMENINO,SIN DATOS,0,0,Morelia,Morelia 450,octubre,sábado,4,-101.217529177666,19.675802645907
2577,2577,2016,,2016/10/29,"04:50:00",COLISIÓN CONTRA OBJETO FIJO,CONCRETO,Bueno,Bueno,1,VW,NEGRO,1,,27,MASCULINO,SIN DATOS,0,0,Morelia,Reforma,octubre,sábado,5,-101.241931915283,19.7057484392659
2578,2578,2016,,2016/10/29,"08:10:00",COLISIÓN POR CORTE DE CIRCULACIÓN,ASFALTO,Bueno,Bueno,1,VW,BLANCO,1,,24,MASCULINO,SIN DATOS,0,0,Morelia,Bicentenario,octubre,sábado,8,-101.179103851318,19.738713138516
2579,2579,2016,,2016/10/29,"08:40:00",COLISIÓN POR CORTE DE CIRCULACIÓN,ASFALTO,Bueno,Bueno,2,VOLKSWAGEN,BLANCO,2,,28,MASCULINO,SIN DATOS,0,0,Morelia,Alberto Oviedo Mota,octubre,sábado,9,-101.201977729797,19.6779392912957
2580,2580,2016,,2016/10/29,11:00:00,SALIDA DE SUPERFICIE DE RODAMIENTO,ASFALTO,Bueno,Bueno,1,TOYOTA,BLANCO,0,,,,,0,0,Zinapécuaro,Sin datos,octubre,sábado,11,-100.753769874573,19.8439041317064
2581,2581,2016,,2016/10/29,11:00:00,COLISIÓN POR CORTE DE CIRCULACIÓN,TERRACERIA,Bueno,Regular,1,CHEVROLET,AZUL,1,,,MASCULINO,SIN DATOS,0,0,Álvaro Obregón,Centro,octubre,sábado,11,-101.038255691528,19.829653916331
2582,2582,2016,,2016/10/29,13:00:00,COLISIÓN POR ALCANCE,CONCRETO,Bueno,Bueno,2,NISSAN,BLANCO,2,,50,MASCULINO,SIN DATOS,0,0,Morelia,Indeco Expropiacion Petrolera,octubre,sábado,13,-101.225728690624,19.6851900350127