fid,id_accidente,anio_origen,folio_c5i,dia_incidente,hora_ocurrencia,tipo_incidente_vial,superficie_ocurrencia,condiciones_climaticas,condiciones_via,numero_vehiculos_involucrados,marca_vehiculo_ocasiona_siniestro,color_vehiculo_ocasiona_siniestro,numero_personas_involucradas,lugar_remite_presunto_responsable,edad_presunto_responsable,sexo_presunto_responsable,resultados_toxicologia,numero_personas_lesionadas,numero_personas_fallecidas,municipio,colonia,mes,dia_semana,hora_redondeada,lon,lat
2583,2583,2016,,2016/10/29,13:40:00,COLISIÓN POR CORTE DE CIRCULACIÓN,ASFALTO,Bueno,Bueno,2,DODGE,ROJO,2,,71,MASCULINO,SIN DATOS,0,0,Morelia,Central de Abastos,octubre,sábado,14,-101.170735359192,19.7160758877631
2584,2584,2016,,2016/10/29,14:30:00,COLISIÓN POR CORTE DE CIRCULACIÓN,ASFALTO,Bueno,Bueno,2,NISSAN,GRIS,2,,36,MASCULINO,SIN DATOS,0,0,Morelia,Comision Federal de Electricidad,octubre,sábado,15,-101.181158423424,19.6815659669358
2585,2585,2016,,2016/10/29,16:00:00,COLISIÓN POR CORTE DE CIRCULACIÓN,CONCRETO,Bueno,Regular,3,DODGE,ROJO,3,,38,MASCULINO,SIN DATOS,0,0,Morelia,Enrique Arreguin Robles,octubre,sábado,16,-101.184114217758,19.7196966494337
2586,2586,2016,,2016/10/29,17:30:00,COLISIÓN POR CORTE DE CIRCULACIÓN,ASFALTO,Bueno,Bueno,2,AUDI,NEGRO,0,MINISTERIO PÚBLICO,,,,0,0,Morelia,Bosques Tres Marias,octubre,sábado,18,-101.105268001556,19.72936171193
2587,2587,2016,,2016/10/29,20:30:00,COLISIÓN POR CORTE DE CIRCULACIÓN,ASFALTO,Bueno,Bueno,1,NISSAN,BLANCO,1,,41,MASCULINO,SIN DATOS,0,0,Morelia,Pastor Manuel Sanchez Camarena,octubre,sábado,21,-101.196862757206,19.7385616618867
2588,2588,2016,,2016/10/29,21:27:00,SALIDA DE SUPERFICIE DE RODAMIENTO,ASFALTO,Bueno,Bueno,1,CHEVROLET,BLANCO,3,,28,MASCULINO,SIN DATOS,2,0,Queréndaro,Sin datos,octubre,sábado,21,-100.907492637634,19.8035319318576
2589,2589,2016,,2016/10/29,22:00:00,COLISIÓN POR CORTE DE CIRCULACIÓN,ASFALTO,Bueno,Regular,2,SEAT,BLANCO,2,,29,MASCULINO,SIN DATOS,0,0,Morelia,Dr Miguel Silva,octubre,sábado,22,-101.183899641037,19.719312862682
2590,2590,2016,,2016/10/29,22:50:00,COLISIÓN POR CORTE DE CIRCULACIÓN,ASFALTO,Bueno,Regular,2,TOYOTA,BLANCO,2,,38,MASCULINO,SIN DATOS,0,0,Morelia,Lomas de Huerta,octubre,sábado,23,-101.21433198452,19.6743781998191
2591,2591,2016,,2016/10/29,23:58:00,COLISIÓN POR CORTE DE CIRCULACIÓN,ASFALTO,Bueno,Bueno,1,VW,NEGRO,0,,,,,0,0,Morelia,Loma Dorada,octubre,sábado,0,-101.255664825439,19.6976627685153
2592,2592,2016,,2016/10/30,"00:10:00",SUBIDA AL CAMELLÓN,ASFALTO,Bueno,Bueno,1,PEUGEOT,NEGRO,1,,25,MASCULINO,SIN DATOS,0,0,Morelia,Indeco El Vivero,octubre,domingo,0,-101.230977773666,19.6773811396351
2593,2593,2016,,2016/10/30,"01:10:00",CAIDA DE MOTOCICLETA,ASFALTO,Bueno,Bueno,1,KIMCO,ROJO,2,,32,MASCULINO,SIN DATOS,1,0,Morelia,Sara Malfavon,octubre,domingo,1,-101.195542439818,19.6709786727052
2594,2594,2016,,2016/10/30,"03:10:00",COLISIÓN POR CORTE DE CIRCULACIÓN,CONCRETO,Bueno,Bueno,1,VW,BLANCO,1,,32,MASCULINO,SIN DATOS,0,0,Morelia,El Lago 1,octubre,domingo,3,-101.215544342995,19.7269455011089
2595,2595,2016,,2016/10/30,"03:15:00",COLISIÓN CONTRA OBJETO FIJO,ASFALTO,Bueno,Regular,1,VOLKSWAGEN,GRIS,1,,,,SIN DATOS,0,0,Morelia,Independencia,octubre,domingo,3,-101.176834702492,19.7053494682195
2596,2596,2016,,2016/10/30,"04:20:00",SUBIDA AL CAMELLÓN,ASFALTO,Bueno,Bueno,1,TOYOTA,NEGRO,1,,,,SIN DATOS,0,0,Morelia,Lomas de Huerta,octubre,domingo,4,-101.210155785084,19.6723677898227
2597,2597,2016,,2016/10/30,"04:55:00",COLISIÓN POR CORTE DE CIRCULACIÓN,ASFALTO,Bueno,Bueno,2,SIN DATO,SIN DATO,2,,,,SIN DATOS,0,0,Morelia,Alberto Oviedo Mota,octubre,domingo,5,-101.201918721199,19.6778382685149
2598,2598,2016,,2016/10/30,"05:05:00",COLISIÓN POR CORTE DE CIRCULACIÓN,ASFALTO,Bueno,Bueno,2,RENAULT,BLANCO,2,,36,MASCULINO,SIN DATOS,0,0,Morelia,Libertad,octubre,domingo,5,-101.236878633499,19.6848743529005
2599,2599,2016,,2016/10/30,"05:24:00",COLISIÓN POR CORTE DE CIRCULACIÓN,ASFALTO,Bueno,Bueno,2,CHEVROLET,VERDE,2,,24,MASCULINO,SIN DATOS,0,0,Morelia,Los Manantiales de Morelia,octubre,domingo,5,-101.240274310112,19.6928091496953
2600,2600,2016,,2016/10/30,"05:30:00",COLISIÓN POR CORTE DE CIRCULACIÓN,CONCRETO,Bueno,Bueno,1,FORD,GRIS,1,,0,,SIN DATOS,0,0,Morelia,Loma Real,octubre,domingo,6,-101.198480129242,19.7291597312338
2601,2601,2016,,2016/10/30,"06:00:00",COLISIÓN POR CORTE DE CIRCULACIÓN,ASFALTO,Bueno,Bueno,2,FORD,ROJO,2,,44,MASCULINO,SIN DATOS,0,0,Morelia,Indeco El Vivero,octubre,domingo,6,-101.229727864265,19.6770401863066
2602,2602,2016,,2016/10/30,"06:30:00",COLISIÓN POR CORTE DE CIRCULACIÓN,ASFALTO,Bueno,Bueno,2,V.W,NEGRO,2,,21,MASCULINO,SIN DATOS,0,0,Morelia,Tinijaro,octubre,domingo,7,-101.260278224945,19.6969203410402
2603,2603,2016,,2016/10/30,"07:20:00",SALIDA DE SUPERFICIE DE RODAMIENTO,CONCRETO,Bueno,Bueno,1,VOLKSWAGEN,BLANCO,1,,41,MASCULINO,SIN DATOS,0,0,Tarímbaro,Club Erandeni,octubre,domingo,7,-101.182794570923,19.7594337866219
2604,2604,2016,,2016/10/30,"08:20:00",COLISIÓN CONTRA OBJETO FIJO,ASFALTO,Bueno,Bueno,2,NISSAN,ROJO,2,,19,MASCULINO,SIN DATOS,0,0,Morelia,Adolfo Lopez Mateos,octubre,domingo,8,-101.226764023304,19.6996880123465
2605,2605,2016,,2016/10/30,10:30:00,COLISIÓN POR CORTE DE CIRCULACIÓN,ASFALTO,Bueno,Bueno,2,VOLKSWAGEN,ROJO,2,,31,FEMENINO,SIN DATOS,0,0,Morelia,Sentimientos de La Nacion,octubre,domingo,11,-101.235242486,19.6811416804333
2606,2606,2016,,2016/10/30,12:00:00,COLISIÓN POR ALCANCE,ASFALTO,Bueno,Bueno,2,VOLKSWAGEN,BLANCO,2,,24,MASCULINO,SIN DATOS,0,0,Morelia,Alberto Oviedo Mota,octubre,domingo,12,-101.20101749897,19.6805204017413
2607,2607,2016,,2016/10/30,16:00:00,VOLCADURA,ASFALTO,Bueno,Bueno,1,NISSAN,GRIS,0,MINISTERIO PÚBLICO,,,,0,0,Morelia,Vicente Lombardo Toledano (Ejidal Isacc Arriaga) (Etnias de Mexico),octubre,domingo,16,-101.155293881893,19.7156617926394
2608,2608,2016,,2016/10/30,16:10:00,COLISIÓN POR ALCANCE,ASFALTO,Bueno,Bueno,2,HONDA,ROJO,2,,40,MASCULINO,SIN DATOS,0,0,Morelia,Villas de La Esperanza,octubre,domingo,16,-101.274016499519,19.6932788611745
2609,2609,2016,,2016/10/30,19:10:00,COLISIÓN POR CORTE DE CIRCULACIÓN,ASFALTO,Bueno,Bueno,2,DODGE,AZUL,2,,,MASCULINO,SIN DATOS,0,0,Morelia,Lomas de Las Americas Norte,octubre,domingo,19,-101.149234771729,19.6947283922111
2610,2610,2016,,2016/10/30,19:20:00,COLISIÓN POR CORTE DE CIRCULACIÓN,ASFALTO,Bueno,Bueno,2,FORD,PLATA,2,,47,MASCULINO,SIN DATOS,0,0,Morelia,Los Manantiales de Morelia,octubre,domingo,19,-101.241577863693,19.6958900278179
2611,2611,2016,,2016/10/30,20:10:00,COLISIÓN POR ALCANCE,ASFALTO,Bueno,Bueno,2,SEAT,BLANCO,2,,34,FEMENINO,SIN DATOS,0,0,Morelia,Josefa Ortiz de Dominguez,octubre,domingo,20,-101.209986805916,19.6721253266114
2612,2612,2016,,2016/10/31,"00:00:00",COLISIÓN POR CORTE DE CIRCULACIÓN,ASFALTO,Bueno,Bueno,1,JEEP,PLATA,1,,26,MASCULINO,CON CERTIFICADO,0,0,Morelia,Libertad,octubre,lunes,0,-101.236921548843,19.6848794038192
2613,2613,2016,,2016/10/31,"01:10:00",COLISIÓN POR CORTE DE CIRCULACIÓN,ASFALTO,Bueno,Bueno,1,CHEVROLET,ROJO,1,,0,MASCULINO,SIN DATOS,0,0,Morelia,Tierra Y Libertad,octubre,lunes,1,-101.229175329208,19.7175504616888
2614,2614,2016,,2016/10/31,"05:55:00",SALIDA DE SUPERFICIE DE RODAMIENTO,ASFALTO,Bueno,Bueno,1,NISSAN,BLANCO,1,,0,,SIN DATOS,0,0,Morelia,Independencia,octubre,lunes,6,-101.17790222168,19.7194239589417
2615,2615,2016,,2016/10/31,"06:30:00",COLISIÓN POR CORTE DE CIRCULACIÓN,ASFALTO,Bueno,Bueno,2,VW,NEGRO,2,,21,MASCULINO,SIN DATOS,0,0,Morelia,Tinijaro,octubre,lunes,7,-101.260278224945,19.6968698356447
2616,2616,2016,,2016/10/31,"07:30:00",COLISIÓN POR ALCANCE,ASFALTO,Bueno,Bueno,3,DODGE,AZUL,3,,47,MASCULINO,SIN DATOS,0,0,Morelia,La Esperanza,octubre,lunes,8,-101.253857016563,19.6978698395097
2617,2617,2016,,2016/10/31,"07:50:00",COLISIÓN POR CORTE DE CIRCULACIÓN,ASFALTO,Bueno,Bueno,3,RENAULT,ARENA,3,,30,FEMENINO,SIN DATOS,0,0,Morelia,Loma Dorada,octubre,lunes,8,-101.254739463329,19.6977334757142
2618,2618,2016,,2016/10/31,"08:00:00",COLISIÓN POR CORTE DE CIRCULACIÓN,ASFALTO,Bueno,Bueno,2,ITALIKA,NARANJA,2,,18,MASCULINO,SIN DATOS,0,0,Morelia,El Lago 1,octubre,lunes,8,-101.213839799166,19.7269265651431
2619,2619,2016,,2016/10/31,"08:30:00",COLISIÓN POR CORTE DE CIRCULACIÓN,ASFALTO,Bueno,Bueno,2,VOLKSWAGEN,BLANCO,2,,0,,SIN DATOS,0,0,Morelia,Alberto Oviedo Mota,octubre,lunes,9,-101.195797920227,19.6828287177342
2620,2620,2016,,2016/10/31,"08:40:00",COLISIÓN POR CORTE DE CIRCULACIÓN,ASFALTO,Bueno,Bueno,2,FORD,VERDE,2,,34,MASCULINO,SIN DATOS,0,0,Morelia,Primaveras,octubre,lunes,9,-101.225736737251,19.6817275995936
2621,2621,2016,,2016/10/31,"09:20:00",COLISIÓN POR CORTE DE CIRCULACIÓN,ASFALTO,Bueno,Bueno,2,CHEVROLET,PLATA,2,,38,MASCULINO,SIN DATOS,0,0,Morelia,Ventura Puente,octubre,lunes,9,-101.187236309052,19.6922990313663
2622,2622,2016,,2016/10/31,"09:30:00",SUBIDA AL CAMELLÓN,CONCRETO,Bueno,Bueno,1,NISSAN,BLANCO,0,,,,,0,0,Morelia,Morelia 450,octubre,lunes,10,-101.214755773544,19.6745802496803
2623,2623,2016,,2016/10/31,"09:35:00",COLISIÓN POR CORTE DE CIRCULACIÓN,ASFALTO,Bueno,Bueno,2,FORD,ARENA,2,,40,MASCULINO,SIN DATOS,0,0,Morelia,Alberto Oviedo Mota,octubre,lunes,10,-101.195658445358,19.6855461236883
2624,2624,2016,,2016/10/31,"09:40:00",COLISIÓN POR ALCANCE,CONCRETO,Bueno,Regular,2,SIN DATO,SIN DATO,1,,36,MASCULINO,SIN DATOS,0,0,Morelia,Fuentes de Morelia,octubre,lunes,10,-101.204981803894,19.6737644718037
2625,2625,2016,,2016/10/31,10:00:00,COLISIÓN POR ALCANCE,ASFALTO,Bueno,Regular,2,NISSAN,ROJO,2,,53,MASCULINO,SIN DATOS,0,0,Morelia,Rafael Carrillo,octubre,lunes,10,-101.235017180443,19.709571440486
2626,2626,2016,,2016/10/31,10:10:00,COLISIÓN POR ALCANCE,ASFALTO,Bueno,Bueno,3,NISSAN,BLANCO,3,,28,MASCULINO,SIN DATOS,0,0,Morelia,Vicente Lombardo Toledano (Ejidal Isacc Arriaga) (Etnias de Mexico),octubre,lunes,10,-101.155382394791,19.7156062432119
2627,2627,2016,,2016/10/31,10:10:00,COLISIÓN POR CORTE DE CIRCULACIÓN,CONCRETO,Bueno,Regular,2,SIN DATO,SIN DATO,1,,33,MASCULINO,SIN DATOS,0,0,Morelia,Josefa Ortiz de Dominguez,octubre,lunes,10,-101.20805695653,19.6717085921099
2628,2628,2016,,2016/10/31,11:45:00,COLISIÓN POR CORTE DE CIRCULACIÓN,ASFALTO,Bueno,Bueno,2,GMC,BLANCO,2,,32,FEMENINO,SIN DATOS,0,0,Morelia,Lomas de Las Americas Norte,octubre,lunes,12,-101.149256229401,19.6947991007064
2629,2629,2016,,2016/10/31,12:50:00,COLISIÓN CON PEATÓN,ASFALTO,Bueno,Bueno,1,HONDA,BLANCO,2,,36,MASCULINO,SIN DATOS,1,0,Morelia,Jardines de Guadalupe,octubre,lunes,13,-101.227190494537,19.7128186471597
2630,2630,2016,,2016/10/31,13:40:00,COLISIÓN POR ALCANCE,ASFALTO,Lluvioso,Bueno,2,SIN DATOS,SIN DATOS,2,,0,,SIN DATOS,0,0,Morelia,Centro,octubre,lunes,14,-101.202943325043,19.7027788587588
2631,2631,2016,,2016/10/31,14:40:00,COLISIÓN POR ALCANCE,ASFALTO,Lluvioso,Bueno,2,HONDA,AZUL,2,,36,FEMENINO,SIN DATOS,0,0,Morelia,Nueva Valladolid,octubre,lunes,15,-101.211786568165,19.7018268642249
2632,2632,2016,,2016/10/31,14:50:00,COLISIÓN POR CORTE DE CIRCULACIÓN,ASFALTO,Lluvioso,Regular,2,NISSAN,BLANCO,2,,44,MASCULINO,SIN DATOS,0,0,Morelia,Centro,octubre,lunes,15,-101.196603253484,19.6988212262755
2633,2633,2016,,2016/10/31,15:05:00,COLISIÓN POR ALCANCE,ASFALTO,Bueno,Bueno,2,VW,VERDE,2,,29,MASCULINO,SIN DATOS,0,0,Morelia,Lindavista,octubre,lunes,15,-101.216204166412,19.7039808384613
2634,2634,2016,,2016/10/31,15:10:00,COLISIÓN POR CORTE DE CIRCULACIÓN,ASFALTO,Bueno,Bueno,2,CHEVROLET,AZUL,2,,19,FEMENINO,SIN DATOS,0,0,Morelia,Mirador del Punhuato,octubre,lunes,15,-101.160194277763,19.7048545407285
2635,2635,2016,,2016/10/31,16:10:00,COLISIÓN POR CORTE DE CIRCULACIÓN,CONCRETO,Bueno,Bueno,2,TOYOTA,ROJO,2,,30,FEMENINO,SIN DATOS,0,0,Morelia,Juarez,octubre,lunes,16,-101.20020210743,19.6955061839413
2636,2636,2016,,2016/10/31,16:30:00,COLISIÓN POR CORTE DE CIRCULACIÓN,CONCRETO,Nublado,Regular,2,INTERNATIONAL,AMARILLO,2,,41,MASCULINO,SIN DATOS,0,0,Morelia,Centro,octubre,lunes,17,-101.177709102631,19.7032182389409
2637,2637,2016,,2016/10/31,17:45:00,COLISIÓN CONTRA OBJETO FIJO,ASFALTO,Nublado,Bueno,1,SEAT,ROJO,2,,22,MASCULINO,SIN DATOS,1,0,Morelia,Alberto Oviedo Mota,octubre,lunes,18,-101.201087236404,19.6806264738837
2638,2638,2016,,2016/10/31,18:00:00,SUBIDA AL CAMELLÓN,ASFALTO,Bueno,Bueno,1,CHEVROLET,BLANCO,1,,32,FEMENINO,SIN DATOS,0,0,Morelia,El Lago 3,octubre,lunes,18,-101.217781305313,19.7271298110586
2639,2639,2016,,2016/10/31,19:20:00,COLISIÓN POR CORTE DE CIRCULACIÓN,ASFALTO,Bueno,Bueno,2,NISSAN,VERDE,2,,24,MASCULINO,SIN DATOS,0,0,Morelia,El Lago 2,octubre,lunes,19,-101.213749945164,19.7265503701578
2640,2640,2016,,2016/10/31,20:40:00,COLISIÓN POR CORTE DE CIRCULACIÓN,ASFALTO,Bueno,Bueno,2,TOYOTA,GUINDA,2,,38,MASCULINO,SIN DATOS,0,0,Morelia,Alberto Oviedo Mota,octubre,lunes,21,-101.199445724487,19.6812831093924
2641,2641,2016,,2016/11/01,"00:30:00",COLISIÓN CONTRA OBJETO FIJO,ASFALTO,Bueno,Bueno,1,CHEVROLET,GRIS,0,,,,,0,0,Morelia,Isaac Arriaga,noviembre,martes,1,-101.172355413437,19.70735441392
2642,2642,2016,,2016/11/01,"08:50:00",COLISIÓN POR CORTE DE CIRCULACIÓN,ASFALTO,Bueno,Bueno,2,CHEVROLET,PLATA,2,,22,MASCULINO,SIN DATOS,0,0,Morelia,Centro,noviembre,martes,9,-101.187386512756,19.7058494444362
2643,2643,2016,,2016/11/01,"09:00:00",COLISIÓN CONTRA OBJETO FIJO,ASFALTO,Bueno,Bueno,1,TOYOTA,DORADO,1,,53,MASCULINO,SIN DATOS,0,0,Morelia,Libertad,noviembre,martes,9,-101.237715482712,19.6864855878835
2644,2644,2016,,2016/11/01,"09:15:00",COLISIÓN POR CORTE DE CIRCULACIÓN,ASFALTO,Bueno,Bueno,2,INTERNATIONAL,BLANCO,2,,45,MASCULINO,SIN DATOS,0,0,Morelia,Sentimientos de La Nacion,noviembre,martes,9,-101.231889724731,19.6777726036732
2645,2645,2016,,2016/11/01,10:00:00,COLISIÓN POR CORTE DE CIRCULACIÓN,ASFALTO,Bueno,Bueno,2,TOYOTA,BLANCO,2,,23,MASCULINO,SIN DATOS,0,0,Morelia,Alberto Oviedo Mota,noviembre,martes,10,-101.201907992363,19.6778887799133
2646,2646,2016,,2016/11/01,10:25:00,COLISIÓN POR CORTE DE CIRCULACIÓN,ASFALTO,Bueno,Bueno,1,APRISSA,NEGRO,1,,19,MASCULINO,SIN DATOS,0,0,Morelia,Jacarandas,noviembre,martes,10,-101.211124062538,19.70879876729
2647,2647,2016,,2016/11/01,10:40:00,COLISIÓN POR CORTE DE CIRCULACIÓN,ASFALTO,Bueno,Bueno,2,NISSAN,BLANCO,2,,26,MASCULINO,SIN DATOS,0,0,Morelia,Las Americas,noviembre,martes,11,-101.158944368362,19.6880159935608
2648,2648,2016,,2016/11/01,11:15:00,COLISIÓN CONTRA OBJETO FIJO,CONCRETO,Bueno,Bueno,2,MON,GRIS,2,,40,MASCULINO,SIN DATOS,0,0,Morelia,Centro,noviembre,martes,11,-101.18903875351,19.7104148115437
2649,2649,2016,,2016/11/01,12:05:00,COLISIÓN POR CORTE DE CIRCULACIÓN,CONCRETO,Bueno,Bueno,2,DODGE,ROJO,2,,17,MASCULINO,SIN DATOS,0,0,Morelia,Ventura Puente,noviembre,martes,12,-101.18410885334,19.6893645567374
2650,2650,2016,,2016/11/01,13:00:00,SUBIDA AL CAMELLÓN,CONCRETO,Bueno,Bueno,1,CHEVROLET,BLANCO,1,,26,MASCULINO,SIN DATOS,0,0,Morelia,Canteras de Morelia,noviembre,martes,13,-101.171818971634,19.7164243328289
2651,2651,2016,,2016/11/01,13:20:00,COLISIÓN POR CORTE DE CIRCULACIÓN,ASFALTO,Bueno,Bueno,2,V.W.,BLANCO,2,,19,MASCULINO,SIN DATOS,0,0,Morelia,Paseo de La Castellana,noviembre,martes,13,-101.223633885384,19.6678215435732
2652,2652,2016,,2016/11/01,13:20:00,COLISIÓN CON PEATÓN,ASFALTO,Bueno,Bueno,1,ITALIKA,BLANCO,2,MINISTERIO PÚBLICO,32,MASCULINO,SIN DATOS,1,0,Morelia,Los Manantiales de Morelia,noviembre,martes,13,-101.24169588089,19.6958496232427
2653,2653,2016,,2016/11/01,14:00:00,COLISIÓN CON PEATÓN,ASFALTO,Bueno,Bueno,1,NISSAN,BLANCO,2,,24,MASCULINO,SIN DATOS,1,0,Morelia,Lomas de Hidalgo,noviembre,martes,14,-101.158670783043,19.6956425496345
2654,2654,2016,,2016/11/01,16:30:00,COLISIÓN POR ALCANCE,ASFALTO,Bueno,Bueno,2,NISSAN,AZUL,2,,23,FEMENINO,SIN DATOS,0,0,Morelia,Jacarandas,noviembre,martes,17,-101.211580038071,19.7089906733995
2655,2655,2016,,2016/11/01,17:50:00,COLISIÓN CONTRA OBJETO FIJO,ASFALTO,Bueno,Bueno,1,NISSAN,BLANCO,1,,25,MASCULINO,SIN DATOS,0,0,Morelia,Sin datos,noviembre,martes,18,-101.122841835022,19.7148386491477
2656,2656,2016,,2016/11/01,18:15:00,COLISIÓN POR CORTE DE CIRCULACIÓN,ASFALTO,Bueno,Bueno,2,DODGE,BLANCO,2,,43,MASCULINO,SIN DATOS,0,0,Morelia,La Luz,noviembre,martes,18,-101.288806200027,19.6880816542032
2657,2657,2016,,2016/11/01,18:30:00,COLISIÓN POR CORTE DE CIRCULACIÓN,CONCRETO,Bueno,Bueno,2,FORD,AZUL,2,,51,MASCULINO,SIN DATOS,0,0,Morelia,Plan de La Garita,noviembre,martes,19,-101.188298463821,19.712697446229
2658,2658,2016,,2016/11/01,18:30:00,SALIDA DE SUPERFICIE DE RODAMIENTO,ASFALTO,Bueno,Bueno,2,NISSAN,ROJO,2,,28,FEMENINO,SIN DATOS,0,0,Morelia,Alberto Oviedo Mota,noviembre,martes,19,-101.201924085617,19.6778685753558
2659,2659,2016,,2016/11/01,19:00:00,SUBIDA AL CAMELLÓN,CONCRETO,Bueno,Bueno,1,MERDES BENZ,BLANCO,1,,60,MASCULINO,SIN DATOS,0,0,Morelia,Camelinas,noviembre,martes,19,-101.167838573456,19.6847177743421
2660,2660,2016,,2016/11/01,21:10:00,COLISIÓN POR ALCANCE,ASFALTO,Bueno,Bueno,2,NISSAN,GRIS,2,,23,MASCULINO,SIN DATOS,0,0,Morelia,Libertad,noviembre,martes,21,-101.237715482712,19.6868896568101
2661,2661,2016,,2016/11/01,21:50:00,COLISIÓN POR CORTE DE CIRCULACIÓN,ASFALTO,Bueno,Bueno,2,V.W.,PLATA,2,,27,MASCULINO,SIN DATOS,0,0,Morelia,Isaac Arriaga,noviembre,martes,22,-101.172730922699,19.7089199711754
2662,2662,2016,,2016/11/02,"06:45:00",SUBIDA AL CAMELLÓN,ASFALTO,Bueno,Bueno,1,NISSAN,NEGRO,1,,,MASCULINO,SIN DATOS,0,0,Morelia,El Lago 1,noviembre,miércoles,7,-101.215133965015,19.7269051043792
2663,2663,2016,,2016/11/02,"07:10:00",COLISIÓN POR CORTE DE CIRCULACIÓN,CONCRETO,Bueno,Bueno,1,DODGE,AZUL,1,,17,MASCULINO,SIN DATOS,0,0,Morelia,Colinas del Sur,noviembre,miércoles,7,-101.198576688766,19.6670587718485
2664,2664,2016,,2016/11/02,"09:00:00",COLISIÓN POR CORTE DE CIRCULACIÓN,ASFALTO,Bueno,Bueno,2,NISSAN,BLANCO Y ROJO,2,,41,MASCULINO,SIN DATOS,0,0,Morelia,Centro,noviembre,miércoles,9,-101.194295883179,19.6998900302754
2665,2665,2016,,2016/11/02,10:50:00,COLISIÓN POR CORTE DE CIRCULACIÓN,CONCRETO,Bueno,Regular,2,ITALIKA,NEGRO,3,,29,MASCULINO,SIN DATOS,1,0,Morelia,Enrique Arreguin Robles,noviembre,miércoles,11,-101.184124946594,19.7196865497942
2666,2666,2016,,2016/11/02,11:00:00,COLISIÓN POR CORTE DE CIRCULACIÓN,ASFALTO,Bueno,Bueno,2,BAJAJ,NEGRO Y ROJO,2,MINISTERIO PÚBLICO,33,MASCULINO,SIN DATOS,0,0,Morelia,Insurgentes,noviembre,miércoles,11,-101.155108809471,19.6953193122472
2667,2667,2016,,2016/11/02,12:00:00,COLISIÓN POR ALCANCE,ASFALTO,Bueno,Bueno,3,CHEVROLET,VERDE,3,,25,MASCULINO,CON CERTIFICADO,0,0,Morelia,Virrey Antonio de Mendoza,noviembre,miércoles,12,-101.162211298943,19.7066271821119
2668,2668,2016,,2016/11/02,12:00:00,SALIDA DE SUPERFICIE DE RODAMIENTO,ASFALTO,Bueno,Bueno,1,DATSUN,ROJO/NEGRO,2,MINISTERIO PÚBLICO,,,,1,1,Ario,Sin datos,noviembre,miércoles,12,-101.682586669922,19.2147231182354
2669,2669,2016,,2016/11/02,12:05:00,VOLCADURA,CONCRETO,Bueno,Bueno,1,NISSAN,BLANCO,1,,43,MASCULINO,SIN DATOS,0,0,Morelia,Jose Trinidad Guido,noviembre,miércoles,12,-101.188732981682,19.6681498879001
2670,2670,2016,,2016/11/02,17:30:00,COLISIÓN POR CORTE DE CIRCULACIÓN,ASFALTO,Bueno,Bueno,2,CHEVROLET,BEIGE,2,,37,MASCULINO,CON CERTIFICADO,0,0,Morelia,Americas Britania,noviembre,miércoles,18,-101.147362589836,19.690586840141
2671,2671,2016,,2016/11/02,19:00:00,COLISIÓN POR ALCANCE,ASFALTO,Bueno,Regular,2,FORD,BLANCO Y ROJO,2,,22,MASCULINO,SIN DATOS,0,0,Morelia,Lomas de Huerta,noviembre,miércoles,19,-101.210153102875,19.6724334568794
2672,2672,2016,,2016/11/02,19:10:00,COLISIÓN POR CORTE DE CIRCULACIÓN,ASFALTO,Bueno,Bueno,2,NISSAN,GRIS,3,,39,MASCULINO,SIN DATOS,1,0,Morelia,Villas de La Esperanza,noviembre,miércoles,19,-101.275148391724,19.6929202643632
2673,2673,2016,,2016/11/02,19:30:00,COLISIÓN POR CORTE DE CIRCULACIÓN,CONCRETO,Bueno,Bueno,2,Italika,Rojo/Negro,4,,47,MASCULINO,CON CERTIFICADO,2,0,Apatzingán,Generalisimo Morelos,noviembre,miércoles,20,-102.367461919785,19.0998261896556
2675,2675,2016,,2016/11/02,23:05:00,COLISIÓN POR CORTE DE CIRCULACIÓN,ASFALTO,Bueno,Bueno,2,V.W.,BLANCO,2,,39,MASCULINO,SIN DATOS,0,0,Morelia,Rinconada de Morelia,noviembre,miércoles,23,-101.217621043324,19.7428812140519
2677,2677,2016,,2016/11/03,"00:42:00",COLISIÓN POR ALCANCE,ASFALTO,Bueno,Bueno,2,SEAT,ROJO,2,,29,MASCULINO,SIN DATOS,0,0,Morelia,Rafael Carrillo,noviembre,jueves,1,-101.236428022385,19.7078139823161
2678,2678,2016,,2016/11/03,"01:00:00",COLISIÓN POR MANIOBRA DE REVERSA,ASFALTO,Bueno,Regular,2,NISSAN,BLANCO Y ROJO,1,MINISTERIO PÚBLICO,0,MASCULINO,SIN DATOS,0,0,Puruándiro,Sin datos,noviembre,jueves,1,-101.544485092163,20.0931759480048
2679,2679,2016,,2016/11/03,"06:15:00",COLISIÓN CONTRA OBJETO FIJO,ASFALTO,Bueno,Bueno,1,FORD,PLATA,1,,21,MASCULINO,SIN DATOS,0,0,Morelia,Ventura Puente,noviembre,jueves,6,-101.179463267326,19.6924000450259
2680,2680,2016,,2016/11/03,13:00:00,COLISIÓN POR ALCANCE,ASFALTO,Bueno,Bueno,2,HONDA,BLANCO,2,,48,MASCULINO,SIN DATOS,0,0,Morelia,Felix Ireta,noviembre,jueves,13,-101.188175082207,19.6815912220494
2681,2681,2016,,2016/11/03,15:30:00,VOLCADURA,ASFALTO,Bueno,Bueno,2,FORD,BLANCO,2,,38,MASCULINO,SIN DATOS,0,0,Morelia,Centro,noviembre,jueves,16,-101.198804676533,19.7062509393578