fid,id_accidente,anio_origen,folio_c5i,dia_incidente,hora_ocurrencia,tipo_incidente_vial,superficie_ocurrencia,condiciones_climaticas,condiciones_via,numero_vehiculos_involucrados,marca_vehiculo_ocasiona_siniestro,color_vehiculo_ocasiona_siniestro,numero_personas_involucradas,lugar_remite_presunto_responsable,edad_presunto_responsable,sexo_presunto_responsable,resultados_toxicologia,numero_personas_lesionadas,numero_personas_fallecidas,municipio,colonia,mes,dia_semana,hora_redondeada,lon,lat
2682,2682,2016,,2016/11/03,15:40:00,COLISIÓN POR CORTE DE CIRCULACIÓN,ASFALTO,Bueno,Regular,2,FORD,BLANCO,2,,27,MASCULINO,SIN DATOS,0,0,Morelia,Central de Abastos,noviembre,jueves,16,-101.170724630356,19.7161415368915
2683,2683,2016,,2016/11/03,16:30:00,COLISIÓN POR CORTE DE CIRCULACIÓN,ASFALTO,Bueno,Bueno,2,MERCURY,BLANCO,2,,46,MASCULINO,SIN DATOS,0,0,Morelia,Pascual Ortiz de Ayala,noviembre,jueves,17,-101.149401068687,19.6947182909949
2684,2684,2016,,2016/11/03,18:40:00,COLISIÓN CONTRA OBJETO FIJO,ASFALTO,Bueno,Bueno,1,CHEVROLET,ROJO,1,,,,SIN DATOS,0,0,Morelia,Club Campestre,noviembre,jueves,19,-101.157769560814,19.6814649464419
2685,2685,2016,,2016/11/03,19:30:00,COLISIÓN POR ALCANCE,ASFALTO,Bueno,Bueno,2,CHEVROLET,ROJO,2,,45,FEMENINO,SIN DATOS,0,0,Morelia,Molino de Parras,noviembre,jueves,20,-101.200164556503,19.6975567076583
2686,2686,2016,,2016/11/03,20:30:00,COLISIÓN POR CORTE DE CIRCULACIÓN,ASFALTO,Bueno,Bueno,1,ITALIKA,NEGRO,2,,17,MASCULINO,SIN DATOS,1,0,Morelia,Sin datos,noviembre,jueves,21,-101.273860931396,19.5854667375213
2687,2687,2016,,2016/11/03,22:20:00,SALIDA DE SUPERFICIE DE RODAMIENTO,ASFALTO,Bueno,Regular,1,CHEVROLET,PLATA,1,,47,MASCULINO,SIN DATOS,0,0,Morelia,Fray Antonio de Lisboa,noviembre,jueves,22,-101.146359443665,19.6939707992301
2689,2689,2016,,2016/11/04,"07:30:00",COLISIÓN POR ALCANCE,CONCRETO,Bueno,Bueno,2,DODGE,BLANCO,2,,37,MASCULINO,SIN DATOS,0,0,Morelia,Nueva Valladolid,noviembre,viernes,8,-101.211614906788,19.7008369859177
2690,2690,2016,,2016/11/04,"07:50:00",COLISIÓN POR CORTE DE CIRCULACIÓN,CONCRETO,Bueno,Regular,2,CHEVROLET,PLATA,2,,47,FEMENINO,SIN DATOS,0,0,Morelia,Isaac Arriaga,noviembre,viernes,8,-101.172307133675,19.7078392332886
2691,2691,2016,,2016/11/04,"08:45:00",SALIDA DE SUPERFICIE DE RODAMIENTO,ASFALTO,Bueno,Bueno,1,vw,blanco,1,,66,MASCULINO,SIN DATOS,0,0,Morelia,Alfonso Garcia Robles,noviembre,viernes,9,-101.183545589447,19.7190755204139
2692,2692,2016,,2016/11/04,"09:45:00",COLISIÓN POR CORTE DE CIRCULACIÓN,ASFALTO,Bueno,Bueno,2,FORD,ROJO,2,,23,MASCULINO,SIN DATOS,0,0,Morelia,Felix Ireta,noviembre,viernes,10,-101.181035041809,19.6839601339936
2693,2693,2016,,2016/11/04,"09:50:00",COLISIÓN POR CORTE DE CIRCULACIÓN,CONCRETO,Bueno,Bueno,2,FORD,BLANCO,2,,60,MASCULINO,SIN DATOS,0,0,Morelia,Rinconada del Valle,noviembre,viernes,10,-101.219229698181,19.6791818662903
2694,2694,2016,,2016/11/04,10:20:00,COLISIÓN POR CORTE DE CIRCULACIÓN,CONCRETO,Bueno,Regular,2,ITALIKA,NEGRO Y NARANJA,2,,33,MASCULINO,SIN DATOS,0,0,Morelia,Centro,noviembre,viernes,10,-101.196023225784,19.7049504961781
2695,2695,2016,,2016/11/04,13:00:00,COLISIÓN POR CORTE DE CIRCULACIÓN,ASFALTO,Bueno,Bueno,2,MAZDA,GRAFITO,2,,40,FEMENINO,SIN DATOS,0,0,Morelia,Lomas de Las Americas Norte,noviembre,viernes,13,-101.14762544632,19.6946980885607
2696,2696,2016,,2016/11/04,13:35:00,COLISIÓN POR CORTE DE CIRCULACIÓN,ASFALTO,Bueno,Bueno,2,CHEVROLET,BLANCO Y ROJO,2,,30,MASCULINO,SIN DATOS,0,0,Morelia,Avicola Benito Juarez,noviembre,viernes,14,-101.279397010803,19.6915363761796
2697,2697,2016,,2016/11/04,15:30:00,COLISIÓN CON PEATÓN,ASFALTO,Bueno,Bueno,1,ITALIKA,NEGRO,3,,19,MASCULINO,SIN DATOS,2,0,Morelia,Torreon Nuevo,noviembre,viernes,16,-101.203919649124,19.7468522714044
2698,2698,2016,,2016/11/04,16:00:00,COLISIÓN POR CORTE DE CIRCULACIÓN,CONCRETO,Bueno,Bueno,2,ITALIKA,AMARILLO Y NEGRO,1,,26,MASCULINO,SIN DATOS,0,0,Morelia,El Realito,noviembre,viernes,16,-101.201189160347,19.7270843647894
2699,2699,2016,,2016/11/04,16:30:00,COLISIÓN POR CORTE DE CIRCULACIÓN,ASFALTO,Bueno,Bueno,1,FREIGHTLINER,BLANCO,1,,25,MASCULINO,SIN DATOS,0,0,Morelia,Plan de La Garita,noviembre,viernes,17,-101.18479013443,19.7142402262189
2700,2700,2016,,2016/11/04,16:35:00,COLISIÓN CON PEATÓN,CONCRETO,Bueno,Regular,1,CHEVROLET,BLANCO Y ROJO,1,,29,MASCULINO,SIN DATOS,0,0,Morelia,Industrial,noviembre,viernes,17,-101.196795701981,19.7122580920849
2701,2701,2016,,2016/11/04,17:20:00,COLISIÓN POR CORTE DE CIRCULACIÓN,ASFALTO,Bueno,Bueno,2,ISUZU,GRIS,2,,45,MASCULINO,SIN DATOS,0,0,Morelia,Lomas de Las Americas Norte,noviembre,viernes,17,-101.149127483368,19.6947991007064
2702,2702,2016,,2016/11/04,18:20:00,COLISIÓN POR CORTE DE CIRCULACIÓN,CONCRETO,Bueno,Bueno,3,SIN DATOS,BLANCO,2,,38,MASCULINO,SIN DATOS,0,0,Morelia,San Jose Itzicuaro,noviembre,viernes,18,-101.301927566528,19.6879503328915
2703,2703,2016,,2016/11/04,19:00:00,COLISIÓN CONTRA OBJETO FIJO,ASFALTO,Bueno,Bueno,1,FORD,BLANCO,1,,,,SIN DATOS,0,0,Morelia,La Quemada,noviembre,viernes,19,-101.238965392113,19.7014657613683
2704,2704,2016,,2016/11/04,19:00:00,COLISIÓN POR CORTE DE CIRCULACIÓN,ASFALTO,Bueno,Bueno,2,ITALIKA,NEGRO,2,,15,MASCULINO,SIN DATOS,0,0,Morelia,Lomas del Valle,noviembre,viernes,19,-101.229438185692,19.6884150078186
2705,2705,2016,,2016/11/04,19:30:00,COLISIÓN CON PEATÓN,SIN_DATOS,Bueno,Bueno,2,NISSAN,BLANCO Y ROJO,2,,56,MASCULINO,SIN DATOS,0,0,Morelia,Industrial,noviembre,viernes,20,-101.197557449341,19.7118641873433
2706,2706,2016,,2016/11/04,20:30:00,COLISIÓN POR CORTE DE CIRCULACIÓN,CONCRETO,Bueno,Regular,1,MITSUBISHI,NEGRO,1,,36,MASCULINO,SIN DATOS,0,0,Morelia,Chapultepec Sur,noviembre,viernes,21,-101.175283044577,19.6916815839869
2707,2707,2016,,2016/11/04,20:40:00,COLISIÓN CONTRA OBJETO FIJO,ASFALTO,Bueno,Bueno,2,INTERNATIONAL,AMARILLO,2,,53,MASCULINO,SIN DATOS,0,0,Morelia,Dr Miguel Silva,noviembre,viernes,21,-101.183931827545,19.7193330620077
2708,2708,2016,,2016/11/04,20:40:00,COLISIÓN POR CORTE DE CIRCULACIÓN,ASFALTO,Bueno,Bueno,2,FORD,ROSA,2,,21,MASCULINO,SIN DATOS,0,0,Morelia,Cuauhtemoc,noviembre,viernes,21,-101.178851723671,19.695708207149
2709,2709,2016,,2016/11/04,21:00:00,COLISIÓN POR ALCANCE,ASFALTO,Bueno,Bueno,2,V.W.,VERDE,2,,26,FEMENINO,SIN DATOS,0,0,Morelia,Independencia,noviembre,viernes,21,-101.177870035172,19.7193633609915
2710,2710,2016,,2016/11/04,21:10:00,COLISIÓN POR CORTE DE CIRCULACIÓN,CONCRETO,Bueno,Bueno,2,CHEVROLET,NEGRO,2,,28,MASCULINO,SIN DATOS,0,0,Morelia,Prados Verdes,noviembre,viernes,21,-101.197332143784,19.7140584264046
2711,2711,2016,,2016/11/04,21:40:00,COLISIÓN POR ALCANCE,ASFALTO,Bueno,Bueno,3,RENAULT,BLANCO,3,,23,MASCULINO,SIN DATOS,0,0,Morelia,Tenencia Morelos,noviembre,viernes,22,-101.246395111084,19.6506507241223
2712,2712,2016,,2016/11/04,23:10:00,COLISIÓN POR CORTE DE CIRCULACIÓN,ASFALTO,Bueno,Bueno,2,V.W.,GRIS,2,,33,MASCULINO,SIN DATOS,0,0,Morelia,Los Manantiales de Morelia,noviembre,viernes,23,-101.237817406654,19.7015263661004
2713,2713,2016,,2016/11/04,23:45:00,COLISIÓN CONTRA OBJETO FIJO,CONCRETO,Bueno,Bueno,1,NISSAN,BLANCO,1,,28,,SIN DATOS,0,0,Morelia,Justo Mendoza,noviembre,viernes,0,-101.232141852379,19.7121318406708
2714,2714,2016,,2016/11/05,"00:00:00",COLISIÓN POR CORTE DE CIRCULACIÓN,ASFALTO,Bueno,Bueno,2,VW,ROJO,2,,,MASCULINO,SIN DATOS,0,0,Morelia,Montaña Monarca,noviembre,sábado,0,-101.162860393524,19.6644319805246
2715,2715,2016,,2016/11/05,"06:45:00",COLISIÓN POR CORTE DE CIRCULACIÓN,ASFALTO,Bueno,Malo,2,KENWORTH,BLANCO,1,,44,MASCULINO,SIN DATOS,0,0,Morelia,Los Manantiales de Morelia,noviembre,sábado,7,-101.240263581276,19.6927636936725
2716,2716,2016,,2016/11/05,"08:30:00",COLISIÓN POR CORTE DE CIRCULACIÓN,ASFALTO,Bueno,Bueno,2,VW,BLANCO,3,,28,MASCULINO,SIN DATOS,1,0,Morelia,Los Manantiales de Morelia,noviembre,sábado,9,-101.240311861038,19.6927535923324
2717,2717,2016,,2016/11/05,15:15:00,COLISIÓN POR CORTE DE CIRCULACIÓN,CONCRETO,Bueno,Bueno,2,VW,PLATA,2,,40,MASCULINO,SIN DATOS,0,0,Morelia,Agustin Arriaga Rivera,noviembre,sábado,15,-101.224594116211,19.6912030290628
2718,2718,2016,,2016/11/05,15:20:00,COLISIÓN POR CORTE DE CIRCULACIÓN,ASFALTO,Bueno,Regular,2,ACURA,NEGRO,2,,26,FEMENINO,SIN DATOS,0,0,Morelia,Primo Tapia Oriente,noviembre,sábado,15,-101.161830425262,19.7119601385877
2719,2719,2016,,2016/11/05,16:30:00,COLISIÓN POR CORTE DE CIRCULACIÓN,CONCRETO,Bueno,Bueno,2,NISSAN,AZUL,2,,30,FEMENINO,SIN DATOS,0,0,Morelia,Centro,noviembre,sábado,17,-101.193461716175,19.6961375056187
2720,2720,2016,,2016/11/05,16:40:00,COLISIÓN POR CORTE DE CIRCULACIÓN,ASFALTO,Bueno,Bueno,2,RENAULT,BLANCO,5,,65,FEMENINO,SIN DATOS,3,0,Morelia,Centro,noviembre,sábado,17,-101.194285154343,19.7010819308649
2721,2721,2016,,2016/11/05,17:30:00,COLISIÓN CONTRA OBJETO FIJO,ASFALTO,Bueno,Bueno,3,NISSAN,VINO,3,,34,MASCULINO,SIN DATOS,0,0,Tarímbaro,Sin datos,noviembre,sábado,18,-101.16170167923,19.8397059008298
2722,2722,2016,,2016/11/05,17:45:00,COLISIÓN CONTRA OBJETO FIJO,TERRACERIA,Bueno,Bueno,1,Volks Wagen,Blanco,0,,,,,0,0,Apatzingán,Chavez Tejeda,noviembre,sábado,18,-102.341830730438,19.0951169228875
2723,2723,2016,,2016/11/05,17:50:00,SUBIDA AL CAMELLÓN,ASFALTO,Bueno,Bueno,1,VW,AMARILLO,1,,30,MASCULINO,SIN DATOS,0,0,Morelia,La Luz,noviembre,sábado,18,-101.299803256989,19.6873896906952
2724,2724,2016,,2016/11/05,18:10:00,COLISIÓN POR CORTE DE CIRCULACIÓN,CONCRETO,Bueno,Bueno,3,FORD,GRIS,3,,37,MASCULINO,SIN DATOS,0,0,Morelia,Villa Universidad,noviembre,sábado,18,-101.204155683517,19.6864653844104
2725,2725,2016,,2016/11/05,20:40:00,COLISIÓN POR CORTE DE CIRCULACIÓN,CONCRETO,Bueno,Bueno,2,FORD,BLANCO,2,,42,MASCULINO,SIN DATOS,0,0,Morelia,Buenavista,noviembre,sábado,21,-101.160473227501,19.7058696454627
2726,2726,2016,,2016/11/05,21:30:00,COLISIÓN POR CORTE DE CIRCULACIÓN,ASFALTO,Bueno,Bueno,3,NISSAN,BLANCO,3,,58,MASCULINO,SIN DATOS,0,0,Morelia,San Jose Itzicuaro,noviembre,sábado,22,-101.3019490242,19.6878897230189
2727,2727,2016,,2016/11/05,21:30:00,COLISIÓN POR ALCANCE,ASFALTO,Bueno,Bueno,2,VW,ROJO,2,,21,MASCULINO,SIN DATOS,0,0,Morelia,Jardines de Torremolinos,noviembre,sábado,22,-101.225752830505,19.6771210049389
2728,2728,2016,,2016/11/05,23:00:00,COLISIÓN POR CORTE DE CIRCULACIÓN,ASFALTO,Bueno,Bueno,2,CHEVROLET,AZUL,2,,35,FEMENINO,SIN DATOS,0,0,Morelia,Jesus Romero Flores,noviembre,sábado,23,-101.175520420074,19.7321124111163
2729,2729,2016,,2016/11/05,23:11:00,COLISIÓN POR ALCANCE,ASFALTO,Bueno,Bueno,2,NISSAN,BLANCO,2,,32,MASCULINO,CON CERTIFICADO,0,0,Morelia,Niño Artillero,noviembre,sábado,23,-101.25171661377,19.6981450920022
2730,2730,2016,,2016/11/06,"00:05:00",COLISIÓN CONTRA OBJETO FIJO,ASFALTO,Bueno,Bueno,1,CHEVROLET,AZUL,1,,37,MASCULINO,SIN DATOS,0,0,Morelia,Sin datos,noviembre,domingo,0,-101.11917257309,19.6884150078186
2731,2731,2016,,2016/11/06,"00:30:00",COLISIÓN POR CORTE DE CIRCULACIÓN,ASFALTO,Bueno,Bueno,2,SIN DATOS,NEGRO,3,,,,SIN DATOS,1,0,Morelia,Ana Maria Gallaga (Riviera Norte),noviembre,domingo,1,-101.219615936279,19.6769795723055
2732,2732,2016,,2016/11/06,"01:15:00",COLISIÓN CONTRA OBJETO FIJO,ASFALTO,Bueno,Bueno,1,DODGE,ROJO,1,,40,MASCULINO,CON CERTIFICADO,0,0,Morelia,Rector Diaz Rubio,noviembre,domingo,1,-101.199102401733,19.6689581172242
2733,2733,2016,,2016/11/06,"06:00:00",COLISIÓN CONTRA OBJETO FIJO,ASFALTO,Bueno,Bueno,1,VOLKSWAGEN,NEGRO,1,,25,MASCULINO,SIN DATOS,0,0,Morelia,Valle de Altozano,noviembre,domingo,6,-101.164920330048,19.6655231144541
2734,2734,2016,,2016/11/06,"06:30:00",COLISIÓN CONTRA OBJETO FIJO,ASFALTO,Bueno,Bueno,1,MITSUBISHI,AZUL,1,,23,MASCULINO,CON CERTIFICADO,0,0,Morelia,Villas Lomas del Paraiso,noviembre,domingo,7,-101.172258853912,19.6712211376513
2735,2735,2016,,2016/11/06,"08:15:00",VOLCADURA,ASFALTO,Bueno,Bueno,1,FORD,AZUL,4,,,,SIN DATOS,3,0,Morelia,2 de Octubre,noviembre,domingo,8,-101.37930393219,19.6720495567826
2736,2736,2016,,2016/11/06,11:40:00,COLISIÓN POR ALCANCE,ASFALTO,Bueno,Bueno,4,FORD,ARENA,5,,23,MASCULINO,SIN DATOS,1,0,Morelia,Ana Maria Gallaga (Riviera Norte),noviembre,domingo,12,-101.222856044769,19.6769189582816
2737,2737,2016,,2016/11/06,12:00:00,COLISIÓN CONTRA OBJETO FIJO,CONCRETO,Bueno,Bueno,1,CHEVROLET,GRIS,1,,73,FEMENINO,SIN DATOS,0,0,Morelia,Felix Ireta,noviembre,domingo,12,-101.188150942326,19.6859552458701
2738,2738,2016,,2016/11/06,13:00:00,COLISIÓN POR CORTE DE CIRCULACIÓN,ASFALTO,Bueno,Bueno,2,SIN DATOS,ROJO,2,,,,SIN DATOS,0,0,Morelia,Sin datos,noviembre,domingo,13,-101.279633045197,19.6546114410483
2739,2739,2016,,2016/11/06,13:15:00,COLISIÓN POR CORTE DE CIRCULACIÓN,CONCRETO,Bueno,Bueno,2,Mercury,Gris,2,,47,MASCULINO,CON CERTIFICADO,0,0,Apatzingán,Bonifacio Moreno,noviembre,domingo,13,-102.356818914413,19.0880147504877
2740,2740,2016,,2016/11/06,15:30:00,COLISIÓN POR ALCANCE,CONCRETO,Bueno,Bueno,3,CHEVROLET,AZUL,3,,24,MASCULINO,CON CERTIFICADO,0,0,Morelia,Chapultepec Norte,noviembre,domingo,16,-101.164796277881,19.6957928042915
2741,2741,2016,,2016/11/06,16:40:00,COLISIÓN POR CORTE DE CIRCULACIÓN,ASFALTO,Bueno,Bueno,2,ITALIKA,ROJO Y  NEGRO,2,,35,MASCULINO,SIN DATOS,0,0,Morelia,Jardines de Torremolinos,noviembre,domingo,17,-101.225709915161,19.6768987536018
2742,2742,2016,,2016/11/06,16:50:00,COLISIÓN CONTRA OBJETO FIJO,ASFALTO,Bueno,Bueno,1,VOLKSWAGEN,BLANCO,1,,46,MASCULINO,SIN DATOS,0,0,Lázaro Cárdenas,Las Torres,noviembre,domingo,17,-102.213706970215,17.9628534649705
2743,2743,2016,,2016/11/06,17:45:00,SALIDA DE SUPERFICIE DE RODAMIENTO,ASFALTO,Bueno,Regular,1,TOYOTA,GRIS,1,,64,MASCULINO,SIN DATOS,0,0,Puruándiro,Sin datos,noviembre,domingo,18,-101.516718864441,20.1566407858154
2744,2744,2016,,2016/11/06,18:00:00,COLISIÓN POR CORTE DE CIRCULACIÓN,CONCRETO,Bueno,Regular,2,HONDA,NEGRO,2,,,,SIN DATOS,0,0,Morelia,Lomas de Hidalgo,noviembre,domingo,18,-101.158955097198,19.6956678025279
2745,2745,2016,,2016/11/06,22:30:00,COLISIÓN POR CORTE DE CIRCULACIÓN,ASFALTO,Bueno,Bueno,3,VOLKSWAGEN,ROJO,3,,24,MASCULINO,CON CERTIFICADO,0,0,Morelia,Libertad,noviembre,domingo,23,-101.236932277679,19.6848238437049
2746,2746,2016,,2016/11/07,"03:00:00",COLISIÓN CONTRA OBJETO FIJO,ASFALTO,Bueno,Bueno,1,CHEVROLET,NEGRO,1,,,,SIN DATOS,0,0,Morelia,Eva Samano,noviembre,lunes,3,-101.19856595993,19.7291344836288
2747,2747,2016,,2016/11/07,"05:30:00",CAIDA ACUATICA DE VEHÍCULO,ASFALTO,Bueno,Bueno,0,,,0,,,,,0,0,Lázaro Cárdenas,600 Casas,noviembre,lunes,6,-102.216676175594,17.9658539672674
2748,2748,2016,,2016/11/07,"07:00:00",COLISIÓN POR CORTE DE CIRCULACIÓN,TERRACERIA,Bueno,Bueno,1,STRICK,AZUL,1,,,,SIN DATOS,0,0,Nocupétaro,Sin datos,noviembre,lunes,7,-101.298279762268,19.090590020231
2749,2749,2016,,2016/11/07,"07:10:00",COLISIÓN POR ALCANCE,SIN_DATOS,Bueno,Bueno,2,TOYOTA,BLANCO Y ROJO,4,,38,MASCULINO,SIN DATOS,2,0,Morelia,Centro,noviembre,lunes,7,-101.194263696671,19.7019606993424
2750,2750,2016,,2016/11/07,"07:45:00",COLISIÓN POR CORTE DE CIRCULACIÓN,ASFALTO,Bueno,Bueno,2,FORD,PLATA,2,,35,MASCULINO,SIN DATOS,0,0,Morelia,Isaac Arriaga,noviembre,lunes,8,-101.169490814209,19.7086523124726
2751,2751,2016,,2016/11/07,"08:25:00",COLISIÓN POR CORTE DE CIRCULACIÓN,CONCRETO,Bueno,Bueno,2,DODGE,PLATA,2,,,MASCULINO,SIN DATOS,0,0,Morelia,Felix Ireta,noviembre,lunes,8,-101.18803024292,19.690056511711
2752,2752,2016,,2016/11/07,"08:30:00",COLISIÓN POR CORTE DE CIRCULACIÓN,ASFALTO,Bueno,Bueno,2,FORD,BLANCO Y AZUL,2,,,MASCULINO,SIN DATOS,0,0,Morelia,Jardines de Torremolinos,noviembre,lunes,9,-101.226482391357,19.6768987536018
2753,2753,2016,,2016/11/07,"08:30:00",COLISIÓN POR CORTE DE CIRCULACIÓN,TERRACERIA,Bueno,Regular,2,NISSAN,BLANCO Y AZUL,2,,34,MASCULINO,SIN DATOS,0,0,Morelia,3 de Agosto,noviembre,lunes,9,-101.173224449158,19.7281094274973
2754,2754,2016,,2016/11/07,10:20:00,COLISIÓN CONTRA OBJETO FIJO,ASFALTO,Bueno,Bueno,2,FORD,GRIS,2,,32,MASCULINO,SIN DATOS,0,0,Morelia,Ferrocarrilero,noviembre,lunes,10,-101.2175989151,19.6977082231468
2755,2755,2016,,2016/11/07,10:30:00,COLISIÓN POR CORTE DE CIRCULACIÓN,ASFALTO,Bueno,Bueno,2,CHEVROLET,BLANCO Y AZUL,2,,19,MASCULINO,SIN DATOS,0,0,Morelia,Industrial,noviembre,lunes,11,-101.197401881218,19.7132024495011
2756,2756,2016,,2016/11/07,10:40:00,COLISIÓN POR CORTE DE CIRCULACIÓN,ASFALTO,Bueno,Bueno,2,CHEVROLET,ARENA,2,,28,FEMENINO,SIN DATOS,0,0,Morelia,Felix Ireta,noviembre,lunes,11,-101.192665100098,19.6914050577013
2757,2757,2016,,2016/11/07,14:00:00,COLISIÓN POR ALCANCE,ASFALTO,Bueno,Bueno,2,MAZDA,ALUMINIO,2,,35,MASCULINO,SIN DATOS,0,0,Morelia,Los Manantiales de Morelia,noviembre,lunes,14,-101.240268945694,19.6928596563721
2758,2758,2016,,2016/11/07,14:30:00,COLISIÓN CON PEATÓN,ASFALTO,Bueno,Bueno,1,NISSAN,BLANCO,2,MINISTERIO PÚBLICO,50,MASCULINO,SIN DATOS,1,0,Morelia,Real Santa Rita,noviembre,lunes,15,-101.220645904541,19.6746358133474
2759,2759,2016,,2016/11/07,15:00:00,COLISIÓN POR CORTE DE CIRCULACIÓN,CONCRETO,Bueno,Bueno,2,HONDA,BLANCO,2,,22,MASCULINO,SIN DATOS,0,0,Morelia,Santa Maria de Guido,noviembre,lunes,15,-101.191218048334,19.6769252722435
2760,2760,2016,,2016/11/07,15:00:00,COLISIÓN CON PEATÓN,CONCRETO,Bueno,Regular,1,SEAT,GRIS,2,,30,FEMENINO,SIN DATOS,1,0,Morelia,Centro,noviembre,lunes,15,-101.18881881237,19.7038646811531
2761,2761,2016,,2016/11/07,15:30:00,COLISIÓN POR CORTE DE CIRCULACIÓN,ASFALTO,Bueno,Bueno,2,Nissan,Blanco/Rojo,2,,64,MASCULINO,SIN DATOS,0,0,Apatzingán,Zaragoza,noviembre,lunes,16,-102.361378669739,19.0971800950064
2762,2762,2016,,2016/11/07,16:15:00,COLISIÓN POR ALCANCE,ASFALTO,Bueno,Bueno,2,MERDES BENZ,NEGRO Y DORADO,2,,43,MASCULINO,SIN DATOS,0,0,Morelia,Ventura Puente,noviembre,lunes,16,-101.189966797829,19.6950465801939
2763,2763,2016,,2016/11/07,18:00:00,COLISIÓN POR CORTE DE CIRCULACIÓN,CONCRETO,Bueno,Bueno,2,TOYOTA,BLANCO Y GRIS,2,,59,MASCULINO,SIN DATOS,0,0,Morelia,Fidel Velazquez,noviembre,lunes,18,-101.237844228745,19.7036475172638
2764,2764,2016,,2016/11/07,18:20:00,COLISIÓN POR CORTE DE CIRCULACIÓN,ASFALTO,Bueno,Bueno,2,TOYOTA,GRIS,2,,26,MASCULINO,SIN DATOS,0,0,Morelia,Rector Diaz Rubio,noviembre,lunes,18,-101.198973655701,19.6681650422374
2765,2765,2016,,2016/11/07,21:20:00,COLISIÓN POR CORTE DE CIRCULACIÓN,CONCRETO,Bueno,Bueno,2,NISSAN,BLANCO Y AZUL,2,,34,MASCULINO,SIN DATOS,0,0,Morelia,Nueva Valladolid,noviembre,lunes,21,-101.207320690155,19.7022839233155
2766,2766,2016,,2016/11/07,22:20:00,COLISIÓN POR CORTE DE CIRCULACIÓN,CONCRETO,Bueno,Bueno,2,SIN DATOS,SIN DATOS,1,,26,MASCULINO,SIN DATOS,0,0,Morelia,Lomas del Tecnologico,noviembre,lunes,22,-101.192225217819,19.7203379752386
2767,2767,2016,,2016/11/08,"01:35:00",COLISIÓN CON PEATÓN,CONCRETO,Bueno,Bueno,1,FORD,GRIS,1,,,,,1,0,Morelia,Tres Puentes,noviembre,martes,2,-101.213769055903,19.7095550275321
2768,2768,2016,,2016/11/08,"07:30:00",COLISIÓN POR CORTE DE CIRCULACIÓN,ASFALTO,Bueno,Bueno,2,FORD,PLATA,2,,30,MASCULINO,SIN DATOS,0,0,Morelia,Indeco El Vivero,noviembre,martes,8,-101.231857538223,19.6777473479576
2769,2769,2016,,2016/11/08,"08:00:00",COLISIÓN POR CORTE DE CIRCULACIÓN,ASFALTO,Bueno,Bueno,2,NISSAN,BLANCO Y ROJO,2,,30,MASCULINO,SIN DATOS,0,0,Morelia,Los Manantiales de Morelia,noviembre,martes,8,-101.24058611691,19.700879283139
2770,2770,2016,,2016/11/08,"08:50:00",COLISIÓN POR ALCANCE,ASFALTO,Bueno,Bueno,2,CHEVROLET,BLANCO,2,,24,MASCULINO,SIN DATOS,0,0,Morelia,Bosques de Oriente,noviembre,martes,9,-101.156916618347,19.7150002482043
2771,2771,2016,,2016/11/08,"09:15:00",SALIDA DE SUPERFICIE DE RODAMIENTO,ASFALTO,Bueno,Bueno,2,GMC,BLANCO,2,,29,MASCULINO,SIN DATOS,0,0,Morelia,Indeco El Vivero,noviembre,martes,9,-101.229701042175,19.6771614142399
2772,2772,2016,,2016/11/08,"09:33:00",COLISIÓN POR CORTE DE CIRCULACIÓN,ASFALTO,Bueno,Bueno,2,VOLVO,AZUL,2,,56,MASCULINO,SIN DATOS,0,0,Morelia,Enrique Arreguin Robles,noviembre,martes,10,-101.183931827545,19.7194441582534
2773,2773,2016,,2016/11/08,10:40:00,COLISIÓN POR CORTE DE CIRCULACIÓN,CONCRETO,Bueno,Bueno,2,CHEVROLET,GRIS,1,,28,MASCULINO,SIN DATOS,0,0,Morelia,La Esperanza,noviembre,martes,11,-101.153474003077,19.6984304450037
2774,2774,2016,,2016/11/08,11:15:00,COLISIÓN POR CORTE DE CIRCULACIÓN,ASFALTO,Bueno,Bueno,2,CHEVROLET,BLANCO,2,,29,MASCULINO,SIN DATOS,0,0,Morelia,Solidaridad,noviembre,martes,11,-101.205223202705,19.7258118640032
2775,2775,2016,,2016/11/08,13:20:00,COLISIÓN POR ALCANCE,ASFALTO,Bueno,Bueno,3,NISSAN,BLANCO Y  CAFE,3,,32,MASCULINO,SIN DATOS,0,0,Morelia,Eduardo Ruiz,noviembre,martes,13,-101.222459077835,19.7222215393006
2776,2776,2016,,2016/11/08,14:25:00,COLISIÓN POR ALCANCE,ASFALTO,Bueno,Bueno,3,NISSAN,BLANCO,3,,54,MASCULINO,SIN DATOS,0,0,Morelia,Irrigacion,noviembre,martes,14,-101.225152015686,19.7048191887063
2777,2777,2016,,2016/11/08,14:55:00,COLISIÓN POR ALCANCE,ASFALTO,Nublado,Bueno,3,V.W.,NEGRO,3,,45,MASCULINO,SIN DATOS,0,0,Morelia,Tinijaro,noviembre,martes,15,-101.26448392868,19.6962940730093
2778,2778,2016,,2016/11/08,15:30:00,COLISIÓN POR CORTE DE CIRCULACIÓN,CONCRETO,Bueno,Bueno,3,MITSUBISHI,GRIS,3,,26,MASCULINO,SIN DATOS,0,0,Morelia,Vista Bella,noviembre,martes,16,-101.197535991669,19.6803335125576
2779,2779,2016,,2016/11/08,16:45:00,VOLCADURA,ASFALTO,Lluvioso,Regular,1,DODGE,AZUL,1,,55,MASCULINO,SIN DATOS,0,0,Morelia,La Luz,noviembre,martes,17,-101.288967132568,19.6883746013568