fid,id_accidente,anio_origen,folio_c5i,dia_incidente,hora_ocurrencia,tipo_incidente_vial,superficie_ocurrencia,condiciones_climaticas,condiciones_via,numero_vehiculos_involucrados,marca_vehiculo_ocasiona_siniestro,color_vehiculo_ocasiona_siniestro,numero_personas_involucradas,lugar_remite_presunto_responsable,edad_presunto_responsable,sexo_presunto_responsable,resultados_toxicologia,numero_personas_lesionadas,numero_personas_fallecidas,municipio,colonia,mes,dia_semana,hora_redondeada,lon,lat
2780,2780,2016,,2016/11/08,17:30:00,COLISIÓN POR CORTE DE CIRCULACIÓN,ASFALTO,Lluvioso,Regular,2,TOYOTA,BLANCO Y GRIS,2,,29,MASCULINO,SIN DATOS,0,0,Morelia,Centro,noviembre,martes,18,-101.189843416214,19.7014607109729
2781,2781,2016,,2016/11/08,19:50:00,COLISIÓN POR ALCANCE,ASFALTO,Bueno,Bueno,2,CHEVROLET,GRIS,2,,57,MASCULINO,SIN DATOS,0,0,Morelia,Sentimientos de La Nacion,noviembre,martes,20,-101.235430240631,19.681161884578
2782,2782,2016,,2016/11/08,20:00:00,SUBIDA AL CAMELLÓN,SIN_DATOS,Bueno,Bueno,1,SEAT,GRIS,1,,39,FEMENINO,SIN DATOS,0,0,Morelia,Los Laureles,noviembre,martes,20,-101.230709552765,19.715757741605
2783,2783,2016,,2016/11/08,20:05:00,COLISIÓN POR ALCANCE,ASFALTO,Lluvioso,Bueno,2,NISSAN,ROJO,2,,21,MASCULINO,CON CERTIFICADO,0,0,Morelia,Francisco J Mujica,noviembre,martes,20,-101.193072795868,19.7235445656648
2784,2784,2016,,2016/11/08,20:30:00,COLISIÓN POR ALCANCE,ASFALTO,Lluvioso,Malo,3,NISSAN,ROJO,3,MINISTERIO PÚBLICO,37,MASCULINO,SIN DATOS,0,0,Paracho,Sin datos,noviembre,martes,21,-102.077407836914,19.6157477339899
2785,2785,2016,,2016/11/08,22:15:00,COLISIÓN POR CORTE DE CIRCULACIÓN,ASFALTO,Bueno,Bueno,2,V.W.,PLATA,2,,28,MASCULINO,SIN DATOS,0,0,Morelia,Elias Perez Avalos,noviembre,martes,22,-101.169040203094,19.7131216490847
2786,2786,2016,,2016/11/08,22:15:00,COLISIÓN POR ALCANCE,ASFALTO,Bueno,Bueno,5,TOYOTA,BLANCO,5,,39,MASCULINO,CON CERTIFICADO,0,0,Morelia,San Pascual,noviembre,martes,22,-101.267423629761,19.6954051722418
2787,2787,2016,,2016/11/09,"00:30:00",COLISIÓN POR CORTE DE CIRCULACIÓN,ASFALTO,Lluvioso,Bueno,2,NISSAN,BLANCO,2,MINISTERIO PÚBLICO,38,MASCULINO,SIN DATOS,0,0,Lázaro Cárdenas,Segundo Sector de Fidelac,noviembre,miércoles,1,-102.20563352108,17.9616389614621
2788,2788,2016,,2016/11/09,"08:50:00",COLISIÓN POR CORTE DE CIRCULACIÓN,CONCRETO,Bueno,Bueno,2,VOLKSWAGEN,BLANCO,2,,29,MASCULINO,SIN DATOS,0,0,Morelia,Adolfo Lopez Mateos,noviembre,miércoles,9,-101.22650384903,19.6947182909949
2789,2789,2016,,2016/11/09,"09:40:00",COLISIÓN CONTRA OBJETO FIJO,ASFALTO,Nublado,Bueno,1,CHEVROLET,GRIS,1,,34,MASCULINO,SIN DATOS,0,0,Morelia,Quinceo,noviembre,miércoles,10,-101.224143505096,19.7252816523515
2790,2790,2016,,2016/11/09,12:20:00,COLISIÓN CONTRA OBJETO FIJO,ASFALTO,Bueno,Bueno,2,BMW,NEGRO,2,,33,MASCULINO,SIN DATOS,0,0,Morelia,Ignaci0 Ramirez,noviembre,miércoles,12,-101.223843097687,19.725231155912
2791,2791,2016,,2016/11/09,12:50:00,COLISIÓN POR CORTE DE CIRCULACIÓN,CONCRETO,Bueno,Bueno,2,INTERNATIONAL,BLANCO Y AZUL,2,,23,MASCULINO,SIN DATOS,0,0,Morelia,Centro,noviembre,miércoles,13,-101.186603307724,19.7029707720902
2792,2792,2016,,2016/11/09,14:25:00,COLISIÓN POR CORTE DE CIRCULACIÓN,ASFALTO,Bueno,Bueno,2,Honda,Azul,4,,41,MASCULINO,SIN DATOS,2,0,Apatzingán,Sin datos,noviembre,miércoles,14,-102.500295639038,19.0930233091637
2793,2793,2016,,2016/11/09,15:20:00,COLISIÓN POR CORTE DE CIRCULACIÓN,ASFALTO,Nublado,Bueno,2,KENWORTH,BLANCO,2,,36,MASCULINO,SIN DATOS,0,0,Morelia,Francisco J Mujica,noviembre,miércoles,15,-101.188266277313,19.7214640765285
2794,2794,2016,,2016/11/09,17:20:00,COLISIÓN POR CORTE DE CIRCULACIÓN,ASFALTO,Nublado,Bueno,2,FORD,VINO,2,,32,,CON CERTIFICADO,0,0,Morelia,Gertrudis Bocanegra,noviembre,miércoles,17,-101.21065735817,19.7021425129076
2795,2795,2016,,2016/11/09,17:40:00,COLISIÓN POR CORTE DE CIRCULACIÓN,ASFALTO,Bueno,Bueno,2,HIUNDAY,GRIS,2,,35,FEMENINO,SIN DATOS,0,0,Morelia,Campestre Los Manantiales,noviembre,miércoles,18,-101.23815536499,19.6880715525677
2796,2796,2016,,2016/11/09,18:00:00,COLISIÓN POR ALCANCE,CONCRETO,Lluvioso,Regular,2,FORD,NEGRO,2,,28,FEMENINO,SIN DATOS,0,0,Morelia,Balcones de Santa Maria,noviembre,miércoles,18,-101.185610890388,19.675474317258
2797,2797,2016,,2016/11/09,18:30:00,COLISIÓN POR CORTE DE CIRCULACIÓN,ASFALTO,Lluvioso,Bueno,2,NISSAN,BLANCO Y ROJO,2,,29,MASCULINO,SIN DATOS,0,0,Morelia,Centro,noviembre,miércoles,19,-101.200762689114,19.7029556210461
2798,2798,2016,,2016/11/09,19:30:00,COLISIÓN POR ALCANCE,ASFALTO,Lluvioso,Regular,2,NISSAN,BLANCO,2,,37,MASCULINO,SIN DATOS,0,0,Morelia,Los Manantiales de Morelia,noviembre,miércoles,20,-101.242575645447,19.6981324657514
2799,2799,2016,,2016/11/09,19:40:00,COLISIÓN POR ALCANCE,ASFALTO,Lluvioso,Malo,2,V.W.,AMARILLO,2,,23,MASCULINO,SIN DATOS,0,0,Morelia,Fidel Velazquez,noviembre,miércoles,20,-101.234695315361,19.702496038693
2800,2800,2016,,2016/11/09,20:00:00,COLISIÓN POR ALCANCE,CONCRETO,Lluvioso,Bueno,2,FORD,ROJO,2,,,MASCULINO,SIN DATOS,0,0,Morelia,Vasco de Quiroga,noviembre,miércoles,20,-101.167725920677,19.6967486226304
2801,2801,2016,,2016/11/09,20:50:00,COLISIÓN POR CORTE DE CIRCULACIÓN,ASFALTO,Lluvioso,Regular,2,FORD,NEGRO,2,,30,MASCULINO,SIN DATOS,0,0,Morelia,Sin datos,noviembre,miércoles,21,-101.371665000916,19.6740296632099
2802,2802,2016,,2016/11/09,22:40:00,SUBIDA AL CAMELLÓN,ASFALTO,Lluvioso,Bueno,1,CHEVROLET,NEGRO,1,,,,SIN DATOS,0,0,Tarímbaro,Sin datos,noviembre,miércoles,23,-101.16357922554,19.7635735545954
2803,2803,2016,,2016/11/10,"02:50:00",COLISIÓN POR CORTE DE CIRCULACIÓN,CONCRETO,Lluvioso,Bueno,1,FORD,PLATA,0,,,,,0,0,Morelia,Felicitas del Rio,noviembre,jueves,3,-101.200304031372,19.6920818517825
2804,2804,2016,,2016/11/10,"04:00:00",COLISIÓN POR CORTE DE CIRCULACIÓN,CONCRETO,Lluvioso,Regular,2,HONDA,NEGRO,2,,32,MASCULINO,SIN DATOS,0,0,Morelia,Ventura Puente,noviembre,jueves,4,-101.180835217237,19.6890981280214
2805,2805,2016,,2016/11/10,"08:10:00",COLISIÓN CONTRA OBJETO FIJO,ASFALTO,Nublado,Bueno,1,NISSAN,AZUL,1,,60,FEMENINO,SIN DATOS,0,0,Morelia,Ignacio Zaragoza,noviembre,jueves,8,-101.206717193127,19.7257020345913
2806,2806,2016,,2016/11/10,10:50:00,COLISIÓN POR CORTE DE CIRCULACIÓN,CONCRETO,Bueno,Bueno,2,V.W.,GRIS,2,,34,FEMENINO,SIN DATOS,0,0,Morelia,Indeco Expropiacion Petrolera,noviembre,jueves,11,-101.225723326206,19.6834828187338
2807,2807,2016,,2016/11/10,11:20:00,COLISIÓN CON PEATÓN,CONCRETO,Nublado,Regular,1,CHEVROLET,GUINDA,2,,74,MASCULINO,SIN DATOS,1,0,Morelia,Junta de Jaujilla,noviembre,jueves,11,-101.226187348366,19.6914050577013
2808,2808,2016,,2016/11/10,11:52:00,SALIDA DE SUPERFICIE DE RODAMIENTO,ASFALTO,Bueno,Bueno,1,FORD,ROJO,1,,,MASCULINO,SIN DATOS,0,0,Pátzcuaro,Sin datos,noviembre,jueves,12,-101.634328365326,19.5383055865817
2809,2809,2016,,2016/11/10,12:50:00,COLISIÓN POR CORTE DE CIRCULACIÓN,CONCRETO,Bueno,Malo,2,NISSAN,NEGRO,1,,25,MASCULINO,SIN DATOS,0,0,Morelia,Margarita Maza de Juarez,noviembre,jueves,13,-101.254897713661,19.692773795012
2810,2810,2016,,2016/11/10,14:00:00,COLISIÓN POR CORTE DE CIRCULACIÓN,ASFALTO,Bueno,Bueno,2,VENTO,NEGRO,2,,22,MASCULINO,SIN DATOS,0,0,Morelia,San Pascual,noviembre,jueves,14,-101.266741678119,19.6955503765398
2811,2811,2016,,2016/11/10,14:00:00,COLISIÓN POR CORTE DE CIRCULACIÓN,ASFALTO,Nublado,Regular,2,FORD,ROJO,2,,69,MASCULINO,SIN DATOS,0,0,Puruándiro,Sin datos,noviembre,jueves,14,-101.588129997253,20.1146158405427
2812,2812,2016,,2016/11/10,15:00:00,COLISIÓN POR CORTE DE CIRCULACIÓN,CONCRETO,Bueno,Bueno,2,YAMAHA,BLANCO Y NEGRO,2,MINISTERIO PÚBLICO,23,MASCULINO,SIN DATOS,0,0,Morelia,Camelinas,noviembre,jueves,15,-101.167302131653,19.6832327958872
2813,2813,2016,,2016/11/10,15:20:00,COLISIÓN POR ALCANCE,ASFALTO,Lluvioso,Regular,2,V.W.,PLATA,2,,29,MASCULINO,SIN DATOS,0,0,Morelia,Insurgentes,noviembre,jueves,15,-101.155135631561,19.6954253745868
2814,2814,2016,,2016/11/10,16:00:00,COLISIÓN POR CORTE DE CIRCULACIÓN,ASFALTO,Bueno,Bueno,2,ITALIKA,NEGRO,2,,18,MASCULINO,SIN DATOS,0,0,Morelia,Industrial,noviembre,jueves,16,-101.196790337563,19.7107935695535
2815,2815,2016,,2016/11/10,17:00:00,COLISIÓN POR CORTE DE CIRCULACIÓN,ASFALTO,Bueno,Bueno,2,NISSAN,PLATA,1,MINISTERIO PÚBLICO,,,,1,0,Ario,Sin datos,noviembre,jueves,17,-101.773738861084,19.0773685253744
2816,2816,2016,,2016/11/10,17:30:00,COLISIÓN POR CORTE DE CIRCULACIÓN,ASFALTO,Nublado,Bueno,2,NISSAN,BLANCO Y ROJO,2,,23,MASCULINO,SIN DATOS,0,0,Morelia,Centro,noviembre,jueves,18,-101.198469400406,19.7031172321093
2817,2817,2016,,2016/11/10,19:30:00,SALIDA DE SUPERFICIE DE RODAMIENTO,ASFALTO,Bueno,Bueno,1,Dina,Verde/Naranja,1,,56,MASCULINO,SIN DATOS,0,0,Apatzingán,Sin datos,noviembre,jueves,20,-102.454633712769,19.0956593318089
2818,2818,2016,,2016/11/10,19:50:00,COLISIÓN POR CORTE DE CIRCULACIÓN,CONCRETO,Bueno,Bueno,2,NISSAN,VERDE,2,,30,MASCULINO,SIN DATOS,0,0,Morelia,Chapultepec Norte,noviembre,jueves,20,-101.177933402359,19.6933549366271
2819,2819,2016,,2016/11/10,20:00:00,COLISIÓN POR CORTE DE CIRCULACIÓN,SIN_DATOS,Bueno,Bueno,2,V.W.,PLATA,2,,20,MASCULINO,SIN DATOS,0,0,Morelia,Felix Ireta,noviembre,jueves,20,-101.191774606705,19.6824751485141
2820,2820,2016,,2016/11/10,21:50:00,COLISIÓN CON PEATÓN,CONCRETO,Nublado,Regular,1,SIN DATOS,SINhttps://201.144.32.243/peri,1,,,,,1,0,Morelia,Torreon Nuevo,noviembre,jueves,22,-101.199966073036,19.7431361927302
2821,2821,2016,,2016/11/11,"00:00:00",COLISIÓN POR CORTE DE CIRCULACIÓN,CONCRETO,Nublado,Bueno,2,V.W,GRIS,3,,25,FEMENINO,SIN DATOS,0,0,Morelia,Centro,noviembre,viernes,0,-101.178191900253,19.6991930673427
2823,2823,2016,,2016/11/11,"05:40:00",COLISIÓN POR CORTE DE CIRCULACIÓN,ASFALTO,Bueno,Bueno,1,NISSAN,PLATA,1,,,,SIN DATOS,0,0,Morelia,Ricardo Flores Magon,noviembre,viernes,6,-101.242441534996,19.7056423837684
2824,2824,2016,,2016/11/11,"06:45:00",COLISIÓN POR ALCANCE,ASFALTO,Nublado,Bueno,4,NISSAN,BLANCO Y ROJO,4,,22,MASCULINO,SIN DATOS,0,0,Morelia,Irrigacion,noviembre,viernes,7,-101.220640540123,19.7054605741805
2825,2825,2016,,2016/11/11,"09:00:00",COLISIÓN POR CORTE DE CIRCULACIÓN,CONCRETO,Nublado,Bueno,2,HONDA,NEGRO,2,,36,FEMENINO,SIN DATOS,0,0,Morelia,Jardines de Guadalupe,noviembre,viernes,9,-101.226675510406,19.7110410243022
2826,2826,2016,,2016/11/11,"09:15:00",COLISIÓN POR CORTE DE CIRCULACIÓN,ASFALTO,Bueno,Bueno,2,FORD,AZUL,2,,68,MASCULINO,SIN DATOS,0,0,Morelia,Ampliacion La Soledad,noviembre,viernes,9,-101.183094978333,19.7325378247971
2827,2827,2016,,2016/11/11,"09:40:00",COLISIÓN POR ALCANCE,ASFALTO,Bueno,Bueno,2,BAJAJ,ROJO,2,,33,MASCULINO,SIN DATOS,0,0,Morelia,Leona Vicario,noviembre,viernes,10,-101.211884468794,19.6705480741413
2828,2828,2016,,2016/11/11,10:00:00,CAIDA DE MOTOCICLETA,ASFALTO,Bueno,Bueno,2,HONDA,ROJO,4,,,MASCULINO,SIN DATOS,2,0,Morelia,Alberto Oviedo Mota,noviembre,viernes,10,-101.201918721199,19.6778357429445
2829,2829,2016,,2016/11/11,10:10:00,COLISIÓN POR CORTE DE CIRCULACIÓN,ASFALTO,Nublado,Bueno,2,NISSAN,BLANCO Y ROJO,2,,28,MASCULINO,SIN DATOS,0,0,Morelia,Leona Vicario,noviembre,viernes,10,-101.211778521538,19.6683216369725
2830,2830,2016,,2016/11/11,10:40:00,COLISIÓN POR CORTE DE CIRCULACIÓN,SIN_DATOS,Bueno,Bueno,2,VW,PLATA,2,,24,MASCULINO,SIN DATOS,0,0,Pátzcuaro,Centro,noviembre,viernes,11,-101.617290973663,19.5117972956174
2831,2831,2016,,2016/11/11,12:30:00,COLISIÓN POR CORTE DE CIRCULACIÓN,TERRACERIA,Bueno,Regular,1,MERDES BENZ,ROJO,1,,30,MASCULINO,SIN DATOS,0,0,Morelia,Libertad,noviembre,viernes,13,-101.236889362335,19.6849400148311
2832,2832,2016,,2016/11/11,16:10:00,COLISIÓN CONTRA OBJETO FIJO,ASFALTO,Lluvioso,Regular,2,HONDA,NEGRO,2,,35,MASCULINO,SIN DATOS,0,0,Morelia,Centro,noviembre,viernes,16,-101.190538108349,19.6964897820322
2833,2833,2016,,2016/11/11,16:10:00,COLISIÓN POR ALCANCE,CONCRETO,Lluvioso,Bueno,4,BMW,AZUL,4,,24,MASCULINO,SIN DATOS,0,0,Morelia,Camelinas,noviembre,viernes,16,-101.17117524147,19.6821013744899
2834,2834,2016,,2016/11/11,16:10:00,COLISIÓN POR ALCANCE,ASFALTO,Bueno,Bueno,2,NISSAN,AZUL,2,,17,MASCULINO,SIN DATOS,0,0,Morelia,Infonavit  Las  Camelinas,noviembre,viernes,16,-101.174404621124,19.6819902523146
2835,2835,2016,,2016/11/11,16:30:00,COLISIÓN POR CORTE DE CIRCULACIÓN,ASFALTO,Nublado,Bueno,1,FIAT,ROJO,1,,0,,SIN DATOS,0,0,Morelia,Puerta Madero,noviembre,viernes,17,-101.179213821888,19.6702083389324
2836,2836,2016,,2016/11/11,16:30:00,COLISIÓN POR CORTE DE CIRCULACIÓN,CONCRETO,Lluvioso,Regular,2,HONDA,ROJO,2,,0,MASCULINO,SIN DATOS,0,0,Morelia,Vasco de Quiroga,noviembre,viernes,17,-101.176437735558,19.698410243038
2837,2837,2016,,2016/11/11,16:50:00,COLISIÓN POR CORTE DE CIRCULACIÓN,ASFALTO,Lluvioso,Regular,2,KENWORTH,AZUL,2,,52,MASCULINO,SIN DATOS,0,0,Morelia,Fuentes de Valladolid,noviembre,viernes,17,-101.222303509712,19.6708675428157
2838,2838,2016,,2016/11/11,18:30:00,COLISIÓN POR CORTE DE CIRCULACIÓN,ASFALTO,Lluvioso,Bueno,2,DODGE,AZUL,2,,42,MASCULINO,SIN DATOS,0,0,Morelia,Enrique Arreguin Robles,noviembre,viernes,19,-101.179854869843,19.7205753156322
2839,2839,2016,,2016/11/11,19:00:00,COLISIÓN POR CORTE DE CIRCULACIÓN,ASFALTO,Lluvioso,Bueno,2,NISSAN,BLANCO,2,,20,MASCULINO,SIN DATOS,0,0,Morelia,Campestre Los Manantiales,noviembre,viernes,19,-101.238198280334,19.6880715525677
2840,2840,2016,,2016/11/11,19:00:00,COLISIÓN POR CORTE DE CIRCULACIÓN,ASFALTO,Lluvioso,Bueno,2,TOYOTA,BLANCO/NARANJA,2,,34,MASCULINO,SIN DATOS,0,0,Morelia,Felix Ireta,noviembre,viernes,19,-101.190680265427,19.6901322730229
2841,2841,2016,,2016/11/11,19:00:00,COLISIÓN POR CORTE DE CIRCULACIÓN,CONCRETO,Lluvioso,Bueno,2,Nissan,Blanco/Rojo,2,,47,MASCULINO,SIN DATOS,0,0,Múgica,Centro,noviembre,viernes,19,-102.095872163773,19.022780675856
2842,2842,2016,,2016/11/11,20:00:00,COLISIÓN POR CORTE DE CIRCULACIÓN,ASFALTO,Lluvioso,Bueno,2,FORD,NEGRO,2,,38,MASCULINO,SIN DATOS,0,0,Morelia,Enrique Arreguin Robles,noviembre,viernes,20,-101.178781986237,19.720353124636
2843,2843,2016,,2016/11/11,20:40:00,COLISIÓN CONTRA OBJETO FIJO,CONCRETO,Lluvioso,Bueno,2,CHEVROLET,GRIS,1,,37,MASCULINO,CON CERTIFICADO,0,0,Morelia,Tenencia Morelos,noviembre,viernes,21,-101.239611804485,19.6499333389147
2844,2844,2016,,2016/11/11,21:00:00,COLISIÓN CON PEATÓN,ASFALTO,Lluvioso,Bueno,2,SEAT,GRIS,2,,22,MASCULINO,SIN DATOS,0,0,Morelia,Pascual Ortiz de Ayala,noviembre,viernes,21,-101.150876283646,19.6949304164005
2845,2845,2016,,2016/11/11,21:10:00,SUBIDA AL CAMELLÓN,ASFALTO,Lluvioso,Malo,1,HONDA,ARENA,1,,51,MASCULINO,SIN DATOS,0,0,Morelia,Felix Ireta,noviembre,viernes,21,-101.195733547211,19.6816871914444
2846,2846,2016,,2016/11/11,22:00:00,COLISIÓN POR CORTE DE CIRCULACIÓN,CONCRETO,Bueno,Bueno,2,CHEVROLET,GRIS,2,,24,MASCULINO,SIN DATOS,0,0,Morelia,Chapultepec Norte,noviembre,viernes,22,-101.176620125771,19.694455659151
2847,2847,2016,,2016/11/11,22:45:00,COLISIÓN POR CORTE DE CIRCULACIÓN,ASFALTO,Lluvioso,Bueno,2,NISSAN,BLANCO Y ROJO,2,,,MASCULINO,SIN DATOS,0,0,Morelia,Loma Bonita,noviembre,viernes,23,-101.196825876832,19.7208839838616
2848,2848,2016,,2016/11/11,23:30:00,COLISIÓN CONTRA OBJETO FIJO,ASFALTO,Lluvioso,Regular,1,NISSAN,ROJA,1,,19,MASCULINO,CON CERTIFICADO,0,0,Morelia,Avicola Benito Juarez,noviembre,viernes,0,-101.279547214508,19.6915666804285
2849,2849,2016,,2016/11/12,"00:00:00",COLISIÓN POR CORTE DE CIRCULACIÓN,ASFALTO,Nublado,Regular,1,MAZDA,GUINDA,2,,58,FEMENINO,SIN DATOS,1,0,Morelia,Centro,noviembre,sábado,0,-101.177870035172,19.7049302950356
2850,2850,2016,,2016/11/12,"00:40:00",COLISIÓN POR CORTE DE CIRCULACIÓN,ASFALTO,Lluvioso,Bueno,2,CHEVROLET,BLANCO,2,,50,MASCULINO,SIN DATOS,0,0,Morelia,Americas Britania,noviembre,sábado,1,-101.150178909302,19.6916121367911
2851,2851,2016,,2016/11/12,"01:00:00",COLISIÓN POR CORTE DE CIRCULACIÓN,CONCRETO,Nublado,Bueno,1,CHEVROLET,ROJO,1,,25,MASCULINO,SIN DATOS,0,0,Morelia,Guadalupe,noviembre,sábado,1,-101.22620344162,19.7091623786708
2852,2852,2016,,2016/11/12,"01:55:00",COLISIÓN POR CORTE DE CIRCULACIÓN,ASFALTO,Lluvioso,Regular,2,VW,VERDE,2,,39,FEMENINO,SIN DATOS,0,0,Morelia,Industrial,noviembre,sábado,2,-101.193265914917,19.7074857193108
2853,2853,2016,,2016/11/12,"06:20:00",COLISIÓN POR CORTE DE CIRCULACIÓN,ASFALTO,Nublado,Bueno,2,SEAT,ROJO,2,,38,MASCULINO,SIN DATOS,0,0,Morelia,Felix Ireta,noviembre,sábado,6,-101.192150115967,19.6825761683709
2854,2854,2016,,2016/11/12,"06:35:00",COLISIÓN CON PEATÓN,ASFALTO,Bueno,Bueno,1,V.W.,NEGRO,2,,44,MASCULINO,SIN DATOS,1,0,Morelia,Victor Manuel Tinoco Rubi,noviembre,sábado,7,-101.242961883545,19.700637494395
2855,2855,2016,,2016/11/12,"09:50:00",COLISIÓN POR CORTE DE CIRCULACIÓN,CONCRETO,Bueno,Bueno,2,SEAT,GRIS,2,,42,MASCULINO,SIN DATOS,0,0,Morelia,Los Sauces,noviembre,sábado,10,-101.18868470192,19.6579052280983
2856,2856,2016,,2016/11/12,10:10:00,CAIDA DE MOTOCICLETA,ASFALTO,Bueno,Bueno,1,HONDA,BLANCO,2,,32,MASCULINO,SIN DATOS,1,0,Morelia,Tzindurio Norte,noviembre,sábado,10,-101.243777275085,19.700395073982
2857,2857,2016,,2016/11/12,11:15:00,COLISIÓN POR CORTE DE CIRCULACIÓN,CONCRETO,Nublado,Bueno,2,ITALIKA,AZUL,4,,25,MASCULINO,SIN DATOS,2,0,Morelia,Elias Perez Avalos,noviembre,sábado,11,-101.166636943817,19.7110713248573
2858,2858,2016,,2016/11/12,12:20:00,COLISIÓN POR CORTE DE CIRCULACIÓN,CONCRETO,Bueno,Bueno,2,FORD,BLANCO,2,,24,MASCULINO,SIN DATOS,0,0,Morelia,Vasco de Quiroga,noviembre,sábado,12,-101.175863742828,19.6983950915621
2859,2859,2016,,2016/11/12,12:40:00,COLISIÓN POR CORTE DE CIRCULACIÓN,ASFALTO,Bueno,Bueno,2,famsa,blanco,2,,24,MASCULINO,SIN DATOS,0,0,Morelia,Victor Manuel Tinoco Rubi,noviembre,sábado,13,-101.243669986725,19.700778906133
2860,2860,2016,,2016/11/12,14:00:00,COLISIÓN POR CORTE DE CIRCULACIÓN,ASFALTO,Nublado,Bueno,2,NISSAN,BLANCO,2,,38,MASCULINO,SIN DATOS,0,0,Morelia,Indeco Santiaguito,noviembre,sábado,14,-101.178867816925,19.7204541205817
2861,2861,2016,,2016/11/12,15:00:00,COLISIÓN POR ALCANCE,ASFALTO,Bueno,Bueno,2,NISSAN,BLANCO,2,,48,MASCULINO,SIN DATOS,0,0,Morelia,Hospitales de Don Vasco,noviembre,sábado,15,-101.155371665955,19.7011829389814
2862,2862,2016,,2016/11/12,15:45:00,COLISIÓN POR CORTE DE CIRCULACIÓN,ASFALTO,Nublado,Bueno,1,V.W.,PLATA,0,,,,,0,0,Puruándiro,Sin datos,noviembre,sábado,16,-101.488480567932,20.1565400683986
2863,2863,2016,,2016/11/12,17:35:00,COLISIÓN POR ALCANCE,CONCRETO,Bueno,Bueno,3,CHEVROLET,BLANCO,3,,25,MASCULINO,SIN DATOS,0,0,Morelia,Vista Bella,noviembre,sábado,18,-101.195859611034,19.6764050009485
2864,2864,2016,,2016/11/12,17:50:00,COLISIÓN POR CORTE DE CIRCULACIÓN,ASFALTO,Bueno,Bueno,2,CHEVROLET,AZUL,2,,41,FEMENINO,SIN DATOS,0,0,Morelia,Rafael Carrillo,noviembre,sábado,18,-101.236310005188,19.7078089321211
2865,2865,2016,,2016/11/12,18:20:00,COLISIÓN POR ALCANCE,ASFALTO,Nublado,Bueno,2,JEE´P,BLANCO,2,,51,MASCULINO,SIN DATOS,0,0,Morelia,Jardines de Torremolinos,noviembre,sábado,18,-101.225709915161,19.6767674231214
2866,2866,2016,,2016/11/12,20:00:00,COLISIÓN POR CORTE DE CIRCULACIÓN,ASFALTO,Bueno,Bueno,2,HONDA,BLANCO,2,,19,MASCULINO,SIN DATOS,0,0,Pátzcuaro,Centro,noviembre,sábado,20,-101.610403060913,19.5295491803845
2867,2867,2016,,2016/11/12,21:10:00,SALIDA DE SUPERFICIE DE RODAMIENTO,ASFALTO,Bueno,Bueno,2,DODGE,BLANCO Y ROJO,2,,46,MASCULINO,CON CERTIFICADO,0,0,Morelia,Centro,noviembre,sábado,21,-101.195148825645,19.7030616783247
2868,2868,2016,,2016/11/12,21:30:00,SALIDA DE SUPERFICIE DE RODAMIENTO,ASFALTO,Lluvioso,Regular,1,HONDA,ROJO,2,MINISTERIO PÚBLICO,17,MASCULINO,SIN DATOS,1,0,Puruándiro,Lomas de Agua Tibia,noviembre,sábado,22,-101.480584144592,20.0863645406336
2869,2869,2016,,2016/11/12,21:35:00,COLISIÓN POR ALCANCE,CONCRETO,Bueno,Bueno,2,ITALIKA,ROJO,2,,27,MASCULINO,SIN DATOS,0,0,Morelia,Vasco de Quiroga,noviembre,sábado,22,-101.169801950455,19.6971627667169
2870,2870,2016,,2016/11/12,21:50:00,COLISIÓN POR CORTE DE CIRCULACIÓN,ASFALTO,Bueno,Bueno,3,CHEVROLET,NEGRO,3,,28,MASCULINO,SIN DATOS,0,0,Tarímbaro,Sin datos,noviembre,sábado,22,-101.170885562897,19.7525675931047
2871,2871,2016,,2016/11/12,22:20:00,COLISIÓN POR CORTE DE CIRCULACIÓN,ASFALTO,Bueno,Bueno,2,CHEVROLET,BLANCO,2,MINISTERIO PÚBLICO,42,MASCULINO,SIN DATOS,0,0,Morelia,Jardines de Torremolinos,noviembre,sábado,22,-101.227598190308,19.6770199816421
2872,2872,2016,,2016/11/12,22:30:00,COLISIÓN POR CORTE DE CIRCULACIÓN,ASFALTO,Bueno,Bueno,2,GMC,NEGRO,2,,56,MASCULINO,SIN DATOS,0,0,Morelia,Ventura Puente,noviembre,sábado,23,-101.19532585144,19.6926980349502
2873,2873,2016,,2016/11/12,22:55:00,COLISIÓN POR ALCANCE,ASFALTO,Bueno,Bueno,3,NISSAN,BLANCO,3,,44,MASCULINO,CON CERTIFICADO,0,0,Morelia,Tinijaro,noviembre,sábado,23,-101.258172020316,19.6972858733652
2874,2874,2016,,2016/11/12,23:00:00,SALIDA DE SUPERFICIE DE RODAMIENTO,CONCRETO,Bueno,Bueno,1,V.W.,NEGRO,1,,,,SIN DATOS,0,0,Morelia,Ampliacion La Soledad,noviembre,sábado,23,-101.184639930725,19.7300686423558
2875,2875,2016,,2016/11/13,"00:30:00",VOLCADURA,ASFALTO,Bueno,Bueno,1,VOLKSWAGEN,ARENA,1,,,,SIN DATOS,0,0,Morelia,El Lago 1,noviembre,domingo,1,-101.214578747749,19.7269783234443
2876,2876,2016,,2016/11/13,"01:00:00",COLISIÓN CONTRA OBJETO FIJO,ASFALTO,Bueno,Bueno,1,NISSAN,AZUL,1,,19,MASCULINO,SIN DATOS,0,0,Morelia,La Esperanza,noviembre,domingo,1,-101.153907179832,19.6994708427884