fid,id_accidente,anio_origen,folio_c5i,dia_incidente,hora_ocurrencia,tipo_incidente_vial,superficie_ocurrencia,condiciones_climaticas,condiciones_via,numero_vehiculos_involucrados,marca_vehiculo_ocasiona_siniestro,color_vehiculo_ocasiona_siniestro,numero_personas_involucradas,lugar_remite_presunto_responsable,edad_presunto_responsable,sexo_presunto_responsable,resultados_toxicologia,numero_personas_lesionadas,numero_personas_fallecidas,municipio,colonia,mes,dia_semana,hora_redondeada,lon,lat
2877,2877,2016,,2016/11/13,"01:30:00",COLISIÓN POR CORTE DE CIRCULACIÓN,ASFALTO,Bueno,Bueno,6,MITSUBISHI,ROJO,8,MINISTERIO PÚBLICO,,,SIN DATOS,2,0,Morelia,Elias Perez Avalos,noviembre,domingo,2,-101.171282529831,19.7146972498392
2878,2878,2016,,2016/11/13,"03:15:00",COLISIÓN CONTRA OBJETO FIJO,ASFALTO,Bueno,Bueno,2,NISSAN,BLANCO,2,,33,MASCULINO,CON CERTIFICADO,0,0,Morelia,Real Santa Rita,noviembre,domingo,3,-101.220649927855,19.6744299751203
2879,2879,2016,,2016/11/13,"04:40:00",VOLCADURA,ASFALTO,Bueno,Bueno,1,NISSAN,AZUL,1,,23,MASCULINO,SIN DATOS,0,0,Morelia,Canteras de Morelia,noviembre,domingo,5,-101.173610687256,19.7164950317351
2880,2880,2016,,2016/11/13,"05:30:00",COLISIÓN POR ALCANCE,ASFALTO,Bueno,Bueno,2,VOLKSWAGEN,BLANCO,2,,32,MASCULINO,CON CERTIFICADO,0,0,Morelia,Arcos del Valle,noviembre,domingo,6,-101.236288547516,19.7076978277912
2881,2881,2016,,2016/11/13,"06:24:00",COLISIÓN POR CORTE DE CIRCULACIÓN,ASFALTO,Lluvioso,Bueno,2,Dodge,Gris,3,,20,MASCULINO,CON CERTIFICADO,1,0,Apatzingán,Morelos,noviembre,domingo,6,-102.357634305954,19.0932919826239
2882,2882,2016,,2016/11/13,"07:50:00",COLISIÓN POR CORTE DE CIRCULACIÓN,ASFALTO,Bueno,Bueno,2,NISSAN,BLANCO Y AZUL,2,,60,MASCULINO,SIN DATOS,0,0,Morelia,Vasco de Quiroga,noviembre,domingo,8,-101.175284385681,19.705081803542
2883,2883,2016,,2016/11/13,14:00:00,COLISIÓN CONTRA OBJETO FIJO,CONCRETO,Bueno,Bueno,1,NISSAN,BLANCO,1,,,MASCULINO,SIN DATOS,0,0,Morelia,Loma Colorada,noviembre,domingo,14,-101.211298406124,19.753124220167
2884,2884,2016,,2016/11/13,14:00:00,COLISIÓN POR CORTE DE CIRCULACIÓN,ASFALTO,Bueno,Bueno,2,NISSAN,BLANCO,2,,53,MASCULINO,SIN DATOS,0,0,Morelia,Reforma,noviembre,domingo,14,-101.237618923187,19.7068796935311
2885,2885,2016,,2016/11/13,15:30:00,COLISIÓN POR CORTE DE CIRCULACIÓN,ASFALTO,Nublado,Regular,2,JEEP,GRIS,7,MINISTERIO PÚBLICO,68,MASCULINO,SIN DATOS,5,0,Puruándiro,Sin datos,noviembre,domingo,16,-101.521482467651,20.1321041034086
2886,2886,2016,,2016/11/13,16:00:00,COLISIÓN POR ALCANCE,ASFALTO,Nublado,Bueno,2,JEEP,ROJO,2,,58,MASCULINO,SIN DATOS,0,0,Morelia,Las Americas,noviembre,domingo,16,-101.156525015831,19.6877482998938
2887,2887,2016,,2016/11/13,19:00:00,COLISIÓN POR CORTE DE CIRCULACIÓN,ASFALTO,Bueno,Bueno,1,CHEVROLET,GUINDA,1,,48,MASCULINO,SIN DATOS,0,0,Morelia,Enrique Arreguin Robles,noviembre,domingo,19,-101.188051700592,19.7215650717722
2888,2888,2016,,2016/11/13,19:30:00,COLISIÓN POR CORTE DE CIRCULACIÓN,ASFALTO,Nublado,Bueno,2,Dodge,Verde,2,,40,MASCULINO,CON CERTIFICADO,0,0,Apatzingán,Ferrocarril,noviembre,domingo,20,-102.355327606201,19.0786663875372
2889,2889,2016,,2016/11/13,20:00:00,COLISIÓN POR ALCANCE,ASFALTO,Bueno,Bueno,2,FORD,BLANCO,2,,42,MASCULINO,SIN DATOS,0,0,Morelia,Lomas de Huerta,noviembre,domingo,20,-101.212491989136,19.6736053567493
2890,2890,2016,,2016/11/13,20:50:00,COLISIÓN POR CORTE DE CIRCULACIÓN,ASFALTO,Nublado,Bueno,2,FORD,BLANCO,2,,,MASCULINO,SIN DATOS,0,0,Morelia,Morelos,noviembre,domingo,21,-101.206714510918,19.7018445405676
2891,2891,2016,,2016/11/13,20:50:00,COLISIÓN POR ALCANCE,ASFALTO,Nublado,Bueno,2,FORD,BLANCO,2,,0,MASCULINO,SIN DATOS,0,0,Morelia,Morelos,noviembre,domingo,21,-101.206784248352,19.7018091878803
2892,2892,2016,,2016/11/13,21:05:00,COLISIÓN POR CORTE DE CIRCULACIÓN,ASFALTO,Lluvioso,Bueno,2,HONDA,AZUL,7,,,,,6,1,Quiroga,Sin datos,noviembre,domingo,21,-101.50689125061,19.658430611189
2893,2893,2016,,2016/11/13,21:50:00,COLISIÓN POR CORTE DE CIRCULACIÓN,ASFALTO,Bueno,Bueno,2,DODGE,BLANCO Y ROJO,2,,43,MASCULINO,SIN DATOS,0,0,Morelia,Tzindurio de Morelos,noviembre,domingo,22,-101.243970394135,19.7001728549475
2894,2894,2016,,2016/11/13,22:50:00,COLISIÓN POR CORTE DE CIRCULACIÓN,ASFALTO,Lluvioso,Bueno,2,CHEVROLET,BLANCO,2,,,MASCULINO,CON CERTIFICADO,0,0,Morelia,Quinceo,noviembre,domingo,23,-101.224164962769,19.7255442335799
2895,2895,2016,,2016/11/14,"00:50:00",SALIDA DE SUPERFICIE DE RODAMIENTO,ASFALTO,Bueno,Bueno,1,DODGE,BLANCO,1,,20,MASCULINO,SIN DATOS,0,0,Charo,Sin datos,noviembre,lunes,1,-101.069755554199,19.7441662014635
2896,2896,2016,,2016/11/14,"01:00:00",SUBIDA AL CAMELLÓN,ASFALTO,Nublado,Regular,1,NISSAN,GRIS,1,,26,MASCULINO,CON CERTIFICADO,0,0,Morelia,Fuentes de Valladolid,noviembre,lunes,1,-101.221590042114,19.6727163300464
2897,2897,2016,,2016/11/14,"03:40:00",COLISIÓN CONTRA OBJETO FIJO,ASFALTO,Bueno,Bueno,1,JEEP,AZUL,1,,,,SIN DATOS,0,0,Morelia,Ciudad Industrial,noviembre,lunes,4,-101.136290431023,19.7295434943382
2898,2898,2016,,2016/11/14,10:45:00,COLISIÓN POR ALCANCE,ASFALTO,Bueno,Bueno,2,KAWASAKI,BLANCO,2,,21,MASCULINO,SIN DATOS,0,0,Morelia,3 de Agosto,noviembre,lunes,11,-101.17185652256,19.7308816084782
2899,2899,2016,,2016/11/14,11:00:00,COLISIÓN POR CORTE DE CIRCULACIÓN,ASFALTO,Bueno,Bueno,2,HONDA,GRIS Y AZUL,2,,40,FEMENINO,SIN DATOS,0,0,Morelia,Popular Pogreso,noviembre,lunes,11,-101.200100183487,19.7205753156322
2900,2900,2016,,2016/11/14,12:00:00,COLISIÓN CON PEATÓN,ASFALTO,Bueno,Bueno,1,SIN DATOS,SIN DATOS,1,,,,,1,0,Morelia,Prados Verdes,noviembre,lunes,12,-101.197321414948,19.7158385406892
2901,2901,2016,,2016/11/14,12:55:00,COLISIÓN POR CORTE DE CIRCULACIÓN,ASFALTO,Bueno,Bueno,2,DATSUN,MORADO,2,MINISTERIO PÚBLICO,56,MASCULINO,SIN DATOS,0,0,Morelia,Primo Tapia Oriente,noviembre,lunes,13,-101.158558130264,19.7135559508426
2902,2902,2016,,2016/11/14,13:30:00,COLISIÓN POR CORTE DE CIRCULACIÓN,CONCRETO,Bueno,Bueno,2,CHEVROLET,BLANCO,2,,43,MASCULINO,SIN DATOS,0,0,Morelia,Centro,noviembre,lunes,14,-101.186538934708,19.7046878811268
2903,2903,2016,,2016/11/14,14:00:00,COLISIÓN POR CORTE DE CIRCULACIÓN,ASFALTO,Bueno,Bueno,2,FORD,VERDE,2,,26,MASCULINO,SIN DATOS,0,0,Morelia,Centro,noviembre,lunes,14,-101.191527843475,19.7029859231329
2904,2904,2016,,2016/11/14,14:50:00,COLISIÓN CON PEATÓN,CONCRETO,Bueno,Bueno,1,ITALIKA,ROJO,2,MINISTERIO PÚBLICO,16,MASCULINO,SIN DATOS,1,0,Morelia,Virrey Antonio de Mendoza,noviembre,lunes,15,-101.162227392197,19.7066675839657
2905,2905,2016,,2016/11/14,16:00:00,COLISIÓN POR ALCANCE,ASFALTO,Bueno,Bueno,2,CHEVROLET,ROJO,2,,32,MASCULINO,SIN DATOS,0,0,Morelia,Independencia,noviembre,lunes,16,-101.177923679352,19.7194441582534
2906,2906,2016,,2016/11/14,18:30:00,COLISIÓN POR CORTE DE CIRCULACIÓN,ASFALTO,Bueno,Bueno,2,CHEVROLET,NEGRO,2,,21,FEMENINO,SIN DATOS,0,0,Morelia,Centro,noviembre,lunes,19,-101.178213357925,19.6990516542033
2907,2907,2016,,2016/11/14,18:40:00,COLISIÓN CON PEATÓN,CONCRETO,Bueno,Bueno,1,HONDA,ROJO,2,,27,MASCULINO,SIN DATOS,1,0,Morelia,Guadalupe,noviembre,lunes,19,-101.221622228622,19.7099704010017
2908,2908,2016,,2016/11/14,19:05:00,COLISIÓN POR CORTE DE CIRCULACIÓN,ASFALTO,Bueno,Bueno,2,V.W.,BLANCO,2,,41,FEMENINO,SIN DATOS,0,0,Morelia,Josefa Ortiz de Dominguez,noviembre,lunes,19,-101.209831237793,19.6721303779321
2909,2909,2016,,2016/11/14,20:30:00,COLISIÓN CON PEATÓN,ASFALTO,Bueno,Bueno,1,SIN DATOS,SIN DATOS,1,,,,,1,0,Morelia,Americas Britania,noviembre,lunes,21,-101.150028705597,19.692011142087
2910,2910,2016,,2016/11/14,21:20:00,COLISIÓN CONTRA OBJETO FIJO,SIN_DATOS,Bueno,Bueno,2,DATSUN,VERDE,2,,35,MASCULINO,SIN DATOS,0,0,Morelia,Prados Verdes,noviembre,lunes,21,-101.196970045567,19.7178774415646
2911,2911,2016,,2016/11/14,21:30:00,COLISIÓN POR CORTE DE CIRCULACIÓN,ASFALTO,Bueno,Bueno,2,DODGE,PLATA,2,,43,FEMENINO,SIN DATOS,0,0,Morelia,Lomas del Valle,noviembre,lunes,22,-101.230650544167,19.6878341639489
2912,2912,2016,,2016/11/14,21:30:00,SUBIDA AL CAMELLÓN,ASFALTO,Bueno,Bueno,1,NISSAN,BLANCO,1,,35,MASCULINO,SIN DATOS,0,0,Morelia,San Jose Itzicuaro,noviembre,lunes,22,-101.304502487183,19.687869519723
2913,2913,2016,,2016/11/14,22:00:00,COLISIÓN POR ALCANCE,ASFALTO,Bueno,Bueno,3,V.W.,BLANCO,3,,28,FEMENINO,SIN DATOS,0,0,Morelia,Tinijaro,noviembre,lunes,22,-101.264537572861,19.6962688202147
2914,2914,2016,,2016/11/14,22:00:00,COLISIÓN POR ALCANCE,ASFALTO,Bueno,Regular,2,INTERNATIONAL,BLANCO,2,,38,MASCULINO,SIN DATOS,0,0,Morelia,Primo Tapia Oriente,noviembre,lunes,22,-101.158740520477,19.7135711008826
2915,2915,2016,,2016/11/14,22:30:00,COLISIÓN POR CORTE DE CIRCULACIÓN,SIN_DATOS,Bueno,Bueno,2,NISSAN,BLANCO Y GRIS,2,,22,MASCULINO,SIN DATOS,0,0,Morelia,Arcos del Valle,noviembre,lunes,23,-101.2361946702,19.7075942986871
2916,2916,2016,,2016/11/15,"07:10:00",COLISIÓN POR ALCANCE,ASFALTO,Bueno,Bueno,2,NISSAN,BLANCO,2,,52,MASCULINO,SIN DATOS,0,0,Morelia,Jardines de Torremolinos,noviembre,martes,7,-101.225774288177,19.6768987536018
2917,2917,2016,,2016/11/15,"07:15:00",COLISIÓN CON PEATÓN,ASFALTO,Bueno,Bueno,1,SIN DATOS,SIN DATOS,2,,,,SIN DATOS,1,0,Morelia,Virrey Antonio de Mendoza,noviembre,martes,7,-101.162313222885,19.7065842551309
2918,2918,2016,,2016/11/15,"08:00:00",SUBIDA AL CAMELLÓN,ASFALTO,Bueno,Malo,1,CHEVROLET,NARANJA,1,,35,MASCULINO,SIN DATOS,0,0,Morelia,San Jose Itzicuaro,noviembre,martes,8,-101.304202079773,19.6879301296032
2919,2919,2016,,2016/11/15,"08:40:00",CAIDA DE MOTOCICLETA,ASFALTO,Bueno,Bueno,1,KAWASAKI,AZUL,2,,36,MASCULINO,SIN DATOS,1,0,Morelia,El Lago 3,noviembre,martes,9,-101.217930167913,19.7270824711946
2920,2920,2016,,2016/11/15,"09:30:00",COLISIÓN POR ALCANCE,ASFALTO,Bueno,Bueno,2,CHEVROLET,PLATA,2,,43,FEMENINO,SIN DATOS,0,0,Morelia,Campestre Los Manantiales,noviembre,martes,10,-101.238691806793,19.6889301893138
2921,2921,2016,,2016/11/15,10:20:00,COLISIÓN POR CORTE DE CIRCULACIÓN,ASFALTO,Bueno,Bueno,2,FORD,GRIS,2,,39,MASCULINO,SIN DATOS,0,0,Morelia,Chapultepec Norte,noviembre,martes,10,-101.164542138577,19.6959304323829
2922,2922,2016,,2016/11/15,11:40:00,COLISIÓN POR CORTE DE CIRCULACIÓN,CONCRETO,Bueno,Bueno,2,HONDA,BLANCO,2,,18,MASCULINO,SIN DATOS,0,0,Morelia,Nueva Valladolid,noviembre,martes,12,-101.213425397873,19.7006980994409
2923,2923,2016,,2016/11/15,12:20:00,COLISIÓN POR ALCANCE,CONCRETO,Bueno,Bueno,2,FORD,ROJO,2,,24,MASCULINO,SIN DATOS,0,0,Morelia,Alfonso Garcia Robles,noviembre,martes,12,-101.18266582489,19.718964423912
2924,2924,2016,,2016/11/15,14:45:00,COLISIÓN POR CORTE DE CIRCULACIÓN,ASFALTO,Bueno,Bueno,2,ITALIKA,AZUL,2,,18,MASCULINO,SIN DATOS,0,0,Morelia,San Rafael,noviembre,martes,15,-101.153891086578,19.6997890213428
2925,2925,2016,,2016/11/15,14:50:00,COLISIÓN POR ALCANCE,ASFALTO,Bueno,Bueno,2,NISSAN,ROJO,2,,26,MASCULINO,SIN DATOS,0,0,Morelia,Diego Rivera,noviembre,martes,15,-101.174855232239,19.717262617847
2926,2926,2016,,2016/11/15,15:10:00,VOLCADURA,ASFALTO,Bueno,Bueno,1,NISSAN,BLANCO,1,,43,MASCULINO,SIN DATOS,0,0,Morelia,Sin datos,noviembre,martes,15,-101.109961867332,19.7318107075521
2927,2927,2016,,2016/11/15,16:00:00,COLISIÓN POR CORTE DE CIRCULACIÓN,ASFALTO,Bueno,Bueno,2,MC1,GRIS,2,,28,MASCULINO,SIN DATOS,0,0,Morelia,Nicolaitas Ilustres,noviembre,martes,16,-101.228177547455,19.7194239589417
2928,2928,2016,,2016/11/15,16:30:00,COLISIÓN POR CORTE DE CIRCULACIÓN,ASFALTO,Bueno,Bueno,1,V.W.,NEGRO,1,,72,FEMENINO,SIN DATOS,0,0,Morelia,Lomas de Huerta,noviembre,martes,17,-101.211977005005,19.6731406388607
2929,2929,2016,,2016/11/15,17:20:00,COLISIÓN POR ALCANCE,ASFALTO,Bueno,Bueno,2,NISSAN,BLANCO,2,,34,MASCULINO,SIN DATOS,0,0,Morelia,El Lago 1,noviembre,martes,17,-101.216719150543,19.7271197118888
2930,2930,2016,,2016/11/15,18:40:00,COLISIÓN POR CORTE DE CIRCULACIÓN,ASFALTO,Bueno,Bueno,2,CHEVROLET,CHAMPANGE,2,,66,FEMENINO,SIN DATOS,0,0,Morelia,Josefa Ortiz de Dominguez,noviembre,martes,19,-101.209723949432,19.6722617122129
2931,2931,2016,,2016/11/15,20:15:00,COLISIÓN POR CORTE DE CIRCULACIÓN,CONCRETO,Bueno,Bueno,2,INTERNATIONAL,SIN DATOS,2,,29,MASCULINO,SIN DATOS,0,0,Morelia,Centro,noviembre,martes,20,-101.179811954498,19.7041727503509
2932,2932,2016,,2016/11/15,20:25:00,COLISIÓN POR CORTE DE CIRCULACIÓN,ASFALTO,Bueno,Bueno,2,FORD,BLANCO,2,,23,FEMENINO,SIN DATOS,0,0,Morelia,Santa Maria,noviembre,martes,20,-101.200159192085,19.6802122870246
2933,2933,2016,,2016/11/15,20:30:00,COLISIÓN CONTRA OBJETO FIJO,CONCRETO,Bueno,Bueno,2,Chevrolet,Rojo,1,,45,MASCULINO,CON CERTIFICADO,0,0,Apatzingán,Francisco Villa,noviembre,martes,21,-102.357859611511,19.0908130732055
2934,2934,2016,,2016/11/15,21:05:00,SUBIDA AL CAMELLÓN,ASFALTO,Bueno,Bueno,1,V.W.,AZUL,1,,50,MASCULINO,CON CERTIFICADO,0,0,Morelia,Infonavit Benito Juarez,noviembre,martes,21,-101.197766661644,19.6839853887296
2935,2935,2016,,2016/11/15,22:10:00,COLISIÓN POR CORTE DE CIRCULACIÓN,ASFALTO,Bueno,Bueno,2,MAZDA,ROJO,2,,,MASCULINO,CON CERTIFICADO,0,0,Morelia,Villa Universidad,noviembre,martes,22,-101.208393573761,19.6870815891931
2936,2936,2016,,2016/11/16,"03:00:00",CAIDA DE MOTOCICLETA,CONCRETO,Bueno,Bueno,1,HONDA,GRIS,2,MINISTERIO PÚBLICO,,MASCULINO,SIN DATOS,0,1,Morelia,Agustin Arriaga Rivera,noviembre,miércoles,3,-101.224615573883,19.6912232319381
2937,2937,2016,,2016/11/16,"04:25:00",VOLCADURA,ASFALTO,Bueno,Bueno,1,DODGE,ROJO,1,,,,SIN DATOS,0,0,Morelia,Ana Maria Gallaga (Riviera Norte),noviembre,miércoles,4,-101.22187435627,19.6769492652964
2938,2938,2016,,2016/11/16,"06:10:00",COLISIÓN CONTRA OBJETO FIJO,ASFALTO,Bueno,Bueno,1,CHEVROLET,AZUL,1,,20,MASCULINO,SIN DATOS,0,0,Morelia,Lazaro Cardenas,noviembre,miércoles,6,-101.164759397507,19.7092532813868
2939,2939,2016,,2016/11/16,"07:30:00",COLISIÓN POR CORTE DE CIRCULACIÓN,SIN_DATOS,Bueno,Bueno,2,FORD,BLANCO,2,,25,MASCULINO,SIN DATOS,0,0,Morelia,Nueva Esperanza,noviembre,miércoles,8,-101.250604838133,19.6881346877794
2940,2940,2016,,2016/11/16,"07:51:00",SUBIDA AL CAMELLÓN,CONCRETO,Bueno,Bueno,1,NISSAN,ROJO,1,,51,FEMENINO,SIN DATOS,0,0,Morelia,Sin datos,noviembre,miércoles,8,-101.167736649513,19.6557481083325
2941,2941,2016,,2016/11/16,10:00:00,COLISIÓN POR CORTE DE CIRCULACIÓN,ASFALTO,Bueno,Bueno,2,Nissan,Blanco/Rojo,3,MINISTERIO PÚBLICO,54,MASCULINO,SIN DATOS,1,0,Buenavista,Sin datos,noviembre,miércoles,10,-102.538146972656,19.1082711052168
2942,2942,2016,,2016/11/16,11:00:00,COLISIÓN POR CORTE DE CIRCULACIÓN,ASFALTO,Nublado,Regular,2,NISSAN,BLANCO Y ROJO,2,,55,MASCULINO,SIN DATOS,0,0,Morelia,Jardines de Guadalupe,noviembre,miércoles,11,-101.227190494537,19.7127782468597
2943,2943,2016,,2016/11/16,11:55:00,COLISIÓN POR ALCANCE,ASFALTO,Bueno,Bueno,2,NISSAN,BLANCO Y ROJO,2,,25,MASCULINO,SIN DATOS,0,0,Morelia,Vicente Guerrero,noviembre,miércoles,12,-101.228648275137,19.702310437753
2944,2944,2016,,2016/11/16,13:00:00,COLISIÓN CONTRA OBJETO FIJO,SIN_DATOS,Bueno,Bueno,1,NISSAN,COBRE,1,,38,MASCULINO,SIN DATOS,0,0,Morelia,Sin datos,noviembre,miércoles,13,-101.099109649658,19.7304978485881
2945,2945,2016,,2016/11/16,15:10:00,COLISIÓN POR CORTE DE CIRCULACIÓN,ASFALTO,Bueno,Bueno,2,SIN DATOS,SIN DATOS,1,,24,MASCULINO,SIN DATOS,0,0,Morelia,Elias Perez Avalos,noviembre,miércoles,15,-101.165306568146,19.7105966155004
2946,2946,2016,,2016/11/16,15:30:00,COLISIÓN POR CORTE DE CIRCULACIÓN,ASFALTO,Bueno,Bueno,2,NISSAN,BLANCO Y CAFE,2,,35,MASCULINO,SIN DATOS,0,0,Morelia,Centro,noviembre,miércoles,16,-101.182188391685,19.7006122422858
2947,2947,2016,,2016/11/16,15:30:00,COLISIÓN POR CORTE DE CIRCULACIÓN,ASFALTO,Bueno,Bueno,2,FREIGHTLINER,BLANCO Y AZUL,2,,32,MASCULINO,SIN DATOS,0,0,Morelia,Lomas de Huerta,noviembre,miércoles,16,-101.212856769562,19.6735346388967
2948,2948,2016,,2016/11/16,15:50:00,COLISIÓN POR ALCANCE,CONCRETO,Nublado,Bueno,2,TOYOTA,NEGRO,2,,32,MASCULINO,SIN DATOS,0,0,Morelia,Alberto Oviedo Mota,noviembre,miércoles,16,-101.195948123932,19.6825357604358
2949,2949,2016,,2016/11/16,16:10:00,COLISIÓN POR CORTE DE CIRCULACIÓN,ASFALTO,Nublado,Bueno,2,FORD,BLANCO,2,,29,MASCULINO,SIN DATOS,0,0,Morelia,Diego Rivera,noviembre,miércoles,16,-101.175960302353,19.7182725939583
2950,2950,2016,,2016/11/16,16:30:00,COLISIÓN POR CORTE DE CIRCULACIÓN,CONCRETO,Bueno,Bueno,2,V.W.,GRIS,2,,35,FEMENINO,SIN DATOS,0,0,Morelia,Ventura Puente,noviembre,miércoles,17,-101.192729473114,19.6937081661597
2951,2951,2016,,2016/11/16,17:20:00,COLISIÓN POR ALCANCE,CONCRETO,Bueno,Bueno,2,HONDA,GRIS,2,,40,MASCULINO,SIN DATOS,0,0,Morelia,Industrial,noviembre,miércoles,17,-101.197938323021,19.7075917735862
2952,2952,2016,,2016/11/16,18:00:00,COLISIÓN POR CORTE DE CIRCULACIÓN,ASFALTO,Bueno,Bueno,2,SIN DATOS,SIN DATOSS,2,,38,MASCULINO,SIN DATOS,0,0,Morelia,Irrigacion,noviembre,miércoles,18,-101.223092079163,19.7051512448929
2953,2953,2016,,2016/11/16,18:00:00,COLISIÓN POR CORTE DE CIRCULACIÓN,ASFALTO,Bueno,Bueno,2,NISSAN,BLANCO,2,,28,MASCULINO,SIN DATOS,0,0,Morelia,Molino de Parras,noviembre,miércoles,18,-101.200218200684,19.6955213356907
2954,2954,2016,,2016/11/16,22:00:00,COLISIÓN POR CORTE DE CIRCULACIÓN,CONCRETO,Nublado,Bueno,2,DODGE,GRIS,2,,35,MASCULINO,SIN DATOS,0,0,Morelia,Ferrocarrilero,noviembre,miércoles,22,-101.218671798706,19.696342053308
2955,2955,2016,,2016/11/16,22:05:00,SALIDA DE SUPERFICIE DE RODAMIENTO,ASFALTO,Nublado,Bueno,1,NISSAN,BLANCO,1,,43,MASCULINO,SIN DATOS,0,0,Charo,La Goleta,noviembre,miércoles,22,-101.083359718323,19.737460927398
2956,2956,2016,,2016/11/16,22:40:00,COLISIÓN POR CORTE DE CIRCULACIÓN,ASFALTO,Bueno,Bueno,2,CHRYSLER,NEGRO,2,,22,MASCULINO,SIN DATOS,0,0,Morelia,Paseo de Las Lomas,noviembre,miércoles,23,-101.149631738663,19.6976728695456
2957,2957,2016,,2016/11/17,"00:00:00",COLISIÓN POR CORTE DE CIRCULACIÓN,ASFALTO,Bueno,Bueno,2,DODGE,GRIS,2,,20,FEMENINO,SIN DATOS,0,0,Morelia,Chapultepec Oriente,noviembre,jueves,0,-101.162285730243,19.6927030856221
2958,2958,2016,,2016/11/17,"00:45:00",SUBIDA AL CAMELLÓN,CONCRETO,Bueno,Bueno,1,FIAT,AZUL,1,,28,MASCULINO,SIN DATOS,0,0,Morelia,Club de Golf Tres Marias,noviembre,jueves,1,-101.108626127243,19.7081018431664
2959,2959,2016,,2016/11/17,"02:30:00",COLISIÓN CONTRA OBJETO FIJO,ASFALTO,Lluvioso,Malo,1,NISSAN,BLANCO,1,,23,MASCULINO,SIN DATOS,0,0,Morelia,Lomas de Huerta,noviembre,jueves,3,-101.210145056248,19.6723324306273
2960,2960,2016,,2016/11/17,"07:20:00",COLISIÓN POR CORTE DE CIRCULACIÓN,ASFALTO,Bueno,Bueno,1,VOLKSWAGEN,GRIS,1,,19,MASCULINO,CON CERTIFICADO,0,0,Morelia,Union Popular Solidaria,noviembre,jueves,7,-101.218897104263,19.7053545184921
2961,2961,2016,,2016/11/17,"08:00:00",COLISIÓN POR CORTE DE CIRCULACIÓN,CONCRETO,Bueno,Bueno,3,HONDA,AZUL,3,,27,MASCULINO,SIN DATOS,0,0,Morelia,Centro,noviembre,jueves,8,-101.200175285339,19.7046676799511
2962,2962,2016,,2016/11/17,12:20:00,COLISIÓN POR CORTE DE CIRCULACIÓN,ASFALTO,Nublado,Bueno,2,GENERAL MOTORS,BLANCO Y ROJO,2,,37,MASCULINO,SIN DATOS,0,0,Morelia,Camelinas,noviembre,jueves,12,-101.17323115468,19.6819119616447
2963,2963,2016,,2016/11/17,14:05:00,COLISIÓN CONTRA OBJETO FIJO,ASFALTO,Bueno,Bueno,2,NISSAN,BLANCO Y ROJO,2,,41,MASCULINO,CON CERTIFICADO,0,0,Morelia,Asociacion Zirahuen,noviembre,jueves,14,-101.250214576721,19.6988193323459
2964,2964,2016,,2016/11/17,14:40:00,COLISIÓN POR CORTE DE CIRCULACIÓN,ASFALTO,Bueno,Bueno,2,FORD,VERDE,2,,32,MASCULINO,SIN DATOS,0,0,Morelia,Diego Rivera,noviembre,jueves,15,-101.176443099976,19.7185048875613
2965,2965,2016,,2016/11/17,16:45:00,COLISIÓN POR CORTE DE CIRCULACIÓN,ASFALTO,Bueno,Bueno,2,Toyota,Guinda,2,MINISTERIO PÚBLICO,55,MASCULINO,CON CERTIFICADO,0,0,Apatzingán,Sin datos,noviembre,jueves,17,-102.50750541687,19.1019856148503
2966,2966,2016,,2016/11/17,17:20:00,COLISIÓN POR CORTE DE CIRCULACIÓN,ASFALTO,Bueno,Bueno,2,CHEVROLET,ROJO,2,,63,FEMENINO,SIN DATOS,0,0,Morelia,Campestre del Vergel,noviembre,jueves,17,-101.242015063763,19.677067967716
2967,2967,2016,,2016/11/17,18:10:00,COLISIÓN POR CORTE DE CIRCULACIÓN,ASFALTO,Bueno,Bueno,1,HONDA,BLANCO,1,MINISTERIO PÚBLICO,,,SIN DATOS,0,0,Morelia,San Jose Itzicuaro,noviembre,jueves,18,-101.301562786102,19.6878493164245
2968,2968,2016,,2016/11/17,18:20:00,COLISIÓN CONTRA OBJETO FIJO,ASFALTO,Bueno,Bueno,2,RENAULT,GRIS,2,,40,MASCULINO,SIN DATOS,0,0,Morelia,Melchor Ocampo,noviembre,jueves,18,-101.201454699039,19.7080942678875
2969,2969,2016,,2016/11/17,20:00:00,COLISIÓN POR CORTE DE CIRCULACIÓN,ASFALTO,Bueno,Bueno,2,SUZUKI,NEGRO,2,MINISTERIO PÚBLICO,25,MASCULINO,SIN DATOS,0,0,Morelia,Fovissste La Huerta,noviembre,jueves,20,-101.214627027512,19.6947991007064
2970,2970,2016,,2016/11/17,20:10:00,VOLCADURA,ASFALTO,Nublado,Bueno,1,FREIGHTLINER,BLANCO,1,,48,MASCULINO,SIN DATOS,0,0,Morelia,Diego Rivera,noviembre,jueves,20,-101.175853013992,19.718176646502
2971,2971,2016,,2016/11/17,20:20:00,COLISIÓN POR ALCANCE,ASFALTO,Bueno,Bueno,2,MAZDA,ROJO,2,,33,MASCULINO,SIN DATOS,0,0,Morelia,Chapultepec Norte,noviembre,jueves,20,-101.176121234894,19.6973647878336
2972,2972,2016,,2016/11/17,21:20:00,COLISIÓN POR CORTE DE CIRCULACIÓN,ASFALTO,Bueno,Bueno,2,VOLKSWAGEN,BEIGE,2,,,MASCULINO,SIN DATOS,0,0,Morelia,Villa Universidad,noviembre,jueves,21,-101.198533773422,19.6870714874945
2974,2974,2016,,2016/11/17,23:00:00,COLISIÓN POR ALCANCE,ASFALTO,Bueno,Bueno,2,NISSAN,BLANCO,2,,22,MASCULINO,SIN DATOS,0,0,Morelia,Centro,noviembre,jueves,23,-101.196044683456,19.7030616783247