fid,id_accidente,anio_origen,folio_c5i,dia_incidente,hora_ocurrencia,tipo_incidente_vial,superficie_ocurrencia,condiciones_climaticas,condiciones_via,numero_vehiculos_involucrados,marca_vehiculo_ocasiona_siniestro,color_vehiculo_ocasiona_siniestro,numero_personas_involucradas,lugar_remite_presunto_responsable,edad_presunto_responsable,sexo_presunto_responsable,resultados_toxicologia,numero_personas_lesionadas,numero_personas_fallecidas,municipio,colonia,mes,dia_semana,hora_redondeada,lon,lat
2975,2975,2016,,2016/11/18,"08:20:00",COLISIÓN POR CORTE DE CIRCULACIÓN,CONCRETO,Bueno,Bueno,2,VOLKSWAGEN,BLANCO,2,,33,FEMENINO,SIN DATOS,0,0,Morelia,El Porvenir,noviembre,viernes,8,-101.204981803894,19.7086018107803
2976,2976,2016,,2016/11/18,"08:30:00",COLISIÓN POR ALCANCE,ASFALTO,Bueno,Bueno,2,NISSAN,BLANCO,2,,72,MASCULINO,SIN DATOS,0,0,Morelia,Enrique Arreguin Robles,noviembre,viernes,9,-101.188116073608,19.7214842755824
2977,2977,2016,,2016/11/18,"09:10:00",COLISIÓN CONTRA OBJETO FIJO,ASFALTO,Bueno,Bueno,1,CHEVROLET,BLANCO,1,,,MASCULINO,SIN DATOS,0,0,Morelia,Central de Abastos,noviembre,viernes,9,-101.171699613333,19.7160152885437
2978,2978,2016,,2016/11/18,"09:20:00",COLISIÓN POR CORTE DE CIRCULACIÓN,ASFALTO,Bueno,Bueno,2,KENWORTH,BLANCO,3,MINISTERIO PÚBLICO,31,MASCULINO,SIN DATOS,1,0,Morelia,Centro,noviembre,viernes,9,-101.182579994202,19.7045363722472
2979,2979,2016,,2016/11/18,"09:30:00",COLISIÓN POR CORTE DE CIRCULACIÓN,ASFALTO,Bueno,Bueno,2,HONDA,PLATA,2,,31,MASCULINO,SIN DATOS,0,0,Morelia,Jose Ma Pino Suarez,noviembre,viernes,10,-101.16281747818,19.7232314840793
2980,2980,2016,,2016/11/18,"09:40:00",COLISIÓN POR CORTE DE CIRCULACIÓN,ASFALTO,Bueno,Bueno,2,V.W.,GRIS,2,,12,MASCULINO,SIN DATOS,0,0,Morelia,Arcos del Valle,noviembre,viernes,10,-101.236245632172,19.7077887313396
2981,2981,2016,,2016/11/18,"09:50:00",COLISIÓN CONTRA OBJETO FIJO,ASFALTO,Bueno,Malo,1,FORD,BLANCO,1,,30,MASCULINO,CON CERTIFICADO,0,0,Morelia,Balcones de Santa Maria,noviembre,viernes,10,-101.18631362915,19.675676365737
2982,2982,2016,,2016/11/18,12:30:00,COLISIÓN POR CORTE DE CIRCULACIÓN,ASFALTO,Bueno,Bueno,2,NISSAN,BLANCO/VERDE,2,,32,MASCULINO,SIN DATOS,0,0,Morelia,Pascual Ortiz de Ayala,noviembre,viernes,13,-101.150870919228,19.6948849609801
2983,2983,2016,,2016/11/18,13:00:00,COLISIÓN POR CORTE DE CIRCULACIÓN,CONCRETO,Bueno,Bueno,2,VOLKSWAGEN,AZUL,2,,21,MASCULINO,SIN DATOS,0,0,Morelia,Vasco de Quiroga,noviembre,viernes,13,-101.172228008509,19.6974367577948
2984,2984,2016,,2016/11/18,13:10:00,COLISIÓN POR CORTE DE CIRCULACIÓN,ASFALTO,Bueno,Bueno,2,TOYOTA,BLANCO Y MORADO,2,,26,MASCULINO,SIN DATOS,0,0,Morelia,Isaac Arriaga,noviembre,viernes,13,-101.171405911446,19.7077634803591
2985,2985,2016,,2016/11/18,13:20:00,COLISIÓN CON PEATÓN,CONCRETO,Bueno,Bueno,1,ITALIKA,NEGRO,2,,16,MASCULINO,SIN DATOS,1,0,Morelia,Centro,noviembre,viernes,13,-101.201854348183,19.702823049349
2986,2986,2016,,2016/11/18,14:20:00,COLISIÓN POR ALCANCE,ASFALTO,Bueno,Regular,3,CHEVROLET,BLANCO,3,,75,FEMENINO,SIN DATOS,0,0,Morelia,Gustavo Diaz Ordaz,noviembre,viernes,14,-101.203640699387,19.6911727247451
2988,2988,2016,,2016/11/18,17:15:00,COLISIÓN CON PEATÓN,ASFALTO,Bueno,Bueno,1,NISSAN,BLANCO/ROJO,1,,74,MASCULINO,SIN DATOS,0,0,Morelia,Nueva Chapultepec,noviembre,viernes,17,-101.173182874918,19.6895476473042
2989,2989,2016,,2016/11/18,18:00:00,SALIDA DE SUPERFICIE DE RODAMIENTO,ASFALTO,Bueno,Bueno,1,HONDA,GRIS,0,MINISTERIO PÚBLICO,,,,0,0,Lázaro Cárdenas,Sin datos,noviembre,viernes,18,-102.24808216095,18.0048150441096
2990,2990,2016,,2016/11/18,19:25:00,COLISIÓN POR CORTE DE CIRCULACIÓN,CONCRETO,Bueno,Bueno,2,CHEVROLET,BLANCO,2,,41,MASCULINO,SIN DATOS,0,0,Morelia,Nueva Chapultepec,noviembre,viernes,19,-101.173160076141,19.6862936547862
2991,2991,2016,,2016/11/18,19:30:00,COLISIÓN CONTRA OBJETO FIJO,CONCRETO,Bueno,Bueno,1,VOLKSWAGEN,VERDE,0,,,,,0,0,Morelia,Villas del Pedregal,noviembre,viernes,20,-101.308944225311,19.6748075554695
2992,2992,2016,,2016/11/18,19:40:00,COLISIÓN POR CORTE DE CIRCULACIÓN,ASFALTO,Bueno,Bueno,2,Nissan,Verde,4,,40,FEMENINO,SIN DATOS,2,0,Apatzingán,Centro,noviembre,viernes,20,-102.351830005646,19.0874773860018
2993,2993,2016,,2016/11/18,21:10:00,COLISIÓN POR ALCANCE,CONCRETO,Bueno,Bueno,1,V.W.,ROJO,1,,25,MASCULINO,SIN DATOS,0,0,Morelia,Sin datos,noviembre,viernes,21,-101.1239361763,19.7178686042794
2994,2994,2016,,2016/11/18,21:20:00,COLISIÓN POR CORTE DE CIRCULACIÓN,ASFALTO,Bueno,Bueno,2,FREIGHTLINER,AMARILLO,2,,58,MASCULINO,SIN DATOS,0,0,Morelia,Francisco J Mujica,noviembre,viernes,21,-101.187772750854,19.7224538271649
2995,2995,2016,,2016/11/18,21:30:00,COLISIÓN POR CORTE DE CIRCULACIÓN,ASFALTO,Bueno,Regular,2,CHEVROLET,VINO,2,,22,MASCULINO,SIN DATOS,0,0,Morelia,Nueva Chapultepec,noviembre,viernes,22,-101.167387962341,19.6857077523294
2996,2996,2016,,2016/11/18,21:30:00,COLISIÓN POR ALCANCE,ASFALTO,Bueno,Bueno,2,V.W,NEGRO,2,,32,MASCULINO,SIN DATOS,0,0,Morelia,Jardines del Toreo,noviembre,viernes,22,-101.214208602905,19.6881321623714
2997,2997,2016,,2016/11/19,"00:30:00",COLISIÓN POR CORTE DE CIRCULACIÓN,ASFALTO,Bueno,Bueno,3,FORD,BLANCO,3,,26,FEMENINO,SIN DATOS,0,0,Morelia,El Lago 2,noviembre,sábado,1,-101.215547025204,19.7268445092655
2998,2998,2016,,2016/11/19,"02:30:00",COLISIÓN CONTRA OBJETO FIJO,CONCRETO,Bueno,Bueno,2,PONTIAC,ROJO,2,,55,MASCULINO,SIN DATOS,0,0,Morelia,Torrecillas,noviembre,sábado,3,-101.184639930725,19.6700189120277
2999,2999,2016,,2016/11/19,"03:40:00",COLISIÓN POR CORTE DE CIRCULACIÓN,CONCRETO,Bueno,Regular,2,V.W.,GRIS,0,MINISTERIO PÚBLICO,,,,0,0,Morelia,Vasco de Quiroga,noviembre,sábado,4,-101.168863177299,19.7050414012877
3000,3000,2016,,2016/11/19,"04:00:00",COLISIÓN POR CORTE DE CIRCULACIÓN,CONCRETO,Bueno,Bueno,2,VOLKSWAGEN,AZUL,2,,42,MASCULINO,SIN DATOS,0,0,Morelia,Industrial,noviembre,sábado,4,-101.197986602783,19.7073948155902
3001,3001,2016,,2016/11/19,"07:05:00",COLISIÓN POR CORTE DE CIRCULACIÓN,ASFALTO,Bueno,Bueno,2,NISSAN,VERDE,1,,70,MASCULINO,SIN DATOS,0,0,Morelia,San Pascual,noviembre,sábado,7,-101.268560886383,19.694890011583
3002,3002,2016,,2016/11/19,"07:40:00",COLISIÓN POR CORTE DE CIRCULACIÓN,SIN_DATOS,Bueno,Bueno,1,YAMAHA,NEGRO,1,,24,MASCULINO,SIN DATOS,0,0,Morelia,Bosques de Oriente,noviembre,sábado,8,-101.156616210938,19.7153436456573
3003,3003,2016,,2016/11/19,10:40:00,COLISIÓN POR CORTE DE CIRCULACIÓN,ASFALTO,Bueno,Bueno,1,BMW,BLANCO,1,,,,SIN DATOS,0,0,Morelia,Fray Antonio de San Miguel Iglesias,noviembre,sábado,11,-101.146702766418,19.6860916196984
3005,3005,2016,,2016/11/19,11:50:00,COLISIÓN POR CORTE DE CIRCULACIÓN,CONCRETO,Bueno,Bueno,2,NISSAN,BLANCO,2,,,MASCULINO,SIN DATOS,0,0,Morelia,Ventura Puente,noviembre,sábado,12,-101.183896958828,19.6927030856221
3006,3006,2016,,2016/11/19,12:15:00,COLISIÓN POR ALCANCE,ASFALTO,Bueno,Bueno,3,MITSUBISHI,PLATA,3,,25,MASCULINO,SIN DATOS,0,0,Morelia,La Esperanza,noviembre,sábado,12,-101.152732372284,19.6986526664578
3007,3007,2016,,2016/11/19,12:20:00,COLISIÓN POR CORTE DE CIRCULACIÓN,CONCRETO,Bueno,Bueno,2,FREIGHTLINER,AZUL,2,,47,MASCULINO,SIN DATOS,0,0,Morelia,Felix Arreguin,noviembre,sábado,12,-101.224256157875,19.7201763815775
3008,3008,2016,,2016/11/19,15:10:00,COLISIÓN POR ALCANCE,ASFALTO,Bueno,Bueno,2,DINA,BLANCO,2,,25,MASCULINO,SIN DATOS,0,0,Morelia,Libertad,noviembre,sábado,15,-101.23744726181,19.6861825355195
3009,3009,2016,,2016/11/19,15:10:00,COLISIÓN POR CORTE DE CIRCULACIÓN,ASFALTO,Bueno,Bueno,2,KENWORTH,BLANCO Y MORADO,2,,36,MASCULINO,SIN DATOS,0,0,Morelia,Pascual Ortiz de Ayala,noviembre,sábado,15,-101.149513721466,19.6949001127883
3010,3010,2016,,2016/11/19,16:20:00,COLISIÓN POR CORTE DE CIRCULACIÓN,CONCRETO,Bueno,Bueno,2,NISSAN,BLANCO Y ROSA,2,,,MASCULINO,SIN DATOS,0,0,Morelia,Industrial,noviembre,sábado,16,-101.197514533997,19.7123136426756
3011,3011,2016,,2016/11/19,16:45:00,COLISIÓN POR CORTE DE CIRCULACIÓN,ASFALTO,Bueno,Bueno,2,V.W.,BLANCO Y AMARILLO,2,MINISTERIO PÚBLICO,42,MASCULINO,SIN DATOS,0,0,Morelia,Tinijaro,noviembre,sábado,17,-101.264569759369,19.6963142752421
3012,3012,2016,,2016/11/19,22:00:00,COLISIÓN POR CORTE DE CIRCULACIÓN,ASFALTO,Bueno,Bueno,2,VOLKSWAGEN,ROJO,2,,37,MASCULINO,SIN DATOS,0,0,Morelia,Isaac Arriaga,noviembre,sábado,22,-101.175203919411,19.706107007332
3013,3013,2016,,2016/11/19,22:30:00,SUBIDA AL CAMELLÓN,ASFALTO,Bueno,Bueno,1,V.W.,VERDE,1,,21,MASCULINO,CON CERTIFICADO,0,0,Morelia,Santiaguito,noviembre,sábado,23,-101.192316412926,19.7172676677434
3014,3014,2016,,2016/11/19,23:15:00,COLISIÓN POR CORTE DE CIRCULACIÓN,CONCRETO,Bueno,Bueno,2,FORD,VERDE,3,MINISTERIO PÚBLICO,25,MASCULINO,SIN DATOS,2,0,Morelia,Eduardo Ruiz,noviembre,sábado,23,-101.21542096138,19.717792856101
3015,3015,2016,,2016/11/19,23:40:00,COLISIÓN POR ALCANCE,ASFALTO,Bueno,Bueno,2,GMC,BLANCO,2,,30,MASCULINO,SIN DATOS,0,0,Morelia,Francisco J Mujica,noviembre,sábado,0,-101.18560552597,19.7240798327612
3016,3016,2016,,2016/11/20,"00:30:00",COLISIÓN CONTRA OBJETO FIJO,ASFALTO,Bueno,Bueno,1,MAZDA,BLANCO,1,,42,MASCULINO,SIN DATOS,0,0,Morelia,Sin datos,noviembre,domingo,1,-101.165521144867,19.6577637785107
3017,3017,2016,,2016/11/20,"02:55:00",COLISIÓN POR CORTE DE CIRCULACIÓN,ASFALTO,Bueno,Bueno,2,STERLING,BLANCO,2,,55,MASCULINO,SIN DATOS,0,0,Morelia,Centro,noviembre,domingo,3,-101.195175647736,19.7020516061508
3018,3018,2016,,2016/11/20,"03:00:00",COLISIÓN POR CORTE DE CIRCULACIÓN,ASFALTO,Bueno,Bueno,2,VOLKSWAGEN,PLATA,2,,35,MASCULINO,SIN DATOS,0,0,Morelia,Comision Federal de Electricidad,noviembre,domingo,3,-101.180455684662,19.6817073955203
3019,3019,2016,,2016/11/20,"04:05:00",COLISIÓN POR CORTE DE CIRCULACIÓN,ASFALTO,Bueno,Bueno,2,FORD,ROJO,2,,,MASCULINO,SIN DATOS,0,0,Morelia,Ejidal Tres Puentes,noviembre,domingo,4,-101.234840154648,19.6908999856271
3020,3020,2016,,2016/11/20,"05:00:00",COLISIÓN POR CORTE DE CIRCULACIÓN,ASFALTO,Bueno,Bueno,2,CHEVROLET,BLANCO,2,MINISTERIO PÚBLICO,0,MASCULINO,SIN DATOS,1,0,Lázaro Cárdenas,Centro,noviembre,domingo,5,-102.195070981979,17.9577912776009
3021,3021,2016,,2016/11/20,"05:00:00",COLISIÓN POR ALCANCE,ASFALTO,Bueno,Bueno,2,MAZDA,NEGRO,2,,,MASCULINO,CON CERTIFICADO,0,0,Morelia,Lindavista,noviembre,domingo,5,-101.216268539429,19.7040313416124
3022,3022,2016,,2016/11/20,"05:10:00",COLISIÓN POR ALCANCE,ASFALTO,Bueno,Regular,2,HONDA,GRIS,2,,28,MASCULINO,SIN DATOS,0,0,Morelia,La Esperanza,noviembre,domingo,5,-101.153944730759,19.6994657923301
3023,3023,2016,,2016/11/20,"05:40:00",VOLCADURA,ASFALTO,Bueno,Bueno,1,TOYOTA,BLANCO,1,,,,SIN DATOS,0,0,Morelia,La Luz,noviembre,domingo,6,-101.299824714661,19.6875058599602
3024,3024,2016,,2016/11/20,"05:40:00",COLISIÓN CONTRA OBJETO FIJO,CONCRETO,Bueno,Bueno,2,FORD,BLANCO,2,,,,SIN DATOS,0,0,Morelia,Ignacio Lopez Rayon,noviembre,domingo,6,-101.250600814819,19.6899302427783
3025,3025,2016,,2016/11/20,"06:25:00",COLISIÓN POR CORTE DE CIRCULACIÓN,CONCRETO,Bueno,Bueno,1,VOLKSWAGEN,BLANCO Y ROSA,1,,35,MASCULINO,SIN DATOS,0,0,Morelia,Tanganxoan (Guadalupe Victoria),noviembre,domingo,6,-101.285869181156,19.6910414059685
3026,3026,2016,,2016/11/20,"07:45:00",COLISIÓN POR CORTE DE CIRCULACIÓN,ASFALTO,Nublado,Regular,2,FORD FOCUS,PLATA,3,,49,FEMENINO,SIN DATOS,1,0,Paracho,Sin datos,noviembre,domingo,8,-102.023420333862,19.6734639210129
3027,3027,2016,,2016/11/20,"09:05:00",CAIDA DE MOTOCICLETA,ASFALTO,Bueno,Bueno,1,Vento,Rojo/Negro,2,MINISTERIO PÚBLICO,18,MASCULINO,SIN DATOS,1,0,Apatzingán,Lazaro Cardenas,noviembre,domingo,9,-102.349544763565,19.0981736527477
3028,3028,2016,,2016/11/20,10:30:00,COLISIÓN POR ALCANCE,CONCRETO,Bueno,Bueno,2,ITALIKA,BLANCO Y NEGRO,3,,22,MASCULINO,SIN DATOS,1,0,Morelia,Ilustres Novohispanos,noviembre,domingo,11,-101.152131557465,19.7103087591402
3029,3029,2016,,2016/11/20,11:45:00,COLISIÓN POR ALCANCE,ASFALTO,Bueno,Regular,2,NISSAN,AZUL,2,,35,MASCULINO,SIN DATOS,0,0,Morelia,Los Manantiales de Morelia,noviembre,domingo,12,-101.241218447685,19.6947132403866
3030,3030,2016,,2016/11/20,11:50:00,COLISIÓN POR ALCANCE,ASFALTO,Bueno,Regular,2,NISSAN,BLANCO Y ROJO,2,,50,MASCULINO,SIN DATOS,0,0,Morelia,Los Manantiales de Morelia,noviembre,domingo,12,-101.241186261177,19.6946930379517
3031,3031,2016,,2016/11/20,12:30:00,COLISIÓN CONTRA OBJETO FIJO,ASFALTO,Bueno,Bueno,2,FORD,PLATA,2,,62,MASCULINO,SIN DATOS,0,0,Morelia,Primo Tapia,noviembre,domingo,13,-101.21239207685,19.7093265085371
3032,3032,2016,,2016/11/20,13:00:00,COLISIÓN POR CORTE DE CIRCULACIÓN,CONCRETO,Bueno,Bueno,3,GM,ROJO,3,,48,MASCULINO,SIN DATOS,0,0,Morelia,Vasco de Quiroga,noviembre,domingo,13,-101.175273656845,19.7050060493067
3033,3033,2016,,2016/11/20,16:20:00,COLISIÓN POR CORTE DE CIRCULACIÓN,ASFALTO,Bueno,Bueno,2,CHEVROLET,GRIS,2,,58,MASCULINO,SIN DATOS,0,0,Morelia,Lomas de La Maestranza,noviembre,domingo,16,-101.332075595856,19.6843945148984
3034,3034,2016,,2016/11/20,16:40:00,COLISIÓN CON PEATÓN,ASFALTO,Bueno,Bueno,2,HONDA,AZUL,0,MINISTERIO PÚBLICO,,,,0,0,Morelia,Sin datos,noviembre,domingo,17,-101.272659301758,19.5737004880437
3035,3035,2016,,2016/11/20,18:55:00,COLISIÓN CONTRA OBJETO FIJO,CONCRETO,Bueno,Bueno,1,SEAT,AMARILLO,1,,21,MASCULINO,SIN DATOS,0,0,Morelia,La Hacienda,noviembre,domingo,19,-101.317849159241,19.6763532262855
3036,3036,2016,,2016/11/20,22:40:00,COLISIÓN POR CORTE DE CIRCULACIÓN,ASFALTO,Bueno,Regular,2,VOLKSWAGEN,AZUL,2,,22,MASCULINO,SIN DATOS,0,0,Morelia,Chapultepec Oriente,noviembre,domingo,23,-101.163707971573,19.6958748761034
3037,3037,2016,,2016/11/21,"01:10:00",COLISIÓN POR CORTE DE CIRCULACIÓN,ASFALTO,Bueno,Bueno,1,HONDA,ROJO,1,,31,MASCULINO,SIN DATOS,0,0,Morelia,Ana Maria Gallaga (Riviera Norte),noviembre,lunes,1,-101.221434473991,19.6770603909685
3038,3038,2016,,2016/11/21,"04:00:00",COLISIÓN CONTRA OBJETO FIJO,ASFALTO,Bueno,Bueno,1,CHEVROLET,PLATA,1,,,,SIN DATOS,0,0,Morelia,Felix Ireta,noviembre,lunes,4,-101.195674538612,19.681586171027
3039,3039,2016,,2016/11/21,10:15:00,SALIDA DE SUPERFICIE DE RODAMIENTO,ASFALTO,Bueno,Bueno,1,CHRYSLER,NEGRO,1,,22,FEMENINO,SIN DATOS,0,0,Morelia,Indeco La Huerta,noviembre,lunes,10,-101.2297976017,19.6449822831389
3040,3040,2016,,2016/11/21,12:30:00,COLISIÓN POR ALCANCE,ASFALTO,Bueno,Bueno,2,AUDI,GRIS,2,,49,MASCULINO,SIN DATOS,0,0,Morelia,Alfonso Espinoza Guerrero (Barranca Seca),noviembre,lunes,13,-101.175649166107,19.6734386646182
3041,3041,2016,,2016/11/21,17:20:00,COLISIÓN POR ALCANCE,CONCRETO,Bueno,Bueno,3,CHEVROLET,ROJO,3,,63,MASCULINO,SIN DATOS,0,0,Morelia,Chapultepec Norte,noviembre,lunes,17,-101.171143054962,19.6954051722418
3042,3042,2016,,2016/11/21,18:35:00,COLISIÓN POR ALCANCE,ASFALTO,Bueno,Bueno,2,NISSAN,VERDE,1,,60,MASCULINO,CON CERTIFICADO,0,0,Morelia,Tierra Y Libertad,noviembre,lunes,19,-101.229448914528,19.7169596237694
3043,3043,2016,,2016/11/21,21:15:00,COLISIÓN CONTRA OBJETO FIJO,ASFALTO,Bueno,Bueno,2,VELOCI,BLANCO,2,MINISTERIO PÚBLICO,,MASCULINO,SIN DATOS,0,0,Morelia,Centro,noviembre,lunes,21,-101.191184520721,19.6959430588074
3044,3044,2016,,2016/11/21,22:30:00,COLISIÓN POR CORTE DE CIRCULACIÓN,ASFALTO,Bueno,Bueno,2,CHEVROLET,BLANCO,2,,28,MASCULINO,SIN DATOS,0,0,Morelia,Libertad,noviembre,lunes,23,-101.237511634827,19.6863340617732
3045,3045,2016,,2016/11/22,"00:05:00",COLISIÓN POR CORTE DE CIRCULACIÓN,ASFALTO,Bueno,Bueno,2,FORD,GUINDA,2,,25,MASCULINO,SIN DATOS,0,0,Morelia,Nueva Valladolid,noviembre,martes,0,-101.210598349571,19.7009354689828
3046,3046,2016,,2016/11/22,"00:15:00",COLISIÓN POR CORTE DE CIRCULACIÓN,ASFALTO,Bueno,Bueno,2,NISSAN,BLANCO,2,,22,MASCULINO,SIN DATOS,0,0,Morelia,Rinconada del Valle,noviembre,martes,0,-101.218907833099,19.678474710971
3047,3047,2016,,2016/11/22,"00:40:00",COLISIÓN CONTRA OBJETO FIJO,ASFALTO,Bueno,Bueno,2,VW,NEGRO,2,,43,MASCULINO,SIN DATOS,0,0,Tarímbaro,Sin datos,noviembre,martes,1,-101.17294549942,19.7485335666171
3048,3048,2016,,2016/11/22,"07:05:00",COLISIÓN POR CORTE DE CIRCULACIÓN,ASFALTO,Bueno,Bueno,2,MERCEDEZ BENZ,BLANCO,1,,,MASCULINO,SIN DATOS,0,0,Pátzcuaro,Centro,noviembre,martes,7,-101.617312431335,19.5176878409487
3049,3049,2016,,2016/11/22,"07:30:00",COLISIÓN POR CORTE DE CIRCULACIÓN,CONCRETO,Bueno,Bueno,2,CHEVROLET,NEGRO,2,,60,MASCULINO,SIN DATOS,0,0,Morelia,Gertrudis Bocanegra,noviembre,martes,8,-101.212728023529,19.7021728151484
3050,3050,2016,,2016/11/22,"08:00:00",VOLCADURA,ASFALTO,Bueno,Bueno,1,NISSAN,BLANCO,1,,,,SIN DATOS,0,0,Morelia,Avicola Benito Juarez,noviembre,martes,8,-101.27956867218,19.6916878973668
3051,3051,2016,,2016/11/22,"09:17:00",COLISIÓN POR CORTE DE CIRCULACIÓN,ADOQUIN_EMPEDRADO,Bueno,Bueno,2,SIN DATOS,NEGRO  Y MORADO,2,,24,MASCULINO,SIN DATOS,0,0,Morelia,Eucaliptos (Gigantes de Michoacan),noviembre,martes,9,-101.150814257562,19.6995320795832
3052,3052,2016,,2016/11/22,"09:40:00",COLISIÓN POR CORTE DE CIRCULACIÓN,ASFALTO,Bueno,Bueno,2,FORD,BLANCO,2,,41,MASCULINO,SIN DATOS,0,0,Morelia,Los Manantiales de Morelia,noviembre,martes,10,-101.241454482079,19.7006791603665
3053,3053,2016,,2016/11/22,10:50:00,SALIDA DE SUPERFICIE DE RODAMIENTO,CONCRETO,Bueno,Bueno,1,NISSAN,BLANCO,1,,40,MASCULINO,SIN DATOS,0,0,Morelia,Enrique Arreguin Robles,noviembre,martes,11,-101.184194684029,19.7197067490726
3054,3054,2016,,2016/11/22,11:30:00,COLISIÓN POR ALCANCE,ASFALTO,Bueno,Bueno,2,VOLKSWAGEN,GRIS,2,,42,MASCULINO,SIN DATOS,0,0,Morelia,Libertad,noviembre,martes,12,-101.237844228745,19.6869603687675
3055,3055,2016,,2016/11/22,14:00:00,COLISIÓN POR CORTE DE CIRCULACIÓN,CONCRETO,Bueno,Bueno,2,NISSAN,BLANCO,2,,,MASCULINO,SIN DATOS,0,0,Morelia,Centro,noviembre,martes,14,-101.191486269236,19.703998514566
3056,3056,2016,,2016/11/22,14:15:00,COLISIÓN POR CORTE DE CIRCULACIÓN,CONCRETO,Bueno,Bueno,2,FORD,AZUL,2,,39,MASCULINO,SIN DATOS,0,0,Morelia,Matamoros,noviembre,martes,14,-101.165907382965,19.6964758930127
3057,3057,2016,,2016/11/22,14:30:00,COLISIÓN POR CORTE DE CIRCULACIÓN,ASFALTO,Bueno,Bueno,2,FORD,ARENA,2,,,,SIN DATOS,0,0,Morelia,Poblado de Ocolusen,noviembre,martes,15,-101.150887012482,19.6947991007064
3058,3058,2016,,2016/11/22,14:45:00,COLISIÓN CONTRA OBJETO FIJO,ASFALTO,Bueno,Bueno,1,FORD,BLANCA,1,,54,MASCULINO,SIN DATOS,0,0,Hidalgo,Sin datos,noviembre,martes,15,-100.740079879761,19.6709988781314
3059,3059,2016,,2016/11/22,14:55:00,COLISIÓN POR CORTE DE CIRCULACIÓN,ASFALTO,Bueno,Bueno,2,FREIGHTLINER,BLANCO,2,,61,MASCULINO,SIN DATOS,0,0,Morelia,Francisco J Mujica,noviembre,martes,15,-101.185519695282,19.7241202302051
3060,3060,2016,,2016/11/22,15:05:00,COLISIÓN CONTRA OBJETO FIJO,ASFALTO,Bueno,Bueno,2,HONDA,VERDE,2,,35,MASCULINO,SIN DATOS,0,0,Morelia,Centro,noviembre,martes,15,-101.20015181601,19.6993420560508
3061,3061,2016,,2016/11/22,15:50:00,COLISIÓN POR CORTE DE CIRCULACIÓN,ASFALTO,Bueno,Bueno,1,V.W.,NEGRO,1,,27,FEMENINO,SIN DATOS,0,0,Morelia,Barrio Alto,noviembre,martes,16,-101.196849346161,19.7250594678982
3062,3062,2016,,2016/11/22,16:30:00,COLISIÓN POR CORTE DE CIRCULACIÓN,ASFALTO,Bueno,Bueno,2,Honda,Blanco,3,,21,MASCULINO,SIN DATOS,1,0,Apatzingán,Independencia,noviembre,martes,17,-102.353310585022,19.0966326218652
3063,3063,2016,,2016/11/22,17:00:00,COLISIÓN POR CORTE DE CIRCULACIÓN,ASFALTO,Bueno,Regular,2,V.W,ROJO,2,MINISTERIO PÚBLICO,0,,SIN DATOS,0,0,Jacona,Sin datos,noviembre,martes,17,-102.266063690186,19.9350267793031
3064,3064,2016,,2016/11/22,17:10:00,CAIDA DE MOTOCICLETA,ASFALTO,Bueno,Bueno,1,HONDA,BLANCO Y NEGRO,1,,32,MASCULINO,SIN DATOS,0,0,Morelia,Pascual Ortiz de Ayala,noviembre,martes,17,-101.150876283646,19.6948647585669
3065,3065,2016,,2016/11/22,18:50:00,COLISIÓN POR CORTE DE CIRCULACIÓN,CONCRETO,Bueno,Bueno,3,NISSAN,BLANCO,3,,34,MASCULINO,SIN DATOS,0,0,Morelia,Ampliacion La Soledad,noviembre,martes,19,-101.184060573578,19.7329190550856
3066,3066,2016,,2016/11/22,19:35:00,COLISIÓN CONTRA OBJETO FIJO,CONCRETO,Bueno,Bueno,2,FORD,BLANCO,2,,41,MASCULINO,SIN DATOS,0,0,Morelia,Union Antorchista,noviembre,martes,20,-101.267977505922,19.702340739962
3067,3067,2016,,2016/11/22,20:00:00,COLISIÓN POR CORTE DE CIRCULACIÓN,ASFALTO,Bueno,Bueno,2,FORD,GRIS,2,,21,MASCULINO,SIN DATOS,0,0,Morelia,Pascual Ortiz de Ayala,noviembre,martes,20,-101.149519085884,19.6947687970694
3068,3068,2016,,2016/11/22,21:10:00,COLISIÓN POR CORTE DE CIRCULACIÓN,ASFALTO,Bueno,Bueno,2,YAMAHA,NEGRO,2,,19,MASCULINO,SIN DATOS,0,0,Morelia,Molino de Parras,noviembre,martes,21,-101.200151145458,19.6973471109961
3069,3069,2016,,2016/11/22,21:20:00,COLISIÓN POR ALCANCE,ASFALTO,Bueno,Bueno,2,INTERNATIONAL,ROJO,2,,33,MASCULINO,SIN DATOS,0,0,Morelia,Arcos del Valle,noviembre,martes,21,-101.2362241745,19.7076675265969
3070,3070,2016,,2016/11/22,21:20:00,COLISIÓN CONTRA OBJETO FIJO,CONCRETO,Bueno,Bueno,2,KENWORTH,ROJO,2,,43,MASCULINO,SIN DATOS,0,0,Morelia,Congreso Constituyente de Michoacan,noviembre,martes,21,-101.172140836716,19.719676450154
3071,3071,2016,,2016/11/22,22:45:00,CAIDA DE MOTOCICLETA,CONCRETO,Bueno,Bueno,1,YAMAHA,BLANCO Y NEGRO,0,MINISTERIO PÚBLICO,,,,0,0,Morelia,Camelinas,noviembre,martes,23,-101.167184114456,19.6834247326527
3072,3072,2016,,2016/11/23,"01:20:00",COLISIÓN POR ALCANCE,ASFALTO,Bueno,Bueno,3,FORD,AZUL,3,,25,MASCULINO,SIN DATOS,0,0,Morelia,Libertad,noviembre,miércoles,1,-101.237726211548,19.6866977241971