fid,id_accidente,anio_origen,folio_c5i,dia_incidente,hora_ocurrencia,tipo_incidente_vial,superficie_ocurrencia,condiciones_climaticas,condiciones_via,numero_vehiculos_involucrados,marca_vehiculo_ocasiona_siniestro,color_vehiculo_ocasiona_siniestro,numero_personas_involucradas,lugar_remite_presunto_responsable,edad_presunto_responsable,sexo_presunto_responsable,resultados_toxicologia,numero_personas_lesionadas,numero_personas_fallecidas,municipio,colonia,mes,dia_semana,hora_redondeada,lon,lat
3073,3073,2016,,2016/11/23,"01:30:00",COLISIÓN POR CORTE DE CIRCULACIÓN,ASFALTO,Bueno,Bueno,3,VOLKSWAGEN,ROJO,3,,27,MASCULINO,SIN DATOS,0,0,Morelia,Juarez,noviembre,miércoles,2,-101.199190579355,19.6981147889987
3074,3074,2016,,2016/11/23,"06:40:00",COLISIÓN CONTRA OBJETO FIJO,ASFALTO,Bueno,Regular,1,NISSAN,BLANCO Y ROJO,2,,55,MASCULINO,SIN DATOS,1,0,Morelia,Avicola Benito Juarez,noviembre,miércoles,7,-101.278932988644,19.6915919339649
3075,3075,2016,,2016/11/23,"07:45:00",COLISIÓN POR CORTE DE CIRCULACIÓN,ASFALTO,Bueno,Bueno,2,FORD,BLANCO Y VERDE,2,,62,MASCULINO,SIN DATOS,0,0,Morelia,Tres Puentes,noviembre,miércoles,8,-101.213747262955,19.7027485566328
3076,3076,2016,,2016/11/23,"08:00:00",COLISIÓN POR CORTE DE CIRCULACIÓN,CONCRETO,Bueno,Bueno,2,DINA,BLANCO,2,,28,MASCULINO,SIN DATOS,0,0,Morelia,Industrial,noviembre,miércoles,8,-101.188395023346,19.7116066337184
3077,3077,2016,,2016/11/23,"08:30:00",CAIDA DE MOTOCICLETA,ASFALTO,Bueno,Regular,1,ITALIKA,NEGRO Y ROJO,1,,20,MASCULINO,SIN DATOS,0,0,Puruándiro,San Antonio Carano,noviembre,miércoles,9,-101.528263092041,20.0902640068357
3078,3078,2016,,2016/11/23,"08:45:00",COLISIÓN CONTRA OBJETO FIJO,ASFALTO,Bueno,Bueno,2,CHEVROLET,BLANCO,2,,,MASCULINO,SIN DATOS,0,0,Morelia,Torreon Nuevo,noviembre,miércoles,9,-101.201612949371,19.7430869642053
3079,3079,2016,,2016/11/23,"09:20:00",COLISIÓN CONTRA OBJETO FIJO,ASFALTO,Bueno,Regular,1,NISSAN,BLANCO,1,,38,FEMENINO,SIN DATOS,0,0,Morelia,Fidel Velazquez,noviembre,miércoles,9,-101.236540675163,19.7018697924824
3080,3080,2016,,2016/11/23,10:15:00,COLISIÓN POR CORTE DE CIRCULACIÓN,ASFALTO,Bueno,Bueno,2,VOLKSWAGEN,GRIS,2,,45,MASCULINO,SIN DATOS,0,0,Morelia,Ventura Puente,noviembre,miércoles,10,-101.184124946594,19.6894150645009
3081,3081,2016,,2016/11/23,11:30:00,COLISIÓN POR CORTE DE CIRCULACIÓN,ASFALTO,Bueno,Bueno,2,ITALIKA,NEGRO,2,,38,MASCULINO,CON CERTIFICADO,0,0,Morelia,Agustin Arriaga Rivera,noviembre,miércoles,12,-101.224524378777,19.6910969639256
3082,3082,2016,,2016/11/23,12:14:00,COLISIÓN POR ALCANCE,CONCRETO,Bueno,Bueno,2,DODGE,ROJO,2,,70,MASCULINO,SIN DATOS,0,0,Morelia,Santa Maria de Guido,noviembre,miércoles,12,-101.192997694016,19.6774644836717
3083,3083,2016,,2016/11/23,12:50:00,VOLCADURA,ASFALTO,Bueno,Bueno,1,FAMSA,BLANCO,1,MINISTERIO PÚBLICO,,,SIN DATOS,0,0,Morelia,Sin datos,noviembre,miércoles,13,-101.200368404388,19.6424258618986
3084,3084,2016,,2016/11/23,14:30:00,COLISIÓN POR CORTE DE CIRCULACIÓN,ASFALTO,Bueno,Bueno,2,TOYOTA,NEGRO,2,,,MASCULINO,SIN DATOS,0,0,Morelia,Nicolas Bravo(Los Ejidos),noviembre,miércoles,15,-101.222099661827,19.7051171555062
3085,3085,2016,,2016/11/23,14:55:00,COLISIÓN POR CORTE DE CIRCULACIÓN,CONCRETO,Bueno,Bueno,2,MAZDA,NEGRO,2,,,MASCULINO,CON CERTIFICADO,0,0,Morelia,Paseo de Las Lomas,noviembre,miércoles,15,-101.149739027023,19.6968016533355
3086,3086,2016,,2016/11/23,17:15:00,COLISIÓN POR ALCANCE,CONCRETO,Bueno,Bueno,2,FORD,PLATA,2,,29,MASCULINO,SIN DATOS,0,0,Morelia,Lomas de Huerta,noviembre,miércoles,17,-101.21427834034,19.6741963547262
3087,3087,2016,,2016/11/23,19:00:00,COLISIÓN POR CORTE DE CIRCULACIÓN,CONCRETO,Bueno,Bueno,1,V.W.,ROJO,1,MINISTERIO PÚBLICO,,,,1,0,Morelia,Villas del Pedregal,noviembre,miércoles,19,-101.308493614197,19.6765653760181
3088,3088,2016,,2016/11/23,20:00:00,COLISIÓN CONTRA OBJETO FIJO,ASFALTO,Bueno,Bueno,1,NISSAN,GRIS,1,,49,FEMENINO,SIN DATOS,0,0,Morelia,Los Manantiales de Morelia,noviembre,miércoles,20,-101.242918968201,19.6999304338306
3089,3089,2016,,2016/11/23,21:30:00,COLISIÓN POR CORTE DE CIRCULACIÓN,CONCRETO,Bueno,Bueno,2,FORD,BLANCO,2,,33,MASCULINO,SIN DATOS,0,0,Morelia,Centro,noviembre,miércoles,22,-101.18661403656,19.7019455482027
3090,3090,2016,,2016/11/23,23:50:00,COLISIÓN CON PEATÓN,ASFALTO,Bueno,Bueno,1,NISSAN,ROJO,1,,48,FEMENINO,SIN DATOS,0,0,Morelia,Los Manantiales de Morelia,noviembre,miércoles,0,-101.240709498525,19.7008515058606
3091,3091,2016,,2016/11/24,"00:00:00",COLISIÓN POR CORTE DE CIRCULACIÓN,ASFALTO,Bueno,Bueno,2,V.W.,NEGRO,2,,33,MASCULINO,SIN DATOS,0,0,Morelia,Morelos,noviembre,jueves,0,-101.208318471909,19.6980466072198
3093,3093,2016,,2016/11/24,"00:10:00",COLISIÓN CON PEATÓN,ASFALTO,Bueno,Bueno,1,CHRYSLER,BLANCO Y ROJO,1,MINISTERIO PÚBLICO,24,MASCULINO,SIN DATOS,0,0,Morelia,Centro,noviembre,jueves,0,-101.201677322388,19.7029606713943
3094,3094,2016,,2016/11/24,"02:40:00",COLISIÓN CONTRA OBJETO FIJO,ASFALTO,Bueno,Bueno,1,CHEVROLET,BLANCO,0,,,,,0,0,Morelia,Barrio Alto,noviembre,jueves,3,-101.196699142456,19.7249988720846
3095,3095,2016,,2016/11/24,"07:50:00",COLISIÓN POR CORTE DE CIRCULACIÓN,ASFALTO,Bueno,Bueno,2,BMW,BLANCO,2,,42,MASCULINO,SIN DATOS,0,0,Morelia,San Rafael,noviembre,jueves,8,-101.154365837574,19.7002208340833
3096,3096,2016,,2016/11/24,"08:20:00",COLISIÓN CON PEATÓN,CONCRETO,Bueno,Bueno,1,Chevrolet,Negro,2,,72,MASCULINO,SIN DATOS,1,0,Apatzingán,Centro,noviembre,jueves,8,-102.357730865479,19.0829857618115
3097,3097,2016,,2016/11/24,"09:40:00",COLISIÓN POR CORTE DE CIRCULACIÓN,CONCRETO,Bueno,Bueno,1,ITALIKA,ROJO,2,MINISTERIO PÚBLICO,22,MASCULINO,SIN DATOS,1,0,Sahuayo,Miradores del Tepeyac,noviembre,jueves,10,-102.742928266525,20.062451738829
3098,3098,2016,,2016/11/24,11:15:00,COLISIÓN CON PEATÓN,ASFALTO,Bueno,Bueno,1,RENAULT,NEGRO,2,,18,MASCULINO,SIN DATOS,1,0,Morelia,Lomas de Guayangareo,noviembre,jueves,11,-101.160451769829,19.7047888869667
3099,3099,2016,,2016/11/24,12:30:00,COLISIÓN POR CORTE DE CIRCULACIÓN,ASFALTO,Bueno,Bueno,2,DODGE,BLANCO,2,MINISTERIO PÚBLICO,32,FEMENINO,SIN DATOS,1,0,Lázaro Cárdenas,Centro,noviembre,jueves,13,-102.195081710815,17.9577351436621
3100,3100,2016,,2016/11/24,13:10:00,COLISIÓN POR CORTE DE CIRCULACIÓN,ASFALTO,Bueno,Bueno,2,VOLKSWAGEN,NEGRO,2,,30,MASCULINO,SIN DATOS,0,0,Morelia,Morelia 450,noviembre,jueves,13,-101.217523813248,19.6757723386753
3101,3101,2016,,2016/11/24,13:50:00,COLISIÓN POR CORTE DE CIRCULACIÓN,ASFALTO,Bueno,Bueno,2,KENWORTH,BLANCO,2,,22,MASCULINO,SIN DATOS,0,0,Morelia,Morelia 450,noviembre,jueves,14,-101.217094659805,19.6756056487983
3102,3102,2016,,2016/11/24,15:12:00,COLISIÓN POR CORTE DE CIRCULACIÓN,ASFALTO,Bueno,Bueno,1,DINAMO,BLANCO Y AMARILLO,0,,,,,0,0,Morelia,Ventura Puente,noviembre,jueves,15,-101.19244415313,19.6915070189329
3103,3103,2016,,2016/11/24,15:15:00,COLISIÓN POR CORTE DE CIRCULACIÓN,ASFALTO,Bueno,Regular,2,TVS,BLANCO,1,MINISTERIO PÚBLICO,17,MASCULINO,SIN DATOS,0,0,Zacapu,Centro,noviembre,jueves,15,-101.789853572845,19.8099517971445
3104,3104,2016,,2016/11/24,15:30:00,COLISIÓN POR CORTE DE CIRCULACIÓN,ASFALTO,Bueno,Bueno,2,CHEVROLET,ROJO,2,,30,FEMENINO,SIN DATOS,0,0,Morelia,Ignaci0 Ramirez,noviembre,jueves,16,-101.223832368851,19.725231155912
3105,3105,2016,,2016/11/24,18:05:00,COLISIÓN POR CORTE DE CIRCULACIÓN,CONCRETO,Bueno,Bueno,2,HONDA,BLANCO,2,,67,FEMENINO,SIN DATOS,0,0,Morelia,Chapultepec Sur,noviembre,jueves,18,-101.176735460758,19.6910439313306
3106,3106,2016,,2016/11/24,19:00:00,COLISIÓN POR CORTE DE CIRCULACIÓN,CONCRETO,Bueno,Bueno,2,FORD,BLANCO Y VERDE,2,,28,MASCULINO,SIN DATOS,0,0,Morelia,Guadalupe,noviembre,jueves,19,-101.222856044769,19.709667393106
3107,3107,2016,,2016/11/24,19:20:00,SALIDA DE SUPERFICIE DE RODAMIENTO,TERRACERIA,Bueno,Bueno,1,GMC,Azul Marino,1,,35,MASCULINO,SIN DATOS,0,0,Apatzingán,22 de Octubre,noviembre,jueves,19,-102.34473824501,19.0936417643998
3109,3109,2016,,2016/11/24,20:00:00,COLISIÓN POR ALCANCE,ASFALTO,Bueno,Regular,2,ITALIKA,NARANJA,2,,,,SIN DATOS,0,0,Morelia,Club de Golf Tres Marias,noviembre,jueves,20,-101.10874414444,19.7081927464851
3110,3110,2016,,2016/11/24,22:40:00,COLISIÓN POR CORTE DE CIRCULACIÓN,ASFALTO,Bueno,Bueno,2,TOYOTA,BLANCO Y AZUL,2,,34,MASCULINO,SIN DATOS,0,0,Morelia,Comision Federal de Electricidad,noviembre,jueves,23,-101.181378364563,19.6815255587459
3111,3111,2016,,2016/11/25,"08:20:00",COLISIÓN POR ALCANCE,ASFALTO,Bueno,Bueno,2,FORD,BLANCO,2,,17,FEMENINO,SIN DATOS,0,0,Morelia,Elias Perez Avalos,noviembre,viernes,8,-101.171470284462,19.7147376496543
3112,3112,2016,,2016/11/25,10:00:00,COLISIÓN POR CORTE DE CIRCULACIÓN,ASFALTO,Bueno,Bueno,2,MERDES BENZ,AMARILLO,2,,33,MASCULINO,SIN DATOS,0,0,Morelia,Tzindurio Norte,noviembre,viernes,10,-101.244194403015,19.7004847609007
3113,3113,2016,,2016/11/25,10:18:00,COLISIÓN POR CORTE DE CIRCULACIÓN,ASFALTO,Bueno,Regular,2,CHRYSLER,SIN DATOS,2,,47,MASCULINO,SIN DATOS,0,0,Morelia,Las Americas,noviembre,viernes,10,-101.153515577316,19.6873543348153
3114,3114,2016,,2016/11/25,11:10:00,COLISIÓN POR CORTE DE CIRCULACIÓN,ASFALTO,Bueno,Bueno,2,NISSAN,ARENA,2,,25,MASCULINO,SIN DATOS,0,0,Morelia,Quinceo,noviembre,viernes,11,-101.224261522293,19.7254533401266
3115,3115,2016,,2016/11/25,11:10:00,COLISIÓN POR CORTE DE CIRCULACIÓN,ASFALTO,Bueno,Bueno,2,CHEVROLET,BLANCO,2,,43,MASCULINO,SIN DATOS,0,0,Morelia,Popular Pogreso,noviembre,viernes,11,-101.20292454958,19.7206005645895
3116,3116,2016,,2016/11/25,11:40:00,COLISIÓN POR CORTE DE CIRCULACIÓN,ASFALTO,Bueno,Bueno,2,CHEVROLET,BLANCO,2,,54,,SIN DATOS,0,0,Morelia,Libertad,noviembre,viernes,12,-101.236910820007,19.684844047385
3117,3117,2016,,2016/11/25,13:00:00,COLISIÓN POR CORTE DE CIRCULACIÓN,ASFALTO,Bueno,Bueno,2,MERDES BENZ,AMARILLO,2,,28,MASCULINO,SIN DATOS,0,0,Morelia,Molino de Parras,noviembre,viernes,13,-101.206446290016,19.701203140597
3118,3118,2016,,2016/11/25,14:40:00,COLISIÓN POR CORTE DE CIRCULACIÓN,ASFALTO,Bueno,Bueno,2,NISSAN,NEGRO,2,,,MASCULINO,SIN DATOS,0,0,Morelia,San Pascual,noviembre,viernes,15,-101.267681121826,19.6952132498372
3119,3119,2016,,2016/11/25,16:30:00,COLISIÓN POR ALCANCE,ASFALTO,Bueno,Bueno,2,FORD,BLANCO,2,,47,MASCULINO,SIN DATOS,0,0,Morelia,Arcos del Valle,noviembre,viernes,17,-101.23627781868,19.7076675265969
3120,3120,2016,,2016/11/25,17:50:00,COLISIÓN POR CORTE DE CIRCULACIÓN,ASFALTO,Bueno,Bueno,2,INTERNATIONAL,BLANCO,2,,36,MASCULINO,SIN DATOS,0,0,Morelia,Libertad,noviembre,viernes,18,-101.236921548843,19.6848592001435
3121,3121,2016,,2016/11/25,19:00:00,COLISIÓN POR CORTE DE CIRCULACIÓN,ASFALTO,Bueno,Regular,2,NISSAN,BLANCO Y AZUL,2,,25,MASCULINO,SIN DATOS,0,0,Morelia,Niño Artillero,noviembre,viernes,19,-101.250182390213,19.6986173130653
3122,3122,2016,,2016/11/25,20:10:00,COLISIÓN POR CORTE DE CIRCULACIÓN,ASFALTO,Bueno,Bueno,2,FORD,ROJO,2,,31,MASCULINO,SIN DATOS,0,0,Morelia,Santiaguito,noviembre,viernes,20,-101.189097762108,19.7153385957001
3123,3123,2016,,2016/11/25,20:25:00,COLISIÓN POR ALCANCE,ASFALTO,Bueno,Bueno,4,V.W.,BLANCO,4,,27,MASCULINO,SIN DATOS,0,0,Morelia,Enrique Arreguin Robles,noviembre,viernes,20,-101.184216141701,19.7197168487109
3124,3124,2016,,2016/11/26,"01:30:00",COLISIÓN POR CORTE DE CIRCULACIÓN,ASFALTO,Bueno,Bueno,3,YAMAHA,NEGRO,1,MINISTERIO PÚBLICO,32,MASCULINO,SIN DATOS,0,0,Morelia,Eduardo Ruiz,noviembre,sábado,2,-101.225200295448,19.7234183231638
3125,3125,2016,,2016/11/26,"03:10:00",SUBIDA AL CAMELLÓN,ASFALTO,Bueno,Bueno,1,CHEVROLET,GRIS,0,,,,,0,0,Morelia,Montaña Monarca,noviembre,sábado,3,-101.165328025818,19.6703523032303
3126,3126,2016,,2016/11/26,"04:15:00",SUBIDA AL CAMELLÓN,ASFALTO,Bueno,Bueno,1,FORD,PLATA,1,,23,FEMENINO,SIN DATOS,0,0,Morelia,Fidel Velazquez,noviembre,sábado,4,-101.23565018177,19.7021526136552
3127,3127,2016,,2016/11/26,"07:35:00",COLISIÓN POR ALCANCE,ASFALTO,Bueno,Bueno,2,TOYOTA,ROJO,2,,26,FEMENINO,SIN DATOS,0,0,Morelia,Nicolaitas Ilustres,noviembre,sábado,8,-101.226739883423,19.7216660669521
3128,3128,2016,,2016/11/26,"09:30:00",VOLCADURA,ASFALTO,Bueno,Bueno,1,CHEVROLET,AZUL,1,,28,MASCULINO,SIN DATOS,0,0,Jacona,Sin datos,noviembre,sábado,10,-102.334728240967,19.9595135981905
3129,3129,2016,,2016/11/26,"09:35:00",SUBIDA AL CAMELLÓN,CONCRETO,Bueno,Bueno,1,V.W.,NEGRO,1,,,MASCULINO,SIN DATOS,0,0,Morelia,Isaac Arriaga,noviembre,sábado,10,-101.167720556259,19.7094603373804
3130,3130,2016,,2016/11/26,11:35:00,COLISIÓN POR CORTE DE CIRCULACIÓN,ASFALTO,Bueno,Bueno,2,ITALIKA,NEGRO,1,MINISTERIO PÚBLICO,24,FEMENINO,SIN DATOS,0,0,Morelia,San Jose Itzicuaro,noviembre,sábado,12,-101.304438114166,19.687869519723
3131,3131,2016,,2016/11/26,13:50:00,COLISIÓN POR CORTE DE CIRCULACIÓN,ASFALTO,Bueno,Bueno,2,SIN DATO,SIN DATO,2,,,,SIN DATOS,0,0,Morelia,Solidaridad,noviembre,sábado,14,-101.207449436188,19.7278670487315
3132,3132,2016,,2016/11/26,14:05:00,COLISIÓN POR CORTE DE CIRCULACIÓN,ASFALTO,Bueno,Bueno,2,NISSAN,GRIS,2,,41,MASCULINO,SIN DATOS,0,0,Morelia,Agustin Arriaga Rivera,noviembre,sábado,14,-101.224572658539,19.6911525218634
3133,3133,2016,,2016/11/26,15:00:00,COLISIÓN POR CORTE DE CIRCULACIÓN,ASFALTO,Bueno,Bueno,2,CHEVROLET,GRIS,2,,46,MASCULINO,SIN DATOS,0,0,Morelia,Felix Ireta,noviembre,sábado,15,-101.180595159531,19.6861623320081
3134,3134,2016,,2016/11/26,15:45:00,COLISIÓN POR ALCANCE,ASFALTO,Bueno,Bueno,2,CHEVROLET,GUINDA,2,,51,MASCULINO,SIN DATOS,0,0,Morelia,Felicitas del Rio,noviembre,sábado,16,-101.200422048569,19.6902585417963
3135,3135,2016,,2016/11/26,16:15:00,COLISIÓN POR ALCANCE,ASFALTO,Bueno,Bueno,2,MERDES BENZ,BLANCO Y ROJO,2,,40,MASCULINO,SIN DATOS,0,0,Morelia,Buenavista,noviembre,sábado,16,-101.161787509918,19.7058494444362
3136,3136,2016,,2016/11/26,17:10:00,COLISIÓN POR CORTE DE CIRCULACIÓN,SIN_DATOS,Bueno,Bueno,2,TOYOTA,BLANCO,2,,30,MASCULINO,SIN DATOS,0,0,Morelia,Lomas del Tecnologico,noviembre,sábado,17,-101.188545227051,19.7200400367989
3137,3137,2016,,2016/11/26,17:24:00,COLISIÓN POR CORTE DE CIRCULACIÓN,CONCRETO,Bueno,Bueno,2,SEAT,BLANCO,2,,24,FEMENINO,SIN DATOS,0,0,Morelia,Comision Federal de Electricidad,noviembre,sábado,17,-101.177108287811,19.6818690280353
3138,3138,2016,,2016/11/26,18:20:00,COLISIÓN POR CORTE DE CIRCULACIÓN,ASFALTO,Bueno,Regular,2,DATSUN,GRIS,2,MINISTERIO PÚBLICO,26,MASCULINO,SIN DATOS,0,0,Jacona,Lazaro Cardenas,noviembre,sábado,18,-102.322390079498,19.9367413836684
3139,3139,2016,,2016/11/26,18:20:00,COLISIÓN POR CORTE DE CIRCULACIÓN,ASFALTO,Bueno,Bueno,2,CHRYSLER,BLANCO,2,,23,MASCULINO,SIN DATOS,0,0,Morelia,Pascual Ortiz de Ayala,noviembre,sábado,18,-101.150876283646,19.6948597079632
3140,3140,2016,,2016/11/26,18:45:00,COLISIÓN POR CORTE DE CIRCULACIÓN,ASFALTO,Bueno,Regular,2,Italika,Verde,4,MINISTERIO PÚBLICO,22,MASCULINO,SIN DATOS,2,0,Apatzingán,Fovissste,noviembre,sábado,19,-102.364221811295,19.1014888481702
3141,3141,2016,,2016/11/26,21:30:00,COLISIÓN POR CORTE DE CIRCULACIÓN,ASFALTO,Bueno,Bueno,2,VW,ROJO,2,,29,MASCULINO,SIN DATOS,0,0,Morelia,Americas Britania,noviembre,sábado,22,-101.149631738663,19.6931930000393
3142,3142,2016,,2016/11/26,22:15:00,COLISIÓN POR CORTE DE CIRCULACIÓN,ASFALTO,Bueno,Bueno,2,AUDI,BLANCO,2,,16,MASCULINO,SIN DATOS,0,0,Morelia,Pascual Ortiz de Ayala,noviembre,sábado,22,-101.149406433105,19.6949405176033
3143,3143,2016,,2016/11/26,22:50:00,COLISIÓN POR CORTE DE CIRCULACIÓN,CONCRETO,Bueno,Bueno,2,HONDA,NEGRO,2,,30,MASCULINO,SIN DATOS,0,0,Morelia,Vasco de Quiroga,noviembre,sábado,23,-101.168246269226,19.6968799367251
3144,3144,2016,,2016/11/27,"00:00:00",COLISIÓN POR CORTE DE CIRCULACIÓN,ASFALTO,Bueno,Bueno,2,Nissan,Arena,2,,29,MASCULINO,SIN DATOS,0,0,Apatzingán,Ferrocarril,noviembre,domingo,0,-102.352570295334,19.0827931160629
3145,3145,2016,,2016/11/27,"00:29:00",COLISIÓN POR CORTE DE CIRCULACIÓN,ASFALTO,Bueno,Bueno,2,SIN DATOS,SIN DATOS,1,,,,SIN DATOS,0,0,Morelia,Lomas de La Maestranza,noviembre,domingo,0,-101.331517696381,19.6845561447018
3146,3146,2016,,2016/11/27,"01:30:00",COLISIÓN POR CORTE DE CIRCULACIÓN,ASFALTO,Bueno,Bueno,1,Italika,Rojo/Negro,3,,29,MASCULINO,CON CERTIFICADO,2,0,Apatzingán,Centro,noviembre,domingo,2,-102.35437810421,19.0877207210794
3147,3147,2016,,2016/11/27,"02:00:00",VOLCADURA,ASFALTO,Bueno,Regular,1,VOLKSWAGEN,PLATINO,1,,,,SIN DATOS,0,0,Morelia,San Pascual,noviembre,domingo,2,-101.269014179707,19.694842030849
3148,3148,2016,,2016/11/27,"03:15:00",COLISIÓN POR CORTE DE CIRCULACIÓN,ASFALTO,Bueno,Bueno,2,MAZDA,GRIS,2,,20,MASCULINO,SIN DATOS,0,0,Morelia,Solidaridad,noviembre,domingo,3,-101.205250024796,19.7258472113841
3149,3149,2016,,2016/11/27,"04:20:00",VOLCADURA,ASFALTO,Bueno,Bueno,1,VOLKSWAGEN,GRIS,1,,,MASCULINO,SIN DATOS,0,0,Morelia,Comision Federal de Electricidad,noviembre,domingo,4,-101.181271076202,19.6816467832851
3150,3150,2016,,2016/11/27,"07:30:00",VOLCADURA,ASFALTO,Bueno,Regular,1,CHEVROLET,GRIS,1,,,,SIN DATOS,0,0,Morelia,Villas de La Esperanza,noviembre,domingo,8,-101.274432241917,19.6929884483258
3151,3151,2016,,2016/11/27,"07:40:00",COLISIÓN CONTRA OBJETO FIJO,ASFALTO,Bueno,Bueno,1,CHEVROLET,AZUL,1,,19,MASCULINO,SIN DATOS,0,0,Morelia,Las Americas,noviembre,domingo,8,-101.158987283707,19.6879806378191
3152,3152,2016,,2016/11/27,"09:45:00",CAIDA DE MOTOCICLETA,ASFALTO,Bueno,Bueno,1,ITALIKA,GRIS Y ROJO,1,,24,MASCULINO,SIN DATOS,0,0,Morelia,Avicola Benito Juarez,noviembre,domingo,10,-101.27956867218,19.6915666804285
3153,3153,2016,,2016/11/27,11:30:00,COLISIÓN POR CORTE DE CIRCULACIÓN,ASFALTO,Bueno,Malo,2,CHEVROLET,GRIS,3,,44,MASCULINO,SIN DATOS,1,0,Madero,Sin datos,noviembre,domingo,12,-101.296155452728,19.407992488603
3154,3154,2016,,2016/11/27,12:20:00,COLISIÓN POR CORTE DE CIRCULACIÓN,CONCRETO,Bueno,Bueno,2,TOYOTA,BLANCO,2,,44,FEMENINO,SIN DATOS,0,0,Morelia,Gertrudis Bocanegra,noviembre,domingo,12,-101.210346221924,19.7022334196127
3155,3155,2016,,2016/11/27,13:40:00,COLISIÓN POR CORTE DE CIRCULACIÓN,ASFALTO,Bueno,Bueno,2,VOLKSWAGEN,AZUL,2,,46,MASCULINO,SIN DATOS,0,0,Morelia,Centro,noviembre,domingo,14,-101.203785538673,19.7019910016177
3156,3156,2016,,2016/11/27,14:20:00,COLISIÓN POR CORTE DE CIRCULACIÓN,ASFALTO,Bueno,Bueno,2,DODGE,GRIS,2,,59,FEMENINO,SIN DATOS,0,0,Morelia,Lindavista,noviembre,domingo,14,-101.21585547924,19.7056398586366
3157,3157,2016,,2016/11/27,15:45:00,COLISIÓN POR ALCANCE,ASFALTO,Bueno,Bueno,2,FORD,GUINDA,2,,60,MASCULINO,SIN DATOS,0,0,Morelia,Niño Artillero,noviembre,domingo,16,-101.257122606039,19.6972991309986
3158,3158,2016,,2016/11/27,17:45:00,COLISIÓN POR CORTE DE CIRCULACIÓN,ASFALTO,Bueno,Bueno,2,CHEVROLET,MATE,2,,35,MASCULINO,SIN DATOS,0,0,Morelia,Los Angeles,noviembre,domingo,18,-101.175348758697,19.7441662014635
3159,3159,2016,,2016/11/27,19:30:00,COLISIÓN POR ALCANCE,ASFALTO,Bueno,Bueno,3,VOLKSWAGEN,BLANCO,3,,43,MASCULINO,SIN DATOS,0,0,Morelia,Niño Artillero,noviembre,domingo,20,-101.257027387619,19.6973142825783
3160,3160,2016,,2016/11/27,19:30:00,SUBIDA AL CAMELLÓN,ASFALTO,Bueno,Bueno,1,FORD,BLANCO,1,,43,MASCULINO,SIN DATOS,0,0,Morelia,Elias Perez Avalos,noviembre,domingo,20,-101.168761253357,19.7125762452064
3161,3161,2016,,2016/11/27,19:55:00,COLISIÓN POR ALCANCE,ASFALTO,Bueno,Bueno,2,CHEVROLET,AZUL,2,,,,SIN DATOS,0,0,Morelia,Virrey Antonio de Mendoza,noviembre,domingo,20,-101.162259578705,19.7067281867274
3162,3162,2016,,2016/11/27,20:15:00,COLISIÓN CONTRA OBJETO FIJO,ASFALTO,Bueno,Bueno,2,HONDA,AZUL,2,,24,MASCULINO,SIN DATOS,0,0,Morelia,Industrial,noviembre,domingo,20,-101.190976649523,19.7107645314712
3163,3163,2016,,2016/11/27,23:20:00,COLISIÓN CON PEATÓN,ASFALTO,Bueno,Bueno,1,SIN DATOS,SIN DATOS,2,,,,SIN DATOS,0,1,Morelia,Nueva Valladolid,noviembre,domingo,23,-101.20972931385,19.702094534348
3164,3164,2016,,2016/11/28,"07:54:00",COLISIÓN POR CORTE DE CIRCULACIÓN,CONCRETO,Bueno,Bueno,2,CHEVROLET,NEGRO,2,,21,FEMENINO,SIN DATOS,0,0,Morelia,Club Campestre La Huerta,noviembre,lunes,8,-101.234663128853,19.6666849618636
3165,3165,2016,,2016/11/28,"08:00:00",COLISIÓN POR CORTE DE CIRCULACIÓN,ASFALTO,Bueno,Bueno,2,CHEVROLET,ROJO,2,,37,FEMENINO,SIN DATOS,0,0,Morelia,Balcones de Santa Maria,noviembre,lunes,8,-101.184076666832,19.6754894709027
3166,3166,2016,,2016/11/28,"08:20:00",COLISIÓN POR CORTE DE CIRCULACIÓN,ASFALTO,Bueno,Bueno,2,BAJAJ,BLANCO Y AZUL,2,,38,MASCULINO,SIN DATOS,0,0,Zinapécuaro,Sin datos,noviembre,lunes,8,-100.859985351562,19.8609381215072
3167,3167,2016,,2016/11/28,"08:47:00",COLISIÓN POR ALCANCE,ASFALTO,Bueno,Bueno,2,NISSAN,BLANCO,2,,26,MASCULINO,SIN DATOS,0,0,Morelia,Villa Universidad,noviembre,lunes,9,-101.20970249176,19.687202809527
3168,3168,2016,,2016/11/28,"08:50:00",COLISIÓN CONTRA OBJETO FIJO,ASFALTO,Bueno,Regular,2,VENTO,"ROJO, NEGRO Y GRIS",2,,25,MASCULINO,SIN DATOS,0,0,Morelia,Tres Puentes,noviembre,lunes,9,-101.212272047997,19.7083101631954
3169,3169,2016,,2016/11/28,"09:15:00",SALIDA DE SUPERFICIE DE RODAMIENTO,ASFALTO,Bueno,Bueno,1,VOLKSWAGEN,BLANCO,1,,18,MASCULINO,SIN DATOS,0,0,Morelia,13 de Abril,noviembre,lunes,9,-101.221976280212,19.7541428047972
3170,3170,2016,,2016/11/28,10:45:00,CAIDA DE MOTOCICLETA,ASFALTO,Bueno,Regular,1,YAMAHA,NEGRO Y AZUL,1,,25,MASCULINO,SIN DATOS,0,0,Morelia,Villa Magna,noviembre,lunes,11,-101.324104070663,19.6764643523709
3171,3171,2016,,2016/11/28,12:40:00,COLISIÓN POR CORTE DE CIRCULACIÓN,ASFALTO,Bueno,Bueno,2,FREIGHTLINER,AZUL,2,,46,MASCULINO,SIN DATOS,0,0,Morelia,Enrique Arreguin Robles,noviembre,lunes,13,-101.184221506119,19.7195855533635