fid,id_accidente,anio_origen,folio_c5i,dia_incidente,hora_ocurrencia,tipo_incidente_vial,superficie_ocurrencia,condiciones_climaticas,condiciones_via,numero_vehiculos_involucrados,marca_vehiculo_ocasiona_siniestro,color_vehiculo_ocasiona_siniestro,numero_personas_involucradas,lugar_remite_presunto_responsable,edad_presunto_responsable,sexo_presunto_responsable,resultados_toxicologia,numero_personas_lesionadas,numero_personas_fallecidas,municipio,colonia,mes,dia_semana,hora_redondeada,lon,lat
3172,3172,2016,,2016/11/28,12:40:00,COLISIÓN POR CORTE DE CIRCULACIÓN,ASFALTO,Bueno,Regular,2,MERDES BENZ,BLANCO Y NARANJA,2,,30,MASCULINO,SIN DATOS,0,0,Morelia,Nueva Valladolid,noviembre,lunes,13,-101.207665354013,19.7022690878545
3173,3173,2016,,2016/11/28,13:20:00,COLISIÓN CON PEATÓN,ASFALTO,Bueno,Bueno,1,HONDA,NEGRO,1,,34,MASCULINO,SIN DATOS,0,0,Morelia,El Lago 1,noviembre,lunes,13,-101.21936917305,19.7276347687359
3174,3174,2016,,2016/11/28,14:20:00,COLISIÓN POR CORTE DE CIRCULACIÓN,ASFALTO,Bueno,Bueno,2,VOLKSWAGEN,ROJO,2,,26,FEMENINO,SIN DATOS,0,0,Morelia,Primo Tapia Oriente,noviembre,lunes,14,-101.15846157074,19.7135963509462
3175,3175,2016,,2016/11/28,14:25:00,COLISIÓN POR CORTE DE CIRCULACIÓN,ASFALTO,Bueno,Bueno,2,KENWORTH,BLANCO,2,,51,MASCULINO,SIN DATOS,0,0,Morelia,Jose Ma Pino Suarez,noviembre,lunes,14,-101.164855957031,19.7262309824448
3176,3176,2016,,2016/11/28,14:40:00,COLISIÓN POR CORTE DE CIRCULACIÓN,ASFALTO,Bueno,Bueno,2,KENWORTH,BLANCO Y ROJO,2,,28,MASCULINO,SIN DATOS,0,0,Morelia,Enrique Arreguin Robles,noviembre,lunes,15,-101.178873181343,19.7203076764396
3177,3177,2016,,2016/11/28,16:05:00,COLISIÓN CONTRA OBJETO FIJO,ASFALTO,Bueno,Bueno,2,MASA,"BLANCO, ROJO Y AZUL",2,,48,MASCULINO,SIN DATOS,0,0,Morelia,Nicolaitas Ilustres,noviembre,lunes,16,-101.22835457325,19.7194896066953
3178,3178,2016,,2016/11/28,16:20:00,COLISIÓN POR CORTE DE CIRCULACIÓN,CONCRETO,Bueno,Bueno,2,FIAT,BLANCO,2,,55,MASCULINO,SIN DATOS,0,0,Morelia,Centro,noviembre,lunes,16,-101.201162338257,19.7012574324264
3179,3179,2016,,2016/11/28,16:25:00,COLISIÓN POR CORTE DE CIRCULACIÓN,ASFALTO,Bueno,Bueno,2,Nissan,Blanco,0,MINISTERIO PÚBLICO,,,,0,0,Apatzingán,Fovissste,noviembre,lunes,16,-102.363256216049,19.0997653603688
3180,3180,2016,,2016/11/28,18:00:00,COLISIÓN POR CORTE DE CIRCULACIÓN,ASFALTO,Bueno,Bueno,2,CHEVROLET,ROJO,2,,54,MASCULINO,SIN DATOS,0,0,Morelia,Reforma,noviembre,lunes,18,-101.241449117661,19.7087381653129
3181,3181,2016,,2016/11/28,19:40:00,COLISIÓN CONTRA OBJETO FIJO,CONCRETO,Bueno,Bueno,3,HONDA,GUINDA,3,,47,FEMENINO,SIN DATOS,0,0,Morelia,Rincon Campestre,noviembre,lunes,20,-101.144334375858,19.687712944093
3182,3182,2016,,2016/11/28,20:20:00,COLISIÓN POR ALCANCE,ASFALTO,Bueno,Bueno,2,NISSAN,ROJO,2,,35,FEMENINO,SIN DATOS,0,0,Morelia,Lomas de Las Americas Norte,noviembre,lunes,20,-101.148612499237,19.6948597079632
3183,3183,2016,,2016/11/28,22:15:00,COLISIÓN POR CORTE DE CIRCULACIÓN,CONCRETO,Bueno,Regular,2,CHEVROLET,AZUL,2,,62,FEMENINO,SIN DATOS,0,0,Morelia,Matamoros,noviembre,lunes,22,-101.166070997715,19.6964784182891
3184,3184,2016,,2016/11/29,"08:50:00",COLISIÓN POR CORTE DE CIRCULACIÓN,ASFALTO,Bueno,Bueno,1,V.W.,NEGRO,1,,60,MASCULINO,SIN DATOS,0,0,Morelia,Pascual Ortiz de Ayala,noviembre,martes,9,-101.149363517761,19.694879910377
3185,3185,2016,,2016/11/29,"09:00:00",COLISIÓN POR CORTE DE CIRCULACIÓN,CONCRETO,Bueno,Bueno,2,FORD,ROJO,2,,50,MASCULINO,SIN DATOS,0,0,Morelia,Gertrudis Bocanegra,noviembre,martes,9,-101.209804415703,19.7032131886008
3186,3186,2016,,2016/11/29,"09:40:00",COLISIÓN POR CORTE DE CIRCULACIÓN,ASFALTO,Bueno,Bueno,2,NISSAN,BLANCO Y MORADO,2,,35,MASCULINO,SIN DATOS,0,0,Morelia,Division del Norte,noviembre,martes,10,-101.164062023163,19.7112834285827
3187,3187,2016,,2016/11/29,10:00:00,COLISIÓN CON PEATÓN,ASFALTO,Bueno,Bueno,1,HONDA,ROJO,2,,72,FEMENINO,SIN DATOS,1,0,Morelia,Cuauhtemoc,noviembre,martes,10,-101.178996562958,19.6948496067553
3188,3188,2016,,2016/11/29,10:45:00,COLISIÓN CON PEATÓN,ASFALTO,Bueno,Bueno,1,GENERAL MOTORS,AZUL,1,MINISTERIO PÚBLICO,43,MASCULINO,SIN DATOS,0,0,Tarímbaro,Cuto del Porvenir,noviembre,martes,11,-101.139063835144,19.8728446822423
3189,3189,2016,,2016/11/29,12:30:00,COLISIÓN CONTRA OBJETO FIJO,ASFALTO,Bueno,Bueno,2,CHEVROLET,BLANCO Y VERDE,2,,45,MASCULINO,SIN DATOS,0,0,Morelia,Centro,noviembre,martes,13,-101.191517114639,19.7040111403539
3190,3190,2016,,2016/11/29,14:40:00,COLISIÓN POR CORTE DE CIRCULACIÓN,ASFALTO,Bueno,Bueno,2,SUZUKI,PLATA,2,,18,FEMENINO,SIN DATOS,0,0,Morelia,Paseo de Las Lomas,noviembre,martes,15,-101.150243282318,19.6971728677788
3191,3191,2016,,2016/11/29,14:45:00,COLISIÓN POR CORTE DE CIRCULACIÓN,ASFALTO,Bueno,Regular,2,FORD,NEGRO,2,MINISTERIO PÚBLICO,,MASCULINO,SIN DATOS,0,0,Morelia,Los Angeles,noviembre,martes,15,-101.173943951726,19.7466055032367
3192,3192,2016,,2016/11/29,16:00:00,SALIDA DE SUPERFICIE DE RODAMIENTO,ASFALTO,Bueno,Bueno,1,FORD,BLANCO,2,,36,MASCULINO,SIN DATOS,1,0,Charo,Sin datos,noviembre,martes,16,-101.062760353088,19.7468724672478
3193,3193,2016,,2016/11/29,16:30:00,COLISIÓN POR CORTE DE CIRCULACIÓN,ASFALTO,Bueno,Bueno,2,NISSAN,BLANCO Y ROSA,1,,23,MASCULINO,SIN DATOS,0,0,Morelia,Centro,noviembre,martes,17,-101.197149753571,19.699061755146
3194,3194,2016,,2016/11/29,18:50:00,COLISIÓN POR CORTE DE CIRCULACIÓN,CONCRETO,Bueno,Bueno,2,SIN DATOS,SIN DATOS,1,,28,,SIN DATOS,0,0,Morelia,Clara Cordova Moran,noviembre,martes,19,-101.181987226009,19.7324595588637
3195,3195,2016,,2016/11/29,19:00:00,COLISIÓN POR CORTE DE CIRCULACIÓN,ASFALTO,Bueno,Regular,2,INTERNATIONAL,AMARILLO,1,,46,MASCULINO,SIN DATOS,0,0,Morelia,Mariano Escobedo,noviembre,martes,19,-101.213371753693,19.7208757779654
3196,3196,2016,,2016/11/29,23:10:00,COLISIÓN POR CORTE DE CIRCULACIÓN,CONCRETO,Bueno,Bueno,2,SIN DATOS,SIN DATOS,1,,31,MASCULINO,SIN DATOS,0,0,Morelia,Cruz del Barreno,noviembre,martes,23,-101.207900047302,19.7223604070861
3197,3197,2016,,2016/11/29,23:20:00,CAIDA DE MOTOCICLETA,ASFALTO,Bueno,Bueno,1,ITALIKA,NEGRO/GRIS,0,MINISTERIO PÚBLICO,,,,0,0,Lázaro Cárdenas,Jose Green,noviembre,martes,23,-102.200875282288,17.9651599780681
3198,3198,2016,,2016/11/30,"08:36:00",COLISIÓN POR CORTE DE CIRCULACIÓN,CONCRETO,Bueno,Bueno,2,TOYOTA,BLANCO Y GRIS,2,MINISTERIO PÚBLICO,29,MASCULINO,SIN DATOS,0,0,Morelia,Enrique Arreguin Robles,noviembre,miércoles,9,-101.184146404266,19.7198077454267
3199,3199,2016,,2016/11/30,"08:45:00",COLISIÓN POR CORTE DE CIRCULACIÓN,CONCRETO,Bueno,Bueno,2,SIN DATOS,AZUL,1,,22,FEMENINO,SIN DATOS,0,0,Morelia,Indeco Expropiacion Petrolera,noviembre,miércoles,9,-101.227512359619,19.6836646532862
3200,3200,2016,,2016/11/30,"09:00:00",COLISIÓN POR CORTE DE CIRCULACIÓN,ASFALTO,Bueno,Regular,2,VOLKSWAGEN,NEGRO,2,,28,FEMENINO,SIN DATOS,0,0,Morelia,Felicitas del Rio,noviembre,miércoles,9,-101.197026371956,19.6924556025115
3201,3201,2016,,2016/11/30,"09:00:00",COLISIÓN POR CORTE DE CIRCULACIÓN,CONCRETO,Bueno,Bueno,2,DODGE,VERDE,2,,43,FEMENINO,SIN DATOS,0,0,Morelia,Portales de Morelia,noviembre,miércoles,9,-101.15372210741,19.7014152574073
3202,3202,2016,,2016/11/30,"09:10:00",COLISIÓN POR CORTE DE CIRCULACIÓN,ASFALTO,Bueno,Bueno,2,NISSAN,BLANCO,2,,52,FEMENINO,SIN DATOS,0,0,Morelia,Prados Verdes,noviembre,miércoles,9,-101.203007698059,19.7152931460781
3203,3203,2016,,2016/11/30,"09:20:00",COLISIÓN POR CORTE DE CIRCULACIÓN,ASFALTO,Bueno,Regular,2,MERDES BENZ,BLANCO Y VERDE,2,,31,MASCULINO,SIN DATOS,0,0,Morelia,Las Flores,noviembre,miércoles,9,-101.206848621368,19.7024354343281
3204,3204,2016,,2016/11/30,10:35:00,VOLCADURA,TERRACERIA,Bueno,Malo,1,NISSAN,BLANCO,1,MINISTERIO PÚBLICO,,MASCULINO,SIN DATOS,0,0,Morelia,Sin datos,noviembre,miércoles,11,-101.302270889282,19.5883576260388
3205,3205,2016,,2016/11/30,10:40:00,CAIDA DE MOTOCICLETA,ASFALTO,Bueno,Bueno,1,ITALIKA,ROJO,1,,21,MASCULINO,SIN DATOS,0,0,Morelia,Morelia 450,noviembre,miércoles,11,-101.217105388641,19.675585443953
3206,3206,2016,,2016/11/30,12:45:00,COLISIÓN POR CORTE DE CIRCULACIÓN,ASFALTO,Bueno,Bueno,2,CHEVROLET,BLANCO,0,MINISTERIO PÚBLICO,,,,0,0,Tarímbaro,Los Angeles,noviembre,miércoles,13,-101.17251098156,19.7493211943183
3207,3207,2016,,2016/11/30,13:35:00,COLISIÓN POR CORTE DE CIRCULACIÓN,ASFALTO,Bueno,Bueno,2,INTERNATIONAL,BLANCO,2,,34,MASCULINO,SIN DATOS,0,0,Morelia,Indeco Santiaguito,noviembre,miércoles,14,-101.17790222168,19.7198481439505
3208,3208,2016,,2016/11/30,16:00:00,COLISIÓN CON PEATÓN,CONCRETO,Bueno,Bueno,1,CHEVROLET,BLANCO,2,MINISTERIO PÚBLICO,34,FEMENINO,SIN DATOS,0,1,Morelia,Villas del Pedregal,noviembre,miércoles,16,-101.302949488163,19.6715658918649
3209,3209,2016,,2016/11/30,16:20:00,COLISIÓN POR CORTE DE CIRCULACIÓN,ASFALTO,Bueno,Bueno,2,TOYOTA,BLANCO,2,,32,MASCULINO,SIN DATOS,0,0,Morelia,San Jose del Cerrito,noviembre,miércoles,16,-101.226101517677,19.6630528978515
3210,3210,2016,,2016/11/30,17:50:00,COLISIÓN POR CORTE DE CIRCULACIÓN,ASFALTO,Bueno,Bueno,3,CHRYSLER,BLANCO,3,,41,MASCULINO,SIN DATOS,0,0,Morelia,Nicolaitas Ilustres,noviembre,miércoles,18,-101.226750612259,19.7215196239204
3211,3211,2016,,2016/11/30,17:50:00,COLISIÓN POR CORTE DE CIRCULACIÓN,ASFALTO,Bueno,Regular,2,NISSAN,BLANCO Y ROJO,2,,40,MASCULINO,SIN DATOS,0,0,Morelia,Centro,noviembre,miércoles,18,-101.201669275761,19.7028445133455
3213,3213,2016,,2016/11/30,19:50:00,COLISIÓN POR CORTE DE CIRCULACIÓN,CONCRETO,Bueno,Bueno,1,BAJAJ,AZUL,2,MINISTERIO PÚBLICO,17,MASCULINO,SIN DATOS,1,0,Sahuayo,Lomas de Santiago,noviembre,miércoles,20,-102.727022767067,20.0500656308661
3214,3214,2016,,2016/11/30,20:00:00,COLISIÓN POR CORTE DE CIRCULACIÓN,ASFALTO,Bueno,Bueno,2,HONDA,PLATA,2,,33,MASCULINO,SIN DATOS,0,0,Morelia,Sin datos,noviembre,miércoles,20,-101.265371739864,19.6400714932825
3215,3215,2016,,2016/11/30,21:20:00,COLISIÓN CON PEATÓN,ASFALTO,Bueno,Bueno,1,V.W.,BLANCO,1,,39,MASCULINO,SIN DATOS,0,0,Morelia,Bosques Tres Marias,noviembre,miércoles,21,-101.105268001556,19.72936171193
3216,3216,2016,,2016/11/30,22:00:00,COLISIÓN POR CORTE DE CIRCULACIÓN,ASFALTO,Bueno,Bueno,1,SIN DATOS,SIN DATOS,0,,,,,0,0,Morelia,Los Manantiales de Morelia,noviembre,miércoles,22,-101.242497861385,19.6978092333927
3217,3217,2016,,2016/11/30,22:45:00,COLISIÓN POR CORTE DE CIRCULACIÓN,SIN_DATOS,Bueno,Bueno,3,MAZDA,BLANCO,3,,57,FEMENINO,SIN DATOS,0,0,Morelia,Real Universidad,noviembre,miércoles,23,-101.211681962013,19.6838793188115
3218,3218,2016,,2016/12/01,"01:40:00",COLISIÓN POR CORTE DE CIRCULACIÓN,ASFALTO,Bueno,Bueno,2,CHRYSLER,ALMENDRA,2,,46,MASCULINO,SIN DATOS,0,0,Morelia,Vasco de Quiroga,diciembre,jueves,2,-101.172816753387,19.7028798658041
3219,3219,2016,,2016/12/01,"03:20:00",SALIDA DE SUPERFICIE DE RODAMIENTO,ASFALTO,Bueno,Bueno,1,CHEVROLET,GRIS,1,,,,SIN DATOS,0,0,Morelia,Dr Miguel Silva,diciembre,jueves,3,-101.183883547783,19.7193027630182
3220,3220,2016,,2016/12/01,"03:30:00",COLISIÓN POR CORTE DE CIRCULACIÓN,ASFALTO,Bueno,Regular,2,FORD,BLANCO,2,,22,MASCULINO,SIN DATOS,0,0,Morelia,San Pascual,diciembre,jueves,4,-101.267359256744,19.6953647675442
3221,3221,2016,,2016/12/01,"04:50:00",COLISIÓN CONTRA OBJETO FIJO,CONCRETO,Bueno,Bueno,2,Chevrolet,Azul,1,,,,SIN DATOS,0,0,Apatzingán,Babilonia,diciembre,jueves,5,-102.356987893581,19.086970436775
3222,3222,2016,,2016/12/01,"08:00:00",COLISIÓN CON PEATÓN,ASFALTO,Bueno,Bueno,1,FORD,PLATA,2,,22,MASCULINO,SIN DATOS,1,0,Morelia,Centro,diciembre,jueves,8,-101.192461252213,19.7030616783247
3223,3223,2016,,2016/12/01,"08:30:00",COLISIÓN CON PEATÓN,ASFALTO,Bueno,Regular,1,CHEVROLET,BEIGE,2,,51,MASCULINO,SIN DATOS,1,0,Morelia,Libertad,diciembre,jueves,9,-101.237661838532,19.6865563000193
3224,3224,2016,,2016/12/01,"08:40:00",COLISIÓN POR ALCANCE,ASFALTO,Bueno,Bueno,4,MAZDA,GRIS,4,,20,MASCULINO,SIN DATOS,0,0,Morelia,Puerta Tres Marias,diciembre,jueves,9,-101.137969493866,19.6905161297852
3225,3225,2016,,2016/12/01,"09:25:00",COLISIÓN POR CORTE DE CIRCULACIÓN,CONCRETO,Bueno,Bueno,2,ITALIKA,ROJO,2,,20,MASCULINO,SIN DATOS,0,0,Morelia,Primo Tapia,diciembre,jueves,9,-101.212567090988,19.7094401368075
3226,3226,2016,,2016/12/01,"09:30:00",COLISIÓN POR CORTE DE CIRCULACIÓN,ASFALTO,Bueno,Bueno,2,KIA,CAFE,2,,30,MASCULINO,SIN DATOS,0,0,Morelia,Granjas del Maestro,diciembre,jueves,10,-101.189661026001,19.712354043093
3227,3227,2016,,2016/12/01,"09:30:00",COLISIÓN POR CORTE DE CIRCULACIÓN,ASFALTO,Bueno,Bueno,2,ITALIKA,NEGRO/ROJO,2,MINISTERIO PÚBLICO,24,MASCULINO,SIN DATOS,0,0,Zacapu,Ignacio Zaragoza,diciembre,jueves,10,-101.769104003906,19.8500801734122
3228,3228,2016,,2016/12/01,10:40:00,COLISIÓN POR ALCANCE,ASFALTO,Bueno,Bueno,2,NISSAN,BLANCO Y ROJO,2,,49,MASCULINO,SIN DATOS,0,0,Morelia,Centro,diciembre,jueves,11,-101.188051700592,19.7028849161546
3229,3229,2016,,2016/12/01,12:10:00,COLISIÓN POR CORTE DE CIRCULACIÓN,CONCRETO,Bueno,Bueno,2,NISSAN,BLANCO Y AZUL,2,,29,MASCULINO,SIN DATOS,0,0,Morelia,Centro,diciembre,jueves,12,-101.200207471848,19.7021324121594
3230,3230,2016,,2016/12/01,12:55:00,COLISIÓN POR CORTE DE CIRCULACIÓN,ASFALTO,Bueno,Bueno,2,CHEVROLET,AZUL,2,,43,FEMENINO,SIN DATOS,0,0,Morelia,Rinconada del Valle,diciembre,jueves,13,-101.219272613525,19.6791212530995
3231,3231,2016,,2016/12/01,14:05:00,SUBIDA AL CAMELLÓN,CONCRETO,Bueno,Bueno,1,NISSAN,ROJO,1,,29,MASCULINO,SIN DATOS,0,0,Morelia,Industrial,diciembre,jueves,14,-101.194113492966,19.7072887611842
3232,3232,2016,,2016/12/01,15:50:00,COLISIÓN POR CORTE DE CIRCULACIÓN,ASFALTO,Bueno,Bueno,2,CHEVROLET,BLANCO Y ROSA,2,,36,MASCULINO,SIN DATOS,0,0,Morelia,Pascual Ortiz de Ayala,diciembre,jueves,16,-101.149492263794,19.6947687970694
3233,3233,2016,,2016/12/01,16:20:00,COLISIÓN POR CORTE DE CIRCULACIÓN,CONCRETO,Bueno,Bueno,2,HONDA,GRIS,2,,,FEMENINO,SIN DATOS,0,0,Morelia,Insurgentes,diciembre,jueves,16,-101.155554056168,19.6975062024635
3234,3234,2016,,2016/12/01,18:00:00,COLISIÓN POR CORTE DE CIRCULACIÓN,ASFALTO,Bueno,Bueno,2,VOLKSWAGEN,ROJO,2,,26,MASCULINO,SIN DATOS,0,0,Morelia,El Lago 1,diciembre,jueves,18,-101.216134428978,19.7270591168565
3235,3235,2016,,2016/12/01,19:20:00,COLISIÓN POR CORTE DE CIRCULACIÓN,ASFALTO,Bueno,Regular,2,KENWORTH,ROJO,2,,38,MASCULINO,SIN DATOS,0,0,Morelia,Libertad,diciembre,jueves,19,-101.236953735352,19.68500062582
3236,3236,2016,,2016/12/01,19:30:00,COLISIÓN CONTRA OBJETO FIJO,ASFALTO,Bueno,Bueno,2,RENAULT,GRIS,2,,72,FEMENINO,SIN DATOS,0,0,Morelia,Juarez,diciembre,jueves,20,-101.200185678899,19.6958594087267
3237,3237,2016,,2016/12/01,20:20:00,COLISIÓN POR CORTE DE CIRCULACIÓN,ASFALTO,Bueno,Bueno,2,Nissan,Verde/Blanco,2,MINISTERIO PÚBLICO,15,MASCULINO,SIN DATOS,1,0,Apatzingán,Lazaro Cardenas,diciembre,jueves,20,-102.349684238434,19.0972612019844
3238,3238,2016,,2016/12/01,21:00:00,COLISIÓN POR ALCANCE,ASFALTO,Bueno,Bueno,2,VOLKSWAGEN,ROJO,2,,40,,CON CERTIFICADO,0,0,Morelia,Asociacion Zirahuen,diciembre,jueves,21,-101.249447464943,19.6988862511764
3239,3239,2016,,2016/12/01,22:30:00,COLISIÓN POR CORTE DE CIRCULACIÓN,ASFALTO,Bueno,Bueno,2,NISSAN,PLATA,2,,28,FEMENINO,SIN DATOS,0,0,Morelia,Fray Antonio de Lisboa,diciembre,jueves,23,-101.146804690361,19.6942182799982
3240,3240,2016,,2016/12/01,22:40:00,COLISIÓN POR ALCANCE,ASFALTO,Bueno,Bueno,2,NISSAN,BLANCO,2,,23,FEMENINO,SIN DATOS,0,0,Morelia,Enrique Arreguin Robles,diciembre,jueves,23,-101.178900003433,19.7203430250379
3241,3241,2016,,2016/12/02,"00:00:00",COLISIÓN POR CORTE DE CIRCULACIÓN,ASFALTO,Bueno,Bueno,2,CHEVROLET,GRIS,2,,22,MASCULINO,SIN DATOS,0,0,Pátzcuaro,Sin datos,diciembre,viernes,0,-101.638212203979,19.5368192554768
3242,3242,2016,,2016/12/02,"00:30:00",COLISIÓN POR ALCANCE,ASFALTO,Bueno,Bueno,2,CHEVROLET,NEGRO,2,,57,MASCULINO,SIN DATOS,0,0,Morelia,Loma de Los Piñones,diciembre,viernes,1,-101.205067634583,19.6742519185265
3243,3243,2016,,2016/12/02,"01:42:00",COLISIÓN POR CORTE DE CIRCULACIÓN,CONCRETO,Bueno,Bueno,1,HONDA,GRIS,1,,,,SIN DATOS,0,0,Morelia,Infonavit Benito Juarez,diciembre,viernes,2,-101.197922229767,19.6841823755339
3244,3244,2016,,2016/12/02,"03:45:00",COLISIÓN POR CORTE DE CIRCULACIÓN,ASFALTO,Bueno,Bueno,1,NISSAN,AZUL,1,,,,SIN DATOS,0,0,Morelia,Sentimientos de La Nacion,diciembre,viernes,4,-101.233305931091,19.6783534840314
3245,3245,2016,,2016/12/02,"07:25:00",COLISIÓN CONTRA OBJETO FIJO,ASFALTO,Bueno,Bueno,1,MAZDA,ROJO,1,,42,MASCULINO,SIN DATOS,0,0,Morelia,Elias Perez Avalos,diciembre,viernes,7,-101.165950298309,19.7104552124408
3246,3246,2016,,2016/12/02,"07:40:00",COLISIÓN POR CORTE DE CIRCULACIÓN,ASFALTO,Bueno,Bueno,2,NISSAN,BLANCO,2,,26,MASCULINO,SIN DATOS,0,0,Morelia,Lomas del Tecnologico,diciembre,viernes,8,-101.188631057739,19.7202521286265
3247,3247,2016,,2016/12/02,11:15:00,COLISIÓN POR ALCANCE,ASFALTO,Bueno,Bueno,2,VOLVO,BLANCO Y VERDE,2,,20,MASCULINO,SIN DATOS,0,0,Morelia,Morelos,diciembre,viernes,11,-101.206870079041,19.7019505985827
3248,3248,2016,,2016/12/02,11:30:00,COLISIÓN CON PEATÓN,ASFALTO,Bueno,Bueno,2,CHEVROLET,BLANCO,2,,,MASCULINO,SIN DATOS,0,0,Morelia,Libertad,diciembre,viernes,12,-101.236943006516,19.6848693019817
3249,3249,2016,,2016/12/02,12:15:00,COLISIÓN POR CORTE DE CIRCULACIÓN,ASFALTO,Bueno,Bueno,2,RENAULT,GRIS,2,,,MASCULINO,SIN DATOS,0,0,Morelia,Cosmos,diciembre,viernes,12,-101.217566728592,19.6813033135192
3250,3250,2016,,2016/12/02,12:50:00,COLISIÓN POR ALCANCE,ASFALTO,Bueno,Bueno,2,VW,PLATA,2,,82,MASCULINO,SIN DATOS,0,0,Morelia,Josefa Ortiz de Dominguez,diciembre,viernes,13,-101.210035085678,19.6720899673624
3251,3251,2016,,2016/12/02,13:10:00,COLISIÓN POR ALCANCE,ASFALTO,Bueno,Bueno,3,TOYOTA,BLANCO,3,,39,MASCULINO,SIN DATOS,0,0,Morelia,Fovissste La Huerta,diciembre,viernes,13,-101.212062835693,19.6924960079434
3252,3252,2016,,2016/12/02,15:20:00,COLISIÓN POR CORTE DE CIRCULACIÓN,CONCRETO,Bueno,Bueno,2,NISSAN,ROJO,2,,47,FEMENINO,SIN DATOS,0,0,Morelia,Centro,diciembre,viernes,15,-101.187407970428,19.7047080822998
3253,3253,2016,,2016/12/02,15:35:00,COLISIÓN CON PEATÓN,ASFALTO,Bueno,Bueno,1,SIN DATOS,SIN DATOS,2,,,,SIN DATOS,1,0,Morelia,La Soledad,diciembre,viernes,16,-101.183309555054,19.7276650661457
3254,3254,2016,,2016/12/02,15:40:00,COLISIÓN POR CORTE DE CIRCULACIÓN,ASFALTO,Bueno,Bueno,2,STARLING,AZUL,2,,35,MASCULINO,SIN DATOS,0,0,Morelia,Felix Ireta,diciembre,viernes,16,-101.190756708384,19.6907484636942
3255,3255,2016,,2016/12/02,16:15:00,COLISIÓN POR CORTE DE CIRCULACIÓN,CONCRETO,Bueno,Bueno,2,MEXICANA DE AUTOBUSES,ROJO,2,,53,MASCULINO,SIN DATOS,0,0,Morelia,Centro,diciembre,viernes,16,-101.190004348755,19.6998193240293
3256,3256,2016,,2016/12/02,16:50:00,COLISIÓN POR CORTE DE CIRCULACIÓN,ASFALTO,Bueno,Bueno,2,INTERNATIONAL,BLANCO,2,,18,MASCULINO,SIN DATOS,0,0,Morelia,Dr Miguel Silva,diciembre,viernes,17,-101.18833065033,19.7132226495988
3257,3257,2016,,2016/12/02,17:00:00,COLISIÓN POR CORTE DE CIRCULACIÓN,ASFALTO,Bueno,Bueno,2,JEEP,BLANCO,2,,51,MASCULINO,SIN DATOS,0,0,Morelia,Rinconada del Valle,diciembre,viernes,17,-101.219111680984,19.6789091067512
3258,3258,2016,,2016/12/02,18:15:00,SALIDA DE SUPERFICIE DE RODAMIENTO,ASFALTO,Bueno,Malo,1,FORD,BLANCO,1,,43,MASCULINO,SIN DATOS,0,0,Zacapu,Sin datos,diciembre,viernes,18,-101.77339553833,19.789560763899
3259,3259,2016,,2016/12/02,18:40:00,COLISIÓN POR CORTE DE CIRCULACIÓN,ASFALTO,Bueno,Bueno,2,ITALIKA,ROJO,2,,,MASCULINO,SIN DATOS,0,0,Morelia,Centro,diciembre,viernes,19,-101.185820102692,19.6990592299104
3260,3260,2016,,2016/12/02,19:50:00,COLISIÓN POR CORTE DE CIRCULACIÓN,ASFALTO,Bueno,Bueno,2,BMW,BLANCO,2,,53,MASCULINO,SIN DATOS,0,0,Morelia,Asociacion Zirahuen,diciembre,viernes,20,-101.250171661377,19.6987991304293
3261,3261,2016,,2016/12/02,20:00:00,COLISIÓN POR ALCANCE,ASFALTO,Bueno,Bueno,2,CHEVROLET,NEGRO,2,,46,MASCULINO,SIN DATOS,0,0,Morelia,Los Manantiales de Morelia,diciembre,viernes,20,-101.240451335907,19.6929404670218
3262,3262,2016,,2016/12/02,23:30:00,COLISIÓN POR CORTE DE CIRCULACIÓN,ASFALTO,Nublado,Bueno,2,FREIGHLINER,BLANCO,2,,41,MASCULINO,SIN DATOS,0,0,Jiménez,Sin datos,diciembre,viernes,0,-101.753740310669,19.9393031696307
3263,3263,2016,,2016/12/03,"02:00:00",SALIDA DE SUPERFICIE DE RODAMIENTO,ASFALTO,Bueno,Bueno,1,NISSAN,BLANCO,1,,34,MASCULINO,SIN DATOS,0,0,Morelia,Ampliacion La Soledad,diciembre,sábado,2,-101.183309555054,19.7304322053566
3264,3264,2016,,2016/12/03,"02:40:00",COLISIÓN POR CORTE DE CIRCULACIÓN,ASFALTO,Bueno,Bueno,1,CHRYSLER,BLANCO,1,,35,MASCULINO,CON CERTIFICADO,0,0,Morelia,Rafael Carrillo,diciembre,sábado,3,-101.236438751221,19.7077887313396
3265,3265,2016,,2016/12/03,"05:10:00",SUBIDA AL CAMELLÓN,ASFALTO,Bueno,Regular,1,HONDA,BLANCO,1,,26,MASCULINO,SIN DATOS,0,0,Morelia,Lomas del Pedregal,diciembre,sábado,5,-101.284310817719,19.6904959268206
3266,3266,2016,,2016/12/03,"05:54:00",COLISIÓN POR CORTE DE CIRCULACIÓN,ASFALTO,Bueno,Bueno,1,TOYOTA,GRIS,0,,,,,0,0,Morelia,Enrique Arreguin Robles,diciembre,sábado,6,-101.183931827545,19.7194239589417
3267,3267,2016,,2016/12/03,"06:00:00",VOLCADURA,ASFALTO,Bueno,Bueno,1,DODGE,BLANCO,1,,50,MASCULINO,SIN DATOS,0,0,Coeneo,Sin datos,diciembre,sábado,6,-101.575813293457,19.8405939973875
3268,3268,2016,,2016/12/03,"08:30:00",COLISIÓN CONTRA OBJETO FIJO,ASFALTO,Bueno,Bueno,1,VOLKSWAGEN,BLANCO,0,,,,,0,0,Morelia,Leandro Valle,diciembre,sábado,9,-101.231160163879,19.7261880607273