fid,id_accidente,anio_origen,folio_c5i,dia_incidente,hora_ocurrencia,tipo_incidente_vial,superficie_ocurrencia,condiciones_climaticas,condiciones_via,numero_vehiculos_involucrados,marca_vehiculo_ocasiona_siniestro,color_vehiculo_ocasiona_siniestro,numero_personas_involucradas,lugar_remite_presunto_responsable,edad_presunto_responsable,sexo_presunto_responsable,resultados_toxicologia,numero_personas_lesionadas,numero_personas_fallecidas,municipio,colonia,mes,dia_semana,hora_redondeada,lon,lat
3269,3269,2016,,2016/12/03,"08:40:00",COLISIÓN POR CORTE DE CIRCULACIÓN,ASFALTO,Bueno,Bueno,3,V.W.,GRIS,3,,33,FEMENINO,CON CERTIFICADO,0,0,Morelia,Enrique Arreguin Robles,diciembre,sábado,9,-101.184210777283,19.7197471476219
3270,3270,2016,,2016/12/03,"08:50:00",COLISIÓN POR CORTE DE CIRCULACIÓN,ASFALTO,Bueno,Bueno,2,FORD,PLATA,2,,52,FEMENINO,SIN DATOS,0,0,Morelia,Canteras de Morelia,diciembre,sábado,9,-101.173846721649,19.7166768287788
3271,3271,2016,,2016/12/03,"09:25:00",COLISIÓN POR CORTE DE CIRCULACIÓN,CONCRETO,Bueno,Bueno,2,NISSAN,ROJO,2,,39,MASCULINO,SIN DATOS,0,0,Morelia,Ventura Puente,diciembre,sábado,9,-101.195282936096,19.6926980349502
3272,3272,2016,,2016/12/03,"09:25:00",COLISIÓN POR ALCANCE,ASFALTO,Bueno,Bueno,2,NISSAN,BLANCO,2,,43,MASCULINO,SIN DATOS,0,0,Morelia,Los Alamos,diciembre,sábado,9,-101.229668855667,19.7035364100437
3273,3273,2016,,2016/12/03,"09:30:00",SALIDA DE SUPERFICIE DE RODAMIENTO,ASFALTO,Bueno,Bueno,1,ITALIKA,NEGRO/VERDE,2,,23,MASCULINO,SIN DATOS,1,0,Puruándiro,Sin datos,diciembre,sábado,10,-101.581263542175,20.1000475114947
3274,3274,2016,,2016/12/03,11:00:00,COLISIÓN POR CORTE DE CIRCULACIÓN,ASFALTO,Bueno,Bueno,2,CHEVROLET,ROJO,2,,56,MASCULINO,SIN DATOS,0,0,Morelia,Libertad,diciembre,sábado,11,-101.237468719482,19.6860714161756
3275,3275,2016,,2016/12/03,14:25:00,COLISIÓN POR CORTE DE CIRCULACIÓN,ASFALTO,Bueno,Malo,2,PETERBILT,BLANCO,2,,52,MASCULINO,SIN DATOS,0,0,Morelia,Sentimientos de La Nacion,diciembre,sábado,14,-101.235666275024,19.6818690280353
3276,3276,2016,,2016/12/03,15:00:00,COLISIÓN POR ALCANCE,CONCRETO,Bueno,Bueno,2,FORD,ROJO,2,,35,MASCULINO,SIN DATOS,0,0,Morelia,Felix Ireta,diciembre,sábado,15,-101.180251836777,19.688010942741
3277,3277,2016,,2016/12/03,15:45:00,COLISIÓN POR CORTE DE CIRCULACIÓN,ASFALTO,Bueno,Bueno,2,V.W.,GRIS,2,,21,MASCULINO,SIN DATOS,0,0,Morelia,Independencia,diciembre,sábado,16,-101.176990270615,19.7053242168539
3278,3278,2016,,2016/12/03,16:30:00,COLISIÓN CONTRA OBJETO FIJO,ASFALTO,Bueno,Bueno,1,HONDA,BLANCO,1,,24,MASCULINO,SIN DATOS,0,0,Morelia,De Dolores,diciembre,sábado,17,-101.37758731842,19.6723728411357
3279,3279,2016,,2016/12/03,18:05:00,COLISIÓN POR CORTE DE CIRCULACIÓN,ASFALTO,Bueno,Bueno,2,HONDA,ROJO,2,,29,FEMENINO,SIN DATOS,0,0,Morelia,Indeco Santiaguito,diciembre,sábado,18,-101.17790222168,19.7197673468927
3280,3280,2016,,2016/12/03,19:30:00,COLISIÓN POR CORTE DE CIRCULACIÓN,ASFALTO,Bueno,Bueno,1,CHEVROLET,NARANJA,1,,,MASCULINO,SIN DATOS,0,0,Morelia,Alberto Oviedo Mota,diciembre,sábado,20,-101.199477910995,19.6812224969966
3281,3281,2016,,2016/12/03,20:15:00,COLISIÓN POR CORTE DE CIRCULACIÓN,ASFALTO,Bueno,Bueno,2,RENAULT,SIN DATO,2,,43,MASCULINO,SIN DATOS,0,0,Morelia,Primo Tapia Oriente,diciembre,sábado,20,-101.157925128937,19.7142528511983
3282,3282,2016,,2016/12/03,21:15:00,COLISIÓN POR CORTE DE CIRCULACIÓN,CONCRETO,Bueno,Bueno,2,CHEVROLET,NARANJA,2,,45,MASCULINO,SIN DATOS,0,0,Morelia,Industrial,diciembre,sábado,21,-101.188223361969,19.7121318406708
3283,3283,2016,,2016/12/03,21:25:00,COLISIÓN POR ALCANCE,CONCRETO,Bueno,Bueno,2,CHEVROLET,NEGRO,2,,31,MASCULINO,SIN DATOS,0,0,Morelia,Centro,diciembre,sábado,21,-101.190538108349,19.7008218346716
3284,3284,2016,,2016/12/04,"00:00:00",SALIDA DE SUPERFICIE DE RODAMIENTO,ASFALTO,Bueno,Bueno,1,RENAULT,NEGRO,0,,,,,0,0,Morelia,Ignaci0 Ramirez,diciembre,domingo,0,-101.223928928375,19.7253826451827
3286,3286,2016,,2016/12/04,"00:05:00",COLISIÓN POR CORTE DE CIRCULACIÓN,ASFALTO,Bueno,Bueno,1,V.W.,CAFE,1,,24,MASCULINO,CON CERTIFICADO,0,0,Morelia,Irrigacion,diciembre,domingo,0,-101.224752366543,19.7048172948477
3287,3287,2016,,2016/12/04,"00:05:00",COLISIÓN POR CORTE DE CIRCULACIÓN,ASFALTO,Bueno,Bueno,2,FORD,BLANCO,2,,28,MASCULINO,SIN DATOS,0,0,Morelia,Felix Ireta,diciembre,domingo,0,-101.19167804718,19.6828388197004
3288,3288,2016,,2016/12/04,"02:40:00",COLISIÓN POR CORTE DE CIRCULACIÓN,ASFALTO,Bueno,Bueno,3,FORD,BLANCO,1,,20,MASCULINO,CON CERTIFICADO,0,0,Queréndaro,Centro,diciembre,domingo,3,-100.888803005219,19.8091442811644
3289,3289,2016,,2016/12/04,"03:00:00",COLISIÓN POR CORTE DE CIRCULACIÓN,ASFALTO,Lluvioso,Regular,3,CHRYSLER,BLANCO,3,MINISTERIO PÚBLICO,,MASCULINO,SIN DATOS,0,0,Lázaro Cárdenas,El Palmar 77,diciembre,domingo,3,-102.216346263885,17.9744469606126
3290,3290,2016,,2016/12/04,"04:40:00",COLISIÓN POR CORTE DE CIRCULACIÓN,ASFALTO,Bueno,Bueno,1,HONDA,PLATA,1,,39,MASCULINO,CON CERTIFICADO,0,0,Morelia,Felix Ireta,diciembre,domingo,5,-101.195712089539,19.6817680077325
3291,3291,2016,,2016/12/04,"07:40:00",COLISIÓN POR CORTE DE CIRCULACIÓN,ASFALTO,Bueno,Bueno,1,V.W.,ROJO,1,,,,,1,0,Morelia,Cuauhtemoc,diciembre,domingo,8,-101.178857088089,19.6963344774723
3292,3292,2016,,2016/12/04,"08:20:00",COLISIÓN POR ALCANCE,ASFALTO,Bueno,Bueno,2,MITSUBISHI,BLANCO,2,,32,MASCULINO,CON CERTIFICADO,0,0,Morelia,Guadalupe,diciembre,domingo,8,-101.226246356964,19.7091623786708
3293,3293,2016,,2016/12/04,"09:35:00",SUBIDA AL CAMELLÓN,ASFALTO,Bueno,Bueno,1,FORD,NEGRO,1,,37,MASCULINO,SIN DATOS,0,0,Morelia,Los Angeles,diciembre,domingo,10,-101.177000999451,19.7409145826418
3294,3294,2016,,2016/12/04,12:10:00,COLISIÓN POR ALCANCE,ASFALTO,Bueno,Bueno,3,VOLKSWAGEN,BLANCO,3,,29,MASCULINO,SIN DATOS,0,0,Morelia,Los Angeles,diciembre,domingo,12,-101.177525371313,19.7395942247277
3295,3295,2016,,2016/12/04,12:34:00,COLISIÓN POR CORTE DE CIRCULACIÓN,ASFALTO,Bueno,Bueno,2,Italika,Rojo/Negro,2,,17,MASCULINO,SIN DATOS,0,0,Apatzingán,18 de Marzo,diciembre,domingo,13,-102.3629279136,19.0992381722792
3296,3296,2016,,2016/12/04,13:00:00,COLISIÓN POR ALCANCE,ASFALTO,Nublado,Regular,2,NISSAN,BLANCO,2,,37,MASCULINO,SIN DATOS,0,0,Morelia,Arcos del Valle,diciembre,domingo,13,-101.236299276352,19.7077129783862
3297,3297,2016,,2016/12/04,13:20:00,COLISIÓN CON PEATÓN,ASFALTO,Bueno,Bueno,1,FORD,BLANCO Y ROJO,2,MINISTERIO PÚBLICO,35,MASCULINO,SIN DATOS,1,0,Morelia,Gertrudis Sanchez,diciembre,domingo,13,-101.199606657028,19.7398492086554
3298,3298,2016,,2016/12/04,13:30:00,COLISIÓN POR CORTE DE CIRCULACIÓN,ASFALTO,Lluvioso,Regular,3,WOLKSWAGEN,BLANCO,3,MINISTERIO PÚBLICO,23,FEMENINO,SIN DATOS,0,0,Lázaro Cárdenas,600 Casas,diciembre,domingo,14,-102.215461134911,17.9658080415958
3299,3299,2016,,2016/12/04,15:10:00,COLISIÓN POR ALCANCE,ASFALTO,Bueno,Bueno,2,VOLKSWAGEN,BLANCO,2,,40,MASCULINO,SIN DATOS,0,0,Morelia,Josefa Ortiz de Dominguez,diciembre,domingo,15,-101.21000289917,19.6721909937674
3300,3300,2016,,2016/12/04,15:55:00,COLISIÓN POR ALCANCE,ASFALTO,Nublado,Bueno,3,FORD,NEGRO,3,,28,MASCULINO,CON CERTIFICADO,0,0,Morelia,Pascual Ortiz de Ayala,diciembre,domingo,16,-101.151412725449,19.6974961014227
3301,3301,2016,,2016/12/04,16:15:00,COLISIÓN POR ALCANCE,ASFALTO,Bueno,Bueno,2,VOLKSWAGEN,ROJO,2,,39,MASCULINO,SIN DATOS,0,0,Morelia,Villa Universidad,diciembre,domingo,16,-101.206022500992,19.6866169103965
3302,3302,2016,,2016/12/04,17:00:00,COLISIÓN POR CORTE DE CIRCULACIÓN,ASFALTO,Bueno,Bueno,1,FORD,ROJO RUBI,1,,36,MASCULINO,SIN DATOS,0,0,Jiménez,Sin datos,diciembre,domingo,17,-101.754641532898,19.9125133069187
3303,3303,2016,,2016/12/04,18:05:00,COLISIÓN CONTRA OBJETO FIJO,ASFALTO,Lluvioso,Bueno,1,HONDA,GUINDA,1,,20,MASCULINO,SIN DATOS,0,0,Morelia,El Lago 3,diciembre,domingo,18,-101.220946311951,19.7275438764717
3304,3304,2016,,2016/12/04,18:40:00,SUBIDA AL CAMELLÓN,ASFALTO,Bueno,Bueno,1,NISSAN,GRIS,1,,20,MASCULINO,SIN DATOS,0,0,Morelia,Jardines de Torremolinos,diciembre,domingo,19,-101.225752830505,19.6769189582816
3305,3305,2016,,2016/12/04,18:59:00,COLISIÓN POR CORTE DE CIRCULACIÓN,ASFALTO,Nublado,Regular,2,VW,AZUL,2,,27,FEMENINO,SIN DATOS,0,0,Zinapécuaro,La Esperanza,diciembre,domingo,19,-100.816683769226,19.8759927081536
3306,3306,2016,,2016/12/04,19:40:00,SUBIDA AL CAMELLÓN,ASFALTO,Bueno,Bueno,1,HONDA,NEGRO,1,,56,FEMENINO,SIN DATOS,0,0,Morelia,Justo Mendoza,diciembre,domingo,20,-101.232876777649,19.7123742432979
3307,3307,2016,,2016/12/04,20:15:00,COLISIÓN POR CORTE DE CIRCULACIÓN,CONCRETO,Bueno,Bueno,2,HONDA,VERDE,2,,16,MASCULINO,SIN DATOS,0,0,Morelia,Indeco Expropiacion Petrolera,diciembre,domingo,20,-101.228215098381,19.6843743111615
3308,3308,2016,,2016/12/04,20:40:00,COLISIÓN POR CORTE DE CIRCULACIÓN,ASFALTO,Bueno,Bueno,2,NISSAN,ROJO,2,,30,MASCULINO,SIN DATOS,0,0,Morelia,Valle de Las Flores,diciembre,domingo,21,-101.129332780838,19.6865765034809
3309,3309,2016,,2016/12/04,21:20:00,COLISIÓN POR CORTE DE CIRCULACIÓN,CONCRETO,Bueno,Bueno,2,SEAT,NEGRO,2,,25,MASCULINO,SIN DATOS,0,0,Morelia,Centro,diciembre,domingo,21,-101.177746653557,19.7033343967184
3310,3310,2016,,2016/12/04,21:30:00,COLISIÓN POR ALCANCE,ASFALTO,Bueno,Bueno,2,FORD,BLANCO,2,,20,MASCULINO,SIN DATOS,0,0,Morelia,Centro,diciembre,domingo,22,-101.188034266233,19.6958691942101
3311,3311,2016,,2016/12/04,21:45:00,COLISIÓN POR CORTE DE CIRCULACIÓN,ASFALTO,Bueno,Bueno,2,ITALIKA,BLANCO,4,MINISTERIO PÚBLICO,,,SIN DATOS,2,0,Morelia,Centro,diciembre,domingo,22,-101.20167195797,19.7028849161546
3312,3312,2016,,2016/12/04,23:15:00,SALIDA DE SUPERFICIE DE RODAMIENTO,ASFALTO,Bueno,Regular,1,SEAT,BLANCO,1,,,MASCULINO,SIN DATOS,0,0,Morelia,Rector Diaz Rubio,diciembre,domingo,23,-101.19657844305,19.6689025515887
3314,3314,2016,,2016/12/05,"00:20:00",SUBIDA AL CAMELLÓN,ASFALTO,Bueno,Bueno,1,BMW,BLANCO,1,,37,MASCULINO,CON CERTIFICADO,0,0,Morelia,Villas de La Esperanza,diciembre,lunes,0,-101.27515912056,19.6928798590383
3315,3315,2016,,2016/12/05,"00:35:00",COLISIÓN POR CORTE DE CIRCULACIÓN,ASFALTO,Bueno,Bueno,3,GMC,NEGRO,3,,30,MASCULINO,SIN DATOS,0,0,Morelia,Centro,diciembre,lunes,1,-101.178206652403,19.703321139585
3316,3316,2016,,2016/12/05,"01:45:00",COLISIÓN CONTRA OBJETO FIJO,ASFALTO,Bueno,Bueno,2,GMC,BLANCO,2,,48,MASCULINO,SIN DATOS,0,0,Morelia,Ventura Puente,diciembre,lunes,2,-101.18410885334,19.6897900841464
3317,3317,2016,,2016/12/05,"02:00:00",COLISIÓN CONTRA OBJETO FIJO,ASFALTO,Nublado,Bueno,1,NISSAN,BLANCO,1,,,,SIN DATOS,0,0,Morelia,Jardines de Guadalupe,diciembre,lunes,2,-101.226894110441,19.7118616623098
3318,3318,2016,,2016/12/05,"08:35:00",COLISIÓN POR CORTE DE CIRCULACIÓN,ASFALTO,Bueno,Bueno,3,HONDA,VERDE,3,,23,MASCULINO,SIN DATOS,0,0,Morelia,Rafael Carrillo,diciembre,lunes,9,-101.235065460205,19.7099097994685
3319,3319,2016,,2016/12/05,"09:15:00",COLISIÓN POR CORTE DE CIRCULACIÓN,CONCRETO,Bueno,Bueno,2,CHEVROLET,ARENA,2,,40,FEMENINO,SIN DATOS,0,0,Morelia,Cuauhtemoc,diciembre,lunes,9,-101.178835630417,19.6962940730093
3320,3320,2016,,2016/12/05,"09:40:00",COLISIÓN POR CORTE DE CIRCULACIÓN,ADOQUIN_EMPEDRADO,Bueno,Bueno,2,MERCEDEZ BENZ,BLANCO,2,,26,MASCULINO,SIN DATOS,0,0,Morelia,Centro,diciembre,lunes,10,-101.194252967834,19.7020415053969
3321,3321,2016,,2016/12/05,"09:40:00",COLISIÓN POR CORTE DE CIRCULACIÓN,ASFALTO,Bueno,Bueno,2,FORD,NEGRO,2,,26,FEMENINO,SIN DATOS,0,0,Morelia,Tzindurio de Morelos,diciembre,lunes,10,-101.243761181831,19.6998193240293
3322,3322,2016,,2016/12/05,11:30:00,COLISIÓN POR CORTE DE CIRCULACIÓN,CONCRETO,Bueno,Bueno,3,CHEVROLET,BLANCO,2,,26,MASCULINO,SIN DATOS,0,0,Morelia,Lazaro Cardenas,diciembre,lunes,12,-101.161229610443,19.7098845488229
3323,3323,2016,,2016/12/05,14:20:00,COLISIÓN POR CORTE DE CIRCULACIÓN,ASFALTO,Bueno,Bueno,2,FORD,BLANCO,2,,28,MASCULINO,SIN DATOS,0,0,Morelia,Torreon Nuevo,diciembre,lunes,14,-101.198662519455,19.7346787619086
3324,3324,2016,,2016/12/05,15:00:00,VOLCADURA,ASFALTO,Bueno,Bueno,1,NISSAN,BLANCO,1,MINISTERIO PÚBLICO,44,MASCULINO,SIN DATOS,0,0,Jacona,Sin datos,diciembre,lunes,15,-102.348289489746,19.9666531907475
3325,3325,2016,,2016/12/05,15:40:00,COLISIÓN POR CORTE DE CIRCULACIÓN,ASFALTO,Bueno,Bueno,2,VOLKSWAGEN,GRIS,2,,32,MASCULINO,SIN DATOS,0,0,Morelia,Las Americas,diciembre,lunes,16,-101.151085495949,19.6897837706916
3326,3326,2016,,2016/12/05,16:50:00,COLISIÓN POR ALCANCE,ASFALTO,Bueno,Bueno,2,MERCEDEZ BENZ,GRIS,2,,35,MASCULINO,SIN DATOS,0,0,Morelia,Felix Arreguin,diciembre,lunes,17,-101.227222681046,19.7205753156322
3327,3327,2016,,2016/12/05,17:15:00,COLISIÓN POR CORTE DE CIRCULACIÓN,ASFALTO,Bueno,Bueno,2,FREIGHTLINER,BLANCO,2,,28,MASCULINO,SIN DATOS,0,0,Morelia,Fuentes de Morelia,diciembre,lunes,17,-101.204949617386,19.6737770999759
3328,3328,2016,,2016/12/05,18:25:00,COLISIÓN POR ALCANCE,ASFALTO,Bueno,Bueno,3,FORD,NEGRO,3,,53,MASCULINO,SIN DATOS,0,0,Morelia,Union Popular Solidaria,diciembre,lunes,18,-101.217452064157,19.7044221092057
3329,3329,2016,,2016/12/05,19:10:00,COLISIÓN POR CORTE DE CIRCULACIÓN,CONCRETO,Bueno,Bueno,1,DODGE,AZUL,1,,,,SIN DATOS,0,0,Morelia,Valle de Las Rosas,diciembre,lunes,19,-101.240427196026,19.6926626802424
3330,3330,2016,,2016/12/05,19:30:00,COLISIÓN POR CORTE DE CIRCULACIÓN,ASFALTO,Bueno,Regular,2,CHEVROLET,BLANCO,3,,66,MASCULINO,SIN DATOS,1,0,Puruándiro,Los Lemus,diciembre,lunes,20,-101.536417007446,20.0920071476723
3331,3331,2016,,2016/12/05,19:45:00,CAIDA DE MOTOCICLETA,ASFALTO,Bueno,Bueno,1,BAJAJ,ROJA,1,,24,MASCULINO,SIN DATOS,0,0,Morelia,Union Popular Solidaria,diciembre,lunes,20,-101.220012903214,19.7055540041334
3332,3332,2016,,2016/12/05,20:00:00,COLISIÓN CON PEATÓN,ASFALTO,Bueno,Bueno,1,FORD,AZUL,1,,65,MASCULINO,SIN DATOS,0,0,Morelia,De Dolores,diciembre,lunes,20,-101.375570297241,19.673544741449
3334,3334,2016,,2016/12/06,"07:30:00",VOLCADURA,ASFALTO,Bueno,Bueno,2,FREIGHTLINER,BLANCO Y ROJO,0,,,,,0,0,Morelia,Tenencia Morelos,diciembre,martes,8,-101.246781349182,19.6501657316571
3335,3335,2016,,2016/12/06,"07:40:00",COLISIÓN POR CORTE DE CIRCULACIÓN,CONCRETO,Nublado,Bueno,2,NISSAN,AZUL,2,,,,SIN DATOS,0,0,Morelia,Industrial,diciembre,martes,8,-101.195969581604,19.7091017768314
3336,3336,2016,,2016/12/06,"08:00:00",COLISIÓN POR CORTE DE CIRCULACIÓN,ASFALTO,Bueno,Bueno,2,ITALIKA,NEGRO Y VERDE,1,,23,MASCULINO,SIN DATOS,0,0,Morelia,Los Manantiales de Morelia,diciembre,martes,8,-101.237742304802,19.7015314164938
3337,3337,2016,,2016/12/06,"08:40:00",COLISIÓN POR ALCANCE,ASFALTO,Bueno,Bueno,2,DODGE,ROJO,2,,25,MASCULINO,SIN DATOS,0,0,Morelia,Tres Puentes,diciembre,martes,9,-101.213757991791,19.7025768444771
3338,3338,2016,,2016/12/06,"08:45:00",COLISIÓN POR CORTE DE CIRCULACIÓN,ASFALTO,Bueno,Regular,2,VOLKSWAGEN,NEGRO,2,,49,MASCULINO,SIN DATOS,0,0,Morelia,Cuauhtemoc,diciembre,martes,9,-101.181828975677,19.6940124669372
3339,3339,2016,,2016/12/06,"09:10:00",COLISIÓN POR CORTE DE CIRCULACIÓN,CONCRETO,Bueno,Bueno,2,ITALIKA,ROJO,2,,23,MASCULINO,SIN DATOS,0,0,Morelia,Cinco de Diciembre,diciembre,martes,9,-101.161871999502,19.6871415680156
3340,3340,2016,,2016/12/06,"09:25:00",COLISIÓN POR ALCANCE,ASFALTO,Bueno,Bueno,2,FORD,AZUL,2,,35,MASCULINO,SIN DATOS,0,0,Morelia,Lomas del Tecnologico,diciembre,martes,9,-101.190412044525,19.7222922356429
3341,3341,2016,,2016/12/06,"09:30:00",COLISIÓN POR CORTE DE CIRCULACIÓN,CONCRETO,Bueno,Regular,2,FORD,BLANCO,2,,37,MASCULINO,SIN DATOS,0,0,Morelia,Cuauhtemoc,diciembre,martes,10,-101.185565292835,19.6951400162275
3342,3342,2016,,2016/12/06,"09:30:00",COLISIÓN POR CORTE DE CIRCULACIÓN,ASFALTO,Bueno,Regular,2,NISSAN,TURQUESA,2,,21,FEMENINO,SIN DATOS,0,0,Morelia,Chapultepec Norte,diciembre,martes,10,-101.17418602109,19.6935313936581
3343,3343,2016,,2016/12/06,11:00:00,COLISIÓN POR CORTE DE CIRCULACIÓN,ASFALTO,Bueno,Bueno,1,FORD,ROJO,3,MINISTERIO PÚBLICO,58,MASCULINO,SIN DATOS,2,0,Sahuayo,Perpetuo Socorro,diciembre,martes,11,-102.716310024261,20.0589043122817
3344,3344,2016,,2016/12/06,11:00:00,COLISIÓN POR ALCANCE,ASFALTO,Bueno,Bueno,5,NISSAN,AZUL,5,,41,MASCULINO,SIN DATOS,0,0,Morelia,Rafael Carrillo,diciembre,martes,11,-101.237618923187,19.7070210997517
3345,3345,2016,,2016/12/06,11:30:00,COLISIÓN POR CORTE DE CIRCULACIÓN,ASFALTO,Bueno,Regular,2,HONDA,ROJO,2,,25,MASCULINO,SIN DATOS,0,0,Morelia,Elias Perez Avalos,diciembre,martes,12,-101.166175603867,19.7106849923491
3346,3346,2016,,2016/12/06,11:50:00,COLISIÓN POR CORTE DE CIRCULACIÓN,ASFALTO,Bueno,Bueno,2,MERDES BENZ,BLANCO Y ROJO,2,,57,MASCULINO,SIN DATOS,0,0,Morelia,Jardines de Torremolinos,diciembre,martes,12,-101.225774288177,19.6767775254698
3347,3347,2016,,2016/12/06,13:00:00,COLISIÓN POR CORTE DE CIRCULACIÓN,SIN_DATOS,Bueno,Bueno,2,ITALIKA,BLANCO,1,,37,MASCULINO,SIN DATOS,0,0,Morelia,Tzindurio de Morelos,diciembre,martes,13,-101.246624439955,19.6994796810901
3348,3348,2016,,2016/12/06,13:34:00,COLISIÓN POR CORTE DE CIRCULACIÓN,CONCRETO,Bueno,Bueno,2,FORD,NEGRO,3,,64,MASCULINO,SIN DATOS,1,0,Morelia,Lindavista,diciembre,martes,14,-101.216247081757,19.7040111403539
3349,3349,2016,,2016/12/06,14:40:00,COLISIÓN POR CORTE DE CIRCULACIÓN,CONCRETO,Bueno,Bueno,1,NISSAN,BLANCO,1,,20,MASCULINO,SIN DATOS,0,0,Morelia,Colinas del Sur,diciembre,martes,15,-101.19853913784,19.6668769184513
3350,3350,2016,,2016/12/06,15:10:00,COLISIÓN POR CORTE DE CIRCULACIÓN,ASFALTO,Bueno,Bueno,2,ISLO,NEGRO Y GRIS,2,,20,MASCULINO,SIN DATOS,0,0,Morelia,Ferrocarrilero,diciembre,martes,15,-101.217534542084,19.697728425201
3351,3351,2016,,2016/12/06,15:37:00,COLISIÓN POR CORTE DE CIRCULACIÓN,ASFALTO,Bueno,Bueno,2,VW,BLANCO,1,,38,MASCULINO,SIN DATOS,0,0,Charo,Sin datos,diciembre,martes,16,-101.060485839844,19.7475995159078
3352,3352,2016,,2016/12/06,15:45:00,COLISIÓN POR CORTE DE CIRCULACIÓN,ASFALTO,Bueno,Regular,2,KIA,BLANCO,2,,46,MASCULINO,SIN DATOS,0,0,Morelia,Centro,diciembre,martes,16,-101.200175285339,19.7031323831381
3353,3353,2016,,2016/12/06,17:40:00,COLISIÓN POR CORTE DE CIRCULACIÓN,ASFALTO,Bueno,Bueno,2,FORD,GRIS,2,,49,MASCULINO,SIN DATOS,0,0,Morelia,Libertad,diciembre,martes,18,-101.236932277679,19.6849804221596
3354,3354,2016,,2016/12/06,18:40:00,COLISIÓN POR CORTE DE CIRCULACIÓN,ASFALTO,Bueno,Bueno,2,FORD,BLANCO,2,,50,MASCULINO,SIN DATOS,0,0,Morelia,Centro,diciembre,martes,19,-101.194767951965,19.6963344774723
3355,3355,2016,,2016/12/06,18:45:00,COLISIÓN CONTRA OBJETO FIJO,ASFALTO,Bueno,Bueno,1,DODGE,ROJO,1,,22,FEMENINO,SIN DATOS,0,0,Morelia,Bosques de Oriente,diciembre,martes,19,-101.15462064743,19.7165455309346
3356,3356,2016,,2016/12/06,21:20:00,COLISIÓN CONTRA OBJETO FIJO,ASFALTO,Bueno,Bueno,1,NISSAN,AZUL,1,,53,MASCULINO,SIN DATOS,0,0,Morelia,Asociacion Zirahuen,diciembre,martes,21,-101.247092485428,19.6993774092832
3357,3357,2016,,2016/12/06,23:20:00,COLISIÓN POR CORTE DE CIRCULACIÓN,ASFALTO,Bueno,Bueno,2,VOLKSWAGEN,ROJO,2,,34,MASCULINO,SIN DATOS,0,0,Morelia,Gertrudis Bocanegra,diciembre,martes,23,-101.21071100235,19.7022132181272
3359,3359,2016,,2016/12/07,"01:45:00",COLISIÓN CONTRA OBJETO FIJO,ASFALTO,Bueno,Regular,1,VOLKSWAGEN,NEGRO,1,,27,MASCULINO,SIN DATOS,0,0,Morelia,Bicentenario,diciembre,miércoles,2,-101.178524494171,19.738834319716
3360,3360,2016,,2016/12/07,"03:00:00",COLISIÓN POR ALCANCE,CONCRETO,Bueno,Regular,2,NISSAN,BLANCO Y ROJO,1,MINISTERIO PÚBLICO,,,SIN DATOS,0,0,Morelia,Obrera,diciembre,miércoles,3,-101.185401678085,19.7116571344619
3361,3361,2016,,2016/12/07,"06:12:00",COLISIÓN CONTRA OBJETO FIJO,CONCRETO,Bueno,Bueno,1,DODGE,BLANCO,0,,,,,0,0,Morelia,Eva Samano,diciembre,miércoles,6,-101.200754642487,19.7281700221314
3362,3362,2016,,2016/12/07,"08:20:00",SALIDA DE SUPERFICIE DE RODAMIENTO,ASFALTO,Bueno,Bueno,2,SIN DATOS,SIN DATOS,1,,50,MASCULINO,SIN DATOS,0,0,Morelia,Tierra Y Libertad,diciembre,miércoles,8,-101.229352355003,19.714927023652
3363,3363,2016,,2016/12/07,"09:00:00",COLISIÓN POR CORTE DE CIRCULACIÓN,ASFALTO,Bueno,Bueno,2,FIAT,ROJO,2,,36,MASCULINO,SIN DATOS,0,0,Pátzcuaro,San Nicolas (La Valenciana),diciembre,miércoles,9,-101.616539955139,19.5217327263083
3364,3364,2016,,2016/12/07,"09:15:00",COLISIÓN POR CORTE DE CIRCULACIÓN,ASFALTO,Bueno,Regular,2,NISSAN,BLANCO Y CAFE,2,,40,MASCULINO,SIN DATOS,0,0,Morelia,Nueva Valladolid,diciembre,miércoles,9,-101.211580038071,19.7000415435548
3365,3365,2016,,2016/12/07,10:30:00,COLISIÓN POR CORTE DE CIRCULACIÓN,ASFALTO,Bueno,Bueno,2,FORD,AZUL,2,,50,MASCULINO,SIN DATOS,0,0,Morelia,Jardines de Sindurio,diciembre,miércoles,11,-101.257435083389,19.6973041815254
3366,3366,2016,,2016/12/07,16:00:00,COLISIÓN POR CORTE DE CIRCULACIÓN,ASFALTO,Bueno,Bueno,2,FREIGHTL,GRIS,2,,39,MASCULINO,SIN DATOS,0,0,Morelia,Libertad,diciembre,miércoles,16,-101.236878633499,19.6848996074924
3367,3367,2016,,2016/12/08,"00:00:00",COLISIÓN CONTRA OBJETO FIJO,CONCRETO,Bueno,Bueno,1,CHEVROLET,GRIS,1,,33,MASCULINO,SIN DATOS,0,0,Morelia,Independencia,diciembre,jueves,0,-101.17572426796,19.7091118771395
3368,3368,2016,,2016/12/08,"00:05:00",COLISIÓN POR ALCANCE,ASFALTO,Bueno,Bueno,2,CHRYSLER,GRIS,2,,22,MASCULINO,SIN DATOS,0,0,Morelia,Elias Perez Avalos,diciembre,jueves,0,-101.170070171356,19.7136266510171