fid,id_accidente,anio_origen,folio_c5i,dia_incidente,hora_ocurrencia,tipo_incidente_vial,superficie_ocurrencia,condiciones_climaticas,condiciones_via,numero_vehiculos_involucrados,marca_vehiculo_ocasiona_siniestro,color_vehiculo_ocasiona_siniestro,numero_personas_involucradas,lugar_remite_presunto_responsable,edad_presunto_responsable,sexo_presunto_responsable,resultados_toxicologia,numero_personas_lesionadas,numero_personas_fallecidas,municipio,colonia,mes,dia_semana,hora_redondeada,lon,lat
3369,3369,2016,,2016/12/08,"08:40:00",COLISIÓN POR CORTE DE CIRCULACIÓN,CONCRETO,Bueno,Bueno,3,NISSAN,BLANCO Y VERDE,3,,,MASCULINO,SIN DATOS,0,0,Morelia,Loma Real,diciembre,jueves,9,-101.197321414948,19.725968402345
3370,3370,2016,,2016/12/08,10:10:00,COLISIÓN POR CORTE DE CIRCULACIÓN,ASFALTO,Bueno,Bueno,2,VOLVO,BLANCO Y AZUL,2,,45,MASCULINO,SIN DATOS,0,0,Morelia,Francisco J Mujica,diciembre,jueves,10,-101.188158988953,19.7216862659804
3371,3371,2016,,2016/12/08,11:20:00,COLISIÓN POR CORTE DE CIRCULACIÓN,ASFALTO,Bueno,Bueno,2,CHEVROLET,BLANCO Y ROJO,2,,36,MASCULINO,SIN DATOS,0,0,Morelia,Central de Abastos,diciembre,jueves,11,-101.171743869781,19.7180503997612
3372,3372,2016,,2016/12/08,14:30:00,COLISIÓN POR CORTE DE CIRCULACIÓN,ASFALTO,Bueno,Bueno,2,AUTO CAR,AZUL,2,,42,MASCULINO,SIN DATOS,0,0,Morelia,Victor Manuel Tinoco Rubi,diciembre,jueves,15,-101.243441998959,19.701016275555
3373,3373,2016,,2016/12/08,14:45:00,COLISIÓN POR ALCANCE,CONCRETO,Bueno,Bueno,2,CHEVROLET,GRIS,2,,21,MASCULINO,SIN DATOS,0,0,Morelia,Primaveras,diciembre,jueves,15,-101.22571259737,19.6821392570321
3374,3374,2016,,2016/12/08,15:20:00,COLISIÓN POR CORTE DE CIRCULACIÓN,ASFALTO,Bueno,Bueno,2,DODGE,BLANCO,2,,35,MASCULINO,SIN DATOS,0,0,Morelia,Camelinas,diciembre,jueves,15,-101.16818189621,19.6828388197004
3375,3375,2016,,2016/12/08,15:30:00,COLISIÓN POR CORTE DE CIRCULACIÓN,ASFALTO,Bueno,Bueno,2,VOLKSWAGEN,ROJO,4,,28,MASCULINO,SIN DATOS,2,0,Morelia,Tenencia Morelos,diciembre,jueves,16,-101.247296333313,19.6497009458358
3376,3376,2016,,2016/12/08,17:00:00,COLISIÓN CONTRA OBJETO FIJO,CONCRETO,Bueno,Bueno,2,ISUZU,BLANCO,2,,26,MASCULINO,SIN DATOS,0,0,Morelia,Zimpanio Norte,diciembre,jueves,17,-101.218092441559,19.6584255594367
3377,3377,2016,,2016/12/08,17:55:00,COLISIÓN POR CORTE DE CIRCULACIÓN,ASFALTO,Bueno,Bueno,2,KENWORTH,BLANCO,4,MINISTERIO PÚBLICO,25,MASCULINO,SIN DATOS,2,0,Morelia,Ana Maria Gallaga (Riviera Norte),diciembre,jueves,18,-101.222791671753,19.6768987536018
3378,3378,2016,,2016/12/08,18:10:00,COLISIÓN POR CORTE DE CIRCULACIÓN,ASFALTO,Bueno,Regular,2,FREIGHTLINER,BLANCO,2,,27,MASCULINO,SIN DATOS,0,0,Morelia,Libertad,diciembre,jueves,18,-101.23774766922,19.6868189448216
3379,3379,2016,,2016/12/08,18:35:00,VOLCADURA,ASFALTO,Bueno,Bueno,1,VW,ARENA,3,,37,MASCULINO,SIN DATOS,2,0,Purépero,Sin datos,diciembre,jueves,19,-101.9948387146,19.8755487595685
3380,3380,2016,,2016/12/08,19:15:00,COLISIÓN CONTRA OBJETO FIJO,CONCRETO,Bueno,Regular,1,NISSAN,BLANCO,2,,38,FEMENINO,SIN DATOS,1,0,Morelia,San Jose del Cerrito,diciembre,jueves,19,-101.221464648843,19.6583232614185
3381,3381,2016,,2016/12/08,20:15:00,COLISIÓN POR CORTE DE CIRCULACIÓN,CONCRETO,Bueno,Regular,2,FORD,GRIS,2,,,,SIN DATOS,0,0,Morelia,Chapultepec Norte,diciembre,jueves,20,-101.17648601532,19.6957486117599
3382,3382,2016,,2016/12/08,21:00:00,COLISIÓN POR CORTE DE CIRCULACIÓN,CONCRETO,Bueno,Bueno,1,FORD,GUINDA,1,,,,SIN DATOS,0,0,Morelia,Jardines de Torremolinos,diciembre,jueves,21,-101.225691139698,19.6786262445165
3383,3383,2016,,2016/12/08,21:30:00,COLISIÓN POR CORTE DE CIRCULACIÓN,CONCRETO,Bueno,Regular,2,VOLKSWAGEN,GRIS,2,,23,MASCULINO,SIN DATOS,0,0,Morelia,Vasco de Quiroga,diciembre,jueves,22,-101.169619560242,19.6971728677788
3384,3384,2016,,2016/12/09,"01:10:00",COLISIÓN POR CORTE DE CIRCULACIÓN,CONCRETO,Bueno,Bueno,2,FORD,ROJO,2,,25,MASCULINO,SIN DATOS,0,0,Morelia,Chapultepec Sur,diciembre,viernes,1,-101.167623996735,19.6927535923324
3385,3385,2016,,2016/12/09,"02:10:00",COLISIÓN POR ALCANCE,ASFALTO,Bueno,Regular,1,VOLKSWAGEN,BLANCO,0,MINISTERIO PÚBLICO,,,,0,0,Morelia,Jardines de La Loma,diciembre,viernes,2,-101.224347352982,19.6768381395473
3386,3386,2016,,2016/12/09,"05:30:00",COLISIÓN POR CORTE DE CIRCULACIÓN,ASFALTO,Bueno,Bueno,1,CHEVROLET,ROJO,0,,,,,0,0,Morelia,Bicentenario,diciembre,viernes,6,-101.178567409515,19.7387737291275
3387,3387,2016,,2016/12/09,"08:20:00",COLISIÓN POR CORTE DE CIRCULACIÓN,ASFALTO,Bueno,Bueno,2,NISSAN,GRIS,2,,44,FEMENINO,SIN DATOS,0,0,Morelia,Granjas del Maestro,diciembre,viernes,8,-101.191007494926,19.7124651441883
3388,3388,2016,,2016/12/09,"09:30:00",COLISIÓN POR CORTE DE CIRCULACIÓN,ASFALTO,Bueno,Bueno,2,FREIGHTLINER,BLANCO,2,,31,MASCULINO,SIN DATOS,0,0,Morelia,Libertad,diciembre,viernes,10,-101.236975193024,19.6849804221596
3389,3389,2016,,2016/12/09,"09:30:00",COLISIÓN CONTRA OBJETO FIJO,ASFALTO,Bueno,Bueno,1,NISSAN,SIN DATO,1,,74,MASCULINO,SIN DATOS,0,0,Morelia,Centro,diciembre,viernes,10,-101.182343959808,19.7063544693314
3390,3390,2016,,2016/12/09,"09:45:00",COLISIÓN POR ALCANCE,CONCRETO,Bueno,Bueno,2,JEEP,PLATA,2,,39,MASCULINO,SIN DATOS,0,0,Morelia,Vasco de Quiroga,diciembre,viernes,10,-101.172934770584,19.7014758621586
3391,3391,2016,,2016/12/09,10:00:00,COLISIÓN POR CORTE DE CIRCULACIÓN,CONCRETO,Bueno,Bueno,2,TOYOTA,BLANCO,2,,33,MASCULINO,SIN DATOS,0,0,Morelia,Dr Miguel Silva,diciembre,viernes,10,-101.184473633766,19.7173383662767
3392,3392,2016,,2016/12/09,10:20:00,COLISIÓN POR CORTE DE CIRCULACIÓN,CONCRETO,Bueno,Bueno,2,ISUKA,ROJO,2,,58,MASCULINO,SIN DATOS,0,0,Morelia,Vista Bella,diciembre,viernes,10,-101.196795701981,19.6781009276127
3393,3393,2016,,2016/12/09,11:10:00,COLISIÓN POR ALCANCE,ASFALTO,Bueno,Bueno,2,VW,PLATA,2,,55,MASCULINO,SIN DATOS,0,0,Morelia,Lomas de Morelia (Dr Ignacio Chavez),diciembre,viernes,11,-101.174629926682,19.7168990248849
3394,3394,2016,,2016/12/09,13:00:00,COLISIÓN POR CORTE DE CIRCULACIÓN,ASFALTO,Bueno,Bueno,2,MAZDA,NEGRO,2,,48,MASCULINO,SIN DATOS,0,0,Morelia,Poblado de Ocolusen,diciembre,viernes,13,-101.149685382843,19.6940314068005
3395,3395,2016,,2016/12/09,13:25:00,SUBIDA AL CAMELLÓN,ASFALTO,Bueno,Bueno,1,PLYMOUTH,GUINDA,1,,54,FEMENINO,SIN DATOS,0,0,Morelia,Los Angeles,diciembre,viernes,13,-101.176389455795,19.7420758826807
3396,3396,2016,,2016/12/09,14:30:00,COLISIÓN CON PEATÓN,ASFALTO,Bueno,Bueno,2,CHEVROLET,BLANCO,2,,29,MASCULINO,SIN DATOS,0,0,Morelia,Felix Ireta,diciembre,viernes,15,-101.181163787842,19.6838894207115
3397,3397,2016,,2016/12/09,14:30:00,COLISIÓN POR CORTE DE CIRCULACIÓN,ASFALTO,Bueno,Bueno,2,SUZUKI,NEGRO,2,,40,MASCULINO,SIN DATOS,0,0,Morelia,Felix Ireta,diciembre,viernes,15,-101.191613674164,19.6826165762958
3398,3398,2016,,2016/12/09,14:50:00,COLISIÓN POR CORTE DE CIRCULACIÓN,ASFALTO,Bueno,Bueno,2,HONDA,BLANCO,2,,39,MASCULINO,SIN DATOS,0,0,Morelia,Chapultepec Norte,diciembre,viernes,15,-101.171379089355,19.6943445455488
3399,3399,2016,,2016/12/09,15:30:00,COLISIÓN POR CORTE DE CIRCULACIÓN,CONCRETO,Bueno,Bueno,2,GMC,PLATA,2,,36,FEMENINO,SIN DATOS,0,0,Morelia,Isaac Arriaga,diciembre,viernes,16,-101.173042058945,19.709980501255
3400,3400,2016,,2016/12/09,16:00:00,SALIDA DE SUPERFICIE DE RODAMIENTO,ASFALTO,Bueno,Regular,1,Ford,Blanco,0,MINISTERIO PÚBLICO,,,,0,0,Aguililla,El Aguaje (Centro),diciembre,viernes,16,-102.711181640625,18.9913787674568
3401,3401,2016,,2016/12/09,17:00:00,COLISIÓN CONTRA OBJETO FIJO,CONCRETO,Bueno,Bueno,1,V.W.,NEGRO,1,,39,MASCULINO,SIN DATOS,0,0,Morelia,Infonavit  Las  Camelinas,diciembre,viernes,17,-101.174340248108,19.6819498442317
3402,3402,2016,,2016/12/09,17:50:00,COLISIÓN POR CORTE DE CIRCULACIÓN,ASFALTO,Bueno,Bueno,1,CHEVROLET,ROJO,1,,,MASCULINO,SIN DATOS,0,0,Morelia,Josefa Ortiz de Dominguez,diciembre,viernes,18,-101.209852695465,19.6722920201086
3403,3403,2016,,2016/12/09,19:20:00,COLISIÓN POR CORTE DE CIRCULACIÓN,ASFALTO,Bueno,Bueno,2,NISSAN,ROJO,1,,60,MASCULINO,SIN DATOS,0,0,Morelia,Lomas de Huerta,diciembre,viernes,19,-101.211075782776,19.6727365352535
3404,3404,2016,,2016/12/09,19:25:00,SUBIDA AL CAMELLÓN,ASFALTO,Bueno,Bueno,1,VW,ROJO,1,,24,MASCULINO,SIN DATOS,0,0,Morelia,Felix Arreguin,diciembre,viernes,19,-101.226418018341,19.7216256688878
3406,3406,2016,,2016/12/09,20:30:00,COLISIÓN CONTRA OBJETO FIJO,CONCRETO,Bueno,Bueno,2,MERCEDEZ BENZ,BLANCO,2,,30,MASCULINO,SIN DATOS,0,0,Morelia,Matamoros,diciembre,viernes,21,-101.164469718933,19.6963748819252
3407,3407,2016,,2016/12/09,21:15:00,COLISIÓN CONTRA OBJETO FIJO,CONCRETO,Bueno,Bueno,2,CHEVROLET,VERDE,2,,48,MASCULINO,SIN DATOS,0,0,Morelia,Loma de Los Piñones,diciembre,viernes,21,-101.205067634583,19.674292328551
3408,3408,2016,,2016/12/09,22:30:00,COLISIÓN POR CORTE DE CIRCULACIÓN,ASFALTO,Bueno,Bueno,2,FORD,BLANCO Y AZUL,2,,39,MASCULINO,SIN DATOS,0,0,Morelia,Plan de Ayala,diciembre,viernes,23,-101.179152131081,19.7058696454627
3409,3409,2016,,2016/12/09,22:50:00,COLISIÓN POR CORTE DE CIRCULACIÓN,CONCRETO,Bueno,Bueno,3,V.W.,NEGRO,3,,21,FEMENINO,SIN DATOS,0,0,Morelia,Comision Federal de Electricidad,diciembre,viernes,23,-101.180069446564,19.6817478036643
3410,3410,2016,,2016/12/10,"02:00:00",COLISIÓN CONTRA OBJETO FIJO,ASFALTO,Bueno,Bueno,2,CHEVROLET,BLANCO,3,MINISTERIO PÚBLICO,,,,2,1,Morelia,Sin datos,diciembre,sábado,2,-101.174554824829,19.7457213000964
3411,3411,2016,,2016/12/10,"04:00:00",COLISIÓN POR CORTE DE CIRCULACIÓN,SIN_DATOS,Bueno,Bueno,2,HONDA,ROJO,2,,27,MASCULINO,CON CERTIFICADO,0,0,Morelia,Centro,diciembre,sábado,4,-101.190540790558,19.7011627373632
3412,3412,2016,,2016/12/10,"05:00:00",SUBIDA AL CAMELLÓN,CONCRETO,Bueno,Bueno,1,CHEVROLET,BLANCO,1,,26,MASCULINO,CON CERTIFICADO,0,0,Morelia,Victor Manuel Tinoco Rubi,diciembre,sábado,5,-101.243348121643,19.7004354774097
3413,3413,2016,,2016/12/10,"05:15:00",COLISIÓN CONTRA OBJETO FIJO,ASFALTO,Bueno,Bueno,1,CHEVROLET,BLANCO,1,,27,MASCULINO,CON CERTIFICADO,0,0,Morelia,Barrio Alto,diciembre,sábado,5,-101.196784973145,19.7250594678982
3414,3414,2016,,2016/12/10,"06:25:00",SALIDA DE SUPERFICIE DE RODAMIENTO,ASFALTO,Bueno,Bueno,1,VW,SIN DATO,1,,27,MASCULINO,SIN DATOS,0,0,Morelia,Sin datos,diciembre,sábado,6,-101.409130096436,19.6548741382029
3415,3415,2016,,2016/12/10,"08:30:00",COLISIÓN CONTRA OBJETO FIJO,ASFALTO,Bueno,Regular,1,CHEVROLET,GRIS,1,MINISTERIO PÚBLICO,,,SIN DATOS,0,0,Morelia,Campestre Los Manantiales,diciembre,sábado,9,-101.239485740662,19.6905666371854
3416,3416,2016,,2016/12/10,"08:55:00",COLISIÓN CONTRA OBJETO FIJO,ASFALTO,Bueno,Bueno,3,RENAULT,GUINDA,3,,27,MASCULINO,CON CERTIFICADO,0,0,Morelia,Industrial,diciembre,sábado,9,-101.198586076498,19.7112897411893
3417,3417,2016,,2016/12/10,"09:00:00",COLISIÓN POR CORTE DE CIRCULACIÓN,ASFALTO,Bueno,Bueno,2,FORD,BLANCO,2,,38,MASCULINO,SIN DATOS,0,0,Morelia,Libertad,diciembre,sábado,9,-101.236953735352,19.6849804221596
3418,3418,2016,,2016/12/10,"09:15:00",COLISIÓN POR CORTE DE CIRCULACIÓN,ASFALTO,Bueno,Bueno,3,VW,AZUL,3,,26,MASCULINO,SIN DATOS,0,0,Morelia,San Pascual,diciembre,sábado,9,-101.267710626125,19.6952574425166
3419,3419,2016,,2016/12/10,"09:40:00",COLISIÓN POR CORTE DE CIRCULACIÓN,ASFALTO,Bueno,Bueno,2,DINA,GRIS,2,,57,MASCULINO,SIN DATOS,0,0,Morelia,Campestre Los Manantiales,diciembre,sábado,10,-101.238241195679,19.6880715525677
3420,3420,2016,,2016/12/10,10:00:00,COLISIÓN POR CORTE DE CIRCULACIÓN,ASFALTO,Bueno,Bueno,2,FRERLI,AZUL,2,,31,MASCULINO,SIN DATOS,0,0,Morelia,Libertad,diciembre,sábado,10,-101.236953735352,19.6849804221596
3421,3421,2016,,2016/12/10,12:27:00,COLISIÓN POR CORTE DE CIRCULACIÓN,ASFALTO,Bueno,Bueno,2,ITALIKA,ROJO,2,,19,MASCULINO,SIN DATOS,0,0,Morelia,Popular Pogreso,diciembre,sábado,12,-101.200346946716,19.7197067490726
3422,3422,2016,,2016/12/10,12:40:00,COLISIÓN POR CORTE DE CIRCULACIÓN,ASFALTO,Bueno,Bueno,2,BMW,VERDE,2,,61,MASCULINO,SIN DATOS,0,0,Morelia,Molino de Parras,diciembre,sábado,13,-101.205550432205,19.6986173130653
3423,3423,2016,,2016/12/10,13:10:00,COLISIÓN POR CORTE DE CIRCULACIÓN,ASFALTO,Bueno,Bueno,2,NISSAN,BLANCO,2,,44,MASCULINO,SIN DATOS,0,0,Morelia,Lomas de Hidalgo,diciembre,sábado,13,-101.162581443787,19.6961122527994
3424,3424,2016,,2016/12/10,14:30:00,COLISIÓN POR CORTE DE CIRCULACIÓN,ASFALTO,Bueno,Regular,2,NISSAN,PLATA,2,,56,FEMENINO,SIN DATOS,0,0,Morelia,Cinco de Diciembre,diciembre,sábado,15,-101.160907745361,19.6879705361772
3425,3425,2016,,2016/12/10,15:30:00,COLISIÓN CONTRA OBJETO FIJO,ASFALTO,Bueno,Bueno,1,FORD,BLANCO,1,,28,MASCULINO,SIN DATOS,0,0,Morelia,El Lago 1,diciembre,sábado,16,-101.217792034149,19.7272207035583
3426,3426,2016,,2016/12/10,16:10:00,COLISIÓN POR CORTE DE CIRCULACIÓN,ASFALTO,Bueno,Bueno,2,FORD,BLANCO,2,,36,MASCULINO,SIN DATOS,0,0,Morelia,Josefa Ortiz de Dominguez,diciembre,sábado,16,-101.209874153137,19.6722920201086
3427,3427,2016,,2016/12/10,19:10:00,COLISIÓN POR CORTE DE CIRCULACIÓN,ASFALTO,Bueno,Bueno,2,SIN DATO,ROJO,2,MINISTERIO PÚBLICO,,,SIN DATOS,0,0,Morelia,Primo Tapia Oriente,diciembre,sábado,19,-101.163182258606,19.7118086365966
3428,3428,2016,,2016/12/10,19:20:00,COLISIÓN POR CORTE DE CIRCULACIÓN,ASFALTO,Bueno,Bueno,3,FORD,GRIS,2,,26,FEMENINO,SIN DATOS,0,0,Morelia,Villas de La Esperanza,diciembre,sábado,19,-101.270119249821,19.6944815435586
3429,3429,2016,,2016/12/10,21:30:00,VOLCADURA,ASFALTO,Bueno,Regular,1,HONDA,GRIS,1,,32,MASCULINO,SIN DATOS,0,0,Puruándiro,Sin datos,diciembre,sábado,22,-101.524229049683,20.1124800431162
3430,3430,2016,,2016/12/10,22:30:00,COLISIÓN POR CORTE DE CIRCULACIÓN,CONCRETO,Bueno,Bueno,1,HONDA,NEGRO,1,,23,MASCULINO,SIN DATOS,0,0,Morelia,Indeco Expropiacion Petrolera,diciembre,sábado,23,-101.225742101669,19.6856471416081
3431,3431,2016,,2016/12/11,20:00:00,VOLCADURA,ASFALTO,Bueno,Malo,2,JEEP,GUINDA,2,,33,MASCULINO,SIN DATOS,0,0,Puruándiro,Sin datos,diciembre,domingo,20,-101.554613113403,20.0944253456118
3432,3432,2016,,2016/12/12,"01:00:00",SUBIDA AL CAMELLÓN,ASFALTO,Bueno,Bueno,1,V.W.,GRIS,1,,15,MASCULINO,CON CERTIFICADO,0,0,Morelia,Loma de Los Piñones,diciembre,lunes,1,-101.204944252968,19.6741029064733
3433,3433,2016,,2016/12/12,"03:00:00",SUBIDA AL CAMELLÓN,ASFALTO,Bueno,Bueno,1,VOLKSWAGEN,GRIS,1,,,,SIN DATOS,0,0,Morelia,Lindavista,diciembre,lunes,3,-101.216225624084,19.7039909390928
3434,3434,2016,,2016/12/12,"03:45:00",COLISIÓN POR CORTE DE CIRCULACIÓN,ASFALTO,Bueno,Bueno,1,VW,SIN DATO,2,,40,MASCULINO,SIN DATOS,1,0,Tzintzuntzan,"3",diciembre,lunes,4,-101.577615737915,19.6222155657248
3435,3435,2016,,2016/12/12,"03:50:00",VOLCADURA,ASFALTO,Bueno,Bueno,1,NISSAN,ROJO,1,,18,MASCULINO,SIN DATOS,0,0,Morelia,Alberto Oviedo Mota,diciembre,lunes,4,-101.199536919594,19.681070965907
3436,3436,2016,,2016/12/12,"04:30:00",SALIDA DE SUPERFICIE DE RODAMIENTO,CONCRETO,Bueno,Regular,1,PONTIAC,ROJO,0,,,,,0,0,Morelia,Los Sauces,diciembre,lunes,5,-101.183856725693,19.6629670205161
3437,3437,2016,,2016/12/12,"04:50:00",COLISIÓN POR CORTE DE CIRCULACIÓN,ASFALTO,Bueno,Bueno,2,NISSAN,BLANCO Y ROJO,4,,47,MASCULINO,SIN DATOS,2,0,Morelia,Los Manantiales de Morelia,diciembre,lunes,5,-101.2375035882,19.7015427798781
3438,3438,2016,,2016/12/12,"05:20:00",COLISIÓN POR CORTE DE CIRCULACIÓN,ASFALTO,Bueno,Bueno,1,FIAT,CAFE,1,,,,SIN DATOS,0,0,Morelia,Villas Lomas del Paraiso,diciembre,lunes,5,-101.175649166107,19.673504331236
3439,3439,2016,,2016/12/12,"06:00:00",VOLCADURA,CONCRETO,Bueno,Bueno,1,MORWNY,AZUL,1,,42,FEMENINO,SIN DATOS,0,0,Morelia,Tzindurio Norte,diciembre,lunes,6,-101.24565012753,19.7056486965976
3440,3440,2016,,2016/12/12,"09:00:00",COLISIÓN POR CORTE DE CIRCULACIÓN,SIN_DATOS,Bueno,Bueno,2,CHRYSLER,NEGRO,2,,45,MASCULINO,SIN DATOS,0,0,Morelia,Felix Arreguin,diciembre,lunes,9,-101.228113174438,19.7193229623452
3441,3441,2016,,2016/12/12,"09:15:00",COLISIÓN POR CORTE DE CIRCULACIÓN,ASFALTO,Bueno,Regular,2,VOLKSWAGEN,NEGRO,2,,28,MASCULINO,SIN DATOS,0,0,Morelia,Rafael Carrillo,diciembre,lunes,9,-101.236320734024,19.7077483297689
3442,3442,2016,,2016/12/12,10:00:00,COLISIÓN CONTRA OBJETO FIJO,ASFALTO,Bueno,Bueno,1,VOLKSWAGEN,AZUL,1,,,,SIN DATOS,0,0,Tarímbaro,Sin datos,diciembre,lunes,10,-101.17112159729,19.7531330555015
3443,3443,2016,,2016/12/12,10:50:00,SALIDA DE SUPERFICIE DE RODAMIENTO,CONCRETO,Bueno,Bueno,1,NISSAN,BLANCO,1,,42,MASCULINO,SIN DATOS,0,0,Morelia,Elias Perez Avalos,diciembre,lunes,11,-101.166744232178,19.7112430278948
3444,3444,2016,,2016/12/12,10:55:00,COLISIÓN POR CORTE DE CIRCULACIÓN,ASFALTO,Bueno,Bueno,2,Ford,Rojo,0,MINISTERIO PÚBLICO,,,,0,0,Apatzingán,Sin datos,diciembre,lunes,11,-102.42390310761,19.0547506314499
3445,3445,2016,,2016/12/12,11:30:00,COLISIÓN POR CORTE DE CIRCULACIÓN,ASFALTO,Bueno,Bueno,2,FORD,VERDE,2,MINISTERIO PÚBLICO,36,MASCULINO,CON CERTIFICADO,0,0,Morelia,Pascual Ortiz de Ayala,diciembre,lunes,12,-101.149663925171,19.6949001127883
3446,3446,2016,,2016/12/12,12:10:00,COLISIÓN POR CORTE DE CIRCULACIÓN,SIN_DATOS,Bueno,Bueno,1,MERCURY,ROJO,2,,61,MASCULINO,SIN DATOS,0,0,Morelia,Felix Arreguin,diciembre,lunes,12,-101.226246356964,19.7220498480536
3447,3447,2016,,2016/12/12,13:00:00,SALIDA DE SUPERFICIE DE RODAMIENTO,ASFALTO,Bueno,Bueno,1,VOLKSWAGEN,BLANCO,1,,,,SIN DATOS,0,0,Tarímbaro,Sin datos,diciembre,lunes,13,-101.171035766602,19.752688763787
3448,3448,2016,,2016/12/12,13:20:00,COLISIÓN POR CORTE DE CIRCULACIÓN,CONCRETO,Bueno,Bueno,2,SIN DATOS,SIN DATOS,2,,,,SIN DATOS,0,0,Morelia,Guadalupe,diciembre,lunes,13,-101.221096515656,19.7078695344503
3449,3449,2016,,2016/12/12,13:20:00,COLISIÓN POR ALCANCE,CONCRETO,Bueno,Bueno,2,TOYOTA,SILVER,2,,22,MASCULINO,SIN DATOS,0,0,Morelia,Camelinas,diciembre,lunes,13,-101.176329106092,19.6815527079997
3450,3450,2016,,2016/12/12,13:50:00,COLISIÓN POR CORTE DE CIRCULACIÓN,SIN_DATOS,Bueno,Bueno,4,TOYOTA,GRIS,4,,,MASCULINO,SIN DATOS,0,0,Morelia,Felix Ireta,diciembre,lunes,14,-101.190971955657,19.6823873874618
3451,3451,2016,,2016/12/12,13:55:00,COLISIÓN POR CORTE DE CIRCULACIÓN,ASFALTO,Bueno,Bueno,2,NISSAN,BLANCO Y VERDE,2,,42,MASCULINO,SIN DATOS,0,0,Morelia,Vasco de Quiroga,diciembre,lunes,14,-101.175882518291,19.6991349869613
3452,3452,2016,,2016/12/12,15:00:00,COLISIÓN POR CORTE DE CIRCULACIÓN,ASFALTO,Bueno,Bueno,2,FORD,GRIS,2,,27,MASCULINO,SIN DATOS,0,0,Morelia,Chapultepec Oriente,diciembre,lunes,15,-101.159083843231,19.6880311460191
3453,3453,2016,,2016/12/12,15:00:00,COLISIÓN POR CORTE DE CIRCULACIÓN,ASFALTO,Bueno,Bueno,2,FORD,BLANCO,2,,57,MASCULINO,SIN DATOS,0,0,Morelia,Cuauhtemoc,diciembre,lunes,15,-101.179082393646,19.694980922408
3454,3454,2016,,2016/12/12,15:00:00,COLISIÓN POR CORTE DE CIRCULACIÓN,ASFALTO,Bueno,Bueno,2,HYUNDAI,BLANCO,2,,35,MASCULINO,SIN DATOS,0,0,Morelia,Felix Ireta,diciembre,lunes,15,-101.192021369934,19.6824549445351
3455,3455,2016,,2016/12/12,15:00:00,COLISIÓN POR CORTE DE CIRCULACIÓN,CONCRETO,Bueno,Regular,2,SEAT,PLATA,2,,36,MASCULINO,SIN DATOS,0,0,Morelia,Independencia,diciembre,lunes,15,-101.17648601532,19.7083543522576
3456,3456,2016,,2016/12/12,15:30:00,COLISIÓN POR CORTE DE CIRCULACIÓN,CONCRETO,Bueno,Bueno,2,CHEVROLET,BLANCO Y ROJO,3,,24,MASCULINO,SIN DATOS,1,0,Morelia,Tinijaro,diciembre,lunes,16,-101.264537572861,19.6962233651744
3457,3457,2016,,2016/12/12,17:00:00,COLISIÓN CONTRA OBJETO FIJO,ASFALTO,Bueno,Bueno,2,CHEVROLET,NEGRO,2,,47,MASCULINO,SIN DATOS,0,0,Morelia,Ejidal Tres Puentes,diciembre,lunes,17,-101.225991547108,19.6924783305682
3458,3458,2016,,2016/12/12,17:15:00,COLISIÓN POR ALCANCE,ASFALTO,Bueno,Bueno,2,HONDA,ACERO,6,,28,MASCULINO,SIN DATOS,4,0,Morelia,Las Americas,diciembre,lunes,17,-101.158912181854,19.6879503328915
3459,3459,2016,,2016/12/12,18:20:00,COLISIÓN POR CORTE DE CIRCULACIÓN,ASFALTO,Bueno,Bueno,2,CHEVROLET,GRIS,2,,40,MASCULINO,CON CERTIFICADO,0,0,Morelia,Loma de Los Piñones,diciembre,lunes,18,-101.203544139862,19.6751813465108
3460,3460,2016,,2016/12/12,19:00:00,COLISIÓN POR CORTE DE CIRCULACIÓN,ASFALTO,Bueno,Bueno,2,CHRYSLER,PLATA,2,,70,MASCULINO,SIN DATOS,0,0,Morelia,Cuauhtemoc,diciembre,lunes,19,-101.179091781378,19.6946134908396
3461,3461,2016,,2016/12/12,20:00:00,COLISIÓN POR ALCANCE,ASFALTO,Bueno,Regular,2,VOLKSWAGEN,AMARILLO,2,,24,MASCULINO,SIN DATOS,0,0,Morelia,Canteras de Morelia,diciembre,lunes,20,-101.171765327454,19.7150608478084
3462,3462,2016,,2016/12/12,20:30:00,COLISIÓN CONTRA OBJETO FIJO,ASFALTO,Bueno,Bueno,2,NISSAN,GRIS,2,,40,MASCULINO,CON CERTIFICADO,0,0,Morelia,La Quemada,diciembre,lunes,21,-101.23916387558,19.7013647534304
3463,3463,2016,,2016/12/12,21:50:00,SUBIDA AL CAMELLÓN,ASFALTO,Bueno,Bueno,1,SEAT,BEIGE,1,,56,FEMENINO,SIN DATOS,0,0,Morelia,Alberto Oviedo Mota,diciembre,lunes,22,-101.195824426763,19.6817073955203
3464,3464,2016,,2016/12/13,"03:05:00",COLISIÓN POR CORTE DE CIRCULACIÓN,CONCRETO,Bueno,Bueno,2,VOLKSWAGEN,AZUL,2,,29,MASCULINO,SIN DATOS,0,0,Morelia,Centro,diciembre,martes,3,-101.191806793213,19.6961324550551
3465,3465,2016,,2016/12/13,"05:00:00",COLISIÓN CONTRA OBJETO FIJO,ASFALTO,Bueno,Bueno,1,FORD,VERDE,1,,22,MASCULINO,SIN DATOS,0,0,Morelia,Vista Bella,diciembre,martes,5,-101.197525262833,19.6804042274096
3466,3466,2016,,2016/12/13,"05:10:00",COLISIÓN CONTRA OBJETO FIJO,ASFALTO,Bueno,Bueno,2,CHRYSLER,AZUL,2,,,,SIN DATOS,0,0,Morelia,Central de Abastos,diciembre,martes,5,-101.170220375061,19.716080937697