fid,id_accidente,anio_origen,folio_c5i,dia_incidente,hora_ocurrencia,tipo_incidente_vial,superficie_ocurrencia,condiciones_climaticas,condiciones_via,numero_vehiculos_involucrados,marca_vehiculo_ocasiona_siniestro,color_vehiculo_ocasiona_siniestro,numero_personas_involucradas,lugar_remite_presunto_responsable,edad_presunto_responsable,sexo_presunto_responsable,resultados_toxicologia,numero_personas_lesionadas,numero_personas_fallecidas,municipio,colonia,mes,dia_semana,hora_redondeada,lon,lat
3467,3467,2016,,2016/12/13,"07:45:00",SUBIDA AL CAMELLÓN,ASFALTO,Bueno,Bueno,1,V.W.,AZUL,1,,51,MASCULINO,CON CERTIFICADO,0,0,Morelia,Rinconada del Valle,diciembre,martes,8,-101.219079494476,19.6780504162811
3468,3468,2016,,2016/12/13,"07:55:00",COLISIÓN CONTRA OBJETO FIJO,ASFALTO,Bueno,Bueno,1,GMC,BLANCO Y ROJO,3,MINISTERIO PÚBLICO,,,,3,0,Morelia,Sentimientos de La Nacion,diciembre,martes,8,-101.233305931091,19.6783332795326
3469,3469,2016,,2016/12/13,"09:40:00",SALIDA DE SUPERFICIE DE RODAMIENTO,ASFALTO,Bueno,Bueno,1,MAZDA,ROJO,1,,32,MASCULINO,SIN DATOS,0,0,Morelia,Sin datos,diciembre,martes,10,-101.391277313232,19.556797636574
3470,3470,2016,,2016/12/13,"09:55:00",COLISIÓN POR CORTE DE CIRCULACIÓN,ASFALTO,Bueno,Bueno,2,CHEVROLET,AZUL,2,,51,FEMENINO,SIN DATOS,0,0,Morelia,Libertad,diciembre,martes,10,-101.236953735352,19.6849804221596
3471,3471,2016,,2016/12/13,11:00:00,COLISIÓN POR CORTE DE CIRCULACIÓN,ASFALTO,Bueno,Regular,2,TOYOTA,BLANCO,2,,52,MASCULINO,SIN DATOS,0,0,Indaparapeo,Sin datos,diciembre,martes,11,-100.915088653564,19.8010285179597
3472,3472,2016,,2016/12/13,11:05:00,COLISIÓN POR CORTE DE CIRCULACIÓN,CONCRETO,Bueno,Bueno,2,DODGE,GRIS,2,MINISTERIO PÚBLICO,18,MASCULINO,SIN DATOS,0,0,Lázaro Cárdenas,Centro,diciembre,martes,11,-102.191852,17.955388
3473,3473,2016,,2016/12/13,11:20:00,COLISIÓN POR CORTE DE CIRCULACIÓN,ASFALTO,Bueno,Bueno,2,FREIGHTLINER,BLANCO,2,,25,MASCULINO,SIN DATOS,0,0,Morelia,Libertad,diciembre,martes,11,-101.236953735352,19.6850208294779
3474,3474,2016,,2016/12/13,11:30:00,COLISIÓN POR CORTE DE CIRCULACIÓN,ASFALTO,Bueno,Regular,2,KENWORTH,BLANCO,2,,50,MASCULINO,SIN DATOS,0,0,Morelia,Libertad,diciembre,martes,12,-101.236889362335,19.6849804221596
3475,3475,2016,,2016/12/13,14:30:00,COLISIÓN POR ALCANCE,CONCRETO,Bueno,Bueno,3,V.W.,BLANCO Y AZUL,3,,,MASCULINO,SIN DATOS,0,0,Morelia,Centro,diciembre,martes,15,-101.178213357925,19.6991223607886
3476,3476,2016,,2016/12/13,15:00:00,SALIDA DE SUPERFICIE DE RODAMIENTO,CONCRETO,Bueno,Bueno,2,V.W.,GRIS,2,,,,SIN DATOS,0,0,Morelia,Elias Perez Avalos,diciembre,martes,15,-101.167001724243,19.7113844302577
3477,3477,2016,,2016/12/13,16:25:00,COLISIÓN POR CORTE DE CIRCULACIÓN,ASFALTO,Bueno,Bueno,2,GMC,Azul/verde,2,MINISTERIO PÚBLICO,22,MASCULINO,SIN DATOS,0,0,Apatzingán,Independencia,diciembre,martes,16,-102.356759905815,19.0959432086666
3479,3479,2016,,2016/12/13,17:10:00,COLISIÓN POR CORTE DE CIRCULACIÓN,CONCRETO,Bueno,Bueno,2,MAZDA,ROJO,2,,57,MASCULINO,SIN DATOS,0,0,Morelia,Vasco de Quiroga,diciembre,martes,17,-101.167763471603,19.6967183193625
3480,3480,2016,,2016/12/13,22:30:00,COLISIÓN POR CORTE DE CIRCULACIÓN,ASFALTO,Bueno,Bueno,2,DODGE,NEGRO,2,,25,MASCULINO,SIN DATOS,0,0,Morelia,Lindavista,diciembre,martes,23,-101.216139793396,19.7040111403539
3481,3481,2016,,2016/12/13,23:30:00,SUBIDA AL CAMELLÓN,ASFALTO,Bueno,Bueno,1,V.W.,GRIS,1,,,,CON CERTIFICADO,0,0,Morelia,Campos Eliseos,diciembre,martes,0,-101.242489814758,19.7006576960795
3482,3482,2016,,2016/12/13,23:55:00,COLISIÓN POR ALCANCE,ASFALTO,Bueno,Bueno,3,DODGE,ROJO,3,,38,MASCULINO,CON CERTIFICADO,0,0,Morelia,Asociacion Zirahuen,diciembre,martes,0,-101.250488162041,19.6987233732194
3483,3483,2016,,2016/12/14,"00:30:00",COLISIÓN POR CORTE DE CIRCULACIÓN,ASFALTO,Nublado,Regular,2,SIN DATOS,BLANCO,2,,,,SIN DATOS,0,0,Morelia,Nueva Valladolid,diciembre,miércoles,1,-101.210575550795,19.7019872138336
3484,3484,2016,,2016/12/14,"08:00:00",COLISIÓN POR ALCANCE,ASFALTO,Bueno,Bueno,2,TOYOTA,GRIS,2,,45,MASCULINO,SIN DATOS,0,0,Morelia,Independencia,diciembre,miércoles,8,-101.17790222168,19.7194643575625
3485,3485,2016,,2016/12/14,"08:45:00",COLISIÓN POR CORTE DE CIRCULACIÓN,ASFALTO,Bueno,Bueno,2,YAMAHA,NEGRO,2,,33,MASCULINO,SIN DATOS,0,0,Morelia,San Jose Itzicuaro,diciembre,miércoles,9,-101.307924985886,19.687526063302
3486,3486,2016,,2016/12/14,"09:30:00",SALIDA DE SUPERFICIE DE RODAMIENTO,ASFALTO,Bueno,Bueno,1,FORD,VINO,2,,56,FEMENINO,SIN DATOS,1,0,Morelia,Sin datos,diciembre,miércoles,10,-101.339435577393,19.6863946722345
3487,3487,2016,,2016/12/14,11:00:00,COLISIÓN POR ALCANCE,ASFALTO,Bueno,Regular,2,TOYOTA,BLANCO,2,,32,MASCULINO,SIN DATOS,0,0,Morelia,Libertad,diciembre,miércoles,11,-101.237897872925,19.6873240297691
3488,3488,2016,,2016/12/14,11:40:00,COLISIÓN POR CORTE DE CIRCULACIÓN,ASFALTO,Bueno,Bueno,2,FORD,ROJO,2,,23,MASCULINO,SIN DATOS,0,0,Morelia,Cuauhtemoc,diciembre,miércoles,12,-101.178588867188,19.6978698395097
3489,3489,2016,,2016/12/14,12:00:00,COLISIÓN POR CORTE DE CIRCULACIÓN,CONCRETO,Bueno,Bueno,2,FOTON,BLANCO,2,,20,MASCULINO,SIN DATOS,0,0,Morelia,Ejidal Ocolusen,diciembre,miércoles,12,-101.156702041626,19.6842076302349
3490,3490,2016,,2016/12/14,12:00:00,COLISIÓN POR CORTE DE CIRCULACIÓN,ASFALTO,Bueno,Bueno,2,INTERNATIONAL,NARANJA Y CREMA,2,,39,MASCULINO,SIN DATOS,0,0,Morelia,Centro,diciembre,miércoles,12,-101.19532585144,19.6969607453452
3491,3491,2016,,2016/12/14,15:10:00,COLISIÓN POR CORTE DE CIRCULACIÓN,ASFALTO,Bueno,Bueno,2,ITALIKA,ROJO,3,,47,MASCULINO,SIN DATOS,1,0,Tacámbaro,Sin datos,diciembre,miércoles,15,-101.333770751953,19.1672214204789
3492,3492,2016,,2016/12/14,16:00:00,COLISIÓN POR CORTE DE CIRCULACIÓN,ASFALTO,Bueno,Bueno,3,VOLKSWAGEN,GRIS,3,,28,FEMENINO,SIN DATOS,0,0,Morelia,Ignacio Zaragoza,diciembre,miércoles,16,-101.204838305712,19.7253659182495
3493,3493,2016,,2016/12/14,16:35:00,COLISIÓN POR CORTE DE CIRCULACIÓN,CONCRETO,Bueno,Bueno,2,VOLVO,BLANCO,2,,55,MASCULINO,SIN DATOS,0,0,Morelia,Primaveras,diciembre,miércoles,17,-101.225726008415,19.6789533039303
3494,3494,2016,,2016/12/14,17:00:00,COLISIÓN POR CORTE DE CIRCULACIÓN,ASFALTO,Bueno,Regular,2,KENWORTH,ROJO,2,,56,MASCULINO,SIN DATOS,0,0,Morelia,Rafael Carrillo,diciembre,miércoles,17,-101.236535310745,19.7076473257976
3495,3495,2016,,2016/12/14,17:30:00,COLISIÓN POR CORTE DE CIRCULACIÓN,ASFALTO,Bueno,Bueno,2,FORD,PLATA,2,,40,MASCULINO,SIN DATOS,0,0,Morelia,Lomas de La Maestranza,diciembre,miércoles,18,-101.331667900085,19.6847379780356
3496,3496,2016,,2016/12/14,17:35:00,COLISIÓN CONTRA OBJETO FIJO,ASFALTO,Bueno,Bueno,2,NISSAN,ORO VERDE,1,,30,FEMENINO,SIN DATOS,0,0,Morelia,Division del Norte,diciembre,miércoles,18,-101.163966804743,19.7110132487883
3497,3497,2016,,2016/12/14,19:30:00,COLISIÓN POR CORTE DE CIRCULACIÓN,ASFALTO,Bueno,Bueno,2,SEAT,AZUL,2,,29,MASCULINO,SIN DATOS,0,0,Morelia,Pascual Ortiz de Ayala,diciembre,miércoles,20,-101.14955663681,19.6948597079632
3498,3498,2016,,2016/12/14,20:45:00,COLISIÓN POR ALCANCE,ASFALTO,Bueno,Regular,2,MERDES BENZ,BLANCO Y AZUL,2,,40,MASCULINO,SIN DATOS,0,0,Morelia,Centro,diciembre,miércoles,21,-101.203574985266,19.7017132305467
3499,3499,2016,,2016/12/14,21:05:00,VOLCADURA,ASFALTO,Bueno,Regular,1,V.W.,PLATA,0,,,,,0,0,Morelia,Lomas de Las Americas Norte,diciembre,miércoles,21,-101.147818565369,19.6948395055468
3500,3500,2016,,2016/12/14,23:45:00,COLISIÓN POR CORTE DE CIRCULACIÓN,TERRACERIA,Bueno,Malo,1,FORD,NEGRO,0,,,,,0,0,Morelia,Lomas de La Aurora (Jardines de La Aurora),diciembre,miércoles,0,-101.261723935604,19.7005276476909
3501,3501,2016,,2016/12/15,"01:35:00",COLISIÓN POR CORTE DE CIRCULACIÓN,ASFALTO,Bueno,Regular,1,PONTIAC,GUINDA,1,,37,MASCULINO,SIN DATOS,0,0,Morelia,Puerta Tres Marias,diciembre,jueves,2,-101.14043712616,19.6914252605511
3502,3502,2016,,2016/12/15,"06:10:00",COLISIÓN CONTRA OBJETO FIJO,ASFALTO,Bueno,Regular,1,NISSAN,AMARILLO,1,,43,MASCULINO,SIN DATOS,0,0,Morelia,Puerta Tres Marias Norte,diciembre,jueves,6,-101.141316890717,19.6921525614468
3503,3503,2016,,2016/12/15,"07:00:00",VOLCADURA,ASFALTO,Bueno,Bueno,1,SUZUKI,PLATA,0,,,,,0,0,Morelia,Lomas de Las Americas Sur,diciembre,jueves,7,-101.146938800812,19.6944152542136
3504,3504,2016,,2016/12/15,"07:50:00",COLISIÓN POR CORTE DE CIRCULACIÓN,ASFALTO,Bueno,Regular,2,VOLKSWAGEN,BLANCO,2,,18,MASCULINO,SIN DATOS,0,0,Morelia,Irrigacion,diciembre,jueves,8,-101.225023269653,19.7048595910168
3505,3505,2016,,2016/12/15,"08:30:00",COLISIÓN POR CORTE DE CIRCULACIÓN,ASFALTO,Bueno,Bueno,2,V.W.,PLATA,2,,37,MASCULINO,SIN DATOS,0,0,Morelia,Lomas de Hidalgo,diciembre,jueves,9,-101.162002086639,19.6958496232427
3506,3506,2016,,2016/12/15,"08:30:00",COLISIÓN POR CORTE DE CIRCULACIÓN,CONCRETO,Bueno,Bueno,2,FREIGHTLINER,BLANCO,2,,34,MASCULINO,SIN DATOS,0,0,Morelia,Virreyes,diciembre,jueves,9,-101.156938076019,19.6956678025279
3507,3507,2016,,2016/12/15,"08:50:00",SUBIDA AL CAMELLÓN,ASFALTO,Bueno,Bueno,2,DINA,VERDE,2,,35,MASCULINO,SIN DATOS,0,0,Morelia,Reforma,diciembre,jueves,9,-101.240043640137,19.7062938664282
3508,3508,2016,,2016/12/15,"09:25:00",COLISIÓN POR CORTE DE CIRCULACIÓN,ASFALTO,Bueno,Bueno,2,HONDA,PLATA,2,,36,FEMENINO,SIN DATOS,0,0,Morelia,Lomas de Hidalgo,diciembre,jueves,9,-101.163547039032,19.6961324550551
3509,3509,2016,,2016/12/15,"09:30:00",COLISIÓN POR ALCANCE,ASFALTO,Bueno,Bueno,3,NISSAN,GRIS,3,,42,MASCULINO,SIN DATOS,0,0,Morelia,Felix Ireta,diciembre,jueves,10,-101.19350194931,19.6822327005978
3510,3510,2016,,2016/12/15,"09:40:00",COLISIÓN POR CORTE DE CIRCULACIÓN,ASFALTO,Bueno,Bueno,2,FORD,VERDE,2,,62,MASCULINO,SIN DATOS,0,0,Morelia,Josefa Ortiz de Dominguez,diciembre,jueves,10,-101.209466457367,19.6721909937674
3511,3511,2016,,2016/12/15,10:00:00,COLISIÓN POR CORTE DE CIRCULACIÓN,ASFALTO,Bueno,Bueno,2,CHRYSLER,BLANCO,2,,25,MASCULINO,SIN DATOS,0,0,Morelia,Libertad,diciembre,jueves,10,-101.236996650696,19.6852228659166
3512,3512,2016,,2016/12/15,10:07:00,COLISIÓN POR CORTE DE CIRCULACIÓN,ASFALTO,Bueno,Regular,2,INTERNATIONAL,BLANCO,2,,29,MASCULINO,SIN DATOS,0,0,Morelia,El Lago 1,diciembre,jueves,10,-101.219379901886,19.7277054626833
3513,3513,2016,,2016/12/15,10:25:00,COLISIÓN POR ALCANCE,ASFALTO,Bueno,Bueno,2,NISSAN,ROJO,2,,24,MASCULINO,SIN DATOS,0,0,Morelia,Lomas de Hidalgo,diciembre,jueves,10,-101.161880046129,19.695794066935
3514,3514,2016,,2016/12/15,11:00:00,COLISIÓN CONTRA OBJETO FIJO,ASFALTO,Bueno,Bueno,2,MAZDA,BLANCO,2,,38,FEMENINO,SIN DATOS,0,0,Morelia,Centro,diciembre,jueves,11,-101.186054125428,19.706992692262
3515,3515,2016,,2016/12/15,11:00:00,COLISIÓN POR CORTE DE CIRCULACIÓN,ASFALTO,Bueno,Bueno,3,KENWORTH,AZUL,3,,28,MASCULINO,SIN DATOS,0,0,Morelia,Reforma,diciembre,jueves,11,-101.24098777771,19.7062736654553
3516,3516,2016,,2016/12/15,12:50:00,COLISIÓN POR ALCANCE,ASFALTO,Bueno,Bueno,2,NISSAN,AMARILLO,2,,38,MASCULINO,SIN DATOS,0,0,Morelia,Primo Tapia Oriente,diciembre,jueves,13,-101.161678209901,19.7120036953836
3517,3517,2016,,2016/12/15,13:34:00,COLISIÓN POR CORTE DE CIRCULACIÓN,ASFALTO,Bueno,Bueno,2,FORD,CAFE,2,,17,MASCULINO,SIN DATOS,0,0,Morelia,Eduardo Ruiz,diciembre,jueves,14,-101.216794252396,19.7199895387032
3518,3518,2016,,2016/12/15,15:00:00,COLISIÓN POR ALCANCE,ASFALTO,Bueno,Bueno,2,CHEVROLET,BLANCO,2,,57,MASCULINO,SIN DATOS,0,0,Morelia,Pascual Ortiz de Ayala,diciembre,jueves,15,-101.149374246597,19.6947788982824
3520,3520,2016,,2016/12/15,15:45:00,COLISIÓN POR ALCANCE,ASFALTO,Bueno,Bueno,4,NISSAN,BLANCO,4,,71,MASCULINO,SIN DATOS,0,0,Morelia,Lomas de Las Americas Norte,diciembre,jueves,16,-101.14884853363,19.6949405176033
3521,3521,2016,,2016/12/15,16:19:00,COLISIÓN POR CORTE DE CIRCULACIÓN,ASFALTO,Bueno,Bueno,2,ISUZU,BLANCO,2,,26,MASCULINO,SIN DATOS,0,0,Morelia,Bosques de Oriente,diciembre,jueves,16,-101.154019832611,19.7170000230129
3522,3522,2016,,2016/12/15,16:30:00,COLISIÓN POR ALCANCE,ASFALTO,Bueno,Bueno,3,SEAT,BLANCO,3,,21,MASCULINO,SIN DATOS,0,0,Morelia,Jardines del Toreo,diciembre,jueves,17,-101.215388774872,19.6855865308639
3523,3523,2016,,2016/12/15,17:00:00,COLISIÓN POR CORTE DE CIRCULACIÓN,ASFALTO,Bueno,Bueno,2,SEAT,BLANCO,2,,23,FEMENINO,SIN DATOS,0,0,Morelia,Jardines de La Loma,diciembre,jueves,17,-101.225449740887,19.6767219625453
3524,3524,2016,,2016/12/15,17:45:00,COLISIÓN POR ALCANCE,ASFALTO,Bueno,Bueno,2,HONDA,GRIS,2,,43,MASCULINO,SIN DATOS,0,0,Morelia,Tres Puentes,diciembre,jueves,18,-101.214959621429,19.7033242960455
3525,3525,2016,,2016/12/15,18:10:00,COLISIÓN POR CORTE DE CIRCULACIÓN,ASFALTO,Bueno,Bueno,4,PEUGEOT,BLANCO,4,,40,MASCULINO,SIN DATOS,0,0,Morelia,Bosques de Oriente,diciembre,jueves,18,-101.155478954315,19.7158890400961
3526,3526,2016,,2016/12/15,23:40:00,COLISIÓN CONTRA OBJETO FIJO,CONCRETO,Bueno,Bueno,1,MAZDA,BLANCO,1,,32,MASCULINO,SIN DATOS,0,0,Morelia,Comision Federal de Electricidad,diciembre,jueves,0,-101.181356906891,19.6816669873661
3527,3527,2016,,2016/12/16,"01:40:00",COLISIÓN POR CORTE DE CIRCULACIÓN,ASFALTO,Bueno,Bueno,2,SEAT,ROJO,2,,33,MASCULINO,SIN DATOS,0,0,Morelia,Felix Ireta,diciembre,viernes,2,-101.181442737579,19.6817073955203
3528,3528,2016,,2016/12/16,"02:20:00",COLISIÓN CONTRA OBJETO FIJO,ASFALTO,Bueno,Bueno,2,NISSAN,ROJO,1,,,,SIN DATOS,0,0,Morelia,La Quemada,diciembre,viernes,2,-101.240236759186,19.7012839470341
3529,3529,2016,,2016/12/16,"03:40:00",SALIDA DE SUPERFICIE DE RODAMIENTO,ASFALTO,Bueno,Bueno,1,NISSAN,GRIS,1,,24,FEMENINO,SIN DATOS,0,0,Morelia,Ejidal Tres Puentes,diciembre,viernes,4,-101.224991083145,19.692799048358
3530,3530,2016,,2016/12/16,"03:50:00",COLISIÓN POR CORTE DE CIRCULACIÓN,ASFALTO,Bueno,Bueno,1,V.W.,GRIS,1,,,,SIN DATOS,0,0,Morelia,Centro,diciembre,viernes,4,-101.191613674164,19.6998344753704
3531,3531,2016,,2016/12/16,"04:30:00",COLISIÓN CONTRA OBJETO FIJO,ASFALTO,Bueno,Bueno,1,HONDA,GRIS,0,MINISTERIO PÚBLICO,,,,0,0,Tarímbaro,Sin datos,diciembre,viernes,5,-101.172194480896,19.7506288496735
3532,3532,2016,,2016/12/16,"08:10:00",COLISIÓN CON PEATÓN,ASFALTO,Bueno,Malo,1,DODGE,BLANCO,1,,,,,1,0,Morelia,Lomas de Las Americas Norte,diciembre,viernes,8,-101.147904396057,19.6947586958558
3533,3533,2016,,2016/12/16,"08:15:00",COLISIÓN POR CORTE DE CIRCULACIÓN,CONCRETO,Bueno,Bueno,2,MITSUBISHI,BLANCO,2,,51,FEMENINO,SIN DATOS,0,0,Morelia,Centro,diciembre,viernes,8,-101.182424426079,19.703261166825
3534,3534,2016,,2016/12/16,"08:30:00",COLISIÓN POR CORTE DE CIRCULACIÓN,CONCRETO,Bueno,Bueno,1,TOYOTA,BLANCO,1,,26,MASCULINO,SIN DATOS,0,0,Morelia,Xangari,diciembre,viernes,9,-101.21999412775,19.6717641567727
3535,3535,2016,,2016/12/16,"08:30:00",COLISIÓN POR ALCANCE,ASFALTO,Nublado,Regular,2,CHEVROLET,ARENA,2,,61,MASCULINO,SIN DATOS,0,0,Morelia,Independencia,diciembre,viernes,9,-101.176723390818,19.7053545184921
3536,3536,2016,,2016/12/16,"08:50:00",COLISIÓN POR CORTE DE CIRCULACIÓN,ASFALTO,Bueno,Regular,2,V.W.,NEGRO,2,,45,FEMENINO,SIN DATOS,0,0,Morelia,Ejidal Ocolusen,diciembre,viernes,9,-101.152595579624,19.6850056767348
3537,3537,2016,,2016/12/16,"09:45:00",COLISIÓN POR CORTE DE CIRCULACIÓN,CONCRETO,Bueno,Bueno,2,V.W.,BLANCO,2,,28,FEMENINO,SIN DATOS,0,0,Morelia,Balcones de Morelia,diciembre,viernes,10,-101.201006770134,19.6716353477522
3538,3538,2016,,2016/12/16,10:30:00,COLISIÓN POR CORTE DE CIRCULACIÓN,SIN_DATOS,Bueno,Bueno,3,V.W,NEGRO,3,,36,MASCULINO,SIN DATOS,0,0,Morelia,Francisco J Mujica,diciembre,viernes,11,-101.188223361969,19.7214842755823
3539,3539,2016,,2016/12/16,11:40:00,COLISIÓN POR ALCANCE,CONCRETO,Bueno,Bueno,2,NISSAN,ARENA,2,,37,MASCULINO,SIN DATOS,0,0,Morelia,Villa Universidad,diciembre,viernes,12,-101.205797195435,19.6866573173019
3540,3540,2016,,2016/12/16,11:55:00,COLISIÓN POR CORTE DE CIRCULACIÓN,ASFALTO,Nublado,Regular,2,NISSAN,BLANCO,2,,38,MASCULINO,SIN DATOS,0,0,Morelia,Juarez,diciembre,viernes,12,-101.195454597473,19.6922131697056
3541,3541,2016,,2016/12/16,12:31:00,COLISIÓN POR CORTE DE CIRCULACIÓN,CONCRETO,Bueno,Bueno,2,FORD,ROJO,2,,32,FEMENINO,SIN DATOS,0,0,Morelia,Cuauhtemoc,diciembre,viernes,13,-101.181582212448,19.6963849830368
3542,3542,2016,,2016/12/16,13:50:00,COLISIÓN POR CORTE DE CIRCULACIÓN,ASFALTO,Lluvioso,Regular,2,FORD,BLANCO,2,,41,MASCULINO,SIN DATOS,0,0,Morelia,Lomas del Tecnologico,diciembre,viernes,14,-101.194435358047,19.7207571080358
3543,3543,2016,,2016/12/16,13:50:00,COLISIÓN POR CORTE DE CIRCULACIÓN,CONCRETO,Bueno,Bueno,2,V.W.,NEGRO,2,,69,FEMENINO,SIN DATOS,0,0,Morelia,Molino de Parras,diciembre,viernes,14,-101.200239658356,19.6955667909304
3544,3544,2016,,2016/12/16,14:45:00,COLISIÓN POR CORTE DE CIRCULACIÓN,ASFALTO,Lluvioso,Regular,2,JEEP,BLANCO AZUL,2,,39,MASCULINO,SIN DATOS,0,0,Morelia,Chapultepec Oriente,diciembre,viernes,15,-101.159352064133,19.6900110549068
3545,3545,2016,,2016/12/16,15:00:00,CAIDA DE MOTOCICLETA,ASFALTO,Lluvioso,Regular,1,APRISSA,AZUL,1,,45,MASCULINO,SIN DATOS,0,0,Morelia,Ignaci0 Ramirez,diciembre,viernes,15,-101.224122047424,19.7252614537776
3546,3546,2016,,2016/12/16,15:20:00,SALIDA DE SUPERFICIE DE RODAMIENTO,CONCRETO,Lluvioso,Bueno,1,HONDA,ORO,1,,38,MASCULINO,SIN DATOS,0,0,Morelia,Sin datos,diciembre,viernes,15,-101.119966506958,19.7004960825321
3547,3547,2016,,2016/12/16,16:00:00,COLISIÓN CONTRA OBJETO FIJO,CONCRETO,Lluvioso,Bueno,1,RENAULT,GRIS,1,,34,FEMENINO,SIN DATOS,0,0,Morelia,Sin datos,diciembre,viernes,16,-101.126747131348,19.7093239834635
3548,3548,2016,,2016/12/16,16:15:00,COLISIÓN POR CORTE DE CIRCULACIÓN,ASFALTO,Bueno,Bueno,2,KENWORTH,ROJO,2,,34,MASCULINO,SIN DATOS,0,0,Morelia,Libertad,diciembre,viernes,16,-101.237468719482,19.6863542652628
3549,3549,2016,,2016/12/16,16:20:00,COLISIÓN POR CORTE DE CIRCULACIÓN,ASFALTO,Bueno,Bueno,2,NISSAN,PLATA,2,,37,FEMENINO,SIN DATOS,0,0,Morelia,Centro,diciembre,viernes,16,-101.205840110779,19.7025768444771
3550,3550,2016,,2016/12/16,16:45:00,COLISIÓN POR CORTE DE CIRCULACIÓN,ASFALTO,Lluvioso,Regular,2,VOLKSWAGEN,MARRON,2,,37,MASCULINO,SIN DATOS,0,0,Morelia,Centro,diciembre,viernes,17,-101.190011054277,19.6972372620334
3551,3551,2016,,2016/12/16,17:08:00,SALIDA DE SUPERFICIE DE RODAMIENTO,ASFALTO,Bueno,Bueno,1,NISSAN,BLANCO,1,,23,MASCULINO,SIN DATOS,0,0,Morelia,Ampliacion La Soledad,diciembre,viernes,17,-101.180884838104,19.7377234886073
3552,3552,2016,,2016/12/16,17:20:00,COLISIÓN CON PEATÓN,CONCRETO,Bueno,Bueno,1,NISSAN,ARENA,2,MINISTERIO PÚBLICO,50,FEMENINO,SIN DATOS,1,0,Morelia,Centro,diciembre,viernes,17,-101.200196743011,19.6993647831297
3553,3553,2016,,2016/12/16,17:20:00,COLISIÓN POR ALCANCE,ASFALTO,Bueno,Regular,2,V.W.,GUINDA,2,,56,FEMENINO,SIN DATOS,0,0,Morelia,Fuentes de Morelia,diciembre,viernes,17,-101.203420758247,19.6700239634147
3554,3554,2016,,2016/12/16,17:25:00,COLISIÓN CONTRA OBJETO FIJO,CONCRETO,Bueno,Bueno,1,KENWORTH,BLANCO,1,,47,MASCULINO,SIN DATOS,0,0,Queréndaro,Centro,diciembre,viernes,17,-100.884335786104,19.8082307737701
3555,3555,2016,,2016/12/16,17:30:00,COLISIÓN POR CORTE DE CIRCULACIÓN,ASFALTO,Bueno,Bueno,2,V.W.,AZUL,2,,25,MASCULINO,SIN DATOS,0,0,Morelia,Lomas de La Maestranza,diciembre,viernes,18,-101.331582069397,19.6847783854151
3556,3556,2016,,2016/12/16,17:35:00,SALIDA DE SUPERFICIE DE RODAMIENTO,ASFALTO,Nublado,Regular,1,NISSAN,BLANCO,2,,52,MASCULINO,SIN DATOS,1,0,Acuitzio,Sin datos,diciembre,viernes,18,-101.305918693542,19.4428746319665
3557,3557,2016,,2016/12/16,19:00:00,COLISIÓN POR CORTE DE CIRCULACIÓN,ASFALTO,Nublado,Bueno,2,FREIGHTLINER,BLANCO,2,,40,MASCULINO,SIN DATOS,0,0,Morelia,Libertad,diciembre,viernes,19,-101.236932277679,19.6849804221596
3558,3558,2016,,2016/12/16,20:34:00,VOLCADURA,TERRACERIA,Bueno,Malo,1,FORD,BLANCO Y ROJO,1,,31,MASCULINO,SIN DATOS,0,0,Morelia,3 de Agosto,diciembre,viernes,21,-101.170937865973,19.7350991194215
3559,3559,2016,,2016/12/16,20:34:00,COLISIÓN POR CORTE DE CIRCULACIÓN,ASFALTO,Bueno,Bueno,3,FORD,PLATA,3,,19,MASCULINO,SIN DATOS,0,0,Morelia,Felix Ireta,diciembre,viernes,21,-101.187000274658,19.6813437217652
3560,3560,2016,,2016/12/16,21:40:00,COLISIÓN POR CORTE DE CIRCULACIÓN,ASFALTO,Bueno,Bueno,2,CHEVROLET,GRIS,2,,39,FEMENINO,SIN DATOS,0,0,Morelia,Felix Ireta,diciembre,viernes,22,-101.181474924088,19.6815356607944
3561,3561,2016,,2016/12/16,21:40:00,COLISIÓN POR CORTE DE CIRCULACIÓN,ASFALTO,Bueno,Bueno,1,NISSAN,ROJO,1,,33,MASCULINO,SIN DATOS,0,0,Morelia,Reforma,diciembre,viernes,22,-101.241223812103,19.7059706505565
3562,3562,2016,,2016/12/16,22:00:00,COLISIÓN POR CORTE DE CIRCULACIÓN,CONCRETO,Bueno,Bueno,2,NISSAN,MORADO,2,,23,MASCULINO,SIN DATOS,0,0,Morelia,Melchor Ocampo,diciembre,viernes,22,-101.150342524052,19.7054125966159
3563,3563,2016,,2016/12/16,22:30:00,COLISIÓN POR CORTE DE CIRCULACIÓN,ASFALTO,Bueno,Bueno,2,FORD,GRIS,2,,45,MASCULINO,CON CERTIFICADO,0,0,Morelia,Primo Tapia,diciembre,viernes,23,-101.211891174316,19.7091825792788
3564,3564,2016,,2016/12/17,"00:10:00",COLISIÓN CONTRA OBJETO FIJO,ASFALTO,Nublado,Bueno,1,CHEVROLET,NEGRO,1,,44,MASCULINO,CON CERTIFICADO,0,0,Morelia,Los Angeles,diciembre,sábado,0,-101.172961592674,19.7484654063449
3565,3565,2016,,2016/12/17,"00:30:00",COLISIÓN CONTRA OBJETO FIJO,CONCRETO,Bueno,Bueno,1,DODGE,PLATINO,1,,52,MASCULINO,CON CERTIFICADO,0,0,Morelia,Elias Perez Avalos,diciembre,sábado,1,-101.168568134308,19.712697446229
3566,3566,2016,,2016/12/17,"01:20:00",COLISIÓN CONTRA OBJETO FIJO,CONCRETO,Nublado,Regular,2,SIN DATO,ARENA,2,,,,SIN DATOS,0,0,Morelia,Felix Ireta,diciembre,sábado,1,-101.185891181231,19.6853592403686