fid,id_accidente,anio_origen,folio_c5i,dia_incidente,hora_ocurrencia,tipo_incidente_vial,superficie_ocurrencia,condiciones_climaticas,condiciones_via,numero_vehiculos_involucrados,marca_vehiculo_ocasiona_siniestro,color_vehiculo_ocasiona_siniestro,numero_personas_involucradas,lugar_remite_presunto_responsable,edad_presunto_responsable,sexo_presunto_responsable,resultados_toxicologia,numero_personas_lesionadas,numero_personas_fallecidas,municipio,colonia,mes,dia_semana,hora_redondeada,lon,lat
3567,3567,2016,,2016/12/17,"01:25:00",COLISIÓN POR CORTE DE CIRCULACIÓN,ASFALTO,Bueno,Bueno,2,V.W.,GRIS,2,,,,SIN DATOS,0,0,Morelia,Independencia,diciembre,sábado,1,-101.17618560791,19.7056979366568
3568,3568,2016,,2016/12/17,"02:45:00",COLISIÓN POR CORTE DE CIRCULACIÓN,CONCRETO,Bueno,Bueno,2,MAZDA,GUINDA,2,,24,MASCULINO,SIN DATOS,0,0,Morelia,Centro,diciembre,sábado,3,-101.191602945328,19.700569313691
3569,3569,2016,,2016/12/17,"04:00:00",SUBIDA AL CAMELLÓN,ASFALTO,Bueno,Bueno,1,VOLKSWAGEN,PLATA,0,,,,,0,0,Morelia,Quinceo,diciembre,sábado,4,-101.22184753418,19.7274832816003
3570,3570,2016,,2016/12/17,"04:20:00",COLISIÓN POR CORTE DE CIRCULACIÓN,CONCRETO,Bueno,Malo,1,NISSAN,BLANCO,1,,19,MASCULINO,SIN DATOS,0,0,Morelia,Arboledas de Valladolid,diciembre,sábado,4,-101.250359416008,19.6953294134254
3571,3571,2016,,2016/12/17,"04:40:00",CAIDA DE MOTOCICLETA,ASFALTO,Bueno,Regular,1,ITALIKA,ROJO,1,,27,MASCULINO,SIN DATOS,0,0,Morelia,Lomas de Huerta,diciembre,sábado,5,-101.211934089661,19.6732012543139
3572,3572,2016,,2016/12/17,"07:30:00",VOLCADURA,ASFALTO,Bueno,Bueno,1,NISSAN,ORO,1,,,,SIN DATOS,0,0,Morelia,Campestre Los Manantiales,diciembre,sábado,8,-101.238262653351,19.6879705361772
3573,3573,2016,,2016/12/17,11:30:00,COLISIÓN CONTRA OBJETO FIJO,CONCRETO,Bueno,Bueno,1,CHEVROLET,ROJO,0,,,,,0,0,Morelia,Elias Perez Avalos,diciembre,sábado,12,-101.165735721588,19.7103946110913
3574,3574,2016,,2016/12/17,13:40:00,COLISIÓN POR ALCANCE,ASFALTO,Bueno,Bueno,2,INTERNATIONAL,ROJO,2,,30,MASCULINO,SIN DATOS,0,0,Morelia,Libertad,diciembre,sábado,14,-101.236943006516,19.6848996074924
3575,3575,2016,,2016/12/17,14:05:00,COLISIÓN POR CORTE DE CIRCULACIÓN,ASFALTO,Bueno,Bueno,3,HONDA,BLANCO,3,,64,MASCULINO,SIN DATOS,0,0,Morelia,Centro,diciembre,sábado,14,-101.182980649173,19.704370027958
3576,3576,2016,,2016/12/17,16:20:00,COLISIÓN POR CORTE DE CIRCULACIÓN,ASFALTO,Bueno,Bueno,2,KENWORTH,BLANCO/GUINDA,2,,26,MASCULINO,SIN DATOS,0,0,Morelia,Asociacion Zirahuen,diciembre,sábado,16,-101.246159076691,19.699698113249
3577,3577,2016,,2016/12/17,18:15:00,COLISIÓN POR CORTE DE CIRCULACIÓN,CONCRETO,Lluvioso,Regular,1,DODGE,BLANCO,1,,30,FEMENINO,CON CERTIFICADO,0,0,Morelia,Isaac Arriaga,diciembre,sábado,18,-101.1710947752,19.7115662331122
3578,3578,2016,,2016/12/17,19:00:00,COLISIÓN POR CORTE DE CIRCULACIÓN,CONCRETO,Lluvioso,Bueno,2,DINA,BLANCO,2,,23,MASCULINO,SIN DATOS,0,0,Morelia,Lomas de Hidalgo,diciembre,sábado,19,-101.15886926651,19.6956678025279
3579,3579,2016,,2016/12/17,19:15:00,COLISIÓN CON PEATÓN,ASFALTO,Bueno,Bueno,1,HONDA,GUINDA,2,,24,MASCULINO,SIN DATOS,1,0,Morelia,Las Margaritas,diciembre,sábado,19,-101.209359169006,19.7085563592436
3580,3580,2016,,2016/12/17,19:30:00,COLISIÓN CON PEATÓN,ASFALTO,Bueno,Regular,1,V.W,VERDE,1,,43,FEMENINO,SIN DATOS,0,0,Morelia,Adolfo Lopez Mateos,diciembre,sábado,20,-101.226900815964,19.6950238525018
3581,3581,2016,,2016/12/17,20:15:00,COLISIÓN POR CORTE DE CIRCULACIÓN,ASFALTO,Bueno,Regular,2,MAZDA,GRIS,2,,29,FEMENINO,SIN DATOS,0,0,Morelia,Las Americas,diciembre,sábado,20,-101.156584024429,19.6876270799729
3582,3582,2016,,2016/12/17,22:15:00,COLISIÓN POR CORTE DE CIRCULACIÓN,ASFALTO,Bueno,Bueno,1,TOYOTA,BLANCO Y GRIS,1,,,,SIN DATOS,0,0,Morelia,Los Pirules,diciembre,sábado,22,-101.119322776794,19.6874452499194
3583,3583,2016,,2016/12/17,23:00:00,COLISIÓN POR ALCANCE,ASFALTO,Bueno,Bueno,2,DODGE,AZUL,2,,42,MASCULINO,SIN DATOS,0,0,Morelia,Tinijaro,diciembre,sábado,23,-101.264591217041,19.6963546797
3584,3584,2016,,2016/12/17,23:30:00,COLISIÓN POR CORTE DE CIRCULACIÓN,ASFALTO,Bueno,Bueno,2,SUZUKI,NEGRO,1,MINISTERIO PÚBLICO,52,MASCULINO,SIN DATOS,0,0,Morelia,Centro,diciembre,sábado,0,-101.191860437393,19.6960364943176
3585,3585,2016,,2016/12/17,23:30:00,VOLCADURA,ASFALTO,Bueno,Bueno,1,VW,GRIS,1,,28,MASCULINO,SIN DATOS,0,0,Zacapu,Sin datos,diciembre,sábado,0,-101.810688972473,19.8220438585012
3586,3586,2016,,2016/12/18,"00:15:00",COLISIÓN CONTRA OBJETO FIJO,ASFALTO,Bueno,Bueno,1,CHEVROLET,VERDE,1,MINISTERIO PÚBLICO,,,SIN DATOS,0,0,Morelia,Ciudad Industrial,diciembre,domingo,0,-101.136145591736,19.7297858705608
3587,3587,2016,,2016/12/18,"00:30:00",COLISIÓN POR CORTE DE CIRCULACIÓN,CONCRETO,Bueno,Bueno,2,Nissan,Negro,2,,26,MASCULINO,SIN DATOS,0,0,Apatzingán,Centro,diciembre,domingo,1,-102.350070476532,19.0872543285332
3588,3588,2016,,2016/12/18,"01:30:00",COLISIÓN POR CORTE DE CIRCULACIÓN,CONCRETO,Bueno,Bueno,4,VOLKSWAGEN,ROJO,4,MINISTERIO PÚBLICO,,,SIN DATOS,0,0,Morelia,Cinco de Diciembre,diciembre,domingo,2,-101.165812164545,19.6844469183291
3589,3589,2016,,2016/12/18,"04:50:00",VOLCADURA,ASFALTO,Bueno,Bueno,1,V.W,GRIS,1,,33,MASCULINO,CON CERTIFICADO,0,0,Morelia,Leandro Valle,diciembre,domingo,5,-101.230537891388,19.7158486405719
3590,3590,2016,,2016/12/18,"05:15:00",COLISIÓN POR ALCANCE,ASFALTO,Bueno,Bueno,2,RENAULT,GRIS,2,,37,MASCULINO,SIN DATOS,0,0,Morelia,Nicolas Romero,diciembre,domingo,5,-101.150027364492,19.7063178550801
3591,3591,2016,,2016/12/18,"05:20:00",COLISIÓN CONTRA OBJETO FIJO,ASFALTO,Bueno,Bueno,2,ACURA,CAFE,2,,45,MASCULINO,SIN DATOS,0,0,Morelia,El Realito,diciembre,domingo,5,-101.203694343567,19.7258068143767
3592,3592,2016,,2016/12/18,"05:40:00",CAIDA ACUATICA DE VEHÍCULO,ASFALTO,Bueno,Bueno,1,FORD,BLANCO,1,,31,FEMENINO,SIN DATOS,0,0,Morelia,Ejidal Tres Puentes,diciembre,domingo,6,-101.225988864899,19.6925667174248
3593,3593,2016,,2016/12/18,"06:40:00",VOLCADURA,ASFALTO,Bueno,Bueno,1,FORD,BLANCO,1,,52,MASCULINO,SIN DATOS,0,0,Morelia,Los Manantiales de Morelia,diciembre,domingo,7,-101.237377524376,19.6953445651916
3594,3594,2016,,2016/12/18,"09:20:00",COLISIÓN CONTRA OBJETO FIJO,CONCRETO,Bueno,Bueno,1,CHEVROLET,ROJO,1,,56,MASCULINO,CON CERTIFICADO,0,0,Morelia,Loma Larga,diciembre,domingo,9,-101.2025141716,19.6549650717331
3595,3595,2016,,2016/12/18,10:10:00,COLISIÓN CONTRA OBJETO FIJO,ADOQUIN_EMPEDRADO,Bueno,Bueno,1,KENWORTH,AZUL,1,,39,MASCULINO,SIN DATOS,0,0,Charo,San Pedro Y San Pablo,diciembre,domingo,10,-101.046581268311,19.7499624011789
3596,3596,2016,,2016/12/18,12:55:00,COLISIÓN POR CORTE DE CIRCULACIÓN,ASFALTO,Bueno,Regular,2,NISSAN,BLANCO,2,,26,MASCULINO,SIN DATOS,0,0,Morelia,Centro,diciembre,domingo,13,-101.190379858017,19.7065564788431
3597,3597,2016,,2016/12/18,13:30:00,COLISIÓN POR CORTE DE CIRCULACIÓN,CONCRETO,Bueno,Bueno,1,CHRYSLER,BLANCO,1,,,,SIN DATOS,0,0,Morelia,Ilustres Novohispanos,diciembre,domingo,14,-101.151809692383,19.7095663903465
3598,3598,2016,,2016/12/18,13:40:00,COLISIÓN POR CORTE DE CIRCULACIÓN,ASFALTO,Bueno,Bueno,1,KURAZAI,VERDE,1,MINISTERIO PÚBLICO,22,MASCULINO,SIN DATOS,0,0,Morelia,El Lago 1,diciembre,domingo,14,-101.214573383331,19.7269379267229
3599,3599,2016,,2016/12/18,14:10:00,COLISIÓN POR CORTE DE CIRCULACIÓN,ASFALTO,Bueno,Malo,2,INTERNATIONAL,VERDE,2,,31,MASCULINO,SIN DATOS,0,0,Morelia,Libertad,diciembre,domingo,14,-101.236953735352,19.68500062582
3600,3600,2016,,2016/12/18,19:10:00,COLISIÓN POR CORTE DE CIRCULACIÓN,CONCRETO,Bueno,Bueno,2,NISSAN,BLANCO,2,MINISTERIO PÚBLICO,38,MASCULINO,SIN DATOS,0,0,Morelia,Mariano Escobedo,diciembre,domingo,19,-101.21324300766,19.7202218298112
3601,3601,2016,,2016/12/18,19:30:00,COLISIÓN POR CORTE DE CIRCULACIÓN,ASFALTO,Bueno,Bueno,2,NISSAN,PLATA,2,,28,MASCULINO,CON CERTIFICADO,0,0,Morelia,Loma Real,diciembre,domingo,20,-101.199434995651,19.7315329882864
3602,3602,2016,,2016/12/18,20:00:00,COLISIÓN POR CORTE DE CIRCULACIÓN,ASFALTO,Bueno,Bueno,2,FORD,VERDE,2,,26,MASCULINO,SIN DATOS,0,0,Morelia,Tres Puentes,diciembre,domingo,20,-101.213672161102,19.7026374487884
3603,3603,2016,,2016/12/18,20:00:00,COLISIÓN POR ALCANCE,ASFALTO,Bueno,Bueno,1,NISSAN,ROJO,1,,0,FEMENINO,SIN DATOS,0,0,Morelia,Sin datos,diciembre,domingo,20,-101.244978904724,19.6528331720744
3604,3604,2016,,2016/12/18,20:00:00,COLISIÓN POR CORTE DE CIRCULACIÓN,ASFALTO,Bueno,Bueno,2,FORD,VERDE,2,,26,MASCULINO,SIN DATOS,0,0,Morelia,Tres Puentes,diciembre,domingo,20,-101.213908195496,19.7027788587588
3605,3605,2016,,2016/12/18,22:10:00,COLISIÓN POR CORTE DE CIRCULACIÓN,ASFALTO,Bueno,Regular,2,MERCEDES BENZ,CREMA/NARANJA,2,,27,MASCULINO,SIN DATOS,0,0,Morelia,San Pascual,diciembre,domingo,22,-101.266050338745,19.6958698255315
3606,3606,2016,,2016/12/18,22:30:00,COLISIÓN CONTRA OBJETO FIJO,TERRACERIA,Bueno,Malo,1,NISSAN,PLATA,1,,0,,SIN DATOS,0,0,Morelia,La Nueva Aldea,diciembre,domingo,23,-101.145726442337,19.749104092199
3607,3607,2016,,2016/12/18,23:00:00,SUBIDA AL CAMELLÓN,ASFALTO,Bueno,Bueno,1,Acura,Verde,0,,,,,0,0,Apatzingán,Bonifacio Moreno,diciembre,domingo,23,-102.357988357544,19.0882580847755
3608,3608,2016,,2016/12/18,23:40:00,CAIDA DE MOTOCICLETA,CONCRETO,Bueno,Regular,1,ITALIKA,NARANJA,1,,40,MASCULINO,SIN DATOS,0,0,Morelia,Felix Ireta,diciembre,domingo,0,-101.190841197968,19.6860512126503
3610,3610,2016,,2016/12/19,"01:30:00",COLISIÓN CONTRA OBJETO FIJO,ASFALTO,Bueno,Regular,3,CHEVROLET,GRIS/VERDE,3,,0,,SIN DATOS,0,0,Morelia,Centro,diciembre,lunes,2,-101.201693415642,19.7007675426944
3611,3611,2016,,2016/12/19,"04:30:00",COLISIÓN POR CORTE DE CIRCULACIÓN,ASFALTO,Nublado,Regular,2,TOYOTA,GRIS,5,,44,MASCULINO,SIN DATOS,3,0,Puruándiro,Sin datos,diciembre,lunes,5,-101.590232849121,20.068226213321
3612,3612,2016,,2016/12/19,17:20:00,COLISIÓN POR ALCANCE,ASFALTO,Bueno,Bueno,3,NISSAN,GRIS,3,,60,MASCULINO,SIN DATOS,0,0,Morelia,Sin datos,diciembre,lunes,17,-101.174275875092,19.7461858071391
3613,3613,2016,,2016/12/19,19:30:00,COLISIÓN POR ALCANCE,ASFALTO,Bueno,Bueno,3,MERCEDES BENZ,NEGRO,3,,69,MASCULINO,SIN DATOS,0,0,Morelia,Josefa Ortiz de Dominguez,diciembre,lunes,20,-101.209187507629,19.6722516095798
3614,3614,2016,,2016/12/19,20:15:00,COLISIÓN POR ALCANCE,ASFALTO,Bueno,Bueno,2,NISSAN,BLANCO/ROJO,2,,54,MASCULINO,SIN DATOS,0,0,Morelia,Felix Ireta,diciembre,lunes,20,-101.191956996918,19.6825559644047
3615,3615,2016,,2016/12/19,21:50:00,COLISIÓN POR CORTE DE CIRCULACIÓN,ASFALTO,Bueno,Malo,2,KENWORTH,BLANCO,2,,38,MASCULINO,SIN DATOS,0,0,Morelia,Libertad,diciembre,lunes,22,-101.236932277679,19.68500062582
3616,3616,2016,,2016/12/19,22:45:00,COLISIÓN POR CORTE DE CIRCULACIÓN,ASFALTO,Bueno,Bueno,1,FORD,AZUL,1,,29,FEMENINO,CON CERTIFICADO,0,0,Morelia,Camelinas,diciembre,lunes,23,-101.170992851257,19.6822124965882
3617,3617,2016,,2016/12/20,"00:10:00",SALIDA DE SUPERFICIE DE RODAMIENTO,ASFALTO,Bueno,Regular,1,CHEVROLET,AZUL,1,,19,MASCULINO,SIN DATOS,0,0,Indaparapeo,Sin datos,diciembre,martes,0,-100.974140167236,19.8187887821916
3618,3618,2016,,2016/12/20,"01:00:00",COLISIÓN POR CORTE DE CIRCULACIÓN,ASFALTO,Bueno,Bueno,2,TOYOTA,CAFE,2,,43,MASCULINO,CON CERTIFICADO,0,0,Morelia,Avicola Benito Juarez,diciembre,martes,1,-101.279504299164,19.6916272889091
3619,3619,2016,,2016/12/20,"08:00:00",COLISIÓN CONTRA OBJETO FIJO,CONCRETO,Bueno,Bueno,1,FREIGHTLINER,BLANCO Y AZUL,1,,38,MASCULINO,SIN DATOS,0,0,Morelia,Sin datos,diciembre,martes,8,-101.126682758331,19.7093845852187
3620,3620,2016,,2016/12/20,"08:05:00",COLISIÓN POR CORTE DE CIRCULACIÓN,ASFALTO,Bueno,Bueno,2,NISSAN,BLANCO,2,,27,MASCULINO,SIN DATOS,0,0,Morelia,Prados Verdes,diciembre,martes,8,-101.197235584259,19.7168384259775
3621,3621,2016,,2016/12/20,12:00:00,COLISIÓN POR CORTE DE CIRCULACIÓN,ASFALTO,Bueno,Regular,2,DODGE,BLANCO,2,,19,MASCULINO,SIN DATOS,0,0,Morelia,Centro,diciembre,martes,12,-101.187817007303,19.6974026667646
3622,3622,2016,,2016/12/20,12:10:00,COLISIÓN POR CORTE DE CIRCULACIÓN,ASFALTO,Bueno,Bueno,1,HONDA,BLANCO,1,,23,MASCULINO,SIN DATOS,0,0,Morelia,Centro,diciembre,martes,12,-101.189836710691,19.7034088891618
3623,3623,2016,,2016/12/20,12:40:00,COLISIÓN CONTRA OBJETO FIJO,ASFALTO,Bueno,Regular,2,CHEVROLET,GRIS,2,,27,MASCULINO,SIN DATOS,0,0,Morelia,Los Manantiales de Morelia,diciembre,martes,13,-101.240995824337,19.6943483335138
3624,3624,2016,,2016/12/20,13:10:00,COLISIÓN POR CORTE DE CIRCULACIÓN,ASFALTO,Bueno,Bueno,2,NISSAN,BLANCO Y  CAFE,2,,18,MASCULINO,SIN DATOS,0,0,Morelia,Ventura Puente,diciembre,martes,13,-101.180101633072,19.6886776495723
3625,3625,2016,,2016/12/20,13:45:00,COLISIÓN POR CORTE DE CIRCULACIÓN,ASFALTO,Bueno,Bueno,2,CHRYSLER,BLANCO,2,,37,MASCULINO,SIN DATOS,0,0,Morelia,Nicolaitas Ilustres,diciembre,martes,14,-101.228349208832,19.7196663505131
3626,3626,2016,,2016/12/20,14:05:00,VOLCADURA,ASFALTO,Bueno,Regular,1,KENWORTH,BLANCO,1,,59,MASCULINO,SIN DATOS,0,0,Morelia,Sin datos,diciembre,martes,14,-101.356515884399,19.6787979823614
3627,3627,2016,,2016/12/20,16:40:00,COLISIÓN POR CORTE DE CIRCULACIÓN,ASFALTO,Bueno,Bueno,2,AUDI,GUINDA,2,,42,MASCULINO,SIN DATOS,0,0,Morelia,Nueva Chapultepec,diciembre,martes,17,-101.172716170549,19.6879175025467
3628,3628,2016,,2016/12/20,18:00:00,COLISIÓN POR CORTE DE CIRCULACIÓN,ASFALTO,Bueno,Bueno,1,RENAULT,GRIS,1,,41,MASCULINO,SIN DATOS,0,0,Zacapu,Tierras Blancas (El Jabali),diciembre,martes,18,-101.807363033295,19.8199444680784
3629,3629,2016,,2016/12/20,21:46:00,COLISIÓN POR CORTE DE CIRCULACIÓN,CONCRETO,Bueno,Bueno,2,DODGE,ROJO,2,,42,FEMENINO,SIN DATOS,0,0,Morelia,Villas del Sol,diciembre,martes,22,-101.227134168148,19.6955339621475
3630,3630,2016,,2016/12/21,"03:50:00",COLISIÓN POR CORTE DE CIRCULACIÓN,SIN_DATOS,Bueno,Bueno,2,VOLKSWAGEN,BLANCO,2,,20,MASCULINO,SIN DATOS,0,0,Morelia,Primo Tapia,diciembre,miércoles,4,-101.211858987808,19.7091724789751
3631,3631,2016,,2016/12/21,"07:50:00",SUBIDA AL CAMELLÓN,ASFALTO,Bueno,Bueno,1,DODGE,ROJO,1,,27,MASCULINO,SIN DATOS,0,0,Morelia,Cinco de Diciembre,diciembre,miércoles,8,-101.165821552277,19.6843743111615
3632,3632,2016,,2016/12/21,"08:20:00",COLISIÓN POR CORTE DE CIRCULACIÓN,ASFALTO,Bueno,Bueno,2,CHEVROLET,ROJO,2,,28,MASCULINO,SIN DATOS,0,0,Morelia,Jardines del Toreo,diciembre,miércoles,8,-101.214187145233,19.6881321623714
3633,3633,2016,,2016/12/21,"09:23:00",COLISIÓN POR CORTE DE CIRCULACIÓN,ASFALTO,Bueno,Bueno,2,NISSAN,BLANCO,2,,33,MASCULINO,SIN DATOS,0,0,Morelia,Felix Ireta,diciembre,miércoles,9,-101.195433139801,19.6824751485141
3634,3634,2016,,2016/12/21,"09:40:00",COLISIÓN POR ALCANCE,CONCRETO,Bueno,Bueno,3,FORD,ROJO,3,,23,MASCULINO,SIN DATOS,0,0,Morelia,Lindavista,diciembre,miércoles,10,-101.216225624084,19.7040313416124
3635,3635,2016,,2016/12/21,"09:40:00",COLISIÓN POR CORTE DE CIRCULACIÓN,ASFALTO,Bueno,Regular,2,CHEVROLET,BLANCO Y ROJO,2,,33,MASCULINO,SIN DATOS,0,0,Morelia,Libertad,diciembre,miércoles,10,-101.236943006516,19.6848693019817
3636,3636,2016,,2016/12/21,10:05:00,COLISIÓN POR CORTE DE CIRCULACIÓN,ASFALTO,Bueno,Bueno,1,BMW,AZUL,0,,,,,0,0,Morelia,Leandro Valle,diciembre,miércoles,10,-101.230580806732,19.7158890400961
3637,3637,2016,,2016/12/21,10:05:00,COLISIÓN POR CORTE DE CIRCULACIÓN,ASFALTO,Bueno,Bueno,2,BMW,AZUL,2,,0,,SIN DATOS,0,0,Morelia,Ciudad Industrial,diciembre,miércoles,10,-101.130073070526,19.7344273040264
3638,3638,2016,,2016/12/21,11:30:00,COLISIÓN CONTRA OBJETO FIJO,CONCRETO,Bueno,Bueno,1,CHEVROLET,BLANCO,0,MINISTERIO PÚBLICO,,,,0,0,Lázaro Cárdenas,Los Llanitos,diciembre,miércoles,12,-102.219715118408,17.9891826646305
3639,3639,2016,,2016/12/21,12:50:00,COLISIÓN POR ALCANCE,CONCRETO,Bueno,Bueno,2,V.W,ROJO,2,,73,MASCULINO,SIN DATOS,0,0,Morelia,Infonavit  Las  Camelinas,diciembre,miércoles,13,-101.173846721649,19.6836974845028
3640,3640,2016,,2016/12/21,13:05:00,COLISIÓN POR CORTE DE CIRCULACIÓN,ASFALTO,Bueno,Bueno,2,ISUZU,BLANCO Y AZUL,2,,25,MASCULINO,SIN DATOS,0,0,Morelia,Tzindurio Norte,diciembre,miércoles,13,-101.244077682495,19.7004556791197
3641,3641,2016,,2016/12/21,13:10:00,COLISIÓN POR MANIOBRA DE REVERSA,ASFALTO,Bueno,Bueno,2,BENOTTO,ROJO,2,,23,MASCULINO,SIN DATOS,0,0,Morelia,Vasco de Quiroga,diciembre,miércoles,13,-101.16959810257,19.69718296884
3642,3642,2016,,2016/12/21,14:20:00,COLISIÓN CONTRA OBJETO FIJO,ASFALTO,Bueno,Bueno,2,MERDES BENZ,BLANCO,2,,52,MASCULINO,SIN DATOS,0,0,Morelia,Centro,diciembre,miércoles,14,-101.196945905685,19.7011728381726
3643,3643,2016,,2016/12/21,15:00:00,COLISIÓN POR CORTE DE CIRCULACIÓN,ASFALTO,Bueno,Bueno,2,SIN DATOS,SIN DATOS,1,,31,MASCULINO,SIN DATOS,0,0,Morelia,Loma Bonita,diciembre,miércoles,15,-101.196908354759,19.7187018318734
3644,3644,2016,,2016/12/21,15:10:00,COLISIÓN POR CORTE DE CIRCULACIÓN,ASFALTO,Bueno,Bueno,2,VOLKSWAGEN,NEGRO,2,,28,MASCULINO,SIN DATOS,0,0,Morelia,Gertrudis Bocanegra,diciembre,miércoles,15,-101.210668087006,19.7020920091602
3645,3645,2016,,2016/12/21,16:45:00,COLISIÓN POR CORTE DE CIRCULACIÓN,ASFALTO,Bueno,Bueno,2,DODGE,AZUL Y BLANCO,2,,55,MASCULINO,SIN DATOS,0,0,Morelia,Libertad,diciembre,miércoles,17,-101.236932277679,19.6850410331333
3646,3646,2016,,2016/12/21,19:00:00,COLISIÓN POR CORTE DE CIRCULACIÓN,ASFALTO,Bueno,Bueno,2,HONDA,PLATA,2,,37,FEMENINO,SIN DATOS,0,0,Morelia,Chapultepec Sur,diciembre,miércoles,19,-101.175177097321,19.6925970214787
3647,3647,2016,,2016/12/21,19:40:00,COLISIÓN POR CORTE DE CIRCULACIÓN,ASFALTO,Bueno,Bueno,2,FORD,SIN DATOS,2,,0,MASCULINO,CON CERTIFICADO,0,0,Morelia,Quinceo,diciembre,miércoles,20,-101.224164962769,19.7253826451827
3648,3648,2016,,2016/12/22,"00:50:00",COLISIÓN CONTRA OBJETO FIJO,ASFALTO,Bueno,Bueno,1,HONDA,NEGRO,1,,18,MASCULINO,SIN DATOS,0,0,Morelia,La Morita,diciembre,jueves,1,-101.202836036682,19.6521663161275
3649,3649,2016,,2016/12/22,"01:50:00",COLISIÓN POR CORTE DE CIRCULACIÓN,ASFALTO,Bueno,Bueno,2,NISSAN,PLATA,2,,31,MASCULINO,SIN DATOS,0,0,Morelia,Fidel Velazquez,diciembre,jueves,2,-101.235988140106,19.7022132181272
3650,3650,2016,,2016/12/22,"02:35:00",COLISIÓN POR ALCANCE,ASFALTO,Bueno,Bueno,2,V.W,NEGRO,2,,35,MASCULINO,SIN DATOS,0,0,Morelia,Los Manantiales de Morelia,diciembre,jueves,3,-101.240365505219,19.6929606696778
3651,3651,2016,,2016/12/22,"03:30:00",COLISIÓN POR CORTE DE CIRCULACIÓN,CONCRETO,Bueno,Bueno,1,DODGE,AZUL,1,,33,MASCULINO,SIN DATOS,0,0,Morelia,Melchor Ocampo,diciembre,jueves,4,-101.204037666321,19.7044757686552
3652,3652,2016,,2016/12/22,"08:10:00",COLISIÓN POR CORTE DE CIRCULACIÓN,ASFALTO,Bueno,Bueno,2,VOLKSWAGEN,ROJO,2,,37,MASCULINO,SIN DATOS,0,0,Morelia,Jardines del Rincon,diciembre,jueves,8,-101.153301000595,19.6872355137394
3653,3653,2016,,2016/12/22,"08:50:00",COLISIÓN POR ALCANCE,ASFALTO,Bueno,Regular,2,NISSAN,BLANCO,2,,21,MASCULINO,SIN DATOS,0,0,Morelia,Jardines de Sindurio,diciembre,jueves,9,-101.256148696011,19.697628425069
3654,3654,2016,,2016/12/22,"09:10:00",COLISIÓN POR ALCANCE,ASFALTO,Bueno,Bueno,2,CHEVROLET,BLANCO Y ROSA,2,,32,MASCULINO,SIN DATOS,0,0,Morelia,Gertrudis Sanchez,diciembre,jueves,9,-101.200191378593,19.7408489436918
3655,3655,2016,,2016/12/22,11:30:00,COLISIÓN POR ALCANCE,ASFALTO,Bueno,Bueno,2,NISSAN,BLANCO,2,,27,FEMENINO,SIN DATOS,0,0,Morelia,Felix Ireta,diciembre,jueves,12,-101.195712089539,19.6816427428386
3656,3656,2016,,2016/12/22,12:50:00,COLISIÓN POR CORTE DE CIRCULACIÓN,ASFALTO,Bueno,Bueno,2,INTERNATIONAL,BLANCO,2,,35,MASCULINO,SIN DATOS,0,0,Morelia,Sentimientos de La Nacion,diciembre,jueves,13,-101.235436152052,19.681612746547
3657,3657,2016,,2016/12/22,14:20:00,CAIDA DE MOTOCICLETA,CONCRETO,Bueno,Regular,1,YAMAHA,AZUL/BLANCO,1,,28,MASCULINO,SIN DATOS,0,0,Morelia,Centro,diciembre,jueves,14,-101.196908354759,19.7038444798735
3658,3658,2016,,2016/12/22,14:30:00,COLISIÓN CONTRA OBJETO FIJO,CONCRETO,Bueno,Bueno,2,GMC,BLANCO,2,,19,MASCULINO,SIN DATOS,0,0,Morelia,Loma de La Floresta,diciembre,jueves,15,-101.202436387539,19.6663641917898
3659,3659,2016,,2016/12/22,14:40:00,COLISIÓN POR CORTE DE CIRCULACIÓN,CONCRETO,Bueno,Bueno,2,NISSAN,BLANCO,2,,31,FEMENINO,SIN DATOS,0,0,Morelia,Rincon Quieto,diciembre,jueves,15,-101.204874515533,19.6818589260079
3660,3660,2016,,2016/12/22,14:45:00,COLISIÓN POR CORTE DE CIRCULACIÓN,ASFALTO,Bueno,Bueno,2,TOYOTA,NEGRO,2,,23,MASCULINO,SIN DATOS,0,0,Morelia,Division del Norte,diciembre,jueves,15,-101.164094209671,19.711083950087
3661,3661,2016,,2016/12/22,15:00:00,COLISIÓN POR CORTE DE CIRCULACIÓN,CONCRETO,Bueno,Bueno,2,DINA,GRIS,2,,26,MASCULINO,SIN DATOS,0,0,Morelia,Solidaridad,diciembre,jueves,15,-101.2057843207,19.7329973207938
3662,3662,2016,,2016/12/22,15:30:00,COLISIÓN POR CORTE DE CIRCULACIÓN,ASFALTO,Bueno,Bueno,2,RENAULT,BLANCO,2,,29,MASCULINO,SIN DATOS,0,0,Morelia,Defensores De Puebla,diciembre,jueves,16,-101.235752105713,19.7130105484455
3663,3663,2016,,2016/12/22,15:35:00,COLISIÓN POR ALCANCE,CONCRETO,Bueno,Bueno,3,GMC,ROJO,3,,23,MASCULINO,SIN DATOS,0,0,Morelia,Vista Bella,diciembre,jueves,16,-101.19766741991,19.6785954327534
3664,3664,2016,,2016/12/22,17:20:00,COLISIÓN POR CORTE DE CIRCULACIÓN,ASFALTO,Bueno,Bueno,2,CHEVROLET,NEGRO,2,,49,MASCULINO,SIN DATOS,0,0,Morelia,La Aldea,diciembre,jueves,17,-101.134976148605,19.7340980860471