fid,id_accidente,anio_origen,folio_c5i,dia_incidente,hora_ocurrencia,tipo_incidente_vial,superficie_ocurrencia,condiciones_climaticas,condiciones_via,numero_vehiculos_involucrados,marca_vehiculo_ocasiona_siniestro,color_vehiculo_ocasiona_siniestro,numero_personas_involucradas,lugar_remite_presunto_responsable,edad_presunto_responsable,sexo_presunto_responsable,resultados_toxicologia,numero_personas_lesionadas,numero_personas_fallecidas,municipio,colonia,mes,dia_semana,hora_redondeada,lon,lat
3665,3665,2016,,2016/12/22,18:20:00,SALIDA DE SUPERFICIE DE RODAMIENTO,ASFALTO,Bueno,Bueno,1,KAWASAKI,ROJO,2,,25,MASCULINO,SIN DATOS,1,0,Morelia,Sin datos,diciembre,jueves,18,-101.388487815857,19.6661090907218
3666,3666,2016,,2016/12/22,19:00:00,COLISIÓN POR CORTE DE CIRCULACIÓN,ASFALTO,Bueno,Regular,2,TOYOTA,GRIS,2,MINISTERIO PÚBLICO,58,FEMENINO,SIN DATOS,0,1,Morelia,La Esperanza,diciembre,jueves,19,-101.152786016464,19.6985466062569
3667,3667,2016,,2016/12/22,20:38:00,COLISIÓN CONTRA OBJETO FIJO,ASFALTO,Bueno,Bueno,1,FORD,DURAZNO,1,,,,SIN DATOS,0,0,Morelia,Sin datos,diciembre,jueves,21,-101.316470503807,19.6519632275679
3668,3668,2016,,2016/12/22,21:20:00,COLISIÓN POR CORTE DE CIRCULACIÓN,ASFALTO,Bueno,Bueno,2,RENAULT,BLANCO/CAFE,2,,35,MASCULINO,SIN DATOS,0,0,Morelia,Francisco J Mujica,diciembre,jueves,21,-101.188373565674,19.7216256688878
3669,3669,2016,,2016/12/22,21:45:00,COLISIÓN POR CORTE DE CIRCULACIÓN,ASFALTO,Bueno,Bueno,2,ZUSUKI,AZUL,2,,44,MASCULINO,SIN DATOS,0,0,Morelia,Cinco de Diciembre,diciembre,jueves,22,-101.162581443787,19.6866371138505
3670,3670,2016,,2016/12/22,22:00:00,COLISIÓN CONTRA OBJETO FIJO,CONCRETO,Bueno,Bueno,2,HONDA,NEGRO,2,,25,MASCULINO,SIN DATOS,0,0,Morelia,Fidel Velazquez,diciembre,jueves,22,-101.237897872925,19.7037889263415
3671,3671,2016,,2016/12/22,22:30:00,COLISIÓN POR CORTE DE CIRCULACIÓN,CONCRETO,Bueno,Bueno,3,INTERNATIONAL,BLANCO,3,,38,MASCULINO,SIN DATOS,0,0,Morelia,Centro,diciembre,jueves,23,-101.191077232361,19.6959405335226
3672,3672,2016,,2016/12/22,22:40:00,COLISIÓN POR ALCANCE,CONCRETO,Bueno,Bueno,2,PONTIAC,GRIS,2,,34,FEMENINO,SIN DATOS,0,0,Morelia,Division del Norte,diciembre,jueves,23,-101.163446188039,19.7123358628756
3673,3673,2016,,2016/12/23,"00:30:00",COLISIÓN POR CORTE DE CIRCULACIÓN,ASFALTO,Bueno,Bueno,2,CHEVROLET,NEGRO,3,,48,MASCULINO,SIN DATOS,1,0,Morelia,Santa Fe,diciembre,viernes,1,-101.171647310257,19.7392029119673
3674,3674,2016,,2016/12/23,"02:10:00",COLISIÓN POR CORTE DE CIRCULACIÓN,CONCRETO,Bueno,Bueno,2,CHEVROLET,AZUL,2,,22,MASCULINO,SIN DATOS,0,0,Morelia,Morelos,diciembre,viernes,2,-101.209821581906,19.6969920586591
3675,3675,2016,,2016/12/23,"02:30:00",COLISIÓN CONTRA OBJETO FIJO,ASFALTO,Bueno,Regular,1,BMW,NEGRO,1,,27,MASCULINO,SIN DATOS,0,0,Morelia,La Loma,diciembre,viernes,3,-101.185991764069,19.6797172818128
3676,3676,2016,,2016/12/23,"02:40:00",COLISIÓN CONTRA OBJETO FIJO,ASFALTO,Bueno,Bueno,1,JEEP,AZUL,1,,,,SIN DATOS,0,0,Morelia,Popular Pogreso,diciembre,viernes,3,-101.200132369995,19.7206379330082
3677,3677,2016,,2016/12/23,"04:30:00",SUBIDA AL CAMELLÓN,SIN_DATOS,Bueno,Bueno,1,NISSAN,BLANCO,1,,,,SIN DATOS,0,0,Morelia,Indeco Santiaguito,diciembre,viernes,5,-101.178486943245,19.7201460827479
3678,3678,2016,,2016/12/23,"07:20:00",COLISIÓN POR CORTE DE CIRCULACIÓN,CONCRETO,Bueno,Bueno,2,MAZDA,NEGRO,2,,0,,SIN DATOS,1,0,Morelia,La Huerta,diciembre,viernes,7,-101.233080625534,19.6737417410913
3679,3679,2016,,2016/12/23,10:40:00,COLISIÓN POR CORTE DE CIRCULACIÓN,ASFALTO,Bueno,Bueno,2,SUZUKI,BLANCO,3,,31,MASCULINO,SIN DATOS,1,0,Morelia,Eduardo Ruiz,diciembre,viernes,11,-101.224674582481,19.7239283422554
3680,3680,2016,,2016/12/23,11:25:00,COLISIÓN POR ALCANCE,ASFALTO,Bueno,Bueno,2,TOYOTA,BLANCO,2,,66,MASCULINO,SIN DATOS,0,0,Morelia,Nicolas Bravo(Los Ejidos),diciembre,viernes,11,-101.213910341394,19.7024758372406
3681,3681,2016,,2016/12/23,11:50:00,VOLCADURA,ASFALTO,Bueno,Bueno,1,VW,GRIS,0,,,,,0,0,Morelia,Virreyes,diciembre,viernes,12,-101.157410144806,19.6955061839413
3682,3682,2016,,2016/12/23,12:40:00,SUBIDA AL CAMELLÓN,ASFALTO,Bueno,Bueno,1,FORD,BLANCO,1,,42,MASCULINO,SIN DATOS,0,0,Morelia,Nicolaitas Ilustres,diciembre,viernes,13,-101.22726559639,19.7207975063196
3683,3683,2016,,2016/12/23,13:30:00,CAIDA DE MOTOCICLETA,ASFALTO,Bueno,Bueno,1,YAMAHA,ROJO/NEGRO,1,,33,MASCULINO,SIN DATOS,0,0,Morelia,Sin datos,diciembre,viernes,14,-101.416663885248,19.6328060780672
3684,3684,2016,,2016/12/23,14:00:00,COLISIÓN POR CORTE DE CIRCULACIÓN,ASFALTO,Bueno,Bueno,2,NISSAN,ROJO/BLANCO,2,,65,MASCULINO,SIN DATOS,0,0,Morelia,Montaña Monarca,diciembre,viernes,14,-101.164834499359,19.6658827826532
3685,3685,2016,,2016/12/23,15:00:00,COLISIÓN POR CORTE DE CIRCULACIÓN,ASFALTO,Bueno,Bueno,2,MAZDA,GUINDA,2,,25,MASCULINO,SIN DATOS,0,0,Morelia,Montaña Monarca,diciembre,viernes,15,-101.165800094605,19.6668365065572
3686,3686,2016,,2016/12/23,16:36:00,COLISIÓN POR CORTE DE CIRCULACIÓN,ASFALTO,Bueno,Bueno,2,V.W,BLANCO,2,,29,MASCULINO,SIN DATOS,0,0,Morelia,Rafael Carrillo,diciembre,viernes,17,-101.236567497253,19.7075463217625
3687,3687,2016,,2016/12/23,18:00:00,COLISIÓN CONTRA OBJETO FIJO,ASFALTO,Bueno,Bueno,2,NISSAN,BLANCO,2,,50,MASCULINO,SIN DATOS,0,0,Morelia,Morelos,diciembre,viernes,18,-101.18318349123,19.728483094041
3688,3688,2016,,2016/12/23,18:00:00,COLISIÓN POR CORTE DE CIRCULACIÓN,ASFALTO,Bueno,Bueno,2,NISSAN,BLANCO/ROJO,2,,22,MASCULINO,SIN DATOS,0,0,Morelia,2 de Octubre,diciembre,viernes,18,-101.382179260254,19.6714433968629
3689,3689,2016,,2016/12/23,18:05:00,COLISIÓN POR CORTE DE CIRCULACIÓN,ASFALTO,Bueno,Bueno,1,NISSAN,AZUL,1,,42,MASCULINO,SIN DATOS,0,0,Morelia,La Soledad,diciembre,viernes,18,-101.184167861938,19.7255442335799
3690,3690,2016,,2016/12/23,18:40:00,COLISIÓN POR CORTE DE CIRCULACIÓN,CONCRETO,Bueno,Bueno,2,V.W,ROJO,2,,16,MASCULINO,CON CERTIFICADO,0,0,Morelia,Agustin Arriaga Rivera,diciembre,viernes,19,-101.221401616931,19.6936882666337
3691,3691,2016,,2016/12/23,19:00:00,COLISIÓN POR CORTE DE CIRCULACIÓN,ASFALTO,Bueno,Bueno,2,NISSAN,BLANCO,2,MINISTERIO PÚBLICO,40,MASCULINO,SIN DATOS,0,0,Zacapu,Garcia Padilla,diciembre,viernes,19,-101.79839994,19.81410591
3692,3692,2016,,2016/12/23,20:00:00,COLISIÓN POR CORTE DE CIRCULACIÓN,CONCRETO,Bueno,Bueno,1,CHEVROLET,AZUL,1,,27,MASCULINO,CON CERTIFICADO,0,0,Morelia,Sin datos,diciembre,viernes,20,-101.164619922638,19.663947029728
3693,3693,2016,,2016/12/23,20:00:00,COLISIÓN POR CORTE DE CIRCULACIÓN,ASFALTO,Bueno,Bueno,2,FREIGHTLINER,BLANCO,2,,38,MASCULINO,SIN DATOS,0,0,Morelia,Jardines de Guadalupe,diciembre,viernes,20,-101.233602047032,19.7112026271967
3694,3694,2016,,2016/12/23,20:14:00,VOLCADURA,ASFALTO,Bueno,Regular,1,V.W.,ROJO,0,MINISTERIO PÚBLICO,,,,0,0,Morelia,Sin datos,diciembre,viernes,20,-101.194725036621,19.607339163715
3695,3695,2016,,2016/12/23,20:15:00,COLISIÓN POR CORTE DE CIRCULACIÓN,ASFALTO,Bueno,Regular,2,AUDI,PLATA,2,MINISTERIO PÚBLICO,27,MASCULINO,SIN DATOS,0,0,Morelia,Jardines del Rincon,diciembre,viernes,20,-101.150570511818,19.6901676282894
3696,3696,2016,,2016/12/23,21:00:00,COLISIÓN POR CORTE DE CIRCULACIÓN,ASFALTO,Bueno,Bueno,2,NISSAN,BLANCO,2,,34,MASCULINO,SIN DATOS,0,0,Morelia,Guadalupe,diciembre,viernes,21,-101.225852072239,19.7080866926082
3697,3697,2016,,2016/12/23,22:15:00,COLISIÓN POR CORTE DE CIRCULACIÓN,ASFALTO,Bueno,Bueno,2,VOLKSWAGEN,SIN DATO,1,,41,MASCULINO,SIN DATOS,0,0,Pátzcuaro,Morelos,diciembre,viernes,22,-101.61493062973,19.5387909162241
3698,3698,2016,,2016/12/23,22:30:00,COLISIÓN POR CORTE DE CIRCULACIÓN,ASFALTO,Bueno,Bueno,2,TOYOTA,VERDE,2,,0,MASCULINO,SIN DATOS,0,0,Morelia,Buenavista,diciembre,viernes,23,-101.162645816803,19.7063241678827
3699,3699,2016,,2016/12/23,22:35:00,SUBIDA AL CAMELLÓN,CONCRETO,Bueno,Bueno,1,DODGE,BLANCO,1,,0,MASCULINO,SIN DATOS,0,0,Morelia,Centro,diciembre,viernes,23,-101.191259622574,19.7091371279071
3700,3700,2016,,2016/12/23,22:50:00,COLISIÓN POR ALCANCE,ASFALTO,Bueno,Bueno,2,CHEVROLET,NEGRO Y BLANCO,2,,52,MASCULINO,CON CERTIFICADO,0,0,Morelia,Granjas Unidas de Morelia,diciembre,viernes,23,-101.276732236147,19.6921026858832
3701,3701,2016,,2016/12/23,23:20:00,COLISIÓN POR ALCANCE,ASFALTO,Bueno,Bueno,2,ITALIKA,"GRIS, AZUL",2,,18,MASCULINO,SIN DATOS,0,0,Morelia,Villas del Real,diciembre,viernes,23,-101.199055194757,19.7332548399503
3702,3702,2016,,2016/12/23,23:30:00,VOLCADURA,ASFALTO,Bueno,Regular,1,CHEVROLET,GUINDA,2,,43,MASCULINO,SIN DATOS,1,0,Puruándiro,Sin datos,diciembre,viernes,0,-101.573238372803,20.0975286449295
3703,3703,2016,,2016/12/24,"00:00:00",COLISIÓN CONTRA OBJETO FIJO,ASFALTO,Bueno,Bueno,1,FORD,NEGRO,1,,35,MASCULINO,SIN DATOS,0,0,Morelia,Sin datos,diciembre,sábado,0,-101.164630651474,19.6588347508568
3704,3704,2016,,2016/12/24,"03:45:00",COLISIÓN POR CORTE DE CIRCULACIÓN,ASFALTO,Bueno,Bueno,2,CHEVROLET,ROJO,2,,25,MASCULINO,CON CERTIFICADO,0,0,Morelia,Gustavo Diaz Ordaz,diciembre,sábado,4,-101.206322908401,19.6915868832579
3705,3705,2016,,2016/12/24,"08:45:00",COLISIÓN POR CORTE DE CIRCULACIÓN,CONCRETO,Bueno,Bueno,2,ITALIKA,ROJO,2,,20,MASCULINO,SIN DATOS,0,0,Morelia,Ferrocarrilero,diciembre,sábado,9,-101.219894886017,19.6952031486517
3706,3706,2016,,2016/12/24,13:20:00,COLISIÓN POR ALCANCE,ASFALTO,Bueno,Bueno,3,MAZDA,BLANCO,3,,48,MASCULINO,SIN DATOS,0,0,Morelia,El Parian,diciembre,sábado,13,-101.267128586769,19.6952233510222
3707,3707,2016,,2016/12/24,14:15:00,CAIDA DE MOTOCICLETA,CONCRETO,Bueno,Bueno,1,HONDA,NEGRO,0,MINISTERIO PÚBLICO,,,,0,0,Lázaro Cárdenas,Centro,diciembre,sábado,14,-102.19259262085,17.9560358078059
3708,3708,2016,,2016/12/24,14:20:00,COLISIÓN POR CORTE DE CIRCULACIÓN,CONCRETO,Bueno,Regular,2,PONTIAC,ROJO,2,,23,MASCULINO,SIN DATOS,0,0,Morelia,Centro,diciembre,sábado,14,-101.195143461227,19.6966577128095
3709,3709,2016,,2016/12/24,14:32:00,COLISIÓN POR CORTE DE CIRCULACIÓN,CONCRETO,Bueno,Bueno,2,V.W,PLATA,2,,25,MASCULINO,SIN DATOS,0,0,Morelia,Central de Abastos,diciembre,sábado,15,-101.170860886541,19.7160804327498
3710,3710,2016,,2016/12/24,17:00:00,VOLCADURA,ASFALTO,Bueno,Bueno,1,VW,BLANCO,2,,41,MASCULINO,SIN DATOS,1,0,Zacapu,Sin datos,diciembre,sábado,17,-101.827125549316,19.8252534498733
3711,3711,2016,,2016/12/24,17:15:00,COLISIÓN POR CORTE DE CIRCULACIÓN,ASFALTO,Bueno,Bueno,2,NISSAN,AZUL,2,,23,MASCULINO,SIN DATOS,0,0,Morelia,Union,diciembre,sábado,17,-101.155567467213,19.7154370698367
3712,3712,2016,,2016/12/24,18:30:00,COLISIÓN POR CORTE DE CIRCULACIÓN,CONCRETO,Bueno,Bueno,3,HYNDEY,ROJO,3,,24,FEMENINO,SIN DATOS,0,0,Morelia,Chapultepec Oriente,diciembre,sábado,19,-101.159255504608,19.6883644997397
3713,3713,2016,,2016/12/24,20:30:00,COLISIÓN CON PEATÓN,ASFALTO,Bueno,Regular,1,SIN DATOS,SIN DATOS,0,,,,,0,0,Morelia,Avicola Benito Juarez,diciembre,sábado,21,-101.279075145721,19.6918495198085
3714,3714,2016,,2016/12/24,20:55:00,COLISIÓN CON PEATÓN,ASFALTO,Bueno,Bueno,2,FORD,BLANCO,2,,26,MASCULINO,SIN DATOS,0,0,Morelia,Tzindurio Norte,diciembre,sábado,21,-101.245214939117,19.7001122497027
3715,3715,2016,,2016/12/24,21:10:00,COLISIÓN POR ALCANCE,CONCRETO,Bueno,Bueno,2,BAJAJ,AZUL,2,,26,MASCULINO,SIN DATOS,0,0,Morelia,Enrique Arreguin Robles,diciembre,sábado,21,-101.186528205872,19.7208581037262
3716,3716,2016,,2016/12/24,21:35:00,COLISIÓN CONTRA OBJETO FIJO,ASFALTO,Bueno,Bueno,1,CHEVROLET,ROJO,1,,31,MASCULINO,SIN DATOS,0,0,Morelia,Tinijaro,diciembre,sábado,22,-101.257874965668,19.6974152930729
3717,3717,2016,,2016/12/24,21:40:00,COLISIÓN POR CORTE DE CIRCULACIÓN,ASFALTO,Bueno,Bueno,2,V.W,BLANCO,2,,35,MASCULINO,CON CERTIFICADO,0,0,Morelia,Americas Britania,diciembre,sábado,22,-101.149384975433,19.6940718118347
3718,3718,2016,,2016/12/24,22:10:00,COLISIÓN POR CORTE DE CIRCULACIÓN,CONCRETO,Bueno,Bueno,2,SIN DATOS,BLANCO/VERDE,1,,40,MASCULINO,SIN DATOS,0,0,Morelia,Morelia 450,diciembre,sábado,22,-101.217277050018,19.6758279019291
3719,3719,2016,,2016/12/24,23:40:00,COLISIÓN POR CORTE DE CIRCULACIÓN,ASFALTO,Bueno,Bueno,2,NISSAN,BLANCO/AMARILLO,1,,29,MASCULINO,SIN DATOS,0,0,Morelia,Campestre Los Manantiales,diciembre,sábado,0,-101.238412857056,19.688394804589
3720,3720,2016,,2016/12/25,"09:10:00",COLISIÓN POR CORTE DE CIRCULACIÓN,ASFALTO,Bueno,Bueno,1,MERDES BENZ,VERDE,1,,,,SIN DATOS,0,0,Morelia,Ana Maria Gallaga (Riviera Norte),diciembre,domingo,9,-101.219551563263,19.6769795723055
3721,3721,2016,,2016/12/25,11:00:00,CAIDA DE MOTOCICLETA,ASFALTO,Bueno,Bueno,1,DINAMO,ROJO,1,MINISTERIO PÚBLICO,23,MASCULINO,SIN DATOS,0,0,Morelia,Lindavista,diciembre,domingo,11,-101.21664512164,19.7041424484889
3722,3722,2016,,2016/12/25,13:15:00,COLISIÓN POR CORTE DE CIRCULACIÓN,ASFALTO,Bueno,Regular,2,DODGE,PLATA,2,,29,FEMENINO,SIN DATOS,0,0,Morelia,Mariano Escobedo,diciembre,domingo,13,-101.209058761597,19.7192623643566
3723,3723,2016,,2016/12/25,13:40:00,COLISIÓN CONTRA OBJETO FIJO,CONCRETO,Bueno,Regular,2,MERDES BENZ,NEGRO,2,,34,MASCULINO,CON CERTIFICADO,0,0,Morelia,Felix Ireta,diciembre,domingo,14,-101.192809939384,19.6910868624803
3724,3724,2016,,2016/12/25,14:10:00,COLISIÓN POR ALCANCE,ASFALTO,Bueno,Bueno,2,CHRYSLER,ROJO,2,MINISTERIO PÚBLICO,,,SIN DATOS,0,0,Morelia,Prados Verdes,diciembre,domingo,14,-101.20073217418,19.719560454229
3725,3725,2016,,2016/12/25,14:50:00,COLISIÓN POR ALCANCE,ASFALTO,Bueno,Bueno,2,CHEVROLET,PLATA,2,,31,MASCULINO,SIN DATOS,0,0,Morelia,Xangari,diciembre,domingo,15,-101.220774650574,19.670897850975
3726,3726,2016,,2016/12/25,16:30:00,COLISIÓN POR CORTE DE CIRCULACIÓN,ASFALTO,Bueno,Bueno,2,V.W,NEGRO,2,,0,,SIN DATOS,0,0,Morelia,Trinidad Salgado,diciembre,domingo,17,-101.231235265732,19.7031424838232
3727,3727,2016,,2016/12/25,18:40:00,CAIDA DE MOTOCICLETA,CONCRETO,Bueno,Bueno,1,YAMAHA,NEGRO,1,,27,MASCULINO,SIN DATOS,0,0,Morelia,Ferrocarrilero,diciembre,domingo,19,-101.214675307274,19.7000869975106
3728,3728,2016,,2016/12/25,18:48:00,COLISIÓN POR CORTE DE CIRCULACIÓN,CONCRETO,Bueno,Bueno,2,CHEVROLET,VERDE,2,,24,MASCULINO,SIN DATOS,0,0,Morelia,Ventura Puente,diciembre,domingo,19,-101.190648078918,19.6936677610337
3729,3729,2016,,2016/12/25,19:00:00,COLISIÓN CONTRA OBJETO FIJO,ASFALTO,Bueno,Bueno,2,SIN DATO,SIN DATO,2,,,,SIN DATOS,0,0,Morelia,Leandro Valle,diciembre,domingo,19,-101.232480425713,19.7254886826542
3730,3730,2016,,2016/12/25,19:00:00,COLISIÓN POR ALCANCE,ASFALTO,Bueno,Bueno,2,NISSAN,GRIS,2,,55,MASCULINO,SIN DATOS,0,0,Morelia,Centro,diciembre,domingo,19,-101.180244326624,19.7041197220886
3731,3731,2016,,2016/12/25,21:00:00,COLISIÓN POR CORTE DE CIRCULACIÓN,ASFALTO,Bueno,Bueno,2,HONDA,GRIS,1,,54,MASCULINO,SIN DATOS,0,0,Morelia,La Esperanza,diciembre,domingo,21,-101.153998374939,19.6996072051035
3732,3732,2016,,2016/12/25,22:20:00,COLISIÓN CONTRA OBJETO FIJO,ASFALTO,Bueno,Bueno,2,DODGE,VERDE,2,,40,MASCULINO,SIN DATOS,0,0,Morelia,La Hacienda,diciembre,domingo,22,-101.316309571266,19.6778812032045
3733,3733,2016,,2016/12/26,"08:00:00",COLISIÓN POR CORTE DE CIRCULACIÓN,ASFALTO,Bueno,Bueno,2,VOLKSWAGEN,GRIS,2,,68,MASCULINO,SIN DATOS,0,0,Morelia,San Rafael,diciembre,lunes,8,-101.154883503914,19.7006425448164
3734,3734,2016,,2016/12/26,10:20:00,COLISIÓN POR CORTE DE CIRCULACIÓN,ASFALTO,Bueno,Bueno,2,DODGE,AZUL,2,,39,MASCULINO,SIN DATOS,0,0,Morelia,Centro,diciembre,lunes,10,-101.196039319038,19.6999051816098
3735,3735,2016,,2016/12/26,13:20:00,COLISIÓN POR CORTE DE CIRCULACIÓN,ASFALTO,Bueno,Bueno,2,TOYOTA,BLANCO,2,,37,MASCULINO,SIN DATOS,0,0,Morelia,Felix Ireta,diciembre,lunes,13,-101.192171573639,19.6824347405535
3736,3736,2016,,2016/12/26,13:30:00,COLISIÓN CON PEATÓN,ASFALTO,Bueno,Regular,1,NISSAN,BLANCO Y ROJO,1,,,,SIN DATOS,0,0,Morelia,Centro,diciembre,lunes,14,-101.203973293304,19.702415232868
3737,3737,2016,,2016/12/26,15:10:00,COLISIÓN POR CORTE DE CIRCULACIÓN,ASFALTO,Bueno,Bueno,2,IZUSU,BLANCO,2,,20,MASCULINO,SIN DATOS,0,0,Morelia,Canteras de Morelia,diciembre,lunes,15,-101.173717975616,19.7163132344846
3738,3738,2016,,2016/12/26,15:35:00,COLISIÓN POR ALCANCE,ASFALTO,Bueno,Bueno,2,MERDES BENZ,BLANCO,2,,24,MASCULINO,SIN DATOS,0,0,Morelia,Libertad,diciembre,lunes,16,-101.237061023712,19.6851824586493
3739,3739,2016,,2016/12/26,16:40:00,COLISIÓN POR CORTE DE CIRCULACIÓN,ASFALTO,Bueno,Bueno,2,SIN DATO,SIN DATO,2,,,,SIN DATOS,0,0,Morelia,Sin datos,diciembre,lunes,17,-101.309190988541,19.6872730162309
3740,3740,2016,,2016/12/26,18:20:00,COLISIÓN POR CORTE DE CIRCULACIÓN,CONCRETO,Bueno,Regular,2,PLYMOUTH,GUINDA,2,,35,MASCULINO,SIN DATOS,0,0,Morelia,Juarez,diciembre,lunes,18,-101.200191378593,19.6955162851077
3741,3741,2016,,2016/12/26,18:30:00,COLISIÓN CONTRA OBJETO FIJO,ASFALTO,Bueno,Bueno,1,CHEVROLET,GRIS,0,MINISTERIO PÚBLICO,,,,0,0,Lázaro Cárdenas,Segundo Sector de Fidelac,diciembre,lunes,19,-102.210568249193,17.9648675832576
3742,3742,2016,,2016/12/26,18:35:00,COLISIÓN POR CORTE DE CIRCULACIÓN,ASFALTO,Bueno,Bueno,2,TOYOTA,BLANCO,2,,,,SIN DATOS,0,0,Morelia,Nueva Valladolid,diciembre,lunes,19,-101.211433857679,19.7008344607101
3743,3743,2016,,2016/12/26,19:30:00,SUBIDA AL CAMELLÓN,ASFALTO,Bueno,Bueno,1,OLDSMIVILE,GRIS,1,,42,MASCULINO,SIN DATOS,0,0,Puruándiro,Sin datos,diciembre,lunes,20,-101.544227600098,20.0943044366016
3744,3744,2016,,2016/12/26,20:30:00,COLISIÓN POR ALCANCE,SIN_DATOS,Bueno,Bueno,1,DODGE,BLANCO,1,,54,MASCULINO,CON CERTIFICADO,0,0,Morelia,Isaac Arriaga,diciembre,lunes,21,-101.167940497398,19.7093593344902
3745,3745,2016,,2016/12/26,21:20:00,COLISIÓN CON PEATÓN,ASFALTO,Bueno,Regular,1,CHEVROLET,BLANCO,0,MINISTERIO PÚBLICO,,,,0,0,Morelia,Consuelo Alfaro de Vazquez,diciembre,lunes,21,-101.139145374364,19.7276953635499
3746,3746,2016,,2016/12/26,21:30:00,COLISIÓN POR CORTE DE CIRCULACIÓN,ASFALTO,Bueno,Bueno,2,CHEVROLET,ROJO,2,MINISTERIO PÚBLICO,30,MASCULINO,SIN DATOS,0,0,Penjamillo,Sin datos,diciembre,lunes,22,-101.92249417305,20.1244461772785
3747,3747,2016,,2016/12/26,21:50:00,COLISIÓN POR CORTE DE CIRCULACIÓN,ASFALTO,Bueno,Bueno,2,DINA,ROJO,2,,34,MASCULINO,SIN DATOS,0,0,Morelia,Sentimientos de La Nacion,diciembre,lunes,22,-101.235435605049,19.6816922424637
3748,3748,2016,,2016/12/27,"09:00:00",COLISIÓN POR CORTE DE CIRCULACIÓN,ASFALTO,Bueno,Bueno,2,INTERNATIONAL,BLANCO,2,MINISTERIO PÚBLICO,25,MASCULINO,SIN DATOS,0,0,Morelia,Division del Norte,diciembre,martes,9,-101.164062023163,19.7111218257699
3749,3749,2016,,2016/12/27,10:10:00,COLISIÓN POR CORTE DE CIRCULACIÓN,ASFALTO,Bueno,Malo,2,NISSAN,BLANCO,2,,32,MASCULINO,SIN DATOS,0,0,Morelia,Libertad,diciembre,martes,10,-101.23649507761,19.6850055504156
3750,3750,2016,,2016/12/27,10:35:00,COLISIÓN POR CORTE DE CIRCULACIÓN,ASFALTO,Bueno,Regular,2,NISSAN,BLANCO,2,,46,FEMENINO,SIN DATOS,0,0,Morelia,Sentimientos de La Nacion,diciembre,martes,11,-101.236857175827,19.6848036400221
3751,3751,2016,,2016/12/27,10:50:00,COLISIÓN POR CORTE DE CIRCULACIÓN,ASFALTO,Bueno,Bueno,2,ITALIKA,NEGRO,2,,38,MASCULINO,SIN DATOS,0,0,Morelia,Irrigacion,diciembre,martes,11,-101.222896277905,19.7051903845501
3752,3752,2016,,2016/12/27,12:05:00,COLISIÓN POR CORTE DE CIRCULACIÓN,CONCRETO,Bueno,Bueno,2,KAWASAKI,AZUL,2,,26,MASCULINO,SIN DATOS,0,0,Morelia,Elias Perez Avalos,diciembre,martes,12,-101.165169775486,19.7115990586055
3753,3753,2016,,2016/12/27,14:00:00,COLISIÓN POR CORTE DE CIRCULACIÓN,ASFALTO,Bueno,Bueno,2,CHEVROLET,MORADO,2,,,MASCULINO,SIN DATOS,0,0,Morelia,El Lago 1,diciembre,martes,14,-101.216472387314,19.727291397689
3754,3754,2016,,2016/12/27,15:20:00,COLISIÓN CONTRA OBJETO FIJO,ASFALTO,Bueno,Bueno,2,FORD,AZUL,2,,,MASCULINO,SIN DATOS,0,0,Morelia,Lomas del Valle,diciembre,martes,15,-101.229969263077,19.6881675180796
3755,3755,2016,,2016/12/27,15:30:00,VOLCADURA,ASFALTO,Bueno,Regular,1,CHEVROLET,AZUL MARINO,1,,18,MASCULINO,SIN DATOS,0,0,Puruándiro,Centro,diciembre,martes,16,-101.515669584405,20.088127877165
3756,3756,2016,,2016/12/27,17:00:00,COLISIÓN POR CORTE DE CIRCULACIÓN,CONCRETO,Bueno,Bueno,2,MAZDA,AZUL,2,,,,SIN DATOS,0,0,Morelia,Buenavista,diciembre,martes,17,-101.165907382965,19.7051575577415
3757,3757,2016,,2016/12/27,21:00:00,COLISIÓN CONTRA OBJETO FIJO,ASFALTO,Bueno,Bueno,2,NISSAN,BLANCO,2,,77,FEMENINO,SIN DATOS,0,0,Morelia,Chapultepec Sur,diciembre,martes,21,-101.172081828117,19.6910858524282
3758,3758,2016,,2016/12/27,22:00:00,COLISIÓN POR ALCANCE,ASFALTO,Bueno,Bueno,3,NISSAN,BLANCO,3,,50,MASCULINO,SIN DATOS,0,0,Morelia,El Parian,diciembre,martes,22,-101.267423629761,19.69513749093
3759,3759,2016,,2016/12/27,22:00:00,COLISIÓN POR CORTE DE CIRCULACIÓN,ASFALTO,Bueno,Bueno,1,CHEVROLET,BLANCO,1,,53,MASCULINO,SIN DATOS,0,0,Morelia,Sin datos,diciembre,martes,22,-101.339864730835,19.6865563000193
3760,3760,2016,,2016/12/28,"04:00:00",VOLCADURA,ASFALTO,Bueno,Bueno,1,RENAULT,VERDE,1,,,MASCULINO,SIN DATOS,0,0,Morelia,Consuelo Alfaro de Vazquez,diciembre,miércoles,4,-101.138319253987,19.7282750527142
3761,3761,2016,,2016/12/28,10:00:00,SUBIDA AL CAMELLÓN,ASFALTO,Bueno,Regular,1,FORD,AZUL,1,,26,MASCULINO,SIN DATOS,0,0,Morelia,San Pascual,diciembre,miércoles,10,-101.265361011028,19.6957561876233
3762,3762,2016,,2016/12/28,11:15:00,SALIDA DE SUPERFICIE DE RODAMIENTO,CONCRETO,Bueno,Bueno,1,NISSAN,ROJO,1,,21,MASCULINO,SIN DATOS,0,0,Morelia,Loma Real,diciembre,miércoles,11,-101.197645962238,19.7313739306714
3763,3763,2016,,2016/12/28,15:10:00,COLISIÓN POR ALCANCE,ASFALTO,Bueno,Bueno,3,CHEVROLET,BLANCO,3,,49,MASCULINO,SIN DATOS,0,0,Morelia,Morelia 450,diciembre,miércoles,15,-101.215361952782,19.6748833239943