fid,id_accidente,anio_origen,folio_c5i,dia_incidente,hora_ocurrencia,tipo_incidente_vial,superficie_ocurrencia,condiciones_climaticas,condiciones_via,numero_vehiculos_involucrados,marca_vehiculo_ocasiona_siniestro,color_vehiculo_ocasiona_siniestro,numero_personas_involucradas,lugar_remite_presunto_responsable,edad_presunto_responsable,sexo_presunto_responsable,resultados_toxicologia,numero_personas_lesionadas,numero_personas_fallecidas,municipio,colonia,mes,dia_semana,hora_redondeada,lon,lat
3764,3764,2016,,2016/12/28,15:25:00,COLISIÓN POR CORTE DE CIRCULACIÓN,ASFALTO,Bueno,Bueno,2,CHEVROLET,VINO,2,,70,MASCULINO,SIN DATOS,0,0,Morelia,Ventura Puente,diciembre,miércoles,15,-101.195365548265,19.6922990313663
3765,3765,2016,,2016/12/28,16:40:00,VOLCADURA,ASFALTO,Bueno,Bueno,1,NISSAN,BLANCO,0,,,,,0,0,Morelia,Ciudad Industrial,diciembre,miércoles,17,-101.135458946228,19.7301898301146
3766,3766,2016,,2016/12/28,17:15:00,COLISIÓN POR CORTE DE CIRCULACIÓN,ASFALTO,Bueno,Malo,2,KENWORTH,BLANCO,2,,31,MASCULINO,SIN DATOS,0,0,Morelia,Sentimientos de La Nacion,diciembre,miércoles,17,-101.235440969467,19.6817073955203
3767,3767,2016,,2016/12/28,19:45:00,COLISIÓN POR CORTE DE CIRCULACIÓN,ASFALTO,Bueno,Bueno,2,CHEVROLET,PLATA,2,,23,MASCULINO,SIN DATOS,0,0,Morelia,Jardines de La Loma,diciembre,miércoles,20,-101.22563736144,19.6767167851208
3768,3768,2016,,2016/12/28,20:15:00,VOLCADURA,ASFALTO,Bueno,Regular,1,TOYOTA,GRIS,2,,47,MASCULINO,SIN DATOS,1,0,Puruándiro,Sin datos,diciembre,miércoles,20,-101.558303833008,20.0949492835776
3769,3769,2016,,2016/12/28,20:45:00,COLISIÓN POR CORTE DE CIRCULACIÓN,ASFALTO,Bueno,Bueno,2,CHEVROLET,TERRACOTA,2,,37,FEMENINO,SIN DATOS,0,0,Morelia,Comision Federal de Electricidad,diciembre,miércoles,21,-101.177086830139,19.6819902523146
3770,3770,2016,,2016/12/28,22:10:00,COLISIÓN POR CORTE DE CIRCULACIÓN,ASFALTO,Bueno,Regular,2,DINA,BLANCO,2,,49,MASCULINO,SIN DATOS,0,0,Morelia,Loma de Los Piñones,diciembre,miércoles,22,-101.205174922943,19.674276164789
3771,3771,2016,,2016/12/29,"01:20:00",VOLCADURA,ASFALTO,Bueno,Bueno,1,DODGE,GRIS,1,,,MASCULINO,SIN DATOS,0,0,Santa Ana Maya,Del Bosque,diciembre,jueves,1,-101.022908091545,20.0108146681785
3772,3772,2016,,2016/12/29,"03:00:00",COLISIÓN CONTRA OBJETO FIJO,ASFALTO,Bueno,Bueno,1,DODGE,ARENA,0,,,,,0,0,Lázaro Cárdenas,600 Casas,diciembre,jueves,3,-102.21671640873,17.9663387375177
3773,3773,2016,,2016/12/29,"05:25:00",COLISIÓN POR CORTE DE CIRCULACIÓN,ASFALTO,Bueno,Bueno,1,DODGE,BLANCO,1,,,,SIN DATOS,0,0,Morelia,Asociacion Zirahuen,diciembre,jueves,5,-101.247403621674,19.6996476087301
3774,3774,2016,,2016/12/29,"08:20:00",COLISIÓN POR ALCANCE,ASFALTO,Bueno,Bueno,1,SEAT,AMARILLO,1,,22,MASCULINO,CON CERTIFICADO,0,0,Morelia,Isaac Arriaga,diciembre,jueves,8,-101.171057224274,19.7115864334166
3775,3775,2016,,2016/12/29,"08:40:00",COLISIÓN POR CORTE DE CIRCULACIÓN,ASFALTO,Nublado,Bueno,2,NISSAN,GRIS,2,,59,MASCULINO,SIN DATOS,0,0,Morelia,Fuentes de Morelia,diciembre,jueves,9,-101.204059123993,19.6718272984116
3776,3776,2016,,2016/12/29,11:10:00,COLISIÓN POR CORTE DE CIRCULACIÓN,CONCRETO,Bueno,Bueno,2,NISSAN,ROJO,2,,0,MASCULINO,SIN DATOS,0,0,Morelia,El Dorado,diciembre,jueves,11,-101.231342554092,19.703050567658
3777,3777,2016,,2016/12/29,12:00:00,COLISIÓN POR ALCANCE,ASFALTO,Bueno,Bueno,2,MERDES BENZ,BLANCO,2,,22,MASCULINO,SIN DATOS,0,0,Morelia,Lomas de Guayangareo,diciembre,jueves,12,-101.158558130264,19.703112181766
3778,3778,2016,,2016/12/29,12:10:00,COLISIÓN POR CORTE DE CIRCULACIÓN,ASFALTO,Bueno,Bueno,2,PEUGEOT,NEGRO,1,,27,MASCULINO,SIN DATOS,0,0,Morelia,Lomas de Las Americas Sur,diciembre,jueves,12,-101.147582530975,19.6946172787983
3779,3779,2016,,2016/12/29,13:05:00,COLISIÓN POR CORTE DE CIRCULACIÓN,ASFALTO,Bueno,Bueno,2,NISSAN,NEGRO,1,,18,MASCULINO,SIN DATOS,0,0,Morelia,Prados Verdes,diciembre,jueves,13,-101.197257041931,19.7158082410374
3780,3780,2016,,2016/12/29,15:15:00,COLISIÓN POR CORTE DE CIRCULACIÓN,ASFALTO,Bueno,Bueno,2,CHEVROLET,BLANCO Y VERDE,2,,42,MASCULINO,CON CERTIFICADO,0,0,Morelia,Sentimientos de La Nacion,diciembre,jueves,15,-101.236073970795,19.6830408588916
3781,3781,2016,,2016/12/29,15:40:00,COLISIÓN POR CORTE DE CIRCULACIÓN,ASFALTO,Bueno,Bueno,2,CHEVROLET,ROJO,2,,0,FEMENINO,SIN DATOS,0,0,Morelia,Enrique Arreguin Robles,diciembre,jueves,16,-101.184124946594,19.719888542464
3782,3782,2016,,2016/12/29,18:20:00,COLISIÓN POR CORTE DE CIRCULACIÓN,ASFALTO,Bueno,Bueno,2,MAN,GRIS,2,,,MASCULINO,SIN DATOS,0,0,Morelia,Sentimientos de La Nacion,diciembre,jueves,18,-101.233284473419,19.6784343020013
3783,3783,2016,,2016/12/29,20:00:00,COLISIÓN CONTRA OBJETO FIJO,ASFALTO,Bueno,Bueno,2,RENAULT,AZUL,2,,30,FEMENINO,SIN DATOS,0,0,Morelia,Sentimientos de La Nacion,diciembre,jueves,20,-101.233289837837,19.6781615411895
3784,3784,2016,,2016/12/29,20:00:00,COLISIÓN POR CORTE DE CIRCULACIÓN,CONCRETO,Bueno,Bueno,2,INTERNATIONAL,AMARILLO,2,,50,MASCULINO,SIN DATOS,0,0,Morelia,Centro,diciembre,jueves,20,-101.196468472481,19.701117283713
3785,3785,2016,,2016/12/29,21:15:00,COLISIÓN POR CORTE DE CIRCULACIÓN,ASFALTO,Bueno,Bueno,2,CHEVROLET,PLATA,2,,22,FEMENINO,CON CERTIFICADO,0,0,Morelia,Sentimientos de La Nacion,diciembre,jueves,21,-101.235451698303,19.6817275995936
3786,3786,2016,,2016/12/29,21:30:00,COLISIÓN POR CORTE DE CIRCULACIÓN,ASFALTO,Bueno,Bueno,2,HONDA,NEGRO,2,,36,MASCULINO,CON CERTIFICADO,0,0,Morelia,Sin datos,diciembre,jueves,22,-101.279397010803,19.6704331252356
3787,3787,2016,,2016/12/29,21:30:00,COLISIÓN POR CORTE DE CIRCULACIÓN,ASFALTO,Bueno,Bueno,2,NISSAN,BLANCO,2,,72,MASCULINO,SIN DATOS,0,0,Morelia,Rector Diaz Rubio,diciembre,jueves,22,-101.199000477791,19.6684529743743
3788,3788,2016,,2016/12/29,22:10:00,COLISIÓN POR CORTE DE CIRCULACIÓN,ASFALTO,Bueno,Bueno,2,FREIGHTLINER,BLANCO,2,,50,MASCULINO,SIN DATOS,0,0,Morelia,Sentimientos de La Nacion,diciembre,jueves,22,-101.235280036926,19.681262905263
3789,3789,2016,,2016/12/29,22:55:00,COLISIÓN POR ALCANCE,ASFALTO,Bueno,Bueno,3,JEEP,BLANCO,3,MINISTERIO PÚBLICO,0,,SIN DATOS,0,0,Morelia,La Esperanza,diciembre,jueves,23,-101.252220869064,19.6982779200382
3790,3790,2016,,2016/12/29,23:30:00,COLISIÓN POR CORTE DE CIRCULACIÓN,ASFALTO,Bueno,Bueno,2,NISSAN,ROJO,1,,28,MASCULINO,SIN DATOS,0,0,Zacapu,Sin datos,diciembre,jueves,0,-101.773801,19.878817
3791,3791,2016,,2016/12/30,"00:00:00",COLISIÓN POR CORTE DE CIRCULACIÓN,ASFALTO,Bueno,Bueno,2,FORD,VERDE,2,,36,MASCULINO,SIN DATOS,0,0,Morelia,Sentimientos de La Nacion,diciembre,viernes,0,-101.236674785614,19.6843743111615
3792,3792,2016,,2016/12/30,"01:00:00",COLISIÓN POR ALCANCE,ASFALTO,Bueno,Bueno,1,PONTIAC,DORADO,1,,49,FEMENINO,SIN DATOS,0,0,Morelia,Cinco de Diciembre,diciembre,viernes,1,-101.165628433228,19.6846571632461
3793,3793,2016,,2016/12/30,"03:30:00",COLISIÓN CONTRA OBJETO FIJO,ASFALTO,Bueno,Bueno,1,NISSAN,PLATA,0,,,,,0,0,Lázaro Cárdenas,Segundo Sector de Fidelac,diciembre,viernes,4,-102.203278541565,17.9616695793001
3794,3794,2016,,2016/12/30,"03:40:00",COLISIÓN CONTRA OBJETO FIJO,ASFALTO,Bueno,Bueno,1,CHEVROLET,NEGRO,1,,30,FEMENINO,SIN DATOS,0,0,Lázaro Cárdenas,Sin datos,diciembre,viernes,4,-102.218030691147,17.9376980166064
3795,3795,2016,,2016/12/30,"05:30:00",COLISIÓN POR CORTE DE CIRCULACIÓN,ASFALTO,Bueno,Bueno,1,CHRYSLER,BLANCO,1,,26,MASCULINO,SIN DATOS,0,0,Morelia,Tzindurio Norte,diciembre,viernes,6,-101.244142055511,19.7018495909509
3796,3796,2016,,2016/12/30,"09:50:00",SALIDA DE SUPERFICIE DE RODAMIENTO,ASFALTO,Bueno,Bueno,1,CHEVROLET,VERDE,1,,42,MASCULINO,SIN DATOS,0,0,Charo,Sin datos,diciembre,viernes,10,-101.031260490417,19.7624225079445
3797,3797,2016,,2016/12/30,11:40:00,COLISIÓN POR CORTE DE CIRCULACIÓN,ASFALTO,Bueno,Bueno,2,FORD,CREMA,2,,30,MASCULINO,SIN DATOS,0,0,Zacapu,Ignacio Zaragoza,diciembre,viernes,12,-101.769790649414,19.8537533914339
3798,3798,2016,,2016/12/30,14:10:00,COLISIÓN CON PEATÓN,CONCRETO,Bueno,Bueno,1,YAMAHA,GRIS,1,,39,MASCULINO,SIN DATOS,0,0,Morelia,Centro,diciembre,viernes,14,-101.196055412292,19.7020011023748
3799,3799,2016,,2016/12/30,15:10:00,COLISIÓN POR CORTE DE CIRCULACIÓN,ASFALTO,Bueno,Bueno,2,KENWORTH,BLANCO,2,,58,MASCULINO,SIN DATOS,0,0,Morelia,Isaac Arriaga,diciembre,viernes,15,-101.167716532946,19.7094907013464
3800,3800,2016,,2016/12/30,16:00:00,COLISIÓN POR CORTE DE CIRCULACIÓN,ASFALTO,Bueno,Regular,2,VOLKSWAGEN,NEGRO,2,,25,MASCULINO,SIN DATOS,0,0,Morelia,Chapultepec Norte,diciembre,viernes,16,-101.176497817105,19.6955829528519
3801,3801,2016,,2016/12/30,21:10:00,COLISIÓN POR CORTE DE CIRCULACIÓN,ASFALTO,Bueno,Bueno,2,CHRYSLER,AZUL,2,,75,MASCULINO,SIN DATOS,0,0,Morelia,Sentimientos de La Nacion,diciembre,viernes,21,-101.233241558075,19.6784343020013
3802,3802,2016,,2016/12/30,21:15:00,COLISIÓN POR CORTE DE CIRCULACIÓN,ASFALTO,Bueno,Bueno,2,DODGE,AZUL,2,,36,MASCULINO,SIN DATOS,0,0,Morelia,La Quemada,diciembre,viernes,21,-101.240971684456,19.705692886395
3803,3803,2016,,2016/12/30,21:40:00,COLISIÓN POR CORTE DE CIRCULACIÓN,ASFALTO,Bueno,Bueno,2,FREIGHTLINER,BLANCO,2,,42,MASCULINO,CON CERTIFICADO,0,0,Morelia,Elias Perez Avalos,diciembre,viernes,22,-101.168884634972,19.7129650981618
3804,3804,2016,,2016/12/30,21:40:00,COLISIÓN POR ALCANCE,ASFALTO,Bueno,Regular,1,CHRYSLER,VERDE,1,MINISTERIO PÚBLICO,33,MASCULINO,SIN DATOS,0,0,Morelia,Ciudad Industrial,diciembre,viernes,22,-101.145157814026,19.723372875839
3805,3805,2016,,2016/12/31,"00:00:00",COLISIÓN POR CORTE DE CIRCULACIÓN,ASFALTO,Lluvioso,Bueno,2,MAZDA,BLANCO,2,,35,MASCULINO,SIN DATOS,0,0,Morelia,Rafael Carrillo,diciembre,sábado,0,-101.234276890755,19.710833970355
3806,3806,2016,,2016/12/31,"02:55:00",COLISIÓN CONTRA OBJETO FIJO,ASFALTO,Bueno,Bueno,1,V.W.,PLATA,1,,50,MASCULINO,CON CERTIFICADO,0,0,Morelia,Eva Samano,diciembre,sábado,3,-101.198598146439,19.7291294341073
3807,3807,2016,,2016/12/31,"03:10:00",COLISIÓN POR CORTE DE CIRCULACIÓN,ASFALTO,Bueno,Regular,2,NISSAN,BLANCO,1,,27,MASCULINO,CON CERTIFICADO,0,0,Morelia,Tzindurio de Morelos,diciembre,sábado,3,-101.246470212936,19.6994809437046
3808,3808,2016,,2016/12/31,"04:50:00",COLISIÓN POR CORTE DE CIRCULACIÓN,ASFALTO,Bueno,Bueno,1,JEEP,NEGRO,1,,0,,SIN DATOS,0,0,Morelia,Union,diciembre,sábado,5,-101.156900525093,19.7060716555865
3809,3809,2016,,2016/12/31,"06:00:00",COLISIÓN POR CORTE DE CIRCULACIÓN,ASFALTO,Bueno,Bueno,1,CHEVROLET,AZUL,1,,26,MASCULINO,CON CERTIFICADO,0,0,Morelia,Mil Cumbres,diciembre,sábado,6,-101.143591403961,19.695576892093
3810,3810,2016,,2016/12/31,"08:30:00",COLISIÓN POR CORTE DE CIRCULACIÓN,ASFALTO,Bueno,Bueno,1,FORD,AZUL,1,,26,FEMENINO,SIN DATOS,0,0,Morelia,Felix Ireta,diciembre,sábado,9,-101.193292737007,19.6820963234836
3811,3811,2016,,2016/12/31,12:50:00,COLISIÓN POR CORTE DE CIRCULACIÓN,ASFALTO,Bueno,Bueno,2,FORD,VERDE Y BLANCO,2,,26,MASCULINO,SIN DATOS,0,0,Morelia,Division del Norte,diciembre,sábado,13,-101.164539456367,19.7108138962158
3812,3812,2016,,2016/12/31,15:30:00,COLISIÓN CONTRA OBJETO FIJO,ASFALTO,Bueno,Bueno,1,SEAT,NEGRO,1,,18,MASCULINO,SIN DATOS,0,0,Morelia,Club de Golf Tres Marias,diciembre,sábado,16,-101.107091903687,19.7107178180233
3813,3813,2016,,2016/12/31,16:00:00,COLISIÓN POR ALCANCE,ASFALTO,Lluvioso,Bueno,3,HONDA,CHAMPANGE,3,,39,MASCULINO,SIN DATOS,0,0,Tarímbaro,Sin datos,diciembre,sábado,16,-101.157732009888,19.7798690602077
3814,3814,2016,,2016/12/31,16:30:00,COLISIÓN POR ALCANCE,ASFALTO,Bueno,Bueno,2,DODGE,VERDE,1,MINISTERIO PÚBLICO,18,MASCULINO,SIN DATOS,0,0,Tarímbaro,Sin datos,diciembre,sábado,17,-101.135630607605,19.775261256317
3815,3815,2016,,2016/12/31,16:40:00,COLISIÓN POR CORTE DE CIRCULACIÓN,ASFALTO,Lluvioso,Bueno,2,FORD,BLANCO,2,,76,MASCULINO,SIN DATOS,0,0,Morelia,Libertad,diciembre,sábado,17,-101.236951053143,19.6849172857043
3816,3816,2016,,2016/12/31,18:45:00,COLISIÓN POR CORTE DE CIRCULACIÓN,ASFALTO,Bueno,Malo,1,YAMAHA,BLANCO Y ROJO,1,,28,,SIN DATOS,0,0,Morelia,Hermanos Lopez Rayon,diciembre,sábado,19,-101.220366954803,19.6755046245461
3817,3817,2016,,2016/12/31,21:40:00,COLISIÓN POR CORTE DE CIRCULACIÓN,ASFALTO,Lluvioso,Regular,2,CHRYSLER,PLATA,1,,21,MASCULINO,SIN DATOS,0,0,Morelia,Nueva Valladolid,diciembre,sábado,22,-101.208779811859,19.6994051868175
3818,3818,2016,,2016/12/31,22:10:00,COLISIÓN POR CORTE DE CIRCULACIÓN,ASFALTO,Bueno,Bueno,2,NISSAN,GRIS,2,,0,MASCULINO,CON CERTIFICADO,0,0,Morelia,Prados Verdes,diciembre,sábado,22,-101.197254068229,19.7163193898357
3819,3819,2016,,2016/12/31,22:20:00,COLISIÓN CONTRA OBJETO FIJO,ASFALTO,Bueno,Bueno,2,BMW,PLATA,1,,25,MASCULINO,SIN DATOS,0,0,Morelia,Lazaro Cardenas,diciembre,sábado,22,-101.16042226553,19.7093871102914
3820,3820,2016,,2016/12/31,22:50:00,COLISIÓN POR CORTE DE CIRCULACIÓN,ASFALTO,Bueno,Bueno,3,AUDI,ROJO,3,,34,MASCULINO,CON CERTIFICADO,0,0,Morelia,Industrial,diciembre,sábado,23,-101.197978556156,19.7068570937444
3821,3821,2016,,2016/12/31,23:40:00,COLISIÓN POR CORTE DE CIRCULACIÓN,SIN_DATOS,Bueno,Bueno,1,FORD,BLANCO,1,,0,,SIN DATOS,0,0,Morelia,Los Angeles,diciembre,sábado,0,-101.174141764641,19.7462009540852
3822,3822,2017,,2017/01/01,"02:15:00",COLISIÓN POR ALCANCE,ASFALTO,Bueno,Bueno,2,NISSAN,PLATA,2,,40,MASCULINO,SIN DATOS,0,0,Morelia,La Esperanza,enero,domingo,2,-101.254320703447,19.6977416670092
3823,3823,2017,,2017/01/01,"04:50:00",VOLCADURA,CONCRETO,Bueno,Bueno,1,FORD,NEGRO,1,,29,MASCULINO,SIN DATOS,0,0,Morelia,La Soledad,enero,domingo,5,-101.18492954226,19.728938814555
3824,3824,2017,,2017/01/01,"06:10:00",COLISIÓN POR CORTE DE CIRCULACIÓN,CONCRETO,Nublado,Bueno,1,CHEVROLET,GRIS,1,,,,SIN DATOS,0,0,Morelia,Indeco Santiaguito,enero,domingo,6,-101.175906658173,19.7233526770238
3825,3825,2017,,2017/01/01,"06:20:00",COLISIÓN POR CORTE DE CIRCULACIÓN,ASFALTO,Bueno,Bueno,2,FORD,CAFE,2,,52,FEMENINO,SIN DATOS,0,0,Morelia,Centro,enero,domingo,6,-101.196884214878,19.7024834127855
3826,3826,2017,,2017/01/01,"06:59:00",SUBIDA AL CAMELLÓN,ASFALTO,Bueno,Bueno,1,DODGE,NARANJA,1,,,,SIN DATOS,0,0,Morelia,Leandro Valle,enero,domingo,7,-101.22941672802,19.7177019582395
3827,3827,2017,,2017/01/01,"07:00:00",COLISIÓN CONTRA OBJETO FIJO,ASFALTO,Bueno,Bueno,1,FORD,BLANCO,1,,,,SIN DATOS,0,0,Morelia,Isaac Arriaga,enero,domingo,7,-101.167237758636,19.7099097994685
3828,3828,2017,,2017/01/01,"07:10:00",COLISIÓN POR ALCANCE,ASFALTO,Nublado,Bueno,3,FORD,ROJO,3,,37,MASCULINO,SIN DATOS,0,0,Morelia,Los Manantiales de Morelia,enero,domingo,7,-101.238375306129,19.7014253582008
3829,3829,2017,,2017/01/01,"07:30:00",VOLCADURA,ASFALTO,Bueno,Bueno,0,,,0,,,,,0,0,Puruándiro,Sin datos,enero,domingo,8,-101.515560150146,20.1648188231519
3830,3830,2017,,2017/01/01,"07:40:00",COLISIÓN CONTRA OBJETO FIJO,CONCRETO,Bueno,Bueno,1,Nissan,Azul,1,,62,MASCULINO,SIN DATOS,0,0,Apatzingán,Benito Juarez,enero,domingo,8,-102.347146868706,19.0891148214011
3831,3831,2017,,2017/01/01,"07:45:00",SALIDA DE SUPERFICIE DE RODAMIENTO,ASFALTO,Bueno,Bueno,1,V.W.,BLANCO,1,,0,,SIN DATOS,0,0,Morelia,Mision del Valle,enero,domingo,8,-101.11533164978,19.7662189110217
3832,3832,2017,,2017/01/01,"08:50:00",COLISIÓN CONTRA OBJETO FIJO,ASFALTO,Bueno,Bueno,1,DODGE,BLANCO,1,,31,MASCULINO,SIN DATOS,0,0,Morelia,Lindavista,enero,domingo,9,-101.216606497765,19.7040490177116
3833,3833,2017,,2017/01/01,"09:20:00",COLISIÓN POR CORTE DE CIRCULACIÓN,ASFALTO,Bueno,Bueno,2,KAWASAKI,AZUL,2,,0,,SIN DATOS,0,0,Morelia,Tinijaro,enero,domingo,9,-101.259698867798,19.697051654994
3834,3834,2017,,2017/01/01,11:15:00,COLISIÓN POR CORTE DE CIRCULACIÓN,ASFALTO,Bueno,Bueno,2,Plymouth,Blanco,2,,66,MASCULINO,SIN DATOS,0,0,Apatzingán,Bonifacio Moreno,enero,domingo,11,-102.35840678215,19.0881972512371
3835,3835,2017,,2017/01/01,11:40:00,VOLCADURA,ASFALTO,Bueno,Bueno,1,TOYOTA,AZUL,1,,36,MASCULINO,CON CERTIFICADO,0,0,Zacapu,Sin datos,enero,domingo,12,-101.819229125977,19.823880802376
3836,3836,2017,,2017/01/01,12:00:00,COLISIÓN CONTRA OBJETO FIJO,ASFALTO,Bueno,Regular,1,CHEVROLET,BLANCO,1,,0,,SIN DATOS,0,0,Morelia,Ana Maria Gallaga (Riviera Norte),enero,domingo,12,-101.220206022263,19.6771866700477
3837,3837,2017,,2017/01/01,12:18:00,COLISIÓN POR CORTE DE CIRCULACIÓN,CONCRETO,Bueno,Bueno,1,HONDA,NEGRO,1,,32,MASCULINO,SIN DATOS,0,0,Morelia,Los Pinos de Michoacan,enero,domingo,12,-101.215061226113,19.6828605693591
3838,3838,2017,,2017/01/01,12:55:00,COLISIÓN POR CORTE DE CIRCULACIÓN,ASFALTO,Bueno,Bueno,2,CHEVROLET,VERDE,2,,30,MASCULINO,SIN DATOS,0,0,Morelia,Gertrudis Bocanegra,enero,domingo,13,-101.209316253662,19.7021714894409
3839,3839,2017,,2017/01/01,13:10:00,COLISIÓN CONTRA OBJETO FIJO,ASFALTO,Bueno,Bueno,1,CHEVROLET,BLANCO,1,,32,MASCULINO,SIN DATOS,0,0,Morelia,Ana Maria Gallaga (Riviera Ii),enero,domingo,13,-101.22328999,19.6747880999992
3840,3840,2017,,2017/01/01,13:55:00,COLISIÓN POR CORTE DE CIRCULACIÓN,ASFALTO,Bueno,Bueno,3,FORD,BLANCO,3,,24,MASCULINO,SIN DATOS,0,0,Morelia,Josefa Ortiz de Dominguez,enero,domingo,14,-101.209740042686,19.6723728411357
3841,3841,2017,,2017/01/01,14:40:00,COLISIÓN POR ALCANCE,ASFALTO,Bueno,Bueno,3,FORD,VERDE,3,,0,MASCULINO,SIN DATOS,0,0,Morelia,Sentimientos de La Nacion,enero,domingo,15,-101.236310005188,19.6832631017075
3842,3842,2017,,2017/01/01,16:20:00,COLISIÓN POR CORTE DE CIRCULACIÓN,ASFALTO,Bueno,Bueno,2,NISSAN,BLANCO,2,,42,MASCULINO,SIN DATOS,0,0,Morelia,Loma Bonita,enero,domingo,16,-101.197772026062,19.7247160913173
3843,3843,2017,,2017/01/01,17:15:00,COLISIÓN POR CORTE DE CIRCULACIÓN,CONCRETO,Bueno,Bueno,2,NISSAN,BLANCO,1,,26,MASCULINO,SIN DATOS,0,0,Morelia,Obrera,enero,domingo,17,-101.183385811048,19.7108173070244
3844,3844,2017,,2017/01/01,19:20:00,COLISIÓN POR ALCANCE,ASFALTO,Bueno,Bueno,3,TOYOTA,ROJO,3,,21,MASCULINO,SIN DATOS,0,0,Morelia,Lomas del Punhuato,enero,domingo,19,-101.144755482674,19.702182915894
3845,3845,2017,,2017/01/01,19:40:00,COLISIÓN CON PEATÓN,ASFALTO,Bueno,Bueno,1,MARCO POLO,GRIS,1,,,,SIN DATOS,0,0,Morelia,Bosques de Oriente,enero,domingo,20,-101.154896914959,19.7166187547456
3846,3846,2017,,2017/01/01,20:00:00,COLISIÓN POR CORTE DE CIRCULACIÓN,ASFALTO,Bueno,Bueno,2,FORD,AMARILLO,2,,40,FEMENINO,SIN DATOS,0,0,Morelia,Lazaro Cardenas,enero,domingo,20,-101.162914037704,19.7113743300931
3847,3847,2017,,2017/01/01,20:30:00,COLISIÓN POR ALCANCE,CONCRETO,Bueno,Bueno,2,CHRYSLER,ROJO,2,MINISTERIO PÚBLICO,28,FEMENINO,SIN DATOS,0,0,Morelia,Sin datos,enero,domingo,21,-101.173911094666,19.746670508699
3848,3848,2017,,2017/01/01,23:50:00,COLISIÓN POR CORTE DE CIRCULACIÓN,SIN_DATOS,Bueno,Bueno,2,CADILLAC,CAFE,2,,35,MASCULINO,CON CERTIFICADO,0,0,Morelia,Ejidal San Isidro,enero,domingo,0,-101.279508614475,19.6906503850057
3849,3849,2017,,2017/01/02,"04:05:00",VOLCADURA,ASFALTO,Bueno,Bueno,1,NISSAN,BLANCO,1,,0,,SIN DATOS,0,0,Morelia,Sin datos,enero,lunes,4,-101.281160563231,19.6697372969489
3850,3850,2017,,2017/01/02,10:00:00,COLISIÓN POR ALCANCE,ASFALTO,Bueno,Bueno,3,NISSAN,BLANCO,3,,0,MASCULINO,SIN DATOS,0,0,Morelia,Indeco El Vivero,enero,lunes,10,-101.230494976044,19.6772725397648
3851,3851,2017,,2017/01/02,11:50:00,COLISIÓN POR ALCANCE,ASFALTO,Bueno,Bueno,3,DINA,ROJO,4,MINISTERIO PÚBLICO,,MASCULINO,SIN DATOS,2,0,Morelia,El Lago 2,enero,lunes,12,-101.215522885323,19.7267978005163
3852,3852,2017,,2017/01/02,14:30:00,COLISIÓN POR CORTE DE CIRCULACIÓN,CONCRETO,Bueno,Bueno,2,NISSAN,BLANCO,2,,55,MASCULINO,SIN DATOS,0,0,Morelia,Balcones de Santa Maria,enero,lunes,15,-101.187184073015,19.6760337383605
3853,3853,2017,,2017/01/02,15:00:00,COLISIÓN CONTRA OBJETO FIJO,CONCRETO,Bueno,Bueno,1,MERDES BENZ,NEGRO,1,,83,MASCULINO,SIN DATOS,0,0,Morelia,Santa Maria de Guido,enero,lunes,15,-101.188382483295,19.6764147702486
3854,3854,2017,,2017/01/02,17:00:00,COLISIÓN POR CORTE DE CIRCULACIÓN,ASFALTO,Bueno,Bueno,2,TOYOTA,BLANCO/ AZUL,0,MINISTERIO PÚBLICO,,,,0,0,Lázaro Cárdenas,Centro,enero,lunes,17,-102.197721004486,17.9528310098532
3855,3855,2017,,2017/01/02,17:30:00,COLISIÓN POR CORTE DE CIRCULACIÓN,ASFALTO,Bueno,Bueno,2,RENAULT,BLANCO,2,,0,,SIN DATOS,0,0,Morelia,La Esperanza,enero,lunes,18,-101.153956800699,19.6987397872846
3856,3856,2017,,2017/01/02,18:00:00,COLISIÓN POR CORTE DE CIRCULACIÓN,ASFALTO,Bueno,Bueno,1,YAMAHA,AZUL,1,,45,MASCULINO,SIN DATOS,0,0,Morelia,Nicolaitas Ilustres,enero,lunes,18,-101.226589679718,19.7220700470334
3857,3857,2017,,2017/01/02,18:25:00,COLISIÓN POR CORTE DE CIRCULACIÓN,ASFALTO,Bueno,Bueno,2,NISSAN,GRIS,2,,48,MASCULINO,SIN DATOS,0,0,Morelia,Centro,enero,lunes,18,-101.191558688879,19.7034442414956
3858,3858,2017,,2017/01/02,18:50:00,COLISIÓN POR CORTE DE CIRCULACIÓN,ASFALTO,Bueno,Malo,1,PLYMOUTH,AZUL,1,,48,MASCULINO,SIN DATOS,0,0,Morelia,Fracc Heroes Republicanos,enero,lunes,19,-101.276564598083,19.6926576295692
3859,3859,2017,,2017/01/02,19:20:00,COLISIÓN POR CORTE DE CIRCULACIÓN,CONCRETO,Bueno,Bueno,2,ITALIKA,ROJO,2,,34,MASCULINO,SIN DATOS,0,0,Morelia,Buenavista,enero,lunes,19,-101.162887215614,19.7065665793119
3860,3860,2017,,2017/01/02,19:45:00,COLISIÓN POR CORTE DE CIRCULACIÓN,ADOQUIN_EMPEDRADO,Bueno,Bueno,2,FORD,ROJO,2,,30,FEMENINO,SIN DATOS,0,0,Morelia,Chapultepec Oriente,enero,lunes,20,-101.161540746689,19.6944859628473
3861,3861,2017,,2017/01/02,20:45:00,COLISIÓN CONTRA OBJETO FIJO,ASFALTO,Bueno,Bueno,1,CHEVROLET,VERDE,1,,,,SIN DATOS,0,0,Tarímbaro,Sin datos,enero,lunes,21,-101.170960664749,19.7524287515847