fid,id_accidente,anio_origen,folio_c5i,dia_incidente,hora_ocurrencia,tipo_incidente_vial,superficie_ocurrencia,condiciones_climaticas,condiciones_via,numero_vehiculos_involucrados,marca_vehiculo_ocasiona_siniestro,color_vehiculo_ocasiona_siniestro,numero_personas_involucradas,lugar_remite_presunto_responsable,edad_presunto_responsable,sexo_presunto_responsable,resultados_toxicologia,numero_personas_lesionadas,numero_personas_fallecidas,municipio,colonia,mes,dia_semana,hora_redondeada,lon,lat
3864,3864,2017,,2017/01/03,11:20:00,COLISIÓN POR CORTE DE CIRCULACIÓN,CONCRETO,Bueno,Bueno,2,MERDES BENZ,AMARILLO,2,,70,MASCULINO,SIN DATOS,0,0,Morelia,Cinco de Diciembre,enero,martes,11,-101.164008378983,19.6855928444841
3865,3865,2017,,2017/01/03,11:50:00,COLISIÓN POR CORTE DE CIRCULACIÓN,ASFALTO,Bueno,Bueno,1,NISSAN,BLANCO Y MORADO,1,,23,MASCULINO,SIN DATOS,0,0,Morelia,Isaac Arriaga,enero,martes,12,-101.166958808899,19.7098491979123
3866,3866,2017,,2017/01/03,12:20:00,COLISIÓN POR CORTE DE CIRCULACIÓN,ASFALTO,Bueno,Bueno,2,CHEVROLET,BLANCO,2,,23,MASCULINO,SIN DATOS,0,0,Morelia,Granjas del Maestro,enero,martes,12,-101.188480854034,19.7130206485069
3867,3867,2017,,2017/01/03,12:50:00,COLISIÓN CON PEATÓN,ASFALTO,Bueno,Bueno,1,SIN DATOS,SIN DATOS,2,,0,,SIN DATOS,1,0,Morelia,Real Santa Rita,enero,martes,13,-101.220383048058,19.6748984776949
3868,3868,2017,,2017/01/03,15:40:00,COLISIÓN POR CORTE DE CIRCULACIÓN,ASFALTO,Bueno,Bueno,2,DODGE,BLANCO,2,,33,MASCULINO,SIN DATOS,0,0,Morelia,Prados Verdes,enero,martes,16,-101.200620532036,19.7183584416335
3869,3869,2017,,2017/01/03,19:00:00,COLISIÓN POR CORTE DE CIRCULACIÓN,CONCRETO,Bueno,Bueno,2,YAMAHA,BLANCO,1,,0,,SIN DATOS,0,0,Morelia,Chapultepec Oriente,enero,martes,19,-101.15927696228,19.6894251660517
3870,3870,2017,,2017/01/03,19:00:00,COLISIÓN POR CORTE DE CIRCULACIÓN,ASFALTO,Bueno,Bueno,3,NISSAN,BLANCO Y ROJO,3,,30,MASCULINO,SIN DATOS,0,0,Morelia,Ventura Puente,enero,martes,19,-101.191849708557,19.6913848548489
3871,3871,2017,,2017/01/03,21:30:00,COLISIÓN POR CORTE DE CIRCULACIÓN,ASFALTO,Bueno,Regular,2,RUZU,ARENA,2,,27,FEMENINO,SIN DATOS,0,0,Morelia,Sentimientos de La Nacion,enero,martes,22,-101.235765516758,19.6818841810753
3872,3872,2017,,2017/01/03,22:00:00,COLISIÓN POR CORTE DE CIRCULACIÓN,ASFALTO,Bueno,Bueno,2,ITALIKA,NEGRO/AMARILLO,5,MINISTERIO PÚBLICO,14,FEMENINO,SIN DATOS,3,0,Morelia,Prados Verdes,enero,martes,22,-101.204118132591,19.7177070081221
3873,3873,2017,,2017/01/03,22:20:00,COLISIÓN POR CORTE DE CIRCULACIÓN,ASFALTO,Bueno,Bueno,2,KAWASAKI,ROJO,2,,17,MASCULINO,SIN DATOS,0,0,Morelia,Lomas del Valle,enero,martes,22,-101.227901279926,19.6895968923175
3874,3874,2017,,2017/01/04,"07:10:00",CAIDA DE MOTOCICLETA,ASFALTO,Bueno,Bueno,1,HARLEY DAVIDSON,ROJO Y  NEGRO,1,,33,,SIN DATOS,0,0,Morelia,Ciudad Industrial,enero,miércoles,7,-101.160194277763,19.7198430941355
3875,3875,2017,,2017/01/04,"08:45:00",COLISIÓN POR CORTE DE CIRCULACIÓN,ASFALTO,Bueno,Bueno,2,FORD,GRIS,2,,58,MASCULINO,SIN DATOS,0,0,Morelia,Felix Ireta,enero,miércoles,9,-101.191806793213,19.6824650465249
3876,3876,2017,,2017/01/04,11:00:00,COLISIÓN POR CORTE DE CIRCULACIÓN,ASFALTO,Bueno,Bueno,2,KENWORTH,BLANCO,2,,41,MASCULINO,SIN DATOS,0,0,Morelia,Indeco El Vivero,enero,miércoles,11,-101.231669783592,19.677636222762
3877,3877,2017,,2017/01/04,12:00:00,COLISIÓN CONTRA OBJETO FIJO,ASFALTO,Bueno,Bueno,1,FIAT,GRIS,1,,21,MASCULINO,SIN DATOS,0,0,Morelia,Poblado de Ocolusen,enero,miércoles,12,-101.152893304825,19.694978397108
3878,3878,2017,,2017/01/04,12:20:00,COLISIÓN CON PEATÓN,ASFALTO,Bueno,Bueno,1,DODGE,BLANCO,2,,47,,SIN DATOS,1,0,Morelia,Libertad,enero,miércoles,12,-101.236953735352,19.6849602184966
3879,3879,2017,,2017/01/04,13:00:00,COLISIÓN POR ALCANCE,ASFALTO,Bueno,Bueno,2,YAMAHA,AZUL,3,MINISTERIO PÚBLICO,0,MASCULINO,SIN DATOS,0,1,Morelia,Lomas de La Maestranza,enero,miércoles,13,-101.331582069397,19.6847783854151
3880,3880,2017,,2017/01/04,14:00:00,COLISIÓN POR CORTE DE CIRCULACIÓN,CONCRETO,Bueno,Bueno,2,GM,BLANCO,2,,0,FEMENINO,SIN DATOS,0,0,Morelia,Ventura Puente,enero,miércoles,14,-101.186678409576,19.6901726790412
3881,3881,2017,,2017/01/04,15:00:00,COLISIÓN POR ALCANCE,ASFALTO,Bueno,Bueno,2,FORD,ROJO,2,MINISTERIO PÚBLICO,34,MASCULINO,SIN DATOS,0,0,Morelia,Indeco El Vivero,enero,miércoles,15,-101.229749321938,19.6770553398032
3882,3882,2017,,2017/01/04,16:00:00,COLISIÓN POR CORTE DE CIRCULACIÓN,ASFALTO,Bueno,Bueno,2,FORD,BLANCO,2,,37,MASCULINO,SIN DATOS,0,0,Morelia,Los Manantiales de Morelia,enero,miércoles,16,-101.241760253906,19.6959910392113
3883,3883,2017,,2017/01/04,16:25:00,COLISIÓN POR CORTE DE CIRCULACIÓN,ASFALTO,Bueno,Bueno,2,TOYOTA,BLANCO Y MORADO,2,,37,MASCULINO,SIN DATOS,0,0,Morelia,Melchor Ocampo,enero,miércoles,16,-101.200389862061,19.706132258574
3884,3884,2017,,2017/01/04,16:25:00,COLISIÓN POR ALCANCE,ASFALTO,Bueno,Bueno,2,CHEVROLET,NEGRO,2,,0,,SIN DATOS,0,0,Morelia,Rinconada del Valle,enero,miércoles,16,-101.219058036804,19.6788990045371
3885,3885,2017,,2017/01/04,17:40:00,COLISIÓN POR CORTE DE CIRCULACIÓN,ASFALTO,Bueno,Bueno,2,NISSAN,CAFE,2,,22,MASCULINO,SIN DATOS,0,0,Morelia,Plan de Ayala,enero,miércoles,18,-101.179962158203,19.7061928615384
3886,3886,2017,,2017/01/04,18:00:00,COLISIÓN POR CORTE DE CIRCULACIÓN,ASFALTO,Bueno,Bueno,2,NISSAN,BLANCO,2,,65,MASCULINO,SIN DATOS,0,0,Morelia,Elias Perez Avalos,enero,miércoles,18,-101.165413856506,19.7104754128855
3887,3887,2017,,2017/01/04,19:30:00,COLISIÓN CONTRA OBJETO FIJO,ASFALTO,Nublado,Regular,2,CHEVROLET,ROJO,2,,49,MASCULINO,SIN DATOS,0,0,Morelia,Cuauhtemoc,enero,miércoles,20,-101.182896494865,19.6943495961688
3888,3888,2017,,2017/01/04,21:00:00,COLISIÓN POR CORTE DE CIRCULACIÓN,ASFALTO,Bueno,Bueno,2,TOYOTA,BLANCO,2,,54,MASCULINO,SIN DATOS,0,0,Charo,Sin datos,enero,miércoles,21,-101.026496887207,19.7658958164064
3889,3889,2017,,2017/01/04,21:15:00,COLISIÓN CONTRA OBJETO FIJO,ASFALTO,Bueno,Bueno,2,V.W.,BLANCO,2,,43,MASCULINO,SIN DATOS,0,0,Morelia,Gertrudis Sanchez,enero,miércoles,21,-101.199842691422,19.7403995686166
3890,3890,2017,,2017/01/04,21:45:00,COLISIÓN POR CORTE DE CIRCULACIÓN,ASFALTO,Bueno,Bueno,2,CHEVROLET,GRIS,2,,52,MASCULINO,SIN DATOS,0,0,Morelia,Tenencia Morelos,enero,miércoles,22,-101.24716758728,19.6500242752453
3891,3891,2017,,2017/01/04,22:00:00,COLISIÓN CONTRA OBJETO FIJO,CONCRETO,Bueno,Bueno,2,VENTO,AZUL,2,,40,MASCULINO,SIN DATOS,0,0,Queréndaro,Centro,enero,miércoles,22,-100.888803005219,19.8091240932124
3892,3892,2017,,2017/01/05,"00:00:00",COLISIÓN CONTRA OBJETO FIJO,ASFALTO,Bueno,Bueno,3,FORD,BLANCO,2,,50,FEMENINO,SIN DATOS,0,0,Morelia,Pascual Ortiz de Ayala,enero,jueves,0,-101.150795817375,19.694890011583
3893,3893,2017,,2017/01/05,"08:05:00",COLISIÓN CON PEATÓN,ASFALTO,Bueno,Bueno,1,NISSAN,PLATA,2,,39,MASCULINO,SIN DATOS,1,0,Morelia,Morelia 450,enero,jueves,8,-101.216998100281,19.6755551366802
3894,3894,2017,,2017/01/05,10:00:00,COLISIÓN POR CORTE DE CIRCULACIÓN,CONCRETO,Bueno,Regular,2,NISSAN,BLANCO Y ROSA,2,,22,MASCULINO,SIN DATOS,0,0,Morelia,Molino de Parras,enero,jueves,10,-101.2025141716,19.6956476002135
3895,3895,2017,,2017/01/05,10:00:00,COLISIÓN POR CORTE DE CIRCULACIÓN,ASFALTO,Bueno,Bueno,2,VOLKSWAGEN,AMARILLO,2,,26,FEMENINO,SIN DATOS,0,0,Morelia,Nueva Chapultepec,enero,jueves,10,-101.171470284462,19.6885917859695
3896,3896,2017,,2017/01/05,10:20:00,COLISIÓN POR CORTE DE CIRCULACIÓN,CONCRETO,Bueno,Bueno,1,DINAMO,NEGRO Y VERDE,1,,24,MASCULINO,SIN DATOS,0,0,Morelia,Dr Miguel Silva,enero,jueves,10,-101.188373565674,19.7129802482578
3897,3897,2017,,2017/01/05,11:25:00,COLISIÓN POR CORTE DE CIRCULACIÓN,ASFALTO,Bueno,Regular,2,INTERNATIONAL,BLANCO,2,,27,MASCULINO,SIN DATOS,0,0,Morelia,Sentimientos de La Nacion,enero,jueves,11,-101.235451698303,19.6814447423355
3898,3898,2017,,2017/01/05,11:55:00,COLISIÓN POR CORTE DE CIRCULACIÓN,CONCRETO,Bueno,Bueno,1,VOLVO,NEGRO,1,,38,MASCULINO,SIN DATOS,0,0,Morelia,El Lago 1,enero,jueves,12,-101.218902468681,19.7280791301717
3899,3899,2017,,2017/01/05,12:25:00,COLISIÓN POR CORTE DE CIRCULACIÓN,CONCRETO,Bueno,Bueno,2,AUDI,BLANCO,2,,0,MASCULINO,SIN DATOS,0,0,Morelia,Valle Quieto,enero,jueves,12,-101.203082799911,19.6822529046049
3900,3900,2017,,2017/01/05,13:40:00,COLISIÓN POR CORTE DE CIRCULACIÓN,CONCRETO,Bueno,Regular,2,V.W.,BLANCO,2,,56,MASCULINO,SIN DATOS,0,0,Morelia,Central de Abastos,enero,jueves,14,-101.166210472584,19.7165568932523
3901,3901,2017,,2017/01/05,14:15:00,COLISIÓN CONTRA OBJETO FIJO,ASFALTO,Bueno,Bueno,2,INTERNATIONAL,ROJO,2,,40,MASCULINO,SIN DATOS,0,0,Morelia,Industrial,enero,jueves,14,-101.1980509758,19.7070817023794
3902,3902,2017,,2017/01/05,15:40:00,COLISIÓN POR CORTE DE CIRCULACIÓN,ASFALTO,Bueno,Bueno,2,KENWORTH,AZUL,2,,55,MASCULINO,SIN DATOS,0,0,Morelia,Rafael Carrillo,enero,jueves,16,-101.236481666565,19.7077483297689
3903,3903,2017,,2017/01/05,15:50:00,COLISIÓN POR CORTE DE CIRCULACIÓN,ASFALTO,Bueno,Bueno,2,VOLVO,BLANCO,2,,35,MASCULINO,SIN DATOS,0,0,Morelia,Primo Tapia Oriente,enero,jueves,16,-101.1569917202,19.7148386491477
3904,3904,2017,,2017/01/05,18:15:00,COLISIÓN CONTRA OBJETO FIJO,ASFALTO,Bueno,Bueno,1,CHEVROLET,PLATA,1,,56,,SIN DATOS,0,0,Morelia,Alberto Oviedo Mota,enero,jueves,18,-101.199536919594,19.6810760169456
3905,3905,2017,,2017/01/05,19:05:00,COLISIÓN POR CORTE DE CIRCULACIÓN,ASFALTO,Bueno,Bueno,2,FORD,BLANCO,2,,58,MASCULINO,SIN DATOS,0,0,Morelia,Vasco de Quiroga,enero,jueves,19,-101.176056861877,19.6984758994172
3906,3906,2017,,2017/01/05,19:45:00,COLISIÓN POR CORTE DE CIRCULACIÓN,CONCRETO,Bueno,Bueno,2,DODGE,NEGRO,2,,46,MASCULINO,SIN DATOS,0,0,Morelia,Centro,enero,jueves,20,-101.192622184753,19.6962940730093
3907,3907,2017,,2017/01/05,21:00:00,COLISIÓN POR CORTE DE CIRCULACIÓN,ASFALTO,Bueno,Bueno,2,V.W.,NEGRO,2,,36,MASCULINO,SIN DATOS,0,0,Morelia,Chapultepec Sur,enero,jueves,21,-101.172870397568,19.6920591236695
3908,3908,2017,,2017/01/05,21:00:00,COLISIÓN POR ALCANCE,CONCRETO,Bueno,Bueno,2,NISSAN,BLANCO,2,MINISTERIO PÚBLICO,43,MASCULINO,SIN DATOS,0,0,Morelia,Hospitales de Don Vasco,enero,jueves,21,-101.155478954315,19.7011526365532
3909,3909,2017,,2017/01/05,22:20:00,COLISIÓN CONTRA OBJETO FIJO,ASFALTO,Bueno,Regular,2,DODGE,AZUL,2,,0,,SIN DATOS,0,0,Morelia,Isaac Arriaga,enero,jueves,22,-101.171336174011,19.7078493336765
3910,3910,2017,,2017/01/05,22:45:00,SUBIDA AL CAMELLÓN,ASFALTO,Bueno,Bueno,1,RENAULT,BLANCO,1,,30,FEMENINO,SIN DATOS,0,0,Morelia,Felix Ireta,enero,jueves,23,-101.186120510101,19.6813639258843
3911,3911,2017,,2017/01/06,"07:30:00",COLISIÓN POR CORTE DE CIRCULACIÓN,ASFALTO,Bueno,Bueno,2,VOLKSWAGEN,GRIS,2,,25,MASCULINO,SIN DATOS,0,0,Morelia,La Soledad,enero,viernes,8,-101.184768676758,19.7252210566221
3912,3912,2017,,2017/01/06,"07:30:00",COLISIÓN POR CORTE DE CIRCULACIÓN,ASFALTO,Bueno,Bueno,2,V.W.,GRIS,2,,25,MASCULINO,SIN DATOS,0,0,Morelia,La Soledad,enero,viernes,8,-101.184682846069,19.7251806594565
3913,3913,2017,,2017/01/06,12:40:00,COLISIÓN CONTRA OBJETO FIJO,ASFALTO,Bueno,Bueno,3,Nissan,Rojo,2,,36,MASCULINO,CON CERTIFICADO,1,0,Apatzingán,Centro,enero,viernes,13,-102.354265451431,19.0866764055123
3914,3914,2017,,2017/01/06,16:50:00,COLISIÓN CONTRA OBJETO FIJO,CONCRETO,Bueno,Bueno,2,CHEVROLET,NEGRO,2,,50,MASCULINO,SIN DATOS,0,0,Morelia,Niño Artillero,enero,viernes,17,-101.253679990768,19.6970819581988
3915,3915,2017,,2017/01/06,20:30:00,COLISIÓN CONTRA OBJETO FIJO,ASFALTO,Bueno,Bueno,2,CHEVROLET,AZUL,2,,18,MASCULINO,SIN DATOS,0,0,Morelia,Chapultepec Sur,enero,viernes,21,-101.172108650208,19.6912434348109
3916,3916,2017,,2017/01/06,22:15:00,COLISIÓN CONTRA OBJETO FIJO,ASFALTO,Bueno,Bueno,1,FORD,VINO,1,,68,MASCULINO,SIN DATOS,0,0,Morelia,Guadalupe,enero,viernes,22,-101.392350196838,19.6661899148665
3917,3917,2017,,2017/01/07,"03:10:00",COLISIÓN CONTRA OBJETO FIJO,ASFALTO,Bueno,Bueno,1,V.W.,ROJO,1,,25,MASCULINO,CON CERTIFICADO,0,0,Morelia,Union Popular Solidaria,enero,sábado,3,-101.219873428345,19.705768640305
3918,3918,2017,,2017/01/07,"04:00:00",COLISIÓN POR CORTE DE CIRCULACIÓN,ASFALTO,Bueno,Bueno,1,DATSUN,AMARILLO,1,,,,SIN DATOS,0,0,Morelia,Sin datos,enero,sábado,4,-101.238241195679,19.6601077841542
3919,3919,2017,,2017/01/07,"05:45:00",COLISIÓN POR CORTE DE CIRCULACIÓN,ASFALTO,Bueno,Bueno,1,NISSAN,GRIS,1,,34,FEMENINO,SIN DATOS,0,0,Morelia,2 de Octubre,enero,sábado,6,-101.387071609497,19.6673618603856
3920,3920,2017,,2017/01/07,11:30:00,COLISIÓN POR ALCANCE,ASFALTO,Bueno,Bueno,2,HONDA,PLATA,2,,80,FEMENINO,SIN DATOS,0,0,Morelia,Jardines de La Loma,enero,sábado,12,-101.224940121174,19.6768431907194
3921,3921,2017,,2017/01/07,12:30:00,COLISIÓN CONTRA OBJETO FIJO,ASFALTO,Bueno,Bueno,1,FORD,BLANCO,1,,30,MASCULINO,SIN DATOS,0,0,Morelia,Puerta Tres Marias,enero,sábado,13,-101.140758991241,19.6916878973668
3922,3922,2017,,2017/01/07,12:35:00,COLISIÓN POR CORTE DE CIRCULACIÓN,CONCRETO,Bueno,Bueno,1,SUZUKI,BLANCO,1,,30,MASCULINO,SIN DATOS,0,0,Morelia,Lomas de Las Americas Sur,enero,sábado,13,-101.146852970123,19.6943142418257
3923,3923,2017,,2017/01/07,15:10:00,COLISIÓN POR CORTE DE CIRCULACIÓN,ASFALTO,Bueno,Bueno,2,PONTIAC,VERDE,2,,27,FEMENINO,SIN DATOS,0,0,Morelia,El Lago 1,enero,sábado,15,-101.216526031494,19.7274024884025
3924,3924,2017,,2017/01/07,16:50:00,VOLCADURA,ASFALTO,Bueno,Regular,1,FORD,NEGRO,1,,21,MASCULINO,SIN DATOS,0,0,Morelia,Lomas de Las Americas Norte,enero,sábado,17,-101.147754192352,19.6947384934266
3925,3925,2017,,2017/01/07,17:25:00,COLISIÓN POR CORTE DE CIRCULACIÓN,ASFALTO,Bueno,Bueno,1,FORD,ROJO,1,,50,MASCULINO,CON CERTIFICADO,0,0,Morelia,Leandro Valle,enero,sábado,17,-101.229422092438,19.7177474071767
3926,3926,2017,,2017/01/07,19:00:00,COLISIÓN POR CORTE DE CIRCULACIÓN,ASFALTO,Bueno,Malo,2,DINA,AZUL,2,,26,MASCULINO,SIN DATOS,0,0,Morelia,Sin datos,enero,sábado,19,-101.264752149582,19.6401220165767
3927,3927,2017,,2017/01/07,19:30:00,COLISIÓN POR CORTE DE CIRCULACIÓN,CONCRETO,Bueno,Bueno,2,NISSAN,BLANCO,2,,33,MASCULINO,SIN DATOS,0,0,Morelia,Centro,enero,sábado,20,-101.188863068819,19.7041954767436
3928,3928,2017,,2017/01/07,19:30:00,COLISIÓN POR CORTE DE CIRCULACIÓN,ASFALTO,Bueno,Bueno,2,Nissan,Cafe,2,MINISTERIO PÚBLICO,48,MASCULINO,CON CERTIFICADO,0,0,Buenavista,Sin datos,enero,sábado,20,-102.604451179504,19.2060708865685
3929,3929,2017,,2017/01/07,20:15:00,COLISIÓN POR ALCANCE,ASFALTO,Bueno,Bueno,2,CHRYSLER,AZUL,2,MINISTERIO PÚBLICO,28,MASCULINO,SIN DATOS,0,0,Morelia,Rafael Carrillo,enero,sábado,20,-101.235065460205,19.7095663903465
3930,3930,2017,,2017/01/07,20:45:00,COLISIÓN POR CORTE DE CIRCULACIÓN,ASFALTO,Bueno,Bueno,2,V.W.,CAFE,2,,50,MASCULINO,SIN DATOS,0,0,Morelia,Real Santa Rita,enero,sábado,21,-101.220388412476,19.6749489900201
3931,3931,2017,,2017/01/07,21:20:00,COLISIÓN POR CORTE DE CIRCULACIÓN,ASFALTO,Bueno,Bueno,2,CHEVROLET,GUINDA,2,,42,MASCULINO,SIN DATOS,0,0,Morelia,El Lago 1,enero,sábado,21,-101.219379901886,19.7277458592107
3932,3932,2017,,2017/01/07,21:30:00,COLISIÓN POR ALCANCE,ASFALTO,Bueno,Bueno,2,V.W.,BLANCO,2,MINISTERIO PÚBLICO,,,SIN DATOS,0,0,Morelia,Quinceo,enero,sábado,22,-101.223607063293,19.7260693947422
3933,3933,2017,,2017/01/08,"00:50:00",COLISIÓN POR CORTE DE CIRCULACIÓN,ASFALTO,Bueno,Bueno,2,CHEVROLET,BLANCO,2,,27,MASCULINO,SIN DATOS,0,0,Morelia,Felix Ireta,enero,domingo,1,-101.181421279907,19.6818690280353
3934,3934,2017,,2017/01/08,"01:30:00",COLISIÓN POR CORTE DE CIRCULACIÓN,CONCRETO,Bueno,Bueno,1,CHEVROLET,ROJO,0,,,,,0,0,Morelia,Morelia 450,enero,domingo,2,-101.217480897903,19.6758683115561
3935,3935,2017,,2017/01/08,"02:52:00",COLISIÓN POR ALCANCE,CONCRETO,Bueno,Bueno,2,NISSAN,BLANCO/ROJO,2,MINISTERIO PÚBLICO,43,MASCULINO,SIN DATOS,0,0,Morelia,Centro,enero,domingo,3,-101.188537180424,19.7028786032164
3936,3936,2017,,2017/01/08,"04:25:00",COLISIÓN POR CORTE DE CIRCULACIÓN,CONCRETO,Bueno,Bueno,1,V.W,BLANCO,1,,0,,SIN DATOS,0,0,Morelia,Torreon Nuevo,enero,domingo,4,-101.20358663,19.7462449699991
3937,3937,2017,,2017/01/08,"05:10:00",COLISIÓN POR CORTE DE CIRCULACIÓN,ASFALTO,Bueno,Bueno,2,MERCURY,AZUL,2,,25,MASCULINO,SIN DATOS,0,0,Morelia,Centro,enero,domingo,5,-101.190166125,19.6997982849991
3938,3938,2017,,2017/01/08,10:00:00,COLISIÓN POR CORTE DE CIRCULACIÓN,ASFALTO,Bueno,Bueno,2,V.W,VERDE,2,,24,MASCULINO,CON CERTIFICADO,0,0,Morelia,El Comal,enero,domingo,10,-101.133538484573,19.7395816017503
3939,3939,2017,,2017/01/08,10:45:00,COLISIÓN POR CORTE DE CIRCULACIÓN,CONCRETO,Bueno,Bueno,2,ITALIKA,VERDE/NEGRO,2,,39,MASCULINO,SIN DATOS,0,0,Morelia,Centro,enero,domingo,11,-101.191635131836,19.6979803193514
3940,3940,2017,,2017/01/08,12:25:00,COLISIÓN POR CORTE DE CIRCULACIÓN,ASFALTO,Bueno,Bueno,2,NISSAN,BLANCO,2,,52,MASCULINO,SIN DATOS,0,0,Morelia,Nueva Valladolid,enero,domingo,12,-101.210582256317,19.695708207149
3941,3941,2017,,2017/01/08,12:30:00,COLISIÓN POR CORTE DE CIRCULACIÓN,SIN_DATOS,Bueno,Bueno,2,DODGE,BLANCO,2,,30,MASCULINO,SIN DATOS,0,0,Morelia,Libertad,enero,domingo,13,-101.236953735352,19.6850410331333
3942,3942,2017,,2017/01/08,13:00:00,CAIDA ACUATICA DE VEHÍCULO,TERRACERIA,Bueno,Bueno,1,DODGE,BLANCO Y CAFE,1,,38,MASCULINO,SIN DATOS,0,0,Morelia,Campestre Los Manantiales,enero,domingo,13,-101.238327026367,19.6879705361772
3943,3943,2017,,2017/01/08,13:15:00,COLISIÓN POR CORTE DE CIRCULACIÓN,ASFALTO,Bueno,Bueno,2,HONDA,GRIS,2,,43,MASCULINO,SIN DATOS,0,0,Pátzcuaro,Centro,enero,domingo,13,-101.61199092865,19.5135619536031
3944,3944,2017,,2017/01/08,15:30:00,COLISIÓN POR CORTE DE CIRCULACIÓN,ASFALTO,Bueno,Bueno,2,JEEP,GRIS,2,,32,MASCULINO,SIN DATOS,0,0,Morelia,Morelia 450,enero,domingo,16,-101.215388774872,19.6749792974076
3945,3945,2017,,2017/01/08,15:45:00,COLISIÓN POR CORTE DE CIRCULACIÓN,CONCRETO,Bueno,Bueno,2,FORD,ROJO,2,,28,MASCULINO,SIN DATOS,0,0,Morelia,Melchor Ocampo,enero,domingo,16,-101.200470328331,19.7059656003033
3946,3946,2017,,2017/01/08,15:55:00,COLISIÓN POR MANIOBRA DE REVERSA,CONCRETO,Bueno,Bueno,2,BMW,NEGRO,2,,81,MASCULINO,SIN DATOS,0,0,Morelia,Ventura Puente,enero,domingo,16,-101.181163787842,19.6886170399751
3947,3947,2017,,2017/01/08,16:10:00,VOLCADURA,ASFALTO,Bueno,Bueno,1,DODGE,ROJO,1,,23,FEMENINO,SIN DATOS,0,0,Indaparapeo,Sin Nombre,enero,domingo,16,-100.974955558777,19.7908529464976
3948,3948,2017,,2017/01/08,16:25:00,COLISIÓN POR ALCANCE,ASFALTO,Bueno,Bueno,2,NISSAN,BLANCO Y ROJO,2,,40,MASCULINO,SIN DATOS,0,0,Morelia,Josefa Ortiz de Dominguez,enero,domingo,16,-101.209530830383,19.6722920201086
3949,3949,2017,,2017/01/08,18:00:00,COLISIÓN POR CORTE DE CIRCULACIÓN,ASFALTO,Bueno,Bueno,2,FORD,BLANCO,2,,36,MASCULINO,SIN DATOS,0,0,Morelia,Real Santa Rita,enero,domingo,18,-101.220796108246,19.6743327385652
3950,3950,2017,,2017/01/08,19:30:00,COLISIÓN POR CORTE DE CIRCULACIÓN,ASFALTO,Bueno,Bueno,2,FORD,EN LAMINY,2,MINISTERIO PÚBLICO,30,MASCULINO,SIN DATOS,0,0,Hidalgo,Sin datos,enero,domingo,20,-100.765228271484,19.6568140423343
3951,3951,2017,,2017/01/08,23:00:00,COLISIÓN POR CORTE DE CIRCULACIÓN,CONCRETO,Bueno,Bueno,2,DINAMO,ROJO,2,,22,MASCULINO,SIN DATOS,0,0,Morelia,Felicitas del Rio,enero,domingo,23,-101.199188232422,19.6906373475189
3952,3952,2017,,2017/01/09,"04:15:00",COLISIÓN CONTRA OBJETO FIJO,ASFALTO,Bueno,Bueno,1,DODGE,VERDE,1,,,,SIN DATOS,0,0,Morelia,Felix Ireta,enero,lunes,4,-101.187830418348,19.6850789149801
3953,3953,2017,,2017/01/09,"05:00:00",COLISIÓN CONTRA OBJETO FIJO,ASFALTO,Bueno,Bueno,1,FORD,AZUL Y VERDE,1,,27,MASCULINO,SIN DATOS,0,0,Puruándiro,Sin datos,enero,lunes,5,-101.422390937805,20.1363348408573
3954,3954,2017,,2017/01/09,"07:00:00",COLISIÓN POR CORTE DE CIRCULACIÓN,SIN_DATOS,Bueno,Regular,2,V.W.,PLATA,2,,23,FEMENINO,SIN DATOS,0,0,Morelia,Nueva Valladolid,enero,lunes,7,-101.211644411087,19.7009405193948
3955,3955,2017,,2017/01/09,"08:20:00",COLISIÓN POR CORTE DE CIRCULACIÓN,ASFALTO,Bueno,Bueno,2,FORD,GRIS,2,,37,MASCULINO,SIN DATOS,0,0,Morelia,Sentimientos de La Nacion,enero,lunes,8,-101.23562335968,19.6819094361386
3956,3956,2017,,2017/01/09,"09:20:00",COLISIÓN CONTRA OBJETO FIJO,ASFALTO,Bueno,Bueno,2,TOYOTA,ARENA,4,MINISTERIO PÚBLICO,52,MASCULINO,SIN DATOS,2,0,Sahuayo,Sin Nombre,enero,lunes,9,-102.716513872147,20.0440889086172
3957,3957,2017,,2017/01/09,"09:40:00",COLISIÓN POR CORTE DE CIRCULACIÓN,ASFALTO,Bueno,Bueno,2,PLYMOOTH,ORO,2,,38,FEMENINO,SIN DATOS,0,0,Morelia,La Huerta,enero,lunes,10,-101.228392124176,19.65830936909
3958,3958,2017,,2017/01/09,12:00:00,COLISIÓN CONTRA OBJETO FIJO,CONCRETO,Bueno,Regular,1,FORD,ROJO,1,,,,SIN DATOS,0,0,Morelia,Reforma,enero,lunes,12,-101.239834427834,19.7075715727772
3959,3959,2017,,2017/01/09,12:00:00,COLISIÓN CON PEATÓN,ASFALTO,Bueno,Regular,1,MITSUBISHI,VERDE,2,,53,MASCULINO,SIN DATOS,1,0,Morelia,Canteras de Morelia,enero,lunes,12,-101.171615123749,19.714990148268
3960,3960,2017,,2017/01/09,13:00:00,COLISIÓN POR CORTE DE CIRCULACIÓN,CONCRETO,Bueno,Bueno,2,ITALIKA,NEGRO,2,,31,MASCULINO,SIN DATOS,0,0,Morelia,Felix Ireta,enero,lunes,13,-101.195604801178,19.6843339036801
3961,3961,2017,,2017/01/09,14:10:00,COLISIÓN CONTRA OBJETO FIJO,CONCRETO,Bueno,Bueno,2,SIN DATOS,BLANCO Y GRIS,1,,58,,SIN DATOS,0,0,Morelia,Lomas de Guayangareo,enero,lunes,14,-101.158021688461,19.7026778516498