fid,id_accidente,anio_origen,folio_c5i,dia_incidente,hora_ocurrencia,tipo_incidente_vial,superficie_ocurrencia,condiciones_climaticas,condiciones_via,numero_vehiculos_involucrados,marca_vehiculo_ocasiona_siniestro,color_vehiculo_ocasiona_siniestro,numero_personas_involucradas,lugar_remite_presunto_responsable,edad_presunto_responsable,sexo_presunto_responsable,resultados_toxicologia,numero_personas_lesionadas,numero_personas_fallecidas,municipio,colonia,mes,dia_semana,hora_redondeada,lon,lat
3962,3962,2017,,2017/01/09,15:00:00,COLISIÓN POR ALCANCE,ASFALTO,Bueno,Bueno,2,TOYOTA,ROJO,2,,56,MASCULINO,SIN DATOS,0,0,Morelia,Rafael Carrillo,enero,lunes,15,-101.235634088516,19.7086876636477
3963,3963,2017,,2017/01/09,15:30:00,CAIDA DE MOTOCICLETA,ASFALTO,Bueno,Bueno,1,HONDA,NEGRO Y GRIS,1,,21,MASCULINO,SIN DATOS,0,0,Morelia,San Isidro Itzicuaro Norte,enero,lunes,16,-101.275148391724,19.700031442674
3964,3964,2017,,2017/01/09,16:25:00,COLISIÓN POR CORTE DE CIRCULACIÓN,ASFALTO,Bueno,Bueno,2,NISSAN,BLANCO Y ROSA,2,,38,MASCULINO,SIN DATOS,0,0,Morelia,Centro,enero,lunes,16,-101.196186840534,19.6971173119305
3965,3965,2017,,2017/01/09,19:05:00,COLISIÓN POR CORTE DE CIRCULACIÓN,CONCRETO,Bueno,Bueno,2,JEEP,PLATA,2,,37,FEMENINO,SIN DATOS,0,0,Morelia,Santiaguito,enero,lunes,19,-101.193376909991,19.7200566096739
3966,3966,2017,,2017/01/09,21:00:00,COLISIÓN CONTRA OBJETO FIJO,ASFALTO,Bueno,Bueno,2,MERDES BENZ,BLANCO,2,,33,MASCULINO,SIN DATOS,0,0,Morelia,La Colina,enero,lunes,21,-101.216118335724,19.7040111403539
3967,3967,2017,,2017/01/09,22:15:00,COLISIÓN POR ALCANCE,CONCRETO,Bueno,Bueno,2,ITALIKA,AMARILLO,2,MINISTERIO PÚBLICO,22,MASCULINO,SIN DATOS,0,0,Morelia,Ventura Puente,enero,lunes,22,-101.182467341423,19.6918697226022
3968,3968,2017,,2017/01/10,"01:50:00",COLISIÓN CONTRA OBJETO FIJO,ASFALTO,Bueno,Regular,1,DODGE,NEGRO,1,,20,MASCULINO,SIN DATOS,0,0,Morelia,Gertrudis Bocanegra,enero,martes,2,-101.212646886706,19.7019373413347
3969,3969,2017,,2017/01/10,"05:00:00",COLISIÓN POR CORTE DE CIRCULACIÓN,ASFALTO,Bueno,Bueno,1,NISSAN,BLANCO,1,,,MASCULINO,SIN DATOS,0,0,Morelia,Los Laureles,enero,martes,5,-101.23197555542,19.7140508514078
3970,3970,2017,,2017/01/10,"08:05:00",COLISIÓN POR ALCANCE,ASFALTO,Bueno,Bueno,2,V.W.,ROJO,2,MINISTERIO PÚBLICO,57,MASCULINO,SIN DATOS,0,0,Morelia,Felix Ireta,enero,martes,8,-101.19208574295,19.6825155564645
3971,3971,2017,,2017/01/10,"08:30:00",COLISIÓN POR ALCANCE,ASFALTO,Bueno,Bueno,2,FREIGHTLINER,AZUL,2,,26,MASCULINO,SIN DATOS,0,0,Morelia,Reforma,enero,martes,9,-101.241567134857,19.7061120575807
3972,3972,2017,,2017/01/10,"09:20:00",COLISIÓN POR CORTE DE CIRCULACIÓN,ASFALTO,Bueno,Bueno,2,V.W.,ROJO,2,,52,FEMENINO,SIN DATOS,0,0,Morelia,Campestre Los Manantiales,enero,martes,9,-101.238209009171,19.6879402312476
3973,3973,2017,,2017/01/10,10:00:00,COLISIÓN POR CORTE DE CIRCULACIÓN,CONCRETO,Bueno,Bueno,2,CHEVROLET,BLANCO Y ROJO,2,,52,MASCULINO,SIN DATOS,0,0,Morelia,Industrial,enero,martes,10,-101.188641786575,19.7108491206529
3974,3974,2017,,2017/01/10,12:00:00,COLISIÓN POR CORTE DE CIRCULACIÓN,ASFALTO,Bueno,Bueno,3,FORD,VERDE,3,,26,FEMENINO,SIN DATOS,0,0,Tarímbaro,Sin datos,enero,martes,12,-101.172977685928,19.7485436644328
3975,3975,2017,,2017/01/10,15:30:00,SUBIDA AL CAMELLÓN,ASFALTO,Bueno,Malo,1,CHEVROLET,BLANCO,1,,48,FEMENINO,SIN DATOS,0,0,Morelia,Sentimientos de La Nacion,enero,martes,16,-101.235644817352,19.6818286199219
3976,3976,2017,,2017/01/10,15:45:00,COLISIÓN POR CORTE DE CIRCULACIÓN,ASFALTO,Bueno,Bueno,2,CHEVROLET,GRIS,2,,35,FEMENINO,SIN DATOS,0,0,Morelia,La Hacienda,enero,martes,16,-101.315411031246,19.6850460840467
3977,3977,2017,,2017/01/10,16:15:00,CAIDA ACUATICA DE VEHÍCULO,SIN_DATOS,Bueno,Bueno,0,,,0,,,,,0,0,Morelia,Country Club  Las Huertas,enero,martes,16,-101.228370666504,19.6586326811502
3978,3978,2017,,2017/01/10,19:00:00,COLISIÓN POR CORTE DE CIRCULACIÓN,ASFALTO,Bueno,Bueno,2,YAMAHA,ROJO,2,,29,MASCULINO,SIN DATOS,0,0,Morelia,Virrey Antonio de Mendoza,enero,martes,19,-101.162281036377,19.7067786890112
3979,3979,2017,,2017/01/10,20:30:00,COLISIÓN POR CORTE DE CIRCULACIÓN,ASFALTO,Bueno,Bueno,3,TOYOTA,GRIS,4,,38,MASCULINO,SIN DATOS,1,0,Morelia,Rinconada del Valle,enero,martes,21,-101.218993663788,19.6782726660207
3980,3980,2017,,2017/01/10,21:00:00,COLISIÓN POR CORTE DE CIRCULACIÓN,ASFALTO,Bueno,Bueno,1,NISSAN,ROJO,1,,47,MASCULINO,SIN DATOS,0,0,Morelia,Tzindurio Norte,enero,martes,21,-101.245880126953,19.6997688195487
3981,3981,2017,,2017/01/11,"08:00:00",COLISIÓN POR CORTE DE CIRCULACIÓN,ASFALTO,Bueno,Bueno,4,RENAULT,CAFE,4,,65,FEMENINO,SIN DATOS,0,0,Morelia,Canteras de Morelia,enero,miércoles,8,-101.174104213715,19.7168990248849
3982,3982,2017,,2017/01/11,"09:15:00",COLISIÓN POR ALCANCE,ASFALTO,Bueno,Bueno,2,CHEVROLET,BLANCO Y ROSA,2,MINISTERIO PÚBLICO,53,MASCULINO,SIN DATOS,0,0,Morelia,Centro,enero,miércoles,9,-101.183931827545,19.7007991077996
3983,3983,2017,,2017/01/11,"09:20:00",COLISIÓN CONTRA OBJETO FIJO,ASFALTO,Bueno,Bueno,1,VOLKSWAGEN,BLANCO,1,,22,MASCULINO,SIN DATOS,0,0,Álvaro Obregón,Sin datos,enero,miércoles,9,-101.010789871216,19.8501205389074
3984,3984,2017,,2017/01/11,11:20:00,COLISIÓN POR CORTE DE CIRCULACIÓN,ASFALTO,Bueno,Bueno,2,NISSAN,NEGRO,2,,29,FEMENINO,SIN DATOS,0,0,Indaparapeo,Sin Nombre,enero,miércoles,11,-100.974934101105,19.7906510436578
3985,3985,2017,,2017/01/11,12:15:00,COLISIÓN POR CORTE DE CIRCULACIÓN,ASFALTO,Bueno,Bueno,2,CHEVROLET,ROJO Y AZUL,2,,48,MASCULINO,SIN DATOS,0,0,Morelia,Nueva Valladolid,enero,miércoles,12,-101.21073782444,19.6951728450912
3986,3986,2017,,2017/01/11,13:10:00,COLISIÓN POR CORTE DE CIRCULACIÓN,ASFALTO,Bueno,Bueno,2,NISSAN,BLANCO Y VERDE,2,,23,MASCULINO,SIN DATOS,0,0,Morelia,Chapultepec Norte,enero,miércoles,13,-101.176400184631,19.6932132026635
3987,3987,2017,,2017/01/11,13:40:00,COLISIÓN POR CORTE DE CIRCULACIÓN,ASFALTO,Bueno,Bueno,2,FORD,ORO,2,MINISTERIO PÚBLICO,24,MASCULINO,SIN DATOS,0,0,Jacona,Sin datos,enero,miércoles,14,-102.333097457886,19.933090262583
3988,3988,2017,,2017/01/11,14:30:00,COLISIÓN POR CORTE DE CIRCULACIÓN,ASFALTO,Bueno,Regular,2,VOLVO,NARANJA,2,,42,MASCULINO,SIN DATOS,0,0,Morelia,Sentimientos de La Nacion,enero,miércoles,15,-101.23551607132,19.6816871914444
3989,3989,2017,,2017/01/11,16:10:00,COLISIÓN POR CORTE DE CIRCULACIÓN,ASFALTO,Bueno,Bueno,2,NISSAN,BLANCO,2,,65,MASCULINO,SIN DATOS,0,0,Morelia,Molino de Parras,enero,miércoles,16,-101.205681860447,19.7023899810394
3990,3990,2017,,2017/01/11,16:20:00,COLISIÓN POR CORTE DE CIRCULACIÓN,ASFALTO,Bueno,Bueno,2,ITALIKA,ROJO,2,,18,MASCULINO,SIN DATOS,0,0,Morelia,Fovissste La Huerta,enero,miércoles,16,-101.21212720871,19.6924556025115
3991,3991,2017,,2017/01/11,18:30:00,COLISIÓN CON PEATÓN,ASFALTO,Bueno,Regular,1,DODGE,BLANCO Y VERDE,2,MINISTERIO PÚBLICO,33,MASCULINO,SIN DATOS,1,0,Morelia,San Pascual,enero,miércoles,19,-101.266742348671,19.6954859816065
3992,3992,2017,,2017/01/11,19:10:00,COLISIÓN POR ALCANCE,ASFALTO,Bueno,Bueno,2,KENWORTH,BLANCO,2,,47,MASCULINO,SIN DATOS,0,0,Morelia,Libertad,enero,miércoles,19,-101.236932277679,19.684919811163
3993,3993,2017,,2017/01/11,19:10:00,COLISIÓN POR CORTE DE CIRCULACIÓN,CONCRETO,Bueno,Bueno,1,NISSAN,BLANCO,1,,,,,1,0,Morelia,Comision Federal de Electricidad,enero,miércoles,19,-101.179484724998,19.6815356607944
3994,3994,2017,,2017/01/11,19:40:00,COLISIÓN POR ALCANCE,CONCRETO,Bueno,Bueno,2,HONDA,BLANCO,2,,61,MASCULINO,CON CERTIFICADO,0,0,Morelia,Camelinas,enero,miércoles,20,-101.170527487993,19.6821424139102
3995,3995,2017,,2017/01/11,20:45:00,COLISIÓN POR CORTE DE CIRCULACIÓN,ASFALTO,Bueno,Bueno,2,GMC,Verde,2,MINISTERIO PÚBLICO,24,MASCULINO,SIN DATOS,0,0,Sin datos,Sin datos,enero,miércoles,21,-102.679209709167,19.2195049525446
3996,3996,2017,,2017/01/11,21:20:00,COLISIÓN POR CORTE DE CIRCULACIÓN,CONCRETO,Bueno,Bueno,2,GMC,VINO,2,,40,MASCULINO,SIN DATOS,0,0,Morelia,Agustin Arriaga Rivera,enero,miércoles,21,-101.224551200867,19.6911929276242
3997,3997,2017,,2017/01/12,"06:40:00",COLISIÓN CONTRA OBJETO FIJO,ASFALTO,Bueno,Regular,2,SIN DATOS,BLANCO,2,,,,SIN DATOS,0,0,Morelia,Isaac Arriaga,enero,jueves,7,-101.174080073833,19.7065716295462
3998,3998,2017,,2017/01/12,"09:00:00",COLISIÓN POR CORTE DE CIRCULACIÓN,CONCRETO,Bueno,Bueno,2,chevrolet,BLANCO,2,,32,MASCULINO,SIN DATOS,0,0,Pátzcuaro,Centro,enero,jueves,9,-101.613326668739,19.5164692993938
3999,3999,2017,,2017/01/12,"09:50:00",COLISIÓN POR ALCANCE,ASFALTO,Bueno,Bueno,2,NISSAN,ARENA,2,,23,FEMENINO,SIN DATOS,0,0,Morelia,Libertad,enero,jueves,10,-101.237854957581,19.6871421993715
4000,4000,2017,,2017/01/12,11:00:00,COLISIÓN POR CORTE DE CIRCULACIÓN,ASFALTO,Bueno,Bueno,2,FORD,BLANCO Y AZUL,2,,54,MASCULINO,SIN DATOS,0,0,Morelia,Sentimientos de La Nacion,enero,jueves,11,-101.235494613647,19.681586171027
4001,4001,2017,,2017/01/12,13:50:00,COLISIÓN POR CORTE DE CIRCULACIÓN,CONCRETO,Bueno,Bueno,2,CHEVROLET,AZUL,2,,48,FEMENINO,SIN DATOS,0,0,Morelia,Cuauhtemoc,enero,jueves,14,-101.183803081512,19.6985567072314
4002,4002,2017,,2017/01/12,14:00:00,COLISIÓN POR CORTE DE CIRCULACIÓN,CONCRETO,Bueno,Bueno,2,FORD,PLATA,2,,66,FEMENINO,SIN DATOS,0,0,Morelia,Agustin Arriaga Rivera,enero,jueves,14,-101.224572658539,19.6912636376811
4003,4003,2017,,2017/01/12,15:00:00,COLISIÓN POR CORTE DE CIRCULACIÓN,CONCRETO,Bueno,Bueno,2,CHEVROLET,NEGRO,2,,47,FEMENINO,SIN DATOS,0,0,Morelia,Vasco de Quiroga,enero,jueves,15,-101.172602176666,19.7050414012877
4004,4004,2017,,2017/01/12,15:15:00,COLISIÓN POR CORTE DE CIRCULACIÓN,ASFALTO,Bueno,Bueno,2,DODGE,BLANCO,2,,68,MASCULINO,SIN DATOS,0,0,Morelia,Juarez,enero,jueves,15,-101.197814941406,19.6928798590383
4005,4005,2017,,2017/01/12,16:50:00,COLISIÓN POR CORTE DE CIRCULACIÓN,ASFALTO,Bueno,Malo,2,FIAT,PLATA,2,,39,FEMENINO,SIN DATOS,0,0,Morelia,Avicola Benito Juarez,enero,jueves,17,-101.279525756836,19.6915464775965
4006,4006,2017,,2017/01/12,16:50:00,COLISIÓN POR ALCANCE,ASFALTO,Nublado,Regular,2,CHEVROLET,BLANCO,2,,62,MASCULINO,SIN DATOS,0,0,Morelia,Cinco de Diciembre,enero,jueves,17,-101.166025400162,19.6842429868096
4007,4007,2017,,2017/01/12,16:50:00,COLISIÓN POR CORTE DE CIRCULACIÓN,ADOQUIN_EMPEDRADO,Bueno,Bueno,2,GMC,NARANJA,2,,23,MASCULINO,SIN DATOS,0,0,Pátzcuaro,Centro,enero,jueves,17,-101.608190238476,19.5138261450107
4008,4008,2017,,2017/01/12,17:45:00,COLISIÓN POR CORTE DE CIRCULACIÓN,ASFALTO,Bueno,Bueno,2,INTERNATIONAL,BLANCO,2,,19,MASCULINO,SIN DATOS,0,0,Morelia,Las Americas,enero,jueves,18,-101.157689094543,19.6877988081671
4009,4009,2017,,2017/01/12,18:00:00,COLISIÓN POR CORTE DE CIRCULACIÓN,ASFALTO,Bueno,Bueno,2,DODGE,BLANCO,2,,59,MASCULINO,SIN DATOS,0,0,Morelia,La Quemada,enero,jueves,18,-101.241290867329,19.7057433890057
4010,4010,2017,,2017/01/12,18:00:00,COLISIÓN POR CORTE DE CIRCULACIÓN,ASFALTO,Bueno,Bueno,2,V.W.,GRIS,2,,45,FEMENINO,SIN DATOS,0,0,Morelia,Reforma,enero,jueves,18,-101.242406666279,19.7057408638755
4011,4011,2017,,2017/01/12,18:30:00,COLISIÓN POR ALCANCE,ASFALTO,Bueno,Bueno,3,CHEVROLET,BLANCO,3,,,,SIN DATOS,0,0,Morelia,Felix Ireta,enero,jueves,19,-101.190004348755,19.6823804423405
4012,4012,2017,,2017/01/12,20:10:00,COLISIÓN POR CORTE DE CIRCULACIÓN,ASFALTO,Bueno,Bueno,2,NISSAN,NEGRO,2,,35,MASCULINO,SIN DATOS,0,0,Morelia,La Esperanza,enero,jueves,20,-101.153970211744,19.6996173060111
4013,4013,2017,,2017/01/12,21:40:00,COLISIÓN POR ALCANCE,ASFALTO,Bueno,Bueno,2,GMC,GRIS,2,,0,FEMENINO,SIN DATOS,0,0,Morelia,Asociacion Zirahuen,enero,jueves,22,-101.250193119049,19.6987789285102
4014,4014,2017,,2017/01/13,"00:00:00",COLISIÓN CONTRA OBJETO FIJO,ASFALTO,Bueno,Bueno,1,ITALIKA,ROJ/NEGRO,2,MINISTERIO PÚBLICO,25,MASCULINO,SIN DATOS,1,0,Numarán,Sin datos,enero,viernes,0,-101.968789100647,20.2813997847083
4015,4015,2017,,2017/01/13,"07:00:00",COLISIÓN POR ALCANCE,CONCRETO,Bueno,Bueno,2,NISSAN,BLANCO,2,,35,MASCULINO,SIN DATOS,0,0,Morelia,La Quemada,enero,viernes,7,-101.240177750587,19.7011475861479
4016,4016,2017,,2017/01/13,"07:00:00",COLISIÓN POR ALCANCE,ASFALTO,Bueno,Bueno,4,NISSAN,VERDE,5,,22,MASCULINO,SIN DATOS,1,0,Morelia,Los Manantiales de Morelia,enero,viernes,7,-101.240341365337,19.7009581958354
4017,4017,2017,,2017/01/13,"07:30:00",COLISIÓN POR CORTE DE CIRCULACIÓN,ASFALTO,Bueno,Bueno,1,nissan,blanco,1,,31,MASCULINO,SIN DATOS,0,0,Morelia,San Jose del Cerrito,enero,viernes,8,-101.225629448891,19.6654827022188
4018,4018,2017,,2017/01/13,"08:10:00",COLISIÓN POR CORTE DE CIRCULACIÓN,ASFALTO,Bueno,Bueno,2,FREIGHTLINER,BLANCO Y AZUL,2,,41,MASCULINO,SIN DATOS,0,0,Morelia,Sentimientos de La Nacion,enero,viernes,8,-101.23562335968,19.6819094361386
4019,4019,2017,,2017/01/13,"09:10:00",COLISIÓN POR CORTE DE CIRCULACIÓN,ASFALTO,Bueno,Regular,2,DODGE,PLATA,2,,29,FEMENINO,SIN DATOS,0,0,Morelia,Insurgentes,enero,viernes,9,-101.155303940177,19.6952006233552
4020,4020,2017,,2017/01/13,"09:20:00",COLISIÓN POR CORTE DE CIRCULACIÓN,ASFALTO,Bueno,Regular,2,CHEVROLET,BLANCO,2,,24,FEMENINO,SIN DATOS,0,0,Morelia,Ana Maria Gallaga (Riviera Norte),enero,viernes,9,-101.220066547394,19.6773028467127
4021,4021,2017,,2017/01/13,"09:25:00",COLISIÓN POR CORTE DE CIRCULACIÓN,ASFALTO,Bueno,Bueno,2,NISSAN,BLANCO,2,,29,FEMENINO,SIN DATOS,0,0,Morelia,Mirador del Punhuato,enero,viernes,9,-101.158547401428,19.7036071146472
4022,4022,2017,,2017/01/13,10:00:00,COLISIÓN POR CORTE DE CIRCULACIÓN,ASFALTO,Bueno,Bueno,2,NISSAN,BLANCO,3,,38,MASCULINO,SIN DATOS,1,0,Morelia,Pascual Ortiz de Ayala,enero,viernes,10,-101.149374246597,19.6947788982824
4023,4023,2017,,2017/01/13,10:30:00,COLISIÓN POR ALCANCE,ASFALTO,Bueno,Bueno,2,KIA,VINO,2,,37,MASCULINO,SIN DATOS,0,0,Morelia,Real Santa Rita,enero,viernes,11,-101.220560073853,19.6746358133474
4024,4024,2017,,2017/01/13,10:45:00,COLISIÓN POR ALCANCE,ASFALTO,Bueno,Bueno,2,FORD,BLANCO,2,,37,MASCULINO,SIN DATOS,0,0,Morelia,Sentimientos de La Nacion,enero,viernes,11,-101.23197555542,19.6779089844682
4025,4025,2017,,2017/01/13,10:47:00,COLISIÓN POR CORTE DE CIRCULACIÓN,ASFALTO,Bueno,Regular,2,NISSAN,BLANCO,2,,36,MASCULINO,SIN DATOS,0,0,Morelia,Libertad,enero,viernes,11,-101.236932277679,19.6849602184966
4026,4026,2017,,2017/01/13,11:58:00,COLISIÓN POR CORTE DE CIRCULACIÓN,CONCRETO,Bueno,Bueno,2,NISSAN,PLATA,2,,31,MASCULINO,SIN DATOS,0,0,Morelia,Ejidal Tres Puentes,enero,viernes,12,-101.230435296893,19.6930793602307
4027,4027,2017,,2017/01/13,12:00:00,COLISIÓN POR CORTE DE CIRCULACIÓN,ASFALTO,Bueno,Bueno,2,FORD,BLANCO,2,,42,MASCULINO,SIN DATOS,0,0,Morelia,Libertad,enero,viernes,12,-101.236964464188,19.6848693019817
4028,4028,2017,,2017/01/13,14:30:00,COLISIÓN POR ALCANCE,ASFALTO,Bueno,Bueno,2,NISSAN,BLANCO,2,,29,MASCULINO,SIN DATOS,0,0,Morelia,Vasco de Quiroga,enero,viernes,15,-101.175745725632,19.7005263850846
4029,4029,2017,,2017/01/13,14:50:00,COLISIÓN POR CORTE DE CIRCULACIÓN,CONCRETO,Bueno,Regular,2,NISSAN,BLANCO,2,,24,MASCULINO,SIN DATOS,0,0,Morelia,Centro,enero,viernes,15,-101.188197210431,19.700890015268
4030,4030,2017,,2017/01/13,15:00:00,COLISIÓN POR CORTE DE CIRCULACIÓN,CONCRETO,Bueno,Bueno,2,HONDA,ROJO Y GRIS,2,,25,MASCULINO,SIN DATOS,0,0,Morelia,Ventura Puente,enero,viernes,15,-101.179822683334,19.6904807745955
4031,4031,2017,,2017/01/13,15:20:00,COLISIÓN CON PEATÓN,CONCRETO,Bueno,Bueno,1,YAMAHA,ROJO,1,,23,MASCULINO,SIN DATOS,0,0,Morelia,Primaveras,enero,viernes,15,-101.225719302893,19.6809535292139
4032,4032,2017,,2017/01/13,15:30:00,COLISIÓN POR CORTE DE CIRCULACIÓN,ASFALTO,Bueno,Bueno,2,CHEVROLET,PLATA,2,,57,FEMENINO,SIN DATOS,0,0,Morelia,Lomas del Valle,enero,viernes,16,-101.228928565979,19.6889402908952
4033,4033,2017,,2017/01/13,16:00:00,COLISIÓN POR CORTE DE CIRCULACIÓN,ASFALTO,Bueno,Bueno,2,FREIGHTLINER,ROJO,2,,37,MASCULINO,SIN DATOS,0,0,Morelia,Enrique Arreguin Robles,enero,viernes,16,-101.188212633133,19.7213125835433
4034,4034,2017,,2017/01/13,16:00:00,COLISIÓN POR ALCANCE,ASFALTO,Bueno,Regular,3,NISSAN,BLANCO Y ROJO,3,MINISTERIO PÚBLICO,26,MASCULINO,SIN DATOS,0,0,Morelia,Diego Rivera,enero,viernes,16,-101.176207065582,19.71831299287
4035,4035,2017,,2017/01/13,18:40:00,COLISIÓN POR CORTE DE CIRCULACIÓN,ASFALTO,Bueno,Bueno,2,FORD,BLANCO,2,,74,MASCULINO,SIN DATOS,0,0,Morelia,Las Americas,enero,viernes,19,-101.158998012543,19.6881321623714
4036,4036,2017,,2017/01/13,19:30:00,COLISIÓN POR CORTE DE CIRCULACIÓN,ASFALTO,Bueno,Bueno,2,VW,VERDE,2,,42,MASCULINO,SIN DATOS,0,0,Tarímbaro,Sin datos,enero,viernes,20,-101.127047538757,19.7730441317482
4037,4037,2017,,2017/01/13,22:10:00,COLISIÓN POR CORTE DE CIRCULACIÓN,CONCRETO,Bueno,Bueno,2,CHEVROLET,AZUL,2,,44,MASCULINO,CON CERTIFICADO,0,0,Morelia,Solidaridad,enero,viernes,22,-101.205923259258,19.7340109844858
4038,4038,2017,,2017/01/14,"01:10:00",COLISIÓN POR ALCANCE,ASFALTO,Bueno,Bueno,2,DODGE,BLANCO,2,,23,MASCULINO,CON CERTIFICADO,0,0,Morelia,Sin datos,enero,sábado,1,-101.239421367645,19.6596228202801
4039,4039,2017,,2017/01/14,"01:18:00",COLISIÓN POR CORTE DE CIRCULACIÓN,CONCRETO,Bueno,Bueno,2,NISSAN,BLANCO Y ROJO,2,,57,MASCULINO,SIN DATOS,0,0,Morelia,Ventura Puente,enero,sábado,1,-101.189194321632,19.6923571142284
4040,4040,2017,,2017/01/14,"01:30:00",VOLCADURA,ASFALTO,Bueno,Regular,1,MAZDA,BLANCO,1,,,,SIN DATOS,0,0,Morelia,Avicola Benito Juarez,enero,sábado,2,-101.279643774033,19.6914454633984
4041,4041,2017,,2017/01/14,"03:25:00",COLISIÓN POR ALCANCE,ASFALTO,Bueno,Bueno,2,CHRYSLER,PLATA,2,,33,MASCULINO,SIN DATOS,0,0,Morelia,Villas del Real,enero,sábado,3,-101.199338436127,19.7326741589121
4042,4042,2017,,2017/01/14,"04:35:00",COLISIÓN POR ALCANCE,ASFALTO,Bueno,Bueno,2,NISSAN,BLANCO Y AZUL,2,,0,,SIN DATOS,0,0,Morelia,Asociacion Zirahuen,enero,sábado,5,-101.250171661377,19.6987385246643
4043,4043,2017,,2017/01/14,"05:40:00",COLISIÓN CONTRA OBJETO FIJO,ASFALTO,Bueno,Bueno,1,Ford,Verde,1,,19,MASCULINO,SIN DATOS,0,0,Apatzingán,Ferrocarril,enero,sábado,6,-102.355418801308,19.0803393979796
4044,4044,2017,,2017/01/14,"05:50:00",COLISIÓN POR ALCANCE,ASFALTO,Bueno,Regular,2,NISSAN,BLANCO,2,MINISTERIO PÚBLICO,36,,SIN DATOS,0,0,Morelia,Loma Dorada,enero,sábado,6,-101.254377365112,19.697799132371
4045,4045,2017,,2017/01/14,"08:40:00",VOLCADURA,ASFALTO,Bueno,Bueno,1,FAMSA,SIN DATO,1,,54,MASCULINO,SIN DATOS,0,0,Coeneo,Sin datos,enero,sábado,9,-101.632933616638,19.7270793152031
4046,4046,2017,,2017/01/14,"09:30:00",COLISIÓN POR ALCANCE,ASFALTO,Bueno,Bueno,2,FORD,BLANCO,3,,40,MASCULINO,CON CERTIFICADO,1,0,Morelia,Ignacio Zaragoza,enero,sábado,10,-101.203777492046,19.7253447728785
4047,4047,2017,,2017/01/14,"09:45:00",COLISIÓN POR CORTE DE CIRCULACIÓN,ASFALTO,Bueno,Bueno,2,ITALIKA,NEGRO,2,,36,MASCULINO,SIN DATOS,0,0,Morelia,El Lago 1,enero,sábado,10,-101.210689544678,19.726655149387
4048,4048,2017,,2017/01/14,11:20:00,COLISIÓN POR CORTE DE CIRCULACIÓN,ASFALTO,Bueno,Bueno,2,ISUZU,ROJO,2,,39,MASCULINO,SIN DATOS,0,0,Morelia,Ventura Puente,enero,sábado,11,-101.180241107941,19.6881725688944
4049,4049,2017,,2017/01/14,12:25:00,VOLCADURA,ASFALTO,Bueno,Bueno,1,NISSAN,BLANCO,1,,44,MASCULINO,SIN DATOS,0,0,Morelia,Articulo Constitucional,enero,sábado,12,-101.171486377716,19.7145760503323
4050,4050,2017,,2017/01/14,13:00:00,COLISIÓN POR CORTE DE CIRCULACIÓN,ASFALTO,Bueno,Bueno,2,FREIGHTLINER,BLANCO,2,,35,MASCULINO,SIN DATOS,0,0,Morelia,Sentimientos de La Nacion,enero,sábado,13,-101.235730648041,19.6822327005978
4051,4051,2017,,2017/01/14,13:30:00,COLISIÓN CONTRA OBJETO FIJO,CONCRETO,Bueno,Bueno,1,V.W.,ROJO,1,,41,MASCULINO,SIN DATOS,0,0,Morelia,La Huerta,enero,sábado,14,-101.214820146561,19.6731658953024
4052,4052,2017,,2017/01/14,15:25:00,COLISIÓN POR CORTE DE CIRCULACIÓN,ASFALTO,Bueno,Bueno,2,CHEVROLET,AZUL,2,,37,MASCULINO,SIN DATOS,0,0,Morelia,Primo Tapia,enero,sábado,15,-101.212572455406,19.709419936232
4053,4053,2017,,2017/01/14,16:00:00,COLISIÓN POR ALCANCE,ASFALTO,Bueno,Bueno,2,AUDI,GRIS,2,,,MASCULINO,SIN DATOS,0,0,Morelia,Comision Federal de Electricidad,enero,sábado,16,-101.178846359253,19.6817275995936
4054,4054,2017,,2017/01/14,16:30:00,COLISIÓN POR CORTE DE CIRCULACIÓN,ASFALTO,Bueno,Bueno,2,TOYOTA,GUINDA,2,,61,MASCULINO,SIN DATOS,0,0,Morelia,Lindavista,enero,sábado,17,-101.216225624084,19.7039707378291
4055,4055,2017,,2017/01/14,17:20:00,COLISIÓN POR ALCANCE,CONCRETO,Bueno,Bueno,2,DODGE,ROJO,2,MINISTERIO PÚBLICO,36,FEMENINO,SIN DATOS,0,0,Morelia,Granjas del Maestro,enero,sábado,17,-101.193780899048,19.7137882512987
4056,4056,2017,,2017/01/14,18:40:00,COLISIÓN POR CORTE DE CIRCULACIÓN,ASFALTO,Bueno,Bueno,1,ITALIKA,ROJO,1,,33,MASCULINO,SIN DATOS,0,0,Morelia,La Luz,enero,sábado,19,-101.29282951355,19.6870411823947
4057,4057,2017,,2017/01/14,19:05:00,COLISIÓN POR CORTE DE CIRCULACIÓN,ASFALTO,Bueno,Bueno,2,FORD,NEGRO,2,,60,MASCULINO,CON CERTIFICADO,0,0,Morelia,Comision Federal de Electricidad,enero,sábado,19,-101.180047988892,19.681586171027
4058,4058,2017,,2017/01/15,"01:30:00",COLISIÓN CONTRA OBJETO FIJO,CONCRETO,Bueno,Bueno,1,PEUGEOT,GRIS,1,,36,MASCULINO,CON CERTIFICADO,0,0,Morelia,La Calera,enero,domingo,2,-101.235998868942,19.6696754173361
4059,4059,2017,,2017/01/15,"01:50:00",VOLCADURA,ASFALTO,Bueno,Bueno,1,NISSAN,BLANCO,1,,,,SIN DATOS,0,0,Morelia,Tinijaro,enero,domingo,2,-101.264526844025,19.6962637696553