fid,id_accidente,anio_origen,folio_c5i,dia_incidente,hora_ocurrencia,tipo_incidente_vial,superficie_ocurrencia,condiciones_climaticas,condiciones_via,numero_vehiculos_involucrados,marca_vehiculo_ocasiona_siniestro,color_vehiculo_ocasiona_siniestro,numero_personas_involucradas,lugar_remite_presunto_responsable,edad_presunto_responsable,sexo_presunto_responsable,resultados_toxicologia,numero_personas_lesionadas,numero_personas_fallecidas,municipio,colonia,mes,dia_semana,hora_redondeada,lon,lat
4060,4060,2017,,2017/01/15,"02:30:00",COLISIÓN POR CORTE DE CIRCULACIÓN,ASFALTO,Bueno,Bueno,1,NISSAN,BLANCO,1,,,,SIN DATOS,0,0,Morelia,Virrey Antonio de Mendoza,enero,domingo,3,-101.162388324738,19.7067584880996
4061,4061,2017,,2017/01/15,"02:30:00",COLISIÓN POR CORTE DE CIRCULACIÓN,CONCRETO,Bueno,Bueno,1,CHEVROLET,GRIS,2,MINISTERIO PÚBLICO,33,MASCULINO,SIN DATOS,1,0,Sahuayo,Perpetuo Socorro,enero,domingo,3,-102.719646692276,20.0594409664749
4062,4062,2017,,2017/01/15,"03:45:00",VOLCADURA,ASFALTO,Bueno,Bueno,1,NISSAN,ROJO,1,,22,MASCULINO,SIN DATOS,0,0,Jacona,Sin datos,enero,domingo,4,-102.265999317169,19.9349662635149
4063,4063,2017,,2017/01/15,"07:20:00",SALIDA DE SUPERFICIE DE RODAMIENTO,ASFALTO,Bueno,Regular,1,VW,GRIS,1,,22,MASCULINO,SIN DATOS,0,0,Morelia,El Lago 1,enero,domingo,7,-101.219471096992,19.7276423430889
4064,4064,2017,,2017/01/15,"07:50:00",SUBIDA AL CAMELLÓN,ASFALTO,Bueno,Bueno,1,VW,GRIS,1,,23,MASCULINO,CON CERTIFICADO,0,0,Morelia,Fidel Velazquez,enero,domingo,8,-101.236513853073,19.7074099662139
4065,4065,2017,,2017/01/15,"09:10:00",COLISIÓN CON PEATÓN,ASFALTO,Bueno,Bueno,1,SIN DATOS,SIN DATOS,2,,0,,SIN DATOS,1,0,Morelia,Campestre Los Manantiales,enero,domingo,9,-101.238412857056,19.6884958207118
4066,4066,2017,,2017/01/15,12:45:00,COLISIÓN POR CORTE DE CIRCULACIÓN,CONCRETO,Bueno,Bueno,2,NISSAN,BLANCO,4,,53,MASCULINO,CON CERTIFICADO,2,0,Morelia,Guadalupe,enero,domingo,13,-101.223537325859,19.707268560337
4067,4067,2017,,2017/01/15,12:50:00,COLISIÓN POR CORTE DE CIRCULACIÓN,ASFALTO,Bueno,Bueno,2,VOLVO,BLANCO,2,,39,MASCULINO,SIN DATOS,0,0,Morelia,Sentimientos de La Nacion,enero,domingo,13,-101.236181259155,19.683202490061
4068,4068,2017,,2017/01/15,13:30:00,COLISIÓN POR ALCANCE,CONCRETO,Bueno,Bueno,2,FORD,ROJO,2,,28,FEMENINO,SIN DATOS,0,0,Morelia,Victor Manuel Tinoco Rubi,enero,domingo,14,-101.242940425873,19.7005970910184
4069,4069,2017,,2017/01/15,14:40:00,COLISIÓN POR CORTE DE CIRCULACIÓN,ASFALTO,Bueno,Bueno,2,KAWASAKI,VERDE,2,,40,MASCULINO,CON CERTIFICADO,0,0,Morelia,Sin datos,enero,domingo,15,-101.290769577026,19.6001430189141
4070,4070,2017,,2017/01/15,15:00:00,COLISIÓN POR CORTE DE CIRCULACIÓN,ASFALTO,Bueno,Bueno,2,VW,VINO,2,,28,MASCULINO,SIN DATOS,0,0,Morelia,Libertad,enero,domingo,15,-101.236932277679,19.6849804221596
4071,4071,2017,,2017/01/15,18:00:00,COLISIÓN POR CORTE DE CIRCULACIÓN,ASFALTO,Bueno,Bueno,1,ITALIKA,AZUL,1,,33,FEMENINO,SIN DATOS,0,0,Morelia,Chapultepec Sur,enero,domingo,18,-101.178594231606,19.6906499743609
4072,4072,2017,,2017/01/15,18:15:00,COLISIÓN POR CORTE DE CIRCULACIÓN,CONCRETO,Bueno,Bueno,2,CHEVROLET,BLANCO,2,,26,MASCULINO,SIN DATOS,0,0,Morelia,Margarita Maza de Juarez,enero,domingo,18,-101.253197193146,19.6943445455488
4073,4073,2017,,2017/01/15,19:20:00,SALIDA DE SUPERFICIE DE RODAMIENTO,ASFALTO,Bueno,Bueno,1,NISSAN,ROJO,1,,20,MASCULINO,SIN DATOS,0,0,Tarímbaro,Sin datos,enero,domingo,19,-101.164212226868,19.7632706483875
4074,4074,2017,,2017/01/15,20:45:00,COLISIÓN POR CORTE DE CIRCULACIÓN,ASFALTO,Bueno,Bueno,2,NISSAN,ARENA,5,MINISTERIO PÚBLICO,35,MASCULINO,SIN DATOS,3,0,Jiménez,Sin datos,enero,domingo,21,-101.76468372345,19.903232627286
4075,4075,2017,,2017/01/15,20:50:00,COLISIÓN POR CORTE DE CIRCULACIÓN,ASFALTO,Bueno,Bueno,2,AUDI,GRIS,2,,29,MASCULINO,CON CERTIFICADO,0,0,Morelia,Bonanza,enero,domingo,21,-101.202090382576,19.6576046475754
4076,4076,2017,,2017/01/15,21:35:00,COLISIÓN POR CORTE DE CIRCULACIÓN,ASFALTO,Bueno,Bueno,2,NISSAN,BLANCO,2,,50,FEMENINO,SIN DATOS,0,0,Morelia,Plan de La Garita,enero,domingo,22,-101.188287734985,19.7126267456436
4077,4077,2017,,2017/01/15,21:50:00,COLISIÓN POR CORTE DE CIRCULACIÓN,ASFALTO,Bueno,Regular,2,FORD,VERDE,2,,26,MASCULINO,SIN DATOS,0,0,Tarímbaro,Sin datos,enero,domingo,22,-101.079937866211,19.7849222373254
4078,4078,2017,,2017/01/15,22:00:00,COLISIÓN POR CORTE DE CIRCULACIÓN,ASFALTO,Bueno,Malo,2,CHEVROLET,NEGRO,2,,,,SIN DATOS,0,0,Morelia,Rector Diaz Rubio,enero,domingo,22,-101.198523044586,19.6670385659257
4079,4079,2017,,2017/01/15,23:00:00,COLISIÓN CON PEATÓN,ASFALTO,Bueno,Bueno,1,PLAYMOTH,VERDE,1,MINISTERIO PÚBLICO,,,,1,0,Morelia,Francisco J Mujica,enero,domingo,23,-101.185562610626,19.7242010250624
4080,4080,2017,,2017/01/16,"01:05:00",SUBIDA AL CAMELLÓN,ASFALTO,Bueno,Bueno,1,NISSAN,BLANCO,1,,,,SIN DATOS,0,0,Morelia,Buenavista,enero,lunes,1,-101.163693219423,19.70735441392
4081,4081,2017,,2017/01/16,"02:30:00",COLISIÓN CONTRA OBJETO FIJO,ASFALTO,Bueno,Bueno,1,CHRYSLER,ROJO,1,,21,MASCULINO,CON CERTIFICADO,0,0,Morelia,Tres Puentes,enero,lunes,3,-101.213865280151,19.702799060173
4082,4082,2017,,2017/01/16,"06:30:00",COLISIÓN CONTRA OBJETO FIJO,ASFALTO,Bueno,Bueno,1,CHRYSLER,BLANCO,0,MINISTERIO PÚBLICO,,,,0,0,Lázaro Cárdenas,Centro,enero,lunes,7,-102.190500497818,17.9517950515957
4083,4083,2017,,2017/01/16,"07:00:00",COLISIÓN POR CORTE DE CIRCULACIÓN,SIN_DATOS,Bueno,Bueno,2,SIN DATOS,SIN DATOS,1,,28,MASCULINO,SIN DATOS,0,0,Morelia,Bosques de Oriente,enero,lunes,7,-101.155457496643,19.7158284408059
4084,4084,2017,,2017/01/16,"08:00:00",COLISIÓN POR CORTE DE CIRCULACIÓN,ASFALTO,Bueno,Bueno,1,TOYOTA,NEGRO,1,,34,MASCULINO,CON CERTIFICADO,0,0,Morelia,Tierra Y Libertad,enero,lunes,8,-101.228311657906,19.7189063507098
4085,4085,2017,,2017/01/16,"09:00:00",COLISIÓN POR CORTE DE CIRCULACIÓN,ASFALTO,Bueno,Bueno,2,MAZDA,BLANCO,2,MINISTERIO PÚBLICO,31,MASCULINO,SIN DATOS,0,0,Tacámbaro,Sin datos,enero,lunes,9,-101.455907821655,19.1690860799431
4086,4086,2017,,2017/01/16,"09:15:00",COLISIÓN POR CORTE DE CIRCULACIÓN,CONCRETO,Bueno,Bueno,2,SIN DATOS,SIN DATOS,1,,49,FEMENINO,SIN DATOS,0,0,Morelia,Cinco de Diciembre,enero,lunes,9,-101.164351701736,19.6852607477204
4087,4087,2017,,2017/01/16,"09:30:00",COLISIÓN POR CORTE DE CIRCULACIÓN,ASFALTO,Bueno,Bueno,2,V.W.,GRIS,2,,27,MASCULINO,SIN DATOS,0,0,Morelia,Centro,enero,lunes,10,-101.186442375183,19.7071827067079
4088,4088,2017,,2017/01/16,12:45:00,COLISIÓN POR CORTE DE CIRCULACIÓN,ASFALTO,Bueno,Bueno,2,BAJAJ,NEGRO,2,,18,MASCULINO,SIN DATOS,0,0,Morelia,Diego Rivera,enero,lunes,13,-101.175971031189,19.7184139901047
4089,4089,2017,,2017/01/16,13:00:00,COLISIÓN POR CORTE DE CIRCULACIÓN,SIN_DATOS,Bueno,Bueno,4,HONDA,ROJO,4,,,,SIN DATOS,0,0,Morelia,Industrial,enero,lunes,13,-101.193244457245,19.7075059201305
4090,4090,2017,,2017/01/16,14:00:00,COLISIÓN CONTRA OBJETO FIJO,CONCRETO,Bueno,Bueno,2,DODGE,VERDE,2,,39,FEMENINO,SIN DATOS,0,0,Morelia,Ilustres Novohispanos,enero,lunes,14,-101.152882575989,19.7080816424219
4091,4091,2017,,2017/01/16,14:30:00,COLISIÓN POR ALCANCE,ASFALTO,Bueno,Bueno,2,IZUSU,BLANCO,2,,35,MASCULINO,SIN DATOS,0,0,Morelia,Asociacion Zirahuen,enero,lunes,15,-101.250236034393,19.6987587265885
4092,4092,2017,,2017/01/16,15:45:00,COLISIÓN POR CORTE DE CIRCULACIÓN,ASFALTO,Bueno,Bueno,2,NISSAN,BLANCO Y ROJO,2,,27,MASCULINO,SIN DATOS,0,0,Morelia,Puerta Tres Marias Norte,enero,lunes,16,-101.1412525177,19.6921929669552
4093,4093,2017,,2017/01/16,15:50:00,COLISIÓN POR CORTE DE CIRCULACIÓN,ASFALTO,Bueno,Bueno,2,NISSAN,ARENA,2,,25,MASCULINO,SIN DATOS,0,0,Morelia,Eduardo Ruiz,enero,lunes,16,-101.223285198212,19.7224639266296
4094,4094,2017,,2017/01/16,16:05:00,COLISIÓN POR CORTE DE CIRCULACIÓN,CONCRETO,Bueno,Bueno,2,FORD,ROJO,2,,42,FEMENINO,SIN DATOS,0,0,Morelia,Balcones de Santa Maria,enero,lunes,16,-101.186817213893,19.6771468921485
4095,4095,2017,,2017/01/16,20:20:00,VOLCADURA,ASFALTO,Bueno,Bueno,1,MITSUBISHI,ROJO,1,,,,SIN DATOS,0,0,Morelia,Punta Floresta,enero,lunes,20,-101.218215823174,19.7521333974041
4096,4096,2017,,2017/01/16,20:35:00,COLISIÓN POR ALCANCE,ASFALTO,Bueno,Bueno,2,MAZDA,BLANCO,2,,34,FEMENINO,SIN DATOS,0,0,Morelia,Ana Maria Gallaga (Riviera Norte),enero,lunes,21,-101.223199367523,19.6769391629588
4097,4097,2017,,2017/01/16,21:00:00,SALIDA DE SUPERFICIE DE RODAMIENTO,CONCRETO,Bueno,Bueno,1,CHRYSLER,BLANCO,1,,33,MASCULINO,SIN DATOS,0,0,Morelia,Ana Maria Gallaga (Riviera Norte),enero,lunes,21,-101.224014759064,19.6769189582816
4098,4098,2017,,2017/01/16,21:10:00,SALIDA DE SUPERFICIE DE RODAMIENTO,ASFALTO,Bueno,Bueno,1,FORD,BLANCO,1,,28,MASCULINO,CON CERTIFICADO,0,0,Morelia,Sin datos,enero,lunes,21,-101.281306743622,19.6201943962654
4099,4099,2017,,2017/01/16,22:20:00,COLISIÓN CONTRA OBJETO FIJO,SIN_DATOS,Bueno,Bueno,1,SEAT,NEGRO,1,,,MASCULINO,CON CERTIFICADO,0,0,Morelia,Sentimientos de La Nacion,enero,lunes,22,-101.234335899353,19.6790000266491
4100,4100,2017,,2017/01/16,22:30:00,COLISIÓN POR ALCANCE,ASFALTO,Bueno,Bueno,2,FORD,GRIS,2,,27,FEMENINO,SIN DATOS,0,0,Morelia,Chapultepec Oriente,enero,lunes,23,-101.159105300903,19.6883746013568
4101,4101,2017,,2017/01/16,23:10:00,SUBIDA AL CAMELLÓN,ASFALTO,Bueno,Bueno,1,V.W.,BLANCO Y ROJO,1,,41,MASCULINO,CON CERTIFICADO,0,0,Morelia,Felix Ireta,enero,lunes,23,-101.195690631866,19.6816871914444
4102,4102,2017,,2017/01/17,"02:20:00",COLISIÓN POR CORTE DE CIRCULACIÓN,CONCRETO,Bueno,Bueno,2,DODGE,VERDE,2,,56,FEMENINO,SIN DATOS,0,0,Morelia,Rector Diaz Rubio,enero,martes,2,-101.198571324348,19.6671395955144
4103,4103,2017,,2017/01/17,"04:15:00",SUBIDA AL CAMELLÓN,CONCRETO,Bueno,Bueno,1,GENERAL MOTORS,BLANCO,1,,60,MASCULINO,SIN DATOS,0,0,Morelia,Peña Blanca,enero,martes,4,-101.192396879196,19.6667001163394
4104,4104,2017,,2017/01/17,"08:45:00",VOLCADURA,ASFALTO,Bueno,Regular,1,FORD,ARENA,1,MINISTERIO PÚBLICO,0,,SIN DATOS,0,0,Ario,Sin datos,enero,martes,9,-101.722583770752,19.2100627221488
4105,4105,2017,,2017/01/17,11:00:00,COLISIÓN POR CORTE DE CIRCULACIÓN,ASFALTO,Bueno,Bueno,2,CHEVROLET,ROJO,3,,44,MASCULINO,SIN DATOS,1,0,Morelia,Solidaridad,enero,martes,11,-101.205389499664,19.7257058218136
4106,4106,2017,,2017/01/17,11:15:00,COLISIÓN POR ALCANCE,CONCRETO,Bueno,Bueno,2,CHEVROLET,BLANCO,2,MINISTERIO PÚBLICO,21,MASCULINO,SIN DATOS,0,0,Morelia,Chapultepec Norte,enero,martes,11,-101.178331375122,19.6934455326584
4107,4107,2017,,2017/01/17,14:20:00,SALIDA DE SUPERFICIE DE RODAMIENTO,ASFALTO,Bueno,Regular,1,CHEVROLET,AZUL,1,,,,SIN DATOS,0,0,Lagunillas,Sin datos,enero,martes,14,-101.409687995911,19.5602754015229
4108,4108,2017,,2017/01/17,15:15:00,COLISIÓN POR CORTE DE CIRCULACIÓN,CONCRETO,Bueno,Bueno,2,HONDA,BLANCO,2,,25,MASCULINO,SIN DATOS,0,0,Morelia,El Realito,enero,martes,15,-101.20058298111,19.7277408096453
4109,4109,2017,,2017/01/17,15:30:00,VOLCADURA,ASFALTO,Bueno,Bueno,1,DINA,BLANCO,1,,33,MASCULINO,SIN DATOS,0,0,Tacámbaro,Centro,enero,martes,16,-101.463187336922,19.2351817066505
4110,4110,2017,,2017/01/17,17:15:00,COLISIÓN POR ALCANCE,CONCRETO,Bueno,Bueno,2,FORD,PLATA,2,MINISTERIO PÚBLICO,40,MASCULINO,SIN DATOS,0,0,Morelia,Santa Maria de Guido,enero,martes,17,-101.194673739374,19.6784655558147
4111,4111,2017,,2017/01/17,18:20:00,COLISIÓN POR CORTE DE CIRCULACIÓN,CONCRETO,Bueno,Bueno,2,CHEVROLET,AMARILLO,3,,19,MASCULINO,SIN DATOS,1,0,Morelia,Nueva Valladolid,enero,martes,18,-101.213800907135,19.6999506356044
4112,4112,2017,,2017/01/17,19:20:00,COLISIÓN CON PEATÓN,CONCRETO,Bueno,Regular,1,SIN DATOS,ROJO Y NEGRO,1,,,,,1,0,Morelia,Chapultepec Oriente,enero,martes,19,-101.15916967392,19.6951425415249
4113,4113,2017,,2017/01/17,20:15:00,COLISIÓN POR CORTE DE CIRCULACIÓN,ASFALTO,Bueno,Regular,2,CHEVROLET,BLANCO,2,,34,MASCULINO,SIN DATOS,0,0,Morelia,Ventura Puente,enero,martes,20,-101.190658807755,19.6930717842406
4114,4114,2017,,2017/01/17,22:35:00,COLISIÓN POR CORTE DE CIRCULACIÓN,CONCRETO,Bueno,Bueno,3,NISSAN,BLANCO,3,,62,MASCULINO,SIN DATOS,0,0,Morelia,Chapultepec Oriente,enero,martes,23,-101.159330606461,19.6903848104701
4115,4115,2017,,2017/01/18,"00:15:00",COLISIÓN CONTRA OBJETO FIJO,ASFALTO,Bueno,Bueno,1,HONDA,VERDE,1,MINISTERIO PÚBLICO,,,SIN DATOS,0,0,Morelia,Elias Perez Avalos,enero,miércoles,0,-101.167430877686,19.7115258324957
4116,4116,2017,,2017/01/18,"02:30:00",COLISIÓN CONTRA OBJETO FIJO,ASFALTO,Bueno,Regular,1,FORD,BLANCO,1,,,,SIN DATOS,0,0,Morelia,Lomas del Valle,enero,miércoles,3,-101.227464079857,19.6899573906073
4117,4117,2017,,2017/01/18,"08:30:00",COLISIÓN POR CORTE DE CIRCULACIÓN,ASFALTO,Bueno,Bueno,1,ITALIKA,ROJO,2,,27,MASCULINO,SIN DATOS,1,0,Tacámbaro,Sin datos,enero,miércoles,9,-101.439052820206,19.2403934527529
4118,4118,2017,,2017/01/18,"08:40:00",COLISIÓN CONTRA OBJETO FIJO,CONCRETO,Bueno,Bueno,3,TOYOTA,BLANCO,3,,18,MASCULINO,SIN DATOS,0,0,Morelia,Vasco de Quiroga,enero,miércoles,9,-101.174941062927,19.6992637738655
4119,4119,2017,,2017/01/18,"08:50:00",COLISIÓN POR CORTE DE CIRCULACIÓN,CONCRETO,Bueno,Bueno,2,DINAMO,AZUL Y GRIS,2,,21,MASCULINO,SIN DATOS,0,0,Morelia,Centro,enero,miércoles,9,-101.200183331966,19.7030465272892
4120,4120,2017,,2017/01/18,11:50:00,COLISIÓN CON PEATÓN,ASFALTO,Bueno,Bueno,2,KENWORT,BLANCO,1,MINISTERIO PÚBLICO,59,MASCULINO,SIN DATOS,0,0,Morelia,La Esperanza,enero,miércoles,12,-101.25430226326,19.6978294354343
4121,4121,2017,,2017/01/18,12:25:00,SUBIDA AL CAMELLÓN,ASFALTO,Bueno,Bueno,1,ITALIKA,NEGRO,1,,23,MASCULINO,SIN DATOS,0,0,Morelia,Pascual Ortiz de Ayala,enero,miércoles,12,-101.151145845652,19.6972195851817
4122,4122,2017,,2017/01/18,13:40:00,COLISIÓN POR CORTE DE CIRCULACIÓN,ASFALTO,Bueno,Bueno,2,HONDA,AZUL,2,,18,MASCULINO,SIN DATOS,0,0,Morelia,Eva Samano,enero,miércoles,14,-101.199349164963,19.7311593288763
4123,4123,2017,,2017/01/18,16:10:00,COLISIÓN CON PEATÓN,CONCRETO,Bueno,Regular,1,INTERNATIONAL,BLANCO Y AZUL,2,MINISTERIO PÚBLICO,36,MASCULINO,SIN DATOS,1,0,Morelia,Centro,enero,miércoles,16,-101.191747784615,19.6959910392113
4124,4124,2017,,2017/01/18,17:35:00,COLISIÓN POR CORTE DE CIRCULACIÓN,ASFALTO,Bueno,Bueno,2,DODGE,ROJO Y GRIS,2,,73,MASCULINO,SIN DATOS,0,0,Morelia,Josefa Ortiz de Dominguez,enero,miércoles,18,-101.209444999695,19.6722516095798
4125,4125,2017,,2017/01/18,20:30:00,COLISIÓN POR CORTE DE CIRCULACIÓN,ASFALTO,Bueno,Bueno,2,MITSUBISHI,VERDE,3,,51,MASCULINO,SIN DATOS,1,0,Jacona,Revolucion,enero,miércoles,21,-102.320845127106,19.9378104804996
4126,4126,2017,"170205288",2017/01/19,"02:15:00",COLISIÓN CONTRA OBJETO FIJO,CONCRETO,Bueno,Bueno,1,CHEVROLET,VERDE,1,MINISTERIO PÚBLICO,19,,CON CERTIFICADO,0,0,Morelia,Primaveras,enero,jueves,2,-101.225752830505,19.6788383912393
4127,4127,2017,"170205403",2017/01/19,"04:00:00",VOLCADURA,ASFALTO,Bueno,Bueno,1,CHYSLER,VERDE,1,,0,,SIN DATOS,0,0,Morelia,La Esperanza,enero,jueves,4,-101.154599189758,19.7000718461934
4128,4128,2017,"170205453",2017/01/19,"05:10:00",COLISIÓN POR CORTE DE CIRCULACIÓN,ASFALTO,Bueno,Bueno,1,CHEVROLET,BLANCO,1,,25,MASCULINO,SIN DATOS,0,0,Morelia,Indeco El Vivero,enero,jueves,5,-101.229808330536,19.6771614142399
4129,4129,2017,,2017/01/19,"05:40:00",COLISIÓN CONTRA OBJETO FIJO,ASFALTO,Bueno,Bueno,1,V.W.,BEIGE,1,,28,MASCULINO,CON CERTIFICADO,0,0,Morelia,Pascual Ortiz de Ayala,enero,jueves,6,-101.149363517761,19.6947687970694
4130,4130,2017,,2017/01/19,"05:45:00",COLISIÓN POR CORTE DE CIRCULACIÓN,ASFALTO,Bueno,Regular,1,VOLKSWAGEN,GRIS,1,,31,MASCULINO,SIN DATOS,0,0,Morelia,Ejidal Tres Puentes,enero,jueves,6,-101.225109100342,19.6927586430025
4131,4131,2017,,2017/01/19,"07:10:00",COLISIÓN POR CORTE DE CIRCULACIÓN,CONCRETO,Bueno,Bueno,2,VOLKSWAGEN,NEGRO,2,,0,,SIN DATOS,0,0,Morelia,Gertrudis Bocanegra,enero,jueves,7,-101.213328838348,19.7024758372406
4132,4132,2017,,2017/01/19,"07:20:00",COLISIÓN CONTRA OBJETO FIJO,CONCRETO,Bueno,Bueno,1,MAZDA,GRIS,0,,,,,0,0,Morelia,Indeco Expropiacion Petrolera,enero,jueves,7,-101.22878909111,19.6848112164034
4133,4133,2017,,2017/01/19,"09:20:00",VOLCADURA,ASFALTO,Bueno,Bueno,1,CHEVROLET,AMARILLO,1,,23,MASCULINO,SIN DATOS,0,0,Morelia,Jardines de Guadalupe,enero,jueves,9,-101.226997375488,19.7121520409038
4134,4134,2017,,2017/01/19,"09:22:00",SALIDA DE SUPERFICIE DE RODAMIENTO,ASFALTO,Bueno,Bueno,1,V.W.,GRIS,1,,23,MASCULINO,SIN DATOS,0,0,Morelia,Jardines de Guadalupe,enero,jueves,9,-101.226589679718,19.7107986196543
4135,4135,2017,,2017/01/19,"09:30:00",COLISIÓN POR ALCANCE,CONCRETO,Bueno,Bueno,2,NISSAN,BLANCO Y ROJO,2,MINISTERIO PÚBLICO,26,MASCULINO,SIN DATOS,0,0,Morelia,Cuauhtemoc,enero,jueves,10,-101.179211139679,19.6936677610337
4136,4136,2017,,2017/01/19,"09:40:00",COLISIÓN POR CORTE DE CIRCULACIÓN,CONCRETO,Bueno,Regular,2,CHEVROLET,BLANCO,2,,42,,SIN DATOS,0,0,Morelia,Cuauhtemoc,enero,jueves,10,-101.185809373856,19.6974860003812
4137,4137,2017,,2017/01/19,10:34:00,COLISIÓN POR CORTE DE CIRCULACIÓN,CONCRETO,Bueno,Bueno,1,V.W.,PLATA,1,,22,MASCULINO,SIN DATOS,0,0,Morelia,Sin datos,enero,jueves,11,-101.125856637955,19.7057635900455
4138,4138,2017,,2017/01/19,12:30:00,COLISIÓN POR CORTE DE CIRCULACIÓN,ASFALTO,Bueno,Regular,2,FORD,BLANCO,2,,42,MASCULINO,SIN DATOS,0,0,Morelia,Felix Ireta,enero,jueves,13,-101.180337667465,19.6880311460191
4139,4139,2017,,2017/01/19,13:10:00,COLISIÓN POR CORTE DE CIRCULACIÓN,ASFALTO,Bueno,Bueno,1,FREIGHTLINER,BLANCO,1,,39,MASCULINO,SIN DATOS,0,0,Morelia,Ciudad Industrial,enero,jueves,13,-101.145629882812,19.7284325986132
4140,4140,2017,,2017/01/19,13:15:00,COLISIÓN POR CORTE DE CIRCULACIÓN,SIN_DATOS,Bueno,Bueno,2,FORD,ORO,2,,28,FEMENINO,SIN DATOS,0,0,Morelia,Reforma,enero,jueves,13,-101.240236759186,19.706475675069
4141,4141,2017,,2017/01/19,13:45:00,COLISIÓN POR CORTE DE CIRCULACIÓN,ASFALTO,Bueno,Bueno,2,NISSAN,BLANCO,2,,35,MASCULINO,SIN DATOS,0,0,Morelia,Reforma,enero,jueves,14,-101.24025285244,19.7063948712542
4142,4142,2017,,2017/01/19,13:50:00,COLISIÓN POR ALCANCE,ASFALTO,Bueno,Bueno,2,FORD,ROJO,2,,48,MASCULINO,SIN DATOS,0,0,Morelia,Reforma,enero,jueves,14,-101.239807605743,19.7066170816468
4143,4143,2017,"170207241",2017/01/19,14:45:00,COLISIÓN POR ALCANCE,ASFALTO,Bueno,Bueno,2,NISSAN,MANGO,2,,49,MASCULINO,SIN DATOS,0,0,Morelia,Comision Federal de Electricidad,enero,jueves,15,-101.18144005537,19.681416961685
4144,4144,2017,,2017/01/19,18:12:00,COLISIÓN POR CORTE DE CIRCULACIÓN,ASFALTO,Bueno,Bueno,2,KENWORTH,BLANCO,2,,35,MASCULINO,SIN DATOS,0,0,Morelia,Lomas del Tecnologico,enero,jueves,18,-101.190358400345,19.72220134034
4145,4145,2017,,2017/01/19,18:50:00,COLISIÓN POR CORTE DE CIRCULACIÓN,ASFALTO,Bueno,Regular,2,INTERNATIONAL,ROJO,2,,63,MASCULINO,SIN DATOS,0,0,Morelia,Sentimientos de La Nacion,enero,jueves,19,-101.235430240631,19.681404334115
4146,4146,2017,,2017/01/19,20:50:00,COLISIÓN POR CORTE DE CIRCULACIÓN,TERRACERIA,Bueno,Malo,2,INTERNATIONAL,AMARILLO,2,,32,MASCULINO,SIN DATOS,0,0,Tarímbaro,Sin datos,enero,jueves,21,-101.127101182938,19.7654162216297
4147,4147,2017,,2017/01/19,21:00:00,COLISIÓN CONTRA OBJETO FIJO,CONCRETO,Bueno,Bueno,2,TOYOTA,BLANCO,2,MINISTERIO PÚBLICO,30,MASCULINO,SIN DATOS,0,0,Morelia,Lomas de Huerta,enero,jueves,21,-101.210196018219,19.6723930463862
4148,4148,2017,,2017/01/19,23:45:00,COLISIÓN POR CORTE DE CIRCULACIÓN,CONCRETO,Bueno,Bueno,2,BUICK,NEGRO,2,,34,MASCULINO,SIN DATOS,0,0,Morelia,Primo Tapia,enero,jueves,0,-101.211848258972,19.7091219774471
4149,4149,2017,,2017/01/19,23:55:00,COLISIÓN POR ALCANCE,ASFALTO,Bueno,Regular,2,JEEP,AZUL,2,,20,MASCULINO,CON CERTIFICADO,0,0,Morelia,La Esperanza,enero,jueves,0,-101.254420280457,19.6979102435749
4151,4151,2017,,2017/01/20,"07:35:00",COLISIÓN POR CORTE DE CIRCULACIÓN,ASFALTO,Bueno,Bueno,2,FORD,AZUL Y BLANCO,2,,,MASCULINO,SIN DATOS,0,0,Morelia,Josefa Ortiz de Dominguez,enero,viernes,8,-101.210045814514,19.6723728411358
4152,4152,2017,,2017/01/20,"08:05:00",SUBIDA AL CAMELLÓN,ASFALTO,Bueno,Bueno,1,Volks Wagen,Rojo,1,,40,MASCULINO,SIN DATOS,0,0,Apatzingán,Centro,enero,viernes,8,-102.350457,19.087946
4153,4153,2017,,2017/01/20,11:40:00,COLISIÓN POR CORTE DE CIRCULACIÓN,ASFALTO,Bueno,Regular,2,INTERNATIONAL,BLANCO Y ROJO,2,,29,MASCULINO,SIN DATOS,0,0,Morelia,Libertad,enero,viernes,12,-101.236889362335,19.6848895056561
4154,4154,2017,,2017/01/20,12:40:00,COLISIÓN POR ALCANCE,ASFALTO,Bueno,Bueno,2,CHEVROLET,GRIS,2,,24,FEMENINO,SIN DATOS,0,0,Morelia,Lomas de Huerta,enero,viernes,13,-101.210217475891,19.6725748935253
4155,4155,2017,,2017/01/20,13:30:00,COLISIÓN CONTRA OBJETO FIJO,CONCRETO,Bueno,Bueno,1,NISSAN,BLANCO,1,,42,MASCULINO,SIN DATOS,0,0,Morelia,Centro,enero,viernes,14,-101.185604184866,19.7029215311916
4156,4156,2017,,2017/01/20,13:40:00,COLISIÓN POR ALCANCE,ASFALTO,Bueno,Bueno,2,NISSAN,BLANCO,2,,49,MASCULINO,SIN DATOS,0,0,Morelia,Pastor Manuel Sanchez Camarena,enero,viernes,14,-101.199392080307,19.7384783496793
4157,4157,2017,,2017/01/20,16:00:00,COLISIÓN POR CORTE DE CIRCULACIÓN,ASFALTO,Bueno,Bueno,1,VOLKSWAGEN,BLANCO,1,,62,MASCULINO,SIN DATOS,0,0,Morelia,Sentimientos de La Nacion,enero,viernes,16,-101.235859394073,19.6824751485141
4158,4158,2017,,2017/01/20,16:40:00,COLISIÓN POR CORTE DE CIRCULACIÓN,ASFALTO,Bueno,Bueno,3,HYUNDAY,GRIS,3,,19,MASCULINO,SIN DATOS,0,0,Morelia,Felix Ireta,enero,viernes,17,-101.191956996918,19.6893443536276