fid,id_accidente,anio_origen,folio_c5i,dia_incidente,hora_ocurrencia,tipo_incidente_vial,superficie_ocurrencia,condiciones_climaticas,condiciones_via,numero_vehiculos_involucrados,marca_vehiculo_ocasiona_siniestro,color_vehiculo_ocasiona_siniestro,numero_personas_involucradas,lugar_remite_presunto_responsable,edad_presunto_responsable,sexo_presunto_responsable,resultados_toxicologia,numero_personas_lesionadas,numero_personas_fallecidas,municipio,colonia,mes,dia_semana,hora_redondeada,lon,lat
4159,4159,2017,,2017/01/20,17:50:00,COLISIÓN POR CORTE DE CIRCULACIÓN,CONCRETO,Bueno,Regular,2,SUZUKI,NEGRO,3,,,MASCULINO,SIN DATOS,1,0,Morelia,Industrial,enero,viernes,18,-101.197983920574,19.7069857482083
4160,4160,2017,,2017/01/20,19:20:00,COLISIÓN POR CORTE DE CIRCULACIÓN,ASFALTO,Bueno,Bueno,2,MERCEDES BENZ,BLANCO Y NARANJA,2,,55,MASCULINO,SIN DATOS,0,0,Morelia,Tlalpujahua,enero,viernes,19,-101.218371391296,19.6764744547385
4161,4161,2017,,2017/01/20,20:30:00,COLISIÓN POR CORTE DE CIRCULACIÓN,ASFALTO,Bueno,Bueno,2,KENWORTH,ROJO,2,,23,MASCULINO,SIN DATOS,0,0,Morelia,Sentimientos de La Nacion,enero,viernes,21,-101.235558986664,19.6818892320882
4162,4162,2017,,2017/01/20,22:00:00,COLISIÓN POR ALCANCE,ASFALTO,Bueno,Bueno,2,NISSAN,BLANCO Y VERDE,3,,29,MASCULINO,SIN DATOS,1,0,Morelia,La Esperanza,enero,viernes,22,-101.253561973572,19.6981728697503
4163,4163,2017,,2017/01/20,22:50:00,COLISIÓN POR ALCANCE,ASFALTO,Bueno,Bueno,2,VOLKSWAGEN,BLANCO,2,,,MASCULINO,CON CERTIFICADO,0,0,Morelia,Las Americas,enero,viernes,23,-101.15775346756,19.6879907394604
4164,4164,2017,,2017/01/20,23:30:00,SALIDA DE SUPERFICIE DE RODAMIENTO,ASFALTO,Bueno,Malo,1,CHEVROLET,BLANCO,1,,21,MASCULINO,SIN DATOS,0,0,Puruándiro,Sin datos,enero,viernes,0,-101.46466255188,20.0646386067071
4165,4165,2017,,2017/01/21,"00:09:00",COLISIÓN POR ALCANCE,CONCRETO,Bueno,Bueno,2,TOYOTA,BLANCO,2,MINISTERIO PÚBLICO,36,MASCULINO,SIN DATOS,0,0,Morelia,Nueva Chapultepec,enero,sábado,0,-101.169233322144,19.6896474000077
4166,4166,2017,,2017/01/21,"00:25:00",COLISIÓN CONTRA OBJETO FIJO,ASFALTO,Bueno,Bueno,1,VW,GRIS,1,,26,MASCULINO,SIN DATOS,0,0,Morelia,Isaac Arriaga,enero,sábado,0,-101.16687297821,19.7098895989523
4167,4167,2017,,2017/01/21,"02:15:00",COLISIÓN POR CORTE DE CIRCULACIÓN,ASFALTO,Bueno,Bueno,2,FIAT,BLANCO,2,,31,FEMENINO,SIN DATOS,0,0,Morelia,Camelinas,enero,sábado,2,-101.171986609697,19.6818942831011
4168,4168,2017,,2017/01/21,"02:30:00",COLISIÓN POR CORTE DE CIRCULACIÓN,ASFALTO,Bueno,Bueno,1,HONDA,GRIS,1,,24,MASCULINO,SIN DATOS,0,0,Morelia,Solidaridad,enero,sábado,3,-101.206170022488,19.7258888707873
4169,4169,2017,,2017/01/21,"04:45:00",COLISIÓN CON PEATÓN,ASFALTO,Bueno,Bueno,1,NISSAN,ARENA,1,,23,MASCULINO,CON CERTIFICADO,0,0,Morelia,Barrio Alto,enero,sábado,5,-101.196827888489,19.7246352967204
4170,4170,2017,,2017/01/21,"05:30:00",COLISIÓN POR CORTE DE CIRCULACIÓN,ASFALTO,Bueno,Bueno,1,FORD,ROJO,1,,22,MASCULINO,SIN DATOS,0,0,Morelia,Barrio Alto,enero,sábado,6,-101.194875240326,19.7244131113684
4171,4171,2017,,2017/01/21,"08:20:00",COLISIÓN POR ALCANCE,ASFALTO,Bueno,Bueno,2,NISSAN,PLATA,2,,37,MASCULINO,SIN DATOS,0,0,Morelia,Primo Tapia Oriente,enero,sábado,8,-101.159234046936,19.7131683618304
4172,4172,2017,,2017/01/21,"08:20:00",COLISIÓN POR CORTE DE CIRCULACIÓN,ASFALTO,Bueno,Bueno,2,NISSAN,AMARILLO,2,,41,MASCULINO,SIN DATOS,0,0,Morelia,Puerta Tres Marias Norte,enero,sábado,8,-101.14185333252,19.6923949943444
4173,4173,2017,,2017/01/21,"09:00:00",COLISIÓN POR CORTE DE CIRCULACIÓN,ASFALTO,Bueno,Regular,2,NISSAN,BLANCO,2,,78,MASCULINO,SIN DATOS,0,0,Morelia,Lomas del Valle,enero,sábado,9,-101.232640743256,19.6869603687675
4174,4174,2017,,2017/01/21,"09:27:00",COLISIÓN POR CORTE DE CIRCULACIÓN,ASFALTO,Bueno,Bueno,2,NISSAN,ROJO,2,,38,FEMENINO,SIN DATOS,0,0,Morelia,Articulo Constitucional,enero,sábado,9,-101.172800660133,19.7155153441072
4175,4175,2017,,2017/01/21,12:00:00,COLISIÓN POR CORTE DE CIRCULACIÓN,ASFALTO,Bueno,Bueno,2,TOYOTA,ROJO,2,,49,MASCULINO,SIN DATOS,0,0,Morelia,La Esperanza,enero,sábado,12,-101.254334449768,19.6977890313486
4176,4176,2017,,2017/01/21,12:05:00,COLISIÓN POR CORTE DE CIRCULACIÓN,CONCRETO,Bueno,Bueno,2,JEEP,PLATINA,2,,,,SIN DATOS,0,0,Morelia,Colinas del Sur,enero,sábado,12,-101.199724674225,19.6608756406224
4177,4177,2017,,2017/01/21,13:00:00,COLISIÓN POR CORTE DE CIRCULACIÓN,ASFALTO,Bueno,Bueno,1,KENWOTH,BLANCO,1,,28,MASCULINO,SIN DATOS,0,0,Lázaro Cárdenas,Jose Green,enero,sábado,13,-102.203289270401,17.9680634882552
4178,4178,2017,,2017/01/21,14:10:00,COLISIÓN POR CORTE DE CIRCULACIÓN,ASFALTO,Bueno,Bueno,1,CARABELA,NEGRO,1,,28,MASCULINO,SIN DATOS,0,0,Morelia,Josefa Ortiz de Dominguez,enero,sábado,14,-101.209895610809,19.6722718148454
4179,4179,2017,,2017/01/21,16:40:00,COLISIÓN POR CORTE DE CIRCULACIÓN,ASFALTO,Bueno,Regular,2,NISSAN,BLANCO,2,,75,MASCULINO,SIN DATOS,0,0,Morelia,Sentimientos de La Nacion,enero,sábado,17,-101.235601902008,19.6819902523146
4180,4180,2017,,2017/01/21,18:30:00,COLISIÓN CONTRA OBJETO FIJO,ASFALTO,Bueno,Bueno,1,CHEVROLET,GRIS,0,,,,,0,0,Morelia,Torreon Nuevo,enero,sábado,19,-101.203066706657,19.7515628826525
4181,4181,2017,,2017/01/21,18:35:00,COLISIÓN POR CORTE DE CIRCULACIÓN,ASFALTO,Bueno,Bueno,2,DODGE,BLANCO,2,,28,MASCULINO,CON CERTIFICADO,0,0,Morelia,San Pascual,enero,sábado,19,-101.267359256744,19.6954455769293
4182,4182,2017,,2017/01/21,20:20:00,COLISIÓN POR ALCANCE,ASFALTO,Bueno,Bueno,2,NISSAN,ROJO,2,,25,MASCULINO,CON CERTIFICADO,0,0,Morelia,Josefa Ortiz de Dominguez,enero,sábado,20,-101.209874153137,19.6723526358828
4183,4183,2017,,2017/01/21,21:40:00,COLISIÓN POR ALCANCE,ASFALTO,Bueno,Bueno,2,GMC,Rojo,2,,30,MASCULINO,SIN DATOS,0,0,Apatzingán,El Varillero,enero,sábado,22,-102.367569208145,19.0847499808749
4184,4184,2017,,2017/01/21,21:50:00,COLISIÓN POR CORTE DE CIRCULACIÓN,ASFALTO,Bueno,Bueno,2,CHEVROLET,ROJO,2,,46,MASCULINO,SIN DATOS,0,0,Morelia,Leandro Valle,enero,sábado,22,-101.232554912567,19.7165556307726
4185,4185,2017,,2017/01/21,22:15:00,VOLCADURA,CONCRETO,Bueno,Bueno,1,VW,BLANCO,1,,,,SIN DATOS,0,0,Morelia,Victor Manuel Tinoco Rubi,enero,sábado,22,-101.242961883545,19.700738502792
4186,4186,2017,,2017/01/21,22:30:00,CAIDA DE MOTOCICLETA,ASFALTO,Bueno,Malo,1,ITALIKA,NARANJA,1,,25,FEMENINO,SIN DATOS,0,0,Morelia,Lomas de Vista Bella,enero,sábado,23,-101.199019253254,19.6747646199562
4187,4187,2017,,2017/01/21,23:00:00,COLISIÓN POR CORTE DE CIRCULACIÓN,ASFALTO,Bueno,Bueno,2,CHEVROLET,GRIS,5,MINISTERIO PÚBLICO,34,MASCULINO,SIN DATOS,3,0,Ario,Sin datos,enero,sábado,23,-101.620917320251,19.2164656671867
4188,4188,2017,,2017/01/21,23:20:00,COLISIÓN POR CORTE DE CIRCULACIÓN,CONCRETO,Bueno,Bueno,2,HONDA,AZUL,2,,43,FEMENINO,SIN DATOS,0,0,Morelia,Niño Artillero,enero,sábado,23,-101.255353689194,19.6958647749595
4189,4189,2017,,2017/01/21,23:45:00,COLISIÓN POR ALCANCE,ASFALTO,Bueno,Bueno,3,HONDA,GRIS,3,MINISTERIO PÚBLICO,,,SIN DATOS,0,0,Morelia,Los Alamos,enero,sábado,0,-101.229722499847,19.7036879198702
4190,4190,2017,,2017/01/22,"00:00:00",COLISIÓN CONTRA OBJETO FIJO,ASFALTO,Bueno,Regular,1,VW,ROJO,1,,24,MASCULINO,SIN DATOS,0,0,Álvaro Obregón,Sin datos,enero,domingo,0,-101.014738082886,19.8244056395836
4191,4191,2017,,2017/01/22,"00:10:00",COLISIÓN POR ALCANCE,ASFALTO,Bueno,Bueno,2,RENAULT,ROJO,2,,,,SIN DATOS,0,0,Morelia,Ciudad Industrial,enero,domingo,0,-101.148644685745,19.7207268093162
4192,4192,2017,,2017/01/22,"01:00:00",VOLCADURA,ASFALTO,Bueno,Regular,1,MAZDA,BLANCO,1,,,MASCULINO,SIN DATOS,0,0,Morelia,Avicola Benito Juarez,enero,domingo,1,-101.28351688385,19.6906777534097
4193,4193,2017,,2017/01/22,"01:00:00",COLISIÓN POR ALCANCE,CONCRETO,Bueno,Bueno,4,VOLKSWAGEN,PLATA,4,,67,MASCULINO,SIN DATOS,0,0,Morelia,Sin datos,enero,domingo,1,-101.119751930237,19.7004152756971
4194,4194,2017,,2017/01/22,"01:15:00",SUBIDA AL CAMELLÓN,ASFALTO,Bueno,Bueno,1,CADILLAC,ARENA,1,,46,MASCULINO,SIN DATOS,0,0,Morelia,Lindavista,enero,domingo,1,-101.216225624084,19.7040515428684
4195,4195,2017,,2017/01/22,"03:20:00",VOLCADURA,ASFALTO,Bueno,Regular,1,CHEVROLET,BLANCO,1,,,MASCULINO,SIN DATOS,0,0,Morelia,Sentimientos de La Nacion,enero,domingo,3,-101.233252286911,19.6782726660207
4196,4196,2017,,2017/01/22,"03:30:00",COLISIÓN POR ALCANCE,ASFALTO,Bueno,Bueno,2,VOLKSWAGEN,AZUL MARINO,4,MINISTERIO PÚBLICO,,,SIN DATOS,3,0,Morelia,Los Angeles,enero,domingo,4,-101.175394356251,19.7439566659116
4197,4197,2017,,2017/01/22,"05:40:00",COLISIÓN CONTRA OBJETO FIJO,ASFALTO,Bueno,Bueno,1,CHEVROLET,BLANCO,1,,37,MASCULINO,SIN DATOS,0,0,Morelia,Morelos,enero,domingo,6,-101.180691719055,19.7249584748627
4198,4198,2017,,2017/01/22,"05:45:00",SUBIDA AL CAMELLÓN,ASFALTO,Bueno,Malo,1,VOLKSWAGEN,ROJO,1,,23,MASCULINO,SIN DATOS,0,0,Morelia,Leandro Valle,enero,domingo,6,-101.23298406601,19.7165455309346
4199,4199,2017,,2017/01/22,"06:40:00",SUBIDA AL CAMELLÓN,ASFALTO,Bueno,Bueno,1,NISSAN,BLANCO,1,,23,MASCULINO,CON CERTIFICADO,0,0,Morelia,Libertad,enero,domingo,7,-101.236921548843,19.6848490983047
4200,4200,2017,,2017/01/22,10:15:00,COLISIÓN POR ALCANCE,ASFALTO,Bueno,Bueno,1,FORD,AZUL,1,,54,MASCULINO,SIN DATOS,0,0,Morelia,Alberto Oviedo Mota,enero,domingo,10,-101.201961636543,19.677866049786
4201,4201,2017,,2017/01/22,11:30:00,COLISIÓN CON PEATÓN,ASFALTO,Bueno,Bueno,1,NISSAN,AZUL MARINO,2,,53,MASCULINO,SIN DATOS,1,0,Morelia,Felix Ireta,enero,domingo,12,-101.191849708557,19.6824599955301
4202,4202,2017,,2017/01/22,12:05:00,COLISIÓN POR CORTE DE CIRCULACIÓN,ASFALTO,Bueno,Bueno,3,JEEP,ROJO,4,,26,FEMENINO,SIN DATOS,1,0,Morelia,San Rafael,enero,domingo,12,-101.15391254425,19.7000112409104
4203,4203,2017,,2017/01/22,15:35:00,COLISIÓN POR CORTE DE CIRCULACIÓN,ASFALTO,Bueno,Bueno,2,TOYOTA,NEGRO,2,,56,MASCULINO,SIN DATOS,0,0,Morelia,Las Americas,enero,domingo,16,-101.156487464905,19.6878291131235
4204,4204,2017,,2017/01/22,16:00:00,COLISIÓN CON PEATÓN,ADOQUIN_EMPEDRADO,Bueno,Bueno,1,NISSAN,BLANCO,2,,41,MASCULINO,SIN DATOS,1,0,Pátzcuaro,Centro,enero,domingo,16,-101.60774230957,19.5164035686753
4205,4205,2017,,2017/01/22,16:15:00,COLISIÓN POR CORTE DE CIRCULACIÓN,CONCRETO,Bueno,Bueno,2,VOLVO,BLANCO,2,,32,MASCULINO,SIN DATOS,0,0,Morelia,La Hacienda,enero,domingo,16,-101.315907239914,19.6777978593847
4206,4206,2017,,2017/01/22,16:30:00,COLISIÓN POR CORTE DE CIRCULACIÓN,CONCRETO,Bueno,Bueno,2,VOLKSWAGEN,AZUL,2,,56,FEMENINO,SIN DATOS,0,0,Morelia,Jardines de Guadalupe,enero,domingo,17,-101.224588751793,19.7110107237413
4207,4207,2017,,2017/01/22,19:40:00,SALIDA DE SUPERFICIE DE RODAMIENTO,ASFALTO,Bueno,Bueno,1,FORD,NEGRO,1,,32,MASCULINO,SIN DATOS,0,0,Indaparapeo,San Lucas Pio,enero,domingo,20,-100.92658996582,19.7943256352681
4208,4208,2017,,2017/01/22,20:30:00,SUBIDA AL CAMELLÓN,ASFALTO,Bueno,Bueno,1,NISSAN,ROJO,1,,33,MASCULINO,CON CERTIFICADO,0,0,Morelia,Barrio Alto,enero,domingo,21,-101.196892261505,19.7249988720846
4209,4209,2017,,2017/01/23,"00:30:00",COLISIÓN POR ALCANCE,ASFALTO,Bueno,Bueno,1,INTERNATIONAL,ROJO,1,MINISTERIO PÚBLICO,,,SIN DATOS,0,0,Morelia,Hermanos Lopez Rayon,enero,lunes,1,-101.219744682312,19.6768179348573
4210,4210,2017,,2017/01/23,"00:40:00",COLISIÓN POR CORTE DE CIRCULACIÓN,ASFALTO,Bueno,Bueno,1,CHEVROLET,ROJO,10,MINISTERIO PÚBLICO,34,MASCULINO,SIN DATOS,8,1,Morelia,Barrio Alto,enero,lunes,1,-101.196763515472,19.724938276248
4211,4211,2017,,2017/01/23,"02:00:00",COLISIÓN POR CORTE DE CIRCULACIÓN,SIN_DATOS,Bueno,Bueno,1,MAZDA,VERDE,1,,,,SIN DATOS,0,0,Morelia,Carmen Serdan,enero,lunes,2,-101.219489872456,19.7136506385692
4212,4212,2017,,2017/01/23,"04:40:00",COLISIÓN POR CORTE DE CIRCULACIÓN,ASFALTO,Bueno,Bueno,1,FORD,GRIS,1,,,,SIN DATOS,0,0,Morelia,Irrigacion,enero,lunes,5,-101.225109100342,19.7048999933171
4213,4213,2017,,2017/01/23,"05:15:00",SALIDA DE SUPERFICIE DE RODAMIENTO,ASFALTO,Bueno,Bueno,1,CHEVROLET,AMARILLO,0,,,,,0,0,Morelia,Avicola Benito Juarez,enero,lunes,5,-101.279515028,19.6914252605511
4214,4214,2017,,2017/01/23,"08:00:00",COLISIÓN POR ALCANCE,ASFALTO,Bueno,Bueno,3,FORD,ARENA,3,,26,MASCULINO,SIN DATOS,0,0,Morelia,Fidel Velazquez,enero,lunes,8,-101.236374378204,19.7075867233842
4215,4215,2017,,2017/01/23,"08:50:00",COLISIÓN POR ALCANCE,ASFALTO,Bueno,Bueno,3,FORD,BLANCO,3,,37,MASCULINO,SIN DATOS,0,0,Morelia,Francisco J Mujica,enero,lunes,9,-101.185519695282,19.7240899321231
4216,4216,2017,,2017/01/23,"09:15:00",COLISIÓN POR CORTE DE CIRCULACIÓN,ASFALTO,Bueno,Bueno,2,PLIMOUTH,VERDE,0,MINISTERIO PÚBLICO,,,,0,0,Charo,Sin datos,enero,lunes,9,-101.069498062134,19.7441662014635
4217,4217,2017,,2017/01/23,"09:25:00",COLISIÓN CONTRA OBJETO FIJO,CONCRETO,Bueno,Bueno,1,NISSAN,ROJO,1,,44,FEMENINO,SIN DATOS,0,0,Morelia,Felix Ireta,enero,lunes,9,-101.188180446625,19.6851521531921
4218,4218,2017,,2017/01/23,10:35:00,COLISIÓN POR CORTE DE CIRCULACIÓN,ASFALTO,Bueno,Bueno,2,CHEVROLET,BLANCO Y ROJO,2,,48,MASCULINO,SIN DATOS,0,0,Morelia,Chapultepec Norte,enero,lunes,11,-101.176912486553,19.6962561938159
4219,4219,2017,,2017/01/23,13:00:00,COLISIÓN POR CORTE DE CIRCULACIÓN,ASFALTO,Bueno,Regular,2,BAJAJ,NEGRO,2,,22,MASCULINO,SIN DATOS,0,0,Morelia,Loma del Salto,enero,lunes,13,-101.201891899109,19.6580668846172
4220,4220,2017,,2017/01/23,13:10:00,COLISIÓN CON PEATÓN,CONCRETO,Bueno,Bueno,1,NISSAN,ARENA,2,MINISTERIO PÚBLICO,80,MASCULINO,SIN DATOS,1,0,Morelia,Las Flores,enero,lunes,13,-101.207733750343,19.705495926061
4221,4221,2017,,2017/01/23,14:00:00,COLISIÓN POR ALCANCE,ASFALTO,Bueno,Bueno,2,RENAULT,BLANCO,2,,40,FEMENINO,SIN DATOS,0,0,Morelia,Montaña Monarca,enero,lunes,14,-101.164834499359,19.6657857937355
4222,4222,2017,,2017/01/23,15:05:00,COLISIÓN POR CORTE DE CIRCULACIÓN,ASFALTO,Bueno,Bueno,2,HONDA,BLANCO,2,,36,MASCULINO,SIN DATOS,0,0,Morelia,Centro,enero,lunes,15,-101.196924448013,19.6974354951642
4223,4223,2017,,2017/01/23,15:15:00,COLISIÓN POR CORTE DE CIRCULACIÓN,ASFALTO,Bueno,Bueno,2,MERCEDES BENZ,BLANCO Y ROJO,2,,36,MASCULINO,SIN DATOS,0,0,Morelia,Alberto Oviedo Mota,enero,lunes,15,-101.201956272125,19.6781110298771
4224,4224,2017,,2017/01/23,15:20:00,COLISIÓN POR CORTE DE CIRCULACIÓN,ASFALTO,Bueno,Bueno,2,PEUGEOT,ROJO,2,,45,FEMENINO,SIN DATOS,0,0,Morelia,Centro,enero,lunes,15,-101.185508966446,19.7030010741741
4225,4225,2017,,2017/01/23,17:00:00,COLISIÓN POR ALCANCE,ASFALTO,Bueno,Bueno,2,MARCO POLO,BLANCO Y ROJO,2,,36,MASCULINO,SIN DATOS,0,0,Morelia,Lomas de Huerta,enero,lunes,17,-101.214476823807,19.6745246859938
4226,4226,2017,,2017/01/23,19:45:00,COLISIÓN POR CORTE DE CIRCULACIÓN,ASFALTO,Bueno,Bueno,2,VW,NEGRO,2,,56,MASCULINO,SIN DATOS,0,0,Puruándiro,Sin datos,enero,lunes,20,-101.551222801208,20.0939618605656
4227,4227,2017,,2017/01/23,20:10:00,COLISIÓN POR ALCANCE,ASFALTO,Bueno,Bueno,2,KENWORTH,BLANCO,2,,,MASCULINO,SIN DATOS,0,0,Morelia,Sentimientos de La Nacion,enero,lunes,20,-101.235301494598,19.6814649464419
4228,4228,2017,,2017/01/23,20:47:00,COLISIÓN POR CORTE DE CIRCULACIÓN,CONCRETO,Bueno,Bueno,2,CHEVROLET,NEGRO,2,,34,MASCULINO,SIN DATOS,0,0,Morelia,Juarez,enero,lunes,21,-101.195745617151,19.6923634275817
4229,4229,2017,,2017/01/23,22:50:00,COLISIÓN POR CORTE DE CIRCULACIÓN,SIN_DATOS,Bueno,Bueno,2,SAX,NEGRO,1,,22,MASCULINO,SIN DATOS,0,0,Morelia,Jardines de Guadalupe,enero,lunes,23,-101.223601698875,19.7145230255192
4230,4230,2017,,2017/01/23,22:50:00,COLISIÓN POR ALCANCE,ASFALTO,Bueno,Bueno,3,FORD,AZUL,3,,59,MASCULINO,SIN DATOS,0,0,Morelia,Jardines de Sindurio,enero,lunes,23,-101.25631660223,19.6974998893131
4231,4231,2017,,2017/01/24,"00:20:00",COLISIÓN POR ALCANCE,ASFALTO,Bueno,Regular,2,CHEVROLET,AZUL,2,,50,MASCULINO,SIN DATOS,0,0,Morelia,Los Manantiales de Morelia,enero,martes,0,-101.240429878235,19.6929202643632
4232,4232,2017,,2017/01/24,"06:10:00",COLISIÓN POR CORTE DE CIRCULACIÓN,ASFALTO,Bueno,Regular,2,HONDA,BLANCO,2,,,MASCULINO,SIN DATOS,0,0,Morelia,Ignacio Zaragoza,enero,martes,6,-101.205335855484,19.7254886875868
4233,4233,2017,,2017/01/24,"08:00:00",COLISIÓN POR CORTE DE CIRCULACIÓN,CONCRETO,Bueno,Bueno,2,NISSAN,ROJO,2,,30,MASCULINO,SIN DATOS,0,0,Morelia,Rey Tariacuri (Eucaliptos),enero,martes,8,-101.198882460594,19.6778483707958
4234,4234,2017,,2017/01/24,"09:20:00",COLISIÓN POR CORTE DE CIRCULACIÓN,ASFALTO,Bueno,Bueno,2,NISSAN,GRIS,2,,68,MASCULINO,SIN DATOS,0,0,Morelia,Victor Manuel Tinoco Rubi,enero,martes,9,-101.243455410004,19.7004152756971
4235,4235,2017,,2017/01/24,11:00:00,COLISIÓN POR CORTE DE CIRCULACIÓN,ASFALTO,Bueno,Bueno,2,FORD,BLANCO Y VERDE,2,,,MASCULINO,SIN DATOS,0,0,Morelia,Tinijaro,enero,martes,11,-101.264505386353,19.6962435674162
4236,4236,2017,,2017/01/24,12:40:00,COLISIÓN POR CORTE DE CIRCULACIÓN,ASFALTO,Bueno,Bueno,2,CHEVROLET,GRIS,2,,43,MASCULINO,SIN DATOS,0,0,Morelia,Sentimientos de La Nacion,enero,martes,13,-101.233273744583,19.6783130750312
4237,4237,2017,,2017/01/24,13:45:00,COLISIÓN POR ALCANCE,ASFALTO,Bueno,Bueno,2,TOYOTA,GRIS,2,,51,MASCULINO,SIN DATOS,0,0,Morelia,Jardines de Torremolinos,enero,martes,14,-101.229647397995,19.6769896746406
4238,4238,2017,,2017/01/24,14:25:00,COLISIÓN POR CORTE DE CIRCULACIÓN,ASFALTO,Bueno,Bueno,2,CHEVROLET,ROJO,1,,43,MASCULINO,SIN DATOS,0,0,Morelia,Sin datos,enero,martes,14,-101.237812042236,19.6605725398242
4239,4239,2017,,2017/01/24,14:45:00,COLISIÓN POR ALCANCE,ASFALTO,Bueno,Bueno,1,DODGE,ROJO,0,MINISTERIO PÚBLICO,,,,0,0,Morelia,Barrio Alto,enero,martes,15,-101.196956634521,19.7249988720846
4240,4240,2017,,2017/01/24,15:25:00,COLISIÓN POR CORTE DE CIRCULACIÓN,ASFALTO,Bueno,Bueno,2,NISSAN,BLANCO Y ROJO,2,,67,MASCULINO,SIN DATOS,0,0,Morelia,Centro,enero,martes,15,-101.190583705902,19.6960314437509
4241,4241,2017,,2017/01/24,15:30:00,COLISIÓN POR CORTE DE CIRCULACIÓN,ASFALTO,Bueno,Bueno,2,CHEVROLET,BLANCO,3,,,MASCULINO,SIN DATOS,1,0,Morelia,Irrigacion,enero,martes,16,-101.222502663732,19.7052503565869
4242,4242,2017,,2017/01/24,16:40:00,COLISIÓN CONTRA OBJETO FIJO,CONCRETO,Bueno,Bueno,2,CHEVROLET,NEGRO,2,,29,MASCULINO,SIN DATOS,0,0,Morelia,Lomas del Valle,enero,martes,17,-101.230924129486,19.6884150078186
4243,4243,2017,,2017/01/24,16:50:00,COLISIÓN POR ALCANCE,ASFALTO,Bueno,Bueno,3,NISSAN,ROJO,3,MINISTERIO PÚBLICO,,,,2,1,Morelia,Barrio Alto,enero,martes,17,-101.196913719177,19.7249786734749
4244,4244,2017,,2017/01/24,17:20:00,COLISIÓN POR CORTE DE CIRCULACIÓN,ASFALTO,Bueno,Bueno,2,CHEVROLET,GRIS,2,,35,MASCULINO,SIN DATOS,0,0,Morelia,Eduardo Ruiz,enero,martes,17,-101.22407913208,19.7251200636888
4245,4245,2017,,2017/01/24,17:35:00,COLISIÓN POR CORTE DE CIRCULACIÓN,ASFALTO,Bueno,Bueno,2,VW,BLANCO,5,MINISTERIO PÚBLICO,35,MASCULINO,SIN DATOS,2,1,Ario,Sin datos,enero,martes,18,-101.729965209961,19.2095358864549
4246,4246,2017,,2017/01/24,17:50:00,COLISIÓN POR ALCANCE,ASFALTO,Bueno,Bueno,2,NISSAN,BLANCO,2,,46,MASCULINO,SIN DATOS,0,0,Indaparapeo,Sin datos,enero,martes,18,-100.954560041428,19.7933565204403
4247,4247,2017,,2017/01/24,19:20:00,COLISIÓN POR CORTE DE CIRCULACIÓN,ASFALTO,Bueno,Bueno,3,CHEVROLET,AZUL,4,MINISTERIO PÚBLICO,,MASCULINO,SIN DATOS,2,0,Morelia,Articulo Constitucional,enero,martes,19,-101.171615123749,19.7145255505107
4248,4248,2017,,2017/01/24,19:40:00,COLISIÓN POR ALCANCE,ASFALTO,Bueno,Regular,4,RENAULT,GRIS,2,MINISTERIO PÚBLICO,,,,2,0,Morelia,Tinijaro,enero,martes,20,-101.263054311275,19.6963597302566
4249,4249,2017,,2017/01/24,20:05:00,COLISIÓN POR CORTE DE CIRCULACIÓN,CONCRETO,Bueno,Bueno,2,SIN DATOS,SIN  DATOS,2,,,,SIN DATOS,1,0,Morelia,Morelia 450,enero,martes,20,-101.214825510979,19.6744438660519
4250,4250,2017,,2017/01/24,20:10:00,COLISIÓN POR CORTE DE CIRCULACIÓN,ASFALTO,Bueno,Bueno,2,YAMAHA,Azul,3,,24,MASCULINO,SIN DATOS,1,0,Apatzingán,El Chacuaco,enero,martes,20,-102.346556782722,19.0775358284897
4251,4251,2017,,2017/01/25,"00:05:00",SUBIDA AL CAMELLÓN,ASFALTO,Bueno,Bueno,1,NISSAN,NEGRO,1,,42,MASCULINO,CON CERTIFICADO,0,0,Morelia,Barrio Alto,enero,miércoles,0,-101.196956634521,19.7249584748627
4252,4252,2017,,2017/01/25,"02:15:00",COLISIÓN POR CORTE DE CIRCULACIÓN,SIN_DATOS,Bueno,Regular,2,FORD,VERDE,2,,0,,SIN DATOS,0,0,Morelia,Infonavit Jose Sixtos Verduzco,enero,miércoles,2,-101.237200498581,19.6939253435372
4253,4253,2017,,2017/01/25,"02:20:00",COLISIÓN POR CORTE DE CIRCULACIÓN,CONCRETO,Bueno,Bueno,1,V.W.,GRIS,1,,20,MASCULINO,CON CERTIFICADO,0,0,Morelia,Centro,enero,miércoles,2,-101.204166412354,19.7026980530767
4254,4254,2017,,2017/01/25,"02:30:00",COLISIÓN POR CORTE DE CIRCULACIÓN,CONCRETO,Bueno,Bueno,2,HONDA,AZUL,2,,52,MASCULINO,CON CERTIFICADO,0,0,Morelia,Lomas del Valle,enero,miércoles,3,-101.229462325573,19.6895514353827
4255,4255,2017,,2017/01/25,"06:11:00",COLISIÓN POR CORTE DE CIRCULACIÓN,CONCRETO,Bueno,Bueno,2,DODGE,BLANCO,2,,23,,SIN DATOS,0,0,Morelia,Indeco Expropiacion Petrolera,enero,miércoles,6,-101.225728690624,19.6848276318951
4256,4256,2017,,2017/01/25,"08:25:00",CAIDA DE MOTOCICLETA,CONCRETO,Bueno,Bueno,2,KAWAZAKI,AZUL,2,,30,,SIN DATOS,0,0,Morelia,Agustin Arriaga Rivera,enero,miércoles,8,-101.225974783301,19.6880766033855
4257,4257,2017,,2017/01/25,"09:00:00",COLISIÓN POR CORTE DE CIRCULACIÓN,ASFALTO,Bueno,Bueno,2,FREIGHTLINER,AZUL,2,,46,MASCULINO,SIN DATOS,0,0,Morelia,Libertad,enero,miércoles,9,-101.236943006516,19.6848693019817
4258,4258,2017,,2017/01/25,"09:40:00",COLISIÓN CON PEATÓN,CONCRETO,Bueno,Bueno,2,HONDA,ROJO,2,,26,FEMENINO,SIN DATOS,0,0,Morelia,Camelinas,enero,miércoles,10,-101.174211502075,19.6820104563522