fid,id_accidente,anio_origen,folio_c5i,dia_incidente,hora_ocurrencia,tipo_incidente_vial,superficie_ocurrencia,condiciones_climaticas,condiciones_via,numero_vehiculos_involucrados,marca_vehiculo_ocasiona_siniestro,color_vehiculo_ocasiona_siniestro,numero_personas_involucradas,lugar_remite_presunto_responsable,edad_presunto_responsable,sexo_presunto_responsable,resultados_toxicologia,numero_personas_lesionadas,numero_personas_fallecidas,municipio,colonia,mes,dia_semana,hora_redondeada,lon,lat
4259,4259,2017,,2017/01/25,"09:43:00",COLISIÓN POR CORTE DE CIRCULACIÓN,ASFALTO,Bueno,Bueno,2,NISSAN,CAPUCHINO,2,,49,MASCULINO,SIN DATOS,0,0,Morelia,Dr Miguel Silva,enero,miércoles,10,-101.188287734985,19.7127580467058
4260,4260,2017,,2017/01/25,"09:50:00",COLISIÓN POR ALCANCE,ASFALTO,Bueno,Bueno,2,VOLKSWAGEN,AZUL,2,,40,MASCULINO,SIN DATOS,0,0,Morelia,Canteras de Morelia,enero,miércoles,10,-101.171507835388,19.7148588490387
4261,4261,2017,,2017/01/25,11:15:00,COLISIÓN POR CORTE DE CIRCULACIÓN,ASFALTO,Bueno,Bueno,2,ITALIKA,ROJO,2,MINISTERIO PÚBLICO,27,MASCULINO,SIN DATOS,0,0,Morelia,Villas de La Esperanza,enero,miércoles,11,-101.275169849396,19.6930010749823
4262,4262,2017,,2017/01/25,12:40:00,COLISIÓN POR CORTE DE CIRCULACIÓN,ASFALTO,Bueno,Bueno,2,HONDA,AZUL,2,,22,MASCULINO,SIN DATOS,0,0,Morelia,Primo Tapia Oriente,enero,miércoles,13,-101.163072288036,19.7113869552988
4263,4263,2017,,2017/01/25,13:15:00,COLISIÓN POR CORTE DE CIRCULACIÓN,ASFALTO,Bueno,Bueno,2,MAZDA,ROJO,2,,16,MASCULINO,SIN DATOS,0,0,Morelia,Montaña Monarca,enero,miércoles,13,-101.164813041687,19.6658059998162
4264,4264,2017,,2017/01/25,13:20:00,COLISIÓN CONTRA OBJETO FIJO,ASFALTO,Bueno,Bueno,2,CHEVROLET,BLANCO,2,,53,MASCULINO,SIN DATOS,0,0,Morelia,Las Americas,enero,miércoles,13,-101.153205782175,19.6928924857034
4265,4265,2017,,2017/01/25,13:20:00,COLISIÓN POR CORTE DE CIRCULACIÓN,SIN_DATOS,Bueno,Bueno,2,NISSAN,BLANCO,2,,,,SIN DATOS,0,0,Morelia,Prados Verdes,enero,miércoles,13,-101.197031736374,19.7184947878464
4266,4266,2017,,2017/01/25,14:10:00,COLISIÓN POR CORTE DE CIRCULACIÓN,CONCRETO,Bueno,Bueno,2,BAJAJ,NEGRO,2,,27,,SIN DATOS,0,0,Morelia,Granjas del Maestro,enero,miércoles,14,-101.193796992302,19.7130989239603
4267,4267,2017,,2017/01/25,14:45:00,COLISIÓN CON PEATÓN,ASFALTO,Bueno,Bueno,1,Italika,Azul,2,,17,MASCULINO,SIN DATOS,1,0,Apatzingán,Fovissste,enero,miércoles,15,-102.364597320557,19.1016409197613
4268,4268,2017,,2017/01/25,15:30:00,COLISIÓN POR ALCANCE,ASFALTO,Bueno,Bueno,2,KENWORTH,AMARILLO,2,,35,MASCULINO,SIN DATOS,0,0,Morelia,Sin datos,enero,miércoles,16,-101.282315254211,19.618173201389
4269,4269,2017,,2017/01/25,16:35:00,COLISIÓN POR ALCANCE,CONCRETO,Bueno,Bueno,1,FREIGHTLINER,NARANJA,1,MINISTERIO PÚBLICO,47,MASCULINO,SIN DATOS,0,0,Morelia,Ampliacion La Soledad,enero,miércoles,17,-101.182917952538,19.7340980860471
4270,4270,2017,,2017/01/25,18:00:00,COLISIÓN POR CORTE DE CIRCULACIÓN,SIN_DATOS,Bueno,Bueno,2,DODGE,ARENA,2,,44,MASCULINO,CON CERTIFICADO,0,0,Morelia,Villa Universidad,enero,miércoles,18,-101.199038028717,19.6818690280353
4271,4271,2017,,2017/01/25,19:20:00,COLISIÓN CONTRA OBJETO FIJO,ASFALTO,Bueno,Bueno,2,MAZDA4,GRIS,2,,35,,SIN DATOS,0,0,Morelia,Molino de Parras,enero,miércoles,19,-101.20020210743,19.696273870774
4272,4272,2017,,2017/01/25,19:30:00,COLISIÓN POR CORTE DE CIRCULACIÓN,SIN_DATOS,Bueno,Bueno,2,JEEP,BLANCO,2,,18,MASCULINO,SIN DATOS,0,0,Morelia,Rafael Carrillo,enero,miércoles,20,-101.235415488482,19.7089603724502
4273,4273,2017,,2017/01/25,21:30:00,COLISIÓN POR ALCANCE,ASFALTO,Bueno,Bueno,2,SEAT,ROJO,2,,44,,SIN DATOS,0,0,Morelia,Jardines de La Loma,enero,miércoles,22,-101.224358081818,19.6768381395473
4274,4274,2017,,2017/01/26,"01:30:00",COLISIÓN CONTRA OBJETO FIJO,CONCRETO,Bueno,Bueno,1,FORD,BLANCO,0,,,,,0,0,Lázaro Cárdenas,Roma,enero,jueves,2,-102.204413115978,17.9696989242158
4275,4275,2017,,2017/01/26,"03:20:00",COLISIÓN CONTRA OBJETO FIJO,CONCRETO,Bueno,Bueno,2,DODGE,AZUL,2,,34,MASCULINO,SIN DATOS,0,0,Morelia,Torreon Nuevo,enero,jueves,3,-101.200478374958,19.7430453092876
4276,4276,2017,,2017/01/26,"07:25:00",COLISIÓN POR CORTE DE CIRCULACIÓN,ASFALTO,Bueno,Bueno,2,NISSAN,BLANCO,2,,53,MASCULINO,SIN DATOS,0,0,Morelia,Villas de La Esperanza,enero,jueves,7,-101.272358894348,19.6936677610337
4277,4277,2017,,2017/01/26,"09:00:00",COLISIÓN POR CORTE DE CIRCULACIÓN,ASFALTO,Bueno,Bueno,2,NISSAN,NARANJA,2,,38,MASCULINO,SIN DATOS,0,0,Morelia,Ventura Puente,enero,jueves,9,-101.189156770706,19.6923672155935
4278,4278,2017,,2017/01/26,"09:20:00",COLISIÓN POR CORTE DE CIRCULACIÓN,ASFALTO,Bueno,Bueno,2,VW,GRIS,2,,29,MASCULINO,SIN DATOS,0,0,Morelia,Loma de Los Piñones,enero,jueves,9,-101.205067634583,19.6741508934208
4279,4279,2017,,2017/01/26,12:20:00,COLISIÓN CON PEATÓN,ASFALTO,Bueno,Bueno,1,VOLKSWAGEN,BLANCO,2,,40,MASCULINO,SIN DATOS,1,0,Morelia,Pascual Ortiz de Ayala,enero,jueves,12,-101.150929927826,19.6950617319868
4280,4280,2017,,2017/01/26,13:40:00,COLISIÓN POR ALCANCE,ASFALTO,Bueno,Bueno,2,BENOTTO,ROJO,2,MINISTERIO PÚBLICO,19,MASCULINO,SIN DATOS,0,0,Morelia,Lomas del Tecnologico,enero,jueves,14,-101.191838979721,19.7213529816867
4281,4281,2017,,2017/01/26,14:50:00,COLISIÓN POR CORTE DE CIRCULACIÓN,ASFALTO,Bueno,Bueno,2,TOYOTA,ARENA,2,,65,MASCULINO,SIN DATOS,0,0,Morelia,Francisco J Mujica,enero,jueves,15,-101.188287734985,19.7217266640294
4282,4282,2017,,2017/01/26,16:00:00,COLISIÓN POR CORTE DE CIRCULACIÓN,ASFALTO,Bueno,Bueno,1,TOYOTA,BLANCO Y ROJO,1,,23,MASCULINO,SIN DATOS,0,0,Morelia,Chapultepec Oriente,enero,jueves,16,-101.159040927887,19.688111959106
4283,4283,2017,,2017/01/26,16:30:00,COLISIÓN POR CORTE DE CIRCULACIÓN,ASFALTO,Bueno,Bueno,2,VOLKSWAGEN,ROJO,2,,31,MASCULINO,SIN DATOS,0,0,Morelia,Centro,enero,jueves,17,-101.178288459778,19.6996072051035
4284,4284,2017,,2017/01/26,18:05:00,COLISIÓN CONTRA OBJETO FIJO,CONCRETO,Bueno,Bueno,1,CAT,AMARILLO,1,,30,MASCULINO,SIN DATOS,0,0,Morelia,Torreon Nuevo,enero,jueves,18,-101.194789409637,19.7315026916101
4285,4285,2017,,2017/01/26,18:30:00,COLISIÓN POR ALCANCE,CONCRETO,Bueno,Bueno,2,HONDA,BLANCO,1,MINISTERIO PÚBLICO,50,MASCULINO,SIN DATOS,0,0,Morelia,Chapultepec Norte,enero,jueves,19,-101.17534071207,19.6932637092128
4286,4286,2017,,2017/01/26,18:30:00,COLISIÓN POR CORTE DE CIRCULACIÓN,ASFALTO,Bueno,Bueno,2,NISSAN,ROJO,2,,46,MASCULINO,SIN DATOS,0,0,Morelia,Mirador del Punhuato,enero,jueves,19,-101.159062385559,19.7042333540576
4287,4287,2017,,2017/01/26,18:40:00,COLISIÓN POR ALCANCE,CONCRETO,Bueno,Bueno,2,HONDA,ROJO,1,MINISTERIO PÚBLICO,33,MASCULINO,SIN DATOS,0,0,Morelia,Guadalupe,enero,jueves,19,-101.223531961441,19.707268560337
4288,4288,2017,,2017/01/26,18:45:00,COLISIÓN POR CORTE DE CIRCULACIÓN,ASFALTO,Bueno,Bueno,2,FORD,AZUL Y ROJO,2,,60,MASCULINO,SIN DATOS,0,0,Morelia,Libertad,enero,jueves,19,-101.233220100403,19.6867987413905
4289,4289,2017,,2017/01/26,19:20:00,COLISIÓN POR ALCANCE,ASFALTO,Bueno,Bueno,4,HINO,BLANCO,3,MINISTERIO PÚBLICO,35,MASCULINO,SIN DATOS,0,0,Morelia,Irrigacion,enero,jueves,19,-101.225109100342,19.7047787863856
4290,4290,2017,,2017/01/26,19:35:00,COLISIÓN POR CORTE DE CIRCULACIÓN,CONCRETO,Bueno,Bueno,2,FORD,VERDE,2,,27,MASCULINO,CON CERTIFICADO,0,0,Morelia,Felix Ireta,enero,jueves,20,-101.192064285278,19.6832428978279
4291,4291,2017,,2017/01/26,21:30:00,SALIDA DE SUPERFICIE DE RODAMIENTO,CONCRETO,Bueno,Bueno,1,FORD,BLANCO,1,,33,MASCULINO,SIN DATOS,0,0,Morelia,Sin datos,enero,jueves,22,-101.109709739685,19.7320278331871
4292,4292,2017,,2017/01/26,22:05:00,COLISIÓN POR CORTE DE CIRCULACIÓN,CONCRETO,Bueno,Bueno,2,Chevrolet,Gris,3,,26,MASCULINO,SIN DATOS,1,0,Apatzingán,Buenos Aires,enero,jueves,22,-102.35799908638,19.1017220245527
4293,4293,2017,,2017/01/26,22:52:00,VOLCADURA,ASFALTO,Bueno,Bueno,1,FORD,AZUL,1,,,,SIN DATOS,0,0,Morelia,Francisco J Mujica,enero,jueves,23,-101.190347671509,19.7223528324828
4294,4294,2017,,2017/01/27,"00:00:00",COLISIÓN POR ALCANCE,ASFALTO,Bueno,Regular,3,FORD,BLANCO,3,MINISTERIO PÚBLICO,18,MASCULINO,SIN DATOS,0,0,Morelia,Indeco Santiaguito,enero,viernes,0,-101.177923679352,19.7197572472576
4295,4295,2017,,2017/01/27,"08:40:00",COLISIÓN POR ALCANCE,ADOQUIN_EMPEDRADO,Bueno,Bueno,2,VW,BLANCO,2,,30,FEMENINO,SIN DATOS,0,0,Morelia,Avicola Benito Juarez,enero,viernes,9,-101.27956867218,19.6917283029925
4296,4296,2017,,2017/01/27,"09:15:00",COLISIÓN CONTRA OBJETO FIJO,CONCRETO,Bueno,Regular,2,FORD,BLANCO,0,,,,,0,0,Morelia,Centro,enero,viernes,9,-101.199082285166,19.699939272107
4297,4297,2017,,2017/01/27,11:30:00,COLISIÓN POR ALCANCE,ASFALTO,Bueno,Regular,2,CHEVROLET,ROJO,2,,31,MASCULINO,SIN DATOS,0,0,Morelia,Diego Rivera,enero,viernes,12,-101.177752017975,19.7196360515868
4298,4298,2017,,2017/01/27,11:40:00,COLISIÓN POR CORTE DE CIRCULACIÓN,CONCRETO,Bueno,Bueno,2,JEEP,BLANCO,2,,62,FEMENINO,SIN DATOS,0,0,Morelia,Molino de Parras,enero,viernes,12,-101.204536557198,19.7024606861496
4299,4299,2017,,2017/01/27,12:20:00,COLISIÓN POR CORTE DE CIRCULACIÓN,CONCRETO,Bueno,Bueno,2,VW,BLANCO,2,,43,MASCULINO,SIN DATOS,0,0,Morelia,Chapultepec Sur,enero,viernes,12,-101.165797412395,19.6889832226089
4300,4300,2017,,2017/01/27,12:30:00,COLISIÓN POR CORTE DE CIRCULACIÓN,ASFALTO,Bueno,Bueno,2,CHRYSLER,PLATA,2,,32,MASCULINO,SIN DATOS,0,0,Morelia,Sentimientos de La Nacion,enero,viernes,13,-101.235473155975,19.681586171027
4301,4301,2017,,2017/01/27,13:30:00,COLISIÓN CONTRA OBJETO FIJO,CONCRETO,Bueno,Bueno,1,CHEVROLET,BLANCO,1,,28,,SIN DATOS,0,0,Morelia,Quinceo,enero,viernes,14,-101.224985718727,19.7265036613226
4302,4302,2017,,2017/01/27,13:40:00,COLISIÓN POR CORTE DE CIRCULACIÓN,ASFALTO,Bueno,Bueno,2,CHEVROLET,GUINDA,2,,26,MASCULINO,SIN DATOS,0,0,Morelia,Diego Rivera,enero,viernes,14,-101.175284385681,19.7177171078867
4303,4303,2017,,2017/01/27,14:40:00,COLISIÓN POR CORTE DE CIRCULACIÓN,ASFALTO,Bueno,Bueno,4,KENWORTH,BLANCO,3,,28,MASCULINO,SIN DATOS,0,0,Morelia,Barrio Alto,enero,viernes,15,-101.193480491638,19.7239434913125
4304,4304,2017,,2017/01/27,15:00:00,COLISIÓN POR ALCANCE,TERRACERIA,Bueno,Malo,2,CHEVROLET,BLANCO,2,,34,MASCULINO,SIN DATOS,0,0,Morelia,La Nueva Aldea,enero,viernes,15,-101.147228479385,19.7490637010744
4305,4305,2017,,2017/01/27,15:45:00,COLISIÓN POR CORTE DE CIRCULACIÓN,CONCRETO,Bueno,Bueno,2,NISSAN,BLANCO,2,,31,MASCULINO,SIN DATOS,0,0,Morelia,Camelinas,enero,viernes,16,-101.173637509346,19.6843111744673
4306,4306,2017,,2017/01/27,15:45:00,COLISIÓN POR CORTE DE CIRCULACIÓN,ASFALTO,Bueno,Bueno,2,DODGE,CREMA,2,,58,MASCULINO,SIN DATOS,0,0,Morelia,Libertad,enero,viernes,16,-101.236932277679,19.68500062582
4307,4307,2017,,2017/01/27,15:45:00,COLISIÓN POR CORTE DE CIRCULACIÓN,CONCRETO,Bueno,Bueno,2,NISSAN,BLANCO,2,,31,MASCULINO,SIN DATOS,0,0,Morelia,Infonavit  Las  Camelinas,enero,viernes,16,-101.1736536026,19.6843010725939
4308,4308,2017,,2017/01/27,15:50:00,COLISIÓN CONTRA OBJETO FIJO,ASFALTO,Bueno,Bueno,2,FORD,VERDE,2,,25,MASCULINO,SIN DATOS,0,0,Morelia,Bosques de Oriente,enero,viernes,16,-101.155436038971,19.7158284408059
4309,4309,2017,,2017/01/27,16:00:00,COLISIÓN POR ALCANCE,CONCRETO,Bueno,Bueno,2,MAZDA,ROJO,2,,52,FEMENINO,SIN DATOS,0,0,Morelia,Lomas de Huerta,enero,viernes,16,-101.214374899864,19.6742140341193
4310,4310,2017,,2017/01/27,16:15:00,COLISIÓN POR CORTE DE CIRCULACIÓN,ASFALTO,Bueno,Bueno,2,CHEVROLET,ROJO,2,,17,MASCULINO,SIN DATOS,0,0,Tarímbaro,Sin datos,enero,viernes,16,-101.173095703125,19.7494979051276
4311,4311,2017,,2017/01/27,18:00:00,COLISIÓN POR CORTE DE CIRCULACIÓN,SIN_DATOS,Bueno,Bueno,2,TOYOTA,BLANCO/GRIS,2,,41,MASCULINO,SIN DATOS,0,0,Morelia,Comision Federal de Electricidad,enero,viernes,18,-101.181378364563,19.6816063751156
4312,4312,2017,,2017/01/27,21:00:00,SUBIDA AL CAMELLÓN,ASFALTO,Bueno,Bueno,1,CHEVROLET,BLANCO,1,,62,MASCULINO,SIN DATOS,0,0,Morelia,Enrique Arreguin Robles,enero,viernes,21,-101.18661403656,19.7206561122816
4313,4313,2017,,2017/01/27,21:10:00,COLISIÓN POR CORTE DE CIRCULACIÓN,CONCRETO,Bueno,Bueno,1,V.W,NARANJA,1,,63,MASCULINO,SIN DATOS,0,0,Morelia,Tierra Y Libertad,enero,viernes,21,-101.223285198212,19.7174747133596
4314,4314,2017,,2017/01/27,21:10:00,COLISIÓN POR ALCANCE,ASFALTO,Bueno,Bueno,2,NISSAN,BLANCO/ROJO,2,,44,FEMENINO,SIN DATOS,0,0,Morelia,Las Americas,enero,viernes,21,-101.158933639526,19.6881523656342
4315,4315,2017,,2017/01/27,21:10:00,COLISIÓN POR CORTE DE CIRCULACIÓN,ASFALTO,Bueno,Bueno,2,NISSAN,BLANCO/ROJO,2,,0,MASCULINO,SIN DATOS,0,0,Morelia,Las Americas,enero,viernes,21,-101.158933639526,19.6881725688944
4316,4316,2017,,2017/01/27,21:25:00,COLISIÓN POR ALCANCE,ASFALTO,Bueno,Bueno,3,SIN DATOS,ARENA,3,,,,SIN DATOS,0,0,Morelia,Elias Perez Avalos,enero,viernes,21,-101.165682077408,19.7103744106364
4317,4317,2017,,2017/01/27,22:30:00,COLISIÓN POR CORTE DE CIRCULACIÓN,ASFALTO,Bueno,Bueno,2,MITSUBISHI,GRIS,1,,48,MASCULINO,SIN DATOS,0,0,Morelia,Francisco J Mujica,enero,viernes,23,-101.188158988953,19.7214842755823
4318,4318,2017,,2017/01/27,23:20:00,COLISIÓN POR ALCANCE,ASFALTO,Bueno,Bueno,2,CHEVROLET,PLATA,2,,,,SIN DATOS,0,0,Morelia,Avicola Benito Juarez,enero,viernes,23,-101.279697418213,19.6916878973668
4319,4319,2017,,2017/01/28,"03:50:00",COLISIÓN POR ALCANCE,CONCRETO,Bueno,Bueno,2,RENAULT,GRIS,2,,30,MASCULINO,SIN DATOS,0,0,Morelia,Primaveras,enero,sábado,4,-101.22572734952,19.6832466860555
4320,4320,2017,,2017/01/28,"04:00:00",COLISIÓN POR ALCANCE,ASFALTO,Bueno,Regular,3,SEAT,ROJO,3,,30,FEMENINO,SIN DATOS,0,0,Morelia,Union Antorchista,enero,sábado,4,-101.268206834793,19.6976375159366
4321,4321,2017,,2017/01/28,"04:15:00",COLISIÓN POR CORTE DE CIRCULACIÓN,CONCRETO,Bueno,Bueno,2,CHEVROLET,gris,2,,30,MASCULINO,SIN DATOS,0,0,Morelia,Centro,enero,sábado,4,-101.185924038291,19.7029038549679
4322,4322,2017,,2017/01/28,"06:45:00",SALIDA DE SUPERFICIE DE RODAMIENTO,ASFALTO,Bueno,Bueno,1,VW,AZUL,1,,25,MASCULINO,SIN DATOS,0,0,Morelia,Alberto Oviedo Mota,enero,sábado,7,-101.199542284012,19.6811214762861
4323,4323,2017,,2017/01/28,"07:20:00",COLISIÓN POR CORTE DE CIRCULACIÓN,ASFALTO,Bueno,Bueno,2,NISSAN,BLANCO,2,,23,MASCULINO,CON CERTIFICADO,0,0,Morelia,Tzindurio Norte,enero,sábado,7,-101.243938207626,19.7002031575613
4324,4324,2017,,2017/01/28,"09:30:00",COLISIÓN POR ALCANCE,ASFALTO,Bueno,Bueno,2,VW,PLATA,2,,41,MASCULINO,SIN DATOS,0,0,Morelia,Los Alamos,enero,sábado,10,-101.229057312012,19.7038697314726
4325,4325,2017,,2017/01/28,10:05:00,COLISIÓN POR CORTE DE CIRCULACIÓN,ASFALTO,Bueno,Bueno,2,CHEVROLET,BLANCO,2,,45,MASCULINO,SIN DATOS,0,0,Morelia,Bosques de Oriente,enero,sábado,10,-101.155457496643,19.7160102386077
4326,4326,2017,,2017/01/28,11:20:00,COLISIÓN POR CORTE DE CIRCULACIÓN,ASFALTO,Bueno,Bueno,2,MERCEDEZ BENZ,BLANCO,2,,63,MASCULINO,SIN DATOS,0,0,Morelia,Libertad,enero,sábado,11,-101.236921548843,19.6848996074924
4327,4327,2017,,2017/01/28,11:30:00,COLISIÓN POR ALCANCE,ASFALTO,Bueno,Bueno,2,YAMAHA,BLANCO,3,MINISTERIO PÚBLICO,25,MASCULINO,SIN DATOS,1,0,Morelia,Villas de La Esperanza,enero,sábado,12,-101.270771026611,19.6945162665378
4328,4328,2017,,2017/01/28,14:40:00,COLISIÓN POR CORTE DE CIRCULACIÓN,ASFALTO,Bueno,Bueno,2,Honda,Negro,2,,25,MASCULINO,SIN DATOS,0,0,Apatzingán,La Pradera,enero,sábado,15,-102.355654835701,19.1051740103771
4329,4329,2017,,2017/01/28,14:50:00,COLISIÓN POR CORTE DE CIRCULACIÓN,ASFALTO,Bueno,Bueno,2,VW,PLATA,2,,,MASCULINO,SIN DATOS,0,0,Morelia,Tres Puentes,enero,sábado,15,-101.213564872742,19.7026576502204
4330,4330,2017,,2017/01/28,16:05:00,COLISIÓN POR CORTE DE CIRCULACIÓN,ASFALTO,Bueno,Regular,2,RENOVA,GRIS,2,,59,MASCULINO,CON CERTIFICADO,0,0,Morelia,Sentimientos de La Nacion,enero,sábado,16,-101.235644817352,19.6820104563522
4331,4331,2017,,2017/01/28,18:30:00,COLISIÓN POR CORTE DE CIRCULACIÓN,ASFALTO,Bueno,Bueno,2,NISSAN,SIN DATO,2,,57,MASCULINO,SIN DATOS,0,0,Morelia,Jardines de Sindurio,enero,sábado,19,-101.257150769234,19.6973117573151
4332,4332,2017,,2017/01/28,19:10:00,COLISIÓN POR CORTE DE CIRCULACIÓN,ASFALTO,Bueno,Bueno,2,MERCURY,VERDE,2,,42,MASCULINO,SIN DATOS,0,0,Morelia,Centro,enero,sábado,19,-101.197133660316,19.6989203418906
4333,4333,2017,,2017/01/28,20:30:00,CAIDA DE MOTOCICLETA,CONCRETO,Bueno,Bueno,1,HONDA,ROJO,1,,,MASCULINO,SIN DATOS,0,0,Morelia,Nueva Esperanza,enero,sábado,21,-101.250751018524,19.6867785379569
4334,4334,2017,,2017/01/28,21:00:00,COLISIÓN POR ALCANCE,ASFALTO,Bueno,Bueno,2,NISSAN,BLANCO,2,,23,MASCULINO,CON CERTIFICADO,0,0,Morelia,Valle de Las Flores,enero,sábado,21,-101.126972436905,19.6877482998938
4335,4335,2017,,2017/01/28,22:30:00,COLISIÓN POR ALCANCE,ASFALTO,Bueno,Regular,2,CHEVROLET,AZUL,2,MINISTERIO PÚBLICO,46,MASCULINO,SIN DATOS,0,0,Morelia,Hacienda La Trinidad,enero,sábado,23,-101.227568686008,19.6726506631057
4336,4336,2017,,2017/01/28,22:40:00,COLISIÓN POR CORTE DE CIRCULACIÓN,CONCRETO,Bueno,Bueno,2,NISSAN,ROJO,2,,26,MASCULINO,SIN DATOS,0,0,Morelia,Felix Ireta,enero,sábado,23,-101.192021369934,19.68500062582
4337,4337,2017,,2017/01/28,23:40:00,COLISIÓN POR CORTE DE CIRCULACIÓN,ASFALTO,Bueno,Bueno,0,,,0,MINISTERIO PÚBLICO,,,,0,0,Zacapu,Centro,enero,sábado,0,-101.783019304275,19.8140650180388
4338,4338,2017,,2017/01/29,"00:30:00",COLISIÓN POR CORTE DE CIRCULACIÓN,ASFALTO,Bueno,Bueno,1,TOYOTA,BLANCO,1,,31,FEMENINO,CON CERTIFICADO,0,0,Morelia,Asociacion Zirahuen,enero,domingo,1,-101.250214576721,19.6987587265885
4339,4339,2017,,2017/01/29,"00:45:00",COLISIÓN POR ALCANCE,ASFALTO,Bueno,Bueno,2,DATSUN,CAFE,2,,67,MASCULINO,SIN DATOS,0,0,Morelia,Ana Maria Gallaga (Riviera Norte),enero,domingo,1,-101.222721934319,19.6768027813382
4340,4340,2017,,2017/01/29,"01:00:00",COLISIÓN POR CORTE DE CIRCULACIÓN,CONCRETO,Bueno,Bueno,2,CHEVROLET,BLANCO,2,,39,MASCULINO,SIN DATOS,0,0,Morelia,Los Manantiales de Morelia,enero,domingo,1,-101.240161657333,19.7010415276005
4341,4341,2017,,2017/01/29,"02:30:00",COLISIÓN CONTRA OBJETO FIJO,ASFALTO,Bueno,Bueno,1,HONDA,BLANCO,1,,24,MASCULINO,CON CERTIFICADO,0,0,Morelia,Jardines de Torremolinos,enero,domingo,3,-101.225752830505,19.6772624374475
4342,4342,2017,,2017/01/29,"02:40:00",COLISIÓN POR ALCANCE,ASFALTO,Bueno,Bueno,2,VOLKSWAGEN,AZUL,2,,20,MASCULINO,CON CERTIFICADO,0,0,Morelia,Josefa Ortiz de Dominguez,enero,domingo,3,-101.208114624023,19.6723425332553
4343,4343,2017,,2017/01/29,"03:00:00",COLISIÓN POR CORTE DE CIRCULACIÓN,ASFALTO,Bueno,Bueno,1,SEAT,BLANCO,1,MINISTERIO PÚBLICO,24,,CON CERTIFICADO,0,0,Morelia,Club Campestre,enero,domingo,3,-101.160414218903,19.6858264482589
4344,4344,2017,,2017/01/29,"04:20:00",VOLCADURA,ASFALTO,Bueno,Bueno,1,FORD,GRIS,1,,,,SIN DATOS,0,0,Morelia,Ejidal Tres Puentes,enero,domingo,4,-101.228585243225,19.692677832261
4345,4345,2017,,2017/01/29,"04:20:00",SUBIDA AL CAMELLÓN,CONCRETO,Bueno,Bueno,1,FORD,NEGRO,1,,68,MASCULINO,SIN DATOS,0,0,Morelia,Comision Federal de Electricidad,enero,domingo,4,-101.181410551071,19.6815760689818
4346,4346,2017,,2017/01/29,"04:30:00",DESBARRANCAMIENTO,TERRACERIA,Bueno,Bueno,1,FORD,CAFE,1,MINISTERIO PÚBLICO,,MASCULINO,SIN DATOS,0,0,Lázaro Cárdenas,Transportistas Stiat Ctm,enero,domingo,5,-102.224650382996,18.0171454830489
4347,4347,2017,,2017/01/29,"05:10:00",COLISIÓN CONTRA OBJETO FIJO,ASFALTO,Bueno,Bueno,1,DODGE,ROJO,1,,,,SIN DATOS,0,0,Morelia,La Colina,enero,domingo,5,-101.216070055962,19.7115611830357
4348,4348,2017,,2017/01/29,"06:30:00",SALIDA DE SUPERFICIE DE RODAMIENTO,CONCRETO,Bueno,Bueno,1,NISSAN,BLANCO,1,,41,MASCULINO,SIN DATOS,0,0,Lázaro Cárdenas,Sin datos,enero,domingo,7,-102.228384017944,17.9363570237464
4349,4349,2017,,2017/01/29,"06:45:00",VOLCADURA,CONCRETO,Bueno,Bueno,1,Nissan,Blanco,1,,,,SIN DATOS,0,0,Apatzingán,Centro,enero,domingo,7,-102.355729937553,19.0867423091166
4350,4350,2017,,2017/01/29,"07:50:00",COLISIÓN POR CORTE DE CIRCULACIÓN,CONCRETO,Bueno,Bueno,2,VOLKSWAGEN,ROJO,2,,29,MASCULINO,CON CERTIFICADO,0,0,Morelia,Vasco de Quiroga,enero,domingo,8,-101.171690225601,19.7050717029794
4351,4351,2017,,2017/01/29,"08:30:00",COLISIÓN POR ALCANCE,ASFALTO,Bueno,Bueno,2,JEEP,BLANCO,2,,51,MASCULINO,CON CERTIFICADO,0,0,Morelia,Reforma,enero,domingo,9,-101.238112449646,19.7068392917308
4352,4352,2017,,2017/01/29,"08:45:00",COLISIÓN POR CORTE DE CIRCULACIÓN,ASFALTO,Bueno,Bueno,2,JEEP,BLANCO,2,,24,MASCULINO,SIN DATOS,0,0,Morelia,Prados Verdes,enero,domingo,9,-101.197353601456,19.7145962502565
4353,4353,2017,,2017/01/29,"09:30:00",COLISIÓN POR CORTE DE CIRCULACIÓN,ASFALTO,Bueno,Bueno,2,NISSAN,BLANCO Y CAFE,2,,25,MASCULINO,SIN DATOS,0,0,Morelia,Diego Rivera,enero,domingo,10,-101.17577791214,19.7181917961042
4354,4354,2017,,2017/01/29,11:40:00,COLISIÓN CONTRA OBJETO FIJO,CONCRETO,Bueno,Regular,1,MASA,BLANCO,1,,26,MASCULINO,SIN DATOS,0,0,Morelia,Industrial,enero,domingo,12,-101.195894479752,19.707389765382
4355,4355,2017,,2017/01/29,13:45:00,COLISIÓN POR CORTE DE CIRCULACIÓN,ASFALTO,Bueno,Bueno,2,VOLKSWAGEN,ROJO,2,MINISTERIO PÚBLICO,29,MASCULINO,CON CERTIFICADO,0,0,Morelia,Lomas de Hidalgo,enero,domingo,14,-101.163461208344,19.696172859559
4356,4356,2017,,2017/01/29,13:45:00,COLISIÓN POR ALCANCE,CONCRETO,Bueno,Bueno,2,NISSAN,VERDE,2,MINISTERIO PÚBLICO,52,MASCULINO,SIN DATOS,0,0,Morelia,Las Americas,enero,domingo,14,-101.152737736702,19.6890312050989