fid,id_accidente,anio_origen,folio_c5i,dia_incidente,hora_ocurrencia,tipo_incidente_vial,superficie_ocurrencia,condiciones_climaticas,condiciones_via,numero_vehiculos_involucrados,marca_vehiculo_ocasiona_siniestro,color_vehiculo_ocasiona_siniestro,numero_personas_involucradas,lugar_remite_presunto_responsable,edad_presunto_responsable,sexo_presunto_responsable,resultados_toxicologia,numero_personas_lesionadas,numero_personas_fallecidas,municipio,colonia,mes,dia_semana,hora_redondeada,lon,lat
4357,4357,2017,,2017/01/29,16:15:00,COLISIÓN CONTRA OBJETO FIJO,ASFALTO,Bueno,Bueno,1,AUDI,BLANCO,1,,,,SIN DATOS,0,0,Morelia,Tzindurio de Morelos,enero,domingo,16,-101.244382113218,19.6959026542456
4358,4358,2017,,2017/01/29,16:40:00,COLISIÓN POR CORTE DE CIRCULACIÓN,CONCRETO,Bueno,Bueno,2,VOLKSWAGEN,BLANCO,2,,35,MASCULINO,SIN DATOS,0,0,Morelia,Centro,enero,domingo,17,-101.195315122604,19.6969809474938
4359,4359,2017,,2017/01/29,17:15:00,COLISIÓN POR CORTE DE CIRCULACIÓN,CONCRETO,Bueno,Bueno,2,ITALIKA,ROJO,4,MINISTERIO PÚBLICO,48,MASCULINO,SIN DATOS,2,0,Sahuayo,Lazaro Cardenas,enero,domingo,17,-102.723897993565,20.0666138160064
4360,4360,2017,,2017/01/29,18:45:00,SALIDA DE SUPERFICIE DE RODAMIENTO,ASFALTO,Bueno,Regular,1,DODGE,AZUL,6,,64,MASCULINO,SIN DATOS,5,0,Morelia,Sin datos,enero,domingo,19,-101.119151115417,19.7377436856055
4361,4361,2017,,2017/01/29,20:10:00,COLISIÓN POR CORTE DE CIRCULACIÓN,ASFALTO,Bueno,Bueno,2,ITALIKA,ROJO,2,,26,MASCULINO,SIN DATOS,0,0,Morelia,Felicitas del Rio,enero,domingo,20,-101.197093427181,19.6886170399751
4362,4362,2017,,2017/01/29,21:20:00,COLISIÓN POR CORTE DE CIRCULACIÓN,ASFALTO,Bueno,Regular,2,SIN DATOS,VERDE,2,,61,MASCULINO,SIN DATOS,0,0,Morelia,Primo Tapia,enero,domingo,21,-101.211858987808,19.7091825792788
4363,4363,2017,,2017/01/29,22:10:00,COLISIÓN POR ALCANCE,ASFALTO,Bueno,Bueno,3,NISSAN,ROJO,1,MINISTERIO PÚBLICO,,,SIN DATOS,0,0,Álvaro Obregón,Sin datos,enero,domingo,22,-101.0325050354,19.8351846049893
4364,4364,2017,,2017/01/29,22:25:00,SUBIDA AL CAMELLÓN,ASFALTO,Bueno,Bueno,1,CHEVROLET,ROJO,1,,,,SIN DATOS,0,0,Morelia,Bosques de Oriente,enero,domingo,22,-101.155779361725,19.7156668425864
4365,4365,2017,,2017/01/29,23:35:00,COLISIÓN POR ALCANCE,ASFALTO,Bueno,Bueno,2,NISSAN,ROJO,2,,26,,SIN DATOS,0,0,Morelia,La Esperanza,enero,domingo,0,-101.25440955162,19.6979708496537
4366,4366,2017,,2017/01/29,23:50:00,VOLCADURA,ASFALTO,Bueno,Bueno,1,NISSAN,GRIS,1,,25,MASCULINO,SIN DATOS,0,0,Morelia,Leandro Valle,enero,domingo,0,-101.230688095093,19.7160506380911
4368,4368,2017,,2017/01/30,"00:10:00",COLISIÓN CONTRA OBJETO FIJO,ASFALTO,Bueno,Regular,1,NISSAN,AMARILLO,1,,40,MASCULINO,SIN DATOS,0,0,Morelia,Isaac Arriaga,enero,lunes,0,-101.167973354459,19.7092886324291
4369,4369,2017,,2017/01/30,"03:00:00",SUBIDA AL CAMELLÓN,ASFALTO,Bueno,Bueno,1,NISSAN,CHAMPA,1,,26,MASCULINO,SIN DATOS,0,0,Morelia,Diego Rivera,enero,lunes,3,-101.175971031189,19.7183735912184
4370,4370,2017,,2017/01/30,"06:00:00",COLISIÓN POR CORTE DE CIRCULACIÓN,CONCRETO,Bueno,Bueno,1,MAZDA,PLATA,1,,0,,SIN DATOS,0,0,Morelia,Loma Real,enero,lunes,6,-101.197192668915,19.7256452262451
4371,4371,2017,,2017/01/30,"06:45:00",COLISIÓN POR CORTE DE CIRCULACIÓN,ASFALTO,Bueno,Regular,2,DODGE,BLANCO,2,,45,MASCULINO,SIN DATOS,0,0,Morelia,Juarez,enero,lunes,7,-101.200196743011,19.6955213356907
4372,4372,2017,,2017/01/30,"08:00:00",COLISIÓN POR CORTE DE CIRCULACIÓN,ASFALTO,Bueno,Bueno,2,NISSAN,ROJO,2,,52,MASCULINO,SIN DATOS,0,0,Morelia,Comision Federal de Electricidad,enero,lunes,8,-101.181313991547,19.681586171027
4373,4373,2017,,2017/01/30,"08:15:00",COLISIÓN POR CORTE DE CIRCULACIÓN,ASFALTO,Bueno,Bueno,2,NISSAN,BLANCO,2,,36,MASCULINO,SIN DATOS,0,0,Morelia,Centro,enero,lunes,8,-101.187858581543,19.6959607358
4374,4374,2017,,2017/01/30,"09:00:00",COLISIÓN POR CORTE DE CIRCULACIÓN,CONCRETO,Bueno,Bueno,2,FORD,BLANCO,2,,83,MASCULINO,SIN DATOS,0,0,Morelia,Sentimientos de La Nacion,enero,lunes,9,-101.235709190369,19.6821720885614
4375,4375,2017,,2017/01/30,"09:05:00",COLISIÓN POR ALCANCE,ASFALTO,Bueno,Bueno,2,NISSAN,GRIS,1,MINISTERIO PÚBLICO,25,MASCULINO,SIN DATOS,0,0,Morelia,Tres Puentes,enero,lunes,9,-101.213672161102,19.7025768444771
4376,4376,2017,,2017/01/30,"09:40:00",COLISIÓN POR CORTE DE CIRCULACIÓN,ASFALTO,Bueno,Bueno,2,HONDA,ROJO,2,,49,MASCULINO,SIN DATOS,0,0,Morelia,Ventura Puente,enero,lunes,10,-101.195358037949,19.692586920128
4377,4377,2017,,2017/01/30,"09:50:00",COLISIÓN POR CORTE DE CIRCULACIÓN,ASFALTO,Bueno,Bueno,2,ISUZU,ROJO,2,,54,MASCULINO,SIN DATOS,0,0,Morelia,Centro,enero,lunes,10,-101.194377862278,19.7000069244269
4378,4378,2017,,2017/01/30,10:30:00,COLISIÓN POR CORTE DE CIRCULACIÓN,SIN_DATOS,Bueno,Bueno,2,NISSAN,PLATA,2,,50,MASCULINO,CON CERTIFICADO,0,0,Morelia,Centro,enero,lunes,11,-101.191517114639,19.7029859231329
4379,4379,2017,,2017/01/30,10:35:00,COLISIÓN POR ALCANCE,ASFALTO,Bueno,Bueno,2,NISSAN,GRIS,2,MINISTERIO PÚBLICO,42,FEMENINO,SIN DATOS,0,0,Morelia,Molino de Parras,enero,lunes,11,-101.202900409698,19.6949708212078
4380,4380,2017,,2017/01/30,10:40:00,COLISIÓN POR CORTE DE CIRCULACIÓN,ASFALTO,Bueno,Bueno,2,yamaha,BLANCO,2,,34,MASCULINO,SIN DATOS,0,0,Morelia,Morelia 450,enero,lunes,11,-101.217094659805,19.6755803927412
4381,4381,2017,,2017/01/30,10:50:00,COLISIÓN POR ALCANCE,ASFALTO,Bueno,Bueno,1,FORD,ROJO,1,,,,SIN DATOS,0,0,Morelia,Jardines del Rincon,enero,lunes,11,-101.15035995841,19.6906411355716
4382,4382,2017,,2017/01/30,11:20:00,COLISIÓN POR CORTE DE CIRCULACIÓN,ASFALTO,Bueno,Bueno,2,FORD,GUINDA,3,,,MASCULINO,SIN DATOS,1,0,Morelia,Sin datos,enero,lunes,11,-101.315059661865,19.6873240297691
4383,4383,2017,,2017/01/30,11:25:00,COLISIÓN POR ALCANCE,ASFALTO,Bueno,Bueno,2,TOYOTA,ROJO,2,,43,MASCULINO,SIN DATOS,0,0,Morelia,Libertad,enero,lunes,11,-101.236932277679,19.6848996074924
4384,4384,2017,,2017/01/30,11:35:00,COLISIÓN POR CORTE DE CIRCULACIÓN,ASFALTO,Bueno,Bueno,2,MERCEDES BENZ,BLANCO Y NARANJA,2,,24,MASCULINO,SIN DATOS,0,0,Morelia,Tzindurio de Morelos,enero,lunes,12,-101.245805025101,19.6996678105396
4385,4385,2017,,2017/01/30,15:50:00,VOLCADURA,ASFALTO,Bueno,Bueno,1,CHEVROLET,AZUL,1,,20,MASCULINO,SIN DATOS,0,0,Morelia,Sin datos,enero,lunes,16,-101.389925479889,19.5558877438329
4386,4386,2017,,2017/01/30,15:50:00,COLISIÓN POR CORTE DE CIRCULACIÓN,CONCRETO,Bueno,Bueno,2,NISSAN,ROJO,2,,50,MASCULINO,SIN DATOS,0,0,Morelia,Morelos,enero,lunes,16,-101.208811998367,19.6953748687196
4387,4387,2017,,2017/01/30,16:10:00,COLISIÓN POR CORTE DE CIRCULACIÓN,ASFALTO,Bueno,Bueno,2,KENWORTH,ROJO,2,,34,MASCULINO,SIN DATOS,0,0,Morelia,Sentimientos de La Nacion,enero,lunes,16,-101.231878995895,19.6777877571005
4388,4388,2017,,2017/01/30,16:30:00,COLISIÓN POR ALCANCE,ASFALTO,Bueno,Bueno,2,SEAT,ROJO,2,,34,FEMENINO,SIN DATOS,0,0,Morelia,Felix Ireta,enero,lunes,17,-101.180573701859,19.6869401653543
4389,4389,2017,,2017/01/30,17:20:00,COLISIÓN POR CORTE DE CIRCULACIÓN,ASFALTO,Bueno,Bueno,2,NISSAN,NEGRO,2,,56,MASCULINO,SIN DATOS,0,0,Morelia,Sentimientos de La Nacion,enero,lunes,17,-101.235687732697,19.6820508644198
4390,4390,2017,,2017/01/30,18:00:00,COLISIÓN POR CORTE DE CIRCULACIÓN,CONCRETO,Bueno,Bueno,2,VOLKSWAGEN,GRIS,2,,23,MASCULINO,SIN DATOS,0,0,Morelia,Centro,enero,lunes,18,-101.191452741623,19.7048595910168
4391,4391,2017,,2017/01/30,19:00:00,COLISIÓN POR CORTE DE CIRCULACIÓN,ASFALTO,Bueno,Bueno,2,Ford,Azul,2,,49,MASCULINO,SIN DATOS,0,0,Apatzingán,Fovissste,enero,lunes,19,-102.363202571869,19.0997653603688
4392,4392,2017,,2017/01/30,19:10:00,COLISIÓN POR CORTE DE CIRCULACIÓN,ASFALTO,Bueno,Bueno,2,MAN,AZUL Y GRIS,2,,57,MASCULINO,SIN DATOS,0,0,Morelia,Tzindurio Norte,enero,lunes,19,-101.244746893644,19.7031083940085
4393,4393,2017,,2017/01/30,19:50:00,COLISIÓN POR CORTE DE CIRCULACIÓN,ASFALTO,Bueno,Bueno,2,FORD,ROJO,2,,57,MASCULINO,CON CERTIFICADO,0,0,Morelia,Loma Bonita,enero,lunes,20,-101.196699142456,19.7234233728657
4394,4394,2017,,2017/01/30,21:40:00,COLISIÓN POR CORTE DE CIRCULACIÓN,CONCRETO,Bueno,Bueno,2,FORD,VERDE,2,,,MASCULINO,CON CERTIFICADO,0,0,Morelia,La Colina,enero,lunes,22,-101.21800661087,19.7090765260582
4395,4395,2017,,2017/01/30,21:50:00,COLISIÓN POR MANIOBRA DE REVERSA,ASFALTO,Bueno,Bueno,2,MERCURIO,AZUL Y NEGRO,2,,,,SIN DATOS,1,0,Morelia,Bicentenario,enero,lunes,22,-101.178567409515,19.7387737291275
4396,4396,2017,,2017/01/31,"07:35:00",COLISIÓN CONTRA OBJETO FIJO,ASFALTO,Bueno,Bueno,1,VOLKSWAGEN,GRIS,1,,28,MASCULINO,SIN DATOS,0,0,Morelia,El Lago 1,enero,martes,8,-101.212062835693,19.726533958947
4397,4397,2017,,2017/01/31,"08:00:00",COLISIÓN POR ALCANCE,ASFALTO,Bueno,Bueno,2,CHEVROLET,AZUL,2,,47,MASCULINO,SIN DATOS,0,0,Jacona,Manantiales del Curutaran,enero,martes,8,-102.309064865112,19.9329389712146
4398,4398,2017,,2017/01/31,"08:40:00",COLISIÓN POR ALCANCE,ASFALTO,Bueno,Regular,2,VOLVO,BLANCO,2,,32,MASCULINO,SIN DATOS,0,0,Morelia,Sentimientos de La Nacion,enero,martes,9,-101.23562335968,19.6819700482744
4399,4399,2017,,2017/01/31,"08:40:00",COLISIÓN POR CORTE DE CIRCULACIÓN,CONCRETO,Bueno,Bueno,2,NISSAN,BEIGE,2,,31,MASCULINO,SIN DATOS,0,0,Morelia,Ferrocarrilero,enero,martes,9,-101.217255592346,19.6978950920516
4400,4400,2017,,2017/01/31,11:20:00,COLISIÓN POR ALCANCE,ASFALTO,Nublado,Regular,2,TOYOTA,BLANCO Y GRIS,6,MINISTERIO PÚBLICO,26,MASCULINO,SIN DATOS,4,0,Morelia,Loma Bonita,enero,martes,11,-101.196827888489,19.719787546161
4401,4401,2017,,2017/01/31,12:30:00,COLISIÓN POR ALCANCE,SIN_DATOS,Bueno,Bueno,2,NISSAN,BEIGE,2,MINISTERIO PÚBLICO,35,MASCULINO,SIN DATOS,0,0,Morelia,Ignaci0 Ramirez,enero,martes,13,-101.221919953823,19.7272484762562
4402,4402,2017,,2017/01/31,13:10:00,COLISIÓN POR ALCANCE,ASFALTO,Bueno,Bueno,2,DODGE,AZUL,2,MINISTERIO PÚBLICO,52,MASCULINO,SIN DATOS,0,0,Tarímbaro,Sin datos,enero,martes,13,-101.159749031067,19.7675112829354
4403,4403,2017,,2017/01/31,15:20:00,COLISIÓN CONTRA OBJETO FIJO,ASFALTO,Bueno,Bueno,2,BMW,PLATA,2,,37,MASCULINO,SIN DATOS,0,0,Morelia,Felix Ireta,enero,martes,15,-101.18076145649,19.6857784648087
4404,4404,2017,,2017/01/31,15:20:00,COLISIÓN POR CORTE DE CIRCULACIÓN,ASFALTO,Bueno,Regular,2,FORD,ROJO,2,,77,MASCULINO,SIN DATOS,0,0,Morelia,Sentimientos de La Nacion,enero,martes,15,-101.235494613647,19.6814851505458
4405,4405,2017,,2017/01/31,16:30:00,SALIDA DE SUPERFICIE DE RODAMIENTO,ASFALTO,Bueno,Bueno,2,DODGE,BLANCO,2,MINISTERIO PÚBLICO,31,FEMENINO,SIN DATOS,0,0,Morelia,Jardines de Sindurio,enero,martes,17,-101.256855726242,19.6973647878336
4406,4406,2017,,2017/01/31,18:20:00,COLISIÓN CONTRA OBJETO FIJO,ASFALTO,Bueno,Bueno,2,YAMAHA,AMARILLO,2,,49,MASCULINO,SIN DATOS,0,0,Morelia,Lomas de Guayangareo,enero,martes,18,-101.161572933197,19.7026172473538
4407,4407,2017,,2017/01/31,20:20:00,COLISIÓN CONTRA OBJETO FIJO,TERRACERIA,Bueno,Bueno,2,Nissan,Blanco/Rojo,2,,29,MASCULINO,SIN DATOS,0,0,Apatzingán,18 de Marzo,enero,martes,20,-102.365262508392,19.0946961745559
4408,4408,2017,,2017/01/31,20:30:00,COLISIÓN POR CORTE DE CIRCULACIÓN,ASFALTO,Bueno,Bueno,2,CHEVROLET,BLANCO,2,,33,MASCULINO,SIN DATOS,0,0,Morelia,Ciudad Industrial,enero,martes,21,-101.148891448975,19.7217872610837
4409,4409,2017,,2017/01/31,20:35:00,COLISIÓN POR CORTE DE CIRCULACIÓN,ASFALTO,Bueno,Bueno,2,NISSAN,BLANCO Y ROJO,2,,35,MASCULINO,SIN DATOS,0,0,Morelia,Gertrudis Bocanegra,enero,martes,21,-101.213425397873,19.7024859379671
4410,4410,2017,,2017/01/31,21:10:00,COLISIÓN POR CORTE DE CIRCULACIÓN,ASFALTO,Bueno,Bueno,2,FORD,BLANCO,2,,38,MASCULINO,SIN DATOS,0,0,Morelia,Comision Federal de Electricidad,enero,martes,21,-101.181335449219,19.6814851505458
4411,4411,2017,,2017/01/31,22:35:00,COLISIÓN POR ALCANCE,ASFALTO,Bueno,Bueno,2,MITSUBISHI,PLATA,2,,37,MASCULINO,SIN DATOS,0,0,Morelia,Lomas de Huerta,enero,martes,23,-101.210206747055,19.672423354257
4412,4412,2017,,2017/02/01,"01:00:00",COLISIÓN POR CORTE DE CIRCULACIÓN,CONCRETO,Bueno,Regular,2,DINAMO,ROJO,3,,45,MASCULINO,SIN DATOS,1,0,Morelia,Chapultepec Norte,febrero,miércoles,1,-101.174935698509,19.6933950261664
4413,4413,2017,,2017/02/01,"07:05:00",COLISIÓN CONTRA OBJETO FIJO,CONCRETO,Bueno,Bueno,1,CHEVROLET,PLATA,1,,18,MASCULINO,SIN DATOS,0,0,Morelia,Ferrocarrilero,febrero,miércoles,7,-101.218628883362,19.696329426915
4414,4414,2017,,2017/02/01,"08:50:00",COLISIÓN POR CORTE DE CIRCULACIÓN,ASFALTO,Bueno,Bueno,2,CHRYSLER,VERDE,2,,38,MASCULINO,SIN DATOS,0,0,Morelia,Tres Puentes,febrero,miércoles,9,-101.213602423668,19.7035768126781
4415,4415,2017,,2017/02/01,"09:10:00",COLISIÓN CONTRA OBJETO FIJO,CONCRETO,Bueno,Bueno,1,VOLKSWAGEN,ROJO,1,,31,MASCULINO,SIN DATOS,0,0,Morelia,Rincon del Punhuato,febrero,miércoles,9,-101.140936017036,19.6947839488886
4416,4416,2017,,2017/02/01,"09:30:00",COLISIÓN POR ALCANCE,ASFALTO,Bueno,Bueno,2,FORD,ROJO,2,MINISTERIO PÚBLICO,,,SIN DATOS,0,0,Morelia,Elias Perez Avalos,febrero,miércoles,10,-101.16858959198,19.7127176463905
4417,4417,2017,,2017/02/01,10:30:00,COLISIÓN POR CORTE DE CIRCULACIÓN,CONCRETO,Bueno,Bueno,2,SIN DATOS,BLANCO,2,,16,FEMENINO,SIN DATOS,0,0,Morelia,Vasco de Quiroga,febrero,miércoles,11,-101.176794469357,19.6989455942668
4418,4418,2017,,2017/02/01,11:20:00,COLISIÓN POR CORTE DE CIRCULACIÓN,CONCRETO,Bueno,Bueno,2,KENWORTH,AZUL,2,,35,MASCULINO,SIN DATOS,0,0,Morelia,Ventura Puente,febrero,miércoles,11,-101.180262565613,19.6884554142703
4419,4419,2017,,2017/02/01,12:30:00,COLISIÓN POR ALCANCE,CONCRETO,Bueno,Bueno,4,VOLKSWAGEN,BLANCO,4,MINISTERIO PÚBLICO,37,MASCULINO,SIN DATOS,0,0,Morelia,Jose Maria Cabrera,febrero,miércoles,13,-101.224744319916,19.7247968858732
4420,4420,2017,,2017/02/01,13:00:00,COLISIÓN POR CORTE DE CIRCULACIÓN,ASFALTO,Nublado,Bueno,2,NISSAN,BEIGE,2,,26,FEMENINO,SIN DATOS,0,0,Morelia,Tres Puentes,febrero,miércoles,13,-101.212695837021,19.7062433639913
4421,4421,2017,,2017/02/01,14:20:00,CAIDA DE MOTOCICLETA,CONCRETO,Bueno,Bueno,1,ITALIKA,ROJO Y NEGRO,2,,25,MASCULINO,SIN DATOS,1,0,Morelia,Ampliacion La Soledad,febrero,miércoles,14,-101.184833049774,19.7293566624157
4422,4422,2017,,2017/02/01,14:30:00,COLISIÓN POR CORTE DE CIRCULACIÓN,ADOQUIN_EMPEDRADO,Bueno,Bueno,2,MERCEDEZ BENZ,VERDE,2,,49,MASCULINO,SIN DATOS,0,0,Cuitzeo,Centro,febrero,miércoles,15,-101.139943599701,19.9676313300925
4423,4423,2017,,2017/02/01,15:20:00,COLISIÓN POR CORTE DE CIRCULACIÓN,ASFALTO,Bueno,Bueno,2,NISSAN,BLANCO Y CAFE,2,,33,MASCULINO,SIN DATOS,0,0,Morelia,Sentimientos de La Nacion,febrero,miércoles,15,-101.235709190369,19.6820912724772
4424,4424,2017,,2017/02/01,16:10:00,COLISIÓN POR CORTE DE CIRCULACIÓN,ASFALTO,Bueno,Bueno,2,FORD,CAFE,2,,37,MASCULINO,SIN DATOS,0,0,Morelia,Las Flores,febrero,miércoles,16,-101.206086874008,19.702496038693
4425,4425,2017,,2017/02/01,16:30:00,COLISIÓN POR CORTE DE CIRCULACIÓN,ASFALTO,Bueno,Bueno,2,NISSAN,NEGRO,2,,25,MASCULINO,SIN DATOS,0,0,Morelia,Santillan La Huerta,febrero,miércoles,17,-101.220160424709,19.6742898029248
4426,4426,2017,,2017/02/01,18:10:00,CAIDA DE MOTOCICLETA,CONCRETO,Bueno,Bueno,1,YAMAHA,NEGRO Y NARANJA,2,,26,MASCULINO,SIN DATOS,1,0,Morelia,Cinco de Diciembre,febrero,miércoles,18,-101.165944933891,19.6841545953582
4427,4427,2017,,2017/02/01,19:20:00,COLISIÓN POR CORTE DE CIRCULACIÓN,ASFALTO,Bueno,Bueno,2,HONDA,BLANCO,2,,24,MASCULINO,SIN DATOS,0,0,Morelia,Gertrudis Bocanegra,febrero,miércoles,19,-101.213495135307,19.7024657365134
4428,4428,2017,,2017/02/01,20:30:00,COLISIÓN POR CORTE DE CIRCULACIÓN,ASFALTO,Bueno,Bueno,2,CHEVROLET,AZUL,2,,23,MASCULINO,SIN DATOS,0,0,Morelia,Sentimientos de La Nacion,febrero,miércoles,21,-101.235108375549,19.6810002513494
4429,4429,2017,,2017/02/02,"00:05:00",SUBIDA AL CAMELLÓN,ASFALTO,Bueno,Bueno,1,CHEVROLET,BLANCO,1,,34,MASCULINO,SIN DATOS,0,0,Morelia,Asociacion Zirahuen,febrero,jueves,0,-101.250193119049,19.6987183227375
4430,4430,2017,,2017/02/02,"05:30:00",COLISIÓN CONTRA OBJETO FIJO,ASFALTO,Bueno,Bueno,1,CHEVROLET,BLANCO,2,,,MASCULINO,SIN DATOS,1,0,Morelia,Indeco Santiaguito,febrero,jueves,6,-101.178159713745,19.7199693394605
4431,4431,2017,,2017/02/02,"06:10:00",COLISIÓN POR CORTE DE CIRCULACIÓN,SIN_DATOS,Bueno,Bueno,1,NISSAN,AZUL,0,,,,,0,0,Morelia,Carlos Salazar,febrero,jueves,6,-101.210057884455,19.7120598773202
4432,4432,2017,,2017/02/02,"07:20:00",COLISIÓN POR ALCANCE,ASFALTO,Bueno,Bueno,2,HONDA,BLANCO,2,,26,MASCULINO,SIN DATOS,0,0,Morelia,San Pascual,febrero,jueves,7,-101.26736998558,19.6952940592988
4433,4433,2017,,2017/02/02,"08:45:00",COLISIÓN POR ALCANCE,ASFALTO,Bueno,Bueno,3,VOLKSWAGEN,GRIS,3,MINISTERIO PÚBLICO,26,FEMENINO,SIN DATOS,0,0,Morelia,Lomas de Huerta,febrero,jueves,9,-101.210217475891,19.6724940726
4434,4434,2017,,2017/02/02,10:15:00,COLISIÓN POR ALCANCE,ASFALTO,Bueno,Bueno,4,V.W.,BLANCO,4,,34,MASCULINO,SIN DATOS,0,0,Morelia,Ciudad Industrial,febrero,jueves,10,-101.141080856323,19.7267157445725
4435,4435,2017,,2017/02/02,10:30:00,COLISIÓN POR ALCANCE,ASFALTO,Bueno,Bueno,2,HONDA,PLATA,3,,29,MASCULINO,SIN DATOS,1,0,Morelia,La Loma,febrero,jueves,11,-101.179482713342,19.6814750484942
4436,4436,2017,,2017/02/02,10:50:00,COLISIÓN POR CORTE DE CIRCULACIÓN,CONCRETO,Bueno,Bueno,4,NISSAN,BLANCO,8,,20,MASCULINO,SIN DATOS,4,0,Sahuayo,Infonavit J Trinidad Barragan,febrero,jueves,11,-102.708842754364,20.050635070609
4437,4437,2017,,2017/02/02,11:10:00,COLISIÓN POR ALCANCE,ASFALTO,Bueno,Regular,2,NISSAN,GRIS,2,MINISTERIO PÚBLICO,83,MASCULINO,SIN DATOS,0,0,Morelia,Santiaguito,febrero,jueves,11,-101.188716888428,19.7173181666989
4438,4438,2017,,2017/02/02,11:20:00,CAIDA DE MOTOCICLETA,ASFALTO,Bueno,Bueno,1,HONDA,BLANCO,1,,29,MASCULINO,SIN DATOS,0,0,Morelia,Adolfo Lopez Mateos,febrero,jueves,11,-101.224497556686,19.6929354163574
4439,4439,2017,,2017/02/02,14:00:00,COLISIÓN CONTRA OBJETO FIJO,ASFALTO,Bueno,Bueno,2,NISSAN,AZUL,2,,21,FEMENINO,SIN DATOS,0,0,Morelia,Ana Maria Gallaga (Riviera Norte),febrero,jueves,14,-101.222823858261,19.6768381395473
4440,4440,2017,,2017/02/02,14:40:00,COLISIÓN POR ALCANCE,ASFALTO,Bueno,Bueno,2,INTERNATIONAL,BLANCO,2,,45,MASCULINO,SIN DATOS,0,0,Morelia,Enrique Arreguin Robles,febrero,jueves,15,-101.188094615936,19.7215650717722
4441,4441,2017,,2017/02/02,15:00:00,COLISIÓN POR CORTE DE CIRCULACIÓN,ASFALTO,Bueno,Bueno,2,GMC,CEREZA,2,,74,MASCULINO,SIN DATOS,0,0,Morelia,Juarez,febrero,jueves,15,-101.195433139801,19.6924353997917
4442,4442,2017,,2017/02/02,15:40:00,COLISIÓN CON PEATÓN,CONCRETO,Bueno,Bueno,1,CHEVROLET,NEGRO,2,,33,MASCULINO,SIN DATOS,1,0,Morelia,Camelinas,febrero,jueves,16,-101.175844296813,19.6815795415599
4443,4443,2017,,2017/02/02,17:20:00,COLISIÓN CONTRA OBJETO FIJO,TERRACERIA,Bueno,Regular,1,DODGE,BLANCO,1,,26,MASCULINO,SIN DATOS,0,0,Morelia,Sin datos,febrero,jueves,17,-101.279654502869,19.6465888669573
4444,4444,2017,,2017/02/02,21:00:00,COLISIÓN POR CORTE DE CIRCULACIÓN,CONCRETO,Bueno,Bueno,2,KURAZAI,NEGRO,2,,30,MASCULINO,SIN DATOS,0,0,Morelia,Comision Federal de Electricidad,febrero,jueves,21,-101.179897785187,19.6817478036644
4445,4445,2017,,2017/02/03,"06:00:00",VOLCADURA,ASFALTO,Bueno,Bueno,1,NISSAN,BLANCO,0,,,,,0,0,Lázaro Cárdenas,Centro,febrero,viernes,6,-102.19327121973,17.9552039948108
4446,4446,2017,,2017/02/03,"08:15:00",COLISIÓN POR ALCANCE,ASFALTO,Bueno,Bueno,3,NISSAN,ROJO,3,,56,MASCULINO,SIN DATOS,0,0,Morelia,Santiaguito,febrero,viernes,8,-101.189081668854,19.7153486956143
4447,4447,2017,,2017/02/03,"09:45:00",COLISIÓN POR CORTE DE CIRCULACIÓN,ASFALTO,Bueno,Bueno,2,PONTIAC,BLANCO,2,,33,FEMENINO,SIN DATOS,0,0,Morelia,Vasco de Quiroga,febrero,viernes,10,-101.175230741501,19.7059327736538
4448,4448,2017,,2017/02/03,10:05:00,COLISIÓN POR CORTE DE CIRCULACIÓN,ASFALTO,Bueno,Bueno,1,CHEVROLET,BLANCO,1,,37,MASCULINO,SIN DATOS,0,0,Morelia,Mirador del Punhuato,febrero,viernes,10,-101.16093993187,19.7054428982373
4449,4449,2017,,2017/02/03,12:20:00,COLISIÓN CONTRA OBJETO FIJO,ASFALTO,Bueno,Bueno,2,FOTON,BLANCO,2,,32,MASCULINO,SIN DATOS,0,0,Morelia,Jacarandas,febrero,viernes,12,-101.210603713989,19.7079503375203
4450,4450,2017,,2017/02/03,14:45:00,COLISIÓN POR CORTE DE CIRCULACIÓN,TERRACERIA,Bueno,Malo,2,NISSAN,BLANCO,2,,34,MASCULINO,SIN DATOS,0,0,Morelia,Sin datos,febrero,viernes,15,-101.188695430756,19.583485539196
4451,4451,2017,,2017/02/03,18:05:00,COLISIÓN POR CORTE DE CIRCULACIÓN,ASFALTO,Bueno,Bueno,3,NISSAN,GRIS,3,,39,MASCULINO,SIN DATOS,0,0,Morelia,Primo Tapia Oriente,febrero,viernes,18,-101.15848839283,19.7135963509462
4452,4452,2017,,2017/02/03,19:15:00,COLISIÓN POR ALCANCE,CONCRETO,Bueno,Bueno,2,CHEVROLET,GRIS,2,MINISTERIO PÚBLICO,30,MASCULINO,SIN DATOS,0,0,Morelia,Camelinas,febrero,viernes,19,-101.174190044403,19.6820508644198
4453,4453,2017,,2017/02/03,20:00:00,VOLCADURA,TERRACERIA,Bueno,Bueno,1,RAM,BLANCO,0,,,,,0,0,Morelia,Sin datos,febrero,viernes,20,-101.260964870453,19.7027182545011
4454,4454,2017,,2017/02/03,21:45:00,COLISIÓN POR CORTE DE CIRCULACIÓN,ASFALTO,Bueno,Bueno,3,PONTIAC,BLANCO,3,,48,MASCULINO,SIN DATOS,0,0,Morelia,Rafael Carrillo,febrero,viernes,22,-101.236567497253,19.7077685305556
4455,4455,2017,,2017/02/03,22:00:00,COLISIÓN CONTRA OBJETO FIJO,ASFALTO,Bueno,Bueno,2,CHEVROLET,ROJO,1,,,MASCULINO,SIN DATOS,0,0,Morelia,Villas de La Loma,febrero,viernes,22,-101.298644542694,19.6891675763076