fid,id_accidente,anio_origen,folio_c5i,dia_incidente,hora_ocurrencia,tipo_incidente_vial,superficie_ocurrencia,condiciones_climaticas,condiciones_via,numero_vehiculos_involucrados,marca_vehiculo_ocasiona_siniestro,color_vehiculo_ocasiona_siniestro,numero_personas_involucradas,lugar_remite_presunto_responsable,edad_presunto_responsable,sexo_presunto_responsable,resultados_toxicologia,numero_personas_lesionadas,numero_personas_fallecidas,municipio,colonia,mes,dia_semana,hora_redondeada,lon,lat
4456,4456,2017,,2017/02/03,22:30:00,COLISIÓN POR ALCANCE,ASFALTO,Bueno,Bueno,4,CHEVROLET,BLANCO,5,MINISTERIO PÚBLICO,,,SIN DATOS,1,0,Morelia,Lomas de Huerta,febrero,viernes,23,-101.210142374039,19.6723728411357
4457,4457,2017,,2017/02/03,22:40:00,COLISIÓN POR ALCANCE,ASFALTO,Bueno,Bueno,3,CHRYSLER,PLATA,3,,23,MASCULINO,CON CERTIFICADO,0,0,Morelia,Elias Perez Avalos,febrero,viernes,23,-101.168975830078,19.7129398479986
4458,4458,2017,,2017/02/03,23:45:00,COLISIÓN POR CORTE DE CIRCULACIÓN,ASFALTO,Bueno,Bueno,2,FREIGHTLINER,BLANCO,1,,27,MASCULINO,SIN DATOS,0,0,Morelia,Juarez,febrero,viernes,0,-101.19840502739,19.6955364874387
4459,4459,2017,,2017/02/04,"01:20:00",COLISIÓN POR ALCANCE,ASFALTO,Bueno,Bueno,2,FORD,BLANCO,2,,19,MASCULINO,SIN DATOS,0,0,Morelia,Campestre Los Manantiales,febrero,sábado,1,-101.238327026367,19.6880917558381
4460,4460,2017,,2017/02/04,"03:30:00",COLISIÓN POR CORTE DE CIRCULACIÓN,ASFALTO,Bueno,Bueno,1,NISSAN,BLANCO,0,,,,,0,0,Morelia,Lomas de Huerta,febrero,sábado,4,-101.21430516243,19.6743832510688
4461,4461,2017,,2017/02/04,"05:30:00",COLISIÓN POR CORTE DE CIRCULACIÓN,ASFALTO,Bueno,Bueno,2,KEENWOTH,BLANCO,2,,,MASCULINO,SIN DATOS,0,0,Tarímbaro,Sin datos,febrero,sábado,6,-101.171550750732,19.7520829094552
4462,4462,2017,,2017/02/04,"07:00:00",COLISIÓN POR CORTE DE CIRCULACIÓN,ASFALTO,Bueno,Bueno,2,HONDA,AZUL,2,,46,MASCULINO,SIN DATOS,0,0,Cuitzeo,Los Granados,febrero,sábado,7,-101.14049077034,19.9733840784051
4463,4463,2017,,2017/02/04,"07:20:00",CAIDA DE MOTOCICLETA,ASFALTO,Bueno,Bueno,1,ITALIKA,NARANJA,2,,26,MASCULINO,SIN DATOS,1,0,Morelia,Lomas del Pedregal,febrero,sábado,7,-101.283946037292,19.6906373475189
4464,4464,2017,,2017/02/04,"07:45:00",COLISIÓN POR CORTE DE CIRCULACIÓN,ASFALTO,Bueno,Bueno,2,Nissan,Acero,2,MINISTERIO PÚBLICO,37,MASCULINO,SIN DATOS,0,0,Apatzingán,Atimapa,febrero,sábado,8,-102.367258071899,19.1057670755803
4465,4465,2017,,2017/02/04,"08:00:00",SUBIDA AL CAMELLÓN,ASFALTO,Bueno,Bueno,1,Toyota,Arena,1,,,,SIN DATOS,0,0,Apatzingán,Morelos,febrero,sábado,8,-102.357752323151,19.093509962658
4466,4466,2017,,2017/02/04,10:17:00,COLISIÓN POR ALCANCE,ASFALTO,Bueno,Bueno,2,NISSAN,VERDE,2,,23,MASCULINO,SIN DATOS,0,0,Morelia,Primo Tapia Oriente,febrero,sábado,10,-101.162688732147,19.7116672346086
4467,4467,2017,,2017/02/04,10:35:00,COLISIÓN POR CORTE DE CIRCULACIÓN,CONCRETO,Bueno,Bueno,2,VOLKSWAGEN,BLANCO,2,,29,MASCULINO,SIN DATOS,0,0,Morelia,Ferrocarrilero,febrero,sábado,11,-101.217513084412,19.697768829302
4468,4468,2017,,2017/02/04,10:50:00,COLISIÓN POR CORTE DE CIRCULACIÓN,ASFALTO,Bueno,Regular,2,NISSAN,GRIS,2,,44,FEMENINO,SIN DATOS,0,0,Morelia,Jardines de Sindurio,febrero,sábado,11,-101.256630420685,19.697607212837
4469,4469,2017,,2017/02/04,12:15:00,COLISIÓN POR CORTE DE CIRCULACIÓN,ASFALTO,Bueno,Bueno,2,FORD,ROJO,2,,33,MASCULINO,SIN DATOS,0,0,Morelia,Elias Perez Avalos,febrero,sábado,12,-101.168224811554,19.7124146437
4470,4470,2017,,2017/02/04,12:20:00,COLISIÓN POR CORTE DE CIRCULACIÓN,ASFALTO,Bueno,Bueno,2,MERCEDEZ BENZ,BLANCO,2,,,MASCULINO,SIN DATOS,0,0,Morelia,Libertad,febrero,sábado,12,-101.236900091171,19.6848895056561
4471,4471,2017,,2017/02/04,12:45:00,COLISIÓN POR CORTE DE CIRCULACIÓN,ASFALTO,Bueno,Bueno,2,NISSAN,BLANCO,2,,35,MASCULINO,SIN DATOS,0,0,Morelia,Lindavista,febrero,sábado,13,-101.216161251068,19.7039909390928
4472,4472,2017,,2017/02/04,12:50:00,COLISIÓN POR MANIOBRA DE REVERSA,CONCRETO,Bueno,Bueno,2,NISSAN,BLANCO,2,,,,SIN DATOS,0,0,Morelia,Ampliacion La Soledad,febrero,sábado,13,-101.184886693954,19.729442504137
4473,4473,2017,,2017/02/04,13:15:00,COLISIÓN POR CORTE DE CIRCULACIÓN,ASFALTO,Bueno,Bueno,2,TOYOTA,BLANCO,2,,19,MASCULINO,SIN DATOS,0,0,Morelia,Cosmos,febrero,sábado,13,-101.216762065887,19.6828792275591
4474,4474,2017,,2017/02/04,13:30:00,COLISIÓN POR CORTE DE CIRCULACIÓN,ASFALTO,Bueno,Regular,2,HONDA,PLATA,2,,32,MASCULINO,SIN DATOS,0,0,Morelia,Tres Puentes,febrero,sábado,14,-101.213768720627,19.7027283552123
4475,4475,2017,,2017/02/04,13:40:00,COLISIÓN POR ALCANCE,ASFALTO,Bueno,Bueno,3,NISSAN,BEIGE,3,MINISTERIO PÚBLICO,19,FEMENINO,SIN DATOS,0,0,Morelia,Loma de Los Piñones,febrero,sábado,14,-101.205056905746,19.6741407909067
4476,4476,2017,,2017/02/04,16:20:00,COLISIÓN CONTRA OBJETO FIJO,ASFALTO,Bueno,Bueno,1,HONDA,NEGRO,1,,36,MASCULINO,CON CERTIFICADO,0,0,Morelia,Elias Perez Avalos,febrero,sábado,16,-101.165564060211,19.710303709024
4477,4477,2017,,2017/02/04,17:40:00,COLISIÓN POR ALCANCE,CONCRETO,Bueno,Bueno,3,CHEVROLET,VERDE,3,MINISTERIO PÚBLICO,,MASCULINO,SIN DATOS,0,0,Morelia,Barrio Alto,febrero,sábado,18,-101.197021007538,19.7249988720846
4478,4478,2017,,2017/02/04,18:00:00,COLISIÓN CONTRA OBJETO FIJO,CONCRETO,Bueno,Bueno,1,CHEVROLET,ROJO,1,,24,MASCULINO,SIN DATOS,0,0,Cuitzeo,La Concepcion,febrero,sábado,18,-101.147539615631,19.9671674709533
4479,4479,2017,,2017/02/04,18:20:00,COLISIÓN POR CORTE DE CIRCULACIÓN,ASFALTO,Lluvioso,Bueno,2,SUZUKI,ROJO,2,,21,MASCULINO,SIN DATOS,0,0,Morelia,Chapultepec Norte,febrero,sábado,18,-101.17139518261,19.6942738368527
4480,4480,2017,,2017/02/04,18:40:00,COLISIÓN POR CORTE DE CIRCULACIÓN,ASFALTO,Nublado,Regular,1,CHEVROLET,BLANCO,1,,22,MASCULINO,SIN DATOS,0,0,Morelia,Cuauhtemoc,febrero,sábado,19,-101.182542443275,19.6969001388839
4481,4481,2017,,2017/02/04,18:45:00,COLISIÓN POR CORTE DE CIRCULACIÓN,ASFALTO,Bueno,Malo,2,NISSAN,PLATA,2,,58,MASCULINO,CON CERTIFICADO,0,0,Morelia,Libertad,febrero,sábado,19,-101.236943006516,19.684919811163
4482,4482,2017,,2017/02/04,19:15:00,COLISIÓN POR CORTE DE CIRCULACIÓN,ASFALTO,Bueno,Bueno,2,CHEVROLET,VERDE,2,,25,MASCULINO,SIN DATOS,0,0,Morelia,Centro,febrero,sábado,19,-101.199671030045,19.703102081079
4483,4483,2017,,2017/02/04,20:31:00,COLISIÓN POR ALCANCE,CONCRETO,Bueno,Bueno,2,NISSAN,GRIS,2,MINISTERIO PÚBLICO,47,MASCULINO,CON CERTIFICADO,0,0,Tarímbaro,Sin datos,febrero,sábado,21,-101.159963607788,19.7670670312717
4484,4484,2017,,2017/02/04,21:00:00,COLISIÓN CONTRA OBJETO FIJO,ASFALTO,Bueno,Bueno,1,CHRYSLER,GUINDA,1,MINISTERIO PÚBLICO,0,,SIN DATOS,0,0,La Piedad,Sin datos,febrero,sábado,21,-102.036852836609,20.312473264795
4485,4485,2017,,2017/02/05,"00:00:00",SALIDA DE SUPERFICIE DE RODAMIENTO,ASFALTO,Bueno,Bueno,1,KEEWAY,ANARANJADA,2,MINISTERIO PÚBLICO,21,MASCULINO,SIN DATOS,1,0,Jiménez,Sin datos,febrero,domingo,0,-101.764554977417,19.9032528032669
4487,4487,2017,,2017/02/05,"00:30:00",VOLCADURA,SIN_DATOS,Bueno,Bueno,1,TOYOTA,BLANCO,1,,,,SIN DATOS,0,0,Morelia,San Jose Itzicuaro,febrero,domingo,1,-101.301283836365,19.6879705361772
4488,4488,2017,,2017/02/05,"00:40:00",COLISIÓN CONTRA OBJETO FIJO,CONCRETO,Bueno,Bueno,1,VOLKSWAGEN,PLATA,1,,46,MASCULINO,CON CERTIFICADO,0,0,Morelia,Camponubes,febrero,domingo,1,-101.291048526764,19.6981324657514
4489,4489,2017,,2017/02/05,"05:50:00",COLISIÓN CONTRA OBJETO FIJO,ASFALTO,Bueno,Bueno,2,VOLKSWAGEN,VINO,2,,42,FEMENINO,SIN DATOS,0,0,Morelia,Plan de La Garita,febrero,domingo,6,-101.185330599546,19.7131380616726
4490,4490,2017,,2017/02/05,"06:30:00",COLISIÓN CONTRA OBJETO FIJO,ASFALTO,Bueno,Bueno,1,BMW,BLANCO,2,,29,MASCULINO,CON CERTIFICADO,1,0,Morelia,Villas Lomas del Paraiso,febrero,domingo,7,-101.181335449219,19.675332883171
4491,4491,2017,,2017/02/05,"07:10:00",COLISIÓN CONTRA OBJETO FIJO,ASFALTO,Bueno,Bueno,1,NISSAN,BLANCO,1,,,MASCULINO,SIN DATOS,0,0,Morelia,El Lago 1,febrero,domingo,7,-101.221294999123,19.7276827396322
4492,4492,2017,,2017/02/05,"08:20:00",COLISIÓN POR ALCANCE,ASFALTO,Bueno,Bueno,2,RAM,BLANCO,2,,28,MASCULINO,CON CERTIFICADO,0,0,Morelia,Morelia 450,febrero,domingo,8,-101.217062473297,19.675676365737
4493,4493,2017,,2017/02/05,"08:50:00",COLISIÓN CONTRA OBJETO FIJO,ASFALTO,Bueno,Bueno,2,INTERNATIONAL,SIN DATO,2,,28,MASCULINO,SIN DATOS,0,0,Morelia,El Lago 1,febrero,domingo,9,-101.220796108246,19.727675796477
4494,4494,2017,,2017/02/05,11:00:00,COLISIÓN POR ALCANCE,CONCRETO,Bueno,Bueno,3,JEEP,GRIS,3,,52,MASCULINO,SIN DATOS,0,0,Morelia,Centro,febrero,domingo,11,-101.195175647736,19.7020516061508
4495,4495,2017,,2017/02/05,11:30:00,COLISIÓN CONTRA OBJETO FIJO,CONCRETO,Bueno,Bueno,1,RANGER,AZUL,0,MINISTERIO PÚBLICO,,,,0,0,Lázaro Cárdenas,El Sembrador,febrero,domingo,12,-102.202007388668,17.9718563145803
4496,4496,2017,,2017/02/05,11:40:00,COLISIÓN POR ALCANCE,ASFALTO,Bueno,Bueno,2,CHEVROLET,NEGRO,2,,29,FEMENINO,SIN DATOS,0,0,Morelia,Libertad,febrero,domingo,12,-101.236932277679,19.6848339455453
4497,4497,2017,,2017/02/05,12:10:00,COLISIÓN POR CORTE DE CIRCULACIÓN,CONCRETO,Bueno,Bueno,2,VENTO,ROJO,2,,19,MASCULINO,SIN DATOS,0,0,Morelia,Infonavit  Las  Camelinas,febrero,domingo,12,-101.176343858242,19.6817174975573
4498,4498,2017,,2017/02/05,13:10:00,COLISIÓN POR CORTE DE CIRCULACIÓN,CONCRETO,Bueno,Bueno,2,DODGE,VERDE,2,,37,MASCULINO,SIN DATOS,0,0,Morelia,Agustin Arriaga Rivera,febrero,domingo,13,-101.224551200867,19.6911626233045
4499,4499,2017,,2017/02/05,13:15:00,COLISIÓN CONTRA OBJETO FIJO,ASFALTO,Bueno,Bueno,1,KENWORTH,ROJO,1,,42,MASCULINO,SIN DATOS,0,0,Morelia,Sentimientos de La Nacion,febrero,domingo,13,-101.235473155975,19.6815053546472
4500,4500,2017,,2017/02/05,14:00:00,COLISIÓN POR ALCANCE,CONCRETO,Bueno,Bueno,2,VOLKSWAGEN,BLANCO,2,,60,MASCULINO,SIN DATOS,0,0,Morelia,Ventura Puente,febrero,domingo,14,-101.190648078918,19.6936778623161
4501,4501,2017,,2017/02/05,16:00:00,COLISIÓN POR ALCANCE,ASFALTO,Bueno,Bueno,2,DODGE,ROJO,2,,,MASCULINO,SIN DATOS,0,0,Morelia,Fidel Velazquez,febrero,domingo,16,-101.236267089844,19.7021324121594
4502,4502,2017,,2017/02/05,17:15:00,COLISIÓN POR CORTE DE CIRCULACIÓN,ASFALTO,Bueno,Bueno,2,Ford,Amarillo,2,,46,MASCULINO,SIN DATOS,0,0,Apatzingán,Ferrocarril,febrero,domingo,17,-102.35546708107,19.0791328042683
4503,4503,2017,,2017/02/05,18:10:00,COLISIÓN POR ALCANCE,ASFALTO,Bueno,Bueno,2,DINAMO,NARANJA,2,,23,MASCULINO,SIN DATOS,0,0,Morelia,Tzindurio de Morelos,febrero,domingo,18,-101.245563626289,19.6997309411777
4504,4504,2017,,2017/02/05,19:45:00,COLISIÓN POR CORTE DE CIRCULACIÓN,CONCRETO,Bueno,Bueno,2,ITALIKA,SIN  DATOS,2,,29,MASCULINO,SIN DATOS,0,0,Morelia,Villas de La Loma,febrero,domingo,20,-101.299411654472,19.6893241505152
4505,4505,2017,,2017/02/05,20:50:00,COLISIÓN POR ALCANCE,CONCRETO,Bueno,Bueno,2,GMC,NEGRO,2,,22,MASCULINO,SIN DATOS,0,0,Morelia,La Colina,febrero,domingo,21,-101.216096878052,19.7039707378291
4506,4506,2017,,2017/02/05,21:00:00,COLISIÓN POR ALCANCE,ASFALTO,Bueno,Bueno,2,DODGE,ROJO,2,,28,MASCULINO,SIN DATOS,0,0,Morelia,Centro,febrero,domingo,21,-101.195143461227,19.703112181766
4507,4507,2017,,2017/02/06,"01:00:00",COLISIÓN CONTRA OBJETO FIJO,ASFALTO,Bueno,Bueno,1,AUDI,GRIS,1,,27,MASCULINO,CON CERTIFICADO,0,0,Morelia,Ana Maria Gallaga (Riviera Norte),febrero,lunes,1,-101.221182346344,19.6771816188865
4508,4508,2017,,2017/02/06,"01:40:00",COLISIÓN CONTRA OBJETO FIJO,ASFALTO,Bueno,Bueno,1,NISSAN,ROJO,1,,37,MASCULINO,SIN DATOS,0,0,Morelia,Chapultepec Oriente,febrero,lunes,2,-101.159040927887,19.6881927721521
4509,4509,2017,,2017/02/06,"06:15:00",COLISIÓN POR CORTE DE CIRCULACIÓN,CONCRETO,Bueno,Bueno,0,,,0,,,,,0,0,Morelia,Lomas de Hidalgo,febrero,lunes,6,-101.158912181854,19.6956476002135
4510,4510,2017,,2017/02/06,"07:00:00",SALIDA DE SUPERFICIE DE RODAMIENTO,ASFALTO,Bueno,Bueno,1,DODGE,BLANCO,1,,84,MASCULINO,SIN DATOS,0,0,Cuitzeo,El Calvario,febrero,lunes,7,-101.141113042831,19.9671977226779
4511,4511,2017,,2017/02/06,10:40:00,COLISIÓN POR CORTE DE CIRCULACIÓN,ASFALTO,Bueno,Bueno,2,Chevrolet,Blanco,2,MINISTERIO PÚBLICO,,,SIN DATOS,0,0,Buenavista,Sin datos,febrero,lunes,11,-102.496004104614,19.3639883283972
4512,4512,2017,,2017/02/06,11:25:00,COLISIÓN POR ALCANCE,ASFALTO,Bueno,Bueno,2,INTERNATIONAL,BLANCO/NARANJA,2,,23,MASCULINO,SIN DATOS,0,0,Morelia,Avicola Benito Juarez,febrero,lunes,11,-101.279482841492,19.6916070860848
4513,4513,2017,,2017/02/06,13:20:00,VOLCADURA,ASFALTO,Bueno,Bueno,1,TOYOTA,ROJO,1,,60,MASCULINO,SIN DATOS,0,0,Morelia,Sin datos,febrero,lunes,13,-101.259956359863,19.5465863236625
4514,4514,2017,,2017/02/06,15:40:00,COLISIÓN POR CORTE DE CIRCULACIÓN,ASFALTO,Bueno,Bueno,3,ITALIKA,NEGRO,5,MINISTERIO PÚBLICO,29,MASCULINO,SIN DATOS,2,0,Morelia,Fidel Velazquez,febrero,lunes,16,-101.238630115986,19.7063506816506
4515,4515,2017,,2017/02/06,15:40:00,COLISIÓN POR ALCANCE,ASFALTO,Bueno,Bueno,3,ITALIKA,NEGRO,3,MINISTERIO PÚBLICO,29,FEMENINO,SIN DATOS,0,0,Morelia,Fidel Velazquez,febrero,lunes,16,-101.23863145709,19.7063494190904
4516,4516,2017,,2017/02/06,16:25:00,COLISIÓN POR CORTE DE CIRCULACIÓN,CONCRETO,Bueno,Regular,2,MITSUBISHI,NEGRO,2,,40,FEMENINO,SIN DATOS,0,0,Morelia,Centro,febrero,lunes,16,-101.192764341831,19.7047686858038
4517,4517,2017,,2017/02/06,18:50:00,COLISIÓN POR CORTE DE CIRCULACIÓN,ASFALTO,Bueno,Bueno,3,GMC,ROJO,3,,23,MASCULINO,SIN DATOS,0,0,Morelia,Isaac Arriaga,febrero,lunes,19,-101.174286603928,19.7065160769612
4518,4518,2017,,2017/02/06,19:05:00,COLISIÓN POR MANIOBRA DE REVERSA,CONCRETO,Bueno,Bueno,1,SIN DATOS,SIN DATOS,2,,11,FEMENINO,SIN DATOS,1,0,Morelia,Trincheras de Morelos,febrero,lunes,19,-101.188126802444,19.6641566700961
4519,4519,2017,,2017/02/06,23:00:00,COLISIÓN POR CORTE DE CIRCULACIÓN,ASFALTO,Bueno,Regular,2,KENWORTH,BLANCO,2,,26,MASCULINO,SIN DATOS,0,0,Morelia,Francisco J Mujica,febrero,lunes,23,-101.185530424118,19.7240848824422
4520,4520,2017,,2017/02/06,23:00:00,COLISIÓN POR ALCANCE,ASFALTO,Bueno,Bueno,2,INTERNATIONAL,BLANCO,2,,23,MASCULINO,SIN DATOS,0,0,Morelia,Sin datos,febrero,lunes,23,-101.272702217102,19.6333315433237
4521,4521,2017,,2017/02/07,"07:40:00",SALIDA DE SUPERFICIE DE RODAMIENTO,CONCRETO,Bueno,Bueno,1,NISSAN,BLANCO,1,,20,MASCULINO,SIN DATOS,0,0,Morelia,Club de Golf Tres Marias,febrero,martes,8,-101.111512184143,19.7068392917308
4522,4522,2017,,2017/02/07,"08:35:00",COLISIÓN POR CORTE DE CIRCULACIÓN,ASFALTO,Bueno,Bueno,2,FORD,BLANCO Y ROSA,2,,51,MASCULINO,SIN DATOS,0,0,Morelia,Lomas de Las Americas Norte,febrero,martes,9,-101.14874124527,19.6948597079632
4523,4523,2017,,2017/02/07,"08:53:00",COLISIÓN POR CORTE DE CIRCULACIÓN,ASFALTO,Bueno,Bueno,2,NISSAN,BLANCO Y VERDE,3,,,,SIN DATOS,1,0,Morelia,Morelia 450,febrero,martes,9,-101.217077225447,19.6755235665982
4524,4524,2017,,2017/02/07,10:15:00,COLISIÓN POR ALCANCE,CONCRETO,Bueno,Regular,2,ITALIKA,AZUL,3,MINISTERIO PÚBLICO,24,MASCULINO,SIN DATOS,1,0,Morelia,Centro,febrero,martes,10,-101.181471571326,19.7033116702034
4525,4525,2017,,2017/02/07,11:50:00,COLISIÓN POR CORTE DE CIRCULACIÓN,SIN_DATOS,Bueno,Bueno,2,KENWORTH,BLANCO,2,,56,MASCULINO,SIN DATOS,0,0,Morelia,Rafael Carrillo,febrero,martes,12,-101.236352920532,19.7078897352217
4526,4526,2017,,2017/02/07,12:20:00,COLISIÓN POR CORTE DE CIRCULACIÓN,ASFALTO,Bueno,Bueno,1,TOYOTA,BLANCO Y ROJO,1,,,MASCULINO,SIN DATOS,0,0,Morelia,Las Americas,febrero,martes,12,-101.159019470215,19.6881321623714
4527,4527,2017,,2017/02/07,13:30:00,COLISIÓN POR CORTE DE CIRCULACIÓN,ASFALTO,Bueno,Bueno,2,VOLVO,BLANCO,2,,23,MASCULINO,SIN DATOS,0,0,Morelia,Santillan La Huerta,febrero,martes,14,-101.220114827156,19.6753884465772
4528,4528,2017,,2017/02/07,13:30:00,COLISIÓN POR CORTE DE CIRCULACIÓN,ASFALTO,Bueno,Bueno,2,HARLEY,AZUL,2,,52,MASCULINO,SIN DATOS,0,0,Morelia,Industrial,febrero,martes,14,-101.197814941406,19.7090563254368
4529,4529,2017,,2017/02/07,14:30:00,COLISIÓN POR ALCANCE,CONCRETO,Bueno,Bueno,2,NISSAN,ROJO,2,MINISTERIO PÚBLICO,18,FEMENINO,SIN DATOS,0,0,Morelia,Libertad,febrero,martes,15,-101.238133907318,19.687566469978
4530,4530,2017,,2017/02/07,15:30:00,COLISIÓN POR ALCANCE,ASFALTO,Bueno,Bueno,2,TOYOTA,BLANCO,2,,26,MASCULINO,SIN DATOS,0,0,Morelia,La Loma,febrero,martes,16,-101.180615276098,19.681403071358
4531,4531,2017,,2017/02/07,16:30:00,COLISIÓN POR CORTE DE CIRCULACIÓN,ASFALTO,Bueno,Bueno,1,KENWORTH,AZUL,1,,20,MASCULINO,SIN DATOS,0,0,Morelia,Popular Pogreso,febrero,martes,17,-101.200121641159,19.7206258135428
4532,4532,2017,,2017/02/07,20:17:00,SALIDA DE SUPERFICIE DE RODAMIENTO,ASFALTO,Bueno,Bueno,1,NISSAN,BLANCO,1,,25,MASCULINO,SIN DATOS,0,0,Jacona,Sin datos,febrero,martes,20,-102.335329055786,19.9565487571781
4533,4533,2017,,2017/02/07,20:30:00,COLISIÓN CONTRA OBJETO FIJO,ASFALTO,Bueno,Bueno,2,NISSAN,AZUL,2,,42,FEMENINO,SIN DATOS,0,0,Morelia,Fuentes de Morelia,febrero,martes,21,-101.201001405716,19.6709988781314
4534,4534,2017,,2017/02/07,22:30:00,COLISIÓN POR CORTE DE CIRCULACIÓN,ASFALTO,Bueno,Bueno,2,Ford,Blanco,2,,67,MASCULINO,CON CERTIFICADO,0,0,Apatzingán,Sin datos,febrero,martes,23,-102.456479072571,19.0955376701494
4535,4535,2017,,2017/02/07,23:50:00,COLISIÓN CONTRA OBJETO FIJO,ASFALTO,Bueno,Bueno,2,FORD,BLANCO,2,,52,MASCULINO,SIN DATOS,0,0,Morelia,La Esperanza,febrero,martes,0,-101.254420280457,19.6979708496537
4536,4536,2017,,2017/02/08,"08:10:00",COLISIÓN POR ALCANCE,ASFALTO,Bueno,Bueno,2,TOYOTA,BLANCO,2,,30,MASCULINO,SIN DATOS,0,0,Morelia,Alberto Oviedo Mota,febrero,miércoles,8,-101.201945543289,19.6779089844682
4537,4537,2017,,2017/02/08,"08:30:00",COLISIÓN POR CORTE DE CIRCULACIÓN,ASFALTO,Bueno,Bueno,2,MERCEDES BENZ,BLANCO Y ROJO,2,,56,MASCULINO,SIN DATOS,0,0,Morelia,Morelia 450,febrero,miércoles,9,-101.217223405838,19.6756208024307
4538,4538,2017,,2017/02/08,"08:40:00",VOLCADURA,ASFALTO,Bueno,Bueno,1,TOYOTA,AMARILLO,1,,35,MASCULINO,SIN DATOS,0,0,Morelia,Ana Maria Gallaga (Riviera Norte),febrero,miércoles,9,-101.219444274902,19.6773432559678
4539,4539,2017,,2017/02/08,"09:30:00",COLISIÓN POR ALCANCE,ASFALTO,Bueno,Bueno,2,VOLKSWAGEN,ROJO,2,,27,MASCULINO,SIN DATOS,0,0,Morelia,Bosques de Oriente,febrero,miércoles,10,-101.156380176544,19.7152830461604
4540,4540,2017,,2017/02/08,10:50:00,COLISIÓN POR ALCANCE,ASFALTO,Bueno,Bueno,2,MITSUBISHI,BLANCO,2,,42,MASCULINO,SIN DATOS,0,0,Morelia,Enrique Arreguin Robles,febrero,miércoles,11,-101.187150478363,19.7211206922226
4541,4541,2017,,2017/02/08,11:10:00,COLISIÓN CONTRA OBJETO FIJO,ASFALTO,Bueno,Regular,2,KAWAZAKI,AZUL,2,,25,MASCULINO,SIN DATOS,0,0,Morelia,Morelos,febrero,miércoles,11,-101.2086135149,19.6994834689336
4542,4542,2017,,2017/02/08,11:30:00,COLISIÓN POR CORTE DE CIRCULACIÓN,ASFALTO,Bueno,Bueno,2,FORD,BLANCO,2,,53,MASCULINO,SIN DATOS,0,0,Morelia,Jardines de Sindurio,febrero,miércoles,12,-101.25678062439,19.6975870107674
4543,4543,2017,,2017/02/08,12:00:00,SALIDA DE SUPERFICIE DE RODAMIENTO,ASFALTO,Nublado,Bueno,1,CHYSLER,VERDE,0,,,,,0,0,Cuitzeo,Los Granados,febrero,miércoles,12,-101.140308380127,19.9749218064226
4544,4544,2017,,2017/02/08,12:35:00,SALIDA DE SUPERFICIE DE RODAMIENTO,CONCRETO,Bueno,Bueno,2,FORD,ARENA,2,,25,MASCULINO,SIN DATOS,0,0,Morelia,El Lago 2,febrero,miércoles,13,-101.212105751038,19.7257866158692
4545,4545,2017,,2017/02/08,14:00:00,COLISIÓN POR CORTE DE CIRCULACIÓN,ASFALTO,Bueno,Bueno,2,FAMSA,BLANCO,2,,27,MASCULINO,SIN DATOS,0,0,Morelia,Jardines de Torremolinos,febrero,miércoles,14,-101.225709915161,19.6769189582816
4546,4546,2017,,2017/02/08,14:20:00,COLISIÓN POR ALCANCE,ASFALTO,Bueno,Bueno,2,CHEVROLET,BLANCO,2,,28,MASCULINO,SIN DATOS,0,0,Morelia,Mirador del Punhuato,febrero,miércoles,14,-101.160007864237,19.7046727302453
4547,4547,2017,,2017/02/08,14:25:00,COLISIÓN CONTRA OBJETO FIJO,ASFALTO,Bueno,Bueno,1,MAZDA,PLATA,1,,34,MASCULINO,SIN DATOS,0,0,Álvaro Obregón,Sin datos,febrero,miércoles,14,-101.033878326416,19.8333276069116
4548,4548,2017,,2017/02/08,14:30:00,COLISIÓN POR ALCANCE,ASFALTO,Bueno,Bueno,3,VOLKSWAGEN,VERDE,3,,32,MASCULINO,SIN DATOS,0,0,Morelia,Lomas de Guayangareo,febrero,miércoles,15,-101.160233169794,19.7045856126488
4549,4549,2017,,2017/02/08,15:00:00,COLISIÓN POR ALCANCE,ASFALTO,Bueno,Bueno,2,NISSAN,ARENA,2,,21,MASCULINO,SIN DATOS,0,0,Morelia,Centro,febrero,miércoles,15,-101.189993619919,19.7087129144823
4550,4550,2017,,2017/02/08,15:00:00,COLISIÓN POR CORTE DE CIRCULACIÓN,ASFALTO,Bueno,Bueno,2,KENWORTH,BLANCO,2,,46,MASCULINO,SIN DATOS,0,0,Morelia,Las Americas,febrero,miércoles,15,-101.151959896088,19.6889200877318
4551,4551,2017,,2017/02/08,15:30:00,COLISIÓN POR ALCANCE,CONCRETO,Bueno,Bueno,2,NISSAN,BLANCO,2,MINISTERIO PÚBLICO,55,FEMENINO,SIN DATOS,0,0,Morelia,Chapultepec Norte,febrero,miércoles,16,-101.171899437904,19.6966627633564
4552,4552,2017,,2017/02/08,16:05:00,COLISIÓN POR CORTE DE CIRCULACIÓN,ASFALTO,Bueno,Bueno,2,VENTO,NEGRO Y ROJO,3,,29,MASCULINO,SIN DATOS,1,0,Morelia,Isaac Arriaga,febrero,miércoles,16,-101.172095239162,19.7074352172502
4553,4553,2017,,2017/02/08,17:20:00,COLISIÓN POR ALCANCE,ASFALTO,Bueno,Bueno,3,VOLKSWAGEN,NEGRO,3,,23,FEMENINO,SIN DATOS,0,0,Morelia,Felix Ireta,febrero,miércoles,17,-101.192042827606,19.6824953524906
4554,4554,2017,,2017/02/08,20:25:00,COLISIÓN POR ALCANCE,ASFALTO,Bueno,Bueno,4,TOYOTA,GRIS,4,,32,FEMENINO,SIN DATOS,0,0,Morelia,Centro,febrero,miércoles,20,-101.204123497009,19.7025364415901