fid,id_accidente,anio_origen,folio_c5i,dia_incidente,hora_ocurrencia,tipo_incidente_vial,superficie_ocurrencia,condiciones_climaticas,condiciones_via,numero_vehiculos_involucrados,marca_vehiculo_ocasiona_siniestro,color_vehiculo_ocasiona_siniestro,numero_personas_involucradas,lugar_remite_presunto_responsable,edad_presunto_responsable,sexo_presunto_responsable,resultados_toxicologia,numero_personas_lesionadas,numero_personas_fallecidas,municipio,colonia,mes,dia_semana,hora_redondeada,lon,lat
4555,4555,2017,,2017/02/08,21:25:00,COLISIÓN POR CORTE DE CIRCULACIÓN,ASFALTO,Bueno,Regular,2,ITALIKA,AMARILLO,2,,17,MASCULINO,SIN DATOS,0,0,Morelia,Villas del Real,febrero,miércoles,21,-101.199225783348,19.7326047295162
4556,4556,2017,,2017/02/08,23:10:00,COLISIÓN POR ALCANCE,ASFALTO,Bueno,Regular,2,AUDI,PLATA,2,,47,MASCULINO,SIN DATOS,0,0,Morelia,Las Americas,febrero,miércoles,23,-101.15350484848,19.6874654532689
4557,4557,2017,,2017/02/09,"00:00:00",COLISIÓN POR CORTE DE CIRCULACIÓN,CONCRETO,Bueno,Bueno,1,FORD,BLANCO,1,,23,MASCULINO,SIN DATOS,0,0,Álvaro Obregón,Centro,febrero,jueves,0,-101.040221750736,19.8205324011241
4558,4558,2017,,2017/02/09,"01:00:00",COLISIÓN POR ALCANCE,CONCRETO,Bueno,Bueno,2,NISSAN,GRIS,2,,33,MASCULINO,CON CERTIFICADO,0,0,Morelia,Nueva Valladolid,febrero,jueves,1,-101.211644411087,19.7009405193948
4559,4559,2017,,2017/02/09,"02:40:00",SALIDA DE SUPERFICIE DE RODAMIENTO,ASFALTO,Bueno,Bueno,1,VOLKSWAGEN,VERDE,1,,31,MASCULINO,SIN DATOS,0,0,Morelia,Bosques Tres Marias,febrero,jueves,3,-101.10408782959,19.7244333100495
4560,4560,2017,,2017/02/09,"04:20:00",COLISIÓN CONTRA OBJETO FIJO,ASFALTO,Bueno,Bueno,1,VOLKSWAGEN,PLATA,1,,,,SIN DATOS,0,0,Morelia,Lomas de Las Americas Sur,febrero,jueves,4,-101.143312454224,19.6924556025115
4561,4561,2017,,2017/02/09,"07:50:00",COLISIÓN POR CORTE DE CIRCULACIÓN,ASFALTO,Bueno,Bueno,2,FREIGHTLINER,BLANCO,2,,22,MASCULINO,SIN DATOS,0,0,Morelia,Rinconada del Valle,febrero,jueves,8,-101.218993663788,19.678212052486
4562,4562,2017,,2017/02/09,10:10:00,COLISIÓN POR CORTE DE CIRCULACIÓN,ASFALTO,Bueno,Bueno,2,VOLKSWAGEN,AMARILLO,2,,0,MASCULINO,SIN DATOS,0,0,Morelia,Hacienda La Trinidad,febrero,jueves,10,-101.227394342422,19.6727163300464
4563,4563,2017,,2017/02/09,10:40:00,SALIDA DE SUPERFICIE DE RODAMIENTO,ASFALTO,Bueno,Bueno,1,NISSAN,BLANCO,1,,33,MASCULINO,SIN DATOS,0,0,Hidalgo,Sin datos,febrero,jueves,11,-100.657467842102,19.6779898026623
4564,4564,2017,,2017/02/09,12:00:00,COLISIÓN POR CORTE DE CIRCULACIÓN,CONCRETO,Bueno,Bueno,2,V.W.,BLANCO,2,,38,FEMENINO,SIN DATOS,0,0,Morelia,Lomas de Guayangareo,febrero,jueves,12,-101.162989139557,19.7047181828854
4565,4565,2017,,2017/02/09,12:40:00,COLISIÓN POR CORTE DE CIRCULACIÓN,ASFALTO,Bueno,Bueno,2,CHEVROLET,BLANCO/ROSA,2,,38,MASCULINO,SIN DATOS,0,0,Morelia,Ventura Puente,febrero,jueves,13,-101.179715394974,19.6908797827111
4566,4566,2017,,2017/02/09,13:30:00,COLISIÓN POR ALCANCE,ASFALTO,Bueno,Bueno,2,SEAT,GRIS ARTICO,2,,26,MASCULINO,SIN DATOS,0,0,Morelia,Enrique Arreguin Robles,febrero,jueves,14,-101.186163425446,19.7206864110145
4567,4567,2017,,2017/02/09,14:30:00,COLISIÓN POR ALCANCE,ASFALTO,Bueno,Bueno,2,FORD,BLANCO,2,,20,MASCULINO,SIN DATOS,0,0,Morelia,Santiaguito,febrero,jueves,15,-101.188593506813,19.7196966494337
4568,4568,2017,,2017/02/09,22:30:00,COLISIÓN POR CORTE DE CIRCULACIÓN,ASFALTO,Bueno,Bueno,1,FORD,NEGRO,1,,41,FEMENINO,SIN DATOS,0,0,Morelia,El Lago 1,febrero,jueves,23,-101.216998100281,19.7274832816003
4569,4569,2017,,2017/02/09,22:35:00,COLISIÓN CON PEATÓN,ASFALTO,Bueno,Bueno,1,FORD,GRIS,1,,35,MASCULINO,SIN DATOS,0,0,Morelia,Sin datos,febrero,jueves,23,-101.10985994339,19.7318965479547
4570,4570,2017,,2017/02/09,22:50:00,COLISIÓN POR ALCANCE,ASFALTO,Bueno,Bueno,2,V.W.,GRIS,2,,33,MASCULINO,SIN DATOS,0,0,Morelia,Elias Perez Avalos,febrero,jueves,23,-101.168975830078,19.7130206485069
4571,4571,2017,,2017/02/09,23:15:00,COLISIÓN POR CORTE DE CIRCULACIÓN,ASFALTO,Bueno,Bueno,2,FORD,ROJO,2,,25,,SIN DATOS,0,0,Morelia,Morelia 450,febrero,jueves,23,-101.214852333069,19.6745145835033
4572,4572,2017,,2017/02/09,23:40:00,COLISIÓN POR ALCANCE,ASFALTO,Bueno,Bueno,3,CHEVROLET,BLANCO,3,,51,MASCULINO,SIN DATOS,0,0,Morelia,Fracc Heroes Republicanos,febrero,jueves,0,-101.277916431427,19.6919505337517
4573,4573,2017,,2017/02/10,"01:40:00",COLISIÓN CON PEATÓN,ASFALTO,Bueno,Bueno,1,DODGE,ROJO,1,,48,MASCULINO,SIN DATOS,0,0,Morelia,Sin datos,febrero,viernes,2,-101.35814666748,19.6779089844682
4574,4574,2017,,2017/02/10,"05:40:00",COLISIÓN POR CORTE DE CIRCULACIÓN,ASFALTO,Bueno,Bueno,1,MERCEDES BENZ,BLANCO,2,,25,,SIN DATOS,1,0,Morelia,La Esperanza,febrero,viernes,6,-101.254076957703,19.69795064763
4575,4575,2017,"170170339",2017/02/10,"08:50:00",COLISIÓN POR ALCANCE,ASFALTO,Bueno,Bueno,2,HONDA,AZUL,2,,23,MASCULINO,SIN DATOS,0,0,Morelia,Felix Ireta,febrero,viernes,9,-101.191999912262,19.6824751485141
4576,4576,2017,"170170673",2017/02/10,10:40:00,COLISIÓN POR CORTE DE CIRCULACIÓN,CONCRETO,Bueno,Bueno,1,NISSAN,BLANCO,1,,28,MASCULINO,SIN DATOS,0,0,Morelia,Puerta Tres Marias Norte,febrero,viernes,11,-101.14185333252,19.6925364133652
4577,4577,2017,,2017/02/10,12:00:00,COLISIÓN POR CORTE DE CIRCULACIÓN,ASFALTO,Bueno,Bueno,2,VENTO,ROJO,2,,23,MASCULINO,SIN DATOS,0,0,Morelia,Los Manantiales de Morelia,febrero,viernes,12,-101.240243464708,19.692773795012
4578,4578,2017,"170171674",2017/02/10,14:20:00,COLISIÓN POR CORTE DE CIRCULACIÓN,ASFALTO,Bueno,Bueno,2,FREIGHTLINER,AZUL,2,,28,MASCULINO,SIN DATOS,0,0,Morelia,Chapultepec Sur,febrero,viernes,14,-101.165735721588,19.6891423223888
4579,4579,2017,"170171857",2017/02/10,15:35:00,COLISIÓN POR CORTE DE CIRCULACIÓN,CONCRETO,Bueno,Regular,1,HONDA,GRIS,2,,36,FEMENINO,SIN DATOS,0,0,Morelia,Felix Ireta,febrero,viernes,16,-101.181482970715,19.6876700120387
4580,4580,2017,"1672086",2017/02/10,16:15:00,COLISIÓN POR CORTE DE CIRCULACIÓN,ASFALTO,Bueno,Bueno,2,DODGE,ROJO,2,,48,MASCULINO,SIN DATOS,0,0,Morelia,Victor Manuel Tinoco Rubi,febrero,viernes,16,-101.243369579315,19.7004556791197
4581,4581,2017,"170172244",2017/02/10,18:05:00,COLISIÓN POR ALCANCE,ASFALTO,Bueno,Regular,2,HONDA,GRIS,2,MINISTERIO PÚBLICO,0,,SIN DATOS,1,0,Morelia,Alberto Oviedo Mota,febrero,viernes,18,-101.201108694077,19.6805557591299
4582,4582,2017,"170172492",2017/02/10,19:55:00,COLISIÓN POR CORTE DE CIRCULACIÓN,ASFALTO,Bueno,Bueno,2,NISSAN,ROJO,2,,53,MASCULINO,SIN DATOS,0,0,Morelia,Rinconada del Valle,febrero,viernes,20,-101.219186782837,19.6779291890205
4583,4583,2017,"170172486",2017/02/10,20:10:00,COLISIÓN POR CORTE DE CIRCULACIÓN,ASFALTO,Bueno,Bueno,2,FORD,BLANCO/ROJO,2,,45,MASCULINO,SIN DATOS,0,0,Morelia,Libertad,febrero,viernes,20,-101.236900091171,19.6848389964652
4585,4585,2017,,2017/02/10,21:45:00,COLISIÓN CONTRA OBJETO FIJO,CONCRETO,Bueno,Bueno,1,KENWORTH,AZUL,1,,46,MASCULINO,SIN DATOS,0,0,Tarímbaro,Torreon Nuevo (La Reserva),febrero,viernes,22,-101.193619966507,19.7481851915864
4586,4586,2017,,2017/02/10,22:55:00,SALIDA DE SUPERFICIE DE RODAMIENTO,ASFALTO,Bueno,Bueno,1,FORD,VINO,0,,,,,0,0,Tangancícuaro,Sin datos,febrero,viernes,23,-102.246751785278,19.9464840174412
4587,4587,2017,,2017/02/10,22:55:00,COLISIÓN CON PEATÓN,ASFALTO,Bueno,Bueno,1,FORD,SIN DATO,1,,,,SIN DATOS,0,0,Gabriel Zamora,Sin datos,febrero,viernes,23,-102.053804397583,19.1398166017566
4588,4588,2017,"17073392",2017/02/10,23:45:00,COLISIÓN POR CORTE DE CIRCULACIÓN,ADOQUIN_EMPEDRADO,Bueno,Bueno,2,SIN DATOS,SIN DATOS,2,,,,SIN DATOS,0,0,Morelia,Centro,febrero,viernes,0,-101.19022898376,19.7038634185732
4589,4589,2017,"010173519",2017/02/11,"00:45:00",COLISIÓN POR CORTE DE CIRCULACIÓN,CONCRETO,Bueno,Bueno,2,CHEVROLET,AMARILLO,2,,28,MASCULINO,SIN DATOS,0,0,Morelia,Cuauhtemoc,febrero,sábado,1,-101.179189682007,19.6936576597506
4590,4590,2017,"170493497",2017/02/11,"01:00:00",COLISIÓN POR ALCANCE,ASFALTO,Bueno,Bueno,1,DODGE,ARENA,1,,35,MASCULINO,SIN DATOS,0,0,Morelia,Centro,febrero,sábado,1,-101.193314194679,19.7030086496942
4591,4591,2017,"170173518",2017/02/11,"01:45:00",COLISIÓN CONTRA OBJETO FIJO,ASFALTO,Bueno,Bueno,3,HONDA,AZUL,4,,23,MASCULINO,SIN DATOS,1,0,Morelia,Victor Manuel Tinoco Rubi,febrero,sábado,2,-101.243348121643,19.700395073982
4592,4592,2017,,2017/02/11,"03:30:00",COLISIÓN CONTRA OBJETO FIJO,ASFALTO,Bueno,Bueno,1,FORD,ROJO,0,,,,,0,0,Lázaro Cárdenas,1Er Sect de Fidelac,febrero,sábado,4,-102.189068198204,17.960717872354
4593,4593,2017,"170173772",2017/02/11,"07:50:00",COLISIÓN POR CORTE DE CIRCULACIÓN,ASFALTO,Bueno,Bueno,2,NISSAN,BLANCO,2,,,MASCULINO,SIN DATOS,0,0,Morelia,Ignacio Zaragoza,febrero,sábado,8,-101.204093322158,19.7253687586722
4594,4594,2017,"170174312",2017/02/11,10:40:00,COLISIÓN POR CORTE DE CIRCULACIÓN,ASFALTO,Bueno,Bueno,2,RENAULT,GRIS,2,,17,MASCULINO,SIN DATOS,0,0,Morelia,Fuentes de Morelia,febrero,sábado,11,-101.203982681036,19.6713019592185
4595,4595,2017,"170174420",2017/02/11,10:50:00,COLISIÓN POR CORTE DE CIRCULACIÓN,ASFALTO,Bueno,Bueno,2,TOYOTA,GRIS,2,,37,MASCULINO,SIN DATOS,0,0,Morelia,San Pascual,febrero,sábado,11,-101.268684267998,19.6948395055468
4597,4597,2017,"170175399",2017/02/11,15:20:00,COLISIÓN POR CORTE DE CIRCULACIÓN,ASFALTO,Bueno,Bueno,3,KEENWOTH,BLANCO,2,,45,MASCULINO,SIN DATOS,0,0,Morelia,Quinceo,febrero,sábado,15,-101.224122047424,19.7253220494916
4598,4598,2017,"170176326",2017/02/11,17:30:00,COLISIÓN POR CORTE DE CIRCULACIÓN,CONCRETO,Bueno,Bueno,2,CHEVROLET,BLANCO,2,,50,MASCULINO,SIN DATOS,0,0,Morelia,Ana Maria Gallaga (Riviera Norte),febrero,sábado,18,-101.219508647919,19.6770199816421
4599,4599,2017,"170176322",2017/02/11,17:35:00,COLISIÓN POR CORTE DE CIRCULACIÓN,ASFALTO,Bueno,Bueno,2,ITALIKA,NARANJA,2,,33,MASCULINO,SIN DATOS,0,0,Morelia,Enrique Arreguin Robles,febrero,sábado,18,-101.178824901581,19.7203733238302
4600,4600,2017,,2017/02/11,18:00:00,COLISIÓN POR CORTE DE CIRCULACIÓN,ASFALTO,Bueno,Regular,1,CHEVROLET,GRIS,1,MINISTERIO PÚBLICO,0,,SIN DATOS,0,0,Sin datos,Sin datos,febrero,sábado,18,-101.347889900208,20.1446348119813
4601,4601,2017,,2017/02/11,18:00:00,COLISIÓN POR CORTE DE CIRCULACIÓN,ASFALTO,Bueno,Bueno,2,Nissan,Plata,3,,40,MASCULINO,SIN DATOS,1,0,Apatzingán,Morelos,febrero,sábado,18,-102.361786365509,19.0905798814523
4602,4602,2017,"170176608",2017/02/11,18:30:00,COLISIÓN POR CORTE DE CIRCULACIÓN,ASFALTO,Bueno,Regular,2,SCANRA,BLANCO,2,,47,MASCULINO,SIN DATOS,0,0,Morelia,Felix Arreguin,febrero,sábado,19,-101.228113174438,19.7194037596275
4603,4603,2017,"170176827",2017/02/11,19:30:00,COLISIÓN POR CORTE DE CIRCULACIÓN,ASFALTO,Bueno,Bueno,2,YAMAHA,NEGRO,2,,54,MASCULINO,SIN DATOS,0,0,Morelia,Centro,febrero,sábado,20,-101.193480491638,19.6962233651744
4604,4604,2017,"170176982",2017/02/11,19:50:00,COLISIÓN POR CORTE DE CIRCULACIÓN,ASFALTO,Bueno,Bueno,2,SIN DATOS,NEGRO,2,,31,MASCULINO,SIN DATOS,0,0,Morelia,Libertad,febrero,sábado,20,-101.23815536499,19.6874654532689
4605,4605,2017,"170176835",2017/02/11,19:50:00,COLISIÓN POR CORTE DE CIRCULACIÓN,CONCRETO,Bueno,Bueno,2,CHEVROLET,NEGRO,2,,20,MASCULINO,SIN DATOS,0,0,Morelia,Gertrudis Sanchez,febrero,sábado,20,-101.199767589569,19.7415406758861
4606,4606,2017,"170177207",2017/02/11,19:50:00,COLISIÓN POR CORTE DE CIRCULACIÓN,ASFALTO,Bueno,Bueno,2,NISSAN,BLANCO,2,,,MASCULINO,SIN DATOS,0,0,Morelia,Ana Maria Gallaga (Riviera Norte),febrero,sábado,20,-101.223649978638,19.6767320648967
4607,4607,2017,"170176915",2017/02/11,20:30:00,COLISIÓN CONTRA OBJETO FIJO,ADOQUIN_EMPEDRADO,Bueno,Regular,2,MERCEDES BENZ,BLANCO Y ROJO,2,,,MASCULINO,SIN DATOS,0,0,Morelia,Santa Maria de Guido,febrero,sábado,21,-101.19192481041,19.6733957287382
4608,4608,2017,"170177446",2017/02/11,21:20:00,COLISIÓN POR ALCANCE,ASFALTO,Bueno,Bueno,3,NISSAN,BLANCO,3,,63,FEMENINO,SIN DATOS,0,0,Morelia,Lomas de Huerta,febrero,sábado,21,-101.211075782776,19.6727567404581
4609,4609,2017,"170177253",2017/02/11,21:30:00,SUBIDA AL CAMELLÓN,SIN_DATOS,Bueno,Bueno,1,DODGE,MORADO,0,,,,,0,0,Morelia,La Colina,febrero,sábado,22,-101.21614381671,19.7038962456474
4610,4610,2017,"170177492",2017/02/11,22:40:00,COLISIÓN CONTRA OBJETO FIJO,ASFALTO,Bueno,Bueno,2,TOYOTA,BLANCO,2,,37,MASCULINO,SIN DATOS,0,0,Morelia,Victor Manuel Tinoco Rubi,febrero,sábado,23,-101.243305206299,19.7006980994409
4612,4612,2017,"170177564",2017/02/11,23:10:00,COLISIÓN POR ALCANCE,ASFALTO,Bueno,Bueno,2,DODGE,BLANCO Y ROJO,2,MINISTERIO PÚBLICO,,,SIN DATOS,0,0,Morelia,Rafael Carrillo,febrero,sábado,23,-101.236910820007,19.7072837109726
4613,4613,2017,"170177872",2017/02/12,"04:30:00",COLISIÓN CONTRA OBJETO FIJO,ASFALTO,Bueno,Bueno,1,SEAT,SIN  DATOS,0,,,,,0,0,Morelia,Congreso Constituyente de Michoacan,febrero,domingo,5,-101.170338392258,19.7212115881401
4614,4614,2017,"170177882",2017/02/12,"04:35:00",COLISIÓN POR CORTE DE CIRCULACIÓN,SIN_DATOS,Bueno,Malo,1,BOMAG,AMARILLO,1,,,,SIN DATOS,0,0,Morelia,Infonavit Benito Juarez,febrero,domingo,5,-101.197772026062,19.6840106434616
4615,4615,2017,"170177960",2017/02/12,"06:30:00",COLISIÓN POR CORTE DE CIRCULACIÓN,ASFALTO,Bueno,Bueno,2,NISSAN,BLANCO,2,,25,MASCULINO,SIN DATOS,0,0,Morelia,Las Americas,febrero,domingo,7,-101.152217388153,19.6886776495723
4616,4616,2017,"170178004",2017/02/12,"07:40:00",SUBIDA AL CAMELLÓN,ASFALTO,Bueno,Bueno,1,CHEVROLET,AZUL,1,,26,FEMENINO,SIN DATOS,0,0,Morelia,Ciudad Industrial,febrero,domingo,8,-101.13795876503,19.7286850755926
4617,4617,2017,"170178164",2017/02/12,"08:20:00",COLISIÓN POR CORTE DE CIRCULACIÓN,ASFALTO,Bueno,Bueno,2,VOLKSWAGEN,GRIS,2,,46,MASCULINO,SIN DATOS,0,0,Morelia,Asociacion Zirahuen,febrero,domingo,8,-101.250214576721,19.6987991304293
4618,4618,2017,"170178269",2017/02/12,"09:30:00",CAIDA DE MOTOCICLETA,ASFALTO,Bueno,Regular,1,ITALIKA,GRIS,1,,31,MASCULINO,SIN DATOS,0,0,Morelia,Diego Rivera,febrero,domingo,10,-101.175928115845,19.7183533917715
4619,4619,2017,"1678651",2017/02/12,11:30:00,COLISIÓN POR CORTE DE CIRCULACIÓN,ASFALTO,Bueno,Bueno,2,VOLKSWAGEN,GRIS,2,,27,FEMENINO,SIN DATOS,0,0,Morelia,San Jose Itzicuaro,febrero,domingo,12,-101.304202079773,19.6879907394604
4620,4620,2017,"170179324",2017/02/12,15:55:00,COLISIÓN POR CORTE DE CIRCULACIÓN,CONCRETO,Bueno,Bueno,2,ITALIKA,NARANJA,2,,24,MASCULINO,SIN DATOS,0,0,Morelia,Erendira,febrero,domingo,16,-101.164582371712,19.7032586416557
4621,4621,2017,,2017/02/12,16:40:00,VOLCADURA,TERRACERIA,Bueno,Malo,1,CHEVROLET,ARENA,1,,34,MASCULINO,SIN DATOS,0,0,Puruándiro,Sin datos,febrero,domingo,17,-101.461229324341,20.0789885407332
4622,4622,2017,"1701794370",2017/02/12,16:50:00,CAIDA DE MOTOCICLETA,ASFALTO,Bueno,Regular,1,ITALIKA,NEGRO,1,,19,MASCULINO,SIN DATOS,0,0,Morelia,Gertrudis Sanchez,febrero,domingo,17,-101.203415393829,19.7401067167633
4623,4623,2017,"170179696",2017/02/12,18:00:00,COLISIÓN POR ALCANCE,ASFALTO,Bueno,Bueno,2,NISSAN,BLANCO Y ROJO,8,MINISTERIO PÚBLICO,,,SIN DATOS,6,0,Morelia,Sin datos,febrero,domingo,18,-101.325659751892,19.6859299914447
4624,4624,2017,,2017/02/12,18:30:00,COLISIÓN POR CORTE DE CIRCULACIÓN,ADOQUIN_EMPEDRADO,Bueno,Bueno,2,FORD,BLANCO,2,,17,MASCULINO,SIN DATOS,0,0,Cuitzeo,Centro,febrero,domingo,19,-101.139825582504,19.9685086251687
4625,4625,2017,"170179814",2017/02/12,18:40:00,COLISIÓN CONTRA OBJETO FIJO,ASFALTO,Bueno,Bueno,1,VOLKSWAGEN,BLANCO,1,,,,SIN DATOS,0,0,Morelia,Pascual Ortiz de Ayala,febrero,domingo,19,-101.150849461555,19.697026402319
4626,4626,2017,,2017/02/12,20:35:00,COLISIÓN POR CORTE DE CIRCULACIÓN,ASFALTO,Bueno,Bueno,2,CHEVROLET,CAFE,1,,28,MASCULINO,SIN DATOS,0,0,Tarímbaro,Sin datos,febrero,domingo,21,-101.134643554688,19.7761537507881
4627,4627,2017,,2017/02/12,20:45:00,VOLCADURA,ASFALTO,Bueno,Regular,1,NISSAN,GUINDA,1,,23,MASCULINO,SIN DATOS,0,0,Puruándiro,Sin datos,febrero,domingo,21,-101.48551940918,20.1170739863945
4628,4628,2017,"170180310",2017/02/12,21:20:00,COLISIÓN CON PEATÓN,ASFALTO,Bueno,Regular,1,SIN DATOS,SIN  DATOS,1,,,,,0,1,Morelia,Los Angeles,febrero,domingo,21,-101.175557971001,19.7436789677685
4629,4629,2017,"1700180310",2017/02/12,21:40:00,COLISIÓN POR ALCANCE,CONCRETO,Bueno,Bueno,3,NISSAN,NEGRO,3,MINISTERIO PÚBLICO,,MASCULINO,SIN DATOS,0,0,Morelia,Infonavit  Las  Camelinas,febrero,domingo,22,-101.174383163452,19.6818437729656
4630,4630,2017,"170180582",2017/02/12,22:50:00,COLISIÓN POR ALCANCE,ASFALTO,Bueno,Bueno,2,VOLKSWAGEN,BLANCO Y GRIS,2,,,,SIN DATOS,0,0,Tarímbaro,Sin datos,febrero,domingo,23,-101.170992851257,19.7526079833423
4631,4631,2017,"170181223",2017/02/13,"09:00:00",COLISIÓN POR CORTE DE CIRCULACIÓN,ASFALTO,Bueno,Bueno,2,CHEVROLET,ROJO,2,,37,FEMENINO,SIN DATOS,0,0,Morelia,Diego Rivera,febrero,lunes,9,-101.175380945206,19.7178383050124
4632,4632,2017,"170181527",2017/02/13,10:00:00,COLISIÓN POR ALCANCE,ASFALTO,Bueno,Bueno,2,NISSAN,BLANCO,2,,24,MASCULINO,SIN DATOS,0,0,Morelia,La Colina,febrero,lunes,10,-101.216139793396,19.7039202346588
4633,4633,2017,"170181511",2017/02/13,10:20:00,COLISIÓN CONTRA OBJETO FIJO,ASFALTO,Bueno,Bueno,1,NISSAN,BLANCO,1,,28,MASCULINO,SIN DATOS,0,0,Tarímbaro,Sin datos,febrero,lunes,10,-101.160135269165,19.7669862581089
4634,4634,2017,"170182082",2017/02/13,12:10:00,COLISIÓN POR CORTE DE CIRCULACIÓN,ASFALTO,Bueno,Bueno,2,CHEVROLET,AZUL,2,,,,SIN DATOS,0,0,Morelia,Las Americas,febrero,lunes,12,-101.156315803528,19.687869519723
4635,4635,2017,"170178231",2017/02/13,12:30:00,COLISIÓN POR CORTE DE CIRCULACIÓN,ASFALTO,Bueno,Bueno,2,CHEVROLET,VERDE,2,,49,MASCULINO,SIN DATOS,0,0,Morelia,Jardines de Torremolinos,febrero,lunes,13,-101.225731372833,19.6769997769751
4636,4636,2017,"170182475",2017/02/13,13:10:00,COLISIÓN POR CORTE DE CIRCULACIÓN,ASFALTO,Bueno,Bueno,1,MASA,AZUL,1,,56,MASCULINO,SIN DATOS,0,0,Morelia,Centro,febrero,lunes,13,-101.194231510162,19.703102081079
4637,4637,2017,,2017/02/13,13:30:00,COLISIÓN POR CORTE DE CIRCULACIÓN,ASFALTO,Bueno,Bueno,2,TOYOTA HIACE,BLANCO FRANJA AMARILLA,4,MINISTERIO PÚBLICO,29,MASCULINO,SIN DATOS,2,0,Lázaro Cárdenas,Solidaridad Nacional,febrero,lunes,14,-102.209868729115,17.9713471017693
4638,4638,2017,"170182414",2017/02/13,13:50:00,SALIDA DE SUPERFICIE DE RODAMIENTO,ASFALTO,Bueno,Bueno,2,NISSAN,NEGRO,2,,28,MASCULINO,SIN DATOS,0,0,Morelia,Libertad,febrero,lunes,14,-101.237812042236,19.686859351676
4639,4639,2017,"137048",2017/02/13,14:30:00,COLISIÓN CONTRA OBJETO FIJO,CONCRETO,Bueno,Regular,2,NISSAN,ROJO,2,,,MASCULINO,SIN DATOS,0,0,Morelia,Central de Abastos,febrero,lunes,15,-101.169517636299,19.7159243896715
4640,4640,2017,,2017/02/13,15:10:00,COLISIÓN CONTRA OBJETO FIJO,ASFALTO,Bueno,Regular,2,CADILLAC,BLANCO,2,,35,MASCULINO,SIN DATOS,0,0,Morelia,Centro,febrero,lunes,15,-101.19952082634,19.6982435767239
4641,4641,2017,"170183256",2017/02/13,15:30:00,COLISIÓN POR ALCANCE,ASFALTO,Bueno,Bueno,2,CHEVROLET,GRIS,2,,45,MASCULINO,SIN DATOS,0,0,Morelia,Cinco de Diciembre,febrero,lunes,16,-101.160843372345,19.6880311460191
4642,4642,2017,"170183302",2017/02/13,15:40:00,COLISIÓN POR ALCANCE,ASFALTO,Bueno,Bueno,2,V.W.,GRIS Y NEGRO,2,MINISTERIO PÚBLICO,39,MASCULINO,SIN DATOS,0,0,Morelia,Bosques de Oriente,febrero,lunes,16,-101.155387759209,19.7156819924264
4643,4643,2017,,2017/02/13,17:05:00,COLISIÓN POR CORTE DE CIRCULACIÓN,ASFALTO,Bueno,Bueno,2,V.W.,BLANCO,2,,37,FEMENINO,SIN DATOS,0,0,Morelia,Ventura Puente,febrero,lunes,17,-101.181163787842,19.6886574463758
4644,4644,2017,,2017/02/13,20:30:00,COLISIÓN POR CORTE DE CIRCULACIÓN,ASFALTO,Bueno,Bueno,2,FORD,GUINDA,2,,58,MASCULINO,SIN DATOS,0,0,Huandacareo,Sin datos,febrero,lunes,21,-101.232061386108,19.9639506711244
4645,4645,2017,"170184483",2017/02/13,21:20:00,COLISIÓN POR CORTE DE CIRCULACIÓN,ASFALTO,Bueno,Bueno,2,V.W.,NEGRO,2,,21,MASCULINO,SIN DATOS,0,0,Morelia,Libertad,febrero,lunes,21,-101.236943006516,19.6848794038192
4646,4646,2017,"170185625",2017/02/14,"07:25:00",COLISIÓN POR ALCANCE,CONCRETO,Bueno,Bueno,2,FORD,BLANCO,2,,37,MASCULINO,SIN DATOS,0,0,Morelia,Centro,febrero,martes,7,-101.203974634409,19.7024745746497
4647,4647,2017,"170183609",2017/02/14,"07:30:00",COLISIÓN POR ALCANCE,CONCRETO,Bueno,Bueno,2,NISSAN,ROJO,2,,22,FEMENINO,SIN DATOS,0,0,Morelia,Felix Ireta,febrero,martes,8,-101.180825829506,19.6854299530017
4648,4648,2017,"171085699",2017/02/14,"08:45:00",COLISIÓN POR CORTE DE CIRCULACIÓN,ASFALTO,Bueno,Bueno,2,NISSAN,ROJO,2,,42,MASCULINO,SIN DATOS,0,0,Morelia,Camelinas,febrero,martes,9,-101.174190044403,19.6820710684498
4649,4649,2017,"170185862",2017/02/14,"08:50:00",COLISIÓN POR CORTE DE CIRCULACIÓN,ASFALTO,Bueno,Bueno,2,CHEVROLET,GRIS,1,,38,MASCULINO,SIN DATOS,0,0,Morelia,Ventura Puente,febrero,martes,9,-101.17972612381,19.6908797827111
4650,4650,2017,"070185773",2017/02/14,"09:30:00",COLISIÓN POR ALCANCE,ASFALTO,Bueno,Bueno,2,CHRYSLER,AZUL,2,MINISTERIO PÚBLICO,56,FEMENINO,SIN DATOS,0,0,Morelia,Nueva Jacarndas,febrero,martes,10,-101.188051700592,19.6814548443891
4651,4651,2017,"170185934",2017/02/14,10:40:00,COLISIÓN CON PEATÓN,ASFALTO,Bueno,Bueno,1,SEAT,NEGRO,0,MINISTERIO PÚBLICO,,,,0,0,Morelia,Nueva Chapultepec,febrero,martes,11,-101.173889636993,19.6877470371868
4652,4652,2017,,2017/02/14,12:00:00,SALIDA DE SUPERFICIE DE RODAMIENTO,ASFALTO,Bueno,Bueno,1,NISSAN,NEGRO,1,,33,MASCULINO,SIN DATOS,0,0,Cuitzeo,Los Granados,febrero,martes,12,-101.140372753143,19.9750831409517
4653,4653,2017,"170188550",2017/02/14,13:00:00,SUBIDA AL CAMELLÓN,ASFALTO,Bueno,Bueno,0,,,0,,,,,0,0,Morelia,Quinceo,febrero,martes,13,-101.224250793457,19.7254634394017