fid,id_accidente,anio_origen,folio_c5i,dia_incidente,hora_ocurrencia,tipo_incidente_vial,superficie_ocurrencia,condiciones_climaticas,condiciones_via,numero_vehiculos_involucrados,marca_vehiculo_ocasiona_siniestro,color_vehiculo_ocasiona_siniestro,numero_personas_involucradas,lugar_remite_presunto_responsable,edad_presunto_responsable,sexo_presunto_responsable,resultados_toxicologia,numero_personas_lesionadas,numero_personas_fallecidas,municipio,colonia,mes,dia_semana,hora_redondeada,lon,lat
4654,4654,2017,"17018629",2017/02/14,13:10:00,COLISIÓN POR ALCANCE,ASFALTO,Bueno,Bueno,2,CHEVROLET,BLANCO,4,,43,MASCULINO,SIN DATOS,2,0,Morelia,Campestre Los Manantiales,febrero,martes,13,-101.238284111023,19.6879705361772
4655,4655,2017,"170185950",2017/02/14,13:20:00,COLISIÓN POR CORTE DE CIRCULACIÓN,ASFALTO,Bueno,Bueno,7,CHEVROLET,BLANCO,7,MINISTERIO PÚBLICO,29,MASCULINO,SIN DATOS,0,0,Morelia,Sentimientos de La Nacion,febrero,martes,13,-101.235730648041,19.6820104563522
4656,4656,2017,"170186335",2017/02/14,13:30:00,COLISIÓN POR CORTE DE CIRCULACIÓN,ASFALTO,Bueno,Bueno,2,FORD,VIOLETA,2,,46,MASCULINO,SIN DATOS,0,0,Morelia,Avicola Benito Juarez,febrero,martes,14,-101.27956867218,19.6915666804285
4657,4657,2017,"170186531",2017/02/14,14:00:00,COLISIÓN POR CORTE DE CIRCULACIÓN,ASFALTO,Bueno,Bueno,1,DODGE,AMARILLO,1,,34,MASCULINO,SIN DATOS,0,0,Morelia,Loma del Salto,febrero,martes,14,-101.202020645142,19.6581072987215
4658,4658,2017,"170186762",2017/02/14,15:40:00,COLISIÓN CONTRA OBJETO FIJO,ASFALTO,Bueno,Bueno,2,FORD,AZUL,2,,18,MASCULINO,SIN DATOS,0,0,Morelia,Chapultepec Oriente,febrero,martes,16,-101.162500977516,19.6887363650977
4659,4659,2017,"170186982",2017/02/14,16:00:00,CAIDA DE MOTOCICLETA,CONCRETO,Bueno,Bueno,1,ITALIKA,NEGRO,3,,24,FEMENINO,SIN DATOS,2,0,Morelia,Indeco Expropiacion Petrolera,febrero,martes,16,-101.225734055042,19.6871194705573
4660,4660,2017,"170187078",2017/02/14,16:50:00,COLISIÓN POR ALCANCE,ASFALTO,Bueno,Bueno,2,MAZDA,ROJO,3,,31,FEMENINO,SIN DATOS,1,0,Morelia,Lazaro Cardenas,febrero,martes,17,-101.163740158081,19.7080311405494
4661,4661,2017,"170187206",2017/02/14,17:20:00,COLISIÓN CONTRA OBJETO FIJO,CONCRETO,Bueno,Bueno,2,CHEVROLET,BLANCO,2,,51,MASCULINO,SIN DATOS,0,0,Morelia,Lomas de Vista Bella,febrero,martes,17,-101.197471618652,19.6710317119435
4662,4662,2017,"170187487",2017/02/14,17:30:00,COLISIÓN POR CORTE DE CIRCULACIÓN,CONCRETO,Bueno,Bueno,2,AUDI,GRIS,2,,27,FEMENINO,SIN DATOS,0,0,Morelia,Las Americas,febrero,martes,18,-101.157174110413,19.6879301296032
4663,4663,2017,"170147313",2017/02/14,17:30:00,COLISIÓN POR CORTE DE CIRCULACIÓN,ASFALTO,Bueno,Bueno,1,V.W.,BLANCO,1,,68,MASCULINO,SIN DATOS,0,0,Tarímbaro,Metropolis,febrero,martes,18,-101.204820871353,19.7569498742609
4664,4664,2017,"170187351",2017/02/14,18:10:00,COLISIÓN POR CORTE DE CIRCULACIÓN,ASFALTO,Bueno,Bueno,2,ITALIKA,ROJO,3,,30,FEMENINO,SIN DATOS,1,0,Morelia,Francisco J Mujica,febrero,martes,18,-101.19110673666,19.7228401312349
4665,4665,2017,"170187843",2017/02/14,20:00:00,COLISIÓN POR CORTE DE CIRCULACIÓN,CONCRETO,Bueno,Bueno,2,ITALIKA,ROJO,2,MINISTERIO PÚBLICO,21,MASCULINO,SIN DATOS,0,0,Morelia,Prados Verdes,febrero,martes,20,-101.204203628004,19.72073690889
4666,4666,2017,"170188002",2017/02/14,20:14:00,COLISIÓN POR ALCANCE,ASFALTO,Bueno,Bueno,2,V.W.,BLANCO,2,,33,MASCULINO,SIN DATOS,0,0,Morelia,Virreyes,febrero,martes,20,-101.156812682748,19.6953811819538
4667,4667,2017,"170187979",2017/02/14,20:30:00,COLISIÓN POR CORTE DE CIRCULACIÓN,ASFALTO,Bueno,Bueno,3,KENWORTH,BLANCO Y AZUL,3,,42,MASCULINO,SIN DATOS,0,0,Morelia,Villas del Real,febrero,martes,21,-101.199467182159,19.7316238782811
4668,4668,2017,"170188373",2017/02/14,22:30:00,COLISIÓN POR CORTE DE CIRCULACIÓN,SIN_DATOS,Bueno,Bueno,2,YAMAHA,NEGRO,2,,29,MASCULINO,SIN DATOS,0,0,Morelia,Felix Ireta,febrero,martes,23,-101.192048862576,19.6850385076765
4669,4669,2017,"17018836",2017/02/14,23:10:00,COLISIÓN POR CORTE DE CIRCULACIÓN,ASFALTO,Bueno,Bueno,2,CHEVROLET,BLANCO,1,,26,FEMENINO,SIN DATOS,0,0,Morelia,Las Americas,febrero,martes,23,-101.158944368362,19.6880311460191
4670,4670,2017,"170189239",2017/02/15,"08:40:00",COLISIÓN POR CORTE DE CIRCULACIÓN,ASFALTO,Bueno,Malo,2,MERCEDES BENZ,BLANCO Y AZUL,2,,31,MASCULINO,SIN DATOS,0,0,Morelia,Indeco Santiaguito,febrero,miércoles,9,-101.174683570862,19.7223124345921
4671,4671,2017,LEG4991,2017/02/15,"08:55:00",COLISIÓN POR ALCANCE,ASFALTO,Bueno,Bueno,2,CHEVROLET,AZUL,2,,52,FEMENINO,SIN DATOS,0,0,Morelia,Las Margaritas,febrero,miércoles,9,-101.209082901478,19.7083770780563
4672,4672,2017,"170189388",2017/02/15,"09:20:00",COLISIÓN POR ALCANCE,ASFALTO,Bueno,Bueno,3,NISSAN,GRIS,3,,40,MASCULINO,SIN DATOS,0,0,Morelia,Reforma,febrero,miércoles,9,-101.240043640137,19.7063140673985
4673,4673,2017,"170189554",2017/02/15,"09:30:00",COLISIÓN POR ALCANCE,ASFALTO,Bueno,Bueno,2,CHEVROLET,GUINDA,2,,31,FEMENINO,SIN DATOS,0,0,Morelia,Poblado de Ocolusen,febrero,miércoles,10,-101.150329113007,19.6916575931408
4674,4674,2017,"170190139",2017/02/15,12:15:00,COLISIÓN POR CORTE DE CIRCULACIÓN,ASFALTO,Bueno,Bueno,2,NISSAN,ROJO,2,,18,MASCULINO,SIN DATOS,0,0,Morelia,Arcos del Valle,febrero,miércoles,12,-101.232592463493,19.7028748154533
4675,4675,2017,,2017/02/15,14:00:00,VOLCADURA,ASFALTO,Bueno,Bueno,1,NISSAN,BLANCO,1,MINISTERIO PÚBLICO,,,,0,1,Tacámbaro,Sin datos,febrero,miércoles,14,-101.446080207825,19.1865155718078
4677,4677,2017,"170190994",2017/02/15,15:25:00,COLISIÓN CONTRA OBJETO FIJO,CONCRETO,Bueno,Bueno,2,V.W.,PLATA,1,,29,FEMENINO,SIN DATOS,0,0,Morelia,Vasco de Quiroga,febrero,miércoles,15,-101.171518564224,19.6974455962089
4678,4678,2017,"170191529",2017/02/15,15:50:00,COLISIÓN POR CORTE DE CIRCULACIÓN,ASFALTO,Bueno,Bueno,2,MERCEDES BENZ,AZUL,2,,31,FEMENINO,SIN DATOS,0,0,Morelia,Pascual Ortiz de Ayala,febrero,miércoles,16,-101.149352788925,19.6947687970694
4679,4679,2017,,2017/02/15,18:45:00,COLISIÓN CON PEATÓN,ASFALTO,Bueno,Regular,1,INTERNATIONAL,GRIS,2,,32,MASCULINO,SIN DATOS,1,0,José Sixto Verduzco,Sin datos,febrero,miércoles,19,-101.609888076782,20.2853446909835
4680,4680,2017,"170192617",2017/02/15,19:00:00,COLISIÓN POR CORTE DE CIRCULACIÓN,CONCRETO,Bueno,Bueno,3,MITSUBISHI,AZUL,3,,45,FEMENINO,SIN DATOS,0,0,Morelia,Rinconada del Valle,febrero,miércoles,19,-101.223145723343,19.6778281662333
4681,4681,2017,"1701927202",2017/02/15,19:50:00,COLISIÓN POR CORTE DE CIRCULACIÓN,CONCRETO,Bueno,Bueno,2,FORD,BLANCO,2,,32,MASCULINO,SIN DATOS,0,0,Morelia,Torreon Nuevo,febrero,miércoles,20,-101.211515665054,19.7489627232183
4682,4682,2017,LEG5002,2017/02/15,20:50:00,COLISIÓN POR CORTE DE CIRCULACIÓN,ASFALTO,Bueno,Bueno,2,ITALIKA,NEGRO,2,,22,MASCULINO,SIN DATOS,0,0,Morelia,Centro,febrero,miércoles,21,-101.178181171417,19.6992637738655
4683,4683,2017,"170192918",2017/02/15,21:25:00,COLISIÓN POR CORTE DE CIRCULACIÓN,ASFALTO,Bueno,Bueno,3,DODGE,AZUL,3,,39,MASCULINO,SIN DATOS,0,0,Morelia,Libertad,febrero,miércoles,21,-101.236932277679,19.684909709328
4684,4684,2017,"170192985",2017/02/15,21:55:00,COLISIÓN POR ALCANCE,ASFALTO,Bueno,Bueno,2,CHEVROLET,AZUL,2,,66,MASCULINO,SIN DATOS,0,0,Morelia,Centro,febrero,miércoles,22,-101.178202629089,19.6994455904951
4685,4685,2017,"170192996",2017/02/15,22:40:00,COLISIÓN POR CORTE DE CIRCULACIÓN,CONCRETO,Bueno,Bueno,2,V.W.,GRIS,2,,30,MASCULINO,SIN DATOS,0,0,Morelia,Chapultepec Sur,febrero,miércoles,23,-101.174603104591,19.6924101463883
4686,4686,2017,"170193365",2017/02/16,"01:30:00",COLISIÓN POR CORTE DE CIRCULACIÓN,ASFALTO,Bueno,Bueno,1,NISSAN,BLANCO Y NARANJA,1,,38,MASCULINO,SIN DATOS,0,0,Tarímbaro,Sin datos,febrero,jueves,2,-101.170949935913,19.7525877882248
4687,4687,2017,"170197038",2017/02/16,"05:05:00",COLISIÓN POR ALCANCE,ASFALTO,Bueno,Bueno,2,V.W.,AZUL,1,,58,MASCULINO,SIN DATOS,0,0,Morelia,Reforma,febrero,jueves,5,-101.241760253906,19.7058090423758
4688,4688,2017,"170193325",2017/02/16,"06:35:00",COLISIÓN POR CORTE DE CIRCULACIÓN,ASFALTO,Bueno,Bueno,2,TOYOTA,BLANCO Y GRIS,1,,55,MASCULINO,SIN DATOS,0,0,Morelia,Victor Manuel Tinoco Rubi,febrero,jueves,7,-101.242897510529,19.7005970910184
4689,4689,2017,"170193392",2017/02/16,"07:30:00",COLISIÓN POR ALCANCE,ASFALTO,Bueno,Bueno,2,NISSAN,BLANCO,2,,24,MASCULINO,SIN DATOS,0,0,Morelia,Villas de La Esperanza,febrero,jueves,8,-101.272573471069,19.6937687738295
4690,4690,2017,"170193778",2017/02/16,"09:45:00",COLISIÓN POR CORTE DE CIRCULACIÓN,ASFALTO,Bueno,Bueno,2,KENWORTH,BLANCO,2,,39,MASCULINO,SIN DATOS,0,0,Morelia,Francisco J Mujica,febrero,jueves,10,-101.190991401672,19.7228376063747
4691,4691,2017,"170193792",2017/02/16,"09:55:00",COLISIÓN POR CORTE DE CIRCULACIÓN,ASFALTO,Nublado,Regular,2,MITSUBISHI,NEGRO,2,,42,FEMENINO,SIN DATOS,0,0,Morelia,Industrial,febrero,jueves,10,-101.197884678841,19.7069125199863
4692,4692,2017,LEG5033,2017/02/16,10:00:00,COLISIÓN POR ALCANCE,CONCRETO,Bueno,Bueno,2,NISSAN,ROJO,2,MINISTERIO PÚBLICO,26,MASCULINO,SIN DATOS,0,0,Morelia,Centro,febrero,jueves,10,-101.196044683456,19.7031323831381
4693,4693,2017,"170194205",2017/02/16,10:20:00,COLISIÓN POR CORTE DE CIRCULACIÓN,ASFALTO,Bueno,Bueno,1,CHEVROLET,GRIS,1,,26,MASCULINO,SIN DATOS,0,0,Morelia,Indeco El Vivero,febrero,jueves,10,-101.231739521027,19.6776968365146
4694,4694,2017,"1700194148",2017/02/16,11:00:00,COLISIÓN POR CORTE DE CIRCULACIÓN,ASFALTO,Bueno,Bueno,2,RAM,BLANCO,2,,43,MASCULINO,SIN DATOS,0,0,Morelia,Molino de Parras,febrero,jueves,11,-101.200212836266,19.6955213356907
4695,4695,2017,"170194208",2017/02/16,11:40:00,COLISIÓN POR CORTE DE CIRCULACIÓN,ASFALTO,Nublado,Bueno,2,VOLKSWAGEN,BLANCO,2,,58,MASCULINO,SIN DATOS,0,0,Morelia,Juarez,febrero,jueves,12,-101.195454597473,19.6923949943444
4696,4696,2017,"170194569",2017/02/16,13:20:00,COLISIÓN POR CORTE DE CIRCULACIÓN,ASFALTO,Bueno,Bueno,2,ISUZU,BLANCO Y AZUL,2,,30,MASCULINO,SIN DATOS,0,0,Morelia,Lomas de Guayangareo,febrero,jueves,13,-101.160242557526,19.7002839645033
4697,4697,2017,"170194802",2017/02/16,14:30:00,COLISIÓN POR CORTE DE CIRCULACIÓN,ASFALTO,Bueno,Bueno,2,TOYOTA,BLANCO Y GRIS,2,,34,MASCULINO,SIN DATOS,0,0,Morelia,Camelinas,febrero,jueves,15,-101.172333955765,19.6821316805244
4698,4698,2017,"170195613",2017/02/16,18:05:00,VOLCADURA,ASFALTO,Bueno,Bueno,1,HONDA,BLANCO,2,,22,MASCULINO,SIN DATOS,1,0,Morelia,Sin datos,febrero,jueves,18,-101.101684570312,19.7308361632761
4699,4699,2017,"170194785",2017/02/16,19:00:00,COLISIÓN POR CORTE DE CIRCULACIÓN,ASFALTO,Bueno,Bueno,2,MERCEDES BENZ,BLANCO,2,,46,MASCULINO,SIN DATOS,0,0,Morelia,Gertrudis Bocanegra,febrero,jueves,19,-101.208693981171,19.7023344270023
4700,4700,2017,"170195907",2017/02/16,19:17:00,COLISIÓN CONTRA OBJETO FIJO,CONCRETO,Bueno,Bueno,2,RENAULT,ROJO,2,,47,FEMENINO,SIN DATOS,0,0,Morelia,Matamoros,febrero,jueves,19,-101.16586714983,19.6962157893331
4701,4701,2017,,2017/02/16,21:00:00,COLISIÓN POR CORTE DE CIRCULACIÓN,ASFALTO,Bueno,Bueno,1,ITALIKA,ROJO,0,,,,,0,0,Morelia,Francisco J Mujica,febrero,jueves,21,-101.192235946655,19.7233577267279
4702,4702,2017,"170196539",2017/02/16,21:10:00,COLISIÓN POR CORTE DE CIRCULACIÓN,ASFALTO,Bueno,Regular,2,CHEVROLET,PLATA,2,,62,FEMENINO,SIN DATOS,0,0,Morelia,Las Flores,febrero,jueves,21,-101.206086874008,19.7024455350572
4703,4703,2017,"170196822",2017/02/16,22:20:00,SALIDA DE SUPERFICIE DE RODAMIENTO,ASFALTO,Bueno,Regular,1,CHEVROLET,AZUL,1,,44,MASCULINO,SIN DATOS,0,0,Morelia,Sin datos,febrero,jueves,22,-101.097044348717,19.7302150775528
4705,4705,2017,"170197113",2017/02/17,"07:20:00",COLISIÓN CONTRA OBJETO FIJO,ASFALTO,Bueno,Bueno,1,NISSAN,HIERRO,1,,30,,SIN DATOS,0,0,Morelia,Los Fresnos,febrero,viernes,7,-101.120889186859,19.730755371774
4706,4706,2017,"170197352",2017/02/17,"08:50:00",COLISIÓN POR CORTE DE CIRCULACIÓN,ASFALTO,Bueno,Bueno,2,ITALIKA,GRIS,2,,47,,SIN DATOS,0,0,Morelia,San Jose Itzicuaro,febrero,viernes,9,-101.304502487183,19.6882533819099
4707,4707,2017,,2017/02/17,"09:10:00",COLISIÓN POR CORTE DE CIRCULACIÓN,CONCRETO,Bueno,Bueno,2,DODGE,NEGRO,2,,35,FEMENINO,SIN DATOS,0,0,Morelia,Centro,febrero,viernes,9,-101.193684339523,19.6999607364903
4708,4708,2017,"170197454",2017/02/17,"09:20:00",COLISIÓN POR ALCANCE,ASFALTO,Bueno,Bueno,4,VOLKSWAGEN,BLANCO,4,,18,,SIN DATOS,0,0,Tarímbaro,Sin datos,febrero,viernes,9,-101.171851158142,19.7510731471237
4709,4709,2017,"170198076",2017/02/17,10:10:00,COLISIÓN POR ALCANCE,ASFALTO,Bueno,Bueno,3,DODGE,ROJO,3,,,MASCULINO,SIN DATOS,0,0,Tarímbaro,Sin datos,febrero,viernes,10,-101.171765327454,19.7513558812206
4710,4710,2017,"170197863",2017/02/17,10:35:00,COLISIÓN POR ALCANCE,ASFALTO,Bueno,Bueno,2,MERCEDES BENZ,VERDE,2,,22,MASCULINO,SIN DATOS,0,0,Morelia,Francisco J Mujica,febrero,viernes,11,-101.188266277313,19.7213731807546
4711,4711,2017,,2017/02/17,11:25:00,COLISIÓN POR ALCANCE,ASFALTO,Bueno,Bueno,2,RENAULT,BLANCO,2,,43,MASCULINO,SIN DATOS,0,0,Morelia,Alberto Oviedo Mota,febrero,viernes,11,-101.199523508549,19.6810406596718
4712,4712,2017,"170198580",2017/02/17,13:30:00,CAIDA DE MOTOCICLETA,CONCRETO,Bueno,Bueno,1,HONDA,GRIS,2,,31,MASCULINO,SIN DATOS,1,0,Morelia,Lazaro Cardenas,febrero,viernes,14,-101.163203716278,19.7091219774471
4713,4713,2017,"170198840",2017/02/17,14:20:00,COLISIÓN POR ALCANCE,ASFALTO,Bueno,Bueno,2,SMART,BEIGE,2,,40,MASCULINO,SIN DATOS,0,0,Morelia,Enrique Ramirez,febrero,viernes,14,-101.163874268532,19.7078114572186
4714,4714,2017,"170198782",2017/02/17,14:30:00,COLISIÓN POR CORTE DE CIRCULACIÓN,ASFALTO,Bueno,Bueno,2,NISSAN,BLANCO,2,,56,MASCULINO,SIN DATOS,0,0,Morelia,Centro,febrero,viernes,15,-101.184232234955,19.7059807510624
4715,4715,2017,"170198888",2017/02/17,14:35:00,COLISIÓN POR ALCANCE,ASFALTO,Bueno,Bueno,2,NISSAN,BLANCO,2,,39,MASCULINO,SIN DATOS,0,0,Morelia,Isaac Arriaga,febrero,viernes,15,-101.173673719168,19.7067344995137
4716,4716,2017,,2017/02/17,15:48:00,SALIDA DE SUPERFICIE DE RODAMIENTO,ASFALTO,Bueno,Bueno,1,CHEVROLET,BLANCO,1,,,MASCULINO,SIN DATOS,0,0,Quiroga,Sin datos,febrero,viernes,16,-101.536073684692,19.6695036697143
4717,4717,2017,"170199490",2017/02/17,16:20:00,COLISIÓN POR CORTE DE CIRCULACIÓN,ASFALTO,Bueno,Bueno,2,CHEVROLET,PLATA,2,,35,MASCULINO,SIN DATOS,0,0,Morelia,Comision Federal de Electricidad,febrero,viernes,16,-101.176979541779,19.6817680077325
4718,4718,2017,"170199627",2017/02/17,16:55:00,COLISIÓN POR ALCANCE,CONCRETO,Bueno,Bueno,2,HONDA,PLATA,2,,,MASCULINO,SIN DATOS,0,0,Morelia,Elias Perez Avalos,febrero,viernes,17,-101.168546676636,19.712566145117
4719,4719,2017,,2017/02/17,17:50:00,COLISIÓN POR ALCANCE,ASFALTO,Bueno,Bueno,2,DODGE,AZUL,0,MINISTERIO PÚBLICO,,,,0,0,Morelia,Felix Ireta,febrero,viernes,18,-101.180786937475,19.685653455226
4720,4720,2017,"170199994",2017/02/17,18:50:00,SALIDA DE SUPERFICIE DE RODAMIENTO,ASFALTO,Bueno,Regular,1,NISSAN,NEGRO,1,,,,SIN DATOS,0,0,Morelia,Cañada del Bosque,febrero,viernes,19,-101.092114448547,19.7255846306536
4721,4721,2017,"170200192",2017/02/17,19:15:00,COLISIÓN POR ALCANCE,ASFALTO,Bueno,Bueno,2,DINA,BLANCO,2,MINISTERIO PÚBLICO,48,MASCULINO,SIN DATOS,0,0,Morelia,Elias Perez Avalos,febrero,viernes,19,-101.165821552277,19.7103340097188
4723,4723,2017,"170200166",2017/02/17,20:50:00,COLISIÓN POR ALCANCE,ASFALTO,Bueno,Bueno,2,NISSAN,AZUL,2,,35,MASCULINO,SIN DATOS,0,0,Morelia,Lomas del Tecnologico,febrero,viernes,21,-101.188609600067,19.7201511325532
4724,4724,2017,"170200653",2017/02/17,20:50:00,COLISIÓN POR CORTE DE CIRCULACIÓN,ASFALTO,Bueno,Regular,0,,,0,,,,,0,0,Morelia,Las Americas,febrero,viernes,21,-101.158976554871,19.6881523656342
4725,4725,2017,"170200705",2017/02/17,21:10:00,COLISIÓN POR ALCANCE,ASFALTO,Bueno,Bueno,2,CHEVROLET,ROJO,2,,56,MASCULINO,SIN DATOS,0,0,Morelia,Josefa Ortiz de Dominguez,febrero,viernes,21,-101.209809780121,19.6722718148454
4726,4726,2017,"170200791",2017/02/17,21:35:00,COLISIÓN POR CORTE DE CIRCULACIÓN,ASFALTO,Bueno,Bueno,2,V.W.,GRIS,2,,20,MASCULINO,SIN DATOS,0,0,Morelia,Chapultepec Oriente,febrero,viernes,22,-101.164566278458,19.6908797827111
4727,4727,2017,"170200957",2017/02/17,21:45:00,COLISIÓN POR CORTE DE CIRCULACIÓN,CONCRETO,Bueno,Bueno,2,FORD,GRIS,2,,26,MASCULINO,SIN DATOS,0,0,Morelia,Lomas de Huerta,febrero,viernes,22,-101.210174560547,19.6723526358828
4728,4728,2017,,2017/02/17,21:50:00,COLISIÓN POR ALCANCE,ASFALTO,Bueno,Bueno,0,,,0,MINISTERIO PÚBLICO,,,,0,0,Tacámbaro,Sin datos,febrero,viernes,22,-101.449556350708,19.1962428582129
4729,4729,2017,"170201020",2017/02/17,22:10:00,COLISIÓN CONTRA OBJETO FIJO,ASFALTO,Bueno,Bueno,1,DODGE,AZUL,1,,31,MASCULINO,SIN DATOS,0,0,Morelia,Villas de La Esperanza,febrero,viernes,22,-101.274054050446,19.6933243170509
4730,4730,2017,"170291073",2017/02/18,"02:55:00",COLISIÓN POR CORTE DE CIRCULACIÓN,ASFALTO,Bueno,Bueno,1,VOLKSWAGEN,GRIS,4,,0,,SIN DATOS,2,1,Morelia,El Lago 1,febrero,sábado,3,-101.219744682312,19.7276170952441
4731,4731,2017,"070201343",2017/02/18,"04:50:00",VOLCADURA,ASFALTO,Bueno,Bueno,1,AUDI,NEGRO,1,,27,MASCULINO,CON CERTIFICADO,0,0,Morelia,Indeco Santiaguito,febrero,sábado,5,-101.178792715073,19.720267278032
4733,4733,2017,"160201475",2017/02/18,"07:15:00",SALIDA DE SUPERFICIE DE RODAMIENTO,ASFALTO,Bueno,Bueno,1,FORD,AZUL,1,,,,SIN DATOS,0,0,Morelia,Reforma,febrero,sábado,7,-101.238005161285,19.7068190908268
4734,4734,2017,"170201460",2017/02/18,"07:50:00",SALIDA DE SUPERFICIE DE RODAMIENTO,ASFALTO,Bueno,Bueno,1,CHRYSLER,VERDE,1,,,,SIN DATOS,0,0,Morelia,El Lago 1,febrero,sábado,8,-101.214466094971,19.7268369348747
4735,4735,2017,"170201484",2017/02/18,"07:50:00",COLISIÓN POR CORTE DE CIRCULACIÓN,ASFALTO,Bueno,Regular,2,FORD,GRIS,2,,0,,SIN DATOS,0,0,Morelia,Cinco de Diciembre,febrero,sábado,8,-101.160478591919,19.6880917558381
4736,4736,2017,"170201719",2017/02/18,"08:40:00",COLISIÓN POR CORTE DE CIRCULACIÓN,ASFALTO,Bueno,Bueno,2,INTERNATIONAL,BLANCO,2,,42,MASCULINO,SIN DATOS,0,0,Morelia,Sentimientos de La Nacion,febrero,sábado,9,-101.235730648041,19.6821114765021
4737,4737,2017,"170201587",2017/02/18,"08:50:00",COLISIÓN CONTRA OBJETO FIJO,TERRACERIA,Bueno,Malo,2,V.W,GUINDA,2,,0,,SIN DATOS,0,0,Morelia,Ilustres Novohispanos,febrero,sábado,9,-101.151777505875,19.7131923494513
4738,4738,2017,"170201734",2017/02/18,"09:35:00",SALIDA DE SUPERFICIE DE RODAMIENTO,ASFALTO,Bueno,Bueno,1,SEAT,GRIS,1,,48,FEMENINO,SIN DATOS,0,0,Morelia,Sin datos,febrero,sábado,10,-101.124000549316,19.7181109982092
4739,4739,2017,"170202017",2017/02/18,11:40:00,COLISIÓN CONTRA OBJETO FIJO,CONCRETO,Bueno,Bueno,2,NISSAN,GRIS,2,,80,MASCULINO,SIN DATOS,0,0,Morelia,Guadalupe,febrero,sábado,12,-101.219952553511,19.7082192599434
4740,4740,2017,"170202221",2017/02/18,11:50:00,COLISIÓN POR ALCANCE,CONCRETO,Bueno,Bueno,2,NISSAN,ROJO,2,MINISTERIO PÚBLICO,53,MASCULINO,SIN DATOS,0,0,Morelia,Morelia 450,febrero,sábado,12,-101.21476650238,19.6745549934615
4741,4741,2017,"170202726",2017/02/18,13:15:00,COLISIÓN POR CORTE DE CIRCULACIÓN,ASFALTO,Bueno,Bueno,2,CHEVROLET,BLANCO Y ROSA,2,,28,MASCULINO,SIN DATOS,0,0,Morelia,Centro,febrero,sábado,13,-101.194177865982,19.7049302950356
4742,4742,2017,,2017/02/18,13:20:00,COLISIÓN POR ALCANCE,ASFALTO,Bueno,Regular,2,NISSAN,BLANCO,2,MINISTERIO PÚBLICO,,FEMENINO,SIN DATOS,0,0,Morelia,Eduardo Ruiz,febrero,sábado,13,-101.220420598984,19.7209590993528
4743,4743,2017,"170202722",2017/02/18,13:30:00,CAIDA DE MOTOCICLETA,ASFALTO,Bueno,Regular,1,BAJAJ,ROJO/NEGRO,1,,26,MASCULINO,SIN DATOS,0,0,Morelia,Centro,febrero,sábado,14,-101.178041696548,19.6994859941625
4744,4744,2017,"170202943",2017/02/18,14:00:00,COLISIÓN POR ALCANCE,ASFALTO,Bueno,Bueno,2,FREIGHTLINER,BLANCO,2,,32,MASCULINO,SIN DATOS,0,0,Morelia,Campestre Los Manantiales,febrero,sábado,14,-101.238412857056,19.6883644997397
4745,4745,2017,"170203061",2017/02/18,15:00:00,SALIDA DE SUPERFICIE DE RODAMIENTO,ASFALTO,Bueno,Bueno,1,DODGE,AZUL,1,,38,MASCULINO,SIN DATOS,0,0,Morelia,Sin datos,febrero,sábado,15,-101.127369403839,19.7142124512607
4746,4746,2017,"170203114",2017/02/18,15:05:00,COLISIÓN POR CORTE DE CIRCULACIÓN,ASFALTO,Bueno,Bueno,2,HONDA,NEGRO,2,,41,FEMENINO,SIN DATOS,0,0,Morelia,Cuauhtemoc,febrero,sábado,15,-101.178846359253,19.6963243763575
4747,4747,2017,"170203369",2017/02/18,17:45:00,COLISIÓN POR CORTE DE CIRCULACIÓN,ASFALTO,Bueno,Bueno,2,HONDA,AZUL,2,,58,MASCULINO,SIN DATOS,0,0,Morelia,Ventura Puente,febrero,sábado,18,-101.188051700592,19.690314100025
4748,4748,2017,"170203975",2017/02/18,18:45:00,COLISIÓN POR CORTE DE CIRCULACIÓN,ASFALTO,Bueno,Bueno,2,VOLVO,BLANCO Y GRIS,2,,36,MASCULINO,SIN DATOS,0,0,Morelia,El Realito,febrero,sábado,19,-101.204981803894,19.7257664173592
4749,4749,2017,"17020407",2017/02/18,19:00:00,COLISIÓN POR CORTE DE CIRCULACIÓN,ASFALTO,Bueno,Bueno,2,NISSAN,BLANCO Y CORAL,2,,29,,SIN DATOS,0,0,Morelia,Centro,febrero,sábado,19,-101.190454959869,19.7039606371964
4750,4750,2017,"170204433",2017/02/18,20:30:00,COLISIÓN POR CORTE DE CIRCULACIÓN,ASFALTO,Bueno,Bueno,2,FORD,ROJO,2,,42,MASCULINO,SIN DATOS,0,0,Morelia,Jardines de Sindurio,febrero,sábado,21,-101.257402896881,19.6974860003812
4751,4751,2017,"170204410",2017/02/18,20:35:00,COLISIÓN POR ALCANCE,ASFALTO,Bueno,Bueno,2,RENAULT,BEIGE,3,MINISTERIO PÚBLICO,49,FEMENINO,SIN DATOS,1,0,Morelia,Ventura Puente,febrero,sábado,21,-101.190648078918,19.691102014648