fid,id_accidente,anio_origen,folio_c5i,dia_incidente,hora_ocurrencia,tipo_incidente_vial,superficie_ocurrencia,condiciones_climaticas,condiciones_via,numero_vehiculos_involucrados,marca_vehiculo_ocasiona_siniestro,color_vehiculo_ocasiona_siniestro,numero_personas_involucradas,lugar_remite_presunto_responsable,edad_presunto_responsable,sexo_presunto_responsable,resultados_toxicologia,numero_personas_lesionadas,numero_personas_fallecidas,municipio,colonia,mes,dia_semana,hora_redondeada,lon,lat
4752,4752,2017,,2017/02/18,21:30:00,SALIDA DE SUPERFICIE DE RODAMIENTO,ASFALTO,Bueno,Bueno,1,FORD,VERDE,1,,,,SIN DATOS,0,0,Morelia,Sin datos,febrero,sábado,22,-101.241266727448,19.6581072987215
4753,4753,2017,"170204830",2017/02/18,22:25:00,COLISIÓN POR CORTE DE CIRCULACIÓN,ASFALTO,Bueno,Bueno,2,FORD,GRIS,2,,32,MASCULINO,SIN DATOS,0,0,Morelia,Villas de La Esperanza,febrero,sábado,22,-101.276103258133,19.6925566160722
4754,4754,2017,,2017/02/18,22:45:00,COLISIÓN POR CORTE DE CIRCULACIÓN,CONCRETO,Bueno,Bueno,3,CHRYSLER,BLANCO,1,MINISTERIO PÚBLICO,0,,SIN DATOS,0,0,Uruapan,Sin datos,febrero,sábado,23,-102.093415260315,19.5817469165054
4755,4755,2017,,2017/02/19,"01:30:00",COLISIÓN CON PEATÓN,ASFALTO,Bueno,Regular,1,SIN DATOS,SIN  DATOS,2,,,,SIN DATOS,1,0,Morelia,Indeco Santiaguito,febrero,domingo,2,-101.178073883057,19.719888542464
4756,4756,2017,"170205350",2017/02/19,"03:40:00",COLISIÓN POR CORTE DE CIRCULACIÓN,CONCRETO,Bueno,Bueno,2,TURSTAR,NEGRO,2,,28,MASCULINO,SIN DATOS,0,0,Morelia,Centro,febrero,domingo,4,-101.19527220726,19.7010869812723
4757,4757,2017,,2017/02/19,"04:08:00",COLISIÓN POR CORTE DE CIRCULACIÓN,ASFALTO,Bueno,Bueno,2,FORD,SIN DATO,1,,,,SIN DATOS,0,0,Santa Ana Maya,Del Bosque,febrero,domingo,4,-101.022065877914,20.0080927435092
4758,4758,2017,"170205426",2017/02/19,"05:20:00",COLISIÓN POR CORTE DE CIRCULACIÓN,ASFALTO,Bueno,Bueno,2,HONDA,PLATA,2,,25,MASCULINO,SIN DATOS,0,0,Morelia,Las Americas,febrero,domingo,5,-101.156412363052,19.6877179949222
4759,4759,2017,"170205475",2017/02/19,"06:00:00",COLISIÓN POR ALCANCE,ASFALTO,Bueno,Regular,2,NISSAN,ARENA,2,,0,,SIN DATOS,0,0,Morelia,Avicola Benito Juarez,febrero,domingo,6,-101.27956867218,19.6915868832579
4760,4760,2017,"170206603",2017/02/19,12:50:00,COLISIÓN POR ALCANCE,ASFALTO,Bueno,Bueno,5,CHEVROLET,AZUL,5,MINISTERIO PÚBLICO,,,SIN DATOS,0,0,Morelia,Las Margaritas,febrero,domingo,13,-101.208747625351,19.7129373229821
4761,4761,2017,"170208207",2017/02/19,17:40:00,SALIDA DE SUPERFICIE DE RODAMIENTO,TERRACERIA,Nublado,Bueno,1,FORD,NEGRO,2,,28,FEMENINO,SIN DATOS,1,0,Morelia,Lomas de Las Americas Norte,febrero,domingo,18,-101.148827075958,19.6948597079632
4762,4762,2017,"170208462",2017/02/19,19:00:00,VOLCADURA,ASFALTO,Nublado,Bueno,1,CHEVROLET,VERDE,2,,35,FEMENINO,SIN DATOS,1,0,Tarímbaro,Sin datos,febrero,domingo,19,-101.170971393585,19.7525675931047
4763,4763,2017,"170208055",2017/02/19,19:20:00,COLISIÓN POR CORTE DE CIRCULACIÓN,ASFALTO,Lluvioso,Bueno,2,N,BLANCO,2,,47,MASCULINO,CON CERTIFICADO,0,0,Morelia,Sin datos,febrero,domingo,19,-101.114473342896,19.7370165920603
4764,4764,2017,"170208699",2017/02/19,20:00:00,COLISIÓN POR ALCANCE,ASFALTO,Bueno,Bueno,3,HONDA,GRIS,3,,29,MASCULINO,SIN DATOS,0,0,Morelia,Comision Federal de Electricidad,febrero,domingo,20,-101.181335449219,19.6815356607944
4765,4765,2017,"170208686",2017/02/19,20:00:00,COLISIÓN POR ALCANCE,ASFALTO,Bueno,Bueno,3,NISSAN,BLANCO,3,,38,MASCULINO,SIN DATOS,0,0,Morelia,Cosmos,febrero,domingo,20,-101.217169761658,19.6819700482744
4766,4766,2017,"170208861",2017/02/19,22:45:00,COLISIÓN POR CORTE DE CIRCULACIÓN,ASFALTO,Bueno,Bueno,2,NISSAN,BLANCO,2,,41,MASCULINO,CON CERTIFICADO,0,0,Morelia,Felicitas del Rio,febrero,domingo,23,-101.200405955315,19.6902585417963
4767,4767,2017,LEG5084,2017/02/19,23:40:00,COLISIÓN CON PEATÓN,ASFALTO,Bueno,Bueno,1,SIN DATOS,SIN  DATOS,2,,,,SIN DATOS,1,0,Morelia,Enrique Arreguin Robles,febrero,domingo,0,-101.186721324921,19.7209389002326
4769,4769,2017,,2017/02/20,"08:00:00",COLISIÓN POR CORTE DE CIRCULACIÓN,ASFALTO,Bueno,Bueno,2,FHILLEPS,NEGRA,3,MINISTERIO PÚBLICO,72,MASCULINO,SIN DATOS,1,0,Zacapu,Zacapu,febrero,lunes,8,-101.769511699677,19.852845186099
4770,4770,2017,,2017/02/20,"08:40:00",COLISIÓN POR CORTE DE CIRCULACIÓN,CONCRETO,Bueno,Bueno,2,CHEVROLET,GRIS,2,,59,MASCULINO,SIN DATOS,0,0,Morelia,Torreon Nuevo,febrero,lunes,9,-101.201151609421,19.7456152711255
4771,4771,2017,,2017/02/20,"09:00:00",COLISIÓN POR CORTE DE CIRCULACIÓN,ASFALTO,Bueno,Bueno,2,CHEVROLET,NEGRO,2,,20,MASCULINO,SIN DATOS,0,0,Cuitzeo,Centro,febrero,lunes,9,-101.139932870865,19.9676918333579
4772,4772,2017,"170209618",2017/02/20,"09:22:00",COLISIÓN POR CORTE DE CIRCULACIÓN,ASFALTO,Bueno,Bueno,2,SIN DATOS,BLANCO Y ROJO,2,,47,MASCULINO,SIN DATOS,0,0,Morelia,Villas del Real,febrero,lunes,9,-101.199488639832,19.7319672400164
4773,4773,2017,"170209860",2017/02/20,10:10:00,COLISIÓN POR ALCANCE,CONCRETO,Bueno,Bueno,2,V.W.,GRIS,2,MINISTERIO PÚBLICO,43,FEMENINO,SIN DATOS,0,0,Morelia,Villas del Real,febrero,lunes,10,-101.199059486389,19.7332396917761
4774,4774,2017,"170209878",2017/02/20,10:10:00,COLISIÓN POR CORTE DE CIRCULACIÓN,ASFALTO,Bueno,Bueno,3,CHRYSLER,PLATA,3,,44,FEMENINO,SIN DATOS,0,0,Morelia,Loma de Los Piñones,febrero,lunes,10,-101.205067634583,19.6742115084919
4775,4775,2017,"170209979",2017/02/20,11:00:00,COLISIÓN CONTRA OBJETO FIJO,ASFALTO,Bueno,Bueno,2,NISSAN,BLANCO Y ROJO,2,,48,MASCULINO,SIN DATOS,0,0,Morelia,Pascual Ortiz de Ayala,febrero,lunes,11,-101.149427890778,19.6949001127883
4776,4776,2017,"170210354",2017/02/20,12:40:00,COLISIÓN POR ALCANCE,ASFALTO,Bueno,Bueno,2,MERCEDES BENZ,BLANCO,2,,37,MASCULINO,SIN DATOS,0,0,Morelia,Nueva Valladolid,febrero,lunes,13,-101.209144592285,19.6987789285102
4777,4777,2017,"170290641",2017/02/20,13:20:00,COLISIÓN POR ALCANCE,ASFALTO,Bueno,Bueno,2,NISSAN,BLANCO Y ROJO,2,,44,MASCULINO,SIN DATOS,0,0,Morelia,Fovissste La Huerta,febrero,lunes,13,-101.212191581726,19.6924353997917
4778,4778,2017,,2017/02/20,14:30:00,COLISIÓN CON PEATÓN,ASFALTO,Bueno,Bueno,1,FORD,SIN DATO,1,,68,MASCULINO,SIN DATOS,0,0,Gabriel Zamora,Sin datos,febrero,lunes,15,-102.057023048401,19.1069734751579
4779,4779,2017,"170211145",2017/02/20,15:40:00,COLISIÓN POR ALCANCE,CONCRETO,Bueno,Bueno,2,FORD,GUINDA,3,,22,FEMENINO,SIN DATOS,1,0,Morelia,San Juanito Itzicuaro,febrero,lunes,16,-101.254270076752,19.6773028467127
4780,4780,2017,"170211321",2017/02/20,16:20:00,COLISIÓN CON PEATÓN,ASFALTO,Bueno,Bueno,1,NISSAN,BLANCO Y NEGRO,4,,37,MASCULINO,SIN DATOS,3,0,Morelia,Obrera,febrero,lunes,16,-101.182708740234,19.7084351550826
4781,4781,2017,"170211548",2017/02/20,16:40:00,COLISIÓN POR ALCANCE,ASFALTO,Bueno,Bueno,2,NISSAN,GRIS,2,,53,MASCULINO,SIN DATOS,0,0,Morelia,Las Americas,febrero,lunes,17,-101.15350484848,19.6874452499194
4782,4782,2017,LEG5110,2017/02/20,17:10:00,COLISIÓN POR ALCANCE,ASFALTO,Bueno,Bueno,2,DODGE,BLANCO,2,,43,MASCULINO,SIN DATOS,0,0,Morelia,Alberto Oviedo Mota,febrero,lunes,17,-101.201967000961,19.6779291890205
4783,4783,2017,"170211544",2017/02/20,17:40:00,COLISIÓN POR CORTE DE CIRCULACIÓN,CONCRETO,Bueno,Bueno,2,FORD,CAFE,2,,80,MASCULINO,SIN DATOS,0,0,Morelia,Agustin Arriaga Rivera,febrero,lunes,18,-101.224599480629,19.6883089408345
4784,4784,2017,"170611625",2017/02/20,18:10:00,COLISIÓN CON PEATÓN,ASFALTO,Bueno,Bueno,1,NISSAN,PLATA,1,,65,MASCULINO,SIN DATOS,0,0,Morelia,Adolfo Lopez Mateos,febrero,lunes,18,-101.225280761719,19.6965769040364
4785,4785,2017,"170211885",2017/02/20,18:25:00,COLISIÓN POR CORTE DE CIRCULACIÓN,ASFALTO,Bueno,Bueno,2,NISSAN,BLANCO Y NARANJA,2,,42,MASCULINO,SIN DATOS,0,0,Morelia,Felix Ireta,febrero,lunes,18,-101.190873384476,19.6845460428439
4786,4786,2017,,2017/02/20,18:30:00,COLISIÓN CONTRA OBJETO FIJO,ASFALTO,Bueno,Bueno,1,V.W.,NEGRO,1,,20,MASCULINO,SIN DATOS,0,0,Morelia,Francisco J Mujica,febrero,lunes,19,-101.188094615936,19.7216660669521
4787,4787,2017,,2017/02/20,19:30:00,COLISIÓN CON PEATÓN,ADOQUIN_EMPEDRADO,Bueno,Bueno,1,KENWORTH,AZUL,2,,55,MASCULINO,SIN DATOS,1,0,Cuitzeo,Centro,febrero,lunes,20,-101.139525175095,19.9702077402573
4788,4788,2017,,2017/02/20,20:00:00,COLISIÓN POR CORTE DE CIRCULACIÓN,ASFALTO,Bueno,Bueno,1,CHEVROLET,AZUL,1,,69,MASCULINO,SIN DATOS,0,0,Cuitzeo,Centro,febrero,lunes,20,-101.139932870865,19.9676212462127
4789,4789,2017,,2017/02/20,20:27:00,COLISIÓN POR CORTE DE CIRCULACIÓN,ASFALTO,Bueno,Bueno,2,Nissan,Blanco,5,MINISTERIO PÚBLICO,,,SIN DATOS,3,0,Aguililla,Sin datos,febrero,lunes,20,-102.694659233093,19.0095005218831
4790,4790,2017,"170213715",2017/02/21,"08:20:00",COLISIÓN POR ALCANCE,ASFALTO,Bueno,Bueno,2,NISSAN,ARENA,2,,33,MASCULINO,SIN DATOS,0,0,Morelia,Las Americas,febrero,martes,8,-101.159040927887,19.6879705361772
4791,4791,2017,"170213689",2017/02/21,"08:50:00",COLISIÓN POR CORTE DE CIRCULACIÓN,ASFALTO,Bueno,Bueno,2,CHEVROLET,BLANCO,3,,24,MASCULINO,SIN DATOS,1,0,Morelia,Prados Verdes,febrero,martes,9,-101.195690631866,19.7142124512607
4792,4792,2017,"170213730",2017/02/21,"09:10:00",COLISIÓN POR ALCANCE,ASFALTO,Bueno,Bueno,2,CHEVROLET,BLANCO,2,,35,MASCULINO,SIN DATOS,0,0,Morelia,Vicente Guerrero,febrero,martes,9,-101.22885748744,19.7037144340751
4793,4793,2017,"170213777",2017/02/21,"09:15:00",COLISIÓN POR ALCANCE,CONCRETO,Bueno,Bueno,2,ITALIKA,NEGRO,2,MINISTERIO PÚBLICO,21,MASCULINO,SIN DATOS,0,0,Morelia,Dr Miguel Silva,febrero,martes,9,-101.178245544434,19.7196512010507
4794,4794,2017,"170214053",2017/02/21,10:20:00,SALIDA DE SUPERFICIE DE RODAMIENTO,ASFALTO,Bueno,Bueno,2,FORD,GRIS,2,,26,MASCULINO,SIN DATOS,0,0,Morelia,Chapultepec Oriente,febrero,martes,10,-101.161379814148,19.6903747089798
4795,4795,2017,"170214945",2017/02/21,13:05:00,COLISIÓN POR CORTE DE CIRCULACIÓN,ASFALTO,Bueno,Bueno,2,CHEVROLET,GRIS,2,,29,FEMENINO,SIN DATOS,0,0,Morelia,Lazaro Cardenas,febrero,martes,13,-101.165285110474,19.7103138092562
4796,4796,2017,"170214762",2017/02/21,13:30:00,COLISIÓN POR CORTE DE CIRCULACIÓN,ASFALTO,Bueno,Regular,2,KIA,GRIS OBCURO,2,,33,FEMENINO,SIN DATOS,0,0,Morelia,Ventura Puente,febrero,martes,14,-101.181721687317,19.6907989710211
4797,4797,2017,,2017/02/21,13:30:00,COLISIÓN POR ALCANCE,ASFALTO,Bueno,Bueno,2,ITALIKA,NEGRO,3,MINISTERIO PÚBLICO,,MASCULINO,SIN DATOS,1,0,Morelia,San Pascual,febrero,martes,14,-101.267337799072,19.6954859816065
4798,4798,2017,"170215366",2017/02/21,15:50:00,COLISIÓN CON PEATÓN,ASFALTO,Bueno,Bueno,1,VESPA,ROJO,2,,47,MASCULINO,SIN DATOS,1,0,Morelia,Felix Ireta,febrero,martes,16,-101.18696808815,19.6813538238251
4799,4799,2017,"170215396",2017/02/21,16:05:00,COLISIÓN POR CORTE DE CIRCULACIÓN,ASFALTO,Bueno,Bueno,2,MERCEDES BENZ,BLANCO,2,,49,MASCULINO,SIN DATOS,0,0,Morelia,Alberto Oviedo Mota,febrero,martes,16,-101.199456453323,19.6812022928596
4800,4800,2017,"170215543",2017/02/21,16:30:00,COLISIÓN POR CORTE DE CIRCULACIÓN,ASFALTO,Bueno,Bueno,2,NISSAN,GRIS PLATA,3,,38,MASCULINO,SIN DATOS,1,0,Morelia,Isaac Arriaga,febrero,martes,17,-101.172816753387,19.7073039118179
4801,4801,2017,"170216196",2017/02/21,18:20:00,COLISIÓN POR ALCANCE,ASFALTO,Bueno,Bueno,2,GENERAL MOTORS,PLATA,2,,21,FEMENINO,SIN DATOS,0,0,Morelia,Alberto Oviedo Mota,febrero,martes,18,-101.201119422913,19.6805456570197
4802,4802,2017,"170216075",2017/02/21,18:20:00,COLISIÓN POR ALCANCE,ASFALTO,Bueno,Bueno,2,NISSAN,GRIS,2,,28,MASCULINO,SIN DATOS,0,0,Morelia,Ignaci0 Ramirez,febrero,martes,18,-101.223220825195,19.7263723715507
4803,4803,2017,"170216224",2017/02/21,19:00:00,COLISIÓN POR ALCANCE,ASFALTO,Bueno,Bueno,2,KENWORTH,AZUL,2,,32,MASCULINO,SIN DATOS,0,0,Morelia,Reforma,febrero,martes,19,-101.237704753876,19.706960497101
4804,4804,2017,"170216525",2017/02/21,19:30:00,COLISIÓN POR CORTE DE CIRCULACIÓN,ASFALTO,Bueno,Bueno,3,V.W.,GRIS,3,,,MASCULINO,SIN DATOS,0,0,Morelia,Victor Manuel Tinoco Rubi,febrero,martes,20,-101.244463920593,19.7041121466211
4805,4805,2017,"170217551",2017/02/22,"05:10:00",VOLCADURA,ASFALTO,Bueno,Regular,1,GENERAL MOTORS,BLANCO Y ROJO,1,MINISTERIO PÚBLICO,40,MASCULINO,SIN DATOS,0,0,Morelia,Sentimientos de La Nacion,febrero,miércoles,5,-101.235666275024,19.6819498442317
4806,4806,2017,"170217147",2017/02/22,"08:00:00",COLISIÓN POR CORTE DE CIRCULACIÓN,CONCRETO,Bueno,Bueno,2,NISSAN,BLANCO Y AZUL,2,,56,MASCULINO,SIN DATOS,0,0,Morelia,Agustin Arriaga Rivera,febrero,miércoles,8,-101.224508285522,19.6911171668143
4807,4807,2017,"170217867",2017/02/22,"08:50:00",COLISIÓN POR CORTE DE CIRCULACIÓN,ASFALTO,Bueno,Bueno,2,ITALIKA,NEGRO Y PLATA,2,,26,MASCULINO,SIN DATOS,0,0,Morelia,Villas de La Esperanza,febrero,miércoles,9,-101.272616386414,19.6937485712755
4808,4808,2017,,2017/02/22,10:00:00,COLISIÓN CONTRA OBJETO FIJO,ASFALTO,Bueno,Bueno,3,DODGE,AZUL Y BLANCO,3,,45,MASCULINO,SIN DATOS,0,0,Morelia,Jardines de Sindurio,febrero,miércoles,10,-101.257402896881,19.6975264045433
4809,4809,2017,"170218157",2017/02/22,10:15:00,COLISIÓN POR CORTE DE CIRCULACIÓN,ASFALTO,Bueno,Bueno,2,NISSAN,BLANCO Y ROJO,2,,51,MASCULINO,SIN DATOS,0,0,Morelia,Elias Perez Avalos,febrero,miércoles,10,-101.169941425324,19.7135256507582
4810,4810,2017,"170218087",2017/02/22,10:15:00,COLISIÓN POR CORTE DE CIRCULACIÓN,ASFALTO,Bueno,Bueno,2,TOYOTA,BLANCO,2,,34,FEMENINO,SIN DATOS,0,0,Morelia,Ilustres Novohispanos,febrero,miércoles,10,-101.152120638441,19.7088682162484
4811,4811,2017,"170218042",2017/02/22,10:30:00,COLISIÓN POR CORTE DE CIRCULACIÓN,ASFALTO,Bueno,Bueno,2,FREIGHTLINER,AZUL,2,,24,MASCULINO,SIN DATOS,0,0,Morelia,Independencia,febrero,miércoles,11,-101.17790222168,19.7194441582534
4812,4812,2017,"170218400",2017/02/22,11:35:00,COLISIÓN POR ALCANCE,ASFALTO,Bueno,Bueno,3,VOLKSWAGEN,BEIGE,3,,30,MASCULINO,SIN DATOS,0,0,Morelia,Comision Federal de Electricidad,febrero,miércoles,12,-101.179983615875,19.6816871914444
4813,4813,2017,LEG5144,2017/02/22,12:55:00,COLISIÓN POR CORTE DE CIRCULACIÓN,ASFALTO,Bueno,Bueno,2,FORD,NEGRO,2,,46,MASCULINO,SIN DATOS,0,0,Morelia,Las Americas,febrero,miércoles,13,-101.153440475464,19.6878089098199
4814,4814,2017,"170218597",2017/02/22,13:15:00,COLISIÓN POR ALCANCE,ASFALTO,Bueno,Bueno,2,CHEVROLET,BLANCO,2,,28,MASCULINO,SIN DATOS,0,0,Morelia,Lomas de Las Americas Norte,febrero,miércoles,13,-101.149234771729,19.6948395055468
4815,4815,2017,"170218891",2017/02/22,14:15:00,COLISIÓN POR CORTE DE CIRCULACIÓN,ASFALTO,Bueno,Bueno,2,FORD,ROJO Y CREMA,2,,34,MASCULINO,SIN DATOS,0,0,Morelia,Real Punhuato,febrero,miércoles,14,-101.147512793541,19.6985200911956
4816,4816,2017,"170218827",2017/02/22,14:35:00,COLISIÓN POR CORTE DE CIRCULACIÓN,CONCRETO,Bueno,Bueno,2,INTERNATIONAL,BLANCO Y NARANJA,2,,29,MASCULINO,SIN DATOS,0,0,Morelia,De Dolores,febrero,miércoles,15,-101.390885710716,19.6736003054752
4817,4817,2017,"170219218",2017/02/22,14:50:00,COLISIÓN POR CORTE DE CIRCULACIÓN,ASFALTO,Bueno,Bueno,2,JEEP,NEGRO,2,,25,FEMENINO,SIN DATOS,0,0,Morelia,Canteras de Morelia,febrero,miércoles,15,-101.173868179321,19.7166970284376
4818,4818,2017,"170219416",2017/02/22,15:26:00,COLISIÓN POR ALCANCE,ASFALTO,Bueno,Bueno,2,KENWORTH,BLANCO,2,,36,MASCULINO,SIN DATOS,0,0,Morelia,Felix Ireta,febrero,miércoles,15,-101.193716526032,19.6822731086094
4819,4819,2017,,2017/02/22,16:00:00,COLISIÓN POR CORTE DE CIRCULACIÓN,CONCRETO,Bueno,Bueno,2,NISSAN,GRIS,2,,31,MASCULINO,SIN DATOS,0,0,Morelia,Ventura Puente,febrero,miércoles,16,-101.191486269236,19.6936260932368
4820,4820,2017,,2017/02/22,18:00:00,COLISIÓN POR CORTE DE CIRCULACIÓN,ASFALTO,Bueno,Bueno,2,FORD,VERDE,2,,25,MASCULINO,SIN DATOS,0,0,Morelia,Centro,febrero,miércoles,18,-101.203458309174,19.7016071723743
4821,4821,2017,,2017/02/22,19:40:00,VOLCADURA,TERRACERIA,Bueno,Bueno,1,Toyota,Rojo,1,,39,MASCULINO,SIN DATOS,0,0,Apatzingán,Lazaro Cardenas,febrero,miércoles,20,-102.341862916946,19.0994409371278
4822,4822,2017,"170221075",2017/02/22,21:40:00,COLISIÓN POR CORTE DE CIRCULACIÓN,ASFALTO,Bueno,Bueno,2,HONDA,BLANCO,2,,30,MASCULINO,SIN DATOS,0,0,Tarímbaro,Sin datos,febrero,miércoles,22,-101.168675422668,19.7572124034116
4823,4823,2017,"170221336",2017/02/22,23:20:00,COLISIÓN POR CORTE DE CIRCULACIÓN,CONCRETO,Bueno,Regular,2,SIN DATOS,SIN  DATOS,1,,28,MASCULINO,SIN DATOS,0,0,Morelia,Felicitas del Rio,febrero,miércoles,23,-101.200346946716,19.6920818517825
4824,4824,2017,"170622114",2017/02/23,"00:00:00",COLISIÓN CONTRA OBJETO FIJO,ASFALTO,Bueno,Bueno,1,NISSAN,ROJO,1,,31,MASCULINO,SIN DATOS,0,0,Morelia,Sin datos,febrero,jueves,0,-101.119923591614,19.7001324514535
4826,4826,2017,"170221376",2017/02/23,"00:10:00",COLISIÓN CON PEATÓN,ASFALTO,Bueno,Bueno,1,V.W.,NEGRO,2,MINISTERIO PÚBLICO,31,MASCULINO,SIN DATOS,1,0,Morelia,Lazaro Cardenas,febrero,jueves,0,-101.164791584015,19.7092027798843
4827,4827,2017,"170221478",2017/02/23,"00:45:00",SUBIDA AL CAMELLÓN,ASFALTO,Bueno,Bueno,1,HYUNDAI,BLANCO,1,,37,MASCULINO,SIN DATOS,0,0,Morelia,Campestre Los Manantiales,febrero,jueves,1,-101.238219738007,19.6879907394604
4828,4828,2017,"170221473",2017/02/23,"01:10:00",COLISIÓN POR CORTE DE CIRCULACIÓN,ASFALTO,Bueno,Bueno,2,ITALIKA,NEGRO,2,,21,MASCULINO,SIN DATOS,0,0,Morelia,Bosques de Oriente,febrero,jueves,1,-101.155436038971,19.7158890400961
4829,4829,2017,"170221508",2017/02/23,"03:00:00",VOLCADURA,ASFALTO,Bueno,Bueno,1,NISSAN,BLANCO Y ROJO,1,MINISTERIO PÚBLICO,,,SIN DATOS,0,0,Morelia,La Luz,febrero,jueves,3,-101.289374828339,19.6879301296032
4830,4830,2017,"170221688",2017/02/23,"07:40:00",COLISIÓN POR CORTE DE CIRCULACIÓN,ASFALTO,Bueno,Bueno,2,HIUNDAY,AZUL,2,,26,MASCULINO,SIN DATOS,0,0,Morelia,Arcos del Valle,febrero,jueves,8,-101.236267089844,19.7077180285842
4831,4831,2017,LEG5165,2017/02/23,"09:00:00",COLISIÓN POR CORTE DE CIRCULACIÓN,ASFALTO,Bueno,Bueno,2,FORD,GUINDA,0,,,,,0,0,Morelia,Sin datos,febrero,jueves,9,-101.423764228821,19.778455637486
4832,4832,2017,"170222316",2017/02/23,"09:00:00",COLISIÓN POR CORTE DE CIRCULACIÓN,ASFALTO,Bueno,Bueno,2,V.W.,ROJO,2,,22,MASCULINO,SIN DATOS,0,0,Morelia,Alberto Oviedo Mota,febrero,jueves,9,-101.202020645142,19.6780302117441
4833,4833,2017,"170222090",2017/02/23,"09:30:00",COLISIÓN POR ALCANCE,ASFALTO,Bueno,Bueno,2,VOLKSWAGEN,ROJO,2,,35,FEMENINO,SIN DATOS,0,0,Morelia,Canteras de Morelia,febrero,jueves,10,-101.171658039093,19.7149194486964
4834,4834,2017,"170222294",2017/02/23,10:50:00,COLISIÓN POR CORTE DE CIRCULACIÓN,ASFALTO,Bueno,Bueno,3,NISSAN,PLATA,3,,29,FEMENINO,SIN DATOS,0,0,Morelia,Isaac Arriaga,febrero,jueves,11,-101.167731285095,19.7095865909035
4835,4835,2017,,2017/02/23,11:05:00,COLISIÓN CONTRA OBJETO FIJO,ASFALTO,Bueno,Bueno,1,NISSAN,ROJO,1,,33,MASCULINO,SIN DATOS,0,0,Morelia,Virrey Antonio de Mendoza,febrero,jueves,11,-101.162259578705,19.7065867802478
4836,4836,2017,"170222372",2017/02/23,11:30:00,COLISIÓN POR CORTE DE CIRCULACIÓN,ASFALTO,Bueno,Bueno,2,GMC,BLANCO,2,,44,MASCULINO,SIN DATOS,0,0,Morelia,Agustin Arriaga Rivera,febrero,jueves,12,-101.224572658539,19.6912838405488
4837,4837,2017,"170222586",2017/02/23,11:55:00,COLISIÓN CONTRA OBJETO FIJO,CONCRETO,Bueno,Bueno,1,CHEVROLET,ARENA,1,,21,MASCULINO,SIN DATOS,0,0,Morelia,Santa Fe Sur (Ex Hacienda La Soledad),febrero,jueves,12,-101.174345202275,19.7378011839933
4838,4838,2017,,2017/02/23,12:05:00,COLISIÓN POR CORTE DE CIRCULACIÓN,ASFALTO,Bueno,Bueno,2,V.W.,BLANCO,2,,65,MASCULINO,SIN DATOS,0,0,Morelia,Centro,febrero,jueves,12,-101.185530424118,19.7030111748675
4839,4839,2017,"170223336",2017/02/23,14:30:00,COLISIÓN POR CORTE DE CIRCULACIÓN,ASFALTO,Bueno,Bueno,2,NISSAN,BLANCO Y ROJO,2,,50,MASCULINO,SIN DATOS,0,0,Morelia,Canteras de Morelia,febrero,jueves,15,-101.174082756042,19.7168990248849
4840,4840,2017,"170223975",2017/02/23,16:00:00,COLISIÓN POR ALCANCE,ASFALTO,Bueno,Bueno,2,KAWAZAKI,AZUL,3,MINISTERIO PÚBLICO,42,MASCULINO,SIN DATOS,1,0,Morelia,Centro,febrero,jueves,16,-101.198209226131,19.7030818797032
4841,4841,2017,"170223843",2017/02/23,16:05:00,COLISIÓN POR CORTE DE CIRCULACIÓN,ASFALTO,Bueno,Bueno,2,CHEVROLET,GRIS,2,,22,FEMENINO,SIN DATOS,0,0,Álvaro Obregón,Sin datos,febrero,jueves,16,-101.045036315918,19.8253745652598
4842,4842,2017,,2017/02/23,18:19:00,COLISIÓN POR CORTE DE CIRCULACIÓN,CONCRETO,Bueno,Bueno,2,Nissan,Blanco/Verde,3,,,MASCULINO,SIN DATOS,1,0,Apatzingán,Aviacion,febrero,jueves,18,-102.356550693512,19.0917661143478
4843,4843,2017,"170225008",2017/02/23,18:40:00,COLISIÓN POR ALCANCE,CONCRETO,Bueno,Bueno,2,VOLKSWAGEN,PLATA,2,MINISTERIO PÚBLICO,31,MASCULINO,SIN DATOS,0,0,Morelia,Obrera,febrero,jueves,19,-101.18843793869,19.7082937501121
4844,4844,2017,LEG5171,2017/02/23,19:30:00,COLISIÓN POR CORTE DE CIRCULACIÓN,ASFALTO,Bueno,Bueno,2,NISSAN,BLANCO Y AZUL,2,,,MASCULINO,SIN DATOS,0,0,Morelia,Centro,febrero,jueves,20,-101.190669536591,19.6959758875064
4845,4845,2017,,2017/02/23,20:30:00,COLISIÓN POR ALCANCE,ASFALTO,Bueno,Regular,2,HONDA,GRIS,2,,19,MASCULINO,SIN DATOS,0,0,Indaparapeo,Sin datos,febrero,jueves,21,-100.996370315552,19.7975963542551
4846,4846,2017,"170225763",2017/02/23,21:30:00,COLISIÓN POR CORTE DE CIRCULACIÓN,ASFALTO,Bueno,Bueno,3,VOLKSWAGEN,BLANCO,3,,,MASCULINO,SIN DATOS,0,0,Morelia,Morelia 450,febrero,jueves,22,-101.214852333069,19.6745347884837