fid,id_accidente,anio_origen,folio_c5i,dia_incidente,hora_ocurrencia,tipo_incidente_vial,superficie_ocurrencia,condiciones_climaticas,condiciones_via,numero_vehiculos_involucrados,marca_vehiculo_ocasiona_siniestro,color_vehiculo_ocasiona_siniestro,numero_personas_involucradas,lugar_remite_presunto_responsable,edad_presunto_responsable,sexo_presunto_responsable,resultados_toxicologia,numero_personas_lesionadas,numero_personas_fallecidas,municipio,colonia,mes,dia_semana,hora_redondeada,lon,lat
4848,4848,2017,"170226020",2017/02/24,"01:10:00",COLISIÓN POR ALCANCE,ASFALTO,Bueno,Bueno,2,NISSAN,BLANCO,2,,,MASCULINO,SIN DATOS,0,0,Morelia,Niño Artillero,febrero,viernes,1,-101.253633052111,19.6977360009707
4849,4849,2017,"170226109",2017/02/24,"04:10:00",COLISIÓN POR CORTE DE CIRCULACIÓN,CONCRETO,Bueno,Bueno,2,VOLKSWAGEN,AZUL,2,,,,SIN DATOS,0,0,Morelia,Vasco de Quiroga,febrero,viernes,4,-101.175992488861,19.6983950915621
4850,4850,2017,"170230562",2017/02/24,"04:20:00",COLISIÓN POR CORTE DE CIRCULACIÓN,ASFALTO,Bueno,Bueno,2,VOLKSWAGEN,PLATA,1,,36,MASCULINO,SIN DATOS,0,0,Morelia,Vasco de Quiroga,febrero,viernes,4,-101.17370724678,19.7028293622894
4851,4851,2017,,2017/02/24,"05:50:00",SUBIDA AL CAMELLÓN,ASFALTO,Bueno,Bueno,1,NISSAN,AZUL,1,,19,FEMENINO,CON CERTIFICADO,0,0,Morelia,Trabajadores del Cbta No 7,febrero,viernes,6,-101.231160163879,19.6630377430309
4852,4852,2017,"170226173",2017/02/24,"06:40:00",SALIDA DE SUPERFICIE DE RODAMIENTO,ASFALTO,Bueno,Bueno,1,AUDI,PLATA,1,,32,MASCULINO,SIN DATOS,0,0,Morelia,Sin datos,febrero,viernes,7,-101.098165512085,19.7306139865468
4853,4853,2017,,2017/02/24,"07:50:00",COLISIÓN POR CORTE DE CIRCULACIÓN,ASFALTO,Bueno,Bueno,2,Nissan,Blanco,2,,17,MASCULINO,SIN DATOS,0,0,Apatzingán,Lazaro Cardenas,febrero,viernes,8,-102.351551055908,19.093733011698
4854,4854,2017,,2017/02/24,"08:15:00",COLISIÓN POR CORTE DE CIRCULACIÓN,ASFALTO,Bueno,Bueno,2,SD,SD,1,,38,MASCULINO,SIN DATOS,0,0,Zacapu,Centro,febrero,viernes,8,-101.788863837719,19.8094546706043
4855,4855,2017,"170226401",2017/02/24,"08:45:00",COLISIÓN CONTRA OBJETO FIJO,ASFALTO,Bueno,Bueno,1,FORD,ROJO,1,,21,FEMENINO,SIN DATOS,0,0,Morelia,Enrique Arreguin Robles,febrero,viernes,9,-101.179769039154,19.720615713962
4856,4856,2017,"170226518",2017/02/24,"09:45:00",COLISIÓN POR ALCANCE,CONCRETO,Bueno,Bueno,2,GMC,NEGRO,2,,35,MASCULINO,SIN DATOS,0,0,Morelia,Loma de La Floresta,febrero,viernes,10,-101.201242804527,19.6664121810543
4857,4857,2017,,2017/02/24,10:30:00,COLISIÓN CON PEATÓN,CONCRETO,Bueno,Bueno,1,DODGE,NARANJA,1,MINISTERIO PÚBLICO,0,FEMENINO,SIN DATOS,0,0,Morelia,Campestre del Vergel,febrero,viernes,11,-101.243712902069,19.6767169113694
4858,4858,2017,"170226552",2017/02/24,10:40:00,COLISIÓN POR CORTE DE CIRCULACIÓN,CONCRETO,Bueno,Bueno,2,NISSAN,BLANCO,2,,43,MASCULINO,SIN DATOS,0,0,Morelia,Centro,febrero,viernes,11,-101.178159713745,19.6993041775789
4859,4859,2017,"170227099",2017/02/24,12:00:00,COLISIÓN POR CORTE DE CIRCULACIÓN,CONCRETO,Bueno,Bueno,3,CHYSLER,BLANCO,3,,62,MASCULINO,SIN DATOS,0,0,Morelia,Colinas del Sur,febrero,viernes,12,-101.201237440109,19.666316202511
4860,4860,2017,"170227067",2017/02/24,12:30:00,VOLCADURA,ASFALTO,Bueno,Bueno,2,NISSAN,GRIS,2,,26,MASCULINO,SIN DATOS,0,0,Morelia,La Esperanza,febrero,viernes,13,-101.153955459595,19.6996072051035
4861,4861,2017,"170227129",2017/02/24,12:40:00,COLISIÓN POR CORTE DE CIRCULACIÓN,ASFALTO,Bueno,Bueno,2,VOLKSWAGEN,PLATA,2,,51,MASCULINO,SIN DATOS,0,0,Morelia,Ferrocarrilero,febrero,viernes,13,-101.221740245819,19.6935263430124
4862,4862,2017,"170227917",2017/02/24,15:20:00,COLISIÓN POR CORTE DE CIRCULACIÓN,ASFALTO,Bueno,Bueno,2,NISSAN,BLANCO/ROJO,2,,40,MASCULINO,SIN DATOS,0,0,Morelia,Morelia 450,febrero,viernes,15,-101.214830875397,19.6745347884837
4863,4863,2017,"170229431",2017/02/24,15:40:00,COLISIÓN POR ALCANCE,CONCRETO,Bueno,Bueno,3,VOLKSWAGEN,PLATA,3,MINISTERIO PÚBLICO,29,MASCULINO,SIN DATOS,0,0,Morelia,Vasco de Quiroga,febrero,viernes,16,-101.167817115784,19.6969001388839
4864,4864,2017,LEG5195,2017/02/24,16:09:00,COLISIÓN POR ALCANCE,ASFALTO,Bueno,Bueno,2,VOLKSWAGEN,PLATA,2,MINISTERIO PÚBLICO,43,MASCULINO,SIN DATOS,0,0,Morelia,Sin datos,febrero,viernes,16,-101.174447536469,19.7460444355736
4865,4865,2017,"170228896",2017/02/24,17:17:00,COLISIÓN POR CORTE DE CIRCULACIÓN,CONCRETO,Bueno,Bueno,2,SIN DATOS,SIN DATOS,2,,0,,SIN DATOS,0,0,Morelia,Tres Puentes,febrero,viernes,17,-101.212931871414,19.7072332088483
4866,4866,2017,"170228365",2017/02/24,17:25:00,COLISIÓN POR CORTE DE CIRCULACIÓN,CONCRETO,Bueno,Bueno,2,NISSAN,PLATA,2,,31,MASCULINO,SIN DATOS,0,0,Morelia,Centro,febrero,viernes,17,-101.178245544434,19.6991829664083
4867,4867,2017,"170228691",2017/02/24,18:10:00,COLISIÓN POR CORTE DE CIRCULACIÓN,ASFALTO,Bueno,Bueno,2,HONDA,NEGRO,2,,17,MASCULINO,SIN DATOS,0,0,Morelia,Gral Gertrudis Sanchez,febrero,viernes,18,-101.208538413048,19.7420935545726
4868,4868,2017,,2017/02/24,18:45:00,COLISIÓN POR CORTE DE CIRCULACIÓN,ASFALTO,Bueno,Bueno,1,CHEVROLET,BLANCO,1,,30,MASCULINO,SIN DATOS,0,0,Morelia,Centro,febrero,viernes,19,-101.189789772034,19.7006980994409
4869,4869,2017,"170229176",2017/02/24,19:20:00,COLISIÓN POR CORTE DE CIRCULACIÓN,ASFALTO,Bueno,Bueno,2,NISSAN,ROJO,2,,22,MASCULINO,SIN DATOS,0,0,Morelia,Felix Ireta,febrero,viernes,19,-101.18078827858,19.6857835156988
4870,4870,2017,"170229104",2017/02/24,19:30:00,COLISIÓN POR ALCANCE,ASFALTO,Bueno,Bueno,3,TOYOTA,MORADO,3,MINISTERIO PÚBLICO,30,MASCULINO,SIN DATOS,0,0,Morelia,Sin datos,febrero,viernes,20,-101.352138519287,19.6800910613999
4871,4871,2017,"170229249",2017/02/24,20:00:00,COLISIÓN POR ALCANCE,ASFALTO,Bueno,Regular,2,NISSAN,ARENA,2,,53,MASCULINO,SIN DATOS,0,0,Morelia,Lomas de Huerta,febrero,viernes,20,-101.210142374039,19.6723728411357
4872,4872,2017,"170229960",2017/02/24,22:35:00,COLISIÓN POR ALCANCE,CONCRETO,Bueno,Bueno,2,VOLKSWAGEN,BLANCO,2,,28,MASCULINO,SIN DATOS,0,0,Morelia,Tinijaro,febrero,viernes,23,-101.265567541122,19.6967587237185
4873,4873,2017,,2017/02/25,"01:00:00",COLISIÓN CONTRA OBJETO FIJO,ADOQUIN_EMPEDRADO,Bueno,Bueno,2,FREIGHTLINER,VERDE,2,,,MASCULINO,SIN DATOS,0,0,Cuitzeo,Centro,febrero,sábado,1,-101.141402721405,19.9692422216147
4874,4874,2017,"170230552",2017/02/25,"04:15:00",COLISIÓN POR CORTE DE CIRCULACIÓN,ASFALTO,Bueno,Bueno,3,FORD,ROJO,1,,21,FEMENINO,SIN DATOS,0,0,Morelia,Santa Maria de Guido,febrero,sábado,4,-101.194006204605,19.6784721854107
4875,4875,2017,"170230422",2017/02/25,"06:00:00",VOLCADURA,ASFALTO,Bueno,Bueno,1,NISSAN,ROJO,1,,23,MASCULINO,SIN DATOS,0,0,Morelia,El Lago 3,febrero,sábado,6,-101.219350397587,19.7273065464272
4876,4876,2017,"170231233",2017/02/25,"09:35:00",COLISIÓN POR CORTE DE CIRCULACIÓN,ASFALTO,Bueno,Bueno,2,V.W.,AZUL,2,,,,SIN DATOS,0,0,Morelia,Morelos,febrero,sábado,10,-101.207138299942,19.6917485058015
4877,4877,2017,"170231550",2017/02/25,10:00:00,COLISIÓN POR CORTE DE CIRCULACIÓN,CONCRETO,Bueno,Bueno,2,V.W.,BLANCO,2,,,FEMENINO,CON CERTIFICADO,0,0,Morelia,Nueva Chapultepec,febrero,sábado,10,-101.172301769257,19.6903545059974
4878,4878,2017,,2017/02/25,10:15:00,COLISIÓN POR CORTE DE CIRCULACIÓN,ASFALTO,Bueno,Bueno,2,VENTO,NEGRO/ROJO,2,,26,MASCULINO,SIN DATOS,0,0,Puruándiro,La Loma,febrero,sábado,10,-101.516675949097,20.0965210869579
4879,4879,2017,"170231367",2017/02/25,10:30:00,COLISIÓN POR CORTE DE CIRCULACIÓN,ASFALTO,Bueno,Bueno,2,VOLKSWAGEN,NEGRO,2,,37,FEMENINO,SIN DATOS,0,0,Morelia,Ventura Puente,febrero,sábado,11,-101.185101270676,19.6932536079042
4880,4880,2017,"170231480",2017/02/25,10:50:00,COLISIÓN POR CORTE DE CIRCULACIÓN,ASFALTO,Bueno,Bueno,1,YAMAHA,BLANCO,1,,19,MASCULINO,SIN DATOS,0,0,Morelia,Jardines del Rincon,febrero,sábado,11,-101.151108294725,19.6895173426731
4881,4881,2017,"170231596",2017/02/25,11:30:00,COLISIÓN POR CORTE DE CIRCULACIÓN,CONCRETO,Bueno,Bueno,2,CHEVROLET,BLANCO,2,,58,MASCULINO,SIN DATOS,0,0,Morelia,Ventura Puente,febrero,sábado,12,-101.195304393768,19.6922737779415
4882,4882,2017,"170231754",2017/02/25,12:40:00,COLISIÓN POR CORTE DE CIRCULACIÓN,ASFALTO,Bueno,Bueno,1,NISSAN,BLANCO Y NARANJA,1,,40,MASCULINO,SIN DATOS,0,0,Morelia,Gertrudis Bocanegra,febrero,sábado,13,-101.210689544678,19.7021526136552
4883,4883,2017,"170231945",2017/02/25,12:40:00,COLISIÓN POR CORTE DE CIRCULACIÓN,ASFALTO,Bueno,Bueno,2,HONDA,TITANIO,2,,21,MASCULINO,SIN DATOS,0,0,Morelia,Cuauhtemoc,febrero,sábado,13,-101.179007291794,19.6948698091704
4884,4884,2017,"170232339",2017/02/25,13:50:00,SUBIDA AL CAMELLÓN,ASFALTO,Bueno,Bueno,1,CHRYSLER,ROJO,1,,45,MASCULINO,CON CERTIFICADO,0,0,Morelia,Bicentenario,febrero,sábado,14,-101.179790496826,19.7384303820251
4885,4885,2017,"170232762",2017/02/25,14:15:00,COLISIÓN POR ALCANCE,ASFALTO,Bueno,Bueno,1,NISSAN,BLANCO,0,,,,,0,0,Tarímbaro,Sin datos,febrero,sábado,14,-101.170864105225,19.7526079833423
4886,4886,2017,,2017/02/25,14:30:00,COLISIÓN POR CORTE DE CIRCULACIÓN,ASFALTO,Bueno,Bueno,2,NISSAN,BLANCO,2,,21,MASCULINO,SIN DATOS,0,0,Lázaro Cárdenas,Centro,febrero,sábado,15,-102.192343175411,17.9555510092968
4887,4887,2017,,2017/02/25,14:30:00,VOLCADURA,CONCRETO,Bueno,Bueno,1,FORD,ROJO,1,,27,MASCULINO,SIN DATOS,0,0,Santa Ana Maya,Centro,febrero,sábado,15,-101.018283963203,20.0122008154223
4888,4888,2017,,2017/02/25,14:45:00,COLISIÓN CON PEATÓN,ASFALTO,Bueno,Bueno,1,Italika,Azul,2,,17,MASCULINO,SIN DATOS,1,0,Apatzingán,Fovissste,febrero,sábado,15,-102.364549040794,19.1016257126085
4889,4889,2017,"170232819",2017/02/25,15:50:00,COLISIÓN POR CORTE DE CIRCULACIÓN,ASFALTO,Bueno,Bueno,2,GENERAL MOTORS,PLATA,2,,26,MASCULINO,SIN DATOS,0,0,Morelia,Sin datos,febrero,sábado,16,-101.11857175827,19.6884554142703
4890,4890,2017,"170233005",2017/02/25,16:00:00,COLISIÓN POR ALCANCE,ASFALTO,Bueno,Bueno,2,CHEVROLET,AZUL,2,MINISTERIO PÚBLICO,32,FEMENINO,SIN DATOS,0,0,Morelia,Asociacion Zirahuen,febrero,sábado,16,-101.250150203705,19.6986678179094
4891,4891,2017,"170232983",2017/02/25,16:00:00,COLISIÓN POR ALCANCE,ASFALTO,Bueno,Bueno,2,GMC,ROJO,2,,58,MASCULINO,SIN DATOS,0,0,Morelia,Elias Perez Avalos,febrero,sábado,16,-101.16575717926,19.7103340097188
4892,4892,2017,,2017/02/25,17:00:00,COLISIÓN CONTRA OBJETO FIJO,ASFALTO,Bueno,Bueno,3,CHEVROLET,GRIS,3,,61,MASCULINO,SIN DATOS,0,0,Lázaro Cárdenas,Lomas de Bella Vista,febrero,sábado,17,-102.221367359161,17.9688748296725
4893,4893,2017,"170233572",2017/02/25,18:20:00,COLISIÓN POR CORTE DE CIRCULACIÓN,ASFALTO,Bueno,Regular,2,V.W.,GRIS,2,,62,MASCULINO,SIN DATOS,0,0,Morelia,Villas del Real,febrero,sábado,18,-101.198834180832,19.7337042351308
4894,4894,2017,"170233794",2017/02/25,18:45:00,COLISIÓN POR ALCANCE,ASFALTO,Bueno,Bueno,2,CHEVROLET,ROJO,3,,21,MASCULINO,CON CERTIFICADO,1,0,Morelia,Francisco J Mujica,febrero,sábado,19,-101.18691444397,19.7230597939172
4895,4895,2017,"170234079",2017/02/25,21:10:00,CAIDA DE MOTOCICLETA,ASFALTO,Bueno,Bueno,1,BAJAN,BLANCO,1,,22,MASCULINO,SIN DATOS,0,0,Morelia,Ventura Puente,febrero,sábado,21,-101.19380235672,19.6919505337517
4896,4896,2017,"170230245",2017/02/25,23:35:00,COLISIÓN POR CORTE DE CIRCULACIÓN,CONCRETO,Bueno,Bueno,2,NISSAN,BLANCO Y ROJO,2,,61,MASCULINO,SIN DATOS,0,0,Morelia,Prados Verdes,febrero,sábado,0,-101.195894479752,19.7151517471715
4897,4897,2017,"170234608",2017/02/26,"01:00:00",COLISIÓN POR CORTE DE CIRCULACIÓN,ASFALTO,Bueno,Bueno,2,FORD,ROJO,1,,,MASCULINO,SIN DATOS,0,0,Morelia,Francisco J Mujica,febrero,domingo,1,-101.188137531281,19.7215246736824
4898,4898,2017,"170234649",2017/02/26,"02:00:00",SUBIDA AL CAMELLÓN,ASFALTO,Bueno,Bueno,1,RENAULT,NEGRO,1,,33,MASCULINO,SIN DATOS,0,0,Morelia,El Eden,febrero,domingo,2,-101.251373291016,19.6442850813838
4899,4899,2017,,2017/02/26,"03:00:00",SALIDA DE SUPERFICIE DE RODAMIENTO,ASFALTO,Bueno,Regular,1,DODGE,PLATA,1,,26,MASCULINO,SIN DATOS,0,0,Cuitzeo,Sin datos,febrero,domingo,3,-101.184468269348,19.9658868092899
4900,4900,2017,"170234765",2017/02/26,"03:50:00",COLISIÓN POR CORTE DE CIRCULACIÓN,CONCRETO,Bueno,Bueno,2,CHEVROLET,GRIS,5,,42,MASCULINO,CON CERTIFICADO,3,0,Morelia,Jardines de Torremolinos,febrero,domingo,4,-101.225731372833,19.6770199816421
4901,4901,2017,"170234830",2017/02/26,"04:50:00",COLISIÓN POR CORTE DE CIRCULACIÓN,ASFALTO,Bueno,Bueno,1,RENAULT,GRIS,1,,22,FEMENINO,SIN DATOS,0,0,Morelia,Lomas de Hidalgo,febrero,domingo,5,-101.162238121033,19.6960112414824
4902,4902,2017,"170234852",2017/02/26,"05:45:00",COLISIÓN POR CORTE DE CIRCULACIÓN,ASFALTO,Bueno,Bueno,1,FORD,GRIS,0,,,,,0,0,Morelia,Avicola Benito Juarez,febrero,domingo,6,-101.27956867218,19.6917283029925
4903,4903,2017,"170234859",2017/02/26,"05:45:00",COLISIÓN POR CORTE DE CIRCULACIÓN,CONCRETO,Bueno,Bueno,2,BMW,AZUL,2,,22,MASCULINO,CON CERTIFICADO,0,0,Morelia,Camelinas,febrero,domingo,6,-101.168978512287,19.6824751485141
4904,4904,2017,,2017/02/26,"08:30:00",COLISIÓN CONTRA OBJETO FIJO,ASFALTO,Bueno,Bueno,1,CHEVROLET,AZUL,0,,,,,0,0,Lázaro Cárdenas,Solidaridad Nacional,febrero,domingo,9,-102.21244096756,17.9692575365948
4905,4905,2017,"170235195",2017/02/26,"09:20:00",COLISIÓN POR CORTE DE CIRCULACIÓN,CONCRETO,Bueno,Bueno,2,MITSUBISHI,PLATINO,2,,40,FEMENINO,SIN DATOS,0,0,Morelia,Juarez,febrero,domingo,9,-101.195422410965,19.6955920438357
4906,4906,2017,,2017/02/26,"09:30:00",COLISIÓN POR CORTE DE CIRCULACIÓN,ASFALTO,Bueno,Bueno,1,NISSAN,ROJO,1,,40,MASCULINO,SIN DATOS,0,0,Queréndaro,Centro,febrero,domingo,10,-100.885305404663,19.8080137519052
4907,4907,2017,"170235825",2017/02/26,13:20:00,COLISIÓN POR CORTE DE CIRCULACIÓN,CONCRETO,Bueno,Bueno,2,NISSAN,BLANCO,2,,24,MASCULINO,SIN DATOS,0,0,Morelia,Las Flores,febrero,domingo,13,-101.206011772156,19.7025364415901
4908,4908,2017,"170236063",2017/02/26,14:20:00,COLISIÓN POR ALCANCE,ASFALTO,Bueno,Bueno,2,VOLKSWAGEN,BLANCO,2,MINISTERIO PÚBLICO,,,SIN DATOS,0,0,Morelia,Independencia,febrero,domingo,14,-101.177880764008,19.7194643575625
4909,4909,2017,"170236035",2017/02/26,14:25:00,COLISIÓN POR ALCANCE,CONCRETO,Bueno,Bueno,2,PEUGEOT,AZUL,2,,54,MASCULINO,SIN DATOS,0,0,Morelia,Centro,febrero,domingo,14,-101.191747784615,19.6968256434106
4910,4910,2017,"170236391",2017/02/26,16:28:00,COLISIÓN POR CORTE DE CIRCULACIÓN,ASFALTO,Bueno,Bueno,2,MITSUBISHI,BLANCO,2,,78,MASCULINO,SIN DATOS,0,0,Morelia,Francisco J Mujica,febrero,domingo,16,-101.185519695282,19.7241202302051
4911,4911,2017,,2017/02/26,16:45:00,COLISIÓN POR CORTE DE CIRCULACIÓN,CONCRETO,Bueno,Bueno,2,TOYOTA,VERDE,2,,49,MASCULINO,SIN DATOS,0,0,Morelia,Loma de Los Piñones,febrero,domingo,17,-101.205604076385,19.6738579202541
4912,4912,2017,"170236399",2017/02/26,17:00:00,COLISIÓN POR CORTE DE CIRCULACIÓN,CONCRETO,Bueno,Regular,2,HONDA,ROJO,2,,26,MASCULINO,SIN DATOS,0,0,Morelia,Felicitas del Rio,febrero,domingo,17,-101.196489930153,19.6886119891743
4913,4913,2017,,2017/02/26,18:00:00,COLISIÓN POR ALCANCE,CONCRETO,Bueno,Bueno,3,ITALIKA,NEGRO,3,,26,MASCULINO,SIN DATOS,0,0,Morelia,Lindavista,febrero,domingo,18,-101.216204166412,19.7039909390928
4914,4914,2017,"170236554",2017/02/26,18:10:00,COLISIÓN POR CORTE DE CIRCULACIÓN,ASFALTO,Bueno,Bueno,2,SIN DATOS,SIN DATO,3,,,,SIN DATOS,1,0,Morelia,Felicitas del Rio,febrero,domingo,18,-101.201083213091,19.6902875836
4915,4915,2017,,2017/02/26,18:15:00,COLISIÓN POR CORTE DE CIRCULACIÓN,CONCRETO,Bueno,Bueno,0,,,0,,,,,0,0,Tarímbaro,Campestre,febrero,domingo,18,-101.164625287056,19.7970815233157
4916,4916,2017,"170237033",2017/02/26,20:35:00,COLISIÓN POR ALCANCE,ASFALTO,Bueno,Bueno,2,JEEP,BLANCO,2,,28,MASCULINO,SIN DATOS,0,0,Morelia,Tzindurio de Morelos,febrero,domingo,21,-101.248111724854,19.6991261486405
4917,4917,2017,"170237283",2017/02/26,21:10:00,COLISIÓN POR CORTE DE CIRCULACIÓN,ASFALTO,Bueno,Bueno,2,MERCEDES BENZ,BLANCO Y VERDE,2,,42,MASCULINO,SIN DATOS,0,0,Morelia,Fuentes de Valladolid,febrero,domingo,21,-101.222113072872,19.6712741768093
4918,4918,2017,"170237101",2017/02/26,21:20:00,COLISIÓN POR CORTE DE CIRCULACIÓN,CONCRETO,Bueno,Bueno,2,VOLKSWAGEN,AZUL,2,,40,MASCULINO,SIN DATOS,0,0,Morelia,Cuauhtemoc,febrero,domingo,21,-101.184977889061,19.694980922408
4919,4919,2017,"170237318",2017/02/26,22:00:00,COLISIÓN POR CORTE DE CIRCULACIÓN,ASFALTO,Bueno,Bueno,1,VOLKSWAGEN,AZUL,1,,50,MASCULINO,CON CERTIFICADO,0,0,Morelia,Campestre Los Manantiales,febrero,domingo,22,-101.239700317383,19.6910818117574
4920,4920,2017,LEG5241,2017/02/26,22:00:00,SUBIDA AL CAMELLÓN,ASFALTO,Bueno,Bueno,0,,,0,,,,,0,0,Morelia,Villas Lomas del Paraiso,febrero,domingo,22,-101.178803443909,19.675080321991
4921,4921,2017,"170237355",2017/02/26,23:18:00,COLISIÓN POR CORTE DE CIRCULACIÓN,CONCRETO,Bueno,Bueno,1,MITSUBISHI,ROJO,1,,30,MASCULINO,SIN DATOS,0,0,Morelia,Balcones de Morelia,febrero,domingo,23,-101.200969219208,19.6716454504242
4923,4923,2017,"170231498",2017/02/27,"00:30:00",VOLCADURA,TERRACERIA,Bueno,Bueno,1,HONDA,NEGRO,0,,,,,0,0,Morelia,La Aldea,febrero,lunes,1,-101.133613586426,19.7496594691249
4924,4924,2017,"170237629",2017/02/27,"02:35:00",SALIDA DE SUPERFICIE DE RODAMIENTO,ASFALTO,Bueno,Bueno,1,SEAT,AMARILLO,1,,,,SIN DATOS,0,0,Morelia,Buenavista,febrero,lunes,3,-101.161444187164,19.7057888413417
4925,4925,2017,"170237640",2017/02/27,"03:20:00",COLISIÓN POR ALCANCE,ASFALTO,Bueno,Regular,2,CHEVROLET,PLATA,2,MINISTERIO PÚBLICO,,,SIN DATOS,0,0,Morelia,Elias Perez Avalos,febrero,lunes,3,-101.171336174011,19.714717449748
4926,4926,2017,"170237658",2017/02/27,"03:30:00",COLISIÓN POR CORTE DE CIRCULACIÓN,CONCRETO,Bueno,Bueno,5,FORD,VERDE,5,,29,MASCULINO,SIN DATOS,0,0,Morelia,Rector Diaz Rubio,febrero,lunes,4,-101.19904473424,19.670058060273
4927,4927,2017,,2017/02/27,"06:30:00",SALIDA DE SUPERFICIE DE RODAMIENTO,ASFALTO,Bueno,Bueno,3,INTERNATIONAL,ROJO,2,,37,MASCULINO,SIN DATOS,0,0,Zinapécuaro,Sin datos,febrero,lunes,7,-100.887794494629,19.8731271999419
4928,4928,2017,,2017/02/27,"06:30:00",SALIDA DE SUPERFICIE DE RODAMIENTO,ASFALTO,Bueno,Bueno,0,,,0,,,,,0,0,Zinapécuaro,Sin datos,febrero,lunes,7,-100.829772949219,19.8191168161575
4929,4929,2017,"170237899",2017/02/27,"08:15:00",COLISIÓN POR CORTE DE CIRCULACIÓN,CONCRETO,Bueno,Bueno,2,NISSAN,BLANCO Y ROSA,2,,32,MASCULINO,SIN DATOS,0,0,Morelia,Torreon Nuevo,febrero,lunes,8,-101.204182505608,19.7495483938943
4930,4930,2017,"170238076",2017/02/27,"09:20:00",COLISIÓN CONTRA OBJETO FIJO,ASFALTO,Bueno,Bueno,1,V.W.,GRIS,1,,,MASCULINO,SIN DATOS,0,0,Morelia,Sin datos,febrero,lunes,9,-101.126811504364,19.7092633816854
4931,4931,2017,"170238226",2017/02/27,"09:20:00",COLISIÓN POR CORTE DE CIRCULACIÓN,CONCRETO,Bueno,Bueno,2,HONDA,BLANCO,2,,35,FEMENINO,SIN DATOS,0,0,Morelia,Camelinas,febrero,lunes,9,-101.172178387642,19.6818816555687
4932,4932,2017,"170238657",2017/02/27,11:00:00,COLISIÓN POR ALCANCE,ASFALTO,Bueno,Bueno,2,NISSAN,PLATA,2,,20,MASCULINO,SIN DATOS,0,0,Morelia,Jardines de Torremolinos,febrero,lunes,11,-101.225731372833,19.6770603909685
4933,4933,2017,"170238621",2017/02/27,11:20:00,COLISIÓN POR ALCANCE,ASFALTO,Bueno,Bueno,2,MERCEDES BENZ,BLANCO Y GRIS,3,,48,MASCULINO,SIN DATOS,1,0,Morelia,Victor Manuel Tinoco Rubi,febrero,lunes,11,-101.243498325348,19.7004152756971
4934,4934,2017,"170238637",2017/02/27,11:25:00,COLISIÓN POR CORTE DE CIRCULACIÓN,ASFALTO,Bueno,Bueno,2,FREIGHTLINER,BLAQNCO Y AZUL,2,,42,MASCULINO,SIN DATOS,0,0,Morelia,Libertad,febrero,lunes,11,-101.236996650696,19.684919811163
4935,4935,2017,"170238994",2017/02/27,12:30:00,COLISIÓN POR ALCANCE,ASFALTO,Bueno,Bueno,2,RENAULT,BLANCO,2,,31,MASCULINO,SIN DATOS,0,0,Morelia,Infonavit  Las  Camelinas,febrero,lunes,13,-101.176142692566,19.6819498442317
4936,4936,2017,,2017/02/27,14:20:00,COLISIÓN POR CORTE DE CIRCULACIÓN,CONCRETO,Bueno,Bueno,2,DODGE,AZUL,4,,44,MASCULINO,SIN DATOS,2,0,Chavinda,San Pedro Y San Pablo,febrero,lunes,14,-102.460706233978,20.0096956604035
4937,4937,2017,"17023952",2017/02/27,14:20:00,COLISIÓN POR CORTE DE CIRCULACIÓN,CONCRETO,Bueno,Bueno,2,NISSAN,GRIS,2,,33,MASCULINO,SIN DATOS,0,0,Morelia,Campestre Los Manantiales,febrero,lunes,14,-101.238391399384,19.6884049062041
4938,4938,2017,"170239718",2017/02/27,14:40:00,COLISIÓN POR CORTE DE CIRCULACIÓN,ASFALTO,Bueno,Bueno,2,INTERNATIONAL,BLANCO,2,,,MASCULINO,SIN DATOS,0,0,Morelia,Elias Perez Avalos,febrero,lunes,15,-101.165585517883,19.7103138092562
4939,4939,2017,"170239644",2017/02/27,15:00:00,COLISIÓN POR CORTE DE CIRCULACIÓN,ASFALTO,Bueno,Bueno,2,FORD,NEGRO,0,,,,,0,0,Morelia,Fovissste Acueducto,febrero,lunes,15,-101.156873703003,19.6975466066206
4940,4940,2017,"170240953",2017/02/27,15:30:00,COLISIÓN POR CORTE DE CIRCULACIÓN,ASFALTO,Bueno,Bueno,2,NISSAN,BLANCO,2,,32,FEMENINO,SIN DATOS,0,0,Morelia,Asociacion Zirahuen,febrero,lunes,16,-101.250214576721,19.6987991304293
4941,4941,2017,"170240012",2017/02/27,15:40:00,COLISIÓN POR CORTE DE CIRCULACIÓN,ASFALTO,Bueno,Bueno,2,MERCEDES BENZ,AMARILLO Y GUINDA,2,,38,MASCULINO,SIN DATOS,0,0,Morelia,Centro,febrero,lunes,16,-101.189843416214,19.7009910235056
4942,4942,2017,"170240515",2017/02/27,16:45:00,COLISIÓN CONTRA OBJETO FIJO,ASFALTO,Bueno,Bueno,1,MAZDA,ROJO,1,,36,FEMENINO,SIN DATOS,0,0,Morelia,Los Manantiales de Morelia,febrero,lunes,17,-101.24139547348,19.6954253745868
4943,4943,2017,"170240675",2017/02/27,17:20:00,COLISIÓN POR ALCANCE,CONCRETO,Bueno,Bueno,3,NISSAN,HIERRO,3,,22,FEMENINO,SIN DATOS,0,0,Morelia,Lomas de Huerta,febrero,lunes,17,-101.214272975922,19.674292328551