fid,id_accidente,anio_origen,folio_c5i,dia_incidente,hora_ocurrencia,tipo_incidente_vial,superficie_ocurrencia,condiciones_climaticas,condiciones_via,numero_vehiculos_involucrados,marca_vehiculo_ocasiona_siniestro,color_vehiculo_ocasiona_siniestro,numero_personas_involucradas,lugar_remite_presunto_responsable,edad_presunto_responsable,sexo_presunto_responsable,resultados_toxicologia,numero_personas_lesionadas,numero_personas_fallecidas,municipio,colonia,mes,dia_semana,hora_redondeada,lon,lat
4944,4944,2017,"170241633",2017/02/27,21:40:00,COLISIÓN POR ALCANCE,CONCRETO,Bueno,Regular,3,DODGE,AZUL,5,MINISTERIO PÚBLICO,,,SIN DATOS,2,0,Morelia,Molino de Parras,febrero,lunes,22,-101.205353289843,19.6998748789396
4945,4945,2017,"170241795",2017/02/27,22:30:00,COLISIÓN POR ALCANCE,CONCRETO,Bueno,Bueno,2,DATSUN,AMARILLO,2,MINISTERIO PÚBLICO,44,MASCULINO,SIN DATOS,0,0,Morelia,Melchor Ocampo,febrero,lunes,23,-101.202921867371,19.7071928071373
4946,4946,2017,"17029247",2017/02/28,"07:31:00",COLISIÓN POR CORTE DE CIRCULACIÓN,ASFALTO,Bueno,Bueno,2,VOLKSWAGEN,AZUL,2,,23,FEMENINO,SIN DATOS,0,0,Morelia,Felix Ireta,febrero,martes,8,-101.188282370567,19.6840775684823
4947,4947,2017,"170242507",2017/02/28,"09:25:00",COLISIÓN POR CORTE DE CIRCULACIÓN,ASFALTO,Bueno,Bueno,2,NISSAN,ROJO,2,,21,MASCULINO,SIN DATOS,0,0,Morelia,Irrigacion,febrero,martes,9,-101.22508764267,19.7048797921682
4948,4948,2017,,2017/02/28,"09:30:00",COLISIÓN POR CORTE DE CIRCULACIÓN,ASFALTO,Bueno,Bueno,1,PONTIAC,PLATA,0,,,,,0,0,Morelia,San Pascual,febrero,martes,10,-101.267380714417,19.6955061839413
4949,4949,2017,"170242642",2017/02/28,"09:40:00",COLISIÓN POR CORTE DE CIRCULACIÓN,ASFALTO,Bueno,Bueno,2,CHEVROLET,ROJO,2,,59,MASCULINO,SIN DATOS,0,0,Morelia,Lomas de Guayangareo,febrero,martes,10,-101.159153580666,19.7035439855384
4950,4950,2017,,2017/02/28,10:20:00,VOLCADURA,ASFALTO,Bueno,Bueno,1,DODGE,ROJO,1,,39,MASCULINO,SIN DATOS,0,0,Morelia,Sin datos,febrero,martes,10,-101.104516983032,19.7296141874411
4951,4951,2017,"170294386",2017/02/28,14:30:00,CAIDA DE MOTOCICLETA,CONCRETO,Bueno,Bueno,1,KAWAZAKI,AZUL,1,,,MASCULINO,SIN DATOS,0,0,Morelia,Isaac Arriaga,febrero,martes,15,-101.172371506691,19.7073190624502
4952,4952,2017,"170243517",2017/02/28,15:05:00,COLISIÓN POR ALCANCE,ASFALTO,Bueno,Bueno,2,VOLKSWAGEN,ROJO,2,,24,FEMENINO,SIN DATOS,0,0,Morelia,Diego Rivera,febrero,martes,15,-101.177859306335,19.719484556869
4953,4953,2017,,2017/02/28,15:30:00,COLISIÓN POR CORTE DE CIRCULACIÓN,ASFALTO,Bueno,Bueno,2,HONDA,NEGRO,2,,42,MASCULINO,SIN DATOS,0,0,Morelia,Nueva Valladolid,febrero,martes,16,-101.209144592285,19.6987991304293
4954,4954,2017,"17023492",2017/02/28,15:30:00,COLISIÓN POR CORTE DE CIRCULACIÓN,ASFALTO,Bueno,Bueno,2,NISSAN,BLANCO Y ROJO,2,,31,MASCULINO,SIN DATOS,0,0,Morelia,Jardines del Rincon,febrero,martes,16,-101.150382757187,19.6907787680923
4955,4955,2017,"170244180",2017/02/28,16:00:00,COLISIÓN POR CORTE DE CIRCULACIÓN,ASFALTO,Bueno,Bueno,2,NISSAN,GRIS,2,,20,MASCULINO,SIN DATOS,0,0,Morelia,Elias Perez Avalos,febrero,martes,16,-101.165821552277,19.7103138092562
4956,4956,2017,"170244008",2017/02/28,16:00:00,COLISIÓN POR CORTE DE CIRCULACIÓN,ASFALTO,Bueno,Bueno,2,DINA,VERDE,2,,45,,SIN DATOS,0,0,Morelia,Villas de La Esperanza,febrero,martes,16,-101.272509098053,19.6937687738295
4957,4957,2017,"1702445486",2017/02/28,17:30:00,COLISIÓN POR CORTE DE CIRCULACIÓN,ASFALTO,Bueno,Bueno,2,NISSAN,BLANCO,1,,20,MASCULINO,SIN DATOS,0,0,Morelia,Francisco Javier Mina,febrero,martes,18,-101.215914487839,19.7130206485069
4958,4958,2017,,2017/02/28,17:30:00,COLISIÓN POR ALCANCE,CONCRETO,Bueno,Bueno,2,CHEVROLET,GRIS,2,,35,FEMENINO,SIN DATOS,0,0,Morelia,Jardines del Rincon,febrero,martes,18,-101.150361299515,19.6908292754096
4959,4959,2017,"170224383",2017/02/28,17:31:00,COLISIÓN POR CORTE DE CIRCULACIÓN,ASFALTO,Bueno,Bueno,2,NISSAN,GRIS,2,,43,FEMENINO,SIN DATOS,0,0,Morelia,Vasco de Quiroga,febrero,martes,18,-101.175863742828,19.6983546876193
4960,4960,2017,"170244460",2017/02/28,17:35:00,COLISIÓN CONTRA OBJETO FIJO,CONCRETO,Bueno,Bueno,3,FORD,GUINDA,3,,,,SIN DATOS,0,0,Morelia,Independencia,febrero,martes,18,-101.178399771452,19.7098744485635
4961,4961,2017,"170244815",2017/02/28,19:00:00,COLISIÓN POR CORTE DE CIRCULACIÓN,CONCRETO,Bueno,Bueno,2,SIN DATOS,SIN  DATOS,1,,41,FEMENINO,SIN DATOS,0,0,Morelia,La Soledad,febrero,martes,19,-101.185077130795,19.7267662405429
4962,4962,2017,"170245112",2017/02/28,20:10:00,COLISIÓN CONTRA OBJETO FIJO,TERRACERIA,Bueno,Bueno,1,CHEVROLET,PLATA,1,,28,MASCULINO,SIN DATOS,0,0,Tarímbaro,Sin datos,febrero,martes,20,-101.101899147034,19.76261434963
4963,4963,2017,"170245647",2017/02/28,20:25:00,COLISIÓN POR CORTE DE CIRCULACIÓN,ASFALTO,Bueno,Bueno,1,V.W.,BLANCO,1,,36,MASCULINO,SIN DATOS,0,0,Morelia,Los Angeles,febrero,martes,20,-101.177730560303,19.7396421920323
4964,4964,2017,"170295476",2017/02/28,20:30:00,COLISIÓN POR CORTE DE CIRCULACIÓN,ASFALTO,Bueno,Bueno,2,RENAULT,BLANCO Y VERDE,2,,27,MASCULINO,SIN DATOS,0,0,Morelia,Asociacion Zirahuen,febrero,martes,21,-101.250193119049,19.6987587265885
4965,4965,2017,,2017/02/28,21:10:00,COLISIÓN POR CORTE DE CIRCULACIÓN,ASFALTO,Bueno,Bueno,1,NISSAN,ROJO,1,,,MASCULINO,SIN DATOS,0,0,Morelia,Gertrudis Bocanegra,febrero,martes,21,-101.211762428284,19.7020516061508
4966,4966,2017,"170246931",2017/03/01,"08:35:00",COLISIÓN POR ALCANCE,ASFALTO,Bueno,Bueno,2,VOLKSWAGEN,BLANCO,2,,31,MASCULINO,SIN DATOS,0,0,Morelia,Francisco J Mujica,marzo,miércoles,9,-101.188201904297,19.7215246736824
4967,4967,2017,,2017/03/01,"08:40:00",VOLCADURA,ASFALTO,Bueno,Bueno,1,CHEVROLET,SIN DATO,1,,,,SIN DATOS,0,0,Quiroga,Sin datos,marzo,miércoles,9,-101.510925292969,19.6608150205086
4968,4968,2017,"170247025",2017/03/01,"09:15:00",COLISIÓN POR CORTE DE CIRCULACIÓN,ASFALTO,Bueno,Bueno,2,ITALIKA,GRIS,2,,46,MASCULINO,SIN DATOS,0,0,Morelia,Villa Universidad,marzo,miércoles,9,-101.212073564529,19.6922535751988
4969,4969,2017,"170247087",2017/03/01,"09:40:00",COLISIÓN POR ALCANCE,ASFALTO,Bueno,Bueno,2,CHEVROLET,BLANCO,2,,30,MASCULINO,SIN DATOS,0,0,Morelia,Elias Perez Avalos,marzo,miércoles,10,-101.165628433228,19.7103744106364
4970,4970,2017,"170247346",2017/03/01,"09:55:00",COLISIÓN POR CORTE DE CIRCULACIÓN,ASFALTO,Bueno,Bueno,2,FORD,BLANCO Y AZUL,2,,,MASCULINO,SIN DATOS,0,0,Morelia,Rincon Campestre,marzo,miércoles,10,-101.144245862961,19.6864249774566
4971,4971,2017,,2017/03/01,10:02:00,VOLCADURA,ASFALTO,Bueno,Bueno,1,CHEVROLET,PLATA,1,,20,MASCULINO,SIN DATOS,0,0,Quiroga,Sin datos,marzo,miércoles,10,-101.513564586639,19.6629367108574
4972,4972,2017,"170248227",2017/03/01,10:05:00,COLISIÓN POR CORTE DE CIRCULACIÓN,ASFALTO,Bueno,Bueno,2,FORD,ROJO,2,,27,MASCULINO,SIN DATOS,0,0,Morelia,Ana Maria Gallaga (Riviera Norte),marzo,miércoles,10,-101.223738491535,19.6767952045781
4973,4973,2017,"170247407",2017/03/01,10:30:00,COLISIÓN POR ALCANCE,ASFALTO,Bueno,Bueno,2,NISSAN,ACERO,2,,52,,SIN DATOS,0,0,Morelia,Insurgentes,marzo,miércoles,11,-101.155135631561,19.6954051722418
4974,4974,2017,"170247419",2017/03/01,10:50:00,COLISIÓN POR CORTE DE CIRCULACIÓN,ASFALTO,Bueno,Bueno,2,HONDA,GRIS,3,,17,MASCULINO,SIN DATOS,1,0,Morelia,Prados del Campestre,marzo,miércoles,11,-101.167232394218,19.6832631017075
4975,4975,2017,"170247850",2017/03/01,12:50:00,COLISIÓN POR CORTE DE CIRCULACIÓN,ASFALTO,Bueno,Bueno,1,FREIGHTLINER,AZUL,1,,45,MASCULINO,SIN DATOS,0,0,Morelia,Solidaridad,marzo,miércoles,13,-101.20779812336,19.7261400893822
4976,4976,2017,"170247973",2017/03/01,13:18:00,CAIDA DE MOTOCICLETA,CONCRETO,Bueno,Bueno,1,BAJAJ,NEGRO,1,,24,MASCULINO,SIN DATOS,0,0,Morelia,Ampliacion La Soledad,marzo,miércoles,13,-101.18484377861,19.7294223060891
4977,4977,2017,"170248146",2017/03/01,13:40:00,COLISIÓN CON PEATÓN,ASFALTO,Bueno,Bueno,1,NISSAN,BLANCO,2,,,,,2,0,Morelia,Ciudad Industrial,marzo,miércoles,14,-101.13795876503,19.7287052737337
4978,4978,2017,"170248357",2017/03/01,14:30:00,COLISIÓN POR CORTE DE CIRCULACIÓN,ASFALTO,Bueno,Bueno,2,FORD,BLANCO,2,,42,MASCULINO,SIN DATOS,0,0,Morelia,Alberto Oviedo Mota,marzo,miércoles,15,-101.195819377899,19.6828186157673
4979,4979,2017,"170249013",2017/03/01,16:30:00,COLISIÓN POR ALCANCE,ASFALTO,Bueno,Bueno,2,MERCURY,BLANCO,2,,,MASCULINO,SIN DATOS,0,0,Morelia,Nueva Valladolid,marzo,miércoles,17,-101.207964420319,19.7011728381726
4980,4980,2017,"170249474",2017/03/01,16:50:00,COLISIÓN POR CORTE DE CIRCULACIÓN,ASFALTO,Bueno,Bueno,2,YAMAHA,BLANCO,2,,23,MASCULINO,SIN DATOS,0,0,Morelia,Francisco J Mujica,marzo,miércoles,17,-101.192788481712,19.7237162553061
4981,4981,2017,LEG5316,2017/03/01,17:10:00,COLISIÓN CONTRA OBJETO FIJO,ASFALTO,Bueno,Bueno,2,KENWORTH,VERDE,2,,,MASCULINO,SIN DATOS,0,0,Morelia,Enrique Arreguin Robles,marzo,miércoles,17,-101.187922954559,19.7214034793516
4982,4982,2017,"170249687",2017/03/01,18:50:00,COLISIÓN POR CORTE DE CIRCULACIÓN,ASFALTO,Bueno,Bueno,1,BAJAJ,AZUL Y NEGRO,1,,24,MASCULINO,SIN DATOS,0,0,Morelia,Nueva Valladolid,marzo,miércoles,19,-101.210625171661,19.6957890163606
4983,4983,2017,"170249690",2017/03/01,19:00:00,COLISIÓN POR ALCANCE,ASFALTO,Bueno,Bueno,1,FORD,VERDE,1,MINISTERIO PÚBLICO,62,MASCULINO,SIN DATOS,0,0,Morelia,Cuauhtemoc,marzo,miércoles,19,-101.178781986237,19.6963344774723
4984,4984,2017,,2017/03/01,21:30:00,COLISIÓN CONTRA OBJETO FIJO,ASFALTO,Bueno,Bueno,2,FORD,GUINDA,2,,30,MASCULINO,SIN DATOS,0,0,Tarímbaro,Sin datos,marzo,miércoles,22,-101.131103038788,19.7756691388251
4985,4985,2017,"170250745",2017/03/01,22:30:00,COLISIÓN POR CORTE DE CIRCULACIÓN,CONCRETO,Bueno,Bueno,1,KENWORTH,BLANCO,1,,42,MASCULINO,SIN DATOS,0,0,Morelia,Tzindurio de Morelos,marzo,miércoles,23,-101.250225305557,19.6979001425596
4986,4986,2017,"170250637",2017/03/01,22:50:00,COLISIÓN CON PEATÓN,CONCRETO,Bueno,Bueno,1,NISSAN,BLANCO,1,,30,MASCULINO,SIN DATOS,0,0,Morelia,Socialista,marzo,miércoles,23,-101.235526800156,19.6432342208425
4987,4987,2017,"170250843",2017/03/02,"00:50:00",COLISIÓN CONTRA OBJETO FIJO,CONCRETO,Bueno,Bueno,1,FORD,BLANCO,2,,,,SIN DATOS,1,0,Morelia,Morelia 450,marzo,jueves,1,-101.21719121933,19.6757470826445
4988,4988,2017,"170251017",2017/03/02,"07:30:00",COLISIÓN POR ALCANCE,ASFALTO,Bueno,Bueno,2,FORD,BLANCO,2,,67,MASCULINO,SIN DATOS,0,0,Morelia,San Rafael,marzo,jueves,8,-101.154396682978,19.7002044201701
4989,4989,2017,"170251159",2017/03/02,"09:00:00",COLISIÓN POR CORTE DE CIRCULACIÓN,ASFALTO,Bueno,Bueno,2,MERCEDES BENZ,BLANCO Y AZUL,2,,37,MASCULINO,SIN DATOS,0,0,Morelia,Montaña Monarca,marzo,jueves,9,-101.163300275803,19.6646441460369
4990,4990,2017,"170251335",2017/03/02,"09:45:00",COLISIÓN POR MANIOBRA DE REVERSA,ASFALTO,Bueno,Bueno,2,CHEVROLET,BLANCO,2,,42,FEMENINO,SIN DATOS,0,0,Morelia,Felix Ireta,marzo,jueves,10,-101.181485652924,19.6814851505458
4991,4991,2017,,2017/03/02,10:00:00,SALIDA DE SUPERFICIE DE RODAMIENTO,ASFALTO,Bueno,Bueno,1,CHEVROLET,PLATA,1,,26,MASCULINO,SIN DATOS,0,0,Morelia,Francisco J Mujica,marzo,jueves,10,-101.188116073608,19.7216256688878
4992,4992,2017,"170251508",2017/03/02,10:40:00,COLISIÓN POR CORTE DE CIRCULACIÓN,ASFALTO,Bueno,Bueno,1,SIN DATOSS,SIN  DATOS,1,,31,MASCULINO,SIN DATOS,0,0,Morelia,La Loma,marzo,jueves,11,-101.185342669487,19.6804244316472
4993,4993,2017,"170251528",2017/03/02,10:45:00,COLISIÓN POR CORTE DE CIRCULACIÓN,ASFALTO,Bueno,Bueno,2,V.W.,VERDE,2,,39,MASCULINO,SIN DATOS,0,0,Morelia,Real Santa Rita,marzo,jueves,11,-101.220573484898,19.6746282364848
4994,4994,2017,,2017/03/02,10:50:00,COLISIÓN POR ALCANCE,ASFALTO,Bueno,Regular,2,DODGE,GRIS,2,,26,MASCULINO,SIN DATOS,0,0,Morelia,Granjas del Maestro,marzo,jueves,11,-101.188352108002,19.712798447011
4995,4995,2017,"170252647",2017/03/02,14:50:00,COLISIÓN POR ALCANCE,ASFALTO,Bueno,Bueno,2,TOYOTA,PLATA,2,,41,FEMENINO,SIN DATOS,0,0,Morelia,Las Americas,marzo,jueves,15,-101.150457859039,19.6909201885407
4996,4996,2017,"170252816",2017/03/02,15:00:00,COLISIÓN POR CORTE DE CIRCULACIÓN,ASFALTO,Bueno,Bueno,2,V.W.,BLANCO,2,,38,MASCULINO,SIN DATOS,0,0,Morelia,Camelinas,marzo,jueves,15,-101.17030620575,19.685364291272
4997,4997,2017,"170252622",2017/03/02,15:10:00,COLISIÓN CONTRA OBJETO FIJO,CONCRETO,Bueno,Bueno,1,VOLKSWAGEN,ROJO,1,,42,MASCULINO,SIN DATOS,0,0,Morelia,Peña Blanca,marzo,jueves,15,-101.194869875908,19.667073926289
4998,4998,2017,"170252845",2017/03/02,15:10:00,COLISIÓN POR CORTE DE CIRCULACIÓN,ASFALTO,Bueno,Bueno,2,NISSAN,BLANCO,2,,26,MASCULINO,SIN DATOS,0,0,Morelia,Felix Ireta,marzo,jueves,15,-101.18155002594,19.681586171027
4999,4999,2017,"170253015",2017/03/02,15:40:00,COLISIÓN POR ALCANCE,ASFALTO,Bueno,Bueno,2,GMC,BLANCO,2,,18,MASCULINO,SIN DATOS,0,0,Morelia,Felix Ireta,marzo,jueves,16,-101.192974895239,19.6904252164246
5000,5000,2017,"170351914",2017/03/02,16:00:00,COLISIÓN POR ALCANCE,ASFALTO,Bueno,Bueno,3,CHEVROLET,BLANCO Y VERDE,3,,52,MASCULINO,SIN DATOS,0,0,Morelia,Valle Quieto,marzo,jueves,16,-101.201612949371,19.6804749422302
5001,5001,2017,"17028353",2017/03/02,17:05:00,COLISIÓN POR ALCANCE,ASFALTO,Bueno,Bueno,2,VOLKSWAGEN,GRIS,2,,29,FEMENINO,SIN DATOS,0,0,Morelia,Felix Ireta,marzo,jueves,17,-101.191989183426,19.6856067344478
5002,5002,2017,"170253172",2017/03/02,17:10:00,COLISIÓN POR ALCANCE,CONCRETO,Bueno,Bueno,2,NISSAN,ARENA,2,MINISTERIO PÚBLICO,23,MASCULINO,SIN DATOS,0,0,Morelia,Infonavit  Las  Camelinas,marzo,jueves,17,-101.175198554993,19.6817604312073
5003,5003,2017,,2017/03/02,18:00:00,COLISIÓN POR CORTE DE CIRCULACIÓN,ASFALTO,Bueno,Bueno,2,Toyota,Blanco,4,,30,MASCULINO,CON CERTIFICADO,2,0,Apatzingán,Morelos,marzo,jueves,18,-102.364693880081,19.0887447522783
5004,5004,2017,"170254643",2017/03/03,"01:30:00",COLISIÓN CONTRA OBJETO FIJO,CONCRETO,Bueno,Bueno,1,CHEVROLET,BLANCO,1,,18,MASCULINO,SIN DATOS,0,0,Morelia,La Colina,marzo,viernes,2,-101.21539413929,19.7079149861822
5005,5005,2017,"170258487",2017/03/03,"01:30:00",COLISIÓN POR CORTE DE CIRCULACIÓN,ASFALTO,Bueno,Bueno,2,DODGE,BLANCO,2,,33,FEMENINO,SIN DATOS,0,0,Morelia,Tres Puentes,marzo,viernes,2,-101.213693618774,19.7026374487884
5006,5006,2017,"170254735",2017/03/03,"03:50:00",CAIDA DE MOTOCICLETA,CONCRETO,Bueno,Bueno,1,ITALIKA,VERDE,0,,,,,0,0,Morelia,Industrial,marzo,viernes,4,-101.197836399078,19.7088214930255
5007,5007,2017,"170262852",2017/03/03,"07:15:00",VOLCADURA,SIN_DATOS,Bueno,Bueno,1,JEEP,NEGRO,1,,50,MASCULINO,CON CERTIFICADO,0,0,Morelia,Lomas del Tecnologico,marzo,viernes,7,-101.196208298206,19.7243499904734
5008,5008,2017,"170254955",2017/03/03,"07:40:00",COLISIÓN POR CORTE DE CIRCULACIÓN,CONCRETO,Bueno,Bueno,2,V.W.,ROJO,2,,26,MASCULINO,SIN DATOS,0,0,Morelia,Libertad,marzo,viernes,8,-101.236910820007,19.6849602184966
5009,5009,2017,"170255121",2017/03/03,"09:10:00",COLISIÓN POR CORTE DE CIRCULACIÓN,ASFALTO,Bueno,Bueno,2,FREIGHTLINER,BLANCO Y AZUL,2,,20,MASCULINO,SIN DATOS,0,0,Morelia,Jardines de Torremolinos,marzo,viernes,9,-101.228376030922,19.6768255116164
5010,5010,2017,,2017/03/03,12:10:00,COLISIÓN POR CORTE DE CIRCULACIÓN,CONCRETO,Bueno,Bueno,2,DODGE,NEGRO,2,,19,FEMENINO,SIN DATOS,0,0,Morelia,Los Manantiales de Morelia,marzo,viernes,12,-101.237834582236,19.7000243987304
5011,5011,2017,"160255966",2017/03/03,12:20:00,COLISIÓN POR ALCANCE,ASFALTO,Bueno,Bueno,2,TOYOTA,BLANCO,2,,,MASCULINO,SIN DATOS,0,0,Morelia,Los Manantiales de Morelia,marzo,viernes,12,-101.240228712559,19.6927460163268
5012,5012,2017,"170256422",2017/03/03,14:40:00,COLISIÓN POR CORTE DE CIRCULACIÓN,ASFALTO,Bueno,Bueno,2,DINA,NEGRO,2,,33,MASCULINO,SIN DATOS,0,0,Morelia,Elias Perez Avalos,marzo,viernes,15,-101.165435314178,19.710556214639
5013,5013,2017,"170256508",2017/03/03,15:00:00,COLISIÓN POR ALCANCE,CONCRETO,Bueno,Regular,2,INTERNATIONAL,BLANCO,2,,40,MASCULINO,SIN DATOS,0,0,Morelia,Cuauhtemoc,marzo,viernes,15,-101.185809373856,19.6952435533901
5014,5014,2017,"170256613",2017/03/03,15:20:00,COLISIÓN POR ALCANCE,ASFALTO,Bueno,Bueno,3,ITALIKA,NEGRO Y AMARILLOL,4,MINISTERIO PÚBLICO,25,MASCULINO,SIN DATOS,1,0,Morelia,Diego Rivera,marzo,viernes,15,-101.17577791214,19.7179292027964
5015,5015,2017,,2017/03/03,16:00:00,COLISIÓN POR CORTE DE CIRCULACIÓN,ASFALTO,Bueno,Bueno,2,NISSAN,BLANCO,0,,,,,0,0,Tacámbaro,Sin datos,marzo,viernes,16,-101.331324577332,19.177679455234
5016,5016,2017,"170257493",2017/03/03,18:25:00,COLISIÓN POR CORTE DE CIRCULACIÓN,ASFALTO,Bueno,Regular,2,NISSAN,BLANCO Y GRIS,2,,27,MASCULINO,SIN DATOS,0,0,Morelia,Ventura Puente,marzo,viernes,18,-101.188073158264,19.6904353179117
5017,5017,2017,"170257902",2017/03/03,19:50:00,COLISIÓN POR CORTE DE CIRCULACIÓN,ASFALTO,Bueno,Bueno,2,FORD,GRIS,1,,28,FEMENINO,SIN DATOS,0,0,Morelia,Lomas de Huerta,marzo,viernes,20,-101.214680671692,19.6743781998191
5018,5018,2017,"170257886",2017/03/03,19:50:00,COLISIÓN POR CORTE DE CIRCULACIÓN,ASFALTO,Bueno,Bueno,1,NISSAN,BLANCO Y MORADO,0,,,,,0,0,Morelia,Industrial,marzo,viernes,20,-101.188416481018,19.7108592208507
5019,5019,2017,"170258573",2017/03/03,22:15:00,COLISIÓN POR CORTE DE CIRCULACIÓN,ASFALTO,Bueno,Bueno,1,V.W.,AZUL,1,,,MASCULINO,SIN DATOS,0,0,Morelia,Montaña Monarca,marzo,viernes,22,-101.164512634277,19.6657655876522
5020,5020,2017,"170219027",2017/03/04,"04:00:00",COLISIÓN CON PEATÓN,ASFALTO,Bueno,Bueno,1,REEWAY,BLANCO/NEGRO,2,MINISTERIO PÚBLICO,,,,2,0,Morelia,Fuentes de Valladolid,marzo,sábado,4,-101.222512722015,19.6706755910069
5021,5021,2017,"170259075",2017/03/04,"04:05:00",COLISIÓN POR CORTE DE CIRCULACIÓN,ASFALTO,Bueno,Bueno,1,SEAT,VERDE,1,,30,MASCULINO,SIN DATOS,0,0,Morelia,Fuentes de Valladolid,marzo,sábado,4,-101.222491264343,19.6705947691239
5022,5022,2017,"1702259107",2017/03/04,"05:45:00",COLISIÓN CONTRA OBJETO FIJO,ASFALTO,Bueno,Bueno,1,BMW,BLANCO,1,,0,,SIN DATOS,0,0,Morelia,Enrique Arreguin Robles,marzo,sábado,6,-101.186635494232,19.720615713962
5023,5023,2017,,2017/03/04,"07:30:00",VOLCADURA,ASFALTO,Bueno,Bueno,1,NISSAN,NEGRO,1,,28,MASCULINO,SIN DATOS,0,0,Puruándiro,Sin datos,marzo,sábado,8,-101.445415019989,20.0898710417713
5024,5024,2017,"170259599",2017/03/04,10:00:00,COLISIÓN POR CORTE DE CIRCULACIÓN,CONCRETO,Bueno,Bueno,2,NISSAN,BLANCO,2,,27,MASCULINO,SIN DATOS,0,0,Morelia,Adolfo Lopez Mateos,marzo,sábado,10,-101.225382685661,19.6959354829528
5025,5025,2017,"170259861",2017/03/04,11:20:00,COLISIÓN POR CORTE DE CIRCULACIÓN,ASFALTO,Bueno,Bueno,1,SIN DATOS,PLATA,1,,65,MASCULINO,SIN DATOS,0,0,Morelia,Morelia 450,marzo,sábado,11,-101.217148303986,19.6757470826445
5026,5026,2017,"170260248",2017/03/04,13:15:00,COLISIÓN POR CORTE DE CIRCULACIÓN,ASFALTO,Bueno,Bueno,2,NISSAN,NEGRO,2,,40,MASCULINO,SIN DATOS,0,0,Morelia,Solidaridad,marzo,sábado,13,-101.205250024796,19.7258876083813
5027,5027,2017,"170260287",2017/03/04,13:20:00,COLISIÓN POR CORTE DE CIRCULACIÓN,ASFALTO,Bueno,Regular,2,CHEVROLET,BLANCO/ AZUL,2,,25,MASCULINO,SIN DATOS,0,0,Morelia,Francisco J Mujica,marzo,sábado,13,-101.188137531281,19.7215246736824
5028,5028,2017,"170604111",2017/03/04,13:20:00,COLISIÓN POR CORTE DE CIRCULACIÓN,ASFALTO,Bueno,Bueno,2,INTERNATIONAL,ROJO,2,,48,MASCULINO,SIN DATOS,0,0,Morelia,Asociacion Zirahuen,marzo,sábado,13,-101.250171661377,19.6987789285102
5029,5029,2017,"1702604697",2017/03/04,13:45:00,COLISIÓN POR CORTE DE CIRCULACIÓN,ASFALTO,Bueno,Bueno,2,MERCEDES BENZ,BLANCO,2,,27,MASCULINO,SIN DATOS,0,0,Morelia,La Aldea,marzo,sábado,14,-101.130904555321,19.7441762995555
5030,5030,2017,,2017/03/04,13:45:00,COLISIÓN POR CORTE DE CIRCULACIÓN,ASFALTO,Bueno,Bueno,2,Nissan,Blanco,2,,28,MASCULINO,SIN DATOS,0,0,Apatzingán,18 de Marzo,marzo,sábado,14,-102.362650036812,19.0988225035628
5031,5031,2017,"170260597",2017/03/04,14:05:00,COLISIÓN CON PEATÓN,ASFALTO,Bueno,Bueno,2,RENAULT,ROJO,2,MINISTERIO PÚBLICO,56,FEMENINO,SIN DATOS,0,0,Morelia,Infonavit  Las  Camelinas,marzo,sábado,14,-101.176228523254,19.6819094361386
5032,5032,2017,LEG5406,2017/03/04,15:00:00,COLISIÓN POR CORTE DE CIRCULACIÓN,ASFALTO,Nublado,Regular,2,INTERNATIONAL,VERDE,2,,27,MASCULINO,SIN DATOS,0,0,Morelia,Plan de La Garita,marzo,sábado,15,-101.188191175461,19.7123035425696
5033,5033,2017,"170260665",2017/03/04,15:10:00,COLISIÓN CON PEATÓN,CONCRETO,Lluvioso,Bueno,1,SIN DATOS,SIN DATOS,2,,0,,SIN DATOS,1,0,Morelia,Indeco Expropiacion Petrolera,marzo,sábado,15,-101.225785017014,19.685990602059
5034,5034,2017,"170260841",2017/03/04,16:15:00,COLISIÓN POR CORTE DE CIRCULACIÓN,ASFALTO,Lluvioso,Regular,2,CHYSLER,BLANCO,2,,47,MASCULINO,SIN DATOS,0,0,Morelia,Ventura Puente,marzo,sábado,16,-101.179715394974,19.6909504929063
5035,5035,2017,"170260939",2017/03/04,17:00:00,COLISIÓN POR CORTE DE CIRCULACIÓN,CONCRETO,Bueno,Bueno,2,FORD,BLANCO,2,,29,MASCULINO,SIN DATOS,0,0,Morelia,Antonio Alzate,marzo,sábado,17,-101.149092614651,19.7023142255295
5036,5036,2017,"170261003",2017/03/04,17:15:00,COLISIÓN POR CORTE DE CIRCULACIÓN,ASFALTO,Nublado,Bueno,2,toyota,BLANCO/GRIS,2,,52,MASCULINO,SIN DATOS,0,0,Morelia,Pascual Ortiz de Ayala,marzo,sábado,17,-101.149470806122,19.6949203151971
5037,5037,2017,"170269235",2017/03/04,17:30:00,COLISIÓN POR CORTE DE CIRCULACIÓN,ASFALTO,Bueno,Bueno,2,HONDA,NEGRO,2,,0,MASCULINO,SIN DATOS,0,0,Morelia,Chapultepec Oriente,marzo,sábado,18,-101.15927696228,19.6893241505152