fid,id_accidente,anio_origen,folio_c5i,dia_incidente,hora_ocurrencia,tipo_incidente_vial,superficie_ocurrencia,condiciones_climaticas,condiciones_via,numero_vehiculos_involucrados,marca_vehiculo_ocasiona_siniestro,color_vehiculo_ocasiona_siniestro,numero_personas_involucradas,lugar_remite_presunto_responsable,edad_presunto_responsable,sexo_presunto_responsable,resultados_toxicologia,numero_personas_lesionadas,numero_personas_fallecidas,municipio,colonia,mes,dia_semana,hora_redondeada,lon,lat
5038,5038,2017,,2017/03/04,17:40:00,COLISIÓN POR CORTE DE CIRCULACIÓN,ASFALTO,Bueno,Bueno,2,FORD,VERDE,2,,22,MASCULINO,SIN DATOS,0,0,Charo,San Pedro Y San Pablo,marzo,sábado,18,-101.048448085785,19.7469330547626
5039,5039,2017,"170260774",2017/03/04,17:50:00,VOLCADURA,ASFALTO,Bueno,Bueno,1,FORD,ROJO,1,,50,MASCULINO,SIN DATOS,0,0,Morelia,Sin datos,marzo,sábado,18,-101.403036117554,19.7916201749539
5040,5040,2017,,2017/03/04,18:00:00,COLISIÓN POR CORTE DE CIRCULACIÓN,CONCRETO,Bueno,Bueno,2,NISSAN,ROJO,3,MINISTERIO PÚBLICO,28,MASCULINO,SIN DATOS,1,0,Sahuayo,Centro,marzo,sábado,18,-102.719646692276,20.0573774832706
5041,5041,2017,"1702601396",2017/03/04,18:05:00,COLISIÓN POR CORTE DE CIRCULACIÓN,ASFALTO,Nublado,Bueno,2,SIN DATOS,SIN DATOS,2,,0,,SIN DATOS,0,0,Morelia,Leandro Valle,marzo,sábado,18,-101.232833862305,19.7165758304467
5042,5042,2017,,2017/03/04,20:20:00,COLISIÓN POR ALCANCE,ASFALTO,Nublado,Bueno,2,NISSAN,ROJO,2,,30,MASCULINO,SIN DATOS,0,0,Morelia,El Lago 1,marzo,sábado,20,-101.214444637299,19.7268975299912
5043,5043,2017,"170261824",2017/03/04,21:00:00,SALIDA DE SUPERFICIE DE RODAMIENTO,ASFALTO,Bueno,Bueno,1,FORD,AZUL,1,,29,MASCULINO,CON CERTIFICADO,0,0,Morelia,Canteras de Morelia,marzo,sábado,21,-101.173793077469,19.7164950317351
5044,5044,2017,LEG5375,2017/03/04,21:00:00,COLISIÓN POR CORTE DE CIRCULACIÓN,ASFALTO,Bueno,Bueno,2,SIN DATOS,SIN DATOS,2,,0,,SIN DATOS,0,0,Morelia,Granjas Unidas de Morelia,marzo,sábado,21,-101.279520392418,19.6912686883983
5045,5045,2017,LEG5362,2017/03/04,21:30:00,COLISIÓN CON PEATÓN,CONCRETO,Bueno,Bueno,1,NISSAN,BLANCO/ROJO,1,,46,MASCULINO,SIN DATOS,0,0,Morelia,Campestre Los Manantiales,marzo,sábado,22,-101.238133907318,19.6879604345346
5046,5046,2017,"170262002",2017/03/04,21:30:00,COLISIÓN POR CORTE DE CIRCULACIÓN,CONCRETO,Bueno,Bueno,2,RAM,AZUL,2,,41,MASCULINO,SIN DATOS,0,0,Morelia,Centro,marzo,sábado,22,-101.194220781326,19.7030919803914
5047,5047,2017,"170262294",2017/03/04,22:20:00,COLISIÓN POR CORTE DE CIRCULACIÓN,ASFALTO,Nublado,Regular,2,DODGE,BLANCO,2,,43,MASCULINO,SIN DATOS,0,0,Morelia,Ana Maria Gallaga (Riviera Norte),marzo,sábado,22,-101.219948530197,19.6772220281721
5048,5048,2017,"170262303",2017/03/04,23:15:00,COLISIÓN POR ALCANCE,ASFALTO,Bueno,Bueno,2,SIN DATOS,SIN DATOS,2,MINISTERIO PÚBLICO,0,,SIN DATOS,0,0,Morelia,El Lago 1,marzo,sábado,23,-101.219379901886,19.7276650661457
5049,5049,2017,"170262409",2017/03/05,"00:10:00",COLISIÓN POR CORTE DE CIRCULACIÓN,ASFALTO,Bueno,Bueno,2,NISSAN,BLANCO,2,,39,,SIN DATOS,0,0,Morelia,Ventura Puente,marzo,domingo,0,-101.184124946594,19.6894655722484
5050,5050,2017,,2017/03/05,"02:00:00",COLISIÓN CONTRA OBJETO FIJO,ASFALTO,Bueno,Bueno,1,MAZDA,BLANCO,2,MINISTERIO PÚBLICO,18,MASCULINO,SIN DATOS,1,0,Sahuayo,Las Brisas,marzo,domingo,2,-102.716213464737,20.0589043122817
5051,5051,2017,"170262618",2017/03/05,"02:45:00",COLISIÓN POR CORTE DE CIRCULACIÓN,ASFALTO,Bueno,Bueno,2,V.W.,R,1,,26,MASCULINO,SIN DATOS,0,0,Morelia,Elias Perez Avalos,marzo,domingo,3,-101.171086728573,19.7144548507336
5052,5052,2017,"170202660",2017/03/05,"03:20:00",COLISIÓN POR ALCANCE,ASFALTO,Bueno,Malo,2,MITSUBISHI,BLANCO,1,MINISTERIO PÚBLICO,47,MASCULINO,SIN DATOS,0,0,Morelia,Torreon Nuevo (La Reserva),marzo,domingo,3,-101.191720962524,19.7469431526795
5053,5053,2017,"170262692",2017/03/05,"03:45:00",COLISIÓN POR CORTE DE CIRCULACIÓN,ASFALTO,Bueno,Bueno,1,MAZDA,NEGRO,1,,38,MASCULINO,SIN DATOS,0,0,Morelia,El Lago 1,marzo,domingo,4,-101.215353906155,19.7270275569347
5054,5054,2017,,2017/03/05,"05:30:00",COLISIÓN CONTRA OBJETO FIJO,ASFALTO,Bueno,Bueno,1,AUDI,BLANCO,0,MINISTERIO PÚBLICO,,,,0,0,Lázaro Cárdenas,Lirios,marzo,domingo,6,-102.211056947708,17.9659152014777
5055,5055,2017,"170262796",2017/03/05,"05:50:00",COLISIÓN POR CORTE DE CIRCULACIÓN,ASFALTO,Bueno,Bueno,1,V.W.,AZUL,1,,21,,SIN DATOS,0,0,Morelia,San Pascual,marzo,domingo,6,-101.26736998558,19.6953849698943
5056,5056,2017,"170262851",2017/03/05,"06:00:00",COLISIÓN POR ALCANCE,CONCRETO,Bueno,Bueno,2,NISSAN,BLANCO Y ROJO,2,,27,MASCULINO,SIN DATOS,0,0,Morelia,Ferrocarrilero,marzo,domingo,6,-101.216080784798,19.698849635216
5057,5057,2017,"170262818",2017/03/05,"06:13:00",COLISIÓN POR CORTE DE CIRCULACIÓN,SIN_DATOS,Bueno,Bueno,2,V.W.,GRIS,2,,28,MASCULINO,SIN DATOS,0,0,Morelia,Felix Ireta,marzo,domingo,6,-101.192064285278,19.6824448425446
5058,5058,2017,LEG5373,2017/03/05,"06:20:00",COLISIÓN POR CORTE DE CIRCULACIÓN,CONCRETO,Bueno,Bueno,2,NISSAN,ROJO,2,,30,MASCULINO,SIN DATOS,0,0,Morelia,Cinco de Diciembre,marzo,domingo,6,-101.165800094605,19.6845763484157
5059,5059,2017,,2017/03/05,"06:25:00",COLISIÓN POR CORTE DE CIRCULACIÓN,ASFALTO,Bueno,Bueno,2,FORD,AZUL,1,MINISTERIO PÚBLICO,,,SIN DATOS,0,0,Lázaro Cárdenas,Solidaridad Nacional,marzo,domingo,6,-102.212398052216,17.9693851053847
5060,5060,2017,"170262827",2017/03/05,"06:45:00",COLISIÓN CONTRA OBJETO FIJO,CONCRETO,Bueno,Bueno,2,CHEVROLET,BLANCO,2,,39,MASCULINO,SIN DATOS,0,0,Morelia,Josefa Ortiz de Dominguez,marzo,domingo,7,-101.209037303925,19.6709357361662
5061,5061,2017,"170263002",2017/03/05,"08:30:00",COLISIÓN POR CORTE DE CIRCULACIÓN,ASFALTO,Bueno,Bueno,2,CHEVROLET,AZUL,2,,23,MASCULINO,SIN DATOS,0,0,Morelia,Felix Ireta,marzo,domingo,9,-101.191999912262,19.6825559644047
5062,5062,2017,"170263794",2017/03/05,12:20:00,COLISIÓN POR ALCANCE,ASFALTO,Bueno,Bueno,2,CHYSLER,BLANCO,2,MINISTERIO PÚBLICO,,,,2,0,Morelia,Diego Rivera,marzo,domingo,12,-101.17607831955,19.7183735912184
5063,5063,2017,"170263933",2017/03/05,12:40:00,COLISIÓN POR CORTE DE CIRCULACIÓN,ASFALTO,Bueno,Bueno,2,TOYOTA,BLANCO,2,,42,MASCULINO,SIN DATOS,0,0,Morelia,Felix Ireta,marzo,domingo,13,-101.180884838104,19.68500062582
5064,5064,2017,,2017/03/05,13:30:00,CAIDA DE MOTOCICLETA,CONCRETO,Bueno,Bueno,1,SUZUKI,BLANCO/AZUL,1,,27,MASCULINO,SIN DATOS,0,0,Zacapu,Centro,marzo,domingo,14,-101.783030033112,19.8141104395161
5065,5065,2017,"1702644443",2017/03/05,14:15:00,COLISIÓN POR CORTE DE CIRCULACIÓN,ASFALTO,Bueno,Regular,2,NISSAN,BLANCO,2,,27,MASCULINO,SIN DATOS,0,0,Morelia,Felix Ireta,marzo,domingo,14,-101.193137168884,19.6822832106106
5066,5066,2017,"170264430",2017/03/05,14:45:00,COLISIÓN POR CORTE DE CIRCULACIÓN,ASFALTO,Bueno,Bueno,2,JEEP,PLATA,2,,,MASCULINO,SIN DATOS,0,0,Morelia,Centro,marzo,domingo,15,-101.190519332886,19.7031020810791
5068,5068,2017,"170265371",2017/03/05,17:10:00,COLISIÓN POR ALCANCE,CONCRETO,Bueno,Bueno,2,TOYOTA,ARENA,2,,62,MASCULINO,SIN DATOS,0,0,Morelia,Centro,marzo,domingo,17,-101.179790496826,19.7006172927079
5069,5069,2017,"170275780",2017/03/05,20:00:00,COLISIÓN POR CORTE DE CIRCULACIÓN,ASFALTO,Bueno,Bueno,2,CHYSLER,GRIS,2,,,,SIN DATOS,0,0,Morelia,Loma Larga,marzo,domingo,20,-101.202484667301,19.6549221309058
5070,5070,2017,"170265915",2017/03/05,20:35:00,COLISIÓN POR CORTE DE CIRCULACIÓN,ASFALTO,Bueno,Bueno,3,GMC,NEGRO,3,,38,MASCULINO,CON CERTIFICADO,0,0,Morelia,Loma Real,marzo,domingo,21,-101.197836399078,19.7274832816003
5072,5072,2017,"170266067",2017/03/05,22:00:00,COLISIÓN POR CORTE DE CIRCULACIÓN,ASFALTO,Bueno,Bueno,1,TOYOTA,ROJO,1,,,FEMENINO,SIN DATOS,0,0,Morelia,Montaña Monarca,marzo,domingo,22,-101.164748668671,19.6656746602459
5074,5074,2017,,2017/03/05,22:10:00,COLISIÓN CON PEATÓN,ASFALTO,Bueno,Bueno,1,VOLKSWAGEN,GRIS,1,,46,MASCULINO,SIN DATOS,0,0,Morelia,Sin datos,marzo,domingo,22,-101.111133992672,19.7316768974208
5075,5075,2017,"170266287",2017/03/05,22:40:00,COLISIÓN POR CORTE DE CIRCULACIÓN,ASFALTO,Bueno,Bueno,1,NISSAN,NEGRO,1,,46,MASCULINO,SIN DATOS,0,0,Morelia,Puerta Madero,marzo,domingo,23,-101.179940700531,19.6723196175371
5076,5076,2017,"170266202",2017/03/05,23:00:00,COLISIÓN CONTRA OBJETO FIJO,ASFALTO,Bueno,Bueno,1,NISSAN,A,1,,19,,SIN DATOS,0,0,Morelia,El Lago 1,marzo,domingo,23,-101.217942237854,19.7273014968479
5077,5077,2017,"170266294",2017/03/06,"00:10:00",COLISIÓN POR CORTE DE CIRCULACIÓN,CONCRETO,Bueno,Bueno,1,NISSAN,BLANCO,1,,,,SIN DATOS,0,0,Morelia,Centro,marzo,lunes,0,-101.190428137779,19.7047459594925
5078,5078,2017,"170266351",2017/03/06,"00:35:00",COLISIÓN POR CORTE DE CIRCULACIÓN,TERRACERIA,Bueno,Bueno,2,VOLVO,BLANCO,2,,27,MASCULINO,CON CERTIFICADO,0,0,Morelia,Infonavit Benito Juarez,marzo,lunes,1,-101.197825670242,19.6840409491348
5079,5079,2017,,2017/03/06,"06:00:00",VOLCADURA,ASFALTO,Bueno,Bueno,1,VOLKSWAGEN,BLANCO,0,,,,,0,0,Huandacareo,Sin datos,marzo,lunes,6,-101.229481101036,19.9629069617854
5080,5080,2017,"17266638",2017/03/06,"07:10:00",COLISIÓN POR CORTE DE CIRCULACIÓN,ASFALTO,Bueno,Bueno,2,NISSAN,AZUL,2,,33,FEMENINO,SIN DATOS,0,0,Morelia,Gertrudis Bocanegra,marzo,lunes,7,-101.212663650513,19.7021324121594
5081,5081,2017,"170266711",2017/03/06,"08:10:00",COLISIÓN POR CORTE DE CIRCULACIÓN,ASFALTO,Bueno,Bueno,2,V.W.,ROJO,2,,20,MASCULINO,SIN DATOS,0,0,Morelia,Cuauhtemoc,marzo,lunes,8,-101.178819537163,19.6962940730093
5082,5082,2017,"170266868",2017/03/06,"09:35:00",VOLCADURA,TERRACERIA,Bueno,Malo,1,INTERNATIONAL,BLANCO,1,,27,MASCULINO,SIN DATOS,0,0,Morelia,Pastor Manuel Sanchez Camarena,marzo,lunes,10,-101.199483275414,19.7383003643634
5083,5083,2017,"170267080",2017/03/06,10:15:00,COLISIÓN POR ALCANCE,ASFALTO,Bueno,Bueno,4,GMC,BLANCO,7,MINISTERIO PÚBLICO,17,MASCULINO,SIN DATOS,3,0,Morelia,Camelinas,marzo,lunes,10,-101.172752380371,19.6820104563522
5084,5084,2017,"170267775",2017/03/06,13:30:00,COLISIÓN POR CORTE DE CIRCULACIÓN,ASFALTO,Nublado,Regular,2,SIN DATOS,BLANCO,2,,,,SIN DATOS,0,0,Morelia,Ana Maria Gallaga (Riviera Norte),marzo,lunes,14,-101.219530105591,19.6770603909685
5085,5085,2017,"170267995",2017/03/06,14:45:00,COLISIÓN POR CORTE DE CIRCULACIÓN,CONCRETO,Bueno,Bueno,2,NISSAN,ROJO,2,,59,MASCULINO,SIN DATOS,0,0,Morelia,Granjas del Maestro,marzo,lunes,15,-101.188593506813,19.7133388001111
5086,5086,2017,"170268304",2017/03/06,16:00:00,COLISIÓN POR CORTE DE CIRCULACIÓN,ASFALTO,Bueno,Bueno,2,V.W.,ARENA,1,,20,MASCULINO,SIN DATOS,0,0,Morelia,El Potrero San Lorenzo Itzicuaro,marzo,lunes,16,-101.271023154259,19.6837277902352
5087,5087,2017,,2017/03/06,16:00:00,COLISIÓN POR ALCANCE,ASFALTO,Bueno,Regular,2,GMC,AZUL,2,,33,MASCULINO,SIN DATOS,0,0,Morelia,Lomas de Morelia (Dr Ignacio Chavez),marzo,lunes,16,-101.175134181976,19.7173434161707
5088,5088,2017,"170278338",2017/03/06,16:10:00,COLISIÓN POR ALCANCE,ASFALTO,Bueno,Regular,3,CHEVROLET,BLANCO,3,,35,MASCULINO,SIN DATOS,0,0,Morelia,Rinconada del Valle,marzo,lunes,16,-101.218907833099,19.6785353244064
5089,5089,2017,"170268277",2017/03/06,16:40:00,COLISIÓN POR CORTE DE CIRCULACIÓN,ASFALTO,Bueno,Bueno,2,JEEP,BLANCO,2,,25,MASCULINO,SIN DATOS,0,0,Morelia,Ciudad Industrial,marzo,lunes,17,-101.141359806061,19.7265440581538
5090,5090,2017,"170268593",2017/03/06,16:40:00,COLISIÓN POR ALCANCE,ASFALTO,Bueno,Bueno,3,RAM,GRIS,3,,27,MASCULINO,SIN DATOS,0,0,Morelia,Primo Tapia Oriente,marzo,lunes,17,-101.157528162003,19.7142074012677
5091,5091,2017,"170268625",2017/03/06,17:50:00,COLISIÓN POR ALCANCE,ASFALTO,Bueno,Bueno,2,NISSAN,BLANCO,2,,60,MASCULINO,SIN DATOS,0,0,Morelia,Primo Tapia Oriente,marzo,lunes,18,-101.158483028412,19.7137276512122
5092,5092,2017,,2017/03/06,18:00:00,SALIDA DE SUPERFICIE DE RODAMIENTO,TERRACERIA,Bueno,Malo,1,FORD,DORADO,1,,37,MASCULINO,SIN DATOS,0,0,Cuitzeo,San Agustin del Pulque,marzo,lunes,18,-101.07135951519,19.963980923466
5093,5093,2017,"170268923",2017/03/06,18:05:00,COLISIÓN POR CORTE DE CIRCULACIÓN,ASFALTO,Bueno,Regular,2,HONDA,ROJO Y NEGRO,2,,23,MASCULINO,SIN DATOS,0,0,Morelia,Loma de Los Piñones,marzo,lunes,18,-101.205062270164,19.6741054321024
5094,5094,2017,"170268916",2017/03/06,18:25:00,COLISIÓN POR CORTE DE CIRCULACIÓN,ASFALTO,Bueno,Bueno,2,PONTIAC,PLATA,3,,47,MASCULINO,SIN DATOS,1,0,Morelia,Felix Ireta,marzo,lunes,18,-101.190347671509,19.6824246385618
5095,5095,2017,"170268955",2017/03/06,19:30:00,COLISIÓN POR CORTE DE CIRCULACIÓN,CONCRETO,Bueno,Bueno,2,DODGE,BLANCO,2,,33,FEMENINO,SIN DATOS,0,0,Morelia,Valle Verde,marzo,lunes,20,-101.190004348755,19.7276347687359
5096,5096,2017,"170269201",2017/03/06,19:50:00,COLISIÓN CON PEATÓN,ASFALTO,Bueno,Bueno,1,VOLKSWAGEN,SIN  DATOS,2,,64,MASCULINO,CON CERTIFICADO,1,0,Morelia,Jardines del Rincon,marzo,lunes,20,-101.150414943695,19.6908090724846
5097,5097,2017,"170269210",2017/03/06,20:00:00,COLISIÓN CON PEATÓN,ASFALTO,Bueno,Bueno,1,YAMAHA,AZUL,2,,22,MASCULINO,SIN DATOS,1,0,Morelia,Ejidal Ocolusen,marzo,lunes,20,-101.154697090387,19.6838515385833
5098,5098,2017,"170264268",2017/03/06,20:10:00,COLISIÓN POR CORTE DE CIRCULACIÓN,ASFALTO,Bueno,Bueno,2,KENWORTH,BLANCO,2,,37,MASCULINO,SIN DATOS,0,0,Morelia,Industrial,marzo,lunes,20,-101.188716888428,19.7110006235531
5099,5099,2017,"170269475",2017/03/06,21:00:00,COLISIÓN POR ALCANCE,CONCRETO,Bueno,Bueno,2,HONDA,AZUL,2,,60,MASCULINO,SIN DATOS,0,0,Morelia,Molino de Parras,marzo,lunes,21,-101.205539703369,19.6986274140354
5100,5100,2017,,2017/03/06,21:40:00,COLISIÓN POR CORTE DE CIRCULACIÓN,ASFALTO,Bueno,Regular,2,FORD,PLATA,2,,39,MASCULINO,SIN DATOS,0,0,Múgica,Sin datos,marzo,lunes,22,-102.085647583008,19.0730287249329
5101,5101,2017,,2017/03/06,21:40:00,COLISIÓN POR CORTE DE CIRCULACIÓN,ASFALTO,Bueno,Bueno,2,FORD,SIN DATO,2,,39,MASCULINO,SIN DATOS,0,0,Uruapan,Sin datos,marzo,lunes,22,-102.078309059143,19.2780913775738
5102,5102,2017,"170270761",2017/03/07,"00:00:00",COLISIÓN POR CORTE DE CIRCULACIÓN,CONCRETO,Bueno,Bueno,2,RENAULT,NEGRO,2,,38,MASCULINO,SIN DATOS,0,0,Morelia,Villa Universidad,marzo,martes,0,-101.205282211304,19.6866573173019
5103,5103,2017,"170270262",2017/03/07,"03:15:00",COLISIÓN CONTRA OBJETO FIJO,ASFALTO,Bueno,Bueno,1,BMW,BLANCO,1,,,,SIN DATOS,0,0,Morelia,Felix Arreguin,marzo,martes,3,-101.226975917816,19.7206460127026
5104,5104,2017,"170270386",2017/03/07,"06:40:00",COLISIÓN CONTRA OBJETO FIJO,ASFALTO,Bueno,Bueno,1,NISSAN,BLANCO Y ROJO,1,,55,MASCULINO,SIN DATOS,0,0,Maravatío,Sin datos,marzo,martes,7,-100.541725158691,19.9099309116029
5105,5105,2017,"170270584",2017/03/07,"07:45:00",COLISIÓN POR CORTE DE CIRCULACIÓN,ASFALTO,Bueno,Bueno,3,NISSAN,ROJO,2,,67,MASCULINO,SIN DATOS,0,0,Morelia,Justo Mendoza,marzo,martes,8,-101.231616139412,19.7139246014092
5106,5106,2017,,2017/03/07,"07:55:00",COLISIÓN POR CORTE DE CIRCULACIÓN,ASFALTO,Bueno,Bueno,2,Italika,Azul,2,,23,MASCULINO,SIN DATOS,0,0,Apatzingán,Bonifacio Moreno,marzo,martes,8,-102.353876531124,19.0914670222397
5107,5107,2017,"170270662",2017/03/07,"08:10:00",COLISIÓN POR CORTE DE CIRCULACIÓN,ASFALTO,Bueno,Bueno,2,NISSAN,ROJO,2,,30,FEMENINO,SIN DATOS,0,0,Morelia,Felix Ireta,marzo,martes,8,-101.180949211121,19.6877584015497
5108,5108,2017,"170270676",2017/03/07,"08:16:00",COLISIÓN POR CORTE DE CIRCULACIÓN,ASFALTO,Bueno,Bueno,2,VOLKSWAGEN,AZUL,3,,41,FEMENINO,SIN DATOS,1,0,Morelia,Industrial,marzo,martes,8,-101.1887383461,19.7109804231747
5109,5109,2017,"170270925",2017/03/07,"09:10:00",COLISIÓN POR ALCANCE,ASFALTO,Bueno,Bueno,2,FORD,PLATA,2,,35,MASCULINO,SIN DATOS,0,0,Morelia,Bosques de Oriente,marzo,martes,9,-101.15530192852,19.7157274419378
5110,5110,2017,,2017/03/07,11:00:00,COLISIÓN POR CORTE DE CIRCULACIÓN,ASFALTO,Nublado,Malo,2,CHEVROLET,BLANCO,5,,21,,SIN DATOS,3,0,Puruándiro,Lomas de Agua Tibia,marzo,martes,11,-101.482129096985,20.0862436254015
5111,5111,2017,"170271383",2017/03/07,12:27:00,COLISIÓN POR CORTE DE CIRCULACIÓN,CONCRETO,Bueno,Bueno,2,FORD,GRIS,1,,37,MASCULINO,SIN DATOS,0,0,Morelia,Colinas del Sur,marzo,martes,12,-101.200464963913,19.666462696054
5112,5112,2017,,2017/03/07,13:25:00,COLISIÓN POR CORTE DE CIRCULACIÓN,CONCRETO,Bueno,Bueno,2,CHRYSLER,VERDE,0,MINISTERIO PÚBLICO,,,,0,0,Ziracuaretiro,Sin datos,marzo,martes,13,-101.905446052551,19.4754127365266
5113,5113,2017,"170271649",2017/03/07,13:40:00,COLISIÓN CONTRA OBJETO FIJO,ASFALTO,Bueno,Bueno,1,KENWORTH,BLANCO,1,,,,SIN DATOS,0,0,Morelia,Jardines de Guadalupe,marzo,martes,14,-101.2265843153,19.7106269161397
5114,5114,2017,"170271953",2017/03/07,14:53:00,CAIDA DE MOTOCICLETA,CONCRETO,Bueno,Bueno,1,CARABELA,ROJO,1,,32,MASCULINO,SIN DATOS,0,0,Morelia,Vista Bella,marzo,martes,15,-101.192445158958,19.678494915452
5115,5115,2017,"170272065",2017/03/07,15:20:00,COLISIÓN POR ALCANCE,ASFALTO,Bueno,Bueno,3,NISSAN,CAFE,3,,21,FEMENINO,SIN DATOS,0,0,Morelia,Jardines de Torremolinos,marzo,martes,15,-101.225838661194,19.6772220281721
5116,5116,2017,"170272247",2017/03/07,15:48:00,COLISIÓN POR CORTE DE CIRCULACIÓN,ASFALTO,Bueno,Bueno,2,HONDA,BLANCO,2,,42,MASCULINO,SIN DATOS,0,0,Morelia,Felicitas del Rio,marzo,martes,16,-101.19780421257,19.690248440298
5117,5117,2017,"170272134",2017/03/07,16:00:00,COLISIÓN POR ALCANCE,CONCRETO,Bueno,Bueno,2,KAWAZAKI,ROJO,0,MINISTERIO PÚBLICO,,,,0,0,Morelia,Loma Real,marzo,martes,16,-101.198332607746,19.7288567597107
5118,5118,2017,"170272603",2017/03/07,16:20:00,COLISIÓN POR ALCANCE,ASFALTO,Bueno,Bueno,2,TOYOTA,MAGNETIC,2,,52,MASCULINO,SIN DATOS,0,0,Morelia,Morelia 450,marzo,martes,16,-101.217126846313,19.6755753415293
5119,5119,2017,"170272647",2017/03/07,16:45:00,COLISIÓN POR CORTE DE CIRCULACIÓN,ASFALTO,Bueno,Bueno,2,NISSAN,BLANCO,2,,,MASCULINO,SIN DATOS,0,0,Morelia,Emiliano Zapata,marzo,martes,17,-101.230537891388,19.6542376020481
5120,5120,2017,"170272585",2017/03/07,17:15:00,COLISIÓN POR CORTE DE CIRCULACIÓN,ASFALTO,Bueno,Bueno,2,NISSAN,BLANCO Y AZUL,2,,24,MASCULINO,SIN DATOS,0,0,Morelia,Centro,marzo,martes,17,-101.191769242287,19.6959910392113
5121,5121,2017,LEG5464,2017/03/07,17:30:00,COLISIÓN POR CORTE DE CIRCULACIÓN,CONCRETO,Bueno,Bueno,2,DODGE,VERDE,2,,26,MASCULINO,SIN DATOS,0,0,Morelia,Centro,marzo,martes,18,-101.178161548973,19.6991477461322
5122,5122,2017,"170272805",2017/03/07,17:50:00,COLISIÓN POR CORTE DE CIRCULACIÓN,CONCRETO,Bueno,Bueno,2,V.W.,BLANCO,2,,28,,SIN DATOS,0,0,Morelia,Jacarandas,marzo,martes,18,-101.210061907768,19.7079402371388
5123,5123,2017,"170273013",2017/03/07,18:30:00,COLISIÓN POR CORTE DE CIRCULACIÓN,ASFALTO,Bueno,Bueno,2,FREIGHTLINER,BLANCO,2,,,MASCULINO,SIN DATOS,0,0,Morelia,Indeco El Vivero,marzo,martes,19,-101.231836080551,19.6777271433823
5124,5124,2017,LEG5451,2017/03/07,18:50:00,COLISIÓN POR CORTE DE CIRCULACIÓN,ASFALTO,Bueno,Bueno,2,MAZDA,GRIS,2,,31,MASCULINO,SIN DATOS,0,0,Morelia,Felix Ireta,marzo,martes,19,-101.191796064377,19.6824903014967
5125,5125,2017,"170273122",2017/03/07,19:00:00,COLISIÓN POR CORTE DE CIRCULACIÓN,ASFALTO,Bueno,Bueno,1,HONDA,BLANCO,1,,30,MASCULINO,SIN DATOS,0,0,Morelia,Victor Manuel Tinoco Rubi,marzo,martes,19,-101.243369579315,19.700395073982
5126,5126,2017,,2017/03/07,20:15:00,COLISIÓN POR CORTE DE CIRCULACIÓN,ASFALTO,Bueno,Bueno,1,HONDA,ROJO/NEGRO,3,MINISTERIO PÚBLICO,19,MASCULINO,SIN DATOS,2,0,Sahuayo,Centro,marzo,martes,20,-102.716428041458,20.0571406470766
5127,5127,2017,LEG5454,2017/03/07,21:40:00,COLISIÓN CONTRA OBJETO FIJO,ASFALTO,Bueno,Bueno,2,NISSAN,ROJO,2,,27,MASCULINO,SIN DATOS,0,0,Morelia,San Rafael,marzo,martes,22,-101.155049800873,19.7009001160946
5128,5128,2017,"170273899",2017/03/07,22:10:00,COLISIÓN CON PEATÓN,ASFALTO,Bueno,Bueno,1,FORD,GRIS,1,,,MASCULINO,SIN DATOS,0,0,Morelia,Sin datos,marzo,martes,22,-101.104527711868,19.7296040884284
5129,5129,2017,"170274007",2017/03/07,22:22:00,COLISIÓN POR ALCANCE,ASFALTO,Bueno,Bueno,2,SIN DATOS,SIN  DATOS,1,,38,MASCULINO,SIN DATOS,0,0,Morelia,Rafael Carrillo,marzo,martes,22,-101.23633146286,19.7077483297689
5130,5130,2017,"170274121",2017/03/07,23:00:00,CAIDA DE MOTOCICLETA,ASFALTO,Bueno,Bueno,1,BAJAJ,AZUL,1,,18,MASCULINO,SIN DATOS,0,0,Morelia,Infonavit Manantiales,marzo,martes,23,-101.23769402504,19.6924960079434
5131,5131,2017,"170274236",2017/03/08,"02:53:00",COLISIÓN POR CORTE DE CIRCULACIÓN,CONCRETO,Bueno,Bueno,2,FORD,ROJO,2,,50,MASCULINO,SIN DATOS,0,0,Morelia,Centro,marzo,miércoles,3,-101.187397241592,19.705798941859
5132,5132,2017,"170274536",2017/03/08,"08:10:00",COLISIÓN POR ALCANCE,ASFALTO,Bueno,Bueno,2,HONDA,PLATA,2,MINISTERIO PÚBLICO,31,MASCULINO,SIN DATOS,0,0,Morelia,Prados Verdes,marzo,miércoles,8,-101.197106838226,19.7181311976868
5133,5133,2017,,2017/03/08,"08:15:00",COLISIÓN POR CORTE DE CIRCULACIÓN,ASFALTO,Bueno,Bueno,1,HONDA,PLATA,1,,22,FEMENINO,SIN DATOS,0,0,Morelia,Sin datos,marzo,miércoles,8,-101.119709014893,19.7009405193948
5134,5134,2017,"170174865",2017/03/08,"09:55:00",COLISIÓN POR CORTE DE CIRCULACIÓN,ASFALTO,Bueno,Bueno,2,CHEVROLET,ROJO,2,,53,MASCULINO,SIN DATOS,0,0,Morelia,La Quemada,marzo,miércoles,10,-101.237790584564,19.7017283817085
5135,5135,2017,"170277391",2017/03/08,10:30:00,COLISIÓN POR ALCANCE,ASFALTO,Lluvioso,Malo,2,FORD,AZUL,0,,,,,0,0,Morelia,Lomas de San Juan,marzo,miércoles,11,-101.182423084974,19.7301020952359
5136,5136,2017,,2017/03/08,11:50:00,COLISIÓN POR CORTE DE CIRCULACIÓN,ASFALTO,Bueno,Bueno,2,Ford,Negro,2,,19,MASCULINO,SIN DATOS,0,0,Apatzingán,Centro,marzo,miércoles,12,-102.35181927681,19.0874114826901