fid,id_accidente,anio_origen,folio_c5i,dia_incidente,hora_ocurrencia,tipo_incidente_vial,superficie_ocurrencia,condiciones_climaticas,condiciones_via,numero_vehiculos_involucrados,marca_vehiculo_ocasiona_siniestro,color_vehiculo_ocasiona_siniestro,numero_personas_involucradas,lugar_remite_presunto_responsable,edad_presunto_responsable,sexo_presunto_responsable,resultados_toxicologia,numero_personas_lesionadas,numero_personas_fallecidas,municipio,colonia,mes,dia_semana,hora_redondeada,lon,lat
5137,5137,2017,,2017/03/08,12:00:00,COLISIÓN POR CORTE DE CIRCULACIÓN,ASFALTO,Bueno,Bueno,2,KENWORTH,BLANCO,2,,,MASCULINO,SIN DATOS,0,0,Cuitzeo,Centro,marzo,miércoles,12,-101.139573454857,19.9698623726491
5138,5138,2017,"170276182",2017/03/08,14:30:00,COLISIÓN POR ALCANCE,ASFALTO,Bueno,Bueno,2,KENWORTH,ROJO,2,,20,MASCULINO,SIN DATOS,0,0,Morelia,Enrique Arreguin Robles,marzo,miércoles,15,-101.188094615936,19.7215448727286
5139,5139,2017,"170275967",2017/03/08,14:35:00,COLISIÓN POR CORTE DE CIRCULACIÓN,ASFALTO,Bueno,Bueno,2,ITALIKA,ROJO Y NEGRO,2,,21,MASCULINO,SIN DATOS,0,0,Morelia,Alberto Oviedo Mota,marzo,miércoles,15,-101.201983094215,19.6778685753558
5140,5140,2017,"1702076268",2017/03/08,14:50:00,COLISIÓN CONTRA OBJETO FIJO,ASFALTO,Nublado,Bueno,2,INTERNATIONAL,AMARILLO Y ROJO,2,,54,MASCULINO,SIN DATOS,0,0,Morelia,Elias Perez Avalos,marzo,miércoles,15,-101.1656498909,19.7103946110913
5141,5141,2017,"170276149",2017/03/08,15:00:00,COLISIÓN POR CORTE DE CIRCULACIÓN,ASFALTO,Bueno,Bueno,2,NISSAN,BEIGE,2,,36,MASCULINO,SIN DATOS,0,0,Morelia,Felix Ireta,marzo,miércoles,15,-101.188040971756,19.6901322730229
5142,5142,2017,"170276352",2017/03/08,16:00:00,COLISIÓN CONTRA OBJETO FIJO,ASFALTO,Nublado,Bueno,2,SIN DATOS,SIN  DATOS,1,,,,SIN DATOS,0,0,Morelia,Centro,marzo,miércoles,16,-101.182193756104,19.7006980994409
5143,5143,2017,"170276499",2017/03/08,17:00:00,COLISIÓN POR CORTE DE CIRCULACIÓN,ASFALTO,Bueno,Bueno,2,HONDA,PLATA,2,,50,,SIN DATOS,0,0,Morelia,Villa Universidad,marzo,miércoles,17,-101.199912428856,19.6861774846419
5144,5144,2017,,2017/03/08,18:05:00,COLISIÓN POR ALCANCE,ASFALTO,Bueno,Bueno,2,NISSAN,ROJO,2,,52,MASCULINO,SIN DATOS,0,0,Morelia,Elias Perez Avalos,marzo,miércoles,18,-101.169104576111,19.7131822494008
5145,5145,2017,"170277",2017/03/08,18:40:00,VOLCADURA,ASFALTO,Nublado,Regular,1,NISSAN,B,1,MINISTERIO PÚBLICO,,,SIN DATOS,0,0,Morelia,La Soledad,marzo,miércoles,19,-101.18337392807,19.7282306167424
5146,5146,2017,"170277095",2017/03/08,18:50:00,COLISIÓN CONTRA OBJETO FIJO,ASFALTO,Nublado,Bueno,2,AUDI,PLATA,2,,38,MASCULINO,CON CERTIFICADO,0,0,Morelia,Sin datos,marzo,miércoles,19,-101.244549751282,19.6536212709835
5147,5147,2017,"170276227",2017/03/08,19:00:00,COLISIÓN POR ALCANCE,ASFALTO,Bueno,Bueno,2,VOLVO,AZUL,2,,39,MASCULINO,CON CERTIFICADO,0,0,Morelia,Pascual Ortiz de Ayala,marzo,miércoles,19,-101.150736808777,19.6970011496399
5148,5148,2017,"170277342",2017/03/08,20:00:00,COLISIÓN CONTRA OBJETO FIJO,ASFALTO,Bueno,Regular,1,NISSAN,NEGRO,1,,55,MASCULINO,SIN DATOS,0,0,Morelia,San Jose Itzicuaro,marzo,miércoles,20,-101.304126977921,19.6877634523775
5149,5149,2017,,2017/03/08,20:00:00,COLISIÓN POR CORTE DE CIRCULACIÓN,ASFALTO,Bueno,Bueno,2,FORD,CAFE,2,,38,MASCULINO,SIN DATOS,0,0,Cuitzeo,Centro,marzo,miércoles,20,-101.139965057373,19.9676615817281
5150,5150,2017,"170278235",2017/03/09,"02:35:00",COLISIÓN POR CORTE DE CIRCULACIÓN,ASFALTO,Bueno,Bueno,1,V.W.,AZUL,0,,,,,0,0,Morelia,El Lago 3,marzo,jueves,3,-101.221772432327,19.7272863481092
5151,5151,2017,"170278820",2017/03/09,"09:00:00",COLISIÓN POR CORTE DE CIRCULACIÓN,ASFALTO,Bueno,Bueno,2,MERCEDES BENZ,VERDE Y BLANCO,2,,19,MASCULINO,SIN DATOS,0,0,Morelia,Sin datos,marzo,jueves,9,-101.3170337677,19.6873240297691
5152,5152,2017,LEG5526,2017/03/09,"09:15:00",COLISIÓN POR CORTE DE CIRCULACIÓN,ASFALTO,Bueno,Bueno,2,V.W.,AMARILLO,2,,,MASCULINO,SIN DATOS,0,0,Morelia,Sin datos,marzo,jueves,9,-101.315016746521,19.6871826061444
5153,5153,2017,"170278901",2017/03/09,"09:40:00",COLISIÓN POR ALCANCE,ASFALTO,Bueno,Bueno,2,NISSAN,BLANCO,2,MINISTERIO PÚBLICO,49,MASCULINO,SIN DATOS,0,0,Morelia,Ventura Puente,marzo,jueves,10,-101.188201904297,19.6903545059974
5154,5154,2017,LEG5511,2017/03/09,"09:45:00",SALIDA DE SUPERFICIE DE RODAMIENTO,ASFALTO,Bueno,Bueno,1,KENWORTH,NARANJA,1,,30,MASCULINO,SIN DATOS,0,0,Morelia,La Quemada,marzo,jueves,10,-101.241352558136,19.700960721041
5155,5155,2017,"170279242",2017/03/09,10:50:00,COLISIÓN POR ALCANCE,ASFALTO,Bueno,Bueno,2,FORD,BLANCO,2,,21,MASCULINO,SIN DATOS,0,0,Morelia,Infonavit  Las  Camelinas,marzo,jueves,11,-101.176121234894,19.6818488239799
5156,5156,2017,"170279147",2017/03/09,11:26:00,COLISIÓN POR CORTE DE CIRCULACIÓN,CONCRETO,Bueno,Bueno,2,FORD,GUINDA,2,,60,MASCULINO,SIN DATOS,0,0,Morelia,Felix Ireta,marzo,jueves,11,-101.188126802444,19.6874452499194
5157,5157,2017,"170280256",2017/03/09,16:10:00,COLISIÓN POR CORTE DE CIRCULACIÓN,ASFALTO,Lluvioso,Malo,2,GMC,BLANCO,2,,34,FEMENINO,SIN DATOS,0,0,Morelia,Sentimientos de La Nacion,marzo,jueves,16,-101.234008669853,19.6845258391261
5158,5158,2017,"170280561",2017/03/09,16:20:00,COLISIÓN POR CORTE DE CIRCULACIÓN,ASFALTO,Lluvioso,Bueno,2,NISSAN,ROJO,2,,38,MASCULINO,SIN DATOS,0,0,Morelia,La Hacienda,marzo,jueves,16,-101.314949691296,19.6869098602297
5159,5159,2017,"170280880",2017/03/09,16:40:00,COLISIÓN POR CORTE DE CIRCULACIÓN,ASFALTO,Lluvioso,Bueno,4,FORD,ROJO,4,,63,MASCULINO,SIN DATOS,0,0,Morelia,Union Popular Solidaria,marzo,jueves,17,-101.220517158508,19.705687836133
5160,5160,2017,LEG5521,2017/03/09,16:50:00,COLISIÓN POR ALCANCE,ASFALTO,Bueno,Bueno,3,V.W.,ROJO,3,,28,MASCULINO,SIN DATOS,0,0,Morelia,Rey Tariacuri (Eucaliptos),marzo,jueves,17,-101.200436800718,19.6778319545889
5161,5161,2017,"170280894",2017/03/09,17:29:00,COLISIÓN POR CORTE DE CIRCULACIÓN,ASFALTO,Bueno,Bueno,2,CHRYSLER,GRIS,1,,17,MASCULINO,SIN DATOS,0,0,Morelia,Fuentes de Valladolid,marzo,jueves,17,-101.222716569901,19.6700694258909
5162,5162,2017,"170280818",2017/03/09,18:30:00,COLISIÓN POR ALCANCE,ASFALTO,Bueno,Bueno,4,CHEVROLET,BLANCO Y ROJO,4,MINISTERIO PÚBLICO,,MASCULINO,SIN DATOS,0,0,Morelia,Chapultepec Norte,marzo,jueves,19,-101.171389818192,19.6943445455488
5163,5163,2017,"170281252",2017/03/09,19:00:00,SALIDA DE SUPERFICIE DE RODAMIENTO,ASFALTO,Lluvioso,Regular,1,CHEVROLET,BLANCO,1,,,,SIN DATOS,0,0,Morelia,Sin datos,marzo,jueves,19,-101.354928016663,19.6786363467477
5164,5164,2017,,2017/03/09,19:30:00,COLISIÓN POR CORTE DE CIRCULACIÓN,ASFALTO,Nublado,Bueno,2,VOLVO,BLANCO,2,,,,SIN DATOS,0,0,Queréndaro,Sin datos,marzo,jueves,20,-100.873160362244,19.8068832146115
5165,5165,2017,"170281227",2017/03/09,19:40:00,COLISIÓN POR ALCANCE,ASFALTO,Bueno,Bueno,2,V.W.,NEGRO,2,,31,MASCULINO,SIN DATOS,0,0,Morelia,Mirador del Punhuato,marzo,jueves,20,-101.158182621002,19.7033141953719
5166,5166,2017,"170281285",2017/03/09,20:30:00,COLISIÓN POR ALCANCE,ASFALTO,Lluvioso,Malo,2,ITALIKA,ROJO Y NEGRO,2,MINISTERIO PÚBLICO,25,MASCULINO,SIN DATOS,1,0,Morelia,Dr Miguel Silva,marzo,jueves,21,-101.18838429451,19.712970148194
5167,5167,2017,,2017/03/09,20:35:00,COLISIÓN POR CORTE DE CIRCULACIÓN,ASFALTO,Bueno,Bueno,2,Volks Wagen,Plata,2,,45,FEMENINO,SIN DATOS,0,0,Apatzingán,Aviacion,marzo,jueves,21,-102.35367000103,19.0928762989726
5168,5168,2017,"170281716",2017/03/09,21:12:00,COLISIÓN POR CORTE DE CIRCULACIÓN,CONCRETO,Bueno,Bueno,2,NISSAN,GRIS,2,,41,MASCULINO,SIN DATOS,0,0,Morelia,San Juanito Itzicuaro,marzo,jueves,21,-101.251888275146,19.6792424794581
5169,5169,2017,LEG5541,2017/03/09,21:12:00,COLISIÓN POR CORTE DE CIRCULACIÓN,CONCRETO,Bueno,Bueno,2,NISSAN,GRIS,2,,41,MASCULINO,CON CERTIFICADO,0,0,Morelia,San Juanito Itzicuaro,marzo,jueves,21,-101.25427544117,19.6772169770119
5170,5170,2017,"170281745",2017/03/09,21:40:00,COLISIÓN POR CORTE DE CIRCULACIÓN,ASFALTO,Nublado,Bueno,2,V.W.,NEGRO,2,,29,MASCULINO,SIN DATOS,0,0,Morelia,Alberto Oviedo Mota,marzo,jueves,22,-101.201924085617,19.6778736264954
5171,5171,2017,"170281932",2017/03/09,22:20:00,COLISIÓN POR CORTE DE CIRCULACIÓN,CONCRETO,Bueno,Regular,3,CHEVROLET,VERDE,3,,54,MASCULINO,CON CERTIFICADO,0,0,Morelia,Santa Cecilia,marzo,jueves,22,-101.183878183365,19.666765785718
5172,5172,2017,"170282050",2017/03/10,"00:00:00",COLISIÓN POR CORTE DE CIRCULACIÓN,ASFALTO,Bueno,Bueno,0,,,0,,,,,0,0,Morelia,San Jose del Cerrito,marzo,viernes,0,-101.224915981293,19.664534638018
5173,5173,2017,"170282160",2017/03/10,"02:26:00",COLISIÓN POR CORTE DE CIRCULACIÓN,ASFALTO,Bueno,Bueno,1,NISSAN,BLANCO Y ROJO,1,,42,MASCULINO,SIN DATOS,0,0,Morelia,Lomas de Las Americas Sur,marzo,viernes,2,-101.147003173828,19.6943748492661
5174,5174,2017,"170282302",2017/03/10,"07:15:00",COLISIÓN POR CORTE DE CIRCULACIÓN,ASFALTO,Bueno,Bueno,3,CHEVROLET,AZUL,4,,25,MASCULINO,SIN DATOS,1,0,Morelia,Union Popular Solidaria,marzo,viernes,7,-101.220560073853,19.7054605741805
5175,5175,2017,"170282490",2017/03/10,"08:50:00",COLISIÓN POR CORTE DE CIRCULACIÓN,ADOQUIN_EMPEDRADO,Bueno,Bueno,2,KEEWAY,ROJO,2,,38,MASCULINO,SIN DATOS,0,0,Morelia,Arkos San Pedro,marzo,viernes,9,-101.279166340828,19.6280970242323
5176,5176,2017,"170282558",2017/03/10,"09:00:00",COLISIÓN POR ALCANCE,CONCRETO,Bueno,Bueno,2,VENTO,NEGRO,2,,31,MASCULINO,SIN DATOS,0,0,Morelia,Insurgentes,marzo,viernes,9,-101.152780652046,19.6985011518635
5177,5177,2017,"170282670",2017/03/10,"09:00:00",COLISIÓN POR CORTE DE CIRCULACIÓN,CONCRETO,Bueno,Bueno,2,CHEVROLET,BLANCO,2,,28,MASCULINO,SIN DATOS,0,0,Morelia,Adolfo Lopez Mateos,marzo,viernes,9,-101.22470676899,19.6944304060664
5178,5178,2017,"170282665",2017/03/10,"09:35:00",COLISIÓN POR CORTE DE CIRCULACIÓN,ASFALTO,Bueno,Regular,2,CHEVROLET,ARENA,2,,40,MASCULINO,SIN DATOS,0,0,Morelia,Rafael Carrillo,marzo,viernes,10,-101.237640380859,19.707202907566
5179,5179,2017,"170282735",2017/03/10,"09:45:00",COLISIÓN POR CORTE DE CIRCULACIÓN,ASFALTO,Bueno,Regular,2,NISSAN,BLANCO,2,,30,MASCULINO,SIN DATOS,0,0,Morelia,Felix Ireta,marzo,viernes,10,-101.184941679239,19.6812919486982
5180,5180,2017,"170284423",2017/03/10,10:00:00,COLISIÓN POR CORTE DE CIRCULACIÓN,ASFALTO,Bueno,Bueno,2,SIN DATOS,SIN  DATOS,1,,23,MASCULINO,SIN DATOS,0,0,Morelia,Ejidal Tres Puentes,marzo,viernes,10,-101.225962042809,19.6925010586217
5181,5181,2017,"170282960",2017/03/10,10:40:00,COLISIÓN POR ALCANCE,ASFALTO,Bueno,Bueno,2,NISSAN,GRIS,2,,60,MASCULINO,SIN DATOS,0,0,Morelia,La Soledad,marzo,viernes,11,-101.183416843414,19.7282306167424
5182,5182,2017,"170283635",2017/03/10,13:30:00,COLISIÓN POR CORTE DE CIRCULACIÓN,ASFALTO,Bueno,Bueno,2,CHEVROLET,ROJO,2,,22,FEMENINO,SIN DATOS,0,0,Morelia,Diego Rivera,marzo,viernes,14,-101.177923679352,19.7195855533635
5183,5183,2017,"17028426",2017/03/10,17:45:00,COLISIÓN POR CORTE DE CIRCULACIÓN,SIN_DATOS,Bueno,Bueno,2,VOLVO,AZUL,2,,40,MASCULINO,SIN DATOS,0,0,Morelia,Elias Perez Avalos,marzo,viernes,18,-101.165499687195,19.7104552124408
5184,5184,2017,"17028790",2017/03/10,18:05:00,COLISIÓN POR CORTE DE CIRCULACIÓN,ASFALTO,Nublado,Bueno,2,CHEVROLET,BLANCO,2,,32,MASCULINO,SIN DATOS,0,0,Morelia,Tzindurio Norte,marzo,viernes,18,-101.244013309479,19.7004960825321
5185,5185,2017,,2017/03/10,18:15:00,COLISIÓN POR CORTE DE CIRCULACIÓN,ASFALTO,Bueno,Bueno,3,Ford,Rojo,3,,20,MASCULINO,SIN DATOS,0,0,Apatzingán,El Varillero,marzo,viernes,18,-102.365005016327,19.0868943942571
5186,5186,2017,,2017/03/10,18:45:00,COLISIÓN POR CORTE DE CIRCULACIÓN,ASFALTO,Nublado,Bueno,2,SIN DATOS,NEGRO,1,,45,MASCULINO,SIN DATOS,0,0,Morelia,Avicola Benito Juarez,marzo,viernes,19,-101.27956867218,19.691526274762
5187,5187,2017,"170285259",2017/03/10,19:40:00,COLISIÓN CONTRA OBJETO FIJO,ASFALTO,Bueno,Bueno,2,DODGE,BLANCO,2,,24,MASCULINO,SIN DATOS,0,0,Morelia,Isaac Arriaga,marzo,viernes,20,-101.171396523714,19.7132807248655
5188,5188,2017,"170285684",2017/03/10,20:00:00,COLISIÓN POR CORTE DE CIRCULACIÓN,CONCRETO,Bueno,Bueno,2,TOYOTA,NEGRO,2,,29,MASCULINO,SIN DATOS,0,0,Morelia,Ilustres Novohispanos,marzo,viernes,20,-101.151621937752,19.7089856232417
5189,5189,2017,"170285632",2017/03/10,20:50:00,COLISIÓN POR CORTE DE CIRCULACIÓN,ADOQUIN_EMPEDRADO,Nublado,Regular,2,JEEP,BLANCO,2,,44,FEMENINO,SIN DATOS,0,0,Morelia,Fray Servando Teresa de Mier,marzo,viernes,21,-101.230804201608,19.6694690095731
5190,5190,2017,,2017/03/10,21:00:00,COLISIÓN CON PEATÓN,ASFALTO,Bueno,Bueno,1,CHRYSLER,BLANCO/AZUL,2,MINISTERIO PÚBLICO,54,MASCULINO,CON CERTIFICADO,1,0,Lázaro Cárdenas,Segundo Sector de Fidelac,marzo,viernes,21,-102.205628156662,17.9616287555149
5191,5191,2017,,2017/03/10,21:15:00,COLISIÓN POR CORTE DE CIRCULACIÓN,ASFALTO,Bueno,Regular,2,CHEVROLET,GRIS,2,MINISTERIO PÚBLICO,34,MASCULINO,SIN DATOS,0,0,Ario,Sin datos,marzo,viernes,21,-101.770305633545,19.0826815842114
5192,5192,2017,"170285871",2017/03/10,21:40:00,COLISIÓN POR ALCANCE,ASFALTO,Bueno,Bueno,2,V.W.,NEGRO,2,,48,MASCULINO,SIN DATOS,0,0,Morelia,Comision Federal de Electricidad,marzo,viernes,22,-101.181292533875,19.681586171027
5193,5193,2017,"170285884",2017/03/10,21:45:00,COLISIÓN POR ALCANCE,ASFALTO,Bueno,Bueno,2,VOLKSWAGEN,NEGRO,2,,40,MASCULINO,SIN DATOS,0,0,Morelia,Felix Ireta,marzo,viernes,22,-101.192064285278,19.6824347405535
5194,5194,2017,"170285944",2017/03/10,22:25:00,COLISIÓN CONTRA OBJETO FIJO,ASFALTO,Bueno,Bueno,1,CHEVROLET,PLATA,1,,18,MASCULINO,CON CERTIFICADO,0,0,Morelia,Alfonso Garcia Robles,marzo,viernes,22,-101.18408203125,19.7175858108968
5195,5195,2017,,2017/03/10,23:30:00,COLISIÓN POR CORTE DE CIRCULACIÓN,ASFALTO,Bueno,Bueno,2,NISSAN,BLANCO/NARANJA,2,MINISTERIO PÚBLICO,53,MASCULINO,SIN DATOS,0,0,Lázaro Cárdenas,La Orilla,marzo,viernes,0,-102.2232234478,17.9971826977252
5196,5196,2017,,2017/03/11,"01:30:00",VOLCADURA,ASFALTO,Bueno,Bueno,1,RENAULT,BLANCO,2,MINISTERIO PÚBLICO,,,,2,0,Morelia,Sin datos,marzo,sábado,2,-101.322033405304,19.6866977241971
5197,5197,2017,LEG5568,2017/03/11,"01:35:00",COLISIÓN POR ALCANCE,ASFALTO,Nublado,Regular,2,BMW,BLANCO,2,MINISTERIO PÚBLICO,50,MASCULINO,CON CERTIFICADO,0,0,Morelia,Canteras de Morelia,marzo,sábado,2,-101.17152929306,19.714899248813
5198,5198,2017,"170286328",2017/03/11,"02:35:00",COLISIÓN CONTRA OBJETO FIJO,ASFALTO,Bueno,Bueno,1,JEEP,CAFE,1,,47,MASCULINO,CON CERTIFICADO,0,0,Morelia,Centro,marzo,sábado,3,-101.19410276413,19.7070008988707
5199,5199,2017,"170286259",2017/03/11,"06:00:00",COLISIÓN CONTRA OBJETO FIJO,CONCRETO,Lluvioso,Regular,2,CHEVROLET,ROJO,2,,,,SIN DATOS,0,0,Morelia,Vasco de Quiroga,marzo,sábado,6,-101.176644265652,19.6983306977734
5200,5200,2017,"170286519",2017/03/11,"07:40:00",SALIDA DE SUPERFICIE DE RODAMIENTO,ASFALTO,Lluvioso,Bueno,1,MITSUBISHI,ROJO,1,,,MASCULINO,SIN DATOS,0,0,Morelia,Ampliacion La Soledad,marzo,sábado,8,-101.181110143662,19.7374255825868
5201,5201,2017,"170286836",2017/03/11,"08:57:00",COLISIÓN POR CORTE DE CIRCULACIÓN,ASFALTO,Bueno,Bueno,2,VOLKSWAGEN,VERDE,2,,22,MASCULINO,SIN DATOS,0,0,Morelia,Centro,marzo,sábado,9,-101.194554716349,19.7030124374541
5202,5202,2017,"170286697",2017/03/11,"09:20:00",SALIDA DE SUPERFICIE DE RODAMIENTO,ASFALTO,Nublado,Regular,1,NISSAN,AZUL,1,,,,SIN DATOS,0,0,Morelia,Sin datos,marzo,sábado,9,-101.33971452713,19.6859097879015
5203,5203,2017,"170286700",2017/03/11,"09:50:00",SALIDA DE SUPERFICIE DE RODAMIENTO,ASFALTO,Nublado,Regular,1,CHEVROLET,CAFE,1,,,,SIN DATOS,0,0,Morelia,Sin datos,marzo,sábado,10,-101.344563961029,19.6823135166107
5204,5204,2017,"170287565",2017/03/11,11:00:00,COLISIÓN POR ALCANCE,ASFALTO,Bueno,Bueno,2,VOLKSWAGEN,ROJO,2,,34,FEMENINO,SIN DATOS,0,0,Morelia,Morelia 450,marzo,sábado,11,-101.21719121933,19.6758076971118
5205,5205,2017,"170287341",2017/03/11,11:50:00,COLISIÓN POR ALCANCE,ASFALTO,Bueno,Bueno,2,FORD,NEGRO,2,,36,MASCULINO,SIN DATOS,0,0,Morelia,Lomas de Huerta,marzo,sábado,12,-101.214315891266,19.6744943785204
5206,5206,2017,"170289801",2017/03/11,12:28:00,COLISIÓN POR CORTE DE CIRCULACIÓN,ASFALTO,Bueno,Bueno,2,FREIGHTLINER,ROJO,2,,,MASCULINO,SIN DATOS,0,0,Morelia,Indeco El Vivero,marzo,sábado,12,-101.229840517044,19.6770300839747
5207,5207,2017,LEG5559,2017/03/11,15:04:00,COLISIÓN CON PEATÓN,ASFALTO,Bueno,Bueno,1,SIN DATOS,BLANCO,2,,,,SIN DATOS,1,0,Morelia,Felix Ireta,marzo,sábado,15,-101.190771460533,19.6874048432128
5208,5208,2017,"170258633",2017/03/11,16:30:00,COLISIÓN POR CORTE DE CIRCULACIÓN,ASFALTO,Bueno,Bueno,2,CHEVROLET,BLANCO Y AZUL,2,,43,MASCULINO,SIN DATOS,0,0,Morelia,Lindavista,marzo,sábado,17,-101.216150522232,19.7039202346588
5209,5209,2017,"170289154",2017/03/11,18:45:00,VOLCADURA,ASFALTO,Bueno,Bueno,1,NISSAN,BLANCO,1,,24,MASCULINO,SIN DATOS,0,0,Morelia,Tlalpujahua,marzo,sábado,19,-101.217620372772,19.6760703595384
5210,5210,2017,"170289525",2017/03/11,20:45:00,COLISIÓN POR CORTE DE CIRCULACIÓN,ASFALTO,Bueno,Bueno,2,FORD,GUINDA,2,,,MASCULINO,SIN DATOS,0,0,Morelia,Hacienda Corralejo,marzo,sábado,21,-101.222620010376,19.694980922408
5211,5211,2017,"170289615",2017/03/11,21:10:00,COLISIÓN POR CORTE DE CIRCULACIÓN,ASFALTO,Bueno,Bueno,3,YAMAHA,NEGRO,3,,29,MASCULINO,SIN DATOS,0,0,Morelia,Campestre Los Manantiales,marzo,sábado,21,-101.238388717175,19.6883392456943
5212,5212,2017,,2017/03/11,21:50:00,COLISIÓN POR CORTE DE CIRCULACIÓN,ASFALTO,Bueno,Bueno,3,Chevrolet,Arena,0,MINISTERIO PÚBLICO,,,,0,0,Apatzingán,Lomas de Palmira,marzo,sábado,22,-102.341691255569,19.0780985740921
5213,5213,2017,"170289729",2017/03/11,22:15:00,COLISIÓN CON PEATÓN,ASFALTO,Bueno,Bueno,1,FORD,ROJO,2,MINISTERIO PÚBLICO,,,SIN DATOS,1,0,Morelia,Pascual Ortiz de Ayala,marzo,sábado,22,-101.14983022213,19.6963546797001
5214,5214,2017,"170289878",2017/03/11,22:19:00,COLISIÓN POR ALCANCE,ASFALTO,Bueno,Bueno,2,SIN DATOS,BLANCO,2,,,,SIN DATOS,0,0,Morelia,Prados Verdes,marzo,sábado,22,-101.197203397751,19.7166919785231
5215,5215,2017,"170290018",2017/03/11,23:30:00,COLISIÓN POR CORTE DE CIRCULACIÓN,ASFALTO,Bueno,Bueno,2,HONDA,ARENA,2,,45,MASCULINO,CON CERTIFICADO,0,0,Morelia,Comision Federal de Electricidad,marzo,sábado,0,-101.181324720383,19.6815154566969
5216,5216,2017,"170290048",2017/03/12,"00:00:00",COLISIÓN POR CORTE DE CIRCULACIÓN,CONCRETO,Bueno,Bueno,3,NISSAN,ROJO,3,,27,FEMENINO,SIN DATOS,0,0,Morelia,Independencia,marzo,domingo,0,-101.177086830139,19.7188179784052
5217,5217,2017,"170290236",2017/03/12,"00:20:00",SALIDA DE SUPERFICIE DE RODAMIENTO,CONCRETO,Bueno,Bueno,1,FORD,ARENA,1,MINISTERIO PÚBLICO,,,SIN DATOS,0,0,Morelia,Ampliacion La Soledad,marzo,domingo,0,-101.184221506119,19.7321591183117
5218,5218,2017,"170290353",2017/03/12,"04:50:00",COLISIÓN CONTRA OBJETO FIJO,CONCRETO,Bueno,Bueno,1,VOLKSWAGEN,NEGRO,1,,32,MASCULINO,SIN DATOS,0,0,Morelia,La Loma,marzo,domingo,5,-101.178924143314,19.6801314699517
5219,5219,2017,"170290402",2017/03/12,"05:30:00",COLISIÓN POR ALCANCE,ASFALTO,Bueno,Bueno,2,FORD,ROJO,3,MINISTERIO PÚBLICO,,,SIN DATOS,1,0,Morelia,Vista Bella,marzo,domingo,6,-101.197581589222,19.6796112090684
5220,5220,2017,"170290463",2017/03/12,"06:42:00",SALIDA DE SUPERFICIE DE RODAMIENTO,ASFALTO,Bueno,Bueno,1,DODGE,ARENA,0,,,,,0,0,Morelia,Del Prendimiento,marzo,domingo,7,-101.389861106873,19.6667152708138
5221,5221,2017,"170290579",2017/03/12,"07:10:00",COLISIÓN POR CORTE DE CIRCULACIÓN,ASFALTO,Bueno,Bueno,1,TOYOTA,GRIS,1,,67,MASCULINO,SIN DATOS,0,0,Morelia,Felix Ireta,marzo,domingo,7,-101.191527843475,19.6823741285936
5223,5223,2017,"170290801",2017/03/12,"09:10:00",COLISIÓN CON PEATÓN,ASFALTO,Nublado,Regular,1,NISSAN,GRIS,2,MINISTERIO PÚBLICO,59,FEMENINO,SIN DATOS,1,0,Morelia,Las Americas,marzo,domingo,9,-101.151562929153,19.6902585417963
5224,5224,2017,LEG5603,2017/03/12,"09:10:00",COLISIÓN CON PEATÓN,ASFALTO,Nublado,Regular,1,NISSAN,GRIS,2,MINISTERIO PÚBLICO,59,FEMENINO,SIN DATOS,1,0,Morelia,Las Americas,marzo,domingo,9,-101.152244210243,19.6885816843661
5225,5225,2017,"170290930",2017/03/12,10:30:00,COLISIÓN POR CORTE DE CIRCULACIÓN,ASFALTO,Nublado,Bueno,2,SIN DATOS,SIN DATOS,2,,,,SIN DATOS,0,0,Morelia,Enrique Arreguin Robles,marzo,domingo,11,-101.188137531281,19.7214842755823
5226,5226,2017,"170290979",2017/03/12,11:03:00,COLISIÓN POR CORTE DE CIRCULACIÓN,ASFALTO,Bueno,Bueno,2,VOLKSWAGEN,VERDE,2,,29,,CON CERTIFICADO,0,0,Morelia,Vasco de Quiroga,marzo,domingo,11,-101.173712611198,19.7027485566328
5227,5227,2017,"170291119",2017/03/12,11:35:00,COLISIÓN POR ALCANCE,ASFALTO,Lluvioso,Bueno,2,LINCOLN,BEIGE,2,,32,MASCULINO,SIN DATOS,0,0,Morelia,Buenavista,marzo,domingo,12,-101.163107156754,19.7068291912791
5228,5228,2017,"170291078",2017/03/12,12:15:00,COLISIÓN POR CORTE DE CIRCULACIÓN,ASFALTO,Lluvioso,Regular,2,NISSAN,PLATA,2,,28,FEMENINO,SIN DATOS,0,0,Morelia,Sin datos,marzo,domingo,12,-101.30265712738,19.587993740829
5229,5229,2017,,2017/03/12,14:15:00,VOLCADURA,ASFALTO,Nublado,Regular,1,DODGE,VERDE,0,,,,,0,0,Acuitzio,Sin datos,marzo,domingo,14,-101.297003030777,19.4262869439743
5230,5230,2017,"170291500",2017/03/12,15:00:00,COLISIÓN CON PEATÓN,ASFALTO,Lluvioso,Regular,1,YAMAHA,NARANJA,2,,19,MASCULINO,SIN DATOS,1,0,Morelia,Emiliano Zapata,marzo,domingo,15,-101.215630173683,19.7152603213431
5231,5231,2017,"170291566",2017/03/12,15:35:00,COLISIÓN POR ALCANCE,ASFALTO,Nublado,Bueno,2,NISSAN,BLANCO Y CAFE,2,,41,MASCULINO,SIN DATOS,0,0,Morelia,Ampliacion La Soledad,marzo,domingo,16,-101.182976961136,19.7319849130269