fid,id_accidente,anio_origen,folio_c5i,dia_incidente,hora_ocurrencia,tipo_incidente_vial,superficie_ocurrencia,condiciones_climaticas,condiciones_via,numero_vehiculos_involucrados,marca_vehiculo_ocasiona_siniestro,color_vehiculo_ocasiona_siniestro,numero_personas_involucradas,lugar_remite_presunto_responsable,edad_presunto_responsable,sexo_presunto_responsable,resultados_toxicologia,numero_personas_lesionadas,numero_personas_fallecidas,municipio,colonia,mes,dia_semana,hora_redondeada,lon,lat
5232,5232,2017,"170291584",2017/03/12,16:00:00,COLISIÓN POR CORTE DE CIRCULACIÓN,ASFALTO,Lluvioso,Regular,2,CHEVROLET,AZUL,2,,,,SIN DATOS,0,0,Morelia,Loma de Los Piñones,marzo,domingo,16,-101.205056905746,19.6742115084919
5233,5233,2017,"170291661",2017/03/12,17:07:00,COLISIÓN POR ALCANCE,ASFALTO,Lluvioso,Regular,4,FORD,NEGRO,8,MINISTERIO PÚBLICO,19,MASCULINO,SIN DATOS,4,0,Morelia,Vista Bella,marzo,domingo,17,-101.196666955948,19.6793182458857
5234,5234,2017,"170291743",2017/03/12,17:20:00,COLISIÓN POR ALCANCE,ASFALTO,Lluvioso,Regular,3,VOLKSWAGEN,ROJO,3,,30,MASCULINO,SIN DATOS,0,0,Morelia,Irrigacion,marzo,domingo,17,-101.220602989197,19.7055868308606
5235,5235,2017,"170291778",2017/03/12,18:15:00,COLISIÓN POR CORTE DE CIRCULACIÓN,ASFALTO,Lluvioso,Regular,2,SIN DATOS,SIN DATOS,1,,,,SIN DATOS,0,0,Morelia,Nueva Valladolid,marzo,domingo,18,-101.211086511612,19.7009152673334
5236,5236,2017,"170291881",2017/03/12,18:30:00,COLISIÓN POR ALCANCE,ASFALTO,Bueno,Bueno,2,NISSAN,GRIS,2,,65,MASCULINO,SIN DATOS,0,0,Morelia,Virreyes,marzo,domingo,19,-101.157495975494,19.6955225983364
5237,5237,2017,,2017/03/12,19:00:00,COLISIÓN POR CORTE DE CIRCULACIÓN,ASFALTO,Bueno,Bueno,2,Chevrolet,Rojo,1,,,MASCULINO,SIN DATOS,0,0,Apatzingán,Buenos Aires,marzo,domingo,19,-102.358728647232,19.0961054237952
5238,5238,2017,LEG5590,2017/03/12,19:55:00,COLISIÓN POR CORTE DE CIRCULACIÓN,CONCRETO,Lluvioso,Regular,2,SUZUKI,PLATA,2,,22,FEMENINO,SIN DATOS,0,0,Morelia,Ejidal Tres Puentes,marzo,domingo,20,-101.230452060699,19.6931677467554
5239,5239,2017,"170291973",2017/03/12,21:00:00,COLISIÓN POR CORTE DE CIRCULACIÓN,CONCRETO,Nublado,Bueno,2,CHEVROLET,NEGRO,2,,42,MASCULINO,SIN DATOS,0,0,Morelia,Ilustres Novohispanos,marzo,domingo,21,-101.151310801506,19.7082205224889
5240,5240,2017,"170292252",2017/03/12,21:00:00,COLISIÓN POR CORTE DE CIRCULACIÓN,TERRACERIA,Lluvioso,Malo,2,FORD,NEGRO,2,,40,MASCULINO,SIN DATOS,0,0,Morelia,El Lago 1,marzo,domingo,21,-101.2180750072,19.730048444387
5241,5241,2017,"170292295",2017/03/12,21:00:00,COLISIÓN POR CORTE DE CIRCULACIÓN,ASFALTO,Nublado,Bueno,2,CHEVROLET,ROJO,2,,30,MASCULINO,SIN DATOS,0,0,Morelia,Isaac Arriaga,marzo,domingo,21,-101.172382235527,19.7073190624502
5242,5242,2017,"170289771",2017/03/12,21:40:00,COLISIÓN POR ALCANCE,ASFALTO,Bueno,Bueno,2,DODGE,AZUL,2,MINISTERIO PÚBLICO,34,MASCULINO,SIN DATOS,0,0,Morelia,Nueva Valladolid,marzo,domingo,22,-101.210622489452,19.7014998515329
5243,5243,2017,"170293549",2017/03/13,"01:20:00",COLISIÓN POR ALCANCE,ASFALTO,Bueno,Bueno,2,YAMAHA,NEGRO,2,MINISTERIO PÚBLICO,,,SIN DATOS,0,0,Tarímbaro,Sin datos,marzo,lunes,1,-101.135845184326,19.7752652943968
5244,5244,2017,"170297108",2017/03/13,"02:17:00",COLISIÓN POR CORTE DE CIRCULACIÓN,ASFALTO,Bueno,Bueno,0,,,0,,,,,0,0,Morelia,Sin datos,marzo,lunes,2,-101.315660476685,19.687768503205
5245,5245,2017,"170292919",2017/03/13,"07:26:00",COLISIÓN POR CORTE DE CIRCULACIÓN,ASFALTO,Bueno,Bueno,2,CHEVROLET,ROJO,2,,17,MASCULINO,SIN DATOS,0,0,Morelia,Del Empleado,marzo,lunes,7,-101.17971137166,19.69079013224
5246,5246,2017,"170293219",2017/03/13,"08:45:00",COLISIÓN POR CORTE DE CIRCULACIÓN,ASFALTO,Bueno,Bueno,2,MERCEDES BENZ,ROJO,2,,,MASCULINO,SIN DATOS,0,0,Morelia,Lindavista,marzo,lunes,9,-101.216225624084,19.7040313416124
5247,5247,2017,"170293567",2017/03/13,"09:10:00",COLISIÓN POR ALCANCE,ASFALTO,Bueno,Bueno,3,TOYOTA,BLANCO,3,,31,FEMENINO,SIN DATOS,0,0,Morelia,Indeco El Vivero,marzo,lunes,9,-101.230878531933,19.6772321304919
5248,5248,2017,"170293457",2017/03/13,"09:20:00",COLISIÓN POR ALCANCE,ASFALTO,Bueno,Bueno,2,FORD,ROJO,2,MINISTERIO PÚBLICO,60,MASCULINO,SIN DATOS,0,0,Morelia,Tinijaro,marzo,lunes,9,-101.258111000061,19.6973041815254
5249,5249,2017,"170293401",2017/03/13,"09:40:00",COLISIÓN CONTRA OBJETO FIJO,ASFALTO,Bueno,Bueno,1,DATSUN,AMARILLO,1,,49,MASCULINO,SIN DATOS,0,0,Morelia,Industrial,marzo,lunes,10,-101.197707653046,19.7070413006301
5250,5250,2017,"170293691",2017/03/13,10:05:00,COLISIÓN CONTRA OBJETO FIJO,CONCRETO,Bueno,Bueno,2,MERCEDES BENZ,BLANCO,2,,48,MASCULINO,SIN DATOS,0,0,Morelia,Lomas de Hidalgo,marzo,lunes,10,-101.160017251968,19.6970769076651
5251,5251,2017,"170293781",2017/03/13,11:13:00,COLISIÓN POR CORTE DE CIRCULACIÓN,ASFALTO,Bueno,Bueno,2,NISSAN,BLANCO Y PLATA,2,,47,MASCULINO,SIN DATOS,0,0,Morelia,Prados Verdes,marzo,lunes,11,-101.202613413334,19.7167563649205
5252,5252,2017,"170294895",2017/03/13,15:35:00,COLISIÓN POR CORTE DE CIRCULACIÓN,ASFALTO,Bueno,Bueno,2,NISSAN,ROJO,2,,58,MASCULINO,SIN DATOS,0,0,Morelia,Nueva Valladolid,marzo,lunes,16,-101.210576891899,19.7009405193948
5253,5253,2017,"170294844",2017/03/13,15:55:00,COLISIÓN POR CORTE DE CIRCULACIÓN,ASFALTO,Bueno,Bueno,2,IZUSU,ROJO,2,,,MASCULINO,SIN DATOS,0,0,Morelia,Cinco de Diciembre,marzo,lunes,16,-101.161690279841,19.6872192247734
5254,5254,2017,"170295955",2017/03/13,16:00:00,COLISIÓN POR CORTE DE CIRCULACIÓN,ASFALTO,Bueno,Bueno,2,NISSAN,BLANCO Y ROJO,2,,51,MASCULINO,SIN DATOS,0,0,Morelia,Alberto Oviedo Mota,marzo,lunes,16,-101.197375059128,19.6811669356137
5255,5255,2017,LEG5607,2017/03/13,16:00:00,COLISIÓN POR CORTE DE CIRCULACIÓN,ASFALTO,Bueno,Bueno,2,CHEVROLET,PLATA,2,,36,MASCULINO,SIN DATOS,0,0,Morelia,Alberto Oviedo Mota,marzo,lunes,16,-101.196672320366,19.6812679562956
5256,5256,2017,"170294902",2017/03/13,16:05:00,VOLCADURA,ASFALTO,Bueno,Bueno,1,V.W.,ROJO,1,,57,MASCULINO,SIN DATOS,0,0,Tarímbaro,Sin datos,marzo,lunes,16,-101.167044639587,19.8237193136557
5257,5257,2017,"170295326",2017/03/13,18:04:00,COLISIÓN POR CORTE DE CIRCULACIÓN,ASFALTO,Bueno,Bueno,1,VOLVO,BLANCO,1,,57,MASCULINO,SIN DATOS,0,0,Morelia,Vista Bella,marzo,lunes,18,-101.197482347488,19.6796566688246
5258,5258,2017,"170295990",2017/03/13,19:49:00,COLISIÓN POR CORTE DE CIRCULACIÓN,ASFALTO,Lluvioso,Bueno,1,TOYOTA,ROJO,2,,38,MASCULINO,SIN DATOS,1,0,Tarímbaro,Campestre,marzo,lunes,20,-101.163761615753,19.8009275730249
5259,5259,2017,"170286320",2017/03/13,20:20:00,SALIDA DE SUPERFICIE DE RODAMIENTO,SIN_DATOS,Bueno,Bueno,2,KENWORTH,AZUL,2,,50,MASCULINO,SIN DATOS,0,0,Morelia,Dr Miguel Silva,marzo,lunes,20,-101.187429428101,19.7157021922109
5260,5260,2017,"170296961",2017/03/13,23:15:00,COLISIÓN POR ALCANCE,ASFALTO,Bueno,Bueno,2,NISSAN,AZUL,1,MINISTERIO PÚBLICO,37,MASCULINO,SIN DATOS,0,0,Morelia,Avicola Benito Juarez,marzo,lunes,23,-101.283688545227,19.6907989710211
5261,5261,2017,"170296974",2017/03/13,23:50:00,SALIDA DE SUPERFICIE DE RODAMIENTO,CONCRETO,Bueno,Bueno,1,JEEP,AZUL,1,,,MASCULINO,SIN DATOS,0,0,Morelia,Vasco de Quiroga,marzo,lunes,0,-101.173476576805,19.6977183241742
5262,5262,2017,"170299081",2017/03/14,"00:00:00",COLISIÓN POR ALCANCE,ASFALTO,Nublado,Regular,2,TOYOTA,BLANCO,2,,,MASCULINO,SIN DATOS,0,0,Morelia,La Soledad,marzo,martes,0,-101.183438301086,19.7281296257112
5263,5263,2017,LEG5623,2017/03/14,"02:17:00",COLISIÓN POR CORTE DE CIRCULACIÓN,ASFALTO,Bueno,Bueno,2,NISSAN,BLANCO,2,,29,MASCULINO,SIN DATOS,0,0,Morelia,Sin datos,marzo,martes,2,-101.315360069275,19.6873644364961
5264,5264,2017,"170297236",2017/03/14,"06:00:00",COLISIÓN CONTRA OBJETO FIJO,ASFALTO,Bueno,Bueno,1,ITALIKA,NEGRO,1,MINISTERIO PÚBLICO,,,SIN DATOS,0,0,Morelia,Chapultepec Sur,marzo,martes,6,-101.176689863205,19.6911323189792
5265,5265,2017,,2017/03/14,"06:20:00",COLISIÓN POR CORTE DE CIRCULACIÓN,ASFALTO,Bueno,Bueno,2,Nissan,Blanco/Verde,1,MINISTERIO PÚBLICO,39,MASCULINO,SIN DATOS,0,0,Apatzingán,Centro,marzo,martes,6,-102.353133559227,19.0875990535853
5266,5266,2017,"170297287",2017/03/14,"06:40:00",COLISIÓN POR CORTE DE CIRCULACIÓN,CONCRETO,Bueno,Bueno,1,KENWORTH,CAFE,1,,43,MASCULINO,SIN DATOS,0,0,Morelia,Solidaridad,marzo,martes,7,-101.206778883934,19.7299424050091
5267,5267,2017,,2017/03/14,"08:10:00",COLISIÓN POR CORTE DE CIRCULACIÓN,CONCRETO,Bueno,Bueno,2,RENAULT,GRIS,2,,36,FEMENINO,SIN DATOS,0,0,Morelia,Ventura Puente,marzo,martes,8,-101.19532585144,19.6922131697056
5268,5268,2017,"170297553",2017/03/14,"08:47:00",COLISIÓN POR ALCANCE,ASFALTO,Bueno,Bueno,2,MAZDA,GRIS,1,,36,MASCULINO,SIN DATOS,0,0,Morelia,Cuauhtemoc,marzo,martes,9,-101.182563900948,19.6964859941179
5269,5269,2017,"170297849",2017/03/14,10:00:00,COLISIÓN POR ALCANCE,ASFALTO,Bueno,Bueno,2,NISSAN,BLANCO,2,,19,MASCULINO,SIN DATOS,0,0,Morelia,Avicola Benito Juarez,marzo,martes,10,-101.279515028,19.6914252605511
5270,5270,2017,"170298218",2017/03/14,12:00:00,SUBIDA AL CAMELLÓN,ASFALTO,Bueno,Bueno,1,CHEVROLET,PLATA,1,,32,MASCULINO,SIN DATOS,0,0,Morelia,Canteras de Morelia,marzo,martes,12,-101.17406129837,19.7166970284376
5271,5271,2017,"170298668",2017/03/14,12:50:00,COLISIÓN POR CORTE DE CIRCULACIÓN,ASFALTO,Bueno,Bueno,2,KTM,BLANCO,2,,25,MASCULINO,SIN DATOS,0,0,Morelia,Asociacion Zirahuen,marzo,martes,13,-101.247084438801,19.6993900354358
5272,5272,2017,"170298545",2017/03/14,13:15:00,COLISIÓN POR CORTE DE CIRCULACIÓN,ASFALTO,Nublado,Regular,2,SIN DATOS,BLANCO Y AZUL,2,,,,SIN DATOS,0,0,Morelia,Centro,marzo,martes,13,-101.18947327137,19.7056449089001
5273,5273,2017,"170299110",2017/03/14,14:20:00,COLISIÓN POR CORTE DE CIRCULACIÓN,ASFALTO,Bueno,Bueno,2,NISSAN,BEIGE,2,,20,MASCULINO,SIN DATOS,0,0,Morelia,Isaac Arriaga,marzo,martes,14,-101.165864467621,19.710212806905
5274,5274,2017,"170299003",2017/03/14,14:45:00,COLISIÓN POR ALCANCE,ASFALTO,Bueno,Bueno,2,CHEVROLET,BLANCO Y ROSA,2,,30,MASCULINO,SIN DATOS,0,0,Morelia,Loma Bonita,marzo,martes,15,-101.197444796562,19.7190906699309
5275,5275,2017,LEG5639,2017/03/14,16:20:00,COLISIÓN POR CORTE DE CIRCULACIÓN,ASFALTO,Bueno,Bueno,2,CHEVROLET,ROJO,2,,24,FEMENINO,SIN DATOS,0,0,Morelia,Primo Tapia Oriente,marzo,martes,16,-101.158500203452,19.713612519365
5276,5276,2017,"170299466",2017/03/14,16:22:00,COLISIÓN POR ALCANCE,ASFALTO,Bueno,Bueno,2,CHEVROLET,GRIS,2,,48,MASCULINO,SIN DATOS,0,0,Morelia,Division del Norte,marzo,martes,16,-101.16458773613,19.7108794212444
5277,5277,2017,"170300174",2017/03/14,18:20:00,COLISIÓN POR ALCANCE,ASFALTO,Bueno,Bueno,2,CHEVROLET,ROJO,2,,43,MASCULINO,SIN DATOS,0,0,Morelia,Alberto Oviedo Mota,marzo,martes,18,-101.201988458633,19.6779291890205
5278,5278,2017,"170300407",2017/03/14,19:20:00,COLISIÓN POR ALCANCE,ASFALTO,Bueno,Regular,2,FORD,BLANCO,2,MINISTERIO PÚBLICO,57,MASCULINO,SIN DATOS,0,0,Morelia,Terrazas,marzo,martes,19,-101.182236671448,19.7193229623452
5279,5279,2017,"170300696",2017/03/14,20:40:00,COLISIÓN POR CORTE DE CIRCULACIÓN,ASFALTO,Bueno,Bueno,2,NISSAN,BLANCO,2,,39,,SIN DATOS,0,0,Morelia,Union Popular Solidaria,marzo,martes,21,-101.217105388641,19.7044151650403
5280,5280,2017,"170301197",2017/03/14,20:48:00,COLISIÓN POR CORTE DE CIRCULACIÓN,ASFALTO,Bueno,Bueno,2,TOYOTA,BLANCO Y GRIS,2,,36,MASCULINO,SIN DATOS,0,0,Morelia,Victor Manuel Tinoco Rubi,marzo,martes,21,-101.243069171906,19.7005162842344
5281,5281,2017,,2017/03/15,"06:40:00",COLISIÓN POR CORTE DE CIRCULACIÓN,ASFALTO,Bueno,Bueno,2,ITALIKA,ROJA,3,MINISTERIO PÚBLICO,20,MASCULINO,SIN DATOS,1,0,Tangamandapio,Sin datos,marzo,miércoles,7,-102.407469749451,19.9550764004628
5282,5282,2017,"170301493",2017/03/15,"06:45:00",COLISIÓN POR ALCANCE,ASFALTO,Bueno,Bueno,2,CHRYSLER,BLANCO Y ROJO,2,,66,MASCULINO,SIN DATOS,0,0,Morelia,Campestre Los Manantiales,marzo,miércoles,7,-101.238380670547,19.6883644997397
5283,5283,2017,"170301514",2017/03/15,"07:47:00",COLISIÓN POR CORTE DE CIRCULACIÓN,ASFALTO,Bueno,Bueno,2,NISSAN,PLATA,2,,26,FEMENINO,SIN DATOS,0,0,Morelia,Chapultepec Sur,marzo,miércoles,8,-101.176558434963,19.6919050774851
5284,5284,2017,"170301708",2017/03/15,"08:55:00",COLISIÓN POR ALCANCE,CONCRETO,Bueno,Bueno,2,LINCOLN,GRIS,2,,45,MASCULINO,SIN DATOS,0,0,Morelia,La Soledad,marzo,miércoles,9,-101.183288097382,19.7280841797264
5285,5285,2017,"170301767",2017/03/15,"09:00:00",COLISIÓN POR ALCANCE,ASFALTO,Bueno,Bueno,2,NISSAN,ARENA,2,,74,MASCULINO,SIN DATOS,0,0,Morelia,Comision Federal de Electricidad,marzo,miércoles,9,-101.181297898293,19.6814396913085
5286,5286,2017,"170301878",2017/03/15,"09:30:00",COLISIÓN POR ALCANCE,ASFALTO,Bueno,Bueno,2,ITALIKA,ROJO,1,MINISTERIO PÚBLICO,38,FEMENINO,SIN DATOS,0,0,Morelia,Prados Verdes,marzo,miércoles,10,-101.197326779366,19.7140685263997
5287,5287,2017,"170301928",2017/03/15,"09:45:00",COLISIÓN POR ALCANCE,ASFALTO,Bueno,Bueno,2,NISSAN,NEGRO,2,,47,MASCULINO,SIN DATOS,0,0,Morelia,Jesus del Monte,marzo,miércoles,10,-101.151986718178,19.6519086664967
5288,5288,2017,"170302784",2017/03/15,12:45:00,COLISIÓN POR ALCANCE,CONCRETO,Bueno,Bueno,2,MITSUBISHI,BLANCO,2,,50,MASCULINO,SIN DATOS,0,0,Morelia,Chapultepec Oriente,marzo,miércoles,13,-101.163734793663,19.6885766335642
5289,5289,2017,"17002692",2017/03/15,13:00:00,COLISIÓN CON PEATÓN,CONCRETO,Bueno,Bueno,1,SIN DATOS,NEGRO,1,,,,,1,0,Tarímbaro,El Trebol,marzo,miércoles,13,-101.154084205627,19.7676576837807
5290,5290,2017,"170303134",2017/03/15,13:51:00,COLISIÓN POR CORTE DE CIRCULACIÓN,CONCRETO,Bueno,Bueno,2,VOLKSWAGEN,PLATA,2,,43,MASCULINO,ALIENTO ETÍLICO,0,0,Morelia,Jardines de Torremolinos,marzo,miércoles,14,-101.228059530258,19.6776564273488
5291,5291,2017,"170303660",2017/03/15,15:05:00,COLISIÓN POR CORTE DE CIRCULACIÓN,ASFALTO,Lluvioso,Regular,2,V.W.,ARENA,2,,47,FEMENINO,SIN DATOS,0,0,Morelia,Chapultepec Sur,marzo,miércoles,15,-101.177051961422,19.6920010406993
5292,5292,2017,"170303704",2017/03/15,16:00:00,COLISIÓN POR CORTE DE CIRCULACIÓN,ASFALTO,Nublado,Bueno,2,ITALIKA,NEGRO,3,,32,MASCULINO,SIN DATOS,1,0,Morelia,Lindavista,marzo,miércoles,16,-101.215968132019,19.7046878811268
5293,5293,2017,"170303634",2017/03/15,16:00:00,COLISIÓN POR CORTE DE CIRCULACIÓN,CONCRETO,Lluvioso,Bueno,2,HONDA,GRIS,2,,38,FEMENINO,SIN DATOS,0,0,Morelia,Felicitas del Rio,marzo,miércoles,16,-101.198346018791,19.6918495198085
5294,5294,2017,"170303808",2017/03/15,16:27:00,VOLCADURA,ASFALTO,Lluvioso,Bueno,1,MAZDA,BLANCO,1,,44,FEMENINO,SIN DATOS,0,0,Morelia,Sin datos,marzo,miércoles,16,-101.117230653763,19.7250998650945
5295,5295,2017,"170303395",2017/03/15,16:50:00,VOLCADURA,ASFALTO,Bueno,Bueno,1,CHEVROLET,AZUL,1,,18,MASCULINO,SIN DATOS,0,0,Copándaro,Sin datos,marzo,miércoles,17,-101.149835586548,19.8956462761591
5296,5296,2017,"170303899",2017/03/15,16:50:00,COLISIÓN POR CORTE DE CIRCULACIÓN,SIN_DATOS,Nublado,Bueno,2,FORD,AZUL,2,,27,MASCULINO,SIN DATOS,0,0,Morelia,Centro,marzo,miércoles,17,-101.18557870388,19.7057332884848
5297,5297,2017,"170304001",2017/03/15,17:30:00,COLISIÓN CONTRA OBJETO FIJO,CONCRETO,Bueno,Bueno,3,VOLKSWAGEN,NEGRO,2,,,,SIN DATOS,0,0,Morelia,Ventura Puente,marzo,miércoles,18,-101.186992228031,19.6922649392419
5298,5298,2017,"170304174",2017/03/15,18:00:00,COLISIÓN CONTRA OBJETO FIJO,CONCRETO,Bueno,Bueno,2,FORD,BLANCO,2,,36,MASCULINO,SIN DATOS,0,0,Morelia,Centro,marzo,miércoles,18,-101.181217432022,19.7042182031331
5299,5299,2017,"1070304990",2017/03/15,21:05:00,SUBIDA AL CAMELLÓN,ASFALTO,Bueno,Bueno,1,V.W.,NEGRO,1,,23,MASCULINO,CON CERTIFICADO,0,0,Morelia,Sin datos,marzo,miércoles,21,-101.164566278458,19.6585922671783
5300,5300,2017,"170306622",2017/03/16,"00:00:00",CAIDA DE MOTOCICLETA,ASFALTO,Bueno,Bueno,1,ITALIKA,NEGRO,1,,18,MASCULINO,SIN DATOS,0,0,Morelia,Ana Maria Gallaga (Riviera Norte),marzo,jueves,0,-101.219476461411,19.6768987536018
5301,5301,2017,"170305340",2017/03/16,"00:05:00",SUBIDA AL CAMELLÓN,CONCRETO,Bueno,Bueno,1,CHEVROLET,GRIS,1,,60,MASCULINO,SIN DATOS,0,0,Morelia,Isaac Arriaga,marzo,jueves,0,-101.166229248047,19.7105158137674
5302,5302,2017,"170305370",2017/03/16,"01:20:00",SUBIDA AL CAMELLÓN,ASFALTO,Bueno,Bueno,1,CHEVROLET,AZUL,1,,56,MASCULINO,CON CERTIFICADO,0,0,Morelia,El Lago 1,marzo,jueves,1,-101.215249300003,19.7271298110586
5303,5303,2017,,2017/03/16,"01:30:00",VOLCADURA,ASFALTO,Bueno,Regular,1,DODGE,BLANCA,1,MINISTERIO PÚBLICO,23,MASCULINO,SIN DATOS,0,0,Coeneo,Sin datos,marzo,jueves,2,-101.583752632141,19.8082963849733
5304,5304,2017,"170305482",2017/03/16,"06:40:00",COLISIÓN CONTRA OBJETO FIJO,ASFALTO,Bueno,Bueno,1,FORD,BLANCO,1,,,,SIN DATOS,0,0,Morelia,San Pascual,marzo,jueves,7,-101.265391856432,19.6958559364582
5305,5305,2017,"170",2017/03/16,"07:45:00",COLISIÓN POR CORTE DE CIRCULACIÓN,ASFALTO,Bueno,Bueno,2,FORD,PLATA,2,,59,MASCULINO,SIN DATOS,0,0,Charo,Sin datos,marzo,jueves,8,-101.042633056641,19.67427212354
5306,5306,2017,"170305607",2017/03/16,"08:00:00",COLISIÓN POR CORTE DE CIRCULACIÓN,CONCRETO,Bueno,Regular,2,VOLKSWAGEN,BLANCO,2,,46,MASCULINO,SIN DATOS,0,0,Morelia,Vista Bella,marzo,jueves,8,-101.19491815567,19.6785201710497
5307,5307,2017,"170305660",2017/03/16,"08:05:00",COLISIÓN POR ALCANCE,ASFALTO,Bueno,Bueno,2,TOYOTA,BLANCO Y GRIS,2,,46,MASCULINO,SIN DATOS,0,0,Morelia,Alberto Oviedo Mota,marzo,jueves,8,-101.199499368668,19.6811719866493
5308,5308,2017,"170305732",2017/03/16,"08:40:00",COLISIÓN POR CORTE DE CIRCULACIÓN,ASFALTO,Bueno,Bueno,2,SIN DATOS,SIN  DATOS,2,,,,SIN DATOS,0,0,Morelia,Cd Satelite,marzo,jueves,9,-101.163740158081,19.7327953446943
5309,5309,2017,"170305888",2017/03/16,"09:20:00",COLISIÓN POR CORTE DE CIRCULACIÓN,CONCRETO,Bueno,Regular,2,NISSAN,BLANCO Y CAFE,2,,40,MASCULINO,SIN DATOS,0,0,Morelia,Cuauhtemoc,marzo,jueves,9,-101.184623837471,19.6967385215418
5310,5310,2017,"170306201",2017/03/16,10:10:00,COLISIÓN POR CORTE DE CIRCULACIÓN,ASFALTO,Bueno,Bueno,3,HONDA,BEIGE,3,,41,FEMENINO,SIN DATOS,0,0,Morelia,Centro,marzo,jueves,10,-101.183664947748,19.7059807510624
5311,5311,2017,LEG5683,2017/03/16,11:34:00,COLISIÓN POR CORTE DE CIRCULACIÓN,ASFALTO,Bueno,Bueno,2,VOLKSWAGEN,AZUL Y BLANCO,2,,24,MASCULINO,SIN DATOS,0,0,Morelia,Elias Perez Avalos,marzo,jueves,12,-101.169421076775,19.7132832498766
5312,5312,2017,"170306582",2017/03/16,12:25:00,COLISIÓN POR ALCANCE,ASFALTO,Bueno,Bueno,2,FIAT,BLANCO,2,MINISTERIO PÚBLICO,63,MASCULINO,SIN DATOS,0,0,Morelia,Hacienda La Trinidad,marzo,jueves,12,-101.228016614914,19.6740246119491
5313,5313,2017,,2017/03/16,13:20:00,COLISIÓN POR CORTE DE CIRCULACIÓN,ASFALTO,Bueno,Bueno,2,NISSAN,BLANCO,4,,27,MASCULINO,SIN DATOS,2,0,Pátzcuaro,Ibarra,marzo,jueves,13,-101.615263223648,19.5389425814381
5314,5314,2017,,2017/03/16,14:30:00,COLISIÓN POR CORTE DE CIRCULACIÓN,ASFALTO,Bueno,Bueno,2,ISUZU,BLANCO,2,,29,MASCULINO,SIN DATOS,0,0,Pátzcuaro,Centro,marzo,jueves,15,-101.610081195831,19.5297413006258
5315,5315,2017,"170307174",2017/03/16,14:40:00,COLISIÓN POR ALCANCE,ASFALTO,Bueno,Bueno,2,FORD,BLANCO,2,,37,MASCULINO,SIN DATOS,0,0,Morelia,Bosques de Oriente,marzo,jueves,15,-101.155478954315,19.7155759435161
5316,5316,2017,"170307286",2017/03/16,14:45:00,COLISIÓN POR CORTE DE CIRCULACIÓN,ASFALTO,Bueno,Regular,2,FORD,BLANCO Y GRIS,2,,53,MASCULINO,SIN DATOS,0,0,Morelia,Centro,marzo,jueves,15,-101.184501796961,19.7045376348218
5317,5317,2017,"170307371",2017/03/16,15:05:00,COLISIÓN POR ALCANCE,ASFALTO,Bueno,Bueno,2,CHEVROLET,AZUL,2,,60,MASCULINO,SIN DATOS,0,0,Morelia,Rafael Carrillo,marzo,jueves,15,-101.236310005188,19.7078493336765
5318,5318,2017,"170307664",2017/03/16,15:50:00,COLISIÓN POR CORTE DE CIRCULACIÓN,CONCRETO,Bueno,Bueno,2,RENAULT,NEGRO,3,,89,MASCULINO,SIN DATOS,1,0,Morelia,Felicitas del Rio,marzo,jueves,16,-101.195583343506,19.6890867637535
5319,5319,2017,"170307611",2017/03/16,15:50:00,COLISIÓN POR CORTE DE CIRCULACIÓN,ASFALTO,Bueno,Bueno,2,FIAT,BLANCO,2,,28,FEMENINO,SIN DATOS,0,0,Morelia,Santillan La Huerta,marzo,jueves,16,-101.220128238201,19.6753303575612
5320,5320,2017,"170308182",2017/03/16,18:00:00,COLISIÓN POR CORTE DE CIRCULACIÓN,ASFALTO,Bueno,Bueno,2,NISSAN,BLANCO,2,,25,MASCULINO,SIN DATOS,0,0,Morelia,Primo Tapia Oriente,marzo,jueves,18,-101.158751249313,19.7135509008289
5321,5321,2017,"170308724",2017/03/16,20:10:00,CAIDA ACUATICA DE VEHÍCULO,CONCRETO,Bueno,Bueno,1,NISSAN,ROJO,2,MINISTERIO PÚBLICO,64,MASCULINO,SIN DATOS,1,0,Morelia,Ampliacion La Soledad,marzo,jueves,20,-101.184940338135,19.7294627021823
5322,5322,2017,"170309549",2017/03/17,"00:30:00",COLISIÓN POR CORTE DE CIRCULACIÓN,SIN_DATOS,Bueno,Bueno,5,JE,ROJO,5,,27,MASCULINO,SIN DATOS,0,0,Morelia,Centro,marzo,viernes,1,-101.200250387192,19.7017245939182
5323,5323,2017,"170309597",2017/03/17,"00:50:00",COLISIÓN CONTRA OBJETO FIJO,SIN_DATOS,Bueno,Regular,1,VOLKSWAGEN,ROJO,1,,27,MASCULINO,SIN DATOS,0,0,Morelia,Canteras de Morelia,marzo,viernes,1,-101.171700954437,19.7148891488704
5324,5324,2017,"170309663",2017/03/17,"03:30:00",COLISIÓN CONTRA OBJETO FIJO,ASFALTO,Bueno,Regular,1,NISSAN,GRIS,1,,20,MASCULINO,SIN DATOS,0,0,Morelia,Ciudad Industrial,marzo,viernes,4,-101.142990589142,19.7253220494916
5325,5325,2017,"170310123",2017/03/17,"08:35:00",COLISIÓN POR ALCANCE,ASFALTO,Bueno,Bueno,2,FORD,BLANCO,2,,28,MASCULINO,SIN DATOS,0,0,Morelia,Loma de Los Piñones,marzo,viernes,9,-101.205089092255,19.6742216110015