fid,id_accidente,anio_origen,folio_c5i,dia_incidente,hora_ocurrencia,tipo_incidente_vial,superficie_ocurrencia,condiciones_climaticas,condiciones_via,numero_vehiculos_involucrados,marca_vehiculo_ocasiona_siniestro,color_vehiculo_ocasiona_siniestro,numero_personas_involucradas,lugar_remite_presunto_responsable,edad_presunto_responsable,sexo_presunto_responsable,resultados_toxicologia,numero_personas_lesionadas,numero_personas_fallecidas,municipio,colonia,mes,dia_semana,hora_redondeada,lon,lat
5326,5326,2017,,2017/03/17,11:47:00,COLISIÓN POR CORTE DE CIRCULACIÓN,ASFALTO,Bueno,Bueno,2,NISSAN,BLANCO,2,,60,MASCULINO,SIN DATOS,0,0,Morelia,Elias Perez Avalos,marzo,viernes,12,-101.167033910751,19.7115258324957
5327,5327,2017,"170310959",2017/03/17,12:30:00,COLISIÓN CONTRA OBJETO FIJO,ASFALTO,Bueno,Bueno,1,NISSAN,BLANCO Y CORAL,1,,46,MASCULINO,SIN DATOS,0,0,Morelia,Melchor Ocampo,marzo,viernes,13,-101.201108694077,19.706258514724
5328,5328,2017,"170311126",2017/03/17,13:30:00,COLISIÓN POR CORTE DE CIRCULACIÓN,ASFALTO,Bueno,Bueno,2,MASA,AMARILLO,2,,33,MASCULINO,SIN DATOS,0,0,Morelia,Gustavo Diaz Ordaz,marzo,viernes,14,-101.205704659224,19.691448620093
5329,5329,2017,"170311212",2017/03/17,13:40:00,COLISIÓN POR CORTE DE CIRCULACIÓN,ASFALTO,Bueno,Bueno,2,KENWORTH,ROJO,2,,45,MASCULINO,SIN DATOS,0,0,Morelia,Fovissste La Huerta,marzo,viernes,14,-101.210861206055,19.6950516307917
5330,5330,2017,"170311715",2017/03/17,14:55:00,COLISIÓN POR ALCANCE,ASFALTO,Bueno,Bueno,2,INTERNATIONAL,BLANCO,2,,33,MASCULINO,SIN DATOS,0,0,Morelia,Villas de La Esperanza,marzo,viernes,15,-101.273217201233,19.6935465455945
5331,5331,2017,"170311753",2017/03/17,15:35:00,COLISIÓN POR CORTE DE CIRCULACIÓN,ASFALTO,Bueno,Bueno,2,V.W.,BLANCO,2,,66,MASCULINO,SIN DATOS,0,0,Morelia,Nueva Chapultepec,marzo,viernes,16,-101.173256635666,19.6864855878835
5332,5332,2017,"170312033",2017/03/17,16:35:00,COLISIÓN POR ALCANCE,ASFALTO,Bueno,Bueno,2,MITSUBISHI,PLATA,2,MINISTERIO PÚBLICO,,MASCULINO,SIN DATOS,0,0,Morelia,Chapultepec Oriente,marzo,viernes,17,-101.163938641548,19.6907434129606
5333,5333,2017,"170312059",2017/03/17,17:00:00,COLISIÓN POR CORTE DE CIRCULACIÓN,ASFALTO,Bueno,Bueno,2,ITALIKA,NARANJA Y NEGRA,2,,21,MASCULINO,SIN DATOS,0,0,Morelia,Isaac Arriaga,marzo,viernes,17,-101.170579791069,19.7081119435377
5334,5334,2017,"170316517",2017/03/17,17:00:00,COLISIÓN POR ALCANCE,CONCRETO,Bueno,Bueno,3,V.W.,BLANCO,3,,50,,SIN DATOS,0,0,Morelia,Lomas de Huerta,marzo,viernes,17,-101.214230060577,19.6743933535675
5335,5335,2017,"170313069",2017/03/17,19:40:00,SALIDA DE SUPERFICIE DE RODAMIENTO,ASFALTO,Bueno,Bueno,2,YAMAHA,NEGRO,2,,24,MASCULINO,SIN DATOS,0,0,Morelia,Centro,marzo,viernes,20,-101.191596239805,19.6959430588074
5336,5336,2017,"170313319",2017/03/17,19:45:00,COLISIÓN POR CORTE DE CIRCULACIÓN,ASFALTO,Bueno,Bueno,2,KENWORTH,AZUL,2,,38,,SIN DATOS,0,0,Morelia,Residencial Alborada,marzo,viernes,20,-101.234636306763,19.7025061394182
5337,5337,2017,LEG5704,2017/03/17,20:50:00,COLISIÓN POR CORTE DE CIRCULACIÓN,ASFALTO,Bueno,Bueno,2,CHEVROLET,ROJO,2,,,,SIN DATOS,0,0,Morelia,Los Manantiales de Morelia,marzo,viernes,21,-101.242007017136,19.6966981171807
5338,5338,2017,LEG5708,2017/03/17,21:15:00,COLISIÓN POR CORTE DE CIRCULACIÓN,ASFALTO,Bueno,Bueno,2,V.W.,GRIS,2,,42,FEMENINO,SIN DATOS,0,0,Morelia,Nueva Valladolid,marzo,viernes,21,-101.211606860161,19.7008597127843
5339,5339,2017,"170313913",2017/03/17,21:45:00,COLISIÓN POR CORTE DE CIRCULACIÓN,ASFALTO,Bueno,Bueno,2,MAZDA,BLANCO,2,,27,MASCULINO,SIN DATOS,0,0,Morelia,Nueva Valladolid,marzo,viernes,22,-101.211622953415,19.7008647631986
5340,5340,2017,"170316015",2017/03/18,"00:00:00",COLISIÓN POR ALCANCE,ASFALTO,Bueno,Bueno,3,NISSAN,BLANCO,3,MINISTERIO PÚBLICO,38,MASCULINO,SIN DATOS,0,0,Morelia,Alberto Oviedo Mota,marzo,sábado,0,-101.202192306519,19.6775453020901
5341,5341,2017,"170313998",2017/03/18,"00:36:00",COLISIÓN POR ALCANCE,ASFALTO,Bueno,Bueno,2,V.W.,BLANCO Y NARANJA,1,MINISTERIO PÚBLICO,39,,SIN DATOS,0,0,Morelia,Bicentenario,marzo,sábado,1,-101.178846359253,19.7386929416404
5342,5342,2017,"170314130",2017/03/18,"03:30:00",COLISIÓN POR ALCANCE,ASFALTO,Bueno,Bueno,4,MAZDA,ROJO,7,MINISTERIO PÚBLICO,47,MASCULINO,SIN DATOS,3,0,Morelia,La Esperanza,marzo,sábado,4,-101.254377365112,19.6978900415436
5343,5343,2017,"170354244",2017/03/18,"05:30:00",SUBIDA AL CAMELLÓN,ASFALTO,Bueno,Bueno,1,V.W.,ROJO,1,,,,SIN DATOS,0,0,Morelia,Francisco J Mujica,marzo,sábado,6,-101.191205978394,19.7228780041327
5344,5344,2017,"170314412",2017/03/18,"06:50:00",COLISIÓN CONTRA OBJETO FIJO,CONCRETO,Bueno,Bueno,1,CHEVROLET,ARENA,1,,53,MASCULINO,SIN DATOS,0,0,Morelia,Ferrocarrilero,marzo,sábado,7,-101.220216751099,19.6948597079632
5345,5345,2017,"170314385",2017/03/18,"07:30:00",COLISIÓN POR CORTE DE CIRCULACIÓN,ASFALTO,Bueno,Bueno,2,AUDI,PLATA,2,,39,MASCULINO,SIN DATOS,0,0,Morelia,Alberto Oviedo Mota,marzo,sábado,8,-101.19780421257,19.681262905263
5346,5346,2017,"170314450",2017/03/18,"07:36:00",COLISIÓN POR CORTE DE CIRCULACIÓN,ASFALTO,Bueno,Bueno,2,HONDA,GRIS,2,,19,MASCULINO,SIN DATOS,0,0,Morelia,Francisco J Mujica,marzo,sábado,8,-101.188974380493,19.7219892510988
5347,5347,2017,"170314592",2017/03/18,"09:00:00",COLISIÓN POR ALCANCE,ASFALTO,Bueno,Regular,2,CHEVROLET,AZUL,2,MINISTERIO PÚBLICO,47,MASCULINO,SIN DATOS,0,0,Morelia,Industrial,marzo,sábado,9,-101.188802719116,19.7109400224102
5348,5348,2017,"170314783",2017/03/18,10:20:00,SALIDA DE SUPERFICIE DE RODAMIENTO,SIN_DATOS,Bueno,Bueno,1,NISSAN,NEGRO,0,,,,,0,0,Morelia,Ventura Puente,marzo,sábado,10,-101.17991656065,19.6901448999047
5349,5349,2017,"170314858",2017/03/18,10:45:00,COLISIÓN POR ALCANCE,ASFALTO,Bueno,Bueno,3,DODGE,BLANCO,3,,30,MASCULINO,SIN DATOS,0,0,Morelia,Elias Perez Avalos,marzo,sábado,11,-101.165735721588,19.7102532078531
5350,5350,2017,"170315020",2017/03/18,11:45:00,COLISIÓN POR CORTE DE CIRCULACIÓN,CONCRETO,Bueno,Bueno,2,FORD,GRIS,2,,56,MASCULINO,SIN DATOS,0,0,Morelia,Centro,marzo,sábado,12,-101.187303364277,19.7046298027399
5351,5351,2017,"1703151106",2017/03/18,12:00:00,COLISIÓN POR CORTE DE CIRCULACIÓN,ASFALTO,Bueno,Bueno,2,V.W.,BLANCO,2,,40,,SIN DATOS,0,0,Morelia,3 de Agosto,marzo,sábado,12,-101.171861886978,19.7309169547374
5352,5352,2017,"170315450",2017/03/18,13:30:00,COLISIÓN POR CORTE DE CIRCULACIÓN,ASFALTO,Bueno,Bueno,2,CHEVROLET,GUINDA,2,,30,MASCULINO,SIN DATOS,0,0,Morelia,Elias Perez Avalos,marzo,sábado,14,-101.171207427979,19.7146568500138
5353,5353,2017,"170314890",2017/03/18,13:45:00,COLISIÓN POR ALCANCE,ASFALTO,Bueno,Bueno,2,V.W.,ROJO,2,,26,FEMENINO,SIN DATOS,0,0,Morelia,Asociacion Zirahuen,marzo,sábado,14,-101.250160932541,19.6987587265885
5354,5354,2017,"170315521",2017/03/18,13:50:00,COLISIÓN CON PEATÓN,SIN_DATOS,Bueno,Bueno,1,NISSAN,BLANCO Y ROJO,2,,26,MASCULINO,SIN DATOS,1,0,Morelia,Nueva Valladolid,marzo,sábado,14,-101.210689544678,19.7020314046423
5355,5355,2017,"170315664",2017/03/18,14:10:00,COLISIÓN POR ALCANCE,ASFALTO,Bueno,Bueno,2,AUDI,GRIS,2,MINISTERIO PÚBLICO,45,MASCULINO,SIN DATOS,0,0,Morelia,Lomas de Huerta,marzo,sábado,14,-101.214294433594,19.6743933535675
5356,5356,2017,"170316066",2017/03/18,14:10:00,CAIDA ACUATICA DE VEHÍCULO,ASFALTO,Bueno,Regular,1,CHEVROLET,GRIS,1,,32,MASCULINO,SIN DATOS,0,0,Morelia,Sin datos,marzo,sábado,14,-101.194295883179,19.6054795166906
5357,5357,2017,"170315814",2017/03/18,15:00:00,COLISIÓN POR CORTE DE CIRCULACIÓN,CONCRETO,Bueno,Bueno,3,CHEVROLET,BLANCO,3,,,MASCULINO,SIN DATOS,0,0,Morelia,Centro,marzo,sábado,15,-101.185503602028,19.7029657217423
5359,5359,2017,"170316910",2017/03/18,19:00:00,COLISIÓN POR ALCANCE,ASFALTO,Bueno,Bueno,2,NISSAN,BLANCO Y ROJO,2,,70,MASCULINO,SIN DATOS,0,0,Morelia,Quinceo,marzo,sábado,19,-101.222169399261,19.7276448678731
5360,5360,2017,"170317214",2017/03/18,20:05:00,COLISIÓN CONTRA OBJETO FIJO,ASFALTO,Bueno,Regular,2,NISSAN,BLANCO,1,,60,,SIN DATOS,0,0,Morelia,Prados Verdes,marzo,sábado,20,-101.201446652412,19.714784361928
5361,5361,2017,"170317306",2017/03/18,21:00:00,COLISIÓN POR CORTE DE CIRCULACIÓN,ASFALTO,Bueno,Bueno,2,TOYOTA,PLATA,2,,77,MASCULINO,SIN DATOS,0,0,Morelia,Sin datos,marzo,sábado,21,-101.282272338867,19.6180519288882
5362,5362,2017,"170317550",2017/03/18,22:40:00,COLISIÓN POR CORTE DE CIRCULACIÓN,ASFALTO,Bueno,Bueno,2,SIN DATOS,SIN  DATOS,1,,33,MASCULINO,SIN DATOS,0,0,Morelia,Clara Cordova Moran,marzo,sábado,23,-101.182054281235,19.7326034671633
5363,5363,2017,"170317586",2017/03/18,22:40:00,VOLCADURA,CONCRETO,Bueno,Bueno,1,NISSAN,GUINDA,0,MINISTERIO PÚBLICO,,,,0,0,Morelia,Ampliacion La Soledad,marzo,sábado,23,-101.184114217758,19.7329973207938
5364,5364,2017,LEG5731,2017/03/18,22:45:00,COLISIÓN POR CORTE DE CIRCULACIÓN,CONCRETO,Bueno,Bueno,2,CHRYSLER,BLANCO,2,,45,MASCULINO,SIN DATOS,0,0,Morelia,Vista Bella,marzo,sábado,23,-101.194081306458,19.6785353244064
5366,5366,2017,,2017/03/19,"00:05:00",COLISIÓN POR ALCANCE,ASFALTO,Bueno,Bueno,2,FORD,NEGRO,2,,19,MASCULINO,SIN DATOS,0,0,Pátzcuaro,Centro,marzo,domingo,0,-101.607248783112,19.5162518823
5367,5367,2017,"170317418",2017/03/19,"01:50:00",COLISIÓN POR ALCANCE,ASFALTO,Bueno,Bueno,2,TOYOTA,BLANCO Y CORAL,2,,32,MASCULINO,SIN DATOS,0,0,Morelia,Barrio Alto,marzo,domingo,2,-101.19704246521,19.7250594678982
5368,5368,2017,"170318126",2017/03/19,"04:00:00",SUBIDA AL CAMELLÓN,ASFALTO,Bueno,Bueno,1,LINCONLIN,BLANCO,1,,36,MASCULINO,SIN DATOS,0,0,Morelia,Ricardo Flores Magon,marzo,domingo,4,-101.243004798889,19.7055464287339
5369,5369,2017,"170218135",2017/03/19,"05:15:00",VOLCADURA,CONCRETO,Bueno,Bueno,1,FORD,VERDE,1,,26,MASCULINO,SIN DATOS,0,0,Morelia,Nueva Jacarndas,marzo,domingo,5,-101.187447533011,19.6808228334381
5370,5370,2017,"170318207",2017/03/19,"07:05:00",VOLCADURA,ASFALTO,Bueno,Regular,1,FORD,GRIS,0,,,,,0,0,Morelia,Centenario (Los Alamos Poniente),marzo,domingo,7,-101.173417568207,19.7330781111621
5371,5371,2017,,2017/03/19,"08:50:00",COLISIÓN CONTRA OBJETO FIJO,ASFALTO,Bueno,Bueno,1,FORD,ROJO,0,,,,,0,0,Morelia,Gertrudis Sanchez,marzo,domingo,9,-101.199606657028,19.7398239627402
5372,5372,2017,"170319546",2017/03/19,13:20:00,COLISIÓN POR CORTE DE CIRCULACIÓN,ASFALTO,Bueno,Bueno,1,TOYOTA,BLANCO Y MORADO,2,,57,MASCULINO,SIN DATOS,1,0,Morelia,Fuentes de Valladolid,marzo,domingo,13,-101.222480535507,19.6705189985715
5373,5373,2017,"170319537",2017/03/19,13:40:00,COLISIÓN POR ALCANCE,ASFALTO,Bueno,Bueno,2,DODGE,GRIS,2,,35,MASCULINO,SIN DATOS,0,0,Morelia,Fidel Velazquez,marzo,domingo,14,-101.239968538284,19.706081756086
5374,5374,2017,,2017/03/19,16:35:00,COLISIÓN POR CORTE DE CIRCULACIÓN,ASFALTO,Bueno,Bueno,1,GMC,GRIS,1,,28,MASCULINO,SIN DATOS,0,0,Indaparapeo,Sin datos,marzo,domingo,17,-100.954699516296,19.793719939192
5375,5375,2017,"170320556",2017/03/19,17:48:00,COLISIÓN CONTRA OBJETO FIJO,CONCRETO,Bueno,Bueno,2,VOLKSWAGEN,VERDE,2,,22,MASCULINO,CON CERTIFICADO,0,0,Morelia,Solidaridad,marzo,domingo,18,-101.204606294632,19.7346472034921
5376,5376,2017,,2017/03/19,18:30:00,VOLCADURA,ASFALTO,Bueno,Bueno,1,NISSAN,BLANCO,1,,19,MASCULINO,SIN DATOS,0,0,Tacámbaro,Sin datos,marzo,domingo,19,-101.457291841507,19.2156805093352
5377,5377,2017,"170320948",2017/03/19,18:45:00,COLISIÓN POR CORTE DE CIRCULACIÓN,CONCRETO,Bueno,Bueno,2,V.W.,VERDE,2,,,MASCULINO,SIN DATOS,0,0,Morelia,Adolfo Lopez Mateos,marzo,domingo,19,-101.226691603661,19.6936829129571
5378,5378,2017,"170320990",2017/03/19,18:53:00,COLISIÓN POR CORTE DE CIRCULACIÓN,ASFALTO,Bueno,Bueno,3,NISSAN,BLANCO,3,,51,MASCULINO,SIN DATOS,0,0,Morelia,Reforma,marzo,domingo,19,-101.239829063416,19.7064554741191
5379,5379,2017,"170320942",2017/03/19,19:20:00,CAIDA DE MOTOCICLETA,TERRACERIA,Bueno,Malo,1,YAMAHA,ROJO Y NEGRO,1,,34,MASCULINO,CON CERTIFICADO,0,0,Morelia,Sin datos,marzo,domingo,19,-101.118582487106,19.688354398122
5380,5380,2017,"170321218",2017/03/19,20:00:00,SALIDA DE SUPERFICIE DE RODAMIENTO,CONCRETO,Bueno,Bueno,1,DODGE,AZUL,3,,31,FEMENINO,SIN DATOS,2,0,Morelia,Ampliacion La Soledad,marzo,domingo,20,-101.18413567543,19.7329872219949
5381,5381,2017,"170321400",2017/03/19,21:20:00,COLISIÓN POR ALCANCE,ASFALTO,Bueno,Bueno,2,NISSAN,BLANCO Y ROJO,2,MINISTERIO PÚBLICO,,MASCULINO,SIN DATOS,0,0,Morelia,San Jose Itzicuaro,marzo,domingo,21,-101.304459571838,19.6879301296032
5382,5382,2017,"170321652",2017/03/19,23:31:00,COLISIÓN POR CORTE DE CIRCULACIÓN,CONCRETO,Bueno,Bueno,1,VOLKSWAGEN,PLATA,1,,24,MASCULINO,SIN DATOS,0,0,Morelia,Vasco de Quiroga,marzo,domingo,0,-101.168825626373,19.7055969313908
5383,5383,2017,"170321651",2017/03/19,23:45:00,COLISIÓN CONTRA OBJETO FIJO,CONCRETO,Bueno,Bueno,2,SIN DATOS,SIN  DATOS,2,,,,SIN DATOS,0,0,Morelia,Lomas de La Maestranza,marzo,domingo,0,-101.331796646118,19.6851723568308
5384,5384,2017,"170321660",2017/03/19,23:45:00,INCENDIO,ASFALTO,Bueno,Bueno,1,CHRYSLER,ROJO,1,,51,FEMENINO,SIN DATOS,0,0,Morelia,Heroes de Mexico,marzo,domingo,0,-101.240102648735,19.7191815670028
5385,5385,2017,"170321706",2017/03/20,"01:00:00",COLISIÓN CONTRA OBJETO FIJO,ASFALTO,Bueno,Bueno,1,VOLKSWAGEN,BLANCO,1,,52,FEMENINO,SIN DATOS,0,0,Morelia,Jardines del Toreo,marzo,lunes,1,-101.215217113495,19.6858491772566
5386,5386,2017,"170322628",2017/03/20,11:15:00,COLISIÓN POR CORTE DE CIRCULACIÓN,ASFALTO,Bueno,Bueno,2,JEEP,GRIS,2,,28,FEMENINO,SIN DATOS,0,0,Morelia,Isaac Arriaga,marzo,lunes,11,-101.175193190575,19.706107007332
5387,5387,2017,,2017/03/20,12:30:00,COLISIÓN POR CORTE DE CIRCULACIÓN,ASFALTO,Bueno,Bueno,2,MERCEDEZ BENZ,BLANCO/AZUL,2,,25,MASCULINO,SIN DATOS,0,0,Lázaro Cárdenas,Lucrecia Toriz,marzo,lunes,13,-102.209061384201,18.0277203023436
5388,5388,2017,"170323181",2017/03/20,13:10:00,COLISIÓN POR ALCANCE,ASFALTO,Bueno,Bueno,2,INTERNATIONAL,BLANCO,6,MINISTERIO PÚBLICO,,,SIN DATOS,4,0,Morelia,Alberto Oviedo Mota,marzo,lunes,13,-101.197739839554,19.6812427011311
5389,5389,2017,"170324187",2017/03/20,16:05:00,COLISIÓN POR CORTE DE CIRCULACIÓN,ASFALTO,Bueno,Bueno,2,MERCEDES BENZ,AZUL,2,,41,MASCULINO,SIN DATOS,0,0,Morelia,Los Manantiales de Morelia,marzo,lunes,16,-101.240354776382,19.6928293523679
5390,5390,2017,"170324301",2017/03/20,16:45:00,VOLCADURA,ASFALTO,Bueno,Bueno,1,HONDA,BLANCO,2,MINISTERIO PÚBLICO,,,,2,0,Morelia,Sin datos,marzo,lunes,17,-101.277637481689,19.6271471125218
5391,5391,2017,"170325348",2017/03/20,19:50:00,CAIDA DE MOTOCICLETA,ASFALTO,Bueno,Bueno,1,ITALIKA,NEGRO,1,,23,MASCULINO,SIN DATOS,0,0,Morelia,Chapultepec Sur,marzo,lunes,20,-101.178379654884,19.6906487116767
5392,5392,2017,"170305269",2017/03/20,20:30:00,COLISIÓN POR CORTE DE CIRCULACIÓN,CONCRETO,Bueno,Bueno,2,FORD,VINO,2,,62,MASCULINO,SIN DATOS,0,0,Morelia,Club Campestre,marzo,lunes,21,-101.158554106951,19.6851136399986
5393,5393,2017,,2017/03/20,20:40:00,COLISIÓN POR CORTE DE CIRCULACIÓN,ASFALTO,Bueno,Malo,2,NISSAN,AZUL,2,MINISTERIO PÚBLICO,49,MASCULINO,SIN DATOS,0,0,Puruándiro,Sin datos,marzo,lunes,21,-101.556158065796,20.0946268604215
5394,5394,2017,,2017/03/20,21:20:00,CAIDA DE MOTOCICLETA,ASFALTO,Bueno,Bueno,1,HONDA,BLANCO,2,,26,MASCULINO,SIN DATOS,1,0,Pátzcuaro,Sin datos,marzo,lunes,21,-101.624886989594,19.5416523092486
5395,5395,2017,,2017/03/20,22:00:00,COLISIÓN POR CORTE DE CIRCULACIÓN,ADOQUIN_EMPEDRADO,Bueno,Bueno,2,FORD,BLANCO,2,,43,MASCULINO,SIN DATOS,0,0,Cuitzeo,Centro,marzo,lunes,22,-101.141402721405,19.9692749938848
5396,5396,2017,"170325925",2017/03/20,22:50:00,COLISIÓN CONTRA OBJETO FIJO,ASFALTO,Bueno,Bueno,1,CHEVROLET,VERDE,1,,55,MASCULINO,SIN DATOS,0,0,Morelia,Asociacion Zirahuen,marzo,lunes,23,-101.250160932541,19.6986728683929
5397,5397,2017,"170326002",2017/03/20,23:39:00,COLISIÓN CON PEATÓN,ASFALTO,Bueno,Bueno,1,NISSAN,NEGRO,2,MINISTERIO PÚBLICO,,,SIN DATOS,0,1,Morelia,Loma de Los Piñones,marzo,lunes,0,-101.20311498642,19.675332883171
5398,5398,2017,"170327037",2017/03/21,"00:00:00",COLISIÓN POR CORTE DE CIRCULACIÓN,ASFALTO,Bueno,Bueno,2,CHEVROLET,AZUL,2,,40,MASCULINO,SIN DATOS,0,0,Morelia,Jardines de Torremolinos,marzo,martes,0,-101.225731372833,19.6768785489195
5399,5399,2017,,2017/03/21,"00:30:00",SALIDA DE SUPERFICIE DE RODAMIENTO,ASFALTO,Bueno,Bueno,1,TOYOTA,GRIS,1,,30,MASCULINO,SIN DATOS,0,0,Lázaro Cárdenas,Sin datos,marzo,martes,1,-102.223062515259,17.9332743603472
5400,5400,2017,"170326163",2017/03/21,"03:00:00",COLISIÓN POR ALCANCE,ASFALTO,Bueno,Bueno,2,NISSAN,BLANCO,2,MINISTERIO PÚBLICO,28,,SIN DATOS,0,0,Morelia,Centro,marzo,martes,3,-101.199924498796,19.6983048139883
5402,5402,2017,"170326277",2017/03/21,"06:30:00",SALIDA DE SUPERFICIE DE RODAMIENTO,ASFALTO,Bueno,Regular,1,FORD,PLATA,1,,64,MASCULINO,SIN DATOS,0,0,Morelia,El Porvenir,marzo,martes,7,-101.202363967896,19.7139902514209
5403,5403,2017,"170326412",2017/03/21,"07:50:00",COLISIÓN POR CORTE DE CIRCULACIÓN,ASFALTO,Bueno,Bueno,2,V.W.,GRIS,2,,30,MASCULINO,SIN DATOS,0,0,Morelia,Centro,marzo,martes,8,-101.198319196701,19.7049555464633
5404,5404,2017,,2017/03/21,"08:05:00",COLISIÓN POR CORTE DE CIRCULACIÓN,ASFALTO,Bueno,Regular,2,NISSAN,ROJO,1,,46,MASCULINO,SIN DATOS,0,0,Indaparapeo,La Cajita,marzo,martes,8,-100.980513095856,19.7879859021793
5405,5405,2017,"170326619",2017/03/21,"08:40:00",COLISIÓN POR CORTE DE CIRCULACIÓN,ASFALTO,Bueno,Bueno,2,DODGE,ROJO,2,,40,MASCULINO,SIN DATOS,0,0,Morelia,Comision Federal de Electricidad,marzo,martes,9,-101.178621053696,19.6815760689818
5406,5406,2017,"170226727",2017/03/21,"09:40:00",SALIDA DE SUPERFICIE DE RODAMIENTO,ASFALTO,Bueno,Bueno,2,HUNDAY,NEGRO,1,,,,SIN DATOS,0,0,Morelia,5 de Mayo,marzo,martes,10,-101.17537021637,19.7041070963093
5407,5407,2017,"170327083",2017/03/21,10:30:00,COLISIÓN POR CORTE DE CIRCULACIÓN,CONCRETO,Bueno,Bueno,2,V.W.,VERDE,2,,77,MASCULINO,SIN DATOS,0,0,Morelia,Comision Federal de Electricidad,marzo,martes,11,-101.177000999451,19.6818387219512
5408,5408,2017,,2017/03/21,12:20:00,COLISIÓN CON PEATÓN,CONCRETO,Bueno,Bueno,1,V.W.,ROJO,1,,,FEMENINO,SIN DATOS,0,0,Morelia,Camponubes,marzo,martes,12,-101.289846897125,19.6970314528543
5409,5409,2017,"170328161",2017/03/21,14:35:00,COLISIÓN POR CORTE DE CIRCULACIÓN,ASFALTO,Bueno,Bueno,2,V.W.,AZUL,2,,36,MASCULINO,SIN DATOS,0,0,Morelia,Camelinas,marzo,martes,15,-101.173337101936,19.6855461236883
5410,5410,2017,"170328660",2017/03/21,15:44:00,VOLCADURA,CONCRETO,Bueno,Bueno,1,FORD,BLANCO,1,,35,MASCULINO,SIN DATOS,0,0,Morelia,Mirador Poniente,marzo,martes,16,-101.246942281723,19.7114955320267
5411,5411,2017,"170328917",2017/03/21,16:00:00,COLISIÓN POR CORTE DE CIRCULACIÓN,ASFALTO,Bueno,Bueno,2,NISSAN,BLANCO,2,,26,MASCULINO,SIN DATOS,0,0,Morelia,Prados Verdes,marzo,martes,16,-101.197297275066,19.7144927256181
5412,5412,2017,,2017/03/21,16:20:00,SUBIDA AL CAMELLÓN,ASFALTO,Bueno,Bueno,1,NISSAN,NEGRO,1,,,FEMENINO,SIN DATOS,0,0,Morelia,El Realito,marzo,martes,16,-101.204037666321,19.7258270128817
5413,5413,2017,"170329221",2017/03/21,17:30:00,COLISIÓN POR ALCANCE,ASFALTO,Bueno,Bueno,2,JEEP,ROJO,2,,33,MASCULINO,SIN DATOS,0,0,Morelia,Felix Ireta,marzo,martes,18,-101.191790699959,19.6824751485141
5414,5414,2017,,2017/03/21,17:45:00,COLISIÓN POR CORTE DE CIRCULACIÓN,ASFALTO,Bueno,Bueno,3,CHEVROLET,BLANCO,3,,36,MASCULINO,SIN DATOS,0,0,Morelia,Camelinas,marzo,martes,18,-101.173138618469,19.6860512126503
5415,5415,2017,"170329720",2017/03/21,22:00:00,COLISIÓN POR CORTE DE CIRCULACIÓN,ASFALTO,Bueno,Bueno,2,BAJAJ,ROJO,2,,26,MASCULINO,SIN DATOS,0,0,Morelia,Centro,marzo,martes,22,-101.200186014175,19.7030616783247
5416,5416,2017,"170330945",2017/03/22,"06:50:00",COLISIÓN POR CORTE DE CIRCULACIÓN,ASFALTO,Bueno,Bueno,2,CARABELA,NEGRO,2,,27,MASCULINO,SIN DATOS,0,0,Morelia,Elias Perez Avalos,marzo,miércoles,7,-101.165091991425,19.7106673169833
5417,5417,2017,"170331182",2017/03/22,"07:31:00",COLISIÓN POR CORTE DE CIRCULACIÓN,SIN_DATOS,Bueno,Bueno,1,CHRYSLER,ROJO,1,,34,MASCULINO,SIN DATOS,0,0,Morelia,Alfonso Garcia Robles,marzo,miércoles,8,-101.181228160858,19.7194744572161
5418,5418,2017,"170331190",2017/03/22,"08:00:00",COLISIÓN POR CORTE DE CIRCULACIÓN,ASFALTO,Bueno,Bueno,2,CHEVROLET,GRIS,2,,43,FEMENINO,SIN DATOS,0,0,Morelia,Lomas de Las Americas Norte,marzo,miércoles,8,-101.148869991302,19.694879910377
5419,5419,2017,"170331102",2017/03/22,"08:40:00",COLISIÓN POR CORTE DE CIRCULACIÓN,ASFALTO,Bueno,Bueno,2,NISSAN,BLANCO Y CREMA,2,,51,MASCULINO,SIN DATOS,0,0,Morelia,Aquiles Serdan,marzo,miércoles,9,-101.168101429939,19.7219034053736
5420,5420,2017,"170331099",2017/03/22,"08:50:00",COLISIÓN POR CORTE DE CIRCULACIÓN,CONCRETO,Bueno,Bueno,2,MITSUBISHI,ROJO,2,,25,FEMENINO,SIN DATOS,0,0,Morelia,Lomas de Santa Maria,marzo,miércoles,9,-101.18737578392,19.6734841261257
5421,5421,2017,"170331369",2017/03/22,"09:50:00",COLISIÓN POR CORTE DE CIRCULACIÓN,CONCRETO,Bueno,Bueno,0,,,0,,,,,0,0,Morelia,Nueva Jacarndas,marzo,miércoles,10,-101.189103126526,19.6796213112375
5422,5422,2017,"170331744",2017/03/22,11:30:00,COLISIÓN POR CORTE DE CIRCULACIÓN,CONCRETO,Bueno,Bueno,1,CHEVROLET,BLANCO Y VERDE,1,,39,MASCULINO,SIN DATOS,0,0,Morelia,Industrial,marzo,miércoles,12,-101.188759803772,19.7109602227937
5423,5423,2017,"170332398",2017/03/22,13:30:00,COLISIÓN POR ALCANCE,ASFALTO,Bueno,Bueno,2,HONDA,GRIS,2,,45,MASCULINO,SIN DATOS,0,0,Morelia,Ciudad Industrial,marzo,miércoles,14,-101.138269901276,19.7284224995257