fid,id_accidente,anio_origen,folio_c5i,dia_incidente,hora_ocurrencia,tipo_incidente_vial,superficie_ocurrencia,condiciones_climaticas,condiciones_via,numero_vehiculos_involucrados,marca_vehiculo_ocasiona_siniestro,color_vehiculo_ocasiona_siniestro,numero_personas_involucradas,lugar_remite_presunto_responsable,edad_presunto_responsable,sexo_presunto_responsable,resultados_toxicologia,numero_personas_lesionadas,numero_personas_fallecidas,municipio,colonia,mes,dia_semana,hora_redondeada,lon,lat
5424,5424,2017,"170332481",2017/03/22,14:00:00,COLISIÓN CONTRA OBJETO FIJO,ASFALTO,Bueno,Bueno,3,CHRYSLER,GRIS,3,,,,SIN DATOS,0,0,Morelia,Lomas de Las Americas Norte,marzo,miércoles,14,-101.149191856384,19.6948597079632
5425,5425,2017,"170332669",2017/03/22,14:50:00,COLISIÓN POR ALCANCE,ASFALTO,Bueno,Bueno,3,GENERAL MOTORS,GRIS,3,MINISTERIO PÚBLICO,39,MASCULINO,SIN DATOS,0,0,Tarímbaro,Los Angeles,marzo,miércoles,15,-101.172301769257,19.7497352021923
5426,5426,2017,"170333262",2017/03/22,16:00:00,COLISIÓN POR ALCANCE,ASFALTO,Bueno,Bueno,2,CHEVROLET,BLANCO,2,,30,FEMENINO,SIN DATOS,0,0,Morelia,Niño Artillero,marzo,miércoles,16,-101.252141743898,19.6980327183354
5427,5427,2017,"170333552",2017/03/22,18:20:00,COLISIÓN POR CORTE DE CIRCULACIÓN,CONCRETO,Bueno,Bueno,2,NISSAN,BLANCO,2,,35,MASCULINO,SIN DATOS,0,0,Morelia,Villa de Santa Maria,marzo,miércoles,18,-101.167613267899,19.6559653371635
5428,5428,2017,"170333979",2017/03/22,19:20:00,COLISIÓN POR CORTE DE CIRCULACIÓN,ASFALTO,Bueno,Bueno,2,INTERNATIONAL,BLANCO,2,,,MASCULINO,SIN DATOS,0,0,Morelia,Irrigacion,marzo,miércoles,19,-101.225033998489,19.7047585852214
5429,5429,2017,"170334153",2017/03/22,20:30:00,COLISIÓN POR CORTE DE CIRCULACIÓN,CONCRETO,Bueno,Bueno,2,GMC,BLANCO,2,,,,SIN DATOS,0,0,Morelia,Villas del Pedregal,marzo,miércoles,21,-101.303451061249,19.6845157372662
5430,5430,2017,"170334780",2017/03/22,23:10:00,COLISIÓN CONTRA OBJETO FIJO,ASFALTO,Bueno,Regular,2,VENTO,NEGRO Y GRIS,2,,22,MASCULINO,SIN DATOS,0,0,Morelia,Niño Artillero,marzo,miércoles,23,-101.255509257317,19.6975522884544
5431,5431,2017,"170334936",2017/03/23,"03:20:00",COLISIÓN POR CORTE DE CIRCULACIÓN,CONCRETO,Bueno,Bueno,0,,,0,,,,,0,0,Morelia,Camelinas,marzo,jueves,3,-101.174147129059,19.6819296401864
5432,5432,2017,,2017/03/23,"03:30:00",COLISIÓN CONTRA OBJETO FIJO,ASFALTO,Bueno,Bueno,2,CHEVROLET,BLANCO,2,MINISTERIO PÚBLICO,33,MASCULINO,SIN DATOS,0,0,Lázaro Cárdenas,Segundo Sector de Fidelac,marzo,jueves,4,-102.209841907024,17.9614501513435
5433,5433,2017,"170334945",2017/03/23,"03:40:00",COLISIÓN CONTRA OBJETO FIJO,ASFALTO,Bueno,Bueno,1,HONDA,ARENA,1,,19,MASCULINO,SIN DATOS,0,0,Sin datos,Sin datos,marzo,jueves,4,-99.7909284318792,18.2538137672208
5434,5434,2017,"170334952",2017/03/23,"04:00:00",SUBIDA AL CAMELLÓN,ASFALTO,Bueno,Bueno,1,NISSAN,BLANCO,1,,22,MASCULINO,CON CERTIFICADO,0,0,Morelia,Justo Mendoza,marzo,jueves,4,-101.231074333191,19.714899248813
5435,5435,2017,"170335184",2017/03/23,"08:10:00",COLISIÓN POR CORTE DE CIRCULACIÓN,ASFALTO,Bueno,Bueno,2,KEEWAY,ROJO,2,,,,SIN DATOS,0,0,Morelia,San Rafael,marzo,jueves,8,-101.153869628906,19.6998395258171
5436,5436,2017,"170335151",2017/03/23,"08:11:00",VOLCADURA,ASFALTO,Bueno,Bueno,1,CHEVROLET,VERDE,1,,,,SIN DATOS,0,0,Morelia,Sin datos,marzo,jueves,8,-101.341795921326,19.72174686305
5437,5437,2017,"170335308",2017/03/23,"08:40:00",COLISIÓN POR CORTE DE CIRCULACIÓN,ASFALTO,Bueno,Bueno,1,FREIGHTLINER,AZUL,1,,38,MASCULINO,SIN DATOS,0,0,Morelia,Comision Federal de Electricidad,marzo,jueves,9,-101.175853013992,19.6867835888156
5438,5438,2017,"170335451",2017/03/23,"09:11:00",COLISIÓN POR ALCANCE,ASFALTO,Bueno,Bueno,2,HONDA,NEGRO,2,MINISTERIO PÚBLICO,42,MASCULINO,SIN DATOS,0,0,Morelia,Loma Real,marzo,jueves,9,-101.198598146439,19.7293314148419
5439,5439,2017,"170335405",2017/03/23,"09:15:00",COLISIÓN POR CORTE DE CIRCULACIÓN,ASFALTO,Bueno,Bueno,2,MAN,BLANCO,2,,40,MASCULINO,SIN DATOS,0,0,Morelia,Elias Perez Avalos,marzo,jueves,9,-101.165885925293,19.7104754128855
5440,5440,2017,,2017/03/23,10:40:00,COLISIÓN POR CORTE DE CIRCULACIÓN,ASFALTO,Bueno,Bueno,2,NISSAN,SIN  DATOS,2,,26,MASCULINO,SIN DATOS,0,0,Morelia,Centro,marzo,jueves,11,-101.193351745605,19.7030263259063
5441,5441,2017,,2017/03/23,12:00:00,COLISIÓN POR CORTE DE CIRCULACIÓN,ASFALTO,Bueno,Bueno,1,NISSAN,BLANCO,1,,70,MASCULINO,SIN DATOS,0,0,Cuitzeo,Sin datos,marzo,jueves,12,-101.150736808777,20.0602849963518
5442,5442,2017,"170337549",2017/03/23,13:20:00,COLISIÓN POR CORTE DE CIRCULACIÓN,ASFALTO,Bueno,Bueno,1,INTERNATIONAL,BLANCO,1,,,MASCULINO,SIN DATOS,0,0,Morelia,Chapultepec Sur,marzo,jueves,13,-101.174876689911,19.6910111016202
5443,5443,2017,"170336868",2017/03/23,14:00:00,COLISIÓN POR CORTE DE CIRCULACIÓN,CONCRETO,Bueno,Regular,2,HONDA,ROJO,2,,27,MASCULINO,SIN DATOS,0,0,Morelia,Felicitas del Rio,marzo,jueves,14,-101.199821233749,19.6892130333514
5444,5444,2017,"170336874",2017/03/23,14:15:00,COLISIÓN POR CORTE DE CIRCULACIÓN,CONCRETO,Bueno,Bueno,2,FORD,AZUL,2,,23,FEMENINO,SIN DATOS,0,0,Morelia,Felicitas del Rio,marzo,jueves,14,-101.197766661644,19.6918343677115
5445,5445,2017,"170337352",2017/03/23,15:29:00,COLISIÓN CONTRA OBJETO FIJO,CONCRETO,Bueno,Bueno,3,NISSAN,PLATA,3,,41,FEMENINO,SIN DATOS,0,0,Morelia,Felix Ireta,marzo,jueves,15,-101.190830469131,19.6846773669473
5446,5446,2017,"170337750",2017/03/23,16:45:00,COLISIÓN POR CORTE DE CIRCULACIÓN,CONCRETO,Bueno,Bueno,2,CHEVROLET,ROJO,2,,,MASCULINO,SIN DATOS,0,0,Morelia,Del Empleado,marzo,jueves,17,-101.179846823215,19.6899959026358
5447,5447,2017,"170338327",2017/03/23,18:00:00,COLISIÓN POR CORTE DE CIRCULACIÓN,CONCRETO,Bueno,Bueno,2,NISSAN,BLANCO,2,,24,MASCULINO,SIN DATOS,0,0,Morelia,Alberto Oviedo Mota,marzo,jueves,18,-101.198576688766,19.6846268576895
5448,5448,2017,"170338812",2017/03/23,20:00:00,COLISIÓN POR ALCANCE,CONCRETO,Bueno,Bueno,2,RENAULT,VERDE,2,,52,FEMENINO,SIN DATOS,0,0,Morelia,Lomas de Huerta,marzo,jueves,20,-101.214294433594,19.6743832510688
5449,5449,2017,"170338669",2017/03/23,20:10:00,COLISIÓN POR ALCANCE,ASFALTO,Bueno,Bueno,2,V.W.,NEGRO,2,MINISTERIO PÚBLICO,,MASCULINO,SIN DATOS,0,0,Morelia,Solidaridad,marzo,jueves,20,-101.207631826401,19.7261905855345
5450,5450,2017,"170339163",2017/03/23,21:25:00,COLISIÓN POR ALCANCE,CONCRETO,Bueno,Bueno,2,HONDA,GRIS,2,,20,MASCULINO,SIN DATOS,0,0,Morelia,Morelia 450,marzo,jueves,21,-101.214787960052,19.6746105571375
5451,5451,2017,"170339373",2017/03/24,"00:55:00",COLISIÓN POR CORTE DE CIRCULACIÓN,SIN_DATOS,Bueno,Bueno,2,TOYOTA,GRIS,2,,27,MASCULINO,SIN DATOS,0,0,Morelia,Centro,marzo,viernes,1,-101.196919083595,19.7020314046423
5452,5452,2017,"170339430",2017/03/24,"02:30:00",SALIDA DE SUPERFICIE DE RODAMIENTO,ASFALTO,Bueno,Bueno,1,VOLKSWAGEN,NEGRO,1,,,,SIN DATOS,0,0,Morelia,Exhacienda del Quinceo,marzo,viernes,3,-101.234596073627,19.7294500784043
5453,5453,2017,"170339467",2017/03/24,"04:40:00",COLISIÓN CONTRA OBJETO FIJO,CONCRETO,Bueno,Bueno,1,DODGE,GRIS,1,,,MASCULINO,SIN DATOS,0,0,Morelia,Ilustres Novohispanos,marzo,viernes,5,-101.151727885008,19.7104084989026
5454,5454,2017,"170339483",2017/03/24,"05:20:00",COLISIÓN CONTRA OBJETO FIJO,ASFALTO,Bueno,Bueno,1,VOLKSWAGEN,BLANCO,1,MINISTERIO PÚBLICO,,,SIN DATOS,0,0,Morelia,Ilustres Novohispanos,marzo,viernes,5,-101.152881905437,19.7085159578668
5455,5455,2017,"170339543",2017/03/24,"07:20:00",COLISIÓN CONTRA OBJETO FIJO,ASFALTO,Bueno,Bueno,1,NISSAN,BLANCO,1,,,MASCULINO,SIN DATOS,0,0,Morelia,Ciudad Industrial,marzo,viernes,7,-101.142829656601,19.7251503615755
5456,5456,2017,"17039750",2017/03/24,"08:40:00",COLISIÓN POR CORTE DE CIRCULACIÓN,ASFALTO,Bueno,Bueno,2,HONDA,BLANCO,2,,30,FEMENINO,SIN DATOS,0,0,Morelia,Centro,marzo,viernes,9,-101.189080327749,19.7101004417142
5457,5457,2017,"170339882",2017/03/24,"09:05:00",COLISIÓN POR CORTE DE CIRCULACIÓN,CONCRETO,Bueno,Bueno,2,NISSAN,BLANCO,3,,,,SIN DATOS,1,0,Morelia,23 de Marzo,marzo,viernes,9,-101.249285191298,19.7046222272966
5458,5458,2017,,2017/03/24,10:15:00,SALIDA DE SUPERFICIE DE RODAMIENTO,ASFALTO,Bueno,Malo,1,TOYOTA,BLANCO,1,,43,FEMENINO,SIN DATOS,0,0,Puruándiro,Lomas de Agua Tibia,marzo,viernes,10,-101.482043266296,20.0860420998074
5459,5459,2017,"170340214",2017/03/24,10:15:00,COLISIÓN CONTRA OBJETO FIJO,ASFALTO,Bueno,Bueno,2,V.W.,BLANCO,2,,43,FEMENINO,SIN DATOS,0,0,Morelia,Camelinas,marzo,viernes,10,-101.171159148216,19.6819953033242
5460,5460,2017,,2017/03/24,10:50:00,COLISIÓN CON PEATÓN,ASFALTO,Bueno,Bueno,1,CHEVROLET,ARENA,2,,59,MASCULINO,SIN DATOS,1,0,Cuitzeo,Sin datos,marzo,viernes,11,-101.195154190063,19.9641120168793
5461,5461,2017,"170340411",2017/03/24,11:20:00,SALIDA DE SUPERFICIE DE RODAMIENTO,ASFALTO,Bueno,Bueno,2,V.W.,PLATA,2,,21,MASCULINO,SIN DATOS,0,0,Morelia,Pascual Ortiz de Ayala,marzo,viernes,11,-101.14950299263,19.6947889994947
5462,5462,2017,"170340462",2017/03/24,11:30:00,COLISIÓN POR CORTE DE CIRCULACIÓN,CONCRETO,Bueno,Bueno,2,INTERNATIONAL,VERDE,2,,21,MASCULINO,SIN DATOS,0,0,Morelia,Chapultepec Norte,marzo,viernes,12,-101.169528365135,19.6946930379517
5463,5463,2017,"170340839",2017/03/24,13:20:00,COLISIÓN POR ALCANCE,SIN_DATOS,Bueno,Bueno,2,FAMSA,BLANCO Y VERDE,2,MINISTERIO PÚBLICO,,,SIN DATOS,0,0,Morelia,Morelos,marzo,viernes,13,-101.20578110218,19.6964455896931
5464,5464,2017,"170340921",2017/03/24,13:40:00,COLISIÓN POR CORTE DE CIRCULACIÓN,ASFALTO,Bueno,Bueno,2,NISSAN,BLANCO Y ROJO,2,,34,MASCULINO,SIN DATOS,0,0,Morelia,Nueva Valladolid,marzo,viernes,14,-101.207331418991,19.7023041247921
5465,5465,2017,"170341404",2017/03/24,14:30:00,COLISIÓN CONTRA OBJETO FIJO,ASFALTO,Bueno,Bueno,1,V.W.,AZUL,1,,70,MASCULINO,SIN DATOS,0,0,Morelia,Nicolaitas Ilustres,marzo,viernes,15,-101.228359937668,19.7194290087699
5466,5466,2017,"170341376",2017/03/24,15:00:00,COLISIÓN POR CORTE DE CIRCULACIÓN,ASFALTO,Nublado,Regular,2,ITALIKA,NEGRO,2,,23,,SIN DATOS,0,0,Morelia,El Lago 2,marzo,viernes,15,-101.209552288055,19.7225548217831
5467,5467,2017,"170341602",2017/03/24,15:35:00,COLISIÓN POR ALCANCE,ASFALTO,Bueno,Bueno,2,MAZDA,ROJO,2,,36,FEMENINO,SIN DATOS,0,0,Morelia,Alberto Oviedo Mota,marzo,viernes,16,-101.201929450035,19.6778685753558
5468,5468,2017,"170341844",2017/03/24,16:02:00,COLISIÓN POR ALCANCE,ASFALTO,Lluvioso,Bueno,2,KIA,NEGRO,2,,57,MASCULINO,SIN DATOS,0,0,Morelia,Las Americas,marzo,viernes,16,-101.158998012543,19.6880159935608
5469,5469,2017,"170342776",2017/03/24,16:39:00,COLISIÓN POR CORTE DE CIRCULACIÓN,ASFALTO,Bueno,Bueno,3,NISSAN,ARENA,3,,24,MASCULINO,CON CERTIFICADO,0,0,Morelia,Matamoros,marzo,viernes,17,-101.165151000023,19.7004910321061
5470,5470,2017,"170342248",2017/03/24,16:40:00,COLISIÓN POR ALCANCE,CONCRETO,Bueno,Bueno,4,TOYOTA,BLANCO,4,,28,MASCULINO,SIN DATOS,0,0,Morelia,Pascual Ortiz de Ayala,marzo,viernes,17,-101.149342060089,19.6949001127883
5471,5471,2017,"170342216",2017/03/24,16:45:00,COLISIÓN POR ALCANCE,ASFALTO,Lluvioso,Regular,2,NISSAN,GRIS,2,,18,MASCULINO,SIN DATOS,0,0,Morelia,Ana Maria Gallaga (Riviera Norte),marzo,viernes,17,-101.222847998142,19.6766689251903
5472,5472,2017,"170342318",2017/03/24,17:15:00,COLISIÓN CONTRA OBJETO FIJO,ASFALTO,Bueno,Bueno,1,NISSAN,BLANCO Y ROJO,2,,29,MASCULINO,SIN DATOS,1,0,Morelia,Mirador del Punhuato,marzo,viernes,17,-101.15816116333,19.7032788430093
5473,5473,2017,"170342148",2017/03/24,17:20:00,SUBIDA AL CAMELLÓN,ASFALTO,Lluvioso,Bueno,1,NISSAN,BLANCO Y AMARILLO,1,,27,MASCULINO,SIN DATOS,0,0,Morelia,Los Angeles,marzo,viernes,17,-101.177017092705,19.7407934030206
5474,5474,2017,,2017/03/24,17:21:00,COLISIÓN CONTRA OBJETO FIJO,ASFALTO,Lluvioso,Regular,1,V.W.,PLATA,1,,23,MASCULINO,SIN DATOS,0,0,Morelia,Alberto Oviedo Mota,marzo,viernes,17,-101.197718381882,19.6812528031974
5475,5475,2017,"170342239",2017/03/24,18:05:00,SALIDA DE SUPERFICIE DE RODAMIENTO,ASFALTO,Lluvioso,Regular,1,CHEVROLET,NEGRO,2,MINISTERIO PÚBLICO,,FEMENINO,SIN DATOS,1,0,Morelia,Sin datos,marzo,viernes,18,-101.269912719727,19.6385456823077
5476,5476,2017,"170342985",2017/03/24,19:50:00,COLISIÓN CONTRA OBJETO FIJO,ASFALTO,Nublado,Regular,1,JEEP,NEGRO,1,,27,FEMENINO,SIN DATOS,0,0,Morelia,Jardines de Torremolinos,marzo,viernes,20,-101.225774288177,19.6767623719469
5477,5477,2017,"170343098",2017/03/24,20:25:00,COLISIÓN POR CORTE DE CIRCULACIÓN,ASFALTO,Bueno,Bueno,2,SEAT,ROJO,2,,31,MASCULINO,SIN DATOS,0,0,Morelia,Alberto Oviedo Mota,marzo,viernes,20,-101.199518144131,19.6810583383097
5478,5478,2017,"170343243",2017/03/24,22:20:00,COLISIÓN POR CORTE DE CIRCULACIÓN,CONCRETO,Nublado,Regular,2,SIN DATOS,ROJO,2,,,,SIN DATOS,0,0,Morelia,Plan de Ayala,marzo,viernes,22,-101.18225812912,19.706735762071
5479,5479,2017,"170343683",2017/03/24,23:30:00,COLISIÓN POR CORTE DE CIRCULACIÓN,CONCRETO,Bueno,Bueno,2,GMC,BLANCO Y ROJO,2,,20,MASCULINO,SIN DATOS,0,0,Morelia,Ferrocarrilero,marzo,viernes,0,-101.213994026184,19.7007031498603
5480,5480,2017,"17044247",2017/03/25,"00:00:00",COLISIÓN POR ALCANCE,CONCRETO,Bueno,Bueno,2,VOLKSWAGEN,NEGRO,2,MINISTERIO PÚBLICO,27,MASCULINO,SIN DATOS,0,0,Morelia,Ventura Puente,marzo,sábado,0,-101.192745566368,19.6924758052287
5481,5481,2017,"170343836",2017/03/25,"02:20:00",COLISIÓN CONTRA OBJETO FIJO,ASFALTO,Bueno,Bueno,1,VOLKSWAGEN,PLATA,0,,,,,0,0,Morelia,Villas Lomas del Paraiso,marzo,sábado,2,-101.175627708435,19.6735144337902
5482,5482,2017,"170343888",2017/03/25,"03:50:00",COLISIÓN CONTRA OBJETO FIJO,ASFALTO,Lluvioso,Regular,3,VOLVO,AMARILLO,1,,29,MASCULINO,SIN DATOS,0,0,Morelia,Francisco J Mujica,marzo,sábado,4,-101.1855250597,19.7240899321231
5483,5483,2017,"170343965",2017/03/25,"06:15:00",COLISIÓN POR CORTE DE CIRCULACIÓN,ASFALTO,Bueno,Bueno,2,SEAT,AMARILLO,2,,30,MASCULINO,SIN DATOS,0,0,Morelia,Comision Federal de Electricidad,marzo,sábado,6,-101.181297898293,19.6814396913085
5484,5484,2017,LEG5853,2017/03/25,"08:00:00",COLISIÓN POR CORTE DE CIRCULACIÓN,ASFALTO,Bueno,Bueno,2,CHYSLER,BLANCO,2,,37,MASCULINO,SIN DATOS,0,0,Morelia,Morelia 450,marzo,sábado,8,-101.21476650238,19.6745954034096
5485,5485,2017,"170344941",2017/03/25,12:00:00,COLISIÓN POR CORTE DE CIRCULACIÓN,ASFALTO,Bueno,Bueno,2,NISSAN,BLANCO,2,,55,MASCULINO,SIN DATOS,0,0,Morelia,Loma Bonita,marzo,sábado,12,-101.19668841362,19.7216256688878
5486,5486,2017,"170345122",2017/03/25,12:20:00,COLISIÓN POR CORTE DE CIRCULACIÓN,ASFALTO,Bueno,Bueno,2,FORD,AZUL,2,,42,MASCULINO,SIN DATOS,0,0,Morelia,Felix Ireta,marzo,sábado,12,-101.19309425354,19.6823741285936
5487,5487,2017,"170345140",2017/03/25,12:50:00,COLISIÓN POR CORTE DE CIRCULACIÓN,CONCRETO,Bueno,Bueno,2,DODGE,BLANCO,2,,44,MASCULINO,SIN DATOS,0,0,Morelia,Arboledas de Valladolid,marzo,sábado,13,-101.250547170639,19.6897989229827
5488,5488,2017,"170345304",2017/03/25,13:10:00,COLISIÓN POR ALCANCE,CONCRETO,Bueno,Bueno,2,NISSAN,GRIS,2,,54,MASCULINO,SIN DATOS,0,0,Morelia,Matamoros,marzo,sábado,13,-101.163976192474,19.696172859559
5489,5489,2017,"170345462",2017/03/25,13:29:00,COLISIÓN POR CORTE DE CIRCULACIÓN,ASFALTO,Bueno,Bueno,2,CHEVROLET,GRIS,2,,58,MASCULINO,SIN DATOS,0,0,Morelia,Felix Ireta,marzo,sábado,13,-101.191785335541,19.6824700975196
5490,5490,2017,,2017/03/25,14:00:00,SALIDA DE SUPERFICIE DE RODAMIENTO,ASFALTO,Bueno,Bueno,1,VOLKSWAGEN,BLANCO,1,,56,MASCULINO,CON CERTIFICADO,0,0,Chucándiro,Sin datos,marzo,sábado,14,-101.322441101074,19.8931846692132
5491,5491,2017,"1703405717",2017/03/25,14:20:00,COLISIÓN POR ALCANCE,ASFALTO,Bueno,Bueno,3,FORD,ROJO,3,MINISTERIO PÚBLICO,27,MASCULINO,SIN DATOS,0,0,Morelia,Josefa Ortiz de Dominguez,marzo,sábado,14,-101.208951473236,19.6720697620738
5492,5492,2017,,2017/03/25,15:05:00,COLISIÓN POR ALCANCE,ASFALTO,Bueno,Bueno,2,NISSAN,BLANCO,2,,23,MASCULINO,SIN DATOS,0,0,Morelia,Morelos,marzo,sábado,15,-101.208645701408,19.6994607418716
5493,5493,2017,"170345920",2017/03/25,16:55:00,COLISIÓN POR ALCANCE,ASFALTO,Nublado,Regular,2,MERCEDES BENZ,BLANCO,2,,28,MASCULINO,SIN DATOS,0,0,Morelia,Loma de Los Piñones,marzo,sábado,17,-101.205368041992,19.6740296632099
5494,5494,2017,"170346027",2017/03/25,17:15:00,COLISIÓN POR ALCANCE,ASFALTO,Bueno,Bueno,2,CHEVROLET,GRIS,2,,45,MASCULINO,SIN DATOS,0,0,Morelia,Pastor Manuel Sanchez Camarena,marzo,sábado,17,-101.19941085577,19.7386058425851
5495,5495,2017,"170346478",2017/03/25,20:10:00,COLISIÓN POR CORTE DE CIRCULACIÓN,CONCRETO,Bueno,Bueno,2,GMC,VERDE,2,,56,MASCULINO,SIN DATOS,0,0,Morelia,Felicitas del Rio,marzo,sábado,20,-101.195518970489,19.6918242663127
5496,5496,2017,,2017/03/25,23:21:00,COLISIÓN CONTRA OBJETO FIJO,ASFALTO,Bueno,Bueno,1,NISSAN,GUINDA,0,,,,,0,0,Indaparapeo,Sin datos,marzo,sábado,23,-100.893201828003,19.6820710684498
5497,5497,2017,"170347280",2017/03/26,"00:05:00",COLISIÓN POR CORTE DE CIRCULACIÓN,CONCRETO,Bueno,Bueno,1,FORD,BLANCO,1,,19,MASCULINO,SIN DATOS,0,0,Morelia,Centro,marzo,domingo,0,-101.190390586853,19.706475675069
5498,5498,2017,"170347617",2017/03/26,"04:20:00",COLISIÓN POR CORTE DE CIRCULACIÓN,ASFALTO,Bueno,Bueno,2,V.W.,NEGRO,1,,46,MASCULINO,SIN DATOS,0,0,Morelia,Reforma,marzo,domingo,4,-101.238112449646,19.7068796935311
5499,5499,2017,"170347646",2017/03/26,"05:10:00",COLISIÓN CONTRA OBJETO FIJO,ASFALTO,Bueno,Bueno,1,V.W.,GRIS,1,,22,MASCULINO,SIN DATOS,0,0,Morelia,Ignacio Zaragoza,marzo,domingo,5,-101.207583546638,19.7258118640032
5500,5500,2017,"170387707",2017/03/26,"06:20:00",VOLCADURA,ASFALTO,Bueno,Bueno,1,CHEVROLET,BLANCO,1,,26,MASCULINO,SIN DATOS,0,0,Morelia,Lomas de Guayangareo,marzo,domingo,6,-101.159126758575,19.7035768126781
5501,5501,2017,LEG5882,2017/03/26,"09:50:00",COLISIÓN CONTRA OBJETO FIJO,ASFALTO,Bueno,Bueno,3,FORD,VERDE,3,,36,MASCULINO,SIN DATOS,0,0,Morelia,Morelos,marzo,domingo,10,-101.205995678902,19.6949859730078
5502,5502,2017,"170348404",2017/03/26,11:25:00,COLISIÓN POR ALCANCE,ASFALTO,Bueno,Bueno,5,CHEVROLET,BLANCO,7,MINISTERIO PÚBLICO,37,MASCULINO,SIN DATOS,2,0,Morelia,Tierra Y Libertad,marzo,domingo,11,-101.230516433716,19.7157375418275
5503,5503,2017,"170348676",2017/03/26,12:20:00,COLISIÓN POR CORTE DE CIRCULACIÓN,ASFALTO,Bueno,Bueno,2,CHEVROLET,ARENA,2,,29,FEMENINO,SIN DATOS,0,0,Morelia,Centro,marzo,domingo,12,-101.191509068012,19.7039202346588
5504,5504,2017,"170348753",2017/03/26,13:15:00,COLISIÓN POR ALCANCE,ASFALTO,Nublado,Regular,2,NISSAN,BLANCO,2,,37,MASCULINO,SIN DATOS,0,0,Morelia,Prados Verdes,marzo,domingo,13,-101.201532483101,19.7145407004589
5505,5505,2017,"1703488001",2017/03/26,13:20:00,COLISIÓN CONTRA OBJETO FIJO,ASFALTO,Bueno,Bueno,1,CHRYSLER,BLANCO,1,,23,,SIN DATOS,0,0,Morelia,Chapultepec Sur,marzo,domingo,13,-101.177065372467,19.6920262941672
5506,5506,2017,"170348862",2017/03/26,13:40:00,COLISIÓN POR CORTE DE CIRCULACIÓN,ASFALTO,Bueno,Bueno,2,CHEVROLET,GRIS,2,,40,MASCULINO,SIN DATOS,0,0,Morelia,Solidaridad,marzo,domingo,14,-101.203780174255,19.7315986310655
5507,5507,2017,"170349258",2017/03/26,14:25:00,COLISIÓN POR CORTE DE CIRCULACIÓN,ASFALTO,Lluvioso,Regular,2,HYUNDAI,GRIS,2,,70,FEMENINO,SIN DATOS,0,0,Morelia,Ventura Puente,marzo,domingo,14,-101.189124584198,19.6906979563513
5508,5508,2017,,2017/03/26,15:00:00,COLISIÓN POR CORTE DE CIRCULACIÓN,ASFALTO,Lluvioso,Regular,2,NISSAN,ROJO,2,,65,MASCULINO,SIN DATOS,0,0,Cuitzeo,Centro,marzo,domingo,15,-101.13978266716,19.96846828987
5509,5509,2017,"170349596",2017/03/26,15:50:00,COLISIÓN POR CORTE DE CIRCULACIÓN,CONCRETO,Nublado,Regular,2,CHEVROLET,NEGRO,2,,35,MASCULINO,SIN DATOS,0,0,Morelia,Centro,marzo,domingo,16,-101.200191378593,19.7030566279797
5510,5510,2017,"170349591",2017/03/26,16:00:00,COLISIÓN POR CORTE DE CIRCULACIÓN,ASFALTO,Bueno,Bueno,2,TOYOTA,GRIS,2,,25,MASCULINO,SIN DATOS,0,0,Morelia,Libertad,marzo,domingo,16,-101.236894726753,19.6848339455453
5511,5511,2017,"170349594",2017/03/26,16:20:00,SUBIDA AL CAMELLÓN,ASFALTO,Bueno,Bueno,1,CHEVROLET,MORADO,1,,38,MASCULINO,SIN DATOS,0,0,Morelia,Sentimientos de La Nacion,marzo,domingo,16,-101.235730648041,19.6820306603873
5512,5512,2017,"170349836",2017/03/26,16:45:00,COLISIÓN POR CORTE DE CIRCULACIÓN,SIN_DATOS,Bueno,Bueno,3,ITALIKA,ROJO Y NEGRO,3,,29,MASCULINO,SIN DATOS,0,0,Morelia,Pascual Ortiz de Ayala,marzo,domingo,17,-101.149513721466,19.6949001127883
5513,5513,2017,"170349976",2017/03/26,17:45:00,COLISIÓN CON PEATÓN,ASFALTO,Lluvioso,Bueno,1,NISSAN,ROJO,1,MINISTERIO PÚBLICO,,,SIN DATOS,0,0,Morelia,Sin datos,marzo,domingo,18,-101.302871704102,19.5879533090883
5514,5514,2017,"170350454",2017/03/26,19:00:00,COLISIÓN POR CORTE DE CIRCULACIÓN,ASFALTO,Nublado,Regular,2,SIN DATOS,AZUL,2,,,,SIN DATOS,0,0,Morelia,Sin datos,marzo,domingo,19,-101.121329069138,19.6881927721521
5515,5515,2017,"1700350585",2017/03/26,19:40:00,COLISIÓN POR CORTE DE CIRCULACIÓN,ASFALTO,Bueno,Bueno,2,FORD,GUINDA,2,,31,,SIN DATOS,0,0,Morelia,Niño Artillero,marzo,domingo,20,-101.254334449768,19.6976779200605
5516,5516,2017,,2017/03/26,20:35:00,DESBARRANCAMIENTO,ASFALTO,Bueno,Bueno,1,FORD,VERDE,1,,,MASCULINO,SIN DATOS,0,0,Cuitzeo,El Embarcadero,marzo,domingo,21,-101.136252880096,19.9596346109259
5517,5517,2017,"170350878",2017/03/26,21:15:00,COLISIÓN CONTRA OBJETO FIJO,SIN_DATOS,Bueno,Bueno,1,CHEVROLET,BLANCO,0,,,,,0,0,Morelia,Los Encinos,marzo,domingo,21,-101.18013381958,19.660431092589
5518,5518,2017,"170351107",2017/03/26,22:45:00,SALIDA DE SUPERFICIE DE RODAMIENTO,ASFALTO,Nublado,Regular,1,CHEVROLET,BLANCO,1,,47,MASCULINO,SIN DATOS,0,0,Morelia,La Morita,marzo,domingo,23,-101.20281457901,19.6521360044277