fid,id_accidente,anio_origen,folio_c5i,dia_incidente,hora_ocurrencia,tipo_incidente_vial,superficie_ocurrencia,condiciones_climaticas,condiciones_via,numero_vehiculos_involucrados,marca_vehiculo_ocasiona_siniestro,color_vehiculo_ocasiona_siniestro,numero_personas_involucradas,lugar_remite_presunto_responsable,edad_presunto_responsable,sexo_presunto_responsable,resultados_toxicologia,numero_personas_lesionadas,numero_personas_fallecidas,municipio,colonia,mes,dia_semana,hora_redondeada,lon,lat
5519,5519,2017,,2017/03/26,23:30:00,COLISIÓN POR CORTE DE CIRCULACIÓN,ASFALTO,Bueno,Bueno,3,DODGE,GRIS,3,,19,MASCULINO,SIN DATOS,0,0,Morelia,Nicolaitas Ilustres,marzo,domingo,0,-101.228392124176,19.7194744572161
5520,5520,2017,"170351246",2017/03/26,23:35:00,COLISIÓN CON PEATÓN,ASFALTO,Bueno,Bueno,1,SIN DATOS,SIN  DATOS,1,MINISTERIO PÚBLICO,,,,1,0,Morelia,San Jose Itzicuaro,marzo,domingo,0,-101.304416656494,19.6878089098199
5521,5521,2017,"170035133",2017/03/27,"00:20:00",COLISIÓN CONTRA OBJETO FIJO,ASFALTO,Bueno,Bueno,1,HONDA,ROJO,1,,25,MASCULINO,SIN DATOS,0,0,Morelia,Union Popular Solidaria,marzo,lunes,0,-101.219186782837,19.7054050212096
5522,5522,2017,LEG5889,2017/03/27,"07:20:00",COLISIÓN POR ALCANCE,ASFALTO,Bueno,Bueno,2,NISSAN,GRIS,4,MINISTERIO PÚBLICO,45,FEMENINO,SIN DATOS,2,0,Morelia,Ciudad Industrial,marzo,lunes,7,-101.14296913147,19.7251604608698
5523,5523,2017,LEG5890,2017/03/27,"08:50:00",COLISIÓN POR CORTE DE CIRCULACIÓN,ASFALTO,Bueno,Bueno,3,KENWORTH,BLANCO,3,,,MASCULINO,SIN DATOS,0,0,Morelia,Libertad,marzo,lunes,9,-101.23744726181,19.6860108055919
5524,5524,2017,"170351945",2017/03/27,"09:10:00",COLISIÓN POR ALCANCE,ASFALTO,Bueno,Bueno,3,DATSUN,BLANCO,3,MINISTERIO PÚBLICO,36,MASCULINO,SIN DATOS,0,0,Morelia,Los Manantiales de Morelia,marzo,lunes,9,-101.243391036987,19.6999506356044
5525,5525,2017,"170352017",2017/03/27,"09:20:00",COLISIÓN POR CORTE DE CIRCULACIÓN,ASFALTO,Bueno,Bueno,2,DODGE,AZUL,2,,59,MASCULINO,CON CERTIFICADO,0,0,Morelia,Irrigacion,marzo,lunes,9,-101.223038434982,19.705223211352
5526,5526,2017,"170353219",2017/03/27,13:10:00,COLISIÓN POR CORTE DE CIRCULACIÓN,CONCRETO,Bueno,Bueno,2,NISSAN,BLANCO,2,,,MASCULINO,SIN DATOS,0,0,Morelia,La Soledad,marzo,lunes,13,-101.184607744217,19.7250897657964
5527,5527,2017,,2017/03/27,14:05:00,COLISIÓN POR CORTE DE CIRCULACIÓN,ASFALTO,Bueno,Bueno,2,ITALIKA,AZUL,0,MINISTERIO PÚBLICO,,,,0,0,Arteaga,Sin datos,marzo,lunes,14,-102.307155132294,18.3625902924617
5528,5528,2017,"170353805",2017/03/27,15:40:00,COLISIÓN POR CORTE DE CIRCULACIÓN,CONCRETO,Bueno,Bueno,2,FORD,AZUL,2,,37,FEMENINO,SIN DATOS,0,0,Morelia,Chapultepec Norte,marzo,lunes,16,-101.173610687256,19.6969859980306
5529,5529,2017,,2017/03/27,16:00:00,VOLCADURA,ASFALTO,Bueno,Bueno,1,VOLKSWAGEN,BLANCO,1,,28,MASCULINO,SIN DATOS,0,0,Tangancícuaro,Sin datos,marzo,lunes,16,-102.215325394294,19.9621006706441
5530,5530,2017,,2017/03/27,16:00:00,SALIDA DE SUPERFICIE DE RODAMIENTO,ASFALTO,Bueno,Regular,1,VOLKSWAGEN,SIN DATO,1,,28,MASCULINO,SIN DATOS,0,0,Tangancícuaro,Loma Linda,marzo,lunes,16,-102.220916748047,19.897179716876
5531,5531,2017,LEG5896,2017/03/27,18:20:00,COLISIÓN POR CORTE DE CIRCULACIÓN,ASFALTO,Bueno,Bueno,2,FORD,GRIS,2,,56,MASCULINO,SIN DATOS,0,0,Morelia,Lomas del Tecnologico,marzo,lunes,18,-101.188496947289,19.7199693394605
5532,5532,2017,"170356397",2017/03/27,21:10:00,COLISIÓN POR CORTE DE CIRCULACIÓN,ASFALTO,Bueno,Bueno,2,DODGE,AZUL,2,,32,MASCULINO,SIN DATOS,0,0,Morelia,Gertrudis Sanchez,marzo,lunes,21,-101.19987487793,19.7398845529301
5533,5533,2017,"170355889",2017/03/28,"04:15:00",COLISIÓN CONTRA OBJETO FIJO,ASFALTO,Bueno,Bueno,2,NISSAN,BLANCO,2,,35,MASCULINO,SIN DATOS,0,0,Morelia,La Quemada,marzo,martes,4,-101.238960027695,19.7014657613683
5534,5534,2017,,2017/03/28,"07:50:00",COLISIÓN POR ALCANCE,ASFALTO,Bueno,Bueno,3,NISSAN,BLANCO,4,MINISTERIO PÚBLICO,35,MASCULINO,SIN DATOS,1,0,Tarímbaro,Sin datos,marzo,martes,8,-101.170949935913,19.7525675931047
5535,5535,2017,"170356168",2017/03/28,"07:58:00",COLISIÓN POR CORTE DE CIRCULACIÓN,CONCRETO,Bueno,Bueno,2,FORD,AZUL,2,,56,,SIN DATOS,0,0,Morelia,Ferrocarrilero,marzo,martes,8,-101.223609235,19.6918737849991
5536,5536,2017,"170356104",2017/03/28,"08:10:00",COLISIÓN POR ALCANCE,ASFALTO,Bueno,Bueno,4,NISSAN,BLANCO,4,MINISTERIO PÚBLICO,22,FEMENINO,SIN DATOS,0,0,Morelia,Diego Rivera,marzo,martes,8,-101.175391674042,19.7178686042794
5537,5537,2017,"175356152",2017/03/28,"09:00:00",COLISIÓN CONTRA OBJETO FIJO,ASFALTO,Bueno,Bueno,1,V.W.,VERDE,1,,75,MASCULINO,SIN DATOS,0,0,Morelia,Jardines de Torremolinos,marzo,martes,9,-101.225720643997,19.6769290606205
5538,5538,2017,"170562675",2017/03/28,"09:15:00",COLISIÓN POR CORTE DE CIRCULACIÓN,ASFALTO,Bueno,Bueno,2,SEAT,GRIS,2,,28,FEMENINO,SIN DATOS,0,0,Morelia,Francisco J Mujica,marzo,martes,9,-101.18549823761,19.7240646837171
5539,5539,2017,"170356803",2017/03/28,11:20:00,COLISIÓN POR ALCANCE,ASFALTO,Bueno,Bueno,2,V.W.,CREMA,2,MINISTERIO PÚBLICO,79,MASCULINO,SIN DATOS,0,0,Morelia,Chapultepec Sur,marzo,martes,11,-101.17188334465,19.691900026788
5540,5540,2017,"170357225",2017/03/28,12:50:00,COLISIÓN POR CORTE DE CIRCULACIÓN,ASFALTO,Bueno,Bueno,2,KIA,NEGRO,2,,46,MASCULINO,SIN DATOS,0,0,Morelia,Chapultepec Sur,marzo,martes,13,-101.174581646919,19.6924000450259
5541,5541,2017,"170351469",2017/03/28,13:10:00,COLISIÓN CONTRA OBJETO FIJO,ASFALTO,Bueno,Bueno,2,FORD,ROJO,2,,59,FEMENINO,SIN DATOS,0,0,Morelia,Comision Federal de Electricidad,marzo,martes,13,-101.177108287811,19.6818084158613
5542,5542,2017,"17358129",2017/03/28,14:15:00,COLISIÓN POR CORTE DE CIRCULACIÓN,ASFALTO,Bueno,Bueno,2,ISUZU,BLANCO,2,,41,MASCULINO,SIN DATOS,0,0,Morelia,Infonavit  Las  Camelinas,marzo,martes,14,-101.17564385,19.6840468999991
5543,5543,2017,"170357732",2017/03/28,14:20:00,COLISIÓN CONTRA OBJETO FIJO,CONCRETO,Bueno,Bueno,1,MERCEDES BENZ,BLANCO,1,,58,MASCULINO,SIN DATOS,0,0,Morelia,Santillan La Huerta,marzo,martes,14,-101.218940019608,19.6753455112196
5544,5544,2017,"170358398",2017/03/28,14:45:00,COLISIÓN POR CORTE DE CIRCULACIÓN,ASFALTO,Bueno,Bueno,2,INTERNATIONAL,BLANCO,2,,30,MASCULINO,ALIENTO ETÍLICO,0,0,Morelia,Cinco de Diciembre,marzo,martes,15,-101.165912747383,19.684157120829
5545,5545,2017,,2017/03/28,15:48:00,COLISIÓN POR CORTE DE CIRCULACIÓN,SIN_DATOS,Bueno,Bueno,2,CHEVROLET,SIN DATOS,0,,,,,0,0,Quiroga,Sin datos,marzo,martes,16,-101.541996002197,19.6698269592026
5546,5546,2017,,2017/03/28,19:40:00,COLISIÓN CONTRA OBJETO FIJO,ASFALTO,Bueno,Regular,1,CHEVROLET,BLANCO,1,,49,MASCULINO,SIN DATOS,0,0,Morelia,Rafael Carrillo,marzo,martes,20,-101.235730648041,19.7085765599282
5547,5547,2017,"170359372",2017/03/28,19:40:00,COLISIÓN POR CORTE DE CIRCULACIÓN,ASFALTO,Bueno,Bueno,2,TOYOTA,BLANCO Y GRIS,2,,51,MASCULINO,SIN DATOS,0,0,Morelia,Elias Perez Avalos,marzo,martes,20,-101.165843009949,19.7103744106364
5548,5548,2017,"170359439",2017/03/28,19:55:00,COLISIÓN POR CORTE DE CIRCULACIÓN,CONCRETO,Bueno,Bueno,2,DINA,BLANCO Y AZUL,2,,18,MASCULINO,SIN DATOS,0,0,Morelia,Centro,marzo,martes,20,-101.191801428795,19.6959733622221
5549,5549,2017,"170359754",2017/03/28,21:15:00,SUBIDA AL CAMELLÓN,ASFALTO,Bueno,Bueno,1,FORD,ROJO,1,,20,,SIN DATOS,0,0,Morelia,Martires de Uruapan,marzo,martes,21,-101.197493076324,19.7247362899601
5550,5550,2017,"170359566",2017/03/28,29:20:00,COLISIÓN POR ALCANCE,ASFALTO,Bueno,Bueno,4,FORD,BLANCO Y ROJO,4,MINISTERIO PÚBLICO,35,MASCULINO,SIN DATOS,0,0,Morelia,Indeco Santiaguito,marzo,martes,,-101.178803443909,19.720267278032
5551,5551,2017,"170362677",2017/03/29,"00:00:00",COLISIÓN POR CORTE DE CIRCULACIÓN,CONCRETO,Bueno,Bueno,2,CHEVROLET,BLANCO,2,,18,MASCULINO,SIN DATOS,0,0,Morelia,Erendira,marzo,miércoles,0,-101.163992285728,19.7013243502373
5554,5554,2017,"170361190",2017/03/29,"08:00:00",COLISIÓN POR CORTE DE CIRCULACIÓN,CONCRETO,Bueno,Bueno,2,NISSAN,AZUL,2,,51,FEMENINO,SIN DATOS,0,0,Morelia,Primaveras,marzo,miércoles,8,-101.225731372833,19.6814093851431
5555,5555,2017,"170361252",2017/03/29,"08:10:00",COLISIÓN POR ALCANCE,ASFALTO,Bueno,Bueno,2,SEAT,VERDE,2,,27,FEMENINO,SIN DATOS,0,0,Morelia,Alberto Oviedo Mota,marzo,miércoles,8,-101.201975047588,19.6778130128097
5556,5556,2017,"170361570",2017/03/29,10:07:00,COLISIÓN POR ALCANCE,ASFALTO,Bueno,Bueno,2,FORD,VERDE,2,MINISTERIO PÚBLICO,51,MASCULINO,SIN DATOS,0,0,Morelia,Lomas de Huerta,marzo,miércoles,10,-101.214208602905,19.6740801758089
5558,5558,2017,"170362306",2017/03/29,13:00:00,COLISIÓN POR CORTE DE CIRCULACIÓN,ASFALTO,Bueno,Bueno,2,FORD,PLATA,2,,,FEMENINO,SIN DATOS,0,0,Morelia,Chapultepec Sur,marzo,miércoles,13,-101.166567206383,19.6944758616158
5559,5559,2017,"170362462",2017/03/29,13:20:00,COLISIÓN POR CORTE DE CIRCULACIÓN,ASFALTO,Bueno,Bueno,2,KEWAY,NEGRO,2,,31,MASCULINO,SIN DATOS,0,0,Morelia,Isaac Arriaga,marzo,miércoles,13,-101.166325807571,19.7103946110913
5560,5560,2017,"170362508",2017/03/29,14:04:00,COLISIÓN POR CORTE DE CIRCULACIÓN,ASFALTO,Bueno,Bueno,2,KENWORTH,BLANCO,2,,42,MASCULINO,SIN DATOS,0,0,Morelia,Bosques de Oriente,marzo,miércoles,14,-101.155371665955,19.7156567426922
5561,5561,2017,"170363246",2017/03/29,16:00:00,COLISIÓN POR CORTE DE CIRCULACIÓN,ASFALTO,Bueno,Bueno,2,MERCEDES BENZ,VERDE,2,,19,MASCULINO,SIN DATOS,0,0,Morelia,Villa Universidad,marzo,miércoles,16,-101.212068200111,19.6922687272561
5562,5562,2017,"170363220",2017/03/29,16:10:00,COLISIÓN POR CORTE DE CIRCULACIÓN,CONCRETO,Bueno,Bueno,2,VOLKSWAGEN,BLANCO Y AZUL,2,,,MASCULINO,SIN DATOS,0,0,Morelia,Industrial,marzo,miércoles,16,-101.197932958603,19.7068998944274
5563,5563,2017,"170365283",2017/03/29,16:50:00,COLISIÓN POR ALCANCE,ASFALTO,Bueno,Regular,2,KENWORTH,BLANCO,2,,45,MASCULINO,SIN DATOS,0,0,Morelia,La Soledad,marzo,miércoles,17,-101.183513402939,19.7271399102278
5564,5564,2017,,2017/03/29,17:00:00,VOLCADURA,ASFALTO,Bueno,Bueno,1,TOYOTA,BCO/ROJO,5,,,,,0,5,Turicato,Lazaro Cardenas,marzo,miércoles,17,-101.422916650772,19.0541371015485
5565,5565,2017,"170363748",2017/03/29,18:00:00,COLISIÓN POR CORTE DE CIRCULACIÓN,ASFALTO,Bueno,Bueno,2,CHEVROLET,BLANCO,2,,30,FEMENINO,SIN DATOS,0,0,Morelia,Isaac Arriaga,marzo,miércoles,18,-101.170418858528,19.7082482984879
5566,5566,2017,"170364415",2017/03/29,20:30:00,COLISIÓN POR ALCANCE,ASFALTO,Bueno,Bueno,3,CHEVROLET,GRIS,3,,39,MASCULINO,SIN DATOS,0,0,Morelia,Felix Ireta,marzo,miércoles,21,-101.193759441376,19.6822327005978
5567,5567,2017,"170364452",2017/03/29,20:40:00,COLISIÓN POR CORTE DE CIRCULACIÓN,CONCRETO,Bueno,Bueno,1,CHEVROLET,ROJO,1,,48,MASCULINO,SIN DATOS,0,0,Morelia,Barrio Alto,marzo,miércoles,21,-101.196999549866,19.7250190706917
5568,5568,2017,"170364700",2017/03/29,21:15:00,COLISIÓN POR ALCANCE,ASFALTO,Bueno,Bueno,2,CHEVROLET,NEGRO,2,,28,MASCULINO,ALIENTO ETÍLICO,0,0,Morelia,Isaac Arriaga,marzo,miércoles,21,-101.168761253357,19.7124348438972
5569,5569,2017,"170364683",2017/03/29,21:20:00,COLISIÓN POR ALCANCE,ASFALTO,Bueno,Bueno,2,V.W.,AZUL,2,,39,MASCULINO,SIN DATOS,0,0,Morelia,Ciudad Industrial,marzo,miércoles,21,-101.137948036194,19.7287153728033
5570,5570,2017,"170364923",2017/03/29,21:27:00,COLISIÓN POR CORTE DE CIRCULACIÓN,ASFALTO,Bueno,Bueno,2,NISSAN,AZUL,2,,71,MASCULINO,SIN DATOS,0,0,Morelia,Felix Ireta,marzo,miércoles,21,-101.188459396362,19.6817275995936
5571,5571,2017,"170365561",2017/03/30,"07:45:00",COLISIÓN POR ALCANCE,ASFALTO,Bueno,Bueno,2,DODGE,PLATA,2,,26,MASCULINO,SIN DATOS,0,0,Morelia,Ampliacion La Soledad,marzo,jueves,8,-101.18293941021,19.7339112594515
5572,5572,2017,"170365815",2017/03/30,"08:05:00",COLISIÓN CONTRA OBJETO FIJO,ASFALTO,Bueno,Bueno,1,V.W.,ROJO,1,,22,MASCULINO,SIN DATOS,0,0,Morelia,Bicentenario,marzo,jueves,8,-101.178739070892,19.7386020556686
5573,5573,2017,"170365599",2017/03/30,"08:10:00",COLISIÓN POR CORTE DE CIRCULACIÓN,ASFALTO,Bueno,Bueno,2,KENWORTH,BLANCO,2,,45,MASCULINO,SIN DATOS,0,0,Morelia,La Soledad,marzo,jueves,8,-101.183395385742,19.7276903139829
5574,5574,2017,"170365699",2017/03/30,"08:30:00",COLISIÓN POR ALCANCE,CONCRETO,Bueno,Regular,2,NISSAN,ARENA,2,,42,FEMENINO,SIN DATOS,0,0,Morelia,Centro,marzo,jueves,9,-101.18582546711,19.6991072093801
5575,5575,2017,"170365776",2017/03/30,"08:40:00",COLISIÓN POR CORTE DE CIRCULACIÓN,ASFALTO,Bueno,Bueno,2,DODGE,BLANCO Y ROJO,2,,48,MASCULINO,SIN DATOS,0,0,Morelia,Loma de Los Piñones,marzo,jueves,9,-101.205094456673,19.6740498682514
5576,5576,2017,"170365922",2017/03/30,"09:15:00",COLISIÓN POR CORTE DE CIRCULACIÓN,ASFALTO,Bueno,Bueno,2,HONDA,CAFE,2,,36,FEMENINO,SIN DATOS,0,0,Morelia,Alberto Oviedo Mota,marzo,jueves,9,-101.200953125954,19.6805204017413
5577,5577,2017,"170366399",2017/03/30,11:48:00,COLISIÓN POR CORTE DE CIRCULACIÓN,SIN_DATOS,Bueno,Bueno,2,FORD,VERDE,2,,62,MASCULINO,SIN DATOS,0,0,Morelia,Irrigacion,marzo,jueves,12,-101.228274106979,19.7038798321111
5578,5578,2017,"170366518",2017/03/30,12:05:00,COLISIÓN POR CORTE DE CIRCULACIÓN,ASFALTO,Bueno,Bueno,2,ISUZU,CREMA,2,,,,SIN DATOS,0,0,Morelia,Molino de Parras,marzo,jueves,12,-101.200266480446,19.6937485712755
5579,5579,2017,"170366818",2017/03/30,14:00:00,COLISIÓN POR ALCANCE,ASFALTO,Bueno,Regular,2,TOYOTA,BLANCO Y CREMA,2,,37,MASCULINO,SIN DATOS,0,0,Morelia,Chapultepec Norte,marzo,jueves,14,-101.176209747791,19.696862259834
5580,5580,2017,,2017/03/30,14:50:00,COLISIÓN POR CORTE DE CIRCULACIÓN,ASFALTO,Bueno,Bueno,1,GMC,VERDE,1,,31,MASCULINO,SIN DATOS,0,0,Queréndaro,Centro,marzo,jueves,15,-100.894167423248,19.8083165730304
5581,5581,2017,"170367332",2017/03/30,15:36:00,COLISIÓN POR CORTE DE CIRCULACIÓN,ASFALTO,Bueno,Bueno,2,ITALIKA,NARANJA Y NEGRO,2,,35,MASCULINO,SIN DATOS,0,0,Morelia,Centro,marzo,jueves,16,-101.178159713745,19.6992637738655
5582,5582,2017,"170367684",2017/03/30,15:55:00,COLISIÓN POR CORTE DE CIRCULACIÓN,ASFALTO,Bueno,Regular,2,KENWORTH,LAVANDA,2,,41,MASCULINO,SIN DATOS,0,0,Morelia,Los Manantiales de Morelia,marzo,jueves,16,-101.242125034332,19.6972738783626
5583,5583,2017,"170367721",2017/03/30,16:40:00,COLISIÓN POR ALCANCE,ASFALTO,Bueno,Bueno,2,NISSAN,BLANCO,2,MINISTERIO PÚBLICO,20,MASCULINO,SIN DATOS,0,0,Morelia,Country Club  Las Huertas,marzo,jueves,17,-101.229379177093,19.6638257917996
5584,5584,2017,,2017/03/30,16:45:00,VOLCADURA,TERRACERIA,Bueno,Malo,1,HONDA,NEGRO,1,,65,MASCULINO,SIN DATOS,0,0,Puruándiro,Lomas de Agua Tibia,marzo,jueves,17,-101.488571763039,20.0868129338046
5585,5585,2017,"170367722",2017/03/30,17:00:00,COLISIÓN POR ALCANCE,CONCRETO,Bueno,Bueno,2,TOYOTA,CREMA,3,MINISTERIO PÚBLICO,,MASCULINO,SIN DATOS,2,0,Morelia,Felix Ireta,marzo,jueves,17,-101.189484000206,19.6852885277043
5586,5586,2017,"170367805",2017/03/30,17:20:00,COLISIÓN POR ALCANCE,ASFALTO,Bueno,Bueno,2,MAZDA,BLANCO,2,,,,SIN DATOS,0,0,Morelia,Felix Ireta,marzo,jueves,17,-101.191897988319,19.6824549445351
5587,5587,2017,"170367900",2017/03/30,18:06:00,COLISIÓN POR CORTE DE CIRCULACIÓN,SIN_DATOS,Bueno,Bueno,2,TOYOTA,NEGRO,2,,25,FEMENINO,SIN DATOS,0,0,Morelia,Matamoros,marzo,jueves,18,-101.164271235466,19.6959607358
5588,5588,2017,"170368113",2017/03/30,18:30:00,SALIDA DE SUPERFICIE DE RODAMIENTO,ASFALTO,Bueno,Bueno,1,CHEVROLET,VERDE,1,,51,,SIN DATOS,0,0,Morelia,El Lago 3,marzo,jueves,19,-101.220833659172,19.7274277362812
5589,5589,2017,"170368856",2017/03/30,20:50:00,COLISIÓN POR ALCANCE,ASFALTO,Bueno,Bueno,2,V.W.,VERDE,2,MINISTERIO PÚBLICO,22,MASCULINO,SIN DATOS,0,0,Morelia,Nueva Valladolid,marzo,jueves,21,-101.213371753693,19.6998092231345
5590,5590,2017,LEG5944,2017/03/30,21:00:00,COLISIÓN POR CORTE DE CIRCULACIÓN,CONCRETO,Bueno,Regular,2,MAZDA,NEGRO,2,,26,MASCULINO,CON CERTIFICADO,0,0,Morelia,Ventura Puente,marzo,jueves,21,-101.191861778498,19.6949878669828
5591,5591,2017,"170369612",2017/03/31,"01:00:00",VOLCADURA,CONCRETO,Bueno,Bueno,1,CHEVROLET,VERDE,1,,28,MASCULINO,SIN DATOS,0,0,Morelia,Camelinas,marzo,viernes,1,-101.171078681946,19.6821720885614
5592,5592,2017,"170369609",2017/03/31,"01:45:00",COLISIÓN CONTRA OBJETO FIJO,ASFALTO,Bueno,Regular,1,CHEVROLET,ROJO,1,,,,SIN DATOS,0,0,Morelia,Bicentenario,marzo,viernes,2,-101.17836356163,19.7388040244246
5593,5593,2017,"170369794",2017/03/31,"06:50:00",COLISIÓN CONTRA OBJETO FIJO,ASFALTO,Bueno,Bueno,1,CHEVROLET,ROJO,1,MINISTERIO PÚBLICO,40,MASCULINO,SIN DATOS,0,0,Morelia,La Colina,marzo,viernes,7,-101.216139793396,19.7039202346588
5594,5594,2017,"170369859",2017/03/31,"07:50:00",CAIDA DE MOTOCICLETA,ASFALTO,Bueno,Bueno,1,PULSAR,ROJO,1,,,MASCULINO,SIN DATOS,0,0,Morelia,Ampliacion La Soledad,marzo,viernes,8,-101.180702447891,19.7376225035779
5595,5595,2017,"170369920",2017/03/31,"08:10:00",CAIDA DE MOTOCICLETA,ASFALTO,Bueno,Bueno,1,VENTO,BLANCO,2,,21,MASCULINO,SIN DATOS,1,0,Morelia,Las Americas,marzo,viernes,8,-101.156508922577,19.6877331474087
5596,5596,2017,"170370233",2017/03/31,"09:10:00",COLISIÓN POR ALCANCE,CONCRETO,Bueno,Bueno,2,TOYOTA,PLATA,2,,,FEMENINO,SIN DATOS,0,0,Morelia,Centro,marzo,viernes,9,-101.178170442581,19.6992637738655
5597,5597,2017,"170370295",2017/03/31,"09:50:00",COLISIÓN POR CORTE DE CIRCULACIÓN,ASFALTO,Bueno,Bueno,2,INTERNATIONAL,AMARILLO,2,,42,MASCULINO,SIN DATOS,0,0,Morelia,Elias Perez Avalos,marzo,viernes,10,-101.165628433228,19.7103744106364
5598,5598,2017,"170370929",2017/03/31,12:00:00,COLISIÓN POR CORTE DE CIRCULACIÓN,CONCRETO,Bueno,Bueno,2,ITALIKA,NEGRO,2,,26,MASCULINO,SIN DATOS,0,0,Morelia,Arboledas de Valladolid,marzo,viernes,12,-101.250386238098,19.6945415196089
5599,5599,2017,"170370951",2017/03/31,12:40:00,COLISIÓN POR CORTE DE CIRCULACIÓN,ASFALTO,Bueno,Bueno,2,NISSAN,ROJO,2,,69,MASCULINO,SIN DATOS,0,0,Morelia,Cuauhtemoc,marzo,viernes,13,-101.183749437332,19.6946677849046
5600,5600,2017,"170371603",2017/03/31,13:50:00,COLISIÓN CONTRA OBJETO FIJO,ASFALTO,Bueno,Bueno,2,CHEVROLET,ROJO,1,,,,SIN DATOS,0,0,Morelia,5 de Mayo,marzo,viernes,14,-101.175472140312,19.7029101679052
5601,5601,2017,"170371776",2017/03/31,14:50:00,COLISIÓN POR ALCANCE,ASFALTO,Bueno,Bueno,2,VOLKSWAGEN,GRIS,2,,63,MASCULINO,SIN DATOS,0,0,Morelia,Sentimientos de La Nacion,marzo,viernes,15,-101.234330534935,19.6789495156011
5602,5602,2017,"170372328",2017/03/31,16:40:00,COLISIÓN POR ALCANCE,ASFALTO,Bueno,Bueno,2,MAZDA,BLANCO,2,,21,MASCULINO,SIN DATOS,0,0,Morelia,Alberto Oviedo Mota,marzo,viernes,17,-101.197707653046,19.681262905263
5603,5603,2017,"170372312",2017/03/31,16:45:00,COLISIÓN CONTRA OBJETO FIJO,CONCRETO,Bueno,Bueno,1,CHEVROLET,GRIS,1,,,,SIN DATOS,0,0,Morelia,Lomas del Punhuato,marzo,viernes,17,-101.14615291357,19.6982562029659
5604,5604,2017,"170372856",2017/03/31,17:30:00,COLISIÓN POR CORTE DE CIRCULACIÓN,ASFALTO,Bueno,Bueno,2,CHEVROLET,GRIS,2,,40,MASCULINO,SIN DATOS,0,0,Morelia,Morelos,marzo,viernes,18,-101.207723021507,19.7006677969208
5605,5605,2017,"170373271",2017/03/31,20:10:00,COLISIÓN POR CORTE DE CIRCULACIÓN,ASFALTO,Bueno,Bueno,2,TOYOTA,BLANCO Y NARANJA,2,,,MASCULINO,SIN DATOS,0,0,Morelia,Bicentenario,marzo,viernes,20,-101.178524494171,19.7387535322595
5606,5606,2017,"170375499",2017/03/31,20:21:00,COLISIÓN POR CORTE DE CIRCULACIÓN,ASFALTO,Bueno,Bueno,2,CHEVROLET,BLANCO Y ROJO,2,,36,MASCULINO,SIN DATOS,0,0,Morelia,Lomas del Tecnologico,marzo,viernes,20,-101.196269989014,19.7244636080664
5607,5607,2017,"170314591",2017/04/01,"01:50:00",COLISIÓN POR CORTE DE CIRCULACIÓN,CONCRETO,Bueno,Bueno,2,CHEVROLET,BLANCO,2,,32,MASCULINO,SIN DATOS,0,0,Morelia,Ignacio Lopez Rayon,abril,sábado,2,-101.250591165,19.6897065849991
5608,5608,2017,"170374412",2017/04/01,"04:20:00",SUBIDA AL CAMELLÓN,CONCRETO,Bueno,Bueno,1,DODGE,NEGRO,2,,,FEMENINO,SIN DATOS,1,0,Morelia,Elias Perez Avalos,abril,sábado,4,-101.165671348572,19.7104956133277
5609,5609,2017,"170374430",2017/04/01,"05:00:00",COLISIÓN POR ALCANCE,ASFALTO,Bueno,Bueno,2,CHRYSLER,ROJO,2,,,,SIN DATOS,0,0,Tarímbaro,Sin datos,abril,sábado,5,-101.170939207077,19.752507007729
5610,5610,2017,"170374449",2017/04/01,"06:20:00",COLISIÓN POR ALCANCE,ASFALTO,Bueno,Bueno,2,FORD,GRIS,2,,,FEMENINO,SIN DATOS,0,0,Morelia,Villas Lomas del Paraiso,abril,sábado,6,-101.174876689911,19.6729587923636
5611,5611,2017,"170375235",2017/04/01,"08:40:00",COLISIÓN POR CORTE DE CIRCULACIÓN,ASFALTO,Bueno,Bueno,2,NISSAN,BLANCO Y CAFÉ,2,,28,MASCULINO,SIN DATOS,0,0,Morelia,Paseo de Las Lomas,abril,sábado,9,-101.150361299515,19.6972031709606
5612,5612,2017,"1703037498",2017/04/01,"09:20:00",COLISIÓN POR ALCANCE,ASFALTO,Bueno,Bueno,2,MERCEDES BENZ,BLANCO,2,,35,MASCULINO,SIN DATOS,0,0,Morelia,Camelinas,abril,sábado,9,-101.175187826157,19.6816404695093
5613,5613,2017,"170375124",2017/04/01,10:45:00,COLISIÓN POR CORTE DE CIRCULACIÓN,CONCRETO,Bueno,Regular,2,SIN DATOS,SIN DATOS,2,,,,SIN DATOS,0,0,Morelia,Chapultepec Norte,abril,sábado,11,-101.166784465313,19.6953281507781
5614,5614,2017,"17037617",2017/04/01,12:30:00,COLISIÓN POR ALCANCE,CONCRETO,Bueno,Bueno,2,TOYOTA,ROJO,2,,42,MASCULINO,SIN DATOS,0,0,Morelia,Centro,abril,sábado,13,-101.191527843475,19.7029808727855
5615,5615,2017,"170375896",2017/04/01,13:00:00,COLISIÓN POR CORTE DE CIRCULACIÓN,ASFALTO,Bueno,Bueno,2,NISSAN,PLATA,2,,43,MASCULINO,SIN DATOS,0,0,Morelia,Villas del Pedregal,abril,sábado,13,-101.308944225311,19.6747620943375