fid,id_accidente,anio_origen,folio_c5i,dia_incidente,hora_ocurrencia,tipo_incidente_vial,superficie_ocurrencia,condiciones_climaticas,condiciones_via,numero_vehiculos_involucrados,marca_vehiculo_ocasiona_siniestro,color_vehiculo_ocasiona_siniestro,numero_personas_involucradas,lugar_remite_presunto_responsable,edad_presunto_responsable,sexo_presunto_responsable,resultados_toxicologia,numero_personas_lesionadas,numero_personas_fallecidas,municipio,colonia,mes,dia_semana,hora_redondeada,lon,lat
5616,5616,2017,"170376146",2017/04/01,13:25:00,COLISIÓN POR ALCANCE,ASFALTO,Bueno,Regular,2,FORD,BLANCO,2,,32,FEMENINO,SIN DATOS,0,0,Morelia,San Pascual,abril,sábado,13,-101.267659664154,19.6952132498372
5617,5617,2017,"170376150",2017/04/01,13:40:00,COLISIÓN POR CORTE DE CIRCULACIÓN,CONCRETO,Bueno,Bueno,2,MITSUBISHI,BLANCO,2,,19,FEMENINO,SIN DATOS,0,0,Morelia,Felix Ireta,abril,sábado,14,-101.180745363235,19.6857784648087
5618,5618,2017,"170376600",2017/04/01,14:15:00,COLISIÓN POR ALCANCE,ASFALTO,Bueno,Bueno,2,NISSAN,ROJO,2,,26,MASCULINO,SIN DATOS,0,0,Morelia,Loma de Los Piñones,abril,sábado,14,-101.205022037029,19.6741887778429
5619,5619,2017,"170376745",2017/04/01,15:35:00,COLISIÓN CONTRA OBJETO FIJO,ASFALTO,Bueno,Bueno,2,V.W.,GRIS,1,,35,,SIN DATOS,0,0,Morelia,Central de Abastos,abril,sábado,16,-101.171464920044,19.7161718364801
5620,5620,2017,"170376246",2017/04/01,15:50:00,COLISIÓN POR ALCANCE,CONCRETO,Bueno,Bueno,2,TOYOTA,GRIS,2,MINISTERIO PÚBLICO,20,MASCULINO,SIN DATOS,0,0,Morelia,Valle de Los Sauces,abril,sábado,16,-101.2222395,19.685361
5621,5621,2017,"1703777216",2017/04/01,17:15:00,COLISIÓN POR CORTE DE CIRCULACIÓN,ASFALTO,Bueno,Bueno,2,FORD,GUINDA,3,,30,MASCULINO,SIN DATOS,1,0,Morelia,Trabajadores del Cbta No 7,abril,sábado,17,-101.2338142097,19.6659234476101
5622,5622,2017,"170377664",2017/04/01,18:00:00,VOLCADURA,ASFALTO,Bueno,Regular,1,CHEVROLET,AZUL,1,,25,MASCULINO,ALIENTO ETÍLICO,0,0,Morelia,Alberto Oviedo Mota,abril,sábado,18,-101.195690631866,19.6847379780356
5623,5623,2017,"170378757",2017/04/01,20:30:00,COLISIÓN POR ALCANCE,ASFALTO,Bueno,Bueno,2,NISSAN,GRIS,2,,25,MASCULINO,ALIENTO ETÍLICO,0,0,Morelia,Tzindurio Norte,abril,sábado,21,-101.244871616364,19.7000920479494
5624,5624,2017,"170378626",2017/04/01,21:15:00,COLISIÓN POR CORTE DE CIRCULACIÓN,ASFALTO,Bueno,Bueno,2,NISSAN,BLANCO Y GRIS,2,,38,MASCULINO,SIN DATOS,0,0,Morelia,Nicolaitas Ilustres,abril,sábado,21,-101.22832775116,19.7195653540697
5625,5625,2017,"170318183",2017/04/01,22:00:00,COLISIÓN CONTRA OBJETO FIJO,CONCRETO,Bueno,Bueno,1,NISSAN,BLANCO,1,,27,MASCULINO,SIN DATOS,0,0,Morelia,Felix Arreguin,abril,sábado,22,-101.228091716766,19.7194037596275
5626,5626,2017,"170378768",2017/04/01,22:15:00,COLISIÓN POR ALCANCE,ASFALTO,Bueno,Bueno,2,SEAT,VERDE,2,,25,,SIN DATOS,0,0,Morelia,Los Manantiales de Morelia,abril,sábado,22,-101.242489814758,19.6977890313486
5627,5627,2017,,2017/04/01,22:30:00,COLISIÓN POR CORTE DE CIRCULACIÓN,ASFALTO,Bueno,Bueno,2,Chevrolet,Gris,2,,44,FEMENINO,SIN DATOS,0,0,Apatzingán,Independencia,abril,sábado,23,-102.354340553284,19.0955985009903
5628,5628,2017,,2017/04/01,23:15:00,COLISIÓN POR CORTE DE CIRCULACIÓN,ASFALTO,Bueno,Bueno,1,ITALIKA,NEGRO  Y NARANJA,0,,,,,0,0,Cuitzeo,Mariano Escobedo,abril,sábado,23,-101.067132353783,19.9633279758039
5629,5629,2017,"170379051",2017/04/01,23:50:00,COLISIÓN POR ALCANCE,CONCRETO,Bueno,Bueno,2,VOLKSWAGEN,NEGRO,2,MINISTERIO PÚBLICO,18,MASCULINO,SIN DATOS,0,0,Morelia,Ferrocarrilero,abril,sábado,0,-101.215072274208,19.6997284159527
5630,5630,2017,"17037379",2017/04/02,"02:33:00",CAIDA DE MOTOCICLETA,ASFALTO,Bueno,Bueno,1,ITALIKA,NEGRO,1,MINISTERIO PÚBLICO,,,,1,0,Morelia,Sin datos,abril,domingo,3,-101.174651384354,19.7454385560173
5631,5631,2017,"170379259",2017/04/02,"04:10:00",SUBIDA AL CAMELLÓN,ASFALTO,Bueno,Bueno,1,FORD,BLANCO,1,,24,MASCULINO,ALIENTO ETÍLICO,0,0,Morelia,Villas de La Esperanza,abril,domingo,4,-101.274000406265,19.693243506595
5632,5632,2017,"170369331",2017/04/02,"05:45:00",COLISIÓN CONTRA OBJETO FIJO,CONCRETO,Bueno,Bueno,2,HONDA,PLATA,2,,29,MASCULINO,ALIENTO ETÍLICO,0,0,Morelia,Los Manantiales de Morelia,abril,domingo,6,-101.237404346466,19.6971678172479
5633,5633,2017,,2017/04/02,"05:50:00",COLISIÓN POR CORTE DE CIRCULACIÓN,ASFALTO,Bueno,Bueno,2,Chevrolet,Azul,2,,26,FEMENINO,SIN DATOS,0,0,Apatzingán,La Fuente,abril,domingo,6,-102.364897727966,19.1023100331016
5634,5634,2017,"170379349",2017/04/02,"06:58:00",COLISIÓN POR CORTE DE CIRCULACIÓN,ASFALTO,Bueno,Bueno,2,SIN DATO,VERDE,2,,,,SIN DATOS,0,0,Morelia,Lomas del Tecnologico,abril,domingo,7,-101.19058907032,19.720348074837
5635,5635,2017,"170379375",2017/04/02,"07:00:00",SUBIDA AL CAMELLÓN,ASFALTO,Bueno,Bueno,1,FORD,BLANCO,1,,,,SIN DATOS,0,0,Morelia,Villas Lomas del Paraiso,abril,domingo,7,-101.176451146603,19.6741508934208
5636,5636,2017,,2017/04/02,"08:30:00",COLISIÓN POR CORTE DE CIRCULACIÓN,ASFALTO,Bueno,Bueno,2,SIN DATOS,SIN DATOS,1,,60,MASCULINO,SIN DATOS,0,0,Morelia,Tinijaro,abril,domingo,9,-101.260353326797,19.6968900378048
5637,5637,2017,"170379392",2017/04/02,"08:50:00",VOLCADURA,ASFALTO,Bueno,Bueno,1,MAZDA,ROJO,1,,,,SIN DATOS,0,0,Morelia,2 de Octubre,abril,domingo,9,-101.386642456055,19.6675033015068
5638,5638,2017,"170380315",2017/04/02,13:20:00,COLISIÓN POR CORTE DE CIRCULACIÓN,ASFALTO,Bueno,Bueno,2,INTERNATIONAL,BLANCO Y AZUL,2,,,MASCULINO,SIN DATOS,0,0,Morelia,Felix Ireta,abril,domingo,13,-101.195712089539,19.6816114261374
5639,5639,2017,"170380366",2017/04/02,13:30:00,COLISIÓN POR ALCANCE,ASFALTO,Bueno,Bueno,2,SEAT,ROJO,3,MINISTERIO PÚBLICO,34,MASCULINO,SIN DATOS,1,0,Morelia,Primo Tapia Oriente,abril,domingo,14,-101.159824132919,19.7131216490847
5640,5640,2017,"170380657",2017/04/02,13:30:00,COLISIÓN POR CORTE DE CIRCULACIÓN,ASFALTO,Bueno,Bueno,2,DODGE,AZUL,2,,36,MASCULINO,SIN DATOS,0,0,Morelia,Centro,abril,domingo,14,-101.191527843475,19.7029556210461
5641,5641,2017,"170380733",2017/04/02,14:11:00,COLISIÓN POR CORTE DE CIRCULACIÓN,ASFALTO,Bueno,Bueno,2,NISSAN,BLANCO,2,,50,MASCULINO,SIN DATOS,0,0,Morelia,Sentimientos de La Nacion,abril,domingo,14,-101.235451698303,19.6815255587459
5642,5642,2017,"170380659",2017/04/02,14:35:00,SALIDA DE SUPERFICIE DE RODAMIENTO,ASFALTO,Bueno,Bueno,1,CHEVROLET,GRIS,1,,,MASCULINO,SIN DATOS,0,0,Morelia,Bicentenario,abril,domingo,15,-101.178674697876,19.7386020556686
5643,5643,2017,"170380698",2017/04/02,14:40:00,COLISIÓN POR CORTE DE CIRCULACIÓN,ASFALTO,Bueno,Bueno,2,FORD,AZUL,2,,33,MASCULINO,SIN DATOS,0,0,Morelia,Vista Bella,abril,domingo,15,-101.197434067726,19.6795379683229
5644,5644,2017,"170381073",2017/04/02,15:40:00,COLISIÓN POR CORTE DE CIRCULACIÓN,ASFALTO,Bueno,Bueno,2,INTERNATIONAL,NARANJA Y BEIGE,2,,37,MASCULINO,SIN DATOS,0,0,Morelia,La Esperanza,abril,domingo,16,-101.253808736801,19.6979304456037
5645,5645,2017,"170381348",2017/04/02,16:00:00,COLISIÓN POR ALCANCE,ASFALTO,Bueno,Bueno,2,FORD,ROJO,2,,41,MASCULINO,SIN DATOS,0,0,Morelia,Loma Dorada,abril,domingo,16,-101.254361271858,19.6977789303256
5646,5646,2017,"170381334",2017/04/02,16:05:00,COLISIÓN POR ALCANCE,CONCRETO,Bueno,Bueno,2,CHEVROLET,GRIS,2,,22,MASCULINO,ALIENTO ETÍLICO,0,0,Morelia,Ignacio Lopez Rayon,abril,domingo,16,-101.252692937851,19.6900413594444
5647,5647,2017,,2017/04/02,16:30:00,SALIDA DE SUPERFICIE DE RODAMIENTO,ASFALTO,Bueno,Bueno,1,NISSAN,GRIS,1,,,,SIN DATOS,0,0,Queréndaro,Sin datos,abril,domingo,17,-100.844020843506,19.8119301939693
5648,5648,2017,"170381382",2017/04/02,17:10:00,COLISIÓN POR CORTE DE CIRCULACIÓN,CONCRETO,Bueno,Bueno,2,JEEP,BLANCO,2,,,MASCULINO,SIN DATOS,0,0,Morelia,Centro,abril,domingo,17,-101.178234815598,19.6991526636013
5649,5649,2017,"170382371",2017/04/02,20:45:00,COLISIÓN CONTRA OBJETO FIJO,ASFALTO,Bueno,Bueno,1,VOLKSWAGEN,NEGRO,1,,22,MASCULINO,ALIENTO ETÍLICO,0,0,Morelia,3 de Agosto,abril,domingo,21,-101.164770126343,19.7275438764717
5650,5650,2017,"170382792",2017/04/02,21:20:00,COLISIÓN POR CORTE DE CIRCULACIÓN,ASFALTO,Bueno,Bueno,1,KENWORTH,BLANCO,1,,32,MASCULINO,SIN DATOS,0,0,Morelia,Gertrudis Bocanegra,abril,domingo,21,-101.211732923985,19.7020314046423
5651,5651,2017,"170382603",2017/04/02,21:41:00,COLISIÓN POR ALCANCE,ASFALTO,Bueno,Bueno,2,CHEVROLET,BLANCO,3,MINISTERIO PÚBLICO,46,MASCULINO,SIN DATOS,0,1,Morelia,El Eden,abril,domingo,22,-101.247838139534,19.6484227778855
5652,5652,2017,,2017/04/02,23:30:00,COLISIÓN POR CORTE DE CIRCULACIÓN,ASFALTO,Bueno,Bueno,2,CHEVROLET,"1996",2,,67,MASCULINO,SIN DATOS,0,0,Cuitzeo,Sin datos,abril,domingo,0,-101.173331737518,19.967681749482
5653,5653,2017,"170387990",2017/04/03,"00:10:00",COLISIÓN CONTRA OBJETO FIJO,ASFALTO,Bueno,Regular,1,CADILAC,BLANCO,1,MINISTERIO PÚBLICO,,,SIN DATOS,0,0,Morelia,Los Alamos,abril,lunes,0,-101.229676902294,19.7035338848786
5655,5655,2017,"170383695",2017/04/03,"08:20:00",COLISIÓN POR ALCANCE,ASFALTO,Bueno,Bueno,2,VOLKSWAGEN,AZUL,2,,,,SIN DATOS,0,0,Morelia,Jardines de Torremolinos,abril,lunes,8,-101.22955083847,19.6770199816421
5656,5656,2017,"170384208",2017/04/03,10:15:00,COLISIÓN POR ALCANCE,ASFALTO,Bueno,Bueno,2,CHEVROLET,BLANCO,2,,51,MASCULINO,SIN DATOS,0,0,Morelia,Niño Artillero,abril,lunes,10,-101.250167638063,19.6986248887929
5657,5657,2017,"170384908",2017/04/03,12:05:00,COLISIÓN POR ALCANCE,ASFALTO,Bueno,Bueno,2,FORD,BLANCO,2,,35,FEMENINO,SIN DATOS,0,0,Morelia,Loma Dorada,abril,lunes,12,-101.255621910095,19.6977183241742
5658,5658,2017,"170384860",2017/04/03,12:10:00,COLISIÓN POR CORTE DE CIRCULACIÓN,ASFALTO,Bueno,Bueno,2,CHRYSLER,GRIS,3,,66,MASCULINO,SIN DATOS,1,0,Morelia,Felix Ireta,abril,lunes,12,-101.19020819664,19.6824448425446
5659,5659,2017,"170384585",2017/04/03,13:30:00,COLISIÓN POR ALCANCE,ASFALTO,Bueno,Regular,2,FORD,AMARILLO,4,MINISTERIO PÚBLICO,,,SIN DATOS,1,1,Morelia,Sin datos,abril,lunes,14,-101.35125875473,19.5327545250384
5660,5660,2017,"170385114",2017/04/03,14:00:00,COLISIÓN POR CORTE DE CIRCULACIÓN,CONCRETO,Bueno,Bueno,2,VOLKSWAGEN,BLANCO Y AMARILLO,2,,80,MASCULINO,SIN DATOS,0,0,Morelia,Felix Ireta,abril,lunes,14,-101.189392805099,19.6876472832994
5661,5661,2017,"170385154",2017/04/03,14:10:00,COLISIÓN POR CORTE DE CIRCULACIÓN,ASFALTO,Bueno,Bueno,2,YAMAHA,ROJO,2,,34,MASCULINO,SIN DATOS,0,0,Morelia,Bosques de Oriente,abril,lunes,14,-101.155081987381,19.7163536338914
5662,5662,2017,"170385600",2017/04/03,15:15:00,COLISIÓN POR CORTE DE CIRCULACIÓN,ASFALTO,Bueno,Bueno,2,MITSUBISHI,GRIS,2,,38,FEMENINO,SIN DATOS,0,0,Morelia,Cinco de Diciembre,abril,lunes,15,-101.160768270493,19.6878240622978
5663,5663,2017,"170383807",2017/04/03,15:20:00,COLISIÓN CONTRA OBJETO FIJO,CONCRETO,Bueno,Bueno,2,CHEVROLET,GRIS,2,,,,SIN DATOS,0,0,Morelia,Lomas de Hidalgo,abril,lunes,15,-101.16352558136,19.6961526573083
5664,5664,2017,"170387776",2017/04/03,22:40:00,COLISIÓN CONTRA OBJETO FIJO,ASFALTO,Bueno,Bueno,1,MITSUBISHI,NEGRO,1,,,,SIN DATOS,0,0,Morelia,Independencia,abril,lunes,23,-101.176971495152,19.7052913900728
5665,5665,2017,"170388318",2017/04/04,"07:24:00",COLISIÓN CONTRA OBJETO FIJO,ASFALTO,Bueno,Bueno,1,AUDI,NEGRO,1,,38,MASCULINO,ALIENTO ETÍLICO,0,0,Morelia,Agustin Arriaga Rivera,abril,martes,7,-101.224561929703,19.6911323189792
5666,5666,2017,"170388270",2017/04/04,"07:50:00",COLISIÓN POR CORTE DE CIRCULACIÓN,SIN_DATOS,Nublado,Bueno,1,ITALIKA,VERDE,0,,,,,0,0,Morelia,Centro,abril,martes,8,-101.190457642078,19.7038823572707
5667,5667,2017,"170388510",2017/04/04,"09:00:00",COLISIÓN POR ALCANCE,ASFALTO,Bueno,Bueno,2,DODGE,GRIS,2,MINISTERIO PÚBLICO,,MASCULINO,SIN DATOS,0,0,Morelia,Ana Maria Gallaga (Riviera Norte),abril,martes,9,-101.219358444214,19.6774846882801
5668,5668,2017,"170388551",2017/04/04,"09:30:00",COLISIÓN POR CORTE DE CIRCULACIÓN,ASFALTO,Bueno,Bueno,2,DINA,AMARILLO,2,,25,MASCULINO,SIN DATOS,0,0,Morelia,Fuentes de Valladolid,abril,martes,10,-101.221391558647,19.672877971632
5669,5669,2017,"170388801",2017/04/04,10:10:00,COLISIÓN POR CORTE DE CIRCULACIÓN,ASFALTO,Bueno,Bueno,2,HONDA,BLANCO,2,,35,FEMENINO,SIN DATOS,0,0,Morelia,Santillan La Huerta,abril,martes,10,-101.22051179409,19.6741685728189
5670,5670,2017,"170388812",2017/04/04,11:30:00,COLISIÓN POR CORTE DE CIRCULACIÓN,ASFALTO,Bueno,Bueno,2,V.W.,BLANCO,2,,,MASCULINO,SIN DATOS,0,0,Morelia,Centro,abril,martes,12,-101.189824640751,19.7029227937789
5671,5671,2017,"170389748",2017/04/04,13:45:00,COLISIÓN POR CORTE DE CIRCULACIÓN,ASFALTO,Bueno,Bueno,2,HINO MOTORS,BLANCO,2,,49,MASCULINO,SIN DATOS,0,0,Morelia,Victor Manuel Tinoco Rubi,abril,martes,14,-101.243348121643,19.7004152756971
5672,5672,2017,"170390670",2017/04/04,17:00:00,COLISIÓN POR CORTE DE CIRCULACIÓN,CONCRETO,Bueno,Bueno,2,NISSAN,BLANCO,2,,35,MASCULINO,SIN DATOS,0,0,Morelia,Granjas del Maestro,abril,martes,17,-101.188663244247,19.7133287000699
5673,5673,2017,"170390951",2017/04/04,17:30:00,COLISIÓN POR CORTE DE CIRCULACIÓN,ASFALTO,Bueno,Bueno,2,NISSAN,BLANCO Y GRIS,2,,,MASCULINO,SIN DATOS,0,0,Morelia,Barrio Alto,abril,martes,18,-101.197085380554,19.7250594678982
5674,5674,2017,,2017/04/04,17:30:00,COLISIÓN POR CORTE DE CIRCULACIÓN,ASFALTO,Bueno,Bueno,2,DINAMO,AZUL,0,,,,,0,0,Zinapécuaro,Centro,abril,martes,18,-100.827594995499,19.8586374287527
5675,5675,2017,"17039473",2017/04/04,19:55:00,COLISIÓN POR ALCANCE,ASFALTO,Bueno,Bueno,2,NISSAN,BLANCO Y ROJO,2,,,MASCULINO,SIN DATOS,0,0,Morelia,Fidel Velazquez,abril,martes,20,-101.237897872925,19.7066776844276
5676,5676,2017,,2017/04/04,21:35:00,COLISIÓN POR CORTE DE CIRCULACIÓN,SIN_DATOS,Bueno,Bueno,2,ITALIKA,ROJO,2,MINISTERIO PÚBLICO,26,MASCULINO,SIN DATOS,0,0,Cuitzeo,Centro,abril,martes,22,-101.139965057373,19.9677825882125
5677,5677,2017,"170391846",2017/04/04,21:40:00,COLISIÓN POR CORTE DE CIRCULACIÓN,CONCRETO,Bueno,Bueno,2,ITALIKA,GRIS Y CAFE,3,,20,MASCULINO,SIN DATOS,1,0,Morelia,Lomas del Tecnologico,abril,martes,22,-101.19222253561,19.7203127262399
5678,5678,2017,"170342345",2017/04/05,"00:48:00",SUBIDA AL CAMELLÓN,CONCRETO,Bueno,Bueno,2,KENWORTH,BLANCO,1,,35,MASCULINO,SIN DATOS,0,0,Morelia,Agustin Arriaga Rivera,abril,miércoles,1,-101.224561929703,19.6911626233045
5679,5679,2017,"170392638",2017/04/05,"07:40:00",COLISIÓN POR CORTE DE CIRCULACIÓN,ASFALTO,Bueno,Bueno,3,DODGE,BLANCO Y NEGRO,3,,26,MASCULINO,SIN DATOS,0,0,Morelia,Loma Dorada,abril,miércoles,8,-101.254369318485,19.6977562030215
5680,5680,2017,"170392764",2017/04/05,"08:54:00",COLISIÓN POR CORTE DE CIRCULACIÓN,CONCRETO,Bueno,Bueno,2,NISSAN,BLANCO Y MORADO,6,,,MASCULINO,SIN DATOS,4,0,Morelia,Gustavo Diaz Ordaz,abril,miércoles,9,-101.204507052898,19.6922459991696
5681,5681,2017,"170392804",2017/04/05,"09:00:00",COLISIÓN POR NO RESPETAR SEMÁFORO,TERRACERIA,Bueno,Bueno,2,SIN DATOS,ROJO,1,,31,,SIN DATOS,0,0,Morelia,Sin datos,abril,miércoles,9,-101.11522436142,19.7370367891479
5682,5682,2017,"170392788",2017/04/05,"09:00:00",COLISIÓN POR CORTE DE CIRCULACIÓN,ASFALTO,Bueno,Bueno,2,VOLKSWAGEN,GRIS,2,,42,MASCULINO,SIN DATOS,0,0,Morelia,Nueva Valladolid,abril,miércoles,9,-101.207631826401,19.7017031297714
5683,5683,2017,"170393017",2017/04/05,"09:50:00",COLISIÓN POR CORTE DE CIRCULACIÓN,ASFALTO,Bueno,Regular,2,NISSAN,ARENA,2,,24,MASCULINO,SIN DATOS,0,0,Morelia,Santa Cecilia,abril,miércoles,10,-101.186884939671,19.6681675679602
5684,5684,2017,"170393099",2017/04/05,10:00:00,COLISIÓN POR ALCANCE,ASFALTO,Bueno,Bueno,3,NISSAN,BLANCO,3,,19,MASCULINO,SIN DATOS,0,0,Morelia,La Esperanza,abril,miércoles,10,-101.154577732086,19.6999304338306
5685,5685,2017,"170393755",2017/04/05,12:15:00,COLISIÓN POR CORTE DE CIRCULACIÓN,ASFALTO,Bueno,Regular,2,INTERNATIONAL,BLANCO,2,,42,MASCULINO,SIN DATOS,0,0,Morelia,Elias Perez Avalos,abril,miércoles,12,-101.165821552277,19.7104754128855
5686,5686,2017,"170393834",2017/04/05,12:50:00,COLISIÓN POR ALCANCE,ASFALTO,Bueno,Bueno,2,FORD,GUINDA,2,,32,MASCULINO,SIN DATOS,0,0,Morelia,Alberto Oviedo Mota,abril,miércoles,13,-101.201140880585,19.6804850443449
5687,5687,2017,"170393877",2017/04/05,13:15:00,COLISIÓN CON PEATÓN,ASFALTO,Bueno,Bueno,1,NISSAN,BLANCO Y ROJO,1,MINISTERIO PÚBLICO,46,MASCULINO,SIN DATOS,0,0,Morelia,Centro,abril,miércoles,13,-101.18982732296,19.7029556210461
5688,5688,2017,"1703942677",2017/04/05,14:15:00,COLISIÓN POR CORTE DE CIRCULACIÓN,ASFALTO,Bueno,Bueno,2,SIN DATOS,SIN DATOS,1,,30,MASCULINO,SIN DATOS,0,0,Morelia,Los Angeles,abril,miércoles,14,-101.177237033844,19.7403894702858
5689,5689,2017,"170394878",2017/04/05,16:20:00,COLISIÓN POR ALCANCE,CONCRETO,Bueno,Bueno,2,VOLKSWAGEN,GRIS,2,,40,MASCULINO,SIN DATOS,0,0,Morelia,5 de Mayo,abril,miércoles,16,-101.175472140312,19.7029152182548
5690,5690,2017,,2017/04/05,16:50:00,COLISIÓN POR CORTE DE CIRCULACIÓN,ASFALTO,Bueno,Bueno,2,CHEVROLET,ROJO,2,,33,MASCULINO,SIN DATOS,0,0,Lázaro Cárdenas,Ejidal,abril,miércoles,17,-102.203986644745,17.9567961733164
5691,5691,2017,"170395452",2017/04/05,18:00:00,COLISIÓN POR CORTE DE CIRCULACIÓN,ASFALTO,Bueno,Bueno,2,FORD,BLANCO,2,,23,MASCULINO,SIN DATOS,0,0,Morelia,Cinco de Diciembre,abril,miércoles,18,-101.160832643509,19.6879250787807
5692,5692,2017,"170395794",2017/04/05,19:25:00,COLISIÓN POR CORTE DE CIRCULACIÓN,ASFALTO,Bueno,Regular,2,TOYOTA,BLANCO,2,,,,SIN DATOS,0,0,Morelia,El Porvenir,abril,miércoles,19,-101.204688102007,19.709113139678
5693,5693,2017,"170395952",2017/04/05,19:50:00,COLISIÓN POR ALCANCE,ASFALTO,Bueno,Bueno,2,JEEP,NEGRO,2,,41,MASCULINO,ALIENTO ETÍLICO,0,0,Morelia,Indeco El Vivero,abril,miércoles,20,-101.231809258461,19.6775831857097
5694,5694,2017,"170396426",2017/04/05,20:20:00,COLISIÓN POR CORTE DE CIRCULACIÓN,ASFALTO,Bueno,Regular,2,KENWORTH,BLANCO,2,,39,MASCULINO,SIN DATOS,0,0,Morelia,Sentimientos de La Nacion,abril,miércoles,20,-101.234078407288,19.6786868578945
5695,5695,2017,"170397395",2017/04/05,21:05:00,COLISIÓN CONTRA OBJETO FIJO,ASFALTO,Bueno,Regular,1,NISSAN,BLANCO,1,,20,MASCULINO,SIN DATOS,0,0,Morelia,Sin datos,abril,miércoles,21,-101.284332275391,19.6903519806245
5696,5696,2017,"170396774",2017/04/05,23:00:00,COLISIÓN POR CORTE DE CIRCULACIÓN,ASFALTO,Bueno,Bueno,2,FORD,ROJO,2,,59,MASCULINO,ALIENTO ETÍLICO,0,0,Morelia,La Soledad,abril,miércoles,23,-101.183416843414,19.7275792234695
5697,5697,2017,"1700397",2017/04/06,"07:45:00",COLISIÓN CONTRA OBJETO FIJO,CONCRETO,Bueno,Bueno,2,NISSAN,BLANCO,2,,36,MASCULINO,SIN DATOS,0,0,Morelia,Independencia,abril,jueves,8,-101.177000999451,19.7133691002309
5698,5698,2017,"170397335",2017/04/06,"08:10:00",COLISIÓN POR CORTE DE CIRCULACIÓN,ASFALTO,Bueno,Bueno,2,HONDA,NEGRO,3,,34,MASCULINO,SIN DATOS,1,0,Morelia,Centro,abril,jueves,8,-101.188706159592,19.7108087198553
5699,5699,2017,"170397478",2017/04/06,"09:20:00",COLISIÓN CON PEATÓN,ASFALTO,Bueno,Bueno,2,NISSAN,CAFE,1,,31,MASCULINO,SIN DATOS,0,0,Morelia,Valle de Las Flores,abril,jueves,9,-101.12924695015,19.68659670694
5700,5700,2017,"170398393",2017/04/06,12:44:00,COLISIÓN POR ALCANCE,ASFALTO,Bueno,Bueno,2,FORD,ROJO,2,,23,MASCULINO,SIN DATOS,0,0,Morelia,Vasco de Quiroga,abril,jueves,13,-101.168246269226,19.6966829655427
5701,5701,2017,"170399302",2017/04/06,16:00:00,COLISIÓN POR CORTE DE CIRCULACIÓN,ASFALTO,Bueno,Bueno,2,NISSAN,BLANCO Y ROJO,2,,32,MASCULINO,SIN DATOS,0,0,Morelia,La Huerta,abril,jueves,16,-101.21716439724,19.6755298806151
5702,5702,2017,"170399824",2017/04/06,18:00:00,COLISIÓN CON PEATÓN,ASFALTO,Bueno,Bueno,1,TOYOTA,BLANCO Y GRIS,1,MINISTERIO PÚBLICO,,,,1,0,Morelia,Pascual Ortiz de Ayala,abril,jueves,18,-101.149406433105,19.694879910377
5704,5704,2017,"170401442",2017/04/06,22:20:00,COLISIÓN POR CORTE DE CIRCULACIÓN,ASFALTO,Bueno,Bueno,2,NISSAN,BLANCO,2,,52,MASCULINO,SIN DATOS,0,0,Morelia,La Quemada,abril,jueves,22,-101.239035129547,19.7014152574073
5705,5705,2017,"170401611",2017/04/06,23:00:00,COLISIÓN POR CORTE DE CIRCULACIÓN,ASFALTO,Bueno,Bueno,2,FREIGHTLINER,BLANCO,2,,,MASCULINO,SIN DATOS,0,0,Morelia,Elias Perez Avalos,abril,jueves,23,-101.166400909424,19.7110713248573
5706,5706,2017,"170401729",2017/04/07,"00:50:00",SUBIDA AL CAMELLÓN,ASFALTO,Bueno,Bueno,1,SEAT,GRIS,1,,37,MASCULINO,SIN DATOS,0,0,Morelia,Punta Monarca(Punta Altozano),abril,viernes,1,-101.168385744095,19.65222693951
5707,5707,2017,"17001867",2017/04/07,"04:00:00",COLISIÓN CONTRA OBJETO FIJO,ASFALTO,Bueno,Bueno,2,DODGE,BLANCO,2,,46,MASCULINO,ALIENTO ETÍLICO,0,0,Morelia,Vasco de Quiroga,abril,viernes,4,-101.170949935913,19.7025137149617
5708,5708,2017,"170402314",2017/04/07,"09:00:00",COLISIÓN POR ALCANCE,ASFALTO,Bueno,Bueno,2,VOLKSWAGEN,BLANCO,2,,30,MASCULINO,SIN DATOS,0,0,Morelia,Las Americas,abril,viernes,9,-101.159008741379,19.6880513492947
5709,5709,2017,"170402340",2017/04/07,"09:40:00",COLISIÓN POR CORTE DE CIRCULACIÓN,ASFALTO,Bueno,Regular,2,NAVISTAR,AMARILLO,2,,22,MASCULINO,SIN DATOS,0,0,Morelia,Centro,abril,viernes,10,-101.177891492844,19.7012738462317
5710,5710,2017,"170402525",2017/04/07,10:10:00,COLISIÓN POR ALCANCE,ASFALTO,Bueno,Bueno,2,CHRYSLER,PLATINO,2,,39,MASCULINO,SIN DATOS,0,0,Morelia,San Rafael,abril,viernes,10,-101.154760122299,19.7006071918635
5711,5711,2017,"170402755",2017/04/07,11:55:00,COLISIÓN POR CORTE DE CIRCULACIÓN,ASFALTO,Bueno,Bueno,2,FORD,PLATINO,2,,29,MASCULINO,SIN DATOS,0,0,Morelia,Jesus Romero Flores,abril,viernes,12,-101.174153834581,19.7313057630736