fid,id_accidente,anio_origen,folio_c5i,dia_incidente,hora_ocurrencia,tipo_incidente_vial,superficie_ocurrencia,condiciones_climaticas,condiciones_via,numero_vehiculos_involucrados,marca_vehiculo_ocasiona_siniestro,color_vehiculo_ocasiona_siniestro,numero_personas_involucradas,lugar_remite_presunto_responsable,edad_presunto_responsable,sexo_presunto_responsable,resultados_toxicologia,numero_personas_lesionadas,numero_personas_fallecidas,municipio,colonia,mes,dia_semana,hora_redondeada,lon,lat
5712,5712,2017,"170402786",2017/04/07,12:15:00,COLISIÓN POR ALCANCE,CONCRETO,Bueno,Bueno,2,MERCEDES BENZ,GRIS,2,MINISTERIO PÚBLICO,,,SIN DATOS,0,0,Morelia,Alberto Oviedo Mota,abril,viernes,12,-101.196699142456,19.6813134155816
5713,5713,2017,"170403808",2017/04/07,13:00:00,COLISIÓN POR CORTE DE CIRCULACIÓN,CONCRETO,Bueno,Bueno,2,CHEVROLET,PLATA,2,,,,SIN DATOS,0,0,Morelia,Valle de Altozano,abril,viernes,13,-101.164855957031,19.6655938358414
5714,5714,2017,,2017/04/07,13:20:00,COLISIÓN POR CORTE DE CIRCULACIÓN,ASFALTO,Bueno,Bueno,2,HONDA,BLANCA,1,MINISTERIO PÚBLICO,23,MASCULINO,SIN DATOS,0,0,Zacapu,Sin datos,abril,viernes,13,-101.712976098061,19.8336556108681
5715,5715,2017,"170403468",2017/04/07,13:45:00,COLISIÓN POR CORTE DE CIRCULACIÓN,CONCRETO,Bueno,Bueno,2,SIN DATOS,GRIS,1,,37,FEMENINO,SIN DATOS,0,0,Morelia,Ferrocarrilero,abril,viernes,14,-101.214047670364,19.7006930490213
5716,5716,2017,"170403726",2017/04/07,14:45:00,COLISIÓN CONTRA OBJETO FIJO,CONCRETO,Bueno,Regular,1,FREIGHTLINER,BLANCO,1,,28,,SIN DATOS,0,0,Morelia,Loma Real,abril,viernes,15,-101.198354065418,19.7313941284725
5717,5717,2017,"170404126",2017/04/07,16:00:00,COLISIÓN POR ALCANCE,ASFALTO,Bueno,Bueno,2,CHRYSLER,BLANCO,2,,,,SIN DATOS,0,0,Morelia,Nueva Valladolid,abril,viernes,16,-101.207985877991,19.7011627373632
5718,5718,2017,"170404395",2017/04/07,17:00:00,COLISIÓN POR CORTE DE CIRCULACIÓN,ASFALTO,Bueno,Bueno,2,KENWORTH,ROJO,2,,36,MASCULINO,SIN DATOS,0,0,Morelia,Sentimientos de La Nacion,abril,viernes,17,-101.232726573944,19.6779898026623
5719,5719,2017,"170404577",2017/04/07,17:35:00,COLISIÓN POR ALCANCE,CONCRETO,Bueno,Bueno,2,NISSAN,BLANCO Y ROJO,2,MINISTERIO PÚBLICO,38,MASCULINO,SIN DATOS,0,0,Morelia,Lomas de Hidalgo,abril,viernes,18,-101.158686876297,19.6956526507923
5720,5720,2017,"170405029",2017/04/07,19:10:00,COLISIÓN CONTRA OBJETO FIJO,ASFALTO,Bueno,Bueno,1,TOYOTA,BLANCO,1,,39,MASCULINO,SIN DATOS,0,0,Morelia,Sin datos,abril,viernes,19,-101.118732020259,19.7307900868776
5721,5721,2017,,2017/04/07,19:15:00,COLISIÓN CONTRA OBJETO FIJO,ASFALTO,Bueno,Bueno,1,V.W.,BLANCO,2,,,FEMENINO,SIN DATOS,1,0,Acuitzio,Sin datos,abril,viernes,19,-101.308364868164,19.4466836421751
5722,5722,2017,"170405172",2017/04/07,19:30:00,COLISIÓN POR ALCANCE,ASFALTO,Bueno,Bueno,2,VOLKSWAGEN,NEGRO,0,MINISTERIO PÚBLICO,,,,0,0,Charo,La Goleta,abril,viernes,20,-101.074883937836,19.744065220509
5723,5723,2017,"170405346",2017/04/07,20:05:00,COLISIÓN POR ALCANCE,ASFALTO,Bueno,Bueno,2,NISSAN,BLANCO Y NARANJA,2,,32,MASCULINO,SIN DATOS,0,0,Morelia,Santiaguito,abril,viernes,20,-101.188743710518,19.7165202813368
5724,5724,2017,"170405758",2017/04/07,21:35:00,COLISIÓN POR CORTE DE CIRCULACIÓN,ASFALTO,Bueno,Bueno,2,NISSAN,BLANCO Y GRIS,2,,47,MASCULINO,SIN DATOS,0,0,Morelia,Articulo Constitucional,abril,viernes,22,-101.171085387468,19.7142515887004
5725,5725,2017,"170406251",2017/04/07,23:35:00,COLISIÓN POR CORTE DE CIRCULACIÓN,ASFALTO,Bueno,Bueno,2,SEAT,AZUL,2,,29,MASCULINO,SIN DATOS,0,0,Morelia,Centro,abril,viernes,0,-101.185573339462,19.704594450668
5726,5726,2017,"170406663",2017/04/08,"05:00:00",VOLCADURA,ASFALTO,Bueno,Bueno,1,V.W.,BLANCO,0,,,,,0,0,Morelia,Avicola Benito Juarez,abril,sábado,5,-101.279515028,19.6914151591265
5727,5727,2017,"170406712",2017/04/08,"06:10:00",SUBIDA AL CAMELLÓN,ASFALTO,Bueno,Regular,1,FORD,BLANCO,1,,39,MASCULINO,ALIENTO ETÍLICO,0,0,Morelia,Comision Federal de Electricidad,abril,sábado,6,-101.181346178055,19.6814346402813
5728,5728,2017,"170402126",2017/04/08,"08:10:00",SUBIDA AL CAMELLÓN,ASFALTO,Bueno,Bueno,2,INTERNATIONAL,NARANJA,2,,31,MASCULINO,SIN DATOS,0,0,Morelia,Indeco El Vivero,abril,sábado,8,-101.231825351715,19.6777473479576
5729,5729,2017,"170406844",2017/04/08,"08:30:00",COLISIÓN POR ALCANCE,CONCRETO,Bueno,Bueno,3,ITALIKA,ROJO,3,MINISTERIO PÚBLICO,42,MASCULINO,SIN DATOS,0,0,Morelia,La Soledad,abril,sábado,9,-101.183341741562,19.7291597312338
5730,5730,2017,,2017/04/08,11:40:00,COLISIÓN POR CORTE DE CIRCULACIÓN,ASFALTO,Bueno,Bueno,2,TOYOT,BLANCO Y GRIS,2,,35,MASCULINO,SIN DATOS,0,0,Morelia,Ignacio Zaragoza,abril,sábado,12,-101.205357313156,19.725564432118
5731,5731,2017,"170407733",2017/04/08,12:30:00,COLISIÓN POR CORTE DE CIRCULACIÓN,ASFALTO,Bueno,Bueno,2,YAMAHA,NEGRO,2,,27,MASCULINO,SIN DATOS,0,0,Morelia,Chapultepec Norte,abril,sábado,13,-101.176051497459,19.6974014041337
5732,5732,2017,"170408097",2017/04/08,13:45:00,COLISIÓN POR ALCANCE,ASFALTO,Bueno,Bueno,2,DODGE,CAFE,2,,,MASCULINO,SIN DATOS,0,0,Morelia,Libertad,abril,sábado,14,-101.237651109695,19.6863542652628
5733,5733,2017,,2017/04/08,13:45:00,COLISIÓN POR ALCANCE,ASFALTO,Bueno,Bueno,2,Nissan,Blanco/Rojo,2,,,MASCULINO,SIN DATOS,0,0,Apatzingán,Centro,abril,sábado,14,-102.35799908638,19.0814952862334
5734,5734,2017,"170408424",2017/04/08,14:20:00,COLISIÓN POR CORTE DE CIRCULACIÓN,ASFALTO,Bueno,Bueno,1,FORD,VERDE,1,,26,,SIN DATOS,0,0,Morelia,Los Manantiales de Morelia,abril,sábado,14,-101.242210865021,19.6974860003812
5735,5735,2017,"170408417",2017/04/08,14:50:00,COLISIÓN CONTRA OBJETO FIJO,ASFALTO,Bueno,Bueno,2,KENWORTH,BLANCO,2,,44,,SIN DATOS,0,0,Morelia,Elias Perez Avalos,abril,sábado,15,-101.167023181915,19.7115359326508
5736,5736,2017,"170408771",2017/04/08,16:00:00,COLISIÓN POR CORTE DE CIRCULACIÓN,ASFALTO,Bueno,Bueno,2,YAMAHA,BLANCO,2,,21,,SIN DATOS,0,0,Morelia,Las Americas,abril,sábado,16,-101.158043146133,19.6878998246659
5737,5737,2017,"170408931",2017/04/08,16:15:00,COLISIÓN CONTRA OBJETO FIJO,ASFALTO,Bueno,Bueno,1,V.W.,VINO,1,,55,MASCULINO,SIN DATOS,0,0,Morelia,Sin datos,abril,sábado,16,-101.105718612671,19.7341485796841
5738,5738,2017,"170409016",2017/04/08,16:30:00,COLISIÓN POR ALCANCE,ASFALTO,Bueno,Bueno,2,PONTIAC,ROJO,2,,0,MASCULINO,SIN DATOS,0,0,Morelia,Fuentes de Valladolid,abril,sábado,17,-101.222708523273,19.6700618488124
5739,5739,2017,,2017/04/08,17:00:00,COLISIÓN POR CORTE DE CIRCULACIÓN,ASFALTO,Bueno,Bueno,2,CHRYSLER,BLANCA,4,MINISTERIO PÚBLICO,32,MASCULINO,SIN DATOS,2,0,Morelia,Lomas del Valle,abril,sábado,17,-101.230798324978,19.6843164695658
5740,5740,2017,,2017/04/08,18:00:00,COLISIÓN POR CORTE DE CIRCULACIÓN,ASFALTO,Bueno,Bueno,2,NISSAN,GRIS,1,,40,FEMENINO,SIN DATOS,0,0,Quiroga,Centro,abril,sábado,18,-101.51620388031,19.6633206327781
5741,5741,2017,"170409972",2017/04/08,19:55:00,COLISIÓN POR CORTE DE CIRCULACIÓN,TERRACERIA,Bueno,Bueno,2,CHEVROLET,GRIS Y AZUL,2,,66,MASCULINO,SIN DATOS,0,0,Morelia,Cd Satelite,abril,sábado,20,-101.163659691811,19.732714554183
5742,5742,2017,"170409877",2017/04/08,20:30:00,COLISIÓN CONTRA OBJETO FIJO,ASFALTO,Bueno,Bueno,1,RENAULT,GRIS,1,,20,MASCULINO,SIN DATOS,0,0,Morelia,La Soledad,abril,sábado,21,-101.183245182037,19.7293920090124
5743,5743,2017,"170410330",2017/04/08,22:40:00,SALIDA DE SUPERFICIE DE RODAMIENTO,ASFALTO,Bueno,Bueno,2,NISSAN,BLANCO,2,,42,,SIN DATOS,0,0,Morelia,La Soledad,abril,sábado,23,-101.183395385742,19.7281498239226
5744,5744,2017,"170410469",2017/04/08,23:30:00,CAIDA DE MOTOCICLETA,CONCRETO,Bueno,Bueno,1,SIN DATOS,SIN DATOS,2,,,,SIN DATOS,1,0,Morelia,Unidos Santa Cruz,abril,sábado,0,-101.215743497014,19.7221792477238
5745,5745,2017,"170410849",2017/04/09,"02:35:00",COLISIÓN POR ALCANCE,ASFALTO,Bueno,Bueno,2,BMW,BLANCO,2,MINISTERIO PÚBLICO,23,MASCULINO,SIN DATOS,0,0,Morelia,Vasco de Quiroga,abril,domingo,3,-101.171180605888,19.6988799380804
5746,5746,2017,"170410916",2017/04/09,"03:10:00",VOLCADURA,ASFALTO,Bueno,Bueno,1,TOYOTA,GRIS Y AZUL,1,,28,MASCULINO,SIN DATOS,0,0,Morelia,Diego Rivera,abril,domingo,3,-101.175928115845,19.7182624942287
5747,5747,2017,"170410958",2017/04/09,"04:10:00",COLISIÓN POR ALCANCE,ASFALTO,Bueno,Bueno,2,NISSAN,BLANCO Y ROJO,2,MINISTERIO PÚBLICO,,MASCULINO,SIN DATOS,0,0,Morelia,Asociacion Zirahuen,abril,domingo,4,-101.250193119049,19.6987183227375
5748,5748,2017,"170411008",2017/04/09,"05:55:00",COLISIÓN CONTRA OBJETO FIJO,CONCRETO,Bueno,Bueno,1,CHEVROLET,BLANCO Y AZUL,1,,,,SIN DATOS,0,0,Morelia,Clara Cordova Moran,abril,domingo,6,-101.177043914795,19.7346383671344
5749,5749,2017,"170411051",2017/04/09,"07:00:00",COLISIÓN CONTRA OBJETO FIJO,ASFALTO,Bueno,Bueno,2,V.W.,NEGRO,2,,,,SIN DATOS,0,0,Morelia,Vasco de Quiroga,abril,domingo,7,-101.173741444945,19.7027315116844
5750,5750,2017,"170411453",2017/04/09,"09:30:00",COLISIÓN POR ALCANCE,ASFALTO,Bueno,Bueno,2,NISSAN,CAPUCCIONO,2,,26,MASCULINO,SIN DATOS,0,0,Morelia,Sentimientos de La Nacion,abril,domingo,10,-101.235473155975,19.6814447423355
5751,5751,2017,"170411211",2017/04/09,"09:30:00",COLISIÓN POR CORTE DE CIRCULACIÓN,ASFALTO,Bueno,Bueno,1,NISSAN,ROJO,1,,25,FEMENINO,SIN DATOS,0,0,Morelia,Los Manantiales de Morelia,abril,domingo,10,-101.242232322693,19.6975668086953
5752,5752,2017,"170411437",2017/04/09,"09:30:00",COLISIÓN POR CORTE DE CIRCULACIÓN,CONCRETO,Bueno,Bueno,2,ITALIKA,NEGRO Y ROJO,2,,22,MASCULINO,SIN DATOS,0,0,Morelia,Ferrocarrilero,abril,domingo,10,-101.221729516983,19.6935162417203
5753,5753,2017,"170411583",2017/04/09,10:34:00,COLISIÓN POR ALCANCE,ASFALTO,Bueno,Bueno,2,INTERNATIONAL,ROJO,2,,31,,SIN DATOS,0,0,Morelia,Fidel Velazquez,abril,domingo,11,-101.237618923187,19.7067584880996
5754,5754,2017,"170411699",2017/04/09,11:00:00,COLISIÓN CONTRA OBJETO FIJO,TERRACERIA,Bueno,Regular,2,DODGE,AZUL,2,,42,MASCULINO,SIN DATOS,0,0,Morelia,El Eden,abril,domingo,11,-101.247661113739,19.648933035877
5755,5755,2017,"170412203",2017/04/09,12:30:00,COLISIÓN CONTRA OBJETO FIJO,ASFALTO,Bueno,Bueno,2,LINCON,NEGRO,2,,29,FEMENINO,SIN DATOS,0,0,Morelia,Eva Samano,abril,domingo,13,-101.199209690094,19.7308058664676
5756,5756,2017,"170412714",2017/04/09,13:30:00,COLISIÓN POR CORTE DE CIRCULACIÓN,CONCRETO,Bueno,Bueno,3,DODGE,BLANCO,3,,40,,SIN DATOS,0,0,Morelia,El Lago 3,abril,domingo,14,-101.220058500767,19.7273747157314
5757,5757,2017,,2017/04/09,13:45:00,COLISIÓN POR CORTE DE CIRCULACIÓN,ADOQUIN_EMPEDRADO,Bueno,Bueno,2,JEEP,ROJO,1,,32,,SIN DATOS,0,0,Cuitzeo,El Embarcadero,abril,domingo,14,-101.141477823257,19.9654935331486
5758,5758,2017,"170412490",2017/04/09,13:55:00,COLISIÓN POR CORTE DE CIRCULACIÓN,ASFALTO,Bueno,Regular,2,VENTO,NEGRO,2,,19,MASCULINO,SIN DATOS,0,0,Morelia,El Lago 1,abril,domingo,14,-101.212159395218,19.7266248517856
5759,5759,2017,"170413204",2017/04/09,18:20:00,COLISIÓN CONTRA OBJETO FIJO,ASFALTO,Bueno,Malo,3,NISSAN,AZUL,3,,37,MASCULINO,ALIENTO ETÍLICO,0,0,Morelia,Ciudad Industrial,abril,domingo,18,-101.145576238632,19.7284426977
5760,5760,2017,"170413650",2017/04/09,18:45:00,COLISIÓN POR CORTE DE CIRCULACIÓN,ASFALTO,Bueno,Bueno,2,FORD,ROJO,2,,62,MASCULINO,SIN DATOS,0,0,Morelia,Fidel Velazquez,abril,domingo,19,-101.237019791044,19.7059433506455
5761,5761,2017,"170413516",2017/04/09,18:46:00,COLISIÓN POR ALCANCE,SIN_DATOS,Bueno,Bueno,3,VW,AZUL,3,MINISTERIO PÚBLICO,33,MASCULINO,SIN DATOS,0,0,Morelia,Santiaguito,abril,domingo,19,-101.189156770706,19.7153638454845
5762,5762,2017,"170414012",2017/04/09,20:05:00,COLISIÓN POR CORTE DE CIRCULACIÓN,CONCRETO,Bueno,Bueno,2,SIN DATOS,SIN DATOS,2,,,,SIN DATOS,0,0,Morelia,Colinas del Sur,abril,domingo,20,-101.197790801525,19.6615752961109
5763,5763,2017,"170414375",2017/04/09,21:20:00,COLISIÓN POR ALCANCE,CONCRETO,Bueno,Regular,2,CHEVROLET,GRIS,2,,28,FEMENINO,SIN DATOS,0,0,Morelia,Villas del Pedregal,abril,domingo,21,-101.305604875088,19.6835888889145
5764,5764,2017,"170414703",2017/04/09,23:00:00,COLISIÓN CON PEATÓN,ASFALTO,Bueno,Bueno,1,VOLKSWAGEN,NEGRO,1,MINISTERIO PÚBLICO,,,SIN DATOS,0,0,Morelia,El Eden,abril,domingo,23,-101.247746944427,19.6487713701543
5765,5765,2017,"170414798",2017/04/09,23:30:00,COLISIÓN POR CORTE DE CIRCULACIÓN,ASFALTO,Bueno,Bueno,2,PULSAR,NEGRO,2,,21,,SIN DATOS,0,0,Tarímbaro,Sin datos,abril,domingo,0,-101.131682395935,19.7764970167036
5767,5767,2017,"170415254",2017/04/10,"08:00:00",COLISIÓN POR CORTE DE CIRCULACIÓN,ASFALTO,Bueno,Bueno,1,CHEVROLET,VERDE,1,,,FEMENINO,SIN DATOS,0,0,Morelia,Trinidad Salgado,abril,lunes,8,-101.231760978699,19.7031222824524
5768,5768,2017,,2017/04/10,"08:30:00",SUBIDA AL CAMELLÓN,ASFALTO,Bueno,Bueno,1,VOLKSWAGEN,ROJO,0,,,,,0,0,Lázaro Cárdenas,Jose Green,abril,lunes,9,-102.201572656631,17.9654865615602
5769,5769,2017,"170475343",2017/04/10,"08:30:00",SUBIDA AL CAMELLÓN,ASFALTO,Bueno,Bueno,1,CHEVROLET,NEGRO,1,,20,MASCULINO,SIN DATOS,0,0,Morelia,La Soledad,abril,lunes,9,-101.183255910873,19.7297151775339
5770,5770,2017,"170415797",2017/04/10,11:20:00,COLISIÓN POR ALCANCE,CONCRETO,Bueno,Bueno,2,CHEVROLET,ROJO,2,MINISTERIO PÚBLICO,32,MASCULINO,SIN DATOS,0,0,Morelia,Precursores de La Revolucion,abril,lunes,11,-101.176378726959,19.7255745313861
5771,5771,2017,"170416611",2017/04/10,12:51:00,COLISIÓN POR ALCANCE,CONCRETO,Bueno,Bueno,2,HONDA,ROJO,2,,32,,SIN DATOS,0,0,Morelia,Matamoros,abril,lunes,13,-101.164534091949,19.6960415448842
5772,5772,2017,,2017/04/10,13:40:00,COLISIÓN POR CORTE DE CIRCULACIÓN,ASFALTO,Bueno,Bueno,2,CHEVROLET,BLANCO Y VERDE,2,,,MASCULINO,SIN DATOS,0,0,Morelia,Alberto Oviedo Mota,abril,lunes,14,-101.198759078979,19.6811921907902
5773,5773,2017,,2017/04/10,15:00:00,COLISIÓN POR CORTE DE CIRCULACIÓN,CONCRETO,Bueno,Bueno,2,TOYOTA,ROJO,2,,36,,SIN DATOS,0,0,Morelia,Centro,abril,lunes,15,-101.178181171417,19.6990920579702
5774,5774,2017,,2017/04/10,16:00:00,COLISIÓN POR CORTE DE CIRCULACIÓN,ASFALTO,Bueno,Bueno,2,HONDA,BLANCO,2,,27,,SIN DATOS,0,0,Morelia,Villas del Real,abril,lunes,16,-101.198732256889,19.734820143538
5775,5775,2017,,2017/04/10,18:10:00,COLISIÓN POR MANIOBRA DE REVERSA,CONCRETO,Bueno,Bueno,2,Nissan,Gris,2,,,MASCULINO,SIN DATOS,0,0,Apatzingán,22 de Octubre,abril,lunes,18,-102.343246936798,19.0917052820984
5776,5776,2017,"170418222",2017/04/10,19:10:00,COLISIÓN POR ALCANCE,ASFALTO,Bueno,Bueno,2,NISSAN,NEGRO,2,,36,MASCULINO,SIN DATOS,0,0,Morelia,Alberto Oviedo Mota,abril,lunes,19,-101.195594072342,19.6861825355195
5777,5777,2017,,2017/04/10,19:55:00,COLISIÓN CON PEATÓN,ASFALTO,Bueno,Bueno,1,CHRYSLER,BLANCO,1,MINISTERIO PÚBLICO,,,,1,0,Lázaro Cárdenas,Lirios,abril,lunes,20,-102.208058238029,17.9679971519997
5778,5778,2017,"170418562",2017/04/10,20:00:00,COLISIÓN POR ALCANCE,ASFALTO,Bueno,Bueno,2,SEAT,GRIS,2,,,MASCULINO,SIN DATOS,0,0,Morelia,Villas del Carmen,abril,lunes,20,-101.209230422974,19.6775756089865
5779,5779,2017,"170419471",2017/04/10,23:40:00,SALIDA DE SUPERFICIE DE RODAMIENTO,CONCRETO,Bueno,Bueno,2,SEAT,NEGRO,2,,,,SIN DATOS,0,0,Morelia,Felix Ireta,abril,lunes,0,-101.187270507216,19.6836356102813
5780,5780,2017,"170419848",2017/04/11,"06:30:00",COLISIÓN CONTRA OBJETO FIJO,ASFALTO,Bueno,Bueno,2,FORD,BLANCO,2,,23,MASCULINO,SIN DATOS,0,0,Morelia,San Jose Itzicuaro,abril,martes,7,-101.300296783447,19.6878089098199
5781,5781,2017,"1702420279",2017/04/11,10:15:00,CAIDA DE MOTOCICLETA,CONCRETO,Bueno,Bueno,1,ITALIKA,NEGRO,1,,21,MASCULINO,SIN DATOS,0,0,Morelia,Elias Perez Avalos,abril,martes,10,-101.166400909424,19.7110713248573
5782,5782,2017,"170420884",2017/04/11,11:50:00,COLISIÓN POR CORTE DE CIRCULACIÓN,CONCRETO,Bueno,Bueno,2,NISSAN,BLANCO Y CAFE,2,,,MASCULINO,SIN DATOS,0,0,Morelia,Lomas del Punhuato,abril,martes,12,-101.143752336502,19.7028571392244
5783,5783,2017,"170420673",2017/04/11,12:00:00,COLISIÓN POR CORTE DE CIRCULACIÓN,CONCRETO,Bueno,Bueno,2,CHRYSLER,PLATA,2,,30,MASCULINO,SIN DATOS,0,0,Morelia,Independencia,abril,martes,12,-101.176258027554,19.7124802943317
5784,5784,2017,"170420693",2017/04/11,12:20:00,COLISIÓN POR CORTE DE CIRCULACIÓN,ASFALTO,Bueno,Bueno,2,ITALIKA,NEGRO,2,,,,SIN DATOS,0,0,Morelia,Fray Antonio de San Miguel Iglesias,abril,martes,12,-101.148749291897,19.6868416736784
5785,5785,2017,,2017/04/11,12:40:00,COLISIÓN POR CORTE DE CIRCULACIÓN,CONCRETO,Bueno,Bueno,2,V.W.,ROJO,2,,51,MASCULINO,SIN DATOS,0,0,Morelia,Las Americas,abril,martes,13,-101.156423091888,19.6878493164245
5786,5786,2017,"170421262",2017/04/11,14:00:00,COLISIÓN POR CORTE DE CIRCULACIÓN,ASFALTO,Bueno,Regular,2,JEEP,AZUL,2,,52,MASCULINO,SIN DATOS,0,0,Morelia,Ana Maria Gallaga (Riviera Norte),abril,martes,14,-101.221311092377,19.6771614142399
5787,5787,2017,"170422658",2017/04/11,18:55:00,COLISIÓN POR ALCANCE,ASFALTO,Bueno,Regular,2,CHEVROLET,ROJO,2,,24,,SIN DATOS,0,0,Morelia,Ricardo Flores Magon,abril,martes,19,-101.242532730103,19.7057282382241
5788,5788,2017,"170423682",2017/04/11,22:20:00,COLISIÓN POR ALCANCE,ASFALTO,Bueno,Bueno,2,SIN DATOS,GRIS,2,MINISTERIO PÚBLICO,,,SIN DATOS,0,0,Morelia,Ferrocarrilero,abril,martes,22,-101.216654777527,19.698374889592
5789,5789,2017,,2017/04/11,23:30:00,COLISIÓN POR CORTE DE CIRCULACIÓN,CONCRETO,Bueno,Bueno,2,Ford,Arena,2,,76,MASCULINO,ALIENTO ETÍLICO,0,0,Apatzingán,22 de Octubre,abril,martes,0,-102.346819639206,19.0867980736843
5790,5790,2017,"170424015",2017/04/12,"00:20:00",COLISIÓN POR CORTE DE CIRCULACIÓN,CONCRETO,Bueno,Regular,2,SIN DATOS,NEGRO,1,,61,MASCULINO,SIN DATOS,0,0,Morelia,Ignacio Lopez Rayon,abril,miércoles,0,-101.252719759941,19.6910666595878
5791,5791,2017,,2017/04/12,"01:30:00",SUBIDA AL CAMELLÓN,ASFALTO,Bueno,Bueno,1,FORD,BLANCO Y NEGRO,1,,47,MASCULINO,SIN DATOS,0,0,Cuitzeo,Centro,abril,miércoles,2,-101.139788031578,19.9684481222167
5792,5792,2017,"170428322",2017/04/12,"09:50:00",COLISIÓN POR CORTE DE CIRCULACIÓN,CONCRETO,Bueno,Bueno,2,KENWORTH,BLANCO,2,,38,MASCULINO,SIN DATOS,0,0,Morelia,Elias Perez Avalos,abril,miércoles,10,-101.167430877686,19.7130812488612
5793,5793,2017,"170425290",2017/04/12,13:10:00,COLISIÓN CON PEATÓN,ASFALTO,Bueno,Bueno,1,BAJAJ,ROJO,2,,,MASCULINO,SIN DATOS,1,0,Morelia,Ventura Puente,abril,miércoles,13,-101.190626621246,19.6930818855607
5794,5794,2017,"170426504",2017/04/12,16:27:00,COLISIÓN CONTRA OBJETO FIJO,ASFALTO,Bueno,Bueno,3,INTERNATIONAL,VERDE,3,,44,MASCULINO,SIN DATOS,0,0,Morelia,El Lago 2,abril,miércoles,16,-101.211231350899,19.7228729544135
5795,5795,2017,"170426881",2017/04/12,16:30:00,COLISIÓN POR CORTE DE CIRCULACIÓN,ASFALTO,Bueno,Bueno,2,NISSAN,TITANIO,2,,19,MASCULINO,SIN DATOS,0,0,Morelia,Las Americas,abril,miércoles,17,-101.158998012543,19.6880917558381
5796,5796,2017,"170426756",2017/04/12,16:40:00,COLISIÓN POR CORTE DE CIRCULACIÓN,ASFALTO,Bueno,Bueno,3,MERCEDES BENZ,AMARILLO,3,,,,SIN DATOS,0,0,Morelia,Lomas de Las Americas Norte,abril,miércoles,17,-101.149213314056,19.6947283922111
5797,5797,2017,"170426969",2017/04/12,17:30:00,SUBIDA AL CAMELLÓN,ASFALTO,Bueno,Bueno,1,CHEVROLET,BLANCO,1,,38,MASCULINO,SIN DATOS,0,0,Morelia,Loma de Los Piñones,abril,miércoles,18,-101.205051541328,19.6741054321024
5798,5798,2017,"170428716",2017/04/12,17:30:00,COLISIÓN POR ALCANCE,ASFALTO,Bueno,Bueno,2,V.W.,BLANCO,2,,34,MASCULINO,SIN DATOS,0,0,Morelia,Alberto Oviedo Mota,abril,miércoles,18,-101.201924085617,19.6779392912957
5799,5799,2017,"170427045",2017/04/12,17:55:00,COLISIÓN POR CORTE DE CIRCULACIÓN,ASFALTO,Bueno,Bueno,2,DINA,AZUL,2,,46,MASCULINO,SIN DATOS,0,0,Morelia,Lomas del Tecnologico,abril,miércoles,18,-101.188277006149,19.7212317872258
5800,5800,2017,,2017/04/12,19:00:00,COLISIÓN CON PEATÓN,ADOQUIN_EMPEDRADO,Bueno,Bueno,1,CHEVROLET,BLANCO,1,,32,MASCULINO,SIN DATOS,0,0,Pátzcuaro,Centro,abril,miércoles,19,-101.607087850571,19.5141889334651
5801,5801,2017,"170427442",2017/04/12,19:25:00,COLISIÓN POR CORTE DE CIRCULACIÓN,ASFALTO,Bueno,Bueno,2,FORD,BLANCO,2,,21,MASCULINO,SIN DATOS,0,0,Morelia,Chapultepec Oriente,abril,miércoles,19,-101.159437894821,19.690788869557
5802,5802,2017,LEG6186,2017/04/12,22:38:00,COLISIÓN POR CORTE DE CIRCULACIÓN,CONCRETO,Bueno,Bueno,2,INTERNATIONAL,BLANCO,2,,26,MASCULINO,SIN DATOS,0,0,Morelia,Villas del Pedregal,abril,miércoles,23,-101.30554318428,19.6835484812349
5803,5803,2017,,2017/04/13,"00:00:00",COLISIÓN POR CORTE DE CIRCULACIÓN,ASFALTO,Bueno,Bueno,2,MITSUBISHI,BLANCO,2,,,MASCULINO,SIN DATOS,0,0,Pátzcuaro,Centro,abril,jueves,0,-101.613863110542,19.5085005190723
5804,5804,2017,"170428529",2017/04/13,"00:20:00",CAIDA DE MOTOCICLETA,ASFALTO,Bueno,Bueno,1,BAJAJ,ROJO,1,,44,MASCULINO,SIN DATOS,0,0,Morelia,Ampliacion La Soledad,abril,jueves,0,-101.183003783226,19.732840789339
5805,5805,2017,"170428589",2017/04/13,"01:35:00",COLISIÓN CONTRA OBJETO FIJO,CONCRETO,Bueno,Bueno,2,GM,ARENA,2,,53,MASCULINO,SIN DATOS,0,0,Morelia,Ampliacion La Soledad,abril,jueves,2,-101.183526813984,19.7355018032086
5806,5806,2017,,2017/04/13,"02:50:00",COLISIÓN POR CORTE DE CIRCULACIÓN,ASFALTO,Bueno,Bueno,2,SIN DATOS,SIN DATO,2,,,,SIN DATOS,0,0,Morelia,Chapultepec Sur,abril,jueves,3,-101.171164512634,19.6908747319816
5807,5807,2017,,2017/04/13,"04:55:00",SALIDA DE SUPERFICIE DE RODAMIENTO,ASFALTO,Bueno,Bueno,1,NISSAN,ROJO,0,MINISTERIO PÚBLICO,,,,0,0,Quiroga,Centro,abril,jueves,5,-101.526707410812,19.6667960946529
5809,5809,2017,"170428858",2017/04/13,"08:30:00",COLISIÓN POR CORTE DE CIRCULACIÓN,ASFALTO,Bueno,Bueno,2,MB,BLANCO,2,,19,MASCULINO,SIN DATOS,0,0,Morelia,Ricardo Flores Magon,abril,jueves,9,-101.242795586586,19.705523702533