fid,id_accidente,anio_origen,folio_c5i,dia_incidente,hora_ocurrencia,tipo_incidente_vial,superficie_ocurrencia,condiciones_climaticas,condiciones_via,numero_vehiculos_involucrados,marca_vehiculo_ocasiona_siniestro,color_vehiculo_ocasiona_siniestro,numero_personas_involucradas,lugar_remite_presunto_responsable,edad_presunto_responsable,sexo_presunto_responsable,resultados_toxicologia,numero_personas_lesionadas,numero_personas_fallecidas,municipio,colonia,mes,dia_semana,hora_redondeada,lon,lat
5810,5810,2017,"170429679",2017/04/13,11:50:00,COLISIÓN POR ALCANCE,ASFALTO,Bueno,Bueno,2,MERCEDES BENZ,BLANCO,2,,18,MASCULINO,SIN DATOS,0,0,Morelia,Alberto Oviedo Mota,abril,jueves,12,-101.201918721199,19.6778837287742
5811,5811,2017,"1704304182",2017/04/13,13:15:00,COLISIÓN CONTRA OBJETO FIJO,ASFALTO,Bueno,Bueno,2,FORD,GRIS,2,,54,MASCULINO,SIN DATOS,0,0,Morelia,Alberto Oviedo Mota,abril,jueves,13,-101.201913356781,19.6778736264954
5812,5812,2017,,2017/04/13,15:00:00,COLISIÓN CONTRA OBJETO FIJO,ASFALTO,Bueno,Bueno,1,DODGE,BLANCO,1,,42,MASCULINO,SIN DATOS,0,0,Puruándiro,Los Lemus,abril,jueves,15,-101.52802169323,20.094314512356
5813,5813,2017,"170430599",2017/04/13,15:35:00,COLISIÓN POR CORTE DE CIRCULACIÓN,ASFALTO,Nublado,Bueno,2,SEAT,GRIS,2,,21,MASCULINO,SIN DATOS,0,0,Morelia,Las Americas,abril,jueves,16,-101.155816912651,19.6889907987925
5814,5814,2017,"170430700",2017/04/13,16:20:00,COLISIÓN POR CORTE DE CIRCULACIÓN,ASFALTO,Bueno,Bueno,2,V.W.,GRIS,2,,31,FEMENINO,SIN DATOS,0,0,Morelia,Jardines del Toreo,abril,jueves,16,-101.214294433594,19.6880715525677
5815,5815,2017,"170431296",2017/04/13,18:15:00,COLISIÓN POR ALCANCE,CONCRETO,Bueno,Bueno,2,FHRYSLAR,ROJO,2,MINISTERIO PÚBLICO,,,SIN DATOS,0,0,Morelia,Lomas de Vista Bella,abril,jueves,18,-101.196602582932,19.6741635215625
5816,5816,2017,"170431858",2017/04/13,19:20:00,COLISIÓN POR ALCANCE,CONCRETO,Bueno,Bueno,2,ITALIKA,NEGRO Y ROJO,2,,30,MASCULINO,SIN DATOS,0,0,Morelia,Primo Tapia,abril,jueves,19,-101.212610006332,19.7156769424799
5817,5817,2017,,2017/04/13,20:30:00,COLISIÓN POR ALCANCE,CONCRETO,Bueno,Bueno,3,HONDA,BLANCO,6,MINISTERIO PÚBLICO,29,MASCULINO,SIN DATOS,3,0,Morelia,Camelinas,abril,jueves,21,-101.16611123085,19.6842530886866
5818,5818,2017,,2017/04/13,20:33:00,COLISIÓN POR CORTE DE CIRCULACIÓN,ASFALTO,Bueno,Bueno,2,Nissan,Blanco/Amarillo,3,,58,MASCULINO,ALIENTO ETÍLICO,1,0,Apatzingán,Lazaro Cardenas,abril,jueves,21,-102.349630594254,19.0982851741626
5819,5819,2017,"170432187",2017/04/13,21:10:00,COLISIÓN POR CORTE DE CIRCULACIÓN,ASFALTO,Nublado,Regular,2,CHEVROLET,ROJO,2,,40,FEMENINO,SIN DATOS,0,0,Morelia,Villas de La Esperanza,abril,jueves,21,-101.275786757469,19.6925919708034
5820,5820,2017,"170432900",2017/04/13,23:25:00,COLISIÓN POR CORTE DE CIRCULACIÓN,CONCRETO,Bueno,Bueno,2,NISSAN,BLANCO,0,MINISTERIO PÚBLICO,,,,0,0,Lagunillas,Francisco Villa (Ferrocarriles),abril,jueves,23,-101.417412757874,19.5658659536744
5821,5821,2017,,2017/04/14,"03:20:00",COLISIÓN CONTRA OBJETO FIJO,CONCRETO,Bueno,Bueno,1,Honda,Blanco,1,,24,MASCULINO,SIN DATOS,0,0,Apatzingán,Aviacion,abril,viernes,3,-102.355488538742,19.0930435864212
5822,5822,2017,,2017/04/14,"04:20:00",COLISIÓN CONTRA OBJETO FIJO,ASFALTO,Bueno,Bueno,1,Volks Wagen,Gris,1,,,,SIN DATOS,0,0,Apatzingán,Centro,abril,viernes,4,-102.353181838989,19.0876700263011
5823,5823,2017,"170433030",2017/04/14,"06:55:00",COLISIÓN POR CORTE DE CIRCULACIÓN,ASFALTO,Bueno,Bueno,2,CHEVROLET,NEGRO,2,,39,MASCULINO,ALIENTO ETÍLICO,0,0,Morelia,Lomas de Las Americas Norte,abril,viernes,7,-101.148548126221,19.6948193031279
5824,5824,2017,"170433061",2017/04/14,"07:20:00",COLISIÓN POR CORTE DE CIRCULACIÓN,ASFALTO,Bueno,Bueno,1,TOYOTA,GRIS,1,,32,MASCULINO,ALIENTO ETÍLICO,0,0,Morelia,Chapultepec Norte,abril,viernes,7,-101.168369650841,19.6950112260048
5825,5825,2017,,2017/04/14,10:00:00,SALIDA DE SUPERFICIE DE RODAMIENTO,ASFALTO,Bueno,Bueno,1,NISSAN,BLANCO,1,,,MASCULINO,SIN DATOS,0,0,Zinapécuaro,Sin datos,abril,viernes,10,-100.834879875183,19.8161291587407
5826,5826,2017,"170014895",2017/04/14,12:40:00,COLISIÓN CON PEATÓN,ASFALTO,Nublado,Regular,2,CHEVROLET,GRIS,2,,83,FEMENINO,SIN DATOS,0,0,Morelia,Cuauhtemoc,abril,viernes,13,-101.182923316956,19.6943950517412
5827,5827,2017,"170434247",2017/04/14,13:55:00,COLISIÓN POR CORTE DE CIRCULACIÓN,ASFALTO,Bueno,Bueno,2,V.W.,BLANCO,2,,44,MASCULINO,SIN DATOS,0,0,Morelia,Lomas de Las Americas Norte,abril,viernes,14,-101.149245500565,19.6947283922111
5828,5828,2017,,2017/04/14,15:00:00,COLISIÓN POR ALCANCE,ASFALTO,Bueno,Bueno,2,INTERNATIONAL,BLANCO Y AZUL,2,,49,,SIN DATOS,0,0,Morelia,Alberto Oviedo Mota,abril,viernes,15,-101.195561885834,19.686859351676
5829,5829,2017,"170435052",2017/04/14,16:25:00,COLISIÓN POR CORTE DE CIRCULACIÓN,ASFALTO,Bueno,Bueno,2,YAMAHA,BLANCO,2,,21,MASCULINO,SIN DATOS,0,0,Morelia,Lomas del Valle,abril,viernes,16,-101.228907108307,19.6887685639251
5830,5830,2017,"170435138",2017/04/14,17:25:00,COLISIÓN CONTRA OBJETO FIJO,ASFALTO,Bueno,Bueno,1,NISSAN,PLATA,1,,60,MASCULINO,SIN DATOS,0,0,Morelia,Sentimientos de La Nacion,abril,viernes,17,-101.23379945755,19.6784646087295
5831,5831,2017,,2017/04/14,18:30:00,COLISIÓN CON PEATÓN,TERRACERIA,Bueno,Bueno,2,VOLKSWAGEN,GRIS,2,MINISTERIO PÚBLICO,33,FEMENINO,SIN DATOS,0,0,Cuitzeo,San Agustin del Pulque,abril,viernes,19,-101.075141429901,19.9615102964554
5832,5832,2017,,2017/04/14,20:30:00,COLISIÓN CONTRA OBJETO FIJO,ASFALTO,Bueno,Bueno,1,NISSAN,BLANCO,0,,,,,0,0,Lázaro Cárdenas,Ejido Melchor Ocampo,abril,viernes,21,-102.20348238945,17.9655248330237
5833,5833,2017,,2017/04/15,"00:00:00",COLISIÓN POR ALCANCE,ASFALTO,Bueno,Bueno,2,RENAULT,GRIS,2,,51,MASCULINO,SIN DATOS,0,0,Morelia,El Eden,abril,sábado,0,-101.247596740723,19.6489532440809
5834,5834,2017,"170436978",2017/04/15,"01:45:00",COLISIÓN CONTRA OBJETO FIJO,ASFALTO,Bueno,Bueno,4,NISSAN,AMARILLO,4,,23,MASCULINO,ALIENTO ETÍLICO,0,0,Morelia,Ventura Puente,abril,sábado,2,-101.182989031076,19.6919303309681
5835,5835,2017,"170437076",2017/04/15,"03:20:00",COLISIÓN POR CORTE DE CIRCULACIÓN,ASFALTO,Bueno,Bueno,1,SEAT,GRIS,1,,21,MASCULINO,SIN DATOS,0,0,Morelia,Hospitales de Don Vasco,abril,sábado,3,-101.156074404716,19.7015869708096
5836,5836,2017,"170437102",2017/04/15,"03:55:00",COLISIÓN CONTRA OBJETO FIJO,ASFALTO,Bueno,Bueno,1,DODGE,ROJO,1,MINISTERIO PÚBLICO,,,SIN DATOS,0,0,Morelia,Victor Manuel Tinoco Rubi,abril,sábado,4,-101.244598031044,19.7031727858746
5837,5837,2017,"170437262",2017/04/15,"06:50:00",VOLCADURA,ASFALTO,Bueno,Bueno,1,VOLKSWAGEN,ROJO,1,,,,SIN DATOS,0,0,Morelia,Sentimientos de La Nacion,abril,sábado,7,-101.234448552132,19.6791162019992
5838,5838,2017,"170437323",2017/04/15,"08:00:00",SUBIDA AL CAMELLÓN,CONCRETO,Bueno,Bueno,1,NISSAN,AZUL,1,,,,SIN DATOS,0,0,Morelia,Las Flores,abril,sábado,8,-101.206279993057,19.7024354343281
5839,5839,2017,"170437394",2017/04/15,"08:30:00",COLISIÓN POR ALCANCE,ASFALTO,Bueno,Bueno,2,BMW,BLANCO,2,,28,MASCULINO,SIN DATOS,0,0,Morelia,Gertrudis Bocanegra,abril,sábado,9,-101.207331418991,19.7023142255295
5840,5840,2017,,2017/04/15,"09:30:00",COLISIÓN POR CORTE DE CIRCULACIÓN,ASFALTO,Bueno,Bueno,2,TOYOTA,BLANCO,2,,47,MASCULINO,SIN DATOS,0,0,Lázaro Cárdenas,Centro,abril,sábado,10,-102.1927267313,17.9566277704987
5841,5841,2017,,2017/04/15,11:53:00,COLISIÓN POR CORTE DE CIRCULACIÓN,ASFALTO,Bueno,Bueno,2,Volks Wagen,Gris,2,,29,FEMENINO,SIN DATOS,0,0,Apatzingán,Bellavista,abril,sábado,12,-102.345070838928,19.0724406123897
5842,5842,2017,,2017/04/15,13:30:00,COLISIÓN POR CORTE DE CIRCULACIÓN,ASFALTO,Bueno,Bueno,2,OISA,AZUL,2,,33,MASCULINO,SIN DATOS,0,0,Acuitzio,Sin datos,abril,sábado,14,-101.344585418701,19.5166766037922
5843,5843,2017,,2017/04/15,13:40:00,COLISIÓN POR CORTE DE CIRCULACIÓN,ASFALTO,Bueno,Bueno,2,CHEVROLET,BLANCO,4,,,MASCULINO,SIN DATOS,3,0,Acuitzio,Centro,abril,sábado,14,-101.332783699036,19.4927691155722
5844,5844,2017,"170438410",2017/04/15,14:00:00,COLISIÓN CONTRA OBJETO FIJO,ASFALTO,Bueno,Bueno,2,NISSAN,NEGRO,2,,59,MASCULINO,ALIENTO ETÍLICO,0,0,Morelia,Vasco de Quiroga,abril,sábado,14,-101.17213010788,19.6999733625968
5845,5845,2017,"170438874",2017/04/15,16:00:00,COLISIÓN POR ALCANCE,ASFALTO,Nublado,Regular,3,INTERNATIONAL,BLANCO,3,,61,MASCULINO,SIN DATOS,0,0,Morelia,Plan de La Garita,abril,sábado,16,-101.188277006149,19.7126671459819
5846,5846,2017,"170438954",2017/04/15,16:30:00,COLISIÓN CONTRA OBJETO FIJO,ASFALTO,Bueno,Bueno,2,FORD,VERDE,2,,34,MASCULINO,SIN DATOS,0,0,Morelia,Buenavista,abril,sábado,17,-101.162678003311,19.7064352731667
5847,5847,2017,"170439042",2017/04/15,16:54:00,COLISIÓN POR CORTE DE CIRCULACIÓN,CONCRETO,Bueno,Bueno,2,TOYOTA,BLANCO Y GRIS,2,,34,MASCULINO,SIN DATOS,0,0,Morelia,Arboledas de Valladolid,abril,sábado,17,-101.250372827053,19.6951198138464
5848,5848,2017,"170439225",2017/04/15,17:20:00,COLISIÓN POR ALCANCE,CONCRETO,Nublado,Bueno,4,VOLKSWAGEN,BEIGE,4,MINISTERIO PÚBLICO,17,MASCULINO,SIN DATOS,0,0,Morelia,Centro,abril,sábado,17,-101.195256114006,19.6987839789902
5849,5849,2017,"170439638",2017/04/15,19:10:00,SUBIDA AL CAMELLÓN,ASFALTO,Bueno,Bueno,1,CHRYSLER,AZUL,1,MINISTERIO PÚBLICO,42,MASCULINO,CON CERTIFICADO,0,0,Morelia,Sentimientos de La Nacion,abril,sábado,19,-101.234314441681,19.6788838512148
5850,5850,2017,"170439844",2017/04/15,20:10:00,COLISIÓN CONTRA OBJETO FIJO,CONCRETO,Bueno,Bueno,1,SEAT,GRIS,1,MINISTERIO PÚBLICO,,,SIN DATOS,0,0,Morelia,Ventura Puente,abril,sábado,20,-101.18018746376,19.6883139916448
5851,5851,2017,,2017/04/15,20:40:00,VOLCADURA,ASFALTO,Bueno,Bueno,1,FORD,GRIS,3,,,,,3,0,Erongarícuaro,Sin datos,abril,sábado,21,-101.692403554916,19.5403581165653
5852,5852,2017,"170440473",2017/04/15,22:25:00,COLISIÓN CONTRA OBJETO FIJO,ASFALTO,Bueno,Bueno,1,NISSAN,ROJO,1,,29,MASCULINO,SIN DATOS,0,0,Morelia,La Quemada,abril,sábado,22,-101.240183115005,19.7011122333066
5853,5853,2017,"170440066",2017/04/15,22:30:00,COLISIÓN POR ALCANCE,SIN_DATOS,Bueno,Bueno,2,CHEVROLET,BLANCO,3,MINISTERIO PÚBLICO,24,MASCULINO,ALIENTO ETÍLICO,1,0,Morelia,Sin datos,abril,sábado,23,-101.276307106018,19.5600327691927
5854,5854,2017,"170440372",2017/04/15,22:45:00,COLISIÓN POR ALCANCE,ASFALTO,Bueno,Bueno,3,VOLKSWAGEN,NEGRO,4,MINISTERIO PÚBLICO,45,MASCULINO,ALIENTO ETÍLICO,1,0,Morelia,Los Manantiales de Morelia,abril,sábado,23,-101.242371797562,19.6977486272528
5855,5855,2017,"170441837",2017/04/16,11:05:00,SALIDA DE SUPERFICIE DE RODAMIENTO,ASFALTO,Bueno,Bueno,1,CHEVROLET,PLATA,1,,36,MASCULINO,SIN DATOS,0,0,Morelia,Sin datos,abril,domingo,11,-101.201655864716,19.6498221944407
5856,5856,2017,"170441700",2017/04/16,11:15:00,COLISIÓN POR CORTE DE CIRCULACIÓN,ASFALTO,Bueno,Bueno,2,CHEVROLET,ROJO,2,,43,MASCULINO,SIN DATOS,0,0,Morelia,Chapultepec Sur,abril,domingo,11,-101.179683208466,19.6908848334403
5857,5857,2017,"170442506",2017/04/16,14:00:00,COLISIÓN POR CORTE DE CIRCULACIÓN,ASFALTO,Bueno,Bueno,2,VOLKSWAGEN,NEGRO,2,,25,MASCULINO,SIN DATOS,0,0,Tarímbaro,Centro,abril,domingo,14,-101.161937713623,19.7953755030074
5858,5858,2017,"170442880",2017/04/16,15:20:00,COLISIÓN POR CORTE DE CIRCULACIÓN,ASFALTO,Bueno,Bueno,2,FORD,AZUL,2,,43,MASCULINO,SIN DATOS,0,0,Morelia,Alberto Oviedo Mota,abril,domingo,15,-101.201012134552,19.6805254527973
5859,5859,2017,"170443260",2017/04/16,16:30:00,COLISIÓN POR ALCANCE,ASFALTO,Bueno,Bueno,2,MERCEDES BENZ,VERDE,3,MINISTERIO PÚBLICO,39,MASCULINO,SIN DATOS,1,0,Morelia,Los Angeles,abril,domingo,17,-101.177569627762,19.7397128806655
5860,5860,2017,"170443892",2017/04/16,19:20:00,COLISIÓN POR ALCANCE,ASFALTO,Bueno,Bueno,2,ITALIKA,VERDE,2,MINISTERIO PÚBLICO,,,SIN DATOS,0,0,Quiroga,Sin datos,abril,domingo,19,-101.504037380218,19.6569756999529
5861,5861,2017,"170444319",2017/04/16,20:00:00,SALIDA DE SUPERFICIE DE RODAMIENTO,ASFALTO,Bueno,Bueno,1,NISSAN,NEGRO,1,,21,MASCULINO,SIN DATOS,0,0,Morelia,Bosques de Oriente,abril,domingo,20,-101.14944934845,19.720615713962
5862,5862,2017,"170445204",2017/04/17,"01:36:00",SUBIDA AL CAMELLÓN,ASFALTO,Bueno,Bueno,1,CHEVROLET,BLANCO,1,,24,MASCULINO,ALIENTO ETÍLICO,0,0,Morelia,Sentimientos de La Nacion,abril,lunes,2,-101.235290765762,19.6812123949285
5863,5863,2017,"170445225",2017/04/17,"03:50:00",CAIDA DE MOTOCICLETA,ASFALTO,Bueno,Bueno,1,KEWAY,AMARILLO,1,,27,MASCULINO,SIN DATOS,0,0,Morelia,Avicola Benito Juarez,abril,lunes,4,-101.279504299164,19.6914858690853
5864,5864,2017,"170445267",2017/04/17,"05:45:00",COLISIÓN CONTRA OBJETO FIJO,ASFALTO,Bueno,Bueno,1,VOLKSWAGEN,GRIS,1,,,MASCULINO,ALIENTO ETÍLICO,0,0,Morelia,Leandro Valle,abril,lunes,6,-101.230580806732,19.7158890400961
5865,5865,2017,"170445324",2017/04/17,"07:00:00",COLISIÓN POR CORTE DE CIRCULACIÓN,CONCRETO,Bueno,Bueno,2,TOYOTA,BLANCO Y GRIS,2,,,MASCULINO,SIN DATOS,0,0,Morelia,Gustavo Diaz Ordaz,abril,lunes,7,-101.20343953371,19.692483381247
5866,5866,2017,"170446574",2017/04/17,13:20:00,COLISIÓN CONTRA OBJETO FIJO,ASFALTO,Bueno,Bueno,2,FORD,AZUL,2,,23,MASCULINO,SIN DATOS,0,0,Morelia,Lomas de Huerta,abril,lunes,13,-101.214326620102,19.6744337635563
5867,5867,2017,"170446768",2017/04/17,14:00:00,COLISIÓN POR CORTE DE CIRCULACIÓN,ASFALTO,Bueno,Bueno,2,CHRYSLER,BLANCO Y ROJO,2,,44,MASCULINO,SIN DATOS,0,0,Morelia,Pascual Ortiz de Ayala,abril,lunes,14,-101.15086555481,19.694879910377
5868,5868,2017,"170447462",2017/04/17,16:15:00,COLISIÓN POR CORTE DE CIRCULACIÓN,ASFALTO,Bueno,Bueno,2,SEAT,BLANCO,2,,25,MASCULINO,SIN DATOS,0,0,Morelia,Virrey Antonio de Mendoza,abril,lunes,16,-101.161690950394,19.7068695930819
5869,5869,2017,"170447471",2017/04/17,16:30:00,CAIDA DE MOTOCICLETA,CONCRETO,Nublado,Bueno,1,KURAZAI,NEGRO Y GRIS,1,,48,MASCULINO,SIN DATOS,0,0,Morelia,Enrique Ramirez,abril,lunes,17,-101.164383888245,19.7083745529677
5870,5870,2017,"170447814",2017/04/17,17:15:00,CAIDA DE MOTOCICLETA,ASFALTO,Bueno,Bueno,1,KURAZAI,NEGRO,1,,28,MASCULINO,SIN DATOS,0,0,Morelia,San Jose Itzicuaro,abril,lunes,17,-101.304502487183,19.687768503205
5871,5871,2017,,2017/04/17,19:30:00,COLISIÓN POR CORTE DE CIRCULACIÓN,CONCRETO,Bueno,Bueno,1,TOYOTA,BLANCO Y CAFE,1,,63,MASCULINO,SIN DATOS,0,0,Morelia,Centro,abril,lunes,20,-101.193306148052,19.7030086496942
5872,5872,2017,,2017/04/17,20:40:00,COLISIÓN CONTRA OBJETO FIJO,ASFALTO,Bueno,Bueno,1,HONDA,GRIS,1,,,,SIN DATOS,0,0,Cuitzeo,El Embarcadero,abril,lunes,21,-101.135845184326,19.9585152395814
5873,5873,2017,LEG6238,2017/04/17,21:05:00,COLISIÓN CON PEATÓN,ASFALTO,Bueno,Bueno,1,NISSAN,ROJO,2,,56,MASCULINO,SIN DATOS,1,0,Morelia,Lomas del Tecnologico,abril,lunes,21,-101.19061589241,19.7223351584068
5874,5874,2017,"170449050",2017/04/17,21:07:00,COLISIÓN POR ALCANCE,ASFALTO,Bueno,Bueno,2,VOLKSWAGEN,NEGRO,2,,29,MASCULINO,SIN DATOS,0,0,Morelia,Lomas del Tecnologico,abril,lunes,21,-101.190774142742,19.7224058546988
5875,5875,2017,"170449458",2017/04/17,22:50:00,COLISIÓN POR CORTE DE CIRCULACIÓN,ASFALTO,Bueno,Bueno,1,DODGE,AZUL,1,,48,MASCULINO,SIN DATOS,0,0,Morelia,Sin datos,abril,lunes,23,-101.359391212463,19.677585711284
5876,5876,2017,"170449603",2017/04/17,23:30:00,COLISIÓN POR CORTE DE CIRCULACIÓN,ASFALTO,Bueno,Bueno,2,SEAT,GRIS,2,,32,MASCULINO,SIN DATOS,0,0,Morelia,Sin datos,abril,lunes,0,-101.097379624844,19.7302428497303
5877,5877,2017,"170449623",2017/04/17,23:50:00,COLISIÓN POR CORTE DE CIRCULACIÓN,ASFALTO,Bueno,Bueno,3,CHEVROLET,ROJO,3,,33,MASCULINO,SIN DATOS,0,0,Morelia,Ignacio Zaragoza,abril,lunes,0,-101.205325126648,19.7255694817522
5878,5878,2017,"170454004",2017/04/18,"06:40:00",COLISIÓN POR CORTE DE CIRCULACIÓN,ASFALTO,Bueno,Bueno,2,FORD,ARENA,2,,29,MASCULINO,ALIENTO ETÍLICO,0,0,Morelia,Enrique Arreguin Robles,abril,martes,7,-101.179404258728,19.7205349172922
5879,5879,2017,"170450043",2017/04/18,"08:30:00",COLISIÓN POR CORTE DE CIRCULACIÓN,ASFALTO,Bueno,Bueno,2,NISSAN,BLANCO,2,,44,MASCULINO,SIN DATOS,0,0,Morelia,Felix Ireta,abril,martes,9,-101.191908717155,19.6823539246018
5880,5880,2017,"170450847",2017/04/18,12:00:00,COLISIÓN POR CORTE DE CIRCULACIÓN,ASFALTO,Bueno,Bueno,2,NAVISTAR,BLANCO,2,,,MASCULINO,SIN DATOS,0,0,Morelia,Pascual Ortiz de Ayala,abril,martes,12,-101.151477098465,19.6974961014227
5881,5881,2017,"170450748",2017/04/18,12:25:00,COLISIÓN POR ALCANCE,ASFALTO,Bueno,Bueno,2,CHEVROLET,BLANCO,2,,34,MASCULINO,SIN DATOS,0,0,Morelia,Las Americas,abril,martes,12,-101.152206659317,19.6885513795522
5882,5882,2017,,2017/04/18,12:30:00,COLISIÓN POR ALCANCE,ASFALTO,Bueno,Bueno,2,TOYOTA,VERDE,1,MINISTERIO PÚBLICO,32,MASCULINO,SIN DATOS,0,0,Lázaro Cárdenas,Segundo Sector de Fidelac,abril,martes,13,-102.208020687103,17.9543517651683
5883,5883,2017,,2017/04/18,15:00:00,COLISIÓN POR CORTE DE CIRCULACIÓN,ASFALTO,Bueno,Bueno,2,VOLKSWAGEN,ROJO,2,,24,FEMENINO,SIN DATOS,0,0,Lázaro Cárdenas,Segundo Sector de Fidelac,abril,martes,15,-102.20419049263,17.9633586551485
5884,5884,2017,"170452033",2017/04/18,16:25:00,COLISIÓN POR ALCANCE,ASFALTO,Bueno,Bueno,2,NISSAN,BLANCO Y NEGRO,2,MINISTERIO PÚBLICO,,MASCULINO,SIN DATOS,0,0,Morelia,Chapultepec Oriente,abril,martes,16,-101.159116029739,19.6890918145393
5885,5885,2017,"170452278",2017/04/18,17:30:00,COLISIÓN POR ALCANCE,ASFALTO,Lluvioso,Bueno,2,NISSAN,BLANCO,2,,39,MASCULINO,SIN DATOS,0,0,Morelia,Leandro Valle,abril,martes,18,-101.230494976044,19.7160506380911
5886,5886,2017,,2017/04/19,10:30:00,COLISIÓN POR CORTE DE CIRCULACIÓN,ADOQUIN_EMPEDRADO,Bueno,Bueno,2,FREIGHTLINER,BLANCO,2,,,MASCULINO,SIN DATOS,0,0,Cuitzeo,La Concepcion,abril,miércoles,11,-101.143977642059,19.969602716212
5887,5887,2017,"170455620",2017/04/19,13:05:00,COLISIÓN POR ALCANCE,ASFALTO,Bueno,Regular,3,CHEVROLET,ROJO,3,,53,MASCULINO,SIN DATOS,0,0,Morelia,Arcos del Valle,abril,miércoles,13,-101.236312687397,19.7076852022943
5888,5888,2017,"170455892",2017/04/19,14:50:00,COLISIÓN CONTRA OBJETO FIJO,ASFALTO,Bueno,Bueno,1,NISSAN,ROJO,1,,38,FEMENINO,SIN DATOS,0,0,Morelia,Justo Mendoza,abril,miércoles,15,-101.231052875519,19.7145053505776
5889,5889,2017,,2017/04/19,17:20:00,COLISIÓN CON PEATÓN,ASFALTO,Bueno,Bueno,1,SIN DATOS,SIN DATOS,2,,,,SIN DATOS,1,0,Morelia,Fuentes de Valladolid,abril,miércoles,17,-101.221525669098,19.6728173560565
5890,5890,2017,"170457296",2017/04/19,20:27:00,COLISIÓN POR CORTE DE CIRCULACIÓN,ASFALTO,Bueno,Bueno,2,SIN DATOS,AZUL,3,,,,SIN DATOS,1,0,Morelia,Irrigacion,abril,miércoles,20,-101.220624446869,19.7055262276666
5891,5891,2017,"170457322",2017/04/19,20:40:00,COLISIÓN POR CORTE DE CIRCULACIÓN,CONCRETO,Bueno,Bueno,2,NISSAN,VERDE,2,,24,MASCULINO,ALIENTO ETÍLICO,0,0,Morelia,Prados Verdes,abril,miércoles,21,-101.203422099352,19.715759004091
5892,5892,2017,"170457702",2017/04/19,21:40:00,COLISIÓN CONTRA OBJETO FIJO,CONCRETO,Bueno,Regular,2,SIN DATOS,BLANCO Y ROJO,2,,,,SIN DATOS,0,0,Morelia,El Porvenir,abril,miércoles,22,-101.204461455345,19.7091017768314
5894,5894,2017,"170458260",2017/04/20,"01:55:00",COLISIÓN POR ALCANCE,ASFALTO,Bueno,Bueno,2,VOLKSWAGEN,GRIS,3,,,MASCULINO,SIN DATOS,1,0,Morelia,Country Club  Las Huertas,abril,jueves,2,-101.2297976017,19.6635530061257
5895,5895,2017,"170458361",2017/04/20,"05:07:00",COLISIÓN CONTRA OBJETO FIJO,ASFALTO,Bueno,Bueno,1,FORD,AZUL,1,,23,MASCULINO,ALIENTO ETÍLICO,0,0,Morelia,La Colina,abril,jueves,5,-101.216107606888,19.7122303167824
5896,5896,2017,"170459116",2017/04/20,10:30:00,COLISIÓN CONTRA OBJETO FIJO,CONCRETO,Bueno,Bueno,1,DODGE,GRIS,1,,28,MASCULINO,SIN DATOS,0,0,Morelia,Industrial,abril,jueves,11,-101.190948486328,19.7096572928329
5897,5897,2017,"170462343",2017/04/20,13:20:00,SALIDA DE SUPERFICIE DE RODAMIENTO,CONCRETO,Bueno,Bueno,1,FORD,VERDE,1,,33,MASCULINO,SIN DATOS,0,0,Morelia,Independencia,abril,jueves,13,-101.178004145622,19.7125055445674
5899,5899,2017,"170460471",2017/04/20,15:00:00,COLISIÓN POR CORTE DE CIRCULACIÓN,ASFALTO,Bueno,Bueno,4,NISSAN,BLANCO Y ROJO,4,,,MASCULINO,SIN DATOS,0,0,Morelia,Indeco El Vivero,abril,jueves,15,-101.230065822601,19.6769997769751
5900,5900,2017,"170460639",2017/04/20,16:50:00,COLISIÓN POR ALCANCE,ASFALTO,Bueno,Bueno,2,CHEVROLET,AZUL,2,,44,MASCULINO,SIN DATOS,0,0,Morelia,Lomas de Huerta,abril,jueves,17,-101.210989952087,19.6727769456601
5901,5901,2017,"170460712",2017/04/20,17:00:00,COLISIÓN POR ALCANCE,ASFALTO,Bueno,Bueno,2,CHEVROLET,ROJO,2,,27,MASCULINO,SIN DATOS,0,0,Morelia,Indeco El Vivero,abril,jueves,17,-101.229706406593,19.6770401863066
5902,5902,2017,,2017/04/20,18:00:00,COLISIÓN POR CORTE DE CIRCULACIÓN,ASFALTO,Bueno,Bueno,2,FORD,BLANCO Y VERDE,2,,43,MASCULINO,SIN DATOS,0,0,Pátzcuaro,Sin datos,abril,jueves,18,-101.718978881836,19.4918386342894
5903,5903,2017,"110467068",2017/04/20,18:40:00,COLISIÓN POR CORTE DE CIRCULACIÓN,ASFALTO,Bueno,Bueno,1,HONDA,NEGRO,1,,36,MASCULINO,SIN DATOS,0,0,Morelia,Villas de La Loma,abril,jueves,19,-101.297908276319,19.6889238758251
5904,5904,2017,"170462065",2017/04/20,22:25:00,COLISIÓN POR CORTE DE CIRCULACIÓN,ASFALTO,Bueno,Bueno,2,TOYOTA,BLANCO Y GRIS,2,,,MASCULINO,SIN DATOS,0,0,Morelia,Felix Ireta,abril,jueves,22,-101.195669174194,19.6816063751156
5905,5905,2017,,2017/04/21,"00:15:00",COLISIÓN POR CORTE DE CIRCULACIÓN,ASFALTO,Bueno,Bueno,2,CHEVROLET,ROJO,0,,,,,0,0,Jacona,Sin datos,abril,viernes,0,-102.335629463196,19.9570529857718