fid,id_accidente,anio_origen,folio_c5i,dia_incidente,hora_ocurrencia,tipo_incidente_vial,superficie_ocurrencia,condiciones_climaticas,condiciones_via,numero_vehiculos_involucrados,marca_vehiculo_ocasiona_siniestro,color_vehiculo_ocasiona_siniestro,numero_personas_involucradas,lugar_remite_presunto_responsable,edad_presunto_responsable,sexo_presunto_responsable,resultados_toxicologia,numero_personas_lesionadas,numero_personas_fallecidas,municipio,colonia,mes,dia_semana,hora_redondeada,lon,lat
5907,5907,2017,"170462628",2017/04/21,"07:40:00",COLISIÓN POR CORTE DE CIRCULACIÓN,ASFALTO,Bueno,Bueno,2,KENWORTH,AZUL,2,,28,MASCULINO,SIN DATOS,0,0,Tarímbaro,Sin datos,abril,viernes,8,-101.171786785126,19.7510933424329
5908,5908,2017,"170462864",2017/04/21,"09:20:00",COLISIÓN POR CORTE DE CIRCULACIÓN,CONCRETO,Bueno,Bueno,2,SUZUKI,ROJO,2,,34,MASCULINO,SIN DATOS,0,0,Morelia,Bonanza,abril,viernes,9,-101.2025141716,19.6577486231903
5909,5909,2017,"170463459",2017/04/21,11:20:00,COLISIÓN POR ALCANCE,ASFALTO,Bueno,Bueno,2,DODGE,PLATA,2,MINISTERIO PÚBLICO,20,MASCULINO,SIN DATOS,0,0,Morelia,Ventura Puente,abril,viernes,11,-101.192702651024,19.6915969846717
5910,5910,2017,"170463325",2017/04/21,11:30:00,COLISIÓN CONTRA OBJETO FIJO,ASFALTO,Bueno,Bueno,2,PEUGEOT,AZUL,2,,18,MASCULINO,SIN DATOS,0,0,Morelia,Jesus Romero Flores,abril,viernes,12,-101.176083683968,19.7337900745158
5911,5911,2017,"170463703",2017/04/21,12:10:00,COLISIÓN POR CORTE DE CIRCULACIÓN,ASFALTO,Bueno,Regular,2,VOLKSWAGEN,ROJO,2,,,FEMENINO,SIN DATOS,0,0,Morelia,Camelinas,abril,viernes,12,-101.170923113823,19.6819852013048
5912,5912,2017,"17064963",2017/04/21,12:20:00,VOLCADURA,ASFALTO,Bueno,Bueno,1,KENWORTH,BLANCO,1,,,,SIN DATOS,0,0,Morelia,Tzindurio Norte,abril,viernes,12,-101.244753599167,19.7031525845076
5913,5913,2017,"170463490",2017/04/21,12:20:00,COLISIÓN CONTRA OBJETO FIJO,ASFALTO,Bueno,Bueno,1,HONDA,NEGRO,2,,28,MASCULINO,SIN DATOS,1,0,Morelia,Martires de Uruapan,abril,viernes,12,-101.197085380554,19.7250392692962
5914,5914,2017,"170463764",2017/04/21,13:10:00,COLISIÓN CONTRA OBJETO FIJO,CONCRETO,Bueno,Regular,1,DODGE,PLATA,1,MINISTERIO PÚBLICO,,,SIN DATOS,0,0,Morelia,Vasco de Quiroga,abril,viernes,13,-101.173739433289,19.7027687580508
5916,5916,2017,"170464163",2017/04/21,14:20:00,COLISIÓN POR CORTE DE CIRCULACIÓN,ASFALTO,Bueno,Regular,2,VOLKSWAGEN,BLANCO,2,,22,MASCULINO,SIN DATOS,0,0,Morelia,Canteras de Morelia,abril,viernes,14,-101.171497106552,19.7147931993836
5917,5917,2017,"17464371",2017/04/21,14:20:00,COLISIÓN POR CORTE DE CIRCULACIÓN,ASFALTO,Bueno,Bueno,2,NISSAN,BLANCO,2,,47,MASCULINO,SIN DATOS,0,0,Morelia,Cosmos,abril,viernes,14,-101.216192096472,19.6839664476779
5918,5918,2017,"170465013",2017/04/21,17:20:00,COLISIÓN POR CORTE DE CIRCULACIÓN,ASFALTO,Bueno,Bueno,2,NISSAN,ROJO,2,,60,MASCULINO,SIN DATOS,0,0,Morelia,Bosques de Oriente,abril,viernes,17,-101.155403852463,19.7157072421566
5919,5919,2017,"170464148",2017/04/21,17:45:00,SALIDA DE SUPERFICIE DE RODAMIENTO,ASFALTO,Bueno,Bueno,2,GMC,BLANCO,1,,54,MASCULINO,SIN DATOS,0,0,Morelia,Asociacion Zirahuen,abril,viernes,18,-101.246824264526,19.6994960950778
5920,5920,2017,"170465292",2017/04/21,18:20:00,COLISIÓN POR CORTE DE CIRCULACIÓN,ASFALTO,Bueno,Bueno,2,NISSAN,CA Y ORO,2,,27,MASCULINO,SIN DATOS,0,0,Morelia,Guadalupe,abril,viernes,18,-101.221616864204,19.7098895989523
5921,5921,2017,,2017/04/21,18:20:00,COLISIÓN POR CORTE DE CIRCULACIÓN,ASFALTO,Bueno,Bueno,3,GMC,BLANCO,6,MINISTERIO PÚBLICO,18,MASCULINO,ALIENTO ETÍLICO,3,0,Sahuayo,Las Brisas,abril,viernes,18,-102.716363668442,20.0571003344974
5922,5922,2017,"170465537",2017/04/21,19:00:00,COLISIÓN POR ALCANCE,ASFALTO,Bueno,Regular,2,DINA,BLANCO,2,,22,MASCULINO,SIN DATOS,0,0,Morelia,Rafael Carrillo,abril,viernes,19,-101.234405636787,19.7104728878301
5923,5923,2017,,2017/04/22,"00:00:00",COLISIÓN POR CORTE DE CIRCULACIÓN,ASFALTO,Bueno,Bueno,3,NISSAN,BLANCO,0,MINISTERIO PÚBLICO,,,,0,0,Acuitzio,Sin datos,abril,sábado,0,-101.331152915955,19.461514155358
5924,5924,2017,"170466765",2017/04/22,"00:20:00",COLISIÓN POR CORTE DE CIRCULACIÓN,ASFALTO,Bueno,Bueno,2,CHEVROLET,GRIS,2,,27,MASCULINO,ALIENTO ETÍLICO,0,0,Morelia,Comision Federal de Electricidad,abril,sábado,0,-101.181324720383,19.6814548443891
5925,5925,2017,"170466925",2017/04/22,"02:15:00",COLISIÓN POR CORTE DE CIRCULACIÓN,ASFALTO,Bueno,Bueno,2,MAZDA,ALUMINO,2,,28,MASCULINO,SIN DATOS,0,0,Morelia,Nueva Chapultepec,abril,sábado,2,-101.170504689217,19.6872381654404
5926,5926,2017,"1704261025",2017/04/22,"05:20:00",VOLCADURA,ASFALTO,Bueno,Bueno,1,CHEVROLET,VERDE,0,,,,,0,0,Morelia,El Lago 1,abril,sábado,5,-101.219358444214,19.7276347687359
5927,5927,2017,"170468366",2017/04/22,12:40:00,COLISIÓN POR CORTE DE CIRCULACIÓN,ASFALTO,Bueno,Bueno,2,FREIGHTLINER,BLANCO,2,,36,MASCULINO,SIN DATOS,0,0,Morelia,La Soledad,abril,sábado,13,-101.183395385742,19.7281498239226
5928,5928,2017,"170468722",2017/04/22,12:50:00,COLISIÓN POR ALCANCE,ASFALTO,Bueno,Bueno,2,CHRYSLER,PLATA,2,,70,MASCULINO,SIN DATOS,0,0,Morelia,Independencia,abril,sábado,13,-101.177923679352,19.719484556869
5929,5929,2017,"170468688",2017/04/22,13:20:00,COLISIÓN POR CORTE DE CIRCULACIÓN,CONCRETO,Bueno,Bueno,2,CHEVROLET,PLATA,2,,,MASCULINO,SIN DATOS,0,0,Morelia,Centro,abril,sábado,13,-101.179715394974,19.7041323478669
5930,5930,2017,"170468359",2017/04/22,13:48:00,COLISIÓN POR CORTE DE CIRCULACIÓN,ASFALTO,Bueno,Bueno,2,NISSAN,BLANCO,2,,34,MASCULINO,SIN DATOS,0,0,Morelia,El Eden,abril,sábado,14,-101.247596740723,19.6489532440809
5931,5931,2017,"170469144",2017/04/22,15:30:00,COLISIÓN POR ALCANCE,ASFALTO,Bueno,Bueno,5,SEAT,ROJO,5,MINISTERIO PÚBLICO,32,MASCULINO,ALIENTO ETÍLICO,0,0,Morelia,Felix Ireta,abril,sábado,16,-101.193308830261,19.6822428026017
5932,5932,2017,"170470054",2017/04/22,17:20:00,COLISIÓN POR ALCANCE,CONCRETO,Bueno,Bueno,2,NISSAN,AMARILLO,2,,57,MASCULINO,SIN DATOS,0,0,Morelia,Felix Ireta,abril,sábado,17,-101.181335449219,19.6830610627967
5933,5933,2017,,2017/04/22,18:00:00,VOLCADURA,ASFALTO,Bueno,Bueno,1,CHEVROLET,GRIS,0,,,,,0,0,Zinapécuaro,Centro,abril,sábado,18,-100.826876,19.857982
5934,5934,2017,"1704700767",2017/04/22,18:30:00,COLISIÓN POR CORTE DE CIRCULACIÓN,ASFALTO,Bueno,Bueno,2,RENAULT,GRIS,2,,38,MASCULINO,SIN DATOS,0,0,Morelia,Independencia,abril,sábado,19,-101.177782863379,19.7052446750265
5935,5935,2017,"170470140",2017/04/22,19:00:00,COLISIÓN POR ALCANCE,SIN_DATOS,Bueno,Bueno,2,NISSAN,GRIS,0,MINISTERIO PÚBLICO,,,,0,0,Morelia,Colonial Morelia,abril,sábado,19,-101.214272975922,19.6725774191785
5936,5936,2017,"170470525",2017/04/22,19:20:00,COLISIÓN POR ALCANCE,ASFALTO,Bueno,Bueno,2,PLYMOUTH,BLANCO,2,,23,FEMENINO,SIN DATOS,0,0,Morelia,Felix Ireta,abril,sábado,19,-101.191581487656,19.6825559644047
5937,5937,2017,"170471015",2017/04/22,21:45:00,COLISIÓN CON PEATÓN,ASFALTO,Bueno,Bueno,1,HONDA,NEGRO,2,MINISTERIO PÚBLICO,,,SIN DATOS,1,0,Morelia,Santiaguito,abril,sábado,22,-101.18868470192,19.7174040148867
5938,5938,2017,"170471057",2017/04/22,21:50:00,COLISIÓN POR CORTE DE CIRCULACIÓN,ASFALTO,Bueno,Bueno,2,NISSAN,BLANCO Y ROJO,2,,59,MASCULINO,SIN DATOS,0,0,Morelia,Nueva Chapultepec,abril,sábado,22,-101.169890463352,19.6896271969335
5939,5939,2017,"1700471057",2017/04/22,23:40:00,COLISIÓN POR ALCANCE,ASFALTO,Bueno,Bueno,3,HONDA,ROJO,2,MINISTERIO PÚBLICO,,MASCULINO,SIN DATOS,0,0,Morelia,Loma de Los Viñedos,abril,sábado,0,-101.240102648735,19.6719687355925
5940,5940,2017,"170472012",2017/04/23,"03:30:00",SALIDA DE SUPERFICIE DE RODAMIENTO,ASFALTO,Bueno,Bueno,1,DODGE,ROJO,1,,,,SIN DATOS,0,0,Morelia,Sin datos,abril,domingo,4,-101.315789222717,19.6874048432128
5941,5941,2017,"170472253",2017/04/23,"06:45:00",COLISIÓN CONTRA OBJETO FIJO,ASFALTO,Bueno,Bueno,1,VOLKSWAGEN,BLANCO,1,,,,SIN DATOS,0,0,Tarímbaro,Sin datos,abril,domingo,7,-101.168010234833,19.7583029044896
5942,5942,2017,,2017/04/23,"08:10:00",COLISIÓN POR CORTE DE CIRCULACIÓN,ASFALTO,Bueno,Regular,3,Nissan,Blanco,3,,30,MASCULINO,SIN DATOS,0,0,Apatzingán,Fovissste,abril,domingo,8,-102.364275455475,19.1016003673507
5943,5943,2017,,2017/04/23,10:00:00,COLISIÓN POR CORTE DE CIRCULACIÓN,CONCRETO,Bueno,Bueno,1,FORD,ARENA,1,,25,MASCULINO,SIN DATOS,0,0,Morelia,Colinas del Sur,abril,domingo,10,-101.200608462095,19.6701035227395
5944,5944,2017,,2017/04/23,10:00:00,COLISIÓN POR CORTE DE CIRCULACIÓN,ASFALTO,Bueno,Bueno,2,ITALIKA,AMARILLO,2,,17,MASCULINO,SIN DATOS,0,0,Cuitzeo,Sin datos,abril,domingo,10,-101.169158220291,19.9683674515779
5945,5945,2017,"170473703",2017/04/23,14:20:00,SUBIDA AL CAMELLÓN,ASFALTO,Bueno,Bueno,1,CHRYSLER,VERDE,1,,,,SIN DATOS,0,0,Morelia,Los Angeles,abril,domingo,14,-101.175702810287,19.7434088427476
5946,5946,2017,"170473603",2017/04/23,14:20:00,COLISIÓN POR CORTE DE CIRCULACIÓN,ASFALTO,Bueno,Regular,2,V.W.,VERDE,2,,47,MASCULINO,SIN DATOS,0,0,Morelia,Nueva Valladolid,abril,domingo,14,-101.207288503647,19.7022687722063
5947,5947,2017,"170474376",2017/04/23,16:50:00,COLISIÓN POR CORTE DE CIRCULACIÓN,ASFALTO,Bueno,Bueno,1,V.W.,NEGRO,1,,20,FEMENINO,SIN DATOS,0,0,Morelia,Alberto Oviedo Mota,abril,domingo,17,-101.197670102119,19.6811921907902
5948,5948,2017,"170474397",2017/04/23,17:05:00,VOLCADURA,ASFALTO,Nublado,Regular,1,NISSAN,PLATA,1,,47,MASCULINO,SIN DATOS,0,0,Tzintzuntzan,Sin datos,abril,domingo,17,-101.471035480499,19.6352717078393
5949,5949,2017,,2017/04/23,17:40:00,COLISIÓN POR ALCANCE,ASFALTO,Nublado,Bueno,2,FORD,BLANCO Y GUINDA,2,MINISTERIO PÚBLICO,,,SIN DATOS,0,0,Morelia,Sin datos,abril,domingo,18,-101.114065647125,19.7370367891479
5950,5950,2017,,2017/04/23,18:40:00,COLISIÓN CONTRA OBJETO FIJO,ASFALTO,Bueno,Bueno,1,ITALIKA,NEGRO,1,,37,MASCULINO,ALIENTO ETÍLICO,0,0,Morelia,Tzindurio de Morelos,abril,domingo,19,-101.247729510069,19.6992132692096
5951,5951,2017,"170464646",2017/04/23,18:45:00,SUBIDA AL CAMELLÓN,ASFALTO,Bueno,Bueno,1,FORD,BLANCO Y ROJO,1,,29,MASCULINO,ALIENTO ETÍLICO,0,0,Morelia,Asociacion Zirahuen,abril,domingo,19,-101.2477388978,19.699230945841
5952,5952,2017,"170474767",2017/04/23,18:50:00,VOLCADURA,ASFALTO,Lluvioso,Regular,1,HONDA,NEGRO,1,,51,MASCULINO,SIN DATOS,0,0,Morelia,Alberto Oviedo Mota,abril,domingo,19,-101.197718381882,19.681273007328
5953,5953,2017,"170474950",2017/04/23,19:20:00,CAIDA DE MOTOCICLETA,ADOQUIN_EMPEDRADO,Nublado,Regular,1,SUZUKI,AZUL,2,,22,MASCULINO,SIN DATOS,1,0,Morelia,Industrial,abril,domingo,19,-101.19491815567,19.7073443135009
5954,5954,2017,,2017/04/23,19:20:00,COLISIÓN POR CORTE DE CIRCULACIÓN,ASFALTO,Bueno,Bueno,2,Nissan,Gris,2,MINISTERIO PÚBLICO,,,SIN DATOS,0,0,Buenavista,Sin datos,abril,domingo,19,-102.600020170212,19.2117799921635
5955,5955,2017,,2017/04/23,20:00:00,SALIDA DE SUPERFICIE DE RODAMIENTO,ASFALTO,Bueno,Regular,1,Italika,Negro/Verde,2,,,,SIN DATOS,1,0,Apatzingán,Adolfo Ruiz Cortinez,abril,domingo,20,-102.357065677643,19.0716699790013
5956,5956,2017,"170475488",2017/04/23,21:40:00,COLISIÓN POR CORTE DE CIRCULACIÓN,ASFALTO,Bueno,Bueno,2,DODGE,PLATA,2,,62,MASCULINO,SIN DATOS,0,0,Morelia,Villas del Real,abril,domingo,22,-101.198678612709,19.7341889745822
5957,5957,2017,"170475632",2017/04/23,22:25:00,COLISIÓN CONTRA OBJETO FIJO,CONCRETO,Nublado,Bueno,1,CHEVROLET,BLANCO,0,,,,,0,0,Morelia,Quinceo,abril,domingo,22,-101.224856972694,19.7316137793953
5958,5958,2017,"170475619",2017/04/23,22:30:00,CAIDA DE MOTOCICLETA,ASFALTO,Bueno,Bueno,1,HARLEY DAVIDSON,SIN DATO,2,MINISTERIO PÚBLICO,,,SIN DATOS,1,0,Morelia,Lomas de Las Americas Sur,abril,domingo,23,-101.146842241287,19.6943041405835
5960,5960,2017,,2017/04/24,"06:30:00",COLISIÓN POR CORTE DE CIRCULACIÓN,ASFALTO,Bueno,Bueno,2,NISSAN,GUINDA,2,MINISTERIO PÚBLICO,31,MASCULINO,CON CERTIFICADO,1,0,Lázaro Cárdenas,Jose Green,abril,lunes,7,-102.202709913254,17.9659560242727
5961,5961,2017,,2017/04/24,"06:50:00",SUBIDA AL CAMELLÓN,ASFALTO,Bueno,Bueno,1,Dodge,Rojo,1,,74,MASCULINO,SIN DATOS,0,0,Apatzingán,Independencia,abril,lunes,7,-102.354855537415,19.0957911318391
5962,5962,2017,"170476618",2017/04/24,"07:40:00",COLISIÓN POR CORTE DE CIRCULACIÓN,ASFALTO,Bueno,Bueno,2,TOYOTA,BLANCO Y ROJO,2,,,MASCULINO,SIN DATOS,0,0,Morelia,Los Manantiales de Morelia,abril,lunes,8,-101.242897510529,19.700395073982
5963,5963,2017,"170476870",2017/04/24,10:15:00,COLISIÓN POR CORTE DE CIRCULACIÓN,ASFALTO,Bueno,Bueno,2,CHEVROLET,BLANCO,2,,29,MASCULINO,SIN DATOS,0,0,Morelia,La Colina,abril,lunes,10,-101.21612906456,19.7123237427809
5964,5964,2017,"170476806",2017/04/24,10:20:00,COLISIÓN POR MANIOBRA DE REVERSA,CONCRETO,Bueno,Bueno,2,V.W.,AZUL,2,,,,SIN DATOS,0,0,Morelia,Loma Real,abril,lunes,10,-101.198410391808,19.7292051769127
5965,5965,2017,"170477150",2017/04/24,11:00:00,COLISIÓN POR CORTE DE CIRCULACIÓN,CONCRETO,Bueno,Bueno,2,CHEVROLET,PLATA,2,,40,MASCULINO,SIN DATOS,0,0,Morelia,Rinconada del Valle,abril,lunes,11,-101.219916343689,19.6808588221406
5966,5966,2017,"170477470",2017/04/24,12:40:00,COLISIÓN POR ALCANCE,ASFALTO,Bueno,Bueno,2,NISSAN,BLANCO,2,,73,MASCULINO,SIN DATOS,0,0,Morelia,Zimpanio Norte,abril,lunes,13,-101.210861206055,19.6574606718313
5967,5967,2017,"170477793",2017/04/24,13:10:00,COLISIÓN POR ALCANCE,ASFALTO,Bueno,Bueno,2,GMC,AZUL,2,,47,MASCULINO,ALIENTO ETÍLICO,0,0,Tarímbaro,Sin datos,abril,lunes,13,-101.160113811493,19.7669862581089
5968,5968,2017,"170471648",2017/04/24,13:10:00,COLISIÓN POR CORTE DE CIRCULACIÓN,CONCRETO,Bueno,Bueno,2,SIN DATOS,NEGRO,1,,42,MASCULINO,SIN DATOS,0,0,Morelia,Emiliano Zapata,abril,lunes,13,-101.216762065887,19.7152754712216
5969,5969,2017,,2017/04/24,13:45:00,VOLCADURA,ASFALTO,Bueno,Malo,1,CHEVROLET,BLANCO,1,,39,MASCULINO,SIN DATOS,0,0,Puruándiro,Sin datos,abril,lunes,14,-101.4674949646,20.0602849963518
5970,5970,2017,"170478006",2017/04/24,14:20:00,COLISIÓN POR ALCANCE,CONCRETO,Bueno,Bueno,1,NISSAN,BLANCO Y ROJO,1,,,MASCULINO,SIN DATOS,0,0,Morelia,Chapultepec Norte,abril,lunes,14,-101.170448362827,19.6944809122316
5971,5971,2017,"170478391",2017/04/24,15:15:00,COLISIÓN CON PEATÓN,ASFALTO,Bueno,Bueno,1,SEAT,VERDE,2,,26,MASCULINO,SIN DATOS,1,0,Morelia,Camelinas,abril,lunes,15,-101.169083118439,19.6824751485141
5972,5972,2017,"170479990",2017/04/24,21:05:00,COLISIÓN CONTRA OBJETO FIJO,CONCRETO,Bueno,Bueno,2,KENWORTH,BLANCO,2,,25,MASCULINO,SIN DATOS,0,0,Morelia,Jardines de Sindurio,abril,lunes,21,-101.255900859833,19.6977486272528
5973,5973,2017,"170485038",2017/04/25,"00:15:00",COLISIÓN CONTRA OBJETO FIJO,ASFALTO,Bueno,Bueno,2,DODGE,AZUL,2,MINISTERIO PÚBLICO,40,MASCULINO,CON CERTIFICADO,0,0,Morelia,Lomas de Guayangareo,abril,martes,0,-101.158525943756,19.7032838933473
5975,5975,2017,,2017/04/25,"03:30:00",COLISIÓN POR CORTE DE CIRCULACIÓN,ADOQUIN_EMPEDRADO,Bueno,Bueno,2,RENAULT,BEIGE,2,,,MASCULINO,SIN DATOS,0,0,Cuitzeo,Centro,abril,martes,4,-101.140748262405,19.969219533116
5976,5976,2017,"170480723",2017/04/25,"06:00:00",COLISIÓN POR CORTE DE CIRCULACIÓN,ASFALTO,Bueno,Bueno,1,NISSAN,GRIS,1,,,MASCULINO,SIN DATOS,0,0,Morelia,Nicolas Bravo(Los Ejidos),abril,martes,6,-101.213994026184,19.7025970459167
5977,5977,2017,,2017/04/25,"06:40:00",COLISIÓN POR CORTE DE CIRCULACIÓN,ASFALTO,Bueno,Bueno,2,Volks Wagen,Plata,2,,40,MASCULINO,SIN DATOS,0,0,Apatzingán,Nueva,abril,martes,7,-102.357596755028,19.0776017357311
5978,5978,2017,"170481088",2017/04/25,"09:30:00",COLISIÓN CONTRA OBJETO FIJO,ASFALTO,Bueno,Bueno,1,HONDA,NEGRO,1,,77,MASCULINO,SIN DATOS,0,0,Morelia,Morelia 450,abril,martes,10,-101.216021776199,19.6751914489593
5979,5979,2017,,2017/04/25,10:45:00,COLISIÓN POR CORTE DE CIRCULACIÓN,ASFALTO,Bueno,Bueno,2,NISSAN,BLANCO Y ROJO,2,,41,MASCULINO,SIN DATOS,0,0,Morelia,Alberto Oviedo Mota,abril,martes,11,-101.201913356781,19.6778837287742
5980,5980,2017,LEG6363,2017/04/25,15:00:00,COLISIÓN POR ALCANCE,ASFALTO,Bueno,Bueno,2,GMC,BLANCO,2,,37,MASCULINO,SIN DATOS,0,0,Morelia,Bosques de Oriente,abril,martes,15,-101.155425310135,19.7158082410374
5981,5981,2017,"170482313",2017/04/25,15:50:00,COLISIÓN POR CORTE DE CIRCULACIÓN,CONCRETO,Bueno,Bueno,1,TOYOTA,GUINDA,1,,39,MASCULINO,SIN DATOS,0,0,Morelia,Tzindurio Norte,abril,martes,16,-101.246073246002,19.6997890213428
5982,5982,2017,,2017/04/25,16:10:00,COLISIÓN POR CORTE DE CIRCULACIÓN,ADOQUIN_EMPEDRADO,Bueno,Bueno,2,MERCEDES BENZ,BLANCO /AMARILLO Y ROJO,2,,41,MASCULINO,SIN DATOS,0,0,Cuitzeo,Centro,abril,martes,16,-101.139647,19.968544
5983,5983,2017,"170482707",2017/04/25,17:10:00,COLISIÓN CONTRA OBJETO FIJO,ASFALTO,Bueno,Bueno,1,ITALIKA,AZUL,1,MINISTERIO PÚBLICO,26,MASCULINO,SIN DATOS,0,0,Morelia,Elias Perez Avalos,abril,martes,17,-101.164834499359,19.7108188200556
5984,5984,2017,"170483254",2017/04/25,17:30:00,VOLCADURA,ASFALTO,Bueno,Bueno,1,CODIAC,BLANCO,1,,26,MASCULINO,SIN DATOS,0,0,Quiroga,Sin datos,abril,martes,18,-101.462345123291,19.677504892886
5985,5985,2017,,2017/04/25,20:00:00,COLISIÓN POR CORTE DE CIRCULACIÓN,ADOQUIN_EMPEDRADO,Bueno,Bueno,2,NISSAN,BLANCO,2,,,MASCULINO,SIN DATOS,0,0,Cuitzeo,Centro,abril,martes,20,-101.139647,19.968544
5986,5986,2017,"170484327",2017/04/25,21:00:00,COLISIÓN POR CORTE DE CIRCULACIÓN,ASFALTO,Bueno,Regular,2,TOYOTA,BLANCO,2,,64,MASCULINO,SIN DATOS,0,0,Morelia,Industrial,abril,martes,21,-101.18833065033,19.7117480357599
5987,5987,2017,"17048465",2017/04/25,22:10:00,INCENDIO,ASFALTO,Bueno,Bueno,1,NISSAN,SIN DATOS,0,,,,,0,0,Morelia,San Jose Itzicuaro,abril,martes,22,-101.304405927658,19.687819011472
5988,5988,2017,"170484804",2017/04/25,23:00:00,COLISIÓN POR CORTE DE CIRCULACIÓN,ASFALTO,Bueno,Bueno,2,V.W.,VERDE,2,,19,MASCULINO,SIN DATOS,0,0,Morelia,Los Laureles,abril,martes,23,-101.230752468109,19.7155860434154
5989,5989,2017,"170484848",2017/04/25,23:20:00,COLISIÓN POR ALCANCE,ASFALTO,Bueno,Regular,2,MAZDA,BLANCO,2,,17,MASCULINO,SIN DATOS,0,0,Morelia,Montaña Monarca,abril,martes,23,-101.164737939835,19.6657049693871
5990,5990,2017,"170484835",2017/04/26,"00:10:00",COLISIÓN CONTRA OBJETO FIJO,ASFALTO,Bueno,Bueno,2,FORD,BLANCO,1,MINISTERIO PÚBLICO,33,MASCULINO,SIN DATOS,0,0,Morelia,Insurgentes,abril,miércoles,0,-101.152517795563,19.6984961013746
5991,5991,2017,"170485050",2017/04/26,"03:00:00",COLISIÓN CONTRA OBJETO FIJO,CONCRETO,Bueno,Bueno,1,DODGE,BLANCO Y AZUL,1,,44,MASCULINO,SIN DATOS,0,0,Morelia,Ampliacion La Soledad,abril,miércoles,3,-101.184875965118,19.7294728012041
5992,5992,2017,,2017/04/26,"08:30:00",COLISIÓN POR CORTE DE CIRCULACIÓN,ASFALTO,Bueno,Regular,2,VOLKSWAGEN,GRIS,2,,,MASCULINO,SIN DATOS,0,0,Cuitzeo,Centro,abril,miércoles,9,-101.139647,19.968544
5993,5993,2017,,2017/04/26,10:35:00,COLISIÓN POR CORTE DE CIRCULACIÓN,ASFALTO,Bueno,Bueno,2,GMC,VERDE,4,MINISTERIO PÚBLICO,31,MASCULINO,CON CERTIFICADO,2,0,Lázaro Cárdenas,Centro,abril,miércoles,11,-102.195323109627,17.9561378704806
5994,5994,2017,"170486665",2017/04/26,13:50:00,COLISIÓN POR ALCANCE,ASFALTO,Bueno,Bueno,2,CHEVROLET,BLANCO,2,,28,MASCULINO,SIN DATOS,0,0,Morelia,Comision Federal de Electricidad,abril,miércoles,14,-101.175842285156,19.6867659108097
5995,5995,2017,"170486971",2017/04/26,14:10:00,COLISIÓN POR ALCANCE,ASFALTO,Bueno,Bueno,2,DINA,BLANCO,2,,,MASCULINO,SIN DATOS,0,0,Morelia,Campestre Los Manantiales,abril,miércoles,14,-101.238369941711,19.688394804589
5996,5996,2017,"170487182",2017/04/26,15:23:00,COLISIÓN POR CORTE DE CIRCULACIÓN,ASFALTO,Bueno,Bueno,2,CHEVROLET,BLANCO Y AZUL,2,,19,MASCULINO,SIN DATOS,0,0,Morelia,Ventura Puente,abril,miércoles,15,-101.179457902908,19.6924455011519
5997,5997,2017,,2017/04/26,15:40:00,COLISIÓN POR CORTE DE CIRCULACIÓN,CONCRETO,Bueno,Bueno,2,VELOCI,ROJA,2,,18,FEMENINO,SIN DATOS,0,0,Penjamillo,Pueblo Nuevo,abril,miércoles,16,-101.933920383453,20.1093216288651
5998,5998,2017,,2017/04/26,15:40:00,COLISIÓN CONTRA OBJETO FIJO,CONCRETO,Bueno,Bueno,0,,,0,MINISTERIO PÚBLICO,,,,0,0,Penjamillo,Pueblo Nuevo,abril,miércoles,16,-101.933931112289,20.1093216288651
5999,5999,2017,"170487344",2017/04/26,16:10:00,COLISIÓN POR CORTE DE CIRCULACIÓN,CONCRETO,Bueno,Bueno,2,FORD,BLANCO Y VERDE,2,,30,MASCULINO,SIN DATOS,0,0,Morelia,Colinas del Sur,abril,miércoles,16,-101.197849810123,19.6649421875919
6000,6000,2017,"170487490",2017/04/26,16:30:00,COLISIÓN CON PEATÓN,CONCRETO,Bueno,Bueno,1,CHEVROLET,BLANCO,1,,25,FEMENINO,SIN DATOS,0,0,Morelia,Clara Cordova Moran,abril,miércoles,17,-101.182000637054,19.7325630718642
6001,6001,2017,"170488066",2017/04/26,18:35:00,COLISIÓN POR CORTE DE CIRCULACIÓN,CONCRETO,Bueno,Bueno,2,TOYOTA,BLANCO Y GRIS,2,,65,MASCULINO,SIN DATOS,0,0,Morelia,Primo Tapia,abril,miércoles,19,-101.212229132652,19.7092633816854
6002,6002,2017,"170488281",2017/04/26,18:40:00,COLISIÓN POR CORTE DE CIRCULACIÓN,CONCRETO,Bueno,Bueno,2,NISSAN,BLANCO Y ROJO,2,,51,MASCULINO,SIN DATOS,0,0,Morelia,Ferrocarrilero,abril,miércoles,19,-101.224148869514,19.6913747534218
6003,6003,2017,"170488291",2017/04/26,19:10:00,COLISIÓN POR CORTE DE CIRCULACIÓN,ASFALTO,Bueno,Bueno,2,V.W.,GRIS,2,,20,MASCULINO,SIN DATOS,0,0,Morelia,Bosques de Oriente,abril,miércoles,19,-101.156401634216,19.7152628463229
6004,6004,2017,"170488667",2017/04/26,19:24:00,COLISIÓN POR CORTE DE CIRCULACIÓN,ASFALTO,Bueno,Bueno,2,CHEVROLET,AZUL,2,,52,MASCULINO,SIN DATOS,0,0,Morelia,Bosques de Oriente,abril,miércoles,19,-101.155436038971,19.7160001387352
6005,6005,2017,"170488471",2017/04/26,19:40:00,COLISIÓN POR CORTE DE CIRCULACIÓN,ASFALTO,Bueno,Bueno,2,KENWORTH,BLANCO,2,,24,MASCULINO,SIN DATOS,0,0,Morelia,Enrique Arreguin Robles,abril,miércoles,20,-101.178835630417,19.7203632242334