fid,id_accidente,anio_origen,folio_c5i,dia_incidente,hora_ocurrencia,tipo_incidente_vial,superficie_ocurrencia,condiciones_climaticas,condiciones_via,numero_vehiculos_involucrados,marca_vehiculo_ocasiona_siniestro,color_vehiculo_ocasiona_siniestro,numero_personas_involucradas,lugar_remite_presunto_responsable,edad_presunto_responsable,sexo_presunto_responsable,resultados_toxicologia,numero_personas_lesionadas,numero_personas_fallecidas,municipio,colonia,mes,dia_semana,hora_redondeada,lon,lat
6006,6006,2017,"170188776",2017/04/26,20:50:00,COLISIÓN POR ALCANCE,ASFALTO,Bueno,Bueno,2,KIA,NEGRO,2,MINISTERIO PÚBLICO,57,MASCULINO,SIN DATOS,0,0,Morelia,Felix Ireta,abril,miércoles,21,-101.195776462555,19.681586171027
6007,6007,2017,"170488918",2017/04/26,20:55:00,COLISIÓN POR CORTE DE CIRCULACIÓN,ASFALTO,Bueno,Bueno,2,SEAT,AZUL,2,,22,MASCULINO,SIN DATOS,0,0,Morelia,Lomas de Huerta,abril,miércoles,21,-101.214289069176,19.6743630460693
6008,6008,2017,"170489117",2017/04/26,22:00:00,COLISIÓN CON PEATÓN,ASFALTO,Bueno,Bueno,1,V.W.,GRIS,0,MINISTERIO PÚBLICO,,,,0,0,Morelia,El Lago 3,abril,miércoles,22,-101.220790743828,19.72739238925
6009,6009,2017,"17048994",2017/04/26,23:00:00,COLISIÓN CONTRA OBJETO FIJO,CONCRETO,Bueno,Bueno,1,DODGE,GRIS,3,MINISTERIO PÚBLICO,,,SIN DATOS,2,0,Morelia,Comision Federal de Electricidad,abril,miércoles,23,-101.177183389664,19.687192707836
6010,6010,2017,"170489416",2017/04/26,25:00:00,COLISIÓN POR CORTE DE CIRCULACIÓN,ASFALTO,Bueno,Bueno,2,NISSAN,BLANCO,2,,,MASCULINO,SIN DATOS,0,0,Morelia,Primo Tapia Oriente,abril,miércoles,,-101.158493757248,19.7135963509462
6011,6011,2017,,2017/04/27,"09:00:00",COLISIÓN POR CORTE DE CIRCULACIÓN,ASFALTO,Bueno,Bueno,3,FORD,CREMA,2,,38,MASCULINO,SIN DATOS,1,0,Zinapécuaro,Sin datos,abril,jueves,9,-100.832862854004,19.817501873174
6012,6012,2017,"170490253",2017/04/27,"09:54:00",COLISIÓN CON PEATÓN,ASFALTO,Bueno,Bueno,1,FORD,AZUL,1,,,,,1,0,Morelia,Elias Perez Avalos,abril,jueves,10,-101.168664693832,19.7127782468597
6013,6013,2017,"170490284",2017/04/27,10:15:00,COLISIÓN POR CORTE DE CIRCULACIÓN,ASFALTO,Bueno,Regular,2,FORD,GRIS,2,,56,FEMENINO,SIN DATOS,0,0,Morelia,Bosques de Oriente,abril,jueves,10,-101.15560233593,19.7155456438145
6014,6014,2017,"170490436",2017/04/27,10:50:00,COLISIÓN POR CORTE DE CIRCULACIÓN,CONCRETO,Bueno,Regular,2,NISSAN,BLANCO Y ROJO,2,,31,MASCULINO,SIN DATOS,0,0,Morelia,Libertad,abril,jueves,11,-101.234282255173,19.6860638398539
6016,6016,2017,"170491207",2017/04/27,13:35:00,COLISIÓN POR CORTE DE CIRCULACIÓN,ASFALTO,Bueno,Bueno,2,KENWORTH,ROJO,2,,23,MASCULINO,SIN DATOS,0,0,Morelia,Comision Federal de Electricidad,abril,jueves,14,-101.181292533875,19.6815659669358
6017,6017,2017,"170491204",2017/04/27,13:50:00,COLISIÓN POR CORTE DE CIRCULACIÓN,ASFALTO,Bueno,Regular,2,FORD,AZUL,2,,58,MASCULINO,SIN DATOS,0,0,Morelia,Bosques de Oriente,abril,jueves,14,-101.155554056168,19.7155658436162
6018,6018,2017,,2017/04/27,14:00:00,COLISIÓN POR CORTE DE CIRCULACIÓN,ASFALTO,Bueno,Bueno,2,FREIGHTLINER,AZUL,2,,33,MASCULINO,SIN DATOS,0,0,Cuitzeo,Centro,abril,jueves,14,-101.139718294144,19.9691338209802
6019,6019,2017,"170491620",2017/04/27,14:50:00,COLISIÓN POR ALCANCE,CONCRETO,Bueno,Bueno,4,NISSAN,BLANCO Y GRIS,4,,42,MASCULINO,SIN DATOS,0,0,Morelia,Elias Perez Avalos,abril,jueves,15,-101.168664693832,19.7128287472332
6020,6020,2017,"170492160",2017/04/27,17:30:00,COLISIÓN POR CORTE DE CIRCULACIÓN,CONCRETO,Bueno,Bueno,2,NISSAN,BLANCO Y GRIS,2,,34,MASCULINO,SIN DATOS,0,0,Morelia,Union,abril,jueves,18,-101.156401634216,19.7061221580777
6021,6021,2017,"170492315",2017/04/27,17:50:00,COLISIÓN POR ALCANCE,CONCRETO,Bueno,Bueno,2,TOYOTA,BLANCO,2,,,MASCULINO,SIN DATOS,0,0,Morelia,Cuauhtemoc,abril,jueves,18,-101.182590723038,19.6969051894233
6022,6022,2017,,2017/04/27,18:00:00,COLISIÓN POR NO RESPETAR SEMÁFORO,ADOQUIN_EMPEDRADO,Bueno,Bueno,1,VOLKSWAGEN,GUINDA,2,,,MASCULINO,SIN DATOS,0,1,Pátzcuaro,Colimillas,abril,jueves,18,-101.605274677277,19.5054918990033
6023,6023,2017,"170492470",2017/04/27,18:50:00,COLISIÓN POR CORTE DE CIRCULACIÓN,ASFALTO,Bueno,Bueno,2,HONDA,AZUL,2,,31,MASCULINO,SIN DATOS,0,0,Morelia,Chapultepec Oriente,abril,jueves,19,-101.160290837288,19.6881523656342
6024,6024,2017,"170493309",2017/04/27,21:20:00,COLISIÓN POR ALCANCE,CONCRETO,Bueno,Bueno,2,CHEVROLET,VERDE,2,MINISTERIO PÚBLICO,24,FEMENINO,SIN DATOS,0,0,Morelia,Eduardo Ruiz,abril,jueves,21,-101.223907470703,19.7250796664976
6025,6025,2017,,2017/04/28,"03:50:00",COLISIÓN CONTRA OBJETO FIJO,ASFALTO,Bueno,Bueno,1,Nissan,Plata,1,,,,SIN DATOS,0,0,Apatzingán,Independencia,abril,viernes,4,-102.35339641571,19.0954058699173
6026,6026,2017,"170494062",2017/04/28,"04:15:00",COLISIÓN POR CORTE DE CIRCULACIÓN,ASFALTO,Bueno,Regular,2,VOLKSWAGEN,GRIS,2,,41,MASCULINO,SIN DATOS,0,0,Tarímbaro,Los Angeles,abril,viernes,4,-101.171580255032,19.7509797437852
6027,6027,2017,"170494057",2017/04/28,"04:55:00",COLISIÓN CONTRA OBJETO FIJO,ASFALTO,Bueno,Bueno,1,HONDA,ROJO,1,,20,MASCULINO,SIN DATOS,0,0,Morelia,Las Americas,abril,viernes,5,-101.15339756012,19.6874048432128
6028,6028,2017,"170494355",2017/04/28,"08:20:00",COLISIÓN POR CORTE DE CIRCULACIÓN,ASFALTO,Bueno,Bueno,2,VOLKSWAGEN,ORO,2,,,MASCULINO,SIN DATOS,0,0,Morelia,Lomas del Tecnologico,abril,viernes,8,-101.191313266754,19.722645716885
6029,6029,2017,"170494409",2017/04/28,"09:35:00",COLISIÓN POR CORTE DE CIRCULACIÓN,ASFALTO,Bueno,Bueno,3,FORD,BLANCO,3,,28,MASCULINO,SIN DATOS,0,0,Morelia,Ampliacion La Soledad,abril,viernes,10,-101.182942092419,19.7337875498287
6030,6030,2017,"170494693",2017/04/28,10:30:00,COLISIÓN POR ALCANCE,ASFALTO,Bueno,Bueno,2,CHEVROLET,BLANCO,2,,28,MASCULINO,SIN DATOS,0,0,Morelia,Ventura Puente,abril,viernes,11,-101.19127035141,19.691182826185
6031,6031,2017,"170494896",2017/04/28,11:30:00,COLISIÓN POR MANIOBRA DE REVERSA,ASFALTO,Bueno,Bueno,2,SIN DATOS,NEGRO,2,,22,,SIN DATOS,0,0,Morelia,Melchor Ocampo,abril,viernes,12,-101.200969219208,19.7057484392659
6032,6032,2017,"170495408",2017/04/28,12:30:00,COLISIÓN POR ALCANCE,ASFALTO,Bueno,Bueno,2,VOLKSWAGEN,BLANCO,2,,50,MASCULINO,SIN DATOS,0,0,Morelia,Lomas de Hidalgo,abril,viernes,13,-101.162205934525,19.6959910392113
6033,6033,2017,"170495691",2017/04/28,13:20:00,COLISIÓN POR CORTE DE CIRCULACIÓN,CONCRETO,Bueno,Bueno,2,CHEVROLET,PLATA,2,,40,FEMENINO,SIN DATOS,0,0,Morelia,Nueva Valladolid,abril,viernes,13,-101.210364997387,19.6958950783891
6034,6034,2017,"170495662",2017/04/28,13:45:00,COLISIÓN POR CORTE DE CIRCULACIÓN,ASFALTO,Bueno,Bueno,2,VOLKSWAGEN,GRIS,2,,,MASCULINO,SIN DATOS,0,0,Morelia,Libertad,abril,viernes,14,-101.236921548843,19.6849299129974
6035,6035,2017,,2017/04/28,15:30:00,COLISIÓN POR ALCANCE,ASFALTO,Bueno,Bueno,2,NISSAN,BLANCO Y ROJO,2,,,MASCULINO,SIN DATOS,0,0,Pátzcuaro,Centro,abril,viernes,16,-101.617687940598,19.5163024444409
6036,6036,2017,"170497938",2017/04/28,19:15:00,COLISIÓN POR CORTE DE CIRCULACIÓN,CONCRETO,Bueno,Bueno,2,TOYOTA,GRIS,2,,38,MASCULINO,SIN DATOS,0,0,Morelia,Cinco de Diciembre,abril,viernes,19,-101.160897016525,19.6879604345346
6037,6037,2017,"170497467",2017/04/28,21:10:00,VOLCADURA,ASFALTO,Bueno,Bueno,2,KENWORTH,BLANCO,1,,54,MASCULINO,SIN DATOS,0,0,Indaparapeo,La Cajita,abril,viernes,21,-100.980706214905,19.7880262834436
6038,6038,2017,,2017/04/28,21:10:00,COLISIÓN CON PEATÓN,ASFALTO,Bueno,Bueno,1,Chevrolet,Blanco,2,,29,MASCULINO,CON CERTIFICADO,1,0,Apatzingán,Chavez Tejeda,abril,viernes,21,-102.344523668289,19.0944122955593
6039,6039,2017,"170497278",2017/04/28,21:20:00,COLISIÓN POR CORTE DE CIRCULACIÓN,ASFALTO,Bueno,Bueno,2,NISSAN,BLANCO,2,,40,MASCULINO,SIN DATOS,0,0,Morelia,Erendira,abril,viernes,21,-101.163901090622,19.7018849436293
6042,6042,2017,"170497249",2017/04/28,21:35:00,COLISIÓN POR CORTE DE CIRCULACIÓN,ASFALTO,Bueno,Bueno,2,HONDA,GRIS,2,,21,MASCULINO,SIN DATOS,0,0,Morelia,Loma de Los Piñones,abril,viernes,22,-101.205089092255,19.6741609959342
6043,6043,2017,,2017/04/28,21:55:00,COLISIÓN POR CORTE DE CIRCULACIÓN,ASFALTO,Bueno,Bueno,2,Nissan,Blanco,3,,37,FEMENINO,SIN DATOS,1,0,Apatzingán,Bellavista,abril,viernes,22,-102.34544634819,19.0727042493051
6044,6044,2017,"170497364",2017/04/28,22:00:00,COLISIÓN POR CORTE DE CIRCULACIÓN,ASFALTO,Bueno,Bueno,1,HONDA,ROJO/ NEGRO,1,MINISTERIO PÚBLICO,47,MASCULINO,SIN DATOS,0,0,Morelia,Las Flores,abril,viernes,22,-101.208923310041,19.7083518271687
6045,6045,2017,"170497739",2017/04/28,23:45:00,COLISIÓN POR ALCANCE,ASFALTO,Bueno,Regular,2,SIN DATO,SIN DATO,1,,21,MASCULINO,SIN DATOS,0,0,Morelia,Juarez,abril,viernes,0,-101.199577152729,19.696266294935
6047,6047,2017,,2017/04/29,"00:20:00",SALIDA DE SUPERFICIE DE RODAMIENTO,ASFALTO,Bueno,Regular,1,NISSAN,BLANCO Y AZUL,1,,32,MASCULINO,SIN DATOS,0,0,Cuitzeo,Leandro Valle,abril,sábado,0,-101.152909398079,19.9700060658335
6048,6048,2017,"170497913",2017/04/29,"00:40:00",COLISIÓN POR ALCANCE,ASFALTO,Bueno,Bueno,1,VOLKSWAGEN,PLATA,1,MINISTERIO PÚBLICO,,,SIN DATOS,0,0,Morelia,Ciudad Industrial,abril,sábado,1,-101.138291358948,19.7288769578301
6049,6049,2017,,2017/04/29,"01:10:00",CAIDA ACUATICA DE VEHÍCULO,CONCRETO,Bueno,Bueno,1,NISSAN,BLANCO,1,,49,MASCULINO,SIN DATOS,0,0,Morelia,Campobello,abril,sábado,1,-101.236428022385,19.6671395955144
6050,6050,2017,"170896858",2017/04/29,"01:15:00",COLISIÓN CONTRA OBJETO FIJO,ASFALTO,Bueno,Bueno,2,NISSAN,ROJO,2,,,,SIN DATOS,0,0,Morelia,Felix Ireta,abril,sábado,1,-101.189701835829,19.6882149578348
6051,6051,2017,"170497877",2017/04/29,"02:00:00",CAIDA DE MOTOCICLETA,CONCRETO,Bueno,Bueno,1,ITALIKA,NEGRO Y ROJO,1,,,,SIN DATOS,0,0,Morelia,Solidaridad,abril,sábado,2,-101.206306815147,19.7305584423162
6052,6052,2017,"170497965",2017/04/29,"03:30:00",COLISIÓN POR CORTE DE CIRCULACIÓN,CONCRETO,Bueno,Bueno,1,CHEVROLET,GRIS,1,,,,SIN DATOS,0,0,Morelia,Barrio Alto,abril,sábado,4,-101.197149753571,19.7254634394017
6053,6053,2017,"170498004",2017/04/29,"04:15:00",COLISIÓN CONTRA OBJETO FIJO,ASFALTO,Bueno,Bueno,1,MAZDA,GRIS,1,,37,,SIN DATOS,0,0,Morelia,Felix Ireta,abril,sábado,4,-101.191849708557,19.6824650465249
6054,6054,2017,"170498403",2017/04/29,"09:20:00",COLISIÓN POR CORTE DE CIRCULACIÓN,CONCRETO,Bueno,Bueno,2,V.W.,PLATA,2,,56,MASCULINO,SIN DATOS,0,0,Morelia,Vasco de Quiroga,abril,sábado,9,-101.175895929337,19.6982536777176
6055,6055,2017,"170499078",2017/04/29,12:00:00,COLISIÓN POR ALCANCE,ASFALTO,Bueno,Bueno,2,CHEVROLET,BLANCO,2,,34,MASCULINO,SIN DATOS,0,0,Morelia,Morelia 450,abril,sábado,12,-101.217078566551,19.6755500854675
6056,6056,2017,"170499186",2017/04/29,12:25:00,COLISIÓN POR CORTE DE CIRCULACIÓN,SIN_DATOS,Bueno,Bueno,2,NISSAN,AZUL,2,,42,MASCULINO,SIN DATOS,0,0,Morelia,Comision Federal de Electricidad,abril,sábado,12,-101.178824901581,19.6815558648894
6057,6057,2017,,2017/04/29,12:50:00,SALIDA DE SUPERFICIE DE RODAMIENTO,ASFALTO,Bueno,Bueno,1,Nissan,Rojo,1,,43,MASCULINO,SIN DATOS,0,0,Aguililla,Sin datos,abril,sábado,13,-102.779502868652,18.8854167672512
6058,6058,2017,"17043906",2017/04/29,14:45:00,COLISIÓN POR CORTE DE CIRCULACIÓN,ASFALTO,Bueno,Bueno,2,FORD,CREMA,2,,19,MASCULINO,SIN DATOS,0,0,Morelia,Indeco El Vivero,abril,sábado,15,-101.230044364929,19.6771614142399
6059,6059,2017,"170499951",2017/04/29,15:20:00,COLISIÓN POR CORTE DE CIRCULACIÓN,ASFALTO,Bueno,Bueno,2,TOYOTA,BLANCO,2,,57,MASCULINO,SIN DATOS,0,0,Morelia,Elias Perez Avalos,abril,sábado,15,-101.165885925293,19.7105764150709
6060,6060,2017,"170500269",2017/04/29,16:00:00,COLISIÓN POR CORTE DE CIRCULACIÓN,ASFALTO,Bueno,Regular,2,GMC,AMARILLO,2,,42,MASCULINO,SIN DATOS,0,0,Morelia,Lomas del Valle,abril,sábado,16,-101.231380105019,19.68453846645
6061,6061,2017,"170501106",2017/04/29,16:40:00,COLISIÓN POR CORTE DE CIRCULACIÓN,ASFALTO,Bueno,Regular,2,JEEP,GUINDA,2,,,,SIN DATOS,0,0,Morelia,Felix Ireta,abril,sábado,17,-101.191538572311,19.6825155564645
6062,6062,2017,"170500447",2017/04/29,16:45:00,COLISIÓN POR CORTE DE CIRCULACIÓN,ASFALTO,Bueno,Bueno,2,CHEVROLET,BLANCO,2,,47,MASCULINO,SIN DATOS,0,0,Morelia,Industrial,abril,sábado,17,-101.197428703308,19.7132731498319
6063,6063,2017,"170500502",2017/04/29,17:06:00,COLISIÓN POR CORTE DE CIRCULACIÓN,ASFALTO,Bueno,Bueno,2,FREIGHTLINER,BLANCO Y AZUL,2,,22,MASCULINO,SIN DATOS,0,0,Morelia,Jardines de Guadalupe,abril,sábado,17,-101.222017854452,19.7114311435109
6064,6064,2017,,2017/04/29,18:00:00,VOLCADURA,ASFALTO,Bueno,Bueno,1,NISSAN,BCO/AZUL,2,MINISTERIO PÚBLICO,33,MASCULINO,SIN DATOS,1,0,Tacámbaro,Sin datos,abril,sábado,18,-101.45028591156,19.1973776708477
6065,6065,2017,"170502376",2017/04/30,"00:24:00",COLISIÓN POR CORTE DE CIRCULACIÓN,ASFALTO,Bueno,Bueno,2,FORD,ROJO,2,,,MASCULINO,SIN DATOS,0,0,Morelia,Quinceo,abril,domingo,0,-101.224229335785,19.7254230422973
6066,6066,2017,"170502671",2017/04/30,"03:30:00",COLISIÓN CONTRA OBJETO FIJO,ASFALTO,Bueno,Regular,1,SATUR,GRIS,1,,36,MASCULINO,SIN DATOS,0,0,Morelia,Sin datos,abril,domingo,4,-101.333985328674,19.6842530886866
6067,6067,2017,"170502670",2017/04/30,"03:30:00",COLISIÓN CONTRA OBJETO FIJO,ASFALTO,Bueno,Regular,1,CHEVROLET,NEGRO,1,,26,MASCULINO,SIN DATOS,0,0,Morelia,Primo Tapia Oriente,abril,domingo,4,-101.159738302231,19.7129600481295
6068,6068,2017,"170502692",2017/04/30,"04:10:00",COLISIÓN POR CORTE DE CIRCULACIÓN,CONCRETO,Bueno,Bueno,2,DODGE,GRIS,2,,61,,SIN DATOS,0,0,Morelia,Nueva Valladolid,abril,domingo,4,-101.207363605499,19.7022940240541
6069,6069,2017,"170502716",2017/04/30,"04:15:00",VOLCADURA,ASFALTO,Bueno,Bueno,1,LINCOLN,BLANCO,0,,,,,0,0,Morelia,Nicolaitas Ilustres,abril,domingo,4,-101.226820349693,19.7217670620681
6070,6070,2017,"170502780",2017/04/30,"05:00:00",COLISIÓN CONTRA OBJETO FIJO,ASFALTO,Bueno,Bueno,1,CHEVROLET,BLANCO,1,,27,MASCULINO,SIN DATOS,0,0,Morelia,Ampliacion La Soledad,abril,domingo,5,-101.180627346039,19.7377840795943
6071,6071,2017,"170502879",2017/04/30,"06:50:00",SALIDA DE SUPERFICIE DE RODAMIENTO,ASFALTO,Bueno,Bueno,1,HONDA,NEGRO,1,,25,MASCULINO,SIN DATOS,0,0,Morelia,Ampliacion La Soledad,abril,domingo,7,-101.183094978333,19.7320480309056
6072,6072,2017,"170502872",2017/04/30,"06:50:00",COLISIÓN CONTRA OBJETO FIJO,ASFALTO,Bueno,Bueno,1,CHEVROLET,PLATA,1,MINISTERIO PÚBLICO,,,SIN DATOS,0,0,Morelia,Sin datos,abril,domingo,7,-101.122975945473,19.7664612315535
6073,6073,2017,"170502876",2017/04/30,"07:25:00",SUBIDA AL CAMELLÓN,ASFALTO,Bueno,Bueno,1,VOLKSWAGEN,ROJO,1,,43,MASCULINO,SIN DATOS,0,0,Morelia,Josefa Ortiz de Dominguez,abril,domingo,7,-101.209640800953,19.6719990435436
6074,6074,2017,"170502894",2017/04/30,"07:40:00",SUBIDA AL CAMELLÓN,ASFALTO,Bueno,Regular,1,V.W.,BLANCO,0,,,,,0,0,Morelia,Las Americas,abril,domingo,8,-101.153528988361,19.6873467585542
6075,6075,2017,"170503016",2017/04/30,"09:20:00",COLISIÓN POR CORTE DE CIRCULACIÓN,CONCRETO,Bueno,Bueno,1,JEEP,AZUL,0,,,,,0,0,Morelia,Villas Oriente,abril,domingo,9,-101.144986152649,19.755293911199
6076,6076,2017,"170503083",2017/04/30,"09:49:00",COLISIÓN POR CORTE DE CIRCULACIÓN,ASFALTO,Bueno,Bueno,2,SIN DATOS,SIN DATOS,1,,32,MASCULINO,SIN DATOS,0,0,Morelia,Santa Fe,abril,domingo,10,-101.173358559608,19.7388898610686
6077,6077,2017,,2017/04/30,12:25:00,COLISIÓN CON PEATÓN,ASFALTO,Bueno,Bueno,1,Honda,Gris,0,,,,,0,0,Apatzingán,Centro,abril,domingo,12,-102.350457,19.087946
6078,6078,2017,"170503882",2017/04/30,13:30:00,COLISIÓN POR CORTE DE CIRCULACIÓN,ASFALTO,Bueno,Bueno,2,NISSAN,BLANCO,2,,53,MASCULINO,SIN DATOS,0,0,Morelia,Prados Verdes,abril,domingo,14,-101.201527118683,19.7146669499711
6079,6079,2017,,2017/04/30,15:23:00,VOLCADURA,TERRACERIA,Bueno,Regular,1,MERCURY,CERESA,1,MINISTERIO PÚBLICO,69,MASCULINO,SIN DATOS,0,0,Penjamillo,Sin datos,abril,domingo,15,-101.896476745605,20.1320638101204
6080,6080,2017,"170504553",2017/04/30,15:49:00,COLISIÓN POR ALCANCE,ASFALTO,Bueno,Bueno,3,RENAULT,PLATA,3,MINISTERIO PÚBLICO,33,FEMENINO,SIN DATOS,0,0,Morelia,San Rafael,abril,domingo,16,-101.153901815414,19.699879929385
6082,6082,2017,"170504653",2017/04/30,16:30:00,COLISIÓN POR ALCANCE,ASFALTO,Bueno,Bueno,2,NISSAN,BLANCO,2,MINISTERIO PÚBLICO,17,MASCULINO,SIN DATOS,0,0,Morelia,Arboledas de La Huerta,abril,domingo,17,-101.224755048752,19.6686626088502
6083,6083,2017,"170504723",2017/04/30,16:40:00,COLISIÓN POR CORTE DE CIRCULACIÓN,CONCRETO,Bueno,Regular,2,HONDA,BLANCO,2,,18,MASCULINO,SIN DATOS,0,0,Morelia,Guadalupe,abril,domingo,17,-101.223553419113,19.7072382590614
6084,6084,2017,,2017/04/30,16:55:00,COLISIÓN POR CORTE DE CIRCULACIÓN,ASFALTO,Bueno,Bueno,2,Dodge,Verde,2,,58,MASCULINO,SIN DATOS,0,0,Apatzingán,Atimapa,abril,domingo,17,-102.367268800735,19.1058380405049
6085,6085,2017,"170504885",2017/04/30,17:20:00,COLISIÓN POR ALCANCE,ASFALTO,Bueno,Bueno,2,CHRYSLER,BLANCO,2,,43,MASCULINO,SIN DATOS,0,0,Morelia,La Esperanza,abril,domingo,17,-101.25077649951,19.6985781718002
6086,6086,2017,,2017/04/30,20:00:00,COLISIÓN CONTRA OBJETO FIJO,ASFALTO,Bueno,Bueno,2,BMW,ROJO,0,MINISTERIO PÚBLICO,,,,0,0,Uruapan,Sin datos,abril,domingo,20,-102.158603668213,19.5106090480145
6087,6087,2017,"17050533",2017/04/30,20:20:00,COLISIÓN POR ALCANCE,ASFALTO,Bueno,Bueno,2,FORD,NEGRO,5,MINISTERIO PÚBLICO,,,,5,0,Morelia,Fracc Valle de Mil Cumbres,abril,domingo,20,-101.110353469849,19.6889402908952
6088,6088,2017,"170505781",2017/04/30,21:30:00,SUBIDA AL CAMELLÓN,ASFALTO,Bueno,Bueno,1,CHRYSLER,BLANCO,1,,23,,SIN DATOS,0,0,Morelia,Sin datos,abril,domingo,22,-101.314995288849,19.6871624027592
6090,6090,2017,"170506016",2017/04/30,22:30:00,COLISIÓN CONTRA OBJETO FIJO,ASFALTO,Bueno,Bueno,1,FORD,VERDE,1,MINISTERIO PÚBLICO,,,SIN DATOS,0,0,Morelia,Loma Bonita,abril,domingo,23,-101.191361546516,19.6563442239553
6091,6091,2017,"170506224",2017/04/30,23:45:00,COLISIÓN POR CORTE DE CIRCULACIÓN,ASFALTO,Bueno,Bueno,2,FORD,NARANJA,2,,,MASCULINO,SIN DATOS,0,0,Morelia,Sin datos,abril,domingo,0,-101.118764877319,19.6884352110458
6092,6092,2017,"170506426",2017/04/30,23:50:00,COLISIÓN POR CORTE DE CIRCULACIÓN,ASFALTO,Bueno,Bueno,2,MERCEDES BENZ,BLANCO,2,,20,MASCULINO,SIN DATOS,0,0,Morelia,Sin datos,abril,domingo,0,-101.092066168785,19.7253977941019
6093,6093,2017,"170509618",2017/05/01,"00:00:00",COLISIÓN POR ALCANCE,ASFALTO,Bueno,Bueno,2,NISSAN,ARENA,7,,30,FEMENINO,SIN DATOS,5,0,Morelia,San Jose Itzicuaro,mayo,lunes,0,-101.303046047688,19.6878897230189
6094,6094,2017,"170506428",2017/05/01,"00:46:00",COLISIÓN POR ALCANCE,ASFALTO,Bueno,Bueno,2,PONTIAC,VERDE,2,,27,MASCULINO,ALIENTO ETÍLICO,0,0,Morelia,Trinidad Salgado,mayo,lunes,1,-101.231997013092,19.7030111748675
6096,6096,2017,"170506746",2017/05/01,"07:15:00",COLISIÓN POR ALCANCE,ASFALTO,Bueno,Bueno,3,VOLKSWAGEN,NEGRO,3,,37,MASCULINO,ALIENTO ETÍLICO,0,0,Morelia,Primo Tapia Oriente,mayo,lunes,7,-101.160221099854,19.71270754631
6097,6097,2017,"170507104",2017/05/01,"09:15:00",COLISIÓN POR ALCANCE,ASFALTO,Bueno,Regular,2,INTERNATIONAL,BLANCO Y ROJO,2,,46,MASCULINO,SIN DATOS,0,0,Morelia,Felix Ireta,mayo,lunes,9,-101.191592216492,19.6825660663881
6098,6098,2017,"170507263",2017/05/01,10:40:00,COLISIÓN POR CORTE DE CIRCULACIÓN,CONCRETO,Bueno,Regular,2,KENWORTH,AMARILLO,2,,47,MASCULINO,SIN DATOS,0,0,Morelia,Los Manantiales de Morelia,mayo,lunes,11,-101.23761691153,19.698485369085
6099,6099,2017,"170508698",2017/05/01,16:00:00,COLISIÓN POR CORTE DE CIRCULACIÓN,ASFALTO,Bueno,Bueno,2,KENWORTH,BLANCO,2,,41,MASCULINO,SIN DATOS,0,0,Morelia,Bosques de Oriente,mayo,lunes,16,-101.156938076019,19.7149194486964
6100,6100,2017,,2017/05/01,16:00:00,COLISIÓN CON PEATÓN,CONCRETO,Bueno,Regular,1,FORD,BLANCO,3,MINISTERIO PÚBLICO,,,,2,1,Tumbiscatío,Centro,mayo,lunes,16,-102.376270294189,18.5242233387679
6101,6101,2017,"170508516",2017/05/01,16:05:00,COLISIÓN POR CORTE DE CIRCULACIÓN,CONCRETO,Bueno,Bueno,2,MAZDA,GRIS,2,,29,FEMENINO,SIN DATOS,0,0,Morelia,Vasco de Quiroga,mayo,lunes,16,-101.168267726898,19.6968193302333
6102,6102,2017,"170508933",2017/05/01,17:55:00,COLISIÓN CONTRA OBJETO FIJO,CONCRETO,Bueno,Regular,2,SIN DATOS,AZUL,2,,,,SIN DATOS,0,0,Morelia,Jardines de Guadalupe,mayo,lunes,18,-101.220997273922,19.7122656671666
6103,6103,2017,"170509023",2017/05/01,18:05:00,COLISIÓN POR ALCANCE,ASFALTO,Bueno,Bueno,2,NISSAN,GRIS,2,MINISTERIO PÚBLICO,36,MASCULINO,SIN DATOS,0,0,Morelia,Los Pinos de Michoacan,mayo,lunes,18,-101.216375827789,19.683162082284
6104,6104,2017,"170508782",2017/05/01,18:40:00,COLISIÓN POR CORTE DE CIRCULACIÓN,ASFALTO,Bueno,Bueno,2,NISSAN,BLANCO Y ROJO,2,,36,MASCULINO,SIN DATOS,0,0,Morelia,Sin datos,mayo,lunes,19,-101.27956867218,19.6462453220838
6105,6105,2017,,2017/05/01,19:50:00,VOLCADURA,ASFALTO,Bueno,Bueno,1,ISUZU,BLANCO,1,,29,MASCULINO,SIN DATOS,0,0,Sin datos,Sin datos,mayo,lunes,20,-101.155672073364,20.0875333830662
6106,6106,2017,"170510253",2017/05/01,22:45:00,COLISIÓN POR ALCANCE,ASFALTO,Bueno,Regular,2,NISSAN,BLANCO Y ROJO,2,MINISTERIO PÚBLICO,42,MASCULINO,SIN DATOS,0,0,Morelia,San Pascual,mayo,lunes,23,-101.267380714417,19.6954051722418
6107,6107,2017,,2017/05/01,22:50:00,COLISIÓN POR CORTE DE CIRCULACIÓN,CONCRETO,Bueno,Bueno,3,CHEVROLET,AZUL,3,,28,MASCULINO,ALIENTO ETÍLICO,0,0,Morelia,Centro,mayo,lunes,23,-101.200135052204,19.6983799400847