fid,id_accidente,anio_origen,folio_c5i,dia_incidente,hora_ocurrencia,tipo_incidente_vial,superficie_ocurrencia,condiciones_climaticas,condiciones_via,numero_vehiculos_involucrados,marca_vehiculo_ocasiona_siniestro,color_vehiculo_ocasiona_siniestro,numero_personas_involucradas,lugar_remite_presunto_responsable,edad_presunto_responsable,sexo_presunto_responsable,resultados_toxicologia,numero_personas_lesionadas,numero_personas_fallecidas,municipio,colonia,mes,dia_semana,hora_redondeada,lon,lat
6108,6108,2017,"170510609",2017/05/02,"03:10:00",VOLCADURA,ASFALTO,Bueno,Regular,1,NISSAN,PLATA,0,MINISTERIO PÚBLICO,,,,0,0,Morelia,3 de Agosto,mayo,martes,3,-101.171861886978,19.7309169547374
6109,6109,2017,"17051011626",2017/05/02,"04:00:00",COLISIÓN CONTRA OBJETO FIJO,CONCRETO,Bueno,Bueno,1,DODGE,ARENA,0,,,,,0,0,Morelia,Diego Rivera,mayo,martes,4,-101.175708174706,19.7180201005287
6110,6110,2017,"170510942",2017/05/02,"08:20:00",COLISIÓN POR ALCANCE,ASFALTO,Bueno,Bueno,2,MAN,BLANCO Y VERDE,2,,48,MASCULINO,SIN DATOS,0,0,Morelia,Residencial Alborada,mayo,martes,8,-101.234636306763,19.7025263408668
6111,6111,2017,"170511087",2017/05/02,"08:50:00",COLISIÓN POR ALCANCE,ASFALTO,Bueno,Bueno,2,FREIGHTLINER,BLANCO,2,,58,MASCULINO,SIN DATOS,0,0,Morelia,Francisco J Mujica,mayo,martes,9,-101.188158988953,19.7216458679212
6112,6112,2017,"170511047",2017/05/02,"09:07:00",COLISIÓN POR ALCANCE,ASFALTO,Bueno,Bueno,3,V.W.,AZUL,3,,40,MASCULINO,SIN DATOS,0,0,Morelia,Felix Ireta,mayo,martes,9,-101.182000637054,19.6813588748548
6113,6113,2017,"170511221",2017/05/02,"09:30:00",COLISIÓN POR ALCANCE,ASFALTO,Bueno,Bueno,2,VOLKSWAGEN,BLANCO Y NARANJA,2,,,MASCULINO,SIN DATOS,0,0,Morelia,Las Americas,mayo,martes,10,-101.159038245678,19.6880791287944
6114,6114,2017,"170511350",2017/05/02,"09:50:00",COLISIÓN POR CORTE DE CIRCULACIÓN,ASFALTO,Bueno,Bueno,2,PEUGEOT,NEGRO,2,,,MASCULINO,SIN DATOS,0,0,Morelia,Fidel Velazquez,mayo,martes,10,-101.236417293549,19.7075766229797
6115,6115,2017,"170511389",2017/05/02,10:35:00,COLISIÓN POR CORTE DE CIRCULACIÓN,ASFALTO,Bueno,Bueno,2,V.W.,BLANCO,2,,72,MASCULINO,SIN DATOS,0,0,Morelia,Diego Rivera,mayo,martes,11,-101.175048351288,19.7173131168041
6116,6116,2017,"170511962",2017/05/02,10:51:00,COLISIÓN POR CORTE DE CIRCULACIÓN,ASFALTO,Bueno,Bueno,2,FREIGHTLINER,BLANCO,2,,28,MASCULINO,SIN DATOS,0,0,Morelia,Los Manantiales de Morelia,mayo,martes,11,-101.240268945694,19.6928394537032
6117,6117,2017,"170511510",2017/05/02,11:30:00,COLISIÓN POR CORTE DE CIRCULACIÓN,ASFALTO,Bueno,Bueno,2,VOLKSWAGEN,BLANCO,2,,44,MASCULINO,SIN DATOS,0,0,Morelia,Elias Perez Avalos,mayo,martes,12,-101.164957880974,19.7106925675053
6118,6118,2017,LEG6517,2017/05/02,14:32:00,COLISIÓN POR ALCANCE,ASFALTO,Bueno,Bueno,2,NISSAN,BLANCO Y ROJO,2,,56,MASCULINO,SIN DATOS,0,0,Morelia,Infonavit  Las  Camelinas,mayo,martes,15,-101.176174879074,19.6818387219512
6119,6119,2017,"170512957",2017/05/02,15:30:00,COLISIÓN POR CORTE DE CIRCULACIÓN,ASFALTO,Bueno,Bueno,2,"2004",GUINDA,2,,28,MASCULINO,SIN DATOS,0,0,Morelia,Comision Federal de Electricidad,mayo,martes,16,-101.179618835449,19.6817680077325
6120,6120,2017,,2017/05/02,17:50:00,COLISIÓN POR CORTE DE CIRCULACIÓN,ASFALTO,Bueno,Bueno,2,Italika,Verde,3,,18,MASCULINO,CON CERTIFICADO,1,0,Apatzingán,Independencia,mayo,martes,18,-102.354887723923,19.0957607164568
6121,6121,2017,"170514168",2017/05/02,19:55:00,COLISIÓN POR CORTE DE CIRCULACIÓN,ASFALTO,Bueno,Bueno,2,VOLKSWAGEN,GUINDA,2,,37,MASCULINO,SIN DATOS,0,0,Morelia,Ciudad Industrial,mayo,martes,20,-101.14302277565,19.7251806594565
6122,6122,2017,"170514485",2017/05/02,20:45:00,COLISIÓN POR CORTE DE CIRCULACIÓN,ASFALTO,Bueno,Bueno,2,NISSAN,BLANCO,2,,,MASCULINO,SIN DATOS,0,0,Morelia,Ciudad Industrial,mayo,martes,21,-101.143054962158,19.7254432408508
6123,6123,2017,"170514860",2017/05/02,22:15:00,INCENDIO,ASFALTO,Bueno,Bueno,1,HONDA,BLANCO,1,,,MASCULINO,SIN DATOS,0,0,Morelia,Real Punhuato,mayo,martes,22,-101.149352788925,19.6965162974298
6124,6124,2017,"170514863",2017/05/02,22:30:00,COLISIÓN POR ALCANCE,ASFALTO,Bueno,Bueno,2,JEEP,NEGRO,2,,26,MASCULINO,SIN DATOS,0,0,Morelia,Felix Ireta,mayo,martes,23,-101.18702173233,19.6813639258843
6125,6125,2017,"170514975",2017/05/02,23:00:00,COLISIÓN CONTRA OBJETO FIJO,CONCRETO,Bueno,Bueno,3,CHEVROLET,BLANCO Y ROJO,3,,,MASCULINO,CON CERTIFICADO,0,0,Morelia,Sin datos,mayo,martes,23,-101.176060234608,19.6438500166961
6126,6126,2017,LEG6505,2017/05/03,"03:30:00",COLISIÓN POR ALCANCE,ASFALTO,Bueno,Bueno,2,VOLKSWAGEN,BLANCO,2,MINISTERIO PÚBLICO,0,,SIN DATOS,0,0,Morelia,El Lago 1,mayo,miércoles,4,-101.212255954742,19.7267561413501
6127,6127,2017,"170515345",2017/05/03,"07:40:00",COLISIÓN POR CORTE DE CIRCULACIÓN,ASFALTO,Bueno,Bueno,2,NISSAN,BLANCO,2,,25,MASCULINO,SIN DATOS,0,0,Morelia,Sin datos,mayo,miércoles,8,-101.097092628479,19.7302807208735
6128,6128,2017,"170515952",2017/05/03,11:00:00,COLISIÓN POR CORTE DE CIRCULACIÓN,TERRACERIA,Bueno,Bueno,2,SIN DATOS,SIN DATOS,1,,,,SIN DATOS,0,0,Morelia,Josefa Ortiz de Dominguez,mayo,miércoles,11,-101.214734315872,19.6737518436306
6129,6129,2017,"170516557",2017/05/03,12:45:00,SALIDA DE SUPERFICIE DE RODAMIENTO,ASFALTO,Bueno,Bueno,1,NISSAN,BLANCO Y NARANJA,1,,23,MASCULINO,SIN DATOS,0,0,Morelia,Ampliacion La Soledad,mayo,miércoles,13,-101.181748509407,19.7371933164904
6130,6130,2017,"170516668",2017/05/03,13:05:00,COLISIÓN POR CORTE DE CIRCULACIÓN,ASFALTO,Bueno,Bueno,2,HONDA,ARENA,2,,52,MASCULINO,SIN DATOS,0,0,Morelia,Los Pinos de Michoacan,mayo,miércoles,13,-101.216343641281,19.6831216744967
6131,6131,2017,"170518193",2017/05/03,16:06:00,COLISIÓN POR ALCANCE,ASFALTO,Lluvioso,Bueno,2,NISSAN,BLANCO Y AZUL,2,,24,MASCULINO,SIN DATOS,0,0,Morelia,Las Americas,mayo,miércoles,16,-101.158976554871,19.6880210443804
6132,6132,2017,"170517773",2017/05/03,16:50:00,COLISIÓN POR ALCANCE,ASFALTO,Nublado,Regular,2,HONDA,AZUL,2,,37,FEMENINO,SIN DATOS,0,0,Morelia,Infonavit  Las  Camelinas,mayo,miércoles,17,-101.174232959747,19.6819700482744
6133,6133,2017,"170517879",2017/05/03,17:25:00,COLISIÓN POR CORTE DE CIRCULACIÓN,ASFALTO,Bueno,Bueno,2,VENTO,ROJO,2,,20,MASCULINO,SIN DATOS,0,0,Morelia,Centro,mayo,miércoles,17,-101.201669275761,19.7028596644001
6134,6134,2017,"170518537",2017/05/03,17:30:00,SUBIDA AL CAMELLÓN,ASFALTO,Bueno,Bueno,1,MITSUBISHI,GRIS,1,,69,FEMENINO,SIN DATOS,0,0,Morelia,La Quemada,mayo,miércoles,18,-101.24128818512,19.7057383387453
6135,6135,2017,"170519488",2017/05/03,21:50:00,SUBIDA AL CAMELLÓN,ASFALTO,Bueno,Bueno,1,NISSAN,BLANCO Y ROJO,1,,54,MASCULINO,SIN DATOS,0,0,Morelia,Felix Ireta,mayo,miércoles,22,-101.185358762741,19.6813437217652
6136,6136,2017,"170519662",2017/05/03,23:15:00,SUBIDA AL CAMELLÓN,ASFALTO,Bueno,Bueno,1,CHEVROLET,AZUL,1,,46,MASCULINO,ALIENTO ETÍLICO,0,0,Morelia,La Luz,mayo,miércoles,23,-101.299803256989,19.6874149448904
6137,6137,2017,"170523937",2017/05/04,"00:00:00",COLISIÓN POR ALCANCE,ASFALTO,Bueno,Bueno,2,ITALIKA,GRIS,2,,21,MASCULINO,SIN DATOS,0,0,Morelia,Gertrudis Bocanegra,mayo,jueves,0,-101.209058761597,19.7021930166391
6138,6138,2017,"170519997",2017/05/04,"06:55:00",COLISIÓN POR CORTE DE CIRCULACIÓN,ASFALTO,Bueno,Regular,2,NISSAN,BLANCO,2,,35,MASCULINO,SIN DATOS,0,0,Morelia,San Pascual,mayo,jueves,7,-101.267364621162,19.6954001216552
6139,6139,2017,"170516819",2017/05/04,10:50:00,COLISIÓN POR ALCANCE,ASFALTO,Bueno,Bueno,2,JEEP,GRIS,2,,58,MASCULINO,SIN DATOS,0,0,Morelia,Barrio Alto,mayo,jueves,11,-101.195282936096,19.7244535087281
6140,6140,2017,"170520911",2017/05/04,11:30:00,COLISIÓN POR CORTE DE CIRCULACIÓN,ASFALTO,Bueno,Bueno,2,V.W.,BLANCO,2,,32,MASCULINO,SIN DATOS,0,0,Morelia,Santiaguito,mayo,jueves,12,-101.190106272697,19.7176464095209
6141,6141,2017,"170524543",2017/05/04,11:30:00,COLISIÓN POR CORTE DE CIRCULACIÓN,ASFALTO,Bueno,Bueno,2,MAZDA,BLANCO,2,,29,MASCULINO,SIN DATOS,0,0,Morelia,Felicitas del Rio,mayo,jueves,12,-101.200422048569,19.6902534910472
6142,6142,2017,"170521066",2017/05/04,12:15:00,COLISIÓN POR CORTE DE CIRCULACIÓN,ASFALTO,Bueno,Bueno,2,NISSAN,BLANCO Y ROJO,2,,,MASCULINO,SIN DATOS,0,0,Morelia,Las Americas,mayo,jueves,12,-101.153343915939,19.6874351482437
6143,6143,2017,"17052227",2017/05/04,15:37:00,COLISIÓN POR CORTE DE CIRCULACIÓN,ASFALTO,Bueno,Bueno,2,FORD,GRIS,2,,27,MASCULINO,SIN DATOS,0,0,Morelia,Cuauhtemoc,mayo,jueves,16,-101.185010075569,19.6949859730078
6144,6144,2017,"170522974",2017/05/04,17:00:00,SALIDA DE SUPERFICIE DE RODAMIENTO,ASFALTO,Bueno,Bueno,1,HONDA,PLATA,1,,60,MASCULINO,SIN DATOS,0,0,Morelia,Sin datos,mayo,jueves,17,-101.334028244019,19.6842126811746
6145,6145,2017,"170523548",2017/05/04,17:20:00,COLISIÓN POR CORTE DE CIRCULACIÓN,ASFALTO,Bueno,Bueno,1,CHEVROLET,ROJO,1,,,,SIN DATOS,0,0,Morelia,El Eden,mayo,jueves,17,-101.247682571411,19.6488319948194
6146,6146,2017,"170522719",2017/05/04,17:30:00,COLISIÓN POR CORTE DE CIRCULACIÓN,CONCRETO,Bueno,Bueno,2,NISSAN,BLANCO,2,,,,SIN DATOS,0,0,Morelia,Villa Universidad,mayo,jueves,18,-101.204552650452,19.6869502670612
6147,6147,2017,"170523939",2017/05/04,18:00:00,COLISIÓN POR ALCANCE,ASFALTO,Bueno,Bueno,2,FORD,NEGRO,2,,16,MASCULINO,SIN DATOS,0,0,Morelia,Alberto Oviedo Mota,mayo,jueves,18,-101.197654008865,19.6812427011311
6148,6148,2017,"170523387",2017/05/04,19:10:00,COLISIÓN CONTRA OBJETO FIJO,ASFALTO,Bueno,Bueno,2,FREIGHTLINER,BLANCO,2,,,,SIN DATOS,0,0,Morelia,Bosques de Oriente,mayo,jueves,19,-101.156852245331,19.7150204480749
6149,6149,2017,LEG6531,2017/05/04,20:30:00,COLISIÓN POR CORTE DE CIRCULACIÓN,ASFALTO,Bueno,Bueno,2,FREIGHTLINER,BLANCO,2,,30,,SIN DATOS,0,0,Morelia,Nueva Valladolid,mayo,jueves,21,-101.210560798645,19.7010011243259
6150,6150,2017,"170524031",2017/05/04,21:15:00,COLISIÓN CONTRA OBJETO FIJO,CONCRETO,Bueno,Bueno,1,TOYOTA,BLANCO,1,,,,SIN DATOS,0,0,Morelia,Ampliacion La Soledad,mayo,jueves,21,-101.182875037193,19.7377386363562
6151,6151,2017,"170524061",2017/05/04,22:10:00,COLISIÓN POR CORTE DE CIRCULACIÓN,ASFALTO,Bueno,Bueno,2,FORD,ROJO,2,,34,FEMENINO,SIN DATOS,0,0,Morelia,Jose Maria Cabrera,mayo,jueves,22,-101.224358081818,19.7250796664976
6152,6152,2017,"170524163",2017/05/04,22:40:00,CAIDA DE MOTOCICLETA,ASFALTO,Bueno,Bueno,1,ITALIKA,NEGRO,1,,24,,SIN DATOS,0,0,Morelia,Asociacion Zirahuen,mayo,jueves,23,-101.250193119049,19.6986981208082
6154,6154,2017,"170524675",2017/05/05,"02:00:00",SALIDA DE SUPERFICIE DE RODAMIENTO,ASFALTO,Bueno,Bueno,1,VOLKSWAGEN,GRIS,1,,,MASCULINO,ALIENTO ETÍLICO,0,0,Morelia,Bosques Tres Marias,mayo,viernes,2,-101.105278730392,19.7293718109581
6155,6155,2017,"170524640",2017/05/05,"02:20:00",COLISIÓN POR CORTE DE CIRCULACIÓN,ASFALTO,Bueno,Bueno,2,CHRYSLER,GRIS/ AZUL,2,,24,MASCULINO,ALIENTO ETÍLICO,0,0,Morelia,Mariano Michelena,mayo,viernes,2,-101.22998200357,19.674770934003
6156,6156,2017,"7052326",2017/05/05,"09:15:00",COLISIÓN POR ALCANCE,ASFALTO,Bueno,Bueno,2,NISSAN,BLANCO,2,,51,,SIN DATOS,0,0,Morelia,Alberto Oviedo Mota,mayo,viernes,9,-101.201918721199,19.6778786776349
6157,6157,2017,"170525669",2017/05/05,10:10:00,COLISIÓN POR ALCANCE,ASFALTO,Bueno,Regular,2,NISSAN,BLANCO,2,,24,MASCULINO,SIN DATOS,0,0,Morelia,Jardines de La Loma,mayo,viernes,10,-101.224776506424,19.6767674231214
6158,6158,2017,"170525788",2017/05/05,11:25:00,COLISIÓN POR ALCANCE,ASFALTO,Bueno,Bueno,2,VOLVO,AZUL,2,,26,MASCULINO,SIN DATOS,0,0,Morelia,Lomas de Morelia (Dr Ignacio Chavez),mayo,viernes,11,-101.174383163452,19.7167778270472
6159,6159,2017,"17052294",2017/05/05,13:30:00,COLISIÓN POR CORTE DE CIRCULACIÓN,ASFALTO,Bueno,Bueno,2,INTERNATIONAL,AMARILLO Y GUIN DAC,2,,52,MASCULINO,SIN DATOS,0,0,Morelia,Bosques de Oriente,mayo,viernes,14,-101.155478954315,19.7158284408059
6160,6160,2017,"170526551",2017/05/05,14:10:00,COLISIÓN POR ALCANCE,ASFALTO,Lluvioso,Regular,2,KENWORTH,BLANCO,2,MINISTERIO PÚBLICO,48,MASCULINO,ALIENTO ETÍLICO,0,0,Morelia,Arboledas de La Huerta,mayo,viernes,14,-101.223907470703,19.6678872124924
6161,6161,2017,"170526778",2017/05/05,14:35:00,COLISIÓN POR ALCANCE,ASFALTO,Lluvioso,Bueno,2,NISSAN,PLATA,2,,53,FEMENINO,SIN DATOS,0,0,Morelia,Leandro Valle,mayo,viernes,15,-101.23061299324,19.7158587404539
6162,6162,2017,"170526578",2017/05/05,14:45:00,COLISIÓN POR CORTE DE CIRCULACIÓN,ASFALTO,Nublado,Bueno,3,NISSAN,BLANCO Y ROJO,4,,57,MASCULINO,SIN DATOS,1,0,Morelia,Leandro Valle,mayo,viernes,15,-101.230580806732,19.7158890400961
6163,6163,2017,"110552324",2017/05/05,15:05:00,COLISIÓN POR CORTE DE CIRCULACIÓN,ASFALTO,Lluvioso,Bueno,1,VOLVO,BLANCO Y NEGRO,1,,34,MASCULINO,SIN DATOS,0,0,Morelia,Leandro Valle,mayo,viernes,15,-101.228971481323,19.7185755855474
6164,6164,2017,"170526817",2017/05/05,15:20:00,COLISIÓN POR CORTE DE CIRCULACIÓN,ASFALTO,Bueno,Bueno,2,CHEVROLET,BLANCO,2,,39,MASCULINO,SIN DATOS,0,0,Morelia,Mirador del Punhuato,mayo,viernes,15,-101.15816116333,19.7033141953719
6165,6165,2017,,2017/05/05,16:15:00,COLISIÓN POR ALCANCE,ASFALTO,Bueno,Bueno,2,Nissan,Blanco,2,MINISTERIO PÚBLICO,,,SIN DATOS,0,0,Buenavista,Santa Ana Amatlan (La Joya),mayo,viernes,16,-102.539262771606,19.1637352614213
6166,6166,2017,"170527239",2017/05/05,16:30:00,COLISIÓN POR CORTE DE CIRCULACIÓN,ASFALTO,Bueno,Bueno,2,HONDA,BLANCO,2,,40,MASCULINO,SIN DATOS,0,0,Morelia,Chapultepec Oriente,mayo,viernes,17,-101.159040927887,19.688394804589
6167,6167,2017,"170526686",2017/05/05,16:50:00,COLISIÓN POR ALCANCE,ASFALTO,Bueno,Bueno,3,CHEVROLET,BLANCO,3,,26,MASCULINO,SIN DATOS,0,0,Morelia,Libertad,mayo,viernes,17,-101.236969828606,19.684808690943
6168,6168,2017,"170527587",2017/05/05,17:35:00,COLISIÓN POR ALCANCE,ASFALTO,Lluvioso,Bueno,3,CHEVROLET,BLANCO,3,MINISTERIO PÚBLICO,52,MASCULINO,SIN DATOS,0,0,Morelia,Alberto Oviedo Mota,mayo,viernes,18,-101.197900772095,19.681404334115
6169,6169,2017,"17052843",2017/05/05,18:18:00,COLISIÓN CONTRA OBJETO FIJO,ASFALTO,Nublado,Bueno,3,FREIGHTLINER,VERDE,3,,38,MASCULINO,SIN DATOS,0,0,Morelia,Ignacio Zaragoza,mayo,viernes,18,-101.205335855484,19.7255947299205
6170,6170,2017,"170527922",2017/05/05,18:35:00,COLISIÓN POR CORTE DE CIRCULACIÓN,ASFALTO,Nublado,Bueno,2,VOLVO,BEIGE,2,,58,MASCULINO,SIN DATOS,0,0,Morelia,Arcos del Valle,mayo,viernes,19,-101.236288547516,19.7077180285842
6171,6171,2017,"170528445",2017/05/05,20:00:00,COLISIÓN POR ALCANCE,ASFALTO,Nublado,Regular,3,SIN DATOS,ROJO,2,MINISTERIO PÚBLICO,38,MASCULINO,SIN DATOS,0,0,Morelia,Dr Miguel Silva,mayo,viernes,20,-101.188287734985,19.7127782468597
6172,6172,2017,,2017/05/05,20:50:00,COLISIÓN CONTRA OBJETO FIJO,TERRACERIA,Bueno,Regular,2,Toyota,Gris,1,,,,SIN DATOS,0,0,Apatzingán,Timapa,mayo,viernes,21,-102.348761558533,19.1137352325811
6173,6173,2017,"170528965",2017/05/05,21:35:00,COLISIÓN POR CORTE DE CIRCULACIÓN,CONCRETO,Bueno,Bueno,2,SIN DATOS,SIN DATOS,1,,38,,SIN DATOS,0,0,Morelia,Centro,mayo,viernes,22,-101.194376349449,19.6962536685361
6174,6174,2017,"170528766",2017/05/05,22:00:00,COLISIÓN POR ALCANCE,ASFALTO,Nublado,Bueno,2,FORD,ROJO,2,MINISTERIO PÚBLICO,41,MASCULINO,ALIENTO ETÍLICO,0,0,Álvaro Obregón,Sin datos,mayo,viernes,22,-101.045122146606,19.8254149370348
6175,6175,2017,"170529495",2017/05/06,"00:50:00",COLISIÓN POR CORTE DE CIRCULACIÓN,ASFALTO,Bueno,Regular,2,NISSAN,BLANCO,2,,49,MASCULINO,SIN DATOS,0,0,Morelia,Rector Diaz Rubio,mayo,sábado,1,-101.196624040604,19.6689429629619
6176,6176,2017,,2017/05/06,"06:30:00",COLISIÓN POR CORTE DE CIRCULACIÓN,ASFALTO,Bueno,Bueno,2,Chevrolet,Plata,3,MINISTERIO PÚBLICO,44,MASCULINO,CON CERTIFICADO,1,0,Apatzingán,Sin datos,mayo,sábado,7,-102.501068115234,19.0932666360897
6177,6177,2017,"170530019",2017/05/06,"09:40:00",CAIDA DE MOTOCICLETA,CONCRETO,Bueno,Bueno,1,ITALIKA,NEGRO,1,,18,MASCULINO,SIN DATOS,0,0,Morelia,Alberto Oviedo Mota,mayo,sábado,10,-101.197975873947,19.6812528031974
6178,6178,2017,"170530950",2017/05/06,12:25:00,COLISIÓN POR CORTE DE CIRCULACIÓN,ASFALTO,Bueno,Bueno,2,FORD,VERDE,2,,87,MASCULINO,CON CERTIFICADO,0,0,Morelia,Libertad,mayo,sábado,12,-101.236910820007,19.6848895056561
6179,6179,2017,"170530741",2017/05/06,12:30:00,COLISIÓN POR CORTE DE CIRCULACIÓN,ASFALTO,Bueno,Bueno,2,ITALIKA,ROJO,2,,67,MASCULINO,SIN DATOS,0,0,Morelia,Villas de La Esperanza,mayo,sábado,13,-101.275770664215,19.6927283389792
6180,6180,2017,"170531156",2017/05/06,13:30:00,COLISIÓN POR CORTE DE CIRCULACIÓN,CONCRETO,Bueno,Bueno,2,NISSAN,BLANCO,2,,52,MASCULINO,SIN DATOS,0,0,Morelia,Eduardo Ruiz,mayo,sábado,14,-101.22407913208,19.7248574817634
6181,6181,2017,"170570809",2017/05/06,14:30:00,COLISIÓN POR CORTE DE CIRCULACIÓN,ASFALTO,Bueno,Bueno,2,CHEVROLET,GRIS,3,,36,FEMENINO,SIN DATOS,1,0,Morelia,Prados Verdes,mayo,sábado,15,-101.201527118683,19.714626550138
6182,6182,2017,"170531468",2017/05/06,15:00:00,COLISIÓN POR CORTE DE CIRCULACIÓN,ASFALTO,Lluvioso,Bueno,2,SEAT,ROJO,2,,32,MASCULINO,SIN DATOS,0,0,Morelia,Elias Perez Avalos,mayo,sábado,15,-101.166014671326,19.7105764150709
6183,6183,2017,"170531494",2017/05/06,15:09:00,COLISIÓN POR CORTE DE CIRCULACIÓN,ASFALTO,Bueno,Bueno,2,NISSAN,BLANCO Y CAFE,2,,42,MASCULINO,SIN DATOS,0,0,Morelia,La Colina,mayo,sábado,15,-101.215791106224,19.7052459375955
6184,6184,2017,"170531856",2017/05/06,15:15:00,COLISIÓN POR ALCANCE,ASFALTO,Bueno,Bueno,2,DODGE,AZUL,2,,24,MASCULINO,SIN DATOS,0,0,Morelia,Francisco J Mujica,mayo,sábado,15,-101.191077232361,19.722746711382
6185,6185,2017,"170531788",2017/05/06,15:20:00,COLISIÓN POR CORTE DE CIRCULACIÓN,ASFALTO,Bueno,Bueno,2,CHEVROLET,AZUL,2,,41,MASCULINO,SIN DATOS,0,0,Morelia,Lindavista,mayo,sábado,15,-101.216268539429,19.7040313416124
6186,6186,2017,"170533178",2017/05/06,22:30:00,COLISIÓN POR ALCANCE,ASFALTO,Bueno,Bueno,2,CHEVROLET,BLANCO,2,MINISTERIO PÚBLICO,,MASCULINO,ALIENTO ETÍLICO,0,0,Tarímbaro,Real Hacienda,mayo,sábado,23,-101.19785785675,19.7520122263
6187,6187,2017,,2017/05/06,23:30:00,COLISIÓN CON PEATÓN,ASFALTO,Bueno,Regular,1,DODGE,BLANCO,2,,,,SIN DATOS,1,0,Morelia,Solidaridad,mayo,sábado,0,-101.206092238426,19.735362946845
6188,6188,2017,"170533461",2017/05/06,23:50:00,COLISIÓN POR CORTE DE CIRCULACIÓN,CONCRETO,Bueno,Bueno,2,HONDA,BLANCO,2,,23,MASCULINO,SIN DATOS,0,0,Morelia,Felix Ireta,mayo,sábado,0,-101.19086265564,19.6854956147045
6189,6189,2017,,2017/05/07,"00:00:00",COLISIÓN CONTRA OBJETO FIJO,ASFALTO,Bueno,Bueno,1,JEEP,BLANCO,0,MINISTERIO PÚBLICO,,,,0,0,Lázaro Cárdenas,Centro,mayo,domingo,0,-102.196079492569,17.951861393932
6190,6190,2017,"170533481",2017/05/07,"00:10:00",COLISIÓN POR CORTE DE CIRCULACIÓN,ASFALTO,Bueno,Bueno,2,CHEVROLET,ROJO,2,,27,FEMENINO,ALIENTO ETÍLICO,0,0,Morelia,Jacarandas,mayo,domingo,0,-101.209337711334,19.7084452554329
6191,6191,2017,"170533494",2017/05/07,"00:10:00",COLISIÓN POR ALCANCE,CONCRETO,Bueno,Bueno,2,V.W.,BLANCO,2,MINISTERIO PÚBLICO,33,MASCULINO,SIN DATOS,0,0,Morelia,Chapultepec Norte,mayo,domingo,0,-101.1714220047,19.6943243430674
6192,6192,2017,,2017/05/07,"01:30:00",COLISIÓN CONTRA OBJETO FIJO,ASFALTO,Bueno,Bueno,2,Dodge,Azul/Blanco,2,,24,MASCULINO,SIN DATOS,0,0,Buenavista,Centro,mayo,domingo,2,-102.589581012726,19.2087506955096
6193,6193,2017,"170533649",2017/05/07,"02:20:00",COLISIÓN POR ALCANCE,ASFALTO,Bueno,Bueno,4,DODGE,BLANCO,4,,,,SIN DATOS,0,0,Morelia,Mirador del Punhuato,mayo,domingo,2,-101.158204078674,19.7035061080611
6194,6194,2017,"170533708",2017/05/07,"03:00:00",COLISIÓN CONTRA OBJETO FIJO,ASFALTO,Bueno,Bueno,1,MERCEDES BENZ,BLANCO Y VERDE,1,,34,MASCULINO,SIN DATOS,0,0,Morelia,Los Angeles,mayo,domingo,3,-101.177153885365,19.740179929777
6195,6195,2017,"170533974",2017/05/07,"04:30:00",COLISIÓN POR ALCANCE,ASFALTO,Bueno,Bueno,2,CHEVROLET,BLANCO Y ROJO,1,MINISTERIO PÚBLICO,,,SIN DATOS,0,0,Morelia,Sin datos,mayo,domingo,5,-101.090569496155,19.7242111244167
6196,6196,2017,"170534365",2017/05/07,10:00:00,VOLCADURA,ASFALTO,Bueno,Bueno,1,NISSAN,BLANCO,1,,62,MASCULINO,ALIENTO ETÍLICO,0,0,Morelia,Avicola Benito Juarez,mayo,domingo,10,-101.279525756836,19.6914858690853
6197,6197,2017,,2017/05/07,10:50:00,COLISIÓN POR CORTE DE CIRCULACIÓN,ASFALTO,Bueno,Bueno,2,Nissan,Blanco,2,,21,MASCULINO,SIN DATOS,0,0,Apatzingán,Ferrocarril,mayo,domingo,11,-102.354876995087,19.0792747569258
6198,6198,2017,,2017/05/07,12:20:00,COLISIÓN POR CORTE DE CIRCULACIÓN,ASFALTO,Bueno,Bueno,2,CHEVROLET,PLATA,2,MINISTERIO PÚBLICO,35,FEMENINO,SIN DATOS,0,0,Lázaro Cárdenas,Solidaridad Nacional,mayo,domingo,12,-102.212430238724,17.9692830503602
6200,6200,2017,,2017/05/07,16:20:00,SUBIDA AL CAMELLÓN,ADOQUIN_EMPEDRADO,Bueno,Bueno,0,,,0,,,,,0,0,Cuitzeo,Centro,mayo,domingo,16,-101.139825582504,19.9684481222167
6201,6201,2017,"170536312",2017/05/07,18:45:00,COLISIÓN CONTRA OBJETO FIJO,ADOQUIN_EMPEDRADO,Bueno,Bueno,2,NISSAN,ROJO,2,,35,FEMENINO,SIN DATOS,0,0,Morelia,Centro,mayo,domingo,19,-101.192547082901,19.7010188007598
6202,6202,2017,,2017/05/07,20:50:00,COLISIÓN CONTRA OBJETO FIJO,ADOQUIN_EMPEDRADO,Nublado,Bueno,2,MERCEDES BENZ,AZUL,2,,44,MASCULINO,SIN DATOS,0,0,Cuitzeo,Centro,mayo,domingo,21,-101.13972902298,19.9691237371964
6203,6203,2017,"170536983",2017/05/07,21:20:00,COLISIÓN CON PEATÓN,CONCRETO,Bueno,Bueno,1,SIN DATOS,VERDE,2,,,,SIN DATOS,1,0,Morelia,Melchor Ocampo,mayo,domingo,21,-101.203749328852,19.7074213291807
6204,6204,2017,"170535021",2017/05/07,21:50:00,COLISIÓN POR CORTE DE CIRCULACIÓN,ASFALTO,Bueno,Bueno,2,HONDA,GRIS,2,,35,MASCULINO,SIN DATOS,0,0,Morelia,Sin datos,mayo,domingo,22,-101.315016746521,19.6871421993715