fid,id_accidente,anio_origen,folio_c5i,dia_incidente,hora_ocurrencia,tipo_incidente_vial,superficie_ocurrencia,condiciones_climaticas,condiciones_via,numero_vehiculos_involucrados,marca_vehiculo_ocasiona_siniestro,color_vehiculo_ocasiona_siniestro,numero_personas_involucradas,lugar_remite_presunto_responsable,edad_presunto_responsable,sexo_presunto_responsable,resultados_toxicologia,numero_personas_lesionadas,numero_personas_fallecidas,municipio,colonia,mes,dia_semana,hora_redondeada,lon,lat
6205,6205,2017,"170537413",2017/05/08,"01:30:00",SALIDA DE SUPERFICIE DE RODAMIENTO,ASFALTO,Bueno,Bueno,1,V.W.,GRIS,1,,24,MASCULINO,SIN DATOS,0,0,Morelia,Sin datos,mayo,lunes,2,-101.097650527954,19.7303059682973
6206,6206,2017,"170537501",2017/05/08,"03:30:00",COLISIÓN CONTRA OBJETO FIJO,ASFALTO,Bueno,Regular,1,GMC,AZUL,1,,28,,SIN DATOS,0,0,Morelia,Primo Tapia Oriente,mayo,lunes,4,-101.159727573395,19.7130408486275
6207,6207,2017,"170537495",2017/05/08,"04:00:00",COLISIÓN CONTRA OBJETO FIJO,ASFALTO,Bueno,Bueno,0,,,0,,,,,0,0,Morelia,Diego Rivera,mayo,lunes,4,-101.175794005394,19.7182018958382
6208,6208,2017,"170537557",2017/05/08,"06:30:00",COLISIÓN CONTRA OBJETO FIJO,ASFALTO,Bueno,Regular,1,V.W.,ROJO,1,,,,SIN DATOS,0,0,Morelia,Francisco J Mujica,mayo,lunes,7,-101.188116073608,19.7217064650061
6209,6209,2017,"170537721",2017/05/08,"06:50:00",VOLCADURA,ASFALTO,Bueno,Bueno,1,FORD,VERDE,0,,,,,0,0,Morelia,Sin datos,mayo,lunes,7,-101.105289459229,19.7333406795768
6210,6210,2017,"170537612",2017/05/08,"07:30:00",COLISIÓN POR CORTE DE CIRCULACIÓN,CONCRETO,Bueno,Bueno,2,NISSAN,AZUL,2,,44,FEMENINO,SIN DATOS,0,0,Morelia,La Joya,mayo,lunes,8,-101.19785785675,19.7202723278335
6211,6211,2017,"170537763",2017/05/08,"08:30:00",COLISIÓN CON PEATÓN,ASFALTO,Bueno,Bueno,3,VOLKSWAGEN,VERDE,3,,23,FEMENINO,SIN DATOS,0,0,Morelia,Morelia 450,mayo,lunes,9,-101.217100024223,19.6755601878927
6212,6212,2017,"1705382227",2017/05/08,"09:50:00",COLISIÓN POR CORTE DE CIRCULACIÓN,ASFALTO,Bueno,Bueno,2,DODGE,GRIS,2,,32,FEMENINO,SIN DATOS,0,0,Morelia,Libertad,mayo,lunes,10,-101.234727501869,19.6858542281446
6213,6213,2017,"170538148",2017/05/08,10:30:00,COLISIÓN POR CORTE DE CIRCULACIÓN,ASFALTO,Bueno,Bueno,2,NISSAN,PLATA,2,,62,FEMENINO,SIN DATOS,0,0,Morelia,Cuauhtemoc,mayo,lunes,11,-101.179221868515,19.6935970520386
6214,6214,2017,"170538151",2017/05/08,10:40:00,COLISIÓN POR ALCANCE,ASFALTO,Bueno,Bueno,2,NISSAN,BLANCO,2,,25,MASCULINO,SIN DATOS,0,0,Morelia,Villas de La Esperanza,mayo,lunes,11,-101.275121569633,19.6927838963509
6215,6215,2017,"170053840",2017/05/08,12:20:00,COLISIÓN POR CORTE DE CIRCULACIÓN,CONCRETO,Bueno,Bueno,2,NISSAN,GUINDA,2,,,,SIN DATOS,0,0,Morelia,Ferrocarrilero,mayo,lunes,12,-101.217486262321,19.6976526674843
6216,6216,2017,"170539537",2017/05/08,14:40:00,COLISIÓN CONTRA OBJETO FIJO,ASFALTO,Bueno,Bueno,2,CHEVROLET,ROJO,2,,33,MASCULINO,SIN DATOS,0,0,Morelia,Centro,mayo,lunes,15,-101.204150319099,19.702496038693
6217,6217,2017,"170540198",2017/05/08,16:10:00,COLISIÓN POR CORTE DE CIRCULACIÓN,ASFALTO,Bueno,Bueno,2,CHRYSLER,GRIS,2,,24,MASCULINO,SIN DATOS,0,0,Morelia,Sentimientos de La Nacion,mayo,lunes,16,-101.235237121582,19.6811012721364
6218,6218,2017,"170540051",2017/05/08,16:40:00,COLISIÓN POR CORTE DE CIRCULACIÓN,ASFALTO,Bueno,Bueno,2,JEEP,CAFE,2,,27,FEMENINO,SIN DATOS,0,0,Morelia,Arko San Antonio,mayo,lunes,17,-101.273925304413,19.665543320568
6219,6219,2017,,2017/05/08,19:30:00,COLISIÓN POR MANIOBRA DE REVERSA,CONCRETO,Bueno,Bueno,2,Italika,Rojo,0,,,,,0,0,Apatzingán,Palmira,mayo,lunes,20,-102.347044944763,19.0798425663394
6220,6220,2017,,2017/05/08,20:41:00,COLISIÓN POR CORTE DE CIRCULACIÓN,ASFALTO,Bueno,Bueno,1,NISSAN,BLANCO Y NARANJA,2,,36,MASCULINO,SIN DATOS,1,0,Tarímbaro,Real Hacienda,mayo,lunes,21,-101.198233366013,19.7519970799055
6221,6221,2017,"170541359",2017/05/08,20:50:00,COLISIÓN POR ALCANCE,ASFALTO,Bueno,Bueno,2,VOLKSWAGEN,GRIS,2,,,MASCULINO,SIN DATOS,0,0,Morelia,Virreyes,mayo,lunes,21,-101.156384199858,19.6953003725363
6222,6222,2017,,2017/05/08,21:35:00,COLISIÓN CON PEATÓN,ASFALTO,Bueno,Bueno,1,Italika,Rojo,2,,50,MASCULINO,ALIENTO ETÍLICO,1,0,Apatzingán,Lazaro Cardenas,mayo,lunes,22,-102.352495193481,19.0987008442288
6223,6223,2017,"170541552",2017/05/08,21:40:00,COLISIÓN POR ALCANCE,CONCRETO,Bueno,Bueno,2,FORD,GRIS,2,,40,MASCULINO,SIN DATOS,0,0,Morelia,Fuentes de Morelia,mayo,lunes,22,-101.204223409295,19.6718891771936
6224,6224,2017,"170541659",2017/05/08,21:42:00,COLISIÓN CONTRA OBJETO FIJO,CONCRETO,Bueno,Bueno,1,VOLVO,BLANCO,1,,38,MASCULINO,SIN DATOS,0,0,Morelia,Elias Perez Avalos,mayo,lunes,22,-101.164834499359,19.7107986196543
6225,6225,2017,"170541751",2017/05/08,22:10:00,COLISIÓN POR CORTE DE CIRCULACIÓN,CONCRETO,Bueno,Bueno,2,ITALIKA,NEGRO,2,,18,MASCULINO,SIN DATOS,0,0,Morelia,Primaveras,mayo,lunes,22,-101.225709915161,19.6787676756963
6226,6226,2017,"170541974",2017/05/08,23:30:00,COLISIÓN POR ALCANCE,ASFALTO,Bueno,Bueno,2,VOLKSWAGEN,GRIS,2,,55,MASCULINO,SIN DATOS,0,0,Morelia,Alberto Oviedo Mota,mayo,lunes,0,-101.201162338257,19.6804446358823
6227,6227,2017,"170546666",2017/05/09,"00:00:00",COLISIÓN CONTRA OBJETO FIJO,ASFALTO,Bueno,Bueno,1,V.W.,NEGRO,1,,33,MASCULINO,ALIENTO ETÍLICO,0,0,Morelia,Fray Servando Teresa de Mier,mayo,martes,0,-101.23020529747,19.6700391175749
6228,6228,2017,"17052263",2017/05/09,"07:20:00",COLISIÓN POR ALCANCE,ASFALTO,Bueno,Bueno,2,NISSAN,BLANCO/CAFE,2,,25,MASCULINO,SIN DATOS,0,0,Morelia,Niño Artillero,mayo,martes,7,-101.254897713661,19.6976476169686
6229,6229,2017,"170542300",2017/05/09,"07:55:00",COLISIÓN POR CORTE DE CIRCULACIÓN,ASFALTO,Bueno,Bueno,2,CHEVROLET,AZUL,2,,,,SIN DATOS,0,0,Morelia,Francisco J Mujica,mayo,martes,8,-101.190390586853,19.7223932303632
6230,6230,2017,"170542523",2017/05/09,"09:15:00",COLISIÓN POR ALCANCE,ASFALTO,Bueno,Bueno,3,NISSAN,BLANCO,3,,32,MASCULINO,SIN DATOS,0,0,Morelia,Ana Maria Gallaga (Riviera Norte),mayo,martes,9,-101.223993301392,19.6769391629588
6231,6231,2017,"170543151",2017/05/09,11:40:00,COLISIÓN POR CORTE DE CIRCULACIÓN,ASFALTO,Bueno,Bueno,2,CHEVROLET,ARENA,2,,40,FEMENINO,SIN DATOS,0,0,Morelia,Chapultepec Norte,mayo,martes,12,-101.176421642303,19.6956779036841
6232,6232,2017,"170543444",2017/05/09,12:27:00,COLISIÓN POR CORTE DE CIRCULACIÓN,ASFALTO,Bueno,Bueno,2,V.W.,ROJO,2,,22,MASCULINO,SIN DATOS,0,0,Morelia,Rafael Carrillo,mayo,martes,12,-101.233670711517,19.7113844302577
6233,6233,2017,"170543562",2017/05/09,13:15:00,COLISIÓN CON PEATÓN,CONCRETO,Bueno,Bueno,1,NISSAN,ROJO,2,MINISTERIO PÚBLICO,42,MASCULINO,SIN DATOS,1,0,Morelia,Centro,mayo,martes,13,-101.195240020752,19.6999051816098
6234,6234,2017,"170543711",2017/05/09,13:30:00,COLISIÓN CON PEATÓN,ASFALTO,Bueno,Bueno,1,V.W.,PLATA,2,,60,FEMENINO,SIN DATOS,1,0,Morelia,Ventura Puente,mayo,martes,14,-101.191920787096,19.6922422111548
6235,6235,2017,,2017/05/09,13:30:00,COLISIÓN POR CORTE DE CIRCULACIÓN,ASFALTO,Bueno,Bueno,2,JEEP,NEGRO,2,,32,FEMENINO,SIN DATOS,0,0,Lázaro Cárdenas,Valle del Tecnologico,mayo,martes,14,-102.226699590683,17.9739622126127
6236,6236,2017,"170543588",2017/05/09,14:30:00,COLISIÓN POR CORTE DE CIRCULACIÓN,ASFALTO,Bueno,Bueno,2,NISSAN,PLATINO,2,,42,,SIN DATOS,0,0,Morelia,Sin datos,mayo,martes,15,-101.410031318665,19.6437192342549
6237,6237,2017,"170544106",2017/05/09,14:40:00,COLISIÓN POR CORTE DE CIRCULACIÓN,ASFALTO,Bueno,Bueno,2,NISSAN,BLANCO Y ROJO,2,,,MASCULINO,SIN DATOS,0,0,Morelia,Las Americas,mayo,martes,15,-101.159062385559,19.688010942741
6238,6238,2017,"170544202",2017/05/09,15:00:00,COLISIÓN POR ALCANCE,ASFALTO,Bueno,Bueno,2,V.W.,GRIS,2,,34,FEMENINO,SIN DATOS,0,0,Morelia,Infonavit  Las  Camelinas,mayo,martes,15,-101.173235177994,19.6862027390282
6239,6239,2017,"170544651",2017/05/09,15:20:00,COLISIÓN POR CORTE DE CIRCULACIÓN,ASFALTO,Bueno,Bueno,2,FREIGHTLINER,BLANCO,2,,34,MASCULINO,SIN DATOS,0,0,Morelia,Felix Arreguin,mayo,martes,15,-101.228091716766,19.7194239589417
6240,6240,2017,"170544328",2017/05/09,15:26:00,COLISIÓN POR CORTE DE CIRCULACIÓN,ASFALTO,Bueno,Bueno,2,NISSAN,BLANCO,2,,29,FEMENINO,SIN DATOS,0,0,Morelia,Americas Britania,mayo,martes,15,-101.149964332581,19.691910128182
6241,6241,2017,"170544749",2017/05/09,16:45:00,COLISIÓN POR ALCANCE,ASFALTO,Bueno,Bueno,2,FORD,BLANCO,2,,27,MASCULINO,SIN DATOS,0,0,Morelia,Felix Ireta,mayo,martes,17,-101.183609962463,19.6813336197046
6242,6242,2017,"170544105",2017/05/09,17:00:00,COLISIÓN POR CORTE DE CIRCULACIÓN,CONCRETO,Bueno,Bueno,2,FORD,AZUL,2,,,,SIN DATOS,0,0,Morelia,Villas del Pedregal,mayo,martes,17,-101.303622722626,19.68500062582
6243,6243,2017,"170544517",2017/05/09,17:15:00,COLISIÓN POR CORTE DE CIRCULACIÓN,CONCRETO,Bueno,Bueno,2,DODGE,BLANCO,2,,35,MASCULINO,SIN DATOS,0,0,Morelia,Los Manantiales de Morelia,mayo,martes,17,-101.237739622593,19.7010011243259
6244,6244,2017,"170545054",2017/05/09,18:00:00,COLISIÓN POR CORTE DE CIRCULACIÓN,ASFALTO,Bueno,Regular,2,NISSAN,BLANCO/ROJO,2,,28,MASCULINO,SIN DATOS,0,0,Morelia,Chapultepec Sur,mayo,martes,18,-101.176587939262,19.6919404323602
6245,6245,2017,"170545258",2017/05/09,18:30:00,SALIDA DE SUPERFICIE DE RODAMIENTO,CONCRETO,Bueno,Bueno,1,HONDA,ARENA,1,,73,MASCULINO,SIN DATOS,0,0,Morelia,Hospitales de Don Vasco,mayo,martes,19,-101.156101226807,19.7015667692425
6246,6246,2017,"170545938",2017/05/09,21:05:00,COLISIÓN POR ALCANCE,ASFALTO,Bueno,Regular,2,CHEVROLET,BLANCO,2,,60,MASCULINO,ALIENTO ETÍLICO,0,0,Morelia,La Luz,mayo,martes,21,-101.299803256989,19.6875058599602
6247,6247,2017,"170546683",2017/05/10,"01:30:00",COLISIÓN POR CORTE DE CIRCULACIÓN,CONCRETO,Bueno,Bueno,1,ITALIKA,NARANJA Y NEGRO,1,,26,MASCULINO,SIN DATOS,0,0,Morelia,Enrique Arreguin Robles,mayo,miércoles,2,-101.186099052429,19.7203935230219
6248,6248,2017,"170546784",2017/05/10,"02:50:00",COLISIÓN CONTRA OBJETO FIJO,ASFALTO,Bueno,Bueno,1,NISSAN,PLATINO,1,,36,MASCULINO,ALIENTO ETÍLICO,0,0,Morelia,Santiaguito,mayo,miércoles,3,-101.191090643406,19.7199137915298
6249,6249,2017,"170346768",2017/05/10,"03:00:00",VOLCADURA,ASFALTO,Bueno,Bueno,1,V.W.,GRIS,1,MINISTERIO PÚBLICO,,,SIN DATOS,0,0,Morelia,Ciudad Industrial,mayo,miércoles,3,-101.143140792847,19.7253624466215
6250,6250,2017,,2017/05/10,"05:15:00",SALIDA DE SUPERFICIE DE RODAMIENTO,SIN_DATOS,Bueno,Bueno,1,FORD,ROJO,2,,17,MASCULINO,SIN DATOS,1,0,Cuitzeo,Sin datos,mayo,miércoles,5,-101.17112159729,19.9681254394139
6251,6251,2017,"170547059",2017/05/10,"08:30:00",COLISIÓN POR ALCANCE,ASFALTO,Bueno,Bueno,1,RENAULT,BLANCO,1,MINISTERIO PÚBLICO,34,MASCULINO,SIN DATOS,0,0,Morelia,Sin datos,mayo,miércoles,9,-101.174136400223,19.7465089416759
6252,6252,2017,"170547104",2017/05/10,"08:58:00",COLISIÓN POR ALCANCE,CONCRETO,Bueno,Bueno,2,NISSAN,SIN DATOS,2,MINISTERIO PÚBLICO,27,MASCULINO,SIN DATOS,0,0,Morelia,Ricardo Flores Magon,mayo,miércoles,9,-101.245225667953,19.7062837659421
6253,6253,2017,"170547294",2017/05/10,10:10:00,COLISIÓN POR ALCANCE,CONCRETO,Bueno,Bueno,2,CHRYSLER,BLANCO,2,,26,MASCULINO,SIN DATOS,0,0,Morelia,Lomas de Huerta,mayo,miércoles,10,-101.214294433594,19.6744034560657
6254,6254,2017,"170547395",2017/05/10,10:30:00,COLISIÓN POR ALCANCE,ASFALTO,Bueno,Bueno,2,ITALIKA,NEGRO,2,MINISTERIO PÚBLICO,33,MASCULINO,SIN DATOS,1,0,Morelia,San Rafael,mayo,miércoles,11,-101.153891086578,19.699879929385
6255,6255,2017,"170541603",2017/05/10,11:15:00,VOLCADURA,ASFALTO,Bueno,Bueno,0,,,0,,,,,0,0,Morelia,Felix Ireta,mayo,miércoles,11,-101.191828250885,19.6823337206075
6256,6256,2017,"170547456",2017/05/10,11:25:00,COLISIÓN POR CORTE DE CIRCULACIÓN,ASFALTO,Bueno,Bueno,2,GMC,BLANCO,2,,,FEMENINO,SIN DATOS,0,0,Morelia,Lomas de Santa Maria,mayo,miércoles,11,-101.183191537857,19.6711655728002
6257,6257,2017,"170547835",2017/05/10,11:30:00,COLISIÓN POR CORTE DE CIRCULACIÓN,ASFALTO,Bueno,Bueno,2,MERCEDES BENZ,BLANCO Y ROJO,2,,19,MASCULINO,SIN DATOS,0,0,Morelia,Felix Ireta,mayo,miércoles,12,-101.195658445358,19.6815962730716
6258,6258,2017,"170548602",2017/05/10,14:20:00,COLISIÓN POR CORTE DE CIRCULACIÓN,ASFALTO,Bueno,Bueno,2,V.W.,BLANCO,2,,53,MASCULINO,SIN DATOS,0,0,Morelia,Francisco J Mujica,mayo,miércoles,14,-101.188201904297,19.7215246736824
6259,6259,2017,"170548368",2017/05/10,14:50:00,COLISIÓN POR CORTE DE CIRCULACIÓN,ASFALTO,Bueno,Bueno,2,VOLKSWAGEN,BLANCO,2,,29,MASCULINO,SIN DATOS,0,0,Morelia,Arcos del Valle,mayo,miércoles,15,-101.236299276352,19.7077382293747
6260,6260,2017,"170548714",2017/05/10,15:56:00,COLISIÓN POR CORTE DE CIRCULACIÓN,SIN_DATOS,Bueno,Bueno,1,NISSAN,GRIS,1,,57,MASCULINO,SIN DATOS,0,0,Morelia,Camelinas,mayo,miércoles,16,-101.174147129059,19.6820710684498
6261,6261,2017,,2017/05/10,18:45:00,COLISIÓN POR ALCANCE,ASFALTO,Bueno,Bueno,2,Nissan,Amarillo,2,,59,MASCULINO,SIN DATOS,0,0,Apatzingán,Independencia,mayo,miércoles,19,-102.356797456741,19.0960243162508
6262,6262,2017,"170549847",2017/05/10,20:45:00,VOLCADURA,ASFALTO,Bueno,Bueno,1,RENAULT,AZUL,1,,30,MASCULINO,SIN DATOS,0,0,Morelia,Sin datos,mayo,miércoles,21,-101.362438201904,19.6773432559678
6263,6263,2017,"170549887",2017/05/10,21:20:00,COLISIÓN POR ALCANCE,CONCRETO,Bueno,Bueno,2,INTERNATIONAL,BLANCO,2,MINISTERIO PÚBLICO,19,MASCULINO,SIN DATOS,0,0,Morelia,Jardines de Sindurio,mayo,miércoles,21,-101.256351470947,19.6976375159366
6264,6264,2017,"170555704",2017/05/11,"02:00:00",COLISIÓN POR CORTE DE CIRCULACIÓN,ASFALTO,Bueno,Bueno,2,DODGE,BLANCO,2,,38,MASCULINO,ALIENTO ETÍLICO,0,0,Tarímbaro,Sin datos,mayo,jueves,2,-101.158375740051,19.7666833583841
6265,6265,2017,"170555805",2017/05/11,"04:00:00",COLISIÓN CONTRA OBJETO FIJO,ASFALTO,Bueno,Bueno,1,KENWORTH,AZUL,1,,31,MASCULINO,SIN DATOS,0,0,Morelia,Primo Tapia Oriente,mayo,jueves,4,-101.159381568432,19.7131039739882
6266,6266,2017,"170550768",2017/05/11,"06:45:00",COLISIÓN POR CORTE DE CIRCULACIÓN,ASFALTO,Bueno,Bueno,3,FREIGHTLINER,BLANCO,2,,43,MASCULINO,SIN DATOS,0,0,Morelia,Solidaridad,mayo,jueves,7,-101.207685470581,19.726271379345
6267,6267,2017,"170550738",2017/05/11,"07:00:00",COLISIÓN CON PEATÓN,ASFALTO,Bueno,Bueno,1,SIN DATOS,SIN DATOS,1,,,,,0,1,Morelia,Mirador del Punhuato,mayo,jueves,7,-101.158633232117,19.7038697314726
6268,6268,2017,"170531044",2017/05/11,"09:10:00",COLISIÓN POR ALCANCE,ASFALTO,Bueno,Bueno,2,CHEVROLET,BLANCO,2,,33,FEMENINO,SIN DATOS,0,0,Morelia,Loma de Los Piñones,mayo,jueves,9,-101.205083727837,19.6741812009592
6269,6269,2017,"170551250",2017/05/11,"09:30:00",COLISIÓN POR ALCANCE,ASFALTO,Bueno,Regular,2,PEUGEOT,GRIS,2,,21,MASCULINO,SIN DATOS,0,0,Morelia,Los Angeles,mayo,jueves,10,-101.175681352615,19.743353302967
6270,6270,2017,"170551159",2017/05/11,"09:40:00",COLISIÓN POR CORTE DE CIRCULACIÓN,ASFALTO,Bueno,Bueno,2,ITALIKA,NEGRO Y ROJO,2,,42,MASCULINO,SIN DATOS,0,0,Morelia,Asociacion Zirahuen,mayo,jueves,10,-101.250193119049,19.6986779188763
6271,6271,2017,"170551688",2017/05/11,10:45:00,COLISIÓN POR ALCANCE,ASFALTO,Bueno,Bueno,3,NISSAN,AZUL,3,,20,MASCULINO,SIN DATOS,0,0,Morelia,Nicolaitas Ilustres,mayo,jueves,11,-101.2269115448,19.7214236784131
6272,6272,2017,"170551750",2017/05/11,11:30:00,COLISIÓN POR CORTE DE CIRCULACIÓN,CONCRETO,Bueno,Bueno,2,FORD,AZUL,1,,35,MASCULINO,ALIENTO ETÍLICO,0,0,Morelia,Lomas del Tecnologico,mayo,jueves,12,-101.188309192657,19.721282284929
6274,6274,2017,"170552232",2017/05/11,12:50:00,COLISIÓN POR CORTE DE CIRCULACIÓN,CONCRETO,Bueno,Bueno,2,NISSAN,BLANCO,2,,55,MASCULINO,SIN DATOS,0,0,Morelia,Felix Ireta,mayo,jueves,13,-101.180659532547,19.6861774846419
6275,6275,2017,"170552242",2017/05/11,13:10:00,SALIDA DE SUPERFICIE DE RODAMIENTO,ASFALTO,Bueno,Bueno,1,JEEP,BEIGE,1,,39,MASCULINO,ALIENTO ETÍLICO,0,0,Morelia,Sin datos,mayo,jueves,13,-101.302700042725,19.5879735249599
6276,6276,2017,"170553238",2017/05/11,13:15:00,COLISIÓN POR ALCANCE,ASFALTO,Bueno,Bueno,2,SPARTAK,BLANCO,2,,60,MASCULINO,SIN DATOS,0,0,Morelia,Jardines del Toreo,mayo,jueves,13,-101.214230060577,19.6881523656342
6277,6277,2017,,2017/05/11,14:45:00,VOLCADURA,SIN_DATOS,Bueno,Bueno,1,FORD,BLANCO,1,,49,MASCULINO,SIN DATOS,0,0,Huandacareo,Sin datos,mayo,jueves,15,-101.256330013275,19.9943009349665
6278,6278,2017,"170553301",2017/05/11,15:30:00,COLISIÓN CONTRA OBJETO FIJO,ASFALTO,Nublado,Bueno,2,DINA,AZUL,2,,21,MASCULINO,SIN DATOS,0,0,Morelia,Jesus Romero Flores,mayo,jueves,16,-101.178665310144,19.7315481366225
6279,6279,2017,"170554117",2017/05/11,16:00:00,SALIDA DE SUPERFICIE DE RODAMIENTO,ASFALTO,Bueno,Bueno,1,V.W.,GRIS,1,,42,MASCULINO,SIN DATOS,0,0,Morelia,Bosques Tres Marias,mayo,jueves,16,-101.104130744934,19.7244333100495
6280,6280,2017,"170565623",2017/05/11,16:35:00,COLISIÓN POR CORTE DE CIRCULACIÓN,ASFALTO,Bueno,Bueno,1,INTERNATIONAL,BLANCO,1,,35,MASCULINO,SIN DATOS,0,0,Morelia,Leandro Valle,mayo,jueves,17,-101.23061299324,19.7158587404539
6282,6282,2017,,2017/05/11,17:30:00,SALIDA DE SUPERFICIE DE RODAMIENTO,ASFALTO,Bueno,Bueno,1,DINA,BLANCO,1,MINISTERIO PÚBLICO,46,MASCULINO,SIN DATOS,0,0,Jacona,Sin datos,mayo,jueves,18,-102.334513664246,19.959432922982
6283,6283,2017,"170554205",2017/05/11,18:00:00,COLISIÓN POR ALCANCE,ASFALTO,Bueno,Bueno,2,TOYOTA,GRIS,2,,44,MASCULINO,SIN DATOS,0,0,Morelia,Villas de La Esperanza,mayo,jueves,18,-101.275169849396,19.6928596563721
6284,6284,2017,,2017/05/11,18:10:00,COLISIÓN POR ALCANCE,ASFALTO,Bueno,Bueno,2,VOLKSWAGEN,GRIS,2,MINISTERIO PÚBLICO,,,SIN DATOS,0,0,Morelia,Morelia 450,mayo,jueves,18,-101.21721804142,19.6756258536411
6285,6285,2017,,2017/05/11,19:20:00,COLISIÓN CONTRA OBJETO FIJO,CONCRETO,Bueno,Bueno,2,NISSAN,BLANCO,2,,40,MASCULINO,SIN DATOS,0,0,Tarímbaro,Sin datos,mayo,jueves,19,-101.145833730698,19.7643207207814
6286,6286,2017,"170554264",2017/05/11,20:00:00,COLISIÓN POR CORTE DE CIRCULACIÓN,ASFALTO,Bueno,Bueno,2,FREIGHTLINER,BLANCO,2,,,MASCULINO,SIN DATOS,0,0,Morelia,Rinconada del Valle,mayo,jueves,20,-101.218832731247,19.6786363467477
6287,6287,2017,"170556011",2017/05/11,20:55:00,COLISIÓN POR CORTE DE CIRCULACIÓN,ASFALTO,Bueno,Bueno,2,INTERNATIONAL,BLANCO Y VERDE,2,,42,MASCULINO,SIN DATOS,0,0,Morelia,Division del Norte,mayo,jueves,21,-101.163235902786,19.7114248309099
6288,6288,2017,"17055292",2017/05/11,21:45:00,COLISIÓN POR ALCANCE,ASFALTO,Bueno,Bueno,2,JEEP,GRIS,2,,53,MASCULINO,SIN DATOS,0,0,Morelia,Los Manantiales de Morelia,mayo,jueves,22,-101.24025285244,19.6927788456815
6289,6289,2017,"170555585",2017/05/11,23:00:00,COLISIÓN POR CORTE DE CIRCULACIÓN,ASFALTO,Bueno,Bueno,2,V.W.,PLATA,2,,23,MASCULINO,SIN DATOS,0,0,Morelia,Sin datos,mayo,jueves,23,-101.097409129143,19.7302756713882
6290,6290,2017,,2017/05/12,"04:10:00",SUBIDA AL CAMELLÓN,ASFALTO,Bueno,Bueno,1,RENAULT,Azul,1,,25,MASCULINO,SIN DATOS,0,0,Apatzingán,Las Palmas,mayo,viernes,4,-102.350907325745,19.0760909323776
6291,6291,2017,"170555862",2017/05/12,"07:00:00",SUBIDA AL CAMELLÓN,ASFALTO,Bueno,Bueno,1,V.W.,GRIS,0,,,,,0,0,Morelia,Sin datos,mayo,viernes,7,-101.127068996429,19.7133236500491
6292,6292,2017,"170555894",2017/05/12,"07:25:00",COLISIÓN POR ALCANCE,CONCRETO,Bueno,Bueno,2,DODGE,BLANCO Y VERDE,1,MINISTERIO PÚBLICO,,,SIN DATOS,0,0,Morelia,Tanganxoan (Guadalupe Victoria),mayo,viernes,7,-101.285351514816,19.6902534910472
6293,6293,2017,"170556050",2017/05/12,"08:30:00",COLISIÓN POR CORTE DE CIRCULACIÓN,CONCRETO,Bueno,Bueno,2,NISSAN,GRIS,2,,32,FEMENINO,SIN DATOS,0,0,Morelia,Ferrocarrilero,mayo,viernes,9,-101.219937801361,19.6951526427143
6294,6294,2017,"170556048",2017/05/12,"09:00:00",COLISIÓN POR CORTE DE CIRCULACIÓN,CONCRETO,Bueno,Bueno,2,TOYOTA,ARENA,2,,30,MASCULINO,SIN DATOS,0,0,Morelia,Melchor Ocampo,mayo,viernes,9,-101.150017976761,19.7047131325927
6295,6295,2017,"170556133",2017/05/12,"09:30:00",COLISIÓN POR CORTE DE CIRCULACIÓN,ASFALTO,Bueno,Bueno,2,FORD,VERDE,2,,35,MASCULINO,SIN DATOS,0,0,Morelia,Bosques de Oriente,mayo,viernes,10,-101.155414581299,19.715757741605
6296,6296,2017,"170556590",2017/05/12,"09:40:00",COLISIÓN POR CORTE DE CIRCULACIÓN,CONCRETO,Bueno,Bueno,2,CHEVROLET,BLANCO,2,,52,MASCULINO,SIN DATOS,0,0,Morelia,Obrera,mayo,viernes,10,-101.181531250477,19.7133059749749
6297,6297,2017,"170556310",2017/05/12,"09:55:00",COLISIÓN POR CORTE DE CIRCULACIÓN,ASFALTO,Bueno,Bueno,2,CHEVROLET,VERDE,2,,49,MASCULINO,SIN DATOS,0,0,Morelia,Sin datos,mayo,viernes,10,-101.114087104797,19.7369156065838
6298,6298,2017,"170558998",2017/05/12,10:00:00,COLISIÓN POR CORTE DE CIRCULACIÓN,ASFALTO,Bueno,Bueno,2,HONDA,AZUL,2,,31,MASCULINO,SIN DATOS,0,0,Morelia,Santiaguito,mayo,viernes,10,-101.188741028309,19.7170681967132
6299,6299,2017,"170560089",2017/05/12,11:50:00,COLISIÓN POR ALCANCE,CONCRETO,Bueno,Bueno,2,NISSAN,BLANCO,2,,34,MASCULINO,SIN DATOS,0,0,Morelia,Bosques de Oriente,mayo,viernes,12,-101.15663766861,19.7149800483311
6300,6300,2017,"170557021",2017/05/12,12:25:00,COLISIÓN POR CORTE DE CIRCULACIÓN,CONCRETO,Bueno,Bueno,2,MERCURY,BLANCO,1,,19,MASCULINO,SIN DATOS,0,0,Morelia,Arboledas de Valladolid,mayo,viernes,12,-101.250423789024,19.6935515962396
6301,6301,2017,"170557436",2017/05/12,13:45:00,COLISIÓN POR CORTE DE CIRCULACIÓN,ASFALTO,Bueno,Bueno,2,CHEVROLET,AZUL,2,,72,MASCULINO,SIN DATOS,0,0,Morelia,Vasco de Quiroga,mayo,viernes,14,-101.170145273209,19.7033040946976