fid,id_accidente,anio_origen,folio_c5i,dia_incidente,hora_ocurrencia,tipo_incidente_vial,superficie_ocurrencia,condiciones_climaticas,condiciones_via,numero_vehiculos_involucrados,marca_vehiculo_ocasiona_siniestro,color_vehiculo_ocasiona_siniestro,numero_personas_involucradas,lugar_remite_presunto_responsable,edad_presunto_responsable,sexo_presunto_responsable,resultados_toxicologia,numero_personas_lesionadas,numero_personas_fallecidas,municipio,colonia,mes,dia_semana,hora_redondeada,lon,lat
6302,6302,2017,"170557727",2017/05/12,14:50:00,COLISIÓN POR CORTE DE CIRCULACIÓN,ASFALTO,Bueno,Bueno,2,HONDA,AZUL,2,,49,FEMENINO,SIN DATOS,0,0,Morelia,Chapultepec Oriente,mayo,viernes,15,-101.159432530403,19.6899756996056
6304,6304,2017,"170558421",2017/05/12,16:45:00,COLISIÓN POR CORTE DE CIRCULACIÓN,ASFALTO,Lluvioso,Bueno,2,NISSAN,ROJO,2,,55,MASCULINO,SIN DATOS,0,0,Morelia,Industrial,mayo,viernes,17,-101.192268133163,19.7108036697549
6305,6305,2017,"170558951",2017/05/12,17:30:00,COLISIÓN POR CORTE DE CIRCULACIÓN,ASFALTO,Lluvioso,Regular,1,HONDA,BLANCO,1,,28,,SIN DATOS,0,0,Morelia,Alberto Oviedo Mota,mayo,viernes,18,-101.201910674572,19.6778635242161
6306,6306,2017,"170558579",2017/05/12,17:42:00,COLISIÓN POR ALCANCE,ASFALTO,Lluvioso,Malo,4,NISSAN,BLANCO Y CAFE,4,,22,MASCULINO,SIN DATOS,0,0,Morelia,La Quemada,mayo,viernes,18,-101.239846497774,19.7011235967207
6307,6307,2017,"170558613",2017/05/12,17:51:00,COLISIÓN POR CORTE DE CIRCULACIÓN,ASFALTO,Lluvioso,Bueno,1,VOLKSWAGEN,PLATA,1,,24,MASCULINO,SIN DATOS,0,0,Morelia,El Lago 1,mayo,viernes,18,-101.219371855259,19.7274605585175
6308,6308,2017,"170559590",2017/05/12,20:20:00,COLISIÓN POR ALCANCE,ASFALTO,Bueno,Bueno,2,FORD,BLANCO,2,,,FEMENINO,SIN DATOS,0,0,Morelia,Fovissste Acueducto,mayo,viernes,20,-101.155800819397,19.700920317746
6309,6309,2017,"1705501444",2017/05/12,21:50:00,COLISIÓN POR ALCANCE,ASFALTO,Bueno,Bueno,2,YAMAHA,BLANCO,0,MINISTERIO PÚBLICO,,,,0,0,Tarímbaro,Sin datos,mayo,viernes,22,-101.159105300903,19.7679555333612
6310,6310,2017,"170559963",2017/05/12,22:40:00,COLISIÓN POR CORTE DE CIRCULACIÓN,ASFALTO,Bueno,Bueno,3,FORD,ROJO,3,,,MASCULINO,ALIENTO ETÍLICO,0,0,Morelia,Junta de Jaujilla,mayo,viernes,23,-101.225801110268,19.6914555648211
6311,6311,2017,,2017/05/12,23:20:00,CAIDA DE MOTOCICLETA,ASFALTO,Bueno,Bueno,1,Italika,Negro,1,,23,MASCULINO,SIN DATOS,0,0,Apatzingán,Independencia,mayo,viernes,23,-102.356775999069,19.0959229317643
6312,6312,2017,"170560242",2017/05/13,"02:00:00",COLISIÓN POR ALCANCE,ASFALTO,Lluvioso,Bueno,2,NISSAN,BLANCO,2,MINISTERIO PÚBLICO,38,MASCULINO,SIN DATOS,0,0,Morelia,Los Angeles,mayo,sábado,2,-101.177719831467,19.7394705195071
6313,6313,2017,"170560338",2017/05/13,"03:40:00",COLISIÓN POR CORTE DE CIRCULACIÓN,ASFALTO,Lluvioso,Bueno,1,HONDA,PLATA,1,,,MASCULINO,SIN DATOS,0,0,Morelia,Diego Rivera,mayo,sábado,4,-101.175863742828,19.7182018958382
6314,6314,2017,"170560418",2017/05/13,"06:00:00",COLISIÓN POR ALCANCE,ASFALTO,Bueno,Bueno,2,AUDI,GRIS,1,,60,MASCULINO,SIN DATOS,0,0,Morelia,El Porvenir,mayo,sábado,6,-101.207277774811,19.7081043682593
6316,6316,2017,,2017/05/13,12:40:00,COLISIÓN POR CORTE DE CIRCULACIÓN,ASFALTO,Bueno,Bueno,2,DINAMO,NARANJA,0,,,,,0,0,Zinapécuaro,Sin datos,mayo,sábado,13,-100.782823562622,19.8407151010787
6317,6317,2017,"170561658",2017/05/13,13:10:00,COLISIÓN CON PEATÓN,ASFALTO,Bueno,Bueno,1,SIN DATOS,SIN DATOS,2,,,,SIN DATOS,1,0,Morelia,Vicente Lombardo Toledano (Ejidal Isacc Arriaga) (Etnias de Mexico),mayo,sábado,13,-101.147496700287,19.712020739344
6318,6318,2017,"170562198",2017/05/13,14:30:00,COLISIÓN CONTRA OBJETO FIJO,ASFALTO,Nublado,Bueno,1,CHEVROLET,AZUL,1,,18,FEMENINO,SIN DATOS,0,0,Morelia,La Luz,mayo,sábado,15,-101.299846172333,19.6874351482437
6319,6319,2017,,2017/05/13,16:05:00,COLISIÓN POR CAMBIO DE CARRIL,ASFALTO,Bueno,Bueno,2,Nissan,Blanco,2,MINISTERIO PÚBLICO,51,MASCULINO,CON CERTIFICADO,0,0,Apatzingán,Atimapa,mayo,sábado,16,-102.370852595,19.1110153999992
6320,6320,2017,,2017/05/13,17:55:00,COLISIÓN POR MANIOBRA DE REVERSA,ASFALTO,Bueno,Bueno,2,Honda,Azul,3,,24,MASCULINO,CON CERTIFICADO,1,0,Apatzingán,Sin datos,mayo,sábado,18,-102.442746162415,19.0946860360287
6321,6321,2017,LEG6694,2017/05/13,18:45:00,COLISIÓN POR CORTE DE CIRCULACIÓN,ASFALTO,Bueno,Bueno,2,MAZDA,PLATA,2,,48,MASCULINO,SIN DATOS,0,0,Morelia,Elias Perez Avalos,mayo,sábado,19,-101.166422367096,19.7110713248573
6322,6322,2017,,2017/05/13,18:45:00,COLISIÓN CONTRA OBJETO FIJO,CONCRETO,Bueno,Bueno,2,NISSAN,ROJO,1,MINISTERIO PÚBLICO,0,,SIN DATOS,0,0,Zacapu,Anahuac,mayo,sábado,19,-101.779940128326,19.8166994422789
6323,6323,2017,"170563262",2017/05/13,19:00:00,COLISIÓN CONTRA OBJETO FIJO,ASFALTO,Bueno,Bueno,2,VOLKSWAGEN,GRIS,2,,17,MASCULINO,SIN DATOS,0,0,Morelia,Lomas de Vista Bella,mayo,sábado,19,-101.201012134552,19.6702563270461
6324,6324,2017,"170563534",2017/05/13,19:20:00,COLISIÓN POR ALCANCE,ASFALTO,Lluvioso,Regular,2,FORD,NEGRO,2,,33,MASCULINO,SIN DATOS,0,0,Morelia,Independencia,mayo,sábado,19,-101.177870035172,19.7193633609915
6325,6325,2017,"170563319",2017/05/13,19:40:00,VOLCADURA,ASFALTO,Lluvioso,Regular,1,CHRYSLER,GRIS,1,MINISTERIO PÚBLICO,52,MASCULINO,ALIENTO ETÍLICO,0,0,Morelia,Santiaguito,mayo,sábado,20,-101.192313730717,19.7192207032261
6326,6326,2017,"170563977",2017/05/13,20:40:00,COLISIÓN POR CORTE DE CIRCULACIÓN,ASFALTO,Bueno,Bueno,2,NISSAN,NEGRO,2,,38,MASCULINO,SIN DATOS,0,0,Morelia,Pastor Manuel Sanchez Camarena,mayo,sábado,21,-101.199194937944,19.73696609933
6327,6327,2017,"170564220",2017/05/13,22:30:00,COLISIÓN POR CORTE DE CIRCULACIÓN,CONCRETO,Bueno,Bueno,1,TOYOTA,BLANCO,1,,27,MASCULINO,SIN DATOS,0,0,Morelia,Lomas de Morelia (Dr Ignacio Chavez),mayo,sábado,23,-101.176118552685,19.7151391222631
6328,6328,2017,"170564717",2017/05/14,"01:10:00",COLISIÓN CONTRA OBJETO FIJO,ASFALTO,Bueno,Bueno,1,NISSAN,BLANCO,1,,44,MASCULINO,SIN DATOS,0,0,Morelia,Ciudad Industrial,mayo,domingo,1,-101.14299595356,19.725231155912
6330,6330,2017,"170568113",2017/05/14,"04:00:00",COLISIÓN POR ALCANCE,ASFALTO,Bueno,Bueno,3,CHEVROLET,GRIS,3,,30,MASCULINO,SIN DATOS,0,0,Morelia,Ciudad Industrial,mayo,domingo,4,-101.144342422485,19.7242515218274
6331,6331,2017,"170564917",2017/05/14,"04:30:00",VOLCADURA,CONCRETO,Bueno,Bueno,1,JEEP,NEGRO,1,,,,SIN DATOS,0,0,Morelia,Enrique Arreguin Robles,mayo,domingo,5,-101.178824901581,19.720353124636
6332,6332,2017,"170565001",2017/05/14,"05:00:00",COLISIÓN POR CORTE DE CIRCULACIÓN,ASFALTO,Bueno,Bueno,2,CHEVROLET,AZUL,2,,19,MASCULINO,SIN DATOS,0,0,Morelia,Isaac Arriaga,mayo,domingo,5,-101.166400909424,19.7102936087911
6333,6333,2017,"170565005",2017/05/14,"05:15:00",COLISIÓN POR ALCANCE,ASFALTO,Bueno,Regular,2,NISSAN,GRIS,2,,27,MASCULINO,SIN DATOS,0,0,Morelia,Mirador del Punhuato,mayo,domingo,5,-101.159094572067,19.7042131528246
6334,6334,2017,"170565066",2017/05/14,"06:00:00",SALIDA DE SUPERFICIE DE RODAMIENTO,ASFALTO,Bueno,Regular,1,NISSAN,BLANCO Y CREMA,1,,,,SIN DATOS,0,0,Morelia,3 de Agosto,mayo,domingo,6,-101.171894073486,19.7310583396964
6335,6335,2017,"170565114",2017/05/14,"06:20:00",SALIDA DE SUPERFICIE DE RODAMIENTO,ASFALTO,Bueno,Bueno,2,PEUGEOT,BLANCO,2,,36,MASCULINO,ALIENTO ETÍLICO,1,0,Morelia,Campestre Los Manantiales,mayo,domingo,6,-101.239646673203,19.6911222175361
6336,6336,2017,"170564998",2017/05/14,"06:40:00",COLISIÓN POR CORTE DE CIRCULACIÓN,ASFALTO,Bueno,Bueno,1,CHEVROLET,ROJO,1,,52,MASCULINO,ALIENTO ETÍLICO,0,0,Morelia,Bosques Tres Marias,mayo,domingo,7,-101.105289459229,19.7293314148419
6337,6337,2017,"1705065227",2017/05/14,"07:30:00",INCENDIO,ASFALTO,Bueno,Bueno,1,NISSAN,BLANCO Y ROJO,1,,23,MASCULINO,SIN DATOS,0,0,Morelia,Indeco El Vivero,mayo,domingo,8,-101.22977077961,19.6770351351407
6339,6339,2017,"170565692",2017/05/14,11:40:00,COLISIÓN POR CORTE DE CIRCULACIÓN,ASFALTO,Bueno,Bueno,2,CHEVROLET,GRIS,2,,25,MASCULINO,SIN DATOS,0,0,Morelia,Sin datos,mayo,domingo,12,-101.342010498047,19.7206561122816
6340,6340,2017,"170565877",2017/05/14,12:15:00,COLISIÓN POR CORTE DE CIRCULACIÓN,ASFALTO,Bueno,Bueno,2,FORD,BLANCO Y ROJO,2,,,,SIN DATOS,0,0,Morelia,La Luz,mayo,domingo,12,-101.288666725159,19.688354398122
6341,6341,2017,,2017/05/14,15:00:00,COLISIÓN POR ALCANCE,ASFALTO,Bueno,Bueno,2,ITALIKA,NEGRO,2,MINISTERIO PÚBLICO,28,MASCULINO,SIN DATOS,1,0,Tarímbaro,Sin datos,mayo,domingo,15,-101.128914356232,19.777324890281
6342,6342,2017,"170566557",2017/05/14,15:30:00,COLISIÓN POR CORTE DE CIRCULACIÓN,ASFALTO,Bueno,Bueno,2,NISSAN,AZUL,2,,59,MASCULINO,SIN DATOS,0,0,Morelia,Fidel Velazquez,mayo,domingo,16,-101.23635828495,19.7076018739897
6343,6343,2017,"170576794",2017/05/14,16:00:00,COLISIÓN POR CORTE DE CIRCULACIÓN,ASFALTO,Bueno,Bueno,2,MAZDA,ROJO,2,,65,MASCULINO,SIN DATOS,0,0,Morelia,Loma Bonita,mayo,domingo,16,-101.196876168251,19.719161367658
6344,6344,2017,"170566903",2017/05/14,17:45:00,COLISIÓN POR ALCANCE,ASFALTO,Bueno,Bueno,2,V.W.,GUINDA,0,,,,,0,0,Morelia,Felix Arreguin,mayo,domingo,18,-101.228091716766,19.7193229623452
6345,6345,2017,"170566450",2017/05/14,20:20:00,COLISIÓN CONTRA OBJETO FIJO,ASFALTO,Bueno,Bueno,1,HIUNDAY,GRIS,1,,20,MASCULINO,SIN DATOS,0,0,Morelia,Loma de Los Piñones,mayo,domingo,20,-101.205078363419,19.6742115084919
6346,6346,2017,"170563515",2017/05/14,20:30:00,COLISIÓN POR CORTE DE CIRCULACIÓN,ASFALTO,Bueno,Regular,2,NISSAN,BLANCO,2,,34,MASCULINO,ALIENTO ETÍLICO,0,0,Morelia,Isaac Arriaga,mayo,domingo,21,-101.168568134308,19.7090714759031
6347,6347,2017,"170567825",2017/05/14,22:30:00,COLISIÓN POR CORTE DE CIRCULACIÓN,CONCRETO,Bueno,Bueno,1,NISSAN,AZUL,1,,,FEMENINO,SIN DATOS,0,0,Morelia,Cuauhtemoc,mayo,domingo,23,-101.182923316956,19.694384950504
6348,6348,2017,"170567953",2017/05/14,23:50:00,COLISIÓN POR CORTE DE CIRCULACIÓN,SIN_DATOS,Bueno,Bueno,1,AUDI,NEGRO,0,,,,,0,0,Morelia,Sin datos,mayo,domingo,0,-101.090451478958,19.7239990378426
6349,6349,2017,"170568242",2017/05/15,"03:30:00",COLISIÓN POR ALCANCE,ASFALTO,Bueno,Bueno,2,RAMBLER,NARANJA,2,,21,MASCULINO,ALIENTO ETÍLICO,0,0,Morelia,Indeco El Vivero,mayo,lunes,4,-101.229738593102,19.6770199816421
6350,6350,2017,"170568270",2017/05/15,"04:00:00",COLISIÓN CONTRA OBJETO FIJO,ASFALTO,Bueno,Bueno,1,SUZUKI,ROJO,1,,27,MASCULINO,ALIENTO ETÍLICO,0,0,Morelia,Sentimientos de La Nacion,mayo,lunes,4,-101.234314441681,19.6789697200222
6351,6351,2017,"170568681",2017/05/15,"08:48:00",COLISIÓN POR ALCANCE,ASFALTO,Bueno,Bueno,3,FORD,ROJO,3,,24,FEMENINO,SIN DATOS,0,0,Morelia,Independencia,mayo,lunes,9,-101.17790222168,19.7193431616696
6352,6352,2017,"170568686",2017/05/15,"09:50:00",COLISIÓN POR ALCANCE,ASFALTO,Bueno,Bueno,3,INTERNATIONAL,BLANCO,4,MINISTERIO PÚBLICO,,,SIN DATOS,1,0,Morelia,Division del Norte,mayo,lunes,10,-101.164008378983,19.7111723266664
6353,6353,2017,"170568576",2017/05/15,10:20:00,VOLCADURA,ASFALTO,Bueno,Regular,1,FORD,BLANCO,1,MINISTERIO PÚBLICO,,,,0,1,Charo,Sin datos,mayo,lunes,10,-101.028621436747,19.6922228530472
6354,6354,2017,"170568966",2017/05/15,10:50:00,COLISIÓN CONTRA OBJETO FIJO,ASFALTO,Bueno,Bueno,1,FORD,CAFE,1,,36,MASCULINO,SIN DATOS,0,0,Morelia,Terrazas,mayo,lunes,11,-101.180825829506,19.7199642896494
6355,6355,2017,"170569115",2017/05/15,11:00:00,COLISIÓN CONTRA OBJETO FIJO,ASFALTO,Bueno,Bueno,1,CHEVROLET,VINO,1,MINISTERIO PÚBLICO,,,SIN DATOS,0,0,Morelia,Los Angeles,mayo,lunes,11,-101.176115870476,19.742479811149
6356,6356,2017,"170569962",2017/05/15,14:00:00,COLISIÓN POR ALCANCE,ASFALTO,Bueno,Bueno,2,SEAT,AMARILLO,2,,28,FEMENINO,SIN DATOS,0,0,Morelia,Enrique Arreguin Robles,mayo,lunes,14,-101.179350614548,19.7207116599543
6357,6357,2017,"170570654",2017/05/15,16:10:00,COLISIÓN POR ALCANCE,ASFALTO,Bueno,Bueno,2,RENAULT,GRIS,2,MINISTERIO PÚBLICO,48,FEMENINO,SIN DATOS,0,0,Morelia,Ana Maria Gallaga (Riviera Norte),mayo,lunes,16,-101.222834587097,19.6767977301648
6358,6358,2017,"170571099",2017/05/15,17:03:00,COLISIÓN POR ALCANCE,ASFALTO,Bueno,Bueno,2,NISSAN,NEGRO,2,,42,MASCULINO,SIN DATOS,0,0,Morelia,Primo Tapia Oriente,mayo,lunes,17,-101.158772706985,19.7136165509941
6359,6359,2017,"17051229",2017/05/15,17:50:00,VOLCADURA,ASFALTO,Bueno,Bueno,1,FORD,AZUL,0,MINISTERIO PÚBLICO,,,,0,0,Morelia,Independencia,mayo,lunes,18,-101.177870035172,19.7193633609915
6360,6360,2017,"170571304",2017/05/15,18:25:00,INCENDIO,CONCRETO,Bueno,Bueno,1,VOLKSWAGEN,ORO,1,,53,MASCULINO,SIN DATOS,0,0,Morelia,Centro,mayo,lunes,18,-101.180005073547,19.7008799144407
6361,6361,2017,"170577393",2017/05/15,18:35:00,COLISIÓN POR ALCANCE,ASFALTO,Bueno,Bueno,2,VOLKSWAGEN,PLATA,2,MINISTERIO PÚBLICO,21,MASCULINO,CON CERTIFICADO,0,0,Morelia,Independencia,mayo,lunes,19,-101.17790222168,19.7193532613308
6362,6362,2017,"170572647",2017/05/15,23:20:00,CAIDA DE MOTOCICLETA,ASFALTO,Bueno,Bueno,1,SUZUKI,AZUL Y NEGRO,1,,23,MASCULINO,SIN DATOS,0,0,Morelia,Loma Real,mayo,lunes,23,-101.198399662971,19.7292152759507
6363,6363,2017,"170572590",2017/05/15,23:25:00,COLISIÓN POR CORTE DE CIRCULACIÓN,CONCRETO,Bueno,Bueno,1,NISSAN,BLANCO Y MORADO,1,,58,FEMENINO,SIN DATOS,0,0,Morelia,Villas Oriente,mayo,lunes,23,-101.144127845764,19.7542841691886
6364,6364,2017,"170572730",2017/05/16,"00:30:00",COLISIÓN POR ALCANCE,TERRACERIA,Bueno,Bueno,2,FORD,AZUL MARINO,3,,43,MASCULINO,ALIENTO ETÍLICO,1,0,Morelia,Puebla,mayo,martes,1,-101.198061704636,19.7471148171691
6365,6365,2017,"170573020",2017/05/16,"07:30:00",COLISIÓN POR CORTE DE CIRCULACIÓN,ASFALTO,Nublado,Bueno,2,CHEVROLET,GRIS,2,,,MASCULINO,SIN DATOS,0,0,Morelia,San Rafael,mayo,martes,8,-101.153901815414,19.699869828494
6366,6366,2017,"170573511",2017/05/16,"09:25:00",COLISIÓN POR CORTE DE CIRCULACIÓN,ASFALTO,Bueno,Bueno,3,CHEVROLET,NEGRO,3,,31,MASCULINO,SIN DATOS,0,0,Morelia,Centro,mayo,martes,9,-101.178959012032,19.7044656680543
6367,6367,2017,"170573673",2017/05/16,10:15:00,COLISIÓN POR ALCANCE,ASFALTO,Bueno,Bueno,2,NISSAN,ARENA,2,,,MASCULINO,SIN DATOS,0,0,Morelia,Felix Ireta,mayo,martes,10,-101.193233728409,19.6821821905691
6368,6368,2017,"170573911",2017/05/16,10:25:00,COLISIÓN POR ALCANCE,ASFALTO,Bueno,Bueno,2,CHEVROLET,BLANCO,2,,28,MASCULINO,SIN DATOS,0,0,Morelia,Industrial,mayo,martes,10,-101.188341379166,19.7116470343145
6369,6369,2017,"170574309",2017/05/16,12:00:00,COLISIÓN POR CORTE DE CIRCULACIÓN,CONCRETO,Bueno,Bueno,2,TOYOTA,BLANCO,2,,32,MASCULINO,SIN DATOS,0,0,Morelia,Jardines del Toreo,mayo,martes,12,-101.214165687561,19.6882735851575
6370,6370,2017,"170574173",2017/05/16,12:15:00,COLISIÓN POR CORTE DE CIRCULACIÓN,ASFALTO,Bueno,Bueno,2,DODGE,BLANCO,2,,47,MASCULINO,SIN DATOS,0,0,Morelia,Centro,mayo,martes,12,-101.192632913589,19.6961122527994
6371,6371,2017,"170574517",2017/05/16,12:25:00,COLISIÓN POR CORTE DE CIRCULACIÓN,ASFALTO,Bueno,Bueno,2,MERCEDES BENZ,BLANCO,2,,26,MASCULINO,SIN DATOS,0,0,Morelia,Independencia,mayo,martes,12,-101.17790222168,19.7193835603107
6372,6372,2017,"170574879",2017/05/16,14:00:00,COLISIÓN POR CORTE DE CIRCULACIÓN,ASFALTO,Bueno,Bueno,2,FREIGHTLINER,NEGRO,2,,65,MASCULINO,SIN DATOS,0,0,Morelia,Libertad,mayo,martes,14,-101.236910820007,19.684919811163
6373,6373,2017,,2017/05/16,14:00:00,COLISIÓN CON PEATÓN,ASFALTO,Bueno,Bueno,1,SIN DATOS,SIN DATOS,2,,,,SIN DATOS,1,0,Cuitzeo,Sin datos,mayo,martes,14,-101.109323501587,19.9561252039141
6374,6374,2017,"170575177",2017/05/16,14:50:00,COLISIÓN POR ALCANCE,ASFALTO,Bueno,Bueno,2,HONDA,ROJO,2,,25,FEMENINO,SIN DATOS,0,0,Morelia,Alberto Oviedo Mota,mayo,martes,15,-101.197407245636,19.681262905263
6375,6375,2017,"170575135",2017/05/16,15:20:00,COLISIÓN POR CORTE DE CIRCULACIÓN,ASFALTO,Bueno,Bueno,2,NISSAN,BLANCO,2,,39,MASCULINO,SIN DATOS,0,0,Morelia,Centro,mayo,martes,15,-101.198464035988,19.703112181766
6376,6376,2017,"170575651",2017/05/16,16:55:00,COLISIÓN POR ALCANCE,ASFALTO,Bueno,Bueno,2,INTERNATIONAL,BLANCO Y VERDE,2,MINISTERIO PÚBLICO,,MASCULINO,SIN DATOS,0,0,Morelia,Lomas de Guayangareo,mayo,martes,17,-101.161422729492,19.7053444179467
6377,6377,2017,LEG6737,2017/05/16,17:00:00,COLISIÓN POR CORTE DE CIRCULACIÓN,ASFALTO,Bueno,Bueno,2,KENWORTH,BLANCO,2,,63,MASCULINO,SIN DATOS,0,0,Morelia,Campestre Los Manantiales,mayo,martes,17,-101.23815536499,19.6878493164245
6378,6378,2017,"170576036",2017/05/16,18:00:00,COLISIÓN CONTRA OBJETO FIJO,ASFALTO,Bueno,Bueno,1,ISUZU,ARENA,0,,,,,0,0,Morelia,Puerta Tres Marias Norte,mayo,martes,18,-101.141338348389,19.6922131697056
6379,6379,2017,"170156090",2017/05/16,18:00:00,COLISIÓN POR CORTE DE CIRCULACIÓN,ASFALTO,Bueno,Bueno,2,MINI COOPER,SIN DATOS,2,,31,MASCULINO,SIN DATOS,0,0,Morelia,Ventura Puente,mayo,martes,18,-101.179747581482,19.6908595797924
6380,6380,2017,"170577002",2017/05/16,21:10:00,COLISIÓN POR CORTE DE CIRCULACIÓN,ASFALTO,Bueno,Bueno,2,ITALIKA,ROJO,2,,43,MASCULINO,SIN DATOS,0,0,Morelia,Prados Verdes,mayo,martes,21,-101.197224855423,19.7167475275734
6381,6381,2017,,2017/05/16,21:40:00,COLISIÓN POR ALCANCE,ASFALTO,Bueno,Bueno,1,HONDA,PLATA,1,,,MASCULINO,SIN DATOS,0,0,Morelia,Chapultepec Oriente,mayo,martes,22,-101.159062385559,19.6882937884024
6382,6382,2017,"170577107",2017/05/16,21:50:00,COLISIÓN POR CORTE DE CIRCULACIÓN,ASFALTO,Bueno,Bueno,1,HONDA,NEGRO,2,,,,,2,0,Morelia,Diego Rivera,mayo,martes,22,-101.177794933319,19.7196461512295
6383,6383,2017,LEG6749,2017/05/17,"03:10:00",COLISIÓN POR CORTE DE CIRCULACIÓN,ASFALTO,Bueno,Bueno,2,NISSAN,BLANCO,2,,28,MASCULINO,ALIENTO ETÍLICO,0,0,Morelia,Barrio Alto,mayo,miércoles,3,-101.196827888489,19.7249988720846
6384,6384,2017,,2017/05/17,"06:10:00",COLISIÓN CONTRA OBJETO FIJO,CONCRETO,Bueno,Regular,2,FORD,SIN DATOS,0,MINISTERIO PÚBLICO,,,,0,0,Pátzcuaro,Jacarandas,mayo,miércoles,6,-101.599078774452,19.5064121887305
6385,6385,2017,"170577993",2017/05/17,"08:50:00",COLISIÓN POR ALCANCE,ASFALTO,Bueno,Bueno,2,CHRYSLER,GRIS,2,,29,FEMENINO,SIN DATOS,0,0,Morelia,Enrique Arreguin Robles,mayo,miércoles,9,-101.185863018036,19.7204743197631
6388,6388,2017,"170578155",2017/05/17,"09:25:00",COLISIÓN POR ALCANCE,ASFALTO,Bueno,Regular,3,CHRYSLER,GRIS,3,MINISTERIO PÚBLICO,,MASCULINO,SIN DATOS,0,0,Morelia,Villas de La Esperanza,mayo,miércoles,9,-101.270513534546,19.6943142418257
6389,6389,2017,"170246591",2017/05/17,13:10:00,COLISIÓN POR CORTE DE CIRCULACIÓN,ASFALTO,Bueno,Bueno,2,BAJAJ,NEGRO,2,,18,MASCULINO,SIN DATOS,0,0,Morelia,Sentimientos de La Nacion,mayo,miércoles,13,-101.235280036926,19.6812427011311
6391,6391,2017,"170579487",2017/05/17,13:40:00,COLISIÓN POR CORTE DE CIRCULACIÓN,CONCRETO,Bueno,Bueno,2,NISSAN,BLANCO Y VERDE,2,,29,MASCULINO,SIN DATOS,0,0,Morelia,5 de Mayo,mayo,miércoles,14,-101.17543291,19.7031789799992
6392,6392,2017,"170579443",2017/05/17,13:50:00,SUBIDA AL CAMELLÓN,ASFALTO,Bueno,Regular,1,DINA,AMARILLO,1,,42,MASCULINO,SIN DATOS,0,0,Morelia,Jesus Romero Flores,mayo,miércoles,14,-101.178306817326,19.7315900393729
6393,6393,2017,"170579501",2017/05/17,13:55:00,COLISIÓN CONTRA OBJETO FIJO,CONCRETO,Bueno,Bueno,2,CHEVROLET,VINO,2,,,MASCULINO,ALIENTO ETÍLICO,0,0,Morelia,Gertrudis Bocanegra,mayo,miércoles,14,-101.21080654,19.7043690749991
6394,6394,2017,"170579708",2017/05/17,14:55:00,COLISIÓN CONTRA OBJETO FIJO,ASFALTO,Bueno,Bueno,2,FREIGHTLINER,BLANCO,2,,36,MASCULINO,SIN DATOS,0,0,Morelia,Rey Tariacuri (Eucaliptos),mayo,miércoles,15,-101.198902538624,19.6789772554095
6397,6397,2017,,2017/05/17,20:50:00,SALIDA DE SUPERFICIE DE RODAMIENTO,ASFALTO,Bueno,Bueno,1,CHEVROLET,ARENA,1,MINISTERIO PÚBLICO,,,,1,0,Quiroga,Sin datos,mayo,miércoles,21,-101.535816192627,19.6695844921475
6400,6400,2017,,2017/05/17,22:00:00,COLISIÓN POR CORTE DE CIRCULACIÓN,ASFALTO,Bueno,Bueno,2,TOYOTA,GRIS,0,,,,,0,0,Zinapécuaro,Sin datos,mayo,miércoles,22,-100.823550224304,19.8219832995505
6401,6401,2017,"170582275",2017/05/17,22:55:00,COLISIÓN POR CORTE DE CIRCULACIÓN,CONCRETO,Bueno,Bueno,2,MERCEDES BENZ,BLANCO,1,,33,FEMENINO,SIN DATOS,0,0,Morelia,Ignacio Lopez Rayon,mayo,miércoles,23,-101.250547170639,19.6905767386635
6402,6402,2017,"170582419",2017/05/17,23:50:00,COLISIÓN CONTRA OBJETO FIJO,CONCRETO,Bueno,Bueno,2,CHEVROLET,ROJO,2,,18,MASCULINO,ALIENTO ETÍLICO,0,0,Morelia,Campestre Los Manantiales,mayo,miércoles,0,-101.23617855,19.6903242699992
6403,6403,2017,,2017/05/18,"00:00:00",SUBIDA AL CAMELLÓN,ASFALTO,Bueno,Regular,1,NISSAN,BLANCO,1,,52,MASCULINO,SIN DATOS,0,0,Uruapan,Sin datos,mayo,jueves,0,-102.058439254761,19.3648385673871
6404,6404,2017,"170587526",2017/05/18,"00:55:00",COLISIÓN CON PEATÓN,ASFALTO,Bueno,Bueno,1,MAZDA,NEGRO,2,,28,MASCULINO,SIN DATOS,1,0,Morelia,Los Fresnos,mayo,jueves,1,-101.120867729187,19.730684679176
6405,6405,2017,"170582730",2017/05/18,"07:15:00",COLISIÓN POR CORTE DE CIRCULACIÓN,ASFALTO,Bueno,Bueno,2,CHEVROLET,CAFE,2,,36,MASCULINO,SIN DATOS,0,0,Morelia,Isaac Arriaga,mayo,jueves,7,-101.170418858528,19.7082634490307
6406,6406,2017,,2017/05/18,"09:07:00",SALIDA DE SUPERFICIE DE RODAMIENTO,ASFALTO,Bueno,Regular,1,NISSAN,BLANCO,1,,52,MASCULINO,SIN DATOS,0,0,Gabriel Zamora,Sin datos,mayo,jueves,9,-102.04537153244,19.2211664047804
6407,6407,2017,"170583067",2017/05/18,"09:23:00",COLISIÓN POR CORTE DE CIRCULACIÓN,ASFALTO,Bueno,Bueno,2,HIACE,BLANCO Y GRIS,2,,45,MASCULINO,SIN DATOS,0,0,Morelia,Cinco de Diciembre,mayo,jueves,9,-101.165714263916,19.6844753298205
6408,6408,2017,"170583249",2017/05/18,"09:30:00",COLISIÓN POR ALCANCE,ASFALTO,Bueno,Bueno,2,CHEVROLET,ROJO,2,,45,MASCULINO,SIN DATOS,0,0,Morelia,Arcos del Valle,mayo,jueves,10,-101.232426166534,19.7030616783247