fid,id_accidente,anio_origen,folio_c5i,dia_incidente,hora_ocurrencia,tipo_incidente_vial,superficie_ocurrencia,condiciones_climaticas,condiciones_via,numero_vehiculos_involucrados,marca_vehiculo_ocasiona_siniestro,color_vehiculo_ocasiona_siniestro,numero_personas_involucradas,lugar_remite_presunto_responsable,edad_presunto_responsable,sexo_presunto_responsable,resultados_toxicologia,numero_personas_lesionadas,numero_personas_fallecidas,municipio,colonia,mes,dia_semana,hora_redondeada,lon,lat
6409,6409,2017,"170583593",2017/05/18,10:30:00,COLISIÓN POR CORTE DE CIRCULACIÓN,ASFALTO,Bueno,Bueno,2,INTERNATIONAL,ROJO,2,,27,MASCULINO,SIN DATOS,0,0,Morelia,Sentimientos de La Nacion,mayo,jueves,11,-101.234335899353,19.6789192089646
6410,6410,2017,"1705835148",2017/05/18,11:14:00,COLISIÓN POR ALCANCE,ASFALTO,Bueno,Bueno,2,NISSAN,BLANCO,2,MINISTERIO PÚBLICO,42,MASCULINO,SIN DATOS,0,0,Morelia,Francisco J Mujica,mayo,jueves,11,-101.188395023346,19.7215852708133
6411,6411,2017,"170587572",2017/05/18,11:55:00,COLISIÓN POR ALCANCE,ASFALTO,Bueno,Bueno,2,PETERBILT,BLANCO,2,,,MASCULINO,SIN DATOS,0,0,Morelia,Rafael Carrillo,mayo,jueves,12,-101.234722137451,19.7103340097188
6412,6412,2017,"170587379",2017/05/18,12:00:00,COLISIÓN POR CORTE DE CIRCULACIÓN,ASFALTO,Bueno,Bueno,2,KENWORTH,ROJO,2,,39,MASCULINO,SIN DATOS,0,0,Morelia,Rafael Carrillo,mayo,jueves,12,-101.23486161232,19.709980501255
6413,6413,2017,"170583806",2017/05/18,12:10:00,COLISIÓN POR CORTE DE CIRCULACIÓN,ASFALTO,Bueno,Bueno,2,VOLKSWAGEN,ROJO,2,,38,FEMENINO,SIN DATOS,0,0,Morelia,Chapultepec Sur,mayo,jueves,12,-101.165912747383,19.6910818117574
6414,6414,2017,"170584080",2017/05/18,13:20:00,COLISIÓN POR CORTE DE CIRCULACIÓN,ASFALTO,Bueno,Bueno,2,NISSAN,BLANCO,2,,25,MASCULINO,SIN DATOS,0,0,Morelia,Independencia,mayo,jueves,13,-101.17613196373,19.705692886395
6415,6415,2017,"170584478",2017/05/18,13:25:00,COLISIÓN POR ALCANCE,ASFALTO,Bueno,Bueno,3,NISSAN,BLANCO,3,,22,MASCULINO,SIN DATOS,0,0,Morelia,Libertad,mayo,jueves,13,-101.236953735352,19.6848895056561
6416,6416,2017,"170584222",2017/05/18,14:10:00,COLISIÓN POR CORTE DE CIRCULACIÓN,ASFALTO,Bueno,Bueno,2,NISSAN,ROJO,1,,52,MASCULINO,SIN DATOS,0,0,Morelia,Arcos del Valle,mayo,jueves,14,-101.236299276352,19.7076902524932
6417,6417,2017,"170584273",2017/05/18,14:16:00,COLISIÓN POR CORTE DE CIRCULACIÓN,CONCRETO,Bueno,Bueno,1,NISSAN,ROJO,1,,37,MASCULINO,SIN DATOS,0,0,Morelia,Independencia,mayo,jueves,14,-101.178122162819,19.7082331479436
6418,6418,2017,,2017/05/18,14:30:00,COLISIÓN POR ALCANCE,CONCRETO,Bueno,Bueno,2,NISSAN,GRIS,2,,44,MASCULINO,SIN DATOS,0,0,Morelia,Lomas de Huerta,mayo,jueves,15,-101.210914850235,19.6726153039726
6419,6419,2017,"170584591",2017/05/18,14:40:00,VOLCADURA,CONCRETO,Bueno,Bueno,1,FORD,ROJO,1,,28,MASCULINO,SIN DATOS,0,0,Morelia,Nueva Jacarndas,mayo,jueves,15,-101.187579631805,19.6793384502603
6420,6420,2017,"170586126",2017/05/18,19:00:00,COLISIÓN POR CORTE DE CIRCULACIÓN,ASFALTO,Bueno,Bueno,2,MERCEDES BENZ,BLANCO,2,,32,MASCULINO,SIN DATOS,0,0,Morelia,Centro,mayo,jueves,19,-101.204187870026,19.7025465423128
6421,6421,2017,"170586548",2017/05/18,19:45:00,COLISIÓN POR CORTE DE CIRCULACIÓN,ASFALTO,Bueno,Bueno,1,HONDA,ROJO,1,,54,MASCULINO,SIN DATOS,0,0,Morelia,Sin datos,mayo,jueves,20,-101.135458946228,19.729886860545
6422,6422,2017,,2017/05/18,22:10:00,COLISIÓN CON PEATÓN,ASFALTO,Bueno,Bueno,1,YAMAHA,ROJO/NEGRO,1,MINISTERIO PÚBLICO,,,,1,0,Lázaro Cárdenas,600 Casas,mayo,jueves,22,-102.216303348541,17.9656090302142
6423,6423,2017,,2017/05/18,23:00:00,COLISIÓN POR CORTE DE CIRCULACIÓN,ASFALTO,Bueno,Bueno,2,TOYOTA,BLANCO,2,,36,MASCULINO,SIN DATOS,0,0,Morelia,Libertad,mayo,jueves,23,-101.236921548843,19.6848895056561
6424,6424,2017,"170587303",2017/05/18,23:20:00,VOLCADURA,ASFALTO,Bueno,Bueno,1,V.W.,VERDE,1,,,MASCULINO,ALIENTO ETÍLICO,0,0,Morelia,El Lago 1,mayo,jueves,23,-101.214551925659,19.7270591168565
6425,6425,2017,"170587446",2017/05/19,"01:00:00",SALIDA DE SUPERFICIE DE RODAMIENTO,ASFALTO,Bueno,Bueno,1,VOLKSWAGEN,PLATA,1,,,MASCULINO,SIN DATOS,0,0,Morelia,Ciudad Industrial,mayo,viernes,1,-101.136167049408,19.7296646824955
6426,6426,2017,"170587541",2017/05/19,"01:40:00",COLISIÓN CONTRA OBJETO FIJO,ASFALTO,Bueno,Bueno,2,CHRYSLER,MORADO,2,,28,MASCULINO,SIN DATOS,0,0,Morelia,Sin datos,mayo,viernes,2,-101.09041929245,19.7240091372097
6427,6427,2017,"170581560",2017/05/19,"03:20:00",SUBIDA AL CAMELLÓN,ASFALTO,Bueno,Bueno,1,CHEVROLET,BLANCO,1,,33,MASCULINO,SIN DATOS,0,0,Morelia,Los Manantiales de Morelia,mayo,viernes,3,-101.24286532402,19.698970846639
6428,6428,2017,"170587821",2017/05/19,"07:40:00",COLISIÓN POR CORTE DE CIRCULACIÓN,CONCRETO,Bueno,Bueno,2,DODGE,ARENA,2,,46,FEMENINO,SIN DATOS,0,0,Morelia,Jardines de Guadalupe,mayo,viernes,8,-101.227362155914,19.7133337500906
6429,6429,2017,"170587886",2017/05/19,"08:15:00",COLISIÓN POR CORTE DE CIRCULACIÓN,ASFALTO,Bueno,Bueno,2,SIN DATOS,SIN DATO,2,,,,SIN DATOS,0,0,Morelia,San Pascual,mayo,viernes,8,-101.267423629761,19.6954253745868
6430,6430,2017,"170588013",2017/05/19,"08:15:00",COLISIÓN POR CORTE DE CIRCULACIÓN,ASFALTO,Bueno,Bueno,2,NISSAN,BLANCO,2,,32,MASCULINO,SIN DATOS,0,0,Morelia,Torreon Nuevo,mayo,viernes,8,-101.201076507568,19.7421566684562
6431,6431,2017,"170588113",2017/05/19,"09:00:00",COLISIÓN POR ALCANCE,ASFALTO,Bueno,Regular,2,CHRYSLER,ROJO,2,,45,FEMENINO,SIN DATOS,0,0,Morelia,Los Manantiales de Morelia,mayo,viernes,9,-101.241095066071,19.6944910134627
6432,6432,2017,"170588341",2017/05/19,10:45:00,SUBIDA AL CAMELLÓN,ASFALTO,Bueno,Bueno,1,GMC,GUINDA,1,,44,MASCULINO,SIN DATOS,0,0,Morelia,Comision Federal de Electricidad,mayo,viernes,11,-101.181292533875,19.6815659669358
6433,6433,2017,"170590370",2017/05/19,11:40:00,COLISIÓN CON PEATÓN,ASFALTO,Bueno,Regular,1,VOLKSWAGEN,BLANCO,3,MINISTERIO PÚBLICO,47,MASCULINO,ALIENTO ETÍLICO,2,0,Morelia,Centro,mayo,viernes,12,-101.196092963219,19.6987966051896
6434,6434,2017,"170588975",2017/05/19,13:00:00,COLISIÓN POR CORTE DE CIRCULACIÓN,CONCRETO,Bueno,Bueno,2,HONDA,GRIS,2,,22,MASCULINO,SIN DATOS,0,0,Morelia,Cuauhtemoc,mayo,viernes,13,-101.180241107941,19.6937637231912
6435,6435,2017,,2017/05/19,13:40:00,COLISIÓN POR ALCANCE,ASFALTO,Bueno,Bueno,2,FORD,GRIS,2,,57,MASCULINO,SIN DATOS,0,0,Morelia,Morelia 450,mayo,viernes,14,-101.216633319855,19.6753884465772
6436,6436,2017,"170589705",2017/05/19,15:10:00,COLISIÓN POR ALCANCE,ASFALTO,Bueno,Bueno,3,DODGE,BLANCO,3,,26,MASCULINO,SIN DATOS,0,0,Morelia,Leandro Valle,mayo,viernes,15,-101.229636669159,19.7175252122497
6437,6437,2017,,2017/05/19,15:30:00,COLISIÓN POR ALCANCE,CONCRETO,Bueno,Bueno,3,NISSAN,ROJO,3,,77,MASCULINO,SIN DATOS,0,0,Morelia,Morelia 450,mayo,viernes,16,-101.216174662113,19.6752419611921
6438,6438,2017,"170589837",2017/05/19,16:00:00,COLISIÓN CON PEATÓN,ASFALTO,Bueno,Bueno,1,NISSAN,ARENA,2,,29,MASCULINO,SIN DATOS,1,0,Morelia,Lazaro Cardenas,mayo,viernes,16,-101.164362430573,19.7086927138149
6439,6439,2017,,2017/05/19,17:45:00,COLISIÓN CONTRA OBJETO FIJO,ADOQUIN_EMPEDRADO,Bueno,Bueno,2,NISSAN,BLANCO,2,,26,,SIN DATOS,0,0,Cuitzeo,Centro,mayo,viernes,18,-101.140769720078,19.9692548263348
6440,6440,2017,"170590539",2017/05/19,18:40:00,COLISIÓN POR CORTE DE CIRCULACIÓN,ASFALTO,Bueno,Bueno,2,VOLKSWAGEN,BLANCO,2,,57,MASCULINO,SIN DATOS,0,0,Morelia,Centro,mayo,viernes,19,-101.180316209793,19.7011122333066
6441,6441,2017,,2017/05/19,18:50:00,COLISIÓN POR CORTE DE CIRCULACIÓN,ASFALTO,Bueno,Bueno,2,NISSAN,BLANCO,2,,23,MASCULINO,SIN DATOS,0,0,Pátzcuaro,Las Palmas,mayo,viernes,19,-101.617323160172,19.5106292735787
6442,6442,2017,"170590975",2017/05/19,19:40:00,COLISIÓN POR CORTE DE CIRCULACIÓN,ASFALTO,Bueno,Bueno,2,FORD,BLANCO Y ROJO,2,,26,MASCULINO,SIN DATOS,0,0,Morelia,Victor Manuel Tinoco Rubi,mayo,viernes,20,-101.242876052856,19.7005768893262
6443,6443,2017,"170590989",2017/05/19,20:05:00,COLISIÓN POR CAMBIO DE CARRIL,CONCRETO,Bueno,Bueno,2,NISSAN,BLANCO Y ROJO,2,,49,MASCULINO,SIN DATOS,0,0,Morelia,Los Manantiales de Morelia,mayo,viernes,20,-101.239689588547,19.6929152136981
6444,6444,2017,"170590927",2017/05/19,20:20:00,COLISIÓN POR ALCANCE,ASFALTO,Bueno,Bueno,3,NISSAN,GRIS,3,,35,MASCULINO,SIN DATOS,0,0,Morelia,Francisco J Mujica,mayo,viernes,20,-101.18702173233,19.722958799618
6445,6445,2017,"170591171",2017/05/19,21:00:00,COLISIÓN POR CORTE DE CIRCULACIÓN,CONCRETO,Bueno,Regular,2,NISSAN,BLANCO,2,,31,MASCULINO,SIN DATOS,0,0,Morelia,Centro,mayo,viernes,21,-101.177660822868,19.7042990080474
6446,6446,2017,"170591535",2017/05/19,22:00:00,COLISIÓN POR ALCANCE,ASFALTO,Bueno,Regular,2,VOLKSWAGEN,ROJO,2,,49,MASCULINO,CON CERTIFICADO,0,0,Morelia,Granjas de La Huerta,mayo,viernes,22,-101.23126745224,19.6629569172972
6447,6447,2017,"17059792",2017/05/19,23:20:00,SALIDA DE SUPERFICIE DE RODAMIENTO,CONCRETO,Bueno,Bueno,1,CHEVROLET,GRIS,0,,,,,0,0,Morelia,La Calera,mayo,viernes,23,-101.235832571983,19.6697663424732
6448,6448,2017,"170591764",2017/05/19,23:50:00,SALIDA DE SUPERFICIE DE RODAMIENTO,ASFALTO,Bueno,Bueno,1,FORD,PLATA,1,,,,SIN DATOS,0,0,Morelia,El Lago 1,mayo,viernes,0,-101.214487552643,19.7268975299912
6449,6449,2017,"17059229",2017/05/20,"01:00:00",VOLCADURA,ASFALTO,Bueno,Bueno,1,V.W.,GRIS,0,MINISTERIO PÚBLICO,,,,0,0,Morelia,Sin datos,mayo,sábado,1,-101.290941238403,19.5998398034988
6450,6450,2017,"1700593710",2017/05/20,"01:35:00",COLISIÓN POR ALCANCE,ASFALTO,Bueno,Bueno,2,CHRYSLER,AZUL,2,MINISTERIO PÚBLICO,,MASCULINO,SIN DATOS,0,0,Morelia,Isaac Arriaga,mayo,sábado,2,-101.172360777855,19.7073695645475
6451,6451,2017,"170592032",2017/05/20,"02:15:00",SUBIDA AL CAMELLÓN,ASFALTO,Bueno,Bueno,1,FORD,AZUL,1,,33,MASCULINO,ALIENTO ETÍLICO,0,0,Morelia,Sin datos,mayo,sábado,2,-101.324286460876,19.6865158930884
6452,6452,2017,"170592127",2017/05/20,"04:00:00",COLISIÓN CONTRA OBJETO FIJO,CONCRETO,Bueno,Bueno,2,NISSAN,BLANCO Y VERDE,2,,,,SIN DATOS,0,0,Morelia,Felicitas del Rio,mayo,sábado,4,-101.198578818951,19.690133108913
6453,6453,2017,"170592142",2017/05/20,"04:45:00",COLISIÓN POR CORTE DE CIRCULACIÓN,ASFALTO,Bueno,Bueno,1,V.W.,PLATA,1,,47,MASCULINO,SIN DATOS,0,0,Morelia,Ampliacion La Soledad,mayo,sábado,5,-101.181163787842,19.7378648675412
6454,6454,2017,"170592175",2017/05/20,"05:20:00",CAIDA ACUATICA DE VEHÍCULO,ASFALTO,Bueno,Regular,1,JEEP,GRIS,1,,37,MASCULINO,ALIENTO ETÍLICO,0,0,Morelia,Torreon Nuevo,mayo,sábado,5,-101.203887462616,19.7467916838589
6455,6455,2017,"170592367",2017/05/20,"08:00:00",COLISIÓN CONTRA OBJETO FIJO,ASFALTO,Bueno,Bueno,1,V.W.,VERDE,1,,,,SIN DATOS,0,0,Morelia,Fovissste La Huerta,mayo,sábado,8,-101.212062835693,19.6924455011519
6456,6456,2017,"170594064",2017/05/20,14:02:00,COLISIÓN POR ALCANCE,ASFALTO,Bueno,Bueno,2,NISSAN,ROJO,2,,27,,SIN DATOS,0,0,Morelia,Francisco J Mujica,mayo,sábado,14,-101.185567975044,19.7240798327612
6457,6457,2017,"170594143",2017/05/20,14:20:00,COLISIÓN POR CORTE DE CIRCULACIÓN,ASFALTO,Bueno,Bueno,2,NISSAN,BLANCO Y ROJO,2,,39,MASCULINO,SIN DATOS,0,0,Morelia,Indeco El Vivero,mayo,sábado,14,-101.229765415192,19.6770603909685
6458,6458,2017,"170594722",2017/05/20,16:45:00,COLISIÓN POR CORTE DE CIRCULACIÓN,ASFALTO,Bueno,Bueno,2,MAZDA,GUINDA,2,,,,SIN DATOS,0,0,Morelia,Lomas del Tecnologico,mayo,sábado,17,-101.195143461227,19.7202117302048
6459,6459,2017,"170594330",2017/05/20,16:50:00,COLISIÓN POR CORTE DE CIRCULACIÓN,ASFALTO,Bueno,Bueno,2,NISSAN,BLANCO,2,,31,MASCULINO,SIN DATOS,0,0,Morelia,Ventura Puente,mayo,sábado,17,-101.190733909607,19.6924151970693
6460,6460,2017,"170595365",2017/05/20,18:15:00,COLISIÓN POR CORTE DE CIRCULACIÓN,ASFALTO,Bueno,Bueno,2,CHEVROLET,BLANCO,2,,23,MASCULINO,SIN DATOS,0,0,Morelia,Gertrudis Bocanegra,mayo,sábado,18,-101.20972931385,19.7021526136552
6461,6461,2017,"170595328",2017/05/20,18:50:00,COLISIÓN POR CORTE DE CIRCULACIÓN,ASFALTO,Bueno,Bueno,1,FREIGHTLINER,BLANCO,1,,35,MASCULINO,SIN DATOS,0,0,Morelia,Sin datos,mayo,sábado,19,-101.267337799072,19.6405262023578
6462,6462,2017,"1700595200",2017/05/20,18:50:00,COLISIÓN POR CORTE DE CIRCULACIÓN,ASFALTO,Bueno,Bueno,1,V.W.,BLANCO,1,,,,SIN DATOS,0,0,Morelia,Lomas de Guayangareo,mayo,sábado,19,-101.160808503628,19.7048444401515
6463,6463,2017,"170595451",2017/05/20,19:20:00,COLISIÓN POR ALCANCE,CONCRETO,Bueno,Bueno,2,NISSAN,BLANCO Y ROJO,2,,,,SIN DATOS,0,0,Morelia,Ciudad Industrial,mayo,sábado,19,-101.163740158081,19.7244535087281
6464,6464,2017,"170546073",2017/05/20,21:15:00,COLISIÓN POR CAMBIO DE CARRIL,ASFALTO,Bueno,Bueno,2,INTERNATIONAL,BLANCO,2,,42,,SIN DATOS,0,0,Morelia,Division del Norte,mayo,sábado,21,-101.163686513901,19.7111319259504
6465,6465,2017,"170596133",2017/05/20,22:00:00,COLISIÓN POR ALCANCE,ASFALTO,Bueno,Bueno,4,NISSAN,ROJO,3,MINISTERIO PÚBLICO,,MASCULINO,SIN DATOS,0,0,Morelia,Arcos del Valle,mayo,sábado,22,-101.236288547516,19.7076523759977
6466,6466,2017,"170596208",2017/05/20,22:30:00,CAIDA ACUATICA DE VEHÍCULO,TERRACERIA,Bueno,Bueno,1,NISSAN,NEGRO,1,,,MASCULINO,ALIENTO ETÍLICO,0,0,Morelia,Adolfo Lopez Mateos,mayo,sábado,23,-101.224690675735,19.6929505683501
6467,6467,2017,"170596549",2017/05/20,23:20:00,COLISIÓN POR ALCANCE,ASFALTO,Bueno,Bueno,2,VOLKSWAGEN,GRIS,2,MINISTERIO PÚBLICO,21,MASCULINO,SIN DATOS,0,0,Morelia,Sin datos,mayo,sábado,23,-101.103959083557,19.7303514136502
6468,6468,2017,"170596254",2017/05/20,23:20:00,COLISIÓN POR NO RESPETAR SEMÁFORO,CONCRETO,Bueno,Bueno,2,RENAULT,NEGRO,2,,58,MASCULINO,SIN DATOS,0,0,Morelia,Centro,mayo,sábado,23,-101.18884563446,19.7029808727855
6469,6469,2017,LEG6837,2017/05/20,23:30:00,COLISIÓN POR ALCANCE,ASFALTO,Bueno,Bueno,2,V.W.,GRIS,2,MINISTERIO PÚBLICO,21,MASCULINO,ALIENTO ETÍLICO,0,0,Morelia,Sin datos,mayo,sábado,0,-101.106941699982,19.7320076354661
6470,6470,2017,"170596327",2017/05/20,23:30:00,COLISIÓN POR CORTE DE CIRCULACIÓN,SIN_DATOS,Bueno,Bueno,1,TOYOTA,BLANCO,1,,,,SIN DATOS,0,0,Morelia,Centro,mayo,sábado,0,-101.201688051224,19.7029707720902
6471,6471,2017,,2017/05/20,23:50:00,SALIDA DE SUPERFICIE DE RODAMIENTO,ASFALTO,Bueno,Bueno,1,FORD,GRIS,1,,59,,SIN DATOS,0,0,Cuitzeo,El Embarcadero,mayo,sábado,0,-101.13224029541,19.9591505594272
6472,6472,2017,"170596607",2017/05/21,"00:15:00",COLISIÓN POR INVASIÓN DE CARRIL,ASFALTO,Bueno,Bueno,2,HONDA,GRIS,2,,21,MASCULINO,SIN DATOS,0,0,Morelia,Sin datos,mayo,domingo,0,-101.092929840088,19.7272005052295
6473,6473,2017,"170596720",2017/05/21,"01:30:00",SUBIDA AL CAMELLÓN,ASFALTO,Bueno,Bueno,1,NISSAN,AZUL,1,,50,MASCULINO,ALIENTO ETÍLICO,0,0,Morelia,La Soledad,mayo,domingo,2,-101.183406114578,19.7281195266046
6474,6474,2017,"170596624",2017/05/21,"01:40:00",COLISIÓN POR ALCANCE,ASFALTO,Bueno,Bueno,1,NISSAN,ROJO,0,MINISTERIO PÚBLICO,,,,0,0,Morelia,Tanganxoan (Guadalupe Victoria),mayo,domingo,2,-101.285276412964,19.6903545059974
6475,6475,2017,"170596857",2017/05/21,"03:00:00",COLISIÓN POR ALCANCE,ASFALTO,Bueno,Bueno,2,FORD,GRIS,2,,,FEMENINO,SIN DATOS,0,0,Morelia,Centro,mayo,domingo,3,-101.180349737406,19.7038141779494
6476,6476,2017,"170596819",2017/05/21,"03:00:00",COLISIÓN POR CORTE DE CIRCULACIÓN,ASFALTO,Bueno,Bueno,1,SEAT,AMARILLO,1,,,,SIN DATOS,0,0,Morelia,Los Laureles,mayo,domingo,3,-101.231803894043,19.7140508514078
6477,6477,2017,"170596964",2017/05/21,"05:20:00",COLISIÓN POR CORTE DE CIRCULACIÓN,SIN_DATOS,Bueno,Bueno,1,V.W.,CAFE,1,,,,SIN DATOS,0,0,Morelia,Morelia 450,mayo,domingo,5,-101.216397285461,19.6754238050984
6478,6478,2017,,2017/05/21,"05:40:00",COLISIÓN CONTRA OBJETO FIJO,ASFALTO,Bueno,Bueno,1,HONDA,BLANCO,3,MINISTERIO PÚBLICO,20,MASCULINO,ALIENTO ETÍLICO,1,1,Lázaro Cárdenas,Unidad Magisterial Jose Vasconcelos,mayo,domingo,6,-102.231213748455,17.9740362005513
6479,6479,2017,"170597008",2017/05/21,"06:20:00",COLISIÓN POR ALCANCE,ASFALTO,Bueno,Bueno,2,NISSAN,NEGRO,2,MINISTERIO PÚBLICO,,,SIN DATOS,0,0,Sin datos,Sin datos,mayo,domingo,6,-99.9277267594209,18.7428864970523
6480,6480,2017,"170591330",2017/05/21,"09:40:00",COLISIÓN POR NO RESPETAR SEMÁFORO,CONCRETO,Bueno,Bueno,2,FORD,GRIS,3,,29,MASCULINO,SIN DATOS,1,0,Morelia,Centro,mayo,domingo,10,-101.195154190063,19.7030818797032
6481,6481,2017,,2017/05/21,11:30:00,COLISIÓN POR CORTE DE CIRCULACIÓN,ADOQUIN_EMPEDRADO,Bueno,Bueno,2,FORD,VERDE,2,,40,,SIN DATOS,0,0,Cuitzeo,Centro,mayo,domingo,12,-101.139739751816,19.9691439047633
6482,6482,2017,"170598146",2017/05/21,12:40:00,COLISIÓN POR ALCANCE,ASFALTO,Bueno,Bueno,2,CHEVROLET,NEGRO,2,,33,FEMENINO,SIN DATOS,0,0,Morelia,Tierra Y Libertad,mayo,domingo,13,-101.230516433716,19.7157072421566
6483,6483,2017,"170598219",2017/05/21,13:25:00,COLISIÓN POR CORTE DE CIRCULACIÓN,ASFALTO,Bueno,Bueno,2,NISSAN,BLANCO Y GRIS,2,,60,MASCULINO,SIN DATOS,0,0,Morelia,Victor Manuel Tinoco Rubi,mayo,domingo,13,-101.242940425873,19.700637494395
6484,6484,2017,"170599425",2017/05/21,16:06:00,COLISIÓN CONTRA OBJETO FIJO,ASFALTO,Bueno,Bueno,2,SEAT,BLANCO,2,,22,MASCULINO,SIN DATOS,0,0,Morelia,Lancaster,mayo,domingo,16,-101.150616109371,19.7001652792932
6485,6485,2017,"170598858",2017/05/21,16:15:00,SUBIDA AL CAMELLÓN,SIN_DATOS,Bueno,Bueno,1,NISSAN,ROJO,1,,,,SIN DATOS,0,0,Morelia,Los Angeles,mayo,domingo,16,-101.176507472992,19.7417830339022
6486,6486,2017,"170590035",2017/05/21,17:00:00,COLISIÓN CONTRA OBJETO FIJO,ASFALTO,Bueno,Bueno,1,NISSAN,NEGRO,1,,28,MASCULINO,SIN DATOS,0,0,Morelia,San Rafael,mayo,domingo,17,-101.154041290283,19.7001930566907
6487,6487,2017,"1703599274",2017/05/21,18:00:00,VOLCADURA,CONCRETO,Bueno,Bueno,1,TOYOTA,BLANCO,1,,,,SIN DATOS,0,0,Morelia,La Loma,mayo,domingo,18,-101.180230379105,19.6799900399759
6488,6488,2017,"170599424",2017/05/21,18:40:00,COLISIÓN POR ALCANCE,CONCRETO,Bueno,Bueno,2,CHEVROLET,BLANCO,2,MINISTERIO PÚBLICO,22,MASCULINO,SIN DATOS,0,0,Morelia,Centro,mayo,domingo,19,-101.186602637172,19.7046020261126
6489,6489,2017,"170599980",2017/05/21,21:20:00,COLISIÓN POR INVASIÓN DE CARRIL,ASFALTO,Bueno,Regular,2,NISSAN,BLANCO Y ROJO,1,,22,MASCULINO,SIN DATOS,0,0,Tarímbaro,Real Hacienda,mayo,domingo,21,-101.194784045219,19.7508345898398
6490,6490,2017,"170599977",2017/05/21,21:30:00,COLISIÓN POR NO RESPETAR SEMÁFORO,ASFALTO,Bueno,Bueno,2,TOYOTA,PLATA,2,MINISTERIO PÚBLICO,32,MASCULINO,SIN DATOS,0,0,Morelia,Centro,mayo,domingo,22,-101.178170442581,19.6992637738655
6491,6491,2017,"170600625",2017/05/22,"01:40:00",COLISIÓN POR ALCANCE,ASFALTO,Bueno,Bueno,2,FORD,BLANCO,2,MINISTERIO PÚBLICO,43,MASCULINO,ALIENTO ETÍLICO,0,0,Morelia,Villas de La Esperanza,mayo,lunes,2,-101.272616386414,19.6937283687188
6492,6492,2017,,2017/05/22,"05:40:00",COLISIÓN CON PEATÓN,ASFALTO,Bueno,Bueno,1,MAZDA,ROJO,1,,46,MASCULINO,SIN DATOS,0,0,Morelia,Isaac Arriaga,mayo,lunes,6,-101.166926622391,19.709798696598
6493,6493,2017,"170600915",2017/05/22,"07:55:00",COLISIÓN POR ALCANCE,ASFALTO,Bueno,Bueno,2,V.W.,GRIS,2,,22,MASCULINO,SIN DATOS,0,0,Morelia,Ampliacion La Soledad,mayo,lunes,8,-101.182994395494,19.7320795898357
6494,6494,2017,"170601054",2017/05/22,"09:10:00",COLISIÓN CONTRA OBJETO FIJO,ASFALTO,Bueno,Bueno,1,TOYOTA,GRIS,1,,,,SIN DATOS,0,0,Morelia,Lazaro Cardenas,mayo,lunes,9,-101.16074681282,19.7100966541222
6495,6495,2017,,2017/05/22,12:08:00,VOLCADURA,ASFALTO,Bueno,Bueno,1,DODGE,GRIS,1,,46,MASCULINO,SIN DATOS,0,0,Sin datos,Sin datos,mayo,lunes,12,-101.156551837921,20.086888505561
6496,6496,2017,"170602185",2017/05/22,12:10:00,COLISIÓN POR CAMBIO DE CARRIL,ASFALTO,Bueno,Bueno,2,KENWORTH,BLANCO,2,,,,SIN DATOS,0,0,Morelia,Rafael Carrillo,mayo,lunes,12,-101.236352920532,19.7077685305556
6497,6497,2017,"170602260",2017/05/22,13:22:00,COLISIÓN CON PEATÓN,CONCRETO,Bueno,Bueno,1,NISSAN,GRIS,2,MINISTERIO PÚBLICO,28,MASCULINO,SIN DATOS,1,0,Tarímbaro,Sin datos,mayo,lunes,13,-101.183352470398,19.7521636901657
6498,6498,2017,"170602428",2017/05/22,14:15:00,COLISIÓN CONTRA OBJETO FIJO,ASFALTO,Bueno,Bueno,1,FREIGHTLINER,VERDE,1,,44,,SIN DATOS,0,0,Morelia,Lomas de Las Americas Norte,mayo,lunes,14,-101.146574020386,19.6951930474655
6499,6499,2017,,2017/05/22,14:35:00,COLISIÓN POR CORTE DE CIRCULACIÓN,ASFALTO,Bueno,Bueno,2,NISSAN,BLANCO/ROJO,2,,39,MASCULINO,SIN DATOS,0,0,Chucándiro,El Calvario,mayo,lunes,15,-101.332708597183,19.9006753008778
6500,6500,2017,"170602727",2017/05/22,15:00:00,COLISIÓN POR CAMBIO DE CARRIL,ASFALTO,Bueno,Bueno,2,GMC,CAFE,2,,43,FEMENINO,SIN DATOS,0,0,Morelia,Ciudad Industrial,mayo,lunes,15,-101.138269901276,19.7290587407899
6501,6501,2017,"170603220",2017/05/22,15:40:00,COLISIÓN POR ALCANCE,ASFALTO,Bueno,Regular,2,HONDA,NEGRO,2,MINISTERIO PÚBLICO,,MASCULINO,SIN DATOS,0,0,Morelia,Lomas del Valle,mayo,lunes,16,-101.232597827911,19.6868745042438
6502,6502,2017,"170604620",2017/05/22,21:35:00,COLISIÓN POR CAMBIO DE CARRIL,ASFALTO,Bueno,Bueno,2,INTERNATIONAL,BLANCO,2,,30,MASCULINO,SIN DATOS,0,0,Morelia,Division del Norte,mayo,lunes,22,-101.163439750671,19.7113238292604
6503,6503,2017,"170605010",2017/05/23,"00:45:00",COLISIÓN CONTRA OBJETO FIJO,CONCRETO,Bueno,Bueno,1,NISSAN,BLANCO/CREMA,1,,36,MASCULINO,SIN DATOS,0,0,Morelia,Centro,mayo,martes,1,-101.190497875214,19.7030010741741
6504,6504,2017,"170705152",2017/05/23,"03:50:00",COLISIÓN POR CORTE DE CIRCULACIÓN,ASFALTO,Bueno,Bueno,2,NISSAN,ROJO,2,,24,MASCULINO,ALIENTO ETÍLICO,0,0,Morelia,Ciudad Industrial,mayo,martes,4,-101.153075695038,19.7283922022595