fid,id_accidente,anio_origen,folio_c5i,dia_incidente,hora_ocurrencia,tipo_incidente_vial,superficie_ocurrencia,condiciones_climaticas,condiciones_via,numero_vehiculos_involucrados,marca_vehiculo_ocasiona_siniestro,color_vehiculo_ocasiona_siniestro,numero_personas_involucradas,lugar_remite_presunto_responsable,edad_presunto_responsable,sexo_presunto_responsable,resultados_toxicologia,numero_personas_lesionadas,numero_personas_fallecidas,municipio,colonia,mes,dia_semana,hora_redondeada,lon,lat
6505,6505,2017,"170605244",2017/05/23,"07:10:00",COLISIÓN POR ALCANCE,SIN_DATOS,Bueno,Bueno,2,FORD,GRIS,2,MINISTERIO PÚBLICO,,,SIN DATOS,0,0,Morelia,Lomas del Tecnologico,mayo,martes,7,-101.194843053818,19.7231153407545
6506,6506,2017,"1706055247",2017/05/23,"07:20:00",COLISIÓN POR CORTE DE CIRCULACIÓN,ASFALTO,Bueno,Bueno,2,SIN DATOS,SIN DATOS,2,,,,SIN DATOS,0,0,Morelia,Isaac Arriaga,mayo,martes,7,-101.170392036438,19.7083038504713
6508,6508,2017,"170605431",2017/05/23,"08:40:00",COLISIÓN POR CORTE DE CIRCULACIÓN,ASFALTO,Bueno,Bueno,2,NISSAN,TITANIO,2,,27,FEMENINO,SIN DATOS,0,0,Morelia,Sin datos,mayo,martes,9,-101.097237467766,19.7302453744734
6509,6509,2017,"170605478",2017/05/23,"08:50:00",COLISIÓN POR CAMBIO DE CARRIL,ASFALTO,Bueno,Regular,2,NISSAN,BLANCO,2,,49,FEMENINO,SIN DATOS,0,0,Morelia,Rafael Carrillo,mayo,martes,9,-101.236610412598,19.7077887313396
6510,6510,2017,"170606056",2017/05/23,11:18:00,COLISIÓN CONTRA OBJETO FIJO,ASFALTO,Bueno,Bueno,1,CHEVROLET,BLANCO,1,,76,MASCULINO,SIN DATOS,0,0,Morelia,Tzindurio Norte,mayo,martes,11,-101.245880126953,19.6998900302754
6511,6511,2017,"170605978",2017/05/23,11:18:00,COLISIÓN POR CAMBIO DE CARRIL,ASFALTO,Bueno,Bueno,2,CHEVROLET,NEGRO,2,,31,FEMENINO,SIN DATOS,0,0,Morelia,Josefa Ortiz de Dominguez,mayo,martes,11,-101.209402084351,19.6722111990407
6512,6512,2017,"170606138",2017/05/23,12:21:00,COLISIÓN CONTRA OBJETO FIJO,ASFALTO,Bueno,Bueno,1,HONDA,BLANCO,1,,,,SIN DATOS,0,0,Morelia,Sin datos,mayo,martes,12,-101.262187957764,19.6404857838255
6513,6513,2017,"170606168",2017/05/23,12:30:00,COLISIÓN POR INVASIÓN DE CARRIL,ASFALTO,Bueno,Regular,2,FORD,ROJO,2,MINISTERIO PÚBLICO,64,FEMENINO,SIN DATOS,0,0,Morelia,Nueva Valladolid,mayo,martes,13,-101.211703419685,19.7019404978224
6514,6514,2017,"170606189",2017/05/23,12:45:00,COLISIÓN CONTRA OBJETO FIJO,ASFALTO,Bueno,Bueno,1,CHEVROLET,GRIS,1,MINISTERIO PÚBLICO,41,MASCULINO,ALIENTO ETÍLICO,0,0,Morelia,Villa de Santa Maria,mayo,martes,13,-101.167645454407,19.6561269956375
6515,6515,2017,"170606533",2017/05/23,13:10:00,COLISIÓN POR ALCANCE,ASFALTO,Bueno,Bueno,3,NISSAN,BLANCO,3,,30,MASCULINO,SIN DATOS,0,0,Morelia,Morelia 450,mayo,martes,13,-101.216568946838,19.675585443953
6516,6516,2017,"170606623",2017/05/23,14:40:00,COLISIÓN POR CAMBIO DE CARRIL,ASFALTO,Bueno,Bueno,2,NISSAN,BLANCO,2,,46,MASCULINO,SIN DATOS,0,0,Morelia,Centro,mayo,martes,15,-101.183212995529,19.7030717790143
6517,6517,2017,"170606008",2017/05/23,17:20:00,COLISIÓN POR CORTE DE CIRCULACIÓN,CONCRETO,Bueno,Bueno,2,ISUZU,NEGRO,2,,36,MASCULINO,SIN DATOS,0,0,Morelia,Ilustres Novohispanos,mayo,martes,17,-101.151310801506,19.708253348669
6518,6518,2017,"170067003",2017/05/23,17:55:00,COLISIÓN POR ALCANCE,CONCRETO,Bueno,Bueno,1,FORD,CREMA,1,,33,FEMENINO,SIN DATOS,0,0,Morelia,Los Manantiales de Morelia,mayo,martes,18,-101.24251127243,19.6981324657514
6520,6520,2017,"170608235",2017/05/23,18:30:00,COLISIÓN POR CAMBIO DE CARRIL,ADOQUIN_EMPEDRADO,Bueno,Bueno,2,NISSAN,BLANCO,2,,42,MASCULINO,SIN DATOS,0,0,Morelia,Centro,mayo,martes,19,-101.194392442703,19.696278921333
6521,6521,2017,"170609173",2017/05/23,21:50:00,COLISIÓN POR ALCANCE,ASFALTO,Bueno,Bueno,2,NISSAN,BLANCO,2,,35,MASCULINO,SIN DATOS,0,0,Morelia,Fuentes de Morelia,mayo,martes,22,-101.203694343567,19.670743784439
6522,6522,2017,,2017/05/24,"00:00:00",COLISIÓN POR CORTE DE CIRCULACIÓN,ASFALTO,Bueno,Bueno,2,CHRYSLER,BLANCO,2,,63,MASCULINO,SIN DATOS,0,0,Lázaro Cárdenas,1Er Sect de Fidelac,mayo,miércoles,0,-102.189312279224,17.9595186632754
6523,6523,2017,"170609482",2017/05/24,"01:35:00",SUBIDA AL CAMELLÓN,CONCRETO,Bueno,Bueno,1,CHEVROLET,BLANCO,1,,,,SIN DATOS,0,0,Morelia,Villas del Pedregal,mayo,miércoles,2,-101.303451061249,19.6741104833607
6524,6524,2017,"170609616",2017/05/24,"05:05:00",COLISIÓN POR CORTE DE CIRCULACIÓN,ASFALTO,Bueno,Bueno,2,HONDA,BLANCO,2,,21,MASCULINO,SIN DATOS,0,0,Morelia,Loma Real,mayo,miércoles,5,-101.198979020119,19.7303312157172
6525,6525,2017,"170609906",2017/05/24,"08:45:00",COLISIÓN CON PEATÓN,ASFALTO,Bueno,Bueno,1,VENTO,NEGRO,2,,34,MASCULINO,SIN DATOS,1,0,Morelia,Comision Federal de Electricidad,mayo,miércoles,9,-101.181378364563,19.6816467832851
6526,6526,2017,"170610342",2017/05/24,10:15:00,COLISIÓN POR CORTE DE CIRCULACIÓN,ASFALTO,Bueno,Bueno,2,TOYOTA,BLANCO Y GRIS,2,,58,MASCULINO,SIN DATOS,0,0,Morelia,Campestre Los Manantiales,mayo,miércoles,10,-101.238133907318,19.688000841101
6527,6527,2017,"170612271",2017/05/24,15:15:00,COLISIÓN POR CAMBIO DE CARRIL,SIN_DATOS,Bueno,Bueno,2,DODGE,BLANCO,2,,31,MASCULINO,SIN DATOS,0,0,Morelia,Victor Manuel Tinoco Rubi,mayo,miércoles,15,-101.241953372955,19.7007587044638
6528,6528,2017,"170612401",2017/05/24,16:15:00,COLISIÓN POR CORTE DE CIRCULACIÓN,ASFALTO,Bueno,Bueno,2,FORD,ARENA,2,,28,MASCULINO,SIN DATOS,0,0,Morelia,Las Americas,mayo,miércoles,16,-101.156702041626,19.6876270799729
6529,6529,2017,"170612628",2017/05/24,17:00:00,COLISIÓN POR CORTE DE CIRCULACIÓN,ASFALTO,Nublado,Bueno,2,NISSAN,BLANCO,2,,57,MASCULINO,SIN DATOS,0,0,Morelia,Nueva Valladolid,mayo,miércoles,17,-101.210753917694,19.6952738569372
6530,6530,2017,"170614014",2017/05/24,21:45:00,COLISIÓN POR CORTE DE CIRCULACIÓN,ASFALTO,Bueno,Bueno,2,KENWORTH,BLANCO,1,,,,SIN DATOS,0,0,Morelia,Quinceo,mayo,miércoles,22,-101.223542690277,19.7264632644812
6531,6531,2017,LEG6898,2017/05/24,21:55:00,COLISIÓN POR CAMBIO DE CARRIL,ASFALTO,Bueno,Bueno,2,CHEVROLET,AZUL,2,,,MASCULINO,SIN DATOS,0,0,Morelia,Jardines de Guadalupe,mayo,miércoles,22,-101.226739883423,19.7111824268438
6532,6532,2017,"170614087",2017/05/24,22:30:00,COLISIÓN POR CORTE DE CIRCULACIÓN,CONCRETO,Bueno,Bueno,2,HONDA,PLATA,2,,,MASCULINO,SIN DATOS,0,0,Morelia,Centro,mayo,miércoles,23,-101.190487146378,19.7030212755602
6533,6533,2017,LEG6903,2017/05/25,"08:30:00",COLISIÓN POR INVASIÓN DE CARRIL,ASFALTO,Bueno,Bueno,2,NISSAN,GUINDA,2,,32,FEMENINO,SIN DATOS,0,0,Lázaro Cárdenas,Lirios,mayo,jueves,9,-102.211030125618,17.965869275822
6534,6534,2017,"170615365",2017/05/25,10:30:00,COLISIÓN POR CAMBIO DE CARRIL,ASFALTO,Bueno,Bueno,2,DINA,BLANCO,2,,30,MASCULINO,SIN DATOS,0,0,Morelia,Lomas del Tecnologico,mayo,jueves,11,-101.188309192657,19.7213428821518
6535,6535,2017,"170615726",2017/05/25,12:00:00,COLISIÓN POR CORTE DE CIRCULACIÓN,CONCRETO,Bueno,Regular,2,CHEVROLET,BLANCO,2,,43,MASCULINO,SIN DATOS,0,0,Morelia,Cuauhtemoc,mayo,jueves,12,-101.185809373856,19.6968950883445
6536,6536,2017,"170618759",2017/05/25,12:50:00,COLISIÓN POR NO RESPETAR SEMÁFORO,ASFALTO,Bueno,Bueno,2,ISUZU,AZUL,2,,31,MASCULINO,SIN DATOS,0,0,Morelia,San Pascual,mayo,jueves,13,-101.267380714417,19.6954051722418
6539,6539,2017,,2017/05/25,14:20:00,VOLCADURA,ASFALTO,Bueno,Bueno,1,V.W.,NEGRO,2,MINISTERIO PÚBLICO,24,MASCULINO,SIN DATOS,1,0,Coeneo,Sin datos,mayo,jueves,14,-101.641731262207,19.7887935255196
6540,6540,2017,"170616736",2017/05/25,15:30:00,COLISIÓN POR CORTE DE CIRCULACIÓN,ASFALTO,Bueno,Bueno,2,TOYOTA,BLANCO Y AMARILLO,2,,35,MASCULINO,SIN DATOS,0,0,Morelia,Infonavit  Las  Camelinas,mayo,jueves,16,-101.174232959747,19.6820912724772
6541,6541,2017,"170616830",2017/05/25,15:40:00,COLISIÓN POR ALCANCE,ASFALTO,Bueno,Regular,2,FORD,BLANCO,2,,35,FEMENINO,SIN DATOS,0,0,Morelia,Cuauhtemoc,mayo,jueves,16,-101.180648803711,19.6965769040364
6542,6542,2017,"170617089",2017/05/25,16:40:00,COLISIÓN POR CORTE DE CIRCULACIÓN,ASFALTO,Bueno,Regular,2,FORD,CAFE,1,,51,FEMENINO,SIN DATOS,0,0,Morelia,Las Margaritas,mayo,jueves,17,-101.207106113434,19.710212806905
6543,6543,2017,"170617607",2017/05/25,18:00:00,COLISIÓN POR ALCANCE,ASFALTO,Bueno,Bueno,2,NISSAN,BLANCO,2,,18,MASCULINO,SIN DATOS,0,0,Morelia,Bosques de Oriente,mayo,jueves,18,-101.155457496643,19.7157880412664
6544,6544,2017,"170627878",2017/05/25,18:40:00,COLISIÓN POR CAMBIO DE CARRIL,TERRACERIA,Bueno,Malo,2,FORD,ROJO,2,,46,MASCULINO,SIN DATOS,0,0,Morelia,La Esperanza,mayo,jueves,19,-101.250675916672,19.6986577169418
6545,6545,2017,"170618357",2017/05/25,20:30:00,COLISIÓN POR CORTE DE CIRCULACIÓN,CONCRETO,Bueno,Bueno,2,JEEP,GRIS,2,,30,FEMENINO,SIN DATOS,0,0,Morelia,Centro,mayo,jueves,21,-101.18473649025,19.7020768580329
6546,6546,2017,"170618637",2017/05/25,22:05:00,COLISIÓN POR CORTE DE CIRCULACIÓN,CONCRETO,Bueno,Bueno,2,V.W.,GRIS,2,,,,SIN DATOS,0,0,Morelia,Ferrocarrilero,mayo,jueves,22,-101.215083003044,19.6997536682014
6548,6548,2017,"003482815",2017/05/26,"00:30:00",COLISIÓN POR ALCANCE,ASFALTO,Bueno,Bueno,2,CHRYSLER,NEGRO,2,MINISTERIO PÚBLICO,44,MASCULINO,SIN DATOS,0,1,Lázaro Cárdenas,Sin datos,mayo,viernes,1,-102.211164236069,17.9780697719529
6549,6549,2017,"170619067",2017/05/26,"01:30:00",SUBIDA AL CAMELLÓN,ASFALTO,Bueno,Regular,1,NISSAN,AZUL,1,,27,MASCULINO,SIN DATOS,0,0,Morelia,Rinconada del Valle,mayo,viernes,2,-101.218521595001,19.6787626245848
6550,6550,2017,"170619296",2017/05/26,"07:35:00",COLISIÓN POR CAMBIO DE CARRIL,ASFALTO,Bueno,Bueno,2,MERCEDES BENZ,VERDE,2,,35,MASCULINO,SIN DATOS,0,0,Morelia,San Guillermo,mayo,viernes,8,-101.178030967712,19.7389037464037
6551,6551,2017,"170619689",2017/05/26,"09:40:00",COLISIÓN POR CORTE DE CIRCULACIÓN,ASFALTO,Bueno,Bueno,2,HONDA,GRIS,2,,36,FEMENINO,SIN DATOS,0,0,Morelia,La Quemada,mayo,viernes,10,-101.24033331871,19.7010263763737
6552,6552,2017,"17061992",2017/05/26,10:00:00,COLISIÓN POR CORTE DE CIRCULACIÓN,ASFALTO,Bueno,Bueno,2,TOYOTA,BLANCO Y AZUL,2,,50,MASCULINO,SIN DATOS,0,0,Morelia,Centro,mayo,viernes,10,-101.198120713234,19.705657534558
6553,6553,2017,"1703157863",2017/05/26,11:40:00,COLISIÓN POR CORTE DE CIRCULACIÓN,CONCRETO,Bueno,Bueno,2,FORD,BLANCO,2,,,MASCULINO,SIN DATOS,0,0,Morelia,Vasco de Quiroga,mayo,viernes,12,-101.171958446503,19.7001703297294
6554,6554,2017,"170620129",2017/05/26,11:47:00,COLISIÓN POR CAMBIO DE CARRIL,ASFALTO,Bueno,Bueno,2,CHRYSLER,BLANCO,2,,38,MASCULINO,SIN DATOS,0,0,Morelia,Libertad,mayo,viernes,12,-101.2378013134,19.6870411823947
6555,6555,2017,,2017/05/26,14:20:00,COLISIÓN CONTRA OBJETO FIJO,ASFALTO,Bueno,Bueno,1,TOYOTA,GRIS,1,,22,MASCULINO,SIN DATOS,0,0,Cuitzeo,Luis Donaldo Colosio,mayo,viernes,14,-101.154760122299,19.9711707320743
6556,6556,2017,"170621311",2017/05/26,15:30:00,VOLCADURA,ASFALTO,Bueno,Bueno,1,DODGE,AZUL,1,,30,MASCULINO,SIN DATOS,0,0,Morelia,Enrique Arreguin Robles,mayo,viernes,16,-101.185541152954,19.7203935230219
6557,6557,2017,"170621502",2017/05/26,15:30:00,COLISIÓN POR CAMBIO DE CARRIL,CONCRETO,Bueno,Bueno,2,KIA,BLANCO,2,,28,MASCULINO,SIN DATOS,0,0,Morelia,Comision Federal de Electricidad,mayo,viernes,16,-101.177945137024,19.6818286199219
6558,6558,2017,"170621485",2017/05/26,16:40:00,COLISIÓN POR ALCANCE,ASFALTO,Bueno,Bueno,2,VOLKSWAGEN,BLANCO,2,,,MASCULINO,ALIENTO ETÍLICO,0,0,Morelia,Avicola Benito Juarez,mayo,viernes,17,-101.279504299164,19.6914757676645
6559,6559,2017,"170621690",2017/05/26,16:55:00,COLISIÓN POR ALCANCE,CONCRETO,Bueno,Bueno,2,NISSAN,NEGRO,2,MINISTERIO PÚBLICO,28,FEMENINO,SIN DATOS,0,0,Morelia,Ventura Puente,mayo,viernes,17,-101.19274020195,19.6925162106556
6560,6560,2017,"170622075",2017/05/26,18:15:00,COLISIÓN CONTRA OBJETO FIJO,ASFALTO,Bueno,Bueno,1,NISSAN,GUINDA,1,,,,SIN DATOS,0,0,Morelia,Centro,mayo,viernes,18,-101.198641061783,19.6980415567165
6561,6561,2017,,2017/05/26,19:40:00,COLISIÓN POR CORTE DE CIRCULACIÓN,ASFALTO,Bueno,Regular,2,FORD,NEGRO,2,,,,SIN DATOS,0,0,Morelia,Colinas del Sur,mayo,viernes,20,-101.198641061783,19.6671092866445
6562,6562,2017,"170622588",2017/05/26,19:50:00,CAIDA DE MOTOCICLETA,ASFALTO,Bueno,Bueno,1,VENTO,NEGRO,2,,26,MASCULINO,SIN DATOS,1,0,Morelia,Los Laureles,mayo,viernes,20,-101.232104301453,19.7137882512987
6563,6563,2017,,2017/05/26,21:00:00,COLISIÓN POR CORTE DE CIRCULACIÓN,ASFALTO,Bueno,Bueno,2,HONDA,BLANCO,4,MINISTERIO PÚBLICO,17,,SIN DATOS,2,0,Tacámbaro,Sin datos,mayo,viernes,21,-101.451981067657,19.2098600932355
6564,6564,2017,"003485790",2017/05/27,"00:00:00",COLISIÓN CONTRA OBJETO FIJO,ASFALTO,Bueno,Bueno,1,CHEVROLET,BLANCO,0,MINISTERIO PÚBLICO,,,,0,0,Lázaro Cárdenas,Pescadores,mayo,sábado,0,-102.217617630959,17.9756677542861
6565,6565,2017,"170625838",2017/05/27,"06:00:00",COLISIÓN POR INVASIÓN DE CARRIL,ASFALTO,Bueno,Bueno,2,TOYOT,BLANCO Y GRIS,2,,34,MASCULINO,SIN DATOS,0,0,Morelia,Felix Ireta,mayo,sábado,6,-101.180734634399,19.6862330442866
6566,6566,2017,"170625008",2017/05/27,12:55:00,COLISIÓN POR ALCANCE,ASFALTO,Bueno,Bueno,2,FORD,BLANCO,2,,41,MASCULINO,SIN DATOS,0,0,Morelia,Pascual Ortiz de Ayala,mayo,sábado,13,-101.149492263794,19.6949203151971
6567,6567,2017,"170625029",2017/05/27,13:00:00,COLISIÓN POR CAMBIO DE CARRIL,ASFALTO,Bueno,Bueno,2,FORD,BLANCO,2,,29,MASCULINO,SIN DATOS,0,0,Morelia,Pascual Ortiz de Ayala,mayo,sábado,13,-101.149578094482,19.6954859816065
6568,6568,2017,,2017/05/27,13:18:00,VOLCADURA,ASFALTO,Bueno,Bueno,1,NISSAN,BLANCO,1,,50,FEMENINO,SIN DATOS,0,0,Álvaro Obregón,Sin datos,mayo,sábado,13,-101.065807342529,19.805348901148
6569,6569,2017,,2017/05/27,13:25:00,COLISIÓN POR ALCANCE,ASFALTO,Bueno,Bueno,2,Ford,Blanco,2,,32,MASCULINO,SIN DATOS,0,0,Apatzingán,Las Palmas,mayo,sábado,13,-102.348675727844,19.0746916525535
6570,6570,2017,,2017/05/27,13:30:00,COLISIÓN POR CORTE DE CIRCULACIÓN,CONCRETO,Bueno,Bueno,2,MERCEDES BENZ,GRIS/AZUL,2,MINISTERIO PÚBLICO,0,MASCULINO,SIN DATOS,0,0,Uruapan,Niños Heroes,mayo,sábado,14,-102.071818113327,19.4179241644193
6571,6571,2017,"170625348",2017/05/27,14:10:00,COLISIÓN POR ALCANCE,ASFALTO,Bueno,Regular,2,MAZDA,BLANCO,2,,43,MASCULINO,SIN DATOS,0,0,Morelia,Jardines de Torremolinos,mayo,sábado,14,-101.22802734375,19.6770603909685
6572,6572,2017,"170625117",2017/05/27,14:15:00,COLISIÓN POR ALCANCE,CONCRETO,Bueno,Bueno,2,V.W.,PLATA,2,,62,MASCULINO,SIN DATOS,0,0,Morelia,Agustin Arriaga Rivera,mayo,sábado,14,-101.224572658539,19.6913040434139
6573,6573,2017,"170625440",2017/05/27,15:15:00,COLISIÓN POR CORTE DE CIRCULACIÓN,ASFALTO,Bueno,Bueno,2,BAJAJ,NEGRO,2,,25,MASCULINO,SIN DATOS,0,0,Morelia,Felix Ireta,mayo,sábado,15,-101.190787553787,19.6878392147743
6574,6574,2017,"170625618",2017/05/27,15:30:00,COLISIÓN POR INVASIÓN DE CARRIL,CONCRETO,Bueno,Bueno,2,YAMAHA,ROJO,2,,45,MASCULINO,SIN DATOS,0,0,Morelia,Ferrocarrilero,mayo,sábado,16,-101.223609235,19.6918737849991
6575,6575,2017,"170625569",2017/05/27,15:45:00,COLISIÓN POR ALCANCE,ASFALTO,Bueno,Bueno,2,JEEP,BLANCO,2,,46,MASCULINO,SIN DATOS,0,0,Morelia,Eduardo Ruiz,mayo,sábado,16,-101.220707595348,19.7210727193564
6576,6576,2017,"170626053",2017/05/27,17:25:00,COLISIÓN POR ALCANCE,ASFALTO,Bueno,Bueno,2,JEEP,BLANCO,2,MINISTERIO PÚBLICO,40,MASCULINO,SIN DATOS,0,0,Morelia,Martires de Uruapan,mayo,sábado,17,-101.201462745667,19.7252210566221
6577,6577,2017,"170626174",2017/05/27,17:35:00,COLISIÓN POR CAMBIO DE CARRIL,ASFALTO,Bueno,Bueno,2,TOYOTA,BLANCO Y GRIS,1,,43,MASCULINO,SIN DATOS,0,0,Morelia,Granjas del Maestro,mayo,sábado,18,-101.191055774689,19.7123944435002
6578,6578,2017,"170626118",2017/05/27,17:45:00,COLISIÓN POR CORTE DE CIRCULACIÓN,ASFALTO,Bueno,Bueno,2,NISSAN,BLANCO Y AZUL,2,,29,MASCULINO,SIN DATOS,0,0,Morelia,Centro,mayo,sábado,18,-101.189044117928,19.6959809380749
6579,6579,2017,"170626289",2017/05/27,18:00:00,COLISIÓN POR ALCANCE,ASFALTO,Bueno,Bueno,2,NISSAN,BLANCO,2,,58,MASCULINO,SIN DATOS,0,0,Morelia,Los Pinos de Michoacan,mayo,sábado,18,-101.216324865818,19.6831090470611
6580,6580,2017,"170825567",2017/05/27,18:45:00,COLISIÓN POR CORTE DE CIRCULACIÓN,ASFALTO,Bueno,Bueno,2,SIN DATOS,SIN DATOS,1,,,,SIN DATOS,0,0,Morelia,Huertitas,mayo,sábado,19,-101.213607788086,19.7228982030079
6581,6581,2017,,2017/05/27,19:15:00,COLISIÓN POR CORTE DE CIRCULACIÓN,ASFALTO,Bueno,Bueno,2,Nissan,GUINDA,2,,42,MASCULINO,SIN DATOS,0,0,Apatzingán,Zaragoza,mayo,sábado,19,-102.361249923706,19.0971192647468
6582,6582,2017,"170626806",2017/05/27,20:00:00,COLISIÓN POR ALCANCE,ASFALTO,Bueno,Bueno,2,NISSAN,BLANCO Y VERDE,2,,46,MASCULINO,SIN DATOS,0,0,Morelia,Comision Federal de Electricidad,mayo,sábado,20,-101.181303262711,19.6814851505458
6583,6583,2017,"170526863",2017/05/27,20:10:00,COLISIÓN POR CORTE DE CIRCULACIÓN,ASFALTO,Bueno,Bueno,1,CHRYSLER,ROJO,1,,53,FEMENINO,SIN DATOS,0,0,Morelia,Periodistas,mayo,sábado,20,-101.145219504833,19.6855385473417
6584,6584,2017,,2017/05/27,20:30:00,SALIDA DE SUPERFICIE DE RODAMIENTO,ASFALTO,Bueno,Bueno,1,VOLKSWAGEN,PLATA,1,,47,,SIN DATOS,0,0,Quiroga,Sin datos,mayo,sábado,21,-101.50689125061,19.6581072987215
6585,6585,2017,"170626954",2017/05/27,20:40:00,COLISIÓN POR ALCANCE,ASFALTO,Bueno,Regular,2,VOLKSWAGEN,AZUL,2,,,,SIN DATOS,0,0,Morelia,Primo Tapia Oriente,mayo,sábado,21,-101.158751249313,19.7135963509462
6587,6587,2017,,2017/05/27,21:50:00,COLISIÓN CONTRA OBJETO FIJO,ASFALTO,Bueno,Bueno,1,Ford,Plata,1,,,,SIN DATOS,0,0,Apatzingán,Babilonia,mayo,sábado,22,-102.359404563904,19.0830871542207
6588,6588,2017,LEG6955,2017/05/27,22:30:00,COLISIÓN POR CORTE DE CIRCULACIÓN,ASFALTO,Bueno,Bueno,2,CHEVROLET,BLANCO Y VERDE,2,,,,SIN DATOS,0,0,Morelia,Jesus Romero Flores,mayo,sábado,23,-101.180257201195,19.7334871117745
6589,6589,2017,,2017/05/28,"01:00:00",COLISIÓN CONTRA OBJETO FIJO,ASFALTO,Bueno,Bueno,1,FORD,CAFE,1,,30,MASCULINO,SIN DATOS,0,0,Pátzcuaro,Centro,mayo,domingo,1,-101.609998573723,19.5296074874233
6590,6590,2017,"170628035",2017/05/28,"01:15:00",COLISIÓN CONTRA OBJETO FIJO,ASFALTO,Bueno,Bueno,1,FORD,ARENA,4,MINISTERIO PÚBLICO,,,,3,1,Morelia,Bicentenario,mayo,domingo,1,-101.179414987564,19.7382991020555
6591,6591,2017,"003487105",2017/05/28,"01:20:00",COLISIÓN POR CORTE DE CIRCULACIÓN,ASFALTO,Bueno,Bueno,2,VOLKSWAGEN,CAFE,6,MINISTERIO PÚBLICO,19,MASCULINO,CON CERTIFICADO,4,0,Lázaro Cárdenas,1Er Sect de Fidelac,mayo,domingo,1,-102.192135304213,17.9597687117972
6592,6592,2017,"170628245",2017/05/28,"03:25:00",COLISIÓN POR CORTE DE CIRCULACIÓN,ASFALTO,Bueno,Bueno,2,SIN DATOS,SIN DATOS,2,,,,SIN DATOS,0,0,Morelia,Morelia 450,mayo,domingo,3,-101.216579675674,19.675484419688
6593,6593,2017,"170628291",2017/05/28,"04:15:00",SUBIDA AL CAMELLÓN,ASFALTO,Bueno,Bueno,1,CHEVROLET,NEGRO,0,,,,,0,0,Morelia,Asociacion Zirahuen,mayo,domingo,4,-101.250160932541,19.6987284237012
6594,6594,2017,"170628266",2017/05/28,"04:45:00",COLISIÓN POR NO RESPETAR SEMÁFORO,ASFALTO,Bueno,Bueno,2,VOLKSWAGEN,NEGRO,4,MINISTERIO PÚBLICO,,MASCULINO,SIN DATOS,0,2,Morelia,Los Manantiales de Morelia,mayo,domingo,5,-101.240247488022,19.692773795012
6595,6595,2017,,2017/05/28,"05:00:00",COLISIÓN POR CORTE DE CIRCULACIÓN,CONCRETO,Bueno,Bueno,2,HONDA,VERDE,2,,26,MASCULINO,ALIENTO ETÍLICO,0,0,Morelia,Centro,mayo,domingo,5,-101.192488074303,19.6982536777176
6596,6596,2017,"170628396",2017/05/28,"06:00:00",SALIDA DE SUPERFICIE DE RODAMIENTO,ASFALTO,Bueno,Bueno,1,V.W.,PLATA,1,,24,MASCULINO,ALIENTO ETÍLICO,0,0,Morelia,Agustin Arriaga Rivera,mayo,domingo,6,-101.220088005066,19.6924151970693
6597,6597,2017,"170628440",2017/05/28,"07:20:00",VOLCADURA,ASFALTO,Bueno,Bueno,1,VOLKSWAGEN,BLANCO,1,,23,MASCULINO,SIN DATOS,0,0,Morelia,Sin datos,mayo,domingo,7,-101.126575469971,19.7095865909035
6598,6598,2017,"170628700",2017/05/28,"08:20:00",COLISIÓN POR ALCANCE,ASFALTO,Bueno,Bueno,2,CHEVROLET,BLANCO,2,MINISTERIO PÚBLICO,49,FEMENINO,SIN DATOS,0,0,Morelia,Lomas del Valle,mayo,domingo,8,-101.232131123543,19.6859703985234
6599,6599,2017,"170628730",2017/05/28,10:00:00,COLISIÓN POR INVASIÓN DE CARRIL,ASFALTO,Bueno,Bueno,2,VOLKSWAGEN,PLATA,2,,,,SIN DATOS,0,0,Morelia,Cuauhtemoc,mayo,domingo,10,-101.182944774628,19.694384950504
6600,6600,2017,"170628890",2017/05/28,10:30:00,INCENDIO,CONCRETO,Bueno,Bueno,1,NISSAN,NEGRO,1,,,,SIN DATOS,0,0,Morelia,Villas del Real,mayo,domingo,11,-101.198678612709,19.7342091720274
6601,6601,2017,,2017/05/28,11:55:00,COLISIÓN POR ALCANCE,ASFALTO,Bueno,Bueno,2,Italika,Negro,4,MINISTERIO PÚBLICO,24,MASCULINO,SIN DATOS,2,0,Apatzingán,18 de Marzo,mayo,domingo,12,-102.364940643311,19.0915025077723
6602,6602,2017,"170629322",2017/05/28,12:10:00,COLISIÓN POR INVASIÓN DE CARRIL,ASFALTO,Bueno,Bueno,3,VOLKSWAGEN,ROJO,2,,21,MASCULINO,SIN DATOS,0,0,Morelia,Villas del Real,mayo,domingo,12,-101.202294230461,19.7335653772044
6603,6603,2017,"170629339",2017/05/28,12:30:00,COLISIÓN CONTRA OBJETO FIJO,ASFALTO,Bueno,Bueno,1,NISSAN,ARENA,1,,29,,SIN DATOS,0,0,Tarímbaro,Sin datos,mayo,domingo,13,-101.17294549942,19.7488516475028
6604,6604,2017,,2017/05/28,12:30:00,COLISIÓN POR INVASIÓN DE CARRIL,ASFALTO,Bueno,Bueno,2,MERCURY,GUINDA,2,,20,MASCULINO,SIN DATOS,0,0,Erongarícuaro,Sin datos,mayo,domingo,13,-101.691384315491,19.5334218758614
6605,6605,2017,"170630807",2017/05/28,15:30:00,COLISIÓN POR ALCANCE,CONCRETO,Bueno,Regular,2,FORD,BLANCO,2,,51,MASCULINO,SIN DATOS,0,0,Morelia,Reforma,mayo,domingo,16,-101.240966320038,19.7059706505565