fid,id_accidente,anio_origen,folio_c5i,dia_incidente,hora_ocurrencia,tipo_incidente_vial,superficie_ocurrencia,condiciones_climaticas,condiciones_via,numero_vehiculos_involucrados,marca_vehiculo_ocasiona_siniestro,color_vehiculo_ocasiona_siniestro,numero_personas_involucradas,lugar_remite_presunto_responsable,edad_presunto_responsable,sexo_presunto_responsable,resultados_toxicologia,numero_personas_lesionadas,numero_personas_fallecidas,municipio,colonia,mes,dia_semana,hora_redondeada,lon,lat
6606,6606,2017,"170630423",2017/05/28,16:35:00,CAIDA DE MOTOCICLETA,ASFALTO,Bueno,Bueno,1,DINAMO,NEGRO,1,,37,,ALIENTO ETÍLICO,0,0,Morelia,Jardines de La Huerta,mayo,domingo,17,-101.214466094971,19.6662808419806
6607,6607,2017,"170630774",2017/05/28,17:45:00,COLISIÓN POR CORTE DE CIRCULACIÓN,ASFALTO,Bueno,Bueno,2,NISSAN,BLANCO,2,MINISTERIO PÚBLICO,26,MASCULINO,SIN DATOS,0,0,Morelia,Isaac Arriaga,mayo,domingo,18,-101.1714220047,19.707803881926
6608,6608,2017,"170630797",2017/05/28,18:05:00,COLISIÓN POR CORTE DE CIRCULACIÓN,CONCRETO,Bueno,Bueno,3,CHEVROLET,ROJO,3,,35,MASCULINO,SIN DATOS,0,0,Morelia,Primaveras,mayo,domingo,18,-101.225720643997,19.6787070623487
6609,6609,2017,,2017/05/28,18:20:00,COLISIÓN POR INVASIÓN DE CARRIL,ASFALTO,Bueno,Bueno,2,NISSAN,ROJO,2,MINISTERIO PÚBLICO,,,,2,0,Tacámbaro,Sin datos,mayo,domingo,18,-101.479682922363,19.345808348346
6610,6610,2017,"170631112",2017/05/28,19:10:00,COLISIÓN POR CORTE DE CIRCULACIÓN,ASFALTO,Bueno,Bueno,2,YAMAHA,BLANCO,3,,21,MASCULINO,SIN DATOS,1,0,Morelia,Rector Diaz Rubio,mayo,domingo,19,-101.198979020119,19.6681902994631
6611,6611,2017,"170631322",2017/05/28,19:40:00,COLISIÓN POR ALCANCE,ASFALTO,Bueno,Bueno,2,NISSAN,GRIS,2,,43,FEMENINO,SIN DATOS,0,0,Charo,Sin datos,mayo,domingo,20,-101.06803894043,19.7448932624504
6612,6612,2017,,2017/05/28,19:45:00,COLISIÓN CONTRA OBJETO FIJO,ASFALTO,Bueno,Bueno,2,Nissan,Blanco/Verde,2,,35,MASCULINO,SIN DATOS,0,0,Apatzingán,Los Limones,mayo,domingo,20,-102.365069389343,19.0885622521324
6613,6613,2017,"170631486",2017/05/28,20:00:00,COLISIÓN POR CAMBIO DE CARRIL,ASFALTO,Bueno,Bueno,2,INTERNATIONAL,BLANCO,2,,,MASCULINO,SIN DATOS,0,0,Morelia,Rafael Carrillo,mayo,domingo,20,-101.236352920532,19.7078493336765
6614,6614,2017,"170631476",2017/05/28,20:50:00,COLISIÓN POR CORTE DE CIRCULACIÓN,ASFALTO,Bueno,Bueno,2,NISSAN,ORO,2,,,FEMENINO,SIN DATOS,0,0,Morelia,Centro,mayo,domingo,21,-101.185530424118,19.7030010741741
6615,6615,2017,"170631949",2017/05/28,21:40:00,COLISIÓN POR ALCANCE,CONCRETO,Bueno,Bueno,2,PEUGEOT,GRIS,2,,17,MASCULINO,SIN DATOS,0,0,Morelia,Camelinas,mayo,domingo,22,-101.172433197498,19.6820483389159
6616,6616,2017,,2017/05/28,22:09:00,COLISIÓN CONTRA OBJETO FIJO,ASFALTO,Bueno,Bueno,1,Nissan,Blanco/Rojo,1,,65,MASCULINO,SIN DATOS,0,0,Apatzingán,Morelos,mayo,domingo,22,-102.365691661835,19.0888664189305
6617,6617,2017,"170631960",2017/05/28,22:10:00,SALIDA DE SUPERFICIE DE RODAMIENTO,ASFALTO,Bueno,Bueno,1,HONDA,NEGRO,1,,51,MASCULINO,ALIENTO ETÍLICO,0,0,Morelia,Arcos del Valle,mayo,domingo,22,-101.236288547516,19.7077584301626
6618,6618,2017,,2017/05/28,23:40:00,COLISIÓN POR CORTE DE CIRCULACIÓN,ASFALTO,Bueno,Bueno,2,Italika,Rojo/Negro,2,,15,MASCULINO,CON CERTIFICADO,0,0,Apatzingán,Bonifacio Moreno,mayo,domingo,0,-102.353911399841,19.091532923937
6619,6619,2017,"170632399",2017/05/29,"00:50:00",COLISIÓN CONTRA OBJETO FIJO,ASFALTO,Bueno,Bueno,3,FORD,ROJO,3,,20,MASCULINO,ALIENTO ETÍLICO,0,0,Morelia,Sin datos,mayo,lunes,1,-101.282873153687,19.6174455650118
6620,6620,2017,"170632477",2017/05/29,"04:15:00",COLISIÓN CONTRA OBJETO FIJO,CONCRETO,Bueno,Bueno,1,FORD,AZUL,1,,21,MASCULINO,ALIENTO ETÍLICO,0,0,Morelia,Santa Cecilia,mayo,lunes,4,-101.184650659561,19.6687977345418
6621,6621,2017,"170632621",2017/05/29,"07:45:00",SALIDA DE SUPERFICIE DE RODAMIENTO,ASFALTO,Bueno,Bueno,1,CHEVROLET,GRIS,1,,45,MASCULINO,SIN DATOS,0,0,Morelia,Sin datos,mayo,lunes,8,-101.097929477692,19.7304019084715
6622,6622,2017,,2017/05/29,"08:03:00",COLISIÓN POR CORTE DE CIRCULACIÓN,ASFALTO,Bueno,Bueno,2,Honda,Blanco,2,,60,FEMENINO,SIN DATOS,0,0,Apatzingán,Morelos,mayo,lunes,8,-102.359211444855,19.092658318104
6623,6623,2017,"170632791",2017/05/29,"08:45:00",CAIDA DE MOTOCICLETA,CONCRETO,Bueno,Bueno,1,VENTO,ROJO Y NEGRO,2,,29,FEMENINO,SIN DATOS,1,0,Morelia,Lomas del Pedregal,mayo,lunes,9,-101.285136938095,19.69223842314
6624,6624,2017,"170632846",2017/05/29,"08:50:00",COLISIÓN POR ALCANCE,ASFALTO,Bueno,Bueno,2,MAZDA,ROJO,2,,27,FEMENINO,SIN DATOS,0,0,Morelia,Alberto Oviedo Mota,mayo,lunes,9,-101.202127933502,19.6777877571005
6625,6625,2017,,2017/05/29,"09:10:00",COLISIÓN POR CAMBIO DE CARRIL,ASFALTO,Bueno,Bueno,2,CHEVROLET,GUINDA,3,,56,MASCULINO,SIN DATOS,1,0,Uruapan,Sin datos,mayo,lunes,9,-102.059898376465,19.3637858898889
6626,6626,2017,,2017/05/29,"09:10:00",COLISIÓN POR CAMBIO DE CARRIL,ASFALTO,Bueno,Bueno,3,CHEVROLET,GUINDA,3,,56,MASCULINO,SIN DATOS,0,0,Múgica,Sin datos,mayo,lunes,9,-102.086248397827,19.0492997698019
6627,6627,2017,"170632976",2017/05/29,"09:45:00",COLISIÓN POR CORTE DE CIRCULACIÓN,ASFALTO,Bueno,Bueno,2,ITALIKA,ROJO Y NEGRO,2,,,MASCULINO,SIN DATOS,0,0,Morelia,Granjas del Maestro,mayo,lunes,10,-101.190927028656,19.7143740509501
6628,6628,2017,"170633100",2017/05/29,10:00:00,COLISIÓN POR CORTE DE CIRCULACIÓN,ASFALTO,Bueno,Regular,2,NISSAN,GRIS,2,,,,SIN DATOS,0,0,Morelia,Centro,mayo,lunes,10,-101.196892261505,19.7048949430301
6629,6629,2017,"170633077",2017/05/29,10:00:00,COLISIÓN POR CORTE DE CIRCULACIÓN,ASFALTO,Bueno,Bueno,2,NISSAN,ROJO,2,,23,MASCULINO,SIN DATOS,0,0,Morelia,Chapultepec Sur,mayo,lunes,10,-101.174764037132,19.6915717311361
6630,6630,2017,"170633278",2017/05/29,10:50:00,COLISIÓN CONTRA OBJETO FIJO,ASFALTO,Bueno,Bueno,1,VOLKSWAGEN,ROJO,1,,32,MASCULINO,SIN DATOS,0,0,Morelia,Leandro Valle,mayo,lunes,11,-101.229186058044,19.7180302002735
6631,6631,2017,"170615321",2017/05/29,11:15:00,COLISIÓN POR CAMBIO DE CARRIL,ASFALTO,Bueno,Bueno,2,VOLKSWAGEN,BLANCO,2,,21,FEMENINO,SIN DATOS,0,0,Morelia,Enrique Arreguin Robles,mayo,lunes,11,-101.184017658234,19.7195855533635
6632,6632,2017,"170633697",2017/05/29,12:40:00,COLISIÓN POR ALCANCE,SIN_DATOS,Bueno,Bueno,2,PULSAR,NEGRO,0,MINISTERIO PÚBLICO,,,,0,0,Morelia,Cuauhtemoc,mayo,lunes,13,-101.182488799095,19.6968950883445
6633,6633,2017,"170633960",2017/05/29,13:25:00,COLISIÓN POR CORTE DE CIRCULACIÓN,ASFALTO,Bueno,Bueno,2,RENAULT,AZUL,2,,37,MASCULINO,SIN DATOS,0,0,Morelia,Felix Ireta,mayo,lunes,13,-101.180973351002,19.6848364710053
6634,6634,2017,"170634429",2017/05/29,14:10:00,COLISIÓN POR ALCANCE,ASFALTO,Nublado,Regular,2,FORD,NEGRO,2,,70,MASCULINO,SIN DATOS,0,0,Morelia,Campestre Los Manantiales,mayo,lunes,14,-101.238445043564,19.6884049062041
6635,6635,2017,,2017/05/29,15:00:00,VOLCADURA,ASFALTO,Bueno,Bueno,1,FORD,BLANCO,2,,57,MASCULINO,SIN DATOS,1,0,Tangamandapio,Sin datos,mayo,lunes,15,-102.396697998047,19.9570529857718
6636,6636,2017,"170634770",2017/05/29,16:00:00,COLISIÓN POR CORTE DE CIRCULACIÓN,ASFALTO,Bueno,Bueno,2,JEEP,NEGRO,2,,28,MASCULINO,SIN DATOS,0,0,Morelia,Felix Ireta,mayo,lunes,16,-101.195824742317,19.6824650465249
6637,6637,2017,"170634757",2017/05/29,16:20:00,COLISIÓN POR ALCANCE,ASFALTO,Bueno,Bueno,2,VOLKSWAGEN,AZUL,2,,42,MASCULINO,SIN DATOS,0,0,Morelia,Fovissste La Huerta,mayo,lunes,16,-101.212245225906,19.692354588887
6638,6638,2017,"170635017",2017/05/29,17:15:00,COLISIÓN POR ALCANCE,ASFALTO,Bueno,Bueno,2,CHEVROLET,CAFE,2,,20,MASCULINO,SIN DATOS,0,0,Morelia,Lazaro Cardenas,mayo,lunes,17,-101.164920330048,19.7092229804872
6639,6639,2017,LEG7013,2017/05/29,17:50:00,COLISIÓN POR CORTE DE CIRCULACIÓN,CONCRETO,Bueno,Bueno,3,CHEVROLET,BLANCO,3,,46,FEMENINO,SIN DATOS,0,0,Morelia,Nueva Valladolid,mayo,lunes,18,-101.207980513573,19.7011122333066
6640,6640,2017,"170635393",2017/05/29,18:50:00,COLISIÓN POR CORTE DE CIRCULACIÓN,ASFALTO,Nublado,Regular,2,V.W.,VERDE,4,,41,MASCULINO,SIN DATOS,2,0,Tzintzuntzan,Sin datos,mayo,lunes,19,-101.471314430237,19.6355950663132
6641,6641,2017,"170735386",2017/05/29,19:05:00,COLISIÓN POR CORTE DE CIRCULACIÓN,ASFALTO,Bueno,Bueno,2,ITALIKA,VERDE,2,,43,MASCULINO,SIN DATOS,0,0,Morelia,Loma Bonita,mayo,lunes,19,-101.19745016098,19.7190805702531
6642,6642,2017,,2017/05/29,19:20:00,COLISIÓN POR INVASIÓN DE CARRIL,ASFALTO,Bueno,Bueno,2,CHEVROLET,GUINDA,2,,31,MASCULINO,SIN DATOS,0,0,Charo,Sin datos,mayo,lunes,19,-101.033942699432,19.7600800013832
6643,6643,2017,"170635591",2017/05/29,19:40:00,COLISIÓN POR CORTE DE CIRCULACIÓN,ASFALTO,Bueno,Bueno,2,CHEVROLET,BLANCO,2,,40,FEMENINO,SIN DATOS,0,0,Morelia,Vasco de Quiroga,mayo,lunes,20,-101.1758852005,19.6981981222445
6644,6644,2017,"170636206",2017/05/29,20:00:00,COLISIÓN POR ALCANCE,ASFALTO,Bueno,Bueno,2,NISSAN,PLATA,2,,35,MASCULINO,SIN DATOS,0,0,Morelia,Matamoros,mayo,lunes,20,-101.166186332703,19.6964253874769
6645,6645,2017,"70635898",2017/05/29,20:30:00,COLISIÓN POR CAMBIO DE CARRIL,ASFALTO,Bueno,Bueno,2,V.W.,ROJO,2,,25,FEMENINO,SIN DATOS,0,0,Morelia,Morelia 450,mayo,lunes,21,-101.214873790741,19.6745751984368
6646,6646,2017,"170636346",2017/05/29,22:20:00,COLISIÓN POR CAMBIO DE CARRIL,ASFALTO,Bueno,Bueno,2,KENWORTH,BLANCO,2,,45,MASCULINO,SIN DATOS,0,0,Morelia,Primo Tapia Oriente,mayo,lunes,22,-101.158998012543,19.7135862509212
6647,6647,2017,"170636550",2017/05/29,23:20:00,COLISIÓN CONTRA OBJETO FIJO,ASFALTO,Lluvioso,Bueno,1,CHRYSLER,VERDE,1,,21,MASCULINO,SIN DATOS,0,0,Morelia,Agustin Arriaga Rivera,mayo,lunes,23,-101.224336624146,19.6914454633984
6648,6648,2017,"170636767",2017/05/30,"01:10:00",COLISIÓN CONTRA OBJETO FIJO,ASFALTO,Bueno,Bueno,1,NISSAN,BLANCO,1,,35,MASCULINO,SIN DATOS,0,0,Morelia,Mirador del Punhuato,mayo,martes,1,-101.15886926651,19.7040717441219
6649,6649,2017,"170636812",2017/05/30,"02:15:00",VOLCADURA,ASFALTO,Lluvioso,Bueno,1,NISSAN,BLANCO,1,,55,MASCULINO,SIN DATOS,0,0,Morelia,Alberto Oviedo Mota,mayo,martes,2,-101.199531555176,19.6811416804333
6650,6650,2017,"170636907",2017/05/30,"05:00:00",VOLCADURA,ASFALTO,Nublado,Bueno,1,VOLKSWAGEN,BLANCO,1,,24,MASCULINO,SIN DATOS,0,0,Morelia,Sin datos,mayo,martes,5,-101.092157363892,19.7256654247705
6651,6651,2017,,2017/05/30,"06:00:00",COLISIÓN CONTRA OBJETO FIJO,CONCRETO,Nublado,Malo,2,TOYOTA,VERDE,2,,50,MASCULINO,ALIENTO ETÍLICO,0,0,Apatzingán,Lazaro Cardenas,mayo,martes,6,-102.35258102417,19.0928408137345
6652,6652,2017,"170637091",2017/05/30,"08:30:00",COLISIÓN POR CAMBIO DE CARRIL,ASFALTO,Bueno,Bueno,2,HONDA,BLANCO,2,,29,MASCULINO,SIN DATOS,1,0,Morelia,Ciudad Industrial,mayo,martes,9,-101.143119335175,19.7252412552012
6653,6653,2017,,2017/05/30,"09:20:00",COLISIÓN POR CORTE DE CIRCULACIÓN,ASFALTO,Bueno,Bueno,1,NISSAN,ROJO,2,,42,MASCULINO,SIN DATOS,1,0,Hidalgo,Centro,mayo,martes,9,-100.553271,19.691029
6654,6654,2017,LEG7044,2017/05/30,"09:40:00",COLISIÓN POR CORTE DE CIRCULACIÓN,ASFALTO,Bueno,Bueno,2,NISSAN,AZUL,2,,38,MASCULINO,SIN DATOS,0,0,Morelia,Leona Vicario,mayo,martes,10,-101.212921142578,19.6684529743743
6655,6655,2017,"170637613",2017/05/30,10:15:00,COLISIÓN POR CORTE DE CIRCULACIÓN,ASFALTO,Bueno,Bueno,2,MERCEDES BENZ,BLANCO Y AZUL,2,,24,MASCULINO,SIN DATOS,0,0,Morelia,Camelinas,mayo,martes,10,-101.172913312912,19.6821114765021
6656,6656,2017,"170637674",2017/05/30,11:00:00,COLISIÓN POR ALCANCE,ASFALTO,Bueno,Bueno,3,V.W.,ROJO,3,,,MASCULINO,SIN DATOS,0,0,Morelia,Morelia 450,mayo,martes,11,-101.214841604233,19.674484276028
6657,6657,2017,,2017/05/30,12:15:00,COLISIÓN POR CORTE DE CIRCULACIÓN,ASFALTO,Bueno,Bueno,2,MERCEDEZ BENZ,BLANCO,3,MINISTERIO PÚBLICO,,MASCULINO,SIN DATOS,1,0,Cuitzeo,Centro,mayo,martes,12,-101.139310598373,19.9719875058641
6658,6658,2017,"170638347",2017/05/30,13:20:00,COLISIÓN POR CORTE DE CIRCULACIÓN,ASFALTO,Bueno,Bueno,2,V.W.,ROJO,2,,34,MASCULINO,SIN DATOS,0,0,Morelia,Mariano Escobedo,mayo,martes,13,-101.213425397873,19.721655967437
6659,6659,2017,"170638285",2017/05/30,13:30:00,COLISIÓN POR CORTE DE CIRCULACIÓN,ASFALTO,Bueno,Bueno,2,NISSAN,GRIS,2,,57,MASCULINO,SIN DATOS,0,0,Morelia,Enrique Arreguin Robles,mayo,martes,14,-101.183148622513,19.7236455595938
6660,6660,2017,"170638932",2017/05/30,15:00:00,COLISIÓN POR ALCANCE,ASFALTO,Bueno,Bueno,2,NISSAN,BLANCO,2,MINISTERIO PÚBLICO,43,MASCULINO,SIN DATOS,0,0,Morelia,Josefa Ortiz de Dominguez,mayo,martes,15,-101.209874153137,19.6722718148454
6661,6661,2017,,2017/05/30,15:20:00,COLISIÓN POR CORTE DE CIRCULACIÓN,CONCRETO,Bueno,Bueno,2,Chevrolet,Verde,2,MINISTERIO PÚBLICO,22,MASCULINO,SIN DATOS,0,0,Apatzingán,El Varillero,mayo,martes,15,-102.363320589066,19.0852163804748
6662,6662,2017,,2017/05/30,15:23:00,VOLCADURA,TERRACERIA,Bueno,Regular,1,MERCURY,CEREZA,0,MINISTERIO PÚBLICO,,,,0,0,Penjamillo,Sin datos,mayo,martes,15,-101.926774978638,20.1202977256826
6663,6663,2017,"170639729",2017/05/30,17:10:00,COLISIÓN POR ALCANCE,ASFALTO,Bueno,Bueno,2,NISSAN,NEGRO,2,,32,MASCULINO,SIN DATOS,0,0,Morelia,Poblado de Ocolusen,mayo,martes,17,-101.150114536285,19.6920515476311
6664,6664,2017,"170639530",2017/05/30,17:15:00,COLISIÓN POR ALCANCE,ASFALTO,Bueno,Bueno,2,TOYOTA,PLATA,2,,25,MASCULINO,SIN DATOS,0,0,Morelia,Morelia 450,mayo,martes,17,-101.217073202133,19.6756056487983
6665,6665,2017,"17064040",2017/05/30,20:00:00,SUBIDA AL CAMELLÓN,CONCRETO,Bueno,Bueno,1,NISSAN,BLANCO,1,,,MASCULINO,SIN DATOS,0,0,Tarímbaro,Club Erandeni,mayo,martes,20,-101.18195772171,19.759231843972
6666,6666,2017,"170640601",2017/05/30,20:55:00,COLISIÓN POR CAMBIO DE CARRIL,ASFALTO,Bueno,Bueno,2,NISSAN,BLANCO,2,,30,MASCULINO,SIN DATOS,0,0,Morelia,Las Americas,mayo,martes,21,-101.150522232056,19.6908999856271
6667,6667,2017,"170641073",2017/05/30,23:00:00,COLISIÓN POR CORTE DE CIRCULACIÓN,ASFALTO,Bueno,Bueno,2,HONDA,ROJO,2,,32,MASCULINO,SIN DATOS,0,0,Morelia,Chapultepec Oriente,mayo,martes,23,-101.162586808205,19.6904908760791
6668,6668,2017,"170451259",2017/05/30,23:40:00,COLISIÓN CONTRA OBJETO FIJO,ASFALTO,Bueno,Bueno,1,NISSAN,BLANCO,1,,,,ALIENTO ETÍLICO,0,0,Morelia,Los Manantiales de Morelia,mayo,martes,0,-101.242468357086,19.6978698395097
6669,6669,2017,"170641586",2017/05/31,"08:15:00",COLISIÓN POR CORTE DE CIRCULACIÓN,CONCRETO,Bueno,Bueno,2,FORD,GRIS,2,,25,MASCULINO,SIN DATOS,0,0,Morelia,Chapultepec Norte,mayo,miércoles,8,-101.177290678024,19.6945415196089
6670,6670,2017,"170641671",2017/05/31,"08:20:00",COLISIÓN POR ALCANCE,ASFALTO,Bueno,Bueno,2,NISSAN,GRIS,2,,50,MASCULINO,SIN DATOS,0,0,Morelia,Loma de Los Piñones,mayo,miércoles,8,-101.205056905746,19.6741407909067
6671,6671,2017,"170641579",2017/05/31,"08:30:00",COLISIÓN POR CORTE DE CIRCULACIÓN,ASFALTO,Bueno,Regular,2,HONDA,GRIS,2,,41,MASCULINO,SIN DATOS,0,0,Morelia,Matamoros,mayo,miércoles,9,-101.163230538368,19.7000819470717
6672,6672,2017,"170641902",2017/05/31,10:35:00,COLISIÓN POR CORTE DE CIRCULACIÓN,ASFALTO,Bueno,Bueno,2,TOYOTA,ROJO,2,MINISTERIO PÚBLICO,35,MASCULINO,SIN DATOS,0,0,Morelia,Infonavit  Las  Camelinas,mayo,miércoles,11,-101.174211502075,19.6820508644198
6673,6673,2017,"170642539",2017/05/31,12:10:00,COLISIÓN POR CORTE DE CIRCULACIÓN,CONCRETO,Bueno,Bueno,2,HONDA,BLANCO,4,,28,MASCULINO,SIN DATOS,2,0,Morelia,Ferrocarrilero,mayo,miércoles,12,-101.214015483856,19.7007031498603
6674,6674,2017,,2017/05/31,15:31:00,COLISIÓN POR CORTE DE CIRCULACIÓN,ASFALTO,Bueno,Bueno,2,MERCEDES BANZ,Blanco,2,MINISTERIO PÚBLICO,24,FEMENINO,SIN DATOS,0,0,Apatzingán,Independencia,mayo,miércoles,16,-102.357859611511,19.0961459775525
6675,6675,2017,LEG7054,2017/05/31,15:45:00,COLISIÓN POR CORTE DE CIRCULACIÓN,CONCRETO,Bueno,Bueno,2,KAWASAKI,AZUL,4,,43,MASCULINO,SIN DATOS,2,0,Morelia,Felix Ireta,mayo,miércoles,16,-101.180393993855,19.6875917241453
6676,6676,2017,"170643738",2017/05/31,16:20:00,COLISIÓN POR CORTE DE CIRCULACIÓN,ASFALTO,Bueno,Bueno,2,VOLKSWAGEN,BLANCO,2,,30,FEMENINO,SIN DATOS,0,0,Morelia,Elias Perez Avalos,mayo,miércoles,16,-101.165950298309,19.7104754128855
6677,6677,2017,"170644625",2017/05/31,19:30:00,COLISIÓN POR CORTE DE CIRCULACIÓN,CONCRETO,Bueno,Regular,2,NISSAN,AZUL,2,MINISTERIO PÚBLICO,57,MASCULINO,SIN DATOS,0,0,Morelia,Gertrudis Bocanegra,mayo,miércoles,20,-101.210770010948,19.7036778192195
6678,6678,2017,"170644853",2017/05/31,19:50:00,COLISIÓN POR CORTE DE CIRCULACIÓN,ASFALTO,Bueno,Bueno,2,KENWORTH,BLANCO,2,,53,MASCULINO,SIN DATOS,0,0,Morelia,Jardines de Torremolinos,mayo,miércoles,20,-101.225688457489,19.6769593676334
6679,6679,2017,"170645054",2017/05/31,20:40:00,COLISIÓN POR ALCANCE,ASFALTO,Bueno,Bueno,2,VOLKSWAGEN,GRIS,2,,34,MASCULINO,SIN DATOS,0,0,Morelia,Libertad,mayo,miércoles,21,-101.236916184425,19.6848288946251
6680,6680,2017,"170644928",2017/05/31,21:13:00,COLISIÓN POR CORTE DE CIRCULACIÓN,ASFALTO,Bueno,Bueno,0,,,1,,,,,1,0,Morelia,Santiaguito,mayo,miércoles,21,-101.189081668854,19.7153638454845
6681,6681,2017,"170645102",2017/05/31,21:35:00,COLISIÓN POR ALCANCE,ASFALTO,Bueno,Bueno,2,VOLKSWAGEN,AZUL,2,,29,MASCULINO,SIN DATOS,0,0,Morelia,Felix Ireta,mayo,miércoles,22,-101.181485652924,19.6816467832851
6682,6682,2017,"1700645076",2017/05/31,21:50:00,COLISIÓN CONTRA OBJETO FIJO,ASFALTO,Bueno,Bueno,1,NISSAN,AZUL,1,,,,SIN DATOS,0,0,Morelia,Villas del Sol,mayo,miércoles,22,-101.228649616241,19.6948496067553
6683,6683,2017,"170645421",2017/06/01,"01:40:00",SALIDA DE SUPERFICIE DE RODAMIENTO,ASFALTO,Bueno,Bueno,1,V.W.,NEGRO,0,,,,,0,0,Morelia,Montaña Monarca,junio,jueves,2,-101.164877414703,19.6657857937355
6684,6684,2017,"170645825",2017/06/01,"09:00:00",COLISIÓN POR CAMBIO DE CARRIL,ASFALTO,Bueno,Bueno,2,NISSAN,PLATA,1,MINISTERIO PÚBLICO,,,,1,0,Morelia,San Jose del Cerrito,junio,jueves,9,-101.225999593735,19.6632094975798
6685,6685,2017,"170645885",2017/06/01,"09:30:00",COLISIÓN POR CORTE DE CIRCULACIÓN,ASFALTO,Bueno,Bueno,2,ITALIKA,BLANCO Y AMARILLO,2,,19,MASCULINO,SIN DATOS,0,0,Morelia,Indeco Santiaguito,junio,jueves,10,-101.178202629089,19.7198481439505
6686,6686,2017,,2017/06/01,"09:30:00",COLISIÓN POR ALCANCE,ASFALTO,Bueno,Bueno,3,NISSAN,CAFE,3,,,MASCULINO,SIN DATOS,0,0,Morelia,Sin datos,junio,jueves,10,-101.266736984253,19.6385861013284
6687,6687,2017,"170646044",2017/06/01,"09:55:00",COLISIÓN POR CORTE DE CIRCULACIÓN,ASFALTO,Bueno,Bueno,2,FREIGHTLINER,BLANCO,2,,41,MASCULINO,SIN DATOS,0,0,Morelia,Libertad,junio,jueves,10,-101.236889362335,19.6848592001435
6688,6688,2017,"170646431",2017/06/01,10:15:00,COLISIÓN POR CAMBIO DE CARRIL,ASFALTO,Bueno,Bueno,2,MAN,BLANCO,2,,26,MASCULINO,SIN DATOS,0,0,Morelia,Arboledas de La Huerta,junio,jueves,10,-101.223542690277,19.6684933858608
6689,6689,2017,"170646478",2017/06/01,12:30:00,COLISIÓN POR ALCANCE,ASFALTO,Bueno,Bueno,2,CHEVROLET,BLANCO,2,,39,MASCULINO,SIN DATOS,0,0,Morelia,Asociacion Zirahuen,junio,jueves,13,-101.250236034393,19.6987385246643
6690,6690,2017,"170647365",2017/06/01,14:30:00,COLISIÓN POR CAMBIO DE CARRIL,ASFALTO,Bueno,Bueno,2,INTERNATIONAL,BLANCO,2,,30,MASCULINO,SIN DATOS,0,0,Morelia,Cinco de Diciembre,junio,jueves,15,-101.165971755981,19.6844147186327
6691,6691,2017,"170649482",2017/06/01,15:00:00,COLISIÓN POR CORTE DE CIRCULACIÓN,ASFALTO,Bueno,Bueno,2,TOYOTA,BLANCO Y GRIS,5,MINISTERIO PÚBLICO,38,MASCULINO,SIN DATOS,3,0,Morelia,Campestre Los Manantiales,junio,jueves,15,-101.238348484039,19.6882735851575
6692,6692,2017,"170649175",2017/06/01,15:10:00,COLISIÓN POR CORTE DE CIRCULACIÓN,ASFALTO,Bueno,Bueno,2,JEEP,ROJO,2,,42,FEMENINO,SIN DATOS,0,0,Morelia,Cuauhtemoc,junio,jueves,15,-101.179082393646,19.6948294043376
6693,6693,2017,"170648006",2017/06/01,16:35:00,COLISIÓN POR ALCANCE,ASFALTO,Bueno,Bueno,2,VOLKSWAGEN,BLANCO,2,,49,MASCULINO,SIN DATOS,0,0,Morelia,Jardines del Toreo,junio,jueves,17,-101.214294433594,19.6881725688944
6694,6694,2017,"170648254",2017/06/01,17:40:00,COLISIÓN POR CORTE DE CIRCULACIÓN,ASFALTO,Bueno,Bueno,2,VOLKSWAGEN,BLANCO,2,MINISTERIO PÚBLICO,40,FEMENINO,SIN DATOS,0,0,Morelia,Paraiso del Sur,junio,jueves,18,-101.195722818375,19.6578749174829
6695,6695,2017,"170648560",2017/06/01,18:00:00,COLISIÓN POR NO RESPETAR SEMÁFORO,ASFALTO,Bueno,Bueno,2,NISSAN,GRIS,2,,70,FEMENINO,SIN DATOS,0,0,Morelia,Los Pinos de Michoacan,junio,jueves,18,-101.216279268265,19.6831519803381
6696,6696,2017,"1706438874",2017/06/01,18:40:00,COLISIÓN POR CORTE DE CIRCULACIÓN,ASFALTO,Bueno,Bueno,2,PONTIAC,ROJO,2,,,FEMENINO,SIN DATOS,0,0,Morelia,Gertrudis Sanchez,junio,jueves,19,-101.200797557831,19.7417628374149
6697,6697,2017,,2017/06/01,19:00:00,COLISIÓN POR CORTE DE CIRCULACIÓN,ASFALTO,Bueno,Regular,2,HONDA,VERDE/BLANCO,4,MINISTERIO PÚBLICO,58,FEMENINO,SIN DATOS,2,0,Sahuayo,Los Sauces,junio,jueves,19,-102.716535329819,20.0463768207371
6698,6698,2017,"170649000",2017/06/01,19:50:00,COLISIÓN POR CAMBIO DE CARRIL,ASFALTO,Bueno,Bueno,2,MAZDA,GRIS,2,,,MASCULINO,SIN DATOS,0,0,Morelia,Lomas de Huerta,junio,jueves,20,-101.210196018219,19.6724536621221
6699,6699,2017,,2017/06/01,20:00:00,VOLCADURA,ASFALTO,Bueno,Bueno,1,SEAD,AZUL,1,MINISTERIO PÚBLICO,,,,1,0,Tacámbaro,Sin datos,junio,jueves,20,-101.46800994873,19.2997217353461
6700,6700,2017,"003498197",2017/06/01,20:30:00,COLISIÓN POR CORTE DE CIRCULACIÓN,ASFALTO,Bueno,Bueno,2,HONDA,BLANCO,2,MINISTERIO PÚBLICO,42,MASCULINO,SIN DATOS,1,0,Lázaro Cárdenas,Centro,junio,jueves,21,-102.196433544159,17.9553723989847