fid,id_accidente,anio_origen,folio_c5i,dia_incidente,hora_ocurrencia,tipo_incidente_vial,superficie_ocurrencia,condiciones_climaticas,condiciones_via,numero_vehiculos_involucrados,marca_vehiculo_ocasiona_siniestro,color_vehiculo_ocasiona_siniestro,numero_personas_involucradas,lugar_remite_presunto_responsable,edad_presunto_responsable,sexo_presunto_responsable,resultados_toxicologia,numero_personas_lesionadas,numero_personas_fallecidas,municipio,colonia,mes,dia_semana,hora_redondeada,lon,lat
6701,6701,2017,LEG7096,2017/06/01,20:30:00,COLISIÓN CONTRA OBJETO FIJO,CONCRETO,Bueno,Bueno,1,NISSAN,GRIS,1,,,,SIN DATOS,0,0,Morelia,Agustin Arriaga Rivera,junio,jueves,21,-101.226181983948,19.6899908518785
6702,6702,2017,"170649240",2017/06/01,20:45:00,COLISIÓN POR INVASIÓN DE CARRIL,ASFALTO,Bueno,Bueno,2,FORD,PLATA,2,,54,MASCULINO,SIN DATOS,0,0,Morelia,Fracc Heroes Republicanos,junio,jueves,21,-101.276371479034,19.6925970214787
6703,6703,2017,"170649465",2017/06/01,21:30:00,COLISIÓN POR CORTE DE CIRCULACIÓN,ASFALTO,Bueno,Bueno,2,ITALIKA,NEGRO,2,,24,MASCULINO,SIN DATOS,0,0,Morelia,Vasco de Quiroga,junio,jueves,22,-101.171674132347,19.7050060493067
6704,6704,2017,"170649324",2017/06/01,21:50:00,COLISIÓN POR ALCANCE,ASFALTO,Bueno,Bueno,2,HARON,BLANCO,2,MINISTERIO PÚBLICO,28,,SIN DATOS,0,0,Tarímbaro,Sin datos,junio,jueves,22,-101.113958358765,19.7822516586964
6705,6705,2017,"170649756",2017/06/01,22:25:00,COLISIÓN POR ALCANCE,ADOQUIN_EMPEDRADO,Bueno,Bueno,2,VOLKSWAGEN,NARANJA,2,,22,FEMENINO,SIN DATOS,0,0,Morelia,La Huerta,junio,jueves,22,-101.217161715031,19.6750096047893
6706,6706,2017,"170649871",2017/06/01,23:10:00,COLISIÓN POR CORTE DE CIRCULACIÓN,ASFALTO,Bueno,Bueno,2,NISSAN,NARANJA,1,,24,MASCULINO,SIN DATOS,0,0,Morelia,La Soledad,junio,jueves,23,-101.183524131775,19.7274226867058
6707,6707,2017,"170650065",2017/06/02,"00:45:00",COLISIÓN POR ALCANCE,ASFALTO,Bueno,Bueno,2,NISSAN,BLANCO,2,,42,MASCULINO,SIN DATOS,0,0,Morelia,Trinidad Salgado,junio,viernes,1,-101.231117248535,19.7032283396206
6708,6708,2017,"170650139",2017/06/02,"01:20:00",COLISIÓN POR ALCANCE,ASFALTO,Bueno,Bueno,2,SEAT,GRIS,2,,50,MASCULINO,ALIENTO ETÍLICO,0,0,Morelia,Irrigacion,junio,viernes,1,-101.225152015686,19.7051424069044
6709,6709,2017,"17065116",2017/06/02,"01:40:00",CAIDA DE MOTOCICLETA,CONCRETO,Bueno,Regular,1,VENTO,ROJO,3,,,,SIN DATOS,2,0,Morelia,Ventura Puente,junio,viernes,2,-101.186678409576,19.6901726790412
6710,6710,2017,,2017/06/02,"05:05:00",COLISIÓN POR INVASIÓN DE CARRIL,ASFALTO,Bueno,Bueno,2,GM,CAFE,2,,,,SIN DATOS,0,0,Charo,Sin datos,junio,viernes,5,-101.034436225891,19.7600396130374
6711,6711,2017,"170650385",2017/06/02,"08:15:00",COLISIÓN CONTRA OBJETO FIJO,SIN_DATOS,Bueno,Bueno,2,RENAULT,ROJO,4,MINISTERIO PÚBLICO,,FEMENINO,SIN DATOS,0,2,Morelia,Sin datos,junio,viernes,8,-101.11421585083,19.7372185628216
6712,6712,2017,"170650434",2017/06/02,"08:15:00",COLISIÓN POR ALCANCE,ASFALTO,Bueno,Bueno,2,NISSAN,GRIS,2,,67,MASCULINO,SIN DATOS,0,0,Morelia,Isaac Arriaga,junio,viernes,8,-101.174219548702,19.7064819878653
6713,6713,2017,"170650543",2017/06/02,"08:25:00",COLISIÓN POR CORTE DE CIRCULACIÓN,CONCRETO,Bueno,Bueno,2,DINAMO,BLANCO,1,MINISTERIO PÚBLICO,27,MASCULINO,SIN DATOS,0,0,Morelia,Camelinas,junio,viernes,8,-101.174190044403,19.6820710684498
6714,6714,2017,"170650502",2017/06/02,"08:25:00",COLISIÓN POR CORTE DE CIRCULACIÓN,ASFALTO,Bueno,Bueno,2,KURAZAI,NEGRO,2,,26,MASCULINO,SIN DATOS,0,0,Morelia,Santa Maria de Guido,junio,viernes,8,-101.190519332886,19.6769997769751
6715,6715,2017,,2017/06/02,"09:35:00",COLISIÓN POR ALCANCE,ASFALTO,Bueno,Bueno,2,DODGE,NEGRO,2,,30,MASCULINO,SIN DATOS,0,0,Morelia,Industrial,junio,viernes,10,-101.196838617325,19.70735441392
6716,6716,2017,"170650643",2017/06/02,"09:45:00",SALIDA DE SUPERFICIE DE RODAMIENTO,ASFALTO,Bueno,Bueno,1,V.W.,AZUL,1,,23,MASCULINO,SIN DATOS,0,0,Morelia,Sin datos,junio,viernes,10,-101.09649181366,19.7305533928397
6717,6717,2017,,2017/06/02,10:40:00,COLISIÓN POR CORTE DE CIRCULACIÓN,ASFALTO,Bueno,Bueno,2,CHRYSLER,VERDE,3,MINISTERIO PÚBLICO,33,MASCULINO,SIN DATOS,1,0,Tarímbaro,Sin datos,junio,viernes,11,-101.172669231892,19.7490637010744
6718,6718,2017,"170650919",2017/06/02,11:10:00,COLISIÓN POR CORTE DE CIRCULACIÓN,ASFALTO,Bueno,Bueno,2,DINA,BLANCO Y ROJO,2,,53,MASCULINO,SIN DATOS,0,0,Tarímbaro,Sin datos,junio,viernes,11,-101.172956228256,19.7486042513132
6719,6719,2017,"170652431",2017/06/02,11:10:00,COLISIÓN POR ALCANCE,ASFALTO,Bueno,Bueno,2,FORD,BLANCO/ROSA,2,,36,MASCULINO,SIN DATOS,0,0,Morelia,Cinco de Diciembre,junio,viernes,11,-101.162184476852,19.6882533819099
6720,6720,2017,"17006509651",2017/06/02,11:10:00,COLISIÓN POR CORTE DE CIRCULACIÓN,ASFALTO,Bueno,Bueno,1,V.W.,AZUL,1,,27,MASCULINO,SIN DATOS,0,0,Morelia,Vasco de Quiroga,junio,viernes,11,-101.175295114517,19.7049959487393
6721,6721,2017,"170651823",2017/06/02,13:55:00,COLISIÓN CON PEATÓN,ASFALTO,Bueno,Bueno,1,CHEVROLET,BLANCO Y NEGRO,2,MINISTERIO PÚBLICO,32,MASCULINO,SIN DATOS,1,0,Morelia,Tres Puentes,junio,viernes,14,-101.214551925659,19.7031626851914
6722,6722,2017,,2017/06/02,15:00:00,SALIDA DE SUPERFICIE DE RODAMIENTO,ASFALTO,Bueno,Regular,1,NISSAN,BLANCO,1,MINISTERIO PÚBLICO,29,MASCULINO,SIN DATOS,0,0,Pátzcuaro,Sin datos,junio,viernes,15,-101.651859283447,19.5292963902452
6723,6723,2017,"003499823",2017/06/02,16:43:00,COLISIÓN POR CORTE DE CIRCULACIÓN,ASFALTO,Bueno,Bueno,2,NISSAN,GRIS,2,MINISTERIO PÚBLICO,56,MASCULINO,SIN DATOS,0,0,Lázaro Cárdenas,Segundo Sector de Fidelac,junio,viernes,17,-102.205613404512,17.9615904832076
6724,6724,2017,"170652930",2017/06/02,18:30:00,COLISIÓN POR ALCANCE,CONCRETO,Bueno,Bueno,2,CARGO,AMARILLO,2,,66,MASCULINO,SIN DATOS,0,0,Morelia,Ventura Puente,junio,viernes,19,-101.191871166229,19.6914858690853
6725,6725,2017,"170653515",2017/06/02,19:04:00,COLISIÓN POR CAMBIO DE CARRIL,ASFALTO,Nublado,Regular,2,PONTIAC,NEGRO,2,,70,MASCULINO,SIN DATOS,0,0,Morelia,Centro,junio,viernes,19,-101.19086265564,19.7070880151518
6726,6726,2017,"170653244",2017/06/02,19:45:00,COLISIÓN POR INVASIÓN DE CARRIL,SIN_DATOS,Bueno,Bueno,2,HONDA,ROJO,2,,43,,SIN DATOS,0,0,Morelia,Vasco de Quiroga,junio,viernes,20,-101.168117523193,19.6994859941625
6727,6727,2017,,2017/06/02,20:00:00,VOLCADURA,ASFALTO,Bueno,Bueno,1,FORD,ROJO,0,MINISTERIO PÚBLICO,,,,0,0,Tuxpan,Santa Ana,junio,viernes,20,-100.466537475586,19.5842133291681
6728,6728,2017,"170653731",2017/06/02,20:45:00,VOLCADURA,ASFALTO,Lluvioso,Regular,1,GMC,BLANCO,0,,,,,0,0,Morelia,Sin datos,junio,viernes,21,-101.425180435181,19.631108409336
6729,6729,2017,"070653695",2017/06/02,21:15:00,COLISIÓN POR CORTE DE CIRCULACIÓN,CONCRETO,Lluvioso,Bueno,2,CHEVROLET,GRIS,2,,43,,SIN DATOS,0,0,Morelia,Morelos,junio,viernes,21,-101.206178069115,19.6986274140354
6730,6730,2017,"170654091",2017/06/02,21:50:00,COLISIÓN POR CORTE DE CIRCULACIÓN,CONCRETO,Nublado,Malo,1,CHEVROLET,GRIS,1,,27,FEMENINO,SIN DATOS,0,0,Morelia,Alberto Oviedo Mota,junio,viernes,22,-101.197761297226,19.6839752868357
6731,6731,2017,"170653923",2017/06/02,21:50:00,COLISIÓN CONTRA OBJETO FIJO,CONCRETO,Bueno,Bueno,1,V.W.,BLANCO,1,MINISTERIO PÚBLICO,,,SIN DATOS,0,0,Morelia,Ampliacion La Soledad,junio,viernes,22,-101.18277579546,19.7382082158595
6732,6732,2017,"170654048",2017/06/02,22:30:00,COLISIÓN POR ALCANCE,ASFALTO,Nublado,Regular,2,CHEVROLET,PLATA,2,,40,,CON CERTIFICADO,0,0,Morelia,El Lago 1,junio,viernes,23,-101.21942281723,19.7277660574705
6733,6733,2017,"170654138",2017/06/02,22:40:00,COLISIÓN CON PEATÓN,ASFALTO,Bueno,Bueno,1,SIN DATOS,SIN DATOS,1,,,,,1,0,Morelia,Nueva Valladolid,junio,viernes,23,-101.209573745728,19.6978294354343
6734,6734,2017,"170654937",2017/06/03,"00:00:00",COLISIÓN POR ALCANCE,CONCRETO,Bueno,Bueno,3,VOLKSWAGEN,AZUL,3,MINISTERIO PÚBLICO,0,,SIN DATOS,0,0,Morelia,Sin datos,junio,sábado,0,-101.124032735825,19.7174242144536
6735,6735,2017,"170654269",2017/06/03,"00:00:00",COLISIÓN POR CORTE DE CIRCULACIÓN,ASFALTO,Bueno,Bueno,4,AUDI,GRIS,4,,22,MASCULINO,SIN DATOS,0,0,Morelia,Comision Federal de Electricidad,junio,sábado,0,-101.181421279907,19.6815457628422
6736,6736,2017,"170654332",2017/06/03,"00:25:00",COLISIÓN POR CORTE DE CIRCULACIÓN,ASFALTO,Bueno,Regular,2,CHEVROLET,PLATA,2,,29,MASCULINO,SIN DATOS,0,0,Morelia,Camelinas,junio,sábado,0,-101.171078681946,19.6820710684498
6737,6737,2017,,2017/06/03,"01:40:00",COLISIÓN POR INVASIÓN DE CARRIL,CONCRETO,Bueno,Bueno,2,FORD,ROJO,2,,27,MASCULINO,SIN DATOS,0,0,Morelia,Camelinas,junio,sábado,2,-101.17203488946,19.681964997264
6738,6738,2017,"170659975",2017/06/03,"02:00:00",COLISIÓN CONTRA OBJETO FIJO,ASFALTO,Bueno,Regular,1,RENAULT,NEGRO,1,,,,SIN DATOS,0,0,Morelia,Reforma,junio,sábado,2,-101.241223812103,19.7059908515676
6739,6739,2017,"170654451",2017/06/03,"02:10:00",COLISIÓN POR ALCANCE,ASFALTO,Bueno,Regular,3,NISSAN,ROJO,2,MINISTERIO PÚBLICO,33,MASCULINO,SIN DATOS,0,0,Morelia,Ventura Puente,junio,sábado,2,-101.188102662563,19.690821699313
6740,6740,2017,"170654520",2017/06/03,"03:35:00",COLISIÓN POR ALCANCE,ASFALTO,Bueno,Bueno,3,FORD,BLANCO,3,,22,MASCULINO,SIN DATOS,0,0,Morelia,Matamoros,junio,sábado,4,-101.164523363113,19.696021342617
6741,6741,2017,"170654556",2017/06/03,"04:00:00",COLISIÓN CONTRA OBJETO FIJO,CONCRETO,Nublado,Bueno,1,RENAULT,BEIGE,1,,32,MASCULINO,SIN DATOS,0,0,Morelia,Barrio Alto,junio,sábado,4,-101.196892261505,19.724938276248
6742,6742,2017,"170654626",2017/06/03,"05:45:00",COLISIÓN POR ALCANCE,ASFALTO,Bueno,Regular,1,NISSAN,BLANCO,0,MINISTERIO PÚBLICO,,,,0,0,Morelia,Tinijaro,junio,sábado,6,-101.260750293732,19.6969607453452
6743,6743,2017,"170654625",2017/06/03,"05:50:00",SUBIDA AL CAMELLÓN,CONCRETO,Nublado,Bueno,1,CHEVROLET,BLANCO,1,,40,FEMENINO,SIN DATOS,0,0,Morelia,Camelinas,junio,sábado,6,-101.171033084393,19.6820508644198
6744,6744,2017,"170654737",2017/06/03,"07:35:00",COLISIÓN POR CORTE DE CIRCULACIÓN,ASFALTO,Bueno,Bueno,2,NISSAN,NEGRO,2,,26,MASCULINO,SIN DATOS,0,0,Morelia,Morelos,junio,sábado,8,-101.20779812336,19.7006172927079
6745,6745,2017,"170654725",2017/06/03,"07:40:00",SALIDA DE SUPERFICIE DE RODAMIENTO,ASFALTO,Bueno,Bueno,1,CHEVROLET,ROJO,0,,,,,0,0,Morelia,Felix Ireta,junio,sábado,8,-101.187568902969,19.6899807503634
6746,6746,2017,"170654691",2017/06/03,"07:45:00",VOLCADURA,CONCRETO,Bueno,Bueno,1,KENWORTH,BLANCO,1,,0,,SIN DATOS,0,0,Morelia,Sin datos,junio,sábado,8,-101.277422904968,19.6277534397938
6747,6747,2017,"170655246",2017/06/03,"09:40:00",COLISIÓN POR CAMBIO DE CARRIL,SIN_DATOS,Bueno,Bueno,2,NISSAN,GRIS,2,,0,MASCULINO,SIN DATOS,0,0,Morelia,Ampliacion La Soledad,junio,sábado,10,-101.182987689972,19.737430631846
6748,6748,2017,"170655164",2017/06/03,10:25:00,SUBIDA AL CAMELLÓN,ASFALTO,Bueno,Bueno,1,NISSAN,BLANCO,1,,31,MASCULINO,SIN DATOS,0,0,Morelia,El Lago 1,junio,sábado,10,-101.216676235199,19.7273620917884
6749,6749,2017,"170655433",2017/06/03,11:05:00,CAIDA DE MOTOCICLETA,ASFALTO,Bueno,Bueno,1,SUZUKI,BLANCO,1,,33,MASCULINO,SIN DATOS,0,0,Lagunillas,Sin datos,junio,sábado,11,-101.448097229004,19.6302191471254
6750,6750,2017,"170655612",2017/06/03,11:20:00,COLISIÓN POR CORTE DE CIRCULACIÓN,ASFALTO,Bueno,Bueno,2,ITALIKA,GRIS,2,,0,MASCULINO,SIN DATOS,0,0,Morelia,Diego Rivera,junio,sábado,11,-101.175756454468,19.7181715966342
6751,6751,2017,"170655440",2017/06/03,12:10:00,COLISIÓN POR ALCANCE,CONCRETO,Bueno,Bueno,2,JEEP,PLATA,2,,30,MASCULINO,SIN DATOS,0,0,Morelia,Morelia 450,junio,sábado,12,-101.216654777527,19.6756258536411
6752,6752,2017,,2017/06/03,12:40:00,COLISIÓN POR ALCANCE,ASFALTO,Bueno,Regular,2,HONDA,BLANCO,2,,19,MASCULINO,SIN DATOS,0,0,Morelia,Chapultepec Norte,junio,sábado,13,-101.173396110535,19.6937889763811
6753,6753,2017,"170655713",2017/06/03,13:20:00,COLISIÓN POR ALCANCE,ASFALTO,Bueno,Bueno,2,FREIGHTLINER,BLANCO,2,,24,,SIN DATOS,0,0,Morelia,El Porvenir,junio,sábado,13,-101.203233003616,19.7104754128855
6754,6754,2017,"170656047",2017/06/03,14:45:00,COLISIÓN POR ALCANCE,ASFALTO,Bueno,Bueno,3,KENWORTH,ROJO,10,MINISTERIO PÚBLICO,,,SIN DATOS,9,0,Charo,Sin datos,junio,sábado,15,-101.033234596252,19.7609281542842
6756,6756,2017,,2017/06/03,17:00:00,COLISIÓN POR NO RESPETAR SEMÁFORO,ASFALTO,Bueno,Bueno,2,HONDA,GRIS,2,,32,FEMENINO,SIN DATOS,0,0,Morelia,Gertrudis Bocanegra,junio,sábado,17,-101.212813854218,19.7021930166391
6757,6757,2017,"10022017211669",2017/06/03,17:10:00,COLISIÓN POR CORTE DE CIRCULACIÓN,CONCRETO,Bueno,Bueno,2,JEEP,CAFE,2,MINISTERIO PÚBLICO,56,MASCULINO,SIN DATOS,0,0,Lázaro Cárdenas,Sin datos,junio,sábado,17,-102.293701171875,17.9664867197501
6758,6758,2017,"170656875",2017/06/03,17:20:00,COLISIÓN POR ALCANCE,ASFALTO,Bueno,Bueno,2,CHEVROLET,GRIS,2,,74,MASCULINO,SIN DATOS,0,0,Morelia,Cosmos,junio,sábado,17,-101.217344105244,19.6838540640588
6759,6759,2017,,2017/06/03,18:30:00,COLISIÓN POR ALCANCE,CONCRETO,Bueno,Bueno,2,BAJAJ,AZUL/NEGRO,4,MINISTERIO PÚBLICO,18,MASCULINO,SIN DATOS,2,0,Sahuayo,Santuario,junio,sábado,19,-102.721502780914,20.0635905263669
6760,6760,2017,,2017/06/03,18:40:00,COLISIÓN POR CORTE DE CIRCULACIÓN,ASFALTO,Bueno,Bueno,2,ITALIKA,ROJO,3,,,,SIN DATOS,1,0,Morelia,El Realito,junio,sábado,19,-101.203584372997,19.725667949586
6761,6761,2017,"170657198",2017/06/03,19:00:00,COLISIÓN POR ALCANCE,ASFALTO,Bueno,Bueno,2,JEEP,ROJO,2,MINISTERIO PÚBLICO,26,MASCULINO,SIN DATOS,0,0,Morelia,Villas del Real,junio,sábado,19,-101.198667883873,19.7344868866401
6762,6762,2017,"170657421",2017/06/03,19:20:00,COLISIÓN POR CORTE DE CIRCULACIÓN,ASFALTO,Bueno,Bueno,2,HONDA,BLANCO,2,,,MASCULINO,SIN DATOS,0,0,Morelia,Primo Tapia,junio,sábado,19,-101.21425151825,19.7096471925592
6763,6763,2017,"170657317",2017/06/03,19:30:00,COLISIÓN POR ALCANCE,ASFALTO,Bueno,Bueno,2,DATSUN,BLANCO,2,MINISTERIO PÚBLICO,,,SIN DATOS,0,0,Morelia,Pastor Manuel Sanchez Camarena,junio,sábado,20,-101.198496222496,19.7388242212862
6765,6765,2017,,2017/06/03,21:40:00,SALIDA DE SUPERFICIE DE RODAMIENTO,ASFALTO,Bueno,Regular,2,FORD,NEGRO,2,,26,MASCULINO,SIN DATOS,0,0,Uruapan,Morelos,junio,sábado,22,-102.058471441269,19.4168768894731
6767,6767,2017,,2017/06/03,22:00:00,COLISIÓN POR CORTE DE CIRCULACIÓN,CONCRETO,Bueno,Bueno,2,Italika,Rojo/Negro,3,,25,MASCULINO,SIN DATOS,1,0,Apatzingán,Independencia,junio,sábado,22,-102.354490756989,19.0955985009903
6768,6768,2017,"170658078",2017/06/03,23:40:00,COLISIÓN POR ALCANCE,SIN_DATOS,Bueno,Bueno,2,VOLKSWAGEN,BLANCO,2,,32,MASCULINO,SIN DATOS,0,0,Morelia,Centro,junio,sábado,0,-101.19815826416,19.7058292434073
6771,6771,2017,"170658262",2017/06/04,"01:00:00",COLISIÓN POR CAMBIO DE CARRIL,CONCRETO,Bueno,Bueno,2,MAZDA,BLANCO,2,MINISTERIO PÚBLICO,25,MASCULINO,SIN DATOS,0,0,Morelia,Vasco de Quiroga,junio,domingo,1,-101.167774200439,19.6968395323997
6772,6772,2017,"170658331",2017/06/04,"02:20:00",COLISIÓN POR ALCANCE,ASFALTO,Bueno,Bueno,2,HONDA,VERDE,2,,38,MASCULINO,SIN DATOS,0,0,Morelia,Montaña Monarca,junio,domingo,2,-101.165113449097,19.6721707884915
6773,6773,2017,"170658412",2017/06/04,"03:20:00",COLISIÓN POR CAMBIO DE CARRIL,ASFALTO,Bueno,Bueno,2,BMW,ROJO,2,,42,MASCULINO,SIN DATOS,0,0,Morelia,Lomas de Hidalgo,junio,domingo,3,-101.163182258606,19.6960718482803
6775,6775,2017,"170658578",2017/06/04,"07:00:00",COLISIÓN CONTRA OBJETO FIJO,ASFALTO,Bueno,Bueno,1,CHEVROLET,GRIS,1,,,FEMENINO,SIN DATOS,0,0,Morelia,Rafael Carrillo,junio,domingo,7,-101.236546039581,19.7077685305556
6776,6776,2017,"170658738",2017/06/04,"08:40:00",COLISIÓN CONTRA OBJETO FIJO,CONCRETO,Bueno,Bueno,1,MITSUBISHI,NEGRO,1,,26,MASCULINO,SIN DATOS,0,0,Morelia,Asociacion Zirahuen,junio,domingo,9,-101.250171661377,19.6986981208082
6777,6777,2017,"170658953",2017/06/04,10:15:00,COLISIÓN POR CORTE DE CIRCULACIÓN,SIN_DATOS,Bueno,Bueno,2,V.W.,BLANCO,2,,23,MASCULINO,SIN DATOS,0,0,Morelia,Jardines de Sindurio,junio,domingo,10,-101.256324648857,19.6975769097317
6778,6778,2017,"170659018",2017/06/04,10:15:00,COLISIÓN POR CAMBIO DE CARRIL,ASFALTO,Bueno,Bueno,2,NISSAN,BLANCO Y GRIS,2,,30,MASCULINO,SIN DATOS,0,0,Morelia,Sin datos,junio,domingo,10,-101.261093616486,19.6405059930929
6779,6779,2017,"170659442",2017/06/04,11:25:00,COLISIÓN POR CORTE DE CIRCULACIÓN,ADOQUIN_EMPEDRADO,Bueno,Regular,2,NISSAN,BLANCO Y VERDE,2,,45,MASCULINO,SIN DATOS,0,0,Morelia,Santa Maria de Guido,junio,domingo,11,-101.189306974411,19.6723223279986
6780,6780,2017,"170659347",2017/06/04,12:30:00,COLISIÓN CONTRA OBJETO FIJO,ASFALTO,Bueno,Bueno,1,NISSAN,ORO,0,,,,,0,0,Morelia,Loma Real,junio,domingo,13,-101.197566757645,19.7312212594812
6781,6781,2017,"170660104",2017/06/04,14:45:00,COLISIÓN POR CORTE DE CIRCULACIÓN,ASFALTO,Bueno,Bueno,2,VOLKSWAGEN,BLANCO,2,,20,MASCULINO,SIN DATOS,0,0,Morelia,Felix Arreguin,junio,domingo,15,-101.227962970734,19.7193633609915
6782,6782,2017,"170660816",2017/06/04,17:50:00,COLISIÓN POR INVASIÓN DE CARRIL,ASFALTO,Bueno,Bueno,2,FORD,GRIS,2,,52,MASCULINO,SIN DATOS,0,0,Morelia,Centro,junio,domingo,18,-101.194226145744,19.7030465272892
6783,6783,2017,,2017/06/04,18:33:00,COLISIÓN POR ALCANCE,ASFALTO,Bueno,Bueno,2,FORD,VERDE,2,MINISTERIO PÚBLICO,50,MASCULINO,ALIENTO ETÍLICO,0,0,Apatzingán,Sin datos,junio,domingo,19,-102.317304611206,19.0486507250424
6784,6784,2017,"170661590",2017/06/04,19:05:00,COLISIÓN POR ALCANCE,ASFALTO,Bueno,Bueno,2,FORD,GRIS,2,,17,MASCULINO,SIN DATOS,0,0,Morelia,Felix Ireta,junio,domingo,19,-101.195669174194,19.6817882117982
6785,6785,2017,"170661269",2017/06/04,19:20:00,COLISIÓN POR CORTE DE CIRCULACIÓN,ASFALTO,Bueno,Bueno,1,JEEP,AZUL,0,,,,,0,0,Morelia,Eva Samano,junio,domingo,19,-101.20322227478,19.7303211167497
6786,6786,2017,"170601360",2017/06/04,19:35:00,COLISIÓN CON PEATÓN,CONCRETO,Bueno,Bueno,1,TOYOTA,BLANCO Y GRIS,2,,52,MASCULINO,SIN DATOS,1,0,Morelia,Alberto Oviedo Mota,junio,domingo,20,-101.195969581604,19.6825761683709
6787,6787,2017,,2017/06/04,20:13:00,CAIDA DE MOTOCICLETA,ASFALTO,Bueno,Bueno,1,Italika,Rojo,1,,27,MASCULINO,SIN DATOS,0,0,Apatzingán,Valle Verde,junio,domingo,20,-102.365176677704,19.0904886324159
6788,6788,2017,"1700661781",2017/06/04,20:55:00,COLISIÓN POR CAMBIO DE CARRIL,ASFALTO,Nublado,Bueno,2,V.W.,ROJO,2,,38,MASCULINO,SIN DATOS,0,0,Morelia,Jardines de Torremolinos,junio,domingo,21,-101.227984428406,19.6770603909685
6789,6789,2017,"170661865",2017/06/04,21:50:00,COLISIÓN POR CORTE DE CIRCULACIÓN,ASFALTO,Bueno,Bueno,2,HONDA,PLATA,1,,,,SIN DATOS,0,0,Morelia,Nueva Valladolid,junio,domingo,22,-101.208007335663,19.7011728381726
6791,6791,2017,"170662075",2017/06/04,22:25:00,COLISIÓN CON PEATÓN,ASFALTO,Bueno,Regular,1,NISSAN,BLANCO Y ROJO,1,MINISTERIO PÚBLICO,,,,1,0,Morelia,Enrique Arreguin Robles,junio,domingo,22,-101.178846359253,19.720353124636
6792,6792,2017,"170662335",2017/06/04,22:35:00,SALIDA DE SUPERFICIE DE RODAMIENTO,ASFALTO,Bueno,Bueno,1,HONDA,GRIS,1,,31,MASCULINO,SIN DATOS,0,0,Morelia,Lomas de Morelia (Dr Ignacio Chavez),junio,domingo,23,-101.174265146256,19.716606129953
6793,6793,2017,"170661988",2017/06/04,22:35:00,COLISIÓN POR ALCANCE,ASFALTO,Bueno,Regular,2,CHEVROLET,ROJO,2,,52,MASCULINO,SIN DATOS,0,0,Morelia,Obrera,junio,domingo,23,-101.181968450546,19.7132870373932
6794,6794,2017,,2017/06/05,"00:00:00",COLISIÓN CONTRA OBJETO FIJO,CONCRETO,Bueno,Bueno,1,NISSAN,NARANJA,3,MINISTERIO PÚBLICO,19,FEMENINO,SIN DATOS,2,0,Sahuayo,Rincon de San Andres,junio,lunes,0,-102.749183177948,20.0661099384463
6795,6795,2017,,2017/06/05,"00:00:00",SALIDA DE SUPERFICIE DE RODAMIENTO,TERRACERIA,Bueno,Bueno,1,VOLKSWAGEN,NEGRO,0,MINISTERIO PÚBLICO,,,,0,0,Lázaro Cárdenas,Sin datos,junio,lunes,0,-102.272415161133,17.9643639282772
6796,6796,2017,LEG7190,2017/06/05,"03:25:00",COLISIÓN CONTRA OBJETO FIJO,ASFALTO,Bueno,Bueno,1,CHEVROLET,AZUL,2,,43,MASCULINO,ALIENTO ETÍLICO,1,0,Morelia,Lomas de Guayangareo,junio,lunes,3,-101.162973046303,19.7020061527531
6797,6797,2017,,2017/06/05,"05:15:00",COLISIÓN CON PEATÓN,ASFALTO,Bueno,Bueno,2,SEAT,GRIS,0,MINISTERIO PÚBLICO,,,,0,0,Tuxpan,Tuxpan,junio,lunes,5,-100.462441,19.566022
6798,6798,2017,"170662640",2017/06/05,"05:20:00",COLISIÓN CONTRA OBJETO FIJO,ASFALTO,Bueno,Bueno,1,NISSAN,BLANCO/ROJO,1,,38,,SIN DATOS,0,0,Morelia,Tierra Y Libertad,junio,lunes,5,-101.230516433716,19.7158284408059
6799,6799,2017,"170662882",2017/06/05,"08:30:00",COLISIÓN POR ALCANCE,ASFALTO,Bueno,Bueno,2,KIA,AZUL,2,,39,FEMENINO,SIN DATOS,0,0,Morelia,San Jose Itzicuaro,junio,lunes,9,-101.304443478584,19.6878341639489
6800,6800,2017,"170665353",2017/06/05,"09:30:00",VOLCADURA,ASFALTO,Bueno,Bueno,1,NISSAN,VERDE,1,MINISTERIO PÚBLICO,,,SIN DATOS,0,0,Morelia,Sin datos,junio,lunes,10,-101.290833950043,19.5999610897335
6801,6801,2017,"170663392",2017/06/05,10:20:00,INCENDIO,ASFALTO,Bueno,Bueno,1,JEEP,BLANCO,1,,,FEMENINO,SIN DATOS,0,0,Morelia,Del Empleado,junio,lunes,10,-101.177451610565,19.6907787680923
6802,6802,2017,"170664634",2017/06/05,10:30:00,COLISIÓN POR CORTE DE CIRCULACIÓN,ASFALTO,Nublado,Bueno,2,ISIZU,BLANCO,2,,39,MASCULINO,SIN DATOS,0,0,Morelia,3 de Agosto,junio,lunes,11,-101.173138618469,19.7302302260139
6803,6803,2017,"170663587",2017/06/05,11:25:00,COLISIÓN POR CORTE DE CIRCULACIÓN,ASFALTO,Bueno,Bueno,2,HONDA,AZUL MARINO,2,,35,FEMENINO,SIN DATOS,0,0,Morelia,Las Americas,junio,lunes,11,-101.158998012543,19.688111959106