fid,id_accidente,anio_origen,folio_c5i,dia_incidente,hora_ocurrencia,tipo_incidente_vial,superficie_ocurrencia,condiciones_climaticas,condiciones_via,numero_vehiculos_involucrados,marca_vehiculo_ocasiona_siniestro,color_vehiculo_ocasiona_siniestro,numero_personas_involucradas,lugar_remite_presunto_responsable,edad_presunto_responsable,sexo_presunto_responsable,resultados_toxicologia,numero_personas_lesionadas,numero_personas_fallecidas,municipio,colonia,mes,dia_semana,hora_redondeada,lon,lat
6804,6804,2017,"170664756",2017/06/05,13:50:00,COLISIÓN POR ALCANCE,ASFALTO,Bueno,Bueno,2,KENWORTH,ROJO,2,,44,MASCULINO,SIN DATOS,0,0,Morelia,Indeco El Vivero,junio,lunes,14,-101.230033636093,19.6770199816421
6805,6805,2017,LEG7207,2017/06/05,14:10:00,COLISIÓN POR CAMBIO DE CARRIL,ASFALTO,Bueno,Bueno,2,NISSAN,BLANCO,2,,39,MASCULINO,SIN DATOS,0,0,Morelia,Jardines de Torremolinos,junio,lunes,14,-101.225752830505,19.6769391629588
6806,6806,2017,"170664524",2017/06/05,14:30:00,COLISIÓN POR CORTE DE CIRCULACIÓN,CONCRETO,Bueno,Bueno,2,HONDA,ROJO,2,,35,MASCULINO,SIN DATOS,0,0,Morelia,Felicitas del Rio,junio,lunes,15,-101.199150681496,19.6887180559577
6807,6807,2017,,2017/06/05,15:30:00,COLISIÓN POR CORTE DE CIRCULACIÓN,ASFALTO,Bueno,Bueno,2,CHEVROLET,BLANCO Y ROSA,1,,28,MASCULINO,SIN DATOS,0,0,Morelia,Poblado de Ocolusen,junio,lunes,16,-101.150178909302,19.6917485058015
6808,6808,2017,"170662933",2017/06/05,16:00:00,COLISIÓN CONTRA OBJETO FIJO,CONCRETO,Bueno,Bueno,3,JEEP,BLANCO,3,,42,FEMENINO,SIN DATOS,0,0,Morelia,Cuauhtemoc,junio,lunes,16,-101.178803443909,19.6964556908003
6809,6809,2017,"170665158",2017/06/05,16:30:00,COLISIÓN POR CORTE DE CIRCULACIÓN,ASFALTO,Lluvioso,Regular,2,NISSAN,BLANCO,2,,52,FEMENINO,SIN DATOS,0,0,Morelia,Centro,junio,lunes,17,-101.19845867157,19.7031071314226
6810,6810,2017,"170665722",2017/06/05,17:10:00,COLISIÓN CONTRA OBJETO FIJO,CONCRETO,Bueno,Bueno,2,NISSAN,BLANCO,2,,,,SIN DATOS,0,0,Morelia,Centro,junio,lunes,17,-101.200152486563,19.7012119788031
6811,6811,2017,"170665352",2017/06/05,17:10:00,COLISIÓN POR INVASIÓN DE CARRIL,ASFALTO,Bueno,Bueno,2,NISSAN,BLANCO/ORO Y VERDE,2,,,MASCULINO,SIN DATOS,0,0,Morelia,Santa Cecilia,junio,lunes,17,-101.185993105173,19.6682786997216
6812,6812,2017,,2017/06/05,19:40:00,COLISIÓN CONTRA OBJETO FIJO,ASFALTO,Bueno,Bueno,2,JEEP,NEGRO,1,,,,SIN DATOS,0,0,Cuitzeo,La Cantera,junio,lunes,20,-101.135806292295,19.9698207772292
6813,6813,2017,"170666693",2017/06/05,21:25:00,COLISIÓN POR CORTE DE CIRCULACIÓN,ASFALTO,Bueno,Bueno,2,KENWORTH,CAFE,2,,,,SIN DATOS,0,0,Morelia,Elias Perez Avalos,junio,lunes,21,-101.169254779816,19.7131822494008
6814,6814,2017,,2017/06/05,21:40:00,COLISIÓN POR CORTE DE CIRCULACIÓN,ASFALTO,Bueno,Bueno,2,VOLKSWAGEN,AZUL,1,,,MASCULINO,SIN DATOS,0,0,Cuitzeo,La Concepcion,junio,lunes,22,-101.148939728737,19.9698043911517
6815,6815,2017,"170667121",2017/06/06,"00:10:00",COLISIÓN CONTRA OBJETO FIJO,CONCRETO,Bueno,Bueno,1,NISSAN,GRIS,1,,23,MASCULINO,SIN DATOS,0,0,Morelia,Melchor Ocampo,junio,martes,0,-101.200550794601,19.7060211530795
6816,6816,2017,,2017/06/06,"08:40:00",COLISIÓN POR CORTE DE CIRCULACIÓN,ADOQUIN_EMPEDRADO,Bueno,Bueno,3,NISSAN,BLANCO,3,,28,MASCULINO,SIN DATOS,0,0,Cuitzeo,El Embarcadero,junio,martes,9,-101.140214502811,19.9655225246925
6817,6817,2017,"170668568",2017/06/06,12:05:00,COLISIÓN POR ALCANCE,ASFALTO,Bueno,Bueno,2,FORD,BLANCO Y ROJO,2,,21,MASCULINO,SIN DATOS,0,0,Morelia,Rafael Carrillo,junio,martes,12,-101.237232685089,19.7074453176636
6818,6818,2017,"170668374",2017/06/06,12:15:00,COLISIÓN POR ALCANCE,ASFALTO,Bueno,Bueno,2,V.W.,GRIS,2,,61,MASCULINO,SIN DATOS,0,0,Sin datos,Sin datos,junio,martes,12,-105.180846156278,20.1885243749753
6819,6819,2017,"170668462",2017/06/06,12:20:00,COLISIÓN POR CAMBIO DE CARRIL,CONCRETO,Bueno,Bueno,2,MAZDA,ROJO,2,,23,MASCULINO,SIN DATOS,0,0,Morelia,Villa Universidad,junio,martes,12,-101.20722413063,19.6867179276409
6820,6820,2017,"170668511",2017/06/06,12:50:00,COLISIÓN CONTRA OBJETO FIJO,CONCRETO,Bueno,Bueno,1,V.W.,GUINDA,1,,,,SIN DATOS,0,0,Morelia,Obrera,junio,martes,13,-101.179816648364,19.7085683534004
6821,6821,2017,"170668934",2017/06/06,14:00:00,VOLCADURA,ASFALTO,Bueno,Bueno,1,FORD,BLANCO Y AZUL,1,,44,MASCULINO,SIN DATOS,0,0,Morelia,La Quemada,junio,martes,14,-101.240148246288,19.7010920316794
6822,6822,2017,,2017/06/06,14:20:00,COLISIÓN CONTRA OBJETO FIJO,ASFALTO,Bueno,Regular,1,Italika,Negro/Verde,1,,42,MASCULINO,SIN DATOS,0,0,Apatzingán,Sin datos,junio,martes,14,-102.318334579468,19.0500299421218
6823,6823,2017,"170669248",2017/06/06,15:20:00,COLISIÓN POR ALCANCE,ASFALTO,Bueno,Bueno,2,VENTO,NEGRO,2,,18,MASCULINO,SIN DATOS,0,0,Morelia,Centro,junio,martes,15,-101.183282732964,19.7030263259063
6824,6824,2017,LEG7241,2017/06/06,15:20:00,COLISIÓN POR ALCANCE,ASFALTO,Lluvioso,Regular,2,DODGE,BLANCO,2,,51,MASCULINO,SIN DATOS,0,0,Morelia,San Jose Itzicuaro,junio,martes,15,-101.304395198822,19.6879705361772
6825,6825,2017,"170664849",2017/06/06,15:30:00,COLISIÓN POR CORTE DE CIRCULACIÓN,ASFALTO,Bueno,Bueno,2,FORD,GRIS,2,,64,MASCULINO,SIN DATOS,0,0,Morelia,Centro,junio,martes,16,-101.201682686806,19.7029152182548
6826,6826,2017,"170669537",2017/06/06,15:45:00,COLISIÓN POR CORTE DE CIRCULACIÓN,CONCRETO,Nublado,Regular,2,HONDA,ROJO,3,MINISTERIO PÚBLICO,22,MASCULINO,SIN DATOS,1,0,Morelia,Virrey Antonio de Mendoza,junio,martes,16,-101.159534454346,19.7076069241912
6827,6827,2017,,2017/06/06,15:50:00,COLISIÓN POR CORTE DE CIRCULACIÓN,ASFALTO,Bueno,Bueno,2,INTERNATIONAL,BLANCO,2,MINISTERIO PÚBLICO,,MASCULINO,SIN DATOS,0,0,Juárez,Sin datos,junio,martes,16,-100.448684692383,19.2717718573922
6828,6828,2017,"170669701",2017/06/06,16:20:00,COLISIÓN POR CORTE DE CIRCULACIÓN,ASFALTO,Bueno,Bueno,2,FORD,ROJO,2,,19,MASCULINO,SIN DATOS,0,0,Morelia,Lomas del Valle,junio,martes,16,-101.227898597717,19.6896777046142
6829,6829,2017,"170670015",2017/06/06,17:00:00,COLISIÓN POR CORTE DE CIRCULACIÓN,ASFALTO,Nublado,Regular,2,V.W.,GRIS,2,,28,MASCULINO,SIN DATOS,0,0,Morelia,Loma de Los Piñones,junio,martes,17,-101.205110549927,19.6742115084919
6830,6830,2017,,2017/06/06,17:30:00,COLISIÓN POR CORTE DE CIRCULACIÓN,CONCRETO,Bueno,Bueno,2,FORD,NEGRO,2,,24,MASCULINO,SIN DATOS,0,0,Morelia,Vasco de Quiroga,junio,martes,18,-101.175853013992,19.6982940816859
6831,6831,2017,"170670986",2017/06/06,20:45:00,COLISIÓN POR CORTE DE CIRCULACIÓN,ASFALTO,Bueno,Bueno,2,DODGE,GRIS,2,,46,MASCULINO,SIN DATOS,0,0,Morelia,Indeco Santiaguito,junio,martes,21,-101.177859306335,19.7199289409673
6832,6832,2017,"170621120",2017/06/06,21:40:00,COLISIÓN POR CORTE DE CIRCULACIÓN,CONCRETO,Bueno,Bueno,3,CHEVROLET,ROJO,3,,29,MASCULINO,SIN DATOS,0,0,Morelia,Libertad,junio,martes,22,-101.236910820007,19.6848389964652
6833,6833,2017,"170671715",2017/06/07,"07:15:00",SUBIDA AL CAMELLÓN,ASFALTO,Lluvioso,Bueno,1,DODGE,BLANCO,1,,35,MASCULINO,ALIENTO ETÍLICO,0,0,Morelia,Los Laureles,junio,miércoles,7,-101.232297420502,19.7133438501315
6834,6834,2017,"170671695",2017/06/07,"07:25:00",COLISIÓN POR ALCANCE,ASFALTO,Bueno,Bueno,2,CHEVROLET,GRIS,2,,23,FEMENINO,SIN DATOS,0,0,Morelia,Montaña Monarca,junio,miércoles,7,-101.164898872375,19.6657453815664
6835,6835,2017,"170672504",2017/06/07,"08:30:00",COLISIÓN POR ALCANCE,SIN_DATOS,Lluvioso,Bueno,1,MERCEDES BENZ,BLANCO,1,MINISTERIO PÚBLICO,,MASCULINO,SIN DATOS,0,0,Morelia,San Jose Itzicuaro,junio,miércoles,9,-101.304395198822,19.6879705361772
6836,6836,2017,LEG7256,2017/06/07,"08:30:00",SALIDA DE SUPERFICIE DE RODAMIENTO,ASFALTO,Lluvioso,Bueno,1,MERCEDES BENZ,BLANCO,0,,,,,0,0,Morelia,San Jose Itzicuaro,junio,miércoles,9,-101.30437374115,19.6879301296032
6837,6837,2017,"170180231",2017/06/07,"08:40:00",COLISIÓN POR NO RESPETAR SEMÁFORO,CONCRETO,Bueno,Bueno,2,FORD,BLANCO,2,,,,SIN DATOS,0,0,Morelia,Camelinas,junio,miércoles,9,-101.170434951782,19.6822731086094
6839,6839,2017,"170671997",2017/06/07,"09:45:00",COLISIÓN POR INVASIÓN DE CARRIL,ASFALTO,Lluvioso,Bueno,3,SEAT,NEGRO,3,MINISTERIO PÚBLICO,28,MASCULINO,SIN DATOS,0,0,Morelia,Alberto Oviedo Mota,junio,miércoles,10,-101.201934814453,19.6778736264954
6840,6840,2017,"170675732",2017/06/07,"09:50:00",SUBIDA AL CAMELLÓN,ASFALTO,Lluvioso,Bueno,1,CHEVROLET,AMARILLO,1,,25,MASCULINO,SIN DATOS,0,0,Morelia,Chapultepec Oriente,junio,miércoles,10,-101.159083843231,19.6881927721521
6841,6841,2017,,2017/06/07,10:25:00,COLISIÓN POR ALCANCE,ASFALTO,Lluvioso,Regular,2,DODGE,AZUL,2,,,MASCULINO,SIN DATOS,0,0,Morelia,Felix Ireta,junio,miércoles,10,-101.185884475708,19.681384130001
6842,6842,2017,,2017/06/07,10:30:00,COLISIÓN POR ALCANCE,ASFALTO,Bueno,Bueno,2,TOYOTA,ROJO,2,,43,MASCULINO,SIN DATOS,0,0,Morelia,Felix Ireta,junio,miércoles,11,-101.188545227051,19.6819296401864
6843,6843,2017,,2017/06/07,10:35:00,COLISIÓN POR ALCANCE,ASFALTO,Lluvioso,Regular,2,HONDA,GRIS,2,,36,MASCULINO,SIN DATOS,0,0,Morelia,Felix Ireta,junio,miércoles,11,-101.184639930725,19.6814447423355
6844,6844,2017,"170672095",2017/06/07,11:10:00,SALIDA DE SUPERFICIE DE RODAMIENTO,ASFALTO,Nublado,Bueno,1,TOYOTA,VERDE,1,,,MASCULINO,SIN DATOS,0,0,Morelia,Sin datos,junio,miércoles,11,-101.11451625824,19.7370367891479
6845,6845,2017,"170672565",2017/06/07,12:30:00,COLISIÓN POR ALCANCE,ASFALTO,Bueno,Bueno,1,DODGE,AMARILLO,1,MINISTERIO PÚBLICO,,,SIN DATOS,0,0,Morelia,El Lago 1,junio,miércoles,13,-101.218618154526,19.7274832816003
6847,6847,2017,"170673412",2017/06/07,14:50:00,COLISIÓN POR CORTE DE CIRCULACIÓN,ASFALTO,Bueno,Bueno,2,TOYOTA,BLANCO Y GRIS,2,,42,MASCULINO,SIN DATOS,0,0,Morelia,Victor Manuel Tinoco Rubi,junio,miércoles,15,-101.242725849152,19.7005364859342
6848,6848,2017,,2017/06/07,15:00:00,COLISIÓN POR ALCANCE,ASFALTO,Bueno,Bueno,1,TOYOTA,VERDE,0,MINISTERIO PÚBLICO,,,,0,0,Tacámbaro,Sin datos,junio,miércoles,15,-101.500067710876,19.2220173860059
6849,6849,2017,"170673245",2017/06/07,15:30:00,COLISIÓN POR CORTE DE CIRCULACIÓN,ASFALTO,Bueno,Bueno,2,AUDI,BLANCO,2,,,MASCULINO,SIN DATOS,0,0,Morelia,Nueva Chapultepec,junio,miércoles,16,-101.171690225601,19.6875159616314
6850,6850,2017,"170673704",2017/06/07,15:50:00,COLISIÓN POR CORTE DE CIRCULACIÓN,ASFALTO,Bueno,Bueno,2,NISSAN,NEGRO,2,,54,,SIN DATOS,0,0,Morelia,La Rinconada,junio,miércoles,16,-101.159512996674,19.6918697226022
6851,6851,2017,"170673868",2017/06/07,16:00:00,COLISIÓN POR ALCANCE,ASFALTO,Bueno,Bueno,2,NISSAN,BLANCO,2,,25,MASCULINO,SIN DATOS,0,0,Morelia,Bicentenario,junio,miércoles,16,-101.178545951843,19.7387535322595
6852,6852,2017,,2017/06/07,16:30:00,SALIDA DE SUPERFICIE DE RODAMIENTO,ASFALTO,Bueno,Bueno,1,CHEVROLET,GRIS PLATA,2,MINISTERIO PÚBLICO,21,MASCULINO,SIN DATOS,1,0,Purépero,San Antonio,junio,miércoles,17,-101.994055509567,19.8997118792271
6853,6853,2017,"170674419",2017/06/07,18:40:00,COLISIÓN POR CORTE DE CIRCULACIÓN,ASFALTO,Bueno,Bueno,2,DINA,BLANCO,2,,,MASCULINO,SIN DATOS,0,0,Morelia,El Lago 1,junio,miércoles,19,-101.220967769623,19.7276044713202
6854,6854,2017,"170675023",2017/06/07,22:05:00,COLISIÓN POR CORTE DE CIRCULACIÓN,CONCRETO,Bueno,Bueno,2,CHEVROLET,GRIS,2,,42,FEMENINO,SIN DATOS,0,0,Morelia,Nueva Chapultepec,junio,miércoles,22,-101.172430515289,19.6888695798122
6855,6855,2017,"170675117",2017/06/07,22:30:00,COLISIÓN POR ALCANCE,CONCRETO,Lluvioso,Regular,2,JEEP,NEGRO,2,,29,MASCULINO,ALIENTO ETÍLICO,0,0,Morelia,Chapultepec Norte,junio,miércoles,23,-101.168375015259,19.6950516307917
6856,6856,2017,"170672632",2017/06/07,22:40:00,SUBIDA AL CAMELLÓN,ASFALTO,Lluvioso,Bueno,1,PONTIAC,VERDE,1,,,MASCULINO,SIN DATOS,0,0,Morelia,Cinco de Diciembre,junio,miércoles,23,-101.165843009949,19.6844955335447
6857,6857,2017,"170675214",2017/06/07,23:15:00,COLISIÓN POR CORTE DE CIRCULACIÓN,ASFALTO,Bueno,Bueno,2,CHEVROLET,ROJO,2,,28,FEMENINO,SIN DATOS,0,0,Morelia,Molino de Parras,junio,miércoles,23,-101.205303668976,19.6981728697503
6858,6858,2017,"170675262",2017/06/07,23:25:00,COLISIÓN POR NO RESPETAR SEMÁFORO,ASFALTO,Bueno,Bueno,2,FIAT,NEGRO,2,,20,FEMENINO,CON CERTIFICADO,0,0,Morelia,Cinco de Diciembre,junio,miércoles,23,-101.165885925293,19.6846369595423
6859,6859,2017,,2017/06/07,23:50:00,CAIDA DE MOTOCICLETA,ASFALTO,Bueno,Regular,1,Italika,Azul/Gris,1,,,,SIN DATOS,0,0,Apatzingán,18 de Marzo,junio,miércoles,0,-102.364575862885,19.0951524076376
6860,6860,2017,,2017/06/08,"01:45:00",COLISIÓN POR ALCANCE,ASFALTO,Bueno,Bueno,3,CHEVROLET,NEGRO,6,MINISTERIO PÚBLICO,,MASCULINO,SIN DATOS,3,0,Morelia,San Pascual,junio,jueves,2,-101.26736998558,19.6954051722418
6861,6861,2017,"170675457",2017/06/08,"02:00:00",COLISIÓN CONTRA OBJETO FIJO,ASFALTO,Bueno,Bueno,1,CHEVROLET,ARENA,1,,29,MASCULINO,SIN DATOS,0,0,Morelia,Loma Bonita,junio,jueves,2,-101.196892261505,19.7191664174944
6862,6862,2017,"170675481",2017/06/08,"02:45:00",COLISIÓN POR ALCANCE,CONCRETO,Lluvioso,Bueno,2,GENERAL MOTORS,BLANCO,2,MINISTERIO PÚBLICO,56,MASCULINO,SIN DATOS,0,0,Morelia,Juarez,junio,jueves,3,-101.200207471848,19.6955162851077
6863,6863,2017,"170675523",2017/06/08,"03:30:00",COLISIÓN POR ALCANCE,ASFALTO,Lluvioso,Regular,2,VOLVO,BLANCO,2,,,MASCULINO,SIN DATOS,0,0,Morelia,Los Manantiales de Morelia,junio,jueves,4,-101.241717338562,19.6958900278179
6864,6864,2017,"170675590",2017/06/08,"07:30:00",COLISIÓN CONTRA OBJETO FIJO,ASFALTO,Nublado,Regular,2,FORD,GRIS,2,,41,MASCULINO,SIN DATOS,0,0,Morelia,Popular Pogreso,junio,jueves,8,-101.198659166694,19.7198165826046
6865,6865,2017,"170675768",2017/06/08,"07:50:00",COLISIÓN POR ALCANCE,CONCRETO,Nublado,Bueno,2,CHEVROLET,GRIS,2,,21,MASCULINO,SIN DATOS,0,0,Morelia,Felicitas del Rio,junio,jueves,8,-101.200400590897,19.6903822850976
6866,6866,2017,"170675850",2017/06/08,"09:05:00",COLISIÓN POR CORTE DE CIRCULACIÓN,ASFALTO,Bueno,Bueno,2,CHRYSLER,GRIS,2,,34,,SIN DATOS,0,0,Morelia,Independencia,junio,jueves,9,-101.176990270615,19.7053545184921
6867,6867,2017,"170676225",2017/06/08,10:10:00,COLISIÓN POR CORTE DE CIRCULACIÓN,ASFALTO,Nublado,Bueno,2,FORD,PLATA,2,,,,SIN DATOS,0,0,Morelia,Tzindurio Norte,junio,jueves,10,-101.2442278862,19.7001930566907
6868,6868,2017,"170674323",2017/06/08,11:19:00,COLISIÓN POR CORTE DE CIRCULACIÓN,ASFALTO,Bueno,Bueno,0,,,1,,,,,1,0,Morelia,Centro,junio,jueves,11,-101.192525625229,19.701965749722
6869,6869,2017,"170676697",2017/06/08,11:55:00,COLISIÓN POR ALCANCE,ASFALTO,Bueno,Regular,2,JEEP,PLATA,2,,58,MASCULINO,SIN DATOS,0,0,Morelia,Indeco El Vivero,junio,jueves,12,-101.229765415192,19.6771816188865
6870,6870,2017,"170676652",2017/06/08,12:15:00,COLISIÓN POR ALCANCE,ASFALTO,Bueno,Regular,3,HONDA,BLANCO,3,,25,MASCULINO,SIN DATOS,0,0,Morelia,San Pascual,junio,jueves,12,-101.26736998558,19.6954152734146
6871,6871,2017,"170677375",2017/06/08,13:20:00,COLISIÓN POR ALCANCE,CONCRETO,Bueno,Bueno,4,BMW,BLANCO,4,,30,MASCULINO,SIN DATOS,0,0,Morelia,Comision Federal de Electricidad,junio,jueves,13,-101.180198192596,19.6816871914444
6872,6872,2017,"170677126",2017/06/08,13:45:00,COLISIÓN POR CORTE DE CIRCULACIÓN,ASFALTO,Bueno,Bueno,2,KTM,BLANCO Y NEGRO,2,,20,MASCULINO,SIN DATOS,0,0,Morelia,Loma de Los Piñones,junio,jueves,14,-101.205099821091,19.6742418160188
6873,6873,2017,,2017/06/08,14:50:00,COLISIÓN POR CORTE DE CIRCULACIÓN,CONCRETO,Bueno,Bueno,2,NISSAN,BLANCO,4,MINISTERIO PÚBLICO,25,MASCULINO,SIN DATOS,2,0,Sahuayo,Perpetuo Socorro,junio,jueves,15,-102.71634221077,20.0610811517163
6874,6874,2017,"170677656",2017/06/08,15:00:00,COLISIÓN POR ALCANCE,ASFALTO,Bueno,Regular,2,MAZDA,BLANCO,2,,30,MASCULINO,SIN DATOS,0,0,Morelia,Centro,junio,jueves,15,-101.205689907074,19.7024127076854
6875,6875,2017,"170677645",2017/06/08,15:40:00,COLISIÓN POR CORTE DE CIRCULACIÓN,ASFALTO,Bueno,Bueno,2,CHEVROLET,NEGRO,2,,38,MASCULINO,SIN DATOS,0,0,Morelia,Ventura Puente,junio,jueves,16,-101.191844344139,19.6949960742071
6876,6876,2017,"170677642",2017/06/08,16:05:00,COLISIÓN POR ALCANCE,ASFALTO,Nublado,Regular,3,VOLKSWAGEN,AZUL,3,,38,MASCULINO,SIN DATOS,0,0,Morelia,La Colina,junio,jueves,16,-101.215624809265,19.7093441840511
6877,6877,2017,"170678141",2017/06/08,17:30:00,COLISIÓN POR CORTE DE CIRCULACIÓN,ASFALTO,Bueno,Bueno,2,INTERNATIONAL,BLANCO,2,,48,MASCULINO,SIN DATOS,0,0,Morelia,Tzindurio Norte,junio,jueves,18,-101.244099140167,19.7001930566907
6878,6878,2017,"170679169",2017/06/08,20:50:00,COLISIÓN POR INVASIÓN DE CARRIL,ASFALTO,Lluvioso,Regular,2,NISSAN,BLANCO Y GUINDA,2,,40,MASCULINO,SIN DATOS,0,0,Morelia,Gertrudis Sanchez,junio,jueves,21,-101.201301813126,19.7385768095561
6879,6879,2017,"170679458",2017/06/08,21:10:00,COLISIÓN POR ALCANCE,ASFALTO,Bueno,Bueno,2,FREIGHTLINER,BLANCO,2,MINISTERIO PÚBLICO,28,MASCULINO,SIN DATOS,0,0,Morelia,Elias Perez Avalos,junio,jueves,21,-101.165285110474,19.7105764150709
6880,6880,2017,"170679165",2017/06/08,21:50:00,COLISIÓN CONTRA OBJETO FIJO,ASFALTO,Lluvioso,Bueno,1,BMW,NEGRO,1,,37,MASCULINO,SIN DATOS,0,0,Morelia,Sin datos,junio,jueves,22,-101.104624271393,19.7297050785275
6881,6881,2017,"170679498",2017/06/08,22:00:00,COLISIÓN POR CORTE DE CIRCULACIÓN,ASFALTO,Lluvioso,Bueno,1,YAMAHA,BLANCO,1,,17,MASCULINO,SIN DATOS,0,0,Morelia,Jardines de Guadalupe,junio,jueves,22,-101.221734881401,19.7104703627746
6882,6882,2017,,2017/06/08,23:00:00,COLISIÓN POR CORTE DE CIRCULACIÓN,ASFALTO,Lluvioso,Bueno,2,PETERBILT,CAFE,4,,27,MASCULINO,SIN DATOS,2,0,Sahuayo,Centro,junio,jueves,23,-102.716481685638,20.0555482923222
6884,6884,2017,"170699816",2017/06/09,"00:25:00",COLISIÓN POR CORTE DE CIRCULACIÓN,SIN_DATOS,Bueno,Bueno,2,SIN DATOS,GRIS,2,,,,SIN DATOS,0,0,Morelia,Ciudad Industrial,junio,viernes,0,-101.138519346714,19.7282381910671
6885,6885,2017,"170674903",2017/06/09,"01:30:00",COLISIÓN POR CORTE DE CIRCULACIÓN,ASFALTO,Nublado,Malo,1,DODGE,ROJO,1,,40,MASCULINO,CON CERTIFICADO,0,0,Morelia,Ciudad Industrial,junio,viernes,2,-101.146359443665,19.7288769578301
6886,6886,2017,"170679989",2017/06/09,"06:10:00",COLISIÓN POR NO RESPETAR SEMÁFORO,ASFALTO,Bueno,Bueno,2,VOLKSWAGEN,ROJO,2,MINISTERIO PÚBLICO,23,MASCULINO,SIN DATOS,0,0,Morelia,Nueva Valladolid,junio,viernes,6,-101.21056817472,19.7019543863677
6887,6887,2017,,2017/06/09,"07:00:00",COLISIÓN POR CORTE DE CIRCULACIÓN,ASFALTO,Bueno,Bueno,2,CHEVROLET,ROJO,2,MINISTERIO PÚBLICO,42,MASCULINO,SIN DATOS,0,0,Zacapu,Centro,junio,viernes,7,-101.789456605911,19.8097701064064
6888,6888,2017,"170680049",2017/06/09,"07:10:00",COLISIÓN POR CORTE DE CIRCULACIÓN,CONCRETO,Bueno,Bueno,2,NISSAN,BLANCO,2,MINISTERIO PÚBLICO,35,MASCULINO,SIN DATOS,0,0,Morelia,Nueva Valladolid,junio,viernes,7,-101.210592985153,19.7009809226847
6889,6889,2017,"170680120",2017/06/09,"07:40:00",VOLCADURA,ASFALTO,Bueno,Bueno,1,CHEVROLET,ARENA,1,,57,FEMENINO,SIN DATOS,0,0,Morelia,Sin datos,junio,viernes,8,-101.097414493561,19.7303312157172
6890,6890,2017,,2017/06/09,"09:00:00",COLISIÓN POR ALCANCE,ASFALTO,Bueno,Bueno,2,NISSAN,BLANCO,2,,,MASCULINO,SIN DATOS,0,0,Morelia,Ciudad Industrial,junio,viernes,9,-101.142883300781,19.7253018509229
6891,6891,2017,"170680370",2017/06/09,"09:10:00",COLISIÓN POR ALCANCE,ASFALTO,Bueno,Regular,3,INTERNATIONAL,BLANCO,3,,34,MASCULINO,SIN DATOS,0,0,Morelia,Lomas del Tecnologico,junio,viernes,9,-101.188309192657,19.7213024840059
6892,6892,2017,"170680465",2017/06/09,"09:35:00",COLISIÓN POR CORTE DE CIRCULACIÓN,ASFALTO,Bueno,Bueno,2,BAJAJ,NEGRO,1,,26,MASCULINO,SIN DATOS,0,0,Morelia,Ventura Puente,junio,viernes,10,-101.180176734924,19.688394804589
6893,6893,2017,,2017/06/09,10:23:00,COLISIÓN POR INVASIÓN DE CARRIL,ASFALTO,Bueno,Bueno,2,TOYOTA,BLANCO,0,,,,,0,0,Zinapécuaro,Sin datos,junio,viernes,10,-100.824279785156,19.8220236721869
6894,6894,2017,,2017/06/09,14:00:00,COLISIÓN POR CORTE DE CIRCULACIÓN,CONCRETO,Bueno,Bueno,2,NISSAN,VERDE,2,,57,MASCULINO,SIN DATOS,0,0,Morelia,Cuauhtemoc,junio,viernes,14,-101.184049844742,19.6947081897781
6895,6895,2017,"170681970",2017/06/09,14:10:00,COLISIÓN POR ALCANCE,ASFALTO,Bueno,Bueno,2,VOLKSWAGEN,ORO,2,,49,MASCULINO,SIN DATOS,0,0,Morelia,Cinco de Diciembre,junio,viernes,14,-101.160886287689,19.6880715525677
6896,6896,2017,"170782020",2017/06/09,14:10:00,COLISIÓN POR CAMBIO DE CARRIL,CONCRETO,Bueno,Bueno,2,HONDA,ORO,2,,30,MASCULINO,SIN DATOS,0,0,Morelia,Cinco de Diciembre,junio,viernes,14,-101.160843372345,19.6880715525677
6897,6897,2017,"170681718",2017/06/09,14:40:00,COLISIÓN POR CAMBIO DE CARRIL,ASFALTO,Bueno,Bueno,2,FORD,BLANCO,2,,37,MASCULINO,SIN DATOS,0,0,Morelia,El Lago 1,junio,viernes,15,-101.215624809265,19.7272611002082
6898,6898,2017,"1706817",2017/06/09,14:40:00,CAIDA DE MOTOCICLETA,ASFALTO,Bueno,Bueno,1,ITALIKA,NEGRO Y GRIS,1,,32,MASCULINO,SIN DATOS,0,0,Morelia,El Lago 1,junio,viernes,15,-101.216032505035,19.7272812985294
6899,6899,2017,"170682207",2017/06/09,15:30:00,COLISIÓN POR CORTE DE CIRCULACIÓN,ASFALTO,Bueno,Bueno,2,HONDA,ROJO,2,,,MASCULINO,SIN DATOS,0,0,Morelia,Ignacio Zaragoza,junio,viernes,16,-101.203737258911,19.7253725459024
6900,6900,2017,"170682501",2017/06/09,16:55:00,VOLCADURA,ASFALTO,Bueno,Regular,1,NISSAN,NEGRO,1,,,MASCULINO,SIN DATOS,0,0,Morelia,Sin datos,junio,viernes,17,-101.201891899109,19.6501657316571
6901,6901,2017,"170683467",2017/06/09,19:00:00,COLISIÓN POR ALCANCE,ASFALTO,Bueno,Bueno,2,NISSAN,BLANCO Y GRIS,2,,,MASCULINO,SIN DATOS,0,0,Morelia,Las Americas,junio,viernes,19,-101.156508922577,19.6877482998938