fid,id_accidente,anio_origen,folio_c5i,dia_incidente,hora_ocurrencia,tipo_incidente_vial,superficie_ocurrencia,condiciones_climaticas,condiciones_via,numero_vehiculos_involucrados,marca_vehiculo_ocasiona_siniestro,color_vehiculo_ocasiona_siniestro,numero_personas_involucradas,lugar_remite_presunto_responsable,edad_presunto_responsable,sexo_presunto_responsable,resultados_toxicologia,numero_personas_lesionadas,numero_personas_fallecidas,municipio,colonia,mes,dia_semana,hora_redondeada,lon,lat
6902,6902,2017,"170683784",2017/06/09,20:30:00,COLISIÓN POR ALCANCE,ASFALTO,Bueno,Bueno,2,DODGE,BLANCO,2,,30,MASCULINO,SIN DATOS,0,0,Morelia,El Porvenir,junio,viernes,21,-101.204831600189,19.7145962502565
6903,6903,2017,"170684310",2017/06/09,23:00:00,COLISIÓN POR ALCANCE,ASFALTO,Bueno,Bueno,2,DODGE,AZUL,2,,51,MASCULINO,SIN DATOS,0,0,Morelia,Eva Samano,junio,viernes,23,-101.19851231575,19.7290839884069
6904,6904,2017,"170684955",2017/06/10,"01:20:00",COLISIÓN POR CORTE DE CIRCULACIÓN,CONCRETO,Bueno,Bueno,2,V.W.,BLANCO,2,,23,MASCULINO,SIN DATOS,0,0,Morelia,Colinas del Sur,junio,sábado,1,-101.19856595993,19.6670133085186
6905,6905,2017,"170684704",2017/06/10,"02:30:00",SUBIDA AL CAMELLÓN,ASFALTO,Lluvioso,Regular,1,BMW,BLANCO,1,,28,MASCULINO,SIN DATOS,0,0,Morelia,Francisco J Mujica,junio,sábado,3,-101.18833065033,19.7218680571204
6907,6907,2017,"170684874",2017/06/10,"06:15:00",COLISIÓN POR CORTE DE CIRCULACIÓN,ASFALTO,Lluvioso,Bueno,1,FORD,BLANCO,1,,55,MASCULINO,SIN DATOS,0,0,Morelia,La Quemada,junio,sábado,6,-101.239099502563,19.7014859629482
6908,6908,2017,"170684843",2017/06/10,"06:35:00",COLISIÓN CONTRA OBJETO FIJO,CONCRETO,Bueno,Bueno,1,FORD,PLATA,1,,,MASCULINO,ALIENTO ETÍLICO,0,0,Morelia,Francisco J Mujica,junio,sábado,7,-101.188963651657,19.7242111244167
6909,6909,2017,,2017/06/10,"06:50:00",SUBIDA AL CAMELLÓN,ASFALTO,Lluvioso,Regular,1,VOLKSWAGEN,GRIS,1,,28,MASCULINO,SIN DATOS,0,0,Morelia,Tzindurio Norte,junio,sábado,7,-101.243970394135,19.7001930566907
6910,6910,2017,"170685099",2017/06/10,"08:30:00",COLISIÓN POR CORTE DE CIRCULACIÓN,CONCRETO,Nublado,Bueno,2,V.W.,BLANCO,2,,33,MASCULINO,SIN DATOS,0,0,Morelia,Felix Ireta,junio,sábado,9,-101.189532279968,19.6852834767985
6911,6911,2017,"170685000",2017/06/10,"08:40:00",VOLCADURA,ASFALTO,Nublado,Bueno,1,PEUGEOT,GRIS,1,,19,,SIN DATOS,0,0,Morelia,Sin datos,junio,sábado,9,-101.105289459229,19.729442504137
6912,6912,2017,"170685148",2017/06/10,"08:40:00",COLISIÓN POR CAMBIO DE CARRIL,ASFALTO,Nublado,Regular,2,NISSAN,BLANCO Y NEGRO,2,,40,MASCULINO,SIN DATOS,0,0,Morelia,Lindavista,junio,sábado,9,-101.21618270874,19.7040717441219
6913,6913,2017,"170685415",2017/06/10,"09:10:00",COLISIÓN POR ALCANCE,ASFALTO,Bueno,Bueno,3,FREIGHTLINER,BLANCO Y AZUL,3,,25,MASCULINO,SIN DATOS,0,0,Morelia,Hermanos Lopez Rayon,junio,sábado,9,-101.220109462738,19.6759289259775
6914,6914,2017,"170685750",2017/06/10,"09:10:00",COLISIÓN POR ALCANCE,CONCRETO,Nublado,Regular,2,NISSAN,BLANCO/ORO Y CAFE,2,,64,MASCULINO,SIN DATOS,0,0,Morelia,Reforma,junio,sábado,9,-101.241202354431,19.7059504495428
6915,6915,2017,,2017/06/10,"09:20:00",VOLCADURA,ASFALTO,Bueno,Bueno,1,INTERNATIONAL,BLANCO,1,,28,MASCULINO,SIN DATOS,0,0,Morelia,Bicentenario,junio,sábado,9,-101.17871761322,19.7387535322595
6916,6916,2017,"170685487",2017/06/10,10:40:00,COLISIÓN POR INVASIÓN DE CARRIL,ASFALTO,Bueno,Regular,3,GMC,BLANCO Y ROJO,3,,69,MASCULINO,SIN DATOS,0,0,Morelia,Lomas del Punhuato,junio,sábado,11,-101.145168542862,19.6987587265885
6917,6917,2017,"170685724",2017/06/10,10:57:00,COLISIÓN POR CAMBIO DE CARRIL,ASFALTO,Bueno,Bueno,2,TOYOTA,ROJO,2,,50,FEMENINO,SIN DATOS,0,0,Morelia,Centro,junio,sábado,11,-101.19243979454,19.703102081079
6918,6918,2017,"170685586",2017/06/10,11:00:00,COLISIÓN POR NO RESPETAR SEMÁFORO,CONCRETO,Bueno,Bueno,2,CHEVROLET,ROJO,2,,32,MASCULINO,SIN DATOS,0,0,Morelia,Vasco de Quiroga,junio,sábado,11,-101.1758852005,19.6982536777176
6919,6919,2017,,2017/06/10,11:00:00,COLISIÓN POR ALCANCE,ASFALTO,Bueno,Bueno,2,HONDA,GRIS,2,,,FEMENINO,SIN DATOS,0,0,Morelia,Eduardo Ruiz,junio,sábado,11,-101.219390630722,19.7202723278335
6920,6920,2017,LEG7335,2017/06/10,11:30:00,COLISIÓN POR CORTE DE CIRCULACIÓN,ASFALTO,Bueno,Bueno,2,SIN DATOS,SIN DATO,2,,,,SIN DATOS,0,0,Morelia,Isaac Arriaga,junio,sábado,12,-101.1714220047,19.7078190325109
6921,6921,2017,"170686262",2017/06/10,14:00:00,COLISIÓN POR ALCANCE,ASFALTO,Bueno,Bueno,2,SIN DATOS,SIN DATOS,2,,,,SIN DATOS,0,0,Morelia,Los Angeles,junio,sábado,14,-101.17572426796,19.7434189408874
6922,6922,2017,"170687261",2017/06/10,15:25:00,COLISIÓN POR ALCANCE,ASFALTO,Nublado,Regular,2,FORD,BLANCO,2,,45,FEMENINO,SIN DATOS,0,0,Morelia,Morelia 450,junio,sábado,15,-101.21754527092,19.6757571850573
6923,6923,2017,"170687721",2017/06/10,18:40:00,COLISIÓN POR CORTE DE CIRCULACIÓN,ASFALTO,Bueno,Bueno,2,ITALIKA,ROJO,2,MINISTERIO PÚBLICO,60,MASCULINO,SIN DATOS,1,0,Morelia,Ignacio Zaragoza,junio,sábado,19,-101.205335855484,19.7255846306536
6924,6924,2017,,2017/06/10,18:50:00,VOLCADURA,ASFALTO,Bueno,Bueno,1,JEEP,VERDE,1,,32,MASCULINO,SIN DATOS,0,0,Hidalgo,Sin Nombre,junio,sábado,19,-100.523614883423,19.6872836230319
6925,6925,2017,"170687899",2017/06/10,19:05:00,COLISIÓN CONTRA OBJETO FIJO,CONCRETO,Bueno,Bueno,1,APRISSA,NEGRO,1,,,,SIN DATOS,0,0,Morelia,Los Laureles,junio,sábado,19,-101.232412755489,19.7133539501717
6926,6926,2017,"170688558",2017/06/10,21:30:00,COLISIÓN CONTRA OBJETO FIJO,ASFALTO,Nublado,Bueno,1,CHRYSLER,BEIGE,1,,64,MASCULINO,ALIENTO ETÍLICO,0,0,Morelia,Nicolaitas Ilustres,junio,sábado,22,-101.228156089783,19.7194441582534
6927,6927,2017,,2017/06/10,21:30:00,VOLCADURA,ASFALTO,Bueno,Bueno,1,CHEVROLET,GRIS,1,,37,,SIN DATOS,0,0,Cuitzeo,Sin datos,junio,sábado,22,-101.192278862,19.9645557168543
6928,6928,2017,"170688607",2017/06/10,22:00:00,COLISIÓN CONTRA OBJETO FIJO,CONCRETO,Nublado,Bueno,2,MERCEDES BENZ,AMARILLO,2,,18,MASCULINO,SIN DATOS,0,0,Morelia,Jacarandas,junio,sábado,22,-101.209359169006,19.7083947536752
6929,6929,2017,"170688804",2017/06/10,22:30:00,COLISIÓN POR CORTE DE CIRCULACIÓN,ASFALTO,Nublado,Regular,2,CHEVROLET,PLATA,2,,26,MASCULINO,SIN DATOS,0,0,Morelia,Tinijaro,junio,sábado,23,-101.25754237175,19.6938016029745
6930,6930,2017,"170689062",2017/06/10,23:55:00,COLISIÓN CONTRA OBJETO FIJO,ASFALTO,Nublado,Regular,1,CHEVROLET,GRIS,1,,60,MASCULINO,CON CERTIFICADO,0,0,Morelia,Ana Maria Gallaga (Riviera Norte),junio,sábado,0,-101.220806837082,19.6771866700477
6931,6931,2017,"003519811",2017/06/11,"01:10:00",COLISIÓN CONTRA OBJETO FIJO,ASFALTO,Bueno,Bueno,1,FORD,NEGRO,0,MINISTERIO PÚBLICO,,,,0,0,Lázaro Cárdenas,Solidaridad Nacional,junio,domingo,1,-102.212462425232,17.9694055163826
6932,6932,2017,"170689287",2017/06/11,"01:40:00",COLISIÓN CONTRA OBJETO FIJO,CONCRETO,Bueno,Bueno,1,CHEVROLET,AZUL,1,,54,MASCULINO,SIN DATOS,0,0,Morelia,Victor Manuel Tinoco Rubi,junio,domingo,2,-101.242790222168,19.700637494395
6933,6933,2017,"170689214",2017/06/11,"01:42:00",CAIDA DE MOTOCICLETA,ASFALTO,Lluvioso,Malo,1,BAJAJ,NEGRO,2,MINISTERIO PÚBLICO,26,MASCULINO,SIN DATOS,1,0,Morelia,Centro,junio,domingo,2,-101.202959418297,19.7009253681584
6934,6934,2017,"170689346",2017/06/11,"02:30:00",SALIDA DE SUPERFICIE DE RODAMIENTO,ASFALTO,Lluvioso,Bueno,1,SEAT,ROJO,3,MINISTERIO PÚBLICO,,,,3,0,Morelia,Sentimientos de La Nacion,junio,domingo,3,-101.233273744583,19.6783029727795
6935,6935,2017,,2017/06/11,"02:45:00",SUBIDA AL CAMELLÓN,CONCRETO,Bueno,Bueno,1,CHEVROLET,BLANCO,0,MINISTERIO PÚBLICO,,,,0,0,Sahuayo,Perpetuo Socorro,junio,domingo,3,-102.721438407898,20.063459515832
6936,6936,2017,"170089431",2017/06/11,"03:40:00",COLISIÓN CONTRA OBJETO FIJO,ASFALTO,Nublado,Bueno,1,PEUGEOT,NEGRO,1,,27,MASCULINO,SIN DATOS,0,0,Morelia,Elias Perez Avalos,junio,domingo,4,-101.167894899845,19.7121419407876
6937,6937,2017,"170689461",2017/06/11,"03:55:00",COLISIÓN CONTRA OBJETO FIJO,CONCRETO,Nublado,Bueno,1,FORD,ROJO,1,MINISTERIO PÚBLICO,,,SIN DATOS,0,0,Morelia,Montaña Monarca,junio,domingo,4,-101.165370941162,19.6717868877656
6938,6938,2017,"170689503",2017/06/11,"05:00:00",COLISIÓN POR CAMBIO DE CARRIL,ASFALTO,Bueno,Bueno,2,NISSAN,BLANCO Y ROJO,2,,,,SIN DATOS,0,0,Morelia,Irrigacion,junio,domingo,5,-101.224873065948,19.7048191887063
6939,6939,2017,"170689420",2017/06/11,"07:00:00",COLISIÓN POR ALCANCE,ASFALTO,Lluvioso,Bueno,2,CHEVROLET,BLANCO,2,,24,MASCULINO,SIN DATOS,0,0,Morelia,Sin datos,junio,domingo,7,-101.302378177643,19.5882363310602
6940,6940,2017,"170680253",2017/06/11,"07:40:00",COLISIÓN POR CORTE DE CIRCULACIÓN,ASFALTO,Bueno,Bueno,2,NISSAN,ROJO,2,,,FEMENINO,SIN DATOS,0,0,Morelia,San Jose Itzicuaro,junio,domingo,8,-101.304395198822,19.6879099263123
6941,6941,2017,"170439671",2017/06/11,"07:40:00",COLISIÓN POR CORTE DE CIRCULACIÓN,ASFALTO,Bueno,Bueno,2,SEAT,ROJO,2,,30,FEMENINO,SIN DATOS,0,0,Morelia,Nueva Valladolid,junio,domingo,8,-101.209090948105,19.6986779188763
6942,6942,2017,,2017/06/11,10:50:00,COLISIÓN POR CORTE DE CIRCULACIÓN,CONCRETO,Bueno,Bueno,2,Italika,Rojo/Negro,3,MINISTERIO PÚBLICO,,,SIN DATOS,1,0,Apatzingán,La Pradera,junio,domingo,11,-102.355912327766,19.1107598906278
6943,6943,2017,"170690373",2017/06/11,11:00:00,COLISIÓN POR CORTE DE CIRCULACIÓN,ASFALTO,Bueno,Bueno,2,JEEP,GRIS,2,,28,MASCULINO,SIN DATOS,0,0,Tarímbaro,Sin datos,junio,domingo,11,-101.132926940918,19.7767998977796
6944,6944,2017,"17090331",2017/06/11,11:40:00,COLISIÓN POR ALCANCE,ASFALTO,Bueno,Bueno,2,JEEP,BLANCO,2,,42,MASCULINO,SIN DATOS,0,0,Morelia,Lomas de Huerta,junio,domingo,12,-101.214283704758,19.6744034560657
6945,6945,2017,"170690702",2017/06/11,13:00:00,SUBIDA AL CAMELLÓN,CONCRETO,Bueno,Bueno,1,MAZDA,ROJO,1,,30,MASCULINO,SIN DATOS,0,0,Morelia,Lazaro Cardenas,junio,domingo,13,-101.164244413376,19.7087078643157
6946,6946,2017,,2017/06/11,13:00:00,COLISIÓN POR CORTE DE CIRCULACIÓN,ASFALTO,Bueno,Bueno,2,MAZDA,Blanco,2,,23,FEMENINO,SIN DATOS,0,0,Apatzingán,Timapa,junio,domingo,13,-102.351020279334,19.1146486374153
6947,6947,2017,,2017/06/11,14:10:00,COLISIÓN POR ALCANCE,CONCRETO,Bueno,Bueno,2,VOLKSWAGEN,NARANJA,2,,19,MASCULINO,SIN DATOS,0,0,Morelia,Felix Ireta,junio,domingo,14,-101.190809011459,19.6854956147045
6948,6948,2017,"170691236",2017/06/11,15:45:00,COLISIÓN CONTRA OBJETO FIJO,CONCRETO,Bueno,Bueno,1,VOLKSWAGEN,BLANCO,1,,,MASCULINO,SIN DATOS,0,0,Morelia,Bosques Tres Marias,junio,domingo,16,-101.103926897049,19.7248574817634
6949,6949,2017,"170691595",2017/06/11,16:15:00,COLISIÓN POR CORTE DE CIRCULACIÓN,ASFALTO,Bueno,Regular,2,YAMAHA,BLANCO,2,,20,MASCULINO,SIN DATOS,0,0,Morelia,Prados Verdes,junio,domingo,16,-101.197139024734,19.716727327921
6950,6950,2017,,2017/06/11,17:35:00,CAIDA DE MOTOCICLETA,CONCRETO,Bueno,Bueno,1,HONDA,AMARLLA,2,MINISTERIO PÚBLICO,24,MASCULINO,SIN DATOS,1,0,Sahuayo,Rincon de San Andres,junio,domingo,18,-102.750277519226,20.0664525753633
6951,6951,2017,,2017/06/11,22:05:00,COLISIÓN CONTRA OBJETO FIJO,ASFALTO,Nublado,Bueno,1,PONTIAC,BLANCO,1,,,,SIN DATOS,0,0,Morelia,Bicentenario,junio,domingo,22,-101.178631782532,19.7387737291275
6952,6952,2017,"170692479",2017/06/12,"00:20:00",COLISIÓN CONTRA OBJETO FIJO,ASFALTO,Bueno,Bueno,1,FORD,ROJO,1,,53,,SIN DATOS,0,0,Morelia,La Quemada,junio,lunes,0,-101.240172386169,19.7011627373632
6953,6953,2017,,2017/06/12,"01:45:00",COLISIÓN CONTRA OBJETO FIJO,ASFALTO,Bueno,Bueno,1,CHEVROLET,GUINDA,1,MINISTERIO PÚBLICO,56,MASCULINO,SIN DATOS,0,0,Jungapeo,Sin datos,junio,lunes,2,-100.444993972778,19.4849609980822
6954,6954,2017,"170692594",2017/06/12,"06:30:00",VOLCADURA,ASFALTO,Lluvioso,Regular,1,DODGE,AZUL,9,MINISTERIO PÚBLICO,,,,3,6,Morelia,Los Sauces,junio,lunes,7,-101.18639897,19.6584624049992
6955,6955,2017,"170692763",2017/06/12,"08:20:00",COLISIÓN POR CORTE DE CIRCULACIÓN,ASFALTO,Bueno,Bueno,2,CHEVROLET,GRIS,2,,,MASCULINO,SIN DATOS,0,0,Morelia,Alberto Oviedo Mota,junio,lunes,8,-101.19775056839,19.6812224969966
6956,6956,2017,,2017/06/12,"08:56:00",COLISIÓN POR CORTE DE CIRCULACIÓN,ASFALTO,Bueno,Regular,2,NISSAN,GRIS,4,MINISTERIO PÚBLICO,44,MASCULINO,SIN DATOS,2,0,Hidalgo,Sin datos,junio,lunes,9,-100.536897182465,19.7098693984336
6957,6957,2017,"170693078",2017/06/12,"09:50:00",COLISIÓN CONTRA OBJETO FIJO,CONCRETO,Bueno,Bueno,1,V.W.,ROJO,1,MINISTERIO PÚBLICO,,,SIN DATOS,0,0,Morelia,Vasco de Quiroga,junio,lunes,10,-101.170075535774,19.7041525491102
6958,6958,2017,"170693308",2017/06/12,10:40:00,COLISIÓN POR CORTE DE CIRCULACIÓN,ASFALTO,Bueno,Bueno,2,VOLKSWAGEN,AZUL,2,,48,FEMENINO,SIN DATOS,0,0,Morelia,Alberto Oviedo Mota,junio,lunes,11,-101.201988458633,19.6779291890205
6959,6959,2017,"170693551",2017/06/12,11:00:00,COLISIÓN POR CORTE DE CIRCULACIÓN,ASFALTO,Bueno,Bueno,1,DODGE,AZUL,0,,,,,0,0,Morelia,Sin datos,junio,lunes,11,-101.322612762451,19.6872836230319
6960,6960,2017,"170693353",2017/06/12,11:30:00,COLISIÓN POR ALCANCE,CONCRETO,Bueno,Bueno,2,FORD,BLANCO,2,MINISTERIO PÚBLICO,26,MASCULINO,SIN DATOS,0,0,Morelia,Centro,junio,lunes,12,-101.200148463249,19.7046727302453
6961,6961,2017,"170694534",2017/06/12,15:00:00,COLISIÓN POR CORTE DE CIRCULACIÓN,SIN_DATOS,Bueno,Bueno,1,HONDA,BLANCO,2,,26,MASCULINO,SIN DATOS,1,0,Morelia,Quinceo,junio,lunes,15,-101.222040653229,19.7277660574705
6962,6962,2017,"170694624",2017/06/12,15:10:00,COLISIÓN POR ALCANCE,ASFALTO,Bueno,Bueno,2,V.W.,PLATA,2,,19,MASCULINO,SIN DATOS,0,0,Morelia,Lomas de Hidalgo,junio,lunes,15,-101.161133050919,19.6957991175092
6963,6963,2017,,2017/06/12,15:20:00,COLISIÓN POR CORTE DE CIRCULACIÓN,ASFALTO,Bueno,Bueno,2,FORD LOBO,GRIS,2,,56,MASCULINO,SIN DATOS,0,0,Jacona,Revolucion,junio,lunes,15,-102.320351600647,19.9377297941988
6964,6964,2017,"170694754",2017/06/12,15:40:00,COLISIÓN POR CAMBIO DE CARRIL,ASFALTO,Bueno,Bueno,2,VOLVO,VERDE,2,,31,MASCULINO,SIN DATOS,0,0,Morelia,Lomas del Tecnologico,junio,lunes,16,-101.18833065033,19.7213428821518
6965,6965,2017,"170694903",2017/06/12,15:40:00,COLISIÓN POR CORTE DE CIRCULACIÓN,ASFALTO,Bueno,Bueno,2,KENWORTH,ROJO,2,,,MASCULINO,SIN DATOS,0,0,Morelia,Indeco El Vivero,junio,lunes,16,-101.231052875519,19.6774240744473
6966,6966,2017,"170694810",2017/06/12,15:50:00,COLISIÓN CONTRA OBJETO FIJO,ASFALTO,Bueno,Bueno,2,HONDA,BLANCO,2,,53,MASCULINO,SIN DATOS,0,0,Morelia,Pascual Ortiz de Ayala,junio,lunes,16,-101.150833368301,19.6948445561511
6967,6967,2017,"170694931",2017/06/12,15:50:00,COLISIÓN POR CAMBIO DE CARRIL,ASFALTO,Bueno,Bueno,2,FORD,AZUL,2,,53,FEMENINO,SIN DATOS,0,0,Morelia,Los Manantiales de Morelia,junio,lunes,16,-101.243047714233,19.7001728549475
6968,6968,2017,"170609580",2017/06/12,22:00:00,COLISIÓN POR CORTE DE CIRCULACIÓN,ASFALTO,Bueno,Bueno,2,SIN DATOS,SIN DATO,2,,,,SIN DATOS,0,0,Morelia,Enrique Arreguin Robles,junio,lunes,22,-101.182773113251,19.7192623643566
6969,6969,2017,"170697321",2017/06/13,"08:20:00",COLISIÓN POR CORTE DE CIRCULACIÓN,CONCRETO,Bueno,Bueno,2,CHEVROLET,NEGRO,2,MINISTERIO PÚBLICO,43,FEMENINO,SIN DATOS,0,0,Morelia,Tzindurio Norte,junio,martes,8,-101.247859597206,19.7034480292452
6970,6970,2017,"170697474",2017/06/13,"08:30:00",COLISIÓN POR ALCANCE,ASFALTO,Bueno,Bueno,2,FORD,BLANCO,2,,54,MASCULINO,SIN DATOS,0,0,Morelia,Loma de Los Piñones,junio,martes,9,-101.205110549927,19.6742216110015
6971,6971,2017,"170697352",2017/06/13,"08:30:00",COLISIÓN CONTRA OBJETO FIJO,CONCRETO,Bueno,Regular,2,NISSAN,BLANCO Y NARANJA,2,,,,SIN DATOS,0,0,Morelia,Torrecillas,junio,martes,9,-101.182499527931,19.6700517460406
6972,6972,2017,,2017/06/13,10:15:00,COLISIÓN POR ALCANCE,ASFALTO,Bueno,Bueno,2,VOLKSWAGEN,PLATA,2,,28,FEMENINO,SIN DATOS,0,0,Morelia,Ana Maria Gallaga (Riviera Norte),junio,martes,10,-101.219562292099,19.6771008002847
6973,6973,2017,"170697729",2017/06/13,10:45:00,COLISIÓN POR CORTE DE CIRCULACIÓN,CONCRETO,Bueno,Bueno,1,FORD,BLANCO Y ROJO,1,,,,SIN DATOS,0,0,Morelia,Nueva Esperanza,junio,martes,11,-101.250665187836,19.6867179276409
6974,6974,2017,"170698315",2017/06/13,11:35:00,COLISIÓN POR CORTE DE CIRCULACIÓN,CONCRETO,Bueno,Bueno,2,NISSAN,AZUL,2,,25,MASCULINO,SIN DATOS,0,0,Morelia,Chapultepec Norte,junio,martes,12,-101.175718903542,19.6967789258926
6975,6975,2017,"170698272",2017/06/13,12:20:00,COLISIÓN POR NO RESPETAR SEMÁFORO,ASFALTO,Bueno,Bueno,2,CHEVROLET,NEGRO,2,,28,FEMENINO,SIN DATOS,0,0,Morelia,Rinconada del Valle,junio,martes,12,-101.21830701828,19.6796566688246
6976,6976,2017,"170699008",2017/06/13,13:55:00,COLISIÓN POR ALCANCE,ASFALTO,Bueno,Bueno,2,INTERNATIONAL,NARANJA,2,,35,MASCULINO,SIN DATOS,0,0,Morelia,La Esperanza,junio,martes,14,-101.252381801605,19.698374889592
6977,6977,2017,"170699916",2017/06/13,18:20:00,COLISIÓN POR CAMBIO DE CARRIL,ASFALTO,Bueno,Bueno,2,HYUNDAY,SIN DATO,2,MINISTERIO PÚBLICO,42,,ALIENTO ETÍLICO,0,0,Morelia,El Porvenir,junio,martes,18,-101.20458483696,19.7103996612046
6978,6978,2017,"170700103",2017/06/13,18:35:00,VOLCADURA,CONCRETO,Bueno,Bueno,1,FORD,NEGRO Y ROJO,1,,,,SIN DATOS,0,0,Morelia,Valle de Altozano,junio,martes,19,-101.164491176605,19.6651594039694
6979,6979,2017,,2017/06/13,19:35:00,COLISIÓN POR MANIOBRA DE REVERSA,ASFALTO,Bueno,Bueno,2,SIN DATOS,SIN DATOS,3,,,,SIN DATOS,1,0,Morelia,Bicentenario,junio,martes,20,-101.178567409515,19.7387535322595
6980,6980,2017,"170700669",2017/06/13,19:40:00,COLISIÓN POR CAMBIO DE CARRIL,ASFALTO,Bueno,Regular,2,NISSAN,NEGRO,2,,29,FEMENINO,SIN DATOS,0,0,Morelia,Felix Ireta,junio,martes,20,-101.193255186081,19.6821720885614
6981,6981,2017,"170700670",2017/06/13,20:00:00,COLISIÓN POR ALCANCE,ASFALTO,Bueno,Bueno,2,VOLKSWAGEN,CAFE,2,,33,MASCULINO,SIN DATOS,0,0,Morelia,Comision Federal de Electricidad,junio,martes,20,-101.178975105286,19.6817882117982
6982,6982,2017,,2017/06/13,21:15:00,COLISIÓN CONTRA OBJETO FIJO,ASFALTO,Bueno,Bueno,1,SIN DATO,CAFE,0,,,,,0,0,Sin datos,Sin datos,junio,martes,21,-101.156702041626,20.0870497251862
6983,6983,2017,"170701604",2017/06/14,"01:05:00",VOLCADURA,ASFALTO,Bueno,Bueno,1,NISSAN,GRIS,1,MINISTERIO PÚBLICO,,,,0,1,Morelia,Lomas del Pedregal,junio,miércoles,1,-101.285104751587,19.6905565357066
6984,6984,2017,"170701998",2017/06/14,"08:50:00",COLISIÓN POR CORTE DE CIRCULACIÓN,ASFALTO,Bueno,Bueno,2,JEEP,ROJO,2,,64,MASCULINO,SIN DATOS,0,0,Morelia,Terrazas Tres Marias,junio,miércoles,9,-101.118260622025,19.700920317746
6985,6985,2017,"170702377",2017/06/14,10:35:00,COLISIÓN POR INVASIÓN DE CARRIL,ASFALTO,Bueno,Bueno,2,NISSAN,BLANCO Y VERDE,2,,29,MASCULINO,SIN DATOS,0,0,Morelia,Ventura Puente,junio,miércoles,11,-101.193472445011,19.6936904889183
6986,6986,2017,"170702620",2017/06/14,11:40:00,COLISIÓN POR ALCANCE,ASFALTO,Bueno,Regular,2,TOYOTA,BLANCO,2,,,,SIN DATOS,0,0,Morelia,Cinco de Diciembre,junio,miércoles,12,-101.160886287689,19.6880715525677
6987,6987,2017,"170702783",2017/06/14,12:20:00,COLISIÓN POR CAMBIO DE CARRIL,ASFALTO,Bueno,Bueno,2,INTERNATIONAL,BLANCO Y NARANJA,2,,36,MASCULINO,SIN DATOS,0,0,Morelia,San Pascual,junio,miércoles,12,-101.264548301697,19.6962233651744
6988,6988,2017,"17070343428",2017/06/14,13:15:00,COLISIÓN POR CORTE DE CIRCULACIÓN,ASFALTO,Bueno,Regular,2,NISSAN,BLANCO,2,,,MASCULINO,SIN DATOS,0,0,Morelia,Sentimientos de La Nacion,junio,miércoles,13,-101.235344409943,19.6813639258843
6989,6989,2017,,2017/06/14,14:00:00,COLISIÓN POR ALCANCE,ASFALTO,Bueno,Bueno,2,NISSAN,BLANCO,2,,32,FEMENINO,SIN DATOS,0,0,Morelia,Rinconada del Valle,junio,miércoles,14,-101.218864917755,19.6786161422846
6990,6990,2017,"170703454",2017/06/14,14:55:00,COLISIÓN POR CORTE DE CIRCULACIÓN,CONCRETO,Bueno,Bueno,2,TOYOTA,GRIS,2,,65,FEMENINO,SIN DATOS,0,0,Morelia,Cuauhtemoc,junio,miércoles,15,-101.182960867882,19.694329393688
6991,6991,2017,,2017/06/14,15:30:00,COLISIÓN POR INVASIÓN DE CARRIL,ASFALTO,Bueno,Bueno,2,DINA,BLANCO,3,MINISTERIO PÚBLICO,30,MASCULINO,SIN DATOS,1,0,Morelia,Gertrudis Bocanegra,junio,miércoles,16,-101.210668087006,19.7021425129076
6992,6992,2017,"170704136",2017/06/14,15:35:00,COLISIÓN POR INVASIÓN DE CARRIL,ASFALTO,Nublado,Bueno,2,NISSAN,ROJO,2,,34,MASCULINO,SIN DATOS,0,0,Hidalgo,Sin datos,junio,miércoles,16,-100.634336471558,19.6852632731737
6993,6993,2017,"170703787",2017/06/14,16:00:00,COLISIÓN POR ALCANCE,CONCRETO,Bueno,Bueno,2,GMC,MARRON,2,,62,MASCULINO,SIN DATOS,0,0,Morelia,Elias Perez Avalos,junio,miércoles,16,-101.168825626373,19.7129398479986
6994,6994,2017,"170704111",2017/06/14,16:36:00,COLISIÓN POR ALCANCE,ASFALTO,Bueno,Bueno,2,NISSAN,BLANCO Y ROJO,2,,35,MASCULINO,SIN DATOS,0,0,Morelia,Elias Perez Avalos,junio,miércoles,17,-101.167205572128,19.7115864334166
6995,6995,2017,"170704085",2017/06/14,17:15:00,COLISIÓN POR ALCANCE,ASFALTO,Bueno,Bueno,2,HONDA,ACERO,2,,16,MASCULINO,SIN DATOS,0,0,Morelia,Cinco de Diciembre,junio,miércoles,17,-101.160757541656,19.6881523656342
6996,6996,2017,"170704636",2017/06/14,20:00:00,COLISIÓN POR CAMBIO DE CARRIL,ASFALTO,Bueno,Bueno,2,FORD,GRIS,2,,42,MASCULINO,SIN DATOS,0,0,Morelia,Centro,junio,miércoles,20,-101.194220781326,19.7030465272892
6997,6997,2017,"170704732",2017/06/14,20:00:00,COLISIÓN POR CORTE DE CIRCULACIÓN,ASFALTO,Bueno,Bueno,2,TOYOTA,BLANCO Y GRIS,2,,45,MASCULINO,SIN DATOS,0,0,Morelia,Lomas de Huerta,junio,miércoles,20,-101.210196018219,19.6725142778352
6998,6998,2017,"170704870",2017/06/14,20:30:00,COLISIÓN POR CORTE DE CIRCULACIÓN,ASFALTO,Bueno,Bueno,2,SEAT,BLANCO,2,,22,MASCULINO,SIN DATOS,0,0,Morelia,Cuauhtemoc,junio,miércoles,21,-101.179082393646,19.6948092019174