fid,id_accidente,anio_origen,folio_c5i,dia_incidente,hora_ocurrencia,tipo_incidente_vial,superficie_ocurrencia,condiciones_climaticas,condiciones_via,numero_vehiculos_involucrados,marca_vehiculo_ocasiona_siniestro,color_vehiculo_ocasiona_siniestro,numero_personas_involucradas,lugar_remite_presunto_responsable,edad_presunto_responsable,sexo_presunto_responsable,resultados_toxicologia,numero_personas_lesionadas,numero_personas_fallecidas,municipio,colonia,mes,dia_semana,hora_redondeada,lon,lat
6999,6999,2017,"170705211",2017/06/14,21:50:00,COLISIÓN POR CAMBIO DE CARRIL,CONCRETO,Bueno,Bueno,2,FORD,ROJO,2,,,,SIN DATOS,0,0,Morelia,Villas de La Esperanza,junio,miércoles,22,-101.275958418846,19.6954506275145
7000,7000,2017,,2017/06/15,"00:00:00",VOLCADURA,ASFALTO,Bueno,Malo,1,FORD,GUINDA,1,,,,SIN DATOS,0,0,Sin datos,Sin datos,junio,jueves,0,-101.144986152649,20.0826564310721
7001,7001,2017,LEG7410,2017/06/15,"01:00:00",COLISIÓN CONTRA OBJETO FIJO,ASFALTO,Bueno,Bueno,1,CHEVROLET,GRIS,2,MINISTERIO PÚBLICO,25,MASCULINO,SIN DATOS,0,1,Morelia,Santillan La Huerta,junio,jueves,1,-101.22013092041,19.675332883171
7002,7002,2017,"170705966",2017/06/15,"07:40:00",COLISIÓN POR CORTE DE CIRCULACIÓN,ASFALTO,Bueno,Bueno,2,NISSAN,BLANCO,2,,48,MASCULINO,SIN DATOS,0,0,Tarímbaro,Sin datos,junio,jueves,8,-101.127691268921,19.7784960211664
7003,7003,2017,"170707288",2017/06/15,11:56:00,COLISIÓN POR CORTE DE CIRCULACIÓN,ASFALTO,Bueno,Bueno,2,NISSAN,GRIS,2,,27,MASCULINO,SIN DATOS,0,0,Morelia,Lomas de Hidalgo,junio,jueves,12,-101.161293983459,19.6958395220972
7004,7004,2017,"170707167",2017/06/15,12:35:00,COLISIÓN POR ALCANCE,ASFALTO,Bueno,Bueno,2,SIN DATOS,BLANCO Y VERDE,2,,52,MASCULINO,SIN DATOS,0,0,Morelia,Los Pinos de Michoacan,junio,jueves,13,-101.215260028839,19.6855461236883
7005,7005,2017,"170707735",2017/06/15,14:45:00,COLISIÓN POR ALCANCE,ASFALTO,Bueno,Bueno,2,INTERNATIONAL,BLANCO,2,,27,MASCULINO,SIN DATOS,0,0,Morelia,Centro,junio,jueves,15,-101.195315122604,19.696884987265
7006,7006,2017,"170708387",2017/06/15,15:40:00,COLISIÓN POR CORTE DE CIRCULACIÓN,ASFALTO,Bueno,Bueno,2,AUDI,ROJO,2,,18,MASCULINO,SIN DATOS,0,0,Morelia,Chapultepec Sur,junio,jueves,16,-101.179313063622,19.6929303656928
7007,7007,2017,"003531554",2017/06/15,18:50:00,COLISIÓN POR CORTE DE CIRCULACIÓN,ASFALTO,Bueno,Bueno,5,CHEVROLET,AZUL,5,MINISTERIO PÚBLICO,35,MASCULINO,SIN DATOS,0,0,Lázaro Cárdenas,Centro,junio,jueves,19,-102.195537686348,17.9542599078359
7008,7008,2017,,2017/06/15,20:00:00,CAIDA DE MOTOCICLETA,CONCRETO,Bueno,Bueno,1,ITALIKA,NEGRO/ROJO,2,MINISTERIO PÚBLICO,39,MASCULINO,SIN DATOS,1,0,Purépero,San Antonio,junio,jueves,20,-101.991727352142,19.8946172484028
7009,7009,2017,"170709614",2017/06/15,20:05:00,COLISIÓN POR CORTE DE CIRCULACIÓN,ASFALTO,Bueno,Bueno,2,CHEVROLET,ROJO,2,,35,MASCULINO,SIN DATOS,0,0,Morelia,Ana Maria Gallaga (Riviera Norte),junio,jueves,20,-101.219508647919,19.6772018235305
7010,7010,2017,"170709669",2017/06/15,22:15:00,COLISIÓN POR CAMBIO DE CARRIL,ASFALTO,Bueno,Bueno,2,NISSAN,NEGRO,2,,66,MASCULINO,SIN DATOS,0,0,Morelia,Gertrudis Bocanegra,junio,jueves,22,-101.211743652821,19.702023829076
7011,7011,2017,"170709829",2017/06/15,22:30:00,COLISIÓN CON PEATÓN,ASFALTO,Bueno,Bueno,1,ITALIKA,ROJO,2,MINISTERIO PÚBLICO,,,SIN DATOS,1,0,Morelia,Los Alamos,junio,jueves,23,-101.229690313339,19.7035288345485
7012,7012,2017,,2017/06/16,"00:00:00",COLISIÓN POR CORTE DE CIRCULACIÓN,ASFALTO,Bueno,Bueno,2,LINCOLN,PLATA,2,,21,FEMENINO,SIN DATOS,0,0,Pátzcuaro,Popular Vasco de Quiroga,junio,viernes,0,-101.601294279099,19.499444150544
7013,7013,2017,"170710179",2017/06/16,"00:20:00",COLISIÓN POR CORTE DE CIRCULACIÓN,ASFALTO,Lluvioso,Bueno,1,CHEVROLET,NEGRO,1,,41,MASCULINO,SIN DATOS,0,0,Morelia,Santillan La Huerta,junio,viernes,0,-101.220635175705,19.6742014059816
7014,7014,2017,"170710132",2017/06/16,"00:50:00",COLISIÓN POR ALCANCE,ASFALTO,Lluvioso,Bueno,2,VOLKSWAGEN,AZUL,2,,39,MASCULINO,SIN DATOS,0,0,Morelia,Centro,junio,viernes,1,-101.191517114639,19.7029909734801
7015,7015,2017,"170710093",2017/06/16,"00:50:00",COLISIÓN POR CORTE DE CIRCULACIÓN,ASFALTO,Lluvioso,Bueno,2,NISSAN,BLANCO,2,,,MASCULINO,SIN DATOS,0,0,Morelia,Mision del Valle,junio,viernes,1,-101.122031807899,19.7653606895097
7016,7016,2017,,2017/06/16,"06:20:00",COLISIÓN POR CAMBIO DE CARRIL,ASFALTO,Bueno,Bueno,2,DINA,BLANCO,2,,48,MASCULINO,SIN DATOS,0,0,Sin datos,Sin datos,junio,viernes,6,-101.137046813965,20.0781823994829
7017,7017,2017,"170710458",2017/06/16,"08:00:00",COLISIÓN POR ALCANCE,ASFALTO,Bueno,Bueno,2,TOYOTA,BLANCO Y GRIS,2,,46,MASCULINO,SIN DATOS,0,0,Morelia,Nueva Jacarndas,junio,viernes,8,-101.191999912262,19.6822377515998
7018,7018,2017,"17010476",2017/06/16,"08:50:00",COLISIÓN CON PEATÓN,TERRACERIA,Bueno,Bueno,1,MERCEDES BENZ,BLANCO Y VERDE,2,MINISTERIO PÚBLICO,30,MASCULINO,SIN DATOS,1,0,Morelia,Real Santa Rita,junio,viernes,9,-101.220860481262,19.674130688392
7019,7019,2017,"170710637",2017/06/16,"09:10:00",COLISIÓN POR ALCANCE,ASFALTO,Bueno,Bueno,3,FORD,BLANCO,3,,44,FEMENINO,SIN DATOS,0,0,Morelia,Ciudad Industrial,junio,viernes,9,-101.148161888123,19.7211913890518
7020,7020,2017,"170710684",2017/06/16,"09:15:00",COLISIÓN POR CORTE DE CIRCULACIÓN,ASFALTO,Bueno,Regular,2,NISSAN,ROJO,2,,31,MASCULINO,SIN DATOS,0,0,Morelia,Gertrudis Bocanegra,junio,viernes,9,-101.21076464653,19.7032131886008
7021,7021,2017,"170710767",2017/06/16,10:00:00,COLISIÓN POR NO RESPETAR SEMÁFORO,CONCRETO,Bueno,Bueno,2,VOLKSWAGEN,AZUL MARINO,2,MINISTERIO PÚBLICO,65,MASCULINO,SIN DATOS,0,0,Morelia,Chapultepec Norte,junio,viernes,10,-101.174329519272,19.6935414949492
7022,7022,2017,"170710747",2017/06/16,10:05:00,COLISIÓN POR ALCANCE,CONCRETO,Bueno,Bueno,2,DINAMO,VERDE,2,MINISTERIO PÚBLICO,26,FEMENINO,SIN DATOS,0,0,Morelia,Ampliacion La Soledad,junio,viernes,10,-101.182923316956,19.7374205333275
7023,7023,2017,"170710819",2017/06/16,10:25:00,COLISIÓN POR ALCANCE,CONCRETO,Bueno,Bueno,2,NISSAN,ROJO,2,,28,MASCULINO,SIN DATOS,0,0,Morelia,Vasco de Quiroga,junio,viernes,10,-101.172473430634,19.7050009990231
7024,7024,2017,"170711309",2017/06/16,11:40:00,COLISIÓN POR CORTE DE CIRCULACIÓN,ASFALTO,Bueno,Bueno,2,SIN DATOS,SIN DATOS,2,,,,SIN DATOS,0,0,Morelia,Sin datos,junio,viernes,12,-101.174962520599,19.7448730663566
7025,7025,2017,,2017/06/16,12:40:00,COLISIÓN CONTRA OBJETO FIJO,CONCRETO,Bueno,Bueno,1,NISSAN,BLANCO Y ROJO,1,,46,MASCULINO,SIN DATOS,0,0,Morelia,Centro,junio,viernes,13,-101.181674748659,19.7041942141663
7026,7026,2017,"170711461",2017/06/16,13:00:00,SALIDA DE SUPERFICIE DE RODAMIENTO,CONCRETO,Bueno,Bueno,1,TOYOTA,GUINDA,1,,18,MASCULINO,SIN DATOS,0,0,Morelia,Montaña Monarca,junio,viernes,13,-101.165585517883,19.6664323870561
7027,7027,2017,"170711802",2017/06/16,13:00:00,COLISIÓN POR CAMBIO DE CARRIL,ASFALTO,Bueno,Bueno,2,HONDA,BLANCO,2,,73,MASCULINO,SIN DATOS,0,0,Morelia,Ventura Puente,junio,viernes,13,-101.17972612381,19.6910010001695
7028,7028,2017,,2017/06/16,14:00:00,COLISIÓN POR CORTE DE CIRCULACIÓN,ASFALTO,Bueno,Bueno,2,FORD,VERDE,2,,34,MASCULINO,SIN DATOS,0,0,Cuitzeo,El Calvario,junio,viernes,14,-101.139069199562,19.9659826071758
7029,7029,2017,"170711953",2017/06/16,14:20:00,COLISIÓN POR CORTE DE CIRCULACIÓN,ADOQUIN_EMPEDRADO,Bueno,Bueno,2,CHRYSLER,BLANCO Y AZUL,2,,20,MASCULINO,ALIENTO ETÍLICO,0,0,Morelia,Club Campestre,junio,viernes,14,-101.158566176891,19.6846824178722
7030,7030,2017,LEG7459,2017/06/16,15:45:00,COLISIÓN POR CAMBIO DE CARRIL,ASFALTO,Bueno,Bueno,2,HONDA,ROJO,2,,26,FEMENINO,SIN DATOS,0,0,Morelia,Centro,junio,viernes,16,-101.202439069748,19.7028394629936
7031,7031,2017,,2017/06/16,16:30:00,COLISIÓN POR INVASIÓN DE CARRIL,ASFALTO,Bueno,Bueno,2,NISSAN,AZUL,2,MINISTERIO PÚBLICO,47,MASCULINO,SIN DATOS,0,0,Purépero,Sin datos,junio,viernes,17,-102.001469135284,19.8470123657376
7032,7032,2017,"170711072",2017/06/16,16:40:00,COLISIÓN POR CORTE DE CIRCULACIÓN,CONCRETO,Bueno,Bueno,1,HONDA,BLANCO Y ROJO,0,,,,,0,0,Morelia,Obrera,junio,viernes,17,-101.185420453548,19.7115990586055
7033,7033,2017,"0500353446673",2017/06/16,17:10:00,CAIDA DE MOTOCICLETA,ASFALTO,Bueno,Bueno,1,ITALIKA,AMARILLO,0,MINISTERIO PÚBLICO,,,,0,0,Lázaro Cárdenas,Taxistas,junio,viernes,17,-102.220219373703,17.9789473995723
7034,7034,2017,"170713102",2017/06/16,17:28:00,COLISIÓN POR CAMBIO DE CARRIL,ASFALTO,Bueno,Bueno,2,NISSAN,BLANCO Y ROSA,2,,35,,SIN DATOS,0,0,Morelia,Cuauhtemoc,junio,viernes,17,-101.182553172112,19.6969051894233
7035,7035,2017,"170712889",2017/06/16,17:30:00,COLISIÓN POR ALCANCE,ASFALTO,Bueno,Bueno,2,CHEVROLET,GRIS,2,,59,FEMENINO,SIN DATOS,0,0,Morelia,Cuauhtemoc,junio,viernes,18,-101.178889274597,19.6964152863678
7036,7036,2017,"170713446",2017/06/16,18:40:00,COLISIÓN POR ALCANCE,ASFALTO,Bueno,Bueno,2,HONDA,PLATA,2,MINISTERIO PÚBLICO,64,MASCULINO,SIN DATOS,0,0,Morelia,Camelinas,junio,viernes,19,-101.174147129059,19.6820912724772
7037,7037,2017,"050035344689",2017/06/16,18:40:00,COLISIÓN POR CORTE DE CIRCULACIÓN,ASFALTO,Bueno,Bueno,2,CHEVROLET,BLANCO/MORADO,3,MINISTERIO PÚBLICO,58,MASCULINO,CON CERTIFICADO,1,0,Lázaro Cárdenas,600 Casas,junio,viernes,19,-102.216410636902,17.9656906759363
7038,7038,2017,"170713303",2017/06/16,18:55:00,SALIDA DE SUPERFICIE DE RODAMIENTO,ASFALTO,Bueno,Bueno,1,RENAULT,NEGRO,1,,26,MASCULINO,SIN DATOS,0,0,Morelia,Ampliacion La Soledad,junio,viernes,19,-101.180627346039,19.7377840795943
7039,7039,2017,"170713665",2017/06/16,19:10:00,COLISIÓN POR ALCANCE,ASFALTO,Bueno,Regular,2,AUDI,GRIS,2,,53,MASCULINO,SIN DATOS,0,0,Morelia,Nueva Jacarndas,junio,viernes,19,-101.188625693321,19.6816922424637
7040,7040,2017,,2017/06/16,19:15:00,SALIDA DE SUPERFICIE DE RODAMIENTO,ASFALTO,Bueno,Bueno,1,ITALIKA,NEGRO,0,,,,,0,0,Lagunillas,Sin datos,junio,viernes,19,-101.447582244873,19.6304212526056
7041,7041,2017,,2017/06/16,21:30:00,CAIDA DE MOTOCICLETA,ASFALTO,Bueno,Bueno,1,ITALIKA,NEGRO/VERDE,2,MINISTERIO PÚBLICO,,MASCULINO,SIN DATOS,1,0,Sahuayo,La Alameda,junio,viernes,22,-102.716352939606,20.0555281358294
7042,7042,2017,"170714178",2017/06/16,21:42:00,COLISIÓN POR CORTE DE CIRCULACIÓN,ASFALTO,Bueno,Bueno,2,NISSAN,BLANCO,2,,38,FEMENINO,SIN DATOS,0,0,Morelia,Chapultepec Oriente,junio,viernes,22,-101.163085699081,19.6905767386635
7043,7043,2017,"170714060",2017/06/16,22:00:00,COLISIÓN POR CAMBIO DE CARRIL,CONCRETO,Bueno,Bueno,4,VOLKSWAGEN,PLATA,4,,23,MASCULINO,SIN DATOS,0,0,Morelia,Elias Perez Avalos,junio,viernes,22,-101.165564060211,19.7104552124408
7044,7044,2017,"170714438",2017/06/16,23:00:00,COLISIÓN POR ALCANCE,CONCRETO,Bueno,Bueno,2,VOLKSWAGEN,PLATA,2,,50,MASCULINO,SIN DATOS,0,0,Morelia,Felix Ireta,junio,viernes,23,-101.181485652924,19.6814598954156
7045,7045,2017,"170714721",2017/06/17,"04:15:00",COLISIÓN POR CORTE DE CIRCULACIÓN,ASFALTO,Bueno,Regular,2,FORD,GRIS,2,MINISTERIO PÚBLICO,,,SIN DATOS,0,0,Morelia,Centro,junio,sábado,4,-101.196902990341,19.7011324349312
7046,7046,2017,"17071432",2017/06/17,"04:30:00",COLISIÓN CONTRA OBJETO FIJO,ASFALTO,Bueno,Bueno,1,N,BLANCO,1,MINISTERIO PÚBLICO,,MASCULINO,SIN DATOS,0,0,Morelia,Ciudad Industrial,junio,sábado,5,-101.14296913147,19.7252614537776
7047,7047,2017,"170714791",2017/06/17,"06:00:00",COLISIÓN POR ALCANCE,ASFALTO,Bueno,Bueno,2,FORD,BLANCO,2,,23,FEMENINO,SIN DATOS,0,0,Morelia,Jardines de Torremolinos,junio,sábado,6,-101.225688457489,19.6770199816421
7048,7048,2017,"170714835",2017/06/17,"06:40:00",SUBIDA AL CAMELLÓN,ASFALTO,Bueno,Bueno,1,VOLKSWAGEN,BLANCO,1,,45,MASCULINO,ALIENTO ETÍLICO,0,0,Morelia,Cosmos,junio,sábado,7,-101.217502355576,19.6812831093924
7049,7049,2017,"170714891",2017/06/17,"07:25:00",COLISIÓN POR CORTE DE CIRCULACIÓN,CONCRETO,Bueno,Bueno,2,V.W.,BLANCO,1,,,MASCULINO,SIN DATOS,0,0,Morelia,Jardines de Guadalupe,junio,sábado,7,-101.219200193882,19.7125964453832
7050,7050,2017,"170117930",2017/06/17,"08:00:00",COLISIÓN POR CAMBIO DE CARRIL,ASFALTO,Bueno,Bueno,2,FORD,BLANCO,2,MINISTERIO PÚBLICO,68,MASCULINO,SIN DATOS,0,0,Morelia,El Eden,junio,sábado,8,-101.258325576782,19.6401624352006
7051,7051,2017,"170714975",2017/06/17,"08:00:00",SALIDA DE SUPERFICIE DE RODAMIENTO,ASFALTO,Bueno,Bueno,1,VOLKSWAGEN,NEGRO,1,,,MASCULINO,SIN DATOS,0,0,Tarímbaro,Sin datos,junio,sábado,8,-101.171035766602,19.752688763787
7052,7052,2017,,2017/06/17,"08:40:00",COLISIÓN POR ALCANCE,ASFALTO,Bueno,Regular,2,NISSAN,AZUL,3,MINISTERIO PÚBLICO,0,FEMENINO,SIN DATOS,2,0,Ario,Sin datos,junio,sábado,9,-101.725974082947,19.1701805441515
7053,7053,2017,,2017/06/17,"08:40:00",VOLCADURA,ASFALTO,Bueno,Bueno,1,FORD,BLANCO,2,MINISTERIO PÚBLICO,,,,2,0,Tuxpan,Santa Ana,junio,sábado,9,-100.466451644897,19.5872053200534
7054,7054,2017,"170715055",2017/06/17,"08:45:00",COLISIÓN POR CORTE DE CIRCULACIÓN,ASFALTO,Bueno,Bueno,2,VOLKSWAGEN,AZUL,2,,26,MASCULINO,SIN DATOS,0,0,Morelia,Tzindurio de Morelos,junio,sábado,9,-101.246680766344,19.6994241260426
7055,7055,2017,"170715658",2017/06/17,11:55:00,COLISIÓN POR CORTE DE CIRCULACIÓN,ASFALTO,Bueno,Bueno,2,VOLKSWAGEN,PLATA,2,,,MASCULINO,SIN DATOS,0,0,Morelia,La Esperanza,junio,sábado,12,-101.253787279129,19.6978900415436
7056,7056,2017,"170716092",2017/06/17,12:55:00,COLISIÓN CONTRA OBJETO FIJO,ASFALTO,Bueno,Bueno,1,FORD,PLATA,0,,,,,0,0,Morelia,Canteras de Morelia,junio,sábado,13,-101.173825263977,19.7165960301182
7057,7057,2017,,2017/06/17,13:00:00,COLISIÓN POR INVASIÓN DE CARRIL,ASFALTO,Bueno,Bueno,2,NISSAN,BLANCO,2,,54,MASCULINO,SIN DATOS,0,0,Apatzingán,Sin datos,junio,sábado,13,-102.399787902832,19.1250582759572
7058,7058,2017,"170716195",2017/06/17,13:14:00,COLISIÓN POR ALCANCE,ASFALTO,Bueno,Bueno,2,CHEVROLET,NEGRO,2,,67,MASCULINO,SIN DATOS,0,0,Morelia,Francisco J Mujica,junio,sábado,13,-101.188137531281,19.7217872610837
7059,7059,2017,"170716248",2017/06/17,13:40:00,COLISIÓN POR CORTE DE CIRCULACIÓN,CONCRETO,Bueno,Bueno,2,NISSAN,NEGRO,2,,64,FEMENINO,SIN DATOS,0,0,Morelia,Juarez,junio,sábado,14,-101.1980509758,19.6932031013517
7060,7060,2017,,2017/06/17,14:00:00,COLISIÓN CONTRA OBJETO FIJO,ASFALTO,Bueno,Bueno,1,NISSAN,BLANCO,2,MINISTERIO PÚBLICO,39,MASCULINO,SIN DATOS,1,0,Sahuayo,La Limonera,junio,sábado,14,-102.721309661865,20.0684932650262
7061,7061,2017,"170716292",2017/06/17,14:10:00,COLISIÓN POR CORTE DE CIRCULACIÓN,CONCRETO,Bueno,Bueno,2,MERCEDES BENZ,BLANCO Y AMARILLO,2,,,MASCULINO,SIN DATOS,0,0,Morelia,Centro,junio,sábado,14,-101.194365620613,19.6962284157351
7062,7062,2017,"170716422",2017/06/17,14:10:00,COLISIÓN CONTRA OBJETO FIJO,ASFALTO,Bueno,Bueno,1,KENWORTH,ROJO,1,,64,MASCULINO,SIN DATOS,0,0,Morelia,Morelia 450,junio,sábado,14,-101.216633319855,19.6755652391051
7063,7063,2017,"170116360",2017/06/17,14:30:00,COLISIÓN POR CORTE DE CIRCULACIÓN,ASFALTO,Bueno,Bueno,3,NISSAN,BLANCO,3,,,MASCULINO,SIN DATOS,0,0,Morelia,Lindavista,junio,sábado,15,-101.216204166412,19.7040111403539
7064,7064,2017,"170716650",2017/06/17,15:30:00,COLISIÓN POR CORTE DE CIRCULACIÓN,ASFALTO,Bueno,Bueno,2,NISSAN,AZUL,1,,57,FEMENINO,SIN DATOS,0,0,Morelia,Chapultepec Oriente,junio,sábado,16,-101.160017251968,19.6913545505656
7065,7065,2017,"170716924",2017/06/17,16:25:00,COLISIÓN POR CORTE DE CIRCULACIÓN,CONCRETO,Bueno,Bueno,2,HONDA,PLATA,2,,,FEMENINO,SIN DATOS,0,0,Morelia,Vasco de Quiroga,junio,sábado,16,-101.175863742828,19.6982637787106
7066,7066,2017,"170717111",2017/06/17,16:40:00,COLISIÓN POR CAMBIO DE CARRIL,ASFALTO,Bueno,Bueno,2,V.W.,GRIS,2,,38,,SIN DATOS,0,0,Morelia,Jardines de Guadalupe,junio,sábado,17,-101.227329969406,19.7133337500906
7067,7067,2017,,2017/06/17,17:17:00,COLISIÓN POR CORTE DE CIRCULACIÓN,ASFALTO,Bueno,Bueno,2,FORD,GRIS/AZUL,1,MINISTERIO PÚBLICO,47,MASCULINO,SIN DATOS,0,0,Jacona,Sin datos,junio,sábado,17,-102.33496427536,19.9592917412678
7068,7068,2017,"170717686",2017/06/17,18:40:00,COLISIÓN POR INVASIÓN DE CARRIL,ASFALTO,Bueno,Bueno,2,INTERNATIONAL,VERDE,2,MINISTERIO PÚBLICO,36,MASCULINO,SIN DATOS,0,0,Tarímbaro,Sin datos,junio,sábado,19,-101.140222549438,19.7745383718468
7069,7069,2017,"170718520",2017/06/17,21:15:00,SALIDA DE SUPERFICIE DE RODAMIENTO,ASFALTO,Bueno,Bueno,1,FORD,BLANCO,1,,36,MASCULINO,SIN DATOS,0,0,Tarímbaro,Sin datos,junio,sábado,21,-101.157474517822,19.7692882772109
7070,7070,2017,,2017/06/17,21:30:00,COLISIÓN POR INVASIÓN DE CARRIL,ASFALTO,Bueno,Regular,2,CHEVROLET,BLANCO,2,,,MASCULINO,SIN DATOS,0,0,Pátzcuaro,Del Cristo,junio,sábado,22,-101.599808335304,19.5182743556008
7072,7072,2017,"170719093",2017/06/18,"01:20:00",SUBIDA AL CAMELLÓN,ASFALTO,Bueno,Bueno,1,NISSAN,ROJO,1,,,,SIN DATOS,0,0,Morelia,Puerta Tres Marias Norte,junio,domingo,1,-101.141273975372,19.6921323586887
7073,7073,2017,"170719303",2017/06/18,"04:20:00",COLISIÓN POR NO RESPETAR SEMÁFORO,CONCRETO,Bueno,Bueno,1,FORD,BLANCO,2,MINISTERIO PÚBLICO,52,MASCULINO,SIN DATOS,0,0,Morelia,Industrial,junio,domingo,4,-101.195948123932,19.7075665225746
7074,7074,2017,,2017/06/18,"05:35:00",SALIDA DE SUPERFICIE DE RODAMIENTO,ASFALTO,Bueno,Regular,1,FORD,VERDE,1,,,,SIN DATOS,0,0,Cuitzeo,Sin datos,junio,domingo,6,-101.155500411987,19.9983539163569
7075,7075,2017,"170719400",2017/06/18,"05:50:00",COLISIÓN CONTRA OBJETO FIJO,ASFALTO,Bueno,Malo,1,SEAT,ROJO,1,,,,SIN DATOS,0,0,Morelia,Los Laureles,junio,domingo,6,-101.231954097748,19.7139700514202
7076,7076,2017,"170719501",2017/06/18,"07:40:00",COLISIÓN CONTRA OBJETO FIJO,ASFALTO,Bueno,Bueno,2,VOLKSWAGEN,NEGRO,2,,27,MASCULINO,SIN DATOS,0,0,Morelia,Enrique Arreguin Robles,junio,domingo,8,-101.18443608284,19.7238424975717
7077,7077,2017,"170719739",2017/06/18,"09:25:00",COLISIÓN POR CORTE DE CIRCULACIÓN,ASFALTO,Bueno,Bueno,2,SIN DATOS,BLANCO,2,,,,SIN DATOS,0,0,Morelia,Country Club  Las Huertas,junio,domingo,9,-101.228295564651,19.6584205076842
7078,7078,2017,,2017/06/18,11:40:00,COLISIÓN CONTRA OBJETO FIJO,CONCRETO,Bueno,Bueno,1,V.W.,ROJO,2,MINISTERIO PÚBLICO,,,SIN DATOS,1,0,Sahuayo,Perpetuo Socorro,junio,domingo,12,-102.720816135406,20.0603656198637
7079,7079,2017,,2017/06/18,15:10:00,COLISIÓN POR ALCANCE,ASFALTO,Bueno,Bueno,2,CHEVROLET,BLANCO,3,,41,MASCULINO,SIN DATOS,1,0,Jungapeo,Sin datos,junio,domingo,15,-100.445122718811,19.4850823706652
7080,7080,2017,"170121023",2017/06/18,16:00:00,COLISIÓN POR CORTE DE CIRCULACIÓN,ASFALTO,Bueno,Bueno,2,NISSAN,BLANCO Y GRIS,2,MINISTERIO PÚBLICO,64,MASCULINO,SIN DATOS,0,0,Morelia,Victor Manuel Tinoco Rubi,junio,domingo,16,-101.242575645447,19.7006778977615
7081,7081,2017,"170721611",2017/06/18,18:00:00,COLISIÓN CON PEATÓN,ASFALTO,Bueno,Bueno,1,SIN DATOS,SIN DATOS,2,,,,SIN DATOS,1,0,Morelia,Los Manantiales de Morelia,junio,domingo,18,-101.240242123604,19.6927889470201
7082,7082,2017,"170721516",2017/06/18,18:20:00,COLISIÓN POR CORTE DE CIRCULACIÓN,ASFALTO,Bueno,Bueno,2,NISSAN,BLANCO Y ROJO,2,,52,MASCULINO,SIN DATOS,0,0,Morelia,Centro,junio,domingo,18,-101.198474764824,19.7031071314226
7083,7083,2017,"170721651",2017/06/18,18:35:00,COLISIÓN POR ALCANCE,ASFALTO,Bueno,Bueno,2,VOLKSWAGEN,BLANCO,2,,37,MASCULINO,SIN DATOS,0,0,Morelia,Bosques de Oriente,junio,domingo,19,-101.155414581299,19.7157981411522
7085,7085,2017,,2017/06/18,20:30:00,COLISIÓN POR ALCANCE,ASFALTO,Bueno,Bueno,2,DODGE,BLANCO,4,MINISTERIO PÚBLICO,60,MASCULINO,SIN DATOS,2,0,Sahuayo,La Plasita,junio,domingo,21,-102.71639585495,20.0554172750724
7086,7086,2017,,2017/06/18,20:30:00,VOLCADURA,ASFALTO,Bueno,Bueno,1,FORD,VERDE,1,,,,SIN DATOS,0,0,Erongarícuaro,Sin datos,junio,domingo,21,-101.714730262756,19.5722448098199
7087,7087,2017,"170222203",2017/06/18,20:55:00,COLISIÓN POR NO RESPETAR SEMÁFORO,ASFALTO,Bueno,Bueno,2,SEAT,GRIS,1,MINISTERIO PÚBLICO,,,,1,0,Morelia,Rafael Carrillo,junio,domingo,21,-101.23633146286,19.7077584301626
7088,7088,2017,,2017/06/18,21:22:00,SALIDA DE SUPERFICIE DE RODAMIENTO,ASFALTO,Bueno,Regular,2,NISSAN,BLANCO,0,MINISTERIO PÚBLICO,,,,0,0,Hidalgo,Sin datos,junio,domingo,21,-100.609531402588,19.698193071746
7089,7089,2017,LEG7498,2017/06/18,21:50:00,COLISIÓN POR CORTE DE CIRCULACIÓN,CONCRETO,Bueno,Malo,2,SIN DATOS,SIN DATOS,2,,,,SIN DATOS,0,0,Morelia,Felix Arreguin,junio,domingo,22,-101.223134994507,19.7187220312763
7090,7090,2017,,2017/06/18,22:51:00,COLISIÓN CON PEATÓN,ASFALTO,Bueno,Bueno,2,NISSAN,GRIS,2,,59,MASCULINO,SIN DATOS,0,0,Tacámbaro,Trabajo Y Confianza,junio,domingo,23,-101.450500488281,19.244384454519
7091,7091,2017,,2017/06/19,"00:28:00",COLISIÓN POR INVASIÓN DE CARRIL,ASFALTO,Bueno,Bueno,2,NISSAN,VINO,5,,24,MASCULINO,SIN DATOS,3,0,Tarímbaro,Sin datos,junio,lunes,0,-101.089539527893,19.7988480931219
7092,7092,2017,"170723127",2017/06/19,"04:40:00",SALIDA DE SUPERFICIE DE RODAMIENTO,ASFALTO,Bueno,Bueno,1,MAZDA,GRIS,1,,48,FEMENINO,SIN DATOS,0,0,Morelia,Reforma,junio,lunes,5,-101.241416931152,19.7059302485266
7093,7093,2017,"170725143",2017/06/19,"05:10:00",SUBIDA AL CAMELLÓN,ASFALTO,Bueno,Bueno,1,DODGE,GRIS,1,,28,MASCULINO,SIN DATOS,0,0,Morelia,Libertad,junio,lunes,5,-101.238133907318,19.6876472832994
7094,7094,2017,"170723458",2017/06/19,"08:35:00",COLISIÓN POR ALCANCE,ASFALTO,Bueno,Bueno,2,KENWORTH,BLANCO Y NEGRO,2,,,MASCULINO,SIN DATOS,0,0,Morelia,Lomas del Tecnologico,junio,lunes,9,-101.188577413559,19.7200198375625
7095,7095,2017,"170723476",2017/06/19,"09:15:00",COLISIÓN POR CORTE DE CIRCULACIÓN,ASFALTO,Bueno,Bueno,2,CHRYSLER,ROJO,2,,32,MASCULINO,SIN DATOS,0,0,Morelia,Vasco de Quiroga,junio,lunes,9,-101.175906658173,19.6983243846555