fid,id_accidente,anio_origen,folio_c5i,dia_incidente,hora_ocurrencia,tipo_incidente_vial,superficie_ocurrencia,condiciones_climaticas,condiciones_via,numero_vehiculos_involucrados,marca_vehiculo_ocasiona_siniestro,color_vehiculo_ocasiona_siniestro,numero_personas_involucradas,lugar_remite_presunto_responsable,edad_presunto_responsable,sexo_presunto_responsable,resultados_toxicologia,numero_personas_lesionadas,numero_personas_fallecidas,municipio,colonia,mes,dia_semana,hora_redondeada,lon,lat
7096,7096,2017,"170028895",2017/06/19,10:00:00,COLISIÓN CONTRA OBJETO FIJO,ASFALTO,Bueno,Bueno,1,FORD,ROJO,1,,29,FEMENINO,SIN DATOS,0,0,Morelia,Felix Ireta,junio,lunes,10,-101.19203209877,19.6822933126113
7098,7098,2017,"170724481",2017/06/19,12:25:00,COLISIÓN POR CAMBIO DE CARRIL,ASFALTO,Bueno,Bueno,2,MITSUBISHI,GRIS,2,,44,FEMENINO,SIN DATOS,0,0,Morelia,Las Americas,junio,lunes,12,-101.15268945694,19.6881321623714
7099,7099,2017,,2017/06/19,12:30:00,CAIDA DE MOTOCICLETA,CONCRETO,Bueno,Bueno,1,ITALIKA,NEGRO,2,MINISTERIO PÚBLICO,,MASCULINO,SIN DATOS,1,0,Sahuayo,La Alameda,junio,lunes,13,-102.713906764984,20.0552963359756
7100,7100,2017,"170724796",2017/06/19,12:40:00,COLISIÓN POR CAMBIO DE CARRIL,ASFALTO,Bueno,Bueno,1,INTERNATIONAL,BLANCO,1,,32,MASCULINO,SIN DATOS,0,0,Morelia,Loma Real,junio,lunes,13,-101.199445724487,19.7315430871773
7101,7101,2017,"170724774",2017/06/19,15:00:00,COLISIÓN POR CORTE DE CIRCULACIÓN,CONCRETO,Bueno,Bueno,2,KENWORTH,BLANCO,2,,40,MASCULINO,SIN DATOS,0,0,Morelia,San Juanito Itzicuaro,junio,lunes,15,-101.254291534424,19.6773028467127
7102,7102,2017,"170725061",2017/06/19,15:00:00,COLISIÓN CONTRA OBJETO FIJO,ASFALTO,Bueno,Bueno,1,FORD,NEGRO,1,,43,MASCULINO,SIN DATOS,0,0,Morelia,Francisco J Mujica,junio,lunes,15,-101.188137531281,19.7216660669521
7103,7103,2017,"70724767",2017/06/19,15:50:00,COLISIÓN POR ALCANCE,CONCRETO,Bueno,Bueno,3,NISSAN,BLANCO,3,,28,MASCULINO,SIN DATOS,0,0,Morelia,Barrio Alto,junio,lunes,16,-101.19704246521,19.7251604608698
7104,7104,2017,"170725040",2017/06/19,15:50:00,COLISIÓN POR CORTE DE CIRCULACIÓN,ASFALTO,Bueno,Bueno,2,JEEP,AZUL,2,,,MASCULINO,SIN DATOS,0,0,Morelia,Sin datos,junio,lunes,16,-101.262617111206,19.6397986672191
7105,7105,2017,"170725179",2017/06/19,16:53:00,COLISIÓN POR CORTE DE CIRCULACIÓN,ASFALTO,Bueno,Bueno,3,AUDI,GRIS,3,,53,FEMENINO,SIN DATOS,0,0,Morelia,Cuauhtemoc,junio,lunes,17,-101.180686354637,19.6965718534867
7106,7106,2017,"170725566",2017/06/19,18:10:00,COLISIÓN POR CORTE DE CIRCULACIÓN,ASFALTO,Bueno,Bueno,2,CHEVROLET,GRIS,2,MINISTERIO PÚBLICO,,MASCULINO,SIN DATOS,0,0,Morelia,Rinconada del Valle,junio,lunes,18,-101.219004392624,19.678585835585
7107,7107,2017,"170726113",2017/06/19,20:15:00,VOLCADURA,ASFALTO,Bueno,Bueno,1,DINA,BLANCO,2,,22,MASCULINO,SIN DATOS,1,0,Morelia,Sin datos,junio,lunes,20,-101.230816841125,19.7616753328646
7108,7108,2017,"170726773",2017/06/19,22:40:00,COLISIÓN POR ALCANCE,ASFALTO,Bueno,Bueno,2,NISSAN,ROJO,2,,22,MASCULINO,SIN DATOS,0,0,Morelia,Avicola Benito Juarez,junio,lunes,23,-101.27956867218,19.6915868832579
7109,7109,2017,"170726997",2017/06/20,"02:24:00",COLISIÓN CONTRA OBJETO FIJO,ASFALTO,Bueno,Bueno,1,NISSAN,GRIS,1,,20,FEMENINO,ALIENTO ETÍLICO,0,0,Morelia,Sentimientos de La Nacion,junio,martes,2,-101.233263015747,19.6783332795326
7110,7110,2017,,2017/06/20,"06:00:00",VOLCADURA,ASFALTO,Bueno,Bueno,1,INTERNATIONAL,AZUL,0,,,,,0,0,Queréndaro,Sin datos,junio,martes,6,-100.818271636963,19.7830996936273
7111,7111,2017,"170727273",2017/06/20,"08:10:00",COLISIÓN POR CORTE DE CIRCULACIÓN,CONCRETO,Bueno,Bueno,2,INTERNATIONAL,GRIS,2,,55,MASCULINO,SIN DATOS,0,0,Morelia,Primo Tapia,junio,martes,8,-101.21220767498,19.7092734819833
7112,7112,2017,"170727282",2017/06/20,"08:35:00",COLISIÓN POR CAMBIO DE CARRIL,CONCRETO,Bueno,Bueno,2,NISSAN,BLANCO Y CREMA,2,,21,MASCULINO,SIN DATOS,0,0,Morelia,Centro,junio,martes,9,-101.187794208527,19.6971627667169
7113,7113,2017,"170727286",2017/06/20,"08:40:00",COLISIÓN POR CAMBIO DE CARRIL,ASFALTO,Bueno,Bueno,2,MAZDA,NEGRO,2,,25,MASCULINO,SIN DATOS,0,0,Morelia,Sin datos,junio,martes,9,-101.263947486877,19.6393540607892
7114,7114,2017,"170727348",2017/06/20,"08:45:00",COLISIÓN CON PEATÓN,CONCRETO,Bueno,Bueno,1,CHEVROLET,BLANCO,2,,26,FEMENINO,SIN DATOS,1,0,Morelia,Centro,junio,martes,9,-101.193287372589,19.6998748789396
7115,7115,2017,"170727622",2017/06/20,10:00:00,COLISIÓN POR ALCANCE,ASFALTO,Bueno,Regular,2,CHEVROLET,BLANCO Y ROJO,2,,37,MASCULINO,SIN DATOS,0,0,Morelia,Chapultepec Norte,junio,martes,10,-101.168256998062,19.695102136761
7116,7116,2017,,2017/06/20,10:30:00,COLISIÓN POR ALCANCE,ASFALTO,Bueno,Bueno,2,ITALIKA,AZUL,3,MINISTERIO PÚBLICO,20,MASCULINO,SIN DATOS,1,0,Tacámbaro,Sin datos,junio,martes,11,-101.477365493774,19.2271637023561
7117,7117,2017,"170729076",2017/06/20,11:00:00,COLISIÓN CONTRA OBJETO FIJO,CONCRETO,Bueno,Bueno,2,SIN DATOS,SIN DATOS,1,,52,MASCULINO,SIN DATOS,0,0,Morelia,Cosmos,junio,martes,11,-101.217631101608,19.6840712548023
7118,7118,2017,LEG7538,2017/06/20,12:10:00,CAIDA DE MOTOCICLETA,ASFALTO,Bueno,Bueno,1,HONDA,GUINDA,0,,,,,0,0,Morelia,Pascual Ortiz de Ayala,junio,martes,12,-101.150683164597,19.6963635181739
7119,7119,2017,"17030716",2017/06/20,12:20:00,COLISIÓN POR ALCANCE,ASFALTO,Bueno,Bueno,2,FREIGHTLINER,BLANCO,2,,35,MASCULINO,SIN DATOS,0,0,Morelia,Elias Perez Avalos,junio,martes,12,-101.165285110474,19.7105158137673
7120,7120,2017,"170728321",2017/06/20,12:30:00,COLISIÓN POR CAMBIO DE CARRIL,ASFALTO,Bueno,Bueno,2,CHRYSLER,BLANCO,2,,25,FEMENINO,SIN DATOS,0,0,Morelia,Elias Perez Avalos,junio,martes,13,-101.165971755981,19.7107582188439
7121,7121,2017,"170728130",2017/06/20,12:50:00,COLISIÓN POR NO RESPETAR SEMÁFORO,ASFALTO,Bueno,Bueno,2,JEEP,AZUL MARINO,2,,52,MASCULINO,SIN DATOS,0,0,Morelia,Ventura Puente,junio,martes,13,-101.195304393768,19.6923343861544
7122,7122,2017,"170728394",2017/06/20,13:30:00,COLISIÓN POR CAMBIO DE CARRIL,ASFALTO,Bueno,Bueno,2,TOYOTA,BLANCO Y GRIS,2,,30,MASCULINO,SIN DATOS,0,0,Morelia,Camelinas,junio,martes,14,-101.173025965691,19.6819195381628
7123,7123,2017,"170728511",2017/06/20,14:10:00,COLISIÓN POR NO RESPETAR SEMÁFORO,ASFALTO,Bueno,Bueno,2,NISSAN,BLANCO Y CAFE,2,,53,MASCULINO,SIN DATOS,0,0,Morelia,Jardines de Guadalupe,junio,martes,14,-101.22661113739,19.7106774171926
7124,7124,2017,"170728572",2017/06/20,14:10:00,COLISIÓN POR ALCANCE,ASFALTO,Bueno,Bueno,2,CHEVROLET,BLANCO Y VERDE,2,,24,MASCULINO,SIN DATOS,0,0,Morelia,Chapultepec Oriente,junio,martes,14,-101.160671710968,19.6883341948847
7125,7125,2017,"170728661",2017/06/20,15:00:00,COLISIÓN POR CORTE DE CIRCULACIÓN,CONCRETO,Bueno,Bueno,2,VOLKSWAGEN,GRIS,2,MINISTERIO PÚBLICO,,,SIN DATOS,0,0,Morelia,Ventura Puente,junio,martes,15,-101.179436445236,19.6924556025115
7126,7126,2017,"170728220",2017/06/20,15:50:00,COLISIÓN POR CORTE DE CIRCULACIÓN,ASFALTO,Bueno,Regular,2,YAMAHA,BLANCO,3,MINISTERIO PÚBLICO,19,MASCULINO,SIN DATOS,1,0,Morelia,Villas de La Esperanza,junio,martes,16,-101.27515912056,19.6928899603705
7127,7127,2017,LEG7529,2017/06/20,16:35:00,COLISIÓN POR INVASIÓN DE CARRIL,ASFALTO,Bueno,Bueno,2,DODGE,GRIS,5,MINISTERIO PÚBLICO,63,MASCULINO,SIN DATOS,3,0,Morelia,Sin datos,junio,martes,17,-101.102542877197,19.7377032916065
7128,7128,2017,"170729178",2017/06/20,17:00:00,COLISIÓN POR CAMBIO DE CARRIL,CONCRETO,Bueno,Bueno,2,NISSAN,GRIS,2,,51,MASCULINO,SIN DATOS,0,0,Morelia,Ventura Puente,junio,martes,17,-101.179919242859,19.6902130850493
7129,7129,2017,"170729389",2017/06/20,17:00:00,COLISIÓN POR ALCANCE,CONCRETO,Bueno,Bueno,2,FORD,ARENA,2,,42,FEMENINO,SIN DATOS,0,0,Morelia,Centro,junio,martes,17,-101.191522479057,19.7029707720902
7130,7130,2017,LEG7525,2017/06/20,18:00:00,COLISIÓN POR ALCANCE,ASFALTO,Bueno,Bueno,2,SEAT,ROJO,2,,30,MASCULINO,SIN DATOS,0,0,Morelia,Comision Federal de Electricidad,junio,martes,18,-101.181313991547,19.6817275995936
7131,7131,2017,"170730529",2017/06/20,20:20:00,SUBIDA AL CAMELLÓN,ASFALTO,Bueno,Bueno,1,BMW,NEGRO,1,,36,MASCULINO,SIN DATOS,0,0,Morelia,Francisco J Mujica,junio,martes,20,-101.19015455246,19.72223163878
7132,7132,2017,"170730507",2017/06/20,22:00:00,COLISIÓN POR CORTE DE CIRCULACIÓN,ASFALTO,Bueno,Regular,2,CHEVROLET,PLATA,2,,45,MASCULINO,SIN DATOS,0,0,Morelia,Rinconada del Valle,junio,martes,22,-101.218918561935,19.6783938930214
7133,7133,2017,"170731016",2017/06/21,"00:00:00",SUBIDA AL CAMELLÓN,ASFALTO,Bueno,Bueno,1,AUDI,GRIS,1,,34,MASCULINO,CON CERTIFICADO,0,0,Morelia,Las Americas,junio,miércoles,0,-101.158987283707,19.6881018574724
7134,7134,2017,,2017/06/21,"04:00:00",COLISIÓN POR CORTE DE CIRCULACIÓN,CONCRETO,Bueno,Bueno,1,SIN DATOS,SIN DATOS,0,,,,,0,0,Morelia,Centenario (Alamos),junio,miércoles,4,-101.17223739624,19.7251806594565
7135,7135,2017,"170731265",2017/06/21,"08:25:00",COLISIÓN CON PEATÓN,CONCRETO,Bueno,Bueno,1,CHEVROLET,BLANCO Y AZUL,2,MINISTERIO PÚBLICO,39,MASCULINO,SIN DATOS,1,0,Morelia,Loma Real,junio,miércoles,8,-101.199211031199,19.7314313681618
7136,7136,2017,,2017/06/21,"09:30:00",COLISIÓN POR ALCANCE,ASFALTO,Bueno,Bueno,2,CHEVROLET,GRIS,2,,25,MASCULINO,SIN DATOS,0,0,Morelia,Felix Ireta,junio,miércoles,10,-101.195755004883,19.6817478036643
7137,7137,2017,"170731735",2017/06/21,"09:40:00",COLISIÓN POR ALCANCE,ASFALTO,Bueno,Bueno,2,NISSAN,ROJO,2,,31,MASCULINO,SIN DATOS,0,0,Morelia,Campestre Los Manantiales,junio,miércoles,10,-101.23815536499,19.687920027958
7138,7138,2017,"170731515",2017/06/21,"09:50:00",COLISIÓN POR INVASIÓN DE CARRIL,ASFALTO,Bueno,Bueno,2,VENTO,ROJO,2,,22,FEMENINO,SIN DATOS,0,0,Morelia,Vasco de Quiroga,junio,miércoles,10,-101.171958446503,19.7026778516498
7139,7139,2017,,2017/06/21,10:30:00,COLISIÓN POR CORTE DE CIRCULACIÓN,ASFALTO,Bueno,Bueno,2,GM,BLANCO,2,,47,MASCULINO,SIN DATOS,0,0,Indaparapeo,Sin datos,junio,miércoles,11,-100.954570770264,19.7936795593717
7140,7140,2017,"17073194",2017/06/21,11:10:00,SUBIDA AL CAMELLÓN,ASFALTO,Bueno,Bueno,1,CHRYSLER,ARENA,1,,65,FEMENINO,SIN DATOS,0,0,Morelia,La Colina,junio,miércoles,11,-101.216107606888,19.703889932749
7141,7141,2017,"170732105",2017/06/21,11:15:00,COLISIÓN POR ALCANCE,ASFALTO,Bueno,Bueno,2,CHEVROLET,AZUL,2,,19,MASCULINO,SIN DATOS,0,0,Morelia,Las Americas,junio,miércoles,11,-101.159008741379,19.6880816542032
7142,7142,2017,"170371498",2017/06/21,13:50:00,COLISIÓN POR CORTE DE CIRCULACIÓN,CONCRETO,Bueno,Regular,2,YAMAHA,GRIS,2,MINISTERIO PÚBLICO,29,MASCULINO,SIN DATOS,0,0,Morelia,Las Flores,junio,miércoles,14,-101.206874102354,19.7023394773701
7143,7143,2017,"170733059",2017/06/21,15:40:00,COLISIÓN POR ALCANCE,ASFALTO,Bueno,Bueno,2,DODGE,GRIS,2,,46,MASCULINO,SIN DATOS,0,0,Morelia,Camelinas,junio,miércoles,16,-101.174152493477,19.6819043851262
7144,7144,2017,,2017/06/21,16:00:00,VOLCADURA,ASFALTO,Bueno,Bueno,1,FORD,GUINDA,0,MINISTERIO PÚBLICO,,,,0,0,Uruapan,Sin datos,junio,miércoles,16,-102.076892852783,19.4446602747092
7145,7145,2017,"170733211",2017/06/21,16:40:00,COLISIÓN POR CORTE DE CIRCULACIÓN,ASFALTO,Bueno,Bueno,2,SIN DATOS,ROJO,3,MINISTERIO PÚBLICO,,MASCULINO,SIN DATOS,1,0,Morelia,Centro,junio,miércoles,17,-101.199638843536,19.703192987239
7146,7146,2017,"170733717",2017/06/21,18:25:00,COLISIÓN CONTRA OBJETO FIJO,SIN_DATOS,Bueno,Bueno,1,TOYOTA,BLANCO,1,,29,MASCULINO,ALIENTO ETÍLICO,0,0,Morelia,Sin datos,junio,miércoles,18,-101.119966506958,19.7001324514535
7147,7147,2017,"170733788",2017/06/21,18:35:00,COLISIÓN POR CORTE DE CIRCULACIÓN,ASFALTO,Bueno,Bueno,2,VOLKSWAGEN,GRIS,2,,74,MASCULINO,SIN DATOS,0,0,Morelia,Tzindurio de Morelos,junio,miércoles,19,-101.243991851807,19.7001122497027
7148,7148,2017,"170733923",2017/06/21,19:00:00,COLISIÓN POR CAMBIO DE CARRIL,CONCRETO,Bueno,Bueno,2,KIA,ROJO,2,,26,MASCULINO,SIN DATOS,0,0,Morelia,Lomas de Hidalgo,junio,miércoles,19,-101.158296614885,19.6999222268593
7149,7149,2017,"170734126",2017/06/21,19:50:00,COLISIÓN POR ALCANCE,ASFALTO,Bueno,Bueno,3,NISSAN,BLANCO Y VERDE,3,,,MASCULINO,SIN DATOS,0,0,Morelia,Felix Ireta,junio,miércoles,20,-101.191796064377,19.6825155564645
7150,7150,2017,,2017/06/21,20:20:00,COLISIÓN POR ALCANCE,ASFALTO,Bueno,Bueno,2,VOLKSWAGEN,BLANCO,2,,23,MASCULINO,SIN DATOS,0,0,Morelia,Tinijaro,junio,miércoles,20,-101.264451742172,19.6962435674162
7151,7151,2017,"170734246",2017/06/21,20:25:00,COLISIÓN CONTRA OBJETO FIJO,ASFALTO,Bueno,Bueno,1,CHEVROLET,ROJO,0,,,,,0,0,Morelia,4 de Marzo,junio,miércoles,20,-101.215807199478,19.7133084999856
7152,7152,2017,"170738280",2017/06/21,21:20:00,COLISIÓN POR CORTE DE CIRCULACIÓN,SIN_DATOS,Bueno,Bueno,2,VOLVO,BLANCO,2,,53,MASCULINO,SIN DATOS,0,0,Morelia,Ciudad Industrial,junio,miércoles,21,-101.143119335175,19.7251604608698
7153,7153,2017,,2017/06/21,21:30:00,COLISIÓN POR INVASIÓN DE CARRIL,CONCRETO,Bueno,Bueno,2,NISSAN,ROJO,4,MINISTERIO PÚBLICO,28,MASCULINO,SIN DATOS,2,0,Cojumatlán de Régules,Centro,junio,miércoles,22,-102.853521108627,20.1147971804907
7154,7154,2017,"170734659",2017/06/21,22:45:00,COLISIÓN CONTRA OBJETO FIJO,CONCRETO,Bueno,Regular,1,NISSAN,BLANCO Y ROJO,1,,,,SIN DATOS,0,0,Morelia,Sin datos,junio,miércoles,23,-101.207427978516,19.6400007606439
7156,7156,2017,"170735290",2017/06/22,"00:00:00",COLISIÓN POR CORTE DE CIRCULACIÓN,CONCRETO,Bueno,Bueno,2,NISSAN,GRIS,2,,25,MASCULINO,SIN DATOS,0,0,Morelia,Quinceo,junio,jueves,0,-101.224851608276,19.7309573504528
7157,7157,2017,,2017/06/22,"02:05:00",COLISIÓN POR CORTE DE CIRCULACIÓN,ASFALTO,Bueno,Bueno,2,NISSAN,BLANCO,2,,30,MASCULINO,SIN DATOS,0,0,Morelia,Loma Dorada,junio,jueves,2,-101.254999637604,19.6978496374733
7158,7158,2017,"170734963",2017/06/22,"02:40:00",SUBIDA AL CAMELLÓN,ASFALTO,Bueno,Bueno,1,VOLKSWAGEN,PLATA,1,,28,FEMENINO,SIN DATOS,0,0,Morelia,Victor Manuel Tinoco Rubi,junio,jueves,3,-101.242747306824,19.7004960825321
7159,7159,2017,"170734939",2017/06/22,"02:50:00",VOLCADURA,CONCRETO,Bueno,Bueno,1,FORD,GUINDA,1,,54,FEMENINO,SIN DATOS,0,0,Morelia,Ciudad Jardin,junio,jueves,3,-101.25906586647,19.7048595910168
7160,7160,2017,"170735508",2017/06/22,"09:15:00",COLISIÓN POR CORTE DE CIRCULACIÓN,ASFALTO,Bueno,Bueno,2,CHRYSLER,GRIS,2,,26,FEMENINO,SIN DATOS,0,0,Morelia,Lomas del Valle,junio,jueves,9,-101.231846809387,19.6900716639763
7161,7161,2017,"170735753",2017/06/22,10:30:00,COLISIÓN POR CORTE DE CIRCULACIÓN,ASFALTO,Bueno,Bueno,2,MERCEDES BENZ,BLANCO Y ROJO,2,,33,MASCULINO,SIN DATOS,0,0,Morelia,Los Manantiales de Morelia,junio,jueves,11,-101.243047714233,19.7001122497027
7162,7162,2017,"170736236",2017/06/22,13:30:00,COLISIÓN POR CORTE DE CIRCULACIÓN,CONCRETO,Bueno,Bueno,2,JEEP,BLANCO,2,,,,SIN DATOS,0,0,Morelia,Centro,junio,jueves,14,-101.194472908974,19.6998748789396
7163,7163,2017,,2017/06/22,13:55:00,COLISIÓN POR CORTE DE CIRCULACIÓN,ASFALTO,Bueno,Bueno,2,FORD,NEGRO,2,,65,MASCULINO,SIN DATOS,0,0,Morelia,Las Americas,junio,jueves,14,-101.156262159348,19.6875790970622
7164,7164,2017,"170736451",2017/06/22,14:20:00,COLISIÓN POR ALCANCE,SIN_DATOS,Bueno,Bueno,2,SIN DATOS,SIN DATOS,1,,,MASCULINO,SIN DATOS,0,0,Morelia,El Realito,junio,jueves,14,-101.205207109451,19.7257916654963
7165,7165,2017,"170737422",2017/06/22,14:30:00,SUBIDA AL CAMELLÓN,ASFALTO,Bueno,Bueno,1,KENWORTH,BLANCO,1,,44,MASCULINO,SIN DATOS,0,0,Morelia,El Realito,junio,jueves,15,-101.204209327698,19.7258472113841
7167,7167,2017,"170752767",2017/06/22,16:25:00,COLISIÓN POR CORTE DE CIRCULACIÓN,ASFALTO,Bueno,Bueno,2,NISSAN,AZUL,2,,42,MASCULINO,SIN DATOS,0,0,Morelia,Loma Dorada,junio,jueves,16,-101.25440955162,19.697879940527
7169,7169,2017,"170739184",2017/06/23,"06:50:00",COLISIÓN POR CORTE DE CIRCULACIÓN,ASFALTO,Bueno,Bueno,1,CHEVROLET,AZUL,1,,28,MASCULINO,SIN DATOS,0,0,Tarímbaro,Sin datos,junio,viernes,7,-101.170907020569,19.7526079833423
7170,7170,2017,"170739219",2017/06/23,"07:15:00",CAIDA DE MOTOCICLETA,ASFALTO,Bueno,Regular,1,BAJAJ,NEGRO,2,,,MASCULINO,SIN DATOS,1,0,Morelia,Lomas del Tecnologico,junio,viernes,7,-101.188352108002,19.7211812895066
7171,7171,2017,,2017/06/23,"08:10:00",COLISIÓN POR CORTE DE CIRCULACIÓN,ASFALTO,Bueno,Bueno,2,NISSAN,BLANCA,3,MINISTERIO PÚBLICO,25,FEMENINO,SIN DATOS,2,0,Jacona,Sin datos,junio,viernes,8,-102.334685325623,19.9595135981905
7172,7172,2017,,2017/06/23,"08:50:00",SUBIDA AL CAMELLÓN,ASFALTO,Bueno,Bueno,1,FORD,GRIS,1,,24,MASCULINO,SIN DATOS,0,0,Morelia,Los Manantiales de Morelia,junio,viernes,9,-101.241481304169,19.6955667909304
7173,7173,2017,"170739363",2017/06/23,"09:10:00",COLISIÓN POR CORTE DE CIRCULACIÓN,CONCRETO,Bueno,Bueno,2,KIA,NEGRO,2,,33,FEMENINO,SIN DATOS,0,0,Morelia,Alberto Oviedo Mota,junio,viernes,9,-101.198588399856,19.6819449828305
7174,7174,2017,"170739735",2017/06/23,10:30:00,COLISIÓN CON PEATÓN,ASFALTO,Bueno,Regular,1,INTERNATIONAL,BLANCO Y AZUL,2,,,,SIN DATOS,1,0,Morelia,Gral Gertrudis Sanchez,junio,viernes,11,-101.2094753,19.7439916449991
7175,7175,2017,"170739996",2017/06/23,11:40:00,COLISIÓN POR CAMBIO DE CARRIL,ASFALTO,Bueno,Regular,2,KENWORTH,AMARILLO,2,,42,MASCULINO,SIN DATOS,0,0,Morelia,Justo Mendoza,junio,viernes,12,-101.232393980026,19.7131519492456
7176,7176,2017,"170318697",2017/06/23,13:30:00,COLISIÓN POR CAMBIO DE CARRIL,CONCRETO,Bueno,Bueno,2,KENWORTH,AMARILLO,2,,28,MASCULINO,SIN DATOS,0,0,Morelia,Centro,junio,viernes,14,-101.190572977066,19.6960415448842
7177,7177,2017,,2017/06/23,14:00:00,COLISIÓN POR CAMBIO DE CARRIL,ASFALTO,Bueno,Bueno,2,KENWORTH,BLANCO Y AZUL,2,,32,MASCULINO,SIN DATOS,0,0,Tarímbaro,Cuto del Porvenir,junio,viernes,14,-101.140995025635,19.8701405587861
7179,7179,2017,"170740872",2017/06/23,14:30:00,COLISIÓN POR CORTE DE CIRCULACIÓN,ASFALTO,Bueno,Bueno,2,RENAULT,ROJO,2,,,MASCULINO,SIN DATOS,0,0,Morelia,Felix Ireta,junio,viernes,15,-101.190664172173,19.6908444276017
7180,7180,2017,"170740964",2017/06/23,14:50:00,COLISIÓN POR ALCANCE,CONCRETO,Bueno,Bueno,2,V.W.,BLANCO,2,,28,MASCULINO,SIN DATOS,0,0,Morelia,Primaveras,junio,viernes,15,-101.225709915161,19.6787777779186
7181,7181,2017,"170741104",2017/06/23,15:40:00,COLISIÓN POR CORTE DE CIRCULACIÓN,CONCRETO,Bueno,Bueno,2,CHEVROLET,GRIS,2,,25,FEMENINO,SIN DATOS,0,0,Morelia,Centro,junio,viernes,16,-101.190251111984,19.7078998356064
7182,7182,2017,LEG7604,2017/06/23,16:50:00,COLISIÓN POR CORTE DE CIRCULACIÓN,ASFALTO,Bueno,Bueno,2,NISSAN,BLANCO,2,MINISTERIO PÚBLICO,22,FEMENINO,SIN DATOS,0,0,Morelia,Lomas de San Juan,junio,viernes,17,-101.183039681886,19.7298664251429
7183,7183,2017,17074133I,2017/06/23,16:50:00,COLISIÓN POR CAMBIO DE CARRIL,ASFALTO,Bueno,Bueno,2,VOLKSWAGEN,BLANCO,2,,39,MASCULINO,SIN DATOS,0,0,Morelia,Elias Perez Avalos,junio,viernes,17,-101.16899728775,19.7130206485069
7184,7184,2017,"170741460",2017/06/23,17:00:00,COLISIÓN POR CORTE DE CIRCULACIÓN,CONCRETO,Bueno,Bueno,2,YAMAHA,BLANCO,2,,,MASCULINO,SIN DATOS,0,0,Morelia,Villas del Pedregal,junio,viernes,17,-101.303649544716,19.6841369170621
7185,7185,2017,"170741886",2017/06/23,18:10:00,COLISIÓN POR CORTE DE CIRCULACIÓN,ASFALTO,Bueno,Bueno,2,TOYOTA,GRIS,2,,33,MASCULINO,SIN DATOS,0,0,Morelia,Centro,junio,viernes,18,-101.178202629089,19.6992435720051
7188,7188,2017,"170742458",2017/06/23,18:55:00,COLISIÓN POR CORTE DE CIRCULACIÓN,CONCRETO,Bueno,Bueno,2,CHEVROLET,ROJO,2,,37,FEMENINO,SIN DATOS,0,0,Morelia,La Aldea,junio,viernes,19,-101.133892536163,19.7401471101543
7189,7189,2017,"170742119",2017/06/23,19:20:00,COLISIÓN POR ALCANCE,CONCRETO,Lluvioso,Regular,2,HONDA,ROJO,2,,,MASCULINO,SIN DATOS,0,0,Morelia,Comision Federal de Electricidad,junio,viernes,19,-101.178803443909,19.6816669873661
7191,7191,2017,"170742246",2017/06/23,19:30:00,COLISIÓN POR CAMBIO DE CARRIL,ASFALTO,Bueno,Bueno,2,CHRYSLER,BLANCO,2,,,MASCULINO,SIN DATOS,0,0,Morelia,Guadalupe,junio,viernes,20,-101.226106882095,19.7090714759031
7192,7192,2017,,2017/06/23,19:40:00,SALIDA DE SUPERFICIE DE RODAMIENTO,ASFALTO,Bueno,Bueno,3,NISSAN,GRIS,1,MINISTERIO PÚBLICO,21,MASCULINO,SIN DATOS,0,0,Zitácuaro,Sin datos,junio,viernes,20,-100.39083480835,19.407992488603
7193,7193,2017,"170742715",2017/06/23,21:28:00,SALIDA DE SUPERFICIE DE RODAMIENTO,CONCRETO,Lluvioso,Bueno,1,V.W.,ROJO,1,,51,MASCULINO,ALIENTO ETÍLICO,0,0,Morelia,Loma Real,junio,viernes,21,-101.19781947,19.7313689249991
7194,7194,2017,"170742877",2017/06/23,22:10:00,COLISIÓN POR ALCANCE,ASFALTO,Lluvioso,Regular,2,FORD,GRIS,2,,,MASCULINO,SIN DATOS,0,0,Morelia,Elias Perez Avalos,junio,viernes,22,-101.165285110474,19.7104350119935
7195,7195,2017,,2017/06/23,22:10:00,COLISIÓN POR INVASIÓN DE CARRIL,ASFALTO,Bueno,Bueno,2,HONDA,NEGRO,2,MINISTERIO PÚBLICO,,,SIN DATOS,0,0,Santa Ana Maya,Centro,junio,viernes,22,-101.007227897644,20.0017414028438
7196,7196,2017,"170746853",2017/06/24,"00:00:00",SUBIDA AL CAMELLÓN,ASFALTO,Lluvioso,Regular,1,FORD,VERDE,1,MINISTERIO PÚBLICO,18,MASCULINO,SIN DATOS,0,0,Morelia,Felix Arreguin,junio,sábado,0,-101.226514577866,19.7216054698518
7197,7197,2017,,2017/06/24,"04:00:00",COLISIÓN POR ALCANCE,ASFALTO,Bueno,Regular,2,ITALIKA,SIN DATOS,4,,27,MASCULINO,SIN DATOS,2,0,Chucándiro,Sin datos,junio,sábado,4,-101.336603164673,19.9169920488182
7198,7198,2017,"170743314",2017/06/24,"04:30:00",COLISIÓN CONTRA OBJETO FIJO,CONCRETO,Bueno,Bueno,2,CHEVROLET,ROJO,2,,,,SIN DATOS,0,0,Morelia,Isaac Arriaga,junio,sábado,5,-101.174983978271,19.7090563254368