fid,id_accidente,anio_origen,folio_c5i,dia_incidente,hora_ocurrencia,tipo_incidente_vial,superficie_ocurrencia,condiciones_climaticas,condiciones_via,numero_vehiculos_involucrados,marca_vehiculo_ocasiona_siniestro,color_vehiculo_ocasiona_siniestro,numero_personas_involucradas,lugar_remite_presunto_responsable,edad_presunto_responsable,sexo_presunto_responsable,resultados_toxicologia,numero_personas_lesionadas,numero_personas_fallecidas,municipio,colonia,mes,dia_semana,hora_redondeada,lon,lat
7199,7199,2017,"170743420",2017/06/24,"06:50:00",SALIDA DE SUPERFICIE DE RODAMIENTO,ASFALTO,Bueno,Bueno,1,NISSAN,NEGRO,1,,34,MASCULINO,SIN DATOS,0,0,Morelia,Sin datos,junio,sábado,7,-101.127423048019,19.7145659503693
7200,7200,2017,"170743494",2017/06/24,"08:50:00",COLISIÓN POR CORTE DE CIRCULACIÓN,ASFALTO,Bueno,Bueno,3,FORD,PLATA,2,MINISTERIO PÚBLICO,59,MASCULINO,SIN DATOS,0,0,Morelia,Guadalupe,junio,sábado,9,-101.226155161858,19.7089906733995
7201,7201,2017,"170743648",2017/06/24,"09:50:00",COLISIÓN CONTRA OBJETO FIJO,ASFALTO,Bueno,Bueno,1,NISSAN,BLANCO Y VERDE,1,,,,SIN DATOS,0,0,Morelia,La Quemada,junio,sábado,10,-101.250633001328,19.6852935786099
7202,7202,2017,"170744189",2017/06/24,10:15:00,COLISIÓN CONTRA OBJETO FIJO,ASFALTO,Bueno,Regular,1,NISSAN,BLANCO,1,,50,MASCULINO,SIN DATOS,0,0,Tarímbaro,San Pedro de Los Sauces,junio,sábado,10,-101.136617660522,19.7841294442596
7203,7203,2017,"170743980",2017/06/24,11:00:00,COLISIÓN CONTRA OBJETO FIJO,ASFALTO,Bueno,Regular,1,NISSAN,BLANCO Y ROJO,0,,,,,0,0,Morelia,Tzindurio de Morelos,junio,sábado,11,-101.250225305557,19.6978395364541
7204,7204,2017,"170744139",2017/06/24,11:50:00,COLISIÓN POR CAMBIO DE CARRIL,ASFALTO,Bueno,Bueno,2,NISSAN,BLANCO,2,,21,MASCULINO,SIN DATOS,0,0,Morelia,Las Americas,junio,sábado,12,-101.151037216187,19.6896878061484
7205,7205,2017,"170744799",2017/06/24,13:40:00,COLISIÓN CONTRA OBJETO FIJO,CONCRETO,Nublado,Regular,1,MAZDA,NEGRO,1,,52,MASCULINO,SIN DATOS,0,0,Morelia,Jardines de Guadalupe,junio,sábado,14,-101.226627230644,19.7106117658208
7206,7206,2017,"170745393",2017/06/24,16:30:00,COLISIÓN POR ALCANCE,ASFALTO,Bueno,Bueno,2,MINI COOPER,NEGRO,2,,42,FEMENINO,SIN DATOS,0,0,Morelia,Sin datos,junio,sábado,17,-101.176292896271,19.6580466775613
7207,7207,2017,"170745317",2017/06/24,16:40:00,COLISIÓN POR ALCANCE,ASFALTO,Bueno,Bueno,3,NISSAN,ROJO,3,MINISTERIO PÚBLICO,18,MASCULINO,SIN DATOS,0,0,Morelia,Country Club  Las Huertas,junio,sábado,17,-101.228338479996,19.6584912322041
7208,7208,2017,,2017/06/24,17:00:00,COLISIÓN POR ALCANCE,ASFALTO,Bueno,Bueno,2,FORD,GUINDA,2,,52,MASCULINO,SIN DATOS,0,0,Cuitzeo,Sin datos,junio,sábado,17,-101.16093993187,19.9697892655402
7209,7209,2017,"170796253",2017/06/24,17:20:00,COLISIÓN POR CORTE DE CIRCULACIÓN,ASFALTO,Bueno,Bueno,2,SIN DATOS,SIN DATOS,1,,45,MASCULINO,SIN DATOS,0,0,Morelia,San Pascual,junio,sábado,17,-101.264677047729,19.6962536685361
7210,7210,2017,"170745478",2017/06/24,17:35:00,COLISIÓN POR CORTE DE CIRCULACIÓN,ASFALTO,Bueno,Bueno,2,TOYOTA,BLANCO,2,,44,MASCULINO,SIN DATOS,0,0,Morelia,Las Americas,junio,sábado,18,-101.158976554871,19.6881523656342
7211,7211,2017,"170745372",2017/06/24,18:35:00,COLISIÓN POR CORTE DE CIRCULACIÓN,SIN_DATOS,Bueno,Bueno,2,SIN DATOS,ROJO,1,,59,MASCULINO,SIN DATOS,0,0,Morelia,Tlalpujahua,junio,sábado,19,-101.21836066246,19.676373431034
7212,7212,2017,,2017/06/24,20:00:00,COLISIÓN CONTRA OBJETO FIJO,ASFALTO,Bueno,Bueno,1,V.W.,BLANCO,1,MINISTERIO PÚBLICO,,,SIN DATOS,0,0,Sahuayo,Las Brisas,junio,sábado,20,-102.716363668442,20.0576445534436
7213,7213,2017,"170746335",2017/06/24,20:40:00,COLISIÓN POR CORTE DE CIRCULACIÓN,CONCRETO,Bueno,Bueno,2,TOYOTA,BLANCO,2,,35,MASCULINO,SIN DATOS,0,0,Morelia,Centro,junio,sábado,21,-101.18982732296,19.7029404700006
7214,7214,2017,"170746730",2017/06/24,22:30:00,COLISIÓN POR ALCANCE,ASFALTO,Lluvioso,Regular,2,HONDA,CHAMPAGNE,2,,67,FEMENINO,SIN DATOS,0,0,Morelia,Morelia 450,junio,sábado,23,-101.217057108879,19.6756359560616
7215,7215,2017,"170746956",2017/06/24,23:40:00,COLISIÓN CONTRA OBJETO FIJO,SIN_DATOS,Bueno,Bueno,1,NISSAN,BLANCO Y ROJO,1,,24,MASCULINO,SIN DATOS,0,0,Morelia,Ocolusen Iii,junio,sábado,0,-101.150420308113,19.6861673828862
7218,7218,2017,"170747201",2017/06/25,"01:00:00",VOLCADURA,ASFALTO,Nublado,Regular,1,FORD,VERDE,1,,25,MASCULINO,CON CERTIFICADO,0,0,Morelia,Alberto Oviedo Mota,junio,domingo,1,-101.197997331619,19.681262905263
7219,7219,2017,"170747182",2017/06/25,"01:00:00",COLISIÓN POR CORTE DE CIRCULACIÓN,ASFALTO,Nublado,Bueno,2,SIN DATOS,BLANCO,2,,,,SIN DATOS,0,0,Morelia,Asociacion Zirahuen,junio,domingo,1,-101.250182390213,19.6986678179094
7220,7220,2017,"170747110",2017/06/25,"01:10:00",COLISIÓN POR ALCANCE,ASFALTO,Bueno,Bueno,2,NISSAN,NEGRO,2,,17,MASCULINO,SIN DATOS,0,0,Morelia,Las Americas,junio,domingo,1,-101.152206659317,19.6886271415762
7221,7221,2017,,2017/06/25,"01:30:00",COLISIÓN CONTRA OBJETO FIJO,CONCRETO,Bueno,Bueno,1,FORD,NEGRO,2,MINISTERIO PÚBLICO,56,MASCULINO,SIN DATOS,1,0,Sahuayo,La Alameda,junio,domingo,2,-102.716331481934,20.0555886053001
7222,7222,2017,"170747270",2017/06/25,"02:08:00",COLISIÓN CONTRA OBJETO FIJO,CONCRETO,Bueno,Bueno,1,DODGE,NEGRO,1,MINISTERIO PÚBLICO,17,FEMENINO,ALIENTO ETÍLICO,0,0,Morelia,Jose Maria Cabrera,junio,domingo,2,-101.224755048752,19.7248069851899
7223,7223,2017,"170742294",2017/06/25,"02:45:00",COLISIÓN CONTRA OBJETO FIJO,ASFALTO,Bueno,Bueno,1,BMW,NEGRO,1,,27,MASCULINO,SIN DATOS,0,0,Morelia,Avicola Benito Juarez,junio,domingo,3,-101.279525756836,19.6915666804285
7224,7224,2017,"170747411",2017/06/25,"04:20:00",COLISIÓN POR ALCANCE,CONCRETO,Bueno,Bueno,2,CHEVROLET,NEGRO,2,,31,MASCULINO,SIN DATOS,0,0,Morelia,Santa Maria de Guido,junio,domingo,4,-101.192772388458,19.6773533582799
7225,7225,2017,"170747429",2017/06/25,"04:30:00",SUBIDA AL CAMELLÓN,ASFALTO,Bueno,Bueno,1,CHEVROLET,ROJO,0,,,,,0,0,Morelia,Melchor Ocampo,junio,domingo,5,-101.201795339584,19.7067736387835
7226,7226,2017,"170747649",2017/06/25,"08:55:00",COLISIÓN POR CAMBIO DE CARRIL,ASFALTO,Bueno,Bueno,2,ISUZU,BLANCO,2,MINISTERIO PÚBLICO,49,MASCULINO,SIN DATOS,0,0,Morelia,Centenario (Los Alamos Poniente),junio,domingo,9,-101.175327301025,19.7349059823233
7227,7227,2017,"170747849",2017/06/25,10:30:00,COLISIÓN CONTRA OBJETO FIJO,ASFALTO,Bueno,Bueno,2,DATSUN,ROJO,2,,26,MASCULINO,SIN DATOS,0,0,Morelia,Eduardo Ruiz,junio,domingo,11,-101.215163469315,19.7146846248948
7228,7228,2017,,2017/06/25,10:35:00,COLISIÓN POR CORTE DE CIRCULACIÓN,ASFALTO,Bueno,Bueno,2,CHEVROLET,GRIS,2,,30,MASCULINO,SIN DATOS,0,0,Morelia,El Lago 1,junio,domingo,11,-101.210453510284,19.7264127684151
7229,7229,2017,"170748219",2017/06/25,12:15:00,COLISIÓN CON PEATÓN,SIN_DATOS,Bueno,Bueno,1,SIN DATOS,SIN DATOS,1,,,,,1,0,Morelia,Sin datos,junio,domingo,12,-101.287808418274,19.594644623963
7230,7230,2017,,2017/06/25,12:30:00,COLISIÓN POR INVASIÓN DE CARRIL,ASFALTO,Bueno,Bueno,2,JEEP,PLATA,2,,25,MASCULINO,SIN DATOS,0,0,Pátzcuaro,Viveros,junio,domingo,13,-101.617205142975,19.5407625528934
7231,7231,2017,"170748820",2017/06/25,14:30:00,COLISIÓN POR ALCANCE,ASFALTO,Bueno,Bueno,2,VOLKSWAGEN,BLANCO,2,,30,MASCULINO,SIN DATOS,0,0,Morelia,Chapultepec Oriente,junio,domingo,15,-101.159019470215,19.6881725688944
7232,7232,2017,"170749134",2017/06/25,15:10:00,COLISIÓN POR CAMBIO DE CARRIL,ASFALTO,Bueno,Bueno,2,HONDA,GRIS,2,,40,MASCULINO,SIN DATOS,0,0,Morelia,Prados Verdes,junio,domingo,15,-101.197364330292,19.7145962502565
7233,7233,2017,"170149090",2017/06/25,15:10:00,COLISIÓN POR CORTE DE CIRCULACIÓN,ASFALTO,Bueno,Bueno,2,NISSAN,BLANCO Y ROSA,2,,29,MASCULINO,SIN DATOS,0,0,Morelia,Morelos,junio,domingo,15,-101.20793223381,19.6955314368562
7234,7234,2017,"170749071",2017/06/25,15:20:00,COLISIÓN POR CORTE DE CIRCULACIÓN,ASFALTO,Bueno,Bueno,2,NISSAN,BLANCO Y AMARILLO,2,,67,MASCULINO,SIN DATOS,0,0,Morelia,Francisco J Mujica,junio,domingo,15,-101.192300319672,19.7231405893105
7235,7235,2017,"170748914",2017/06/25,15:25:00,COLISIÓN CONTRA OBJETO FIJO,CONCRETO,Bueno,Bueno,2,HONDA,GRIS,2,,35,MASCULINO,SIN DATOS,0,0,Morelia,Felicitas del Rio,junio,domingo,15,-101.201564669609,19.6910363552442
7236,7236,2017,,2017/06/25,16:40:00,COLISIÓN POR CORTE DE CIRCULACIÓN,ASFALTO,Lluvioso,Regular,2,CHEVROLET,AZUL,2,,30,MASCULINO,SIN DATOS,0,0,Morelia,Centro,junio,domingo,17,-101.177784204483,19.7026677509354
7237,7237,2017,"170749880",2017/06/25,19:00:00,COLISIÓN POR ALCANCE,ASFALTO,Bueno,Bueno,2,TOYOTA,NEGRO,2,,31,MASCULINO,SIN DATOS,0,0,Morelia,Lomas de Hidalgo,junio,domingo,19,-101.158890724182,19.695607195577
7238,7238,2017,"170747932",2017/06/25,19:50:00,COLISIÓN POR ALCANCE,ASFALTO,Nublado,Malo,2,FORD,VERDE,2,,39,MASCULINO,SIN DATOS,0,0,Morelia,Irrigacion,junio,domingo,20,-101.225109100342,19.7048797921682
7239,7239,2017,"17050156",2017/06/25,20:15:00,COLISIÓN POR CORTE DE CIRCULACIÓN,ASFALTO,Nublado,Bueno,2,GMC,AZUL,2,MINISTERIO PÚBLICO,70,MASCULINO,CON CERTIFICADO,0,0,Morelia,Alberto Oviedo Mota,junio,domingo,20,-101.197943687439,19.6812427011311
7240,7240,2017,"170750050",2017/06/25,20:40:00,SUBIDA AL CAMELLÓN,ASFALTO,Lluvioso,Regular,1,MAZDA,NEGRO,1,,42,MASCULINO,SIN DATOS,0,0,Morelia,Terrazas,junio,domingo,21,-101.181517839432,19.7195956530094
7241,7241,2017,LEG7646,2017/06/25,20:40:00,SUBIDA AL CAMELLÓN,ASFALTO,Lluvioso,Regular,1,MAZDA,NEGRO,1,,42,MASCULINO,SIN DATOS,0,0,Morelia,Terrazas,junio,domingo,21,-101.181335449219,19.719787546161
7242,7242,2017,,2017/06/25,21:10:00,COLISIÓN POR INVASIÓN DE CARRIL,ASFALTO,Bueno,Bueno,2,Italika,Rojo/Negro,1,MINISTERIO PÚBLICO,57,MASCULINO,CON CERTIFICADO,0,0,Apatzingán,Sin datos,junio,domingo,21,-102.407555580139,19.0919283335703
7243,7243,2017,"170501070",2017/06/25,21:20:00,SALIDA DE SUPERFICIE DE RODAMIENTO,CONCRETO,Lluvioso,Regular,1,MAZDA,DORADO,1,,24,MASCULINO,SIN DATOS,0,0,Morelia,Union,junio,domingo,21,-101.158778071404,19.7088947203736
7244,7244,2017,"170750367",2017/06/25,21:30:00,COLISIÓN POR ALCANCE,CONCRETO,Bueno,Bueno,2,FORD,ROJO,2,,25,MASCULINO,SIN DATOS,0,0,Morelia,Comision Federal de Electricidad,junio,domingo,22,-101.181346178055,19.6814245382266
7245,7245,2017,"170750845",2017/06/25,23:25:00,COLISIÓN CONTRA OBJETO FIJO,ASFALTO,Bueno,Bueno,1,NISSAN,ROJO,1,,23,MASCULINO,SIN DATOS,0,0,Morelia,Jardines de Torremolinos,junio,domingo,23,-101.225645542145,19.6769391629588
7246,7246,2017,"170750956",2017/06/26,"08:20:00",COLISIÓN POR ALCANCE,ASFALTO,Bueno,Bueno,2,VOLKSWAGEN,BLANCO,2,,33,MASCULINO,SIN DATOS,0,0,Morelia,Alberto Oviedo Mota,junio,lunes,8,-101.197557449341,19.6812224969966
7247,7247,2017,,2017/06/26,"09:40:00",COLISIÓN POR CORTE DE CIRCULACIÓN,ADOQUIN_EMPEDRADO,Lluvioso,Bueno,2,NISSAN,BLANCO,2,,29,MASCULINO,SIN DATOS,0,0,Cuitzeo,El Embarcadero,junio,lunes,10,-101.14122569561,19.9654632810972
7248,7248,2017,"170751253",2017/06/26,"09:50:00",COLISIÓN POR CORTE DE CIRCULACIÓN,ASFALTO,Nublado,Regular,2,HONDA,BLANCO,2,,17,MASCULINO,SIN DATOS,0,0,Morelia,Lomas de Huerta,junio,lunes,10,-101.210142374039,19.6750197072486
7249,7249,2017,"170751277",2017/06/26,10:40:00,COLISIÓN POR ALCANCE,ASFALTO,Bueno,Bueno,2,NISSAN,PLATA,2,,38,MASCULINO,SIN DATOS,0,0,Morelia,Cosmos,junio,lunes,11,-101.216397285461,19.6832833055846
7250,7250,2017,"170751456",2017/06/26,11:20:00,COLISIÓN POR CORTE DE CIRCULACIÓN,ASFALTO,Lluvioso,Regular,2,FAW,BLANCO,1,,,,SIN DATOS,0,0,Morelia,Cosmos,junio,lunes,11,-101.216405332088,19.6831646077703
7251,7251,2017,"170751684",2017/06/26,12:00:00,COLISIÓN POR ALCANCE,ASFALTO,Nublado,Regular,2,FORD,BLANCO,2,,29,MASCULINO,SIN DATOS,0,0,Morelia,Los Manantiales de Morelia,junio,lunes,12,-101.242318153381,19.6977082231468
7252,7252,2017,"170563221",2017/06/26,12:20:00,COLISIÓN POR ALCANCE,CONCRETO,Bueno,Bueno,2,VOLKSWAGEN,BLANCO,2,,58,MASCULINO,SIN DATOS,0,0,Morelia,Alberto Oviedo Mota,junio,lunes,12,-101.197321414948,19.681262905263
7253,7253,2017,"170751544",2017/06/26,12:20:00,COLISIÓN POR INVASIÓN DE CARRIL,ASFALTO,Bueno,Bueno,3,VOLKSWAGEN,BLANCO,4,MINISTERIO PÚBLICO,28,MASCULINO,SIN DATOS,1,0,Morelia,Alberto Oviedo Mota,junio,lunes,12,-101.19734287262,19.6811820887201
7254,7254,2017,"170451660",2017/06/26,13:05:00,COLISIÓN POR CORTE DE CIRCULACIÓN,CONCRETO,Lluvioso,Bueno,2,RENAULT,ROJO,2,,23,MASCULINO,SIN DATOS,0,0,Morelia,Lomas de Guayangareo,junio,lunes,13,-101.161814332008,19.7051828091333
7255,7255,2017,"170751818",2017/06/26,13:45:00,COLISIÓN CON PEATÓN,ASFALTO,Nublado,Bueno,1,SIN DATOS,SIN DATOS,1,,,,,1,0,Morelia,Centro,junio,lunes,14,-101.178159713745,19.6992132692096
7256,7256,2017,"170752334",2017/06/26,15:20:00,COLISIÓN POR ALCANCE,ASFALTO,Bueno,Bueno,2,INTERNATIONAL,BLANCO Y NARANJA,2,,28,MASCULINO,SIN DATOS,0,0,Morelia,La Esperanza,junio,lunes,15,-101.252210140228,19.698334485644
7257,7257,2017,"170752789",2017/06/26,17:30:00,COLISIÓN POR ALCANCE,ASFALTO,Nublado,Regular,4,SEAT,ROJO,4,,22,MASCULINO,SIN DATOS,0,0,Morelia,La Esperanza,junio,lunes,18,-101.250697374344,19.6986375150049
7258,7258,2017,"170752662",2017/06/26,17:45:00,COLISIÓN POR ALCANCE,CONCRETO,Bueno,Bueno,2,NISSAN,ROJO,1,,47,FEMENINO,SIN DATOS,0,0,Morelia,Tierra Y Libertad,junio,lunes,18,-101.223360300064,19.7169596237694
7259,7259,2017,"170752909",2017/06/26,18:20:00,COLISIÓN POR CORTE DE CIRCULACIÓN,ASFALTO,Nublado,Malo,2,HONDA,ROJO,2,,19,MASCULINO,SIN DATOS,0,0,Morelia,Pablo Galeana,junio,lunes,18,-101.230784654617,19.6390610240599
7260,7260,2017,,2017/06/26,23:00:00,VOLCADURA,CONCRETO,Bueno,Bueno,1,CHEVROLET,ARENA,1,,46,MASCULINO,SIN DATOS,0,0,Lázaro Cárdenas,Sin datos,junio,lunes,23,-102.243232727051,17.9439103428685
7261,7261,2017,,2017/06/27,"00:00:00",COLISIÓN POR ALCANCE,ASFALTO,Bueno,Bueno,2,YAMAHA,VERDE,2,,26,MASCULINO,SIN DATOS,0,0,Pátzcuaro,Centro,junio,martes,0,-101.6137611866,19.5084550109504
7262,7262,2017,"170754163",2017/06/27,"01:10:00",COLISIÓN POR ALCANCE,ASFALTO,Bueno,Bueno,2,NISSAN,BLANCO Y ROJO,2,,26,MASCULINO,SIN DATOS,0,0,Morelia,Libertad,junio,martes,1,-101.236964464188,19.6849602184966
7263,7263,2017,"170754278",2017/06/27,"05:00:00",COLISIÓN POR CORTE DE CIRCULACIÓN,ASFALTO,Bueno,Regular,3,SIN DATOS,GRIS,3,,,,SIN DATOS,0,0,Morelia,Cuauhtemoc,junio,martes,5,-101.181791424751,19.700602141441
7264,7264,2017,"170734403",2017/06/27,"06:50:00",SUBIDA AL CAMELLÓN,CONCRETO,Bueno,Bueno,1,CHRYSLER,GRIS,1,,35,MASCULINO,SIN DATOS,0,0,Morelia,La Aldea,junio,martes,7,-101.13477230072,19.7425656458168
7265,7265,2017,"170754550",2017/06/27,"08:40:00",COLISIÓN POR CORTE DE CIRCULACIÓN,ASFALTO,Bueno,Bueno,2,NISSAN,BLANCO,2,,39,FEMENINO,SIN DATOS,0,0,Morelia,Isaac Arriaga,junio,martes,9,-101.166899800301,19.7097330448655
7266,7266,2017,"170754760",2017/06/27,"09:00:00",COLISIÓN POR CAMBIO DE CARRIL,CONCRETO,Nublado,Bueno,2,FORD,ARENA,2,,38,MASCULINO,SIN DATOS,0,0,Morelia,Centro,junio,martes,9,-101.194478273392,19.6998748789396
7267,7267,2017,"170754842",2017/06/27,"09:55:00",COLISIÓN POR ALCANCE,ASFALTO,Bueno,Bueno,2,CHEVROLET,GRIS,2,,29,MASCULINO,SIN DATOS,0,0,Morelia,Lazaro Cardenas,junio,martes,10,-101.1656498909,19.710212806905
7268,7268,2017,"170755597",2017/06/27,12:10:00,COLISIÓN POR CAMBIO DE CARRIL,ASFALTO,Bueno,Bueno,2,DINA,BLANCO,2,,55,MASCULINO,SIN DATOS,0,0,Morelia,Infonavit  Las  Camelinas,junio,martes,12,-101.176936626434,19.6817377016293
7269,7269,2017,"170756077",2017/06/27,14:00:00,SUBIDA AL CAMELLÓN,ASFALTO,Bueno,Bueno,1,INTERNATIONAL,BLANCO,1,,38,MASCULINO,SIN DATOS,0,0,Morelia,Fidel Velazquez,junio,martes,14,-101.239957809448,19.7060161028279
7270,7270,2017,"170756278",2017/06/27,15:30:00,COLISIÓN POR CORTE DE CIRCULACIÓN,ASFALTO,Bueno,Bueno,2,NISSAN,BLANCO Y ROJO,2,MINISTERIO PÚBLICO,,MASCULINO,SIN DATOS,0,0,Morelia,Independencia,junio,martes,16,-101.17689371109,19.7052838146608
7271,7271,2017,"170755506",2017/06/27,16:25:00,SUBIDA AL CAMELLÓN,ASFALTO,Bueno,Bueno,1,CHEVROLET,AZUL,1,,,,SIN DATOS,0,0,Morelia,El Lago 3,junio,martes,16,-101.219347715378,19.727321695164
7272,7272,2017,"170756560",2017/06/27,16:45:00,COLISIÓN POR ALCANCE,ASFALTO,Nublado,Regular,2,KENWORTH,BLANCO,2,,21,MASCULINO,SIN DATOS,0,0,Morelia,Tzindurio Norte,junio,martes,17,-101.244721412659,19.7039505365629
7273,7273,2017,,2017/06/27,17:17:00,COLISIÓN POR ALCANCE,ASFALTO,Bueno,Bueno,2,V.W.,BLANCO,2,,32,,SIN DATOS,0,0,Panindícuaro,Sin datos,junio,martes,17,-101.728420257568,20.0049675126746
7274,7274,2017,"170756737",2017/06/27,18:05:00,COLISIÓN POR CORTE DE CIRCULACIÓN,ASFALTO,Bueno,Bueno,2,VOLKSWAGEN,GRIS,2,,29,MASCULINO,SIN DATOS,0,0,Morelia,Plan de La Garita,junio,martes,18,-101.188255548477,19.7126368457292
7275,7275,2017,"170756908",2017/06/27,18:20:00,COLISIÓN POR MANIOBRA DE REVERSA,CONCRETO,Bueno,Bueno,2,SIN DATOS,SIN DATOS,3,,,,SIN DATOS,1,0,Morelia,Vasco de Quiroga,junio,martes,18,-101.174597740173,19.6979708496537
7276,7276,2017,"170756878",2017/06/27,18:20:00,COLISIÓN POR ALCANCE,CONCRETO,Bueno,Bueno,2,NISSAN,BLANCO,2,,24,MASCULINO,SIN DATOS,0,0,Morelia,Chapultepec Norte,junio,martes,18,-101.173412203789,19.6937889763811
7277,7277,2017,"170757480",2017/06/27,21:15:00,COLISIÓN POR CAMBIO DE CARRIL,ASFALTO,Bueno,Bueno,2,TOYOTA,BLANCO Y CAFE,3,,,MASCULINO,SIN DATOS,1,0,Morelia,Jardines de Guadalupe,junio,martes,21,-101.22653067112,19.7103087591402
7278,7278,2017,"170757596",2017/06/27,21:45:00,COLISIÓN POR CAMBIO DE CARRIL,ASFALTO,Bueno,Bueno,2,VENTO,NEGRO,2,,39,MASCULINO,SIN DATOS,0,0,Morelia,La Quemada,junio,martes,22,-101.239249706268,19.7014859629482
7279,7279,2017,"170757923",2017/06/28,"02:25:00",COLISIÓN POR NO RESPETAR SEMÁFORO,ASFALTO,Bueno,Bueno,2,FREIGHTLINER,BLANCO,2,,35,MASCULINO,SIN DATOS,0,0,Morelia,Jardines de Sindurio,junio,miércoles,2,-101.256737709045,19.6975466066206
7280,7280,2017,"170758009",2017/06/28,"04:50:00",COLISIÓN POR INVASIÓN DE CARRIL,ASFALTO,Bueno,Regular,2,NISSAN,BLANCO Y ROJO,2,,,MASCULINO,SIN DATOS,0,0,Morelia,Americas Britania,junio,miércoles,5,-101.142810881138,19.6919732618801
7281,7281,2017,"170758213",2017/06/28,"08:00:00",COLISIÓN POR ALCANCE,ASFALTO,Lluvioso,Bueno,2,TOYOTA,AZUL,2,,47,MASCULINO,SIN DATOS,0,0,Morelia,Victor Manuel Tinoco Rubi,junio,miércoles,8,-101.243584156036,19.7010415276005
7282,7282,2017,"170738210",2017/06/28,"08:10:00",COLISIÓN POR CORTE DE CIRCULACIÓN,CONCRETO,Bueno,Bueno,2,CHEVROLET,GUINDA,2,,42,FEMENINO,SIN DATOS,0,0,Morelia,Chapultepec Sur,junio,miércoles,8,-101.172173023224,19.6904858253374
7283,7283,2017,"170758187",2017/06/28,"08:15:00",COLISIÓN CONTRA OBJETO FIJO,ASFALTO,Nublado,Regular,1,NISSAN,GUINDA,1,,59,MASCULINO,SIN DATOS,0,0,Morelia,Alberto Oviedo Mota,junio,miércoles,8,-101.19775056839,19.6812224969966
7284,7284,2017,"170758283",2017/06/28,"08:30:00",COLISIÓN CONTRA OBJETO FIJO,ASFALTO,Nublado,Regular,1,CHEVROLET,NEGRO,0,,,,,0,0,Morelia,El Eden,junio,miércoles,9,-101.248111724854,19.6482459554307
7285,7285,2017,"170758160",2017/06/28,"08:30:00",COLISIÓN CONTRA OBJETO FIJO,CONCRETO,Lluvioso,Bueno,1,NISSAN,PLATA,1,,29,MASCULINO,SIN DATOS,0,0,Morelia,Sin datos,junio,miércoles,9,-101.123979091644,19.7178282052554
7286,7286,2017,"170758428",2017/06/28,"09:30:00",SALIDA DE SUPERFICIE DE RODAMIENTO,ASFALTO,Nublado,Regular,1,FORD,ARENA,0,,,,,0,0,Morelia,Independencia,junio,miércoles,10,-101.177966594696,19.7195249554745
7287,7287,2017,"170758525",2017/06/28,10:10:00,COLISIÓN POR CORTE DE CIRCULACIÓN,ASFALTO,Nublado,Bueno,2,PONTI,BLANCO,2,,52,MASCULINO,SIN DATOS,0,0,Morelia,Sin datos,junio,miércoles,10,-101.134268045425,19.7297555735531
7288,7288,2017,"170758302",2017/06/28,10:10:00,COLISIÓN POR ALCANCE,CONCRETO,Bueno,Bueno,2,NISSAN,GRIS,1,,,,SIN DATOS,0,0,Morelia,Industrial,junio,miércoles,10,-101.193866729736,19.7124348438972
7289,7289,2017,"170602108",2017/06/28,10:20:00,COLISIÓN POR INVASIÓN DE CARRIL,ASFALTO,Bueno,Bueno,2,DODGE,AMARILLO,2,,28,MASCULINO,SIN DATOS,0,0,Morelia,Canteras de Morelia,junio,miércoles,10,-101.173396110535,19.7161718364801
7290,7290,2017,"170758783",2017/06/28,10:55:00,COLISIÓN POR CORTE DE CIRCULACIÓN,ASFALTO,Nublado,Regular,2,CHEVROLET,PLATA,2,,74,MASCULINO,SIN DATOS,0,0,Morelia,Centro,junio,miércoles,11,-101.20417714119,19.7025768444771
7291,7291,2017,"170759736",2017/06/28,13:00:00,COLISIÓN POR CAMBIO DE CARRIL,ASFALTO,Bueno,Bueno,2,MERCEDES BENZ,BLANCO Y ROSA,2,,32,MASCULINO,SIN DATOS,0,0,Morelia,Cinco de Diciembre,junio,miércoles,13,-101.160864830017,19.6880715525677
7292,7292,2017,,2017/06/28,13:05:00,COLISIÓN POR CORTE DE CIRCULACIÓN,ASFALTO,Lluvioso,Bueno,1,FORD,AZUL,1,,49,MASCULINO,SIN DATOS,0,0,Morelia,Enrique Arreguin Robles,junio,miércoles,13,-101.184146404266,19.719787546161
7293,7293,2017,"170134681",2017/06/28,13:45:00,COLISIÓN POR ALCANCE,ASFALTO,Bueno,Bueno,2,CHEVROLET,GRIS,2,,28,FEMENINO,SIN DATOS,0,0,Morelia,Tinijaro,junio,miércoles,14,-101.264494657516,19.6962435674162
7294,7294,2017,"170160147",2017/06/28,17:52:00,COLISIÓN POR CAMBIO DE CARRIL,CONCRETO,Bueno,Bueno,2,FREIGHTLINER,BLANCO Y AZUL,2,,42,MASCULINO,SIN DATOS,0,0,Morelia,Hermosa Provincia,junio,miércoles,18,-101.242790222168,19.7098895989523
7295,7295,2017,LEG7727,2017/06/28,18:35:00,COLISIÓN POR CORTE DE CIRCULACIÓN,ASFALTO,Bueno,Bueno,2,MAZDA,BLANCO,2,MINISTERIO PÚBLICO,50,MASCULINO,SIN DATOS,0,0,Morelia,Lomas de Vista Bella,junio,miércoles,19,-101.200824379921,19.6702310701459