fid,id_accidente,anio_origen,folio_c5i,dia_incidente,hora_ocurrencia,tipo_incidente_vial,superficie_ocurrencia,condiciones_climaticas,condiciones_via,numero_vehiculos_involucrados,marca_vehiculo_ocasiona_siniestro,color_vehiculo_ocasiona_siniestro,numero_personas_involucradas,lugar_remite_presunto_responsable,edad_presunto_responsable,sexo_presunto_responsable,resultados_toxicologia,numero_personas_lesionadas,numero_personas_fallecidas,municipio,colonia,mes,dia_semana,hora_redondeada,lon,lat
7296,7296,2017,"170770474",2017/06/28,18:45:00,COLISIÓN POR NO RESPETAR SEMÁFORO,ASFALTO,Bueno,Bueno,2,CHEVROLET,PLATA,2,,27,FEMENINO,SIN DATOS,0,0,Morelia,Felicitas del Rio,junio,miércoles,19,-101.200271844864,19.6933925008414
7297,7297,2017,"170760637",2017/06/28,19:34:00,COLISIÓN POR CORTE DE CIRCULACIÓN,ASFALTO,Nublado,Regular,2,RENAULT,AZUL,3,MINISTERIO PÚBLICO,44,MASCULINO,SIN DATOS,1,0,Morelia,Ventura Puente,junio,miércoles,20,-101.179822683334,19.6905262312665
7298,7298,2017,"170761058",2017/06/28,21:00:00,COLISIÓN POR CORTE DE CIRCULACIÓN,CONCRETO,Lluvioso,Bueno,2,CHEVROLET,AMARILLO,2,,30,MASCULINO,SIN DATOS,0,0,Morelia,Lomas de Huerta,junio,miércoles,21,-101.214326620102,19.6744337635563
7299,7299,2017,"170760873",2017/06/28,21:20:00,COLISIÓN CON PEATÓN,CONCRETO,Bueno,Bueno,1,CHEVROLET,GRIS,2,,29,MASCULINO,SIN DATOS,1,0,Morelia,Las Americas,junio,miércoles,21,-101.156830787659,19.6878493164245
7300,7300,2017,"170761209",2017/06/28,22:05:00,COLISIÓN POR NO RESPETAR SEMÁFORO,ASFALTO,Lluvioso,Regular,2,HONDA,GRIS,2,,29,MASCULINO,SIN DATOS,0,0,Morelia,Felix Ireta,junio,miércoles,22,-101.195744276047,19.6816063751156
7301,7301,2017,"170761118",2017/06/28,22:40:00,COLISIÓN POR INVASIÓN DE CARRIL,CONCRETO,Lluvioso,Bueno,2,GMC,ROJO,2,,30,MASCULINO,SIN DATOS,0,0,Morelia,Tzindurio Norte,junio,miércoles,23,-101.248205602169,19.7036954953577
7302,7302,2017,"170761156",2017/06/28,23:10:00,COLISIÓN POR CORTE DE CIRCULACIÓN,ASFALTO,Nublado,Regular,2,FORD,BLANCO,2,,25,FEMENINO,SIN DATOS,0,0,Morelia,Industrial,junio,miércoles,23,-101.193845272064,19.712475244284
7303,7303,2017,"170761213",2017/06/28,23:35:00,COLISIÓN POR NO RESPETAR SEMÁFORO,ASFALTO,Lluvioso,Bueno,2,NISSAN,ROJO,2,,34,MASCULINO,SIN DATOS,0,0,Morelia,Dr Miguel Silva,junio,miércoles,0,-101.188373565674,19.7129802482578
7304,7304,2017,,2017/06/29,"00:00:00",COLISIÓN POR ALCANCE,ASFALTO,Bueno,Bueno,2,CHRYSLER,BLANCO Y GRIS,2,,59,MASCULINO,SIN DATOS,0,0,Morelia,Felix Ireta,junio,jueves,0,-101.181914806366,19.6815053546472
7305,7305,2017,"170761313",2017/06/29,"02:00:00",SUBIDA AL CAMELLÓN,ASFALTO,Lluvioso,Bueno,1,CHEVROLET,ROJO,0,,,,,0,0,Morelia,Puerta Tres Marias Norte,junio,jueves,2,-101.141273975372,19.6921525614468
7306,7306,2017,"170761449",2017/06/29,"05:50:00",COLISIÓN POR ALCANCE,ASFALTO,Bueno,Bueno,2,NISSAN,ROJO,2,,,,SIN DATOS,0,0,Morelia,Los Laureles,junio,jueves,6,-101.231782436371,19.7142528511983
7307,7307,2017,"170761580",2017/06/29,"06:55:00",SALIDA DE SUPERFICIE DE RODAMIENTO,ASFALTO,Lluvioso,Regular,1,MAZDA,GRIS,1,,28,MASCULINO,SIN DATOS,0,0,Morelia,Independencia,junio,jueves,7,-101.177923679352,19.7194239589417
7308,7308,2017,"170761581",2017/06/29,"07:40:00",COLISIÓN CONTRA OBJETO FIJO,ASFALTO,Lluvioso,Regular,1,VOLKSWAGEN,ROJO,1,MINISTERIO PÚBLICO,33,MASCULINO,SIN DATOS,0,0,Morelia,Sin datos,junio,jueves,8,-101.244335174561,19.6820104563522
7309,7309,2017,"170761339",2017/06/29,"08:20:00",COLISIÓN POR ALCANCE,CONCRETO,Bueno,Bueno,2,NISSAN,BLANCO,2,,33,MASCULINO,SIN DATOS,0,0,Morelia,Martires de Uruapan,junio,jueves,8,-101.197128295898,19.7248776803884
7310,7310,2017,"170761648",2017/06/29,"08:30:00",COLISIÓN POR CORTE DE CIRCULACIÓN,ASFALTO,Bueno,Bueno,2,NISSAN,GRIS,2,,,FEMENINO,SIN DATOS,0,0,Morelia,Centro,junio,jueves,9,-101.177693009377,19.7033242960455
7311,7311,2017,"170761915",2017/06/29,"09:15:00",COLISIÓN POR CORTE DE CIRCULACIÓN,ASFALTO,Bueno,Bueno,2,SEAT,AZUL,2,,,FEMENINO,SIN DATOS,0,0,Morelia,Felix Ireta,junio,jueves,9,-101.181179881096,19.6833439172005
7312,7312,2017,"170761732",2017/06/29,"09:40:00",COLISIÓN CONTRA OBJETO FIJO,ASFALTO,Bueno,Bueno,1,CHEVROLET,GRIS,1,,66,MASCULINO,SIN DATOS,0,0,Morelia,Los Fresnos,junio,jueves,10,-101.120588779449,19.7306644812851
7313,7313,2017,"170762063",2017/06/29,10:40:00,COLISIÓN POR INVASIÓN DE CARRIL,ASFALTO,Bueno,Bueno,2,DINA,BLANCO,2,,22,MASCULINO,SIN DATOS,0,0,Morelia,Lomas de Morelia (Dr Ignacio Chavez),junio,jueves,11,-101.176153421402,19.717999901037
7314,7314,2017,"170762331",2017/06/29,11:30:00,COLISIÓN POR CAMBIO DE CARRIL,ASFALTO,Nublado,Bueno,2,FORD,BLANCO,3,,30,MASCULINO,SIN DATOS,1,0,Morelia,Martires de Uruapan,junio,jueves,12,-101.197214126587,19.7250796664976
7316,7316,2017,"170763208",2017/06/29,15:20:00,COLISIÓN CONTRA OBJETO FIJO,ASFALTO,Bueno,Bueno,1,V.W.,GRIS,1,,63,MASCULINO,SIN DATOS,0,0,Morelia,Vasco de Quiroga,junio,jueves,15,-101.172784566879,19.7027586573421
7317,7317,2017,"170763820",2017/06/29,17:30:00,COLISIÓN POR CAMBIO DE CARRIL,ASFALTO,Bueno,Regular,2,KENWORTH,GRIS,2,,,MASCULINO,SIN DATOS,0,0,Morelia,La Quemada,junio,jueves,18,-101.240118741989,19.7010970820865
7318,7318,2017,"170763909",2017/06/29,17:35:00,CAIDA DE MOTOCICLETA,ASFALTO,Lluvioso,Malo,1,HONDA,ROJO Y AZUL,1,,32,MASCULINO,SIN DATOS,0,0,Morelia,Libertad,junio,jueves,18,-101.237168312073,19.6854249021004
7319,7319,2017,"170764028",2017/06/29,18:25:00,COLISIÓN POR CORTE DE CIRCULACIÓN,ASFALTO,Lluvioso,Malo,2,RENAULT,BLANCO,2,,32,,SIN DATOS,0,0,Morelia,Tzindurio Sarh,junio,jueves,18,-101.243047714233,19.6951930474655
7320,7320,2017,"170764383",2017/06/29,20:13:00,COLISIÓN POR ALCANCE,ASFALTO,Lluvioso,Bueno,2,NISSAN,BLANCO Y ROJO,1,,,FEMENINO,SIN DATOS,0,0,Tarímbaro,Sin datos,junio,jueves,20,-101.170949935913,19.7524060320518
7321,7321,2017,"170764492",2017/06/29,21:30:00,COLISIÓN POR CORTE DE CIRCULACIÓN,CONCRETO,Lluvioso,Bueno,2,VOLKSWAGEN,PLATA,2,MINISTERIO PÚBLICO,,FEMENINO,SIN DATOS,0,0,Morelia,Granjas del Maestro,junio,jueves,22,-101.193142533302,19.7164647322077
7322,7322,2017,"170764790",2017/06/29,22:35:00,COLISIÓN CONTRA OBJETO FIJO,CONCRETO,Lluvioso,Regular,2,CHEVROLET,BLANCO,1,MINISTERIO PÚBLICO,,,SIN DATOS,0,0,Morelia,Valle del Durazno,junio,jueves,23,-101.186399459839,19.6571878753301
7323,7323,2017,LEG7740,2017/06/29,22:55:00,COLISIÓN POR ALCANCE,SIN_DATOS,Bueno,Bueno,2,CHEVROLET,BLANCO,1,,,,SIN DATOS,0,0,Morelia,Trincheras de Morelos,junio,jueves,23,-101.188770532608,19.6632196007828
7324,7324,2017,"170764999",2017/06/29,23:45:00,COLISIÓN POR ALCANCE,CONCRETO,Lluvioso,Regular,1,CHEVROLET,NEGRO,2,,,,SIN DATOS,0,0,Morelia,Nueva Chapultepec,junio,jueves,0,-101.172451972961,19.6888897829819
7325,7325,2017,"170765127",2017/06/30,"01:00:00",SALIDA DE SUPERFICIE DE RODAMIENTO,TERRACERIA,Lluvioso,Malo,1,SEAT,NEGRO,1,,,MASCULINO,SIN DATOS,0,0,Morelia,Union,junio,viernes,1,-101.156042218208,19.714328601054
7327,7327,2017,"170765099",2017/06/30,"02:30:00",COLISIÓN CONTRA OBJETO FIJO,ASFALTO,Lluvioso,Bueno,1,MERCEDES BENZ,PLATA,1,,43,FEMENINO,SIN DATOS,0,0,Morelia,Nueva Chapultepec,junio,viernes,3,-101.165808141232,19.6888721052085
7328,7328,2017,"170765181",2017/06/30,"04:00:00",COLISIÓN POR CORTE DE CIRCULACIÓN,ASFALTO,Nublado,Regular,1,INTERNATIONAL,BLANCO,1,,,,SIN DATOS,0,0,Morelia,Arcos del Valle,junio,viernes,4,-101.236310005188,19.7077382293747
7329,7329,2017,"170765427",2017/06/30,"08:25:00",COLISIÓN CONTRA OBJETO FIJO,ASFALTO,Lluvioso,Bueno,1,NISSAN,PLATA,1,,20,MASCULINO,SIN DATOS,0,0,Morelia,Felix Ireta,junio,viernes,8,-101.192042827606,19.6825559644047
7330,7330,2017,"170765659",2017/06/30,"09:00:00",COLISIÓN POR CORTE DE CIRCULACIÓN,SIN_DATOS,Bueno,Bueno,2,NISSAN,ARENA,2,,28,MASCULINO,SIN DATOS,0,0,Morelia,Primo Tapia,junio,viernes,9,-101.211848258972,19.7091169272934
7331,7331,2017,"170765535",2017/06/30,"09:00:00",COLISIÓN POR CAMBIO DE CARRIL,ASFALTO,Nublado,Bueno,2,CHEVROLET,PLATA,2,,35,MASCULINO,SIN DATOS,0,0,Morelia,Sin datos,junio,viernes,9,-101.114408969879,19.7370165920603
7332,7332,2017,"170867511",2017/06/30,"09:20:00",CAIDA DE MOTOCICLETA,ASFALTO,Bueno,Bueno,1,SUZUKI,NEGRO,1,,29,MASCULINO,SIN DATOS,0,0,Morelia,Villas del Carmen,junio,viernes,9,-101.208715438843,19.67650981302
7333,7333,2017,LEG7773,2017/06/30,11:10:00,COLISIÓN POR CORTE DE CIRCULACIÓN,ASFALTO,Bueno,Bueno,2,G.M.C.,BLANCO,2,,52,MASCULINO,SIN DATOS,0,0,Morelia,Sin datos,junio,viernes,11,-101.327891349792,19.6855865308639
7334,7334,2017,"170766849",2017/06/30,11:20:00,COLISIÓN POR ALCANCE,ASFALTO,Nublado,Bueno,3,CHEVROLET,BLANCO,3,,42,MASCULINO,SIN DATOS,0,0,Morelia,Comision Federal de Electricidad,junio,viernes,11,-101.178814172745,19.6815760689818
7335,7335,2017,"17076258",2017/06/30,12:20:00,COLISIÓN CONTRA OBJETO FIJO,CONCRETO,Nublado,Regular,2,FORD,VERDE,2,,55,MASCULINO,SIN DATOS,0,0,Morelia,Central de Abastos,junio,viernes,12,-101.169404983521,19.7159496393634
7336,7336,2017,"170766196",2017/06/30,13:15:00,VOLCADURA,ASFALTO,Lluvioso,Bueno,1,NISSAN,BLANCO Y ROJO,1,,21,MASCULINO,SIN DATOS,0,0,Morelia,Sin datos,junio,viernes,13,-101.290426254272,19.602002727628
7337,7337,2017,"170766493",2017/06/30,13:40:00,COLISIÓN POR CORTE DE CIRCULACIÓN,ASFALTO,Bueno,Bueno,2,NISSAN,NEGRO,2,,25,MASCULINO,SIN DATOS,0,0,Morelia,Chapultepec Norte,junio,viernes,14,-101.170327663422,19.6945768739017
7338,7338,2017,"170766548",2017/06/30,14:20:00,COLISIÓN POR ALCANCE,ASFALTO,Nublado,Regular,2,SUZUKI,AZUL,2,,38,MASCULINO,SIN DATOS,0,0,Morelia,Rey Tariacuri (Eucaliptos),junio,viernes,14,-101.198887825012,19.6778382685149
7339,7339,2017,,2017/06/30,15:50:00,COLISIÓN POR CORTE DE CIRCULACIÓN,CONCRETO,Bueno,Bueno,1,CHEVROLET,NEGRO,1,,,,SIN DATOS,0,0,Morelia,Arcos del Valle,junio,viernes,16,-101.2326836586,19.7031222824524
7340,7340,2017,"170767218",2017/06/30,17:00:00,COLISIÓN POR CORTE DE CIRCULACIÓN,CONCRETO,Nublado,Regular,2,MITSIBISHI,GRIS,2,,47,FEMENINO,SIN DATOS,0,0,Morelia,Ventura Puente,junio,viernes,17,-101.193743348122,19.6937182674396
7341,7341,2017,"170268107",2017/06/30,19:50:00,COLISIÓN POR CAMBIO DE CARRIL,CONCRETO,Bueno,Bueno,2,CHEVROLET,BLANCO,2,,30,MASCULINO,SIN DATOS,0,0,Morelia,Lindavista,junio,viernes,20,-101.216161251068,19.7039606371964
7342,7342,2017,,2017/06/30,20:55:00,COLISIÓN POR ALCANCE,ASFALTO,Bueno,Bueno,2,VOLKSWAGEN,NEGRO,2,,19,MASCULINO,SIN DATOS,0,0,Morelia,Eduardo Ruiz,junio,viernes,21,-101.223253011703,19.7224942250198
7343,7343,2017,"170768525",2017/06/30,22:10:00,COLISIÓN POR CAMBIO DE CARRIL,ASFALTO,Nublado,Regular,2,NISSAN,BLANCO Y ROJO,2,,38,MASCULINO,SIN DATOS,0,0,Morelia,Tzindurio de Morelos,junio,viernes,22,-101.244689226151,19.6999683121543
7344,7344,2017,"170768922",2017/07/01,"01:00:00",SALIDA DE SUPERFICIE DE RODAMIENTO,ASFALTO,Bueno,Bueno,2,NISSAN,NEGRO,2,,32,MASCULINO,SIN DATOS,0,0,Morelia,Sin datos,julio,sábado,1,-101.277251243591,19.6276321745225
7345,7345,2017,"170768728",2017/07/01,"01:15:00",COLISIÓN POR ALCANCE,ASFALTO,Bueno,Bueno,1,NISSAN,ROJO,1,,,,SIN DATOS,0,0,Morelia,Guadalupe,julio,sábado,1,-101.226074695587,19.7086573626409
7346,7346,2017,,2017/07/01,"02:15:00",CAIDA DE MOTOCICLETA,ASFALTO,Bueno,Bueno,1,ITALICA,NEGRA,0,MINISTERIO PÚBLICO,,,,0,0,Hidalgo,Barranca Seca,julio,sábado,2,-100.584737062454,19.6958294209512
7347,7347,2017,"170768689",2017/07/01,"02:30:00",VOLCADURA,ASFALTO,Bueno,Bueno,1,NISSAN,BLANCO,1,,22,MASCULINO,SIN DATOS,0,0,Morelia,Sin datos,julio,sábado,3,-101.327826976776,19.685384494884
7348,7348,2017,,2017/07/01,"04:05:00",COLISIÓN POR CORTE DE CIRCULACIÓN,ASFALTO,Bueno,Bueno,3,CHEVROLET,NEGRA,0,MINISTERIO PÚBLICO,,,,0,0,Hidalgo,Sin datos,julio,sábado,4,-100.500226020813,19.6526513025456
7349,7349,2017,"170768848",2017/07/01,"04:10:00",COLISIÓN CONTRA OBJETO FIJO,CONCRETO,Bueno,Bueno,1,RENAULT,NEGRO,1,,24,FEMENINO,SIN DATOS,0,0,Morelia,Primaveras,julio,sábado,4,-101.225709915161,19.6814649464419
7350,7350,2017,"170768879",2017/07/01,"04:50:00",COLISIÓN CONTRA OBJETO FIJO,CONCRETO,Nublado,Bueno,1,CHEVROLET,ROJO,2,,33,MASCULINO,SIN DATOS,1,0,Morelia,Bosques de La Huerta,julio,sábado,5,-101.221691966057,19.6693167676814
7351,7351,2017,"170768886",2017/07/01,"05:00:00",COLISIÓN POR NO RESPETAR SEMÁFORO,ASFALTO,Nublado,Regular,2,V.W,PLATA,2,,28,MASCULINO,SIN DATOS,0,0,Morelia,Centro,julio,sábado,5,-101.178159713745,19.6991425626644
7352,7352,2017,"170769011",2017/07/01,"07:30:00",SALIDA DE SUPERFICIE DE RODAMIENTO,ASFALTO,Bueno,Bueno,1,FORD,PLATA,1,,29,MASCULINO,SIN DATOS,0,0,Morelia,Molino de Parras,julio,sábado,8,-101.205992996693,19.6995996294224
7353,7353,2017,LEG7788,2017/07/01,"08:20:00",COLISIÓN POR ALCANCE,ASFALTO,Bueno,Bueno,2,VOLKSWAGEN,ROJO,2,,24,MASCULINO,ALIENTO ETÍLICO,0,0,Morelia,Tenencia Morelos,julio,sábado,8,-101.247189044952,19.6494382402108
7354,7354,2017,"170769116",2017/07/01,"09:20:00",COLISIÓN POR ALCANCE,ASFALTO,Bueno,Bueno,2,VOLKSWAGEN,ROJO,2,,,MASCULINO,SIN DATOS,0,0,Acuitzio,Sin datos,julio,sábado,9,-101.347160339355,19.5192249093103
7355,7355,2017,"170769690",2017/07/01,"09:40:00",COLISIÓN CONTRA OBJETO FIJO,CONCRETO,Bueno,Bueno,1,TOYOTA,GRIS,1,,,,SIN DATOS,0,0,Morelia,Felicitas del Rio,julio,sábado,10,-101.199198961258,19.6881624672646
7356,7356,2017,LEG7781,2017/07/01,10:50:00,COLISIÓN POR ALCANCE,SIN_DATOS,Nublado,Bueno,2,MITSUBISHI,GRIS,2,,23,MASCULINO,SIN DATOS,0,0,Morelia,Libertad,julio,sábado,11,-101.236964464188,19.6848794038192
7357,7357,2017,"170769409",2017/07/01,10:50:00,COLISIÓN POR CORTE DE CIRCULACIÓN,ASFALTO,Bueno,Bueno,1,ITALIKA,NEGRA Y ROJA,1,,23,MASCULINO,SIN DATOS,0,0,Morelia,Jardines del Toreo,julio,sábado,11,-101.214144229889,19.6881321623714
7358,7358,2017,"170769729",2017/07/01,12:10:00,COLISIÓN POR ALCANCE,ASFALTO,Bueno,Bueno,3,JEEP,VERDE,3,,35,MASCULINO,SIN DATOS,0,0,Morelia,Fuentes de Valladolid,julio,sábado,12,-101.222491264343,19.6705088958285
7359,7359,2017,"170770314",2017/07/01,14:54:00,COLISIÓN POR ALCANCE,ASFALTO,Bueno,Bueno,2,FORD,BCO/ROJO,2,,25,MASCULINO,SIN DATOS,0,0,Morelia,Las Americas,julio,sábado,15,-101.151788234711,19.6891322208202
7361,7361,2017,"170770728",2017/07/01,16:30:00,COLISIÓN POR CAMBIO DE CARRIL,ASFALTO,Nublado,Bueno,2,CHEVROLET,BLANCO,2,,34,MASCULINO,SIN DATOS,0,0,Morelia,Jardines de Sindurio,julio,sábado,17,-101.256330013275,19.6975769097317
7362,7362,2017,"170770190",2017/07/01,18:06:00,COLISIÓN CONTRA OBJETO FIJO,CONCRETO,Bueno,Bueno,1,FRERGTLINER,BLANCO,1,,35,,SIN DATOS,0,0,Morelia,Felix Ireta,julio,sábado,18,-101.184495091438,19.6877836556868
7363,7363,2017,"170772526",2017/07/01,19:30:00,COLISIÓN POR CORTE DE CIRCULACIÓN,ASFALTO,Bueno,Bueno,2,V.W,ARENA,2,,18,MASCULINO,SIN DATOS,0,0,Charo,Sin datos,julio,sábado,20,-101.079819202423,19.68683914825
7364,7364,2017,"170771704",2017/07/01,21:20:00,COLISIÓN POR INVASIÓN DE CARRIL,ASFALTO,Nublado,Bueno,2,VOLKSWAGEN,PLATA,2,,,MASCULINO,SIN DATOS,0,0,Morelia,Ciudad Industrial,julio,sábado,21,-101.136403083801,19.7297858705608
7366,7366,2017,"170772155",2017/07/01,22:15:00,COLISIÓN POR NO RESPETAR SEMÁFORO,ASFALTO,Nublado,Regular,2,JEEP,SIN DATOS,2,,28,MASCULINO,SIN DATOS,0,0,Morelia,Primo Tapia Oriente,julio,sábado,22,-101.158804893494,19.7136468510613
7367,7367,2017,"170772032",2017/07/01,22:40:00,COLISIÓN CON PEATÓN,ASFALTO,Bueno,Regular,1,SIN DATO,SIN DATO,1,,,,,0,1,Morelia,El Lago 1,julio,sábado,23,-101.214401721954,19.7269379267229
7368,7368,2017,"170722288",2017/07/01,23:40:00,COLISIÓN POR ALCANCE,ASFALTO,Bueno,Bueno,2,FORD,BLANCO,2,,27,MASCULINO,SIN DATOS,0,0,Morelia,El Lago 3,julio,sábado,0,-101.219336986542,19.7273620917884
7369,7369,2017,"170772219",2017/07/01,23:53:00,SUBIDA AL CAMELLÓN,ASFALTO,Bueno,Bueno,1,FORD,GRIS,1,,29,MASCULINO,ALIENTO ETÍLICO,0,0,Morelia,El Lago 1,julio,sábado,0,-101.219390630722,19.7275337773281
7370,7370,2017,"170772618",2017/07/02,"02:30:00",SUBIDA AL CAMELLÓN,ASFALTO,Bueno,Bueno,1,VOLKSWAGEN,BLANCO,1,,30,,SIN DATOS,0,0,Morelia,Irrigacion,julio,domingo,3,-101.227233409882,19.7042939577415
7371,7371,2017,"170772486",2017/07/02,"02:40:00",COLISIÓN POR ALCANCE,ASFALTO,Bueno,Bueno,2,VOLKSWAGEN,ROJO,2,,48,MASCULINO,SIN DATOS,0,0,Morelia,Irrigacion,julio,domingo,3,-101.225345134735,19.7059504495428
7372,7372,2017,"170772454",2017/07/02,"02:45:00",COLISIÓN POR ALCANCE,CONCRETO,Bueno,Bueno,2,AUDI,BLANCO,2,,35,MASCULINO,SIN DATOS,0,0,Morelia,Felix Ireta,julio,domingo,3,-101.19157075882,19.6826266782754
7373,7373,2017,"170772551",2017/07/02,"03:30:00",COLISIÓN POR CAMBIO DE CARRIL,CONCRETO,Bueno,Bueno,2,FORD,BLANCO,2,,44,MASCULINO,SIN DATOS,0,0,Morelia,Indeco Expropiacion Petrolera,julio,domingo,4,-101.225747466087,19.6859400932153
7374,7374,2017,"170772604",2017/07/02,"04:20:00",COLISIÓN POR CORTE DE CIRCULACIÓN,ASFALTO,Lluvioso,Bueno,1,VOLKSWAGEN,NEGRO,1,,22,MASCULINO,ALIENTO ETÍLICO,0,0,Morelia,Felix Ireta,julio,domingo,4,-101.190696358681,19.6884705666871
7375,7375,2017,"170776099",2017/07/02,"04:25:00",COLISIÓN POR ALCANCE,ASFALTO,Bueno,Regular,2,PEUGEOT,GRIS,2,,44,FEMENINO,ALIENTO ETÍLICO,0,0,Morelia,Rincon Quieto,julio,domingo,4,-101.204633116722,19.6818841810753
7376,7376,2017,17077 2706,2017/07/02,"05:55:00",COLISIÓN CON PEATÓN,CONCRETO,Nublado,Bueno,1,SIN DATOS,SIN DATOS,2,,,,SIN DATOS,1,0,Morelia,Industrial,julio,domingo,6,-101.194070577621,19.7072786607609
7377,7377,2017,,2017/07/02,"07:45:00",COLISIÓN POR ALCANCE,ASFALTO,Bueno,Bueno,1,VOLKSWAGEN,NEGRO,1,,,MASCULINO,SIN DATOS,0,0,Morelia,Las Americas,julio,domingo,8,-101.159008741379,19.6880210443804
7378,7378,2017,"170772831",2017/07/02,"08:20:00",COLISIÓN POR CORTE DE CIRCULACIÓN,CONCRETO,Bueno,Bueno,3,CHEVROLET,BLANCO,3,MINISTERIO PÚBLICO,31,FEMENINO,SIN DATOS,0,0,Morelia,Vasco de Quiroga,julio,domingo,8,-101.175928115845,19.6988243828247
7379,7379,2017,"170773103",2017/07/02,10:30:00,COLISIÓN POR CORTE DE CIRCULACIÓN,ASFALTO,Bueno,Bueno,2,FORD,BLANCO,2,,36,MASCULINO,SIN DATOS,0,0,Morelia,Adolfo Lopez Mateos,julio,domingo,11,-101.225066184998,19.6985516567442
7380,7380,2017,"170773487",2017/07/02,11:40:00,COLISIÓN POR CAMBIO DE CARRIL,ASFALTO,Nublado,Bueno,3,VOLKSWAGEN,NEGRO,3,,28,MASCULINO,SIN DATOS,0,0,Morelia,Prados Verdes,julio,domingo,12,-101.200167238712,19.7141796263037
7382,7382,2017,"170774164",2017/07/02,15:55:00,COLISIÓN POR NO RESPETAR SEMÁFORO,ASFALTO,Bueno,Regular,2,HONDA,BLANCO,3,MINISTERIO PÚBLICO,36,MASCULINO,SIN DATOS,1,0,Morelia,Tinijaro,julio,domingo,16,-101.264494657516,19.6962637696553
7383,7383,2017,"170774187",2017/07/02,16:00:00,COLISIÓN POR ALCANCE,ASFALTO,Bueno,Regular,2,TOYOTA,PLATA,2,,50,MASCULINO,SIN DATOS,0,0,Morelia,Agustin Arriaga Rivera,julio,domingo,16,-101.224178373814,19.6885614811574
7384,7384,2017,"170774417",2017/07/02,16:20:00,COLISIÓN POR CAMBIO DE CARRIL,ASFALTO,Bueno,Bueno,2,FORD,GRIS,2,,17,FEMENINO,SIN DATOS,0,0,Morelia,San Rafael,julio,domingo,16,-101.154781579971,19.7005667884792
7385,7385,2017,,2017/07/02,19:00:00,SALIDA DE SUPERFICIE DE RODAMIENTO,ASFALTO,Bueno,Bueno,1,SCALADE,SIN DATO,0,,,,,0,0,Pátzcuaro,Centro,julio,domingo,19,-101.609361,19.515744
7386,7386,2017,"170775051",2017/07/02,19:35:00,COLISIÓN POR ALCANCE,ASFALTO,Bueno,Bueno,3,NISSAN,GRIS,3,,60,MASCULINO,SIN DATOS,0,0,Tarímbaro,Sin datos,julio,domingo,20,-101.169834136963,19.7548496255017
7387,7387,2017,"170775200",2017/07/02,20:20:00,COLISIÓN POR CORTE DE CIRCULACIÓN,ASFALTO,Bueno,Bueno,2,CHEVROLET,ROJO,2,MINISTERIO PÚBLICO,33,MASCULINO,SIN DATOS,0,0,Morelia,Villas del Real,julio,domingo,20,-101.198742985725,19.7348554889257
7388,7388,2017,"170775531",2017/07/02,22:05:00,COLISIÓN POR CAMBIO DE CARRIL,ASFALTO,Lluvioso,Bueno,2,NISSAN,BLANCO Y ROJO,2,,27,MASCULINO,SIN DATOS,0,0,Morelia,Las Americas,julio,domingo,22,-101.158976554871,19.6880412476572
7389,7389,2017,,2017/07/02,22:30:00,CAIDA ACUATICA DE VEHÍCULO,ASFALTO,Bueno,Regular,1,VOLKSWAGEN,GUINDA,0,,,,,0,0,Lázaro Cárdenas,Jose Green,julio,domingo,23,-102.202629446983,17.9674766666692
7390,7390,2017,"170775759",2017/07/02,23:20:00,COLISIÓN POR CORTE DE CIRCULACIÓN,CONCRETO,Lluvioso,Malo,1,CHRYSLER,PLATA,1,,28,MASCULINO,SIN DATOS,0,0,Morelia,Nueva Jacarndas,julio,domingo,23,-101.190420761704,19.6807723229648
7391,7391,2017,"170775849",2017/07/03,"00:05:00",COLISIÓN CONTRA OBJETO FIJO,ASFALTO,Lluvioso,Regular,1,VOLKSWAGEN,AZUL,0,,,,,0,0,Morelia,El Lago 1,julio,lunes,0,-101.21207088232,19.7267106949746
7392,7392,2017,,2017/07/03,"00:40:00",COLISIÓN POR CORTE DE CIRCULACIÓN,ASFALTO,Lluvioso,Regular,1,TOYOTA,VINO,0,,,,,0,0,Morelia,Felix Ireta,julio,lunes,1,-101.180764138699,19.6857658375825
7393,7393,2017,,2017/07/03,"05:50:00",COLISIÓN POR ALCANCE,ASFALTO,Bueno,Bueno,2,FORD,ROJO,2,,26,MASCULINO,SIN DATOS,0,0,Cuitzeo,Sin datos,julio,lunes,6,-101.151573657989,19.991639218795
7394,7394,2017,,2017/07/03,"07:30:00",SALIDA DE SUPERFICIE DE RODAMIENTO,ASFALTO,Nublado,Bueno,1,FORD,PLATA,1,,,,SIN DATOS,0,0,Morelia,Sin datos,julio,lunes,8,-101.351451873779,19.5329769756192
7395,7395,2017,"170776326",2017/07/03,"07:45:00",COLISIÓN POR ALCANCE,ASFALTO,Bueno,Bueno,3,VOLKSWAGEN,ROJO,3,MINISTERIO PÚBLICO,,,,3,0,Morelia,San Pascual,julio,lunes,8,-101.267380714417,19.6954455769293