fid,id_accidente,anio_origen,folio_c5i,dia_incidente,hora_ocurrencia,tipo_incidente_vial,superficie_ocurrencia,condiciones_climaticas,condiciones_via,numero_vehiculos_involucrados,marca_vehiculo_ocasiona_siniestro,color_vehiculo_ocasiona_siniestro,numero_personas_involucradas,lugar_remite_presunto_responsable,edad_presunto_responsable,sexo_presunto_responsable,resultados_toxicologia,numero_personas_lesionadas,numero_personas_fallecidas,municipio,colonia,mes,dia_semana,hora_redondeada,lon,lat
7396,7396,2017,"170776387",2017/07/03,"08:10:00",COLISIÓN POR ALCANCE,ASFALTO,Bueno,Bueno,2,CHEVROLET,BLANCO,2,,60,MASCULINO,SIN DATOS,0,0,Morelia,Central de Abastos,julio,lunes,8,-101.169630289078,19.7160001387352
7397,7397,2017,LEG7845,2017/07/03,"09:15:00",COLISIÓN POR ALCANCE,ASFALTO,Bueno,Bueno,2,PONTIAC,PLATA,2,,30,MASCULINO,SIN DATOS,0,0,Morelia,Loma Bonita,julio,lunes,9,-101.196312904358,19.7244939060776
7398,7398,2017,"170776538",2017/07/03,"09:35:00",COLISIÓN POR CAMBIO DE CARRIL,ASFALTO,Bueno,Bueno,2,NISSAN,NEGRO,2,,26,MASCULINO,SIN DATOS,0,0,Morelia,Los Angeles,julio,lunes,10,-101.174983978271,19.7447619877949
7399,7399,2017,"170776738",2017/07/03,10:30:00,COLISIÓN POR CAMBIO DE CARRIL,ASFALTO,Bueno,Bueno,2,FORD,NEGRO,2,,47,MASCULINO,SIN DATOS,0,0,Morelia,San Pascual,julio,lunes,11,-101.268171966076,19.6950844596735
7400,7400,2017,"170776763",2017/07/03,10:45:00,VOLCADURA,ASFALTO,Bueno,Bueno,1,NISSAN,BLANCO,1,,33,MASCULINO,SIN DATOS,0,0,Morelia,3 de Agosto,julio,lunes,11,-101.165392398834,19.7278670487315
7401,7401,2017,"170772035",2017/07/03,11:30:00,COLISIÓN POR CAMBIO DE CARRIL,ASFALTO,Bueno,Bueno,2,FORD,BLANCO,2,,27,MASCULINO,SIN DATOS,0,0,Morelia,Lomas del Valle,julio,lunes,12,-101.230639815331,19.6878543672493
7402,7402,2017,"170777680",2017/07/03,13:40:00,COLISIÓN POR CORTE DE CIRCULACIÓN,ASFALTO,Bueno,Bueno,2,YAMAHA,BLANCO,2,,38,MASCULINO,SIN DATOS,0,0,Morelia,Fovissste La Huerta,julio,lunes,14,-101.212046742439,19.692344487521
7403,7403,2017,"170777394",2017/07/03,13:55:00,COLISIÓN POR CORTE DE CIRCULACIÓN,ASFALTO,Bueno,Bueno,2,YAMAHA,NEGRO,2,,31,MASCULINO,SIN DATOS,0,0,Morelia,Ferrocarrilero,julio,lunes,14,-101.216965913773,19.6980794354873
7404,7404,2017,,2017/07/03,15:40:00,COLISIÓN POR ALCANCE,ASFALTO,Bueno,Bueno,2,NISSAN,BLANCO,2,,19,MASCULINO,SIN DATOS,0,0,Morelia,Central de Abastos,julio,lunes,16,-101.171550750732,19.7162526353551
7405,7405,2017,"170777918",2017/07/03,15:40:00,COLISIÓN POR CORTE DE CIRCULACIÓN,ASFALTO,Nublado,Bueno,2,HONDA,NEGRO,2,,19,MASCULINO,SIN DATOS,0,0,Morelia,Isaac Arriaga,julio,lunes,16,-101.175284385681,19.7060312535822
7406,7406,2017,"170778329",2017/07/03,16:00:00,COLISIÓN POR CAMBIO DE CARRIL,ASFALTO,Bueno,Bueno,2,V.W.,MARRON,2,,34,FEMENINO,SIN DATOS,0,0,Morelia,Nueva Valladolid,julio,lunes,16,-101.208876371384,19.7021172610359
7407,7407,2017,"170778258",2017/07/03,16:45:00,COLISIÓN POR CAMBIO DE CARRIL,ASFALTO,Lluvioso,Bueno,2,FORD,PERLA,2,,47,MASCULINO,SIN DATOS,0,0,Morelia,Industrial,julio,lunes,17,-101.197412610054,19.7132074995258
7408,7408,2017,"170778424",2017/07/03,17:00:00,SALIDA DE SUPERFICIE DE RODAMIENTO,CONCRETO,Bueno,Bueno,1,VOLKSWAGEN,GRIS,0,,,,,0,0,Morelia,Villas del Pedregal,julio,lunes,17,-101.30546271801,19.6733452159234
7409,7409,2017,"170778498",2017/07/03,17:40:00,COLISIÓN POR ALCANCE,ASFALTO,Lluvioso,Regular,2,FORD,AZUL,2,,30,MASCULINO,SIN DATOS,0,0,Morelia,San Pascual,julio,lunes,18,-101.267402172089,19.6953950710684
7410,7410,2017,"170779999",2017/07/03,17:40:00,COLISIÓN POR ALCANCE,ASFALTO,Bueno,Regular,2,AUDI,GRIS,2,,20,MASCULINO,SIN DATOS,0,0,Morelia,Santiaguito,julio,lunes,18,-101.188716888428,19.7172525180537
7411,7411,2017,"003535873",2017/07/03,17:50:00,COLISIÓN POR NO RESPETAR SEMÁFORO,ASFALTO,Bueno,Bueno,2,CHEVROLET,BLANCO/MORADO,4,MINISTERIO PÚBLICO,58,,CON CERTIFICADO,2,0,Lázaro Cárdenas,Centro,julio,lunes,18,-102.191728949547,17.955214201129
7412,7412,2017,"1707751105",2017/07/03,19:45:00,COLISIÓN POR ALCANCE,ASFALTO,Bueno,Bueno,2,NISSAN,BLANCO,2,,34,MASCULINO,SIN DATOS,0,0,Morelia,Santiaguito,julio,lunes,20,-101.188759803772,19.7172929172232
7413,7413,2017,"170779747",2017/07/03,21:55:00,COLISIÓN POR CORTE DE CIRCULACIÓN,ASFALTO,Bueno,Bueno,2,NISSAN,BLANCO,2,,71,MASCULINO,SIN DATOS,0,0,Morelia,Felix Ireta,julio,lunes,22,-101.188974380493,19.6820912724772
7414,7414,2017,"1707820291",2017/07/04,"07:20:00",COLISIÓN CONTRA OBJETO FIJO,ASFALTO,Bueno,Bueno,1,CHEVROLET,BLANCO,1,,29,MASCULINO,SIN DATOS,0,0,Morelia,Ana Maria Gallaga (Riviera Norte),julio,martes,7,-101.219937801361,19.6772018235305
7415,7415,2017,"1700780445",2017/07/04,"08:15:00",COLISIÓN POR CORTE DE CIRCULACIÓN,CONCRETO,Bueno,Bueno,2,NISSAN,PLATA,2,,29,MASCULINO,SIN DATOS,0,0,Morelia,Centro,julio,martes,8,-101.185567975044,19.7070362504107
7416,7416,2017,"170780443",2017/07/04,"08:28:00",COLISIÓN POR CAMBIO DE CARRIL,ASFALTO,Nublado,Regular,2,MAZDA,ROJO,2,MINISTERIO PÚBLICO,47,FEMENINO,SIN DATOS,0,0,Morelia,Independencia,julio,martes,8,-101.177462339401,19.7051121052261
7417,7417,2017,"170780631",2017/07/04,"09:45:00",CAIDA DE MOTOCICLETA,CONCRETO,Bueno,Bueno,1,ITALIKA,AZUL,1,,24,MASCULINO,SIN DATOS,0,0,Morelia,Centro,julio,martes,10,-101.190476417542,19.7029707720902
7418,7418,2017,"170780643",2017/07/04,"09:55:00",COLISIÓN POR CORTE DE CIRCULACIÓN,CONCRETO,Nublado,Bueno,2,TOYOTA,NEGRO,2,,17,MASCULINO,SIN DATOS,0,0,Morelia,Lomas de Hidalgo,julio,martes,10,-101.158338189125,19.6994354895767
7419,7419,2017,"170780943",2017/07/04,11:00:00,COLISIÓN POR ALCANCE,ASFALTO,Bueno,Bueno,2,MERCEDES BENZ,BLANCO Y NARANJA,2,,28,MASCULINO,SIN DATOS,0,0,Morelia,Nueva Valladolid,julio,martes,11,-101.209716573358,19.7020137283203
7420,7420,2017,,2017/07/04,12:30:00,COLISIÓN POR CORTE DE CIRCULACIÓN,ASFALTO,Bueno,Bueno,2,DINA,AMARILLO,1,MINISTERIO PÚBLICO,32,MASCULINO,SIN DATOS,0,0,Tuxpan,Tuxpan,julio,martes,13,-100.464847683907,19.5662981266229
7421,7421,2017,"170781325",2017/07/04,12:55:00,COLISIÓN POR ALCANCE,ASFALTO,Bueno,Regular,2,HONDA,BLANCO,2,,37,FEMENINO,SIN DATOS,0,0,Morelia,Enrique Arreguin Robles,julio,martes,13,-101.178975105286,19.7203632242334
7422,7422,2017,,2017/07/04,13:05:00,COLISIÓN CONTRA OBJETO FIJO,ASFALTO,Bueno,Bueno,1,TOYOTA,BLANCO,1,,,,SIN DATOS,0,0,Morelia,Libertad,julio,martes,13,-101.236953735352,19.6848137418638
7423,7423,2017,"170781506",2017/07/04,14:09:00,COLISIÓN POR CAMBIO DE CARRIL,ASFALTO,Bueno,Bueno,3,HONDA,GUINDA,3,MINISTERIO PÚBLICO,25,MASCULINO,SIN DATOS,0,0,Morelia,Nueva Valladolid,julio,martes,14,-101.210336834192,19.6959544225886
7424,7424,2017,,2017/07/04,14:20:00,COLISIÓN POR CAMBIO DE CARRIL,CONCRETO,Bueno,Bueno,2,NISSAN,BLANCO Y GRIS,2,,24,MASCULINO,SIN DATOS,0,0,Morelia,Ferrocarrilero,julio,martes,14,-101.213359683752,19.701278896633
7425,7425,2017,,2017/07/04,14:35:00,COLISIÓN POR INVASIÓN DE CARRIL,ASFALTO,Bueno,Bueno,2,DERBI,NEGRO,0,,,,,0,0,Álvaro Obregón,16 de Mayo,julio,martes,15,-101.033599376678,19.8262627419402
7426,7426,2017,"1700781927",2017/07/04,15:53:00,COLISIÓN POR ALCANCE,ASFALTO,Bueno,Regular,2,FORD,VINO,3,MINISTERIO PÚBLICO,47,FEMENINO,SIN DATOS,1,0,Morelia,Francisco J Mujica,julio,martes,16,-101.189961433411,19.7222720366911
7427,7427,2017,"170782008",2017/07/04,16:15:00,COLISIÓN POR ALCANCE,ASFALTO,Nublado,Bueno,2,VOLKSWAGEN,NEGRO,2,,21,MASCULINO,SIN DATOS,0,0,Morelia,Fuentes de Morelia,julio,martes,16,-101.203774809837,19.6708170292041
7428,7428,2017,"170782119",2017/07/04,16:40:00,COLISIÓN POR CORTE DE CIRCULACIÓN,CONCRETO,Nublado,Regular,2,V.W.,BLANCO,2,,27,MASCULINO,SIN DATOS,0,0,Morelia,Morelos,julio,martes,17,-101.205824017525,19.6985769091786
7429,7429,2017,"170082357",2017/07/04,17:22:00,COLISIÓN POR CORTE DE CIRCULACIÓN,CONCRETO,Nublado,Bueno,2,NISSAN,GRIS,2,,31,MASCULINO,SIN DATOS,0,0,Morelia,Primo Tapia,julio,martes,17,-101.21226131916,19.7128287472332
7430,7430,2017,"170782439",2017/07/04,17:40:00,COLISIÓN POR INVASIÓN DE CARRIL,ASFALTO,Nublado,Regular,2,DINA,BLANCO,2,,28,MASCULINO,SIN DATOS,0,0,Morelia,Campestre Los Manantiales,julio,martes,18,-101.238305568695,19.688111959106
7431,7431,2017,"170782629",2017/07/04,17:45:00,COLISIÓN POR CORTE DE CIRCULACIÓN,ASFALTO,Bueno,Bueno,2,MERCEDES BENZ,ROJO,2,,41,MASCULINO,SIN DATOS,0,0,Morelia,Las Americas,julio,martes,18,-101.158933639526,19.6881523656342
7432,7432,2017,"170783116",2017/07/04,20:20:00,COLISIÓN POR CORTE DE CIRCULACIÓN,CONCRETO,Lluvioso,Bueno,3,DATSUN,AZUL,2,,33,MASCULINO,SIN DATOS,0,0,Morelia,Vasco de Quiroga,julio,martes,20,-101.175321936607,19.7050060493067
7433,7433,2017,"170783383",2017/07/04,21:20:00,SUBIDA AL CAMELLÓN,ASFALTO,Lluvioso,Regular,1,NISSAN,BLANCO,1,,25,MASCULINO,SIN DATOS,0,0,Morelia,Los Angeles,julio,martes,21,-101.177322864532,19.740268290266
7434,7434,2017,"170783420",2017/07/04,21:23:00,COLISIÓN POR CORTE DE CIRCULACIÓN,ASFALTO,Lluvioso,Malo,1,SIN DATOS,SIN DATOS,1,,,,,0,1,Morelia,Hermanos Lopez Rayon,julio,martes,21,-101.220179200172,19.6753631904859
7435,7435,2017,"170783775",2017/07/04,23:35:00,COLISIÓN POR ALCANCE,CONCRETO,Bueno,Bueno,2,CHEVROLET,VERDE,2,,53,MASCULINO,SIN DATOS,0,0,Morelia,Sentimientos de La Nacion,julio,martes,0,-101.235521435738,19.6818286199219
7436,7436,2017,"170783431",2017/07/05,"03:50:00",COLISIÓN CONTRA OBJETO FIJO,CONCRETO,Nublado,Regular,1,CHEVROLET,BLANCO,1,,,,SIN DATOS,0,0,Morelia,Santa Cecilia,julio,miércoles,4,-101.185058355331,19.6673517574436
7437,7437,2017,"170784157",2017/07/05,"08:21:00",COLISIÓN POR CORTE DE CIRCULACIÓN,ASFALTO,Bueno,Bueno,2,VOLKSWAGEN,GRIS,2,,27,FEMENINO,SIN DATOS,0,0,Morelia,Eduardo Ruiz,julio,miércoles,8,-101.216171979904,19.7172424182597
7438,7438,2017,"170784233",2017/07/05,"08:40:00",COLISIÓN POR CORTE DE CIRCULACIÓN,ASFALTO,Bueno,Bueno,2,DINAMO,NEGRO,2,MINISTERIO PÚBLICO,34,MASCULINO,SIN DATOS,0,0,Morelia,Campos Eliseos,julio,miércoles,9,-101.242296695709,19.7006778977615
7439,7439,2017,"170784428",2017/07/05,"09:00:00",COLISIÓN POR NO RESPETAR SEMÁFORO,ASFALTO,Bueno,Bueno,2,FORD,AZUL,2,,26,MASCULINO,SIN DATOS,0,0,Morelia,Nueva Chapultepec,julio,miércoles,9,-101.173095703125,19.6864754861473
7440,7440,2017,,2017/07/05,"09:00:00",COLISIÓN POR ALCANCE,ADOQUIN_EMPEDRADO,Bueno,Bueno,2,NISSAN,BLANCO,2,,50,MASCULINO,SIN DATOS,0,0,Cuitzeo,Centro,julio,miércoles,9,-101.141166687012,19.9703640377583
7441,7441,2017,"170784912",2017/07/05,12:05:00,COLISIÓN POR ALCANCE,ASFALTO,Bueno,Bueno,2,NISSAN,BLANCO/ORO Y VERDE,2,,38,MASCULINO,SIN DATOS,0,0,Morelia,Enrique Arreguin Robles,julio,miércoles,12,-101.184232234955,19.7197471476219
7442,7442,2017,"170785043",2017/07/05,12:40:00,COLISIÓN POR ALCANCE,ASFALTO,Bueno,Bueno,2,MAZDA,AZUL,2,,25,MASCULINO,SIN DATOS,0,0,Morelia,Felix Ireta,julio,miércoles,13,-101.190690994263,19.6825458624206
7443,7443,2017,"170785123",2017/07/05,13:10:00,COLISIÓN POR INVASIÓN DE CARRIL,ASFALTO,Bueno,Bueno,2,KENWORTH,BLANCO,2,,,MASCULINO,SIN DATOS,0,0,Morelia,Los Manantiales de Morelia,julio,miércoles,13,-101.24245762825,19.6979102435749
7444,7444,2017,"170785375",2017/07/05,14:17:00,COLISIÓN POR CORTE DE CIRCULACIÓN,CONCRETO,Bueno,Bueno,3,FORD,BLANCO,2,,34,MASCULINO,SIN DATOS,0,0,Morelia,Canteras de Morelia,julio,miércoles,14,-101.172124743462,19.7174696634697
7445,7445,2017,"170785571",2017/07/05,15:30:00,COLISIÓN POR CORTE DE CIRCULACIÓN,ASFALTO,Bueno,Bueno,2,NISSAN,GRIS,1,,73,MASCULINO,SIN DATOS,0,0,Morelia,Cuauhtemoc,julio,miércoles,16,-101.179082393646,19.694879910377
7446,7446,2017,,2017/07/05,16:10:00,COLISIÓN POR CORTE DE CIRCULACIÓN,ASFALTO,Bueno,Bueno,2,VOLKSWAGEN,CAFE,1,,29,MASCULINO,SIN DATOS,0,0,Lázaro Cárdenas,Jose Green,julio,miércoles,16,-102.202838659286,17.9650375091029
7447,7447,2017,"170785983",2017/07/05,16:30:00,COLISIÓN POR CORTE DE CIRCULACIÓN,ASFALTO,Bueno,Bueno,1,CHEVROLET,GRIS,1,,50,MASCULINO,SIN DATOS,0,0,Morelia,Nueva Valladolid,julio,miércoles,17,-101.210582256317,19.6955061839413
7448,7448,2017,"170786294",2017/07/05,17:49:00,COLISIÓN POR ALCANCE,ASFALTO,Bueno,Bueno,3,DODGE,VERDE,3,,30,MASCULINO,SIN DATOS,0,0,Morelia,Jardines del Rincon,julio,miércoles,18,-101.150221824646,19.6914757676645
7449,7449,2017,"170786401",2017/07/05,18:00:00,COLISIÓN POR ALCANCE,ASFALTO,Bueno,Bueno,2,NISSAN,BLANCO,2,,29,MASCULINO,SIN DATOS,0,0,Morelia,Isaac Arriaga,julio,miércoles,18,-101.168096065521,19.7093441840511
7450,7450,2017,,2017/07/05,19:50:00,VOLCADURA,ASFALTO,Lluvioso,Regular,1,FORD,ROJO,1,,32,MASCULINO,SIN DATOS,0,0,Zinapécuaro,Sin datos,julio,miércoles,20,-100.776643753052,19.8435811948107
7451,7451,2017,"170787005",2017/07/05,20:35:00,COLISIÓN POR INVASIÓN DE CARRIL,ASFALTO,Bueno,Regular,2,DODGE,AZUL,2,,18,MASCULINO,SIN DATOS,0,0,Morelia,Ventura Puente,julio,miércoles,21,-101.187998056412,19.6923040820508
7452,7452,2017,"170787490",2017/07/05,22:50:00,COLISIÓN CONTRA OBJETO FIJO,CONCRETO,Bueno,Bueno,2,FORD,BLANCO,1,MINISTERIO PÚBLICO,,,SIN DATOS,0,0,Morelia,Cosmos,julio,miércoles,23,-101.216086149216,19.6845611956305
7453,7453,2017,"170787637",2017/07/05,23:55:00,COLISIÓN POR CORTE DE CIRCULACIÓN,SIN_DATOS,Nublado,Bueno,1,CHEVROLET,ARENA,1,,,MASCULINO,SIN DATOS,0,0,Morelia,Leandro Valle,julio,miércoles,0,-101.22974395752,19.7171414202849
7454,7454,2017,"170789845",2017/07/06,"00:00:00",COLISIÓN POR CAMBIO DE CARRIL,ASFALTO,Bueno,Malo,2,CHRYSLER,ARENA,2,,44,MASCULINO,SIN DATOS,0,0,Morelia,Primo Tapia Oriente,julio,jueves,0,-101.159384250641,19.7131216490847
7455,7455,2017,"170787923",2017/07/06,"07:20:00",CAIDA DE MOTOCICLETA,ASFALTO,Bueno,Bueno,1,BAJAJ,AMARILLO,3,MINISTERIO PÚBLICO,23,MASCULINO,SIN DATOS,1,1,Morelia,Consuelo Alfaro de Vazquez,julio,jueves,7,-101.13719701767,19.7289375521731
7456,7456,2017,"170788174",2017/07/06,"08:45:00",COLISIÓN POR CORTE DE CIRCULACIÓN,ASFALTO,Bueno,Bueno,2,FORD,NEGRO,2,,36,FEMENINO,SIN DATOS,0,0,Morelia,Union,julio,jueves,9,-101.157318949699,19.7099198997256
7457,7457,2017,"170788151",2017/07/06,"09:00:00",COLISIÓN POR CORTE DE CIRCULACIÓN,ASFALTO,Bueno,Bueno,2,VOLKSWAGEN,PLATA,2,,38,MASCULINO,SIN DATOS,0,0,Morelia,Isaac Arriaga,julio,jueves,9,-101.173380017281,19.7068998944274
7458,7458,2017,,2017/07/06,10:40:00,COLISIÓN CONTRA OBJETO FIJO,ADOQUIN_EMPEDRADO,Bueno,Bueno,1,DODGE,NEGRO,1,,31,MASCULINO,SIN DATOS,0,0,Cuitzeo,El Calvario,julio,jueves,11,-101.140005290508,19.9669758765628
7459,7459,2017,"170788961",2017/07/06,12:35:00,COLISIÓN POR NO RESPETAR SEMÁFORO,ASFALTO,Bueno,Bueno,2,HONDA,GRIS,2,,42,FEMENINO,SIN DATOS,0,0,Morelia,Libertad,julio,jueves,13,-101.236916184425,19.6848693019817
7460,7460,2017,,2017/07/06,13:00:00,COLISIÓN POR ALCANCE,ASFALTO,Bueno,Bueno,2,Italika,Negro/Verde,4,,48,MASCULINO,SIN DATOS,2,0,Apatzingán,El Capiral,julio,jueves,13,-102.371957302094,19.0892314183506
7462,7462,2017,"170789680",2017/07/06,15:50:00,COLISIÓN POR CORTE DE CIRCULACIÓN,ASFALTO,Bueno,Bueno,2,CHEVROLET,VINO,2,,26,MASCULINO,SIN DATOS,0,0,Morelia,Isaac Arriaga,julio,jueves,16,-101.174270510674,19.7065312276681
7463,7463,2017,"17089901",2017/07/06,16:00:00,COLISIÓN POR ALCANCE,ASFALTO,Nublado,Regular,2,DODGE,VERDE,2,,27,MASCULINO,SIN DATOS,0,0,Morelia,Los Manantiales de Morelia,julio,jueves,16,-101.241835355759,19.6965668029369
7464,7464,2017,"170789815",2017/07/06,16:25:00,COLISIÓN POR ALCANCE,ASFALTO,Bueno,Bueno,2,INTERNATIONAL,BLANCO,2,,28,MASCULINO,SIN DATOS,0,0,Morelia,Primo Tapia Oriente,julio,jueves,16,-101.161766052246,19.7122732422479
7465,7465,2017,"170790233",2017/07/06,17:50:00,COLISIÓN POR CORTE DE CIRCULACIÓN,ASFALTO,Bueno,Bueno,2,SIN DATOS,SIN DATOS,1,,46,MASCULINO,SIN DATOS,0,0,Morelia,Obrera,julio,jueves,18,-101.185369491577,19.7083493020797
7466,7466,2017,"170079134",2017/07/06,18:06:00,COLISIÓN POR ALCANCE,ASFALTO,Bueno,Bueno,2,NISSAN,ROJO,2,,57,MASCULINO,SIN DATOS,0,0,Morelia,La Colina,julio,jueves,18,-101.21612906456,19.7038293289121
7467,7467,2017,"170290218",2017/07/06,20:00:00,COLISIÓN POR INVASIÓN DE CARRIL,CONCRETO,Bueno,Bueno,2,VOLKSWAGEN,GRIS,2,,27,MASCULINO,SIN DATOS,0,0,Morelia,Adolfo Lopez Mateos,julio,jueves,20,-101.225425601006,19.6956021449967
7468,7468,2017,"170791190",2017/07/06,21:40:00,COLISIÓN POR ALCANCE,ASFALTO,Lluvioso,Malo,1,TOYOTA,BLANCO Y AMARILLO,1,,47,MASCULINO,SIN DATOS,0,0,Morelia,Nueva Chapultepec,julio,jueves,22,-101.172258853912,19.6903545059974
7469,7469,2017,"170791489",2017/07/06,23:06:00,COLISIÓN CONTRA OBJETO FIJO,TERRACERIA,Lluvioso,Malo,1,CHEVROLET,ROJO,1,,29,MASCULINO,SIN DATOS,0,0,Morelia,Barrio Alto,julio,jueves,23,-101.187150478363,19.7273822900967
7470,7470,2017,"170794877",2017/07/07,"00:00:00",COLISIÓN POR CAMBIO DE CARRIL,ASFALTO,Bueno,Bueno,2,INTERNATIONAL,BLANCO,2,,37,MASCULINO,SIN DATOS,0,0,Morelia,Irrigacion,julio,viernes,0,-101.222727298737,19.7052030102439
7471,7471,2017,"170791548",2017/07/07,"00:50:00",COLISIÓN POR ALCANCE,ASFALTO,Bueno,Bueno,2,NISSAN,GRIS,2,,43,MASCULINO,SIN DATOS,0,0,Morelia,Ventura Puente,julio,viernes,1,-101.191863119602,19.6945093219426
7472,7472,2017,,2017/07/07,"04:20:00",SALIDA DE SUPERFICIE DE RODAMIENTO,TERRACERIA,Nublado,Regular,1,CHEVROLET,BLANCO,1,,27,MASCULINO,SIN DATOS,0,0,Cuitzeo,La Cantera,julio,viernes,4,-101.137068271637,19.9699455634561
7473,7473,2017,"170091659",2017/07/07,"04:50:00",SUBIDA AL CAMELLÓN,ASFALTO,Nublado,Bueno,1,FORD,GRIS,1,,,,SIN DATOS,0,0,Morelia,Nicolaitas Ilustres,julio,viernes,5,-101.226707696915,19.7216963654936
7474,7474,2017,"17091684",2017/07/07,"05:20:00",SALIDA DE SUPERFICIE DE RODAMIENTO,ASFALTO,Lluvioso,Bueno,1,NISSAN,ARENA,1,,27,MASCULINO,SIN DATOS,0,0,Morelia,Colinas del Sol,julio,viernes,5,-101.136124134064,19.72936171193
7475,7475,2017,"170194082",2017/07/07,"08:00:00",COLISIÓN POR ALCANCE,ASFALTO,Bueno,Bueno,2,CHEVROLET,GRIS,2,,34,MASCULINO,SIN DATOS,0,0,Morelia,Isaac Arriaga,julio,viernes,8,-101.1743080616,19.7064706248318
7477,7477,2017,"170792111",2017/07/07,"09:40:00",COLISIÓN POR ALCANCE,SIN_DATOS,Bueno,Bueno,3,CHEVROLET,GRIS,3,,38,MASCULINO,SIN DATOS,0,0,Morelia,Alberto Oviedo Mota,julio,viernes,10,-101.197707653046,19.6812224969966
7478,7478,2017,"170792174",2017/07/07,"09:45:00",COLISIÓN POR ALCANCE,ASFALTO,Bueno,Bueno,2,VOLVO,AZUL Y GRIS,2,,33,MASCULINO,SIN DATOS,0,0,Morelia,Alberto Oviedo Mota,julio,viernes,10,-101.19821190834,19.6813033135192
7479,7479,2017,,2017/07/07,10:10:00,COLISIÓN POR CORTE DE CIRCULACIÓN,ASFALTO,Bueno,Bueno,2,TOYOTA,BLANCO,0,MINISTERIO PÚBLICO,,,,0,0,Sin datos,Sin datos,julio,viernes,10,-102.677536010742,19.2187755291842
7480,7480,2017,"170793377",2017/07/07,10:40:00,COLISIÓN POR CORTE DE CIRCULACIÓN,CONCRETO,Bueno,Bueno,2,INTERNATIONAL,VERDE,2,,35,MASCULINO,SIN DATOS,0,0,Morelia,Chapultepec Norte,julio,viernes,11,-101.171459555626,19.6942258559341
7481,7481,2017,"170792217",2017/07/07,10:45:00,CAIDA DE MOTOCICLETA,ASFALTO,Bueno,Bueno,1,HONDA,BLANCO,1,,19,MASCULINO,SIN DATOS,0,0,Morelia,Lomas de Las Americas Sur,julio,viernes,11,-101.147003173828,19.6943445455488
7482,7482,2017,LEG7928,2017/07/07,12:59:00,COLISIÓN POR ALCANCE,CONCRETO,Bueno,Bueno,3,FORD,BLANCO,3,,37,MASCULINO,SIN DATOS,0,0,Morelia,Centro,julio,viernes,13,-101.195374131203,19.696945593732
7483,7483,2017,"170793322",2017/07/07,14:42:00,COLISIÓN POR CORTE DE CIRCULACIÓN,SIN_DATOS,Bueno,Bueno,1,NISSAN,BLANCO Y VERDE,2,,20,MASCULINO,SIN DATOS,1,0,Morelia,Las Americas,julio,viernes,15,-101.158740520477,19.688010942741
7484,7484,2017,,2017/07/07,15:28:00,SALIDA DE SUPERFICIE DE RODAMIENTO,ASFALTO,Bueno,Regular,1,NISSAN,BLANCO,1,,22,MASCULINO,SIN DATOS,0,0,Hidalgo,Vista Bella,julio,viernes,15,-100.545426607132,19.6869300636467
7485,7485,2017,"170793581",2017/07/07,16:15:00,COLISIÓN POR ALCANCE,ASFALTO,Bueno,Bueno,3,MAZDA,BLANCO,3,,37,MASCULINO,SIN DATOS,0,0,Morelia,Los Girasoles,julio,viernes,16,-101.212931871414,19.6908090724846
7486,7486,2017,LEG7925,2017/07/07,16:40:00,COLISIÓN POR CORTE DE CIRCULACIÓN,ASFALTO,Bueno,Bueno,2,VOLKSWAGEN,VERDE,2,,27,MASCULINO,SIN DATOS,0,0,Morelia,Isaac Arriaga,julio,viernes,17,-101.1714220047,19.7077937815352
7487,7487,2017,,2017/07/07,16:45:00,VOLCADURA,ASFALTO,Bueno,Bueno,1,CHEVROLET,GRIS,1,,77,MASCULINO,SIN DATOS,0,0,Copándaro,Sin datos,julio,viernes,17,-101.165885925293,19.8980271382681
7488,7488,2017,"170794255",2017/07/07,18:12:00,COLISIÓN POR CAMBIO DE CARRIL,ASFALTO,Bueno,Bueno,2,CHRYSLER,AZUL,2,,57,MASCULINO,SIN DATOS,0,0,Morelia,Campos Eliseos,julio,viernes,18,-101.24251127243,19.700637494395
7489,7489,2017,,2017/07/07,18:45:00,COLISIÓN POR ALCANCE,ASFALTO,Bueno,Bueno,2,Italika,CAFE/GRIS,4,,18,MASCULINO,SIN DATOS,2,0,Apatzingán,Fovissste,julio,viernes,19,-102.364468574524,19.1017017483586
7490,7490,2017,"170794623",2017/07/07,18:50:00,COLISIÓN POR CORTE DE CIRCULACIÓN,CONCRETO,Bueno,Bueno,2,NISSAN,BLANCO,2,,60,MASCULINO,SIN DATOS,0,0,Morelia,Loma Bonita,julio,viernes,19,-101.196787655354,19.720183956284
7491,7491,2017,"170792822",2017/07/07,18:52:00,COLISIÓN POR CORTE DE CIRCULACIÓN,ASFALTO,Bueno,Bueno,2,NISSAN,ROJO,2,,42,MASCULINO,SIN DATOS,0,0,Morelia,Ciudad Industrial,julio,viernes,19,-101.137411594391,19.7289779483889
7492,7492,2017,"170794507",2017/07/07,19:25:00,COLISIÓN POR CORTE DE CIRCULACIÓN,CONCRETO,Bueno,Bueno,2,YAMAHA,NARANJA,2,,23,MASCULINO,SIN DATOS,0,0,Morelia,Chapultepec Norte,julio,viernes,19,-101.176202945,19.6965285599991