fid,id_accidente,anio_origen,folio_c5i,dia_incidente,hora_ocurrencia,tipo_incidente_vial,superficie_ocurrencia,condiciones_climaticas,condiciones_via,numero_vehiculos_involucrados,marca_vehiculo_ocasiona_siniestro,color_vehiculo_ocasiona_siniestro,numero_personas_involucradas,lugar_remite_presunto_responsable,edad_presunto_responsable,sexo_presunto_responsable,resultados_toxicologia,numero_personas_lesionadas,numero_personas_fallecidas,municipio,colonia,mes,dia_semana,hora_redondeada,lon,lat
7493,7493,2017,"170794771",2017/07/07,19:30:00,COLISIÓN POR ALCANCE,ASFALTO,Bueno,Bueno,3,VOLKSWAGEN,AZUL,3,,,,SIN DATOS,0,0,Morelia,Vista Bella,julio,viernes,20,-101.197686195374,19.6791540852473
7494,7494,2017,"170794919",2017/07/07,20:50:00,COLISIÓN POR CAMBIO DE CARRIL,ASFALTO,Bueno,Regular,2,KENWORTH,BLANCO,2,,38,,SIN DATOS,0,0,Morelia,Reforma,julio,viernes,21,-101.241159439087,19.7058898464865
7495,7495,2017,"170795396",2017/07/07,23:30:00,COLISIÓN POR ALCANCE,ASFALTO,Bueno,Bueno,2,SEAT,ROJO,2,,46,MASCULINO,CON CERTIFICADO,0,0,Morelia,Loma de Los Piñones,julio,viernes,0,-101.205062270164,19.6740650220309
7496,7496,2017,"170795526",2017/07/08,"00:30:00",COLISIÓN CONTRA OBJETO FIJO,ASFALTO,Bueno,Bueno,1,FORD,ROJO,1,,25,MASCULINO,SIN DATOS,0,0,Morelia,Arcos del Valle,julio,sábado,1,-101.236245632172,19.7076877273938
7497,7497,2017,"170795600",2017/07/08,"01:34:00",COLISIÓN POR CORTE DE CIRCULACIÓN,CONCRETO,Lluvioso,Bueno,2,MAZDA,PLATA,2,,22,FEMENINO,SIN DATOS,0,0,Morelia,Centro,julio,sábado,2,-101.1951649189,19.696278921333
7498,7498,2017,"170795697",2017/07/08,"03:30:00",VOLCADURA,ASFALTO,Lluvioso,Regular,1,FORD,GRIS,1,,,,SIN DATOS,0,0,Morelia,Loma de Los Piñones,julio,sábado,4,-101.203458309174,19.6749641437146
7499,7499,2017,"170795686",2017/07/08,"03:30:00",COLISIÓN POR ALCANCE,ASFALTO,Nublado,Regular,2,CHEVROLET,VERDE,2,MINISTERIO PÚBLICO,33,MASCULINO,CON CERTIFICADO,0,0,Morelia,Nueva Chapultepec,julio,sábado,4,-101.172162294388,19.6903039985303
7500,7500,2017,"170795720",2017/07/08,"03:50:00",COLISIÓN CONTRA OBJETO FIJO,ADOQUIN_EMPEDRADO,Lluvioso,Bueno,1,LILCOLN,NEGRO,1,,,,SIN DATOS,0,0,Morelia,Centro,julio,sábado,4,-101.193273961544,19.7056322832411
7501,7501,2017,"170796023",2017/07/08,"08:20:00",SUBIDA AL CAMELLÓN,CONCRETO,Bueno,Bueno,1,VOLKSWAGEN,GRIS,1,,66,MASCULINO,SIN DATOS,0,0,Morelia,Lomas de Guayangareo,julio,sábado,8,-101.157946586609,19.7026576502204
7502,7502,2017,"170796017",2017/07/08,"08:45:00",SALIDA DE SUPERFICIE DE RODAMIENTO,ASFALTO,Bueno,Bueno,1,HONDA,ARENA,1,,,,SIN DATOS,0,0,Morelia,2 de Octubre,julio,sábado,9,-101.386642456055,19.6675235073711
7503,7503,2017,"170796388",2017/07/08,10:40:00,COLISIÓN POR CORTE DE CIRCULACIÓN,ASFALTO,Bueno,Bueno,2,HONDA,BLANCO,2,,23,MASCULINO,SIN DATOS,0,0,Morelia,Melchor Ocampo,julio,sábado,11,-101.200207471848,19.7061019570831
7504,7504,2017,"170796367",2017/07/08,10:55:00,COLISIÓN POR CORTE DE CIRCULACIÓN,CONCRETO,Bueno,Bueno,2,NISSAN,BLANCO Y ROJO,2,,36,MASCULINO,SIN DATOS,0,0,Morelia,Morelos,julio,sábado,11,-101.205909848213,19.6985668082053
7505,7505,2017,"170796744",2017/07/08,12:30:00,COLISIÓN POR CAMBIO DE CARRIL,ASFALTO,Bueno,Bueno,2,NISSAN,ARENA,2,,47,MASCULINO,SIN DATOS,0,0,Morelia,Centro,julio,sábado,13,-101.18990778923,19.7000617453145
7506,7506,2017,"170796708",2017/07/08,12:35:00,COLISIÓN POR CAMBIO DE CARRIL,ASFALTO,Bueno,Bueno,2,CHEVROLET,BLANCO,2,,44,MASCULINO,SIN DATOS,0,0,Morelia,Infonavit Colonial Universidad,julio,sábado,13,-101.204142272472,19.6863997231053
7507,7507,2017,"170796718",2017/07/08,12:45:00,COLISIÓN POR INVASIÓN DE CARRIL,ASFALTO,Bueno,Regular,2,NISSAN,GRIS,2,,29,FEMENINO,SIN DATOS,0,0,Morelia,Fuentes de Morelia,julio,sábado,13,-101.20499253273,19.6737669974382
7508,7508,2017,"170796926",2017/07/08,14:00:00,COLISIÓN CON PEATÓN,ASFALTO,Bueno,Bueno,1,CHEVROLET,VERDE,2,MINISTERIO PÚBLICO,36,MASCULINO,SIN DATOS,1,0,Morelia,La Luz,julio,sábado,14,-101.295018196106,19.6866775207508
7509,7509,2017,,2017/07/08,14:30:00,COLISIÓN POR CORTE DE CIRCULACIÓN,ASFALTO,Bueno,Regular,2,Chevrolet,NARANJA,2,,34,MASCULINO,SIN DATOS,0,0,Apatzingán,Benito Juarez,julio,sábado,15,-102.351395487785,19.0903213423853
7510,7510,2017,"170797446",2017/07/08,15:00:00,COLISIÓN POR CAMBIO DE CARRIL,ASFALTO,Bueno,Bueno,2,TOYOTA,BLANCO Y GRIS,2,,38,MASCULINO,SIN DATOS,0,0,Morelia,Rafael Carrillo,julio,sábado,15,-101.2349152565,19.709667393106
7511,7511,2017,,2017/07/08,15:10:00,COLISIÓN POR CAMBIO DE CARRIL,ASFALTO,Bueno,Bueno,2,SUZUKI,BLANCO,2,,28,MASCULINO,SIN DATOS,0,0,Cuitzeo,Sin datos,julio,sábado,15,-101.155371665955,19.9979506393006
7512,7512,2017,"170797731",2017/07/08,16:05:00,COLISIÓN POR CORTE DE CIRCULACIÓN,ASFALTO,Nublado,Regular,1,MERCEDES BENZ,CREMA Y NARANJA,1,,40,MASCULINO,SIN DATOS,0,0,Morelia,Tinijaro,julio,sábado,16,-101.264451742172,19.6961880112453
7513,7513,2017,"170797763",2017/07/08,16:25:00,COLISIÓN POR CAMBIO DE CARRIL,ASFALTO,Bueno,Bueno,2,FREIGHTLINER,BLANCO,2,,39,FEMENINO,SIN DATOS,0,0,Morelia,Tinijaro,julio,sábado,16,-101.264516115189,19.6962637696553
7514,7514,2017,"170798015",2017/07/08,17:30:00,COLISIÓN POR ALCANCE,ASFALTO,Bueno,Bueno,2,CHEVROLET,PLATA,2,,50,MASCULINO,SIN DATOS,0,0,Morelia,Leandro Valle,julio,sábado,18,-101.230409145355,19.7160102386077
7515,7515,2017,,2017/07/08,18:30:00,COLISIÓN POR INVASIÓN DE CARRIL,ASFALTO,Lluvioso,Regular,0,,,0,,,,,0,0,Tacámbaro,Jardines de Caricho,julio,sábado,19,-101.46800994873,19.2295139349419
7516,7516,2017,"170798368",2017/07/08,19:00:00,COLISIÓN POR ALCANCE,ASFALTO,Bueno,Bueno,2,KIA,ROJO,2,,36,MASCULINO,SIN DATOS,0,0,Morelia,Centro,julio,sábado,19,-101.196929812431,19.7011425357425
7517,7517,2017,,2017/07/08,22:50:00,COLISIÓN POR CORTE DE CIRCULACIÓN,CONCRETO,Nublado,Regular,2,PONTIAC,BLANCO,2,,66,MASCULINO,SIN DATOS,0,0,Morelia,Agustin Arriaga Rivera,julio,sábado,23,-101.224390268326,19.6912434348109
7518,7518,2017,"170799500",2017/07/08,23:00:00,COLISIÓN POR NO RESPETAR SEMÁFORO,ASFALTO,Nublado,Regular,3,JEEP,NEGRO,3,,18,MASCULINO,SIN DATOS,0,0,Morelia,Jardines de Torremolinos,julio,sábado,23,-101.225666999817,19.6769593676334
7519,7519,2017,"170799497",2017/07/08,23:30:00,COLISIÓN POR CAMBIO DE CARRIL,CONCRETO,Lluvioso,Bueno,2,FORD,AZUL,2,,50,FEMENINO,SIN DATOS,0,0,Morelia,Americas Britania,julio,sábado,0,-101.142920851707,19.6898494306091
7520,7520,2017,"170800611",2017/07/09,"00:00:00",COLISIÓN POR CORTE DE CIRCULACIÓN,CONCRETO,Bueno,Bueno,1,CHEVROLET,AZUL,1,,,,SIN DATOS,0,0,Morelia,Portales de Morelia,julio,domingo,0,-101.15388572216,19.703359648398
7521,7521,2017,"17099727",2017/07/09,"00:50:00",COLISIÓN POR ALCANCE,TERRACERIA,Lluvioso,Malo,1,CHEVROLET,GRIS,0,,,,,0,0,Morelia,Jardines de Sindurio,julio,domingo,1,-101.25659018755,19.698638777626
7522,7522,2017,"170799800",2017/07/09,"01:50:00",SUBIDA AL CAMELLÓN,ASFALTO,Lluvioso,Bueno,1,VOLKSWAGEN,BLANCO,1,,37,MASCULINO,SIN DATOS,0,0,Morelia,Josefa Ortiz de Dominguez,julio,domingo,2,-101.208833456039,19.6721101726485
7523,7523,2017,"170799931",2017/07/09,"03:05:00",COLISIÓN CONTRA OBJETO FIJO,ASFALTO,Nublado,Regular,1,HONDA,BLANCO,1,,19,MASCULINO,SIN DATOS,0,0,Morelia,Las Americas,julio,domingo,3,-101.153472661972,19.687536164972
7524,7524,2017,"170699921",2017/07/09,"03:05:00",COLISIÓN POR CAMBIO DE CARRIL,ASFALTO,Lluvioso,Bueno,2,NISSAN,AZUL,2,,23,MASCULINO,ALIENTO ETÍLICO,0,0,Morelia,Campestre Los Manantiales,julio,domingo,3,-101.238107085228,19.6877432490656
7525,7525,2017,"170799315",2017/07/09,"03:15:00",COLISIÓN POR CORTE DE CIRCULACIÓN,ASFALTO,Nublado,Regular,2,SIN DATOS,SIN DATOS,2,,,,SIN DATOS,0,0,Morelia,Alberto Oviedo Mota,julio,domingo,3,-101.201001405716,19.6805456570197
7526,7526,2017,"170799970",2017/07/09,"03:40:00",COLISIÓN CONTRA OBJETO FIJO,ASFALTO,Bueno,Bueno,1,NISSAN,BLANCO Y AZUL,1,,20,MASCULINO,ALIENTO ETÍLICO,0,0,Morelia,Loma Dorada,julio,domingo,4,-101.255021095276,19.6977082231468
7527,7527,2017,"170800030",2017/07/09,"03:50:00",COLISIÓN CONTRA OBJETO FIJO,ASFALTO,Lluvioso,Regular,1,RENAULT,ARENA,1,,42,MASCULINO,SIN DATOS,0,0,Morelia,Libertad,julio,domingo,4,-101.236921548843,19.6848339455453
7528,7528,2017,"170799975",2017/07/09,"03:50:00",COLISIÓN POR CAMBIO DE CARRIL,CONCRETO,Nublado,Bueno,3,MITSUBISHI,GRIS,3,,32,,ALIENTO ETÍLICO,0,0,Morelia,San Pascual,julio,domingo,4,-101.267348527908,19.6953849698943
7529,7529,2017,,2017/07/09,"04:20:00",COLISIÓN POR ALCANCE,ASFALTO,Lluvioso,Regular,2,CHEVROLET,BLANCO,2,,23,MASCULINO,SIN DATOS,0,0,Morelia,La Loma,julio,domingo,4,-101.187434792519,19.6792929904138
7530,7530,2017,,2017/07/09,"06:00:00",VOLCADURA,ASFALTO,Lluvioso,Regular,1,CHEVROLET,NEGRO,1,MINISTERIO PÚBLICO,,,SIN DATOS,0,0,Acuitzio,Sin datos,julio,domingo,6,-101.331968307495,19.4665517700725
7531,7531,2017,"170800105",2017/07/09,"06:30:00",COLISIÓN CONTRA OBJETO FIJO,CONCRETO,Bueno,Regular,1,CHEVROLET,SIN DATOS,1,MINISTERIO PÚBLICO,,,SIN DATOS,0,0,Morelia,Melchor Ocampo,julio,domingo,7,-101.150176227093,19.7049826917436
7532,7532,2017,"170800149",2017/07/09,"08:00:00",COLISIÓN CONTRA OBJETO FIJO,CONCRETO,Nublado,Bueno,3,SIN DATOS,SIN DATOS,3,,,,SIN DATOS,0,0,Morelia,Centro,julio,domingo,8,-101.191637814045,19.699831950147
7533,7533,2017,"170800470",2017/07/09,10:35:00,COLISIÓN POR ALCANCE,ASFALTO,Bueno,Bueno,2,NISSAN,BLANCO,2,MINISTERIO PÚBLICO,24,MASCULINO,SIN DATOS,0,0,Morelia,Buenos Aires,julio,domingo,11,-101.194446086884,19.6573242736387
7535,7535,2017,,2017/07/09,12:45:00,COLISIÓN POR CORTE DE CIRCULACIÓN,CONCRETO,Bueno,Bueno,2,VOLKSWAGEN,ROJO,2,,29,MASCULINO,SIN DATOS,0,0,Morelia,Felicitas del Rio,julio,domingo,13,-101.202267408371,19.6909050363558
7536,7536,2017,,2017/07/09,16:55:00,COLISIÓN POR CAMBIO DE CARRIL,ASFALTO,Bueno,Bueno,2,BAJAJ,Blanco,2,,,,SIN DATOS,0,0,Apatzingán,Independencia,julio,domingo,17,-102.353417873383,19.0954210776418
7537,7537,2017,"170801950",2017/07/09,17:10:00,COLISIÓN POR CORTE DE CIRCULACIÓN,ASFALTO,Bueno,Bueno,2,NISSAN,BLANCO Y GRIS,2,,22,MASCULINO,SIN DATOS,0,0,Morelia,Victor Manuel Tinoco Rubi,julio,domingo,17,-101.242790222168,19.7006980994409
7538,7538,2017,"170802384",2017/07/09,19:00:00,COLISIÓN POR CORTE DE CIRCULACIÓN,ASFALTO,Bueno,Bueno,2,CHRYSLER,GRIS,2,,65,MASCULINO,SIN DATOS,0,0,Morelia,Chapultepec Norte,julio,domingo,19,-101.1714220047,19.6942637356079
7539,7539,2017,,2017/07/09,20:40:00,SALIDA DE SUPERFICIE DE RODAMIENTO,ASFALTO,Bueno,Bueno,1,FORD,BLANCO,1,,21,MASCULINO,SIN DATOS,0,0,Sin datos,Sin datos,julio,domingo,21,-101.155478954315,20.0874124687362
7540,7540,2017,,2017/07/09,22:00:00,COLISIÓN POR INVASIÓN DE CARRIL,ASFALTO,Lluvioso,Regular,2,FORD,VERDE,2,,30,MASCULINO,SIN DATOS,0,0,Tacámbaro,Sin datos,julio,domingo,22,-101.481785774231,19.3449175177462
7541,7541,2017,"170803194",2017/07/09,22:30:00,COLISIÓN POR CORTE DE CIRCULACIÓN,ASFALTO,Lluvioso,Regular,1,HONDA,NEGRO,1,,32,MASCULINO,CON CERTIFICADO,0,0,Morelia,Tinijaro,julio,domingo,23,-101.260079741478,19.6968698356447
7542,7542,2017,"170803388",2017/07/09,22:30:00,SUBIDA AL CAMELLÓN,ASFALTO,Lluvioso,Regular,1,TOYOTA,BLANCO,1,,,MASCULINO,SIN DATOS,0,0,Morelia,Martires de Uruapan,julio,domingo,23,-101.197149753571,19.7249483755557
7543,7543,2017,,2017/07/09,22:35:00,COLISIÓN POR CORTE DE CIRCULACIÓN,ASFALTO,Lluvioso,Regular,2,DODGE RAM,ROJO,4,MINISTERIO PÚBLICO,49,MASCULINO,SIN DATOS,3,0,Hidalgo,Plan de Ayala,julio,domingo,23,-100.56917488575,19.705516127132
7544,7544,2017,"170803254",2017/07/09,22:39:00,SALIDA DE SUPERFICIE DE RODAMIENTO,CONCRETO,Lluvioso,Regular,1,VOLKSWAGEN,AZUL,1,,,,SIN DATOS,0,0,Morelia,Villas del Pedregal,julio,domingo,23,-101.305366158485,19.6741357396494
7545,7545,2017,"170803516",2017/07/10,"00:35:00",SALIDA DE SUPERFICIE DE RODAMIENTO,CONCRETO,Lluvioso,Regular,1,VOLKSWAGEN,ARENA,1,,35,FEMENINO,SIN DATOS,0,0,Morelia,Primo Tapia Oriente,julio,lunes,1,-101.16104722023,19.7150709477402
7546,7546,2017,,2017/07/10,"07:20:00",COLISIÓN POR CORTE DE CIRCULACIÓN,ASFALTO,Bueno,Bueno,2,NISSAN,Blanco/Rojo,2,,52,MASCULINO,SIN DATOS,0,0,Apatzingán,Centro,julio,lunes,7,-102.354303002357,19.0865902238363
7547,7547,2017,"170804172",2017/07/10,"09:40:00",COLISIÓN POR CORTE DE CIRCULACIÓN,ASFALTO,Nublado,Regular,2,VOLKSWAGEN,BLANCO,1,,36,MASCULINO,SIN DATOS,0,0,Morelia,Libertad,julio,lunes,10,-101.236873269081,19.6848238437049
7548,7548,2017,,2017/07/10,10:20:00,COLISIÓN POR INVASIÓN DE CARRIL,ASFALTO,Nublado,Bueno,2,NISSAN,BLANCO,2,,,MASCULINO,SIN DATOS,0,0,Morelia,Sin datos,julio,lunes,10,-101.41706943512,19.6330486007069
7549,7549,2017,"170804761",2017/07/10,12:50:00,COLISIÓN POR ALCANCE,CONCRETO,Bueno,Bueno,2,TOYOTA,BLANCO Y MORADO,1,,44,MASCULINO,SIN DATOS,0,0,Morelia,Industrial,julio,lunes,13,-101.194049119949,19.7072887611842
7550,7550,2017,"170804901",2017/07/10,14:10:00,COLISIÓN POR CORTE DE CIRCULACIÓN,CONCRETO,Nublado,Bueno,3,FORD,BLANCO,3,MINISTERIO PÚBLICO,34,MASCULINO,SIN DATOS,0,0,Morelia,Nueva Chapultepec,julio,lunes,14,-101.172736287117,19.687712944093
7551,7551,2017,"170805176",2017/07/10,14:45:00,COLISIÓN POR CORTE DE CIRCULACIÓN,CONCRETO,Bueno,Bueno,3,HONDA,ARENA,3,,36,MASCULINO,SIN DATOS,0,0,Morelia,Lazaro Cardenas,julio,lunes,15,-101.164330244064,19.7086472623041
7552,7552,2017,"170805123",2017/07/10,14:58:00,COLISIÓN POR CORTE DE CIRCULACIÓN,ASFALTO,Bueno,Bueno,2,HONDA,ROJO,2,,21,MASCULINO,SIN DATOS,0,0,Morelia,Tres Puentes,julio,lunes,15,-101.215603351593,19.7035970139915
7553,7553,2017,"17089453",2017/07/10,16:20:00,COLISIÓN POR ALCANCE,CONCRETO,Bueno,Bueno,2,VOLKSWAGEN,AZUL,2,,27,FEMENINO,SIN DATOS,0,0,Morelia,Rinconada del Valle,julio,lunes,16,-101.218779087067,19.678696960122
7554,7554,2017,"170805520",2017/07/10,17:15:00,COLISIÓN POR ALCANCE,ASFALTO,Lluvioso,Bueno,3,VOLKSWAGEN,VERDE,3,,19,MASCULINO,SIN DATOS,0,0,Tiquicheo de Nicolás Romero,Sin datos,julio,lunes,17,-100.96435546875,19.1244095280849
7555,7555,2017,,2017/07/10,17:25:00,COLISIÓN POR ALCANCE,ASFALTO,Lluvioso,Regular,2,FORD,BLANCO,2,MINISTERIO PÚBLICO,21,MASCULINO,SIN DATOS,0,0,Zitácuaro,Loma de Oriente ( Pueblo Nuevo ),julio,lunes,17,-100.324659347534,19.4330051870563
7556,7556,2017,"170805921",2017/07/10,18:20:00,COLISIÓN POR NO RESPETAR SEMÁFORO,ASFALTO,Bueno,Bueno,2,MAZDA,BLANCO,2,,60,MASCULINO,SIN DATOS,0,0,Morelia,Melchor Ocampo,julio,lunes,18,-101.203973293304,19.7043444607938
7557,7557,2017,"170806120",2017/07/10,18:25:00,COLISIÓN POR CORTE DE CIRCULACIÓN,ASFALTO,Bueno,Regular,2,VOLKSWAGEN,BLANCO,2,MINISTERIO PÚBLICO,20,MASCULINO,SIN DATOS,0,0,Morelia,La Colina,julio,lunes,18,-101.214011460543,19.7086169612896
7558,7558,2017,"170806312",2017/07/10,20:09:00,VOLCADURA,CONCRETO,Bueno,Bueno,1,FORD,NEGRO,0,,,,,0,0,Morelia,Torreon Nuevo,julio,lunes,20,-101.203892827034,19.7467613900776
7559,7559,2017,"170806511",2017/07/10,20:30:00,COLISIÓN POR MANIOBRA DE REVERSA,ASFALTO,Nublado,Bueno,2,HONDA,PLATA,2,,,,SIN DATOS,0,0,Morelia,Nueva Valladolid,julio,lunes,21,-101.207953691483,19.701117283713
7560,7560,2017,"170807116",2017/07/11,"01:06:00",COLISIÓN CONTRA OBJETO FIJO,ASFALTO,Nublado,Regular,1,SEAT,NEGRO,1,,53,MASCULINO,SIN DATOS,0,0,Morelia,Alberto Oviedo Mota,julio,martes,1,-101.197428703308,19.6811820887201
7561,7561,2017,"1708072398",2017/07/11,"08:25:00",COLISIÓN POR CORTE DE CIRCULACIÓN,ASFALTO,Bueno,Bueno,2,DODGE,SIN DATOS,1,,49,MASCULINO,SIN DATOS,0,0,Morelia,Santiaguito,julio,martes,8,-101.188545227051,19.7198077454267
7562,7562,2017,"170807591",2017/07/11,"09:23:00",COLISIÓN POR CAMBIO DE CARRIL,ASFALTO,Bueno,Bueno,2,FORD,BLANCO,2,,38,MASCULINO,SIN DATOS,0,0,Morelia,Isaac Arriaga,julio,martes,9,-101.167602539062,19.7115662331122
7563,7563,2017,"170807940",2017/07/11,11:15:00,COLISIÓN POR CAMBIO DE CARRIL,ASFALTO,Bueno,Bueno,2,NISSAN,BLANCO Y CREMA,2,,,MASCULINO,SIN DATOS,0,0,Morelia,Elias Perez Avalos,julio,martes,11,-101.165252923965,19.7105663148553
7564,7564,2017,,2017/07/11,11:50:00,COLISIÓN CON PEATÓN,CONCRETO,Bueno,Bueno,2,ITALIKA,ROJO,3,MINISTERIO PÚBLICO,,,SIN DATOS,1,0,Morelia,Jose Ma Pino Suarez,julio,martes,12,-101.162613630295,19.72178221133
7565,7565,2017,"170807980",2017/07/11,12:00:00,COLISIÓN POR INVASIÓN DE CARRIL,ASFALTO,Bueno,Bueno,2,ISUZU,ROJO,2,,34,MASCULINO,SIN DATOS,0,0,Morelia,Centro,julio,martes,12,-101.196912378073,19.7008603440861
7566,7566,2017,"170808090",2017/07/11,12:00:00,COLISIÓN POR ALCANCE,ASFALTO,Bueno,Bueno,2,MERCEDES BENZ,BLANCO Y ROJO,2,,34,MASCULINO,SIN DATOS,0,0,Morelia,Fovissste La Huerta,julio,martes,12,-101.212095022202,19.6922990313663
7567,7567,2017,"170808512",2017/07/11,14:15:00,COLISIÓN POR CORTE DE CIRCULACIÓN,ASFALTO,Bueno,Bueno,1,HONDA,BLANCO,1,,58,MASCULINO,SIN DATOS,0,0,Morelia,San Rafael,julio,martes,14,-101.154695749283,19.700445578265
7568,7568,2017,,2017/07/11,14:40:00,COLISIÓN POR ALCANCE,ASFALTO,Nublado,Bueno,2,FORD,BLANCO,2,,59,MASCULINO,SIN DATOS,0,0,Morelia,Villas del Pedregal,julio,martes,15,-101.297255289191,19.6803839410837
7569,7569,2017,"170808694",2017/07/11,15:17:00,COLISIÓN POR CORTE DE CIRCULACIÓN,ASFALTO,Bueno,Bueno,2,MERCEDES BENZ,AMARILLO,2,,58,MASCULINO,SIN DATOS,0,0,Morelia,Isaac Arriaga,julio,martes,15,-101.169469356537,19.7130206485069
7570,7570,2017,"170808768",2017/07/11,15:25:00,COLISIÓN POR CAMBIO DE CARRIL,ASFALTO,Bueno,Bueno,2,MAZDA,NEGRO,2,,31,FEMENINO,SIN DATOS,0,0,Morelia,Las Americas,julio,martes,15,-101.150608062744,19.6907787680923
7571,7571,2017,,2017/07/11,15:30:00,COLISIÓN POR INVASIÓN DE CARRIL,ASFALTO,Bueno,Bueno,3,Italika,Amarillo/Negro,3,,,,SIN DATOS,0,0,Sin datos,Sin datos,julio,martes,16,-102.677364349365,19.2185526491783
7572,7572,2017,"170809190",2017/07/11,17:50:00,COLISIÓN POR ALCANCE,CONCRETO,Lluvioso,Regular,2,CHEVROLET,ROJO,2,MINISTERIO PÚBLICO,44,FEMENINO,SIN DATOS,0,0,Morelia,Isaac Arriaga,julio,martes,18,-101.173374652863,19.7068569675196
7573,7573,2017,"170802931",2017/07/11,18:10:00,COLISIÓN POR CAMBIO DE CARRIL,ASFALTO,Bueno,Bueno,2,FORD,NEGRO,2,,52,MASCULINO,SIN DATOS,0,0,Morelia,Comision Federal de Electricidad,julio,martes,18,-101.177065372467,19.6817528546817
7574,7574,2017,"1708096608",2017/07/11,19:00:00,COLISIÓN POR CAMBIO DE CARRIL,ASFALTO,Bueno,Bueno,2,NISSAN,BLANCO,2,,24,MASCULINO,SIN DATOS,0,0,Morelia,Comision Federal de Electricidad,julio,martes,19,-101.181335449219,19.6815457628422
7575,7575,2017,"170809817",2017/07/11,19:30:00,COLISIÓN POR CORTE DE CIRCULACIÓN,ASFALTO,Lluvioso,Regular,1,DODGE,AZUL,1,,45,MASCULINO,SIN DATOS,0,0,Morelia,Los Laureles,julio,martes,20,-101.230795383453,19.7155456438145
7576,7576,2017,"170809759",2017/07/11,20:00:00,VOLCADURA,ASFALTO,Lluvioso,Bueno,1,NISSAN,VERDE,1,,24,FEMENINO,SIN DATOS,0,0,Morelia,Bosques Tres Marias,julio,martes,20,-101.104323863983,19.7245545020827
7577,7577,2017,"170809973",2017/07/11,20:05:00,COLISIÓN CONTRA OBJETO FIJO,ASFALTO,Nublado,Bueno,1,FORD,GRIS,1,,28,MASCULINO,SIN DATOS,0,0,Morelia,Lomas del Bosque,julio,martes,20,-101.104474067688,19.7245948994066
7578,7578,2017,"170810166",2017/07/11,21:20:00,COLISIÓN POR ALCANCE,CONCRETO,Nublado,Bueno,2,FORD,GRIS,2,,,FEMENINO,SIN DATOS,0,0,Morelia,Chapultepec Oriente,julio,martes,21,-101.159389615059,19.6941324193669
7579,7579,2017,"170810712",2017/07/12,"06:10:00",COLISIÓN POR ALCANCE,ASFALTO,Lluvioso,Regular,2,CHRYSLER,ROJO,2,,,,SIN DATOS,0,0,Morelia,El Lago 1,julio,miércoles,6,-101.216729879379,19.727331794321
7581,7581,2017,"170810910",2017/07/12,"08:45:00",COLISIÓN POR ALCANCE,ASFALTO,Bueno,Bueno,3,CHEVROLET,BLANCO,3,,33,MASCULINO,SIN DATOS,0,0,Morelia,Rafael Carrillo,julio,miércoles,9,-101.23633146286,19.7077685305556
7582,7582,2017,"170811031",2017/07/12,"08:50:00",COLISIÓN POR CAMBIO DE CARRIL,ASFALTO,Bueno,Bueno,2,CHEVROLET,ROJO,2,,41,MASCULINO,SIN DATOS,0,0,Morelia,Irrigacion,julio,miércoles,9,-101.226933002472,19.7043040583532
7583,7583,2017,"170810919",2017/07/12,"09:06:00",COLISIÓN POR ALCANCE,ASFALTO,Lluvioso,Regular,2,ITALIKA,NEGRO,2,,39,MASCULINO,SIN DATOS,0,0,Morelia,Irrigacion,julio,miércoles,9,-101.220640540123,19.705495926061
7584,7584,2017,"170810973",2017/07/12,"09:15:00",SUBIDA AL CAMELLÓN,ASFALTO,Bueno,Bueno,2,DODGE,BLANCO,1,,52,MASCULINO,SIN DATOS,0,0,Morelia,Sin datos,julio,miércoles,9,-101.338421702385,19.6898544813709
7585,7585,2017,"170811379",2017/07/12,10:20:00,COLISIÓN POR ALCANCE,ASFALTO,Bueno,Bueno,3,NISSAN,ROJO,3,MINISTERIO PÚBLICO,26,MASCULINO,SIN DATOS,0,0,Morelia,Lomas de Hidalgo,julio,miércoles,10,-101.158724427223,19.695657701371
7586,7586,2017,"170811265",2017/07/12,10:30:00,COLISIÓN CONTRA OBJETO FIJO,ASFALTO,Nublado,Regular,1,CHEVROLET,ARENA,1,,49,MASCULINO,SIN DATOS,0,0,Morelia,Villas de La Esperanza,julio,miércoles,11,-101.275137662888,19.6928899603705
7587,7587,2017,"170811254",2017/07/12,10:35:00,COLISIÓN POR CORTE DE CIRCULACIÓN,ASFALTO,Bueno,Bueno,2,HONDA,ROJO,2,,19,MASCULINO,SIN DATOS,0,0,Morelia,Sin datos,julio,miércoles,11,-101.134300231934,19.6500242752453
7588,7588,2017,"170811444",2017/07/12,11:30:00,COLISIÓN POR CORTE DE CIRCULACIÓN,CONCRETO,Bueno,Bueno,2,MERCEDES BENZ,BLANCO Y VERDE,2,,48,MASCULINO,SIN DATOS,0,0,Morelia,Centro,julio,miércoles,12,-101.195307075977,19.6989418064106