fid,id_accidente,anio_origen,folio_c5i,dia_incidente,hora_ocurrencia,tipo_incidente_vial,superficie_ocurrencia,condiciones_climaticas,condiciones_via,numero_vehiculos_involucrados,marca_vehiculo_ocasiona_siniestro,color_vehiculo_ocasiona_siniestro,numero_personas_involucradas,lugar_remite_presunto_responsable,edad_presunto_responsable,sexo_presunto_responsable,resultados_toxicologia,numero_personas_lesionadas,numero_personas_fallecidas,municipio,colonia,mes,dia_semana,hora_redondeada,lon,lat
7589,7589,2017,"170811589",2017/07/12,12:10:00,COLISIÓN CONTRA OBJETO FIJO,ASFALTO,Bueno,Bueno,1,FREIGHTLINER,BLANCO,1,,27,MASCULINO,SIN DATOS,0,0,Morelia,Lomas de Santiaguito,julio,miércoles,12,-101.178497672081,19.7221053952419
7590,7590,2017,"170811604",2017/07/12,12:35:00,COLISIÓN POR ALCANCE,CONCRETO,Bueno,Bueno,2,NISSAN,BLANCO Y NARANJA,2,,39,MASCULINO,SIN DATOS,0,0,Tarímbaro,Club Erandeni,julio,miércoles,13,-101.183288097382,19.7595347578509
7591,7591,2017,"170813451",2017/07/12,12:40:00,COLISIÓN POR CORTE DE CIRCULACIÓN,CONCRETO,Bueno,Bueno,2,CHEVROLET,ROJO,2,,38,FEMENINO,SIN DATOS,0,0,Morelia,Tres Puentes,julio,miércoles,13,-101.212585866451,19.7093984731177
7592,7592,2017,,2017/07/12,15:00:00,COLISIÓN POR CORTE DE CIRCULACIÓN,ASFALTO,Bueno,Bueno,2,TOYOTA,NEGRO,2,,37,MASCULINO,SIN DATOS,0,0,Morelia,Ventura Puente,julio,miércoles,15,-101.182596087456,19.6898721590358
7593,7593,2017,"170812277",2017/07/12,15:15:00,COLISIÓN POR CORTE DE CIRCULACIÓN,CONCRETO,Bueno,Bueno,2,FIAT,ROJO,2,,55,FEMENINO,SIN DATOS,0,0,Morelia,Del Empleado,julio,miércoles,15,-101.177816390991,19.6887483607401
7594,7594,2017,"170812316",2017/07/12,15:40:00,COLISIÓN POR INVASIÓN DE CARRIL,ASFALTO,Bueno,Bueno,2,DINA,BLANCO,2,,64,MASCULINO,SIN DATOS,0,0,Morelia,Rafael Carrillo,julio,miércoles,16,-101.236352920532,19.7077432795719
7595,7595,2017,"170813026",2017/07/12,16:30:00,COLISIÓN POR ALCANCE,ASFALTO,Bueno,Bueno,2,CHEVROLET,ARENA,2,,17,MASCULINO,SIN DATOS,0,0,Morelia,Fuentes de Valladolid,julio,miércoles,17,-101.22230887413,19.6708776455362
7596,7596,2017,"170812377",2017/07/12,17:40:00,COLISIÓN POR ALCANCE,CONCRETO,Bueno,Bueno,3,CHEVROLET,BLANCO Y AZUL,3,MINISTERIO PÚBLICO,24,MASCULINO,SIN DATOS,0,0,Morelia,Lindavista,julio,miércoles,18,-101.216150522232,19.7039202346588
7597,7597,2017,"170812895",2017/07/12,18:00:00,COLISIÓN POR CORTE DE CIRCULACIÓN,ASFALTO,Nublado,Regular,2,CHEVROLET,GRIS,2,,41,MASCULINO,SIN DATOS,0,0,Morelia,Felix Ireta,julio,miércoles,18,-101.180863380432,19.6854855129058
7598,7598,2017,"170813486",2017/07/12,19:30:00,COLISIÓN POR ALCANCE,ASFALTO,Lluvioso,Regular,2,CHEVROLET,BLANCO,2,,30,MASCULINO,SIN DATOS,0,0,Morelia,El Realito,julio,miércoles,20,-101.204144954681,19.7257159210728
7599,7599,2017,"035987543",2017/07/12,20:55:00,COLISIÓN POR CAMBIO DE CARRIL,ASFALTO,Bueno,Bueno,2,NISSAN,BLANCO,2,MINISTERIO PÚBLICO,29,MASCULINO,SIN DATOS,0,0,Lázaro Cárdenas,Centro,julio,miércoles,21,-102.192142009735,17.9538006204578
7600,7600,2017,"170813664",2017/07/12,21:30:00,COLISIÓN POR CORTE DE CIRCULACIÓN,ASFALTO,Nublado,Bueno,2,FORD,ROJO,2,MINISTERIO PÚBLICO,22,MASCULINO,SIN DATOS,0,0,Morelia,Union Popular Solidaria,julio,miércoles,22,-101.220517158508,19.7056070319202
7601,7601,2017,"170813995",2017/07/12,23:16:00,COLISIÓN POR CORTE DE CIRCULACIÓN,ASFALTO,Bueno,Bueno,2,HONDA,AZUL,2,,29,MASCULINO,SIN DATOS,0,0,Morelia,Nueva Chapultepec,julio,miércoles,23,-101.173106431961,19.6864249774566
7602,7602,2017,,2017/07/13,"02:15:00",SUBIDA AL CAMELLÓN,CONCRETO,Bueno,Bueno,1,VOLKSWAGEN,BLANCO,0,,,,,0,0,Morelia,Montaña Monarca,julio,jueves,2,-101.164877414703,19.6752217563009
7603,7603,2017,"170814187",2017/07/13,"03:00:00",COLISIÓN CONTRA OBJETO FIJO,ASFALTO,Bueno,Regular,1,CHEVROLET,GRIS,2,MINISTERIO PÚBLICO,22,MASCULINO,SIN DATOS,1,0,Morelia,La Colina,julio,jueves,3,-101.215219795704,19.7102304823211
7604,7604,2017,"170814266",2017/07/13,"06:00:00",COLISIÓN POR ALCANCE,ASFALTO,Nublado,Regular,2,JEEP,GRIS,2,,52,MASCULINO,SIN DATOS,0,0,Morelia,Arboledas de La Huerta,julio,jueves,6,-101.223542690277,19.6684933858608
7605,7605,2017,"170816646",2017/07/13,"09:55:00",COLISIÓN POR INVASIÓN DE CARRIL,ASFALTO,Bueno,Bueno,2,CHEVROLET,ORO,2,,,MASCULINO,SIN DATOS,0,0,Morelia,Libertad,julio,jueves,10,-101.236948370934,19.6847935381798
7606,7606,2017,"170814743",2017/07/13,10:25:00,COLISIÓN POR CORTE DE CIRCULACIÓN,ASFALTO,Bueno,Bueno,2,VOLVO,ARENA,2,,21,MASCULINO,SIN DATOS,0,0,Morelia,Morelia 450,julio,jueves,10,-101.216601133347,19.6755349318284
7607,7607,2017,"170814789",2017/07/13,11:15:00,COLISIÓN POR CORTE DE CIRCULACIÓN,CONCRETO,Bueno,Bueno,2,HONDA,NEGRO,2,,40,FEMENINO,SIN DATOS,0,0,Morelia,Cuauhtemoc,julio,jueves,11,-101.184532642364,19.6984455964763
7608,7608,2017,"170814994",2017/07/13,12:00:00,COLISIÓN POR CORTE DE CIRCULACIÓN,ASFALTO,Nublado,Regular,2,SIN DATOS,ROJO,1,,,MASCULINO,SIN DATOS,0,0,Morelia,La Soledad,julio,jueves,12,-101.18342757225,19.7281094274973
7609,7609,2017,"17081523",2017/07/13,13:00:00,COLISIÓN POR ALCANCE,ASFALTO,Bueno,Bueno,2,NISSAN,BLANCO Y GRIS,2,,37,MASCULINO,SIN DATOS,0,0,Morelia,Nueva Valladolid,julio,jueves,13,-101.20888710022,19.7010516284176
7610,7610,2017,"170815547",2017/07/13,13:15:00,COLISIÓN POR ALCANCE,ASFALTO,Bueno,Bueno,2,NISSAN,AZUL,2,,25,MASCULINO,SIN DATOS,0,0,Morelia,Los Alamos,julio,jueves,13,-101.229668855667,19.7035364100437
7611,7611,2017,"1708153554",2017/07/13,14:00:00,COLISIÓN POR CORTE DE CIRCULACIÓN,ASFALTO,Bueno,Bueno,2,TOYOTA,BLANCO Y GRIS,0,,,,,0,0,Morelia,Comision Federal de Electricidad,julio,jueves,14,-101.180112361908,19.6816669873661
7612,7612,2017,"170815377",2017/07/13,14:15:00,COLISIÓN POR ALCANCE,CONCRETO,Bueno,Bueno,2,CHEVROLET,AZUL,2,,33,MASCULINO,SIN DATOS,0,0,Morelia,Las Flores,julio,jueves,14,-101.206837892532,19.7024253335984
7613,7613,2017,"170810277",2017/07/13,15:40:00,COLISIÓN POR CORTE DE CIRCULACIÓN,CONCRETO,Bueno,Bueno,2,NISSAN,VERDE,2,,29,FEMENINO,SIN DATOS,0,0,Morelia,Centro,julio,jueves,16,-101.192584633827,19.6961021516705
7614,7614,2017,,2017/07/13,15:45:00,COLISIÓN POR ALCANCE,ASFALTO,Bueno,Bueno,2,VOLKSWAGEN,PLATA,2,MINISTERIO PÚBLICO,28,FEMENINO,SIN DATOS,0,0,Morelia,Union Popular Solidaria,julio,jueves,16,-101.220549345016,19.7055868308606
7615,7615,2017,"170817598",2017/07/13,17:30:00,COLISIÓN POR CORTE DE CIRCULACIÓN,SIN_DATOS,Bueno,Bueno,1,NISSAN,GUINDA,1,,,,SIN DATOS,0,0,Morelia,Colinas del Sur,julio,jueves,18,-101.199113130569,19.6646037335801
7616,7616,2017,"170816270",2017/07/13,18:26:00,COLISIÓN POR CORTE DE CIRCULACIÓN,CONCRETO,Bueno,Bueno,2,CHEVROLET,VERDE,2,,17,MASCULINO,SIN DATOS,0,0,Morelia,La Loma,julio,jueves,18,-101.18016064167,19.6807476991033
7617,7617,2017,,2017/07/13,19:00:00,COLISIÓN POR CAMBIO DE CARRIL,ASFALTO,Bueno,Bueno,2,ITALIKA,AMARILLO,2,MINISTERIO PÚBLICO,38,MASCULINO,SIN DATOS,0,0,Chucándiro,Sin datos,julio,jueves,19,-101.3356590271,19.9209461479455
7618,7618,2017,,2017/07/13,19:30:00,COLISIÓN POR CORTE DE CIRCULACIÓN,CONCRETO,Bueno,Bueno,1,ITALIKA,ROJO,5,MINISTERIO PÚBLICO,14,FEMENINO,SIN DATOS,3,0,Sahuayo,El Pedregal,julio,jueves,20,-102.723436653614,20.0567400403604
7619,7619,2017,,2017/07/14,"00:00:00",COLISIÓN POR CORTE DE CIRCULACIÓN,ASFALTO,Lluvioso,Regular,2,TOYOTA,BLANCO,0,MINISTERIO PÚBLICO,,,,0,0,Hidalgo,Sin datos,julio,viernes,0,-100.739994049072,19.6708372346507
7620,7620,2017,,2017/07/14,"05:37:00",SUBIDA AL CAMELLÓN,ASFALTO,Bueno,Bueno,1,NISSAN,Blanco/Rojo,1,,22,MASCULINO,SIN DATOS,0,0,Apatzingán,Sin datos,julio,viernes,6,-102.407727241516,19.0918066691683
7621,7621,2017,,2017/07/14,"05:50:00",COLISIÓN CONTRA OBJETO FIJO,CONCRETO,Bueno,Bueno,1,FORD,Azul,2,,35,MASCULINO,CON CERTIFICADO,1,0,Apatzingán,Emiliano Zapata,julio,viernes,6,-102.366743087769,19.1106686527202
7623,7623,2017,,2017/07/14,"08:30:00",COLISIÓN POR CORTE DE CIRCULACIÓN,ASFALTO,Lluvioso,Bueno,1,FORD,GRIS,1,,37,MASCULINO,SIN DATOS,0,0,Morelia,Valle de Las Flores,julio,viernes,9,-101.129772663116,19.6864552826729
7624,7624,2017,"170818223",2017/07/14,"08:35:00",COLISIÓN POR CORTE DE CIRCULACIÓN,CONCRETO,Bueno,Bueno,2,NISSAN,GRIS,2,,28,MASCULINO,SIN DATOS,0,0,Morelia,Peña Blanca,julio,viernes,9,-101.194290518761,19.6662050693891
7625,7625,2017,,2017/07/14,10:00:00,COLISIÓN POR ALCANCE,ASFALTO,Bueno,Bueno,2,NISSAN,GRIS,2,,52,MASCULINO,SIN DATOS,0,0,Morelia,Cosmos,julio,viernes,10,-101.215753555298,19.684616755836
7626,7626,2017,"170819399",2017/07/14,11:40:00,COLISIÓN POR INVASIÓN DE CARRIL,ASFALTO,Bueno,Bueno,2,FORD,AMARILLO,2,,25,MASCULINO,SIN DATOS,0,0,Morelia,Canteras de Morelia,julio,viernes,12,-101.171722412109,19.7151012475317
7627,7627,2017,"17042918",2017/07/14,12:20:00,COLISIÓN CON PEATÓN,CONCRETO,Bueno,Bueno,1,ITALIKA,NEGRO,1,,32,MASCULINO,SIN DATOS,0,0,Morelia,Gustavo Diaz Ordaz,julio,viernes,12,-101.205264776945,19.6913949562754
7628,7628,2017,,2017/07/14,12:50:00,COLISIÓN POR ALCANCE,ASFALTO,Bueno,Bueno,2,CHYSLER,AZUL,2,,38,MASCULINO,SIN DATOS,0,0,Morelia,Poblado de Ocolusen,julio,viernes,13,-101.150270104408,19.6916575931408
7629,7629,2017,"170819772",2017/07/14,13:00:00,COLISIÓN POR INVASIÓN DE CARRIL,ASFALTO,Bueno,Bueno,2,CHEVROLET,VERDE,2,,17,FEMENINO,SIN DATOS,0,0,Morelia,Las Americas,julio,viernes,13,-101.158987283707,19.6880412476572
7630,7630,2017,"170820083",2017/07/14,14:17:00,COLISIÓN POR CORTE DE CIRCULACIÓN,CONCRETO,Bueno,Bueno,2,HONDA,BLANCO,2,,34,MASCULINO,SIN DATOS,0,0,Morelia,Juarez,julio,viernes,14,-101.199612021446,19.6946526330744
7631,7631,2017,"170820606",2017/07/14,16:20:00,COLISIÓN POR CAMBIO DE CARRIL,ASFALTO,Bueno,Bueno,2,MERCEDES MENS,BLANCO,2,,32,MASCULINO,SIN DATOS,0,0,Morelia,Felix Ireta,julio,viernes,16,-101.195744276047,19.6815407118184
7632,7632,2017,"170820887",2017/07/14,17:40:00,COLISIÓN POR ALCANCE,ASFALTO,Nublado,Regular,3,CHYSLER,BLANCO/ROJO,3,,31,MASCULINO,SIN DATOS,0,0,Morelia,Josefa Ortiz de Dominguez,julio,viernes,18,-101.209809780121,19.6722516095798
7633,7633,2017,"170820999",2017/07/14,18:05:00,COLISIÓN POR ALCANCE,ASFALTO,Lluvioso,Bueno,2,FORD,GUINDA,2,,19,MASCULINO,SIN DATOS,0,0,Morelia,Lomas del Valle,julio,viernes,18,-101.231144070625,19.6887584623329
7634,7634,2017,"170821150",2017/07/14,18:25:00,COLISIÓN POR ALCANCE,ASFALTO,Bueno,Bueno,2,NISSAN,ROJO,2,,52,MASCULINO,SIN DATOS,0,0,Morelia,El Lago 2,julio,viernes,18,-101.212231814861,19.7263824707677
7635,7635,2017,"170821188",2017/07/14,19:00:00,COLISIÓN POR CORTE DE CIRCULACIÓN,CONCRETO,Nublado,Bueno,2,ITALIKA,BLANCO Y ROJO,2,MINISTERIO PÚBLICO,27,MASCULINO,SIN DATOS,0,0,Morelia,Granjas del Maestro,julio,viernes,19,-101.193780899048,19.7136165509941
7636,7636,2017,"17038281",2017/07/14,19:10:00,COLISIÓN POR CORTE DE CIRCULACIÓN,ASFALTO,Bueno,Bueno,2,VOLKSWAGEN,PLATA,2,,25,MASCULINO,SIN DATOS,0,0,Morelia,Lomas de Guayangareo,julio,viernes,19,-101.16001188755,19.7031727858746
7637,7637,2017,,2017/07/14,19:20:00,COLISIÓN POR CORTE DE CIRCULACIÓN,CONCRETO,Bueno,Bueno,2,FORD,AZUL,2,,56,MASCULINO,SIN DATOS,0,0,Morelia,Industrial,julio,viernes,19,-101.193845272064,19.7124045436004
7638,7638,2017,,2017/07/14,19:20:00,COLISIÓN POR CORTE DE CIRCULACIÓN,ASFALTO,Bueno,Bueno,2,FORD,AZUL,2,,56,MASCULINO,SIN DATOS,0,0,Morelia,Industrial,julio,viernes,19,-101.193834543228,19.7124348438972
7639,7639,2017,"170821643",2017/07/14,20:40:00,SALIDA DE SUPERFICIE DE RODAMIENTO,ASFALTO,Bueno,Bueno,1,BMW,BLANCO,1,,33,MASCULINO,SIN DATOS,0,0,Morelia,Alberto Oviedo Mota,julio,viernes,21,-101.201907992363,19.6778887799133
7640,7640,2017,"170821782",2017/07/14,21:00:00,COLISIÓN POR ALCANCE,ASFALTO,Nublado,Regular,2,SEAT,AMARILLO,2,,21,MASCULINO,SIN DATOS,0,0,Morelia,Felix Ireta,julio,viernes,21,-101.18980050087,19.6823539246018
7641,7641,2017,"170821724",2017/07/14,21:00:00,COLISIÓN POR CAMBIO DE CARRIL,ASFALTO,Nublado,Malo,2,CHEVROLET,NARANJA,2,,35,FEMENINO,SIN DATOS,0,0,Morelia,Justo Mendoza,julio,viernes,21,-101.232345700264,19.7130812488612
7642,7642,2017,"170821755",2017/07/14,21:25:00,COLISIÓN POR ALCANCE,ASFALTO,Nublado,Bueno,2,CHEVROLET,ROJO,2,,44,MASCULINO,SIN DATOS,0,0,Morelia,Lindavista,julio,viernes,21,-101.21618270874,19.7038596308334
7643,7643,2017,"17821927",2017/07/14,21:50:00,COLISIÓN POR ALCANCE,ASFALTO,Bueno,Bueno,2,VOLKSWAGEN,NEGRO,3,MINISTERIO PÚBLICO,30,FEMENINO,SIN DATOS,1,0,Morelia,Felix Ireta,julio,viernes,22,-101.190819740295,19.6878259563574
7644,7644,2017,"170821915",2017/07/14,22:50:00,COLISIÓN POR CORTE DE CIRCULACIÓN,ASFALTO,Bueno,Bueno,2,DODGE,PLATA,2,,41,MASCULINO,SIN DATOS,0,0,Morelia,Vasco de Quiroga,julio,viernes,23,-101.175971031189,19.698344586632
7645,7645,2017,,2017/07/14,23:45:00,SUBIDA AL CAMELLÓN,ASFALTO,Bueno,Regular,0,,,0,,,,,0,0,Morelia,Reforma,julio,viernes,0,-101.238241195679,19.7067786890112
7646,7646,2017,,2017/07/15,"00:05:00",VOLCADURA,ASFALTO,Bueno,Bueno,1,HYUNDAY,BLANCO,1,,45,MASCULINO,SIN DATOS,0,0,Morelia,Rafael Carrillo,julio,sábado,0,-101.233756542206,19.7113844302577
7647,7647,2017,"170822351",2017/07/15,"01:30:00",COLISIÓN POR CORTE DE CIRCULACIÓN,ASFALTO,Nublado,Regular,1,NISSAN,BLANCO,0,,,,,0,0,Morelia,La Soledad,julio,sábado,2,-101.183341741562,19.7280993283894
7648,7648,2017,,2017/07/15,"02:00:00",COLISIÓN POR CORTE DE CIRCULACIÓN,ASFALTO,Nublado,Regular,1,NISSAN,BLANCO,2,MINISTERIO PÚBLICO,65,MASCULINO,SIN DATOS,0,1,Tuxpan,Sin datos,julio,sábado,2,-100.477352142334,19.6237112147599
7649,7649,2017,"170822499",2017/07/15,"06:50:00",SUBIDA AL CAMELLÓN,ASFALTO,Bueno,Bueno,1,GMC,NEGRO,1,,39,MASCULINO,SIN DATOS,0,0,Morelia,Isaac Arriaga,julio,sábado,7,-101.169431805611,19.7128287472332
7650,7650,2017,"170870937",2017/07/15,"09:30:00",COLISIÓN POR ALCANCE,ASFALTO,Bueno,Bueno,1,FORD,GRIS,1,,27,MASCULINO,SIN DATOS,0,0,Morelia,Libertad,julio,sábado,10,-101.236932277679,19.6848389964652
7651,7651,2017,"170823009",2017/07/15,10:15:00,CAIDA DE MOTOCICLETA,ASFALTO,Bueno,Bueno,1,HONDA,BLANCO,1,,19,MASCULINO,SIN DATOS,0,0,Morelia,Solidaridad,julio,sábado,10,-101.207685470581,19.7261804863053
7652,7652,2017,,2017/07/15,11:50:00,COLISIÓN POR ALCANCE,ASFALTO,Bueno,Bueno,2,NISSAN,BLANCO,1,,48,MASCULINO,SIN DATOS,0,0,Morelia,Diego Rivera,julio,sábado,12,-101.175949573517,19.7182069457049
7653,7653,2017,"170823587",2017/07/15,12:20:00,COLISIÓN POR CORTE DE CIRCULACIÓN,CONCRETO,Bueno,Bueno,2,PONTIAC,GRIS,2,,19,MASCULINO,SIN DATOS,0,0,Morelia,Ventura Puente,julio,sábado,12,-101.191871166229,19.6914404126868
7654,7654,2017,"170823791",2017/07/15,12:55:00,COLISIÓN POR CAMBIO DE CARRIL,ASFALTO,Bueno,Bueno,2,NISSAN,NARANJA,2,,57,MASCULINO,SIN DATOS,0,0,Morelia,Centro,julio,sábado,13,-101.190487146378,19.7029455203492
7655,7655,2017,"170824214",2017/07/15,14:45:00,COLISIÓN CONTRA OBJETO FIJO,CONCRETO,Bueno,Bueno,2,INTERNATIONAL,BLANCO,2,,35,MASCULINO,SIN DATOS,0,0,Morelia,Central de Abastos,julio,sábado,15,-101.169099211693,19.7158385406892
7656,7656,2017,,2017/07/15,15:15:00,COLISIÓN POR ALCANCE,ASFALTO,Bueno,Bueno,2,TOYOTA,NEGRO,2,,,MASCULINO,SIN DATOS,0,0,Sin datos,Sin datos,julio,sábado,15,-101.156444549561,20.086888505561
7657,7657,2017,"170824792",2017/07/15,15:30:00,COLISIÓN POR ALCANCE,ASFALTO,Bueno,Bueno,2,VOLKSWAGEN,GRIS,2,,31,MASCULINO,SIN DATOS,0,0,Morelia,Felix Ireta,julio,sábado,16,-101.194478273392,19.6820205583701
7658,7658,2017,"170825059",2017/07/15,18:15:00,COLISIÓN POR ALCANCE,ASFALTO,Bueno,Bueno,2,CHEVROLET,BLANCO,2,MINISTERIO PÚBLICO,28,MASCULINO,SIN DATOS,0,0,Morelia,Loma Dorada,julio,sábado,18,-101.194038391113,19.6599663365091
7659,7659,2017,"170825449",2017/07/15,19:10:00,COLISIÓN POR ALCANCE,ASFALTO,Bueno,Bueno,2,CHEVROLET,BLANCO,1,,35,MASCULINO,SIN DATOS,0,0,Morelia,Villas del Pedregal,julio,sábado,19,-101.303708553314,19.6841823755339
7660,7660,2017,"170825522",2017/07/15,19:35:00,COLISIÓN POR CAMBIO DE CARRIL,ASFALTO,Bueno,Bueno,2,VOLKSWAGEN,AZUL,2,,,MASCULINO,SIN DATOS,0,0,Morelia,Centro,julio,sábado,20,-101.190578341484,19.7010061747357
7661,7661,2017,"170826369",2017/07/15,22:55:00,CAIDA DE MOTOCICLETA,CONCRETO,Bueno,Bueno,1,HARLEY DAVIDSON,NEGRO,1,,32,MASCULINO,ALIENTO ETÍLICO,0,0,Morelia,Nueva Chapultepec,julio,sábado,23,-101.168792098761,19.6893645567374
7662,7662,2017,"170826298",2017/07/15,23:00:00,SALIDA DE SUPERFICIE DE RODAMIENTO,SIN_DATOS,Bueno,Bueno,1,NISSAN,BLANCO,1,,,MASCULINO,SIN DATOS,0,0,Morelia,Isaac Arriaga,julio,sábado,23,-101.168530583382,19.7089856232417
7663,7663,2017,"170830483",2017/07/16,"00:00:00",COLISIÓN POR ALCANCE,ASFALTO,Bueno,Bueno,3,VOLKSWAGEN,NEGRO,3,,25,MASCULINO,SIN DATOS,0,0,Morelia,Elias Perez Avalos,julio,domingo,0,-101.171228885651,19.7145962502565
7664,7664,2017,"170820232",2017/07/16,"00:00:00",COLISIÓN POR ALCANCE,ASFALTO,Bueno,Bueno,3,FORD,ROJO,3,MINISTERIO PÚBLICO,24,MASCULINO,SIN DATOS,0,0,Morelia,Insurgentes,julio,domingo,0,-101.152496337891,19.6985365052817
7665,7665,2017,"170826788",2017/07/16,"02:35:00",VOLCADURA,CONCRETO,Bueno,Bueno,1,JEEP,GRIS,1,,52,MASCULINO,SIN DATOS,0,0,Morelia,Cinco de Diciembre,julio,domingo,3,-101.160897016525,19.6879402312476
7666,7666,2017,"170826861",2017/07/16,"03:20:00",SUBIDA AL CAMELLÓN,ASFALTO,Bueno,Bueno,1,NISSAN,CAFE,1,,28,FEMENINO,SIN DATOS,0,0,Morelia,Montaña Monarca,julio,domingo,3,-101.164802312851,19.6656140419464
7667,7667,2017,,2017/07/16,"04:30:00",COLISIÓN CONTRA OBJETO FIJO,CONCRETO,Bueno,Bueno,1,MERCEDES,GRIS,2,MINISTERIO PÚBLICO,,,SIN DATOS,1,0,Jiquilpan,Sin datos,julio,domingo,5,-102.715473175049,20.0144035042804
7668,7668,2017,"170826002",2017/07/16,"05:50:00",COLISIÓN POR CORTE DE CIRCULACIÓN,CONCRETO,Bueno,Bueno,1,FORD,GRIS,1,,38,,SIN DATOS,0,0,Morelia,Infonavit Benito Juarez,julio,domingo,6,-101.197782754898,19.6840308472444
7669,7669,2017,"170827008",2017/07/16,"05:50:00",COLISIÓN POR CORTE DE CIRCULACIÓN,ASFALTO,Bueno,Bueno,2,CHEVROLET,BLANCO,2,,37,MASCULINO,SIN DATOS,0,0,Morelia,Felicitas del Rio,julio,domingo,6,-101.200432777405,19.6902686432938
7670,7670,2017,,2017/07/16,"07:00:00",COLISIÓN POR ALCANCE,CONCRETO,Bueno,Bueno,3,RENAULT,VERDE,3,,41,MASCULINO,CON CERTIFICADO,0,0,Morelia,Lomas de Huerta,julio,domingo,7,-101.21425151825,19.6743327385652
7671,7671,2017,,2017/07/16,"07:00:00",COLISIÓN POR ALCANCE,CONCRETO,Bueno,Regular,2,SIN DATOS,SIN DATOS,2,,,MASCULINO,SIN DATOS,0,0,Morelia,Lomas de Huerta,julio,domingo,7,-101.214294433594,19.6743024310555
7672,7672,2017,"178827122",2017/07/16,"08:10:00",COLISIÓN CONTRA OBJETO FIJO,ASFALTO,Bueno,Bueno,1,NISSAN,BLANCO,1,,23,MASCULINO,SIN DATOS,0,0,Morelia,Jardines de Guadalupe,julio,domingo,8,-101.226493120193,19.7100916039993
7674,7674,2017,"170830198",2017/07/16,"09:15:00",COLISIÓN POR INVASIÓN DE CARRIL,ASFALTO,Bueno,Bueno,3,NISSAN,AZUL,3,,29,MASCULINO,SIN DATOS,0,0,Morelia,San Pascual,julio,domingo,9,-101.267219781876,19.6953748687196
7675,7675,2017,"170827423",2017/07/16,10:10:00,VOLCADURA,TERRACERIA,Bueno,Malo,1,CHEVROLET,BLANCO,1,,43,MASCULINO,SIN DATOS,0,0,Morelia,Junta de Jaujilla,julio,domingo,10,-101.229738593102,19.6922737779415
7676,7676,2017,"170829376",2017/07/16,13:20:00,COLISIÓN POR ALCANCE,ASFALTO,Bueno,Bueno,2,ITALIKA,NEGRO Y GRIS,3,MINISTERIO PÚBLICO,18,MASCULINO,SIN DATOS,0,1,Tarímbaro,Sin datos,julio,domingo,13,-101.164684295654,19.8038549501368
7677,7677,2017,"170828979",2017/07/16,16:25:00,COLISIÓN POR ALCANCE,ASFALTO,Bueno,Bueno,2,VOLKSWAGEN,AZUL,2,,32,FEMENINO,SIN DATOS,0,0,Morelia,Francisco J Mujica,julio,domingo,16,-101.188116073608,19.7216458679212
7678,7678,2017,"170830010",2017/07/16,20:25:00,COLISIÓN CONTRA OBJETO FIJO,ASFALTO,Bueno,Bueno,1,VOLKSWAGEN,BLANCO,0,,,,,0,0,Morelia,Alberto Oviedo Mota,julio,domingo,20,-101.196441650391,19.6813588748548
7679,7679,2017,"170830252",2017/07/16,21:30:00,COLISIÓN POR CORTE DE CIRCULACIÓN,ASFALTO,Bueno,Bueno,2,TOYOTA,BLANCO Y GRIS,2,,54,MASCULINO,SIN DATOS,0,0,Morelia,La Quemada,julio,domingo,22,-101.239228248596,19.7013546526331
7680,7680,2017,"170830477",2017/07/16,22:20:00,COLISIÓN CONTRA OBJETO FIJO,ASFALTO,Bueno,Bueno,1,MAZDA,GUINDA,1,,51,FEMENINO,SIN DATOS,0,0,Morelia,Alberto Oviedo Mota,julio,domingo,22,-101.19780421257,19.6812831093924
7681,7681,2017,"170830560",2017/07/16,22:45:00,COLISIÓN POR INVASIÓN DE CARRIL,ASFALTO,Bueno,Bueno,2,DATSUN,AZUL,2,,38,MASCULINO,CON CERTIFICADO,0,0,Morelia,Buenavista,julio,domingo,23,-101.162012815475,19.7057787408237
7682,7682,2017,"170830503",2017/07/16,22:50:00,COLISIÓN POR ALCANCE,ASFALTO,Bueno,Bueno,2,NISSAN,AZUL,2,,23,MASCULINO,CON CERTIFICADO,0,0,Morelia,Sin datos,julio,domingo,23,-101.321454048157,19.6867583345208
7683,7683,2017,,2017/07/17,"00:35:00",COLISIÓN CONTRA OBJETO FIJO,ASFALTO,Nublado,Regular,1,DODGE,NEGRO,1,,25,MASCULINO,CON CERTIFICADO,0,0,Morelia,Asociacion Zirahuen,julio,lunes,1,-101.246773302555,19.6994594792569
7684,7684,2017,,2017/07/17,"04:35:00",COLISIÓN POR INVASIÓN DE CARRIL,ASFALTO,Bueno,Bueno,2,JEEP,AZUL,3,MINISTERIO PÚBLICO,,FEMENINO,SIN DATOS,1,0,Sahuayo,J Trinidad Barragan,julio,lunes,5,-102.716310024261,20.0539055296635
7685,7685,2017,"170831283",2017/07/17,"07:50:00",COLISIÓN CON PEATÓN,ASFALTO,Bueno,Bueno,1,JEEP,NEGRO,1,,31,MASCULINO,SIN DATOS,0,0,Morelia,Felix Ireta,julio,lunes,8,-101.190320849419,19.6824044345764
7686,7686,2017,"170834685",2017/07/17,"09:15:00",COLISIÓN POR CORTE DE CIRCULACIÓN,ASFALTO,Bueno,Bueno,2,INTERNATIONAL,BLANCO,2,,24,MASCULINO,SIN DATOS,0,0,Morelia,Nueva Valladolid,julio,lunes,9,-101.210587620735,19.7009405193948