fid,id_accidente,anio_origen,folio_c5i,dia_incidente,hora_ocurrencia,tipo_incidente_vial,superficie_ocurrencia,condiciones_climaticas,condiciones_via,numero_vehiculos_involucrados,marca_vehiculo_ocasiona_siniestro,color_vehiculo_ocasiona_siniestro,numero_personas_involucradas,lugar_remite_presunto_responsable,edad_presunto_responsable,sexo_presunto_responsable,resultados_toxicologia,numero_personas_lesionadas,numero_personas_fallecidas,municipio,colonia,mes,dia_semana,hora_redondeada,lon,lat
7687,7687,2017,"170831546",2017/07/17,10:00:00,COLISIÓN POR CORTE DE CIRCULACIÓN,ASFALTO,Bueno,Bueno,1,SEAT,NEGRO,1,,37,MASCULINO,SIN DATOS,0,0,Morelia,San Pascual,julio,lunes,10,-101.266576051712,19.695576892093
7688,7688,2017,"170831551",2017/07/17,10:10:00,COLISIÓN POR ALCANCE,ASFALTO,Bueno,Bueno,4,MINI,BLANCO,4,,27,FEMENINO,SIN DATOS,0,0,Morelia,Niño Artillero,julio,lunes,10,-101.250166296959,19.6986324645202
7689,7689,2017,"170831771",2017/07/17,10:35:00,COLISIÓN POR CORTE DE CIRCULACIÓN,CONCRETO,Bueno,Bueno,2,CHEVROLET,ROJO,2,,84,MASCULINO,SIN DATOS,0,0,Morelia,Chapultepec Sur,julio,lunes,11,-101.165856420994,19.6900741893537
7690,7690,2017,"17083610",2017/07/17,10:50:00,COLISIÓN POR ALCANCE,ASFALTO,Bueno,Bueno,2,DODGE,CAFE,2,,21,FEMENINO,SIN DATOS,0,0,Morelia,Barrio Alto,julio,lunes,11,-101.196913719177,19.7247564886003
7691,7691,2017,"170831643",2017/07/17,11:00:00,COLISIÓN POR CORTE DE CIRCULACIÓN,ASFALTO,Bueno,Bueno,2,MERCEDEZ BENZ,BLANCO,2,,63,MASCULINO,SIN DATOS,0,0,Morelia,Felicitas del Rio,julio,lunes,11,-101.201551258564,19.6910117329608
7692,7692,2017,"170850292",2017/07/17,11:20:00,COLISIÓN POR CAMBIO DE CARRIL,ASFALTO,Bueno,Bueno,2,VOLKSWAGEN,BLANCO,2,,17,MASCULINO,SIN DATOS,0,0,Morelia,Jose Ma Pino Suarez,julio,lunes,11,-101.16494178772,19.7271399102278
7694,7694,2017,,2017/07/17,12:24:00,COLISIÓN POR ALCANCE,ASFALTO,Bueno,Bueno,2,CHEVROLET,BLANCO,2,,37,MASCULINO,SIN DATOS,0,0,Morelia,Virrey Antonio de Mendoza,julio,lunes,12,-101.163257360458,19.7073367381861
7695,7695,2017,"170832113",2017/07/17,14:00:00,COLISIÓN POR CORTE DE CIRCULACIÓN,ASFALTO,Bueno,Bueno,2,NISSAN,BLANCO,2,,40,MASCULINO,SIN DATOS,0,0,Morelia,Morelos,julio,lunes,14,-101.206419467926,19.7022940240541
7696,7696,2017,"170832285",2017/07/17,14:36:00,COLISIÓN POR ALCANCE,ASFALTO,Bueno,Bueno,2,DODGE,AMARILLO,2,,42,MASCULINO,SIN DATOS,0,0,Morelia,Felix Ireta,julio,lunes,15,-101.192826032639,19.6904504701411
7697,7697,2017,"170833144",2017/07/17,18:20:00,COLISIÓN POR CORTE DE CIRCULACIÓN,CONCRETO,Bueno,Bueno,2,YAMAHA,AZUL,2,MINISTERIO PÚBLICO,32,FEMENINO,SIN DATOS,0,0,Morelia,Primaveras,julio,lunes,18,-101.225742101669,19.6786868578945
7698,7698,2017,,2017/07/17,19:00:00,VOLCADURA,ASFALTO,Lluvioso,Bueno,1,JEEP,GRIS,2,MINISTERIO PÚBLICO,30,FEMENINO,SIN DATOS,0,1,Arteaga,Sin datos,julio,lunes,19,-102.596168518066,18.289341917831
7699,7699,2017,"170833903",2017/07/17,20:45:00,COLISIÓN POR ALCANCE,ASFALTO,Bueno,Bueno,4,CHEVROLET,ROJO,3,MINISTERIO PÚBLICO,,,,3,0,Morelia,Jardines de Sindurio,julio,lunes,21,-101.256630420685,19.6974115051805
7700,7700,2017,,2017/07/18,"00:00:00",COLISIÓN POR ALCANCE,ASFALTO,Bueno,Bueno,2,CHEVROLET,CAFE,2,,61,MASCULINO,SIN DATOS,0,0,Morelia,Nueva Chapultepec,julio,martes,0,-101.169893145561,19.6896170953955
7701,7701,2017,"170834987",2017/07/18,"08:30:00",COLISIÓN POR CORTE DE CIRCULACIÓN,CONCRETO,Bueno,Bueno,2,HONDA,ROJO,2,,,MASCULINO,SIN DATOS,0,0,Morelia,Felix Ireta,julio,martes,9,-101.190830469131,19.6878038589936
7702,7702,2017,"17083576",2017/07/18,13:30:00,COLISIÓN POR CORTE DE CIRCULACIÓN,ASFALTO,Bueno,Bueno,2,FORD,AZUL,2,,54,MASCULINO,SIN DATOS,0,0,Morelia,Chapultepec Sur,julio,martes,14,-101.177086830139,19.6919959900053
7703,7703,2017,"170836162",2017/07/18,15:05:00,COLISIÓN POR CAMBIO DE CARRIL,ASFALTO,Lluvioso,Bueno,2,CAPRE,BLANCO Y ROJO,2,,42,MASCULINO,SIN DATOS,0,0,Morelia,Fray Antonio de Lisboa,julio,martes,15,-101.14667057991,19.69414252062
7704,7704,2017,"170836304",2017/07/18,15:30:00,COLISIÓN POR CORTE DE CIRCULACIÓN,ASFALTO,Bueno,Bueno,2,FIAT,GRIS,2,,32,MASCULINO,SIN DATOS,0,0,Morelia,Fovissste Acueducto,julio,martes,16,-101.157431602478,19.6975163035038
7705,7705,2017,"170836755",2017/07/18,16:50:00,COLISIÓN POR CORTE DE CIRCULACIÓN,ASFALTO,Bueno,Bueno,1,ITALIKA,BLANCO Y AZUL,1,,21,MASCULINO,SIN DATOS,0,0,Morelia,Balcones de Morelia,julio,martes,17,-101.20069026947,19.6749035289282
7706,7706,2017,,2017/07/18,17:30:00,COLISIÓN POR INVASIÓN DE CARRIL,ASFALTO,Bueno,Regular,2,TOYOTA,AZUL,3,,33,MASCULINO,SIN DATOS,1,0,Tacámbaro,Sin datos,julio,martes,18,-101.452345848083,19.2047537622001
7707,7707,2017,,2017/07/18,17:50:00,COLISIÓN POR ALCANCE,CONCRETO,Bueno,Regular,2,YAMAHA,BLANCO,2,,22,MASCULINO,SIN DATOS,0,0,Morelia,Industrial,julio,martes,18,-101.197675466537,19.7108693210479
7708,7708,2017,"170837246",2017/07/18,18:15:00,COLISIÓN POR CORTE DE CIRCULACIÓN,ASFALTO,Bueno,Bueno,2,NISSAN,BLANCO,2,,41,MASCULINO,SIN DATOS,0,0,Morelia,Irrigacion,julio,martes,18,-101.227995157242,19.7040010397237
7709,7709,2017,"170837488",2017/07/18,19:05:00,COLISIÓN POR CAMBIO DE CARRIL,ASFALTO,Nublado,Bueno,2,HONDA,BLANCO,2,,30,FEMENINO,SIN DATOS,0,0,Morelia,Agustin Arriaga Rivera,julio,martes,19,-101.224540472031,19.6910969639256
7710,7710,2017,"170837734",2017/07/18,20:15:00,COLISIÓN POR CAMBIO DE CARRIL,ASFALTO,Nublado,Bueno,2,TOYOTA,NEGRO,2,,22,MASCULINO,SIN DATOS,0,0,Morelia,Libertad,julio,martes,20,-101.236932277679,19.6848592001435
7711,7711,2017,"170837871",2017/07/18,20:55:00,COLISIÓN POR ALCANCE,ASFALTO,Nublado,Bueno,4,NISSAN,ROJO,4,,25,MASCULINO,SIN DATOS,0,0,Morelia,Lomas de Huerta,julio,martes,21,-101.214272975922,19.6743226360626
7712,7712,2017,,2017/07/18,21:42:00,COLISIÓN POR INVASIÓN DE CARRIL,CONCRETO,Bueno,Bueno,2,ITALIKA,ROJO/NEGRO,5,MINISTERIO PÚBLICO,16,MASCULINO,SIN DATOS,3,0,Sahuayo,Los Sauces,julio,martes,22,-102.719357013702,20.0477576150052
7713,7713,2017,"170838354",2017/07/19,"02:00:00",COLISIÓN CONTRA OBJETO FIJO,CONCRETO,Bueno,Bueno,1,BMW,BLANCO,1,,38,MASCULINO,SIN DATOS,0,0,Morelia,Valle de Los Sauces,julio,miércoles,2,-101.221933364868,19.682677188164
7714,7714,2017,,2017/07/19,"02:47:00",VOLCADURA,ASFALTO,Bueno,Bueno,1,NISSAN,ROJO,0,,,,,0,0,Jungapeo,Sin datos,julio,miércoles,3,-100.445079803467,19.4850014556199
7715,7715,2017,"170842099",2017/07/19,"05:15:00",COLISIÓN POR CORTE DE CIRCULACIÓN,ASFALTO,Bueno,Bueno,2,MERCURY,BLANCO,2,,25,MASCULINO,CON CERTIFICADO,0,0,Morelia,Centro,julio,miércoles,5,-101.191554665566,19.7019505985827
7716,7716,2017,"170838498",2017/07/19,"07:10:00",COLISIÓN POR CORTE DE CIRCULACIÓN,CONCRETO,Bueno,Bueno,2,VOLVO,BLANCO,2,,34,FEMENINO,SIN DATOS,0,0,Morelia,Felix Ireta,julio,miércoles,7,-101.190830469131,19.6877887065137
7717,7717,2017,"170838778",2017/07/19,"08:40:00",COLISIÓN POR CORTE DE CIRCULACIÓN,ASFALTO,Bueno,Bueno,2,VOLKSWAGEN,CAFE,2,,45,MASCULINO,SIN DATOS,0,0,Morelia,Isaac Arriaga,julio,miércoles,9,-101.167704463005,19.7094350866638
7718,7718,2017,"170838863",2017/07/19,"09:39:00",COLISIÓN POR ALCANCE,ASFALTO,Bueno,Bueno,2,DATSUN,VERDE,2,,33,MASCULINO,SIN DATOS,0,0,Morelia,Felix Ireta,julio,miércoles,10,-101.195695996284,19.6815558648894
7719,7719,2017,"170838936",2017/07/19,10:25:00,COLISIÓN POR CORTE DE CIRCULACIÓN,CONCRETO,Bueno,Bueno,2,RENAULT,BLANCO,2,,,MASCULINO,SIN DATOS,0,0,Morelia,Felix Ireta,julio,miércoles,10,-101.190723180771,19.6908595797924
7720,7720,2017,,2017/07/19,11:10:00,COLISIÓN POR ALCANCE,ASFALTO,Bueno,Bueno,2,TOYOTA,Azul,2,,72,MASCULINO,ALIENTO ETÍLICO,0,0,Apatzingán,Lomas de Palmira,julio,miércoles,11,-102.341321110725,19.0835484888988
7721,7721,2017,"170839194",2017/07/19,11:20:00,COLISIÓN POR INVASIÓN DE CARRIL,ASFALTO,Bueno,Bueno,2,FORD,BLANCO Y ROSA,2,,37,MASCULINO,SIN DATOS,0,0,Morelia,Centro,julio,miércoles,11,-101.192353963852,19.7047939372571
7722,7722,2017,"170839428",2017/07/19,11:47:00,COLISIÓN POR ALCANCE,ASFALTO,Bueno,Bueno,2,VOLKSWAGEN,PLATA,2,,28,MASCULINO,SIN DATOS,0,0,Morelia,Valle de Altozano,julio,miércoles,12,-101.164555549622,19.665098785475
7723,7723,2017,,2017/07/19,12:30:00,COLISIÓN POR ALCANCE,ADOQUIN_EMPEDRADO,Bueno,Bueno,2,VOLKSWAGEN,BLANCO,2,,46,MASCULINO,SIN DATOS,0,0,Morelia,Cosmos,julio,miércoles,13,-101.215925216675,19.6846571632461
7724,7724,2017,"170328965",2017/07/19,12:43:00,COLISIÓN POR CORTE DE CIRCULACIÓN,CONCRETO,Bueno,Bueno,2,LIFON,NEGRO,1,MINISTERIO PÚBLICO,,,SIN DATOS,0,0,Morelia,Morelos,julio,miércoles,13,-101.206097602844,19.6992082187431
7725,7725,2017,"170839532",2017/07/19,13:10:00,VOLCADURA,ASFALTO,Bueno,Bueno,1,FREIGHTLINER,ROJO,1,,30,MASCULINO,SIN DATOS,0,0,Morelia,Puerta Tres Marias Norte,julio,miércoles,13,-101.142067909241,19.6925364133652
7726,7726,2017,"170839987",2017/07/19,14:10:00,COLISIÓN POR CORTE DE CIRCULACIÓN,ASFALTO,Bueno,Bueno,2,PULSAR,BLANCO Y NEGRO,2,MINISTERIO PÚBLICO,,MASCULINO,SIN DATOS,0,0,Morelia,Insurgentes,julio,miércoles,14,-101.154191493988,19.6951122379529
7727,7727,2017,"170840088",2017/07/19,15:18:00,COLISIÓN POR CORTE DE CIRCULACIÓN,CONCRETO,Bueno,Bueno,2,KENWORTH,AZUL,1,,58,MASCULINO,SIN DATOS,0,0,Morelia,Guadalupe,julio,miércoles,15,-101.224771142006,19.7081119435377
7728,7728,2017,"170840330",2017/07/19,16:10:00,COLISIÓN POR CORTE DE CIRCULACIÓN,CONCRETO,Bueno,Bueno,2,CHRYSLER,BLANCO,2,,27,MASCULINO,SIN DATOS,0,0,Morelia,Centro,julio,miércoles,16,-101.192343235016,19.7056726853462
7729,7729,2017,"170893780",2017/07/19,18:00:00,COLISIÓN POR ALCANCE,ASFALTO,Bueno,Bueno,3,NISSAN,BLANCO,3,,31,MASCULINO,SIN DATOS,0,0,Morelia,Pascual Ortiz de Ayala,julio,miércoles,18,-101.152571439743,19.6950162766037
7731,7731,2017,"170841221",2017/07/19,20:15:00,COLISIÓN CONTRA OBJETO FIJO,ASFALTO,Nublado,Bueno,1,MAZDA,ALUMINIO,1,,43,MASCULINO,SIN DATOS,0,0,Morelia,Sin datos,julio,miércoles,20,-101.119065284729,19.7225952196125
7732,7732,2017,"170841568",2017/07/19,21:30:00,COLISIÓN POR ALCANCE,CONCRETO,Lluvioso,Bueno,2,NISSAN,GRIS,2,,31,MASCULINO,SIN DATOS,0,0,Morelia,Centro,julio,miércoles,22,-101.17803633213,19.6994253886576
7733,7733,2017,,2017/07/20,"00:50:00",COLISIÓN CONTRA OBJETO FIJO,ASFALTO,Bueno,Bueno,4,INTERNATIONAL,BLANCO,3,,,,SIN DATOS,0,0,Cuitzeo,El Embarcadero,julio,jueves,1,-101.136274337769,19.9595135981905
7734,7734,2017,"170842289",2017/07/20,"06:40:00",SUBIDA AL CAMELLÓN,SIN_DATOS,Bueno,Bueno,1,BMW,ROJO,1,,30,MASCULINO,CON CERTIFICADO,0,0,Morelia,Puerta Tres Marias Norte,julio,jueves,7,-101.141338348389,19.6922535751988
7735,7735,2017,"170842187",2017/07/20,"07:40:00",COLISIÓN POR ALCANCE,CONCRETO,Bueno,Bueno,2,INTERNATIONAL,ROJO,2,,29,MASCULINO,SIN DATOS,0,0,Morelia,Centro,julio,jueves,8,-101.196940541267,19.7011324349312
7736,7736,2017,"170842244",2017/07/20,"08:00:00",COLISIÓN CONTRA OBJETO FIJO,CONCRETO,Nublado,Bueno,1,DODGE,ROJO,1,,22,MASCULINO,SIN DATOS,0,0,Morelia,Progreso del Sur,julio,jueves,8,-101.195972263813,19.6581628680982
7737,7737,2017,,2017/07/20,10:14:00,COLISIÓN POR CORTE DE CIRCULACIÓN,ASFALTO,Bueno,Bueno,2,CHEVROLET,ARENA,2,,26,FEMENINO,SIN DATOS,0,0,Morelia,Ventura Puente,julio,jueves,10,-101.179554462433,19.6924101463883
7738,7738,2017,"170842927",2017/07/20,11:50:00,COLISIÓN POR CORTE DE CIRCULACIÓN,ASFALTO,Bueno,Regular,2,ITALIKA,ROJO,2,MINISTERIO PÚBLICO,23,MASCULINO,SIN DATOS,0,0,Morelia,Nueva Valladolid,julio,jueves,12,-101.207985877991,19.7011273845252
7739,7739,2017,"170429157",2017/07/20,12:30:00,COLISIÓN POR CORTE DE CIRCULACIÓN,ASFALTO,Bueno,Bueno,2,VOLKSWAGEN,GRIS,2,,28,FEMENINO,SIN DATOS,0,0,Morelia,Tlalpujahua,julio,jueves,13,-101.217566728592,19.6758380043368
7740,7740,2017,,2017/07/20,12:40:00,CAIDA DE MOTOCICLETA,ASFALTO,Bueno,Bueno,1,KEEWAY,NARANJA,1,,23,MASCULINO,SIN DATOS,0,0,Morelia,El Lago 1,julio,jueves,13,-101.219390630722,19.7275943721804
7741,7741,2017,"170844051",2017/07/20,14:30:00,CAIDA DE MOTOCICLETA,CONCRETO,Bueno,Bueno,1,HONDA,ROJO,0,,,,,0,0,Morelia,Sin datos,julio,jueves,15,-101.255493164062,19.6380606532653
7742,7742,2017,,2017/07/20,14:45:00,COLISIÓN POR CORTE DE CIRCULACIÓN,ASFALTO,Bueno,Bueno,2,YAMAHA,BLANCO,0,,,,,0,0,Indaparapeo,Sin datos,julio,jueves,15,-100.982143878937,19.7948909495265
7743,7743,2017,"170428256",2017/07/20,15:00:00,COLISIÓN POR ALCANCE,ASFALTO,Bueno,Bueno,2,NISSAN,BLANCO Y VERDE,2,,22,MASCULINO,SIN DATOS,0,0,Morelia,Villa Universidad,julio,jueves,15,-101.202063560486,19.6851420513717
7744,7744,2017,"170843782",2017/07/20,15:20:00,COLISIÓN POR ALCANCE,ASFALTO,Bueno,Regular,2,NISSAN,BLANCO Y ROSA,2,,46,MASCULINO,SIN DATOS,0,0,Morelia,Francisco J Mujica,julio,jueves,15,-101.193051338196,19.7236455595938
7745,7745,2017,"170845027",2017/07/20,17:05:00,COLISIÓN POR ALCANCE,ASFALTO,Bueno,Bueno,3,NISSAN,ROJO,3,,26,MASCULINO,SIN DATOS,0,0,Morelia,Morelia 450,julio,jueves,17,-101.217159032822,19.6756561609006
7746,7746,2017,,2017/07/20,19:30:00,COLISIÓN POR INVASIÓN DE CARRIL,ASFALTO,Bueno,Bueno,2,VOLKSWAGEN,AZUL,0,MINISTERIO PÚBLICO,,,,0,0,Tuxpan,Santa Ana,julio,jueves,20,-100.466966629028,19.5761670239037
7747,7747,2017,"170844948",2017/07/20,19:40:00,COLISIÓN POR CAMBIO DE CARRIL,ASFALTO,Bueno,Bueno,2,HONDA,BLANCO,2,,24,MASCULINO,SIN DATOS,0,0,Morelia,Lomas de Hidalgo,julio,jueves,20,-101.161621212959,19.6958243703779
7748,7748,2017,"170845165",2017/07/20,20:10:00,COLISIÓN POR INVASIÓN DE CARRIL,ASFALTO,Bueno,Bueno,2,INTERNATIONAL,BLANCO,2,,25,MASCULINO,SIN DATOS,0,0,Morelia,Elias Perez Avalos,julio,jueves,20,-101.165606975555,19.7103138092562
7749,7749,2017,,2017/07/20,21:30:00,COLISIÓN POR INVASIÓN DE CARRIL,ASFALTO,Bueno,Regular,2,CHEVROLET,BLANCO,4,MINISTERIO PÚBLICO,16,MASCULINO,SIN DATOS,2,0,Tacámbaro,Sin datos,julio,jueves,22,-101.45848274231,19.2167088120834
7750,7750,2017,"170845398",2017/07/20,21:35:00,COLISIÓN POR CORTE DE CIRCULACIÓN,ASFALTO,Bueno,Bueno,2,JEEP,NEGRO,1,MINISTERIO PÚBLICO,25,MASCULINO,SIN DATOS,0,0,Morelia,Vista Bella,julio,jueves,22,-101.194977164268,19.6788409167939
7751,7751,2017,,2017/07/20,21:45:00,VOLCADURA,ASFALTO,Lluvioso,Malo,1,FORD,AZUL,2,,,,SIN DATOS,1,0,Jacona,Sin datos,julio,jueves,22,-102.335586547852,19.9599573111
7752,7752,2017,"170845517",2017/07/20,22:00:00,COLISIÓN POR ALCANCE,ASFALTO,Bueno,Bueno,3,VOLKSWAGEN,AZUL,3,,29,MASCULINO,SIN DATOS,0,0,Morelia,Cuauhtemoc,julio,jueves,22,-101.183744072914,19.6946021269633
7753,7753,2017,"170347245",2017/07/20,22:25:00,COLISIÓN POR ALCANCE,ASFALTO,Bueno,Bueno,2,FORD,BLANCO,1,,34,MASCULINO,SIN DATOS,0,0,Morelia,Morelos,julio,jueves,22,-101.207084655762,19.691768708608
7754,7754,2017,"170845731",2017/07/20,23:20:00,COLISIÓN CON PEATÓN,ASFALTO,Bueno,Bueno,1,CHRYSLER,ROJO,2,MINISTERIO PÚBLICO,46,MASCULINO,ALIENTO ETÍLICO,1,0,Morelia,Primo Tapia,julio,jueves,23,-101.213276535273,19.7099464128976
7755,7755,2017,"170846242",2017/07/21,"00:00:00",COLISIÓN CONTRA OBJETO FIJO,ASFALTO,Bueno,Bueno,1,CHEVROLET,PLATA,1,,20,MASCULINO,SIN DATOS,0,0,Morelia,Periodistas,julio,viernes,0,-101.145152449608,19.6860966705787
7756,7756,2017,"170847512",2017/07/21,"00:00:00",COLISIÓN POR ALCANCE,ASFALTO,Bueno,Bueno,2,NISSAN,BLANCO,2,,37,MASCULINO,SIN DATOS,0,0,Morelia,Campestre Los Manantiales,julio,viernes,0,-101.23815536499,19.687768503205
7757,7757,2017,"170845936",2017/07/21,"01:35:00",COLISIÓN POR CORTE DE CIRCULACIÓN,CONCRETO,Nublado,Regular,2,NISSAN,ROJO,1,,,,SIN DATOS,0,0,Morelia,Chapultepec Sur,julio,viernes,2,-101.16616755724,19.6932005760236
7758,7758,2017,"170849904",2017/07/21,"07:40:00",COLISIÓN CONTRA OBJETO FIJO,CONCRETO,Bueno,Bueno,1,JEEP,VERDE,1,,25,MASCULINO,SIN DATOS,0,0,Morelia,Primo Tapia Oriente,julio,viernes,8,-101.159663200378,19.7130711488037
7759,7759,2017,"170486403",2017/07/21,"09:35:00",COLISIÓN POR INVASIÓN DE CARRIL,ASFALTO,Bueno,Bueno,2,YAMAHA,NEGRO,2,,,MASCULINO,SIN DATOS,0,0,Morelia,Elias Perez Avalos,julio,viernes,10,-101.165628433228,19.7107178180233
7760,7760,2017,"170846592",2017/07/21,10:52:00,COLISIÓN POR ALCANCE,ASFALTO,Bueno,Bueno,2,MITSUBISHI,GRIS,2,,53,FEMENINO,SIN DATOS,0,0,Morelia,Martires de Uruapan,julio,viernes,11,-101.197128295898,19.7248978790108
7761,7761,2017,"170846886",2017/07/21,11:55:00,COLISIÓN POR CAMBIO DE CARRIL,ASFALTO,Bueno,Bueno,2,HONDA,BLANCO,2,,52,MASCULINO,SIN DATOS,0,0,Morelia,Enrique Ramirez,julio,viernes,12,-101.16494178772,19.7091421780602
7762,7762,2017,"170840738",2017/07/21,12:00:00,COLISIÓN POR INVASIÓN DE CARRIL,ASFALTO,Bueno,Bueno,2,NISSAN,AZUL,2,,80,MASCULINO,SIN DATOS,0,0,Morelia,Ventura Puente,julio,viernes,12,-101.179715394974,19.6908090724846
7763,7763,2017,"170847881",2017/07/21,15:30:00,COLISIÓN POR CORTE DE CIRCULACIÓN,ASFALTO,Bueno,Bueno,2,SEAT,AZUL,2,,,MASCULINO,SIN DATOS,0,0,Morelia,Centro,julio,viernes,16,-101.187912225723,19.6983900410698
7764,7764,2017,"170848256",2017/07/21,17:10:00,COLISIÓN POR INVASIÓN DE CARRIL,ASFALTO,Bueno,Bueno,2,NISSAN,BLANCO,2,,,MASCULINO,SIN DATOS,0,0,Morelia,Barrio Alto,julio,viernes,17,-101.195025444031,19.7245343034169
7765,7765,2017,"170848114",2017/07/21,17:30:00,COLISIÓN CONTRA OBJETO FIJO,CONCRETO,Bueno,Bueno,1,FORD,AZUL,1,,,,SIN DATOS,0,0,Morelia,Nuevo Amanecer,julio,viernes,18,-101.149543225765,19.7063393186078
7766,7766,2017,"170848693",2017/07/21,18:55:00,COLISIÓN POR ALCANCE,ASFALTO,Lluvioso,Bueno,2,VOLKSWAGEN,ROJO,2,,28,MASCULINO,SIN DATOS,0,0,Morelia,Campestre Los Manantiales,julio,viernes,19,-101.238219738007,19.6879907394604
7767,7767,2017,"170839408",2017/07/21,19:30:00,COLISIÓN POR CORTE DE CIRCULACIÓN,CONCRETO,Bueno,Bueno,2,VOLKSWAGEN,GRIS,2,,48,MASCULINO,SIN DATOS,0,0,Morelia,Chapultepec Norte,julio,viernes,20,-101.177532076836,19.6933344183551
7768,7768,2017,"170846157",2017/07/21,20:15:00,COLISIÓN POR CORTE DE CIRCULACIÓN,ASFALTO,Bueno,Bueno,2,CHEVROLET,ROJO,2,,56,MASCULINO,SIN DATOS,0,0,Morelia,Ventura Puente,julio,viernes,20,-101.190733909607,19.6924202477501
7769,7769,2017,,2017/07/22,"02:10:00",COLISIÓN POR CAMBIO DE CARRIL,ASFALTO,Bueno,Bueno,2,FRERGTLINER,BLANCO,2,MINISTERIO PÚBLICO,,MASCULINO,SIN DATOS,1,0,Morelia,Los Angeles,julio,sábado,2,-101.174983978271,19.7447619877949
7770,7770,2017,"170850011",2017/07/22,"02:24:00",CAIDA DE MOTOCICLETA,ASFALTO,Bueno,Bueno,1,ITALIKA,ROJO,1,,24,MASCULINO,CON CERTIFICADO,0,0,Morelia,Francisco J Mujica,julio,sábado,2,-101.188180446625,19.7215246736824
7771,7771,2017,"170850103",2017/07/22,"03:50:00",COLISIÓN CONTRA OBJETO FIJO,CONCRETO,Lluvioso,Bueno,1,HONDA,GRIS,1,,32,MASCULINO,SIN DATOS,0,0,Morelia,Loma de La Virgen,julio,sábado,4,-101.200513243675,19.6635454287392
7772,7772,2017,"170850827",2017/07/22,10:45:00,COLISIÓN POR CAMBIO DE CARRIL,ASFALTO,Bueno,Bueno,2,HONDA,ARENA,2,,46,MASCULINO,SIN DATOS,0,0,Morelia,Lazaro Cardenas,julio,sábado,11,-101.165381669998,19.710243107617
7773,7773,2017,"170850913",2017/07/22,11:15:00,COLISIÓN POR ALCANCE,ASFALTO,Bueno,Bueno,2,CHEVROLET,ROJO,2,,49,MASCULINO,SIN DATOS,0,0,Morelia,Lomas de Hidalgo,julio,sábado,11,-101.163557767868,19.6960314437509
7774,7774,2017,"170851838",2017/07/22,13:48:00,COLISIÓN POR CAMBIO DE CARRIL,ASFALTO,Bueno,Regular,2,TOYOTA,BLANCO,2,,24,MASCULINO,SIN DATOS,0,0,Morelia,Jardines de Torremolinos,julio,sábado,14,-101.228587925434,19.6768204604437
7775,7775,2017,"1708516063",2017/07/22,14:10:00,COLISIÓN POR INVASIÓN DE CARRIL,ASFALTO,Bueno,Regular,2,KENWORTH,BLANCO,2,,33,MASCULINO,SIN DATOS,0,0,Morelia,La Soledad,julio,sábado,14,-101.18440926075,19.7252665034213
7776,7776,2017,"170851940",2017/07/22,15:10:00,COLISIÓN POR CORTE DE CIRCULACIÓN,CONCRETO,Bueno,Bueno,2,NISSAN,BLANCO,2,,32,MASCULINO,SIN DATOS,0,0,Morelia,Virrey Antonio de Mendoza,julio,sábado,15,-101.161707043648,19.7068039401472
7777,7777,2017,"170852061",2017/07/22,15:30:00,COLISIÓN POR CAMBIO DE CARRIL,ASFALTO,Nublado,Bueno,2,NISSAN,GRIS,2,,44,MASCULINO,SIN DATOS,0,0,Morelia,Sin datos,julio,sábado,16,-101.174780130386,19.7451962035509
7778,7778,2017,"170852019",2017/07/22,15:50:00,COLISIÓN POR ALCANCE,ASFALTO,Nublado,Bueno,2,FORD,AZUL,2,,28,FEMENINO,SIN DATOS,0,0,Morelia,Lomas de Las Americas Norte,julio,sábado,16,-101.149084568024,19.6948193031279
7779,7779,2017,"170852394",2017/07/22,17:30:00,COLISIÓN POR ALCANCE,ASFALTO,Bueno,Bueno,2,NISSAN,BLANCO,2,,69,MASCULINO,SIN DATOS,0,0,Morelia,Arcos del Valle,julio,sábado,18,-101.232318878174,19.7029808727855
7780,7780,2017,"170852541",2017/07/22,18:15:00,COLISIÓN POR ALCANCE,ASFALTO,Nublado,Regular,3,TOYOTA,ROJO,3,,48,FEMENINO,SIN DATOS,0,0,Tarímbaro,Sin datos,julio,sábado,18,-101.163697242737,19.7637956854488
7781,7781,2017,,2017/07/22,18:15:00,SALIDA DE SUPERFICIE DE RODAMIENTO,ASFALTO,Lluvioso,Regular,1,PEUGEOT,GRIS,2,MINISTERIO PÚBLICO,27,MASCULINO,SIN DATOS,1,0,Tuxpan,Santa Ana,julio,sábado,18,-100.465936660767,19.5955745127783
7782,7782,2017,,2017/07/22,19:19:00,COLISIÓN CON PEATÓN,ASFALTO,Bueno,Bueno,1,MERCEDES BANZ,Blanco,2,,29,MASCULINO,ALIENTO ETÍLICO,1,0,Apatzingán,Centro,julio,sábado,19,-102.354871630669,19.0838729432873
7783,7783,2017,"170852949",2017/07/22,19:35:00,COLISIÓN POR CORTE DE CIRCULACIÓN,ASFALTO,Nublado,Bueno,2,NISSAN,BLANCO Y ROJO,2,,39,MASCULINO,SIN DATOS,0,0,Morelia,Los Laureles,julio,sábado,20,-101.232184767723,19.7136923011512