fid,id_accidente,anio_origen,folio_c5i,dia_incidente,hora_ocurrencia,tipo_incidente_vial,superficie_ocurrencia,condiciones_climaticas,condiciones_via,numero_vehiculos_involucrados,marca_vehiculo_ocasiona_siniestro,color_vehiculo_ocasiona_siniestro,numero_personas_involucradas,lugar_remite_presunto_responsable,edad_presunto_responsable,sexo_presunto_responsable,resultados_toxicologia,numero_personas_lesionadas,numero_personas_fallecidas,municipio,colonia,mes,dia_semana,hora_redondeada,lon,lat
7784,7784,2017,,2017/07/22,19:40:00,VOLCADURA,ASFALTO,Bueno,Bueno,1,Chevrolet,Rojo,1,,,,SIN DATOS,0,0,Apatzingán,Sin datos,julio,sábado,20,-102.406053543091,19.091685004677
7785,7785,2017,"170853054",2017/07/22,20:00:00,COLISIÓN POR INVASIÓN DE CARRIL,ASFALTO,Nublado,Regular,2,YAMAHA,ROJO,3,,19,MASCULINO,SIN DATOS,1,0,Morelia,Morelia 450,julio,sábado,20,-101.217100024223,19.6755551366802
7786,7786,2017,"170853459",2017/07/22,22:10:00,COLISIÓN POR ALCANCE,ASFALTO,Bueno,Bueno,2,HONDA,BLANCO,2,,24,MASCULINO,SIN DATOS,0,0,Morelia,Nueva Valladolid,julio,sábado,22,-101.207326054573,19.7022384699837
7787,7787,2017,,2017/07/23,"00:00:00",COLISIÓN POR INVASIÓN DE CARRIL,ASFALTO,Bueno,Bueno,2,TOYOTA,SILVER METALICO,2,,17,MASCULINO,SIN DATOS,0,0,Apatzingán,Centro,julio,domingo,0,-102.349952459335,19.0834724448095
7788,7788,2017,"170853648",2017/07/23,"00:05:00",COLISIÓN POR CAMBIO DE CARRIL,ASFALTO,Nublado,Regular,2,VOLKSWAGEN,BLANCO,2,,48,MASCULINO,SIN DATOS,0,0,Tarímbaro,Torreon Nuevo (La Reserva),julio,domingo,0,-101.191884577274,19.7483404457701
7789,7789,2017,,2017/07/23,"02:30:00",SUBIDA AL CAMELLÓN,ASFALTO,Bueno,Bueno,1,CHRYSLER,VERDE,0,,,,,0,0,Lázaro Cárdenas,Jose Green,julio,domingo,3,-102.200902104378,17.9651548751962
7790,7790,2017,"170853861",2017/07/23,"02:55:00",VOLCADURA,ASFALTO,Nublado,Regular,1,VOLKSWAGEN,PLATA,1,,27,MASCULINO,SIN DATOS,0,0,Morelia,Sin datos,julio,domingo,3,-101.280083656311,19.595048924108
7791,7791,2017,"170853858",2017/07/23,"03:20:00",COLISIÓN CONTRA OBJETO FIJO,CONCRETO,Bueno,Bueno,1,VOLKSWAGEN,ROJO,1,,20,MASCULINO,SIN DATOS,0,0,Morelia,Santa Maria de Guido,julio,domingo,3,-101.192434430122,19.6784393531231
7792,7792,2017,,2017/07/23,"04:30:00",SALIDA DE SUPERFICIE DE RODAMIENTO,ASFALTO,Nublado,Bueno,1,NISSAN,AZUL,0,,,,,0,0,Hidalgo,Corros,julio,domingo,5,-100.555050373077,19.7074049160061
7793,7793,2017,"170853983",2017/07/23,"06:20:00",COLISIÓN CONTRA OBJETO FIJO,ASFALTO,Nublado,Regular,1,VOLKSWAGEN,BLANCO,1,,26,MASCULINO,SIN DATOS,0,0,Morelia,Lomas de Santa Maria,julio,domingo,6,-101.186420917511,19.6754238050984
7794,7794,2017,"170454275",2017/07/23,"09:00:00",COLISIÓN CONTRA OBJETO FIJO,ASFALTO,Bueno,Bueno,1,VOLKSWAGEN,PLATA,1,,33,MASCULINO,CON CERTIFICADO,0,0,Morelia,Leandro Valle,julio,domingo,9,-101.230688095093,19.7158890400961
7795,7795,2017,"170854139",2017/07/23,"09:05:00",COLISIÓN POR INVASIÓN DE CARRIL,ASFALTO,Bueno,Bueno,2,FORD,AMARILLO,2,,24,MASCULINO,SIN DATOS,0,0,Morelia,La Calera,julio,domingo,9,-101.24022603035,19.6697309827038
7796,7796,2017,"170854519",2017/07/23,11:00:00,COLISIÓN POR CORTE DE CIRCULACIÓN,CONCRETO,Bueno,Bueno,2,CHRYSLER,KHAKI,2,,41,MASCULINO,SIN DATOS,0,0,Morelia,Felix Ireta,julio,domingo,11,-101.190690994263,19.6908999856271
7797,7797,2017,"170855318",2017/07/23,15:45:00,COLISIÓN POR CORTE DE CIRCULACIÓN,CONCRETO,Bueno,Bueno,2,TOYOTA,CAFE,2,MINISTERIO PÚBLICO,24,MASCULINO,SIN DATOS,0,0,Morelia,Felix Ireta,julio,domingo,16,-101.192048192024,19.6880058919211
7798,7798,2017,"170856471",2017/07/23,19:25:00,COLISIÓN POR CORTE DE CIRCULACIÓN,CONCRETO,Lluvioso,Bueno,1,HONDA,BLANCO,1,,21,MASCULINO,SIN DATOS,0,0,Morelia,Buenavista,julio,domingo,19,-101.162087917328,19.7058443941792
7799,7799,2017,"170860458",2017/07/24,"00:00:00",COLISIÓN POR CORTE DE CIRCULACIÓN,ASFALTO,Bueno,Bueno,3,MERCURY,ROJO,3,,71,MASCULINO,SIN DATOS,0,0,Morelia,La Colina,julio,lunes,0,-101.215667724609,19.7092987327254
7800,7800,2017,,2017/07/24,"01:50:00",COLISIÓN POR INVASIÓN DE CARRIL,ASFALTO,Bueno,Bueno,2,SEAT,SIN DATO,0,MINISTERIO PÚBLICO,,,,0,0,Morelia,Los Alamos,julio,lunes,2,-101.229679584503,19.7035667120204
7801,7801,2017,"170857788",2017/07/24,"08:10:00",COLISIÓN POR CAMBIO DE CARRIL,ASFALTO,Nublado,Regular,2,KENWORTH,BLANCO,2,,24,MASCULINO,SIN DATOS,0,0,Morelia,Enrique Arreguin Robles,julio,lunes,8,-101.185047626495,19.7199289409673
7802,7802,2017,"170858110",2017/07/24,10:00:00,COLISIÓN POR CAMBIO DE CARRIL,ASFALTO,Bueno,Bueno,2,NISSAN,BLANCO,2,,25,MASCULINO,SIN DATOS,0,0,Morelia,Martires de Uruapan,julio,lunes,10,-101.197106838226,19.724938276248
7803,7803,2017,,2017/07/24,11:40:00,COLISIÓN CONTRA OBJETO FIJO,TERRACERIA,Bueno,Regular,1,SIN DATOS,GUINDA,0,,,,,0,0,Morelia,Sin datos,julio,lunes,12,-101.280083656311,19.6509134277622
7804,7804,2017,"170858470",2017/07/24,12:05:00,COLISIÓN POR ALCANCE,ASFALTO,Bueno,Bueno,2,CHEVROLET,NARANJA,2,,37,MASCULINO,SIN DATOS,0,0,Morelia,Rinconada del Valle,julio,lunes,12,-101.218403577805,19.6793435013536
7805,7805,2017,"170858134",2017/07/24,12:20:00,COLISIÓN CONTRA OBJETO FIJO,ASFALTO,Bueno,Bueno,1,VOLKSWAGEN,GUINDA,1,,26,MASCULINO,SIN DATOS,0,0,Morelia,Tinijaro,julio,lunes,12,-101.26448392868,19.6962132640526
7806,7806,2017,"170858560",2017/07/24,12:28:00,COLISIÓN POR ALCANCE,ASFALTO,Bueno,Bueno,2,NISSAN,BLANCO Y NARANJA,2,,46,MASCULINO,SIN DATOS,0,0,Morelia,Cuauhtemoc,julio,lunes,12,-101.183803081512,19.6946071775751
7807,7807,2017,"170858869",2017/07/24,12:35:00,COLISIÓN POR ALCANCE,ASFALTO,Bueno,Regular,2,FORD,ROJO,2,,43,MASCULINO,SIN DATOS,0,0,Morelia,Ventura Puente,julio,lunes,13,-101.179892420769,19.6900110549068
7808,7808,2017,"170859255",2017/07/24,14:45:00,COLISIÓN POR CORTE DE CIRCULACIÓN,ADOQUIN_EMPEDRADO,Nublado,Regular,2,NISSAN,BLANCO Y ROJO,2,,51,MASCULINO,SIN DATOS,0,0,Morelia,Felix Ireta,julio,lunes,15,-101.192064285278,19.6824549445351
7809,7809,2017,"170859295",2017/07/24,15:25:00,COLISIÓN POR CORTE DE CIRCULACIÓN,CONCRETO,Nublado,Regular,3,VOLKSWAGEN,BLANCO,2,,42,FEMENINO,SIN DATOS,0,0,Morelia,Ventura Puente,julio,lunes,15,-101.179436445236,19.692384892981
7810,7810,2017,"170859546",2017/07/24,16:20:00,COLISIÓN POR CORTE DE CIRCULACIÓN,ASFALTO,Lluvioso,Bueno,2,DODGE,PLATA,2,,57,MASCULINO,SIN DATOS,0,0,Morelia,Prados Verdes,julio,lunes,16,-101.197294592857,19.7145154505445
7811,7811,2017,"170859696",2017/07/24,17:00:00,COLISIÓN POR ALCANCE,ASFALTO,Bueno,Bueno,2,VOLKSWAGEN,PLATA,2,,74,MASCULINO,SIN DATOS,0,0,Morelia,Tres Puentes,julio,lunes,17,-101.2153673172,19.7035465107032
7812,7812,2017,"003620742",2017/07/24,19:30:00,COLISIÓN CONTRA OBJETO FIJO,ASFALTO,Bueno,Bueno,1,DODGE,BLANCO,1,,32,MASCULINO,SIN DATOS,0,0,Lázaro Cárdenas,Nuevo Infonavit(11 de Julio),julio,lunes,20,-102.216238975525,17.9701454134618
7813,7813,2017,"170860738",2017/07/24,20:25:00,COLISIÓN CONTRA OBJETO FIJO,ASFALTO,Lluvioso,Malo,1,KENWORTH,BLANCO Y AMARILLO,1,,32,MASCULINO,SIN DATOS,0,0,Morelia,Justo Mendoza,julio,lunes,20,-101.231685876846,19.7139902514209
7814,7814,2017,"170860750",2017/07/24,20:50:00,COLISIÓN POR CORTE DE CIRCULACIÓN,ASFALTO,Lluvioso,Regular,2,FORD,ROJO,2,,35,MASCULINO,SIN DATOS,0,0,Morelia,Gertrudis Sanchez,julio,lunes,21,-101.200647354126,19.7397330774121
7815,7815,2017,,2017/07/24,21:00:00,COLISIÓN POR CORTE DE CIRCULACIÓN,ASFALTO,Lluvioso,Regular,2,TOYOTA,ROJO,1,,56,MASCULINO,SIN DATOS,0,0,Morelia,Lomas de Las Americas Norte,julio,lunes,21,-101.149256229401,19.6948597079632
7816,7816,2017,"170864688",2017/07/25,"00:00:00",COLISIÓN POR CORTE DE CIRCULACIÓN,ASFALTO,Bueno,Bueno,2,CHEVROLET,NEGRO,2,,52,FEMENINO,SIN DATOS,0,0,Morelia,Los Manantiales de Morelia,julio,martes,0,-101.242876052856,19.6992637738655
7817,7817,2017,"170864557",2017/07/25,"00:00:00",COLISIÓN POR CORTE DE CIRCULACIÓN,ASFALTO,Bueno,Bueno,2,TOYOTA,BLANCO,2,,22,MASCULINO,SIN DATOS,0,0,Morelia,Jardines de Guadalupe,julio,martes,0,-101.219583749771,19.7114854318691
7818,7818,2017,"170861471",2017/07/25,"01:15:00",SUBIDA AL CAMELLÓN,ASFALTO,Bueno,Bueno,1,VOLKSWAGEN,ROJO,0,,,,,0,0,Morelia,Prados Verdes,julio,martes,1,-101.202416270971,19.7173004920663
7819,7819,2017,"170861543",2017/07/25,"02:15:00",COLISIÓN POR CORTE DE CIRCULACIÓN,CONCRETO,Lluvioso,Bueno,2,SIN DATOS,ROJO,1,,41,MASCULINO,SIN DATOS,0,0,Morelia,Chapultepec Oriente,julio,martes,2,-101.163783073425,19.6886372431767
7820,7820,2017,"170861648",2017/07/25,"06:45:00",COLISIÓN CON PEATÓN,ASFALTO,Nublado,Regular,1,SIN DATOS,BLANCO Y VERDE,1,MINISTERIO PÚBLICO,,,,0,1,Morelia,2 de Octubre,julio,martes,7,-101.384947299957,19.6690591456032
7821,7821,2017,"17084774",2017/07/25,"08:30:00",COLISIÓN POR CORTE DE CIRCULACIÓN,ASFALTO,Bueno,Bueno,2,DODGE,GUINDA,2,,26,FEMENINO,SIN DATOS,0,0,Morelia,Tres Puentes,julio,martes,9,-101.213661432266,19.7025162401428
7822,7822,2017,"170861743",2017/07/25,"08:45:00",COLISIÓN POR ALCANCE,ASFALTO,Bueno,Bueno,2,NISSAN,BLANCO,2,,32,MASCULINO,SIN DATOS,0,0,Morelia,Ampliacion La Soledad,julio,martes,9,-101.184119582176,19.7367489804081
7823,7823,2017,"170561918",2017/07/25,"09:45:00",COLISIÓN CON PEATÓN,CONCRETO,Bueno,Bueno,1,FORD,BLANCO,2,,39,MASCULINO,SIN DATOS,1,0,Morelia,Lomas de Vista Bella,julio,martes,10,-101.200851202011,19.6704230224871
7824,7824,2017,,2017/07/25,11:20:00,COLISIÓN POR ALCANCE,CONCRETO,Nublado,Bueno,2,VOLKSWAGEN,AZUL,2,,32,MASCULINO,SIN DATOS,0,0,Morelia,Rector Diaz Rubio,julio,martes,11,-101.1977237463,19.6670840292485
7825,7825,2017,"170862265",2017/07/25,12:10:00,COLISIÓN POR CORTE DE CIRCULACIÓN,CONCRETO,Bueno,Bueno,2,NISSAN,GRIS,2,,35,MASCULINO,SIN DATOS,0,0,Morelia,Infonavit  Las  Camelinas,julio,martes,12,-101.1743080616,19.6819296401864
7827,7827,2017,"170862899",2017/07/25,13:55:00,COLISIÓN POR ALCANCE,ASFALTO,Bueno,Bueno,2,MERCEDES BENZ,BLANCO,2,,27,MASCULINO,SIN DATOS,0,0,Morelia,Camelinas,julio,martes,14,-101.171089410782,19.6821518845442
7828,7828,2017,"170863651",2017/07/25,14:00:00,COLISIÓN POR CORTE DE CIRCULACIÓN,SIN_DATOS,Bueno,Bueno,2,TOYOTA,ROJO,0,MINISTERIO PÚBLICO,,,,0,0,Morelia,Centro,julio,martes,14,-101.198474764824,19.703112181766
7830,7830,2017,"170863006",2017/07/25,15:30:00,COLISIÓN POR CORTE DE CIRCULACIÓN,CONCRETO,Bueno,Bueno,1,CHRYSLER,CEREZA,1,,32,MASCULINO,SIN DATOS,0,0,Morelia,Felix Ireta,julio,martes,16,-101.190809011459,19.6877887065137
7831,7831,2017,"170863248",2017/07/25,16:35:00,COLISIÓN POR ALCANCE,ASFALTO,Bueno,Bueno,1,TOYOTA,BEIGE,1,,54,MASCULINO,SIN DATOS,0,0,Morelia,Ejidal Ocolusen,julio,martes,17,-101.15296036005,19.6858163464811
7832,7832,2017,LEG8271,2017/07/25,17:00:00,COLISIÓN POR CORTE DE CIRCULACIÓN,ASFALTO,Bueno,Bueno,1,CHEVROLET,VERDE,1,,,MASCULINO,SIN DATOS,0,0,Morelia,Americas Britania,julio,martes,17,-101.150076985359,19.6915717311361
7833,7833,2017,"170863954",2017/07/25,18:50:00,CAIDA DE MOTOCICLETA,ASFALTO,Bueno,Bueno,1,HONDA,BLANCO,1,,,MASCULINO,SIN DATOS,0,0,Morelia,Libertad,julio,martes,19,-101.236905455589,19.684844047385
7834,7834,2017,"170863801",2017/07/25,19:40:00,COLISIÓN POR ALCANCE,ASFALTO,Bueno,Bueno,2,NISSAN,NEGRO,2,,,FEMENINO,SIN DATOS,0,0,Morelia,Felix Ireta,julio,martes,20,-101.192107200623,19.6823337206075
7835,7835,2017,"170863479",2017/07/25,20:00:00,COLISIÓN POR ALCANCE,ASFALTO,Bueno,Bueno,1,NISSAN,BLANCO Y ROJO,1,,20,MASCULINO,SIN DATOS,0,0,Morelia,Camelinas,julio,martes,20,-101.174190044403,19.6819700482744
7836,7836,2017,,2017/07/25,20:50:00,COLISIÓN CONTRA OBJETO FIJO,ASFALTO,Lluvioso,Regular,1,FORD,NEGRO,9,,,,,9,0,Angangueo,Angangueo Centro,julio,martes,21,-100.285745859146,19.6191433781016
7837,7837,2017,"170864589",2017/07/25,22:20:00,COLISIÓN POR NO RESPETAR SEMÁFORO,ASFALTO,Bueno,Bueno,2,FORD,ROJO,2,,44,FEMENINO,SIN DATOS,0,0,Morelia,Loma de Los Piñones,julio,martes,22,-101.205115914345,19.6740852270679
7838,7838,2017,"170804834",2017/07/26,"00:10:00",COLISIÓN CONTRA OBJETO FIJO,ASFALTO,Bueno,Bueno,1,FORD,NEGRO,1,,57,MASCULINO,SIN DATOS,0,0,Morelia,Infonavit  Las  Camelinas,julio,miércoles,0,-101.174318790436,19.6819195381628
7839,7839,2017,"170864745",2017/07/26,"00:20:00",COLISIÓN POR CAMBIO DE CARRIL,ASFALTO,Bueno,Bueno,2,TOYOTA,BLANCO,3,,36,MASCULINO,SIN DATOS,2,0,Morelia,El Lago 1,julio,miércoles,0,-101.216204166412,19.7272812985294
7840,7840,2017,"170864864",2017/07/26,"00:50:00",SALIDA DE SUPERFICIE DE RODAMIENTO,ASFALTO,Bueno,Bueno,2,KIA,BLANCO,2,,56,MASCULINO,SIN DATOS,0,0,Morelia,Balcones de Santa Maria,julio,miércoles,1,-101.186324357986,19.6755702903173
7841,7841,2017,"170864935",2017/07/26,"02:20:00",SUBIDA AL CAMELLÓN,ASFALTO,Bueno,Bueno,1,CHEVROLET,ARENA,1,,28,MASCULINO,SIN DATOS,0,0,Tarímbaro,Sin datos,julio,miércoles,2,-101.172913312912,19.7488011585157
7842,7842,2017,"170865414",2017/07/26,"04:45:00",COLISIÓN POR INVASIÓN DE CARRIL,ASFALTO,Bueno,Bueno,2,CHEVROLET,BLANCO,2,,59,MASCULINO,SIN DATOS,0,0,Morelia,Leandro Valle,julio,miércoles,5,-101.228649616241,19.7188179784052
7843,7843,2017,"170865080",2017/07/26,"06:40:00",COLISIÓN CONTRA OBJETO FIJO,ASFALTO,Bueno,Bueno,2,CHEVROLET,ROJO,2,,21,MASCULINO,SIN DATOS,0,0,Morelia,Chapultepec Sur,julio,miércoles,7,-101.175515055656,19.6910666595878
7844,7844,2017,"170865099",2017/07/26,"07:30:00",COLISIÓN POR INVASIÓN DE CARRIL,ASFALTO,Bueno,Bueno,2,DINA,BLANCO,2,,49,MASCULINO,SIN DATOS,0,0,Morelia,Elias Perez Avalos,julio,miércoles,8,-101.171494424343,19.7148310741879
7845,7845,2017,"170865306",2017/07/26,"09:10:00",COLISIÓN POR CAMBIO DE CARRIL,ASFALTO,Nublado,Regular,2,VOLKSWAGEN,PLATA,2,,44,FEMENINO,SIN DATOS,0,0,Morelia,Alberto Oviedo Mota,julio,miércoles,9,-101.196366548538,19.6813538238251
7846,7846,2017,"170865435",2017/07/26,"09:20:00",COLISIÓN POR CORTE DE CIRCULACIÓN,ASFALTO,Bueno,Bueno,2,TOYOTA,BLANCO CON GRIS,2,,27,MASCULINO,SIN DATOS,0,0,Morelia,Isaac Arriaga,julio,miércoles,9,-101.166207790375,19.7101926064271
7847,7847,2017,"170865544",2017/07/26,10:15:00,COLISIÓN POR CORTE DE CIRCULACIÓN,ASFALTO,Bueno,Bueno,2,NISSAN,NEGRO,3,MINISTERIO PÚBLICO,,,,3,0,Morelia,Chapultepec Sur,julio,miércoles,10,-101.171250343323,19.6903343030125
7848,7848,2017,"170865487",2017/07/26,10:20:00,COLISIÓN POR ALCANCE,ASFALTO,Bueno,Bueno,2,CHEVROLET,BLANCO Y ROJO,2,,50,MASCULINO,SIN DATOS,0,0,Morelia,Industrial,julio,miércoles,10,-101.19742333889,19.7131771993754
7849,7849,2017,"170866424",2017/07/26,12:50:00,COLISIÓN POR CAMBIO DE CARRIL,ASFALTO,Bueno,Bueno,2,NISSAN,BLANCO,2,,44,MASCULINO,SIN DATOS,0,0,Morelia,Felix Ireta,julio,miércoles,13,-101.191855072975,19.6911121160923
7850,7850,2017,"170866564",2017/07/26,13:25:00,COLISIÓN CONTRA OBJETO FIJO,ASFALTO,Bueno,Bueno,2,CHEVROLET,BLANCO,2,,29,MASCULINO,SIN DATOS,0,0,Morelia,Buenavista,julio,miércoles,13,-101.161940395832,19.7061625600591
7851,7851,2017,"170862662",2017/07/26,13:50:00,COLISIÓN POR CAMBIO DE CARRIL,ASFALTO,Bueno,Bueno,2,FORD,BLANCO,2,,25,MASCULINO,SIN DATOS,0,0,Morelia,Las Americas,julio,miércoles,14,-101.15462064743,19.6873947415346
7852,7852,2017,"170866479",2017/07/26,13:50:00,COLISIÓN POR CORTE DE CIRCULACIÓN,CONCRETO,Bueno,Bueno,2,VOLKSWAGEN,VERDE,2,,35,MASCULINO,SIN DATOS,0,0,Morelia,Jardines de Guadalupe,julio,miércoles,14,-101.22258245945,19.7136367510395
7853,7853,2017,"170868052",2017/07/26,14:55:00,COLISIÓN POR ALCANCE,ASFALTO,Bueno,Bueno,2,NISSAN,BLANCO,2,,28,MASCULINO,SIN DATOS,0,0,Morelia,Ferrocarrilero,julio,miércoles,15,-101.219905614853,19.6950920355684
7854,7854,2017,"170866925",2017/07/26,15:15:00,COLISIÓN POR CORTE DE CIRCULACIÓN,ASFALTO,Nublado,Regular,2,CHEVROLET,GUINDA,2,MINISTERIO PÚBLICO,55,FEMENINO,SIN DATOS,0,0,Morelia,Cuauhtemoc,julio,miércoles,15,-101.178803443909,19.6960617471489
7855,7855,2017,,2017/07/26,15:50:00,COLISIÓN POR CORTE DE CIRCULACIÓN,ASFALTO,Bueno,Bueno,2,Italika,Azul/Blanco,2,,28,MASCULINO,SIN DATOS,0,0,Apatzingán,Centro,julio,miércoles,16,-102.354367375374,19.0877359295099
7856,7856,2017,,2017/07/26,17:45:00,COLISIÓN POR ALCANCE,ASFALTO,Lluvioso,Bueno,2,TOYOTA,ROJO,4,MINISTERIO PÚBLICO,30,MASCULINO,SIN DATOS,2,0,Sahuayo,Las Brisas,julio,miércoles,18,-102.716186642647,20.058108145872
7857,7857,2017,"170867430",2017/07/26,18:00:00,COLISIÓN POR ALCANCE,ASFALTO,Bueno,Bueno,2,VOLKSWAGEN,AZUL,1,,25,MASCULINO,SIN DATOS,0,0,Morelia,Centro,julio,miércoles,18,-101.204080581665,19.7025364415901
7858,7858,2017,"170867819",2017/07/26,18:30:00,COLISIÓN POR CAMBIO DE CARRIL,ASFALTO,Bueno,Bueno,2,MERCEDEZ BENZ,BLANCO,2,,55,MASCULINO,SIN DATOS,0,0,Morelia,Pascual Ortiz de Ayala,julio,miércoles,19,-101.149599552155,19.6947788982824
7859,7859,2017,"170867689",2017/07/26,18:50:00,COLISIÓN POR CAMBIO DE CARRIL,ASFALTO,Bueno,Bueno,2,FORD,BLANCO,0,,,,,0,0,Morelia,La Aldea,julio,miércoles,19,-101.134536266327,19.7419950968644
7860,7860,2017,"170868116",2017/07/26,20:20:00,COLISIÓN POR ALCANCE,ASFALTO,Bueno,Bueno,2,JEEP,AZUL,2,,33,MASCULINO,SIN DATOS,0,0,Morelia,Sentimientos de La Nacion,julio,miércoles,20,-101.235601902008,19.6818185178919
7861,7861,2017,"170868496",2017/07/26,21:50:00,COLISIÓN POR CORTE DE CIRCULACIÓN,CONCRETO,Bueno,Regular,2,SEAT,BLANCO,2,,52,MASCULINO,SIN DATOS,0,0,Morelia,Nueva Chapultepec,julio,miércoles,22,-101.17501616478,19.6907686666269
7862,7862,2017,"170870073",2017/07/27,"00:00:00",COLISIÓN POR ALCANCE,ASFALTO,Bueno,Bueno,2,V.W.,NEGRO,2,MINISTERIO PÚBLICO,,MASCULINO,SIN DATOS,0,0,Morelia,La Hacienda,julio,jueves,0,-101.316561698914,19.676903804772
7863,7863,2017,"170868950",2017/07/27,"07:45:00",COLISIÓN POR ALCANCE,ASFALTO,Bueno,Bueno,2,CHEVROLET,GRIS,2,,,MASCULINO,SIN DATOS,0,0,Morelia,Felix Ireta,julio,jueves,8,-101.185383824561,19.6860420576603
7864,7864,2017,"170869184",2017/07/27,"09:10:00",COLISIÓN POR ALCANCE,ASFALTO,Bueno,Bueno,2,NISSAN,BLANCO,3,,57,MASCULINO,SIN DATOS,1,0,Morelia,Ampliacion La Soledad,julio,jueves,9,-101.182520985603,19.7361405409263
7865,7865,2017,"170869485",2017/07/27,10:20:00,COLISIÓN POR ALCANCE,ASFALTO,Bueno,Bueno,2,BAJAJ,BLANCO Y NEGRO,2,,,MASCULINO,SIN DATOS,0,0,Morelia,Centro,julio,jueves,10,-101.190471053123,19.7029606713943
7866,7866,2017,"170869569",2017/07/27,10:30:00,COLISIÓN POR INVASIÓN DE CARRIL,ASFALTO,Bueno,Bueno,3,DODGE,GRIS,3,,32,MASCULINO,SIN DATOS,0,0,Morelia,Insurgentes,julio,jueves,11,-101.152496337891,19.6984051925462
7867,7867,2017,,2017/07/27,10:50:00,COLISIÓN CONTRA OBJETO FIJO,ADOQUIN_EMPEDRADO,Bueno,Bueno,2,DODGE,BLANCO,2,,35,MASCULINO,SIN DATOS,0,0,Cuitzeo,Centro,julio,jueves,11,-101.14228785038,19.9693657478282
7868,7868,2017,"170870292",2017/07/27,14:40:00,COLISIÓN POR CORTE DE CIRCULACIÓN,ASFALTO,Lluvioso,Regular,2,NISSAN,BLANCO Y ROJO,2,,61,MASCULINO,SIN DATOS,0,0,Morelia,Felix Ireta,julio,jueves,15,-101.195540428162,19.6825660663881
7869,7869,2017,"170870589",2017/07/27,15:45:00,COLISIÓN CONTRA OBJETO FIJO,ASFALTO,Bueno,Bueno,1,BAJAJ,NEGRO,1,,,MASCULINO,SIN DATOS,0,0,Morelia,Loma de Los Piñones,julio,jueves,16,-101.205115914345,19.6741559446776
7870,7870,2017,"170871438",2017/07/27,17:10:00,COLISIÓN CONTRA OBJETO FIJO,CONCRETO,Nublado,Regular,1,NISSAN,GRIS,1,,,MASCULINO,SIN DATOS,0,0,Morelia,Ampliacion La Soledad,julio,jueves,17,-101.184092760086,19.7367590789692
7871,7871,2017,"170871625",2017/07/27,20:00:00,COLISIÓN CON PEATÓN,SIN_DATOS,Bueno,Bueno,1,BAJAJ,NEGRO,1,MINISTERIO PÚBLICO,,,,1,0,Morelia,Centro,julio,jueves,20,-101.188899278641,19.7029101679052
7872,7872,2017,"170871635",2017/07/27,23:00:00,SUBIDA AL CAMELLÓN,ASFALTO,Lluvioso,Bueno,1,VOLKSWAGEN,GRIS,1,,,MASCULINO,SIN DATOS,0,0,Morelia,El Realito,julio,jueves,23,-101.203361749649,19.7256351269814
7873,7873,2017,"170872593",2017/07/28,"00:05:00",COLISIÓN POR CORTE DE CIRCULACIÓN,CONCRETO,Lluvioso,Bueno,2,VOLKSWAGEN,BLANCO,2,,24,MASCULINO,SIN DATOS,0,0,Morelia,Vasco de Quiroga,julio,viernes,0,-101.176260709763,19.7050515018522
7874,7874,2017,"170872684",2017/07/28,"02:40:00",SUBIDA AL CAMELLÓN,ASFALTO,Bueno,Bueno,1,RENAULT,BLANCO,1,,46,MASCULINO,SIN DATOS,0,0,Morelia,Clara Cordova Moran,julio,viernes,3,-101.180745363235,19.7375568632745
7875,7875,2017,"170872769",2017/07/28,"05:50:00",COLISIÓN POR ALCANCE,ASFALTO,Bueno,Bueno,2,CHEVROLET,AZUL,1,,,MASCULINO,SIN DATOS,0,0,Morelia,Comision Federal de Electricidad,julio,viernes,6,-101.181292533875,19.6815356607944
7876,7876,2017,"170873032",2017/07/28,"08:30:00",COLISIÓN POR ALCANCE,ASFALTO,Nublado,Regular,2,FORD,BLANCO,2,,29,MASCULINO,SIN DATOS,0,0,Morelia,Diego Rivera,julio,viernes,9,-101.177837848663,19.7195855533635
7877,7877,2017,"170873001",2017/07/28,"08:55:00",COLISIÓN POR CAMBIO DE CARRIL,ASFALTO,Bueno,Malo,2,DINA,BLANCO,2,MINISTERIO PÚBLICO,33,MASCULINO,SIN DATOS,0,0,Morelia,Nicolaitas Ilustres,julio,viernes,9,-101.22761964798,19.72084800416
7878,7878,2017,"170873166",2017/07/28,"09:20:00",SUBIDA AL CAMELLÓN,ASFALTO,Bueno,Bueno,1,CHEVROLET,ROJO,1,,,,SIN DATOS,0,0,Morelia,Francisco J Mujica,julio,viernes,9,-101.192750930786,19.7234031740569
7879,7879,2017,"170873172",2017/07/28,"09:20:00",COLISIÓN POR ALCANCE,ASFALTO,Bueno,Bueno,2,NISSAN,BLANCO,2,,28,MASCULINO,SIN DATOS,0,0,Morelia,La Quemada,julio,viernes,9,-101.238294839859,19.7015061645256
7880,7880,2017,"170873107",2017/07/28,10:00:00,VOLCADURA,CONCRETO,Bueno,Bueno,1,FORD,AZUL,1,,40,MASCULINO,SIN DATOS,0,0,Morelia,Montaña Monarca,julio,viernes,10,-101.166164875031,19.673504331236