fid,id_accidente,anio_origen,folio_c5i,dia_incidente,hora_ocurrencia,tipo_incidente_vial,superficie_ocurrencia,condiciones_climaticas,condiciones_via,numero_vehiculos_involucrados,marca_vehiculo_ocasiona_siniestro,color_vehiculo_ocasiona_siniestro,numero_personas_involucradas,lugar_remite_presunto_responsable,edad_presunto_responsable,sexo_presunto_responsable,resultados_toxicologia,numero_personas_lesionadas,numero_personas_fallecidas,municipio,colonia,mes,dia_semana,hora_redondeada,lon,lat
7881,7881,2017,"170873820",2017/07/28,10:40:00,COLISIÓN POR INVASIÓN DE CARRIL,ASFALTO,Bueno,Bueno,4,CHEVROLET,ROJO,4,,25,FEMENINO,SIN DATOS,0,0,Morelia,Las Americas,julio,viernes,11,-101.15353167057,19.6873442331338
7883,7883,2017,"170874292",2017/07/28,11:15:00,COLISIÓN POR ALCANCE,CONCRETO,Bueno,Bueno,2,GMC,ROJO,2,,35,MASCULINO,SIN DATOS,0,0,Morelia,Felix Ireta,julio,viernes,11,-101.192890405655,19.6913520252084
7884,7884,2017,"170873813",2017/07/28,11:50:00,COLISIÓN POR CORTE DE CIRCULACIÓN,ASFALTO,Bueno,Bueno,2,KENWORTH,BLANCO,2,,32,MASCULINO,SIN DATOS,0,0,Morelia,Elias Perez Avalos,julio,viernes,12,-101.16706609726,19.7114046305851
7885,7885,2017,"170873899",2017/07/28,12:25:00,COLISIÓN POR ALCANCE,ASFALTO,Bueno,Bueno,2,DODGE,BLANCO,2,,33,MASCULINO,SIN DATOS,0,0,Morelia,Sentimientos de La Nacion,julio,viernes,12,-101.235419511795,19.6811921907902
7886,7886,2017,"170874015",2017/07/28,13:10:00,COLISIÓN POR ALCANCE,CONCRETO,Bueno,Bueno,2,NISSAN,BLANCO,2,,26,MASCULINO,SIN DATOS,0,0,Morelia,Centro,julio,viernes,13,-101.19186848402,19.7029707720902
7887,7887,2017,"170874306",2017/07/28,13:55:00,COLISIÓN POR CAMBIO DE CARRIL,ASFALTO,Bueno,Bueno,2,NISSAN,BLANCO,2,,42,MASCULINO,SIN DATOS,0,0,Morelia,Jardines de Torremolinos,julio,viernes,14,-101.225720643997,19.6768280372026
7888,7888,2017,"170874655",2017/07/28,14:15:00,COLISIÓN POR CORTE DE CIRCULACIÓN,ASFALTO,Bueno,Bueno,2,HONDA,ROJO,2,,31,MASCULINO,SIN DATOS,0,0,Morelia,Enrique Arreguin Robles,julio,viernes,14,-101.184972524643,19.7239384416269
7889,7889,2017,"170875276",2017/07/28,17:30:00,COLISIÓN POR CAMBIO DE CARRIL,ASFALTO,Bueno,Bueno,2,VENTO,NEGRO,0,,,,,0,0,Morelia,Lomas del Tecnologico,julio,viernes,18,-101.194805502892,19.7241656773174
7890,7890,2017,"170875252",2017/07/28,17:30:00,COLISIÓN POR INVASIÓN DE CARRIL,ASFALTO,Bueno,Bueno,2,CHEVROLET,ROJO,2,,,,SIN DATOS,0,0,Morelia,Nueva Chapultepec,julio,viernes,18,-101.169919967651,19.6896372984709
7891,7891,2017,,2017/07/28,18:45:00,COLISIÓN POR CORTE DE CIRCULACIÓN,ASFALTO,Nublado,Regular,2,CHEVROLET,BLANCO,4,MINISTERIO PÚBLICO,48,MASCULINO,SIN DATOS,2,0,Sahuayo,Las Brisas,julio,viernes,19,-102.716352939606,20.0572414284795
7892,7892,2017,,2017/07/28,20:00:00,COLISIÓN POR CORTE DE CIRCULACIÓN,ASFALTO,Bueno,Bueno,2,FORD,ROJO,2,,22,MASCULINO,SIN DATOS,0,0,Lázaro Cárdenas,Segundo Sector de Fidelac,julio,viernes,20,-102.208551764488,17.9615471079161
7893,7893,2017,"170876146",2017/07/28,20:50:00,SUBIDA AL CAMELLÓN,ASFALTO,Lluvioso,Bueno,1,CHEVROLET,BLANCO,1,,34,MASCULINO,SIN DATOS,0,0,Morelia,El Realito,julio,viernes,21,-101.204509735107,19.7258068143767
7894,7894,2017,"170875690",2017/07/28,21:10:00,COLISIÓN POR CORTE DE CIRCULACIÓN,ASFALTO,Bueno,Bueno,2,HONDA,GRIS,2,,55,MASCULINO,SIN DATOS,0,0,Morelia,Torreon Nuevo,julio,viernes,21,-101.203774809837,19.7466755576658
7895,7895,2017,LEG8339,2017/07/28,21:15:00,COLISIÓN POR NO RESPETAR SEMÁFORO,SIN_DATOS,Lluvioso,Regular,2,SEAT,ROJO,2,MINISTERIO PÚBLICO,39,MASCULINO,SIN DATOS,0,0,Morelia,Vasco de Quiroga,julio,viernes,21,-101.167774200439,19.6967536731745
7896,7896,2017,"170876557",2017/07/28,23:30:00,COLISIÓN CONTRA OBJETO FIJO,CONCRETO,Lluvioso,Bueno,1,HONDA,AZUL,1,,25,MASCULINO,SIN DATOS,0,0,Morelia,Matamoros,julio,viernes,0,-101.166079044342,19.6964354885853
7898,7898,2017,"1707876795",2017/07/29,"01:15:00",COLISIÓN CONTRA OBJETO FIJO,CONCRETO,Lluvioso,Malo,1,FORD,ROJO,1,,45,FEMENINO,SIN DATOS,0,0,Morelia,Felix Ireta,julio,sábado,1,-101.195824742317,19.6824852505027
7899,7899,2017,"170873002",2017/07/29,"01:40:00",COLISIÓN CONTRA OBJETO FIJO,ASFALTO,Lluvioso,Regular,1,CHEVROLET,ROJO,1,,53,FEMENINO,SIN DATOS,0,0,Morelia,Balcones de Santa Maria,julio,sábado,2,-101.184859871864,19.6757824410865
7900,7900,2017,"170876844",2017/07/29,"03:20:00",COLISIÓN POR CAMBIO DE CARRIL,ASFALTO,Bueno,Bueno,2,DODGE,BLANCO,2,,27,MASCULINO,SIN DATOS,0,0,Morelia,Loma Bonita,julio,sábado,3,-101.196302175522,19.7243878630134
7901,7901,2017,"170876852",2017/07/29,"03:50:00",COLISIÓN POR CORTE DE CIRCULACIÓN,ASFALTO,Lluvioso,Regular,2,HONDA,AZUL,2,,42,FEMENINO,SIN DATOS,0,0,Morelia,Felix Ireta,julio,sábado,4,-101.191865801811,19.6911121160923
7902,7902,2017,"170876888",2017/07/29,"04:30:00",SUBIDA AL CAMELLÓN,CONCRETO,Lluvioso,Regular,1,RENAULT,GRIS,1,,65,MASCULINO,SIN DATOS,0,0,Morelia,Cinco de Diciembre,julio,sábado,5,-101.165762543678,19.6844955335447
7903,7903,2017,"170876934",2017/07/29,"06:00:00",COLISIÓN POR ALCANCE,ASFALTO,Bueno,Bueno,2,CHRYSLER,AZUL,2,,57,MASCULINO,SIN DATOS,0,0,Morelia,Cinco de Diciembre,julio,sábado,6,-101.160650253296,19.688122060739
7904,7904,2017,"170877077",2017/07/29,"08:00:00",SUBIDA AL CAMELLÓN,ASFALTO,Bueno,Bueno,1,CHEVROLET,CAFE,1,,23,MASCULINO,SIN DATOS,0,0,Morelia,Primo Tapia Oriente,julio,sábado,8,-101.160607337952,19.7125307947992
7905,7905,2017,,2017/07/29,"08:30:00",COLISIÓN CON PEATÓN,ASFALTO,Bueno,Regular,1,SIN DATO,SIN DATO,2,,,,SIN DATOS,1,0,Morelia,Campestre Los Manantiales,julio,sábado,9,-101.238093674183,19.6884705666871
7907,7907,2017,,2017/07/29,"09:45:00",COLISIÓN CON PEATÓN,CONCRETO,Bueno,Regular,1,NISSAN,CAFE,2,MINISTERIO PÚBLICO,,,SIN DATOS,1,0,Sahuayo,Perpetuo Socorro,julio,sábado,10,-102.71639585495,20.0620788596972
7908,7908,2017,"10787781",2017/07/29,12:10:00,COLISIÓN POR ALCANCE,CONCRETO,Bueno,Bueno,2,CHEVROLET,PLATA,2,,,FEMENINO,SIN DATOS,0,0,Morelia,Nueva Chapultepec,julio,sábado,12,-101.173160076141,19.6864552826729
7909,7909,2017,"170877854",2017/07/29,12:15:00,VOLCADURA,ASFALTO,Bueno,Bueno,1,DINA,BLANCO,1,,32,MASCULINO,SIN DATOS,0,0,Tarímbaro,Sin datos,julio,sábado,12,-101.171679496765,19.7521232998156
7910,7910,2017,"170877866",2017/07/29,12:30:00,COLISIÓN POR ALCANCE,ASFALTO,Bueno,Bueno,2,NISSAN,BCO/ROJO,2,,24,MASCULINO,SIN DATOS,0,0,Morelia,Francisco J Mujica,julio,sábado,13,-101.190390586853,19.7223730314243
7911,7911,2017,"170877935",2017/07/29,12:50:00,COLISIÓN POR CAMBIO DE CARRIL,ASFALTO,Bueno,Bueno,2,PLYMOUTH,VERDE,2,,,MASCULINO,SIN DATOS,0,0,Morelia,Elias Perez Avalos,julio,sábado,13,-101.169383525848,19.7132226495988
7912,7912,2017,"170878047",2017/07/29,13:50:00,COLISIÓN POR CORTE DE CIRCULACIÓN,ASFALTO,Bueno,Bueno,2,HONDA,AZUL,2,,,FEMENINO,SIN DATOS,0,0,Morelia,Sin datos,julio,sábado,14,-101.35479927063,19.6787575734732
7913,7913,2017,LEG8380,2017/07/29,14:45:00,COLISIÓN POR CORTE DE CIRCULACIÓN,CONCRETO,Bueno,Bueno,2,VOLKSWAGEN,ROJO,5,,20,MASCULINO,SIN DATOS,3,0,Morelia,Villa Universidad,julio,sábado,15,-101.199232488871,19.6865929187916
7914,7914,2017,,2017/07/29,14:45:00,COLISIÓN POR CORTE DE CIRCULACIÓN,ASFALTO,Bueno,Bueno,2,BAJAJ,Azul/Negro,3,,26,MASCULINO,SIN DATOS,1,0,Apatzingán,Aviacion,julio,sábado,15,-102.353535890579,19.0938800211283
7915,7915,2017,"170878332",2017/07/29,15:00:00,COLISIÓN POR CORTE DE CIRCULACIÓN,ASFALTO,Bueno,Bueno,2,MERCEDEZ BENZ,GUINDA,2,,47,MASCULINO,SIN DATOS,0,0,Morelia,Jacarandas,julio,sábado,15,-101.210995316505,19.7065539537257
7916,7916,2017,"170808740",2017/07/29,15:40:00,COLISIÓN POR ALCANCE,ASFALTO,Bueno,Bueno,2,NISSAN,BLANCO,2,,45,MASCULINO,SIN DATOS,0,0,Morelia,Felix Ireta,julio,sábado,16,-101.195604801178,19.6817275995936
7917,7917,2017,"170878999",2017/07/29,17:20:00,CAIDA DE MOTOCICLETA,ASFALTO,Bueno,Regular,1,HONDA,BLANCO,1,,,,SIN DATOS,0,0,Morelia,Ventura Puente,julio,sábado,17,-101.180262565613,19.6882937884024
7918,7918,2017,"170879326",2017/07/29,18:00:00,COLISIÓN CON PEATÓN,CONCRETO,Bueno,Bueno,1,CHEVROLET,BLANCO,1,,50,MASCULINO,SIN DATOS,0,0,Morelia,Primo Tapia,julio,sábado,18,-101.212231814861,19.7100234273245
7919,7919,2017,"170879422",2017/07/29,18:34:00,SUBIDA AL CAMELLÓN,ASFALTO,Bueno,Bueno,1,MITSIBISHI,PLATA,1,,,,SIN DATOS,0,0,Morelia,Chapultepec Oriente,julio,sábado,19,-101.163903772831,19.6908961975806
7920,7920,2017,,2017/07/29,19:30:00,VOLCADURA,ASFALTO,Bueno,Bueno,1,VOLKSWAGEN,ROJO,1,MINISTERIO PÚBLICO,,,,0,1,Tuxpan,Santa Ana,julio,sábado,20,-100.466365814209,19.5910058769591
7921,7921,2017,"170879725",2017/07/29,19:30:00,COLISIÓN CONTRA OBJETO FIJO,ASFALTO,Bueno,Bueno,2,NISSAN,ROJO,2,,,FEMENINO,SIN DATOS,0,0,Tarímbaro,Sin datos,julio,sábado,20,-101.184511184692,19.748315718794
7922,7922,2017,"170879691",2017/07/29,20:00:00,COLISIÓN POR ALCANCE,CONCRETO,Bueno,Bueno,2,VOLKSWAGEN,AZUL,2,,,MASCULINO,SIN DATOS,0,0,Morelia,Centro,julio,sábado,20,-101.187922954559,19.7009253681584
7923,7923,2017,"170879875",2017/07/29,20:05:00,COLISIÓN POR CORTE DE CIRCULACIÓN,CONCRETO,Bueno,Bueno,1,FORD,VERDE,1,,42,MASCULINO,SIN DATOS,0,0,Morelia,Isaac Arriaga,julio,sábado,20,-101.170027256012,19.7084553557825
7924,7924,2017,"170880301",2017/07/30,"00:15:00",COLISIÓN POR CORTE DE CIRCULACIÓN,ASFALTO,Bueno,Bueno,2,NISSAN,ROJO,2,,51,MASCULINO,SIN DATOS,0,0,Morelia,Independencia,julio,domingo,0,-101.177827119827,19.7049504961781
7925,7925,2017,"170880549",2017/07/30,"02:57:00",COLISIÓN POR ALCANCE,ASFALTO,Bueno,Bueno,2,VOLKSWAGEN,ARENA,2,,24,MASCULINO,ALIENTO ETÍLICO,0,0,Morelia,Mision del Valle,julio,domingo,3,-101.120926737785,19.7663754097406
7926,7926,2017,"170880550",2017/07/30,"03:10:00",COLISIÓN POR CAMBIO DE CARRIL,ASFALTO,Bueno,Bueno,3,MERCEDES BENZ,AZUL,3,MINISTERIO PÚBLICO,36,MASCULINO,SIN DATOS,0,0,Morelia,Cinco de Diciembre,julio,domingo,3,-101.161540746689,19.6880513492947
7927,7927,2017,"170880610",2017/07/30,"03:35:00",COLISIÓN CONTRA OBJETO FIJO,ASFALTO,Nublado,Regular,1,VOLKSWAGEN,BLANCO,1,,27,MASCULINO,SIN DATOS,0,0,Morelia,Solidaridad,julio,domingo,4,-101.207728385925,19.7261804863053
7928,7928,2017,,2017/07/30,"03:50:00",COLISIÓN POR CORTE DE CIRCULACIÓN,CONCRETO,Nublado,Bueno,2,NISSAN,Blanco,2,,,,SIN DATOS,0,0,Apatzingán,Centro,julio,domingo,4,-102.354855537415,19.0838526649067
7929,7929,2017,"170880638",2017/07/30,"04:20:00",COLISIÓN CONTRA OBJETO FIJO,CONCRETO,Bueno,Bueno,1,VOLKSWAGEN,GRIS,1,MINISTERIO PÚBLICO,,,SIN DATOS,0,0,Morelia,Centro,julio,domingo,4,-101.186651587486,19.7038646811531
7930,7930,2017,"170880700",2017/07/30,"05:50:00",SUBIDA AL CAMELLÓN,ASFALTO,Bueno,Bueno,1,TOYOTA,GRIS,1,,38,MASCULINO,SIN DATOS,0,0,Morelia,Valle de Altozano,julio,domingo,6,-101.16393327713,19.6632465426545
7931,7931,2017,"170880716",2017/07/30,"06:10:00",COLISIÓN POR CORTE DE CIRCULACIÓN,CONCRETO,Bueno,Bueno,1,NISSAN,GRIS Y ROJO,1,,18,MASCULINO,SIN DATOS,0,0,Morelia,Union,julio,domingo,6,-101.15375161171,19.7106875174012
7932,7932,2017,"17080987",2017/07/30,"07:00:00",COLISIÓN POR INVASIÓN DE CARRIL,ASFALTO,Bueno,Bueno,2,FORD,GRIS,2,,,MASCULINO,SIN DATOS,0,0,Morelia,Rafael Carrillo,julio,domingo,7,-101.235103011131,19.7095209390839
7933,7933,2017,"170880893",2017/07/30,"09:10:00",COLISIÓN CONTRA OBJETO FIJO,ASFALTO,Bueno,Bueno,1,MAZDA,PLATA,0,,,,,0,0,Morelia,Guadalupe,julio,domingo,9,-101.2227460742,19.70905253782
7934,7934,2017,"170881012",2017/07/30,"09:55:00",COLISIÓN POR CAMBIO DE CARRIL,ASFALTO,Bueno,Bueno,2,CAPRE,BLANCO Y AZUL,2,,45,MASCULINO,SIN DATOS,0,0,Morelia,Nueva Valladolid,julio,domingo,10,-101.207304596901,19.7022687722063
7935,7935,2017,"170881021",2017/07/30,10:00:00,COLISIÓN POR CORTE DE CIRCULACIÓN,ASFALTO,Bueno,Regular,2,AUDI,BLANCO,1,,28,MASCULINO,SIN DATOS,0,0,Morelia,Lomas de Huerta,julio,domingo,10,-101.210587620735,19.672423354257
7936,7936,2017,"170881715",2017/07/30,13:45:00,COLISIÓN CONTRA OBJETO FIJO,ASFALTO,Bueno,Bueno,2,SIN DATOS,NEGRO,2,,,,SIN DATOS,0,0,Morelia,Central de Abastos,julio,domingo,14,-101.171700954437,19.716151636755
7937,7937,2017,"170881808",2017/07/30,13:45:00,COLISIÓN POR ALCANCE,ASFALTO,Bueno,Regular,2,ITALIKA,ROJO,2,,68,MASCULINO,SIN DATOS,0,0,Morelia,Ventura Puente,julio,domingo,14,-101.191881895065,19.6925061092998
7938,7938,2017,"170881852",2017/07/30,14:25:00,COLISIÓN POR ALCANCE,CONCRETO,Bueno,Bueno,2,NISSAN,ROJO,2,MINISTERIO PÚBLICO,29,MASCULINO,SIN DATOS,0,0,Morelia,Isaac Arriaga,julio,domingo,14,-101.175174415112,19.7070362504107
7939,7939,2017,"170881625",2017/07/30,15:10:00,COLISIÓN POR CAMBIO DE CARRIL,CONCRETO,Bueno,Bueno,2,ITALIKA,ROJO,3,MINISTERIO PÚBLICO,20,MASCULINO,SIN DATOS,1,0,Morelia,Chapultepec Norte,julio,domingo,15,-101.169606149197,19.6946778861239
7940,7940,2017,"170882305",2017/07/30,15:45:00,COLISIÓN POR ALCANCE,CONCRETO,Bueno,Bueno,2,FORD,NEGRO,2,,32,MASCULINO,SIN DATOS,0,0,Morelia,El Porvenir,julio,domingo,16,-101.201529800892,19.7133413251213
7941,7941,2017,"170882377",2017/07/30,16:35:00,COLISIÓN POR INVASIÓN DE CARRIL,CONCRETO,Bueno,Bueno,2,VOLKSWAGEN,BLANCO,2,,21,MASCULINO,SIN DATOS,0,0,Morelia,Camponubes,julio,domingo,17,-101.291027069092,19.6979809506645
7942,7942,2017,"170882437",2017/07/30,16:45:00,COLISIÓN POR CORTE DE CIRCULACIÓN,CONCRETO,Bueno,Regular,2,HONDA,BLANCO,2,,37,MASCULINO,SIN DATOS,0,0,Morelia,Independencia,julio,domingo,17,-101.175622344017,19.7099552506206
7943,7943,2017,"170882865",2017/07/30,18:10:00,COLISIÓN POR ALCANCE,ASFALTO,Bueno,Regular,2,DODGE,VERDE,2,,37,MASCULINO,SIN DATOS,0,0,Morelia,Sentimientos de La Nacion,julio,domingo,18,-101.235580444336,19.6816568853259
7944,7944,2017,"170882607",2017/07/30,18:39:00,COLISIÓN POR CAMBIO DE CARRIL,ASFALTO,Bueno,Bueno,1,CHEVROLET,BLANCO Y GRIS,1,,44,MASCULINO,SIN DATOS,0,0,Morelia,Centro,julio,domingo,19,-101.195309758186,19.6969304421174
7945,7945,2017,,2017/07/30,19:26:00,COLISIÓN CONTRA OBJETO FIJO,ASFALTO,Bueno,Bueno,1,SIN DATOS,GRIS,2,,18,MASCULINO,SIN DATOS,1,0,Coeneo,Centro,julio,domingo,19,-101.583806,19.820481
7946,7946,2017,"170883174",2017/07/30,20:00:00,VOLCADURA,ASFALTO,Bueno,Bueno,1,VOLKSWAGEN,BLANCO,0,,,,,0,0,Morelia,Mision del Valle,julio,domingo,20,-101.117901206017,19.7635937483221
7947,7947,2017,"170883376",2017/07/30,20:50:00,COLISIÓN CONTRA OBJETO FIJO,ASFALTO,Bueno,Bueno,1,CHEVROLET,GRIS,1,,28,MASCULINO,SIN DATOS,0,0,Tarímbaro,Sin datos,julio,domingo,21,-101.19015455246,19.7730441317482
7948,7948,2017,"170883577",2017/07/30,20:50:00,COLISIÓN POR ALCANCE,ASFALTO,Bueno,Bueno,2,FORD,BLANCO,2,,27,MASCULINO,SIN DATOS,0,0,Morelia,Balcones de Santa Maria,julio,domingo,21,-101.18631362915,19.675585443953
7949,7949,2017,"170883731",2017/07/30,21:30:00,COLISIÓN CONTRA OBJETO FIJO,CONCRETO,Bueno,Bueno,1,FORD,AMARILLO,1,,62,MASCULINO,SIN DATOS,0,0,Morelia,Villas de La Esperanza,julio,domingo,22,-101.275421977043,19.6927030856221
7950,7950,2017,"170883644",2017/07/30,21:45:00,COLISIÓN POR NO RESPETAR SEMÁFORO,CONCRETO,Bueno,Bueno,2,ITALIKA,AMARILLO,1,MINISTERIO PÚBLICO,,,,1,0,Morelia,Centro,julio,domingo,22,-101.189730763435,19.7047257583242
7951,7951,2017,"170883698",2017/07/30,22:05:00,VOLCADURA,ASFALTO,Bueno,Bueno,1,NISSAN,GRIS,1,,26,MASCULINO,ALIENTO ETÍLICO,0,0,Morelia,Sin datos,julio,domingo,22,-101.318879127502,19.687202809527
7952,7952,2017,"170883754",2017/07/30,22:10:00,COLISIÓN POR ALCANCE,ASFALTO,Bueno,Bueno,2,FORD,GRIS,2,,35,FEMENINO,SIN DATOS,0,0,Morelia,Libertad,julio,domingo,22,-101.236932277679,19.6848339455453
7953,7953,2017,LEG8406,2017/07/30,22:50:00,COLISIÓN POR CORTE DE CIRCULACIÓN,CONCRETO,Bueno,Bueno,2,VOLKSWAGEN,BLANCO,2,,36,FEMENINO,SIN DATOS,0,0,Morelia,Chapultepec Sur,julio,domingo,23,-101.169882416725,19.6899504458143
7954,7954,2017,"170884045",2017/07/31,"00:35:00",COLISIÓN CONTRA OBJETO FIJO,ASFALTO,Bueno,Bueno,1,MERCEDES BENZ,PLATA,1,,,,SIN DATOS,0,0,Tarímbaro,Infonavit Puerta del Sol,julio,lunes,1,-101.192214488983,19.7518001766465
7955,7955,2017,,2017/07/31,"01:00:00",SALIDA DE SUPERFICIE DE RODAMIENTO,ASFALTO,Bueno,Regular,1,VOLKSWAGEN,ROJO,1,,34,MASCULINO,SIN DATOS,0,0,Cuitzeo,Sin datos,julio,lunes,1,-101.201848983765,19.9635876425724
7956,7956,2017,,2017/07/31,"01:00:00",SALIDA DE SUPERFICIE DE RODAMIENTO,ASFALTO,Bueno,Regular,1,VOLKSWAGEN,ROJO,1,,34,MASCULINO,SIN DATOS,0,0,Sin datos,Sin datos,julio,lunes,1,-101.40157699585,20.0849538571201
7957,7957,2017,"17088671",2017/07/31,"01:10:00",COLISIÓN POR CORTE DE CIRCULACIÓN,CONCRETO,Bueno,Bueno,1,DODGE,CAFE,2,,20,MASCULINO,SIN DATOS,0,0,Morelia,Camponubes,julio,lunes,1,-101.2904047966,19.6977082231468
7958,7958,2017,"170884220",2017/07/31,"03:00:00",VOLCADURA,ASFALTO,Bueno,Regular,1,SEAT,AMARILLO,0,,,,,0,0,Morelia,Vasco de Quiroga,julio,lunes,3,-101.173723340034,19.7027435062779
7960,7960,2017,,2017/07/31,"09:30:00",COLISIÓN POR ALCANCE,ASFALTO,Nublado,Bueno,2,ACURA,AZUL,2,,,MASCULINO,SIN DATOS,0,0,Hidalgo,Sin datos,julio,lunes,10,-100.600690841675,19.6990011494804
7961,7961,2017,"170884677",2017/07/31,10:15:00,COLISIÓN POR ALCANCE,TERRACERIA,Bueno,Bueno,2,CARTESILLAS,AMARILLO,2,,53,MASCULINO,SIN DATOS,0,0,Tarímbaro,Sin datos,julio,lunes,10,-101.153762340546,19.7697325226848
7962,7962,2017,,2017/07/31,10:30:00,COLISIÓN POR INVASIÓN DE CARRIL,TERRACERIA,Bueno,Regular,2,NISSAN,GRIS,2,,18,MASCULINO,SIN DATOS,0,0,Pátzcuaro,Sin datos,julio,lunes,11,-101.61229133606,19.4953177977808
7963,7963,2017,"170884806",2017/07/31,10:40:00,COLISIÓN POR CAMBIO DE CARRIL,ASFALTO,Bueno,Bueno,2,CHEVROLET,GRIS,2,,47,,SIN DATOS,0,0,Morelia,Infonavit  Las  Camelinas,julio,lunes,11,-101.174265146256,19.6818690280353
7964,7964,2017,LEG8429,2017/07/31,11:50:00,COLISIÓN POR CORTE DE CIRCULACIÓN,CONCRETO,Bueno,Bueno,2,YAMAHA,ROJO,2,,29,FEMENINO,SIN DATOS,0,0,Morelia,Nueva Chapultepec,julio,lunes,12,-101.170869469643,19.6857683630278
7965,7965,2017,"170885083",2017/07/31,12:20:00,COLISIÓN POR ALCANCE,CONCRETO,Bueno,Bueno,3,TOYOTA,BLANCO,3,,37,MASCULINO,ALIENTO ETÍLICO,0,0,Morelia,Bosques de Oriente,julio,lunes,12,-101.156208515167,19.715171947023
7966,7966,2017,"170885511",2017/07/31,13:24:00,COLISIÓN POR ALCANCE,ASFALTO,Bueno,Bueno,2,NISSAN,BLANCO/VERDE,2,,41,MASCULINO,SIN DATOS,0,0,Morelia,San Pascual,julio,lunes,13,-101.267348527908,19.6953849698943
7967,7967,2017,"170885932",2017/07/31,14:30:00,COLISIÓN POR CORTE DE CIRCULACIÓN,ASFALTO,Bueno,Bueno,2,CHEVROLET,AZUL,2,,39,FEMENINO,SIN DATOS,0,0,Morelia,Centro,julio,lunes,15,-101.198480129242,19.7030970307353
7968,7968,2017,"170886072",2017/07/31,15:45:00,COLISIÓN POR ALCANCE,ASFALTO,Bueno,Bueno,2,NISSAN,BLANCO Y CAFE,2,,,MASCULINO,SIN DATOS,0,0,Morelia,Pascual Ortiz de Ayala,julio,lunes,16,-101.149438619614,19.6947586958558
7969,7969,2017,"170886025",2017/07/31,15:50:00,COLISIÓN POR CAMBIO DE CARRIL,ASFALTO,Bueno,Bueno,2,MERCEDES BENZ,BLANCO,2,,32,MASCULINO,SIN DATOS,0,0,Morelia,Felix Ireta,julio,lunes,16,-101.191806793213,19.6824650465249
7970,7970,2017,"170886467",2017/07/31,15:55:00,COLISIÓN POR INVASIÓN DE CARRIL,ASFALTO,Bueno,Bueno,2,NISSAN,BLANCO Y VERDE,2,,38,MASCULINO,SIN DATOS,0,0,Morelia,Residencial Alborada,julio,lunes,16,-101.234625577927,19.7024632113315
7971,7971,2017,"170886049",2017/07/31,16:00:00,COLISIÓN POR ALCANCE,ASFALTO,Bueno,Bueno,2,YAMAHA,BLANCO,2,,25,MASCULINO,SIN DATOS,0,0,Morelia,El Realito,julio,lunes,16,-101.20433807373,19.7257664173592
7972,7972,2017,"170885856",2017/07/31,16:30:00,COLISIÓN CONTRA OBJETO FIJO,CONCRETO,Bueno,Bueno,2,FORD,ROJO,2,,37,MASCULINO,SIN DATOS,0,0,Morelia,Escritor de La Independencia,julio,lunes,17,-101.230135560036,19.6701098369699
7973,7973,2017,"170886093",2017/07/31,17:00:00,COLISIÓN CON PEATÓN,CONCRETO,Bueno,Bueno,1,CHEVROLET,GRIS,2,,17,MASCULINO,SIN DATOS,1,0,Tarímbaro,Centro,julio,lunes,17,-101.175654530525,19.7939849315089
7974,7974,2017,"170882702",2017/07/31,18:20:00,COLISIÓN POR ALCANCE,ASFALTO,Bueno,Bueno,3,CHRYSLER,NEGRO,3,,30,FEMENINO,SIN DATOS,0,0,Morelia,Leandro Valle,julio,lunes,18,-101.23058617115,19.7158284408059
7975,7975,2017,"170886671",2017/07/31,18:25:00,COLISIÓN POR ALCANCE,ASFALTO,Bueno,Bueno,3,FORD,CAFE,3,MINISTERIO PÚBLICO,,,SIN DATOS,0,0,Morelia,Lomas de Huerta,julio,lunes,18,-101.212406158447,19.6734437158975
7976,7976,2017,"170887721",2017/07/31,20:10:00,COLISIÓN POR CORTE DE CIRCULACIÓN,CONCRETO,Bueno,Bueno,2,NISSAN,BLANCO/ROJO,2,,48,,SIN DATOS,0,0,Morelia,Centro,julio,lunes,20,-101.196921765804,19.7030591531523
7977,7977,2017,"170887235",2017/07/31,20:30:00,COLISIÓN POR CORTE DE CIRCULACIÓN,ASFALTO,Bueno,Bueno,2,VOLKSWAGEN,AZUL,2,,52,MASCULINO,SIN DATOS,0,0,Morelia,Felix Ireta,julio,lunes,21,-101.180428862572,19.6876270799729
7978,7978,2017,"170887245",2017/07/31,20:40:00,COLISIÓN POR ALCANCE,ASFALTO,Bueno,Bueno,3,PEUGEOT,BLANCO,3,MINISTERIO PÚBLICO,71,,SIN DATOS,0,0,Morelia,San Rafael,julio,lunes,21,-101.153848171234,19.6996905375722
7979,7979,2017,,2017/07/31,22:00:00,COLISIÓN CON PEATÓN,ASFALTO,Bueno,Bueno,1,FORD,BLANCO,1,,48,MASCULINO,SIN DATOS,0,0,Cuitzeo,Sin datos,julio,lunes,22,-101.122798919678,19.9557621573545
7980,7980,2017,,2017/08/01,"02:30:00",COLISIÓN POR ALCANCE,ASFALTO,Bueno,Bueno,2,ITALIKA,Amarillo/Negro,3,MINISTERIO PÚBLICO,18,MASCULINO,SIN DATOS,1,0,Apatzingán,Sin datos,agosto,martes,3,-102.323055267334,19.0558712049994
7981,7981,2017,,2017/08/01,"07:30:00",COLISIÓN POR INVASIÓN DE CARRIL,ASFALTO,Bueno,Bueno,2,HONDA,GRIS,0,,,,,0,0,Álvaro Obregón,Centro,agosto,martes,8,-101.041173934937,19.8290483547835