fid,id_accidente,anio_origen,folio_c5i,dia_incidente,hora_ocurrencia,tipo_incidente_vial,superficie_ocurrencia,condiciones_climaticas,condiciones_via,numero_vehiculos_involucrados,marca_vehiculo_ocasiona_siniestro,color_vehiculo_ocasiona_siniestro,numero_personas_involucradas,lugar_remite_presunto_responsable,edad_presunto_responsable,sexo_presunto_responsable,resultados_toxicologia,numero_personas_lesionadas,numero_personas_fallecidas,municipio,colonia,mes,dia_semana,hora_redondeada,lon,lat
7982,7982,2017,"170888425",2017/08/01,"07:45:00",COLISIÓN CONTRA OBJETO FIJO,ASFALTO,Bueno,Bueno,1,TOYOTA,BLANCO,1,,27,FEMENINO,SIN DATOS,0,0,Morelia,Barrio Alto,agosto,martes,8,-101.196227073669,19.7245747007459
7983,7983,2017,"170888491",2017/08/01,"08:20:00",COLISIÓN POR ALCANCE,ASFALTO,Bueno,Bueno,1,VOLKSWAGEN,BLANCO,1,,33,MASCULINO,SIN DATOS,0,0,Morelia,Bosques de Oriente,agosto,martes,8,-101.152646541595,19.7179898012903
7984,7984,2017,"170888980",2017/08/01,10:20:00,SUBIDA AL CAMELLÓN,ASFALTO,Bueno,Bueno,1,CHEVROLET,BLANCO,1,,30,MASCULINO,SIN DATOS,0,0,Morelia,Buenavista,agosto,martes,10,-101.162039637566,19.7058544946931
7985,7985,2017,,2017/08/01,11:20:00,COLISIÓN POR ALCANCE,ASFALTO,Bueno,Bueno,2,CHEVROLET,ROJO,2,,36,MASCULINO,SIN DATOS,0,0,Copándaro,Centro,agosto,martes,11,-101.208500862122,19.8879788497983
7986,7986,2017,"170889485",2017/08/01,12:50:00,COLISIÓN POR CORTE DE CIRCULACIÓN,ASFALTO,Bueno,Bueno,2,CHEVROLET,CAFE,2,,30,FEMENINO,SIN DATOS,0,0,Morelia,Vasco de Quiroga,agosto,martes,13,-101.174581646919,19.702799060173
7987,7987,2017,"170889399",2017/08/01,13:00:00,COLISIÓN CONTRA OBJETO FIJO,CONCRETO,Bueno,Bueno,1,VENTO,NEGRO,2,,,,,2,0,Morelia,Francisco J Mujica,agosto,martes,13,-101.190626621246,19.7225952196125
7988,7988,2017,"170869703",2017/08/01,13:05:00,COLISIÓN POR CORTE DE CIRCULACIÓN,ASFALTO,Bueno,Bueno,2,KENWORTH,BLANCO,1,,33,MASCULINO,SIN DATOS,0,0,Morelia,2 de Octubre,agosto,martes,13,-101.386406421661,19.667563919092
7989,7989,2017,"170889460",2017/08/01,13:25:00,COLISIÓN POR CORTE DE CIRCULACIÓN,ASFALTO,Bueno,Regular,2,KENWORTH,AZUL,2,,25,MASCULINO,SIN DATOS,0,0,Morelia,Centro,agosto,martes,13,-101.184044480324,19.7029960238272
7990,7990,2017,"170889950",2017/08/01,13:58:00,COLISIÓN POR ALCANCE,ASFALTO,Bueno,Regular,2,DODGE,GRIS,2,,51,MASCULINO,SIN DATOS,0,0,Morelia,Tierra Y Libertad,agosto,martes,14,-101.23055934906,19.7157274419378
7991,7991,2017,"170843754",2017/08/01,15:15:00,COLISIÓN POR INVASIÓN DE CARRIL,ASFALTO,Bueno,Bueno,1,ITALIKA,NEGRO,2,,21,MASCULINO,SIN DATOS,1,0,Morelia,Centro,agosto,martes,15,-101.198016831246,19.7039898482743
7992,7992,2017,"170890292",2017/08/01,15:27:00,COLISIÓN POR CORTE DE CIRCULACIÓN,ASFALTO,Bueno,Bueno,2,NISSAN,BLANCO,2,,47,MASCULINO,SIN DATOS,0,0,Morelia,Los Manantiales de Morelia,agosto,martes,15,-101.242940425873,19.700395073982
7993,7993,2017,"170890351",2017/08/01,16:00:00,COLISIÓN POR CORTE DE CIRCULACIÓN,ASFALTO,Bueno,Bueno,2,NISSAN,PLATA,2,,74,MASCULINO,SIN DATOS,0,0,Morelia,Centro,agosto,martes,16,-101.190578341484,19.6984405459856
7994,7994,2017,"170840174",2017/08/01,16:00:00,COLISIÓN POR CORTE DE CIRCULACIÓN,CONCRETO,Bueno,Bueno,2,MERCEDES BENZ,BLANCO,2,MINISTERIO PÚBLICO,60,MASCULINO,SIN DATOS,0,0,Morelia,El Durazno,agosto,martes,16,-101.180037260056,19.6551216793588
7995,7995,2017,,2017/08/01,17:05:00,COLISIÓN POR INVASIÓN DE CARRIL,ASFALTO,Bueno,Bueno,3,GRAND PRIX,BLANCO,1,,,FEMENINO,SIN DATOS,0,0,Queréndaro,Francisco J Mujica,agosto,martes,17,-100.903029441834,19.8038549501368
7996,7996,2017,"17089925",2017/08/01,17:50:00,COLISIÓN POR CORTE DE CIRCULACIÓN,ASFALTO,Bueno,Bueno,2,JEEP,NEGRO,2,,30,FEMENINO,SIN DATOS,0,0,Morelia,Alberto Oviedo Mota,agosto,martes,18,-101.202170848846,19.6774897394318
7997,7997,2017,"17088352",2017/08/01,18:00:00,COLISIÓN POR ALCANCE,CONCRETO,Bueno,Regular,2,DODGE,BLANCO,2,,33,MASCULINO,SIN DATOS,0,0,Morelia,Las Flores,agosto,martes,18,-101.20488256216,19.7076422755973
7998,7998,2017,"170891307",2017/08/01,20:00:00,COLISIÓN POR CORTE DE CIRCULACIÓN,CONCRETO,Bueno,Bueno,2,VOLKSWAGEN,GRIS,2,,18,MASCULINO,CON CERTIFICADO,0,0,Morelia,Nueva Chapultepec,agosto,martes,20,-101.169919967651,19.6897484153403
7999,7999,2017,,2017/08/01,21:50:00,VOLCADURA,ASFALTO,Nublado,Bueno,1,JEEP,VERDE,1,,25,MASCULINO,SIN DATOS,0,0,Gabriel Zamora,Sin datos,agosto,martes,22,-102.061185836792,19.2626162228024
8000,8000,2017,"170892136",2017/08/01,22:50:00,COLISIÓN CON PEATÓN,ASFALTO,Bueno,Regular,1,SIN DATOS,BLANCO,2,,,,SIN DATOS,1,0,Morelia,Tenencia Morelos,agosto,martes,23,-101.246974468231,19.6499232348748
8001,8001,2017,"17089275",2017/08/02,"00:15:00",COLISIÓN POR CORTE DE CIRCULACIÓN,ASFALTO,Bueno,Bueno,2,VOLKSWAGEN,MORRON,2,,74,MASCULINO,CON CERTIFICADO,0,0,Morelia,Centro,agosto,miércoles,0,-101.20167195797,19.7028950168553
8002,8002,2017,,2017/08/02,"00:25:00",COLISIÓN POR INVASIÓN DE CARRIL,CONCRETO,Bueno,Regular,3,FORD,GRIS,3,,,,SIN DATOS,0,0,Morelia,Tierra Y Libertad,agosto,miércoles,0,-101.224846243858,19.7159849889254
8003,8003,2017,"170892659",2017/08/02,"08:30:00",COLISIÓN POR CAMBIO DE CARRIL,ASFALTO,Bueno,Bueno,3,INTERNATIONAL,AMARILLO,3,MINISTERIO PÚBLICO,25,MASCULINO,SIN DATOS,0,0,Morelia,Centro,agosto,miércoles,9,-101.177912950516,19.7048949430301
8004,8004,2017,"170892813",2017/08/02,"09:00:00",COLISIÓN POR CORTE DE CIRCULACIÓN,ASFALTO,Bueno,Bueno,2,TOYOTA,BLANCO,2,,27,MASCULINO,SIN DATOS,0,0,Morelia,Cosmos,agosto,miércoles,9,-101.216799616814,19.6827883098628
8005,8005,2017,,2017/08/02,"09:09:00",COLISIÓN POR ALCANCE,ASFALTO,Bueno,Bueno,2,FORD,ROJO,2,,23,MASCULINO,SIN DATOS,0,0,Morelia,Los Manantiales de Morelia,agosto,miércoles,9,-101.241728067398,19.6958900278179
8006,8006,2017,"170893048",2017/08/02,10:20:00,COLISIÓN POR NO RESPETAR SEMÁFORO,ASFALTO,Bueno,Bueno,2,MITSUBISHI,GRIS,2,MINISTERIO PÚBLICO,80,MASCULINO,SIN DATOS,0,0,Morelia,Cinco de Diciembre,agosto,miércoles,10,-101.160838007927,19.6879705361772
8007,8007,2017,"170893284",2017/08/02,11:40:00,COLISIÓN POR CORTE DE CIRCULACIÓN,CONCRETO,Bueno,Bueno,2,GENERAL MOTORS,AMARILLO,2,MINISTERIO PÚBLICO,27,MASCULINO,SIN DATOS,0,0,Morelia,La Aldea,agosto,miércoles,12,-101.135327517986,19.7444792420166
8008,8008,2017,"170893303",2017/08/02,11:45:00,COLISIÓN POR CAMBIO DE CARRIL,ASFALTO,Bueno,Bueno,2,MARCO POLO,BLANCO,2,,29,MASCULINO,SIN DATOS,0,0,Morelia,Centro,agosto,miércoles,12,-101.191173791885,19.6959758875064
8009,8009,2017,,2017/08/02,13:40:00,COLISIÓN POR ALCANCE,ASFALTO,Bueno,Bueno,2,NISSAN,Blanco/Rojo,2,,61,MASCULINO,SIN DATOS,0,0,Apatzingán,Morelos,agosto,miércoles,14,-102.364189624786,19.0875889146234
8010,8010,2017,"170894219",2017/08/02,15:40:00,COLISIÓN CONTRA OBJETO FIJO,ASFALTO,Bueno,Bueno,1,JCB,AMARILLO,1,,34,MASCULINO,SIN DATOS,0,0,Morelia,Valle Verde,agosto,miércoles,16,-101.204820871353,19.6679983444482
8011,8011,2017,"170894341",2017/08/02,15:50:00,COLISIÓN POR CORTE DE CIRCULACIÓN,CONCRETO,Bueno,Bueno,2,SIN DATOS,ROJO,2,,23,,SIN DATOS,0,0,Morelia,Vista Bella,agosto,miércoles,16,-101.196811795235,19.6769290606205
8012,8012,2017,"170894612",2017/08/02,16:20:00,COLISIÓN POR CORTE DE CIRCULACIÓN,ASFALTO,Bueno,Bueno,2,NISSAN,CAFE,2,,27,MASCULINO,SIN DATOS,0,0,Morelia,Sentimientos de La Nacion,agosto,miércoles,16,-101.235312223434,19.6811921907902
8013,8013,2017,"170894545",2017/08/02,16:32:00,COLISIÓN POR ALCANCE,ASFALTO,Bueno,Bueno,2,DODGE,AZUL,2,,39,MASCULINO,SIN DATOS,0,0,Morelia,Arcos del Valle,agosto,miércoles,17,-101.236283183098,19.7076776269957
8014,8014,2017,"170894693",2017/08/02,17:10:00,COLISIÓN CONTRA OBJETO FIJO,ASFALTO,Bueno,Bueno,2,FREIGHTLINER,BLANCO,2,,,MASCULINO,SIN DATOS,0,0,Morelia,El Realito,agosto,miércoles,17,-101.20433807373,19.7258169136295
8015,8015,2017,"170895058",2017/08/02,19:00:00,COLISIÓN POR INVASIÓN DE CARRIL,ASFALTO,Bueno,Bueno,2,VOLKSWAGEN,BLANCO,2,,51,MASCULINO,SIN DATOS,0,0,Morelia,Lomas del Tecnologico,agosto,miércoles,19,-101.194489002228,19.7231809869919
8016,8016,2017,"170895266",2017/08/02,19:45:00,COLISIÓN POR CORTE DE CIRCULACIÓN,ASFALTO,Bueno,Bueno,2,MERCURY,NEGRO,2,,65,MASCULINO,CON CERTIFICADO,0,0,Morelia,Centro,agosto,miércoles,20,-101.189516186714,19.6983950915621
8017,8017,2017,"170895500",2017/08/02,20:00:00,COLISIÓN POR CAMBIO DE CARRIL,ASFALTO,Bueno,Bueno,2,VOLKSWAGEN,ROJO,2,,60,FEMENINO,SIN DATOS,0,0,Morelia,Indeco El Vivero,agosto,miércoles,20,-101.231878995895,19.6776968365146
8018,8018,2017,,2017/08/02,20:40:00,COLISIÓN POR CORTE DE CIRCULACIÓN,ASFALTO,Bueno,Bueno,2,FORD,VERDE,0,MINISTERIO PÚBLICO,,,,0,0,Hidalgo,Corros,agosto,miércoles,21,-100.554857254028,19.7074453176636
8020,8020,2017,"170895736",2017/08/02,22:30:00,COLISIÓN CON PEATÓN,ASFALTO,Bueno,Bueno,1,VOLKSWAGEN,BLANCO,2,MINISTERIO PÚBLICO,60,MASCULINO,SIN DATOS,1,0,Morelia,Sin datos,agosto,miércoles,23,-101.31123483181,19.7054833003903
8021,8021,2017,"170896269",2017/08/03,"01:00:00",COLISIÓN CONTRA OBJETO FIJO,CONCRETO,Bueno,Bueno,1,NISSAN,BLANCO,1,,59,MASCULINO,SIN DATOS,0,0,Morelia,Los Manantiales de Morelia,agosto,jueves,1,-101.242167949677,19.6973445857334
8022,8022,2017,"170896478",2017/08/03,"05:40:00",SUBIDA AL CAMELLÓN,ASFALTO,Bueno,Bueno,1,FORD,BLANCO,1,,,,SIN DATOS,0,0,Morelia,Paseo de La Castellana,agosto,jueves,6,-101.223682165146,19.6679932929973
8023,8023,2017,"170896589",2017/08/03,"08:10:00",COLISIÓN POR ALCANCE,ASFALTO,Bueno,Bueno,3,NISSAN,ROJO,3,,52,MASCULINO,SIN DATOS,0,0,Morelia,La Quemada,agosto,jueves,8,-101.239002943039,19.701384955023
8024,8024,2017,"170896805",2017/08/03,"09:00:00",COLISIÓN POR ALCANCE,ASFALTO,Bueno,Bueno,2,FORD,NEGRO,2,,33,FEMENINO,SIN DATOS,0,0,Morelia,Francisco J Mujica,agosto,jueves,9,-101.188287734985,19.7215852708133
8025,8025,2017,"170896862",2017/08/03,"09:55:00",COLISIÓN CONTRA OBJETO FIJO,CONCRETO,Bueno,Bueno,1,NISSAN,GRIS,1,,37,MASCULINO,SIN DATOS,0,0,Morelia,Las Cruces,agosto,jueves,10,-101.267379373312,19.6972486257227
8026,8026,2017,"170897005",2017/08/03,10:20:00,COLISIÓN POR CAMBIO DE CARRIL,ASFALTO,Bueno,Bueno,2,TOYOTA,GRIS,2,,48,MASCULINO,SIN DATOS,0,0,Morelia,Nueva Valladolid,agosto,jueves,10,-101.207304596901,19.7022687722063
8027,8027,2017,"170891034",2017/08/03,10:50:00,COLISIÓN POR ALCANCE,CONCRETO,Bueno,Bueno,2,NISSAN,BLANCO,2,,40,MASCULINO,SIN DATOS,0,0,Morelia,Fovissste La Huerta,agosto,jueves,11,-101.21212720871,19.692344487521
8028,8028,2017,"170897106",2017/08/03,11:20:00,COLISIÓN POR INVASIÓN DE CARRIL,ASFALTO,Bueno,Bueno,2,NISSAN,BLANCO,2,,33,MASCULINO,SIN DATOS,0,0,Morelia,Felix Ireta,agosto,jueves,11,-101.188395023346,19.6822579556062
8029,8029,2017,"170897174",2017/08/03,11:30:00,COLISIÓN POR CAMBIO DE CARRIL,ASFALTO,Bueno,Bueno,3,SIN DATOS,SIN DATOS,1,MINISTERIO PÚBLICO,,,,0,1,Morelia,La Soledad,agosto,jueves,12,-101.183446347713,19.7280816549491
8030,8030,2017,"170896162",2017/08/03,11:30:00,COLISIÓN CONTRA OBJETO FIJO,CONCRETO,Bueno,Bueno,1,GMC,AZUL,1,,,,SIN DATOS,0,0,Morelia,San Jose Itzicuaro,agosto,jueves,12,-101.304212808609,19.6878594180741
8031,8031,2017,"170897547",2017/08/03,13:00:00,COLISIÓN POR INVASIÓN DE CARRIL,ASFALTO,Bueno,Regular,2,DODGE,BLANCO Y ROSA,2,,47,MASCULINO,SIN DATOS,0,0,Morelia,Ventura Puente,agosto,jueves,13,-101.179795861244,19.6908191739474
8032,8032,2017,"170897780",2017/08/03,13:20:00,COLISIÓN POR ALCANCE,CONCRETO,Bueno,Bueno,2,MITSUBISHI,PLATA,2,,27,FEMENINO,SIN DATOS,0,0,Morelia,Matamoros,agosto,jueves,13,-101.164239048958,19.6960112414824
8033,8033,2017,"170891869",2017/08/03,14:00:00,COLISIÓN POR ALCANCE,ASFALTO,Bueno,Regular,2,FORD,GRIS Y AZUL,2,,42,MASCULINO,SIN DATOS,0,0,Morelia,Nicolas Bravo(Los Ejidos),agosto,jueves,14,-101.213838458061,19.7024101825026
8034,8034,2017,"170897922",2017/08/03,14:20:00,COLISIÓN POR ALCANCE,ASFALTO,Bueno,Bueno,2,MERCEDES BENZ,BLANCO,2,,42,MASCULINO,SIN DATOS,0,0,Morelia,Felix Ireta,agosto,jueves,14,-101.185766458511,19.6812932114561
8035,8035,2017,"170898405",2017/08/03,16:05:00,COLISIÓN POR ALCANCE,ADOQUIN_EMPEDRADO,Bueno,Bueno,2,CHEVROLET,GRIS,2,,43,MASCULINO,SIN DATOS,0,0,Morelia,Ejidal Ocolusen,agosto,jueves,16,-101.15894973278,19.6878038589936
8036,8036,2017,"170898645",2017/08/03,16:45:00,COLISIÓN POR CORTE DE CIRCULACIÓN,ASFALTO,Bueno,Regular,2,NISSAN,BLANCO,2,,36,MASCULINO,SIN DATOS,0,0,Morelia,Agustin Arriaga Rivera,agosto,jueves,17,-101.224540472031,19.691102014648
8037,8037,2017,"170898741",2017/08/03,16:55:00,COLISIÓN POR ALCANCE,ASFALTO,Bueno,Bueno,2,FORD,BLANCO,2,,87,MASCULINO,SIN DATOS,0,0,Morelia,Jardines de Torremolinos,agosto,jueves,17,-101.229239702225,19.6769795723055
8038,8038,2017,"170898643",2017/08/03,17:30:00,COLISIÓN POR CORTE DE CIRCULACIÓN,SIN_DATOS,Bueno,Bueno,2,VOLKSWAGEN,BLANCO,1,,30,FEMENINO,SIN DATOS,0,0,Morelia,La Hacienda,agosto,jueves,18,-101.31578117609,19.6781665923199
8039,8039,2017,"170899178",2017/08/03,19:20:00,COLISIÓN CONTRA OBJETO FIJO,ASFALTO,Bueno,Bueno,1,CHEVROLET,BLANCO Y ROSA,0,MINISTERIO PÚBLICO,,,,0,0,Tarímbaro,Club Erandeni,agosto,jueves,19,-101.18555188179,19.7597669914352
8040,8040,2017,"170899437",2017/08/03,20:00:00,COLISIÓN POR ALCANCE,ASFALTO,Bueno,Bueno,2,NISSAN,BLANCO,2,,26,MASCULINO,SIN DATOS,0,0,Morelia,Ciudad Industrial,agosto,jueves,20,-101.14307641983,19.7252008580406
8041,8041,2017,"170899715",2017/08/03,21:25:00,COLISIÓN POR ALCANCE,CONCRETO,Bueno,Bueno,2,KEEWAY,AZUL,1,MINISTERIO PÚBLICO,,,,1,0,Morelia,Cinco de Diciembre,agosto,jueves,21,-101.165724992752,19.6844450242295
8042,8042,2017,"170899667",2017/08/03,21:45:00,COLISIÓN POR CAMBIO DE CARRIL,ASFALTO,Bueno,Bueno,2,VOLKSWAGEN,AMARILLO,1,,22,MASCULINO,CON CERTIFICADO,0,0,Morelia,La Loma,agosto,jueves,22,-101.181442737579,19.6807072907069
8043,8043,2017,,2017/08/03,23:30:00,SALIDA DE SUPERFICIE DE RODAMIENTO,ASFALTO,Bueno,Bueno,1,NISSAN,BCO./ROJO,0,MINISTERIO PÚBLICO,,,,0,0,Múgica,Sin datos,agosto,jueves,0,-102.086505889893,19.0693377771784
8044,8044,2017,,2017/08/03,23:30:00,SALIDA DE SUPERFICIE DE RODAMIENTO,ASFALTO,Bueno,Bueno,1,HONDA,AZUL,0,,,,,0,0,Gabriel Zamora,Sin datos,agosto,jueves,0,-102.073931694031,19.2730681890957
8046,8046,2017,"170900122",2017/08/04,"01:48:00",COLISIÓN POR CAMBIO DE CARRIL,ASFALTO,Nublado,Bueno,2,VOLKSWAGEN,CAFE,2,,21,MASCULINO,CON CERTIFICADO,0,0,Morelia,Villas Lomas del Paraiso,agosto,viernes,2,-101.179554462433,19.6751308342589
8047,8047,2017,"170900334",2017/08/04,"07:10:00",COLISIÓN CONTRA OBJETO FIJO,CONCRETO,Bueno,Bueno,1,AUDI,GRIS,1,,39,MASCULINO,SIN DATOS,0,0,Morelia,Los Mirasoles,agosto,viernes,7,-101.201041638851,19.6653867231191
8049,8049,2017,"170901874",2017/08/04,15:00:00,COLISIÓN POR ALCANCE,ASFALTO,Bueno,Bueno,2,DODGE,AZUL,2,,41,MASCULINO,SIN DATOS,0,0,Morelia,Eduardo Ruiz,agosto,viernes,15,-101.223440766335,19.7227568108282
8050,8050,2017,"170901853",2017/08/04,15:10:00,COLISIÓN CONTRA OBJETO FIJO,ASFALTO,Bueno,Bueno,1,FORD,VERDE,1,,57,MASCULINO,SIN DATOS,0,0,Morelia,Lomas del Valle,agosto,viernes,15,-101.232533454895,19.6869502670612
8051,8051,2017,"170903201",2017/08/04,15:30:00,COLISIÓN POR ALCANCE,ASFALTO,Bueno,Bueno,2,HONDA,NEGRO,1,MINISTERIO PÚBLICO,,,SIN DATOS,0,0,Morelia,El Lago 1,agosto,viernes,16,-101.217856407166,19.7274226867058
8052,8052,2017,"170901850",2017/08/04,15:40:00,COLISIÓN POR CORTE DE CIRCULACIÓN,ASFALTO,Bueno,Bueno,2,HONDA,BLANCO,2,,24,MASCULINO,SIN DATOS,0,0,Morelia,Felix Ireta,agosto,viernes,16,-101.181625127792,19.6815053546472
8053,8053,2017,"170902085",2017/08/04,16:00:00,COLISIÓN POR CAMBIO DE CARRIL,ASFALTO,Bueno,Bueno,2,CHEVROLET,BLANCO,2,,,MASCULINO,SIN DATOS,0,0,Morelia,Tres Puentes,agosto,viernes,16,-101.214509010315,19.7031222824524
8054,8054,2017,"17902582",2017/08/04,16:50:00,COLISIÓN POR ALCANCE,ASFALTO,Bueno,Bueno,2,TOYOTA,GRIS,2,,,,SIN DATOS,0,0,Morelia,San Rafael,agosto,viernes,17,-101.154690384865,19.7005314355095
8055,8055,2017,"170902456",2017/08/04,16:50:00,COLISIÓN POR CAMBIO DE CARRIL,ASFALTO,Bueno,Bueno,2,INTERNATIONAL,BLANCO,2,,48,MASCULINO,SIN DATOS,0,0,Morelia,Canteras de Morelia,agosto,viernes,17,-101.171647310257,19.7148386491477
8056,8056,2017,"170903028",2017/08/04,18:25:00,COLISIÓN POR CORTE DE CIRCULACIÓN,CONCRETO,Bueno,Bueno,1,VOLKSWAGEN,BLANCO,0,,,,,0,0,Morelia,Villas del Pedregal,agosto,viernes,18,-101.307029128075,19.6730042540072
8058,8058,2017,"170903764",2017/08/04,22:30:00,SALIDA DE SUPERFICIE DE RODAMIENTO,ASFALTO,Bueno,Bueno,1,VOLKSWAGEN,ROJO,1,,,MASCULINO,SIN DATOS,0,0,Morelia,Tenencia Morelos,agosto,viernes,23,-101.247189044952,19.6494382402108
8059,8059,2017,"170904007",2017/08/04,23:35:00,COLISIÓN POR INVASIÓN DE CARRIL,ADOQUIN_EMPEDRADO,Lluvioso,Bueno,2,CHRYSLER,BLANCO,2,,29,MASCULINO,SIN DATOS,0,0,Morelia,Centro,agosto,viernes,0,-101.193351745605,19.7030414769438
8060,8060,2017,"170904056",2017/08/05,"00:30:00",COLISIÓN POR ALCANCE,ASFALTO,Lluvioso,Regular,2,CHEVROLET,ARENA,2,,,,SIN DATOS,0,0,Morelia,Ciudad Industrial,agosto,sábado,1,-101.141528785229,19.7260037496912
8061,8061,2017,,2017/08/05,"00:40:00",COLISIÓN POR ALCANCE,ASFALTO,Bueno,Bueno,2,NISSAN,ROJO,2,MINISTERIO PÚBLICO,38,FEMENINO,SIN DATOS,0,0,Lázaro Cárdenas,1Er Sect de Fidelac,agosto,sábado,1,-102.191455364227,17.9615011811252
8062,8062,2017,"170984182",2017/08/05,"02:00:00",SUBIDA AL CAMELLÓN,ASFALTO,Lluvioso,Bueno,1,VOLKSWAGEN,AZUL,1,,22,,CON CERTIFICADO,0,0,Morelia,Lomas de Las Americas Sur,agosto,sábado,2,-101.147003173828,19.6943546467886
8063,8063,2017,"170904314",2017/08/05,"03:50:00",COLISIÓN POR ALCANCE,ASFALTO,Bueno,Bueno,2,MAZDA,ALUMINIO,2,MINISTERIO PÚBLICO,0,,SIN DATOS,0,0,Morelia,Fidel Velazquez,agosto,sábado,4,-101.23638510704,19.7020718076568
8064,8064,2017,"170904527",2017/08/05,"04:00:00",VOLCADURA,CONCRETO,Bueno,Bueno,1,KENWORTH,BLANCO,1,MINISTERIO PÚBLICO,62,MASCULINO,SIN DATOS,0,0,Morelia,Barrio Alto,agosto,sábado,4,-101.193577051163,19.7239384416269
8065,8065,2017,"170904344",2017/08/05,"04:00:00",COLISIÓN POR ALCANCE,ASFALTO,Lluvioso,Bueno,2,CHEVROLET,GRIS,2,,36,MASCULINO,CON CERTIFICADO,0,0,Morelia,San Jose Itzicuaro,agosto,sábado,4,-101.299932003021,19.6875058599602
8066,8066,2017,"170904372",2017/08/05,"04:20:00",COLISIÓN CONTRA OBJETO FIJO,SIN_DATOS,Bueno,Bueno,1,DODGE,BLANCO,1,,24,MASCULINO,SIN DATOS,0,0,Morelia,Tzindurio de Morelos,agosto,sábado,4,-101.243879199028,19.7001122497027
8067,8067,2017,,2017/08/05,"08:30:00",SALIDA DE SUPERFICIE DE RODAMIENTO,ASFALTO,Bueno,Bueno,1,HONDA,AZUL,0,,,,,0,0,Gabriel Zamora,Sin datos,agosto,sábado,9,-102.056465148926,19.1129749288272
8069,8069,2017,"170905027",2017/08/05,10:50:00,COLISIÓN POR CAMBIO DE CARRIL,ASFALTO,Bueno,Bueno,2,RENAULT,GUINDA,2,,48,MASCULINO,SIN DATOS,0,0,Morelia,Valle de Altozano,agosto,sábado,11,-101.164244413376,19.6651796101291
8070,8070,2017,"170905065",2017/08/05,10:50:00,COLISIÓN POR CORTE DE CIRCULACIÓN,ASFALTO,Bueno,Bueno,2,VOLKSWAGEN,ROJO,2,,32,MASCULINO,SIN DATOS,0,0,Morelia,Chapultepec Oriente,agosto,sábado,11,-101.164373159409,19.6887887671076
8072,8072,2017,"170905528",2017/08/05,12:45:00,COLISIÓN POR CORTE DE CIRCULACIÓN,CONCRETO,Bueno,Bueno,2,SIN DATOS,SIN DATOS,2,,25,MASCULINO,SIN DATOS,0,0,Morelia,Tres Puentes,agosto,sábado,13,-101.213320791721,19.709546189787
8073,8073,2017,"170905834",2017/08/05,13:30:00,COLISIÓN CON PEATÓN,ASFALTO,Bueno,Regular,2,MERCEDES BENZ,BLANCO/AZUL,2,,,,SIN DATOS,0,0,Morelia,Villa Universidad,agosto,sábado,14,-101.195524334908,19.6881170099226
8074,8074,2017,"170906211",2017/08/05,14:20:00,COLISIÓN POR CAMBIO DE CARRIL,CONCRETO,Bueno,Bueno,2,CHRYSLER,VERDE,2,,43,MASCULINO,SIN DATOS,0,0,Morelia,Josefa Ortiz de Dominguez,agosto,sábado,14,-101.214745044708,19.6742544441533
8075,8075,2017,"170906004",2017/08/05,14:45:00,COLISIÓN POR CORTE DE CIRCULACIÓN,ASFALTO,Bueno,Bueno,2,NISSAN,ARENA,2,,23,MASCULINO,SIN DATOS,0,0,Morelia,Felix Ireta,agosto,sábado,15,-101.180273294449,19.6880159935608
8076,8076,2017,"170906615",2017/08/05,15:00:00,COLISIÓN POR ALCANCE,CONCRETO,Bueno,Bueno,2,YAMAHA,BLANCO Y NEGRO,2,,23,MASCULINO,SIN DATOS,0,0,Morelia,Morelia 450,agosto,sábado,15,-101.217094659805,19.6755399830416
8077,8077,2017,"170906508",2017/08/05,15:15:00,COLISIÓN CON PEATÓN,ASFALTO,Bueno,Bueno,1,HONDA,BLANCO,1,,22,MASCULINO,SIN DATOS,0,0,Morelia,La Quemada,agosto,sábado,15,-101.240140199661,19.7010819308649
8078,8078,2017,"170906543",2017/08/05,15:30:00,COLISIÓN POR CORTE DE CIRCULACIÓN,ADOQUIN_EMPEDRADO,Bueno,Bueno,2,SIN DATOS,SIN DATO,2,,,,SIN DATOS,0,0,Morelia,Francisco J Mujica,agosto,sábado,16,-101.18631362915,19.7235344662684
8079,8079,2017,"170906844",2017/08/05,16:50:00,VOLCADURA,ASFALTO,Bueno,Bueno,1,FORD,AMARILLO,1,,,,,1,0,Morelia,Barrio Alto,agosto,sábado,17,-101.19486451149,19.7243222172717
8080,8080,2017,,2017/08/05,17:20:00,COLISIÓN POR ALCANCE,ASFALTO,Lluvioso,Bueno,2,CHEVROLET,BLANCO,4,MINISTERIO PÚBLICO,52,MASCULINO,SIN DATOS,1,0,Quiroga,Sin datos,agosto,sábado,17,-101.58789396286,19.6892231349149
8081,8081,2017,"170907470",2017/08/05,19:20:00,COLISIÓN POR INVASIÓN DE CARRIL,ASFALTO,Bueno,Bueno,2,BMW,ROJO,5,MINISTERIO PÚBLICO,32,MASCULINO,SIN DATOS,3,0,Morelia,La Loma,agosto,sábado,19,-101.186077594757,19.681097483858