fid,id_accidente,anio_origen,folio_c5i,dia_incidente,hora_ocurrencia,tipo_incidente_vial,superficie_ocurrencia,condiciones_climaticas,condiciones_via,numero_vehiculos_involucrados,marca_vehiculo_ocasiona_siniestro,color_vehiculo_ocasiona_siniestro,numero_personas_involucradas,lugar_remite_presunto_responsable,edad_presunto_responsable,sexo_presunto_responsable,resultados_toxicologia,numero_personas_lesionadas,numero_personas_fallecidas,municipio,colonia,mes,dia_semana,hora_redondeada,lon,lat
8082,8082,2017,"170907988",2017/08/05,21:20:00,COLISIÓN POR CORTE DE CIRCULACIÓN,ASFALTO,Bueno,Bueno,2,NISSAN,BLANCO,2,MINISTERIO PÚBLICO,35,MASCULINO,CON CERTIFICADO,0,0,Morelia,Rafael Carrillo,agosto,sábado,21,-101.236320734024,19.7077584301626
8083,8083,2017,LEG8523,2017/08/05,21:45:00,COLISIÓN POR ALCANCE,ASFALTO,Lluvioso,Malo,2,SEAT,PLATA,2,,52,FEMENINO,SIN DATOS,0,0,Morelia,Sin datos,agosto,sábado,22,-101.325681209564,19.6858895843558
8084,8084,2017,"170908085",2017/08/05,22:00:00,COLISIÓN POR CORTE DE CIRCULACIÓN,CONCRETO,Bueno,Bueno,2,TOYOTA,NEGRO,2,,25,,SIN DATOS,0,0,Morelia,Felicitas del Rio,agosto,sábado,22,-101.200438141823,19.6902686432938
8085,8085,2017,,2017/08/05,22:00:00,COLISIÓN POR CAMBIO DE CARRIL,ASFALTO,Bueno,Bueno,2,GMC,BLANCO,2,,55,MASCULINO,SIN DATOS,0,0,Gabriel Zamora,Sin datos,agosto,sábado,22,-102.066019,19.264066
8086,8086,2017,"170908086",2017/08/05,22:20:00,COLISIÓN POR CORTE DE CIRCULACIÓN,CONCRETO,Lluvioso,Regular,2,DINAMO,AZUL,0,MINISTERIO PÚBLICO,,,,0,0,Morelia,Ferrocarrilero,agosto,sábado,22,-101.218671798706,19.696347103865
8087,8087,2017,,2017/08/06,"00:00:00",COLISIÓN CONTRA OBJETO FIJO,ASFALTO,Bueno,Bueno,1,HONDA,ARENA,0,MINISTERIO PÚBLICO,,,,0,0,Lázaro Cárdenas,Nuevo Infonavit(11 de Julio),agosto,domingo,0,-102.218953371048,17.9676501619497
8088,8088,2017,"170908731",2017/08/06,"00:00:00",VOLCADURA,ASFALTO,Bueno,Bueno,1,SEAT,NEGRO,1,MINISTERIO PÚBLICO,,,,1,0,Morelia,Ampliacion La Soledad,agosto,domingo,0,-101.179811954498,19.7382082158595
8089,8089,2017,,2017/08/06,"00:25:00",SALIDA DE SUPERFICIE DE RODAMIENTO,ASFALTO,Bueno,Bueno,1,CHEVROLET,GRIS,0,,,,,0,0,Zinapécuaro,Centro,agosto,domingo,0,-100.826876,19.857982
8090,8090,2017,"170895671",2017/08/06,"01:00:00",COLISIÓN CONTRA OBJETO FIJO,ASFALTO,Bueno,Bueno,1,DODGE,NEGRO,1,,28,MASCULINO,SIN DATOS,0,0,Morelia,Leandro Valle,agosto,domingo,1,-101.229228973389,19.7179494022969
8091,8091,2017,"170905370",2017/08/06,"01:35:00",COLISIÓN CONTRA OBJETO FIJO,ASFALTO,Nublado,Bueno,1,CHEVROLET,ROJO,1,,29,MASCULINO,SIN DATOS,0,0,Morelia,Sin datos,agosto,domingo,2,-101.354885101318,19.6784444042447
8092,8092,2017,,2017/08/06,"03:50:00",COLISIÓN CONTRA OBJETO FIJO,ASFALTO,Bueno,Bueno,1,VOLKSWAGEN,NEGRO,0,,,,,0,0,Morelia,Tierra Y Libertad,agosto,domingo,4,-101.228349208832,19.7189795734396
8093,8093,2017,"170908641",2017/08/06,"03:50:00",COLISIÓN POR ALCANCE,ASFALTO,Bueno,Bueno,3,NISSAN,ROJO,3,,33,MASCULINO,CON CERTIFICADO,0,0,Morelia,Nueva Chapultepec,agosto,domingo,4,-101.172151565552,19.6902635925451
8094,8094,2017,"170908648",2017/08/06,"04:00:00",COLISIÓN POR CORTE DE CIRCULACIÓN,ASFALTO,Bueno,Bueno,2,FORD,BLANCO,2,,26,FEMENINO,SIN DATOS,0,0,Morelia,Real Santa Rita,agosto,domingo,4,-101.220570802689,19.6746105571375
8095,8095,2017,LEG8551,2017/08/06,"04:50:00",SUBIDA AL CAMELLÓN,ASFALTO,Nublado,Regular,1,CHEVROLET,VERDE,0,,,,,0,0,Morelia,Libertad,agosto,domingo,5,-101.236937642097,19.6848187927844
8096,8096,2017,"170908058",2017/08/06,"05:00:00",COLISIÓN CONTRA OBJETO FIJO,TERRACERIA,Bueno,Bueno,1,NISSAN,GRIS,0,,,,,0,0,Morelia,Los Manantiales de Morelia,agosto,domingo,5,-101.240274310112,19.6927788456815
8097,8097,2017,"170908791",2017/08/06,"06:00:00",COLISIÓN POR ALCANCE,SIN_DATOS,Bueno,Regular,2,SIN DATOS,SIN DATOS,1,,26,MASCULINO,SIN DATOS,0,0,Morelia,Campestre Los Manantiales,agosto,domingo,6,-101.238445043564,19.6883847029732
8098,8098,2017,"170908930",2017/08/06,"07:40:00",COLISIÓN CONTRA OBJETO FIJO,ASFALTO,Bueno,Bueno,1,CHEVROLET,BLANCO,1,,23,MASCULINO,SIN DATOS,0,0,Morelia,Tzindurio de Morelos,agosto,domingo,8,-101.245837211609,19.6996880123465
8099,8099,2017,"170908871",2017/08/06,"07:47:00",COLISIÓN CONTRA OBJETO FIJO,CONCRETO,Bueno,Bueno,2,MAZDA,ALUMINO,1,,36,MASCULINO,SIN DATOS,0,0,Morelia,Popular Pogreso,agosto,domingo,8,-101.199660301209,19.7229360758919
8100,8100,2017,,2017/08/06,"08:50:00",CAIDA ACUATICA DE VEHÍCULO,ASFALTO,Bueno,Bueno,1,LINCOLN,ARENA,0,MINISTERIO PÚBLICO,,,,0,0,Morelia,Industrial,agosto,domingo,9,-101.197412610054,19.7132074995258
8101,8101,2017,,2017/08/06,"08:57:00",COLISIÓN CON PEATÓN,CONCRETO,Bueno,Bueno,1,ITALIKA,Rojo,2,,17,MASCULINO,SIN DATOS,1,0,Apatzingán,Centro,agosto,domingo,9,-102.354276180267,19.0866003628594
8102,8102,2017,"170909086",2017/08/06,"09:09:00",SALIDA DE SUPERFICIE DE RODAMIENTO,ASFALTO,Bueno,Bueno,1,CHEVROLET,NEGRO,1,,35,MASCULINO,CON CERTIFICADO,0,0,Morelia,Lomas de Morelia (Dr Ignacio Chavez),agosto,domingo,9,-101.173524856567,19.716080937697
8103,8103,2017,,2017/08/06,10:10:00,VOLCADURA,ASFALTO,Bueno,Bueno,1,NISSAN,Azul,1,,,,SIN DATOS,0,0,Apatzingán,Sin datos,agosto,domingo,10,-102.391762733459,19.0496242912296
8104,8104,2017,"170909359",2017/08/06,11:05:00,COLISIÓN POR CORTE DE CIRCULACIÓN,ASFALTO,Bueno,Bueno,2,INTERNATIONAL,BLANCO,2,,22,MASCULINO,SIN DATOS,0,0,Morelia,Industrial,agosto,domingo,11,-101.197428703308,19.7132327496467
8105,8105,2017,"170909541",2017/08/06,12:00:00,COLISIÓN POR CAMBIO DE CARRIL,ASFALTO,Bueno,Bueno,2,VOLKSWAGEN,ROJO,2,,,MASCULINO,SIN DATOS,0,0,Morelia,Alberto Oviedo Mota,agosto,domingo,12,-101.196050047874,19.6817680077325
8106,8106,2017,"170909870",2017/08/06,13:30:00,COLISIÓN POR CORTE DE CIRCULACIÓN,ASFALTO,Bueno,Bueno,2,HONDA,ROJO,2,,20,MASCULINO,SIN DATOS,0,0,Morelia,Leandro Valle,agosto,domingo,14,-101.229121685028,19.7181311976868
8107,8107,2017,"170010261",2017/08/06,15:20:00,COLISIÓN POR INVASIÓN DE CARRIL,CONCRETO,Bueno,Bueno,2,NISSAN,BLANCO/ROSA,2,MINISTERIO PÚBLICO,0,MASCULINO,SIN DATOS,0,0,Morelia,Juarez,agosto,domingo,15,-101.195433139801,19.6957284094557
8108,8108,2017,"170910660",2017/08/06,17:30:00,COLISIÓN POR ALCANCE,ASFALTO,Bueno,Bueno,2,NISSAN,ROJO,2,MINISTERIO PÚBLICO,23,MASCULINO,SIN DATOS,0,0,Morelia,Balcones de Santa Maria,agosto,domingo,18,-101.185616254807,19.6755046245461
8109,8109,2017,,2017/08/06,17:35:00,SALIDA DE SUPERFICIE DE RODAMIENTO,ASFALTO,Nublado,Bueno,1,JEEP,ARENA,1,,46,MASCULINO,ALIENTO ETÍLICO,0,0,Quiroga,Centro,agosto,domingo,18,-101.523874998093,19.6652200224408
8111,8111,2017,"170911165",2017/08/06,19:55:00,COLISIÓN POR CAMBIO DE CARRIL,ASFALTO,Bueno,Bueno,3,FORD,GRIS,3,,24,MASCULINO,SIN DATOS,0,0,Morelia,Santiaguito,agosto,domingo,20,-101.188604235649,19.7192320653537
8112,8112,2017,"170911365",2017/08/06,21:00:00,COLISIÓN POR ALCANCE,ASFALTO,Bueno,Bueno,2,TOYOTA,BLANCO,2,,41,MASCULINO,SIN DATOS,0,0,Morelia,Jardines del Toreo,agosto,domingo,21,-101.215292215347,19.6854956147045
8113,8113,2017,"170911531",2017/08/06,21:30:00,COLISIÓN POR CORTE DE CIRCULACIÓN,ASFALTO,Bueno,Bueno,1,SIN DATOS,SIN DATOS,1,,,,,1,0,Morelia,Asociacion Zirahuen,agosto,domingo,22,-101.250150203705,19.6986577169418
8114,8114,2017,"170911662",2017/08/06,21:50:00,SUBIDA AL CAMELLÓN,ASFALTO,Lluvioso,Bueno,1,PLYMOUTH,CAFE,3,,34,MASCULINO,SIN DATOS,2,0,Morelia,Cosmos,agosto,domingo,22,-101.216799616814,19.6827605294453
8115,8115,2017,,2017/08/06,23:40:00,COLISIÓN POR ALCANCE,ASFALTO,Bueno,Bueno,2,FORD,GUINDA,1,MINISTERIO PÚBLICO,37,MASCULINO,SIN DATOS,0,0,Lázaro Cárdenas,Pescadores,agosto,domingo,0,-102.217467427254,17.9759062991907
8116,8116,2017,,2017/08/06,23:55:00,COLISIÓN POR ALCANCE,ASFALTO,Lluvioso,Bueno,2,CHRYSLER,BLANCO,2,,,MASCULINO,SIN DATOS,0,0,Quiroga,Sin datos,agosto,domingo,0,-101.536331176758,19.6695844921475
8117,8117,2017,,2017/08/07,"03:20:00",SUBIDA AL CAMELLÓN,ASFALTO,Bueno,Bueno,1,VOLKSWAGEN,BLANCO,1,,,,SIN DATOS,0,0,Morelia,Praderas de La Loma,agosto,lunes,3,-101.189661026001,19.6563290685008
8118,8118,2017,"170912183",2017/08/07,"03:45:00",VOLCADURA,ASFALTO,Bueno,Bueno,1,BMW,GRIS,1,,,,SIN DATOS,0,0,Morelia,Niño Artillero,agosto,lunes,4,-101.250177025795,19.6985945858803
8119,8119,2017,"170912187",2017/08/07,"03:50:00",SALIDA DE SUPERFICIE DE RODAMIENTO,ASFALTO,Bueno,Bueno,1,VOLKSWAGEN,NEGRO,1,,21,MASCULINO,ALIENTO ETÍLICO,0,0,Morelia,Libertad,agosto,lunes,4,-101.237812042236,19.6868795550994
8120,8120,2017,"170912279",2017/08/07,"06:50:00",COLISIÓN CONTRA OBJETO FIJO,CONCRETO,Bueno,Bueno,1,NISSAN,BLANCO,1,,46,MASCULINO,SIN DATOS,0,0,Morelia,Felix Ireta,agosto,lunes,7,-101.19203209877,19.6858226600923
8121,8121,2017,"170912283",2017/08/07,"07:10:00",COLISIÓN POR NO RESPETAR SEMÁFORO,ASFALTO,Bueno,Bueno,2,NISSAN,BLANCO,2,,48,MASCULINO,SIN DATOS,0,0,Morelia,Gertrudis Bocanegra,agosto,lunes,7,-101.211703419685,19.7019960519963
8122,8122,2017,"170912424",2017/08/07,"08:20:00",COLISIÓN POR INVASIÓN DE CARRIL,ASFALTO,Bueno,Bueno,2,KENWORTH,BLANCO,2,,43,MASCULINO,SIN DATOS,0,0,Morelia,Los Manantiales de Morelia,agosto,lunes,8,-101.242479085922,19.6977082231468
8123,8123,2017,,2017/08/07,"09:30:00",COLISIÓN POR ALCANCE,ASFALTO,Bueno,Bueno,2,FORD,BLANCO,2,MINISTERIO PÚBLICO,37,MASCULINO,SIN DATOS,0,0,Morelia,Lomas del Durazno,agosto,lunes,10,-101.191984286424,19.6638514214363
8124,8124,2017,"170912595",2017/08/07,"09:40:00",COLISIÓN POR ALCANCE,ASFALTO,Bueno,Bueno,2,NISSAN,BLANCO,2,,52,MASCULINO,SIN DATOS,0,0,Morelia,Libertad,agosto,lunes,10,-101.236900091171,19.6848592001435
8125,8125,2017,"170912731",2017/08/07,10:35:00,COLISIÓN POR CAMBIO DE CARRIL,SIN_DATOS,Bueno,Bueno,2,JEEP,GRIS,2,,20,MASCULINO,SIN DATOS,0,0,Morelia,Cinco de Diciembre,agosto,lunes,11,-101.159180402756,19.6879402312476
8126,8126,2017,"170912596",2017/08/07,10:50:00,COLISIÓN POR CORTE DE CIRCULACIÓN,CONCRETO,Bueno,Bueno,2,SIN DATOS,BLANCO,2,,63,MASCULINO,SIN DATOS,0,0,Morelia,Molino de Parras,agosto,lunes,11,-101.202803850174,19.6950364789978
8127,8127,2017,"170913310",2017/08/07,13:40:00,COLISIÓN POR CORTE DE CIRCULACIÓN,CONCRETO,Bueno,Bueno,2,CHRYSLER,GRIS,2,,59,MASCULINO,SIN DATOS,0,0,Morelia,Primaveras,agosto,lunes,14,-101.225715279579,19.6787222156878
8128,8128,2017,"170913725",2017/08/07,15:48:00,COLISIÓN POR ALCANCE,ASFALTO,Bueno,Bueno,2,FORD,VERDE,2,,54,MASCULINO,CON CERTIFICADO,0,0,Morelia,Sin datos,agosto,lunes,16,-101.333770751953,19.5574042288832
8129,8129,2017,"170913856",2017/08/07,16:40:00,COLISIÓN POR CORTE DE CIRCULACIÓN,ASFALTO,Bueno,Bueno,2,NISSAN,BLANCO Y ROJO,2,,48,MASCULINO,SIN DATOS,0,0,Morelia,Chapultepec Norte,agosto,lunes,17,-101.165971755981,19.6955819426741
8130,8130,2017,"170714159",2017/08/07,17:00:00,SALIDA DE SUPERFICIE DE RODAMIENTO,ASFALTO,Bueno,Bueno,1,DODGE,GRIS,1,MINISTERIO PÚBLICO,,,SIN DATOS,0,0,Tarímbaro,Sin datos,agosto,lunes,17,-101.159405708313,19.767672828688
8131,8131,2017,,2017/08/07,17:30:00,COLISIÓN POR ALCANCE,ASFALTO,Bueno,Bueno,3,CHEVROLET,BLANCO,3,,28,MASCULINO,SIN DATOS,0,0,Juárez,Sin datos,agosto,lunes,18,-100.402936935425,19.3383171213805
8132,8132,2017,"170914464",2017/08/07,18:35:00,COLISIÓN POR CORTE DE CIRCULACIÓN,ASFALTO,Bueno,Bueno,2,FORD,ROJO,2,,42,MASCULINO,SIN DATOS,0,0,Morelia,Hospitales de Don Vasco,agosto,lunes,19,-101.155419945717,19.7010920316794
8133,8133,2017,"170914609",2017/08/07,19:10:00,COLISIÓN POR ALCANCE,ASFALTO,Nublado,Regular,2,FORD,NEGRO,2,,33,MASCULINO,SIN DATOS,0,0,Morelia,Lazaro Cardenas,agosto,lunes,19,-101.163809895515,19.707957912806
8134,8134,2017,"170914732",2017/08/07,20:00:00,COLISIÓN POR CAMBIO DE CARRIL,ASFALTO,Lluvioso,Bueno,2,NISSAN,BLANCO Y AMARILLO,2,,55,MASCULINO,CON CERTIFICADO,0,0,Morelia,Josefa Ortiz de Dominguez,agosto,lunes,20,-101.210000216961,19.7251945459833
8135,8135,2017,"170914866",2017/08/07,20:15:00,COLISIÓN POR ALCANCE,ASFALTO,Bueno,Bueno,2,DODGE,AZUL,2,,37,MASCULINO,SIN DATOS,0,0,Morelia,Bosques de Oriente,agosto,lunes,20,-101.152539253235,19.7180705992465
8136,8136,2017,"170915013",2017/08/07,20:20:00,COLISIÓN POR CAMBIO DE CARRIL,CONCRETO,Bueno,Bueno,2,CHEVROLET,GRIS,2,,31,FEMENINO,SIN DATOS,0,0,Morelia,Reforma,agosto,lunes,20,-101.241942644119,19.7058999469975
8137,8137,2017,"170914910",2017/08/07,21:00:00,COLISIÓN POR CORTE DE CIRCULACIÓN,ASFALTO,Bueno,Bueno,2,FORD,PLATA,2,,38,MASCULINO,SIN DATOS,0,0,Morelia,Irrigacion,agosto,lunes,21,-101.225345134735,19.7058393439221
8138,8138,2017,"170914161",2017/08/07,21:45:00,COLISIÓN POR CORTE DE CIRCULACIÓN,ASFALTO,Bueno,Bueno,2,VOLKSWAGEN,AZUL,2,,30,MASCULINO,SIN DATOS,0,0,Morelia,Centro,agosto,lunes,22,-101.198474764824,19.703102081079
8139,8139,2017,"170915434",2017/08/07,23:55:00,SALIDA DE SUPERFICIE DE RODAMIENTO,ASFALTO,Nublado,Regular,1,CHEVROLET,VERDE,1,,38,FEMENINO,SIN DATOS,0,0,Charo,La Goleta,agosto,lunes,0,-101.074862480164,19.7444085554938
8140,8140,2017,"170917807",2017/08/08,"00:00:00",CAIDA DE MOTOCICLETA,ASFALTO,Bueno,Bueno,1,ITALIKA,ROJO Y NEGRO,2,,24,MASCULINO,SIN DATOS,1,0,Morelia,Loma Dorada,agosto,martes,0,-101.254398822784,19.6978597384918
8142,8142,2017,"170918965",2017/08/08,"02:30:00",SALIDA DE SUPERFICIE DE RODAMIENTO,CONCRETO,Bueno,Bueno,1,VOLKSWAGEN,ROJO,1,,25,FEMENINO,SIN DATOS,0,0,Morelia,El Paraiso,agosto,martes,3,-101.236422657967,19.7286295306914
8143,8143,2017,"170917904",2017/08/08,"09:00:00",COLISIÓN POR INVASIÓN DE CARRIL,ASFALTO,Bueno,Bueno,2,FORD,AZUL,0,,,,,0,0,Morelia,Sin datos,agosto,martes,9,-101.114687919617,19.7369257051344
8144,8144,2017,"170915868",2017/08/08,"09:00:00",COLISIÓN POR ALCANCE,ASFALTO,Bueno,Bueno,2,NISSAN,PLATA,1,,45,MASCULINO,SIN DATOS,0,0,Morelia,Camelinas,agosto,martes,9,-101.173621416092,19.6819043851262
8145,8145,2017,"170915998",2017/08/08,"09:30:00",COLISIÓN POR CAMBIO DE CARRIL,ASFALTO,Bueno,Bueno,2,NISSAN,BLANCO,2,,31,FEMENINO,SIN DATOS,0,0,Morelia,Morelia 450,agosto,martes,10,-101.217062473297,19.6755753415293
8146,8146,2017,,2017/08/08,"09:30:00",COLISIÓN POR INVASIÓN DE CARRIL,ASFALTO,Bueno,Bueno,3,CHEVROLET,ROJO,8,MINISTERIO PÚBLICO,,MASCULINO,SIN DATOS,5,0,Sahuayo,Centro,agosto,martes,10,-102.71642267704,20.0571204907883
8147,8147,2017,"170916022",2017/08/08,"09:50:00",COLISIÓN POR ALCANCE,ASFALTO,Bueno,Bueno,2,CHEVROLET,AZUL,2,,37,FEMENINO,SIN DATOS,0,0,Morelia,Chapultepec Sur,agosto,martes,10,-101.177912950516,19.6907484636942
8148,8148,2017,"170913070",2017/08/08,12:00:00,COLISIÓN POR CORTE DE CIRCULACIÓN,ASFALTO,Bueno,Bueno,2,PEUGEOT,GUINDA,2,,40,MASCULINO,SIN DATOS,0,0,Morelia,Jose Maria Cabrera,agosto,martes,12,-101.224519014359,19.72484738245
8149,8149,2017,"170916286",2017/08/08,12:00:00,COLISIÓN POR CAMBIO DE CARRIL,ASFALTO,Bueno,Bueno,2,VOLKSWAGEN,BLANCO Y ROJO,2,,,MASCULINO,SIN DATOS,0,0,Morelia,Centro,agosto,martes,12,-101.188891232014,19.7035919636634
8150,8150,2017,"170916330",2017/08/08,12:20:00,COLISIÓN POR ALCANCE,ASFALTO,Bueno,Bueno,4,INTERNATIONAL,GRIS,4,,29,MASCULINO,SIN DATOS,0,0,Morelia,Bosques de Oriente,agosto,martes,12,-101.155398488045,19.7156819924264
8151,8151,2017,"170916872",2017/08/08,13:20:00,COLISIÓN POR CAMBIO DE CARRIL,ASFALTO,Bueno,Bueno,2,TOYOTA,BLANCO,2,,36,MASCULINO,SIN DATOS,0,0,Morelia,Las Flores,agosto,martes,13,-101.206880807877,19.7024253335984
8152,8152,2017,"1709141241",2017/08/08,16:00:00,COLISIÓN POR INVASIÓN DE CARRIL,ASFALTO,Bueno,Bueno,2,FORD,GRIS,2,,42,MASCULINO,SIN DATOS,0,0,Morelia,San Pascual,agosto,martes,16,-101.267332434654,19.6953041604786
8153,8153,2017,"170913831",2017/08/08,16:05:00,COLISIÓN POR ALCANCE,ASFALTO,Bueno,Bueno,2,STARLING,BLANCO,2,,42,MASCULINO,SIN DATOS,0,0,Morelia,San Pascual,agosto,martes,16,-101.267327070236,19.6952940592988
8154,8154,2017,"170924228",2017/08/08,17:40:00,COLISIÓN POR CORTE DE CIRCULACIÓN,ASFALTO,Bueno,Bueno,2,NISSAN,BLANCO,2,,71,MASCULINO,SIN DATOS,0,0,Morelia,Independencia,agosto,martes,18,-101.177784204483,19.719312862682
8155,8155,2017,"170917366",2017/08/08,17:45:00,COLISIÓN POR ALCANCE,CONCRETO,Bueno,Bueno,2,NISSAN,BLANCO Y CORAL,2,,29,MASCULINO,SIN DATOS,0,0,Morelia,Chapultepec Oriente,agosto,martes,18,-101.164121031761,19.6897837706916
8156,8156,2017,"170917614",2017/08/08,17:50:00,COLISIÓN POR ALCANCE,CONCRETO,Bueno,Bueno,2,DODGE,ROJO,2,,49,FEMENINO,SIN DATOS,0,0,Morelia,Comision Federal de Electricidad,agosto,martes,18,-101.177129745483,19.6817023445016
8157,8157,2017,,2017/08/08,18:10:00,COLISIÓN POR CORTE DE CIRCULACIÓN,SIN_DATOS,Bueno,Bueno,2,SIN DATOS,SIN DATOS,1,,,,SIN DATOS,0,0,Morelia,Ignacio Zaragoza,agosto,martes,18,-101.20469212532,19.7255442335799
8158,8158,2017,LEG8607,2017/08/08,20:00:00,COLISIÓN POR CAMBIO DE CARRIL,ASFALTO,Bueno,Bueno,2,FORD,ROJO,2,,62,MASCULINO,CON CERTIFICADO,0,0,Morelia,Ventura Puente,agosto,martes,20,-101.179715394974,19.690869681252
8159,8159,2017,"170917931",2017/08/08,20:30:00,COLISIÓN POR CORTE DE CIRCULACIÓN,ASFALTO,Bueno,Bueno,2,DODGE,BLANCO,2,MINISTERIO PÚBLICO,43,MASCULINO,SIN DATOS,0,0,Charo,La Goleta,agosto,martes,21,-101.084185838699,19.736622748341
8160,8160,2017,"170918095",2017/08/08,20:35:00,COLISIÓN POR CAMBIO DE CARRIL,ASFALTO,Bueno,Bueno,2,KENWORTH,ROJO,2,,48,MASCULINO,SIN DATOS,0,0,Morelia,Lomas del Tecnologico,agosto,martes,21,-101.188277006149,19.7212923844678
8161,8161,2017,"170918082",2017/08/08,20:40:00,COLISIÓN POR CORTE DE CIRCULACIÓN,ASFALTO,Bueno,Bueno,2,INTERNATIONAL,BLANCO Y DORADO,2,MINISTERIO PÚBLICO,,MASCULINO,SIN DATOS,0,0,Morelia,Obrera,agosto,martes,21,-101.18157684803,19.7133287000699
8162,8162,2017,,2017/08/08,20:45:00,COLISIÓN CONTRA OBJETO FIJO,CONCRETO,Bueno,Bueno,1,ISUZU,BLANCO Y AZUL,1,,33,MASCULINO,SIN DATOS,0,0,Morelia,Torrecillas,agosto,martes,21,-101.186058819294,19.6692675164338
8163,8163,2017,"170918482",2017/08/08,21:25:00,COLISIÓN POR ALCANCE,ASFALTO,Bueno,Bueno,2,PONTIAC,BLANCO,2,,,,SIN DATOS,0,0,Morelia,Loma Dorada,agosto,martes,21,-101.254913806915,19.6976678190305
8164,8164,2017,,2017/08/08,22:30:00,COLISIÓN POR ALCANCE,ASFALTO,Bueno,Bueno,2,NISSAN,ROJO,1,MINISTERIO PÚBLICO,54,,SIN DATOS,0,0,Hidalgo,Sin datos,agosto,martes,23,-100.601592063904,19.6787373690254
8165,8165,2017,"170918761",2017/08/08,23:20:00,COLISIÓN CONTRA OBJETO FIJO,CONCRETO,Bueno,Bueno,2,CHEVROLET,NARANJA,2,,,,SIN DATOS,0,0,Morelia,Vasco de Quiroga,agosto,martes,23,-101.171604394913,19.7068140406004
8166,8166,2017,"170919452",2017/08/09,"00:00:00",COLISIÓN POR CORTE DE CIRCULACIÓN,ASFALTO,Bueno,Bueno,2,CHEVROLET,ROJO,3,,35,MASCULINO,SIN DATOS,1,0,Morelia,San Jose Itzicuaro,agosto,miércoles,0,-101.30448102951,19.687819011472
8167,8167,2017,"170918987",2017/08/09,"02:30:00",COLISIÓN CONTRA OBJETO FIJO,ASFALTO,Bueno,Bueno,1,VOLKSWAGEN,VERDE,1,,,MASCULINO,SIN DATOS,0,0,Morelia,Enrique Arreguin Robles,agosto,miércoles,3,-101.184092760086,19.7196461512295
8168,8168,2017,"170919038",2017/08/09,"05:50:00",COLISIÓN CONTRA OBJETO FIJO,ASFALTO,Bueno,Bueno,1,NISSAN,BLANCO Y ROJO,1,,,,SIN DATOS,0,0,Morelia,Los Alamos,agosto,miércoles,6,-101.229958534241,19.7037283224664
8169,8169,2017,"170919093",2017/08/09,"07:00:00",COLISIÓN POR NO RESPETAR SEMÁFORO,ASFALTO,Bueno,Bueno,4,NISSAN,GRIS,4,,26,MASCULINO,SIN DATOS,0,0,Morelia,Irrigacion,agosto,miércoles,7,-101.225044727325,19.7048090881271
8170,8170,2017,"170918265",2017/08/09,"08:35:00",COLISIÓN POR CORTE DE CIRCULACIÓN,ASFALTO,Bueno,Bueno,2,FORD,BLANCO,2,,31,MASCULINO,SIN DATOS,0,0,Morelia,Ricardo Flores Magon,agosto,miércoles,9,-101.243541240692,19.7053949206674
8171,8171,2017,,2017/08/09,"08:50:00",SUBIDA AL CAMELLÓN,ASFALTO,Bueno,Bueno,2,CHEVROLET,AMARILLO,2,MINISTERIO PÚBLICO,30,MASCULINO,SIN DATOS,0,0,Morelia,Quinceo,agosto,miércoles,9,-101.221396923065,19.7277761565995
8173,8173,2017,"170841264",2017/08/09,13:20:00,COLISIÓN POR CORTE DE CIRCULACIÓN,ASFALTO,Bueno,Bueno,2,GM,BLANCO,2,,35,MASCULINO,SIN DATOS,0,0,Morelia,Felix Ireta,agosto,miércoles,13,-101.190658807755,19.6908393768712
8174,8174,2017,"170920163",2017/08/09,13:20:00,COLISIÓN POR CORTE DE CIRCULACIÓN,ASFALTO,Bueno,Bueno,2,NISSAN,BLANCO Y ROJO,2,,47,MASCULINO,SIN DATOS,0,0,Morelia,Cuauhtemoc,agosto,miércoles,13,-101.179275512695,19.6935869507511
8175,8175,2017,,2017/08/09,15:13:00,COLISIÓN POR CORTE DE CIRCULACIÓN,ADOQUIN_EMPEDRADO,Bueno,Bueno,2,NISSAN,BLANCO,2,,58,MASCULINO,SIN DATOS,0,0,Cuitzeo,Centro,agosto,miércoles,15,-101.139739751816,19.969073318268
8176,8176,2017,"170921092",2017/08/09,17:35:00,COLISIÓN POR CORTE DE CIRCULACIÓN,CONCRETO,Bueno,Bueno,2,NISSAN,BLANCO,2,,60,MASCULINO,SIN DATOS,0,0,Morelia,Ilustres Novohispanos,agosto,miércoles,18,-101.152131557465,19.7102885586744
8177,8177,2017,"170921920",2017/08/09,21:00:00,COLISIÓN POR INVASIÓN DE CARRIL,ASFALTO,Nublado,Malo,2,FREIGHTLINER,AMARILLO,2,,35,MASCULINO,SIN DATOS,0,0,Morelia,Sin datos,agosto,miércoles,21,-101.279675960541,19.6465888669573
8178,8178,2017,"170922073",2017/08/09,21:15:00,COLISIÓN POR CORTE DE CIRCULACIÓN,CONCRETO,Bueno,Bueno,2,CHEVROLET,ROJO,2,,39,MASCULINO,SIN DATOS,0,0,Morelia,Centro,agosto,miércoles,21,-101.200940385461,19.7029272128345
8179,8179,2017,"170922580",2017/08/09,23:50:00,COLISIÓN POR NO RESPETAR SEMÁFORO,ASFALTO,Bueno,Bueno,2,HONDA,GRIS,2,,26,MASCULINO,SIN DATOS,0,0,Morelia,Puerta Tres Marias,agosto,miércoles,0,-101.14084482193,19.6916777959588