fid,id_accidente,anio_origen,folio_c5i,dia_incidente,hora_ocurrencia,tipo_incidente_vial,superficie_ocurrencia,condiciones_climaticas,condiciones_via,numero_vehiculos_involucrados,marca_vehiculo_ocasiona_siniestro,color_vehiculo_ocasiona_siniestro,numero_personas_involucradas,lugar_remite_presunto_responsable,edad_presunto_responsable,sexo_presunto_responsable,resultados_toxicologia,numero_personas_lesionadas,numero_personas_fallecidas,municipio,colonia,mes,dia_semana,hora_redondeada,lon,lat
8180,8180,2017,"170922700",2017/08/10,"02:20:00",COLISIÓN POR ALCANCE,ASFALTO,Bueno,Regular,3,CHEVROLET,PLATA,3,,43,MASCULINO,SIN DATOS,0,0,Morelia,Asociacion Zirahuen,agosto,jueves,2,-101.250429153442,19.6986425654893
8181,8181,2017,"170922904",2017/08/10,"07:40:00",COLISIÓN POR INVASIÓN DE CARRIL,CONCRETO,Nublado,Bueno,2,DODGE,AZUL,2,,37,MASCULINO,SIN DATOS,0,0,Morelia,Hermanos Lopez Rayon,agosto,jueves,8,-101.219658851624,19.6766562972461
8182,8182,2017,"170922928",2017/08/10,"07:50:00",COLISIÓN POR CORTE DE CIRCULACIÓN,ASFALTO,Bueno,Bueno,2,RENAULT,BLANCO,2,,31,MASCULINO,SIN DATOS,0,0,Morelia,Campestre Los Manantiales,agosto,jueves,8,-101.238144636154,19.6876977916046
8183,8183,2017,"170923126",2017/08/10,10:00:00,COLISIÓN POR CORTE DE CIRCULACIÓN,ASFALTO,Bueno,Bueno,2,MAZDA,GRIS,2,,26,FEMENINO,SIN DATOS,0,0,Morelia,Isaac Arriaga,agosto,jueves,10,-101.171019673347,19.7079452873296
8185,8185,2017,"170923302",2017/08/10,10:20:00,COLISIÓN POR INVASIÓN DE CARRIL,ASFALTO,Nublado,Bueno,2,TOYOTA,GRIS,2,,57,FEMENINO,SIN DATOS,0,0,Morelia,Jardines de Torremolinos,agosto,jueves,10,-101.225752830505,19.6769997769751
8186,8186,2017,"170923259",2017/08/10,10:30:00,SUBIDA AL CAMELLÓN,ASFALTO,Bueno,Bueno,1,CHEVROLET,ACERO,1,,64,MASCULINO,SIN DATOS,0,0,Morelia,Alberto Oviedo Mota,agosto,jueves,11,-101.201945543289,19.6779140356065
8187,8187,2017,"170923357",2017/08/10,10:55:00,COLISIÓN POR ALCANCE,ASFALTO,Bueno,Bueno,2,NISSAN,CAPUCHINO,2,,57,FEMENINO,SIN DATOS,0,0,Morelia,Alberto Oviedo Mota,agosto,jueves,11,-101.201991140842,19.6778357429445
8188,8188,2017,"170924053",2017/08/10,14:40:00,COLISIÓN POR ALCANCE,CONCRETO,Bueno,Bueno,2,TOYOTA,NEGRO,2,,30,MASCULINO,SIN DATOS,0,0,Morelia,Reforma,agosto,jueves,15,-101.241357922554,19.705798941859
8189,8189,2017,,2017/08/10,15:39:00,SALIDA DE SUPERFICIE DE RODAMIENTO,ASFALTO,Lluvioso,Bueno,1,NISSAN,PLATA,1,,58,MASCULINO,SIN DATOS,0,0,Quiroga,Centro,agosto,jueves,16,-101.514530181885,19.6637247601227
8191,8191,2017,"170924692",2017/08/10,17:35:00,COLISIÓN POR ALCANCE,CONCRETO,Lluvioso,Malo,2,NISSAN,BLANCO,2,,22,MASCULINO,SIN DATOS,0,0,Morelia,Tzindurio de Morelos,agosto,jueves,18,-101.243358850479,19.6995971041952
8192,8192,2017,"170924732",2017/08/10,18:00:00,COLISIÓN POR ALCANCE,ASFALTO,Lluvioso,Bueno,3,MERCEDES BENZ,VERDE,3,,59,MASCULINO,SIN DATOS,0,0,Morelia,Jardines de La Loma,agosto,jueves,18,-101.224915981293,19.6768684465774
8193,8193,2017,"170924947",2017/08/10,18:19:00,COLISIÓN POR ALCANCE,ASFALTO,Lluvioso,Bueno,2,HONDA,BLANCO,2,,17,FEMENINO,SIN DATOS,0,0,Morelia,Asociacion Zirahuen,agosto,jueves,18,-101.250171661377,19.6986476159737
8194,8194,2017,,2017/08/10,18:30:00,COLISIÓN POR CORTE DE CIRCULACIÓN,ASFALTO,Lluvioso,Regular,2,VOLKSWAGEN,ROJO,2,,34,MASCULINO,SIN DATOS,0,0,Irimbo,Sin Nombre,agosto,jueves,19,-100.490527153015,19.6977082231468
8195,8195,2017,"170925212",2017/08/10,19:40:00,VOLCADURA,ASFALTO,Lluvioso,Regular,1,DODGE,VERDE,0,,,,,0,0,Morelia,El Realito,agosto,jueves,20,-101.203651428223,19.7257260203314
8196,8196,2017,,2017/08/10,20:09:00,SALIDA DE SUPERFICIE DE RODAMIENTO,ASFALTO,Lluvioso,Bueno,1,TOYOTA,ROJO,2,,,MASCULINO,SIN DATOS,1,0,Lagunillas,Sin datos,agosto,jueves,20,-101.447668075562,19.6308658837668
8197,8197,2017,"170925460",2017/08/10,20:30:00,COLISIÓN POR CORTE DE CIRCULACIÓN,CONCRETO,Lluvioso,Bueno,2,CHEVROLET,BLANCO,2,,26,MASCULINO,SIN DATOS,0,0,Morelia,Centro,agosto,jueves,21,-101.196071505547,19.6999051816098
8198,8198,2017,"170925899",2017/08/10,22:10:00,COLISIÓN POR NO RESPETAR SEMÁFORO,CONCRETO,Nublado,Regular,2,VOLKSWAGEN,BLANCO,2,,19,MASCULINO,CON CERTIFICADO,0,0,Morelia,Comision Federal de Electricidad,agosto,jueves,22,-101.18005335331,19.6814598954156
8199,8199,2017,"170925766",2017/08/10,22:30:00,COLISIÓN POR CORTE DE CIRCULACIÓN,ASFALTO,Lluvioso,Bueno,2,CHEVROLET,GRIS,2,,,MASCULINO,SIN DATOS,0,0,Morelia,El Porvenir,agosto,jueves,23,-101.206285357475,19.7079301367566
8200,8200,2017,"170925945",2017/08/10,22:52:00,SUBIDA AL CAMELLÓN,CONCRETO,Lluvioso,Bueno,1,FORD,BLANCO,1,MINISTERIO PÚBLICO,27,FEMENINO,SIN DATOS,0,0,Morelia,Del Empleado,agosto,jueves,23,-101.180166006088,19.6882735851575
8201,8201,2017,,2017/08/10,23:00:00,COLISIÓN POR CORTE DE CIRCULACIÓN,ASFALTO,Lluvioso,Bueno,1,ITALIKA,ROJO,1,,18,,SIN DATOS,0,0,Morelia,Prados Verdes,agosto,jueves,23,-101.197460889816,19.7136165509941
8202,8202,2017,,2017/08/10,29:45:00,VOLCADURA,ASFALTO,Lluvioso,Regular,1,NISSAN,AMARILLO,2,MINISTERIO PÚBLICO,48,MASCULINO,SIN DATOS,0,1,Susupuato,Sin datos,agosto,jueves,,-100.436496734619,19.237820522001
8203,8203,2017,"170928675",2017/08/11,"00:00:00",COLISIÓN POR ALCANCE,ASFALTO,Bueno,Bueno,2,PEUGEOT,VERDE,2,,33,MASCULINO,SIN DATOS,0,0,Morelia,Rafael Carrillo,agosto,viernes,0,-101.233584880829,19.7121116404353
8204,8204,2017,"170926260",2017/08/11,"01:00:00",COLISIÓN CONTRA OBJETO FIJO,ASFALTO,Bueno,Bueno,1,MAZDA,BLANCO,1,,,,SIN DATOS,0,0,Morelia,Rey Tariacuri (Eucaliptos),agosto,viernes,1,-101.20041936636,19.6778812032045
8205,8205,2017,"170926293",2017/08/11,"01:05:00",COLISIÓN POR ALCANCE,ASFALTO,Nublado,Regular,2,KENWORTH,NEGRO,2,,28,,SIN DATOS,0,0,Morelia,Tierra Y Libertad,agosto,viernes,1,-101.230516433716,19.7158082410374
8206,8206,2017,"003658852",2017/08/11,"06:30:00",COLISIÓN CONTRA OBJETO FIJO,ASFALTO,Bueno,Bueno,1,NISSAN,CAFE,0,MINISTERIO PÚBLICO,,,,0,0,Lázaro Cárdenas,Segundo Sector de Fidelac,agosto,viernes,7,-102.208433747292,17.9614756662362
8207,8207,2017,"170926598",2017/08/11,"08:15:00",COLISIÓN POR CAMBIO DE CARRIL,ASFALTO,Bueno,Bueno,2,INTERNATIONAL,BLANCO,2,,31,MASCULINO,SIN DATOS,0,0,Morelia,Tzindurio de Morelos,agosto,viernes,8,-101.250160932541,19.6986173130653
8208,8208,2017,"170927117",2017/08/11,11:15:00,COLISIÓN POR INVASIÓN DE CARRIL,ASFALTO,Bueno,Bueno,2,NISSAN,SIN DATOS,3,MINISTERIO PÚBLICO,30,MASCULINO,SIN DATOS,1,0,Morelia,Centro,agosto,viernes,11,-101.177703738213,19.7032636919943
8209,8209,2017,"170952732",2017/08/11,11:50:00,COLISIÓN POR CORTE DE CIRCULACIÓN,ASFALTO,Bueno,Bueno,2,TOYOTA,BLANCO Y ROJO,2,,48,MASCULINO,SIN DATOS,0,0,Morelia,Morelos,agosto,viernes,12,-101.206993460655,19.7014001062159
8210,8210,2017,"170927342",2017/08/11,12:40:00,COLISIÓN POR CORTE DE CIRCULACIÓN,ASFALTO,Bueno,Bueno,2,NISSAN,PLATA,2,,74,MASCULINO,SIN DATOS,0,0,Morelia,Comision Federal de Electricidad,agosto,viernes,13,-101.181432008743,19.6814750484942
8211,8211,2017,"170927567",2017/08/11,13:15:00,COLISIÓN POR ALCANCE,ASFALTO,Bueno,Regular,2,TOYOTA,ARENA,2,,23,FEMENINO,SIN DATOS,0,0,Morelia,Villa Universidad,agosto,viernes,13,-101.210292577744,19.6872937247172
8212,8212,2017,"170927516",2017/08/11,13:30:00,COLISIÓN POR CORTE DE CIRCULACIÓN,ASFALTO,Bueno,Bueno,2,SIN DATOS,NARANJA,1,,65,MASCULINO,SIN DATOS,0,0,Morelia,La Soledad,agosto,viernes,14,-101.183395385742,19.7280690310619
8213,8213,2017,"170928454",2017/08/11,16:40:00,COLISIÓN CONTRA OBJETO FIJO,ASFALTO,Bueno,Bueno,2,PEUGEOT,PLATA,2,,48,FEMENINO,SIN DATOS,0,0,Morelia,Americas Britania,agosto,viernes,17,-101.146348714828,19.6909807972661
8214,8214,2017,"170128423",2017/08/11,16:50:00,COLISIÓN POR ALCANCE,ASFALTO,Bueno,Bueno,2,NISSAN,BLANCO,2,,27,MASCULINO,SIN DATOS,0,0,Morelia,Camelinas,agosto,viernes,17,-101.173972114921,19.6819252205512
8215,8215,2017,"170928887",2017/08/11,18:30:00,COLISIÓN POR ALCANCE,ASFALTO,Nublado,Regular,2,MERCEDES BENZ,PLATA,2,,33,MASCULINO,SIN DATOS,0,0,Morelia,Independencia,agosto,viernes,19,-101.177923679352,19.7194643575625
8216,8216,2017,"170929203",2017/08/11,19:50:00,COLISIÓN POR CORTE DE CIRCULACIÓN,ASFALTO,Bueno,Bueno,2,FORD,BLANCO,2,,33,MASCULINO,SIN DATOS,0,0,Morelia,Felix Ireta,agosto,viernes,20,-101.180863380432,19.6854653093065
8217,8217,2017,"170999337",2017/08/11,19:55:00,COLISIÓN POR CORTE DE CIRCULACIÓN,ADOQUIN_EMPEDRADO,Nublado,Regular,3,RENAULT,GRIS,3,,,,SIN DATOS,0,0,Morelia,Jardines del Toreo,agosto,viernes,20,-101.21768206358,19.6893721329029
8218,8218,2017,"170929465",2017/08/11,20:45:00,VOLCADURA,ASFALTO,Bueno,Bueno,1,HONDA,ROJO,1,,,,,1,0,Queréndaro,Sin datos,agosto,viernes,21,-100.879211425781,19.7473167751558
8219,8219,2017,"170929967",2017/08/11,22:40:00,COLISIÓN POR CORTE DE CIRCULACIÓN,ASFALTO,Bueno,Regular,2,NISSAN,BLANCO,2,,29,FEMENINO,SIN DATOS,0,0,Morelia,Gustavo Diaz Ordaz,agosto,viernes,23,-101.203662157059,19.6911626233045
8220,8220,2017,,2017/08/12,"00:00:00",COLISIÓN POR MANIOBRA DE REVERSA,ASFALTO,Bueno,Bueno,1,INTERNACIONAL,BLANCO,1,MINISTERIO PÚBLICO,,MASCULINO,SIN DATOS,0,0,Lázaro Cárdenas,3Er Sect de Fidelac,agosto,sábado,0,-102.216732501984,17.9599141480196
8221,8221,2017,"170930179",2017/08/12,"00:05:00",VOLCADURA,ASFALTO,Bueno,Bueno,2,VOLKSWAGEN,GRIS,2,,54,MASCULINO,SIN DATOS,0,0,Morelia,Chapultepec Oriente,agosto,sábado,0,-101.16249024868,19.6915363761796
8222,8222,2017,,2017/08/12,"01:10:00",COLISIÓN CONTRA OBJETO FIJO,ASFALTO,Nublado,Bueno,1,CHEVROLET,GRIS,1,,26,MASCULINO,ALIENTO ETÍLICO,0,0,Tuxpan,Tuxpan,agosto,sábado,1,-100.464853048325,19.5663815282866
8223,8223,2017,"170930259",2017/08/12,"01:17:00",COLISIÓN POR INVASIÓN DE CARRIL,ASFALTO,Nublado,Regular,2,VOLKSWAGEN,ROJO,0,MINISTERIO PÚBLICO,,,,0,0,Morelia,Sin datos,agosto,sábado,1,-101.279504299164,19.6704129197381
8224,8224,2017,"170930304",2017/08/12,"01:45:00",COLISIÓN POR CAMBIO DE CARRIL,ASFALTO,Bueno,Bueno,2,NISSAN,ROJO,2,,28,MASCULINO,SIN DATOS,0,0,Morelia,Cuauhtemoc,agosto,sábado,2,-101.181826293468,19.6940137295948
8225,8225,2017,"170930316",2017/08/12,"02:10:00",COLISIÓN POR ALCANCE,ASFALTO,Bueno,Bueno,2,PEUGEOT,BLANCO,2,,28,MASCULINO,SIN DATOS,0,0,Morelia,Enrique Arreguin Robles,agosto,sábado,2,-101.185326576233,19.7201309333309
8226,8226,2017,"170930365",2017/08/12,"02:10:00",COLISIÓN CONTRA OBJETO FIJO,ASFALTO,Lluvioso,Regular,1,SEAT,NEGRO,1,,24,MASCULINO,ALIENTO ETÍLICO,0,0,Morelia,Alberto Oviedo Mota,agosto,sábado,2,-101.201950907707,19.6778685753558
8227,8227,2017,"170093034",2017/08/12,"02:30:00",COLISIÓN POR ALCANCE,CONCRETO,Bueno,Bueno,2,FORD,BLANCO,2,MINISTERIO PÚBLICO,,,SIN DATOS,0,0,Morelia,Jardines del Rincon,agosto,sábado,3,-101.149363517761,19.690056511711
8228,8228,2017,"170930378",2017/08/12,"03:15:00",COLISIÓN CON PEATÓN,ASFALTO,Bueno,Bueno,1,SIN DATOS,SIN DATOS,2,,,,SIN DATOS,1,0,Morelia,Cosmos,agosto,sábado,3,-101.216547489166,19.6833237133311
8229,8229,2017,"170930710",2017/08/12,"09:05:00",COLISIÓN POR CAMBIO DE CARRIL,ASFALTO,Bueno,Bueno,2,NISSAN,BLANCO,5,MINISTERIO PÚBLICO,,,SIN DATOS,3,1,Morelia,Clara Cordova Moran,agosto,sábado,9,-101.180455684662,19.7375669617844
8230,8230,2017,"170930891",2017/08/12,"09:50:00",COLISIÓN POR CORTE DE CIRCULACIÓN,ASFALTO,Bueno,Bueno,2,NISSAN,BLANCO Y GRIS,2,MINISTERIO PÚBLICO,29,MASCULINO,SIN DATOS,0,0,Morelia,Lomas de Huerta,agosto,sábado,10,-101.214283704758,19.674357994819
8231,8231,2017,"170931602",2017/08/12,12:20:00,COLISIÓN POR ALCANCE,ASFALTO,Bueno,Bueno,2,CHEVROLET,VERDE,2,,25,MASCULINO,SIN DATOS,0,0,Morelia,Indeco El Vivero,agosto,sábado,12,-101.230044364929,19.6770452374723
8232,8232,2017,"170931649",2017/08/12,13:30:00,COLISIÓN CONTRA OBJETO FIJO,ASFALTO,Bueno,Bueno,1,KENWORTH,BLANCO,1,,,MASCULINO,SIN DATOS,0,0,Morelia,Chapultepec Norte,agosto,sábado,14,-101.166851520538,19.6953748687196
8233,8233,2017,"170932160",2017/08/12,15:05:00,COLISIÓN POR CORTE DE CIRCULACIÓN,ASFALTO,Bueno,Bueno,2,YAMAHA,NEGRO,2,MINISTERIO PÚBLICO,,,SIN DATOS,0,0,Morelia,Bosques de Oriente,agosto,sábado,15,-101.154899597168,19.7163132344846
8234,8234,2017,"170932305",2017/08/12,15:30:00,COLISIÓN POR CORTE DE CIRCULACIÓN,ASFALTO,Bueno,Bueno,2,SUZUKI,NEGRO,2,,28,MASCULINO,SIN DATOS,0,0,Morelia,Nueva Chapultepec,agosto,sábado,16,-101.169877052307,19.6897736691635
8235,8235,2017,"170932490",2017/08/12,16:00:00,COLISIÓN CONTRA OBJETO FIJO,ASFALTO,Lluvioso,Bueno,1,HONDA,GRIS,1,,28,FEMENINO,SIN DATOS,0,0,Morelia,Bosques Tres Marias,agosto,sábado,16,-101.105268001556,19.7293718109581
8236,8236,2017,"170932598",2017/08/12,16:30:00,COLISIÓN POR ALCANCE,CONCRETO,Bueno,Bueno,2,HONDA,GRIS,2,,42,MASCULINO,SIN DATOS,0,0,Morelia,Tzindurio de Morelos,agosto,sábado,17,-101.243240833282,19.6974304446416
8237,8237,2017,"170932970",2017/08/12,17:30:00,COLISIÓN POR CORTE DE CIRCULACIÓN,ASFALTO,Bueno,Bueno,2,NISSAN,BLANCO,2,,30,MASCULINO,SIN DATOS,0,0,Morelia,Jardines de La Loma,agosto,sábado,18,-101.225645542145,19.6767472184225
8238,8238,2017,"170932956",2017/08/12,18:05:00,COLISIÓN POR INVASIÓN DE CARRIL,ASFALTO,Bueno,Regular,2,FORD,ROJO,2,,24,FEMENINO,SIN DATOS,0,0,Morelia,Lomas de Hidalgo,agosto,sábado,18,-101.16039276123,19.6995617510114
8239,8239,2017,"170932978",2017/08/12,18:25:00,COLISIÓN POR CORTE DE CIRCULACIÓN,CONCRETO,Bueno,Bueno,2,CHEVROLET,BLANCO,2,,31,MASCULINO,SIN DATOS,0,0,Morelia,Primaveras,agosto,sábado,18,-101.225715279579,19.678696960122
8240,8240,2017,"170933200",2017/08/12,19:20:00,COLISIÓN POR CORTE DE CIRCULACIÓN,ASFALTO,Bueno,Bueno,2,VOLKSWAGEN,AZUL,2,MINISTERIO PÚBLICO,,FEMENINO,SIN DATOS,0,0,Morelia,Nicolaitas Ilustres,agosto,sábado,19,-101.22832775116,19.7194340585979
8241,8241,2017,,2017/08/12,20:00:00,COLISIÓN POR ALCANCE,CONCRETO,Bueno,Bueno,2,FORD,ROJO,2,,68,MASCULINO,SIN DATOS,0,0,Morelia,Centro,agosto,sábado,20,-101.200191378593,19.7030768293588
8242,8242,2017,"170933410",2017/08/12,20:00:00,COLISIÓN CONTRA OBJETO FIJO,ASFALTO,Bueno,Bueno,1,RENAULT,ROJO,1,,45,MASCULINO,SIN DATOS,0,0,Morelia,San Rafael,agosto,sábado,20,-101.154781579971,19.7005768893262
8243,8243,2017,"170933575",2017/08/12,20:50:00,COLISIÓN POR CORTE DE CIRCULACIÓN,CONCRETO,Bueno,Bueno,2,HONDA,BLANCO,2,,17,MASCULINO,SIN DATOS,0,0,Morelia,Ventura Puente,agosto,sábado,21,-101.190701723099,19.6910111016202
8244,8244,2017,,2017/08/12,20:55:00,VOLCADURA,ASFALTO,Bueno,Bueno,2,TOYOTA,BLANCO,6,MINISTERIO PÚBLICO,,,SIN DATOS,4,0,Sahuayo,Rincon de San Andres,agosto,sábado,21,-102.750384807587,20.0662107140878
8245,8245,2017,,2017/08/12,23:00:00,SALIDA DE SUPERFICIE DE RODAMIENTO,ASFALTO,Nublado,Regular,1,CHEVROLET,AZUL,1,,26,MASCULINO,SIN DATOS,0,0,Coeneo,Centro,agosto,sábado,23,-101.583806,19.820481
8246,8246,2017,,2017/08/12,23:00:00,COLISIÓN POR ALCANCE,CONCRETO,Bueno,Bueno,2,TOYOTA,Blanco,3,,42,MASCULINO,CON CERTIFICADO,1,0,Apatzingán,Emiliano Zapata,agosto,sábado,23,-102.3641275,19.1134090299991
8247,8247,2017,,2017/08/12,23:55:00,COLISIÓN POR ALCANCE,ASFALTO,Bueno,Bueno,2,NISSAN,BLANCO,2,,18,MASCULINO,CON CERTIFICADO,0,0,Tuxpan,Tuxpan,agosto,sábado,0,-100.464853048325,19.5663613097055
8248,8248,2017,"170934231",2017/08/13,"00:40:00",SUBIDA AL CAMELLÓN,ASFALTO,Bueno,Regular,2,TOYOTA,GRIS,1,,53,MASCULINO,SIN DATOS,0,0,Morelia,Alberto Oviedo Mota,agosto,domingo,1,-101.197643280029,19.6812022928596
8249,8249,2017,"170934260",2017/08/13,"01:00:00",SALIDA DE SUPERFICIE DE RODAMIENTO,CONCRETO,Nublado,Bueno,1,JEEP,BLANCO,1,,26,MASCULINO,ALIENTO ETÍLICO,0,0,Morelia,Jose Maria Cabrera,agosto,domingo,1,-101.224637031555,19.7247362899601
8250,8250,2017,"170934294",2017/08/13,"01:10:00",COLISIÓN POR ALCANCE,ASFALTO,Lluvioso,Bueno,2,RENAULT,BLANCO,2,,57,MASCULINO,CON CERTIFICADO,0,0,Morelia,Sentimientos de La Nacion,agosto,domingo,1,-101.235365867615,19.6812932114561
8251,8251,2017,"170934414",2017/08/13,"02:15:00",SUBIDA AL CAMELLÓN,ASFALTO,Nublado,Regular,1,NISSAN,ROJO,1,,26,MASCULINO,SIN DATOS,0,0,Morelia,Tzindurio de Morelos,agosto,domingo,2,-101.243879199028,19.7000970983879
8252,8252,2017,"170934390",2017/08/13,"02:30:00",COLISIÓN POR ALCANCE,ASFALTO,Bueno,Bueno,2,CHEVROLET,BLANCO,1,,,,SIN DATOS,0,0,Morelia,Nueva Jacarndas,agosto,domingo,3,-101.188620328903,19.6817023445016
8253,8253,2017,"170934388",2017/08/13,"02:50:00",COLISIÓN POR CORTE DE CIRCULACIÓN,ASFALTO,Lluvioso,Regular,2,CHEVROLET,BLANCO,2,,25,MASCULINO,SIN DATOS,0,0,Morelia,Loma de Los Piñones,agosto,domingo,3,-101.205078363419,19.6741407909067
8254,8254,2017,"170934549",2017/08/13,"05:20:00",COLISIÓN POR ALCANCE,ASFALTO,Bueno,Bueno,2,NISSAN,GRIS,2,,36,MASCULINO,SIN DATOS,0,0,Morelia,Villas Lomas del Paraiso,agosto,domingo,5,-101.182467341423,19.6754187538816
8255,8255,2017,"170934731",2017/08/13,"07:00:00",COLISIÓN CONTRA OBJETO FIJO,CONCRETO,Bueno,Bueno,1,ACURA,BLANCO,1,,29,MASCULINO,SIN DATOS,0,0,Morelia,Ricardo Flores Magon,agosto,domingo,7,-101.244056224823,19.7048595910168
8256,8256,2017,"170934787",2017/08/13,"09:00:00",COLISIÓN CONTRA OBJETO FIJO,ASFALTO,Bueno,Bueno,1,DODGE,GRIS,0,,,,,0,0,Morelia,Hermanos Lopez Rayon,agosto,domingo,9,-101.220248937607,19.6753126782913
8257,8257,2017,"170934993",2017/08/13,"09:45:00",COLISIÓN POR INVASIÓN DE CARRIL,ASFALTO,Bueno,Bueno,2,MERCURY,ARENA,2,,37,FEMENINO,SIN DATOS,0,0,Morelia,Division del Norte,agosto,domingo,10,-101.164115667343,19.7158587404539
8258,8258,2017,"170935064",2017/08/13,10:40:00,COLISIÓN CONTRA OBJETO FIJO,ASFALTO,Nublado,Regular,1,SIN DATOS,SIN DATOS,0,,,,,0,0,Morelia,Alberto Oviedo Mota,agosto,domingo,11,-101.197868585587,19.6812932114561
8259,8259,2017,"170935101",2017/08/13,10:40:00,COLISIÓN POR CORTE DE CIRCULACIÓN,ASFALTO,Bueno,Bueno,2,HONDA,ROJO,3,,30,FEMENINO,SIN DATOS,1,0,Morelia,Camelinas,agosto,domingo,11,-101.174190044403,19.6819700482744
8260,8260,2017,"170935470",2017/08/13,11:20:00,COLISIÓN POR CAMBIO DE CARRIL,ASFALTO,Bueno,Bueno,2,VENTO,BLANCO Y AZUL,2,,31,MASCULINO,SIN DATOS,0,0,Tarímbaro,Sin datos,agosto,domingo,11,-101.170866787434,19.7523732149429
8261,8261,2017,,2017/08/13,11:20:00,SALIDA DE SUPERFICIE DE RODAMIENTO,ASFALTO,Bueno,Bueno,1,NISSAN,NEGRO,1,,,,SIN DATOS,0,0,Gabriel Zamora,Sin datos,agosto,domingo,11,-102.064533233643,19.2658572138733
8262,8262,2017,"170935375",2017/08/13,11:45:00,COLISIÓN POR ALCANCE,CONCRETO,Nublado,Bueno,2,FORD,ROJO,2,,48,MASCULINO,CON CERTIFICADO,0,0,Morelia,Sin datos,agosto,domingo,12,-101.115599870682,19.7311845761612
8263,8263,2017,"170935639",2017/08/13,12:35:00,COLISIÓN POR ALCANCE,ASFALTO,Bueno,Bueno,2,NISSAN,BLANCO,2,,22,MASCULINO,SIN DATOS,0,0,Morelia,Isaac Arriaga,agosto,domingo,13,-101.172371506691,19.707389765382
8264,8264,2017,"170936146",2017/08/13,12:50:00,COLISIÓN POR CAMBIO DE CARRIL,ASFALTO,Nublado,Bueno,2,CHEVROLET,BLANCO Y ROJO,2,,28,MASCULINO,SIN DATOS,0,0,Morelia,Centro,agosto,domingo,13,-101.194825619459,19.6962574564559
8265,8265,2017,"170935864",2017/08/13,13:20:00,COLISIÓN POR CORTE DE CIRCULACIÓN,ASFALTO,Bueno,Bueno,2,NISSAN,BLANCO,2,,46,MASCULINO,SIN DATOS,0,0,Morelia,Agustin Arriaga Rivera,agosto,domingo,13,-101.225227117538,19.6905615864461
8266,8266,2017,"170935831",2017/08/13,13:30:00,COLISIÓN POR ALCANCE,ASFALTO,Nublado,Regular,2,FORD,BLANCO,1,MINISTERIO PÚBLICO,57,MASCULINO,SIN DATOS,0,0,Morelia,Leon Guzman,agosto,domingo,14,-101.204776614904,19.7275640747571
8267,8267,2017,"170936145",2017/08/13,14:10:00,COLISIÓN POR CORTE DE CIRCULACIÓN,ASFALTO,Bueno,Bueno,2,NISSAN,VERDE,2,,23,MASCULINO,SIN DATOS,0,0,Morelia,Libertad,agosto,domingo,14,-101.236921548843,19.684808690943
8268,8268,2017,"170936894",2017/08/13,16:40:00,COLISIÓN POR CORTE DE CIRCULACIÓN,ASFALTO,Bueno,Bueno,2,NISSAN,BLANCO Y ROJO,2,,30,FEMENINO,SIN DATOS,0,0,Morelia,Centro,agosto,domingo,17,-101.196066141129,19.7020162535093
8269,8269,2017,"170937221",2017/08/13,18:00:00,COLISIÓN POR ALCANCE,ASFALTO,Bueno,Bueno,2,CHEVROLET,GRIS,2,,70,MASCULINO,SIN DATOS,0,0,Morelia,Asociacion Zirahuen,agosto,domingo,18,-101.250193119049,19.6986779188763
8270,8270,2017,"170937826",2017/08/13,20:55:00,SALIDA DE SUPERFICIE DE RODAMIENTO,CONCRETO,Nublado,Regular,1,NISSAN,GRIS,1,,31,MASCULINO,SIN DATOS,0,0,Morelia,Virrey Antonio de Mendoza,agosto,domingo,21,-101.160671710968,19.7081927464851
8271,8271,2017,"170938024",2017/08/13,22:00:00,COLISIÓN POR CORTE DE CIRCULACIÓN,ASFALTO,Bueno,Bueno,2,FORD,VERDE,2,,,,SIN DATOS,0,0,Morelia,Sin datos,agosto,domingo,22,-101.375956535339,19.5515808485483
8272,8272,2017,"170938297",2017/08/13,22:35:00,VOLCADURA,ASFALTO,Bueno,Bueno,1,HONDA,VERDE,0,,,,,0,0,Morelia,Dr Miguel Silva,agosto,domingo,23,-101.188223361969,19.7212418867677
8273,8273,2017,,2017/08/14,"01:56:00",SALIDA DE SUPERFICIE DE RODAMIENTO,TERRACERIA,Nublado,Regular,1,PONTIAC,GRIS,0,,,,,0,0,Pátzcuaro,Vuelta de Los Reyes,agosto,lunes,2,-101.604963541031,19.5050469218727
8274,8274,2017,"170938597",2017/08/14,"02:15:00",COLISIÓN CONTRA OBJETO FIJO,ASFALTO,Lluvioso,Regular,1,NISSAN,GRIS,1,,21,MASCULINO,CON CERTIFICADO,0,0,Morelia,Cuauhtemoc,agosto,lunes,2,-101.179280877113,19.6935768494629
8275,8275,2017,"170938646",2017/08/14,"03:05:00",SUBIDA AL CAMELLÓN,ASFALTO,Bueno,Bueno,1,NISSAN,BLANCO Y ROJO,1,,47,MASCULINO,SIN DATOS,0,0,Morelia,Barrio Alto,agosto,lunes,3,-101.1945104599,19.7244131113684
8276,8276,2017,"170938637",2017/08/14,"03:20:00",SALIDA DE SUPERFICIE DE RODAMIENTO,ASFALTO,Lluvioso,Regular,1,VOLKSWAGEN,AZUL,1,MINISTERIO PÚBLICO,,,SIN DATOS,0,0,Morelia,Enrique Arreguin Robles,agosto,lunes,3,-101.178840994835,19.7203127262399