fid,id_accidente,anio_origen,folio_c5i,dia_incidente,hora_ocurrencia,tipo_incidente_vial,superficie_ocurrencia,condiciones_climaticas,condiciones_via,numero_vehiculos_involucrados,marca_vehiculo_ocasiona_siniestro,color_vehiculo_ocasiona_siniestro,numero_personas_involucradas,lugar_remite_presunto_responsable,edad_presunto_responsable,sexo_presunto_responsable,resultados_toxicologia,numero_personas_lesionadas,numero_personas_fallecidas,municipio,colonia,mes,dia_semana,hora_redondeada,lon,lat
8277,8277,2017,"170939375",2017/08/14,11:35:00,COLISIÓN POR CORTE DE CIRCULACIÓN,CONCRETO,Bueno,Bueno,2,NISSAN,CAPUCHINO,2,,62,FEMENINO,SIN DATOS,0,0,Morelia,Felicitas del Rio,agosto,lunes,12,-101.2002825737,19.6934354313613
8278,8278,2017,,2017/08/14,12:30:00,COLISIÓN POR CAMBIO DE CARRIL,ASFALTO,Bueno,Bueno,3,FORD,AZUL,2,,,,SIN DATOS,0,0,Apatzingán,Buenos Aires,agosto,lunes,13,-102.359855175018,19.0981330994873
8279,8279,2017,"170940127",2017/08/14,14:00:00,COLISIÓN POR ALCANCE,ASFALTO,Nublado,Bueno,2,TOYOTA,METALICO,2,,48,MASCULINO,SIN DATOS,0,0,Morelia,Chapultepec Sur,agosto,lunes,14,-101.177870035172,19.690788869557
8280,8280,2017,"170939838",2017/08/14,14:05:00,COLISIÓN POR CAMBIO DE CARRIL,ASFALTO,Bueno,Regular,3,VOLKSWAGEN,BLANCO,3,,38,FEMENINO,SIN DATOS,0,0,Morelia,Las Americas,agosto,lunes,14,-101.153472661972,19.6873947415346
8281,8281,2017,"170940065",2017/08/14,14:30:00,COLISIÓN POR ALCANCE,ASFALTO,Bueno,Bueno,2,VOLKSWAGEN,PLATA,2,,61,MASCULINO,SIN DATOS,0,0,Morelia,Centro,agosto,lunes,15,-101.180069446564,19.7009405193948
8282,8282,2017,"170940070",2017/08/14,15:20:00,COLISIÓN POR INVASIÓN DE CARRIL,ASFALTO,Bueno,Bueno,2,VOLKSWAGEN,ROJO,2,,34,MASCULINO,SIN DATOS,0,0,Morelia,Ciudad Industrial,agosto,lunes,15,-101.143060326576,19.7251958083948
8283,8283,2017,"170947103",2017/08/14,20:00:00,COLISIÓN POR CORTE DE CIRCULACIÓN,CONCRETO,Bueno,Bueno,2,DINAMO,NARANJA,2,,25,,SIN DATOS,0,0,Morelia,Guadalupe,agosto,lunes,20,-101.225532889366,19.7067736387835
8284,8284,2017,"170941179",2017/08/14,20:00:00,COLISIÓN POR CAMBIO DE CARRIL,ASFALTO,Nublado,Bueno,2,CHEVROLET,GRIS,2,,69,MASCULINO,CON CERTIFICADO,0,0,Morelia,Libertad,agosto,lunes,20,-101.236878633499,19.6848288946251
8285,8285,2017,"170949461",2017/08/14,21:20:00,COLISIÓN POR CORTE DE CIRCULACIÓN,ASFALTO,Bueno,Bueno,1,VOLKSWAGEN,BLANCO Y ROJO,1,,29,MASCULINO,SIN DATOS,0,0,Morelia,El Lago 1,agosto,lunes,21,-101.2179261446,19.7274277362812
8286,8286,2017,"170081993",2017/08/14,21:40:00,VOLCADURA,ASFALTO,Bueno,Bueno,1,GMC,ARENA,1,,,,SIN DATOS,0,0,Morelia,Sin datos,agosto,lunes,22,-101.25030040741,19.7951736059029
8287,8287,2017,"170941742",2017/08/14,22:40:00,COLISIÓN POR INVASIÓN DE CARRIL,CONCRETO,Bueno,Bueno,2,VOLKSWAGEN,VERDE,2,,27,MASCULINO,CON CERTIFICADO,0,0,Morelia,Independencia,agosto,lunes,23,-101.177652073665,19.7074485626505
8288,8288,2017,"170941852",2017/08/14,23:00:00,VOLCADURA,ASFALTO,Nublado,Bueno,1,FORD,VERDE,1,,29,MASCULINO,CON CERTIFICADO,0,0,Morelia,Felix Ireta,agosto,lunes,23,-101.195725500584,19.6815634414243
8289,8289,2017,"170942210",2017/08/15,"06:55:00",COLISIÓN POR ALCANCE,ASFALTO,Bueno,Bueno,3,VOLKSWAGEN,GRIS,3,,28,MASCULINO,SIN DATOS,0,0,Morelia,La Esperanza,agosto,martes,7,-101.253781914711,19.6978647890008
8290,8290,2017,,2017/08/15,"08:20:00",SALIDA DE SUPERFICIE DE RODAMIENTO,ASFALTO,Bueno,Regular,1,BMW,BLANCO,1,,32,MASCULINO,SIN DATOS,0,0,Cuitzeo,Sin datos,agosto,martes,8,-101.198008060455,19.9635271377325
8291,8291,2017,"170942446",2017/08/15,"09:00:00",COLISIÓN POR NO RESPETAR SEMÁFORO,ASFALTO,Bueno,Bueno,2,CHEVROLET,GUINDA,2,,32,MASCULINO,SIN DATOS,0,0,Morelia,San Rafael,agosto,martes,9,-101.153891086578,19.6998193240293
8292,8292,2017,"170942407",2017/08/15,"09:12:00",COLISIÓN POR ALCANCE,ASFALTO,Bueno,Regular,2,VENTO,NEGRO,3,,27,MASCULINO,SIN DATOS,1,0,Morelia,Tinijaro,agosto,martes,9,-101.258046627045,19.6972233730787
8293,8293,2017,"170942485",2017/08/15,"09:50:00",COLISIÓN POR ALCANCE,ASFALTO,Bueno,Bueno,2,CHEVROLET,VINO,2,,23,MASCULINO,SIN DATOS,0,0,Morelia,Primo Tapia Oriente,agosto,martes,10,-101.159089207649,19.7133135500069
8294,8294,2017,"170942616",2017/08/15,10:38:00,COLISIÓN POR ALCANCE,ASFALTO,Bueno,Bueno,3,TOYOTA,BLANCO,3,,53,MASCULINO,SIN DATOS,0,0,Morelia,La Esperanza,agosto,martes,11,-101.252328157425,19.6982031727428
8295,8295,2017,"170943361",2017/08/15,14:20:00,COLISIÓN POR CORTE DE CIRCULACIÓN,ASFALTO,Bueno,Bueno,2,VOLKSWAGEN,AZUL,2,,26,MASCULINO,SIN DATOS,0,0,Morelia,Sentimientos de La Nacion,agosto,martes,14,-101.231900453567,19.6778079616682
8296,8296,2017,"170943708",2017/08/15,14:55:00,COLISIÓN POR CAMBIO DE CARRIL,ASFALTO,Bueno,Bueno,2,INTERNATIONAL,AMARILLO Y NARANJA,2,,50,MASCULINO,SIN DATOS,0,0,Morelia,Morelos,agosto,martes,15,-101.207615733147,19.7010869812723
8297,8297,2017,"170943661",2017/08/15,15:05:00,COLISIÓN POR CORTE DE CIRCULACIÓN,ASFALTO,Bueno,Regular,2,DODGE,AZUL,2,,32,MASCULINO,SIN DATOS,0,0,Morelia,Felicitas del Rio,agosto,martes,15,-101.200438141823,19.6902534910472
8298,8298,2017,"170943854",2017/08/15,15:10:00,COLISIÓN POR CORTE DE CIRCULACIÓN,CONCRETO,Bueno,Bueno,2,VOLKSWAGEN,BLANCO,2,MINISTERIO PÚBLICO,41,FEMENINO,SIN DATOS,0,0,Morelia,Infonavit Colonial Universidad,agosto,martes,15,-101.204139590263,19.6864401300655
8299,8299,2017,"1709801046",2017/08/15,15:20:00,COLISIÓN POR CAMBIO DE CARRIL,CONCRETO,Bueno,Bueno,2,VOLKSWAGEN,ROJO,2,MINISTERIO PÚBLICO,37,MASCULINO,SIN DATOS,0,0,Morelia,La Loma,agosto,martes,15,-101.181474924088,19.6799092227908
8300,8300,2017,"170943835",2017/08/15,16:00:00,CAIDA DE MOTOCICLETA,ASFALTO,Bueno,Bueno,1,YAMAHA,NARANJA,2,,32,MASCULINO,SIN DATOS,1,0,Morelia,Nueva Jacarndas,agosto,martes,16,-101.190430819988,19.6823791795911
8301,8301,2017,"170944039",2017/08/15,17:00:00,COLISIÓN POR MANIOBRA DE REVERSA,ASFALTO,Bueno,Bueno,2,FORD,ROJO,2,,19,FEMENINO,SIN DATOS,0,0,Morelia,La Loma,agosto,martes,17,-101.185095906258,19.6810936955796
8302,8302,2017,"170944298",2017/08/15,17:40:00,COLISIÓN POR CAMBIO DE CARRIL,ASFALTO,Bueno,Bueno,2,NISSAN,BLANCO,2,,23,MASCULINO,SIN DATOS,0,0,Morelia,Lazaro Cardenas,agosto,martes,18,-101.162801384926,19.7081674955684
8303,8303,2017,"170944308",2017/08/15,18:00:00,COLISIÓN POR CAMBIO DE CARRIL,ASFALTO,Bueno,Bueno,2,NISSAN,BLANCO,2,,55,MASCULINO,SIN DATOS,0,0,Morelia,El Lago 2,agosto,martes,18,-101.213988661766,19.7254987868597
8304,8304,2017,"170944985",2017/08/15,20:05:00,SALIDA DE SUPERFICIE DE RODAMIENTO,ASFALTO,Lluvioso,Bueno,1,DODGE,NEGRO,1,,49,MASCULINO,SIN DATOS,0,0,Morelia,Puerta Tres Marias,agosto,martes,20,-101.140308380127,19.6912131305008
8305,8305,2017,"170944801",2017/08/15,20:20:00,VOLCADURA,ASFALTO,Lluvioso,Bueno,1,DODGE,GRIS,1,,30,MASCULINO,SIN DATOS,0,0,Morelia,El Eden,agosto,martes,20,-101.254463195801,19.6419206354915
8306,8306,2017,"170445010",2017/08/15,21:00:00,COLISIÓN POR ALCANCE,CONCRETO,Bueno,Bueno,2,NISSAN,BLANCO Y NARANJA,2,,28,MASCULINO,SIN DATOS,0,0,Morelia,Industrial,agosto,martes,21,-101.188470125198,19.7113440295954
8307,8307,2017,"170945060",2017/08/15,21:25:00,COLISIÓN POR CORTE DE CIRCULACIÓN,ASFALTO,Bueno,Bueno,2,NISSAN,BLANCO,2,,29,MASCULINO,SIN DATOS,0,0,Morelia,Isaac Arriaga,agosto,martes,21,-101.175799369812,19.7059201480176
8308,8308,2017,"170945426",2017/08/15,23:20:00,COLISIÓN POR CAMBIO DE CARRIL,ASFALTO,Nublado,Regular,2,RENAULT,BLANCO,2,,26,MASCULINO,SIN DATOS,0,0,Morelia,Centro,agosto,martes,23,-101.191715598106,19.6971930699006
8309,8309,2017,"170995493",2017/08/16,"00:20:00",COLISIÓN POR INVASIÓN DE CARRIL,ASFALTO,Bueno,Bueno,2,MITSUBISHI,BLANCO,1,,46,MASCULINO,SIN DATOS,0,0,Tarímbaro,Sin datos,agosto,miércoles,0,-101.171078681946,19.752325251464
8310,8310,2017,"170945659",2017/08/16,"03:50:00",SALIDA DE SUPERFICIE DE RODAMIENTO,ASFALTO,Lluvioso,Regular,1,MAZDA,GUINDA,1,,27,FEMENINO,SIN DATOS,0,0,Morelia,Tres Puentes,agosto,miércoles,4,-101.213800907135,19.7028192615846
8311,8311,2017,"170945823",2017/08/16,"08:00:00",COLISIÓN CONTRA OBJETO FIJO,ASFALTO,Bueno,Bueno,2,SIN DATOS,SIN DATOS,1,,,,SIN DATOS,0,0,Morelia,Campestre del Vergel,agosto,miércoles,8,-101.241303401787,19.6753590950906
8312,8312,2017,"170946207",2017/08/16,10:20:00,COLISIÓN POR ALCANCE,ASFALTO,Bueno,Bueno,2,NISSAN,BLANCO,2,,26,MASCULINO,SIN DATOS,0,0,Morelia,Felix Ireta,agosto,miércoles,10,-101.191012859344,19.6824246385618
8313,8313,2017,,2017/08/16,10:40:00,COLISIÓN POR CAMBIO DE CARRIL,ASFALTO,Nublado,Bueno,2,Sin,SIN DATO,1,,,,SIN DATOS,0,0,Apatzingán,Las Palmas,agosto,miércoles,11,-102.350875139236,19.0759286976413
8314,8314,2017,"170946380",2017/08/16,10:45:00,COLISIÓN POR CAMBIO DE CARRIL,CONCRETO,Bueno,Bueno,2,TOYOTA,BLANCO Y ROJO,2,,26,MASCULINO,SIN DATOS,0,0,Morelia,Vasco de Quiroga,agosto,miércoles,11,-101.175080537796,19.6981324657514
8315,8315,2017,,2017/08/16,10:50:00,COLISIÓN POR NO RESPETAR SEMÁFORO,ASFALTO,Bueno,Bueno,2,HONDA,AMARILLO,2,,20,MASCULINO,SIN DATOS,0,0,Morelia,Lomas de Huerta,agosto,miércoles,11,-101.212878227234,19.6736053567493
8316,8316,2017,"170946405",2017/08/16,10:53:00,COLISIÓN POR CORTE DE CIRCULACIÓN,CONCRETO,Bueno,Bueno,2,CHEVROLET,NEGRO,2,,22,MASCULINO,SIN DATOS,0,0,Morelia,Felicitas del Rio,agosto,miércoles,11,-101.201580762863,19.6908545290623
8317,8317,2017,"170946456",2017/08/16,11:25:00,COLISIÓN POR CAMBIO DE CARRIL,CONCRETO,Nublado,Bueno,2,DINA,BLANCO,2,,38,MASCULINO,SIN DATOS,0,0,Morelia,Centro,agosto,miércoles,11,-101.200304031372,19.7058746957189
8318,8318,2017,"170946858",2017/08/16,13:25:00,COLISIÓN POR ALCANCE,ASFALTO,Bueno,Bueno,2,VOLKSWAGEN,AZUL,2,,57,MASCULINO,SIN DATOS,0,0,Morelia,Molino de Parras,agosto,miércoles,13,-101.200140416622,19.6977814555814
8319,8319,2017,,2017/08/16,13:55:00,COLISIÓN POR CAMBIO DE CARRIL,ASFALTO,Bueno,Bueno,2,CHEVROLET,AZUL,2,MINISTERIO PÚBLICO,25,MASCULINO,SIN DATOS,0,0,Morelia,Club Campestre La Huerta,agosto,miércoles,14,-101.234706044197,19.6667051678311
8320,8320,2017,"170947121",2017/08/16,14:30:00,COLISIÓN POR ALCANCE,ASFALTO,Bueno,Bueno,2,NISSAN,BLANCO,2,,,FEMENINO,SIN DATOS,0,0,Morelia,Santiaguito,agosto,miércoles,15,-101.18868470192,19.7187169814258
8321,8321,2017,"170947582",2017/08/16,15:30:00,COLISIÓN POR ALCANCE,ADOQUIN_EMPEDRADO,Bueno,Bueno,2,CHEVROLET,BLANCO,2,,27,MASCULINO,SIN DATOS,0,0,Morelia,Independencia,agosto,miércoles,16,-101.176496744156,19.7154395948138
8322,8322,2017,"170948008",2017/08/16,17:20:00,COLISIÓN POR CAMBIO DE CARRIL,ASFALTO,Bueno,Bueno,4,NISSAN,CAPUCHINO,4,MINISTERIO PÚBLICO,29,MASCULINO,SIN DATOS,0,0,Morelia,Ampliacion La Soledad,agosto,miércoles,17,-101.183229088783,19.7300938898131
8323,8323,2017,"170948769",2017/08/16,19:20:00,SALIDA DE SUPERFICIE DE RODAMIENTO,CONCRETO,Bueno,Regular,3,HONDA,AZUL,3,,21,MASCULINO,SIN DATOS,0,0,Morelia,Margarita Maza de Juarez,agosto,miércoles,19,-101.253843605518,19.6944569218051
8324,8324,2017,"170948643",2017/08/16,19:25:00,COLISIÓN POR ALCANCE,ASFALTO,Bueno,Bueno,2,DODGE,GRIS,2,,48,MASCULINO,SIN DATOS,0,0,Morelia,Chapultepec Oriente,agosto,miércoles,19,-101.159062385559,19.6881725688944
8325,8325,2017,"170948905",2017/08/16,20:05:00,COLISIÓN POR ALCANCE,CONCRETO,Bueno,Bueno,2,KENWORTH,NEGRO Y GRIS,2,MINISTERIO PÚBLICO,41,MASCULINO,SIN DATOS,0,0,Morelia,Elias Perez Avalos,agosto,miércoles,20,-101.167493239045,19.7134164441565
8326,8326,2017,,2017/08/16,21:10:00,COLISIÓN POR CORTE DE CIRCULACIÓN,SIN_DATOS,Bueno,Bueno,1,VOLKSWAGEN,NEGRO,1,,,,SIN DATOS,0,0,Morelia,Comision Federal de Electricidad,agosto,miércoles,21,-101.180064082146,19.6814952525968
8327,8327,2017,"170949167",2017/08/16,21:30:00,COLISIÓN POR CORTE DE CIRCULACIÓN,ASFALTO,Bueno,Bueno,2,YAMAHA,BLANCO,2,,26,MASCULINO,SIN DATOS,0,0,Morelia,Campestre Los Manantiales,agosto,miércoles,22,-101.238144636154,19.6877482998938
8329,8329,2017,"170950010",2017/08/17,"08:50:00",COLISIÓN POR ALCANCE,CONCRETO,Bueno,Bueno,2,NISSAN,ROJO,2,MINISTERIO PÚBLICO,68,MASCULINO,SIN DATOS,0,0,Morelia,Centro,agosto,jueves,9,-101.200175285339,19.7030364265981
8330,8330,2017,"170950081",2017/08/17,"09:15:00",VOLCADURA,ASFALTO,Bueno,Regular,1,SEAT,AMARILLO,1,,23,MASCULINO,SIN DATOS,0,0,Morelia,Leandro Valle,agosto,jueves,9,-101.23055934906,19.715969839114
8331,8331,2017,,2017/08/17,11:20:00,COLISIÓN CONTRA OBJETO FIJO,CONCRETO,Bueno,Bueno,1,NISSAN,BLANCO Y AMARILLO,2,MINISTERIO PÚBLICO,57,MASCULINO,SIN DATOS,1,0,Morelia,Francisco J Mujica,agosto,jueves,11,-101.188223361969,19.72139337982
8332,8332,2017,"170950615",2017/08/17,12:00:00,COLISIÓN POR CORTE DE CIRCULACIÓN,ASFALTO,Bueno,Bueno,2,DODGE,PLATA,2,,38,MASCULINO,SIN DATOS,0,0,Morelia,Ventura Puente,agosto,jueves,12,-101.195347309113,19.6922737779415
8333,8333,2017,"170951002",2017/08/17,12:30:00,COLISIÓN CONTRA OBJETO FIJO,ASFALTO,Bueno,Regular,1,FORD,NEGRO,1,,33,FEMENINO,SIN DATOS,0,0,Morelia,Leandro Valle,agosto,jueves,13,-101.229218244553,19.7180302002735
8334,8334,2017,"170950145",2017/08/17,12:38:00,COLISIÓN POR CORTE DE CIRCULACIÓN,ASFALTO,Bueno,Regular,2,NISSAN,BLANCO Y GRIS,2,,21,MASCULINO,SIN DATOS,0,0,Morelia,Las Americas,agosto,jueves,13,-101.152131557465,19.6885261255362
8335,8335,2017,"170951000",2017/08/17,13:50:00,COLISIÓN POR MANIOBRA DE REVERSA,ASFALTO,Bueno,Regular,2,DODGE,BLANCO,2,,19,MASCULINO,SIN DATOS,0,0,Morelia,Torreon Nuevo,agosto,jueves,14,-101.198329925537,19.7352038930438
8336,8336,2017,"170951195",2017/08/17,13:57:00,COLISIÓN POR CAMBIO DE CARRIL,ASFALTO,Bueno,Regular,2,FREIGHTLINER,BLANCO,2,,40,MASCULINO,SIN DATOS,0,0,Morelia,Reforma,agosto,jueves,14,-101.241406202316,19.7058393439221
8337,8337,2017,"170951123",2017/08/17,14:00:00,COLISIÓN POR CORTE DE CIRCULACIÓN,ASFALTO,Bueno,Bueno,1,TOYOTA,BLANCO,1,,22,MASCULINO,SIN DATOS,0,0,Morelia,Tierra Y Libertad,agosto,jueves,14,-101.23055934906,19.7157072421566
8338,8338,2017,"17096106",2017/08/17,14:10:00,COLISIÓN POR ALCANCE,ASFALTO,Bueno,Bueno,2,ITALIKA,ROJO,2,,29,MASCULINO,SIN DATOS,0,0,Morelia,Prados Verdes,agosto,jueves,14,-101.197493076324,19.7137377512282
8339,8339,2017,"170951147",2017/08/17,14:30:00,COLISIÓN POR ALCANCE,ASFALTO,Bueno,Bueno,3,DODGE,PLATA,3,,44,MASCULINO,SIN DATOS,0,0,Morelia,Camelinas,agosto,jueves,15,-101.174232959747,19.6818690280353
8340,8340,2017,"170951411",2017/08/17,15:20:00,COLISIÓN POR CORTE DE CIRCULACIÓN,ASFALTO,Bueno,Bueno,2,VOLKSWAGEN,GRIS,2,,66,MASCULINO,SIN DATOS,0,0,Morelia,Centro,agosto,jueves,15,-101.177687644958,19.7033192457087
8341,8341,2017,"170951610",2017/08/17,15:28:00,COLISIÓN POR ALCANCE,CONCRETO,Bueno,Bueno,2,CHEVROLET,ROJO,2,,31,MASCULINO,SIN DATOS,0,0,Morelia,La Aldea,agosto,jueves,15,-101.135587692261,19.7454082619791
8342,8342,2017,"170951693",2017/08/17,17:00:00,COLISIÓN POR CORTE DE CIRCULACIÓN,ASFALTO,Lluvioso,Regular,2,CHRYSLER,PLATA,2,,39,FEMENINO,SIN DATOS,0,0,Morelia,Felix Ireta,agosto,jueves,17,-101.180847287178,19.6849551675805
8343,8343,2017,"170971743",2017/08/17,17:00:00,VOLCADURA,ASFALTO,Nublado,Regular,1,NISSAN,BLANCO,0,,,,,0,0,Morelia,3 de Agosto,agosto,jueves,17,-101.165306568146,19.7279882381604
8344,8344,2017,"170951993",2017/08/17,17:20:00,COLISIÓN POR CORTE DE CIRCULACIÓN,ASFALTO,Bueno,Bueno,2,CHEVROLET,BLANCO Y ROSA,2,,50,MASCULINO,SIN DATOS,0,0,Morelia,Nueva Chapultepec,agosto,jueves,17,-101.172119379044,19.690283795539
8345,8345,2017,,2017/08/17,17:21:00,COLISIÓN POR ALCANCE,ASFALTO,Bueno,Bueno,3,CHRYSLER,GRIS,3,,43,MASCULINO,SIN DATOS,0,0,Morelia,Lomas de Morelia (Dr Ignacio Chavez),agosto,jueves,17,-101.174983978271,19.7171818194825
8346,8346,2017,"170952129",2017/08/17,17:50:00,COLISIÓN CONTRA OBJETO FIJO,ASFALTO,Nublado,Bueno,2,NISSAN,BLANCO Y ROJO,2,,69,MASCULINO,SIN DATOS,0,0,Morelia,Villas del Real,agosto,jueves,18,-101.202337145805,19.73339622284
8347,8347,2017,"170952367",2017/08/17,19:15:00,COLISIÓN POR CORTE DE CIRCULACIÓN,ASFALTO,Lluvioso,Regular,2,VOLKSWAGEN,ROJO,2,,53,FEMENINO,SIN DATOS,0,0,Morelia,Ana Maria Gallaga (Riviera Norte),agosto,jueves,19,-101.224309802055,19.6782575126392
8348,8348,2017,"170952719",2017/08/17,19:50:00,COLISIÓN POR CORTE DE CIRCULACIÓN,ASFALTO,Bueno,Bueno,2,CHEVROLET,BLANCO,2,,22,MASCULINO,SIN DATOS,0,0,Morelia,Lomas de Las Americas Norte,agosto,jueves,20,-101.148988008499,19.6947283922111
8349,8349,2017,,2017/08/17,20:00:00,COLISIÓN POR ALCANCE,ASFALTO,Bueno,Bueno,2,FORD,BLANCO,2,,44,MASCULINO,SIN DATOS,0,0,Pátzcuaro,Centro,agosto,jueves,20,-101.607082486153,19.5195383885631
8350,8350,2017,,2017/08/18,"00:00:00",COLISIÓN POR ALCANCE,ASFALTO,Bueno,Bueno,2,FORD,BLANCA,2,,,,SIN DATOS,1,0,Tacámbaro,Sin datos,agosto,viernes,0,-101.493995189667,19.2268800513218
8351,8351,2017,"170953510",2017/08/18,"01:40:00",CAIDA ACUATICA DE VEHÍCULO,CONCRETO,Bueno,Bueno,1,VOLKSWAGEN,AZUL,0,MINISTERIO PÚBLICO,,,,0,0,Morelia,Ampliacion La Soledad,agosto,viernes,2,-101.184275150299,19.7321187229002
8352,8352,2017,,2017/08/18,"06:10:00",COLISIÓN POR ALCANCE,ASFALTO,Bueno,Bueno,1,CHEVROLET,VERDE,0,,,,,0,0,Morelia,Leandro Valle,agosto,viernes,6,-101.229314804077,19.7178888037876
8353,8353,2017,"1700853715",2017/08/18,"06:50:00",SUBIDA AL CAMELLÓN,ASFALTO,Bueno,Bueno,1,VOLKSWAGEN,ROJO,1,,33,MASCULINO,SIN DATOS,0,0,Morelia,Rafael Carrillo,agosto,viernes,7,-101.236470937729,19.7078998356064
8354,8354,2017,"170953787",2017/08/18,"08:15:00",COLISIÓN POR CORTE DE CIRCULACIÓN,ASFALTO,Bueno,Bueno,2,VOLKSWAGEN,PLATA,2,,29,MASCULINO,SIN DATOS,0,0,Morelia,Prados Verdes,agosto,viernes,8,-101.201435923576,19.7149396485772
8355,8355,2017,"170953951",2017/08/18,"09:05:00",COLISIÓN POR ALCANCE,CONCRETO,Bueno,Bueno,2,FORD,VINO,2,,16,MASCULINO,SIN DATOS,0,0,Morelia,Centro,agosto,viernes,9,-101.187863945961,19.7029000672054
8356,8356,2017,"170454072",2017/08/18,10:30:00,COLISIÓN POR CORTE DE CIRCULACIÓN,CONCRETO,Bueno,Bueno,2,CHEVROLET,NEGRO,2,,17,MASCULINO,SIN DATOS,0,0,Morelia,Chapultepec Oriente,agosto,viernes,11,-101.164373159409,19.6887483607401
8357,8357,2017,"170954241",2017/08/18,10:35:00,COLISIÓN POR CAMBIO DE CARRIL,ASFALTO,Bueno,Regular,2,RENAULT,NEGRO,2,,32,FEMENINO,SIN DATOS,0,0,Morelia,La Quemada,agosto,viernes,11,-101.240150928497,19.7011930397895
8358,8358,2017,"170954745",2017/08/18,12:55:00,COLISIÓN POR INVASIÓN DE CARRIL,ASFALTO,Bueno,Bueno,2,VOLKSWAGEN,PLATA,2,,32,MASCULINO,SIN DATOS,0,0,Morelia,Felix Ireta,agosto,viernes,13,-101.180423498154,19.6870310806936
8360,8360,2017,"170955031",2017/08/18,13:30:00,COLISIÓN CONTRA OBJETO FIJO,CONCRETO,Bueno,Bueno,2,NISSAN,BLANCO,2,,27,MASCULINO,SIN DATOS,0,0,Morelia,Villas de La Esperanza,agosto,viernes,14,-101.275202035904,19.6928697577055
8361,8361,2017,"170954991",2017/08/18,13:40:00,COLISIÓN POR ALCANCE,ASFALTO,Bueno,Bueno,2,DINA,BLANCO,2,,38,MASCULINO,SIN DATOS,0,0,Morelia,Diego Rivera,agosto,viernes,14,-101.174297332764,19.7167576273986
8362,8362,2017,"170954864",2017/08/18,13:40:00,COLISIÓN POR CORTE DE CIRCULACIÓN,CONCRETO,Bueno,Bueno,2,NISSAN,BLANCO,2,,61,MASCULINO,SIN DATOS,0,0,Morelia,Melchor Ocampo,agosto,viernes,14,-101.202937960625,19.7072382590614
8363,8363,2017,"170957462",2017/08/18,14:00:00,COLISIÓN POR CAMBIO DE CARRIL,ASFALTO,Bueno,Bueno,2,CHEVROLET,BLANCO,2,,41,MASCULINO,SIN DATOS,0,0,Morelia,Centro,agosto,viernes,14,-101.190369129181,19.7080917427944
8364,8364,2017,"170955418",2017/08/18,15:40:00,COLISIÓN CONTRA OBJETO FIJO,CONCRETO,Bueno,Bueno,2,NISSAN,BLANCO Y ROJO,2,,33,MASCULINO,SIN DATOS,0,0,Morelia,Felix Ireta,agosto,viernes,16,-101.188212633133,19.6864855878835
8365,8365,2017,"170955692",2017/08/18,16:15:00,COLISIÓN POR CAMBIO DE CARRIL,ASFALTO,Bueno,Bueno,2,TOYOTA,GRIS,2,,29,MASCULINO,SIN DATOS,0,0,Morelia,Elias Perez Avalos,agosto,viernes,16,-101.165714263916,19.7104148115437
8366,8366,2017,"170956078",2017/08/18,17:30:00,COLISIÓN POR ALCANCE,CONCRETO,Bueno,Bueno,2,NISSAN,BLANCO,2,,74,MASCULINO,SIN DATOS,0,0,Morelia,Centro,agosto,viernes,18,-101.194350868464,19.696906452058
8367,8367,2017,"170956011",2017/08/18,18:00:00,COLISIÓN POR CORTE DE CIRCULACIÓN,CONCRETO,Bueno,Bueno,2,MAZDA,GRIS,2,,32,MASCULINO,SIN DATOS,0,0,Morelia,La Loma,agosto,viernes,18,-101.185337305069,19.6804092784692
8368,8368,2017,"170955987",2017/08/18,18:10:00,COLISIÓN POR CORTE DE CIRCULACIÓN,SIN_DATOS,Bueno,Bueno,1,ITALIKA,ROJO,2,,,,,2,0,Morelia,Enrique Arreguin Robles,agosto,viernes,18,-101.178921461105,19.720292527038
8369,8369,2017,"170956304",2017/08/18,18:52:00,COLISIÓN POR ALCANCE,ASFALTO,Bueno,Bueno,2,HONDA,AMARENTO,2,,32,FEMENINO,SIN DATOS,0,0,Morelia,Elias Perez Avalos,agosto,viernes,19,-101.169512271881,19.7133640502113
8370,8370,2017,"170956531",2017/08/18,20:20:00,COLISIÓN POR ALCANCE,CONCRETO,Bueno,Bueno,2,SIN DATOS,SIN DATOS,1,,25,MASCULINO,SIN DATOS,0,0,Morelia,Centro,agosto,viernes,20,-101.191817522049,19.6960112414824
8371,8371,2017,"170956586",2017/08/18,20:30:00,COLISIÓN POR CORTE DE CIRCULACIÓN,ASFALTO,Nublado,Bueno,2,FORD,ROJO,2,,69,MASCULINO,CON CERTIFICADO,0,0,Morelia,Las Flores,agosto,viernes,21,-101.207942962646,19.7065059764891
8372,8372,2017,"170956987",2017/08/18,21:10:00,COLISIÓN POR ALCANCE,CONCRETO,Nublado,Bueno,2,CHEVROLET,GRIS,2,,53,MASCULINO,SIN DATOS,0,0,Morelia,Ferrocarrilero,agosto,viernes,21,-101.214069128036,19.7006980994409