fid,id_accidente,anio_origen,folio_c5i,dia_incidente,hora_ocurrencia,tipo_incidente_vial,superficie_ocurrencia,condiciones_climaticas,condiciones_via,numero_vehiculos_involucrados,marca_vehiculo_ocasiona_siniestro,color_vehiculo_ocasiona_siniestro,numero_personas_involucradas,lugar_remite_presunto_responsable,edad_presunto_responsable,sexo_presunto_responsable,resultados_toxicologia,numero_personas_lesionadas,numero_personas_fallecidas,municipio,colonia,mes,dia_semana,hora_redondeada,lon,lat
8373,8373,2017,"170892354",2017/08/18,22:40:00,COLISIÓN POR ALCANCE,ASFALTO,Bueno,Bueno,2,TOYOTA,GRIS,2,,29,,SIN DATOS,0,0,Morelia,Asociacion Zirahuen,agosto,viernes,23,-101.250123381615,19.6986678179094
8374,8374,2017,"170957418",2017/08/18,23:40:00,CAIDA ACUATICA DE VEHÍCULO,ASFALTO,Lluvioso,Regular,1,FORD,NEGRO,1,,22,MASCULINO,SIN DATOS,0,0,Morelia,Diego Rivera,agosto,viernes,0,-101.177805662155,19.7196663505131
8375,8375,2017,"170957430",2017/08/19,"00:35:00",COLISIÓN POR ALCANCE,ASFALTO,Bueno,Bueno,2,CHRYSLER,CEREZA,2,,39,MASCULINO,CON CERTIFICADO,0,0,Morelia,Centro,agosto,sábado,1,-101.19048178196,19.7029657217423
8376,8376,2017,,2017/08/19,"01:21:00",SUBIDA AL CAMELLÓN,ASFALTO,Bueno,Bueno,1,HONDA,Blanco,1,,40,MASCULINO,SIN DATOS,0,0,Apatzingán,Revolucion,agosto,sábado,1,-102.339813709259,19.0690132943242
8377,8377,2017,LEG8831,2017/08/19,"01:30:00",SALIDA DE SUPERFICIE DE RODAMIENTO,ASFALTO,Bueno,Bueno,1,JEEP,BLANCO,0,,,,,0,0,Morelia,Lomas del Valle,agosto,sábado,2,-101.228231191635,19.6880260951998
8378,8378,2017,"170957629",2017/08/19,"03:00:00",SUBIDA AL CAMELLÓN,ASFALTO,Bueno,Malo,1,DODGE,VERDE,1,,31,MASCULINO,CON CERTIFICADO,0,0,Morelia,Los Manantiales de Morelia,agosto,sábado,3,-101.242543458939,19.6983799400847
8379,8379,2017,"170957546",2017/08/19,"03:10:00",VOLCADURA,ASFALTO,Bueno,Bueno,1,VOLKSWAGEN,BLANCO,0,,,,,0,0,Charo,La Goleta,agosto,sábado,3,-101.083295345306,19.7375215184846
8380,8380,2017,"170951857",2017/08/19,"08:30:00",COLISIÓN POR ALCANCE,ASFALTO,Bueno,Bueno,2,VOLKSWAGEN,NEGRO,2,,32,MASCULINO,CON CERTIFICADO,0,0,Morelia,Los Alamos,agosto,sábado,9,-101.229690313339,19.7035616616914
8381,8381,2017,"170957865",2017/08/19,"09:30:00",SALIDA DE SUPERFICIE DE RODAMIENTO,CONCRETO,Bueno,Bueno,1,HONDA,CAPUCHINO,1,,32,MASCULINO,SIN DATOS,0,0,Morelia,La Aldea,agosto,sábado,10,-101.135292649269,19.7458172310095
8382,8382,2017,"170958957",2017/08/19,10:00:00,CAIDA DE MOTOCICLETA,ASFALTO,Bueno,Bueno,1,BAJAJ,NEGRO,2,,24,,SIN DATOS,1,0,Morelia,La Soledad,agosto,sábado,10,-101.18448972702,19.7253119502076
8383,8383,2017,"170849734",2017/08/19,10:50:00,COLISIÓN POR MANIOBRA DE REVERSA,ASFALTO,Bueno,Bueno,2,CHEVROLET,ROJO,2,,40,MASCULINO,CON CERTIFICADO,0,0,Morelia,Nueva Chapultepec,agosto,sábado,11,-101.169855594635,19.6870613857952
8384,8384,2017,"170958140",2017/08/19,11:00:00,COLISIÓN POR NO RESPETAR SEMÁFORO,ASFALTO,Bueno,Bueno,2,FORD,BLANCO,2,,27,MASCULINO,SIN DATOS,0,0,Morelia,Gertrudis Bocanegra,agosto,sábado,11,-101.212674379349,19.7019708001015
8385,8385,2017,"170958620",2017/08/19,12:35:00,COLISIÓN POR CORTE DE CIRCULACIÓN,ASFALTO,Bueno,Bueno,2,VOLKSWAGEN,AZUL,2,,19,MASCULINO,SIN DATOS,0,0,Morelia,Nueva Chapultepec,agosto,sábado,13,-101.172736287117,19.6877230457512
8386,8386,2017,,2017/08/19,13:45:00,COLISIÓN CON PEATÓN,ASFALTO,Bueno,Bueno,1,SIN DATOS,SIN DATOS,1,,,,,1,0,Morelia,Industrial,agosto,sábado,14,-101.197986602783,19.7069705975444
8387,8387,2017,,2017/08/19,17:50:00,COLISIÓN POR ALCANCE,ASFALTO,Bueno,Bueno,2,NISSAN,BLANCO,2,MINISTERIO PÚBLICO,,,SIN DATOS,0,0,Morelia,Bosques de Oriente,agosto,sábado,18,-101.156144142151,19.7154042451312
8388,8388,2017,"170960112",2017/08/19,18:17:00,COLISIÓN CONTRA OBJETO FIJO,ASFALTO,Lluvioso,Regular,1,FORD,PLATA,1,,47,MASCULINO,SIN DATOS,0,0,Morelia,Tlalpujahua,agosto,sábado,18,-101.218248009682,19.6762421001229
8389,8389,2017,"170960694",2017/08/19,21:00:00,COLISIÓN POR INVASIÓN DE CARRIL,ASFALTO,Lluvioso,Regular,2,NISSAN,BLANCO,2,,40,MASCULINO,SIN DATOS,0,0,Morelia,Villas del Real,agosto,sábado,21,-101.199461817741,19.7315026916101
8390,8390,2017,"170158950",2017/08/19,21:20:00,COLISIÓN POR ALCANCE,ASFALTO,Bueno,Bueno,3,CHEVROLET,VERDE,3,,19,FEMENINO,SIN DATOS,0,0,Morelia,Mirador del Punhuato,agosto,sábado,21,-101.156626939774,19.7020415053969
8391,8391,2017,"170960952",2017/08/19,21:45:00,COLISIÓN CON PEATÓN,ASFALTO,Bueno,Bueno,1,BR,NEGRO Y GRIS,2,,30,MASCULINO,SIN DATOS,1,0,Morelia,Centro,agosto,sábado,22,-101.191527843475,19.7029758224379
8392,8392,2017,"170961017",2017/08/19,22:18:00,SALIDA DE SUPERFICIE DE RODAMIENTO,CONCRETO,Nublado,Malo,1,CHEVROLET,PLATA,1,,20,MASCULINO,SIN DATOS,0,0,Morelia,Aquiles Serdan,agosto,sábado,22,-101.168613731861,19.7238222988159
8393,8393,2017,"170961174",2017/08/19,23:00:00,COLISIÓN CONTRA OBJETO FIJO,ASFALTO,Lluvioso,Regular,1,VOLKSWAGEN,GRIS,1,,49,MASCULINO,CON CERTIFICADO,0,0,Morelia,Tzindurio de Morelos,agosto,sábado,23,-101.245869398117,19.6996880123465
8394,8394,2017,"170961014",2017/08/19,23:15:00,COLISIÓN POR ALCANCE,ASFALTO,Lluvioso,Regular,2,NISSAN,BLANCO,2,,35,MASCULINO,SIN DATOS,0,0,Morelia,Sin datos,agosto,sábado,23,-101.351537704468,19.5330578666635
8395,8395,2017,"170961316",2017/08/19,23:45:00,COLISIÓN CONTRA OBJETO FIJO,ASFALTO,Bueno,Bueno,1,VOLKSWAGEN,GRIS,1,,,,SIN DATOS,0,0,Morelia,Alfonso Espinoza Guerrero (Barranca Seca),agosto,sábado,0,-101.177027821541,19.6744388148042
8396,8396,2017,"170961393",2017/08/20,"00:20:00",COLISIÓN POR ALCANCE,ASFALTO,Bueno,Regular,2,VOLKSWAGEN,GRIS,2,,34,MASCULINO,CON CERTIFICADO,0,0,Morelia,Alberto Oviedo Mota,agosto,domingo,0,-101.199434995651,19.6811265273232
8397,8397,2017,"170961583",2017/08/20,"03:20:00",COLISIÓN POR CORTE DE CIRCULACIÓN,ASFALTO,Nublado,Regular,2,SIN DATOS,SIN DATOS,1,,25,MASCULINO,SIN DATOS,0,0,Morelia,Infonavit  Las  Camelinas,agosto,domingo,3,-101.174232959747,19.6819902523146
8398,8398,2017,"170961572",2017/08/20,"03:30:00",SALIDA DE SUPERFICIE DE RODAMIENTO,ASFALTO,Bueno,Bueno,1,VOLKWAGEN,AZUL,1,,22,,SIN DATOS,0,0,Morelia,Sin datos,agosto,domingo,4,-101.343791484833,19.5552811458205
8400,8400,2017,,2017/08/20,"08:00:00",SALIDA DE SUPERFICIE DE RODAMIENTO,ASFALTO,Bueno,Bueno,1,NISSAN,BLANCO,0,,,,,0,0,Quiroga,Sin datos,agosto,domingo,8,-101.511826515198,19.6610170874655
8401,8401,2017,"170961864",2017/08/20,"08:20:00",COLISIÓN POR ALCANCE,ASFALTO,Bueno,Bueno,2,DODGE,URBAN GRAY,2,,25,MASCULINO,ALIENTO ETÍLICO,0,0,Morelia,Balcones de Santa Maria,agosto,domingo,8,-101.184092760086,19.6754591636118
8402,8402,2017,,2017/08/20,"09:15:00",COLISIÓN POR CORTE DE CIRCULACIÓN,ASFALTO,Bueno,Bueno,1,NISSAN,NEGRO,0,,,,,0,0,Morelia,Centro,agosto,domingo,9,-101.196044683456,19.7030869300474
8403,8403,2017,"170963136",2017/08/20,10:00:00,COLISIÓN POR CAMBIO DE CARRIL,ASFALTO,Bueno,Bueno,2,HONDA,ROJO,3,MINISTERIO PÚBLICO,44,MASCULINO,SIN DATOS,1,0,Morelia,Victor Manuel Tinoco Rubi,agosto,domingo,10,-101.243010163307,19.7004657799738
8404,8404,2017,"170962240",2017/08/20,11:00:00,COLISIÓN POR ALCANCE,ASFALTO,Bueno,Bueno,2,INTERNATIONAL,BLANCO,2,,32,MASCULINO,SIN DATOS,0,0,Morelia,Los Manantiales de Morelia,agosto,domingo,11,-101.240365505219,19.6928394537032
8406,8406,2017,,2017/08/20,12:20:00,VOLCADURA,ASFALTO,Bueno,Bueno,1,VOLKSWAGEN,PLATA,1,,44,MASCULINO,SIN DATOS,0,0,Uruapan,Sin datos,agosto,domingo,12,-101.986856460571,19.3157603791707
8407,8407,2017,"170962680",2017/08/20,13:13:00,CAIDA ACUATICA DE VEHÍCULO,SIN_DATOS,Bueno,Bueno,1,FORD,AZUL,1,,,MASCULINO,SIN DATOS,0,0,Tiquicheo de Nicolás Romero,Sin datos,agosto,domingo,13,-100.859985351562,18.9530512145272
8408,8408,2017,,2017/08/20,14:55:00,COLISIÓN POR INVASIÓN DE CARRIL,ASFALTO,Bueno,Bueno,2,HONDA,AZUL,3,,42,MASCULINO,CON CERTIFICADO,1,0,Múgica,Sin datos,agosto,domingo,15,-102.177829742432,18.9921335420342
8409,8409,2017,,2017/08/20,16:00:00,SALIDA DE SUPERFICIE DE RODAMIENTO,ASFALTO,Bueno,Bueno,1,NISSAN,AZUL,1,,31,MASCULINO,SIN DATOS,0,0,Copándaro,Sin datos,agosto,domingo,16,-101.14661693573,19.8977446649748
8410,8410,2017,,2017/08/20,16:20:00,COLISIÓN POR ALCANCE,ASFALTO,Bueno,Bueno,2,CHEVROLET,ROJO,3,,28,MASCULINO,SIN DATOS,0,0,Morelia,Felix Ireta,agosto,domingo,16,-101.191935539246,19.6824549445351
8411,8411,2017,"170963992",2017/08/20,17:40:00,COLISIÓN POR ALCANCE,SIN_DATOS,Bueno,Bueno,3,VOLKSWAGEN,BLANCO,3,,18,MASCULINO,SIN DATOS,0,0,Morelia,Eduardo Ruiz,agosto,domingo,18,-101.216703057289,19.7193684108215
8412,8412,2017,"170964681",2017/08/20,20:30:00,COLISIÓN POR ALCANCE,ASFALTO,Bueno,Bueno,2,CHEVROLET,VERDE,2,,17,MASCULINO,SIN DATOS,0,0,Morelia,Arkos San Pedro,agosto,domingo,21,-101.282760500908,19.6321846121315
8413,8413,2017,"170965267",2017/08/20,23:30:00,COLISIÓN CONTRA OBJETO FIJO,ASFALTO,Bueno,Bueno,1,CHEVROLET,ROJO,1,,19,MASCULINO,SIN DATOS,0,0,Morelia,Chapultepec Oriente,agosto,domingo,0,-101.159083843231,19.6881927721521
8414,8414,2017,,2017/08/21,"06:10:00",VOLCADURA,ASFALTO,Lluvioso,Regular,1,DODGE,NEGRO,4,MINISTERIO PÚBLICO,33,MASCULINO,SIN DATOS,3,0,Tacámbaro,Sin datos,agosto,lunes,6,-101.424579620361,19.3306028230312
8415,8415,2017,"170965607",2017/08/21,"07:20:00",COLISIÓN POR ALCANCE,ASFALTO,Bueno,Bueno,2,ISUZU,BLANCO,2,,30,MASCULINO,SIN DATOS,0,0,Morelia,Vicente Lombardo Toledano (Ejidal Isacc Arriaga) (Etnias de Mexico),agosto,lunes,7,-101.153386831284,19.7171085959293
8416,8416,2017,"170965655",2017/08/21,"07:50:00",COLISIÓN POR CORTE DE CIRCULACIÓN,ASFALTO,Bueno,Bueno,2,FORD,ROJO,2,,54,MASCULINO,SIN DATOS,0,0,Morelia,Villas Lomas del Paraiso,agosto,lunes,8,-101.175606250763,19.6734841261257
8417,8417,2017,LEG8870,2017/08/21,"07:50:00",COLISIÓN POR CORTE DE CIRCULACIÓN,ASFALTO,Bueno,Bueno,2,PONTIAC,BLANCO,2,,49,MASCULINO,SIN DATOS,0,0,Morelia,Margarita Maza de Juarez,agosto,lunes,8,-101.253940165043,19.6941879762512
8418,8418,2017,"170965704",2017/08/21,"08:20:00",COLISIÓN POR CORTE DE CIRCULACIÓN,CONCRETO,Bueno,Bueno,2,CHRYSLER,AZUL,2,,32,FEMENINO,SIN DATOS,0,0,Morelia,Villas del Pedregal,agosto,lunes,8,-101.303102374077,19.6845207881963
8419,8419,2017,"170965949",2017/08/21,"09:40:00",COLISIÓN POR ALCANCE,ASFALTO,Bueno,Bueno,2,KAWASAKI,AZUL,2,,29,MASCULINO,SIN DATOS,0,0,Morelia,Tinijaro,agosto,lunes,10,-101.261906325817,19.6965592271119
8420,8420,2017,"170966419",2017/08/21,12:10:00,SALIDA DE SUPERFICIE DE RODAMIENTO,ASFALTO,Nublado,Regular,1,CHEVROLET,ROJO,0,,,,,0,0,Morelia,Praderas del Indio,agosto,lunes,12,-101.230130195618,19.6458815678867
8421,8421,2017,"170966860",2017/08/21,14:25:00,COLISIÓN CONTRA OBJETO FIJO,ADOQUIN_EMPEDRADO,Bueno,Bueno,1,FORD,GUINDA,0,,,,,0,0,Morelia,Real Universidad,agosto,lunes,14,-101.211681962013,19.6831469293649
8422,8422,2017,"1709366944",2017/08/21,14:30:00,COLISIÓN POR CORTE DE CIRCULACIÓN,CONCRETO,Bueno,Bueno,2,RENAULT,GRIS,2,,28,MASCULINO,SIN DATOS,0,0,Morelia,Chapultepec Oriente,agosto,lunes,15,-101.163343191147,19.694177875001
8423,8423,2017,,2017/08/21,14:40:00,VOLCADURA,ASFALTO,Bueno,Bueno,1,FORD,AMARILLO,3,MINISTERIO PÚBLICO,,,,3,0,Zinapécuaro,Sin datos,agosto,lunes,15,-100.621783733368,19.8742169063522
8424,8424,2017,"170967152",2017/08/21,15:05:00,COLISIÓN POR ALCANCE,CONCRETO,Bueno,Bueno,2,KENWORTH,BLANCO,2,,43,MASCULINO,SIN DATOS,0,0,Morelia,Central de Abastos,agosto,lunes,15,-101.170789003372,19.716080937697
8425,8425,2017,"170967458",2017/08/21,16:33:00,COLISIÓN POR CORTE DE CIRCULACIÓN,CONCRETO,Bueno,Bueno,2,DINA,BLANCO Y PLATA,2,,31,MASCULINO,SIN DATOS,0,0,Morelia,Lomas de Morelia (Dr Ignacio Chavez),agosto,lunes,17,-101.174978613853,19.7171313204839
8426,8426,2017,"17096772",2017/08/21,17:10:00,COLISIÓN POR ALCANCE,ASFALTO,Bueno,Bueno,2,CHEVROLET,NEGRO,3,,51,MASCULINO,SIN DATOS,1,0,Morelia,Rafael Carrillo,agosto,lunes,17,-101.236401200294,19.7076927775926
8427,8427,2017,"170967600",2017/08/21,17:25:00,SUBIDA AL CAMELLÓN,ASFALTO,Bueno,Bueno,1,GENERAL MOTORS,NEGRO,1,,18,MASCULINO,SIN DATOS,0,0,Morelia,Chapultepec Oriente,agosto,lunes,17,-101.163563132286,19.695879926675
8428,8428,2017,"170967900",2017/08/21,18:00:00,COLISIÓN POR ALCANCE,CONCRETO,Bueno,Bueno,3,NISSAN,GRIS,2,,34,FEMENINO,SIN DATOS,0,0,Morelia,Colinas del Sur,agosto,lunes,18,-101.199789047241,19.6698926273002
8429,8429,2017,,2017/08/21,18:05:00,COLISIÓN POR ALCANCE,ASFALTO,Bueno,Bueno,2,NISSAN,ROJO,2,,44,MASCULINO,SIN DATOS,0,0,Morelia,Morelos,agosto,lunes,18,-101.207846403122,19.700890015268
8430,8430,2017,"170967949",2017/08/21,19:55:00,COLISIÓN POR ALCANCE,ASFALTO,Bueno,Bueno,2,NISSAN,BLANCO,2,,17,MASCULINO,SIN DATOS,0,0,Morelia,Lomas de Las Americas Norte,agosto,lunes,20,-101.148912906647,19.6947991007064
8431,8431,2017,"170968699",2017/08/21,21:10:00,COLISIÓN CON PEATÓN,ASFALTO,Bueno,Bueno,1,KURAZAI,NEGRO Y ROJO,2,MINISTERIO PÚBLICO,18,MASCULINO,SIN DATOS,1,0,Morelia,Dr Miguel Silva,agosto,lunes,21,-101.188352108002,19.7128994477292
8432,8432,2017,"170968923",2017/08/21,22:00:00,COLISIÓN POR ALCANCE,ASFALTO,Bueno,Regular,3,HONDA,PLATA,3,,34,MASCULINO,SIN DATOS,0,0,Morelia,Alberto Oviedo Mota,agosto,lunes,22,-101.199392080307,19.6811820887201
8433,8433,2017,,2017/08/22,"06:30:00",VOLCADURA,ASFALTO,Bueno,Bueno,1,FORD,AZUL,0,MINISTERIO PÚBLICO,,,,0,0,Lázaro Cárdenas,Centro,agosto,martes,7,-102.19158411026,17.9556020407814
8434,8434,2017,"170969380",2017/08/22,"07:26:00",COLISIÓN POR CORTE DE CIRCULACIÓN,ASFALTO,Bueno,Bueno,2,HONDA,BLANCO Y NEGRO,2,MINISTERIO PÚBLICO,41,MASCULINO,SIN DATOS,0,0,Morelia,Niño Artillero,agosto,martes,7,-101.255705058575,19.6974910509021
8435,8435,2017,"170969402",2017/08/22,"07:50:00",COLISIÓN POR CORTE DE CIRCULACIÓN,CONCRETO,Bueno,Bueno,2,MAZDA,ROJO,2,,54,FEMENINO,SIN DATOS,0,0,Morelia,Chapultepec Sur,agosto,martes,8,-101.165735721588,19.6890817129675
8436,8436,2017,"170652893",2017/08/22,"07:50:00",COLISIÓN POR CORTE DE CIRCULACIÓN,ASFALTO,Bueno,Bueno,2,YAMAHA,ROJO,2,,33,MASCULINO,SIN DATOS,0,0,Morelia,Reforma,agosto,martes,8,-101.24139547348,19.7058494444362
8437,8437,2017,"170969779",2017/08/22,"09:00:00",COLISIÓN POR CAMBIO DE CARRIL,ASFALTO,Bueno,Bueno,2,NISSAN,ARENA,2,,40,MASCULINO,SIN DATOS,0,0,Morelia,Tzindurio Norte,agosto,martes,9,-101.243884563446,19.7002334601693
8438,8438,2017,"170970089",2017/08/22,12:30:00,COLISIÓN CON PEATÓN,CONCRETO,Bueno,Bueno,1,HONDA,PLATA,1,MINISTERIO PÚBLICO,,,,1,0,Morelia,Cuauhtemoc,agosto,martes,13,-101.187171936035,19.6956627519495
8439,8439,2017,"170970306",2017/08/22,13:45:00,COLISIÓN POR CORTE DE CIRCULACIÓN,ASFALTO,Bueno,Bueno,1,MERCEDES BENZ,BLANCO,2,,29,MASCULINO,SIN DATOS,1,0,Morelia,Tinijaro,agosto,martes,14,-101.264494657516,19.6962536685361
8440,8440,2017,"170970507",2017/08/22,14:30:00,COLISIÓN POR CORTE DE CIRCULACIÓN,ASFALTO,Bueno,Bueno,2,BAJAJ,AMARILLO,4,,20,MASCULINO,SIN DATOS,2,0,Morelia,Diego Rivera,agosto,martes,15,-101.175971031189,19.7182018958381
8441,8441,2017,"170970875",2017/08/22,15:25:00,COLISIÓN POR ALCANCE,ASFALTO,Bueno,Bueno,2,CHEVROLET,BLANCO,2,,28,MASCULINO,SIN DATOS,0,0,Morelia,Union,agosto,martes,15,-101.158383786678,19.7095247266897
8442,8442,2017,"170970999",2017/08/22,16:30:00,COLISIÓN POR ALCANCE,ASFALTO,Bueno,Bueno,3,NISSAN,PLATA,3,MINISTERIO PÚBLICO,45,MASCULINO,SIN DATOS,0,0,Morelia,Hospitales de Don Vasco,agosto,martes,17,-101.155452132225,19.7011021324933
8443,8443,2017,"170971187",2017/08/22,16:45:00,COLISIÓN POR CORTE DE CIRCULACIÓN,ASFALTO,Bueno,Bueno,2,YAMAHA,VERDE,2,,28,MASCULINO,SIN DATOS,0,0,Morelia,Francisco J Mujica,agosto,martes,17,-101.190347671509,19.7224134292997
8444,8444,2017,"170971267",2017/08/22,17:49:00,COLISIÓN POR MANIOBRA DE REVERSA,CONCRETO,Bueno,Bueno,2,NISSAN,BLANCO,2,MINISTERIO PÚBLICO,,,SIN DATOS,0,0,Morelia,La Soledad,agosto,martes,18,-101.185541152954,19.7266526245871
8445,8445,2017,"170971316",2017/08/22,18:30:00,COLISIÓN POR ALCANCE,ASFALTO,Bueno,Bueno,2,NISSAN,BLANCO,2,,33,MASCULINO,SIN DATOS,0,0,Morelia,Isaac Arriaga,agosto,martes,19,-101.168932914734,19.7089502721325
8446,8446,2017,"170971460",2017/08/22,18:55:00,CAIDA DE MOTOCICLETA,CONCRETO,Bueno,Bueno,1,HONDA,ROJO,2,,27,MASCULINO,SIN DATOS,1,0,Morelia,Tzindurio de Morelos,agosto,martes,19,-101.243825554848,19.6959809380749
8447,8447,2017,"170961674",2017/08/22,19:25:00,COLISIÓN POR ALCANCE,CONCRETO,Bueno,Bueno,2,FORD,GRIS,1,MINISTERIO PÚBLICO,,,SIN DATOS,0,0,Morelia,Lomas de Guayangareo,agosto,martes,19,-101.161218881607,19.7027132041452
8448,8448,2017,LEG8889,2017/08/22,19:30:00,COLISIÓN POR ALCANCE,ASFALTO,Bueno,Bueno,2,VOLKSWAGEN,ROJO,2,MINISTERIO PÚBLICO,28,,SIN DATOS,0,0,Lázaro Cárdenas,Segundo Sector de Fidelac,agosto,martes,20,-102.209984064102,17.96157772577
8449,8449,2017,"170971720",2017/08/22,19:40:00,COLISIÓN POR CORTE DE CIRCULACIÓN,ASFALTO,Bueno,Bueno,1,DODGE,BLANCO,1,,25,MASCULINO,SIN DATOS,0,0,Morelia,Chapultepec Norte,agosto,martes,20,-101.171436756849,19.6942157546862
8450,8450,2017,"170972047",2017/08/22,21:15:00,COLISIÓN POR CAMBIO DE CARRIL,ASFALTO,Bueno,Bueno,2,FREIGHTLINER,BLANCO,2,,,MASCULINO,SIN DATOS,0,0,Morelia,Jacarandas,agosto,martes,21,-101.211585402489,19.7090058238721
8451,8451,2017,,2017/08/22,22:15:00,CAIDA DE MOTOCICLETA,ASFALTO,Bueno,Bueno,1,ITALIKA,ROJO,2,MINISTERIO PÚBLICO,21,MASCULINO,SIN DATOS,1,0,Tuzantla,Sin datos,agosto,martes,22,-100.654850006104,19.1744367247553
8452,8452,2017,"170912299",2017/08/22,23:00:00,COLISIÓN CONTRA OBJETO FIJO,ASFALTO,Bueno,Bueno,1,VOLKSWAGEN,GRIS,0,MINISTERIO PÚBLICO,,,,0,0,Morelia,Primo Tapia Oriente,agosto,martes,23,-101.159083843231,19.7138539013664
8453,8453,2017,"170962697",2017/08/23,"07:15:00",COLISIÓN CON PEATÓN,ASFALTO,Bueno,Bueno,1,HONDA,ROJO,2,,23,MASCULINO,SIN DATOS,1,0,Morelia,Arcos del Valle,agosto,miércoles,7,-101.236256361008,19.7076574261976
8454,8454,2017,?170973133,2017/08/23,"09:25:00",COLISIÓN POR CORTE DE CIRCULACIÓN,ASFALTO,Bueno,Bueno,2,GENERAL MOTORS,BLANCO,2,,40,MASCULINO,SIN DATOS,0,0,Morelia,Cuauhtemoc,agosto,miércoles,9,-101.183706521988,19.6966476117151
8455,8455,2017,"170973352",2017/08/23,11:25:00,COLISIÓN POR CAMBIO DE CARRIL,ASFALTO,Bueno,Bueno,2,HONDA,VERDE,2,,53,MASCULINO,SIN DATOS,0,0,Morelia,Libertad,agosto,miércoles,11,-101.234637647867,19.6858946352425
8456,8456,2017,"170963436",2017/08/23,11:55:00,COLISIÓN POR ALCANCE,ASFALTO,Bueno,Bueno,2,NISSAN,BLANCO,2,,25,MASCULINO,SIN DATOS,0,0,Morelia,Felix Ireta,agosto,miércoles,12,-101.180739998817,19.6861926372742
8457,8457,2017,"170973478",2017/08/23,12:00:00,COLISIÓN POR CORTE DE CIRCULACIÓN,CONCRETO,Bueno,Bueno,2,NISSAN,BLANCO,2,,50,MASCULINO,SIN DATOS,0,0,Morelia,Centro,agosto,miércoles,12,-101.198474764824,19.703102081079
8458,8458,2017,"170974208",2017/08/23,14:20:00,COLISIÓN POR ALCANCE,ASFALTO,Bueno,Bueno,2,VOLKSWAGEN,PLATA,2,,35,FEMENINO,SIN DATOS,0,0,Morelia,Indeco El Vivero,agosto,miércoles,14,-101.230039000511,19.6769997769751
8459,8459,2017,"170974194",2017/08/23,14:30:00,COLISIÓN POR CAMBIO DE CARRIL,ASFALTO,Bueno,Regular,2,FREIGHTLINER,ROJO,2,,25,MASCULINO,SIN DATOS,0,0,Morelia,Ana Maria Gallaga (Riviera Norte),agosto,miércoles,15,-101.222829222679,19.6767270137211
8460,8460,2017,"170964068",2017/08/23,14:35:00,COLISIÓN POR CORTE DE CIRCULACIÓN,ASFALTO,Bueno,Bueno,2,VOLKSWAGEN,PLATA,2,,20,MASCULINO,SIN DATOS,0,0,Morelia,Molino de Parras,agosto,miércoles,15,-101.202701926231,19.6951879968721
8461,8461,2017,,2017/08/23,15:30:00,COLISIÓN POR CORTE DE CIRCULACIÓN,ASFALTO,Bueno,Bueno,2,NISSAN,BLANCO Y MORADO,6,MINISTERIO PÚBLICO,26,MASCULINO,SIN DATOS,4,0,Morelia,Elias Perez Avalos,agosto,miércoles,16,-101.164619922638,19.7109198220242
8462,8462,2017,"170974448",2017/08/23,15:55:00,COLISIÓN POR NO RESPETAR SEMÁFORO,ASFALTO,Bueno,Bueno,2,VOLKSWAGEN,NEGRO,2,,28,MASCULINO,SIN DATOS,0,0,Morelia,Tlalpujahua,agosto,miércoles,16,-101.218972206116,19.6768987536018
8463,8463,2017,,2017/08/23,16:50:00,VOLCADURA,ASFALTO,Bueno,Bueno,1,VOLKSWAGEN,AZUL,1,,,,,1,0,Hidalgo,Sin datos,agosto,miércoles,17,-100.629186630249,19.6768179348573
8464,8464,2017,"170974741",2017/08/23,17:30:00,COLISIÓN POR ALCANCE,ASFALTO,Bueno,Bueno,2,FREIGHTLINER,BLANCO,2,,34,MASCULINO,SIN DATOS,0,0,Morelia,Lomas de Hidalgo,agosto,miércoles,18,-101.158912181854,19.6956172967371
8466,8466,2017,"170975251",2017/08/23,19:30:00,COLISIÓN POR INVASIÓN DE CARRIL,CONCRETO,Bueno,Bueno,2,NISSAN,PLATA,2,,27,MASCULINO,SIN DATOS,0,0,Morelia,La Aldea,agosto,miércoles,20,-101.134155392647,19.7413690054021
8467,8467,2017,"170975282",2017/08/23,19:40:00,COLISIÓN POR ALCANCE,ASFALTO,Bueno,Regular,2,CHEVROLET,BLANCO,5,MINISTERIO PÚBLICO,40,MASCULINO,CON CERTIFICADO,3,0,Morelia,Granjas del Maestro,agosto,miércoles,20,-101.195115298033,19.7174709259422
8468,8468,2017,"170975338",2017/08/23,19:50:00,COLISIÓN POR NO RESPETAR SEMÁFORO,ASFALTO,Bueno,Bueno,2,VOLKSWAGEN,PLATA,2,,30,MASCULINO,SIN DATOS,0,0,Morelia,Alberto Oviedo Mota,agosto,miércoles,20,-101.196044683456,19.6814952525968
8469,8469,2017,"170965627",2017/08/23,21:30:00,COLISIÓN POR ALCANCE,ASFALTO,Bueno,Bueno,2,VOLKSWAGEN,GRIS,2,,29,MASCULINO,SIN DATOS,0,0,Morelia,Isaac Arriaga,agosto,miércoles,22,-101.171432733536,19.7077634803591
8470,8470,2017,,2017/08/23,22:40:00,COLISIÓN POR ALCANCE,ASFALTO,Nublado,Regular,2,NISSAN,Blanco,2,MINISTERIO PÚBLICO,28,MASCULINO,SIN DATOS,0,0,Buenavista,Sin datos,agosto,miércoles,23,-102.610416412354,19.081262081358