fid,id_accidente,anio_origen,folio_c5i,dia_incidente,hora_ocurrencia,tipo_incidente_vial,superficie_ocurrencia,condiciones_climaticas,condiciones_via,numero_vehiculos_involucrados,marca_vehiculo_ocasiona_siniestro,color_vehiculo_ocasiona_siniestro,numero_personas_involucradas,lugar_remite_presunto_responsable,edad_presunto_responsable,sexo_presunto_responsable,resultados_toxicologia,numero_personas_lesionadas,numero_personas_fallecidas,municipio,colonia,mes,dia_semana,hora_redondeada,lon,lat
8471,8471,2017,"170976122",2017/08/24,"00:50:00",COLISIÓN CONTRA OBJETO FIJO,ASFALTO,Bueno,Bueno,1,VOLKSWAGEN,PLATA,1,,32,MASCULINO,ALIENTO ETÍLICO,0,0,Morelia,Tres Puentes,agosto,jueves,1,-101.213790178299,19.7027586573421
8472,8472,2017,"170976183",2017/08/24,"01:55:00",CAIDA DE MOTOCICLETA,ASFALTO,Bueno,Bueno,1,ITALIKA,GRIS Y ROJO,1,,,,,1,0,Morelia,Fidel Velazquez,agosto,jueves,2,-101.236406564713,19.7020314046423
8473,8473,2017,"170976263",2017/08/24,"05:35:00",COLISIÓN POR ALCANCE,ASFALTO,Bueno,Regular,2,NISSAN,BLANCO,2,,42,MASCULINO,SIN DATOS,0,0,Morelia,Los Manantiales de Morelia,agosto,jueves,6,-101.241433024406,19.6954304251727
8474,8474,2017,"170976505",2017/08/24,"08:40:00",COLISIÓN POR CAMBIO DE CARRIL,ASFALTO,Bueno,Bueno,2,FAMSA,ROJO,2,,20,MASCULINO,SIN DATOS,0,0,Morelia,Indeco El Vivero,agosto,jueves,9,-101.231857538223,19.6776968365146
8475,8475,2017,"170977522",2017/08/24,11:15:00,COLISIÓN POR CORTE DE CIRCULACIÓN,ASFALTO,Bueno,Bueno,2,VENTO,NEGRO,2,,24,FEMENINO,SIN DATOS,0,0,Morelia,Villas Lomas del Paraiso,agosto,jueves,11,-101.181531250477,19.6753152039014
8476,8476,2017,"170977198",2017/08/24,12:20:00,COLISIÓN POR CORTE DE CIRCULACIÓN,CONCRETO,Bueno,Bueno,2,ITALIKA,NEGRO Y AZUL,2,,25,MASCULINO,SIN DATOS,0,0,Morelia,Industrial,agosto,jueves,12,-101.197600364685,19.7113238292604
8477,8477,2017,"170976940",2017/08/24,13:10:00,COLISIÓN POR CORTE DE CIRCULACIÓN,ASFALTO,Bueno,Bueno,2,AUDI,AZUL,2,,19,MASCULINO,SIN DATOS,0,0,Morelia,Felix Ireta,agosto,jueves,13,-101.19203209877,19.6822731086094
8478,8478,2017,"170977584",2017/08/24,13:20:00,COLISIÓN POR CORTE DE CIRCULACIÓN,SIN_DATOS,Bueno,Bueno,2,HONDA,GRIS,2,,30,MASCULINO,SIN DATOS,0,0,Morelia,Felicitas del Rio,agosto,jueves,13,-101.197798848152,19.6902433895487
8479,8479,2017,"170977476",2017/08/24,13:25:00,COLISIÓN POR ALCANCE,CONCRETO,Bueno,Bueno,2,CHRYSLER,ROJO,2,,31,MASCULINO,SIN DATOS,0,0,Morelia,Centro,agosto,jueves,13,-101.195143461227,19.703102081079
8480,8480,2017,"170977662",2017/08/24,14:30:00,COLISIÓN POR CAMBIO DE CARRIL,CONCRETO,Bueno,Bueno,3,TOYOTA,BLANCO Y GRIS,3,,46,MASCULINO,SIN DATOS,0,0,Morelia,Ventura Puente,agosto,jueves,15,-101.195368766785,19.6922838793119
8481,8481,2017,"170977936",2017/08/24,15:40:00,COLISIÓN POR ALCANCE,ASFALTO,Bueno,Bueno,2,TOYOTA,BLANCO,2,,38,MASCULINO,SIN DATOS,0,0,Morelia,Felix Ireta,agosto,jueves,16,-101.189242601395,19.6820660174425
8482,8482,2017,"170979291",2017/08/24,21:30:00,COLISIÓN POR CORTE DE CIRCULACIÓN,CONCRETO,Bueno,Bueno,2,CHEVROLET,BLANCO,2,,21,MASCULINO,SIN DATOS,0,0,Morelia,Chapultepec Oriente,agosto,jueves,22,-101.160714626312,19.6882533819099
8483,8483,2017,"170982764",2017/08/25,"00:00:00",COLISIÓN POR ALCANCE,ASFALTO,Bueno,Bueno,2,TOYOTA,PLATA,2,,53,MASCULINO,SIN DATOS,0,0,Morelia,Las Americas,agosto,viernes,0,-101.153461933136,19.687379589016
8484,8484,2017,"170979838",2017/08/25,"02:30:00",COLISIÓN POR ALCANCE,ASFALTO,Bueno,Bueno,2,CHEVROLET,ROJO,2,,47,MASCULINO,CON CERTIFICADO,0,0,Morelia,Dr Miguel Silva,agosto,viernes,3,-101.17811948061,19.7195199056493
8485,8485,2017,,2017/08/25,"03:30:00",COLISIÓN POR CORTE DE CIRCULACIÓN,CONCRETO,Bueno,Bueno,1,CHEVROLET,BLANCO,1,,56,MASCULINO,CON CERTIFICADO,0,0,Morelia,Alberto Oviedo Mota,agosto,viernes,4,-101.195690631866,19.6830408588916
8486,8486,2017,"170979882",2017/08/25,"03:50:00",VOLCADURA,CONCRETO,Bueno,Bueno,1,VOLKSWAGEN,BLANCO,0,,,,,0,0,Morelia,Ventura Puente,agosto,viernes,4,-101.19521856308,19.6922838793119
8487,8487,2017,"170980215",2017/08/25,"08:20:00",COLISIÓN POR CORTE DE CIRCULACIÓN,ASFALTO,Bueno,Bueno,2,CHRYSLER,BLANCO,2,,58,MASCULINO,SIN DATOS,0,0,Morelia,Articulo Constitucional,agosto,viernes,8,-101.1701130867,19.7135054506988
8488,8488,2017,"170980612",2017/08/25,11:30:00,COLISIÓN POR CAMBIO DE CARRIL,CONCRETO,Nublado,Bueno,3,VOLKSWAGEN,ROJO,3,,40,FEMENINO,SIN DATOS,0,0,Morelia,Ferrocarrilero,agosto,viernes,12,-101.213994026184,19.7006879986015
8489,8489,2017,"170980922",2017/08/25,11:50:00,COLISIÓN POR CORTE DE CIRCULACIÓN,ASFALTO,Bueno,Bueno,2,TOYOTA,BLANCO,2,MINISTERIO PÚBLICO,50,MASCULINO,SIN DATOS,0,0,Morelia,Vista Bella,agosto,viernes,12,-101.195932030678,19.6777321945264
8490,8490,2017,"170980732",2017/08/25,12:10:00,VOLCADURA,CONCRETO,Bueno,Bueno,1,VOLKSWAGEN,ROJO,3,MINISTERIO PÚBLICO,,,,3,0,Morelia,La Aldea,agosto,viernes,12,-101.130488812923,19.7442924275669
8491,8491,2017,"170980978",2017/08/25,12:50:00,COLISIÓN POR INVASIÓN DE CARRIL,ASFALTO,Bueno,Bueno,2,NISSAN,GRIS,2,MINISTERIO PÚBLICO,44,MASCULINO,SIN DATOS,0,0,Morelia,El Lago 3,agosto,viernes,13,-101.220573484898,19.7274327858565
8492,8492,2017,"170981047",2017/08/25,13:00:00,COLISIÓN CON PEATÓN,CONCRETO,Bueno,Bueno,1,CHEVROLET,ARENA,2,,27,MASCULINO,SIN DATOS,1,0,Morelia,Centro,agosto,viernes,13,-101.195154190063,19.7030616783247
8493,8493,2017,,2017/08/25,13:40:00,COLISIÓN POR ALCANCE,CONCRETO,Bueno,Bueno,2,NISSAN,BLANCO Y ROJO,2,,43,MASCULINO,CON CERTIFICADO,0,0,Morelia,5 de Mayo,agosto,viernes,14,-101.175413131714,19.7040868950603
8494,8494,2017,"170981492",2017/08/25,14:55:00,COLISIÓN POR ALCANCE,CONCRETO,Bueno,Bueno,2,RENAULT,GRIS,2,,24,MASCULINO,SIN DATOS,0,0,Morelia,Los Manantiales de Morelia,agosto,viernes,15,-101.24240398407,19.6978496374733
8495,8495,2017,"170981355",2017/08/25,15:00:00,COLISIÓN CONTRA OBJETO FIJO,CONCRETO,Bueno,Bueno,2,FORD,ROJO,2,,,,SIN DATOS,0,0,Morelia,El Realito,agosto,viernes,15,-101.201771199703,19.7276322439514
8496,8496,2017,"170981401",2017/08/25,15:10:00,COLISIÓN CON PEATÓN,ASFALTO,Bueno,Bueno,1,SIN DATOS,SIN DATOS,1,,,,,1,0,Morelia,Torreon Nuevo,agosto,viernes,15,-101.203887462616,19.7467714880054
8497,8497,2017,"170981753",2017/08/25,16:02:00,COLISIÓN POR CORTE DE CIRCULACIÓN,ASFALTO,Bueno,Bueno,2,DINA,BLANCO,2,,33,MASCULINO,SIN DATOS,0,0,Morelia,Las Americas,agosto,viernes,16,-101.159008741379,19.688111959106
8498,8498,2017,"170981836",2017/08/25,16:30:00,COLISIÓN POR ALCANCE,ASFALTO,Bueno,Bueno,2,NISSAN,BLANCO,2,,41,MASCULINO,SIN DATOS,0,0,Morelia,Comision Federal de Electricidad,agosto,viernes,17,-101.181313991547,19.6816669873661
8499,8499,2017,"17098217",2017/08/25,17:40:00,COLISIÓN POR CORTE DE CIRCULACIÓN,CONCRETO,Bueno,Bueno,2,NISSAN,ROJO,2,,22,MASCULINO,SIN DATOS,0,0,Morelia,Centro,agosto,viernes,18,-101.185466051102,19.7020768580329
8500,8500,2017,"170980025",2017/08/25,19:30:00,COLISIÓN POR CORTE DE CIRCULACIÓN,CONCRETO,Bueno,Bueno,2,YAMAHA,AZUL,2,,44,MASCULINO,SIN DATOS,0,0,Morelia,Vasco de Quiroga,agosto,viernes,20,-101.175912022591,19.6988647866489
8501,8501,2017,"170982893",2017/08/25,21:05:00,COLISIÓN POR CORTE DE CIRCULACIÓN,ASFALTO,Bueno,Regular,5,JEEP,GRIS,0,MINISTERIO PÚBLICO,,,,0,0,Morelia,Tlalpujahua,agosto,viernes,21,-101.218535006046,19.6762711444683
8502,8502,2017,"170983154",2017/08/25,22:30:00,CAIDA DE MOTOCICLETA,ASFALTO,Bueno,Bueno,1,VENTO,NEGRO,1,,25,MASCULINO,SIN DATOS,0,0,Morelia,Ciudad Industrial,agosto,viernes,23,-101.141531467438,19.7260214233614
8503,8503,2017,"170983269",2017/08/25,23:25:00,COLISIÓN POR ALCANCE,ASFALTO,Bueno,Bueno,2,CHEVROLET,BEIGE,2,,72,MASCULINO,ALIENTO ETÍLICO,0,0,Morelia,Cosmos,agosto,viernes,23,-101.216762065887,19.6827933608473
8504,8504,2017,"170983687",2017/08/26,"00:00:00",COLISIÓN POR ALCANCE,ASFALTO,Bueno,Bueno,2,NISSAN,BLANCO,2,,37,MASCULINO,SIN DATOS,0,0,Morelia,La Esperanza,agosto,sábado,0,-101.253808736801,19.6979102435749
8505,8505,2017,"170983301",2017/08/26,"00:30:00",SUBIDA AL CAMELLÓN,ASFALTO,Bueno,Bueno,1,MAZDA,GRIS,1,,,,SIN DATOS,0,0,Morelia,Villa Universidad,agosto,sábado,1,-101.214106678963,19.6879250787807
8506,8506,2017,,2017/08/26,"02:30:00",COLISIÓN POR INVASIÓN DE CARRIL,ADOQUIN_EMPEDRADO,Bueno,Regular,2,AUDI,BLANCO,1,,29,MASCULINO,SIN DATOS,0,0,Pátzcuaro,Centro,agosto,sábado,3,-101.60910487175,19.5141687083462
8507,8507,2017,,2017/08/26,"02:48:00",SUBIDA AL CAMELLÓN,ASFALTO,Nublado,Bueno,1,TOYOTA,Blanco,1,,,,SIN DATOS,0,0,Apatzingán,Centro,agosto,sábado,3,-102.354303002357,19.0865699457884
8508,8508,2017,"170987603",2017/08/26,"02:50:00",SUBIDA AL CAMELLÓN,ASFALTO,Lluvioso,Malo,1,HONDA,GUINDA,1,,30,MASCULINO,ALIENTO ETÍLICO,0,0,Morelia,Arcos del Valle,agosto,sábado,3,-101.23633146286,19.7077281289798
8509,8509,2017,"170983567",2017/08/26,"03:30:00",COLISIÓN CONTRA OBJETO FIJO,ASFALTO,Bueno,Bueno,1,FORD,BLANCO,1,,,MASCULINO,SIN DATOS,0,0,Morelia,Nicolaitas Ilustres,agosto,sábado,4,-101.225586533546,19.7234334722692
8510,8510,2017,"1709839201",2017/08/26,"09:30:00",COLISIÓN CON PEATÓN,ASFALTO,Bueno,Bueno,1,ITALIKA,NEGRO Y GRIS,1,MINISTERIO PÚBLICO,,,,1,0,Morelia,Santiaguito,agosto,sábado,10,-101.18879199028,19.7173939151023
8512,8512,2017,"170984041",2017/08/26,"09:55:00",COLISIÓN POR NO RESPETAR SEMÁFORO,ASFALTO,Bueno,Bueno,2,CHEVROLET,GRIS,2,,,MASCULINO,SIN DATOS,0,0,Morelia,San Pascual,agosto,sábado,10,-101.26736998558,19.6953950710684
8513,8513,2017,"170984107",2017/08/26,10:40:00,COLISIÓN POR CORTE DE CIRCULACIÓN,ASFALTO,Bueno,Bueno,2,NISSAN,BLANCO,2,,56,MASCULINO,SIN DATOS,0,0,Morelia,Vasco de Quiroga,agosto,sábado,11,-101.174613833427,19.7028344126416
8514,8514,2017,,2017/08/26,10:40:00,COLISIÓN POR CORTE DE CIRCULACIÓN,ASFALTO,Bueno,Bueno,2,NISSAN,BLANCO,2,,35,MASCULINO,SIN DATOS,0,0,Pátzcuaro,Centro,agosto,sábado,11,-101.610188484192,19.5298626396078
8515,8515,2017,,2017/08/26,11:50:00,COLISIÓN POR INVASIÓN DE CARRIL,ASFALTO,Bueno,Bueno,1,ITALIKA,GRIS,0,,,,,0,0,Múgica,Juan Vargas (Loma de Vargas),agosto,sábado,12,-102.103414535522,18.9976927959075
8516,8516,2017,,2017/08/26,11:50:00,COLISIÓN POR INVASIÓN DE CARRIL,ASFALTO,Bueno,Bueno,2,ITALIKA,GRIS,0,,,,,0,0,Uruapan,Sin datos,agosto,sábado,12,-102.07676410675,19.2752962352492
8517,8517,2017,"170985073",2017/08/26,12:40:00,COLISIÓN POR CORTE DE CIRCULACIÓN,ASFALTO,Bueno,Bueno,2,CHEVROLET,SIN DATOS,2,,,,SIN DATOS,0,0,Morelia,Ciudad Industrial,agosto,sábado,13,-101.164212226868,19.7250291699943
8518,8518,2017,"170985797",2017/08/26,13:10:00,COLISIÓN CONTRA OBJETO FIJO,ASFALTO,Bueno,Malo,1,CHEVROLET,GRIS,1,,26,MASCULINO,SIN DATOS,0,0,Morelia,Tenencia Morelos,agosto,sábado,13,-101.246695518494,19.6503476040034
8519,8519,2017,"170984595",2017/08/26,13:10:00,COLISIÓN POR CORTE DE CIRCULACIÓN,ASFALTO,Bueno,Bueno,2,CHEVROLET,VINO,2,,31,FEMENINO,SIN DATOS,0,0,Morelia,Felix Ireta,agosto,sábado,13,-101.184146404266,19.6890413066739
8520,8520,2017,"1709845563",2017/08/26,13:20:00,COLISIÓN CON PEATÓN,CONCRETO,Bueno,Bueno,1,NISSAN,BLANCO Y ROJO,2,MINISTERIO PÚBLICO,47,MASCULINO,SIN DATOS,1,0,Morelia,Mirador del Punhuato,agosto,sábado,13,-101.159062385559,19.7039909390928
8521,8521,2017,"170895382",2017/08/26,16:00:00,COLISIÓN CONTRA OBJETO FIJO,CONCRETO,Bueno,Bueno,1,NISSAN,CAFE,1,,,,SIN DATOS,0,0,Morelia,Villas Lomas del Paraiso,agosto,sábado,16,-101.172280311584,19.6711706241511
8522,8522,2017,,2017/08/26,16:49:00,COLISIÓN POR CORTE DE CIRCULACIÓN,CONCRETO,Bueno,Regular,2,VOLKSWAGEN,GRIS,1,,39,MASCULINO,SIN DATOS,0,0,Pátzcuaro,Centro,agosto,sábado,17,-101.609877347946,19.5143001715738
8523,8523,2017,"170985518",2017/08/26,17:00:00,COLISIÓN POR ALCANCE,ASFALTO,Bueno,Bueno,2,DODGE,AZUL,2,,28,MASCULINO,SIN DATOS,0,0,Morelia,Matamoros,agosto,sábado,17,-101.166282892227,19.6964152863678
8524,8524,2017,"170986072",2017/08/26,18:30:00,COLISIÓN POR CAMBIO DE CARRIL,ASFALTO,Bueno,Bueno,2,DODGE,BLANCO,2,,32,FEMENINO,SIN DATOS,0,0,Morelia,Leandro Valle,agosto,sábado,19,-101.229894161224,19.7170404222462
8525,8525,2017,"170986022",2017/08/26,18:35:00,SALIDA DE SUPERFICIE DE RODAMIENTO,SIN_DATOS,Bueno,Bueno,1,CHEVROLET,GRIS,1,,20,MASCULINO,SIN DATOS,0,0,Morelia,Nicolas Bravo(Los Ejidos),agosto,sábado,19,-101.214390993118,19.7015768700264
8526,8526,2017,LEG8976,2017/08/26,18:35:00,SALIDA DE SUPERFICIE DE RODAMIENTO,ASFALTO,Bueno,Bueno,1,CHEVROLET,GRIS,1,,20,MASCULINO,SIN DATOS,0,0,Morelia,Nicolas Bravo(Los Ejidos),agosto,sábado,19,-101.214873790741,19.7010920316794
8527,8527,2017,"170986424",2017/08/26,20:20:00,COLISIÓN POR CORTE DE CIRCULACIÓN,ASFALTO,Bueno,Bueno,2,BMW,ROJO,2,MINISTERIO PÚBLICO,42,,SIN DATOS,0,0,Morelia,Comision Federal de Electricidad,agosto,sábado,20,-101.181367635727,19.6815962730716
8528,8528,2017,,2017/08/26,20:40:00,COLISIÓN POR CORTE DE CIRCULACIÓN,ADOQUIN_EMPEDRADO,Lluvioso,Bueno,2,CHEVROLET,ROJO,2,,41,MASCULINO,SIN DATOS,0,0,Pátzcuaro,Centro,agosto,sábado,21,-101.617784500122,19.5163226692929
8529,8529,2017,"170983424",2017/08/26,22:50:00,COLISIÓN CONTRA OBJETO FIJO,ASFALTO,Bueno,Bueno,1,MERCEDES BENZ,AZUL,1,,39,MASCULINO,SIN DATOS,0,0,Morelia,Primo Tapia,agosto,sábado,23,-101.21433198452,19.709598584983
8530,8530,2017,LEG8986,2017/08/27,"00:20:00",COLISIÓN POR ALCANCE,ASFALTO,Lluvioso,Bueno,1,HONDA,GRIS,2,,25,MASCULINO,SIN DATOS,0,0,Morelia,Asociacion Zirahuen,agosto,domingo,0,-101.250150203705,19.6986779188763
8531,8531,2017,"170987430",2017/08/27,"01:30:00",COLISIÓN POR CORTE DE CIRCULACIÓN,ASFALTO,Lluvioso,Regular,1,TOYOTA,BLANCO,1,,36,MASCULINO,SIN DATOS,0,0,Morelia,Nicolaitas Ilustres,agosto,domingo,2,-101.227040290833,19.7216256688878
8532,8532,2017,"170987493",2017/08/27,"01:40:00",SUBIDA AL CAMELLÓN,ASFALTO,Lluvioso,Malo,1,NISSAN,GRIS,0,,,,,0,0,Morelia,Arcos del Valle,agosto,domingo,2,-101.236293911934,19.7076826771948
8533,8533,2017,LEG8977,2017/08/27,"02:00:00",SALIDA DE SUPERFICIE DE RODAMIENTO,ASFALTO,Bueno,Bueno,1,CHEVROLET,GRIS,1,,,,SIN DATOS,0,0,Morelia,2 de Octubre,agosto,domingo,2,-101.386642456055,19.6674325809618
8534,8534,2017,"170987505",2017/08/27,"02:30:00",COLISIÓN POR CORTE DE CIRCULACIÓN,ASFALTO,Lluvioso,Malo,1,DODGE,GRIS,1,,32,MASCULINO,ALIENTO ETÍLICO,0,0,Morelia,Pascual Ortiz de Ayala,agosto,domingo,3,-101.152999587357,19.6950803560637
8535,8535,2017,LEG8979,2017/08/27,"02:50:00",SUBIDA AL CAMELLÓN,ASFALTO,Lluvioso,Malo,1,NISSAN,BLANCO Y VERDE,1,,38,MASCULINO,SIN DATOS,0,0,Morelia,Rafael Carrillo,agosto,domingo,3,-101.236428022385,19.7077281289798
8536,8536,2017,"170987672",2017/08/27,"03:20:00",COLISIÓN POR ALCANCE,CONCRETO,Lluvioso,Bueno,2,VOLKSWAGEN,VERDE,2,,29,MASCULINO,ALIENTO ETÍLICO,0,0,Morelia,Centro,agosto,domingo,3,-101.182236671448,19.7026728012927
8537,8537,2017,"170987712",2017/08/27,"03:20:00",COLISIÓN POR CORTE DE CIRCULACIÓN,ASFALTO,Lluvioso,Malo,1,NISSAN,BLANCO,1,,35,MASCULINO,SIN DATOS,0,0,Morelia,El Lago 1,agosto,domingo,3,-101.217513084412,19.7273115960063
8538,8538,2017,"170987686",2017/08/27,"04:00:00",SUBIDA AL CAMELLÓN,ASFALTO,Bueno,Bueno,1,NISSAN,CAFE,1,,28,MASCULINO,SIN DATOS,0,0,Morelia,El Realito,agosto,domingo,4,-101.202964782715,19.7255846306536
8539,8539,2017,"170987214",2017/08/27,"05:40:00",SUBIDA AL CAMELLÓN,ASFALTO,Lluvioso,Regular,1,FORD,ROJO,1,,26,MASCULINO,SIN DATOS,0,0,Morelia,Francisco J Mujica,agosto,domingo,6,-101.192729473114,19.723584963244
8540,8540,2017,"170987890",2017/08/27,"08:25:00",COLISIÓN CONTRA OBJETO FIJO,ASFALTO,Bueno,Bueno,1,FORD,NEGRO,1,,28,MASCULINO,SIN DATOS,0,0,Morelia,Villas del Real,agosto,domingo,8,-101.198689341545,19.7346737125624
8541,8541,2017,"170987921",2017/08/27,"08:35:00",VOLCADURA,ASFALTO,Bueno,Bueno,1,FORD,BLANCO,1,,23,MASCULINO,SIN DATOS,0,0,Morelia,Alberto Oviedo Mota,agosto,domingo,9,-101.197868585587,19.681262905263
8542,8542,2017,LEG8994,2017/08/27,"08:35:00",COLISIÓN POR ALCANCE,ASFALTO,Bueno,Bueno,2,CHEVROLET,GRIS,3,,28,MASCULINO,SIN DATOS,1,0,Morelia,Alberto Oviedo Mota,agosto,domingo,9,-101.197911500931,19.6812831093924
8544,8544,2017,,2017/08/27,10:00:00,COLISIÓN POR CORTE DE CIRCULACIÓN,ASFALTO,Bueno,Bueno,2,NISSAN,NEGRO,0,MINISTERIO PÚBLICO,,,,0,0,Tuxpan,Sin datos,agosto,domingo,10,-100.469799041748,19.6110583932586
8545,8545,2017,"170988399",2017/08/27,11:05:00,COLISIÓN POR CORTE DE CIRCULACIÓN,CONCRETO,Nublado,Regular,2,INTERNATIONAL,BLANCO Y AZUL,2,,38,MASCULINO,SIN DATOS,0,0,Morelia,Gral Gertrudis Sanchez,agosto,domingo,11,-101.2094753,19.7439916449991
8546,8546,2017,"170988337",2017/08/27,11:20:00,COLISIÓN POR ALCANCE,ASFALTO,Bueno,Bueno,2,NISSAN,AZUL,2,,34,FEMENINO,SIN DATOS,0,0,Morelia,Las Americas,agosto,domingo,11,-101.156498193741,19.6876977916046
8547,8547,2017,"170988599",2017/08/27,12:30:00,COLISIÓN POR CORTE DE CIRCULACIÓN,ASFALTO,Bueno,Bueno,2,MERCEDES BENZ,BLANCO Y VERDE,2,,43,MASCULINO,SIN DATOS,0,0,Morelia,Real Santa Rita,agosto,domingo,13,-101.220924854279,19.6739892531192
8548,8548,2017,"170984938",2017/08/27,14:00:00,COLISIÓN POR CAMBIO DE CARRIL,CONCRETO,Bueno,Regular,6,HONDA,BLANCO,7,MINISTERIO PÚBLICO,86,MASCULINO,SIN DATOS,1,0,Morelia,Del Empleado,agosto,domingo,14,-101.179621517658,19.6899479204349
8549,8549,2017,"170989449",2017/08/27,15:35:00,COLISIÓN POR ALCANCE,ASFALTO,Nublado,Regular,2,CHEVROLET,BLANCO,2,,55,FEMENINO,SIN DATOS,0,0,Morelia,Jardines del Toreo,agosto,domingo,16,-101.214122772217,19.6879604345346
8550,8550,2017,"170989468",2017/08/27,15:40:00,SALIDA DE SUPERFICIE DE RODAMIENTO,ASFALTO,Lluvioso,Regular,1,DODGE,DORADO,0,MINISTERIO PÚBLICO,,,,0,0,Morelia,Sin datos,agosto,domingo,16,-101.280040740967,19.6501859397058
8551,8551,2017,"170989241",2017/08/27,15:40:00,COLISIÓN POR CORTE DE CIRCULACIÓN,CONCRETO,Bueno,Bueno,2,NISSAN,BLANCO Y CREMA,2,,24,MASCULINO,SIN DATOS,0,0,Morelia,Centro,agosto,domingo,16,-101.183223724365,19.7007031498603
8552,8552,2017,"170498752",2017/08/27,17:40:00,COLISIÓN POR ALCANCE,ASFALTO,Bueno,Bueno,2,NISSAN,ROJO,2,,20,MASCULINO,SIN DATOS,0,0,Morelia,La Luz,agosto,domingo,18,-101.288774013519,19.6882331786599
8553,8553,2017,"170987422",2017/08/27,17:41:00,COLISIÓN CONTRA OBJETO FIJO,ASFALTO,Bueno,Bueno,1,CHEVROLET,BLANCO,1,,58,MASCULINO,SIN DATOS,0,0,Morelia,La Soledad,agosto,domingo,18,-101.183395385742,19.7281498239226
8554,8554,2017,"170989760",2017/08/27,17:50:00,VOLCADURA,ASFALTO,Bueno,Bueno,1,TOYOTA,BLANCO,2,,25,MASCULINO,SIN DATOS,1,0,Tarímbaro,Real Hacienda,agosto,domingo,18,-101.200287938118,19.7531633480734
8555,8555,2017,"170989815",2017/08/27,18:00:00,COLISIÓN POR CORTE DE CIRCULACIÓN,SIN_DATOS,Bueno,Bueno,2,SIN DATOS,SIN DATOS,2,,,,SIN DATOS,0,0,Morelia,Tierra Y Libertad,agosto,domingo,18,-101.224662512541,19.7171818194825
8556,8556,2017,"170989882",2017/08/27,18:05:00,COLISIÓN POR CAMBIO DE CARRIL,CONCRETO,Bueno,Bueno,2,JEEP,BLANCO,2,,49,MASCULINO,ALIENTO ETÍLICO,0,0,Morelia,Felix Ireta,agosto,domingo,18,-101.181432008743,19.682343822605
8557,8557,2017,,2017/08/27,18:30:00,CAIDA DE MOTOCICLETA,ASFALTO,Lluvioso,Bueno,1,ITALIKA,AZUL/NEG,2,MINISTERIO PÚBLICO,,,,2,0,Tacámbaro,Sin datos,agosto,domingo,19,-101.416511535645,19.2994787134959
8558,8558,2017,"170990869",2017/08/27,22:45:00,VOLCADURA,ASFALTO,Bueno,Bueno,1,VOLKSWAGEN,NEGRO,1,,26,MASCULINO,SIN DATOS,0,0,Morelia,Sin datos,agosto,domingo,23,-101.290597915649,19.6014367315993
8559,8559,2017,,2017/08/27,23:20:00,SALIDA DE SUPERFICIE DE RODAMIENTO,ASFALTO,Lluvioso,Bueno,1,TOYOTA,MORADA,0,MINISTERIO PÚBLICO,,,,0,0,Hidalgo,Sin datos,agosto,domingo,23,-100.701756477356,19.6685742088034
8560,8560,2017,"170991150",2017/08/28,"00:10:00",COLISIÓN POR CORTE DE CIRCULACIÓN,ASFALTO,Bueno,Bueno,2,VOLKSWAGEN,BLANCO,1,,28,MASCULINO,SIN DATOS,0,0,Morelia,Tinijaro,agosto,lunes,0,-101.264441013336,19.6962536685361
8562,8562,2017,"170991310",2017/08/28,"04:00:00",CAIDA DE MOTOCICLETA,ASFALTO,Lluvioso,Regular,1,SUZUKI,NEGRO Y GRIS,1,,,,SIN DATOS,0,0,Morelia,Irrigacion,agosto,lunes,4,-101.225109100342,19.7047888869667
8563,8563,2017,"170991327",2017/08/28,"04:10:00",SUBIDA AL CAMELLÓN,ASFALTO,Lluvioso,Bueno,1,CHEVROLET,VERDE,1,MINISTERIO PÚBLICO,,,SIN DATOS,0,0,Morelia,Barrio Alto,agosto,lunes,4,-101.196441650391,19.7246756940239
8564,8564,2017,,2017/08/28,"06:40:00",VOLCADURA,ASFALTO,Nublado,Regular,1,KENWORTH,NEGRO,1,,34,,SIN DATOS,0,0,Pátzcuaro,San Lazaro,agosto,lunes,7,-101.611475944519,19.5062706060363
8565,8565,2017,"170991447",2017/08/28,"07:35:00",COLISIÓN POR ALCANCE,ASFALTO,Bueno,Bueno,2,VOLKSWAGEN,BLANCO,2,,29,MASCULINO,SIN DATOS,0,0,Morelia,Cinco de Diciembre,agosto,lunes,8,-101.163332462311,19.6862229425345
8566,8566,2017,"170991438",2017/08/28,"07:38:00",COLISIÓN POR CAMBIO DE CARRIL,ASFALTO,Bueno,Bueno,2,NISSAN,ARENA,2,,69,FEMENINO,SIN DATOS,0,0,Morelia,Las Americas,agosto,lunes,8,-101.158965826035,19.6880715525677
8567,8567,2017,,2017/08/28,"09:30:00",COLISIÓN POR ALCANCE,CONCRETO,Bueno,Bueno,2,CHEVROLET,BLANCO,2,,48,MASCULINO,SIN DATOS,0,0,Morelia,Ferrocarrilero,agosto,lunes,10,-101.217454075813,19.6976223643876
8568,8568,2017,"170991812",2017/08/28,"09:55:00",COLISIÓN POR CAMBIO DE CARRIL,ASFALTO,Bueno,Bueno,2,NISSAN,ROJO,2,,56,MASCULINO,SIN DATOS,0,0,Morelia,El Realito,agosto,lunes,10,-101.202758252621,19.7255442335799