fid,id_accidente,anio_origen,folio_c5i,dia_incidente,hora_ocurrencia,tipo_incidente_vial,superficie_ocurrencia,condiciones_climaticas,condiciones_via,numero_vehiculos_involucrados,marca_vehiculo_ocasiona_siniestro,color_vehiculo_ocasiona_siniestro,numero_personas_involucradas,lugar_remite_presunto_responsable,edad_presunto_responsable,sexo_presunto_responsable,resultados_toxicologia,numero_personas_lesionadas,numero_personas_fallecidas,municipio,colonia,mes,dia_semana,hora_redondeada,lon,lat
8569,8569,2017,,2017/08/28,10:30:00,COLISIÓN POR CORTE DE CIRCULACIÓN,ASFALTO,Bueno,Bueno,2,RENAULT,AZUL,2,,,FEMENINO,SIN DATOS,0,0,Lázaro Cárdenas,Jose Green,agosto,lunes,11,-102.202731370926,17.96596622997
8570,8570,2017,"170991847",2017/08/28,10:30:00,SALIDA DE SUPERFICIE DE RODAMIENTO,ASFALTO,Bueno,Bueno,1,CHRYSLER,CAFE,1,,,,SIN DATOS,0,0,Morelia,Sin datos,agosto,lunes,11,-101.248369216919,19.7839073417451
8571,8571,2017,"170991958",2017/08/28,10:50:00,SALIDA DE SUPERFICIE DE RODAMIENTO,TERRACERIA,Bueno,Regular,1,CHEVROLET,BLANCO Y NARANJA,1,,38,MASCULINO,SIN DATOS,0,0,Morelia,Torreon Nuevo,agosto,lunes,11,-101.203043907881,19.7462653285897
8572,8572,2017,"170992046",2017/08/28,11:30:00,COLISIÓN POR ALCANCE,ASFALTO,Bueno,Bueno,2,HONDA,AZUL,2,MINISTERIO PÚBLICO,27,MASCULINO,SIN DATOS,0,0,Morelia,Chapultepec Sur,agosto,lunes,12,-101.177263855934,19.6909302899965
8573,8573,2017,"170992552",2017/08/28,13:50:00,COLISIÓN POR CAMBIO DE CARRIL,ASFALTO,Bueno,Bueno,2,FORD,BLANCO,2,MINISTERIO PÚBLICO,28,MASCULINO,SIN DATOS,0,0,Morelia,Torreon Nuevo,agosto,lunes,14,-101.203098893166,19.7455395361031
8574,8574,2017,"170992776",2017/08/28,14:55:00,COLISIÓN POR CORTE DE CIRCULACIÓN,ASFALTO,Bueno,Bueno,2,NISSAN,PLATA,2,MINISTERIO PÚBLICO,,FEMENINO,SIN DATOS,0,0,Morelia,Division del Norte,agosto,lunes,15,-101.16398692131,19.7111218257699
8575,8575,2017,,2017/08/28,15:05:00,COLISIÓN POR ALCANCE,ASFALTO,Bueno,Bueno,3,MAZDA,AZUL,3,,22,MASCULINO,SIN DATOS,0,0,Morelia,Libertad,agosto,lunes,15,-101.237779855728,19.6869300636467
8576,8576,2017,"170992851",2017/08/28,15:20:00,COLISIÓN POR CAMBIO DE CARRIL,CONCRETO,Bueno,Bueno,2,CHEVROLET,ROJO,2,,18,MASCULINO,SIN DATOS,0,0,Morelia,Indeco Expropiacion Petrolera,agosto,lunes,15,-101.225736737251,19.6834802932524
8577,8577,2017,,2017/08/28,15:57:00,SALIDA DE SUPERFICIE DE RODAMIENTO,ASFALTO,Lluvioso,Bueno,3,VOLKSWAGEN,NEGRO,1,,26,MASCULINO,SIN DATOS,0,0,Pátzcuaro,Centro,agosto,lunes,16,-101.617784500122,19.516292332014
8578,8578,2017,"170993047",2017/08/28,16:00:00,COLISIÓN POR NO RESPETAR SEMÁFORO,ASFALTO,Bueno,Bueno,2,TOYOTA,BLANCO Y ROJO,10,,71,MASCULINO,SIN DATOS,8,0,Morelia,Guadalupe,agosto,lunes,16,-101.22614979744,19.7090714759031
8579,8579,2017,"170993455",2017/08/28,17:35:00,COLISIÓN POR ALCANCE,ASFALTO,Bueno,Bueno,2,FORD,BLANCO,2,,32,MASCULINO,SIN DATOS,0,0,Morelia,Molino de Parras,agosto,lunes,18,-101.204563379288,19.7024202832333
8580,8580,2017,"170993617",2017/08/28,18:40:00,COLISIÓN CON PEATÓN,ASFALTO,Bueno,Bueno,1,NISSAN,BLANCO,2,,47,MASCULINO,SIN DATOS,1,0,Morelia,Real Santa Rita,agosto,lunes,19,-101.220763921738,19.6743024310555
8581,8581,2017,"170993867",2017/08/28,19:25:00,COLISIÓN POR CORTE DE CIRCULACIÓN,ASFALTO,Bueno,Bueno,2,SEAT,AZUL,2,,26,MASCULINO,SIN DATOS,0,0,Morelia,Felix Ireta,agosto,lunes,19,-101.180525422096,19.6870411823947
8582,8582,2017,"170489709",2017/08/29,10:20:00,COLISIÓN POR CORTE DE CIRCULACIÓN,ASFALTO,Bueno,Bueno,1,NISSAN,BLANCO,1,,55,MASCULINO,SIN DATOS,0,0,Morelia,Centro,agosto,martes,10,-101.18754847,19.7028479949991
8583,8583,2017,"170995276",2017/08/29,10:25:00,COLISIÓN POR ALCANCE,ASFALTO,Bueno,Bueno,3,CHEVROLET,BLANCO,3,,24,MASCULINO,SIN DATOS,0,0,Morelia,Fuentes de Valladolid,agosto,martes,10,-101.221139431,19.673504331236
8584,8584,2017,"170995413",2017/08/29,11:00:00,COLISIÓN POR CAMBIO DE CARRIL,ASFALTO,Bueno,Bueno,2,CHEVROLET,ROJO,2,,42,MASCULINO,SIN DATOS,0,0,Morelia,Country Club  Las Huertas,agosto,martes,11,-101.229250431061,19.6637752759691
8585,8585,2017,"170115514",2017/08/29,11:40:00,COLISIÓN POR CORTE DE CIRCULACIÓN,ASFALTO,Nublado,Bueno,2,CHEVROLET,BLANCO,2,,58,MASCULINO,SIN DATOS,0,0,Morelia,Centro,agosto,martes,12,-101.186592578888,19.7029606713943
8586,8586,2017,"170995768",2017/08/29,12:20:00,COLISIÓN POR NO RESPETAR SEMÁFORO,ASFALTO,Bueno,Bueno,2,FORD,ROJO,2,MINISTERIO PÚBLICO,65,FEMENINO,SIN DATOS,1,0,Morelia,Real Punhuato,agosto,martes,12,-101.149642467499,19.6966577128095
8587,8587,2017,"170995973",2017/08/29,13:10:00,COLISIÓN POR ALCANCE,CONCRETO,Bueno,Bueno,2,ACURA,BLANCO,2,,38,MASCULINO,SIN DATOS,0,0,Morelia,Vasco de Quiroga,agosto,martes,13,-101.170429587364,19.7000465939949
8588,8588,2017,,2017/08/29,15:10:00,COLISIÓN POR ALCANCE,ASFALTO,Bueno,Bueno,3,AUDI,NEGRO,3,,17,MASCULINO,SIN DATOS,0,0,Morelia,Loma de Los Piñones,agosto,martes,15,-101.205067634583,19.6741205858767
8589,8589,2017,"170945785",2017/08/29,16:20:00,COLISIÓN POR ALCANCE,ASFALTO,Lluvioso,Regular,2,VOLKSWAGEN,BLANCO,2,,41,FEMENINO,SIN DATOS,0,0,Morelia,Alberto Oviedo Mota,agosto,martes,16,-101.197621822357,19.6812224969966
8590,8590,2017,"170996672",2017/08/29,16:40:00,COLISIÓN POR MANIOBRA DE REVERSA,CONCRETO,Nublado,Bueno,2,FORD,AZUL,2,,42,MASCULINO,SIN DATOS,0,0,Morelia,Ana Maria Gallaga (Riviera Norte),agosto,martes,17,-101.223810911179,19.6767876278176
8591,8591,2017,"170998621",2017/08/29,17:20:00,SUBIDA AL CAMELLÓN,ASFALTO,Bueno,Bueno,1,VOLKSWAGEN,ROJO,1,,20,MASCULINO,SIN DATOS,0,0,Morelia,Comision Federal de Electricidad,agosto,martes,17,-101.178781986237,19.6815457628422
8592,8592,2017,"170996831",2017/08/29,17:30:00,COLISIÓN POR ALCANCE,ASFALTO,Bueno,Bueno,2,NISSAN,BLANCO,2,,25,MASCULINO,SIN DATOS,0,0,Morelia,Cinco de Diciembre,agosto,martes,18,-101.160832643509,19.6879705361772
8593,8593,2017,"170597112",2017/08/29,18:00:00,COLISIÓN POR NO RESPETAR SEMÁFORO,ASFALTO,Bueno,Bueno,2,NISSAN,BLANCO Y ROJO,2,,51,MASCULINO,SIN DATOS,0,0,Morelia,San Rafael,agosto,martes,18,-101.153891086578,19.6998900302754
8594,8594,2017,"170997734",2017/08/29,21:05:00,SUBIDA AL CAMELLÓN,ASFALTO,Lluvioso,Bueno,1,SMART,PLATINO,1,,44,MASCULINO,SIN DATOS,0,0,Morelia,Emiliano Zapata,agosto,martes,21,-101.215941309929,19.7163233343372
8595,8595,2017,"170999305",2017/08/30,"00:00:00",COLISIÓN POR ALCANCE,ASFALTO,Lluvioso,Bueno,4,HONDA,BLANCO,4,,36,FEMENINO,SIN DATOS,0,0,Morelia,Felix Ireta,agosto,miércoles,0,-101.195577979088,19.6815962730716
8596,8596,2017,"170998252",2017/08/30,"07:00:00",COLISIÓN POR ALCANCE,ASFALTO,Bueno,Regular,2,NISSAN,BLANCO,4,MINISTERIO PÚBLICO,,MASCULINO,SIN DATOS,2,0,Morelia,Sin datos,agosto,miércoles,7,-101.096770763397,19.7303716115806
8597,8597,2017,"170998297",2017/08/30,"07:10:00",COLISIÓN POR CORTE DE CIRCULACIÓN,ASFALTO,Lluvioso,Bueno,1,FORD,NEGRO,1,,22,MASCULINO,SIN DATOS,0,0,Morelia,Alberto Oviedo Mota,agosto,miércoles,7,-101.199531555176,19.6811113742116
8598,8598,2017,"170998586",2017/08/30,"07:10:00",COLISIÓN POR ALCANCE,ASFALTO,Lluvioso,Regular,3,FORD,BLANCO,3,,57,MASCULINO,SIN DATOS,0,0,Morelia,Jardines de Torremolinos,agosto,miércoles,7,-101.225860118866,19.6769391629588
8599,8599,2017,"170999316",2017/08/30,"08:10:00",COLISIÓN POR ALCANCE,ASFALTO,Lluvioso,Bueno,3,DODGE,GRIS,3,,,MASCULINO,SIN DATOS,0,0,Morelia,Alberto Oviedo Mota,agosto,miércoles,8,-101.197031736374,19.6811012721364
8600,8600,2017,"170998453",2017/08/30,"08:36:00",COLISIÓN POR ALCANCE,ASFALTO,Lluvioso,Bueno,2,YAMAHA,BLANCO,2,,32,MASCULINO,SIN DATOS,0,0,Morelia,Los Manantiales de Morelia,agosto,miércoles,9,-101.242704391479,19.7003243679591
8601,8601,2017,"170998491",2017/08/30,"08:40:00",COLISIÓN POR CORTE DE CIRCULACIÓN,ASFALTO,Lluvioso,Regular,2,CHEVROLET,BLANCO,2,,28,MASCULINO,SIN DATOS,0,0,Morelia,Comision Federal de Electricidad,agosto,miércoles,9,-101.181356906891,19.6816164771589
8602,8602,2017,"170998509",2017/08/30,"08:50:00",COLISIÓN POR ALCANCE,ASFALTO,Lluvioso,Bueno,2,CHEVROLET,BLANCO,2,,69,MASCULINO,SIN DATOS,0,0,Morelia,Enrique Arreguin Robles,agosto,miércoles,9,-101.178878545761,19.7203430250379
8603,8603,2017,"170999326",2017/08/30,"09:30:00",COLISIÓN POR ALCANCE,ASFALTO,Lluvioso,Bueno,2,NISSAN,BLANCO Y GUINDA,2,,32,MASCULINO,SIN DATOS,0,0,Morelia,Alberto Oviedo Mota,agosto,miércoles,10,-101.195787191391,19.6827883098628
8604,8604,2017,"170999058",2017/08/30,12:05:00,COLISIÓN POR INVASIÓN DE CARRIL,ASFALTO,Lluvioso,Bueno,2,VOLKSWAGEN,ROJO,2,,18,MASCULINO,SIN DATOS,0,0,Morelia,Irrigacion,agosto,miércoles,12,-101.220678091049,19.7055565292665
8605,8605,2017,"170999491",2017/08/30,13:45:00,COLISIÓN POR CORTE DE CIRCULACIÓN,ASFALTO,Nublado,Regular,2,NISSAN,BLANCO Y AMARILLO,2,MINISTERIO PÚBLICO,40,MASCULINO,SIN DATOS,0,0,Morelia,Pascual Ortiz de Ayala,agosto,miércoles,14,-101.150887012482,19.6949001127883
8606,8606,2017,"170999921",2017/08/30,15:30:00,COLISIÓN POR INVASIÓN DE CARRIL,CONCRETO,Bueno,Bueno,2,HONDA,PLATA,2,,,MASCULINO,SIN DATOS,0,0,Morelia,Heroes de Bajan,agosto,miércoles,16,-101.226643323898,19.690788869557
8608,8608,2017,"1701000615",2017/08/30,18:00:00,COLISIÓN POR ALCANCE,ASFALTO,Bueno,Bueno,2,NISSAN,ARENA,2,,,MASCULINO,SIN DATOS,0,0,Morelia,Centro,agosto,miércoles,18,-101.191549301147,19.7030313762523
8609,8609,2017,"171000583",2017/08/30,19:30:00,COLISIÓN POR CAMBIO DE CARRIL,ASFALTO,Bueno,Bueno,2,TOYOTA,BLANCO Y MORADO,2,,29,MASCULINO,SIN DATOS,0,0,Morelia,Industrial,agosto,miércoles,20,-101.197986602783,19.7068695930819
8610,8610,2017,"170100727",2017/08/30,19:57:00,COLISIÓN CON PEATÓN,CONCRETO,Lluvioso,Regular,1,CHEVROLET,BLANCO Y VERDE,2,,30,MASCULINO,SIN DATOS,1,0,Morelia,Comision Federal de Electricidad,agosto,miércoles,20,-101.180198192596,19.6816871914444
8611,8611,2017,"171000935",2017/08/30,20:35:00,COLISIÓN CON PEATÓN,CONCRETO,Lluvioso,Regular,1,SIN DATOS,SIN DATOS,1,,,,,1,0,Morelia,Loma Dorada,agosto,miércoles,21,-101.254892349243,19.7043394104893
8612,8612,2017,"171001011",2017/08/30,20:40:00,COLISIÓN POR ALCANCE,ASFALTO,Lluvioso,Bueno,2,NISSAN,ROJO,2,,55,FEMENINO,SIN DATOS,0,0,Morelia,Sin datos,agosto,miércoles,21,-101.13395690918,19.7301898301146
8613,8613,2017,"170001056",2017/08/30,21:30:00,COLISIÓN POR NO RESPETAR SEMÁFORO,ASFALTO,Nublado,Bueno,3,KIA,BLANCO,3,,17,MASCULINO,SIN DATOS,0,0,Morelia,Primo Tapia Oriente,agosto,miércoles,22,-101.158525943756,19.7136165509941
8614,8614,2017,"171001353",2017/08/30,22:40:00,COLISIÓN POR ALCANCE,ASFALTO,Lluvioso,Bueno,2,INTERNATIONAL,BLANCO,2,,40,MASCULINO,SIN DATOS,0,0,Morelia,Primo Tapia Oriente,agosto,miércoles,23,-101.15851521492,19.7136064509705
8615,8615,2017,"171001539",2017/08/31,"02:10:00",COLISIÓN POR CORTE DE CIRCULACIÓN,ASFALTO,Lluvioso,Bueno,2,HONDA,BLANCO,2,,53,MASCULINO,CON CERTIFICADO,0,0,Morelia,Nueva Chapultepec,agosto,jueves,2,-101.167114377022,19.6865310456886
8616,8616,2017,"171001849",2017/08/31,"07:55:00",COLISIÓN CONTRA OBJETO FIJO,ASFALTO,Nublado,Regular,1,DODGE,BLANCO,1,,30,MASCULINO,SIN DATOS,0,0,Morelia,Articulo Constitucional,agosto,jueves,8,-101.171035766602,19.714151851335
8617,8617,2017,"170001853",2017/08/31,"08:30:00",COLISIÓN POR ALCANCE,ASFALTO,Bueno,Bueno,2,DODGE,AZUL,2,MINISTERIO PÚBLICO,38,MASCULINO,SIN DATOS,0,0,Morelia,Loma de Los Piñones,agosto,jueves,9,-101.205056905746,19.6741256371344
8618,8618,2017,"171001987",2017/08/31,"09:00:00",COLISIÓN POR ALCANCE,ASFALTO,Nublado,Bueno,2,RENAULT,BLANCO,2,,25,MASCULINO,SIN DATOS,0,0,Morelia,Ferrocarrilero,agosto,jueves,9,-101.21547460556,19.6994152877379
8619,8619,2017,"170001921",2017/08/31,"09:20:00",COLISIÓN POR ALCANCE,ASFALTO,Bueno,Bueno,2,VOLKSWAGEN,ROJO,2,,46,FEMENINO,SIN DATOS,0,0,Morelia,El Lago 1,agosto,jueves,9,-101.217877864838,19.7274226867058
8620,8620,2017,"171001933",2017/08/31,"09:25:00",COLISIÓN CONTRA OBJETO FIJO,CONCRETO,Lluvioso,Bueno,1,VOLKSWAGEN,GRIS,1,,17,MASCULINO,SIN DATOS,0,0,Morelia,Lomas del Bosque,agosto,jueves,9,-101.105579137802,19.7277761565995
8621,8621,2017,"17001905",2017/08/31,"09:30:00",COLISIÓN POR ALCANCE,ASFALTO,Nublado,Regular,2,CHEVROLET,BLANCO,1,MINISTERIO PÚBLICO,46,MASCULINO,SIN DATOS,0,0,Morelia,Jardines de La Huerta,agosto,jueves,10,-101.217538172967,19.6678691181395
8622,8622,2017,"171002135",2017/08/31,10:15:00,COLISIÓN POR CORTE DE CIRCULACIÓN,ASFALTO,Bueno,Bueno,2,CHEVROLET,NEGRO,2,,31,MASCULINO,SIN DATOS,0,0,Morelia,Insurgentes,agosto,jueves,10,-101.152549982071,19.6984556974572
8623,8623,2017,"171002480",2017/08/31,12:15:00,COLISIÓN POR CAMBIO DE CARRIL,ASFALTO,Nublado,Regular,2,HONDA,ROJO,0,MINISTERIO PÚBLICO,,,,0,0,Morelia,Dr Miguel Silva,agosto,jueves,12,-101.18838429451,19.7130004483836
8624,8624,2017,"170100271",2017/08/31,15:30:00,COLISIÓN POR CAMBIO DE CARRIL,ASFALTO,Bueno,Bueno,2,CHEVROLET,VERDE,2,MINISTERIO PÚBLICO,,,SIN DATOS,1,0,Morelia,San Pascual,agosto,jueves,16,-101.267530918121,19.6954455769293
8625,8625,2017,"171003354",2017/08/31,17:00:00,COLISIÓN POR INVASIÓN DE CARRIL,ASFALTO,Lluvioso,Malo,3,INTERNATIONAL,BLANCO Y ORO,3,,41,MASCULINO,SIN DATOS,0,0,Morelia,Chapultepec Oriente,agosto,jueves,17,-101.159040927887,19.6881321623714
8626,8626,2017,"1701003462",2017/08/31,17:25:00,COLISIÓN POR CAMBIO DE CARRIL,CONCRETO,Lluvioso,Malo,2,FREIGHTLINER,BLANCO Y AZUL,2,,25,MASCULINO,SIN DATOS,0,0,Morelia,Reforma,agosto,jueves,17,-101.241406202316,19.7058090423758
8627,8627,2017,"171003500",2017/08/31,17:30:00,COLISIÓN POR CORTE DE CIRCULACIÓN,CONCRETO,Lluvioso,Regular,2,NISSAN,CAFE/ BLANCO,2,,47,MASCULINO,SIN DATOS,0,0,Morelia,12 de Diciembre,agosto,jueves,18,-101.153400242329,19.7039227598177
8628,8628,2017,"171003442",2017/08/31,17:40:00,COLISIÓN POR ALCANCE,ASFALTO,Lluvioso,Regular,2,INTERNATIONAL,BLANCO,2,,21,MASCULINO,SIN DATOS,0,0,Morelia,Cosmos,agosto,jueves,18,-101.216676235199,19.6828388197004
8629,8629,2017,"171003728",2017/08/31,18:38:00,COLISIÓN POR CAMBIO DE CARRIL,ASFALTO,Lluvioso,Bueno,2,INTERNATIONAL,BLANCO,2,,55,MASCULINO,SIN DATOS,0,0,Morelia,Las Americas,agosto,jueves,19,-101.153440475464,19.6873947415346
8630,8630,2017,"171003462",2017/08/31,18:45:00,COLISIÓN POR ALCANCE,ASFALTO,Lluvioso,Regular,2,JEEP,AZUL,2,,27,MASCULINO,SIN DATOS,0,0,Morelia,Residencial Alborada,agosto,jueves,19,-101.232769489288,19.7028091608791
8631,8631,2017,,2017/08/31,19:30:00,COLISIÓN CONTRA OBJETO FIJO,ASFALTO,Nublado,Regular,1,FORD,BLANCO,0,,,,,0,0,Tarímbaro,Metropolis,agosto,jueves,20,-101.203796267509,19.7610190275417
8632,8632,2017,"171004196",2017/08/31,20:50:00,COLISIÓN CONTRA OBJETO FIJO,ASFALTO,Lluvioso,Regular,2,SEAT,ROJO,2,,21,MASCULINO,SIN DATOS,0,0,Morelia,Felicitas del Rio,agosto,jueves,21,-101.197085380554,19.6902383387992
8633,8633,2017,"171004243",2017/08/31,21:15:00,COLISIÓN CONTRA OBJETO FIJO,ASFALTO,Lluvioso,Bueno,1,CHEVROLET,PLATA,1,,22,MASCULINO,SIN DATOS,0,0,Morelia,Torremolinos,agosto,jueves,21,-101.223816275597,19.6811467314697
8634,8634,2017,"171004353",2017/08/31,21:45:00,COLISIÓN POR INVASIÓN DE CARRIL,CONCRETO,Lluvioso,Regular,2,FORD,BLANCO,2,,33,MASCULINO,SIN DATOS,0,0,Morelia,Guadalupe,agosto,jueves,22,-101.227580795,19.7068758549991
8635,8635,2017,"170004568",2017/08/31,22:00:00,COLISIÓN POR CAMBIO DE CARRIL,ASFALTO,Bueno,Bueno,2,KENWORTH,BLANCO,2,,30,MASCULINO,SIN DATOS,0,0,Morelia,La Quemada,agosto,jueves,22,-101.238745450974,19.7015162653133
8636,8636,2017,"171004648",2017/08/31,22:17:00,COLISIÓN POR CORTE DE CIRCULACIÓN,CONCRETO,Lluvioso,Regular,2,CHEVROLET,AZUL,2,,32,MASCULINO,SIN DATOS,0,0,Morelia,La Esperanza,agosto,jueves,22,-101.250193119049,19.7014051566132
8637,8637,2017,"171004614",2017/08/31,23:25:00,COLISIÓN POR INVASIÓN DE CARRIL,ASFALTO,Lluvioso,Regular,3,VOLKSWAGEN,ROJO,2,MINISTERIO PÚBLICO,,,SIN DATOS,0,0,Morelia,Mariano Ontiveros,agosto,jueves,23,-101.230709552765,19.673024459178
8638,8638,2017,"171007027",2017/09/01,"00:00:00",COLISIÓN POR INVASIÓN DE CARRIL,ASFALTO,Bueno,Bueno,2,NISSAN,ORO VERDE,2,,20,MASCULINO,SIN DATOS,0,0,Morelia,Cuauhtemoc,septiembre,viernes,0,-101.182569265366,19.6969001388839
8639,8639,2017,,2017/09/01,"00:00:00",COLISIÓN CONTRA OBJETO FIJO,CONCRETO,Bueno,Bueno,1,NISSAN,BLANCO,2,MINISTERIO PÚBLICO,,,SIN DATOS,1,0,Sahuayo,El Pedregal,septiembre,viernes,0,-102.726696878672,20.0553555457534
8640,8640,2017,"171004742",2017/09/01,"00:40:00",COLISIÓN POR ALCANCE,ASFALTO,Bueno,Bueno,2,VOLKSWAGEN,AZUL,2,MINISTERIO PÚBLICO,58,MASCULINO,SIN DATOS,1,0,Morelia,Lomas de Huerta,septiembre,viernes,1,-101.214283704758,19.6744438660519
8641,8641,2017,"171004771",2017/09/01,"02:05:00",COLISIÓN POR CORTE DE CIRCULACIÓN,CONCRETO,Bueno,Bueno,2,SIN DATOS,BLANCO,1,,26,MASCULINO,SIN DATOS,0,0,Morelia,Jardines de Guadalupe,septiembre,viernes,2,-101.224266886711,19.7099502004932
8642,8642,2017,,2017/09/01,"03:30:00",COLISIÓN CONTRA OBJETO FIJO,CONCRETO,Lluvioso,Bueno,2,VOLKSWAGEN,NEGRO,2,,25,MASCULINO,SIN DATOS,0,0,Pátzcuaro,Centro,septiembre,viernes,4,-101.61163687706,19.5148159108956
8643,8643,2017,"170408975",2017/09/01,"04:15:00",COLISIÓN POR NO RESPETAR SEMÁFORO,ASFALTO,Bueno,Bueno,2,CHEVROLET,GRIS,2,,22,MASCULINO,SIN DATOS,0,0,Morelia,Centro,septiembre,viernes,4,-101.200186014175,19.7030465272892
8644,8644,2017,"171004909",2017/09/01,"05:30:00",CAIDA ACUATICA DE VEHÍCULO,ASFALTO,Lluvioso,Regular,1,NISSAN,NEGRO,1,,27,MASCULINO,SIN DATOS,0,0,Morelia,Gertrudis Bocanegra,septiembre,viernes,6,-101.208549141884,19.7070210997517
8645,8645,2017,"171005041",2017/09/01,"08:15:00",COLISIÓN CONTRA OBJETO FIJO,ASFALTO,Lluvioso,Bueno,1,SEAT,GRIS,1,,30,FEMENINO,SIN DATOS,0,0,Morelia,Puerta Tres Marias Norte,septiembre,viernes,8,-101.14155292511,19.6924556025115
8646,8646,2017,"171005164",2017/09/01,"08:50:00",COLISIÓN POR CORTE DE CIRCULACIÓN,CONCRETO,Bueno,Bueno,1,FORD,VERDE,1,,,,SIN DATOS,0,0,Morelia,Infonavit Colonial Universidad,septiembre,viernes,9,-101.20673596859,19.6865209439553
8647,8647,2017,"171005259",2017/09/01,"09:08:00",COLISIÓN POR INVASIÓN DE CARRIL,CONCRETO,Bueno,Bueno,2,INTERNATIONAL,BLANCO/GUINDA,2,,29,MASCULINO,SIN DATOS,0,0,Morelia,Centro,septiembre,viernes,9,-101.184307336807,19.7046171770008
8648,8648,2017,"171005340",2017/09/01,10:30:00,COLISIÓN POR CORTE DE CIRCULACIÓN,ASFALTO,Bueno,Bueno,1,SUZUKI,BLANCO,0,,,,,0,0,Morelia,San Rafael,septiembre,viernes,11,-101.15388572216,19.6998950807204
8649,8649,2017,"171005822",2017/09/01,12:00:00,COLISIÓN POR ALCANCE,ASFALTO,Bueno,Bueno,2,AUDI,AZUL,2,MINISTERIO PÚBLICO,,MASCULINO,SIN DATOS,0,0,Morelia,Chapultepec Sur,septiembre,viernes,12,-101.173986196518,19.6907636158939
8650,8650,2017,"171006016",2017/09/01,12:40:00,COLISIÓN POR ALCANCE,ASFALTO,Bueno,Bueno,2,CHEVROLET,BLANCO,2,,45,MASCULINO,SIN DATOS,0,0,Morelia,Centro,septiembre,viernes,13,-101.196935176849,19.7030919803914
8651,8651,2017,"171006065",2017/09/01,13:40:00,COLISIÓN POR CORTE DE CIRCULACIÓN,CONCRETO,Bueno,Bueno,2,NISSAN,SIN DATO,2,,30,MASCULINO,SIN DATOS,0,0,Morelia,Centro,septiembre,viernes,14,-101.190454959869,19.7048292892849
8652,8652,2017,,2017/09/01,14:15:00,COLISIÓN POR ALCANCE,ASFALTO,Nublado,Bueno,2,CHEVROLET,ROJO,3,MINISTERIO PÚBLICO,,FEMENINO,SIN DATOS,1,0,Morelia,Alberto Oviedo Mota,septiembre,viernes,14,-101.196420192719,19.6814245382266
8653,8653,2017,"171006887",2017/09/01,15:30:00,COLISIÓN POR CORTE DE CIRCULACIÓN,ASFALTO,Bueno,Bueno,1,V.W.,ROJO,1,,30,FEMENINO,SIN DATOS,0,0,Morelia,Granjas del Maestro,septiembre,viernes,16,-101.193813085556,19.7127277464703
8654,8654,2017,,2017/09/01,17:55:00,COLISIÓN POR ALCANCE,ASFALTO,Bueno,Bueno,2,FORD,GRIS,0,MINISTERIO PÚBLICO,,,,0,0,Los Reyes,Sin datos,septiembre,viernes,18,-102.284259796143,19.5678776962569
8655,8655,2017,"171007114",2017/09/01,18:30:00,COLISIÓN POR ALCANCE,ASFALTO,Nublado,Bueno,2,,,1,,47,MASCULINO,SIN DATOS,0,0,Morelia,Canteras de Morelia,septiembre,viernes,19,-101.1736536026,19.7164748320508
8656,8656,2017,"171007539",2017/09/01,18:35:00,COLISIÓN POR CORTE DE CIRCULACIÓN,CONCRETO,Bueno,Bueno,2,NISSAN,BLANCO Y VERDE,2,,26,MASCULINO,SIN DATOS,0,0,Morelia,3 de Agosto,septiembre,viernes,19,-101.170638799667,19.7326034671633
8657,8657,2017,"171007520",2017/09/01,19:20:00,COLISIÓN POR CORTE DE CIRCULACIÓN,CONCRETO,Bueno,Bueno,2,GMC,ROJO,2,,60,MASCULINO,SIN DATOS,0,0,Morelia,Dr Miguel Silva,septiembre,viernes,19,-101.188502311707,19.7196714003336
8658,8658,2017,,2017/09/01,19:30:00,COLISIÓN POR INVASIÓN DE CARRIL,ASFALTO,Bueno,Bueno,2,HONDA,NEGRO,1,MINISTERIO PÚBLICO,56,MASCULINO,SIN DATOS,0,0,Lázaro Cárdenas,Lirios,septiembre,viernes,20,-102.206733226776,17.9676909843439
8659,8659,2017,"171007613",2017/09/01,20:00:00,COLISIÓN POR ALCANCE,ADOQUIN_EMPEDRADO,Nublado,Bueno,2,V.W.,AZUL,2,,28,MASCULINO,SIN DATOS,0,0,Morelia,Centro,septiembre,viernes,20,-101.196945905685,19.7011122333066
8660,8660,2017,"171007627",2017/09/01,20:45:00,COLISIÓN POR ALCANCE,ASFALTO,Bueno,Bueno,2,NISSAN,GRIS,2,,,MASCULINO,SIN DATOS,0,0,Morelia,Los Manantiales de Morelia,septiembre,viernes,21,-101.242125034332,19.6973445857334
8661,8661,2017,"171008101",2017/09/01,22:30:00,COLISIÓN POR ALCANCE,TERRACERIA,Lluvioso,Regular,2,MERCURY,VERDE,2,,,MASCULINO,SIN DATOS,0,0,Morelia,Centro,septiembre,viernes,23,-101.19815826416,19.7056625848209
8662,8662,2017,"171011798",2017/09/02,"00:00:00",COLISIÓN POR CORTE DE CIRCULACIÓN,CONCRETO,Bueno,Regular,2,YAMAHA,BLANCO,2,,18,MASCULINO,SIN DATOS,0,0,Morelia,El Lago 3,septiembre,sábado,0,-101.21773570776,19.7269934722122