fid,id_accidente,anio_origen,folio_c5i,dia_incidente,hora_ocurrencia,tipo_incidente_vial,superficie_ocurrencia,condiciones_climaticas,condiciones_via,numero_vehiculos_involucrados,marca_vehiculo_ocasiona_siniestro,color_vehiculo_ocasiona_siniestro,numero_personas_involucradas,lugar_remite_presunto_responsable,edad_presunto_responsable,sexo_presunto_responsable,resultados_toxicologia,numero_personas_lesionadas,numero_personas_fallecidas,municipio,colonia,mes,dia_semana,hora_redondeada,lon,lat
8663,8663,2017,"171008251",2017/09/02,"00:10:00",SUBIDA AL CAMELLÓN,ASFALTO,Bueno,Regular,1,NISSAN,ROJO,1,,50,MASCULINO,ALIENTO ETÍLICO,0,0,Morelia,El Lago 3,septiembre,sábado,0,-101.217746436596,19.7270767904099
8664,8664,2017,"171008320",2017/09/02,"01:40:00",SALIDA DE SUPERFICIE DE RODAMIENTO,CONCRETO,Bueno,Bueno,1,MAZDA,BLANCO,1,,,MASCULINO,SIN DATOS,0,0,Morelia,Santa Maria de Guido,septiembre,sábado,2,-101.193917691708,19.6780542046316
8665,8665,2017,"171008381",2017/09/02,"02:44:00",SUBIDA AL CAMELLÓN,ASFALTO,Bueno,Bueno,1,VOLKSWAGEN,NEGRO,1,,27,MASCULINO,CON CERTIFICADO,0,0,Morelia,Los Manantiales de Morelia,septiembre,sábado,3,-101.241416931152,19.6954859816065
8666,8666,2017,"171008461",2017/09/02,"04:15:00",VOLCADURA,ASFALTO,Lluvioso,Bueno,1,HONDA,GRIS,1,,43,MASCULINO,CON CERTIFICADO,0,0,Morelia,Irrigacion,septiembre,sábado,4,-101.220602989197,19.7055262276666
8667,8667,2017,,2017/09/02,"04:30:00",COLISIÓN POR CAMBIO DE CARRIL,ASFALTO,Bueno,Bueno,2,FORD,ROJO,2,MINISTERIO PÚBLICO,39,MASCULINO,SIN DATOS,0,0,Lázaro Cárdenas,Centro,septiembre,sábado,5,-102.200918197632,17.9612409290847
8668,8668,2017,,2017/09/02,"06:30:00",COLISIÓN CONTRA OBJETO FIJO,ASFALTO,Nublado,Regular,1,JEEP,ARENA,0,MINISTERIO PÚBLICO,,,,0,0,Lázaro Cárdenas,Lirios,septiembre,sábado,7,-102.206786870956,17.967670573148
8669,8669,2017,"171508574",2017/09/02,"07:20:00",VOLCADURA,ASFALTO,Bueno,Bueno,1,CHEVROLET,GRIS,1,MINISTERIO PÚBLICO,,,SIN DATOS,0,0,Morelia,El Durazno,septiembre,sábado,7,-101.179267466068,19.657155038683
8670,8670,2017,"171008910",2017/09/02,"09:45:00",COLISIÓN POR ALCANCE,CONCRETO,Bueno,Bueno,3,NISSAN,BLANCO/AMARILLO,2,,,,SIN DATOS,1,0,Morelia,Las Margaritas,septiembre,sábado,10,-101.208897829056,19.7084351550826
8671,8671,2017,"17109210097",2017/09/02,11:00:00,COLISIÓN POR CORTE DE CIRCULACIÓN,ASFALTO,Bueno,Bueno,3,ITALIKA,PLATA,3,,24,MASCULINO,CON CERTIFICADO,0,0,Morelia,Comision Federal de Electricidad,septiembre,sábado,11,-101.181410551071,19.6814750484942
8672,8672,2017,"171009249",2017/09/02,11:10:00,COLISIÓN POR CAMBIO DE CARRIL,ASFALTO,Bueno,Regular,2,DINA,BLANCO,2,,33,MASCULINO,SIN DATOS,0,0,Morelia,Jardines de Sindurio,septiembre,sábado,11,-101.257370710373,19.6973546867838
8673,8673,2017,"171509561",2017/09/02,12:26:00,COLISIÓN POR ALCANCE,CONCRETO,Bueno,Bueno,2,NISSAN,BLANCO,2,,51,MASCULINO,SIN DATOS,0,0,Morelia,Vasco de Quiroga,septiembre,sábado,12,-101.176952719688,19.6984860003962
8674,8674,2017,"171010197",2017/09/02,14:00:00,CAIDA DE MOTOCICLETA,CONCRETO,Nublado,Regular,1,PULSAR,NEGRO,1,,33,MASCULINO,SIN DATOS,0,0,Morelia,Matamoros,septiembre,sábado,14,-101.165875196457,19.6962839718919
8675,8675,2017,"171010584",2017/09/02,15:00:00,COLISIÓN POR ALCANCE,CONCRETO,Bueno,Bueno,2,TOYOTA,ROJO,2,,62,MASCULINO,SIN DATOS,0,0,Morelia,Industrial,septiembre,sábado,15,-101.197707653046,19.7102936087911
8676,8676,2017,,2017/09/02,15:21:00,COLISIÓN POR CORTE DE CIRCULACIÓN,ASFALTO,Bueno,Bueno,2,ITALIKA,Rojo,3,,19,FEMENINO,SIN DATOS,1,0,Apatzingán,Palmira,septiembre,sábado,15,-102.348182201385,19.08367522897
8677,8677,2017,,2017/09/02,18:20:00,COLISIÓN POR CORTE DE CIRCULACIÓN,CONCRETO,Bueno,Bueno,2,"BIMXTRE,",AZUL,4,MINISTERIO PÚBLICO,11,MASCULINO,SIN DATOS,2,0,Sahuayo,La Noria de Montes,septiembre,sábado,18,-102.716481685638,20.0507308169116
8678,8678,2017,"171011919",2017/09/02,19:20:00,SUBIDA AL CAMELLÓN,ASFALTO,Bueno,Bueno,2,DODGE,AZUL,2,,53,MASCULINO,CON CERTIFICADO,0,0,Morelia,La Esperanza,septiembre,sábado,19,-101.254312992096,19.6978395364541
8679,8679,2017,"171012504",2017/09/02,21:30:00,SUBIDA AL CAMELLÓN,ASFALTO,Bueno,Bueno,1,KEENWORTH,BLANCO,1,,27,MASCULINO,SIN DATOS,0,0,Morelia,Bosques de Oriente,septiembre,sábado,22,-101.155379712582,19.7156643176129
8680,8680,2017,"171013111",2017/09/02,22:45:00,COLISIÓN POR ALCANCE,ASFALTO,Bueno,Malo,2,NISSAN,BLANCO,2,,36,MASCULINO,CON CERTIFICADO,0,0,Morelia,Adolfo Lopez Mateos,septiembre,sábado,23,-101.229255795479,19.7017220687246
8681,8681,2017,"171059625",2017/09/03,"00:10:00",COLISIÓN POR CORTE DE CIRCULACIÓN,CONCRETO,Bueno,Bueno,2,FIAT,BLANCO/ROJO,2,,54,,SIN DATOS,0,0,Morelia,Centro,septiembre,domingo,0,-101.181485652924,19.7021122106611
8682,8682,2017,,2017/09/03,"00:50:00",SALIDA DE SUPERFICIE DE RODAMIENTO,ASFALTO,Lluvioso,Bueno,1,CHEVROLET,BLANCO,1,,0,,SIN DATOS,0,0,Ziracuaretiro,Sin datos,septiembre,domingo,1,-101.923513412476,19.426651193193
8683,8683,2017,,2017/09/03,"06:45:00",COLISIÓN CONTRA OBJETO FIJO,CONCRETO,Nublado,Bueno,1,TOYOTA,AZUL,0,,,,,0,0,Pátzcuaro,Centro,septiembre,domingo,7,-101.607632339001,19.5152279955437
8684,8684,2017,"171013765",2017/09/03,"08:25:00",COLISIÓN POR CORTE DE CIRCULACIÓN,CONCRETO,Bueno,Bueno,2,NISSAN,BLANCO,2,,24,MASCULINO,CON CERTIFICADO,0,0,Morelia,Ejidal Tres Puentes,septiembre,domingo,8,-101.224894523621,19.6928192510319
8685,8685,2017,"171013740",2017/09/03,"08:40:00",COLISIÓN POR ALCANCE,ASFALTO,Bueno,Regular,2,CHEVROLET,GRIS,2,,31,MASCULINO,CON CERTIFICADO,0,0,Morelia,Villa Universidad,septiembre,domingo,9,-101.207277774811,19.6867482328018
8686,8686,2017,"171013784",2017/09/03,"09:00:00",COLISIÓN POR NO RESPETAR SEMÁFORO,ASFALTO,Bueno,Bueno,2,DODGE,NEGRO,2,,44,MASCULINO,SIN DATOS,0,0,Morelia,Industrial,septiembre,domingo,9,-101.188298463821,19.7125863452951
8687,8687,2017,"171013937",2017/09/03,"09:30:00",SUBIDA AL CAMELLÓN,ASFALTO,Bueno,Bueno,1,TOYOTA,NEGRO,1,,60,MASCULINO,SIN DATOS,0,0,Morelia,Felix Arreguin,septiembre,domingo,10,-101.228102445602,19.7194340585979
8688,8688,2017,,2017/09/03,15:00:00,COLISIÓN CON PEATÓN,CONCRETO,Bueno,Bueno,1,NISSAN,BLANCO Y VERDE,2,,20,MASCULINO,SIN DATOS,1,0,Pátzcuaro,Centro,septiembre,domingo,15,-101.609115600586,19.5168384021624
8689,8689,2017,,2017/09/03,15:10:00,CAIDA DE MOTOCICLETA,ASFALTO,Bueno,Malo,1,BAJAJ,NEGRO/BLANCO,1,,22,MASCULINO,SIN DATOS,0,0,Morelia,Leandro Valle,septiembre,domingo,15,-101.229722499847,19.7173232165936
8690,8690,2017,"17705253",2017/09/03,16:30:00,COLISIÓN POR ALCANCE,CONCRETO,Bueno,Bueno,3,NISSAN,AZUL,2,,36,,SIN DATOS,0,0,Morelia,Centro,septiembre,domingo,17,-101.190572977066,19.696021342617
8691,8691,2017,"1701485957",2017/09/03,17:20:00,COLISIÓN POR CAMBIO DE CARRIL,ASFALTO,Bueno,Bueno,2,NISSAN,BLANCO/GRIS,2,,40,MASCULINO,SIN DATOS,0,0,Morelia,Las Americas,septiembre,domingo,17,-101.156508922577,19.6878493164245
8692,8692,2017,"171015461",2017/09/03,17:30:00,COLISIÓN POR ALCANCE,ASFALTO,Bueno,Bueno,2,RENAULT,AZUL,2,,59,MASCULINO,SIN DATOS,0,0,Morelia,Primaveras,septiembre,domingo,18,-101.225693821907,19.6788232379113
8693,8693,2017,"171015856",2017/09/03,17:45:00,COLISIÓN POR CAMBIO DE CARRIL,ASFALTO,Bueno,Bueno,3,NISSAN,SIN DATO,3,,,,SIN DATOS,0,0,Morelia,Sin datos,septiembre,domingo,18,-101.114430427551,19.7370165920603
8694,8694,2017,,2017/09/03,17:45:00,COLISIÓN POR CAMBIO DE CARRIL,ASFALTO,Bueno,Bueno,2,CHEVROLET,GUINDA,2,,,MASCULINO,SIN DATOS,0,0,Cuitzeo,Centro,septiembre,domingo,18,-101.139600276947,19.9703136192265
8695,8695,2017,,2017/09/03,19:00:00,COLISIÓN POR ALCANCE,ADOQUIN_EMPEDRADO,Bueno,Bueno,2,FORD,VERDE,2,,,,SIN DATOS,0,0,Cuitzeo,Centro,septiembre,domingo,19,-101.140973567963,19.9681657748004
8696,8696,2017,"171015885",2017/09/03,19:02:00,COLISIÓN POR CORTE DE CIRCULACIÓN,CONCRETO,Bueno,Bueno,2,NISSAN,ROJO,2,,37,FEMENINO,SIN DATOS,0,0,Morelia,Nueva Chapultepec,septiembre,domingo,19,-101.17253780365,19.6888695798121
8697,8697,2017,,2017/09/03,19:30:00,COLISIÓN CONTRA OBJETO FIJO,CONCRETO,Bueno,Bueno,1,YAMAHA,AZUL,2,MINISTERIO PÚBLICO,27,MASCULINO,SIN DATOS,1,0,Sahuayo,Centro,septiembre,domingo,20,-102.722640037537,20.0555886053001
8698,8698,2017,,2017/09/03,19:30:00,COLISIÓN POR ALCANCE,ASFALTO,Lluvioso,Regular,2,FORD,NEGRO,0,MINISTERIO PÚBLICO,,,,0,0,Pajacuarán,Sin datos,septiembre,domingo,20,-102.529306411743,20.106636674756
8699,8699,2017,"17116081",2017/09/03,20:00:00,VOLCADURA,ASFALTO,Lluvioso,Regular,1,FORD,ROJO,1,,0,MASCULINO,SIN DATOS,0,0,Morelia,Hacienda de Tinijaro (Villas de Tinijaro),septiembre,domingo,20,-101.257703304291,19.6864148757165
8700,8700,2017,"171016018",2017/09/03,20:30:00,COLISIÓN POR ALCANCE,CONCRETO,Bueno,Bueno,2,VOLKSWAGEN,BLANCO,2,,,MASCULINO,SIN DATOS,0,0,Morelia,La Soledad,septiembre,domingo,21,-101.185122728348,19.7284426977
8701,8701,2017,,2017/09/03,20:45:00,SALIDA DE SUPERFICIE DE RODAMIENTO,ASFALTO,Lluvioso,Regular,1,DODGE,GRIS,0,MINISTERIO PÚBLICO,,,,0,0,Pajacuarán,Sin datos,septiembre,domingo,21,-102.516689300537,20.1112307895981
8702,8702,2017,"1710162225",2017/09/03,21:07:00,COLISIÓN POR INVASIÓN DE CARRIL,ASFALTO,Bueno,Bueno,2,SIN DATOS,SIN DATOS,1,,55,MASCULINO,SIN DATOS,0,0,Morelia,Lomas de Las Americas Norte,septiembre,domingo,21,-101.148161888123,19.6946778861239
8703,8703,2017,,2017/09/03,21:20:00,CAIDA DE MOTOCICLETA,ASFALTO,Lluvioso,Regular,1,YAMAHA,BLANCO,0,,,,,0,0,Erongarícuaro,Ma Luisa Martinez,septiembre,domingo,21,-101.721382141113,19.5804934792025
8704,8704,2017,"171163085",2017/09/03,21:30:00,COLISIÓN CONTRA OBJETO FIJO,SIN_DATOS,Bueno,Bueno,1,V.W.,NEGRO,1,,,,SIN DATOS,0,0,Morelia,Avicola Benito Juarez,septiembre,domingo,22,-101.279515028,19.6914656662431
8705,8705,2017,,2017/09/03,21:50:00,COLISIÓN CON PEATÓN,ASFALTO,Bueno,Bueno,1,NISSAN,AZUL,1,,,MASCULINO,SIN DATOS,0,0,Cuitzeo,Sin datos,septiembre,domingo,22,-101.177558898926,19.9672178904911
8706,8706,2017,,2017/09/03,22:20:00,COLISIÓN POR CORTE DE CIRCULACIÓN,ASFALTO,Bueno,Bueno,2,ITALIKA,NEGRO,5,MINISTERIO PÚBLICO,23,MASCULINO,SIN DATOS,3,0,Sahuayo,Las Brisas,septiembre,domingo,22,-102.716352939606,20.0570902563509
8707,8707,2017,"171016684",2017/09/03,22:50:00,COLISIÓN CONTRA OBJETO FIJO,ASFALTO,Lluvioso,Regular,1,FORD,AZUL,1,,26,,SIN DATOS,0,0,Morelia,Felix Ireta,septiembre,domingo,23,-101.195712089539,19.6817073955203
8708,8708,2017,"171016767",2017/09/03,23:55:00,COLISIÓN CONTRA OBJETO FIJO,ASFALTO,Nublado,Bueno,1,DODGE,GRIS,0,,,,,0,0,Tarímbaro,Sin datos,septiembre,domingo,0,-101.130373477936,19.7769210500489
8709,8709,2017,"171008252",2017/09/04,"00:10:00",COLISIÓN POR CAMBIO DE CARRIL,CONCRETO,Lluvioso,Bueno,2,BMW,BLANCO,2,,31,MASCULINO,SIN DATOS,0,0,Morelia,Vista Bella,septiembre,lunes,0,-101.192687898874,19.6784481925858
8710,8710,2017,"171016817",2017/09/04,"01:00:00",COLISIÓN POR ALCANCE,ASFALTO,Lluvioso,Regular,2,FORD,BLANCO,0,MINISTERIO PÚBLICO,,,,0,0,Tarímbaro,Puebla,septiembre,lunes,1,-101.199251264334,19.7506679781918
8711,8711,2017,"171006319",2017/09/04,"01:10:00",COLISIÓN POR ALCANCE,ASFALTO,Bueno,Regular,2,HYUNDAI,BLANCO,2,,27,MASCULINO,SIN DATOS,0,0,Morelia,Arcos del Valle,septiembre,lunes,1,-101.23627781868,19.7077483297689
8712,8712,2017,"171016873",2017/09/04,"02:00:00",SALIDA DE SUPERFICIE DE RODAMIENTO,ASFALTO,Lluvioso,Bueno,1,JEEP,ROJO,0,,,,,0,0,Lagunillas,Oriente,septiembre,lunes,2,-101.41393661499,19.5597496976794
8713,8713,2017,"171016962",2017/09/04,"03:10:00",SALIDA DE SUPERFICIE DE RODAMIENTO,ASFALTO,Lluvioso,Malo,1,FORD,NEGRO,1,,33,,SIN DATOS,0,0,Morelia,Sin datos,septiembre,lunes,3,-101.314029693604,19.6876068766438
8714,8714,2017,,2017/09/04,"04:15:00",COLISIÓN POR CORTE DE CIRCULACIÓN,ASFALTO,Lluvioso,Regular,1,DODGE,BLANCO,1,,0,,SIN DATOS,0,0,Morelia,Lomas de Huerta,septiembre,lunes,4,-101.21430516243,19.6743529435685
8715,8715,2017,"171017191",2017/09/04,"07:50:00",COLISIÓN CON PEATÓN,ASFALTO,Nublado,Bueno,1,NISSAN,AZUL,2,,38,MASCULINO,SIN DATOS,1,0,Morelia,Sin datos,septiembre,lunes,8,-101.263089179993,19.6396369922962
8716,8716,2017,,2017/09/04,"08:00:00",COLISIÓN POR ALCANCE,ASFALTO,Nublado,Bueno,2,CHEVROLET,BLANCO,2,MINISTERIO PÚBLICO,64,MASCULINO,SIN DATOS,0,0,Tuxpan,Sin datos,septiembre,lunes,8,-100.472470521927,19.5210754393259
8717,8717,2017,"171008662",2017/09/04,"08:05:00",SUBIDA AL CAMELLÓN,CONCRETO,Bueno,Regular,1,VOLKSWAGEN,ROJO,1,,37,MASCULINO,SIN DATOS,0,0,Morelia,Barrio Alto,septiembre,lunes,8,-101.196892261505,19.7246756940239
8718,8718,2017,"171017205",2017/09/04,"08:10:00",SUBIDA AL CAMELLÓN,ASFALTO,Bueno,Bueno,1,CHEVROLET,ROJO,1,,26,MASCULINO,SIN DATOS,0,0,Morelia,Isaac Arriaga,septiembre,lunes,8,-101.169447898865,19.7128792475907
8719,8719,2017,LEG9161,2017/09/04,"08:30:00",COLISIÓN POR ALCANCE,ASFALTO,Nublado,Regular,2,ITALIKA,NEGRO,2,,21,MASCULINO,SIN DATOS,0,0,Morelia,La Soledad,septiembre,lunes,9,-101.183352470398,19.7281599230273
8720,8720,2017,"171017227",2017/09/04,"08:35:00",COLISIÓN POR ALCANCE,ASFALTO,Bueno,Bueno,2,VOLKSWAGEN,GRIS,1,,39,MASCULINO,SIN DATOS,0,0,Morelia,La Soledad,septiembre,lunes,9,-101.183416843414,19.7280841797264
8721,8721,2017,,2017/09/04,"08:40:00",VOLCADURA,ASFALTO,Lluvioso,Regular,1,CHRYSLER,AZUL,0,MINISTERIO PÚBLICO,,,,0,0,Tuxpan,Sin datos,septiembre,lunes,9,-100.47082901001,19.6122711669037
8722,8722,2017,"171017330",2017/09/04,"09:10:00",COLISIÓN POR CAMBIO DE CARRIL,SIN_DATOS,Lluvioso,Regular,2,NISSAN,BLANCO,2,,40,FEMENINO,SIN DATOS,0,0,Morelia,Centro,septiembre,lunes,9,-101.178234815598,19.6991223607886
8723,8723,2017,"171016197",2017/09/04,"09:10:00",COLISIÓN POR CORTE DE CIRCULACIÓN,ASFALTO,Bueno,Bueno,2,VOLKSWAGEN,ROJO,2,,32,MASCULINO,SIN DATOS,0,0,Morelia,Independencia,septiembre,lunes,9,-101.177011728287,19.7052484627334
8724,8724,2017,"171017513",2017/09/04,"09:50:00",COLISIÓN POR ALCANCE,ASFALTO,Nublado,Regular,2,VOLKSWAGEN,GRIS,2,,39,MASCULINO,SIN DATOS,0,0,Morelia,Leandro Valle,septiembre,lunes,10,-101.230580806732,19.7159092398544
8725,8725,2017,"171017671",2017/09/04,11:00:00,COLISIÓN POR ALCANCE,CONCRETO,Bueno,Bueno,2,TOYOTA,ORANGE,2,,38,MASCULINO,SIN DATOS,0,0,Morelia,Camelinas,septiembre,lunes,11,-101.175205260515,19.6817250740846
8726,8726,2017,"171017732",2017/09/04,11:55:00,COLISIÓN POR ALCANCE,CONCRETO,Bueno,Bueno,3,TOYOTA,BLANCO,3,,57,FEMENINO,SIN DATOS,0,0,Morelia,Camelinas,septiembre,lunes,12,-101.173170804977,19.6861421284943
8727,8727,2017,"171018148",2017/09/04,13:40:00,COLISIÓN POR INVASIÓN DE CARRIL,CONCRETO,Bueno,Bueno,2,VOLKSWAGEN,GRIS,2,,26,MASCULINO,SIN DATOS,0,0,Morelia,Felicitas del Rio,septiembre,lunes,14,-101.199150681496,19.6887281575525
8728,8728,2017,"171010146",2017/09/04,13:50:00,COLISIÓN CONTRA OBJETO FIJO,TERRACERIA,Nublado,Bueno,2,DODGE,BLANCO,2,,33,FEMENINO,SIN DATOS,0,0,Morelia,Sentimientos de La Nacion,septiembre,lunes,14,-101.232447624207,19.6853440876574
8729,8729,2017,"17018317",2017/09/04,14:30:00,COLISIÓN POR CORTE DE CIRCULACIÓN,CONCRETO,Bueno,Bueno,2,VOLKSWAGEN,ROJO,2,,41,MASCULINO,SIN DATOS,0,0,Morelia,Nueva Chapultepec,septiembre,lunes,15,-101.17253780365,19.6888998845658
8730,8730,2017,"171018595",2017/09/04,15:40:00,COLISIÓN POR CAMBIO DE CARRIL,ASFALTO,Bueno,Regular,2,MERCEDES BENZ,MORADO,2,,32,MASCULINO,SIN DATOS,0,0,Morelia,Las Americas,septiembre,lunes,16,-101.153638958931,19.687450300757
8731,8731,2017,"17186380",2017/09/04,16:10:00,COLISIÓN POR CAMBIO DE CARRIL,CONCRETO,Bueno,Bueno,2,YAMAHA,AZUL,2,,31,MASCULINO,SIN DATOS,0,0,Morelia,Canteras de Morelia,septiembre,lunes,16,-101.171647310257,19.7148285492012
8732,8732,2017,"171018833",2017/09/04,17:05:00,COLISIÓN POR CAMBIO DE CARRIL,ASFALTO,Bueno,Bueno,2,MERCEDES BENZ,ROJO,2,,54,MASCULINO,SIN DATOS,0,0,Morelia,Josefa Ortiz de Dominguez,septiembre,lunes,17,-101.209444999695,19.6721303779321
8733,8733,2017,"17101142",2017/09/04,17:50:00,COLISIÓN CON PEATÓN,ASFALTO,Bueno,Bueno,1,SIN DATOS,BLANCO,2,,,,SIN DATOS,1,0,Morelia,Sin datos,septiembre,lunes,18,-101.316604614258,19.6876876899448
8734,8734,2017,"171019341",2017/09/04,19:10:00,COLISIÓN POR CAMBIO DE CARRIL,ASFALTO,Bueno,Regular,2,VOLKSWAGEN,VERDE,2,,23,MASCULINO,CON CERTIFICADO,0,0,Morelia,Puerta Tres Marias,septiembre,lunes,19,-101.140415668488,19.6912232319381
8735,8735,2017,"171019608",2017/09/04,20:30:00,COLISIÓN POR ALCANCE,ASFALTO,Bueno,Bueno,2,SIN DATOS,AZUL,1,,33,MASCULINO,SIN DATOS,0,0,Morelia,Centro,septiembre,lunes,21,-101.205947399139,19.7024051321371
8736,8736,2017,"171019754",2017/09/04,20:37:00,COLISIÓN POR CORTE DE CIRCULACIÓN,ASFALTO,Lluvioso,Regular,2,ITALIKA,NARANJA,1,,25,MASCULINO,SIN DATOS,0,0,Morelia,Cuauhtemoc,septiembre,lunes,21,-101.184334158897,19.6947485946415
8739,8739,2017,"1701020090",2017/09/04,22:10:00,COLISIÓN POR MANIOBRA DE REVERSA,ASFALTO,Bueno,Bueno,2,FORD,GRIS,2,,39,MASCULINO,SIN DATOS,0,0,Morelia,Gertrudis Bocanegra,septiembre,lunes,22,-101.209772229195,19.7021930166391
8740,8740,2017,"171020149",2017/09/04,22:40:00,COLISIÓN CONTRA OBJETO FIJO,ASFALTO,Nublado,Bueno,1,VOLKSWAGEN,PLATA,0,MINISTERIO PÚBLICO,,,,0,0,Morelia,Comision Federal de Electricidad,septiembre,lunes,23,-101.181346178055,19.681586171027
8741,8741,2017,"171020121",2017/09/04,22:40:00,COLISIÓN POR CORTE DE CIRCULACIÓN,CONCRETO,Nublado,Bueno,2,VOLKSWAGEN,BLANCO,2,,40,MASCULINO,SIN DATOS,0,0,Morelia,Villas del Pedregal,septiembre,lunes,23,-101.309201717377,19.6735245363438
8742,8742,2017,"171012941",2017/09/04,23:30:00,COLISIÓN CONTRA OBJETO FIJO,ADOQUIN_EMPEDRADO,Bueno,Bueno,1,FORD,ARENA,1,,,,SIN DATOS,0,0,Morelia,Villas del Pedregal,septiembre,lunes,0,-101.308761835098,19.6765249665669
8743,8743,2017,"171013058",2017/09/04,23:35:00,COLISIÓN CONTRA OBJETO FIJO,ASFALTO,Bueno,Bueno,1,CHEVROLET,BLANCO,1,,49,MASCULINO,CON CERTIFICADO,0,0,Morelia,Montaña Monarca,septiembre,lunes,0,-101.164469718933,19.6657655876522
8744,8744,2017,"171020219",2017/09/04,23:42:00,CAIDA DE MOTOCICLETA,ASFALTO,Bueno,Bueno,1,ITALIKA,BLANCO,1,,30,MASCULINO,SIN DATOS,0,0,Morelia,Arcos del Valle,septiembre,lunes,0,-101.23630464077,19.7076725767964
8745,8745,2017,"171020419",2017/09/05,"06:50:00",SUBIDA AL CAMELLÓN,CONCRETO,Bueno,Bueno,1,CHEVROLET,BLANCO,1,,33,MASCULINO,SIN DATOS,0,0,Morelia,Cuauhtemoc,septiembre,martes,7,-101.178846359253,19.6963344774723
8746,8746,2017,"171020524",2017/09/05,"07:50:00",COLISIÓN POR ALCANCE,ASFALTO,Bueno,Bueno,2,CHRYSLER,PLATA,2,,51,MASCULINO,SIN DATOS,0,0,Morelia,Francisco J Mujica,septiembre,martes,8,-101.188201904297,19.7215246736824
8747,8747,2017,,2017/09/05,"08:20:00",COLISIÓN POR ALCANCE,ASFALTO,Bueno,Bueno,2,NISSAN,BLANCO,2,,52,MASCULINO,SIN DATOS,0,0,Morelia,Balcones de Santa Maria,septiembre,martes,8,-101.185659170151,19.6754541123961
8748,8748,2017,"171020678",2017/09/05,"08:50:00",COLISIÓN POR CORTE DE CIRCULACIÓN,CONCRETO,Bueno,Bueno,2,NISSAN,ROJO,2,MINISTERIO PÚBLICO,34,MASCULINO,SIN DATOS,0,0,Morelia,Felix Ireta,septiembre,martes,9,-101.193370521069,19.690500977562
8749,8749,2017,"171020774",2017/09/05,10:00:00,COLISIÓN POR CORTE DE CIRCULACIÓN,CONCRETO,Bueno,Bueno,2,ITALIKA,AZUL,2,,52,MASCULINO,SIN DATOS,0,0,Morelia,Ventura Puente,septiembre,martes,10,-101.180603206158,19.689367082126
8750,8750,2017,"171020800",2017/09/05,10:40:00,VOLCADURA,ASFALTO,Bueno,Bueno,1,FREIGHTLINER,BLANCO,1,,,MASCULINO,SIN DATOS,0,0,Tarímbaro,Campestre,septiembre,martes,11,-101.162774562836,19.7975155965709
8751,8751,2017,,2017/09/05,12:10:00,COLISIÓN CONTRA OBJETO FIJO,ASFALTO,Nublado,Bueno,1,NISSAN,BLANCO,1,,,MASCULINO,SIN DATOS,0,0,Morelia,Comision Federal de Electricidad,septiembre,martes,12,-101.181356906891,19.6816467832851
8752,8752,2017,"171021683",2017/09/05,13:19:00,COLISIÓN POR CORTE DE CIRCULACIÓN,CONCRETO,Bueno,Bueno,2,YAMAHA,ROJO,3,MINISTERIO PÚBLICO,24,,SIN DATOS,1,0,Morelia,Camelinas,septiembre,martes,13,-101.166089773178,19.6841520698875
8753,8753,2017,"171020583",2017/09/05,16:10:00,COLISIÓN POR CAMBIO DE CARRIL,CONCRETO,Bueno,Bueno,2,MERCEDES BENZ,GRIS,2,MINISTERIO PÚBLICO,,MASCULINO,SIN DATOS,0,0,Morelia,Gertrudis Sanchez,septiembre,martes,16,-101.205776745,19.7441101549991
8754,8754,2017,"171022880",2017/09/05,16:55:00,SALIDA DE SUPERFICIE DE RODAMIENTO,ASFALTO,Bueno,Bueno,1,ITALIKA,NEGRO Y ROJO,0,,,,,0,0,Pátzcuaro,Sin datos,septiembre,martes,17,-101.493844985962,19.5330174211464
8755,8755,2017,LEG9190,2017/09/05,17:15:00,COLISIÓN POR CORTE DE CIRCULACIÓN,ASFALTO,Nublado,Regular,2,CHEVROLET,BLANCO Y VERDE,2,,22,MASCULINO,SIN DATOS,0,0,Morelia,Prados Verdes,septiembre,martes,17,-101.204536557198,19.7187876793181
8756,8756,2017,"171024658",2017/09/05,18:00:00,VOLCADURA,ASFALTO,Lluvioso,Bueno,1,NISSAN,BLANCO,1,,28,MASCULINO,SIN DATOS,0,0,Morelia,Tierra Y Libertad,septiembre,martes,18,-101.230441331863,19.715818340922
8757,8757,2017,"171250348",2017/09/05,18:30:00,COLISIÓN POR CORTE DE CIRCULACIÓN,ASFALTO,Bueno,Bueno,2,CHEVROLET,BLANCO,2,MINISTERIO PÚBLICO,40,MASCULINO,SIN DATOS,0,0,Morelia,Independencia,septiembre,martes,19,-101.179058398462,19.7121935311022
8758,8758,2017,"171023557",2017/09/05,19:00:00,COLISIÓN POR ALCANCE,ASFALTO,Bueno,Bueno,2,VOLKSWAGEN,BLANCO,2,,34,MASCULINO,SIN DATOS,0,0,Morelia,Dr Miguel Silva,septiembre,martes,19,-101.188352108002,19.7129600481295