fid,id_accidente,anio_origen,folio_c5i,dia_incidente,hora_ocurrencia,tipo_incidente_vial,superficie_ocurrencia,condiciones_climaticas,condiciones_via,numero_vehiculos_involucrados,marca_vehiculo_ocasiona_siniestro,color_vehiculo_ocasiona_siniestro,numero_personas_involucradas,lugar_remite_presunto_responsable,edad_presunto_responsable,sexo_presunto_responsable,resultados_toxicologia,numero_personas_lesionadas,numero_personas_fallecidas,municipio,colonia,mes,dia_semana,hora_redondeada,lon,lat
8759,8759,2017,"171023755",2017/09/05,19:15:00,COLISIÓN POR CAMBIO DE CARRIL,ASFALTO,Bueno,Bueno,2,INTERNATIONAL,VERDE,2,,22,MASCULINO,SIN DATOS,0,0,Morelia,Ana Maria Gallaga (Riviera Norte),septiembre,martes,19,-101.219615936279,19.6768381395473
8760,8760,2017,"171023576",2017/09/05,19:20:00,COLISIÓN POR ALCANCE,CONCRETO,Bueno,Bueno,2,VOLKSWAGEN,AZUL,2,,20,MASCULINO,SIN DATOS,0,0,Morelia,Irrigacion,septiembre,martes,19,-101.221622228622,19.7067685885557
8761,8761,2017,"171023847",2017/09/05,20:00:00,COLISIÓN POR CORTE DE CIRCULACIÓN,ASFALTO,Nublado,Regular,2,JEEP,NARANJA,2,,31,MASCULINO,SIN DATOS,0,0,Morelia,Felix Ireta,septiembre,martes,20,-101.188201904297,19.6865360965551
8763,8763,2017,"171023355",2017/09/06,"08:30:00",COLISIÓN POR ALCANCE,ASFALTO,Bueno,Bueno,2,FORD,BLANCO,2,,34,MASCULINO,SIN DATOS,0,0,Morelia,Lomas del Tecnologico,septiembre,miércoles,9,-101.188352108002,19.7212014885962
8764,8764,2017,"171025264",2017/09/06,"08:45:00",COLISIÓN POR CAMBIO DE CARRIL,ADOQUIN_EMPEDRADO,Nublado,Regular,2,NISSAN,BLANCO/GUINDA,2,,21,MASCULINO,SIN DATOS,0,0,Morelia,Alberto Oviedo Mota,septiembre,miércoles,9,-101.195583343506,19.6873240297691
8765,8765,2017,"170025388",2017/09/06,"09:20:00",COLISIÓN CONTRA OBJETO FIJO,CONCRETO,Bueno,Bueno,1,SIN DATOS,VERDE,1,,,,,1,0,Morelia,Lomas de Santiaguito,septiembre,miércoles,9,-101.178438663483,19.7220700470334
8766,8766,2017,"171025681",2017/09/06,"09:30:00",COLISIÓN POR NO RESPETAR SEMÁFORO,ASFALTO,Bueno,Bueno,2,NISSAN,BLANCO Y VERDE,2,,66,MASCULINO,SIN DATOS,0,0,Morelia,Alberto Oviedo Mota,septiembre,miércoles,10,-101.201006770134,19.680490095402
8767,8767,2017,"171026241",2017/09/06,12:45:00,COLISIÓN POR CORTE DE CIRCULACIÓN,ASFALTO,Nublado,Bueno,2,PONTIAC,PLATA,2,,30,MASCULINO,SIN DATOS,0,0,Morelia,Chapultepec Sur,septiembre,miércoles,13,-101.177671551704,19.6921071052376
8768,8768,2017,"171026311",2017/09/06,12:50:00,COLISIÓN POR ALCANCE,ASFALTO,Bueno,Bueno,2,CHEVROLET,BLANCO,2,,32,MASCULINO,SIN DATOS,0,0,Morelia,Chapultepec Oriente,septiembre,miércoles,13,-101.159040927887,19.6881523656342
8769,8769,2017,"171026431",2017/09/06,13:25:00,COLISIÓN POR CORTE DE CIRCULACIÓN,CONCRETO,Bueno,Bueno,2,NISSAN,VERDE,2,,68,MASCULINO,SIN DATOS,0,0,Morelia,Jardines de Torremolinos,septiembre,miércoles,13,-101.225720643997,19.6786565512083
8770,8770,2017,"171026606",2017/09/06,14:00:00,VOLCADURA,ASFALTO,Bueno,Bueno,1,CHEVROLET,ROJO,1,,47,MASCULINO,SIN DATOS,0,0,Morelia,Sin datos,septiembre,miércoles,14,-101.263647079468,19.6392732231242
8771,8771,2017,"171026835",2017/09/06,14:10:00,COLISIÓN POR ALCANCE,ASFALTO,Lluvioso,Malo,2,MITSUBISHI,BLANCO,2,,52,FEMENINO,SIN DATOS,0,0,Morelia,Balcones de Santa Maria,septiembre,miércoles,14,-101.184833049774,19.6758683115561
8772,8772,2017,"171026690",2017/09/06,14:30:00,COLISIÓN CONTRA OBJETO FIJO,CONCRETO,Bueno,Bueno,2,CHEVROLET,BLANCO,2,,31,MASCULINO,SIN DATOS,0,0,Morelia,Industrial,septiembre,miércoles,15,-101.197514533997,19.7123287928333
8773,8773,2017,"171026617",2017/09/06,14:40:00,COLISIÓN POR CORTE DE CIRCULACIÓN,CONCRETO,Bueno,Bueno,2,NISSAN,ROJO,2,,48,MASCULINO,SIN DATOS,0,0,Morelia,Chapultepec Sur,septiembre,miércoles,15,-101.171191334724,19.6908747319816
8774,8774,2017,"171027023",2017/09/06,15:20:00,COLISIÓN POR MANIOBRA DE REVERSA,ASFALTO,Lluvioso,Regular,2,SIN DATOS,BLANCO Y CAFE,2,,,,SIN DATOS,0,0,Morelia,Felix Ireta,septiembre,miércoles,15,-101.180423498154,19.6870815891931
8775,8775,2017,"171027181",2017/09/06,16:05:00,COLISIÓN POR ALCANCE,ASFALTO,Lluvioso,Bueno,2,DODGE,BLANCO Y ROJO,2,,18,MASCULINO,SIN DATOS,0,0,Morelia,Infonavit  Las  Camelinas,septiembre,miércoles,16,-101.174302697182,19.6818488239799
8776,8776,2017,"171028344",2017/09/06,20:10:00,COLISIÓN POR CORTE DE CIRCULACIÓN,ASFALTO,Lluvioso,Regular,2,CHEVROLET,AZUL,2,,22,FEMENINO,SIN DATOS,0,0,Morelia,Felix Ireta,septiembre,miércoles,20,-101.180917024612,19.6849905239902
8777,8777,2017,"171028382",2017/09/06,20:25:00,CAIDA ACUATICA DE VEHÍCULO,ASFALTO,Lluvioso,Regular,1,NISSAN,PLATA,1,,18,MASCULINO,SIN DATOS,0,0,Tarímbaro,Infonavit Puerta del Sol,septiembre,miércoles,20,-101.194708943367,19.7503158211818
8778,8778,2017,LEG9212,2017/09/06,20:40:00,CAIDA ACUATICA DE VEHÍCULO,ASFALTO,Lluvioso,Malo,1,NISSAN,BLANCO Y ROJO,1,,46,MASCULINO,SIN DATOS,0,0,Tarímbaro,Infonavit Puerta del Sol,septiembre,miércoles,21,-101.194719672203,19.7503208700333
8779,8779,2017,"17131492",2017/09/06,21:20:00,COLISIÓN POR ALCANCE,ASFALTO,Bueno,Bueno,2,VOLKSWAGEN,AZUL,2,,33,MASCULINO,SIN DATOS,0,0,Morelia,Morelia 450,septiembre,miércoles,21,-101.214830875397,19.6744741735349
8780,8780,2017,"171028599",2017/09/06,22:10:00,COLISIÓN POR ALCANCE,ASFALTO,Lluvioso,Regular,2,DODGE,BLANCO,2,,49,MASCULINO,SIN DATOS,0,0,Morelia,Felix Ireta,septiembre,miércoles,22,-101.191956996918,19.682288261611
8781,8781,2017,"171028596",2017/09/06,23:20:00,SUBIDA AL CAMELLÓN,CONCRETO,Lluvioso,Regular,1,CHEVROLET,ROJO,1,,31,MASCULINO,SIN DATOS,0,0,Morelia,Comision Federal de Electricidad,septiembre,miércoles,23,-101.181281805038,19.6813866555154
8782,8782,2017,"171137981",2017/09/07,"00:00:00",COLISIÓN CONTRA OBJETO FIJO,CONCRETO,Bueno,Bueno,0,,,0,,,,,0,0,Morelia,La Loma,septiembre,jueves,0,-101.18397206068,19.6796591943662
8783,8783,2017,"171032960",2017/09/07,"01:50:00",COLISIÓN POR ALCANCE,ASFALTO,Bueno,Bueno,3,NISSAN,BLANCO,2,,28,MASCULINO,CON CERTIFICADO,0,0,Tarímbaro,Real Hacienda,septiembre,jueves,2,-101.195602118969,19.7503309677358
8785,8785,2017,"171029532",2017/09/07,"07:57:00",COLISIÓN POR CORTE DE CIRCULACIÓN,CONCRETO,Bueno,Bueno,3,NISSAN,PLATA,3,,50,FEMENINO,SIN DATOS,0,0,Morelia,Primaveras,septiembre,jueves,8,-101.225747466087,19.6814497933624
8786,8786,2017,"171030683",2017/09/07,10:00:00,COLISIÓN POR CORTE DE CIRCULACIÓN,CONCRETO,Nublado,Bueno,2,NISSAN,BLANCO Y GUINDA,2,,28,MASCULINO,SIN DATOS,0,0,Morelia,Fuentes de Morelia,septiembre,jueves,10,-101.203984022141,19.6713057477284
8787,8787,2017,"171030688",2017/09/07,13:20:00,COLISIÓN POR INVASIÓN DE CARRIL,CONCRETO,Bueno,Bueno,2,INTERNATIONAL,ROJO,2,,27,MASCULINO,SIN DATOS,0,0,Morelia,Jardines del Toreo,septiembre,jueves,13,-101.215356588364,19.6854956147045
8788,8788,2017,"171130806",2017/09/07,14:10:00,CAIDA DE MOTOCICLETA,CONCRETO,Bueno,Bueno,1,HONDA,BLANCO Y ROJO,0,,,,,0,0,Morelia,Vasco de Quiroga,septiembre,jueves,14,-101.173750162125,19.7027586573421
8789,8789,2017,"171031006",2017/09/07,14:54:00,COLISIÓN POR CORTE DE CIRCULACIÓN,CONCRETO,Bueno,Bueno,2,ITALIKA,NEGRO Y AMARILLO,2,,36,MASCULINO,SIN DATOS,0,0,Morelia,Molino de Parras,septiembre,jueves,15,-101.200266480446,19.6937738244677
8790,8790,2017,"171031396",2017/09/07,16:30:00,COLISIÓN POR NO RESPETAR SEMÁFORO,ASFALTO,Bueno,Bueno,2,FORD,AZUL,2,,,MASCULINO,SIN DATOS,0,0,Morelia,Hacienda del Valle,septiembre,jueves,17,-101.22448682785,19.6667152708138
8791,8791,2017,"171031595",2017/09/07,17:30:00,COLISIÓN CONTRA OBJETO FIJO,ASFALTO,Bueno,Bueno,2,FAMSA,BLANCO,1,MINISTERIO PÚBLICO,,,SIN DATOS,0,0,Morelia,Poblado de Ocolusen,septiembre,jueves,18,-101.14939302206,19.6946930379517
8792,8792,2017,"17103162",2017/09/07,17:45:00,COLISIÓN POR INVASIÓN DE CARRIL,ASFALTO,Bueno,Bueno,2,NISSAN,ROJO,2,,,MASCULINO,SIN DATOS,0,0,Morelia,Emiliano Zapata,septiembre,jueves,18,-101.233896017075,19.6531918585964
8793,8793,2017,"171031768",2017/09/07,18:00:00,COLISIÓN POR ALCANCE,CONCRETO,Bueno,Bueno,2,CHEVROLET,BLANCO,2,,43,MASCULINO,SIN DATOS,0,0,Morelia,Prados Verdes,septiembre,jueves,18,-101.197417974472,19.7141619513242
8794,8794,2017,"171031955",2017/09/07,18:50:00,COLISIÓN POR ALCANCE,ASFALTO,Bueno,Bueno,2,VOLKSWAGEN,PLATA,2,,47,MASCULINO,SIN DATOS,0,0,Morelia,Felix Ireta,septiembre,jueves,19,-101.191785335541,19.6824751485141
8795,8795,2017,"171032153",2017/09/07,19:00:00,COLISIÓN POR ALCANCE,ASFALTO,Bueno,Bueno,2,VOLKSWAGEN,ROJO,2,,29,MASCULINO,SIN DATOS,0,0,Morelia,Lomas del Tecnologico,septiembre,jueves,19,-101.190503239632,19.7211913890518
8796,8796,2017,,2017/09/07,19:00:00,COLISIÓN POR CORTE DE CIRCULACIÓN,ASFALTO,Bueno,Bueno,2,DATSUN,DORADO,1,,50,MASCULINO,SIN DATOS,0,0,Hidalgo,Rancho de Ponce 1,septiembre,jueves,19,-100.572688579559,19.7032232892808
8797,8797,2017,,2017/09/07,20:00:00,COLISIÓN POR INVASIÓN DE CARRIL,ASFALTO,Lluvioso,Regular,2,MERCEDES BENZ,GRIZ  CON AZUL,1,MINISTERIO PÚBLICO,,,,1,0,Uruapan,Palito Verde,septiembre,jueves,20,-102.067515850067,19.4023408261207
8798,8798,2017,"171032557",2017/09/07,22:30:00,COLISIÓN POR CORTE DE CIRCULACIÓN,SIN_DATOS,Bueno,Bueno,2,MERCEDES BENZ,BLANCO,2,MINISTERIO PÚBLICO,,MASCULINO,CON CERTIFICADO,0,0,Morelia,Centro,septiembre,jueves,23,-101.204221397638,19.7025414919515
8799,8799,2017,,2017/09/08,"00:15:00",SALIDA DE SUPERFICIE DE RODAMIENTO,ASFALTO,Bueno,Bueno,1,JEEP,GRANITO,1,,,MASCULINO,SIN DATOS,0,0,Morelia,Puerta Tres Marias Norte,septiembre,viernes,0,-101.141510009766,19.6922939806817
8800,8800,2017,"171033071",2017/09/08,"03:00:00",COLISIÓN POR ALCANCE,ASFALTO,Bueno,Bueno,2,CHEVROLET,NEGRO,2,,39,MASCULINO,SIN DATOS,0,0,Morelia,Francisco J Mujica,septiembre,viernes,3,-101.191034317017,19.7228376063747
8801,8801,2017,"171033120",2017/09/08,"06:10:00",COLISIÓN POR CAMBIO DE CARRIL,ASFALTO,Bueno,Bueno,2,CHEVROLET,PLATA,2,,,MASCULINO,SIN DATOS,0,0,Morelia,Reforma,septiembre,viernes,6,-101.242017745972,19.7058898464865
8802,8802,2017,"1710143192",2017/09/08,"08:20:00",COLISIÓN POR CORTE DE CIRCULACIÓN,ASFALTO,Bueno,Bueno,2,ITALIKA,AZUL,2,,,FEMENINO,SIN DATOS,0,0,Morelia,Asociacion Zirahuen,septiembre,viernes,8,-101.246821582317,19.6994556914129
8803,8803,2017,"171033300",2017/09/08,"08:25:00",CAIDA DE MOTOCICLETA,ASFALTO,Bueno,Regular,1,SIN DATOS,ROJO,2,,44,MASCULINO,SIN DATOS,1,0,Morelia,Arcos del Valle,septiembre,viernes,8,-101.234169602394,19.7061524595647
8804,8804,2017,"171033534",2017/09/08,10:05:00,CAIDA DE MOTOCICLETA,ASFALTO,Bueno,Bueno,1,ITALIKA,NEGRO,1,,33,MASCULINO,SIN DATOS,0,0,Morelia,Felicitas del Rio,septiembre,viernes,10,-101.19901522994,19.6918331050367
8805,8805,2017,"171033726",2017/09/08,12:10:00,COLISIÓN POR ALCANCE,ASFALTO,Bueno,Bueno,2,CHRYSLER,ROJO,2,,45,MASCULINO,SIN DATOS,0,0,Morelia,Centro,septiembre,viernes,12,-101.200194060802,19.7000074530794
8806,8806,2017,"171033956",2017/09/08,13:05:00,COLISIÓN POR ALCANCE,ASFALTO,Bueno,Bueno,2,FORD,GUINDA,2,,46,MASCULINO,SIN DATOS,0,0,Morelia,Francisco J Mujica,septiembre,viernes,13,-101.18560552597,19.7240545843535
8807,8807,2017,"171034106",2017/09/08,13:20:00,COLISIÓN POR CAMBIO DE CARRIL,ASFALTO,Bueno,Bueno,2,NISSAN,BLANCO,2,,26,MASCULINO,SIN DATOS,0,0,Morelia,Centro,septiembre,viernes,13,-101.191779971123,19.6959708369378
8808,8808,2017,"171034501",2017/09/08,14:15:00,COLISIÓN POR ALCANCE,ASFALTO,Bueno,Bueno,2,DINA,BLANCO,2,,34,MASCULINO,SIN DATOS,0,0,Morelia,Fidel Velazquez,septiembre,viernes,14,-101.237369477749,19.7069251455442
8809,8809,2017,"171034216",2017/09/08,14:50:00,COLISIÓN POR ALCANCE,CONCRETO,Bueno,Bueno,3,HONDA,BLANCO,3,,33,MASCULINO,SIN DATOS,0,0,Morelia,Villas del Pedregal,septiembre,viernes,15,-101.308407783508,19.6765148642025
8810,8810,2017,"171034488",2017/09/08,16:10:00,COLISIÓN CON PEATÓN,ASFALTO,Bueno,Regular,2,RENAULT,NEGRO,3,MINISTERIO PÚBLICO,37,MASCULINO,SIN DATOS,1,0,Morelia,Centro,septiembre,viernes,16,-101.200218200684,19.7021223114106
8811,8811,2017,"171034544",2017/09/08,16:40:00,COLISIÓN POR CORTE DE CIRCULACIÓN,ASFALTO,Bueno,Bueno,1,NISSAN,BLANCO,1,,60,MASCULINO,SIN DATOS,0,0,Morelia,Ventura Puente,septiembre,viernes,17,-101.181220114231,19.6906575504656
8812,8812,2017,"171034761",2017/09/08,17:00:00,COLISIÓN POR CORTE DE CIRCULACIÓN,ASFALTO,Bueno,Regular,2,CHEVROLET,GRIS,2,,22,MASCULINO,SIN DATOS,0,0,Morelia,Gertrudis Sanchez,septiembre,viernes,17,-101.196135878563,19.7411973347336
8813,8813,2017,"171034946",2017/09/08,18:00:00,COLISIÓN POR ALCANCE,CONCRETO,Bueno,Bueno,2,VOLKSWAGEN,VERDE,2,,43,MASCULINO,SIN DATOS,0,0,Morelia,La Huerta,septiembre,viernes,18,-101.214836239815,19.6743731485693
8814,8814,2017,"171035088",2017/09/08,18:20:00,COLISIÓN CONTRA OBJETO FIJO,ASFALTO,Bueno,Bueno,1,NISSAN,BLANCO,1,,32,MASCULINO,SIN DATOS,0,0,Morelia,Sin datos,septiembre,viernes,18,-101.276907920837,19.6280768134033
8815,8815,2017,"171034967",2017/09/08,18:57:00,COLISIÓN POR CORTE DE CIRCULACIÓN,CONCRETO,Bueno,Bueno,2,NISSAN,GRIS,2,,48,MASCULINO,SIN DATOS,0,0,Morelia,Rafael Carrillo,septiembre,viernes,19,-101.234641671181,19.7123439429896
8816,8816,2017,"171035053",2017/09/08,19:30:00,COLISIÓN POR CAMBIO DE CARRIL,ASFALTO,Bueno,Malo,2,SIN DATOS,ROJO,2,,,,SIN DATOS,0,0,Morelia,El Parian,septiembre,viernes,20,-101.270956099033,19.6890615098219
8817,8817,2017,"171035216",2017/09/08,19:50:00,COLISIÓN POR CORTE DE CIRCULACIÓN,CONCRETO,Bueno,Bueno,2,FORD,GRIS,2,MINISTERIO PÚBLICO,28,FEMENINO,SIN DATOS,0,0,Morelia,La Colina,septiembre,viernes,20,-101.215732097626,19.710546114422
8818,8818,2017,"1710359916",2017/09/09,"01:18:00",COLISIÓN CONTRA OBJETO FIJO,ASFALTO,Bueno,Bueno,1,NISSAN,GRIS,1,,,,SIN DATOS,0,0,Morelia,Sin datos,septiembre,sábado,1,-101.326260566711,19.6860310091224
8819,8819,2017,"171036076",2017/09/09,"04:25:00",SUBIDA AL CAMELLÓN,ASFALTO,Bueno,Bueno,1,FORD,VERDE,1,,61,MASCULINO,SIN DATOS,0,0,Morelia,Enrique Arreguin Robles,septiembre,sábado,4,-101.18803024292,19.7215852708133
8820,8820,2017,"171036105",2017/09/09,"05:50:00",SUBIDA AL CAMELLÓN,ASFALTO,Bueno,Bueno,1,MAZDA,ROJO,0,,,,,0,0,Morelia,Primo Tapia Oriente,septiembre,sábado,6,-101.159663200378,19.7132024495011
8821,8821,2017,"171035480",2017/09/09,"06:00:00",COLISIÓN POR ALCANCE,ASFALTO,Bueno,Bueno,2,CHEVROLET,VERDE,2,,17,MASCULINO,CON CERTIFICADO,0,0,Tarímbaro,De La Cruz,septiembre,sábado,6,-101.173331737518,19.7960013824038
8822,8822,2017,"171036128",2017/09/09,"06:25:00",VOLCADURA,ASFALTO,Nublado,Bueno,1,TOYOTA,VERDE,1,,28,MASCULINO,CON CERTIFICADO,0,0,Morelia,El Eden,septiembre,sábado,6,-101.249935626984,19.64571989909
8823,8823,2017,"171036155",2017/09/09,"06:40:00",SUBIDA AL CAMELLÓN,ASFALTO,Bueno,Bueno,1,NISSAN,LAVA,1,,39,MASCULINO,SIN DATOS,0,0,Morelia,Tinijaro,septiembre,sábado,7,-101.264505386353,19.6962233651744
8824,8824,2017,,2017/09/09,"07:15:00",COLISIÓN CONTRA OBJETO FIJO,ADOQUIN_EMPEDRADO,Bueno,Bueno,1,JEEP,Rojo,1,,20,MASCULINO,SIN DATOS,0,0,Apatzingán,Ferrocarril,septiembre,sábado,7,-102.353975772858,19.079862845211
8825,8825,2017,"171036630",2017/09/09,10:39:00,COLISIÓN POR ALCANCE,ASFALTO,Bueno,Bueno,2,SIN DATOS,SIN DATO,2,,,,SIN DATOS,0,0,Morelia,El Realito,septiembre,sábado,11,-101.203758716583,19.7257462188465
8826,8826,2017,"171036878",2017/09/09,12:00:00,COLISIÓN POR CAMBIO DE CARRIL,CONCRETO,Bueno,Bueno,2,FORD,AZUL,2,,38,MASCULINO,SIN DATOS,0,0,Morelia,Central de Abastos,septiembre,sábado,12,-101.17046713829,19.7177878062211
8827,8827,2017,"171036902",2017/09/09,12:30:00,COLISIÓN POR CAMBIO DE CARRIL,CONCRETO,Bueno,Bueno,2,FORD,GRIS,2,,32,MASCULINO,SIN DATOS,0,0,Morelia,Centro,septiembre,sábado,13,-101.190465688705,19.703915184341
8828,8828,2017,"171037017",2017/09/09,12:40:00,COLISIÓN POR CORTE DE CIRCULACIÓN,ASFALTO,Bueno,Bueno,2,MERCEDES BENZ,BLANCO,2,,45,MASCULINO,SIN DATOS,0,0,Morelia,Americas Britania,septiembre,sábado,13,-101.149331331253,19.6946576836846
8829,8829,2017,1710377II,2017/09/09,13:50:00,COLISIÓN POR CAMBIO DE CARRIL,CONCRETO,Bueno,Bueno,2,MERCEDES BENZ,BLANCO,2,,41,MASCULINO,SIN DATOS,0,0,Morelia,Camelinas,septiembre,sábado,14,-101.167870759964,19.6847177743421
8830,8830,2017,"171036670",2017/09/09,15:03:00,COLISIÓN POR ALCANCE,ASFALTO,Bueno,Bueno,2,RAM,BLANCO,2,,,MASCULINO,SIN DATOS,0,0,Morelia,Los Angeles,septiembre,sábado,15,-101.17765545845,19.7395614049846
8831,8831,2017,,2017/09/09,15:25:00,COLISIÓN POR ALCANCE,ASFALTO,Bueno,Bueno,3,AUTOCAR,Blanco,3,MINISTERIO PÚBLICO,,,SIN DATOS,0,0,Buenavista,Centro,septiembre,sábado,15,-102.587156295776,19.208725366707
8832,8832,2017,"171037750",2017/09/09,16:05:00,COLISIÓN POR CORTE DE CIRCULACIÓN,ASFALTO,Bueno,Bueno,2,SIN DATOS,SIN DATO,2,,,,SIN DATOS,0,0,Morelia,Ventura Puente,septiembre,sábado,16,-101.190090179443,19.6909858479922
8833,8833,2017,,2017/09/09,17:20:00,CAIDA DE MOTOCICLETA,ASFALTO,Bueno,Bueno,1,ITALIKA,Amarillo/Negro,1,,,MASCULINO,SIN DATOS,0,0,Apatzingán,Centro,septiembre,sábado,17,-102.354855537415,19.0840402398331
8834,8834,2017,"17101324",2017/09/09,18:25:00,COLISIÓN POR CORTE DE CIRCULACIÓN,CONCRETO,Bueno,Bueno,2,CHEVROLET,GRIS,2,MINISTERIO PÚBLICO,28,MASCULINO,SIN DATOS,0,0,Morelia,Ampliacion La Soledad,septiembre,sábado,18,-101.183245182037,19.7366530440462
8835,8835,2017,"171038784",2017/09/09,19:40:00,COLISIÓN POR CORTE DE CIRCULACIÓN,CONCRETO,Bueno,Bueno,2,NISSAN,BLANCO Y GUINDA,2,,,MASCULINO,SIN DATOS,0,0,Morelia,Peña Blanca,septiembre,sábado,20,-101.192839443684,19.6668567125055
8836,8836,2017,"171038701",2017/09/09,20:30:00,COLISIÓN POR NO RESPETAR SEMÁFORO,ASFALTO,Bueno,Bueno,2,ITALIKA,NEGRO,2,,19,MASCULINO,SIN DATOS,0,0,Morelia,San Pascual,septiembre,sábado,21,-101.267359256744,19.6953344640143
8837,8837,2017,"171038840",2017/09/09,21:04:00,SUBIDA AL CAMELLÓN,CONCRETO,Bueno,Bueno,1,CHEVROLET,AZUL,1,,60,MASCULINO,SIN DATOS,0,0,Morelia,Barrio Alto,septiembre,sábado,21,-101.196870803833,19.7249988720846
8838,8838,2017,"171038854",2017/09/09,21:20:00,COLISIÓN CONTRA OBJETO FIJO,CONCRETO,Bueno,Bueno,1,NISSAN,AZUL,1,,47,MASCULINO,ALIENTO ETÍLICO,0,0,Morelia,Chapultepec Sur,septiembre,sábado,21,-101.166079044342,19.6923899436628
8839,8839,2017,"171039161",2017/09/09,22:30:00,COLISIÓN POR CAMBIO DE CARRIL,ASFALTO,Bueno,Bueno,3,MAN,ORO Y ROJO,3,,55,MASCULINO,SIN DATOS,0,0,Morelia,El Lago 1,septiembre,sábado,23,-101.219326257706,19.7276549670097
8840,8840,2017,"171039216",2017/09/09,22:35:00,SUBIDA AL CAMELLÓN,ASFALTO,Bueno,Bueno,1,CHEVROLET,NEGRO,1,,,MASCULINO,SIN DATOS,0,0,Morelia,Las Americas,septiembre,sábado,23,-101.154084205627,19.687526063302
8841,8841,2017,"171039263",2017/09/09,22:40:00,COLISIÓN POR CORTE DE CIRCULACIÓN,ASFALTO,Bueno,Bueno,2,CHEVROLET,GRIS,2,,32,FEMENINO,SIN DATOS,0,0,Morelia,Primo Tapia Oriente,septiembre,sábado,23,-101.158751249313,19.7135660508694
8842,8842,2017,,2017/09/10,"00:00:00",COLISIÓN POR ALCANCE,ADOQUIN_EMPEDRADO,Bueno,Bueno,2,ISUZU,BLANCO,2,,23,MASCULINO,SIN DATOS,0,0,Cuitzeo,Centro,septiembre,domingo,0,-101.140512228012,19.9691590304367
8843,8843,2017,"171039363",2017/09/10,"00:18:00",SUBIDA AL CAMELLÓN,ASFALTO,Nublado,Bueno,1,NISSAN,NEGRO,1,,26,MASCULINO,ALIENTO ETÍLICO,0,0,Morelia,Los Manantiales de Morelia,septiembre,domingo,0,-101.242232322693,19.6974657982963
8844,8844,2017,"171039088",2017/09/10,"00:30:00",COLISIÓN POR ALCANCE,CONCRETO,Nublado,Bueno,2,FORD,BLANCO,2,,48,MASCULINO,CON CERTIFICADO,0,0,Morelia,Elias Perez Avalos,septiembre,domingo,1,-101.168557405472,19.7126469458141
8845,8845,2017,"171082745",2017/09/10,"00:30:00",COLISIÓN POR NO RESPETAR SEMÁFORO,ASFALTO,Bueno,Bueno,2,DINAMO,AZUL,2,,23,MASCULINO,SIN DATOS,0,0,Morelia,Jardines de Torremolinos,septiembre,domingo,1,-101.225699186325,19.676888651261
8846,8846,2017,,2017/09/10,"01:36:00",COLISIÓN POR CORTE DE CIRCULACIÓN,ASFALTO,Lluvioso,Regular,2,CHRYSLER,Gris,2,MINISTERIO PÚBLICO,26,FEMENINO,SIN DATOS,0,0,Apatzingán,Lazaro Cardenas,septiembre,domingo,2,-102.349491119385,19.0993598312182
8847,8847,2017,,2017/09/10,"03:10:00",COLISIÓN POR ALCANCE,ASFALTO,Lluvioso,Bueno,2,NISSAN,PLATA,2,,26,MASCULINO,SIN DATOS,0,0,Apatzingán,Timapa,septiembre,domingo,3,-102.351020279334,19.1146486374153
8848,8848,2017,"171039576",2017/09/10,"03:20:00",COLISIÓN POR CORTE DE CIRCULACIÓN,CONCRETO,Bueno,Bueno,2,NISSAN,BLANCO,0,,,,,0,0,Morelia,Camelinas,septiembre,domingo,3,-101.172342002392,19.681964997264
8849,8849,2017,"171039617",2017/09/10,"03:30:00",COLISIÓN POR ALCANCE,ASFALTO,Bueno,Bueno,2,HONDA,GUINDA,2,MINISTERIO PÚBLICO,25,MASCULINO,ALIENTO ETÍLICO,0,0,Morelia,Fuentes de Valladolid,septiembre,domingo,4,-101.222512722015,19.6705947691239
8850,8850,2017,"171039699",2017/09/10,"05:10:00",COLISIÓN POR CORTE DE CIRCULACIÓN,CONCRETO,Bueno,Bueno,1,SEAT,BLANCO,1,,30,MASCULINO,SIN DATOS,0,0,Morelia,Centro,septiembre,domingo,5,-101.178213357925,19.6991425626644
8851,8851,2017,"171039720",2017/09/10,"06:00:00",COLISIÓN POR ALCANCE,ASFALTO,Bueno,Bueno,2,LINCOLN,BLANCO,2,,35,MASCULINO,SIN DATOS,0,0,Morelia,Alberto Oviedo Mota,septiembre,domingo,6,-101.197729110718,19.6812224969966
8852,8852,2017,"17104180",2017/09/10,10:00:00,COLISIÓN POR CAMBIO DE CARRIL,ASFALTO,Bueno,Bueno,2,FORD,NEGRO,2,MINISTERIO PÚBLICO,35,FEMENINO,CON CERTIFICADO,0,0,Morelia,La Huerta,septiembre,domingo,10,-101.217196583748,19.6738629715201