fid,id_accidente,anio_origen,folio_c5i,dia_incidente,hora_ocurrencia,tipo_incidente_vial,superficie_ocurrencia,condiciones_climaticas,condiciones_via,numero_vehiculos_involucrados,marca_vehiculo_ocasiona_siniestro,color_vehiculo_ocasiona_siniestro,numero_personas_involucradas,lugar_remite_presunto_responsable,edad_presunto_responsable,sexo_presunto_responsable,resultados_toxicologia,numero_personas_lesionadas,numero_personas_fallecidas,municipio,colonia,mes,dia_semana,hora_redondeada,lon,lat
8853,8853,2017,"171040087",2017/09/10,10:25:00,COLISIÓN CONTRA OBJETO FIJO,TERRACERIA,Bueno,Malo,1,FORD,ROJO,1,,32,MASCULINO,SIN DATOS,0,0,Morelia,Faldas del Punhuato,septiembre,domingo,10,-101.14197537303,19.6961261418505
8854,8854,2017,,2017/09/10,12:00:00,COLISIÓN POR ALCANCE,ASFALTO,Bueno,Bueno,2,NISSAN,BLANCO,2,,17,MASCULINO,SIN DATOS,0,0,Queréndaro,Francisco J Mujica,septiembre,domingo,12,-100.902342796326,19.8039760818225
8855,8855,2017,"171040834",2017/09/10,13:00:00,COLISIÓN POR ALCANCE,ASFALTO,Bueno,Bueno,2,VOLKSWAGEN,PLATA,2,,34,MASCULINO,SIN DATOS,0,0,Morelia,Pascual Ortiz de Ayala,septiembre,domingo,13,-101.14950299263,19.6948294043376
8856,8856,2017,"171012862",2017/09/10,15:20:00,COLISIÓN POR CORTE DE CIRCULACIÓN,ASFALTO,Bueno,Bueno,1,CHEVROLET,AZUL,1,,28,MASCULINO,SIN DATOS,0,0,Morelia,San Jose Itzicuaro,septiembre,domingo,15,-101.299910545349,19.687526063302
8857,8857,2017,"171041901",2017/09/10,18:00:00,COLISIÓN POR CORTE DE CIRCULACIÓN,ASFALTO,Bueno,Bueno,2,SIN DATOS,BLANCO Y ROJO,2,,,,SIN DATOS,0,0,Morelia,Ciudad Industrial,septiembre,domingo,18,-101.143290996552,19.7252816523515
8858,8858,2017,"171042046",2017/09/10,18:05:00,COLISIÓN POR CORTE DE CIRCULACIÓN,ASFALTO,Lluvioso,Bueno,2,HONDA,AZUL,2,,25,FEMENINO,SIN DATOS,0,0,Morelia,Centro,septiembre,domingo,18,-101.200164556503,19.7030768293588
8859,8859,2017,,2017/09/10,18:40:00,COLISIÓN POR ALCANCE,ASFALTO,Bueno,Bueno,2,CHEVROLET,GUINDA,2,,56,MASCULINO,SIN DATOS,0,0,Álvaro Obregón,Centro,septiembre,domingo,19,-101.037354469299,19.8302594755706
8860,8860,2017,"17102123",2017/09/10,18:50:00,VOLCADURA,ASFALTO,Bueno,Regular,3,FORD,AZUL,2,,,,SIN DATOS,0,0,Morelia,Leandro Valle,septiembre,domingo,19,-101.230548620224,19.7208278050258
8861,8861,2017,"171042254",2017/09/10,19:30:00,COLISIÓN POR ALCANCE,ASFALTO,Bueno,Bueno,2,CHRYSLER,AZUL,2,,51,MASCULINO,SIN DATOS,0,0,Morelia,Loma de Los Piñones,septiembre,domingo,20,-101.205164194107,19.6741812009592
8862,8862,2017,"171042165",2017/09/10,20:00:00,COLISIÓN POR CORTE DE CIRCULACIÓN,ASFALTO,Bueno,Bueno,2,CHRYSLER,GUINDA,3,,38,MASCULINO,SIN DATOS,1,0,Tarímbaro,Sin datos,septiembre,domingo,20,-101.132583618164,19.7767998977796
8863,8863,2017,"171487959",2017/09/10,21:00:00,COLISIÓN CONTRA OBJETO FIJO,ASFALTO,Bueno,Bueno,1,NISSAN,BLANCO Y ROJO,1,,46,MASCULINO,CON CERTIFICADO,0,0,Morelia,Las Americas,septiembre,domingo,21,-101.15127325058,19.6894453691514
8864,8864,2017,,2017/09/10,21:50:00,COLISIÓN CON PEATÓN,CONCRETO,Bueno,Bueno,1,SIN DATOS,BLANCO,2,,,,SIN DATOS,1,0,Morelia,El Arquito,septiembre,domingo,22,-101.239276528358,19.6426355303906
8865,8865,2017,"171042957",2017/09/10,22:55:00,COLISIÓN POR NO RESPETAR SEMÁFORO,ASFALTO,Bueno,Bueno,2,NISSAN,PLATA,4,MINISTERIO PÚBLICO,24,MASCULINO,SIN DATOS,3,0,Morelia,Morelos,septiembre,domingo,23,-101.20610833168,19.7023596788397
8866,8866,2017,"1711043603",2017/09/11,"00:00:00",COLISIÓN POR CORTE DE CIRCULACIÓN,ASFALTO,Bueno,Bueno,2,JEEP,BLANCO,2,,40,FEMENINO,SIN DATOS,0,0,Morelia,Molino de Parras,septiembre,lunes,0,-101.205526292324,19.6985264043058
8867,8867,2017,"171043166",2017/09/11,"00:45:00",COLISIÓN POR CORTE DE CIRCULACIÓN,ASFALTO,Bueno,Bueno,2,CHEVROLET,AZUL,2,,22,MASCULINO,CON CERTIFICADO,0,0,Morelia,El Realito,septiembre,lunes,1,-101.205223202705,19.7257967151233
8868,8868,2017,,2017/09/11,"04:20:00",COLISIÓN CONTRA OBJETO FIJO,CONCRETO,Bueno,Bueno,1,V.W.,BLANCO,1,MINISTERIO PÚBLICO,,,SIN DATOS,0,0,Sahuayo,Perpetuo Socorro,septiembre,lunes,4,-102.716299295425,20.0599020341047
8869,8869,2017,"171046152",2017/09/11,"05:40:00",COLISIÓN CONTRA OBJETO FIJO,ASFALTO,Bueno,Bueno,1,CHEVROLET,DORADO,1,,47,MASCULINO,SIN DATOS,0,0,Morelia,San Jose Itzicuaro,septiembre,lunes,6,-101.304202079773,19.6879705361772
8870,8870,2017,,2017/09/11,"06:50:00",COLISIÓN POR CORTE DE CIRCULACIÓN,CONCRETO,Bueno,Bueno,2,SIN DATOS,SIN DATOS,2,,,,SIN DATOS,0,0,Morelia,Comision Federal de Electricidad,septiembre,lunes,7,-101.181378364563,19.6816669873661
8871,8871,2017,"171043358",2017/09/11,"07:10:00",COLISIÓN POR ALCANCE,ASFALTO,Bueno,Bueno,3,VOLKSWAGEN,ROJO,3,,39,MASCULINO,SIN DATOS,0,0,Morelia,Ciudad Industrial,septiembre,lunes,7,-101.14307641983,19.7251806594565
8872,8872,2017,,2017/09/11,"07:10:00",COLISIÓN POR CORTE DE CIRCULACIÓN,CONCRETO,Bueno,Bueno,2,NISSAN,Blanco,2,,,MASCULINO,SIN DATOS,0,0,Apatzingán,Centro,septiembre,lunes,7,-102.353364229202,19.086483764057
8873,8873,2017,"171043576",2017/09/11,"08:35:00",COLISIÓN POR ALCANCE,ASFALTO,Bueno,Bueno,2,HONDA,NEGRO,2,,,,SIN DATOS,0,0,Morelia,Libertad,septiembre,lunes,9,-101.236889362335,19.684909709328
8874,8874,2017,,2017/09/11,"08:40:00",COLISIÓN POR CORTE DE CIRCULACIÓN,ASFALTO,Bueno,Bueno,2,VOLKSWAGEN,ORO,0,,,,,0,0,Hidalgo,Sin datos,septiembre,lunes,9,-100.503530502319,19.6640884738619
8875,8875,2017,"171043598",2017/09/11,"09:10:00",COLISIÓN POR ALCANCE,CONCRETO,Bueno,Bueno,3,SEAT,ROJO,3,MINISTERIO PÚBLICO,25,MASCULINO,SIN DATOS,0,0,Morelia,Dr Miguel Silva,septiembre,lunes,9,-101.183883547783,19.7192623643566
8876,8876,2017,"171043701",2017/09/11,"09:45:00",COLISIÓN POR CORTE DE CIRCULACIÓN,ASFALTO,Bueno,Bueno,2,NISSAN,BLANCO,2,,38,FEMENINO,SIN DATOS,0,0,Morelia,Santillan La Huerta,septiembre,lunes,10,-101.219221651554,19.6741546818634
8877,8877,2017,"71043904",2017/09/11,11:17:00,COLISIÓN POR ALCANCE,ASFALTO,Bueno,Bueno,1,CHEVROLET,BLANCO,1,,30,MASCULINO,SIN DATOS,0,0,Morelia,Centro,septiembre,lunes,11,-101.191519796848,19.703915184341
8878,8878,2017,"171044055",2017/09/11,12:53:00,COLISIÓN POR CORTE DE CIRCULACIÓN,ASFALTO,Bueno,Bueno,2,VOLKSWAGEN,PLATA,2,,51,FEMENINO,SIN DATOS,0,0,Morelia,Felix Ireta,septiembre,lunes,13,-101.180777549744,19.6858037192579
8879,8879,2017,"171044109",2017/09/11,13:30:00,COLISIÓN POR CAMBIO DE CARRIL,ASFALTO,Bueno,Bueno,2,FORD,ARENA,2,MINISTERIO PÚBLICO,,,SIN DATOS,0,0,Morelia,Isaac Arriaga,septiembre,lunes,14,-101.167755424976,19.7096307796131
8880,8880,2017,"171044145",2017/09/11,13:45:00,COLISIÓN POR ALCANCE,ASFALTO,Bueno,Bueno,2,FORD,PLATA,2,,32,FEMENINO,SIN DATOS,0,0,Morelia,Loma Real,septiembre,lunes,14,-101.198474764824,19.7291597312338
8881,8881,2017,,2017/09/11,13:50:00,COLISIÓN POR MANIOBRA DE REVERSA,CONCRETO,Bueno,Bueno,2,CHEVROLET,NEGRO,1,,27,MASCULINO,SIN DATOS,0,0,Morelia,Chapultepec Oriente,septiembre,lunes,14,-101.164210885763,19.6949493561552
8882,8882,2017,,2017/09/11,17:55:00,COLISIÓN POR CORTE DE CIRCULACIÓN,ASFALTO,Bueno,Bueno,2,KAWASAKI,AZUL,2,,27,MASCULINO,SIN DATOS,0,0,Morelia,Alberto Oviedo Mota,septiembre,lunes,18,-101.20064869523,19.6756498468887
8883,8883,2017,"171043499",2017/09/11,18:00:00,COLISIÓN POR ALCANCE,ASFALTO,Bueno,Bueno,2,CHEVROLET,BLANCO,2,,,MASCULINO,CON CERTIFICADO,0,0,Morelia,Morelos,septiembre,lunes,18,-101.20676279068,19.7017889863412
8884,8884,2017,"171044942",2017/09/11,18:13:00,COLISIÓN POR ALCANCE,ASFALTO,Bueno,Bueno,2,TOYOTA,VERDE,2,,56,MASCULINO,SIN DATOS,0,0,Morelia,Felix Ireta,septiembre,lunes,18,-101.190369129181,19.6824953524906
8885,8885,2017,"17104530",2017/09/11,19:05:00,COLISIÓN POR CORTE DE CIRCULACIÓN,ASFALTO,Bueno,Bueno,2,RENAULT,NEGRO,2,,,MASCULINO,SIN DATOS,1,0,Morelia,Felix Ireta,septiembre,lunes,19,-101.180520057678,19.6870209789917
8886,8886,2017,"171045727",2017/09/11,22:00:00,SUBIDA AL CAMELLÓN,ASFALTO,Bueno,Bueno,2,CHEVROLET,GRIS,2,,42,MASCULINO,SIN DATOS,0,0,Morelia,San Jose Itzicuaro,septiembre,lunes,22,-101.300704479218,19.6876674866234
8887,8887,2017,"171045182",2017/09/11,22:25:00,COLISIÓN POR ALCANCE,ASFALTO,Bueno,Bueno,2,NISSAN,BLANCO,2,,37,MASCULINO,SIN DATOS,0,0,Morelia,Lindavista,septiembre,lunes,22,-101.21618270874,19.7039707378291
8888,8888,2017,LEG9327,2017/09/12,"01:40:00",CAIDA DE MOTOCICLETA,ASFALTO,Bueno,Bueno,1,HARLEY DAVIDSON,NEGRO,2,,37,MASCULINO,CON CERTIFICADO,1,0,Morelia,Jardines de La Loma,septiembre,martes,2,-101.224400997162,19.6768785489195
8889,8889,2017,,2017/09/12,"02:20:00",COLISIÓN POR ALCANCE,ASFALTO,Bueno,Bueno,2,SPIRIT,GRIS,2,MINISTERIO PÚBLICO,36,MASCULINO,SIN DATOS,0,0,Maravatío,Sin datos,septiembre,martes,2,-100.247930038574,19.8623644269306
8890,8890,2017,"171049748",2017/09/12,"07:40:00",COLISIÓN POR INVASIÓN DE CARRIL,ASFALTO,Bueno,Bueno,2,NISSAN,BLANCO,2,,55,MASCULINO,SIN DATOS,0,0,Morelia,Villas del Pedregal,septiembre,martes,8,-101.303300857544,19.684616755836
8891,8891,2017,"171046352",2017/09/12,"08:05:00",COLISIÓN POR CORTE DE CIRCULACIÓN,ASFALTO,Bueno,Bueno,2,INTERNATIONAL,BLANCO Y AZUL,2,,30,MASCULINO,SIN DATOS,0,0,Morelia,Cosmos,septiembre,martes,8,-101.216644048691,19.6827681059233
8892,8892,2017,"171046323",2017/09/12,"08:25:00",COLISIÓN POR INVASIÓN DE CARRIL,ASFALTO,Bueno,Bueno,2,NISSAN,GRIS,2,,65,MASCULINO,SIN DATOS,0,0,Morelia,Sin datos,septiembre,martes,8,-101.114666461945,19.7369055080327
8893,8893,2017,"171046441",2017/09/12,"09:00:00",COLISIÓN POR CORTE DE CIRCULACIÓN,CONCRETO,Bueno,Bueno,2,NISSAN,BLANCO,2,,39,FEMENINO,SIN DATOS,0,0,Morelia,Fidel Velazquez,septiembre,martes,9,-101.234689950943,19.7024859379671
8894,8894,2017,"171046415",2017/09/12,"09:10:00",COLISIÓN POR CORTE DE CIRCULACIÓN,CONCRETO,Bueno,Bueno,2,FORD,BLANCO,2,MINISTERIO PÚBLICO,62,MASCULINO,SIN DATOS,0,0,Morelia,Independencia,septiembre,martes,9,-101.177950501442,19.7124954444736
8895,8895,2017,,2017/09/12,10:15:00,COLISIÓN CONTRA OBJETO FIJO,ASFALTO,Bueno,Bueno,1,TOYOTA,GRIS,2,MINISTERIO PÚBLICO,45,MASCULINO,SIN DATOS,1,0,Sahuayo,Perpetuo Socorro,septiembre,martes,10,-102.716331481934,20.0591764188626
8896,8896,2017,"171046760",2017/09/12,11:00:00,COLISIÓN POR CAMBIO DE CARRIL,ASFALTO,Bueno,Bueno,2,MITSUBISHI,PLATA,2,MINISTERIO PÚBLICO,31,FEMENINO,SIN DATOS,0,0,Morelia,Felix Ireta,septiembre,martes,11,-101.189779043198,19.6823539246018
8897,8897,2017,"171046816",2017/09/12,11:20:00,COLISIÓN POR CORTE DE CIRCULACIÓN,CONCRETO,Bueno,Regular,2,RENAULT,PLATA,2,,22,MASCULINO,SIN DATOS,0,0,Morelia,Vasco de Quiroga,septiembre,martes,11,-101.172827482223,19.7026930027202
8898,8898,2017,"171047233",2017/09/12,12:10:00,COLISIÓN POR ALCANCE,CONCRETO,Bueno,Bueno,3,NISSAN,BLANCO,3,,58,MASCULINO,SIN DATOS,0,0,Morelia,Camelinas,septiembre,martes,12,-101.172038912773,19.6820660174425
8899,8899,2017,"171047221",2017/09/12,12:35:00,COLISIÓN POR ALCANCE,ASFALTO,Bueno,Regular,2,VOLKSWAGEN,BLANCO,1,,33,MASCULINO,SIN DATOS,0,0,Morelia,Indeco El Vivero,septiembre,martes,13,-101.229931712151,19.6769644188017
8900,8900,2017,"171046187",2017/09/12,12:40:00,COLISIÓN POR CAMBIO DE CARRIL,ASFALTO,Bueno,Bueno,2,FORD,ROJO,2,,47,FEMENINO,SIN DATOS,0,0,Morelia,Molino de Parras,septiembre,martes,13,-101.205378770828,19.6977890313486
8901,8901,2017,"171047341",2017/09/12,13:00:00,COLISIÓN POR ALCANCE,ASFALTO,Bueno,Bueno,2,CHRYSLER,PLATA,2,,34,MASCULINO,SIN DATOS,0,0,Morelia,Camelinas,septiembre,martes,13,-101.174219548702,19.6818892320882
8902,8902,2017,"171047444",2017/09/12,13:53:00,COLISIÓN POR CORTE DE CIRCULACIÓN,ASFALTO,Bueno,Bueno,2,VOLKSWAGEN,AZUL,2,,25,MASCULINO,SIN DATOS,0,0,Morelia,Tanganxoan (Guadalupe Victoria),septiembre,martes,14,-101.288967132568,19.6947384934266
8903,8903,2017,"171047411",2017/09/12,14:15:00,COLISIÓN POR CAMBIO DE CARRIL,ASFALTO,Bueno,Regular,2,VOLKSWAGEN,AZUL,2,,19,MASCULINO,SIN DATOS,0,0,Morelia,Prados Verdes,septiembre,martes,14,-101.20436757803,19.7183079430066
8904,8904,2017,LEG9350,2017/09/12,14:40:00,COLISIÓN POR ALCANCE,ASFALTO,Bueno,Bueno,2,TOYOTA,BLANCO,2,,24,MASCULINO,SIN DATOS,0,0,Morelia,Lomas de Hidalgo,septiembre,martes,15,-101.161417365074,19.69584457267
8905,8905,2017,"171047792",2017/09/12,14:50:00,COLISIÓN POR ALCANCE,ASFALTO,Bueno,Regular,2,FORD,BLANCO Y AZUL,2,,55,MASCULINO,SIN DATOS,0,0,Morelia,Jardines de Torremolinos,septiembre,martes,15,-101.225731372833,19.6770401863066
8906,8906,2017,"171047780",2017/09/12,15:28:00,COLISIÓN POR CAMBIO DE CARRIL,ASFALTO,Bueno,Regular,2,RAM,BLANCO,2,,33,MASCULINO,SIN DATOS,0,0,Morelia,Indeco El Vivero,septiembre,martes,15,-101.229979991913,19.6770199816421
8907,8907,2017,,2017/09/12,17:20:00,COLISIÓN POR NO RESPETAR SEMÁFORO,ASFALTO,Bueno,Bueno,2,TOYOTA,AZUL,2,MINISTERIO PÚBLICO,39,FEMENINO,SIN DATOS,0,0,Morelia,Nueva Chapultepec,septiembre,martes,17,-101.173074245453,19.686435079196
8908,8908,2017,"171048554",2017/09/12,18:40:00,COLISIÓN POR CAMBIO DE CARRIL,ASFALTO,Bueno,Bueno,2,CHRYSLER,GRIS,2,,35,MASCULINO,SIN DATOS,0,0,Morelia,Camelinas,septiembre,martes,19,-101.174145787954,19.6818500867334
8909,8909,2017,"171048518",2017/09/12,19:00:00,COLISIÓN POR ALCANCE,ASFALTO,Bueno,Bueno,2,CHEVROLET,BLANCO Y VERDE,2,,30,MASCULINO,SIN DATOS,0,0,Morelia,Solidaridad,septiembre,martes,19,-101.20853304863,19.7355926909449
8910,8910,2017,"171048892",2017/09/12,19:40:00,COLISIÓN POR CAMBIO DE CARRIL,ASFALTO,Bueno,Regular,2,TOYOTA,BLANCO Y GRIS,2,,24,MASCULINO,SIN DATOS,0,0,Morelia,Nicolaitas Ilustres,septiembre,martes,20,-101.228220462799,19.719504756173
8911,8911,2017,"17104008",2017/09/12,19:50:00,COLISIÓN POR CAMBIO DE CARRIL,CONCRETO,Bueno,Bueno,2,CHRYSLER,GUINDA,2,,30,MASCULINO,SIN DATOS,0,0,Morelia,Centro,septiembre,martes,20,-101.177725195885,19.7033141953719
8912,8912,2017,"171049313",2017/09/12,22:00:00,COLISIÓN CONTRA OBJETO FIJO,ASFALTO,Bueno,Regular,1,VOLKSWAGEN,BLANCO,1,,53,MASCULINO,SIN DATOS,0,0,Morelia,Tres Puentes,septiembre,martes,22,-101.213639974594,19.7025465423128
8913,8913,2017,"171049231",2017/09/12,22:20:00,COLISIÓN POR ALCANCE,ASFALTO,Bueno,Bueno,2,SIN DATOS,SIN DATO,2,,,,SIN DATOS,0,0,Tarímbaro,Sin datos,septiembre,martes,22,-101.127219200134,19.7780518001197
8914,8914,2017,"171049399",2017/09/12,22:53:00,SUBIDA AL CAMELLÓN,ASFALTO,Bueno,Bueno,1,CHRYSLER,ROJO,1,,42,MASCULINO,CON CERTIFICADO,0,0,Morelia,Reforma,septiembre,martes,23,-101.237640380859,19.7069402962123
8915,8915,2017,"171049376",2017/09/12,23:00:00,COLISIÓN POR INVASIÓN DE CARRIL,ASFALTO,Bueno,Bueno,3,PLYMOUTH,VERDE,3,MINISTERIO PÚBLICO,46,FEMENINO,CON CERTIFICADO,0,0,Morelia,Alberto Oviedo Mota,septiembre,martes,23,-101.199467182159,19.6811719866493
8916,8916,2017,"171049459",2017/09/12,23:55:00,SALIDA DE SUPERFICIE DE RODAMIENTO,ASFALTO,Bueno,Bueno,1,VOLKSWAGEN,BLANCO,1,,75,,SIN DATOS,0,0,Morelia,Sentimientos de La Nacion,septiembre,martes,0,-101.234346628189,19.678914157858
8917,8917,2017,"171049468",2017/09/13,"00:15:00",SUBIDA AL CAMELLÓN,ASFALTO,Bueno,Bueno,1,VOLKSWAGEN,AZUL,1,,28,MASCULINO,CON CERTIFICADO,0,0,Morelia,La Soledad,septiembre,miércoles,0,-101.183545589447,19.7273822900967
8918,8918,2017,"171041483",2017/09/13,"00:30:00",SUBIDA AL CAMELLÓN,ASFALTO,Bueno,Bueno,1,NISSAN,BLANCO Y ROJO,1,,20,MASCULINO,SIN DATOS,0,0,Morelia,Reforma,septiembre,miércoles,1,-101.241180896759,19.7060312535822
8919,8919,2017,"171049537",2017/09/13,"01:50:00",COLISIÓN POR CORTE DE CIRCULACIÓN,ASFALTO,Bueno,Bueno,2,VENTO,NEGRO Y VERDE,2,,20,MASCULINO,SIN DATOS,0,0,Morelia,Alberto Oviedo Mota,septiembre,miércoles,2,-101.201049685478,19.6805204017413
8921,8921,2017,,2017/09/13,"06:25:00",VOLCADURA,ASFALTO,Bueno,Bueno,1,CHEVROLET,AZUL MARINO,0,MINISTERIO PÚBLICO,,,,0,0,Tuxpan,Sin datos,septiembre,miércoles,6,-100.475077629089,19.5415512008188
8922,8922,2017,"171049894",2017/09/13,"09:00:00",SALIDA DE SUPERFICIE DE RODAMIENTO,ASFALTO,Bueno,Malo,1,VOLKSWAGEN,ROJO,1,,27,FEMENINO,SIN DATOS,0,0,Morelia,Mirador Quinceo,septiembre,miércoles,9,-101.231836080551,19.7292708206483
8923,8923,2017,"171050464",2017/09/13,12:20:00,COLISIÓN POR ALCANCE,ASFALTO,Bueno,Bueno,2,NISSAN,BLANCO Y CAFE,2,,47,MASCULINO,SIN DATOS,0,0,Morelia,Ventura Puente,septiembre,miércoles,12,-101.179543733597,19.6924151970693
8924,8924,2017,"171050799",2017/09/13,14:00:00,COLISIÓN POR CORTE DE CIRCULACIÓN,CONCRETO,Bueno,Bueno,1,ITALIKA,NEGRO Y ROJO,1,,37,MASCULINO,SIN DATOS,0,0,Morelia,Centro,septiembre,miércoles,14,-101.191527843475,19.7030515776346
8925,8925,2017,"171050955",2017/09/13,14:30:00,COLISIÓN POR ALCANCE,ASFALTO,Bueno,Bueno,2,CHRYSLER,GRIS,3,,65,MASCULINO,SIN DATOS,1,0,Morelia,Camelinas,septiembre,miércoles,15,-101.174136400223,19.6819498442317
8926,8926,2017,,2017/09/13,15:30:00,COLISIÓN POR CORTE DE CIRCULACIÓN,ASFALTO,Bueno,Bueno,2,NISSAN,GRIS,2,,85,MASCULINO,SIN DATOS,0,0,Juárez,Sin datos,septiembre,miércoles,16,-100.401735305786,19.3387828022671
8927,8927,2017,"171051203",2017/09/13,15:45:00,COLISIÓN POR MANIOBRA DE REVERSA,CONCRETO,Bueno,Bueno,2,CHEVROLET,VERDE,2,,44,FEMENINO,SIN DATOS,0,0,Morelia,Chapultepec Norte,septiembre,miércoles,16,-101.176367998123,19.696238516856
8928,8928,2017,171O50758,2017/09/13,18:00:00,COLISIÓN POR ALCANCE,ASFALTO,Bueno,Bueno,2,TOYOTA,NEGRO,1,,56,MASCULINO,SIN DATOS,0,0,Morelia,Lomas de Huerta,septiembre,miércoles,18,-101.210367679596,19.6724940726
8929,8929,2017,"171052049",2017/09/13,19:15:00,COLISIÓN POR INVASIÓN DE CARRIL,ASFALTO,Bueno,Bueno,2,MERCEDES BENZ,BLANCO,2,,,MASCULINO,SIN DATOS,0,0,Morelia,Ana Maria Gallaga (Riviera Norte),septiembre,miércoles,19,-101.222083568573,19.6770805956278
8930,8930,2017,,2017/09/13,20:30:00,COLISIÓN POR CORTE DE CIRCULACIÓN,ASFALTO,Bueno,Bueno,2,HONDA,AZUL,2,,17,MASCULINO,SIN DATOS,0,0,Apatzingán,Centro,septiembre,miércoles,21,-102.354855537415,19.0839185696348
8931,8931,2017,"171052881",2017/09/14,"00:05:00",COLISIÓN CONTRA OBJETO FIJO,ASFALTO,Bueno,Bueno,1,VOLKSWAGEN,PLATA,1,,,,SIN DATOS,0,0,Morelia,Enrique Arreguin Robles,septiembre,jueves,0,-101.18111550808,19.7220094500863
8932,8932,2017,"171052986",2017/09/14,"02:20:00",COLISIÓN CONTRA OBJETO FIJO,CONCRETO,Bueno,Bueno,1,DINAMO,VERDE,1,,,MASCULINO,SIN DATOS,0,0,Morelia,Villas del Pedregal,septiembre,jueves,2,-101.305655837059,19.6725041752179
8933,8933,2017,"171053007",2017/09/14,"02:40:00",COLISIÓN CONTRA OBJETO FIJO,ASFALTO,Bueno,Bueno,1,VOLKSWAGEN,ROJO,1,,43,MASCULINO,ALIENTO ETÍLICO,0,0,Morelia,Loma de Los Piñones,septiembre,jueves,3,-101.205614805222,19.6738781253172
8934,8934,2017,"171053066",2017/09/14,"03:15:00",COLISIÓN CONTRA OBJETO FIJO,ASFALTO,Bueno,Bueno,1,NISSAN,GRIS,1,,23,MASCULINO,SIN DATOS,0,0,Morelia,Fovissste La Huerta,septiembre,jueves,3,-101.212191581726,19.6924556025115
8935,8935,2017,"171053041",2017/09/14,"03:50:00",SALIDA DE SUPERFICIE DE RODAMIENTO,ASFALTO,Bueno,Bueno,1,KENWORTH,AMARILLO,1,,50,MASCULINO,SIN DATOS,0,0,Álvaro Obregón,Centro,septiembre,jueves,4,-101.041989326477,19.8282005647397
8936,8936,2017,LEG9372,2017/09/14,"03:50:00",SALIDA DE SUPERFICIE DE RODAMIENTO,ASFALTO,Bueno,Bueno,1,HONDA,BLANCO,1,,43,MASCULINO,SIN DATOS,0,0,Álvaro Obregón,Centro,septiembre,jueves,4,-101.04211807251,19.8281601936725
8937,8937,2017,"171053364",2017/09/14,"07:50:00",COLISIÓN POR ALCANCE,ASFALTO,Bueno,Bueno,2,CHEVROLET,VERDE,2,,23,MASCULINO,SIN DATOS,0,0,Morelia,Felix Ireta,septiembre,jueves,8,-101.193062067032,19.6821619865531
8938,8938,2017,LEG9398,2017/09/14,"08:00:00",COLISIÓN POR ALCANCE,ASFALTO,Bueno,Bueno,2,MITZUBISHI,GRAFIT,2,,27,MASCULINO,SIN DATOS,0,0,Morelia,Rinconada del Valle,septiembre,jueves,8,-101.218435764313,19.679363705725
8939,8939,2017,"171053386",2017/09/14,"09:00:00",COLISIÓN POR CORTE DE CIRCULACIÓN,CONCRETO,Bueno,Bueno,2,MAZDA,ROJO,2,MINISTERIO PÚBLICO,19,FEMENINO,SIN DATOS,0,0,Morelia,Felix Ireta,septiembre,jueves,9,-101.184114217758,19.6891322208202
8940,8940,2017,"171054072",2017/09/14,11:40:00,COLISIÓN POR ALCANCE,ASFALTO,Bueno,Bueno,2,FORD,BLANCO,2,,42,MASCULINO,SIN DATOS,0,0,Morelia,Insurgentes,septiembre,jueves,12,-101.155811548233,19.6954152734146
8941,8941,2017,"171059400",2017/09/14,13:50:00,COLISIÓN POR ALCANCE,ASFALTO,Bueno,Bueno,2,CHEVROLET,BLANCO,2,,47,MASCULINO,SIN DATOS,0,0,Morelia,Francisco J Mujica,septiembre,jueves,14,-101.185584068298,19.7241404289233
8942,8942,2017,"171055712",2017/09/14,14:15:00,COLISIÓN POR CORTE DE CIRCULACIÓN,ASFALTO,Bueno,Bueno,2,NISSAN,BLANCO/NARANJA,2,,42,MASCULINO,SIN DATOS,0,0,Morelia,Ventura Puente,septiembre,jueves,14,-101.191881895065,19.6942283812459
8943,8943,2017,"171054702",2017/09/14,15:00:00,COLISIÓN POR ALCANCE,ASFALTO,Bueno,Regular,2,VOLKSWAGEN,ROJO,2,,33,MASCULINO,SIN DATOS,0,0,Morelia,Adolfo Lopez Mateos,septiembre,jueves,15,-101.223049163818,19.6945011146933
8944,8944,2017,"171054783",2017/09/14,15:05:00,COLISIÓN POR ALCANCE,ASFALTO,Bueno,Bueno,3,VOLKSWAGEN,CAFE,3,,50,FEMENINO,SIN DATOS,0,0,Morelia,Francisco J Mujica,septiembre,jueves,15,-101.18560552597,19.7240899321231
8945,8945,2017,,2017/09/14,16:20:00,COLISIÓN POR INVASIÓN DE CARRIL,ASFALTO,Bueno,Bueno,2,NISSAN,AZUL,2,,43,MASCULINO,SIN DATOS,0,0,Lázaro Cárdenas,Segundo Sector de Fidelac,septiembre,jueves,16,-102.204158306122,17.9633637580722
8946,8946,2017,"171034980",2017/09/14,16:50:00,COLISIÓN POR CORTE DE CIRCULACIÓN,CONCRETO,Bueno,Regular,2,TOYOTA,BLANCO,2,,27,MASCULINO,SIN DATOS,0,0,Morelia,Centro,septiembre,jueves,17,-101.190283298492,19.7072837109726