fid,id_accidente,anio_origen,folio_c5i,dia_incidente,hora_ocurrencia,tipo_incidente_vial,superficie_ocurrencia,condiciones_climaticas,condiciones_via,numero_vehiculos_involucrados,marca_vehiculo_ocasiona_siniestro,color_vehiculo_ocasiona_siniestro,numero_personas_involucradas,lugar_remite_presunto_responsable,edad_presunto_responsable,sexo_presunto_responsable,resultados_toxicologia,numero_personas_lesionadas,numero_personas_fallecidas,municipio,colonia,mes,dia_semana,hora_redondeada,lon,lat
9045,9045,2017,"171060329",2017/09/18,20:30:00,COLISIÓN POR CAMBIO DE CARRIL,ASFALTO,Bueno,Bueno,2,RENAULT,GRIS,2,,26,FEMENINO,SIN DATOS,0,0,Morelia,Chapultepec Oriente,septiembre,lunes,21,-101.159019470215,19.6882331786599
9047,9047,2017,,2017/09/18,22:05:00,COLISIÓN POR CORTE DE CIRCULACIÓN,ASFALTO,Bueno,Bueno,2,NISSAN,Blanco/Azul,2,MINISTERIO PÚBLICO,,,SIN DATOS,0,0,Apatzingán,Centro,septiembre,lunes,22,-102.355027198792,19.0825903308224
9048,9048,2017,"171070967",2017/09/18,22:20:00,COLISIÓN POR CORTE DE CIRCULACIÓN,ASFALTO,Lluvioso,Regular,1,KENWORTH,BLANCO,1,,40,MASCULINO,SIN DATOS,0,0,Morelia,Arcos del Valle,septiembre,lunes,22,-101.236283183098,19.7076725767964
9049,9049,2017,"171489732",2017/09/18,22:30:00,COLISIÓN POR CAMBIO DE CARRIL,ASFALTO,Bueno,Bueno,2,FORD,BLANCO,2,,31,MASCULINO,SIN DATOS,0,0,Morelia,Felix Ireta,septiembre,lunes,23,-101.19197845459,19.6823135166107
9050,9050,2017,"1710711666",2017/09/18,22:45:00,COLISIÓN POR CORTE DE CIRCULACIÓN,ASFALTO,Lluvioso,Regular,2,VOLKSWAGEN,ROJO,2,,22,,SIN DATOS,0,0,Morelia,Tzindurio de Morelos,septiembre,lunes,23,-101.24392747879,19.7001324514535
9051,9051,2017,"17036907",2017/09/18,22:50:00,COLISIÓN POR ALCANCE,ASFALTO,Bueno,Bueno,2,MERCEDEZ,BLANCO,2,,41,MASCULINO,SIN DATOS,0,0,Morelia,Los Manantiales de Morelia,septiembre,lunes,23,-101.241352558136,19.6951223391442
9052,9052,2017,"171071007",2017/09/18,22:50:00,COLISIÓN POR NO RESPETAR SEMÁFORO,ASFALTO,Nublado,Regular,2,NISSAN,BLANCO,2,,0,MASCULINO,SIN DATOS,0,0,Morelia,Insurgentes,septiembre,lunes,23,-101.152276396751,19.6981072132469
9053,9053,2017,"17071034",2017/09/18,22:55:00,COLISIÓN POR ALCANCE,ASFALTO,Lluvioso,Regular,2,FORD,NEGRO,2,,49,MASCULINO,SIN DATOS,0,0,Morelia,Chapultepec Sur,septiembre,lunes,23,-101.177226305008,19.6913444491365
9054,9054,2017,,2017/09/19,"00:00:00",COLISIÓN POR INVASIÓN DE CARRIL,ASFALTO,Bueno,Bueno,2,MERCEDES BENZ,BANCO,2,MINISTERIO PÚBLICO,23,MASCULINO,SIN DATOS,0,0,Lázaro Cárdenas,Lindavista,septiembre,martes,0,-102.232933044434,17.9869989191045
9055,9055,2017,,2017/09/19,"08:15:00",COLISIÓN POR ALCANCE,ASFALTO,Bueno,Bueno,2,VOLKSWAGEN,BLANCO,2,,38,FEMENINO,SIN DATOS,0,0,Morelia,Tinijaro,septiembre,martes,8,-101.264548301697,19.6963142752421
9056,9056,2017,"171071528",2017/09/19,"08:40:00",COLISIÓN POR CORTE DE CIRCULACIÓN,ASFALTO,Nublado,Bueno,2,VOLKSWAGEN,GRIS,2,MINISTERIO PÚBLICO,33,FEMENINO,SIN DATOS,0,0,Morelia,Nueva Chapultepec,septiembre,martes,9,-101.172215938568,19.6902534910472
9057,9057,2017,"171017688",2017/09/19,"09:50:00",COLISIÓN POR CAMBIO DE CARRIL,CONCRETO,Bueno,Bueno,2,NISSAN,GRIS,2,,63,FEMENINO,SIN DATOS,0,0,Morelia,Centro,septiembre,martes,10,-101.178127527237,19.6991627645377
9058,9058,2017,"171071754",2017/09/19,10:05:00,COLISIÓN POR ALCANCE,CONCRETO,Bueno,Bueno,2,FORD,NEGRO,2,,40,MASCULINO,SIN DATOS,0,0,Morelia,Gertrudis Bocanegra,septiembre,martes,10,-101.208930015564,19.7022435203546
9060,9060,2017,"071071768",2017/09/19,10:30:00,COLISIÓN POR CAMBIO DE CARRIL,ASFALTO,Bueno,Bueno,2,CHEVROLET,BLANCO/ROSA,2,,0,MASCULINO,SIN DATOS,0,0,Morelia,Chapultepec Sur,septiembre,martes,11,-101.177706420422,19.690776242726
9061,9061,2017,"171071910",2017/09/19,11:50:00,SUBIDA AL CAMELLÓN,ASFALTO,Bueno,Bueno,2,RENAULT,BLANCO,2,,27,MASCULINO,SIN DATOS,0,0,Morelia,Enrique Arreguin Robles,septiembre,martes,12,-101.178878545761,19.7203632242334
9062,9062,2017,,2017/09/19,12:38:00,COLISIÓN POR ALCANCE,ASFALTO,Bueno,Bueno,2,HONDA,GRIS,2,,29,MASCULINO,SIN DATOS,0,0,Morelia,Los Manantiales de Morelia,septiembre,martes,13,-101.240301132202,19.6928596563721
9063,9063,2017,"171072406",2017/09/19,12:50:00,COLISIÓN CONTRA OBJETO FIJO,ASFALTO,Bueno,Bueno,2,NISSAN,ROJO,2,,23,,SIN DATOS,0,0,Morelia,Las Americas,septiembre,martes,13,-101.153494119644,19.6873442331338
9064,9064,2017,"171072644",2017/09/19,14:20:00,COLISIÓN POR ALCANCE,ASFALTO,Bueno,Bueno,2,HONDA,ROJO,2,,15,FEMENINO,SIN DATOS,0,0,Morelia,Villas Lomas del Paraiso,septiembre,martes,14,-101.179490089416,19.6752015514071
9066,9066,2017,"171073415",2017/09/19,18:39:00,COLISIÓN POR ALCANCE,ASFALTO,Bueno,Bueno,2,CHRYSLER,NEGRO,2,,30,FEMENINO,SIN DATOS,0,0,Morelia,Morelos,septiembre,martes,19,-101.206639409065,19.695369818132
9067,9067,2017,,2017/09/19,19:40:00,COLISIÓN POR CAMBIO DE CARRIL,ASFALTO,Bueno,Bueno,2,FREIGHTLINER,BLANCO,2,,36,MASCULINO,SIN DATOS,0,0,Morelia,Solidaridad,septiembre,martes,20,-101.207792758942,19.7261956351489
9068,9068,2017,"171073717",2017/09/19,21:30:00,COLISIÓN POR ALCANCE,ASFALTO,Bueno,Bueno,2,CHRYSLER,BLANCO,2,,32,MASCULINO,SIN DATOS,0,0,Morelia,Los Manantiales de Morelia,septiembre,martes,22,-101.240274310112,19.692773795012
9069,9069,2017,"171923038",2017/09/19,22:20:00,COLISIÓN POR CORTE DE CIRCULACIÓN,ASFALTO,Bueno,Bueno,1,NISSAN,AZUL,1,,55,MASCULINO,SIN DATOS,0,0,Charo,Sin datos,septiembre,martes,22,-101.011519432068,19.7006980994409
9070,9070,2017,"171074036",2017/09/19,23:35:00,COLISIÓN POR ALCANCE,ASFALTO,Bueno,Bueno,2,HONDA,GRIS,2,,,FEMENINO,SIN DATOS,0,0,Morelia,Villas de La Esperanza,septiembre,martes,0,-101.275148391724,19.6929606696778
9071,9071,2017,"171076931",2017/09/20,"00:00:00",SALIDA DE SUPERFICIE DE RODAMIENTO,CONCRETO,Lluvioso,Regular,0,,,0,,,,,0,0,Morelia,La Aldea,septiembre,miércoles,0,-101.133871078491,19.748932429849
9073,9073,2017,"1710495631",2017/09/20,"01:50:00",COLISIÓN POR ALCANCE,ASFALTO,Bueno,Bueno,1,NISSAN,NEGRO,1,,55,MASCULINO,SIN DATOS,0,0,Morelia,Loma Dorada,septiembre,miércoles,2,-101.254334449768,19.6977536777653
9075,9075,2017,"171077374",2017/09/20,"06:55:00",VOLCADURA,ASFALTO,Bueno,Bueno,1,VOLKSWAGEN,ROJO,1,MINISTERIO PÚBLICO,0,,SIN DATOS,0,0,Sin datos,Sin datos,septiembre,miércoles,7,-100.634765625,18.542116654449
9076,9076,2017,"171074516",2017/09/20,"09:00:00",COLISIÓN POR CAMBIO DE CARRIL,ASFALTO,Bueno,Bueno,2,FORD,NEGRO,2,,54,MASCULINO,SIN DATOS,0,0,Morelia,Niño Artillero,septiembre,miércoles,9,-101.253889203072,19.6969683211512
9077,9077,2017,,2017/09/20,"09:06:00",COLISIÓN POR CORTE DE CIRCULACIÓN,ASFALTO,Bueno,Regular,2,SIN DATOS,BLANCO Y ROJO,2,,,,SIN DATOS,0,0,Lagunillas,El Pedregal,septiembre,miércoles,9,-101.416511535645,19.5597901364974
9078,9078,2017,"171074546",2017/09/20,"09:28:00",COLISIÓN POR CORTE DE CIRCULACIÓN,ASFALTO,Bueno,Bueno,2,CHEVROLET,GRIS,2,,41,FEMENINO,SIN DATOS,0,0,Morelia,Chapultepec Sur,septiembre,miércoles,9,-101.171057224274,19.6917232522899
9079,9079,2017,"171074696",2017/09/20,"09:50:00",COLISIÓN POR ALCANCE,CONCRETO,Bueno,Bueno,2,JEEP,NEGRO,2,,29,MASCULINO,SIN DATOS,0,0,Morelia,Centro,septiembre,miércoles,10,-101.181551367044,19.7041916890117
9080,9080,2017,"171074837",2017/09/20,11:25:00,COLISIÓN POR CORTE DE CIRCULACIÓN,ASFALTO,Bueno,Bueno,2,NISSAN,BLANCO,2,,66,MASCULINO,SIN DATOS,0,0,Morelia,Ciudad Industrial,septiembre,miércoles,11,-101.138033866882,19.7288163634642
9081,9081,2017,"171075128",2017/09/20,12:15:00,COLISIÓN POR CORTE DE CIRCULACIÓN,CONCRETO,Bueno,Bueno,2,NO APLICA,NO APLICA,1,,33,MASCULINO,SIN DATOS,0,0,Morelia,Villa Universidad,septiembre,miércoles,12,-101.20722413063,19.6866623681644
9083,9083,2017,"171075281",2017/09/20,14:20:00,CAIDA DE MOTOCICLETA,CONCRETO,Bueno,Bueno,1,HONDA,ROJO Y NEGRO,1,,35,MASCULINO,SIN DATOS,0,0,Morelia,Junta de Jaujilla,septiembre,miércoles,14,-101.231036782265,19.6916828466629
9084,9084,2017,"171075548",2017/09/20,14:50:00,COLISIÓN POR CORTE DE CIRCULACIÓN,CONCRETO,Bueno,Bueno,2,,ROJO,1,,42,MASCULINO,SIN DATOS,0,0,Morelia,Felicitas del Rio,septiembre,miércoles,15,-101.200328171253,19.6920187181273
9085,9085,2017,"171065447",2017/09/20,15:30:00,COLISIÓN POR CORTE DE CIRCULACIÓN,SIN_DATOS,Bueno,Bueno,2,VOLKSWAGEN,ROJO,2,,27,FEMENINO,SIN DATOS,0,0,Morelia,Vasco de Quiroga,septiembre,miércoles,16,-101.174608469009,19.7029101679052
9086,9086,2017,"171075747",2017/09/20,15:50:00,COLISIÓN POR CORTE DE CIRCULACIÓN,CONCRETO,Bueno,Bueno,2,NISSAN,BLANCO,2,,40,MASCULINO,SIN DATOS,0,0,Morelia,Libertad,septiembre,miércoles,16,-101.236921548843,19.684844047385
9087,9087,2017,,2017/09/20,17:45:00,COLISIÓN POR CORTE DE CIRCULACIÓN,CONCRETO,Bueno,Bueno,2,NISSAN,BLANCO,2,MINISTERIO PÚBLICO,,MASCULINO,SIN DATOS,0,0,Morelia,Union,septiembre,miércoles,18,-101.154406070709,19.7126065454706
9088,9088,2017,"171076233",2017/09/20,18:15:00,COLISIÓN POR CORTE DE CIRCULACIÓN,ASFALTO,Bueno,Bueno,2,FORD,"BLANCO, GRIS, GUINDA DORADO",2,,41,MASCULINO,SIN DATOS,0,0,Morelia,Chapultepec Oriente,septiembre,miércoles,18,-101.159319877625,19.6900110549068
9089,9089,2017,,2017/09/20,19:00:00,COLISIÓN POR ALCANCE,ASFALTO,Nublado,Bueno,2,CHEVROLET,GRIS,1,MINISTERIO PÚBLICO,23,MASCULINO,SIN DATOS,0,0,Zitácuaro,Sin datos,septiembre,miércoles,19,-100.361394882202,19.484637337416
9090,9090,2017,,2017/09/20,20:15:00,VOLCADURA,TERRACERIA,Bueno,Bueno,1,CHEVROLET,ROJO/AZUL,1,,53,MASCULINO,SIN DATOS,0,0,Lázaro Cárdenas,Progreso Nacional,septiembre,miércoles,20,-102.232332229614,17.9916521013093
9091,9091,2017,"17106721",2017/09/20,20:35:00,COLISIÓN POR CAMBIO DE CARRIL,CONCRETO,Bueno,Bueno,2,NISSAN,BLANCO Y GRIS,2,,29,MASCULINO,SIN DATOS,0,0,Morelia,Morelos,septiembre,miércoles,21,-101.208318471909,19.6980718597339
9092,9092,2017,"17076997",2017/09/20,23:29:00,COLISIÓN POR ALCANCE,ASFALTO,Lluvioso,Regular,2,MAZDA,NEGRO,2,,0,,SIN DATOS,0,0,Morelia,Chapultepec Sur,septiembre,miércoles,23,-101.172140836716,19.6904757238535
9093,9093,2017,"171077005",2017/09/20,23:40:00,SALIDA DE SUPERFICIE DE RODAMIENTO,CONCRETO,Lluvioso,Regular,1,MAZDA,NEGRO,2,,20,FEMENINO,SIN DATOS,1,0,Morelia,La Loma,septiembre,miércoles,0,-101.18378162384,19.6797879969367
9094,9094,2017,"171072169",2017/09/21,"01:55:00",SUBIDA AL CAMELLÓN,ASFALTO,Nublado,Regular,1,FORD,ROJO,1,,21,MASCULINO,SIN DATOS,0,0,Morelia,Lomas de Guayangareo,septiembre,jueves,2,-101.159062385559,19.7035465107032
9096,9096,2017,"171077459",2017/09/21,"08:20:00",COLISIÓN POR INVASIÓN DE CARRIL,ASFALTO,Bueno,Bueno,2,VOLKSWAGEN,BLANCO,2,,,MASCULINO,SIN DATOS,0,0,Morelia,5 de Mayo,septiembre,jueves,8,-101.175488233566,19.7029606713943
9097,9097,2017,"171077528",2017/09/21,"08:35:00",COLISIÓN CONTRA OBJETO FIJO,CONCRETO,Bueno,Bueno,1,VOLKSWAGEN,VERDE,0,,,,,0,0,Morelia,Morelos,septiembre,jueves,9,-101.207800805569,19.700645070027
9098,9098,2017,"171077825",2017/09/21,"08:40:00",COLISIÓN POR ALCANCE,ASFALTO,Bueno,Bueno,2,NISSAN,BLANCO,2,,41,MASCULINO,SIN DATOS,0,0,Morelia,Independencia,septiembre,jueves,9,-101.177896857262,19.7192977131861
9099,9099,2017,"171387702",2017/09/21,"09:00:00",COLISIÓN POR INVASIÓN DE CARRIL,ASFALTO,Bueno,Bueno,2,CHEVROLET,GRIS,2,,32,MASCULINO,SIN DATOS,0,0,Hidalgo,Sin datos,septiembre,jueves,9,-100.823056,19.560556
9100,9100,2017,"171077624",2017/09/21,"09:05:00",COLISIÓN POR CORTE DE CIRCULACIÓN,CONCRETO,Bueno,Bueno,2,CHEVROLET,BLANCO,2,MINISTERIO PÚBLICO,0,MASCULINO,SIN DATOS,0,0,Morelia,Ventura Puente,septiembre,jueves,9,-101.184103488922,19.6902433895487
9101,9101,2017,"171077693",2017/09/21,"09:20:00",SALIDA DE SUPERFICIE DE RODAMIENTO,CONCRETO,Bueno,Bueno,2,SIN DATOS,SIN DATOS,1,,31,MASCULINO,SIN DATOS,0,0,Morelia,Union,septiembre,jueves,9,-101.157227754593,19.7100512030103
9102,9102,2017,"171077848",2017/09/21,"09:34:00",COLISIÓN POR ALCANCE,ASFALTO,Bueno,Bueno,2,VOLKSWAGEN,GRIS,2,,43,FEMENINO,SIN DATOS,0,0,Morelia,Las Americas,septiembre,jueves,10,-101.152206659317,19.6885564303549
9103,9103,2017,,2017/09/21,"09:50:00",COLISIÓN POR ALCANCE,CONCRETO,Bueno,Bueno,2,DODGE,BLANCO,1,,42,MASCULINO,SIN DATOS,0,0,Morelia,Sin datos,septiembre,jueves,10,-101.242030187778,19.68854228239
9104,9104,2017,"171077750",2017/09/21,10:00:00,COLISIÓN POR ALCANCE,ASFALTO,Bueno,Bueno,2,MITSIBISHI,NEGRO,2,MINISTERIO PÚBLICO,32,FEMENINO,SIN DATOS,0,0,Morelia,Bosques Tres Marias,septiembre,jueves,10,-101.104302406311,19.7245343034169
9105,9105,2017,,2017/09/21,12:00:00,COLISIÓN POR CORTE DE CIRCULACIÓN,ASFALTO,Bueno,Bueno,2,CHEVROLET,BLANCO,2,,21,MASCULINO,SIN DATOS,0,0,Morelia,Gertrudis Bocanegra,septiembre,jueves,12,-101.207106113434,19.7024758372406
9106,9106,2017,"171078775",2017/09/21,14:00:00,COLISIÓN POR ALCANCE,ASFALTO,Bueno,Bueno,2,KENWORTH,ROJO,2,,37,MASCULINO,SIN DATOS,0,0,Morelia,Ciudad Industrial,septiembre,jueves,14,-101.148633956909,19.7208227552418
9107,9107,2017,,2017/09/21,15:00:00,COLISIÓN POR ALCANCE,ASFALTO,Bueno,Bueno,1,FORD,GRIS,1,,30,MASCULINO,SIN DATOS,0,0,Morelia,Independencia,septiembre,jueves,15,-101.177945137024,19.719504756173
9108,9108,2017,"17079189",2017/09/21,15:15:00,SALIDA DE SUPERFICIE DE RODAMIENTO,ASFALTO,Bueno,Bueno,1,INTERNATIONAL,BLANCO,1,,0,MASCULINO,SIN DATOS,0,0,Morelia,Enrique Arreguin Robles,septiembre,jueves,15,-101.178942918777,19.7203733238302
9109,9109,2017,"171079040",2017/09/21,15:30:00,COLISIÓN CONTRA OBJETO FIJO,ASFALTO,Bueno,Bueno,1,RAM,BLANCO,1,,49,MASCULINO,SIN DATOS,0,0,Morelia,Cosmos,septiembre,jueves,16,-101.216998100281,19.6821922925761
9110,9110,2017,"171079935",2017/09/21,18:55:00,CAIDA DE MOTOCICLETA,ASFALTO,Bueno,Malo,1,HONDA,BLANCO,1,,31,MASCULINO,SIN DATOS,0,0,Morelia,Lomas del Valle,septiembre,jueves,19,-101.231825351715,19.6900716639763
9111,9111,2017,"171080297",2017/09/21,19:40:00,COLISIÓN POR ALCANCE,ASFALTO,Bueno,Bueno,1,PLYMOUTH,BLANCO,2,,53,MASCULINO,CON CERTIFICADO,0,0,Morelia,Jardines de Guadalupe,septiembre,jueves,20,-101.226600408554,19.7106774171926
9112,9112,2017,"171080375",2017/09/21,20:40:00,SUBIDA AL CAMELLÓN,ASFALTO,Bueno,Bueno,1,DODGE,GUINDA,1,,18,,SIN DATOS,0,0,Morelia,Sin datos,septiembre,jueves,21,-101.315059661865,19.6871624027592
9113,9113,2017,"171080421",2017/09/21,20:40:00,COLISIÓN POR ALCANCE,ASFALTO,Bueno,Bueno,3,MERCEDEZ BENZ,BLANCO,3,,54,MASCULINO,SIN DATOS,0,0,Morelia,Sentimientos de La Nacion,septiembre,jueves,21,-101.231954097748,19.6778483707958
9114,9114,2017,"171080761",2017/09/21,23:00:00,SALIDA DE SUPERFICIE DE RODAMIENTO,ASFALTO,Lluvioso,Bueno,1,TOYOTA,GRIS,1,,37,MASCULINO,SIN DATOS,0,0,Morelia,Bosques Tres Marias,septiembre,jueves,23,-101.104179024696,19.7243828133419
9115,9115,2017,"171085282",2017/09/22,"00:00:00",COLISIÓN POR ALCANCE,ASFALTO,Lluvioso,Regular,2,NISSAN,BLANCO/ROJO,2,,0,MASCULINO,SIN DATOS,0,0,Morelia,Elias Perez Avalos,septiembre,viernes,0,-101.169362068176,19.7132226495988
9116,9116,2017,"171084037",2017/09/22,"00:00:00",COLISIÓN POR CORTE DE CIRCULACIÓN,ASFALTO,Bueno,Bueno,2,RENAULT,BLANCO,2,MINISTERIO PÚBLICO,20,MASCULINO,SIN DATOS,0,0,Morelia,Morelos,septiembre,viernes,0,-101.207245588303,19.7000112409104
9117,9117,2017,"171083353",2017/09/22,"00:00:00",COLISIÓN POR CORTE DE CIRCULACIÓN,CONCRETO,Bueno,Bueno,2,NISSAN,ROJO,2,,33,MASCULINO,SIN DATOS,0,0,Morelia,Cosmos,septiembre,viernes,0,-101.218789815903,19.6847329271125
9118,9118,2017,"171080984",2017/09/22,"00:30:00",SUBIDA AL CAMELLÓN,ASFALTO,Lluvioso,Bueno,1,VOLKSWAGEN,BLANCO,1,,,,SIN DATOS,0,0,Morelia,Articulo Constitucional,septiembre,viernes,1,-101.171765327454,19.7147376496543
9119,9119,2017,"1710810223",2017/09/22,"01:05:00",COLISIÓN POR CAMBIO DE CARRIL,ASFALTO,Lluvioso,Bueno,2,MAZDA,AZUL MARINO,2,,27,MASCULINO,SIN DATOS,0,0,Morelia,Morelia 450,septiembre,viernes,1,-101.217502355576,19.6758481067439
9120,9120,2017,"171081021",2017/09/22,"01:20:00",COLISIÓN POR INVASIÓN DE CARRIL,ASFALTO,Bueno,Regular,4,TOYOTA,GRIS,4,,31,MASCULINO,CON CERTIFICADO,0,0,Morelia,Villas del Real,septiembre,viernes,1,-101.198738962412,19.7348794732915
9121,9121,2017,"171081083",2017/09/22,"02:30:00",COLISIÓN POR CORTE DE CIRCULACIÓN,CONCRETO,Bueno,Bueno,2,FORD,BLANCO,2,,26,MASCULINO,SIN DATOS,0,0,Morelia,Chapultepec Sur,septiembre,viernes,3,-101.171958446503,19.6919606351425
9122,9122,2017,"17108116",2017/09/22,"03:00:00",COLISIÓN POR ALCANCE,ASFALTO,Bueno,Bueno,1,CHEVROLET,BLANCO,1,,28,MASCULINO,SIN DATOS,0,0,Morelia,Los Manantiales de Morelia,septiembre,viernes,3,-101.240322589874,19.6929606696778
9123,9123,2017,"171081104",2017/09/22,"03:30:00",VOLCADURA,ASFALTO,Bueno,Bueno,1,VOLKSWAGEN,ROJO,1,,20,,SIN DATOS,0,0,Morelia,Alberto Oviedo Mota,septiembre,viernes,4,-101.201972365379,19.6778685753558
9124,9124,2017,"171081135",2017/09/22,"03:50:00",COLISIÓN POR CORTE DE CIRCULACIÓN,ASFALTO,Lluvioso,Bueno,1,FORD,GRIS,1,,35,MASCULINO,SIN DATOS,0,0,Morelia,Alberto Oviedo Mota,septiembre,viernes,4,-101.197798848152,19.6812123949285
9125,9125,2017,"171081192",2017/09/22,"06:50:00",SALIDA DE SUPERFICIE DE RODAMIENTO,ASFALTO,Lluvioso,Bueno,1,NISSAN,VERDE,1,,0,MASCULINO,SIN DATOS,0,0,Morelia,Sin datos,septiembre,viernes,7,-101.35479927063,19.6787979823614
9126,9126,2017,"171081333",2017/09/22,"08:00:00",COLISIÓN POR CAMBIO DE CARRIL,CONCRETO,Lluvioso,Regular,2,VOLKSWAGEN,GRIS,2,,64,FEMENINO,SIN DATOS,0,0,Morelia,Centro,septiembre,viernes,8,-101.198040246964,19.7030591531523
9127,9127,2017,"171058355",2017/09/22,"08:00:00",COLISIÓN POR INVASIÓN DE CARRIL,ASFALTO,Nublado,Bueno,3,DODGE,GRIS,3,,36,MASCULINO,CON CERTIFICADO,0,0,Tarímbaro,Sin datos,septiembre,viernes,8,-101.145050525665,19.7723575843032
9128,9128,2017,"171081347",2017/09/22,"08:05:00",COLISIÓN POR CORTE DE CIRCULACIÓN,ASFALTO,Lluvioso,Regular,2,YAMAHA,BLANCO,2,,42,MASCULINO,SIN DATOS,0,0,Morelia,Ventura Puente,septiembre,viernes,8,-101.179919242859,19.6902332880495
9129,9129,2017,"171081314",2017/09/22,"08:05:00",COLISIÓN POR CORTE DE CIRCULACIÓN,ASFALTO,Lluvioso,Regular,2,SE DESCONOCE,SE DESCONOCE,1,,0,,SIN DATOS,0,0,Morelia,Sin datos,septiembre,viernes,8,-101.092758178711,19.7356835786295
9130,9130,2017,,2017/09/22,"08:15:00",COLISIÓN POR CORTE DE CIRCULACIÓN,ADOQUIN_EMPEDRADO,Bueno,Bueno,2,VOLKSWAGEN,BLANCO,2,,30,MASCULINO,SIN DATOS,0,0,Cuitzeo,Centro,septiembre,viernes,8,-101.141391992569,19.9693657478282
9131,9131,2017,,2017/09/22,"08:40:00",SALIDA DE SUPERFICIE DE RODAMIENTO,CONCRETO,Bueno,Bueno,1,FORD,BLANCO,1,,36,MASCULINO,SIN DATOS,0,0,Morelia,La Morita,septiembre,viernes,9,-101.203308105469,19.6513175863684
9132,9132,2017,"171084450",2017/09/22,"08:45:00",COLISIÓN POR CORTE DE CIRCULACIÓN,ASFALTO,Nublado,Regular,2,NISSAN,BLANCO,2,,30,MASCULINO,SIN DATOS,0,0,Morelia,San Pascual,septiembre,viernes,9,-101.264634132385,19.6962132640526
9133,9133,2017,,2017/09/22,"09:10:00",COLISIÓN POR CORTE DE CIRCULACIÓN,CONCRETO,Lluvioso,Bueno,2,NISSAN,VERDE,2,,28,MASCULINO,SIN DATOS,0,0,Pátzcuaro,Centro,septiembre,viernes,9,-101.613299846649,19.5164541307688
9134,9134,2017,"1710619421",2017/09/22,"09:30:00",COLISIÓN POR CORTE DE CIRCULACIÓN,CONCRETO,Bueno,Bueno,2,NISSAN,NO APLICA,1,,24,FEMENINO,SIN DATOS,0,0,Morelia,Puerto de Buenavista,septiembre,viernes,10,-101.127562522888,19.6855158182999
9135,9135,2017,,2017/09/22,10:20:00,COLISIÓN POR CORTE DE CIRCULACIÓN,ASFALTO,Bueno,Bueno,2,NISSAN,AZUL,2,,55,MASCULINO,SIN DATOS,0,0,Morelia,La Esperanza,septiembre,viernes,10,-101.153934001923,19.6995870032864
9136,9136,2017,,2017/09/22,11:00:00,COLISIÓN POR NO RESPETAR SEMÁFORO,ASFALTO,Bueno,Bueno,2,HONDA,NEGRO Y ROJO,3,,28,MASCULINO,SIN DATOS,1,0,Pátzcuaro,Centro,septiembre,viernes,11,-101.613718271255,19.5085460271815
9137,9137,2017,"1710081979",2017/09/22,11:05:00,COLISIÓN POR ALCANCE,ASFALTO,Bueno,Bueno,4,CHEVROLET,ROJO BRILLAN,4,MINISTERIO PÚBLICO,32,FEMENINO,SIN DATOS,0,0,Morelia,Felix Ireta,septiembre,viernes,11,-101.190387904644,19.6824296895578
9138,9138,2017,"171081955",2017/09/22,11:15:00,COLISIÓN POR CORTE DE CIRCULACIÓN,ASFALTO,Nublado,Bueno,2,CHRYSLER,BLANCO,2,,24,,SIN DATOS,0,0,Tarímbaro,Sin datos,septiembre,viernes,11,-101.13224029541,19.7771229702929
9139,9139,2017,"171082308",2017/09/22,12:15:00,COLISIÓN CONTRA OBJETO FIJO,ASFALTO,Bueno,Bueno,1,VOLKSWAGEN,BEIGE,1,,21,MASCULINO,SIN DATOS,0,0,Morelia,El Lago 3,septiembre,viernes,12,-101.221815347672,19.7273620917884
9140,9140,2017,"171082614",2017/09/22,13:20:00,COLISIÓN POR ALCANCE,ASFALTO,Bueno,Bueno,2,TOYOTA,GRIS,1,,24,MASCULINO,SIN DATOS,0,0,Morelia,Centro,septiembre,viernes,13,-101.193566322327,19.696162758434
9141,9141,2017,"171082634",2017/09/22,13:41:00,COLISIÓN POR CORTE DE CIRCULACIÓN,ASFALTO,Bueno,Bueno,3,NISSAN,AMARILLO,3,,0,,SIN DATOS,0,0,Morelia,Josefa Ortiz de Dominguez,septiembre,viernes,14,-101.209093630314,19.7259961752606
9142,9142,2017,"171082737",2017/09/22,14:00:00,COLISIÓN POR CAMBIO DE CARRIL,ASFALTO,Bueno,Bueno,2,TOYOTA,PLATA,2,,,MASCULINO,SIN DATOS,0,0,Morelia,Felix Arreguin,septiembre,viernes,14,-101.226546764374,19.7216458679212
9143,9143,2017,"171083035",2017/09/22,14:20:00,COLISIÓN POR CORTE DE CIRCULACIÓN,ASFALTO,Bueno,Bueno,2,NISSAN,BLANCO,2,,25,MASCULINO,SIN DATOS,0,0,Morelia,Ciudad Industrial,septiembre,viernes,14,-101.136982440948,19.7293011177479
9144,9144,2017,"171083042",2017/09/22,15:00:00,SALIDA DE SUPERFICIE DE RODAMIENTO,ASFALTO,Nublado,Regular,1,KENWORTH,AMARILLO,1,,61,MASCULINO,SIN DATOS,0,0,Morelia,Sin datos,septiembre,viernes,15,-101.32781624794,19.6852935786099