fid,id_accidente,anio_origen,folio_c5i,dia_incidente,hora_ocurrencia,tipo_incidente_vial,superficie_ocurrencia,condiciones_climaticas,condiciones_via,numero_vehiculos_involucrados,marca_vehiculo_ocasiona_siniestro,color_vehiculo_ocasiona_siniestro,numero_personas_involucradas,lugar_remite_presunto_responsable,edad_presunto_responsable,sexo_presunto_responsable,resultados_toxicologia,numero_personas_lesionadas,numero_personas_fallecidas,municipio,colonia,mes,dia_semana,hora_redondeada,lon,lat
9145,9145,2017,"171083141",2017/09/22,15:25:00,COLISIÓN POR CAMBIO DE CARRIL,ASFALTO,Bueno,Bueno,2,CHEVROLET,BLANCO/ROJO,2,,25,MASCULINO,SIN DATOS,0,0,Morelia,Rafael Carrillo,septiembre,viernes,15,-101.234786510468,19.710031002512
9146,9146,2017,"171083413",2017/09/22,15:45:00,COLISIÓN CONTRA OBJETO FIJO,ASFALTO,Bueno,Bueno,2,NISSAN,GRIS OXFORD,2,,19,FEMENINO,SIN DATOS,0,0,Morelia,Paraiso del Sur,septiembre,viernes,16,-101.195862293243,19.6579254351721
9147,9147,2017,"171083702",2017/09/22,17:00:00,COLISIÓN POR ALCANCE,ASFALTO,Bueno,Bueno,2,NISSAN,BLANCO,2,,45,MASCULINO,SIN DATOS,0,0,Morelia,Eduardo Ruiz,septiembre,viernes,17,-101.218382120132,19.7195451547734
9148,9148,2017,,2017/09/22,17:20:00,COLISIÓN CONTRA OBJETO FIJO,ASFALTO,Bueno,Bueno,1,BENTO,BLANCO,2,,,,,2,0,Morelia,Industrial,septiembre,viernes,17,-101.192429065704,19.7076978277912
9149,9149,2017,LEG9604,2017/09/22,17:45:00,COLISIÓN POR INVASIÓN DE CARRIL,CONCRETO,Bueno,Bueno,2,VOLKSWAGEN,MARRON,2,,48,FEMENINO,SIN DATOS,0,0,Morelia,Club de Golf Tres Marias,septiembre,viernes,18,-101.114816665649,19.7039404359289
9150,9150,2017,"171084448",2017/09/22,20:20:00,COLISIÓN POR ALCANCE,CONCRETO,Bueno,Bueno,3,PEUGEOT,GRIS,3,,27,MASCULINO,SIN DATOS,0,0,Morelia,Rincon Quieto,septiembre,viernes,20,-101.204729676247,19.6823387716063
9151,9151,2017,"171084118",2017/09/22,20:30:00,COLISIÓN POR CORTE DE CIRCULACIÓN,ASFALTO,Lluvioso,Regular,2,SIN DATO,NEGRO,2,,28,MASCULINO,SIN DATOS,0,0,Morelia,Valle Quieto,septiembre,viernes,21,-101.2038230896,19.680495146459
9152,9152,2017,"171084859",2017/09/22,21:10:00,COLISIÓN POR CORTE DE CIRCULACIÓN,ASFALTO,Lluvioso,Regular,2,SE DESCONOCE,SE DESCONOCE,1,,38,FEMENINO,SIN DATOS,0,0,Morelia,Lomas de Hidalgo,septiembre,viernes,21,-101.15851521492,19.6976375159366
9153,9153,2017,"17184846",2017/09/22,21:20:00,COLISIÓN POR CORTE DE CIRCULACIÓN,ASFALTO,Lluvioso,Regular,2,MERCEDEZ BENZ,AMARILLO/GUINDA,2,,28,MASCULINO,SIN DATOS,0,0,Morelia,Ciudad Industrial,septiembre,viernes,21,-101.143033504486,19.7253220494916
9154,9154,2017,"171084884",2017/09/22,21:30:00,SUBIDA AL CAMELLÓN,ASFALTO,Lluvioso,Regular,1,DODGE,BLANCO,1,,23,,SIN DATOS,0,0,Morelia,Barrio Alto,septiembre,viernes,22,-101.194274425507,19.724291919228
9155,9155,2017,"17109433212",2017/09/23,"00:25:00",COLISIÓN POR CORTE DE CIRCULACIÓN,ASFALTO,Lluvioso,Bueno,1,CHEVROLET,NEGRO,1,,23,MASCULINO,ALIENTO ETÍLICO,0,0,Morelia,Sin datos,septiembre,sábado,0,-101.279504299164,19.6553793238296
9156,9156,2017,"171084571",2017/09/23,"00:50:00",COLISIÓN POR CAMBIO DE CARRIL,ASFALTO,Lluvioso,Regular,2,VOLKSWAGEN,PLATA,2,,63,FEMENINO,SIN DATOS,0,0,Morelia,Enrique Arreguin Robles,septiembre,sábado,1,-101.178846359253,19.7203228258399
9157,9157,2017,"171085406",2017/09/23,"01:26:00",COLISIÓN POR NO RESPETAR SEMÁFORO,ASFALTO,Lluvioso,Regular,2,FORD,GRIS,0,MINISTERIO PÚBLICO,,,,0,0,Morelia,Indeco El Vivero,septiembre,sábado,1,-101.22974395752,19.6770704932985
9158,9158,2017,"171085377",2017/09/23,"02:20:00",COLISIÓN POR CORTE DE CIRCULACIÓN,CONCRETO,Lluvioso,Regular,2,RENAULT,ROJO,3,,18,,CON CERTIFICADO,1,0,Morelia,Puerta Tres Marias Norte,septiembre,sábado,2,-101.139986515045,19.6924960079434
9159,9159,2017,"171085492",2017/09/23,"03:30:00",COLISIÓN POR CORTE DE CIRCULACIÓN,ASFALTO,Nublado,Regular,2,VOLKSWAGEN,AZUL MARINO,2,,24,MASCULINO,SIN DATOS,0,0,Morelia,Erendira,septiembre,sábado,4,-101.166658401489,19.7022031173834
9160,9160,2017,"171085527",2017/09/23,"04:10:00",SUBIDA AL CAMELLÓN,ASFALTO,Lluvioso,Bueno,1,CHEVROLET,BLANCO /AMARILLO Y ROJO,1,,,,SIN DATOS,0,0,Morelia,Las Americas,septiembre,sábado,4,-101.153569221497,19.687526063302
9161,9161,2017,"171085549",2017/09/23,"04:40:00",COLISIÓN POR ALCANCE,ASFALTO,Nublado,Regular,2,HONDA,PLATA,2,,22,FEMENINO,CON CERTIFICADO,0,0,Morelia,Bosques de Oriente,septiembre,sábado,5,-101.155607700348,19.715697142265
9162,9162,2017,"171085623",2017/09/23,"05:50:00",COLISIÓN POR INVASIÓN DE CARRIL,ASFALTO,Lluvioso,Regular,2,NISSAN,BLANCO,1,MINISTERIO PÚBLICO,,,,1,0,Morelia,Irrigacion,septiembre,sábado,6,-101.220645904541,19.7057080371799
9163,9163,2017,"171085757",2017/09/23,"07:30:00",COLISIÓN POR INVASIÓN DE CARRIL,ASFALTO,Bueno,Bueno,2,NISSAN,BLANCO,2,,35,MASCULINO,SIN DATOS,0,0,Morelia,Alberto Oviedo Mota,septiembre,sábado,8,-101.201049685478,19.6805507080749
9164,9164,2017,"171085722",2017/09/23,"07:35:00",COLISIÓN CON PEATÓN,ASFALTO,Nublado,Bueno,3,NISSAN,BLANCO Y ROJO,1,MINISTERIO PÚBLICO,,,,1,0,Morelia,La Soledad,septiembre,sábado,8,-101.184661388397,19.7251806594565
9165,9165,2017,"171086014",2017/09/23,"09:10:00",COLISIÓN POR NO RESPETAR SEMÁFORO,ASFALTO,Nublado,Bueno,2,DODGE,ROJO,2,,47,FEMENINO,SIN DATOS,0,0,Morelia,Gertrudis Bocanegra,septiembre,sábado,9,-101.209359169006,19.7022031173834
9166,9166,2017,"17185947",2017/09/23,"09:30:00",COLISIÓN POR ALCANCE,ASFALTO,Bueno,Bueno,5,VOLKSWAGEN,BLANCO,5,MINISTERIO PÚBLICO,,FEMENINO,SIN DATOS,0,0,Morelia,Alberto Oviedo Mota,septiembre,sábado,10,-101.197820305824,19.6812376500977
9167,9167,2017,"171085961",2017/09/23,"09:30:00",COLISIÓN POR INVASIÓN DE CARRIL,ASFALTO,Bueno,Bueno,2,CHEVROLET,PLATA,2,,31,MASCULINO,SIN DATOS,0,0,Morelia,Alberto Oviedo Mota,septiembre,sábado,10,-101.20099067688,19.6805860654568
9168,9168,2017,"171086207",2017/09/23,10:20:00,COLISIÓN POR ALCANCE,ASFALTO,Bueno,Bueno,2,FORD,BLANCO,2,MINISTERIO PÚBLICO,37,MASCULINO,SIN DATOS,0,0,Morelia,3 de Agosto,septiembre,sábado,10,-101.165606975555,19.7279882381604
9169,9169,2017,"171086179",2017/09/23,10:31:00,COLISIÓN POR ALCANCE,ASFALTO,Bueno,Bueno,2,NISSAN,VERDE,2,,25,MASCULINO,SIN DATOS,0,0,Morelia,Felix Ireta,septiembre,sábado,11,-101.193051338196,19.6823135166107
9170,9170,2017,"171086708",2017/09/23,12:20:00,COLISIÓN POR ALCANCE,ASFALTO,Bueno,Bueno,2,FORD,BLANCO,2,,28,MASCULINO,SIN DATOS,0,0,Morelia,Centro,septiembre,sábado,12,-101.186538934708,19.7046575793623
9171,9171,2017,"171186931",2017/09/23,14:00:00,COLISIÓN POR ALCANCE,ASFALTO,Bueno,Bueno,2,KENWORTH,BLANCO,2,,,MASCULINO,SIN DATOS,0,0,Morelia,Libertad,septiembre,sábado,14,-101.236932277679,19.6849400148311
9172,9172,2017,"1710892",2017/09/23,14:20:00,COLISIÓN POR CAMBIO DE CARRIL,ASFALTO,Nublado,Bueno,2,TOYOTA,BLANCO Y GRIS,2,,51,MASCULINO,SIN DATOS,0,0,Morelia,Centro,septiembre,sábado,14,-101.187826395035,19.6971930699006
9173,9173,2017,"171087172",2017/09/23,14:50:00,COLISIÓN POR ALCANCE,ASFALTO,Bueno,Bueno,2,NISSAN,BLANCO Y AZUL,2,,36,MASCULINO,SIN DATOS,0,0,Morelia,Chapultepec Oriente,septiembre,sábado,15,-101.159126758575,19.6881523656342
9174,9174,2017,,2017/09/23,15:40:00,COLISIÓN POR ALCANCE,CONCRETO,Bueno,Bueno,2,DODGE,CANELA,2,,,MASCULINO,SIN DATOS,0,0,Morelia,Cinco de Diciembre,septiembre,sábado,16,-101.160682439804,19.6880715525677
9175,9175,2017,"171087317",2017/09/23,15:55:00,SALIDA DE SUPERFICIE DE RODAMIENTO,ASFALTO,Bueno,Bueno,1,NISSAN,BLANCO Y ROJO,1,,19,MASCULINO,SIN DATOS,0,0,Morelia,Tenencia Morelos,septiembre,sábado,16,-101.247360706329,19.6493169913157
9176,9176,2017,"171087150",2017/09/23,16:10:00,VOLCADURA,ASFALTO,Bueno,Bueno,1,CHEVROLET,BLANCO,0,,,,,0,0,Acuitzio,Sin datos,septiembre,sábado,16,-101.348576545715,19.5206406172376
9177,9177,2017,"171088498",2017/09/23,21:00:00,COLISIÓN POR CORTE DE CIRCULACIÓN,ASFALTO,Bueno,Bueno,3,JEEP,BLANCO,3,,38,MASCULINO,SIN DATOS,0,0,Morelia,El Eden,septiembre,sábado,21,-101.247489452362,19.6491553259798
9178,9178,2017,"171088486",2017/09/23,21:30:00,COLISIÓN POR CORTE DE CIRCULACIÓN,ASFALTO,Bueno,Bueno,2,DODGE,GRIS,2,,26,MASCULINO,SIN DATOS,0,0,Morelia,Insurgentes,septiembre,sábado,22,-101.155124902725,19.6953243628364
9179,9179,2017,"171088557",2017/09/23,21:40:00,COLISIÓN POR CAMBIO DE CARRIL,ASFALTO,Bueno,Bueno,2,INTERNATIONAL,BLANCO,2,,46,MASCULINO,ALIENTO ETÍLICO,0,0,Morelia,Precursores de La Revolucion,septiembre,sábado,22,-101.175139546394,19.7260289977909
9180,9180,2017,"171088860",2017/09/23,22:55:00,SUBIDA AL CAMELLÓN,ASFALTO,Bueno,Bueno,1,NISSAN,GRIS,1,,34,MASCULINO,CON CERTIFICADO,0,0,Morelia,Elias Perez Avalos,septiembre,sábado,23,-101.165113449097,19.7106067157141
9181,9181,2017,"171089277",2017/09/24,"02:00:00",COLISIÓN CONTRA OBJETO FIJO,ASFALTO,Bueno,Bueno,1,PONTIAC,VERDE,1,,20,MASCULINO,SIN DATOS,0,0,Morelia,Santiaguito,septiembre,domingo,2,-101.188673973083,19.7181816963695
9182,9182,2017,"171089229",2017/09/24,"02:10:00",COLISIÓN POR ALCANCE,ASFALTO,Bueno,Regular,4,FORD,AZUL,1,MINISTERIO PÚBLICO,,,,1,0,Morelia,Las Americas,septiembre,domingo,2,-101.157817840576,19.6915767818435
9183,9183,2017,,2017/09/24,"02:21:00",COLISIÓN CONTRA OBJETO FIJO,ASFALTO,Bueno,Bueno,1,MAZDA,GRIS,1,,0,,SIN DATOS,0,0,Morelia,Ciudad Industrial,septiembre,domingo,2,-101.142904758453,19.7253624466215
9184,9184,2017,"171089308",2017/09/24,"03:00:00",COLISIÓN POR ALCANCE,ASFALTO,Bueno,Bueno,2,VOLKSWAGEN,PLATA,2,,46,MASCULINO,SIN DATOS,0,0,Morelia,Loma de Los Piñones,septiembre,domingo,3,-101.205121278763,19.6741508934208
9185,9185,2017,"171089341",2017/09/24,"03:00:00",COLISIÓN POR CORTE DE CIRCULACIÓN,ASFALTO,Bueno,Bueno,1,RENAULT,ROJO,0,,,,,0,0,Morelia,Fresnos,septiembre,domingo,3,-101.208425760269,19.6818791300621
9186,9186,2017,"171092955",2017/09/24,"03:30:00",COLISIÓN POR CORTE DE CIRCULACIÓN,ASFALTO,Nublado,Bueno,2,CHEVROLET,BLANCO,2,,0,,SIN DATOS,0,0,Morelia,Centro,septiembre,domingo,4,-101.187869310379,19.6958496232427
9187,9187,2017,"171089493",2017/09/24,"04:00:00",SALIDA DE SUPERFICIE DE RODAMIENTO,ASFALTO,Bueno,Bueno,1,CHEVROLET,CAFE/GRIS,0,,,,,0,0,Morelia,El Durazno,septiembre,domingo,4,-101.180627346039,19.6569756999529
9188,9188,2017,"171089655",2017/09/24,"08:10:00",SUBIDA AL CAMELLÓN,CONCRETO,Bueno,Bueno,1,CHEVROLET,AMARILLO,2,MINISTERIO PÚBLICO,36,MASCULINO,SIN DATOS,1,0,Morelia,Dr Miguel Silva,septiembre,domingo,8,-101.186335086823,19.7203329254392
9189,9189,2017,"171089824",2017/09/24,"09:43:00",COLISIÓN CON PEATÓN,ASFALTO,Nublado,Regular,1,NISSAN,PLATA,2,,32,MASCULINO,SIN DATOS,1,0,Morelia,San Jose Itzicuaro,septiembre,domingo,10,-101.299910545349,19.6875058599602
9190,9190,2017,"171090134",2017/09/24,11:00:00,COLISIÓN POR ALCANCE,ASFALTO,Bueno,Bueno,2,FORD,BLANCO,2,,41,,SIN DATOS,0,0,Morelia,Lomas de Huerta,septiembre,domingo,11,-101.213479042053,19.67396904807
9191,9191,2017,,2017/09/24,11:30:00,SALIDA DE SUPERFICIE DE RODAMIENTO,ASFALTO,Bueno,Bueno,1,FORD,BLANCO,1,,44,MASCULINO,ALIENTO ETÍLICO,0,0,Huandacareo,Sin datos,septiembre,domingo,12,-101.255922317505,19.994926028453
9192,9192,2017,"171090774",2017/09/24,13:20:00,COLISIÓN POR CAMBIO DE CARRIL,ASFALTO,Bueno,Bueno,2,INTERNATIONAL,ROJO,2,,22,MASCULINO,SIN DATOS,0,0,Morelia,Jardines de Sindurio,septiembre,domingo,13,-101.256340742111,19.6975567076583
9193,9193,2017,"171090668",2017/09/24,13:25:00,COLISIÓN CONTRA OBJETO FIJO,CONCRETO,Nublado,Regular,1,VOLKSWAGEN,ROJO,2,MINISTERIO PÚBLICO,,,,2,0,Morelia,Santiaguito,septiembre,domingo,13,-101.189832687378,19.7155860434154
9194,9194,2017,,2017/09/24,14:30:00,COLISIÓN POR ALCANCE,ASFALTO,Bueno,Bueno,2,TOYOTA,CREMA,1,MINISTERIO PÚBLICO,15,MASCULINO,SIN DATOS,0,0,Hidalgo,Sin datos,septiembre,domingo,15,-100.609874725342,19.69795064763
9195,9195,2017,"171090657",2017/09/24,14:40:00,COLISIÓN POR ALCANCE,ASFALTO,Bueno,Bueno,2,CHRYSLER,GUINDA,2,,39,MASCULINO,CON CERTIFICADO,0,0,Morelia,Montaña Monarca,septiembre,domingo,15,-101.164877414703,19.6658262058945
9196,9196,2017,?171090904,2017/09/24,14:45:00,COLISIÓN POR CORTE DE CIRCULACIÓN,ASFALTO,Nublado,Regular,2,SIN DATOS,SIN DATOS,1,,,,,1,0,Morelia,Isaac Arriaga,septiembre,domingo,15,-101.174163222313,19.7089793105442
9197,9197,2017,"171091043",2017/09/24,15:00:00,COLISIÓN POR ALCANCE,CONCRETO,Bueno,Bueno,2,YAMAHA,BLANCO/AZUL,2,,21,MASCULINO,SIN DATOS,0,0,Morelia,La Rinconada,septiembre,domingo,15,-101.157785654068,19.6916272889091
9198,9198,2017,"171091174",2017/09/24,15:15:00,COLISIÓN POR CORTE DE CIRCULACIÓN,ASFALTO,Bueno,Bueno,1,MITZUBISHI,NEGRO,1,,34,MASCULINO,SIN DATOS,0,0,Morelia,Tzindurio Sarh,septiembre,domingo,15,-101.240419149399,19.6926929842781
9199,9199,2017,,2017/09/24,15:30:00,COLISIÓN POR INVASIÓN DE CARRIL,ASFALTO,Lluvioso,Regular,2,NISSAN,BLANCO,0,MINISTERIO PÚBLICO,,,,0,0,Morelia,Sin datos,septiembre,domingo,16,-101.351237297058,19.5330174211464
9200,9200,2017,,2017/09/24,17:45:00,COLISIÓN POR ALCANCE,CONCRETO,Lluvioso,Regular,2,CHEVROLET,BLANCO,4,,35,MASCULINO,SIN DATOS,2,0,Lagunillas,El Pedregal,septiembre,domingo,18,-101.41453742981,19.5600327691927
9201,9201,2017,"171084461",2017/09/24,19:50:00,COLISIÓN POR CORTE DE CIRCULACIÓN,ASFALTO,Bueno,Bueno,2,NISSAN,BLANCO/NEGRO,5,,27,MASCULINO,SIN DATOS,3,0,Morelia,Chapultepec Oriente,septiembre,domingo,20,-101.162264943123,19.6932839118281
9202,9202,2017,"171092138",2017/09/24,20:30:00,COLISIÓN CONTRA OBJETO FIJO,ASFALTO,Lluvioso,Bueno,1,VOLKSWAGEN,ROJO,1,,37,MASCULINO,SIN DATOS,0,0,Morelia,San Jose Itzicuaro,septiembre,domingo,21,-101.30001783371,19.687566469978
9203,9203,2017,"171092026",2017/09/24,20:55:00,COLISIÓN POR CAMBIO DE CARRIL,ASFALTO,Bueno,Bueno,2,VOLKSWAGEN,GRIS,2,,34,MASCULINO,SIN DATOS,0,0,Morelia,Tzindurio de Morelos,septiembre,domingo,21,-101.244034767151,19.7001728549475
9205,9205,2017,"171092266",2017/09/24,21:24:00,COLISIÓN POR INVASIÓN DE CARRIL,CONCRETO,Bueno,Bueno,2,YAMAHA,BLANCO,3,,24,MASCULINO,SIN DATOS,1,0,Morelia,Guadalupe,septiembre,domingo,21,-101.221107244492,19.7078695344503
9206,9206,2017,"171092561",2017/09/24,21:35:00,COLISIÓN POR CORTE DE CIRCULACIÓN,ASFALTO,Lluvioso,Regular,2,NISSAN,BLANCO/ROJO,2,,57,MASCULINO,SIN DATOS,0,0,Morelia,Centro,septiembre,domingo,22,-101.200293302536,19.7051979599665
9207,9207,2017,"171092253",2017/09/24,21:40:00,COLISIÓN POR CAMBIO DE CARRIL,ASFALTO,Nublado,Regular,2,INFINITY,BLANCO,2,,30,MASCULINO,SIN DATOS,0,0,Tarímbaro,Sin datos,septiembre,domingo,22,-101.178417205811,19.7522495196258
9208,9208,2017,"171092271",2017/09/24,22:00:00,COLISIÓN POR ALCANCE,ASFALTO,Bueno,Bueno,2,HONDA,ARENA,2,,47,,SIN DATOS,0,0,Morelia,Sin datos,septiembre,domingo,22,-101.174817681313,19.7450548311088
9209,9209,2017,"171092484",2017/09/24,22:35:00,CAIDA DE MOTOCICLETA,CONCRETO,Nublado,Bueno,1,KEEWAY,VERDE,1,,20,,SIN DATOS,0,0,Morelia,El Cipres,septiembre,domingo,23,-101.270980238915,19.7050969543848
9210,9210,2017,,2017/09/25,"05:55:00",COLISIÓN POR ALCANCE,ASFALTO,Bueno,Bueno,1,NISSAN,ROJO,0,,,,,0,0,Pátzcuaro,Centro,septiembre,lunes,6,-101.61386847496,19.5375775893828
9211,9211,2017,"171093019",2017/09/25,"06:30:00",COLISIÓN POR NO RESPETAR SEMÁFORO,ASFALTO,Bueno,Bueno,2,FORD,AZUL,2,,47,MASCULINO,SIN DATOS,0,0,Morelia,Comision Federal de Electricidad,septiembre,lunes,7,-101.181356906891,19.6817680077325
9212,9212,2017,"171093149",2017/09/25,"08:00:00",COLISIÓN CON PEATÓN,ASFALTO,Bueno,Bueno,1,HONDA,BLANCO,0,,,,,0,0,Morelia,Sin datos,septiembre,lunes,8,-101.346473693848,19.5423196232966
9213,9213,2017,"171093203",2017/09/25,"08:00:00",COLISIÓN POR NO RESPETAR SEMÁFORO,ASFALTO,Bueno,Bueno,2,CHEVROLET,ARENA,2,,48,FEMENINO,SIN DATOS,0,0,Morelia,Rafael Carrillo,septiembre,lunes,8,-101.23633146286,19.7078291329001
9214,9214,2017,"171093422",2017/09/25,"09:15:00",COLISIÓN POR CORTE DE CIRCULACIÓN,ASFALTO,Bueno,Bueno,2,TOYOTA,GRIS,2,,20,FEMENINO,SIN DATOS,0,0,Morelia,Camelinas,septiembre,lunes,9,-101.171196699142,19.6813336197046
9215,9215,2017,"171093400",2017/09/25,"09:25:00",COLISIÓN POR ALCANCE,ASFALTO,Bueno,Bueno,3,DODGE,ROJO,3,,22,MASCULINO,SIN DATOS,0,0,Morelia,Enrique Arreguin Robles,septiembre,lunes,9,-101.186549663544,19.7206561122816
9216,9216,2017,"171093480",2017/09/25,10:00:00,COLISIÓN POR ALCANCE,CONCRETO,Bueno,Regular,2,VOLKSWAGEN,GRIS,2,MINISTERIO PÚBLICO,,,SIN DATOS,0,0,Morelia,Ventura Puente,septiembre,lunes,10,-101.192718744278,19.6916575931408
9217,9217,2017,"171094076",2017/09/25,12:00:00,COLISIÓN POR INVASIÓN DE CARRIL,CONCRETO,Bueno,Bueno,2,FREIGHTLINER,BLANCO,2,,,MASCULINO,SIN DATOS,0,0,Morelia,Villas del Real,septiembre,lunes,12,-101.199456453323,19.7314976421635
9218,9218,2017,"171094216",2017/09/25,14:10:00,COLISIÓN POR CORTE DE CIRCULACIÓN,CONCRETO,Bueno,Bueno,2,ITALIKA,BLANCO Y NEGRO,3,MINISTERIO PÚBLICO,,,SIN DATOS,1,0,Morelia,Jose Ma Pino Suarez,septiembre,lunes,14,-101.162388324738,19.720948999793
9219,9219,2017,"171094732",2017/09/25,14:50:00,COLISIÓN POR CAMBIO DE CARRIL,ASFALTO,Bueno,Bueno,2,VOLKSWAGEN,ROJO,2,,43,FEMENINO,SIN DATOS,0,0,Morelia,Ana Maria Gallaga (Riviera Norte),septiembre,lunes,15,-101.222984790802,19.6766815531336
9220,9220,2017,"171099738",2017/09/25,15:10:00,COLISIÓN POR CORTE DE CIRCULACIÓN,ASFALTO,Bueno,Regular,1,SIN DATOS,SIN DATO,1,,,,,1,0,Morelia,El Lago 2,septiembre,lunes,15,-101.216821074486,19.7269593874824
9221,9221,2017,"171095171",2017/09/25,16:00:00,COLISIÓN POR ALCANCE,ASFALTO,Bueno,Bueno,2,NISSAN,BLANCO,2,,28,MASCULINO,SIN DATOS,0,0,Morelia,La Hacienda,septiembre,lunes,16,-101.316014528275,19.6773584094358
9222,9222,2017,"1711095293",2017/09/25,17:15:00,COLISIÓN POR ALCANCE,ASFALTO,Bueno,Bueno,2,MITSUBISHI,AZUL,2,,50,MASCULINO,SIN DATOS,0,0,Morelia,Primaveras,septiembre,lunes,17,-101.225731372833,19.6814144361711
9223,9223,2017,"171095383",2017/09/25,17:40:00,COLISIÓN POR CORTE DE CIRCULACIÓN,ASFALTO,Bueno,Bueno,2,DODGE,GRIS,2,,18,FEMENINO,SIN DATOS,0,0,Morelia,Vasco de Quiroga,septiembre,lunes,18,-101.176807880402,19.6993849849749
9224,9224,2017,"171096670",2017/09/25,23:10:00,COLISIÓN POR CORTE DE CIRCULACIÓN,CONCRETO,Lluvioso,Regular,2,NISSAN,CAFE,2,,29,MASCULINO,SIN DATOS,0,0,Morelia,Santa Maria,septiembre,lunes,23,-101.200389862061,19.6782284686539
9225,9225,2017,"171097184",2017/09/26,"08:10:00",COLISIÓN POR CORTE DE CIRCULACIÓN,ASFALTO,Nublado,Bueno,2,CHEVROLET,ROJO,2,,55,MASCULINO,SIN DATOS,0,0,Morelia,Vasco de Quiroga,septiembre,martes,8,-101.175327301025,19.7050060493067
9226,9226,2017,"171097137",2017/09/26,"08:10:00",COLISIÓN POR CAMBIO DE CARRIL,CONCRETO,Bueno,Bueno,2,CHEVROLET,GRIS,2,,56,FEMENINO,SIN DATOS,0,0,Morelia,Centro,septiembre,martes,8,-101.187450885773,19.7047181828854
9227,9227,2017,"171097209",2017/09/26,"08:20:00",COLISIÓN POR CAMBIO DE CARRIL,ASFALTO,Nublado,Bueno,3,JEEP,PLATA,3,,35,FEMENINO,SIN DATOS,0,0,Morelia,Sin datos,septiembre,martes,8,-101.315059661865,19.6873240297691
9228,9228,2017,"171097378",2017/09/26,"09:40:00",COLISIÓN POR CORTE DE CIRCULACIÓN,ASFALTO,Bueno,Bueno,2,TOYOTA,BLANCO,3,,46,MASCULINO,SIN DATOS,1,0,Morelia,Reforma,septiembre,martes,10,-101.241738796234,19.7068392917308
9229,9229,2017,"171097928",2017/09/26,11:52:00,COLISIÓN POR CORTE DE CIRCULACIÓN,ASFALTO,Bueno,Bueno,2,FORD,BLANCO Y ROJO,2,,56,MASCULINO,SIN DATOS,0,0,Morelia,Tzindurio de Morelos,septiembre,martes,12,-101.244099140167,19.7001324514535
9230,9230,2017,"1710459212",2017/09/26,12:00:00,SUBIDA AL CAMELLÓN,CONCRETO,Bueno,Bueno,1,CHEVROLET,BLANCO,1,,46,MASCULINO,ALIENTO ETÍLICO,0,0,Morelia,Bosques Tres Marias,septiembre,martes,12,-101.104238033295,19.7245141047485
9231,9231,2017,"171097964",2017/09/26,12:20:00,COLISIÓN POR CAMBIO DE CARRIL,ASFALTO,Bueno,Bueno,2,KENWORTH,BLANCO,2,,41,MASCULINO,SIN DATOS,0,0,Morelia,Ciudad Industrial,septiembre,martes,12,-101.143012046814,19.7253826451827
9232,9232,2017,"1710979800",2017/09/26,12:25:00,COLISIÓN POR CORTE DE CIRCULACIÓN,ASFALTO,Bueno,Bueno,2,FORD,BLANCO,2,,47,MASCULINO,SIN DATOS,0,0,Morelia,Nueva Chapultepec,septiembre,martes,12,-101.170563697815,19.6872179620622
9233,9233,2017,"171098153",2017/09/26,13:00:00,COLISIÓN POR CORTE DE CIRCULACIÓN,ASFALTO,Bueno,Bueno,2,SUZUKI,ROJO,2,,32,MASCULINO,SIN DATOS,0,0,Morelia,Chapultepec Oriente,septiembre,martes,13,-101.159352064133,19.6899959026358
9234,9234,2017,"171098695",2017/09/26,14:55:00,VOLCADURA,ASFALTO,Bueno,Bueno,1,FORD,AZUL,1,,25,MASCULINO,SIN DATOS,0,0,Morelia,Solidaridad,septiembre,martes,15,-101.205732822418,19.7340172961947
9235,9235,2017,"171098478",2017/09/26,14:55:00,COLISIÓN POR CORTE DE CIRCULACIÓN,CONCRETO,Bueno,Bueno,2,FORD,BLANCO,2,MINISTERIO PÚBLICO,26,MASCULINO,SIN DATOS,0,0,Morelia,Granjas del Maestro,septiembre,martes,15,-101.192246675491,19.7124247437989
9237,9237,2017,"171098948",2017/09/26,16:00:00,COLISIÓN POR CORTE DE CIRCULACIÓN,ASFALTO,Bueno,Regular,2,CHEVROLET,ROJO,4,MINISTERIO PÚBLICO,26,FEMENINO,SIN DATOS,1,1,Morelia,Solidaridad,septiembre,martes,16,-101.205239295959,19.7257765166145
9238,9238,2017,"171099411",2017/09/26,16:37:00,COLISIÓN POR ALCANCE,ASFALTO,Bueno,Bueno,2,KENWORTH,BLANCO,2,,29,MASCULINO,SIN DATOS,0,0,Morelia,Los Manantiales de Morelia,septiembre,martes,17,-101.24033331871,19.6928394537032