fid,id_accidente,anio_origen,folio_c5i,dia_incidente,hora_ocurrencia,tipo_incidente_vial,superficie_ocurrencia,condiciones_climaticas,condiciones_via,numero_vehiculos_involucrados,marca_vehiculo_ocasiona_siniestro,color_vehiculo_ocasiona_siniestro,numero_personas_involucradas,lugar_remite_presunto_responsable,edad_presunto_responsable,sexo_presunto_responsable,resultados_toxicologia,numero_personas_lesionadas,numero_personas_fallecidas,municipio,colonia,mes,dia_semana,hora_redondeada,lon,lat
9239,9239,2017,"171099508",2017/09/26,17:45:00,COLISIÓN POR ALCANCE,ASFALTO,Bueno,Bueno,3,DODGE,PLATA,2,,51,MASCULINO,SIN DATOS,0,0,Morelia,Jardines del Toreo,septiembre,martes,18,-101.214208602905,19.6881321623714
9240,9240,2017,"171099817",2017/09/26,19:00:00,COLISIÓN POR CAMBIO DE CARRIL,ASFALTO,Bueno,Bueno,2,FORD,PLATINO,2,,72,MASCULINO,SIN DATOS,0,0,Morelia,Centro,septiembre,martes,19,-101.195199787617,19.7026677509354
9241,9241,2017,"171361901",2017/09/26,20:40:00,COLISIÓN POR CORTE DE CIRCULACIÓN,ASFALTO,Bueno,Bueno,2,ITALIKA,NEGRO,2,,32,FEMENINO,SIN DATOS,0,0,Morelia,Cruz del Barreno,septiembre,martes,21,-101.208404302597,19.7235092177745
9242,9242,2017,"171100",2017/09/26,20:40:00,COLISIÓN POR CAMBIO DE CARRIL,ASFALTO,Bueno,Bueno,2,DODGE,PLATINO,2,,32,MASCULINO,SIN DATOS,0,0,Morelia,Alberto Oviedo Mota,septiembre,martes,21,-101.195948123932,19.6825559644047
9243,9243,2017,"171100539",2017/09/26,21:30:00,COLISIÓN POR CAMBIO DE CARRIL,ASFALTO,Bueno,Bueno,2,KENWORTH,ROJO,2,,25,MASCULINO,SIN DATOS,0,0,Morelia,Lomas del Tecnologico,septiembre,martes,22,-101.190331578255,19.7220902460107
9244,9244,2017,,2017/09/26,23:30:00,VOLCADURA,ASFALTO,Bueno,Bueno,1,TOYOTA,NEGRO,1,,23,MASCULINO,SIN DATOS,0,0,Pátzcuaro,Sin datos,septiembre,martes,0,-101.676149368286,19.512307986585
9245,9245,2017,"171101060",2017/09/27,"06:50:00",COLISIÓN POR ALCANCE,ASFALTO,Bueno,Bueno,2,NISSAN,BLANCO,2,,47,MASCULINO,SIN DATOS,0,0,Morelia,Bonanza,septiembre,miércoles,7,-101.202253997326,19.6569554927595
9246,9246,2017,"171101793",2017/09/27,"08:07:00",COLISIÓN POR ALCANCE,CONCRETO,Bueno,Bueno,2,ITALIKA,ROJO,2,,67,MASCULINO,SIN DATOS,0,0,Morelia,Ignacio Lopez Rayon,septiembre,miércoles,8,-101.250579357147,19.6907383622269
9247,9247,2017,"171101237",2017/09/27,"08:50:00",COLISIÓN CONTRA OBJETO FIJO,ASFALTO,Bueno,Bueno,1,CHEVROLET,GRIS,1,,,MASCULINO,SIN DATOS,0,0,Morelia,Tzindurio de Morelos,septiembre,miércoles,9,-101.245847940445,19.699682961895
9248,9248,2017,"171101293",2017/09/27,"09:10:00",COLISIÓN POR CAMBIO DE CARRIL,ASFALTO,Bueno,Bueno,2,NISSAN,BLANCO,2,,38,MASCULINO,SIN DATOS,0,0,Morelia,Juarez,septiembre,miércoles,9,-101.195433139801,19.6934000768164
9249,9249,2017,"171101733",2017/09/27,11:35:00,CAIDA DE MOTOCICLETA,CONCRETO,Bueno,Bueno,1,ITALIKA,NEGRO,1,,,,,1,0,Morelia,Prados Verdes,septiembre,miércoles,12,-101.205212473869,19.72174686305
9250,9250,2017,"171102528",2017/09/27,14:45:00,COLISIÓN POR ALCANCE,ASFALTO,Bueno,Bueno,3,NISSAN,NEGRO,3,MINISTERIO PÚBLICO,39,FEMENINO,SIN DATOS,0,0,Morelia,Comision Federal de Electricidad,septiembre,miércoles,15,-101.177129745483,19.6819094361386
9251,9251,2017,"171102377",2017/09/27,14:50:00,COLISIÓN POR CORTE DE CIRCULACIÓN,CONCRETO,Bueno,Bueno,2,MITSUBISHI,AZUL,2,,63,FEMENINO,SIN DATOS,0,0,Morelia,Chapultepec Norte,septiembre,miércoles,15,-101.174002289772,19.6964885193941
9252,9252,2017,"171102623",2017/09/27,15:20:00,COLISIÓN POR ALCANCE,CONCRETO,Bueno,Bueno,2,JEEP,BLANCO,2,,,FEMENINO,SIN DATOS,0,0,Morelia,Chapultepec Sur,septiembre,miércoles,15,-101.169812679291,19.6907484636942
9254,9254,2017,"171102966",2017/09/27,17:05:00,COLISIÓN POR CORTE DE CIRCULACIÓN,ASFALTO,Bueno,Bueno,2,FREIGHTLINER,ROJO,2,,30,MASCULINO,SIN DATOS,0,0,Morelia,Lazaro Cardenas,septiembre,miércoles,17,-101.165478229523,19.7102532078531
9255,9255,2017,"171103323",2017/09/27,18:00:00,COLISIÓN POR CAMBIO DE CARRIL,ASFALTO,Bueno,Bueno,2,FORD,BLANCO,2,,32,MASCULINO,SIN DATOS,0,0,Morelia,Popular Pogreso,septiembre,miércoles,18,-101.200035810471,19.7205753156322
9256,9256,2017,"171103185",2017/09/27,18:20:00,CAIDA DE MOTOCICLETA,ASFALTO,Bueno,Bueno,1,ITALIKA,AMARILLO,1,,27,MASCULINO,SIN DATOS,0,0,Morelia,Alberto Oviedo Mota,septiembre,miércoles,18,-101.195561885834,19.6871219959812
9257,9257,2017,"171103208",2017/09/27,18:35:00,COLISIÓN POR NO RESPETAR SEMÁFORO,ASFALTO,Bueno,Bueno,3,FORD,PLATA,3,,52,MASCULINO,SIN DATOS,0,0,Morelia,San Rafael,septiembre,miércoles,19,-101.153333187103,19.6994556914129
9258,9258,2017,"171101339",2017/09/27,18:44:00,COLISIÓN POR CORTE DE CIRCULACIÓN,ASFALTO,Nublado,Bueno,1,HONDA,BLANCO,1,,24,MASCULINO,SIN DATOS,0,0,Morelia,Nueva Valladolid,septiembre,miércoles,19,-101.211960911751,19.7018950443931
9259,9259,2017,"17113279",2017/09/27,18:45:00,COLISIÓN POR CORTE DE CIRCULACIÓN,SIN_DATOS,Bueno,Bueno,1,YAMAHA,VERDE,2,,22,MASCULINO,SIN DATOS,1,0,Morelia,Isaac Arriaga,septiembre,miércoles,19,-101.173947304487,19.7066145565304
9260,9260,2017,,2017/09/27,19:25:00,VOLCADURA,ASFALTO,Lluvioso,Bueno,1,NISSAN,BLANCO,1,,,,,1,0,Pátzcuaro,Santa Teresita,septiembre,miércoles,19,-101.605424880981,19.5105281457326
9261,9261,2017,"171104558",2017/09/27,20:45:00,COLISIÓN POR CORTE DE CIRCULACIÓN,SIN_DATOS,Lluvioso,Regular,2,TOYOTA,BLANCO Y GRIS,2,,,MASCULINO,SIN DATOS,0,0,Morelia,Alberto Oviedo Mota,septiembre,miércoles,21,-101.196140686849,19.6817272495021
9262,9262,2017,"171104158",2017/09/27,21:00:00,SUBIDA AL CAMELLÓN,ASFALTO,Lluvioso,Regular,1,VOLKSWAGEN,AZUL,1,,46,FEMENINO,SIN DATOS,0,0,Morelia,Los Manantiales de Morelia,septiembre,miércoles,21,-101.241438388824,19.6954859816065
9263,9263,2017,"171103860",2017/09/27,21:00:00,COLISIÓN CON PEATÓN,ASFALTO,Lluvioso,Bueno,2,NISSAN,BLANCO,2,,44,FEMENINO,SIN DATOS,1,0,Morelia,La Colina,septiembre,miércoles,21,-101.216134428978,19.7039404359289
9264,9264,2017,"171103952",2017/09/27,21:15:00,COLISIÓN POR CORTE DE CIRCULACIÓN,CONCRETO,Lluvioso,Bueno,2,CHEVROLET,BLANCO,2,,38,FEMENINO,SIN DATOS,0,0,Morelia,Felix Ireta,septiembre,miércoles,21,-101.188298463821,19.6841722736524
9265,9265,2017,"170103716",2017/09/27,21:35:00,COLISIÓN POR CORTE DE CIRCULACIÓN,ASFALTO,Lluvioso,Bueno,3,TOYOTA,BLANCO,4,,20,FEMENINO,SIN DATOS,1,0,Morelia,Morelos,septiembre,miércoles,22,-101.205925941467,19.6987183227375
9266,9266,2017,"171103994",2017/09/27,21:50:00,SUBIDA AL CAMELLÓN,ASFALTO,Lluvioso,Regular,1,CHEVROLET,BLANCO,1,,43,MASCULINO,SIN DATOS,0,0,Morelia,Arcos del Valle,septiembre,miércoles,22,-101.236299276352,19.7077281289798
9267,9267,2017,,2017/09/27,23:00:00,COLISIÓN POR ALCANCE,ASFALTO,Lluvioso,Malo,2,VOLKWAGEN,NEGRO,0,,,,,0,0,Queréndaro,Centro,septiembre,miércoles,23,-100.893030166626,19.8091039052578
9268,9268,2017,"171104724",2017/09/28,"07:55:00",COLISIÓN POR CAMBIO DE CARRIL,ASFALTO,Nublado,Regular,2,JEEP,BLANCO,2,MINISTERIO PÚBLICO,26,MASCULINO,SIN DATOS,0,0,Morelia,Alberto Oviedo Mota,septiembre,jueves,8,-101.195905208588,19.6816467832851
9269,9269,2017,"171048725",2017/09/28,"08:20:00",COLISIÓN POR INVASIÓN DE CARRIL,ASFALTO,Bueno,Bueno,2,KENWORTH,BLANCO,2,,50,MASCULINO,SIN DATOS,0,0,Morelia,Los Manantiales de Morelia,septiembre,jueves,8,-101.241973489523,19.69670190509
9270,9270,2017,"171104733",2017/09/28,"08:35:00",COLISIÓN POR ALCANCE,ASFALTO,Bueno,Bueno,2,ITALIKA,NEGRO,1,,42,,SIN DATOS,0,0,Morelia,Eva Samano,septiembre,jueves,9,-101.199086308479,19.7304524032769
9271,9271,2017,"171104827",2017/09/28,"09:10:00",COLISIÓN POR ALCANCE,ASFALTO,Bueno,Bueno,3,MITSUBISHI,GRIS,3,,25,MASCULINO,SIN DATOS,0,0,Morelia,Tinijaro,septiembre,jueves,9,-101.264526844025,19.6962536685361
9272,9272,2017,"171105951",2017/09/28,14:20:00,COLISIÓN POR INVASIÓN DE CARRIL,ASFALTO,Bueno,Bueno,2,NISSAN,BLANCO,2,,65,MASCULINO,SIN DATOS,0,0,Morelia,Las Americas,septiembre,jueves,14,-101.156680583954,19.6877887065137
9273,9273,2017,,2017/09/28,14:40:00,COLISIÓN POR ALCANCE,ASFALTO,Nublado,Regular,2,MITSUBISHI,GRIS,2,,61,FEMENINO,SIN DATOS,0,0,Morelia,Camelinas,septiembre,jueves,15,-101.174208819866,19.6818841810753
9274,9274,2017,"171105838",2017/09/28,14:40:00,COLISIÓN POR CORTE DE CIRCULACIÓN,CONCRETO,Bueno,Regular,2,NISSAN,VERDE,2,,47,MASCULINO,SIN DATOS,0,0,Morelia,Centro,septiembre,jueves,15,-101.191560029984,19.7030414769438
9275,9275,2017,,2017/09/28,15:30:00,COLISIÓN CONTRA OBJETO FIJO,ASFALTO,Bueno,Bueno,1,ISUZU,BLANCO,1,,,MASCULINO,SIN DATOS,0,0,Cuitzeo,Centro,septiembre,jueves,16,-101.139647,19.968544
9276,9276,2017,"171106161",2017/09/28,16:00:00,COLISIÓN POR CORTE DE CIRCULACIÓN,ASFALTO,Nublado,Bueno,2,SIN DATOS,SIN DATOS,1,,43,MASCULINO,SIN DATOS,0,0,Morelia,Vasco de Quiroga,septiembre,jueves,16,-101.175828874111,19.6998370005938
9277,9277,2017,"171106284",2017/09/28,16:15:00,COLISIÓN POR CAMBIO DE CARRIL,ASFALTO,Bueno,Bueno,2,NISSAN,BLANCO,2,,20,MASCULINO,SIN DATOS,0,0,Morelia,Cosmos,septiembre,jueves,16,-101.216933727264,19.6825761683709
9278,9278,2017,"171106232",2017/09/28,16:15:00,COLISIÓN POR CORTE DE CIRCULACIÓN,ASFALTO,Lluvioso,Regular,2,TOYOTA,SUPER WHITE,2,,30,MASCULINO,SIN DATOS,0,0,Morelia,Chapultepec Sur,septiembre,jueves,16,-101.172055006027,19.6911222175361
9279,9279,2017,"171106245",2017/09/28,16:20:00,COLISIÓN POR CORTE DE CIRCULACIÓN,CONCRETO,Bueno,Bueno,2,KURAZA,ROJO,0,MINISTERIO PÚBLICO,,,,0,0,Morelia,Puerta Nogal,septiembre,jueves,16,-101.241357922554,19.6726153039726
9280,9280,2017,"171106479",2017/09/28,17:20:00,COLISIÓN POR CORTE DE CIRCULACIÓN,ASFALTO,Lluvioso,Regular,2,NISSAN,PLATA,2,,74,MASCULINO,SIN DATOS,0,0,Morelia,Obrera,septiembre,jueves,17,-101.185369491577,19.7083493020797
9281,9281,2017,LEG9736,2017/09/28,17:30:00,COLISIÓN CONTRA OBJETO FIJO,ASFALTO,Nublado,Regular,2,VOLKSWAGEN,PLATA,2,,64,FEMENINO,SIN DATOS,0,0,Morelia,Centro,septiembre,jueves,18,-101.200180649757,19.7040919453728
9282,9282,2017,"171106507",2017/09/28,18:00:00,COLISIÓN POR CORTE DE CIRCULACIÓN,CONCRETO,Nublado,Bueno,2,DODGE,AZUL,2,,38,MASCULINO,SIN DATOS,0,0,Morelia,Centro,septiembre,jueves,18,-101.200186014175,19.7041525491102
9283,9283,2017,"171107097",2017/09/28,19:25:00,COLISIÓN POR ALCANCE,ASFALTO,Bueno,Bueno,2,CHEVROLET,ROJO,2,,28,MASCULINO,SIN DATOS,0,0,Morelia,Los Ciruelos,septiembre,jueves,19,-101.232318878174,19.6684731801188
9284,9284,2017,"171107387",2017/09/28,21:05:00,COLISIÓN POR ALCANCE,ASFALTO,Bueno,Bueno,3,FORD,GRIS,3,,17,MASCULINO,SIN DATOS,0,0,Morelia,Alberto Oviedo Mota,septiembre,jueves,21,-101.19638800621,19.681384130001
9285,9285,2017,"171107635",2017/09/28,21:50:00,SUBIDA AL CAMELLÓN,ASFALTO,Bueno,Bueno,1,FORD,BLANCO,1,,38,MASCULINO,ALIENTO ETÍLICO,0,0,Morelia,La Soledad,septiembre,jueves,22,-101.183245182037,19.7299272565209
9286,9286,2017,"171107855",2017/09/29,"00:50:00",COLISIÓN POR ALCANCE,ASFALTO,Bueno,Bueno,3,HONDA,GRIS,3,,28,FEMENINO,SIN DATOS,0,0,Morelia,La Esperanza,septiembre,viernes,1,-101.254312992096,19.6979304456037
9287,9287,2017,"17108030",2017/09/29,"05:33:00",SUBIDA AL CAMELLÓN,ASFALTO,Bueno,Bueno,1,SEAT,MIEL,1,,42,MASCULINO,SIN DATOS,0,0,Morelia,Sin datos,septiembre,viernes,6,-101.16464138031,19.6585720601886
9289,9289,2017,"171108192",2017/09/29,"08:20:00",COLISIÓN CON PEATÓN,CONCRETO,Bueno,Bueno,1,VOLKSWAGEN,ARENA,1,,,,,1,0,Morelia,Comision Federal de Electricidad,septiembre,viernes,8,-101.17931842804,19.6817275995936
9290,9290,2017,"171108356",2017/09/29,"09:35:00",COLISIÓN POR CAMBIO DE CARRIL,CONCRETO,Bueno,Bueno,2,VOLKSWAGEN,BLANCO,2,,26,MASCULINO,SIN DATOS,0,0,Morelia,Matamoros,septiembre,viernes,10,-101.166143417358,19.6964253874769
9291,9291,2017,"171108603",2017/09/29,10:40:00,COLISIÓN POR CORTE DE CIRCULACIÓN,ASFALTO,Lluvioso,Regular,2,HONDA,AZUL,2,MINISTERIO PÚBLICO,0,MASCULINO,SIN DATOS,0,0,Morelia,Canteras de Morelia,septiembre,viernes,11,-101.173889636993,19.7166566291175
9292,9292,2017,"171108639",2017/09/29,10:45:00,SUBIDA AL CAMELLÓN,ASFALTO,Lluvioso,Bueno,1,FORD,VERDE,1,,18,MASCULINO,SIN DATOS,0,0,Morelia,Diego Rivera,septiembre,viernes,11,-101.175981760025,19.7182422947678
9293,9293,2017,"171108803",2017/09/29,10:47:00,COLISIÓN POR ALCANCE,ASFALTO,Bueno,Bueno,2,FREIGHTLINER,BLANCO,2,,45,MASCULINO,SIN DATOS,0,0,Morelia,Elias Perez Avalos,septiembre,viernes,11,-101.168096065521,19.7120510397135
9294,9294,2017,,2017/09/29,12:45:00,COLISIÓN POR ALCANCE,ASFALTO,Bueno,Bueno,3,NISSAN,ROJO,3,,,MASCULINO,SIN DATOS,0,0,Juárez,Sin datos,septiembre,viernes,13,-100.442590713501,19.3070122229835
9295,9295,2017,"171109555",2017/09/29,14:45:00,COLISIÓN POR CORTE DE CIRCULACIÓN,ASFALTO,Bueno,Regular,1,HONDA,NEGRO,2,,33,MASCULINO,SIN DATOS,1,0,Morelia,Lomas de Hidalgo,septiembre,viernes,15,-101.160778999329,19.6959304323829
9296,9296,2017,"171109651",2017/09/29,14:55:00,COLISIÓN POR CORTE DE CIRCULACIÓN,CONCRETO,Bueno,Bueno,2,MITSUBISHI,GRAFITO,1,MINISTERIO PÚBLICO,,,,1,0,Morelia,Trincheras de Morelos,septiembre,viernes,15,-101.188518404961,19.6636085736154
9297,9297,2017,,2017/09/29,15:00:00,COLISIÓN CON PEATÓN,ASFALTO,Bueno,Bueno,1,DODGE,PLATA,2,,45,MASCULINO,SIN DATOS,1,0,Morelia,Felix Ireta,septiembre,viernes,15,-101.187150478363,19.681404334115
9298,9298,2017,"1711097440",2017/09/29,15:40:00,COLISIÓN POR CORTE DE CIRCULACIÓN,ASFALTO,Bueno,Bueno,2,VOLKWAGEN,AMARILLO,2,,20,FEMENINO,SIN DATOS,0,0,Morelia,Ventura Puente,septiembre,viernes,16,-101.179522275925,19.6924050957072
9300,9300,2017,,2017/09/29,17:45:00,COLISIÓN POR ALCANCE,CONCRETO,Bueno,Bueno,2,CHEVROLET,GRIS,2,,37,MASCULINO,SIN DATOS,0,0,Pátzcuaro,Niños Heroes,septiembre,viernes,18,-101.614844799042,19.5219956403527
9301,9301,2017,,2017/09/29,18:00:00,COLISIÓN POR INVASIÓN DE CARRIL,ASFALTO,Bueno,Bueno,2,INTERNACIONAL,BLANCO,2,,48,MASCULINO,SIN DATOS,0,0,Morelia,Hacienda del Valle,septiembre,viernes,18,-101.223907470703,19.6676851541935
9302,9302,2017,"171110592",2017/09/29,18:50:00,COLISIÓN CONTRA OBJETO FIJO,ASFALTO,Bueno,Regular,1,FORD,BLANCO,1,MINISTERIO PÚBLICO,23,MASCULINO,SIN DATOS,0,0,Morelia,Ventura Puente,septiembre,viernes,19,-101.186624765396,19.6906929056162
9304,9304,2017,,2017/09/29,19:45:00,COLISIÓN CONTRA OBJETO FIJO,ASFALTO,Bueno,Bueno,1,CHEVROLET,ROJO,1,,26,MASCULINO,SIN DATOS,0,0,Morelia,Fuentes de Valladolid,septiembre,viernes,20,-101.22124671936,19.6732517671741
9305,9305,2017,"171111400",2017/09/29,22:00:00,COLISIÓN POR ALCANCE,ASFALTO,Bueno,Bueno,2,HONDA,GRIS,1,,36,MASCULINO,SIN DATOS,0,0,Morelia,Tinijaro,septiembre,viernes,22,-101.264548301697,19.6962940730093
9306,9306,2017,,2017/09/30,"00:00:00",COLISIÓN POR ALCANCE,ASFALTO,Bueno,Bueno,2,FORD,BLANCO,4,MINISTERIO PÚBLICO,68,MASCULINO,CON CERTIFICADO,2,0,Sahuayo,Perpetuo Socorro,septiembre,sábado,0,-102.716234922409,20.059881878171
9307,9307,2017,"17111755",2017/09/30,"02:30:00",COLISIÓN POR CORTE DE CIRCULACIÓN,ASFALTO,Bueno,Bueno,1,VOLKSWAGEN,GRIS,0,,,,,0,0,Morelia,Ana Maria Gallaga (Riviera Norte),septiembre,sábado,3,-101.222705841064,19.6769593676334
9308,9308,2017,,2017/09/30,"03:00:00",COLISIÓN POR ALCANCE,ASFALTO,Nublado,Regular,2,CHEVROLET,ROJO,0,,,,,0,0,Charo,La Goleta,septiembre,sábado,3,-101.075077056885,19.7447316936284
9309,9309,2017,"171111835",2017/09/30,"04:20:00",COLISIÓN POR NO RESPETAR SEMÁFORO,ASFALTO,Bueno,Regular,2,HONDA,NRGRO,2,,41,MASCULINO,SIN DATOS,0,0,Morelia,Las Americas,septiembre,sábado,4,-101.151015758514,19.6899100397399
9310,9310,2017,,2017/09/30,"06:20:00",CAIDA DE MOTOCICLETA,CONCRETO,Bueno,Bueno,1,HONDA,BLANCO,1,,20,MASCULINO,SIN DATOS,0,0,Morelia,Eduardo Ruiz,septiembre,sábado,6,-101.213017702103,19.7184038903841
9311,9311,2017,"171111969",2017/09/30,"07:20:00",COLISIÓN POR CORTE DE CIRCULACIÓN,ASFALTO,Bueno,Bueno,2,NISSAN,GRIS,2,,28,FEMENINO,SIN DATOS,0,0,Morelia,Centro,septiembre,sábado,7,-101.182386875153,19.7062534644799
9312,9312,2017,"171111987",2017/09/30,"07:35:00",CAIDA DE MOTOCICLETA,SIN_DATOS,Bueno,Bueno,1,ITALIKA,NEGRO  Y ROJO,1,MINISTERIO PÚBLICO,,,,0,1,Morelia,Country Club  Las Huertas,septiembre,sábado,8,-101.229679584503,19.6637247601227
9313,9313,2017,LEG9777,2017/09/30,"09:00:00",COLISIÓN POR INVASIÓN DE CARRIL,CONCRETO,Bueno,Malo,3,DATSUN,BLANCO,3,,53,MASCULINO,SIN DATOS,0,0,Morelia,Eduardo Ruiz,septiembre,sábado,9,-101.216241717339,19.7172070689757
9314,9314,2017,,2017/09/30,12:30:00,COLISIÓN POR ALCANCE,ASFALTO,Nublado,Regular,2,VOLKWAGEN,NEGRO,2,,40,MASCULINO,SIN DATOS,0,0,Acuitzio,Sin datos,septiembre,sábado,13,-101.33282661438,19.471204849396
9315,9315,2017,"171113067",2017/09/30,13:00:00,COLISIÓN POR CORTE DE CIRCULACIÓN,ADOQUIN_EMPEDRADO,Bueno,Bueno,2,SIN DATOS,AZUL,3,,,,SIN DATOS,1,0,Morelia,Industrial,septiembre,sábado,13,-101.194902062416,19.7072635101248
9317,9317,2017,"171113423",2017/09/30,14:30:00,COLISIÓN POR CORTE DE CIRCULACIÓN,CONCRETO,Bueno,Bueno,2,CHRYSLER,VERDE,2,MINISTERIO PÚBLICO,45,FEMENINO,SIN DATOS,0,0,Morelia,San Pascual,septiembre,sábado,15,-101.267391443253,19.6953243628364
9318,9318,2017,"171113554",2017/09/30,14:30:00,COLISIÓN POR ALCANCE,ASFALTO,Nublado,Regular,2,FORD,GRIS,2,,43,MASCULINO,SIN DATOS,0,0,Morelia,Leandro Valle,septiembre,sábado,15,-101.229293346405,19.7177878062211
9319,9319,2017,"171113810",2017/09/30,14:50:00,COLISIÓN POR ALCANCE,ASFALTO,Nublado,Bueno,2,NISSAN,GRIS,2,,29,MASCULINO,SIN DATOS,0,0,Morelia,San Rafael,septiembre,sábado,15,-101.153848171234,19.6999708373756
9320,9320,2017,"17113726",2017/09/30,15:00:00,COLISIÓN POR ALCANCE,ASFALTO,Bueno,Bueno,0,,,0,,,,,0,0,Morelia,Jardines de Torremolinos,septiembre,sábado,15,-101.225731372833,19.6769997769751
9321,9321,2017,"171113776",2017/09/30,15:00:00,COLISIÓN POR ALCANCE,ASFALTO,Bueno,Bueno,2,KENWORTH,BLANCO,2,,52,MASCULINO,SIN DATOS,0,0,Morelia,Jardines de Torremolinos,septiembre,sábado,15,-101.225752830505,19.6769189582816
9322,9322,2017,"171113876",2017/09/30,15:45:00,CAIDA DE MOTOCICLETA,ASFALTO,Bueno,Bueno,1,HONDA,GRIS,1,,22,MASCULINO,SIN DATOS,0,0,Morelia,San Jose del Cerrito,septiembre,sábado,16,-101.225409507751,19.6655635266793
9323,9323,2017,"171114075",2017/09/30,16:20:00,COLISIÓN POR CORTE DE CIRCULACIÓN,ASFALTO,Bueno,Bueno,2,NISSAN,PLATA,2,,33,MASCULINO,SIN DATOS,0,0,Morelia,Virrey Antonio de Mendoza,septiembre,sábado,16,-101.16029754281,19.7072950739484
9324,9324,2017,"171114726",2017/09/30,17:50:00,COLISIÓN POR INVASIÓN DE CARRIL,CONCRETO,Bueno,Bueno,2,NAVISTER,VERDE,2,MINISTERIO PÚBLICO,19,MASCULINO,SIN DATOS,0,0,Morelia,Lomas de Hidalgo,septiembre,sábado,18,-101.159019470215,19.6957284094557
9325,9325,2017,,2017/09/30,19:00:00,SUBIDA AL CAMELLÓN,ASFALTO,Bueno,Bueno,1,SEAT,AMARILLO,0,,,,,0,0,Pátzcuaro,Centro,septiembre,sábado,19,-101.616733074188,19.519588949676
9326,9326,2017,"171112247",2017/09/30,19:22:00,COLISIÓN POR CORTE DE CIRCULACIÓN,ASFALTO,Bueno,Bueno,2,NISSAN,SIN DATOS,2,,24,FEMENINO,SIN DATOS,1,0,Morelia,El Lago 1,septiembre,sábado,19,-101.214487552643,19.7268571332494
9327,9327,2017,"171115586",2017/09/30,21:10:00,COLISIÓN POR CORTE DE CIRCULACIÓN,ASFALTO,Nublado,Regular,2,ITALIKA,NEGRO/ VERDE,2,MINISTERIO PÚBLICO,25,MASCULINO,SIN DATOS,1,0,Morelia,La Quemada,septiembre,sábado,21,-101.239078044891,19.7015465676727
9328,9328,2017,,2017/09/30,22:10:00,COLISIÓN POR ALCANCE,ASFALTO,Bueno,Bueno,1,TOYOTA,BLANCO,1,,40,MASCULINO,SIN DATOS,0,0,Quiroga,Centro,septiembre,sábado,22,-101.5159034729,19.6640884738619
9329,9329,2017,"171116109",2017/09/30,23:25:00,COLISIÓN POR ALCANCE,ASFALTO,Bueno,Bueno,2,NISSAN,CAFE,2,,19,MASCULINO,SIN DATOS,0,0,Morelia,Bosques de Oriente,septiembre,sábado,23,-101.152603626251,19.7180302002735
9330,9330,2017,,2017/09/30,23:30:00,COLISIÓN POR CORTE DE CIRCULACIÓN,ASFALTO,Bueno,Bueno,2,NISSAN,BLANCO,3,MINISTERIO PÚBLICO,,,,3,0,Tarímbaro,Sin datos,septiembre,sábado,0,-101.131811141968,19.7772845063038
9331,9331,2017,"171116220",2017/10/01,"00:55:00",COLISIÓN POR NO RESPETAR SEMÁFORO,ASFALTO,Bueno,Malo,2,ITALIKA,AMARILLO,2,MINISTERIO PÚBLICO,37,MASCULINO,SIN DATOS,1,0,Morelia,Irrigacion,octubre,domingo,1,-101.22508764267,19.7048393898628
9332,9332,2017,"171116301",2017/10/01,"01:30:00",COLISIÓN POR CORTE DE CIRCULACIÓN,ASFALTO,Bueno,Bueno,2,ITALIKA,NEGRO,2,,15,MASCULINO,SIN DATOS,0,0,Morelia,Prados Verdes,octubre,domingo,2,-101.201527118683,19.7147780494593
9333,9333,2017,,2017/10/01,"03:40:00",CAIDA DE MOTOCICLETA,CONCRETO,Bueno,Bueno,1,DINAMO,ROJO,1,,,MASCULINO,SIN DATOS,0,0,Morelia,Loma Dorada,octubre,domingo,4,-101.254361271858,19.6977839808372
9334,9334,2017,"171116484",2017/10/01,"04:00:00",COLISIÓN POR INVASIÓN DE CARRIL,ASFALTO,Bueno,Bueno,2,HONDA,CHAMPAGNE,2,,51,FEMENINO,SIN DATOS,0,0,Morelia,Felix Ireta,octubre,domingo,4,-101.191871166229,19.6824953524906
9335,9335,2017,"171116541",2017/10/01,"04:50:00",SALIDA DE SUPERFICIE DE RODAMIENTO,ASFALTO,Bueno,Bueno,1,VOLKWAGEN,BLANCO,1,,32,MASCULINO,SIN DATOS,0,0,Morelia,El Realito,octubre,domingo,5,-101.202803850174,19.7255240350391
9336,9336,2017,"171116595",2017/10/01,"06:00:00",SALIDA DE SUPERFICIE DE RODAMIENTO,ASFALTO,Bueno,Bueno,1,TOYOTA,GRIS,1,,40,MASCULINO,SIN DATOS,0,0,Morelia,Ciudad Industrial,octubre,domingo,6,-101.138076782227,19.7287759672075
9337,9337,2017,"1611709",2017/10/01,"06:40:00",COLISIÓN POR CORTE DE CIRCULACIÓN,ASFALTO,Bueno,Bueno,1,FORD,VERDE,2,,23,FEMENINO,SIN DATOS,1,0,Morelia,Leandro Valle,octubre,domingo,7,-101.228499412537,19.7194037596275