fid,id_accidente,anio_origen,folio_c5i,dia_incidente,hora_ocurrencia,tipo_incidente_vial,superficie_ocurrencia,condiciones_climaticas,condiciones_via,numero_vehiculos_involucrados,marca_vehiculo_ocasiona_siniestro,color_vehiculo_ocasiona_siniestro,numero_personas_involucradas,lugar_remite_presunto_responsable,edad_presunto_responsable,sexo_presunto_responsable,resultados_toxicologia,numero_personas_lesionadas,numero_personas_fallecidas,municipio,colonia,mes,dia_semana,hora_redondeada,lon,lat
9338,9338,2017,,2017/10/01,"07:50:00",SALIDA DE SUPERFICIE DE RODAMIENTO,ASFALTO,Bueno,Bueno,1,MERCURY,GUINDA,1,,24,MASCULINO,SIN DATOS,0,0,Tuxpan,Sin datos,octubre,domingo,8,-100.470056533813,19.6117860585433
9339,9339,2017,LEG9817,2017/10/01,"08:00:00",COLISIÓN CONTRA OBJETO FIJO,ASFALTO,Lluvioso,Bueno,1,CHEVROLET,BLANCO,1,,0,MASCULINO,SIN DATOS,0,0,Morelia,Francisco J Mujica,octubre,domingo,8,-101.188158988953,19.7216660669521
9340,9340,2017,"171116787",2017/10/01,"08:15:00",COLISIÓN CONTRA OBJETO FIJO,CONCRETO,Bueno,Bueno,1,AUDI,NEGRO,1,,35,MASCULINO,SIN DATOS,0,0,Morelia,Camelinas,octubre,domingo,8,-101.174190044403,19.6820710684498
9341,9341,2017,"171117099",2017/10/01,10:35:00,COLISIÓN POR INVASIÓN DE CARRIL,ASFALTO,Bueno,Bueno,2,MAZDA,GRIS,2,,39,MASCULINO,ALIENTO ETÍLICO,0,0,Morelia,Niño Artillero,octubre,domingo,11,-101.256783306599,19.6973572120463
9342,9342,2017,"171117250",2017/10/01,11:30:00,COLISIÓN POR ALCANCE,ASFALTO,Bueno,Bueno,2,DODGE,BLANCO,2,,57,MASCULINO,SIN DATOS,0,0,Morelia,Las Flores,octubre,domingo,12,-101.206119060516,19.7025364415901
9343,9343,2017,"171117430",2017/10/01,12:50:00,COLISIÓN POR NO RESPETAR SEMÁFORO,ASFALTO,Bueno,Bueno,2,DODGE,ROJO,4,,66,MASCULINO,ALIENTO ETÍLICO,2,0,Morelia,Industrial,octubre,domingo,13,-101.188781261444,19.7109804231747
9344,9344,2017,"171117717",2017/10/01,15:20:00,COLISIÓN POR ALCANCE,ASFALTO,Bueno,Bueno,1,DODGE,NEGRO,2,,,,,2,0,Morelia,Ampliacion La Soledad,octubre,domingo,15,-101.180691719055,19.7377638826012
9345,9345,2017,"171118233",2017/10/01,15:20:00,COLISIÓN POR CORTE DE CIRCULACIÓN,ASFALTO,Bueno,Bueno,1,NISSAN,BLANCO,1,,37,MASCULINO,SIN DATOS,0,0,Morelia,Diego Rivera,octubre,domingo,15,-101.1758852005,19.7182321950363
9346,9346,2017,"171118152",2017/10/01,16:45:00,COLISIÓN POR CAMBIO DE CARRIL,CONCRETO,Bueno,Bueno,2,SCANIA,AZUL,2,,27,MASCULINO,SIN DATOS,0,0,Morelia,Centro,octubre,domingo,17,-101.191801428795,19.6959960897794
9347,9347,2017,,2017/10/01,18:40:00,COLISIÓN POR NO RESPETAR SEMÁFORO,ASFALTO,Lluvioso,Regular,2,MITSUBISHI,BLANCO,2,,39,MASCULINO,SIN DATOS,0,0,Morelia,Los Girasoles,octubre,domingo,19,-101.212797760963,19.6910666595878
9348,9348,2017,"171118683",2017/10/01,19:10:00,COLISIÓN POR ALCANCE,ASFALTO,Bueno,Regular,2,SIN DATOS,ROJO,2,,,,SIN DATOS,0,0,Morelia,Eduardo Ruiz,octubre,domingo,19,-101.220881938934,19.7174141146705
9349,9349,2017,"171118756",2017/10/01,19:20:00,COLISIÓN CONTRA OBJETO FIJO,ASFALTO,Lluvioso,Malo,1,KENWORTH,BLANCO,1,,47,MASCULINO,SIN DATOS,0,0,Morelia,Asociacion Zirahuen,octubre,domingo,19,-101.250182390213,19.6987082217731
9350,9350,2017,"171118873",2017/10/01,19:40:00,COLISIÓN POR ALCANCE,ASFALTO,Bueno,Bueno,2,NISSAN,BLANCO,2,,30,MASCULINO,ALIENTO ETÍLICO,0,0,Morelia,Francisco J Mujica,octubre,domingo,20,-101.189618110657,19.7221710418942
9351,9351,2017,"171119589",2017/10/01,19:50:00,SUBIDA AL CAMELLÓN,ASFALTO,Lluvioso,Regular,1,CHEVROLET,BLANCO,1,,48,MASCULINO,ALIENTO ETÍLICO,0,0,Morelia,Reforma,octubre,domingo,20,-101.240698099136,19.7062938664282
9352,9352,2017,"171118796",2017/10/01,20:20:00,COLISIÓN POR CORTE DE CIRCULACIÓN,CONCRETO,Lluvioso,Bueno,2,VOLKSWAGEN,ROJO,2,,37,MASCULINO,ALIENTO ETÍLICO,0,0,Morelia,Primo Tapia,octubre,domingo,20,-101.212577819824,19.7095057886602
9353,9353,2017,"1711199012",2017/10/01,20:50:00,COLISIÓN POR CORTE DE CIRCULACIÓN,ASFALTO,Nublado,Bueno,2,NISSAN,GRIS,3,,45,MASCULINO,CON CERTIFICADO,1,0,Morelia,Primaveras,octubre,domingo,21,-101.225699186325,19.6814245382266
9354,9354,2017,,2017/10/01,21:00:00,COLISIÓN POR CORTE DE CIRCULACIÓN,ASFALTO,Bueno,Bueno,2,GMC,CAFE,5,,48,MASCULINO,ALIENTO ETÍLICO,3,0,Apatzingán,Sin datos,octubre,domingo,21,-102.31906414032,19.132802506963
9355,9355,2017,"171119039",2017/10/01,21:05:00,COLISIÓN POR ALCANCE,ASFALTO,Lluvioso,Regular,2,NISSAN,BLANCO,2,,35,MASCULINO,SIN DATOS,0,0,Morelia,Cosmos,octubre,domingo,21,-101.215970814228,19.6842657160321
9356,9356,2017,"171119028",2017/10/01,21:20:00,COLISIÓN POR CAMBIO DE CARRIL,ASFALTO,Lluvioso,Regular,2,NISSAN,ROJO,2,,73,MASCULINO,SIN DATOS,0,0,Morelia,Vasco de Quiroga,octubre,domingo,21,-101.173597276211,19.7027239361512
9357,9357,2017,"1711119079",2017/10/01,21:20:00,COLISIÓN POR ALCANCE,CONCRETO,Lluvioso,Bueno,2,VOLKWAGEN,PLATA,2,,26,MASCULINO,ALIENTO ETÍLICO,0,0,Morelia,Fidel Velazquez,octubre,domingo,21,-101.237398982048,19.7038091276281
9358,9358,2017,,2017/10/01,21:20:00,COLISIÓN POR ALCANCE,ASFALTO,Lluvioso,Regular,1,MAZDA,VERDE,0,,,,,0,0,Zinapécuaro,Bellavista,octubre,domingo,21,-100.831307172775,19.8541368543479
9359,9359,2017,"171119623",2017/10/01,22:05:00,COLISIÓN POR CAMBIO DE CARRIL,ASFALTO,Lluvioso,Bueno,2,NISSAN,AZUL,2,,23,MASCULINO,ALIENTO ETÍLICO,0,0,Morelia,Jardines de Torremolinos,octubre,domingo,22,-101.225709915161,19.6786413978631
9360,9360,2017,,2017/10/01,22:50:00,COLISIÓN POR ALCANCE,ASFALTO,Bueno,Bueno,2,NISSAN,BLANCO,4,,49,MASCULINO,SIN DATOS,2,0,Sahuayo,Centro,octubre,domingo,23,-102.716460227966,20.0555482923222
9361,9361,2017,,2017/10/02,"00:23:00",COLISIÓN POR ALCANCE,CONCRETO,Lluvioso,Bueno,1,NISSAN,PLATA,1,,38,MASCULINO,ALIENTO ETÍLICO,0,0,Morelia,Reforma,octubre,lunes,0,-101.241180896759,19.7059706505565
9363,9363,2017,,2017/10/02,"07:10:00",COLISIÓN POR ALCANCE,ASFALTO,Bueno,Bueno,2,VOLKSWAGEN,BEIGE,2,,40,MASCULINO,SIN DATOS,0,0,Morelia,Virrey Antonio de Mendoza,octubre,lunes,7,-101.162667274475,19.7070413006301
9364,9364,2017,,2017/10/02,"07:30:00",COLISIÓN POR CORTE DE CIRCULACIÓN,ASFALTO,Bueno,Bueno,2,FORD,GUINDA,1,MINISTERIO PÚBLICO,73,MASCULINO,SIN DATOS,0,0,Zitácuaro,Sin datos,octubre,lunes,8,-100.390405654907,19.4856892322156
9365,9365,2017,"171120071",2017/10/02,"08:14:00",COLISIÓN POR CAMBIO DE CARRIL,ASFALTO,Bueno,Bueno,2,TOYOTA,BLANCO Y GRIS,2,,59,MASCULINO,SIN DATOS,0,0,Morelia,Felix Arreguin,octubre,lunes,8,-101.228059530258,19.7193229623452
9366,9366,2017,"171120134",2017/10/02,"08:40:00",COLISIÓN POR CAMBIO DE CARRIL,ASFALTO,Bueno,Bueno,2,NISSAN,PLATA,2,,24,MASCULINO,SIN DATOS,0,0,Morelia,Lomas del Valle,octubre,lunes,9,-101.228917837143,19.6888089702876
9367,9367,2017,"171120125",2017/10/02,"09:25:00",COLISIÓN CONTRA OBJETO FIJO,CONCRETO,Nublado,Regular,0,,,0,,,,,0,0,Morelia,Villas del Pedregal,octubre,lunes,9,-101.309512853622,19.67664619489
9368,9368,2017,"161120134",2017/10/02,10:00:00,COLISIÓN POR CORTE DE CIRCULACIÓN,ASFALTO,Bueno,Regular,2,VOLKSWAGEN,GRIS,2,,53,MASCULINO,SIN DATOS,0,0,Morelia,Centro,octubre,lunes,10,-101.187900155783,19.7001248757973
9369,9369,2017,"171120319",2017/10/02,10:30:00,COLISIÓN POR CAMBIO DE CARRIL,ASFALTO,Bueno,Bueno,2,KENWORTH,BLANCO,2,,43,MASCULINO,SIN DATOS,0,0,Morelia,La Soledad,octubre,lunes,11,-101.184511184692,19.7251655105167
9370,9370,2017,"171124511",2017/10/02,12:10:00,COLISIÓN CONTRA OBJETO FIJO,ASFALTO,Nublado,Bueno,1,VOLKSWAGEN,NEGRO,1,,70,MASCULINO,ALIENTO ETÍLICO,0,0,Morelia,La Soledad,octubre,lunes,12,-101.183760166168,19.7267359429626
9371,9371,2017,"1711204677",2017/10/02,13:00:00,COLISIÓN POR CORTE DE CIRCULACIÓN,ASFALTO,Bueno,Bueno,2,TOYOTA,AZUL,2,,3,MASCULINO,SIN DATOS,0,0,Morelia,Isaac Arriaga,octubre,lunes,13,-101.168522536755,19.7090260244998
9372,9372,2017,,2017/10/02,13:25:00,COLISIÓN CONTRA OBJETO FIJO,CONCRETO,Bueno,Bueno,1,GMC,BLANCO,1,,0,MASCULINO,SIN DATOS,0,0,Cuitzeo,Centro,octubre,lunes,13,-101.139965057373,19.9676414139717
9373,9373,2017,"171120954",2017/10/02,13:36:00,COLISIÓN POR INVASIÓN DE CARRIL,CONCRETO,Bueno,Regular,2,CHEVROLET,BLANCO,2,,54,FEMENINO,SIN DATOS,0,0,Morelia,Morelos,octubre,lunes,14,-101.207792758942,19.7007940573832
9374,9374,2017,,2017/10/02,14:00:00,COLISIÓN POR ALCANCE,ASFALTO,Bueno,Bueno,2,FORDD,ROJO,4,,19,MASCULINO,SIN DATOS,2,0,Sahuayo,Perpetuo Socorro,octubre,lunes,14,-102.71634221077,20.061030762256
9375,9375,2017,"171121382",2017/10/02,15:00:00,COLISIÓN POR CORTE DE CIRCULACIÓN,ASFALTO,Bueno,Bueno,2,NISSAN,BLANCO Y CAFE,2,,32,MASCULINO,SIN DATOS,0,0,Morelia,Lindavista,octubre,lunes,15,-101.216311454773,19.7040111403539
9376,9376,2017,"171713811",2017/10/02,15:00:00,COLISIÓN POR CORTE DE CIRCULACIÓN,ASFALTO,Bueno,Bueno,2,NISSAN,BLANCO Y GRIS,2,,37,MASCULINO,SIN DATOS,0,0,Morelia,Comision Federal de Electricidad,octubre,lunes,15,-101.178792715073,19.6815760689818
9377,9377,2017,"171121308",2017/10/02,15:10:00,COLISIÓN CON PEATÓN,CONCRETO,Bueno,Bueno,1,ITALIKA,VERDE,2,,21,MASCULINO,SIN DATOS,1,0,Morelia,Alberto Oviedo Mota,octubre,lunes,15,-101.195690631866,19.6830610627967
9378,9378,2017,"171121468",2017/10/02,15:30:00,COLISIÓN POR ALCANCE,ASFALTO,Bueno,Regular,2,FORD,BLANCO,2,,38,MASCULINO,SIN DATOS,0,0,Morelia,Ana Maria Gallaga (Riviera Norte),octubre,lunes,16,-101.222029924393,19.6769492652964
9379,9379,2017,"171121664",2017/10/02,15:48:00,COLISIÓN POR CORTE DE CIRCULACIÓN,ASFALTO,Bueno,Bueno,2,INTERNATIONAL,VERDE,1,,24,MASCULINO,SIN DATOS,0,0,Morelia,Centro,octubre,lunes,16,-101.182738244534,19.7073443135009
9380,9380,2017,"171487631",2017/10/02,16:20:00,COLISIÓN POR ALCANCE,ASFALTO,Bueno,Bueno,2,FREIGHTLINER,BLANCO Y AZUL,2,,27,MASCULINO,SIN DATOS,0,0,Morelia,Americas Britania,octubre,lunes,16,-101.150050163269,19.6921121559282
9381,9381,2017,"171121866",2017/10/02,16:28:00,COLISIÓN POR ALCANCE,ASFALTO,Bueno,Bueno,2,CHEVROLET,ROJO,2,,35,FEMENINO,SIN DATOS,0,0,Morelia,Los Manantiales de Morelia,octubre,lunes,16,-101.241808533669,19.7006526456586
9382,9382,2017,"171122034",2017/10/02,17:45:00,COLISIÓN POR ALCANCE,ASFALTO,Bueno,Bueno,2,NISSAN,BLANCO Y CAFE,2,MINISTERIO PÚBLICO,36,MASCULINO,SIN DATOS,0,0,Morelia,Nueva Chapultepec,octubre,lunes,18,-101.172360777855,19.6893948613974
9383,9383,2017,"171122298",2017/10/02,18:38:00,COLISIÓN CON PEATÓN,ASFALTO,Bueno,Bueno,1,YAMAHA,BLANCO,3,,28,MASCULINO,SIN DATOS,2,0,Morelia,Niño Artillero,octubre,lunes,19,-101.252769380808,19.6979544355096
9384,9384,2017,"171122307",2017/10/02,18:40:00,COLISIÓN POR CAMBIO DE CARRIL,CONCRETO,Bueno,Bueno,2,NISSAN,BLANCO,1,,38,MASCULINO,SIN DATOS,0,0,Morelia,Felix Ireta,octubre,lunes,19,-101.188614964485,19.6874856566158
9385,9385,2017,"1710498259",2017/10/02,20:20:00,COLISIÓN POR ALCANCE,CONCRETO,Bueno,Bueno,2,VENTO,NEGRO,0,MINISTERIO PÚBLICO,,,,0,0,Morelia,Americas Britania,octubre,lunes,20,-101.149867773056,19.6927182376368
9386,9386,2017,"171123054",2017/10/02,22:15:00,COLISIÓN POR CAMBIO DE CARRIL,ASFALTO,Bueno,Bueno,2,FREIGHTLINER,BLANCO,2,,30,MASCULINO,SIN DATOS,0,0,Morelia,Justo Mendoza,octubre,lunes,22,-101.230602264404,19.7156870423727
9387,9387,2017,"171102489",2017/10/03,"07:45:00",COLISIÓN POR CAMBIO DE CARRIL,ASFALTO,Bueno,Bueno,2,CHRYSLER,NARANJA,1,,35,MASCULINO,SIN DATOS,0,0,Morelia,Tinijaro,octubre,martes,8,-101.26184463501,19.6967587237185
9388,9388,2017,"171123743",2017/10/03,"09:20:00",COLISIÓN CONTRA OBJETO FIJO,ASFALTO,Bueno,Bueno,2,INTERNATIONAL,BLANCO Y ROJO,2,,29,MASCULINO,SIN DATOS,0,0,Morelia,Jose Maria Cabrera,octubre,martes,9,-101.224229335785,19.7253220494916
9389,9389,2017,"171124291",2017/10/03,11:50:00,COLISIÓN POR CORTE DE CIRCULACIÓN,ASFALTO,Bueno,Bueno,2,HYUNDAY,GRIS,2,,37,FEMENINO,SIN DATOS,0,0,Morelia,Lomas de Hidalgo,octubre,martes,12,-101.160593926907,19.6977536777653
9390,9390,2017,"171124739",2017/10/03,13:40:00,COLISIÓN POR CORTE DE CIRCULACIÓN,ASFALTO,Bueno,Bueno,2,MAZDA,ROJO,2,,22,FEMENINO,SIN DATOS,0,0,Morelia,Chapultepec Norte,octubre,martes,14,-101.165971755981,19.6956678025279
9391,9391,2017,"171128391",2017/10/03,13:50:00,COLISIÓN POR CORTE DE CIRCULACIÓN,ASFALTO,Bueno,Bueno,2,CHEVROLET,PLATA,2,,,MASCULINO,SIN DATOS,0,0,Morelia,Chapultepec Sur,octubre,martes,14,-101.176700592041,19.6912636376811
9392,9392,2017,"171125613",2017/10/03,15:05:00,COLISIÓN POR CAMBIO DE CARRIL,ASFALTO,Bueno,Bueno,2,NISSAN,BLANCO Y NARANJA,2,,45,MASCULINO,SIN DATOS,0,0,Morelia,Alberto Oviedo Mota,octubre,martes,15,-101.195669174194,19.683162082284
9393,9393,2017,"171125352",2017/10/03,15:16:00,COLISIÓN POR CAMBIO DE CARRIL,ASFALTO,Bueno,Bueno,2,FORD,ROJO,2,,20,MASCULINO,SIN DATOS,0,0,Morelia,Las Americas,octubre,martes,15,-101.156423091888,19.6877887065137
9394,9394,2017,,2017/10/03,15:50:00,COLISIÓN CONTRA OBJETO FIJO,CONCRETO,Bueno,Bueno,3,GMC,SIN DATO,3,,,MASCULINO,SIN DATOS,0,0,Cuitzeo,Centro,octubre,martes,16,-101.141177415848,19.9704245399752
9395,9395,2017,"1711235393",2017/10/03,16:00:00,COLISIÓN POR NO RESPETAR SEMÁFORO,ASFALTO,Bueno,Bueno,3,CHEVROLET,ROJO Y GRIS,3,MINISTERIO PÚBLICO,44,MASCULINO,SIN DATOS,0,0,Morelia,Jardines de Torremolinos,octubre,martes,16,-101.22579574585,19.6768987536018
9396,9396,2017,"171125677",2017/10/03,17:10:00,COLISIÓN POR CORTE DE CIRCULACIÓN,ASFALTO,Bueno,Bueno,2,HONDA,BLANCO Y NEGRO,3,,,MASCULINO,SIN DATOS,1,0,Morelia,El Eden,octubre,martes,17,-101.247510910034,19.6491553259798
9397,9397,2017,,2017/10/03,18:15:00,VOLCADURA,TERRACERIA,Bueno,Regular,1,SIN DATOS,VERDE/BLANCO,10,,,,,10,0,Acuitzio,Sin datos,octubre,martes,18,-101.332912445068,19.4733897275065
9398,9398,2017,"171129398",2017/10/03,18:25:00,COLISIÓN POR CORTE DE CIRCULACIÓN,ASFALTO,Bueno,Bueno,2,SIN DATOS,ROJO,2,,15,MASCULINO,SIN DATOS,0,0,Morelia,El Realito,octubre,martes,18,-101.203651428223,19.7257260203314
9399,9399,2017,LEG9881,2017/10/03,18:25:00,COLISIÓN POR CORTE DE CIRCULACIÓN,ASFALTO,Bueno,Bueno,0,,,0,,,,,0,0,Morelia,Villas del Real,octubre,martes,18,-101.201602220535,19.7315632849571
9400,9400,2017,,2017/10/03,21:08:00,COLISIÓN POR CORTE DE CIRCULACIÓN,ASFALTO,Bueno,Bueno,2,VOLKSWAGEN,GRIS,2,,41,MASCULINO,SIN DATOS,0,0,Morelia,Infonavit  Las  Camelinas,octubre,martes,21,-101.175241470337,19.6819902523146
9401,9401,2017,"171126574",2017/10/03,21:10:00,COLISIÓN CON PEATÓN,ASFALTO,Bueno,Bueno,1,HONDA,BLANCO,1,,33,,SIN DATOS,0,0,Morelia,Santillan La Huerta,octubre,martes,21,-101.220039725304,19.674171098447
9402,9402,2017,"1711276810",2017/10/03,21:40:00,COLISIÓN POR CORTE DE CIRCULACIÓN,ASFALTO,Bueno,Bueno,2,MINI,BLANCO,3,,,MASCULINO,SIN DATOS,2,0,Morelia,Sin datos,octubre,martes,22,-101.164705753326,19.6586326811502
9403,9403,2017,,2017/10/03,21:40:00,COLISIÓN POR CORTE DE CIRCULACIÓN,ASFALTO,Bueno,Bueno,2,MINI,BLANCO,1,,,MASCULINO,SIN DATOS,0,0,Morelia,Montaña Monarca,octubre,martes,22,-101.164834499359,19.6657655876522
9404,9404,2017,,2017/10/04,"00:00:00",COLISIÓN POR ALCANCE,ASFALTO,Bueno,Bueno,2,NISSAN,BLANCO,2,,37,,SIN DATOS,0,0,Lázaro Cárdenas,Segundo Sector de Fidelac,octubre,miércoles,0,-102.202677726746,17.9615062841025
9405,9405,2017,"171127253",2017/10/04,"04:30:00",SALIDA DE SUPERFICIE DE RODAMIENTO,ASFALTO,Bueno,Bueno,1,NISSAN,CAFE,1,,61,MASCULINO,SIN DATOS,0,0,Morelia,La Soledad,octubre,miércoles,5,-101.183567047119,19.7271399102278
9406,9406,2017,"171127421",2017/10/04,"08:20:00",COLISIÓN POR CORTE DE CIRCULACIÓN,CONCRETO,Bueno,Bueno,2,NISSAN,BLANCO Y ROJO,2,,45,MASCULINO,SIN DATOS,0,0,Morelia,Dr Miguel Silva,octubre,miércoles,8,-101.187461614609,19.718555386126
9407,9407,2017,,2017/10/04,"08:37:00",COLISIÓN POR CORTE DE CIRCULACIÓN,ASFALTO,Bueno,Bueno,2,CHRYSLER,BLANCO,2,,32,,SIN DATOS,0,0,Lázaro Cárdenas,El Palmar 77,octubre,miércoles,9,-102.216292619705,17.9742938824406
9408,9408,2017,"171127594",2017/10/04,"09:40:00",COLISIÓN POR CORTE DE CIRCULACIÓN,ASFALTO,Bueno,Regular,2,NISSAN,GRIS,2,,43,MASCULINO,SIN DATOS,0,0,Morelia,Gertrudis Sanchez,octubre,miércoles,10,-101.199681758881,19.7399653398143
9409,9409,2017,LEG9900,2017/10/04,11:15:00,COLISIÓN POR CORTE DE CIRCULACIÓN,ASFALTO,Bueno,Regular,2,KENWORTH,BLANCO,2,,30,MASCULINO,SIN DATOS,0,0,Morelia,Campestre Los Manantiales,octubre,miércoles,11,-101.238391399384,19.6881725688944
9410,9410,2017,,2017/10/04,11:50:00,COLISIÓN POR ALCANCE,ASFALTO,Bueno,Bueno,2,MERCEDEZ BENZ,BLANCO,2,,,MASCULINO,SIN DATOS,0,0,Cuitzeo,Centro,octubre,miércoles,12,-101.139750480652,19.9691338209802
9411,9411,2017,,2017/10/04,12:10:00,COLISIÓN CON PEATÓN,ASFALTO,Bueno,Bueno,2,DODGE,VERDE,4,MINISTERIO PÚBLICO,51,FEMENINO,SIN DATOS,2,0,Morelia,Libertad,octubre,miércoles,12,-101.236953735352,19.6848996074924
9412,9412,2017,"171128694",2017/10/04,15:10:00,COLISIÓN POR MANIOBRA DE REVERSA,ASFALTO,Bueno,Bueno,1,SCUTL,VERDE Y NEGRO,2,,28,FEMENINO,SIN DATOS,1,0,Morelia,Montaña Monarca,octubre,miércoles,15,-101.165177822113,19.6718070930899
9413,9413,2017,"171128856",2017/10/04,15:15:00,COLISIÓN POR NO RESPETAR SEMÁFORO,ASFALTO,Bueno,Bueno,2,NISSAN,VERDE,2,,62,FEMENINO,SIN DATOS,0,0,Morelia,Industrial,octubre,miércoles,15,-101.188319921494,19.7126469458141
9414,9414,2017,"171128862",2017/10/04,15:20:00,COLISIÓN POR CORTE DE CIRCULACIÓN,ASFALTO,Bueno,Bueno,2,NISSAN,PLATA,2,,27,FEMENINO,SIN DATOS,0,0,Morelia,Solidaridad,octubre,miércoles,15,-101.203554055,19.7362141149992
9415,9415,2017,"177112889",2017/10/04,15:40:00,COLISIÓN POR CORTE DE CIRCULACIÓN,CONCRETO,Bueno,Bueno,2,MITSUBISHI,PLATA,2,,71,FEMENINO,SIN DATOS,0,0,Morelia,Chapultepec Oriente,octubre,miércoles,16,-101.164153218269,19.6898140752723
9416,9416,2017,"171129226",2017/10/04,16:51:00,COLISIÓN POR ALCANCE,ASFALTO,Bueno,Bueno,3,FORD,CREMA,3,,48,MASCULINO,SIN DATOS,0,0,Morelia,Libertad,octubre,miércoles,17,-101.233922839165,19.6862734512889
9417,9417,2017,"171129625",2017/10/04,17:15:00,COLISIÓN POR CORTE DE CIRCULACIÓN,ASFALTO,Bueno,Bueno,2,FREIGHTLINER,BLANCO,2,,43,MASCULINO,SIN DATOS,0,0,Morelia,Ana Maria Gallaga (Riviera Norte),octubre,miércoles,17,-101.222791671753,19.6768987536018
9418,9418,2017,,2017/10/04,18:25:00,COLISIÓN POR CORTE DE CIRCULACIÓN,ASFALTO,Bueno,Bueno,2,ITALIKA,AZUL,2,,42,MASCULINO,SIN DATOS,0,0,Morelia,Tres Puentes,octubre,miércoles,18,-101.214256882668,19.703915184341
9419,9419,2017,"171130358",2017/10/04,18:50:00,VOLCADURA,ASFALTO,Bueno,Bueno,1,NISSAN,PLATA,1,,35,MASCULINO,SIN DATOS,0,0,Tzitzio,Sin datos,octubre,miércoles,19,-100.904788970947,19.4495972470046
9420,9420,2017,"171130002",2017/10/04,19:30:00,COLISIÓN POR CORTE DE CIRCULACIÓN,ASFALTO,Bueno,Bueno,2,HONDA,ARENA,2,,65,MASCULINO,SIN DATOS,0,0,Morelia,Pascual Ortiz de Ayala,octubre,miércoles,20,-101.151916980743,19.6950617319868
9421,9421,2017,"17130319",2017/10/04,21:00:00,COLISIÓN POR CORTE DE CIRCULACIÓN,ASFALTO,Bueno,Bueno,2,SIN DATOS,SIN DATOS,1,,49,FEMENINO,SIN DATOS,0,0,Morelia,El Lago 1,octubre,miércoles,21,-101.214444637299,19.7269581250848
9422,9422,2017,"171130616",2017/10/04,22:50:00,COLISIÓN POR ALCANCE,ASFALTO,Bueno,Bueno,2,SIN DATOS,SIN DATOS,0,MINISTERIO PÚBLICO,,,,0,0,Morelia,Primo Tapia Oriente,octubre,miércoles,23,-101.156959533691,19.7148184492541
9423,9423,2017,"171130737",2017/10/04,23:52:00,COLISIÓN POR NO RESPETAR SEMÁFORO,ASFALTO,Bueno,Bueno,2,HONDA,ACERO,2,,33,MASCULINO,SIN DATOS,0,0,Morelia,Centro,octubre,miércoles,0,-101.178181171417,19.6991627645377
9424,9424,2017,,2017/10/05,"06:00:00",SUBIDA AL CAMELLÓN,ASFALTO,Lluvioso,Bueno,1,FORD,BLANCO,0,,,,,0,0,Lázaro Cárdenas,Centro,octubre,jueves,6,-102.19340801239,17.9556275565182
9425,9425,2017,"171131032",2017/10/05,"07:27:00",COLISIÓN POR CAMBIO DE CARRIL,ASFALTO,Bueno,Bueno,2,FORD,BLANCO,2,,49,MASCULINO,SIN DATOS,0,0,Morelia,Martires de Uruapan,octubre,jueves,7,-101.197214126587,19.7246756940239
9426,9426,2017,"171131076",2017/10/05,"07:50:00",COLISIÓN CONTRA OBJETO FIJO,ASFALTO,Bueno,Bueno,1,NISSAN,BLANCO,1,,49,MASCULINO,SIN DATOS,0,0,Tarímbaro,Sin datos,octubre,jueves,8,-101.157131195068,19.7685613274013
9427,9427,2017,"171131055",2017/10/05,"07:50:00",COLISIÓN POR ALCANCE,ASFALTO,Bueno,Bueno,2,FREIGHTLINER,BLANCO,2,,28,MASCULINO,SIN DATOS,0,0,Morelia,3 de Agosto,octubre,jueves,8,-101.171851158142,19.7309169547374
9428,9428,2017,,2017/10/05,"08:16:00",COLISIÓN CON PEATÓN,CONCRETO,Bueno,Regular,1,MAZDA,NEGRO,1,MINISTERIO PÚBLICO,,,,1,0,Morelia,Centro,octubre,jueves,8,-101.200177967548,19.7030238007333
9429,9429,2017,"171131372",2017/10/05,"09:40:00",COLISIÓN POR CAMBIO DE CARRIL,ASFALTO,Bueno,Bueno,2,FORD,NEGRO,2,,30,FEMENINO,SIN DATOS,0,0,Morelia,Infonavit Adolfo Lopez Mateos,octubre,jueves,10,-101.226224899292,19.7017182809341
9430,9430,2017,"171131471",2017/10/05,10:00:00,COLISIÓN POR CORTE DE CIRCULACIÓN,ASFALTO,Bueno,Bueno,2,FORD,GRIS,2,,46,FEMENINO,SIN DATOS,0,0,Morelia,Los Manantiales de Morelia,octubre,jueves,10,-101.243230104446,19.6996678105396
9431,9431,2017,"1711316664",2017/10/05,11:50:00,COLISIÓN POR CORTE DE CIRCULACIÓN,ASFALTO,Bueno,Bueno,2,VOLKSWAGEN,GRIS,3,MINISTERIO PÚBLICO,44,FEMENINO,SIN DATOS,1,0,Morelia,La Hacienda,octubre,jueves,12,-101.315529048443,19.6777094643769
9432,9432,2017,"171113834",2017/10/05,13:40:00,COLISIÓN POR CORTE DE CIRCULACIÓN,ASFALTO,Bueno,Bueno,2,CHRYSLER,BLANCO,2,,37,MASCULINO,SIN DATOS,0,0,Morelia,Centro,octubre,jueves,14,-101.198490858078,19.7031727858746
9433,9433,2017,"171132428",2017/10/05,14:40:00,COLISIÓN POR ALCANCE,ASFALTO,Bueno,Bueno,2,SUZUKI,NEGRO,2,,,MASCULINO,SIN DATOS,0,0,Morelia,Cinco de Diciembre,octubre,jueves,15,-101.163568496704,19.6860512126503