fid,id_accidente,anio_origen,folio_c5i,dia_incidente,hora_ocurrencia,tipo_incidente_vial,superficie_ocurrencia,condiciones_climaticas,condiciones_via,numero_vehiculos_involucrados,marca_vehiculo_ocasiona_siniestro,color_vehiculo_ocasiona_siniestro,numero_personas_involucradas,lugar_remite_presunto_responsable,edad_presunto_responsable,sexo_presunto_responsable,resultados_toxicologia,numero_personas_lesionadas,numero_personas_fallecidas,municipio,colonia,mes,dia_semana,hora_redondeada,lon,lat
9434,9434,2017,"171132463",2017/10/05,14:45:00,COLISIÓN POR MANIOBRA DE REVERSA,CONCRETO,Bueno,Bueno,2,VOLKSWAGEN,GRIS,2,,34,FEMENINO,SIN DATOS,0,0,Morelia,Vasco de Quiroga,octubre,jueves,15,-101.170271337032,19.6970693318642
9435,9435,2017,"171132529",2017/10/05,15:30:00,COLISIÓN POR ALCANCE,CONCRETO,Bueno,Bueno,2,FORD,NEGRO,2,,30,FEMENINO,SIN DATOS,0,0,Morelia,Ferrocarrilero,octubre,jueves,16,-101.216150522232,19.6988193323459
9436,9436,2017,"171132704",2017/10/05,16:00:00,COLISIÓN POR ALCANCE,ASFALTO,Bueno,Bueno,3,FORD,ROJO,3,,,FEMENINO,SIN DATOS,0,0,Morelia,Felix Ireta,octubre,jueves,16,-101.181464195251,19.6816669873661
9437,9437,2017,"171132717",2017/10/05,16:15:00,COLISIÓN POR ALCANCE,CONCRETO,Bueno,Bueno,2,VOLKSWAGEN,ROJO,2,,33,MASCULINO,SIN DATOS,0,0,Morelia,Centro,octubre,jueves,16,-101.196924448013,19.7020162535093
9438,9438,2017,"171133113",2017/10/05,17:55:00,COLISIÓN CONTRA OBJETO FIJO,ASFALTO,Bueno,Regular,1,CHEVROLET,BLANCO Y ROSA,1,,38,MASCULINO,SIN DATOS,0,0,Morelia,Chapultepec Oriente,octubre,jueves,18,-101.159470081329,19.6901524760333
9439,9439,2017,"171133233",2017/10/05,18:20:00,COLISIÓN CONTRA OBJETO FIJO,ASFALTO,Bueno,Bueno,1,NISSAN,NEGRO,1,,32,MASCULINO,SIN DATOS,0,0,Morelia,El Lago 1,octubre,jueves,18,-101.21934235096,19.7275741738988
9440,9440,2017,"171134345",2017/10/05,19:10:00,COLISIÓN POR ALCANCE,CONCRETO,Bueno,Bueno,2,MITSUBISHI,ROJO,2,MINISTERIO PÚBLICO,49,FEMENINO,SIN DATOS,0,0,Morelia,Terrazas,octubre,jueves,19,-101.181700229645,19.7198481439505
9441,9441,2017,"171133764",2017/10/05,20:50:00,COLISIÓN POR ALCANCE,ASFALTO,Bueno,Bueno,3,NISSAN,GRIS,3,MINISTERIO PÚBLICO,40,MASCULINO,ALIENTO ETÍLICO,0,0,Morelia,Santiaguito,octubre,jueves,21,-101.1887383461,19.7172020190774
9442,9442,2017,"171133558",2017/10/05,21:00:00,COLISIÓN POR CORTE DE CIRCULACIÓN,SIN_DATOS,Bueno,Bueno,1,LINCOLN,NEGRO,1,,68,MASCULINO,ALIENTO ETÍLICO,0,0,Morelia,Real Santa Rita,octubre,jueves,21,-101.220393776894,19.6749388875564
9443,9443,2017,"171134383",2017/10/06,"02:50:00",SUBIDA AL CAMELLÓN,ASFALTO,Bueno,Bueno,1,VOLKSWAGEN,VERDE,1,,32,MASCULINO,ALIENTO ETÍLICO,0,0,Morelia,Tierra Y Libertad,octubre,viernes,3,-101.229110956192,19.7176413596364
9444,9444,2017,"171134409",2017/10/06,"04:45:00",SUBIDA AL CAMELLÓN,CONCRETO,Bueno,Bueno,1,JEEP,NEGRO,1,,70,MASCULINO,SIN DATOS,0,0,Morelia,Montaña Monarca,octubre,viernes,5,-101.164877414703,19.6657857937355
9445,9445,2017,,2017/10/06,"06:20:00",COLISIÓN POR NO RESPETAR SEMÁFORO,ASFALTO,Bueno,Bueno,2,CHRYSLER,BLANCO,1,MINISTERIO PÚBLICO,49,MASCULINO,SIN DATOS,0,0,Lázaro Cárdenas,1Er Sect de Fidelac,octubre,viernes,6,-102.198965549469,17.9627718179375
9446,9446,2017,"171134712",2017/10/06,"08:30:00",COLISIÓN POR CORTE DE CIRCULACIÓN,ASFALTO,Bueno,Regular,2,NISSAN,BLANCO Y MORADO,2,,19,MASCULINO,SIN DATOS,0,0,Morelia,Rinconada del Valle,octubre,viernes,9,-101.218392848969,19.6795051362537
9447,9447,2017,,2017/10/06,"08:50:00",COLISIÓN CON PEATÓN,ASFALTO,Bueno,Bueno,1,NISSAN,CAPUCHINO,1,MINISTERIO PÚBLICO,54,FEMENINO,SIN DATOS,0,0,Hidalgo,Sin datos,octubre,viernes,9,-100.674419403076,19.6684529743743
9448,9448,2017,"171135540",2017/10/06,10:27:00,COLISIÓN POR CORTE DE CIRCULACIÓN,ASFALTO,Bueno,Regular,2,NISSAN,PLATA,2,MINISTERIO PÚBLICO,46,FEMENINO,SIN DATOS,0,0,Tarímbaro,Sin datos,octubre,viernes,10,-101.131038665771,19.7774460421511
9449,9449,2017,"171135246",2017/10/06,10:50:00,COLISIÓN POR CAMBIO DE CARRIL,ASFALTO,Bueno,Bueno,2,DINA,BLANCO Y AZUL,2,,39,MASCULINO,SIN DATOS,0,0,Morelia,Pascual Ortiz de Ayala,octubre,viernes,11,-101.149342060089,19.694879910377
9450,9450,2017,"171135689",2017/10/06,13:27:00,COLISIÓN POR ALCANCE,ASFALTO,Bueno,Bueno,3,CHEVROLET,NEGRO,3,,26,MASCULINO,SIN DATOS,0,0,Morelia,San Rafael,octubre,viernes,13,-101.154760122299,19.7006172927079
9451,9451,2017,"171135675",2017/10/06,13:50:00,COLISIÓN POR CORTE DE CIRCULACIÓN,CONCRETO,Bueno,Bueno,2,FORD,PLATA,2,MINISTERIO PÚBLICO,26,FEMENINO,SIN DATOS,0,0,Morelia,Real Universidad,octubre,viernes,14,-101.21005654335,19.6857532103554
9452,9452,2017,"171487321",2017/10/06,14:30:00,COLISIÓN POR CAMBIO DE CARRIL,ASFALTO,Bueno,Bueno,2,DODGE,ROJO,2,,28,MASCULINO,SIN DATOS,0,0,Morelia,Sentimientos de La Nacion,octubre,viernes,15,-101.231868267059,19.6778281662333
9453,9453,2017,"171136154",2017/10/06,14:40:00,COLISIÓN POR CORTE DE CIRCULACIÓN,CONCRETO,Bueno,Bueno,2,SIN DATOS,BLANCO,1,,45,MASCULINO,SIN DATOS,0,0,Morelia,Camelinas,octubre,viernes,15,-101.173464506865,19.6849677948706
9454,9454,2017,,2017/10/06,15:20:00,COLISIÓN POR CORTE DE CIRCULACIÓN,CONCRETO,Bueno,Bueno,2,YAMAHA,NEGRO,2,,37,MASCULINO,SIN DATOS,0,0,Morelia,Centro,octubre,viernes,15,-101.187869310379,19.6959001289601
9455,9455,2017,"171136204",2017/10/06,15:38:00,COLISIÓN POR ALCANCE,ASFALTO,Bueno,Bueno,2,FORD,GRIS,2,,52,MASCULINO,SIN DATOS,0,0,Morelia,Lomas del Valle,octubre,viernes,16,-101.230645179749,19.6879099263123
9456,9456,2017,"171136256",2017/10/06,15:40:00,COLISIÓN POR CAMBIO DE CARRIL,ASFALTO,Bueno,Bueno,2,TOYOTA,ROJO,2,,30,FEMENINO,SIN DATOS,0,0,Morelia,Primo Tapia Oriente,octubre,viernes,16,-101.159000694752,19.7134019253542
9457,9457,2017,"17117078",2017/10/06,16:10:00,COLISIÓN POR ALCANCE,ASFALTO,Bueno,Bueno,2,NISSAN,BLANCO,2,,16,MASCULINO,SIN DATOS,0,0,Morelia,Cinco de Diciembre,octubre,viernes,16,-101.162581443787,19.6865360965551
9458,9458,2017,"171136621",2017/10/06,16:10:00,COLISIÓN POR CORTE DE CIRCULACIÓN,ASFALTO,Bueno,Bueno,2,VOLKSWAGEN,GRIS,0,MINISTERIO PÚBLICO,,,,0,0,Morelia,Sin datos,octubre,viernes,16,-101.291499137878,19.5993344432036
9459,9459,2017,,2017/10/06,17:06:00,COLISIÓN POR CORTE DE CIRCULACIÓN,ASFALTO,Bueno,Bueno,5,RENAULT,GRIS,5,,63,MASCULINO,ALIENTO ETÍLICO,0,0,Morelia,Paraiso Escondido,octubre,viernes,17,-101.193416118622,19.741066057039
9461,9461,2017,"171137224",2017/10/06,18:40:00,COLISIÓN POR ALCANCE,ASFALTO,Bueno,Bueno,2,TOYOTA,VERDE,2,,40,MASCULINO,SIN DATOS,0,0,Morelia,Loma Bonita,octubre,viernes,19,-101.195862293243,19.7187876793181
9462,9462,2017,"171137629",2017/10/06,21:30:00,COLISIÓN POR ALCANCE,CONCRETO,Bueno,Bueno,2,HONDA,ROJO,2,MINISTERIO PÚBLICO,49,MASCULINO,SIN DATOS,0,0,Morelia,Felix Ireta,octubre,viernes,22,-101.181925535202,19.6814245382266
9463,9463,2017,,2017/10/06,22:00:00,COLISIÓN POR ALCANCE,ASFALTO,Bueno,Bueno,2,ITALIKA,ROJO,2,,28,MASCULINO,SIN DATOS,0,0,Santa Ana Maya,Sin datos,octubre,viernes,22,-100.991821289062,19.9960148950516
9464,9464,2017,"171137749",2017/10/06,22:30:00,COLISIÓN POR CORTE DE CIRCULACIÓN,ASFALTO,Bueno,Bueno,2,ITALIKA,NARANJA Y NEGRO,2,,16,MASCULINO,SIN DATOS,0,0,Morelia,Plan de La Garita,octubre,viernes,23,-101.186734735966,19.7113415045536
9465,9465,2017,"171137819",2017/10/06,22:40:00,COLISIÓN POR CORTE DE CIRCULACIÓN,ASFALTO,Bueno,Bueno,2,FORD,BLANCO Y ROJO,2,,35,MASCULINO,SIN DATOS,0,0,Morelia,El Realito,octubre,viernes,23,-101.204359531403,19.7258270128817
9466,9466,2017,"171137955",2017/10/06,23:30:00,COLISIÓN POR ALCANCE,ASFALTO,Bueno,Bueno,3,RENAULT,ROJO,3,,31,MASCULINO,ALIENTO ETÍLICO,0,0,Morelia,Las Americas,octubre,viernes,0,-101.155350208282,19.6877078932637
9467,9467,2017,,2017/10/07,"00:00:00",COLISIÓN CON PEATÓN,SIN_DATOS,Bueno,Bueno,1,CHEVROLET,ROJO,2,MINISTERIO PÚBLICO,33,MASCULINO,SIN DATOS,1,0,Lázaro Cárdenas,Centro,octubre,sábado,0,-102.188311815262,17.9585159141193
9468,9468,2017,"171137927",2017/10/07,"00:00:00",VOLCADURA,ASFALTO,Bueno,Bueno,1,VOLKWAGEN,NEGRO,1,,20,MASCULINO,SIN DATOS,0,0,Morelia,Buenavista,octubre,sábado,0,-101.161619871855,19.7059239357085
9469,9469,2017,"171139999",2017/10/07,"00:00:00",COLISIÓN POR CORTE DE CIRCULACIÓN,CONCRETO,Lluvioso,Bueno,2,FORD,AZUL,2,,0,MASCULINO,SIN DATOS,0,0,Morelia,Villa Universidad,octubre,sábado,0,-101.199279427528,19.6850713386115
9470,9470,2017,LEG9946,2017/10/07,"00:45:00",COLISIÓN POR ALCANCE,CONCRETO,Bueno,Bueno,1,DODGE,PLATA,1,,41,MASCULINO,ALIENTO ETÍLICO,0,0,Morelia,La Loma,octubre,sábado,1,-101.184127628803,19.6796541432829
9471,9471,2017,"171138179",2017/10/07,"04:00:00",COLISIÓN POR CORTE DE CIRCULACIÓN,ASFALTO,Bueno,Bueno,2,HONDA,NARANJA,1,,20,MASCULINO,SIN DATOS,0,0,Morelia,Montaña Monarca,octubre,sábado,4,-101.164855957031,19.6657453815664
9472,9472,2017,"171138197",2017/10/07,"04:40:00",COLISIÓN CONTRA OBJETO FIJO,ASFALTO,Bueno,Bueno,1,TOYOTA,BLANCO,0,,,,,0,0,Morelia,Chapultepec Norte,octubre,sábado,5,-101.176133304834,19.6973155452099
9473,9473,2017,"171138269",2017/10/07,"07:30:00",COLISIÓN CONTRA OBJETO FIJO,CONCRETO,Bueno,Regular,1,NISSAN,GRIS,1,,0,,SIN DATOS,0,0,Morelia,Vasco de Quiroga,octubre,sábado,8,-101.170735359192,19.6972839794175
9474,9474,2017,"171138338",2017/10/07,"08:45:00",COLISIÓN POR ALCANCE,ASFALTO,Bueno,Bueno,3,CARABELA,NEGRO,4,,46,MASCULINO,SIN DATOS,1,0,Morelia,Los Manantiales de Morelia,octubre,sábado,9,-101.242500543594,19.6981425667521
9476,9476,2017,,2017/10/07,10:20:00,COLISIÓN POR ALCANCE,ASFALTO,Bueno,Bueno,2,HONDA,AZUL,2,,32,FEMENINO,SIN DATOS,0,0,Apatzingán,Ferrocarril,octubre,sábado,10,-102.356271743774,19.0787880615936
9477,9477,2017,"1711389899",2017/10/07,12:00:00,SALIDA DE SUPERFICIE DE RODAMIENTO,ASFALTO,Bueno,Bueno,1,DODGE,GRIS,0,,,,,0,0,Morelia,3 de Agosto,octubre,sábado,12,-101.172044277191,19.7312401201741
9478,9478,2017,"171139092",2017/10/07,12:36:00,COLISIÓN POR MANIOBRA DE REVERSA,CONCRETO,Bueno,Bueno,2,NISSAN,HIERRO,2,,45,FEMENINO,SIN DATOS,0,0,Morelia,Felix Ireta,octubre,sábado,13,-101.188231408596,19.6873871652755
9479,9479,2017,"171139691",2017/10/07,14:30:00,COLISIÓN POR CORTE DE CIRCULACIÓN,ASFALTO,Bueno,Bueno,2,CHEVROLET,ROJO,2,,63,MASCULINO,SIN DATOS,0,0,Morelia,Leon Guzman,octubre,sábado,15,-101.204879879951,19.7272358523032
9480,9480,2017,"171139619",2017/10/07,15:10:00,COLISIÓN POR ALCANCE,ASFALTO,Lluvioso,Regular,2,FREIGHTLINER,BLANCO,2,,32,MASCULINO,SIN DATOS,0,0,Morelia,Sin datos,octubre,sábado,15,-101.317548751831,19.687768503205
9481,9481,2017,"1711398833",2017/10/07,16:00:00,COLISIÓN POR INVASIÓN DE CARRIL,ASFALTO,Bueno,Bueno,2,GMC,AZUL,2,,55,FEMENINO,SIN DATOS,0,0,Morelia,Juarez,octubre,sábado,16,-101.195433139801,19.6924556025115
9482,9482,2017,,2017/10/07,16:00:00,COLISIÓN POR INVASIÓN DE CARRIL,ASFALTO,Lluvioso,Regular,2,FORD,NEGRO,0,MINISTERIO PÚBLICO,,,,0,0,Tacámbaro,Sin datos,octubre,sábado,16,-101.458911895752,19.217397720671
9483,9483,2017,"171139582",2017/10/07,16:05:00,COLISIÓN POR ALCANCE,ASFALTO,Bueno,Bueno,2,KENWORTH,ROJO,2,,37,MASCULINO,SIN DATOS,0,0,Morelia,Loma de Los Piñones,octubre,sábado,16,-101.205003261566,19.674130688392
9484,9484,2017,"171140018",2017/10/07,16:50:00,COLISIÓN POR ALCANCE,ASFALTO,Bueno,Bueno,2,MAZDA,AZUL,2,,22,MASCULINO,SIN DATOS,0,0,Morelia,Ciudad Jardin,octubre,sábado,17,-101.250439882278,19.701859691717
9485,9485,2017,,2017/10/07,17:20:00,COLISIÓN POR CORTE DE CIRCULACIÓN,ASFALTO,Bueno,Bueno,2,VOLKWAGEN,BLANCO,5,,18,MASCULINO,CON CERTIFICADO,3,0,Morelia,Vasco de Quiroga,octubre,sábado,17,-101.170595884323,19.6973041815254
9486,9486,2017,,2017/10/07,17:20:00,COLISIÓN POR CORTE DE CIRCULACIÓN,ASFALTO,Nublado,Bueno,2,NISSAN,DURAZNO,2,,17,MASCULINO,CON CERTIFICADO,0,0,Apatzingán,Centro,octubre,sábado,17,-102.354399561882,19.0865800848127
9487,9487,2017,"171139602",2017/10/07,18:40:00,COLISIÓN POR ALCANCE,ASFALTO,Bueno,Regular,4,DODGE,BLANCO,4,,52,MASCULINO,ALIENTO ETÍLICO,0,0,Morelia,Ana Maria Gallaga (Riviera Norte),octubre,sábado,19,-101.222405433655,19.6769997769751
9488,9488,2017,"171406117",2017/10/07,19:00:00,COLISIÓN POR CORTE DE CIRCULACIÓN,ASFALTO,Bueno,Bueno,2,HONDA,AZUL,2,MINISTERIO PÚBLICO,0,,SIN DATOS,0,0,Morelia,Chapultepec Norte,octubre,sábado,19,-101.176394820213,19.6931374428096
9489,9489,2017,"171141118",2017/10/07,21:50:00,COLISIÓN CONTRA OBJETO FIJO,ASFALTO,Bueno,Bueno,1,CHEVROLET,BLANCO,1,,0,,SIN DATOS,0,0,Cuitzeo,Sin datos,octubre,sábado,22,-101.139621734619,20.0469204660256
9490,9490,2017,"171143511",2017/10/08,"00:00:00",COLISIÓN POR CORTE DE CIRCULACIÓN,ASFALTO,Nublado,Regular,2,FORD,NEGRO,2,,33,MASCULINO,SIN DATOS,0,0,Morelia,Ventura Puente,octubre,domingo,0,-101.191940903664,19.6924455011519
9491,9491,2017,"171141615",2017/10/08,"01:17:00",VOLCADURA,ASFALTO,Bueno,Bueno,1,FORD,CAFE,0,,,,,0,0,Morelia,Loma Colorada,octubre,domingo,1,-101.210281848907,19.7530118851566
9492,9492,2017,"171141603",2017/10/08,"01:50:00",SALIDA DE SUPERFICIE DE RODAMIENTO,ASFALTO,Bueno,Bueno,1,FORD,AZUL,0,,,,,0,0,Morelia,Industrial,octubre,domingo,2,-101.199424266815,19.7063645698131
9493,9493,2017,"171141706",2017/10/08,"02:00:00",COLISIÓN POR NO RESPETAR SEMÁFORO,ASFALTO,Bueno,Bueno,2,TOYOTA,BLANCO,2,MINISTERIO PÚBLICO,42,MASCULINO,SIN DATOS,0,0,Morelia,Tres Puentes,octubre,domingo,2,-101.214981079102,19.7033444973907
9494,9494,2017,"171141697",2017/10/08,"02:15:00",VOLCADURA,ASFALTO,Bueno,Bueno,1,VOLKSWAGEN,GRIS,1,,,,SIN DATOS,0,0,Morelia,La Soledad,octubre,domingo,2,-101.183223724365,19.7300282464157
9495,9495,2017,"171141829",2017/10/08,"04:00:00",COLISIÓN POR CORTE DE CIRCULACIÓN,ASFALTO,Bueno,Bueno,2,RENAULT,AZUL,2,MINISTERIO PÚBLICO,45,MASCULINO,ALIENTO ETÍLICO,0,0,Morelia,Irrigacion,octubre,domingo,4,-101.225001811981,19.7048595910168
9496,9496,2017,"171141943",2017/10/08,"06:30:00",COLISIÓN POR CAMBIO DE CARRIL,CONCRETO,Bueno,Bueno,2,CHEVROLET,BLANCO,1,MINISTERIO PÚBLICO,,,SIN DATOS,0,0,Morelia,Villas del Pedregal,octubre,domingo,7,-101.309051513672,19.6734235107795
9497,9497,2017,"171141945",2017/10/08,"06:30:00",COLISIÓN POR ALCANCE,ASFALTO,Bueno,Bueno,2,RENAULT,ROJO,2,,45,MASCULINO,ALIENTO ETÍLICO,0,0,Morelia,Jardines de Torremolinos,octubre,domingo,7,-101.225666999817,19.6770401863066
9498,9498,2017,,2017/10/08,"09:50:00",COLISIÓN POR INVASIÓN DE CARRIL,CONCRETO,Bueno,Bueno,2,NISSAN,BLANCO/CAFE,3,MINISTERIO PÚBLICO,26,MASCULINO,SIN DATOS,1,0,Morelia,Nueva Chapultepec,octubre,domingo,10,-101.17223739624,19.6901524760333
9499,9499,2017,"17142445",2017/10/08,11:20:00,COLISIÓN POR ALCANCE,CONCRETO,Bueno,Bueno,2,NAVISTAR,BLANCO Y AZUL,2,,23,MASCULINO,SIN DATOS,0,0,Morelia,Tenencia Morelos,octubre,domingo,11,-101.238007843494,19.64909722746
9500,9500,2017,"171143141",2017/10/08,13:50:00,COLISIÓN POR INVASIÓN DE CARRIL,ASFALTO,Bueno,Bueno,2,MERCEDES BENZ,BLANCO,2,,37,MASCULINO,SIN DATOS,0,0,Morelia,Ejidal Ocolusen,octubre,domingo,14,-101.158858537674,19.6878897230189
9501,9501,2017,"171143166",2017/10/08,13:55:00,COLISIÓN POR CAMBIO DE CARRIL,ASFALTO,Bueno,Bueno,2,MERCEDES BENZ,AMARILLO,2,,41,MASCULINO,SIN DATOS,0,0,Morelia,Centro,octubre,domingo,14,-101.196978092194,19.7011425357425
9502,9502,2017,"171143281",2017/10/08,15:25:00,COLISIÓN POR CAMBIO DE CARRIL,ASFALTO,Bueno,Bueno,2,NISSAN,BLANCO,2,,39,MASCULINO,SIN DATOS,0,0,Morelia,Infonavit Cepamisa,octubre,domingo,15,-101.216461658478,19.6966577128095
9503,9503,2017,"171143598",2017/10/08,16:11:00,COLISIÓN POR CORTE DE CIRCULACIÓN,CONCRETO,Bueno,Bueno,2,INTERNATIONAL,BLANCO Y NARANJA,2,,32,MASCULINO,SIN DATOS,0,0,Morelia,Villas del Pedregal,octubre,domingo,16,-101.306047439575,19.6728224073553
9504,9504,2017,"171143995",2017/10/08,17:45:00,COLISIÓN POR ALCANCE,ASFALTO,Bueno,Bueno,2,VOLKWAGEN,NEGRO,2,,23,MASCULINO,SIN DATOS,0,0,Morelia,Ferrocarrilero,octubre,domingo,18,-101.22377872467,19.6917131508841
9505,9505,2017,"171144069",2017/10/08,18:10:00,COLISIÓN POR ALCANCE,ASFALTO,Nublado,Regular,3,NISSAN,ROJO,3,,74,MASCULINO,SIN DATOS,0,0,Morelia,San Rafael,octubre,domingo,18,-101.153773069382,19.6997890213428
9506,9506,2017,,2017/10/08,18:30:00,COLISIÓN POR CORTE DE CIRCULACIÓN,ASFALTO,Bueno,Bueno,2,VOLKSWAGEN,ROJO,2,,44,FEMENINO,SIN DATOS,0,0,Morelia,Adolfo Lopez Mateos,octubre,domingo,19,-101.225366592407,19.6959203312426
9507,9507,2017,"171144274",2017/10/08,19:00:00,SALIDA DE SUPERFICIE DE RODAMIENTO,CONCRETO,Bueno,Bueno,1,MITSUBISHI,GRIS,1,,24,FEMENINO,SIN DATOS,0,0,Morelia,Loma Real,octubre,domingo,19,-101.197643280029,19.7269177283583
9508,9508,2017,"171144553",2017/10/08,20:00:00,COLISIÓN CONTRA OBJETO FIJO,ASFALTO,Bueno,Regular,2,NISSAN,BLANCO,2,,0,,SIN DATOS,0,0,Morelia,Jardines de Santiaguito,octubre,domingo,20,-101.210539340973,19.7165758304467
9509,9509,2017,"171144638",2017/10/08,20:25:00,VOLCADURA,ASFALTO,Bueno,Bueno,1,CHEVROLET,ROJO,0,,,,,0,0,Morelia,Tenencia Morelos,octubre,domingo,20,-101.247296333313,19.6495190727566
9510,9510,2017,"171144656",2017/10/08,20:28:00,COLISIÓN POR ALCANCE,ASFALTO,Bueno,Bueno,2,FORD,BLANCO,2,,35,MASCULINO,ALIENTO ETÍLICO,0,0,Morelia,Jardines de Torremolinos,octubre,domingo,20,-101.225709915161,19.6770401863066
9511,9511,2017,"171661789",2017/10/08,20:30:00,COLISIÓN POR NO RESPETAR SEMÁFORO,ASFALTO,Bueno,Bueno,2,DODGE,ROJO,2,,28,MASCULINO,SIN DATOS,0,0,Morelia,Jardines de Torremolinos,octubre,domingo,21,-101.225709915161,19.6770199816421
9512,9512,2017,"171156598",2017/10/08,20:50:00,COLISIÓN POR ALCANCE,ASFALTO,Bueno,Bueno,2,RENAULT,GRIS,2,,39,MASCULINO,ALIENTO ETÍLICO,0,0,Morelia,Trinidad Salgado,octubre,domingo,21,-101.231052875519,19.7034657054088
9513,9513,2017,"171145210",2017/10/08,22:20:00,COLISIÓN POR CAMBIO DE CARRIL,ASFALTO,Bueno,Bueno,2,FORD,AZUL,2,,44,MASCULINO,SIN DATOS,0,0,Morelia,Morelia 450,octubre,domingo,22,-101.216633319855,19.6755450342546
9514,9514,2017,"171141479",2017/10/08,23:50:00,COLISIÓN POR CORTE DE CIRCULACIÓN,CONCRETO,Bueno,Bueno,3,PLYMOUTH,BLANCO,3,,26,MASCULINO,ALIENTO ETÍLICO,0,0,Morelia,Cinco de Diciembre,octubre,domingo,0,-101.165971755981,19.6843541074221
9515,9515,2017,"171145777",2017/10/09,"06:40:00",COLISIÓN POR CORTE DE CIRCULACIÓN,ASFALTO,Bueno,Bueno,2,SIN DATOS,SIN DATOS,2,MINISTERIO PÚBLICO,,,SIN DATOS,0,0,Morelia,El Realito,octubre,lunes,7,-101.203694343567,19.7258270128817
9517,9517,2017,,2017/10/09,"08:20:00",COLISIÓN POR CORTE DE CIRCULACIÓN,SIN_DATOS,Bueno,Bueno,1,CHEVROLET,CAFE,2,,36,MASCULINO,SIN DATOS,1,0,Morelia,San Jose Itzicuaro,octubre,lunes,8,-101.304438114166,19.6879705361772
9518,9518,2017,"171145797",2017/10/09,"08:25:00",COLISIÓN POR CORTE DE CIRCULACIÓN,ASFALTO,Bueno,Bueno,2,FORD,BLANCO,2,,26,MASCULINO,SIN DATOS,0,0,Morelia,Nueva Chapultepec,octubre,lunes,8,-101.172816753387,19.6878897230189
9519,9519,2017,"171145981",2017/10/09,"09:00:00",COLISIÓN CONTRA OBJETO FIJO,CONCRETO,Bueno,Bueno,3,MITSUBISHI,BLANCO,1,,,MASCULINO,SIN DATOS,0,0,Morelia,Melchor Ocampo,octubre,lunes,9,-101.20346903801,19.7054050212096
9520,9520,2017,,2017/10/09,"09:00:00",COLISIÓN POR CORTE DE CIRCULACIÓN,CONCRETO,Bueno,Bueno,2,TOYOTA,BLANCO,4,MINISTERIO PÚBLICO,35,FEMENINO,SIN DATOS,2,0,Sahuayo,Perpetuo Socorro,octubre,lunes,9,-102.720773220062,20.0583097073703
9521,9521,2017,,2017/10/09,"09:13:00",COLISIÓN CON PEATÓN,ASFALTO,Bueno,Bueno,1,NISSAN,PLATA,1,,40,MASCULINO,SIN DATOS,0,0,Uruapan,Sin datos,octubre,lunes,9,-102.0756483078,19.4656211381784
9522,9522,2017,"171147438",2017/10/09,"09:20:00",COLISIÓN POR CORTE DE CIRCULACIÓN,ASFALTO,Bueno,Bueno,2,FREIGHTLINER,BLANCO,2,,32,MASCULINO,SIN DATOS,0,0,Morelia,Jardines de Torremolinos,octubre,lunes,9,-101.229507923126,19.6772018235305
9523,9523,2017,"171146019",2017/10/09,10:32:00,COLISIÓN POR CORTE DE CIRCULACIÓN,CONCRETO,Bueno,Bueno,2,INTERNATIONAL,VERDE,2,,50,MASCULINO,SIN DATOS,0,0,Morelia,Centro,octubre,lunes,11,-101.198633015156,19.6980087284412
9524,9524,2017,"171146320",2017/10/09,11:55:00,COLISIÓN POR ALCANCE,CONCRETO,Bueno,Bueno,2,NISSAN,NEGRO,2,,24,FEMENINO,SIN DATOS,0,0,Morelia,Juarez,octubre,lunes,12,-101.195411682129,19.6923949943444
9526,9526,2017,"171146403",2017/10/09,12:50:00,CAIDA DE MOTOCICLETA,ASFALTO,Bueno,Bueno,1,HONDA,BLANCO,2,,22,MASCULINO,SIN DATOS,1,0,Morelia,Diego Rivera,octubre,lunes,13,-101.175863742828,19.7182321950363
9527,9527,2017,"171446689",2017/10/09,14:20:00,COLISIÓN POR ALCANCE,ASFALTO,Bueno,Bueno,2,NISSAN,BLANCO,2,,27,MASCULINO,SIN DATOS,0,0,Morelia,Comision Federal de Electricidad,octubre,lunes,14,-101.181335449219,19.6818488239799
9528,9528,2017,"17116874",2017/10/09,15:30:00,COLISIÓN POR CAMBIO DE CARRIL,ASFALTO,Bueno,Bueno,2,TOYOTA,BLANCO,2,,54,MASCULINO,SIN DATOS,0,0,Morelia,Felix Ireta,octubre,lunes,16,-101.19562625885,19.6817073955203
9529,9529,2017,"171147033",2017/10/09,16:25:00,COLISIÓN POR INVASIÓN DE CARRIL,ASFALTO,Bueno,Bueno,2,DODGE,BLANCO,2,,56,MASCULINO,SIN DATOS,0,0,Morelia,Francisco J Mujica,octubre,lunes,16,-101.188116073608,19.7216054698518
9530,9530,2017,"171146957",2017/10/09,16:40:00,COLISIÓN CONTRA OBJETO FIJO,CONCRETO,Bueno,Bueno,2,FREIGHTLINER,BLANCO Y AZUL,2,,,MASCULINO,SIN DATOS,0,0,Morelia,Jesus del Monte,octubre,lunes,17,-101.157388687134,19.6585720601886