fid,id_accidente,anio_origen,folio_c5i,dia_incidente,hora_ocurrencia,tipo_incidente_vial,superficie_ocurrencia,condiciones_climaticas,condiciones_via,numero_vehiculos_involucrados,marca_vehiculo_ocasiona_siniestro,color_vehiculo_ocasiona_siniestro,numero_personas_involucradas,lugar_remite_presunto_responsable,edad_presunto_responsable,sexo_presunto_responsable,resultados_toxicologia,numero_personas_lesionadas,numero_personas_fallecidas,municipio,colonia,mes,dia_semana,hora_redondeada,lon,lat
9531,9531,2017,"171146951",2017/10/09,17:00:00,CAIDA DE MOTOCICLETA,ASFALTO,Bueno,Bueno,1,KYMCO,NEGRO  Y NARANJA,2,MINISTERIO PÚBLICO,,,,2,0,Morelia,El Eden,octubre,lunes,17,-101.247510910034,19.6491755341557
9532,9532,2017,,2017/10/09,18:50:00,COLISIÓN POR CORTE DE CIRCULACIÓN,ASFALTO,Bueno,Bueno,2,NISSAN,ROJO,1,,21,MASCULINO,SIN DATOS,0,0,Morelia,Jose Ma Pino Suarez,octubre,lunes,19,-101.164577007294,19.724291919228
9533,9533,2017,"171147566",2017/10/09,19:30:00,COLISIÓN POR CORTE DE CIRCULACIÓN,CONCRETO,Bueno,Bueno,2,CHEVROLET,BLANCO,2,MINISTERIO PÚBLICO,,MASCULINO,SIN DATOS,0,0,Morelia,Ventura Puente,octubre,lunes,20,-101.188073158264,19.6903747089798
9534,9534,2017,,2017/10/09,22:55:00,SALIDA DE SUPERFICIE DE RODAMIENTO,ASFALTO,Bueno,Bueno,1,CHEVROLET,GRIS,1,,,,ALIENTO ETÍLICO,0,0,Cuitzeo,Sin datos,octubre,lunes,23,-101.198501586914,19.9637086521826
9535,9535,2017,"171151143",2017/10/10,"02:30:00",COLISIÓN POR ALCANCE,ASFALTO,Bueno,Bueno,2,CHEVROLET,SIN DATOS,2,,,,SIN DATOS,0,0,Morelia,Nicolaitas Ilustres,octubre,martes,3,-101.228263378143,19.7195451547734
9536,9536,2017,"171148184",2017/10/10,"03:00:00",COLISIÓN POR CORTE DE CIRCULACIÓN,ASFALTO,Bueno,Bueno,1,WHITE,BLANCO,1,,,MASCULINO,SIN DATOS,0,0,Morelia,Libertad,octubre,martes,3,-101.236932277679,19.6848996074924
9537,9537,2017,"1711482672",2017/10/10,"06:50:00",COLISIÓN POR INVASIÓN DE CARRIL,ASFALTO,Bueno,Bueno,2,CHRYSLER,BLANCO,2,,,MASCULINO,SIN DATOS,0,0,Sin datos,Sin datos,octubre,martes,7,-99.678955078125,19.2489223284628
9538,9538,2017,"171148283",2017/10/10,"06:55:00",COLISIÓN POR CORTE DE CIRCULACIÓN,ASFALTO,Bueno,Bueno,1,FORD,BLANCO,1,,39,MASCULINO,SIN DATOS,0,0,Morelia,Francisco J Mujica,octubre,martes,7,-101.188395023346,19.7218882561232
9539,9539,2017,"171148393",2017/10/10,"07:30:00",COLISIÓN POR CORTE DE CIRCULACIÓN,ASFALTO,Bueno,Bueno,2,NISSAN,GRIS,2,,39,FEMENINO,SIN DATOS,0,0,Morelia,Fidel Velazquez,octubre,martes,8,-101.234657764435,19.7024758372406
9540,9540,2017,"171148484",2017/10/10,"08:30:00",COLISIÓN CONTRA OBJETO FIJO,ASFALTO,Bueno,Bueno,1,VOLKSWAGEN,PLATINO,1,,32,MASCULINO,SIN DATOS,0,0,Morelia,Indeco El Vivero,octubre,martes,9,-101.229937076569,19.6771412095907
9541,9541,2017,,2017/10/10,"09:00:00",COLISIÓN POR CORTE DE CIRCULACIÓN,ASFALTO,Bueno,Bueno,2,DODGE,BLANCO,2,,29,MASCULINO,SIN DATOS,0,0,Morelia,Chapultepec Sur,octubre,martes,9,-101.165918111801,19.6911121160923
9542,9542,2017,"171148463",2017/10/10,"09:00:00",COLISIÓN POR ALCANCE,ASFALTO,Bueno,Bueno,3,FORD,GRIS Y AZUL,3,,39,MASCULINO,SIN DATOS,0,0,Morelia,Ciudad Industrial,octubre,martes,9,-101.143033504486,19.7252816523515
9543,9543,2017,"171148625",2017/10/10,"09:25:00",COLISIÓN POR CORTE DE CIRCULACIÓN,CONCRETO,Nublado,Regular,2,TOYOTA,TITANIO,2,,26,MASCULINO,SIN DATOS,0,0,Morelia,Felicitas del Rio,octubre,martes,9,-101.199161410332,19.6887281575525
9544,9544,2017,"171432182",2017/10/10,11:40:00,COLISIÓN POR CORTE DE CIRCULACIÓN,ASFALTO,Bueno,Bueno,2,FORD,BEIGE,2,,49,MASCULINO,SIN DATOS,0,0,Morelia,Morelos,octubre,martes,12,-101.207739114761,19.7005768893262
9546,9546,2017,"171149104",2017/10/10,12:49:00,COLISIÓN POR CORTE DE CIRCULACIÓN,ASFALTO,Bueno,Bueno,2,DINA,ROJO,2,,38,MASCULINO,SIN DATOS,0,0,Morelia,Asociacion Zirahuen,octubre,martes,13,-101.2471139431,19.6994102372778
9547,9547,2017,"171149165",2017/10/10,14:00:00,COLISIÓN CONTRA OBJETO FIJO,ASFALTO,Bueno,Bueno,2,NISSAN,BLANCO,2,,32,FEMENINO,SIN DATOS,0,0,Morelia,Camelinas,octubre,martes,14,-101.168718338013,19.682677188164
9548,9548,2017,"171149282",2017/10/10,14:40:00,COLISIÓN POR CORTE DE CIRCULACIÓN,ASFALTO,Bueno,Regular,2,SIN DATOS,ROJO,1,,22,MASCULINO,SIN DATOS,0,0,Morelia,Nueva Valladolid,octubre,martes,15,-101.20932161808,19.6981021627455
9549,9549,2017,"171149388",2017/10/10,15:30:00,COLISIÓN POR CAMBIO DE CARRIL,ASFALTO,Bueno,Bueno,2,INTERNATIONAL,BLANCO,2,,32,MASCULINO,SIN DATOS,0,0,Morelia,Los Manantiales de Morelia,octubre,martes,16,-101.241835355759,19.6964960952225
9550,9550,2017,"171843291",2017/10/10,15:40:00,COLISIÓN POR ALCANCE,ASFALTO,Bueno,Bueno,2,FORD,BLANCO,2,,25,MASCULINO,SIN DATOS,0,0,Morelia,Hermanos Lopez Rayon,octubre,martes,16,-101.22013092041,19.6758885163658
9551,9551,2017,"171149424",2017/10/10,15:55:00,COLISIÓN POR ALCANCE,ASFALTO,Bueno,Bueno,2,DODGE,BLANCO,2,,33,MASCULINO,SIN DATOS,0,0,Morelia,Las Americas,octubre,martes,16,-101.153408288956,19.6875462666413
9552,9552,2017,"171149682",2017/10/10,16:55:00,COLISIÓN POR ALCANCE,ASFALTO,Bueno,Bueno,2,FORD,ROJO,2,,24,MASCULINO,SIN DATOS,0,0,Morelia,Josefa Ortiz de Dominguez,octubre,martes,17,-101.209144592285,19.672150583213
9554,9554,2017,"171150118",2017/10/10,17:58:00,COLISIÓN POR ALCANCE,ASFALTO,Bueno,Regular,2,HONDA,AZUL,2,,24,MASCULINO,SIN DATOS,0,0,Morelia,Ana Maria Gallaga (Riviera Norte),octubre,martes,18,-101.222695112228,19.6768785489195
9555,9555,2017,"171150225",2017/10/10,18:20:00,COLISIÓN POR CAMBIO DE CARRIL,ASFALTO,Bueno,Bueno,2,FORD,BLANCO,2,,61,MASCULINO,SIN DATOS,0,0,Morelia,Lomas de Huerta,octubre,martes,18,-101.211311817169,19.6728375612508
9556,9556,2017,,2017/10/10,19:00:00,COLISIÓN CONTRA OBJETO FIJO,ADOQUIN_EMPEDRADO,Bueno,Bueno,2,CHRYSLER,BLANCO,2,,,MASCULINO,SIN DATOS,0,0,Cuitzeo,Centro,octubre,martes,19,-101.140952110291,19.9682666132214
9557,9557,2017,"171350306",2017/10/10,19:20:00,COLISIÓN CON PEATÓN,ASFALTO,Nublado,Regular,1,FORD,GRIS,1,,40,MASCULINO,SIN DATOS,0,0,Morelia,Colinas del Sur,octubre,martes,19,-101.197643280029,19.6620476249854
9558,9558,2017,,2017/10/10,19:30:00,COLISIÓN POR CAMBIO DE CARRIL,ASFALTO,Nublado,Bueno,2,PEUGEOT,NEGRO,2,,20,MASCULINO,SIN DATOS,0,0,Morelia,Rafael Carrillo,octubre,martes,20,-101.236395835876,19.7077685305556
9559,9559,2017,"171150460",2017/10/10,20:30:00,COLISIÓN POR CAMBIO DE CARRIL,ASFALTO,Bueno,Bueno,2,ITALIKA,NEGRO,1,,43,MASCULINO,SIN DATOS,0,0,Morelia,Primo Tapia,octubre,martes,21,-101.212373971939,19.7093340837576
9560,9560,2017,"171150800",2017/10/10,21:45:00,SALIDA DE SUPERFICIE DE RODAMIENTO,ASFALTO,Bueno,Bueno,1,VOLKSWAGEN,AZUL,1,,35,MASCULINO,SIN DATOS,0,0,Morelia,Ciudad Industrial,octubre,martes,22,-101.13842010498,19.7284931931246
9561,9561,2017,"171150920",2017/10/10,22:50:00,SALIDA DE SUPERFICIE DE RODAMIENTO,ASFALTO,Nublado,Bueno,1,VOLKSWAGEN,BLANCO Y ROJO,1,,40,MASCULINO,SIN DATOS,0,0,Morelia,Sin datos,octubre,martes,23,-101.134643554688,19.7301494342052
9562,9562,2017,"171150983",2017/10/10,23:20:00,SUBIDA AL CAMELLÓN,ASFALTO,Nublado,Bueno,1,NEOPLAN,BLANCO Y NEGRO,1,,32,MASCULINO,SIN DATOS,0,0,Morelia,Reforma,octubre,martes,23,-101.241331100464,19.7059100475078
9563,9563,2017,LEG10069,2017/10/11,"02:30:00",COLISIÓN POR ALCANCE,ASFALTO,Bueno,Bueno,2,CHEVROLET,SIN DATOS,2,,,,SIN DATOS,0,0,Morelia,Nicolaitas Ilustres,octubre,miércoles,3,-101.228306293488,19.7194643575625
9564,9564,2017,"171151421",2017/10/11,"07:40:00",COLISIÓN POR ALCANCE,ASFALTO,Bueno,Bueno,2,FORD,GRIS,2,,,FEMENINO,SIN DATOS,0,0,Morelia,Alberto Oviedo Mota,octubre,miércoles,8,-101.201945543289,19.6779190867447
9565,9565,2017,"171151389",2017/10/11,"08:25:00",COLISIÓN POR CAMBIO DE CARRIL,ASFALTO,Bueno,Bueno,2,INTERNATIONAL,VERDE,2,,35,MASCULINO,SIN DATOS,0,0,Morelia,La Soledad,octubre,miércoles,8,-101.183341741562,19.7281700221314
9566,9566,2017,"171151417",2017/10/11,"08:45:00",COLISIÓN POR CAMBIO DE CARRIL,ASFALTO,Bueno,Bueno,2,VOLKSWAGEN,AZUL,2,,34,MASCULINO,SIN DATOS,0,0,Morelia,Pascual Ortiz de Ayala,octubre,miércoles,9,-101.149578094482,19.6950011248065
9569,9569,2017,"171152756",2017/10/11,14:36:00,COLISIÓN POR CORTE DE CIRCULACIÓN,CONCRETO,Bueno,Bueno,2,TOYOTA,AZUL,2,,47,MASCULINO,CON CERTIFICADO,0,0,Morelia,Molino de Parras,octubre,miércoles,15,-101.203297376633,19.6940011030181
9570,9570,2017,"171153186",2017/10/11,15:55:00,COLISIÓN POR ALCANCE,ASFALTO,Bueno,Bueno,2,PEUGEOT,GRIS,2,,,MASCULINO,SIN DATOS,0,0,Tarímbaro,Sin datos,octubre,miércoles,16,-101.145114898682,19.7723575843032
9571,9571,2017,,2017/10/11,16:05:00,CAIDA DE MOTOCICLETA,ASFALTO,Bueno,Bueno,1,BAJAJ,ROJO,0,MINISTERIO PÚBLICO,,,,0,0,Morelia,Tinijaro,octubre,miércoles,16,-101.261630058289,19.6968597345637
9573,9573,2017,"17153219",2017/10/11,16:55:00,COLISIÓN POR CAMBIO DE CARRIL,ASFALTO,Bueno,Bueno,2,CHEVROLET,ARENA,1,,,,,1,0,Morelia,Gertrudis Sanchez,octubre,miércoles,17,-101.205776745,19.7441101549991
9574,9574,2017,"171153485",2017/10/11,17:45:00,COLISIÓN POR MANIOBRA DE REVERSA,CONCRETO,Bueno,Bueno,2,NISSAN,PLATA,2,,56,FEMENINO,SIN DATOS,0,0,Morelia,Matamoros,octubre,miércoles,18,-101.166100502014,19.6965364996346
9575,9575,2017,,2017/10/11,18:00:00,COLISIÓN POR CORTE DE CIRCULACIÓN,ASFALTO,Bueno,Bueno,2,SEAT,BLANCO,4,MINISTERIO PÚBLICO,25,,SIN DATOS,2,0,Lázaro Cárdenas,Jose Green,octubre,miércoles,18,-102.203063964844,17.9662519892548
9576,9576,2017,,2017/10/11,18:40:00,COLISIÓN POR CORTE DE CIRCULACIÓN,CONCRETO,Bueno,Bueno,2,ITALIKA,NEGRO,2,,24,MASCULINO,SIN DATOS,0,0,Morelia,Nueva Chapultepec,octubre,miércoles,19,-101.172274947166,19.6901373237757
9577,9577,2017,"171153946",2017/10/11,20:25:00,COLISIÓN POR CAMBIO DE CARRIL,ASFALTO,Bueno,Bueno,2,FORD,BLANCO Y ROJO,2,,,MASCULINO,SIN DATOS,0,0,Morelia,Ferrocarrilero,octubre,miércoles,20,-101.217470169067,19.6976880210899
9578,9578,2017,"171157842",2017/10/12,"00:00:00",COLISIÓN POR ALCANCE,ASFALTO,Bueno,Bueno,2,VOLKSWAGEN,BEIGE,2,,16,MASCULINO,SIN DATOS,0,0,Morelia,Industrial,octubre,jueves,0,-101.197428703308,19.7133034499641
9580,9580,2017,"171154758",2017/10/12,"07:30:00",COLISIÓN POR CORTE DE CIRCULACIÓN,ASFALTO,Bueno,Bueno,2,SIN DATOS,GRIS,2,,,,SIN DATOS,0,0,Morelia,Centro,octubre,jueves,8,-101.197417974472,19.6976981221186
9581,9581,2017,"171154918",2017/10/12,"08:23:00",COLISIÓN POR ALCANCE,ASFALTO,Bueno,Bueno,2,FORD,NEGRO Y CAFE,2,,62,MASCULINO,SIN DATOS,0,0,Morelia,Loma de Los Piñones,octubre,jueves,8,-101.205110549927,19.6742519185265
9583,9583,2017,"171154976",2017/10/12,"09:00:00",COLISIÓN POR CORTE DE CIRCULACIÓN,ASFALTO,Bueno,Bueno,2,FORD,ARENA,2,MINISTERIO PÚBLICO,,,,2,0,Morelia,Sin datos,octubre,jueves,9,-101.174613833427,19.745509242084
9584,9584,2017,"171755207",2017/10/12,"09:25:00",COLISIÓN POR ALCANCE,ASFALTO,Bueno,Bueno,2,CHEVROLET,BLANCO,2,,31,FEMENINO,SIN DATOS,0,0,Morelia,Felix Ireta,octubre,jueves,9,-101.187284588814,19.6811871397552
9585,9585,2017,"171155108",2017/10/12,"09:40:00",COLISIÓN POR NO RESPETAR SEMÁFORO,ASFALTO,Bueno,Regular,2,YAMAHA,BLANCO,2,,22,MASCULINO,SIN DATOS,0,0,Morelia,Jardines de Torremolinos,octubre,jueves,10,-101.225709915161,19.6770603909685
9586,9586,2017,"171155476",2017/10/12,11:55:00,COLISIÓN POR CORTE DE CIRCULACIÓN,ASFALTO,Bueno,Regular,2,NISSAN,BLANCO,2,,68,MASCULINO,SIN DATOS,0,0,Morelia,Ventura Puente,octubre,jueves,12,-101.191796064377,19.6930515815985
9587,9587,2017,"1711568",2017/10/12,14:55:00,COLISIÓN POR CAMBIO DE CARRIL,ASFALTO,Bueno,Bueno,2,JEEP,NEGRO,2,,58,FEMENINO,SIN DATOS,0,0,Tarímbaro,El Trebol,octubre,jueves,15,-101.154092252254,19.7676021524414
9588,9588,2017,"171156754",2017/10/12,16:40:00,COLISIÓN POR CORTE DE CIRCULACIÓN,CONCRETO,Bueno,Bueno,2,HONDA,BLANCO Y AZUL,2,,20,MASCULINO,SIN DATOS,0,0,Morelia,Centro,octubre,jueves,17,-101.192525625229,19.7010920316794
9589,9589,2017,,2017/10/12,19:00:00,COLISIÓN POR MANIOBRA DE REVERSA,ASFALTO,Bueno,Bueno,2,NISSAN,BLANCO,2,,36,MASCULINO,SIN DATOS,0,0,Morelia,Infonavit  Las  Camelinas,octubre,jueves,19,-101.174297332764,19.6819902523146
9590,9590,2017,"171158119",2017/10/12,21:50:00,COLISIÓN POR CORTE DE CIRCULACIÓN,ASFALTO,Bueno,Bueno,2,MERCEDES BENZ,VERDE,2,,39,MASCULINO,SIN DATOS,0,0,Morelia,Dr Miguel Silva,octubre,jueves,22,-101.178438663483,19.7196865497942
9591,9591,2017,"171158205",2017/10/12,23:00:00,COLISIÓN POR CORTE DE CIRCULACIÓN,ASFALTO,Bueno,Regular,2,NISSAN,BLANCO,2,,48,MASCULINO,SIN DATOS,0,0,Morelia,Tenencia Morelos,octubre,jueves,23,-101.247425079346,19.6492563668338
9592,9592,2017,"171158484",2017/10/13,"02:30:00",VOLCADURA,ASFALTO,Bueno,Bueno,1,CHEVROLET,GRIS,1,,41,MASCULINO,ALIENTO ETÍLICO,0,0,Morelia,San Jose Itzicuaro,octubre,viernes,3,-101.299867630005,19.6874452499194
9593,9593,2017,"171158528",2017/10/13,"04:08:00",COLISIÓN POR CORTE DE CIRCULACIÓN,ASFALTO,Bueno,Bueno,2,NISSAN,GRIS,2,,24,MASCULINO,ALIENTO ETÍLICO,0,0,Morelia,Los Manantiales de Morelia,octubre,viernes,4,-101.241760253906,19.6959708369378
9594,9594,2017,,2017/10/13,"06:55:00",COLISIÓN CONTRA OBJETO FIJO,CONCRETO,Bueno,Bueno,1,VOLKSWAGEN,PLATA,1,,19,MASCULINO,SIN DATOS,0,0,Morelia,Nueva Jacarndas,octubre,viernes,7,-101.187783479691,19.6791919684865
9595,9595,2017,"171158625",2017/10/13,"07:20:00",COLISIÓN POR INVASIÓN DE CARRIL,ASFALTO,Bueno,Bueno,2,VOLKSWAGEN,BEIGE,1,MINISTERIO PÚBLICO,,,,1,0,Charo,Sin datos,octubre,viernes,7,-101.07310295105,19.683162082284
9596,9596,2017,"171158691",2017/10/13,"07:50:00",COLISIÓN POR CAMBIO DE CARRIL,CONCRETO,Bueno,Bueno,2,VOLVO,AZUL,2,,34,FEMENINO,SIN DATOS,0,0,Morelia,Balcones de Santa Maria,octubre,viernes,8,-101.184468269348,19.6770048281421
9597,9597,2017,"171159402",2017/10/13,12:25:00,COLISIÓN POR CORTE DE CIRCULACIÓN,ASFALTO,Bueno,Bueno,2,CHEVROLET,NEGRO,2,,23,FEMENINO,SIN DATOS,0,0,Morelia,Granjas del Maestro,octubre,viernes,12,-101.18868470192,19.7138286513435
9598,9598,2017,"171159471",2017/10/13,12:50:00,COLISIÓN POR ALCANCE,ASFALTO,Bueno,Bueno,2,TOYOTA,ROJO,2,,40,MASCULINO,SIN DATOS,0,0,Morelia,Insurgentes,octubre,viernes,13,-101.153837442398,19.6952031486517
9599,9599,2017,"171159717",2017/10/13,13:10:00,COLISIÓN POR CAMBIO DE CARRIL,ASFALTO,Bueno,Bueno,2,MERCEDES BENZ,GRIS,2,,23,FEMENINO,SIN DATOS,0,0,Morelia,Francisco J Mujica,octubre,viernes,13,-101.188287734985,19.7214438774721
9600,9600,2017,"171159703",2017/10/13,14:00:00,COLISIÓN POR CAMBIO DE CARRIL,ASFALTO,Bueno,Bueno,2,MAZDA,ROJO,2,,24,MASCULINO,SIN DATOS,0,0,Morelia,Morelos,octubre,viernes,14,-101.184339523315,19.7240091372097
9601,9601,2017,"171158991",2017/10/13,14:30:00,COLISIÓN POR CORTE DE CIRCULACIÓN,ASFALTO,Bueno,Bueno,2,HONDA,PLATA,2,MINISTERIO PÚBLICO,,MASCULINO,SIN DATOS,0,0,Morelia,Chapultepec Sur,octubre,viernes,15,-101.169855594635,19.6900110549068
9602,9602,2017,"0171160026",2017/10/13,14:55:00,COLISIÓN POR CORTE DE CIRCULACIÓN,ASFALTO,Bueno,Bueno,2,NISSAN,BLANCO,2,,38,MASCULINO,SIN DATOS,0,0,Morelia,Lomas del Tecnologico,octubre,viernes,15,-101.188631057739,19.720171331773
9603,9603,2017,"171160134",2017/10/13,15:40:00,COLISIÓN POR CORTE DE CIRCULACIÓN,ASFALTO,Bueno,Bueno,2,NISSAN,BLANCO,2,,,MASCULINO,SIN DATOS,0,0,Morelia,Del Empleado,octubre,viernes,16,-101.18002517,19.6886070099992
9604,9604,2017,"171160210",2017/10/13,15:40:00,COLISIÓN POR ALCANCE,ASFALTO,Bueno,Bueno,2,NISSAN,BLANCO,2,,28,MASCULINO,SIN DATOS,0,0,Morelia,Lazaro Cardenas,octubre,viernes,16,-101.164319515228,19.7087381653129
9605,9605,2017,"171159935",2017/10/13,15:50:00,COLISIÓN POR CORTE DE CIRCULACIÓN,ASFALTO,Bueno,Bueno,2,CHEVROLET,ARENA,0,MINISTERIO PÚBLICO,,,,0,0,Morelia,Libertad,octubre,viernes,16,-101.233949661255,19.6862582986643
9606,9606,2017,"171160738",2017/10/13,18:00:00,COLISIÓN POR ALCANCE,CONCRETO,Bueno,Bueno,6,DODGE,PLATA,6,,,MASCULINO,SIN DATOS,0,0,Morelia,Chapultepec Sur,octubre,viernes,18,-101.176003217697,19.691900026788
9607,9607,2017,"171160746",2017/10/13,18:30:00,COLISIÓN POR ALCANCE,ASFALTO,Bueno,Bueno,3,CHRYSLER,BLANCO,3,,61,MASCULINO,SIN DATOS,0,0,Morelia,Alberto Oviedo Mota,octubre,viernes,19,-101.199316978455,19.6812325990642
9608,9608,2017,"171160787",2017/10/13,18:30:00,COLISIÓN POR CORTE DE CIRCULACIÓN,ASFALTO,Bueno,Bueno,2,MAZDA,GRIS,2,MINISTERIO PÚBLICO,45,FEMENINO,SIN DATOS,0,0,Morelia,Erendira,octubre,viernes,19,-101.168310642242,19.7023546284726
9609,9609,2017,"171160861",2017/10/13,19:10:00,COLISIÓN POR ALCANCE,ASFALTO,Bueno,Bueno,2,NISSAN,BLANCO Y ROSA,3,,,,,3,0,Morelia,Francisco J Mujica,octubre,viernes,19,-101.193115711212,19.7237667522243
9610,9610,2017,"171161972",2017/10/13,22:50:00,COLISIÓN POR ALCANCE,CONCRETO,Bueno,Bueno,2,TOYOTA,BLANCO,2,MINISTERIO PÚBLICO,,FEMENINO,SIN DATOS,0,0,Morelia,Sin datos,octubre,viernes,23,-101.145082712173,19.7030919803914
9611,9611,2017,"171161937",2017/10/13,23:10:00,COLISIÓN POR CORTE DE CIRCULACIÓN,CONCRETO,Bueno,Bueno,1,NISSAN,PLATA,0,,,,,0,0,Morelia,Lomas de Huerta,octubre,viernes,23,-101.210025697947,19.6734121453995
9612,9612,2017,"171161092",2017/10/13,23:45:00,SALIDA DE SUPERFICIE DE RODAMIENTO,ASFALTO,Nublado,Regular,1,KENWORTH,ROJO Y BLANCO,1,,,,SIN DATOS,0,0,Tzitzio,Tzitzio,octubre,viernes,0,-100.927619934082,19.5889034523114
9613,9613,2017,"171849971",2017/10/14,"00:00:00",COLISIÓN POR CAMBIO DE CARRIL,ASFALTO,Lluvioso,Bueno,2,FORD,GRIS,2,,52,FEMENINO,SIN DATOS,0,0,Morelia,Loma de Los Piñones,octubre,sábado,0,-101.20504617691,19.674292328551
9614,9614,2017,"171114932",2017/10/14,"00:00:00",COLISIÓN POR CORTE DE CIRCULACIÓN,ASFALTO,Bueno,Bueno,2,,,2,,42,MASCULINO,SIN DATOS,0,0,Morelia,Tres Puentes,octubre,sábado,0,-101.213843822479,19.7028192615846
9615,9615,2017,"171165386",2017/10/14,"00:00:00",COLISIÓN POR CAMBIO DE CARRIL,ASFALTO,Bueno,Bueno,2,HONDA,BLANCO,2,,53,MASCULINO,SIN DATOS,0,0,Morelia,Vicente Guerrero,octubre,sábado,0,-101.228799819946,19.702799060173
9616,9616,2017,"1715956102",2017/10/14,"00:00:00",COLISIÓN POR ALCANCE,CONCRETO,Bueno,Bueno,2,TOYOTA,NEGRO,2,,49,MASCULINO,SIN DATOS,0,0,Morelia,Felix Ireta,octubre,sábado,0,-101.185321211815,19.6812123949285
9617,9617,2017,"171162220",2017/10/14,"03:30:00",COLISIÓN POR CAMBIO DE CARRIL,ASFALTO,Bueno,Bueno,2,SEAT,GRIS,2,MINISTERIO PÚBLICO,18,MASCULINO,SIN DATOS,0,0,Morelia,Chapultepec Sur,octubre,sábado,4,-101.165832281113,19.6895514353827
9618,9618,2017,"17162220",2017/10/14,"03:30:00",COLISIÓN POR CAMBIO DE CARRIL,ASFALTO,Bueno,Bueno,2,SEAT,GRIS,1,,18,MASCULINO,SIN DATOS,0,0,Morelia,Chapultepec Oriente,octubre,sábado,4,-101.16534948349,19.6900413594444
9619,9619,2017,"171162258",2017/10/14,"03:39:00",COLISIÓN POR CORTE DE CIRCULACIÓN,ASFALTO,Bueno,Bueno,2,NISSAN,BLANCO,2,,39,MASCULINO,SIN DATOS,0,0,Morelia,Chapultepec Sur,octubre,sábado,4,-101.169898509979,19.6898494306091
9620,9620,2017,"171162706",2017/10/14,"09:50:00",COLISIÓN POR CORTE DE CIRCULACIÓN,CONCRETO,Bueno,Regular,2,CHEVROLET,GRIS,2,MINISTERIO PÚBLICO,21,MASCULINO,SIN DATOS,0,0,Morelia,Rafael Carrillo,octubre,sábado,10,-101.234550476074,19.7106168159272
9621,9621,2017,"171162729",2017/10/14,10:25:00,COLISIÓN POR NO RESPETAR SEMÁFORO,CONCRETO,Bueno,Bueno,2,HYUNDAY,AZUL,2,,23,FEMENINO,SIN DATOS,0,0,Morelia,Camelinas,octubre,sábado,10,-101.170692443848,19.6822327005978
9622,9622,2017,"17116339",2017/10/14,12:38:00,COLISIÓN POR ALCANCE,ASFALTO,Bueno,Bueno,1,VOLKSWAGEN,BLANCO,1,,39,MASCULINO,SIN DATOS,0,0,Morelia,Ciudad Industrial,octubre,sábado,13,-101.143065690994,19.7252210566221
9623,9623,2017,"171156472",2017/10/14,14:10:00,COLISIÓN POR CORTE DE CIRCULACIÓN,CONCRETO,Nublado,Regular,2,SIN DATOS,SIN DATOS,2,,,,SIN DATOS,0,0,Morelia,Ventura Puente,octubre,sábado,14,-101.188116073608,19.6924960079434
9624,9624,2017,"171163744",2017/10/14,14:25:00,COLISIÓN POR CORTE DE CIRCULACIÓN,CONCRETO,Bueno,Bueno,2,SIN DATOS,ROJO,2,MINISTERIO PÚBLICO,52,,SIN DATOS,1,0,Morelia,Jacarandas,octubre,sábado,14,-101.211563944817,19.7089906733995
9626,9626,2017,"171163932",2017/10/14,15:00:00,COLISIÓN POR ALCANCE,ASFALTO,Nublado,Regular,3,TOYOTA,ROJO,2,,31,MASCULINO,SIN DATOS,0,0,Morelia,Libertad,octubre,sábado,15,-101.23673915863,19.6853036804207
9627,9627,2017,,2017/10/14,15:10:00,COLISIÓN CONTRA OBJETO FIJO,ADOQUIN_EMPEDRADO,Bueno,Regular,2,FRERGTLINER,BLANCO,2,,,MASCULINO,SIN DATOS,0,0,Morelia,Centro,octubre,sábado,15,-101.19118388321,19.702768457823
9628,9628,2017,"171161692",2017/10/14,15:30:00,COLISIÓN POR ALCANCE,CONCRETO,Bueno,Bueno,2,MAZDA,ROJO,2,,22,MASCULINO,SIN DATOS,0,0,Morelia,Felix Ireta,octubre,sábado,16,-101.185058355331,19.6811719866493
9629,9629,2017,"171163132",2017/10/14,16:00:00,COLISIÓN POR ALCANCE,ASFALTO,Bueno,Bueno,2,VOLKWAGEN,ROJO,2,,28,MASCULINO,SIN DATOS,0,0,Morelia,Las Americas,octubre,sábado,16,-101.152195930481,19.6887180559577
9630,9630,2017,"171621141",2017/10/14,19:10:00,COLISIÓN POR CORTE DE CIRCULACIÓN,ASFALTO,Bueno,Bueno,2,CHRYSLER,BLANCO,2,,46,MASCULINO,SIN DATOS,0,0,Morelia,Ventura Puente,octubre,sábado,19,-101.190712451935,19.6911626233045
9631,9631,2017,"171164922",2017/10/14,19:10:00,COLISIÓN POR ALCANCE,ASFALTO,Bueno,Regular,3,FORD,BLANCO,2,,69,MASCULINO,SIN DATOS,0,0,Morelia,Prados Verdes,octubre,sábado,19,-101.1973965168,19.7141619513242
9632,9632,2017,"171162715",2017/10/14,19:30:00,COLISIÓN POR INVASIÓN DE CARRIL,ASFALTO,Bueno,Bueno,4,HONDA,GRIS,4,,52,MASCULINO,ALIENTO ETÍLICO,0,0,Morelia,Jardines de Guadalupe,octubre,sábado,20,-101.226632595062,19.7107380184349