fid,id_accidente,anio_origen,folio_c5i,dia_incidente,hora_ocurrencia,tipo_incidente_vial,superficie_ocurrencia,condiciones_climaticas,condiciones_via,numero_vehiculos_involucrados,marca_vehiculo_ocasiona_siniestro,color_vehiculo_ocasiona_siniestro,numero_personas_involucradas,lugar_remite_presunto_responsable,edad_presunto_responsable,sexo_presunto_responsable,resultados_toxicologia,numero_personas_lesionadas,numero_personas_fallecidas,municipio,colonia,mes,dia_semana,hora_redondeada,lon,lat
9633,9633,2017,"171165191",2017/10/14,20:40:00,COLISIÓN CONTRA OBJETO FIJO,ASFALTO,Bueno,Bueno,2,MAZDA,NEGRO,1,,47,FEMENINO,SIN DATOS,0,0,Morelia,Centro,octubre,sábado,21,-101.185675263405,19.6986779188763
9634,9634,2017,"171165271",2017/10/14,21:00:00,COLISIÓN CON PEATÓN,ASFALTO,Bueno,Bueno,1,MERCEDES BENZ,BLANCO Y AZUL,2,MINISTERIO PÚBLICO,25,MASCULINO,SIN DATOS,0,1,Morelia,Alberto Oviedo Mota,octubre,sábado,21,-101.198823451996,19.681273007328
9635,9635,2017,"17165272",2017/10/14,21:10:00,SALIDA DE SUPERFICIE DE RODAMIENTO,CONCRETO,Bueno,Bueno,1,FORD,PLATA,1,,40,FEMENINO,SIN DATOS,0,0,Morelia,Aquiles Serdan,octubre,sábado,21,-101.168058514595,19.7236253608131
9636,9636,2017,"171165501",2017/10/14,21:50:00,COLISIÓN POR INVASIÓN DE CARRIL,ASFALTO,Bueno,Regular,2,TOYOTA,BLANCO Y GRIS,2,,23,MASCULINO,SIN DATOS,0,0,Morelia,Felix Ireta,octubre,sábado,22,-101.189575195313,19.6825357604358
9637,9637,2017,"171181613",2017/10/14,22:00:00,COLISIÓN POR INVASIÓN DE CARRIL,ASFALTO,Bueno,Bueno,2,CHEVROLET,VERDE,0,MINISTERIO PÚBLICO,,,,0,0,Morelia,San Jose Itzicuaro,octubre,sábado,22,-101.304438114166,19.6879503328915
9638,9638,2017,"171",2017/10/14,22:00:00,COLISIÓN POR CAMBIO DE CARRIL,CONCRETO,Bueno,Bueno,2,YAMAHA,AZUL,2,MINISTERIO PÚBLICO,28,,SIN DATOS,0,0,Morelia,Melchor Ocampo,octubre,sábado,22,-101.202932596207,19.7072534096999
9639,9639,2017,,2017/10/14,22:30:00,COLISIÓN POR ALCANCE,ASFALTO,Bueno,Bueno,2,NISSAN,BLANCO,4,MINISTERIO PÚBLICO,35,MASCULINO,SIN DATOS,2,0,Sahuayo,Los Sauces,octubre,sábado,23,-102.716588973999,20.0466590278522
9640,9640,2017,LEG10151,2017/10/14,22:40:00,COLISIÓN POR CORTE DE CIRCULACIÓN,ASFALTO,Bueno,Bueno,1,HONDA,ROJO,1,,21,FEMENINO,ALIENTO ETÍLICO,0,0,Morelia,Felix Ireta,octubre,sábado,23,-101.19567990303,19.6816467832851
9641,9641,2017,"171165673",2017/10/14,23:30:00,COLISIÓN CONTRA OBJETO FIJO,ASFALTO,Bueno,Bueno,2,CHEVROLET,BLANCO,2,,40,MASCULINO,SIN DATOS,0,0,Morelia,Centro,octubre,sábado,0,-101.186624765396,19.7019556489627
9642,9642,2017,,2017/10/14,23:40:00,COLISIÓN POR ALCANCE,ASFALTO,Bueno,Regular,2,VW,VERDE OBSCURO,2,,32,,SIN DATOS,0,0,Uruapan,Sin datos,octubre,sábado,0,-102.059555053711,19.3493716221152
9643,9643,2017,,2017/10/15,"00:45:00",VOLCADURA,ASFALTO,Bueno,Bueno,1,CHEVROLET,ROJO,0,,,,,0,0,Morelia,Leandro Valle,octubre,domingo,1,-101.229486465454,19.7177070081221
9645,9645,2017,"171166093",2017/10/15,"04:00:00",COLISIÓN POR MANIOBRA DE REVERSA,ASFALTO,Bueno,Bueno,2,AUDI,BLANCO,1,,32,MASCULINO,SIN DATOS,0,0,Morelia,Cinco de Diciembre,octubre,domingo,4,-101.165639162064,19.6844551260938
9646,9646,2017,"171166163",2017/10/15,"05:00:00",COLISIÓN POR INVASIÓN DE CARRIL,CONCRETO,Bueno,Bueno,2,SEAT,AZUL,2,,29,MASCULINO,SIN DATOS,0,0,Morelia,Vasco de Quiroga,octubre,domingo,5,-101.169099211693,19.7029657217423
9647,9647,2017,"171166178",2017/10/15,"05:40:00",SALIDA DE SUPERFICIE DE RODAMIENTO,ASFALTO,Bueno,Bueno,1,NISSAN,GRIS,2,,29,MASCULINO,SIN DATOS,1,0,Morelia,San Jose Itzicuaro,octubre,domingo,6,-101.304438114166,19.6879503328915
9649,9649,2017,"171176892",2017/10/15,11:10:00,COLISIÓN POR ALCANCE,ASFALTO,Bueno,Bueno,2,HONDA,AZUL,2,,,MASCULINO,SIN DATOS,0,0,Morelia,Ciudad Industrial,octubre,domingo,11,-101.148591041565,19.7212216876833
9650,9650,2017,"171167041",2017/10/15,12:35:00,SALIDA DE SUPERFICIE DE RODAMIENTO,ASFALTO,Bueno,Bueno,4,MAZDA,ROJO,3,MINISTERIO PÚBLICO,,,SIN DATOS,2,0,Morelia,Sin datos,octubre,domingo,13,-101.409773826599,19.6442850813838
9651,9651,2017,"171167564",2017/10/15,14:25:00,COLISIÓN POR ALCANCE,ASFALTO,Bueno,Bueno,2,CHEVROLET,BLANCO Y VERDE,2,MINISTERIO PÚBLICO,45,MASCULINO,SIN DATOS,0,0,Morelia,Sin datos,octubre,domingo,14,-101.290791034698,19.6002238762617
9652,9652,2017,"171168139",2017/10/15,15:50:00,COLISIÓN POR ALCANCE,ASFALTO,Bueno,Bueno,2,VOLKSWAGEN,AZUL,2,,26,MASCULINO,SIN DATOS,0,0,Morelia,Loma de Los Piñones,octubre,domingo,16,-101.205099821091,19.6741508934208
9653,9653,2017,"171168062",2017/10/15,16:30:00,COLISIÓN POR CAMBIO DE CARRIL,ASFALTO,Bueno,Bueno,2,FORD,ROJO,2,,28,MASCULINO,ALIENTO ETÍLICO,0,0,Morelia,Rector Diaz Rubio,octubre,domingo,17,-101.197643280029,19.6686398774143
9654,9654,2017,"171168235",2017/10/15,17:00:00,COLISIÓN POR MANIOBRA DE REVERSA,CONCRETO,Bueno,Bueno,2,NISSAN,BLANCO,2,,53,MASCULINO,SIN DATOS,0,0,Morelia,Lomas de Guayangareo,octubre,domingo,17,-101.161967217922,19.7033823749063
9655,9655,2017,"171169124",2017/10/15,17:50:00,COLISIÓN POR INVASIÓN DE CARRIL,ASFALTO,Bueno,Bueno,2,CHEVROLET,GRIS,2,,32,MASCULINO,SIN DATOS,0,0,Morelia,Las Americas,octubre,domingo,18,-101.156702041626,19.6878291131235
9656,9656,2017,"171168646",2017/10/15,18:30:00,COLISIÓN POR ALCANCE,ASFALTO,Bueno,Bueno,2,V.W.,GRIS,2,,24,FEMENINO,SIN DATOS,0,0,Morelia,Centro,octubre,domingo,19,-101.196076869965,19.7031424838232
9657,9657,2017,"171168735",2017/10/15,18:40:00,COLISIÓN POR CORTE DE CIRCULACIÓN,ASFALTO,Bueno,Bueno,2,NISSAN,BLANCO,4,MINISTERIO PÚBLICO,,,SIN DATOS,2,0,Morelia,Sin datos,octubre,domingo,19,-101.315145492554,19.6873644364961
9658,9658,2017,,2017/10/15,19:30:00,COLISIÓN POR ALCANCE,ASFALTO,Bueno,Bueno,2,FORD,BLANCO,2,,,,SIN DATOS,0,0,Morelia,Agustin Arriaga Rivera,octubre,domingo,20,-101.222477588213,19.6905696933008
9659,9659,2017,,2017/10/15,20:50:00,CAIDA DE MOTOCICLETA,ASFALTO,Bueno,Bueno,1,ITALIKA,AZUL/BLANCO,0,MINISTERIO PÚBLICO,,,,0,0,Jungapeo,Sin datos,octubre,domingo,21,-100.44490814209,19.4853655730051
9660,9660,2017,"171169129",2017/10/15,20:50:00,COLISIÓN POR CAMBIO DE CARRIL,ASFALTO,Bueno,Bueno,2,VOLKSWAGEN,BLANCO,2,,,MASCULINO,SIN DATOS,0,0,Morelia,El Lago 1,octubre,domingo,21,-101.21789932251,19.7274630833047
9661,9661,2017,"171769277",2017/10/15,21:00:00,COLISIÓN POR ALCANCE,CONCRETO,Bueno,Bueno,2,V.W.,GRIS,2,,39,MASCULINO,ALIENTO ETÍLICO,0,0,Morelia,Lomas de Hidalgo,octubre,domingo,21,-101.158955097198,19.6956678025279
9662,9662,2017,,2017/10/15,21:10:00,COLISIÓN POR CORTE DE CIRCULACIÓN,ASFALTO,Bueno,Bueno,2,CHEVROLET,GRIS,1,MINISTERIO PÚBLICO,,,SIN DATOS,0,0,Buenavista,Sin datos,octubre,domingo,21,-102.578873634338,19.2060100964452
9663,9663,2017,"171825471",2017/10/16,"01:20:00",COLISIÓN POR CAMBIO DE CARRIL,CONCRETO,Bueno,Bueno,2,CHEVROLET,GRIS,1,,35,MASCULINO,ALIENTO ETÍLICO,0,0,Morelia,Chapultepec Sur,octubre,lunes,1,-101.165864467621,19.6906474489926
9664,9664,2017,"171169715",2017/10/16,"01:38:00",COLISIÓN CONTRA OBJETO FIJO,ASFALTO,Bueno,Bueno,1,NISSAN,BLANCO/ROJO,1,,0,MASCULINO,SIN DATOS,0,0,Morelia,Los Manantiales de Morelia,octubre,lunes,2,-101.240301132202,19.6929404670218
9665,9665,2017,"171170019",2017/10/16,"03:33:00",COLISIÓN POR CORTE DE CIRCULACIÓN,ASFALTO,Bueno,Bueno,3,NISSAN,BLANCO,2,,32,MASCULINO,SIN DATOS,0,0,Morelia,Gertrudis Sanchez,octubre,lunes,4,-101.211955547333,19.7431967816632
9666,9666,2017,"171169853",2017/10/16,"05:20:00",SUBIDA AL CAMELLÓN,ASFALTO,Bueno,Bueno,1,CHEVROLET,BLANCO,0,,,,,0,0,Morelia,Francisco J Mujica,octubre,lunes,5,-101.188244819641,19.7216862659804
9667,9667,2017,,2017/10/16,"09:20:00",COLISIÓN POR ALCANCE,ASFALTO,Bueno,Bueno,2,NISSAN,ROJO,2,,40,FEMENINO,SIN DATOS,0,0,Morelia,Jose Ma Pino Suarez,octubre,lunes,9,-101.16494178772,19.7274024884025
9669,9669,2017,"171170414",2017/10/16,10:50:00,COLISIÓN POR CORTE DE CIRCULACIÓN,ASFALTO,Bueno,Bueno,2,NISSAN,ROJO,2,,27,FEMENINO,SIN DATOS,0,0,Morelia,Indeco El Vivero,octubre,lunes,11,-101.229979991913,19.6771614142399
9670,9670,2017,"171496158",2017/10/16,10:50:00,COLISIÓN POR ALCANCE,ASFALTO,Bueno,Bueno,2,DODGE,BLANCO,2,,48,MASCULINO,SIN DATOS,0,0,Morelia,Ciudad Industrial,octubre,lunes,11,-101.143183708191,19.7251200636888
9671,9671,2017,,2017/10/16,11:23:00,COLISIÓN POR CORTE DE CIRCULACIÓN,ASFALTO,Bueno,Bueno,2,CHEVROLET,ARENA,8,MINISTERIO PÚBLICO,,,SIN DATOS,6,0,Buenavista,Loma Bonita,octubre,lunes,11,-102.580375671387,19.2090495750855
9672,9672,2017,"171170874",2017/10/16,12:35:00,COLISIÓN POR ALCANCE,ASFALTO,Bueno,Regular,2,INTERNACIONAL,BLANCO,2,,44,MASCULINO,SIN DATOS,0,0,Morelia,Centro,octubre,lunes,13,-101.191785335541,19.6960516460168
9673,9673,2017,"171171150",2017/10/16,13:50:00,COLISIÓN POR CORTE DE CIRCULACIÓN,ASFALTO,Bueno,Bueno,2,MERCEDES BENZ,AMARILLO,2,,52,MASCULINO,SIN DATOS,0,0,Morelia,Las Flores,octubre,lunes,14,-101.205990314484,19.7025768444771
9674,9674,2017,"171171422",2017/10/16,14:35:00,COLISIÓN POR ALCANCE,CONCRETO,Bueno,Bueno,2,CHEVROLET,ROJO,2,,38,,SIN DATOS,0,0,Morelia,Centro,octubre,lunes,15,-101.203780174255,19.7027586573421
9675,9675,2017,"171438953",2017/10/16,14:40:00,COLISIÓN POR ALCANCE,ASFALTO,Bueno,Bueno,2,NISSAN,BLANCO/CAFE,2,,21,MASCULINO,SIN DATOS,0,0,Morelia,Infonavit  Las  Camelinas,octubre,lunes,15,-101.173868179321,19.6838086054937
9676,9676,2017,"171171589",2017/10/16,15:15:00,COLISIÓN POR CORTE DE CIRCULACIÓN,ASFALTO,Bueno,Regular,2,FREIGHTLINER,BLANCO,2,,58,MASCULINO,SIN DATOS,0,0,Morelia,Indeco El Vivero,octubre,lunes,15,-101.230001449585,19.6769896746406
9677,9677,2017,"171171506",2017/10/16,15:20:00,COLISIÓN POR ALCANCE,ASFALTO,Bueno,Regular,2,FORD,BLANCO,2,,43,FEMENINO,SIN DATOS,0,0,Morelia,Vasco de Quiroga,octubre,lunes,15,-101.169877052307,19.7052030102439
9679,9679,2017,,2017/10/16,16:54:00,COLISIÓN POR CORTE DE CIRCULACIÓN,CONCRETO,Bueno,Bueno,2,NISSAN,BLANCO,1,,25,MASCULINO,SIN DATOS,0,0,Pátzcuaro,Centro,octubre,lunes,17,-101.60774230957,19.5154226609325
9680,9680,2017,"171172018",2017/10/16,17:32:00,COLISIÓN POR ALCANCE,ASFALTO,Bueno,Bueno,2,JEEP,ROJO,2,,30,FEMENINO,SIN DATOS,0,0,Morelia,Gertrudis Bocanegra,octubre,lunes,18,-101.209723949432,19.7021526136552
9681,9681,2017,"171172230",2017/10/16,17:55:00,COLISIÓN POR INVASIÓN DE CARRIL,ASFALTO,Bueno,Bueno,2,INTERNACIONAL,BLANCO,2,,20,MASCULINO,SIN DATOS,0,0,Morelia,Jardines de Sindurio,octubre,lunes,18,-101.256708204746,19.6974935761624
9682,9682,2017,"171172391",2017/10/16,18:20:00,COLISIÓN POR CORTE DE CIRCULACIÓN,ASFALTO,Bueno,Bueno,2,AUDI,BLANCO,2,,27,,SIN DATOS,0,0,Morelia,Puerta Tres Marias Norte,octubre,lunes,18,-101.141102313995,19.6921727642023
9684,9684,2017,"171172467",2017/10/16,19:15:00,COLISIÓN POR ALCANCE,CONCRETO,Bueno,Bueno,2,HONDA,NEGRO/ROJO,2,MINISTERIO PÚBLICO,67,MASCULINO,SIN DATOS,1,0,Morelia,Nueva Chapultepec,octubre,lunes,19,-101.172280311584,19.6903545059974
9685,9685,2017,"171272619",2017/10/16,19:15:00,COLISIÓN POR ALCANCE,ASFALTO,Bueno,Regular,2,CHEVROLET,GRIS,2,,27,MASCULINO,SIN DATOS,0,0,Morelia,Las Flores,octubre,lunes,19,-101.208475381136,19.708276074482
9686,9686,2017,"171172519",2017/10/16,19:25:00,CAIDA DE MOTOCICLETA,ASFALTO,Bueno,Bueno,1,KORAZAI,NEGRO,0,MINISTERIO PÚBLICO,,,,0,0,Morelia,Ampliacion La Soledad,octubre,lunes,19,-101.183309555054,19.7301494342052
9687,9687,2017,"171172753",2017/10/16,20:05:00,COLISIÓN POR CAMBIO DE CARRIL,CONCRETO,Bueno,Bueno,2,YAMAHA,ROJO,3,,22,MASCULINO,SIN DATOS,1,0,Morelia,Santa Maria de Guido,octubre,lunes,20,-101.190401315689,19.676908855942
9688,9688,2017,"171172983",2017/10/16,20:30:00,COLISIÓN POR ALCANCE,ASFALTO,Bueno,Bueno,2,JEEP,NEGRO,2,,24,FEMENINO,SIN DATOS,0,0,Morelia,Industrial,octubre,lunes,21,-101.188416481018,19.7109198220242
9689,9689,2017,"171173272",2017/10/16,23:00:00,COLISIÓN POR ALCANCE,TERRACERIA,Bueno,Malo,1,FORD,BLANCO,2,,28,MASCULINO,SIN DATOS,1,0,Morelia,Presa de Los Reyes,octubre,lunes,23,-101.210099458694,19.7323106010136
9690,9690,2017,"171173797",2017/10/17,"07:40:00",COLISIÓN POR CAMBIO DE CARRIL,ASFALTO,Bueno,Bueno,2,INTERNATIONAL,BLANCO,2,,23,MASCULINO,SIN DATOS,0,0,Morelia,San Pascual,octubre,martes,8,-101.267380714417,19.6954455769293
9691,9691,2017,"171163881",2017/10/17,"08:20:00",COLISIÓN POR ALCANCE,ASFALTO,Bueno,Bueno,3,VOLKSWAGEN,BLANCO,3,,28,MASCULINO,SIN DATOS,0,0,Morelia,Alberto Oviedo Mota,octubre,martes,8,-101.201999187469,19.6779392912957
9692,9692,2017,"171174056",2017/10/17,10:00:00,SALIDA DE SUPERFICIE DE RODAMIENTO,ASFALTO,Bueno,Bueno,2,NISSAN,GRIS,2,,27,MASCULINO,SIN DATOS,0,0,Morelia,Lomas del Tecnologico,octubre,martes,10,-101.188459396362,19.7213024840059
9693,9693,2017,LEG10214,2017/10/17,10:00:00,COLISIÓN POR ALCANCE,ASFALTO,Bueno,Bueno,4,CHEVROLET,NARANJA,4,,67,MASCULINO,SIN DATOS,0,0,Morelia,Santiaguito,octubre,martes,10,-101.1887383461,19.718333192322
9694,9694,2017,"171174190",2017/10/17,10:05:00,COLISIÓN POR CAMBIO DE CARRIL,ASFALTO,Bueno,Bueno,2,KENWORTH,BLANCO Y ROJO,2,,35,MASCULINO,SIN DATOS,0,0,Morelia,Felix Ireta,octubre,martes,10,-101.181399822235,19.6817680077325
9695,9695,2017,"171174112",2017/10/17,10:25:00,COLISIÓN POR CORTE DE CIRCULACIÓN,SIN_DATOS,Bueno,Bueno,1,HONDA,BLANCO,0,,,,,0,0,Morelia,Centro,octubre,martes,10,-101.202363967896,19.7036475172638
9696,9696,2017,"171174157",2017/10/17,10:28:00,COLISIÓN POR CAMBIO DE CARRIL,ASFALTO,Bueno,Bueno,2,VOLKSWAGEN,AZUL,2,,37,MASCULINO,SIN DATOS,0,0,Morelia,Campestre Los Manantiales,octubre,martes,10,-101.238477230072,19.6884756174923
9697,9697,2017,"171164191",2017/10/17,10:30:00,COLISIÓN POR ALCANCE,ASFALTO,Bueno,Bueno,5,MITSUBISHI,GUINDA,5,MINISTERIO PÚBLICO,,MASCULINO,SIN DATOS,0,0,Morelia,Felix Ireta,octubre,martes,11,-101.195669174194,19.6817073955203
9698,9698,2017,"171174423",2017/10/17,10:45:00,COLISIÓN CONTRA OBJETO FIJO,ASFALTO,Bueno,Bueno,1,CHEVROLET,BLANCO,1,,34,MASCULINO,SIN DATOS,0,0,Morelia,Centro,octubre,martes,11,-101.196699142456,19.7063342683662
9699,9699,2017,"171173872",2017/10/17,12:05:00,COLISIÓN POR CORTE DE CIRCULACIÓN,ASFALTO,Bueno,Bueno,2,VOLKSWAGEN,ROJO,2,,24,MASCULINO,SIN DATOS,0,0,Morelia,2 de Octubre,octubre,martes,12,-101.38649225235,19.6676447425032
9700,9700,2017,"171175223",2017/10/17,14:50:00,COLISIÓN POR CAMBIO DE CARRIL,ASFALTO,Bueno,Bueno,2,VOLKSWAGEN,ROJO,2,,66,FEMENINO,SIN DATOS,0,0,Morelia,Morelos,octubre,martes,15,-101.207814216614,19.7009001160946
9701,9701,2017,"171175333",2017/10/17,15:25:00,COLISIÓN POR ALCANCE,ASFALTO,Bueno,Bueno,2,KENWORTH,NARANJA,2,,33,MASCULINO,SIN DATOS,0,0,Morelia,Bosques de Oriente,octubre,martes,15,-101.155414581299,19.7158082410374
9702,9702,2017,"171175325",2017/10/17,15:40:00,COLISIÓN POR ALCANCE,ASFALTO,Bueno,Bueno,2,HONDA,ROJO,1,,18,MASCULINO,SIN DATOS,0,0,Tarímbaro,Sin datos,octubre,martes,16,-101.135931015015,19.7754268322909
9703,9703,2017,,2017/10/17,16:00:00,COLISIÓN POR CORTE DE CIRCULACIÓN,ASFALTO,Bueno,Bueno,3,NISSAN,BLANCO,1,MINISTERIO PÚBLICO,,MASCULINO,SIN DATOS,0,0,Tuxpan,Sin datos,octubre,martes,16,-100.472545623779,19.5217731746507
9704,9704,2017,"171175732",2017/10/17,17:05:00,COLISIÓN POR ALCANCE,CONCRETO,Bueno,Bueno,2,NISSAN,GRIS,2,,32,MASCULINO,SIN DATOS,0,0,Morelia,Molino de Parras,octubre,martes,17,-101.203511953354,19.6954152734146
9705,9705,2017,"171175768",2017/10/17,17:30:00,COLISIÓN POR MANIOBRA DE REVERSA,ASFALTO,Bueno,Bueno,2,NAVISTAR,BLANCO,2,,45,MASCULINO,SIN DATOS,0,0,Morelia,Victor Manuel Tinoco Rubi,octubre,martes,18,-101.243305206299,19.7004152756971
9706,9706,2017,"171175926",2017/10/17,18:05:00,COLISIÓN POR ALCANCE,ASFALTO,Bueno,Bueno,2,HONDA,VERDE,2,MINISTERIO PÚBLICO,21,MASCULINO,SIN DATOS,0,0,Morelia,Felix Ireta,octubre,martes,18,-101.193630695343,19.6822529046049
9707,9707,2017,"171165655",2017/10/17,18:20:00,COLISIÓN POR CORTE DE CIRCULACIÓN,ASFALTO,Bueno,Bueno,2,NISSAN,BLANCO,2,,31,MASCULINO,SIN DATOS,0,0,Morelia,Felix Ireta,octubre,martes,18,-101.18547141552,19.6837631469159
9708,9708,2017,"171175970",2017/10/17,19:00:00,COLISIÓN POR CORTE DE CIRCULACIÓN,ASFALTO,Bueno,Bueno,2,FAMSA,BLANCO,2,,28,MASCULINO,SIN DATOS,0,0,Morelia,Prados Verdes,octubre,martes,19,-101.197214126587,19.7158486405719
9709,9709,2017,"17117614",2017/10/17,19:15:00,COLISIÓN POR INVASIÓN DE CARRIL,ASFALTO,Bueno,Bueno,2,NISSAN,BLANCO,2,,42,MASCULINO,SIN DATOS,0,0,Morelia,Las Americas,octubre,martes,19,-101.158976554871,19.6880513492947
9710,9710,2017,"171176025",2017/10/17,19:20:00,COLISIÓN CON PEATÓN,CONCRETO,Bueno,Bueno,1,VOLKSWAGEN,ROJO,2,,37,MASCULINO,SIN DATOS,1,0,Morelia,Buenavista,octubre,martes,19,-101.164516657591,19.7068456045127
9711,9711,2017,"171176105",2017/10/17,19:45:00,COLISIÓN POR ALCANCE,ASFALTO,Bueno,Bueno,2,CHEVROLET,VERDE,2,,54,MASCULINO,SIN DATOS,0,0,Morelia,Matamoros,octubre,martes,20,-101.16676568985,19.6964910446703
9712,9712,2017,"171176273",2017/10/17,20:40:00,COLISIÓN POR CORTE DE CIRCULACIÓN,CONCRETO,Bueno,Bueno,2,CHRYSLER,GRIS,2,,40,MASCULINO,SIN DATOS,0,0,Morelia,Jacarandas,octubre,martes,21,-101.210539340973,19.7067584880996
9713,9713,2017,,2017/10/17,22:10:00,COLISIÓN POR CORTE DE CIRCULACIÓN,CONCRETO,Bueno,Bueno,2,CHRYSLER,NARANJA,2,,52,MASCULINO,ALIENTO ETÍLICO,0,0,Apatzingán,Centro,octubre,martes,22,-102.3544049263,19.0879336389789
9714,9714,2017,,2017/10/17,22:50:00,COLISIÓN POR ALCANCE,ASFALTO,Bueno,Bueno,2,CHEVROLET,PLATA,1,,28,MASCULINO,SIN DATOS,0,0,Cuitzeo,Centro,octubre,martes,23,-101.140512228012,19.9692548263348
9715,9715,2017,"171176722",2017/10/17,23:10:00,COLISIÓN POR ALCANCE,ASFALTO,Bueno,Bueno,3,ITALIKA,NARANJA,3,,24,MASCULINO,SIN DATOS,0,0,Morelia,La Luz,octubre,martes,23,-101.295039653778,19.6867381310821
9716,9716,2017,"171179803",2017/10/18,"05:20:00",COLISIÓN CONTRA OBJETO FIJO,CONCRETO,Bueno,Bueno,2,NISSAN,VERDE,2,,28,MASCULINO,SIN DATOS,0,0,Morelia,Vasco de Quiroga,octubre,miércoles,5,-101.169641017914,19.7076877273938
9717,9717,2017,"171177365",2017/10/18,"09:10:00",COLISIÓN POR CORTE DE CIRCULACIÓN,ASFALTO,Bueno,Bueno,2,NISSAN,VERDE,2,,62,MASCULINO,SIN DATOS,0,0,Morelia,Jesus del Monte,octubre,miércoles,9,-101.15486741066,19.6539496443864
9718,9718,2017,"171177265",2017/10/18,"09:30:00",COLISIÓN POR ALCANCE,ASFALTO,Bueno,Bueno,2,CHEVROLET,PLATINO,1,,29,MASCULINO,SIN DATOS,0,0,Morelia,Primo Tapia Oriente,octubre,miércoles,10,-101.160264015198,19.7128590474496
9719,9719,2017,"171177339",2017/10/18,10:30:00,COLISIÓN CONTRA OBJETO FIJO,CONCRETO,Bueno,Bueno,2,FREIGHTLINER,BLANCO Y AZUL,2,,30,MASCULINO,SIN DATOS,0,0,Morelia,Barrio Alto,octubre,miércoles,11,-101.188867092133,19.7279857133816
9720,9720,2017,,2017/10/18,10:30:00,COLISIÓN POR CORTE DE CIRCULACIÓN,CONCRETO,Bueno,Bueno,2,ITALIKA,NARANJA/BLANCO,2,,,MASCULINO,SIN DATOS,0,0,Apatzingán,Benito Juarez,octubre,miércoles,11,-102.348472415,19.0886097049991
9721,9721,2017,"171177467",2017/10/18,11:25:00,COLISIÓN POR MANIOBRA DE REVERSA,CONCRETO,Bueno,Bueno,2,CHEVROLET,BLANCO,2,,40,MASCULINO,SIN DATOS,0,0,Morelia,Mision San Diego,octubre,miércoles,11,-101.206322908402,19.6641996084509
9724,9724,2017,"171177702",2017/10/18,13:55:00,COLISIÓN POR CORTE DE CIRCULACIÓN,ASFALTO,Bueno,Bueno,2,APRISSA,NEGRO,3,,24,MASCULINO,SIN DATOS,1,0,Morelia,Felix Ireta,octubre,miércoles,14,-101.190809011459,19.6855158182999
9726,9726,2017,"171177818",2017/10/18,14:25:00,COLISIÓN POR CORTE DE CIRCULACIÓN,CONCRETO,Bueno,Bueno,2,FORD,BLANCO,2,,40,MASCULINO,SIN DATOS,0,0,Morelia,Quinceo,octubre,miércoles,14,-101.227201223373,19.7284023013488
9727,9727,2017,"171415084",2017/10/18,14:40:00,COLISIÓN POR ALCANCE,ASFALTO,Bueno,Bueno,2,MAZDA,VINO,2,,29,MASCULINO,SIN DATOS,0,0,Morelia,Camelinas,octubre,miércoles,15,-101.167130470276,19.6835459557545
9728,9728,2017,"171178006",2017/10/18,15:10:00,COLISIÓN POR CORTE DE CIRCULACIÓN,CONCRETO,Bueno,Regular,2,CHEVROLET,AZUL,2,,38,MASCULINO,SIN DATOS,0,0,Morelia,Felix Ireta,octubre,miércoles,15,-101.189628839493,19.6844753298205
9729,9729,2017,"171177937",2017/10/18,15:12:00,COLISIÓN POR CORTE DE CIRCULACIÓN,CONCRETO,Bueno,Bueno,2,YAMAHA,ROJO,1,,28,MASCULINO,SIN DATOS,0,0,Morelia,Santiaguito,octubre,miércoles,15,-101.191045045853,19.7199895387032
9730,9730,2017,"171178310",2017/10/18,15:20:00,COLISIÓN POR ALCANCE,ASFALTO,Bueno,Bueno,2,FORD,BLANCO Y ROJO,2,MINISTERIO PÚBLICO,44,MASCULINO,SIN DATOS,0,0,Tarímbaro,Sin datos,octubre,miércoles,15,-101.130223274231,19.7769412420848
9731,9731,2017,"171178243",2017/10/18,16:00:00,COLISIÓN POR ALCANCE,CONCRETO,Bueno,Bueno,2,DODGE,PLATA,2,,38,FEMENINO,SIN DATOS,0,0,Morelia,La Calera,octubre,miércoles,16,-101.23592376709,19.6699279870339
9732,9732,2017,"171178303",2017/10/18,16:20:00,COLISIÓN POR ALCANCE,ASFALTO,Bueno,Bueno,2,GENERAL MOTORS,BLANCO,2,,33,MASCULINO,SIN DATOS,0,0,Morelia,Sentimientos de La Nacion,octubre,miércoles,16,-101.23551607132,19.6816871914444
9733,9733,2017,"171178295",2017/10/18,16:20:00,SALIDA DE SUPERFICIE DE RODAMIENTO,ASFALTO,Bueno,Regular,1,HONDA,GRIS,1,MINISTERIO PÚBLICO,21,MASCULINO,SIN DATOS,0,0,Morelia,El Lago 1,octubre,miércoles,16,-101.219691038132,19.7276145704594
9734,9734,2017,"17118546",2017/10/18,18:00:00,COLISIÓN POR CORTE DE CIRCULACIÓN,SIN_DATOS,Bueno,Bueno,1,KENWORTH,BLANCO,1,,25,MASCULINO,SIN DATOS,0,0,Morelia,Lomas de Huerta,octubre,miércoles,18,-101.214337348938,19.6744943785204