fid,id_accidente,anio_origen,folio_c5i,dia_incidente,hora_ocurrencia,tipo_incidente_vial,superficie_ocurrencia,condiciones_climaticas,condiciones_via,numero_vehiculos_involucrados,marca_vehiculo_ocasiona_siniestro,color_vehiculo_ocasiona_siniestro,numero_personas_involucradas,lugar_remite_presunto_responsable,edad_presunto_responsable,sexo_presunto_responsable,resultados_toxicologia,numero_personas_lesionadas,numero_personas_fallecidas,municipio,colonia,mes,dia_semana,hora_redondeada,lon,lat
9736,9736,2017,"171178433",2017/10/18,18:45:00,COLISIÓN POR ALCANCE,ASFALTO,Bueno,Bueno,2,NISSAN,BLANCO/ORO,2,,25,MASCULINO,SIN DATOS,0,0,Morelia,Infonavit Benito Juarez,octubre,miércoles,19,-101.19775056839,19.6840914585774
9737,9737,2017,"171179127",2017/10/18,19:45:00,COLISIÓN POR CORTE DE CIRCULACIÓN,CONCRETO,Bueno,Bueno,2,NISSAN,BLANCO,2,,38,MASCULINO,SIN DATOS,0,0,Morelia,Ejidal Ocolusen,octubre,miércoles,20,-101.156133413315,19.6843945148984
9738,9738,2017,,2017/10/18,19:55:00,COLISIÓN POR CAMBIO DE CARRIL,ASFALTO,Bueno,Bueno,2,NISSAN,BLANCO,2,,48,MASCULINO,SIN DATOS,0,0,Pátzcuaro,Centro,octubre,miércoles,20,-101.612012386322,19.5394076872061
9739,9739,2017,"171179086",2017/10/18,20:20:00,CAIDA DE MOTOCICLETA,ASFALTO,Bueno,Regular,1,HONDA,NEGRO,2,,21,MASCULINO,SIN DATOS,1,0,Morelia,Tres Puentes,octubre,miércoles,20,-101.213865280151,19.7028394629936
9740,9740,2017,"171179392",2017/10/18,21:13:00,COLISIÓN POR CORTE DE CIRCULACIÓN,CONCRETO,Bueno,Bueno,2,FORD,ROJO,2,,25,MASCULINO,ALIENTO ETÍLICO,0,0,Morelia,Ventura Puente,octubre,miércoles,21,-101.191828250885,19.6930919868801
9741,9741,2017,"1711179380",2017/10/18,21:50:00,COLISIÓN POR CORTE DE CIRCULACIÓN,CONCRETO,Bueno,Regular,2,BAJAJ,NEGRO,1,MINISTERIO PÚBLICO,,,,1,0,Morelia,Reforma,octubre,miércoles,22,-101.241266727448,19.706475675069
9742,9742,2017,"171179445",2017/10/18,22:00:00,COLISIÓN POR CAMBIO DE CARRIL,ASFALTO,Bueno,Bueno,2,INTERNATIONAL,BLANCO,2,,32,MASCULINO,SIN DATOS,0,0,Morelia,Tinijaro,octubre,miércoles,22,-101.261930465698,19.6968395323997
9743,9743,2017,"171179616",2017/10/18,23:10:00,SALIDA DE SUPERFICIE DE RODAMIENTO,ASFALTO,Bueno,Regular,2,FREIGHTLINER,BLANCO Y ROJO,1,,24,MASCULINO,SIN DATOS,0,0,Morelia,Lomas de Huerta,octubre,miércoles,23,-101.214401721954,19.6744741735349
9744,9744,2017,"171181866",2017/10/19,"00:00:00",COLISIÓN POR ALCANCE,ASFALTO,Bueno,Bueno,2,CHEVROLET,GRIS,2,,31,FEMENINO,SIN DATOS,0,0,Morelia,Las Americas,octubre,jueves,0,-101.152571439743,19.6880210443804
9745,9745,2017,,2017/10/19,"03:25:00",VOLCADURA,ASFALTO,Bueno,Bueno,2,CHEVROLET,BLANCO,0,,,,,0,0,Indaparapeo,Sin Nombre,octubre,jueves,3,-100.967788696289,19.7921047383899
9746,9746,2017,"171179055",2017/10/19,"08:00:00",COLISIÓN CONTRA OBJETO FIJO,ASFALTO,Bueno,Bueno,1,NISSAN,BLANCO,1,,65,MASCULINO,SIN DATOS,0,0,Morelia,El Lago 1,octubre,jueves,8,-101.218671798706,19.7276044713202
9747,9747,2017,"17118014",2017/10/19,"09:10:00",COLISIÓN CON PEATÓN,ASFALTO,Bueno,Bueno,1,NISSAN,BLANCO7ROSA,2,,37,MASCULINO,SIN DATOS,1,0,Morelia,Centro,octubre,jueves,9,-101.182698011398,19.7036677185683
9748,9748,2017,"171181145",2017/10/19,"09:48:00",COLISIÓN POR ALCANCE,ASFALTO,Bueno,Bueno,3,TOYOTA,ROJO,2,,59,FEMENINO,SIN DATOS,0,0,Morelia,Felix Ireta,octubre,jueves,10,-101.181378364563,19.6819094361386
9749,9749,2017,,2017/10/19,"09:50:00",SALIDA DE SUPERFICIE DE RODAMIENTO,ASFALTO,Bueno,Bueno,1,DODGE,BLANCO Y ROJO,0,,,,,0,0,Morelia,Los Manantiales de Morelia,octubre,jueves,10,-101.240408420563,19.6929404670218
9750,9750,2017,"171181176",2017/10/19,11:12:00,COLISIÓN POR ALCANCE,CONCRETO,Bueno,Bueno,2,NISSAN,BLANCO,2,,44,MASCULINO,SIN DATOS,0,0,Morelia,Prados del Campestre,octubre,jueves,11,-101.165220737457,19.6840308472444
9751,9751,2017,"1711180682",2017/10/19,11:37:00,COLISIÓN POR CORTE DE CIRCULACIÓN,ASFALTO,Bueno,Bueno,2,YAMAHA,BLANCO,0,MINISTERIO PÚBLICO,,,,0,0,Tarímbaro,Sin datos,octubre,jueves,12,-101.157174110413,19.7685411343038
9752,9752,2017,"171181353",2017/10/19,11:40:00,COLISIÓN POR INVASIÓN DE CARRIL,ASFALTO,Bueno,Bueno,2,FORD,GRIS,2,,38,,SIN DATOS,0,0,Morelia,Gertrudis Bocanegra,octubre,jueves,12,-101.207041740417,19.7025162401428
9753,9753,2017,"171180550",2017/10/19,11:50:00,COLISIÓN POR CORTE DE CIRCULACIÓN,CONCRETO,Bueno,Regular,2,NISSAN,NEGRO/BLANCO,2,,30,,SIN DATOS,0,0,Morelia,Ventura Puente,octubre,jueves,12,-101.188158988953,19.6910212030702
9754,9754,2017,"171180824",2017/10/19,12:40:00,COLISIÓN POR CAMBIO DE CARRIL,ASFALTO,Bueno,Bueno,2,MERCEDES BENZ,PLATA,2,,34,MASCULINO,SIN DATOS,0,0,Morelia,Buenavista,octubre,jueves,13,-101.162731647491,19.7065362779034
9755,9755,2017,,2017/10/19,13:12:00,COLISIÓN POR CORTE DE CIRCULACIÓN,ASFALTO,Bueno,Bueno,2,MAZDA,GRIS,2,,70,MASCULINO,SIN DATOS,0,0,Morelia,Villas de La Esperanza,octubre,jueves,13,-101.275234222412,19.6930010749823
9756,9756,2017,"171181057",2017/10/19,13:50:00,COLISIÓN POR ALCANCE,CONCRETO,Bueno,Regular,2,FORD,BLANCO,2,,42,MASCULINO,SIN DATOS,0,0,Morelia,Mariano Escobedo,octubre,jueves,14,-101.208908557892,19.7199289409673
9757,9757,2017,"17181912",2017/10/19,15:05:00,COLISIÓN POR CORTE DE CIRCULACIÓN,ASFALTO,Bueno,Bueno,2,DODGE,AZUL,1,,59,MASCULINO,SIN DATOS,0,0,Morelia,Barrio Alto,octubre,jueves,15,-101.194939613342,19.7245141047485
9758,9758,2017,"171181870",2017/10/19,15:10:00,COLISIÓN POR ALCANCE,ASFALTO,Bueno,Bueno,2,FORD,VERDE,2,,34,MASCULINO,SIN DATOS,0,0,Morelia,Guadalupe,octubre,jueves,15,-101.226863265038,19.7064504238813
9759,9759,2017,"171181640",2017/10/19,15:40:00,SALIDA DE SUPERFICIE DE RODAMIENTO,ASFALTO,Bueno,Bueno,1,VOLKWAGEN,NEGRO,1,,25,FEMENINO,SIN DATOS,0,0,Morelia,Francisco J Mujica,octubre,jueves,16,-101.193072795868,19.7236051620298
9761,9761,2017,"171181907",2017/10/19,17:00:00,COLISIÓN CONTRA OBJETO FIJO,ASFALTO,Bueno,Bueno,1,RENAULT,GRIS,1,,30,MASCULINO,SIN DATOS,0,0,Morelia,Puerta Tres Marias,octubre,jueves,17,-101.140866279602,19.6918899253934
9762,9762,2017,"171182008",2017/10/19,17:30:00,COLISIÓN POR CORTE DE CIRCULACIÓN,ASFALTO,Bueno,Bueno,2,NISSAN,BLANCO Y NARANJA,2,,29,MASCULINO,SIN DATOS,0,0,Morelia,Centro,octubre,jueves,18,-101.187847852707,19.6984556974572
9763,9763,2017,,2017/10/19,19:10:00,COLISIÓN POR INVASIÓN DE CARRIL,ASFALTO,Bueno,Bueno,2,FORD,BLANCO,2,,,,SIN DATOS,0,0,Buenavista,Loma Bonita,octubre,jueves,19,-102.58020401001,19.2098600932355
9764,9764,2017,"171182620",2017/10/19,21:10:00,COLISIÓN POR INVASIÓN DE CARRIL,ASFALTO,Bueno,Bueno,2,TOYOTA,ROJO,2,,30,MASCULINO,SIN DATOS,0,0,Morelia,Loma de Los Piñones,octubre,jueves,21,-101.20504617691,19.6742519185265
9765,9765,2017,"171183267",2017/10/20,"05:50:00",SUBIDA AL CAMELLÓN,ASFALTO,Bueno,Bueno,1,HYUNDAY,BLANCO,0,,,,,0,0,Morelia,Reforma,octubre,viernes,6,-101.239807605743,19.7066170816468
9766,9766,2017,"171183333",2017/10/20,"06:30:00",SUBIDA AL CAMELLÓN,ASFALTO,Bueno,Bueno,1,CHEVROLET,BLANCO,0,,,,,0,0,Morelia,Melchor Ocampo,octubre,viernes,7,-101.200733184814,19.7061120575807
9767,9767,2017,"171183444",2017/10/20,"08:20:00",COLISIÓN POR INVASIÓN DE CARRIL,ASFALTO,Bueno,Bueno,2,NISSAN,BLANCO,2,,58,MASCULINO,SIN DATOS,0,0,Morelia,Molino de Parras,octubre,viernes,8,-101.205475330353,19.6981728697503
9768,9768,2017,"171183574",2017/10/20,"08:40:00",COLISIÓN POR CAMBIO DE CARRIL,ASFALTO,Bueno,Bueno,2,NISSAN,AZUL,2,,41,FEMENINO,SIN DATOS,0,0,Morelia,Nueva Valladolid,octubre,viernes,9,-101.208243370056,19.7006778977615
9769,9769,2017,"171183505",2017/10/20,"08:50:00",COLISIÓN POR CORTE DE CIRCULACIÓN,ASFALTO,Bueno,Bueno,2,CHEVROLET,ROJO,2,,33,FEMENINO,CON CERTIFICADO,0,0,Morelia,Vasco de Quiroga,octubre,viernes,9,-101.170885562897,19.7038293289121
9770,9770,2017,"171183731",2017/10/20,"09:00:00",COLISIÓN POR CORTE DE CIRCULACIÓN,ASFALTO,Bueno,Bueno,2,NISSAN,ROJO,2,,25,MASCULINO,SIN DATOS,0,0,Morelia,El Porvenir,octubre,viernes,9,-101.204359531403,19.7076473257976
9771,9771,2017,"171138612",2017/10/20,"09:20:00",COLISIÓN POR CORTE DE CIRCULACIÓN,ASFALTO,Bueno,Bueno,1,SIN DATOS,SIN DATOS,1,,,,,0,1,Morelia,Loma Real,octubre,viernes,9,-101.197128295898,19.7257462188465
9772,9772,2017,"171183681",2017/10/20,"09:35:00",COLISIÓN CON PEATÓN,ASFALTO,Bueno,Regular,1,SIN DATOS,SIN DATOS,2,,,,SIN DATOS,1,0,Morelia,Purembe,octubre,viernes,10,-101.194370985031,19.671094853871
9773,9773,2017,,2017/10/20,"09:49:00",COLISIÓN POR CORTE DE CIRCULACIÓN,TERRACERIA,Bueno,Bueno,2,NISSAN,VERDE,2,,30,MASCULINO,SIN DATOS,0,0,Apatzingán,Timapa,octubre,viernes,10,-102.350011467934,19.1130256158529
9774,9774,2017,"171183770",2017/10/20,"09:50:00",COLISIÓN POR CORTE DE CIRCULACIÓN,CONCRETO,Bueno,Bueno,2,NISSAN,VERDE,2,,68,MASCULINO,SIN DATOS,0,0,Morelia,5 de Mayo,octubre,viernes,10,-101.175520420074,19.7030616783247
9775,9775,2017,,2017/10/20,12:40:00,COLISIÓN CONTRA OBJETO FIJO,ASFALTO,Bueno,Bueno,2,CHEVROLET,BLANCO Y AZUL,2,MINISTERIO PÚBLICO,30,MASCULINO,SIN DATOS,0,0,Morelia,Plan de Ayala,octubre,viernes,13,-101.179962158203,19.7060363038333
9776,9776,2017,"171487197",2017/10/20,12:50:00,COLISIÓN POR CAMBIO DE CARRIL,ASFALTO,Bueno,Bueno,2,VOLKSWAGEN,ROJO,2,,40,MASCULINO,SIN DATOS,0,0,Morelia,Las Americas,octubre,viernes,13,-101.1527967453,19.6890716113951
9777,9777,2017,"171184788",2017/10/20,13:45:00,COLISIÓN POR CORTE DE CIRCULACIÓN,ASFALTO,Bueno,Malo,2,CHEVROLET,BLANCO Y ROSA,2,,34,MASCULINO,SIN DATOS,0,0,Morelia,Centro,octubre,viernes,14,-101.186571121216,19.7009304185707
9778,9778,2017,,2017/10/20,15:05:00,COLISIÓN POR CORTE DE CIRCULACIÓN,ASFALTO,Bueno,Bueno,2,NISSAN,BLANCO Y ROSA,2,,57,MASCULINO,SIN DATOS,0,0,Morelia,Centro,octubre,viernes,15,-101.184221506119,19.7060009520722
9779,9779,2017,"171185541",2017/10/20,15:20:00,COLISIÓN POR MANIOBRA DE REVERSA,ASFALTO,Bueno,Regular,2,NISSAN,BLANCO Y AMARILLO,2,,23,MASCULINO,SIN DATOS,0,0,Morelia,Melchor Ocampo,octubre,viernes,15,-101.201038956642,19.7056423837684
9780,9780,2017,,2017/10/20,15:20:00,VOLCADURA,ASFALTO,Bueno,Regular,1,GMC,BLANCO/ROJO,0,,,,,0,0,Zinapécuaro,Centro,octubre,viernes,15,-100.827391147614,19.8602317720183
9781,9781,2017,"171185497",2017/10/20,15:50:00,COLISIÓN POR CAMBIO DE CARRIL,ASFALTO,Bueno,Bueno,1,HONDA,BLANCO,1,,24,MASCULINO,SIN DATOS,0,0,Morelia,Centro,octubre,viernes,16,-101.200186014175,19.7030919803914
9782,9782,2017,"171161750",2017/10/20,16:00:00,COLISIÓN POR CORTE DE CIRCULACIÓN,ASFALTO,Bueno,Bueno,2,CHRYSLER,BLANCO,2,,68,MASCULINO,SIN DATOS,0,0,Morelia,Diego Rivera,octubre,viernes,16,-101.175992488861,19.7183533917715
9783,9783,2017,"171185775",2017/10/20,16:25:00,COLISIÓN POR ALCANCE,ASFALTO,Bueno,Bueno,2,FORD,GRIS,2,,56,MASCULINO,SIN DATOS,0,0,Morelia,Alberto Oviedo Mota,octubre,viernes,16,-101.201999187469,19.6780302117441
9784,9784,2017,"171185842",2017/10/20,16:45:00,COLISIÓN POR ALCANCE,SIN_DATOS,Bueno,Bueno,2,CHEVROLET,BLANCO Y ROJO,2,,23,MASCULINO,SIN DATOS,0,0,Morelia,Alberto Oviedo Mota,octubre,viernes,17,-101.202256679535,19.6775250974893
9785,9785,2017,"171185756",2017/10/20,17:00:00,COLISIÓN POR CORTE DE CIRCULACIÓN,ASFALTO,Bueno,Bueno,2,SUZUKI,AZUL,2,,27,MASCULINO,SIN DATOS,0,0,Morelia,Juarez,octubre,viernes,17,-101.200207471848,19.6955364874387
9786,9786,2017,,2017/10/20,17:35:00,COLISIÓN POR CORTE DE CIRCULACIÓN,CONCRETO,Bueno,Regular,2,CHEVROLET,BLANCO,2,,32,MASCULINO,ALIENTO ETÍLICO,0,0,Morelia,Centro,octubre,viernes,18,-101.190594434738,19.6960415448842
9787,9787,2017,"1711186466",2017/10/20,19:45:00,COLISIÓN POR CORTE DE CIRCULACIÓN,ASFALTO,Bueno,Bueno,1,VENTTO,NEGRO,1,,21,MASCULINO,SIN DATOS,0,0,Morelia,Loma de Los Piñones,octubre,viernes,20,-101.205196380615,19.674292328551
9788,9788,2017,"171186613",2017/10/20,20:00:00,COLISIÓN CON PEATÓN,CONCRETO,Bueno,Bueno,1,SIN DATOS,SIN DATOS,1,,,,,1,0,Morelia,Las Americas,octubre,viernes,20,-101.156594753265,19.6879907394604
9789,9789,2017,"171147394",2017/10/20,20:00:00,COLISIÓN POR ALCANCE,ASFALTO,Bueno,Bueno,2,FORD,GRIS,2,,50,FEMENINO,SIN DATOS,0,0,Morelia,Ventura Puente,octubre,viernes,20,-101.189081668854,19.6907181592904
9790,9790,2017,"171187583",2017/10/20,20:25:00,COLISIÓN POR CORTE DE CIRCULACIÓN,ASFALTO,Bueno,Regular,1,FORD,BEIGE,1,,35,MASCULINO,SIN DATOS,0,0,Morelia,Sin datos,octubre,viernes,20,-101.097693443298,19.7386323509982
9791,9791,2017,"171186670",2017/10/20,20:30:00,COLISIÓN POR CORTE DE CIRCULACIÓN,ASFALTO,Bueno,Regular,2,SIN DATOS,NEGRO,1,,28,MASCULINO,SIN DATOS,0,0,Morelia,Puerta Tres Marias,octubre,viernes,21,-101.140265464783,19.6913444491365
9792,9792,2017,"171186129",2017/10/20,21:10:00,COLISIÓN POR CORTE DE CIRCULACIÓN,CONCRETO,Bueno,Bueno,2,HONDA,NEGRO,2,,24,MASCULINO,SIN DATOS,0,0,Morelia,Molino de Parras,octubre,viernes,21,-101.20020210743,19.6962940730093
9793,9793,2017,"171186938",2017/10/20,22:00:00,COLISIÓN POR CAMBIO DE CARRIL,ASFALTO,Bueno,Bueno,2,KENWORTH,AZUL,2,,52,MASCULINO,ALIENTO ETÍLICO,0,0,Morelia,Lomas del Tecnologico,octubre,viernes,22,-101.188352108002,19.7212620858497
9794,9794,2017,"171187016",2017/10/20,22:10:00,COLISIÓN CONTRA OBJETO FIJO,ASFALTO,Bueno,Regular,1,VOLKSWAGEN,BLANCO,0,,,,,0,0,Morelia,El Durazno,octubre,viernes,22,-101.179232597351,19.6573192218516
9795,9795,2017,,2017/10/20,23:30:00,COLISIÓN POR CORTE DE CIRCULACIÓN,CONCRETO,Bueno,Bueno,2,CHEVROLET,ROJO,1,,,,,1,0,Morelia,Justo Mendoza,octubre,viernes,0,-101.230409145355,19.7142528511983
9796,9796,2017,,2017/10/21,"00:00:00",VOLCADURA,ASFALTO,Bueno,Bueno,1,KENWORT,GRIS PLATA,1,,,MASCULINO,SIN DATOS,0,0,Zitácuaro,Sin datos,octubre,sábado,0,-100.205783843994,19.4481404511294
9797,9797,2017,"171187321",2017/10/21,"00:20:00",COLISIÓN CONTRA OBJETO FIJO,ASFALTO,Bueno,Bueno,1,BMW,GRIS,1,,25,MASCULINO,SIN DATOS,0,0,Morelia,Sin datos,octubre,sábado,0,-101.164619922638,19.6585922671783
9798,9798,2017,"171187460",2017/10/21,"02:00:00",COLISIÓN POR INVASIÓN DE CARRIL,CONCRETO,Bueno,Bueno,2,NISSAN,GRIS,1,MINISTERIO PÚBLICO,55,MASCULINO,SIN DATOS,0,0,Morelia,Granjas de La Huerta,octubre,sábado,2,-101.234335899353,19.662027418431
9799,9799,2017,"171187580",2017/10/21,"04:20:00",SUBIDA AL CAMELLÓN,ASFALTO,Bueno,Bueno,1,HONDA,GRIS,1,,22,MASCULINO,ALIENTO ETÍLICO,0,0,Morelia,Sentimientos de La Nacion,octubre,sábado,4,-101.233327388763,19.6784545064874
9800,9800,2017,"171187777",2017/10/21,"08:20:00",COLISIÓN POR ALCANCE,ASFALTO,Nublado,Bueno,2,FORD,BLANCO,2,,39,MASCULINO,SIN DATOS,0,0,Morelia,Elias Perez Avalos,octubre,sábado,8,-101.171379089355,19.7147578495581
9801,9801,2017,"171187998",2017/10/21,"09:35:00",COLISIÓN POR INVASIÓN DE CARRIL,CONCRETO,Bueno,Bueno,2,HONDA,BLANCO,2,,32,MASCULINO,ALIENTO ETÍLICO,0,0,Morelia,Centro,octubre,sábado,10,-101.194263696671,19.703102081079
9802,9802,2017,"171189148",2017/10/21,10:00:00,COLISIÓN POR MANIOBRA DE REVERSA,CONCRETO,Bueno,Bueno,2,NISSAN,BLANCO Y ROJO,2,,20,MASCULINO,SIN DATOS,0,0,Morelia,3 de Agosto,octubre,sábado,10,-101.172215938568,19.7312401201741
9803,9803,2017,"171188309",2017/10/21,10:30:00,COLISIÓN POR ALCANCE,ASFALTO,Bueno,Bueno,2,NISSAN,GRIS,2,MINISTERIO PÚBLICO,40,MASCULINO,SIN DATOS,0,0,Morelia,Jardines del Toreo,octubre,sábado,11,-101.213414669037,19.6901928820465
9805,9805,2017,"171188574",2017/10/21,12:20:00,COLISIÓN POR ALCANCE,ASFALTO,Bueno,Bueno,2,NISSAN,ROJO,2,MINISTERIO PÚBLICO,,FEMENINO,SIN DATOS,0,0,Morelia,Felix Ireta,octubre,sábado,12,-101.191720962524,19.6825559644047
9806,9806,2017,"171188723",2017/10/21,12:20:00,COLISIÓN POR MANIOBRA DE REVERSA,CONCRETO,Bueno,Bueno,2,CHEVROLET,BLANCO,2,,,MASCULINO,SIN DATOS,0,0,Morelia,Sin datos,octubre,sábado,12,-101.113979816437,19.737056986233
9807,9807,2017,"171188494",2017/10/21,12:22:00,COLISIÓN POR CAMBIO DE CARRIL,CONCRETO,Bueno,Bueno,2,FREIGHTLINER,BLANCO,2,,19,MASCULINO,SIN DATOS,0,0,Morelia,Central de Abastos,octubre,sábado,12,-101.171765327454,19.7180302002735
9808,9808,2017,"171188710",2017/10/21,13:30:00,COLISIÓN POR CORTE DE CIRCULACIÓN,CONCRETO,Bueno,Bueno,2,ALUBIKE,BLANCO Y ROJO,3,,65,MASCULINO,SIN DATOS,1,0,Morelia,El Porvenir,octubre,sábado,14,-101.204643845558,19.7114248309099
9809,9809,2017,"171188984",2017/10/21,14:04:00,COLISIÓN POR ALCANCE,ASFALTO,Bueno,Bueno,2,NISSAN,GRIS,2,,44,FEMENINO,SIN DATOS,0,0,Morelia,Lindavista,octubre,sábado,14,-101.216225624084,19.7039505365629
9810,9810,2017,LEG10316,2017/10/21,15:15:00,COLISIÓN POR CORTE DE CIRCULACIÓN,SIN_DATOS,Bueno,Bueno,2,NISSAN,BLANCO Y ROSA,2,,51,MASCULINO,SIN DATOS,0,0,Morelia,Centro,octubre,sábado,15,-101.196935176849,19.7020162535093
9811,9811,2017,,2017/10/21,15:50:00,COLISIÓN POR ALCANCE,ASFALTO,Bueno,Bueno,3,NISSAN,BLANCO,3,MINISTERIO PÚBLICO,25,FEMENINO,SIN DATOS,0,0,Morelia,Canteras de Morelia,octubre,sábado,16,-101.173589229584,19.7164748320508
9812,9812,2017,"171189600",2017/10/21,16:40:00,COLISIÓN POR ALCANCE,ASFALTO,Nublado,Bueno,2,ITALIKA,ROJO,2,,,MASCULINO,SIN DATOS,0,0,Morelia,Los Pinos de Michoacan,octubre,sábado,17,-101.216343641281,19.6831267254707
9813,9813,2017,,2017/10/21,17:40:00,COLISIÓN POR INVASIÓN DE CARRIL,ASFALTO,Bueno,Bueno,2,DODGE,NEGRO,2,MINISTERIO PÚBLICO,,,,0,2,Morelia,Sin datos,octubre,sábado,18,-101.356086730957,19.678959617812
9814,9814,2017,,2017/10/21,18:00:00,SUBIDA AL CAMELLÓN,CONCRETO,Bueno,Bueno,2,FORD,AZUL,2,,61,MASCULINO,ALIENTO ETÍLICO,0,0,Morelia,Congreso Constituyente de Michoacan,octubre,sábado,18,-101.172194480896,19.7196310017652
9815,9815,2017,"171190348",2017/10/21,20:25:00,COLISIÓN POR NO RESPETAR SEMÁFORO,CONCRETO,Bueno,Bueno,2,VOLKSWAGEN,PLATA,2,MINISTERIO PÚBLICO,,MASCULINO,SIN DATOS,0,0,Morelia,Vasco de Quiroga,octubre,sábado,20,-101.1678814888,19.6968193302333
9816,9816,2017,,2017/10/21,21:10:00,COLISIÓN POR CAMBIO DE CARRIL,ASFALTO,Bueno,Bueno,2,KYMCO,AMARILLO,3,MINISTERIO PÚBLICO,20,MASCULINO,SIN DATOS,1,0,Sahuayo,Centro,octubre,sábado,21,-102.716417312622,20.0554878228359
9817,9817,2017,"171190913",2017/10/21,21:32:00,CAIDA DE MOTOCICLETA,ASFALTO,Bueno,Bueno,1,ITALIKA,VERDE,2,,29,MASCULINO,SIN DATOS,1,0,Morelia,Ampliacion La Soledad,octubre,sábado,22,-101.18307352066,19.7326135659864
9818,9818,2017,"171190981",2017/10/21,21:45:00,COLISIÓN POR CORTE DE CIRCULACIÓN,ASFALTO,Bueno,Bueno,2,CHEVROLET,NEGRO,2,,,FEMENINO,SIN DATOS,0,0,Morelia,Comision Federal de Electricidad,octubre,sábado,22,-101.181356906891,19.6817073955203
9819,9819,2017,,2017/10/21,22:30:00,VOLCADURA,ASFALTO,Bueno,Bueno,1,FORD,VERDE,2,MINISTERIO PÚBLICO,,,,2,0,Tacámbaro,Sin datos,octubre,sábado,23,-101.453762054443,19.2122105732782
9820,9820,2017,"171191046",2017/10/21,22:50:00,COLISIÓN POR ALCANCE,CONCRETO,Bueno,Bueno,2,FORD,GRIS,1,MINISTERIO PÚBLICO,,MASCULINO,SIN DATOS,0,0,Morelia,Lomas de Guayangareo,octubre,sábado,23,-101.159095913172,19.7030957681493
9821,9821,2017,"171191366",2017/10/22,"00:34:00",SUBIDA AL CAMELLÓN,ASFALTO,Bueno,Bueno,1,DODGE,BLANCO,1,,40,MASCULINO,ALIENTO ETÍLICO,0,0,Morelia,Lomas de Guayangareo,octubre,domingo,1,-101.15886926651,19.7034328782463
9822,9822,2017,"171191581",2017/10/22,"01:55:00",COLISIÓN POR CORTE DE CIRCULACIÓN,ASFALTO,Bueno,Bueno,1,SIN DATOS,SIN DATO,1,,,,,0,1,Morelia,La Soledad,octubre,domingo,2,-101.183331012726,19.728271013137
9823,9823,2017,"171191576",2017/10/22,"02:20:00",SALIDA DE SUPERFICIE DE RODAMIENTO,ASFALTO,Bueno,Bueno,1,CHYSLER,AZUL,1,,0,MASCULINO,SIN DATOS,0,0,Morelia,Jose Trinidad Guido,octubre,domingo,2,-101.186860799789,19.6681928251855
9825,9825,2017,"171191655",2017/10/22,"02:30:00",COLISIÓN POR ALCANCE,ASFALTO,Bueno,Bueno,2,VOLKSWAGEN,GRIS,3,MINISTERIO PÚBLICO,,,,3,0,Morelia,Rafael Carrillo,octubre,domingo,3,-101.236460208893,19.7077887313396
9826,9826,2017,"171197552",2017/10/22,"02:50:00",COLISIÓN CONTRA OBJETO FIJO,ASFALTO,Bueno,Bueno,1,NISSAN,BLANCO,0,,,,,0,0,Morelia,Sin datos,octubre,domingo,3,-101.130963563919,19.6200124897673
9827,9827,2017,,2017/10/22,"02:55:00",COLISIÓN POR CORTE DE CIRCULACIÓN,ASFALTO,Bueno,Bueno,2,LINCOLN,GRIS,2,,41,MASCULINO,ALIENTO ETÍLICO,0,0,Morelia,Jacarandas,octubre,domingo,3,-101.211580038071,19.7090613755924
9828,9828,2017,,2017/10/22,"03:00:00",SALIDA DE SUPERFICIE DE RODAMIENTO,ASFALTO,Bueno,Bueno,1,MAZDA,NEGRO,1,,,MASCULINO,SIN DATOS,0,0,Morelia,Bosques Tres Marias,octubre,domingo,3,-101.103572845459,19.7226558163376
9829,9829,2017,"171191691",2017/10/22,"03:43:00",COLISIÓN CONTRA OBJETO FIJO,ASFALTO,Bueno,Bueno,1,HONDA,BLANCO,1,,39,FEMENINO,SIN DATOS,0,0,Morelia,Arboledas de La Huerta,octubre,domingo,4,-101.223542690277,19.6684933858608
9830,9830,2017,"171191712",2017/10/22,"04:15:00",VOLCADURA,ASFALTO,Bueno,Bueno,1,JEEP,NEGRO,0,,,,,0,0,Morelia,Montaña Monarca,octubre,domingo,4,-101.164877414703,19.6658262058945
9832,9832,2017,"171191732",2017/10/22,"04:20:00",SALIDA DE SUPERFICIE DE RODAMIENTO,ASFALTO,Bueno,Bueno,1,VOLKWAGEN,ROJO,2,,0,,SIN DATOS,1,0,Morelia,Sin datos,octubre,domingo,4,-101.091824769974,19.7255038364959
9833,9833,2017,"171191827",2017/10/22,"04:30:00",COLISIÓN POR CORTE DE CIRCULACIÓN,SIN_DATOS,Bueno,Bueno,2,NISSAN,BLANCO,2,,56,MASCULINO,SIN DATOS,0,0,Morelia,Centro,octubre,domingo,5,-101.194370985031,19.6963142752421
9834,9834,2017,,2017/10/22,"04:55:00",CAIDA DE MOTOCICLETA,ASFALTO,Bueno,Bueno,1,SUZUKI,NEGRO,2,,27,MASCULINO,SIN DATOS,1,0,Lázaro Cárdenas,Segundo Sector de Fidelac,octubre,domingo,5,-102.207468152046,17.9615292474988
9835,9835,2017,"171191709",2017/10/22,"05:30:00",COLISIÓN POR INVASIÓN DE CARRIL,ASFALTO,Bueno,Bueno,2,CHYSLER,ROJO,2,,39,MASCULINO,ALIENTO ETÍLICO,0,0,Morelia,Nueva Chapultepec,octubre,domingo,6,-101.17223739624,19.6902736940424