fid,id_accidente,anio_origen,folio_c5i,dia_incidente,hora_ocurrencia,tipo_incidente_vial,superficie_ocurrencia,condiciones_climaticas,condiciones_via,numero_vehiculos_involucrados,marca_vehiculo_ocasiona_siniestro,color_vehiculo_ocasiona_siniestro,numero_personas_involucradas,lugar_remite_presunto_responsable,edad_presunto_responsable,sexo_presunto_responsable,resultados_toxicologia,numero_personas_lesionadas,numero_personas_fallecidas,municipio,colonia,mes,dia_semana,hora_redondeada,lon,lat
9836,9836,2017,"171191830",2017/10/22,"06:00:00",COLISIÓN CONTRA OBJETO FIJO,ASFALTO,Bueno,Bueno,1,RAM,BLANCO,1,,21,MASCULINO,SIN DATOS,0,0,Morelia,Libertad,octubre,domingo,6,-101.23698592186,19.6848996074924
9837,9837,2017,"171191854",2017/10/22,"06:00:00",SUBIDA AL CAMELLÓN,CONCRETO,Bueno,Bueno,1,CHEVROLET,VERDE,1,,74,MASCULINO,SIN DATOS,0,0,Morelia,Elias Perez Avalos,octubre,domingo,6,-101.16706609726,19.7116268340177
9838,9838,2017,"171191850",2017/10/22,"06:45:00",COLISIÓN POR ALCANCE,ASFALTO,Bueno,Bueno,2,ITALIKA,NEGRO,3,MINISTERIO PÚBLICO,20,MASCULINO,SIN DATOS,1,0,Morelia,La Esperanza,octubre,domingo,7,-101.25070810318,19.6987587265885
9839,9839,2017,"171196470",2017/10/22,"08:00:00",COLISIÓN CONTRA OBJETO FIJO,CONCRETO,Bueno,Bueno,1,INTERNACIONAL,AMARILLO,0,,,,,0,0,Morelia,Sin datos,octubre,domingo,8,-101.314115524292,19.6524492250496
9840,9840,2017,,2017/10/22,"08:10:00",COLISIÓN POR CORTE DE CIRCULACIÓN,CONCRETO,Bueno,Bueno,2,HONDA,ROJO,1,MINISTERIO PÚBLICO,0,MASCULINO,SIN DATOS,0,0,Morelia,Irrigacion,octubre,domingo,8,-101.221783161163,19.7055464287339
9841,9841,2017,"171192055",2017/10/22,"09:15:00",COLISIÓN POR ALCANCE,ASFALTO,Bueno,Regular,2,NISSAN,BLANCO,2,,58,MASCULINO,SIN DATOS,0,0,Morelia,La Colina,octubre,domingo,9,-101.215678453445,19.7093845852187
9842,9842,2017,,2017/10/22,10:20:00,COLISIÓN POR INVASIÓN DE CARRIL,ASFALTO,Bueno,Bueno,3,NISSAN,Blanco,3,MINISTERIO PÚBLICO,65,MASCULINO,SIN DATOS,0,0,Apatzingán,Sin datos,octubre,domingo,10,-102.407855987549,19.09277998188
9843,9843,2017,,2017/10/22,11:22:00,COLISIÓN POR ALCANCE,ASFALTO,Bueno,Bueno,2,FORD,BLANCO,0,,,,,0,0,Morelia,Eduardo Ruiz,octubre,domingo,11,-101.218478679657,19.7196057526547
9844,9844,2017,,2017/10/22,13:00:00,COLISIÓN POR ALCANCE,ASFALTO,Bueno,Bueno,2,TOYOTA,NEGRO,2,,28,MASCULINO,SIN DATOS,0,0,Pátzcuaro,Centro,octubre,domingo,13,-101.610231399536,19.530064871042
9845,9845,2017,,2017/10/22,15:50:00,COLISIÓN POR ALCANCE,ADOQUIN_EMPEDRADO,Bueno,Regular,2,FORD,NEGRO,3,,28,MASCULINO,SIN DATOS,1,0,Pátzcuaro,Centro,octubre,domingo,16,-101.604673862457,19.5147248981936
9846,9846,2017,"171193386",2017/10/22,16:21:00,COLISIÓN POR CORTE DE CIRCULACIÓN,ASFALTO,Bueno,Bueno,2,CHYSLER,NEGRO,2,,0,MASCULINO,SIN DATOS,0,0,Morelia,La Hacienda,octubre,domingo,16,-101.316320300102,19.6779190867447
9847,9847,2017,"171193599",2017/10/22,18:00:00,COLISIÓN CON PEATÓN,ASFALTO,Bueno,Bueno,1,SIN DATOS,SIN DATOS,2,,0,,SIN DATOS,1,0,Morelia,Buenavista,octubre,domingo,18,-101.167860031128,19.7066069811811
9848,9848,2017,,2017/10/22,18:30:00,VOLCADURA,ASFALTO,Bueno,Malo,1,CHEVROLET,ARENA,1,,22,MASCULINO,SIN DATOS,0,0,Morelia,Sin datos,octubre,domingo,19,-101.41706943512,19.6329071292116
9849,9849,2017,"17184328",2017/10/22,18:50:00,COLISIÓN POR INVASIÓN DE CARRIL,ASFALTO,Bueno,Bueno,2,SIN DATOS,SIN DATOS,1,,35,MASCULINO,SIN DATOS,0,0,Morelia,Centro,octubre,domingo,19,-101.187826395035,19.6963572049783
9850,9850,2017,"171193813",2017/10/22,19:20:00,COLISIÓN CONTRA OBJETO FIJO,ASFALTO,Bueno,Malo,3,FORD,BLANCO,3,MINISTERIO PÚBLICO,34,MASCULINO,SIN DATOS,0,0,Morelia,Jacarandas,octubre,domingo,19,-101.174637973309,19.7387068269926
9851,9851,2017,"171193831",2017/10/22,19:20:00,COLISIÓN POR CORTE DE CIRCULACIÓN,CONCRETO,Bueno,Regular,2,NISSAN,BLANCO,2,,78,MASCULINO,SIN DATOS,0,0,Morelia,Buenavista,octubre,domingo,19,-101.165961027145,19.7052131107983
9852,9852,2017,,2017/10/22,19:30:00,COLISIÓN POR INVASIÓN DE CARRIL,ASFALTO,Bueno,Bueno,2,ITALIKA,ROJO/AZUL,2,,22,MASCULINO,SIN DATOS,0,0,Buenavista,Sin datos,octubre,domingo,20,-102.478580474854,19.1581410381877
9853,9853,2017,,2017/10/22,20:05:00,COLISIÓN POR CORTE DE CIRCULACIÓN,ASFALTO,Bueno,Bueno,2,HONDA,VERDE,0,MINISTERIO PÚBLICO,,,,0,0,Jungapeo,Sin datos,octubre,domingo,20,-100.487565994263,19.4737134106471
9854,9854,2017,"171194062",2017/10/22,20:20:00,COLISIÓN POR CORTE DE CIRCULACIÓN,ASFALTO,Bueno,Regular,2,CHEVROLET,BLANCO,2,MINISTERIO PÚBLICO,24,MASCULINO,SIN DATOS,0,0,Morelia,Lomas de Hidalgo,octubre,domingo,20,-101.159330606461,19.6977385262272
9855,9855,2017,"171165229",2017/10/22,20:21:00,COLISIÓN POR ALCANCE,ASFALTO,Bueno,Bueno,1,FORD,ROJO,1,,62,MASCULINO,SIN DATOS,0,0,Morelia,San Jose Itzicuaro,octubre,domingo,20,-101.300103664398,19.6875462666413
9856,9856,2017,,2017/10/22,20:30:00,COLISIÓN POR INVASIÓN DE CARRIL,ASFALTO,Bueno,Bueno,2,VOLKSWAGEN,ROJO,2,MINISTERIO PÚBLICO,,,,1,1,Lázaro Cárdenas,Progreso Nacional,octubre,domingo,21,-102.232503890991,17.9911418899523
9857,9857,2017,,2017/10/22,20:40:00,COLISIÓN POR ALCANCE,SIN_DATOS,Bueno,Bueno,1,ITALIKA,NARANJA/NEGRO,2,MINISTERIO PÚBLICO,22,MASCULINO,SIN DATOS,0,1,Juárez,Mesa de La Chiva,octubre,domingo,21,-100.463790893555,19.2625351972047
9858,9858,2017,"171194728",2017/10/22,20:56:00,COLISIÓN POR INVASIÓN DE CARRIL,ASFALTO,Bueno,Bueno,2,FORD,BLANCO/ROSA,2,,32,,SIN DATOS,0,0,Morelia,Prados Verdes,octubre,domingo,21,-101.197085380554,19.7180604995042
9859,9859,2017,"171194235",2017/10/22,21:10:00,COLISIÓN CONTRA OBJETO FIJO,ASFALTO,Bueno,Bueno,1,SEAT,BLANCO,1,,53,FEMENINO,SIN DATOS,0,0,Morelia,Chapultepec Sur,octubre,domingo,21,-101.175779923797,19.6910780237151
9860,9860,2017,,2017/10/22,21:20:00,COLISIÓN CONTRA OBJETO FIJO,ASFALTO,Bueno,Bueno,1,ITALIKA,Amarillo/Negro,1,MINISTERIO PÚBLICO,24,MASCULINO,SIN DATOS,0,0,Apatzingán,Buenos Aires,octubre,domingo,21,-102.359790802002,19.0962676387648
9861,9861,2017,"171194261",2017/10/22,21:25:00,SUBIDA AL CAMELLÓN,ASFALTO,Bueno,Bueno,1,FORD,GUINDA,0,,,,,0,0,Morelia,Sin datos,octubre,domingo,21,-101.315445899963,19.6873644364961
9862,9862,2017,"171194950",2017/10/23,"08:00:00",COLISIÓN POR CORTE DE CIRCULACIÓN,ASFALTO,Bueno,Bueno,2,RENAULT,GRIS,3,,47,FEMENINO,SIN DATOS,1,0,Morelia,Hacienda del Valle,octubre,lunes,8,-101.225602626801,19.665644351099
9863,9863,2017,"171194961",2017/10/23,"08:20:00",COLISIÓN POR CORTE DE CIRCULACIÓN,CONCRETO,Bueno,Bueno,2,CHEVROLET,BLANCO,2,,,MASCULINO,SIN DATOS,0,0,Morelia,Cosmos,octubre,lunes,8,-101.215710639954,19.684616755836
9864,9864,2017,"171195034",2017/10/23,"08:50:00",COLISIÓN POR ALCANCE,CONCRETO,Bueno,Bueno,2,VOLKSWAGEN,GRIS,2,,30,MASCULINO,SIN DATOS,0,0,Morelia,Chapultepec Norte,octubre,lunes,9,-101.169898509979,19.6964556908003
9865,9865,2017,"171195106",2017/10/23,"09:20:00",COLISIÓN CONTRA OBJETO FIJO,ASFALTO,Bueno,Bueno,1,VOLKSWAGEN,NEGRO,1,,56,MASCULINO,SIN DATOS,0,0,Morelia,Club de Golf Tres Marias,octubre,lunes,9,-101.115911006927,19.7036677185683
9866,9866,2017,,2017/10/23,11:50:00,COLISIÓN POR CORTE DE CIRCULACIÓN,SIN_DATOS,Bueno,Bueno,1,SEAT,NEGRO,0,,,,,0,0,Morelia,Elias Perez Avalos,octubre,lunes,12,-101.171314716339,19.7146568500138
9867,9867,2017,"171195844",2017/10/23,13:00:00,COLISIÓN POR CORTE DE CIRCULACIÓN,ASFALTO,Bueno,Bueno,1,CHEVROLET,GRIS,1,,26,FEMENINO,SIN DATOS,0,0,Morelia,Rector Diaz Rubio,octubre,lunes,13,-101.198560595512,19.6671193896018
9868,9868,2017,"171196059",2017/10/23,13:25:00,COLISIÓN POR CORTE DE CIRCULACIÓN,ASFALTO,Bueno,Bueno,3,JEEP,VERDE,3,MINISTERIO PÚBLICO,51,MASCULINO,SIN DATOS,0,0,Morelia,Comision Federal de Electricidad,octubre,lunes,13,-101.178481578827,19.6817275995936
9869,9869,2017,"171196183",2017/10/23,14:20:00,COLISIÓN POR CAMBIO DE CARRIL,ASFALTO,Bueno,Bueno,2,NISSAN,BLANCO Y ROJO,2,,,MASCULINO,SIN DATOS,0,0,Morelia,Camelinas,octubre,lunes,14,-101.174211502075,19.6820104563522
9870,9870,2017,,2017/10/23,14:50:00,COLISIÓN CONTRA OBJETO FIJO,CONCRETO,Bueno,Regular,4,HONDA,BLANCO,4,,47,MASCULINO,SIN DATOS,0,0,Morelia,La Loma,octubre,lunes,15,-101.182878340132,19.6794060555322
9871,9871,2017,"171196518",2017/10/23,15:10:00,COLISIÓN POR ALCANCE,ASFALTO,Bueno,Bueno,2,NISSAN,GRIS,2,,35,MASCULINO,SIN DATOS,0,0,Morelia,Tierra Y Libertad,octubre,lunes,15,-101.230473518372,19.7157678414927
9872,9872,2017,,2017/10/23,15:30:00,COLISIÓN POR ALCANCE,CONCRETO,Bueno,Bueno,2,FORD,AZUL,2,,39,MASCULINO,SIN DATOS,0,0,Pátzcuaro,Rincon Los Pinos,octubre,lunes,16,-101.596670150757,19.4954796175183
9874,9874,2017,"171196614",2017/10/23,16:30:00,COLISIÓN POR CORTE DE CIRCULACIÓN,ASFALTO,Bueno,Bueno,2,HONDA,ROJO,2,,,MASCULINO,SIN DATOS,0,0,Morelia,Chapultepec Sur,octubre,lunes,17,-101.172151565552,19.6905565357066
9875,9875,2017,,2017/10/23,17:00:00,COLISIÓN POR ALCANCE,ASFALTO,Bueno,Bueno,2,SE IGNORA,SE IGNORA,2,MINISTERIO PÚBLICO,,,SIN DATOS,0,0,Apatzingán,Ferrocarril,octubre,lunes,17,-102.356035709381,19.0788286195926
9876,9876,2017,"171196812",2017/10/23,18:00:00,COLISIÓN POR CORTE DE CIRCULACIÓN,CONCRETO,Bueno,Bueno,2,HONDA,PLATA,2,MINISTERIO PÚBLICO,36,FEMENINO,SIN DATOS,0,0,Morelia,El Realito,octubre,lunes,18,-101.202750205994,19.7256654247705
9877,9877,2017,"171197106",2017/10/23,18:20:00,COLISIÓN POR CORTE DE CIRCULACIÓN,CONCRETO,Bueno,Bueno,2,NISSAN,NEGRO,2,,39,MASCULINO,SIN DATOS,0,0,Morelia,Arboledas,octubre,lunes,18,-101.21000289917,19.6798082012521
9878,9878,2017,"171197431",2017/10/23,19:20:00,COLISIÓN POR ALCANCE,ASFALTO,Nublado,Bueno,2,VOLKSWAGEN,NEGRO,2,,29,FEMENINO,SIN DATOS,0,0,Morelia,Indeco Santiaguito,octubre,lunes,19,-101.177837848663,19.7197067490726
9879,9879,2017,,2017/10/23,21:00:00,COLISIÓN CONTRA OBJETO FIJO,TERRACERIA,Bueno,Regular,1,FORD,VERDE,1,,,,SIN DATOS,0,0,Acuitzio,Vicente Riva Palacio,octubre,lunes,21,-101.33181810379,19.4827560469867
9880,9880,2017,"171197872",2017/10/23,21:45:00,COLISIÓN CONTRA OBJETO FIJO,CONCRETO,Bueno,Bueno,1,NISSAN,CAFE,0,,,,,0,0,Morelia,Margarita Maza de Juarez,octubre,lunes,22,-101.25639975071,19.6939354448034
9881,9881,2017,,2017/10/24,"00:00:00",COLISIÓN POR CORTE DE CIRCULACIÓN,CONCRETO,Bueno,Bueno,3,CHEVROLET,PLATA,3,,30,MASCULINO,SIN DATOS,0,0,Morelia,Matamoros,octubre,martes,0,-101.163675785065,19.6981526677521
9882,9882,2017,"171198178",2017/10/24,"02:20:00",COLISIÓN POR CORTE DE CIRCULACIÓN,ASFALTO,Bueno,Bueno,2,ITALIKA,VERDE,2,,,MASCULINO,SIN DATOS,0,0,Morelia,Buenavista,octubre,martes,2,-101.162774562836,19.7065362779034
9883,9883,2017,"171198405",2017/10/24,"07:30:00",COLISIÓN CONTRA OBJETO FIJO,ASFALTO,Bueno,Bueno,1,TOYOTA,ROJO,0,,,,,0,0,Morelia,Lomas de Las Americas Sur,octubre,martes,8,-101.144127845764,19.6925364133652
9884,9884,2017,"171145356",2017/10/24,"08:30:00",COLISIÓN POR CAMBIO DE CARRIL,ASFALTO,Bueno,Bueno,2,FORD,VERDE,2,,23,MASCULINO,SIN DATOS,0,0,Morelia,Felix Ireta,octubre,martes,9,-101.19167804718,19.6826367802544
9885,9885,2017,"171198656",2017/10/24,"09:38:00",COLISIÓN POR ALCANCE,CONCRETO,Bueno,Bueno,2,TOYOTA,CHAMPAGNE,2,,59,FEMENINO,SIN DATOS,0,0,Morelia,Morelos,octubre,martes,10,-101.205453872681,19.6978698395097
9886,9886,2017,"171198667",2017/10/24,"09:45:00",COLISIÓN POR INVASIÓN DE CARRIL,ASFALTO,Bueno,Bueno,2,FORD,BLANCO Y ROSA,2,,39,MASCULINO,SIN DATOS,0,0,Morelia,Las Americas,octubre,martes,10,-101.153676509857,19.6876270799729
9887,9887,2017,"171199037",2017/10/24,11:25:00,COLISIÓN POR CORTE DE CIRCULACIÓN,ASFALTO,Bueno,Bueno,2,NISSAN,BLANCO,2,,27,MASCULINO,SIN DATOS,0,0,Morelia,Rafael Carrillo,octubre,martes,11,-101.235129833221,19.7097077941919
9888,9888,2017,"1714897107",2017/10/24,11:40:00,COLISIÓN POR INVASIÓN DE CARRIL,ASFALTO,Bueno,Bueno,3,KTM,NOVAN,3,,18,FEMENINO,SIN DATOS,0,0,Morelia,Ventura Puente,octubre,martes,12,-101.180047988892,19.6890867637535
9889,9889,2017,"171199360",2017/10/24,12:45:00,COLISIÓN POR ALCANCE,ASFALTO,Bueno,Bueno,2,DODGE,AZUL,2,,26,MASCULINO,SIN DATOS,0,0,Morelia,Libertad,octubre,martes,13,-101.236910820007,19.6848592001435
9890,9890,2017,,2017/10/24,12:45:00,COLISIÓN POR CORTE DE CIRCULACIÓN,ASFALTO,Bueno,Bueno,2,FORD,ROJO,2,,45,MASCULINO,SIN DATOS,0,0,Morelia,Isaac Arriaga,octubre,martes,13,-101.172430515289,19.7075261209478
9891,9891,2017,"171199470",2017/10/24,14:00:00,COLISIÓN CONTRA OBJETO FIJO,CONCRETO,Bueno,Bueno,2,CATERPILLAR,AMARILLO,2,,20,MASCULINO,SIN DATOS,0,0,Morelia,Exhacienda del Quinceo,octubre,martes,14,-101.233069896698,19.7298060685628
9892,9892,2017,,2017/10/24,14:40:00,COLISIÓN POR CORTE DE CIRCULACIÓN,ASFALTO,Bueno,Bueno,2,VOLKSWAGEN,GRIS,2,,49,MASCULINO,SIN DATOS,0,0,Lázaro Cárdenas,1Er Sect de Fidelac,octubre,martes,15,-102.19583272934,17.9637924031389
9893,9893,2017,"171200561",2017/10/24,14:50:00,COLISIÓN POR CORTE DE CIRCULACIÓN,ASFALTO,Bueno,Bueno,2,NISSAN,BLANCO,2,,33,MASCULINO,SIN DATOS,0,0,Tarímbaro,Sin datos,octubre,martes,15,-101.126865148544,19.7762446153671
9894,9894,2017,,2017/10/24,14:50:00,COLISIÓN POR ALCANCE,ASFALTO,Bueno,Bueno,2,TOYOTA,BLANCO,2,,36,MASCULINO,SIN DATOS,0,0,Morelia,Las Americas,octubre,martes,15,-101.156315803528,19.6877887065137
9895,9895,2017,,2017/10/24,15:00:00,SALIDA DE SUPERFICIE DE RODAMIENTO,ASFALTO,Bueno,Bueno,1,DODGE,NEGRO,2,,58,MASCULINO,SIN DATOS,1,0,Tangamandapio,De San Rafael,octubre,martes,15,-102.433776855469,19.9590698840331
9896,9896,2017,"171200336",2017/10/24,15:00:00,COLISIÓN POR INVASIÓN DE CARRIL,SIN_DATOS,Bueno,Bueno,2,RENAULT,ROJO,2,,22,MASCULINO,SIN DATOS,0,0,Morelia,La Soledad,octubre,martes,15,-101.185166715661,19.7274533823308
9897,9897,2017,,2017/10/24,16:20:00,COLISIÓN POR ALCANCE,ADOQUIN_EMPEDRADO,Bueno,Regular,2,CHEVROLET,AZUL/GRIS,2,,17,MASCULINO,SIN DATOS,0,0,Pátzcuaro,Vista del Lago,octubre,martes,16,-101.602785587311,19.504156963939
9898,9898,2017,"171200525",2017/10/24,18:30:00,COLISIÓN POR CORTE DE CIRCULACIÓN,ASFALTO,Bueno,Bueno,1,NISSAN,BLANCO,2,,28,MASCULINO,SIN DATOS,1,0,Morelia,Elias Perez Avalos,octubre,martes,19,-101.165499687195,19.7106370163516
9899,9899,2017,"171200685",2017/10/24,18:35:00,COLISIÓN POR ALCANCE,ASFALTO,Bueno,Regular,2,NISSAN,BLANCO,2,,55,MASCULINO,SIN DATOS,0,0,Morelia,La Esperanza,octubre,martes,19,-101.2535405159,19.6981324657514
9900,9900,2017,"171200819",2017/10/24,18:57:00,COLISIÓN POR ALCANCE,ASFALTO,Bueno,Bueno,2,PLYMOUTH,ORO,2,,50,MASCULINO,SIN DATOS,0,0,Morelia,Union Popular Solidaria,octubre,martes,19,-101.219744682312,19.7056070319202
9901,9901,2017,"171201355",2017/10/24,21:53:00,COLISIÓN CON PEATÓN,ASFALTO,Bueno,Regular,1,SIN DATOS,AZUL,1,,,,,1,0,Morelia,Buenavista,octubre,martes,22,-101.165134906769,19.7053343174006
9902,9902,2017,"171201408",2017/10/24,22:15:00,COLISIÓN POR ALCANCE,ASFALTO,Bueno,Bueno,2,HONDA,BLANCO,2,,21,MASCULINO,SIN DATOS,0,0,Morelia,Lomas de Hidalgo,octubre,martes,22,-101.163482666016,19.6962536685361
9903,9903,2017,"171204468",2017/10/25,"00:00:00",COLISIÓN POR ALCANCE,ASFALTO,Bueno,Bueno,2,NISSAN,BLANCO,2,,48,MASCULINO,SIN DATOS,0,0,Morelia,Ejidal Tres Puentes,octubre,miércoles,0,-101.232093572617,19.6924556025115
9904,9904,2017,"17204541",2017/10/25,"02:50:00",COLISIÓN POR CORTE DE CIRCULACIÓN,CONCRETO,Bueno,Regular,2,FORD,NEGRO,2,,24,MASCULINO,SIN DATOS,0,0,Morelia,Ventura Puente,octubre,miércoles,3,-101.192772388458,19.692460653191
9905,9905,2017,"171201736",2017/10/25,"06:30:00",COLISIÓN POR INVASIÓN DE CARRIL,ASFALTO,Bueno,Regular,2,ITALIKA,NEGRO Y GRIS,1,MINISTERIO PÚBLICO,,,,1,0,Morelia,Solidaridad,octubre,miércoles,7,-101.205260753632,19.7260087993115
9906,9906,2017,"171201821",2017/10/25,"07:30:00",COLISIÓN POR CORTE DE CIRCULACIÓN,ASFALTO,Bueno,Bueno,2,VOLKSWAGEN,BLANCO,3,MINISTERIO PÚBLICO,36,MASCULINO,SIN DATOS,1,0,Morelia,Colinas del Sur,octubre,miércoles,8,-101.197890043259,19.6616131835051
9908,9908,2017,"171201984",2017/10/25,"08:10:00",COLISIÓN POR CORTE DE CIRCULACIÓN,CONCRETO,Bueno,Bueno,2,DODGE,BLANCO,2,,43,,SIN DATOS,0,0,Morelia,Isaac Arriaga,octubre,miércoles,8,-101.174554824829,19.7116066337184
9910,9910,2017,"171202218",2017/10/25,10:05:00,COLISIÓN POR CAMBIO DE CARRIL,CONCRETO,Bueno,Bueno,2,VOLKSWAGEN,BLANCO,2,,27,MASCULINO,SIN DATOS,0,0,Morelia,Comision Federal de Electricidad,octubre,miércoles,10,-101.181313991547,19.6816063751156
9911,9911,2017,,2017/10/25,10:20:00,COLISIÓN POR CORTE DE CIRCULACIÓN,ASFALTO,Bueno,Malo,2,INTERNACIONAL,BLANCO,2,,63,MASCULINO,SIN DATOS,0,0,Morelia,Tlalpujahua,octubre,miércoles,10,-101.217877864838,19.6761915882054
9912,9912,2017,"171202473",2017/10/25,12:20:00,COLISIÓN CON PEATÓN,ASFALTO,Bueno,Bueno,1,TOYOTA,BLANCO Y ROSA,2,,25,MASCULINO,SIN DATOS,1,0,Morelia,Centro,octubre,miércoles,12,-101.191377639771,19.705495926061
9913,9913,2017,"171202646",2017/10/25,12:58:00,COLISIÓN CONTRA OBJETO FIJO,ASFALTO,Bueno,Bueno,1,KIA,GUINDA,1,,17,MASCULINO,SIN DATOS,0,0,Morelia,Rincon de Altozano,octubre,miércoles,13,-101.164383888245,19.6593399240096
9914,9914,2017,"171202674",2017/10/25,13:07:00,COLISIÓN CON PEATÓN,ASFALTO,Bueno,Bueno,1,SIN DATOS,SIN DATOS,1,,,,,1,0,Morelia,Granjas del Maestro,octubre,miércoles,13,-101.193803697824,19.7128931351862
9915,9915,2017,"171203601",2017/10/25,14:42:00,COLISIÓN POR CORTE DE CIRCULACIÓN,ASFALTO,Bueno,Bueno,2,PONTIAC,GRIS,2,,,FEMENINO,SIN DATOS,0,0,Morelia,Isaac Arriaga,octubre,miércoles,15,-101.172194480896,19.7076069241912
9916,9916,2017,"171203111",2017/10/25,15:00:00,COLISIÓN POR NO RESPETAR SEMÁFORO,CONCRETO,Bueno,Bueno,2,FORD,ROJO,2,,0,MASCULINO,SIN DATOS,0,0,Morelia,Infonavit  Las  Camelinas,octubre,miércoles,15,-101.174211502075,19.6820508644198
9917,9917,2017,"171203590",2017/10/25,17:00:00,COLISIÓN POR CAMBIO DE CARRIL,ASFALTO,Bueno,Bueno,2,VOLKSWAGEN,PLATA,2,MINISTERIO PÚBLICO,30,MASCULINO,SIN DATOS,0,0,Morelia,Valle de Altozano,octubre,miércoles,17,-101.164577007294,19.6651796101291
9918,9918,2017,"171203606",2017/10/25,17:05:00,COLISIÓN POR CORTE DE CIRCULACIÓN,ASFALTO,Bueno,Bueno,2,VOLKSWAGEN,VERDE,2,,44,,SIN DATOS,0,0,Morelia,Las Margaritas,octubre,miércoles,17,-101.210174560547,19.7116066337184
9919,9919,2017,"171203817",2017/10/25,17:10:00,COLISIÓN POR ALCANCE,CONCRETO,Bueno,Bueno,2,GENERAL MOTORS,NARANJA,2,,36,FEMENINO,SIN DATOS,0,0,Morelia,Morelia 450,octubre,miércoles,17,-101.214873790741,19.6745145835033
9920,9920,2017,"171204063",2017/10/25,19:00:00,CAIDA DE MOTOCICLETA,ASFALTO,Bueno,Bueno,1,ITALIKA,AMARILLO,1,,48,MASCULINO,SIN DATOS,0,0,Morelia,Los Alamos,octubre,miércoles,19,-101.228864192963,19.7039909390928
9922,9922,2017,"171204214",2017/10/25,20:05:00,COLISIÓN POR CORTE DE CIRCULACIÓN,ASFALTO,Bueno,Bueno,3,MITSUBISHI,BLANCO,3,,,MASCULINO,SIN DATOS,0,0,Morelia,Chapultepec Sur,octubre,miércoles,20,-101.172108650208,19.6913040434139
9923,9923,2017,"171204566",2017/10/25,21:30:00,COLISIÓN POR CORTE DE CIRCULACIÓN,CONCRETO,Bueno,Bueno,2,CHEVROLET,BLANCO,2,,33,FEMENINO,SIN DATOS,0,0,Morelia,Balcones de Morelia,octubre,miércoles,22,-101.201012134552,19.6718677090475
9924,9924,2017,"171207334",2017/10/26,"00:00:00",COLISIÓN POR ALCANCE,ASFALTO,Bueno,Regular,3,CHEVROLET,BLANCO,2,,23,MASCULINO,SIN DATOS,0,0,Morelia,Irrigacion,octubre,jueves,0,-101.225109100342,19.7047989875472
9925,9925,2017,"171204983",2017/10/26,"03:30:00",COLISIÓN CONTRA OBJETO FIJO,ASFALTO,Bueno,Bueno,1,SUZUKI,ROJO,0,,,,,0,0,Morelia,Los Laureles,octubre,jueves,4,-101.232297420502,19.7135256507582
9926,9926,2017,"171205154",2017/10/26,"04:20:00",VOLCADURA,ASFALTO,Bueno,Bueno,1,MAZDA,GRIS,1,,29,MASCULINO,ALIENTO ETÍLICO,0,0,Morelia,Sentimientos de La Nacion,octubre,jueves,4,-101.235580444336,19.6818892320882
9927,9927,2017,"171205213",2017/10/26,"07:40:00",COLISIÓN POR MANIOBRA DE REVERSA,CONCRETO,Bueno,Bueno,2,JEEP,NEGRO,2,,49,FEMENINO,SIN DATOS,0,0,Morelia,Centro,octubre,jueves,8,-101.194387078285,19.6991173103193
9928,9928,2017,,2017/10/26,"08:30:00",VOLCADURA,ASFALTO,Bueno,Bueno,1,VOLKSWAGEN,NEGRO/BLANCO/ROJO,1,,,MASCULINO,SIN DATOS,0,0,Tuxpan,Sin datos,octubre,jueves,9,-100.475463867187,19.5426431685087
9929,9929,2017,"171205346",2017/10/26,"09:10:00",COLISIÓN POR CAMBIO DE CARRIL,ASFALTO,Bueno,Bueno,2,INTERNATIONAL,BLANCO,2,,61,MASCULINO,SIN DATOS,0,0,Morelia,Primo Tapia,octubre,jueves,9,-101.2118268013,19.7092633816854
9930,9930,2017,"171148971",2017/10/26,"09:15:00",COLISIÓN POR NO RESPETAR SEMÁFORO,ASFALTO,Bueno,Bueno,2,VOLKSWAGEN,NEGRO,2,,24,MASCULINO,SIN DATOS,0,0,Morelia,Cosmos,octubre,jueves,9,-101.216418743134,19.6832833055846
9931,9931,2017,"171205370",2017/10/26,"09:20:00",COLISIÓN POR CAMBIO DE CARRIL,ASFALTO,Bueno,Bueno,2,INTERNATIONAL,BLANCO,2,,29,MASCULINO,SIN DATOS,0,0,Morelia,Felix Ireta,octubre,jueves,9,-101.19197845459,19.6825155564645
9932,9932,2017,"171205344",2017/10/26,"09:30:00",COLISIÓN POR CORTE DE CIRCULACIÓN,ASFALTO,Bueno,Bueno,2,CHRYSLER,AZUL,2,MINISTERIO PÚBLICO,57,MASCULINO,SIN DATOS,0,0,Morelia,Campestre Los Manantiales,octubre,jueves,10,-101.238477230072,19.6884756174923
9933,9933,2017,"171205599",2017/10/26,11:14:00,COLISIÓN POR CORTE DE CIRCULACIÓN,ASFALTO,Bueno,Bueno,2,TOYOTA,BLANCO,2,,40,MASCULINO,SIN DATOS,0,0,Morelia,Hermanos Lopez Rayon,octubre,jueves,11,-101.220152378082,19.6755248294016