fid,id_accidente,anio_origen,folio_c5i,dia_incidente,hora_ocurrencia,tipo_incidente_vial,superficie_ocurrencia,condiciones_climaticas,condiciones_via,numero_vehiculos_involucrados,marca_vehiculo_ocasiona_siniestro,color_vehiculo_ocasiona_siniestro,numero_personas_involucradas,lugar_remite_presunto_responsable,edad_presunto_responsable,sexo_presunto_responsable,resultados_toxicologia,numero_personas_lesionadas,numero_personas_fallecidas,municipio,colonia,mes,dia_semana,hora_redondeada,lon,lat
9934,9934,2017,"171205656",2017/10/26,11:20:00,COLISIÓN POR CORTE DE CIRCULACIÓN,ASFALTO,Bueno,Bueno,2,NISSAN,BLANCO Y VERDE,2,,38,MASCULINO,SIN DATOS,0,0,Morelia,Independencia,octubre,jueves,11,-101.177880764008,19.7194441582534
9935,9935,2017,,2017/10/26,12:45:00,COLISIÓN POR CORTE DE CIRCULACIÓN,ASFALTO,Bueno,Bueno,2,NISSAN,ROJO,2,,31,MASCULINO,SIN DATOS,0,0,Hidalgo,Sin Nombre,octubre,jueves,13,-100.549621582031,19.709667393106
9936,9936,2017,"171206635",2017/10/26,14:10:00,COLISIÓN POR CAMBIO DE CARRIL,ASFALTO,Bueno,Bueno,2,NISSAN,ROJO,2,,36,MASCULINO,SIN DATOS,0,0,Morelia,Vasco de Quiroga,octubre,jueves,14,-101.175874471664,19.6982940816859
9937,9937,2017,"171206422",2017/10/26,14:20:00,COLISIÓN POR CAMBIO DE CARRIL,ASFALTO,Bueno,Bueno,2,NISSAN,BLANCO,2,,26,MASCULINO,SIN DATOS,0,0,Morelia,Felix Ireta,octubre,jueves,14,-101.191742420197,19.6825559644047
9938,9938,2017,"171206408",2017/10/26,14:25:00,COLISIÓN POR INVASIÓN DE CARRIL,ASFALTO,Bueno,Bueno,2,DODGE,BLANCO,2,,27,MASCULINO,SIN DATOS,0,0,Morelia,Lindavista,octubre,jueves,14,-101.216204166412,19.7040515428684
9939,9939,2017,"171206517",2017/10/26,14:50:00,COLISIÓN POR CAMBIO DE CARRIL,ASFALTO,Bueno,Regular,2,MERCEDES BENZ,CREMA Y NARANJA,2,,32,MASCULINO,SIN DATOS,0,0,Morelia,Asociacion Zirahuen,octubre,jueves,15,-101.250257492065,19.6987587265885
9940,9940,2017,"171187413",2017/10/26,15:00:00,COLISIÓN POR INVASIÓN DE CARRIL,ASFALTO,Bueno,Bueno,2,TOYOTA,BLANCO/GRIS,2,,25,MASCULINO,SIN DATOS,0,0,Morelia,Alberto Oviedo Mota,octubre,jueves,15,-101.197772026062,19.6813639258843
9941,9941,2017,"1711206778",2017/10/26,15:16:00,COLISIÓN POR ALCANCE,ASFALTO,Bueno,Bueno,2,HONDA,GRIS,2,,29,FEMENINO,SIN DATOS,0,0,Morelia,Lomas de Guayangareo,octubre,jueves,15,-101.161648035049,19.7057585397858
9942,9942,2017,"171206580",2017/10/26,15:30:00,COLISIÓN POR CORTE DE CIRCULACIÓN,SIN_DATOS,Bueno,Bueno,2,TOYOTA,BLANCO Y GRIS,2,MINISTERIO PÚBLICO,30,MASCULINO,SIN DATOS,0,0,Morelia,Chapultepec Oriente,octubre,jueves,16,-101.159105300903,19.6881927721521
9943,9943,2017,"1711206775",2017/10/26,16:40:00,COLISIÓN POR CAMBIO DE CARRIL,ASFALTO,Bueno,Bueno,2,FORD,BLANCO/VERDE,2,,50,MASCULINO,SIN DATOS,0,0,Morelia,Lomas de Guayangareo,octubre,jueves,17,-101.160371303558,19.7046727302453
9944,9944,2017,"171207018",2017/10/26,17:08:00,COLISIÓN POR INVASIÓN DE CARRIL,ASFALTO,Bueno,Bueno,2,MERCEDES BENZ,BLANCO,2,,24,MASCULINO,SIN DATOS,0,0,Morelia,Ricardo Flores Magon,octubre,jueves,17,-101.244120597839,19.7051020046654
9945,9945,2017,"171206996",2017/10/26,17:20:00,COLISIÓN POR CORTE DE CIRCULACIÓN,ASFALTO,Bueno,Bueno,2,BMW,GRIS,2,,36,MASCULINO,SIN DATOS,0,0,Morelia,Nueva Chapultepec,octubre,jueves,17,-101.173117160797,19.6864552826729
9946,9946,2017,"171207187",2017/10/26,18:20:00,COLISIÓN POR MANIOBRA DE REVERSA,ASFALTO,Bueno,Bueno,2,FORD,BLANCO,2,MINISTERIO PÚBLICO,36,MASCULINO,SIN DATOS,0,0,Morelia,Morelos,octubre,jueves,18,-101.181448101997,19.7224033298318
9947,9947,2017,"171207186",2017/10/26,18:25:00,COLISIÓN POR CAMBIO DE CARRIL,CONCRETO,Bueno,Bueno,2,VOLKSWAGEN,NEGRO,2,,27,FEMENINO,SIN DATOS,0,0,Morelia,Buenavista,octubre,jueves,18,-101.15930378437,19.7059428741621
9948,9948,2017,"171207219",2017/10/26,18:40:00,COLISIÓN POR ALCANCE,CONCRETO,Bueno,Bueno,2,NISSAN,TURQUESA,2,,19,FEMENINO,SIN DATOS,0,0,Morelia,Lomas de Vista Bella,octubre,jueves,19,-101.199681758881,19.6743933535675
9949,9949,2017,"171207707",2017/10/26,20:30:00,COLISIÓN POR ALCANCE,ASFALTO,Bueno,Bueno,3,NISSAN,BLANCO/ROJO,3,,40,MASCULINO,SIN DATOS,0,0,Morelia,Francisco J Mujica,octubre,jueves,21,-101.188158988953,19.7216458679212
9950,9950,2017,"171207891",2017/10/26,21:30:00,COLISIÓN CONTRA OBJETO FIJO,ASFALTO,Bueno,Regular,2,SIN DATOS,SIN DATOS,1,,,,SIN DATOS,0,0,Morelia,Independencia,octubre,jueves,22,-101.176207065582,19.7126368457292
9951,9951,2017,"171210736",2017/10/27,"00:00:00",COLISIÓN POR CORTE DE CIRCULACIÓN,CONCRETO,Bueno,Bueno,2,CHEVROLET,BLANCO Y VERDE,2,,41,MASCULINO,SIN DATOS,0,0,Morelia,Centro,octubre,viernes,0,-101.187965869904,19.7015667692425
9952,9952,2017,"171215278",2017/10/27,"00:30:00",SALIDA DE SUPERFICIE DE RODAMIENTO,ASFALTO,Bueno,Bueno,1,DODGE,ROJO,1,,43,MASCULINO,SIN DATOS,0,0,Quiroga,Sin datos,octubre,viernes,1,-101.497535705566,19.6569756999529
9953,9953,2017,"171208426",2017/10/27,"06:40:00",SALIDA DE SUPERFICIE DE RODAMIENTO,SIN_DATOS,Bueno,Bueno,1,CHRYSLER,ROJO,1,,20,MASCULINO,SIN DATOS,0,0,Morelia,San Rafael,octubre,viernes,7,-101.15492105484,19.7007587044638
9954,9954,2017,"171208525",2017/10/27,"07:50:00",VOLCADURA,ASFALTO,Bueno,Bueno,1,HYUNDAY,ROJO,1,,,MASCULINO,SIN DATOS,0,0,Tarímbaro,Metropolis,octubre,viernes,8,-101.204466819763,19.7574547376287
9955,9955,2017,"171208551",2017/10/27,"08:10:00",SUBIDA AL CAMELLÓN,ASFALTO,Bueno,Bueno,1,NISSAN,BLANCO,1,,47,MASCULINO,SIN DATOS,0,0,Morelia,Sentimientos de La Nacion,octubre,viernes,8,-101.231911182404,19.6778483707958
9956,9956,2017,"171209330",2017/10/27,10:00:00,COLISIÓN POR ALCANCE,ASFALTO,Bueno,Bueno,3,NISSAN,AZUL,3,,27,FEMENINO,SIN DATOS,0,0,Morelia,Comision Federal de Electricidad,octubre,viernes,10,-101.181399822235,19.6816467832851
9957,9957,2017,"171208865",2017/10/27,10:37:00,COLISIÓN POR CORTE DE CIRCULACIÓN,ASFALTO,Bueno,Bueno,2,CHEVROLET,CAFE,2,,37,MASCULINO,SIN DATOS,1,0,Morelia,Constituyentes de Queretaro,octubre,viernes,11,-101.166105866432,19.7182725939583
9958,9958,2017,"171209332",2017/10/27,11:35:00,COLISIÓN POR CORTE DE CIRCULACIÓN,SIN_DATOS,Bueno,Bueno,2,NISSAN,BLANCO,2,,27,MASCULINO,SIN DATOS,0,0,Morelia,Lomas del Tecnologico,octubre,viernes,12,-101.191935539246,19.7204743197631
9959,9959,2017,,2017/10/27,11:55:00,COLISIÓN POR CAMBIO DE CARRIL,TERRACERIA,Bueno,Malo,2,FREIGHTLINER,ROJO,2,,29,MASCULINO,SIN DATOS,0,0,Morelia,Los Angeles,octubre,viernes,12,-101.176099777222,19.7428736404216
9960,9960,2017,,2017/10/27,13:03:00,COLISIÓN POR CORTE DE CIRCULACIÓN,ASFALTO,Bueno,Bueno,2,NISSAN,GRIS,2,,44,MASCULINO,SIN DATOS,0,0,Morelia,Nueva Valladolid,octubre,viernes,13,-101.210603713989,19.7011223341192
9961,9961,2017,"171209682",2017/10/27,14:20:00,VOLCADURA,ASFALTO,Bueno,Bueno,1,NISSAN,ROJO,1,,25,MASCULINO,SIN DATOS,0,0,Morelia,Lindavista,octubre,viernes,14,-101.217024922371,19.7043444607938
9962,9962,2017,,2017/10/27,16:20:00,COLISIÓN POR ALCANCE,ASFALTO,Bueno,Bueno,2,CHEVROLET,BLANCO,2,,49,MASCULINO,SIN DATOS,0,0,Morelia,Jardines de Torremolinos,octubre,viernes,16,-101.225666999817,19.6769593676334
9963,9963,2017,LEG10471,2017/10/27,16:30:00,COLISIÓN POR INVASIÓN DE CARRIL,CONCRETO,Bueno,Bueno,2,NISSAN,BLANCO Y VERDE,2,,45,MASCULINO,SIN DATOS,0,0,Morelia,Chapultepec Oriente,octubre,viernes,17,-101.159298419952,19.6945112159231
9964,9964,2017,"171210295",2017/10/27,17:00:00,COLISIÓN POR CORTE DE CIRCULACIÓN,ASFALTO,Bueno,Bueno,2,MAZDA,ROJO,2,,18,FEMENINO,SIN DATOS,0,0,Morelia,Lomas de Santa Maria,octubre,viernes,17,-101.180568337441,19.6751863977351
9965,9965,2017,"171210364",2017/10/27,17:15:00,COLISIÓN POR INVASIÓN DE CARRIL,ASFALTO,Bueno,Bueno,3,FORD,BLANCO,2,MINISTERIO PÚBLICO,,MASCULINO,SIN DATOS,0,0,Morelia,General Juan Jose Codallos,octubre,viernes,17,-101.20684325695,19.7142553761941
9966,9966,2017,"171210357",2017/10/27,17:25:00,COLISIÓN POR CORTE DE CIRCULACIÓN,CONCRETO,Bueno,Bueno,2,CHEVROLET,GRIS,2,,40,FEMENINO,SIN DATOS,0,0,Morelia,Ferrocarrilero,octubre,viernes,17,-101.218521595001,19.6967991280642
9967,9967,2017,"171210482",2017/10/27,17:50:00,COLISIÓN POR CAMBIO DE CARRIL,CONCRETO,Bueno,Regular,2,NISSAN,BLANCO,2,,26,MASCULINO,SIN DATOS,0,0,Morelia,Centro,octubre,viernes,18,-101.192632913589,19.6961526573083
9968,9968,2017,"171210968",2017/10/27,19:20:00,COLISIÓN POR CAMBIO DE CARRIL,ASFALTO,Bueno,Bueno,2,CHEVROLET,BLANCO,2,,20,FEMENINO,SIN DATOS,0,0,Morelia,Tlalpujahua,octubre,viernes,19,-101.218693256378,19.6765552736562
9969,9969,2017,"171211115",2017/10/27,20:00:00,COLISIÓN POR INVASIÓN DE CARRIL,ASFALTO,Bueno,Bueno,2,RENAULT,GRIS,2,,52,MASCULINO,SIN DATOS,0,0,Morelia,Molino de Parras,octubre,viernes,20,-101.200218200684,19.6963243763575
9970,9970,2017,"171211452",2017/10/27,20:35:00,COLISIÓN POR CORTE DE CIRCULACIÓN,CONCRETO,Bueno,Regular,2,CHEVROLET,BLANCO,2,,42,MASCULINO,SIN DATOS,0,0,Morelia,Centro,octubre,viernes,21,-101.187880039215,19.6959405335226
9971,9971,2017,,2017/10/27,20:45:00,COLISIÓN POR CAMBIO DE CARRIL,CONCRETO,Bueno,Bueno,3,FORD,ROJO,2,,43,MASCULINO,SIN DATOS,0,0,Morelia,Santiaguito,octubre,viernes,21,-101.189720034599,19.7154698945355
9972,9972,2017,"171211299",2017/10/27,22:00:00,COLISIÓN CONTRA OBJETO FIJO,ASFALTO,Bueno,Bueno,1,CHEVROLET,AZUL,1,,31,MASCULINO,SIN DATOS,0,0,Morelia,Sin datos,octubre,viernes,22,-101.291027069092,19.5999408753674
9973,9973,2017,,2017/10/28,"00:00:00",COLISIÓN POR ALCANCE,ASFALTO,Bueno,Bueno,2,CHEVROLET,VERDE,2,MINISTERIO PÚBLICO,17,MASCULINO,SIN DATOS,0,0,Morelia,La Luz,octubre,sábado,0,-101.299835443497,19.6874149448904
9974,9974,2017,,2017/10/28,"00:00:00",COLISIÓN POR ALCANCE,ASFALTO,Bueno,Bueno,2,NISSAN,BLANCO,1,,29,MASCULINO,SIN DATOS,0,0,Morelia,Indeco Santiaguito,octubre,sábado,0,-101.178867816925,19.7204541205817
9975,9975,2017,"171211735",2017/10/28,"00:40:00",SALIDA DE SUPERFICIE DE RODAMIENTO,ASFALTO,Bueno,Bueno,1,CHRYSLER,AZUL,1,,20,MASCULINO,ALIENTO ETÍLICO,0,0,Morelia,Mirador del Punhuato,octubre,sábado,1,-101.160274744034,19.7052484627334
9976,9976,2017,"171211914",2017/10/28,"05:30:00",CAIDA DE MOTOCICLETA,ASFALTO,Bueno,Bueno,1,HONDA,BLANCO,1,MINISTERIO PÚBLICO,,,,0,1,Morelia,Eduardo Ruiz,octubre,sábado,6,-101.224143505096,19.7251402622806
9977,9977,2017,"171212152",2017/10/28,"07:10:00",COLISIÓN POR ALCANCE,ASFALTO,Bueno,Bueno,2,CHYSLER,VERDE,2,MINISTERIO PÚBLICO,56,MASCULINO,SIN DATOS,0,0,Morelia,Los Laureles,octubre,sábado,7,-101.231052875519,19.7150406479429
9978,9978,2017,"171167891",2017/10/28,"08:20:00",COLISIÓN POR CORTE DE CIRCULACIÓN,CONCRETO,Bueno,Bueno,2,FORD,BLANCO,2,MINISTERIO PÚBLICO,41,MASCULINO,SIN DATOS,0,0,Morelia,Centro,octubre,sábado,8,-101.190454959869,19.7048292892849
9979,9979,2017,"171212223",2017/10/28,"09:40:00",COLISIÓN POR INVASIÓN DE CARRIL,ASFALTO,Bueno,Regular,2,VOLKSWAGEN,GRIS,2,,28,MASCULINO,SIN DATOS,0,0,Morelia,Sin datos,octubre,sábado,10,-101.40209197998,19.7910144685851
9980,9980,2017,"171148791",2017/10/28,10:00:00,COLISIÓN POR NO RESPETAR SEMÁFORO,ASFALTO,Bueno,Bueno,2,CHEVROLET,BLANCO,2,,23,MASCULINO,SIN DATOS,0,0,Morelia,Jardines de Torremolinos,octubre,sábado,10,-101.225774288177,19.6769997769751
9981,9981,2017,"171212810",2017/10/28,11:40:00,COLISIÓN POR ALCANCE,ASFALTO,Bueno,Bueno,2,NISSAN,BLANCO Y ROJO,2,,76,MASCULINO,SIN DATOS,0,0,Morelia,Josefa Ortiz de Dominguez,octubre,sábado,12,-101.214246153831,19.6740448169912
9982,9982,2017,,2017/10/28,12:05:00,COLISIÓN POR CORTE DE CIRCULACIÓN,ASFALTO,Bueno,Bueno,2,NISSAN,BLANCO,3,,50,MASCULINO,SIN DATOS,1,0,Morelia,Los Laureles,octubre,sábado,12,-101.231203079224,19.7150608478084
9983,9983,2017,"171213561",2017/10/28,15:25:00,COLISIÓN CONTRA OBJETO FIJO,ASFALTO,Bueno,Bueno,1,VOLKSWAGEN,ROJO,1,,30,MASCULINO,SIN DATOS,0,0,Morelia,Ana Maria Gallaga (Riviera Norte),octubre,sábado,15,-101.222898960114,19.6768785489195
9984,9984,2017,"171213720",2017/10/28,16:10:00,COLISIÓN POR CORTE DE CIRCULACIÓN,ASFALTO,Bueno,Bueno,1,YAMAHA,NEGRO,1,,42,MASCULINO,SIN DATOS,0,0,Morelia,Cosmos,octubre,sábado,16,-101.216762065887,19.6828388197004
9985,9985,2017,,2017/10/28,18:55:00,COLISIÓN CONTRA OBJETO FIJO,CONCRETO,Bueno,Bueno,2,SIN DATOS,BLANCO,2,,,,SIN DATOS,0,0,Morelia,El Porvenir,octubre,sábado,19,-101.204528510571,19.7098491979123
9986,9986,2017,"171214249",2017/10/28,19:12:00,COLISIÓN POR CORTE DE CIRCULACIÓN,ASFALTO,Bueno,Bueno,2,DODGE,BLANCO,3,MINISTERIO PÚBLICO,,MASCULINO,SIN DATOS,2,0,Morelia,Gertrudis Sanchez,octubre,sábado,19,-101.200668811798,19.7398441594727
9987,9987,2017,"171214123",2017/10/28,19:40:00,COLISIÓN POR ALCANCE,ASFALTO,Bueno,Bueno,2,JEEP,BLANCO,2,,42,MASCULINO,SIN DATOS,0,0,Morelia,Felix Ireta,octubre,sábado,20,-101.191742420197,19.6825155564645
9988,9988,2017,"171214376",2017/10/28,20:10:00,COLISIÓN POR CORTE DE CIRCULACIÓN,ASFALTO,Bueno,Bueno,2,DODGE,ROJO,2,,40,MASCULINO,SIN DATOS,0,0,Morelia,Villas de La Loma,octubre,sábado,20,-101.297190785408,19.6888392750527
9989,9989,2017,"171214579",2017/10/28,20:20:00,COLISIÓN POR CORTE DE CIRCULACIÓN,ASFALTO,Bueno,Bueno,2,NISSAN,BLANCO Y ROJO,2,,33,MASCULINO,SIN DATOS,0,0,Morelia,Felix Ireta,octubre,sábado,20,-101.180455684662,19.6876876899448
9990,9990,2017,,2017/10/28,20:45:00,COLISIÓN POR CORTE DE CIRCULACIÓN,ASFALTO,Bueno,Bueno,3,NISSAN,PLATA,3,,48,MASCULINO,SIN DATOS,0,0,Morelia,Vasco de Quiroga,octubre,sábado,21,-101.17354631424,19.7050515018522
9991,9991,2017,"171214873",2017/10/28,22:00:00,COLISIÓN POR CORTE DE CIRCULACIÓN,ASFALTO,Bueno,Bueno,2,FORD,BLANCO,2,,46,FEMENINO,SIN DATOS,0,0,Morelia,De Dolores,octubre,sábado,22,-101.378488540649,19.6728173560565
9992,9992,2017,"171215043",2017/10/28,22:10:00,COLISIÓN POR CAMBIO DE CARRIL,ASFALTO,Bueno,Bueno,2,VOLKSWAGEN,BLANCO,2,,21,FEMENINO,SIN DATOS,0,0,Morelia,Americas Britania,octubre,sábado,22,-101.150103807449,19.6918798239981
9993,9993,2017,"171121486",2017/10/28,23:10:00,COLISIÓN POR ALCANCE,ASFALTO,Bueno,Bueno,2,CHEVROLET,BLANCO,2,,18,MASCULINO,SIN DATOS,0,0,Morelia,Alberto Oviedo Mota,octubre,sábado,23,-101.202009916306,19.6778786776349
9994,9994,2017,,2017/10/28,23:45:00,COLISIÓN POR ALCANCE,ADOQUIN_EMPEDRADO,Bueno,Bueno,3,FORD,BLANCO,3,,23,MASCULINO,CON CERTIFICADO,0,0,Pátzcuaro,Los Cedros,octubre,sábado,0,-101.597303152084,19.5056132561901
9995,9995,2017,PFP298C,2017/10/29,"00:00:00",COLISIÓN POR CAMBIO DE CARRIL,ASFALTO,Bueno,Bueno,2,FORD,GRIS,2,,20,MASCULINO,SIN DATOS,0,0,Morelia,Ampliacion La Soledad,octubre,domingo,0,-101.183223724365,19.7306745802309
9996,9996,2017,"17215294",2017/10/29,"00:45:00",COLISIÓN POR CORTE DE CIRCULACIÓN,ASFALTO,Bueno,Bueno,2,FORD,ROJO,2,,29,MASCULINO,ALIENTO ETÍLICO,0,0,Morelia,Ciudad Industrial,octubre,domingo,1,-101.143054962158,19.7252614537776
9997,9997,2017,"171215391",2017/10/29,"00:50:00",COLISIÓN POR ALCANCE,ASFALTO,Bueno,Bueno,2,VOLKWAGEN,ROJO,2,,40,,SIN DATOS,0,0,Morelia,Primo Tapia Oriente,octubre,domingo,1,-101.16028547287,19.7129196478652
9998,9998,2017,,2017/10/29,"01:00:00",COLISIÓN POR ALCANCE,ADOQUIN_EMPEDRADO,Bueno,Regular,2,DODGE,VINO,4,MINISTERIO PÚBLICO,28,MASCULINO,SIN DATOS,2,0,Cuitzeo,Centro,octubre,domingo,1,-101.143548488617,19.9715236595397
9999,9999,2017,"1712155811",2017/10/29,"03:00:00",COLISIÓN POR ALCANCE,ASFALTO,Bueno,Bueno,2,TOYOTA,GRIS,2,,33,MASCULINO,SIN DATOS,0,0,Morelia,Alberto Oviedo Mota,octubre,domingo,3,-101.197493076324,19.6813033135192
10000,10000,2017,"171215594",2017/10/29,"03:30:00",COLISIÓN CONTRA OBJETO FIJO,ASFALTO,Bueno,Bueno,1,VOLKWAGEN,BLANCO,1,,19,MASCULINO,CON CERTIFICADO,0,0,Morelia,Indeco El Vivero,octubre,domingo,4,-101.230135560036,19.6770351351407
10001,10001,2017,"171215589",2017/10/29,"03:30:00",VOLCADURA,ASFALTO,Bueno,Bueno,1,FORD,PLATA,0,,,,,0,0,Morelia,Sin datos,octubre,domingo,4,-101.277208328247,19.62791512668
10002,10002,2017,"171121492",2017/10/29,"03:40:00",COLISIÓN POR ALCANCE,ASFALTO,Bueno,Bueno,2,CHEVROLET,BLANCO,2,,31,,SIN DATOS,0,0,Morelia,Villas Lomas del Paraiso,octubre,domingo,4,-101.179275512695,19.675161141612
10003,10003,2017,"171215656",2017/10/29,"04:05:00",COLISIÓN POR CORTE DE CIRCULACIÓN,ASFALTO,Bueno,Bueno,2,NISSAN,ROJO,2,,53,MASCULINO,SIN DATOS,0,0,Morelia,Los Manantiales de Morelia,octubre,domingo,4,-101.240301132202,19.692849555038
10004,10004,2017,,2017/10/29,"04:20:00",COLISIÓN POR CORTE DE CIRCULACIÓN,ASFALTO,Bueno,Bueno,2,SEAT,GRIS,2,,24,MASCULINO,SIN DATOS,0,0,Morelia,Vasco de Quiroga,octubre,domingo,4,-101.169898509979,19.705223211352
10005,10005,2017,"171215645",2017/10/29,"04:30:00",COLISIÓN POR ALCANCE,ASFALTO,Bueno,Bueno,2,MERCEDES BENZ,NEGRO,1,,40,MASCULINO,SIN DATOS,0,0,Morelia,Centro,octubre,domingo,5,-101.197283864021,19.7030818797032
10006,10006,2017,,2017/10/29,"04:40:00",COLISIÓN POR CORTE DE CIRCULACIÓN,ASFALTO,Bueno,Bueno,2,SIN DATOS,SIN DATO,1,,28,MASCULINO,SIN DATOS,0,0,Morelia,Sin datos,octubre,domingo,5,-101.26184463501,19.64056662088
10007,10007,2017,"171215711",2017/10/29,"05:30:00",COLISIÓN POR CORTE DE CIRCULACIÓN,ASFALTO,Bueno,Regular,2,SEAT,ROJO,2,,26,MASCULINO,CON CERTIFICADO,0,0,Morelia,Ventura Puente,octubre,domingo,6,-101.184146404266,19.6895463846114
10008,10008,2017,"171215697",2017/10/29,"06:30:00",COLISIÓN POR ALCANCE,ASFALTO,Bueno,Bueno,2,VOLKWAGEN,ROJO,2,,58,MASCULINO,SIN DATOS,0,0,Morelia,Loma Bonita,octubre,domingo,7,-101.196956634521,19.7187371808267
10009,10009,2017,"171215630",2017/10/29,"07:13:00",COLISIÓN POR CAMBIO DE CARRIL,ASFALTO,Bueno,Bueno,2,FORD,BLANCO,1,MINISTERIO PÚBLICO,,,SIN DATOS,0,0,Tarímbaro,Sin datos,octubre,domingo,7,-101.102113723755,19.7634725859233
10010,10010,2017,"171215876",2017/10/29,"08:15:00",COLISIÓN POR CORTE DE CIRCULACIÓN,ASFALTO,Bueno,Bueno,2,MAZDA,NEGRO,2,,31,MASCULINO,SIN DATOS,0,0,Morelia,Pascual Ortiz de Ayala,octubre,domingo,8,-101.150704622269,19.6948369802446
10011,10011,2017,,2017/10/29,10:00:00,COLISIÓN CONTRA OBJETO FIJO,TERRACERIA,Bueno,Malo,2,DODGE,VERDE,2,,,,SIN DATOS,0,0,Cuitzeo,Sin datos,octubre,domingo,10,-101.150608062744,20.0601237492038
10012,10012,2017,"171216248",2017/10/29,10:30:00,COLISIÓN CONTRA OBJETO FIJO,CONCRETO,Bueno,Bueno,1,BMW,GRIS,0,,,,,0,0,Morelia,La Loma,octubre,domingo,11,-101.181517839432,19.6798890184881
10013,10013,2017,,2017/10/29,15:10:00,COLISIÓN CONTRA OBJETO FIJO,ASFALTO,Bueno,Bueno,1,CHEVROLET,GUINDA,1,,,,SIN DATOS,0,0,Pátzcuaro,San Nicolas (La Valenciana),octubre,domingo,15,-101.615971326828,19.5223900106173
10014,10014,2017,"171217656",2017/10/29,17:25:00,COLISIÓN POR CORTE DE CIRCULACIÓN,ASFALTO,Bueno,Bueno,2,TOYOTA,BLANCA,2,,0,FEMENINO,SIN DATOS,0,0,Morelia,Victor Manuel Tinoco Rubi,octubre,domingo,17,-101.242554187775,19.7006576960795
10015,10015,2017,,2017/10/29,17:50:00,COLISIÓN POR INVASIÓN DE CARRIL,ASFALTO,Bueno,Bueno,2,CHEVROLET,BLANCO,2,,43,MASCULINO,SIN DATOS,0,0,Morelia,Molino de Parras,octubre,domingo,18,-101.205432415009,19.698193071746
10016,10016,2017,"171217857",2017/10/29,18:10:00,COLISIÓN POR CORTE DE CIRCULACIÓN,ASFALTO,Bueno,Bueno,2,ITALIKA,BLANCO,1,,,,,1,0,Morelia,Ventura Puente,octubre,domingo,18,-101.18911921978,19.6923899436628
10018,10018,2017,"171217994",2017/10/29,19:30:00,COLISIÓN POR CAMBIO DE CARRIL,ASFALTO,Bueno,Bueno,2,MERCEDES BENZ,BLANCO,2,,49,MASCULINO,SIN DATOS,0,0,Morelia,Victor Manuel Tinoco Rubi,octubre,domingo,20,-101.242768764496,19.7006576960795
10019,10019,2017,,2017/10/29,19:50:00,COLISIÓN POR ALCANCE,ASFALTO,Bueno,Bueno,2,VOLKWAGEN,AZUL,2,,26,MASCULINO,SIN DATOS,0,0,Tarímbaro,Sin datos,octubre,domingo,20,-101.130094528198,19.7771229702929
10020,10020,2017,"171208304",2017/10/29,20:20:00,COLISIÓN POR ALCANCE,ASFALTO,Bueno,Bueno,1,NISSAN,GRIS,1,,27,MASCULINO,SIN DATOS,0,0,Morelia,Sin datos,octubre,domingo,20,-101.114387512207,19.7370367891479
10021,10021,2017,"171218631",2017/10/29,20:30:00,COLISIÓN POR CAMBIO DE CARRIL,CONCRETO,Bueno,Bueno,2,DODGE,NEGRO,2,MINISTERIO PÚBLICO,50,MASCULINO,SIN DATOS,0,0,Morelia,Lomas de Hidalgo,octubre,domingo,21,-101.160283461213,19.6986633987362
10022,10022,2017,"171228489",2017/10/29,21:00:00,COLISIÓN POR ALCANCE,ASFALTO,Bueno,Bueno,3,NISSAN,BLANCO,3,,57,MASCULINO,ALIENTO ETÍLICO,0,0,Morelia,Avicola Benito Juarez,octubre,domingo,21,-101.279439926147,19.6915666804285
10024,10024,2017,"171218897",2017/10/29,23:00:00,COLISIÓN CONTRA OBJETO FIJO,ASFALTO,Bueno,Bueno,1,VOLKWAGEN,BLANCO,1,,35,MASCULINO,SIN DATOS,0,0,Morelia,Barrio Alto,octubre,domingo,23,-101.195261478424,19.7246352967204
10025,10025,2017,"171218992",2017/10/30,"00:35:00",SUBIDA AL CAMELLÓN,ASFALTO,Bueno,Bueno,1,CHEVROLET,VERDE,1,,,MASCULINO,ALIENTO ETÍLICO,0,0,Morelia,Tres Puentes,octubre,lunes,1,-101.213736534119,19.7028798658041
10026,10026,2017,,2017/10/30,"02:40:00",VOLCADURA,ASFALTO,Bueno,Bueno,1,CHEVROLET,BLANCO/ROJO,1,,44,MASCULINO,SIN DATOS,0,0,Jungapeo,Sin datos,octubre,lunes,3,-100.445165634155,19.4854464878684
10027,10027,2017,"171219112",2017/10/30,"05:40:00",COLISIÓN POR CORTE DE CIRCULACIÓN,ASFALTO,Bueno,Bueno,2,NISSAN,BLANCO Y ROJO,2,,65,MASCULINO,SIN DATOS,0,0,Morelia,Centro,octubre,lunes,6,-101.186630129814,19.7019505985827
10028,10028,2017,"171219108",2017/10/30,"06:35:00",SUBIDA AL CAMELLÓN,ADOQUIN_EMPEDRADO,Bueno,Bueno,1,CHEVROLET,BLANCO,1,,,,SIN DATOS,0,0,Morelia,Los Angeles,octubre,lunes,7,-101.17537021637,19.7442671823542
10029,10029,2017,"171219357",2017/10/30,"07:45:00",COLISIÓN POR ALCANCE,ASFALTO,Bueno,Regular,2,HONDA,BLANCO,2,,25,MASCULINO,SIN DATOS,0,0,Morelia,Los Manantiales de Morelia,octubre,lunes,8,-101.24027967453,19.6929404670218