fid,id_accidente,anio_origen,folio_c5i,dia_incidente,hora_ocurrencia,tipo_incidente_vial,superficie_ocurrencia,condiciones_climaticas,condiciones_via,numero_vehiculos_involucrados,marca_vehiculo_ocasiona_siniestro,color_vehiculo_ocasiona_siniestro,numero_personas_involucradas,lugar_remite_presunto_responsable,edad_presunto_responsable,sexo_presunto_responsable,resultados_toxicologia,numero_personas_lesionadas,numero_personas_fallecidas,municipio,colonia,mes,dia_semana,hora_redondeada,lon,lat
10030,10030,2017,"171219269",2017/10/30,"07:58:00",COLISIÓN CON PEATÓN,ASFALTO,Bueno,Bueno,1,CHRYSLER,BLANCO,2,,17,MASCULINO,SIN DATOS,1,0,Morelia,Emiliano Zapata,octubre,lunes,8,-101.230130195618,19.6556016050014
10031,10031,2017,"171219451",2017/10/30,"08:00:00",COLISIÓN POR ALCANCE,ASFALTO,Bueno,Bueno,3,NISSAN,ROJO,3,,30,MASCULINO,SIN DATOS,0,0,Morelia,Francisco J Mujica,octubre,lunes,8,-101.188137531281,19.7216660669521
10032,10032,2017,"171219517",2017/10/30,"08:32:00",COLISIÓN CONTRA OBJETO FIJO,ASFALTO,Bueno,Bueno,1,NISSAN,BLANCO,1,,32,MASCULINO,SIN DATOS,0,0,Morelia,Enrique Arreguin Robles,octubre,lunes,9,-101.178996562958,19.7204743197631
10033,10033,2017,"171219476",2017/10/30,"08:50:00",COLISIÓN POR ALCANCE,ASFALTO,Bueno,Bueno,2,NISSAN,BLANCO,2,,49,MASCULINO,SIN DATOS,0,0,Morelia,Alberto Oviedo Mota,octubre,lunes,9,-101.201119422913,19.680676984403
10034,10034,2017,"171219478",2017/10/30,"09:00:00",COLISIÓN POR CORTE DE CIRCULACIÓN,ASFALTO,Bueno,Bueno,2,DATSUN,AZUL,2,,41,MASCULINO,SIN DATOS,0,0,Morelia,Margarita Maza de Juarez,octubre,lunes,9,-101.253873109818,19.6942182799982
10035,10035,2017,"171219477",2017/10/30,"09:06:00",COLISIÓN POR CORTE DE CIRCULACIÓN,ASFALTO,Bueno,Bueno,2,VOLKSWAGEN,BLANCO,2,,30,MASCULINO,SIN DATOS,0,0,Morelia,Canteras de Morelia,octubre,lunes,9,-101.173782348633,19.716535431096
10036,10036,2017,"171219539",2017/10/30,"09:20:00",COLISIÓN POR CORTE DE CIRCULACIÓN,CONCRETO,Bueno,Bueno,2,DODGE,AZUL,0,,,,,0,0,Morelia,Centro,octubre,lunes,9,-101.183942556381,19.7007991077996
10037,10037,2017,"171220062",2017/10/30,11:20:00,COLISIÓN CONTRA OBJETO FIJO,ASFALTO,Nublado,Regular,1,CHEVROLET,VINO,0,,,,,0,0,Morelia,Balcones de Santa Maria,octubre,lunes,11,-101.185648441315,19.6756258536411
10038,10038,2017,"171220092",2017/10/30,11:45:00,COLISIÓN POR CAMBIO DE CARRIL,ASFALTO,Bueno,Bueno,2,INTERNATIONAL,ROJO,2,,30,MASCULINO,SIN DATOS,0,0,Morelia,Elias Perez Avalos,octubre,lunes,12,-101.165735721588,19.710556214639
10039,10039,2017,,2017/10/30,12:30:00,COLISIÓN POR CORTE DE CIRCULACIÓN,ASFALTO,Bueno,Bueno,2,NISSAN,BLANCO,2,,35,MASCULINO,SIN DATOS,0,0,Morelia,Lomas de Guayangareo,octubre,lunes,13,-101.160457134247,19.7030515776346
10040,10040,2017,"171220274",2017/10/30,13:12:00,COLISIÓN CON PEATÓN,ASFALTO,Bueno,Bueno,1,NISSAN,BLANCO,2,,27,FEMENINO,SIN DATOS,1,0,Morelia,Villa Universidad,octubre,lunes,13,-101.202063560486,19.6863239600274
10041,10041,2017,"171220368",2017/10/30,13:20:00,COLISIÓN POR INVASIÓN DE CARRIL,ASFALTO,Nublado,Bueno,2,FORD,AZUL,2,,50,MASCULINO,SIN DATOS,0,0,Morelia,Las Flores,octubre,lunes,13,-101.20676279068,19.7024758372406
10042,10042,2017,"171220389",2017/10/30,13:30:00,COLISIÓN POR CAMBIO DE CARRIL,CONCRETO,Bueno,Bueno,2,MERCEDES BENZ,BLANCO Y ROJO,2,,34,MASCULINO,SIN DATOS,0,0,Morelia,Infonavit  Las  Camelinas,octubre,lunes,14,-101.176228523254,19.6819094361386
10043,10043,2017,"171220772",2017/10/30,14:45:00,COLISIÓN POR ALCANCE,ASFALTO,Bueno,Regular,2,CHEVROLET,NEGRO,2,,28,,SIN DATOS,0,0,Morelia,Alberto Oviedo Mota,octubre,lunes,15,-101.201983094215,19.6778382685149
10045,10045,2017,"171221000",2017/10/30,15:48:00,COLISIÓN POR ALCANCE,ASFALTO,Bueno,Bueno,3,FREIGHTLINER,ROJO,3,,41,,SIN DATOS,0,0,Morelia,Indeco El Vivero,octubre,lunes,16,-101.229765415192,19.6771816188865
10046,10046,2017,"171221799",2017/10/30,19:49:00,COLISIÓN POR INVASIÓN DE CARRIL,ASFALTO,Bueno,Bueno,2,CHEVROLET,AZUL,2,,48,MASCULINO,SIN DATOS,0,0,Morelia,Tinijaro,octubre,lunes,20,-101.260309070349,19.6967902896145
10047,10047,2017,"171221829",2017/10/30,19:50:00,COLISIÓN POR ALCANCE,ASFALTO,Bueno,Bueno,2,FORD,PLATA,2,,58,MASCULINO,SIN DATOS,0,0,Morelia,Felix Ireta,octubre,lunes,20,-101.195776462555,19.6817073955203
10048,10048,2017,"171122198",2017/10/30,21:00:00,COLISIÓN POR ALCANCE,ASFALTO,Bueno,Bueno,2,DODGE,BLANCO,2,,31,FEMENINO,SIN DATOS,0,0,Morelia,Poblado de Ocolusen,octubre,lunes,21,-101.150093078613,19.6919707365326
10050,10050,2017,"171224528",2017/10/31,"00:00:00",COLISIÓN POR CAMBIO DE CARRIL,ASFALTO,Bueno,Bueno,2,CHEVROLET,GRIS,2,,35,FEMENINO,SIN DATOS,0,0,Tarímbaro,Sin datos,octubre,martes,0,-101.13011598587,19.7770018181772
10051,10051,2017,"17122242",2017/10/31,"01:10:00",COLISIÓN POR INVASIÓN DE CARRIL,ASFALTO,Bueno,Bueno,2,VOLKWAGEN,GRIS/PLATA,2,,22,,SIN DATOS,0,0,Morelia,Enrique Arreguin Robles,octubre,martes,1,-101.184253692627,19.719787546161
10052,10052,2017,"171222473",2017/10/31,"05:00:00",COLISIÓN CONTRA OBJETO FIJO,CONCRETO,Bueno,Bueno,2,ITERNATIONAL,BLANCO,1,,29,,SIN DATOS,0,0,Morelia,Ventura Puente,octubre,martes,5,-101.180396676064,19.6937485712755
10053,10053,2017,"171222573",2017/10/31,"08:00:00",COLISIÓN POR INVASIÓN DE CARRIL,CONCRETO,Bueno,Bueno,2,VOLKSWAGEN,GRIS,3,,25,MASCULINO,SIN DATOS,1,0,Tarímbaro,Club Erandeni,octubre,martes,8,-101.183331012726,19.7595953405577
10054,10054,2017,"171223228",2017/10/31,10:00:00,COLISIÓN POR CORTE DE CIRCULACIÓN,CONCRETO,Bueno,Bueno,2,SUZUKI,BLANCO,2,,63,FEMENINO,SIN DATOS,0,0,Morelia,La Loma,octubre,martes,10,-101.180198192596,19.6800001421211
10055,10055,2017,"171225818",2017/10/31,10:20:00,COLISIÓN POR CORTE DE CIRCULACIÓN,ASFALTO,Bueno,Bueno,1,CHEVROLET,VINO,2,,35,FEMENINO,SIN DATOS,0,1,Morelia,Sin datos,octubre,martes,10,-101.292915344238,19.5992535854091
10056,10056,2017,"171223319",2017/10/31,11:20:00,COLISIÓN POR CORTE DE CIRCULACIÓN,ASFALTO,Bueno,Bueno,1,MITSUBISHI,GRIS,1,,41,FEMENINO,SIN DATOS,0,0,Morelia,Centro,octubre,martes,11,-101.203780174255,19.7027788587588
10057,10057,2017,"171223408",2017/10/31,11:36:00,COLISIÓN POR ALCANCE,ASFALTO,Bueno,Bueno,2,CHEVROLET,NEGRO,2,,50,,SIN DATOS,0,0,Morelia,Industrial,octubre,martes,12,-101.194832324982,19.7113945304218
10058,10058,2017,"172235201",2017/10/31,11:45:00,COLISIÓN POR CORTE DE CIRCULACIÓN,CONCRETO,Bueno,Bueno,2,MERCEDES BENZ,BLANCO,2,,37,MASCULINO,SIN DATOS,0,0,Morelia,Rafael Carrillo,octubre,martes,12,-101.235129833221,19.7097279947311
10059,10059,2017,"171223780",2017/10/31,12:35:00,COLISIÓN POR CAMBIO DE CARRIL,ASFALTO,Bueno,Bueno,2,INTERNATIONAL,BLANCO Y DORADO,2,,24,MASCULINO,SIN DATOS,0,0,Morelia,Independencia,octubre,martes,13,-101.177773475647,19.7050009990231
10060,10060,2017,"171223941",2017/10/31,13:40:00,COLISIÓN POR CAMBIO DE CARRIL,ASFALTO,Bueno,Bueno,2,HONDA,VERDE,2,,34,MASCULINO,SIN DATOS,0,0,Morelia,Alberto Oviedo Mota,octubre,martes,14,-101.195819377899,19.6816871914444
10061,10061,2017,,2017/10/31,16:20:00,COLISIÓN POR CORTE DE CIRCULACIÓN,ASFALTO,Bueno,Bueno,2,FORD,BLANCO,2,MINISTERIO PÚBLICO,40,MASCULINO,SIN DATOS,0,0,Huandacareo,Centro,octubre,martes,16,-101.27455830574,19.9873339993112
10062,10062,2017,"171225062",2017/10/31,18:00:00,COLISIÓN POR ALCANCE,ASFALTO,Bueno,Bueno,2,FORD,BLANCO,2,,60,MASCULINO,SIN DATOS,0,0,Morelia,Josefa Ortiz de Dominguez,octubre,martes,18,-101.208951473236,19.6722516095798
10063,10063,2017,"171235601",2017/10/31,19:00:00,COLISIÓN POR CORTE DE CIRCULACIÓN,SIN_DATOS,Bueno,Bueno,1,NISSAN,AZUL,1,,65,FEMENINO,SIN DATOS,0,0,Morelia,Centro,octubre,martes,19,-101.181228160858,19.7024101825026
10064,10064,2017,"17225490",2017/10/31,19:32:00,COLISIÓN POR ALCANCE,ASFALTO,Bueno,Bueno,2,DODGE,BLANCO,2,,24,MASCULINO,SIN DATOS,0,0,Morelia,Ejido La Huerta,octubre,martes,20,-101.206,19.6679
10065,10065,2017,,2017/10/31,20:55:00,COLISIÓN POR CAMBIO DE CARRIL,ASFALTO,Bueno,Bueno,2,VOLKSWAGEN,GRIS,2,,36,MASCULINO,SIN DATOS,0,0,Morelia,Los Manantiales de Morelia,octubre,martes,21,-101.243455410004,19.7002132584313
10066,10066,2017,"171225675",2017/10/31,21:00:00,COLISIÓN POR CORTE DE CIRCULACIÓN,CONCRETO,Bueno,Bueno,2,BAJAJ,ROJO,2,,25,,SIN DATOS,0,0,Morelia,Ampliacion La Soledad,octubre,martes,21,-101.185820102692,19.7296040884284
10067,10067,2017,,2017/10/31,21:00:00,SALIDA DE SUPERFICIE DE RODAMIENTO,ASFALTO,Bueno,Bueno,1,NISSAN,AZUL,0,,,,,0,0,Cuitzeo,Sin datos,octubre,martes,21,-101.106534004211,19.9566496030257
10068,10068,2017,"171225625",2017/10/31,21:20:00,COLISIÓN POR CAMBIO DE CARRIL,ASFALTO,Bueno,Bueno,2,INTERNATIONAL,BLANCO,2,,,MASCULINO,SIN DATOS,0,0,Morelia,Asociacion Zirahuen,octubre,martes,21,-101.24817609787,19.6992839757235
10069,10069,2017,"171226013",2017/10/31,22:40:00,CAIDA DE MOTOCICLETA,ASFALTO,Bueno,Bueno,2,NISSAN,BLANCO/ROJO,3,,0,MASCULINO,SIN DATOS,1,0,Morelia,Centro,octubre,martes,23,-101.200081408024,19.7030465272892
10070,10070,2017,"171229681",2017/11/01,"00:10:00",CAIDA DE MOTOCICLETA,ASFALTO,Bueno,Bueno,1,ITALIKA,NEGRO,1,,29,MASCULINO,ALIENTO ETÍLICO,0,0,Morelia,Tzindurio de Morelos,noviembre,miércoles,0,-101.243777275085,19.7001324514535
10071,10071,2017,"171226221",2017/11/01,"06:21:00",COLISIÓN POR NO RESPETAR SEMÁFORO,ASFALTO,Bueno,Bueno,2,VOLKSWAGEN,ROSA,2,,24,FEMENINO,SIN DATOS,0,0,Morelia,Pascual Ortiz de Ayala,noviembre,miércoles,6,-101.149342060089,19.6947384934266
10072,10072,2017,"171226353",2017/11/01,"07:30:00",COLISIÓN POR CAMBIO DE CARRIL,ASFALTO,Bueno,Bueno,2,NISSAN,BLANCO Y CAFE,2,,53,MASCULINO,SIN DATOS,0,0,Morelia,Gertrudis Bocanegra,noviembre,miércoles,8,-101.207320690155,19.7023950314054
10073,10073,2017,,2017/11/01,"08:30:00",COLISIÓN POR CORTE DE CIRCULACIÓN,ASFALTO,Bueno,Bueno,1,NISSAN,GRIS,1,,50,MASCULINO,SIN DATOS,0,0,Cuitzeo,Los Granados,noviembre,miércoles,9,-101.137368679047,19.975315059048
10074,10074,2017,"171226467",2017/11/01,"08:35:00",COLISIÓN POR CORTE DE CIRCULACIÓN,CONCRETO,Bueno,Regular,2,NISSAN,PLATA,2,,30,MASCULINO,SIN DATOS,0,0,Morelia,Valle Quieto,noviembre,miércoles,9,-101.203962564468,19.6838793188115
10075,10075,2017,"171226515",2017/11/01,"08:40:00",COLISIÓN POR CAMBIO DE CARRIL,CONCRETO,Bueno,Bueno,2,BAJAJ,NEGRO Y ROJO,2,,29,MASCULINO,SIN DATOS,0,0,Morelia,Comision Federal de Electricidad,noviembre,miércoles,9,-101.181378364563,19.6816265792016
10076,10076,2017,"171226521",2017/11/01,"08:50:00",COLISIÓN POR ALCANCE,CONCRETO,Bueno,Bueno,2,CHEVROLET,BLANCO,2,,33,FEMENINO,SIN DATOS,0,0,Morelia,Centro,noviembre,miércoles,9,-101.178224086761,19.6992132692096
10077,10077,2017,"171226635",2017/11/01,"09:25:00",COLISIÓN POR ALCANCE,ASFALTO,Bueno,Bueno,2,NISSAN,BLANCO,2,,35,MASCULINO,SIN DATOS,0,0,Morelia,La Quemada,noviembre,miércoles,9,-101.239228248596,19.7014657613683
10078,10078,2017,"171226801",2017/11/01,"09:30:00",COLISIÓN POR CORTE DE CIRCULACIÓN,CONCRETO,Bueno,Bueno,2,PEUGEOT,GRIS,2,,40,MASCULINO,SIN DATOS,0,0,Morelia,Chapultepec Norte,noviembre,miércoles,10,-101.172966957092,19.6946172787983
10079,10079,2017,,2017/11/01,"09:45:00",COLISIÓN POR ALCANCE,ASFALTO,Bueno,Bueno,2,V.W.,ROJO,2,,71,MASCULINO,SIN DATOS,0,0,Morelia,Sin datos,noviembre,miércoles,10,-101.099538803101,19.7383899881998
10080,10080,2017,"171226962",2017/11/01,10:40:00,COLISIÓN POR ALCANCE,ASFALTO,Bueno,Bueno,2,MITSUBISHI,PLATA,2,,54,MASCULINO,SIN DATOS,0,0,Morelia,Felix Ireta,noviembre,miércoles,11,-101.191999912262,19.6824549445351
10081,10081,2017,"171227027",2017/11/01,11:39:00,COLISIÓN POR ALCANCE,ASFALTO,Bueno,Bueno,2,VOLKSWAGEN,PLATA,2,,20,MASCULINO,SIN DATOS,0,0,Morelia,Lindavista,noviembre,miércoles,12,-101.21618270874,19.7039909390928
10082,10082,2017,"171227019",2017/11/01,11:40:00,COLISIÓN CONTRA OBJETO FIJO,CONCRETO,Bueno,Bueno,2,V.W.,BLANCO,2,,47,FEMENINO,SIN DATOS,0,0,Morelia,Camelinas,noviembre,miércoles,12,-101.174168586731,19.6820710684498
10083,10083,2017,"171226526",2017/11/01,14:19:00,COLISIÓN POR ALCANCE,CONCRETO,Bueno,Bueno,2,CHEVROLET,PLATA,2,,45,MASCULINO,SIN DATOS,0,0,Morelia,Comision Federal de Electricidad,noviembre,miércoles,14,-101.179296970367,19.6817478036644
10084,10084,2017,"171227851",2017/11/01,14:50:00,COLISIÓN POR INVASIÓN DE CARRIL,ASFALTO,Bueno,Bueno,2,HONDA,BLANCO,2,,40,FEMENINO,SIN DATOS,0,0,Morelia,Pascual Ortiz de Ayala,noviembre,miércoles,15,-101.149513721466,19.6949001127883
10085,10085,2017,"1712275793",2017/11/01,14:52:00,COLISIÓN POR NO RESPETAR SEMÁFORO,ASFALTO,Bueno,Regular,2,ITALIKA,GRIS Y AZUL,2,MINISTERIO PÚBLICO,39,MASCULINO,SIN DATOS,0,0,Morelia,Gertrudis Bocanegra,noviembre,miércoles,15,-101.207342147827,19.702415232868
10086,10086,2017,"1712277895",2017/11/01,15:27:00,COLISIÓN POR ALCANCE,CONCRETO,Bueno,Bueno,2,FORD,NEGRO,2,,30,MASCULINO,SIN DATOS,0,0,Morelia,Margarita Maza de Juarez,noviembre,miércoles,15,-101.25234156847,19.6956501255029
10087,10087,2017,"171228132",2017/11/01,16:20:00,COLISIÓN POR CORTE DE CIRCULACIÓN,ASFALTO,Bueno,Bueno,1,SIN DATO,SIN DATO,1,,,,,1,0,Morelia,Central de Abastos,noviembre,miércoles,16,-101.168310642242,19.7176262099821
10088,10088,2017,"171228946",2017/11/01,19:00:00,COLISIÓN POR CAMBIO DE CARRIL,ASFALTO,Bueno,Bueno,2,INTERNATIONAL,BLANCO Y NARANJA,2,,31,MASCULINO,SIN DATOS,0,0,Morelia,Nueva Valladolid,noviembre,miércoles,19,-101.208007335663,19.7008597127843
10089,10089,2017,"171228930",2017/11/01,19:50:00,COLISIÓN POR ALCANCE,ASFALTO,Bueno,Bueno,2,FORD,NEGRO,2,,43,MASCULINO,SIN DATOS,0,0,Morelia,Josefa Ortiz de Dominguez,noviembre,miércoles,20,-101.209466457367,19.6722718148454
10090,10090,2017,"171229259",2017/11/01,21:26:00,CAIDA DE MOTOCICLETA,ASFALTO,Bueno,Bueno,1,ITALIKA,NEGRO  Y ROJO,1,,32,FEMENINO,SIN DATOS,0,0,Morelia,Tierra Y Libertad,noviembre,miércoles,21,-101.230430603027,19.7157880412664
10091,10091,2017,"171229421",2017/11/01,22:20:00,COLISIÓN CON PEATÓN,ASFALTO,Bueno,Bueno,1,NISSAN,PLATA,2,MINISTERIO PÚBLICO,56,MASCULINO,SIN DATOS,1,0,Morelia,Isaac Arriaga,noviembre,miércoles,22,-101.171464920044,19.7078089321211
10092,10092,2017,LEG10591,2017/11/02,"04:10:00",COLISIÓN POR CORTE DE CIRCULACIÓN,ASFALTO,Bueno,Bueno,2,SEAT,BLANCO,2,,32,MASCULINO,ALIENTO ETÍLICO,0,0,Morelia,Sin datos,noviembre,jueves,4,-101.209487915039,19.6387073583296
10093,10093,2017,"171229840",2017/11/02,"04:40:00",COLISIÓN CONTRA OBJETO FIJO,ASFALTO,Bueno,Bueno,1,V.W.,ROJO,1,,39,MASCULINO,SIN DATOS,0,0,Morelia,Sin datos,noviembre,jueves,5,-101.343855857849,19.5553215857589
10094,10094,2017,"171229920",2017/11/02,"05:50:00",COLISIÓN POR CORTE DE CIRCULACIÓN,ASFALTO,Bueno,Regular,2,CHEVROLET,AZUL,2,,41,MASCULINO,ALIENTO ETÍLICO,0,0,Morelia,Nueva Valladolid,noviembre,jueves,6,-101.209128499031,19.6986274140354
10095,10095,2017,"171229979",2017/11/02,"06:45:00",SUBIDA AL CAMELLÓN,CONCRETO,Bueno,Bueno,1,NISSAN,BLANCO,1,,27,MASCULINO,SIN DATOS,0,0,Morelia,Reforma,noviembre,jueves,7,-101.241137981415,19.7059706505565
10096,10096,2017,"171230109",2017/11/02,"08:25:00",COLISIÓN POR CORTE DE CIRCULACIÓN,ASFALTO,Bueno,Bueno,2,NISSAN,BLANCO Y ROSA,2,,40,FEMENINO,SIN DATOS,1,0,Morelia,Villa Universidad,noviembre,jueves,8,-101.199907064438,19.685101644084
10098,10098,2017,"171230407",2017/11/02,10:19:00,COLISIÓN POR CORTE DE CIRCULACIÓN,CONCRETO,Bueno,Bueno,2,FORD,CREMA,1,,24,MASCULINO,SIN DATOS,0,0,Morelia,Ilustres Novohispanos,noviembre,jueves,10,-101.152356863022,19.7108491206529
10099,10099,2017,"171230348",2017/11/02,10:40:00,COLISIÓN POR ALCANCE,SIN_DATOS,Bueno,Bueno,2,CHEVROLET,GRIS,1,,57,MASCULINO,SIN DATOS,0,0,Morelia,Vasco de Quiroga,noviembre,jueves,11,-101.171026988099,19.6976785913658
10101,10101,2017,,2017/11/02,11:30:00,COLISIÓN POR ALCANCE,ASFALTO,Bueno,Bueno,2,VOLKSWAGEN,BLANCO,4,,41,MASCULINO,SIN DATOS,3,0,Pátzcuaro,Popular Vasco de Quiroga,noviembre,jueves,12,-101.602313518524,19.5012241133677
10102,10102,2017,"171230734",2017/11/02,11:55:00,COLISIÓN POR CAMBIO DE CARRIL,ASFALTO,Bueno,Bueno,2,FORD,NEGRO,2,,23,MASCULINO,SIN DATOS,0,0,Morelia,Fidel Velazquez,noviembre,jueves,12,-101.235301494598,19.7048292892849
10103,10103,2017,"171231204",2017/11/02,14:20:00,COLISIÓN POR CAMBIO DE CARRIL,ASFALTO,Bueno,Bueno,2,KAWASAKI,AZUL,3,,32,MASCULINO,SIN DATOS,1,0,Morelia,Centro,noviembre,jueves,14,-101.18754847,19.7028479949991
10104,10104,2017,,2017/11/02,14:20:00,COLISIÓN CON PEATÓN,ASFALTO,Bueno,Bueno,1,VOLKSWAGEN,AMARILLO,2,,55,MASCULINO,CON CERTIFICADO,1,0,Chucándiro,Centro,noviembre,jueves,14,-101.332054138184,19.8994798500999
10105,10105,2017,"171231369",2017/11/02,14:45:00,COLISIÓN CONTRA OBJETO FIJO,CONCRETO,Bueno,Bueno,1,FORD,VERDE Y AZUL,0,,,,,0,0,Morelia,Vista Bella,noviembre,jueves,15,-101.194993257523,19.6777574502443
10106,10106,2017,"171231451",2017/11/02,16:00:00,COLISIÓN POR ALCANCE,ASFALTO,Bueno,Bueno,2,CHEVROLET,BLANCO,2,,27,MASCULINO,SIN DATOS,0,0,Morelia,Primo Tapia Oriente,noviembre,jueves,16,-101.158075332642,19.7139700514202
10107,10107,2017,"171231625",2017/11/02,16:20:00,COLISIÓN POR CAMBIO DE CARRIL,ASFALTO,Bueno,Bueno,2,CHEVROLET,AZUL,2,,,FEMENINO,SIN DATOS,0,0,Morelia,Granjas del Maestro,noviembre,jueves,16,-101.188405752182,19.7129802482578
10108,10108,2017,"171231767",2017/11/02,17:35:00,COLISIÓN CONTRA OBJETO FIJO,ASFALTO,Bueno,Bueno,1,SIN DATOS,SIN DATOS,0,,,,,0,0,Morelia,Loma Real,noviembre,jueves,18,-101.198480129242,19.7294021080386
10109,10109,2017,,2017/11/02,17:54:00,COLISIÓN POR INVASIÓN DE CARRIL,ASFALTO,Bueno,Bueno,2,VOLKSWAGEN,AZUL,2,,,FEMENINO,SIN DATOS,0,0,Pátzcuaro,Sin datos,noviembre,jueves,18,-101.607120037079,19.5197102962824
10110,10110,2017,"171232855",2017/11/02,18:10:00,COLISIÓN POR ALCANCE,ASFALTO,Bueno,Bueno,2,NISSAN,GRIS,2,,70,,SIN DATOS,0,0,Morelia,Jardines de La Loma,noviembre,jueves,18,-101.225624084473,19.6769593676334
10111,10111,2017,"171232169",2017/11/02,19:00:00,COLISIÓN POR CORTE DE CIRCULACIÓN,ASFALTO,Bueno,Bueno,2,VOLKSWAGEN,BLANCO,2,,54,MASCULINO,SIN DATOS,0,0,Morelia,Ventura Puente,noviembre,jueves,19,-101.191860437393,19.6914656662431
10112,10112,2017,"171231983",2017/11/02,19:00:00,COLISIÓN POR CAMBIO DE CARRIL,ASFALTO,Bueno,Bueno,2,CHRYSLER,ROJO,2,,35,MASCULINO,SIN DATOS,0,0,Morelia,La Luz,noviembre,jueves,19,-101.289203166962,19.6879907394604
10113,10113,2017,"171232242",2017/11/02,19:25:00,COLISIÓN POR ALCANCE,ASFALTO,Bueno,Bueno,2,VOLKSWAGEN,NEGRO,2,,29,MASCULINO,ALIENTO ETÍLICO,0,0,Morelia,Loma de Los Piñones,noviembre,jueves,19,-101.205732822418,19.673928637964
10114,10114,2017,,2017/11/02,19:40:00,COLISIÓN POR INVASIÓN DE CARRIL,ASFALTO,Bueno,Bueno,2,FORD,ROJO,6,MINISTERIO PÚBLICO,,,,6,0,Irimbo,Sin datos,noviembre,jueves,20,-100.492973327637,19.6960920505411
10115,10115,2017,"171232436",2017/11/02,20:20:00,COLISIÓN POR NO RESPETAR SEMÁFORO,ASFALTO,Bueno,Bueno,2,TOYOTA,BLANCO,2,MINISTERIO PÚBLICO,36,MASCULINO,ALIENTO ETÍLICO,0,0,Morelia,Alberto Oviedo Mota,noviembre,jueves,20,-101.201559305191,19.6792222750714
10116,10116,2017,"171232692",2017/11/02,21:20:00,COLISIÓN POR CAMBIO DE CARRIL,ASFALTO,Bueno,Bueno,2,INTERNATIONAL,VERDE,2,,49,MASCULINO,SIN DATOS,0,0,Morelia,Industrial,noviembre,jueves,21,-101.188395023346,19.7108390204544
10118,10118,2017,"171232712",2017/11/02,22:30:00,COLISIÓN POR CORTE DE CIRCULACIÓN,SIN_DATOS,Bueno,Bueno,1,SIN DATOS,ROJO,1,,,,SIN DATOS,0,0,Morelia,Sin datos,noviembre,jueves,23,-101.314823627472,19.5759850676302
10119,10119,2017,"171233686",2017/11/02,23:30:00,SUBIDA AL CAMELLÓN,ASFALTO,Bueno,Bueno,2,NISSAN,NEGRO,2,,18,MASCULINO,SIN DATOS,0,0,Morelia,Camelinas,noviembre,jueves,0,-101.167194843292,19.6834045287935
10120,10120,2017,"171233263",2017/11/03,"02:25:00",CAIDA DE MOTOCICLETA,ASFALTO,Bueno,Bueno,1,ITALIKA,AZUL/NEGRO,1,,36,MASCULINO,ALIENTO ETÍLICO,0,0,Morelia,Ventura Puente,noviembre,viernes,2,-101.192938014865,19.6916386529967
10121,10121,2017,"171233322",2017/11/03,"03:05:00",COLISIÓN POR CORTE DE CIRCULACIÓN,ASFALTO,Bueno,Bueno,1,CHEVROLET,GRIS,0,,,,,0,0,Morelia,Ventura Puente,noviembre,viernes,3,-101.191891282797,19.694362222718
10122,10122,2017,"171233854",2017/11/03,"04:30:00",COLISIÓN POR CORTE DE CIRCULACIÓN,ASFALTO,Bueno,Bueno,2,FORD,ROJO,2,MINISTERIO PÚBLICO,31,MASCULINO,SIN DATOS,0,0,Morelia,Plan de La Garita,noviembre,viernes,5,-101.186689138412,19.7114753317108
10123,10123,2017,"171233550",2017/11/03,"07:30:00",COLISIÓN POR CORTE DE CIRCULACIÓN,ASFALTO,Bueno,Bueno,2,CHEVROLET,GUINDA,2,,60,MASCULINO,SIN DATOS,1,0,Morelia,Ventura Puente,noviembre,viernes,8,-101.191871166229,19.6924455011519
10124,10124,2017,"171233999",2017/11/03,10:20:00,COLISIÓN POR CAMBIO DE CARRIL,ASFALTO,Bueno,Bueno,2,VOLKWAGEN,GRIS,2,,41,MASCULINO,SIN DATOS,0,0,Morelia,Balcones de Santa Maria,noviembre,viernes,10,-101.185691356659,19.6755248294016
10125,10125,2017,"171234115",2017/11/03,10:30:00,COLISIÓN POR ALCANCE,ASFALTO,Bueno,Bueno,3,KENWORTH,BLANCO,3,,33,MASCULINO,SIN DATOS,0,0,Morelia,Los Manantiales de Morelia,noviembre,viernes,11,-101.240944862366,19.6943546467886
10126,10126,2017,,2017/11/03,10:30:00,COLISIÓN POR CORTE DE CIRCULACIÓN,ASFALTO,Bueno,Bueno,2,PULSAR,NEGRO,2,,,,SIN DATOS,0,0,Apatzingán,Atimapa,noviembre,viernes,11,-102.367987632751,19.1068315462526