fid,id_accidente,anio_origen,folio_c5i,dia_incidente,hora_ocurrencia,tipo_incidente_vial,superficie_ocurrencia,condiciones_climaticas,condiciones_via,numero_vehiculos_involucrados,marca_vehiculo_ocasiona_siniestro,color_vehiculo_ocasiona_siniestro,numero_personas_involucradas,lugar_remite_presunto_responsable,edad_presunto_responsable,sexo_presunto_responsable,resultados_toxicologia,numero_personas_lesionadas,numero_personas_fallecidas,municipio,colonia,mes,dia_semana,hora_redondeada,lon,lat
10127,10127,2017,"171234051",2017/11/03,10:45:00,VOLCADURA,ASFALTO,Bueno,Bueno,1,DODGE,ROJO,1,,29,FEMENINO,SIN DATOS,0,0,Tarímbaro,Cuto del Porvenir,noviembre,viernes,11,-101.139278411865,19.8725621640391
10128,10128,2017,"171237845",2017/11/03,11:10:00,COLISIÓN POR CAMBIO DE CARRIL,ASFALTO,Bueno,Bueno,2,ITALIKA,ROJO,2,,0,MASCULINO,SIN DATOS,0,0,Morelia,Martires de Uruapan,noviembre,viernes,11,-101.202342510223,19.7252816523515
10130,10130,2017,"171234711",2017/11/03,13:40:00,COLISIÓN POR ALCANCE,ASFALTO,Bueno,Bueno,2,CHEVROLET,NEGRO,2,,27,MASCULINO,SIN DATOS,0,0,Morelia,Chapultepec Norte,noviembre,viernes,14,-101.176378726959,19.6964152863678
10131,10131,2017,"171235034",2017/11/03,13:40:00,COLISIÓN POR CORTE DE CIRCULACIÓN,ASFALTO,Bueno,Bueno,2,INTERNATIONAL,VERDE,2,,34,MASCULINO,SIN DATOS,0,0,Morelia,Santiaguito,noviembre,viernes,14,-101.188802719116,19.7175454118013
10132,10132,2017,"171234829",2017/11/03,13:55:00,COLISIÓN POR MANIOBRA DE REVERSA,CONCRETO,Bueno,Bueno,2,CHEVROLET,BLANCO,2,,56,FEMENINO,SIN DATOS,0,0,Morelia,Morelia 450,noviembre,viernes,14,-101.216633319855,19.6755652391051
10133,10133,2017,"171235108",2017/11/03,14:35:00,COLISIÓN POR ALCANCE,ASFALTO,Bueno,Bueno,3,NISSAN,BLANCO Y ROJO,3,,46,FEMENINO,SIN DATOS,0,0,Morelia,Lazaro Cardenas,noviembre,viernes,15,-101.164125725627,19.7108781587199
10135,10135,2017,"171235836",2017/11/03,17:34:00,COLISIÓN POR ALCANCE,ASFALTO,Bueno,Bueno,2,VOLKSWAGEN,ROJO,2,,30,MASCULINO,SIN DATOS,0,0,Morelia,San Jose Itzicuaro,noviembre,viernes,18,-101.304395198822,19.6879705361772
10136,10136,2017,"171235875",2017/11/03,18:00:00,COLISIÓN CON PEATÓN,ASFALTO,Bueno,Bueno,1,SIN DATOS,SIN DATOS,2,,,,SIN DATOS,0,1,Morelia,Quinceo,noviembre,viernes,18,-101.222062110901,19.7277458592107
10138,10138,2017,"171236544",2017/11/03,20:35:00,COLISIÓN POR NO RESPETAR SEMÁFORO,ASFALTO,Bueno,Bueno,2,TOYOTA,PLATA,2,,17,MASCULINO,SIN DATOS,0,0,Morelia,Las Americas,noviembre,viernes,21,-101.155393123627,19.68772809658
10139,10139,2017,"171487394",2017/11/03,21:30:00,COLISIÓN POR CORTE DE CIRCULACIÓN,ASFALTO,Bueno,Bueno,2,SIN DATOS,SIN DATOS,1,,41,MASCULINO,SIN DATOS,0,0,Morelia,Loma Bonita,noviembre,viernes,22,-101.196913719177,19.7199491402152
10140,10140,2017,"171216180",2017/11/03,21:50:00,COLISIÓN POR CAMBIO DE CARRIL,ASFALTO,Bueno,Bueno,2,VOLKWAGEN,BLANCO,2,,25,MASCULINO,SIN DATOS,0,0,Morelia,Leandro Valle,noviembre,viernes,22,-101.230543255806,19.7158435906306
10141,10141,2017,,2017/11/03,22:00:00,COLISIÓN POR CAMBIO DE CARRIL,ASFALTO,Bueno,Bueno,2,NISSAN,NEGRO,2,,56,MASCULINO,SIN DATOS,0,0,Morelia,Las Americas,noviembre,viernes,22,-101.158955097198,19.6880715525677
10142,10142,2017,"171236753",2017/11/03,22:15:00,COLISIÓN POR CAMBIO DE CARRIL,ASFALTO,Bueno,Bueno,2,FREIGHTLINER,BLANCO,2,,18,MASCULINO,SIN DATOS,0,0,Morelia,Los Manantiales de Morelia,noviembre,viernes,22,-101.24169588089,19.6959708369378
10143,10143,2017,"171234323",2017/11/03,22:20:00,COLISIÓN POR CAMBIO DE CARRIL,ASFALTO,Bueno,Bueno,3,VOLKSWAGEN,VERDE,3,MINISTERIO PÚBLICO,,,SIN DATOS,0,0,Morelia,Los Manantiales de Morelia,noviembre,viernes,22,-101.241915822029,19.6964304380312
10144,10144,2017,,2017/11/04,"00:26:00",COLISIÓN CONTRA OBJETO FIJO,CONCRETO,Bueno,Regular,3,JEEP,NEGRO,3,,,,SIN DATOS,0,0,Pátzcuaro,Centro,noviembre,sábado,0,-101.613702178001,19.5152204111732
10145,10145,2017,"171236989",2017/11/04,"00:30:00",COLISIÓN POR CORTE DE CIRCULACIÓN,ASFALTO,Bueno,Bueno,2,SIN DATOS,SIN DATOS,1,,24,MASCULINO,SIN DATOS,0,0,Morelia,Vasco de Quiroga,noviembre,sábado,1,-101.175311207771,19.7050110995902
10146,10146,2017,"171236998",2017/11/04,"00:30:00",COLISIÓN POR INVASIÓN DE CARRIL,ASFALTO,Bueno,Regular,2,ITALIKA,ROJO/NEGRO,3,,21,MASCULINO,SIN DATOS,1,0,Morelia,Las Margaritas,noviembre,sábado,1,-101.208951473236,19.7085765599282
10147,10147,2017,"171236984",2017/11/04,"01:00:00",COLISIÓN CONTRA OBJETO FIJO,ASFALTO,Bueno,Bueno,1,PONTIAC,NEGRO,1,,22,MASCULINO,ALIENTO ETÍLICO,0,0,Morelia,Diego Rivera,noviembre,sábado,1,-101.177537441254,19.7194744572161
10148,10148,2017,"171237098",2017/11/04,"01:30:00",COLISIÓN POR ALCANCE,ASFALTO,Bueno,Bueno,1,MITSUBISHI,NEGRO,2,,,FEMENINO,SIN DATOS,1,0,Morelia,Alberto Oviedo Mota,noviembre,sábado,2,-101.197621822357,19.6813235176434
10149,10149,2017,,2017/11/04,"01:40:00",COLISIÓN POR ALCANCE,ASFALTO,Bueno,Bueno,2,MITSUBISHI,BLANCO,0,,,,,0,0,Morelia,Vista Bella,noviembre,sábado,2,-101.198411732912,19.6785934122604
10150,10150,2017,,2017/11/04,"01:45:00",CAIDA ACUATICA DE VEHÍCULO,CONCRETO,Bueno,Malo,1,DODGE,VERDE,0,,,,,0,0,Morelia,La Quemada,noviembre,sábado,2,-101.250638365746,19.6852329677318
10151,10151,2017,"171237110",2017/11/04,"02:28:00",COLISIÓN POR CORTE DE CIRCULACIÓN,ASFALTO,Bueno,Bueno,2,SIN DATOS,SIN DATOS,2,,18,MASCULINO,SIN DATOS,1,0,Morelia,Molino de Parras,noviembre,sábado,2,-101.204161047935,19.7025061394182
10152,10152,2017,,2017/11/04,"04:10:00",COLISIÓN CONTRA OBJETO FIJO,ASFALTO,Bueno,Bueno,1,ITALIKA,NEGRO/ROJO,0,MINISTERIO PÚBLICO,,,,0,0,Lázaro Cárdenas,Las Palmas,noviembre,sábado,4,-102.220509052277,17.9679563296763
10154,10154,2017,"171237221",2017/11/04,"05:45:00",COLISIÓN POR CORTE DE CIRCULACIÓN,ASFALTO,Bueno,Bueno,2,NISSAN,BLANCO Y GRIS,1,,,MASCULINO,SIN DATOS,0,0,Morelia,San Rafael,noviembre,sábado,6,-101.153869628906,19.6998445762637
10155,10155,2017,"171237260",2017/11/04,"06:30:00",COLISIÓN POR ALCANCE,ASFALTO,Bueno,Bueno,2,NISSAN,BLANCO,2,,42,FEMENINO,ALIENTO ETÍLICO,0,0,Morelia,Villas Lomas del Paraiso,noviembre,sábado,7,-101.18054151535,19.6753631904859
10156,10156,2017,"171237474",2017/11/04,"08:40:00",COLISIÓN CONTRA OBJETO FIJO,ASFALTO,Bueno,Bueno,1,FORD,ROJO,1,,23,MASCULINO,ALIENTO ETÍLICO,0,0,Morelia,Arboledas de La Huerta,noviembre,sábado,9,-101.223607063293,19.6683923571253
10157,10157,2017,,2017/11/04,"09:30:00",COLISIÓN POR NO RESPETAR SEMÁFORO,ASFALTO,Bueno,Bueno,2,CHEVROLET,GUINDA,2,,64,MASCULINO,SIN DATOS,0,0,Pátzcuaro,Centro,noviembre,sábado,10,-101.617805957794,19.5164339059333
10158,10158,2017,,2017/11/04,11:00:00,COLISIÓN CON PEATÓN,ASFALTO,Bueno,Bueno,1,CHEVROLET,AZUL,2,,41,MASCULINO,ALIENTO ETÍLICO,1,0,Pátzcuaro,Centro,noviembre,sábado,11,-101.60842359066,19.5165350300855
10159,10159,2017,"171238012",2017/11/04,11:08:00,VOLCADURA,ASFALTO,Bueno,Bueno,1,NISSAN,ROJO,1,,24,MASCULINO,SIN DATOS,0,0,Sin datos,Sin datos,noviembre,sábado,11,-100.48095703125,18.3545255291267
10160,10160,2017,"171239371",2017/11/04,11:20:00,COLISIÓN POR CORTE DE CIRCULACIÓN,ASFALTO,Bueno,Bueno,1,NISSAN,BLANCO/AZUL,1,,46,MASCULINO,SIN DATOS,0,0,Morelia,Felix Ireta,noviembre,sábado,11,-101.195690631866,19.6817275995936
10161,10161,2017,,2017/11/04,12:10:00,COLISIÓN POR CORTE DE CIRCULACIÓN,ASFALTO,Bueno,Bueno,2,TOYOTA,BLANCO/AZUL,2,,,MASCULINO,SIN DATOS,0,0,Pátzcuaro,Centro,noviembre,sábado,12,-101.608321666718,19.5165653673188
10162,10162,2017,"171238627",2017/11/04,13:25:00,COLISIÓN POR CORTE DE CIRCULACIÓN,ASFALTO,Bueno,Bueno,2,INTERNACIONAL,BLANCO,2,,45,MASCULINO,SIN DATOS,0,0,Morelia,Centro,noviembre,sábado,13,-101.178395748138,19.7025364415901
10163,10163,2017,,2017/11/04,14:33:00,COLISIÓN POR CORTE DE CIRCULACIÓN,ASFALTO,Bueno,Bueno,2,HONDA,ARENA,2,,36,MASCULINO,CON CERTIFICADO,0,0,Apatzingán,Los Limones,noviembre,sábado,15,-102.366260290146,19.0887599606147
10164,10164,2017,"171239130",2017/11/04,15:20:00,COLISIÓN POR ALCANCE,ASFALTO,Bueno,Bueno,2,HONDA,BLANCO,2,,25,MASCULINO,SIN DATOS,0,0,Morelia,Elias Perez Avalos,noviembre,sábado,15,-101.168568134308,19.7127782468597
10165,10165,2017,,2017/11/04,15:20:00,COLISIÓN POR ALCANCE,ASFALTO,Bueno,Bueno,2,NISSAN,BLANCO/ROJO,2,MINISTERIO PÚBLICO,31,MASCULINO,SIN DATOS,0,0,Hidalgo,El Jaral,noviembre,sábado,15,-100.531253814697,19.7035263093834
10166,10166,2017,"171239355",2017/11/04,15:56:00,COLISIÓN POR ALCANCE,ASFALTO,Bueno,Bueno,2,CHEVROLET,CAFE,2,,0,MASCULINO,SIN DATOS,0,0,Morelia,Centro,noviembre,sábado,16,-101.194376349449,19.7008773892338
10167,10167,2017,"171239301",2017/11/04,16:00:00,COLISIÓN POR ALCANCE,CONCRETO,Bueno,Bueno,2,JEEP,NEGRO,2,MINISTERIO PÚBLICO,0,FEMENINO,SIN DATOS,0,0,Morelia,Alberto Oviedo Mota,noviembre,sábado,16,-101.197814941406,19.681384130001
10168,10168,2017,"171239541",2017/11/04,16:20:00,COLISIÓN POR CORTE DE CIRCULACIÓN,ASFALTO,Bueno,Bueno,2,NISSAN,AZUL,2,,0,MASCULINO,SIN DATOS,0,0,Morelia,Prados Verdes,noviembre,sábado,16,-101.197299957275,19.7154850443942
10169,10169,2017,,2017/11/04,16:30:00,COLISIÓN POR CORTE DE CIRCULACIÓN,ASFALTO,Bueno,Bueno,2,CHEVROLET,ROJO,2,,32,FEMENINO,SIN DATOS,0,0,Morelia,Ventura Puente,noviembre,sábado,17,-101.18114233017,19.6887180559577
10170,10170,2017,"171239910",2017/11/04,17:30:00,COLISIÓN POR ALCANCE,ASFALTO,Bueno,Bueno,2,VOLKWAGEN,AZUL,2,,35,MASCULINO,SIN DATOS,0,0,Morelia,Santiaguito,noviembre,sábado,18,-101.193126440048,19.7165253312567
10171,10171,2017,,2017/11/04,17:30:00,COLISIÓN POR CAMBIO DE CARRIL,ASFALTO,Bueno,Bueno,2,DODGE,AZUL,2,,0,MASCULINO,SIN DATOS,0,0,Morelia,Avicola Benito Juarez,noviembre,sábado,18,-101.279579401016,19.6914454633984
10172,10172,2017,"171239232",2017/11/04,18:00:00,COLISIÓN POR CAMBIO DE CARRIL,ASFALTO,Bueno,Bueno,2,NISSAN,ROJO,2,MINISTERIO PÚBLICO,53,MASCULINO,SIN DATOS,0,0,Morelia,Ventura Puente,noviembre,sábado,18,-101.190637350082,19.6936879635979
10173,10173,2017,"171240015",2017/11/04,18:25:00,COLISIÓN POR ALCANCE,CONCRETO,Bueno,Bueno,3,CHEVROLET,NARANJA,3,,21,MASCULINO,SIN DATOS,0,0,Morelia,Sentimientos de La Nacion,noviembre,sábado,18,-101.235473155975,19.6814447423355
10174,10174,2017,"171240092",2017/11/04,18:35:00,COLISIÓN POR ALCANCE,ASFALTO,Bueno,Bueno,2,CHEVROLET,GRIS,2,,,FEMENINO,SIN DATOS,0,0,Morelia,Francisco J Mujica,noviembre,sábado,19,-101.185069084167,19.7247968858732
10175,10175,2017,,2017/11/04,19:00:00,COLISIÓN POR ALCANCE,ASFALTO,Bueno,Regular,2,TOYOTA,AZUL/NEGRO,2,,67,MASCULINO,SIN DATOS,0,0,Morelia,Sin datos,noviembre,sábado,19,-101.351323127747,19.5330174211464
10176,10176,2017,"171240222",2017/11/04,19:29:00,COLISIÓN POR CORTE DE CIRCULACIÓN,ASFALTO,Bueno,Bueno,2,CHEVROLET,CAFE,1,,44,MASCULINO,SIN DATOS,0,0,Morelia,Molino de Parras,noviembre,sábado,19,-101.200202107429,19.6962940730093
10177,10177,2017,"171240378",2017/11/04,20:20:00,COLISIÓN POR CORTE DE CIRCULACIÓN,ASFALTO,Bueno,Bueno,2,NISSAN,BLANCO,2,,25,MASCULINO,SIN DATOS,0,0,Morelia,Felix Ireta,noviembre,sábado,20,-101.180648803711,19.6859299914447
10178,10178,2017,,2017/11/04,20:30:00,COLISIÓN POR CORTE DE CIRCULACIÓN,ASFALTO,Bueno,Bueno,2,FORD,ROJO,1,MINISTERIO PÚBLICO,54,MASCULINO,SIN DATOS,0,0,Maravatío,Sin datos,noviembre,sábado,21,-100.451431274414,19.8624718981378
10179,10179,2017,"171240665",2017/11/04,22:00:00,COLISIÓN POR CORTE DE CIRCULACIÓN,SIN_DATOS,Bueno,Bueno,1,VENTO,NEGRO Y GRIS,1,MINISTERIO PÚBLICO,,,SIN DATOS,0,0,Sin datos,Sin datos,noviembre,sábado,22,-105.205078125,19.870059837974
10180,10180,2017,"171241036",2017/11/04,23:55:00,SALIDA DE SUPERFICIE DE RODAMIENTO,CONCRETO,Bueno,Bueno,1,NISSAN,GRIS,1,,34,MASCULINO,SIN DATOS,0,0,Morelia,Loma Real,noviembre,sábado,0,-101.195308417082,19.7313221737942
10181,10181,2017,,2017/11/05,"01:10:00",COLISIÓN CONTRA OBJETO FIJO,TERRACERIA,Bueno,Bueno,1,HONDA,NEGRO,0,MINISTERIO PÚBLICO,,,,0,0,Lázaro Cárdenas,Centro,noviembre,domingo,1,-102.194008827209,17.9526472935606
10182,10182,2017,,2017/11/05,"01:30:00",COLISIÓN CONTRA OBJETO FIJO,ASFALTO,Bueno,Bueno,1,ISUZO,ROJO,5,MINISTERIO PÚBLICO,,MASCULINO,SIN DATOS,4,0,Juárez,Mesa de La Chiva,noviembre,domingo,2,-100.463447570801,19.2625351972047
10183,10183,2017,"171241224",2017/11/05,"02:00:00",SALIDA DE SUPERFICIE DE RODAMIENTO,ASFALTO,Bueno,Bueno,2,SEAT,GRIS,2,,25,MASCULINO,SIN DATOS,0,0,Morelia,Justo Mendoza,noviembre,domingo,2,-101.231476664543,19.7142326512308
10184,10184,2017,"171241262",2017/11/05,"02:30:00",COLISIÓN POR ALCANCE,CONCRETO,Bueno,Bueno,2,VOLKWAGEN,ROJO,2,,27,MASCULINO,SIN DATOS,0,0,Morelia,Centro,noviembre,domingo,3,-101.186581850052,19.7030010741741
10185,10185,2017,"171241318",2017/11/05,"04:10:00",COLISIÓN CONTRA OBJETO FIJO,ASFALTO,Bueno,Bueno,1,DODGE,PLATA,1,,38,FEMENINO,SIN DATOS,0,0,Morelia,Tres Puentes,noviembre,domingo,4,-101.214873790741,19.7032434906388
10186,10186,2017,"171241405",2017/11/05,"06:10:00",COLISIÓN CONTRA OBJETO FIJO,ASFALTO,Bueno,Bueno,1,NISSAN,ROJO,0,,,,,0,0,Morelia,Rincon de Altozano,noviembre,domingo,6,-101.1643409729,19.6593399240096
10187,10187,2017,LEG10690,2017/11/05,"08:00:00",SUBIDA AL CAMELLÓN,ASFALTO,Bueno,Bueno,1,CHEVROLET,BLANCO,1,,52,MASCULINO,SIN DATOS,0,0,Morelia,Tierra Y Libertad,noviembre,domingo,8,-101.227533817291,19.7136468510613
10188,10188,2017,"17241856",2017/11/05,"09:50:00",COLISIÓN POR CORTE DE CIRCULACIÓN,ASFALTO,Bueno,Bueno,1,CHEVROLET,ROJO,0,,,,,0,0,Morelia,Irrigacion,noviembre,domingo,10,-101.22192800045,19.7052838146608
10189,10189,2017,,2017/11/05,10:05:00,COLISIÓN POR CORTE DE CIRCULACIÓN,ASFALTO,Bueno,Bueno,2,DODGE,BLANCO,2,,25,MASCULINO,SIN DATOS,0,0,Pátzcuaro,Sin datos,noviembre,domingo,10,-101.615145206451,19.5241393850588
10190,10190,2017,"1716242098",2017/11/05,11:20:00,COLISIÓN POR NO RESPETAR SEMÁFORO,ASFALTO,Bueno,Bueno,2,AUDI,GRIS,2,,33,MASCULINO,SIN DATOS,0,0,Morelia,Centro,noviembre,domingo,11,-101.191763877869,19.6960516460168
10191,10191,2017,,2017/11/05,11:30:00,COLISIÓN POR ALCANCE,ASFALTO,Bueno,Bueno,2,NISSAN,AZUL,3,,,MASCULINO,SIN DATOS,1,0,Santa Ana Maya,Sin datos,noviembre,domingo,12,-101.10773563385,20.0647192279818
10192,10192,2017,"171189474",2017/11/05,11:40:00,COLISIÓN CONTRA OBJETO FIJO,ASFALTO,Bueno,Bueno,1,CHEVROLET,GRIS,1,,27,MASCULINO,ALIENTO ETÍLICO,0,0,Morelia,Popular Pogreso,noviembre,domingo,12,-101.200110912323,19.720615713962
10193,10193,2017,"171242461",2017/11/05,13:15:00,COLISIÓN POR ALCANCE,ASFALTO,Bueno,Bueno,2,VOLKSWAGEN,PLATA,2,MINISTERIO PÚBLICO,49,MASCULINO,SIN DATOS,0,0,Morelia,Solidaridad,noviembre,domingo,13,-101.20534658432,19.7257866158692
10194,10194,2017,"171242861",2017/11/05,15:03:00,COLISIÓN POR ALCANCE,ASFALTO,Bueno,Bueno,2,VOLKSWAGEN,AZUL,3,,29,MASCULINO,SIN DATOS,1,0,Tarímbaro,Sin datos,noviembre,domingo,15,-101.135931015015,19.7756691388251
10195,10195,2017,"171243036",2017/11/05,16:00:00,COLISIÓN POR MANIOBRA DE REVERSA,CONCRETO,Bueno,Bueno,2,CHEVROLET,VERDE,2,,60,MASCULINO,SIN DATOS,0,0,Morelia,Colinas del Sur,noviembre,domingo,16,-101.199097037315,19.6660434210742
10196,10196,2017,,2017/11/05,17:50:00,COLISIÓN POR INVASIÓN DE CARRIL,CONCRETO,Bueno,Bueno,2,ITALIKA,NEGRO,3,MINISTERIO PÚBLICO,23,MASCULINO,SIN DATOS,1,0,Sahuayo,La Muda,noviembre,domingo,18,-102.704315185547,20.0530085538383
10197,10197,2017,"171243639",2017/11/05,18:25:00,COLISIÓN POR ALCANCE,ASFALTO,Bueno,Bueno,2,TOYOTA,BLANCO Y ROSA,3,,23,MASCULINO,SIN DATOS,1,0,Morelia,Sin datos,noviembre,domingo,18,-101.32604598999,19.5660984679193
10198,10198,2017,,2017/11/05,18:30:00,VOLCADURA,ASFALTO,Bueno,Bueno,1,NISSAN,ROJO,1,,,,,1,0,Lázaro Cárdenas,Lomas del Rio (Unidad 512 5To Sector),noviembre,domingo,19,-102.224006652832,17.972365086105
10199,10199,2017,"171243455",2017/11/05,18:35:00,COLISIÓN POR CORTE DE CIRCULACIÓN,ASFALTO,Bueno,Bueno,2,NISSAN,AZUL MARINO,0,,,,,0,0,Morelia,Las Margaritas,noviembre,domingo,19,-101.207069903612,19.7118300993874
10200,10200,2017,"171244168",2017/11/05,20:00:00,COLISIÓN POR CORTE DE CIRCULACIÓN,ASFALTO,Bueno,Bueno,2,FORD,BLANCO,2,,41,MASCULINO,SIN DATOS,0,0,Morelia,La Esperanza,noviembre,domingo,20,-101.248798370361,19.7024758372406
10201,10201,2017,"171244453",2017/11/05,22:10:00,COLISIÓN POR CORTE DE CIRCULACIÓN,ASFALTO,Bueno,Regular,2,SIN DATOS,SIN DATOS,4,MINISTERIO PÚBLICO,,,SIN DATOS,3,0,Morelia,El Realito,noviembre,domingo,22,-101.202771663666,19.7255492832146
10202,10202,2017,LEG10677,2017/11/05,22:20:00,COLISIÓN POR NO RESPETAR SEMÁFORO,ASFALTO,Bueno,Bueno,2,VOLKSWAGEN,GRIS,2,,32,MASCULINO,SIN DATOS,0,0,Morelia,Nueva Chapultepec,noviembre,domingo,22,-101.172194480896,19.6903545059974
10203,10203,2017,"171244701",2017/11/05,22:45:00,COLISIÓN POR CORTE DE CIRCULACIÓN,ASFALTO,Bueno,Malo,1,NISSAN,AZUL,1,,67,MASCULINO,SIN DATOS,0,0,Morelia,Felix Arreguin,noviembre,domingo,23,-101.22290968895,19.7209893980283
10204,10204,2017,"171211211",2017/11/05,23:00:00,COLISIÓN POR CORTE DE CIRCULACIÓN,ASFALTO,Bueno,Bueno,1,SIN DATOS,SIN DATOS,1,,,,,1,0,Morelia,Exhacienda del Quinceo,noviembre,domingo,23,-101.234035491943,19.7301292362467
10205,10205,2017,,2017/11/05,23:20:00,SUBIDA AL CAMELLÓN,CONCRETO,Bueno,Bueno,1,FORD,VERDE,1,,42,MASCULINO,ALIENTO ETÍLICO,0,0,Tarímbaro,Sin datos,noviembre,domingo,23,-101.117820739746,19.8338927825378
10206,10206,2017,,2017/11/06,"01:10:00",SUBIDA AL CAMELLÓN,ASFALTO,Bueno,Bueno,1,ISUZU,GRIS,1,,19,MASCULINO,ALIENTO ETÍLICO,0,0,Sin datos,Sin datos,noviembre,lunes,1,-104.21630859375,18.895892559415
10207,10207,2017,"171161781",2017/11/06,"01:20:00",CAIDA DE MOTOCICLETA,ASFALTO,Bueno,Bueno,1,KURAZAI,NEGRO,1,,41,MASCULINO,SIN DATOS,0,0,Morelia,Villas de La Esperanza,noviembre,lunes,1,-101.275255680084,19.6929202643632
10208,10208,2017,"171243007",2017/11/06,"07:25:00",COLISIÓN POR CORTE DE CIRCULACIÓN,ASFALTO,Bueno,Bueno,2,HONDA,NEGRO,2,,,,SIN DATOS,0,0,Morelia,Centro,noviembre,lunes,7,-101.20139837265,19.6987486256267
10209,10209,2017,"171245150",2017/11/06,"08:10:00",COLISIÓN POR CAMBIO DE CARRIL,ASFALTO,Bueno,Bueno,2,FORD,AZUL,2,,44,MASCULINO,SIN DATOS,0,0,Morelia,Tres Puentes,noviembre,lunes,8,-101.213607788086,19.7027384559229
10210,10210,2017,"171245253",2017/11/06,"09:00:00",COLISIÓN CON PEATÓN,ASFALTO,Bueno,Bueno,2,DODGE,BLANCO Y AZUL,4,MINISTERIO PÚBLICO,,,SIN DATOS,3,0,Morelia,Ciudad Industrial,noviembre,lunes,9,-101.143119335175,19.7250796664976
10211,10211,2017,"171245396",2017/11/06,"09:30:00",COLISIÓN POR ALCANCE,ASFALTO,Bueno,Bueno,2,V.W.,PLATA,2,MINISTERIO PÚBLICO,38,FEMENINO,SIN DATOS,0,0,Morelia,Cinco de Diciembre,noviembre,lunes,10,-101.165971755981,19.6843339036801
10212,10212,2017,"171245289",2017/11/06,"09:40:00",COLISIÓN POR CAMBIO DE CARRIL,ASFALTO,Bueno,Bueno,3,NISSAN,NEGRO,3,,,FEMENINO,SIN DATOS,0,0,Morelia,La Colina,noviembre,lunes,10,-101.215667724609,19.7095057886602
10213,10213,2017,,2017/11/06,"09:40:00",CAIDA ACUATICA DE VEHÍCULO,ASFALTO,Bueno,Bueno,1,DINAMO,AZUL Y NEGRO,1,,28,FEMENINO,SIN DATOS,0,0,Morelia,Villas Lomas del Paraiso,noviembre,lunes,10,-101.1771941185,19.6747368381474
10214,10214,2017,"171245374",2017/11/06,"09:40:00",COLISIÓN POR ALCANCE,ASFALTO,Bueno,Bueno,3,NISSAN,BLANCO,3,,27,MASCULINO,SIN DATOS,0,0,Morelia,Alberto Oviedo Mota,noviembre,lunes,10,-101.19775056839,19.6813639258843
10215,10215,2017,"161245264",2017/11/06,"09:50:00",COLISIÓN POR INVASIÓN DE CARRIL,ASFALTO,Bueno,Bueno,2,KIA,ROJO,2,MINISTERIO PÚBLICO,,FEMENINO,SIN DATOS,0,0,Morelia,Vista Bella,noviembre,lunes,10,-101.198759078979,19.6795556471266
10216,10216,2017,"171245633",2017/11/06,10:56:00,COLISIÓN POR CAMBIO DE CARRIL,ASFALTO,Bueno,Bueno,2,FREIGHTLINER,BLANCO,2,,,MASCULINO,SIN DATOS,0,0,Morelia,Camelinas,noviembre,lunes,11,-101.170735359192,19.6822933126113
10217,10217,2017,"171245745",2017/11/06,12:10:00,COLISIÓN CON PEATÓN,CONCRETO,Bueno,Bueno,1,CHEVROLET,BLANCO,1,MINISTERIO PÚBLICO,,,,1,0,Morelia,Centro,noviembre,lunes,12,-101.179876327515,19.7008395111253
10218,10218,2017,,2017/11/06,13:00:00,COLISIÓN CONTRA OBJETO FIJO,CONCRETO,Bueno,Bueno,3,CHEVROLET,BLANCO,3,,44,MASCULINO,SIN DATOS,0,0,Morelia,Comision Federal de Electricidad,noviembre,lunes,13,-101.177065372467,19.6819094361386
10219,10219,2017,,2017/11/06,14:00:00,COLISIÓN POR ALCANCE,ASFALTO,Bueno,Bueno,1,ITALIKA,ROJO,1,,35,MASCULINO,SIN DATOS,0,0,Morelia,Jardines de Guadalupe,noviembre,lunes,14,-101.218730807304,19.7110410243022
10220,10220,2017,"171246851",2017/11/06,17:35:00,COLISIÓN POR CAMBIO DE CARRIL,ASFALTO,Bueno,Bueno,2,NISSAN,BLANCO,2,,,MASCULINO,SIN DATOS,0,0,Morelia,Chapultepec Oriente,noviembre,lunes,18,-101.164673566818,19.689925192019
10221,10221,2017,"171247447",2017/11/06,18:30:00,COLISIÓN POR CORTE DE CIRCULACIÓN,SIN_DATOS,Bueno,Bueno,1,NISSAN,BLANCO,1,,27,,SIN DATOS,0,0,Morelia,Jardines de Torremolinos,noviembre,lunes,19,-101.226202580319,19.6783745439089
10222,10222,2017,"171247290",2017/11/06,20:15:00,COLISIÓN POR ALCANCE,ASFALTO,Bueno,Bueno,2,JEEP,ROJO,2,,66,MASCULINO,ALIENTO ETÍLICO,0,0,Morelia,Enrique Arreguin Robles,noviembre,lunes,20,-101.18661403656,19.7206359131231
10223,10223,2017,"171247374",2017/11/06,20:20:00,COLISIÓN POR ALCANCE,ASFALTO,Bueno,Bueno,2,CHRYSLER,ROJO,2,,58,MASCULINO,SIN DATOS,0,0,Morelia,Alberto Oviedo Mota,noviembre,lunes,20,-101.199810504913,19.6811214762861
10224,10224,2017,,2017/11/06,21:45:00,COLISIÓN POR CORTE DE CIRCULACIÓN,ASFALTO,Bueno,Bueno,2,V.W.,AZUL,2,,19,MASCULINO,ALIENTO ETÍLICO,0,0,Tarímbaro,Sin datos,noviembre,lunes,22,-101.129922866821,19.7724585473482