fid,id_accidente,anio_origen,folio_c5i,dia_incidente,hora_ocurrencia,tipo_incidente_vial,superficie_ocurrencia,condiciones_climaticas,condiciones_via,numero_vehiculos_involucrados,marca_vehiculo_ocasiona_siniestro,color_vehiculo_ocasiona_siniestro,numero_personas_involucradas,lugar_remite_presunto_responsable,edad_presunto_responsable,sexo_presunto_responsable,resultados_toxicologia,numero_personas_lesionadas,numero_personas_fallecidas,municipio,colonia,mes,dia_semana,hora_redondeada,lon,lat
10225,10225,2017,,2017/11/07,"07:45:00",COLISIÓN POR ALCANCE,CONCRETO,Bueno,Bueno,2,NISSAN,PLATA,2,,,MASCULINO,SIN DATOS,0,0,Morelia,Enrique Arreguin Robles,noviembre,martes,8,-101.184360980988,19.7196865497942
10226,10226,2017,"171248317",2017/11/07,"09:20:00",COLISIÓN POR ALCANCE,ASFALTO,Bueno,Bueno,2,VOLKSWAGEN,BLANCO,2,,28,MASCULINO,SIN DATOS,0,0,Morelia,San Jose Itzicuaro,noviembre,martes,9,-101.304502487183,19.6879301296032
10227,10227,2017,"171172681",2017/11/07,10:30:00,COLISIÓN POR ALCANCE,SIN_DATOS,Bueno,Bueno,2,MITSUBISHI,BLANCO,2,,32,MASCULINO,SIN DATOS,0,0,Morelia,Vista Bella,noviembre,martes,11,-101.194145679474,19.6785100688111
10228,10228,2017,,2017/11/07,10:30:00,SALIDA DE SUPERFICIE DE RODAMIENTO,ASFALTO,Bueno,Bueno,1,NISSAN,GUINDA,2,,,MASCULINO,SIN DATOS,1,0,Cuitzeo,Sin datos,noviembre,martes,11,-101.183910369873,19.9664918475922
10229,10229,2017,"171248717",2017/11/07,11:00:00,COLISIÓN POR ALCANCE,ASFALTO,Bueno,Bueno,2,KENWORTH,VERDE,2,,43,MASCULINO,ALIENTO ETÍLICO,0,0,Morelia,Enrique Arreguin Robles,noviembre,martes,11,-101.179361343384,19.7205147181184
10230,10230,2017,"171248830",2017/11/07,12:20:00,COLISIÓN POR CORTE DE CIRCULACIÓN,ASFALTO,Bueno,Bueno,2,FORD,BLANCO,2,,33,MASCULINO,SIN DATOS,0,0,Morelia,El Eden,noviembre,martes,12,-101.258497238159,19.641011223952
10232,10232,2017,"171248784",2017/11/07,12:50:00,COLISIÓN POR CORTE DE CIRCULACIÓN,CONCRETO,Bueno,Bueno,2,CHEVROLET,AZUL,2,MINISTERIO PÚBLICO,22,MASCULINO,SIN DATOS,0,0,Morelia,Cuauhtemoc,noviembre,martes,13,-101.178771257401,19.6963445785865
10233,10233,2017,"171245716",2017/11/07,15:10:00,COLISIÓN POR CAMBIO DE CARRIL,CONCRETO,Bueno,Regular,2,FORD,ROJO,2,,32,MASCULINO,SIN DATOS,0,0,Morelia,Felix Ireta,noviembre,martes,15,-101.194185912609,19.6917055748293
10234,10234,2017,"171249890",2017/11/07,16:00:00,COLISIÓN POR CORTE DE CIRCULACIÓN,CONCRETO,Bueno,Bueno,2,SIN DATOS,SIN DATOS,1,,30,MASCULINO,SIN DATOS,0,0,Morelia,Isaac Arriaga,noviembre,martes,16,-101.167752742767,19.709606791458
10235,10235,2017,,2017/11/07,17:50:00,COLISIÓN POR ALCANCE,ASFALTO,Bueno,Bueno,2,DINA,ROJO,2,,51,MASCULINO,SIN DATOS,0,0,Cuitzeo,Sin datos,noviembre,martes,18,-101.153440475464,20.0659285421285
10236,10236,2017,"171250910",2017/11/07,20:00:00,COLISIÓN POR ALCANCE,ASFALTO,Bueno,Regular,2,VOLKSWAGEN,GRIS,2,,66,MASCULINO,SIN DATOS,0,0,Morelia,Los Girasoles,noviembre,martes,20,-101.212647557259,19.6914151591265
10237,10237,2017,"171250786",2017/11/07,20:00:00,COLISIÓN CONTRA OBJETO FIJO,ASFALTO,Bueno,Bueno,1,NISSAN,BLANCO,1,,57,MASCULINO,SIN DATOS,0,0,Morelia,Nicolaitas Ilustres,noviembre,martes,20,-101.228263378143,19.719504756173
10238,10238,2017,"171250859",2017/11/07,20:40:00,COLISIÓN POR CORTE DE CIRCULACIÓN,ASFALTO,Bueno,Bueno,2,CHEVROLET,ROJO,2,,16,MASCULINO,SIN DATOS,0,0,Morelia,Elias Perez Avalos,noviembre,martes,21,-101.171464920044,19.714798249358
10239,10239,2017,"171251132",2017/11/07,22:00:00,COLISIÓN POR CAMBIO DE CARRIL,CONCRETO,Bueno,Bueno,2,VOLKSWAGEN,PLATA,2,,23,MASCULINO,SIN DATOS,0,0,Morelia,Centro,noviembre,martes,22,-101.178277730942,19.6991930673427
10240,10240,2017,,2017/11/07,23:50:00,VOLCADURA,ASFALTO,Bueno,Bueno,1,CHEVROLET,BLANCO,0,MINISTERIO PÚBLICO,,,,0,0,Hidalgo,Sin Nombre,noviembre,martes,0,-100.601634979248,19.6524492250496
10241,10241,2017,"171251619",2017/11/08,"07:40:00",COLISIÓN POR CAMBIO DE CARRIL,ASFALTO,Bueno,Bueno,2,DODGE,AZUL,2,,49,FEMENINO,SIN DATOS,0,0,Morelia,Gertrudis Bocanegra,noviembre,miércoles,8,-101.21071100235,19.702102109911
10242,10242,2017,"171251708",2017/11/08,"08:05:00",COLISIÓN POR CORTE DE CIRCULACIÓN,ASFALTO,Bueno,Bueno,1,VOLKSWAGEN,GRIS,0,,,,,0,0,Morelia,Torreon Nuevo,noviembre,miércoles,8,-101.204327344894,19.7477206903624
10243,10243,2017,"171251701",2017/11/08,"08:30:00",COLISIÓN POR CORTE DE CIRCULACIÓN,ASFALTO,Bueno,Bueno,2,FORD,ROJO,2,,61,MASCULINO,SIN DATOS,0,0,Morelia,Fracc Rio Florido,noviembre,miércoles,9,-101.279257535934,19.6822023945825
10244,10244,2017,"171251664",2017/11/08,"08:48:00",COLISIÓN POR CORTE DE CIRCULACIÓN,CONCRETO,Bueno,Bueno,2,HONDA,BLANCO,2,,25,MASCULINO,SIN DATOS,0,0,Morelia,Hospitales de Don Vasco,noviembre,miércoles,9,-101.156079769135,19.7015869708096
10245,10245,2017,"171251668",2017/11/08,"08:50:00",COLISIÓN POR CORTE DE CIRCULACIÓN,CONCRETO,Bueno,Bueno,2,CHEVROLET,AZUL,2,MINISTERIO PÚBLICO,,MASCULINO,SIN DATOS,0,0,Morelia,Villa Universidad,noviembre,miércoles,9,-101.200035810471,19.6819700482744
10246,10246,2017,,2017/11/08,"08:50:00",COLISIÓN POR CORTE DE CIRCULACIÓN,CONCRETO,Bueno,Bueno,2,CHEVROLET,VERDE,2,,40,MASCULINO,SIN DATOS,0,0,Erongarícuaro,San Miguel,noviembre,miércoles,9,-101.719129085541,19.5899849914967
10247,10247,2017,"171251920",2017/11/08,10:10:00,COLISIÓN POR ALCANCE,ASFALTO,Bueno,Bueno,2,NISSAN,CAFE,4,MINISTERIO PÚBLICO,64,MASCULINO,SIN DATOS,2,0,Morelia,Bosques de Oriente,noviembre,miércoles,10,-101.155457496643,19.7158284408059
10248,10248,2017,"171253047",2017/11/08,14:50:00,COLISIÓN POR INVASIÓN DE CARRIL,ASFALTO,Bueno,Bueno,2,SUZUKI,PLATA,2,,,MASCULINO,SIN DATOS,0,0,Morelia,Felix Ireta,noviembre,miércoles,15,-101.191720962524,19.6825155564645
10249,10249,2017,"171253230",2017/11/08,16:00:00,COLISIÓN POR ALCANCE,ASFALTO,Bueno,Bueno,2,TOYOTA,BLANCO Y GRIS,11,,36,MASCULINO,SIN DATOS,9,0,Morelia,Las Americas,noviembre,miércoles,16,-101.156444549561,19.6877381982372
10250,10250,2017,,2017/11/08,16:45:00,COLISIÓN POR ALCANCE,ADOQUIN_EMPEDRADO,Bueno,Bueno,2,GMC,BLANCO,2,,43,MASCULINO,SIN DATOS,0,0,Pátzcuaro,Juventino Rosas,noviembre,miércoles,17,-101.613643169403,19.5082628654053
10251,10251,2017,"171253612",2017/11/08,17:10:00,COLISIÓN POR CORTE DE CIRCULACIÓN,ASFALTO,Bueno,Bueno,2,CHEVROLET,BLANCO,2,,72,MASCULINO,SIN DATOS,0,0,Morelia,Guadalupe,noviembre,miércoles,17,-101.221482753754,19.7093441840511
10252,10252,2017,"171253716",2017/11/08,18:00:00,COLISIÓN POR NO RESPETAR SEMÁFORO,ASFALTO,Bueno,Bueno,2,NISSAN,BLANCO,2,MINISTERIO PÚBLICO,28,,SIN DATOS,0,0,Morelia,Bosques de Oriente,noviembre,miércoles,18,-101.155414581299,19.7158890400961
10254,10254,2017,"171254617",2017/11/08,21:35:00,COLISIÓN POR INVASIÓN DE CARRIL,ASFALTO,Bueno,Bueno,2,CHEVROLET,ROJO,2,MINISTERIO PÚBLICO,,MASCULINO,SIN DATOS,0,0,Morelia,Irrigacion,noviembre,miércoles,22,-101.225259304047,19.7054050212096
10255,10255,2017,"171255407",2017/11/09,"09:15:00",COLISIÓN POR ALCANCE,ASFALTO,Bueno,Bueno,2,NISSAN,BLANCO,2,,25,MASCULINO,SIN DATOS,0,0,Morelia,Ana Maria Gallaga (Riviera Norte),noviembre,jueves,9,-101.223821640015,19.6769795723055
10256,10256,2017,"171256098",2017/11/09,13:05:00,COLISIÓN POR CORTE DE CIRCULACIÓN,ADOQUIN_EMPEDRADO,Bueno,Bueno,2,VOLKWAGEN,PLATA,2,,73,MASCULINO,SIN DATOS,0,0,Morelia,Centro,noviembre,jueves,13,-101.197305321693,19.7020137283203
10257,10257,2017,"171256513",2017/11/09,14:10:00,COLISIÓN POR ALCANCE,CONCRETO,Bueno,Bueno,3,MAZDA,PLATA,3,,52,MASCULINO,SIN DATOS,0,0,Morelia,Libertad,noviembre,jueves,14,-101.236975193024,19.68500062582
10258,10258,2017,"171256935",2017/11/09,14:40:00,COLISIÓN POR CORTE DE CIRCULACIÓN,ASFALTO,Bueno,Regular,2,SEAT,BLANCO,2,,32,MASCULINO,SIN DATOS,0,0,Morelia,El Porvenir,noviembre,jueves,15,-101.204606294632,19.7109475975543
10259,10259,2017,"171257241",2017/11/09,15:30:00,COLISIÓN POR ALCANCE,ASFALTO,Bueno,Bueno,2,NISSAN,ROJO,2,,19,MASCULINO,SIN DATOS,0,0,Morelia,Ampliacion La Soledad,noviembre,jueves,16,-101.181106120348,19.7374167463828
10260,10260,2017,"171257092",2017/11/09,15:40:00,COLISIÓN POR CAMBIO DE CARRIL,CONCRETO,Bueno,Bueno,2,CHEVROLET,BLANCO,2,,38,MASCULINO,SIN DATOS,0,0,Morelia,Ventura Puente,noviembre,jueves,16,-101.188073158264,19.6904151149369
10261,10261,2017,"171256979",2017/11/09,15:50:00,COLISIÓN POR MANIOBRA DE REVERSA,ASFALTO,Bueno,Bueno,2,NISSAN,ACERO,2,,56,MASCULINO,SIN DATOS,0,0,Morelia,Central de Abastos,noviembre,jueves,16,-101.171454191208,19.7162223357818
10262,10262,2017,"171257131",2017/11/09,16:10:00,COLISIÓN POR ALCANCE,CONCRETO,Bueno,Bueno,3,NISSAN,BLANCO Y GUINDA,3,MINISTERIO PÚBLICO,30,MASCULINO,SIN DATOS,0,0,Morelia,Ampliacion La Soledad,noviembre,jueves,16,-101.183137893677,19.7306341844441
10263,10263,2017,"171257389",2017/11/09,17:10:00,COLISIÓN POR ALCANCE,ASFALTO,Bueno,Bueno,3,KENWORTH,BLANCO,3,,25,MASCULINO,SIN DATOS,0,0,Tarímbaro,Sin datos,noviembre,jueves,17,-101.170134544373,19.7545870924627
10264,10264,2017,"171257028",2017/11/09,17:20:00,COLISIÓN POR MANIOBRA DE REVERSA,ASFALTO,Bueno,Bueno,2,NISSAN,BLANCO,2,,21,MASCULINO,SIN DATOS,0,0,Morelia,Popular Pogreso,noviembre,jueves,17,-101.200346946716,19.7196360515868
10265,10265,2017,,2017/11/09,18:00:00,COLISIÓN POR ALCANCE,CONCRETO,Bueno,Bueno,1,HONDA,BLANCO,1,,29,MASCULINO,SIN DATOS,0,0,Zinapécuaro,La Mora,noviembre,jueves,18,-100.827283859253,19.8541166721124
10266,10266,2017,"171257623",2017/11/09,18:15:00,COLISIÓN POR CORTE DE CIRCULACIÓN,ASFALTO,Bueno,Bueno,2,HONDA,NEGRO,2,,30,MASCULINO,SIN DATOS,0,0,Morelia,Lomas de Hidalgo,noviembre,jueves,18,-101.159024834633,19.6959960897794
10267,10267,2017,"171257872",2017/11/09,18:30:00,COLISIÓN POR ALCANCE,ASFALTO,Bueno,Bueno,2,CHEVROLET,BLANCO,2,,48,MASCULINO,SIN DATOS,0,0,Morelia,Comision Federal de Electricidad,noviembre,jueves,19,-101.181356906891,19.6816871914444
10268,10268,2017,"1171258225",2017/11/09,20:10:00,COLISIÓN POR INVASIÓN DE CARRIL,ASFALTO,Bueno,Bueno,2,MERCEDES BENZ,BLANCO Y ROJO,2,,58,MASCULINO,SIN DATOS,0,0,Morelia,Las Americas,noviembre,jueves,20,-101.158804893494,19.6880917558381
10269,10269,2017,"171258592",2017/11/09,22:30:00,COLISIÓN POR CAMBIO DE CARRIL,ASFALTO,Bueno,Bueno,2,FORD,AZUL,2,,38,MASCULINO,SIN DATOS,0,0,Morelia,Sentimientos de La Nacion,noviembre,jueves,23,-101.234341263771,19.6788535445659
10270,10270,2017,"171258850",2017/11/10,"02:45:00",VOLCADURA,ASFALTO,Bueno,Regular,1,FORD,GUINDA,0,,,,,0,0,Morelia,El Lago 3,noviembre,viernes,3,-101.220442056656,19.7274176371302
10271,10271,2017,"171258857",2017/11/10,"02:55:00",SUBIDA AL CAMELLÓN,CONCRETO,Bueno,Bueno,1,CHEVROLET,PLATA,1,,20,MASCULINO,ALIENTO ETÍLICO,0,0,Morelia,La Quemada,noviembre,viernes,3,-101.241624802351,19.705580518029
10272,10272,2017,,2017/11/10,"03:50:00",COLISIÓN CONTRA OBJETO FIJO,CONCRETO,Bueno,Regular,1,AUDI,BLANCO,0,,,,,0,0,Pátzcuaro,Centro,noviembre,viernes,4,-101.609233617783,19.5164844680173
10273,10273,2017,"171258883",2017/11/10,"04:00:00",COLISIÓN CONTRA OBJETO FIJO,ASFALTO,Bueno,Bueno,1,FORD,PLATA,0,,,,,0,0,Morelia,Montaña Monarca,noviembre,viernes,4,-101.164534091949,19.6659474423101
10276,10276,2017,"171259430",2017/11/10,10:15:00,COLISIÓN POR ALCANCE,ASFALTO,Nublado,Bueno,2,CHEVROLET,GRIS,2,,24,MASCULINO,ALIENTO ETÍLICO,0,0,Morelia,Campestre Los Manantiales,noviembre,viernes,10,-101.239764690399,19.6912611123225
10277,10277,2017,"171259532",2017/11/10,10:30:00,COLISIÓN POR CORTE DE CIRCULACIÓN,CONCRETO,Bueno,Bueno,2,NISSAN,PLATA,2,,,MASCULINO,SIN DATOS,0,0,Morelia,Rector Diaz Rubio,noviembre,viernes,11,-101.198598146439,19.6671244410802
10278,10278,2017,"171260023",2017/11/10,12:35:00,COLISIÓN POR INVASIÓN DE CARRIL,ASFALTO,Bueno,Bueno,2,TOYOTA,BLANCO,2,,,FEMENINO,SIN DATOS,0,0,Morelia,Felix Ireta,noviembre,viernes,13,-101.180359125137,19.6876674866234
10279,10279,2017,"171259975",2017/11/10,12:55:00,COLISIÓN POR ALCANCE,ASFALTO,Bueno,Bueno,2,JURAZAI,ROJO,2,,41,MASCULINO,SIN DATOS,0,0,Morelia,Enrique Ramirez,noviembre,viernes,13,-101.16504907608,19.7091825792788
10280,10280,2017,"171260398",2017/11/10,15:00:00,COLISIÓN CONTRA OBJETO FIJO,ASFALTO,Bueno,Bueno,1,FORD,AZUL,1,,0,FEMENINO,SIN DATOS,0,0,Morelia,Villa de Santa Maria,noviembre,viernes,15,-101.166164875031,19.6572788075487
10281,10281,2017,"171260743",2017/11/10,16:00:00,COLISIÓN POR CORTE DE CIRCULACIÓN,ASFALTO,Bueno,Bueno,2,KENWORTH,BLANCO,2,,43,MASCULINO,SIN DATOS,0,0,Morelia,Ocolusen Iii,noviembre,viernes,16,-101.152882575989,19.6857986683684
10282,10282,2017,"1712606660",2017/11/10,16:00:00,COLISIÓN POR ALCANCE,ASFALTO,Bueno,Bueno,3,CHEVROLET,GRIS,3,,39,MASCULINO,SIN DATOS,0,0,Morelia,Isaac Arriaga,noviembre,viernes,16,-101.16635799408,19.710031002512
10283,10283,2017,"17160987",2017/11/10,17:00:00,COLISIÓN POR ALCANCE,ASFALTO,Bueno,Bueno,2,CHEVROLET,ROJO,2,,40,MASCULINO,SIN DATOS,0,0,Morelia,Las Americas,noviembre,viernes,17,-101.158955097198,19.688010942741
10284,10284,2017,"171260825",2017/11/10,17:00:00,COLISIÓN POR CAMBIO DE CARRIL,ASFALTO,Bueno,Bueno,2,TOYOTA,BLANCO Y MORADO,2,,31,MASCULINO,SIN DATOS,0,0,Morelia,Hermanos Lopez Rayon,noviembre,viernes,17,-101.220206022263,19.6753783441412
10285,10285,2017,"171260941",2017/11/10,17:15:00,COLISIÓN POR CORTE DE CIRCULACIÓN,ASFALTO,Bueno,Bueno,2,ALUBIKE,PLATA,2,,39,MASCULINO,SIN DATOS,0,0,Morelia,Agustin Arriaga Rivera,noviembre,viernes,17,-101.224824786186,19.6907939202891
10286,10286,2017,,2017/11/10,17:20:00,VOLCADURA,ASFALTO,Bueno,Bueno,1,NISSAN,GRIS,1,MINISTERIO PÚBLICO,,,,0,1,Tuzantla,Vista Bella,noviembre,viernes,17,-100.57279586792,19.2122916237149
10287,10287,2017,,2017/11/10,17:25:00,COLISIÓN POR CORTE DE CIRCULACIÓN,ASFALTO,Bueno,Bueno,2,TOYOTA,ROJO,0,MINISTERIO PÚBLICO,,,,0,0,Ocampo,Sin datos,noviembre,viernes,17,-100.398387908936,19.6209220201989
10288,10288,2017,"171261111",2017/11/10,18:20:00,COLISIÓN POR ALCANCE,CONCRETO,Bueno,Bueno,2,NISSAN,BLANCO,2,MINISTERIO PÚBLICO,,MASCULINO,SIN DATOS,0,0,Morelia,Ventura Puente,noviembre,viernes,18,-101.184044480324,19.691102014648
10289,10289,2017,,2017/11/10,19:00:00,VOLCADURA,ASFALTO,Bueno,Bueno,1,FORD,BLANCO,1,,19,MASCULINO,SIN DATOS,0,0,Chucándiro,Sin datos,noviembre,viernes,19,-101.334714889526,19.9114642139063
10290,10290,2017,"171261468",2017/11/10,19:20:00,SALIDA DE SUPERFICIE DE RODAMIENTO,CONCRETO,Bueno,Bueno,1,HONDA,GRIS,1,,29,MASCULINO,SIN DATOS,0,0,Morelia,Morelia 450,noviembre,viernes,19,-101.216633319855,19.6756056487983
10291,10291,2017,"171261326",2017/11/10,19:35:00,COLISIÓN POR CORTE DE CIRCULACIÓN,ASFALTO,Bueno,Bueno,2,DODGE,DORADO,2,,29,MASCULINO,SIN DATOS,0,0,Morelia,Isaac Arriaga,noviembre,viernes,20,-101.17583155632,19.7058494444362
10293,10293,2017,"171261344",2017/11/10,20:00:00,COLISIÓN POR CORTE DE CIRCULACIÓN,ASFALTO,Bueno,Bueno,2,PEUGEOT,GRIS,2,,40,FEMENINO,SIN DATOS,0,0,Morelia,Ventura Puente,noviembre,viernes,20,-101.179554462433,19.6924556025115
10294,10294,2017,"171261767",2017/11/10,20:35:00,COLISIÓN POR CAMBIO DE CARRIL,ASFALTO,Bueno,Bueno,2,GMC,ARENA,2,,0,MASCULINO,SIN DATOS,0,0,Morelia,Alberto Oviedo Mota,noviembre,viernes,21,-101.195712089539,19.6829398393279
10295,10295,2017,"171271631",2017/11/10,20:35:00,COLISIÓN POR CAMBIO DE CARRIL,ASFALTO,Bueno,Bueno,2,HONDA,AZUL,2,MINISTERIO PÚBLICO,23,MASCULINO,SIN DATOS,0,0,Morelia,Terrazas,noviembre,viernes,21,-101.181228160858,19.7196461512295
10297,10297,2017,"171261926",2017/11/10,22:25:00,COLISIÓN CONTRA OBJETO FIJO,ASFALTO,Bueno,Bueno,1,VOLKWAGEN,ROJO,1,MINISTERIO PÚBLICO,37,MASCULINO,SIN DATOS,0,0,Morelia,Las Margaritas,noviembre,viernes,22,-101.206733286381,19.7117732861113
10298,10298,2017,,2017/11/11,"00:35:00",COLISIÓN POR CORTE DE CIRCULACIÓN,ASFALTO,Bueno,Bueno,2,DODGE,AZUL,2,,0,MASCULINO,SIN DATOS,0,0,Morelia,Comision Federal de Electricidad,noviembre,sábado,1,-101.180090904236,19.6817275995936
10299,10299,2017,"171262168",2017/11/11,"00:50:00",COLISIÓN POR ALCANCE,ASFALTO,Bueno,Bueno,2,VOLKSWAGEN,BLANCO,2,,27,MASCULINO,SIN DATOS,0,0,Morelia,Irrigacion,noviembre,sábado,1,-101.22519493103,19.7047787863856
10300,10300,2017,"171262263",2017/11/11,"03:00:00",COLISIÓN POR ALCANCE,ASFALTO,Bueno,Bueno,2,CHEVROLET,NEGRO,2,,55,MASCULINO,ALIENTO ETÍLICO,0,0,Morelia,Fracc Heroes Republicanos,noviembre,sábado,3,-101.277809143066,19.6921323586887
10301,10301,2017,"171262270",2017/11/11,"03:45:00",COLISIÓN POR ALCANCE,ASFALTO,Bueno,Bueno,2,VOLKSWAGEN,ROJO,2,,,,SIN DATOS,0,0,Tarímbaro,Sin datos,noviembre,sábado,4,-101.157302856445,19.7685209412036
10302,10302,2017,"171262345",2017/11/11,"05:10:00",COLISIÓN POR CORTE DE CIRCULACIÓN,ASFALTO,Bueno,Bueno,2,VOLKWAGEN,PLATA,2,MINISTERIO PÚBLICO,27,MASCULINO,ALIENTO ETÍLICO,0,0,Morelia,Vasco de Quiroga,noviembre,sábado,5,-101.17283821106,19.7027586573421
10303,10303,2017,"171262387",2017/11/11,"06:30:00",COLISIÓN CONTRA OBJETO FIJO,ASFALTO,Bueno,Bueno,1,FORD,PLATA,1,,30,MASCULINO,SIN DATOS,0,0,Morelia,Montaña Monarca,noviembre,sábado,7,-101.165843009949,19.6731002285459
10304,10304,2017,"171262856",2017/11/11,10:05:00,COLISIÓN POR INVASIÓN DE CARRIL,ASFALTO,Bueno,Bueno,2,SCAT,PLATA,2,,35,FEMENINO,SIN DATOS,0,0,Morelia,Las Americas,noviembre,sábado,10,-101.152249574661,19.6886271415762
10305,10305,2017,"171262823",2017/11/11,10:20:00,COLISIÓN POR CORTE DE CIRCULACIÓN,CONCRETO,Bueno,Bueno,2,ITALIKA,AMARILLO,2,,41,MASCULINO,SIN DATOS,0,0,Morelia,Ferrocarrilero,noviembre,sábado,10,-101.215088367462,19.6997890213428
10306,10306,2017,"171262661",2017/11/11,10:30:00,COLISIÓN POR CORTE DE CIRCULACIÓN,ASFALTO,Bueno,Bueno,2,YAMAHA,NEGRO,2,MINISTERIO PÚBLICO,20,MASCULINO,SIN DATOS,0,0,Morelia,Centro,noviembre,sábado,11,-101.200169920921,19.7030818797032
10307,10307,2017,"171262950",2017/11/11,11:10:00,COLISIÓN POR INVASIÓN DE CARRIL,ASFALTO,Bueno,Regular,2,CHEVROLET,AZUL,3,MINISTERIO PÚBLICO,,,,3,0,Morelia,Sin datos,noviembre,sábado,11,-101.174876689911,19.7451356153768
10308,10308,2017,LEG10837,2017/11/11,11:10:00,COLISIÓN POR ALCANCE,ASFALTO,Bueno,Bueno,2,NISSAN,BLANCO/VERDE,2,,44,MASCULINO,SIN DATOS,0,0,Morelia,Las Americas,noviembre,sábado,11,-101.152710914612,19.6880412476572
10309,10309,2017,,2017/11/11,12:10:00,COLISIÓN POR ALCANCE,SIN_DATOS,Bueno,Bueno,2,FORD,BLANCO,2,,36,MASCULINO,SIN DATOS,0,0,Cuitzeo,Centro,noviembre,sábado,12,-101.13942861557,19.9711606484208
10310,10310,2017,"171243261",2017/11/11,12:40:00,CAIDA DE MOTOCICLETA,CONCRETO,Bueno,Bueno,1,ITALIKA,ROJO,1,,25,MASCULINO,SIN DATOS,0,0,Morelia,Jardines de Guadalupe,noviembre,sábado,13,-101.226643323898,19.7106774171926
10312,10312,2017,,2017/11/11,13:50:00,COLISIÓN CON PEATÓN,ASFALTO,Bueno,Bueno,2,SCANIA,VERDE/AZUL,2,MINISTERIO PÚBLICO,37,MASCULINO,SIN DATOS,0,0,Zitácuaro,La Mangana,noviembre,sábado,14,-100.367006063461,19.4294032720041
10313,10313,2017,,2017/11/11,15:45:00,COLISIÓN POR CORTE DE CIRCULACIÓN,ASFALTO,Bueno,Bueno,2,FORD,COBRE,4,MINISTERIO PÚBLICO,26,,SIN DATOS,3,0,Lázaro Cárdenas,Jose Green,noviembre,sábado,16,-102.201025485992,17.9653436813567
10314,10314,2017,"161264134",2017/11/11,16:00:00,COLISIÓN POR CAMBIO DE CARRIL,ASFALTO,Bueno,Bueno,2,MAZDA,ROJO,2,,25,FEMENINO,SIN DATOS,0,0,Morelia,Isaac Arriaga,noviembre,sábado,16,-101.172387599945,19.7074352172502
10315,10315,2017,"171263965",2017/11/11,16:00:00,COLISIÓN POR ALCANCE,ASFALTO,Bueno,Bueno,3,MAZDA,PLATA,3,,21,MASCULINO,SIN DATOS,0,0,Morelia,Independencia,noviembre,sábado,16,-101.177859306335,19.7193431616696
10316,10316,2017,"171264152",2017/11/11,17:20:00,COLISIÓN POR CORTE DE CIRCULACIÓN,ASFALTO,Bueno,Regular,2,PONTIAC,BLANCO,2,,33,MASCULINO,SIN DATOS,0,0,Morelia,Centro,noviembre,sábado,17,-101.193582415581,19.6961930618071
10317,10317,2017,"171264524",2017/11/11,18:11:00,COLISIÓN POR ALCANCE,ASFALTO,Bueno,Bueno,2,CHEVROLET,AZUL,2,,48,MASCULINO,SIN DATOS,0,0,Tarímbaro,Sin datos,noviembre,sábado,18,-101.159019470215,19.7679555333612
10318,10318,2017,"171264859",2017/11/11,20:00:00,COLISIÓN CONTRA OBJETO FIJO,ASFALTO,Bueno,Bueno,1,VOLKWAGEN,ROJO,1,,40,MASCULINO,SIN DATOS,0,0,Morelia,Ampliacion La Soledad,noviembre,sábado,20,-101.180584430695,19.7378446705583
10319,10319,2017,"171264992",2017/11/11,20:50:00,COLISIÓN POR CORTE DE CIRCULACIÓN,ASFALTO,Bueno,Malo,2,NISSAN,BLANCO Y CORAL,2,,19,MASCULINO,SIN DATOS,0,0,Morelia,Centro,noviembre,sábado,21,-101.186646223068,19.7020213038871
10320,10320,2017,"171265267",2017/11/11,21:40:00,COLISIÓN POR NO RESPETAR SEMÁFORO,ASFALTO,Bueno,Bueno,2,NISSAN,BLANCO/ROSA,2,,69,MASCULINO,SIN DATOS,0,0,Morelia,Felix Ireta,noviembre,sábado,22,-101.191720962524,19.6826367802544
10321,10321,2017,"171265389",2017/11/11,23:20:00,COLISIÓN POR CAMBIO DE CARRIL,ASFALTO,Bueno,Bueno,2,VOLKSWAGEN,BEIGE,2,MINISTERIO PÚBLICO,64,MASCULINO,SIN DATOS,0,0,Morelia,Alberto Oviedo Mota,noviembre,sábado,23,-101.195690631866,19.6831418783916
10322,10322,2017,"171265397",2017/11/12,"00:10:00",COLISIÓN POR ALCANCE,ASFALTO,Bueno,Regular,2,VOLKWAGEN,GRIS,2,,25,MASCULINO,SIN DATOS,0,0,Morelia,El Realito,noviembre,domingo,0,-101.204327344894,19.7258270128817
10323,10323,2017,"171265558",2017/11/12,"01:10:00",COLISIÓN POR CORTE DE CIRCULACIÓN,CONCRETO,Bueno,Bueno,2,NISSAN,BLANCO,2,MINISTERIO PÚBLICO,44,FEMENINO,ALIENTO ETÍLICO,0,0,Morelia,Ferrocarrilero,noviembre,domingo,1,-101.21512055397,19.699799122239