fid,id_accidente,anio_origen,folio_c5i,dia_incidente,hora_ocurrencia,tipo_incidente_vial,superficie_ocurrencia,condiciones_climaticas,condiciones_via,numero_vehiculos_involucrados,marca_vehiculo_ocasiona_siniestro,color_vehiculo_ocasiona_siniestro,numero_personas_involucradas,lugar_remite_presunto_responsable,edad_presunto_responsable,sexo_presunto_responsable,resultados_toxicologia,numero_personas_lesionadas,numero_personas_fallecidas,municipio,colonia,mes,dia_semana,hora_redondeada,lon,lat
10324,10324,2017,"171265580",2017/11/12,"01:30:00",COLISIÓN CONTRA OBJETO FIJO,ASFALTO,Bueno,Bueno,1,NISSAN,NEGRO,1,,26,MASCULINO,SIN DATOS,0,0,Morelia,San Jose Itzicuaro,noviembre,domingo,2,-101.304502487183,19.6880917558381
10325,10325,2017,"171265634",2017/11/12,"02:15:00",SALIDA DE SUPERFICIE DE RODAMIENTO,ASFALTO,Bueno,Bueno,1,CHEVROLET,BLANCO,1,,,,SIN DATOS,0,0,Morelia,Rafael Carrillo,noviembre,domingo,2,-101.236438751221,19.7077483297689
10326,10326,2017,,2017/11/12,"02:45:00",CAIDA DE MOTOCICLETA,ASFALTO,Bueno,Bueno,1,ZUZUKY,BLANCO/VERDE,0,,,,,0,0,Lázaro Cárdenas,Segundo Sector de Fidelac,noviembre,domingo,3,-102.204201221466,17.9633739639192
10327,10327,2017,"71265671",2017/11/12,"02:50:00",COLISIÓN CONTRA OBJETO FIJO,CONCRETO,Bueno,Bueno,1,NISSAN,GRIS,1,,23,MASCULINO,ALIENTO ETÍLICO,0,0,Morelia,Buenavista,noviembre,domingo,3,-101.165011525154,19.7053444179467
10328,10328,2017,"171265646",2017/11/12,"03:20:00",COLISIÓN POR NO RESPETAR SEMÁFORO,ASFALTO,Bueno,Bueno,2,FORD,PLATA,2,,,,SIN DATOS,0,0,Morelia,Centro,noviembre,domingo,3,-101.178202629089,19.6991425626644
10329,10329,2017,"171265635",2017/11/12,"04:20:00",SUBIDA AL CAMELLÓN,ASFALTO,Bueno,Bueno,1,CHRYSLER,ROJO,1,,30,MASCULINO,SIN DATOS,0,0,Morelia,Tlalpujahua,noviembre,domingo,4,-101.219165325165,19.6768381395473
10330,10330,2017,"171265755",2017/11/12,"04:30:00",COLISIÓN CONTRA OBJETO FIJO,ASFALTO,Bueno,Regular,2,CHEVROLET,ROJO,2,,,,SIN DATOS,0,0,Morelia,Independencia,noviembre,domingo,5,-101.175855696201,19.7084111667482
10331,10331,2017,"171265781",2017/11/12,"05:15:00",COLISIÓN POR CORTE DE CIRCULACIÓN,CONCRETO,Bueno,Bueno,2,SIN DATOS,SIN DATOS,2,,,,SIN DATOS,0,0,Morelia,Vista Bella,noviembre,domingo,5,-101.199016571045,19.6795556471266
10332,10332,2017,"1712943826",2017/11/12,"06:00:00",COLISIÓN POR ALCANCE,ASFALTO,Bueno,Bueno,2,MITSUBISHI,ROJO,2,,32,MASCULINO,SIN DATOS,0,0,Morelia,Villas Lomas del Paraiso,noviembre,domingo,6,-101.182515621185,19.6756056487983
10333,10333,2017,"171265828",2017/11/12,"06:20:00",SUBIDA AL CAMELLÓN,ASFALTO,Bueno,Bueno,1,TOYOTA,BLANCO Y GRIS,1,,36,MASCULINO,SIN DATOS,0,0,Morelia,La Quemada,noviembre,domingo,6,-101.241213083267,19.7057585397858
10334,10334,2017,"171265820",2017/11/12,"09:05:00",COLISIÓN POR ALCANCE,ASFALTO,Bueno,Bueno,2,VOLKWAGEN,ROJO,2,,17,MASCULINO,SIN DATOS,0,0,Morelia,Felix Ireta,noviembre,domingo,9,-101.195669174194,19.6817882117982
10335,10335,2017,"171266345",2017/11/12,"09:15:00",COLISIÓN CONTRA OBJETO FIJO,ASFALTO,Bueno,Bueno,1,VOLKWAGEN,GRIS,1,,45,FEMENINO,SIN DATOS,0,0,Morelia,Lomas de Vista Bella,noviembre,domingo,9,-101.197975873947,19.6737164847405
10336,10336,2017,"171267175",2017/11/12,11:00:00,SALIDA DE SUPERFICIE DE RODAMIENTO,CONCRETO,Bueno,Bueno,1,DODGE,BLANCO,1,,25,MASCULINO,SIN DATOS,0,0,Morelia,Lomas de Huerta,noviembre,domingo,11,-101.210238933563,19.6725344830677
10337,10337,2017,"171266505",2017/11/12,11:10:00,SALIDA DE SUPERFICIE DE RODAMIENTO,CONCRETO,Bueno,Bueno,1,FORD,GRIS,1,,,,SIN DATOS,0,0,Morelia,Gildardo Magaña,noviembre,domingo,11,-101.228290200233,19.7256048291867
10338,10338,2017,,2017/11/12,12:00:00,COLISIÓN POR ALCANCE,ASFALTO,Bueno,Bueno,2,VOLKWAGEN,BLANCO,1,,37,FEMENINO,SIN DATOS,0,0,Morelia,Nicolaitas Ilustres,noviembre,domingo,12,-101.226546764374,19.7219084551234
10339,10339,2017,"171266711",2017/11/12,12:20:00,COLISIÓN POR ALCANCE,ASFALTO,Bueno,Bueno,2,NISSAN,GRIS,2,,,MASCULINO,SIN DATOS,0,0,Morelia,San Pascual,noviembre,domingo,12,-101.267509460449,19.6954455769293
10340,10340,2017,"171266770",2017/11/12,12:45:00,COLISIÓN POR ALCANCE,ASFALTO,Bueno,Bueno,2,VOLKWAGEN,AZUL,2,,0,MASCULINO,SIN DATOS,0,0,Morelia,Rafael Carrillo,noviembre,domingo,13,-101.236395835876,19.7078089321211
10341,10341,2017,"171267079",2017/11/12,14:05:00,COLISIÓN POR CAMBIO DE CARRIL,ASFALTO,Bueno,Bueno,2,AUDI,AZUL,2,,77,MASCULINO,SIN DATOS,0,0,Morelia,Lomas del Valle,noviembre,domingo,14,-101.230916082859,19.688354398122
10342,10342,2017,,2017/11/12,15:00:00,COLISIÓN CONTRA OBJETO FIJO,ASFALTO,Bueno,Bueno,1,FORD,SIN DATO,0,MINISTERIO PÚBLICO,,,,0,0,Juárez,Sin datos,noviembre,domingo,15,-100.401477813721,19.3398963816097
10343,10343,2017,"171267493",2017/11/12,15:36:00,COLISIÓN POR CAMBIO DE CARRIL,ASFALTO,Bueno,Bueno,2,ITALIKA,ROJO,2,,0,MASCULINO,SIN DATOS,0,0,Morelia,Felix Ireta,noviembre,domingo,16,-101.192729473114,19.6823135166107
10344,10344,2017,"171261823",2017/11/12,18:00:00,SALIDA DE SUPERFICIE DE RODAMIENTO,ASFALTO,Bueno,Bueno,1,CHEVROLET,NEGRO,1,,,,SIN DATOS,0,0,Morelia,Los Laureles,noviembre,domingo,18,-101.232190132141,19.7138286513435
10345,10345,2017,"171268196",2017/11/12,18:40:00,COLISIÓN POR ALCANCE,SIN_DATOS,Bueno,Bueno,2,BAJAJ,BLANCO,2,,33,MASCULINO,SIN DATOS,0,0,Morelia,Ventura Puente,noviembre,domingo,19,-101.191847026348,19.6942612102966
10346,10346,2017,"171268806",2017/11/12,21:25:00,COLISIÓN CONTRA OBJETO FIJO,ASFALTO,Bueno,Bueno,1,CHEVROLET,BLANCO,2,MINISTERIO PÚBLICO,,,,2,0,Morelia,Los Angeles,noviembre,domingo,21,-101.175616979599,19.7436108054231
10347,10347,2017,"171269176",2017/11/13,"00:20:00",COLISIÓN CONTRA OBJETO FIJO,ASFALTO,Bueno,Bueno,2,NISSAN,VERDE,2,,33,MASCULINO,ALIENTO ETÍLICO,0,0,Huiramba,Sin datos,noviembre,lunes,0,-101.429557800293,19.5403783384058
10348,10348,2017,"171268450",2017/11/13,"07:30:00",COLISIÓN POR CORTE DE CIRCULACIÓN,CONCRETO,Bueno,Bueno,2,ITALIKA,GRIS,2,,23,MASCULINO,SIN DATOS,0,0,Morelia,Centro,noviembre,lunes,8,-101.180691719055,19.7037687250523
10349,10349,2017,,2017/11/13,"07:40:00",COLISIÓN POR ALCANCE,ASFALTO,Bueno,Bueno,2,VOLKSWAGEN,PLATA,2,,40,MASCULINO,SIN DATOS,0,0,Pátzcuaro,San Nicolas (La Valenciana),noviembre,lunes,8,-101.615976691246,19.5223192262817
10350,10350,2017,"171269400",2017/11/13,"08:00:00",COLISIÓN POR CAMBIO DE CARRIL,ASFALTO,Bueno,Bueno,2,NISSAN,BLANCO,2,,68,MASCULINO,SIN DATOS,0,0,Morelia,Elias Perez Avalos,noviembre,lunes,8,-101.165585517883,19.7106370163516
10351,10351,2017,"171269491",2017/11/13,"08:30:00",COLISIÓN POR CORTE DE CIRCULACIÓN,ASFALTO,Bueno,Bueno,2,TOYOTA,BLANCO,3,,44,MASCULINO,SIN DATOS,1,0,Morelia,Industrial,noviembre,lunes,9,-101.20169878006,19.7142528511983
10352,10352,2017,"171269552",2017/11/13,"09:00:00",COLISIÓN POR CORTE DE CIRCULACIÓN,CONCRETO,Bueno,Bueno,2,NISSAN,GUINDA,3,MINISTERIO PÚBLICO,59,MASCULINO,SIN DATOS,1,0,Morelia,Rafael Carrillo,noviembre,lunes,9,-101.234464645386,19.7106168159272
10353,10353,2017,,2017/11/13,"09:20:00",COLISIÓN POR ALCANCE,CONCRETO,Bueno,Bueno,2,TOYOTA,BLANCO Y NARANJA,2,,20,MASCULINO,SIN DATOS,0,0,Morelia,Centro,noviembre,lunes,9,-101.191568076611,19.7026715387034
10354,10354,2017,"171269744",2017/11/13,"09:50:00",COLISIÓN POR ALCANCE,ASFALTO,Bueno,Bueno,2,DODGE,PLATA,2,,27,MASCULINO,SIN DATOS,0,0,Morelia,Asociacion Zirahuen,noviembre,lunes,10,-101.250236034393,19.6987789285102
10355,10355,2017,"171370065",2017/11/13,12:20:00,COLISIÓN POR ALCANCE,CONCRETO,Bueno,Bueno,3,CHEVROLET,BLANCO,3,,23,MASCULINO,SIN DATOS,0,0,Morelia,Ventura Puente,noviembre,lunes,12,-101.184087395668,19.6901928820465
10356,10356,2017,"171270198",2017/11/13,12:29:00,COLISIÓN POR CORTE DE CIRCULACIÓN,CONCRETO,Bueno,Bueno,2,DODGE,ROJO,2,,65,MASCULINO,SIN DATOS,0,0,Morelia,Central de Abastos,noviembre,lunes,12,-101.168712973595,19.715823390864
10357,10357,2017,"171270304",2017/11/13,13:15:00,COLISIÓN POR ALCANCE,ASFALTO,Bueno,Bueno,3,BMW,NEGRO,3,,24,MASCULINO,SIN DATOS,0,0,Morelia,Melchor Ocampo,noviembre,lunes,13,-101.201607584953,19.7084427303454
10358,10358,2017,"171270463",2017/11/13,13:50:00,COLISIÓN CONTRA OBJETO FIJO,ASFALTO,Bueno,Bueno,1,KENWORTH,BLANCO,0,,,,,0,0,Morelia,Sin datos,noviembre,lunes,14,-101.263647079468,19.6395157359971
10359,10359,2017,"171270803",2017/11/13,15:00:00,COLISIÓN CON PEATÓN,ASFALTO,Bueno,Bueno,1,NISSAN,BEIGE,2,,17,MASCULINO,SIN DATOS,1,0,Morelia,Tlalpujahua,noviembre,lunes,15,-101.217770576477,19.6761511786599
10360,10360,2017,"171271475",2017/11/13,17:45:00,COLISIÓN POR CORTE DE CIRCULACIÓN,ASFALTO,Bueno,Bueno,2,FORD,ROJO,2,,54,MASCULINO,SIN DATOS,0,0,Morelia,Sin datos,noviembre,lunes,18,-101.116855144501,19.7311795267046
10361,10361,2017,,2017/11/13,17:45:00,COLISIÓN POR CORTE DE CIRCULACIÓN,ASFALTO,Bueno,Bueno,2,GMC,DORADO,2,,17,MASCULINO,CON CERTIFICADO,0,0,Pátzcuaro,Centro,noviembre,lunes,18,-101.607216596603,19.5237854669023
10362,10362,2017,"171271439",2017/11/13,17:50:00,VOLCADURA,ASFALTO,Bueno,Bueno,1,NISSAN,BLANCO Y ROJO,1,,45,MASCULINO,SIN DATOS,0,0,Sin datos,Sin datos,noviembre,lunes,18,-0.01583280599508,-0.030976
10363,10363,2017,,2017/11/13,18:00:00,COLISIÓN POR ALCANCE,CONCRETO,Bueno,Bueno,1,HONDA,BLANCO,1,,29,MASCULINO,SIN DATOS,0,0,Zinapécuaro,Centro,noviembre,lunes,18,-100.826876,19.857982
10364,10364,2017,"171271128",2017/11/13,18:10:00,COLISIÓN POR INVASIÓN DE CARRIL,ASFALTO,Bueno,Bueno,2,MERCEDES BENZ,BLANCO Y ROJO,2,,56,MASCULINO,SIN DATOS,0,0,Morelia,Morelia 450,noviembre,lunes,18,-101.214820146561,19.6744462431096
10365,10365,2017,"171271802",2017/11/13,18:40:00,COLISIÓN POR CORTE DE CIRCULACIÓN,ASFALTO,Bueno,Bueno,2,CHEVROLET,AZUL,2,,57,FEMENINO,SIN DATOS,0,0,Morelia,San Rafael,noviembre,lunes,19,-101.154427528381,19.7002536619049
10366,10366,2017,,2017/11/13,19:00:00,COLISIÓN POR ALCANCE,ASFALTO,Bueno,Regular,0,,,0,,,,,0,0,Morelia,Sin datos,noviembre,lunes,19,-101.351366043091,19.5335836574639
10367,10367,2017,"171039859",2017/11/13,19:30:00,COLISIÓN POR MANIOBRA DE REVERSA,CONCRETO,Bueno,Bueno,3,MAZDA,ROJO,3,,20,MASCULINO,SIN DATOS,0,0,Morelia,Del Empleado,noviembre,lunes,20,-101.179963499308,19.6890387812802
10369,10369,2017,"171029565",2017/11/13,21:30:00,COLISIÓN POR ALCANCE,ASFALTO,Bueno,Bueno,2,KENWORTH,BLANCO,2,,55,MASCULINO,SIN DATOS,0,0,Morelia,Victor Manuel Tinoco Rubi,noviembre,lunes,22,-101.242575645447,19.700637494395
10370,10370,2017,"171272415",2017/11/13,21:45:00,COLISIÓN POR CAMBIO DE CARRIL,ASFALTO,Bueno,Bueno,2,KENWORTH,BLANCO,2,,37,MASCULINO,SIN DATOS,0,0,Morelia,Campos Eliseos,noviembre,lunes,22,-101.242554187775,19.7006778977615
10371,10371,2017,"171273163",2017/11/14,"00:00:00",CAIDA DE MOTOCICLETA,ASFALTO,Bueno,Regular,1,YAMAHA,NEGRO,1,,51,MASCULINO,SIN DATOS,0,0,Morelia,Centro,noviembre,martes,0,-101.190487146378,19.7030111748675
10372,10372,2017,"171276309",2017/11/14,"06:45:00",COLISIÓN POR ALCANCE,ASFALTO,Bueno,Bueno,3,CHEVROLET,ARENA,3,,,MASCULINO,ALIENTO ETÍLICO,0,0,Morelia,Nueva Valladolid,noviembre,martes,7,-101.209530830383,19.697768829302
10373,10373,2017,"171273030",2017/11/14,"08:20:00",COLISIÓN POR CORTE DE CIRCULACIÓN,CONCRETO,Bueno,Bueno,2,FORD,ROJO,2,,,FEMENINO,SIN DATOS,0,0,Morelia,Industrial,noviembre,martes,8,-101.19382917881,19.7123893934498
10374,10374,2017,,2017/11/14,"09:00:00",COLISIÓN POR CAMBIO DE CARRIL,ASFALTO,Bueno,Bueno,2,NISSAN,BLANCO,4,MINISTERIO PÚBLICO,26,MASCULINO,SIN DATOS,2,0,Lázaro Cárdenas,Lomas del Rio (Unidad 512 5To Sector),noviembre,martes,9,-102.222762107849,17.9707322261831
10375,10375,2017,"171273138",2017/11/14,"09:05:00",COLISIÓN POR CAMBIO DE CARRIL,ASFALTO,Bueno,Bueno,2,DODGE,BLANCO,2,,32,MASCULINO,SIN DATOS,0,0,Sin datos,Sin datos,noviembre,martes,9,0.008656,0.025209
10376,10376,2017,,2017/11/14,"09:10:00",COLISIÓN POR CORTE DE CIRCULACIÓN,CONCRETO,Bueno,Bueno,2,NISSAN,ROJO,2,,36,FEMENINO,SIN DATOS,0,0,Pátzcuaro,Revolucion,noviembre,martes,9,-101.618235111237,19.5331893145241
10377,10377,2017,"171163413",2017/11/14,10:47:00,COLISIÓN POR CORTE DE CIRCULACIÓN,ASFALTO,Bueno,Bueno,3,VOLKWAGEN,BLANCO,3,,66,MASCULINO,SIN DATOS,0,0,Morelia,Lomas de Huerta,noviembre,martes,11,-101.210174560547,19.6724536621221
10378,10378,2017,"1712273492",2017/11/14,11:10:00,COLISIÓN POR CORTE DE CIRCULACIÓN,ASFALTO,Nublado,Regular,1,DINAMO,NEGRO,1,,20,MASCULINO,SIN DATOS,0,0,Morelia,Ventura Puente,noviembre,martes,11,-101.179693937302,19.6909100870843
10379,10379,2017,"171273549",2017/11/14,11:30:00,COLISIÓN POR CAMBIO DE CARRIL,ASFALTO,Bueno,Bueno,2,NISSAN,BLANCO,2,,26,MASCULINO,SIN DATOS,0,0,Morelia,Elias Perez Avalos,noviembre,martes,12,-101.170778274536,19.7142629511811
10380,10380,2017,"171274368",2017/11/14,14:15:00,COLISIÓN POR ALCANCE,CONCRETO,Bueno,Bueno,2,NISSAN,ROJO,2,,19,MASCULINO,SIN DATOS,0,0,Morelia,Vista Bella,noviembre,martes,14,-101.196763515472,19.6785757333506
10381,10381,2017,"171274302",2017/11/14,14:30:00,COLISIÓN POR CAMBIO DE CARRIL,ASFALTO,Bueno,Bueno,2,INTERNACIONAL,BLANCO,2,,50,MASCULINO,SIN DATOS,0,0,Morelia,Elias Perez Avalos,noviembre,martes,15,-101.165220737457,19.710556214639
10382,10382,2017,"171274506",2017/11/14,15:20:00,COLISIÓN POR CAMBIO DE CARRIL,ASFALTO,Bueno,Bueno,2,FORD,AZUL,2,,,MASCULINO,SIN DATOS,0,0,Morelia,Alberto Oviedo Mota,noviembre,martes,15,-101.200389862061,19.6811214762861
10383,10383,2017,"171274905",2017/11/14,16:10:00,COLISIÓN POR INVASIÓN DE CARRIL,CONCRETO,Bueno,Bueno,2,CHEVROLET,AZUL,2,,39,MASCULINO,SIN DATOS,0,0,Morelia,Alberto Oviedo Mota,noviembre,martes,16,-101.202203035355,19.6772422328111
10384,10384,2017,,2017/11/14,16:10:00,CAIDA DE MOTOCICLETA,ASFALTO,Bueno,Regular,1,ITALIKA,NARANJA Y NEGRO,3,,36,FEMENINO,SIN DATOS,2,0,Pátzcuaro,Centro,noviembre,martes,16,-101.617805957794,19.5164339059333
10385,10385,2017,"171274855",2017/11/14,17:00:00,COLISIÓN POR CORTE DE CIRCULACIÓN,ASFALTO,Bueno,Bueno,2,VOLKWAGEN,VERDE,2,,23,MASCULINO,SIN DATOS,0,0,Morelia,Felix Ireta,noviembre,martes,17,-101.192944049835,19.6823539246018
10387,10387,2017,,2017/11/14,18:45:00,COLISIÓN POR CORTE DE CIRCULACIÓN,ASFALTO,Bueno,Bueno,2,FORD,BLANCO,2,,25,MASCULINO,SIN DATOS,0,0,Morelia,Josefa Ortiz de Dominguez,noviembre,martes,19,-101.209917068481,19.6723930463862
10388,10388,2017,"171275107",2017/11/14,19:00:00,COLISIÓN POR MANIOBRA DE REVERSA,ASFALTO,Bueno,Bueno,2,NISSAN,ROJO,2,,29,FEMENINO,SIN DATOS,0,0,Morelia,Las Americas,noviembre,martes,19,-101.158955097198,19.6881321623714
10389,10389,2017,"171275290",2017/11/14,19:30:00,COLISIÓN POR ALCANCE,ASFALTO,Bueno,Bueno,2,NISSAN,VERDE,2,,64,MASCULINO,SIN DATOS,0,0,Morelia,Puerta Tres Marias,noviembre,martes,20,-101.139278411865,19.6908393768712
10390,10390,2017,"171275754",2017/11/14,21:20:00,COLISIÓN POR CAMBIO DE CARRIL,ASFALTO,Bueno,Bueno,2,VOLKSWAGEN,NEGRO,2,,,MASCULINO,SIN DATOS,0,0,Morelia,Elias Perez Avalos,noviembre,martes,21,-101.165521144867,19.7106774171926
10391,10391,2017,"171275755",2017/11/14,21:30:00,COLISIÓN POR CAMBIO DE CARRIL,ASFALTO,Bueno,Bueno,2,MERCEDES BENZ,BLANCO Y ROJO,2,MINISTERIO PÚBLICO,31,MASCULINO,SIN DATOS,0,0,Morelia,La Hacienda,noviembre,martes,22,-101.315429806709,19.6837631469159
10392,10392,2017,"171265904",2017/11/14,21:37:00,SUBIDA AL CAMELLÓN,ASFALTO,Bueno,Bueno,1,FORD,BLANCO,1,,70,MASCULINO,SIN DATOS,0,0,Morelia,Elias Perez Avalos,noviembre,martes,22,-101.169447898865,19.7133236500491
10393,10393,2017,"171276611",2017/11/15,"08:00:00",COLISIÓN POR ALCANCE,CONCRETO,Bueno,Bueno,2,CHEVROLET,PLATA,2,,30,FEMENINO,SIN DATOS,0,0,Morelia,Jardines de La Loma,noviembre,miércoles,8,-101.225624084473,19.6778281662333
10394,10394,2017,"171266595",2017/11/15,"08:10:00",COLISIÓN POR CORTE DE CIRCULACIÓN,ASFALTO,Bueno,Bueno,2,VOLKSWAGEN,GRIS,2,,34,FEMENINO,SIN DATOS,0,0,Morelia,Loma Bonita,noviembre,miércoles,8,-101.196184158325,19.7221407434426
10395,10395,2017,"171276465",2017/11/15,"08:10:00",COLISIÓN POR ALCANCE,ASFALTO,Bueno,Bueno,3,NISSAN,ROJO,3,,22,FEMENINO,SIN DATOS,0,0,Morelia,Las Americas,noviembre,miércoles,8,-101.158976554871,19.6881321623714
10396,10396,2017,"171276703",2017/11/15,"09:10:00",COLISIÓN POR CORTE DE CIRCULACIÓN,ASFALTO,Bueno,Bueno,1,NISSAN,ROJO,1,,34,MASCULINO,SIN DATOS,0,0,Morelia,San Jose Itzicuaro,noviembre,miércoles,9,-101.300076842308,19.6873896906952
10397,10397,2017,"171276777",2017/11/15,10:00:00,COLISIÓN POR MANIOBRA DE REVERSA,ASFALTO,Bueno,Bueno,2,NISSAN,NEGRO,2,,44,MASCULINO,SIN DATOS,0,0,Morelia,Ventura Puente,noviembre,miércoles,10,-101.193225725,19.6917077449992
10398,10398,2017,"171276945",2017/11/15,10:50:00,COLISIÓN POR CAMBIO DE CARRIL,ASFALTO,Bueno,Bueno,2,DATSUN,ROJO,2,MINISTERIO PÚBLICO,90,MASCULINO,SIN DATOS,0,0,Morelia,Chapultepec Sur,noviembre,miércoles,11,-101.172114014626,19.6910969639256
10399,10399,2017,"171277278",2017/11/15,12:10:00,COLISIÓN POR ALCANCE,ASFALTO,Bueno,Bueno,2,MARCO POLO,GRIS Y VERDE,2,,49,MASCULINO,SIN DATOS,0,0,Morelia,Fovissste La Huerta,noviembre,miércoles,12,-101.212148666382,19.6924353997917
10400,10400,2017,LEG10925,2017/11/15,13:35:00,COLISIÓN POR ALCANCE,CONCRETO,Bueno,Bueno,2,SIN DATOS,BLANCO/ROJO,2,,36,MASCULINO,ALIENTO ETÍLICO,1,0,Morelia,Union,noviembre,miércoles,14,-101.157914400101,19.7116722846818
10401,10401,2017,"171277653",2017/11/15,13:45:00,COLISIÓN POR CAMBIO DE CARRIL,ASFALTO,Bueno,Bueno,2,FREIGHTLINER,BLANCO,2,,44,MASCULINO,SIN DATOS,0,0,Morelia,Arcos del Valle,noviembre,miércoles,14,-101.23627781868,19.7076675265969
10402,10402,2017,"71171708",2017/11/15,14:20:00,SALIDA DE SUPERFICIE DE RODAMIENTO,ASFALTO,Bueno,Bueno,1,CHEVROLET,BLANCO,1,,,,SIN DATOS,0,0,Morelia,Sin datos,noviembre,miércoles,14,-101.188716888428,19.5835866213332
10403,10403,2017,"171277952",2017/11/15,14:25:00,COLISIÓN POR INVASIÓN DE CARRIL,ASFALTO,Bueno,Bueno,2,INTERNATIONAL,BLANCO Y AZUL,2,,21,MASCULINO,SIN DATOS,0,0,Morelia,Cosmos,noviembre,miércoles,14,-101.216617226601,19.6827074940895
10404,10404,2017,"171277734",2017/11/15,14:25:00,COLISIÓN POR CORTE DE CIRCULACIÓN,ASFALTO,Bueno,Bueno,2,HONDA,NEGRO,2,,,MASCULINO,SIN DATOS,0,0,Morelia,Ventura Puente,noviembre,miércoles,14,-101.190701723099,19.6910818117574
10405,10405,2017,"171277958",2017/11/15,14:40:00,COLISIÓN POR CAMBIO DE CARRIL,ASFALTO,Bueno,Bueno,2,HONDA,BLANCO,2,,40,FEMENINO,SIN DATOS,0,0,Morelia,Arcos del Valle,noviembre,miércoles,15,-101.23627781868,19.7077281289798
10406,10406,2017,"171278013",2017/11/15,14:55:00,COLISIÓN POR CAMBIO DE CARRIL,ASFALTO,Bueno,Bueno,2,TOYOTA,GRIS,2,,38,MASCULINO,SIN DATOS,0,0,Morelia,Indeco El Vivero,noviembre,miércoles,15,-101.229915618896,19.6771412095907
10407,10407,2017,"171278189",2017/11/15,15:40:00,COLISIÓN POR ALCANCE,ASFALTO,Bueno,Bueno,3,CHEVROLET,ROJO,3,,35,MASCULINO,SIN DATOS,0,0,Tarímbaro,Sin datos,noviembre,miércoles,16,-101.158311367035,19.7682988169332
10408,10408,2017,"171278098",2017/11/15,15:40:00,COLISIÓN POR CORTE DE CIRCULACIÓN,ASFALTO,Bueno,Bueno,2,CHEVROLET,BLANCO Y ROJO,2,,33,MASCULINO,SIN DATOS,0,0,Morelia,Las Americas,noviembre,miércoles,16,-101.158933639526,19.6881321623714
10409,10409,2017,"171238163",2017/11/15,16:00:00,COLISIÓN POR ALCANCE,ASFALTO,Bueno,Bueno,2,CHEVROLET,ROJO,2,,21,MASCULINO,SIN DATOS,0,0,Morelia,Jardines de La Loma,noviembre,miércoles,16,-101.225312948227,19.6767169113694
10410,10410,2017,"171278284",2017/11/15,16:30:00,COLISIÓN POR MANIOBRA DE REVERSA,CONCRETO,Bueno,Bueno,2,SEAT,AZUL,2,,58,FEMENINO,SIN DATOS,0,0,Morelia,Centro,noviembre,miércoles,17,-101.19351670146,19.6967208446351
10411,10411,2017,"171278583",2017/11/15,18:45:00,COLISIÓN POR NO RESPETAR SEMÁFORO,ASFALTO,Bueno,Bueno,2,VOLKSWAGEN,ROJO,2,,,MASCULINO,SIN DATOS,0,0,Morelia,Felix Ireta,noviembre,miércoles,19,-101.180713176727,19.6862330442866
10412,10412,2017,"171278324",2017/11/15,19:10:00,COLISIÓN POR CORTE DE CIRCULACIÓN,CONCRETO,Bueno,Bueno,2,ITALIKA,NEGRO/AMARILLO,1,,,,,1,0,Morelia,La Aldea,noviembre,miércoles,19,-101.13537311554,19.7446004188401
10413,10413,2017,"171279274",2017/11/15,22:00:00,COLISIÓN POR CAMBIO DE CARRIL,ASFALTO,Bueno,Bueno,2,NISSAN,BLANCO,2,,35,FEMENINO,SIN DATOS,0,0,Morelia,Industrial,noviembre,miércoles,22,-101.194081306458,19.7073645143385
10414,10414,2017,"171279486",2017/11/16,"00:05:00",COLISIÓN CONTRA OBJETO FIJO,ASFALTO,Bueno,Regular,1,NISSAN,ROJO,1,,22,MASCULINO,ALIENTO ETÍLICO,0,0,Morelia,Quinceo,noviembre,jueves,0,-101.223907470703,19.7261097916831
10415,10415,2017,"171161731",2017/11/16,"04:10:00",COLISIÓN POR CORTE DE CIRCULACIÓN,CONCRETO,Bueno,Bueno,2,SIN DATOS,SIN DATOS,0,,,,,0,0,Morelia,Torreon Nuevo,noviembre,jueves,4,-101.202954053879,19.7462918357311
10416,10416,2017,,2017/11/16,"07:00:00",COLISIÓN POR CORTE DE CIRCULACIÓN,ASFALTO,Bueno,Bueno,2,NISSAN,AZUL,4,,35,MASCULINO,SIN DATOS,2,0,Apatzingán,Bellavista,noviembre,jueves,7,-102.344470024109,19.0743874597237
10417,10417,2017,"171279708",2017/11/16,"07:15:00",COLISIÓN POR CORTE DE CIRCULACIÓN,CONCRETO,Bueno,Bueno,2,HONDA,AZUL,2,MINISTERIO PÚBLICO,39,MASCULINO,SIN DATOS,0,0,Morelia,Nueva Valladolid,noviembre,jueves,7,-101.211633682251,19.7008546623698
10418,10418,2017,,2017/11/16,"07:20:00",COLISIÓN POR CORTE DE CIRCULACIÓN,ASFALTO,Bueno,Bueno,1,CHEVROLET,BLANCO Y ROSA,1,,58,MASCULINO,SIN DATOS,0,0,Morelia,Tierra Y Libertad,noviembre,jueves,7,-101.229336261749,19.7175454118013