fid,id_accidente,anio_origen,folio_c5i,dia_incidente,hora_ocurrencia,tipo_incidente_vial,superficie_ocurrencia,condiciones_climaticas,condiciones_via,numero_vehiculos_involucrados,marca_vehiculo_ocasiona_siniestro,color_vehiculo_ocasiona_siniestro,numero_personas_involucradas,lugar_remite_presunto_responsable,edad_presunto_responsable,sexo_presunto_responsable,resultados_toxicologia,numero_personas_lesionadas,numero_personas_fallecidas,municipio,colonia,mes,dia_semana,hora_redondeada,lon,lat
10419,10419,2017,,2017/11/16,"08:00:00",COLISIÓN POR CORTE DE CIRCULACIÓN,ASFALTO,Bueno,Bueno,2,ACURA,VINO,3,,41,FEMENINO,SIN DATOS,1,0,Apatzingán,Las Palmas,noviembre,jueves,8,-102.350971698761,19.0760503737084
10420,10420,2017,"171832545",2017/11/16,"08:30:00",COLISIÓN POR CORTE DE CIRCULACIÓN,ASFALTO,Bueno,Bueno,1,KEEWAY,NARANJA,1,,22,MASCULINO,SIN DATOS,0,0,Morelia,Cinco de Diciembre,noviembre,jueves,9,-101.163461208344,19.686253247789
10421,10421,2017,"171280040",2017/11/16,"08:50:00",COLISIÓN POR CORTE DE CIRCULACIÓN,ASFALTO,Bueno,Bueno,2,FORD,GUINDA,2,,,MASCULINO,SIN DATOS,0,0,Morelia,Felix Ireta,noviembre,jueves,9,-101.180745363235,19.6858491772566
10422,10422,2017,,2017/11/16,"09:30:00",COLISIÓN POR INVASIÓN DE CARRIL,ASFALTO,Bueno,Regular,2,MERCEDEZ BENZ,AMARILLO,2,,53,MASCULINO,SIN DATOS,0,0,Huandacareo,Salvador Urrutia,noviembre,jueves,10,-101.273844838142,19.9933834545491
10423,10423,2017,"171280256",2017/11/16,"09:50:00",COLISIÓN POR ALCANCE,ASFALTO,Bueno,Bueno,2,INTERNATIONAL,BLANCO,2,,31,MASCULINO,SIN DATOS,0,0,Morelia,Dr Miguel Silva,noviembre,jueves,10,-101.187171936035,19.7207672076077
10424,10424,2017,"171280265",2017/11/16,10:20:00,COLISIÓN POR ALCANCE,ASFALTO,Bueno,Bueno,3,NISSAN,GRIS,3,,35,MASCULINO,SIN DATOS,0,0,Morelia,Alberto Oviedo Mota,noviembre,jueves,10,-101.201076507568,19.6805456570197
10425,10425,2017,"171280125",2017/11/16,10:20:00,COLISIÓN CON PEATÓN,ASFALTO,Bueno,Bueno,1,NISSAN,MORADO/BLANCO,2,,59,MASCULINO,SIN DATOS,1,0,Morelia,Fovissste La Huerta,noviembre,jueves,10,-101.212062835693,19.6924758052287
10427,10427,2017,"171280205",2017/11/16,10:40:00,COLISIÓN POR CAMBIO DE CARRIL,ASFALTO,Bueno,Bueno,2,VOLKWAGEN,VERDE,2,,28,MASCULINO,SIN DATOS,0,0,Morelia,Eduardo Ruiz,noviembre,jueves,11,-101.222035288811,19.7174040148867
10428,10428,2017,"171280202",2017/11/16,11:20:00,COLISIÓN POR ALCANCE,ASFALTO,Bueno,Bueno,1,NISSAN,GRIS,1,,0,,SIN DATOS,0,0,Morelia,Valle de Las Flores,noviembre,jueves,11,-101.129322052002,19.6874452499194
10429,10429,2017,LEG11019,2017/11/16,11:20:00,COLISIÓN POR ALCANCE,ASFALTO,Bueno,Bueno,2,CHEVROLET,AZUL/BLANCO,2,,0,MASCULINO,SIN DATOS,0,0,Morelia,Camelinas,noviembre,jueves,11,-101.171132326126,19.6821013744899
10430,10430,2017,"171280670",2017/11/16,12:45:00,COLISIÓN POR ALCANCE,ASFALTO,Bueno,Bueno,2,CHEVROLET,NARANJA,2,,36,FEMENINO,SIN DATOS,0,0,Morelia,Valle de Las Flores,noviembre,jueves,13,-101.126832962036,19.687869519723
10431,10431,2017,,2017/11/16,14:24:00,VOLCADURA,ASFALTO,Bueno,Bueno,2,MAZDA,BLANCO,2,,65,MASCULINO,SIN DATOS,0,0,Cuitzeo,El Embarcadero,noviembre,jueves,14,-101.136016845703,19.9586665064434
10432,10432,2017,"17281064",2017/11/16,14:29:00,COLISIÓN POR ALCANCE,ASFALTO,Bueno,Bueno,2,FORD,NEGRO,2,,34,MASCULINO,SIN DATOS,0,0,Morelia,Lomas del Valle,noviembre,jueves,14,-101.23263001442,19.6868896568101
10433,10433,2017,"171281214",2017/11/16,14:40:00,COLISIÓN POR NO RESPETAR SEMÁFORO,ASFALTO,Bueno,Bueno,2,NISSAN,BLANCO,2,,56,MASCULINO,SIN DATOS,0,0,Morelia,Primo Tapia Oriente,noviembre,jueves,15,-101.158483028412,19.7135913009338
10434,10434,2017,"171281292",2017/11/16,15:20:00,COLISIÓN POR CAMBIO DE CARRIL,ASFALTO,Bueno,Bueno,2,DINA,ROJO,2,,32,MASCULINO,SIN DATOS,0,0,Morelia,Isaac Arriaga,noviembre,jueves,15,-101.166164875031,19.710071403506
10435,10435,2017,"171281513",2017/11/16,15:30:00,COLISIÓN POR CAMBIO DE CARRIL,ASFALTO,Bueno,Bueno,2,NISSAN,BLANCO,2,,35,FEMENINO,SIN DATOS,0,0,Morelia,Centro,noviembre,jueves,16,-101.194355562329,19.6981993848691
10436,10436,2017,"171281437",2017/11/16,15:40:00,COLISIÓN POR ALCANCE,ASFALTO,Bueno,Bueno,2,NISSAN,NEGRO,2,,19,MASCULINO,SIN DATOS,0,0,Morelia,Sentimientos de La Nacion,noviembre,jueves,16,-101.235430240631,19.6815053546472
10437,10437,2017,"171281254",2017/11/16,16:00:00,COLISIÓN POR CORTE DE CIRCULACIÓN,ASFALTO,Nublado,Regular,2,SIN DATOS,AZUL,0,,,,,0,0,Morelia,Ciudad Industrial,noviembre,jueves,16,-101.142990589142,19.7252412552012
10438,10438,2017,"171281671",2017/11/16,16:55:00,COLISIÓN POR ALCANCE,ASFALTO,Bueno,Bueno,3,HONDA,BLANCO,3,,0,MASCULINO,SIN DATOS,0,0,Morelia,Centro,noviembre,jueves,17,-101.184645295143,19.7007738557159
10439,10439,2017,"171281066",2017/11/16,17:40:00,COLISIÓN POR CORTE DE CIRCULACIÓN,ASFALTO,Bueno,Bueno,2,FORD,CAFE,2,,,MASCULINO,SIN DATOS,0,0,Morelia,Industrial,noviembre,jueves,18,-101.197847127914,19.708752053268
10440,10440,2017,"171281954",2017/11/16,18:20:00,COLISIÓN POR CORTE DE CIRCULACIÓN,ASFALTO,Bueno,Bueno,2,HONDA,PLATA,2,,22,MASCULINO,SIN DATOS,0,0,Morelia,Ventura Puente,noviembre,jueves,18,-101.180326938629,19.6883644997397
10441,10441,2017,"171282384",2017/11/16,19:30:00,COLISIÓN POR NO RESPETAR SEMÁFORO,ASFALTO,Bueno,Bueno,2,NISSAN,BLANCO Y ROJO,2,,56,MASCULINO,SIN DATOS,0,0,Morelia,Lomas del Tecnologico,noviembre,jueves,20,-101.188395023346,19.7212418867677
10442,10442,2017,"171855721",2017/11/16,19:50:00,COLISIÓN POR ALCANCE,CONCRETO,Bueno,Bueno,2,NISSAN,BLANCO,2,,36,MASCULINO,SIN DATOS,0,0,Morelia,Centro,noviembre,jueves,20,-101.183239817619,19.7030212755602
10443,10443,2017,LEG11013,2017/11/16,19:50:00,COLISIÓN POR INVASIÓN DE CARRIL,ASFALTO,Bueno,Bueno,2,NISSAN,BLANCO,2,,69,MASCULINO,SIN DATOS,0,0,Morelia,Bosques de Oriente,noviembre,jueves,20,-101.156229972839,19.7154294949053
10444,10444,2017,"171282087",2017/11/16,20:10:00,COLISIÓN POR CORTE DE CIRCULACIÓN,ASFALTO,Bueno,Bueno,1,VENTO,ROJO,1,,16,MASCULINO,SIN DATOS,0,0,Morelia,Las Americas,noviembre,jueves,20,-101.158525943756,19.6894251660517
10445,10445,2017,"171282338",2017/11/16,20:30:00,COLISIÓN POR ALCANCE,SIN_DATOS,Nublado,Bueno,2,FORD,GRIS,2,,34,FEMENINO,SIN DATOS,0,0,Morelia,Elias Perez Avalos,noviembre,jueves,21,-101.169447898865,19.7132832498766
10446,10446,2017,"171282865",2017/11/16,21:25:00,COLISIÓN POR ALCANCE,ASFALTO,Bueno,Bueno,2,MAZDA,PLATA,2,,40,FEMENINO,SIN DATOS,0,0,Morelia,Pascual Ortiz de Ayala,noviembre,jueves,21,-101.149792671204,19.6949203151971
10447,10447,2017,"171282963",2017/11/16,23:50:00,COLISIÓN CONTRA OBJETO FIJO,ASFALTO,Bueno,Bueno,1,AUDI,BLANCO,0,,,,,0,0,Morelia,Lomas de Hidalgo,noviembre,jueves,0,-101.158933639526,19.6957284094557
10448,10448,2017,"171283249",2017/11/17,"00:00:00",COLISIÓN POR CAMBIO DE CARRIL,CONCRETO,Bueno,Bueno,2,NISSAN,NEGRO,2,,43,FEMENINO,SIN DATOS,0,0,Morelia,Mision San Diego,noviembre,viernes,0,-101.205410957336,19.6645128055148
10449,10449,2017,"171283084",2017/11/17,"03:15:00",COLISIÓN CONTRA OBJETO FIJO,ASFALTO,Bueno,Bueno,1,CHEVROLET,CAFE,1,,22,FEMENINO,SIN DATOS,0,0,Morelia,Centro,noviembre,viernes,3,-101.189837381244,19.7037712502136
10450,10450,2017,"171282967",2017/11/17,"04:25:00",COLISIÓN POR ALCANCE,CONCRETO,Bueno,Bueno,2,NISSAN,ARENA,2,,52,FEMENINO,SIN DATOS,0,0,Morelia,Camelinas,noviembre,viernes,4,-101.174039840698,19.6818892320882
10452,10452,2017,,2017/11/17,"06:00:00",COLISIÓN POR CORTE DE CIRCULACIÓN,CONCRETO,Bueno,Bueno,2,DODGE,Azul/Blanco,2,,24,MASCULINO,SIN DATOS,0,0,Apatzingán,Las Palmas,noviembre,viernes,6,-102.349544763565,19.0803799555988
10453,10453,2017,"171283384",2017/11/17,"08:30:00",COLISIÓN POR CORTE DE CIRCULACIÓN,CONCRETO,Bueno,Bueno,2,SEAT,AZUL,2,,39,,SIN DATOS,0,0,Morelia,Felix Ireta,noviembre,viernes,9,-101.189564466476,19.6824650465249
10454,10454,2017,"171283469",2017/11/17,"09:35:00",COLISIÓN POR ALCANCE,ASFALTO,Bueno,Bueno,2,SCAT,VERDE,2,,28,MASCULINO,SIN DATOS,0,0,Morelia,Lomas de Guayangareo,noviembre,viernes,10,-101.160054802895,19.7044555674528
10455,10455,2017,"171283778",2017/11/17,10:00:00,COLISIÓN POR ALCANCE,SIN_DATOS,Bueno,Bueno,2,AUDI,AZUL,2,,50,FEMENINO,SIN DATOS,0,0,Morelia,Las Americas,noviembre,viernes,10,-101.159008741379,19.6880311460191
10456,10456,2017,,2017/11/17,10:00:00,COLISIÓN POR NO RESPETAR SEMÁFORO,ASFALTO,Bueno,Regular,2,TOYOTA,GRIS,2,,45,MASCULINO,SIN DATOS,0,0,Pátzcuaro,San Nicolas (La Valenciana),noviembre,viernes,10,-101.615987420082,19.5223293383315
10457,10457,2017,"171283605",2017/11/17,10:30:00,COLISIÓN POR CORTE DE CIRCULACIÓN,ASFALTO,Bueno,Bueno,2,CHRYSLER,BLANCO,2,,34,MASCULINO,SIN DATOS,0,0,Morelia,Independencia,noviembre,viernes,11,-101.178159713745,19.7091219774471
10458,10458,2017,"171283689",2017/11/17,10:35:00,COLISIÓN POR ALCANCE,ASFALTO,Bueno,Bueno,2,NISSAN,AZUL,2,,23,MASCULINO,SIN DATOS,0,0,Morelia,Felix Ireta,noviembre,viernes,11,-101.19461774826,19.6821316805244
10459,10459,2017,"171283890",2017/11/17,11:20:00,COLISIÓN POR CAMBIO DE CARRIL,ASFALTO,Bueno,Regular,1,CHEVROLET,VERDE,1,,35,MASCULINO,SIN DATOS,0,0,Morelia,Cosmos,noviembre,viernes,11,-101.216440200806,19.6832833055846
10460,10460,2017,"171283806",2017/11/17,11:40:00,COLISIÓN POR NO RESPETAR SEMÁFORO,ASFALTO,Bueno,Bueno,2,V.W.,ROJO,2,,35,FEMENINO,SIN DATOS,0,0,Morelia,Eva Samano,noviembre,viernes,12,-101.19853913784,19.7291445826713
10461,10461,2017,"171284743",2017/11/17,14:15:00,COLISIÓN POR ALCANCE,CONCRETO,Bueno,Bueno,2,CHRYSLER,BLANCO,2,,38,MASCULINO,SIN DATOS,0,0,Morelia,Comision Federal de Electricidad,noviembre,viernes,14,-101.181378364563,19.681586171027
10462,10462,2017,"171284805",2017/11/17,15:10:00,COLISIÓN POR CORTE DE CIRCULACIÓN,CONCRETO,Bueno,Regular,2,CHEVROLET,NARANJA,2,,65,MASCULINO,SIN DATOS,0,0,Morelia,Primaveras,noviembre,viernes,15,-101.225736737251,19.6834297836171
10463,10463,2017,"171284189",2017/11/17,15:13:00,COLISIÓN POR ALCANCE,ASFALTO,Bueno,Bueno,2,JEEP,GRIS,2,,51,FEMENINO,SIN DATOS,0,0,Morelia,Comision Federal de Electricidad,noviembre,viernes,15,-101.179983615875,19.6817275995936
10464,10464,2017,"171285058",2017/11/17,15:40:00,COLISIÓN POR ALCANCE,CONCRETO,Bueno,Bueno,2,NISSAN,BLANCO,2,,25,MASCULINO,SIN DATOS,0,0,Morelia,La Loma,noviembre,viernes,16,-101.186378002167,19.6795455449533
10465,10465,2017,"171285111",2017/11/17,16:20:00,COLISIÓN POR INVASIÓN DE CARRIL,ASFALTO,Bueno,Bueno,2,FREIGHTLINER,BLANCO,1,,,,SIN DATOS,0,0,Morelia,Molino de Parras,noviembre,viernes,16,-101.20145201683,19.6987486256267
10466,10466,2017,,2017/11/17,17:00:00,COLISIÓN CON PEATÓN,CONCRETO,Bueno,Bueno,1,CHEVROLET,GUINDA,2,,53,,SIN DATOS,1,0,Morelia,Centro,noviembre,viernes,17,-101.192654371262,19.6961526573083
10467,10467,2017,"171285409",2017/11/17,17:15:00,COLISIÓN POR INVASIÓN DE CARRIL,ASFALTO,Bueno,Bueno,2,TOYOTA,PLATA,2,,19,MASCULINO,SIN DATOS,0,0,Morelia,Industrial,noviembre,viernes,17,-101.197503805161,19.7123439429896
10468,10468,2017,"171285152",2017/11/17,17:45:00,COLISIÓN CONTRA OBJETO FIJO,CONCRETO,Bueno,Bueno,1,NISSAN,BLANCO/NARANJA,1,,,,SIN DATOS,0,0,Morelia,Villas Oriente,noviembre,viernes,18,-101.144168047381,19.7544730091077
10469,10469,2017,"171285563",2017/11/17,18:00:00,COLISIÓN POR CAMBIO DE CARRIL,ASFALTO,Bueno,Bueno,2,NISSAN,NEGRO,2,,22,MASCULINO,SIN DATOS,0,0,Morelia,Isaac Arriaga,noviembre,viernes,18,-101.166079044342,19.710071403506
10470,10470,2017,"171285972",2017/11/17,18:45:00,COLISIÓN POR CORTE DE CIRCULACIÓN,CONCRETO,Bueno,Bueno,2,SEAT,PLATA,2,,39,FEMENINO,SIN DATOS,0,0,Morelia,Indeco Expropiacion Petrolera,noviembre,viernes,19,-101.225723326206,19.6853693421752
10471,10471,2017,"171286100",2017/11/17,18:55:00,COLISIÓN POR ALCANCE,ASFALTO,Bueno,Bueno,2,MITSUBISHI,BLANCO,2,,43,MASCULINO,ALIENTO ETÍLICO,0,0,Morelia,Lomas del Valle,noviembre,viernes,19,-101.230709552765,19.6878998246659
10472,10472,2017,"171286129",2017/11/17,19:30:00,COLISIÓN POR ALCANCE,ASFALTO,Bueno,Bueno,2,CHEVROLET,BLANCO,2,,31,MASCULINO,SIN DATOS,0,0,Morelia,Fray Antonio de Lisboa,noviembre,viernes,20,-101.146295070648,19.6939707992301
10473,10473,2017,,2017/11/17,19:50:00,COLISIÓN POR ALCANCE,ASFALTO,Bueno,Bueno,2,VOLKSWAGEN,GRIS,2,,,MASCULINO,SIN DATOS,0,0,Copándaro,Sin datos,noviembre,viernes,20,-101.148548126221,19.9023448815785
10474,10474,2017,"11786395",2017/11/17,20:20:00,COLISIÓN POR CORTE DE CIRCULACIÓN,ASFALTO,Bueno,Bueno,2,NISSAN,BCO/ROJO,2,,27,MASCULINO,SIN DATOS,0,0,Morelia,San Jose Itzicuaro,noviembre,viernes,20,-101.299910545349,19.6875462666413
10475,10475,2017,"171286691",2017/11/17,21:15:00,COLISIÓN POR CAMBIO DE CARRIL,ASFALTO,Bueno,Bueno,2,NISSAN,BLANCO/GUINDA,2,,32,MASCULINO,SIN DATOS,0,0,Morelia,Felix Ireta,noviembre,viernes,21,-101.195776462555,19.6817275995936
10476,10476,2017,"171286715",2017/11/17,21:20:00,COLISIÓN CONTRA OBJETO FIJO,ASFALTO,Bueno,Regular,1,NISSAN,GRIS,0,MINISTERIO PÚBLICO,,,,0,0,Morelia,Vista Bella,noviembre,viernes,21,-101.195552498102,19.6789722455747
10477,10477,2017,"171286528",2017/11/17,21:30:00,COLISIÓN POR NO RESPETAR SEMÁFORO,SIN_DATOS,Bueno,Bueno,2,CHEVROLET,NEGRO,2,,,FEMENINO,SIN DATOS,0,0,Morelia,Vasco de Quiroga,noviembre,viernes,22,-101.17041349411,19.7075463217625
10478,10478,2017,"171286745",2017/11/17,21:40:00,COLISIÓN POR ALCANCE,ASFALTO,Bueno,Bueno,2,MERCEDES BENZ,BLANCO,2,,32,MASCULINO,SIN DATOS,0,0,Morelia,Nueva Valladolid,noviembre,viernes,22,-101.207315325737,19.7022788729459
10479,10479,2017,"171286987",2017/11/17,23:10:00,COLISIÓN CONTRA OBJETO FIJO,ASFALTO,Bueno,Bueno,2,NISSAN,BLANCO,2,,41,MASCULINO,SIN DATOS,0,0,Morelia,Ventura Puente,noviembre,viernes,23,-101.179811954498,19.6910010001695
10480,10480,2017,"171287010",2017/11/17,23:30:00,COLISIÓN POR ALCANCE,ASFALTO,Bueno,Bueno,2,JEEP,ARENA,2,MINISTERIO PÚBLICO,37,MASCULINO,SIN DATOS,0,0,Morelia,Francisco J Mujica,noviembre,viernes,0,-101.18762254715,19.7225548217831
10481,10481,2017,"121287102",2017/11/18,"00:05:00",SUBIDA AL CAMELLÓN,ASFALTO,Bueno,Bueno,1,CHEVROLET,BLANCO,1,,36,MASCULINO,SIN DATOS,0,0,Morelia,Los Manantiales de Morelia,noviembre,sábado,0,-101.241481304169,19.6956273978965
10482,10482,2017,"171287061",2017/11/18,"00:10:00",COLISIÓN POR ALCANCE,ASFALTO,Bueno,Bueno,2,FORD,NEGRO,2,MINISTERIO PÚBLICO,,,SIN DATOS,0,0,Morelia,Reforma,noviembre,sábado,0,-101.239764690399,19.7065968807148
10483,10483,2017,"171290566",2017/11/18,"00:10:00",COLISIÓN POR ALCANCE,ASFALTO,Bueno,Bueno,2,V.W.,BLANCO,2,,26,,ALIENTO ETÍLICO,0,0,Morelia,La Esperanza,noviembre,sábado,0,-101.154577732086,19.7000213417925
10484,10484,2017,"171287052",2017/11/18,"00:20:00",COLISIÓN POR ALCANCE,ASFALTO,Bueno,Bueno,3,V.W.,GRIS,3,,33,MASCULINO,ALIENTO ETÍLICO,0,0,Tarímbaro,Sin datos,noviembre,sábado,0,-101.172194480896,19.7502653326579
10485,10485,2017,,2017/11/18,"01:45:00",COLISIÓN CONTRA OBJETO FIJO,ASFALTO,Bueno,Bueno,2,CHEVROLET,BLANCO,5,MINISTERIO PÚBLICO,,MASCULINO,SIN DATOS,3,0,Venustiano Carranza,Sin datos,noviembre,sábado,2,-102.59711265564,20.1899545391462
10486,10486,2017,"171287159",2017/11/18,"02:10:00",SUBIDA AL CAMELLÓN,ASFALTO,Bueno,Regular,1,YAMAHA,NEGRO,1,MINISTERIO PÚBLICO,,,,0,1,Morelia,Nueva Valladolid,noviembre,sábado,2,-101.209080219269,19.6986981208082
10490,10490,2017,"171287200",2017/11/18,"03:10:00",COLISIÓN POR ALCANCE,CONCRETO,Bueno,Bueno,2,CHEVROLET,BLANCO,2,,26,MASCULINO,SIN DATOS,0,0,Morelia,Chapultepec Sur,noviembre,sábado,3,-101.17223739624,19.6906777534098
10491,10491,2017,,2017/11/18,"03:15:00",COLISIÓN CONTRA OBJETO FIJO,CONCRETO,Bueno,Regular,1,DATSUN,AMARILLO,1,,60,MASCULINO,SIN DATOS,0,0,Morelia,Lomas de Morelia (Dr Ignacio Chavez),noviembre,sábado,3,-101.175413131714,19.7175252122497
10492,10492,2017,"171287119",2017/11/18,"03:25:00",CAIDA DE MOTOCICLETA,ASFALTO,Bueno,Bueno,1,V.W.,NEGRO,1,,,,SIN DATOS,0,0,Morelia,El Lago 1,noviembre,sábado,3,-101.214514374733,19.7270389185073
10493,10493,2017,"171287217",2017/11/18,"03:45:00",COLISIÓN POR ALCANCE,ASFALTO,Bueno,Bueno,2,NISSAN,TITANIO,1,MINISTERIO PÚBLICO,22,FEMENINO,SIN DATOS,0,0,Morelia,Primo Tapia,noviembre,sábado,4,-101.211832165718,19.7091118771395
10494,10494,2017,,2017/11/18,"05:11:00",SALIDA DE SUPERFICIE DE RODAMIENTO,ASFALTO,Bueno,Bueno,1,VOLKSWAGEN,GRIS,1,,28,MASCULINO,SIN DATOS,0,0,Cuitzeo,Sin datos,noviembre,sábado,5,-101.127369403839,19.9565487571781
10495,10495,2017,"171287297",2017/11/18,"05:45:00",SUBIDA AL CAMELLÓN,ASFALTO,Bueno,Bueno,1,CHEVROLET,ARENA,1,,48,MASCULINO,ALIENTO ETÍLICO,0,0,Morelia,Villas de La Esperanza,noviembre,sábado,6,-101.275084018707,19.6930616829199
10497,10497,2017,"171287440",2017/11/18,"08:15:00",COLISIÓN POR INVASIÓN DE CARRIL,ASFALTO,Bueno,Bueno,3,HYUNDAY,BLANCO,4,MINISTERIO PÚBLICO,,,SIN DATOS,1,0,Morelia,Sin datos,noviembre,sábado,8,-101.279010772705,19.6716454504242
10498,10498,2017,,2017/11/18,"09:40:00",COLISIÓN POR CORTE DE CIRCULACIÓN,CONCRETO,Bueno,Bueno,2,NISSAN,BLANCO Y ROJO,2,,34,MASCULINO,SIN DATOS,0,0,Pátzcuaro,Centro,noviembre,sábado,10,-101.611078977585,19.5162822195865
10499,10499,2017,"171287935",2017/11/18,11:20:00,COLISIÓN POR CORTE DE CIRCULACIÓN,CONCRETO,Bueno,Bueno,2,MERCEDES BENZ,BLANCO,2,,,MASCULINO,SIN DATOS,0,0,Morelia,Vista Bella,noviembre,sábado,11,-101.196784973145,19.6777448223859
10500,10500,2017,"171288234",2017/11/18,12:30:00,COLISIÓN POR ALCANCE,ASFALTO,Bueno,Bueno,2,DODGE,AZUL,2,,34,FEMENINO,SIN DATOS,0,0,Morelia,Lomas de Morelia (Dr Ignacio Chavez),noviembre,sábado,13,-101.175091266632,19.7172474681567
10501,10501,2017,"171288318",2017/11/18,13:30:00,COLISIÓN POR CORTE DE CIRCULACIÓN,CONCRETO,Bueno,Bueno,2,V.W.,AZUL,2,,16,,SIN DATOS,0,0,Morelia,Nueva Valladolid,noviembre,sábado,14,-101.210517883301,19.7000920479494
10502,10502,2017,,2017/11/18,14:00:00,VOLCADURA,CONCRETO,Bueno,Regular,1,NISSAN,BLANCO/NARANJA,4,MINISTERIO PÚBLICO,,,,4,0,Angangueo,El Monumento,noviembre,sábado,14,-100.2854347229,19.6174455650118
10503,10503,2017,,2017/11/18,15:20:00,COLISIÓN CON PEATÓN,ASFALTO,Bueno,Bueno,1,CHEVROLET,BLANCO,2,,62,MASCULINO,SIN DATOS,1,0,Apatzingán,22 de Octubre,noviembre,sábado,15,-102.346841096878,19.0868183517043
10504,10504,2017,"171289382",2017/11/18,16:30:00,COLISIÓN POR ALCANCE,ASFALTO,Bueno,Bueno,2,CHRYSLER,PLATA,2,,,MASCULINO,SIN DATOS,0,0,Morelia,Torreon Nuevo,noviembre,sábado,17,-101.204434633255,19.7478923540157
10506,10506,2017,"171289408",2017/11/18,17:10:00,COLISIÓN POR CORTE DE CIRCULACIÓN,ASFALTO,Bueno,Bueno,2,HONDA,BLANCO,2,,62,MASCULINO,SIN DATOS,0,0,Morelia,Felix Ireta,noviembre,sábado,17,-101.1880838871,19.6897686183991
10507,10507,2017,"171289295",2017/11/18,17:15:00,COLISIÓN POR CAMBIO DE CARRIL,ASFALTO,Bueno,Bueno,2,NISSAN,ROJO/ BLANCO,2,,,MASCULINO,SIN DATOS,0,0,Morelia,Nueva Valladolid,noviembre,sábado,17,-101.208876371384,19.7021475632815
10508,10508,2017,,2017/11/18,18:21:00,COLISIÓN CON PEATÓN,ASFALTO,Bueno,Bueno,1,NISSAN,AZUL,2,MINISTERIO PÚBLICO,57,MASCULINO,SIN DATOS,1,0,Lázaro Cárdenas,1Er Sect de Fidelac,noviembre,sábado,18,-102.198987007141,17.9628126414587
10509,10509,2017,"171289903",2017/11/18,19:55:00,COLISIÓN POR ALCANCE,ASFALTO,Bueno,Bueno,2,CHEVROLET,NEGRO,2,MINISTERIO PÚBLICO,39,MASCULINO,SIN DATOS,0,0,Morelia,La Esperanza,noviembre,sábado,20,-101.252274513245,19.6983142836663
10511,10511,2017,"171290578",2017/11/18,21:50:00,COLISIÓN POR CORTE DE CIRCULACIÓN,ASFALTO,Bueno,Bueno,1,FORD,GRIS,1,,,,SIN DATOS,0,0,Morelia,Victor Manuel Tinoco Rubi,noviembre,sábado,22,-101.243970394135,19.7015869708096
10512,10512,2017,"1712909405",2017/11/19,"00:00:00",COLISIÓN POR ALCANCE,ASFALTO,Bueno,Bueno,3,VOLKWAGEN,MARRON,3,,34,,ALIENTO ETÍLICO,0,0,Morelia,Ana Maria Gallaga (Riviera),noviembre,domingo,0,-101.226718425751,19.6763330215344
10513,10513,2017,"290720",2017/11/19,"00:30:00",COLISIÓN POR ALCANCE,SIN_DATOS,Bueno,Bueno,3,FORD,ROJO,3,,,,SIN DATOS,0,0,Morelia,Tierra Y Libertad,noviembre,domingo,1,-101.223145723343,19.7157287044241
10514,10514,2017,"1712906778",2017/11/19,"01:10:00",COLISIÓN POR NO RESPETAR SEMÁFORO,ASFALTO,Bueno,Bueno,2,VOLKSWAGEN,ROJO,0,MINISTERIO PÚBLICO,,,,0,0,Morelia,Jardines del Rincon,noviembre,domingo,1,-101.150404214859,19.6908393768712
10515,10515,2017,"171290867",2017/11/19,"02:45:00",COLISIÓN CONTRA OBJETO FIJO,ASFALTO,Bueno,Bueno,1,FORD,ROJO,1,,0,,SIN DATOS,0,0,Morelia,Centro,noviembre,domingo,3,-101.183170080185,19.7030616783247
10516,10516,2017,"171290915",2017/11/19,"02:50:00",VOLCADURA,ASFALTO,Bueno,Bueno,1,PEUGEOT,VINO,1,,18,MASCULINO,SIN DATOS,0,0,Morelia,Los Manantiales de Morelia,noviembre,domingo,3,-101.241481304169,19.695586993255
10517,10517,2017,"171382731",2017/11/19,"02:50:00",COLISIÓN POR CORTE DE CIRCULACIÓN,ASFALTO,Bueno,Bueno,2,FORD,BLANCO,0,MINISTERIO PÚBLICO,,,,0,0,Morelia,Vasco de Quiroga,noviembre,domingo,3,-101.175327301025,19.7050161498735
10518,10518,2017,"171290872",2017/11/19,"03:00:00",VOLCADURA,ASFALTO,Bueno,Bueno,1,JEEP,GRIS,0,MINISTERIO PÚBLICO,,,,0,0,Morelia,Las Flores,noviembre,domingo,3,-101.206011772156,19.702496038693
10519,10519,2017,"171291000",2017/11/19,"03:15:00",COLISIÓN CONTRA OBJETO FIJO,ASFALTO,Bueno,Bueno,1,VOLKWAGEN,GRIS,1,,27,MASCULINO,SIN DATOS,0,0,Morelia,Gertrudis Bocanegra,noviembre,domingo,3,-101.207020282745,19.7024758372406