fid,id_accidente,anio_origen,folio_c5i,dia_incidente,hora_ocurrencia,tipo_incidente_vial,superficie_ocurrencia,condiciones_climaticas,condiciones_via,numero_vehiculos_involucrados,marca_vehiculo_ocasiona_siniestro,color_vehiculo_ocasiona_siniestro,numero_personas_involucradas,lugar_remite_presunto_responsable,edad_presunto_responsable,sexo_presunto_responsable,resultados_toxicologia,numero_personas_lesionadas,numero_personas_fallecidas,municipio,colonia,mes,dia_semana,hora_redondeada,lon,lat
10520,10520,2017,"171291016",2017/11/19,"05:55:00",COLISIÓN CONTRA OBJETO FIJO,ASFALTO,Bueno,Bueno,1,DODGE,GRIS/NEGRO,1,,0,,SIN DATOS,0,0,Morelia,San Rafael,noviembre,domingo,6,-101.153891086578,19.6999910391443
10523,10523,2017,"171291123",2017/11/19,"08:05:00",COLISIÓN POR ALCANCE,ASFALTO,Bueno,Bueno,2,FORD,VERDE,2,,0,MASCULINO,SIN DATOS,0,0,Morelia,Jardines de Torremolinos,noviembre,domingo,8,-101.225731372833,19.6769997769751
10524,10524,2017,"171291230",2017/11/19,"08:45:00",COLISIÓN POR CORTE DE CIRCULACIÓN,CONCRETO,Bueno,Bueno,1,CHRYSLER,GUINDA,1,,29,MASCULINO,SIN DATOS,0,0,Morelia,Comision Federal de Electricidad,noviembre,domingo,9,-101.178867816925,19.6815760689818
10525,10525,2017,,2017/11/19,"09:00:00",COLISIÓN POR INVASIÓN DE CARRIL,ASFALTO,Bueno,Bueno,2,NISSAN,BLANCO/NARANJA,2,MINISTERIO PÚBLICO,,,,2,0,Lázaro Cárdenas,Agricola Gordiano Guzman,noviembre,domingo,9,-102.202033996582,18.0251391459923
10526,10526,2017,,2017/11/19,11:02:00,COLISIÓN POR ALCANCE,ASFALTO,Bueno,Regular,2,JEEP,NEGRO,2,,,MASCULINO,SIN DATOS,0,0,Erongarícuaro,Sin datos,noviembre,domingo,11,-101.718506813049,19.5767331087737
10527,10527,2017,,2017/11/19,11:20:00,SALIDA DE SUPERFICIE DE RODAMIENTO,ASFALTO,Bueno,Bueno,1,VOLKSWAGEN,AMARILLO,1,,0,MASCULINO,SIN DATOS,0,0,Huandacareo,Sin datos,noviembre,domingo,11,-101.299524307251,19.9873037514513
10528,10528,2017,"171291580",2017/11/19,11:50:00,COLISIÓN POR CORTE DE CIRCULACIÓN,ASFALTO,Bueno,Bueno,2,CHEVROLET,BCO/AZUL,2,,36,MASCULINO,SIN DATOS,0,0,Morelia,Libertad,noviembre,domingo,12,-101.236975193024,19.6849602184966
10529,10529,2017,,2017/11/19,15:00:00,COLISIÓN POR CAMBIO DE CARRIL,ASFALTO,Bueno,Bueno,2,HONDA,BLANCO,3,,17,MASCULINO,CON CERTIFICADO,1,0,Acuitzio,Sin datos,noviembre,domingo,15,-101.349821090698,19.5254943788355
10530,10530,2017,"171696667",2017/11/19,16:20:00,COLISIÓN POR ALCANCE,ASFALTO,Bueno,Bueno,2,FORD,BLANCO,2,,58,MASCULINO,SIN DATOS,0,0,Morelia,Enrique Arreguin Robles,noviembre,domingo,16,-101.188180446625,19.721363081221
10531,10531,2017,"171292845",2017/11/19,17:25:00,SALIDA DE SUPERFICIE DE RODAMIENTO,ASFALTO,Bueno,Bueno,1,NISSAN,ROJO,2,MINISTERIO PÚBLICO,,,,2,0,Morelia,El Realito,noviembre,domingo,17,-101.20428442955,19.7257260203314
10532,10532,2017,"171292899",2017/11/19,17:35:00,COLISIÓN CONTRA OBJETO FIJO,ASFALTO,Bueno,Bueno,1,V.W.,AZUL,1,,,,SIN DATOS,0,0,Morelia,Dr Miguel Silva,noviembre,domingo,18,-101.183921098709,19.7192472148559
10533,10533,2017,"171292986",2017/11/19,18:00:00,COLISIÓN POR MANIOBRA DE REVERSA,ASFALTO,Bueno,Bueno,2,HONDA,AZUL,2,,46,MASCULINO,SIN DATOS,0,0,Morelia,Chapultepec Oriente,noviembre,domingo,18,-101.161369085312,19.6903646074889
10534,10534,2017,,2017/11/19,18:40:00,COLISIÓN POR ALCANCE,CONCRETO,Bueno,Bueno,2,MERCEDES BENZ,BLANCO,2,,23,MASCULINO,SIN DATOS,0,0,Morelia,Centro,noviembre,domingo,19,-101.190007030964,19.6973420604707
10535,10535,2017,"171293395",2017/11/19,19:28:00,COLISIÓN POR INVASIÓN DE CARRIL,ASFALTO,Bueno,Bueno,2,SUZUKI,NARANJA,2,,26,FEMENINO,SIN DATOS,0,0,Morelia,Montaña Monarca,noviembre,domingo,19,-101.165081262589,19.665937339279
10536,10536,2017,"171293530",2017/11/19,20:10:00,COLISIÓN POR CORTE DE CIRCULACIÓN,ASFALTO,Bueno,Bueno,1,VOLKWAGEN,BLANCO,1,,26,MASCULINO,SIN DATOS,0,0,Morelia,Los Manantiales de Morelia,noviembre,domingo,20,-101.240341365337,19.6927788456815
10537,10537,2017,,2017/11/19,21:45:00,CAIDA DE MOTOCICLETA,ASFALTO,Bueno,Bueno,1,ITALIKA,ROJO,0,,,,,0,0,Zinapécuaro,Sin datos,noviembre,domingo,22,-100.854406356812,19.8602115905581
10538,10538,2017,"171293928",2017/11/19,22:20:00,COLISIÓN POR ALCANCE,ASFALTO,Bueno,Bueno,2,CHRYSLER,AZUL,2,,29,FEMENINO,SIN DATOS,0,0,Morelia,Lomas de Hidalgo,noviembre,domingo,22,-101.158890724182,19.6957486117599
10539,10539,2017,"171294216",2017/11/20,"02:40:00",COLISIÓN POR CAMBIO DE CARRIL,ASFALTO,Bueno,Regular,2,VOLKWAGEN,ORO,2,,56,MASCULINO,CON CERTIFICADO,0,0,Morelia,Santiaguito,noviembre,lunes,3,-101.194489002228,19.7171464701851
10540,10540,2017,"171294394",2017/11/20,"06:50:00",COLISIÓN CONTRA OBJETO FIJO,ASFALTO,Bueno,Bueno,1,FORD,VERDE,0,MINISTERIO PÚBLICO,,,,0,0,Morelia,Tierra Y Libertad,noviembre,lunes,7,-101.230516433716,19.7158082410374
10541,10541,2017,"171294513",2017/11/20,"07:10:00",COLISIÓN POR NO RESPETAR SEMÁFORO,ASFALTO,Bueno,Bueno,2,FORD,AZUL,2,,52,MASCULINO,SIN DATOS,0,0,Morelia,La Esperanza,noviembre,lunes,7,-101.254398822784,19.6979102435749
10542,10542,2017,"171294724",2017/11/20,"08:50:00",COLISIÓN POR CORTE DE CIRCULACIÓN,ASFALTO,Bueno,Bueno,2,ITALIKA,ROJO,2,,20,MASCULINO,SIN DATOS,0,0,Morelia,Solar Torremolinos,noviembre,lunes,9,-101.229636669159,19.6771008002847
10543,10543,2017,,2017/11/20,"09:30:00",COLISIÓN POR INVASIÓN DE CARRIL,ASFALTO,Bueno,Bueno,2,FORD,BLANCO,5,MINISTERIO PÚBLICO,,,SIN DATOS,4,0,Lázaro Cárdenas,Sin datos,noviembre,lunes,10,-102.229306697845,17.9361324606759
10544,10544,2017,"1712294867",2017/11/20,10:00:00,COLISIÓN POR ALCANCE,CONCRETO,Bueno,Bueno,2,CHYSLER,BLANCO,2,MINISTERIO PÚBLICO,57,MASCULINO,SIN DATOS,0,0,Morelia,Tlalpujahua,noviembre,lunes,10,-101.217641830444,19.6760299499623
10545,10545,2017,"171295096",2017/11/20,11:22:00,COLISIÓN POR CAMBIO DE CARRIL,ASFALTO,Bueno,Bueno,2,VOLKWAGEN,VERDE,0,MINISTERIO PÚBLICO,,,,0,0,Morelia,Sin datos,noviembre,lunes,11,-101.277723312378,19.6277130180469
10546,10546,2017,"171295091",2017/11/20,11:50:00,COLISIÓN CON PEATÓN,ASFALTO,Bueno,Bueno,1,HONDA,BLANCO,2,MINISTERIO PÚBLICO,39,MASCULINO,SIN DATOS,1,0,Morelia,Fracc Arkos San Juan,noviembre,lunes,12,-101.28675699234,19.6899908518785
10547,10547,2017,"171295137",2017/11/20,11:50:00,COLISIÓN CON PEATÓN,ASFALTO,Bueno,Bueno,1,FORD,PLATA,2,,32,FEMENINO,SIN DATOS,1,0,Morelia,Felix Ireta,noviembre,lunes,12,-101.188196539879,19.6816316302227
10548,10548,2017,"171263852",2017/11/20,13:30:00,COLISIÓN POR CORTE DE CIRCULACIÓN,ASFALTO,Bueno,Bueno,2,CARABELA,AMARILLO,2,,23,MASCULINO,SIN DATOS,0,0,Morelia,Primo Tapia,noviembre,lunes,14,-101.212390065193,19.7093290336107
10549,10549,2017,,2017/11/20,14:40:00,COLISIÓN CONTRA OBJETO FIJO,ASFALTO,Bueno,Bueno,1,NISSAN,BLANCO,2,MINISTERIO PÚBLICO,,,,1,1,Morelia,Indeco Santiaguito,noviembre,lunes,15,-101.178755164146,19.7202723278335
10550,10550,2017,"171827623",2017/11/20,15:20:00,COLISIÓN CONTRA OBJETO FIJO,CONCRETO,Bueno,Bueno,1,VOLKSWAGEN,GRIS,1,,39,MASCULINO,SIN DATOS,0,0,Morelia,Arboledas de Valladolid,noviembre,lunes,15,-101.250402331352,19.6945112159231
10551,10551,2017,"171296268",2017/11/20,16:15:00,COLISIÓN POR ALCANCE,ASFALTO,Bueno,Bueno,2,NISSAN,ROJO,2,,58,MASCULINO,SIN DATOS,0,0,Charo,La Goleta,noviembre,lunes,16,-101.081192493439,19.7392786499958
10552,10552,2017,"171297000",2017/11/20,20:00:00,COLISIÓN CON PEATÓN,ASFALTO,Bueno,Bueno,1,PEUGEOT,BLANCO,1,,0,MASCULINO,SIN DATOS,0,0,Morelia,2 de Octubre,noviembre,lunes,20,-101.38619184494,19.6677659775436
10553,10553,2017,,2017/11/20,21:00:00,SALIDA DE SUPERFICIE DE RODAMIENTO,ASFALTO,Bueno,Regular,1,NISSAN,BLANCO Y ROJO,1,,27,MASCULINO,SIN DATOS,0,0,Santa Ana Maya,Sin datos,noviembre,lunes,21,-101.035723686218,20.0196857994689
10554,10554,2017,"171297473",2017/11/20,21:30:00,COLISIÓN POR CAMBIO DE CARRIL,CONCRETO,Bueno,Bueno,2,SIN DATOS,SIN DATOS,2,,0,,SIN DATOS,0,0,Morelia,Ferrocarrilero,noviembre,lunes,22,-101.216621249914,19.6983382735146
10555,10555,2017,"171297491",2017/11/20,22:35:00,COLISIÓN POR ALCANCE,ASFALTO,Bueno,Bueno,2,CHEVROLET,ROJO,2,,44,MASCULINO,SIN DATOS,0,0,Morelia,Isaac Arriaga,noviembre,lunes,23,-101.166036128998,19.7100916039993
10556,10556,2017,,2017/11/20,23:30:00,COLISIÓN POR CORTE DE CIRCULACIÓN,CONCRETO,Bueno,Bueno,2,YAMAHA,AZUL,5,MINISTERIO PÚBLICO,16,MASCULINO,SIN DATOS,3,0,Sahuayo,Santuario,noviembre,lunes,0,-102.722082138062,20.0624819722333
10557,10557,2017,"171298847",2017/11/21,"00:00:00",COLISIÓN POR ALCANCE,CONCRETO,Bueno,Bueno,2,FORD,BLANCO,2,,47,MASCULINO,SIN DATOS,0,0,Morelia,Ferrocarrilero,noviembre,martes,0,-101.21400475502,19.7007991077996
10558,10558,2017,,2017/11/21,"08:30:00",CAIDA DE MOTOCICLETA,ASFALTO,Bueno,Bueno,1,BAJAJ,NEGRO,2,,28,MASCULINO,SIN DATOS,1,0,Morelia,San Pascual,noviembre,martes,9,-101.267950683832,19.695184208927
10559,10559,2017,,2017/11/21,"08:30:00",SALIDA DE SUPERFICIE DE RODAMIENTO,ASFALTO,Bueno,Bueno,1,NISSAN,AZUL,0,,,,,0,0,Pátzcuaro,2A de San Lazaro,noviembre,martes,9,-101.608034670353,19.5063565669725
10561,10561,2017,,2017/11/21,"09:00:00",COLISIÓN POR CORTE DE CIRCULACIÓN,ASFALTO,Bueno,Regular,1,CHEVROLET,BLANCO,1,,30,MASCULINO,SIN DATOS,0,0,Copándaro,Sin datos,noviembre,martes,9,-101.233348846436,19.9014571308911
10562,10562,2017,"171298453",2017/11/21,"09:20:00",COLISIÓN POR CORTE DE CIRCULACIÓN,ASFALTO,Bueno,Bueno,2,VOLKSWAGEN,NEGRO,2,,35,FEMENINO,SIN DATOS,0,0,Morelia,Primo Tapia Oriente,noviembre,martes,9,-101.15960419178,19.7146871498838
10563,10563,2017,"171298320",2017/11/21,"09:25:00",COLISIÓN POR CORTE DE CIRCULACIÓN,ASFALTO,Bueno,Regular,2,DODGE,GRIS,2,MINISTERIO PÚBLICO,,,,2,0,Morelia,Sin datos,noviembre,martes,9,-101.263582706451,19.6394146890112
10564,10564,2017,"171298231",2017/11/21,"09:30:00",COLISIÓN POR CORTE DE CIRCULACIÓN,SIN_DATOS,Bueno,Regular,2,NISSAN,PLATA,2,,48,MASCULINO,SIN DATOS,0,0,Morelia,La Hacienda,noviembre,martes,10,-101.315409690142,19.6850296685774
10565,10565,2017,"1711298276",2017/11/21,"09:30:00",COLISIÓN POR CORTE DE CIRCULACIÓN,CONCRETO,Bueno,Bueno,2,BAJAJ,AZUL,2,,29,MASCULINO,SIN DATOS,0,0,Morelia,Cuauhtemoc,noviembre,martes,10,-101.178975105286,19.694804151312
10566,10566,2017,"171298471",2017/11/21,10:00:00,COLISIÓN CON PEATÓN,ASFALTO,Bueno,Bueno,2,SIN DATOS,NARANJA,1,,31,MASCULINO,SIN DATOS,0,0,Morelia,Fuentes de Valladolid,noviembre,martes,10,-101.221461296082,19.6729385871845
10567,10567,2017,,2017/11/21,11:00:00,COLISIÓN POR CORTE DE CIRCULACIÓN,ASFALTO,Bueno,Regular,2,ITALIKA,ROJO,2,,55,MASCULINO,SIN DATOS,0,0,Apatzingán,Francisco Villa,noviembre,martes,11,-102.361378669739,19.0883696128712
10568,10568,2017,"171298883",2017/11/21,12:15:00,COLISIÓN POR NO RESPETAR SEMÁFORO,ASFALTO,Bueno,Bueno,2,VOLKWAGEN,PLATA,1,,,,,1,0,Morelia,San Rafael,noviembre,martes,12,-101.153824031353,19.6998016474629
10569,10569,2017,"171299106",2017/11/21,12:50:00,COLISIÓN CON PEATÓN,ASFALTO,Bueno,Bueno,1,CHEVROLET,ROJO,1,,46,MASCULINO,SIN DATOS,0,0,Morelia,Felix Ireta,noviembre,martes,13,-101.19167804718,19.6826165762958
10570,10570,2017,"171300480",2017/11/21,13:00:00,COLISIÓN POR MANIOBRA DE REVERSA,ASFALTO,Bueno,Bueno,2,SIN DATOS,SIN DATOS,2,,0,,SIN DATOS,0,0,Morelia,Rinconada del Valle,noviembre,martes,13,-101.219004392624,19.6782726660207
10571,10571,2017,"171300819",2017/11/21,15:10:00,COLISIÓN POR ALCANCE,CONCRETO,Bueno,Bueno,2,MERCEDES BENZ,BLANCO,2,,41,MASCULINO,SIN DATOS,0,0,Morelia,Trincheras de Morelos,noviembre,martes,15,-101.186490654945,19.6652149709024
10572,10572,2017,"171299781",2017/11/21,15:20:00,COLISIÓN CONTRA OBJETO FIJO,CONCRETO,Bueno,Bueno,2,VOLKWAGEN,BLANCO/VERDE,2,,63,MASCULINO,SIN DATOS,0,0,Morelia,Arboledas de Valladolid,noviembre,martes,15,-101.250375509262,19.6944985893857
10573,10573,2017,"171299825",2017/11/21,15:30:00,COLISIÓN POR CAMBIO DE CARRIL,ASFALTO,Bueno,Bueno,2,INTERNATIONAL,CAFE,2,,26,MASCULINO,SIN DATOS,0,0,Morelia,Los Manantiales de Morelia,noviembre,martes,16,-101.242897510529,19.7003748722644
10574,10574,2017,"171510409",2017/11/21,16:20:00,COLISIÓN POR ALCANCE,ASFALTO,Bueno,Bueno,2,HONDA,BLANCO,2,,59,MASCULINO,SIN DATOS,0,0,Morelia,Bosques Tres Marias,noviembre,martes,16,-101.10403418541,19.7244434093891
10575,10575,2017,"171300339",2017/11/21,17:10:00,COLISIÓN POR CORTE DE CIRCULACIÓN,ASFALTO,Bueno,Bueno,2,MERCEDES BENZ,BLANCO/NARANJA,2,,25,MASCULINO,SIN DATOS,0,0,Morelia,Irrigacion,noviembre,martes,17,-101.221386194229,19.7053646190369
10576,10576,2017,"171300408",2017/11/21,17:20:00,COLISIÓN POR CORTE DE CIRCULACIÓN,SIN_DATOS,Bueno,Bueno,2,HONDA,BLANCO,2,,39,FEMENINO,SIN DATOS,0,0,Morelia,Montaña Monarca,noviembre,martes,17,-101.164791584015,19.6657857937355
10577,10577,2017,,2017/11/21,17:50:00,COLISIÓN POR CORTE DE CIRCULACIÓN,ASFALTO,Bueno,Bueno,2,CHEVROLET,BLANCO,2,,26,FEMENINO,SIN DATOS,0,0,Morelia,El Porvenir,noviembre,martes,18,-101.202173531055,19.7096762308444
10578,10578,2017,"1713000532",2017/11/21,18:25:00,COLISIÓN POR ALCANCE,ASFALTO,Bueno,Bueno,2,MAZDA,AZUL,2,,45,FEMENINO,SIN DATOS,0,0,Morelia,Centro,noviembre,martes,18,-101.196908354759,19.7020364550197
10579,10579,2017,"17112982300",2017/11/21,18:40:00,COLISIÓN POR CORTE DE CIRCULACIÓN,CONCRETO,Bueno,Bueno,2,NISSAN,VERDE,2,,51,FEMENINO,SIN DATOS,0,0,Morelia,Vista Bella,noviembre,martes,19,-101.196784973145,19.6785959378188
10580,10580,2017,LEG11081,2017/11/21,19:40:00,CAIDA DE MOTOCICLETA,CONCRETO,Bueno,Bueno,1,YAMAHA,BLANCO,1,,49,MASCULINO,SIN DATOS,0,0,Morelia,Primaveras,noviembre,martes,20,-101.225731372833,19.6814144361711
10582,10582,2017,"171301175",2017/11/21,20:50:00,COLISIÓN POR ALCANCE,ASFALTO,Bueno,Bueno,2,LINCOLN,NEGRO,2,,48,MASCULINO,SIN DATOS,0,0,Morelia,Vista Bella,noviembre,martes,21,-101.197595000267,19.6803739210483
10583,10583,2017,"1713011272",2017/11/21,21:15:00,COLISIÓN POR ALCANCE,ASFALTO,Bueno,Bueno,2,CHEVROLET,BLANCO,2,,45,MASCULINO,SIN DATOS,0,0,Morelia,Camelinas,noviembre,martes,21,-101.17112159729,19.6822023945825
10584,10584,2017,"171301140",2017/11/21,21:15:00,COLISIÓN POR CAMBIO DE CARRIL,CONCRETO,Bueno,Bueno,2,DODGE,AMARILLO,2,,53,MASCULINO,SIN DATOS,0,0,Morelia,Centro,noviembre,martes,21,-101.189424991608,19.7060716555865
10585,10585,2017,"171301316",2017/11/21,21:50:00,COLISIÓN POR ALCANCE,ASFALTO,Bueno,Bueno,2,CHEVROLET,BLANCO,2,,28,MASCULINO,SIN DATOS,0,0,Morelia,Tzindurio de Morelos,noviembre,martes,22,-101.244013309479,19.7001122497027
10586,10586,2017,"171301377",2017/11/21,22:15:00,VOLCADURA,ASFALTO,Bueno,Bueno,2,NISSAN,BLANCO/NEGRO,2,,25,MASCULINO,SIN DATOS,0,0,Morelia,Guadalupe,noviembre,martes,22,-101.225591897964,19.7067988899203
10587,10587,2017,"171301406",2017/11/21,22:40:00,COLISIÓN POR CORTE DE CIRCULACIÓN,ASFALTO,Bueno,Bueno,2,VOLKSWAGEN,GRIS,2,MINISTERIO PÚBLICO,49,MASCULINO,ALIENTO ETÍLICO,0,0,Morelia,Vista Bella,noviembre,martes,23,-101.197589635849,19.6795303916922
10589,10589,2017,"171301512",2017/11/22,"00:10:00",COLISIÓN CONTRA OBJETO FIJO,ASFALTO,Bueno,Bueno,1,SMART,BLANCO,1,,30,FEMENINO,SIN DATOS,0,0,Morelia,Victor Manuel Tinoco Rubi,noviembre,miércoles,0,-101.242725849152,19.7006172927079
10590,10590,2017,,2017/11/22,"05:45:00",COLISIÓN CONTRA OBJETO FIJO,ASFALTO,Bueno,Regular,1,DODGE,AZUL,1,,43,MASCULINO,SIN DATOS,0,0,Morelia,Centro,noviembre,miércoles,6,-101.191211342812,19.6959809380749
10591,10591,2017,,2017/11/22,"07:00:00",CAIDA DE MOTOCICLETA,ASFALTO,Bueno,Bueno,1,YAMAHA,AZUL,1,,37,MASCULINO,SIN DATOS,0,0,Morelia,El Realito,noviembre,miércoles,7,-101.202964782715,19.7254028437413
10592,10592,2017,"171302040",2017/11/22,"09:15:00",COLISIÓN POR CAMBIO DE CARRIL,CONCRETO,Bueno,Bueno,2,RENAULT,AMARILLO,2,,30,MASCULINO,SIN DATOS,0,0,Morelia,Las Flores,noviembre,miércoles,9,-101.204335391521,19.7075362213555
10593,10593,2017,"171302294",2017/11/22,"09:30:00",COLISIÓN POR CAMBIO DE CARRIL,ASFALTO,Bueno,Bueno,2,BAJAJ,AMARILLO,3,MINISTERIO PÚBLICO,,MASCULINO,SIN DATOS,1,0,Morelia,Lomas de La Maestranza,noviembre,miércoles,10,-101.331689357758,19.6845157372662
10594,10594,2017,"171302032",2017/11/22,"09:30:00",COLISIÓN POR ALCANCE,CONCRETO,Bueno,Bueno,2,FORD,AZUL,2,,27,FEMENINO,SIN DATOS,0,0,Morelia,Industrial,noviembre,miércoles,10,-101.197549402714,19.7118515621753
10595,10595,2017,,2017/11/22,"09:30:00",COLISIÓN POR INVASIÓN DE CARRIL,ASFALTO,Bueno,Bueno,2,NISSAN,ROJO,2,,52,MASCULINO,SIN DATOS,0,0,Apatzingán,Morelos,noviembre,miércoles,10,-102.365305423737,19.0891705851698
10596,10596,2017,"171302015",2017/11/22,10:00:00,COLISIÓN POR CORTE DE CIRCULACIÓN,ASFALTO,Bueno,Bueno,2,SUZUKI,ROJO,2,MINISTERIO PÚBLICO,23,MASCULINO,SIN DATOS,0,0,Morelia,Pascual Ortiz de Ayala,noviembre,miércoles,10,-101.15086555481,19.6949405176033
10597,10597,2017,"171302216",2017/11/22,10:30:00,COLISIÓN CONTRA OBJETO FIJO,SIN_DATOS,Bueno,Bueno,1,VOLKSWAGEN,NEGRO,1,,25,MASCULINO,SIN DATOS,0,0,Morelia,Centenario (Los Alamos Ii),noviembre,miércoles,11,-101.175820827484,19.7354412113557
10598,10598,2017,"171302384",2017/11/22,10:40:00,COLISIÓN CONTRA OBJETO FIJO,CONCRETO,Bueno,Bueno,1,PLYMOUTH,VERDE,1,,,FEMENINO,SIN DATOS,0,0,Morelia,El Parian,noviembre,miércoles,11,-101.267283282392,19.6846601603929
10599,10599,2017,"171302299",2017/11/22,11:15:00,COLISIÓN POR NO RESPETAR SEMÁFORO,ASFALTO,Bueno,Bueno,2,NISSAN,BLANCO,2,,35,FEMENINO,SIN DATOS,0,0,Morelia,Felix Ireta,noviembre,miércoles,11,-101.195690631866,19.6817275995936
10600,10600,2017,"171302345",2017/11/22,11:45:00,COLISIÓN POR CORTE DE CIRCULACIÓN,CONCRETO,Bueno,Bueno,2,VOLKSWAGEN,BLANCO,2,,,FEMENINO,SIN DATOS,0,0,Morelia,Ventura Puente,noviembre,miércoles,12,-101.190690994263,19.6911626233045
10601,10601,2017,,2017/11/22,14:10:00,COLISIÓN POR CORTE DE CIRCULACIÓN,ASFALTO,Bueno,Bueno,1,TOYOTA,VERDE,8,MINISTERIO PÚBLICO,,,,8,0,Ocampo,Sin datos,noviembre,miércoles,14,-100.286207199097,19.5694951595218
10602,10602,2017,"171852351",2017/11/22,14:20:00,SALIDA DE SUPERFICIE DE RODAMIENTO,ASFALTO,Bueno,Bueno,1,SIN DATOS,AZUL,0,,,,,0,0,Morelia,Ciudad Industrial,noviembre,miércoles,14,-101.143119335175,19.7252614537776
10603,10603,2017,,2017/11/22,14:40:00,COLISIÓN CON PEATÓN,ASFALTO,Bueno,Bueno,1,ITALIKA,ROJO,2,MINISTERIO PÚBLICO,26,MASCULINO,SIN DATOS,1,0,Lázaro Cárdenas,Centro,noviembre,miércoles,15,-102.193204164505,17.9551886853326
10604,10604,2017,"171303226",2017/11/22,15:25:00,COLISIÓN POR CORTE DE CIRCULACIÓN,CONCRETO,Bueno,Bueno,2,BAJAJ,AZUL,2,,23,MASCULINO,SIN DATOS,0,0,Morelia,Ferrocarrilero,noviembre,miércoles,15,-101.216070055962,19.6988849885572
10605,10605,2017,"171303573",2017/11/22,17:05:00,COLISIÓN POR ALCANCE,CONCRETO,Bueno,Bueno,2,VOLKWAGEN,NEGRO,2,,0,MASCULINO,SIN DATOS,0,0,Morelia,Nueva Chapultepec,noviembre,miércoles,17,-101.172301769257,19.690314100025
10606,10606,2017,,2017/11/22,17:55:00,COLISIÓN POR CAMBIO DE CARRIL,ASFALTO,Bueno,Bueno,2,MERCEDES BENZ,BLANCO,2,,45,MASCULINO,SIN DATOS,0,0,Morelia,Americas Britania,noviembre,miércoles,18,-101.148344278336,19.6930818855607
10607,10607,2017,"171303921",2017/11/22,18:49:00,COLISIÓN POR INVASIÓN DE CARRIL,ASFALTO,Bueno,Bueno,2,MERCEDES BENZ,BLANCO,2,,33,MASCULINO,SIN DATOS,0,0,Morelia,Molino de Parras,noviembre,miércoles,19,-101.202728748322,19.6952334522064
10608,10608,2017,,2017/11/22,19:30:00,COLISIÓN POR CORTE DE CIRCULACIÓN,CONCRETO,Bueno,Bueno,2,CHEVROLET,BLANCO,2,,26,MASCULINO,SIN DATOS,0,0,Pátzcuaro,Centro,noviembre,miércoles,20,-101.607173681259,19.5237450190637
10609,10609,2017,"171304153",2017/11/22,19:40:00,COLISIÓN POR CORTE DE CIRCULACIÓN,CONCRETO,Bueno,Bueno,2,VOLKSWAGEN,BLANCO,2,,34,MASCULINO,SIN DATOS,0,0,Morelia,Industrial,noviembre,miércoles,20,-101.199188232422,19.7108440705538
10610,10610,2017,"171104343",2017/11/22,20:00:00,COLISIÓN POR CORTE DE CIRCULACIÓN,ASFALTO,Bueno,Bueno,2,TOYOTA,ROJO,2,,17,FEMENINO,SIN DATOS,0,0,Morelia,Paraiso del Sur,noviembre,miércoles,20,-101.195787191391,19.6578648139431
10611,10611,2017,,2017/11/23,"01:00:00",COLISIÓN POR ALCANCE,ASFALTO,Bueno,Regular,2,TOYOTA,GRIS,1,,0,MASCULINO,SIN DATOS,0,0,Pátzcuaro,San Lazaro,noviembre,jueves,1,-101.609963178635,19.5062857756166
10612,10612,2017,"171305073",2017/11/23,"05:20:00",COLISIÓN POR ALCANCE,ASFALTO,Bueno,Bueno,2,HONDA,ROJO,2,,27,MASCULINO,ALIENTO ETÍLICO,0,0,Morelia,San Jose Itzicuaro,noviembre,jueves,5,-101.304566860199,19.6879099263123
10613,10613,2017,"171305097",2017/11/23,"06:20:00",SALIDA DE SUPERFICIE DE RODAMIENTO,ASFALTO,Bueno,Bueno,1,NISSAN,GRIS,1,,23,MASCULINO,SIN DATOS,0,0,Morelia,Sin datos,noviembre,jueves,6,-101.290941238403,19.6003047335686
10614,10614,2017,"171305366",2017/11/23,"09:15:00",COLISIÓN POR ALCANCE,CONCRETO,Bueno,Bueno,4,NISSAN,GRIS,4,MINISTERIO PÚBLICO,17,FEMENINO,SIN DATOS,0,0,Morelia,Comision Federal de Electricidad,noviembre,jueves,9,-101.177487820387,19.6816972934827
10615,10615,2017,,2017/11/23,"09:30:00",COLISIÓN POR ALCANCE,ASFALTO,Bueno,Bueno,2,TOYOTA,BLANCO/GRIS,2,,39,MASCULINO,SIN DATOS,0,0,Morelia,Felix Ireta,noviembre,jueves,10,-101.195755004883,19.6815558648894
10616,10616,2017,"171305487",2017/11/23,"09:40:00",COLISIÓN POR CORTE DE CIRCULACIÓN,CONCRETO,Bueno,Regular,2,NISSAN,BLANCO,2,,27,MASCULINO,SIN DATOS,0,0,Morelia,Felix Ireta,noviembre,jueves,10,-101.192037463188,19.6880210443804
10617,10617,2017,,2017/11/23,"09:55:00",COLISIÓN POR ALCANCE,ASFALTO,Bueno,Bueno,1,NISSAN,BLANCO Y NARANJA,2,,39,MASCULINO,SIN DATOS,1,0,Pátzcuaro,Centro,noviembre,jueves,10,-101.608418226242,19.5165855921378