fid,id_accidente,anio_origen,folio_c5i,dia_incidente,hora_ocurrencia,tipo_incidente_vial,superficie_ocurrencia,condiciones_climaticas,condiciones_via,numero_vehiculos_involucrados,marca_vehiculo_ocasiona_siniestro,color_vehiculo_ocasiona_siniestro,numero_personas_involucradas,lugar_remite_presunto_responsable,edad_presunto_responsable,sexo_presunto_responsable,resultados_toxicologia,numero_personas_lesionadas,numero_personas_fallecidas,municipio,colonia,mes,dia_semana,hora_redondeada,lon,lat
10618,10618,2017,"171305680",2017/11/23,10:40:00,COLISIÓN POR ALCANCE,ASFALTO,Bueno,Bueno,2,TOYOTA,BLANCO/GRIS,2,,42,MASCULINO,SIN DATOS,0,0,Morelia,Alberto Oviedo Mota,noviembre,jueves,11,-101.197299957275,19.6811820887201
10619,10619,2017,"171305801",2017/11/23,11:30:00,COLISIÓN POR INVASIÓN DE CARRIL,ASFALTO,Bueno,Bueno,2,FORD,BLANCO,2,,53,MASCULINO,SIN DATOS,0,0,Morelia,Primo Tapia Oriente,noviembre,jueves,12,-101.160907745361,19.7125762452064
10620,10620,2017,"171306073",2017/11/23,12:25:00,COLISIÓN POR ALCANCE,ASFALTO,Bueno,Bueno,2,CHEVROLET,VERDE,2,MINISTERIO PÚBLICO,24,MASCULINO,SIN DATOS,0,0,Morelia,Los Manantiales de Morelia,noviembre,jueves,12,-101.242468357086,19.6979304456037
10621,10621,2017,"171306110",2017/11/23,12:35:00,COLISIÓN POR NO RESPETAR SEMÁFORO,ASFALTO,Bueno,Bueno,2,CHEVROLET,ARENA,2,,43,FEMENINO,SIN DATOS,0,0,Morelia,Felix Ireta,noviembre,jueves,13,-101.191817522049,19.6824852505027
10622,10622,2017,"171306460",2017/11/23,13:40:00,COLISIÓN POR ALCANCE,CONCRETO,Bueno,Bueno,2,MAZDA,GRIS,2,,32,MASCULINO,SIN DATOS,0,0,Morelia,Ventura Puente,noviembre,jueves,14,-101.188040971756,19.6924050957072
10623,10623,2017,,2017/11/23,14:30:00,COLISIÓN POR ALCANCE,ASFALTO,Bueno,Bueno,2,ACURA,BLANCO,2,,40,MASCULINO,SIN DATOS,0,0,Morelia,Residencial Alborada,noviembre,jueves,15,-101.234636306763,19.7026172473538
10625,10625,2017,"171306511",2017/11/23,15:50:00,COLISIÓN POR CAMBIO DE CARRIL,CONCRETO,Bueno,Bueno,2,NISSAN,PLATA,2,,77,MASCULINO,SIN DATOS,0,0,Morelia,Felix Ireta,noviembre,jueves,16,-101.184167861938,19.6891221192509
10626,10626,2017,"171306941",2017/11/23,16:00:00,COLISIÓN POR ALCANCE,ASFALTO,Bueno,Bueno,2,FREIGHTLINER,ROJO,2,,31,MASCULINO,SIN DATOS,0,0,Morelia,Los Manantiales de Morelia,noviembre,jueves,16,-101.240386962891,19.6930010749823
10627,10627,2017,"171307068",2017/11/23,17:00:00,COLISIÓN POR CAMBIO DE CARRIL,ASFALTO,Bueno,Bueno,2,MAN,NARANJA,2,,,MASCULINO,SIN DATOS,0,0,Morelia,Barrio Alto,noviembre,jueves,17,-101.197214126587,19.725564432118
10628,10628,2017,"173306990",2017/11/23,17:00:00,COLISIÓN CONTRA OBJETO FIJO,ASFALTO,Bueno,Bueno,2,FORD,BLANCO,1,,58,MASCULINO,SIN DATOS,0,0,Morelia,Plan de La Garita,noviembre,jueves,17,-101.18838429451,19.7107683190475
10629,10629,2017,"171306014",2017/11/23,17:10:00,COLISIÓN POR CORTE DE CIRCULACIÓN,ASFALTO,Bueno,Bueno,2,FORD,AMARILLO,2,,31,MASCULINO,SIN DATOS,0,0,Tarímbaro,Sin datos,noviembre,jueves,17,-101.159534454346,19.7681574649637
10630,10630,2017,"171307071",2017/11/23,17:30:00,COLISIÓN POR ALCANCE,CONCRETO,Bueno,Bueno,2,CHEVROLET,ROJO,2,,20,MASCULINO,SIN DATOS,0,0,Morelia,Vasco de Quiroga,noviembre,jueves,18,-101.170670986176,19.6972839794175
10631,10631,2017,,2017/11/23,20:15:00,COLISIÓN CONTRA OBJETO FIJO,ASFALTO,Bueno,Bueno,1,FORD,BLANCO,1,,44,MASCULINO,SIN DATOS,0,0,Morelia,Cuauhtemoc,noviembre,jueves,20,-101.18435561657,19.6947889994947
10632,10632,2017,,2017/11/23,23:40:00,COLISIÓN POR CORTE DE CIRCULACIÓN,CONCRETO,Bueno,Bueno,2,ITALIKA,ROJO,2,MINISTERIO PÚBLICO,19,MASCULINO,SIN DATOS,1,0,Morelia,Las Americas,noviembre,jueves,0,-101.158912181854,19.688111959106
10633,10633,2017,"171308291",2017/11/24,"01:25:00",COLISIÓN POR NO RESPETAR SEMÁFORO,ASFALTO,Bueno,Bueno,2,NISSAN,BLANCO Y ROJO,2,MINISTERIO PÚBLICO,30,MASCULINO,SIN DATOS,0,0,Morelia,Felix Ireta,noviembre,viernes,1,-101.181421279907,19.681586171027
10634,10634,2017,"171302406",2017/11/24,"01:50:00",SUBIDA AL CAMELLÓN,SIN_DATOS,Bueno,Bueno,1,W.V,AMARILLO,1,,35,FEMENINO,ALIENTO ETÍLICO,0,0,Morelia,Felix Ireta,noviembre,viernes,2,-101.191956996918,19.6825155564645
10635,10635,2017,"171308488",2017/11/24,"08:15:00",COLISIÓN POR CORTE DE CIRCULACIÓN,ASFALTO,Bueno,Bueno,1,PONTIAC,AZUL,1,,,,SIN DATOS,0,0,Morelia,Lomas del Tecnologico,noviembre,viernes,8,-101.188395023346,19.721282284929
10636,10636,2017,"171308509",2017/11/24,"09:20:00",COLISIÓN POR CORTE DE CIRCULACIÓN,ASFALTO,Bueno,Bueno,2,KURAZAI,ROJO,2,MINISTERIO PÚBLICO,16,MASCULINO,SIN DATOS,0,0,Morelia,Paraiso del Sur,noviembre,viernes,9,-101.195760369301,19.6577991409193
10637,10637,2017,,2017/11/24,"09:25:00",SUBIDA AL CAMELLÓN,ASFALTO,Bueno,Bueno,1,FORD,CAFE,1,,56,MASCULINO,SIN DATOS,0,0,Morelia,Dr Miguel Silva,noviembre,viernes,9,-101.184639930725,19.7196865497942
10638,10638,2017,"171308881",2017/11/24,10:40:00,COLISIÓN POR CAMBIO DE CARRIL,ASFALTO,Bueno,Bueno,2,CHEVROLET,ROJO,2,,52,MASCULINO,SIN DATOS,0,0,Morelia,Villas de La Esperanza,noviembre,viernes,11,-101.276124715805,19.6925768187767
10639,10639,2017,"171309220",2017/11/24,12:35:00,COLISIÓN POR CORTE DE CIRCULACIÓN,ASFALTO,Bueno,Bueno,2,NISSAN,BLANCO/GRIS,2,,25,MASCULINO,SIN DATOS,0,0,Morelia,Cinco de Diciembre,noviembre,viernes,13,-101.16605758667,19.6843339036801
10640,10640,2017,"171309763",2017/11/24,15:10:00,COLISIÓN POR CAMBIO DE CARRIL,ASFALTO,Bueno,Bueno,2,MERCEDEZ BENZ,BLANCO/AZUL,2,,18,MASCULINO,SIN DATOS,0,0,Morelia,Centro,noviembre,viernes,15,-101.196935176849,19.7031525845076
10641,10641,2017,"171309864",2017/11/24,15:20:00,COLISIÓN CON PEATÓN,ASFALTO,Bueno,Bueno,1,NISSAN,PLATA,2,MINISTERIO PÚBLICO,70,MASCULINO,SIN DATOS,1,0,Morelia,Vista Bella,noviembre,viernes,15,-101.194767951965,19.6812427011311
10642,10642,2017,,2017/11/24,15:25:00,COLISIÓN POR CAMBIO DE CARRIL,ASFALTO,Bueno,Bueno,2,NISSAN,BLANCO,2,,26,MASCULINO,SIN DATOS,0,0,Morelia,Sin datos,noviembre,viernes,15,-101.338877677917,19.552652528074
10643,10643,2017,"171309855",2017/11/24,15:30:00,COLISIÓN POR NO RESPETAR SEMÁFORO,ASFALTO,Bueno,Bueno,2,NISSAN,BLANCO,2,MINISTERIO PÚBLICO,36,MASCULINO,SIN DATOS,0,0,Morelia,Bosques de Oriente,noviembre,viernes,16,-101.155457496643,19.7158890400961
10644,10644,2017,,2017/11/24,15:35:00,COLISIÓN POR CAMBIO DE CARRIL,ASFALTO,Bueno,Bueno,2,DODGE,BLANCO,2,,58,MASCULINO,SIN DATOS,0,0,Morelia,Alberto Oviedo Mota,noviembre,viernes,16,-101.202149391174,19.67753519979
10645,10645,2017,"171310048",2017/11/24,16:10:00,COLISIÓN POR ALCANCE,ASFALTO,Bueno,Bueno,2,JEEP,NEGRO,2,,57,MASCULINO,ALIENTO ETÍLICO,0,0,Morelia,Primaveras,noviembre,viernes,16,-101.225716620684,19.6806997141315
10646,10646,2017,"171310024",2017/11/24,16:10:00,COLISIÓN POR CORTE DE CIRCULACIÓN,ASFALTO,Bueno,Bueno,2,NISSAN,ROJO,2,,63,MASCULINO,SIN DATOS,0,0,Morelia,Tenencia Morelos,noviembre,viernes,16,-101.246953010559,19.6499030267931
10647,10647,2017,"171311198",2017/11/24,21:25:00,COLISIÓN POR INVASIÓN DE CARRIL,ASFALTO,Bueno,Bueno,2,VOLKSWAGEN,NEGRO,2,,34,MASCULINO,SIN DATOS,0,0,Morelia,Libertad,noviembre,viernes,21,-101.234732866287,19.6858441263686
10648,10648,2017,,2017/11/24,21:35:00,COLISIÓN POR INVASIÓN DE CARRIL,ASFALTO,Bueno,Bueno,2,NISSAN,BLANCO/ROJO,2,,20,MASCULINO,SIN DATOS,0,0,Morelia,Sin datos,noviembre,viernes,22,-101.118786334991,19.6884958207118
10649,10649,2017,"171311335",2017/11/24,21:55:00,COLISIÓN CONTRA OBJETO FIJO,ASFALTO,Bueno,Bueno,1,NISSAN,ROJO,1,,36,MASCULINO,ALIENTO ETÍLICO,0,0,Morelia,Sentimientos de La Nacion,noviembre,viernes,22,-101.235473155975,19.6814851505458
10650,10650,2017,"171311582",2017/11/24,22:30:00,COLISIÓN POR ALCANCE,ASFALTO,Bueno,Bueno,1,RENAULT,GRIS,1,,49,MASCULINO,ALIENTO ETÍLICO,0,0,Morelia,Sentimientos de La Nacion,noviembre,viernes,23,-101.235322952271,19.681384130001
10651,10651,2017,"171314129",2017/11/25,"00:00:00",COLISIÓN CONTRA OBJETO FIJO,ASFALTO,Bueno,Bueno,1,FORD,BLANCO,1,,50,MASCULINO,SIN DATOS,0,0,Morelia,Tenencia Morelos,noviembre,sábado,0,-101.247038841248,19.6498019863462
10652,10652,2017,"171316706",2017/11/25,"00:00:00",COLISIÓN POR ALCANCE,ASFALTO,Bueno,Bueno,1,VOLKWAGEN,MORADO,2,,26,MASCULINO,SIN DATOS,1,0,Tarímbaro,Sin datos,noviembre,sábado,0,-101.159062385559,19.7679353401869
10654,10654,2017,"171311618",2017/11/25,"01:30:00",COLISIÓN CONTRA OBJETO FIJO,CONCRETO,Bueno,Bueno,1,CHEVROLET,GRIS,1,,28,MASCULINO,SIN DATOS,0,0,Morelia,Ventura Puente,noviembre,sábado,2,-101.191822886467,19.6930616829199
10655,10655,2017,"171311678",2017/11/25,"03:10:00",COLISIÓN POR CAMBIO DE CARRIL,ASFALTO,Bueno,Bueno,2,MAN,VERDE,2,,43,MASCULINO,SIN DATOS,0,0,Morelia,Felix Arreguin,noviembre,sábado,3,-101.228134632111,19.7193431616696
10656,10656,2017,"171311750",2017/11/25,"05:50:00",COLISIÓN CONTRA OBJETO FIJO,ASFALTO,Bueno,Bueno,1,GMC,ARENA,1,,33,MASCULINO,SIN DATOS,0,0,Morelia,Campamento Ferrocarrilero,noviembre,sábado,6,-101.202610731125,19.7051020046654
10657,10657,2017,"171311792",2017/11/25,"07:10:00",COLISIÓN POR NO RESPETAR SEMÁFORO,ASFALTO,Bueno,Bueno,2,NISSAN,CAFE,2,,47,MASCULINO,SIN DATOS,0,0,Morelia,La Huerta,noviembre,sábado,7,-101.217132210732,19.6755349318284
10658,10658,2017,"171311872",2017/11/25,"07:55:00",COLISIÓN CONTRA OBJETO FIJO,ASFALTO,Bueno,Regular,1,HYUNDAI,GRIS,1,,22,FEMENINO,SIN DATOS,0,0,Morelia,Heroes de Bajan,noviembre,sábado,8,-101.232270598412,19.6908898841694
10659,10659,2017,"171311886",2017/11/25,"08:00:00",COLISIÓN POR MANIOBRA DE REVERSA,ASFALTO,Bueno,Bueno,2,VENTO,ROJO/NEGRO,2,,21,MASCULINO,SIN DATOS,0,0,Morelia,Reforma,noviembre,sábado,8,-101.237704753876,19.707071601943
10660,10660,2017,"171312037",2017/11/25,"09:20:00",COLISIÓN POR CORTE DE CIRCULACIÓN,ASFALTO,Bueno,Bueno,2,HONDA,BLANCO,2,,32,MASCULINO,ALIENTO ETÍLICO,0,0,Morelia,Centro,noviembre,sábado,9,-101.18018746376,19.7039808384613
10661,10661,2017,,2017/11/25,"09:58:00",COLISIÓN POR ALCANCE,ASFALTO,Bueno,Bueno,2,SIN DATOS,SIN DATOS,3,,22,,SIN DATOS,1,0,Pátzcuaro,Popular Vasco de Quiroga,noviembre,sábado,10,-101.602313518524,19.501122979641
10662,10662,2017,"171312152",2017/11/25,10:15:00,COLISIÓN CONTRA OBJETO FIJO,ASFALTO,Bueno,Bueno,1,VOLKSWAGEN,GUINDA,1,,33,MASCULINO,SIN DATOS,0,0,Morelia,Montaña Monarca,noviembre,sábado,10,-101.165585517883,19.6718070930899
10663,10663,2017,"171312412",2017/11/25,11:10:00,COLISIÓN POR CORTE DE CIRCULACIÓN,CONCRETO,Bueno,Bueno,2,VOLKSWAGEN,ROJO,2,,24,MASCULINO,SIN DATOS,0,0,Morelia,Independencia,noviembre,sábado,11,-101.176491379738,19.7082280977618
10664,10664,2017,,2017/11/25,12:00:00,COLISIÓN POR ALCANCE,CONCRETO,Bueno,Bueno,2,VOLKSWAGEN,AZUL,2,,30,MASCULINO,SIN DATOS,0,0,Morelia,Agustin Arriaga Rivera,noviembre,sábado,12,-101.224519014359,19.6911222175361
10665,10665,2017,"171312563",2017/11/25,12:00:00,COLISIÓN POR ALCANCE,ASFALTO,Bueno,Bueno,2,FORD,NEGRO/AMARILLO,1,,33,MASCULINO,SIN DATOS,0,0,Tarímbaro,Sin datos,noviembre,sábado,12,-101.167945861816,19.7585452370501
10666,10666,2017,"171312873",2017/11/25,13:30:00,COLISIÓN POR INVASIÓN DE CARRIL,CONCRETO,Bueno,Bueno,2,CHEVROLET,VERDE,2,,23,MASCULINO,SIN DATOS,0,0,Morelia,Buenavista,noviembre,sábado,14,-101.163112521172,19.7067307118419
10667,10667,2017,"171313298",2017/11/25,14:50:00,COLISIÓN POR ALCANCE,ASFALTO,Bueno,Bueno,2,VOLKSWAGEN,GRIS,2,,49,MASCULINO,SIN DATOS,0,0,Morelia,Lomas de Guayangareo,noviembre,sábado,15,-101.161295324564,19.705377244717
10668,10668,2017,"171213254",2017/11/25,15:10:00,COLISIÓN POR ALCANCE,CONCRETO,Bueno,Bueno,2,VOLKSWAGEN,GRIS,2,,33,MASCULINO,SIN DATOS,0,0,Morelia,Ventura Puente,noviembre,sábado,15,-101.190735250711,19.692338174167
10669,10669,2017,"171148978",2017/11/25,16:00:00,COLISIÓN POR ALCANCE,ASFALTO,Bueno,Bueno,2,CHEVROLET,NEGRO,2,,48,FEMENINO,SIN DATOS,0,0,Morelia,Ferrocarrilero,noviembre,sábado,16,-101.21754527092,19.6976223643876
10670,10670,2017,"171314012",2017/11/25,18:55:00,COLISIÓN POR CAMBIO DE CARRIL,ASFALTO,Bueno,Bueno,2,NISSAN,BLANCO/ROJO,2,,50,MASCULINO,SIN DATOS,0,0,Morelia,Industrial,noviembre,sábado,19,-101.188405752182,19.710773369149
10671,10671,2017,"171314099",2017/11/25,19:10:00,COLISIÓN CONTRA OBJETO FIJO,ASFALTO,Bueno,Bueno,2,VOLKSWAGEN,BLANCO,2,,41,MASCULINO,SIN DATOS,0,0,Morelia,Lomas del Valle,noviembre,sábado,19,-101.227493584156,19.6899315054681
10672,10672,2017,,2017/11/25,20:15:00,COLISIÓN POR ALCANCE,ASFALTO,Bueno,Regular,2,NISSAN,GRIS,2,,0,MASCULINO,SIN DATOS,0,0,Cuitzeo,Sin datos,noviembre,sábado,20,-101.17648601532,19.9671573870438
10673,10673,2017,"171314534",2017/11/25,21:15:00,COLISIÓN POR ALCANCE,ASFALTO,Bueno,Bueno,2,MAZDA,CAFE,2,,32,MASCULINO,SIN DATOS,0,0,Charo,La Goleta,noviembre,sábado,21,-101.083295345306,19.7375215184846
10674,10674,2017,"17314901",2017/11/25,21:20:00,COLISIÓN POR ALCANCE,ASFALTO,Bueno,Bueno,2,FORD,BLANCO,2,MINISTERIO PÚBLICO,24,MASCULINO,SIN DATOS,0,0,Morelia,Las Americas,noviembre,sábado,21,-101.153547763824,19.6875058599602
10675,10675,2017,,2017/11/25,22:00:00,COLISIÓN POR CORTE DE CIRCULACIÓN,ASFALTO,Bueno,Bueno,2,NISSAN,ROJO,2,,29,MASCULINO,SIN DATOS,0,0,Morelia,Popular Pogreso,noviembre,sábado,22,-101.19963247329,19.7204288716012
10676,10676,2017,,2017/11/25,22:00:00,COLISIÓN POR CORTE DE CIRCULACIÓN,ASFALTO,Bueno,Bueno,2,FORD,ROJO,2,,37,FEMENINO,SIN DATOS,0,0,Morelia,Centro,noviembre,sábado,22,-101.187424063683,19.7070665517246
10677,10677,2017,"111344802",2017/11/25,22:10:00,COLISIÓN POR ALCANCE,CONCRETO,Bueno,Bueno,2,FORD,GRIS,2,,29,MASCULINO,SIN DATOS,0,0,Morelia,Comision Federal de Electricidad,noviembre,sábado,22,-101.180069446564,19.6817275995936
10678,10678,2017,"171314520",2017/11/25,22:45:00,COLISIÓN POR CAMBIO DE CARRIL,ASFALTO,Bueno,Bueno,2,KENWORTH,BLANCO,2,,31,MASCULINO,SIN DATOS,0,0,Morelia,Eduardo Ruiz,noviembre,sábado,23,-101.223907470703,19.7243299403015
10679,10679,2017,"171314920",2017/11/25,22:50:00,SALIDA DE SUPERFICIE DE RODAMIENTO,ASFALTO,Bueno,Bueno,1,JEEP,BEIGE,1,,34,MASCULINO,SIN DATOS,0,0,Morelia,La Huerta,noviembre,sábado,23,-101.215922534466,19.6749565668675
10680,10680,2017,"171315000",2017/11/25,23:15:00,COLISIÓN POR CORTE DE CIRCULACIÓN,ASFALTO,Nublado,Bueno,2,NISSAN,BEIGE,1,,24,MASCULINO,ALIENTO ETÍLICO,0,0,Morelia,Fuentes de Morelia,noviembre,sábado,23,-101.204024255276,19.6714105631352
10681,10681,2017,"171315099",2017/11/25,23:50:00,COLISIÓN POR INVASIÓN DE CARRIL,ASFALTO,Bueno,Regular,2,VOLKWAGEN,PLATA,0,,,,,0,0,Morelia,Barrio Alto,noviembre,sábado,0,-101.196870803833,19.7250190706917
10682,10682,2017,,2017/11/26,"01:00:00",COLISIÓN POR ALCANCE,ASFALTO,Bueno,Bueno,2,NISSAN,BLANCO Y ROJO,2,,50,MASCULINO,ALIENTO ETÍLICO,0,0,Morelia,Los Manantiales de Morelia,noviembre,domingo,1,-101.240319907665,19.6929354163574
10683,10683,2017,"171315163",2017/11/26,"01:10:00",COLISIÓN POR CORTE DE CIRCULACIÓN,ASFALTO,Bueno,Bueno,2,CHEVROLET,GRIS,2,,,MASCULINO,SIN DATOS,0,0,Morelia,Quinceo,noviembre,domingo,1,-101.224240064621,19.7254432408508
10684,10684,2017,"171315647",2017/11/26,"01:10:00",COLISIÓN POR CAMBIO DE CARRIL,SIN_DATOS,Bueno,Bueno,2,FORD,GUINDA,2,,42,MASCULINO,SIN DATOS,0,0,Morelia,Ventura Puente,noviembre,domingo,1,-101.190690994263,19.6912232319381
10685,10685,2017,"171315378",2017/11/26,"05:10:00",COLISIÓN POR CORTE DE CIRCULACIÓN,CONCRETO,Bueno,Bueno,2,VOLKSWAGEN,BLANCO,1,MINISTERIO PÚBLICO,,,,1,0,Morelia,Centro,noviembre,domingo,5,-101.185476779938,19.7007890069666
10686,10686,2017,"1713153070",2017/11/26,"05:15:00",COLISIÓN POR CAMBIO DE CARRIL,ASFALTO,Bueno,Bueno,2,CHEVROLET,GUINDA,2,,50,MASCULINO,ALIENTO ETÍLICO,0,0,Morelia,Gertrudis Bocanegra,noviembre,domingo,5,-101.207041740417,19.7023748299403
10687,10687,2017,"171529258",2017/11/26,"05:40:00",COLISIÓN POR ALCANCE,ASFALTO,Bueno,Bueno,2,VOLKSWAGEN,BLANCO,2,,34,MASCULINO,ALIENTO ETÍLICO,0,0,Morelia,Leandro Valle,noviembre,domingo,6,-101.22832775116,19.7193229623452
10688,10688,2017,"171315400",2017/11/26,"05:40:00",SALIDA DE SUPERFICIE DE RODAMIENTO,ASFALTO,Bueno,Regular,1,VOLKSWAGEN,NEGRO,0,,,,,0,0,Morelia,Sin datos,noviembre,domingo,6,-101.303923130035,19.5868212162257
10689,10689,2017,"171315446",2017/11/26,"06:55:00",COLISIÓN POR INVASIÓN DE CARRIL,ASFALTO,Bueno,Regular,2,ACURA,GRIS,2,,37,MASCULINO,ALIENTO ETÍLICO,0,0,Morelia,Centro,noviembre,domingo,7,-101.189462542534,19.6960162920498
10690,10690,2017,LEG11202,2017/11/26,"07:10:00",COLISIÓN CONTRA OBJETO FIJO,CONCRETO,Bueno,Bueno,1,VOLKSWAGEN,NEGRO,0,,,,,0,0,Morelia,Adolfo Lopez Mateos,noviembre,domingo,7,-101.227233409882,19.6959102301017
10692,10692,2017,"171315476",2017/11/26,"08:20:00",COLISIÓN POR INVASIÓN DE CARRIL,ASFALTO,Bueno,Bueno,2,FORD,ROJO,2,,,MASCULINO,ALIENTO ETÍLICO,0,0,Tarímbaro,Real Hacienda,noviembre,domingo,8,-101.196817159653,19.7515376385898
10693,10693,2017,"171315755",2017/11/26,"09:50:00",COLISIÓN POR ALCANCE,CONCRETO,Bueno,Bueno,2,TVS,NEGRO,2,,27,MASCULINO,ALIENTO ETÍLICO,0,0,Morelia,Carmen Serdan,noviembre,domingo,10,-101.221423745155,19.7138791513853
10694,10694,2017,"171317168",2017/11/26,17:52:00,COLISIÓN POR ALCANCE,CONCRETO,Bueno,Bueno,2,CHYSLER,GRIS,2,,0,MASCULINO,CON CERTIFICADO,0,0,Morelia,Torreon Nuevo,noviembre,domingo,18,-101.20411477983,19.745716882224
10695,10695,2017,"171317225",2017/11/26,18:20:00,COLISIÓN POR CORTE DE CIRCULACIÓN,SIN_DATOS,Bueno,Bueno,1,VOLKSWAGEN,AZUL,1,,37,MASCULINO,SIN DATOS,0,0,Morelia,Ventura Puente,noviembre,domingo,18,-101.179457902908,19.6924657038704
10696,10696,2017,,2017/11/26,20:00:00,COLISIÓN POR INVASIÓN DE CARRIL,ASFALTO,Bueno,Bueno,2,JEEP,ROJO,2,,40,MASCULINO,SIN DATOS,0,0,Pátzcuaro,Colimillas,noviembre,domingo,20,-101.606283187866,19.5118832536159
10697,10697,2017,,2017/11/26,20:30:00,COLISIÓN POR CORTE DE CIRCULACIÓN,ASFALTO,Bueno,Bueno,2,GMC,BLANCO,3,,36,MASCULINO,ALIENTO ETÍLICO,1,0,Apatzingán,Bonifacio Moreno,noviembre,domingo,21,-102.353889942169,19.0915126464945
10698,10698,2017,"171318024",2017/11/26,22:30:00,COLISIÓN POR INVASIÓN DE CARRIL,CONCRETO,Bueno,Bueno,2,FORD,ROJO,2,,26,MASCULINO,ALIENTO ETÍLICO,0,0,Morelia,Loma Real,noviembre,domingo,23,-101.197171211243,19.7256048291867
10699,10699,2017,"17131853",2017/11/27,"04:40:00",COLISIÓN POR CAMBIO DE CARRIL,ASFALTO,Bueno,Bueno,2,KENWORTH,BLANCO,2,,45,MASCULINO,SIN DATOS,0,0,Morelia,Barrio Alto,noviembre,lunes,5,-101.196999549866,19.7249786734749
10700,10700,2017,"171318473",2017/11/27,"05:25:00",CAIDA ACUATICA DE VEHÍCULO,ASFALTO,Bueno,Bueno,1,FORD,ARENA,1,,43,MASCULINO,SIN DATOS,0,0,Morelia,Ana Maria Gallaga (Riviera Norte),noviembre,lunes,5,-101.222705841064,19.6769391629588
10701,10701,2017,"171318530",2017/11/27,"07:40:00",COLISIÓN POR CAMBIO DE CARRIL,CONCRETO,Bueno,Bueno,2,FIAT,ROJO,2,,39,MASCULINO,SIN DATOS,0,0,Morelia,Enrique Arreguin Robles,noviembre,lunes,8,-101.183744072914,19.7193785104812
10702,10702,2017,"171318623",2017/11/27,"08:10:00",COLISIÓN POR ALCANCE,CONCRETO,Bueno,Bueno,3,RENOULT,NEGRO,3,,19,MASCULINO,SIN DATOS,0,0,Morelia,Alberto Oviedo Mota,noviembre,lunes,8,-101.19581669569,19.682679713658
10703,10703,2017,"171318601",2017/11/27,"08:10:00",COLISIÓN POR CORTE DE CIRCULACIÓN,CONCRETO,Bueno,Bueno,2,DATSUN,CAFE,2,,29,MASCULINO,SIN DATOS,0,0,Morelia,Villas del Sol,noviembre,lunes,8,-101.2269115448,19.6944960640781
10704,10704,2017,"171318792",2017/11/27,"09:10:00",COLISIÓN POR INVASIÓN DE CARRIL,ASFALTO,Bueno,Bueno,2,YAMAHA,BLANCO,2,,25,MASCULINO,SIN DATOS,0,0,Morelia,Loma de Los Piñones,noviembre,lunes,9,-101.208028793335,19.6725950987502
10705,10705,2017,,2017/11/27,"09:25:00",COLISIÓN POR ALCANCE,ASFALTO,Bueno,Bueno,2,NISSAN,BLANCO,2,,32,MASCULINO,SIN DATOS,0,0,Apatzingán,Ferrocarril,noviembre,lunes,9,-102.355799674988,19.0788894565724
10706,10706,2017,"171318936",2017/11/27,10:15:00,COLISIÓN POR CORTE DE CIRCULACIÓN,ASFALTO,Bueno,Bueno,2,MERCURY,BLANCO,2,,23,MASCULINO,SIN DATOS,0,0,Morelia,Felix Ireta,noviembre,lunes,10,-101.19167804718,19.6827580039526
10707,10707,2017,"171318974",2017/11/27,10:20:00,COLISIÓN POR NO RESPETAR SEMÁFORO,ASFALTO,Bueno,Bueno,2,CHEVROLET,NEGRO,2,,32,MASCULINO,SIN DATOS,0,0,Morelia,Fracc Heroes Republicanos,noviembre,lunes,10,-101.276414394379,19.6925162106556
10709,10709,2017,"171319026",2017/11/27,11:10:00,COLISIÓN POR ALCANCE,ASFALTO,Bueno,Bueno,2,RENOULT,ROJA,2,,65,MASCULINO,SIN DATOS,0,0,Morelia,Sin datos,noviembre,lunes,11,-101.263518333435,19.6392934325442
10711,10711,2017,LEG11230,2017/11/27,15:00:00,COLISIÓN POR ALCANCE,ASFALTO,Bueno,Bueno,2,VOLKSWAGEN,BEIGE,2,,78,MASCULINO,SIN DATOS,0,0,Morelia,Pascual Ortiz de Ayala,noviembre,lunes,15,-101.152000129223,19.6980314557094
10712,10712,2017,"171320088",2017/11/27,15:05:00,COLISIÓN POR ALCANCE,ASFALTO,Bueno,Bueno,2,HONDA,BLANCO,2,,45,MASCULINO,SIN DATOS,0,0,Morelia,Insurgentes,noviembre,lunes,15,-101.152346134186,19.6982132737391
10714,10714,2017,"171320387",2017/11/27,16:10:00,COLISIÓN POR CORTE DE CIRCULACIÓN,CONCRETO,Bueno,Bueno,2,VOLKSWAGEN,BLANCO,2,,,FEMENINO,SIN DATOS,0,0,Morelia,Canteras de Morelia,noviembre,lunes,16,-101.171572208405,19.7146972498392
10715,10715,2017,"171320251",2017/11/27,16:10:00,COLISIÓN POR CAMBIO DE CARRIL,CONCRETO,Bueno,Bueno,2,INTERNATIONAL,BLANCO,2,,33,MASCULINO,SIN DATOS,0,0,Morelia,Virrey Antonio de Mendoza,noviembre,lunes,16,-101.160290837288,19.7073013867124