fid,id_accidente,anio_origen,folio_c5i,dia_incidente,hora_ocurrencia,tipo_incidente_vial,superficie_ocurrencia,condiciones_climaticas,condiciones_via,numero_vehiculos_involucrados,marca_vehiculo_ocasiona_siniestro,color_vehiculo_ocasiona_siniestro,numero_personas_involucradas,lugar_remite_presunto_responsable,edad_presunto_responsable,sexo_presunto_responsable,resultados_toxicologia,numero_personas_lesionadas,numero_personas_fallecidas,municipio,colonia,mes,dia_semana,hora_redondeada,lon,lat
10716,10716,2017,"171320572",2017/11/27,17:25:00,COLISIÓN POR ALCANCE,ASFALTO,Bueno,Regular,2,FORD,BLANCO,2,,24,MASCULINO,SIN DATOS,0,0,Morelia,Centro,noviembre,lunes,17,-101.191828250885,19.6959910392113
10717,10717,2017,"171321043",2017/11/27,19:25:00,COLISIÓN POR CAMBIO DE CARRIL,ASFALTO,Bueno,Bueno,2,PEUGEOT,BLANCO,2,,17,MASCULINO,SIN DATOS,0,0,Morelia,Ignacio Zaragoza,noviembre,lunes,19,-101.202996969223,19.7252816523515
10718,10718,2017,,2017/11/27,19:40:00,COLISIÓN POR CORTE DE CIRCULACIÓN,CONCRETO,Bueno,Bueno,2,MAZDA,NEGRO,2,,31,MASCULINO,SIN DATOS,0,0,Morelia,Chapultepec Norte,noviembre,lunes,20,-101.174340248108,19.6935768494629
10719,10719,2017,"1171321318",2017/11/27,21:15:00,COLISIÓN POR ALCANCE,ASFALTO,Bueno,Bueno,2,TOYOTA,BLANCO,2,,69,MASCULINO,SIN DATOS,0,0,Morelia,Asociacion Zirahuen,noviembre,lunes,21,-101.250171661377,19.6987991304293
10720,10720,2017,"171321491",2017/11/27,22:00:00,CAIDA DE MOTOCICLETA,ASFALTO,Bueno,Regular,1,DINAMO,ROJO,1,,17,MASCULINO,SIN DATOS,0,0,Morelia,Centro,noviembre,lunes,22,-101.189821958542,19.7021374625336
10721,10721,2017,"171252329",2017/11/28,"00:00:00",COLISIÓN POR CORTE DE CIRCULACIÓN,ASFALTO,Bueno,Bueno,2,VOLKWAGEN,GRIS,2,,0,FEMENINO,SIN DATOS,0,0,Morelia,Canteras de Morelia,noviembre,martes,0,-101.173589229584,19.7164344326745
10722,10722,2017,"171327852",2017/11/28,"07:40:00",COLISIÓN POR CORTE DE CIRCULACIÓN,CONCRETO,Bueno,Bueno,2,FORD,BLANCO/ROJO,2,,30,MASCULINO,ALIENTO ETÍLICO,0,0,Morelia,Agustin Arriaga Rivera,noviembre,martes,8,-101.224561929703,19.6911727247451
10723,10723,2017,"171322055",2017/11/28,"09:05:00",COLISIÓN POR CORTE DE CIRCULACIÓN,ASFALTO,Bueno,Bueno,2,MITSUBISHI,BLANCO,2,,41,FEMENINO,SIN DATOS,0,0,Morelia,Centro,noviembre,martes,9,-101.192536354065,19.7010465780091
10724,10724,2017,"171322070",2017/11/28,"09:20:00",COLISIÓN POR CORTE DE CIRCULACIÓN,ASFALTO,Bueno,Bueno,2,SUZUKI,AZUL/BLANCO,2,,40,MASCULINO,SIN DATOS,0,0,Morelia,La Esperanza,noviembre,martes,9,-101.252285242081,19.6982132737391
10725,10725,2017,"171322153",2017/11/28,"09:45:00",COLISIÓN POR CORTE DE CIRCULACIÓN,ASFALTO,Bueno,Regular,2,MERCEDES BENZ,ROSA,2,,34,MASCULINO,SIN DATOS,0,0,Morelia,Sin datos,noviembre,martes,10,-101.284085512161,19.6905161297851
10726,10726,2017,"171322172",2017/11/28,10:10:00,COLISIÓN POR ALCANCE,ASFALTO,Bueno,Bueno,2,AUDI,NEGRO,2,,65,MASCULINO,SIN DATOS,0,0,Morelia,Las Americas,noviembre,martes,10,-101.158955097198,19.6881523656342
10727,10727,2017,"171322554",2017/11/28,10:30:00,COLISIÓN POR ALCANCE,CONCRETO,Bueno,Bueno,2,CHEVROLET,AZUL,2,,41,MASCULINO,SIN DATOS,0,0,Morelia,Nueva Chapultepec,noviembre,martes,11,-101.168192625046,19.6850915422605
10728,10728,2017,"171322443",2017/11/28,10:40:00,COLISIÓN POR CAMBIO DE CARRIL,ASFALTO,Bueno,Bueno,2,MAZDA,BLANCO,2,,0,FEMENINO,SIN DATOS,0,0,Morelia,Felix Ireta,noviembre,martes,11,-101.180756092072,19.6854754111065
10729,10729,2017,"171322735",2017/11/28,12:00:00,COLISIÓN POR CAMBIO DE CARRIL,ASFALTO,Bueno,Bueno,3,KENWORTH,BLANCO Y NEGRO,3,,0,MASCULINO,SIN DATOS,0,0,Morelia,Francisco J Mujica,noviembre,martes,12,-101.186871528625,19.7230799927693
10730,10730,2017,"17132745",2017/11/28,12:45:00,COLISIÓN POR CORTE DE CIRCULACIÓN,ASFALTO,Bueno,Bueno,2,NISSAN,BLANCO,2,,52,MASCULINO,SIN DATOS,0,0,Morelia,Las Americas,noviembre,martes,13,-101.153520941734,19.6874048432128
10731,10731,2017,"171323203",2017/11/28,13:25:00,COLISIÓN POR CORTE DE CIRCULACIÓN,ASFALTO,Bueno,Bueno,2,VOLKSWAGEN,BLANCO,2,,57,FEMENINO,SIN DATOS,0,0,Morelia,Indeco El Vivero,noviembre,martes,13,-101.230033636093,19.6770199816421
10732,10732,2017,"171323554",2017/11/28,14:20:00,SUBIDA AL CAMELLÓN,ASFALTO,Bueno,Bueno,1,DODGE,BLANCO Y ROJO,1,,39,MASCULINO,ALIENTO ETÍLICO,0,0,Morelia,Bosques de Oriente,noviembre,martes,14,-101.155736446381,19.7159496393634
10733,10733,2017,"1713232006",2017/11/28,14:20:00,COLISIÓN POR CORTE DE CIRCULACIÓN,ASFALTO,Bueno,Bueno,2,HONDA,BLANCO,3,,22,MASCULINO,SIN DATOS,1,0,Morelia,Canteras de Morelia,noviembre,martes,14,-101.173524856567,19.7164142329826
10734,10734,2017,,2017/11/28,15:00:00,COLISIÓN POR ALCANCE,ASFALTO,Bueno,Bueno,2,NISSAN,BLANCO Y ROJO,2,,23,MASCULINO,ALIENTO ETÍLICO,0,0,Morelia,Isaac Arriaga,noviembre,martes,15,-101.170520782471,19.708253348669
10735,10735,2017,"171323350",2017/11/28,15:10:00,COLISIÓN POR CORTE DE CIRCULACIÓN,ASFALTO,Bueno,Bueno,2,CHEVROLET,BLANCO Y VERDE,2,,26,MASCULINO,SIN DATOS,0,0,Morelia,Vasco de Quiroga,noviembre,martes,15,-101.177171990275,19.703161422606
10736,10736,2017,"171323587",2017/11/28,15:20:00,COLISIÓN POR CORTE DE CIRCULACIÓN,ASFALTO,Bueno,Bueno,2,CHEVROLET,ROJO,2,,67,MASCULINO,SIN DATOS,0,0,Morelia,Dr Miguel Silva,noviembre,martes,15,-101.188373565674,19.7129600481295
10737,10737,2017,"171323687",2017/11/28,15:30:00,COLISIÓN POR ALCANCE,ASFALTO,Bueno,Bueno,2,NISSAN,PLATA,2,,19,FEMENINO,SIN DATOS,0,0,Morelia,Dr Miguel Silva,noviembre,martes,16,-101.185283660889,19.7163334341893
10738,10738,2017,,2017/11/28,17:00:00,COLISIÓN POR ALCANCE,ASFALTO,Bueno,Bueno,2,FORD,CAFE,2,,59,MASCULINO,SIN DATOS,0,0,Pátzcuaro,Centro,noviembre,martes,17,-101.609361,19.515744
10739,10739,2017,,2017/11/28,17:00:00,CAIDA DE MOTOCICLETA,ASFALTO,Bueno,Regular,1,HONDA,AZUL,1,,,MASCULINO,SIN DATOS,0,0,Pátzcuaro,Jacarandas,noviembre,martes,17,-101.602338374467,19.507308037298
10740,10740,2017,"172323824",2017/11/28,17:30:00,COLISIÓN POR CAMBIO DE CARRIL,CONCRETO,Bueno,Bueno,2,HONDA,VERDE,2,,,MASCULINO,SIN DATOS,0,0,Tarímbaro,Club Erandeni,noviembre,martes,18,-101.181786060333,19.7594034952407
10741,10741,2017,"171324189",2017/11/28,18:00:00,COLISIÓN POR ALCANCE,ASFALTO,Bueno,Bueno,2,JEEP,BLANCO,2,,34,MASCULINO,SIN DATOS,0,0,Morelia,Las Americas,noviembre,martes,18,-101.159019470215,19.6881321623714
10742,10742,2017,"171324537",2017/11/28,19:00:00,COLISIÓN POR ALCANCE,SIN_DATOS,Bueno,Bueno,2,FORD,NEGRO Y GRIS,2,,,MASCULINO,SIN DATOS,0,0,Morelia,Sentimientos de La Nacion,noviembre,martes,19,-101.235237121582,19.6811921907902
10743,10743,2017,,2017/11/28,19:50:00,VOLCADURA,TERRACERIA,Bueno,Regular,1,POLARIS,AZUL/GRIS,3,MINISTERIO PÚBLICO,,,,3,0,Aguililla,Sin datos,noviembre,martes,20,-102.833753,18.735173
10744,10744,2017,"171324845",2017/11/28,21:20:00,COLISIÓN POR ALCANCE,ASFALTO,Bueno,Bueno,3,VOLKWAGEN,BLANCO,3,,54,MASCULINO,ALIENTO ETÍLICO,0,0,Morelia,Ana Maria Gallaga (Riviera Norte),noviembre,martes,21,-101.222620010376,19.6768583442347
10745,10745,2017,"171324909",2017/11/28,21:40:00,COLISIÓN CON PEATÓN,CONCRETO,Bueno,Bueno,1,SEAT,BLANCO,2,,33,MASCULINO,SIN DATOS,1,0,Morelia,Colinas del Sur,noviembre,martes,22,-101.199531555176,19.6605119195958
10746,10746,2017,"171325043",2017/11/28,22:30:00,COLISIÓN CONTRA OBJETO FIJO,ASFALTO,Bueno,Bueno,2,CHEVROLET,BLANCO,2,,50,MASCULINO,SIN DATOS,0,0,Morelia,Obrera,noviembre,martes,23,-101.185385584831,19.7108869963914
10747,10747,2017,"171325131",2017/11/29,"00:00:00",COLISIÓN POR CORTE DE CIRCULACIÓN,ASFALTO,Bueno,Bueno,2,NISSAN,BLANCO,2,,38,MASCULINO,SIN DATOS,0,0,Morelia,Alberto Oviedo Mota,noviembre,miércoles,0,-101.195840835571,19.682859023631
10749,10749,2017,"17325223",2017/11/29,"03:00:00",CAIDA DE MOTOCICLETA,ASFALTO,Bueno,Bueno,1,ITALIKA,VERDE,1,,0,MASCULINO,SIN DATOS,0,0,Morelia,Alberto Oviedo Mota,noviembre,miércoles,3,-101.201205253601,19.6804749422302
10750,10750,2017,"171325556",2017/11/29,"08:40:00",COLISIÓN POR CORTE DE CIRCULACIÓN,ASFALTO,Bueno,Bueno,2,FREIGHTLINER,BLANCO,2,,45,MASCULINO,SIN DATOS,0,0,Morelia,Constituyentes de Queretaro,noviembre,miércoles,9,-101.165327072831,19.7157812983019
10751,10751,2017,"171038459",2017/11/29,"09:00:00",COLISIÓN POR CAMBIO DE CARRIL,ASFALTO,Bueno,Bueno,2,DODGE,ROJO,2,,56,MASCULINO,SIN DATOS,0,0,Morelia,Francisco J Mujica,noviembre,miércoles,9,-101.188352108002,19.7219488531162
10752,10752,2017,"171325687",2017/11/29,"09:29:00",VOLCADURA,ASFALTO,Bueno,Bueno,1,NISSAN,BLANCO,1,,27,MASCULINO,SIN DATOS,0,0,Tarímbaro,Sin datos,noviembre,miércoles,9,-101.171711683273,19.7509216822228
10753,10753,2017,"171325785",2017/11/29,"09:35:00",COLISIÓN POR CORTE DE CIRCULACIÓN,ASFALTO,Bueno,Bueno,2,NISSAN,NEGRO,2,,25,FEMENINO,SIN DATOS,0,0,Morelia,Ventura Puente,noviembre,miércoles,10,-101.186656951904,19.6907585651608
10754,10754,2017,"171325259",2017/11/29,10:15:00,COLISIÓN POR CAMBIO DE CARRIL,CONCRETO,Bueno,Bueno,2,INTERNATIONAL,BLANCO Y CREMA,2,,32,MASCULINO,SIN DATOS,0,0,Morelia,Centro,noviembre,miércoles,10,-101.191631108522,19.6959506346616
10755,10755,2017,"171325855",2017/11/29,10:20:00,COLISIÓN POR ALCANCE,ASFALTO,Bueno,Bueno,2,CHEVROLET,PLATA,2,,35,MASCULINO,SIN DATOS,0,0,Morelia,Francisco J Mujica,noviembre,miércoles,10,-101.188073158264,19.7216256688878
10756,10756,2017,"171325886",2017/11/29,10:30:00,COLISIÓN POR MANIOBRA DE REVERSA,ASFALTO,Bueno,Bueno,2,HONDA,ARENA,2,,37,MASCULINO,SIN DATOS,0,0,Morelia,Rinconada del Valle,noviembre,miércoles,11,-101.222405433655,19.6775250974893
10757,10757,2017,"171325897",2017/11/29,11:00:00,COLISIÓN CONTRA OBJETO FIJO,CONCRETO,Bueno,Bueno,4,DODGE,VERDE,3,MINISTERIO PÚBLICO,,,SIN DATOS,0,0,Morelia,Niño Artillero,noviembre,miércoles,11,-101.254098415375,19.6960162920498
10758,10758,2017,"171326151",2017/11/29,11:30:00,COLISIÓN POR CORTE DE CIRCULACIÓN,ASFALTO,Bueno,Bueno,2,TOYOTA,AZUL,2,,29,MASCULINO,SIN DATOS,0,0,Morelia,Tzindurio Norte,noviembre,miércoles,12,-101.244764328003,19.703713171494
10759,10759,2017,,2017/11/29,12:25:00,COLISIÓN POR ALCANCE,ASFALTO,Bueno,Bueno,2,NISSAN,ROJO,2,,24,MASCULINO,SIN DATOS,0,0,Morelia,Tlalpujahua,noviembre,miércoles,12,-101.217727661133,19.6761006667137
10760,10760,2017,"171326329",2017/11/29,13:00:00,COLISIÓN POR CORTE DE CIRCULACIÓN,ASFALTO,Bueno,Bueno,2,CHEVROLET,VINO,2,,27,FEMENINO,SIN DATOS,0,0,Morelia,Jacarandas,noviembre,miércoles,13,-101.211571991444,19.7089578473708
10761,10761,2017,"171326770",2017/11/29,14:00:00,COLISIÓN POR INVASIÓN DE CARRIL,ASFALTO,Bueno,Bueno,2,NISSAN,BLANCO,2,,48,MASCULINO,SIN DATOS,0,0,Morelia,Chapultepec Oriente,noviembre,miércoles,14,-101.164330244064,19.6950213272025
10762,10762,2017,"171326596",2017/11/29,14:15:00,COLISIÓN CONTRA OBJETO FIJO,CONCRETO,Bueno,Regular,2,NISSAN,BLANCO,2,,22,MASCULINO,SIN DATOS,0,0,Morelia,Dr Miguel Silva,noviembre,miércoles,14,-101.187397241592,19.7191563178213
10763,10763,2017,"171326995",2017/11/29,15:10:00,COLISIÓN POR CORTE DE CIRCULACIÓN,SIN_DATOS,Bueno,Bueno,1,NISSAN,BLANCO Y ROSA,1,,,MASCULINO,SIN DATOS,0,0,Morelia,El Realito,noviembre,miércoles,15,-101.20428442955,19.7257815662419
10764,10764,2017,"171126955",2017/11/29,15:15:00,COLISIÓN POR CORTE DE CIRCULACIÓN,ASFALTO,Bueno,Regular,2,VOLKSWAGEN,BLANCO,2,,55,MASCULINO,SIN DATOS,0,0,Morelia,Jardines de Torremolinos,noviembre,miércoles,15,-101.22650384903,19.6768987536018
10765,10765,2017,"171325961",2017/11/29,16:10:00,COLISIÓN POR CORTE DE CIRCULACIÓN,CONCRETO,Bueno,Bueno,2,SIN DATOS,SIN DATOS,2,,56,MASCULINO,SIN DATOS,1,0,Morelia,Centro,noviembre,miércoles,16,-101.19521856308,19.7020617069041
10766,10766,2017,"171327169",2017/11/29,16:35:00,COLISIÓN POR CAMBIO DE CARRIL,ASFALTO,Bueno,Bueno,2,INTERNATIONAL,BLANCO,2,,67,MASCULINO,SIN DATOS,0,0,Morelia,Las Americas,noviembre,miércoles,17,-101.157281398773,19.6879705361772
10767,10767,2017,"171527136",2017/11/29,17:15:00,COLISIÓN POR ALCANCE,ASFALTO,Bueno,Bueno,2,KENWORTH,BLANCO,2,,25,MASCULINO,SIN DATOS,0,0,Morelia,Cinco de Diciembre,noviembre,miércoles,17,-101.164480447769,19.6853238840403
10768,10768,2017,"171327371",2017/11/29,17:25:00,COLISIÓN POR CORTE DE CIRCULACIÓN,ASFALTO,Bueno,Bueno,2,CHEVROLET,BLANCO,2,,67,MASCULINO,SIN DATOS,0,0,Morelia,Jardines del Toreo,noviembre,miércoles,17,-101.213361024857,19.6900918669944
10769,10769,2017,"171327663",2017/11/29,19:25:00,COLISIÓN POR CORTE DE CIRCULACIÓN,ASFALTO,Bueno,Regular,2,DODGE,BLANCO,2,MINISTERIO PÚBLICO,53,MASCULINO,SIN DATOS,0,0,Morelia,Chapultepec Norte,noviembre,miércoles,19,-101.16831600666,19.6950213272025
10770,10770,2017,"171327928",2017/11/29,19:50:00,COLISIÓN POR INVASIÓN DE CARRIL,ASFALTO,Bueno,Regular,2,NISSAN,NARANJA,2,,25,MASCULINO,SIN DATOS,0,0,Morelia,Morelos,noviembre,miércoles,20,-101.206918358803,19.7014556605774
10771,10771,2017,"171326992",2017/11/29,20:30:00,COLISIÓN POR ALCANCE,ASFALTO,Bueno,Bueno,4,MAZDA,ROJO,4,,31,FEMENINO,SIN DATOS,0,0,Morelia,Lazaro Cardenas,noviembre,miércoles,21,-101.164737939835,19.7091219774471
10772,10772,2017,"171328025",2017/11/29,20:35:00,COLISIÓN POR CAMBIO DE CARRIL,ASFALTO,Bueno,Bueno,2,NISSAN,BLANCO Y CORAL,2,,53,MASCULINO,SIN DATOS,0,0,Morelia,Vasco de Quiroga,noviembre,miércoles,21,-101.171700954437,19.7025667437563
10773,10773,2017,"171328226",2017/11/29,21:25:00,COLISIÓN POR CORTE DE CIRCULACIÓN,ASFALTO,Bueno,Bueno,2,HONDA,ROJO,2,,34,FEMENINO,SIN DATOS,0,0,Morelia,Vasco de Quiroga,noviembre,miércoles,21,-101.170027256012,19.7051020046654
10774,10774,2017,"171328389",2017/11/29,22:30:00,COLISIÓN POR CORTE DE CIRCULACIÓN,ASFALTO,Bueno,Bueno,2,GMC,BLANCO,2,,47,FEMENINO,SIN DATOS,0,0,Morelia,Ventura Puente,noviembre,miércoles,23,-101.190712451935,19.6912030290628
10775,10775,2017,"171328573",2017/11/30,"02:50:00",COLISIÓN POR NO RESPETAR SEMÁFORO,ASFALTO,Bueno,Bueno,2,NISSAN,GRIS,2,,24,MASCULINO,SIN DATOS,0,0,Morelia,Centro,noviembre,jueves,3,-101.178138256073,19.6993647831297
10776,10776,2017,"171328760",2017/11/30,"08:15:00",COLISIÓN CONTRA OBJETO FIJO,ASFALTO,Bueno,Bueno,1,RENAULT,GRIS,1,,44,FEMENINO,SIN DATOS,0,0,Morelia,Bosques Tres Marias,noviembre,jueves,8,-101.104259490967,19.7248574817635
10777,10777,2017,"171329082",2017/11/30,"09:30:00",COLISIÓN POR ALCANCE,CONCRETO,Bueno,Bueno,2,NISSAN,ROJO,2,,22,MASCULINO,SIN DATOS,0,0,Morelia,Elias Perez Avalos,noviembre,jueves,10,-101.169383525848,19.7130004483836
10778,10778,2017,"171329256",2017/11/30,"09:30:00",COLISIÓN POR ALCANCE,CONCRETO,Bueno,Bueno,3,NISSAN,GRIS,3,,34,FEMENINO,SIN DATOS,0,0,Morelia,Elias Perez Avalos,noviembre,jueves,10,-101.167645454407,19.7116672346086
10779,10779,2017,"171329457",2017/11/30,12:10:00,COLISIÓN POR ALCANCE,ASFALTO,Bueno,Bueno,2,NISSAN,ROJO,1,,23,MASCULINO,SIN DATOS,0,0,Morelia,Lomas del Valle,noviembre,jueves,12,-101.232651472092,19.6869401653543
10780,10780,2017,"171329737",2017/11/30,13:05:00,COLISIÓN POR CAMBIO DE CARRIL,ASFALTO,Bueno,Bueno,2,TOYOTA,BLANCO/MORADO,2,,34,MASCULINO,SIN DATOS,0,0,Morelia,Centro,noviembre,jueves,13,-101.177848577499,19.7048747418806
10781,10781,2017,"171329840",2017/11/30,13:30:00,COLISIÓN POR ALCANCE,CONCRETO,Bueno,Bueno,3,SEAT,GRIS,3,MINISTERIO PÚBLICO,32,FEMENINO,SIN DATOS,0,0,Morelia,Primaveras,noviembre,jueves,14,-101.22579574585,19.6806365759888
10782,10782,2017,"171330023",2017/11/30,14:30:00,COLISIÓN POR NO RESPETAR SEMÁFORO,ASFALTO,Bueno,Bueno,2,VOLKWAGEN,BLANCO,2,,0,,SIN DATOS,0,0,Morelia,Jardines de Guadalupe,noviembre,jueves,15,-101.226546764374,19.7102532078531
10783,10783,2017,"171330209",2017/11/30,15:40:00,COLISIÓN POR ALCANCE,ASFALTO,Bueno,Regular,2,HONDA,BLANCO,2,,23,MASCULINO,SIN DATOS,0,0,Morelia,Heroes de Bajan,noviembre,jueves,16,-101.226125657558,19.6911904022645
10784,10784,2017,"171330106",2017/11/30,15:40:00,COLISIÓN CONTRA OBJETO FIJO,ASFALTO,Bueno,Bueno,1,VOLKSWAGEN,GRIS,1,,22,MASCULINO,SIN DATOS,0,0,Morelia,Bosques Tres Marias,noviembre,jueves,16,-101.10378742218,19.7229083024445
10785,10785,2017,"171330231",2017/11/30,16:00:00,SUBIDA AL CAMELLÓN,ASFALTO,Bueno,Bueno,1,MINI COOPER,BLANCO,1,,28,FEMENINO,SIN DATOS,0,0,Morelia,Hermanos Lopez Rayon,noviembre,jueves,16,-101.22282654047,19.6765123386113
10786,10786,2017,"171330763",2017/11/30,18:30:00,COLISIÓN POR CORTE DE CIRCULACIÓN,ASFALTO,Bueno,Bueno,2,DINAMO,AZUL,2,,48,MASCULINO,SIN DATOS,0,0,Morelia,Prados Verdes,noviembre,jueves,19,-101.197192668915,19.7167374277475
10787,10787,2017,"17133859",2017/11/30,18:45:00,COLISIÓN POR ALCANCE,ASFALTO,Bueno,Bueno,2,DINA,AMARILLO,2,,42,MASCULINO,SIN DATOS,0,0,Morelia,Los Manantiales de Morelia,noviembre,jueves,19,-101.243004798889,19.7002536619049
10788,10788,2017,"171331194",2017/11/30,19:40:00,COLISIÓN POR ALCANCE,ASFALTO,Bueno,Bueno,2,MAZDA,ROJO,2,,,MASCULINO,SIN DATOS,0,0,Morelia,Jardines del Toreo,noviembre,jueves,20,-101.214187145233,19.688111959106
10789,10789,2017,"171313689",2017/11/30,20:10:00,COLISIÓN POR ALCANCE,ASFALTO,Bueno,Bueno,2,CHEVROLET,GRIS,2,,60,MASCULINO,SIN DATOS,0,0,Morelia,Leandro Valle,noviembre,jueves,20,-101.229679584503,19.7172828174318
10790,10790,2017,"171331492",2017/11/30,21:00:00,COLISIÓN POR INVASIÓN DE CARRIL,ASFALTO,Bueno,Bueno,2,KENWORTH,ROJO,2,,35,MASCULINO,SIN DATOS,0,0,Morelia,Centro,noviembre,jueves,21,-101.20022892952,19.7021728151484
10791,10791,2017,"17137423",2017/11/30,23:50:00,COLISIÓN POR INVASIÓN DE CARRIL,ASFALTO,Bueno,Bueno,2,VOLKSWAGEN,NEGRO,2,,50,MASCULINO,SIN DATOS,0,0,Morelia,Nicolaitas Ilustres,noviembre,jueves,0,-101.228306293488,19.7195653540697
10792,10792,2017,,2017/12/01,"00:00:00",COLISIÓN POR ALCANCE,SIN_DATOS,Bueno,Bueno,1,NISSAN,BLANCO,1,,,,SIN DATOS,0,0,Morelia,Arboledas(5 de Mayo),diciembre,viernes,0,-101.246035,19.678252
10793,10793,2017,"171331945",2017/12/01,"00:22:00",COLISIÓN POR INVASIÓN DE CARRIL,CONCRETO,Bueno,Bueno,2,ITALIKA,BLANCO Y ROJO,0,,,,,0,0,Morelia,Industrial,diciembre,viernes,0,-101.197927594185,19.7067584880996
10794,10794,2017,"171331897",2017/12/01,"00:40:00",COLISIÓN POR CAMBIO DE CARRIL,ASFALTO,Bueno,Bueno,3,MERCEDES BENZ,BLANCO,3,,41,MASCULINO,SIN DATOS,0,0,Morelia,Reforma,diciembre,viernes,1,-101.237704753876,19.706960497101
10795,10795,2017,,2017/12/01,"02:40:00",SUBIDA AL CAMELLÓN,ASFALTO,Bueno,Bueno,1,VOLVO,GRIS,1,,29,MASCULINO,SIN DATOS,0,0,Morelia,Villa de Santa Maria,diciembre,viernes,3,-101.167452335358,19.6561269956375
10796,10796,2017,"171332069",2017/12/01,"04:50:00",COLISIÓN CONTRA OBJETO FIJO,ASFALTO,Bueno,Bueno,1,DODGE,BLANCO,0,,,,,0,0,Morelia,Montaña Monarca,diciembre,viernes,5,-101.165628433228,19.6721707884915
10797,10797,2017,,2017/12/01,"07:00:00",SALIDA DE SUPERFICIE DE RODAMIENTO,CONCRETO,Bueno,Bueno,1,BMW,BLANCO,1,,47,FEMENINO,SIN DATOS,0,0,Morelia,Montaña Monarca,diciembre,viernes,7,-101.165505051613,19.6718121444205
10799,10799,2017,"171332316",2017/12/01,"08:00:00",COLISIÓN POR CAMBIO DE CARRIL,ASFALTO,Bueno,Bueno,2,MERCEDEZ BENZ,BLANCO/NARANJA,2,,25,MASCULINO,SIN DATOS,0,0,Morelia,Tinijaro,diciembre,viernes,8,-101.261705160141,19.6966981171807
10800,10800,2017,"171332297",2017/12/01,"08:25:00",COLISIÓN POR CORTE DE CIRCULACIÓN,ASFALTO,Bueno,Bueno,2,KEENWORTH,ROJO,2,,28,MASCULINO,SIN DATOS,0,0,Morelia,Ciudad Industrial,diciembre,viernes,8,-101.143333911896,19.724938276248
10801,10801,2017,"171332411",2017/12/01,"09:25:00",COLISIÓN POR CORTE DE CIRCULACIÓN,ASFALTO,Bueno,Bueno,2,CHEVROLET,BLANCO,2,,50,MASCULINO,SIN DATOS,0,0,Morelia,Jardines de Guadalupe,diciembre,viernes,9,-101.222040653229,19.7114829068296
10802,10802,2017,"171332313",2017/12/01,10:00:00,COLISIÓN POR CORTE DE CIRCULACIÓN,CONCRETO,Bueno,Bueno,2,SUZUKI,NEGRO,2,,22,MASCULINO,SIN DATOS,0,0,Morelia,Jardines de Guadalupe,diciembre,viernes,10,-101.2192055583,19.7125939203612
10803,10803,2017,"111332688",2017/12/01,10:10:00,COLISIÓN POR ALCANCE,ASFALTO,Bueno,Bueno,2,NISSAN,ROJO,2,,61,MASCULINO,SIN DATOS,0,0,Morelia,Felix Ireta,diciembre,viernes,10,-101.195787191391,19.6816164771589
10804,10804,2017,,2017/12/01,11:00:00,COLISIÓN POR MANIOBRA DE REVERSA,ASFALTO,Bueno,Bueno,2,HONDA,GRIS,2,,69,FEMENINO,SIN DATOS,0,0,Morelia,Felix Ireta,diciembre,viernes,11,-101.195787191391,19.6816366812437
10805,10805,2017,"171370459",2017/12/01,12:08:00,COLISIÓN POR CAMBIO DE CARRIL,ASFALTO,Bueno,Bueno,2,FREIGHTLINER,BLANCO,2,,29,MASCULINO,SIN DATOS,0,0,Morelia,Popular Pogreso,diciembre,viernes,12,-101.202363967895,19.7207015603788
10806,10806,2017,"171332967",2017/12/01,12:15:00,COLISIÓN POR CORTE DE CIRCULACIÓN,ASFALTO,Bueno,Bueno,2,CHEVROLET,NEGRO,2,,32,MASCULINO,SIN DATOS,0,0,Morelia,Lomas del Valle,diciembre,viernes,12,-101.229937076569,19.6865108422213
10807,10807,2017,"171333300",2017/12/01,13:25:00,COLISIÓN POR ALCANCE,ASFALTO,Bueno,Bueno,3,FORD,BLANCO,2,,38,MASCULINO,SIN DATOS,0,0,Morelia,La Esperanza,diciembre,viernes,13,-101.254334449768,19.6977789303256
10808,10808,2017,"171333159",2017/12/01,13:30:00,COLISIÓN POR CORTE DE CIRCULACIÓN,ASFALTO,Nublado,Bueno,2,KAWASAKI,AZUL,1,,27,MASCULINO,SIN DATOS,0,0,Morelia,Comision Federal de Electricidad,diciembre,viernes,14,-101.181292533875,19.6816871914444
10809,10809,2017,,2017/12/01,14:30:00,COLISIÓN POR ALCANCE,ASFALTO,Bueno,Bueno,2,NISSAN,BLANCO,2,,31,MASCULINO,SIN DATOS,0,0,Morelia,Los Manantiales de Morelia,diciembre,viernes,15,-101.242918968201,19.7004354774097