fid,id_accidente,anio_origen,folio_c5i,dia_incidente,hora_ocurrencia,tipo_incidente_vial,superficie_ocurrencia,condiciones_climaticas,condiciones_via,numero_vehiculos_involucrados,marca_vehiculo_ocasiona_siniestro,color_vehiculo_ocasiona_siniestro,numero_personas_involucradas,lugar_remite_presunto_responsable,edad_presunto_responsable,sexo_presunto_responsable,resultados_toxicologia,numero_personas_lesionadas,numero_personas_fallecidas,municipio,colonia,mes,dia_semana,hora_redondeada,lon,lat
10810,10810,2017,"171333503",2017/12/01,15:00:00,COLISIÓN POR ALCANCE,CONCRETO,Bueno,Bueno,4,NISSAN,ROJO,1,,49,FEMENINO,SIN DATOS,0,0,Morelia,Obrera,diciembre,viernes,15,-101.182826757431,19.712475244284
10811,10811,2017,"171333780",2017/12/01,15:30:00,COLISIÓN POR CORTE DE CIRCULACIÓN,CONCRETO,Bueno,Bueno,2,HONDA,BLANCO,2,,18,MASCULINO,SIN DATOS,0,0,Morelia,Adolfo Lopez Mateos,diciembre,viernes,16,-101.225152015686,19.6974594851443
10812,10812,2017,"171333605",2017/12/01,15:30:00,COLISIÓN POR ALCANCE,CONCRETO,Bueno,Bueno,2,CHEVROLET,NEGRO,2,,62,FEMENINO,SIN DATOS,0,0,Morelia,Centro,diciembre,viernes,16,-101.191420555115,19.7047989875472
10813,10813,2017,,2017/12/01,16:04:00,COLISIÓN POR CAMBIO DE CARRIL,ASFALTO,Bueno,Bueno,2,INTERNATIONAL,BLANCO,2,,0,MASCULINO,SIN DATOS,0,0,Pátzcuaro,Centro,diciembre,viernes,16,-101.610070466995,19.5295390687865
10814,10814,2017,"171018947",2017/12/01,16:30:00,COLISIÓN POR CORTE DE CIRCULACIÓN,ASFALTO,Bueno,Bueno,1,VOLKSWAGEN,NEGRO,1,,,MASCULINO,SIN DATOS,0,0,Morelia,Los Manantiales de Morelia,diciembre,viernes,17,-101.242425441742,19.6981122637481
10815,10815,2017,"171333891",2017/12/01,16:40:00,COLISIÓN POR ALCANCE,ASFALTO,Bueno,Bueno,2,AUDI,PLATA,2,,19,FEMENINO,SIN DATOS,0,0,Morelia,Diego Rivera,diciembre,viernes,17,-101.175262928009,19.7175050126956
10816,10816,2017,"171333686",2017/12/01,17:50:00,COLISIÓN POR MANIOBRA DE REVERSA,ADOQUIN_EMPEDRADO,Bueno,Bueno,2,CHEVROLET,ROJO,2,,20,MASCULINO,SIN DATOS,0,0,Morelia,Mision San Diego,diciembre,viernes,18,-101.204642504454,19.6639684989349
10817,10817,2017,"171014978",2017/12/01,18:55:00,COLISIÓN POR ALCANCE,ASFALTO,Bueno,Bueno,2,FORD,GRIS,2,,19,FEMENINO,SIN DATOS,0,0,Morelia,Tlalpujahua,diciembre,viernes,19,-101.218328475952,19.6764037381521
10818,10818,2017,,2017/12/01,20:00:00,COLISIÓN CONTRA OBJETO FIJO,CONCRETO,Bueno,Bueno,0,,,0,MINISTERIO PÚBLICO,,,,0,0,Sahuayo,Rincon de San Andres,diciembre,viernes,20,-102.747981548309,20.0660897833103
10819,10819,2017,"171334691",2017/12/01,20:20:00,COLISIÓN POR CORTE DE CIRCULACIÓN,CONCRETO,Bueno,Bueno,2,TOYOTA,AZUL,2,,43,FEMENINO,SIN DATOS,0,0,Morelia,La Loma,diciembre,viernes,20,-101.18378162384,19.679777894778
10820,10820,2017,"171334869",2017/12/01,21:10:00,VOLCADURA,ASFALTO,Bueno,Regular,1,JEEP,BLANCO,1,,20,MASCULINO,SIN DATOS,0,0,Morelia,Sin datos,diciembre,viernes,21,-101.117091178894,19.731098735376
10821,10821,2017,,2017/12/01,23:40:00,COLISIÓN POR CORTE DE CIRCULACIÓN,CONCRETO,Bueno,Bueno,2,BAJAJ,NEGRO,2,,26,MASCULINO,SIN DATOS,0,0,Morelia,Chapultepec Sur,diciembre,viernes,0,-101.165904700756,19.6910565581405
10822,10822,2017,"171335356",2017/12/02,"03:20:00",SALIDA DE SUPERFICIE DE RODAMIENTO,ASFALTO,Bueno,Bueno,1,RENAULT,AMARILLO,1,,21,MASCULINO,SIN DATOS,0,0,Morelia,Ciudad Industrial,diciembre,sábado,3,-101.137154102325,19.7292203254695
10823,10823,2017,,2017/12/02,"03:30:00",COLISIÓN POR CAMBIO DE CARRIL,CONCRETO,Bueno,Bueno,2,CHEVROLET,SIN DATOS,2,MINISTERIO PÚBLICO,36,FEMENINO,SIN DATOS,0,0,Tarímbaro,Sin datos,diciembre,sábado,4,-101.171486377716,19.7514770528231
10824,10824,2017,"171335355",2017/12/02,"03:30:00",COLISIÓN POR INVASIÓN DE CARRIL,CONCRETO,Bueno,Bueno,2,CHEVROLET,ROJO,2,,50,MASCULINO,SIN DATOS,0,0,Morelia,Balcones de Morelia,diciembre,sábado,4,-101.200829744339,19.672827458654
10825,10825,2017,"171335380",2017/12/02,"04:00:00",COLISIÓN POR CORTE DE CIRCULACIÓN,CONCRETO,Bueno,Bueno,1,TOYOTA,ROJO,2,,20,FEMENINO,SIN DATOS,1,0,Morelia,La Loma,diciembre,sábado,4,-101.184859871864,19.6794874574445
10826,10826,2017,"171335392",2017/12/02,"04:30:00",VOLCADURA,ASFALTO,Bueno,Bueno,1,NISSAN,GRIS,1,,19,MASCULINO,SIN DATOS,0,0,Morelia,Las Americas,diciembre,sábado,5,-101.158998012543,19.6881523656342
10827,10827,2017,"171335375",2017/12/02,"04:30:00",COLISIÓN POR ALCANCE,ASFALTO,Bueno,Bueno,3,BMW,BLANCO,3,,30,MASCULINO,SIN DATOS,0,0,Morelia,Centro,diciembre,sábado,5,-101.185535788536,19.7029606713943
10828,10828,2017,"171335653",2017/12/02,"07:05:00",COLISIÓN POR CORTE DE CIRCULACIÓN,TERRACERIA,Bueno,Bueno,1,MERCEDEZ BENZ,BLANCO,1,,42,MASCULINO,SIN DATOS,0,0,Morelia,Nueva Chapultepec,diciembre,sábado,7,-101.163793802261,19.6883847029732
10829,10829,2017,"171335532",2017/12/02,"07:40:00",COLISIÓN POR ALCANCE,CONCRETO,Bueno,Bueno,2,HONDA,GRIS,2,MINISTERIO PÚBLICO,32,MASCULINO,ALIENTO ETÍLICO,0,1,Morelia,Ferrocarrilero,diciembre,sábado,8,-101.217471510172,19.6976375159366
10830,10830,2017,,2017/12/02,"08:30:00",COLISIÓN POR CORTE DE CIRCULACIÓN,CONCRETO,Bueno,Bueno,2,FORD,BLANCO,1,,0,MASCULINO,SIN DATOS,0,0,Cuitzeo,Centro,diciembre,sábado,9,-101.140522956848,19.9692548263348
10831,10831,2017,,2017/12/02,"08:30:00",COLISIÓN CONTRA OBJETO FIJO,ASFALTO,Bueno,Bueno,1,VOLKSWAGEN,AZUL,0,,,,,0,0,Pátzcuaro,Sin datos,diciembre,sábado,9,-101.539249420166,19.5377899222382
10832,10832,2017,"171335862",2017/12/02,"09:45:00",COLISIÓN POR CORTE DE CIRCULACIÓN,ASFALTO,Bueno,Bueno,2,NISSAN,BLANCO,2,,22,MASCULINO,SIN DATOS,0,0,Morelia,Eduardo Ruiz,diciembre,sábado,10,-101.224164962769,19.7250796664976
10833,10833,2017,"171352873",2017/12/02,10:30:00,COLISIÓN POR CAMBIO DE CARRIL,ASFALTO,Bueno,Bueno,2,FORD,BLANCO,2,MINISTERIO PÚBLICO,48,MASCULINO,SIN DATOS,0,0,Morelia,Tinijaro,diciembre,sábado,11,-101.25789642334,19.6973546867838
10834,10834,2017,"171336551",2017/12/02,13:20:00,COLISIÓN POR CAMBIO DE CARRIL,ASFALTO,Bueno,Bueno,2,CHEVROLET,GRIS,2,,35,MASCULINO,SIN DATOS,0,0,Morelia,Virrey Antonio de Mendoza,diciembre,sábado,13,-101.162260919809,19.7065867802478
10835,10835,2017,,2017/12/02,14:20:00,COLISIÓN POR CAMBIO DE CARRIL,ASFALTO,Bueno,Bueno,2,NISSAN,ROJO,2,,32,MASCULINO,SIN DATOS,0,0,Morelia,Lomas de Hidalgo,diciembre,sábado,14,-101.158933639526,19.6956678025279
10836,10836,2017,"171337080",2017/12/02,14:30:00,COLISIÓN POR CAMBIO DE CARRIL,ADOQUIN_EMPEDRADO,Bueno,Bueno,2,KIA,BLANCO,2,,38,MASCULINO,SIN DATOS,0,0,Morelia,Centro,diciembre,sábado,15,-101.194855123758,19.696254931176
10837,10837,2017,"171337201",2017/12/02,16:30:00,COLISIÓN POR INVASIÓN DE CARRIL,ASFALTO,Bueno,Bueno,2,YAMAHA,NEGRO,2,MINISTERIO PÚBLICO,18,MASCULINO,SIN DATOS,0,0,Charo,Sin datos,diciembre,sábado,17,-101.054992675781,19.7469936422545
10838,10838,2017,,2017/12/02,16:30:00,COLISIÓN POR CORTE DE CIRCULACIÓN,CONCRETO,Bueno,Bueno,2,HONDA,GRIS,2,,39,FEMENINO,SIN DATOS,0,0,Morelia,Indeco Expropiacion Petrolera,diciembre,sábado,17,-101.225763559341,19.6859501949853
10839,10839,2017,,2017/12/02,16:40:00,COLISIÓN POR CORTE DE CIRCULACIÓN,CONCRETO,Bueno,Bueno,2,GMC,AZUL,2,,27,MASCULINO,SIN DATOS,0,0,Morelia,Tlalpujahua,diciembre,sábado,17,-101.218628883362,19.6765552736562
10840,10840,2017,"171328963",2017/12/02,16:40:00,COLISIÓN POR INVASIÓN DE CARRIL,ASFALTO,Bueno,Bueno,3,TOYOTA,BLANCO,1,MINISTERIO PÚBLICO,,,SIN DATOS,0,0,Charo,Sin datos,diciembre,sábado,17,-101.040487289429,19.7559603374249
10841,10841,2017,,2017/12/02,16:50:00,COLISIÓN POR MANIOBRA DE REVERSA,ASFALTO,Bueno,Bueno,2,FORD,CAFE,2,,25,MASCULINO,SIN DATOS,0,0,Pátzcuaro,Centro,diciembre,sábado,17,-101.614651679993,19.5367990331906
10842,10842,2017,"171337477",2017/12/02,17:15:00,COLISIÓN POR ALCANCE,CONCRETO,Bueno,Bueno,3,NISSAN,ROJO,3,MINISTERIO PÚBLICO,46,FEMENINO,CON CERTIFICADO,0,0,Morelia,Elias Perez Avalos,diciembre,sábado,17,-101.165059804916,19.711717735333
10843,10843,2017,"171337736",2017/12/02,18:20:00,COLISIÓN CON PEATÓN,TERRACERIA,Bueno,Malo,1,CHRYSLER,NEGRO,1,MINISTERIO PÚBLICO,,,,1,0,Morelia,Sin datos,diciembre,sábado,18,-101.110610961914,19.7298666625533
10845,10845,2017,,2017/12/02,19:40:00,COLISIÓN POR CAMBIO DE CARRIL,ASFALTO,Bueno,Bueno,2,NISSAN,PLATA,2,,,MASCULINO,SIN DATOS,0,0,Morelia,Loma Real,diciembre,sábado,20,-101.198442578316,19.7290183445945
10847,10847,2017,,2017/12/02,20:30:00,COLISIÓN POR ALCANCE,ASFALTO,Bueno,Bueno,2,NISSAN,ROJO,2,MINISTERIO PÚBLICO,,,,2,0,Hidalgo,Sin datos,diciembre,sábado,21,-100.519752502441,19.6857481594642
10848,10848,2017,"171338383",2017/12/02,21:00:00,COLISIÓN POR CAMBIO DE CARRIL,CONCRETO,Bueno,Bueno,1,CHEVROLET,ROJO,1,,28,MASCULINO,SIN DATOS,0,0,Morelia,Mision del Valle,diciembre,sábado,21,-101.12282037735,19.7653102057475
10850,10850,2017,,2017/12/02,23:05:00,COLISIÓN POR CORTE DE CIRCULACIÓN,ASFALTO,Bueno,Bueno,2,CHEVROLET,BLANCO,3,MINISTERIO PÚBLICO,44,MASCULINO,CON CERTIFICADO,1,0,Apatzingán,Centro,diciembre,sábado,23,-102.34934091568,19.0859666727269
10851,10851,2017,,2017/12/03,"03:26:00",COLISIÓN POR CORTE DE CIRCULACIÓN,CONCRETO,Bueno,Bueno,2,CHEVROLET,BLANCO,4,MINISTERIO PÚBLICO,,MASCULINO,SIN DATOS,2,0,Sahuayo,Los Pinos,diciembre,domingo,3,-102.704690694809,20.0457317739983
10852,10852,2017,"171339068",2017/12/03,"03:50:00",COLISIÓN CONTRA OBJETO FIJO,CONCRETO,Bueno,Bueno,1,SATURN,CAFE,0,,,,,0,0,Morelia,Villas del Pedregal,diciembre,domingo,4,-101.304534673691,19.6789848733364
10853,10853,2017,"171339108",2017/12/03,"05:00:00",VOLCADURA,ASFALTO,Bueno,Bueno,1,NISSAN,BLANCO,1,,62,FEMENINO,SIN DATOS,0,0,Morelia,Camelinas,diciembre,domingo,5,-101.166079044342,19.6842530886866
10854,10854,2017,"171339737",2017/12/03,"05:15:00",COLISIÓN CONTRA OBJETO FIJO,ASFALTO,Bueno,Bueno,1,V.W.,GRIS,1,,24,MASCULINO,SIN DATOS,0,0,Morelia,Guadalupe,diciembre,domingo,5,-101.22696518898,19.7083139508298
10855,10855,2017,,2017/12/03,"05:40:00",COLISIÓN POR ALCANCE,ASFALTO,Bueno,Regular,2,NISSAN,NEGRO,2,,,,SIN DATOS,0,0,Apatzingán,Lazaro Cardenas,diciembre,domingo,6,-102.350059747696,19.0950104685914
10856,10856,2017,"171339123",2017/12/03,"05:55:00",COLISIÓN POR CAMBIO DE CARRIL,ASFALTO,Bueno,Bueno,2,CHEVROLET,ARENA,2,,58,FEMENINO,SIN DATOS,0,0,Morelia,Francisco J Mujica,diciembre,domingo,6,-101.192858219147,19.7235243668713
10857,10857,2017,,2017/12/03,"06:40:00",SALIDA DE SUPERFICIE DE RODAMIENTO,ASFALTO,Bueno,Bueno,1,FORD,GRIS,1,,42,FEMENINO,SIN DATOS,0,0,Puruándiro,Sin datos,diciembre,domingo,7,-101.478481292725,20.0884200853018
10858,10858,2017,,2017/12/03,"07:30:00",COLISIÓN POR INVASIÓN DE CARRIL,ASFALTO,Nublado,Regular,2,AUDI,BLANCO,2,,68,MASCULINO,SIN DATOS,0,0,Morelia,La Loma,diciembre,domingo,8,-101.18378162384,19.6797576904588
10859,10859,2017,"171339226",2017/12/03,"08:30:00",COLISIÓN POR CAMBIO DE CARRIL,ASFALTO,Bueno,Bueno,2,CHEVROLET,VERDE,2,,24,MASCULINO,SIN DATOS,0,0,Morelia,Indeco Santiaguito,diciembre,domingo,9,-101.178776621819,19.720292527038
10860,10860,2017,"171339429",2017/12/03,"09:30:00",COLISIÓN POR CORTE DE CIRCULACIÓN,SIN_DATOS,Bueno,Bueno,1,VOLKWAGEN,PLATA,0,,,,,0,0,Morelia,Puerta Madero,diciembre,domingo,10,-101.182101219893,19.6731090683031
10861,10861,2017,"171339714",2017/12/03,10:35:00,COLISIÓN POR INVASIÓN DE CARRIL,ASFALTO,Bueno,Bueno,2,DODGE,ROJO,2,,43,MASCULINO,SIN DATOS,0,0,Morelia,Campestre Los Manantiales,diciembre,domingo,11,-101.238262653351,19.6879301296032
10862,10862,2017,"171339630",2017/12/03,10:40:00,COLISIÓN POR CORTE DE CIRCULACIÓN,ASFALTO,Bueno,Bueno,2,MAZDA,AZUL,2,,82,MASCULINO,SIN DATOS,0,0,Morelia,Fovissste Acueducto,diciembre,domingo,11,-101.155736446381,19.700809208632
10863,10863,2017,"171339799",2017/12/03,11:00:00,COLISIÓN POR CORTE DE CIRCULACIÓN,ASFALTO,Bueno,Bueno,2,SUZUKI,PLATA,4,,64,FEMENINO,SIN DATOS,2,0,Morelia,Lomas de Hidalgo,diciembre,domingo,11,-101.160800457001,19.6958294209512
10864,10864,2017,"171339685",2017/12/03,11:30:00,COLISIÓN POR ALCANCE,ASFALTO,Bueno,Bueno,2,SEAT,NEGRO,2,,30,MASCULINO,SIN DATOS,0,0,Morelia,Enrique Ramirez,diciembre,domingo,12,-101.165252923965,19.709394685509
10865,10865,2017,,2017/12/03,11:55:00,COLISIÓN POR CORTE DE CIRCULACIÓN,ASFALTO,Bueno,Bueno,1,FORD,AZUL,2,MINISTERIO PÚBLICO,,MASCULINO,SIN DATOS,1,0,Zitácuaro,Sin datos,diciembre,domingo,12,-100.381693840027,19.4882784826099
10866,10866,2017,"171340209",2017/12/03,13:00:00,COLISIÓN POR MANIOBRA DE REVERSA,CONCRETO,Bueno,Bueno,2,NISSAN,BLANCO,2,,34,FEMENINO,SIN DATOS,0,0,Morelia,Centro,diciembre,domingo,13,-101.189517527819,19.7014038940139
10867,10867,2017,,2017/12/03,14:00:00,SALIDA DE SUPERFICIE DE RODAMIENTO,ASFALTO,Bueno,Bueno,1,DODGE,BLANCO/VERDE,0,MINISTERIO PÚBLICO,,,,0,0,Hidalgo,Sin datos,diciembre,domingo,14,-100.657639503479,19.7818680223636
10868,10868,2017,"171340419",2017/12/03,14:15:00,COLISIÓN POR ALCANCE,ASFALTO,Bueno,Bueno,2,HONDA,PLATA,2,,56,FEMENINO,SIN DATOS,0,0,Morelia,Centro,diciembre,domingo,14,-101.187810301781,19.6967423094501
10869,10869,2017,"171340283",2017/12/03,14:20:00,COLISIÓN POR ALCANCE,SIN_DATOS,Bueno,Bueno,2,CHRYSLER,BLANCO,2,,,,SIN DATOS,0,0,Morelia,Lomas del Valle,diciembre,domingo,14,-101.230688095093,19.687920027958
10870,10870,2017,,2017/12/03,14:30:00,COLISIÓN POR CORTE DE CIRCULACIÓN,CONCRETO,Bueno,Bueno,2,MERCEDES BENZ,NEGRO,2,MINISTERIO PÚBLICO,32,MASCULINO,SIN DATOS,0,0,Morelia,Nueva Valladolid,diciembre,domingo,15,-101.210576891899,19.7009354689828
10871,10871,2017,"171340700",2017/12/03,16:00:00,COLISIÓN POR ALCANCE,SIN_DATOS,Bueno,Bueno,2,DODGE,AZUL,2,,81,MASCULINO,SIN DATOS,0,0,Morelia,Centro,diciembre,domingo,16,-101.201376914978,19.6987587265885
10872,10872,2017,"171340825",2017/12/03,16:30:00,COLISIÓN POR CORTE DE CIRCULACIÓN,ASFALTO,Bueno,Bueno,2,NISSAN,ARENA,2,,44,FEMENINO,SIN DATOS,0,0,Morelia,El Porvenir,diciembre,domingo,17,-101.205432415009,19.7078695344503
10873,10873,2017,"171340938",2017/12/03,17:10:00,COLISIÓN CONTRA OBJETO FIJO,ADOQUIN_EMPEDRADO,Bueno,Bueno,1,HONDA,NEGRO,1,,22,MASCULINO,SIN DATOS,0,0,Morelia,Colinas del Sur,diciembre,domingo,17,-101.19762852788,19.6642438096865
10874,10874,2017,"171340921",2017/12/03,17:30:00,COLISIÓN CONTRA OBJETO FIJO,TERRACERIA,Bueno,Malo,1,TOYOTA,NEGRO,6,MINISTERIO PÚBLICO,,,,6,0,Tzitzio,Sin datos,diciembre,domingo,18,-101.082458496094,19.5814638831283
10875,10875,2017,"171034891",2017/12/03,18:00:00,COLISIÓN POR CORTE DE CIRCULACIÓN,ASFALTO,Bueno,Bueno,1,BAJAS,NEGRO/BLANCO,1,,25,MASCULINO,SIN DATOS,0,0,Morelia,San Jose Itzicuaro,diciembre,domingo,18,-101.304352283478,19.6879705361772
10876,10876,2017,"171341621",2017/12/03,20:00:00,COLISIÓN POR CAMBIO DE CARRIL,CONCRETO,Bueno,Bueno,2,V.W.,PLATA,2,,28,MASCULINO,SIN DATOS,0,0,Morelia,Lomas del Punhuato,diciembre,domingo,20,-101.146064400673,19.6983092331714
10877,10877,2017,"171341920",2017/12/03,21:10:00,COLISIÓN POR ALCANCE,CONCRETO,Bueno,Bueno,2,NISSAN,BLANCO,2,,26,MASCULINO,SIN DATOS,0,0,Morelia,Centro,diciembre,domingo,21,-101.19878590107,19.7011804137793
10878,10878,2017,,2017/12/03,22:15:00,COLISIÓN POR INVASIÓN DE CARRIL,CONCRETO,Bueno,Bueno,2,NISSAN,BLANCO/ROJO,2,,24,MASCULINO,SIN DATOS,0,0,Pátzcuaro,Centro,diciembre,domingo,22,-101.614785790443,19.5185296910559
10879,10879,2017,,2017/12/03,22:40:00,SALIDA DE SUPERFICIE DE RODAMIENTO,ASFALTO,Bueno,Bueno,3,NISSAN,VERDE,3,,38,MASCULINO,SIN DATOS,0,0,Morelia,Sin datos,diciembre,domingo,23,-101.258325576782,19.6335740651699
10880,10880,2017,"171342234",2017/12/03,22:45:00,COLISIÓN POR ALCANCE,ASFALTO,Bueno,Bueno,2,SEAT,AZUL,2,,35,MASCULINO,SIN DATOS,0,0,Morelia,Nueva Valladolid,diciembre,domingo,23,-101.209144592285,19.6986880198425
10882,10882,2017,"171344748",2017/12/04,"00:00:00",COLISIÓN POR ALCANCE,ASFALTO,Bueno,Bueno,2,NISSAN,BLANCO/ROSA,2,,48,MASCULINO,SIN DATOS,0,0,Morelia,Centro,diciembre,lunes,0,-101.18850633502,19.7105473769492
10883,10883,2017,"171325802",2017/12/04,"00:00:00",COLISIÓN POR CORTE DE CIRCULACIÓN,ASFALTO,Bueno,Bueno,2,FORD,ROJO,2,,52,FEMENINO,SIN DATOS,0,0,Morelia,Fuentes de Morelia,diciembre,lunes,0,-101.204466819763,19.6725849961381
10884,10884,2017,"171344787",2017/12/04,"00:00:00",COLISIÓN POR CORTE DE CIRCULACIÓN,CONCRETO,Bueno,Bueno,2,HONDA,GRIS,2,,40,MASCULINO,SIN DATOS,0,0,Morelia,El Lago 2,diciembre,lunes,0,-101.213468313217,19.725968402345
10885,10885,2017,,2017/12/04,"00:30:00",COLISIÓN POR ALCANCE,ASFALTO,Bueno,Bueno,2,BASAL,NEGRO,2,,0,MASCULINO,SIN DATOS,0,0,Morelia,San Juanito Itzicuaro,diciembre,lunes,1,-101.254119873047,19.6776665296412
10886,10886,2017,"171342406",2017/12/04,"03:40:00",COLISIÓN POR ALCANCE,CONCRETO,Bueno,Regular,2,CHEVROLET,ROJO,2,,0,,SIN DATOS,0,0,Morelia,Obrera,diciembre,lunes,4,-101.180420815945,19.70903991243
10887,10887,2017,,2017/12/04,"05:09:00",VOLCADURA,ASFALTO,Bueno,Bueno,1,NISSAN,AZUL,1,,,,SIN DATOS,0,0,Zinapécuaro,Los Pinos,diciembre,lunes,5,-100.817606449127,19.8444087192908
10888,10888,2017,"171343160",2017/12/04,13:35:00,COLISIÓN POR CORTE DE CIRCULACIÓN,CONCRETO,Bueno,Bueno,2,DINA,BLANCO,2,,44,MASCULINO,SIN DATOS,0,0,Morelia,Tinijaro,diciembre,lunes,14,-101.263056993484,19.6963900335924
10889,10889,2017,"171344040",2017/12/04,15:10:00,COLISIÓN POR CAMBIO DE CARRIL,CONCRETO,Bueno,Bueno,2,NISSAN,ARENA,2,,68,MASCULINO,SIN DATOS,0,0,Morelia,Cuauhtemoc,diciembre,lunes,15,-101.182569265366,19.698334485644
10890,10890,2017,,2017/12/04,15:20:00,COLISIÓN CON PEATÓN,ASFALTO,Bueno,Bueno,1,SIN DATOS,SIN DATOS,2,,0,,SIN DATOS,1,0,Morelia,Pascual Ortiz de Ayala,diciembre,lunes,15,-101.1524695158,19.6949960742071
10891,10891,2017,,2017/12/04,16:10:00,SALIDA DE SUPERFICIE DE RODAMIENTO,ASFALTO,Bueno,Bueno,1,DODGE,ROJO/BLANCO,1,,54,MASCULINO,SIN DATOS,0,0,Cuitzeo,Sin datos,diciembre,lunes,16,-101.156079769135,20.0760864128303
10892,10892,2017,"171344811",2017/12/04,17:30:00,COLISIÓN POR CORTE DE CIRCULACIÓN,ASFALTO,Bueno,Bueno,1,DODGE,NEGRO,1,,0,MASCULINO,SIN DATOS,0,0,Morelia,Los Angeles,diciembre,lunes,18,-101.177022457123,19.7411367450418
10893,10893,2017,"171345001",2017/12/04,18:45:00,COLISIÓN POR NO RESPETAR SEMÁFORO,ASFALTO,Bueno,Bueno,4,FORD,NEGRO,1,MINISTERIO PÚBLICO,0,,SIN DATOS,0,0,Morelia,Fidel Velazquez,diciembre,lunes,19,-101.234722137451,19.7025768444771
10894,10894,2017,"171345655",2017/12/04,20:05:00,SUBIDA AL CAMELLÓN,ASFALTO,Bueno,Bueno,1,FORD,BLANCO,1,,72,MASCULINO,SIN DATOS,0,0,Morelia,Nueva Valladolid,diciembre,lunes,20,-101.209713220596,19.6973597373088
10895,10895,2017,,2017/12/04,21:40:00,COLISIÓN POR ALCANCE,ASFALTO,Bueno,Bueno,3,NISSAN,ARENA,3,,22,MASCULINO,SIN DATOS,0,0,Lázaro Cárdenas,Fovissste,diciembre,lunes,22,-102.21892118454,17.9721252607497
10896,10896,2017,,2017/12/04,23:00:00,COLISIÓN POR CORTE DE CIRCULACIÓN,ASFALTO,Bueno,Bueno,2,TOYOTA,blanco y azul,2,,49,MASCULINO,SIN DATOS,0,0,Pátzcuaro,Rincon Los Pinos,diciembre,lunes,23,-101.598987579346,19.4967741695941
10897,10897,2017,"171345870",2017/12/05,"00:00:00",VOLCADURA,CONCRETO,Bueno,Bueno,1,MINI COOPER,GRIS,1,,0,FEMENINO,SIN DATOS,0,0,Morelia,Molino de Parras,diciembre,martes,0,-101.204630434513,19.6970844834656
10898,10898,2017,"171346054",2017/12/05,"01:10:00",COLISIÓN POR CORTE DE CIRCULACIÓN,CONCRETO,Bueno,Bueno,2,DODGE,ROJO,2,,55,MASCULINO,SIN DATOS,0,0,Morelia,Chapultepec Norte,diciembre,martes,1,-101.166089773178,19.6955970944163
10899,10899,2017,,2017/12/05,"02:45:00",COLISIÓN POR CORTE DE CIRCULACIÓN,CONCRETO,Bueno,Bueno,2,SIN DATOS,SIN DATOS,2,,26,,SIN DATOS,0,0,Pátzcuaro,Centro,diciembre,martes,3,-101.611234545708,19.515872665739
10900,10900,2017,"171346372",2017/12/05,"04:40:00",COLISIÓN CONTRA OBJETO FIJO,CONCRETO,Bueno,Bueno,3,CHEVROLET,BLANCO Y VERDE,3,,27,MASCULINO,SIN DATOS,0,0,Morelia,Granjas del Maestro,diciembre,martes,5,-101.190704405308,19.7156592676658
10901,10901,2017,"171346173",2017/12/05,"08:00:00",COLISIÓN POR CORTE DE CIRCULACIÓN,ASFALTO,Bueno,Bueno,2,NISSAN,HIERRO,2,,26,MASCULINO,SIN DATOS,0,0,Morelia,Independencia,diciembre,martes,8,-101.176223158836,19.7056070319202
10902,10902,2017,"171346228",2017/12/05,"08:10:00",COLISIÓN POR CORTE DE CIRCULACIÓN,CONCRETO,Bueno,Bueno,2,YAMAHA,NEGRO,2,,28,MASCULINO,SIN DATOS,0,0,Morelia,Buenavista,diciembre,martes,8,-101.163944005966,19.7077180285842
10904,10904,2017,"171346104",2017/12/05,"08:47:00",COLISIÓN POR CORTE DE CIRCULACIÓN,ASFALTO,Bueno,Bueno,2,FORD,NEGRO,2,,45,MASCULINO,SIN DATOS,0,0,Morelia,Ciudad Industrial,diciembre,martes,9,-101.144170761108,19.7243121179245
10905,10905,2017,,2017/12/05,"09:00:00",COLISIÓN POR CORTE DE CIRCULACIÓN,ASFALTO,Bueno,Bueno,4,NISSAN,BLANCO,6,MINISTERIO PÚBLICO,17,MASCULINO,SIN DATOS,2,0,Zitácuaro,Sin datos,diciembre,martes,9,-100.389633178711,19.4856892322156
10906,10906,2017,"171346236",2017/12/05,"09:20:00",COLISIÓN POR ALCANCE,CONCRETO,Bueno,Bueno,2,CHEVROLET,PISTACHE,2,,28,MASCULINO,SIN DATOS,0,0,Morelia,Centro,diciembre,martes,9,-101.178202629089,19.6993041775789
10907,10907,2017,"171646276",2017/12/05,10:00:00,COLISIÓN POR CORTE DE CIRCULACIÓN,ASFALTO,Bueno,Bueno,2,TOYOTA,GRIS,2,,28,MASCULINO,SIN DATOS,0,0,Morelia,Mirador del Punhuato,diciembre,martes,10,-101.157238483429,19.7049908984554
10908,10908,2017,"171346393",2017/12/05,10:05:00,COLISIÓN POR ALCANCE,ASFALTO,Bueno,Bueno,2,NISSAN,VERDE,4,MINISTERIO PÚBLICO,35,MASCULINO,SIN DATOS,2,0,Morelia,Francisco J Mujica,diciembre,martes,10,-101.192429065704,19.723261782324