fid,id_accidente,anio_origen,folio_c5i,dia_incidente,hora_ocurrencia,tipo_incidente_vial,superficie_ocurrencia,condiciones_climaticas,condiciones_via,numero_vehiculos_involucrados,marca_vehiculo_ocasiona_siniestro,color_vehiculo_ocasiona_siniestro,numero_personas_involucradas,lugar_remite_presunto_responsable,edad_presunto_responsable,sexo_presunto_responsable,resultados_toxicologia,numero_personas_lesionadas,numero_personas_fallecidas,municipio,colonia,mes,dia_semana,hora_redondeada,lon,lat
10909,10909,2017,"171346611",2017/12/05,10:55:00,COLISIÓN POR NO RESPETAR SEMÁFORO,ASFALTO,Bueno,Bueno,2,CHEVROLET,AZUL,2,,22,MASCULINO,SIN DATOS,0,0,Morelia,Nueva Chapultepec,diciembre,martes,11,-101.17324590683,19.6862734512889
10911,10911,2017,"171019487",2017/12/05,13:00:00,COLISIÓN POR CORTE DE CIRCULACIÓN,ASFALTO,Bueno,Bueno,2,FORD,AZUL,2,,35,MASCULINO,SIN DATOS,0,0,Morelia,Lomas del Valle,diciembre,martes,13,-101.230698823929,19.687920027958
10912,10912,2017,,2017/12/05,13:20:00,COLISIÓN POR CORTE DE CIRCULACIÓN,ASFALTO,Bueno,Bueno,2,DODGE,AZUL,2,,31,MASCULINO,SIN DATOS,0,0,Lázaro Cárdenas,Centro,diciembre,martes,13,-102.196047306061,17.9519532525104
10913,10913,2017,"171347063",2017/12/05,14:00:00,COLISIÓN POR MANIOBRA DE REVERSA,ASFALTO,Bueno,Regular,2,NISSAN,ROJO,2,,46,MASCULINO,SIN DATOS,0,0,Morelia,Ventura Puente,diciembre,martes,14,-101.188073158264,19.6910414059685
10914,10914,2017,,2017/12/05,14:10:00,COLISIÓN POR INVASIÓN DE CARRIL,ASFALTO,Bueno,Bueno,2,NISSAN,BLANCO,0,,,,,0,0,Pátzcuaro,Centro,diciembre,martes,14,-101.616582870483,19.5133799267362
10915,10915,2017,,2017/12/05,14:15:00,COLISIÓN POR CAMBIO DE CARRIL,CONCRETO,Bueno,Bueno,2,VOLVO,GRIS,2,,34,MASCULINO,SIN DATOS,0,0,Morelia,Centro,diciembre,martes,14,-101.191506385803,19.7047888869667
10916,10916,2017,"171346055",2017/12/05,15:15:00,COLISIÓN POR CORTE DE CIRCULACIÓN,CONCRETO,Bueno,Bueno,2,CHEVROLET,AZUL,2,,31,MASCULINO,SIN DATOS,0,0,Morelia,Peña Blanca,diciembre,martes,15,-101.193233728409,19.6663136767591
10917,10917,2017,,2017/12/05,15:40:00,COLISIÓN CON PEATÓN,ASFALTO,Bueno,Regular,1,HONDA,BLANCO,3,,24,MASCULINO,SIN DATOS,2,0,Morelia,Industrial,diciembre,martes,16,-101.196870803833,19.7074251168361
10918,10918,2017,"171347401",2017/12/05,15:45:00,COLISIÓN POR INVASIÓN DE CARRIL,ASFALTO,Bueno,Bueno,2,TOYOTA,GRIS,2,,64,MASCULINO,SIN DATOS,0,0,Morelia,Felix Ireta,diciembre,martes,16,-101.191892623901,19.6824549445351
10919,10919,2017,"171347995",2017/12/05,18:35:00,COLISIÓN POR ALCANCE,ASFALTO,Bueno,Bueno,2,DODGE,BLANCO,2,,24,MASCULINO,SIN DATOS,0,0,Morelia,Lomas de Las Americas Norte,diciembre,martes,19,-101.14914894104,19.6948395055468
10920,10920,2017,,2017/12/05,19:10:00,COLISIÓN POR ALCANCE,ASFALTO,Bueno,Bueno,2,DODGE,BLANCO Y VERDE,2,,25,MASCULINO,SIN DATOS,0,0,Cuitzeo,Los Granados,diciembre,martes,19,-101.140265464783,19.9749016395949
10921,10921,2017,"171348460",2017/12/05,20:40:00,COLISIÓN POR ALCANCE,ASFALTO,Bueno,Bueno,2,VOLKSWAGEN,GRIS,2,,27,MASCULINO,SIN DATOS,0,0,Morelia,Vasco de Quiroga,diciembre,martes,21,-101.1678814888,19.6967890269787
10922,10922,2017,"171348318",2017/12/05,20:45:00,COLISIÓN CONTRA OBJETO FIJO,CONCRETO,Bueno,Bueno,1,FORD,AZUL,1,,28,FEMENINO,SIN DATOS,0,0,Morelia,Sin datos,diciembre,martes,21,-101.478159427643,19.787198465479
10923,10923,2017,"171348670",2017/12/05,21:45:00,COLISIÓN POR INVASIÓN DE CARRIL,ASFALTO,Bueno,Bueno,2,CHEVROLET,ROJO,4,MINISTERIO PÚBLICO,26,MASCULINO,SIN DATOS,3,0,Morelia,Rafael Carrillo,diciembre,martes,22,-101.23633146286,19.7078291329001
10924,10924,2017,"171348948",2017/12/05,23:10:00,COLISIÓN POR ALCANCE,ADOQUIN_EMPEDRADO,Bueno,Regular,2,DODGE,AZUL,2,,23,MASCULINO,SIN DATOS,0,0,Morelia,Vista Bella,diciembre,martes,23,-101.195022761822,19.678492389892
10925,10925,2017,"1711348994",2017/12/06,"00:00:00",COLISIÓN CONTRA OBJETO FIJO,ASFALTO,Bueno,Bueno,1,FORD,AZUL,1,,37,MASCULINO,SIN DATOS,0,0,Morelia,Bosques de Oriente,diciembre,miércoles,0,-101.156444549561,19.7151618470976
10926,10926,2017,"171349084",2017/12/06,"02:00:00",COLISIÓN CONTRA OBJETO FIJO,ASFALTO,Bueno,Bueno,1,VOLKSWAGEN,BLANCO,2,,25,MASCULINO,SIN DATOS,1,0,Morelia,Felix Ireta,diciembre,miércoles,2,-101.195755004883,19.6817275995936
10927,10927,2017,"171349270",2017/12/06,"08:00:00",COLISIÓN POR CORTE DE CIRCULACIÓN,ASFALTO,Bueno,Bueno,2,VOLKSWAGEN,AZUL,2,,26,MASCULINO,SIN DATOS,0,0,Morelia,Cinco de Diciembre,diciembre,miércoles,8,-101.160821914673,19.6880917558381
10928,10928,2017,"171342567",2017/12/06,10:00:00,COLISIÓN POR ALCANCE,ASFALTO,Bueno,Bueno,2,CHEVROLET,BLANCO,2,,24,MASCULINO,SIN DATOS,0,0,Morelia,Santa Maria,diciembre,miércoles,10,-101.200196743011,19.68028300193
10929,10929,2017,"171349789",2017/12/06,10:50:00,COLISIÓN POR CORTE DE CIRCULACIÓN,ASFALTO,Bueno,Bueno,2,MITSUBISHI,BLANCO,2,,56,FEMENINO,SIN DATOS,0,0,Morelia,Las Americas,diciembre,miércoles,11,-101.158955097198,19.6881321623714
10930,10930,2017,"171349815",2017/12/06,11:00:00,COLISIÓN POR CAMBIO DE CARRIL,ASFALTO,Bueno,Bueno,2,MAZDA,BLANCO,2,,43,MASCULINO,SIN DATOS,0,0,Morelia,Felix Ireta,diciembre,miércoles,11,-101.195755004883,19.6817275995936
10931,10931,2017,"171349899",2017/12/06,11:20:00,COLISIÓN CONTRA OBJETO FIJO,ASFALTO,Bueno,Bueno,1,VOLKSWAGEN,GRIS,1,,52,MASCULINO,SIN DATOS,0,0,Morelia,Chapultepec Sur,diciembre,miércoles,11,-101.178191900253,19.6907484636942
10932,10932,2017,,2017/12/06,13:15:00,COLISIÓN POR ALCANCE,ASFALTO,Bueno,Bueno,2,TOYOTA,NEGRO,2,,73,MASCULINO,SIN DATOS,0,0,Pátzcuaro,Centro,diciembre,miércoles,13,-101.612269878387,19.5127124931373
10933,10933,2017,"171351149",2017/12/06,16:10:00,COLISIÓN POR ALCANCE,ASFALTO,Bueno,Bueno,2,CHYSLER,GRIS,2,,38,FEMENINO,SIN DATOS,0,0,Morelia,Ventura Puente,diciembre,miércoles,16,-101.184017658234,19.6916777959588
10934,10934,2017,"171351277",2017/12/06,16:25:00,COLISIÓN POR ALCANCE,CONCRETO,Bueno,Bueno,3,CHEVROLET,BLANCO,3,,35,FEMENINO,SIN DATOS,0,0,Morelia,La Loma,diciembre,miércoles,16,-101.18187725544,19.6798334566427
10935,10935,2017,,2017/12/06,17:20:00,COLISIÓN POR ALCANCE,ASFALTO,Bueno,Bueno,2,SEAT,ROJO,2,,43,MASCULINO,SIN DATOS,0,0,Morelia,Comision Federal de Electricidad,diciembre,miércoles,17,-101.181292533875,19.6815457628422
10936,10936,2017,"171351600",2017/12/06,17:55:00,COLISIÓN POR CAMBIO DE CARRIL,CONCRETO,Bueno,Bueno,2,NISSAN,ROJO,2,,26,MASCULINO,SIN DATOS,0,0,Morelia,Comision Federal de Electricidad,diciembre,miércoles,18,-101.180069446564,19.6816871914444
10937,10937,2017,,2017/12/06,18:30:00,COLISIÓN POR ALCANCE,ASFALTO,Bueno,Bueno,2,VOLKWAGEN,AZUL,2,,18,MASCULINO,SIN DATOS,0,0,Morelia,Comision Federal de Electricidad,diciembre,miércoles,19,-101.181292533875,19.6816467832851
10938,10938,2017,"171351935",2017/12/06,19:25:00,COLISIÓN POR ALCANCE,ASFALTO,Bueno,Bueno,2,RENAULT,AZUL,2,,24,MASCULINO,SIN DATOS,0,0,Morelia,Primo Tapia,diciembre,miércoles,19,-101.21425151825,19.7096269920099
10939,10939,2017,,2017/12/06,19:50:00,COLISIÓN POR MANIOBRA DE REVERSA,ASFALTO,Bueno,Bueno,2,JEEP,GRIS,2,,30,MASCULINO,SIN DATOS,0,0,Morelia,Camelinas,diciembre,miércoles,20,-101.17445663,19.6798512049992
10940,10940,2017,"171352194",2017/12/06,20:45:00,COLISIÓN POR CORTE DE CIRCULACIÓN,ASFALTO,Bueno,Bueno,2,HONDA,PLATA,2,,35,MASCULINO,SIN DATOS,0,0,Morelia,Ventura Puente,diciembre,miércoles,21,-101.179522275925,19.6924050957072
10941,10941,2017,"171352171",2017/12/06,21:00:00,COLISIÓN POR CAMBIO DE CARRIL,ASFALTO,Bueno,Bueno,2,KENWORTH,BLANCO,2,,47,MASCULINO,SIN DATOS,0,0,Morelia,Industrial,diciembre,miércoles,21,-101.188298463821,19.7126469458141
10942,10942,2017,"171352553",2017/12/07,"00:10:00",COLISIÓN POR ALCANCE,ASFALTO,Bueno,Bueno,2,FORD,BLANCO,2,,34,MASCULINO,CON CERTIFICADO,0,0,Morelia,La Quemada,diciembre,jueves,0,-101.240215301514,19.7011425357425
10943,10943,2017,"171352945",2017/12/07,"07:50:00",COLISIÓN CONTRA OBJETO FIJO,CONCRETO,Bueno,Bueno,1,BMW,NEGRO,1,,,,SIN DATOS,0,0,Morelia,Vistas de Altozano,diciembre,jueves,8,-101.167661547661,19.654449781047
10944,10944,2017,,2017/12/07,"08:10:00",COLISIÓN POR INVASIÓN DE CARRIL,ASFALTO,Bueno,Bueno,2,VOLKSWAGEN,AZUL,3,MINISTERIO PÚBLICO,32,MASCULINO,SIN DATOS,2,0,Zitácuaro,Sin datos,diciembre,jueves,8,-100.413665771484,19.3623283252085
10945,10945,2017,"171352902",2017/12/07,"08:10:00",COLISIÓN POR CAMBIO DE CARRIL,ASFALTO,Bueno,Bueno,2,NISSAN,BLANCO Y AMARILLO,2,,35,MASCULINO,SIN DATOS,0,0,Morelia,Chapultepec Sur,diciembre,jueves,8,-101.172215938568,19.6904959268206
10947,10947,2017,"171353008",2017/12/07,"08:50:00",COLISIÓN POR CORTE DE CIRCULACIÓN,ASFALTO,Bueno,Regular,2,SIN DATOS,NEGRO,1,,25,MASCULINO,SIN DATOS,0,0,Morelia,Arcos del Valle,diciembre,jueves,9,-101.236256361008,19.707707928188
10948,10948,2017,"171353326",2017/12/07,"09:20:00",COLISIÓN POR ALCANCE,SIN_DATOS,Bueno,Bueno,2,VOLKSWAGEN,GRIS,2,,30,MASCULINO,SIN DATOS,0,0,Morelia,Alberto Oviedo Mota,diciembre,jueves,9,-101.201108694077,19.6805254527973
10949,10949,2017,,2017/12/07,"09:30:00",COLISIÓN POR CORTE DE CIRCULACIÓN,ASFALTO,Bueno,Bueno,2,NISSAN,VINO,2,,58,MASCULINO,SIN DATOS,0,0,Morelia,Erendira,diciembre,jueves,10,-101.163434386253,19.7018394901842
10950,10950,2017,"171353348",2017/12/07,"09:50:00",COLISIÓN POR CORTE DE CIRCULACIÓN,ASFALTO,Bueno,Bueno,2,FORD,AZUL,2,,27,MASCULINO,SIN DATOS,0,0,Morelia,Elias Perez Avalos,diciembre,jueves,10,-101.165714263916,19.7105966155004
10951,10951,2017,"171353272",2017/12/07,10:20:00,COLISIÓN POR CAMBIO DE CARRIL,ASFALTO,Bueno,Bueno,2,FORD,VINO Y GRIS,2,,67,MASCULINO,SIN DATOS,0,0,Morelia,Canteras de Morelia,diciembre,jueves,10,-101.173825263977,19.7166162297872
10952,10952,2017,"171653735",2017/12/07,11:00:00,COLISIÓN POR CORTE DE CIRCULACIÓN,ASFALTO,Bueno,Bueno,2,KENWORTH,AZUL,2,,55,MASCULINO,SIN DATOS,0,0,Morelia,Isaac Arriaga,diciembre,jueves,11,-101.169539093971,19.70861191112
10953,10953,2017,"171312161",2017/12/07,11:00:00,COLISIÓN POR ALCANCE,ASFALTO,Bueno,Bueno,2,FORD,VERDE,2,,23,MASCULINO,SIN DATOS,0,0,Morelia,Lomas de Huerta,diciembre,jueves,11,-101.210110187531,19.6723930463862
10954,10954,2017,"171354333",2017/12/07,11:10:00,COLISIÓN CON PEATÓN,ASFALTO,Bueno,Bueno,1,VOLKSWAGEN,GRIS,1,MINISTERIO PÚBLICO,,,,0,1,Morelia,Sin datos,diciembre,jueves,11,-101.314952373505,19.6870815891931
10955,10955,2017,"171352557",2017/12/07,12:30:00,COLISIÓN POR MANIOBRA DE REVERSA,ASFALTO,Bueno,Bueno,2,VOLKSWAGEN,BLANCO,2,,17,FEMENINO,SIN DATOS,0,0,Morelia,Bosques Tres Marias,diciembre,jueves,13,-101.103830337524,19.7234435716719
10956,10956,2017,"171353832",2017/12/07,13:00:00,COLISIÓN POR CORTE DE CIRCULACIÓN,ASFALTO,Bueno,Regular,2,FORD,AZUL,2,,34,MASCULINO,SIN DATOS,0,0,Morelia,Jardines de Guadalupe,diciembre,jueves,13,-101.222035288811,19.7115106822619
10957,10957,2017,"171353527",2017/12/07,13:20:00,COLISIÓN POR CAMBIO DE CARRIL,ASFALTO,Bueno,Bueno,2,DINA,BLANCO,2,,29,MASCULINO,SIN DATOS,0,0,Morelia,Indeco El Vivero,diciembre,jueves,13,-101.231836080551,19.6776867342241
10958,10958,2017,"171353977",2017/12/07,13:40:00,COLISIÓN POR INVASIÓN DE CARRIL,CONCRETO,Bueno,Bueno,2,DODGE,NEGRO,2,,19,MASCULINO,SIN DATOS,0,0,Morelia,Chapultepec Norte,diciembre,jueves,14,-101.171224862337,19.6952978472413
10959,10959,2017,"171354052",2017/12/07,14:10:00,COLISIÓN POR CAMBIO DE CARRIL,ASFALTO,Bueno,Bueno,2,CHEVROLET,ROJO,2,,37,FEMENINO,SIN DATOS,0,0,Morelia,Jardines de Sindurio,diciembre,jueves,14,-101.256308555603,19.6976678190305
10960,10960,2017,,2017/12/07,14:25:00,COLISIÓN POR CORTE DE CIRCULACIÓN,ASFALTO,Bueno,Bueno,2,ITALIKA,GRIS,3,,22,MASCULINO,ALIENTO ETÍLICO,1,0,Apatzingán,Palmira,diciembre,jueves,14,-102.348439693451,19.0825345648378
10961,10961,2017,LEG11480,2017/12/07,14:30:00,COLISIÓN POR CAMBIO DE CARRIL,CONCRETO,Bueno,Bueno,2,COTT,AMARILLO,2,,0,MASCULINO,SIN DATOS,0,0,Morelia,Union Popular Solidaria,diciembre,jueves,15,-101.219047307968,19.705233311905
10962,10962,2017,"171333529",2017/12/07,16:50:00,COLISIÓN POR ALCANCE,CONCRETO,Bueno,Bueno,2,FORD,GRIS,2,,,,SIN DATOS,0,0,Morelia,Chapultepec Norte,diciembre,jueves,17,-101.168321371078,19.6961223539276
10963,10963,2017,"171354963",2017/12/07,17:50:00,COLISIÓN POR CORTE DE CIRCULACIÓN,ASFALTO,Bueno,Bueno,2,KAWASAKI,AZUL,3,MINISTERIO PÚBLICO,32,MASCULINO,SIN DATOS,1,0,Morelia,Lomas de Guayangareo,diciembre,jueves,18,-101.160296201706,19.704586875223
10964,10964,2017,"171355025",2017/12/07,18:00:00,COLISIÓN CONTRA OBJETO FIJO,SIN_DATOS,Bueno,Regular,2,HONDA,BLANCO,1,,,,SIN DATOS,0,0,Morelia,Chapultepec Sur,diciembre,jueves,18,-101.171132326126,19.6909605943602
10965,10965,2017,"171355278",2017/12/07,19:20:00,COLISIÓN POR INVASIÓN DE CARRIL,ASFALTO,Bueno,Regular,2,NISSAN,ROJO,2,,38,MASCULINO,SIN DATOS,0,0,Charo,La Goleta,diciembre,jueves,19,-101.083273887634,19.7379052614993
10966,10966,2017,"171355725",2017/12/07,20:40:00,COLISIÓN POR CORTE DE CIRCULACIÓN,CONCRETO,Bueno,Regular,2,DODGE,ROJO,2,,56,MASCULINO,SIN DATOS,0,0,Morelia,Comision Federal de Electricidad,diciembre,jueves,21,-101.181399822235,19.6816265792016
10967,10967,2017,"171355947",2017/12/07,22:25:00,COLISIÓN POR INVASIÓN DE CARRIL,ASFALTO,Bueno,Bueno,2,CHRYSLER,ROJO,2,,28,MASCULINO,SIN DATOS,0,0,Morelia,San Jose Itzicuaro,diciembre,jueves,22,-101.304502487183,19.6879301296032
10968,10968,2017,"171356460",2017/12/08,"06:29:00",COLISIÓN POR CORTE DE CIRCULACIÓN,ASFALTO,Bueno,Bueno,2,SIN DATOS,SIN DATOS,2,,0,,SIN DATOS,0,0,Morelia,Felix Ireta,diciembre,viernes,6,-101.180927753448,19.6850410331333
10969,10969,2017,"171356548",2017/12/08,"07:45:00",VOLCADURA,CONCRETO,Bueno,Bueno,1,NISSAN,BLANCO,1,,29,MASCULINO,SIN DATOS,0,0,Morelia,Villas del Pedregal,diciembre,viernes,8,-101.30538225174,19.6834247326527
10970,10970,2017,"171356710",2017/12/08,"08:50:00",COLISIÓN POR CAMBIO DE CARRIL,ASFALTO,Bueno,Bueno,2,NISSAN,GRIS,2,,30,MASCULINO,SIN DATOS,0,0,Morelia,Sentimientos de La Nacion,diciembre,viernes,9,-101.231932640076,19.6777574502443
10971,10971,2017,"171356161",2017/12/08,"09:00:00",COLISIÓN POR CAMBIO DE CARRIL,ASFALTO,Bueno,Bueno,2,INTERNATIONAL,BLANCO,2,,32,MASCULINO,SIN DATOS,0,0,Morelia,Francisco J Mujica,diciembre,viernes,9,-101.18843793869,19.7215852708133
10973,10973,2017,"171387291",2017/12/08,"09:40:00",COLISIÓN POR CAMBIO DE CARRIL,CONCRETO,Bueno,Bueno,2,NISSAN,BLANCO,2,,25,MASCULINO,SIN DATOS,0,0,Morelia,Felicitas del Rio,diciembre,viernes,10,-101.199799776077,19.6902433895487
10974,10974,2017,,2017/12/08,10:30:00,COLISIÓN POR CORTE DE CIRCULACIÓN,ASFALTO,Bueno,Bueno,2,CHEVROLET,AZUL,2,,41,MASCULINO,SIN DATOS,0,0,Pátzcuaro,Rincon Los Pinos,diciembre,viernes,11,-101.599116325378,19.4967741695941
10975,10975,2017,"171357047",2017/12/08,10:50:00,COLISIÓN POR CORTE DE CIRCULACIÓN,ASFALTO,Bueno,Bueno,2,NISSAN,PLATA,2,,,MASCULINO,SIN DATOS,0,0,Morelia,Torreon Nuevo,diciembre,viernes,11,-101.203887462616,19.7467664390415
10976,10976,2017,"171357071",2017/12/08,11:35:00,COLISIÓN POR CORTE DE CIRCULACIÓN,ASFALTO,Bueno,Bueno,2,NISSAN,BLANCO,2,,38,MASCULINO,SIN DATOS,0,0,Morelia,San Rafael,diciembre,viernes,12,-101.153874993324,19.6998647780483
10977,10977,2017,"171357227",2017/12/08,12:00:00,COLISIÓN POR CAMBIO DE CARRIL,ASFALTO,Bueno,Bueno,2,BAJAJ,NEGRO,2,,22,MASCULINO,SIN DATOS,0,0,Morelia,Insurgentes,diciembre,viernes,12,-101.15486741066,19.6952637557555
10978,10978,2017,"171357504",2017/12/08,12:00:00,COLISIÓN POR CAMBIO DE CARRIL,ASFALTO,Bueno,Bueno,2,MERCEDEZ BENZ,AZUL,2,,20,MASCULINO,SIN DATOS,0,0,Morelia,La Esperanza,diciembre,viernes,12,-101.15391254425,19.6994354895767
10979,10979,2017,"171357460",2017/12/08,13:05:00,COLISIÓN POR CORTE DE CIRCULACIÓN,ASFALTO,Bueno,Bueno,2,VENTO,ROJO,2,,,MASCULINO,SIN DATOS,0,0,Morelia,Felicitas del Rio,diciembre,viernes,13,-101.196606606245,19.6902017208606
10981,10981,2017,,2017/12/08,14:30:00,COLISIÓN POR CORTE DE CIRCULACIÓN,SIN_DATOS,Bueno,Bueno,2,NISSAN,BLANCO,2,,48,MASCULINO,SIN DATOS,0,0,Pátzcuaro,Centro,diciembre,viernes,15,-101.614260077477,19.5136074602878
10982,10982,2017,"171357944",2017/12/08,14:50:00,COLISIÓN POR CORTE DE CIRCULACIÓN,CONCRETO,Bueno,Bueno,2,DINAMO,AZUL,2,,18,MASCULINO,SIN DATOS,0,0,Morelia,Alberto Oviedo Mota,diciembre,viernes,15,-101.19775056839,19.6839651849411
10983,10983,2017,"171358024",2017/12/08,15:00:00,COLISIÓN POR ALCANCE,ASFALTO,Bueno,Bueno,2,FORD,VERDE,2,,17,FEMENINO,SIN DATOS,0,0,Morelia,Loma de Los Piñones,diciembre,viernes,15,-101.205078363419,19.6741407909067
10984,10984,2017,"171357934",2017/12/08,15:00:00,COLISIÓN POR CORTE DE CIRCULACIÓN,CONCRETO,Bueno,Bueno,1,ITALIKA,ROJO,2,,63,MASCULINO,SIN DATOS,1,0,Morelia,Industrial,diciembre,viernes,15,-101.189779043198,19.7108188200556
10985,10985,2017,"171358251",2017/12/08,16:00:00,COLISIÓN POR CAMBIO DE CARRIL,ASFALTO,Bueno,Bueno,2,FORD,GRIS,2,,,MASCULINO,SIN DATOS,0,0,Morelia,Ana Maria Gallaga (Riviera Norte),diciembre,viernes,16,-101.219481825829,19.6768027813382
10986,10986,2017,"171358356",2017/12/08,16:20:00,COLISIÓN POR ALCANCE,ASFALTO,Bueno,Bueno,2,HONDA,CAFE,2,,39,MASCULINO,SIN DATOS,0,0,Morelia,Elias Perez Avalos,diciembre,viernes,16,-101.16858959198,19.7127378465494
10987,10987,2017,"171358603",2017/12/08,17:10:00,COLISIÓN POR CAMBIO DE CARRIL,ASFALTO,Bueno,Bueno,2,VOLKSWAGEN,NEGRO,2,,62,MASCULINO,SIN DATOS,0,0,Morelia,Tzindurio Norte,diciembre,viernes,17,-101.24610543251,19.6997132646016
10988,10988,2017,"171358773",2017/12/08,18:15:00,COLISIÓN POR CAMBIO DE CARRIL,ASFALTO,Bueno,Bueno,2,TOYOTA,AZUL,2,MINISTERIO PÚBLICO,34,FEMENINO,SIN DATOS,0,0,Morelia,Felix Ireta,diciembre,viernes,18,-101.191935539246,19.6897484153403
10989,10989,2017,"171359090",2017/12/08,20:00:00,COLISIÓN POR CORTE DE CIRCULACIÓN,CONCRETO,Bueno,Bueno,1,FORD,VERDE,1,,48,MASCULINO,SIN DATOS,0,0,Morelia,Centro,diciembre,viernes,20,-101.200194060802,19.702662700578
10990,10990,2017,,2017/12/08,20:21:00,COLISIÓN POR CORTE DE CIRCULACIÓN,ASFALTO,Bueno,Bueno,2,ITALIKA,AMARILLO,2,,17,MASCULINO,SIN DATOS,0,0,Apatzingán,Benito Juarez,diciembre,viernes,20,-102.351347208023,19.0909043220631
10991,10991,2017,"171359632",2017/12/08,23:00:00,COLISIÓN POR ALCANCE,ASFALTO,Bueno,Regular,2,KURAZAI,NEGRO,0,MINISTERIO PÚBLICO,,,,0,0,Morelia,Barrio Alto,diciembre,viernes,23,-101.193866729736,19.7241303295645
10992,10992,2017,,2017/12/08,23:40:00,COLISIÓN POR CORTE DE CIRCULACIÓN,ASFALTO,Bueno,Bueno,2,MITSUBISHI,VERDE,2,,30,MASCULINO,SIN DATOS,0,0,Morelia,Chapultepec Sur,diciembre,viernes,0,-101.171920895576,19.6918848746958
10993,10993,2017,"171359668",2017/12/09,"00:10:00",COLISIÓN POR INVASIÓN DE CARRIL,ASFALTO,Bueno,Bueno,2,LINCOLN,BLANCO,2,,34,MASCULINO,SIN DATOS,0,0,Tarímbaro,Sin datos,diciembre,sábado,0,-101.133098602295,19.7767998977796
10994,10994,2017,"171359861",2017/12/09,"01:35:00",COLISIÓN POR CORTE DE CIRCULACIÓN,ASFALTO,Bueno,Bueno,1,CHEVROLET,ROJO,1,,33,MASCULINO,SIN DATOS,0,0,Morelia,El Lago 1,diciembre,sábado,2,-101.221217215061,19.7277445968193
10995,10995,2017,"171359868",2017/12/09,"03:05:00",COLISIÓN POR CAMBIO DE CARRIL,ASFALTO,Bueno,Bueno,3,FORD,BLANCO,1,MINISTERIO PÚBLICO,,,,1,0,Morelia,San Pascual,diciembre,sábado,3,-101.266791969538,19.6954064348885
10996,10996,2017,"171359918",2017/12/09,"04:50:00",COLISIÓN CONTRA OBJETO FIJO,ASFALTO,Bueno,Bueno,1,CHEVROLET,AZUL,0,,,,,0,0,Tarímbaro,Sin datos,diciembre,sábado,5,-101.172559261322,19.7494070253072
10997,10997,2017,"171359935",2017/12/09,"05:00:00",COLISIÓN POR CORTE DE CIRCULACIÓN,ASFALTO,Nublado,Bueno,1,VOLKSWAGEN,AZUL,1,,29,MASCULINO,SIN DATOS,0,0,Morelia,Villas Lomas del Paraiso,diciembre,sábado,5,-101.182429790497,19.675474317258
10998,10998,2017,,2017/12/09,"05:00:00",COLISIÓN POR ALCANCE,ASFALTO,Bueno,Bueno,1,CHEVROLET,VERDE,1,,40,MASCULINO,SIN DATOS,0,0,Cuitzeo,Los Granados,diciembre,sábado,5,-101.140286922455,19.9749419732478
10999,10999,2017,,2017/12/09,"07:00:00",COLISIÓN POR INVASIÓN DE CARRIL,ASFALTO,Bueno,Bueno,2,VOLKSWAGEN,ROJO,2,,30,MASCULINO,SIN DATOS,0,0,Pátzcuaro,Sin datos,diciembre,sábado,7,-101.636023521423,19.5385179184798
11000,11000,2017,"171630605",2017/12/09,"07:50:00",SALIDA DE SUPERFICIE DE RODAMIENTO,ASFALTO,Bueno,Bueno,1,NISSAN,NEGRO,0,,,,,0,0,Morelia,Sin datos,diciembre,sábado,8,-101.127455234528,19.7146568500138
11001,11001,2017,"171360129",2017/12/09,"08:30:00",COLISIÓN POR CORTE DE CIRCULACIÓN,ASFALTO,Bueno,Bueno,2,NISSAN,BLANCO/ROJO,2,,42,MASCULINO,SIN DATOS,0,0,Morelia,Los Manantiales de Morelia,diciembre,sábado,9,-101.240295767784,19.692773795012
11002,11002,2017,,2017/12/09,"09:30:00",COLISIÓN POR CORTE DE CIRCULACIÓN,ASFALTO,Bueno,Bueno,2,HONDA,BLANCO/NEGRO,1,,38,MASCULINO,SIN DATOS,0,0,Morelia,Centro,diciembre,sábado,10,-101.197407245636,19.6977082231468
11003,11003,2017,"171360298",2017/12/09,"09:55:00",COLISIÓN CONTRA OBJETO FIJO,ASFALTO,Bueno,Bueno,1,NISSAN,BLANCO,1,,21,MASCULINO,SIN DATOS,0,0,Morelia,Sentimientos de La Nacion,diciembre,sábado,10,-101.232431530952,19.6786616023231
11004,11004,2017,"171360345",2017/12/09,10:40:00,COLISIÓN CONTRA OBJETO FIJO,ASFALTO,Bueno,Bueno,1,NISSAN,BLANCO/ROJO,1,,46,MASCULINO,SIN DATOS,0,0,Morelia,Primo Tapia Oriente,diciembre,sábado,11,-101.160414218903,19.7127782468597