fid,id_accidente,anio_origen,folio_c5i,dia_incidente,hora_ocurrencia,tipo_incidente_vial,superficie_ocurrencia,condiciones_climaticas,condiciones_via,numero_vehiculos_involucrados,marca_vehiculo_ocasiona_siniestro,color_vehiculo_ocasiona_siniestro,numero_personas_involucradas,lugar_remite_presunto_responsable,edad_presunto_responsable,sexo_presunto_responsable,resultados_toxicologia,numero_personas_lesionadas,numero_personas_fallecidas,municipio,colonia,mes,dia_semana,hora_redondeada,lon,lat
11005,11005,2017,,2017/12/09,11:00:00,COLISIÓN POR INVASIÓN DE CARRIL,ASFALTO,Bueno,Bueno,2,NISSAN,GRIS,1,,40,MASCULINO,SIN DATOS,0,0,Morelia,2 de Octubre,diciembre,sábado,11,-101.386706829071,19.6674628897706
11006,11006,2017,"171360470",2017/12/09,11:00:00,COLISIÓN POR CORTE DE CIRCULACIÓN,ASFALTO,Bueno,Regular,2,HONDA,PLATA,2,,41,MASCULINO,SIN DATOS,0,0,Morelia,Sentimientos de La Nacion,diciembre,sábado,11,-101.234019398689,19.6845611956305
11007,11007,2017,"171360488",2017/12/09,11:26:00,COLISIÓN POR CORTE DE CIRCULACIÓN,ASFALTO,Bueno,Bueno,2,NISSAN,ARENA,2,,46,FEMENINO,SIN DATOS,0,0,Morelia,Lomas del Valle,diciembre,sábado,11,-101.228558421135,19.6890766621813
11008,11008,2017,"171360475",2017/12/09,11:30:00,COLISIÓN CONTRA OBJETO FIJO,CONCRETO,Bueno,Bueno,1,JEEP,BLANCO,1,,45,MASCULINO,SIN DATOS,0,0,Morelia,Cosmos,diciembre,sábado,12,-101.216320842505,19.6833275015568
11009,11009,2017,"171360540",2017/12/09,11:35:00,COLISIÓN POR CAMBIO DE CARRIL,ASFALTO,Bueno,Regular,2,NISSAN,ROJO,2,,29,MASCULINO,SIN DATOS,0,0,Morelia,Dr Miguel Silva,diciembre,sábado,12,-101.178395748138,19.719787546161
11010,11010,2017,"171360649",2017/12/09,13:25:00,COLISIÓN POR CORTE DE CIRCULACIÓN,ADOQUIN_EMPEDRADO,Bueno,Bueno,2,HONDA,ROJO,2,,37,FEMENINO,SIN DATOS,0,0,Morelia,Centro,diciembre,sábado,13,-101.203562915325,19.7022902362772
11011,11011,2017,,2017/12/09,13:40:00,COLISIÓN POR CORTE DE CIRCULACIÓN,ASFALTO,Bueno,Bueno,2,ITALIKA,NEGRO/VERDE,2,,22,MASCULINO,SIN DATOS,0,0,Morelia,Libertad,diciembre,sábado,14,-101.236272454262,19.68512689864
11012,11012,2017,"171361013",2017/12/09,15:00:00,COLISIÓN POR CORTE DE CIRCULACIÓN,CONCRETO,Bueno,Bueno,2,MITSUBISHI,BLANCO,2,,37,MASCULINO,SIN DATOS,0,0,Morelia,Del Empleado,diciembre,sábado,15,-101.178728342056,19.6898090245092
11013,11013,2017,"171361070",2017/12/09,15:30:00,COLISIÓN POR ALCANCE,ASFALTO,Bueno,Bueno,2,VOLKSWAGEN,PLATA,2,,60,FEMENINO,SIN DATOS,0,0,Morelia,Rafael Carrillo,diciembre,sábado,16,-101.234960183501,19.7097778648012
11014,11014,2017,,2017/12/09,16:00:00,COLISIÓN POR ALCANCE,ASFALTO,Bueno,Bueno,2,NISSAN,AMARILLO,2,,64,MASCULINO,SIN DATOS,0,0,Morelia,Lomas de Santa Maria,diciembre,sábado,16,-101.184704303741,19.6756940449668
11015,11015,2017,,2017/12/09,16:15:00,COLISIÓN POR CORTE DE CIRCULACIÓN,ASFALTO,Bueno,Bueno,1,HONDA,BLANCO/NEGRO,0,,,,,0,0,Morelia,Industrial,diciembre,sábado,16,-101.197656691074,19.7108099823804
11016,11016,2017,"171361198",2017/12/09,16:45:00,COLISIÓN POR ALCANCE,ASFALTO,Bueno,Bueno,3,NISSAN,PLATA,3,,36,FEMENINO,SIN DATOS,0,0,Morelia,Cosmos,diciembre,sábado,17,-101.216225624084,19.683950032098
11017,11017,2017,"171361346",2017/12/09,17:00:00,COLISIÓN POR ALCANCE,ASFALTO,Bueno,Bueno,2,VOLKSWAGEN,NEGRO,2,,,MASCULINO,SIN DATOS,0,0,Morelia,Libertad,diciembre,sábado,17,-101.236932277679,19.6849602184966
11018,11018,2017,"171361241",2017/12/09,17:10:00,COLISIÓN POR MANIOBRA DE REVERSA,CONCRETO,Bueno,Bueno,2,HONDA,BLANCO,2,,57,FEMENINO,SIN DATOS,0,0,Morelia,Las Americas,diciembre,sábado,17,-101.158912181854,19.6881725688944
11019,11019,2017,"171361344",2017/12/09,17:30:00,VOLCADURA,ASFALTO,Bueno,Regular,1,NISSAN,ROJO,1,,,,SIN DATOS,0,0,Morelia,Pablo Galeana,diciembre,sábado,18,-101.233214735985,19.6371006956327
11020,11020,2017,"171361184",2017/12/09,17:35:00,COLISIÓN POR ALCANCE,ASFALTO,Bueno,Bueno,2,GM,GUINDA,2,,41,MASCULINO,SIN DATOS,0,0,Tarímbaro,Sin datos,diciembre,sábado,18,-101.159191131592,19.7678747606486
11021,11021,2017,,2017/12/09,17:40:00,COLISIÓN POR CORTE DE CIRCULACIÓN,ASFALTO,Bueno,Bueno,2,KEEWAY,AMARILLO,2,,23,MASCULINO,SIN DATOS,0,0,Morelia,Leandro Valle,diciembre,sábado,18,-101.23344540596,19.71656573061
11022,11022,2017,"171361818",2017/12/09,20:20:00,COLISIÓN POR CORTE DE CIRCULACIÓN,CONCRETO,Bueno,Bueno,2,DINAMO,GUINDA,2,,34,MASCULINO,SIN DATOS,0,0,Morelia,Nueva Chapultepec,diciembre,sábado,20,-101.17253780365,19.6888897829819
11023,11023,2017,"171362268",2017/12/09,22:20:00,COLISIÓN POR ALCANCE,ASFALTO,Bueno,Bueno,2,NISSAN,PLATA,2,,52,MASCULINO,SIN DATOS,0,0,Morelia,Balcones de Santa Maria,diciembre,sábado,22,-101.185648441315,19.6754490611802
11024,11024,2017,,2017/12/09,22:35:00,COLISIÓN POR CORTE DE CIRCULACIÓN,ASFALTO,Bueno,Bueno,2,VOLKSWAGEN,AMARILLO,2,,35,MASCULINO,SIN DATOS,0,0,Morelia,Indeco Expropiacion Petrolera,diciembre,sábado,23,-101.225731372833,19.6849400148311
11025,11025,2017,"171362454",2017/12/09,23:55:00,COLISIÓN CONTRA OBJETO FIJO,ASFALTO,Bueno,Regular,2,CHEVROLET,CAFE,2,,39,MASCULINO,CON CERTIFICADO,0,0,Morelia,Diego Rivera,diciembre,sábado,0,-101.176783920466,19.7194255174063
11026,11026,2017,"171191321",2017/12/10,"01:00:00",SALIDA DE SUPERFICIE DE RODAMIENTO,CONCRETO,Bueno,Bueno,1,CHEVROLET,BLANCO,1,,,,SIN DATOS,0,0,Morelia,Ampliacion La Soledad,diciembre,domingo,1,-101.183309555054,19.7368348181567
11027,11027,2017,"171362615",2017/12/10,"02:40:00",COLISIÓN CONTRA OBJETO FIJO,ASFALTO,Bueno,Bueno,3,VOLKSWAGEN,ROJO,3,,24,MASCULINO,ALIENTO ETÍLICO,0,0,Morelia,Centro,diciembre,domingo,3,-101.185584068298,19.7029328944772
11028,11028,2017,"171362646",2017/12/10,"03:00:00",COLISIÓN POR ALCANCE,ASFALTO,Bueno,Bueno,2,NISSAN,BLANCO Y ROJO,2,,45,MASCULINO,SIN DATOS,0,0,Morelia,Ignacio Zaragoza,diciembre,domingo,3,-101.20529294014,19.7256351269814
11029,11029,2017,"171362672",2017/12/10,"03:25:00",COLISIÓN POR MANIOBRA DE REVERSA,ASFALTO,Bueno,Bueno,2,NISSAN,PLATA,2,,27,MASCULINO,CON CERTIFICADO,0,0,Morelia,Vista Bella,diciembre,domingo,3,-101.197595000267,19.6758784139613
11030,11030,2017,"171362693",2017/12/10,"03:50:00",COLISIÓN POR CORTE DE CIRCULACIÓN,ASFALTO,Bueno,Bueno,1,VOLKSWAGEN,ROJO,1,,,,SIN DATOS,0,0,Morelia,Ignacio Zaragoza,diciembre,domingo,4,-101.204570786572,19.7221818607319
11031,11031,2017,"171362701",2017/12/10,"04:30:00",COLISIÓN CONTRA OBJETO FIJO,ASFALTO,Bueno,Bueno,1,AUDI,GRIS,1,,28,FEMENINO,SIN DATOS,0,0,Morelia,Camelinas,diciembre,domingo,5,-101.174147129059,19.6820306603873
11032,11032,2017,"171362606",2017/12/10,"05:00:00",CAIDA DE MOTOCICLETA,ASFALTO,Bueno,Bueno,1,ITALIKA,NEGRO,1,MINISTERIO PÚBLICO,,,SIN DATOS,0,0,Morelia,Felix Ireta,diciembre,domingo,5,-101.191613674164,19.6826367802544
11033,11033,2017,,2017/12/10,"05:20:00",COLISIÓN POR ALCANCE,TERRACERIA,Bueno,Bueno,2,NISSAN,CAFE,2,,,,SIN DATOS,1,0,Morelia,Vicente Lombardo Toledano (Ejidal Isacc Arriaga) (Etnias de Mexico),diciembre,domingo,5,-101.153590679169,19.714798249358
11034,11034,2017,"171362819",2017/12/10,"07:20:00",SALIDA DE SUPERFICIE DE RODAMIENTO,ASFALTO,Bueno,Bueno,1,CHEVROLET,AZUL,0,,,,,0,0,Morelia,Dr Miguel Silva,diciembre,domingo,7,-101.183931827545,19.7192724640229
11035,11035,2017,,2017/12/10,"08:15:00",SUBIDA AL CAMELLÓN,ASFALTO,Bueno,Bueno,1,CHRYSLERQ,ROJO,1,,26,MASCULINO,ALIENTO ETÍLICO,0,0,Morelia,Camelinas,diciembre,domingo,8,-101.174147129059,19.6820508644198
11036,11036,2017,"171325978",2017/12/10,"08:30:00",COLISIÓN POR CORTE DE CIRCULACIÓN,ASFALTO,Bueno,Bueno,2,CHRYSLER,BLANCO,2,,62,MASCULINO,SIN DATOS,0,0,Morelia,San Juanito Itzicuaro,diciembre,domingo,9,-101.256538778417,19.6699789343467
11037,11037,2017,,2017/12/10,10:24:00,COLISIÓN POR ALCANCE,ASFALTO,Bueno,Bueno,2,NISSAN,PISTACHE,2,,37,MASCULINO,ALIENTO ETÍLICO,0,0,Apatzingán,El Varillero,diciembre,domingo,10,-102.360997796059,19.0843139974524
11038,11038,2017,"171363222",2017/12/10,10:45:00,COLISIÓN POR INVASIÓN DE CARRIL,ASFALTO,Bueno,Regular,3,ITALIKA,ROJO,2,,,,,2,0,Morelia,Sin datos,diciembre,domingo,11,-101.279289722443,19.6704937417128
11039,11039,2017,"171373526",2017/12/10,12:05:00,COLISIÓN CONTRA OBJETO FIJO,ASFALTO,Bueno,Bueno,1,JEEP,AZUL,1,,28,MASCULINO,SIN DATOS,0,0,Morelia,Quinceo,diciembre,domingo,12,-101.221439838409,19.7277761565995
11040,11040,2017,,2017/12/10,13:00:00,COLISIÓN CONTRA OBJETO FIJO,ASFALTO,Bueno,Bueno,1,VOLKSWAGEN,BLANCO,1,,0,,SIN DATOS,0,0,Pátzcuaro,Centro,diciembre,domingo,13,-101.609361,19.515744
11041,11041,2017,,2017/12/10,18:00:00,SUBIDA AL CAMELLÓN,ASFALTO,Bueno,Bueno,1,VOLKSWAGEN,GRIS,1,,40,FEMENINO,SIN DATOS,0,0,Morelia,Felix Ireta,diciembre,domingo,18,-101.191935539246,19.6825155564645
11042,11042,2017,"171364976",2017/12/10,18:00:00,SUBIDA AL CAMELLÓN,ASFALTO,Bueno,Bueno,0,,,0,,,,,0,0,Morelia,Felix Ireta,diciembre,domingo,18,-101.191635131836,19.6825963723346
11043,11043,2017,"171365106",2017/12/10,19:15:00,COLISIÓN POR CAMBIO DE CARRIL,ASFALTO,Bueno,Bueno,2,DODGE,ORO,2,,78,MASCULINO,SIN DATOS,0,0,Morelia,San Rafael,diciembre,domingo,19,-101.153901815414,19.6999203329428
11044,11044,2017,"171365265",2017/12/10,19:30:00,COLISIÓN POR ALCANCE,ASFALTO,Bueno,Bueno,3,CHEVROLET,GRIS,3,,41,FEMENINO,SIN DATOS,0,0,Morelia,Francisco J Mujica,diciembre,domingo,20,-101.191383004189,19.72299414763
11045,11045,2017,"171365051",2017/12/10,19:50:00,COLISIÓN CONTRA OBJETO FIJO,CONCRETO,Bueno,Bueno,3,PONTIAC,GUINDA,3,,25,MASCULINO,SIN DATOS,0,0,Morelia,Vasco de Quiroga,diciembre,domingo,20,-101.170166730881,19.7037586244068
11046,11046,2017,"1717365475",2017/12/10,21:45:00,COLISIÓN POR CAMBIO DE CARRIL,ASFALTO,Bueno,Bueno,2,CHEVROLET,GRIS,2,,55,FEMENINO,SIN DATOS,0,0,Morelia,Gertrudis Bocanegra,diciembre,domingo,22,-101.213414669037,19.7025566430349
11047,11047,2017,"171365642",2017/12/10,23:30:00,COLISIÓN CONTRA OBJETO FIJO,ASFALTO,Bueno,Bueno,2,VOLKWAGEN,BLANCO,2,,20,MASCULINO,SIN DATOS,0,0,Morelia,Centro,diciembre,domingo,0,-101.194360256195,19.6989582204534
11048,11048,2017,"171368562",2017/12/11,"00:00:00",COLISIÓN POR CORTE DE CIRCULACIÓN,ASFALTO,Bueno,Bueno,2,VOLKWAGEN,NEGRO,2,,32,MASCULINO,CON CERTIFICADO,0,0,Morelia,Industrial,diciembre,lunes,0,-101.191010177135,19.7095966911811
11049,11049,2017,"171368933",2017/12/11,"00:10:00",COLISIÓN POR CORTE DE CIRCULACIÓN,ASFALTO,Bueno,Regular,1,ITALIKA,NEGRO,1,MINISTERIO PÚBLICO,,,,1,0,Morelia,Comision Federal de Electricidad,diciembre,lunes,0,-101.178792715073,19.6815962730716
11050,11050,2017,"171365716",2017/12/11,"00:20:00",SUBIDA AL CAMELLÓN,ASFALTO,Bueno,Bueno,1,VOLKSWAGEN,BLANCO,1,,0,,SIN DATOS,0,0,Morelia,Villa de Santa Maria,diciembre,lunes,0,-101.167666912079,19.6560663737288
11051,11051,2017,"171365734",2017/12/11,"00:30:00",COLISIÓN CONTRA OBJETO FIJO,CONCRETO,Bueno,Bueno,1,VOLKSWAGEN,GRIS,1,,0,,SIN DATOS,0,0,Morelia,Cinco de Diciembre,diciembre,lunes,1,-101.163584589958,19.6859501949853
11052,11052,2017,"171369008",2017/12/11,"01:45:00",COLISIÓN CONTRA OBJETO FIJO,ASFALTO,Bueno,Regular,1,HONDA,NEGRO,1,,20,MASCULINO,SIN DATOS,0,0,Morelia,Campestre Los Manantiales,diciembre,lunes,2,-101.23815536499,19.6878543672493
11053,11053,2017,"171369113",2017/12/11,"04:45:00",CAIDA DE MOTOCICLETA,ASFALTO,Bueno,Bueno,1,ITALIKA,NEGRO,2,,,,SIN DATOS,1,0,Morelia,Alberto Oviedo Mota,diciembre,lunes,5,-101.199488639832,19.6811921907902
11054,11054,2017,"171365834",2017/12/11,"05:20:00",COLISIÓN POR CAMBIO DE CARRIL,CONCRETO,Bueno,Bueno,2,CHEVROLET,GRIS,2,,0,,SIN DATOS,0,0,Morelia,Villas del Pedregal,diciembre,lunes,5,-101.30472779274,19.6774998417348
11055,11055,2017,"171365884",2017/12/11,"06:40:00",COLISIÓN POR CORTE DE CIRCULACIÓN,ASFALTO,Bueno,Bueno,1,RENAULT,GRIS,1,,0,,SIN DATOS,0,0,Morelia,Elias Perez Avalos,diciembre,lunes,7,-101.165810823441,19.7104350119935
11056,11056,2017,"171409357",2017/12/11,"08:10:00",COLISIÓN CON PEATÓN,ASFALTO,Bueno,Bueno,1,YAMAHA,BLANCO,2,,22,MASCULINO,SIN DATOS,1,0,Morelia,Barrio Alto,diciembre,lunes,8,-101.194961071014,19.7245747007459
11057,11057,2017,"171366075",2017/12/11,"08:40:00",COLISIÓN CON PEATÓN,ASFALTO,Bueno,Bueno,3,NISSAN,AZUL,1,MINISTERIO PÚBLICO,,,,0,1,Morelia,Diego Rivera,diciembre,lunes,9,-101.175815463066,19.7181261478177
11058,11058,2017,"171366240",2017/12/11,"09:05:00",COLISIÓN POR CAMBIO DE CARRIL,ASFALTO,Bueno,Bueno,2,MERCEDES BENZ,BLNCO Y NARANJA,2,,19,MASCULINO,SIN DATOS,0,0,Morelia,Tinijaro,diciembre,lunes,9,-101.264505386353,19.6962536685361
11059,11059,2017,"171366380",2017/12/11,"09:30:00",COLISIÓN POR CORTE DE CIRCULACIÓN,ASFALTO,Bueno,Bueno,2,NISSAN,NEGRO,2,,34,MASCULINO,SIN DATOS,0,0,Morelia,Vasco de Quiroga,diciembre,lunes,10,-101.175000071526,19.6992082187431
11060,11060,2017,"171366316",2017/12/11,10:05:00,COLISIÓN POR MANIOBRA DE REVERSA,CONCRETO,Bueno,Bueno,2,V.W.,PLATA,2,,70,MASCULINO,SIN DATOS,0,0,Morelia,Villa Universidad,diciembre,lunes,10,-101.209734678268,19.687192707836
11061,11061,2017,"171366314",2017/12/11,10:20:00,COLISIÓN POR CAMBIO DE CARRIL,ASFALTO,Bueno,Bueno,2,PLYMOUTH,BLANCO,2,,18,MASCULINO,SIN DATOS,0,0,Morelia,Tinijaro,diciembre,lunes,10,-101.264473199844,19.696273870774
11062,11062,2017,"171366537",2017/12/11,10:20:00,COLISIÓN POR CORTE DE CIRCULACIÓN,ASFALTO,Bueno,Bueno,2,CHEVROLET,GRIS,2,MINISTERIO PÚBLICO,42,FEMENINO,SIN DATOS,0,0,Morelia,Constitucion de Apatzingan,diciembre,lunes,10,-101.226455569267,19.6734664466521
11063,11063,2017,"171366502",2017/12/11,10:35:00,COLISIÓN POR CORTE DE CIRCULACIÓN,ASFALTO,Bueno,Bueno,2,KENWORTH,BLANCO,2,,45,MASCULINO,SIN DATOS,0,0,Morelia,Diego Rivera,diciembre,lunes,11,-101.174919605255,19.717262617847
11064,11064,2017,,2017/12/11,12:15:00,COLISIÓN POR ALCANCE,ASFALTO,Bueno,Bueno,2,CHEVROLET,NEGRO,1,MINISTERIO PÚBLICO,,,,1,0,Morelia,Jose Ma Pino Suarez,diciembre,lunes,12,-101.164834499359,19.7261905855345
11065,11065,2017,"171366681",2017/12/11,12:20:00,COLISIÓN POR ALCANCE,ASFALTO,Bueno,Bueno,2,RENAULT,AZUL/BCO,2,,30,MASCULINO,SIN DATOS,0,0,Morelia,Vista Bella,diciembre,lunes,12,-101.19676887989,19.6793940122774
11066,11066,2017,"171377196",2017/12/11,14:20:00,COLISIÓN POR ALCANCE,ASFALTO,Bueno,Bueno,2,FORD,BLANCO,2,,34,MASCULINO,SIN DATOS,0,0,Morelia,Elias Perez Avalos,diciembre,lunes,14,-101.165220737457,19.7106168159272
11067,11067,2017,"171386490",2017/12/11,14:35:00,COLISIÓN POR CORTE DE CIRCULACIÓN,ASFALTO,Bueno,Bueno,2,ITALIKA,AMARILLO,1,,48,MASCULINO,SIN DATOS,0,0,Morelia,Industrial,diciembre,lunes,15,-101.193964630365,19.7112834285827
11068,11068,2017,,2017/12/11,15:45:00,COLISIÓN POR ALCANCE,CONCRETO,Bueno,Bueno,2,HONDA,GRIS,2,,26,MASCULINO,SIN DATOS,0,0,Morelia,Fuentes de Morelia,diciembre,lunes,16,-101.204941570759,19.6736508182096
11069,11069,2017,,2017/12/11,17:25:00,COLISIÓN POR CORTE DE CIRCULACIÓN,ASFALTO,Bueno,Bueno,2,CHRYSLER,AZUL,2,MINISTERIO PÚBLICO,50,MASCULINO,SIN DATOS,0,0,Morelia,Felicitas del Rio,diciembre,lunes,17,-101.200454235077,19.690314100025
11070,11070,2017,,2017/12/11,17:55:00,COLISIÓN POR ALCANCE,ASFALTO,Bueno,Bueno,2,NISSAN,BLANCO,2,,32,MASCULINO,SIN DATOS,0,0,Irimbo,Sin datos,diciembre,lunes,18,-100.49280166626,19.6950415295959
11071,11071,2017,LEG11569,2017/12/11,19:10:00,COLISIÓN POR ALCANCE,CONCRETO,Bueno,Bueno,2,V.W.,BLANCO,2,,44,MASCULINO,SIN DATOS,1,0,Morelia,Vasco de Quiroga,diciembre,lunes,19,-101.1758852005,19.698374889592
11072,11072,2017,"171368329",2017/12/11,20:20:00,COLISIÓN POR CORTE DE CIRCULACIÓN,ASFALTO,Bueno,Bueno,2,INTERNATIONAL,BLANCO/AZUL,2,,41,MASCULINO,SIN DATOS,0,0,Morelia,Alberto Oviedo Mota,diciembre,lunes,20,-101.196044683456,19.6826670861875
11073,11073,2017,"171368551",2017/12/11,21:50:00,COLISIÓN POR MANIOBRA DE REVERSA,TERRACERIA,Bueno,Malo,2,CHEVROLET,AZUL,2,,28,FEMENINO,SIN DATOS,0,0,Morelia,Mariano Abasolo,diciembre,lunes,22,-101.255911588669,19.6903039985303
11074,11074,2017,"171368782",2017/12/11,22:50:00,COLISIÓN POR ALCANCE,ASFALTO,Bueno,Regular,3,MERCEDES BENZ,PLATA,3,MINISTERIO PÚBLICO,,,,0,3,Morelia,Division del Norte,diciembre,lunes,23,-101.164052635431,19.7110157738352
11075,11075,2017,,2017/12/12,"04:00:00",COLISIÓN POR CAMBIO DE CARRIL,ASFALTO,Bueno,Bueno,2,VOLKWAGEN,AZUL,2,,27,MASCULINO,SIN DATOS,0,0,Morelia,Ventura Puente,diciembre,martes,4,-101.189151406288,19.6931374428096
11076,11076,2017,,2017/12/12,"06:30:00",COLISIÓN POR CORTE DE CIRCULACIÓN,CONCRETO,Bueno,Bueno,2,SIN DATOS,BLANCO,2,,0,,SIN DATOS,0,0,Morelia,Centro,diciembre,martes,7,-101.183255910873,19.7030263259063
11077,11077,2017,"171369164",2017/12/12,"06:55:00",COLISIÓN CONTRA OBJETO FIJO,ASFALTO,Bueno,Regular,1,NISSAN,ORO,1,,23,MASCULINO,SIN DATOS,0,0,Morelia,La Quemada,diciembre,martes,7,-101.240172386169,19.7011728381726
11078,11078,2017,"171369369",2017/12/12,"08:25:00",COLISIÓN POR CORTE DE CIRCULACIÓN,ASFALTO,Bueno,Bueno,2,VOLKSWAGEN,ROJO,2,,25,MASCULINO,SIN DATOS,0,0,Morelia,Felix Ireta,diciembre,martes,8,-101.181281805038,19.6863441635183
11079,11079,2017,"171369272",2017/12/12,"08:40:00",COLISIÓN POR ALCANCE,ASFALTO,Bueno,Bueno,2,BAJAJ,NEGRO,2,,0,MASCULINO,SIN DATOS,0,0,Morelia,Enrique Arreguin Robles,diciembre,martes,9,-101.178846359253,19.720353124636
11080,11080,2017,"171369302",2017/12/12,"08:50:00",COLISIÓN POR ALCANCE,ASFALTO,Bueno,Bueno,2,FORD,GRIS,2,,27,FEMENINO,SIN DATOS,0,0,Morelia,Felix Ireta,diciembre,martes,9,-101.191914081573,19.6825357604358
11081,11081,2017,"171369494",2017/12/12,10:00:00,COLISIÓN POR CORTE DE CIRCULACIÓN,CONCRETO,Bueno,Bueno,2,NISSAN,ROJO,2,,31,MASCULINO,SIN DATOS,0,0,Morelia,Felix Ireta,diciembre,martes,10,-101.188260242343,19.6847777540499
11082,11082,2017,"171371594",2017/12/12,10:10:00,COLISIÓN POR CORTE DE CIRCULACIÓN,CONCRETO,Bueno,Bueno,1,CHEVROLET,GRIS,1,,,,SIN DATOS,0,0,Morelia,Ignacio Zaragoza,diciembre,martes,10,-101.203964033413,19.725146213325
11083,11083,2017,"171369455",2017/12/12,10:50:00,SALIDA DE SUPERFICIE DE RODAMIENTO,TERRACERIA,Bueno,Bueno,1,DODGE,BLANCO,0,,,,,0,0,Morelia,Sin datos,diciembre,martes,11,-101.174812316895,19.6387073583296
11084,11084,2017,"171369817",2017/12/12,11:35:00,COLISIÓN POR ALCANCE,ASFALTO,Bueno,Bueno,2,DODGE,GRIS,2,,32,MASCULINO,SIN DATOS,0,0,Morelia,Morelia 450,diciembre,martes,12,-101.217180490494,19.675676365737
11085,11085,2017,"17136988",2017/12/12,12:30:00,COLISIÓN POR CORTE DE CIRCULACIÓN,CONCRETO,Bueno,Bueno,2,VOLKSWAGEN,BLANCO,2,,32,MASCULINO,SIN DATOS,0,0,Morelia,Santa Maria de Guido,diciembre,martes,13,-101.190395951271,19.6768027813382
11086,11086,2017,"171370090",2017/12/12,13:00:00,COLISIÓN POR MANIOBRA DE REVERSA,CONCRETO,Bueno,Bueno,2,CHEVROLET,ROJO,2,,53,MASCULINO,SIN DATOS,0,0,Morelia,Elias Perez Avalos,diciembre,martes,13,-101.169426441193,19.7132731498319
11087,11087,2017,"171369819",2017/12/12,13:05:00,COLISIÓN POR CORTE DE CIRCULACIÓN,ASFALTO,Bueno,Bueno,2,KENWORTH,BLANCO,2,,0,MASCULINO,SIN DATOS,0,0,Tarímbaro,Sin datos,diciembre,martes,13,-101.158976554871,19.7679555333612
11088,11088,2017,"171370175",2017/12/12,13:30:00,COLISIÓN POR ALCANCE,ASFALTO,Bueno,Bueno,2,FORD,ROJO,2,,50,MASCULINO,SIN DATOS,0,0,Morelia,Camelinas,diciembre,martes,14,-101.172163635492,19.681934691198
11089,11089,2017,"171370263",2017/12/12,14:10:00,COLISIÓN POR CORTE DE CIRCULACIÓN,ASFALTO,Bueno,Bueno,1,CHEVROLET,BLANCO,1,,,,SIN DATOS,0,0,Morelia,Chapultepec Oriente,diciembre,martes,14,-101.159598827362,19.6933243170509
11090,11090,2017,"171370325",2017/12/12,14:35:00,COLISIÓN POR ALCANCE,ASFALTO,Bueno,Bueno,2,MAZDA,AZUL,2,,0,FEMENINO,SIN DATOS,0,0,Morelia,Loma Real,diciembre,martes,15,-101.19775056839,19.7272409018845
11091,11091,2017,"171370448",2017/12/12,14:40:00,COLISIÓN POR ALCANCE,ASFALTO,Bueno,Bueno,2,TOYOTA,BLANCO Y GRIS,2,,52,MASCULINO,SIN DATOS,0,0,Morelia,Felix Ireta,diciembre,martes,15,-101.192128658295,19.6824347405535
11093,11093,2017,"171370857",2017/12/12,16:15:00,COLISIÓN POR CORTE DE CIRCULACIÓN,CONCRETO,Bueno,Bueno,2,MAZDA,GRIS,2,,32,MASCULINO,SIN DATOS,0,0,Morelia,Nueva Chapultepec,diciembre,martes,16,-101.167742013931,19.6866573173019
11094,11094,2017,"171370840",2017/12/12,16:25:00,COLISIÓN CON PEATÓN,ASFALTO,Bueno,Bueno,1,HONDA,AZUL,2,,36,MASCULINO,SIN DATOS,1,0,Morelia,Prados Verdes,diciembre,martes,16,-101.203072071075,19.7148739989553
11095,11095,2017,"171371114",2017/12/12,18:10:00,COLISIÓN POR ALCANCE,ASFALTO,Bueno,Bueno,2,FORD,ROJO,2,,70,MASCULINO,SIN DATOS,0,0,Morelia,Sin datos,diciembre,martes,18,-101.278570890427,19.6437192342549
11096,11096,2017,"171371602",2017/12/12,19:00:00,COLISIÓN POR CORTE DE CIRCULACIÓN,CONCRETO,Bueno,Bueno,1,NISSAN,NEGRO,1,,,,SIN DATOS,0,0,Morelia,Felicitas del Rio,diciembre,martes,19,-101.195449233055,19.6902686432938
11097,11097,2017,"171371558",2017/12/12,19:40:00,COLISIÓN POR CORTE DE CIRCULACIÓN,ASFALTO,Bueno,Bueno,3,DODGE,ROJO,3,,48,MASCULINO,SIN DATOS,0,0,Morelia,Ciudad Industrial,diciembre,martes,20,-101.142861843109,19.7251806594565
11098,11098,2017,,2017/12/12,19:45:00,VOLCADURA,ASFALTO,Bueno,Bueno,1,CHRYSLER,GUINDA,0,,,,,0,0,Zinapécuaro,Sin Nombre,diciembre,martes,20,-100.843420028687,19.8644900026853
11099,11099,2017,"171375409",2017/12/13,"00:10:00",COLISIÓN POR ALCANCE,ASFALTO,Bueno,Bueno,2,RENOULT,GRIS,2,,25,MASCULINO,SIN DATOS,0,0,Morelia,Chapultepec Sur,diciembre,miércoles,0,-101.170000433922,19.6899630727104
11100,11100,2017,"171372440",2017/12/13,"00:30:00",COLISIÓN POR ALCANCE,ASFALTO,Bueno,Bueno,2,GM,ARENA,0,,,,,0,0,Morelia,La Luz,diciembre,miércoles,1,-101.288559436798,19.6885362271431