fid,id_accidente,anio_origen,folio_c5i,dia_incidente,hora_ocurrencia,tipo_incidente_vial,superficie_ocurrencia,condiciones_climaticas,condiciones_via,numero_vehiculos_involucrados,marca_vehiculo_ocasiona_siniestro,color_vehiculo_ocasiona_siniestro,numero_personas_involucradas,lugar_remite_presunto_responsable,edad_presunto_responsable,sexo_presunto_responsable,resultados_toxicologia,numero_personas_lesionadas,numero_personas_fallecidas,municipio,colonia,mes,dia_semana,hora_redondeada,lon,lat
11101,11101,2017,"171372273",2017/12/13,"00:55:00",COLISIÓN CONTRA OBJETO FIJO,ASFALTO,Bueno,Bueno,2,BMW,NEGRO,1,,0,,SIN DATOS,0,0,Morelia,Americas Britania,diciembre,miércoles,1,-101.150071620941,19.6919303309681
11102,11102,2017,"171372377",2017/12/13,"02:15:00",SALIDA DE SUPERFICIE DE RODAMIENTO,ASFALTO,Bueno,Bueno,1,FORD,BLANCO,1,,49,MASCULINO,SIN DATOS,0,0,Morelia,Lomas de Morelia (Dr Ignacio Chavez),diciembre,miércoles,2,-101.175166368484,19.7173838153172
11103,11103,2017,,2017/12/13,"02:40:00",COLISIÓN POR CORTE DE CIRCULACIÓN,CONCRETO,Bueno,Bueno,2,NISSAN,BLANCO,2,,24,MASCULINO,SIN DATOS,0,0,Morelia,Vasco de Quiroga,diciembre,miércoles,3,-101.175971031189,19.6984051925462
11104,11104,2017,"171372364",2017/12/13,"02:55:00",COLISIÓN POR CAMBIO DE CARRIL,ASFALTO,Bueno,Bueno,2,FORD,BLANCO,2,,46,MASCULINO,SIN DATOS,0,0,Morelia,Sin datos,diciembre,miércoles,3,-101.315059661865,19.6874048432128
11105,11105,2017,"171372387",2017/12/13,"03:00:00",VOLCADURA,ASFALTO,Bueno,Bueno,1,VOLKSWAGEN,BLANCO,1,MINISTERIO PÚBLICO,,,,1,0,Morelia,Chapultepec Oriente,diciembre,miércoles,3,-101.159062385559,19.688111959106
11106,11106,2017,"171372420",2017/12/13,"04:35:00",VOLCADURA,ASFALTO,Bueno,Bueno,1,RENAULT,PLATA,0,,,,,0,0,Morelia,La Calera,diciembre,miércoles,5,-101.236052513123,19.67126154844
11107,11107,2017,"171372455",2017/12/13,"06:20:00",COLISIÓN POR CORTE DE CIRCULACIÓN,CONCRETO,Bueno,Bueno,2,NISSAN,BLANCO/CEFE,2,,27,MASCULINO,SIN DATOS,0,0,Morelia,Centro,diciembre,miércoles,6,-101.194263696671,19.7030414769438
11108,11108,2017,"171372599",2017/12/13,"09:00:00",COLISIÓN CON PEATÓN,CONCRETO,Bueno,Bueno,1,TOYOTA,ARENA,1,,43,MASCULINO,SIN DATOS,0,0,Morelia,Mision del Valle,diciembre,miércoles,9,-101.117938756943,19.7636644263455
11109,11109,2017,"171372767",2017/12/13,"09:10:00",COLISIÓN POR NO RESPETAR SEMÁFORO,ASFALTO,Bueno,Bueno,3,CHEVROLET,BLANCO,3,,43,MASCULINO,SIN DATOS,0,0,Morelia,Cuauhtemoc,diciembre,miércoles,9,-101.179221868515,19.6936677610337
11110,11110,2017,"171372776",2017/12/13,"09:30:00",COLISIÓN POR CORTE DE CIRCULACIÓN,ASFALTO,Bueno,Bueno,2,SEAT,PLATA,2,,33,MASCULINO,SIN DATOS,0,0,Morelia,Tres Puentes,diciembre,miércoles,10,-101.213715076447,19.7026172473538
11111,11111,2017,"171372911",2017/12/13,"09:40:00",COLISIÓN POR ALCANCE,ASFALTO,Nublado,Regular,2,HONDA,ROJO,2,,32,FEMENINO,SIN DATOS,0,0,Morelia,Loma del Salto,diciembre,miércoles,10,-101.200411319733,19.6593298205621
11112,11112,2017,"171372919",2017/12/13,"09:45:00",COLISIÓN CONTRA OBJETO FIJO,ASFALTO,Bueno,Regular,1,CHEVROLET,PLATA,1,,26,MASCULINO,SIN DATOS,0,0,Morelia,Avicola Benito Juarez,diciembre,miércoles,10,-101.27948820591,19.691480818375
11113,11113,2017,"171298761",2017/12/13,"09:50:00",COLISIÓN POR CORTE DE CIRCULACIÓN,CONCRETO,Bueno,Bueno,1,SIN DATOS,SIN DATOS,0,,,,,0,0,Morelia,La Colina,diciembre,miércoles,10,-101.216096878052,19.7039707378291
11114,11114,2017,"1717365443",2017/12/13,12:50:00,COLISIÓN CONTRA OBJETO FIJO,CONCRETO,Bueno,Bueno,1,MAZDA,PLATA,1,,23,MASCULINO,SIN DATOS,0,0,Morelia,Villa de Santa Maria,diciembre,miércoles,13,-101.16758108139,19.6561067883371
11115,11115,2017,"171373524",2017/12/13,14:15:00,COLISIÓN POR CORTE DE CIRCULACIÓN,ASFALTO,Bueno,Bueno,2,CHEVROLET,GRIS,1,MINISTERIO PÚBLICO,,,,1,0,Morelia,Chapultepec Norte,diciembre,miércoles,14,-101.176899075508,19.6931980506956
11116,11116,2017,"171323649",2017/12/13,14:40:00,COLISIÓN POR ALCANCE,ASFALTO,Bueno,Bueno,2,VOLKWAGEN,ROJO,2,,25,MASCULINO,SIN DATOS,0,0,Morelia,Comision Federal de Electricidad,diciembre,miércoles,15,-101.181271076202,19.6816669873661
11117,11117,2017,"171256943",2017/12/13,16:30:00,COLISIÓN POR ALCANCE,CONCRETO,Bueno,Bueno,2,MERCEDES BENZ,BLANCO/ROJO,2,,22,MASCULINO,SIN DATOS,0,0,Morelia,Las Americas,diciembre,miércoles,17,-101.156487464905,19.6878089098199
11118,11118,2017,"171374003",2017/12/13,16:35:00,COLISIÓN POR ALCANCE,CONCRETO,Bueno,Bueno,2,VOLKWAGEN,UVA,2,,51,MASCULINO,SIN DATOS,0,0,Morelia,Chapultepec Norte,diciembre,miércoles,17,-101.176563799381,19.6931248161638
11119,11119,2017,,2017/12/13,16:40:00,COLISIÓN POR ALCANCE,ASFALTO,Bueno,Bueno,2,CHEVROLET,ROJO,2,,16,MASCULINO,SIN DATOS,0,0,Morelia,Lomas de Huerta,diciembre,miércoles,17,-101.211934089661,19.6731406388607
11120,11120,2017,"171374311",2017/12/13,17:20:00,COLISIÓN POR CORTE DE CIRCULACIÓN,ASFALTO,Bueno,Bueno,2,CHEVROLET,GRIS,2,,25,MASCULINO,SIN DATOS,0,0,Morelia,Sentimientos de La Nacion,diciembre,miércoles,17,-101.235387325287,19.681384130001
11121,11121,2017,,2017/12/13,17:22:00,COLISIÓN POR ALCANCE,ASFALTO,Bueno,Regular,2,SIN DATOS,SIN DATOS,2,,,MASCULINO,SIN DATOS,0,0,Pátzcuaro,Juventino Rosas,diciembre,miércoles,17,-101.613836288452,19.5084651238675
11122,11122,2017,"171374200",2017/12/13,17:30:00,COLISIÓN POR MANIOBRA DE REVERSA,ASFALTO,Bueno,Bueno,2,FORD,ROJO,2,,38,MASCULINO,SIN DATOS,0,0,Morelia,Jardines de Guadalupe,diciembre,miércoles,18,-101.226782798767,19.7113440295954
11123,11123,2017,"171374210",2017/12/13,17:30:00,COLISIÓN POR NO RESPETAR SEMÁFORO,ASFALTO,Bueno,Bueno,2,TOYOTA,NEGRO,2,,53,MASCULINO,SIN DATOS,0,0,Morelia,Country Club  Las Huertas,diciembre,miércoles,18,-101.226321458817,19.6627346463194
11124,11124,2017,"171374752",2017/12/13,19:00:00,COLISIÓN POR CAMBIO DE CARRIL,ASFALTO,Bueno,Bueno,2,KENWORTH,BLANCO,2,,33,MASCULINO,SIN DATOS,0,0,Morelia,Campestre Los Manantiales,diciembre,miércoles,19,-101.238219738007,19.6879301296032
11125,11125,2017,"171374572",2017/12/13,19:20:00,COLISIÓN POR CAMBIO DE CARRIL,ASFALTO,Bueno,Bueno,2,NISSAN,BLANCO,2,,19,MASCULINO,SIN DATOS,0,0,Morelia,Centro,diciembre,miércoles,19,-101.191838979721,19.6960112414824
11126,11126,2017,"171374655",2017/12/13,19:20:00,SUBIDA AL CAMELLÓN,ASFALTO,Bueno,Regular,1,VOLKSWAGEN,BLANCO,1,,62,MASCULINO,CON CERTIFICADO,0,0,Morelia,Felix Ireta,diciembre,miércoles,19,-101.191999912262,19.6825155564645
11127,11127,2017,"171393101",2017/12/13,19:40:00,COLISIÓN POR ALCANCE,ASFALTO,Bueno,Bueno,2,NISSAN,NEGRO,2,,37,FEMENINO,SIN DATOS,0,0,Morelia,Felix Ireta,diciembre,miércoles,20,-101.190792918205,19.6877887065137
11128,11128,2017,"171314652",2017/12/13,20:21:00,COLISIÓN POR ALCANCE,ASFALTO,Bueno,Bueno,2,VOLKSWAGEN,ROJO,2,,28,MASCULINO,SIN DATOS,0,0,Morelia,Independencia,diciembre,miércoles,20,-101.178846359253,19.7164546323639
11129,11129,2017,"171374814",2017/12/13,20:25:00,COLISIÓN POR ALCANCE,ASFALTO,Bueno,Bueno,4,CHEVROLET,VERDE,4,,37,MASCULINO,SIN DATOS,0,0,Morelia,Enrique Arreguin Robles,diciembre,miércoles,20,-101.184146404266,19.7198279446898
11130,11130,2017,"171374987",2017/12/13,21:10:00,COLISIÓN POR CAMBIO DE CARRIL,ASFALTO,Bueno,Regular,2,INTERNATIONAL,GRIS,2,,51,MASCULINO,SIN DATOS,0,0,Morelia,Loma Dorada,diciembre,miércoles,21,-101.25506401062,19.6978900415436
11131,11131,2017,,2017/12/13,21:33:00,COLISIÓN POR ALCANCE,ASFALTO,Bueno,Bueno,2,CHEVROLET,BLANCO Y ROSA,2,,47,MASCULINO,SIN DATOS,0,0,Morelia,Lomas del Tecnologico,diciembre,miércoles,22,-101.194531917572,19.7231102910428
11132,11132,2017,"171375297",2017/12/13,22:20:00,COLISIÓN POR MANIOBRA DE REVERSA,CONCRETO,Bueno,Bueno,2,VOLKWAGEN,NEGRO,1,,27,MASCULINO,SIN DATOS,0,0,Morelia,Congreso Constituyente de Michoacan,diciembre,miércoles,22,-101.171396523714,19.7194492080809
11133,11133,2017,"171177603",2017/12/14,"00:00:00",COLISIÓN POR ALCANCE,ASFALTO,Bueno,Bueno,2,FORD,ARENA,2,,25,MASCULINO,SIN DATOS,0,0,Morelia,Felix Ireta,diciembre,jueves,0,-101.181442737579,19.6816669873661
11134,11134,2017,"171375370",2017/12/14,"00:35:00",COLISIÓN CONTRA OBJETO FIJO,CONCRETO,Bueno,Bueno,1,FORD,PLATA,1,,52,MASCULINO,SIN DATOS,0,0,Morelia,Montaña Monarca,diciembre,jueves,1,-101.165091991425,19.6684933858608
11135,11135,2017,"171175441",2017/12/14,"00:45:00",VOLCADURA,ASFALTO,Bueno,Bueno,1,NISSAN,NEGRO,1,,36,FEMENINO,SIN DATOS,0,0,Tarímbaro,Sin datos,diciembre,jueves,1,-101.125174574538,19.7730451215713
11136,11136,2017,"1711365496",2017/12/14,"03:00:00",COLISIÓN POR ALCANCE,ASFALTO,Bueno,Bueno,2,FORD,ROJO,2,,35,MASCULINO,CON CERTIFICADO,0,0,Morelia,Ciudad Industrial,diciembre,jueves,3,-101.137443780899,19.7290082455441
11137,11137,2017,"171375510",2017/12/14,"03:30:00",COLISIÓN POR NO RESPETAR SEMÁFORO,ASFALTO,Bueno,Bueno,2,VOLKSWAGEN,BLANCO,2,,31,MASCULINO,SIN DATOS,0,0,Morelia,Centro,diciembre,jueves,4,-101.178165078163,19.6991880168756
11138,11138,2017,"171375527",2017/12/14,"03:45:00",COLISIÓN POR ALCANCE,ASFALTO,Bueno,Bueno,2,MAZDA,BLANCO,2,,31,MASCULINO,SIN DATOS,0,0,Morelia,Independencia,diciembre,jueves,4,-101.178005486727,19.7081788584815
11139,11139,2017,"171375709",2017/12/14,"08:30:00",SALIDA DE SUPERFICIE DE RODAMIENTO,ASFALTO,Bueno,Bueno,1,ITALIKA,NEGRO,1,,22,MASCULINO,CON CERTIFICADO,0,0,Morelia,Leandro Valle,diciembre,jueves,9,-101.23055934906,19.7158688403353
11140,11140,2017,"171377944",2017/12/14,"09:10:00",COLISIÓN POR CORTE DE CIRCULACIÓN,ASFALTO,Bueno,Bueno,2,ITALIKA,NARAJ,1,,,,,1,0,Morelia,Indeco Santiaguito,diciembre,jueves,9,-101.177837848663,19.7197269483486
11141,11141,2017,"171375840",2017/12/14,"09:15:00",COLISIÓN POR CORTE DE CIRCULACIÓN,ASFALTO,Bueno,Bueno,2,MITSUBISHI,BLANCO,2,,62,FEMENINO,SIN DATOS,0,0,Morelia,Villa San Miguel Ii,diciembre,jueves,9,-101.140394210815,19.6856012243797
11142,11142,2017,"171375980",2017/12/14,"09:20:00",COLISIÓN POR INVASIÓN DE CARRIL,ASFALTO,Bueno,Bueno,2,NISSAN,BLANCO,2,,37,MASCULINO,SIN DATOS,0,0,Morelia,Los Manantiales de Morelia,diciembre,jueves,9,-101.24033331871,19.6928596563721
11143,11143,2017,"171376132",2017/12/14,10:00:00,COLISIÓN CONTRA OBJETO FIJO,ASFALTO,Bueno,Bueno,1,RENAULT,VERDE,1,,25,MASCULINO,SIN DATOS,0,0,Tarímbaro,Sin datos,diciembre,jueves,10,-101.158955097198,19.7679959197021
11144,11144,2017,,2017/12/14,10:30:00,COLISIÓN POR ALCANCE,CONCRETO,Bueno,Bueno,2,TOYOTA,GRIS,2,,41,MASCULINO,SIN DATOS,0,0,Morelia,Felix Ireta,diciembre,jueves,11,-101.191935539246,19.6825155564645
11145,11145,2017,"171377087",2017/12/14,12:25:00,COLISIÓN POR ALCANCE,ASFALTO,Bueno,Bueno,2,VOLKWAGEN,GRIS,2,,0,MASCULINO,SIN DATOS,0,0,Morelia,Morelia 450,diciembre,jueves,12,-101.217416524887,19.6758279019291
11146,11146,2017,"171376833",2017/12/14,13:50:00,COLISIÓN POR MANIOBRA DE REVERSA,CONCRETO,Bueno,Bueno,2,CHEVROLET,BLANCO,2,,38,MASCULINO,SIN DATOS,0,0,Morelia,Felix Ireta,diciembre,jueves,14,-101.185609549284,19.6812123949285
11147,11147,2017,,2017/12/14,14:10:00,COLISIÓN CONTRA OBJETO FIJO,CONCRETO,Bueno,Bueno,5,FREIGHTLINER,BLANCO,5,,36,MASCULINO,SIN DATOS,0,0,Morelia,Cuauhtemoc,diciembre,jueves,14,-101.18220448494,19.698374889592
11148,11148,2017,"1711377359",2017/12/14,15:10:00,COLISIÓN POR CORTE DE CIRCULACIÓN,TERRACERIA,Bueno,Bueno,3,FREIGHTLINER,BLANCO,3,,,,SIN DATOS,0,0,Morelia,Elias Perez Avalos,diciembre,jueves,15,-101.170907020569,19.7156668425864
11149,11149,2017,,2017/12/14,15:15:00,COLISIÓN POR CORTE DE CIRCULACIÓN,CONCRETO,Bueno,Bueno,2,NISSAN,BLANCO,2,,36,MASCULINO,SIN DATOS,0,0,Morelia,Adolfo Lopez Mateos,diciembre,jueves,15,-101.227211952209,19.6960112414824
11150,11150,2017,"17137739",2017/12/14,15:30:00,COLISIÓN POR CORTE DE CIRCULACIÓN,ASFALTO,Bueno,Bueno,2,NISSAN,BLANCO/GUINDA,2,,60,MASCULINO,SIN DATOS,0,0,Morelia,Centro,diciembre,jueves,16,-101.195223927498,19.7020061527531
11151,11151,2017,"171377430",2017/12/14,17:00:00,COLISIÓN CON PEATÓN,ASFALTO,Bueno,Bueno,1,FORD,BLANCO,2,MINISTERIO PÚBLICO,37,MASCULINO,SIN DATOS,1,0,Morelia,Erendira,diciembre,jueves,17,-101.166390180588,19.7034253027463
11152,11152,2017,"171377894",2017/12/14,17:50:00,COLISIÓN POR CORTE DE CIRCULACIÓN,ASFALTO,Nublado,Regular,2,MAZDA,NEGRO,2,,0,FEMENINO,SIN DATOS,0,0,Morelia,Santiaguito,diciembre,jueves,18,-101.195186376572,19.7191714673307
11153,11153,2017,,2017/12/14,18:20:00,COLISIÓN CONTRA OBJETO FIJO,ASFALTO,Bueno,Bueno,1,MAZDA,PLATA,0,,,,,0,0,Morelia,La Soledad,diciembre,jueves,18,-101.186356544495,19.7257361195893
11154,11154,2017,"171325659",2017/12/14,19:00:00,COLISIÓN POR CORTE DE CIRCULACIÓN,ASFALTO,Bueno,Bueno,2,SIN DATOS,ROJO,2,,42,MASCULINO,SIN DATOS,1,0,Morelia,Lindavista,diciembre,jueves,19,-101.216247081757,19.7039909390928
11155,11155,2017,"171378286",2017/12/14,20:20:00,COLISIÓN POR CORTE DE CIRCULACIÓN,CONCRETO,Bueno,Bueno,1,SIN DATOS,SIN DATOS,1,,,,,1,0,Morelia,Vasco de Quiroga,diciembre,jueves,20,-101.172586083412,19.704970697318
11156,11156,2017,"171378415",2017/12/14,20:40:00,COLISIÓN POR INVASIÓN DE CARRIL,ASFALTO,Bueno,Bueno,2,NISSAN,BLANCO,2,,43,MASCULINO,SIN DATOS,0,0,Morelia,Loma de Los Piñones,diciembre,jueves,21,-101.205089092255,19.67427212354
11157,11157,2017,,2017/12/14,21:15:00,COLISIÓN CONTRA OBJETO FIJO,ADOQUIN_EMPEDRADO,Bueno,Regular,3,FORD,VERDE,3,,36,MASCULINO,SIN DATOS,0,0,Cuitzeo,Centro,diciembre,jueves,21,-101.139718294144,19.9691237371964
11158,11158,2017,,2017/12/14,22:15:00,COLISIÓN POR CORTE DE CIRCULACIÓN,ASFALTO,Bueno,Bueno,1,NISSAN,BLANCO,0,,,,,0,0,Pátzcuaro,Centro,diciembre,jueves,22,-101.612055301666,19.5393874652441
11159,11159,2017,"171378783",2017/12/14,22:35:00,VOLCADURA,ASFALTO,Bueno,Bueno,1,VOLKSWAGEN,AZUL,1,MINISTERIO PÚBLICO,26,,SIN DATOS,0,0,Morelia,El Lago 1,diciembre,jueves,23,-101.216424107552,19.7270692160301
11160,11160,2017,"171378864",2017/12/14,23:35:00,COLISIÓN POR CORTE DE CIRCULACIÓN,CONCRETO,Bueno,Bueno,2,PEUGEOT,NARANJA,2,,19,MASCULINO,SIN DATOS,0,0,Morelia,Guadalupe,diciembre,jueves,0,-101.227769851685,19.7075261209478
11161,11161,2017,"171378862",2017/12/14,23:40:00,VOLCADURA,ASFALTO,Bueno,Bueno,1,FORD,ROJO,1,,20,MASCULINO,SIN DATOS,0,0,Morelia,San Jose Itzicuaro,diciembre,jueves,0,-101.299867630005,19.6876876899448
11162,11162,2017,"171379011",2017/12/15,"03:40:00",COLISIÓN CONTRA OBJETO FIJO,ASFALTO,Bueno,Bueno,1,RENAULT,ROJO,0,MINISTERIO PÚBLICO,,,,0,0,Morelia,Infonavit Colonial Universidad,diciembre,viernes,4,-101.204331368208,19.6864047739758
11163,11163,2017,"171379012",2017/12/15,"03:50:00",COLISIÓN POR ALCANCE,ASFALTO,Bueno,Bueno,2,NISSAN,BLANCO,2,,46,MASCULINO,SIN DATOS,0,0,Morelia,Independencia,diciembre,viernes,4,-101.177837848663,19.705081803542
11164,11164,2017,,2017/12/15,"05:30:00",COLISIÓN CONTRA OBJETO FIJO,ASFALTO,Bueno,Bueno,1,NISSAN,NEGRO,0,,,,,0,0,Lázaro Cárdenas,Centro,diciembre,viernes,6,-102.197442054749,17.9549131144964
11165,11165,2017,"171379042",2017/12/15,"05:30:00",COLISIÓN POR CORTE DE CIRCULACIÓN,ASFALTO,Bueno,Bueno,2,CHEVROLET,VERDE,2,,22,MASCULINO,SIN DATOS,0,0,Morelia,Eduardo Ruiz,diciembre,viernes,6,-101.22377872467,19.7239283422554
11166,11166,2017,"171379420",2017/12/15,"09:40:00",COLISIÓN POR CORTE DE CIRCULACIÓN,ASFALTO,Bueno,Bueno,2,NISSAN,AZUL,2,,31,FEMENINO,SIN DATOS,0,0,Morelia,Centro,diciembre,viernes,10,-101.19056224823,19.6984708489274
11167,11167,2017,"171380202",2017/12/15,10:30:00,COLISIÓN POR CAMBIO DE CARRIL,ASFALTO,Bueno,Bueno,2,VOLKSWAGEN,GRIS,2,,52,MASCULINO,SIN DATOS,0,0,Morelia,Comision Federal de Electricidad,diciembre,viernes,11,-101.176545023918,19.6842328849319
11168,11168,2017,"171181061",2017/12/15,10:35:00,COLISIÓN CON PEATÓN,ASFALTO,Bueno,Bueno,1,NISSAN,BLANCO/MORADO,2,MINISTERIO PÚBLICO,20,MASCULINO,SIN DATOS,0,1,Morelia,Centro,diciembre,viernes,11,-101.18919968605,19.7069705975444
11169,11169,2017,"171379887",2017/12/15,11:10:00,COLISIÓN POR CORTE DE CIRCULACIÓN,ASFALTO,Bueno,Bueno,2,FORD,ROJO,2,,24,MASCULINO,SIN DATOS,0,0,Tarímbaro,Campestre,diciembre,viernes,11,-101.163139343262,19.7983635502123
11170,11170,2017,"171379653",2017/12/15,11:10:00,COLISIÓN POR ALCANCE,ASFALTO,Bueno,Bueno,4,NISSAN,PLATA,5,,29,MASCULINO,SIN DATOS,1,0,Tarímbaro,Sin datos,diciembre,viernes,11,-101.164212226868,19.8021994745242
11171,11171,2017,,2017/12/15,11:20:00,COLISIÓN CONTRA OBJETO FIJO,ASFALTO,Bueno,Bueno,1,CHEVROLET,ROJO,1,MINISTERIO PÚBLICO,,,,1,0,Tarímbaro,Sin datos,diciembre,viernes,11,-101.163997650146,19.8017956973718
11172,11172,2017,"171379577",2017/12/15,11:45:00,COLISIÓN POR CORTE DE CIRCULACIÓN,ASFALTO,Bueno,Bueno,2,CHEVROLET,ROJO,1,,36,FEMENINO,SIN DATOS,0,0,Morelia,Lomas de Guayangareo,diciembre,viernes,12,-101.159652471542,19.7032939940227
11173,11173,2017,"171369885",2017/12/15,11:50:00,COLISIÓN POR ALCANCE,CONCRETO,Bueno,Bueno,2,TOYOTA,BLANCO/NARANJA,4,MINISTERIO PÚBLICO,25,MASCULINO,SIN DATOS,2,0,Morelia,Morelos,diciembre,viernes,12,-101.2095952034,19.692091953165
11174,11174,2017,,2017/12/15,11:55:00,COLISIÓN POR ALCANCE,ASFALTO,Bueno,Bueno,2,CHEVROLET,AZUL,2,MINISTERIO PÚBLICO,48,MASCULINO,SIN DATOS,0,0,Hidalgo,Sin datos,diciembre,viernes,12,-100.51872253418,19.6800910613999
11175,11175,2017,"171379997",2017/12/15,13:10:00,COLISIÓN CON PEATÓN,CONCRETO,Bueno,Bueno,1,HONDA,GRIS,2,,31,FEMENINO,SIN DATOS,1,0,Morelia,Ilustres Novohispanos,diciembre,viernes,13,-101.152356863022,19.7108592208507
11176,11176,2017,"171380223",2017/12/15,13:20:00,COLISIÓN POR ALCANCE,CONCRETO,Bueno,Bueno,2,NISSAN,BLANCO,2,,55,MASCULINO,SIN DATOS,0,0,Morelia,Centro,diciembre,viernes,13,-101.18013381958,19.7040313416124
11177,11177,2017,,2017/12/15,14:40:00,COLISIÓN CON PEATÓN,ASFALTO,Bueno,Bueno,1,NISSAN,BLANCO,2,MINISTERIO PÚBLICO,46,MASCULINO,SIN DATOS,1,0,Morelia,Reforma,diciembre,viernes,15,-101.238305568695,19.7068998944274
11178,11178,2017,"171961091",2017/12/15,16:00:00,COLISIÓN POR ALCANCE,ASFALTO,Bueno,Bueno,2,VOLKSWAGEN,ROJO,2,,28,MASCULINO,SIN DATOS,0,0,Morelia,La Soledad,diciembre,viernes,16,-101.183867454529,19.7264127684151
11179,11179,2017,"171380968",2017/12/15,17:00:00,COLISIÓN POR MANIOBRA DE REVERSA,CONCRETO,Bueno,Bueno,2,FORD,BLANCO,2,,50,MASCULINO,SIN DATOS,0,0,Morelia,Quinceo,diciembre,viernes,17,-101.225613355637,19.7281498239226
11180,11180,2017,,2017/12/15,17:30:00,VOLCADURA,ASFALTO,Bueno,Bueno,1,CHEVROLET,ROJO,1,,,,SIN DATOS,0,0,Zinapécuaro,Sin Nombre,diciembre,viernes,18,-100.8451795578,19.8621893614518
11181,11181,2017,"171381451",2017/12/15,17:50:00,COLISIÓN POR INVASIÓN DE CARRIL,ASFALTO,Bueno,Bueno,2,VOLKSWAGEN,NEGRO,2,,46,FEMENINO,SIN DATOS,0,0,Morelia,Lomas de Hidalgo,diciembre,viernes,18,-101.163547039032,19.6961526573083
11182,11182,2017,LEG11697,2017/12/15,18:00:00,SALIDA DE SUPERFICIE DE RODAMIENTO,ASFALTO,Bueno,Bueno,1,VOLKSWAGEN,GRIS,1,,44,MASCULINO,SIN DATOS,0,0,Tarímbaro,Sin datos,diciembre,viernes,18,-101.172747015953,19.7489728210068
11183,11183,2017,"171381473",2017/12/15,19:15:00,COLISIÓN POR ALCANCE,ASFALTO,Bueno,Regular,4,FORD,VERDE,4,MINISTERIO PÚBLICO,,,SIN DATOS,3,0,Morelia,Sin datos,diciembre,viernes,19,-101.277114450932,19.6921323586887
11184,11184,2017,"171381607",2017/12/15,19:45:00,COLISIÓN POR CORTE DE CIRCULACIÓN,ASFALTO,Bueno,Regular,2,NISSAN,PLATA,2,MINISTERIO PÚBLICO,,,,2,0,Charo,Sin datos,diciembre,viernes,20,-101.079797744751,19.6870815891931
11185,11185,2017,"171391621",2017/12/15,20:00:00,COLISIÓN POR CAMBIO DE CARRIL,ASFALTO,Bueno,Bueno,2,FORD,NEGRO,2,,65,MASCULINO,SIN DATOS,0,0,Morelia,Irrigacion,diciembre,viernes,20,-101.225152015686,19.7048797921682
11186,11186,2017,"171381829",2017/12/15,20:50:00,COLISIÓN POR CAMBIO DE CARRIL,CONCRETO,Bueno,Bueno,2,MERCEDEZ BENZ,NEGRO,2,,77,MASCULINO,SIN DATOS,0,0,Morelia,Ventura Puente,diciembre,viernes,21,-101.191935539246,19.6914656662431
11187,11187,2017,"171381968",2017/12/15,21:00:00,COLISIÓN POR CORTE DE CIRCULACIÓN,ASFALTO,Bueno,Bueno,1,MAZDA,ROJO,1,,21,MASCULINO,SIN DATOS,0,0,Morelia,Centro,diciembre,viernes,21,-101.191259622574,19.6960314437509
11188,11188,2017,"171382060",2017/12/15,21:00:00,COLISIÓN POR ALCANCE,CONCRETO,Bueno,Bueno,3,NISSAN,BLANCO,3,MINISTERIO PÚBLICO,24,MASCULINO,SIN DATOS,0,0,Morelia,Comision Federal de Electricidad,diciembre,viernes,21,-101.17901802063,19.6817680077325
11189,11189,2017,"171382110",2017/12/15,21:30:00,COLISIÓN POR NO RESPETAR SEMÁFORO,ASFALTO,Bueno,Bueno,2,VOLKSWAGEN,BLANCO,2,,38,FEMENINO,SIN DATOS,0,0,Morelia,Camelinas,diciembre,viernes,22,-101.17112159729,19.6821619865531
11190,11190,2017,,2017/12/15,21:38:00,COLISIÓN POR INVASIÓN DE CARRIL,ASFALTO,Bueno,Bueno,2,FORD,GUINDA,0,,,,,0,0,Chucándiro,Sin datos,diciembre,viernes,22,-101.318192481995,19.9475732186405
11192,11192,2017,"171134987",2017/12/15,22:00:00,COLISIÓN POR INVASIÓN DE CARRIL,ASFALTO,Bueno,Bueno,1,SEAT,ROJO,1,,40,FEMENINO,SIN DATOS,0,0,Morelia,Ventura Puente,diciembre,viernes,22,-101.189170181751,19.69303516695
11193,11193,2017,"171387348",2017/12/15,22:00:00,COLISIÓN POR ALCANCE,ASFALTO,Bueno,Bueno,2,NISSAN,NEGRO,2,,49,MASCULINO,SIN DATOS,0,0,Morelia,Villas Lomas del Paraiso,diciembre,viernes,22,-101.179468631744,19.6752015514071
11194,11194,2017,"171382049",2017/12/15,22:10:00,COLISIÓN POR CAMBIO DE CARRIL,CONCRETO,Bueno,Bueno,2,FORD,NEGRO,2,,26,MASCULINO,SIN DATOS,0,0,Morelia,Loma de Los Piñones,diciembre,viernes,22,-101.206119060516,19.673706382199