fid,id_accidente,anio_origen,folio_c5i,dia_incidente,hora_ocurrencia,tipo_incidente_vial,superficie_ocurrencia,condiciones_climaticas,condiciones_via,numero_vehiculos_involucrados,marca_vehiculo_ocasiona_siniestro,color_vehiculo_ocasiona_siniestro,numero_personas_involucradas,lugar_remite_presunto_responsable,edad_presunto_responsable,sexo_presunto_responsable,resultados_toxicologia,numero_personas_lesionadas,numero_personas_fallecidas,municipio,colonia,mes,dia_semana,hora_redondeada,lon,lat
11195,11195,2017,"171382190",2017/12/15,22:40:00,VOLCADURA,ASFALTO,Bueno,Bueno,1,PONTIAC,BLANCO,1,MINISTERIO PÚBLICO,,,,0,1,Morelia,Sin datos,diciembre,viernes,23,-101.302721500397,19.587852229692
11196,11196,2017,"171382309",2017/12/15,23:05:00,COLISIÓN POR CORTE DE CIRCULACIÓN,CONCRETO,Bueno,Bueno,2,NISSAN,BLANCO/ROJO,2,,28,MASCULINO,SIN DATOS,0,0,Morelia,Industrial,diciembre,viernes,23,-101.200180649757,19.7128741975556
11197,11197,2017,"171384776",2017/12/16,"00:00:00",COLISIÓN POR ALCANCE,ASFALTO,Bueno,Regular,2,NISSAN,BLANCO,2,MINISTERIO PÚBLICO,,,,2,0,Morelia,Reforma,diciembre,sábado,0,-101.241449117661,19.7086422121354
11198,11198,2017,"171382689",2017/12/16,"00:00:00",COLISIÓN POR ALCANCE,ADOQUIN_EMPEDRADO,Bueno,Bueno,2,NISSAN,ROJO,2,,29,MASCULINO,SIN DATOS,0,0,Morelia,Sin datos,diciembre,sábado,0,-101.199542159945,19.6459326735768
11199,11199,2017,"171382441",2017/12/16,"00:15:00",COLISIÓN POR ALCANCE,ASFALTO,Bueno,Bueno,2,CHEVROLET,BLANCO,2,,50,FEMENINO,SIN DATOS,0,0,Morelia,Ocolusen Iii,diciembre,sábado,0,-101.149875819683,19.686644690145
11200,11200,2017,,2017/12/16,"01:00:00",COLISIÓN POR MANIOBRA DE REVERSA,ASFALTO,Bueno,Bueno,2,FORD,BLANCO,2,,55,MASCULINO,SIN DATOS,0,0,Morelia,Lomas de Santiaguito,diciembre,sábado,1,-101.179082393646,19.7227366119352
11201,11201,2017,"171384094",2017/12/16,"02:00:00",COLISIÓN POR INVASIÓN DE CARRIL,ASFALTO,Bueno,Bueno,2,DINAMO,BLANCO,2,,21,MASCULINO,SIN DATOS,0,0,Morelia,Santiaguito,diciembre,sábado,2,-101.188673973083,19.7186866823195
11202,11202,2017,"171382517",2017/12/16,"02:20:00",COLISIÓN POR CORTE DE CIRCULACIÓN,ASFALTO,Bueno,Bueno,2,PEUGEOT,NARANJA,2,,24,MASCULINO,SIN DATOS,0,0,Morelia,Felix Ireta,diciembre,sábado,2,-101.191635131836,19.6826569842105
11204,11204,2017,"171382553",2017/12/16,"03:10:00",COLISIÓN CONTRA OBJETO FIJO,CONCRETO,Bueno,Bueno,1,NISSAN,SIN DATOS,0,,,,,0,0,Morelia,Isaac Arriaga,diciembre,sábado,3,-101.173439025879,19.7070615015061
11205,11205,2017,,2017/12/16,"03:30:00",COLISIÓN CONTRA OBJETO FIJO,ASFALTO,Bueno,Bueno,2,CHYSLER,PLATA,2,,0,MASCULINO,SIN DATOS,0,0,Morelia,Prados Verdes,diciembre,sábado,4,-101.197337508202,19.7145255505107
11206,11206,2017,"171382538",2017/12/16,"04:00:00",COLISIÓN POR CORTE DE CIRCULACIÓN,ASFALTO,Bueno,Bueno,2,SIN DATOS,NEGRO,3,,0,,SIN DATOS,1,0,Morelia,Residencial Alborada,diciembre,sábado,4,-101.232962608337,19.7029202686043
11207,11207,2017,,2017/12/16,"04:30:00",COLISIÓN POR ALCANCE,CONCRETO,Bueno,Bueno,3,AUDI,NEGRO,3,,39,MASCULINO,SIN DATOS,0,0,Morelia,Centro,diciembre,sábado,5,-101.195323169231,19.698749888247
11208,11208,2017,LEG11724,2017/12/16,"04:40:00",COLISIÓN CONTRA OBJETO FIJO,ASFALTO,Bueno,Regular,1,VOLKSWAGEN,AZUL,1,,37,MASCULINO,SIN DATOS,0,0,Morelia,Loma de Los Piñones,diciembre,sábado,5,-101.205132007599,19.674292328551
11209,11209,2017,"171161221",2017/12/16,"06:30:00",COLISIÓN CONTRA OBJETO FIJO,ASFALTO,Bueno,Bueno,1,FORD,AZUL,0,,,,,0,0,Morelia,Nueva Valladolid,diciembre,sábado,7,-101.210560798645,19.6956880048397
11210,11210,2017,"171382790",2017/12/16,"07:50:00",COLISIÓN POR ALCANCE,ASFALTO,Bueno,Bueno,2,VOLKWAGEN,GRIS,2,,27,MASCULINO,CON CERTIFICADO,0,0,Morelia,Los Manantiales de Morelia,diciembre,sábado,8,-101.241374015808,19.6954455769293
11211,11211,2017,"171382764",2017/12/16,"08:00:00",COLISIÓN POR CORTE DE CIRCULACIÓN,ASFALTO,Bueno,Bueno,2,MAN,BLANCO,1,MINISTERIO PÚBLICO,,,,1,0,Morelia,El Lago 1,diciembre,sábado,8,-101.217942237854,19.7275842730399
11212,11212,2017,"171382828",2017/12/16,"08:00:00",COLISIÓN POR CORTE DE CIRCULACIÓN,ASFALTO,Bueno,Bueno,1,NISSAN,BLANCO,1,,62,MASCULINO,SIN DATOS,0,0,Morelia,Sin datos,diciembre,sábado,8,-101.265106201172,19.63959657354
11213,11213,2017,,2017/12/16,"08:10:00",COLISIÓN POR CORTE DE CIRCULACIÓN,ASFALTO,Bueno,Bueno,2,DODGE,BLANCO,2,,46,MASCULINO,SIN DATOS,0,0,Lázaro Cárdenas,Centro,diciembre,sábado,8,-102.191219329834,17.9568931324417
11214,11214,2017,"171382873",2017/12/16,"08:30:00",COLISIÓN POR ALCANCE,ASFALTO,Bueno,Bueno,2,NISSAN,BLANCO,2,,0,MASCULINO,SIN DATOS,0,0,Morelia,Alberto Oviedo Mota,diciembre,sábado,9,-101.20134472847,19.6798587120294
11215,11215,2017,"171383293",2017/12/16,11:10:00,COLISIÓN POR CORTE DE CIRCULACIÓN,ASFALTO,Bueno,Bueno,2,MERCEDES BENZ,BLANCO,2,,58,MASCULINO,SIN DATOS,0,0,Morelia,Campestre Los Manantiales,diciembre,sábado,11,-101.238219738007,19.6879705361772
11216,11216,2017,"171383553",2017/12/16,12:30:00,COLISIÓN POR ALCANCE,ASFALTO,Bueno,Bueno,2,KENWORTH,AMARILLO,2,,52,MASCULINO,SIN DATOS,0,0,Morelia,Francisco J Mujica,diciembre,sábado,13,-101.188116073608,19.7215852708133
11217,11217,2017,,2017/12/16,12:40:00,COLISIÓN POR INVASIÓN DE CARRIL,ASFALTO,Bueno,Bueno,2,ITALIKA,AMARILLO/NEGRO,2,MINISTERIO PÚBLICO,,,SIN DATOS,0,0,Apatzingán,La Fuente,diciembre,sábado,13,-102.365198135376,19.1026547267966
11218,11218,2017,,2017/12/16,13:10:00,COLISIÓN POR ALCANCE,ASFALTO,Bueno,Bueno,3,INTERNACIONAL,ROJO,3,,0,MASCULINO,SIN DATOS,0,0,Morelia,Elias Perez Avalos,diciembre,sábado,13,-101.169447898865,19.7133438501315
11219,11219,2017,"171383968",2017/12/16,14:50:00,COLISIÓN POR CAMBIO DE CARRIL,ASFALTO,Bueno,Bueno,2,CHYSLER,BLANCO,2,,41,FEMENINO,SIN DATOS,0,0,Morelia,Indeco Santiaguito,diciembre,sábado,15,-101.178867816925,19.7204339213976
11221,11221,2017,"171385032",2017/12/16,19:10:00,COLISIÓN POR ALCANCE,ASFALTO,Bueno,Bueno,4,NISSAN,GRIS,4,,45,MASCULINO,SIN DATOS,0,0,Morelia,Loma de Los Piñones,diciembre,sábado,19,-101.205067634583,19.6741913034707
11222,11222,2017,,2017/12/16,20:30:00,SUBIDA AL CAMELLÓN,ASFALTO,Bueno,Bueno,1,DODGE,GRIS,0,,,,,0,0,Morelia,Ampliacion La Soledad,diciembre,sábado,21,-101.180648803711,19.7378648675412
11223,11223,2017,"171385419",2017/12/16,21:20:00,COLISIÓN POR CORTE DE CIRCULACIÓN,CONCRETO,Bueno,Bueno,1,VENTO,NEGRO,1,,0,MASCULINO,SIN DATOS,0,0,Morelia,Vista Bella,diciembre,sábado,21,-101.195958852768,19.6786262445165
11224,11224,2017,"171385470",2017/12/16,21:30:00,COLISIÓN POR INVASIÓN DE CARRIL,ASFALTO,Bueno,Bueno,2,FREIGHTLINER,ROJO,2,,0,MASCULINO,SIN DATOS,0,0,Morelia,Francisco J Mujica,diciembre,sábado,22,-101.188201904297,19.7214034793516
11227,11227,2017,"171385682",2017/12/16,23:00:00,CAIDA DE MOTOCICLETA,ASFALTO,Bueno,Bueno,1,ITALIKA,ROJO Y NEGRO,1,,,,SIN DATOS,0,0,Morelia,El Lago 1,diciembre,sábado,23,-101.217877864838,19.7275438764717
11228,11228,2017,,2017/12/16,23:00:00,COLISIÓN CONTRA OBJETO FIJO,CONCRETO,Bueno,Bueno,1,KAMAJI,NEGRO,1,MINISTERIO PÚBLICO,,,,1,0,Morelia,Loma Real,diciembre,sábado,23,-101.198651790619,19.7294829002251
11229,11229,2017,"171386195",2017/12/17,"03:00:00",SUBIDA AL CAMELLÓN,ASFALTO,Bueno,Bueno,1,FIAT,AMARILLO,1,,33,MASCULINO,SIN DATOS,0,0,Morelia,Libertad,diciembre,domingo,3,-101.238069534302,19.6875058599602
11230,11230,2017,,2017/12/17,"04:00:00",SALIDA DE SUPERFICIE DE RODAMIENTO,ASFALTO,Bueno,Bueno,1,VOLKSWAGEN,GRIS,1,,0,,SIN DATOS,0,0,Morelia,Canteras de Morelia,diciembre,domingo,4,-101.17152929306,19.7148891488704
11231,11231,2017,"171386538",2017/12/17,"04:00:00",COLISIÓN CONTRA OBJETO FIJO,ASFALTO,Bueno,Bueno,1,FORD,ROJO,1,,23,MASCULINO,SIN DATOS,0,0,Morelia,Vasco de Quiroga,diciembre,domingo,4,-101.175329983234,19.7028748154533
11232,11232,2017,"171386439",2017/12/17,"08:10:00",COLISIÓN POR CORTE DE CIRCULACIÓN,ASFALTO,Bueno,Bueno,1,FORD,GRIS,1,,0,,SIN DATOS,0,0,Morelia,Tenencia Morelos,diciembre,domingo,8,-101.246824264526,19.6501051074959
11233,11233,2017,"171386844",2017/12/17,10:40:00,COLISIÓN POR MANIOBRA DE REVERSA,ASFALTO,Bueno,Bueno,2,DINA,AZUL,2,,47,MASCULINO,SIN DATOS,0,0,Morelia,Loma de La Floresta,diciembre,domingo,11,-101.201269626617,19.6664121810543
11234,11234,2017,"171387043",2017/12/17,12:15:00,CAIDA DE MOTOCICLETA,ASFALTO,Bueno,Bueno,1,HONDA,BLANCO,2,,27,MASCULINO,SIN DATOS,1,0,Morelia,Tierra Y Libertad,diciembre,domingo,12,-101.227437257767,19.7134953506681
11235,11235,2017,,2017/12/17,13:00:00,COLISIÓN POR CORTE DE CIRCULACIÓN,ASFALTO,Bueno,Bueno,2,NISSAN,BLANCO,2,,62,MASCULINO,SIN DATOS,0,0,Pátzcuaro,Centro,diciembre,domingo,13,-101.617805957794,19.5164339059333
11236,11236,2017,"171387350",2017/12/17,13:55:00,COLISIÓN POR CORTE DE CIRCULACIÓN,ASFALTO,Nublado,Bueno,2,HONDA,ROJO,2,MINISTERIO PÚBLICO,80,FEMENINO,SIN DATOS,0,0,Morelia,Cuauhtemoc,diciembre,domingo,14,-101.182928681374,19.694369798647
11237,11237,2017,,2017/12/17,14:30:00,COLISIÓN POR ALCANCE,ASFALTO,Bueno,Bueno,2,FORD,NEGRO,2,,52,MASCULINO,SIN DATOS,0,0,Pátzcuaro,Sin datos,diciembre,domingo,15,-101.587743759155,19.5456359309755
11238,11238,2017,"171387369",2017/12/17,14:40:00,COLISIÓN POR CORTE DE CIRCULACIÓN,ASFALTO,Bueno,Bueno,2,FORD,BLANCO,2,,0,,SIN DATOS,0,0,Morelia,Jesus del Monte,diciembre,domingo,15,-101.157919764519,19.6594207515663
11239,11239,2017,"171387633",2017/12/17,15:40:00,COLISIÓN POR ALCANCE,CONCRETO,Bueno,Bueno,2,JEEP,NEGRO,2,,58,MASCULINO,SIN DATOS,0,0,Morelia,Centro,diciembre,domingo,16,-101.188899278641,19.6960011403472
11240,11240,2017,"171387607",2017/12/17,16:00:00,COLISIÓN CONTRA OBJETO FIJO,CONCRETO,Bueno,Bueno,2,HONDA,BLANCO,2,,23,MASCULINO,CON CERTIFICADO,0,0,Morelia,Hacienda del Quinceo,diciembre,domingo,16,-101.234731525183,19.7287090608849
11241,11241,2017,,2017/12/17,20:00:00,COLISIÓN POR CORTE DE CIRCULACIÓN,ASFALTO,Bueno,Bueno,2,CHEVROLET,SIN DATOS,2,,0,,SIN DATOS,0,0,Morelia,Sin datos,diciembre,domingo,20,-101.275384426117,19.5634295885933
11242,11242,2017,,2017/12/17,21:50:00,COLISIÓN POR CORTE DE CIRCULACIÓN,ASFALTO,Bueno,Bueno,2,NISSAN,BLANCO,2,,0,,SIN DATOS,0,0,Morelia,Batalla de Morelia,diciembre,domingo,22,-101.227480173111,19.7254432408508
11243,11243,2017,,2017/12/17,22:50:00,COLISIÓN POR ALCANCE,ASFALTO,Bueno,Bueno,2,ITALIKA,VERDE,3,,32,FEMENINO,SIN DATOS,1,0,Morelia,Fovissste La Huerta,diciembre,domingo,23,-101.21212720871,19.6924556025115
11244,11244,2017,,2017/12/17,23:40:00,COLISIÓN CONTRA OBJETO FIJO,ASFALTO,Bueno,Regular,2,JEEP,ROJO,1,,,MASCULINO,SIN DATOS,0,0,Copándaro,Sin datos,diciembre,domingo,0,-101.259140968323,19.9056133752785
11245,11245,2017,"171389289",2017/12/18,"00:25:00",COLISIÓN CONTRA OBJETO FIJO,CONCRETO,Bueno,Bueno,1,VOLKSWAGEN,BLANCO,1,,35,MASCULINO,SIN DATOS,0,0,Tarímbaro,Club Erandeni,diciembre,lunes,0,-101.182150840759,19.7594135923684
11246,11246,2017,"171389202",2017/12/18,"00:30:00",COLISIÓN POR INVASIÓN DE CARRIL,ASFALTO,Bueno,Bueno,2,CHEVROLET,AZUL,2,,47,MASCULINO,CON CERTIFICADO,0,0,Tarímbaro,Sin datos,diciembre,lunes,1,-101.181442737579,19.759231843972
11247,11247,2017,,2017/12/18,"04:30:00",COLISIÓN POR INVASIÓN DE CARRIL,ASFALTO,Bueno,Bueno,2,NISSAN,BLANCO/VERDE,0,MINISTERIO PÚBLICO,,,,0,0,Lázaro Cárdenas,Segundo Sector de Fidelac,diciembre,lunes,5,-102.210037708282,17.9617512268423
11248,11248,2017,"171389455",2017/12/18,"06:30:00",COLISIÓN CONTRA OBJETO FIJO,CONCRETO,Bueno,Bueno,1,NISSAN,AZUL,0,,,,,0,0,Morelia,Primaveras,diciembre,lunes,7,-101.225726678967,19.6804932523126
11249,11249,2017,"171390671",2017/12/18,"08:30:00",COLISIÓN POR CORTE DE CIRCULACIÓN,CONCRETO,Bueno,Bueno,2,FORD,BLANCO,2,,36,MASCULINO,SIN DATOS,0,0,Morelia,Guadalupe,diciembre,lunes,9,-101.225860118866,19.7080715420486
11250,11250,2017,"171389642",2017/12/18,"09:00:00",COLISIÓN POR CORTE DE CIRCULACIÓN,CONCRETO,Bueno,Bueno,2,ITALIKA,ROJO,2,,20,MASCULINO,SIN DATOS,0,0,Morelia,Ventura Puente,diciembre,lunes,9,-101.194451451302,19.6937637231912
11251,11251,2017,"171389867",2017/12/18,"09:30:00",COLISIÓN POR CORTE DE CIRCULACIÓN,ASFALTO,Bueno,Bueno,2,SEAT,ROJO,2,,0,MASCULINO,SIN DATOS,0,0,Morelia,Nueva Chapultepec,diciembre,lunes,10,-101.172505617142,19.6888544274332
11252,11252,2017,"171390314",2017/12/18,12:15:00,COLISIÓN CON PEATÓN,CONCRETO,Bueno,Bueno,1,JEEP,ROJO,2,,41,FEMENINO,SIN DATOS,1,0,Morelia,Camelinas,diciembre,lunes,12,-101.174147129059,19.6818690280353
11253,11253,2017,"171390250",2017/12/18,13:00:00,COLISIÓN POR CORTE DE CIRCULACIÓN,ASFALTO,Bueno,Bueno,2,FORD,GUINDA,2,,26,MASCULINO,SIN DATOS,0,0,Morelia,El Lago 1,diciembre,lunes,13,-101.210539340973,19.7264329668435
11256,11256,2017,"171390801",2017/12/18,13:35:00,COLISIÓN POR CORTE DE CIRCULACIÓN,ASFALTO,Bueno,Regular,2,VOLKSWAGEN,ARENA,2,,36,MASCULINO,SIN DATOS,0,0,Morelia,Canteras de Morelia,diciembre,lunes,14,-101.173449754715,19.716373833591
11257,11257,2017,"171325492",2017/12/18,13:40:00,COLISIÓN POR CAMBIO DE CARRIL,CONCRETO,Bueno,Bueno,2,FREIGHTLINER,BLANCO,2,,52,MASCULINO,SIN DATOS,0,0,Morelia,Centro,diciembre,lunes,14,-101.200330853462,19.7058645952063
11259,11259,2017,"171390928",2017/12/18,14:30:00,COLISIÓN POR MANIOBRA DE REVERSA,CONCRETO,Bueno,Regular,2,FORD,SIN DATOS,2,,69,MASCULINO,SIN DATOS,0,0,Morelia,Santiaguito,diciembre,lunes,15,-101.189988255501,19.7155267064981
11260,11260,2017,,2017/12/18,15:00:00,COLISIÓN POR CORTE DE CIRCULACIÓN,ASFALTO,Bueno,Regular,2,GENERAL MOTORS,ORO,1,,,MASCULINO,SIN DATOS,0,0,Morelia,Nicolaitas Ilustres,diciembre,lunes,15,-101.228220462799,19.7194239589417
11261,11261,2017,,2017/12/18,15:50:00,COLISIÓN POR CORTE DE CIRCULACIÓN,CONCRETO,Bueno,Bueno,2,MAZDA,ROJO,4,MINISTERIO PÚBLICO,60,MASCULINO,SIN DATOS,2,0,Sahuayo,Centro,diciembre,lunes,16,-102.720816135406,20.0554374315795
11262,11262,2017,"171328721",2017/12/18,17:20:00,COLISIÓN POR CORTE DE CIRCULACIÓN,CONCRETO,Bueno,Bueno,2,NISSAN,BLANCO Y CORAL,2,,52,MASCULINO,SIN DATOS,0,0,Morelia,Vasco de Quiroga,diciembre,lunes,17,-101.169099211693,19.7023798803068
11263,11263,2017,,2017/12/18,17:20:00,COLISIÓN POR CORTE DE CIRCULACIÓN,ASFALTO,Bueno,Bueno,2,RENAULT,NEGRO,1,,34,MASCULINO,SIN DATOS,0,0,Morelia,Los Pinos de Michoacan,diciembre,lunes,17,-101.216332912445,19.6830964196245
11266,11266,2017,"171381783",2017/12/18,18:00:00,COLISIÓN POR ALCANCE,ASFALTO,Bueno,Bueno,2,DINAMO,NEGRO,2,,28,MASCULINO,SIN DATOS,0,0,Morelia,Comision Federal de Electricidad,diciembre,lunes,18,-101.180713176727,19.6816063751156
11267,11267,2017,"171388267",2017/12/18,18:50:00,COLISIÓN POR CORTE DE CIRCULACIÓN,CONCRETO,Bueno,Bueno,2,SIN DATOS,SIN DATOS,1,,56,MASCULINO,SIN DATOS,0,0,Morelia,Elias Perez Avalos,diciembre,lunes,19,-101.165220737457,19.7120876526523
11268,11268,2017,"171392017",2017/12/18,19:05:00,VOLCADURA,ASFALTO,Bueno,Regular,1,HONDA,ROJO,1,,32,MASCULINO,SIN DATOS,0,0,Morelia,Sin datos,diciembre,lunes,19,-101.357545852661,19.6730598182208
11269,11269,2017,"171391212",2017/12/18,19:52:00,COLISIÓN POR CORTE DE CIRCULACIÓN,ASFALTO,Bueno,Bueno,2,SIN DATOS,SIN DATOS,2,,,MASCULINO,SIN DATOS,1,0,Morelia,El Realito,diciembre,lunes,20,-101.202921867371,19.7253826451827
11270,11270,2017,"171392429",2017/12/18,21:00:00,COLISIÓN POR CORTE DE CIRCULACIÓN,CONCRETO,Bueno,Bueno,1,VENTO,ROJO,1,,,MASCULINO,SIN DATOS,0,0,Morelia,Arboledas de Valladolid,diciembre,lunes,21,-101.250450611115,19.6937081661597
11271,11271,2017,,2017/12/18,21:10:00,VOLCADURA,TERRACERIA,Bueno,Malo,2,JEEP,AZUL,3,MINISTERIO PÚBLICO,19,MASCULINO,SIN DATOS,1,0,Irimbo,Sin datos,diciembre,lunes,21,-100.465679168701,19.7594337866219
11272,11272,2017,"171392609",2017/12/18,22:30:00,COLISIÓN POR NO RESPETAR SEMÁFORO,ASFALTO,Bueno,Bueno,2,FORD,BLANCO,0,MINISTERIO PÚBLICO,,,,0,0,Morelia,Comision Federal de Electricidad,diciembre,lunes,23,-101.181313991547,19.6814851505458
11273,11273,2017,"171392765",2017/12/19,"00:00:00",COLISIÓN POR CORTE DE CIRCULACIÓN,ASFALTO,Bueno,Bueno,2,VOLKSWAGEN,NEGRO,2,,0,MASCULINO,SIN DATOS,0,0,Morelia,Tzindurio de Morelos,diciembre,martes,0,-101.250225305557,19.6978395364541
11274,11274,2017,"171392782",2017/12/19,"00:00:00",COLISIÓN POR MANIOBRA DE REVERSA,ASFALTO,Bueno,Bueno,2,FORD,VERDE,2,,41,MASCULINO,SIN DATOS,0,0,Morelia,Los Alamos,diciembre,martes,0,-101.229722499847,19.7037283224664
11276,11276,2017,"171392790",2017/12/19,"00:20:00",VOLCADURA,CONCRETO,Bueno,Bueno,1,SEAT,BLANCO,1,,62,FEMENINO,SIN DATOS,0,0,Morelia,Centro,diciembre,martes,0,-101.188834905624,19.708253348669
11277,11277,2017,"17132882",2017/12/19,"00:30:00",COLISIÓN POR ALCANCE,ASFALTO,Bueno,Bueno,3,VOLKSWAGEN,BLANCO,3,,21,MASCULINO,SIN DATOS,0,0,Morelia,Centro,diciembre,martes,1,-101.189832687378,19.7029606713943
11278,11278,2017,"171393100",2017/12/19,"01:15:00",COLISIÓN POR INVASIÓN DE CARRIL,ASFALTO,Bueno,Bueno,2,INTERNACIONAL,BLANCO,1,,33,MASCULINO,SIN DATOS,0,0,Morelia,Libertad,diciembre,martes,1,-101.237496882677,19.6862898666307
11279,11279,2017,,2017/12/19,"03:00:00",COLISIÓN CONTRA OBJETO FIJO,TERRACERIA,Bueno,Malo,1,FREIGHTLINER,BLANCO,1,,0,,SIN DATOS,0,0,Morelia,San Jose del Cerrito,diciembre,martes,3,-101.221504211426,19.6610170874655
11281,11281,2017,"17132188",2017/12/19,"09:00:00",COLISIÓN POR CORTE DE CIRCULACIÓN,ASFALTO,Bueno,Bueno,2,CHEVROLET,NEGRO,2,,32,FEMENINO,SIN DATOS,0,0,Morelia,Diego Rivera,diciembre,martes,9,-101.175874471664,19.7181665467664
11282,11282,2017,"171393308",2017/12/19,"09:20:00",COLISIÓN POR ALCANCE,ASFALTO,Bueno,Bueno,2,CHEVROLET,BLANCO,2,,34,MASCULINO,SIN DATOS,0,0,Morelia,Chapultepec Oriente,diciembre,martes,9,-101.159234046936,19.6881523656342
11283,11283,2017,"171393358",2017/12/19,"09:30:00",COLISIÓN POR ALCANCE,ASFALTO,Bueno,Bueno,3,MAZDA,ROJO,3,,36,FEMENINO,SIN DATOS,0,0,Morelia,Buenavista,diciembre,martes,10,-101.163096427917,19.7068190908268
11284,11284,2017,"171393637",2017/12/19,10:30:00,COLISIÓN CONTRA OBJETO FIJO,ASFALTO,Bueno,Bueno,1,CHEVROLET,BLANCO,0,,,,,0,0,Morelia,Libertad,diciembre,martes,11,-101.236921548843,19.6848895056561
11286,11286,2017,"171393565",2017/12/19,11:00:00,COLISIÓN POR CORTE DE CIRCULACIÓN,CONCRETO,Bueno,Bueno,2,NISSAN,BLANCO Y CREMA,3,,25,MASCULINO,SIN DATOS,1,0,Morelia,Hacienda Real,diciembre,martes,11,-101.207449436188,19.727907445218
11287,11287,2017,"171393596",2017/12/19,11:00:00,COLISIÓN POR CAMBIO DE CARRIL,ASFALTO,Bueno,Bueno,2,MERCEDES BENZ,BLANCO Y AZUL,2,,24,MASCULINO,SIN DATOS,0,0,Morelia,La Colina,diciembre,martes,11,-101.2153673172,19.7075463217625
11288,11288,2017,"171393816",2017/12/19,11:20:00,COLISIÓN POR ALCANCE,ASFALTO,Bueno,Bueno,3,CHEVROLET,VERDE,3,,64,MASCULINO,SIN DATOS,0,0,Morelia,Nueva Chapultepec,diciembre,martes,11,-101.172811388969,19.6877432490656
11289,11289,2017,"171559267",2017/12/19,12:00:00,COLISIÓN POR CORTE DE CIRCULACIÓN,CONCRETO,Bueno,Bueno,2,PONTIAC,GRIS,2,,68,FEMENINO,SIN DATOS,0,0,Morelia,Felix Ireta,diciembre,martes,12,-101.181303262711,19.6863643670067
11290,11290,2017,"171393876",2017/12/19,12:25:00,COLISIÓN POR INVASIÓN DE CARRIL,ASFALTO,Bueno,Regular,2,MAZDA,ALUMINO,2,,56,MASCULINO,SIN DATOS,0,0,Morelia,Ventura Puente,diciembre,martes,12,-101.190057992935,19.6930162269689
11291,11291,2017,"171393959",2017/12/19,13:50:00,COLISIÓN POR CORTE DE CIRCULACIÓN,CONCRETO,Bueno,Bueno,2,ITALIKA,ROJO Y NEGRO,3,,14,MASCULINO,SIN DATOS,1,0,Morelia,Centro,diciembre,martes,14,-101.184210777283,19.7059908515676
11292,11292,2017,"171344322",2017/12/19,14:40:00,COLISIÓN POR CORTE DE CIRCULACIÓN,ASFALTO,Bueno,Bueno,2,FORD,NEGRO,2,,42,FEMENINO,SIN DATOS,0,0,Morelia,Granjas del Maestro,diciembre,martes,15,-101.188588142395,19.7134044503634
11293,11293,2017,"171594430",2017/12/19,15:40:00,CAIDA DE MOTOCICLETA,CONCRETO,Bueno,Bueno,1,YAMAHA,ROJO,1,,20,MASCULINO,SIN DATOS,0,0,Morelia,Union,diciembre,martes,16,-101.155495047569,19.7069428213236
11294,11294,2017,"171394480",2017/12/19,15:40:00,COLISIÓN POR ALCANCE,CONCRETO,Bueno,Bueno,2,VOLKSWAGEN,GRIS,2,,26,FEMENINO,SIN DATOS,0,0,Morelia,Infonavit  Las  Camelinas,diciembre,martes,16,-101.176121234894,19.6819902523146
11296,11296,2017,"171394802",2017/12/19,17:00:00,COLISIÓN POR ALCANCE,ASFALTO,Bueno,Bueno,2,CHEVROLET,GRIS,2,,44,MASCULINO,SIN DATOS,0,0,Morelia,Reforma,diciembre,martes,17,-101.241137981415,19.7059100475078
11297,11297,2017,"171394934",2017/12/19,17:20:00,COLISIÓN POR ALCANCE,ASFALTO,Bueno,Bueno,2,NISSAN,GRIS,2,,30,FEMENINO,SIN DATOS,0,0,Morelia,Lomas de Guayangareo,diciembre,martes,17,-101.160870194435,19.7050110995902
11298,11298,2017,,2017/12/19,18:00:00,COLISIÓN POR INVASIÓN DE CARRIL,CONCRETO,Bueno,Bueno,2,ITALIKA,NEGRO/VERDE,5,MINISTERIO PÚBLICO,15,MASCULINO,SIN DATOS,3,0,Sahuayo,Sin Nombre,diciembre,martes,18,-102.724925279617,20.0406116215257
11299,11299,2017,"171395172",2017/12/19,18:55:00,COLISIÓN POR CAMBIO DE CARRIL,CONCRETO,Bueno,Bueno,2,NISSAN,PLATA,2,,29,MASCULINO,SIN DATOS,0,0,Morelia,Vasco de Quiroga,diciembre,martes,19,-101.175874471664,19.6982536777176
11301,11301,2017,"171395779",2017/12/19,22:00:00,COLISIÓN POR CORTE DE CIRCULACIÓN,ASFALTO,Bueno,Bueno,2,CHEVROLET,GUINDA,2,,46,MASCULINO,SIN DATOS,0,0,Morelia,Precursores de La Revolucion,diciembre,martes,22,-101.175335581217,19.7268738242108