fid,id_accidente,anio_origen,folio_c5i,dia_incidente,hora_ocurrencia,tipo_incidente_vial,superficie_ocurrencia,condiciones_climaticas,condiciones_via,numero_vehiculos_involucrados,marca_vehiculo_ocasiona_siniestro,color_vehiculo_ocasiona_siniestro,numero_personas_involucradas,lugar_remite_presunto_responsable,edad_presunto_responsable,sexo_presunto_responsable,resultados_toxicologia,numero_personas_lesionadas,numero_personas_fallecidas,municipio,colonia,mes,dia_semana,hora_redondeada,lon,lat
11302,11302,2017,"17396380",2017/12/20,"00:00:00",COLISIÓN POR CORTE DE CIRCULACIÓN,ASFALTO,Bueno,Bueno,1,FORD,BLANCO,1,,49,MASCULINO,SIN DATOS,0,0,Morelia,Rinconada del Valle,diciembre,miércoles,0,-101.218972206116,19.6783938930214
11303,11303,2017,,2017/12/20,"00:00:00",COLISIÓN CON PEATÓN,ASFALTO,Bueno,Bueno,2,NISSAN,GRIS,2,,0,MASCULINO,SIN DATOS,0,0,Morelia,Camponubes,diciembre,miércoles,0,-101.289954185486,19.6971425645912
11304,11304,2017,LEG11818,2017/12/20,"01:55:00",COLISIÓN CONTRA OBJETO FIJO,ASFALTO,Bueno,Bueno,1,NISSAN,BLANCO,1,,61,MASCULINO,CON CERTIFICADO,0,0,Morelia,Barrio Alto,diciembre,miércoles,2,-101.196870803833,19.7248574817635
11305,11305,2017,"171396331",2017/12/20,"07:20:00",COLISIÓN CON PEATÓN,ASFALTO,Bueno,Bueno,1,TOYOTA,ROJO,1,,23,MASCULINO,SIN DATOS,0,0,Morelia,Eduardo Ruiz,diciembre,miércoles,7,-101.216113641858,19.7171628823598
11306,11306,2017,"171396407",2017/12/20,"08:20:00",COLISIÓN POR ALCANCE,ASFALTO,Bueno,Bueno,2,RENAULT,AZUL,2,,22,FEMENINO,SIN DATOS,0,0,Morelia,Diego Rivera,diciembre,miércoles,8,-101.175026893616,19.7173232165936
11307,11307,2017,,2017/12/20,"08:20:00",COLISIÓN POR ALCANCE,ASFALTO,Bueno,Bueno,2,NISSAN,BLANCO,2,,39,MASCULINO,SIN DATOS,0,0,Cuitzeo,Sin datos,diciembre,miércoles,8,-101.15198135376,19.9924659687861
11308,11308,2017,"171396564",2017/12/20,"09:40:00",COLISIÓN POR ALCANCE,ASFALTO,Bueno,Bueno,3,CHEVROLET,GRIS,3,,47,MASCULINO,SIN DATOS,0,0,Morelia,Morelia 450,diciembre,miércoles,10,-101.214841604233,19.6745044810122
11309,11309,2017,"1713966318",2017/12/20,10:10:00,COLISIÓN CON PEATÓN,ASFALTO,Bueno,Bueno,2,NISSAN,BLANCO,2,,28,MASCULINO,SIN DATOS,0,0,Morelia,Loma Bonita,diciembre,miércoles,10,-101.196248531342,19.7231607881525
11310,11310,2017,"171396983",2017/12/20,11:10:00,COLISIÓN POR ALCANCE,ASFALTO,Bueno,Bueno,2,NISSAN,ARENA,2,,22,MASCULINO,SIN DATOS,0,0,Morelia,Felix Ireta,diciembre,miércoles,11,-101.192214488983,19.6823741285936
11311,11311,2017,,2017/12/20,12:05:00,COLISIÓN POR CORTE DE CIRCULACIÓN,ASFALTO,Bueno,Bueno,1,NISSAN,NEGRO,0,,,,,0,0,Zinapécuaro,Sin Nombre,diciembre,miércoles,12,-100.845050811768,19.8623508110483
11312,11312,2017,"171397243",2017/12/20,12:10:00,COLISIÓN POR CORTE DE CIRCULACIÓN,ASFALTO,Bueno,Bueno,2,NISSAN,ROJO,2,,26,MASCULINO,SIN DATOS,0,0,Morelia,Montaña Monarca,diciembre,miércoles,12,-101.164984703064,19.6658868241138
11313,11313,2017,"1",2017/12/20,14:02:00,SUBIDA AL CAMELLÓN,ASFALTO,Bueno,Bueno,1,VOLKWAGEN,NEGRO,1,,54,MASCULINO,SIN DATOS,0,0,Morelia,Sin datos,diciembre,miércoles,14,-101.091728210449,19.7255240350391
11314,11314,2017,"171397734",2017/12/20,14:15:00,COLISIÓN POR CAMBIO DE CARRIL,ASFALTO,Bueno,Bueno,2,ROAD KING,BLANCO,2,,26,MASCULINO,SIN DATOS,0,0,Morelia,Libertad,diciembre,miércoles,14,-101.236905455589,19.6848187927844
11315,11315,2017,,2017/12/20,15:00:00,COLISIÓN POR CAMBIO DE CARRIL,CONCRETO,Bueno,Bueno,2,MITSUBISHI,ROJO,2,,36,MASCULINO,SIN DATOS,0,0,Morelia,Nueva Chapultepec,diciembre,miércoles,15,-101.170858740807,19.6857633121372
11316,11316,2017,"171397988",2017/12/20,15:15:00,COLISIÓN POR CAMBIO DE CARRIL,CONCRETO,Bueno,Bueno,2,FORD,BLANCO,2,,36,MASCULINO,SIN DATOS,0,0,Morelia,Indeco Expropiacion Petrolera,diciembre,miércoles,15,-101.225730031729,19.6850852286204
11317,11317,2017,,2017/12/20,16:00:00,SALIDA DE SUPERFICIE DE RODAMIENTO,TERRACERIA,Nublado,Malo,1,NISSAN,GUINDA,0,,,,,0,0,Zinapécuaro,Sin datos,diciembre,miércoles,16,-100.942897796631,19.8794837150493
11318,11318,2017,,2017/12/20,16:20:00,COLISIÓN POR INVASIÓN DE CARRIL,ASFALTO,Bueno,Bueno,2,TOYOTA,ROJO,2,,0,MASCULINO,SIN DATOS,0,0,Morelia,Libertad,diciembre,miércoles,16,-101.236953735352,19.6848490983047
11319,11319,2017,"171402005",2017/12/20,19:10:00,COLISIÓN CON PEATÓN,CONCRETO,Bueno,Bueno,1,NISSAN,AZUL,2,,46,MASCULINO,SIN DATOS,1,0,Morelia,Ejidal Ocolusen,diciembre,miércoles,19,-101.155973821878,19.6855795858813
11320,11320,2017,,2017/12/20,19:14:00,COLISIÓN POR CORTE DE CIRCULACIÓN,ASFALTO,Bueno,Bueno,2,NISSAN,BLANCO,0,MINISTERIO PÚBLICO,,,,0,0,Morelia,Ventura Puente,diciembre,miércoles,19,-101.17947936058,19.6923419621794
11321,11321,2017,"171399043",2017/12/20,19:30:00,COLISIÓN CON PEATÓN,CONCRETO,Bueno,Bueno,2,VOLKSWAGEN,PLATA,2,,46,MASCULINO,SIN DATOS,0,0,Morelia,Fuentes de Morelia,diciembre,miércoles,20,-101.203726530075,19.670847337373
11322,11322,2017,"171399647",2017/12/21,"00:00:00",COLISIÓN CONTRA OBJETO FIJO,ASFALTO,Bueno,Bueno,1,DODGE,GUINDA,1,,40,MASCULINO,SIN DATOS,0,0,Morelia,Enrique Arreguin Robles,diciembre,jueves,0,-101.183245182037,19.7193633609915
11324,11324,2017,"171399769",2017/12/21,"04:30:00",COLISIÓN CON PEATÓN,ASFALTO,Bueno,Bueno,1,V.W.,PLATA,1,,48,MASCULINO,SIN DATOS,0,0,Morelia,Cañada del Bosque,diciembre,jueves,5,-101.094496250153,19.728897155947
11325,11325,2017,"171399797",2017/12/21,"06:30:00",COLISIÓN POR ALCANCE,ASFALTO,Bueno,Bueno,2,CHEVROLET,BLANCO,2,,,,SIN DATOS,0,0,Morelia,Sentimientos de La Nacion,diciembre,jueves,7,-101.235258579254,19.6809800471843
11326,11326,2017,"171399867",2017/12/21,"07:55:00",COLISIÓN POR NO RESPETAR SEMÁFORO,ASFALTO,Bueno,Bueno,2,NISSAN,BLANCO,2,,66,MASCULINO,SIN DATOS,0,0,Morelia,Mirador del Punhuato,diciembre,jueves,8,-101.160194277763,19.7050616024161
11327,11327,2017,"171399902",2017/12/21,"08:00:00",COLISIÓN CONTRA OBJETO FIJO,ASFALTO,Bueno,Regular,1,CHEVROLET,BCO/ROJO,1,,28,MASCULINO,SIN DATOS,0,0,Morelia,Ana Maria Gallaga (Riviera Norte),diciembre,jueves,8,-101.21972322464,19.6771816188865
11328,11328,2017,,2017/12/21,"08:20:00",COLISIÓN POR ALCANCE,ASFALTO,Bueno,Bueno,2,FORD,VERDE,2,,,,SIN DATOS,0,0,Pátzcuaro,Sin datos,diciembre,jueves,8,-101.586885452271,19.5455550462331
11329,11329,2017,,2017/12/21,"09:00:00",COLISIÓN POR CORTE DE CIRCULACIÓN,ASFALTO,Bueno,Bueno,2,ITALIKA,NEGRO,5,MINISTERIO PÚBLICO,18,MASCULINO,SIN DATOS,3,0,Sahuayo,La Noria de Montes,diciembre,jueves,9,-102.71644949913,20.0498842160009
11330,11330,2017,"171400139",2017/12/21,"09:10:00",COLISIÓN POR CAMBIO DE CARRIL,ASFALTO,Bueno,Bueno,2,PETOVIL,BLANCO,2,,28,MASCULINO,SIN DATOS,0,0,Morelia,Alberto Oviedo Mota,diciembre,jueves,9,-101.201999187469,19.6779898026623
11331,11331,2017,"171400058",2017/12/21,"09:30:00",COLISIÓN POR CORTE DE CIRCULACIÓN,ASFALTO,Bueno,Bueno,1,CHEVROLET,BLANCO,1,,24,MASCULINO,SIN DATOS,0,0,Morelia,Gertrudis Bocanegra,diciembre,jueves,10,-101.213307380676,19.7025364415901
11332,11332,2017,"17140084",2017/12/21,"09:45:00",COLISIÓN POR ALCANCE,ASFALTO,Bueno,Bueno,2,DODGE,AZUL,2,,37,MASCULINO,SIN DATOS,0,0,Morelia,Trinidad Salgado,diciembre,jueves,10,-101.232082843781,19.7031222824524
11333,11333,2017,,2017/12/21,10:10:00,COLISIÓN POR CORTE DE CIRCULACIÓN,ASFALTO,Bueno,Bueno,2,FORD,AMARILLO,2,,,MASCULINO,SIN DATOS,0,0,Cuitzeo,Centro,diciembre,jueves,10,-101.139734387398,19.969083402055
11334,11334,2017,"171400583",2017/12/21,11:25:00,COLISIÓN POR CAMBIO DE CARRIL,CONCRETO,Bueno,Bueno,2,VOLKSWAGEN,BLANCO,2,,47,MASCULINO,SIN DATOS,0,0,Morelia,Jesus del Monte,diciembre,jueves,11,-101.156031489372,19.6558996633619
11335,11335,2017,"171401293",2017/12/21,13:50:00,COLISIÓN CON PEATÓN,ASFALTO,Bueno,Bueno,2,FORD,ROJO,2,,46,MASCULINO,SIN DATOS,0,0,Morelia,Primo Tapia Oriente,diciembre,jueves,14,-101.160757541656,19.7126368457292
11336,11336,2017,,2017/12/21,14:10:00,COLISIÓN POR CORTE DE CIRCULACIÓN,CONCRETO,Bueno,Bueno,2,V.W.,ROJO,2,,66,FEMENINO,SIN DATOS,0,0,Morelia,Josefa Ortiz de Dominguez,diciembre,jueves,14,-101.21046423912,19.6719788382435
11337,11337,2017,,2017/12/21,14:50:00,SUBIDA AL CAMELLÓN,ASFALTO,Bueno,Bueno,1,CHRYSLER,CAFE,1,,68,MASCULINO,SIN DATOS,0,0,Morelia,Nicolaitas Ilustres,diciembre,jueves,15,-101.228241920471,19.7195249554745
11338,11338,2017,"171401366",2017/12/21,15:10:00,COLISIÓN POR ALCANCE,ASFALTO,Bueno,Regular,2,NISSAN,BLANCO,2,,37,MASCULINO,SIN DATOS,0,0,Morelia,Elias Perez Avalos,diciembre,jueves,15,-101.169469356537,19.7134246504355
11339,11339,2017,"171401340",2017/12/21,15:15:00,CAIDA DE MOTOCICLETA,ASFALTO,Bueno,Bueno,1,HONDA,ROJO,1,,0,,SIN DATOS,0,0,Morelia,Ampliacion La Soledad,diciembre,jueves,15,-101.183202266693,19.7306947781205
11340,11340,2017,"171461360",2017/12/21,15:25:00,COLISIÓN POR ALCANCE,ASFALTO,Bueno,Bueno,2,DODGE,ROJO,2,,54,MASCULINO,CON CERTIFICADO,0,0,Morelia,Las Americas,diciembre,jueves,15,-101.158676147461,19.6880513492947
11341,11341,2017,,2017/12/21,15:30:00,COLISIÓN CON PEATÓN,TERRACERIA,Bueno,Bueno,1,DODGE,BLANCO Y VERDE,2,,72,MASCULINO,SIN DATOS,1,0,Morelia,Mirador Poniente,diciembre,jueves,16,-101.24492971,19.7136082149991
11342,11342,2017,"17145971",2017/12/21,17:45:00,COLISIÓN CON PEATÓN,ASFALTO,Bueno,Bueno,3,CHEVROLET,BLANCO,3,,41,MASCULINO,SIN DATOS,0,0,Morelia,Nicolaitas Ilustres,diciembre,jueves,18,-101.226718425751,19.7215852708133
11343,11343,2017,,2017/12/21,18:50:00,COLISIÓN POR ALCANCE,ASFALTO,Bueno,Bueno,2,NISSAN,BLANCO Y NEGRO,2,,,MASCULINO,SIN DATOS,0,0,Pátzcuaro,Centro,diciembre,jueves,19,-101.607248783112,19.5163125568672
11344,11344,2017,"171402283",2017/12/21,20:10:00,COLISIÓN POR CAMBIO DE CARRIL,ASFALTO,Bueno,Bueno,2,FORD,BLANCO,2,,26,MASCULINO,SIN DATOS,0,0,Morelia,Alberto Oviedo Mota,diciembre,jueves,20,-101.197643280029,19.6813033135192
11345,11345,2017,"171140238",2017/12/21,20:30:00,COLISIÓN POR INVASIÓN DE CARRIL,ASFALTO,Bueno,Bueno,2,VENTO,AZUL,2,,55,MASCULINO,SIN DATOS,0,0,Morelia,Hacienda Real,diciembre,jueves,21,-101.20714366436,19.7289426017006
11347,11347,2017,"171402802",2017/12/21,22:50:00,SUBIDA AL CAMELLÓN,ASFALTO,Bueno,Bueno,1,FORD,CREMA,1,,49,MASCULINO,CON CERTIFICADO,0,0,Morelia,Felix Ireta,diciembre,jueves,23,-101.191608309746,19.6824145365694
11348,11348,2017,,2017/12/22,"00:40:00",SUBIDA AL CAMELLÓN,ASFALTO,Bueno,Regular,1,DODGE,VERDE,0,,,,,0,0,Pátzcuaro,Centro,diciembre,viernes,1,-101.617741584778,19.5164743556018
11349,11349,2017,"171403035",2017/12/22,"02:20:00",COLISIÓN POR ALCANCE,ASFALTO,Bueno,Bueno,2,FORD,BLANCO,2,,33,MASCULINO,SIN DATOS,0,0,Morelia,Felix Ireta,diciembre,viernes,2,-101.191720962524,19.6826367802544
11350,11350,2017,"171403066",2017/12/22,"02:40:00",SUBIDA AL CAMELLÓN,ASFALTO,Bueno,Bueno,1,FORD,GRIS,1,,32,MASCULINO,SIN DATOS,0,0,Morelia,Villa de Santa Maria,diciembre,viernes,3,-101.167387962341,19.6562684466686
11351,11351,2017,"171403114",2017/12/22,"04:40:00",SUBIDA AL CAMELLÓN,ASFALTO,Bueno,Bueno,1,FORD,PLATA,0,,,,,0,0,Morelia,Montaña Monarca,diciembre,viernes,5,-101.165606975555,19.6665536230134
11352,11352,2017,"1711403167",2017/12/22,"06:50:00",COLISIÓN POR CORTE DE CIRCULACIÓN,ASFALTO,Bueno,Bueno,1,W.V,ROJO,1,,26,MASCULINO,SIN DATOS,0,0,Morelia,Sentimientos de La Nacion,diciembre,viernes,7,-101.231986284256,19.6777978593847
11353,11353,2017,"171403264",2017/12/22,"08:10:00",SUBIDA AL CAMELLÓN,ASFALTO,Bueno,Bueno,1,MITSUBISHI,ROJO,1,,56,FEMENINO,SIN DATOS,0,0,Morelia,Leandro Valle,diciembre,viernes,8,-101.229507923126,19.7175252122497
11354,11354,2017,"171403376",2017/12/22,"08:50:00",COLISIÓN POR CAMBIO DE CARRIL,ASFALTO,Bueno,Bueno,2,INTERNATIONAL,ROJO,2,,24,MASCULINO,SIN DATOS,0,0,Morelia,Los Manantiales de Morelia,diciembre,viernes,9,-101.241508126259,19.695672853106
11355,11355,2017,"171403547",2017/12/22,"09:28:00",COLISIÓN POR CORTE DE CIRCULACIÓN,CONCRETO,Bueno,Bueno,2,CHEVROLET,BLANCO,2,,33,MASCULINO,SIN DATOS,0,0,Morelia,Nueva Esperanza,diciembre,viernes,9,-101.250619590282,19.6890842383605
11356,11356,2017,"171403498",2017/12/22,"09:40:00",COLISIÓN POR CORTE DE CIRCULACIÓN,CONCRETO,Bueno,Bueno,2,NISSAN,AZUL,2,,25,FEMENINO,SIN DATOS,0,0,Morelia,Ventura Puente,diciembre,viernes,10,-101.18803024292,19.692384892981
11357,11357,2017,"171403475",2017/12/22,"09:40:00",VOLCADURA,ASFALTO,Bueno,Bueno,1,MAZDA,VERDE,1,,,MASCULINO,SIN DATOS,0,0,Morelia,Sin datos,diciembre,viernes,10,-101.277208328247,19.6278342832572
11358,11358,2017,"171403907",2017/12/22,12:15:00,COLISIÓN POR ALCANCE,ASFALTO,Bueno,Bueno,2,MITSUBISHI,GRIS,2,,,MASCULINO,SIN DATOS,0,0,Morelia,San Rafael,diciembre,viernes,12,-101.155071258545,19.7009001160946
11359,11359,2017,"171404048",2017/12/22,13:00:00,COLISIÓN POR MANIOBRA DE REVERSA,CONCRETO,Bueno,Bueno,2,NISSAN,BLANCO,1,,35,MASCULINO,SIN DATOS,0,0,Morelia,Camponubes,diciembre,viernes,13,-101.28931581974,19.698369839099
11360,11360,2017,,2017/12/22,13:50:00,COLISIÓN CONTRA OBJETO FIJO,ASFALTO,Bueno,Bueno,2,FORD,ROJO,2,,,MASCULINO,SIN DATOS,0,0,Cuitzeo,De Los Cerritos,diciembre,viernes,14,-101.133613586426,19.9746394705994
11361,11361,2017,"171325871",2017/12/22,15:00:00,COLISIÓN POR ALCANCE,SIN_DATOS,Bueno,Bueno,2,CHEVROLET,AZUL,2,,37,FEMENINO,SIN DATOS,0,0,Morelia,Lomas de Morelia (Dr Ignacio Chavez),diciembre,viernes,15,-101.174372434616,19.7165152314168
11362,11362,2017,"171404390",2017/12/22,15:30:00,SALIDA DE SUPERFICIE DE RODAMIENTO,ASFALTO,Bueno,Regular,1,VENTO,NEGRO,0,MINISTERIO PÚBLICO,,,,0,0,Morelia,Sin datos,diciembre,viernes,16,-101.250472068787,19.7933565204403
11363,11363,2017,"171404936",2017/12/22,16:00:00,COLISIÓN POR CORTE DE CIRCULACIÓN,ASFALTO,Bueno,Bueno,2,HONDA,NEGRO,2,,28,MASCULINO,SIN DATOS,0,0,Morelia,Isaac Arriaga,diciembre,viernes,16,-101.171357631683,19.7088795698905
11364,11364,2017,"171405077",2017/12/22,17:00:00,COLISIÓN POR CORTE DE CIRCULACIÓN,ASFALTO,Bueno,Bueno,2,YAMAHA,ROJO,2,,37,FEMENINO,SIN DATOS,0,0,Morelia,Villas del Real,diciembre,viernes,17,-101.198667883873,19.734456590524
11365,11365,2017,"171405123",2017/12/22,17:10:00,COLISIÓN POR MANIOBRA DE REVERSA,CONCRETO,Bueno,Bueno,2,INTERNATIONAL,VERDE,2,,45,MASCULINO,SIN DATOS,0,0,Morelia,Santa Maria de Guido,diciembre,viernes,17,-101.193008422852,19.6774846882801
11366,11366,2017,"171405423",2017/12/22,17:22:00,COLISIÓN POR MANIOBRA DE REVERSA,ASFALTO,Bueno,Bueno,2,FREIGHTLINER,BLANCO,2,,,MASCULINO,SIN DATOS,0,0,Morelia,Tenencia Morelos,diciembre,viernes,17,-101.247210502624,19.6499838591048
11367,11367,2017,"171405515",2017/12/22,18:20:00,COLISIÓN POR CORTE DE CIRCULACIÓN,CONCRETO,Bueno,Bueno,2,NISSAN,BLANCO,2,,33,MASCULINO,SIN DATOS,0,0,Morelia,Niños Heroes,diciembre,viernes,18,-101.238573789597,19.7159193397327
11368,11368,2017,"171405747",2017/12/22,19:40:00,COLISIÓN POR ALCANCE,ASFALTO,Bueno,Bueno,2,FORD,VERDE,2,,,MASCULINO,SIN DATOS,0,0,Morelia,Felix Ireta,diciembre,viernes,20,-101.195797920227,19.6817478036643
11369,11369,2017,"171406389",2017/12/22,22:40:00,COLISIÓN CONTRA OBJETO FIJO,ASFALTO,Bueno,Bueno,1,VOLKSWAGEN,GRIS,1,,37,MASCULINO,SIN DATOS,0,0,Morelia,Canteras de Morelia,diciembre,viernes,23,-101.173589229584,19.7164344326745
11370,11370,2017,"171406402",2017/12/22,23:10:00,COLISIÓN POR CORTE DE CIRCULACIÓN,CONCRETO,Bueno,Bueno,2,DODGE,AZUL,2,,27,MASCULINO,SIN DATOS,0,0,Morelia,Centro,diciembre,viernes,23,-101.178202629089,19.6993445812819
11371,11371,2017,"171406531",2017/12/22,23:50:00,COLISIÓN POR ALCANCE,ASFALTO,Bueno,Bueno,3,TOYOTA,ROJO,3,,24,MASCULINO,SIN DATOS,0,0,Morelia,Lomas de Huerta,diciembre,viernes,0,-101.210153102875,19.6724334568794
11372,11372,2017,,2017/12/23,"00:00:00",COLISIÓN CON PEATÓN,CONCRETO,Bueno,Bueno,1,CHEVROLET,ROJO,1,MINISTERIO PÚBLICO,,,,0,1,Zitácuaro,Sin datos,diciembre,sábado,0,-100.391607284546,19.4850419131476
11373,11373,2017,,2017/12/23,"00:00:00",COLISIÓN POR INVASIÓN DE CARRIL,ASFALTO,Bueno,Bueno,2,FORD,GRIS,2,,19,MASCULINO,SIN DATOS,0,0,Lázaro Cárdenas,1Er Sect de Fidelac,diciembre,sábado,0,-102.200467586517,17.9616593733547
11374,11374,2017,"171406553",2017/12/23,"00:20:00",COLISIÓN POR ALCANCE,ASFALTO,Bueno,Bueno,2,NISSAN,AZUL,2,,40,MASCULINO,SIN DATOS,0,0,Morelia,Elias Perez Avalos,diciembre,sábado,0,-101.169447898865,19.7132630497866
11375,11375,2017,"171407543",2017/12/23,"00:20:00",COLISIÓN CON PEATÓN,ASFALTO,Bueno,Bueno,1,AUDI,BLANCO,1,,,MASCULINO,SIN DATOS,0,0,Morelia,Sin datos,diciembre,sábado,0,-101.276779174805,19.6288448231171
11376,11376,2017,LEG11887,2017/12/23,"02:00:00",SALIDA DE SUPERFICIE DE RODAMIENTO,ASFALTO,Bueno,Bueno,1,CHEVROLET,NEGRO,1,,57,FEMENINO,SIN DATOS,0,0,Morelia,Club de Golf Tres Marias,diciembre,sábado,2,-101.108894348145,19.708253348669
11377,11377,2017,"171406669",2017/12/23,"02:30:00",SALIDA DE SUPERFICIE DE RODAMIENTO,TERRACERIA,Bueno,Malo,1,NISSAN,BLANCO/VERDE,1,,,MASCULINO,SIN DATOS,0,0,Morelia,Union,diciembre,sábado,3,-101.156058311462,19.7143437510208
11378,11378,2017,"171406721",2017/12/23,"03:20:00",COLISIÓN CONTRA OBJETO FIJO,ASFALTO,Bueno,Bueno,1,VOLKSWAGEN,GRIS,1,,30,MASCULINO,SIN DATOS,0,0,Morelia,Centro,diciembre,sábado,3,-101.205582618713,19.7025566430349
11379,11379,2017,"171406804",2017/12/23,"06:30:00",SUBIDA AL CAMELLÓN,ASFALTO,Bueno,Bueno,1,FORD,ROJO,1,,27,MASCULINO,SIN DATOS,0,0,Morelia,Montaña Monarca,diciembre,sábado,7,-101.165950298309,19.6668365065572
11380,11380,2017,"171406812",2017/12/23,"06:40:00",VOLCADURA,ASFALTO,Bueno,Bueno,1,PEUGEOT,ROJO,1,,,,SIN DATOS,0,0,Morelia,Montaña Monarca,diciembre,sábado,7,-101.165724992752,19.6718576063894
11381,11381,2017,"171406904",2017/12/23,"07:10:00",COLISIÓN POR CAMBIO DE CARRIL,ASFALTO,Bueno,Bueno,2,NISSAN,GRIS,2,,,MASCULINO,SIN DATOS,0,0,Morelia,Eduardo Ruiz,diciembre,sábado,7,-101.223145723343,19.7184114651746
11382,11382,2017,"171407070",2017/12/23,"08:50:00",COLISIÓN POR ALCANCE,ASFALTO,Bueno,Bueno,3,NISSAN,BLANCO,3,,49,MASCULINO,SIN DATOS,0,0,Morelia,Barrio Alto,diciembre,sábado,9,-101.194531917572,19.7244535087281
11383,11383,2017,"171407285",2017/12/23,10:20:00,COLISIÓN POR CORTE DE CIRCULACIÓN,ASFALTO,Bueno,Bueno,2,NISSAN,BLANCO,2,MINISTERIO PÚBLICO,31,MASCULINO,SIN DATOS,0,0,Morelia,Centro,diciembre,sábado,10,-101.186592578888,19.7029909734801
11384,11384,2017,,2017/12/23,10:20:00,COLISIÓN POR NO RESPETAR SEMÁFORO,ASFALTO,Bueno,Bueno,1,FORD,BLANCO,1,,48,MASCULINO,SIN DATOS,0,0,Morelia,Isaac Arriaga,diciembre,sábado,10,-101.166572570801,19.7103340097188
11385,11385,2017,"171406307",2017/12/23,10:50:00,COLISIÓN POR CAMBIO DE CARRIL,ASFALTO,Bueno,Bueno,2,FORD,GRIS,2,,,MASCULINO,SIN DATOS,0,0,Morelia,Libertad,diciembre,sábado,11,-101.236932277679,19.6848288946251
11386,11386,2017,,2017/12/23,11:10:00,COLISIÓN POR CORTE DE CIRCULACIÓN,CONCRETO,Bueno,Bueno,2,NISSAN,ROJO,2,MINISTERIO PÚBLICO,35,MASCULINO,SIN DATOS,0,0,Morelia,Tinijaro,diciembre,sábado,11,-101.265562176704,19.6966981171807
11387,11387,2017,"171407460",2017/12/23,11:20:00,COLISIÓN POR CORTE DE CIRCULACIÓN,ASFALTO,Bueno,Bueno,2,NISSAN,PLATA,2,,27,MASCULINO,SIN DATOS,0,0,Morelia,Rinconada del Valle,diciembre,sábado,11,-101.218993663788,19.6781918479693
11388,11388,2017,,2017/12/23,11:50:00,COLISIÓN POR CORTE DE CIRCULACIÓN,CONCRETO,Bueno,Bueno,2,FORD,BLANCO,2,,46,MASCULINO,SIN DATOS,0,0,Morelia,El Porvenir,diciembre,sábado,12,-101.20238006115,19.7118566122426
11389,11389,2017,"171407790",2017/12/23,12:30:00,COLISIÓN POR ALCANCE,ASFALTO,Bueno,Bueno,2,PEUGEOT,BLANCO,2,,26,MASCULINO,SIN DATOS,0,0,Morelia,Montaña Monarca,diciembre,sábado,13,-101.164834499359,19.6658059998162
11390,11390,2017,"171407221",2017/12/23,13:45:00,COLISIÓN CON PEATÓN,SIN_DATOS,Bueno,Bueno,3,NISSAN,BLANCO,3,,30,MASCULINO,SIN DATOS,0,0,Morelia,Dr Miguel Silva,diciembre,sábado,14,-101.188309192657,19.7127580467058
11391,11391,2017,"171407943",2017/12/23,13:55:00,COLISIÓN POR CAMBIO DE CARRIL,ASFALTO,Bueno,Bueno,2,NISSAN,BLANCO,2,,21,MASCULINO,SIN DATOS,0,0,Morelia,Las Americas,diciembre,sábado,14,-101.153569221497,19.687566469978
11392,11392,2017,"171408012",2017/12/23,14:00:00,COLISIÓN POR ALCANCE,ASFALTO,Bueno,Bueno,3,FORD,ROJO,3,MINISTERIO PÚBLICO,31,MASCULINO,CON CERTIFICADO,0,0,Morelia,Jardines de Sindurio,diciembre,sábado,14,-101.256335377693,19.6976021623199
11393,11393,2017,"171407968",2017/12/23,14:20:00,VOLCADURA,ASFALTO,Bueno,Bueno,1,NISSAN,NEGRO,3,MINISTERIO PÚBLICO,,,,2,1,Morelia,Sin datos,diciembre,sábado,14,-101.341710090637,19.7213024840059
11394,11394,2017,,2017/12/23,14:55:00,COLISIÓN POR CORTE DE CIRCULACIÓN,ASFALTO,Bueno,Bueno,2,ZOON,NEGRO,3,MINISTERIO PÚBLICO,52,MASCULINO,SIN DATOS,1,0,Lázaro Cárdenas,Lirios,diciembre,sábado,15,-102.206797599792,17.967772629104
11395,11395,2017,"171409832",2017/12/23,16:20:00,COLISIÓN POR CAMBIO DE CARRIL,CONCRETO,Bueno,Bueno,2,VOLKSWAGEN,GRIS,2,,52,MASCULINO,SIN DATOS,0,0,Morelia,Felix Ireta,diciembre,sábado,16,-101.19562625885,19.6839702358884
11396,11396,2017,,2017/12/23,16:30:00,COLISIÓN POR CAMBIO DE CARRIL,ASFALTO,Bueno,Bueno,2,INTERNATIONAL,VERDE,2,,22,MASCULINO,SIN DATOS,0,0,Morelia,Centro,diciembre,sábado,17,-101.181271076202,19.7061726605528
11397,11397,2017,"171408503",2017/12/23,16:55:00,COLISIÓN POR ALCANCE,ASFALTO,Bueno,Bueno,2,CHRYSLER,BLANCO,2,,65,FEMENINO,SIN DATOS,0,0,Morelia,Cinco de Diciembre,diciembre,sábado,17,-101.165699511766,19.6844488124287