fid,id_accidente,anio_origen,folio_c5i,dia_incidente,hora_ocurrencia,tipo_incidente_vial,superficie_ocurrencia,condiciones_climaticas,condiciones_via,numero_vehiculos_involucrados,marca_vehiculo_ocasiona_siniestro,color_vehiculo_ocasiona_siniestro,numero_personas_involucradas,lugar_remite_presunto_responsable,edad_presunto_responsable,sexo_presunto_responsable,resultados_toxicologia,numero_personas_lesionadas,numero_personas_fallecidas,municipio,colonia,mes,dia_semana,hora_redondeada,lon,lat
11398,11398,2017,"171408774",2017/12/23,17:45:00,COLISIÓN POR CORTE DE CIRCULACIÓN,ASFALTO,Bueno,Bueno,2,NISSAN,BLANCO,2,,65,MASCULINO,SIN DATOS,0,0,Morelia,Infonavit  Las  Camelinas,diciembre,sábado,18,-101.175311207771,19.6817528546817
11399,11399,2017,"171408811",2017/12/23,18:00:00,CAIDA DE MOTOCICLETA,ASFALTO,Bueno,Bueno,1,SIN DATOS,SIN DATOS,1,,52,MASCULINO,SIN DATOS,0,0,Morelia,Sin datos,diciembre,sábado,18,-101.103937625885,19.7297707220577
11400,11400,2017,"171408926",2017/12/23,18:20:00,COLISIÓN POR CORTE DE CIRCULACIÓN,ASFALTO,Bueno,Bueno,2,TOYOTA,BLANCO/GRIS,2,,52,MASCULINO,SIN DATOS,0,0,Morelia,Victor Manuel Tinoco Rubi,diciembre,sábado,18,-101.242682933807,19.700637494395
11401,11401,2017,,2017/12/23,19:30:00,COLISIÓN POR CORTE DE CIRCULACIÓN,ASFALTO,Bueno,Bueno,2,DODGE,ROJO,0,MINISTERIO PÚBLICO,,,,0,0,Tuxpan,Sin datos,diciembre,sábado,20,-100.476837158203,19.6223772581834
11402,11402,2017,"171409294",2017/12/23,20:00:00,COLISIÓN CONTRA OBJETO FIJO,ASFALTO,Bueno,Bueno,1,VOLKSWAGEN,BLANCO,1,,40,MASCULINO,SIN DATOS,0,0,Morelia,Ciudad Industrial,diciembre,sábado,20,-101.146359443665,19.7290385426935
11403,11403,2017,"171409351",2017/12/23,20:10:00,SALIDA DE SUPERFICIE DE RODAMIENTO,CONCRETO,Bueno,Bueno,1,LINCOLN,GRIS,0,,,,,0,0,Morelia,Alfonso Garcia Robles,diciembre,sábado,20,-101.18185043335,19.7191045569869
11404,11404,2017,LEG12101,2017/12/23,20:10:00,SALIDA DE SUPERFICIE DE RODAMIENTO,TERRACERIA,Bueno,Malo,1,VOLKWAGEN,BLANCO,1,,40,MASCULINO,SIN DATOS,0,0,Morelia,Mision del Valle,diciembre,sábado,20,-101.124708652496,19.7644014952945
11405,11405,2017,"171409417",2017/12/23,20:30:00,CAIDA DE MOTOCICLETA,ASFALTO,Bueno,Bueno,1,VENTO,ROJO/NEGRO,1,,24,MASCULINO,SIN DATOS,0,0,Morelia,El Lago 1,diciembre,sábado,21,-101.21942281723,19.7277660574705
11406,11406,2017,"171412092",2017/12/23,23:45:00,COLISIÓN POR CORTE DE CIRCULACIÓN,ASFALTO,Bueno,Bueno,2,HONDA,GRIS,2,,49,MASCULINO,SIN DATOS,0,0,Morelia,Nueva Valladolid,diciembre,sábado,0,-101.210539340973,19.6955617403488
11407,11407,2017,"171410245",2017/12/24,"00:45:00",COLISIÓN POR CAMBIO DE CARRIL,ASFALTO,Bueno,Regular,2,CHRYSLER,GRIS,2,,30,MASCULINO,CON CERTIFICADO,0,0,Morelia,La Quemada,diciembre,domingo,1,-101.239983290434,19.7010819308649
11408,11408,2017,"171410377",2017/12/24,"02:40:00",COLISIÓN CON PEATÓN,CONCRETO,Bueno,Bueno,1,SIN DATOS,SIN DATOS,2,,,,SIN DATOS,1,0,Morelia,Ampliacion La Soledad,diciembre,domingo,3,-101.183491945267,19.735678529315
11409,11409,2017,"173410493",2017/12/24,"04:00:00",CAIDA DE MOTOCICLETA,CONCRETO,Bueno,Bueno,1,YAMAHA,BLANCO,1,,19,MASCULINO,SIN DATOS,0,0,Morelia,Leon Guzman,diciembre,domingo,4,-101.204796731472,19.7274580337304
11410,11410,2017,"171410521",2017/12/24,"05:00:00",COLISIÓN POR CORTE DE CIRCULACIÓN,ASFALTO,Bueno,Bueno,2,NISSAN,BLANCO/ROJO,2,,53,MASCULINO,SIN DATOS,0,0,Tarímbaro,Sin datos,diciembre,domingo,5,-101.132841110229,19.7764364404193
11411,11411,2017,"171410539",2017/12/24,"05:20:00",COLISIÓN CONTRA OBJETO FIJO,ASFALTO,Bueno,Regular,1,CHEVROLET,ROJO,1,,61,MASCULINO,SIN DATOS,0,0,Morelia,Ana Maria Gallaga (Riviera Norte),diciembre,domingo,5,-101.221524327993,19.6768899140536
11412,11412,2017,,2017/12/24,"06:20:00",COLISIÓN POR ALCANCE,ASFALTO,Bueno,Bueno,2,VOLKSWAGEN,BLANCO,2,,47,MASCULINO,SIN DATOS,0,0,Morelia,Tinijaro,diciembre,domingo,6,-101.264526844025,19.6963546797
11413,11413,2017,,2017/12/24,"06:30:00",COLISIÓN POR CORTE DE CIRCULACIÓN,ASFALTO,Bueno,Bueno,2,KIA,BLANCO,2,,25,FEMENINO,SIN DATOS,0,0,Morelia,Chapultepec Sur,diciembre,domingo,7,-101.171961128712,19.6918520451578
11414,11414,2017,"171410637",2017/12/24,"07:15:00",SUBIDA AL CAMELLÓN,ASFALTO,Bueno,Bueno,1,NISSAN,BLANCO/ROJO,1,,,,SIN DATOS,0,0,Morelia,Avicola Benito Juarez,diciembre,domingo,7,-101.279504299164,19.6916474917309
11415,11415,2017,"171410800",2017/12/24,"09:30:00",COLISIÓN POR CORTE DE CIRCULACIÓN,SIN_DATOS,Bueno,Bueno,1,ITALIKA,NEGRO,1,,,,,1,0,Morelia,Prados Verdes,diciembre,domingo,10,-101.20433807373,19.7182321950363
11416,11416,2017,"171410921",2017/12/24,10:00:00,COLISIÓN CONTRA OBJETO FIJO,CONCRETO,Bueno,Bueno,1,CHEVROLET,ROJO,1,,40,MASCULINO,SIN DATOS,0,0,Morelia,Elias Perez Avalos,diciembre,domingo,10,-101.165735721588,19.7104956133277
11417,11417,2017,,2017/12/24,11:30:00,VOLCADURA,ASFALTO,Bueno,Bueno,1,SUBARU,ROJO,0,MINISTERIO PÚBLICO,,,,0,0,Morelia,Sin datos,diciembre,domingo,12,-101.188631057739,19.5832025088741
11418,11418,2017,,2017/12/24,13:40:00,COLISIÓN POR CORTE DE CIRCULACIÓN,ASFALTO,Bueno,Bueno,2,ITALIKA,NEGRO/ROJO,3,MINISTERIO PÚBLICO,43,MASCULINO,SIN DATOS,0,1,Tuxpan,Sin datos,diciembre,domingo,14,-100.474948883057,19.5433711428647
11419,11419,2017,LEG11926,2017/12/24,14:30:00,COLISIÓN POR ALCANCE,ASFALTO,Bueno,Bueno,2,CHEVROLET,VERDE,2,,42,MASCULINO,CON CERTIFICADO,0,0,Morelia,Chapultepec Norte,diciembre,domingo,15,-101.169587373734,19.6947586958558
11420,11420,2017,LEG11927,2017/12/24,15:00:00,COLISIÓN CONTRA OBJETO FIJO,ASFALTO,Bueno,Bueno,2,FORD,AZUL,2,,45,MASCULINO,SIN DATOS,0,0,Morelia,Constituyentes de Queretaro,diciembre,domingo,15,-101.165762543678,19.7194290087699
11421,11421,2017,"171412058",2017/12/24,15:45:00,COLISIÓN POR CORTE DE CIRCULACIÓN,ASFALTO,Bueno,Bueno,1,CHEVROLET,BLANCO,1,,36,MASCULINO,SIN DATOS,0,0,Morelia,Los Manantiales de Morelia,diciembre,domingo,16,-101.243216693401,19.6995453370305
11422,11422,2017,"171412257",2017/12/24,16:25:00,COLISIÓN POR CORTE DE CIRCULACIÓN,CONCRETO,Bueno,Bueno,2,CHEVROLET,ROJO,2,,,,SIN DATOS,0,0,Morelia,Ferrocarrilero,diciembre,domingo,16,-101.224207878113,19.6913444491365
11423,11423,2017,,2017/12/24,17:00:00,COLISIÓN CONTRA OBJETO FIJO,TERRACERIA,Bueno,Malo,1,NISSAN ALTIMA,GRIS,1,,32,MASCULINO,SIN DATOS,0,0,Lázaro Cárdenas,Centro,diciembre,domingo,17,-102.196090221405,17.9549845588285
11424,11424,2017,,2017/12/24,17:50:00,COLISIÓN POR ALCANCE,ASFALTO,Bueno,Bueno,2,NISSAN,BLANCO,2,MINISTERIO PÚBLICO,34,MASCULINO,SIN DATOS,0,0,Zitácuaro,Sin datos,diciembre,domingo,18,-100.392036437988,19.4850014556199
11425,11425,2017,"171412852",2017/12/24,18:54:00,COLISIÓN POR CAMBIO DE CARRIL,ASFALTO,Bueno,Bueno,2,FORD,NEGRO,2,,55,MASCULINO,SIN DATOS,0,0,Tarímbaro,Sin datos,diciembre,domingo,19,-101.144658923149,19.7704695635811
11426,11426,2017,"171413114",2017/12/24,20:25:00,COLISIÓN POR ALCANCE,ASFALTO,Bueno,Bueno,2,DODGE,CAFE,2,,23,MASCULINO,SIN DATOS,0,0,Morelia,El Lago 1,diciembre,domingo,20,-101.216493844986,19.7272503698491
11427,11427,2017,"171433146",2017/12/24,20:50:00,COLISIÓN POR CORTE DE CIRCULACIÓN,ASFALTO,Bueno,Bueno,1,NISSAN,BLANCO,1,,36,MASCULINO,SIN DATOS,0,0,Morelia,Ciudad Industrial,diciembre,domingo,21,-101.143033504486,19.7253624466215
11428,11428,2017,"171413154",2017/12/24,21:00:00,COLISIÓN POR ALCANCE,CONCRETO,Bueno,Bueno,2,NISSAN,BLANCO,2,,31,MASCULINO,SIN DATOS,0,0,Morelia,Villas del Pedregal,diciembre,domingo,21,-101.305612921715,19.6725950987502
11429,11429,2017,,2017/12/24,21:30:00,SALIDA DE SUPERFICIE DE RODAMIENTO,ASFALTO,Bueno,Bueno,1,FORD,ROJO,1,,,,SIN DATOS,0,0,Morelia,San Miguel,diciembre,domingo,22,-101.402821540833,19.6624719620392
11430,11430,2017,"171413199",2017/12/24,21:37:00,COLISIÓN POR CAMBIO DE CARRIL,CONCRETO,Bueno,Bueno,3,VOLKSWAGEN,BLANCO,3,,28,MASCULINO,SIN DATOS,0,0,Morelia,Popular Pogreso,diciembre,domingo,22,-101.198128759861,19.7190780453335
11431,11431,2017,"171413468",2017/12/24,23:00:00,COLISIÓN POR MANIOBRA DE REVERSA,ASFALTO,Bueno,Bueno,2,HONDA,NARANJA,2,,23,MASCULINO,SIN DATOS,0,0,Morelia,Eduardo Ruiz,diciembre,domingo,23,-101.224122047424,19.7251402622806
11432,11432,2017,"171413823",2017/12/25,"01:30:00",COLISIÓN CONTRA OBJETO FIJO,CONCRETO,Bueno,Bueno,1,FORD,AZUL,1,,0,MASCULINO,SIN DATOS,0,0,Morelia,Esther Tapia,diciembre,lunes,2,-101.219186782837,19.7126873461473
11433,11433,2017,"171414171",2017/12/25,"04:45:00",COLISIÓN CONTRA OBJETO FIJO,ASFALTO,Bueno,Bueno,1,HONDA,GRIS,0,,,,,0,0,Morelia,Mirador del Punhuato,diciembre,lunes,5,-101.159062385559,19.7040717441219
11434,11434,2017,"171414215",2017/12/25,"05:30:00",COLISIÓN CONTRA OBJETO FIJO,CONCRETO,Bueno,Regular,1,AUDI,NARANJA,0,,,,,0,0,Morelia,Union,diciembre,lunes,6,-101.1563372612,19.708818967944
11435,11435,2017,,2017/12/25,"06:25:00",SALIDA DE SUPERFICIE DE RODAMIENTO,TERRACERIA,Bueno,Malo,1,CHEVROLET,ROJO,0,,,,,0,0,Morelia,Primo Tapia Oriente,diciembre,lunes,6,-101.160698533058,19.7125181696838
11436,11436,2017,"171414331",2017/12/25,"06:45:00",COLISIÓN POR CORTE DE CIRCULACIÓN,CONCRETO,Bueno,Bueno,2,FORD,NEGRO,1,,0,,SIN DATOS,0,0,Morelia,Eva Samano,diciembre,lunes,7,-101.199786365032,19.7296343854648
11437,11437,2017,,2017/12/25,"09:59:00",COLISIÓN POR INVASIÓN DE CARRIL,ASFALTO,Bueno,Bueno,2,FORD,NEGRO,7,MINISTERIO PÚBLICO,37,MASCULINO,SIN DATOS,5,0,Lázaro Cárdenas,Sin datos,diciembre,lunes,10,-102.228727340698,17.9366836604313
11438,11438,2017,"171414534",2017/12/25,10:00:00,COLISIÓN CON PEATÓN,ASFALTO,Bueno,Bueno,2,CHEVROLET,GRIS,2,,26,MASCULINO,SIN DATOS,0,0,Morelia,Vasco de Quiroga,diciembre,lunes,10,-101.169995069504,19.705081803542
11440,11440,2017,,2017/12/25,14:50:00,VOLCADURA,ASFALTO,Bueno,Bueno,1,JEEP,AZUL,0,,,,,0,0,Tarímbaro,Centro,diciembre,lunes,15,-101.094646453857,19.7887531444498
11441,11441,2017,,2017/12/25,19:30:00,COLISIÓN POR INVASIÓN DE CARRIL,ASFALTO,Bueno,Bueno,2,FORD,CAFE,0,MINISTERIO PÚBLICO,,,,0,0,Uruapan,Sin datos,diciembre,lunes,20,-102.076549530029,19.4517014846215
11442,11442,2017,,2017/12/25,19:30:00,COLISIÓN POR INVASIÓN DE CARRIL,ASFALTO,Bueno,Bueno,2,FORD,NEGRO,3,MINISTERIO PÚBLICO,0,MASCULINO,SIN DATOS,2,0,Tacámbaro,Sin Nombre,diciembre,lunes,20,-101.456959247589,19.2297773209811
11444,11444,2017,"171416539",2017/12/25,21:00:00,COLISIÓN CONTRA OBJETO FIJO,ASFALTO,Bueno,Bueno,1,NISSAN,BLANCO,1,,63,MASCULINO,SIN DATOS,0,0,Morelia,Eduardo Ruiz,diciembre,lunes,21,-101.223306655884,19.7226356174318
11445,11445,2017,"171416983",2017/12/25,21:40:00,COLISIÓN POR CORTE DE CIRCULACIÓN,ASFALTO,Bueno,Bueno,1,VOLKWAGEN,BLANCO,1,,35,MASCULINO,CON CERTIFICADO,0,0,Morelia,Lomas del Valle,diciembre,lunes,22,-101.232619285583,19.6868795550994
11446,11446,2017,"171417112",2017/12/26,"06:55:00",COLISIÓN CONTRA OBJETO FIJO,ASFALTO,Bueno,Bueno,1,VOLKWAGEN,NEGRO,0,,,,,0,0,Morelia,Fuentes de Valladolid,diciembre,martes,7,-101.222480535507,19.6705846663856
11447,11447,2017,,2017/12/26,"08:00:00",COLISIÓN CONTRA OBJETO FIJO,ADOQUIN_EMPEDRADO,Bueno,Bueno,1,CHEVROLET,NEGRO,1,,22,MASCULINO,SIN DATOS,0,0,Pátzcuaro,Centro,diciembre,martes,8,-101.607785224915,19.5121664090526
11448,11448,2017,"171417505",2017/12/26,10:40:00,COLISIÓN POR CORTE DE CIRCULACIÓN,ASFALTO,Bueno,Bueno,2,DODGE,BLANCO,2,,28,MASCULINO,SIN DATOS,0,0,Morelia,Felix Ireta,diciembre,martes,11,-101.181592941284,19.6816467832851
11449,11449,2017,"171417530",2017/12/26,10:50:00,COLISIÓN POR CAMBIO DE CARRIL,CONCRETO,Bueno,Bueno,2,FORD,BLANCO,2,,21,MASCULINO,SIN DATOS,0,0,Morelia,Centro,diciembre,martes,11,-101.186442375183,19.7071120036846
11450,11450,2017,"171417807",2017/12/26,12:10:00,COLISIÓN POR ALCANCE,ASFALTO,Bueno,Bueno,2,YAMAHA,BLANCO,2,,19,MASCULINO,SIN DATOS,0,0,Morelia,Montaña Monarca,diciembre,martes,12,-101.164834499359,19.6657857937355
11451,11451,2017,"171417717",2017/12/26,12:40:00,COLISIÓN POR CORTE DE CIRCULACIÓN,ASFALTO,Bueno,Bueno,2,NISSAN,BLANCO,0,,,,,0,0,Morelia,Sin datos,diciembre,martes,13,-101.410267353058,19.6429108777534
11452,11452,2017,"171418123",2017/12/26,13:04:00,COLISIÓN POR CORTE DE CIRCULACIÓN,CONCRETO,Bueno,Bueno,2,FORD,GUINDA,2,,18,MASCULINO,SIN DATOS,0,0,Morelia,Cuauhtemoc,diciembre,martes,13,-101.179039478302,19.6949607200069
11453,11453,2017,LEG11965,2017/12/26,13:05:00,COLISIÓN POR CAMBIO DE CARRIL,ASFALTO,Bueno,Bueno,2,FORD,GRIS,2,,42,MASCULINO,SIN DATOS,0,0,Morelia,Villas Lomas del Paraiso,diciembre,martes,13,-101.177945137024,19.6749388875564
11454,11454,2017,,2017/12/26,13:10:00,COLISIÓN POR CAMBIO DE CARRIL,ASFALTO,Bueno,Bueno,2,TOYOTA,CREMA,2,,0,MASCULINO,SIN DATOS,0,0,Morelia,Los Manantiales de Morelia,diciembre,martes,13,-101.241748183966,19.7006109796802
11455,11455,2017,"171418625",2017/12/26,15:00:00,COLISIÓN POR CAMBIO DE CARRIL,ASFALTO,Bueno,Bueno,2,FORD,BLANCO,2,,40,FEMENINO,SIN DATOS,0,0,Morelia,Jardines de Sindurio,diciembre,martes,15,-101.256051063538,19.6976678190305
11456,11456,2017,,2017/12/26,15:00:00,COLISIÓN POR CAMBIO DE CARRIL,ASFALTO,Bueno,Bueno,2,HONDA,BLANCO,2,,29,MASCULINO,SIN DATOS,0,0,Cuitzeo,Los Granados,diciembre,martes,15,-101.140394210815,19.9756074770309
11457,11457,2017,"171419342",2017/12/26,19:10:00,COLISIÓN POR CORTE DE CIRCULACIÓN,ASFALTO,Bueno,Bueno,2,CHEVROLET,ROJO,2,,37,MASCULINO,SIN DATOS,0,0,Morelia,Buenavista,diciembre,martes,19,-101.167016476393,19.7096143666652
11458,11458,2017,"171419549",2017/12/26,19:25:00,COLISIÓN POR CORTE DE CIRCULACIÓN,ASFALTO,Bueno,Bueno,2,FORD,AZUL,2,,52,MASCULINO,SIN DATOS,0,0,Tarímbaro,Sin datos,diciembre,martes,19,-101.131403446198,19.7765575929648
11460,11460,2017,"171418792",2017/12/26,20:00:00,COLISIÓN POR ALCANCE,CONCRETO,Bueno,Bueno,3,SIN DATOS,SIN DATOS,3,,0,,SIN DATOS,0,0,Morelia,Ferrocarrilero,diciembre,martes,20,-101.214026212692,19.700778906133
11461,11461,2017,"171424011",2017/12/27,"00:10:00",SUBIDA AL CAMELLÓN,CONCRETO,Bueno,Bueno,1,NISSAN,NEGRO,1,,28,FEMENINO,SIN DATOS,0,0,Morelia,Canteras de Morelia,diciembre,miércoles,0,-101.172065734863,19.7151012475317
11462,11462,2017,"171424165",2017/12/27,"04:05:00",COLISIÓN CONTRA OBJETO FIJO,CONCRETO,Bueno,Bueno,1,CHEVROLET,BLANCO,1,,41,FEMENINO,SIN DATOS,0,0,Morelia,Valle Quieto,diciembre,miércoles,4,-101.204288452864,19.6826216272857
11464,11464,2017,"171420762",2017/12/27,"09:00:00",COLISIÓN POR CORTE DE CIRCULACIÓN,ASFALTO,Bueno,Bueno,1,FORD,ROJO,1,,32,MASCULINO,SIN DATOS,0,0,Morelia,San Pascual,diciembre,miércoles,9,-101.266521066427,19.6956223473169
11465,11465,2017,"171420879",2017/12/27,"09:55:00",COLISIÓN POR NO RESPETAR SEMÁFORO,ASFALTO,Bueno,Bueno,2,NISSAN,NEGRO,2,,58,MASCULINO,SIN DATOS,0,0,Morelia,Los Manantiales de Morelia,diciembre,miércoles,10,-101.241392791271,19.6954102228283
11466,11466,2017,"171420269",2017/12/27,10:50:00,COLISIÓN CON PEATÓN,ASFALTO,Bueno,Bueno,1,TOYOTA,NEGRO,1,MINISTERIO PÚBLICO,42,FEMENINO,SIN DATOS,0,0,Morelia,Jardines de La Loma,diciembre,miércoles,11,-101.224669218063,19.6766967066642
11467,11467,2017,"171421008",2017/12/27,11:00:00,COLISIÓN POR ALCANCE,CONCRETO,Bueno,Bueno,2,NISSAN,ROJO,2,,43,MASCULINO,SIN DATOS,0,0,Morelia,Santa Maria de Guido,diciembre,miércoles,11,-101.19233250618,19.6771090084258
11468,11468,2017,"171421334",2017/12/27,11:10:00,COLISIÓN POR ALCANCE,ASFALTO,Bueno,Bueno,2,MAZDA,GRIS,2,,17,MASCULINO,SIN DATOS,0,0,Morelia,Lomas de Huerta,diciembre,miércoles,11,-101.213285923004,19.6740296632099
11469,11469,2017,"171421465",2017/12/27,12:10:00,COLISIÓN POR CORTE DE CIRCULACIÓN,CONCRETO,Bueno,Regular,2,FORD,NEGRO,2,,48,MASCULINO,SIN DATOS,0,0,Morelia,Niño Artillero,diciembre,miércoles,12,-101.252596378326,19.6973041815254
11470,11470,2017,"171422984",2017/12/27,18:00:00,COLISIÓN CONTRA OBJETO FIJO,ASFALTO,Bueno,Bueno,1,VOLKWAGEN,PLATA,1,,28,MASCULINO,SIN DATOS,0,0,Morelia,Bicentenario,diciembre,miércoles,18,-101.178953647614,19.7386121541124
11471,11471,2017,"171423219",2017/12/27,20:10:00,COLISIÓN POR ALCANCE,CONCRETO,Bueno,Bueno,1,NISSAN,GRIS,1,,44,FEMENINO,SIN DATOS,0,0,Morelia,Sin datos,diciembre,miércoles,20,-101.117777824402,19.7029606713943
11472,11472,2017,,2017/12/27,21:00:00,COLISIÓN POR CORTE DE CIRCULACIÓN,ASFALTO,Bueno,Bueno,1,ITALIKA,ROJO,1,,,MASCULINO,SIN DATOS,0,0,Cuitzeo,Centro,diciembre,miércoles,21,-101.140758991241,19.9692850776589
11473,11473,2017,"171426236",2017/12/28,"00:00:00",COLISIÓN POR CORTE DE CIRCULACIÓN,CONCRETO,Bueno,Bueno,2,CARABELA,AZUL,2,,20,MASCULINO,SIN DATOS,0,0,Morelia,El Porvenir,diciembre,jueves,0,-101.205995678902,19.7088139177807
11474,11474,2017,"171427244",2017/12/28,"00:00:00",COLISIÓN POR ALCANCE,ASFALTO,Bueno,Bueno,2,VOLKWAGEN,GRIS,2,,32,MASCULINO,SIN DATOS,0,0,Morelia,Enrique Arreguin Robles,diciembre,jueves,0,-101.182858943939,19.7193027630182
11475,11475,2017,"171427577",2017/12/28,"01:10:00",COLISIÓN POR ALCANCE,ASFALTO,Bueno,Bueno,2,VOLKWAGEN,BLANCO,2,,0,MASCULINO,SIN DATOS,0,0,Morelia,Las Americas,diciembre,jueves,1,-101.159040927887,19.6880715525677
11476,11476,2017,,2017/12/28,"04:50:00",COLISIÓN POR NO RESPETAR SEMÁFORO,ASFALTO,Bueno,Bueno,2,CHEVROLET,BLANCO,9,MINISTERIO PÚBLICO,30,MASCULINO,SIN DATOS,7,0,Lázaro Cárdenas,Jose Green,diciembre,jueves,5,-102.201175689697,17.9653232698896
11477,11477,2017,,2017/12/28,"06:30:00",COLISIÓN POR MANIOBRA DE REVERSA,ASFALTO,Bueno,Bueno,2,VOLKWAGEN,BLANCO,2,,26,MASCULINO,SIN DATOS,0,0,Morelia,Nicolaitas Ilustres,diciembre,jueves,7,-101.226782798767,19.7218276591071
11478,11478,2017,,2017/12/28,"09:40:00",COLISIÓN POR CORTE DE CIRCULACIÓN,ASFALTO,Bueno,Bueno,2,FORD,ROJO,2,,0,MASCULINO,SIN DATOS,1,0,Morelia,Jardines de Torremolinos,diciembre,jueves,10,-101.226010322571,19.6769593676334
11479,11479,2017,,2017/12/28,10:23:00,COLISIÓN POR INVASIÓN DE CARRIL,CONCRETO,Bueno,Bueno,2,NISSAN,NEGRO,2,,49,FEMENINO,SIN DATOS,0,0,Pátzcuaro,Centro,diciembre,jueves,10,-101.617301702499,19.5118124646792
11480,11480,2017,"171424563",2017/12/28,10:40:00,COLISIÓN POR NO RESPETAR SEMÁFORO,ASFALTO,Bueno,Bueno,3,TOYOTA,GRIS,4,MINISTERIO PÚBLICO,0,,SIN DATOS,1,0,Morelia,Felix Ireta,diciembre,jueves,11,-101.181507110596,19.6816467832851
11481,11481,2017,"171425099",2017/12/28,11:28:00,COLISIÓN POR CAMBIO DE CARRIL,ASFALTO,Bueno,Bueno,3,NISSAN,BLANCO,3,,19,MASCULINO,SIN DATOS,0,0,Morelia,Josefa Ortiz de Dominguez,diciembre,jueves,11,-101.209482550621,19.6720899673624
11482,11482,2017,"171424744",2017/12/28,11:50:00,COLISIÓN POR CAMBIO DE CARRIL,ASFALTO,Bueno,Bueno,2,CHEVROLET,BLANCO/ROJO,2,,37,MASCULINO,SIN DATOS,0,0,Morelia,Martires de Uruapan,diciembre,jueves,12,-101.201507002115,19.7252564041337
11483,11483,2017,,2017/12/28,13:00:00,COLISIÓN POR CORTE DE CIRCULACIÓN,ADOQUIN_EMPEDRADO,Bueno,Bueno,2,LEON,GRIS,2,,23,FEMENINO,SIN DATOS,0,0,Cuitzeo,El Calvario,diciembre,jueves,13,-101.139947623014,19.9672393187897
11484,11484,2017,"171252003",2017/12/28,13:50:00,COLISIÓN CON PEATÓN,ASFALTO,Bueno,Bueno,2,RENOULT,BLANCO,2,,36,MASCULINO,SIN DATOS,0,0,Morelia,Chapultepec Norte,diciembre,jueves,14,-101.176343858242,19.6961703342778
11485,11485,2017,"171425576",2017/12/28,14:10:00,COLISIÓN POR ALCANCE,CONCRETO,Bueno,Bueno,2,KENWORTH,BLANCO,2,,27,MASCULINO,ALIENTO ETÍLICO,0,0,Morelia,Central de Abastos,diciembre,jueves,14,-101.169415712357,19.715894090036
11486,11486,2017,"171426884",2017/12/28,20:30:00,COLISIÓN POR NO RESPETAR SEMÁFORO,ASFALTO,Bueno,Bueno,2,VOLKWAGEN,NEGRO,2,,22,MASCULINO,SIN DATOS,0,0,Morelia,Rinconada del Valle,diciembre,jueves,21,-101.219058036804,19.6781312344039
11487,11487,2017,,2017/12/28,22:00:00,SUBIDA AL CAMELLÓN,ASFALTO,Bueno,Bueno,1,TOYOTA,GRIS/ROJO,1,MINISTERIO PÚBLICO,0,MASCULINO,SIN DATOS,0,0,Morelia,Enrique Arreguin Robles,diciembre,jueves,22,-101.184747219086,19.7199895387032
11488,11488,2017,"171427666",2017/12/29,"03:45:00",COLISIÓN POR ALCANCE,ASFALTO,Bueno,Bueno,2,MAZDA,AZUL,2,,24,MASCULINO,CON CERTIFICADO,0,0,Morelia,Las Americas,diciembre,viernes,4,-101.158933639526,19.6880917558381
11489,11489,2017,"171428066",2017/12/29,"09:40:00",COLISIÓN POR ALCANCE,ASFALTO,Bueno,Bueno,2,NISSAN,BLANCO,2,,22,MASCULINO,SIN DATOS,0,0,Morelia,Fidel Velazquez,diciembre,viernes,10,-101.237624287605,19.7067913145797
11490,11490,2017,"171428047",2017/12/29,10:20:00,COLISIÓN POR CORTE DE CIRCULACIÓN,ASFALTO,Bueno,Bueno,1,SIN DATOS,NEGRO,2,,30,MASCULINO,SIN DATOS,1,0,Tarímbaro,Galaxias Tarimbaro,diciembre,viernes,10,-101.195154190063,19.7602415546645
11491,11491,2017,"171428328",2017/12/29,11:00:00,COLISIÓN POR NO RESPETAR SEMÁFORO,ASFALTO,Bueno,Bueno,2,FORD,ROJO,2,,51,MASCULINO,SIN DATOS,0,0,Morelia,Felix Ireta,diciembre,viernes,11,-101.192064285278,19.6825559644047
11492,11492,2017,"171428297",2017/12/29,11:15:00,COLISIÓN POR CORTE DE CIRCULACIÓN,CONCRETO,Bueno,Bueno,2,ITALIKA,BLANCO,1,,,,,1,0,Morelia,Elias Perez Avalos,diciembre,viernes,11,-101.16706609726,19.7116066337184
11493,11493,2017,"171428648",2017/12/29,12:10:00,COLISIÓN POR ALCANCE,ASFALTO,Bueno,Bueno,2,CHEVROLET,ROJO,2,,37,MASCULINO,SIN DATOS,0,0,Morelia,El Realito,diciembre,viernes,12,-101.204343438149,19.7257487436608
11494,11494,2017,"171429149",2017/12/29,14:10:00,COLISIÓN POR ALCANCE,ASFALTO,Bueno,Bueno,2,DODGE,PLATA,2,,24,MASCULINO,SIN DATOS,0,0,Morelia,Campestre Los Manantiales,diciembre,viernes,14,-101.238412857056,19.6884958207118
11495,11495,2017,,2017/12/29,15:20:00,COLISIÓN POR CORTE DE CIRCULACIÓN,ASFALTO,Bueno,Bueno,2,HONDA,AMARILLO,2,,23,FEMENINO,SIN DATOS,0,0,Pátzcuaro,Centro,diciembre,viernes,15,-101.613128185272,19.5384370301706