fid,id_accidente,anio_origen,folio_c5i,dia_incidente,hora_ocurrencia,tipo_incidente_vial,superficie_ocurrencia,condiciones_climaticas,condiciones_via,numero_vehiculos_involucrados,marca_vehiculo_ocasiona_siniestro,color_vehiculo_ocasiona_siniestro,numero_personas_involucradas,lugar_remite_presunto_responsable,edad_presunto_responsable,sexo_presunto_responsable,resultados_toxicologia,numero_personas_lesionadas,numero_personas_fallecidas,municipio,colonia,mes,dia_semana,hora_redondeada,lon,lat
11496,11496,2017,"17143013",2017/12/29,16:30:00,COLISIÓN POR CORTE DE CIRCULACIÓN,ASFALTO,Bueno,Bueno,1,BAJAJ,NEGRO,1,,,MASCULINO,SIN DATOS,0,0,Morelia,Santiaguito,diciembre,viernes,17,-101.18884563446,19.7166364294536
11497,11497,2017,"171430004",2017/12/29,18:25:00,COLISIÓN POR ALCANCE,ASFALTO,Bueno,Bueno,2,TOYOTA,AZUL,2,,34,MASCULINO,SIN DATOS,0,0,Morelia,Las Americas,diciembre,viernes,18,-101.153547763824,19.687526063302
11498,11498,2017,"17143014",2017/12/29,18:35:00,COLISIÓN POR ALCANCE,ASFALTO,Bueno,Bueno,2,NISSAN,BLANCO,2,,53,MASCULINO,SIN DATOS,0,0,Morelia,Enrique Arreguin Robles,diciembre,viernes,19,-101.178921461105,19.7203834234264
11499,11499,2017,,2017/12/29,19:40:00,COLISIÓN POR INVASIÓN DE CARRIL,ASFALTO,Bueno,Regular,2,NISSAN,GRIS,2,MINISTERIO PÚBLICO,49,MASCULINO,SIN DATOS,0,0,Zitácuaro,Sin datos,diciembre,viernes,20,-100.358304977417,19.4799644144635
11500,11500,2017,"171430534",2017/12/29,20:00:00,COLISIÓN POR CAMBIO DE CARRIL,CONCRETO,Bueno,Bueno,2,TOYOTA,BLANCO/GRIS,2,,22,MASCULINO,SIN DATOS,0,0,Morelia,Ferrocarrilero,diciembre,viernes,20,-101.216945797205,19.6980769102362
11501,11501,2017,"171430611",2017/12/29,22:30:00,COLISIÓN CON PEATÓN,CONCRETO,Bueno,Regular,1,SIN DATOS,SIN DATOS,2,,,,SIN DATOS,1,0,Morelia,Felicitas del Rio,diciembre,viernes,23,-101.196473166347,19.6917756533222
11502,11502,2017,"171430959",2017/12/29,22:40:00,COLISIÓN CONTRA OBJETO FIJO,ASFALTO,Bueno,Bueno,1,VOLKSWAGEN,GRIS,1,,48,MASCULINO,SIN DATOS,0,0,Tarímbaro,Sin datos,diciembre,viernes,23,-101.171035766602,19.752688763787
11503,11503,2017,"1714314022",2017/12/29,22:55:00,COLISIÓN POR CAMBIO DE CARRIL,ASFALTO,Bueno,Bueno,2,HONDA,CAMEL,2,,42,MASCULINO,SIN DATOS,0,0,Morelia,Primo Tapia,diciembre,viernes,23,-101.211858987808,19.7091623786708
11504,11504,2017,"171431375",2017/12/30,"04:00:00",COLISIÓN CONTRA OBJETO FIJO,CONCRETO,Bueno,Bueno,1,NISSAN,PLATA,1,,,,SIN DATOS,0,0,Morelia,Agustin Arriaga Rivera,diciembre,sábado,4,-101.226240992546,19.6896878061484
11505,11505,2017,LEG12022,2017/12/30,"05:20:00",COLISIÓN CONTRA OBJETO FIJO,ASFALTO,Bueno,Bueno,1,NISSAN,BLANCO,0,,,,,0,0,Morelia,Jardines de Torremolinos,diciembre,sábado,5,-101.225715279579,19.6768937024315
11506,11506,2017,"171438469",2017/12/30,"06:00:00",COLISIÓN POR CORTE DE CIRCULACIÓN,ASFALTO,Bueno,Bueno,2,NISSAN,ROJO,2,,,,SIN DATOS,0,0,Tarímbaro,Sin datos,diciembre,sábado,6,-101.171958446503,19.7507298264754
11507,11507,2017,"171431973",2017/12/30,10:20:00,COLISIÓN CONTRA OBJETO FIJO,TERRACERIA,Bueno,Bueno,1,ISUZU,BLANCO,1,,48,MASCULINO,SIN DATOS,0,0,Morelia,Morelia 450,diciembre,sábado,10,-101.217094659805,19.6755652391051
11508,11508,2017,"171431912",2017/12/30,10:51:00,VOLCADURA,ASFALTO,Bueno,Bueno,1,NISSAN,BLANCO/ROJO,1,,27,MASCULINO,SIN DATOS,0,0,Charo,Sin datos,diciembre,sábado,11,-101.055207252502,19.7469532505958
11509,11509,2017,"171432029",2017/12/30,11:30:00,VOLCADURA,ASFALTO,Bueno,Bueno,1,FORD,GUINDA,1,,,MASCULINO,SIN DATOS,0,0,Morelia,Valle de Las Flores,diciembre,sábado,12,-101.126618385315,19.6878291131235
11510,11510,2017,"171432206",2017/12/30,12:30:00,COLISIÓN POR CORTE DE CIRCULACIÓN,CONCRETO,Bueno,Bueno,2,HONDA,BLANCO,2,,82,MASCULINO,SIN DATOS,0,0,Morelia,Chapultepec Oriente,diciembre,sábado,13,-101.164426803589,19.6888190718766
11511,11511,2017,"171432528",2017/12/30,12:50:00,COLISIÓN POR ALCANCE,CONCRETO,Bueno,Bueno,2,MATRIX,BLANCO,1,,29,MASCULINO,SIN DATOS,0,0,Morelia,Loma Larga,diciembre,sábado,13,-101.202600002289,19.6550762126445
11512,11512,2017,"171432657",2017/12/30,14:00:00,COLISIÓN POR CAMBIO DE CARRIL,ASFALTO,Bueno,Bueno,2,NISSAN,BLANCO/VERDE,2,,25,MASCULINO,SIN DATOS,0,0,Morelia,Victor Manuel Tinoco Rubi,diciembre,sábado,14,-101.242854595184,19.7005566876315
11513,11513,2017,,2017/12/30,14:10:00,SALIDA DE SUPERFICIE DE RODAMIENTO,ASFALTO,Bueno,Bueno,1,FORD,NEGRO,1,,,,SIN DATOS,0,0,Lagunillas,Sin datos,diciembre,sábado,14,-101.407241821289,19.5618929410614
11514,11514,2017,"171432963",2017/12/30,14:50:00,COLISIÓN POR ALCANCE,ASFALTO,Bueno,Bueno,2,CHEVROLET,BLANCO,2,,62,MASCULINO,SIN DATOS,0,0,Morelia,Cinco de Diciembre,diciembre,sábado,15,-101.165939569473,19.6842227830536
11515,11515,2017,"171432921",2017/12/30,15:15:00,COLISIÓN POR CAMBIO DE CARRIL,ASFALTO,Bueno,Bueno,2,TOYOTA,BLANCO/CAFE,2,,29,MASCULINO,SIN DATOS,0,0,Morelia,La Colina,diciembre,sábado,15,-101.215815246105,19.70529391521
11516,11516,2017,,2017/12/30,16:47:00,COLISIÓN POR CORTE DE CIRCULACIÓN,ASFALTO,Bueno,Bueno,2,MITSIBISHI,GRIS,2,,30,MASCULINO,SIN DATOS,0,0,Pátzcuaro,Centro,diciembre,sábado,17,-101.61773622036,19.5162670509439
11517,11517,2017,"171433221",2017/12/30,16:54:00,COLISIÓN POR ALCANCE,ASFALTO,Bueno,Bueno,3,VOLKSWAGEN,GRIS,3,,87,MASCULINO,SIN DATOS,0,0,Morelia,La Colina,diciembre,sábado,17,-101.216118335724,19.7039505365629
11518,11518,2017,"171433224",2017/12/30,16:55:00,VOLCADURA,ASFALTO,Bueno,Bueno,1,NISSAN,GRIS,7,MINISTERIO PÚBLICO,,,,6,1,Morelia,Sin datos,diciembre,sábado,17,-101.344606876373,19.5551598259443
11519,11519,2017,"171434238",2017/12/30,19:05:00,COLISIÓN POR ALCANCE,ASFALTO,Bueno,Bueno,3,FORD,VERDE,3,,32,MASCULINO,SIN DATOS,0,0,Morelia,Lomas de Huerta,diciembre,sábado,19,-101.21030330658,19.6724334568794
11520,11520,2017,,2017/12/30,21:00:00,COLISIÓN POR ALCANCE,ASFALTO,Bueno,Bueno,2,CHRYSLER,AZUL,2,,,MASCULINO,SIN DATOS,0,0,Morelia,Isaac Arriaga,diciembre,sábado,21,-101.168557405472,19.7091320777539
11521,11521,2017,"171434756",2017/12/30,23:00:00,COLISIÓN CONTRA OBJETO FIJO,ASFALTO,Bueno,Bueno,1,CHEVROLET,NARANJA,0,,,,,0,0,Morelia,Guadalupe,diciembre,sábado,23,-101.225897669792,19.7079048857985
11522,11522,2017,"171434771",2017/12/30,23:15:00,COLISIÓN POR CAMBIO DE CARRIL,ASFALTO,Bueno,Bueno,2,TOYOTA,BLANCO,2,,35,MASCULINO,SIN DATOS,0,0,Morelia,Lomas del Tecnologico,diciembre,sábado,23,-101.188459396362,19.7213832802876
11523,11523,2017,"171435056",2017/12/31,"02:00:00",COLISIÓN CONTRA OBJETO FIJO,ASFALTO,Bueno,Bueno,1,CHEVROLET,AZUL,1,MINISTERIO PÚBLICO,,MASCULINO,SIN DATOS,0,0,Morelia,El Realito,diciembre,domingo,2,-101.203984022141,19.7257260203314
11524,11524,2017,"171435521",2017/12/31,"03:41:00",COLISIÓN CONTRA OBJETO FIJO,ASFALTO,Bueno,Bueno,1,NISSAN,BLANCO/ROJO,1,,38,MASCULINO,SIN DATOS,0,0,Morelia,Sentimientos de La Nacion,diciembre,domingo,4,-101.231889724731,19.6777372456703
11525,11525,2017,,2017/12/31,"06:00:00",SALIDA DE SUPERFICIE DE RODAMIENTO,ASFALTO,Nublado,Regular,1,CHEVROLET,GRIS,1,,,,SIN DATOS,0,0,Tzintzuntzan,"4",diciembre,domingo,6,-101.577229499817,19.62071990277
11526,11526,2017,,2017/12/31,10:30:00,SUBIDA AL CAMELLÓN,ASFALTO,Bueno,Bueno,1,CHEVROLET,ROJO,1,,29,MASCULINO,SIN DATOS,0,0,Morelia,Leandro Valle,diciembre,domingo,11,-101.228595972061,19.7187775796211
11527,11527,2017,"171437005",2017/12/31,16:40:00,COLISIÓN POR NO RESPETAR SEMÁFORO,ASFALTO,Bueno,Bueno,2,NISSAN,BLANCO,2,,43,MASCULINO,SIN DATOS,0,0,Morelia,Lomas de Huerta,diciembre,domingo,17,-101.210110187531,19.6723728411358
11528,11528,2017,"171437208",2017/12/31,17:55:00,COLISIÓN POR CORTE DE CIRCULACIÓN,ASFALTO,Bueno,Bueno,2,ITALIKA,NEGRO,2,,24,MASCULINO,SIN DATOS,0,0,Morelia,Isaac Arriaga,diciembre,domingo,18,-101.1706186831,19.708077854782
11529,11529,2017,,2017/12/31,19:55:00,COLISIÓN CONTRA OBJETO FIJO,CONCRETO,Bueno,Bueno,2,FORD,BLANCO,2,,46,FEMENINO,SIN DATOS,0,0,Morelia,Constituyentes de Queretaro,diciembre,domingo,20,-101.164110302925,19.7158991399756
11530,11530,2017,"171437826",2017/12/31,20:45:00,COLISIÓN POR CORTE DE CIRCULACIÓN,ASFALTO,Bueno,Bueno,1,FAW,PLATA,1,,18,MASCULINO,SIN DATOS,0,0,Morelia,Chapultepec Sur,diciembre,domingo,21,-101.173054128885,19.691238384093
11531,11531,2017,"171437888",2017/12/31,21:00:00,COLISIÓN POR ALCANCE,ASFALTO,Bueno,Bueno,2,FORD,AZUL,2,,56,MASCULINO,SIN DATOS,0,0,Morelia,Chapultepec Oriente,diciembre,domingo,21,-101.159352064133,19.6900110549068
11532,11532,2017,"171438164",2017/12/31,22:50:00,COLISIÓN POR ALCANCE,ASFALTO,Bueno,Regular,3,TOYOTA,BLANCO,6,MINISTERIO PÚBLICO,16,MASCULINO,CON CERTIFICADO,4,0,Morelia,Vicente Lombardo Toledano (Ejidal Isacc Arriaga) (Etnias de Mexico),diciembre,domingo,23,-101.148129701614,19.711758135901
11533,11533,2018,"18000818",2018/01/01,"00:00:00",COLISIÓN POR ALCANCE,ASFALTO,Bueno,Regular,1,ITALIKA,ROJO,1,MINISTERIO PÚBLICO,,,,1,0,Morelia,Melchor Ocampo,enero,lunes,0,-101.201378256083,19.7075646287486
11534,11534,2018,"180000404",2018/01/01,"02:30:00",COLISIÓN POR NO RESPETAR SEMÁFORO,ASFALTO,Bueno,Bueno,2,LINCON,BLANCO,2,,40,FEMENINO,CON CERTIFICADO,0,0,Morelia,Felix Ireta,enero,lunes,3,-101.195787191391,19.681586171027
11535,11535,2018,"180000535",2018/01/01,"03:10:00",COLISIÓN CONTRA OBJETO FIJO,CONCRETO,Bueno,Bueno,1,ITALIKA,NEGRO,1,,15,FEMENINO,SIN DATOS,0,0,Morelia,Independencia,enero,lunes,3,-101.177392601967,19.7077533799658
11536,11536,2018,,2018/01/01,"03:20:00",COLISIÓN POR CAMBIO DE CARRIL,ASFALTO,Bueno,Bueno,2,NISSAN,GRIS,0,,,,,0,0,Pátzcuaro,Centro,enero,lunes,3,-101.617805957794,19.5163934562548
11537,11537,2018,"180006600",2018/01/01,"03:50:00",COLISIÓN POR ALCANCE,ASFALTO,Bueno,Bueno,2,VOLKWAGEN,NEGRO,2,,0,MASCULINO,SIN DATOS,0,0,Morelia,Infonavit Manantiales,enero,lunes,4,-101.238266088931,19.6932042372071
11538,11538,2018,"180000716",2018/01/01,"05:00:00",COLISIÓN POR CORTE DE CIRCULACIÓN,CONCRETO,Bueno,Bueno,2,NISSAN,ROJO/BLANCO,2,,65,MASCULINO,CON CERTIFICADO,0,0,Morelia,Ejidal Tres Puentes,enero,lunes,5,-101.229674220085,19.692586920128
11539,11539,2018,"180000783",2018/01/01,"05:55:00",VOLCADURA,CONCRETO,Bueno,Bueno,1,CHEVROLET,NEGRO,1,,23,MASCULINO,SIN DATOS,0,0,Morelia,Lomas de Vista Bella,enero,lunes,6,-101.201001405716,19.6703422004768
11540,11540,2018,"180000911",2018/01/01,"06:50:00",VOLCADURA,ASFALTO,Bueno,Regular,1,MERCEDES BENZ,NEGRO,0,,,,,0,0,Morelia,Ampliacion La Soledad,enero,lunes,7,-101.182708740234,19.7391877643573
11541,11541,2018,"180000893",2018/01/01,"07:00:00",COLISIÓN POR CORTE DE CIRCULACIÓN,ASFALTO,Bueno,Bueno,2,FORD,AZUL,1,,25,MASCULINO,CON CERTIFICADO,0,0,Morelia,Barrio Alto,enero,lunes,7,-101.196935176849,19.7249584748627
11542,11542,2018,,2018/01/01,"07:00:00",COLISIÓN CONTRA OBJETO FIJO,ASFALTO,Bueno,Bueno,1,FORD,GRIS,1,,30,MASCULINO,ALIENTO ETÍLICO,0,0,Álvaro Obregón,Sin datos,enero,lunes,7,-101.04718208313,19.8224273979868
11543,11543,2018,"180001026",2018/01/01,"07:15:00",COLISIÓN CONTRA OBJETO FIJO,ASFALTO,Bueno,Bueno,1,CHRYSLER,PLATA,1,,32,MASCULINO,CON CERTIFICADO,0,0,Morelia,Quinceo,enero,lunes,7,-101.224164962769,19.7257058218136
11544,11544,2018,"180000924",2018/01/01,"07:30:00",SUBIDA AL CAMELLÓN,ASFALTO,Bueno,Bueno,1,DODGE,AZUL,1,,28,FEMENINO,CON CERTIFICADO,0,0,Morelia,Lazaro Cardenas,enero,lunes,8,-101.165328025818,19.7102532078531
11545,11545,2018,,2018/01/01,"07:55:00",COLISIÓN POR INVASIÓN DE CARRIL,CONCRETO,Bueno,Bueno,2,NISSAN,ROJO,2,,37,MASCULINO,SIN DATOS,0,0,Pátzcuaro,Centro,enero,lunes,8,-101.615746021271,19.5157563724821
11546,11546,2018,"180001067",2018/01/01,"09:00:00",COLISIÓN CONTRA OBJETO FIJO,CONCRETO,Bueno,Bueno,1,DODGE,BLANCO,1,,24,MASCULINO,SIN DATOS,0,0,Morelia,Victor Manuel Tinoco Rubi,enero,lunes,9,-101.243305206299,19.7009001160946
11547,11547,2018,,2018/01/01,"09:00:00",SALIDA DE SUPERFICIE DE RODAMIENTO,ASFALTO,Bueno,Bueno,1,CHEVROLET,ARENA,1,,0,MASCULINO,SIN DATOS,0,0,Santa Ana Maya,Sin datos,enero,lunes,9,-101.063446998596,20.0432725089985
11548,11548,2018,,2018/01/01,"09:00:00",COLISIÓN POR ALCANCE,CONCRETO,Bueno,Bueno,2,CHEVROLET,BLANCO,2,,28,MASCULINO,SIN DATOS,0,0,Pátzcuaro,Centro,enero,lunes,9,-101.609845161438,19.5143406217761
11549,11549,2018,,2018/01/01,"09:00:00",CAIDA DE MOTOCICLETA,CONCRETO,Nublado,Regular,1,honda,ROJO,2,,59,MASCULINO,ALIENTO ETÍLICO,1,0,Zinapécuaro,Centro,enero,lunes,9,-100.828421115875,19.8604739493402
11550,11550,2018,"180001871",2018/01/01,14:00:00,COLISIÓN POR ALCANCE,ASFALTO,Bueno,Bueno,2,NISSAN,VERDE,2,,32,FEMENINO,CON CERTIFICADO,0,0,Morelia,La Esperanza,enero,lunes,14,-101.254146695137,19.6977890313486
11551,11551,2018,,2018/01/01,15:00:00,COLISIÓN POR CORTE DE CIRCULACIÓN,ASFALTO,Bueno,Bueno,2,KENWORTH,BLANCO,1,,0,MASCULINO,SIN DATOS,0,0,Pátzcuaro,San Lazaro,enero,lunes,15,-101.611475944519,19.5064223017753
11552,11552,2018,,2018/01/01,15:30:00,COLISIÓN POR CORTE DE CIRCULACIÓN,ASFALTO,Bueno,Bueno,2,HONDA,NEGRO,2,,27,MASCULINO,ALIENTO ETÍLICO,0,0,Apatzingán,Independencia,enero,lunes,16,-102.357881069183,19.0961054237952
11553,11553,2018,"180002359",2018/01/01,16:20:00,COLISIÓN POR CORTE DE CIRCULACIÓN,CONCRETO,Bueno,Bueno,2,SIN DATOS,BLANCO,2,,0,,SIN DATOS,0,0,Morelia,Pablo Galeana,enero,lunes,16,-101.228944659233,19.6370501713878
11554,11554,2018,,2018/01/01,16:20:00,COLISIÓN CONTRA OBJETO FIJO,ADOQUIN_EMPEDRADO,Bueno,Bueno,2,MAZDA,NEGRO,2,,0,MASCULINO,SIN DATOS,0,0,Pátzcuaro,Centro,enero,lunes,16,-101.609126329422,19.5141383706631
11555,11555,2018,,2018/01/01,16:30:00,COLISIÓN POR INVASIÓN DE CARRIL,ADOQUIN_EMPEDRADO,Bueno,Bueno,2,CHEVROLET,AZUL,4,MINISTERIO PÚBLICO,30,FEMENINO,SIN DATOS,2,0,Zinapécuaro,Centro,enero,lunes,17,-100.824804402535,19.8617636914657
11556,11556,2018,,2018/01/01,16:55:00,SALIDA DE SUPERFICIE DE RODAMIENTO,ASFALTO,Bueno,Bueno,1,HONDA,GRIS,3,,32,MASCULINO,SIN DATOS,2,0,Madero,Bella Vista,enero,lunes,17,-101.291842460632,19.391598584422
11557,11557,2018,,2018/01/01,18:28:00,COLISIÓN POR CORTE DE CIRCULACIÓN,ASFALTO,Bueno,Bueno,2,NISSAN,AZUL,2,,54,MASCULINO,SIN DATOS,0,0,Pátzcuaro,Juventino Rosas,enero,lunes,18,-101.613321304321,19.5068470490875
11558,11558,2018,"180002972",2018/01/01,19:20:00,COLISIÓN POR ALCANCE,ASFALTO,Bueno,Bueno,2,NISSAN,ROJO,2,,30,FEMENINO,SIN DATOS,0,0,Morelia,Sin datos,enero,lunes,19,-101.357159614563,19.6698067536286
11559,11559,2018,"180003031",2018/01/01,19:30:00,COLISIÓN POR CORTE DE CIRCULACIÓN,CONCRETO,Bueno,Bueno,2,FORD,NEGRO,2,,0,,SIN DATOS,0,0,Morelia,Independencia,enero,lunes,20,-101.176754236221,19.7150280230257
11560,11560,2018,"180003206",2018/01/01,20:30:00,COLISIÓN POR INVASIÓN DE CARRIL,ASFALTO,Bueno,Bueno,2,CHEVROLET,AZUL,2,,32,MASCULINO,SIN DATOS,0,0,Morelia,Loma Bonita,enero,lunes,21,-101.19668841362,19.7220801465223
11561,11561,2018,"180003378",2018/01/01,20:40:00,COLISIÓN POR CORTE DE CIRCULACIÓN,ASFALTO,Bueno,Bueno,2,CHEVROLET,NEGRO,2,,20,MASCULINO,SIN DATOS,0,0,Morelia,Sin datos,enero,lunes,21,-101.315445899963,19.6873644364961
11563,11563,2018,LEG12081,2018/01/02,"08:00:00",VOLCADURA,ASFALTO,Bueno,Regular,1,FORD,GRIS,1,,37,MASCULINO,SIN DATOS,0,0,Morelia,Valle de Las Flores,enero,martes,8,-101.126446723938,19.6879907394604
11564,11564,2018,"180004036",2018/01/02,"08:10:00",SUBIDA AL CAMELLÓN,ASFALTO,Bueno,Regular,1,CHEVROLET,AZUL,1,,0,,SIN DATOS,0,0,Morelia,Valle de Las Flores,enero,martes,8,-101.127283573151,19.6877482998938
11565,11565,2018,"180004054",2018/01/02,"08:20:00",COLISIÓN POR ALCANCE,ASFALTO,Bueno,Bueno,2,CHEVROLET,NEGRO,2,,40,MASCULINO,SIN DATOS,0,0,Morelia,Felix Arreguin,enero,martes,8,-101.227297782898,19.7205753156322
11566,11566,2018,"18504199",2018/01/02,"09:40:00",COLISIÓN POR CORTE DE CIRCULACIÓN,ASFALTO,Bueno,Bueno,2,SEAT,GRIS,2,,27,MASCULINO,SIN DATOS,0,0,Morelia,Ciudad Industrial,enero,martes,10,-101.14296913147,19.7253826451827
11567,11567,2018,"183334386",2018/01/02,10:40:00,COLISIÓN POR ALCANCE,ASFALTO,Bueno,Bueno,2,KENWORTH,ROJO,5,,28,MASCULINO,SIN DATOS,2,0,Morelia,Ana Maria Gallaga (Riviera Norte),enero,martes,11,-101.223738491535,19.6768128836844
11568,11568,2018,"180004479",2018/01/02,11:00:00,SUBIDA AL CAMELLÓN,ASFALTO,Bueno,Bueno,1,CHEVROLET,AZUL,1,,0,,SIN DATOS,0,0,Morelia,Sin datos,enero,martes,11,-101.105139255524,19.7295636923708
11569,11569,2018,"180004641",2018/01/02,12:10:00,COLISIÓN POR ALCANCE,CONCRETO,Bueno,Bueno,2,FORD,ROJO,2,,64,MASCULINO,SIN DATOS,0,0,Morelia,Manantiales de Morelia,enero,martes,12,-101.236909712968,19.696214918118
11570,11570,2018,"183335177",2018/01/02,15:10:00,COLISIÓN POR CORTE DE CIRCULACIÓN,ASFALTO,Bueno,Bueno,2,YAMAHA,BLANCO,2,,22,,SIN DATOS,0,0,Morelia,Dr Miguel Silva,enero,martes,15,-101.188352108002,19.7129499480644
11571,11571,2018,"180006236",2018/01/02,20:15:00,COLISIÓN POR CAMBIO DE CARRIL,ASFALTO,Bueno,Bueno,2,HONDA,BLANCO,2,MINISTERIO PÚBLICO,32,MASCULINO,CON CERTIFICADO,0,0,Tarímbaro,Sin datos,enero,martes,20,-101.157689094543,19.7800709767157
11572,11572,2018,"180006568",2018/01/02,20:45:00,COLISIÓN POR CORTE DE CIRCULACIÓN,ASFALTO,Bueno,Bueno,2,ITALIKA,ROJO,2,,35,MASCULINO,SIN DATOS,0,0,Morelia,Felix Arreguin,enero,martes,21,-101.227362155914,19.7204743197631
11573,11573,2018,"080006867",2018/01/02,21:40:00,COLISIÓN POR CORTE DE CIRCULACIÓN,ASFALTO,Bueno,Bueno,2,AUDI,BLANCO,2,,36,MASCULINO,SIN DATOS,0,0,Morelia,Comision Federal de Electricidad,enero,martes,22,-101.17983341217,19.6817275995936
11574,11574,2018,"180007003",2018/01/02,23:10:00,CAIDA DE MOTOCICLETA,ASFALTO,Bueno,Bueno,1,VENTO,AZUL,2,,44,MASCULINO,SIN DATOS,1,0,Morelia,Emiliano Zapata,enero,martes,23,-101.230570077896,19.6542578095839
11575,11575,2018,,2018/01/03,"00:00:00",COLISIÓN POR CAMBIO DE CARRIL,ASFALTO,Bueno,Bueno,2,CHEVROLET,BLANCO,2,,48,MASCULINO,SIN DATOS,0,0,Morelia,Central de Abastos,enero,miércoles,0,-101.17177605629,19.7178888037876
11576,11576,2018,"180009084",2018/01/03,"00:00:00",COLISIÓN POR CORTE DE CIRCULACIÓN,ASFALTO,Bueno,Bueno,2,FORD,ROJO,2,,0,MASCULINO,SIN DATOS,0,0,Morelia,Independencia,enero,miércoles,0,-101.176968812943,19.7053949206674
11577,11577,2018,"18007101",2018/01/03,"00:15:00",SALIDA DE SUPERFICIE DE RODAMIENTO,ASFALTO,Bueno,Bueno,1,CHEVROLET,GUINDA,1,,20,FEMENINO,CON CERTIFICADO,0,0,Morelia,Morelia 450,enero,miércoles,0,-101.216633319855,19.6756056487983
11578,11578,2018,"180007163",2018/01/03,"01:30:00",COLISIÓN POR CAMBIO DE CARRIL,ASFALTO,Bueno,Regular,2,SEAT,ROJO,2,,28,MASCULINO,CON CERTIFICADO,0,0,Morelia,Vasco de Quiroga,enero,miércoles,2,-101.173655614257,19.7049549151776
11579,11579,2018,"180007202",2018/01/03,"03:30:00",COLISIÓN POR MANIOBRA DE REVERSA,CONCRETO,Bueno,Bueno,2,HUMMER,ARENA,2,,26,MASCULINO,SIN DATOS,0,0,Morelia,Centro,enero,miércoles,4,-101.19118388321,19.702768457823
11580,11580,2018,,2018/01/03,"06:30:00",VOLCADURA,ASFALTO,Bueno,Bueno,3,DODGE,AZUL,2,MINISTERIO PÚBLICO,45,MASCULINO,SIN DATOS,0,0,Tarímbaro,Sin datos,enero,miércoles,7,-101.101647754767,19.7777229895031
11581,11581,2018,"18007667",2018/01/03,10:30:00,SALIDA DE SUPERFICIE DE RODAMIENTO,ASFALTO,Nublado,Bueno,1,MAZDA,ROJO,1,,21,MASCULINO,SIN DATOS,0,0,Morelia,Ciudad Industrial,enero,miércoles,11,-101.136167049408,19.7297454745493
11582,11582,2018,"180007993",2018/01/03,11:10:00,COLISIÓN POR MANIOBRA DE REVERSA,ASFALTO,Bueno,Regular,2,FORD,PLATA,2,,0,MASCULINO,SIN DATOS,0,0,Morelia,Irrigacion,enero,miércoles,11,-101.221882402897,19.7052661386981
11583,11583,2018,,2018/01/03,11:20:00,SALIDA DE SUPERFICIE DE RODAMIENTO,ASFALTO,Bueno,Bueno,1,DINA,BLANCO,1,,44,MASCULINO,SIN DATOS,0,0,Santa Ana Maya,Sin datos,enero,miércoles,11,-101.063404083252,20.043232192858
11584,11584,2018,"1800099127",2018/01/03,13:15:00,COLISIÓN POR INVASIÓN DE CARRIL,ASFALTO,Bueno,Bueno,2,VOLKWAGEN,PLATA,2,MINISTERIO PÚBLICO,30,FEMENINO,SIN DATOS,0,0,Morelia,Loma de Los Piñones,enero,miércoles,13,-101.203265190125,19.6751560903868
11585,11585,2018,"171008933",2018/01/03,15:53:00,COLISIÓN POR CAMBIO DE CARRIL,ASFALTO,Bueno,Bueno,2,NISSAN,BLANCO/ROJO,2,MINISTERIO PÚBLICO,65,MASCULINO,SIN DATOS,0,0,Morelia,Lindavista,enero,miércoles,16,-101.215412914753,19.70719028203
11586,11586,2018,"180009135",2018/01/03,16:25:00,COLISIÓN POR ALCANCE,ASFALTO,Bueno,Bueno,2,NISSAN,BLANCO,2,,33,MASCULINO,SIN DATOS,0,0,Morelia,Loma de Los Piñones,enero,miércoles,16,-101.205105185509,19.6741155346187
11587,11587,2018,"18009431",2018/01/03,18:00:00,COLISIÓN POR ALCANCE,ASFALTO,Bueno,Bueno,2,NISSAN,BLANCO,2,,46,MASCULINO,SIN DATOS,0,0,Morelia,Centro,enero,miércoles,18,-101.193292737007,19.7039656875128
11588,11588,2018,,2018/01/03,18:20:00,COLISIÓN POR ALCANCE,ASFALTO,Bueno,Bueno,2,HONDA,ACERO,2,MINISTERIO PÚBLICO,53,MASCULINO,SIN DATOS,0,0,Uruapan,Eduardo Ruiz,enero,miércoles,18,-102.042614221573,19.4204284901897
11589,11589,2018,,2018/01/03,19:45:00,COLISIÓN CONTRA OBJETO FIJO,TERRACERIA,Bueno,Bueno,1,FORD,AZUL,0,,,,,0,0,Morelia,Primo Tapia Oriente,enero,miércoles,20,-101.159078478813,19.7138463263599
11590,11590,2018,"180010317",2018/01/03,21:20:00,COLISIÓN POR CORTE DE CIRCULACIÓN,ASFALTO,Bueno,Bueno,2,VOLKWAGEN,BLANCO,2,,37,MASCULINO,SIN DATOS,0,0,Morelia,Isaac Arriaga,enero,miércoles,21,-101.16605758667,19.7102936087911