fid,id_accidente,anio_origen,folio_c5i,dia_incidente,hora_ocurrencia,tipo_incidente_vial,superficie_ocurrencia,condiciones_climaticas,condiciones_via,numero_vehiculos_involucrados,marca_vehiculo_ocasiona_siniestro,color_vehiculo_ocasiona_siniestro,numero_personas_involucradas,lugar_remite_presunto_responsable,edad_presunto_responsable,sexo_presunto_responsable,resultados_toxicologia,numero_personas_lesionadas,numero_personas_fallecidas,municipio,colonia,mes,dia_semana,hora_redondeada,lon,lat
11591,11591,2018,,2018/01/03,21:45:00,COLISIÓN CONTRA OBJETO FIJO,ASFALTO,Bueno,Bueno,1,CHEVROLET,GUINDA,1,,0,,SIN DATOS,0,0,Sin datos,Sin datos,enero,miércoles,22,-99.4482421875,19.0621178835147
11592,11592,2018,"180010519",2018/01/03,22:50:00,COLISIÓN POR ALCANCE,ASFALTO,Bueno,Bueno,2,HONDA,GRIS,0,,,,,0,0,Morelia,Las Flores,enero,miércoles,23,-101.207778677344,19.7081561326546
11593,11593,2018,,2018/01/04,"00:00:00",COLISIÓN POR ALCANCE,ASFALTO,Bueno,Bueno,2,CHEVROLET,ROJO,2,MINISTERIO PÚBLICO,0,,SIN DATOS,0,0,Morelia,Rinconada del Valle,enero,jueves,0,-101.217749118805,19.6807375970051
11594,11594,2018,"180012537",2018/01/04,"00:00:00",COLISIÓN POR ALCANCE,ASFALTO,Bueno,Regular,1,JEEP,BLANCO,1,,70,MASCULINO,SIN DATOS,0,0,Morelia,Comision Federal de Electricidad,enero,jueves,0,-101.177086830139,19.6819296401864
11595,11595,2018,"180010778",2018/01/04,"03:20:00",SALIDA DE SUPERFICIE DE RODAMIENTO,ASFALTO,Bueno,Bueno,1,FORD,GRIS,1,,33,FEMENINO,SIN DATOS,0,0,Morelia,Sentimientos de La Nacion,enero,jueves,3,-101.233209371567,19.6782524615117
11596,11596,2018,"180014297",2018/01/04,"06:55:00",COLISIÓN CONTRA OBJETO FIJO,ASFALTO,Bueno,Bueno,1,VOLKWAGEN,BLANCO,1,,27,MASCULINO,SIN DATOS,0,0,Morelia,Felix Ireta,enero,jueves,7,-101.195636987686,19.6815962730716
11597,11597,2018,"180010912",2018/01/04,"07:20:00",SUBIDA AL CAMELLÓN,ASFALTO,Bueno,Bueno,1,HONDA,NEGRO,1,,25,MASCULINO,SIN DATOS,0,0,Morelia,La Quemada,enero,jueves,7,-101.24190106988,19.705516127132
11598,11598,2018,"18001903",2018/01/04,"07:40:00",COLISIÓN POR CORTE DE CIRCULACIÓN,CONCRETO,Bueno,Bueno,2,FORD,AZUL,2,,42,MASCULINO,SIN DATOS,0,0,Morelia,La Aldea,enero,jueves,8,-101.133911311626,19.7367111107985
11599,11599,2018,"180011073",2018/01/04,"09:10:00",COLISIÓN POR CORTE DE CIRCULACIÓN,CONCRETO,Bueno,Bueno,2,ITALIKA,NEGRO,2,MINISTERIO PÚBLICO,40,MASCULINO,SIN DATOS,0,0,Morelia,Centro,enero,jueves,9,-101.200132369995,19.6992637738655
11600,11600,2018,"180011417",2018/01/04,10:00:00,COLISIÓN POR CORTE DE CIRCULACIÓN,ASFALTO,Bueno,Bueno,2,NISSAN,BLANCO,2,,24,MASCULINO,SIN DATOS,0,0,Morelia,Virreyes,enero,jueves,10,-101.157259941101,19.6954758804381
11601,11601,2018,,2018/01/04,10:10:00,COLISIÓN POR ALCANCE,ASFALTO,Bueno,Bueno,3,FORD,GRIS,3,,21,MASCULINO,SIN DATOS,0,0,Lázaro Cárdenas,Centro,enero,jueves,10,-102.198638319969,17.9563368925266
11602,11602,2018,"180011424",2018/01/04,10:45:00,COLISIÓN CONTRA OBJETO FIJO,ASFALTO,Bueno,Bueno,1,HONDA,ROJO,1,,30,MASCULINO,SIN DATOS,0,0,Morelia,El Lago 3,enero,jueves,11,-101.218730807304,19.7264531652693
11603,11603,2018,,2018/01/04,10:50:00,COLISIÓN POR ALCANCE,ASFALTO,Bueno,Bueno,2,NISSAN,BLANCO,2,,39,MASCULINO,SIN DATOS,0,0,Cuitzeo,El Embarcadero,enero,jueves,11,-101.13588809967,19.9586665064434
11604,11604,2018,"180011885",2018/01/04,13:35:00,COLISIÓN POR CORTE DE CIRCULACIÓN,ASFALTO,Bueno,Bueno,2,HINO,BLANCO,2,,25,MASCULINO,SIN DATOS,0,0,Morelia,Erendira,enero,jueves,14,-101.166653037071,19.7021526136552
11605,11605,2018,"180011694",2018/01/04,13:45:00,COLISIÓN POR CAMBIO DE CARRIL,ASFALTO,Bueno,Bueno,2,NISSAN,BLANCO,2,,56,MASCULINO,SIN DATOS,0,0,Morelia,Primo Tapia Oriente,enero,jueves,14,-101.159791946411,19.713242849694
11607,11607,2018,,2018/01/04,14:01:00,COLISIÓN CON PEATÓN,ASFALTO,Bueno,Bueno,1,FORD,SIN DATO,2,MINISTERIO PÚBLICO,51,MASCULINO,SIN DATOS,1,0,Juárez,Sin datos,enero,jueves,14,-100.42121887207,19.3274846042768
11608,11608,2018,"12113",2018/01/04,14:01:00,COLISIÓN CON PEATÓN,ASFALTO,Bueno,Bueno,1,FORD,BLANCO,2,MINISTERIO PÚBLICO,51,MASCULINO,SIN DATOS,1,0,Zitácuaro,Centro,enero,jueves,14,-100.358554,19.437405
11609,11609,2018,"180012203",2018/01/04,14:30:00,COLISIÓN POR CORTE DE CIRCULACIÓN,ASFALTO,Bueno,Bueno,2,CHEVROLET,GUINDA,2,MINISTERIO PÚBLICO,28,MASCULINO,SIN DATOS,1,0,Morelia,Lomas del Tecnologico,enero,jueves,15,-101.193115711212,19.7235041680753
11610,11610,2018,"180012214",2018/01/04,14:40:00,COLISIÓN POR MANIOBRA DE REVERSA,ASFALTO,Bueno,Bueno,2,HONDA,BLANCO,2,,24,MASCULINO,SIN DATOS,0,0,Morelia,Chapultepec Norte,enero,jueves,15,-101.177820414305,19.6933344183551
11612,11612,2018,"180012898",2018/01/04,17:45:00,COLISIÓN POR CORTE DE CIRCULACIÓN,ASFALTO,Bueno,Bueno,2,SEAT,GRIS,2,,41,FEMENINO,SIN DATOS,0,0,Morelia,Vasco de Quiroga,enero,jueves,18,-101.174147129059,19.6981122637481
11613,11613,2018,"180013015",2018/01/04,18:36:00,COLISIÓN POR ALCANCE,ASFALTO,Bueno,Regular,2,VOLKWAGEN,NARANJA,2,,56,MASCULINO,SIN DATOS,0,0,Morelia,Real Santa Rita,enero,jueves,19,-101.220265030861,19.6751914489593
11614,11614,2018,"180013181",2018/01/04,19:00:00,COLISIÓN POR NO RESPETAR SEMÁFORO,ASFALTO,Bueno,Regular,2,NISSAN,BLANCO,2,,60,MASCULINO,SIN DATOS,0,0,Morelia,Gertrudis Bocanegra,enero,jueves,19,-101.210780739784,19.7032081382606
11615,11615,2018,"180013179",2018/01/04,19:45:00,COLISIÓN POR CAMBIO DE CARRIL,CONCRETO,Bueno,Bueno,2,FORD,BLANCO/VERDE,2,,25,MASCULINO,ALIENTO ETÍLICO,0,0,Morelia,Lomas del Pedregal,enero,jueves,20,-101.284160614014,19.6906373475189
11616,11616,2018,"180013524",2018/01/04,19:50:00,COLISIÓN POR CAMBIO DE CARRIL,ASFALTO,Bueno,Bueno,2,CHYSLER,ORO,2,MINISTERIO PÚBLICO,31,MASCULINO,SIN DATOS,0,0,Morelia,Nueva Chapultepec,enero,jueves,20,-101.166428402066,19.686327116823
11617,11617,2018,"180013581",2018/01/04,20:35:00,COLISIÓN POR CORTE DE CIRCULACIÓN,CONCRETO,Bueno,Bueno,2,NISSAN,BLANCO/ROSA,2,,55,MASCULINO,SIN DATOS,0,0,Morelia,Centro,enero,jueves,21,-101.194399148226,19.6964468523315
11619,11619,2018,"180014156",2018/01/04,23:50:00,COLISIÓN POR ALCANCE,ASFALTO,Bueno,Bueno,2,NISSAN,BLANCO,2,,40,MASCULINO,SIN DATOS,0,0,Morelia,Morelos,enero,jueves,0,-101.209249198437,19.6981753949999
11620,11620,2018,,2018/01/05,"00:00:00",COLISIÓN POR CORTE DE CIRCULACIÓN,CONCRETO,Bueno,Bueno,2,DODGE,AZUL,2,,38,MASCULINO,SIN DATOS,0,0,Morelia,La Quemada,enero,viernes,0,-101.242192089558,19.7032864185162
11621,11621,2018,"180014502",2018/01/05,"08:50:00",COLISIÓN CONTRA OBJETO FIJO,ASFALTO,Bueno,Bueno,1,CHEVROLET,AZUL,0,,,,,0,0,Morelia,Ventura Puente,enero,viernes,9,-101.180954575539,19.6889655448458
11622,11622,2018,"180014503",2018/01/05,"09:15:00",COLISIÓN POR CORTE DE CIRCULACIÓN,CONCRETO,Bueno,Bueno,2,NISSAN,BLANCO,2,,56,FEMENINO,SIN DATOS,0,0,Morelia,Felipe Carrillo Puerto,enero,viernes,9,-101.176161468029,19.7313133372526
11623,11623,2018,"180014641",2018/01/05,10:01:00,COLISIÓN POR CAMBIO DE CARRIL,ASFALTO,Bueno,Bueno,2,NISSAN,BLANCO/VERDE,2,,34,MASCULINO,SIN DATOS,0,0,Morelia,Morelia 450,enero,viernes,10,-101.217212677002,19.6758481067439
11624,11624,2018,"180014735",2018/01/05,10:15:00,COLISIÓN POR CAMBIO DE CARRIL,ASFALTO,Bueno,Bueno,2,KEENWORTH,BLANCO,2,,33,MASCULINO,SIN DATOS,0,0,Morelia,Tlalpujahua,enero,viernes,10,-101.217631101608,19.6758380043368
11625,11625,2018,,2018/01/05,12:00:00,SALIDA DE SUPERFICIE DE RODAMIENTO,ASFALTO,Bueno,Bueno,1,TOYOTA,ARENA,1,,54,MASCULINO,SIN DATOS,0,0,Morelia,Valle de Las Flores,enero,viernes,12,-101.12722992897,19.6876068766438
11626,11626,2018,"180015272",2018/01/05,13:21:00,COLISIÓN POR ALCANCE,CONCRETO,Bueno,Bueno,2,FORD,NEGRO,2,,63,MASCULINO,SIN DATOS,0,0,Morelia,Juarez,enero,viernes,13,-101.195349991322,19.6957183083027
11627,11627,2018,,2018/01/05,14:10:00,COLISIÓN POR ALCANCE,ASFALTO,Bueno,Bueno,2,NISSAN,NEGRO,2,,38,MASCULINO,SIN DATOS,0,0,Morelia,Felix Ireta,enero,viernes,14,-101.191935539246,19.6825155564645
11628,11628,2018,"180015775",2018/01/05,14:30:00,COLISIÓN POR INVASIÓN DE CARRIL,ASFALTO,Bueno,Bueno,2,INTERNATIONAL,AZUL,2,,41,MASCULINO,SIN DATOS,0,0,Morelia,La Esperanza,enero,viernes,15,-101.251027286053,19.6984228692669
11629,11629,2018,"180015823",2018/01/05,15:00:00,COLISIÓN POR CORTE DE CIRCULACIÓN,CONCRETO,Bueno,Bueno,2,NISSAN,BLANCO,2,,25,MASCULINO,SIN DATOS,0,0,Morelia,Juarez,enero,viernes,15,-101.195390224457,19.6956476002135
11630,11630,2018,"180015996",2018/01/05,15:54:00,COLISIÓN POR CAMBIO DE CARRIL,ASFALTO,Bueno,Bueno,2,FORD,BLANCO,2,,25,MASCULINO,SIN DATOS,0,0,Morelia,Tzindurio de Morelos,enero,viernes,16,-101.250144839287,19.698631201899
11631,11631,2018,,2018/01/05,18:10:00,COLISIÓN POR ALCANCE,ADOQUIN_EMPEDRADO,Bueno,Bueno,2,FORD,AZUL,2,,28,MASCULINO,SIN DATOS,0,0,Cuitzeo,Centro,enero,viernes,18,-101.139911413193,19.9676968752956
11632,11632,2018,"180016966",2018/01/05,20:03:00,COLISIÓN POR CAMBIO DE CARRIL,ASFALTO,Bueno,Bueno,2,INTERNATIONAL,ROJO,2,,47,MASCULINO,SIN DATOS,0,0,Morelia,San Jose Itzicuaro,enero,viernes,20,-101.304416656494,19.6879503328915
11633,11633,2018,"18015835",2018/01/05,20:20:00,COLISIÓN CONTRA OBJETO FIJO,ASFALTO,Bueno,Bueno,1,BMW,GRIS,0,,,,,0,0,Morelia,Lomas de Las Americas Norte,enero,viernes,20,-101.147775650024,19.6947586958558
11634,11634,2018,,2018/01/05,20:30:00,COLISIÓN POR CAMBIO DE CARRIL,ASFALTO,Bueno,Bueno,2,HONDA,BLANCO,2,MINISTERIO PÚBLICO,40,MASCULINO,SIN DATOS,0,0,Morelia,El Lago 1,enero,viernes,21,-101.216933727264,19.7274428850065
11635,11635,2018,"180017123",2018/01/05,20:40:00,COLISIÓN POR ALCANCE,ASFALTO,Bueno,Bueno,2,CHEVROLET,BLANCO,2,,27,MASCULINO,SIN DATOS,0,0,Morelia,Union,enero,viernes,21,-101.158633232117,19.7098491979123
11636,11636,2018,"180017711",2018/01/06,"00:01:00",COLISIÓN POR CAMBIO DE CARRIL,CONCRETO,Bueno,Bueno,2,MAZDA,GRIS,2,,35,FEMENINO,SIN DATOS,0,0,Morelia,Camelinas,enero,sábado,0,-101.172206550837,19.6819214322923
11637,11637,2018,"180017890",2018/01/06,"00:10:00",SUBIDA AL CAMELLÓN,ASFALTO,Bueno,Bueno,1,CHEVROLET,AZUL,1,,27,MASCULINO,CON CERTIFICADO,0,0,Morelia,Tzindurio Norte,enero,sábado,0,-101.246180534363,19.6997890213428
11638,11638,2018,"180017824",2018/01/06,"00:15:00",COLISIÓN POR CAMBIO DE CARRIL,ASFALTO,Bueno,Bueno,2,PEÑA MOTOR,NEGRO,2,,37,MASCULINO,SIN DATOS,0,0,Tarímbaro,Campestre,enero,sábado,0,-101.162796020508,19.7975559754181
11639,11639,2018,"180017755",2018/01/06,"00:40:00",SALIDA DE SUPERFICIE DE RODAMIENTO,ASFALTO,Bueno,Bueno,1,DODGE,AZUL,0,,,,,0,0,Morelia,Tenencia Morelos,enero,sábado,1,-101.247446537018,19.6492563668338
11640,11640,2018,"180017918",2018/01/06,"04:50:00",COLISIÓN POR NO RESPETAR SEMÁFORO,ASFALTO,Bueno,Bueno,2,NISSAN,BLANCO,1,MINISTERIO PÚBLICO,,,,1,0,Morelia,Loma de Los Piñones,enero,sábado,5,-101.205067634583,19.6741913034707
11641,11641,2018,"180017929",2018/01/06,"05:04:00",SUBIDA AL CAMELLÓN,ASFALTO,Bueno,Bueno,1,VOLKSWAGEN,CAFE,1,,61,MASCULINO,SIN DATOS,0,0,Morelia,Centro,enero,sábado,5,-101.195105910301,19.7030616783247
11642,11642,2018,"180017958",2018/01/06,"06:15:00",COLISIÓN POR ALCANCE,ASFALTO,Bueno,Bueno,2,VOLKSWAGEN,ROJO,2,,24,MASCULINO,CON CERTIFICADO,0,0,Morelia,Vasco de Quiroga,enero,sábado,6,-101.178159713745,19.6990466037318
11643,11643,2018,"180018032",2018/01/06,"07:50:00",COLISIÓN CONTRA OBJETO FIJO,CONCRETO,Bueno,Bueno,1,FORD,AZUL,0,,,,,0,0,Morelia,Dieciocho de Mayo,enero,sábado,8,-101.15536428988,19.7049662783188
11644,11644,2018,"180018050",2018/01/06,"08:10:00",COLISIÓN POR CORTE DE CIRCULACIÓN,ASFALTO,Bueno,Regular,2,NISSAN,VERDE,2,,37,MASCULINO,SIN DATOS,0,0,Morelia,Felix Ireta,enero,sábado,8,-101.192042827606,19.6822832106106
11645,11645,2018,"180018091",2018/01/06,"08:20:00",COLISIÓN CONTRA OBJETO FIJO,ASFALTO,Bueno,Regular,1,AUDI,NEGRO,0,,,,,0,0,Morelia,Chapultepec Sur,enero,sábado,8,-101.167302131653,19.6912762644737
11646,11646,2018,"191009611",2018/01/06,"09:20:00",COLISIÓN CONTRA OBJETO FIJO,ASFALTO,Bueno,Bueno,1,FORD,BLANCO,1,,23,MASCULINO,SIN DATOS,0,0,Morelia,Sin datos,enero,sábado,9,-101.27592086792,19.6292086159106
11647,11647,2018,"180078575",2018/01/06,11:00:00,COLISIÓN POR MANIOBRA DE REVERSA,ASFALTO,Bueno,Bueno,2,FIAT,ROJO,2,,19,MASCULINO,SIN DATOS,0,0,Morelia,Morelia 450,enero,sábado,11,-101.216831803322,19.6755551366802
11648,11648,2018,"180018539",2018/01/06,12:00:00,COLISIÓN POR ALCANCE,ASFALTO,Bueno,Bueno,2,VOLKSWAGEN,AZUL,2,,45,FEMENINO,SIN DATOS,0,0,Morelia,Gustavo Diaz Ordaz,enero,sábado,12,-101.206520050764,19.6915559476743
11649,11649,2018,"180018702",2018/01/06,12:45:00,COLISIÓN POR MANIOBRA DE REVERSA,ASFALTO,Bueno,Bueno,2,FORD,NEGRO,2,,42,MASCULINO,SIN DATOS,0,0,Morelia,Isaac Arriaga,enero,sábado,13,-101.1714220047,19.7077483297689
11650,11650,2018,"180018679",2018/01/06,12:55:00,COLISIÓN POR CORTE DE CIRCULACIÓN,ASFALTO,Bueno,Regular,2,NISSAN,BLANCO,1,,56,MASCULINO,SIN DATOS,0,0,Morelia,Centro,enero,sábado,13,-101.198244094849,19.7054454233721
11651,11651,2018,"180018817",2018/01/06,13:00:00,COLISIÓN POR CORTE DE CIRCULACIÓN,ASFALTO,Bueno,Bueno,2,CHEVROLET,NEGRO,2,,29,FEMENINO,SIN DATOS,0,0,Morelia,Lomas del Valle,enero,sábado,13,-101.230646520853,19.6878000708738
11652,11652,2018,"180018736",2018/01/06,13:40:00,SALIDA DE SUPERFICIE DE RODAMIENTO,ASFALTO,Bueno,Bueno,1,DATSUN,VERDE,2,,62,MASCULINO,SIN DATOS,1,0,Morelia,Sin datos,enero,sábado,14,-101.341881752014,19.7303716115806
11653,11653,2018,"180019056",2018/01/06,15:10:00,COLISIÓN POR CAMBIO DE CARRIL,ASFALTO,Bueno,Bueno,2,MAZDA,BLANCO,2,,71,MASCULINO,SIN DATOS,0,0,Morelia,Villas Lomas del Paraiso,enero,sábado,15,-101.17030620575,19.6698067536286
11654,11654,2018,"180019291",2018/01/06,15:10:00,COLISIÓN POR INVASIÓN DE CARRIL,ASFALTO,Bueno,Bueno,2,DODGE,NEGRO,2,,46,MASCULINO,SIN DATOS,0,0,Morelia,Sentimientos de La Nacion,enero,sábado,15,-101.235451698303,19.6814851505458
11655,11655,2018,"180021087",2018/01/06,15:33:00,COLISIÓN POR ALCANCE,ASFALTO,Bueno,Bueno,2,NISSAN,BLANCO/ROJO,2,,38,MASCULINO,SIN DATOS,0,0,Morelia,Centro,enero,sábado,16,-101.189855486155,19.7027813839357
11656,11656,2018,"180019577",2018/01/06,16:40:00,COLISIÓN POR ALCANCE,ASFALTO,Bueno,Bueno,2,NISSAN,BLANCO/ROJO,2,,37,MASCULINO,SIN DATOS,0,0,Morelia,Tierra Y Libertad,enero,sábado,17,-101.227426528931,19.7134347504707
11657,11657,2018,"1800119884",2018/01/06,18:00:00,COLISIÓN POR CORTE DE CIRCULACIÓN,ASFALTO,Bueno,Bueno,2,TOYOTA,ROJO,2,,84,FEMENINO,SIN DATOS,0,0,Morelia,Chapultepec Norte,enero,sábado,18,-101.177494525909,19.6933748235652
11658,11658,2018,"180019896",2018/01/06,18:22:00,COLISIÓN POR ALCANCE,ASFALTO,Bueno,Regular,2,FORD,GRIS,2,,31,MASCULINO,SIN DATOS,0,0,Morelia,Quinceo,enero,sábado,18,-101.224293708801,19.7255846306536
11659,11659,2018,"180019980",2018/01/06,18:50:00,COLISIÓN POR CAMBIO DE CARRIL,ASFALTO,Bueno,Bueno,3,MERCEDEZ BENZ,VERDE,3,,41,MASCULINO,SIN DATOS,0,0,Morelia,La Soledad,enero,sábado,19,-101.183266639709,19.7293415138719
11660,11660,2018,"18002099",2018/01/06,20:30:00,COLISIÓN POR CORTE DE CIRCULACIÓN,ASFALTO,Bueno,Bueno,2,FORD,BLANCO,2,,46,MASCULINO,SIN DATOS,0,0,Morelia,Irrigacion,enero,sábado,21,-101.224915981293,19.7047131325927
11661,11661,2018,"180020940",2018/01/07,"00:50:00",COLISIÓN POR CORTE DE CIRCULACIÓN,ASFALTO,Bueno,Bueno,1,NISSAN,NEGRO,1,,39,MASCULINO,SIN DATOS,0,0,Morelia,Isaac Arriaga,enero,domingo,1,-101.169791221619,19.7102734083234
11662,11662,2018,"180021088",2018/01/07,"03:40:00",COLISIÓN POR ALCANCE,ASFALTO,Bueno,Regular,2,FORD,VERDE,2,,25,MASCULINO,SIN DATOS,0,0,Morelia,Paraiso Escondido,enero,domingo,4,-101.19344830513,19.7410509096057
11663,11663,2018,"180021119",2018/01/07,"04:30:00",SALIDA DE SUPERFICIE DE RODAMIENTO,CONCRETO,Bueno,Bueno,1,HONDA,NEGRO,1,,34,MASCULINO,CON CERTIFICADO,0,0,Morelia,La Aldea,enero,domingo,5,-101.134729385376,19.7426514804386
11664,11664,2018,"180021158",2018/01/07,"05:15:00",VOLCADURA,ASFALTO,Bueno,Bueno,1,RENOULT,PLATA,1,,20,MASCULINO,SIN DATOS,0,0,Morelia,San Jose Itzicuaro,enero,domingo,5,-101.304352283478,19.6879705361772
11665,11665,2018,"180021256",2018/01/07,"08:30:00",COLISIÓN POR ALCANCE,CONCRETO,Bueno,Bueno,1,VOLKWAGEN,BLANCO,1,,28,MASCULINO,SIN DATOS,0,0,Morelia,La Soledad,enero,domingo,9,-101.183352470398,19.7280942788353
11666,11666,2018,"180021370",2018/01/07,"09:20:00",COLISIÓN CONTRA OBJETO FIJO,ASFALTO,Bueno,Bueno,1,CHYSLER,BLANCO,1,,31,MASCULINO,CON CERTIFICADO,0,0,Morelia,Pascual Ortiz de Ayala,enero,domingo,9,-101.149470806122,19.694980922408
11667,11667,2018,"180021388",2018/01/07,"09:21:00",COLISIÓN POR ALCANCE,ASFALTO,Bueno,Bueno,3,VOLKWAGEN,NEGRO,3,MINISTERIO PÚBLICO,31,MASCULINO,SIN DATOS,0,0,Morelia,Reforma,enero,domingo,9,-101.23774766922,19.7069402962123
11668,11668,2018,"180024736",2018/01/07,10:00:00,COLISIÓN POR NO RESPETAR SEMÁFORO,ASFALTO,Bueno,Bueno,2,VOLKWAGEN,BLANCO,2,,16,FEMENINO,SIN DATOS,0,0,Morelia,Indeco El Vivero,enero,domingo,10,-101.230087280273,19.6771614142399
11669,11669,2018,,2018/01/07,10:10:00,COLISIÓN POR INVASIÓN DE CARRIL,ASFALTO,Bueno,Bueno,2,DODGE,BLANCO,2,MINISTERIO PÚBLICO,24,MASCULINO,SIN DATOS,1,0,Hidalgo,Sin datos,enero,domingo,10,-100.598330497742,19.6992435720051
11670,11670,2018,"12198",2018/01/07,10:10:00,COLISIÓN POR INVASIÓN DE CARRIL,ASFALTO,Bueno,Bueno,2,DODGE,BLANCO,1,MINISTERIO PÚBLICO,24,MASCULINO,SIN DATOS,0,0,Zitácuaro,Centro,enero,domingo,10,-100.35843372345,19.4371331262906
11671,11671,2018,"180024075",2018/01/07,11:15:00,COLISIÓN POR CORTE DE CIRCULACIÓN,ASFALTO,Bueno,Bueno,1,VOLKWAGEN,ARENA,1,,40,MASCULINO,SIN DATOS,0,0,Morelia,Centro,enero,domingo,11,-101.189813911915,19.702037717614
11672,11672,2018,"180022280",2018/01/07,14:37:00,COLISIÓN POR ALCANCE,ASFALTO,Bueno,Bueno,2,GMC,BLANCO,2,,41,MASCULINO,SIN DATOS,0,0,Morelia,Chapultepec Oriente,enero,domingo,15,-101.159534454346,19.6912838405488
11673,11673,2018,LEG12204,2018/01/07,14:50:00,COLISIÓN POR ALCANCE,CONCRETO,Bueno,Bueno,2,VOLKWAGEN,GRIS,2,,42,MASCULINO,SIN DATOS,0,0,Morelia,Chapultepec Norte,enero,domingo,15,-101.165896654129,19.6956880048397
11674,11674,2018,"180022799",2018/01/07,16:40:00,COLISIÓN POR ALCANCE,ASFALTO,Bueno,Bueno,2,GM,ROJO,2,,39,FEMENINO,SIN DATOS,0,0,Morelia,Lomas del Tecnologico,enero,domingo,17,-101.18843793869,19.7213832802876
11675,11675,2018,,2018/01/07,18:50:00,COLISIÓN CON PEATÓN,ASFALTO,Bueno,Bueno,1,ITALIKA,GRIS,2,,,,SIN DATOS,1,0,Apatzingán,Sin datos,enero,domingo,19,-102.323312759399,19.0564390945867
11676,11676,2018,"180023305",2018/01/07,19:35:00,COLISIÓN POR CORTE DE CIRCULACIÓN,ASFALTO,Bueno,Bueno,1,DINAMO,NEGRO,1,,22,MASCULINO,SIN DATOS,0,0,Morelia,San Jose Itzicuaro,enero,domingo,20,-101.304459571838,19.6878897230189
11677,11677,2018,,2018/01/07,19:35:00,COLISIÓN POR INVASIÓN DE CARRIL,ASFALTO,Bueno,Bueno,2,FORD,NEGRO,1,MINISTERIO PÚBLICO,,,,1,0,Zitácuaro,Sin datos,enero,domingo,20,-100.343885421753,19.3881981604602
11678,11678,2018,"12187",2018/01/07,19:35:00,COLISIÓN POR INVASIÓN DE CARRIL,ASFALTO,Bueno,Bueno,2,FORD,NEGRO,1,,,,,1,0,Zitácuaro,Sin datos,enero,domingo,20,-100.289919376373,19.4518431150192
11679,11679,2018,"180023489",2018/01/07,20:30:00,COLISIÓN POR CAMBIO DE CARRIL,CONCRETO,Bueno,Bueno,2,CHEVROLET,NEGRO,2,,38,MASCULINO,SIN DATOS,0,0,Morelia,Hacienda del Quinceo,enero,domingo,21,-101.233611702919,19.7268722820288
11680,11680,2018,"180023737",2018/01/07,21:40:00,COLISIÓN CONTRA OBJETO FIJO,ADOQUIN_EMPEDRADO,Bueno,Bueno,3,DODGE,BLANCO,3,,0,,SIN DATOS,0,0,Morelia,El Lago 1,enero,domingo,22,-101.219294071197,19.727624669598
11681,11681,2018,,2018/01/07,23:30:00,COLISIÓN POR ALCANCE,ADOQUIN_EMPEDRADO,Bueno,Bueno,2,CHEVROLET,GRIS,2,,23,MASCULINO,SIN DATOS,0,0,Cuitzeo,Centro,enero,domingo,0,-101.142486333847,19.9683573677452
11682,11682,2018,"180024117",2018/01/08,"00:15:00",COLISIÓN POR ALCANCE,ASFALTO,Bueno,Bueno,2,NISSAN,GRIS,2,,49,MASCULINO,SIN DATOS,0,0,Morelia,Cosmos,enero,lunes,0,-101.216408014297,19.6831822861738
11684,11684,2018,"180024385",2018/01/08,"07:50:00",COLISIÓN POR INVASIÓN DE CARRIL,ASFALTO,Bueno,Bueno,2,VOLKSWAGEN,VERDE,2,,43,MASCULINO,SIN DATOS,0,0,Morelia,Mision del Valle,enero,lunes,8,-101.122841835022,19.7655727211364
11685,11685,2018,"180024469",2018/01/08,"07:50:00",COLISIÓN CON PEATÓN,ASFALTO,Bueno,Bueno,1,CHEVROLET,AZUL,2,,54,MASCULINO,SIN DATOS,1,0,Morelia,Melchor Ocampo,enero,lunes,8,-101.200250387192,19.7059706505565
11686,11686,2018,"180024760",2018/01/08,"09:55:00",COLISIÓN POR CAMBIO DE CARRIL,ASFALTO,Bueno,Bueno,2,KENWORTH,BLANCO,2,,64,MASCULINO,SIN DATOS,0,0,Morelia,Tzindurio Norte,enero,lunes,10,-101.24392747879,19.7002536619049
11687,11687,2018,"180024799",2018/01/08,10:45:00,COLISIÓN POR ALCANCE,ASFALTO,Bueno,Regular,2,YAMAHA,BLANCO,2,,19,MASCULINO,SIN DATOS,0,0,Morelia,Villas del Pedregal,enero,lunes,11,-101.305779218674,19.672802202159
11688,11688,2018,,2018/01/08,12:30:00,COLISIÓN POR MANIOBRA DE REVERSA,ASFALTO,Bueno,Bueno,3,CHEVROLET,BLANCO,3,,35,MASCULINO,SIN DATOS,0,0,Morelia,Chapultepec Norte,enero,lunes,13,-101.171400547028,19.6942687862304
11689,11689,2018,"180025209",2018/01/08,13:20:00,COLISIÓN POR ALCANCE,ASFALTO,Bueno,Bueno,2,CHRYSLER,NEGRO,2,,45,MASCULINO,SIN DATOS,0,0,Morelia,Libertad,enero,lunes,13,-101.236916184425,19.6848288946251
11690,11690,2018,"180026017",2018/01/08,17:10:00,COLISIÓN POR CAMBIO DE CARRIL,ASFALTO,Bueno,Regular,2,NISSAN,GRIS,2,,20,MASCULINO,SIN DATOS,0,0,Morelia,Avicola Benito Juarez,enero,lunes,17,-101.280105113983,19.6914252605511