fid,id_accidente,anio_origen,folio_c5i,dia_incidente,hora_ocurrencia,tipo_incidente_vial,superficie_ocurrencia,condiciones_climaticas,condiciones_via,numero_vehiculos_involucrados,marca_vehiculo_ocasiona_siniestro,color_vehiculo_ocasiona_siniestro,numero_personas_involucradas,lugar_remite_presunto_responsable,edad_presunto_responsable,sexo_presunto_responsable,resultados_toxicologia,numero_personas_lesionadas,numero_personas_fallecidas,municipio,colonia,mes,dia_semana,hora_redondeada,lon,lat
11691,11691,2018,"180026353",2018/01/08,17:55:00,COLISIÓN POR INVASIÓN DE CARRIL,CONCRETO,Bueno,Bueno,2,HONDA,AZUL,2,,26,FEMENINO,SIN DATOS,0,0,Morelia,Reforma,enero,lunes,18,-101.239281892776,19.7066271821119
11692,11692,2018,"180026504",2018/01/08,19:15:00,COLISIÓN CON PEATÓN,ASFALTO,Bueno,Regular,1,CHEVROLET,GRIS,1,,,,,1,0,Morelia,Juarez,enero,lunes,19,-101.195411682129,19.6924556025115
11693,11693,2018,"180026958",2018/01/08,21:50:00,COLISIÓN POR CORTE DE CIRCULACIÓN,CONCRETO,Bueno,Regular,2,VOLKSWAGEN,PLATA,2,,54,FEMENINO,SIN DATOS,0,0,Morelia,Nueva Valladolid,enero,lunes,22,-101.20793223381,19.7011273845252
11694,11694,2018,"180027140",2018/01/08,22:10:00,COLISIÓN POR ALCANCE,ASFALTO,Bueno,Regular,2,NISSAN,BLANCO,2,,23,MASCULINO,SIN DATOS,0,0,Morelia,Alberto Oviedo Mota,enero,lunes,22,-101.199531555176,19.6812831093924
11695,11695,2018,"180027731",2018/01/09,"08:55:00",COLISIÓN POR CORTE DE CIRCULACIÓN,ASFALTO,Bueno,Bueno,3,NISSAN,BLANCO,3,MINISTERIO PÚBLICO,65,MASCULINO,SIN DATOS,0,0,Morelia,Independencia,enero,martes,9,-101.177033185959,19.7052636135604
11696,11696,2018,"180027812",2018/01/09,"09:20:00",COLISIÓN POR ALCANCE,ASFALTO,Bueno,Bueno,2,RENAULT,CAFE,2,,33,MASCULINO,SIN DATOS,0,0,Morelia,Nueva Jacarndas,enero,martes,9,-101.192042827606,19.6822529046049
11697,11697,2018,,2018/01/09,"09:30:00",COLISIÓN POR ALCANCE,ASFALTO,Bueno,Bueno,2,VOLKSWAGEN,GRIS,2,,45,FEMENINO,SIN DATOS,0,0,Morelia,Lomas de Guayangareo,enero,martes,10,-101.155822277069,19.7010819308649
11698,11698,2018,"180028115",2018/01/09,11:40:00,COLISIÓN POR INVASIÓN DE CARRIL,CONCRETO,Bueno,Bueno,2,NISSAN,BLANCO Y CAFE,2,,44,MASCULINO,CON CERTIFICADO,0,0,Morelia,Ilustres Novohispanos,enero,martes,12,-101.151174008846,19.7078619591605
11699,11699,2018,"180028345",2018/01/09,12:38:00,COLISIÓN POR ALCANCE,CONCRETO,Bueno,Bueno,2,TOYOTA,GUINDA,2,,69,FEMENINO,SIN DATOS,0,0,Morelia,Las Americas,enero,martes,13,-101.158890724182,19.6881321623714
11700,11700,2018,"180028859",2018/01/09,14:25:00,COLISIÓN POR ALCANCE,CONCRETO,Bueno,Bueno,2,NISSAN,BLANCO,2,,64,MASCULINO,SIN DATOS,0,0,Morelia,Arcos del Valle,enero,martes,14,-101.236288547516,19.707707928188
11702,11702,2018,,2018/01/09,17:30:00,COLISIÓN POR CORTE DE CIRCULACIÓN,SIN_DATOS,Bueno,Bueno,2,NISSAN,BLANCO,2,MINISTERIO PÚBLICO,30,FEMENINO,SIN DATOS,0,0,Lázaro Cárdenas,Sin datos,enero,martes,18,-102.193450927734,17.9219027471257
11703,11703,2018,,2018/01/09,17:40:00,COLISIÓN POR MANIOBRA DE REVERSA,ASFALTO,Bueno,Bueno,2,FIAT,ROJO,2,,0,FEMENINO,SIN DATOS,0,0,Morelia,Morelia 450,enero,martes,18,-101.214745044708,19.6744640710412
11704,11704,2018,"180029882",2018/01/09,19:05:00,COLISIÓN POR CORTE DE CIRCULACIÓN,ASFALTO,Bueno,Bueno,2,NISSAN,ROSA/BLANCO,2,,48,MASCULINO,SIN DATOS,0,0,Morelia,El Porvenir,enero,martes,19,-101.206773519516,19.708021040173
11705,11705,2018,"18013003",2018/01/09,20:30:00,SALIDA DE SUPERFICIE DE RODAMIENTO,ASFALTO,Bueno,Bueno,1,BMW,NEGRO,1,,28,MASCULINO,SIN DATOS,0,0,Morelia,Sin datos,enero,martes,21,-101.355142593384,19.6792020706821
11706,11706,2018,"180030229",2018/01/09,21:10:00,SUBIDA AL CAMELLÓN,CONCRETO,Bueno,Bueno,1,CHEVROLET,BLANCO Y ROJO,1,,63,MASCULINO,ALIENTO ETÍLICO,0,0,Morelia,Montaña Monarca,enero,martes,21,-101.164834499359,19.6657453815664
11707,11707,2018,"180030267",2018/01/09,21:37:00,COLISIÓN CONTRA OBJETO FIJO,CONCRETO,Bueno,Bueno,1,CHEVROLET,BLANCO,1,,,MASCULINO,ALIENTO ETÍLICO,0,0,Morelia,Chapultepec Oriente,enero,martes,22,-101.163286864758,19.6906045177251
11708,11708,2018,"180030417",2018/01/09,23:20:00,COLISIÓN POR MANIOBRA DE REVERSA,ASFALTO,Bueno,Bueno,2,VOLKWAGEN,AZUL,2,,32,MASCULINO,SIN DATOS,0,0,Morelia,Lomas de Guayangareo,enero,martes,23,-101.161194741726,19.7015301538954
11709,11709,2018,"18003045",2018/01/09,23:30:00,COLISIÓN POR CORTE DE CIRCULACIÓN,ASFALTO,Bueno,Bueno,2,FORD,GRIS,2,,53,MASCULINO,SIN DATOS,0,0,Morelia,Nicolaitas Ilustres,enero,martes,0,-101.225925832987,19.7227858467324
11710,11710,2018,,2018/01/10,"00:15:00",COLISIÓN POR CAMBIO DE CARRIL,ASFALTO,Bueno,Bueno,2,FORD,BLANCO,2,,25,MASCULINO,SIN DATOS,0,0,Morelia,Eduardo Ruiz,enero,miércoles,0,-101.224119365215,19.7250443189469
11711,11711,2018,,2018/01/10,"05:00:00",COLISIÓN POR NO RESPETAR SEMÁFORO,ASFALTO,Bueno,Bueno,2,VOLKSWAGEN,BLANCO,2,,32,MASCULINO,ALIENTO ETÍLICO,0,0,Tuxpan,Tuxpan,enero,miércoles,5,-100.464853048325,19.5663714189964
11712,11712,2018,"12644",2018/01/10,"05:00:00",COLISIÓN POR NO RESPETAR SEMÁFORO,ASFALTO,Bueno,Bueno,2,VOLKSWAGEN,BLANCO,2,,32,MASCULINO,SIN DATOS,0,0,Tuxpan,Tuxpan,enero,miércoles,5,-100.462441,19.566022
11713,11713,2018,"180030816",2018/01/10,"08:00:00",COLISIÓN CONTRA OBJETO FIJO,ASFALTO,Bueno,Bueno,2,SIN DATOS,BLANCO Y ROSA,1,,36,FEMENINO,SIN DATOS,0,0,Morelia,Centro,enero,miércoles,8,-101.196059435606,19.7007044124652
11714,11714,2018,,2018/01/10,"08:09:00",COLISIÓN POR INVASIÓN DE CARRIL,ASFALTO,Bueno,Bueno,2,VOLKWAGEN,BLANCO,2,,38,MASCULINO,SIN DATOS,0,0,Acuitzio,Sin datos,enero,miércoles,8,-101.324758529663,19.4479785841137
11715,11715,2018,"180030950",2018/01/10,"08:35:00",COLISIÓN POR CAMBIO DE CARRIL,ASFALTO,Bueno,Bueno,2,FREIGHTLINER,BLANCO,2,,36,MASCULINO,SIN DATOS,0,0,Morelia,Francisco J Mujica,enero,miércoles,9,-101.188459396362,19.7215650717722
11716,11716,2018,"180030915",2018/01/10,"08:40:00",COLISIÓN POR ALCANCE,ASFALTO,Bueno,Bueno,3,AUDI,BLANCO,3,,80,MASCULINO,SIN DATOS,0,0,Morelia,Lomas de Hidalgo,enero,miércoles,9,-101.161841154099,19.6958218450913
11717,11717,2018,"180031264",2018/01/10,10:25:00,SALIDA DE SUPERFICIE DE RODAMIENTO,ASFALTO,Bueno,Bueno,1,KENWORTH,AZUL,1,,44,MASCULINO,SIN DATOS,0,0,Morelia,Tzindurio Norte,enero,miércoles,10,-101.243841648102,19.7004152756971
11718,11718,2018,"180031660",2018/01/10,12:30:00,COLISIÓN POR CORTE DE CIRCULACIÓN,CONCRETO,Bueno,Bueno,2,TOYOTA,NEGRO,2,MINISTERIO PÚBLICO,16,MASCULINO,SIN DATOS,0,0,Morelia,Nueva Chapultepec,enero,miércoles,13,-101.172607541084,19.6888746306048
11719,11719,2018,"180032035",2018/01/10,14:15:00,COLISIÓN POR CORTE DE CIRCULACIÓN,CONCRETO,Bueno,Bueno,2,ITALIKA,VERDE Y NEGRO,3,,24,MASCULINO,SIN DATOS,1,0,Morelia,Tierra Y Libertad,enero,miércoles,14,-101.223108172417,19.7155708935662
11722,11722,2018,"180032739",2018/01/10,17:15:00,COLISIÓN POR CAMBIO DE CARRIL,CONCRETO,Bueno,Bueno,2,DODGE,BLANCO,2,,28,FEMENINO,SIN DATOS,0,0,Morelia,Centro,enero,miércoles,17,-101.188668077245,19.7104293072089
11724,11724,2018,"180033004",2018/01/10,18:30:00,COLISIÓN POR CORTE DE CIRCULACIÓN,ASFALTO,Bueno,Regular,1,FORD,BLANCO,1,,24,MASCULINO,SIN DATOS,0,0,Tarímbaro,Sin datos,enero,miércoles,19,-101.127498149872,19.7777893052827
11725,11725,2018,"180033103",2018/01/10,18:30:00,COLISIÓN POR CORTE DE CIRCULACIÓN,CONCRETO,Bueno,Bueno,1,ITALIKA,ROJO,2,,35,MASCULINO,SIN DATOS,1,0,Morelia,Poblado de Ocolusen,enero,miércoles,19,-101.150818955877,19.6935556647298
11726,11726,2018,"180031921",2018/01/10,19:00:00,COLISIÓN POR ALCANCE,ASFALTO,Bueno,Bueno,2,HONDA,ROJO,2,,19,MASCULINO,SIN DATOS,0,0,Morelia,Isaac Arriaga,enero,miércoles,19,-101.168546676636,19.7091118771395
11727,11727,2018,"180033611",2018/01/10,20:00:00,COLISIÓN POR ALCANCE,CONCRETO,Bueno,Bueno,3,CHEVROLET,BLANCO,3,,25,MASCULINO,SIN DATOS,0,0,Morelia,Felix Ireta,enero,miércoles,20,-101.190798282623,19.6878594180741
11728,11728,2018,"180033614",2018/01/10,20:30:00,COLISIÓN POR ALCANCE,ASFALTO,Bueno,Bueno,4,HONDA,ROJO,4,,45,FEMENINO,SIN DATOS,0,0,Morelia,Indeco El Vivero,enero,miércoles,21,-101.229979991913,19.6771614142399
11729,11729,2018,"180033212",2018/01/10,22:10:00,CAIDA DE MOTOCICLETA,ASFALTO,Bueno,Bueno,1,YAMAHA,NEGRO,1,,21,MASCULINO,SIN DATOS,0,0,Morelia,Centenario (Los Alamos Poniente),enero,miércoles,22,-101.175103445,19.7346774949991
11730,11730,2018,"180033993",2018/01/10,22:40:00,COLISIÓN POR CORTE DE CIRCULACIÓN,ASFALTO,Bueno,Bueno,2,YAMAHA,ROJO/BLANCO Y NEGRO,2,,24,MASCULINO,SIN DATOS,0,0,Morelia,Centro,enero,miércoles,23,-101.185557246208,19.7029505706978
11731,11731,2018,"180034134",2018/01/11,"00:15:00",COLISIÓN POR INVASIÓN DE CARRIL,ASFALTO,Bueno,Regular,4,NISSAN,BLANCO Y ROJO,2,,65,MASCULINO,SIN DATOS,0,0,Morelia,Ampliacion La Soledad,enero,jueves,0,-101.183137893677,19.7315632849571
11732,11732,2018,"180034350",2018/01/11,"07:50:00",VOLCADURA,CONCRETO,Bueno,Bueno,1,CHEVROLET,GRIS,1,,32,MASCULINO,SIN DATOS,0,0,Morelia,La Loma,enero,jueves,8,-101.18811070919,19.6784696598503
11733,11733,2018,"180034430",2018/01/11,"08:30:00",COLISIÓN POR NO RESPETAR SEMÁFORO,ASFALTO,Bueno,Bueno,2,VOLKWAGEN,GRIS,2,,29,MASCULINO,SIN DATOS,0,0,Morelia,Cinco de Diciembre,enero,jueves,9,-101.166250705719,19.6843945148984
11734,11734,2018,"180034464",2018/01/11,"08:30:00",COLISIÓN POR ALCANCE,ASFALTO,Bueno,Bueno,2,CHEVROLET,GRIS,2,,53,MASCULINO,SIN DATOS,0,0,Morelia,Enrique Arreguin Robles,enero,jueves,9,-101.186678409576,19.7206359131231
11735,11735,2018,"180034531",2018/01/11,"08:40:00",COLISIÓN POR CORTE DE CIRCULACIÓN,ASFALTO,Bueno,Bueno,2,SIN DATOS,SIN DATOS,1,,33,FEMENINO,SIN DATOS,0,0,Morelia,Ignacio Elizondo,enero,jueves,9,-101.194424629211,19.6704735362229
11736,11736,2018,"180034661",2018/01/11,"09:30:00",COLISIÓN POR ALCANCE,ASFALTO,Bueno,Bueno,3,BMW,GRIS,3,,54,FEMENINO,SIN DATOS,0,0,Morelia,Felix Ireta,enero,jueves,10,-101.182252764702,19.6813816044865
11737,11737,2018,,2018/01/11,11:04:00,COLISIÓN POR CORTE DE CIRCULACIÓN,ASFALTO,Bueno,Bueno,1,FORD,BLANCO/AMARILLO,1,,49,MASCULINO,SIN DATOS,0,0,Morelia,Poblado de Ocolusen,enero,jueves,11,-101.154339015484,19.6950945608666
11738,11738,2018,LEG12275,2018/01/11,11:05:00,COLISIÓN CON PEATÓN,CONCRETO,Bueno,Bueno,1,FORD,GRIS,1,,61,MASCULINO,SIN DATOS,0,0,Morelia,Centro,enero,jueves,11,-101.184006929398,19.7030010741741
11739,11739,2018,"180035280",2018/01/11,12:40:00,COLISIÓN POR ALCANCE,ASFALTO,Bueno,Bueno,2,NISSAN,VERDE,2,,36,MASCULINO,SIN DATOS,0,0,Morelia,Pascual Ortiz de Ayala,enero,jueves,13,-101.150876283646,19.6949405176033
11740,11740,2018,"180035605",2018/01/11,13:40:00,COLISIÓN POR CORTE DE CIRCULACIÓN,ASFALTO,Bueno,Bueno,1,CHEVROLET,BLANCO,1,,61,MASCULINO,SIN DATOS,0,0,Morelia,Arcos del Valle,enero,jueves,14,-101.236283183098,19.7076725767964
11741,11741,2018,,2018/01/11,15:45:00,COLISIÓN CONTRA OBJETO FIJO,ADOQUIN_EMPEDRADO,Bueno,Bueno,1,CHEVROLET,VERDE/BLANCO,1,,43,MASCULINO,SIN DATOS,0,0,Cuitzeo,Centro,enero,jueves,16,-101.140742897987,19.969219533116
11742,11742,2018,"180036115",2018/01/11,16:00:00,COLISIÓN POR ALCANCE,CONCRETO,Bueno,Bueno,2,CHEVROLET,ROJO,2,,27,FEMENINO,SIN DATOS,0,0,Morelia,Alberto Oviedo Mota,enero,jueves,16,-101.197820305824,19.681197241825
11743,11743,2018,"180036270",2018/01/11,16:25:00,COLISIÓN POR MANIOBRA DE REVERSA,ASFALTO,Bueno,Bueno,2,FORD,ARENA,2,MINISTERIO PÚBLICO,39,FEMENINO,SIN DATOS,0,0,Morelia,Cinco de Diciembre,enero,jueves,16,-101.158601045609,19.6858087701473
11744,11744,2018,,2018/01/11,16:50:00,COLISIÓN POR CAMBIO DE CARRIL,ASFALTO,Bueno,Bueno,2,NISSAN,BLANCO,0,MINISTERIO PÚBLICO,,,,0,0,Morelia,La Colina,enero,jueves,17,-101.215517520905,19.7060565048361
11745,11745,2018,"180036647",2018/01/11,17:53:00,COLISIÓN POR ALCANCE,ASFALTO,Bueno,Bueno,2,SEAT,GRIS,2,,31,FEMENINO,SIN DATOS,0,0,Morelia,Cuauhtemoc,enero,jueves,18,-101.178776621819,19.6966450864414
11746,11746,2018,"180036884",2018/01/11,18:34:00,COLISIÓN CON PEATÓN,ASFALTO,Bueno,Bueno,1,BAJAJ,NEGRO/BLANCO,2,MINISTERIO PÚBLICO,,,,2,0,Morelia,Centro,enero,jueves,19,-101.189573854208,19.7046992442869
11747,11747,2018,"180036912",2018/01/11,18:55:00,COLISIÓN CONTRA OBJETO FIJO,CONCRETO,Bueno,Bueno,2,VOLKSWAGEN,ROJO,2,,33,FEMENINO,CON CERTIFICADO,0,0,Morelia,Xangari,enero,jueves,19,-101.218299306885,19.6729397639029
11748,11748,2018,,2018/01/11,21:30:00,SALIDA DE SUPERFICIE DE RODAMIENTO,ASFALTO,Bueno,Bueno,1,FORD,NEGRO,1,,0,MASCULINO,SIN DATOS,0,0,Cuitzeo,Sin datos,enero,jueves,22,-101.160950660706,19.9670968835734
11749,11749,2018,"180037908",2018/01/12,"00:30:00",SUBIDA AL CAMELLÓN,ASFALTO,Bueno,Bueno,1,RENAULT,NEGRO,1,,31,MASCULINO,CON CERTIFICADO,0,0,Morelia,Elias Perez Avalos,enero,viernes,1,-101.171035766602,19.7145760503323
11750,11750,2018,"180037989",2018/01/12,"01:43:00",SUBIDA AL CAMELLÓN,ASFALTO,Bueno,Bueno,1,CHEVROLET,ROJO,1,,35,MASCULINO,CON CERTIFICADO,0,0,Morelia,Arcos del Valle,enero,viernes,2,-101.236245632172,19.7077180285842
11751,11751,2018,"180038188",2018/01/12,"08:30:00",COLISIÓN CON PEATÓN,ASFALTO,Bueno,Bueno,1,NISSAN,BLANCO,0,,,,,0,0,Morelia,El Realito,enero,viernes,9,-101.203951835632,19.7257462188465
11752,11752,2018,"180031207",2018/01/12,"08:35:00",COLISIÓN POR ALCANCE,ASFALTO,Bueno,Bueno,2,SEAT,VERDE,2,,25,MASCULINO,SIN DATOS,0,0,Morelia,Centro,enero,viernes,9,-101.187438815832,19.7063633072529
11753,11753,2018,"180038260",2018/01/12,"09:35:00",COLISIÓN POR CAMBIO DE CARRIL,ASFALTO,Bueno,Regular,2,FREIGHTLINER,AZUL/BLANCO,2,,56,MASCULINO,SIN DATOS,0,0,Morelia,Sin datos,enero,viernes,10,-101.286628246307,19.5933356952773
11754,11754,2018,"180038467",2018/01/12,10:40:00,COLISIÓN POR MANIOBRA DE REVERSA,CONCRETO,Bueno,Bueno,2,INTERNATIONAL,BLANCO,2,,19,MASCULINO,SIN DATOS,0,0,Morelia,El Durazno,enero,viernes,11,-101.180933117867,19.6563290685008
11755,11755,2018,"180038681",2018/01/12,12:15:00,COLISIÓN POR ALCANCE,CONCRETO,Bueno,Bueno,2,CHEVROLET,BLANCO,2,,44,FEMENINO,SIN DATOS,0,0,Morelia,Centro,enero,viernes,12,-101.197990626097,19.7048987307453
11756,11756,2018,"180039117",2018/01/12,12:35:00,COLISIÓN POR CORTE DE CIRCULACIÓN,ASFALTO,Bueno,Bueno,2,NISSAN,PLATA,2,,54,MASCULINO,SIN DATOS,0,0,Morelia,Felicitas del Rio,enero,viernes,13,-101.200325489044,19.6920035660463
11757,11757,2018,,2018/01/12,14:50:00,COLISIÓN POR CAMBIO DE CARRIL,ASFALTO,Bueno,Bueno,2,CHEVROLET,CUARZO,2,,40,MASCULINO,SIN DATOS,0,0,Morelia,Primo Tapia,enero,viernes,15,-101.215640902519,19.7136418010505
11758,11758,2018,"180039644",2018/01/12,15:50:00,COLISIÓN POR CORTE DE CIRCULACIÓN,ASFALTO,Bueno,Regular,2,CHEVROLET,ROJO,2,,,MASCULINO,SIN DATOS,0,0,Morelia,Tres Puentes,enero,viernes,16,-101.213564872742,19.7026172473538
11759,11759,2018,"180039520",2018/01/12,16:25:00,COLISIÓN POR CORTE DE CIRCULACIÓN,ASFALTO,Bueno,Bueno,2,NAVISTAR,BLANCO/AZUL,2,MINISTERIO PÚBLICO,42,MASCULINO,CON CERTIFICADO,0,0,Morelia,Montaña Monarca,enero,viernes,16,-101.161980628967,19.6636843474341
11760,11760,2018,"180039699",2018/01/12,16:40:00,SALIDA DE SUPERFICIE DE RODAMIENTO,ASFALTO,Bueno,Bueno,2,INTERNATIONAL,BLANCO,2,,,MASCULINO,SIN DATOS,0,0,Morelia,Country Club  Las Huertas,enero,viernes,17,-101.226675510406,19.6617344231064
11761,11761,2018,"180039794",2018/01/12,16:50:00,COLISIÓN POR CAMBIO DE CARRIL,ASFALTO,Bueno,Bueno,2,FORD,BLANCO,2,,57,MASCULINO,SIN DATOS,0,0,Morelia,Jardines del Toreo,enero,viernes,17,-101.214165687561,19.688111959106
11762,11762,2018,"180039716",2018/01/12,16:53:00,COLISIÓN POR CORTE DE CIRCULACIÓN,ASFALTO,Bueno,Bueno,1,FIAT,ROJO,1,,30,MASCULINO,SIN DATOS,0,0,Morelia,Nueva Chapultepec,enero,viernes,17,-101.173160076141,19.6865158930884
11763,11763,2018,"180040105",2018/01/12,17:25:00,COLISIÓN POR ALCANCE,ASFALTO,Bueno,Bueno,3,CHEVROLET,ROJO,3,,24,MASCULINO,SIN DATOS,0,0,Morelia,Francisco J Mujica,enero,viernes,17,-101.188180446625,19.7215650717722
11764,11764,2018,"180040217",2018/01/12,18:00:00,COLISIÓN POR ALCANCE,ASFALTO,Bueno,Bueno,2,NISSAN,ROJO,2,,23,FEMENINO,SIN DATOS,0,0,Morelia,Alberto Oviedo Mota,enero,viernes,18,-101.195797920227,19.6827378000093
11765,11765,2018,,2018/01/12,18:50:00,COLISIÓN POR NO RESPETAR SEMÁFORO,ASFALTO,Bueno,Bueno,2,TOYOTA,GRIS,2,,,FEMENINO,SIN DATOS,0,0,Morelia,Francisco J Mujica,enero,viernes,19,-101.18833065033,19.7215852708133
11766,11766,2018,"180040286",2018/01/12,18:50:00,COLISIÓN POR ALCANCE,CONCRETO,Bueno,Bueno,2,CHEVROLET,BLANCO,2,,51,MASCULINO,SIN DATOS,0,0,Morelia,Chapultepec Oriente,enero,viernes,19,-101.159381568432,19.6939935270717
11767,11767,2018,,2018/01/12,19:30:00,COLISIÓN POR CORTE DE CIRCULACIÓN,ASFALTO,Bueno,Bueno,2,NISSAN,Blanco/Rojo,3,,67,MASCULINO,ALIENTO ETÍLICO,1,0,Apatzingán,Buenos Aires,enero,viernes,20,-102.359833717346,19.0981939293742
11768,11768,2018,"180040428",2018/01/12,19:40:00,COLISIÓN POR ALCANCE,ASFALTO,Bueno,Bueno,2,JEEP,BLANCO,2,,57,MASCULINO,SIN DATOS,0,0,Morelia,Bosques de Oriente,enero,viernes,20,-101.155028343201,19.716373833591
11769,11769,2018,,2018/01/12,19:40:00,COLISIÓN POR ALCANCE,ASFALTO,Bueno,Bueno,3,TOYOTA,GRIS,3,MINISTERIO PÚBLICO,,,,3,0,Tacámbaro,Sin datos,enero,viernes,20,-101.454620361328,19.2184513399849
11770,11770,2018,"180040612",2018/01/12,20:35:00,SALIDA DE SUPERFICIE DE RODAMIENTO,CONCRETO,Bueno,Bueno,1,DODGE,VERDE,1,,35,MASCULINO,SIN DATOS,0,0,Morelia,Loma Real,enero,viernes,21,-101.199284791946,19.7314774443754
11771,11771,2018,"1804041257",2018/01/13,"01:30:00",COLISIÓN POR MANIOBRA DE REVERSA,ASFALTO,Bueno,Regular,1,FORD,BLANCO,0,,,,,0,0,Morelia,Cuauhtemoc,enero,sábado,2,-101.178985834122,19.694879910377
11772,11772,2018,"180041307",2018/01/13,"02:45:00",COLISIÓN CONTRA OBJETO FIJO,CONCRETO,Bueno,Bueno,1,VOLKSWAGEN,NEGRO,1,,56,MASCULINO,SIN DATOS,0,0,Morelia,Ampliacion La Soledad,enero,sábado,3,-101.184575557709,19.7313815048471
11773,11773,2018,,2018/01/13,"03:00:00",VOLCADURA,ASFALTO,Bueno,Bueno,1,FORD,GRIS,2,MINISTERIO PÚBLICO,,MASCULINO,SIN DATOS,0,1,Hidalgo,Sin datos,enero,sábado,3,-100.600776672363,19.6994051868175
11774,11774,2018,"12645",2018/01/13,"03:00:00",VOLCADURA,ASFALTO,Bueno,Bueno,1,FORD,GRIS,2,MINISTERIO PÚBLICO,0,MASCULINO,SIN DATOS,0,1,Hidalgo,Centro,enero,sábado,3,-100.553271,19.691029
11776,11776,2018,"180041426",2018/01/13,"06:50:00",COLISIÓN POR INVASIÓN DE CARRIL,ASFALTO,Bueno,Bueno,2,HONDA,BLANCO,2,MINISTERIO PÚBLICO,28,MASCULINO,SIN DATOS,0,0,Morelia,Jesus Romero Flores,enero,sábado,7,-101.181053817272,19.7318031333967
11777,11777,2018,"18041442",2018/01/13,"07:35:00",VOLCADURA,ASFALTO,Bueno,Bueno,2,KENWORTH,AMARILLO,2,,,MASCULINO,SIN DATOS,0,0,Tarímbaro,Sin datos,enero,sábado,8,-101.16717338562,19.8240422909322
11778,11778,2018,"180041574",2018/01/13,"08:10:00",COLISIÓN CONTRA OBJETO FIJO,ASFALTO,Bueno,Bueno,1,CHEVROLET,BLANCO,1,,34,MASCULINO,SIN DATOS,0,0,Morelia,Ejidal Tres Puentes,enero,sábado,8,-101.233767271042,19.6916828466629
11779,11779,2018,"180016433",2018/01/13,"09:30:00",COLISIÓN POR ALCANCE,CONCRETO,Bueno,Bueno,2,DODGE,AZUL,2,,34,MASCULINO,SIN DATOS,0,0,Morelia,Las Flores,enero,sábado,10,-101.205990314484,19.7026172473538
11781,11781,2018,"180042098",2018/01/13,11:52:00,COLISIÓN POR CORTE DE CIRCULACIÓN,CONCRETO,Bueno,Bueno,2,MERCEDES BENZ,VERDE,2,,23,MASCULINO,SIN DATOS,0,0,Morelia,Chapultepec Norte,enero,sábado,12,-101.166830062866,19.6954152734146
11782,11782,2018,"180042755",2018/01/13,14:00:00,COLISIÓN POR CORTE DE CIRCULACIÓN,ASFALTO,Bueno,Bueno,2,HONDA,GRIS,2,,24,MASCULINO,SIN DATOS,0,0,Morelia,Primo Tapia Oriente,enero,sábado,14,-101.160226464272,19.7127024962696
11783,11783,2018,"180042817",2018/01/13,15:00:00,COLISIÓN POR CORTE DE CIRCULACIÓN,ASFALTO,Bueno,Bueno,2,VOLKSWAGEN,NEGRO,2,,23,MASCULINO,SIN DATOS,0,0,Morelia,Felix Ireta,enero,sábado,15,-101.194725036621,19.6821316805244
11784,11784,2018,,2018/01/13,15:40:00,COLISIÓN POR CORTE DE CIRCULACIÓN,ASFALTO,Bueno,Bueno,2,AUDI,GRIS,2,,0,MASCULINO,SIN DATOS,0,0,Morelia,Industrial,enero,sábado,16,-101.199169456959,19.7108263952055
11785,11785,2018,"180934231",2018/01/13,16:30:00,COLISIÓN POR ALCANCE,ASFALTO,Bueno,Bueno,2,MITSUBISHI,BLANCO,2,,50,MASCULINO,SIN DATOS,0,0,Morelia,Isaac Arriaga,enero,sábado,17,-101.171486377716,19.7078493336765
11786,11786,2018,"180043372",2018/01/13,16:41:00,COLISIÓN POR ALCANCE,ASFALTO,Bueno,Bueno,2,FREIGHTLINER,BLANCO,2,,29,MASCULINO,SIN DATOS,0,0,Morelia,Ana Maria Gallaga (Riviera Norte),enero,sábado,17,-101.219573020935,19.6770805956278
11787,11787,2018,"180043399",2018/01/13,17:45:00,COLISIÓN POR CAMBIO DE CARRIL,ASFALTO,Bueno,Bueno,2,ITALIKA,GRIS,2,,25,MASCULINO,SIN DATOS,0,0,Morelia,Villa Universidad,enero,sábado,18,-101.201012134552,19.6851824586493
11788,11788,2018,"180043287",2018/01/13,18:00:00,COLISIÓN POR ALCANCE,ASFALTO,Bueno,Bueno,2,HYUNDAY,GRIS,2,,47,MASCULINO,SIN DATOS,0,0,Morelia,Comision Federal de Electricidad,enero,sábado,18,-101.178481578827,19.6815912220494
11789,11789,2018,"180343404",2018/01/13,18:00:00,COLISIÓN POR CORTE DE CIRCULACIÓN,ASFALTO,Bueno,Bueno,2,ITALIKA,NARANJA,2,,24,MASCULINO,SIN DATOS,0,0,Morelia,Ventura Puente,enero,sábado,18,-101.190690994263,19.691102014648
11790,11790,2018,"180043865",2018/01/13,19:55:00,COLISIÓN POR INVASIÓN DE CARRIL,ASFALTO,Bueno,Bueno,2,VOLKSWAGEN,NEGRO,2,,0,MASCULINO,CON CERTIFICADO,0,0,Morelia,Fidel Velazquez,enero,sábado,20,-101.235499978065,19.7056625848209