fid,id_accidente,anio_origen,folio_c5i,dia_incidente,hora_ocurrencia,tipo_incidente_vial,superficie_ocurrencia,condiciones_climaticas,condiciones_via,numero_vehiculos_involucrados,marca_vehiculo_ocasiona_siniestro,color_vehiculo_ocasiona_siniestro,numero_personas_involucradas,lugar_remite_presunto_responsable,edad_presunto_responsable,sexo_presunto_responsable,resultados_toxicologia,numero_personas_lesionadas,numero_personas_fallecidas,municipio,colonia,mes,dia_semana,hora_redondeada,lon,lat
11791,11791,2018,"180045751",2018/01/13,20:00:00,COLISIÓN POR ALCANCE,ASFALTO,Bueno,Bueno,3,NISSAN,GRIS,3,,58,MASCULINO,SIN DATOS,0,0,Morelia,Irrigacion,enero,sábado,20,-101.225066184998,19.7048595910168
11792,11792,2018,"180044188",2018/01/13,22:00:00,COLISIÓN POR ALCANCE,ASFALTO,Bueno,Bueno,2,NISSAN,BLANCO,2,,0,MASCULINO,SIN DATOS,0,0,Morelia,San Jose Itzicuaro,enero,sábado,22,-101.30448102951,19.6879301296032
11794,11794,2018,"180044441",2018/01/13,23:30:00,COLISIÓN POR ALCANCE,ASFALTO,Bueno,Bueno,2,NISSAN,BLANCO,2,,35,MASCULINO,SIN DATOS,0,0,Morelia,La Soledad,enero,sábado,0,-101.183524131775,19.727321695164
11795,11795,2018,"180047386",2018/01/14,"00:00:00",COLISIÓN POR ALCANCE,ASFALTO,Bueno,Bueno,2,CHEVROLET,VERDE,2,,42,MASCULINO,SIN DATOS,0,0,Morelia,Lomas de Hidalgo,enero,domingo,0,-101.161878705025,19.6971930699006
11796,11796,2018,"180047667",2018/01/14,"00:00:00",CAIDA DE MOTOCICLETA,ASFALTO,Bueno,Bueno,1,ITALIKA,NEGRO/ROJO,2,,39,MASCULINO,SIN DATOS,1,0,Morelia,El Lago 1,enero,domingo,0,-101.216933727264,19.7273014968479
11797,11797,2018,"180077355",2018/01/14,"00:00:00",COLISIÓN POR ALCANCE,ASFALTO,Bueno,Regular,2,FORD,BLANCO,2,,27,MASCULINO,SIN DATOS,0,0,Morelia,La Quemada,enero,domingo,0,-101.239249706268,19.7014455597858
11798,11798,2018,"180044458",2018/01/14,"00:32:00",COLISIÓN POR INVASIÓN DE CARRIL,ASFALTO,Bueno,Bueno,2,SIN DATOS,SIN DATOS,2,,0,,SIN DATOS,0,0,Morelia,Arboledas de Valladolid,enero,domingo,1,-101.250311136246,19.6964051852581
11799,11799,2018,,2018/01/14,"02:40:00",VOLCADURA,ASFALTO,Bueno,Bueno,1,GMC,BLANCO,1,,29,MASCULINO,SIN DATOS,0,0,Apatzingán,Independencia,enero,domingo,3,-102.354984283447,19.0958012702986
11800,11800,2018,"180044616",2018/01/14,"04:30:00",COLISIÓN POR INVASIÓN DE CARRIL,ASFALTO,Bueno,Bueno,2,VOLKWAGEN,AZUL,1,MINISTERIO PÚBLICO,0,MASCULINO,SIN DATOS,0,0,Morelia,San Pascual,enero,domingo,5,-101.268236339092,19.694954406756
11801,11801,2018,,2018/01/14,"06:50:00",VOLCADURA,CONCRETO,Bueno,Bueno,1,FORD,NEGRO,0,,,,,0,0,Lázaro Cárdenas,Sin datos,enero,domingo,7,-102.228813171387,17.9361528755123
11803,11803,2018,"180044717",2018/01/14,"07:10:00",SUBIDA AL CAMELLÓN,ASFALTO,Nublado,Bueno,1,HONDA,ARENA,1,,0,,SIN DATOS,0,0,Morelia,Eduardo Ruiz,enero,domingo,7,-101.22326374054,19.7244062582438
11804,11804,2018,"180044761",2018/01/14,"08:12:00",CAIDA ACUATICA DE VEHÍCULO,ASFALTO,Bueno,Bueno,1,VOLKWAGEN,ROJO,1,MINISTERIO PÚBLICO,,,,0,1,Morelia,Hacienda de Tinijaro (Villas de Tinijaro),enero,domingo,8,-101.257574558258,19.6834903951776
11805,11805,2018,"180044841",2018/01/14,"08:30:00",COLISIÓN POR INVASIÓN DE CARRIL,ASFALTO,Bueno,Bueno,2,TOYOTA,BLANCO/GRIS,2,,30,MASCULINO,SIN DATOS,0,0,Morelia,San Pascual,enero,domingo,9,-101.267729401588,19.6953546663682
11806,11806,2018,"180045460",2018/01/14,12:45:00,COLISIÓN POR ALCANCE,ASFALTO,Bueno,Bueno,2,FORD,AZUL,2,,39,MASCULINO,SIN DATOS,0,0,Morelia,Eduardo Ruiz,enero,domingo,13,-101.218779087067,19.7197117988918
11807,11807,2018,"180045733",2018/01/14,13:30:00,COLISIÓN POR CORTE DE CIRCULACIÓN,ASFALTO,Bueno,Bueno,2,CHEVROLET,PLATA,2,,60,MASCULINO,SIN DATOS,0,0,Morelia,Sin datos,enero,domingo,14,-101.315317153931,19.6873240297691
11808,11808,2018,"180045833",2018/01/14,14:20:00,COLISIÓN POR CAMBIO DE CARRIL,ASFALTO,Bueno,Bueno,2,CHEVROLET,BLANCO/VERDE,2,,30,MASCULINO,SIN DATOS,0,0,Morelia,Prados Verdes,enero,domingo,14,-101.197299957275,19.7159900388621
11809,11809,2018,,2018/01/14,17:00:00,SALIDA DE SUPERFICIE DE RODAMIENTO,ASFALTO,Bueno,Bueno,1,CHEVROLET,BLANCO,0,,,,,0,0,Lázaro Cárdenas,Segundo Sector de Fidelac,enero,domingo,17,-102.204705476761,17.9612307231145
11810,11810,2018,,2018/01/14,20:00:00,COLISIÓN CONTRA OBJETO FIJO,ASFALTO,Bueno,Bueno,1,NISSAN,BLANCO,1,,21,MASCULINO,SIN DATOS,0,0,Morelia,Ignacio Zaragoza,enero,domingo,20,-101.205850839615,19.7239561155255
11811,11811,2018,,2018/01/14,20:00:00,SUBIDA AL CAMELLÓN,ASFALTO,Bueno,Bueno,1,TOYOTA,VERDE,1,,56,MASCULINO,ALIENTO ETÍLICO,0,0,Apatzingán,La Fuente,enero,domingo,20,-102.364742159843,19.1022035834331
11812,11812,2018,,2018/01/14,20:45:00,VOLCADURA,ASFALTO,Bueno,Bueno,1,NISSAN,NEGRO,1,,,,SIN DATOS,0,0,Apatzingán,Morelos,enero,domingo,21,-102.365026473999,19.0895355839193
11813,11813,2018,"1800047339",2018/01/14,21:10:00,COLISIÓN POR CAMBIO DE CARRIL,ASFALTO,Bueno,Bueno,2,NISSAN,BLANCO,2,,42,MASCULINO,SIN DATOS,0,0,Morelia,Pascual Ortiz de Ayala,enero,domingo,21,-101.149535179138,19.6947182909949
11814,11814,2018,"180047483",2018/01/14,22:15:00,COLISIÓN CONTRA OBJETO FIJO,CONCRETO,Bueno,Bueno,2,FORD,GRIS,1,,45,MASCULINO,SIN DATOS,0,0,Morelia,Morelos,enero,domingo,22,-101.205943375826,19.6977258999444
11815,11815,2018,"180047731",2018/01/15,"00:35:00",COLISIÓN CONTRA OBJETO FIJO,ASFALTO,Bueno,Bueno,2,NISSAN,BLANCO Y ROJO,1,,38,MASCULINO,SIN DATOS,0,0,Morelia,Villas del Pedregal,enero,lunes,1,-101.305940151215,19.6761612810472
11816,11816,2018,"180047788",2018/01/15,"01:55:00",COLISIÓN CONTRA OBJETO FIJO,ASFALTO,Bueno,Regular,1,DODGE,GRIS,0,,,,,0,0,Morelia,Gertrudis Bocanegra,enero,lunes,2,-101.209080219269,19.7065968807148
11817,11817,2018,"180047819",2018/01/15,"03:50:00",COLISIÓN POR CAMBIO DE CARRIL,ASFALTO,Bueno,Bueno,2,TOYOTA,BLANCO,2,,23,MASCULINO,CON CERTIFICADO,0,0,Morelia,Reforma,enero,lunes,4,-101.242425441742,19.7059100475078
11818,11818,2018,,2018/01/15,"07:40:00",COLISIÓN POR CAMBIO DE CARRIL,ASFALTO,Bueno,Bueno,2,SCANIA,BLANCO,2,,42,MASCULINO,SIN DATOS,0,0,Morelia,La Soledad,enero,lunes,8,-101.183352470398,19.728271013137
11819,11819,2018,"180048459",2018/01/15,10:49:00,COLISIÓN POR CORTE DE CIRCULACIÓN,ASFALTO,Bueno,Bueno,2,TOYOTA,ROJO,2,,25,MASCULINO,SIN DATOS,0,0,Morelia,Plan de La Garita,enero,lunes,11,-101.18809863925,19.7116015836432
11820,11820,2018,"180048990",2018/01/15,13:30:00,COLISIÓN POR CORTE DE CIRCULACIÓN,ASFALTO,Bueno,Bueno,2,NISSAN,NEGRO,2,,61,MASCULINO,SIN DATOS,0,0,Morelia,Tres Puentes,enero,lunes,14,-101.213715076447,19.7026778516498
11821,11821,2018,"180049334",2018/01/15,13:40:00,VOLCADURA,CONCRETO,Bueno,Bueno,1,NISSAN,ROJO,1,,35,MASCULINO,SIN DATOS,0,0,Morelia,Barrio Alto,enero,lunes,14,-101.19077950716,19.7265945541785
11822,11822,2018,,2018/01/15,13:40:00,COLISIÓN POR ALCANCE,ASFALTO,Bueno,Regular,2,NISSAN,BLANCO,2,,67,MASCULINO,SIN DATOS,0,0,Pátzcuaro,Centro,enero,lunes,14,-101.610081195831,19.5296401847378
11823,11823,2018,"180049390",2018/01/15,14:50:00,COLISIÓN POR CORTE DE CIRCULACIÓN,ASFALTO,Bueno,Bueno,2,NISSAN,BLANCO,5,MINISTERIO PÚBLICO,59,MASCULINO,CON CERTIFICADO,3,0,Morelia,San Jose Itzicuaro,enero,lunes,15,-101.304438114166,19.6879907394604
11825,11825,2018,"180048781",2018/01/15,15:47:00,VOLCADURA,ASFALTO,Bueno,Bueno,1,SEAD,AMARILLO,0,,,,,0,0,Morelia,Jardines de Sindurio,enero,lunes,16,-101.256319284439,19.6976173138709
11826,11826,2018,LEG12383,2018/01/15,15:47:00,SALIDA DE SUPERFICIE DE RODAMIENTO,ASFALTO,Bueno,Bueno,1,SEAD,AMARILLO,0,,,,,0,0,Morelia,Jardines de Sindurio,enero,lunes,16,-101.256351470947,19.6977082231468
11827,11827,2018,"180049950",2018/01/15,17:00:00,COLISIÓN POR CORTE DE CIRCULACIÓN,ASFALTO,Bueno,Bueno,2,KIA,BLANCO,2,,22,MASCULINO,SIN DATOS,0,0,Morelia,Felix Ireta,enero,lunes,17,-101.180766820908,19.6857885665889
11828,11828,2018,"18050260",2018/01/15,18:12:00,COLISIÓN POR CORTE DE CIRCULACIÓN,CONCRETO,Bueno,Bueno,3,VOLKSWAGEN,PLATA,3,,28,MASCULINO,SIN DATOS,0,0,Morelia,Cruz del Barreno,enero,lunes,18,-101.20825946331,19.7223376832749
11829,11829,2018,"180050326",2018/01/15,18:30:00,COLISIÓN POR CORTE DE CIRCULACIÓN,CONCRETO,Bueno,Bueno,2,KENWORTH,BLANCO,2,,17,MASCULINO,SIN DATOS,0,0,Morelia,Molino de Parras,enero,lunes,19,-101.20564699173,19.6986981208082
11830,11830,2018,"180050456",2018/01/15,18:40:00,COLISIÓN CON PEATÓN,ASFALTO,Bueno,Bueno,1,CHEVROLET,BLANCO,1,,63,,SIN DATOS,0,0,Morelia,Ana Maria Gallaga (Riviera Norte),enero,lunes,19,-101.222748756409,19.6769795723055
11831,11831,2018,,2018/01/15,19:00:00,COLISIÓN POR ALCANCE,ASFALTO,Bueno,Bueno,2,SUZUKI,ROJA,2,,51,MASCULINO,SIN DATOS,1,0,Acuitzio,Sin datos,enero,lunes,19,-101.34660243988,19.5188204190533
11832,11832,2018,"180050493",2018/01/15,19:30:00,COLISIÓN POR NO RESPETAR SEMÁFORO,ASFALTO,Bueno,Bueno,2,FIAT,BLANCO,2,,25,MASCULINO,SIN DATOS,0,0,Morelia,Comision Federal de Electricidad,enero,lunes,20,-101.181356906891,19.6816063751156
11833,11833,2018,"180051062",2018/01/15,21:39:00,COLISIÓN CONTRA OBJETO FIJO,ASFALTO,Bueno,Bueno,2,SIN DATOS,SIN DATOS,1,,,,SIN DATOS,0,0,Morelia,Cuauhtemoc,enero,lunes,22,-101.187188029289,19.6956526507923
11834,11834,2018,,2018/01/16,"00:00:00",COLISIÓN POR ALCANCE,ASFALTO,Bueno,Bueno,3,CHYSLER,BLANCO,3,,22,MASCULINO,SIN DATOS,0,0,Lázaro Cárdenas,Del Carmen,enero,martes,0,-102.207977771759,17.9724161127343
11835,11835,2018,,2018/01/16,"01:20:00",COLISIÓN CONTRA OBJETO FIJO,ASFALTO,Bueno,Bueno,1,HONDA,GRIS,0,,,,,0,0,Lázaro Cárdenas,Sin datos,enero,martes,1,-102.207913398743,17.9939174219147
11836,11836,2018,"180051407",2018/01/16,"01:41:00",COLISIÓN POR NO RESPETAR SEMÁFORO,ASFALTO,Bueno,Bueno,2,CHEVROLET,GRIS,2,MINISTERIO PÚBLICO,31,FEMENINO,CON CERTIFICADO,0,0,Morelia,Jardines del Toreo,enero,martes,2,-101.214272975922,19.6880715525677
11837,11837,2018,,2018/01/16,"06:20:00",COLISIÓN CONTRA OBJETO FIJO,ASFALTO,Bueno,Regular,1,NISSAN,ROJO,1,MINISTERIO PÚBLICO,28,FEMENINO,SIN DATOS,0,0,Acuitzio,Sin datos,enero,martes,6,-101.332740783691,19.4725805168263
11838,11838,2018,"180051543",2018/01/16,"07:30:00",COLISIÓN POR CORTE DE CIRCULACIÓN,ASFALTO,Bueno,Bueno,2,CHEVROLET,BLANCO Y ROJO,2,,46,MASCULINO,SIN DATOS,0,0,Morelia,Felix Ireta,enero,martes,8,-101.181442737579,19.6816669873661
11839,11839,2018,"180051602",2018/01/16,"07:43:00",COLISIÓN POR CAMBIO DE CARRIL,ASFALTO,Bueno,Bueno,2,FORD,BLANCO,2,,30,MASCULINO,SIN DATOS,0,0,Morelia,Nueva Jacarndas,enero,martes,8,-101.192042827606,19.6822529046049
11840,11840,2018,"180051673",2018/01/16,"08:30:00",COLISIÓN POR NO RESPETAR SEMÁFORO,ASFALTO,Bueno,Bueno,2,DODGE,BLANCO,2,,26,MASCULINO,SIN DATOS,0,0,Morelia,Alberto Oviedo Mota,enero,martes,9,-101.201988458633,19.6778685753558
11841,11841,2018,"180051730",2018/01/16,"09:25:00",COLISIÓN POR ALCANCE,CONCRETO,Bueno,Regular,2,NISSAN,BLANCO,2,,43,MASCULINO,SIN DATOS,0,0,Morelia,Primaveras,enero,martes,9,-101.225701868534,19.6787070623487
11842,11842,2018,"180052023",2018/01/16,11:10:00,COLISIÓN POR CAMBIO DE CARRIL,CONCRETO,Bueno,Bueno,2,HONDA,BLANCO,2,,19,MASCULINO,SIN DATOS,0,0,Morelia,Ferrocarrilero,enero,martes,11,-101.221439838409,19.6937889763811
11844,11844,2018,"180052762",2018/01/16,14:50:00,COLISIÓN POR CORTE DE CIRCULACIÓN,ASFALTO,Bueno,Bueno,2,INTERNACIONAL,BLANCO,2,,41,MASCULINO,SIN DATOS,0,0,Morelia,Plan de La Garita,enero,martes,15,-101.186813861132,19.7113011038804
11845,11845,2018,"180053027",2018/01/16,15:50:00,COLISIÓN CONTRA OBJETO FIJO,CONCRETO,Bueno,Bueno,2,SIN DATOS,BLANCO,1,,41,FEMENINO,SIN DATOS,0,0,Morelia,Industrial,enero,martes,16,-101.197310686111,19.7090563254368
11846,11846,2018,"180052988",2018/01/16,16:00:00,COLISIÓN POR CORTE DE CIRCULACIÓN,ASFALTO,Bueno,Bueno,2,JEEP,ROJO,2,,59,FEMENINO,SIN DATOS,0,0,Morelia,Central de Abastos,enero,martes,16,-101.171389818192,19.716176886411
11847,11847,2018,"180053295",2018/01/16,17:05:00,COLISIÓN POR ALCANCE,ASFALTO,Bueno,Bueno,3,NISSAN,ROJO,2,,44,MASCULINO,CON CERTIFICADO,0,0,Morelia,Felipe Carrillo Puerto,enero,martes,17,-101.177371144295,19.7318208064254
11848,11848,2018,"180053490",2018/01/16,17:25:00,COLISIÓN POR CORTE DE CIRCULACIÓN,ASFALTO,Bueno,Bueno,2,MERCURIO,GRIS,2,,36,MASCULINO,SIN DATOS,0,0,Morelia,Vista Bella,enero,martes,17,-101.194092035294,19.6785302732876
11849,11849,2018,"180053639",2018/01/16,18:20:00,COLISIÓN POR CORTE DE CIRCULACIÓN,ASFALTO,Bueno,Regular,2,BMW,PLATA,2,,37,MASCULINO,SIN DATOS,0,0,Morelia,Felicitas del Rio,enero,martes,18,-101.20033621788,19.6921020545469
11850,11850,2018,"180054896",2018/01/16,19:00:00,COLISIÓN POR CORTE DE CIRCULACIÓN,ASFALTO,Bueno,Bueno,2,BAJAJ,NEGRO,2,,24,MASCULINO,SIN DATOS,0,0,Morelia,Lomas de Hidalgo,enero,martes,19,-101.161594390869,19.6996324573713
11851,11851,2018,"180054149",2018/01/16,19:50:00,COLISIÓN CONTRA OBJETO FIJO,ASFALTO,Bueno,Bueno,2,CHEVROLET,BLANCO Y ROJO,2,MINISTERIO PÚBLICO,33,MASCULINO,SIN DATOS,0,0,Morelia,La Colina,enero,martes,20,-101.215677112341,19.7100562531345
11852,11852,2018,"180054387",2018/01/16,21:00:00,COLISIÓN POR ALCANCE,ASFALTO,Bueno,Bueno,3,FORD,BLANCO,3,MINISTERIO PÚBLICO,25,MASCULINO,SIN DATOS,0,0,Morelia,Hospitales de Don Vasco,enero,martes,21,-101.155484318733,19.7010869812723
11853,11853,2018,"180054446",2018/01/16,21:00:00,COLISIÓN POR ALCANCE,ASFALTO,Bueno,Bueno,2,TOYOTA,NEGRO,6,MINISTERIO PÚBLICO,30,MASCULINO,SIN DATOS,4,0,Morelia,Sentimientos de La Nacion,enero,martes,21,-101.235365867615,19.6814245382266
11854,11854,2018,,2018/01/16,23:00:00,COLISIÓN CONTRA OBJETO FIJO,ASFALTO,Bueno,Bueno,3,SIN DATOS,SIN DATOS,2,,,,SIN DATOS,0,0,Morelia,Prados Verdes,enero,martes,23,-101.202103793621,19.7190452213756
11855,11855,2018,"1800546111",2018/01/16,23:40:00,COLISIÓN POR CORTE DE CIRCULACIÓN,ASFALTO,Bueno,Bueno,2,SEAT,ROJO,1,,41,MASCULINO,SIN DATOS,0,0,Morelia,Fidel Velazquez,enero,martes,0,-101.237602829933,19.7067786890112
11856,11856,2018,"180054795",2018/01/17,"00:30:00",COLISIÓN POR ALCANCE,ASFALTO,Bueno,Bueno,3,CHEVROLET,AZUL Y GRIS,3,,37,MASCULINO,CON CERTIFICADO,0,0,Morelia,San Pascual,enero,miércoles,1,-101.267359256744,19.6953243628364
11857,11857,2018,"180054948",2018/01/17,"04:40:00",VOLCADURA,ASFALTO,Bueno,Bueno,1,INTERNATIONAL,BLANCO,1,,37,MASCULINO,SIN DATOS,0,0,Morelia,El Lago 3,enero,miércoles,5,-101.22089266777,19.7274933807471
11858,11858,2018,"180055244",2018/01/17,"08:41:00",COLISIÓN POR ALCANCE,ASFALTO,Bueno,Bueno,2,VOLKWAGEN,ROJO,2,MINISTERIO PÚBLICO,22,FEMENINO,SIN DATOS,0,0,Morelia,Los Manantiales de Morelia,enero,miércoles,9,-101.23970836401,19.7011286471267
11859,11859,2018,"1800522410",2018/01/17,"09:00:00",COLISIÓN POR ALCANCE,ASFALTO,Bueno,Bueno,2,NISSAN,TURQUESA,2,,34,FEMENINO,SIN DATOS,0,0,Morelia,Centro,enero,miércoles,9,-101.191849708557,19.7019505985827
11860,11860,2018,"180055397",2018/01/17,"09:55:00",COLISIÓN POR ALCANCE,ASFALTO,Bueno,Bueno,2,FORD,BLANCO,2,,45,MASCULINO,SIN DATOS,0,0,Morelia,Enrique Arreguin Robles,enero,miércoles,10,-101.179785132408,19.720413722211
11861,11861,2018,"180055481",2018/01/17,10:45:00,COLISIÓN POR CORTE DE CIRCULACIÓN,ADOQUIN_EMPEDRADO,Bueno,Bueno,2,DATSUN,AZUL,2,MINISTERIO PÚBLICO,29,MASCULINO,SIN DATOS,0,0,Morelia,Villas del Pedregal,enero,miércoles,11,-101.303917765617,19.67388065095
11862,11862,2018,,2018/01/17,12:05:00,COLISIÓN POR CORTE DE CIRCULACIÓN,ASFALTO,Bueno,Bueno,1,ITALIKA,NARANJA,2,,,,SIN DATOS,1,0,Morelia,Santa Maria de Guido,enero,miércoles,12,-101.188550591469,19.6764239428942
11863,11863,2018,"180056372",2018/01/17,14:15:00,COLISIÓN CONTRA OBJETO FIJO,CONCRETO,Bueno,Bueno,2,CHRYSLER,BLANCO,2,,18,MASCULINO,SIN DATOS,0,0,Morelia,23 de Marzo,enero,miércoles,14,-101.248540878296,19.7039959894083
11864,11864,2018,"18005646",2018/01/17,14:35:00,COLISIÓN CON PEATÓN,CONCRETO,Bueno,Bueno,1,KTM,NARANJA,2,MINISTERIO PÚBLICO,41,MASCULINO,SIN DATOS,1,0,Morelia,Rafael Carrillo,enero,miércoles,15,-101.23450756073,19.710556214639
11865,11865,2018,"180056540",2018/01/17,15:00:00,COLISIÓN POR CAMBIO DE CARRIL,ASFALTO,Bueno,Bueno,2,FORD,BLANCO,2,,,MASCULINO,SIN DATOS,0,0,Morelia,Los Manantiales de Morelia,enero,miércoles,15,-101.240322589874,19.6928596563721
11866,11866,2018,"180056791",2018/01/17,16:10:00,COLISIÓN POR MANIOBRA DE REVERSA,ASFALTO,Bueno,Bueno,2,CHEVROLET,GRIS,2,,58,MASCULINO,SIN DATOS,0,0,Morelia,El Lago 3,enero,miércoles,16,-101.220340132713,19.7239333919412
11868,11868,2018,"1800557679",2018/01/17,19:10:00,COLISIÓN POR MANIOBRA DE REVERSA,ASFALTO,Bueno,Bueno,2,NISSAN,BLANCO,2,,33,FEMENINO,SIN DATOS,0,0,Morelia,Lomas de Hidalgo,enero,miércoles,19,-101.161444187164,19.6960314437509
11869,11869,2018,"180057598",2018/01/17,19:40:00,COLISIÓN POR ALCANCE,ASFALTO,Bueno,Bueno,3,FORD,NEGRO,3,,66,MASCULINO,SIN DATOS,0,0,Morelia,Sentimientos de La Nacion,enero,miércoles,20,-101.235644817352,19.6818892320882
11870,11870,2018,"180057657",2018/01/17,20:15:00,COLISIÓN CONTRA OBJETO FIJO,CONCRETO,Bueno,Bueno,1,CHEVROLET,GRIS,1,,32,MASCULINO,SIN DATOS,0,0,Morelia,La Aldea,enero,miércoles,20,-101.133940815926,19.7404349127694
11871,11871,2018,"180058057",2018/01/17,22:07:00,VOLCADURA,ASFALTO,Bueno,Bueno,1,FORD,BLANCO,2,,27,MASCULINO,SIN DATOS,1,0,Morelia,Ciudad Industrial,enero,miércoles,22,-101.124622821808,19.7341485796841
11872,11872,2018,,2018/01/18,"00:00:00",COLISIÓN POR CORTE DE CIRCULACIÓN,ASFALTO,Bueno,Bueno,2,CHEVROLET,ROJO,2,,33,FEMENINO,SIN DATOS,0,0,Lázaro Cárdenas,1Er Sect de Fidelac,enero,jueves,0,-102.191441953182,17.960299425855
11873,11873,2018,,2018/01/18,"01:00:00",COLISIÓN POR ALCANCE,CONCRETO,Bueno,Bueno,4,NISSAN,ROJO,4,,32,MASCULINO,SIN DATOS,0,0,Morelia,Chapultepec Oriente,enero,jueves,1,-101.159193813801,19.6949203151971
11874,11874,2018,"180058319",2018/01/18,"01:30:00",CAIDA DE MOTOCICLETA,CONCRETO,Bueno,Bueno,1,ITALIKA,GRIS,1,,21,MASCULINO,SIN DATOS,0,0,Morelia,Puerta Madero,enero,jueves,2,-101.180691719055,19.67065538554
11875,11875,2018,"180058356",2018/01/18,"02:00:00",SUBIDA AL CAMELLÓN,ASFALTO,Bueno,Bueno,1,CHEVROLET,BLANCO Y AZUL,1,,32,MASCULINO,SIN DATOS,0,0,Morelia,Nicolaitas Ilustres,enero,jueves,2,-101.226675510406,19.7217064650061
11876,11876,2018,,2018/01/18,"04:10:00",COLISIÓN POR CORTE DE CIRCULACIÓN,CONCRETO,Bueno,Bueno,2,RENAULT,VERDE,2,,22,MASCULINO,SIN DATOS,0,0,Morelia,Gertrudis Bocanegra,enero,jueves,4,-101.209799051285,19.7032081382606
11877,11877,2018,"180058701",2018/01/18,"08:00:00",COLISIÓN POR CORTE DE CIRCULACIÓN,ASFALTO,Bueno,Bueno,2,SUZUKI,GRIS,2,,35,MASCULINO,SIN DATOS,0,0,Morelia,Cuauhtemoc,enero,jueves,8,-101.181174516678,19.6939051410028
11878,11878,2018,"180058089",2018/01/18,"09:10:00",COLISIÓN CONTRA OBJETO FIJO,ASFALTO,Bueno,Bueno,1,VOLKSWAGEN,NEGRO,1,,27,MASCULINO,SIN DATOS,0,0,Morelia,Valle de Las Flores,enero,jueves,9,-101.133272787412,19.6870427665408
11879,11879,2018,LEG12428,2018/01/18,"09:10:00",COLISIÓN CONTRA OBJETO FIJO,ASFALTO,Bueno,Bueno,1,HONDA,VERDE,1,,24,FEMENINO,SIN DATOS,0,0,Morelia,Valle de Las Flores,enero,jueves,9,-101.130046248436,19.6861219249779
11880,11880,2018,"180058914",2018/01/18,10:10:00,COLISIÓN POR CAMBIO DE CARRIL,ASFALTO,Bueno,Bueno,2,FORD,ROJO,2,,33,MASCULINO,SIN DATOS,0,0,Morelia,Diego Rivera,enero,jueves,10,-101.175541877747,19.7176868085909
11881,11881,2018,"180059391",2018/01/18,11:30:00,COLISIÓN POR ALCANCE,CONCRETO,Bueno,Bueno,2,NISSAN,BLANCO,2,,38,MASCULINO,SIN DATOS,0,0,Morelia,Camelinas,enero,jueves,12,-101.16717338562,19.6833843249317
11882,11882,2018,,2018/01/18,12:00:00,COLISIÓN POR CAMBIO DE CARRIL,ASFALTO,Bueno,Bueno,2,MAZDA,ROJO,2,,27,MASCULINO,SIN DATOS,0,0,Lázaro Cárdenas,Segundo Sector de Fidelac,enero,jueves,12,-102.204737663269,17.961873698085
11883,11883,2018,"180059347",2018/01/18,12:00:00,COLISIÓN POR NO RESPETAR SEMÁFORO,ASFALTO,Bueno,Bueno,2,VOLKSWAGEN,PLATA,0,,,,,0,0,Morelia,Mirador del Punhuato,enero,jueves,12,-101.158289909363,19.7033545980624
11884,11884,2018,"180059483",2018/01/18,12:30:00,COLISIÓN POR CAMBIO DE CARRIL,SIN_DATOS,Bueno,Bueno,2,DINA,AZUL,2,,21,MASCULINO,SIN DATOS,0,0,Morelia,Sentimientos de La Nacion,enero,jueves,13,-101.235172748566,19.6810204555119
11885,11885,2018,"180059608",2018/01/18,13:35:00,COLISIÓN POR CORTE DE CIRCULACIÓN,ASFALTO,Bueno,Regular,2,NISSAN,BLANCO Y ROJO,2,,73,MASCULINO,SIN DATOS,0,0,Morelia,Centro,enero,jueves,14,-101.200196743011,19.7031525845076
11886,11886,2018,"180159240",2018/01/18,13:45:00,COLISIÓN POR NO RESPETAR SEMÁFORO,ASFALTO,Bueno,Bueno,2,CHEVROLET,BLANCO,2,,28,MASCULINO,SIN DATOS,0,0,Morelia,Felix Ireta,enero,jueves,14,-101.194692850113,19.6819296401864
11887,11887,2018,"180059842",2018/01/18,13:55:00,COLISIÓN POR CAMBIO DE CARRIL,ASFALTO,Bueno,Bueno,2,DODGE,BLANCO,2,,78,MASCULINO,SIN DATOS,0,0,Morelia,Felix Ireta,enero,jueves,14,-101.195583343506,19.6850612367861
11888,11888,2018,,2018/01/18,15:45:00,COLISIÓN POR ALCANCE,ASFALTO,Bueno,Bueno,2,SIN DATOS,PLATINO,1,,34,MASCULINO,SIN DATOS,0,0,Morelia,Felix Arreguin,enero,jueves,16,-101.226498484612,19.7215145741583
11889,11889,2018,"180060242",2018/01/18,16:00:00,COLISIÓN POR CORTE DE CIRCULACIÓN,ASFALTO,Bueno,Bueno,2,ITALIKA,ROJO Y NEGRO,2,,23,MASCULINO,SIN DATOS,0,0,Morelia,Ferrocarrilero,enero,jueves,16,-101.224261522293,19.6913545505656