fid,id_accidente,anio_origen,folio_c5i,dia_incidente,hora_ocurrencia,tipo_incidente_vial,superficie_ocurrencia,condiciones_climaticas,condiciones_via,numero_vehiculos_involucrados,marca_vehiculo_ocasiona_siniestro,color_vehiculo_ocasiona_siniestro,numero_personas_involucradas,lugar_remite_presunto_responsable,edad_presunto_responsable,sexo_presunto_responsable,resultados_toxicologia,numero_personas_lesionadas,numero_personas_fallecidas,municipio,colonia,mes,dia_semana,hora_redondeada,lon,lat
11890,11890,2018,"180060367",2018/01/18,16:15:00,COLISIÓN POR CORTE DE CIRCULACIÓN,ASFALTO,Bueno,Bueno,1,NISSAN,BLANCO,0,,,,,0,0,Morelia,Mirador Poniente,enero,jueves,16,-101.24673306942,19.7105966155004
11891,11891,2018,"180060928",2018/01/18,17:50:00,COLISIÓN POR ALCANCE,ASFALTO,Bueno,Bueno,2,MAZDA,GRIS,2,,38,MASCULINO,SIN DATOS,0,0,Morelia,Loma Real,enero,jueves,18,-101.198244094849,19.7285436885333
11893,11893,2018,"180060782",2018/01/18,18:10:00,COLISIÓN POR CORTE DE CIRCULACIÓN,ASFALTO,Bueno,Regular,2,VOLKSWAGEN,BLANCO,2,,57,MASCULINO,SIN DATOS,0,0,Morelia,Leandro Valle,enero,jueves,18,-101.230773925781,19.7233072296804
11894,11894,2018,,2018/01/18,19:30:00,COLISIÓN POR INVASIÓN DE CARRIL,ASFALTO,Bueno,Regular,2,NISSAN,BLANCO,3,MINISTERIO PÚBLICO,32,MASCULINO,SIN DATOS,1,0,Tacámbaro,Sin datos,enero,jueves,20,-101.469039916992,19.2090495750855
11895,11895,2018,,2018/01/18,19:55:00,COLISIÓN POR CORTE DE CIRCULACIÓN,ASFALTO,Bueno,Bueno,2,NISSAN,GRIS,4,MINISTERIO PÚBLICO,31,FEMENINO,SIN DATOS,2,0,Lázaro Cárdenas,1Er Sect de Fidelac,enero,jueves,20,-102.191449999809,17.9603223894081
11896,11896,2018,"180061652",2018/01/18,23:00:00,COLISIÓN POR CAMBIO DE CARRIL,ASFALTO,Bueno,Regular,2,VOLKSWAGEN,NEGRO,2,,21,MASCULINO,SIN DATOS,0,0,Morelia,Rincon de La Trinidad,enero,jueves,23,-101.225860118866,19.670963518634
11897,11897,2018,"180062112",2018/01/19,"08:40:00",COLISIÓN POR CORTE DE CIRCULACIÓN,ASFALTO,Bueno,Bueno,2,CHEVROLET,NEGRO,2,,34,FEMENINO,SIN DATOS,0,0,Morelia,3 de Agosto,enero,viernes,9,-101.171958446503,19.7309977461579
11898,11898,2018,"180062139",2018/01/19,"08:50:00",COLISIÓN POR CORTE DE CIRCULACIÓN,ASFALTO,Bueno,Bueno,1,CHEVROLET,GRIS,1,,49,FEMENINO,SIN DATOS,0,0,Morelia,El Realito,enero,viernes,9,-101.204246878624,19.7257108714433
11899,11899,2018,,2018/01/19,"09:20:00",VOLCADURA,ASFALTO,Bueno,Bueno,1,RENAULT,AZUL,0,MINISTERIO PÚBLICO,,,,0,0,Morelia,Valle de Las Flores,enero,viernes,9,-101.127047538757,19.6878089098199
11900,11900,2018,"110063114",2018/01/19,10:50:00,COLISIÓN POR CORTE DE CIRCULACIÓN,ASFALTO,Bueno,Bueno,2,CHRYSLER,ROJO,2,,26,MASCULINO,SIN DATOS,0,0,Tarímbaro,Sin datos,enero,viernes,11,-101.157678365707,19.7683291066247
11901,11901,2018,"180062561",2018/01/19,11:00:00,COLISIÓN POR ALCANCE,ASFALTO,Bueno,Bueno,2,VOLKSWAGEN,GRIS,2,,31,FEMENINO,SIN DATOS,0,0,Morelia,Pascual Ortiz de Ayala,enero,viernes,11,-101.150833368301,19.6950011248065
11902,11902,2018,"180063082",2018/01/19,13:45:00,COLISIÓN POR CAMBIO DE CARRIL,ASFALTO,Bueno,Bueno,2,VOLVO,GRIS,2,,29,FEMENINO,SIN DATOS,0,0,Morelia,Cinco de Diciembre,enero,viernes,14,-101.160714626312,19.6881321623714
11903,11903,2018,"180063256",2018/01/19,14:50:00,COLISIÓN POR CORTE DE CIRCULACIÓN,ASFALTO,Bueno,Bueno,2,HONDA,GRIS,2,,45,MASCULINO,SIN DATOS,0,0,Morelia,Felix Ireta,enero,viernes,15,-101.188319921494,19.6842530886866
11904,11904,2018,"180063381",2018/01/19,15:15:00,COLISIÓN POR CORTE DE CIRCULACIÓN,ASFALTO,Bueno,Bueno,2,NISSAN,BLANCO,2,,0,MASCULINO,SIN DATOS,0,0,Morelia,Vasco de Quiroga,enero,viernes,15,-101.173117160797,19.7026904775419
11905,11905,2018,"121137231",2018/01/19,16:00:00,COLISIÓN POR ALCANCE,ASFALTO,Bueno,Bueno,2,PEUGEOT,BLANCO,2,,56,MASCULINO,SIN DATOS,0,0,Morelia,Centro,enero,viernes,16,-101.186549663544,19.7039101340229
11906,11906,2018,"180063804",2018/01/19,16:30:00,COLISIÓN POR CORTE DE CIRCULACIÓN,ASFALTO,Bueno,Bueno,2,KAWASAKI,AZUL,2,,50,MASCULINO,SIN DATOS,0,0,Morelia,Canteras de Morelia,enero,viernes,17,-101.173589229584,19.7164546323639
11907,11907,2018,"180063863",2018/01/19,17:10:00,COLISIÓN POR CORTE DE CIRCULACIÓN,CONCRETO,Bueno,Bueno,2,SUZUKI,ROJO,2,,24,MASCULINO,SIN DATOS,0,0,Morelia,Rinconada del Valle,enero,viernes,17,-101.223156452179,19.6777928082427
11908,11908,2018,"180063964",2018/01/19,17:30:00,COLISIÓN CONTRA OBJETO FIJO,CONCRETO,Bueno,Bueno,2,JEEP,NEGRO,2,,72,MASCULINO,SIN DATOS,0,0,Morelia,12 de Diciembre,enero,viernes,18,-101.150785088539,19.7031677355331
11909,11909,2018,,2018/01/19,18:40:00,COLISIÓN POR INVASIÓN DE CARRIL,ASFALTO,Bueno,Bueno,2,CHEVROLET,AZUL,3,MINISTERIO PÚBLICO,63,MASCULINO,ALIENTO ETÍLICO,1,0,Ario,Las Planillas,enero,viernes,19,-101.685247421265,19.2129400257698
11910,11910,2018,"231415116",2018/01/19,19:32:00,VOLCADURA,ASFALTO,Bueno,Bueno,1,CHRYSLER,PLATA,1,,16,MASCULINO,SIN DATOS,0,0,Morelia,Sin datos,enero,viernes,20,-101.342353820801,19.7283518058955
11911,11911,2018,"180064665",2018/01/19,20:20:00,COLISIÓN POR ALCANCE,CONCRETO,Bueno,Bueno,2,CHEVROLET,BLANCO,2,,58,MASCULINO,SIN DATOS,0,0,Morelia,Enrique Arreguin Robles,enero,viernes,20,-101.184210777283,19.7198279446898
11912,11912,2018,"180065012",2018/01/19,21:35:00,COLISIÓN CONTRA OBJETO FIJO,ASFALTO,Bueno,Bueno,1,TOYOTA,GRIS,1,,,MASCULINO,CON CERTIFICADO,0,0,Morelia,Lomas de Morelia (Dr Ignacio Chavez),enero,viernes,22,-101.175364851952,19.7174545137991
11913,11913,2018,"180065098",2018/01/20,"00:30:00",COLISIÓN POR CORTE DE CIRCULACIÓN,ASFALTO,Bueno,Bueno,2,KEENWORTH,BLANCO,2,,30,MASCULINO,SIN DATOS,0,0,Morelia,Sin datos,enero,sábado,1,-101.325101852417,19.5662602167615
11914,11914,2018,,2018/01/20,"00:32:00",VOLCADURA,ASFALTO,Bueno,Bueno,1,CHEVROLET,CAFE,1,,0,MASCULINO,ALIENTO ETÍLICO,0,0,Pátzcuaro,Centro,enero,sábado,1,-101.617848873138,19.5164743556018
11915,11915,2018,,2018/01/20,"01:00:00",COLISIÓN CONTRA OBJETO FIJO,TERRACERIA,Bueno,Bueno,1,RENAULT,GUINDA,0,,,,,0,0,Morelia,La Joya,enero,sábado,1,-101.197675466537,19.6646289913668
11916,11916,2018,"180065396",2018/01/20,"01:30:00",COLISIÓN POR MANIOBRA DE REVERSA,ASFALTO,Bueno,Bueno,1,HONDA,AZUL,1,MINISTERIO PÚBLICO,22,MASCULINO,SIN DATOS,0,0,Morelia,Loma de Los Piñones,enero,sábado,2,-101.205099821091,19.6741913034707
11917,11917,2018,"180065419",2018/01/20,"01:45:00",COLISIÓN POR CORTE DE CIRCULACIÓN,CONCRETO,Bueno,Bueno,1,LINCOLN,BLANCO,1,,63,MASCULINO,CON CERTIFICADO,0,0,Morelia,Americas Britania,enero,sábado,2,-101.15007430315,19.6916790586348
11918,11918,2018,"180065466",2018/01/20,"03:20:00",COLISIÓN CONTRA OBJETO FIJO,ASFALTO,Bueno,Bueno,1,VOLKSWAGEN,VERDE,1,,19,MASCULINO,CON CERTIFICADO,0,0,Morelia,Enrique Arreguin Robles,enero,sábado,3,-101.183931827545,19.7194643575625
11919,11919,2018,,2018/01/20,"06:30:00",COLISIÓN CONTRA OBJETO FIJO,ADOQUIN_EMPEDRADO,Bueno,Bueno,1,INTERNACIONAL,BLANCO/AZUL,1,,25,MASCULINO,SIN DATOS,0,0,Cuitzeo,Centro,enero,sábado,7,-101.139750480652,19.9691237371964
11920,11920,2018,"180065633",2018/01/20,"07:50:00",COLISIÓN POR CORTE DE CIRCULACIÓN,CONCRETO,Bueno,Bueno,1,NISSAN,AZUL,1,,,,SIN DATOS,0,0,Morelia,Elias Perez Avalos,enero,sábado,8,-101.16772390902,19.7138513763643
11921,11921,2018,"180065772",2018/01/20,"09:10:00",COLISIÓN POR ALCANCE,ASFALTO,Bueno,Bueno,3,NISSAN,GRIS,3,,43,MASCULINO,SIN DATOS,0,0,Morelia,La Esperanza,enero,sábado,9,-101.25164821744,19.6982688292069
11922,11922,2018,"180065867",2018/01/20,"09:24:00",COLISIÓN POR ALCANCE,ASFALTO,Bueno,Bueno,2,ITALIKA,NEGRO,2,,27,MASCULINO,SIN DATOS,0,0,Morelia,Diego Rivera,enero,sábado,9,-101.175391674042,19.7175656113503
11923,11923,2018,"180065774",2018/01/20,"09:30:00",COLISIÓN POR CORTE DE CIRCULACIÓN,ASFALTO,Bueno,Bueno,2,DODGE,GRIS,2,,31,FEMENINO,SIN DATOS,0,0,Morelia,Centro,enero,sábado,10,-101.180219650269,19.704167700041
11924,11924,2018,"180065953",2018/01/20,10:15:00,COLISIÓN POR ALCANCE,ASFALTO,Bueno,Regular,2,FORD,GRIS,2,,35,MASCULINO,SIN DATOS,0,0,Morelia,Felix Ireta,enero,sábado,10,-101.193544864655,19.6822731086094
11925,11925,2018,,2018/01/20,10:30:00,COLISIÓN POR CAMBIO DE CARRIL,ASFALTO,Bueno,Bueno,2,CHEVROLET,BLANCO,2,,32,MASCULINO,SIN DATOS,0,0,Morelia,Isaac Arriaga,enero,sábado,11,-101.172363460064,19.7078291329001
11926,11926,2018,"180066458",2018/01/20,13:15:00,COLISIÓN POR ALCANCE,ASFALTO,Bueno,Bueno,2,NISSAN,BLANCO/NARANJA,2,,36,MASCULINO,SIN DATOS,0,0,Morelia,Lomas del Tecnologico,enero,sábado,13,-101.188577413559,19.7202622282303
11929,11929,2018,"180066669",2018/01/20,14:40:00,COLISIÓN POR CORTE DE CIRCULACIÓN,ASFALTO,Bueno,Regular,3,INTERNATIONAL,BLANCO,3,,40,MASCULINO,SIN DATOS,0,0,Morelia,Sentimientos de La Nacion,enero,sábado,15,-101.233295202255,19.6782928705272
11930,11930,2018,"180066801",2018/01/20,14:40:00,COLISIÓN POR ALCANCE,ASFALTO,Bueno,Bueno,3,NISSAN,BLANCO,3,,42,MASCULINO,SIN DATOS,0,0,Morelia,Centro,enero,sábado,15,-101.189033389092,19.6959708369378
11931,11931,2018,"180066828",2018/01/20,14:40:00,COLISIÓN POR ALCANCE,ASFALTO,Bueno,Bueno,2,VOLKSWAGEN,GRIS,2,,29,MASCULINO,SIN DATOS,0,0,Tarímbaro,Campestre,enero,sábado,15,-101.162624359131,19.7973944599676
11932,11932,2018,"180066920",2018/01/20,14:55:00,COLISIÓN POR ALCANCE,ASFALTO,Bueno,Bueno,2,VOLKSWAGEN,VERDE,2,,40,MASCULINO,SIN DATOS,0,0,Tarímbaro,Sin datos,enero,sábado,15,-101.167860031128,19.7586058201327
11933,11933,2018,"180067030",2018/01/20,15:00:00,SUBIDA AL CAMELLÓN,ASFALTO,Bueno,Bueno,1,MERCEDEZ BENZ,BLANCO,1,,37,MASCULINO,SIN DATOS,0,0,Morelia,Las Americas,enero,sábado,15,-101.158976554871,19.6881321623714
11934,11934,2018,"180066873",2018/01/20,15:35:00,COLISIÓN POR CORTE DE CIRCULACIÓN,ASFALTO,Bueno,Bueno,2,CHEVROLET,BLANCO,2,,28,MASCULINO,SIN DATOS,0,0,Morelia,Fuentes de Morelia,enero,sábado,16,-101.204937547445,19.6736230362077
11935,11935,2018,"18006761",2018/01/20,16:20:00,COLISIÓN CONTRA OBJETO FIJO,ASFALTO,Bueno,Bueno,1,NISSAN,BLANCO,1,,31,MASCULINO,SIN DATOS,0,0,Morelia,El Eden,enero,sábado,16,-101.247639656067,19.6489734522823
11936,11936,2018,"180067148",2018/01/20,16:50:00,COLISIÓN POR ALCANCE,ASFALTO,Bueno,Bueno,2,VOLKSWAGEN,BLANCO,2,,24,MASCULINO,CON CERTIFICADO,0,0,Morelia,Bosques de Oriente,enero,sábado,17,-101.155103445053,19.7163536338914
11937,11937,2018,,2018/01/20,17:00:00,COLISIÓN POR NO RESPETAR SEMÁFORO,ASFALTO,Bueno,Bueno,2,HONDA,PLATA,2,,60,MASCULINO,SIN DATOS,0,0,Pátzcuaro,Centro,enero,sábado,17,-101.610360145569,19.5300244247754
11938,11938,2018,"180068602",2018/01/20,20:30:00,COLISIÓN POR NO RESPETAR SEMÁFORO,ASFALTO,Bueno,Bueno,2,MAZDA,GRIS,2,,45,MASCULINO,SIN DATOS,0,0,Morelia,Lomas de Las Americas Norte,enero,sábado,21,-101.14914894104,19.6948395055468
11939,11939,2018,"180068115",2018/01/20,20:55:00,COLISIÓN POR CORTE DE CIRCULACIÓN,ASFALTO,Bueno,Regular,1,SEAT,AMARILLO,1,,,FEMENINO,SIN DATOS,0,0,Morelia,Primo Tapia Oriente,enero,sábado,21,-101.158075332642,19.7142326512308
11940,11940,2018,"180068200",2018/01/20,21:10:00,COLISIÓN POR CAMBIO DE CARRIL,ASFALTO,Bueno,Regular,2,GMC,BLANCO,3,MINISTERIO PÚBLICO,42,MASCULINO,CON CERTIFICADO,1,0,Morelia,Tinijaro,enero,sábado,21,-101.263412386179,19.6962839718919
11941,11941,2018,"180068315",2018/01/20,21:30:00,SALIDA DE SUPERFICIE DE RODAMIENTO,CONCRETO,Bueno,Bueno,1,FORD,ROJO,1,,,,SIN DATOS,0,0,Morelia,Jose Trinidad Guido,enero,sábado,22,-101.187000274658,19.6682610196738
11942,11942,2018,"180068772",2018/01/20,23:54:00,SALIDA DE SUPERFICIE DE RODAMIENTO,CONCRETO,Bueno,Regular,1,CHEVROLET,AZUL,1,,27,FEMENINO,SIN DATOS,0,0,Morelia,Hospitales de Don Vasco,enero,sábado,0,-101.15565598011,19.701203140597
11943,11943,2018,"180068936",2018/01/21,"02:00:00",COLISIÓN POR CORTE DE CIRCULACIÓN,ASFALTO,Bueno,Bueno,2,CHEVROLET,CAFE,2,,39,MASCULINO,CON CERTIFICADO,0,0,Morelia,Eva Samano,enero,domingo,2,-101.198576688766,19.7291900283545
11944,11944,2018,,2018/01/21,"02:30:00",COLISIÓN CONTRA OBJETO FIJO,ASFALTO,Bueno,Bueno,1,JEEP,NEGRO,1,,40,MASCULINO,SIN DATOS,0,0,Morelia,Torreon Nuevo,enero,domingo,3,-101.204005479813,19.7471047192631
11945,11945,2018,"180069035",2018/01/21,"04:10:00",VOLCADURA,ASFALTO,Bueno,Regular,1,TOYOTA,VERDE,1,,31,MASCULINO,CON CERTIFICADO,0,0,Morelia,El Lago 1,enero,domingo,4,-101.217920780182,19.7275438764717
11946,11946,2018,"180069054",2018/01/21,"04:40:00",SALIDA DE SUPERFICIE DE RODAMIENTO,ASFALTO,Bueno,Bueno,1,NISSAN,GRIS,1,,34,MASCULINO,SIN DATOS,0,0,Morelia,Alberto Oviedo Mota,enero,domingo,5,-101.197729110718,19.6813437217652
11947,11947,2018,"180069068",2018/01/21,"05:00:00",SALIDA DE SUPERFICIE DE RODAMIENTO,ASFALTO,Bueno,Bueno,1,HONDA,GRIS,1,,26,MASCULINO,CON CERTIFICADO,0,0,Morelia,Gertrudis Sanchez,enero,domingo,5,-101.205776745,19.7441101549991
11948,11948,2018,"180069403",2018/01/21,"07:45:00",COLISIÓN POR INVASIÓN DE CARRIL,ASFALTO,Bueno,Bueno,2,CHEVROLET,BLANCO,2,,29,MASCULINO,CON CERTIFICADO,0,0,Morelia,Eduardo Ruiz,enero,domingo,8,-101.223464906216,19.7230358077769
11949,11949,2018,"180069197",2018/01/21,"07:50:00",COLISIÓN POR CORTE DE CIRCULACIÓN,ASFALTO,Bueno,Bueno,2,NISSAN,VERDE,2,,27,MASCULINO,SIN DATOS,0,0,Morelia,Leandro Valle,enero,domingo,8,-101.230623722076,19.7158688403353
11950,11950,2018,,2018/01/21,"08:50:00",SALIDA DE SUPERFICIE DE RODAMIENTO,CONCRETO,Bueno,Bueno,2,FORD,GRIS,0,,,,,0,0,Morelia,Puerta Nogal,enero,domingo,9,-101.242323517799,19.6735952542009
11951,11951,2018,,2018/01/21,"09:50:00",COLISIÓN POR CORTE DE CIRCULACIÓN,ASFALTO,Bueno,Bueno,3,NISSAN,BLANCO,4,,60,MASCULINO,SIN DATOS,1,0,Morelia,Irrigacion,enero,domingo,10,-101.225044727325,19.7048393898628
11952,11952,2018,,2018/01/21,11:00:00,COLISIÓN POR CAMBIO DE CARRIL,CONCRETO,Bueno,Bueno,2,SUZUKI,ROJO Y NEGRO,3,,36,MASCULINO,SIN DATOS,1,0,Morelia,Ricardo Flores Magon,enero,domingo,11,-101.242489814758,19.7058292434073
11953,11953,2018,,2018/01/21,11:35:00,COLISIÓN POR CAMBIO DE CARRIL,ASFALTO,Bueno,Bueno,2,CHEVROLET,BLANCO,2,,23,FEMENINO,SIN DATOS,0,0,Morelia,Centro,enero,domingo,12,-101.191484928131,19.7057029869184
11954,11954,2018,"1335002711",2018/01/21,12:30:00,COLISIÓN POR CORTE DE CIRCULACIÓN,ASFALTO,Bueno,Bueno,2,BMW,NEGRO,2,,53,MASCULINO,SIN DATOS,0,0,Morelia,Elias Perez Avalos,enero,domingo,13,-101.165564060211,19.7103138092562
11956,11956,2018,"180070233",2018/01/21,13:00:00,COLISIÓN POR ALCANCE,ASFALTO,Bueno,Bueno,2,VOLKSWAGEN,GRIS,2,,25,MASCULINO,SIN DATOS,0,0,Morelia,San Pascual,enero,domingo,13,-101.267327070236,19.6952536545731
11957,11957,2018,"180070353",2018/01/21,13:14:00,CAIDA ACUATICA DE VEHÍCULO,CONCRETO,Bueno,Bueno,1,NISSAN,ROJO,1,,45,MASCULINO,SIN DATOS,0,0,Morelia,Loma Real,enero,domingo,13,-101.199392080307,19.7315127905028
11958,11958,2018,"180070279",2018/01/21,14:05:00,COLISIÓN POR ALCANCE,SIN_DATOS,Bueno,Bueno,2,CHEVROLET,BLANCO,2,,,MASCULINO,SIN DATOS,0,0,Morelia,Barrio Alto,enero,domingo,14,-101.196956634521,19.7250392692962
11959,11959,2018,,2018/01/21,15:10:00,COLISIÓN POR CAMBIO DE CARRIL,ASFALTO,Bueno,Regular,2,FORD,BLANCO,2,,26,MASCULINO,SIN DATOS,0,0,Copándaro,Centro,enero,domingo,15,-101.208457946777,19.8883824078096
11960,11960,2018,"180071008",2018/01/21,16:40:00,COLISIÓN POR CORTE DE CIRCULACIÓN,CONCRETO,Bueno,Regular,2,VOLKSWAGEN,ROJO,2,,49,MASCULINO,SIN DATOS,0,0,Morelia,Guadalupe,enero,domingo,17,-101.225559711456,19.7068291912791
11961,11961,2018,LEG12483,2018/01/21,17:25:00,COLISIÓN POR ALCANCE,ASFALTO,Bueno,Bueno,2,NISSAN,AZUL,2,,35,MASCULINO,SIN DATOS,0,0,Morelia,San Jose Itzicuaro,enero,domingo,17,-101.30012512207,19.6878089098199
11963,11963,2018,"180071765",2018/01/21,20:49:00,COLISIÓN POR CORTE DE CIRCULACIÓN,ASFALTO,Bueno,Bueno,2,HYUNDAY,BLANCO,2,MINISTERIO PÚBLICO,28,MASCULINO,ALIENTO ETÍLICO,0,0,Morelia,Centro,enero,domingo,21,-101.192643642426,19.696172859559
11964,11964,2018,"180072052",2018/01/21,21:45:00,COLISIÓN POR CORTE DE CIRCULACIÓN,ASFALTO,Bueno,Bueno,2,NISSAN,ROJO,2,,26,FEMENINO,SIN DATOS,0,0,Morelia,Libertad,enero,domingo,22,-101.232648789883,19.6868517753916
11965,11965,2018,,2018/01/21,22:00:00,VOLCADURA,ASFALTO,Bueno,Bueno,1,INTERNATIONAL,BLANCO,3,MINISTERIO PÚBLICO,,,,2,1,Tuzantla,Sin datos,enero,domingo,22,-100.65319776535,19.176037830906
11966,11966,2018,"12647",2018/01/21,22:00:00,VOLCADURA,ASFALTO,Bueno,Bueno,1,INTERNATIONAL,BLANCO,3,MINISTERIO PÚBLICO,,,,2,1,Zitácuaro,Poetas,enero,domingo,22,-100.351824760437,19.4293223291751
11967,11967,2018,"180072072",2018/01/21,22:30:00,COLISIÓN CONTRA OBJETO FIJO,ASFALTO,Bueno,Bueno,1,VOLKSWAGEN,GRIS,1,,26,MASCULINO,CON CERTIFICADO,0,0,Morelia,Sin datos,enero,domingo,23,-101.262531280518,19.6403241095944
11968,11968,2018,"180072006",2018/01/21,23:00:00,COLISIÓN POR ALCANCE,ASFALTO,Bueno,Bueno,4,NISSAN,GRIS,3,,,MASCULINO,SIN DATOS,0,0,Morelia,Tinijaro,enero,domingo,23,-101.261672973633,19.6967991280642
11969,11969,2018,"1800621596",2018/01/22,"01:50:00",SUBIDA AL CAMELLÓN,ASFALTO,Bueno,Bueno,1,CHRYSLER,GRIS,1,,28,MASCULINO,SIN DATOS,0,0,Morelia,Congreso Constituyente de Michoacan,enero,lunes,2,-101.171457955842,19.7231804550749
11970,11970,2018,LEG12505,2018/01/22,"08:00:00",COLISIÓN POR ALCANCE,ASFALTO,Bueno,Bueno,2,CHEVROLET,BLANCO,2,,0,MASCULINO,SIN DATOS,0,0,Morelia,Tres Puentes,enero,lunes,8,-101.214868426323,19.7032283396206
11971,11971,2018,"180072708",2018/01/22,"08:10:00",COLISIÓN POR CAMBIO DE CARRIL,ASFALTO,Bueno,Bueno,2,MERCEDES BENZ,BLANCO,2,,38,MASCULINO,SIN DATOS,0,0,Morelia,Centro,enero,lunes,8,-101.197407245636,19.6977385262272
11972,11972,2018,"180074868",2018/01/22,"09:30:00",COLISIÓN POR CORTE DE CIRCULACIÓN,ASFALTO,Bueno,Bueno,2,HONDA,GRIS,1,,32,MASCULINO,SIN DATOS,0,0,Morelia,Tres Puentes,enero,lunes,10,-101.214892566204,19.7042434546732
11973,11973,2018,"180073415",2018/01/22,13:00:00,COLISIÓN POR ALCANCE,ASFALTO,Bueno,Bueno,3,NISSAN,BLANCO,3,,51,MASCULINO,SIN DATOS,0,0,Morelia,Diego Rivera,enero,lunes,13,-101.175842285156,19.7182725939583
11974,11974,2018,LEG12501,2018/01/22,14:37:00,COLISIÓN POR ALCANCE,ASFALTO,Bueno,Bueno,3,VOLKWAGEN,AZUL,3,,32,FEMENINO,SIN DATOS,0,0,Morelia,Lomas de Huerta,enero,lunes,15,-101.211075782776,19.6727567404581
11975,11975,2018,"180073831",2018/01/22,14:45:00,COLISIÓN POR CAMBIO DE CARRIL,ASFALTO,Bueno,Bueno,2,INTERNACIONAL,BLANCO,2,,20,MASCULINO,SIN DATOS,0,0,Morelia,Insurgentes,enero,lunes,15,-101.152582168579,19.6985567072314
11976,11976,2018,"180073979",2018/01/22,15:30:00,COLISIÓN POR CORTE DE CIRCULACIÓN,ASFALTO,Bueno,Bueno,2,CHEVROLET,AZUL,2,,27,MASCULINO,SIN DATOS,0,0,Morelia,Guadalupe,enero,lunes,16,-101.222587823868,19.7086169612896
11977,11977,2018,"180074022",2018/01/22,15:40:00,COLISIÓN CONTRA OBJETO FIJO,ASFALTO,Bueno,Bueno,1,RAM,BLANCO,3,,32,MASCULINO,SIN DATOS,2,0,Morelia,Leandro Valle,enero,lunes,16,-101.228907108307,19.7185755855474
11978,11978,2018,"180074120",2018/01/22,16:06:00,COLISIÓN POR CORTE DE CIRCULACIÓN,CONCRETO,Bueno,Bueno,2,VOLKSWAGEN,PLATA,2,,42,MASCULINO,SIN DATOS,0,0,Morelia,Niño Artillero,enero,lunes,16,-101.254059523344,19.6960017716682
11979,11979,2018,"180074085",2018/01/22,16:06:00,COLISIÓN POR CAMBIO DE CARRIL,ASFALTO,Bueno,Bueno,2,VOLKSWAGEN,BLANCO,2,,20,MASCULINO,SIN DATOS,0,0,Morelia,Los Manantiales de Morelia,enero,lunes,16,-101.237779855728,19.7007309271645
11981,11981,2018,"180074352",2018/01/22,16:40:00,COLISIÓN POR ALCANCE,ASFALTO,Bueno,Bueno,2,BMW,NEGRO,2,,28,MASCULINO,SIN DATOS,0,0,Morelia,Centro,enero,lunes,17,-101.190572977066,19.7009733470686
11982,11982,2018,"180074194",2018/01/22,16:50:00,COLISIÓN POR NO RESPETAR SEMÁFORO,ASFALTO,Bueno,Bueno,2,HONDA,BLANCO,2,,28,MASCULINO,SIN DATOS,0,0,Morelia,Jardines del Toreo,enero,lunes,17,-101.214079856873,19.6880715525677
11983,11983,2018,"180074315",2018/01/22,17:10:00,COLISIÓN POR CORTE DE CIRCULACIÓN,CONCRETO,Bueno,Bueno,2,CARABELA,SIN DATOS,2,MINISTERIO PÚBLICO,20,MASCULINO,SIN DATOS,0,0,Morelia,Centro,enero,lunes,17,-101.196291446686,19.69721327202
11984,11984,2018,"180038458",2018/01/22,17:30:00,COLISIÓN POR CORTE DE CIRCULACIÓN,ASFALTO,Bueno,Bueno,2,TOYOTA,BLANCO Y MORADO,2,,40,MASCULINO,SIN DATOS,0,0,Morelia,Sin datos,enero,lunes,18,-101.12717628479,19.6958496232427
11985,11985,2018,"180075198",2018/01/22,19:20:00,COLISIÓN POR ALCANCE,ASFALTO,Bueno,Bueno,2,DINAMO,NARANJA Y NEGRO,2,MINISTERIO PÚBLICO,28,MASCULINO,SIN DATOS,0,0,Morelia,Ana Maria Gallaga (Riviera Norte),enero,lunes,19,-101.219530105591,19.6771008002847
11986,11986,2018,"180075331",2018/01/22,21:20:00,COLISIÓN POR ALCANCE,ASFALTO,Bueno,Bueno,2,DODGE,GRIS,2,,36,MASCULINO,CON CERTIFICADO,0,0,Morelia,Villa de Santa Maria,enero,lunes,21,-101.168632507324,19.6615020471234
11987,11987,2018,"180075908",2018/01/23,"02:30:00",COLISIÓN CONTRA OBJETO FIJO,CONCRETO,Bueno,Bueno,1,NISSAN,GRIS,0,,,,,0,0,Morelia,Tinijaro,enero,martes,3,-101.26301407814,19.6958193198045
11988,11988,2018,"180076002",2018/01/23,"07:00:00",CAIDA DE MOTOCICLETA,ASFALTO,Nublado,Regular,1,ITALIKA,NEGRO,1,,38,MASCULINO,ALIENTO ETÍLICO,0,0,Morelia,Bosques de Oriente,enero,martes,7,-101.156873703003,19.7149396485772
11989,11989,2018,"180076144",2018/01/23,"08:05:00",COLISIÓN POR MANIOBRA DE REVERSA,ASFALTO,Bueno,Bueno,2,DODGE,BLANCO,2,,20,MASCULINO,SIN DATOS,0,0,Morelia,Centro,enero,martes,8,-101.189475953579,19.6959859886432