fid,id_accidente,anio_origen,folio_c5i,dia_incidente,hora_ocurrencia,tipo_incidente_vial,superficie_ocurrencia,condiciones_climaticas,condiciones_via,numero_vehiculos_involucrados,marca_vehiculo_ocasiona_siniestro,color_vehiculo_ocasiona_siniestro,numero_personas_involucradas,lugar_remite_presunto_responsable,edad_presunto_responsable,sexo_presunto_responsable,resultados_toxicologia,numero_personas_lesionadas,numero_personas_fallecidas,municipio,colonia,mes,dia_semana,hora_redondeada,lon,lat
11990,11990,2018,,2018/01/23,"08:20:00",SUBIDA AL CAMELLÓN,ASFALTO,Bueno,Bueno,1,FORD,GRIS,1,,35,MASCULINO,SIN DATOS,0,0,Morelia,Valle de Las Flores,enero,martes,8,-101.126918792725,19.687869519723
11991,11991,2018,"1800763668",2018/01/23,"09:52:00",COLISIÓN POR ALCANCE,ASFALTO,Bueno,Bueno,3,VOLKSWAGEN,GRIS,3,,22,FEMENINO,SIN DATOS,0,0,Morelia,Morelos,enero,martes,10,-101.207210719585,19.7014102070103
11992,11992,2018,"180129245",2018/01/23,10:00:00,COLISIÓN POR CAMBIO DE CARRIL,CONCRETO,Bueno,Bueno,2,CHEVROLET,BLANCO,2,,36,MASCULINO,SIN DATOS,0,0,Morelia,Nueva Chapultepec,enero,martes,10,-101.170874834061,19.6858390754803
11993,11993,2018,"180076557",2018/01/23,10:20:00,COLISIÓN POR CAMBIO DE CARRIL,ASFALTO,Bueno,Bueno,2,KAWASAKI,NEGRO,2,,18,MASCULINO,SIN DATOS,0,0,Morelia,Alberto Oviedo Mota,enero,martes,10,-101.201999187469,19.6780302117441
11994,11994,2018,"180076897",2018/01/23,12:00:00,VOLCADURA,ASFALTO,Bueno,Bueno,1,VOLKSWAGEN,BLANCO,1,,18,MASCULINO,SIN DATOS,0,0,Morelia,Valle de Las Flores,enero,martes,12,-101.128334999084,19.6871826061444
11995,11995,2018,"180076880",2018/01/23,12:40:00,COLISIÓN CONTRA OBJETO FIJO,ASFALTO,Bueno,Bueno,1,FREIGHTLINER,BLANCO,1,,34,MASCULINO,SIN DATOS,0,0,Morelia,Jardines del Toreo,enero,martes,13,-101.214702129364,19.6868997585202
11996,11996,2018,"180073378",2018/01/23,14:10:00,COLISIÓN POR CORTE DE CIRCULACIÓN,CONCRETO,Bueno,Bueno,2,YAMAHA,BLANCO,2,,26,MASCULINO,SIN DATOS,0,0,Morelia,Infonavit Benito Juarez,enero,martes,14,-101.197782754898,19.6840308472444
11997,11997,2018,"180076213",2018/01/23,14:28:00,COLISIÓN POR INVASIÓN DE CARRIL,ASFALTO,Bueno,Bueno,2,DODGE,VERDE,1,,30,MASCULINO,SIN DATOS,0,0,Morelia,Sin datos,enero,martes,14,-101.281628608704,19.6698269592026
11998,11998,2018,"180077648",2018/01/23,14:40:00,COLISIÓN POR CORTE DE CIRCULACIÓN,ASFALTO,Bueno,Bueno,2,JEEP,AZUL,2,,27,MASCULINO,SIN DATOS,0,0,Morelia,Asociacion Zirahuen,enero,martes,15,-101.250128746033,19.6987991304293
11999,11999,2018,"180077983",2018/01/23,15:00:00,COLISIÓN POR MANIOBRA DE REVERSA,CONCRETO,Bueno,Regular,2,KENWORTH,BLANCO,2,,24,MASCULINO,SIN DATOS,0,0,Morelia,Elias Perez Avalos,enero,martes,15,-101.168801486492,19.7157072421566
12000,12000,2018,"180077476",2018/01/23,15:20:00,COLISIÓN CONTRA OBJETO FIJO,ASFALTO,Bueno,Bueno,1,RAM,ROJO,1,,39,MASCULINO,SIN DATOS,0,0,Morelia,Sin datos,enero,martes,15,-101.091449260712,19.7246554953734
12001,12001,2018,,2018/01/23,16:25:00,COLISIÓN CON PEATÓN,ASFALTO,Bueno,Bueno,1,MERCEDES BENZ,AMARILLO,2,,57,MASCULINO,SIN DATOS,1,0,Morelia,Tinijaro,enero,martes,16,-101.261887550354,19.696708218272
12002,12002,2018,"180078235",2018/01/23,17:30:00,COLISIÓN POR ALCANCE,ASFALTO,Bueno,Bueno,2,SEAT,ROJO,2,,23,MASCULINO,SIN DATOS,0,0,Morelia,Alberto Oviedo Mota,enero,martes,18,-101.197793483734,19.6813437217652
12003,12003,2018,"180078297",2018/01/23,18:00:00,COLISIÓN POR CORTE DE CIRCULACIÓN,ASFALTO,Bueno,Bueno,2,CHEVROLET,BLANCO,2,,43,FEMENINO,SIN DATOS,0,0,Morelia,Felix Ireta,enero,martes,18,-101.184167861938,19.6891019161105
12004,12004,2018,,2018/01/23,19:20:00,COLISIÓN POR CAMBIO DE CARRIL,ASFALTO,Bueno,Regular,3,VOLKSWAGEN,ROJO,3,,,MASCULINO,SIN DATOS,0,0,Hidalgo,Sin datos,enero,martes,19,-100.498552322388,19.6481651222436
12005,12005,2018,"12648",2018/01/23,19:20:00,COLISIÓN POR CAMBIO DE CARRIL,ASFALTO,Bueno,Regular,3,VOLKSWAGEN,ROJO,3,,56,MASCULINO,ALIENTO ETÍLICO,0,0,Hidalgo,Centro,enero,martes,19,-100.553271,19.691029
12006,12006,2018,"180079069",2018/01/23,21:30:00,COLISIÓN POR INVASIÓN DE CARRIL,ASFALTO,Bueno,Bueno,2,VOLKSWAGEN,GRIS,2,,40,MASCULINO,SIN DATOS,0,0,Morelia,Jardines de Guadalupe,enero,martes,22,-101.222587823868,19.7136519010719
12007,12007,2018,,2018/01/24,"02:00:00",COLISIÓN POR INVASIÓN DE CARRIL,ASFALTO,Bueno,Bueno,2,FORD,ROJO,2,,0,,SIN DATOS,0,0,Pátzcuaro,San Nicolas (La Valenciana),enero,miércoles,2,-101.616840362549,19.5233911000434
12008,12008,2018,"180079409",2018/01/24,"04:05:00",SALIDA DE SUPERFICIE DE RODAMIENTO,ASFALTO,Bueno,Bueno,1,MITSUBISHI,NEGRO,1,MINISTERIO PÚBLICO,0,,SIN DATOS,0,0,Morelia,Sin datos,enero,miércoles,4,-101.324715614319,19.6863542652628
12009,12009,2018,,2018/01/24,"06:50:00",SUBIDA AL CAMELLÓN,ASFALTO,Bueno,Bueno,1,VOLKSWAGEN,NEGRO,1,,40,MASCULINO,CON CERTIFICADO,0,0,Morelia,Arcos del Valle,enero,miércoles,7,-101.234722137451,19.7059100475078
12010,12010,2018,"180079470",2018/01/24,"07:05:00",COLISIÓN POR CORTE DE CIRCULACIÓN,CONCRETO,Bueno,Bueno,1,NISSAN,NEGRO,1,,25,FEMENINO,SIN DATOS,0,0,Morelia,Independencia,enero,miércoles,7,-101.176448464394,19.7090765260582
12011,12011,2018,"180079477",2018/01/24,"07:30:00",COLISIÓN POR CAMBIO DE CARRIL,CONCRETO,Bueno,Bueno,2,MAZDA,GRIS,2,,0,FEMENINO,SIN DATOS,0,0,Morelia,Comision Federal de Electricidad,enero,miércoles,8,-101.18051469326,19.6815508138658
12012,12012,2018,"180019517",2018/01/24,"08:10:00",COLISIÓN CON PEATÓN,ASFALTO,Bueno,Bueno,1,NISSAN,BLANCO,2,MINISTERIO PÚBLICO,31,MASCULINO,SIN DATOS,1,0,Morelia,Hermanos Lopez Rayon,enero,miércoles,8,-101.220141649246,19.6753985490126
12013,12013,2018,"180069622",2018/01/24,"09:00:00",COLISIÓN POR CORTE DE CIRCULACIÓN,ASFALTO,Bueno,Bueno,2,VOLKSWAGEN,GRIS,2,,,MASCULINO,SIN DATOS,0,0,Morelia,Diego Rivera,enero,miércoles,9,-101.176550388336,19.7187775796211
12014,12014,2018,"180079745",2018/01/24,"09:35:00",COLISIÓN POR CORTE DE CIRCULACIÓN,ASFALTO,Bueno,Regular,2,MITSUBISHI,ROJO,2,,66,MASCULINO,SIN DATOS,0,0,Morelia,Felicitas del Rio,enero,miércoles,10,-101.200405955315,19.6906979563513
12015,12015,2018,"180080311",2018/01/24,12:25:00,COLISIÓN CON PEATÓN,ASFALTO,Bueno,Bueno,2,ISUZU,BLANCO,2,,33,MASCULINO,SIN DATOS,0,0,Morelia,Cinco de Diciembre,enero,miércoles,12,-101.161216199398,19.6874730295243
12016,12016,2018,"180080560",2018/01/24,13:25:00,COLISIÓN POR ALCANCE,ASFALTO,Bueno,Bueno,2,NISSAN,ROJO,2,,36,FEMENINO,SIN DATOS,0,0,Morelia,Chapultepec Oriente,enero,miércoles,13,-101.159373521805,19.6900312579325
12017,12017,2018,"180080813",2018/01/24,14:25:00,COLISIÓN POR ALCANCE,ASFALTO,Bueno,Bueno,3,HONDA,NEGRO,3,,20,FEMENINO,SIN DATOS,0,0,Morelia,Diego Rivera,enero,miércoles,14,-101.175938844681,19.7182523944986
12018,12018,2018,"180081028",2018/01/24,15:00:00,COLISIÓN POR CORTE DE CIRCULACIÓN,CONCRETO,Nublado,Bueno,2,HONDA,AZUL,2,,38,MASCULINO,SIN DATOS,0,0,Morelia,Lomas de Guayangareo,enero,miércoles,15,-101.158735156059,19.7023293766343
12019,12019,2018,"180005438",2018/01/24,15:40:00,COLISIÓN POR CORTE DE CIRCULACIÓN,ASFALTO,Bueno,Bueno,2,ITALIKA,AZUL,2,,26,MASCULINO,SIN DATOS,0,0,Morelia,Cuauhtemoc,enero,miércoles,16,-101.18438243866,19.6947991007064
12020,12020,2018,"180081009",2018/01/24,15:50:00,COLISIÓN CONTRA OBJETO FIJO,ASFALTO,Bueno,Regular,2,ITALIKA,ROJO Y NEGRO,2,,27,MASCULINO,SIN DATOS,0,0,Morelia,Centro,enero,miércoles,16,-101.204166412354,19.7025566430349
12021,12021,2018,"180080929",2018/01/24,16:00:00,COLISIÓN POR CORTE DE CIRCULACIÓN,ASFALTO,Bueno,Bueno,2,DODGE,GRIS,1,,26,MASCULINO,SIN DATOS,0,0,Morelia,Los Manantiales de Morelia,enero,miércoles,16,-101.241449117661,19.6954960827742
12022,12022,2018,"12672",2018/01/24,18:20:00,COLISIÓN POR INVASIÓN DE CARRIL,ASFALTO,Bueno,Bueno,2,CHE,VERDE,0,MINISTERIO PÚBLICO,,,,0,0,Zitácuaro,Jose Maria Morelos,enero,miércoles,18,-100.357918739319,19.4396118629014
12023,12023,2018,"180081645",2018/01/24,19:50:00,CAIDA DE MOTOCICLETA,ASFALTO,Bueno,Bueno,1,ITALIKA,ROJO,0,MINISTERIO PÚBLICO,,,,0,0,Morelia,Francisco J Mujica,enero,miércoles,20,-101.188373565674,19.7218276591071
12024,12024,2018,"180085695",2018/01/25,"00:00:00",SUBIDA AL CAMELLÓN,ASFALTO,Bueno,Bueno,1,NISSAN,BLANCO,1,,67,MASCULINO,SIN DATOS,0,0,Morelia,Fidel Velazquez,enero,jueves,0,-101.239936351776,19.7060615550864
12025,12025,2018,LEG12555,2018/01/25,"03:30:00",COLISIÓN POR ALCANCE,ASFALTO,Bueno,Bueno,2,VOLKSWAGEN,NEGRO,2,,28,MASCULINO,ALIENTO ETÍLICO,0,0,Morelia,Lomas de Las Americas Sur,enero,jueves,4,-101.146852970123,19.6943748492661
12026,12026,2018,"180082814",2018/01/25,"06:55:00",COLISIÓN POR ALCANCE,ASFALTO,Lluvioso,Bueno,2,NISSAN,GUINDA,2,,38,MASCULINO,SIN DATOS,0,0,Morelia,Cinco de Diciembre,enero,jueves,7,-101.165843009949,19.6846369595423
12027,12027,2018,,2018/01/25,"07:25:00",COLISIÓN POR CORTE DE CIRCULACIÓN,ASFALTO,Lluvioso,Bueno,1,SIN DATOS,BLANCO,2,,,,,2,0,Morelia,Las Flores,enero,jueves,7,-101.208341941237,19.7082527173963
12028,12028,2018,"180083008",2018/01/25,"08:55:00",COLISIÓN POR CORTE DE CIRCULACIÓN,ASFALTO,Nublado,Bueno,2,NISSAN,BLANCO,2,,32,FEMENINO,SIN DATOS,0,0,Morelia,Pascual Ortiz de Ayala,enero,jueves,9,-101.150908470154,19.6950011248065
12029,12029,2018,"180083565",2018/01/25,"09:15:00",CAIDA DE MOTOCICLETA,ASFALTO,Bueno,Bueno,1,ITALIKA,BLANCO,1,,28,MASCULINO,SIN DATOS,0,0,Morelia,Alberto Oviedo Mota,enero,jueves,9,-101.195669174194,19.6840914585774
12030,12030,2018,,2018/01/25,"09:20:00",COLISIÓN POR CORTE DE CIRCULACIÓN,CONCRETO,Lluvioso,Malo,3,HONDA,BLANCO,3,,30,MASCULINO,SIN DATOS,0,0,Pátzcuaro,Revolucion,enero,jueves,9,-101.61193728447,19.5347616248703
12031,12031,2018,"180084040",2018/01/25,"09:25:00",COLISIÓN POR CORTE DE CIRCULACIÓN,ASFALTO,Lluvioso,Malo,1,NISSAN,BLANCO,1,,0,,SIN DATOS,0,0,Morelia,Pascual Ortiz de Ayala,enero,jueves,9,-101.151412725449,19.6962902850904
12032,12032,2018,,2018/01/25,"09:25:00",COLISIÓN POR CORTE DE CIRCULACIÓN,CONCRETO,Nublado,Bueno,2,NISSAN,BLANCO,2,,0,FEMENINO,SIN DATOS,0,0,Morelia,Pascual Ortiz de Ayala,enero,jueves,9,-101.150854825974,19.694910213993
12033,12033,2018,"180083164",2018/01/25,"09:30:00",COLISIÓN POR CORTE DE CIRCULACIÓN,ASFALTO,Bueno,Bueno,2,SUZUKI,AZUL,2,,56,FEMENINO,SIN DATOS,0,0,Morelia,Juarez,enero,jueves,10,-101.199579834938,19.6962839718919
12034,12034,2018,"180083229",2018/01/25,10:00:00,COLISIÓN POR CORTE DE CIRCULACIÓN,ASFALTO,Nublado,Bueno,1,ITALIKA,NEGRO,1,,26,MASCULINO,SIN DATOS,0,0,Morelia,Loma Real,enero,jueves,10,-101.197578907013,19.7268167364973
12035,12035,2018,,2018/01/25,10:20:00,COLISIÓN POR CORTE DE CIRCULACIÓN,ASFALTO,Nublado,Regular,2,FORD,AZUL,2,,88,MASCULINO,SIN DATOS,0,0,Pátzcuaro,Sin datos,enero,jueves,10,-101.633319854736,19.5397312382544
12036,12036,2018,"180083392",2018/01/25,10:50:00,COLISIÓN CON PEATÓN,SIN_DATOS,Bueno,Bueno,2,CHEVROLET,ROJO,2,,30,MASCULINO,SIN DATOS,0,0,Morelia,Cinco de Diciembre,enero,jueves,11,-101.165714263916,19.6844753298205
12037,12037,2018,"180083506",2018/01/25,11:20:00,SALIDA DE SUPERFICIE DE RODAMIENTO,ASFALTO,Nublado,Regular,1,CHEVROLET,AZUL,1,,35,FEMENINO,SIN DATOS,0,0,Morelia,Fidel Velazquez,enero,jueves,11,-101.236879974604,19.7018420153759
12038,12038,2018,"180083360",2018/01/25,11:30:00,CAIDA DE MOTOCICLETA,ASFALTO,Bueno,Bueno,1,HONDA,BLANCO,1,,21,MASCULINO,SIN DATOS,0,0,Morelia,La Quemada,enero,jueves,12,-101.240150928497,19.7012637454287
12039,12039,2018,"180083818",2018/01/25,12:16:00,COLISIÓN POR ALCANCE,ASFALTO,Bueno,Bueno,2,NISSAN,BLANCO,2,,23,MASCULINO,SIN DATOS,0,0,Morelia,Independencia,enero,jueves,12,-101.177870035172,19.7193633609915
12040,12040,2018,,2018/01/25,12:30:00,COLISIÓN POR MANIOBRA DE REVERSA,ASFALTO,Bueno,Bueno,1,TOYOTA,AZUL,1,,36,FEMENINO,SIN DATOS,0,0,Cuitzeo,Centro,enero,jueves,13,-101.139745116234,19.9690783601616
12041,12041,2018,,2018/01/25,13:20:00,CAIDA DE MOTOCICLETA,ASFALTO,Bueno,Bueno,2,MERCEDES BENZ,BLANCO,2,,19,MASCULINO,SIN DATOS,0,0,Morelia,Felix Ireta,enero,jueves,13,-101.195733547211,19.6816164771589
12042,12042,2018,"180084102",2018/01/25,13:40:00,COLISIÓN POR CORTE DE CIRCULACIÓN,ASFALTO,Nublado,Bueno,2,CHEVROLET,CAFE,2,,64,MASCULINO,SIN DATOS,0,0,Morelia,Felix Ireta,enero,jueves,14,-101.18782505393,19.6819309029393
12043,12043,2018,"180084042",2018/01/25,13:56:00,SALIDA DE SUPERFICIE DE RODAMIENTO,ASFALTO,Bueno,Bueno,1,VOLKSWAGEN,NEGRO,1,,28,FEMENINO,SIN DATOS,0,0,Morelia,Sin datos,enero,jueves,14,-101.105235815048,19.7295081477751
12044,12044,2018,"180084331",2018/01/25,14:44:00,COLISIÓN POR ALCANCE,ASFALTO,Bueno,Bueno,2,DODGE,ROJO,2,,0,MASCULINO,SIN DATOS,0,0,Morelia,Virrey Antonio de Mendoza,enero,jueves,15,-101.162323951721,19.7067584880996
12045,12045,2018,"180084356",2018/01/25,14:45:00,COLISIÓN POR INVASIÓN DE CARRIL,ASFALTO,Bueno,Bueno,2,DODGE,GRIS,2,,26,MASCULINO,SIN DATOS,0,0,Morelia,Rafael Carrillo,enero,jueves,15,-101.233520507813,19.7120510397135
12046,12046,2018,"180084479",2018/01/25,15:15:00,COLISIÓN POR CORTE DE CIRCULACIÓN,CONCRETO,Nublado,Bueno,2,ITALIKA,AZUL,2,,42,MASCULINO,SIN DATOS,0,0,Morelia,Solidaridad,enero,jueves,15,-101.203554055,19.7362141149992
12047,12047,2018,"180084673",2018/01/25,16:15:00,COLISIÓN POR CAMBIO DE CARRIL,CONCRETO,Bueno,Bueno,2,DODGE,PLATA,2,,44,FEMENINO,SIN DATOS,0,0,Morelia,Central de Abastos,enero,jueves,16,-101.167752742767,19.715697142265
12049,12049,2018,"180085028",2018/01/25,17:40:00,COLISIÓN CON PEATÓN,ASFALTO,Bueno,Regular,1,TOYOTA,BLANCO Y GRIS,1,MINISTERIO PÚBLICO,,,,1,0,Morelia,Eduardo Ruiz,enero,jueves,18,-101.222351789474,19.721913504873
12051,12051,2018,"12670",2018/01/25,18:00:00,COLISIÓN POR CAMBIO DE CARRIL,ASFALTO,Bueno,Bueno,2,NISSAN,AZUL,2,MINISTERIO PÚBLICO,68,MASCULINO,SIN DATOS,0,0,Tuzantla,Tuzantla,enero,jueves,18,-100.573272,19.206838
12052,12052,2018,"180085568",2018/01/25,19:55:00,SUBIDA AL CAMELLÓN,ASFALTO,Bueno,Bueno,1,DODGE,GUINDA,1,,44,MASCULINO,SIN DATOS,0,0,Morelia,Elias Perez Avalos,enero,jueves,20,-101.169168949127,19.7129398479986
12053,12053,2018,"180085635",2018/01/25,20:40:00,COLISIÓN POR ALCANCE,ASFALTO,Bueno,Bueno,2,NISSAN,GRIS,2,,,MASCULINO,SIN DATOS,0,0,Morelia,Torreon Nuevo,enero,jueves,21,-101.204252243042,19.7474783413611
12054,12054,2018,"180086257",2018/01/26,"01:00:00",COLISIÓN CONTRA OBJETO FIJO,ASFALTO,Bueno,Bueno,1,CHEVROLET,BLANCO,1,,29,MASCULINO,SIN DATOS,0,0,Morelia,Rector Diaz Rubio,enero,viernes,1,-101.197058558464,19.668809100249
12055,12055,2018,,2018/01/26,"03:00:00",SALIDA DE SUPERFICIE DE RODAMIENTO,ASFALTO,Bueno,Bueno,1,CHEVROLET,ROJO,0,MINISTERIO PÚBLICO,,,,0,0,Ziracuaretiro,Sin datos,enero,viernes,3,-101.948103904724,19.4654188261901
12056,12056,2018,"180082442",2018/01/26,"06:40:00",COLISIÓN CONTRA OBJETO FIJO,ASFALTO,Bueno,Bueno,1,VOLKSWAGEN,GRIS,1,,22,MASCULINO,CON CERTIFICADO,0,0,Morelia,Independencia,enero,viernes,7,-101.177880764008,19.7193835603107
12057,12057,2018,"180086502",2018/01/26,"07:40:00",VOLCADURA,ASFALTO,Bueno,Bueno,2,JEEP,ROJO,2,,49,MASCULINO,SIN DATOS,0,0,Morelia,Santa Maria,enero,viernes,8,-101.201907992363,19.6778370057297
12058,12058,2018,"180086605",2018/01/26,"08:40:00",COLISIÓN POR CAMBIO DE CARRIL,ASFALTO,Nublado,Bueno,2,VOLKSWAGEN,BLANCO,2,MINISTERIO PÚBLICO,24,MASCULINO,SIN DATOS,0,0,Morelia,Alberto Oviedo Mota,enero,viernes,9,-101.199424266815,19.68113157836
12059,12059,2018,"180086664",2018/01/26,"09:20:00",COLISIÓN POR CORTE DE CIRCULACIÓN,ASFALTO,Bueno,Bueno,2,HONDA,PLATA,2,,29,MASCULINO,SIN DATOS,0,0,Morelia,Loma Dorada,enero,viernes,9,-101.255841851234,19.6975188287637
12060,12060,2018,"180087025",2018/01/26,10:50:00,COLISIÓN POR CORTE DE CIRCULACIÓN,ASFALTO,Bueno,Bueno,2,VOLKSWAGEN,BLANCO,2,,21,MASCULINO,SIN DATOS,0,0,Morelia,Felix Ireta,enero,viernes,11,-101.180820465088,19.6854855129058
12061,12061,2018,LEG12616,2018/01/26,10:50:00,COLISIÓN POR CORTE DE CIRCULACIÓN,ASFALTO,Bueno,Bueno,2,VOLKWAGEN,BLANCO,2,MINISTERIO PÚBLICO,21,MASCULINO,SIN DATOS,0,0,Morelia,Comision Federal de Electricidad,enero,viernes,11,-101.181271076202,19.6816063751156
12062,12062,2018,"180086101",2018/01/26,11:30:00,COLISIÓN POR ALCANCE,ASFALTO,Bueno,Bueno,2,MERCEDES BENZ,BLANCO,2,,38,MASCULINO,SIN DATOS,0,0,Morelia,Canteras de Morelia,enero,viernes,12,-101.17152929306,19.714899248813
12063,12063,2018,"180087608",2018/01/26,13:00:00,COLISIÓN POR CORTE DE CIRCULACIÓN,ASFALTO,Bueno,Bueno,2,NISSAN,BLANCO/MORADO,2,,58,MASCULINO,SIN DATOS,0,0,Morelia,Centro,enero,viernes,13,-101.178924143314,19.7044000141329
12064,12064,2018,"180087528",2018/01/26,13:00:00,COLISIÓN CON PEATÓN,ASFALTO,Bueno,Bueno,1,FORD,GUINDA,1,,,,,1,0,Morelia,Isaac Arriaga,enero,viernes,13,-101.168541312218,19.7090664257478
12065,12065,2018,"18008685",2018/01/26,13:20:00,COLISIÓN POR ALCANCE,ASFALTO,Bueno,Bueno,1,CHEVROLET,GRIS,1,,38,FEMENINO,SIN DATOS,0,0,Morelia,Diego Rivera,enero,viernes,13,-101.177752017975,19.7196461512295
12066,12066,2018,"180087788",2018/01/26,13:45:00,COLISIÓN CONTRA OBJETO FIJO,CONCRETO,Bueno,Bueno,1,NISSAN,ROJO,0,,,,,0,0,Morelia,Elias Perez Avalos,enero,viernes,14,-101.165692806244,19.7105966155004
12067,12067,2018,"180088813",2018/01/26,14:10:00,COLISIÓN POR CAMBIO DE CARRIL,CONCRETO,Bueno,Bueno,2,FORD,GRIS,2,,49,FEMENINO,SIN DATOS,0,0,Morelia,Montaña Monarca,enero,viernes,14,-101.165338754654,19.6660888846792
12068,12068,2018,"180088874",2018/01/26,14:25:00,COLISIÓN POR ALCANCE,ASFALTO,Bueno,Bueno,2,VOLKSWAGEN,GRIS,2,,31,FEMENINO,SIN DATOS,0,0,Morelia,Cinco de Diciembre,enero,viernes,14,-101.161926314235,19.6869818348912
12069,12069,2018,"180087430",2018/01/26,14:30:00,COLISIÓN POR CORTE DE CIRCULACIÓN,ASFALTO,Bueno,Bueno,2,CHEVROLET,BLANCO,2,,42,MASCULINO,SIN DATOS,0,0,Morelia,Reforma,enero,viernes,15,-101.241105794907,19.7083745529677
12070,12070,2018,"180086949",2018/01/26,14:30:00,COLISIÓN POR CAMBIO DE CARRIL,ASFALTO,Bueno,Bueno,2,HONDA,TURSTENO,2,,,FEMENINO,SIN DATOS,0,0,Morelia,Fray Antonio de Lisboa,enero,viernes,15,-101.146402359009,19.6940112042796
12071,12071,2018,"180084750",2018/01/26,16:20:00,COLISIÓN POR CORTE DE CIRCULACIÓN,ASFALTO,Bueno,Bueno,2,NISSAN,AZUL,2,,55,FEMENINO,SIN DATOS,0,0,Morelia,Granjas de La Huerta,enero,viernes,16,-101.235558986664,19.6679680357406
12072,12072,2018,"180088481",2018/01/26,16:20:00,COLISIÓN POR ALCANCE,ASFALTO,Bueno,Bueno,2,DODGE,BLANCO,2,,39,MASCULINO,SIN DATOS,0,0,Morelia,Felix Ireta,enero,viernes,16,-101.195797920227,19.6817073955203
12073,12073,2018,"10883807",2018/01/26,17:02:00,COLISIÓN POR CORTE DE CIRCULACIÓN,CONCRETO,Bueno,Bueno,2,CHRYSLER,CASHMERE,2,,72,MASCULINO,CON CERTIFICADO,0,0,Morelia,Chapultepec Sur,enero,viernes,17,-101.169819384813,19.6906638638859
12074,12074,2018,"180088615",2018/01/26,17:20:00,COLISIÓN POR CORTE DE CIRCULACIÓN,ASFALTO,Bueno,Regular,2,NISSAN,AZUL,2,,21,MASCULINO,SIN DATOS,0,0,Morelia,Centro,enero,viernes,17,-101.191549301147,19.7030212755602
12075,12075,2018,"180088737",2018/01/26,17:22:00,COLISIÓN POR CORTE DE CIRCULACIÓN,ASFALTO,Nublado,Regular,1,GENERAL MOTORS,BLANCO,1,,24,MASCULINO,SIN DATOS,0,0,Morelia,Ignaci0 Ramirez,enero,viernes,17,-101.223886013031,19.7253624466215
12076,12076,2018,"18008856",2018/01/26,18:30:00,COLISIÓN POR CORTE DE CIRCULACIÓN,ASFALTO,Bueno,Bueno,2,MERCEDES BENZ,BLANCO,2,,34,MASCULINO,SIN DATOS,0,0,Morelia,Centro,enero,viernes,19,-101.190412044525,19.7080917427944
12077,12077,2018,,2018/01/26,18:50:00,COLISIÓN POR MANIOBRA DE REVERSA,ADOQUIN_EMPEDRADO,Nublado,Bueno,2,SIN DATOS,BLANCO,2,,52,MASCULINO,CON CERTIFICADO,0,0,Cuitzeo,Centro,enero,viernes,19,-101.139589548111,19.9698195167618
12078,12078,2018,LEG12601,2018/01/26,20:11:00,CAIDA DE MOTOCICLETA,ASFALTO,Bueno,Bueno,1,SIN DATOS,SIN DATOS,1,,43,MASCULINO,SIN DATOS,0,0,Morelia,Arcos del Valle,enero,viernes,20,-101.232554912567,19.7030212755602
12079,12079,2018,"180089588",2018/01/26,21:30:00,COLISIÓN POR ALCANCE,ASFALTO,Bueno,Bueno,2,NISSAN,BLANCO,2,,28,MASCULINO,CON CERTIFICADO,0,0,Morelia,Poblado de Ocolusen,enero,viernes,22,-101.157450042665,19.6952498666295
12080,12080,2018,"180089668",2018/01/26,22:00:00,COLISIÓN POR INVASIÓN DE CARRIL,CONCRETO,Bueno,Bueno,2,HONDA,BLANCO,2,MINISTERIO PÚBLICO,16,MASCULINO,CON CERTIFICADO,0,0,Morelia,Chapultepec Oriente,enero,viernes,22,-101.159373521805,19.6900716639763
12081,12081,2018,"180089652",2018/01/26,22:20:00,COLISIÓN POR CORTE DE CIRCULACIÓN,ASFALTO,Bueno,Regular,2,FORD,GRIS,2,,33,MASCULINO,SIN DATOS,0,0,Morelia,Villas del Real,enero,viernes,22,-101.200540065765,19.7330377159831
12082,12082,2018,,2018/01/26,22:35:00,COLISIÓN POR CORTE DE CIRCULACIÓN,ASFALTO,Bueno,Bueno,2,CHEVOROLET,ROJO,4,MINISTERIO PÚBLICO,41,MASCULINO,SIN DATOS,2,0,Lázaro Cárdenas,Pescadores,enero,viernes,23,-102.217472791672,17.9758960940676
12083,12083,2018,"180089868",2018/01/26,23:35:00,COLISIÓN CON PEATÓN,ASFALTO,Bueno,Bueno,2,ITALIKA,NEGRO,2,MINISTERIO PÚBLICO,25,MASCULINO,CON CERTIFICADO,0,0,Morelia,Juarez,enero,viernes,0,-101.19548946619,19.6924442384819
12084,12084,2018,"18009118",2018/01/27,"06:15:00",COLISIÓN POR ALCANCE,ASFALTO,Bueno,Bueno,3,BMW,AZUL,1,MINISTERIO PÚBLICO,,,,1,0,Morelia,Ejidal Tres Puentes,enero,sábado,6,-101.231288909912,19.6930212776307
12085,12085,2018,,2018/01/27,"07:20:00",COLISIÓN POR CORTE DE CIRCULACIÓN,ASFALTO,Bueno,Bueno,2,NISSAN,BLANCO,2,,64,MASCULINO,SIN DATOS,0,0,Morelia,Villa Universidad,enero,sábado,7,-101.199939250946,19.6850814404363