fid,id_accidente,anio_origen,folio_c5i,dia_incidente,hora_ocurrencia,tipo_incidente_vial,superficie_ocurrencia,condiciones_climaticas,condiciones_via,numero_vehiculos_involucrados,marca_vehiculo_ocasiona_siniestro,color_vehiculo_ocasiona_siniestro,numero_personas_involucradas,lugar_remite_presunto_responsable,edad_presunto_responsable,sexo_presunto_responsable,resultados_toxicologia,numero_personas_lesionadas,numero_personas_fallecidas,municipio,colonia,mes,dia_semana,hora_redondeada,lon,lat
12086,12086,2018,"180001104",2018/01/27,12:30:00,COLISIÓN POR ALCANCE,ASFALTO,Bueno,Bueno,3,TOYOTA,BLANCO,3,MINISTERIO PÚBLICO,28,MASCULINO,SIN DATOS,0,0,Morelia,El Lago 1,enero,sábado,13,-101.217942237854,19.7275842730399
12087,12087,2018,"180091141",2018/01/27,12:55:00,COLISIÓN POR CAMBIO DE CARRIL,ASFALTO,Bueno,Bueno,2,NISSAN,BLANCO,2,,42,MASCULINO,SIN DATOS,0,0,Morelia,Lazaro Cardenas,enero,sábado,13,-101.164795607328,19.710602928134
12088,12088,2018,"180091138",2018/01/27,13:15:00,COLISIÓN POR ALCANCE,CONCRETO,Bueno,Bueno,2,HYUNDAI,BLANCO,2,,25,MASCULINO,SIN DATOS,0,0,Morelia,Balcones de Morelia,enero,sábado,13,-101.200679540634,19.674277174793
12089,12089,2018,"180091283",2018/01/27,13:35:00,COLISIÓN POR ALCANCE,ASFALTO,Bueno,Bueno,2,GENERAL MOTORS,ARENA,2,,28,MASCULINO,SIN DATOS,0,0,Morelia,Justo Mendoza,enero,sábado,14,-101.233005523682,19.7122530420303
12090,12090,2018,"180091324",2018/01/27,14:00:00,COLISIÓN POR CAMBIO DE CARRIL,ASFALTO,Bueno,Bueno,2,DINA,BLANCO,2,,23,MASCULINO,SIN DATOS,0,0,Morelia,Lomas del Tecnologico,enero,sábado,14,-101.18843793869,19.7214034793516
12091,12091,2018,"180091702",2018/01/27,14:17:00,COLISIÓN POR ALCANCE,ASFALTO,Bueno,Bueno,2,DINA,BLANCO,2,,37,MASCULINO,SIN DATOS,0,0,Morelia,Justo Mendoza,enero,sábado,14,-101.231160163879,19.714717449748
12092,12092,2018,"180091965",2018/01/27,15:10:00,COLISIÓN POR CAMBIO DE CARRIL,ASFALTO,Bueno,Bueno,2,KEEWORTH,BLANCO,2,,,MASCULINO,SIN DATOS,0,0,Morelia,Lomas del Tecnologico,enero,sábado,15,-101.188502311707,19.7214236784131
12093,12093,2018,,2018/01/27,15:40:00,COLISIÓN POR CORTE DE CIRCULACIÓN,ASFALTO,Bueno,Bueno,2,VOLKSWAGEN,BLANCO,2,,37,MASCULINO,SIN DATOS,0,0,Tlalpujahua,Sin datos,enero,sábado,16,-100.200462341309,19.7862494981285
12094,12094,2018,"12649",2018/01/27,15:40:00,COLISIÓN POR CAMBIO DE CARRIL,ASFALTO,Bueno,Bueno,2,VOLKSWAGEN,BLANCO,2,,37,MASCULINO,SIN DATOS,0,0,Tlalpujahua,Centro,enero,sábado,16,-100.174112,19.804367
12095,12095,2018,"180092058",2018/01/27,16:30:00,COLISIÓN POR ALCANCE,ASFALTO,Bueno,Bueno,3,CHEVROLET,ARENA,0,MINISTERIO PÚBLICO,,,,0,0,Morelia,Bosques de Oriente,enero,sábado,17,-101.156959533691,19.7152830461604
12096,12096,2018,,2018/01/27,17:30:00,COLISIÓN POR CORTE DE CIRCULACIÓN,ADOQUIN_EMPEDRADO,Bueno,Bueno,2,NISSAN,GRIS,2,,40,MASCULINO,SIN DATOS,0,0,Cuitzeo,Centro,enero,sábado,18,-101.140522956848,19.9691691142182
12097,12097,2018,,2018/01/27,18:00:00,COLISIÓN POR CORTE DE CIRCULACIÓN,ASFALTO,Lluvioso,Regular,2,WILLYS,ORO,2,,25,MASCULINO,SIN DATOS,0,0,Pátzcuaro,Centro,enero,sábado,18,-101.612033843994,19.5384370301706
12098,12098,2018,,2018/01/27,18:20:00,VOLCADURA,ASFALTO,Bueno,Bueno,2,CHEVROLET,VERDE,0,MINISTERIO PÚBLICO,,,,0,0,Irimbo,Centro,enero,sábado,18,-100.47994852066,19.6977132736606
12099,12099,2018,"180092858",2018/01/27,18:42:00,COLISIÓN POR CORTE DE CIRCULACIÓN,ASFALTO,Bueno,Bueno,1,CHEVROLET,GRIS,1,,42,FEMENINO,SIN DATOS,0,0,Morelia,Valle de Las Flores,enero,sábado,19,-101.127240657806,19.6876270799729
12100,12100,2018,,2018/01/27,19:00:00,COLISIÓN POR ALCANCE,ASFALTO,Bueno,Bueno,2,NISSAN,GRIS,2,,45,FEMENINO,SIN DATOS,0,0,Pátzcuaro,Nueva del Cristo,enero,sábado,19,-101.595125198364,19.5222585539694
12101,12101,2018,,2018/01/27,20:15:00,COLISIÓN CON PEATÓN,ASFALTO,Bueno,Regular,1,DODGE,BLANCO,1,,48,FEMENINO,SIN DATOS,0,0,Pátzcuaro,Nueva del Cristo,enero,sábado,20,-101.591992378235,19.5241596089301
12102,12102,2018,,2018/01/27,20:20:00,VOLCADURA,TERRACERIA,Bueno,Malo,1,FORD,NEGRO,0,,,,,0,0,Cuitzeo,Sin datos,enero,sábado,20,-101.145973205566,20.0172261268351
12103,12103,2018,"18093147",2018/01/27,20:48:00,COLISIÓN POR CORTE DE CIRCULACIÓN,CONCRETO,Bueno,Bueno,1,HONDA,NEGRO,1,,19,FEMENINO,SIN DATOS,0,0,Morelia,Nueva Chapultepec,enero,sábado,21,-101.172215938568,19.6901726790412
12105,12105,2018,"180093389",2018/01/27,22:20:00,COLISIÓN POR ALCANCE,ASFALTO,Nublado,Regular,5,NISSAN,BLANCO,0,MINISTERIO PÚBLICO,,,,0,0,Morelia,Fracc Heroes Republicanos,enero,sábado,22,-101.277852058411,19.692091953165
12106,12106,2018,"180093509",2018/01/27,22:20:00,COLISIÓN POR ALCANCE,ASFALTO,Bueno,Bueno,2,DODGE,VERDE,2,,34,MASCULINO,CON CERTIFICADO,0,0,Morelia,San Pascual,enero,sábado,22,-101.264655590057,19.6962940730093
12107,12107,2018,"180093579",2018/01/27,23:25:00,COLISIÓN POR ALCANCE,ASFALTO,Bueno,Bueno,2,NISSAN,BLANCO,2,,0,MASCULINO,SIN DATOS,0,0,Morelia,Centro,enero,sábado,23,-101.196044683456,19.7030818797032
12108,12108,2018,"180093644",2018/01/27,23:55:00,SUBIDA AL CAMELLÓN,ASFALTO,Bueno,Bueno,1,AUDI,NEGRO,1,,,,SIN DATOS,0,0,Morelia,Jardines del Toreo,enero,sábado,0,-101.214208602905,19.6879705361772
12109,12109,2018,"180093822",2018/01/28,"01:50:00",COLISIÓN POR ALCANCE,ASFALTO,Bueno,Bueno,2,RENAULT,GRIS,2,,36,MASCULINO,SIN DATOS,0,0,Morelia,Tinijaro,enero,domingo,2,-101.264333724976,19.6963748819252
12110,12110,2018,"180093893",2018/01/28,"05:17:00",SALIDA DE SUPERFICIE DE RODAMIENTO,ASFALTO,Bueno,Bueno,1,NISSAN,GRIS,0,,,,,0,0,Morelia,La Luz,enero,domingo,5,-101.288967132568,19.688111959106
12111,12111,2018,"180093926",2018/01/28,"05:20:00",COLISIÓN CONTRA OBJETO FIJO,ASFALTO,Bueno,Bueno,1,NISSAN,NEGRO,0,MINISTERIO PÚBLICO,,,,0,0,Morelia,Industrial,enero,domingo,5,-101.193995475769,19.7102734083234
12112,12112,2018,,2018/01/28,11:40:00,SUBIDA AL CAMELLÓN,ASFALTO,Bueno,Bueno,1,VOLKSWAGEN,BLANCO,0,,,,,0,0,Morelia,Real Santa Rita,enero,domingo,12,-101.220763921738,19.6741913034707
12113,12113,2018,"180094601",2018/01/28,11:45:00,COLISIÓN POR ALCANCE,ASFALTO,Bueno,Regular,2,VOLKSWAGEN,AZUL,2,,21,MASCULINO,SIN DATOS,0,0,Morelia,Loma Dorada,enero,domingo,12,-101.254435032606,19.6977296878294
12114,12114,2018,"180099891",2018/01/28,13:10:00,COLISIÓN POR ALCANCE,ASFALTO,Bueno,Bueno,2,DODGE,VERDE,2,,43,MASCULINO,SIN DATOS,0,0,Morelia,Loma de Los Piñones,enero,domingo,13,-101.205110549927,19.6741609959342
12115,12115,2018,"180094861",2018/01/28,14:30:00,COLISIÓN POR ALCANCE,ASFALTO,Bueno,Bueno,2,NISSAN,BLANCO,2,,65,MASCULINO,SIN DATOS,0,0,Morelia,Sin datos,enero,domingo,15,-101.284010410309,19.6904959268206
12116,12116,2018,"180095419",2018/01/28,15:40:00,COLISIÓN POR ALCANCE,ASFALTO,Bueno,Bueno,3,CHEVROLET,BLANCO,3,,39,MASCULINO,SIN DATOS,0,0,Tarímbaro,Sin datos,enero,domingo,16,-101.171100139618,19.752507007729
12117,12117,2018,,2018/01/28,17:20:00,CAIDA DE MOTOCICLETA,ADOQUIN_EMPEDRADO,Lluvioso,Regular,1,ITALIKA,VERDE,1,,21,MASCULINO,SIN DATOS,0,0,Pátzcuaro,Centro,enero,domingo,17,-101.607227325439,19.516292332014
12118,12118,2018,"180096299",2018/01/28,19:40:00,COLISIÓN POR CORTE DE CIRCULACIÓN,ASFALTO,Bueno,Bueno,3,SIN DATOS,SIN DATOS,2,,32,MASCULINO,SIN DATOS,0,0,Tarímbaro,Sin datos,enero,domingo,20,-101.159255504608,19.767793987895
12121,12121,2018,,2018/01/28,20:30:00,COLISIÓN POR CORTE DE CIRCULACIÓN,ASFALTO,Bueno,Regular,1,FORD,BLANCO,1,,40,MASCULINO,SIN DATOS,0,0,Morelia,Barrio Alto,enero,domingo,21,-101.196677684784,19.7249786734749
12122,12122,2018,,2018/01/28,21:10:00,CAIDA DE MOTOCICLETA,CONCRETO,Bueno,Bueno,1,HONDA,BLANCO,2,,15,MASCULINO,SIN DATOS,1,0,Apatzingán,Buenos Aires,enero,domingo,21,-102.359941005707,19.1041754257007
12123,12123,2018,"180098282",2018/01/29,"00:00:00",COLISIÓN POR CORTE DE CIRCULACIÓN,CONCRETO,Bueno,Bueno,2,MAZDA,BLANCO,2,,40,MASCULINO,SIN DATOS,0,0,Morelia,Comision Federal de Electricidad,enero,lunes,0,-101.177569627762,19.6849905239902
12124,12124,2018,"180097061",2018/01/29,"00:20:00",COLISIÓN POR ALCANCE,ASFALTO,Bueno,Regular,2,NISSAN,BLANCO,2,,44,MASCULINO,CON CERTIFICADO,0,0,Morelia,Solidaridad,enero,lunes,0,-101.205062270164,19.7264632644812
12125,12125,2018,"180097085",2018/01/29,"01:10:00",COLISIÓN CONTRA OBJETO FIJO,ASFALTO,Bueno,Regular,1,SEAT,AMARILLO,1,,24,MASCULINO,CON CERTIFICADO,0,0,Morelia,Prados Verdes,enero,lunes,1,-101.200813651085,19.7169798233924
12126,12126,2018,"180097138",2018/01/29,"02:30:00",COLISIÓN CONTRA OBJETO FIJO,CONCRETO,Bueno,Bueno,1,NISSAN,SIN DATOS,1,,39,MASCULINO,ALIENTO ETÍLICO,0,0,Morelia,Industrial,enero,lunes,3,-101.194961071014,19.7074049160061
12127,12127,2018,,2018/01/29,"04:00:00",COLISIÓN CONTRA OBJETO FIJO,ASFALTO,Bueno,Bueno,1,MITSIBISHI,BLANCO,0,,,,,0,0,Lázaro Cárdenas,Segundo Sector de Fidelac,enero,lunes,4,-102.204147577286,17.9633433463765
12128,12128,2018,"180097304",2018/01/29,"07:40:00",COLISIÓN POR MANIOBRA DE REVERSA,ASFALTO,Bueno,Bueno,2,TOYOTA,GRIS,2,,44,FEMENINO,SIN DATOS,0,0,Morelia,Industrial,enero,lunes,8,-101.198008060455,19.7070615015061
12129,12129,2018,,2018/01/29,"07:55:00",SALIDA DE SUPERFICIE DE RODAMIENTO,ASFALTO,Bueno,Bueno,1,VOLKSWAGEN,ROJO,1,,28,FEMENINO,SIN DATOS,0,0,Zinapécuaro,Sin Nombre,enero,lunes,8,-100.844707489014,19.8634405915255
12131,12131,2018,"180097602",2018/01/29,"09:40:00",COLISIÓN POR CORTE DE CIRCULACIÓN,CONCRETO,Bueno,Bueno,2,NISSAN,PLATA,2,MINISTERIO PÚBLICO,26,MASCULINO,SIN DATOS,0,0,Morelia,Centro,enero,lunes,10,-101.191592216492,19.6999001311652
12132,12132,2018,"180089762",2018/01/29,10:20:00,CAIDA DE MOTOCICLETA,ASFALTO,Bueno,Regular,1,HONDA,BLANCO/ROJO,1,,,,,1,0,Morelia,Diego Rivera,enero,lunes,10,-101.177784204483,19.7196259519434
12133,12133,2018,"180097890",2018/01/29,11:30:00,COLISIÓN POR ALCANCE,ASFALTO,Lluvioso,Regular,3,NISSAN,NEGRO,3,,37,FEMENINO,SIN DATOS,0,0,Morelia,Tinijaro,enero,lunes,12,-101.261909008026,19.6967587237185
12134,12134,2018,"180098058",2018/01/29,11:40:00,COLISIÓN POR CAMBIO DE CARRIL,CONCRETO,Bueno,Bueno,2,NISSAN,BLANCO,2,,47,MASCULINO,SIN DATOS,0,0,Morelia,Alberto Oviedo Mota,enero,lunes,12,-101.19775056839,19.6813639258843
12135,12135,2018,"0180098329",2018/01/29,12:25:00,COLISIÓN POR CAMBIO DE CARRIL,ASFALTO,Nublado,Bueno,2,CHEVROLET,CAFE,2,,18,MASCULINO,SIN DATOS,0,0,Morelia,Barrio Alto,enero,lunes,12,-101.196613311768,19.7248170845059
12136,12136,2018,"180098396",2018/01/29,13:40:00,SALIDA DE SUPERFICIE DE RODAMIENTO,CONCRETO,Bueno,Bueno,1,VOLKSWAGEN,GRIS,1,MINISTERIO PÚBLICO,32,MASCULINO,SIN DATOS,0,0,Morelia,Bicentenario,enero,lunes,14,-101.180927753448,19.7471552087869
12137,12137,2018,"180098746",2018/01/29,14:28:00,COLISIÓN POR CAMBIO DE CARRIL,ASFALTO,Bueno,Bueno,2,KENWORTH,NEGRO,2,,29,MASCULINO,SIN DATOS,0,0,Morelia,Isaac Arriaga,enero,lunes,14,-101.166100502014,19.7101522054636
12139,12139,2018,"180099196",2018/01/29,17:40:00,SALIDA DE SUPERFICIE DE RODAMIENTO,CONCRETO,Bueno,Bueno,1,JEEP,BLANCO,1,MINISTERIO PÚBLICO,0,,SIN DATOS,0,0,Morelia,Camponubes,enero,lunes,18,-101.289809346199,19.6969228663096
12140,12140,2018,"1800990",2018/01/29,18:30:00,COLISIÓN POR ALCANCE,ASFALTO,Bueno,Bueno,2,TOYOTA,ROJO,2,,57,MASCULINO,SIN DATOS,0,0,Tarímbaro,Sin datos,enero,lunes,19,-101.173031330109,19.7487910607163
12141,12141,2018,"180099689",2018/01/29,19:29:00,COLISIÓN CONTRA OBJETO FIJO,ASFALTO,Bueno,Bueno,1,NISSAN,GUINDA,1,,43,MASCULINO,ALIENTO ETÍLICO,0,0,Morelia,Sin datos,enero,lunes,19,-101.118850708008,19.6884150078186
12143,12143,2018,"180099990",2018/01/29,20:45:00,COLISIÓN POR CORTE DE CIRCULACIÓN,ASFALTO,Bueno,Bueno,2,CHEVROLET,AZUL,2,,42,FEMENINO,SIN DATOS,0,0,Morelia,Puerta Nogal,enero,lunes,21,-101.240472793579,19.6717060664429
12144,12144,2018,"180099951",2018/01/29,20:45:00,COLISIÓN POR CAMBIO DE CARRIL,ASFALTO,Bueno,Bueno,2,DINA,ROJO,2,,60,MASCULINO,SIN DATOS,0,0,Morelia,Tinijaro,enero,lunes,21,-101.264634132385,19.6962940730093
12146,12146,2018,,2018/01/30,"02:20:00",COLISIÓN POR NO RESPETAR SEMÁFORO,ASFALTO,Bueno,Bueno,2,FORD,BLANCO,2,,32,MASCULINO,ALIENTO ETÍLICO,0,0,Morelia,Libertad,enero,martes,2,-101.236905455589,19.6848895056561
12147,12147,2018,"180100652",2018/01/30,"07:40:00",COLISIÓN POR ALCANCE,CONCRETO,Bueno,Bueno,2,NISSAN,AZUL,2,,38,MASCULINO,SIN DATOS,0,0,Morelia,Ferrocarrilero,enero,martes,8,-101.218706667423,19.6962258904548
12148,12148,2018,"180100749",2018/01/30,"08:40:00",COLISIÓN POR CORTE DE CIRCULACIÓN,CONCRETO,Bueno,Bueno,2,CHEVROLET,BLANCO,2,,37,FEMENINO,SIN DATOS,0,0,Morelia,Felix Ireta,enero,martes,9,-101.192010641098,19.6886170399751
12149,12149,2018,"180100775",2018/01/30,"08:55:00",COLISIÓN POR ALCANCE,ASFALTO,Bueno,Bueno,4,DODGE,GRIS,4,,33,MASCULINO,SIN DATOS,0,0,Morelia,Libertad,enero,martes,9,-101.238115131855,19.6873947415346
12150,12150,2018,,2018/01/30,"09:50:00",COLISIÓN POR CAMBIO DE CARRIL,ASFALTO,Bueno,Bueno,2,CHEVROLET,BLANCO,2,,,MASCULINO,SIN DATOS,0,0,Morelia,Matamoros,enero,martes,10,-101.164598464966,19.6960314437509
12151,12151,2018,"18001167",2018/01/30,11:00:00,COLISIÓN POR CORTE DE CIRCULACIÓN,ASFALTO,Bueno,Bueno,2,CHEVROLET,BLANCO,2,,60,MASCULINO,SIN DATOS,0,0,Morelia,Pascual Ortiz de Ayala,enero,martes,11,-101.150876283646,19.6949405176033
12152,12152,2018,"180174987",2018/01/30,11:15:00,COLISIÓN POR CORTE DE CIRCULACIÓN,ASFALTO,Bueno,Bueno,1,FREIGHTLINER,AZUL,1,,27,MASCULINO,SIN DATOS,0,0,Morelia,Camponubes,enero,martes,11,-101.2902890993,19.6979150011112
12153,12153,2018,"180101423",2018/01/30,11:50:00,COLISIÓN POR MANIOBRA DE REVERSA,ASFALTO,Bueno,Bueno,2,DINA,VERDE,2,,34,MASCULINO,SIN DATOS,0,0,Morelia,Sentimientos de La Nacion,enero,martes,12,-101.234024763107,19.6845864502718
12154,12154,2018,,2018/01/30,11:55:00,COLISIÓN POR INVASIÓN DE CARRIL,ASFALTO,Bueno,Bueno,2,NISSAN,VERDE,2,,53,MASCULINO,SIN DATOS,0,0,Pátzcuaro,Sin datos,enero,martes,12,-101.630058288574,19.5336645482043
12155,12155,2018,"180102119",2018/01/30,14:00:00,COLISIÓN POR CAMBIO DE CARRIL,ASFALTO,Bueno,Bueno,2,FORD,ROJO,2,,33,MASCULINO,SIN DATOS,0,0,Morelia,Ana Maria Gallaga (Riviera Norte),enero,martes,14,-101.222834587097,19.6768987536018
12156,12156,2018,"180101666",2018/01/30,14:20:00,COLISIÓN POR ALCANCE,ASFALTO,Bueno,Bueno,2,DODGE,VERDE,2,,23,MASCULINO,SIN DATOS,0,0,Morelia,Lomas de Huerta,enero,martes,14,-101.212577819824,19.6734184594996
12157,12157,2018,"180102427",2018/01/30,14:41:00,COLISIÓN CON PEATÓN,ASFALTO,Bueno,Bueno,1,TOYOTA,GRIS,1,,,,,1,0,Morelia,Eduardo Ruiz,enero,martes,15,-101.215998977423,19.7165733054876
12158,12158,2018,"180101970",2018/01/30,14:48:00,COLISIÓN POR CORTE DE CIRCULACIÓN,ASFALTO,Bueno,Bueno,3,SIN DATOS,SIN DATOS,1,MINISTERIO PÚBLICO,,,,1,0,Morelia,El Porvenir,enero,martes,15,-101.206210255623,19.7079402371388
12159,12159,2018,,2018/01/30,15:30:00,COLISIÓN POR CORTE DE CIRCULACIÓN,CONCRETO,Bueno,Regular,2,TOYOTA,BLANCO/AZUL,2,,0,MASCULINO,SIN DATOS,0,0,Pátzcuaro,Centro,enero,martes,16,-101.611604690552,19.5147855733339
12160,12160,2018,,2018/01/30,15:45:00,COLISIÓN POR ALCANCE,ASFALTO,Bueno,Bueno,1,NISSAN,BLANCO/ROJO,1,,53,MASCULINO,SIN DATOS,0,0,Pátzcuaro,Rincon Los Pinos,enero,martes,16,-101.598043441772,19.4962887137792
12161,12161,2018,,2018/01/30,18:00:00,COLISIÓN POR CORTE DE CIRCULACIÓN,CONCRETO,Bueno,Bueno,2,NISSAN,GUINDA,2,,53,MASCULINO,ALIENTO ETÍLICO,0,0,Morelia,Centro,enero,martes,18,-101.200143098831,19.6984657984375
12162,12162,2018,"180103783",2018/01/31,"00:05:00",SUBIDA AL CAMELLÓN,ASFALTO,Bueno,Bueno,1,NISSAN,BLANCO,1,,35,MASCULINO,SIN DATOS,0,0,Morelia,Libertad,enero,miércoles,0,-101.238117814064,19.6874098940517
12163,12163,2018,,2018/01/31,"02:30:00",COLISIÓN CONTRA OBJETO FIJO,CONCRETO,Bueno,Bueno,1,YAMAHA,GRIS,3,MINISTERIO PÚBLICO,18,MASCULINO,SIN DATOS,2,0,Sahuayo,La Plasita,enero,miércoles,3,-102.721068263054,20.054026469832
12164,12164,2018,"180104011",2018/01/31,"08:00:00",COLISIÓN POR ALCANCE,ASFALTO,Bueno,Bueno,2,NISSAN,BLANCO Y ROJO,2,,34,MASCULINO,SIN DATOS,0,0,Morelia,Centro,enero,miércoles,8,-101.200196743011,19.7031323831381
12165,12165,2018,"180104032",2018/01/31,"08:25:00",COLISIÓN POR NO RESPETAR SEMÁFORO,ASFALTO,Bueno,Bueno,2,VOLKSWAGEN,CAFE,2,,40,FEMENINO,SIN DATOS,0,0,Morelia,Irrigacion,enero,miércoles,8,-101.225076913834,19.7046979817136
12166,12166,2018,,2018/01/31,10:25:00,COLISIÓN POR CORTE DE CIRCULACIÓN,CONCRETO,Bueno,Bueno,1,SIN DATOS,SIN DATOS,1,,,,,1,0,Morelia,Las Americas,enero,miércoles,10,-101.158633232117,19.6880311460191
12167,12167,2018,"180104859",2018/01/31,12:55:00,COLISIÓN POR CORTE DE CIRCULACIÓN,ASFALTO,Bueno,Bueno,2,CHYSLER,NEGRO,1,,41,MASCULINO,SIN DATOS,0,0,Morelia,El Eden,enero,miércoles,13,-101.24746799469,19.6491957423291
12168,12168,2018,"181271460",2018/01/31,13:50:00,COLISIÓN POR CORTE DE CIRCULACIÓN,ASFALTO,Bueno,Bueno,2,FORD,AZUL,2,,58,MASCULINO,SIN DATOS,0,0,Morelia,Ventura Puente,enero,miércoles,14,-101.184167861938,19.689505978435
12169,12169,2018,"180105410",2018/01/31,14:22:00,COLISIÓN POR CORTE DE CIRCULACIÓN,ASFALTO,Bueno,Bueno,2,NISSAN,BLANCO/MORADO,2,,42,MASCULINO,SIN DATOS,0,0,Morelia,Enrique Arreguin Robles,enero,miércoles,14,-101.178889274597,19.720408672414
12170,12170,2018,"180105660",2018/01/31,15:10:00,COLISIÓN POR CAMBIO DE CARRIL,ASFALTO,Bueno,Bueno,2,VOLKSWAGEN,AMAEILLO,2,,53,MASCULINO,SIN DATOS,0,0,Morelia,Canteras de Morelia,enero,miércoles,15,-101.171658039093,19.7151416472448
12171,12171,2018,"180105593",2018/01/31,15:25:00,COLISIÓN POR CAMBIO DE CARRIL,CONCRETO,Bueno,Bueno,2,FORD,ROJO,2,,27,MASCULINO,SIN DATOS,0,0,Morelia,Rafael Carrillo,enero,miércoles,15,-101.236374378204,19.7078897352217
12172,12172,2018,"180105472",2018/01/31,15:30:00,COLISIÓN CON PEATÓN,ASFALTO,Bueno,Bueno,1,JEEP,ROJO,1,MINISTERIO PÚBLICO,,,,1,0,Morelia,Las Americas,enero,miércoles,16,-101.15350484848,19.6874856566158
12173,12173,2018,"180105716",2018/01/31,15:40:00,COLISIÓN POR ALCANCE,ASFALTO,Bueno,Bueno,2,NISSAN,GRIS,2,,34,MASCULINO,SIN DATOS,0,0,Morelia,La Esperanza,enero,miércoles,16,-101.153676509857,19.6992385215396
12174,12174,2018,"180106120",2018/01/31,22:11:00,COLISIÓN POR ALCANCE,CONCRETO,Bueno,Bueno,2,FORD,AZUL,1,MINISTERIO PÚBLICO,,,,1,0,Morelia,Ilustres Novohispanos,enero,miércoles,22,-101.152163743973,19.7103744106364
12175,12175,2018,"180107334",2018/02/01,"00:40:00",SUBIDA AL CAMELLÓN,ASFALTO,Bueno,Bueno,1,VOLKSWAGEN,AZUL,1,,,FEMENINO,SIN DATOS,0,0,Morelia,Leandro Valle,febrero,jueves,1,-101.229228973389,19.7179696017949
12176,12176,2018,"180107326",2018/02/01,"00:40:00",COLISIÓN CONTRA OBJETO FIJO,TERRACERIA,Bueno,Bueno,1,AUDI,GRIS,1,,,,SIN DATOS,0,0,Morelia,Los Manantiales de Morelia,febrero,jueves,1,-101.239732503891,19.6929051123675
12177,12177,2018,"180107452",2018/02/01,"05:00:00",COLISIÓN CONTRA OBJETO FIJO,ASFALTO,Bueno,Bueno,1,HONDA,PLATA,1,,38,MASCULINO,SIN DATOS,0,0,Morelia,Libertad,febrero,jueves,5,-101.235424876213,19.6855360218928
12178,12178,2018,,2018/02/01,"08:15:00",VOLCADURA,ASFALTO,Bueno,Bueno,1,GMC,BLANCO/CAFE,1,MINISTERIO PÚBLICO,,,SIN DATOS,0,0,Hidalgo,Sin datos,febrero,jueves,8,-100.537605285645,19.711929838201
12179,12179,2018,,2018/02/01,"08:15:00",VOLCADURA,ASFALTO,Bueno,Bueno,1,GMC,BLANCO/CAFE,0,,,,,0,0,Zinapécuaro,Sin datos,febrero,jueves,8,-100.810804367065,19.7980405207863
12180,12180,2018,"180107971",2018/02/01,"09:15:00",COLISIÓN POR MANIOBRA DE REVERSA,ASFALTO,Bueno,Bueno,2,CHEVROLET,ROJO,2,,27,FEMENINO,SIN DATOS,0,0,Morelia,Libertad,febrero,jueves,9,-101.236953735352,19.6848794038192
12181,12181,2018,"180107994",2018/02/01,10:40:00,COLISIÓN POR NO RESPETAR SEMÁFORO,ASFALTO,Bueno,Bueno,2,NISSAN,BLANCO Y ROJO,2,,65,MASCULINO,SIN DATOS,0,0,Morelia,San Rafael,febrero,jueves,11,-101.153824031353,19.699794071791
12182,12182,2018,"180108029",2018/02/01,10:45:00,COLISIÓN POR CAMBIO DE CARRIL,ASFALTO,Bueno,Bueno,2,MERCEDES BENZ,BLANCO,2,,45,MASCULINO,SIN DATOS,0,0,Morelia,Centro,febrero,jueves,11,-101.190437525511,19.6959354829528
12183,12183,2018,,2018/02/01,10:50:00,COLISIÓN POR INVASIÓN DE CARRIL,ASFALTO,Bueno,Bueno,2,VOLKSWAGEN,ROJO,2,,35,MASCULINO,SIN DATOS,0,0,Hidalgo,Sin datos,febrero,jueves,11,-100.644378662109,19.7175858108968
12184,12184,2018,,2018/02/01,10:50:00,COLISIÓN POR INVASIÓN DE CARRIL,ASFALTO,Bueno,Bueno,2,VOLKWAGEN,ROJO,2,,35,MASCULINO,SIN DATOS,0,0,Hidalgo,Sin datos,febrero,jueves,11,-100.684375762939,19.7810805554175
12185,12185,2018,,2018/02/01,11:30:00,COLISIÓN CONTRA OBJETO FIJO,ASFALTO,Bueno,Bueno,1,FORD,BLANCO,1,,38,MASCULINO,SIN DATOS,0,0,Acuitzio,Sin datos,febrero,jueves,12,-101.326560974121,19.4711239274187
12186,12186,2018,"180108787",2018/02/01,12:10:00,COLISIÓN POR CORTE DE CIRCULACIÓN,ASFALTO,Bueno,Bueno,2,FREIGHTLINER,BLANCO,2,,27,MASCULINO,SIN DATOS,0,0,Morelia,Sin datos,febrero,jueves,12,-101.174672842026,19.7455496341081
12187,12187,2018,,2018/02/01,12:40:00,VOLCADURA,CONCRETO,Bueno,Regular,1,ISUZU,BLANCO,1,,36,MASCULINO,SIN DATOS,0,0,Parácuaro,Sin datos,febrero,jueves,13,-102.111053466797,19.1724099857969
12188,12188,2018,"180109208",2018/02/01,16:00:00,COLISIÓN POR CORTE DE CIRCULACIÓN,ASFALTO,Bueno,Bueno,2,NISSAN,NEGRO,2,,37,MASCULINO,SIN DATOS,0,0,Morelia,San Rafael,febrero,jueves,16,-101.15385890007,19.6996577096352
12189,12189,2018,,2018/02/01,18:00:00,COLISIÓN CONTRA OBJETO FIJO,ASFALTO,Bueno,Bueno,1,DODGE,ROJO,1,,58,MASCULINO,SIN DATOS,0,0,Cuitzeo,Sin datos,febrero,jueves,18,-101.130695343018,19.9581017760853