fid,id_accidente,anio_origen,folio_c5i,dia_incidente,hora_ocurrencia,tipo_incidente_vial,superficie_ocurrencia,condiciones_climaticas,condiciones_via,numero_vehiculos_involucrados,marca_vehiculo_ocasiona_siniestro,color_vehiculo_ocasiona_siniestro,numero_personas_involucradas,lugar_remite_presunto_responsable,edad_presunto_responsable,sexo_presunto_responsable,resultados_toxicologia,numero_personas_lesionadas,numero_personas_fallecidas,municipio,colonia,mes,dia_semana,hora_redondeada,lon,lat
12190,12190,2018,,2018/02/01,19:00:00,VOLCADURA,ASFALTO,Bueno,Bueno,2,FREIGHTLINER,BLANCO,1,,0,MASCULINO,SIN DATOS,0,0,Madero,Buenos Aires,febrero,jueves,19,-101.283130645752,19.390910409115
12191,12191,2018,"180109969",2018/02/01,19:20:00,VOLCADURA,ASFALTO,Bueno,Bueno,1,MITSUBISHI,BLANCO,1,,60,FEMENINO,SIN DATOS,0,0,Morelia,Ejidal Ocolusen,febrero,jueves,19,-101.15332837,19.6868221449992
12193,12193,2018,,2018/02/01,20:05:00,COLISIÓN POR CAMBIO DE CARRIL,ASFALTO,Bueno,Bueno,3,TOYOTA,BLANCO,0,MINISTERIO PÚBLICO,,,,0,0,Lázaro Cárdenas,Lomas de Bella Vista,febrero,jueves,20,-102.221324443817,17.9689156517837
12194,12194,2018,,2018/02/01,20:15:00,COLISIÓN POR CAMBIO DE CARRIL,ASFALTO,Bueno,Bueno,3,CHEVROLET,NEGRO,2,MINISTERIO PÚBLICO,31,MASCULINO,SIN DATOS,0,0,Acuitzio,Sin datos,febrero,jueves,20,-101.34265422821,19.5146136603772
12195,12195,2018,"180110482",2018/02/01,21:40:00,COLISIÓN POR CAMBIO DE CARRIL,ASFALTO,Bueno,Bueno,2,FREIGHTLINER,BLANCO,2,,47,MASCULINO,SIN DATOS,0,0,Morelia,Ana Maria Gallaga (Riviera Norte),febrero,jueves,22,-101.219487190247,19.6770199816421
12196,12196,2018,,2018/02/01,22:30:00,VOLCADURA,ASFALTO,Bueno,Bueno,1,CHEVROLET,VERDE,1,,31,MASCULINO,SIN DATOS,0,0,Senguio,Sin datos,febrero,jueves,23,-100.289082527161,19.7603223312438
12197,12197,2018,"180112809",2018/02/02,"00:00:00",COLISIÓN POR NO RESPETAR SEMÁFORO,ASFALTO,Bueno,Bueno,2,HONDA,BLANCO,2,,16,MASCULINO,SIN DATOS,0,0,Morelia,Indeco El Vivero,febrero,viernes,0,-101.229872703552,19.6771210049389
12198,12198,2018,,2018/02/02,"00:00:00",COLISIÓN POR ALCANCE,ASFALTO,Bueno,Bueno,2,NISSAN,BLANCO,2,,36,MASCULINO,SIN DATOS,0,0,Morelia,Residencial Alborada,febrero,viernes,0,-101.234636306763,19.7025768444771
12199,12199,2018,"1812139281",2018/02/02,"03:00:00",COLISIÓN POR INVASIÓN DE CARRIL,ASFALTO,Bueno,Bueno,2,VOLKSWAGEN,GRIS,2,,33,MASCULINO,SIN DATOS,0,0,Morelia,Asociacion Zirahuen,febrero,viernes,3,-101.250075101852,19.6987082217731
12200,12200,2018,"180110838",2018/02/02,"03:30:00",COLISIÓN CONTRA OBJETO FIJO,ASFALTO,Bueno,Regular,1,SEAT,NEGRO,1,,28,MASCULINO,ALIENTO ETÍLICO,0,0,Tarímbaro,Real Hacienda,febrero,viernes,4,-101.196527481079,19.7520627142712
12201,12201,2018,"180110876",2018/02/02,"05:00:00",SUBIDA AL CAMELLÓN,ASFALTO,Bueno,Bueno,1,HONDA,NEGRO,1,,36,MASCULINO,SIN DATOS,0,0,Morelia,Lomas de Las Americas Norte,febrero,viernes,5,-101.147872209549,19.6947283922111
12202,12202,2018,"180110894",2018/02/02,"05:30:00",COLISIÓN POR CORTE DE CIRCULACIÓN,ASFALTO,Nublado,Regular,1,SEAT,NEGRO,1,,23,MASCULINO,SIN DATOS,0,0,Morelia,Villas Lomas del Paraiso,febrero,viernes,6,-101.175584793091,19.6734437158975
12203,12203,2018,"180110938",2018/02/02,"06:30:00",COLISIÓN CONTRA OBJETO FIJO,ASFALTO,Bueno,Bueno,1,VOLKSWAGEN,BLANCO,1,,22,MASCULINO,SIN DATOS,0,0,Morelia,Villas Lomas del Paraiso,febrero,viernes,7,-101.175992488861,19.6738680227859
12204,12204,2018,,2018/02/02,"07:15:00",COLISIÓN CON PEATÓN,ASFALTO,Bueno,Bueno,1,CHEVROLET,VERDE,1,,0,,SIN DATOS,0,0,Zinapécuaro,La Esperanza,febrero,viernes,7,-100.817928314209,19.8761945025538
12205,12205,2018,,2018/02/02,"08:10:00",COLISIÓN POR ALCANCE,ASFALTO,Bueno,Bueno,3,CHEVROLET,ROJO,3,MINISTERIO PÚBLICO,32,MASCULINO,SIN DATOS,0,0,Morelia,El Realito,febrero,viernes,8,-101.203758716583,19.7257462188465
12206,12206,2018,,2018/02/02,"08:50:00",COLISIÓN CONTRA OBJETO FIJO,ASFALTO,Bueno,Bueno,1,KEENWORTH,BLANCO,1,,30,MASCULINO,SIN DATOS,0,0,Morelia,Cuauhtemoc,febrero,viernes,9,-101.179221868515,19.6936677610337
12207,12207,2018,"180111281",2018/02/02,"09:40:00",COLISIÓN POR ALCANCE,ASFALTO,Bueno,Bueno,2,FORD,AZUL,2,,45,MASCULINO,SIN DATOS,0,0,Morelia,Rafael Carrillo,febrero,viernes,10,-101.236524581909,19.7078291329001
12208,12208,2018,,2018/02/02,10:00:00,COLISIÓN POR CORTE DE CIRCULACIÓN,CONCRETO,Bueno,Bueno,2,HONDA,GRIS,2,,37,MASCULINO,SIN DATOS,0,0,Morelia,El Porvenir,febrero,viernes,10,-101.203206181526,19.7103668354651
12209,12209,2018,"180111176",2018/02/02,11:27:00,COLISIÓN POR CORTE DE CIRCULACIÓN,ASFALTO,Bueno,Regular,2,TOYOTA,AMARILLO,0,MINISTERIO PÚBLICO,,,,0,0,Morelia,San Jose Itzicuaro,febrero,viernes,11,-101.304352283478,19.6879907394604
12210,12210,2018,"180112084",2018/02/02,13:30:00,COLISIÓN POR ALCANCE,ASFALTO,Bueno,Bueno,3,FORD,CAFE,3,,62,MASCULINO,SIN DATOS,0,0,Morelia,Francisco J Mujica,febrero,viernes,14,-101.186571121216,19.7235041680753
12211,12211,2018,"1800119110",2018/02/02,15:20:00,COLISIÓN POR INVASIÓN DE CARRIL,ASFALTO,Bueno,Bueno,4,MITSUBISHI,GRIS,2,MINISTERIO PÚBLICO,44,FEMENINO,SIN DATOS,0,0,Morelia,Xangari,febrero,viernes,15,-101.217843666673,19.6735144337902
12212,12212,2018,"180112916",2018/02/02,16:00:00,SALIDA DE SUPERFICIE DE RODAMIENTO,CONCRETO,Bueno,Bueno,1,NISSAN,PLATA,1,,51,MASCULINO,SIN DATOS,0,0,Tarímbaro,Club Erandeni,febrero,viernes,16,-101.181732416153,19.7592419411106
12213,12213,2018,,2018/02/02,17:00:00,COLISIÓN POR ALCANCE,ASFALTO,Bueno,Bueno,2,SMART,GRIS,2,,24,MASCULINO,SIN DATOS,0,0,Morelia,Tzindurio Norte,febrero,viernes,17,-101.245515346527,19.6999506356044
12214,12214,2018,,2018/02/02,17:00:00,COLISIÓN POR INVASIÓN DE CARRIL,ASFALTO,Bueno,Bueno,2,NISSAN,BLANCO/ROJO,2,MINISTERIO PÚBLICO,,,SIN DATOS,0,0,Zitácuaro,Sin datos,febrero,viernes,17,-100.377659797668,19.4992823347708
12215,12215,2018,,2018/02/02,17:00:00,COLISIÓN POR CAMBIO DE CARRIL,ASFALTO,Bueno,Bueno,2,NISSAN,BLANCO/ROJO,1,MINISTERIO PÚBLICO,0,,SIN DATOS,0,0,Zinapécuaro,Sin datos,febrero,viernes,17,-100.813636779785,19.8696562332966
12217,12217,2018,"180113235",2018/02/02,17:58:00,COLISIÓN POR CORTE DE CIRCULACIÓN,ASFALTO,Bueno,Bueno,2,NISSAN,BLANCO,2,,58,MASCULINO,SIN DATOS,0,0,Morelia,Rinconada del Valle,febrero,viernes,18,-101.218843460083,19.6787575734732
12218,12218,2018,,2018/02/02,19:00:00,COLISIÓN POR INVASIÓN DE CARRIL,ASFALTO,Bueno,Bueno,2,NISSAN,BLANCO,4,MINISTERIO PÚBLICO,30,MASCULINO,CON CERTIFICADO,2,0,Tacámbaro,Centro,febrero,viernes,19,-101.458139419556,19.2358756027045
12219,12219,2018,,2018/02/02,21:00:00,COLISIÓN POR MANIOBRA DE REVERSA,CONCRETO,Bueno,Bueno,2,NISSAN,ROJO,2,,23,MASCULINO,SIN DATOS,0,0,Morelia,Felicitas del Rio,febrero,viernes,21,-101.199703216553,19.691910128182
12220,12220,2018,"180114076",2018/02/02,21:23:00,COLISIÓN POR CAMBIO DE CARRIL,ASFALTO,Bueno,Bueno,2,RENAULT,ROJO,2,,32,MASCULINO,SIN DATOS,0,0,Morelia,Valle de Las Flores,febrero,viernes,21,-101.127068996429,19.6878291131235
12221,12221,2018,"180114163",2018/02/02,21:30:00,COLISIÓN POR ALCANCE,ASFALTO,Bueno,Bueno,2,MAZDA,GRIS,2,,24,MASCULINO,SIN DATOS,0,0,Morelia,Ventura Puente,febrero,viernes,22,-101.180176734924,19.6882685343458
12222,12222,2018,,2018/02/02,21:55:00,SALIDA DE SUPERFICIE DE RODAMIENTO,ASFALTO,Bueno,Malo,1,CHEVROLET,BLANCO,1,,29,FEMENINO,SIN DATOS,0,0,Morelia,Club de Golf Tres Marias,febrero,viernes,22,-101.112670898438,19.7056070319202
12223,12223,2018,,2018/02/03,"02:17:00",COLISIÓN CONTRA OBJETO FIJO,ASFALTO,Bueno,Bueno,1,VOLKSWAGEN,GRIS,1,,26,MASCULINO,SIN DATOS,0,0,Morelia,Montaña Monarca,febrero,sábado,2,-101.165392398834,19.6697259313075
12224,12224,2018,"180114800",2018/02/03,"02:55:00",COLISIÓN POR CORTE DE CIRCULACIÓN,ASFALTO,Bueno,Bueno,1,DODGE,GRIS,0,,,,,0,0,Morelia,Los Manantiales de Morelia,febrero,sábado,3,-101.241870224476,19.6963723566472
12225,12225,2018,"180144856",2018/02/03,"04:20:00",SUBIDA AL CAMELLÓN,ASFALTO,Bueno,Bueno,1,NISSAN,GRIS,1,,,,SIN DATOS,0,0,Morelia,Villas de La Esperanza,febrero,sábado,4,-101.272444725037,19.69380917893
12226,12226,2018,"180114837",2018/02/03,"04:50:00",SALIDA DE SUPERFICIE DE RODAMIENTO,ASFALTO,Bueno,Bueno,1,MAZDA,GUINDA,1,,42,MASCULINO,SIN DATOS,0,0,Morelia,Sin datos,febrero,sábado,5,-101.118443012238,19.7304524032769
12227,12227,2018,"180114909",2018/02/03,"05:10:00",SUBIDA AL CAMELLÓN,ASFALTO,Bueno,Bueno,1,DODGE,GRIS,1,,,,SIN DATOS,0,0,Morelia,Los Laureles,febrero,sábado,5,-101.231932640076,19.7140710513984
12228,12228,2018,"180115150",2018/02/03,"08:50:00",COLISIÓN POR ALCANCE,ASFALTO,Bueno,Bueno,2,NISSAN,BLANCO/ROJO,2,,19,MASCULINO,SIN DATOS,0,0,Morelia,Camelinas,febrero,sábado,9,-101.167956590652,19.6827832588782
12229,12229,2018,"180115218",2018/02/03,"09:20:00",COLISIÓN POR ALCANCE,ASFALTO,Bueno,Bueno,2,APRIO,GRIS,2,,30,MASCULINO,SIN DATOS,0,0,Morelia,Sentimientos de La Nacion,febrero,sábado,9,-101.235365867615,19.6813437217652
12230,12230,2018,"180155173",2018/02/03,"09:30:00",COLISIÓN POR CORTE DE CIRCULACIÓN,ASFALTO,Bueno,Bueno,2,VOLKSWAGEN,BLANCO,2,,48,MASCULINO,SIN DATOS,0,0,Morelia,Sin datos,febrero,sábado,10,-101.120052337646,19.7000920479493
12231,12231,2018,"180115279",2018/02/03,10:06:00,COLISIÓN POR CORTE DE CIRCULACIÓN,ASFALTO,Bueno,Regular,2,NISSAN,BLANCO,2,,56,MASCULINO,SIN DATOS,0,0,Morelia,Centro,febrero,sábado,10,-101.200156509876,19.7040919453728
12232,12232,2018,"180115332",2018/02/03,10:10:00,COLISIÓN POR CORTE DE CIRCULACIÓN,ASFALTO,Bueno,Bueno,2,TOYOTA,BLANCO/ROSA,2,,33,MASCULINO,SIN DATOS,0,0,Morelia,Felix Ireta,febrero,sábado,10,-101.194875240326,19.6821114765021
12233,12233,2018,,2018/02/03,10:30:00,COLISIÓN POR ALCANCE,ASFALTO,Bueno,Bueno,2,DODGE,BLANCO/ROJO,2,,30,MASCULINO,SIN DATOS,0,0,Morelia,Jardines de Torremolinos,febrero,sábado,11,-101.225752830505,19.6770199816421
12234,12234,2018,"180115458",2018/02/03,11:25:00,COLISIÓN POR INVASIÓN DE CARRIL,ADOQUIN_EMPEDRADO,Bueno,Regular,2,FORD,BLANCO/AZUL,2,,31,MASCULINO,SIN DATOS,0,0,Morelia,Santa Maria de Guido,febrero,sábado,11,-101.19056224823,19.6734487671766
12236,12236,2018,,2018/02/03,12:45:00,SALIDA DE SUPERFICIE DE RODAMIENTO,ASFALTO,Bueno,Bueno,1,NISSAN,GRIS,2,,37,MASCULINO,SIN DATOS,1,0,Tarímbaro,Sin datos,febrero,sábado,13,-101.172827482224,19.7489829187946
12237,12237,2018,"180116194",2018/02/03,14:30:00,COLISIÓN CON PEATÓN,ASFALTO,Bueno,Bueno,1,BAJAJ,NEGRO/ROJO,2,,29,MASCULINO,SIN DATOS,1,0,Morelia,La Esperanza,febrero,sábado,15,-101.252381801605,19.6983142836663
12238,12238,2018,"180116271",2018/02/03,14:55:00,COLISIÓN POR CORTE DE CIRCULACIÓN,CONCRETO,Bueno,Bueno,2,DINA,BLANCO,2,,28,MASCULINO,SIN DATOS,0,0,Morelia,Central de Abastos,febrero,sábado,15,-101.169415712357,19.7158890400961
12239,12239,2018,"180116307",2018/02/03,15:00:00,COLISIÓN POR CORTE DE CIRCULACIÓN,ASFALTO,Bueno,Bueno,2,VOLKSWAGEN,BLANCO,2,,43,MASCULINO,SIN DATOS,0,0,Morelia,Tzindurio Norte,febrero,sábado,15,-101.246008872986,19.6998092231345
12240,12240,2018,,2018/02/03,15:00:00,VOLCADURA,ASFALTO,Nublado,Bueno,1,INTERNATIONAL,BLANCO,1,,0,MASCULINO,SIN DATOS,0,0,Quiroga,Centro,febrero,sábado,15,-101.515474319458,19.6643309492296
12241,12241,2018,,2018/02/03,15:28:00,COLISIÓN POR CORTE DE CIRCULACIÓN,CONCRETO,Bueno,Bueno,2,NISSAN,Blanco/Rojo,3,,20,MASCULINO,CON CERTIFICADO,1,0,Apatzingán,Centro,febrero,sábado,15,-102.352302074432,19.0843748324175
12242,12242,2018,"180116430",2018/02/03,15:45:00,COLISIÓN POR MANIOBRA DE REVERSA,CONCRETO,Bueno,Bueno,2,FORD,ROJO,2,,,MASCULINO,SIN DATOS,0,0,Morelia,Montaña Monarca,febrero,sábado,16,-101.16363286972,19.6735851516518
12243,12243,2018,"180116462",2018/02/03,15:55:00,COLISIÓN POR ALCANCE,ASFALTO,Bueno,Bueno,2,NISSAN,BLANCO/ROJO,2,,70,MASCULINO,SIN DATOS,0,0,Morelia,Poblado de Ocolusen,febrero,sábado,16,-101.15735784173,19.6952833267945
12244,12244,2018,"180116589",2018/02/03,16:30:00,COLISIÓN POR ALCANCE,ASFALTO,Bueno,Bueno,3,TOYOTA,PLATA,3,,35,FEMENINO,SIN DATOS,0,0,Morelia,El Realito,febrero,sábado,17,-101.204287111759,19.7257386444036
12245,12245,2018,LEG12756,2018/02/03,16:35:00,COLISIÓN POR ALCANCE,ASFALTO,Bueno,Bueno,3,TOYOTA,BLANCO/AMARILLO,3,,30,MASCULINO,SIN DATOS,0,0,Morelia,El Realito,febrero,sábado,17,-101.203651428223,19.7256957225538
12246,12246,2018,"180117112",2018/02/03,19:10:00,COLISIÓN CON PEATÓN,ASFALTO,Bueno,Bueno,1,HONDA,ROJO,2,,25,MASCULINO,SIN DATOS,1,0,Morelia,Gertrudis Sanchez,febrero,sábado,19,-101.198980361223,19.7453981639651
12247,12247,2018,"180117450",2018/02/03,19:20:00,COLISIÓN POR NO RESPETAR SEMÁFORO,ASFALTO,Bueno,Bueno,2,CHEVROLET,BLANCO,2,,19,MASCULINO,SIN DATOS,0,0,Morelia,Comision Federal de Electricidad,febrero,sábado,19,-101.181292533875,19.6817073955203
12248,12248,2018,"180117557",2018/02/03,20:00:00,VOLCADURA,ASFALTO,Bueno,Bueno,1,CHEVROLET,GUINDA,1,,64,MASCULINO,SIN DATOS,0,0,Morelia,Sin datos,febrero,sábado,20,-101.114773750305,19.7372589569432
12249,12249,2018,"180117868",2018/02/03,20:55:00,SALIDA DE SUPERFICIE DE RODAMIENTO,ASFALTO,Bueno,Regular,1,VOLKSWAGEN,BLANCO,1,,59,MASCULINO,ALIENTO ETÍLICO,0,0,Morelia,Sin datos,febrero,sábado,21,-101.105310916901,19.7294627021823
12250,12250,2018,,2018/02/03,21:10:00,COLISIÓN POR CORTE DE CIRCULACIÓN,CONCRETO,Bueno,Bueno,2,PLAYMOTH,AZUL,0,,,,,0,0,Tarímbaro,Campestre,febrero,sábado,21,-101.162967681885,19.7983635502123
12251,12251,2018,"180118079",2018/02/03,21:40:00,COLISIÓN POR ALCANCE,ASFALTO,Bueno,Bueno,2,VOLKSWAGEN,AZUL,2,,47,MASCULINO,SIN DATOS,0,0,Morelia,La Soledad,febrero,sábado,22,-101.183229088783,19.7293566624157
12252,12252,2018,"180118162",2018/02/03,22:20:00,COLISIÓN POR ALCANCE,ASFALTO,Bueno,Bueno,2,CHEVROLET,NEGRO,1,MINISTERIO PÚBLICO,38,FEMENINO,SIN DATOS,0,0,Morelia,Obrera,febrero,sábado,22,-101.188008785248,19.7108162950056
12253,12253,2018,"180118091",2018/02/03,22:40:00,COLISIÓN POR INVASIÓN DE CARRIL,ASFALTO,Bueno,Bueno,2,NISSAN,VERDE,2,,29,MASCULINO,CON CERTIFICADO,0,0,Morelia,Sin datos,febrero,sábado,23,-101.34608745575,19.5549374059342
12254,12254,2018,"180118321",2018/02/03,23:30:00,COLISIÓN CONTRA OBJETO FIJO,CONCRETO,Bueno,Regular,2,VOLKSWAGEN,GUINDA,1,,31,MASCULINO,SIN DATOS,0,0,Morelia,Lomas de Morelia (Dr Ignacio Chavez),febrero,sábado,0,-101.1743080616,19.7166465292859
12255,12255,2018,"180118485",2018/02/04,"00:40:00",COLISIÓN CONTRA OBJETO FIJO,ASFALTO,Bueno,Bueno,1,NISSAN,ROJO,1,,48,MASCULINO,SIN DATOS,0,0,Morelia,La Huerta,febrero,domingo,1,-101.22832775116,19.6583800936589
12256,12256,2018,"180118526",2018/02/04,"00:45:00",COLISIÓN POR CAMBIO DE CARRIL,ASFALTO,Bueno,Bueno,2,NISSAN,CAFE,2,,28,MASCULINO,ALIENTO ETÍLICO,0,0,Morelia,Indeco El Vivero,febrero,domingo,1,-101.229829788208,19.6771816188865
12257,12257,2018,"180118528",2018/02/04,"00:50:00",COLISIÓN POR ALCANCE,ASFALTO,Bueno,Bueno,2,HONDA,CAFE,2,,,,SIN DATOS,0,0,Morelia,Residencial Alborada,febrero,domingo,1,-101.234625577927,19.7024859379671
12258,12258,2018,"180118572",2018/02/04,"01:20:00",COLISIÓN CONTRA OBJETO FIJO,ASFALTO,Bueno,Bueno,1,HONDA,NEGRO,1,,24,MASCULINO,SIN DATOS,0,0,Morelia,La Rinconada,febrero,domingo,1,-101.159309148788,19.6915767818435
12259,12259,2018,,2018/02/04,"04:00:00",COLISIÓN POR CORTE DE CIRCULACIÓN,ASFALTO,Bueno,Bueno,2,VOLKSWAGEN,GRIS,2,,27,MASCULINO,SIN DATOS,0,0,Morelia,Cuauhtemoc,febrero,domingo,4,-101.181179881096,19.6939000903689
12260,12260,2018,"180118836",2018/02/04,"05:30:00",COLISIÓN CONTRA OBJETO FIJO,ASFALTO,Bueno,Bueno,1,CHRYSLER,CAFE,0,,,,,0,0,Morelia,Centro,febrero,domingo,6,-101.198329925537,19.7049454458927
12261,12261,2018,"180118866",2018/02/04,"06:40:00",SALIDA DE SUPERFICIE DE RODAMIENTO,ASFALTO,Bueno,Bueno,1,TOYOTA,NEGRO,0,,,,,0,0,Álvaro Obregón,Sin datos,febrero,domingo,7,-101.029586791992,19.8366378926891
12262,12262,2018,"180118873",2018/02/04,"06:55:00",COLISIÓN POR ALCANCE,ASFALTO,Bueno,Bueno,2,NISSAN,BLANCO,2,,31,MASCULINO,SIN DATOS,0,0,Morelia,Villas Lomas del Paraiso,febrero,domingo,7,-101.18261218071,19.675474317258
12263,12263,2018,"180118901",2018/02/04,"07:00:00",SALIDA DE SUPERFICIE DE RODAMIENTO,CONCRETO,Bueno,Bueno,1,FORD,BEIGE,0,,,,,0,0,Morelia,Bicentenario,febrero,domingo,7,-101.182708740234,19.7393796339778
12264,12264,2018,,2018/02/04,"07:20:00",VOLCADURA,CONCRETO,Bueno,Regular,1,FORD,GRIS,0,,,,,0,0,Pátzcuaro,Centro,febrero,domingo,7,-101.609507203102,19.5237955788604
12265,12265,2018,"180119810",2018/02/04,"09:00:00",COLISIÓN POR ALCANCE,ASFALTO,Bueno,Bueno,2,CHEVROLET,BLANCO,2,,28,MASCULINO,SIN DATOS,0,0,Morelia,Los Manantiales de Morelia,febrero,domingo,9,-101.241400837898,19.6954354757584
12266,12266,2018,,2018/02/04,11:01:00,COLISIÓN POR CAMBIO DE CARRIL,ASFALTO,Bueno,Bueno,2,MERCEDEZ BENZ,AMARILLO,2,,24,MASCULINO,SIN DATOS,0,0,Morelia,Cuauhtemoc,febrero,domingo,11,-101.185036897659,19.6950213272025
12267,12267,2018,"180119415",2018/02/04,11:30:00,COLISIÓN CON PEATÓN,ASFALTO,Bueno,Bueno,1,INTERNATIONAL,VERDE,1,MINISTERIO PÚBLICO,39,MASCULINO,SIN DATOS,0,0,Morelia,Centro,febrero,domingo,12,-101.187874674797,19.6959001289601
12268,12268,2018,,2018/02/04,11:30:00,COLISIÓN POR CORTE DE CIRCULACIÓN,ASFALTO,Bueno,Bueno,2,FORD,GUINDA,5,MINISTERIO PÚBLICO,44,MASCULINO,SIN DATOS,3,0,Hidalgo,Sin datos,febrero,domingo,12,-100.578565299511,19.727440360219
12269,12269,2018,,2018/02/04,11:30:00,COLISIÓN POR CORTE DE CIRCULACIÓN,ASFALTO,Bueno,Bueno,2,FORD,GUINDA,5,MINISTERIO PÚBLICO,44,MASCULINO,SIN DATOS,3,0,Zinapécuaro,Sin Nombre,febrero,domingo,12,-100.843741893768,19.8621288178108
12270,12270,2018,,2018/02/04,11:45:00,SALIDA DE SUPERFICIE DE RODAMIENTO,ASFALTO,Bueno,Bueno,1,MERCEDES BENZ,NEGRO,1,,24,MASCULINO,SIN DATOS,0,0,Huandacareo,Sin datos,febrero,domingo,12,-101.287422180176,19.9887959722842
12271,12271,2018,"180119745",2018/02/04,13:00:00,COLISIÓN CONTRA OBJETO FIJO,ASFALTO,Bueno,Bueno,2,FORD,BLANCO,2,,,,SIN DATOS,0,0,Morelia,Central de Abastos,febrero,domingo,13,-101.168932914734,19.7175959106691
12272,12272,2018,"180120608",2018/02/04,16:35:00,COLISIÓN POR CAMBIO DE CARRIL,ASFALTO,Bueno,Bueno,2,HONDA,ROJO,2,,32,MASCULINO,SIN DATOS,0,0,Morelia,Las Americas,febrero,domingo,17,-101.158890724182,19.6881725688944
12273,12273,2018,"180121374",2018/02/04,20:00:00,COLISIÓN POR CAMBIO DE CARRIL,ASFALTO,Bueno,Bueno,2,NISSAN,AZUL,2,,30,MASCULINO,SIN DATOS,0,0,Morelia,Centro,febrero,domingo,20,-101.18985414505,19.6992587234007
12274,12274,2018,,2018/02/04,20:10:00,COLISIÓN POR ALCANCE,ASFALTO,Bueno,Bueno,2,CHEVROLET,ROJO,2,,24,MASCULINO,CON CERTIFICADO,0,0,Quiroga,Centro,febrero,domingo,20,-101.523885726929,19.6652705378161
12275,12275,2018,"180121678",2018/02/04,21:35:00,SUBIDA AL CAMELLÓN,ASFALTO,Bueno,Bueno,1,VOLKSWAGEN,PLATA,1,,,MASCULINO,SIN DATOS,0,0,Morelia,Sin datos,febrero,domingo,22,-101.315145492554,19.6873644364961
12276,12276,2018,"180121707",2018/02/04,21:50:00,COLISIÓN POR CAMBIO DE CARRIL,ASFALTO,Bueno,Bueno,1,NISSAN,BLANCO,1,,60,MASCULINO,SIN DATOS,0,0,Morelia,Colinas del Sur,febrero,domingo,22,-101.197772026062,19.6616232868087
12277,12277,2018,,2018/02/04,21:55:00,COLISIÓN POR CORTE DE CIRCULACIÓN,ASFALTO,Bueno,Bueno,2,VOLKSWAGEN,BLANCO,2,MINISTERIO PÚBLICO,,,,2,0,Lázaro Cárdenas,Sin datos,febrero,domingo,22,-102.211303710938,17.9782840767741
12278,12278,2018,"180121824",2018/02/04,22:50:00,COLISIÓN CONTRA OBJETO FIJO,ASFALTO,Bueno,Bueno,1,CHEVROLET,ROJO,1,,69,MASCULINO,SIN DATOS,0,0,Morelia,Bosques Tres Marias,febrero,domingo,23,-101.10525727272,19.72936171193
12280,12280,2018,"180122735",2018/02/05,"03:30:00",COLISIÓN CONTRA OBJETO FIJO,CONCRETO,Bueno,Bueno,1,CHEVROLET,AZUL,1,,,,SIN DATOS,0,0,Morelia,La Loma,febrero,lunes,4,-101.178916096687,19.6801264188833
12281,12281,2018,"180122447",2018/02/05,"09:20:00",VOLCADURA,CONCRETO,Bueno,Bueno,1,MAZDA,BLANCO,1,,64,MASCULINO,SIN DATOS,0,0,Morelia,Primaveras,febrero,lunes,9,-101.225731372833,19.6809699451009
12282,12282,2018,"180122428",2018/02/05,"09:30:00",COLISIÓN CONTRA OBJETO FIJO,CONCRETO,Bueno,Regular,1,CHEVROLET,BLANCO,0,,,,,0,0,Morelia,Loma Bonita,febrero,lunes,10,-101.196609288454,19.7231115534707
12283,12283,2018,,2018/02/05,11:30:00,COLISIÓN POR ALCANCE,CONCRETO,Bueno,Bueno,2,FORD,BLANCO,2,MINISTERIO PÚBLICO,34,,SIN DATOS,0,0,Zitácuaro,Sin datos,febrero,lunes,12,-100.305519104004,19.4473311144361
12284,12284,2018,,2018/02/05,11:30:00,COLISIÓN POR ALCANCE,CONCRETO,Bueno,Bueno,2,FORD,BLANCO,2,MINISTERIO PÚBLICO,34,,SIN DATOS,0,0,Morelia,El Porvenir,febrero,lunes,12,-101.2032125,19.7124005
12285,12285,2018,"180122858",2018/02/05,12:10:00,COLISIÓN CON PEATÓN,CONCRETO,Bueno,Regular,1,NISSAN,BLANCO Y GUINDA,0,,,,,0,0,Morelia,Industrial,febrero,lunes,12,-101.197557449341,19.7119803388423
12286,12286,2018,"180123101",2018/02/05,12:10:00,COLISIÓN POR CAMBIO DE CARRIL,CONCRETO,Bueno,Bueno,2,FORD,NEGRO,2,,59,MASCULINO,SIN DATOS,0,0,Morelia,Montaña Monarca,febrero,lunes,12,-101.164791584015,19.6658262058945
12287,12287,2018,,2018/02/05,12:12:00,COLISIÓN POR CORTE DE CIRCULACIÓN,ASFALTO,Bueno,Bueno,2,FORD,GRIS,0,MINISTERIO PÚBLICO,,,,0,0,Uruapan,Sin datos,febrero,lunes,12,-102.235765457153,19.6155860348622
12288,12288,2018,"180122014",2018/02/05,12:22:00,COLISIÓN POR ALCANCE,ASFALTO,Bueno,Bueno,2,DODGE,GRIS,3,MINISTERIO PÚBLICO,0,MASCULINO,SIN DATOS,1,0,Morelia,Felix Arreguin,febrero,lunes,12,-101.22719720006,19.7205412295335