fid,id_accidente,anio_origen,folio_c5i,dia_incidente,hora_ocurrencia,tipo_incidente_vial,superficie_ocurrencia,condiciones_climaticas,condiciones_via,numero_vehiculos_involucrados,marca_vehiculo_ocasiona_siniestro,color_vehiculo_ocasiona_siniestro,numero_personas_involucradas,lugar_remite_presunto_responsable,edad_presunto_responsable,sexo_presunto_responsable,resultados_toxicologia,numero_personas_lesionadas,numero_personas_fallecidas,municipio,colonia,mes,dia_semana,hora_redondeada,lon,lat
12289,12289,2018,,2018/02/05,12:29:00,COLISIÓN POR INVASIÓN DE CARRIL,ASFALTO,Bueno,Bueno,2,NISSAN,AZUL,2,,36,MASCULINO,SIN DATOS,0,0,Zinapécuaro,Centro,febrero,lunes,12,-100.826876,19.857982
12290,12290,2018,"18014032",2018/02/05,13:50:00,COLISIÓN POR CORTE DE CIRCULACIÓN,ASFALTO,Bueno,Bueno,2,SIN DATOS,SIN DATOS,1,,41,FEMENINO,SIN DATOS,0,0,Morelia,Vista Bella,febrero,lunes,14,-101.194962412119,19.6790757931914
12291,12291,2018,"180123720",2018/02/05,15:20:00,COLISIÓN POR CORTE DE CIRCULACIÓN,ASFALTO,Bueno,Bueno,3,HONDA,BLANCO,2,MINISTERIO PÚBLICO,,,SIN DATOS,1,0,Morelia,Plan de La Garita,febrero,lunes,15,-101.183913052082,19.7133564751817
12292,12292,2018,"180125908",2018/02/05,15:40:00,COLISIÓN POR CAMBIO DE CARRIL,ASFALTO,Bueno,Bueno,2,MAN,BLANCO,2,,59,MASCULINO,SIN DATOS,0,0,Morelia,Santiaguito,febrero,lunes,16,-101.188695430756,19.7173434161707
12293,12293,2018,,2018/02/05,17:30:00,COLISIÓN CONTRA OBJETO FIJO,ASFALTO,Bueno,Bueno,1,NISSAN,BLANCO Y ROJO,1,,50,MASCULINO,SIN DATOS,0,0,Cuitzeo,Los Granados,febrero,lunes,18,-101.139771938324,19.9741756320777
12294,12294,2018,"180124459",2018/02/05,18:00:00,COLISIÓN POR CORTE DE CIRCULACIÓN,ASFALTO,Bueno,Bueno,2,JEEP,NEGRO,2,MINISTERIO PÚBLICO,24,MASCULINO,SIN DATOS,0,0,Morelia,Las Aguilas,febrero,lunes,18,-101.227995157242,19.6974051920263
12295,12295,2018,"180124621",2018/02/05,18:44:00,COLISIÓN POR CORTE DE CIRCULACIÓN,CONCRETO,Bueno,Bueno,2,VOLKSWAGEN,ROJO,2,MINISTERIO PÚBLICO,70,MASCULINO,SIN DATOS,0,0,Morelia,Lomas de Santa Maria,febrero,lunes,19,-101.187472343445,19.6734639210129
12296,12296,2018,"180125272",2018/02/05,21:18:00,COLISIÓN POR CAMBIO DE CARRIL,ASFALTO,Bueno,Bueno,2,BAJAJ,VERDE,2,,56,MASCULINO,SIN DATOS,0,0,Morelia,Los Manantiales de Morelia,febrero,lunes,21,-101.242918968201,19.7004152756971
12297,12297,2018,"180125620",2018/02/05,23:50:00,COLISIÓN POR ALCANCE,ASFALTO,Bueno,Bueno,2,NISSAN,GRIS,2,MINISTERIO PÚBLICO,41,MASCULINO,CON CERTIFICADO,0,0,Morelia,Torreon Nuevo,febrero,lunes,0,-101.204048395157,19.7470946213564
12299,12299,2018,"180125860",2018/02/06,"07:20:00",VOLCADURA,ASFALTO,Bueno,Bueno,1,FORD,ROJO,1,,0,MASCULINO,SIN DATOS,0,0,Morelia,Valle de Las Flores,febrero,martes,7,-101.126832962036,19.6879099263123
12300,12300,2018,"180123574",2018/02/06,"09:00:00",COLISIÓN POR ALCANCE,ASFALTO,Bueno,Bueno,2,MITSUBISHI,PLATA,2,,0,MASCULINO,SIN DATOS,0,0,Morelia,Enrique Arreguin Robles,febrero,martes,9,-101.184157133102,19.7197471476219
12301,12301,2018,"180126113",2018/02/06,"09:10:00",COLISIÓN CONTRA OBJETO FIJO,CONCRETO,Bueno,Bueno,1,NISSAN,ROJO,1,,20,FEMENINO,SIN DATOS,0,0,Morelia,Francisco J Mujica,febrero,martes,9,-101.188255548477,19.7216256688878
12302,12302,2018,"18007970",2018/02/06,"09:20:00",COLISIÓN POR ALCANCE,ASFALTO,Bueno,Bueno,2,NISSAN,BLANCO,2,,45,MASCULINO,SIN DATOS,0,0,Morelia,Enrique Arreguin Robles,febrero,martes,9,-101.184275150299,19.7198077454267
12303,12303,2018,"180126048",2018/02/06,"09:30:00",COLISIÓN POR CORTE DE CIRCULACIÓN,ASFALTO,Bueno,Bueno,2,ITALIKA,NEGRO Y ROJO,2,,24,MASCULINO,SIN DATOS,0,0,Tarímbaro,Sin datos,febrero,martes,10,-101.145050525665,19.7722768138211
12304,12304,2018,"180126128",2018/02/06,"09:53:00",SALIDA DE SUPERFICIE DE RODAMIENTO,ASFALTO,Bueno,Bueno,1,MAZDA,NEGRO,1,,,,,1,0,Morelia,Sin datos,febrero,martes,10,-101.105268001556,19.7293819099856
12305,12305,2018,"180126570",2018/02/06,10:50:00,COLISIÓN POR CORTE DE CIRCULACIÓN,ASFALTO,Bueno,Bueno,2,HONDA,PLATA,2,,0,MASCULINO,SIN DATOS,0,0,Morelia,Cuauhtemoc,febrero,martes,11,-101.182601451874,19.696546600736
12307,12307,2018,"180226585",2018/02/06,12:10:00,COLISIÓN POR CAMBIO DE CARRIL,SIN_DATOS,Bueno,Bueno,2,NISSAN,BLANCO,2,MINISTERIO PÚBLICO,,MASCULINO,SIN DATOS,0,0,Morelia,Infonavit  Las  Camelinas,febrero,martes,12,-101.174297332764,19.6820710684498
12308,12308,2018,,2018/02/06,12:25:00,SALIDA DE SUPERFICIE DE RODAMIENTO,ASFALTO,Bueno,Bueno,1,FORD,BLANCO,1,,50,MASCULINO,SIN DATOS,0,0,Zinapécuaro,Sin datos,febrero,martes,12,-100.823335647583,19.8212162175106
12309,12309,2018,"180126801",2018/02/06,13:05:00,COLISIÓN POR ALCANCE,ASFALTO,Bueno,Bueno,2,FORD,VERDE,2,MINISTERIO PÚBLICO,62,MASCULINO,SIN DATOS,0,0,Morelia,Felix Arreguin,febrero,martes,13,-101.22802734375,19.7193229623452
12310,12310,2018,"180127136",2018/02/06,13:25:00,COLISIÓN POR ALCANCE,CONCRETO,Bueno,Bueno,2,KENWORTH,ROJO,2,,51,MASCULINO,SIN DATOS,0,0,Morelia,Sentimientos de La Nacion,febrero,martes,13,-101.235419511795,19.681070965907
12312,12312,2018,"180137910",2018/02/06,14:20:00,COLISIÓN POR CORTE DE CIRCULACIÓN,ASFALTO,Bueno,Bueno,1,ITALIKA,NEGRO,1,,43,MASCULINO,SIN DATOS,0,0,Morelia,El Paraiso,febrero,martes,14,-101.235398054123,19.7271803068982
12313,12313,2018,"180127284",2018/02/06,14:45:00,COLISIÓN CONTRA OBJETO FIJO,CONCRETO,Bueno,Bueno,1,NISSAN,BLANCO Y ROJO,1,,61,MASCULINO,SIN DATOS,0,0,Tarímbaro,Sin datos,febrero,martes,15,-101.177430152893,19.7766383612774
12314,12314,2018,"180127377",2018/02/06,14:58:00,COLISIÓN POR CAMBIO DE CARRIL,ASFALTO,Bueno,Bueno,2,NISSAN,AZUL,2,,33,MASCULINO,SIN DATOS,0,0,Morelia,Tres Puentes,febrero,martes,15,-101.214820146561,19.7033343967184
12315,12315,2018,"180127515",2018/02/06,15:30:00,COLISIÓN POR CAMBIO DE CARRIL,ASFALTO,Bueno,Bueno,2,NISSAN,BLANCO,2,,39,MASCULINO,SIN DATOS,0,0,Morelia,Centro,febrero,martes,16,-101.20169878006,19.7029505706978
12316,12316,2018,"180127655",2018/02/06,15:50:00,VOLCADURA,ASFALTO,Bueno,Bueno,2,NISSAN,HIERRO,2,MINISTERIO PÚBLICO,,,,2,0,Morelia,Enrique Arreguin Robles,febrero,martes,16,-101.178953647614,19.7204339213976
12317,12317,2018,,2018/02/06,16:19:00,COLISIÓN POR MANIOBRA DE REVERSA,ASFALTO,Bueno,Bueno,2,VOLKSWAGEN,BLANCO Y ROJO,2,,37,MASCULINO,SIN DATOS,0,0,Morelia,Centro,febrero,martes,16,-101.187853217125,19.6984001420542
12318,12318,2018,"180127853",2018/02/06,17:11:00,COLISIÓN POR ALCANCE,ASFALTO,Bueno,Bueno,2,NISSAN,GRIS,2,,0,MASCULINO,SIN DATOS,0,0,Morelia,Gustavo Diaz Ordaz,febrero,martes,17,-101.206505298615,19.6916474917309
12319,12319,2018,,2018/02/06,17:20:00,COLISIÓN POR CORTE DE CIRCULACIÓN,CONCRETO,Bueno,Bueno,2,AUDI,PLATA,2,,48,FEMENINO,SIN DATOS,0,0,Morelia,Infonavit Benito Juarez,febrero,martes,17,-101.197814941406,19.6840813566902
12320,12320,2018,"180127906",2018/02/06,17:20:00,COLISIÓN POR ALCANCE,ASFALTO,Bueno,Bueno,2,CHEVROLET,BLANCO,2,,20,MASCULINO,SIN DATOS,0,0,Morelia,Chapultepec Oriente,febrero,martes,17,-101.159040927887,19.6882533819099
12321,12321,2018,LEG12827,2018/02/06,17:20:00,COLISIÓN POR ALCANCE,ASFALTO,Bueno,Bueno,2,VOLKSWAGEN,GRIS,2,,37,MASCULINO,SIN DATOS,0,0,Morelia,Lomas de Hidalgo,febrero,martes,17,-101.16357922554,19.6961324550551
12322,12322,2018,"180127990",2018/02/06,17:34:00,CAIDA DE MOTOCICLETA,CONCRETO,Bueno,Bueno,2,KURAZAI,ROJO,2,,,MASCULINO,SIN DATOS,0,0,Morelia,Nueva Chapultepec,febrero,martes,18,-101.164652109146,19.6872810976105
12323,12323,2018,"180128453",2018/02/06,19:07:00,COLISIÓN POR CORTE DE CIRCULACIÓN,CONCRETO,Bueno,Bueno,2,INTERNATIONAL,BLANCO Y AZUL,2,MINISTERIO PÚBLICO,23,MASCULINO,SIN DATOS,0,0,Morelia,Ventura Puente,febrero,martes,19,-101.19527220726,19.692586920128
12324,12324,2018,"180128700",2018/02/06,19:20:00,COLISIÓN POR CORTE DE CIRCULACIÓN,ASFALTO,Bueno,Bueno,2,NISSAN,AZUL,2,,25,FEMENINO,SIN DATOS,0,0,Morelia,Jardines de Sindurio,febrero,martes,19,-101.256351470947,19.6976274149041
12325,12325,2018,"180128543",2018/02/06,20:40:00,COLISIÓN POR CAMBIO DE CARRIL,ASFALTO,Bueno,Bueno,2,NISSAN,BLANCO,2,,,MASCULINO,SIN DATOS,0,0,Morelia,Gertrudis Bocanegra,febrero,martes,21,-101.209010481834,19.7059352987809
12326,12326,2018,,2018/02/06,21:00:00,COLISIÓN POR CORTE DE CIRCULACIÓN,ASFALTO,Bueno,Bueno,2,JEEP,NEGRO,1,,48,FEMENINO,SIN DATOS,0,0,Morelia,Los Manantiales de Morelia,febrero,martes,21,-101.241427659988,19.6954859816065
12327,12327,2018,,2018/02/06,23:29:00,VOLCADURA,ASFALTO,Bueno,Bueno,1,MERCEDES BENZ,BLANCO,1,,,,,1,0,Morelia,Punta Monarca(Punta Altozano),febrero,martes,23,-101.168246269226,19.6555409828942
12328,12328,2018,"180129553",2018/02/07,"00:30:00",COLISIÓN POR ALCANCE,ASFALTO,Bueno,Bueno,2,FORD,GRIS,2,,71,MASCULINO,SIN DATOS,0,0,Morelia,Felix Ireta,febrero,miércoles,1,-101.19197845459,19.6822781596101
12329,12329,2018,"180129523",2018/02/07,"07:20:00",SUBIDA AL CAMELLÓN,CONCRETO,Bueno,Bueno,1,KENWORTH,CREMA,1,,23,MASCULINO,SIN DATOS,0,0,Morelia,Cosmos,febrero,miércoles,7,-101.216386556625,19.6835055480641
12330,12330,2018,,2018/02/07,"07:50:00",COLISIÓN POR CORTE DE CIRCULACIÓN,ADOQUIN_EMPEDRADO,Bueno,Bueno,2,FORD,NEGRO,2,,38,FEMENINO,SIN DATOS,0,0,Cuitzeo,Centro,febrero,miércoles,8,-101.140555143356,19.9692044074483
12331,12331,2018,"180129682",2018/02/07,"09:20:00",COLISIÓN POR CORTE DE CIRCULACIÓN,ASFALTO,Bueno,Bueno,2,MAZDA,VERDE,2,MINISTERIO PÚBLICO,20,MASCULINO,SIN DATOS,0,0,Morelia,Ventura Puente,febrero,miércoles,9,-101.183867454529,19.6932233039746
12333,12333,2018,"180137450",2018/02/07,12:00:00,COLISIÓN POR ALCANCE,ASFALTO,Bueno,Bueno,2,VOLKSWAGEN,BLANCO,2,,34,MASCULINO,SIN DATOS,0,0,Morelia,Ejidal Ocolusen,febrero,miércoles,12,-101.153440475464,19.687202809527
12334,12334,2018,"180130612",2018/02/07,13:40:00,COLISIÓN POR CORTE DE CIRCULACIÓN,CONCRETO,Bueno,Bueno,2,CHEVROLET,NEGRO,2,,33,FEMENINO,SIN DATOS,0,0,Morelia,Comision Federal de Electricidad,febrero,miércoles,14,-101.181292533875,19.6817073955203
12335,12335,2018,"180130781",2018/02/07,14:00:00,COLISIÓN POR CAMBIO DE CARRIL,CONCRETO,Bueno,Bueno,2,NISSAN,BLANCO Y ROJO,2,,38,MASCULINO,SIN DATOS,0,0,Morelia,Juarez,febrero,miércoles,14,-101.195417046547,19.692665205579
12336,12336,2018,"180131115",2018/02/07,15:42:00,COLISIÓN POR MANIOBRA DE REVERSA,ASFALTO,Bueno,Regular,1,MITSUBISHI,AZUL,1,,26,MASCULINO,SIN DATOS,0,0,Morelia,Vista Bella,febrero,miércoles,16,-101.198732256889,19.6795000851656
12337,12337,2018,"180131407",2018/02/07,16:30:00,COLISIÓN POR ALCANCE,ASFALTO,Bueno,Bueno,3,SIN DATOS,SIN DATOS,2,,27,MASCULINO,SIN DATOS,0,0,Morelia,Ana Maria Gallaga (Riviera Norte),febrero,miércoles,17,-101.219594478607,19.6771412095907
12339,12339,2018,"180132647",2018/02/07,21:00:00,VOLCADURA,ASFALTO,Bueno,Regular,1,TOYOTA,VERDE,1,,20,MASCULINO,SIN DATOS,0,0,Morelia,Bello Horizonte,febrero,miércoles,21,-101.239528656006,19.6771816188865
12340,12340,2018,"180132943",2018/02/07,23:00:00,COLISIÓN POR ALCANCE,ASFALTO,Bueno,Bueno,2,SIN DATOS,SIN DATOS,1,MINISTERIO PÚBLICO,24,MASCULINO,SIN DATOS,0,0,Morelia,Lomas de Hidalgo,febrero,miércoles,23,-101.162452697754,19.6960314437509
12341,12341,2018,"180132993",2018/02/07,23:20:00,COLISIÓN POR CORTE DE CIRCULACIÓN,ASFALTO,Bueno,Bueno,2,VOLKSWAGEN,GRIS,2,,19,MASCULINO,SIN DATOS,0,0,Morelia,Solidaridad,febrero,miércoles,23,-101.207717657089,19.7261552382295
12342,12342,2018,,2018/02/07,23:40:00,VOLCADURA,ASFALTO,Bueno,Bueno,1,NISSAN,BLANCO,1,,46,MASCULINO,SIN DATOS,0,0,Sin datos,Sin datos,febrero,miércoles,0,-101.156530380249,20.0876139925677
12343,12343,2018,"180133142",2018/02/08,"04:15:00",COLISIÓN CONTRA OBJETO FIJO,ASFALTO,Bueno,Bueno,1,VENTO,SIN DATOS,0,,,,,0,0,Morelia,Lomas de Hidalgo,febrero,jueves,4,-101.158756613731,19.695657701371
12344,12344,2018,,2018/02/08,"08:40:00",SALIDA DE SUPERFICIE DE RODAMIENTO,TERRACERIA,Bueno,Bueno,1,CHEVROLET,BLANCO,1,,51,MASCULINO,SIN DATOS,0,0,Zinapécuaro,Centro,febrero,jueves,9,-100.827616453171,19.8586273379215
12345,12345,2018,"180245395",2018/02/08,"09:15:00",COLISIÓN POR CAMBIO DE CARRIL,ASFALTO,Bueno,Bueno,2,CHEVROLET,ROJO,2,,58,MASCULINO,SIN DATOS,0,0,Morelia,Tzindurio Norte,febrero,jueves,9,-101.244184970856,19.7001728549475
12346,12346,2018,"180133602",2018/02/08,"09:24:00",COLISIÓN POR ALCANCE,ASFALTO,Lluvioso,Regular,2,VOLKWAGEN,BLANCO,2,,30,MASCULINO,SIN DATOS,0,0,Morelia,Josefa Ortiz de Dominguez,febrero,jueves,9,-101.209128499031,19.6721000700058
12347,12347,2018,LEG12875,2018/02/08,"09:25:00",COLISIÓN POR CORTE DE CIRCULACIÓN,CONCRETO,Bueno,Bueno,2,NISSAN,BLANCO Y ROJO,2,,50,MASCULINO,SIN DATOS,0,0,Morelia,Infonavit Adolfo Lopez Mateos,febrero,jueves,9,-101.228864192963,19.6999001311652
12348,12348,2018,"180133570",2018/02/08,"09:30:00",COLISIÓN POR ALCANCE,ASFALTO,Bueno,Bueno,2,VOLKSWAGEN,VERDE,1,MINISTERIO PÚBLICO,31,FEMENINO,SIN DATOS,0,0,Morelia,Villa de Santa Maria,febrero,jueves,10,-101.167463064194,19.6560360627659
12349,12349,2018,"180133539",2018/02/08,"09:40:00",CAIDA DE MOTOCICLETA,CONCRETO,Lluvioso,Bueno,1,ITALIKA,AZUL,1,,43,MASCULINO,SIN DATOS,0,0,Morelia,Melchor Ocampo,febrero,jueves,10,-101.200969219208,19.7057585397858
12350,12350,2018,"180133553",2018/02/08,"09:56:00",COLISIÓN CONTRA OBJETO FIJO,ASFALTO,Bueno,Bueno,0,,,0,,,,,0,0,Morelia,Cosmos,febrero,jueves,10,-101.216440200806,19.6833237133311
12351,12351,2018,,2018/02/08,10:00:00,COLISIÓN POR CORTE DE CIRCULACIÓN,ASFALTO,Nublado,Bueno,2,NISSAN,BLANCO,1,MINISTERIO PÚBLICO,45,MASCULINO,SIN DATOS,0,0,Morelia,Leandro Valle,febrero,jueves,10,-101.22944355011,19.7176666090572
12353,12353,2018,"180134492",2018/02/08,13:50:00,COLISIÓN POR MANIOBRA DE REVERSA,ASFALTO,Bueno,Bueno,2,KENWORTH,BLANCO,2,,33,MASCULINO,SIN DATOS,0,0,Morelia,Jardines de La Loma,febrero,jueves,14,-101.224422454834,19.6767169113694
12354,12354,2018,"180134285",2018/02/08,14:00:00,COLISIÓN POR MANIOBRA DE REVERSA,ASFALTO,Bueno,Bueno,2,FIAT,BLANCO,2,,32,MASCULINO,SIN DATOS,0,0,Morelia,Centro,febrero,jueves,14,-101.196057759225,19.7046575793623
12355,12355,2018,"180133507",2018/02/08,14:30:00,COLISIÓN POR ALCANCE,ASFALTO,Bueno,Bueno,2,SUZUKI,ROJO,2,,40,MASCULINO,SIN DATOS,0,0,Morelia,Centro,febrero,jueves,15,-101.195159554482,19.7030566279797
12358,12358,2018,"180135086",2018/02/08,16:20:00,COLISIÓN POR CORTE DE CIRCULACIÓN,CONCRETO,Bueno,Bueno,2,CHEVROLET,AZUL,2,,42,MASCULINO,SIN DATOS,0,0,Morelia,San Rafael,febrero,jueves,16,-101.155135631561,19.700960721041
12359,12359,2018,"180135180",2018/02/08,17:00:00,COLISIÓN POR ALCANCE,ASFALTO,Bueno,Bueno,3,FORD,ROJO,3,,69,MASCULINO,SIN DATOS,0,0,Morelia,Canteras de Morelia,febrero,jueves,17,-101.171808242798,19.715242646483
12360,12360,2018,,2018/02/08,21:45:00,COLISIÓN POR CORTE DE CIRCULACIÓN,ASFALTO,Lluvioso,Bueno,2,FORD,GRIS,4,MINISTERIO PÚBLICO,28,MASCULINO,SIN DATOS,2,0,Sahuayo,La Plasita,febrero,jueves,22,-102.71644949913,20.0518394540574
12361,12361,2018,"180136454",2018/02/08,22:50:00,COLISIÓN POR CORTE DE CIRCULACIÓN,ASFALTO,Bueno,Bueno,2,SEAT,GRIS,2,,41,MASCULINO,SIN DATOS,0,0,Morelia,San Rafael,febrero,jueves,23,-101.154695749283,19.7005768893262
12362,12362,2018,"180136382",2018/02/08,23:00:00,COLISIÓN CONTRA OBJETO FIJO,CONCRETO,Bueno,Bueno,1,HONDA,BLANCO,1,,20,MASCULINO,CON CERTIFICADO,0,0,Morelia,Santa Maria de Guido,febrero,jueves,23,-101.193952560425,19.6726557144098
12363,12363,2018,"180136519",2018/02/08,23:20:00,COLISIÓN CON PEATÓN,ASFALTO,Bueno,Bueno,1,ITALIKA,VERDE Y NEGRO,1,MINISTERIO PÚBLICO,,,,1,0,Morelia,Asociacion Zirahuen,febrero,jueves,23,-101.250171661377,19.6987385246643
12364,12364,2018,,2018/02/09,"05:55:00",COLISIÓN POR CORTE DE CIRCULACIÓN,CONCRETO,Bueno,Bueno,2,NISSAN,BLANCO,3,,23,MASCULINO,SIN DATOS,1,0,Apatzingán,22 de Octubre,febrero,viernes,6,-102.346025705338,19.0910766808789
12365,12365,2018,"180137008",2018/02/09,"07:10:00",COLISIÓN POR CORTE DE CIRCULACIÓN,TERRACERIA,Bueno,Bueno,1,CHRYSLER,BLANCO Y ROJO,1,,,MASCULINO,SIN DATOS,0,0,Morelia,La Soledad,febrero,viernes,7,-101.183524131775,19.727321695164
12366,12366,2018,"180136789",2018/02/09,"07:10:00",COLISIÓN POR ALCANCE,CONCRETO,Bueno,Bueno,2,FORD,BLANCO,0,MINISTERIO PÚBLICO,,,,0,0,Morelia,Enrique Ramirez,febrero,viernes,7,-101.165220737457,19.709354284344
12367,12367,2018,"180136798",2018/02/09,"07:20:00",COLISIÓN POR ALCANCE,ASFALTO,Bueno,Bueno,2,HONDA,GRIS,2,,23,MASCULINO,SIN DATOS,0,0,Morelia,Morelos,febrero,viernes,7,-101.209412813187,19.6978471122185
12368,12368,2018,"180136817",2018/02/09,"07:20:00",COLISIÓN CONTRA OBJETO FIJO,ASFALTO,Bueno,Bueno,1,VOLKSWAGEN,GRIS,1,,,,SIN DATOS,0,0,Morelia,Guadalupe,febrero,viernes,7,-101.217818856239,19.7083240511877
12369,12369,2018,,2018/02/09,"07:30:00",COLISIÓN POR CORTE DE CIRCULACIÓN,ASFALTO,Lluvioso,Bueno,2,MERCEDES BENS,BEIGE,4,MINISTERIO PÚBLICO,33,MASCULINO,SIN DATOS,2,0,Sahuayo,La Plasita,febrero,viernes,8,-102.71644949913,20.0517991401165
12370,12370,2018,,2018/02/09,"09:30:00",COLISIÓN POR ALCANCE,ASFALTO,Bueno,Bueno,2,CHRYSLER,BLANCO,2,,35,MASCULINO,SIN DATOS,0,0,Morelia,Tres Puentes,febrero,viernes,10,-101.21373385191,19.7026298732507
12371,12371,2018,"180137229",2018/02/09,10:00:00,COLISIÓN CONTRA OBJETO FIJO,CONCRETO,Lluvioso,Regular,1,DODGE,BLANCO,1,,37,FEMENINO,SIN DATOS,0,0,Morelia,Isaac Arriaga,febrero,viernes,10,-101.166400909424,19.7104148115437
12372,12372,2018,"180137271",2018/02/09,10:00:00,COLISIÓN POR ALCANCE,ASFALTO,Bueno,Bueno,3,RENAULT,GRIS,3,,28,MASCULINO,SIN DATOS,0,0,Morelia,Alberto Oviedo Mota,febrero,viernes,10,-101.202031373978,19.6777271433823
12373,12373,2018,"180137380",2018/02/09,10:30:00,COLISIÓN CONTRA OBJETO FIJO,ASFALTO,Nublado,Regular,1,FORD,BLANCO,1,MINISTERIO PÚBLICO,45,MASCULINO,SIN DATOS,0,0,Morelia,Sin datos,febrero,viernes,11,-101.238670349121,19.6601684045354
12374,12374,2018,"180137594",2018/02/09,11:00:00,COLISIÓN POR ALCANCE,ASFALTO,Lluvioso,Regular,2,NISSAN,PLATA,2,,32,MASCULINO,SIN DATOS,0,0,Morelia,Irrigacion,febrero,viernes,11,-101.220656633377,19.7055868308606
12375,12375,2018,"180137510",2018/02/09,11:10:00,SUBIDA AL CAMELLÓN,ASFALTO,Lluvioso,Regular,1,DINA,ROJO,1,,40,MASCULINO,SIN DATOS,0,0,Morelia,Union,febrero,viernes,11,-101.156090497971,19.7144447507629
12376,12376,2018,"180137191",2018/02/09,11:40:00,COLISIÓN POR ALCANCE,ASFALTO,Lluvioso,Regular,2,FORD,ROJO,2,,55,MASCULINO,SIN DATOS,0,0,Morelia,Barrio Alto,febrero,viernes,12,-101.196999549866,19.7250594678982
12377,12377,2018,"137603",2018/02/09,11:45:00,COLISIÓN POR ALCANCE,ASFALTO,Bueno,Bueno,2,TOYOTA,BLANCO/NARANJA,2,,32,MASCULINO,SIN DATOS,0,0,Morelia,Barrio Alto,febrero,viernes,12,-101.19704246521,19.7251806594565
12378,12378,2018,LEG12897,2018/02/09,12:00:00,COLISIÓN POR ALCANCE,ASFALTO,Bueno,Bueno,2,NISSAN,BLANCO/ROJO,2,,48,MASCULINO,SIN DATOS,0,0,Morelia,Ampliacion La Soledad,febrero,viernes,12,-101.18277579546,19.7357214484827
12379,12379,2018,"18137959",2018/02/09,13:10:00,COLISIÓN POR NO RESPETAR SEMÁFORO,ASFALTO,Nublado,Bueno,2,SIN DATOS,SIN DATOS,2,,,,SIN DATOS,0,0,Morelia,Bosques de Oriente,febrero,viernes,13,-101.156058311462,19.715626443006
12380,12380,2018,"18018759",2018/02/09,15:27:00,COLISIÓN POR CORTE DE CIRCULACIÓN,ASFALTO,Bueno,Bueno,2,SIN DATOS,SIN DATOS,2,,,,SIN DATOS,0,0,Morelia,Alberto Oviedo Mota,febrero,viernes,15,-101.202031373978,19.6778079616682
12381,12381,2018,"180138721",2018/02/09,15:30:00,COLISIÓN POR CAMBIO DE CARRIL,ASFALTO,Lluvioso,Regular,2,INTERNATIONAL,BLANCO,2,,59,MASCULINO,SIN DATOS,0,0,Morelia,Los Manantiales de Morelia,febrero,viernes,16,-101.241427659988,19.6954960827742
12382,12382,2018,"180138775",2018/02/09,16:15:00,COLISIÓN POR CORTE DE CIRCULACIÓN,ASFALTO,Lluvioso,Bueno,2,INTERNATIONAL,BLANCO,2,,38,MASCULINO,SIN DATOS,0,0,Morelia,Felix Ireta,febrero,viernes,16,-101.192214488983,19.6824145365694
12383,12383,2018,"180193587",2018/02/09,16:20:00,COLISIÓN POR CORTE DE CIRCULACIÓN,CONCRETO,Bueno,Bueno,2,HONDA,NEGRO,2,,46,MASCULINO,SIN DATOS,0,0,Morelia,Villa Universidad,febrero,viernes,16,-101.200006306171,19.6819094361386
12384,12384,2018,,2018/02/09,16:30:00,COLISIÓN POR CORTE DE CIRCULACIÓN,ASFALTO,Lluvioso,Regular,1,ISUZU,BLANCO,1,,42,MASCULINO,SIN DATOS,0,0,Acuitzio,Sin Nombre,febrero,viernes,17,-101.332955360413,19.4905844988801
12385,12385,2018,"180139454",2018/02/09,16:45:00,COLISIÓN CONTRA OBJETO FIJO,CONCRETO,Lluvioso,Regular,1,CHEVROLET,BLANCO/AZUL,1,,27,MASCULINO,SIN DATOS,0,0,Morelia,Lindavista,febrero,viernes,17,-101.216721832752,19.7041601245758
12386,12386,2018,"180139116",2018/02/09,17:20:00,COLISIÓN POR CORTE DE CIRCULACIÓN,CONCRETO,Bueno,Bueno,2,NISSAN,AZUL,2,,50,FEMENINO,SIN DATOS,0,0,Morelia,Camelinas,febrero,viernes,17,-101.168291866779,19.682631729265
12387,12387,2018,"18013905",2018/02/09,17:25:00,COLISIÓN CONTRA OBJETO FIJO,CONCRETO,Nublado,Bueno,1,TOYOTA,BLANCO,1,,27,MASCULINO,SIN DATOS,0,0,Morelia,Lindavista,febrero,viernes,17,-101.216355276399,19.7042301692647
12388,12388,2018,"180139031",2018/02/09,17:35:00,COLISIÓN POR CORTE DE CIRCULACIÓN,CONCRETO,Bueno,Bueno,2,VOLKSWAGEN,BLANCO,2,,26,MASCULINO,SIN DATOS,0,0,Morelia,Chapultepec Sur,febrero,viernes,18,-101.174608469009,19.6924050957072