fid,id_accidente,anio_origen,folio_c5i,dia_incidente,hora_ocurrencia,tipo_incidente_vial,superficie_ocurrencia,condiciones_climaticas,condiciones_via,numero_vehiculos_involucrados,marca_vehiculo_ocasiona_siniestro,color_vehiculo_ocasiona_siniestro,numero_personas_involucradas,lugar_remite_presunto_responsable,edad_presunto_responsable,sexo_presunto_responsable,resultados_toxicologia,numero_personas_lesionadas,numero_personas_fallecidas,municipio,colonia,mes,dia_semana,hora_redondeada,lon,lat
12389,12389,2018,,2018/02/09,20:30:00,COLISIÓN POR CAMBIO DE CARRIL,ASFALTO,Bueno,Bueno,1,NISSAN,GRIS,1,MINISTERIO PÚBLICO,,,,1,0,Tacámbaro,Sin datos,febrero,viernes,21,-101.429589986801,19.2401503429109
12390,12390,2018,"180140013",2018/02/09,20:40:00,SUBIDA AL CAMELLÓN,ASFALTO,Bueno,Bueno,1,RENAULT,ULTRA SILVER,1,,25,MASCULINO,SIN DATOS,0,0,Morelia,Solidaridad,febrero,viernes,21,-101.207556724548,19.7261299901498
12391,12391,2018,"180140464",2018/02/09,23:05:00,COLISIÓN POR ALCANCE,ASFALTO,Bueno,Bueno,2,VOLKSWAGEN,ROJO,2,,30,FEMENINO,SIN DATOS,0,0,Morelia,Cosmos,febrero,viernes,23,-101.217470169067,19.6813235176434
12392,12392,2018,"180140498",2018/02/09,23:30:00,SALIDA DE SUPERFICIE DE RODAMIENTO,ASFALTO,Bueno,Regular,2,INTERNATIONAL,BLANCO,2,,28,MASCULINO,SIN DATOS,0,0,Morelia,Rafael Carrillo,febrero,viernes,0,-101.23633146286,19.7079503375203
12393,12393,2018,,2018/02/10,"00:00:00",COLISIÓN POR INVASIÓN DE CARRIL,ASFALTO,Bueno,Bueno,2,CHEVROLET,BLANCO,10,,26,MASCULINO,ALIENTO ETÍLICO,8,0,Acuitzio,Sin Nombre,febrero,sábado,0,-101.33312702179,19.4755341162645
12394,12394,2018,,2018/02/10,"00:00:00",COLISIÓN POR CAMBIO DE CARRIL,ASFALTO,Bueno,Bueno,2,FORD,AZUL,2,MINISTERIO PÚBLICO,40,MASCULINO,SIN DATOS,1,0,Zinapécuaro,Sin Nombre,febrero,sábado,0,-100.845308303833,19.8621893614518
12395,12395,2018,"180140634",2018/02/10,"02:05:00",COLISIÓN CONTRA OBJETO FIJO,CONCRETO,Bueno,Regular,1,VOLKSWAGEN,BLANCO,1,,25,MASCULINO,ALIENTO ETÍLICO,0,0,Morelia,Matamoros,febrero,sábado,2,-101.165922135115,19.696273870774
12396,12396,2018,,2018/02/10,"06:00:00",COLISIÓN CONTRA OBJETO FIJO,CONCRETO,Bueno,Bueno,1,VOLKSWAGEN,GRIS,1,MINISTERIO PÚBLICO,,,SIN DATOS,0,0,Morelia,De Las Aves,febrero,sábado,6,-101.160607337952,19.6508679598553
12397,12397,2018,"180140824",2018/02/10,"07:10:00",COLISIÓN CONTRA OBJETO FIJO,ASFALTO,Bueno,Bueno,1,VOLKSWAGEN,SIN DATOS,0,MINISTERIO PÚBLICO,,,,0,0,Morelia,Josefa Ortiz de Dominguez,febrero,sábado,7,-101.211842894554,19.726337024286
12398,12398,2018,"180141079",2018/02/10,"08:25:00",COLISIÓN CONTRA OBJETO FIJO,ASFALTO,Bueno,Bueno,1,FORD,AZUL,0,,,,,0,0,Tarímbaro,Club Erandeni,febrero,sábado,8,-101.182086467743,19.7593429124611
12399,12399,2018,"180141742",2018/02/10,"09:20:00",COLISIÓN CONTRA OBJETO FIJO,CONCRETO,Bueno,Bueno,1,CHEVROLET,PLATA,1,,,MASCULINO,SIN DATOS,0,0,Morelia,Josefa Ortiz de Dominguez,febrero,sábado,9,-101.207529902458,19.6721707884915
12400,12400,2018,"180412398",2018/02/10,"09:36:00",COLISIÓN POR CAMBIO DE CARRIL,ASFALTO,Bueno,Bueno,2,MAN,AZUL,2,,45,MASCULINO,SIN DATOS,0,0,Morelia,Nicolaitas Ilustres,febrero,sábado,10,-101.228220462799,19.7193431616696
12401,12401,2018,"180141244",2018/02/10,10:15:00,COLISIÓN POR ALCANCE,ASFALTO,Bueno,Bueno,2,NISSAN,ROJO,2,,35,MASCULINO,SIN DATOS,0,0,Morelia,Ana Maria Gallaga (Riviera Norte),febrero,sábado,10,-101.219465732574,19.6768987536018
12402,12402,2018,LEG12917,2018/02/10,10:35:00,COLISIÓN POR ALCANCE,CONCRETO,Bueno,Bueno,2,VOLKSWAGEN,ROJO,2,,20,FEMENINO,SIN DATOS,0,0,Morelia,Lomas de Huerta,febrero,sábado,11,-101.213436126709,19.6739892531192
12403,12403,2018,"180148161",2018/02/10,14:30:00,COLISIÓN POR CAMBIO DE CARRIL,ASFALTO,Bueno,Bueno,2,FORD,GRIS,2,,25,MASCULINO,SIN DATOS,0,0,Morelia,Alberto Oviedo Mota,febrero,sábado,15,-101.202176213264,19.6772927443974
12404,12404,2018,"180142377",2018/02/10,14:50:00,COLISIÓN POR CORTE DE CIRCULACIÓN,ASFALTO,Bueno,Bueno,2,CHEVROLET,BLANCO,2,,,MASCULINO,SIN DATOS,0,0,Morelia,Industrial,febrero,sábado,15,-101.193952560425,19.7108693210479
12405,12405,2018,"180142308",2018/02/10,14:50:00,SALIDA DE SUPERFICIE DE RODAMIENTO,ASFALTO,Bueno,Bueno,1,DINA,BLANCO,1,,,,SIN DATOS,0,0,Morelia,Villas del Real,febrero,sábado,15,-101.19886636734,19.7337092845076
12406,12406,2018,"180142328",2018/02/10,15:01:00,COLISIÓN POR ALCANCE,ASFALTO,Bueno,Bueno,2,VOLKSWAGEN,ROJO,2,,35,MASCULINO,SIN DATOS,0,0,Morelia,Alberto Oviedo Mota,febrero,sábado,15,-101.195604801178,19.6848794038192
12407,12407,2018,,2018/02/10,15:20:00,COLISIÓN POR CORTE DE CIRCULACIÓN,ASFALTO,Bueno,Bueno,2,BAJAJ,BLANCO,3,,18,MASCULINO,SIN DATOS,1,0,Apatzingán,Lomas de Palmira,febrero,sábado,15,-102.34136402607,19.0794116397303
12408,12408,2018,"180142434",2018/02/10,15:30:00,CAIDA DE MOTOCICLETA,ASFALTO,Bueno,Bueno,2,NISSAN,BLANCO/ROJO,2,MINISTERIO PÚBLICO,30,MASCULINO,SIN DATOS,0,0,Morelia,Quinceo,febrero,sábado,16,-101.224164962769,19.7253220494916
12409,12409,2018,"180142820",2018/02/10,15:30:00,COLISIÓN POR ALCANCE,CONCRETO,Bueno,Bueno,1,VOLKSWAGEN,GRIS,1,,26,MASCULINO,SIN DATOS,0,0,Morelia,Ventura Puente,febrero,sábado,16,-101.191881895065,19.6914454633984
12410,12410,2018,,2018/02/10,16:40:00,SALIDA DE SUPERFICIE DE RODAMIENTO,ASFALTO,Bueno,Bueno,1,VOLKSWAGEN,BLANCO,1,MINISTERIO PÚBLICO,,,SIN DATOS,0,0,Tarímbaro,Cuto del Porvenir,febrero,sábado,17,-101.139106750488,19.8733693575694
12411,12411,2018,,2018/02/10,19:00:00,COLISIÓN POR INVASIÓN DE CARRIL,ASFALTO,Bueno,Bueno,2,FORD,AZUL,3,MINISTERIO PÚBLICO,40,MASCULINO,SIN DATOS,1,0,Hidalgo,Sin datos,febrero,sábado,19,-100.624103,19.695195
12413,12413,2018,"180143964",2018/02/10,20:20:00,COLISIÓN CONTRA OBJETO FIJO,ASFALTO,Bueno,Bueno,1,NISSAN,BLANCO,0,,,,,0,0,Morelia,El Lago 1,febrero,sábado,20,-101.220281124115,19.7278670487315
12414,12414,2018,"180144100",2018/02/10,22:13:00,COLISIÓN POR ALCANCE,ASFALTO,Bueno,Bueno,2,DODGE,BLANCO,1,,,MASCULINO,SIN DATOS,0,0,Morelia,Villas Lomas del Paraiso,febrero,sábado,22,-101.183440983295,19.6754187538816
12415,12415,2018,"180151090",2018/02/10,22:25:00,COLISIÓN CONTRA OBJETO FIJO,SIN_DATOS,Bueno,Bueno,1,SIN DATOS,SIN DATOS,0,,,,,0,0,Morelia,Sentimientos de La Nacion,febrero,sábado,22,-101.235280036926,19.6812427011311
12416,12416,2018,"180144530",2018/02/11,"00:04:00",SUBIDA AL CAMELLÓN,CONCRETO,Bueno,Bueno,1,NISSAN,GRIS,1,,38,FEMENINO,SIN DATOS,0,0,Morelia,Ventura Puente,febrero,domingo,0,-101.182081103325,19.6888544274332
12417,12417,2018,"180144465",2018/02/11,"00:40:00",COLISIÓN POR MANIOBRA DE REVERSA,CONCRETO,Bueno,Regular,2,KIA,BLANCO,2,,28,MASCULINO,SIN DATOS,0,0,Morelia,Irrigacion,febrero,domingo,1,-101.220861822367,19.7067850017956
12418,12418,2018,"18044656",2018/02/11,"01:25:00",COLISIÓN POR ALCANCE,ASFALTO,Bueno,Bueno,1,VOLKSWAGEN,ROJO,1,,36,MASCULINO,SIN DATOS,0,0,Morelia,Bicentenario,febrero,domingo,1,-101.177827119827,19.7393897323725
12419,12419,2018,,2018/02/11,"01:40:00",COLISIÓN CONTRA OBJETO FIJO,ASFALTO,Bueno,Bueno,1,FORD,NEGRO,1,,,,SIN DATOS,0,0,Apatzingán,Fovissste,febrero,domingo,2,-102.364549040794,19.1016358507105
12420,12420,2018,,2018/02/11,"02:40:00",COLISIÓN CONTRA OBJETO FIJO,ADOQUIN_EMPEDRADO,Bueno,Bueno,1,GMC,AZUL,1,,0,MASCULINO,SIN DATOS,0,0,Cuitzeo,Centro,febrero,domingo,3,-101.140340566635,19.9703438703475
12421,12421,2018,"180144723",2018/02/11,"03:29:00",VOLCADURA,CONCRETO,Bueno,Bueno,1,GMC,PLATA,1,,26,MASCULINO,SIN DATOS,0,0,Morelia,La Loma,febrero,domingo,3,-101.18375480175,19.6797223328941
12422,12422,2018,"180144717",2018/02/11,"03:50:00",COLISIÓN POR CAMBIO DE CARRIL,ASFALTO,Bueno,Bueno,2,FORD,ARENA,2,,,MASCULINO,SIN DATOS,0,0,Morelia,Centro,febrero,domingo,4,-101.188051700592,19.7029404700006
12423,12423,2018,"180140579",2018/02/11,"04:10:00",COLISIÓN CONTRA OBJETO FIJO,ASFALTO,Bueno,Bueno,1,HONDA,VERDE,1,,26,,SIN DATOS,0,0,Morelia,Hermanos Lopez Rayon,febrero,domingo,4,-101.220238208771,19.6755248294016
12424,12424,2018,"180144775",2018/02/11,"04:35:00",COLISIÓN CONTRA OBJETO FIJO,ASFALTO,Bueno,Bueno,1,INFINITI,NEGRO,0,MINISTERIO PÚBLICO,,,,0,0,Morelia,Americas Britania,febrero,domingo,5,-101.150114536285,19.691864671904
12425,12425,2018,"180144934",2018/02/11,"06:20:00",COLISIÓN POR ALCANCE,ASFALTO,Bueno,Bueno,2,VOLKSWAGEN,NEGRO,2,MINISTERIO PÚBLICO,24,MASCULINO,SIN DATOS,0,0,Morelia,Ana Maria Gallaga (Riviera Norte),febrero,domingo,6,-101.219465732574,19.6770502886378
12426,12426,2018,,2018/02/11,"08:30:00",COLISIÓN POR ALCANCE,CONCRETO,Bueno,Bueno,3,CHEVROLET,BLANCO,3,,50,MASCULINO,SIN DATOS,0,0,Pátzcuaro,Centro,febrero,domingo,9,-101.608225107193,19.5139462318715
12427,12427,2018,"180145241",2018/02/11,10:30:00,VOLCADURA,ASFALTO,Bueno,Bueno,1,CHEVROLET,GRIS,1,,,MASCULINO,SIN DATOS,0,0,Morelia,Sin datos,febrero,domingo,11,-101.326475143433,19.6864754861473
12428,12428,2018,"180038576",2018/02/11,15:30:00,SALIDA DE SUPERFICIE DE RODAMIENTO,ASFALTO,Bueno,Bueno,1,FORD,AZUL,1,,0,,SIN DATOS,0,0,Pátzcuaro,Sin datos,febrero,domingo,16,-101.551008224487,19.5342307822529
12429,12429,2018,"180146317",2018/02/11,15:40:00,COLISIÓN POR CAMBIO DE CARRIL,ASFALTO,Bueno,Bueno,2,CHEVROLET,GUINDA,2,,26,MASCULINO,SIN DATOS,0,0,Morelia,Nueva Valladolid,febrero,domingo,16,-101.208074390888,19.7008748640268
12430,12430,2018,"180146569",2018/02/11,16:45:00,COLISIÓN POR CORTE DE CIRCULACIÓN,ASFALTO,Bueno,Bueno,2,INTERNATIONAL,BLANCO,2,,30,MASCULINO,SIN DATOS,0,0,Morelia,Jardines del Rincon,febrero,domingo,17,-101.150425672531,19.6908191739474
12431,12431,2018,,2018/02/11,19:15:00,COLISIÓN POR CORTE DE CIRCULACIÓN,ASFALTO,Bueno,Bueno,2,HONDA,CAFE,2,,50,MASCULINO,SIN DATOS,0,0,Morelia,Cosmos,febrero,domingo,19,-101.215829998255,19.685590319036
12432,12432,2018,"180147239",2018/02/11,19:50:00,COLISIÓN POR NO RESPETAR SEMÁFORO,ASFALTO,Bueno,Bueno,2,BMW,BLANCO,2,,31,MASCULINO,SIN DATOS,0,0,Morelia,Insurgentes,febrero,domingo,20,-101.155833005905,19.6954455769293
12433,12433,2018,,2018/02/11,20:00:00,COLISIÓN POR INVASIÓN DE CARRIL,ASFALTO,Bueno,Bueno,2,HONDA,GRIS,5,MINISTERIO PÚBLICO,25,MASCULINO,SIN DATOS,3,0,Tacámbaro,Sin datos,febrero,domingo,20,-101.446917057037,19.1871032783421
12434,12434,2018,"180147283",2018/02/11,20:18:00,COLISIÓN CONTRA OBJETO FIJO,CONCRETO,Bueno,Regular,1,SIN DATOS,SIN DATOS,0,,,,,0,0,Morelia,Jardines de Santiaguito,febrero,domingo,20,-101.206188797951,19.7176085353836
12435,12435,2018,"180147420",2018/02/11,20:45:00,COLISIÓN POR ALCANCE,ASFALTO,Bueno,Bueno,2,HONDA,NEGRO,2,,29,MASCULINO,SIN DATOS,0,0,Morelia,Mirador del Punhuato,febrero,domingo,21,-101.161106228828,19.7055363282005
12436,12436,2018,"180146430",2018/02/11,21:00:00,COLISIÓN POR CAMBIO DE CARRIL,ASFALTO,Bueno,Bueno,2,NISSAN,BLANCO Y ROJO,2,,,MASCULINO,SIN DATOS,0,0,Tarímbaro,Sin datos,febrero,domingo,21,-101.160092353821,19.7669862581089
12437,12437,2018,"180147730",2018/02/11,21:50:00,COLISIÓN CONTRA OBJETO FIJO,ASFALTO,Bueno,Bueno,2,SIN DATOS,SIN DATOS,1,,24,MASCULINO,SIN DATOS,0,0,Morelia,Tzindurio Norte,febrero,domingo,22,-101.244056224823,19.7001930566907
12438,12438,2018,"180847786",2018/02/11,23:00:00,VOLCADURA,ASFALTO,Bueno,Bueno,1,TOYOTA,BLANCO,1,,34,MASCULINO,SIN DATOS,0,0,Sin datos,Sin datos,febrero,domingo,23,-101.035766601562,20.2925409790628
12439,12439,2018,"180147940",2018/02/11,23:45:00,COLISIÓN POR CAMBIO DE CARRIL,CONCRETO,Bueno,Bueno,2,VOLKSWAGEN,NEGRO,2,,33,FEMENINO,SIN DATOS,0,0,Morelia,Felix Ireta,febrero,domingo,0,-101.183449029922,19.6813134155816
12440,12440,2018,,2018/02/12,"00:00:00",COLISIÓN CONTRA OBJETO FIJO,CONCRETO,Bueno,Bueno,1,NISSAN,BLANCO,1,,36,MASCULINO,SIN DATOS,0,0,Pátzcuaro,Centro,febrero,lunes,0,-101.611905097961,19.5161608704065
12442,12442,2018,,2018/02/12,"03:20:00",SALIDA DE SUPERFICIE DE RODAMIENTO,CONCRETO,Bueno,Bueno,1,RENAULT,NEGRO,1,,19,MASCULINO,SIN DATOS,0,0,Morelia,Enrique Arreguin Robles,febrero,lunes,3,-101.187193393707,19.7209590993528
12443,12443,2018,"180148182",2018/02/12,"06:25:00",SUBIDA AL CAMELLÓN,ASFALTO,Bueno,Bueno,1,NISSAN,BLANCO Y ROJO,1,,73,MASCULINO,SIN DATOS,0,0,Morelia,Reforma,febrero,lunes,6,-101.241223812103,19.7058898464865
12444,12444,2018,"180148199",2018/02/12,"08:00:00",COLISIÓN POR CORTE DE CIRCULACIÓN,CONCRETO,Bueno,Bueno,2,SUZUKI,NEGRO,3,MINISTERIO PÚBLICO,26,MASCULINO,SIN DATOS,1,0,Morelia,Vasco de Quiroga,febrero,lunes,8,-101.169008016586,19.7036778192195
12445,12445,2018,,2018/02/12,"08:10:00",COLISIÓN POR CAMBIO DE CARRIL,ASFALTO,Bueno,Bueno,2,FREIGHTLINER,BLANCO,2,,56,MASCULINO,SIN DATOS,0,0,Morelia,Division del Norte,febrero,lunes,8,-101.163997650146,19.71126322824
12446,12446,2018,"180148268",2018/02/12,"08:15:00",COLISIÓN CONTRA OBJETO FIJO,ASFALTO,Bueno,Bueno,1,NISSAN,GRIS,1,,,,SIN DATOS,0,0,Morelia,Sin datos,febrero,lunes,8,-101.141939163208,19.6284406079359
12447,12447,2018,"180148327",2018/02/12,"08:25:00",COLISIÓN POR CAMBIO DE CARRIL,ASFALTO,Bueno,Bueno,3,DINA,BLANCO Y AZUL,3,,56,MASCULINO,SIN DATOS,0,0,Morelia,Niño Artillero,febrero,lunes,8,-101.254897713661,19.697607212837
12448,12448,2018,"180148444",2018/02/12,"09:00:00",COLISIÓN POR CORTE DE CIRCULACIÓN,CONCRETO,Bueno,Bueno,2,TOYOTA,BLANCO Y GRIS,2,,33,MASCULINO,SIN DATOS,0,0,Morelia,Comision Federal de Electricidad,febrero,lunes,9,-101.181399822235,19.6814952525968
12449,12449,2018,"180149505",2018/02/12,"09:40:00",COLISIÓN POR CORTE DE CIRCULACIÓN,ASFALTO,Bueno,Bueno,1,VOLKSWAGEN,AMARILLO,1,,,,SIN DATOS,0,0,Morelia,Elias Perez Avalos,febrero,lunes,10,-101.169394254684,19.7133337500906
12450,12450,2018,"181138559",2018/02/12,10:25:00,COLISIÓN POR INVASIÓN DE CARRIL,ASFALTO,Bueno,Bueno,2,KENWORTH,BLANCO,2,,33,MASCULINO,SIN DATOS,0,0,Morelia,Ciudad Industrial,febrero,lunes,10,-101.142840385437,19.7252816523515
12451,12451,2018,"180151324",2018/02/12,11:10:00,COLISIÓN POR CORTE DE CIRCULACIÓN,ASFALTO,Bueno,Bueno,2,SEAT,BLANCO,2,,0,FEMENINO,SIN DATOS,0,0,Morelia,Centro,febrero,lunes,11,-101.192423701286,19.7039505365629
12452,12452,2018,LEG12971,2018/02/12,11:15:00,COLISIÓN POR INVASIÓN DE CARRIL,ASFALTO,Bueno,Bueno,2,FAMSA,BLANCO,4,MINISTERIO PÚBLICO,50,MASCULINO,SIN DATOS,3,0,Morelia,La Soledad,febrero,lunes,11,-101.183384656906,19.7281043779435
12453,12453,2018,"180148691",2018/02/12,12:30:00,COLISIÓN POR CAMBIO DE CARRIL,ASFALTO,Bueno,Bueno,2,FREIGHTLINER,BLANCO,2,,0,MASCULINO,SIN DATOS,0,0,Morelia,Bicentenario,febrero,lunes,13,-101.178824901581,19.7386727447622
12454,12454,2018,"180149129",2018/02/12,13:50:00,CAIDA DE MOTOCICLETA,CONCRETO,Bueno,Bueno,1,HONDA,ROJO,1,,,MASCULINO,SIN DATOS,0,0,Morelia,Obrera,febrero,lunes,14,-101.180284023285,19.7082937501121
12455,12455,2018,LEG12962,2018/02/12,15:20:00,COLISIÓN POR CAMBIO DE CARRIL,ASFALTO,Bueno,Bueno,2,NISSAN,BLANCO,2,MINISTERIO PÚBLICO,33,MASCULINO,SIN DATOS,0,0,Morelia,Ciudad Industrial,febrero,lunes,15,-101.138001680374,19.7286850755926
12456,12456,2018,"180150081",2018/02/12,16:40:00,COLISIÓN POR CAMBIO DE CARRIL,ASFALTO,Bueno,Bueno,2,NISSAN,BLANCO Y AZUL,2,,30,MASCULINO,SIN DATOS,0,0,Morelia,Jardines del Toreo,febrero,lunes,17,-101.214726269245,19.68683914825
12457,12457,2018,"180150104",2018/02/12,18:00:00,COLISIÓN POR ALCANCE,ASFALTO,Bueno,Bueno,2,YAMAHA,BLANCO,2,,30,MASCULINO,SIN DATOS,0,0,Morelia,Indeco El Vivero,febrero,lunes,18,-101.230044364929,19.6771210049389
12458,12458,2018,,2018/02/12,18:00:00,COLISIÓN POR INVASIÓN DE CARRIL,ASFALTO,Bueno,Bueno,2,JEEP,ROJO,2,MINISTERIO PÚBLICO,25,FEMENINO,SIN DATOS,1,0,Tacámbaro,Sin datos,febrero,lunes,18,-101.453762054443,19.2122510985015
12459,12459,2018,"180150316",2018/02/12,18:20:00,COLISIÓN POR ALCANCE,ASFALTO,Bueno,Bueno,2,CHRYSLER,BLANCO,2,,36,MASCULINO,SIN DATOS,0,0,Morelia,Isaac Arriaga,febrero,lunes,18,-101.166718461596,19.7101493416147
12460,12460,2018,"180150790",2018/02/12,20:40:00,COLISIÓN POR CAMBIO DE CARRIL,ASFALTO,Bueno,Bueno,2,FORD,GRIS,2,,31,MASCULINO,SIN DATOS,0,0,Morelia,Chapultepec Oriente,febrero,lunes,21,-101.159384250641,19.6899605473312
12461,12461,2018,"180151141",2018/02/12,22:50:00,COLISIÓN POR CORTE DE CIRCULACIÓN,CONCRETO,Bueno,Bueno,2,CHEVROLET,ARENA,0,,,,,0,0,Morelia,Comision Federal de Electricidad,febrero,lunes,23,-101.181399822235,19.681586171027
12462,12462,2018,"180197021",2018/02/13,"08:20:00",COLISIÓN POR ALCANCE,ASFALTO,Bueno,Bueno,2,FORD,VERDE,2,,59,MASCULINO,SIN DATOS,0,0,Morelia,San Jose Itzicuaro,febrero,martes,8,-101.304180622101,19.6879503328915
12463,12463,2018,"180151695",2018/02/13,"08:40:00",COLISIÓN POR CORTE DE CIRCULACIÓN,ASFALTO,Bueno,Regular,2,ITALIKA,PLATA,2,,31,MASCULINO,SIN DATOS,0,0,Morelia,Adolfo Lopez Mateos,febrero,martes,9,-101.223049163818,19.694536468995
12464,12464,2018,,2018/02/13,"08:50:00",COLISIÓN POR CORTE DE CIRCULACIÓN,ASFALTO,Bueno,Regular,2,NISSAN,BLANCO,2,,51,MASCULINO,SIN DATOS,0,0,Pátzcuaro,Centro,febrero,martes,9,-101.607087850571,19.5196091741167
12465,12465,2018,"180151860",2018/02/13,"09:25:00",COLISIÓN POR ALCANCE,CONCRETO,Bueno,Bueno,3,NISSAN,BLANCO Y ROJO,3,,42,MASCULINO,SIN DATOS,0,0,Morelia,Villa Universidad,febrero,martes,9,-101.201637089252,19.6850688131552
12467,12467,2018,"180979676",2018/02/13,12:30:00,COLISIÓN CON PEATÓN,ASFALTO,Bueno,Bueno,1,SIN DATOS,SIN DATOS,2,,0,,SIN DATOS,1,0,Morelia,Fuentes de Valladolid,febrero,martes,13,-101.221080422401,19.673504331236
12468,12468,2018,"180152866",2018/02/13,13:30:00,COLISIÓN POR CAMBIO DE CARRIL,ASFALTO,Bueno,Bueno,2,KENWORTH,BLANCO,2,,45,MASCULINO,SIN DATOS,0,0,Morelia,Elias Perez Avalos,febrero,martes,14,-101.167495250702,19.7115460328052
12469,12469,2018,"180152830",2018/02/13,13:50:00,COLISIÓN POR CORTE DE CIRCULACIÓN,ASFALTO,Bueno,Bueno,2,SEAT,BLANCO,2,,44,MASCULINO,SIN DATOS,0,0,Morelia,Morelos,febrero,martes,14,-101.207755208015,19.7006728473412
12470,12470,2018,"180149761",2018/02/13,16:45:00,SALIDA DE SUPERFICIE DE RODAMIENTO,ASFALTO,Bueno,Bueno,1,NISSAN,BLANCO Y AZUL,1,,24,MASCULINO,SIN DATOS,0,0,Morelia,El Eden,febrero,martes,17,-101.247596740723,19.6489532440809
12471,12471,2018,"180153814",2018/02/13,17:40:00,COLISIÓN POR CAMBIO DE CARRIL,ASFALTO,Bueno,Bueno,2,CHEVROLET,BLANCO,2,,25,MASCULINO,SIN DATOS,0,0,Morelia,Centro,febrero,martes,18,-101.201368868351,19.6986880198425
12472,12472,2018,"180154276",2018/02/13,18:20:00,COLISIÓN POR MANIOBRA DE REVERSA,ASFALTO,Bueno,Bueno,2,NISSAN,AZUL,2,,32,MASCULINO,SIN DATOS,0,0,Morelia,Vasco de Quiroga,febrero,martes,18,-101.176024675369,19.7024051321371
12473,12473,2018,"180154722",2018/02/13,21:10:00,COLISIÓN POR ALCANCE,ASFALTO,Bueno,Bueno,2,VOLKSWAGEN,NEGRO,2,,58,MASCULINO,SIN DATOS,0,0,Morelia,Las Americas,febrero,martes,21,-101.159019470215,19.6880917558381
12474,12474,2018,"180155008",2018/02/13,22:40:00,VOLCADURA,ASFALTO,Bueno,Bueno,1,SEAT,GRIS,1,,29,MASCULINO,SIN DATOS,0,0,Morelia,Sin datos,febrero,martes,23,-101.118813157082,19.7308260643406
12475,12475,2018,,2018/02/14,"00:00:00",COLISIÓN POR ALCANCE,ASFALTO,Bueno,Bueno,2,FORD,VERDE,2,,41,MASCULINO,SIN DATOS,0,0,Morelia,Buenavista,febrero,miércoles,0,-101.163408915988,19.7059434701218
12476,12476,2018,"180155233",2018/02/14,"01:00:00",COLISIÓN CON PEATÓN,ASFALTO,Bueno,Bueno,1,MAZDA,BLANCO,1,,23,MASCULINO,SIN DATOS,0,0,Morelia,3 de Agosto,febrero,miércoles,1,-101.172693371773,19.731341109239
12477,12477,2018,"180155335",2018/02/14,"04:30:00",VOLCADURA,ASFALTO,Bueno,Bueno,1,RENOULT,AZUL,1,,35,MASCULINO,SIN DATOS,0,0,Morelia,Jardines de Sindurio,febrero,miércoles,5,-101.256566047668,19.6975870107674
12479,12479,2018,"180155380",2018/02/14,"06:30:00",COLISIÓN POR CORTE DE CIRCULACIÓN,ASFALTO,Bueno,Bueno,2,VOLKSWAGEN,AZUL,2,,22,MASCULINO,CON CERTIFICADO,0,0,Morelia,Jardin de La Orquidea,febrero,miércoles,7,-101.302072405815,19.6917788100103
12480,12480,2018,"180155478",2018/02/14,"07:35:00",COLISIÓN CONTRA OBJETO FIJO,ASFALTO,Bueno,Regular,1,SEAT,AMARILLO,1,,22,MASCULINO,SIN DATOS,0,0,Morelia,Libertad,febrero,miércoles,8,-101.236910820007,19.6848288946251
12481,12481,2018,"180155453",2018/02/14,"07:50:00",COLISIÓN POR CAMBIO DE CARRIL,CONCRETO,Bueno,Bueno,3,FORD,NEGRO,3,,0,MASCULINO,SIN DATOS,0,0,Morelia,Alberto Oviedo Mota,febrero,miércoles,8,-101.19562625885,19.6844955335447
12482,12482,2018,"180155670",2018/02/14,"08:45:00",COLISIÓN POR CORTE DE CIRCULACIÓN,CONCRETO,Nublado,Bueno,2,VOLKWAGEN,GRIS,2,,32,MASCULINO,SIN DATOS,0,0,Morelia,Cuauhtemoc,febrero,miércoles,9,-101.184265345172,19.6986972406333
12483,12483,2018,"180155611",2018/02/14,"09:00:00",COLISIÓN POR CAMBIO DE CARRIL,ASFALTO,Bueno,Bueno,2,SIN DATOS,AMARILLO Y AZUL,2,MINISTERIO PÚBLICO,0,,SIN DATOS,1,0,Morelia,Solidaridad,febrero,miércoles,9,-101.207664012909,19.7260289977909
12484,12484,2018,,2018/02/14,"09:00:00",COLISIÓN POR ALCANCE,ASFALTO,Bueno,Bueno,2,NISSAN,BLANCO,2,,32,MASCULINO,SIN DATOS,0,0,Santa Ana Maya,Del Bosque,febrero,miércoles,9,-101.022419929504,20.0085968071858
12485,12485,2018,,2018/02/14,"09:15:00",COLISIÓN POR NO RESPETAR SEMÁFORO,ASFALTO,Bueno,Bueno,2,FORD,BLANCO,2,MINISTERIO PÚBLICO,63,MASCULINO,SIN DATOS,0,0,Morelia,Fovissste La Huerta,febrero,miércoles,9,-101.212062835693,19.6924758052287
12486,12486,2018,"180123544",2018/02/14,"09:30:00",COLISIÓN POR CORTE DE CIRCULACIÓN,ASFALTO,Bueno,Bueno,2,FORD,AZUL,1,,59,MASCULINO,SIN DATOS,0,0,Morelia,Indeco Santiaguito,febrero,miércoles,10,-101.178755164146,19.7202470788244