fid,id_accidente,anio_origen,folio_c5i,dia_incidente,hora_ocurrencia,tipo_incidente_vial,superficie_ocurrencia,condiciones_climaticas,condiciones_via,numero_vehiculos_involucrados,marca_vehiculo_ocasiona_siniestro,color_vehiculo_ocasiona_siniestro,numero_personas_involucradas,lugar_remite_presunto_responsable,edad_presunto_responsable,sexo_presunto_responsable,resultados_toxicologia,numero_personas_lesionadas,numero_personas_fallecidas,municipio,colonia,mes,dia_semana,hora_redondeada,lon,lat
12487,12487,2018,"180155680",2018/02/14,"09:30:00",COLISIÓN POR CORTE DE CIRCULACIÓN,CONCRETO,Bueno,Bueno,3,FORD,BLANCO,3,,71,MASCULINO,SIN DATOS,0,0,Morelia,Ventura Puente,febrero,miércoles,10,-101.185337305069,19.6904252164246
12488,12488,2018,"180155952",2018/02/14,10:52:00,COLISIÓN POR CORTE DE CIRCULACIÓN,CONCRETO,Bueno,Bueno,2,NISSAN,GRIS,2,,63,FEMENINO,SIN DATOS,0,0,Morelia,Camelinas,febrero,miércoles,11,-101.17112159729,19.6822124965882
12489,12489,2018,"180156325",2018/02/14,12:20:00,COLISIÓN POR CORTE DE CIRCULACIÓN,ASFALTO,Bueno,Bueno,2,CHEVROLET,GRIS,2,,0,,SIN DATOS,0,0,Morelia,Cuauhtemoc,febrero,miércoles,12,-101.182193756104,19.6983647886059
12490,12490,2018,"180156340",2018/02/14,12:25:00,COLISIÓN POR INVASIÓN DE CARRIL,ASFALTO,Bueno,Bueno,2,HONDA,BLANCO Y AZUL,2,,17,MASCULINO,SIN DATOS,0,0,Morelia,Del Empleado,febrero,miércoles,12,-101.179854869843,19.6899832757422
12491,12491,2018,"180157032",2018/02/14,15:05:00,COLISIÓN POR CORTE DE CIRCULACIÓN,ASFALTO,Bueno,Bueno,2,KENWORTH,BLANCO,2,,31,MASCULINO,SIN DATOS,0,0,Morelia,Felicitas del Rio,febrero,miércoles,15,-101.199665665627,19.6931525947832
12492,12492,2018,,2018/02/14,15:20:00,COLISIÓN POR CAMBIO DE CARRIL,ASFALTO,Bueno,Bueno,3,ITALIKA,NEGRO,4,MINISTERIO PÚBLICO,0,MASCULINO,SIN DATOS,1,0,Morelia,Felix Ireta,febrero,miércoles,15,-101.191935539246,19.6824448425446
12493,12493,2018,"180156507",2018/02/14,15:30:00,COLISIÓN POR CORTE DE CIRCULACIÓN,CONCRETO,Bueno,Bueno,2,HONDA,ROJO,2,,21,MASCULINO,SIN DATOS,0,0,Morelia,Hermosa Provincia,febrero,miércoles,16,-101.244442462921,19.710556214639
12494,12494,2018,"180157508",2018/02/14,16:30:00,COLISIÓN POR ALCANCE,CONCRETO,Bueno,Bueno,2,NISSAN,BLANCO,2,,22,MASCULINO,SIN DATOS,0,0,Morelia,Jardines de Torremolinos,febrero,miércoles,17,-101.225731372833,19.6771412095907
12495,12495,2018,"180157518",2018/02/14,17:00:00,COLISIÓN POR NO RESPETAR SEMÁFORO,CONCRETO,Bueno,Bueno,0,,,0,,,,,0,0,Morelia,Infonavit  Las  Camelinas,febrero,miércoles,17,-101.174232959747,19.6820508644198
12496,12496,2018,"180158049",2018/02/14,19:07:00,COLISIÓN POR ALCANCE,ASFALTO,Bueno,Bueno,2,NISSAN,BLANCO/AZUL,2,MINISTERIO PÚBLICO,28,MASCULINO,SIN DATOS,0,0,Morelia,Lomas de Morelia (Dr Ignacio Chavez),febrero,miércoles,19,-101.175091266632,19.7173232165936
12497,12497,2018,"18158024",2018/02/14,19:20:00,COLISIÓN POR CORTE DE CIRCULACIÓN,ASFALTO,Bueno,Bueno,2,NISSAN,BLANCO/VERDE,2,,25,MASCULINO,SIN DATOS,0,0,Morelia,Primo Tapia Oriente,febrero,miércoles,19,-101.160671710968,19.7126570458983
12498,12498,2018,"180158256",2018/02/14,20:18:00,COLISIÓN POR CORTE DE CIRCULACIÓN,ASFALTO,Bueno,Bueno,2,AUDI,ROJO,2,,28,FEMENINO,SIN DATOS,0,0,Morelia,Pascual Ortiz de Ayala,febrero,miércoles,20,-101.152371615171,19.6950124886546
12499,12499,2018,,2018/02/15,"01:35:00",COLISIÓN CONTRA OBJETO FIJO,CONCRETO,Bueno,Bueno,1,HONDA,BLANCO,1,,38,MASCULINO,SIN DATOS,0,0,Morelia,Unidos Santa Cruz,febrero,jueves,2,-101.213275194168,19.7202016305978
12500,12500,2018,"180459290",2018/02/15,"07:30:00",COLISIÓN POR CORTE DE CIRCULACIÓN,ASFALTO,Bueno,Bueno,2,DODGE,BLANCO,2,,28,MASCULINO,SIN DATOS,0,0,Morelia,Libertad,febrero,jueves,8,-101.236948370934,19.6848238437049
12501,12501,2018,"180159407",2018/02/15,"08:45:00",COLISIÓN POR CORTE DE CIRCULACIÓN,ASFALTO,Bueno,Bueno,2,HONDA,BLANCO,1,,,,,1,0,Morelia,Ana Maria Gallaga (Riviera Norte),febrero,jueves,9,-101.222748756409,19.6769593676334
12502,12502,2018,"180439761",2018/02/15,"09:00:00",COLISIÓN POR CORTE DE CIRCULACIÓN,CONCRETO,Bueno,Bueno,2,CHRYSLER,AMARILLO,2,,36,FEMENINO,SIN DATOS,0,0,Morelia,Villa Universidad,febrero,jueves,9,-101.210260391235,19.6873846398557
12503,12503,2018,"180159564",2018/02/15,"09:45:00",COLISIÓN POR CAMBIO DE CARRIL,CONCRETO,Bueno,Bueno,2,CHEVROLET,BLANCO/ROJO,2,,22,MASCULINO,SIN DATOS,0,0,Morelia,Centro,febrero,jueves,10,-101.189722716808,19.7044833441055
12504,12504,2018,"18016108",2018/02/15,"09:50:00",COLISIÓN POR ALCANCE,CONCRETO,Bueno,Bueno,2,VOLKSWAGEN,BLANCO,2,,24,FEMENINO,SIN DATOS,0,0,Morelia,Comision Federal de Electricidad,febrero,jueves,10,-101.181335449219,19.6817275995936
12505,12505,2018,,2018/02/15,10:00:00,COLISIÓN POR CORTE DE CIRCULACIÓN,ASFALTO,Bueno,Bueno,2,FORD,AMARILLO,4,,56,MASCULINO,SIN DATOS,2,0,Tacámbaro,Sin datos,febrero,jueves,10,-101.479339599609,19.3451604720284
12506,12506,2018,"180159756",2018/02/15,10:20:00,COLISIÓN CONTRA OBJETO FIJO,ASFALTO,Bueno,Bueno,1,SEAT,ROJO,1,,40,FEMENINO,SIN DATOS,0,0,Morelia,Tenencia Morelos,febrero,jueves,10,-101.247489452362,19.6492563668338
12507,12507,2018,"180159763",2018/02/15,11:00:00,COLISIÓN POR CORTE DE CIRCULACIÓN,ASFALTO,Bueno,Bueno,2,NISSAN,BLANCO/ROJO,2,,39,MASCULINO,SIN DATOS,0,0,Morelia,Sin datos,febrero,jueves,11,-101.118740737438,19.7308083912019
12508,12508,2018,"180160135",2018/02/15,11:40:00,COLISIÓN POR CAMBIO DE CARRIL,ASFALTO,Bueno,Bueno,2,FORD,BLANCO,2,,0,MASCULINO,SIN DATOS,0,0,Morelia,Jardines de Torremolinos,febrero,jueves,12,-101.225699186325,19.6768987536018
12509,12509,2018,"180160926",2018/02/15,11:40:00,COLISIÓN POR ALCANCE,ASFALTO,Bueno,Bueno,2,CHEVROLET,GRIS,2,,17,FEMENINO,SIN DATOS,0,0,Morelia,Loma de Los Piñones,febrero,jueves,12,-101.205142736435,19.674171098447
12510,12510,2018,"180159976",2018/02/15,11:50:00,COLISIÓN POR CORTE DE CIRCULACIÓN,ASFALTO,Bueno,Bueno,2,NISSAN,AZUL,2,,,,SIN DATOS,0,0,Morelia,Ventura Puente,febrero,jueves,12,-101.184291243553,19.6921323586887
12511,12511,2018,"180160372",2018/02/15,13:20:00,COLISIÓN POR CORTE DE CIRCULACIÓN,ASFALTO,Bueno,Bueno,2,NISSAN,BLANCO Y ROJO,2,,44,MASCULINO,SIN DATOS,0,0,Morelia,Centro,febrero,jueves,13,-101.19603395462,19.7031323831381
12512,12512,2018,,2018/02/15,13:40:00,COLISIÓN POR CORTE DE CIRCULACIÓN,ASFALTO,Bueno,Bueno,2,NISSAN,ROJO,2,,46,MASCULINO,SIN DATOS,0,0,Apatzingán,Centro,febrero,jueves,14,-102.355005741119,19.0830465972644
12513,12513,2018,"180162108",2018/02/15,14:10:00,COLISIÓN POR CAMBIO DE CARRIL,ASFALTO,Bueno,Bueno,2,FORD,BLANCO,2,,70,MASCULINO,SIN DATOS,0,0,Morelia,Felix Ireta,febrero,jueves,14,-101.191656589508,19.6826165762958
12514,12514,2018,,2018/02/15,14:20:00,COLISIÓN CONTRA OBJETO FIJO,ADOQUIN_EMPEDRADO,Bueno,Bueno,2,KEENWORTH,BLANCO,2,,0,MASCULINO,SIN DATOS,0,0,Cuitzeo,Centro,febrero,jueves,14,-101.139557361603,19.9703136192265
12515,12515,2018,"180160872",2018/02/15,14:26:00,COLISIÓN POR CORTE DE CIRCULACIÓN,ASFALTO,Bueno,Regular,2,DATSUN,GRIS,2,,33,MASCULINO,SIN DATOS,0,0,Morelia,Tzindurio Norte,febrero,jueves,14,-101.246094703674,19.6997890213428
12516,12516,2018,"180161408",2018/02/15,16:23:00,COLISIÓN POR ALCANCE,ASFALTO,Bueno,Bueno,2,NISSAN,ROJO,2,,23,MASCULINO,SIN DATOS,0,0,Morelia,Morelos,febrero,jueves,16,-101.207191944122,19.691788911412
12517,12517,2018,"180161641",2018/02/15,17:10:00,COLISIÓN POR CORTE DE CIRCULACIÓN,ASFALTO,Bueno,Regular,2,DINA,ROJO,3,MINISTERIO PÚBLICO,37,MASCULINO,SIN DATOS,1,0,Morelia,Ana Maria Gallaga (Riviera Norte),febrero,jueves,17,-101.222705841064,19.6769997769751
12518,12518,2018,"180161701",2018/02/15,18:00:00,COLISIÓN POR CORTE DE CIRCULACIÓN,CONCRETO,Bueno,Bueno,2,FORD,BLANCO,2,,23,MASCULINO,SIN DATOS,0,0,Morelia,Diego Rivera,febrero,jueves,18,-101.176035404205,19.7183735912184
12519,12519,2018,,2018/02/15,18:40:00,COLISIÓN POR CAMBIO DE CARRIL,ASFALTO,Bueno,Bueno,2,INTERNATIONAL,BLANCO,2,,23,MASCULINO,SIN DATOS,0,0,Morelia,Los Manantiales de Morelia,febrero,jueves,19,-101.24139547348,19.6954960827742
12520,12520,2018,"180162239",2018/02/15,19:50:00,COLISIÓN CONTRA OBJETO FIJO,ASFALTO,Bueno,Bueno,1,CHEVROLET,NEGRO,0,,,,,0,0,Álvaro Obregón,Centro,febrero,jueves,20,-101.037826538086,19.8202169866704
12521,12521,2018,"180162288",2018/02/15,20:30:00,COLISIÓN POR ALCANCE,CONCRETO,Bueno,Regular,2,HONDA,GRIS,3,MINISTERIO PÚBLICO,24,MASCULINO,SIN DATOS,1,0,Morelia,Tenencia Morelos,febrero,jueves,21,-101.241170167923,19.650054587344
12522,12522,2018,"180162251",2018/02/15,20:30:00,COLISIÓN POR ALCANCE,ASFALTO,Bueno,Regular,2,NISSAN,BLANCO,2,,52,MASCULINO,ALIENTO ETÍLICO,0,0,Morelia,Central de Abastos,febrero,jueves,21,-101.171411275864,19.7161819363418
12523,12523,2018,"1801625587",2018/02/15,21:20:00,COLISIÓN POR CORTE DE CIRCULACIÓN,ASFALTO,Bueno,Bueno,3,KENWORTH,BLANCO,3,,38,MASCULINO,SIN DATOS,0,0,Tarímbaro,Sin datos,febrero,jueves,21,-101.156916618347,19.7745181795065
12525,12525,2018,"180163063",2018/02/16,"00:30:00",COLISIÓN POR ALCANCE,ASFALTO,Bueno,Bueno,2,SIN DATOS,SIN DATOS,2,,,,SIN DATOS,0,0,Morelia,San Pascual,febrero,viernes,1,-101.267702579498,19.6953445651916
12526,12526,2018,"180163273",2018/02/16,"07:03:00",COLISIÓN CONTRA OBJETO FIJO,CONCRETO,Bueno,Bueno,3,FIAT,NEGRO,3,,21,MASCULINO,SIN DATOS,0,0,Morelia,La Calera,febrero,viernes,7,-101.240038275719,19.6692561507591
12527,12527,2018,,2018/02/16,"07:25:00",COLISIÓN POR CORTE DE CIRCULACIÓN,ASFALTO,Bueno,Bueno,3,CHEVROLET,GRIS,3,,54,MASCULINO,SIN DATOS,0,0,Pátzcuaro,Centro,febrero,viernes,7,-101.607216596603,19.5238056908179
12528,12528,2018,,2018/02/16,"07:30:00",COLISIÓN POR NO RESPETAR SEMÁFORO,ASFALTO,Bueno,Bueno,2,HONDA,VERDE,2,,,,,2,0,Morelia,Residencial Alborada,febrero,viernes,8,-101.234679222107,19.7025970459167
12529,12529,2018,"180163442",2018/02/16,"09:00:00",COLISIÓN POR CORTE DE CIRCULACIÓN,ASFALTO,Bueno,Bueno,3,CHEVROLET,BLANCO,3,,,MASCULINO,SIN DATOS,0,0,Morelia,Vasco de Quiroga,febrero,viernes,9,-101.174452900887,19.7050060493067
12530,12530,2018,"180163493",2018/02/16,"09:45:00",COLISIÓN POR ALCANCE,ASFALTO,Bueno,Bueno,3,CHRYSLER,BLANCO,3,,29,MASCULINO,SIN DATOS,0,0,Morelia,Felix Ireta,febrero,viernes,10,-101.181485652924,19.6815659669358
12531,12531,2018,"180163811",2018/02/16,11:15:00,COLISIÓN CON PEATÓN,CONCRETO,Bueno,Bueno,1,CHEVROLET,BLANCO,2,,,,SIN DATOS,1,0,Morelia,Gertrudis Sanchez,febrero,viernes,11,-101.198732256889,19.7448478212357
12532,12532,2018,"180166306",2018/02/16,13:40:00,COLISIÓN CON PEATÓN,ASFALTO,Bueno,Bueno,0,,,1,,,,,1,0,Morelia,Irrigacion,febrero,viernes,14,-101.228134632111,19.7041121466211
12533,12533,2018,"180164372",2018/02/16,13:50:00,COLISIÓN CON PEATÓN,ASFALTO,Bueno,Bueno,1,NISSAN,AZUL,0,MINISTERIO PÚBLICO,,,,0,0,Morelia,Guadalupe,febrero,viernes,14,-101.226106882095,19.7090815762132
12534,12534,2018,"180164435",2018/02/16,14:00:00,COLISIÓN POR CAMBIO DE CARRIL,ASFALTO,Bueno,Bueno,2,VOLKSWAGEN,NEGRO,2,,,MASCULINO,SIN DATOS,0,0,Morelia,Felix Ireta,febrero,viernes,14,-101.188405752182,19.6818791300621
12535,12535,2018,"180164765",2018/02/16,14:40:00,COLISIÓN POR CAMBIO DE CARRIL,ASFALTO,Bueno,Bueno,2,FREIGTLINER,BLANCO,2,,,MASCULINO,SIN DATOS,0,0,Morelia,Francisco J Mujica,febrero,viernes,15,-101.188223361969,19.7216862659804
12536,12536,2018,,2018/02/16,15:09:00,COLISIÓN CON PEATÓN,CONCRETO,Bueno,Bueno,1,YAMAHA,BLANCO,3,,35,MASCULINO,SIN DATOS,2,0,Pátzcuaro,Centro,febrero,viernes,15,-101.613696813583,19.5152810861275
12538,12538,2018,"180164099",2018/02/16,16:00:00,COLISIÓN POR CORTE DE CIRCULACIÓN,ASFALTO,Bueno,Bueno,2,NISSAN,BLANCO/ROJO,2,,60,MASCULINO,SIN DATOS,0,0,Morelia,Camelinas,febrero,viernes,16,-101.171100139618,19.6820710684498
12539,12539,2018,"180165097",2018/02/16,16:40:00,COLISIÓN POR CORTE DE CIRCULACIÓN,CONCRETO,Bueno,Bueno,3,VOLKSWAGEN,MARRON,3,,24,MASCULINO,SIN DATOS,0,0,Morelia,Lomas de Hidalgo,febrero,viernes,17,-101.159352064133,19.6976829705753
12540,12540,2018,"180165414",2018/02/16,17:20:00,COLISIÓN CONTRA OBJETO FIJO,ASFALTO,Nublado,Bueno,2,VOLKSWAGEN,BLANCO,2,,49,MASCULINO,SIN DATOS,0,0,Morelia,Lomas de San Juan,febrero,viernes,17,-101.183116436005,19.7297959695621
12541,12541,2018,"180165373",2018/02/16,17:40:00,COLISIÓN POR CAMBIO DE CARRIL,ASFALTO,Bueno,Bueno,2,MERCEDEZ BENZ,BLANCO,2,MINISTERIO PÚBLICO,42,MASCULINO,SIN DATOS,0,0,Morelia,Chapultepec Oriente,febrero,viernes,18,-101.15919649601,19.6946273800208
12542,12542,2018,,2018/02/16,19:15:00,COLISIÓN POR CORTE DE CIRCULACIÓN,ASFALTO,Bueno,Bueno,1,FORD,ROJO,1,,42,MASCULINO,SIN DATOS,0,0,Morelia,Leandro Valle,febrero,viernes,19,-101.229507923126,19.7176060104408
12543,12543,2018,"180165899",2018/02/16,20:30:00,COLISIÓN POR CORTE DE CIRCULACIÓN,CONCRETO,Bueno,Bueno,1,NISSAN,ROJO,0,,,,,0,0,Morelia,Santa Cecilia,febrero,viernes,21,-101.186010539532,19.6654827022188
12544,12544,2018,LEG13047,2018/02/16,21:00:00,COLISIÓN POR INVASIÓN DE CARRIL,CONCRETO,Bueno,Bueno,2,NISSAN,AZUL,2,,74,MASCULINO,CON CERTIFICADO,0,0,Morelia,Loma Real,febrero,viernes,21,-101.196397393942,19.7313486834163
12545,12545,2018,"180166105",2018/02/16,21:03:00,COLISIÓN POR CAMBIO DE CARRIL,ASFALTO,Bueno,Bueno,2,NISSAN,BLANCO/VERDE,2,,38,MASCULINO,SIN DATOS,0,0,Morelia,Veinte de Noviembre,febrero,viernes,21,-101.166594028473,19.722160942411
12546,12546,2018,,2018/02/16,21:58:00,COLISIÓN POR CAMBIO DE CARRIL,ADOQUIN_EMPEDRADO,Bueno,Bueno,2,NISSAN,BLANCO,2,,,MASCULINO,SIN DATOS,0,0,Morelia,Centro,febrero,viernes,22,-101.194376349449,19.6967334709972
12547,12547,2018,"180166397",2018/02/16,22:13:00,COLISIÓN POR NO RESPETAR SEMÁFORO,ASFALTO,Bueno,Bueno,2,CHEVROLET,GRIS,2,MINISTERIO PÚBLICO,,,,2,0,Morelia,Guadalupe,febrero,viernes,22,-101.392403841019,19.6658767210788
12548,12548,2018,"180166373",2018/02/16,22:40:00,COLISIÓN POR CAMBIO DE CARRIL,CONCRETO,Bueno,Regular,2,AUDI,GRIS,2,,27,MASCULINO,SIN DATOS,0,0,Morelia,Chapultepec Oriente,febrero,viernes,23,-101.162004768848,19.6903923865873
12549,12549,2018,"180166447",2018/02/16,23:00:00,COLISIÓN POR CORTE DE CIRCULACIÓN,CONCRETO,Bueno,Bueno,2,VOLKSWAGEN,GRIS,2,MINISTERIO PÚBLICO,,MASCULINO,SIN DATOS,0,0,Morelia,Lomas de La Maestranza,febrero,viernes,23,-101.33171081543,19.684697570646
12550,12550,2018,"180166614",2018/02/16,23:23:00,COLISIÓN POR INVASIÓN DE CARRIL,ASFALTO,Bueno,Bueno,2,CHEVROLET,ROJO,2,,66,FEMENINO,SIN DATOS,0,0,Morelia,Union Popular Solidaria,febrero,viernes,23,-101.219272613525,19.7055868308606
12551,12551,2018,"180170507",2018/02/17,"00:00:00",SUBIDA AL CAMELLÓN,ASFALTO,Bueno,Regular,1,RENOULT,ROJO,0,,,,,0,0,Morelia,Las Americas,febrero,sábado,0,-101.153612136841,19.687526063302
12552,12552,2018,"180166697",2018/02/17,"00:30:00",COLISIÓN POR ALCANCE,ASFALTO,Bueno,Bueno,3,BMW,GRIS,3,MINISTERIO PÚBLICO,31,MASCULINO,SIN DATOS,0,0,Morelia,Lomas de Hidalgo,febrero,sábado,1,-101.158944368362,19.6956172967371
12553,12553,2018,"180166758",2018/02/17,"01:55:00",COLISIÓN POR CORTE DE CIRCULACIÓN,ASFALTO,Bueno,Bueno,2,SIN DATOS,SIN DATOS,2,MINISTERIO PÚBLICO,,,SIN DATOS,1,0,Morelia,Sin datos,febrero,sábado,2,-101.290984153748,19.6000621615259
12554,12554,2018,"180166915",2018/02/17,"03:34:00",SUBIDA AL CAMELLÓN,ASFALTO,Bueno,Bueno,1,NISSAN,GRIS,1,,,MASCULINO,SIN DATOS,0,0,Morelia,Felix Ireta,febrero,sábado,4,-101.195733547211,19.6817882117982
12555,12555,2018,"180167004",2018/02/17,"06:40:00",SALIDA DE SUPERFICIE DE RODAMIENTO,ASFALTO,Bueno,Bueno,1,CHEVROLET,AMARILLO,1,,,,SIN DATOS,0,0,Morelia,El Lago 1,febrero,sábado,7,-101.219363808632,19.7276549670097
12556,12556,2018,"180167032",2018/02/17,"06:50:00",COLISIÓN CONTRA OBJETO FIJO,ASFALTO,Bueno,Bueno,1,CHEVROLET,PLATA,1,,35,MASCULINO,SIN DATOS,0,0,Morelia,El Realito,febrero,sábado,7,-101.203715801239,19.7255240350391
12557,12557,2018,"180167019",2018/02/17,"07:00:00",CAIDA DE MOTOCICLETA,ASFALTO,Bueno,Bueno,1,ITALIKA,BLANCO/ROJO,2,,39,MASCULINO,SIN DATOS,1,0,Tarímbaro,Sin datos,febrero,sábado,7,-101.164255142212,19.8028051383316
12558,12558,2018,"180167282",2018/02/17,"08:45:00",COLISIÓN POR INVASIÓN DE CARRIL,ASFALTO,Bueno,Bueno,2,YAMAHA,ROJO,1,,,,SIN DATOS,0,0,Morelia,Ana Maria Gallaga (Riviera Norte),febrero,sábado,9,-101.2233710289,19.6769593676334
12559,12559,2018,"180943214",2018/02/17,"09:20:00",COLISIÓN POR ALCANCE,ASFALTO,Bueno,Bueno,2,CHEVROLET,ARENA,2,,33,FEMENINO,SIN DATOS,0,0,Morelia,Libertad,febrero,sábado,9,-101.237769126892,19.6867381310821
12560,12560,2018,"180170581",2018/02/17,"09:50:00",VOLCADURA,ASFALTO,Bueno,Bueno,1,VOLKSWAGEN,AZUL,1,,,MASCULINO,SIN DATOS,0,0,Morelia,Centro,febrero,sábado,10,-101.198775172234,19.7012132414039
12561,12561,2018,"180167485",2018/02/17,10:30:00,COLISIÓN POR CORTE DE CIRCULACIÓN,ASFALTO,Bueno,Bueno,2,ITALIKA,AMARILLO,2,,41,MASCULINO,SIN DATOS,0,0,Morelia,La Colina,febrero,sábado,11,-101.215512156487,19.7060565048361
12562,12562,2018,,2018/02/17,10:50:00,COLISIÓN POR ALCANCE,ASFALTO,Bueno,Bueno,2,HONDA,BLANCO,2,,22,MASCULINO,SIN DATOS,0,0,Morelia,Jardines del Toreo,febrero,sábado,11,-101.214187145233,19.6881523656342
12564,12564,2018,"180188276",2018/02/17,13:20:00,COLISIÓN POR CORTE DE CIRCULACIÓN,ASFALTO,Bueno,Bueno,2,HONDA,BLANCO,2,,28,MASCULINO,SIN DATOS,0,0,Morelia,Centro,febrero,sábado,13,-101.194252967834,19.7030919803914
12565,12565,2018,,2018/02/17,13:30:00,COLISIÓN POR MANIOBRA DE REVERSA,ASFALTO,Bueno,Bueno,2,GMC,BLANCO,2,,55,MASCULINO,SIN DATOS,0,0,Morelia,Irrigacion,febrero,sábado,14,-101.225044727325,19.7048797921682
12566,12566,2018,,2018/02/17,14:00:00,COLISIÓN POR ALCANCE,ASFALTO,Bueno,Bueno,2,VOLKSWAGEN,GUINDA,2,,17,MASCULINO,SIN DATOS,0,0,Morelia,Los Girasoles,febrero,sábado,14,-101.212931871414,19.690869681252
12567,12567,2018,"180169412",2018/02/17,14:00:00,COLISIÓN POR INVASIÓN DE CARRIL,ASFALTO,Bueno,Bueno,2,KENWORTH,BLANCO,2,,63,MASCULINO,SIN DATOS,0,0,Morelia,Alberto Oviedo Mota,febrero,sábado,14,-101.197836399078,19.6813639258843
12568,12568,2018,,2018/02/17,14:00:00,COLISIÓN POR ALCANCE,ASFALTO,Bueno,Bueno,2,FORD,BLANCO,4,MINISTERIO PÚBLICO,33,MASCULINO,SIN DATOS,2,0,Sahuayo,La Limonera,febrero,sábado,14,-102.716138362885,20.0715718848637
12569,12569,2018,,2018/02/17,14:30:00,COLISIÓN POR INVASIÓN DE CARRIL,ASFALTO,Bueno,Bueno,2,WOLKSVAGEN POINTER,AMARILLO,2,MINISTERIO PÚBLICO,50,FEMENINO,SIN DATOS,0,0,Tacámbaro,Sin datos,febrero,sábado,15,-101.455414295197,19.1682348249785
12570,12570,2018,"180168408",2018/02/17,14:35:00,COLISIÓN POR ALCANCE,ASFALTO,Bueno,Regular,2,VOLKWAGEN,NEGRO,2,,34,MASCULINO,SIN DATOS,0,0,Morelia,Tinijaro,febrero,sábado,15,-101.25830411911,19.6973849899312
12571,12571,2018,"180188147",2018/02/17,15:00:00,COLISIÓN POR ALCANCE,ASFALTO,Bueno,Bueno,3,GM,CAFE,3,,42,MASCULINO,SIN DATOS,0,0,Morelia,Fracc Arkos San Juan,febrero,sábado,15,-101.288151741028,19.6890413066739
12572,12572,2018,"180768971",2018/02/17,15:30:00,COLISIÓN CONTRA OBJETO FIJO,ASFALTO,Bueno,Bueno,1,NISSAN,VINO,1,,0,,SIN DATOS,0,0,Morelia,Lomas de La Maestranza,febrero,sábado,16,-101.331539154053,19.6851824586493
12573,12573,2018,LEG13076,2018/02/17,16:10:00,COLISIÓN POR ALCANCE,ASFALTO,Bueno,Bueno,2,NISSAN,AZUL/ROJO,2,,74,MASCULINO,SIN DATOS,0,0,Morelia,Pascual Ortiz de Ayala,febrero,sábado,16,-101.151058673859,19.6973041815254
12574,12574,2018,"180169169",2018/02/17,16:38:00,COLISIÓN POR CAMBIO DE CARRIL,ASFALTO,Bueno,Regular,2,CHEVROLET,GRIS,2,,0,,SIN DATOS,0,0,Morelia,Lomas del Valle,febrero,sábado,17,-101.229604482651,19.6851117459069
12575,12575,2018,"180169180",2018/02/17,17:00:00,COLISIÓN POR ALCANCE,ASFALTO,Bueno,Bueno,1,VOLKWAGEN,BLANCO,1,,41,MASCULINO,SIN DATOS,0,0,Morelia,Felix Ireta,febrero,sábado,17,-101.188796013594,19.6818854438285
12576,12576,2018,,2018/02/17,17:30:00,COLISIÓN POR ALCANCE,ASFALTO,Bueno,Bueno,2,JEEP,ROJO,1,MINISTERIO PÚBLICO,,,SIN DATOS,0,0,Morelia,Jardines del Toreo,febrero,sábado,18,-101.214187145233,19.6880715525677
12577,12577,2018,,2018/02/17,19:20:00,COLISIÓN POR INVASIÓN DE CARRIL,ASFALTO,Bueno,Bueno,2,NISSAN,GRIS,1,MINISTERIO PÚBLICO,17,MASCULINO,SIN DATOS,0,0,Tuzantla,Sin datos,febrero,sábado,19,-100.580606460571,19.2075095795949
12578,12578,2018,,2018/02/17,19:20:00,COLISIÓN POR INVASIÓN DE CARRIL,ASFALTO,Bueno,Bueno,2,NISSAN,GRIS,1,,17,FEMENINO,SIN DATOS,0,0,Zinapécuaro,Centro,febrero,sábado,19,-100.827498435974,19.8593336945548
12579,12579,2018,"180170019",2018/02/17,19:35:00,COLISIÓN POR ALCANCE,ASFALTO,Bueno,Regular,3,FREIGHTLINER,ROJO,3,,28,MASCULINO,SIN DATOS,0,0,Morelia,Reforma,febrero,sábado,20,-101.237618923187,19.7068796935311
12580,12580,2018,,2018/02/17,20:30:00,CAIDA ACUATICA DE VEHÍCULO,CONCRETO,Bueno,Bueno,1,VOLKSWAGEN,AZUL,1,,0,,SIN DATOS,0,0,Tarímbaro,Sin datos,febrero,sábado,21,-101.145613789558,19.7648608995597
12581,12581,2018,"180170166",2018/02/17,20:40:00,COLISIÓN POR ALCANCE,ASFALTO,Bueno,Regular,2,CHEVROLET,ROJO,3,MINISTERIO PÚBLICO,0,,SIN DATOS,1,0,Morelia,Centro,febrero,sábado,21,-101.184119582176,19.7069705975444
12582,12582,2018,,2018/02/17,22:15:00,COLISIÓN POR ALCANCE,ASFALTO,Bueno,Bueno,2,NISSAN,BLANCO,4,MINISTERIO PÚBLICO,26,MASCULINO,SIN DATOS,2,0,Morelia,Centro,febrero,sábado,22,-101.18228495121,19.7027081537892
12584,12584,2018,,2018/02/17,22:50:00,VOLCADURA,ASFALTO,Bueno,Bueno,1,JEEP,ROJO,1,,,,SIN DATOS,0,0,Apatzingán,Sin datos,febrero,sábado,23,-102.390775680542,19.0499893770772