fid,id_accidente,anio_origen,folio_c5i,dia_incidente,hora_ocurrencia,tipo_incidente_vial,superficie_ocurrencia,condiciones_climaticas,condiciones_via,numero_vehiculos_involucrados,marca_vehiculo_ocasiona_siniestro,color_vehiculo_ocasiona_siniestro,numero_personas_involucradas,lugar_remite_presunto_responsable,edad_presunto_responsable,sexo_presunto_responsable,resultados_toxicologia,numero_personas_lesionadas,numero_personas_fallecidas,municipio,colonia,mes,dia_semana,hora_redondeada,lon,lat
12585,12585,2018,"180170580",2018/02/17,23:00:00,COLISIÓN CONTRA OBJETO FIJO,ASFALTO,Bueno,Bueno,1,NISSAN,NEGRO,1,,62,FEMENINO,SIN DATOS,0,0,Morelia,Fray Antonio de Lisboa,febrero,sábado,23,-101.145565509796,19.6933445196585
12586,12586,2018,"180170689",2018/02/17,23:30:00,COLISIÓN POR CORTE DE CIRCULACIÓN,ASFALTO,Bueno,Bueno,2,NISSAN,BLANCO,2,,24,MASCULINO,SIN DATOS,0,0,Morelia,El Lago 2,febrero,sábado,0,-101.213489770889,19.7255139357678
12587,12587,2018,"180170676",2018/02/17,23:45:00,COLISIÓN CONTRA OBJETO FIJO,CONCRETO,Bueno,Bueno,1,FORD,BLANCO,1,,31,MASCULINO,CON CERTIFICADO,0,0,Morelia,Los Manantiales de Morelia,febrero,sábado,0,-101.24139547348,19.6954859816065
12588,12588,2018,,2018/02/17,23:50:00,COLISIÓN POR INVASIÓN DE CARRIL,CONCRETO,Bueno,Bueno,2,JEEP,NEGRO,2,,42,FEMENINO,SIN DATOS,0,0,Morelia,Primo Tapia,febrero,sábado,0,-101.21329665184,19.7103794607503
12590,12590,2018,"18017085",2018/02/18,"01:10:00",COLISIÓN POR ALCANCE,ASFALTO,Bueno,Regular,2,DODGE,VERDE,2,,34,MASCULINO,CON CERTIFICADO,0,0,Morelia,Tzindurio de Morelos,febrero,domingo,1,-101.245853304863,19.6996021546494
12591,12591,2018,"180170895",2018/02/18,"01:30:00",COLISIÓN CONTRA OBJETO FIJO,ASFALTO,Bueno,Bueno,1,MINI COOPER,PLATA,1,,32,MASCULINO,SIN DATOS,0,0,Morelia,Montaña Monarca,febrero,domingo,2,-101.165091991425,19.6660282665363
12592,12592,2018,,2018/02/18,"02:00:00",SALIDA DE SUPERFICIE DE RODAMIENTO,SIN_DATOS,Bueno,Bueno,1,VOLKSWAGEN,ROJO,1,,24,MASCULINO,SIN DATOS,0,0,Morelia,Terrazas,febrero,domingo,2,-101.181678771973,19.7197471476219
12593,12593,2018,,2018/02/18,"03:36:00",COLISIÓN CONTRA OBJETO FIJO,ASFALTO,Bueno,Regular,1,VOLKSWAGEN,AZUL,1,,33,MASCULINO,SIN DATOS,0,0,Morelia,El Lago 1,febrero,domingo,4,-101.209037303925,19.7261703870755
12594,12594,2018,"180174837",2018/02/18,"06:15:00",COLISIÓN CONTRA OBJETO FIJO,ASFALTO,Bueno,Bueno,1,DODGE,ROJO,0,,,,,0,0,Morelia,Melchor Ocampo,febrero,domingo,6,-101.201036274433,19.7062458891135
12596,12596,2018,,2018/02/18,"06:20:00",SUBIDA AL CAMELLÓN,ASFALTO,Bueno,Malo,1,VOLKSWAGEN,GRIS,0,,,,,0,0,Pátzcuaro,Independencia,febrero,domingo,6,-101.618857383728,19.511852915504
12597,12597,2018,"180171149",2018/02/18,"06:30:00",COLISIÓN CON PEATÓN,CONCRETO,Bueno,Bueno,2,CHEVROLET,BLANCO,2,,54,MASCULINO,SIN DATOS,0,0,Morelia,Centro,febrero,domingo,7,-101.190487146378,19.7030313762523
12598,12598,2018,,2018/02/18,"08:40:00",COLISIÓN POR ALCANCE,ASFALTO,Bueno,Bueno,2,NISSAN,BLANCO Y ROJO,2,,66,MASCULINO,SIN DATOS,0,0,Morelia,Enrique Arreguin Robles,febrero,domingo,9,-101.186721324921,19.72073690889
12599,12599,2018,,2018/02/18,10:40:00,COLISIÓN POR CORTE DE CIRCULACIÓN,CONCRETO,Bueno,Bueno,2,HO,BLANCO,2,,16,MASCULINO,SIN DATOS,0,0,Morelia,Ferrocarrilero,febrero,domingo,11,-101.220549345016,19.694566772676
12600,12600,2018,"180175695",2018/02/18,11:55:00,COLISIÓN POR CORTE DE CIRCULACIÓN,CONCRETO,Bueno,Regular,2,SATURN,CAFE ORO,2,,57,MASCULINO,SIN DATOS,0,0,Morelia,Rey Tariacuri (Eucaliptos),febrero,domingo,12,-101.198887825012,19.6778483707958
12601,12601,2018,"18017197",2018/02/18,12:00:00,COLISIÓN POR CORTE DE CIRCULACIÓN,ASFALTO,Bueno,Bueno,2,NISSAN,BLANCO,2,,55,MASCULINO,SIN DATOS,0,0,Morelia,Alberto Oviedo Mota,febrero,domingo,12,-101.195991039276,19.6826367802544
12602,12602,2018,,2018/02/18,12:20:00,COLISIÓN CONTRA OBJETO FIJO,TERRACERIA,Bueno,Bueno,1,TOYOTA,CREMA,1,,,,SIN DATOS,0,0,Apatzingán,22 de Octubre,febrero,domingo,12,-102.342367172241,19.0884608630755
12604,12604,2018,"180176633",2018/02/18,14:55:00,COLISIÓN CONTRA OBJETO FIJO,ASFALTO,Bueno,Bueno,2,FORD,BLANCO,1,,27,MASCULINO,SIN DATOS,0,0,Tarímbaro,Sin datos,febrero,domingo,15,-101.134042739868,19.8839432131329
12605,12605,2018,"1800176402",2018/02/18,16:00:00,COLISIÓN POR ALCANCE,ASFALTO,Bueno,Bueno,2,FORD,BLANCO,2,,26,MASCULINO,SIN DATOS,0,0,Morelia,Bicentenario,febrero,domingo,16,-101.178867816925,19.7386929416404
12607,12607,2018,"180177230",2018/02/18,18:15:00,COLISIÓN CONTRA OBJETO FIJO,ASFALTO,Bueno,Bueno,1,CHEVROLET,GUINDA,4,MINISTERIO PÚBLICO,,,,2,2,Tarímbaro,Cuto del Porvenir,febrero,domingo,18,-101.143999099731,19.877324546447
12609,12609,2018,"180277552",2018/02/18,19:20:00,COLISIÓN POR CORTE DE CIRCULACIÓN,SIN_DATOS,Bueno,Bueno,2,NISSAN,GRIS,2,MINISTERIO PÚBLICO,24,MASCULINO,SIN DATOS,0,0,Morelia,Felix Ireta,febrero,domingo,19,-101.189435720444,19.6876270799729
12610,12610,2018,"18017386",2018/02/18,20:00:00,COLISIÓN POR ALCANCE,CONCRETO,Bueno,Bueno,2,CHEVROLET,BLANCO,2,,36,MASCULINO,CON CERTIFICADO,0,0,Morelia,Clara Cordova Moran,febrero,domingo,20,-101.178556680679,19.7347746994565
12611,12611,2018,"180174002",2018/02/18,20:15:00,COLISIÓN POR CORTE DE CIRCULACIÓN,ASFALTO,Bueno,Bueno,1,DODGE,ROJO,0,,,,,0,0,Morelia,Elias Perez Avalos,febrero,domingo,20,-101.165478229523,19.7103946110913
12612,12612,2018,"130172462",2018/02/18,20:30:00,COLISIÓN POR CORTE DE CIRCULACIÓN,SIN_DATOS,Bueno,Bueno,2,FORD,AZUL,0,MINISTERIO PÚBLICO,,,,0,0,Morelia,Sin datos,febrero,domingo,21,-101.354928016663,19.6787575734732
12613,12613,2018,,2018/02/18,22:00:00,SALIDA DE SUPERFICIE DE RODAMIENTO,ASFALTO,Bueno,Bueno,1,FORD,GRIS,1,,32,MASCULINO,SIN DATOS,0,0,Cuitzeo,Sin datos,febrero,domingo,22,-101.181077957153,19.9665321833965
12614,12614,2018,"180178206",2018/02/18,22:40:00,COLISIÓN POR CORTE DE CIRCULACIÓN,ASFALTO,Bueno,Bueno,1,SIN DATOS,SIN DATOS,0,,,,,0,0,Morelia,Las Americas,febrero,domingo,23,-101.153558492661,19.6874452499194
12615,12615,2018,"180178288",2018/02/18,23:25:00,VOLCADURA,ASFALTO,Bueno,Bueno,1,RENAULT,BLANCO,1,,41,MASCULINO,SIN DATOS,0,0,Morelia,La Luz,febrero,domingo,23,-101.288623809814,19.6884150078186
12616,12616,2018,,2018/02/19,"07:15:00",SALIDA DE SUPERFICIE DE RODAMIENTO,ASFALTO,Bueno,Bueno,1,CHEVROLET,VERDE,0,,,,,0,0,Hidalgo,Sin datos,febrero,lunes,7,-100.622062683105,19.6918091142133
12617,12617,2018,"180165069",2018/02/19,"09:00:00",COLISIÓN POR ALCANCE,ASFALTO,Bueno,Bueno,3,VOLKSWAGEN,GRIS,3,,38,MASCULINO,SIN DATOS,0,0,Morelia,Francisco J Mujica,febrero,lunes,9,-101.188416481018,19.7214438774721
12618,12618,2018,"180175300",2018/02/19,"09:15:00",SUBIDA AL CAMELLÓN,ASFALTO,Bueno,Bueno,1,FORD,ROJO,1,,27,MASCULINO,SIN DATOS,0,0,Morelia,Lindavista,febrero,lunes,9,-101.216247081757,19.7040313416124
12619,12619,2018,"180175239",2018/02/19,"09:25:00",COLISIÓN POR ALCANCE,ASFALTO,Bueno,Bueno,2,HONDA,GRIS,2,,39,MASCULINO,SIN DATOS,0,0,Morelia,Francisco J Mujica,febrero,lunes,9,-101.187450885773,19.7227568108282
12620,12620,2018,"180175156",2018/02/19,"09:40:00",COLISIÓN POR CAMBIO DE CARRIL,ASFALTO,Bueno,Bueno,2,FORD,BLANCO,2,,24,MASCULINO,SIN DATOS,0,0,Morelia,Centro,febrero,lunes,10,-101.186538934708,19.7008243598793
12621,12621,2018,"180176018",2018/02/19,13:20:00,COLISIÓN CONTRA OBJETO FIJO,ASFALTO,Bueno,Bueno,2,ITALIKA,AMARILLO Y NEGRO,2,,25,MASCULINO,SIN DATOS,0,0,Morelia,Erendira,febrero,lunes,13,-101.165746450424,19.7020667572806
12622,12622,2018,,2018/02/19,13:50:00,COLISIÓN POR INVASIÓN DE CARRIL,ASFALTO,Bueno,Bueno,2,ITALIKA,Rojo/Negro,2,MINISTERIO PÚBLICO,15,MASCULINO,SIN DATOS,0,0,Apatzingán,Palmira,febrero,lunes,14,-102.345269322395,19.0852417282415
12623,12623,2018,,2018/02/19,14:30:00,COLISIÓN POR CORTE DE CIRCULACIÓN,ASFALTO,Bueno,Bueno,2,VOLKSWAGEN,GRIS,2,,46,FEMENINO,SIN DATOS,0,0,Morelia,Lomas del Valle,febrero,lunes,15,-101.229475736618,19.6856976505442
12624,12624,2018,"180176314",2018/02/19,14:35:00,COLISIÓN POR NO RESPETAR SEMÁFORO,ASFALTO,Bueno,Bueno,2,SEAT,GRIS,2,,40,FEMENINO,SIN DATOS,0,0,Morelia,Camelinas,febrero,lunes,15,-101.166121959686,19.6843136999355
12625,12625,2018,"180176719",2018/02/19,15:50:00,COLISIÓN POR INVASIÓN DE CARRIL,ASFALTO,Bueno,Bueno,2,VOLKSWAGEN,BLANCO,2,,36,MASCULINO,SIN DATOS,0,0,Morelia,Ana Maria Gallaga (Riviera Norte),febrero,lunes,16,-101.22421592474,19.6767459556287
12626,12626,2018,"180943872",2018/02/19,18:20:00,COLISIÓN POR CORTE DE CIRCULACIÓN,ASFALTO,Bueno,Bueno,2,MERCEDES BENZ,BLANCO Y VERDE,2,,60,MASCULINO,SIN DATOS,0,0,Morelia,Tzindurio Norte,febrero,lunes,18,-101.245472431183,19.6999910391443
12627,12627,2018,,2018/02/19,23:00:00,VOLCADURA,ASFALTO,Bueno,Bueno,1,JEEP,ARENA,0,MINISTERIO PÚBLICO,,,,0,0,Uruapan,Morelos,febrero,lunes,23,-102.057963,19.418795
12628,12628,2018,"180288637",2018/02/20,"08:00:00",SALIDA DE SUPERFICIE DE RODAMIENTO,ASFALTO,Bueno,Bueno,1,NISSAN,VERDE,1,,,MASCULINO,SIN DATOS,0,0,Morelia,Sin datos,febrero,martes,8,-101.340980529785,19.5466874289382
12629,12629,2018,"180178735",2018/02/20,"08:30:00",COLISIÓN POR CORTE DE CIRCULACIÓN,CONCRETO,Bueno,Bueno,2,FORD,ROJO,2,,,MASCULINO,SIN DATOS,0,0,Morelia,Elias Perez Avalos,febrero,martes,9,-101.167666912079,19.7144798035997
12630,12630,2018,"180178712",2018/02/20,"08:57:00",COLISIÓN POR CORTE DE CIRCULACIÓN,SIN_DATOS,Bueno,Bueno,2,NISSAN,BLANCO Y ROSA,2,,22,MASCULINO,SIN DATOS,0,0,Morelia,Centro,febrero,martes,9,-101.197021007538,19.7003748722644
12631,12631,2018,"180178722",2018/02/20,"09:15:00",COLISIÓN POR CORTE DE CIRCULACIÓN,ASFALTO,Bueno,Bueno,2,CHEVROLET,MORADO,2,,33,MASCULINO,SIN DATOS,0,0,Morelia,Pascual Ortiz de Ayala,febrero,martes,9,-101.15162730217,19.6956981059946
12632,12632,2018,"180178943",2018/02/20,10:40:00,COLISIÓN POR ALCANCE,ASFALTO,Bueno,Bueno,2,MERCEDES BENZ,BLANCO,2,,38,MASCULINO,SIN DATOS,0,0,Morelia,Enrique Arreguin Robles,febrero,martes,11,-101.184173226357,19.7197016992532
12634,12634,2018,"180179886",2018/02/20,13:50:00,COLISIÓN POR ALCANCE,ASFALTO,Bueno,Bueno,2,HONDA,BLANCO,1,,21,MASCULINO,SIN DATOS,0,0,Morelia,Las Margaritas,febrero,martes,14,-101.207728385925,19.7136569510824
12635,12635,2018,"180180011",2018/02/20,15:00:00,COLISIÓN POR INVASIÓN DE CARRIL,ASFALTO,Bueno,Bueno,2,HONDA,ARENA,1,,46,MASCULINO,SIN DATOS,0,0,Morelia,Felicitas del Rio,febrero,martes,15,-101.199724674225,19.6919303309681
12637,12637,2018,"180180912",2018/02/20,17:55:00,COLISIÓN POR ALCANCE,CONCRETO,Bueno,Bueno,2,FORD,GRIS,2,,25,FEMENINO,SIN DATOS,0,0,Morelia,Morelia 450,febrero,martes,18,-101.217212677002,19.6758279019291
12638,12638,2018,"180180841",2018/02/20,18:00:00,COLISIÓN CONTRA OBJETO FIJO,CONCRETO,Bueno,Bueno,1,SIN DATOS,SIN DATOS,1,,0,,SIN DATOS,0,0,Morelia,Sin datos,febrero,martes,18,-101.354970932007,19.6787979823614
12639,12639,2018,,2018/02/20,18:00:00,COLISIÓN CONTRA OBJETO FIJO,CONCRETO,Bueno,Bueno,1,INTERNATIONAL,BLANCO,2,MINISTERIO PÚBLICO,26,MASCULINO,SIN DATOS,1,0,Sahuayo,Colinas del Tepeyac,febrero,martes,18,-102.734677791595,20.0575034598239
12640,12640,2018,,2018/02/20,18:30:00,COLISIÓN POR CAMBIO DE CARRIL,ASFALTO,Bueno,Bueno,2,CHEVROLET,BNLANCO Y ROSA,2,,19,MASCULINO,SIN DATOS,0,0,Morelia,Centro,febrero,martes,19,-101.178320646286,19.6992536729356
12641,12641,2018,"180181074",2018/02/20,19:20:00,COLISIÓN POR NO RESPETAR SEMÁFORO,ASFALTO,Bueno,Bueno,2,ITALIKA,NEGRO,2,,,,,2,0,Morelia,La Esperanza,febrero,martes,19,-101.153934001923,19.6994556914129
12642,12642,2018,,2018/02/20,20:37:00,COLISIÓN CONTRA OBJETO FIJO,ASFALTO,Bueno,Bueno,1,HONDA,GRIS,0,,,,,0,0,Morelia,Buenavista,febrero,martes,21,-101.162077188492,19.7058696454627
12643,12643,2018,"180181664",2018/02/20,21:25:00,COLISIÓN POR CORTE DE CIRCULACIÓN,CONCRETO,Bueno,Bueno,2,MAZDA,PLATA,3,,,MASCULINO,SIN DATOS,1,0,Morelia,Ilustres Novohispanos,febrero,martes,21,-101.150801181793,19.7108087198553
12644,12644,2018,"180181799",2018/02/20,21:40:00,VOLCADURA,ASFALTO,Bueno,Bueno,1,NISSAN,BLANCO,2,MINISTERIO PÚBLICO,,,,2,0,Morelia,Sin datos,febrero,martes,22,-101.38973236084,19.5563932404339
12646,12646,2018,,2018/02/21,"00:00:00",COLISIÓN POR INVASIÓN DE CARRIL,ASFALTO,Bueno,Bueno,2,ALUBIKE,ROJO,2,MINISTERIO PÚBLICO,54,MASCULINO,SIN DATOS,0,0,Acuitzio,Sin Nombre,febrero,miércoles,0,-101.332654953003,19.4890471583496
12647,12647,2018,LEG13144,2018/02/21,"04:50:00",CAIDA ACUATICA DE VEHÍCULO,TERRACERIA,Bueno,Bueno,1,NISSAN,AMARILLO,1,,23,MASCULINO,SIN DATOS,0,0,Tarímbaro,Sin datos,febrero,miércoles,5,-101.101298332214,19.7859264441233
12648,12648,2018,"1800182418",2018/02/21,"08:30:00",COLISIÓN POR CAMBIO DE CARRIL,ASFALTO,Bueno,Bueno,2,GENERAL MOTORS,GRIS,2,,45,FEMENINO,SIN DATOS,0,0,Morelia,Jardines de Torremolinos,febrero,miércoles,9,-101.225677728653,19.6769593676334
12649,12649,2018,"180182592",2018/02/21,"09:35:00",COLISIÓN POR ALCANCE,ASFALTO,Bueno,Regular,2,DINA,ROJO,2,,44,MASCULINO,SIN DATOS,0,0,Morelia,La Esperanza,febrero,miércoles,10,-101.254420280457,19.6979102435749
12651,12651,2018,,2018/02/21,10:10:00,COLISIÓN POR ALCANCE,ASFALTO,Bueno,Bueno,2,CHRYSLER,AZUL,1,,29,MASCULINO,SIN DATOS,0,0,Morelia,Prados Verdes,febrero,miércoles,10,-101.201116740704,19.7161541617208
12652,12652,2018,"180183097",2018/02/21,12:20:00,COLISIÓN POR ALCANCE,CONCRETO,Bueno,Bueno,3,CHRYSLER,AZUL,1,,,,,1,0,Morelia,Elias Perez Avalos,febrero,miércoles,12,-101.167677640915,19.711874287477
12653,12653,2018,"180182635",2018/02/21,14:00:00,COLISIÓN POR CAMBIO DE CARRIL,ASFALTO,Bueno,Bueno,2,SEAT,BLANCO,2,,23,MASCULINO,SIN DATOS,0,0,Morelia,Ejidal Ocolusen,febrero,miércoles,14,-101.158933639526,19.6879301296032
12654,12654,2018,"180183626",2018/02/21,15:00:00,COLISIÓN CON PEATÓN,ASFALTO,Bueno,Bueno,1,TOYOTA,ARENA,2,MINISTERIO PÚBLICO,57,MASCULINO,SIN DATOS,0,1,Morelia,Sin datos,febrero,miércoles,15,-101.390075683594,19.5559281836192
12655,12655,2018,"180183872",2018/02/21,15:30:00,COLISIÓN POR ALCANCE,ASFALTO,Bueno,Bueno,2,TOYOTA,GRIS,2,,33,FEMENINO,SIN DATOS,0,0,Morelia,Centro,febrero,miércoles,16,-101.187440156937,19.7073140122396
12656,12656,2018,"180183885",2018/02/21,15:40:00,COLISIÓN POR ALCANCE,ASFALTO,Bueno,Bueno,4,CHEVROLET,BLANCO,4,MINISTERIO PÚBLICO,35,MASCULINO,SIN DATOS,0,0,Morelia,Loma de Los Piñones,febrero,miércoles,16,-101.205968856812,19.6735674721894
12657,12657,2018,"180183980",2018/02/21,16:05:00,COLISIÓN POR CORTE DE CIRCULACIÓN,ASFALTO,Bueno,Bueno,2,CHRYSLER,NEGRO Y VERDE,2,,,MASCULINO,SIN DATOS,0,0,Tarímbaro,Sin datos,febrero,miércoles,16,-101.177789568901,19.7522343732538
12658,12658,2018,"180184349",2018/02/21,17:50:00,COLISIÓN POR CAMBIO DE CARRIL,ASFALTO,Bueno,Bueno,2,NISSAN,GUINDA,2,,45,MASCULINO,SIN DATOS,0,0,Morelia,El Realito,febrero,miércoles,18,-101.204252243042,19.7258876083813
12659,12659,2018,"180184495",2018/02/21,18:00:00,COLISIÓN POR ALCANCE,ASFALTO,Bueno,Bueno,2,NISSAN,BLANCO,2,MINISTERIO PÚBLICO,38,MASCULINO,SIN DATOS,0,0,Morelia,Lomas del Tecnologico,febrero,miércoles,18,-101.193115711212,19.7234536710741
12660,12660,2018,"180184645",2018/02/21,18:33:00,COLISIÓN POR ALCANCE,ASFALTO,Bueno,Bueno,2,VOLKSWAGEN,BLANCO,2,,27,MASCULINO,SIN DATOS,0,0,Morelia,Fuentes de Valladolid,febrero,miércoles,19,-101.221203804016,19.6732820748826
12661,12661,2018,,2018/02/21,19:51:00,COLISIÓN POR CORTE DE CIRCULACIÓN,CONCRETO,Bueno,Bueno,3,DODGE,BLANCO,3,,40,MASCULINO,SIN DATOS,0,0,Morelia,Centro,febrero,miércoles,20,-101.19268655777,19.6961122527994
12662,12662,2018,,2018/02/21,19:55:00,COLISIÓN POR NO RESPETAR SEMÁFORO,ASFALTO,Bueno,Bueno,2,FORD,BLANCO,2,,54,MASCULINO,SIN DATOS,0,0,Morelia,Cuauhtemoc,febrero,miércoles,20,-101.179232597351,19.6936576597506
12663,12663,2018,"180184673",2018/02/21,20:00:00,COLISIÓN CONTRA OBJETO FIJO,CONCRETO,Bueno,Bueno,1,JEEP,ARENA,1,,30,MASCULINO,SIN DATOS,0,0,Morelia,Bicentenario,febrero,miércoles,20,-101.180927753448,19.7470946213564
12664,12664,2018,"180184986",2018/02/21,20:34:00,COLISIÓN POR ALCANCE,ASFALTO,Bueno,Regular,2,FORD,AZUL,2,,24,MASCULINO,SIN DATOS,0,0,Morelia,El Lago 1,febrero,miércoles,21,-101.213285923004,19.7278241274534
12665,12665,2018,,2018/02/21,21:30:00,COLISIÓN POR ALCANCE,ASFALTO,Bueno,Bueno,2,CHEVROLET,BLANCO,2,,29,FEMENINO,SIN DATOS,0,0,Morelia,Alberto Oviedo Mota,febrero,miércoles,22,-101.202042102814,19.6778887799133
12666,12666,2018,"180185474",2018/02/21,23:30:00,COLISIÓN CON PEATÓN,CONCRETO,Bueno,Bueno,1,SIN DATOS,SIN DATOS,1,,,,,1,0,Morelia,Lazaro Cardenas,febrero,miércoles,0,-101.164555549622,19.7091017768314
12667,12667,2018,"180184413",2018/02/22,"05:01:00",SUBIDA AL CAMELLÓN,ASFALTO,Bueno,Bueno,1,NISSAN,AZUL,1,,23,MASCULINO,SIN DATOS,0,0,Morelia,Loma de Los Piñones,febrero,jueves,5,-101.205174922943,19.6742317135105
12668,12668,2018,,2018/02/22,"05:30:00",COLISIÓN POR ALCANCE,ASFALTO,Bueno,Bueno,2,NISSAN,ROJO,3,,28,MASCULINO,CON CERTIFICADO,1,0,Buenavista,Centro,febrero,jueves,6,-102.586008,19.208786
12669,12669,2018,"180186137",2018/02/22,"09:10:00",COLISIÓN POR CAMBIO DE CARRIL,ASFALTO,Bueno,Bueno,2,NISSAN,BLANCO/ROJO,2,,45,MASCULINO,SIN DATOS,0,0,Tarímbaro,Sin datos,febrero,jueves,9,-101.159341335297,19.767793987895
12670,12670,2018,,2018/02/22,"09:14:00",COLISIÓN POR ALCANCE,ASFALTO,Bueno,Bueno,2,CHEVROLET,ARENA,2,,30,MASCULINO,SIN DATOS,0,0,Morelia,El Lago 1,febrero,jueves,9,-101.219379901886,19.7277458592107
12671,12671,2018,"180185825",2018/02/22,"09:14:00",COLISIÓN POR ALCANCE,ASFALTO,Bueno,Regular,2,HONDA,BLANCO,3,,27,MASCULINO,SIN DATOS,1,0,Morelia,El Lago 1,febrero,jueves,9,-101.21789932251,19.7275438764717
12672,12672,2018,"180186213",2018/02/22,10:20:00,COLISIÓN POR ALCANCE,ASFALTO,Bueno,Bueno,2,PONTIAC,GRIS,2,,33,MASCULINO,SIN DATOS,0,0,Morelia,Gertrudis Sanchez,febrero,jueves,10,-101.205776745,19.7441101549991
12673,12673,2018,,2018/02/22,12:20:00,SUBIDA AL CAMELLÓN,TERRACERIA,Bueno,Malo,1,CHEVROLET,ROJO,1,,25,MASCULINO,SIN DATOS,0,0,Pátzcuaro,Centro,febrero,jueves,12,-101.61776304245,19.5164136810953
12675,12675,2018,,2018/02/22,13:45:00,COLISIÓN POR ALCANCE,ASFALTO,Bueno,Bueno,2,FREIGHTLINER,BLANCO,2,,23,MASCULINO,SIN DATOS,0,0,Apatzingán,El Varillero,febrero,jueves,14,-102.363170385361,19.0869653672749
12676,12676,2018,"180186576",2018/02/22,16:21:00,COLISIÓN POR CAMBIO DE CARRIL,ASFALTO,Bueno,Bueno,2,FORD,AZUL,2,,,,SIN DATOS,0,0,Morelia,Gertrudis Sanchez,febrero,jueves,16,-101.205776745,19.7441101549991
12678,12678,2018,"180195996",2018/02/22,17:10:00,COLISIÓN CONTRA OBJETO FIJO,ASFALTO,Bueno,Bueno,1,CHEVROLET,BLANCO,1,,63,MASCULINO,SIN DATOS,0,0,Morelia,Chapultepec Oriente,febrero,jueves,17,-101.158998012543,19.6882533819099
12679,12679,2018,,2018/02/22,17:20:00,CAIDA DE MOTOCICLETA,ASFALTO,Bueno,Bueno,1,ITALIKA,NEGRO/ROJO,1,,57,MASCULINO,SIN DATOS,0,0,Maravatío,San Miguel Curahuango,febrero,jueves,17,-100.451549291611,19.8801597103866
12680,12680,2018,,2018/02/22,17:20:00,CAIDA DE MOTOCICLETA,ASFALTO,Bueno,Bueno,1,ITALIKA,NEGRO/ROJO,1,,57,MASCULINO,SIN DATOS,0,0,Zinapécuaro,Centro,febrero,jueves,17,-100.829107761383,19.8549542327296
12681,12681,2018,"18018878",2018/02/22,17:35:00,COLISIÓN CON PEATÓN,ASFALTO,Bueno,Bueno,1,NISSAN,BLANCO Y NEGRO,1,MINISTERIO PÚBLICO,,,,0,1,Morelia,Eduardo Ruiz,febrero,jueves,18,-101.218516230583,19.7179948511637
12682,12682,2018,"180188063",2018/02/22,18:15:00,COLISIÓN POR ALCANCE,CONCRETO,Bueno,Bueno,2,NISSAN,BLANCO,2,,,MASCULINO,SIN DATOS,0,0,Morelia,Gertrudis Sanchez,febrero,jueves,18,-101.205776745,19.7441101549991
12683,12683,2018,"180188077",2018/02/22,18:30:00,SUBIDA AL CAMELLÓN,ASFALTO,Bueno,Bueno,1,CHEVROLET,NEGRO,1,,22,MASCULINO,SIN DATOS,0,0,Morelia,Montaña Monarca,febrero,jueves,19,-101.165456771851,19.670392714238
12684,12684,2018,,2018/02/22,18:36:00,COLISIÓN POR CORTE DE CIRCULACIÓN,SIN_DATOS,Bueno,Bueno,2,SIN DATOS,SIN DATOS,2,,27,MASCULINO,SIN DATOS,1,0,Morelia,Arboledas de Valladolid,febrero,jueves,19,-101.25038087368,19.6949304164005
12685,12685,2018,"180188100",2018/02/22,18:40:00,COLISIÓN POR ALCANCE,ASFALTO,Bueno,Bueno,2,JEEP,VERDE,2,MINISTERIO PÚBLICO,25,MASCULINO,CON CERTIFICADO,0,0,Morelia,Vista Bella,febrero,jueves,19,-101.193976700306,19.6812427011311
12686,12686,2018,,2018/02/22,20:40:00,SUBIDA AL CAMELLÓN,TERRACERIA,Bueno,Malo,2,CHEVROLET,BLANCO,1,,0,MASCULINO,SIN DATOS,0,0,Pátzcuaro,Centro,febrero,jueves,21,-101.61776304245,19.5164541307688
12687,12687,2018,,2018/02/23,"01:30:00",COLISIÓN POR ALCANCE,ASFALTO,Bueno,Bueno,2,CHEVROLET,GRIS,2,,30,MASCULINO,SIN DATOS,0,0,Morelia,Canteras de Morelia,febrero,viernes,2,-101.171700954437,19.7150608478084
12688,12688,2018,"180189455",2018/02/23,"06:45:00",SALIDA DE SUPERFICIE DE RODAMIENTO,ASFALTO,Bueno,Bueno,1,FORD,BLANCO,1,,24,MASCULINO,SIN DATOS,0,0,Morelia,Ciudad Industrial,febrero,viernes,7,-101.142904758453,19.7250796664976
12689,12689,2018,"180189623",2018/02/23,"08:10:00",COLISIÓN CONTRA OBJETO FIJO,ASFALTO,Bueno,Bueno,1,FORD,AZUL,1,,26,FEMENINO,SIN DATOS,0,0,Morelia,Leandro Valle,febrero,viernes,8,-101.229658126831,19.7175656113503
12690,12690,2018,"180189760",2018/02/23,"08:40:00",COLISIÓN POR ALCANCE,ASFALTO,Bueno,Bueno,2,CHEVROLET,BLANCO,2,,33,MASCULINO,SIN DATOS,0,0,Morelia,Nueva Valladolid,febrero,viernes,9,-101.21068418026,19.695339514603