fid,id_accidente,anio_origen,folio_c5i,dia_incidente,hora_ocurrencia,tipo_incidente_vial,superficie_ocurrencia,condiciones_climaticas,condiciones_via,numero_vehiculos_involucrados,marca_vehiculo_ocasiona_siniestro,color_vehiculo_ocasiona_siniestro,numero_personas_involucradas,lugar_remite_presunto_responsable,edad_presunto_responsable,sexo_presunto_responsable,resultados_toxicologia,numero_personas_lesionadas,numero_personas_fallecidas,municipio,colonia,mes,dia_semana,hora_redondeada,lon,lat
12691,12691,2018,"180189972",2018/02/23,"09:45:00",COLISIÓN POR CORTE DE CIRCULACIÓN,CONCRETO,Bueno,Bueno,2,SIN DATOS,SIN DATOS,1,,67,MASCULINO,SIN DATOS,0,0,Morelia,Lomas de Hidalgo,febrero,viernes,10,-101.161798238754,19.6978950920516
12692,12692,2018,,2018/02/23,10:30:00,COLISIÓN POR ALCANCE,ASFALTO,Bueno,Bueno,2,VOLKWAGEN,BLANCO,2,,56,MASCULINO,SIN DATOS,0,0,Cuitzeo,Sin datos,febrero,viernes,11,-101.152625083923,19.9932725499607
12693,12693,2018,"180190106",2018/02/23,11:00:00,COLISIÓN POR CAMBIO DE CARRIL,ASFALTO,Bueno,Bueno,2,DINA,BLANCO,2,,23,MASCULINO,SIN DATOS,0,0,Morelia,Loma Real,febrero,viernes,11,-101.198555231094,19.7292102264318
12694,12694,2018,"180190190",2018/02/23,11:30:00,COLISIÓN POR CORTE DE CIRCULACIÓN,ASFALTO,Bueno,Bueno,2,MITSUBISHI,BLANCO,2,,18,FEMENINO,SIN DATOS,0,0,Morelia,Chapultepec Norte,febrero,viernes,12,-101.168321371078,19.6950364789978
12695,12695,2018,"180190429",2018/02/23,12:20:00,COLISIÓN CON PEATÓN,CONCRETO,Bueno,Bueno,1,ITALIKA,NEGRO,2,MINISTERIO PÚBLICO,22,MASCULINO,SIN DATOS,1,0,Morelia,Centro,febrero,viernes,12,-101.203866004944,19.7021122106611
12696,12696,2018,"180190445",2018/02/23,13:25:00,COLISIÓN POR CORTE DE CIRCULACIÓN,ASFALTO,Bueno,Bueno,2,CHEVROLET,ROJO,6,,61,MASCULINO,SIN DATOS,4,0,Morelia,Sin datos,febrero,viernes,13,-101.096019744873,19.7379456554472
12697,12697,2018,"180190663",2018/02/23,13:40:00,SUBIDA AL CAMELLÓN,ASFALTO,Bueno,Bueno,1,CHEVROLET,ARENA,1,MINISTERIO PÚBLICO,49,MASCULINO,SIN DATOS,0,0,Morelia,Hacienda del Valle,febrero,viernes,14,-101.224272251129,19.6670385659257
12698,12698,2018,"180191345",2018/02/23,15:30:00,COLISIÓN POR ALCANCE,ASFALTO,Bueno,Bueno,2,NISSAN,HIERRO,2,,32,FEMENINO,SIN DATOS,0,0,Morelia,Chapultepec Sur,febrero,viernes,16,-101.169855594635,19.6907787680923
12699,12699,2018,"180191955",2018/02/23,17:55:00,SUBIDA AL CAMELLÓN,ASFALTO,Nublado,Regular,1,CHEVROLET,ROJO,1,,,,SIN DATOS,0,0,Morelia,San Jose Itzicuaro,febrero,viernes,18,-101.304126977921,19.6878341639489
12700,12700,2018,"180192140",2018/02/23,18:40:00,COLISIÓN POR ALCANCE,ASFALTO,Bueno,Bueno,2,NISSAN,BLANCO,2,,40,MASCULINO,ALIENTO ETÍLICO,0,0,Morelia,Felix Ireta,febrero,viernes,19,-101.192214488983,19.6823943325828
12701,12701,2018,"180191650",2018/02/23,18:46:00,COLISIÓN POR CORTE DE CIRCULACIÓN,CONCRETO,Bueno,Regular,2,NISSAN,BLANCO,2,,20,MASCULINO,SIN DATOS,0,0,Morelia,Villas del Pedregal,febrero,viernes,19,-101.30731344223,19.6762875608351
12702,12702,2018,"18019226",2018/02/23,20:00:00,COLISIÓN POR ALCANCE,ASFALTO,Bueno,Bueno,2,NISSAN,ROJO,2,,52,MASCULINO,SIN DATOS,0,0,Morelia,Jardines de Sindurio,febrero,viernes,20,-101.256523132324,19.6976274149041
12703,12703,2018,"180192413",2018/02/23,20:15:00,VOLCADURA,ASFALTO,Bueno,Bueno,1,SEAT,GRIS,0,,,,,0,0,Lagunillas,Oriente,febrero,viernes,20,-101.412649154663,19.5604371562069
12704,12704,2018,"180192473",2018/02/23,20:55:00,VOLCADURA,ASFALTO,Bueno,Bueno,1,FORD,NEGRO,1,,54,MASCULINO,SIN DATOS,0,0,Morelia,Sin datos,febrero,viernes,21,-101.118550300598,19.6884554142703
12705,12705,2018,"180192874",2018/02/23,21:55:00,COLISIÓN POR ALCANCE,ASFALTO,Bueno,Bueno,2,FORD,CAFE,2,,43,FEMENINO,SIN DATOS,0,0,Morelia,Rafael Carrillo,febrero,viernes,22,-101.236395835876,19.7078695344503
12706,12706,2018,,2018/02/23,22:20:00,COLISIÓN POR CORTE DE CIRCULACIÓN,CONCRETO,Bueno,Regular,2,FORD,GRIS,2,,25,MASCULINO,SIN DATOS,0,0,Morelia,Felix Ireta,febrero,viernes,22,-101.186833977699,19.6849955749052
12707,12707,2018,"180193087",2018/02/23,23:40:00,COLISIÓN POR CORTE DE CIRCULACIÓN,ASFALTO,Bueno,Regular,2,SIN DATOS,SIN DATOS,1,,33,MASCULINO,SIN DATOS,0,0,Morelia,Enrique Arreguin Robles,febrero,viernes,0,-101.178824901581,19.7203430250379
12708,12708,2018,"180193235",2018/02/24,"01:10:00",SUBIDA AL CAMELLÓN,ASFALTO,Bueno,Bueno,1,VOLKSWAGEN,BLANCO,1,,23,MASCULINO,CON CERTIFICADO,0,0,Morelia,Los Manantiales de Morelia,febrero,sábado,1,-101.243197917938,19.7003142670961
12709,12709,2018,"180193195",2018/02/24,"01:20:00",COLISIÓN POR ALCANCE,ASFALTO,Bueno,Bueno,2,HONDA,ROJO,2,,33,MASCULINO,CON CERTIFICADO,0,0,Morelia,Centro,febrero,sábado,1,-101.200207471848,19.7031222824524
12710,12710,2018,"180193361",2018/02/24,"05:30:00",COLISIÓN CONTRA OBJETO FIJO,CONCRETO,Bueno,Bueno,1,SUZUKI,PLATA,1,,33,MASCULINO,SIN DATOS,0,0,Morelia,Balcones de Santa Maria,febrero,sábado,6,-101.185133457184,19.6772321304919
12711,12711,2018,"180193428",2018/02/24,"07:35:00",COLISIÓN POR CORTE DE CIRCULACIÓN,ASFALTO,Bueno,Bueno,2,GENERAL MOTORS,BLANCO,2,,32,MASCULINO,SIN DATOS,0,0,Morelia,Gertrudis Bocanegra,febrero,sábado,8,-101.208897829056,19.7022839233155
12712,12712,2018,"180193480",2018/02/24,"08:03:00",COLISIÓN CONTRA OBJETO FIJO,ASFALTO,Bueno,Bueno,1,HONDA,GRIS,1,,,FEMENINO,ALIENTO ETÍLICO,0,0,Morelia,Tzindurio Norte,febrero,sábado,8,-101.244120597839,19.7002536619049
12713,12713,2018,,2018/02/24,"08:20:00",COLISIÓN POR CORTE DE CIRCULACIÓN,CONCRETO,Bueno,Bueno,2,FORD,ROJO,2,,27,MASCULINO,SIN DATOS,0,0,Morelia,Cuauhtemoc,febrero,sábado,8,-101.181517839432,19.6967688248058
12715,12715,2018,,2018/02/24,"09:00:00",COLISIÓN POR ALCANCE,ASFALTO,Bueno,Bueno,1,SIN DATOSS,SIN DATOS,1,,0,,SIN DATOS,0,0,Quiroga,Centro,febrero,sábado,9,-101.523874998093,19.6652402285929
12716,12716,2018,"180193842",2018/02/24,"09:44:00",COLISIÓN POR CORTE DE CIRCULACIÓN,ASFALTO,Bueno,Bueno,2,NISSAN,GRIS,2,,,MASCULINO,SIN DATOS,0,0,Morelia,Sin datos,febrero,sábado,10,-101.315102577209,19.6870815891931
12717,12717,2018,,2018/02/24,10:15:00,COLISIÓN POR CORTE DE CIRCULACIÓN,ASFALTO,Bueno,Bueno,1,FORD,ROJO,1,,64,MASCULINO,SIN DATOS,0,0,Morelia,Los Girasoles,febrero,sábado,10,-101.21296942234,19.6908141232161
12718,12718,2018,,2018/02/24,11:00:00,COLISIÓN POR CORTE DE CIRCULACIÓN,ASFALTO,Bueno,Bueno,2,INTERNACIONAL,BCO VERDE,2,,35,MASCULINO,SIN DATOS,0,0,Apatzingán,22 de Octubre,febrero,sábado,11,-102.341610789299,19.0866662664939
12719,12719,2018,"180194729",2018/02/24,12:55:00,COLISIÓN POR CORTE DE CIRCULACIÓN,ASFALTO,Bueno,Bueno,2,DATSUN,CAFE,2,,36,MASCULINO,SIN DATOS,0,0,Morelia,Ferrocarrilero,febrero,sábado,13,-101.212760210037,19.7019708001015
12720,12720,2018,"180195007",2018/02/24,14:20:00,COLISIÓN POR CORTE DE CIRCULACIÓN,ADOQUIN_EMPEDRADO,Bueno,Bueno,2,SIN DATOS,SIN DATOS,1,,71,MASCULINO,SIN DATOS,0,0,Morelia,Mirador del Punhuato,febrero,sábado,14,-101.157485246658,19.7036172153023
12721,12721,2018,"180195549",2018/02/24,15:05:00,COLISIÓN POR MANIOBRA DE REVERSA,ASFALTO,Bueno,Bueno,2,PEUGEOT,BLANCO,2,,,MASCULINO,SIN DATOS,0,0,Morelia,Central de Abastos,febrero,sábado,15,-101.170609295368,19.7177625568196
12722,12722,2018,"180195521",2018/02/24,15:45:00,CAIDA DE MOTOCICLETA,ASFALTO,Bueno,Bueno,1,ITALIKA,BLANCO,1,,68,MASCULINO,SIN DATOS,0,0,Morelia,Barrio Alto,febrero,sábado,16,-101.196355819702,19.7245545020827
12723,12723,2018,"180195847",2018/02/24,16:30:00,COLISIÓN POR ALCANCE,CONCRETO,Bueno,Bueno,2,NISSAN,BLANCO,2,,25,MASCULINO,SIN DATOS,0,0,Morelia,Primo Tapia,febrero,sábado,17,-101.212357878685,19.7098542480429
12724,12724,2018,"180195752",2018/02/24,16:40:00,COLISIÓN POR CORTE DE CIRCULACIÓN,ASFALTO,Bueno,Bueno,2,SIN DATOS,SIN DATOS,2,,,,SIN DATOS,0,0,Morelia,Centro,febrero,sábado,17,-101.177859306335,19.7026879523636
12725,12725,2018,,2018/02/24,17:20:00,VOLCADURA,ASFALTO,Bueno,Regular,1,FORD,BLANCO,0,,,,,0,0,Quiroga,El Samano,febrero,sábado,17,-101.529378890991,19.654591233557
12726,12726,2018,,2018/02/24,18:05:00,COLISIÓN CONTRA OBJETO FIJO,CONCRETO,Lluvioso,Regular,3,SIN DATOS,SIN DATOS,0,,,,,0,0,Morelia,Centro,febrero,sábado,18,-101.183331012726,19.701965749722
12727,12727,2018,,2018/02/24,20:00:00,VOLCADURA,ASFALTO,Lluvioso,Bueno,1,NISSAN,CAFE,1,,0,MASCULINO,SIN DATOS,0,0,Cuitzeo,Sin datos,febrero,sábado,20,-101.160821914673,19.9701220286587
12728,12728,2018,"180196702",2018/02/24,20:20:00,COLISIÓN POR CORTE DE CIRCULACIÓN,ASFALTO,Bueno,Bueno,1,VOLKSWAGEN,GRIS,1,,32,MASCULINO,SIN DATOS,0,0,Morelia,Sin datos,febrero,sábado,20,-101.327826976776,19.6854046984934
12729,12729,2018,"180196724",2018/02/24,21:50:00,COLISIÓN POR CORTE DE CIRCULACIÓN,ASFALTO,Nublado,Bueno,2,CHEVROLET,AZUL,2,MINISTERIO PÚBLICO,32,MASCULINO,SIN DATOS,0,0,Tarímbaro,Sin datos,febrero,sábado,22,-101.135931015015,19.7759922136308
12730,12730,2018,"180198801",2018/02/24,22:21:00,SALIDA DE SUPERFICIE DE RODAMIENTO,ASFALTO,Bueno,Bueno,1,VOLKSWAGEN,BLANCO,1,,,,SIN DATOS,0,0,Morelia,Vista Bella,febrero,sábado,22,-101.193359792233,19.6783585351557
12731,12731,2018,"180197316",2018/02/24,23:50:00,COLISIÓN POR CAMBIO DE CARRIL,CONCRETO,Bueno,Bueno,2,AUDI,ROJO,2,,,,SIN DATOS,0,0,Morelia,Sin datos,febrero,sábado,0,-101.127144098282,19.7095158889429
12732,12732,2018,"180197577",2018/02/25,"00:00:00",VOLCADURA,ASFALTO,Nublado,Bueno,1,GMC,GRIS,1,,,,SIN DATOS,0,0,Morelia,Torreon Nuevo,febrero,domingo,0,-101.212813854218,19.7496392736341
12734,12734,2018,,2018/02/25,"01:30:00",COLISIÓN POR NO RESPETAR SEMÁFORO,ASFALTO,Bueno,Bueno,2,NISSAN,BLANCO,2,MINISTERIO PÚBLICO,37,MASCULINO,SIN DATOS,0,0,Coahuayana,Sin datos,febrero,domingo,2,-103.59176158905,18.8559145539392
12735,12735,2018,"180197692",2018/02/25,"04:22:00",COLISIÓN POR CORTE DE CIRCULACIÓN,ASFALTO,Bueno,Bueno,2,DODGE,AZUL,2,,25,MASCULINO,SIN DATOS,0,0,Morelia,Chapultepec Sur,febrero,domingo,4,-101.171974539757,19.6918899253934
12736,12736,2018,"180197800",2018/02/25,"06:10:00",SUBIDA AL CAMELLÓN,ASFALTO,Bueno,Bueno,1,VOLKSWAGEN,ROJO,1,,,,SIN DATOS,0,0,Morelia,Felix Ireta,febrero,domingo,6,-101.18078827858,19.6862431460382
12737,12737,2018,"197801",2018/02/25,"07:00:00",SUBIDA AL CAMELLÓN,CONCRETO,Bueno,Bueno,1,SUZUKI,NEGRO,1,,32,MASCULINO,SIN DATOS,0,0,Morelia,Camelinas,febrero,domingo,7,-101.174168586731,19.6819700482744
12738,12738,2018,"180198793",2018/02/25,12:25:00,COLISIÓN POR CAMBIO DE CARRIL,ASFALTO,Bueno,Bueno,2,NISSAN,GRTIS Y AZUL,2,,7,MASCULINO,SIN DATOS,0,0,Morelia,Felix Ireta,febrero,domingo,12,-101.180659532547,19.6862128407817
12739,12739,2018,"180199290",2018/02/25,14:38:00,COLISIÓN POR CORTE DE CIRCULACIÓN,ASFALTO,Bueno,Regular,2,HONDA,GRIS,2,,25,MASCULINO,SIN DATOS,0,0,Morelia,Felix Arreguin,febrero,domingo,15,-101.228048801422,19.7193633609915
12740,12740,2018,"180199626",2018/02/25,16:20:00,COLISIÓN POR CORTE DE CIRCULACIÓN,ASFALTO,Bueno,Bueno,2,JEEP,BLANCO,2,,0,MASCULINO,SIN DATOS,0,0,Morelia,Chapultepec Oriente,febrero,domingo,16,-101.16352558136,19.6905969416179
12741,12741,2018,"180200062",2018/02/25,17:35:00,COLISIÓN POR CORTE DE CIRCULACIÓN,ASFALTO,Bueno,Bueno,2,HONDA,BLANCO,2,,88,MASCULINO,SIN DATOS,0,0,Morelia,Lomas de Las Americas Norte,febrero,domingo,18,-101.148998737335,19.6949405176033
12742,12742,2018,"180199976",2018/02/25,17:45:00,COLISIÓN POR CORTE DE CIRCULACIÓN,ASFALTO,Bueno,Bueno,3,SIN DATOS,GRIS,3,,0,,SIN DATOS,0,0,Morelia,Residencial Alborada,febrero,domingo,18,-101.234625577927,19.702496038693
12744,12744,2018,,2018/02/25,18:05:00,COLISIÓN POR CORTE DE CIRCULACIÓN,ASFALTO,Bueno,Bueno,2,ITALIKA,NEGRO/VERDE,4,,50,MASCULINO,CON CERTIFICADO,2,0,Apatzingán,Lazaro Cardenas,febrero,domingo,18,-102.349469661713,19.0993040708823
12745,12745,2018,,2018/02/25,19:10:00,COLISIÓN POR CAMBIO DE CARRIL,ASFALTO,Bueno,Bueno,2,JEEP,GRIS,1,MINISTERIO PÚBLICO,,,,1,0,Morelia,San Juanito Itzicuaro,febrero,domingo,19,-101.25430226326,19.6772220281721
12746,12746,2018,"180200433",2018/02/25,20:10:00,COLISIÓN POR INVASIÓN DE CARRIL,ASFALTO,Bueno,Bueno,2,FORD,BLANCO,2,,54,MASCULINO,SIN DATOS,0,0,Morelia,Tenencia Morelos,febrero,domingo,20,-101.2477684021,19.6497009458358
12747,12747,2018,"180200551",2018/02/25,20:25:00,SALIDA DE SUPERFICIE DE RODAMIENTO,ASFALTO,Bueno,Bueno,1,CHEVROLET,GRIS,0,,,,,0,0,Morelia,Felix Ireta,febrero,domingo,20,-101.195712089539,19.6816063751156
12748,12748,2018,"180200745",2018/02/25,20:50:00,SUBIDA AL CAMELLÓN,ASFALTO,Nublado,Regular,1,VOLKSWAGEN,ROJO,1,,18,MASCULINO,SIN DATOS,0,0,Morelia,Reforma,febrero,domingo,21,-101.241363286972,19.7058292434073
12749,12749,2018,,2018/02/25,23:15:00,VOLCADURA,ASFALTO,Bueno,Bueno,1,VOLKWAGEN,VERDE,2,,31,MASCULINO,SIN DATOS,1,0,Acuitzio,Sin datos,febrero,domingo,23,-101.343469619751,19.5155440106666
12750,12750,2018,,2018/02/26,"04:40:00",COLISIÓN POR CORTE DE CIRCULACIÓN,CONCRETO,Bueno,Bueno,2,ITALIKA,ROJO,2,,35,MASCULINO,SIN DATOS,0,0,Morelia,Industrial,febrero,lunes,5,-101.199316978455,19.709667393106
12751,12751,2018,"180205079",2018/02/26,"07:45:00",COLISIÓN CONTRA OBJETO FIJO,ASFALTO,Bueno,Bueno,1,NISSAN,ROJO,1,,,,SIN DATOS,0,0,Morelia,Ana Maria Gallaga (Riviera Norte),febrero,lunes,8,-101.22184753418,19.6769391629588
12752,12752,2018,"180201624",2018/02/26,"08:10:00",SUBIDA AL CAMELLÓN,ASFALTO,Bueno,Bueno,1,VOLKSWAGEN,GRIS,1,,46,FEMENINO,SIN DATOS,0,0,Morelia,Felix Arreguin,febrero,lunes,8,-101.225838661194,19.7226709655152
12753,12753,2018,"180201743",2018/02/26,"08:50:00",COLISIÓN POR CORTE DE CIRCULACIÓN,CONCRETO,Bueno,Bueno,2,MERCEDES BENZ,PLATA,2,,30,FEMENINO,SIN DATOS,0,0,Morelia,Nueva Chapultepec,febrero,lunes,9,-101.174930334091,19.6907383622269
12754,12754,2018,"180201664",2018/02/26,"09:00:00",COLISIÓN POR CORTE DE CIRCULACIÓN,ASFALTO,Bueno,Bueno,2,PEUGEOT,GRIS,2,,47,MASCULINO,SIN DATOS,0,0,Morelia,Ocolusen Iii,febrero,lunes,9,-101.152861118317,19.6857784648087
12755,12755,2018,,2018/02/26,"09:21:00",COLISIÓN POR MANIOBRA DE REVERSA,ASFALTO,Bueno,Bueno,2,VOLKSWAGEN,NEGRO,2,,0,MASCULINO,SIN DATOS,0,0,Morelia,Ventura Puente,febrero,lunes,9,-101.18389159441,19.6928874350375
12756,12756,2018,"180201895",2018/02/26,10:50:00,COLISIÓN POR ALCANCE,ASFALTO,Bueno,Bueno,2,CHEVROLET,BLANCO Y AZUL,2,,27,MASCULINO,SIN DATOS,0,0,Morelia,Articulo Constitucional,febrero,lunes,11,-101.170156002045,19.713439800488
12757,12757,2018,"180202146",2018/02/26,11:10:00,SUBIDA AL CAMELLÓN,CONCRETO,Bueno,Bueno,1,NISSAN,BLANCO,1,,32,MASCULINO,SIN DATOS,0,0,Morelia,Terrazas,febrero,lunes,11,-101.181700229645,19.7198481439505
12758,12758,2018,"180202643",2018/02/26,12:50:00,COLISIÓN POR CORTE DE CIRCULACIÓN,CONCRETO,Bueno,Bueno,2,BMW,GRIS,1,,,MASCULINO,SIN DATOS,0,0,Morelia,La Quemada,febrero,lunes,13,-101.23774766922,19.7016475754959
12759,12759,2018,"180202906",2018/02/26,13:39:00,COLISIÓN POR CORTE DE CIRCULACIÓN,ASFALTO,Bueno,Bueno,2,NISSAN,BLANCO,2,,62,MASCULINO,SIN DATOS,0,0,Morelia,Ferrocarrilero,febrero,lunes,14,-101.217513084412,19.6976779200605
12760,12760,2018,LEG13283,2018/02/26,13:40:00,COLISIÓN POR CORTE DE CIRCULACIÓN,CONCRETO,Bueno,Bueno,2,NISSAN,BLANCO Y GRIS,2,,62,MASCULINO,SIN DATOS,0,0,Morelia,Comision Federal de Electricidad,febrero,lunes,14,-101.181356906891,19.681586171027
12761,12761,2018,,2018/02/26,14:00:00,COLISIÓN CONTRA OBJETO FIJO,CONCRETO,Bueno,Bueno,1,FORD,BLANCO,1,,22,MASCULINO,SIN DATOS,0,0,Morelia,Colinas del Sur,febrero,lunes,14,-101.199858784676,19.6699229356439
12762,12762,2018,"180202813",2018/02/26,14:00:00,COLISIÓN POR CORTE DE CIRCULACIÓN,ASFALTO,Bueno,Bueno,2,TOYOTA,AZUL,2,,76,FEMENINO,SIN DATOS,0,0,Morelia,Camelinas,febrero,lunes,14,-101.16828918457,19.682682239152
12763,12763,2018,,2018/02/26,15:38:00,COLISIÓN POR ALCANCE,ASFALTO,Bueno,Bueno,2,VOLVO,BLANCO Y ROJO,2,,0,MASCULINO,SIN DATOS,0,0,Morelia,El Realito,febrero,lunes,16,-101.203694343567,19.7256957225538
12764,12764,2018,"180203849",2018/02/26,16:58:00,COLISIÓN POR ALCANCE,ASFALTO,Bueno,Bueno,2,FORD,GRIS,1,,,MASCULINO,SIN DATOS,0,0,Morelia,San Jose del Cerrito,febrero,lunes,17,-101.226010322571,19.6631993943762
12765,12765,2018,"180203960",2018/02/26,17:00:00,COLISIÓN POR CORTE DE CIRCULACIÓN,CONCRETO,Bueno,Bueno,2,CHEVROLET,SILVER,2,,31,MASCULINO,SIN DATOS,0,0,Morelia,El Lago 2,febrero,lunes,17,-101.213564872742,19.7250493685975
12766,12766,2018,"180204367",2018/02/26,19:05:00,COLISIÓN POR ALCANCE,ASFALTO,Bueno,Bueno,2,VOLKSWAGEN,SIN DATOS,2,,34,FEMENINO,SIN DATOS,0,0,Morelia,Matamoros,febrero,lunes,19,-101.164072751999,19.6961021516705
12767,12767,2018,"180204216",2018/02/26,19:10:00,COLISIÓN POR CORTE DE CIRCULACIÓN,ASFALTO,Bueno,Bueno,2,HYUNDAY,ROJO,2,,47,MASCULINO,SIN DATOS,0,0,Morelia,Industrial,febrero,lunes,19,-101.194059848785,19.7072938113956
12768,12768,2018,,2018/02/26,19:10:00,COLISIÓN POR ALCANCE,ASFALTO,Bueno,Bueno,3,DODGE,GRIS,0,,,,,0,0,Uruapan,Sin datos,febrero,lunes,19,-102.061486244202,19.3620044201766
12769,12769,2018,"180204295",2018/02/26,19:40:00,COLISIÓN CON PEATÓN,ASFALTO,Bueno,Bueno,1,SUZUKI,NEGRO,1,MINISTERIO PÚBLICO,,,,0,1,Morelia,Bosques de Oriente,febrero,lunes,20,-101.150162816048,19.7196108024771
12770,12770,2018,"180204575",2018/02/26,21:00:00,COLISIÓN POR ALCANCE,ASFALTO,Bueno,Bueno,1,NISSAN,ROJO,0,,,,,0,0,Morelia,Sin datos,febrero,lunes,21,-101.262016296387,19.64056662088
12771,12771,2018,"180120167",2018/02/26,21:06:00,COLISIÓN POR CORTE DE CIRCULACIÓN,ASFALTO,Bueno,Bueno,2,NISSAN,GRIS,2,,22,FEMENINO,SIN DATOS,0,0,Morelia,Ampliacion La Soledad,febrero,lunes,21,-101.189317703247,19.7327751470703
12772,12772,2018,"180204667",2018/02/26,21:09:00,COLISIÓN POR CORTE DE CIRCULACIÓN,ASFALTO,Bueno,Bueno,2,SIN DATOS,SIN DATOS,1,,,,,1,0,Morelia,La Soledad,febrero,lunes,21,-101.184725761414,19.7253826451827
12773,12773,2018,,2018/02/26,21:24:00,COLISIÓN POR CORTE DE CIRCULACIÓN,CONCRETO,Bueno,Bueno,2,CHRYSLER,BLANCO,2,,0,MASCULINO,SIN DATOS,0,0,Morelia,Jardin de La Montaña,febrero,lunes,21,-101.315413713455,19.6906423982558
12774,12774,2018,"180204904",2018/02/26,21:35:00,COLISIÓN POR CAMBIO DE CARRIL,ASFALTO,Bueno,Bueno,2,FORD,NARANJA,2,,40,MASCULINO,SIN DATOS,0,0,Morelia,La Soledad,febrero,lunes,22,-101.183760166168,19.7266349509867
12775,12775,2018,"180205039",2018/02/27,"00:00:00",COLISIÓN POR CORTE DE CIRCULACIÓN,CONCRETO,Bueno,Bueno,2,SIN DATOS,SIN DATOS,2,,0,,SIN DATOS,0,0,Morelia,Puebla,febrero,martes,0,-101.200540065765,19.7466402148946
12776,12776,2018,,2018/02/27,"01:20:00",COLISIÓN POR CORTE DE CIRCULACIÓN,ASFALTO,Bueno,Bueno,2,VOLKSWAGEN,BLANCO,2,,0,,SIN DATOS,0,0,Morelia,Jesus Romero Flores,febrero,martes,1,-101.181560754776,19.7321490194598
12777,12777,2018,"180209117",2018/02/27,"02:05:00",COLISIÓN CONTRA OBJETO FIJO,ASFALTO,Bueno,Bueno,1,CHEVROLET,ROJO,1,,0,,SIN DATOS,0,0,Morelia,Union Popular Solidaria,febrero,martes,2,-101.220244914293,19.7056436463342
12778,12778,2018,"180205336",2018/02/27,"07:30:00",COLISIÓN CONTRA OBJETO FIJO,ASFALTO,Bueno,Bueno,1,HONDA,BLANCO,1,,25,FEMENINO,SIN DATOS,0,0,Morelia,Del Empleado,febrero,martes,8,-101.18002517,19.6886070099992
12779,12779,2018,"180205401",2018/02/27,"08:10:00",COLISIÓN POR ALCANCE,ASFALTO,Bueno,Bueno,3,NISSAN,BLANCO,3,,51,MASCULINO,SIN DATOS,0,0,Morelia,Arcos del Valle,febrero,martes,8,-101.236191987991,19.7076473257976
12780,12780,2018,"180205523",2018/02/27,"08:15:00",COLISIÓN POR CORTE DE CIRCULACIÓN,CONCRETO,Bueno,Bueno,2,HONDA,AZUL,2,,33,MASCULINO,SIN DATOS,0,0,Morelia,Villas del Real,febrero,martes,8,-101.199027299881,19.7358148607491
12781,12781,2018,"180132273",2018/02/27,"08:30:00",COLISIÓN POR ALCANCE,CONCRETO,Bueno,Bueno,2,ITALIKA,NEGRO,2,,23,MASCULINO,SIN DATOS,0,0,Morelia,Loma de Los Piñones,febrero,martes,9,-101.205110549927,19.674292328551
12783,12783,2018,"180206214",2018/02/27,12:30:00,COLISIÓN POR MANIOBRA DE REVERSA,ASFALTO,Bueno,Bueno,2,JEEP,NEGRO Y GRIS,2,,32,MASCULINO,SIN DATOS,0,0,Morelia,Jesus del Monte,febrero,martes,13,-101.154406070709,19.6474477259239
12784,12784,2018,,2018/02/27,14:40:00,COLISIÓN POR CORTE DE CIRCULACIÓN,ASFALTO,Bueno,Bueno,1,SIN DATOS,SIN DATOS,1,,,,,1,0,Morelia,El Realito,febrero,martes,15,-101.20433807373,19.7258876083813
12785,12785,2018,"180267103",2018/02/27,15:05:00,COLISIÓN POR ALCANCE,ASFALTO,Bueno,Regular,2,CHEVROLET,BLANCO,2,,28,MASCULINO,SIN DATOS,0,0,Morelia,Campestre Los Manantiales,febrero,martes,15,-101.238123178482,19.6876775882844
12787,12787,2018,"180207363",2018/02/27,16:40:00,COLISIÓN CONTRA OBJETO FIJO,ASFALTO,Bueno,Bueno,1,KENWORTH,BLANCO,1,,22,MASCULINO,SIN DATOS,0,0,Morelia,Independencia,febrero,martes,17,-101.176249980927,19.7057080371799
12788,12788,2018,,2018/02/27,16:56:00,COLISIÓN CON PEATÓN,ADOQUIN_EMPEDRADO,Nublado,Regular,1,TOYOTA,BLANCO Y NARANJA,3,,23,MASCULINO,SIN DATOS,2,0,Morelia,Centro,febrero,martes,17,-101.191565394402,19.7029530958719
12789,12789,2018,"180208124",2018/02/27,19:20:00,COLISIÓN CONTRA OBJETO FIJO,CONCRETO,Bueno,Bueno,1,VOLKSWAGEN,GRIS,1,,,MASCULINO,SIN DATOS,0,0,Morelia,Chapultepec Norte,febrero,martes,19,-101.179168224335,19.6936475584669
12790,12790,2018,"180208125",2018/02/27,19:40:00,COLISIÓN POR CORTE DE CIRCULACIÓN,CONCRETO,Bueno,Bueno,2,MAZDA,BLANCO,2,MINISTERIO PÚBLICO,,,,2,0,Morelia,Cinco de Diciembre,febrero,martes,20,-101.164485141635,19.6852178150087