fid,id_accidente,anio_origen,folio_c5i,dia_incidente,hora_ocurrencia,tipo_incidente_vial,superficie_ocurrencia,condiciones_climaticas,condiciones_via,numero_vehiculos_involucrados,marca_vehiculo_ocasiona_siniestro,color_vehiculo_ocasiona_siniestro,numero_personas_involucradas,lugar_remite_presunto_responsable,edad_presunto_responsable,sexo_presunto_responsable,resultados_toxicologia,numero_personas_lesionadas,numero_personas_fallecidas,municipio,colonia,mes,dia_semana,hora_redondeada,lon,lat
12791,12791,2018,"180208719",2018/02/27,21:35:00,COLISIÓN POR ALCANCE,ASFALTO,Bueno,Bueno,2,VOLKSWAGEN,BLANCO,2,,30,MASCULINO,SIN DATOS,0,0,Morelia,Felix Ireta,febrero,martes,22,-101.181464195251,19.6815457628422
12792,12792,2018,,2018/02/27,21:50:00,COLISIÓN POR CORTE DE CIRCULACIÓN,ASFALTO,Bueno,Bueno,1,SIN DATOS,SIN DATOS,1,,,,,1,0,Morelia,Santiaguito,febrero,martes,22,-101.18985414505,19.7155304939616
12793,12793,2018,"180208650",2018/02/27,21:50:00,COLISIÓN POR CORTE DE CIRCULACIÓN,ASFALTO,Bueno,Regular,2,DODGE,BLANCO Y AZUL,2,,28,MASCULINO,SIN DATOS,0,0,Morelia,Los Manantiales de Morelia,febrero,martes,22,-101.241427659988,19.695657701371
12794,12794,2018,LEG13315,2018/02/28,"02:05:00",COLISIÓN CONTRA OBJETO FIJO,ASFALTO,Bueno,Bueno,1,CHEVROLET,ROJO,1,,0,,SIN DATOS,0,0,Morelia,Union Popular Solidaria,febrero,miércoles,2,-101.220250278711,19.705657534558
12795,12795,2018,"180209082",2018/02/28,"02:05:00",SALIDA DE SUPERFICIE DE RODAMIENTO,CONCRETO,Bueno,Bueno,1,FORD,GRIS,1,,0,,SIN DATOS,0,0,Morelia,Ampliacion La Soledad,febrero,miércoles,2,-101.183084249496,19.737430631846
12796,12796,2018,"180209187",2018/02/28,"05:40:00",COLISIÓN CONTRA OBJETO FIJO,ASFALTO,Bueno,Bueno,1,VOLKSWAGEN,ROJO,1,,0,,SIN DATOS,0,0,Morelia,Felix Ireta,febrero,miércoles,6,-101.190851926804,19.6851319495507
12797,12797,2018,"180209298",2018/02/28,"06:45:00",COLISIÓN POR NO RESPETAR SEMÁFORO,ASFALTO,Bueno,Bueno,2,VOLKSWAGEN,VERDE,2,,28,MASCULINO,SIN DATOS,0,0,Morelia,Felicitas del Rio,febrero,miércoles,7,-101.195449233055,19.6920515476311
12798,12798,2018,"180209427",2018/02/28,"08:20:00",COLISIÓN POR NO RESPETAR SEMÁFORO,ASFALTO,Bueno,Bueno,2,ITALIKA,ROJO,2,,52,MASCULINO,SIN DATOS,0,0,Morelia,Lomas del Tecnologico,febrero,miércoles,8,-101.188362836838,19.7212721853897
12799,12799,2018,"180209499",2018/02/28,"08:40:00",COLISIÓN POR CORTE DE CIRCULACIÓN,CONCRETO,Bueno,Bueno,2,CHRYSLER,ROJO,2,,41,MASCULINO,SIN DATOS,0,0,Morelia,Adolfo Lopez Mateos,febrero,miércoles,9,-101.226879358292,19.6986779188763
12800,12800,2018,"180209521",2018/02/28,"09:00:00",COLISIÓN POR CORTE DE CIRCULACIÓN,ASFALTO,Bueno,Bueno,2,HONDA,AMARILLO,2,,28,MASCULINO,SIN DATOS,0,0,Morelia,Ejidal Tres Puentes,febrero,miércoles,9,-101.224948167801,19.6927687443423
12801,12801,2018,,2018/02/28,"09:20:00",COLISIÓN POR CORTE DE CIRCULACIÓN,ASFALTO,Bueno,Bueno,3,VOLKSWAGEN,GRIS,3,,38,MASCULINO,SIN DATOS,0,0,Morelia,Morelos,febrero,miércoles,9,-101.206119060516,19.6992233701421
12802,12802,2018,"180209859",2018/02/28,10:50:00,COLISIÓN POR CORTE DE CIRCULACIÓN,ASFALTO,Bueno,Bueno,2,DODGE,GRIS,2,,34,MASCULINO,SIN DATOS,0,0,Morelia,Ventura Puente,febrero,miércoles,11,-101.180573701859,19.689505978435
12803,12803,2018,"180211244",2018/02/28,14:20:00,COLISIÓN POR CAMBIO DE CARRIL,CONCRETO,Bueno,Bueno,2,CHEVROLET,ROJO,2,,30,MASCULINO,SIN DATOS,0,0,Morelia,Centro,febrero,miércoles,14,-101.204187870026,19.7025566430349
12804,12804,2018,"180210921",2018/02/28,14:30:00,CAIDA DE MOTOCICLETA,ASFALTO,Bueno,Bueno,1,HONDA,BLANCO,1,,26,MASCULINO,SIN DATOS,0,0,Morelia,Gertrudis Bocanegra,febrero,miércoles,15,-101.212717294693,19.7019708001015
12805,12805,2018,"1802011310",2018/02/28,15:47:00,COLISIÓN POR CAMBIO DE CARRIL,ASFALTO,Bueno,Bueno,2,NISSAN,BLANCO Y AZUL,2,,0,MASCULINO,SIN DATOS,0,0,Morelia,Alberto Oviedo Mota,febrero,miércoles,16,-101.202085018158,19.6779089844682
12806,12806,2018,LEG13339,2018/02/28,16:05:00,COLISIÓN POR CORTE DE CIRCULACIÓN,ASFALTO,Bueno,Bueno,2,PEUGEOT,AZUL,2,,33,MASCULINO,SIN DATOS,0,0,Morelia,Pascual Ortiz de Ayala,febrero,miércoles,16,-101.151702404022,19.6949506188054
12807,12807,2018,"180211371",2018/02/28,16:20:00,COLISIÓN POR CAMBIO DE CARRIL,ASFALTO,Bueno,Bueno,2,GMC,ARENA,2,,44,MASCULINO,SIN DATOS,0,0,Morelia,Isaac Arriaga,febrero,miércoles,16,-101.166830062866,19.7099704010017
12809,12809,2018,"180211667",2018/02/28,17:35:00,COLISIÓN POR CORTE DE CIRCULACIÓN,ASFALTO,Bueno,Bueno,2,MERCEDES BENZ,BLANCO Y VERDE,2,,29,MASCULINO,SIN DATOS,0,0,Morelia,Asociacion Zirahuen,febrero,miércoles,18,-101.250171661377,19.6987587265885
12810,12810,2018,"180212044",2018/02/28,18:40:00,COLISIÓN POR CORTE DE CIRCULACIÓN,ASFALTO,Bueno,Bueno,2,ITALIKA,ROJO,2,,36,MASCULINO,SIN DATOS,0,0,Morelia,Solidaridad,febrero,miércoles,19,-101.207626461983,19.7261956351489
12811,12811,2018,"180212005",2018/02/28,18:47:00,COLISIÓN POR CORTE DE CIRCULACIÓN,ASFALTO,Bueno,Bueno,3,VOLKSWAGEN,GRIS,3,,,,SIN DATOS,0,0,Morelia,Lomas del Valle,febrero,miércoles,19,-101.230661273003,19.6878341639489
12812,12812,2018,"180212072",2018/02/28,19:25:00,COLISIÓN POR CAMBIO DE CARRIL,ASFALTO,Bueno,Bueno,2,GENERAL MOTORS,AMARILLO,2,,26,MASCULINO,SIN DATOS,0,0,Morelia,Isaac Arriaga,febrero,miércoles,19,-101.168096065521,19.7093643846362
12813,12813,2018,"180212168",2018/02/28,20:00:00,SUBIDA AL CAMELLÓN,ASFALTO,Bueno,Bueno,1,NISSAN,GRIS,1,,64,FEMENINO,SIN DATOS,0,0,Morelia,Villas de La Esperanza,febrero,miércoles,20,-101.275993287563,19.692677832261
12814,12814,2018,"180212873",2018/02/28,23:40:00,SALIDA DE SUPERFICIE DE RODAMIENTO,CONCRETO,Bueno,Bueno,1,GMC,ROJO,1,,17,MASCULINO,SIN DATOS,0,0,Morelia,Las Americas,febrero,miércoles,0,-101.155779361725,19.6891221192509
12817,12817,2018,,2018/03/01,"09:00:00",COLISIÓN POR ALCANCE,ASFALTO,Bueno,Bueno,2,CHEVROLET,ORO,2,,48,MASCULINO,SIN DATOS,0,0,Morelia,Lomas del Valle,marzo,jueves,9,-101.230037015,19.6880963799991
12824,12824,2018,"180214876",2018/03/01,15:05:00,COLISIÓN POR CAMBIO DE CARRIL,ASFALTO,Bueno,Bueno,2,YAMAHA,NEGRO,2,,34,FEMENINO,SIN DATOS,0,0,Morelia,Villa Universidad,marzo,jueves,15,-101.202284729422,19.6850972284446
12825,12825,2018,"180214976",2018/03/01,15:11:00,COLISIÓN POR CORTE DE CIRCULACIÓN,CONCRETO,Bueno,Bueno,1,TOYOTA,GUINDA,1,,51,FEMENINO,SIN DATOS,0,0,Morelia,Hospitales de Don Vasco,marzo,jueves,15,-101.156087801773,19.7022649393479
12826,12826,2018,"180214955",2018/03/01,15:20:00,COLISIÓN POR ALCANCE,ASFALTO,Bueno,Bueno,2,VOLKSWAGEN,ONIX,2,,21,MASCULINO,SIN DATOS,0,0,Morelia,Insurgentes,marzo,jueves,15,-101.155416805,19.6953315299991
12827,12827,2018,"180936701",2018/03/01,16:40:00,COLISIÓN POR CAMBIO DE CARRIL,CONCRETO,Bueno,Bueno,2,CHEVROLET,GRIS,2,,,FEMENINO,SIN DATOS,0,0,Morelia,Chapultepec Sur,marzo,jueves,17,-101.16997927,19.6916553849991
12829,12829,2018,"180215430",2018/03/01,17:20:00,COLISIÓN POR CORTE DE CIRCULACIÓN,ASFALTO,Bueno,Bueno,2,KENWORTH,GUINDA,2,,24,MASCULINO,SIN DATOS,0,0,Morelia,Erendira,marzo,jueves,17,-101.16819794,19.7031882149991
12831,12831,2018,"180216050",2018/03/01,20:30:00,COLISIÓN POR CORTE DE CIRCULACIÓN,CONCRETO,Bueno,Bueno,1,FREIGHTLINER,BLANCO,1,MINISTERIO PÚBLICO,28,MASCULINO,SIN DATOS,0,0,Morelia,Torremolinos,marzo,jueves,21,-101.223247745,19.6809317649991
12835,12835,2018,"180217057",2018/03/02,"08:40:00",COLISIÓN POR ALCANCE,ASFALTO,Bueno,Bueno,3,TOYOTA,ROJO,3,,28,MASCULINO,SIN DATOS,0,0,Tarímbaro,Campestre,marzo,viernes,9,-101.162710189819,19.7978386270622
12836,12836,2018,"180217216",2018/03/02,10:00:00,COLISIÓN POR ALCANCE,ASFALTO,Bueno,Bueno,2,NISSAN,NEGRO,2,MINISTERIO PÚBLICO,28,FEMENINO,SIN DATOS,0,0,Morelia,Ciudad Industrial,marzo,viernes,10,-101.131596565247,19.7358047621284
12837,12837,2018,,2018/03/02,10:05:00,COLISIÓN CONTRA OBJETO FIJO,ASFALTO,Bueno,Bueno,1,FORD,GRIS,0,MINISTERIO PÚBLICO,,,,0,0,Lázaro Cárdenas,Sin datos,marzo,viernes,10,-102.223738431931,17.9815190274761
12838,12838,2018,"180217539",2018/03/02,10:50:00,COLISIÓN CONTRA OBJETO FIJO,CONCRETO,Bueno,Bueno,1,VOLKSWAGEN,ROJO,1,,23,FEMENINO,SIN DATOS,0,0,Morelia,Industrial,marzo,viernes,11,-101.189752221107,19.7107885194526
12839,12839,2018,"180217613",2018/03/02,11:05:00,COLISIÓN CON PEATÓN,ASFALTO,Bueno,Bueno,1,NISSAN,GRIS,2,MINISTERIO PÚBLICO,,,SIN DATOS,1,0,Morelia,Felix Ireta,marzo,viernes,11,-101.19203209877,19.6880311460191
12840,12840,2018,"18021758",2018/03/02,11:45:00,COLISIÓN POR ALCANCE,ASFALTO,Bueno,Bueno,3,VOLKSWAGEN,PLATA,3,,30,FEMENINO,SIN DATOS,0,0,Morelia,Canteras de Morelia,marzo,viernes,12,-101.171679496765,19.7151012475317
12841,12841,2018,,2018/03/02,12:00:00,COLISIÓN POR CORTE DE CIRCULACIÓN,ASFALTO,Bueno,Bueno,2,FORD,ROJO,2,,33,MASCULINO,SIN DATOS,0,0,Hidalgo,Sin Nombre,marzo,viernes,12,-100.54966,19.708807
12842,12842,2018,"180217897",2018/03/02,12:30:00,COLISIÓN POR INVASIÓN DE CARRIL,CONCRETO,Bueno,Regular,2,VOLKSWAGEN,AZUL,2,,42,MASCULINO,SIN DATOS,0,0,Morelia,Obrera,marzo,viernes,13,-101.181560754776,19.7083038504713
12843,12843,2018,"180218419",2018/03/02,12:30:00,COLISIÓN POR MANIOBRA DE REVERSA,CONCRETO,Bueno,Bueno,2,CHEVROLET,BLANCO,2,,66,MASCULINO,SIN DATOS,0,0,Morelia,Nueva Valladolid,marzo,viernes,13,-101.210673451424,19.7020112031313
12844,12844,2018,"180218421",2018/03/02,14:00:00,COLISIÓN POR ALCANCE,ASFALTO,Bueno,Bueno,2,GM,BLANCO/VERDE,2,,43,FEMENINO,SIN DATOS,0,0,Morelia,Felicitas del Rio,marzo,viernes,14,-101.201979070902,19.6908557917448
12845,12845,2018,,2018/03/02,16:15:00,SALIDA DE SUPERFICIE DE RODAMIENTO,TERRACERIA,Bueno,Bueno,2,CHYSLER,GUINDA,2,,38,MASCULINO,SIN DATOS,0,0,Pátzcuaro,Centro,marzo,viernes,16,-101.617784500122,19.516353006566
12846,12846,2018,"180220951",2018/03/02,16:40:00,COLISIÓN POR CAMBIO DE CARRIL,ASFALTO,Bueno,Bueno,2,CHEVROLET,GRIS,2,,52,MASCULINO,SIN DATOS,0,0,Morelia,La Soledad,marzo,viernes,17,-101.183314919472,19.7291294341073
12847,12847,2018,"180219263",2018/03/02,17:20:00,COLISIÓN POR ALCANCE,ASFALTO,Bueno,Bueno,2,GM/ASTRA,PLATA,2,,29,FEMENINO,SIN DATOS,0,0,Morelia,Lomas de Hidalgo,marzo,viernes,17,-101.163150072098,19.6959203312426
12848,12848,2018,"180218993",2018/03/02,19:49:00,COLISIÓN POR CAMBIO DE CARRIL,ASFALTO,Bueno,Bueno,2,SIN DATOS,SIN DATOS,1,,21,MASCULINO,SIN DATOS,0,0,Morelia,Centro,marzo,viernes,20,-101.200202107429,19.700218308866
12849,12849,2018,"1802199924",2018/03/02,19:50:00,COLISIÓN POR CORTE DE CIRCULACIÓN,ASFALTO,Bueno,Bueno,2,NISSAN,BLANCO,2,,,,SIN DATOS,0,0,Morelia,Chapultepec Sur,marzo,viernes,20,-101.173476576805,19.6922030683307
12850,12850,2018,"180220101",2018/03/02,20:40:00,COLISIÓN POR CAMBIO DE CARRIL,ASFALTO,Bueno,Bueno,2,FORD,BLANCO,2,,33,MASCULINO,SIN DATOS,0,0,Morelia,Nueva Valladolid,marzo,viernes,21,-101.210571527481,19.6956476002135
12851,12851,2018,,2018/03/02,21:20:00,COLISIÓN POR CORTE DE CIRCULACIÓN,ASFALTO,Bueno,Bueno,1,NISSAN,ROJO,0,,,,,0,0,Morelia,Martires de Uruapan,marzo,viernes,21,-101.197321414948,19.7246756940239
12852,12852,2018,"180220553",2018/03/02,22:30:00,COLISIÓN POR CAMBIO DE CARRIL,ASFALTO,Bueno,Bueno,2,NISSAN,NEGRO,2,,17,MASCULINO,SIN DATOS,0,0,Morelia,Ana Maria Gallaga (Riviera Norte),marzo,viernes,23,-101.222813129425,19.6769593676334
12853,12853,2018,,2018/03/03,"00:00:00",COLISIÓN POR ALCANCE,ASFALTO,Bueno,Bueno,2,VOLKSWAGEN,BEIGE,2,MINISTERIO PÚBLICO,,,SIN DATOS,0,0,Hidalgo,Sin datos,marzo,sábado,0,-100.702571868896,19.6688570887816
12854,12854,2018,"180220786",2018/03/03,"00:05:00",COLISIÓN POR ALCANCE,CONCRETO,Bueno,Bueno,2,NISSAN,AZUL,2,,24,MASCULINO,SIN DATOS,0,0,Morelia,Cinco de Diciembre,marzo,sábado,0,-101.16600394249,19.6841823755339
12855,12855,2018,"180220871",2018/03/03,"01:40:00",SALIDA DE SUPERFICIE DE RODAMIENTO,ASFALTO,Bueno,Bueno,1,CHEVROLET,CAFE,2,,32,MASCULINO,SIN DATOS,1,0,Morelia,Sin datos,marzo,sábado,2,-101.389861106873,19.5558270841343
12856,12856,2018,"180220891",2018/03/03,"02:50:00",SALIDA DE SUPERFICIE DE RODAMIENTO,TERRACERIA,Bueno,Regular,1,FORD,ROJO,0,,,,,0,0,Tarímbaro,De La Cruz,marzo,sábado,3,-101.174887418747,19.7958903394646
12857,12857,2018,,2018/03/03,"05:30:00",COLISIÓN CONTRA OBJETO FIJO,CONCRETO,Bueno,Bueno,1,HONDA,ROJO,1,,35,FEMENINO,SIN DATOS,0,0,Morelia,Leona Vicario,marzo,sábado,6,-101.211140155792,19.6690894541045
12858,12858,2018,"180221013",2018/03/03,"05:40:00",SUBIDA AL CAMELLÓN,ASFALTO,Bueno,Bueno,1,VOLVO,GRIS,1,,29,MASCULINO,CON CERTIFICADO,0,0,Morelia,Felix Ireta,marzo,sábado,6,-101.187311410904,19.6812427011311
12861,12861,2018,"18022145",2018/03/03,"08:10:00",COLISIÓN POR CORTE DE CIRCULACIÓN,ASFALTO,Bueno,Bueno,1,VOLVO,BLANCO,1,,37,MASCULINO,SIN DATOS,0,0,Morelia,Ampliacion La Soledad,marzo,sábado,8,-101.180713176727,19.7377638826012
12862,12862,2018,"180221329",2018/03/03,"09:25:00",COLISIÓN POR ALCANCE,ASFALTO,Bueno,Bueno,2,NISSAN,AZUL,2,,45,FEMENINO,SIN DATOS,0,0,Morelia,Alberto Oviedo Mota,marzo,sábado,9,-101.20216012001,19.6774947905834
12863,12863,2018,"180221434",2018/03/03,10:29:00,COLISIÓN POR ALCANCE,ASFALTO,Bueno,Regular,2,CHEVROLET,BLANCO,2,,54,MASCULINO,SIN DATOS,0,0,Morelia,Jardines de Torremolinos,marzo,sábado,10,-101.225666999817,19.6769997769751
12864,12864,2018,,2018/03/03,11:20:00,COLISIÓN POR ALCANCE,ASFALTO,Bueno,Bueno,2,GMC,BLANCO,2,,40,FEMENINO,SIN DATOS,0,0,Morelia,Los Alamos,marzo,sábado,11,-101.229722499847,19.7037485237606
12865,12865,2018,"180221660",2018/03/03,11:40:00,COLISIÓN POR ALCANCE,ASFALTO,Bueno,Bueno,2,CHEVROLET,ROJO,2,,28,MASCULINO,SIN DATOS,0,0,Morelia,Lindavista,marzo,sábado,12,-101.216150522232,19.7039404359289
12866,12866,2018,,2018/03/03,11:40:00,COLISIÓN POR CAMBIO DE CARRIL,ASFALTO,Bueno,Bueno,2,FREIKLINER,BLANCO,5,MINISTERIO PÚBLICO,28,MASCULINO,CON CERTIFICADO,3,0,Lázaro Cárdenas,Segundo Sector de Fidelac,marzo,sábado,12,-102.202699184418,17.9616083436187
12867,12867,2018,"180221772",2018/03/03,11:50:00,COLISIÓN POR ALCANCE,ASFALTO,Bueno,Bueno,3,SEAT,BLANCO,3,,42,MASCULINO,SIN DATOS,0,0,Morelia,Vasco de Quiroga,marzo,sábado,12,-101.175971031189,19.6983647886059
12868,12868,2018,"180222011",2018/03/03,12:25:00,COLISIÓN POR CAMBIO DE CARRIL,ASFALTO,Bueno,Bueno,2,INTERNATIONAL,BLANCO/NARANJA,2,,20,MASCULINO,SIN DATOS,0,0,Morelia,Jardines de Sindurio,marzo,sábado,12,-101.256319284439,19.6975971118026
12869,12869,2018,"180221761",2018/03/03,12:40:00,COLISIÓN POR ALCANCE,ASFALTO,Bueno,Bueno,1,NISSAN,BLANCO,1,,55,MASCULINO,SIN DATOS,0,0,Morelia,Lazaro Cardenas,marzo,sábado,13,-101.165494322777,19.7101471553425
12871,12871,2018,"180222184",2018/03/03,13:55:00,COLISIÓN POR INVASIÓN DE CARRIL,ASFALTO,Bueno,Bueno,2,CHEVROLET,PLATA,2,,34,MASCULINO,SIN DATOS,0,0,Morelia,Camelinas,marzo,sábado,14,-101.174125671387,19.6819902523146
12872,12872,2018,"180222254",2018/03/03,14:00:00,COLISIÓN POR CAMBIO DE CARRIL,ASFALTO,Bueno,Bueno,2,HONDA,GRIS,2,,36,MASCULINO,SIN DATOS,0,0,Morelia,Enrique Arreguin Robles,marzo,sábado,14,-101.186378002167,19.7205753156322
12873,12873,2018,,2018/03/03,15:50:00,COLISIÓN POR CORTE DE CIRCULACIÓN,ASFALTO,Bueno,Bueno,2,VOLKSWAGEN,GRIS,2,,,,SIN DATOS,0,0,Morelia,Torreon Nuevo,marzo,sábado,16,-101.201205253601,19.7456910061119
12874,12874,2018,,2018/03/03,16:40:00,CAIDA DE MOTOCICLETA,ASFALTO,Bueno,Bueno,1,KAWASAKI,BLANCO/AZUL,1,,28,MASCULINO,SIN DATOS,0,0,Morelia,Emiliano Zapata,marzo,sábado,17,-101.233295202255,19.6535101290641
12875,12875,2018,"180223135",2018/03/03,16:45:00,COLISIÓN POR CAMBIO DE CARRIL,ASFALTO,Bueno,Bueno,2,NISSAN,BLANCO,2,,53,MASCULINO,SIN DATOS,0,0,Morelia,Bosques de Oriente,marzo,sábado,17,-101.155521869659,19.7156668425864
12876,12876,2018,"180222955",2018/03/03,16:50:00,SALIDA DE SUPERFICIE DE RODAMIENTO,ASFALTO,Bueno,Bueno,1,VOLKSWAGEN,ARENA,1,,,,SIN DATOS,0,0,Charo,Sin datos,marzo,sábado,17,-101.055593490601,19.7474783413611
12877,12877,2018,,2018/03/03,17:50:00,COLISIÓN POR ALCANCE,ASFALTO,Bueno,Bueno,2,DODGE,BLANCO,2,MINISTERIO PÚBLICO,58,MASCULINO,SIN DATOS,0,0,Morelia,Felix Ireta,marzo,sábado,18,-101.181335449219,19.6832226939457
12878,12878,2018,"180223212",2018/03/03,17:50:00,COLISIÓN POR ALCANCE,CONCRETO,Bueno,Bueno,3,MERCEDEZ BENZ,BLANCO,4,,30,MASCULINO,SIN DATOS,1,0,Morelia,Vasco de Quiroga,marzo,sábado,18,-101.168278455734,19.6967789258926
12879,12879,2018,"180223311",2018/03/03,18:15:00,COLISIÓN POR ALCANCE,ASFALTO,Bueno,Bueno,2,VOLKSWAGEN,ROJO,2,,43,MASCULINO,SIN DATOS,0,0,Morelia,Colinas del Sur,marzo,sábado,18,-101.200025081635,19.6618253527472
12880,12880,2018,"180223611",2018/03/03,19:25:00,COLISIÓN POR CORTE DE CIRCULACIÓN,ASFALTO,Bueno,Bueno,2,NISSAN,BLANCO,2,,25,MASCULINO,SIN DATOS,0,0,Morelia,El Porvenir,marzo,sábado,19,-101.205711364746,19.7103138092562
12881,12881,2018,"180223922",2018/03/03,19:55:00,COLISIÓN POR ALCANCE,ASFALTO,Bueno,Bueno,2,NISSAN,BLANCO/ROJO,2,,27,MASCULINO,SIN DATOS,0,0,Morelia,Elias Perez Avalos,marzo,sábado,20,-101.170220375061,19.7136266510171
12882,12882,2018,"180224120",2018/03/03,20:30:00,COLISIÓN POR ALCANCE,ASFALTO,Bueno,Bueno,2,TOYOTA,GRIS,2,MINISTERIO PÚBLICO,37,MASCULINO,SIN DATOS,0,0,Morelia,San Jose Itzicuaro,marzo,sábado,21,-101.304438114166,19.6879705361772
12883,12883,2018,"180224094",2018/03/03,21:25:00,COLISIÓN CONTRA OBJETO FIJO,ASFALTO,Bueno,Bueno,1,LINCOLN,BLANCO,1,,18,MASCULINO,SIN DATOS,0,0,Morelia,La Capilla,marzo,sábado,21,-101.160864830017,19.6626942333812
12884,12884,2018,,2018/03/03,21:40:00,COLISIÓN CONTRA OBJETO FIJO,ASFALTO,Bueno,Bueno,1,CHEVROLET,ROJO,0,MINISTERIO PÚBLICO,,,,0,0,Lázaro Cárdenas,Jarene,marzo,sábado,22,-102.225186824799,17.9632923171267
12885,12885,2018,"180224569",2018/03/03,22:40:00,COLISIÓN POR CORTE DE CIRCULACIÓN,CONCRETO,Bueno,Bueno,1,NISSAN,BLANCO,1,,49,MASCULINO,SIN DATOS,0,0,Morelia,Lomas del Durazno,marzo,sábado,23,-101.193319559097,19.6637853791365
12886,12886,2018,"180224419",2018/03/03,22:45:00,SUBIDA AL CAMELLÓN,CONCRETO,Bueno,Bueno,1,NISSAN,GUINDA,1,,,MASCULINO,ALIENTO ETÍLICO,0,0,Morelia,Martires de Uruapan,marzo,sábado,23,-101.199402809143,19.7249584748627
12887,12887,2018,,2018/03/03,22:56:00,COLISIÓN POR INVASIÓN DE CARRIL,ASFALTO,Bueno,Bueno,2,NISSAN,BLANCO,2,,38,MASCULINO,SIN DATOS,0,0,Pátzcuaro,Centro,marzo,sábado,23,-101.606293916702,19.5185676121287
12888,12888,2018,"180224586",2018/03/03,23:15:00,COLISIÓN POR ALCANCE,ASFALTO,Bueno,Bueno,3,ISUZU,CAFE,3,,44,MASCULINO,CON CERTIFICADO,0,0,Morelia,Rafael Carrillo,marzo,sábado,23,-101.234845519066,19.7098984366785
12889,12889,2018,,2018/03/03,23:40:00,VOLCADURA,CONCRETO,Bueno,Bueno,1,FORD,AZUL,0,,,,,0,0,Morelia,Rector Diaz Rubio,marzo,sábado,0,-101.196629405022,19.6689177058548
12890,12890,2018,"180224710",2018/03/04,"00:00:00",COLISIÓN POR ALCANCE,ASFALTO,Bueno,Regular,3,VOLKWAGEN,PLATA,2,,0,,SIN DATOS,0,0,Morelia,Fidel Velazquez,marzo,domingo,0,-101.237640380859,19.7067887894661
12891,12891,2018,,2018/03/04,"00:10:00",COLISIÓN POR CAMBIO DE CARRIL,ASFALTO,Bueno,Bueno,2,MAZDA,ROJO,2,,28,MASCULINO,CON CERTIFICADO,0,0,Morelia,Infonavit  Las  Camelinas,marzo,domingo,0,-101.174254417419,19.6820508644198
12892,12892,2018,"180224827",2018/03/04,"02:06:00",COLISIÓN CONTRA OBJETO FIJO,ASFALTO,Bueno,Bueno,1,DODGE,BLANCO,2,,28,MASCULINO,SIN DATOS,1,0,Morelia,Sin datos,marzo,domingo,2,-101.354885101318,19.6788788001071
12893,12893,2018,"180224886",2018/03/04,"02:40:00",COLISIÓN CONTRA OBJETO FIJO,ASFALTO,Bueno,Bueno,1,FORD,NEGRO,1,,44,MASCULINO,CON CERTIFICADO,0,0,Morelia,El Lago 3,marzo,domingo,3,-101.221777796745,19.7272964472685
12894,12894,2018,"180524110",2018/03/04,"03:15:00",COLISIÓN POR NO RESPETAR SEMÁFORO,ASFALTO,Bueno,Bueno,2,MAZDA,GRIS,2,,39,MASCULINO,CON CERTIFICADO,0,0,Morelia,Felix Ireta,marzo,domingo,3,-101.191849708557,19.6825357604358
12895,12895,2018,"180225049",2018/03/04,"05:00:00",SUBIDA AL CAMELLÓN,ASFALTO,Bueno,Bueno,1,CHEVROLET,PLATA,1,,39,MASCULINO,SIN DATOS,0,0,Morelia,Reforma,marzo,domingo,5,-101.241159439087,19.7059302485266
12896,12896,2018,,2018/03/04,"05:10:00",COLISIÓN POR INVASIÓN DE CARRIL,ASFALTO,Bueno,Bueno,2,VOLKSWAGEN,AZUL,0,,,,,0,0,Charo,La Goleta,marzo,domingo,5,-101.083316802979,19.7378244735728
12897,12897,2018,,2018/03/04,"05:10:00",COLISIÓN CONTRA OBJETO FIJO,CONCRETO,Bueno,Bueno,1,VOLKSWAGEN,NEGRO,0,,,,,0,0,Morelia,Comision Federal de Electricidad,marzo,domingo,5,-101.181378364563,19.6816669873661
12898,12898,2018,"180225127",2018/03/04,"07:15:00",VOLCADURA,ASFALTO,Bueno,Bueno,1,VOLKSWAGEN,GRIS,1,,27,MASCULINO,SIN DATOS,0,0,Morelia,Avicola Benito Juarez,marzo,domingo,7,-101.279525756836,19.691526274762
12899,12899,2018,"180225260",2018/03/04,"08:42:00",COLISIÓN POR ALCANCE,ASFALTO,Bueno,Bueno,2,VOLKWAGEN,BLANCO,2,,19,MASCULINO,CON CERTIFICADO,0,0,Morelia,Villa Universidad,marzo,domingo,9,-101.213575601578,19.6878038589936
12900,12900,2018,"180225611",2018/03/04,11:20:00,VOLCADURA,ASFALTO,Bueno,Bueno,1,CHEVROLET,ROJO,1,,34,MASCULINO,SIN DATOS,0,0,Morelia,Isaac Arriaga,marzo,domingo,11,-101.1678814888,19.7093744849278
12901,12901,2018,"180225998",2018/03/04,12:00:00,COLISIÓN POR ALCANCE,ASFALTO,Bueno,Bueno,3,CHEVROLET,AZUL,3,,77,MASCULINO,SIN DATOS,0,0,Morelia,La Esperanza,marzo,domingo,12,-101.252360343933,19.6983142836663
12902,12902,2018,"180226400",2018/03/04,13:45:00,COLISIÓN POR CORTE DE CIRCULACIÓN,ASFALTO,Bueno,Bueno,2,NISSAN,BLANCO,2,,56,MASCULINO,SIN DATOS,0,0,Morelia,Vista Bella,marzo,domingo,14,-101.195969581604,19.6785656311155