fid,id_accidente,anio_origen,folio_c5i,dia_incidente,hora_ocurrencia,tipo_incidente_vial,superficie_ocurrencia,condiciones_climaticas,condiciones_via,numero_vehiculos_involucrados,marca_vehiculo_ocasiona_siniestro,color_vehiculo_ocasiona_siniestro,numero_personas_involucradas,lugar_remite_presunto_responsable,edad_presunto_responsable,sexo_presunto_responsable,resultados_toxicologia,numero_personas_lesionadas,numero_personas_fallecidas,municipio,colonia,mes,dia_semana,hora_redondeada,lon,lat
12903,12903,2018,,2018/03/04,13:45:00,COLISIÓN POR CORTE DE CIRCULACIÓN,CONCRETO,Bueno,Bueno,2,HONDA,BLANCO,2,,22,MASCULINO,SIN DATOS,0,0,Pátzcuaro,Centro,marzo,domingo,14,-101.60951256752,19.5238663625493
12904,12904,2018,"180227964",2018/03/04,14:50:00,COLISIÓN POR ALCANCE,CONCRETO,Bueno,Bueno,2,NISSAN,SIN DATOS,2,,32,MASCULINO,SIN DATOS,0,0,Morelia,Lomas de Vista Bella,marzo,domingo,15,-101.196624040604,19.6713979347766
12905,12905,2018,"180226621",2018/03/04,14:50:00,COLISIÓN CONTRA OBJETO FIJO,ASFALTO,Bueno,Bueno,0,,,0,,,,,0,0,Morelia,Lomas de Vista Bella,marzo,domingo,15,-101.197034418583,19.6755576622864
12906,12906,2018,"180226818",2018/03/04,15:20:00,COLISIÓN POR MANIOBRA DE REVERSA,CONCRETO,Bueno,Bueno,2,CHEVROLET,GRIS,2,,38,MASCULINO,SIN DATOS,0,0,Morelia,Union,marzo,domingo,15,-101.153762340546,19.7103845108641
12908,12908,2018,,2018/03/04,15:30:00,COLISIÓN POR INVASIÓN DE CARRIL,ASFALTO,Bueno,Bueno,2,ITALIKA,ROJO,2,,65,MASCULINO,SIN DATOS,0,0,Zamora,Centro,marzo,domingo,16,-102.281255722046,19.9881910195962
12909,12909,2018,"180227289",2018/03/04,16:20:00,COLISIÓN POR CAMBIO DE CARRIL,ASFALTO,Bueno,Bueno,2,INTERNACIONAL,BLANCO/VERDE,2,,42,,SIN DATOS,0,0,Morelia,Fovissste La Huerta,marzo,domingo,16,-101.212191581726,19.6923343861544
12910,12910,2018,"180227536",2018/03/04,16:50:00,COLISIÓN POR ALCANCE,ASFALTO,Bueno,Bueno,2,VOLKSWAGEN,BLANCO,2,,27,FEMENINO,SIN DATOS,0,0,Morelia,La Calera,marzo,domingo,17,-101.236867904663,19.6718475037308
12911,12911,2018,"180234911",2018/03/04,17:00:00,COLISIÓN POR ALCANCE,ASFALTO,Bueno,Bueno,2,VOLKSWAGEN,BLANCO,2,,42,MASCULINO,SIN DATOS,0,0,Morelia,Lomas de Morelia (Dr Ignacio Chavez),marzo,domingo,17,-101.174983978271,19.7171464701851
12912,12912,2018,"18227273",2018/03/04,17:40:00,COLISIÓN CONTRA OBJETO FIJO,ASFALTO,Bueno,Bueno,1,VOLVO,PLATA,1,,25,MASCULINO,CON CERTIFICADO,0,0,Morelia,Erendira,marzo,domingo,18,-101.165893301368,19.702026985562
12914,12914,2018,,2018/03/04,20:00:00,COLISIÓN POR CAMBIO DE CARRIL,ADOQUIN_EMPEDRADO,Bueno,Regular,2,JEEP,GUINDA,2,,44,FEMENINO,SIN DATOS,0,0,Cuitzeo,El Calvario,marzo,domingo,20,-101.140812635422,19.9676565397892
12915,12915,2018,,2018/03/04,20:50:00,COLISIÓN POR ALCANCE,ASFALTO,Bueno,Bueno,2,FORD,ROJO,2,MINISTERIO PÚBLICO,,MASCULINO,SIN DATOS,0,0,Lázaro Cárdenas,El Palmar 77,marzo,domingo,21,-102.216287255287,17.9742938824406
12916,12916,2018,"180228549",2018/03/04,22:50:00,COLISIÓN POR CORTE DE CIRCULACIÓN,CONCRETO,Bueno,Bueno,2,HONDA,ROJO,2,,27,MASCULINO,SIN DATOS,0,0,Morelia,Infonavit Adolfo Lopez Mateos,marzo,domingo,23,-101.228853464127,19.6998092231345
12917,12917,2018,"180228899",2018/03/05,"05:10:00",COLISIÓN POR CAMBIO DE CARRIL,ASFALTO,Bueno,Bueno,1,NISSAN,BLANCO,1,,27,MASCULINO,SIN DATOS,0,0,Morelia,La Soledad,marzo,lunes,5,-101.183395385742,19.7281801212348
12918,12918,2018,"180229428",2018/03/05,"07:30:00",COLISIÓN POR ALCANCE,CONCRETO,Bueno,Bueno,2,TOYOTA,BLANCO,2,,44,FEMENINO,SIN DATOS,0,0,Morelia,Camelinas,marzo,lunes,8,-101.174157857895,19.6819296401864
12919,12919,2018,,2018/03/05,"07:45:00",COLISIÓN POR NO RESPETAR SEMÁFORO,CONCRETO,Bueno,Bueno,2,MAZDA,ROJO,2,MINISTERIO PÚBLICO,18,,SIN DATOS,0,0,Morelia,Comision Federal de Electricidad,marzo,lunes,8,-101.177161931992,19.6817579056988
12920,12920,2018,"180229146",2018/03/05,"08:10:00",COLISIÓN POR ALCANCE,ASFALTO,Bueno,Bueno,2,VENTO,NEGRO  Y NARANJA,2,,38,MASCULINO,SIN DATOS,0,0,Morelia,Felix Ireta,marzo,lunes,8,-101.192010641098,19.6822832106106
12921,12921,2018,"180229365",2018/03/05,"09:25:00",COLISIÓN POR ALCANCE,ASFALTO,Bueno,Bueno,2,FORD,NEGRO,2,,20,MASCULINO,SIN DATOS,0,0,Morelia,Lomas de Guayangareo,marzo,lunes,9,-101.16028547287,19.704586875223
12922,12922,2018,"180229542",2018/03/05,10:47:00,COLISIÓN POR CAMBIO DE CARRIL,ASFALTO,Bueno,Bueno,2,FREIGHTLINER,BLANCO,2,,0,MASCULINO,SIN DATOS,0,0,Morelia,Ignacio Zaragoza,marzo,lunes,11,-101.205335855484,19.7256351269814
12923,12923,2018,"180229627",2018/03/05,11:00:00,COLISIÓN POR ALCANCE,CONCRETO,Bueno,Bueno,2,HONDA,NEGRO Y AZUL,1,MINISTERIO PÚBLICO,,,,1,0,Morelia,Nueva Esperanza,marzo,lunes,11,-101.250665187836,19.6877988081671
12924,12924,2018,"180229638",2018/03/05,11:10:00,COLISIÓN POR CORTE DE CIRCULACIÓN,ASFALTO,Bueno,Bueno,2,VENTO,NEGRO Y ROJO,2,,29,MASCULINO,SIN DATOS,0,0,Morelia,Santiaguito,marzo,lunes,11,-101.188641786575,19.7198683432085
12925,12925,2018,,2018/03/05,12:00:00,COLISIÓN POR CORTE DE CIRCULACIÓN,ASFALTO,Bueno,Bueno,2,ITALIKA,AZUL,4,MINISTERIO PÚBLICO,19,MASCULINO,SIN DATOS,2,0,Sahuayo,La Noria de Montes,marzo,lunes,12,-102.716481685638,20.0499446876459
12926,12926,2018,,2018/03/05,13:25:00,COLISIÓN POR CAMBIO DE CARRIL,ASFALTO,Bueno,Bueno,2,MERCEDES BENZ,BLANCO,2,,53,MASCULINO,SIN DATOS,0,0,Morelia,Agustin Arriaga Rivera,marzo,lunes,13,-101.224250793457,19.6912686883983
12927,12927,2018,"180230469",2018/03/05,14:20:00,COLISIÓN POR CORTE DE CIRCULACIÓN,ASFALTO,Bueno,Bueno,2,TOYOTA,ROJO,2,,65,FEMENINO,SIN DATOS,0,0,Morelia,Juarez,marzo,lunes,14,-101.200196743011,19.6955162851077
12928,12928,2018,"180230626",2018/03/05,14:20:00,COLISIÓN POR MANIOBRA DE REVERSA,ASFALTO,Bueno,Regular,2,HONDA,AZUL,2,,39,FEMENINO,SIN DATOS,0,0,Morelia,Villas Valladolid,marzo,lunes,14,-101.217716932297,19.6960011403472
12929,12929,2018,"180230865",2018/03/05,14:56:00,COLISIÓN POR CAMBIO DE CARRIL,ASFALTO,Bueno,Bueno,2,NISSAN,BLANCO,2,,54,MASCULINO,SIN DATOS,0,0,Morelia,Canteras de Morelia,marzo,lunes,15,-101.171658039093,19.7150204480749
12930,12930,2018,"180230670",2018/03/05,15:45:00,COLISIÓN CON PEATÓN,ASFALTO,Bueno,Bueno,1,NISSAN,ROJO,0,,,,,0,0,Morelia,San Juanito Itzicuaro,marzo,lunes,16,-101.268346309662,19.6699279870339
12931,12931,2018,"180230915",2018/03/05,16:09:00,COLISIÓN POR CORTE DE CIRCULACIÓN,ASFALTO,Bueno,Bueno,2,ITALIKA,NARANJA,2,,23,MASCULINO,SIN DATOS,0,0,Morelia,Villas del Real,marzo,lunes,16,-101.199456453323,19.7315430871773
12933,12933,2018,"180231255",2018/03/05,17:40:00,SALIDA DE SUPERFICIE DE RODAMIENTO,CONCRETO,Bueno,Regular,2,FREIGHTLINER,ROJO,1,,45,,SIN DATOS,0,0,Morelia,Tinijaro,marzo,lunes,18,-101.263035535812,19.6957991175092
12934,12934,2018,"180231579",2018/03/05,19:00:00,COLISIÓN POR CORTE DE CIRCULACIÓN,CONCRETO,Bueno,Bueno,2,NISSAN,NEGRO,2,,23,MASCULINO,SIN DATOS,0,0,Morelia,Union,marzo,lunes,19,-101.155446767807,19.7113011038804
12935,12935,2018,"180231809",2018/03/05,20:05:00,SALIDA DE SUPERFICIE DE RODAMIENTO,ASFALTO,Bueno,Bueno,1,NISSAN,BLANCO,1,,27,MASCULINO,SIN DATOS,0,0,Morelia,Sin datos,marzo,lunes,20,-101.105310916901,19.7294829002251
12936,12936,2018,"180232528",2018/03/06,"02:00:00",COLISIÓN CONTRA OBJETO FIJO,ASFALTO,Bueno,Bueno,1,FORD,PLATA,0,,,,,0,0,Tarímbaro,Sin datos,marzo,martes,2,-101.156787872314,19.7688844166148
12937,12937,2018,"180232543",2018/03/06,"02:30:00",COLISIÓN POR ALCANCE,ASFALTO,Bueno,Bueno,2,VOLKSWAGEN,NEGRO,2,,0,,SIN DATOS,0,0,Morelia,Libertad,marzo,martes,3,-101.233171820641,19.6866068086685
12938,12938,2018,"180232617",2018/03/06,"07:00:00",SUBIDA AL CAMELLÓN,ASFALTO,Bueno,Bueno,1,NISSAN,BLANCO,1,,0,,SIN DATOS,0,0,Morelia,Lomas de La Maestranza,marzo,martes,7,-101.331453323364,19.6847783854151
12940,12940,2018,"180232676",2018/03/06,"07:25:00",COLISIÓN POR CORTE DE CIRCULACIÓN,ASFALTO,Bueno,Bueno,2,ITALIKA,GRIS,2,,23,MASCULINO,SIN DATOS,0,0,Morelia,Prados Verdes,marzo,martes,7,-101.197364330292,19.714151851335
12941,12941,2018,,2018/03/06,"08:50:00",SALIDA DE SUPERFICIE DE RODAMIENTO,ASFALTO,Bueno,Bueno,1,NISSAN,GRIS,3,,32,FEMENINO,SIN DATOS,2,0,Cuitzeo,Sin datos,marzo,martes,9,-101.159362792969,19.97068671598
12942,12942,2018,,2018/03/06,"09:00:00",COLISIÓN POR CAMBIO DE CARRIL,ASFALTO,Bueno,Bueno,2,INTERNATIONAL,AZUL,2,,28,MASCULINO,SIN DATOS,0,0,Morelia,Sin datos,marzo,martes,9,-101.31526350975,19.6508224919355
12943,12943,2018,"180232964",2018/03/06,"09:30:00",COLISIÓN POR CORTE DE CIRCULACIÓN,ASFALTO,Bueno,Bueno,2,SIN DATOS,VERDE,1,,,,SIN DATOS,0,0,Morelia,Lindavista,marzo,martes,10,-101.216204166412,19.7040111403539
12944,12944,2018,"180233087",2018/03/06,10:10:00,COLISIÓN POR MANIOBRA DE REVERSA,ASFALTO,Bueno,Bueno,2,DODGE,BLANCO Y AZUL,2,,25,MASCULINO,SIN DATOS,0,0,Morelia,Central de Abastos,marzo,martes,10,-101.171743869781,19.716202136063
12945,12945,2018,"180233706",2018/03/06,12:00:00,COLISIÓN POR NO RESPETAR SEMÁFORO,ASFALTO,Bueno,Bueno,2,MITSUBISHI,BLANCO,2,,40,MASCULINO,SIN DATOS,0,0,Morelia,Bosques de Oriente,marzo,martes,12,-101.155564785004,19.7155658436162
12946,12946,2018,"180233612",2018/03/06,12:15:00,COLISIÓN POR CAMBIO DE CARRIL,ASFALTO,Bueno,Bueno,2,VOLKSWAGEN,BLANCO,2,,50,FEMENINO,SIN DATOS,0,0,Morelia,Las Americas,marzo,martes,12,-101.159051656723,19.6879503328915
12947,12947,2018,LEG13494,2018/03/06,12:41:00,COLISIÓN POR INVASIÓN DE CARRIL,ASFALTO,Bueno,Bueno,3,NISSAN,CAFE,2,,0,,SIN DATOS,0,0,Morelia,Chapultepec Norte,marzo,martes,13,-101.171918213367,19.6966476117151
12948,12948,2018,"180234104",2018/03/06,14:10:00,COLISIÓN POR CORTE DE CIRCULACIÓN,ASFALTO,Bueno,Bueno,2,RENAULT,BLANCO,2,,36,MASCULINO,SIN DATOS,0,0,Morelia,Centro,marzo,martes,14,-101.196066141129,19.703112181766
12949,12949,2018,"180234312",2018/03/06,14:30:00,CAIDA DE MOTOCICLETA,ASFALTO,Bueno,Bueno,1,DINAMO,ROJO,1,,59,MASCULINO,SIN DATOS,0,0,Morelia,Ampliacion La Soledad,marzo,martes,15,-101.180756092072,19.7377234886073
12950,12950,2018,LEG13492,2018/03/06,15:29:00,COLISIÓN POR CAMBIO DE CARRIL,ASFALTO,Bueno,Bueno,2,INTERNATIONAL,BLANCO,2,,23,MASCULINO,SIN DATOS,0,0,Morelia,Ventura Puente,marzo,martes,15,-101.181764602661,19.6908191739474
12951,12951,2018,"180234567",2018/03/06,15:50:00,COLISIÓN POR CORTE DE CIRCULACIÓN,ASFALTO,Bueno,Bueno,1,NISSAN,BLANCO,1,,0,,SIN DATOS,0,0,Morelia,El Lago 1,marzo,martes,16,-101.214444637299,19.7268571332494
12952,12952,2018,"180235217",2018/03/06,17:30:00,COLISIÓN POR CORTE DE CIRCULACIÓN,ASFALTO,Bueno,Bueno,1,DODGE,ROJO,1,,72,MASCULINO,SIN DATOS,0,0,Morelia,Tierra Y Libertad,marzo,martes,18,-101.230516433716,19.7158284408059
12953,12953,2018,"180235374",2018/03/06,18:45:00,COLISIÓN POR ALCANCE,ASFALTO,Bueno,Bueno,2,TOYOTA,BLANCO Y GRIS,2,,31,MASCULINO,SIN DATOS,0,0,Morelia,Lomas de Huerta,marzo,martes,19,-101.210560798645,19.6724738673624
12954,12954,2018,"180235845",2018/03/06,20:44:00,COLISIÓN POR CAMBIO DE CARRIL,ASFALTO,Bueno,Bueno,2,CHRYSLER,GRIS,2,,63,MASCULINO,CON CERTIFICADO,0,0,Morelia,Morelia 450,marzo,martes,21,-101.217513084412,19.6760097451704
12955,12955,2018,,2018/03/06,21:20:00,COLISIÓN POR NO RESPETAR SEMÁFORO,ASFALTO,Lluvioso,Bueno,2,VOLKSWAGEN,NEGRO,1,MINISTERIO PÚBLICO,,,,1,0,Morelia,Cosmos,marzo,martes,21,-101.215962767601,19.6845005844753
12956,12956,2018,"180236201",2018/03/06,22:45:00,COLISIÓN POR CORTE DE CIRCULACIÓN,ASFALTO,Bueno,Bueno,1,YAMAHA,NEGRO,2,,,MASCULINO,SIN DATOS,1,0,Morelia,Francisco J Mujica,marzo,martes,23,-101.188244819641,19.7216256688878
12957,12957,2018,,2018/03/06,23:40:00,COLISIÓN POR NO RESPETAR SEMÁFORO,ASFALTO,Bueno,Bueno,2,CHEVROLET,NEGRO,2,,0,MASCULINO,SIN DATOS,0,0,Morelia,Centro,marzo,martes,0,-101.191763877869,19.6960516460168
12958,12958,2018,"180236290",2018/03/07,"00:10:00",COLISIÓN CONTRA OBJETO FIJO,ASFALTO,Bueno,Bueno,1,CHEVROLET,GRIS,1,,28,MASCULINO,ALIENTO ETÍLICO,0,0,Morelia,Asociacion Zirahuen,marzo,miércoles,0,-101.247639656067,19.6993243794317
12959,12959,2018,"180236346",2018/03/07,"01:05:00",COLISIÓN POR ALCANCE,ASFALTO,Bueno,Bueno,2,SIN DATOS,SIN DATOS,2,,0,,SIN DATOS,0,0,Morelia,Jardines del Rincon,marzo,miércoles,1,-101.150425672531,19.6907383622269
12960,12960,2018,"180236405",2018/03/07,"02:40:00",COLISIÓN POR CORTE DE CIRCULACIÓN,CONCRETO,Bueno,Bueno,1,FORD,ROJO,0,,,,,0,0,Morelia,Los Manantiales de Morelia,marzo,miércoles,3,-101.2419962883,19.6965819545859
12961,12961,2018,"180236526",2018/03/07,"07:30:00",COLISIÓN POR ALCANCE,ASFALTO,Bueno,Bueno,2,KENWORTH,ROJO,2,,20,MASCULINO,SIN DATOS,0,0,Morelia,Lomas del Pedregal,marzo,miércoles,8,-101.284203529358,19.6905767386635
12962,12962,2018,"180236701",2018/03/07,"07:50:00",COLISIÓN POR ALCANCE,ASFALTO,Bueno,Bueno,2,NISSAN,BLANCO,2,,,MASCULINO,SIN DATOS,0,0,Morelia,Bosques de Oriente,marzo,miércoles,8,-101.155586242676,19.7156466427974
12963,12963,2018,"180236608",2018/03/07,"08:20:00",CAIDA DE MOTOCICLETA,ASFALTO,Bueno,Bueno,1,ITALIKA,VERDE,1,,,,,1,0,Morelia,Hospitales de Don Vasco,marzo,miércoles,8,-101.155704259872,19.7012132414039
12964,12964,2018,"180236768",2018/03/07,10:30:00,COLISIÓN POR CORTE DE CIRCULACIÓN,ASFALTO,Bueno,Bueno,2,JEEP,PLATA,2,,53,FEMENINO,SIN DATOS,0,0,Tarímbaro,Sin datos,marzo,miércoles,11,-101.180112361908,19.7523858369087
12965,12965,2018,"180237118",2018/03/07,10:50:00,COLISIÓN POR CORTE DE CIRCULACIÓN,ASFALTO,Bueno,Bueno,2,JEEP,BLANCO,2,,38,MASCULINO,SIN DATOS,0,0,Morelia,Lomas de Las Americas Norte,marzo,miércoles,11,-101.148483753204,19.6946778861239
12966,12966,2018,"180237274",2018/03/07,11:30:00,COLISIÓN POR CAMBIO DE CARRIL,ASFALTO,Bueno,Bueno,2,NISSAN,BLANCO Y NEGRO,2,,37,MASCULINO,SIN DATOS,0,0,Morelia,Quinceo,marzo,miércoles,12,-101.221504211426,19.7279680399286
12967,12967,2018,"180237305",2018/03/07,12:15:00,SUBIDA AL CAMELLÓN,ASFALTO,Bueno,Bueno,1,DODGE,BLANCO,1,,60,MASCULINO,SIN DATOS,0,0,Morelia,Fovissste La Huerta,marzo,miércoles,12,-101.21212720871,19.6924960079434
12968,12968,2018,"180237574",2018/03/07,13:45:00,COLISIÓN POR MANIOBRA DE REVERSA,ASFALTO,Bueno,Bueno,2,HONDA,BLANCO,2,,68,FEMENINO,SIN DATOS,0,0,Morelia,Cuauhtemoc,marzo,miércoles,14,-101.184702962637,19.694873597123
12969,12969,2018,,2018/03/07,13:45:00,COLISIÓN POR INVASIÓN DE CARRIL,ASFALTO,Bueno,Bueno,2,YAMAHA,ROJO,1,,0,,SIN DATOS,0,0,Morelia,Granjas del Maestro,marzo,miércoles,14,-101.191710233688,19.7132112870441
12970,12970,2018,,2018/03/07,13:45:00,COLISIÓN POR CORTE DE CIRCULACIÓN,ASFALTO,Bueno,Bueno,2,LINCOL,BLANCO,4,MINISTERIO PÚBLICO,41,MASCULINO,SIN DATOS,2,0,Sahuayo,Centro,marzo,miércoles,14,-102.716438770294,20.0555079793339
12971,12971,2018,"180237885",2018/03/07,14:00:00,COLISIÓN POR MANIOBRA DE REVERSA,CONCRETO,Bueno,Bueno,2,AUDI,BLANCO,2,,47,FEMENINO,SIN DATOS,0,0,Morelia,Prados del Campestre,marzo,miércoles,14,-101.16681933403,19.6827074940895
12972,12972,2018,,2018/03/07,14:35:00,COLISIÓN POR CORTE DE CIRCULACIÓN,ADOQUIN_EMPEDRADO,Bueno,Bueno,2,NISSAN,BLANCO,2,,36,MASCULINO,SIN DATOS,0,0,Pátzcuaro,Centro,marzo,miércoles,15,-101.612066030502,19.5392964663835
12973,12973,2018,"180237800",2018/03/07,14:36:00,COLISIÓN POR CAMBIO DE CARRIL,ASFALTO,Bueno,Regular,2,CHEVROLET,GRIS,2,,60,MASCULINO,SIN DATOS,0,0,Morelia,Centro,marzo,miércoles,15,-101.205550432205,19.702415232868
12974,12974,2018,"180238037",2018/03/07,15:30:00,COLISIÓN POR ALCANCE,ASFALTO,Bueno,Bueno,2,RENAULT,GRIS,2,,18,MASCULINO,SIN DATOS,0,0,Morelia,Lomas de Huerta,marzo,miércoles,16,-101.214294433594,19.6743933535675
12975,12975,2018,"180238281",2018/03/07,17:00:00,COLISIÓN POR CORTE DE CIRCULACIÓN,ASFALTO,Bueno,Bueno,2,FORD,BLANCO Y ROJO,2,,76,MASCULINO,SIN DATOS,0,0,Morelia,Felix Ireta,marzo,miércoles,17,-101.180713176727,19.6862128407817
12976,12976,2018,,2018/03/07,17:00:00,COLISIÓN POR NO RESPETAR SEMÁFORO,ASFALTO,Bueno,Bueno,2,HONDA,BLANCO Y ROJO,2,,18,MASCULINO,SIN DATOS,0,0,Pátzcuaro,Centro,marzo,miércoles,17,-101.617805957794,19.5164136810953
12977,12977,2018,"180238477",2018/03/07,17:45:00,COLISIÓN POR CAMBIO DE CARRIL,CONCRETO,Bueno,Bueno,2,FORD,VERDE,2,,25,MASCULINO,SIN DATOS,0,0,Morelia,Peña Blanca,marzo,miércoles,18,-101.195068359375,19.6660282665363
12978,12978,2018,"180239169",2018/03/07,20:15:00,COLISIÓN POR ALCANCE,ASFALTO,Bueno,Bueno,2,NISSAN,ARENA,2,,22,MASCULINO,SIN DATOS,0,0,Morelia,Felix Ireta,marzo,miércoles,20,-101.181453466415,19.6814245382266
12979,12979,2018,"180239196",2018/03/07,20:20:00,COLISIÓN POR CORTE DE CIRCULACIÓN,ASFALTO,Bueno,Bueno,2,TOYOTA,BLANCO Y GRIS,2,,46,MASCULINO,SIN DATOS,0,0,Morelia,Felix Ireta,marzo,miércoles,20,-101.191785335541,19.6824953524906
12980,12980,2018,"180239580",2018/03/07,22:30:00,COLISIÓN POR NO RESPETAR SEMÁFORO,ASFALTO,Bueno,Bueno,2,CHEVROLET,ROJO,2,,30,MASCULINO,SIN DATOS,0,0,Morelia,Comision Federal de Electricidad,marzo,miércoles,23,-101.181324720383,19.6814346402813
12981,12981,2018,"180239686",2018/03/07,23:50:00,COLISIÓN POR NO RESPETAR SEMÁFORO,CONCRETO,Bueno,Bueno,2,FORD,BLANCO,2,,66,MASCULINO,SIN DATOS,0,0,Morelia,Comision Federal de Electricidad,marzo,miércoles,0,-101.181389093399,19.6814194871989
12982,12982,2018,"180239699",2018/03/08,"00:40:00",COLISIÓN POR ALCANCE,ASFALTO,Bueno,Bueno,2,SEAT,VINO,1,,25,MASCULINO,SIN DATOS,0,0,Morelia,Cuauhtemoc,marzo,jueves,1,-101.178803443909,19.6964354885853
12983,12983,2018,"180239754",2018/03/08,"01:15:00",COLISIÓN POR CORTE DE CIRCULACIÓN,CONCRETO,Bueno,Bueno,3,HONDA,AZUL MARINO,3,,28,MASCULINO,ALIENTO ETÍLICO,0,0,Morelia,Rey Tariacuri (Eucaliptos),marzo,jueves,1,-101.198882460594,19.6778382685149
12984,12984,2018,"180243400",2018/03/08,"02:30:00",COLISIÓN POR CAMBIO DE CARRIL,ASFALTO,Bueno,Bueno,2,RENAULT,AZUL,2,,,MASCULINO,SIN DATOS,0,0,Morelia,Comision Federal de Electricidad,marzo,jueves,3,-101.181356906891,19.6816265792016
12985,12985,2018,"180240068",2018/03/08,"08:10:00",COLISIÓN POR ALCANCE,ASFALTO,Bueno,Bueno,2,CHEVROLET,BLANCO,2,,47,MASCULINO,SIN DATOS,0,0,Morelia,Indeco Santiaguito,marzo,jueves,8,-101.178910732269,19.7204541205817
12986,12986,2018,"180240124",2018/03/08,"08:35:00",COLISIÓN POR CORTE DE CIRCULACIÓN,CONCRETO,Bueno,Bueno,2,VENTO,NEGRO,2,,61,MASCULINO,SIN DATOS,0,0,Morelia,Ventura Puente,marzo,jueves,9,-101.192750930786,19.6951526427143
12987,12987,2018,,2018/03/08,"08:50:00",CAIDA DE MOTOCICLETA,ASFALTO,Bueno,Bueno,1,ITALIKA,VERDE,2,MINISTERIO PÚBLICO,,,,2,0,Morelia,Ciudad Industrial,marzo,jueves,9,-101.145586967468,19.7233425776153
12988,12988,2018,"180240352",2018/03/08,"09:50:00",COLISIÓN POR CORTE DE CIRCULACIÓN,CONCRETO,Bueno,Bueno,2,CHEVROLET,GRIS,2,,25,FEMENINO,SIN DATOS,0,0,Morelia,Nueva Chapultepec,marzo,jueves,10,-101.176094412804,19.6884655158816
12989,12989,2018,,2018/03/08,"09:50:00",COLISIÓN POR ALCANCE,ASFALTO,Bueno,Bueno,2,NISSAN,BLANCO,2,,56,MASCULINO,SIN DATOS,0,0,Morelia,El Lago 1,marzo,jueves,10,-101.219390630722,19.7276852644158
12990,12990,2018,"180240873",2018/03/08,12:15:00,COLISIÓN POR ALCANCE,ASFALTO,Bueno,Regular,3,HONDA,VERDE,3,,48,FEMENINO,SIN DATOS,0,0,Morelia,Lomas del Tecnologico,marzo,jueves,12,-101.188652515411,19.7200905348786
12991,12991,2018,"180241613",2018/03/08,14:20:00,COLISIÓN CONTRA OBJETO FIJO,ASFALTO,Bueno,Bueno,1,VOLVO,BLANCO,1,,49,MASCULINO,SIN DATOS,0,0,Morelia,Chapultepec Oriente,marzo,jueves,14,-101.159040927887,19.6881321623714
12992,12992,2018,"180241759",2018/03/08,16:00:00,COLISIÓN POR CORTE DE CIRCULACIÓN,ASFALTO,Bueno,Bueno,2,CHRYSLER,BLANCO Y ROJO,2,,52,MASCULINO,SIN DATOS,0,0,Morelia,Centro,marzo,jueves,16,-101.187912225723,19.6959607358
12993,12993,2018,"180241868",2018/03/08,16:55:00,COLISIÓN CON PEATÓN,ASFALTO,Bueno,Bueno,1,NISSAN,BLANCO,1,MINISTERIO PÚBLICO,,,,1,0,Morelia,Lomas de Guayangareo,marzo,jueves,17,-101.158010959625,19.7028798658041
12994,12994,2018,"180242152",2018/03/08,17:35:00,COLISIÓN CON PEATÓN,CONCRETO,Bueno,Bueno,1,NISSAN,BLANCO Y ROJO,1,,,,,1,0,Morelia,Lomas de Hidalgo,marzo,jueves,18,-101.160414218903,19.6996375078244
12995,12995,2018,"180242409",2018/03/08,18:55:00,COLISIÓN POR CAMBIO DE CARRIL,ASFALTO,Bueno,Bueno,2,SEAT,ROQ,2,,30,FEMENINO,SIN DATOS,0,0,Morelia,Vasco de Quiroga,marzo,jueves,19,-101.17506980896,19.6982536777176
12996,12996,2018,"1802433992",2018/03/09,"02:15:00",SUBIDA AL CAMELLÓN,CONCRETO,Bueno,Bueno,1,CHEVROLET,VERDE,1,,32,FEMENINO,SIN DATOS,0,0,Morelia,Arcos del Valle,marzo,viernes,2,-101.236283183098,19.7076877273938
12998,12998,2018,,2018/03/09,"06:10:00",COLISIÓN POR CORTE DE CIRCULACIÓN,ASFALTO,Bueno,Bueno,1,NISSAN,AZUL,1,,,,SIN DATOS,0,0,Morelia,Centro,marzo,viernes,6,-101.19847074151,19.6979519102565
12999,12999,2018,"180243736",2018/03/09,"08:40:00",COLISIÓN POR CORTE DE CIRCULACIÓN,CONCRETO,Bueno,Bueno,3,TOYOTA,BLANCO/GRIS,3,,44,MASCULINO,SIN DATOS,0,0,Morelia,Lazaro Cardenas,marzo,viernes,9,-101.163766980171,19.7089401718141
13000,13000,2018,"180243690",2018/03/09,"09:20:00",COLISIÓN POR CORTE DE CIRCULACIÓN,ASFALTO,Bueno,Bueno,2,VOLKSWAGEN,BEIGE,2,,26,MASCULINO,SIN DATOS,0,0,Morelia,Camelinas,marzo,viernes,9,-101.170338392258,19.6853440876574
13001,13001,2018,,2018/03/09,"09:25:00",COLISIÓN POR CAMBIO DE CARRIL,ASFALTO,Bueno,Bueno,2,INTERNATIONAL,BLANCO,2,,25,MASCULINO,SIN DATOS,0,0,Morelia,Primo Tapia Oriente,marzo,viernes,9,-101.158783435822,19.7136872511418