fid,id_accidente,anio_origen,folio_c5i,dia_incidente,hora_ocurrencia,tipo_incidente_vial,superficie_ocurrencia,condiciones_climaticas,condiciones_via,numero_vehiculos_involucrados,marca_vehiculo_ocasiona_siniestro,color_vehiculo_ocasiona_siniestro,numero_personas_involucradas,lugar_remite_presunto_responsable,edad_presunto_responsable,sexo_presunto_responsable,resultados_toxicologia,numero_personas_lesionadas,numero_personas_fallecidas,municipio,colonia,mes,dia_semana,hora_redondeada,lon,lat
13002,13002,2018,"180243700",2018/03/09,"09:25:00",COLISIÓN POR CORTE DE CIRCULACIÓN,ASFALTO,Bueno,Bueno,2,FREIGHTLINER,BLANCO,2,MINISTERIO PÚBLICO,30,MASCULINO,SIN DATOS,0,0,Morelia,Ana Maria Gallaga (Riviera Norte),marzo,viernes,9,-101.219508647919,19.6771008002847
13003,13003,2018,"180243810",2018/03/09,10:45:00,COLISIÓN POR CAMBIO DE CARRIL,ASFALTO,Bueno,Bueno,2,NISSAN,BLANCO/VERDE,2,,47,MASCULINO,SIN DATOS,0,0,Morelia,Ana Maria Gallaga (Riviera Norte),marzo,viernes,11,-101.219508647919,19.6769593676334
13004,13004,2018,"180246222",2018/03/09,11:41:00,COLISIÓN POR ALCANCE,ASFALTO,Bueno,Bueno,2,FORD,CAFE,2,,37,MASCULINO,SIN DATOS,0,0,Morelia,Primo Tapia,marzo,viernes,12,-101.211837530136,19.7091068269855
13005,13005,2018,"180244346",2018/03/09,11:50:00,COLISIÓN POR CORTE DE CIRCULACIÓN,ASFALTO,Bueno,Bueno,2,NISSAN,BLANCO,2,,64,FEMENINO,SIN DATOS,0,0,Charo,Sin datos,marzo,viernes,12,-101.039371490479,19.756606566258
13006,13006,2018,"180244392",2018/03/09,12:00:00,COLISIÓN POR CAMBIO DE CARRIL,ASFALTO,Bueno,Bueno,2,INTERNATIONAL,BLANCO,2,,27,MASCULINO,SIN DATOS,0,0,Morelia,Lomas de Hidalgo,marzo,viernes,12,-101.158976554871,19.6956476002135
13007,13007,2018,"180247005",2018/03/09,12:13:00,COLISIÓN POR CAMBIO DE CARRIL,CONCRETO,Bueno,Bueno,2,JEEP,ROJO,2,,26,MASCULINO,SIN DATOS,0,0,Morelia,Tierra Y Libertad,marzo,viernes,12,-101.230473518372,19.7158486405719
13008,13008,2018,"180244614",2018/03/09,12:43:00,COLISIÓN CONTRA OBJETO FIJO,CONCRETO,Bueno,Bueno,2,SIN DATOS,NEGRO,1,,54,MASCULINO,SIN DATOS,0,0,Morelia,Independencia,marzo,viernes,13,-101.175603568554,19.7099325250461
13009,13009,2018,"180244448",2018/03/09,12:50:00,COLISIÓN POR ALCANCE,CONCRETO,Bueno,Bueno,3,SUZUKI,AZUL/BLANCO,1,,,,SIN DATOS,0,0,Morelia,Centro,marzo,viernes,13,-101.20169878006,19.7029000672054
13010,13010,2018,"180244840",2018/03/09,13:33:00,COLISIÓN POR ALCANCE,CONCRETO,Bueno,Bueno,2,NISSAN,BLANCO,2,,19,MASCULINO,SIN DATOS,0,0,Morelia,La Loma,marzo,viernes,14,-101.186367273331,19.6796566688246
13012,13012,2018,,2018/03/09,14:40:00,COLISIÓN POR ALCANCE,ASFALTO,Bueno,Bueno,2,VOLKSWAGEN,PLATA,2,,59,MASCULINO,SIN DATOS,0,0,Morelia,Isaac Arriaga,marzo,viernes,15,-101.173385381699,19.7069301957671
13013,13013,2018,"180245523",2018/03/09,15:55:00,COLISIÓN POR CAMBIO DE CARRIL,ASFALTO,Bueno,Bueno,2,NISSAN,AZUL,2,,30,MASCULINO,SIN DATOS,0,0,Morelia,Vasco de Quiroga,marzo,viernes,16,-101.16924405098,19.7024051321371
13014,13014,2018,,2018/03/09,17:38:00,COLISIÓN POR CORTE DE CIRCULACIÓN,CONCRETO,Bueno,Bueno,2,ITALIKA,Rojo/Negro,2,,31,MASCULINO,SIN DATOS,0,0,Apatzingán,La Florida,marzo,viernes,18,-102.33992099762,19.0667976678588
13015,13015,2018,"180246471",2018/03/09,18:45:00,COLISIÓN POR CORTE DE CIRCULACIÓN,ASFALTO,Bueno,Bueno,2,KENWORTH,BLANCO,2,,52,MASCULINO,SIN DATOS,0,0,Tarímbaro,Campestre,marzo,viernes,19,-101.162667274475,19.7977578695008
13016,13016,2018,"180247298",2018/03/09,22:17:00,COLISIÓN CONTRA OBJETO FIJO,ASFALTO,Bueno,Bueno,1,NISSAN,ROJO,1,,74,MASCULINO,SIN DATOS,0,0,Tarímbaro,Sin datos,marzo,viernes,22,-101.166443824768,19.8106785580213
13017,13017,2018,"180247398",2018/03/09,23:40:00,COLISIÓN POR CAMBIO DE CARRIL,ASFALTO,Bueno,Bueno,1,NISSAN,PLATA,1,MINISTERIO PÚBLICO,,,,1,0,Morelia,Bicentenario,marzo,viernes,0,-101.177859306335,19.7393695355825
13018,13018,2018,"180247606",2018/03/10,"02:20:00",COLISIÓN POR CORTE DE CIRCULACIÓN,ASFALTO,Bueno,Bueno,2,VOLKSWAGEN,ROJO,2,,29,MASCULINO,SIN DATOS,0,0,Morelia,Junta de Jaujilla,marzo,sábado,2,-101.224819421768,19.6925061092998
13019,13019,2018,"180247643",2018/03/10,"03:00:00",COLISIÓN POR ALCANCE,ASFALTO,Bueno,Bueno,2,NISSAN,TURQUEZA,2,,28,FEMENINO,CON CERTIFICADO,0,0,Morelia,Ventura Puente,marzo,sábado,3,-101.179758310318,19.6907383622269
13020,13020,2018,"180247596",2018/03/10,"03:10:00",SUBIDA AL CAMELLÓN,ASFALTO,Bueno,Bueno,1,NISSAN,BLANCO,1,,30,MASCULINO,CON CERTIFICADO,0,0,Morelia,Tinijaro,marzo,sábado,3,-101.259904056788,19.6969746343227
13021,13021,2018,"180247733",2018/03/10,"06:19:00",COLISIÓN CONTRA OBJETO FIJO,TERRACERIA,Bueno,Bueno,1,CHEVROLET,BLANCO,1,,37,MASCULINO,SIN DATOS,0,0,Morelia,Valle de Las Rosas,marzo,sábado,6,-101.242184042931,19.6903305149525
13022,13022,2018,"180247889",2018/03/10,"08:15:00",SUBIDA AL CAMELLÓN,ASFALTO,Bueno,Bueno,1,VOLKSWAGEN,GRIS,1,,,MASCULINO,SIN DATOS,0,0,Morelia,Puerta Tres Marias,marzo,sábado,8,-101.140308380127,19.6913444491365
13023,13023,2018,"180247876",2018/03/10,"08:30:00",COLISIÓN CON PEATÓN,CONCRETO,Bueno,Bueno,1,TOYOTA,GRIS,2,MINISTERIO PÚBLICO,69,FEMENINO,SIN DATOS,1,0,Morelia,Centro,marzo,sábado,9,-101.190567612648,19.6959809380749
13024,13024,2018,"180248051",2018/03/10,"08:30:00",COLISIÓN CONTRA OBJETO FIJO,ASFALTO,Bueno,Bueno,1,NISSAN,BLANCO,1,,39,MASCULINO,SIN DATOS,0,0,Morelia,Fracc Valle de Mil Cumbres,marzo,sábado,9,-101.110739707947,19.6892635411627
13025,13025,2018,,2018/03/10,"08:58:00",COLISIÓN POR ALCANCE,ASFALTO,Bueno,Bueno,2,CHEVROLET,BLANCO,2,,29,MASCULINO,SIN DATOS,0,0,Morelia,Salvador Alcaraz Romero,marzo,sábado,9,-101.166990995407,19.720353124636
13026,13026,2018,,2018/03/10,"09:25:00",COLISIÓN POR CAMBIO DE CARRIL,ASFALTO,Bueno,Bueno,2,MERCEDEZ BENZ,BLANCO,2,,,MASCULINO,SIN DATOS,0,0,Morelia,La Colina,marzo,sábado,9,-101.21612906456,19.7039101340229
13027,13027,2018,18057/674,2018/03/10,10:00:00,COLISIÓN POR MANIOBRA DE REVERSA,ASFALTO,Bueno,Bueno,2,NISSAN,BLANCO,2,,70,MASCULINO,SIN DATOS,0,0,Morelia,Felix Ireta,marzo,sábado,10,-101.181528568268,19.6815558648894
13028,13028,2018,"180248907",2018/03/10,12:40:00,COLISIÓN POR CORTE DE CIRCULACIÓN,ASFALTO,Bueno,Bueno,2,ITALIKA,BLANCO/AZUL,2,,,MASCULINO,SIN DATOS,0,0,Morelia,Centro,marzo,sábado,13,-101.196039319038,19.7030970307353
13029,13029,2018,"180249048",2018/03/10,12:40:00,COLISIÓN POR CORTE DE CIRCULACIÓN,ASFALTO,Bueno,Bueno,2,ITALIKA,NEGRO/VERDE,2,,,MASCULINO,SIN DATOS,0,0,Morelia,Plan de La Garita,marzo,sábado,13,-101.185455322266,19.7123136426756
13030,13030,2018,,2018/03/10,13:00:00,VOLCADURA,ASFALTO,Bueno,Bueno,1,FORD,BLANCO,3,,,,,3,0,Tzintzuntzan,Ihuatzio,marzo,sábado,13,-101.624030653249,19.568206622648
13031,13031,2018,"180249319",2018/03/10,13:45:00,COLISIÓN POR ALCANCE,CONCRETO,Bueno,Bueno,2,FORD,ROJO,2,,50,MASCULINO,SIN DATOS,0,0,Morelia,Cinco de Diciembre,marzo,sábado,14,-101.158697605133,19.6864552826729
13032,13032,2018,"180249208",2018/03/10,14:00:00,COLISIÓN POR ALCANCE,ASFALTO,Bueno,Bueno,2,MAZDA,GRIS,2,,26,MASCULINO,SIN DATOS,0,0,Morelia,Chapultepec Oriente,marzo,sábado,14,-101.159512996674,19.6913242462765
13033,13033,2018,,2018/03/10,14:45:00,COLISIÓN POR ALCANCE,ASFALTO,Bueno,Bueno,2,FORD,GRIS,2,,27,MASCULINO,SIN DATOS,0,0,Morelia,Barrio Alto,marzo,sábado,15,-101.19633436203,19.7245747007459
13034,13034,2018,,2018/03/10,14:50:00,COLISIÓN POR ALCANCE,CONCRETO,Bueno,Bueno,2,HONDA,BLANCO/NEGRO,2,,25,MASCULINO,SIN DATOS,0,0,Morelia,Loma Bonita,marzo,sábado,15,-101.196377277374,19.7245141047485
13035,13035,2018,,2018/03/10,15:20:00,COLISIÓN POR INVASIÓN DE CARRIL,ASFALTO,Bueno,Bueno,2,CHEVROLET,ROJO,2,MINISTERIO PÚBLICO,39,MASCULINO,SIN DATOS,0,0,Zitácuaro,Sin datos,marzo,sábado,15,-100.354528427124,19.4767883682322
13036,13036,2018,"180250541",2018/03/10,17:00:00,COLISIÓN POR ALCANCE,ASFALTO,Bueno,Bueno,2,NISSAN,BLANCO,2,,71,MASCULINO,SIN DATOS,0,0,Morelia,Francisco J Mujica,marzo,sábado,17,-101.188502311707,19.721847858115
13037,13037,2018,,2018/03/10,17:15:00,COLISIÓN CON PEATÓN,ASFALTO,Bueno,Bueno,1,SIN DATOS,SIN DATOS,1,,,,,1,0,Morelia,Sin datos,marzo,sábado,17,-101.315274238586,19.6873644364961
13038,13038,2018,,2018/03/10,17:45:00,COLISIÓN CONTRA OBJETO FIJO,ASFALTO,Bueno,Bueno,1,KENWORTH,BLANCO,1,,57,MASCULINO,ALIENTO ETÍLICO,0,0,Morelia,Sin datos,marzo,sábado,18,-101.314952373505,19.6871017925884
13039,13039,2018,"180250254",2018/03/10,17:50:00,COLISIÓN POR CAMBIO DE CARRIL,ASFALTO,Bueno,Bueno,2,CHEVROLET,GRIS,1,,39,MASCULINO,SIN DATOS,0,0,Morelia,Felix Ireta,marzo,sábado,18,-101.192042827606,19.6867785379569
13040,13040,2018,"180250108",2018/03/10,18:00:00,COLISIÓN POR CORTE DE CIRCULACIÓN,ADOQUIN_EMPEDRADO,Bueno,Bueno,2,HONDA,CAFE,2,,23,MASCULINO,SIN DATOS,0,0,Tarímbaro,Club Erandeni,marzo,sábado,18,-101.184897422791,19.7563036468185
13041,13041,2018,,2018/03/10,18:00:00,COLISIÓN POR CORTE DE CIRCULACIÓN,ASFALTO,Bueno,Regular,2,GMC,BLANCO,1,MINISTERIO PÚBLICO,47,MASCULINO,SIN DATOS,0,0,Hidalgo,Sin Nombre,marzo,sábado,18,-100.549600124359,19.7080715420486
13042,13042,2018,,2018/03/10,19:15:00,COLISIÓN POR NO RESPETAR SEMÁFORO,ASFALTO,Bueno,Bueno,2,CHEVROLET,BLANCO,2,,48,MASCULINO,SIN DATOS,0,0,Morelia,Bosques de Oriente,marzo,sábado,19,-101.155650615692,19.7157678414927
13043,13043,2018,"180250777",2018/03/10,19:40:00,SALIDA DE SUPERFICIE DE RODAMIENTO,ASFALTO,Bueno,Bueno,1,RENAULT,BLANCO,1,,,,SIN DATOS,0,0,Morelia,Leandro Valle,marzo,sábado,20,-101.230773925781,19.7159900388621
13044,13044,2018,"180250901",2018/03/10,19:40:00,SUBIDA AL CAMELLÓN,ASFALTO,Bueno,Bueno,1,NISSAN,BLANCO,1,,44,MASCULINO,CON CERTIFICADO,0,0,Morelia,Jardines de Sindurio,marzo,sábado,20,-101.256308555603,19.697728425201
13045,13045,2018,,2018/03/10,20:00:00,COLISIÓN POR ALCANCE,ASFALTO,Bueno,Bueno,2,FORD,CAFE,2,,,,SIN DATOS,0,0,Tuxpan,Santa Ana,marzo,sábado,20,-100.46688079834,19.5761670239037
13046,13046,2018,"180251249",2018/03/10,21:30:00,COLISIÓN POR INVASIÓN DE CARRIL,CONCRETO,Bueno,Bueno,2,VOLKSWAGEN,ROJO,2,,57,MASCULINO,CON CERTIFICADO,0,0,Morelia,Granjas del Maestro,marzo,sábado,22,-101.188755780458,19.7132592622694
13047,13047,2018,"180151853",2018/03/10,22:23:00,COLISIÓN POR CORTE DE CIRCULACIÓN,ASFALTO,Bueno,Bueno,1,DODGE,BLANCO,1,,42,MASCULINO,SIN DATOS,0,0,Morelia,Tierra Y Libertad,marzo,sábado,22,-101.230473518372,19.7158284408059
13048,13048,2018,"180251540",2018/03/10,22:24:00,COLISIÓN POR ALCANCE,ASFALTO,Bueno,Bueno,3,NISSAN,GRIS,2,,50,MASCULINO,SIN DATOS,0,0,Morelia,Leandro Valle,marzo,sábado,22,-101.230688095093,19.7159294396102
13049,13049,2018,"180255412",2018/03/11,"00:00:00",COLISIÓN POR INVASIÓN DE CARRIL,ASFALTO,Bueno,Regular,2,CHEVROLET,NEGRO,2,,49,MASCULINO,SIN DATOS,0,0,Morelia,Ignacio Allende,marzo,domingo,0,-101.279375553131,19.6871219959812
13050,13050,2018,"180251894",2018/03/11,"00:20:00",SALIDA DE SUPERFICIE DE RODAMIENTO,CONCRETO,Bueno,Bueno,1,CHYSLER,GRIS,1,,36,,SIN DATOS,0,0,Morelia,Ampliacion La Soledad,marzo,domingo,0,-101.183137893677,19.7315834827343
13051,13051,2018,"180251934",2018/03/11,"00:23:00",COLISIÓN POR INVASIÓN DE CARRIL,ASFALTO,Bueno,Bueno,2,MERCEDES BENZ,BLANCO,0,MINISTERIO PÚBLICO,,,,0,0,Morelia,Balcones de Morelia,marzo,domingo,0,-101.203383207321,19.674827760413
13052,13052,2018,"180252054",2018/03/11,"01:30:00",SUBIDA AL CAMELLÓN,ASFALTO,Bueno,Bueno,1,VOLKWAGEN,VERDE,0,MINISTERIO PÚBLICO,,,,0,0,Morelia,Alfonso Garcia Robles,marzo,domingo,2,-101.18149638176,19.719242165022
13053,13053,2018,,2018/03/11,"02:00:00",COLISIÓN POR ALCANCE,ASFALTO,Bueno,Bueno,2,CHEVROLET,GRIS,2,,27,MASCULINO,SIN DATOS,0,0,Morelia,Fuentes de Valladolid,marzo,domingo,2,-101.22255563736,19.6706755910069
13054,13054,2018,"180252087",2018/03/11,"02:15:00",COLISIÓN CONTRA OBJETO FIJO,CONCRETO,Bueno,Bueno,1,HONDA,CAFE,1,,36,MASCULINO,SIN DATOS,0,0,Morelia,Felix Ireta,marzo,domingo,2,-101.188223361969,19.687566469978
13056,13056,2018,"180252211",2018/03/11,"04:10:00",COLISIÓN POR CORTE DE CIRCULACIÓN,ADOQUIN_EMPEDRADO,Bueno,Bueno,1,FIAT,ROJO,1,,0,MASCULINO,SIN DATOS,0,0,Morelia,Centro,marzo,domingo,4,-101.191522479057,19.7039404359289
13057,13057,2018,,2018/03/11,"04:35:00",COLISIÓN POR CORTE DE CIRCULACIÓN,ADOQUIN_EMPEDRADO,Bueno,Bueno,2,HONDA,GUINDA,2,,47,MASCULINO,SIN DATOS,0,0,Cuitzeo,Centro,marzo,domingo,5,-101.140737533569,19.9680699782407
13059,13059,2018,"180252308",2018/03/11,"06:15:00",COLISIÓN POR CAMBIO DE CARRIL,CONCRETO,Bueno,Bueno,2,NISSAN,BLANCO Y GRIS,2,,22,MASCULINO,SIN DATOS,0,0,Morelia,Alfonso Garcia Robles,marzo,domingo,6,-101.18266582489,19.7190199721726
13060,13060,2018,"180252340",2018/03/11,"06:40:00",COLISIÓN CONTRA OBJETO FIJO,ASFALTO,Bueno,Bueno,1,FORD,VERDE,1,,30,MASCULINO,CON CERTIFICADO,0,0,Morelia,Villas del Real,marzo,domingo,7,-101.198683977127,19.7346787619086
13062,13062,2018,"180252397",2018/03/11,"07:40:00",COLISIÓN POR CORTE DE CIRCULACIÓN,TERRACERIA,Bueno,Bueno,2,SIN DATOS,ROJO,2,,0,MASCULINO,SIN DATOS,0,0,Morelia,Granjas de La Huerta,marzo,domingo,8,-101.234228610992,19.6618657659043
13063,13063,2018,"180252490",2018/03/11,"07:41:00",SALIDA DE SUPERFICIE DE RODAMIENTO,ASFALTO,Bueno,Bueno,1,HYUNDAY,AZUL,1,,0,FEMENINO,SIN DATOS,0,0,Morelia,Sin datos,marzo,domingo,8,-101.201913356781,19.6502465638365
13064,13064,2018,,2018/03/11,11:30:00,COLISIÓN POR CAMBIO DE CARRIL,ASFALTO,Bueno,Bueno,2,NISSAN,BLANCO,2,,27,MASCULINO,SIN DATOS,0,0,Morelia,Cuauhtemoc,marzo,domingo,12,-101.186184883118,19.7001223505784
13065,13065,2018,,2018/03/11,11:30:00,COLISIÓN POR CORTE DE CIRCULACIÓN,CONCRETO,Bueno,Bueno,2,HONDA,BLANCO,2,,35,MASCULINO,SIN DATOS,0,0,Pátzcuaro,Centro,marzo,domingo,12,-101.611615419388,19.5147855733339
13066,13066,2018,"180253028",2018/03/11,11:35:00,COLISIÓN POR CORTE DE CIRCULACIÓN,ASFALTO,Bueno,Bueno,2,KEEWAY,BLANCO,2,,28,MASCULINO,SIN DATOS,0,0,Morelia,Felix Ireta,marzo,domingo,12,-101.180917024612,19.6850309313059
13067,13067,2018,"180253195",2018/03/11,11:40:00,COLISIÓN POR CORTE DE CIRCULACIÓN,ASFALTO,Bueno,Bueno,2,CHEVROLET,BLANCO,2,,27,MASCULINO,SIN DATOS,0,0,Morelia,Sentimientos de La Nacion,marzo,domingo,12,-101.235322952271,19.6812427011311
13068,13068,2018,,2018/03/11,12:30:00,COLISIÓN POR CAMBIO DE CARRIL,ASFALTO,Bueno,Bueno,2,MERCEDES BENZ,CREMA,2,,29,MASCULINO,SIN DATOS,0,0,Morelia,Centro,marzo,domingo,13,-101.191774606705,19.6960617471489
13069,13069,2018,,2018/03/11,13:05:00,COLISIÓN POR CORTE DE CIRCULACIÓN,ASFALTO,Bueno,Bueno,2,NISSAN SENTRA,ROJO,2,,36,MASCULINO,SIN DATOS,0,0,Apatzingán,Buenos Aires,marzo,domingo,13,-102.359308004379,19.0994206606542
13070,13070,2018,"180253939",2018/03/11,14:20:00,COLISIÓN POR CAMBIO DE CARRIL,ASFALTO,Bueno,Bueno,2,VOLVO,AZUL,2,,29,MASCULINO,SIN DATOS,0,0,Morelia,Ana Maria Gallaga (Riviera Norte),marzo,domingo,14,-101.22372508049,19.6774240744473
13071,13071,2018,"180254036",2018/03/11,15:00:00,COLISIÓN POR CORTE DE CIRCULACIÓN,ASFALTO,Bueno,Bueno,2,TOYOTA,BLANCO Y GRIS,2,,35,MASCULINO,SIN DATOS,0,0,Morelia,Alberto Oviedo Mota,marzo,domingo,15,-101.195840835571,19.6827782078934
13072,13072,2018,"180254167",2018/03/11,15:20:00,COLISIÓN POR ALCANCE,ASFALTO,Bueno,Bueno,2,CHEVROLET,AZUL,2,,22,MASCULINO,SIN DATOS,0,0,Morelia,Sentimientos de La Nacion,marzo,domingo,15,-101.235387325287,19.681404334115
13073,13073,2018,"180253448",2018/03/11,15:30:00,COLISIÓN POR CORTE DE CIRCULACIÓN,ASFALTO,Bueno,Bueno,1,ITALIKA,ROJO Y NEGRO,1,,26,MASCULINO,SIN DATOS,0,0,Morelia,Felix Ireta,marzo,domingo,16,-101.195690631866,19.6816871914444
13074,13074,2018,"180254076",2018/03/11,15:30:00,COLISIÓN CONTRA OBJETO FIJO,CONCRETO,Bueno,Regular,2,FORD,CAFE,2,,57,MASCULINO,CON CERTIFICADO,0,0,Morelia,Ciudad Jardin,marzo,domingo,16,-101.254661679268,19.7047383840547
13075,13075,2018,"180254219",2018/03/11,16:15:00,COLISIÓN POR CAMBIO DE CARRIL,ASFALTO,Bueno,Bueno,2,FORD,ROJO,2,,30,FEMENINO,SIN DATOS,0,0,Morelia,Centro,marzo,domingo,16,-101.199542284012,19.6983041826764
13076,13076,2018,"180254340",2018/03/11,16:30:00,COLISIÓN POR CORTE DE CIRCULACIÓN,ASFALTO,Bueno,Bueno,2,SIN DATOS,SIN DATOS,2,,0,,SIN DATOS,0,0,Morelia,La Aldea,marzo,domingo,17,-101.133785247803,19.7403490769561
13077,13077,2018,,2018/03/11,17:00:00,COLISIÓN POR INVASIÓN DE CARRIL,ASFALTO,Bueno,Bueno,2,VOLKSWAGEN,BLANCO/AZUL,2,,,MASCULINO,SIN DATOS,0,0,Zitácuaro,Sin datos,marzo,domingo,17,-100.3480052948,19.3427916523494
13079,13079,2018,"180254896",2018/03/11,19:00:00,COLISIÓN POR ALCANCE,ASFALTO,Bueno,Bueno,2,VOLKWAGEN,NEGRO,2,,29,MASCULINO,SIN DATOS,0,0,Morelia,Sin datos,marzo,domingo,19,-101.099109649658,19.730735173892
13080,13080,2018,,2018/03/11,19:20:00,COLISIÓN POR CORTE DE CIRCULACIÓN,CONCRETO,Bueno,Bueno,2,ITALIKA,NEGRO/ROJO,3,MINISTERIO PÚBLICO,,,SIN DATOS,1,0,Sahuayo,Lazaro Cardenas,marzo,domingo,19,-102.72145986557,20.0644975193769
13081,13081,2018,"180255213",2018/03/11,20:15:00,VOLCADURA,ASFALTO,Bueno,Bueno,1,NISSAN,NEGRO,2,MINISTERIO PÚBLICO,,,,2,0,Morelia,Sin datos,marzo,domingo,20,-101.121490001678,19.7351382517463
13082,13082,2018,,2018/03/11,20:30:00,COLISIÓN CONTRA OBJETO FIJO,ASFALTO,Bueno,Malo,1,CHRYSLER,GRIS,1,,,,SIN DATOS,0,0,Maravatío,Sin datos,marzo,domingo,21,-100.293760299683,19.8808760605071
13083,13083,2018,"180255606",2018/03/11,22:30:00,COLISIÓN POR ALCANCE,ASFALTO,Bueno,Bueno,2,SIN DATOS,SIN DATOS,2,,0,,SIN DATOS,0,0,Morelia,Loma de Los Piñones,marzo,domingo,23,-101.203737258911,19.6751409367106
13084,13084,2018,"180258535",2018/03/12,"00:00:00",COLISIÓN POR MANIOBRA DE REVERSA,CONCRETO,Bueno,Bueno,2,NISSAN,BLANCO,2,MINISTERIO PÚBLICO,0,,SIN DATOS,0,0,Morelia,Rector Diaz Rubio,marzo,lunes,0,-101.197492405772,19.668624091693
13085,13085,2018,,2018/03/12,"00:15:00",SALIDA DE SUPERFICIE DE RODAMIENTO,ADOQUIN_EMPEDRADO,Bueno,Bueno,1,HONDA,GRIS,1,,0,,SIN DATOS,0,0,Pátzcuaro,Sin datos,marzo,lunes,0,-101.614952087402,19.4934568591695
13086,13086,2018,"180255836",2018/03/12,"00:20:00",SUBIDA AL CAMELLÓN,ASFALTO,Bueno,Regular,1,NISSAN,VERDE,1,,0,,SIN DATOS,0,0,Morelia,Elias Perez Avalos,marzo,lunes,0,-101.166207790375,19.7105966155004
13087,13087,2018,,2018/03/12,"00:30:00",COLISIÓN POR CORTE DE CIRCULACIÓN,ASFALTO,Bueno,Bueno,1,HONDA,CAFE,1,,35,MASCULINO,CON CERTIFICADO,0,0,Morelia,Virrey Antonio de Mendoza,marzo,lunes,1,-101.161712408066,19.7068796935311
13088,13088,2018,"180255994",2018/03/12,"01:45:00",SUBIDA AL CAMELLÓN,ASFALTO,Bueno,Bueno,1,FORD,ROJO,0,,,,,0,0,Morelia,Tzindurio Norte,marzo,lunes,2,-101.246094703674,19.6998092231345
13089,13089,2018,"180256011",2018/03/12,"02:35:00",COLISIÓN POR CAMBIO DE CARRIL,ASFALTO,Bueno,Bueno,2,FORD,ROJO,2,,33,MASCULINO,SIN DATOS,0,0,Morelia,Nueva Valladolid,marzo,lunes,3,-101.210496425629,19.7001021488263
13090,13090,2018,"180256020",2018/03/12,"02:50:00",VOLCADURA,ASFALTO,Bueno,Bueno,1,NISSAN,CAFE,0,,,,,0,0,Morelia,Ampliacion La Soledad,marzo,lunes,3,-101.183255910873,19.7301595331835
13091,13091,2018,"180256085",2018/03/12,"04:50:00",COLISIÓN POR ALCANCE,ASFALTO,Bueno,Bueno,3,HONDA,AZUL,3,MINISTERIO PÚBLICO,0,MASCULINO,SIN DATOS,0,0,Morelia,Ampliacion La Soledad,marzo,lunes,5,-101.180713176727,19.7377234886073
13092,13092,2018,"180256103",2018/03/12,"05:15:00",VOLCADURA,ASFALTO,Bueno,Regular,1,SEAT,GUINDA,1,,20,MASCULINO,SIN DATOS,0,0,Morelia,Sin datos,marzo,lunes,5,-101.402907371521,19.7912365611879
13093,13093,2018,"180256167",2018/03/12,"07:15:00",COLISIÓN POR CORTE DE CIRCULACIÓN,ASFALTO,Bueno,Bueno,2,FORD,AZUL,2,,0,MASCULINO,SIN DATOS,0,0,Morelia,Josefa Ortiz de Dominguez,marzo,lunes,7,-101.209552288055,19.672877971632
13094,13094,2018,"180256285",2018/03/12,"08:11:00",COLISIÓN POR CAMBIO DE CARRIL,ASFALTO,Bueno,Bueno,2,HONDA,ROJO,2,,0,FEMENINO,SIN DATOS,0,0,Morelia,Primo Tapia Oriente,marzo,lunes,8,-101.160736083984,19.7126570458983
13095,13095,2018,"180256238",2018/03/12,"08:20:00",COLISIÓN POR ALCANCE,ASFALTO,Bueno,Bueno,2,CHEVROLET,VERDE,2,,36,MASCULINO,SIN DATOS,0,0,Morelia,Hermanos Lopez Rayon,marzo,lunes,8,-101.220168471336,19.6753581392671
13096,13096,2018,"180256338",2018/03/12,"08:30:00",COLISIÓN POR ALCANCE,ASFALTO,Bueno,Bueno,2,FREIGHTLINER,BLANCO Y AZUL,2,,28,MASCULINO,SIN DATOS,0,0,Morelia,La Quemada,marzo,lunes,9,-101.240719556808,19.7058595449498
13097,13097,2018,"180256546",2018/03/12,"09:00:00",COLISIÓN POR CORTE DE CIRCULACIÓN,CONCRETO,Bueno,Bueno,2,GM,BLANCO,2,,33,MASCULINO,SIN DATOS,0,0,Morelia,Santillan La Huerta,marzo,lunes,9,-101.217588186264,19.6739084329072
13098,13098,2018,"180256437",2018/03/12,"09:00:00",COLISIÓN POR CORTE DE CIRCULACIÓN,ADOQUIN_EMPEDRADO,Bueno,Bueno,2,NISSAN,BLANCO,2,,25,FEMENINO,SIN DATOS,0,0,Morelia,Centro,marzo,lunes,9,-101.190336942673,19.7082129472157
13099,13099,2018,"180256398",2018/03/12,"09:00:00",COLISIÓN POR CORTE DE CIRCULACIÓN,CONCRETO,Bueno,Bueno,2,VOLKSWAGEN,ROJO,2,,65,FEMENINO,SIN DATOS,0,0,Morelia,Isaac Arriaga,marzo,lunes,9,-101.17506980896,19.7080917427944
13102,13102,2018,"180256754",2018/03/12,10:40:00,COLISIÓN POR CORTE DE CIRCULACIÓN,ASFALTO,Bueno,Bueno,1,ITALIKA,ROJO,1,,19,MASCULINO,SIN DATOS,0,0,Morelia,Sentimientos de La Nacion,marzo,lunes,11,-101.233257651329,19.6782575126392
13103,13103,2018,,2018/03/12,11:05:00,COLISIÓN POR INVASIÓN DE CARRIL,CONCRETO,Bueno,Bueno,2,NISSAN,BLANCO,2,,38,MASCULINO,SIN DATOS,0,0,Morelia,Loma de Los Piñones,marzo,lunes,11,-101.205089092255,19.6741407909067