fid,id_accidente,anio_origen,folio_c5i,dia_incidente,hora_ocurrencia,tipo_incidente_vial,superficie_ocurrencia,condiciones_climaticas,condiciones_via,numero_vehiculos_involucrados,marca_vehiculo_ocasiona_siniestro,color_vehiculo_ocasiona_siniestro,numero_personas_involucradas,lugar_remite_presunto_responsable,edad_presunto_responsable,sexo_presunto_responsable,resultados_toxicologia,numero_personas_lesionadas,numero_personas_fallecidas,municipio,colonia,mes,dia_semana,hora_redondeada,lon,lat
13104,13104,2018,"180257296",2018/03/12,12:40:00,COLISIÓN POR CAMBIO DE CARRIL,ASFALTO,Bueno,Bueno,2,VOLKSWAGEN,PLATA,3,,37,FEMENINO,SIN DATOS,1,0,Morelia,Felix Ireta,marzo,lunes,13,-101.181485652924,19.6816265792016
13105,13105,2018,,2018/03/12,14:35:00,COLISIÓN POR ALCANCE,CONCRETO,Bueno,Bueno,3,TOYOTA,PERLA,3,,19,MASCULINO,SIN DATOS,0,0,Morelia,Vasco de Quiroga,marzo,lunes,15,-101.169823408127,19.6970415539245
13106,13106,2018,"180258324",2018/03/12,15:30:00,COLISIÓN POR ALCANCE,ASFALTO,Bueno,Bueno,2,NISSAN,BLANCO,2,,0,MASCULINO,SIN DATOS,0,0,Morelia,Cuauhtemoc,marzo,lunes,16,-101.181807518005,19.7006576960795
13107,13107,2018,"180258626",2018/03/12,16:35:00,COLISIÓN POR MANIOBRA DE REVERSA,CONCRETO,Bueno,Bueno,2,KENWORTH,VERDE,2,,26,MASCULINO,SIN DATOS,0,0,Morelia,Adolfo Lopez Mateos,marzo,lunes,17,-101.22952401638,19.7028697651024
13108,13108,2018,"180258431",2018/03/12,16:44:00,COLISIÓN POR ALCANCE,ASFALTO,Bueno,Bueno,2,NISSAN,BLANCO,2,,27,MASCULINO,SIN DATOS,0,0,Morelia,Elias Perez Avalos,marzo,lunes,17,-101.164818406105,19.7106243910867
13109,13109,2018,"180258418",2018/03/12,16:45:00,VOLCADURA,ASFALTO,Bueno,Bueno,1,FORD,BLANCO,1,,64,MASCULINO,SIN DATOS,0,0,Morelia,Pascual Ortiz de Ayala,marzo,lunes,17,-101.150178909302,19.6952435533901
13111,13111,2018,"180258937",2018/03/12,18:26:00,COLISIÓN POR CORTE DE CIRCULACIÓN,ASFALTO,Bueno,Bueno,2,SIN DATOS,ROJO Y AMARILLO,1,MINISTERIO PÚBLICO,34,FEMENINO,SIN DATOS,0,0,Morelia,Sentimientos de La Nacion,marzo,lunes,18,-101.233263015747,19.6783736885277
13112,13112,2018,"180259309",2018/03/12,20:20:00,SALIDA DE SUPERFICIE DE RODAMIENTO,CONCRETO,Bueno,Bueno,1,FORD,AZUL,1,,27,MASCULINO,SIN DATOS,0,0,Morelia,San Pascual,marzo,lunes,20,-101.267380714417,19.6953344640143
13113,13113,2018,,2018/03/12,20:25:00,COLISIÓN POR MANIOBRA DE REVERSA,TERRACERIA,Bueno,Bueno,2,CHEVROLET,BLANCO,0,,,,,0,0,Zinapécuaro,Sin datos,marzo,lunes,20,-100.824193954468,19.8221044174289
13114,13114,2018,"180259452",2018/03/12,20:30:00,COLISIÓN POR CAMBIO DE CARRIL,ASFALTO,Bueno,Bueno,2,TOYOTA,NEGRO,2,,0,FEMENINO,SIN DATOS,0,0,Morelia,Las Americas,marzo,lunes,21,-101.158955097198,19.6881321623714
13115,13115,2018,"180259459",2018/03/12,20:40:00,COLISIÓN POR MANIOBRA DE REVERSA,ASFALTO,Bueno,Bueno,2,JEEP,NEGRO,2,,0,,SIN DATOS,0,0,Morelia,Ventura Puente,marzo,lunes,21,-101.18397206068,19.6919985153523
13116,13116,2018,"180258675",2018/03/12,20:55:00,COLISIÓN POR ALCANCE,ASFALTO,Bueno,Bueno,2,VOLKWAGEN,BLANCO,2,,42,FEMENINO,SIN DATOS,0,0,Morelia,Molino de Parras,marzo,lunes,21,-101.204262971878,19.7025061394182
13117,13117,2018,"180259636",2018/03/12,21:00:00,COLISIÓN POR CAMBIO DE CARRIL,ASFALTO,Bueno,Bueno,2,VOLKWAGEN,GRIS,2,,60,MASCULINO,CON CERTIFICADO,0,0,Morelia,Indeco El Vivero,marzo,lunes,21,-101.230055093765,19.6769745211377
13118,13118,2018,"180260004",2018/03/12,22:30:00,COLISIÓN POR CORTE DE CIRCULACIÓN,ASFALTO,Bueno,Bueno,2,TOYOTA,BLANCO/GRIS,2,,33,MASCULINO,SIN DATOS,0,0,Morelia,Las Americas,marzo,lunes,23,-101.158847808838,19.6880917558381
13119,13119,2018,,2018/03/13,"00:00:00",COLISIÓN POR CORTE DE CIRCULACIÓN,ASFALTO,Bueno,Bueno,2,FORD,BLANCO,2,,37,MASCULINO,SIN DATOS,0,0,Morelia,Adolfo Lopez Mateos,marzo,martes,0,-101.225366592407,19.6959910392113
13120,13120,2018,"180260082",2018/03/13,"00:25:00",COLISIÓN POR MANIOBRA DE REVERSA,CONCRETO,Bueno,Bueno,2,RAM,AZUL,2,,41,MASCULINO,SIN DATOS,0,0,Morelia,San Juanito Itzicuaro,marzo,martes,0,-101.251888275146,19.6792424794581
13122,13122,2018,"180260363",2018/03/13,"08:05:00",COLISIÓN POR CORTE DE CIRCULACIÓN,ASFALTO,Bueno,Bueno,2,CHEVROLET,BLANCO,2,,40,MASCULINO,SIN DATOS,0,0,Morelia,Felix Ireta,marzo,martes,8,-101.189406216145,19.6882521192069
13123,13123,2018,"180260388",2018/03/13,"08:10:00",CAIDA DE MOTOCICLETA,ASFALTO,Bueno,Bueno,1,SUZUKI,BLANCO,1,,21,MASCULINO,SIN DATOS,0,0,Morelia,Las Americas,marzo,martes,8,-101.158976554871,19.6882129754073
13124,13124,2018,LEG13668,2018/03/13,"09:00:00",COLISIÓN POR CAMBIO DE CARRIL,ASFALTO,Bueno,Bueno,2,NISSAN,PLATA,2,,0,MASCULINO,SIN DATOS,0,0,Morelia,Sentimientos de La Nacion,marzo,martes,9,-101.235322952271,19.681404334115
13125,13125,2018,,2018/03/13,10:48:00,COLISIÓN CONTRA OBJETO FIJO,ASFALTO,Bueno,Bueno,2,DODGE,ZAFIRO,2,,29,,SIN DATOS,0,0,Morelia,Sin datos,marzo,martes,11,-101.284503936768,19.5951904289189
13126,13126,2018,"180261191",2018/03/13,11:20:00,COLISIÓN POR ALCANCE,ASFALTO,Bueno,Bueno,4,BMW,GRIS,4,,44,FEMENINO,SIN DATOS,0,0,Morelia,Cinco de Diciembre,marzo,martes,11,-101.165687441826,19.6845409919147
13127,13127,2018,"180261215",2018/03/13,11:50:00,COLISIÓN CON PEATÓN,ASFALTO,Bueno,Bueno,1,SIN DATOS,SIN DATOS,1,,,,,1,0,Morelia,Villas de La Esperanza,marzo,martes,12,-101.270878314972,19.6943142418257
13128,13128,2018,,2018/03/13,12:47:00,COLISIÓN POR CORTE DE CIRCULACIÓN,ASFALTO,Bueno,Bueno,2,NISSAN,BLANCO,2,,28,MASCULINO,SIN DATOS,0,0,Morelia,Guadalupe,marzo,martes,13,-101.226031780243,19.708505857521
13129,13129,2018,"1802261861",2018/03/13,13:30:00,COLISIÓN CONTRA OBJETO FIJO,ASFALTO,Bueno,Regular,1,KENWORTH,BLANCO,1,,38,MASCULINO,SIN DATOS,0,0,Morelia,Jardines de Santiaguito,marzo,martes,14,-101.212462484837,19.718061761972
13130,13130,2018,,2018/03/13,13:45:00,COLISIÓN POR CORTE DE CIRCULACIÓN,ASFALTO,Bueno,Bueno,4,V.W.,NEGRO,6,,23,MASCULINO,SIN DATOS,2,0,Sahuayo,Centro,marzo,martes,14,-102.716417312622,20.0555281358294
13131,13131,2018,,2018/03/13,14:00:00,COLISIÓN CON PEATÓN,CONCRETO,Bueno,Bueno,1,FORD,BLANCO,2,,34,MASCULINO,SIN DATOS,1,0,Cuitzeo,Centro,marzo,martes,14,-101.140801906586,19.9676918333579
13133,13133,2018,"180261989",2018/03/13,14:40:00,COLISIÓN POR CORTE DE CIRCULACIÓN,CONCRETO,Bueno,Bueno,2,ITALIKA,ROJO,1,,52,MASCULINO,SIN DATOS,0,0,Morelia,Dr Miguel Silva,marzo,martes,15,-101.178588867188,19.7192825636887
13135,13135,2018,"180262928",2018/03/13,18:25:00,COLISIÓN POR ALCANCE,ASFALTO,Bueno,Bueno,2,HONDA,ROJO,3,,24,MASCULINO,SIN DATOS,1,0,Morelia,Juarez,marzo,martes,18,-101.200191378593,19.6955263862735
13136,13136,2018,,2018/03/13,19:00:00,COLISIÓN POR INVASIÓN DE CARRIL,ASFALTO,Bueno,Bueno,2,VOLKSWAGEN,AZUL,2,MINISTERIO PÚBLICO,,,,0,2,Morelia,Sin datos,marzo,martes,19,-101.118657588959,19.6883442965037
13137,13137,2018,,2018/03/14,"04:30:00",COLISIÓN CONTRA OBJETO FIJO,ASFALTO,Bueno,Bueno,2,KENWORTH,BLANCO/AZUL,2,,0,MASCULINO,SIN DATOS,0,0,Cuitzeo,Centro,marzo,miércoles,5,-101.13972902298,19.9690783601616
13138,13138,2018,"180264368",2018/03/14,"08:05:00",COLISIÓN POR NO RESPETAR SEMÁFORO,ASFALTO,Bueno,Bueno,2,HYUNDAY,GRIS,2,,43,MASCULINO,SIN DATOS,0,0,Morelia,Leandro Valle,marzo,miércoles,8,-101.230623722076,19.7159092398544
13139,13139,2018,"180264381",2018/03/14,"08:10:00",COLISIÓN POR NO RESPETAR SEMÁFORO,ASFALTO,Bueno,Bueno,2,DINA,BLANCO Y AMARILLO,2,,23,MASCULINO,SIN DATOS,0,0,Morelia,Libertad,marzo,miércoles,8,-101.236900091171,19.6848642510627
13140,13140,2018,,2018/03/14,"08:10:00",COLISIÓN POR CORTE DE CIRCULACIÓN,ASFALTO,Bueno,Bueno,2,VOLKSWAGEN,AZUL,2,,0,MASCULINO,SIN DATOS,0,0,Morelia,Prados Verdes,marzo,miércoles,8,-101.198614239693,19.7170000230129
13141,13141,2018,"180264335",2018/03/14,"08:15:00",COLISIÓN POR CAMBIO DE CARRIL,CONCRETO,Bueno,Bueno,2,RENAULT,NEGRO,2,,26,FEMENINO,SIN DATOS,0,0,Morelia,Vista Hermosa 1A Etapa,marzo,miércoles,8,-101.213259100914,19.6775301486398
13142,13142,2018,"180264434",2018/03/14,"08:40:00",COLISIÓN POR CORTE DE CIRCULACIÓN,CONCRETO,Bueno,Bueno,2,SIN DATOS,SIN DATOS,2,MINISTERIO PÚBLICO,0,,SIN DATOS,1,0,Morelia,Adolfo Lopez Mateos,marzo,miércoles,9,-101.226090788841,19.6979304456037
13143,13143,2018,"180264509",2018/03/14,"09:08:00",COLISIÓN POR CAMBIO DE CARRIL,CONCRETO,Bueno,Bueno,2,NISSAN,VERDE,2,,54,MASCULINO,SIN DATOS,0,0,Morelia,Chapultepec Norte,marzo,miércoles,9,-101.168342828751,19.6950718331813
13144,13144,2018,,2018/03/14,"09:20:00",COLISIÓN POR CORTE DE CIRCULACIÓN,ASFALTO,Bueno,Bueno,2,VOLKSWAGEN,BLANCO,2,,30,FEMENINO,SIN DATOS,0,0,Morelia,Matamoros,marzo,miércoles,9,-101.163648962975,19.6980920617422
13145,13145,2018,"180264958",2018/03/14,10:40:00,COLISIÓN POR ALCANCE,CONCRETO,Bueno,Bueno,2,NISSAN,ROJO,2,,43,MASCULINO,SIN DATOS,0,0,Morelia,Matamoros,marzo,miércoles,11,-101.164448261261,19.696021342617
13146,13146,2018,"180265290",2018/03/14,11:50:00,COLISIÓN POR CAMBIO DE CARRIL,ASFALTO,Bueno,Bueno,2,FORD,BLANCO,2,,35,MASCULINO,SIN DATOS,0,0,Morelia,Los Manantiales de Morelia,marzo,miércoles,12,-101.241427659988,19.6954758804381
13147,13147,2018,"180265128",2018/03/14,11:50:00,COLISIÓN POR ALCANCE,ASFALTO,Bueno,Bueno,2,RAM,PLATA,2,,21,MASCULINO,SIN DATOS,0,0,Morelia,Jardines del Rincon,marzo,miércoles,12,-101.150447130203,19.6907737173597
13148,13148,2018,,2018/03/14,12:50:00,COLISIÓN POR ALCANCE,ASFALTO,Bueno,Bueno,2,TOYOTA,ROJO,2,,0,MASCULINO,SIN DATOS,0,0,Morelia,Lomas de Huerta,marzo,miércoles,13,-101.210217475891,19.6723930463862
13149,13149,2018,"180265391",2018/03/14,13:00:00,VOLCADURA,ASFALTO,Bueno,Bueno,1,FORD,BLANCO,1,,,MASCULINO,SIN DATOS,0,0,Morelia,Primo Tapia Oriente,marzo,miércoles,13,-101.163139343262,19.7115864334166
13150,13150,2018,,2018/03/14,13:14:00,COLISIÓN POR NO RESPETAR SEMÁFORO,ASFALTO,Bueno,Bueno,2,VOLKSWAGEN,AZUL,2,MINISTERIO PÚBLICO,38,MASCULINO,SIN DATOS,0,0,Morelia,Cosmos,marzo,miércoles,13,-101.216461658478,19.6831721842292
13151,13151,2018,,2018/03/14,13:30:00,COLISIÓN POR CAMBIO DE CARRIL,ASFALTO,Bueno,Bueno,2,KENWORTH,ROJO,2,,49,MASCULINO,SIN DATOS,0,0,Morelia,Jardines de Torremolinos,marzo,miércoles,14,-101.225731372833,19.6769391629588
13152,13152,2018,"180265584",2018/03/14,13:45:00,COLISIÓN POR ALCANCE,ASFALTO,Bueno,Bueno,2,ITALIKA,NEGRO,2,,31,MASCULINO,SIN DATOS,0,0,Morelia,Felix Ireta,marzo,miércoles,14,-101.181507110596,19.6816669873661
13153,13153,2018,"180265783",2018/03/14,14:40:00,COLISIÓN POR ALCANCE,ASFALTO,Bueno,Bueno,2,NISSAN,BLANCO Y ROJO,1,,43,MASCULINO,SIN DATOS,0,0,Morelia,Tierra Y Libertad,marzo,miércoles,15,-101.230494976044,19.7158284408059
13154,13154,2018,,2018/03/14,15:10:00,COLISIÓN POR CORTE DE CIRCULACIÓN,ASFALTO,Bueno,Bueno,2,NISSAN,BLANCO,2,,28,MASCULINO,SIN DATOS,0,0,Pátzcuaro,Sin Nombre,marzo,miércoles,15,-101.598558425903,19.4950548403621
13155,13155,2018,"180266748",2018/03/14,15:39:00,COLISIÓN POR ALCANCE,ASFALTO,Bueno,Bueno,2,VOLKSWAGEN,AZUL,2,,22,MASCULINO,SIN DATOS,0,0,Morelia,Pascual Ortiz de Ayala,marzo,miércoles,16,-101.150608062744,19.6970617560629
13156,13156,2018,,2018/03/14,15:40:00,COLISIÓN POR ALCANCE,ASFALTO,Bueno,Bueno,2,NISSAN,BLANCO Y ROJO,2,,25,MASCULINO,SIN DATOS,0,0,Morelia,Alberto Oviedo Mota,marzo,miércoles,16,-101.197814941406,19.6813639258843
13157,13157,2018,"180266181",2018/03/14,15:45:00,COLISIÓN POR CORTE DE CIRCULACIÓN,CONCRETO,Bueno,Bueno,1,SIN DATOS,SIN DATOS,1,,,,,1,0,Morelia,Solidaridad,marzo,miércoles,16,-101.207374334335,19.7278569496083
13158,13158,2018,"180266491",2018/03/14,16:05:00,COLISIÓN CONTRA OBJETO FIJO,CONCRETO,Bueno,Bueno,3,CHEVROLET,NEGRO,3,,,MASCULINO,SIN DATOS,0,0,Morelia,Felix Ireta,marzo,miércoles,16,-101.18124961853,19.6877584015497
13159,13159,2018,"180266535",2018/03/14,16:30:00,COLISIÓN POR ALCANCE,ASFALTO,Bueno,Bueno,2,NISSAN,ROJO,2,,22,MASCULINO,SIN DATOS,0,0,Morelia,Villas del Real,marzo,miércoles,17,-101.198764443398,19.7348857849661
13160,13160,2018,"180267102",2018/03/14,19:10:00,COLISIÓN POR CORTE DE CIRCULACIÓN,CONCRETO,Bueno,Bueno,1,ITALIKA,BLANCO,1,,28,MASCULINO,SIN DATOS,0,0,Morelia,Tres Puentes,marzo,miércoles,19,-101.213285923004,19.7034556047442
13162,13162,2018,"180267940",2018/03/14,20:54:00,COLISIÓN POR CAMBIO DE CARRIL,ASFALTO,Bueno,Bueno,2,CHEVROLET,PLATA,2,,63,MASCULINO,SIN DATOS,0,0,Morelia,Matamoros,marzo,miércoles,21,-101.164534091949,19.6960364943176
13163,13163,2018,"180267565",2018/03/14,21:00:00,COLISIÓN POR CORTE DE CIRCULACIÓN,ASFALTO,Bueno,Bueno,2,BAJAJ,AZUL,3,,25,MASCULINO,SIN DATOS,1,0,Morelia,Ventura Puente,marzo,miércoles,21,-101.191847026348,19.6949682959076
13164,13164,2018,,2018/03/14,22:15:00,COLISIÓN POR INVASIÓN DE CARRIL,ASFALTO,Bueno,Bueno,2,APRISA,NEGRO,3,,17,,SIN DATOS,1,0,Cuitzeo,Los Granados,marzo,miércoles,22,-101.140286922455,19.9749823068904
13165,13165,2018,"180268115",2018/03/15,"00:10:00",COLISIÓN POR ALCANCE,ASFALTO,Bueno,Bueno,2,ITALIKA,ROJO,2,,25,MASCULINO,SIN DATOS,0,0,Morelia,Primaveras,marzo,jueves,0,-101.22631072998,19.6808184137723
13166,13166,2018,"180271834",2018/03/15,"01:28:00",COLISIÓN POR CORTE DE CIRCULACIÓN,ASFALTO,Bueno,Bueno,2,VOLKSWAGEN,ROJO,2,,,,SIN DATOS,0,0,Morelia,Lomas del Valle,marzo,jueves,1,-101.228917837143,19.688829173465
13167,13167,2018,"180268000",2018/03/15,"03:10:00",SUBIDA AL CAMELLÓN,ASFALTO,Bueno,Bueno,1,VOLKSWAGEN,ROJO,0,,,,,0,0,Morelia,Alberto Oviedo Mota,marzo,jueves,3,-101.195883750916,19.682677188164
13168,13168,2018,"180268239",2018/03/15,"04:25:00",COLISIÓN POR NO RESPETAR SEMÁFORO,ASFALTO,Bueno,Bueno,2,HONDA,NEGRO,2,,21,MASCULINO,ALIENTO ETÍLICO,0,0,Morelia,Fovissste La Huerta,marzo,jueves,4,-101.212084293365,19.692344487521
13169,13169,2018,"180268325",2018/03/15,"06:55:00",COLISIÓN POR CAMBIO DE CARRIL,ASFALTO,Bueno,Bueno,2,ITALIKA,ROJO,2,,0,MASCULINO,SIN DATOS,0,0,Morelia,Tierra Y Libertad,marzo,jueves,7,-101.230527162552,19.7157476417166
13170,13170,2018,"180217808",2018/03/15,"08:20:00",COLISIÓN POR CORTE DE CIRCULACIÓN,CONCRETO,Bueno,Bueno,2,SIN DATOS,SIN DATOS,1,,46,MASCULINO,SIN DATOS,0,0,Morelia,Nueva Esperanza,marzo,jueves,8,-101.250686645508,19.6877988081671
13172,13172,2018,,2018/03/15,10:15:00,COLISIÓN POR CAMBIO DE CARRIL,ASFALTO,Bueno,Bueno,2,CHEVROLET,BLANCO,2,,51,MASCULINO,SIN DATOS,0,0,Morelia,Arcos del Valle,marzo,jueves,10,-101.236267089844,19.707707928188
13173,13173,2018,"180268672",2018/03/15,10:30:00,VOLCADURA,ASFALTO,Bueno,Bueno,1,CHEVROLET,BLANCO,0,,,,,0,0,Morelia,Sin datos,marzo,jueves,11,-101.117777824402,19.7312401201741
13174,13174,2018,"150269573",2018/03/15,13:35:00,COLISIÓN CONTRA OBJETO FIJO,ASFALTO,Bueno,Bueno,2,NISSAN,BLANCO/ROJO,2,,72,MASCULINO,SIN DATOS,0,0,Morelia,Centro,marzo,jueves,14,-101.194247603416,19.7039707378291
13175,13175,2018,"180269663",2018/03/15,13:50:00,COLISIÓN POR CAMBIO DE CARRIL,ASFALTO,Bueno,Bueno,2,SEAT,NEGRO,2,,21,MASCULINO,SIN DATOS,0,0,Morelia,Nueva Chapultepec,marzo,jueves,14,-101.171454191208,19.6860209073575
13176,13176,2018,,2018/03/15,14:00:00,COLISIÓN POR ALCANCE,ASFALTO,Bueno,Bueno,2,MERCEDES BENZ,BLANCO/AZUL,3,,36,MASCULINO,SIN DATOS,1,0,Maravatío,Sin datos,marzo,jueves,14,-100.356631278992,19.8672749447864
13177,13177,2018,"180270275",2018/03/15,16:00:00,COLISIÓN POR ALCANCE,ASFALTO,Bueno,Bueno,2,NISSAN,BLANCO,2,,29,MASCULINO,SIN DATOS,0,0,Tarímbaro,Sin datos,marzo,jueves,16,-101.17182970047,19.7509317798874
13178,13178,2018,,2018/03/15,18:00:00,COLISIÓN POR INVASIÓN DE CARRIL,ASFALTO,Bueno,Bueno,2,FORD,BLANCO,2,,42,MASCULINO,SIN DATOS,0,0,Cuitzeo,La Cantera,marzo,jueves,18,-101.134195828774,19.9689751920991
13179,13179,2018,,2018/03/15,18:45:00,COLISIÓN POR MANIOBRA DE REVERSA,ASFALTO,Bueno,Bueno,2,NISSAN,BLANCO,2,,44,MASCULINO,SIN DATOS,0,0,Morelia,Felix Arreguin,marzo,jueves,19,-101.227276325226,19.7206359131231
13180,13180,2018,,2018/03/15,21:50:00,COLISIÓN POR CORTE DE CIRCULACIÓN,ASFALTO,Bueno,Bueno,2,SIN DATOS,SIN DATOS,1,,29,MASCULINO,SIN DATOS,0,0,Morelia,Lindavista,marzo,jueves,22,-101.216161251068,19.7039000333863
13181,13181,2018,"180271519",2018/03/15,22:30:00,COLISIÓN POR CORTE DE CIRCULACIÓN,SIN_DATOS,Bueno,Bueno,1,SIN DATOS,SIN DATOS,0,,,,,0,0,Morelia,Las Margaritas,marzo,jueves,23,-101.208892464638,19.7084452554329
13182,13182,2018,"180271750",2018/03/15,23:50:00,COLISIÓN POR CORTE DE CIRCULACIÓN,ASFALTO,Bueno,Bueno,3,CHEVROLET,AZUL,3,,21,MASCULINO,SIN DATOS,0,0,Morelia,Chapultepec Sur,marzo,jueves,0,-101.165939569473,19.6911323189792
13183,13183,2018,"180271808",2018/03/16,"00:45:00",SUBIDA AL CAMELLÓN,ASFALTO,Bueno,Bueno,1,FIAT,ROJO,1,,48,MASCULINO,SIN DATOS,0,0,Morelia,Canteras de Morelia,marzo,viernes,1,-101.171808242798,19.7162930347773
13184,13184,2018,,2018/03/16,"06:15:00",SUBIDA AL CAMELLÓN,ASFALTO,Bueno,Bueno,1,NISSAN,VINO,1,,27,MASCULINO,SIN DATOS,0,0,Morelia,Rafael Carrillo,marzo,viernes,6,-101.23450756073,19.7105764150709
13185,13185,2018,"180271957",2018/03/16,"06:50:00",COLISIÓN POR ALCANCE,ASFALTO,Bueno,Malo,3,NISSAN,BLANCO,3,,33,MASCULINO,SIN DATOS,0,0,Morelia,Sin datos,marzo,viernes,7,-101.342353820801,19.7284124004376
13186,13186,2018,"180279217",2018/03/16,"07:15:00",COLISIÓN POR NO RESPETAR SEMÁFORO,SIN_DATOS,Bueno,Bueno,2,BAJAJ,NEGRO,1,,43,MASCULINO,SIN DATOS,0,0,Morelia,Jardines del Toreo,marzo,viernes,7,-101.214230060577,19.6881321623714
13187,13187,2018,"180262218",2018/03/16,"08:40:00",COLISIÓN POR CAMBIO DE CARRIL,ASFALTO,Bueno,Bueno,2,CHEVROLET,ROJO,2,,29,MASCULINO,SIN DATOS,0,0,Morelia,Industrial,marzo,viernes,9,-101.18838429451,19.7107834693516
13188,13188,2018,"180272253",2018/03/16,"09:04:00",COLISIÓN POR CAMBIO DE CARRIL,ASFALTO,Bueno,Bueno,2,DINA,AZUL/BLANCO,2,,30,MASCULINO,SIN DATOS,0,0,Morelia,Centro,marzo,viernes,9,-101.195197105408,19.6963748819252
13189,13189,2018,"180272280",2018/03/16,"09:05:00",COLISIÓN POR CAMBIO DE CARRIL,ASFALTO,Bueno,Bueno,2,TOYOTA,BLANCO,2,,25,MASCULINO,SIN DATOS,0,0,Morelia,Tlalpujahua,marzo,viernes,9,-101.219079494476,19.6767371160721
13190,13190,2018,"18072286",2018/03/16,"09:30:00",COLISIÓN CONTRA OBJETO FIJO,CONCRETO,Bueno,Bueno,1,VOLKSWAGEN,BLANCO,1,,28,MASCULINO,SIN DATOS,0,0,Morelia,Sin datos,marzo,viernes,10,-101.109795570374,19.7319167456898
13191,13191,2018,"180272357",2018/03/16,"09:30:00",COLISIÓN POR CORTE DE CIRCULACIÓN,ASFALTO,Bueno,Bueno,2,INTERNATIONAL,VERDE,2,,41,MASCULINO,SIN DATOS,0,0,Morelia,Plan de Ayala,marzo,viernes,10,-101.182247400284,19.7067635383277
13192,13192,2018,,2018/03/16,10:20:00,COLISIÓN POR CAMBIO DE CARRIL,ASFALTO,Bueno,Bueno,2,CHEVROLET,PLATA,2,MINISTERIO PÚBLICO,30,MASCULINO,SIN DATOS,0,0,Morelia,Independencia,marzo,viernes,10,-101.177945137024,19.719484556869
13193,13193,2018,"180272643",2018/03/16,10:40:00,COLISIÓN POR ALCANCE,CONCRETO,Bueno,Bueno,2,FORD,BLANCO,2,,,MASCULINO,SIN DATOS,0,0,Morelia,Ferrocarrilero,marzo,viernes,11,-101.219889521599,19.6951526427143
13194,13194,2018,,2018/03/16,11:31:00,COLISIÓN POR CORTE DE CIRCULACIÓN,ASFALTO,Bueno,Bueno,2,DODGE,BLANCO,2,,,MASCULINO,SIN DATOS,0,0,Morelia,Centro,marzo,viernes,12,-101.190401315689,19.7065463783735
13195,13195,2018,"180273142",2018/03/16,13:20:00,COLISIÓN CON PEATÓN,ASFALTO,Bueno,Bueno,1,DODGE,BLANCO,2,,,MASCULINO,SIN DATOS,1,0,Morelia,Lindavista,marzo,viernes,13,-101.215463876724,19.7069705975444
13196,13196,2018,"180273390",2018/03/16,14:10:00,CAIDA DE MOTOCICLETA,ASFALTO,Bueno,Bueno,1,HONDA,BLANCO,1,,,,SIN DATOS,0,0,Morelia,Avicola Benito Juarez,marzo,viernes,14,-101.279547214508,19.6915868832579
13197,13197,2018,"180275182",2018/03/16,14:35:00,COLISIÓN POR CAMBIO DE CARRIL,ASFALTO,Bueno,Bueno,2,HONDA,GRIS,2,,26,MASCULINO,SIN DATOS,0,0,Morelia,Vasco de Quiroga,marzo,viernes,15,-101.175745725632,19.7005364859342
13198,13198,2018,"180273402",2018/03/16,15:00:00,COLISIÓN POR CORTE DE CIRCULACIÓN,CONCRETO,Bueno,Bueno,2,HONDA,VERDE,2,MINISTERIO PÚBLICO,28,MASCULINO,SIN DATOS,0,0,Morelia,Morelos,marzo,viernes,15,-101.206119060516,19.6992435720051
13199,13199,2018,"180273857",2018/03/16,15:40:00,COLISIÓN POR ALCANCE,ASFALTO,Bueno,Bueno,3,DODGE,NEGRO,3,,,MASCULINO,SIN DATOS,0,0,Morelia,Bosques de Oriente,marzo,viernes,16,-101.156530380249,19.7151416472448
13200,13200,2018,,2018/03/16,16:37:00,COLISIÓN POR CORTE DE CIRCULACIÓN,ASFALTO,Bueno,Bueno,2,BAJAJ,NEGRO,2,MINISTERIO PÚBLICO,37,MASCULINO,SIN DATOS,0,0,Morelia,Gertrudis Bocanegra,marzo,viernes,17,-101.209933161736,19.7058645952063
13201,13201,2018,"180274203",2018/03/16,17:10:00,COLISIÓN POR ALCANCE,ASFALTO,Bueno,Bueno,2,TOYOTA,AZUL,2,,26,MASCULINO,SIN DATOS,0,0,Morelia,Diego Rivera,marzo,viernes,17,-101.175284385681,19.7175656113503
13202,13202,2018,"180274636",2018/03/16,19:00:00,COLISIÓN POR ALCANCE,ASFALTO,Bueno,Bueno,2,CHEVROLET,AZUL,2,,19,MASCULINO,SIN DATOS,0,0,Morelia,Indeco El Vivero,marzo,viernes,19,-101.230055093765,19.6769745211377
13203,13203,2018,"180275232",2018/03/16,21:37:00,COLISIÓN POR ALCANCE,ASFALTO,Bueno,Regular,2,NISSAN,ROJO,2,,27,MASCULINO,SIN DATOS,0,0,Morelia,Josefa Ortiz de Dominguez,marzo,viernes,22,-101.20903596282,19.6719257993186
13204,13204,2018,"180275303",2018/03/16,22:45:00,SALIDA DE SUPERFICIE DE RODAMIENTO,ASFALTO,Bueno,Bueno,1,HONDA,NEGRO,1,,,,SIN DATOS,0,0,Tarímbaro,Campestre,marzo,viernes,23,-101.162796020508,19.7981212782043
13205,13205,2018,"180275433",2018/03/16,23:00:00,VOLCADURA,ASFALTO,Bueno,Bueno,1,HONDA,GRIS,1,MINISTERIO PÚBLICO,,,SIN DATOS,0,0,Morelia,San Rafael,marzo,viernes,23,-101.154878139496,19.7006576960795