fid,id_accidente,anio_origen,folio_c5i,dia_incidente,hora_ocurrencia,tipo_incidente_vial,superficie_ocurrencia,condiciones_climaticas,condiciones_via,numero_vehiculos_involucrados,marca_vehiculo_ocasiona_siniestro,color_vehiculo_ocasiona_siniestro,numero_personas_involucradas,lugar_remite_presunto_responsable,edad_presunto_responsable,sexo_presunto_responsable,resultados_toxicologia,numero_personas_lesionadas,numero_personas_fallecidas,municipio,colonia,mes,dia_semana,hora_redondeada,lon,lat
13206,13206,2018,,2018/03/17,"00:00:00",COLISIÓN CONTRA OBJETO FIJO,ASFALTO,Bueno,Bueno,2,GENERAL MOTORS,GRIS,2,,35,MASCULINO,SIN DATOS,0,0,Morelia,Pascual Ortiz de Ayala,marzo,sábado,0,-101.151554882526,19.696575641399
13207,13207,2018,"180275682",2018/03/17,"01:25:00",COLISIÓN POR CAMBIO DE CARRIL,ASFALTO,Bueno,Bueno,2,KENWORTH,GRIS,2,,,MASCULINO,SIN DATOS,0,0,Morelia,Francisco J Mujica,marzo,sábado,1,-101.190369129181,19.7223528324828
13208,13208,2018,"180275760",2018/03/17,"03:00:00",VOLCADURA,CONCRETO,Bueno,Bueno,2,RENAULT,NEGRO,2,,,,SIN DATOS,0,0,Morelia,Chapultepec Sur,marzo,sábado,3,-101.171293258667,19.6904151149369
13209,13209,2018,,2018/03/17,"03:30:00",SUBIDA AL CAMELLÓN,ASFALTO,Bueno,Bueno,1,NISSAN,BLANCO/ROJO,1,,59,MASCULINO,CON CERTIFICADO,0,0,Morelia,Felix Ireta,marzo,sábado,4,-101.195819377899,19.6817680077325
13210,13210,2018,"180275823",2018/03/17,"05:10:00",COLISIÓN CONTRA OBJETO FIJO,CONCRETO,Bueno,Bueno,1,MITSUBISHI,GRIS,1,,38,FEMENINO,SIN DATOS,0,0,Morelia,San Juanito Itzicuaro,marzo,sábado,5,-101.25182390213,19.6792828882239
13211,13211,2018,"180275898",2018/03/17,"07:20:00",CAIDA DE MOTOCICLETA,ASFALTO,Bueno,Bueno,1,DINAMO,NEGRO,0,,,,,0,0,Tarímbaro,Sin datos,marzo,sábado,7,-101.178138256073,19.7590097067619
13212,13212,2018,"180276055",2018/03/17,"08:15:00",COLISIÓN POR ALCANCE,ASFALTO,Bueno,Bueno,2,FORD,BLANCO,2,,29,MASCULINO,CON CERTIFICADO,0,0,Morelia,Libertad,marzo,sábado,8,-101.237007379532,19.6850410331333
13213,13213,2018,"180276142",2018/03/17,"08:50:00",COLISIÓN POR CAMBIO DE CARRIL,ASFALTO,Bueno,Regular,2,TOYOTA,GRIS,2,MINISTERIO PÚBLICO,,,SIN DATOS,0,0,Morelia,Jardines del Toreo,marzo,sábado,9,-101.214165687561,19.6880917558381
13214,13214,2018,,2018/03/17,10:18:00,COLISIÓN CONTRA OBJETO FIJO,CONCRETO,Bueno,Bueno,2,SIN DATOS,SIN DATOS,2,,,,SIN DATOS,0,0,Morelia,Lomas de Huerta,marzo,sábado,10,-101.21435880661,19.6763405983163
13215,13215,2018,"180276714",2018/03/17,11:15:00,COLISIÓN POR CORTE DE CIRCULACIÓN,ASFALTO,Bueno,Bueno,2,VOLKSWAGEN,NEGRO,2,MINISTERIO PÚBLICO,38,MASCULINO,SIN DATOS,0,0,Morelia,Chapultepec Sur,marzo,sábado,11,-101.174597740173,19.6924859065864
13216,13216,2018,"180276944",2018/03/17,12:10:00,COLISIÓN POR ALCANCE,ASFALTO,Bueno,Bueno,2,NISSAN,BLANCO/ROJO,2,,33,MASCULINO,SIN DATOS,0,0,Morelia,Libertad,marzo,sábado,12,-101.236910820007,19.68500062582
13217,13217,2018,"180277189",2018/03/17,13:50:00,SUBIDA AL CAMELLÓN,ASFALTO,Bueno,Bueno,1,NISSAN,GRIS,1,,,,SIN DATOS,0,0,Morelia,San Jose del Cerrito,marzo,sábado,14,-101.219835877419,19.6634873354312
13218,13218,2018,"180277446",2018/03/17,14:00:00,COLISIÓN POR ALCANCE,ASFALTO,Bueno,Bueno,3,MERCURY,AZUL,3,,78,MASCULINO,SIN DATOS,0,0,Morelia,Independencia,marzo,sábado,14,-101.177880764008,19.7193633609915
13219,13219,2018,"180277285",2018/03/17,14:05:00,COLISIÓN POR MANIOBRA DE REVERSA,ASFALTO,Bueno,Bueno,2,DODGE,ROJO,2,,30,MASCULINO,SIN DATOS,0,0,Morelia,Lomas del Tecnologico,marzo,sábado,14,-101.193330287933,19.7203329254392
13220,13220,2018,"1802775117",2018/03/17,14:10:00,COLISIÓN POR ALCANCE,ASFALTO,Bueno,Bueno,2,FORD,BLANCO,2,,31,MASCULINO,SIN DATOS,0,0,Morelia,Loma de Los Piñones,marzo,sábado,14,-101.205067634583,19.6743327385652
13221,13221,2018,"180277664",2018/03/17,14:45:00,COLISIÓN POR CORTE DE CIRCULACIÓN,ASFALTO,Bueno,Bueno,2,HONDA,PLATA,2,,58,MASCULINO,SIN DATOS,0,0,Morelia,Lomas de Santa Maria,marzo,sábado,15,-101.18427246809,19.6754945221173
13222,13222,2018,,2018/03/17,16:08:00,COLISIÓN POR CAMBIO DE CARRIL,CONCRETO,Bueno,Bueno,2,VW JETTA,NEGRO,2,,43,FEMENINO,SIN DATOS,0,0,Apatzingán,Ferrocarril,marzo,sábado,16,-102.354029417038,19.0776321544491
13223,13223,2018,,2018/03/17,17:35:00,COLISIÓN CONTRA OBJETO FIJO,CONCRETO,Bueno,Bueno,2,KAWASAKI,AZUL,2,,,FEMENINO,SIN DATOS,0,0,Morelia,Las Margaritas,marzo,sábado,18,-101.208897829056,19.7084654561315
13224,13224,2018,,2018/03/17,18:00:00,COLISIÓN POR CORTE DE CIRCULACIÓN,ASFALTO,Bueno,Bueno,1,ITALIKA,NEGRO,1,,34,MASCULINO,SIN DATOS,0,0,Morelia,Sin datos,marzo,sábado,18,-101.327826976776,19.6854653093065
13225,13225,2018,"180278405",2018/03/17,18:00:00,COLISIÓN POR CORTE DE CIRCULACIÓN,ASFALTO,Bueno,Regular,2,ITALIKA,NEGRO,2,,18,MASCULINO,SIN DATOS,0,0,Morelia,Adolfo Lopez Mateos,marzo,sábado,18,-101.226573586464,19.6944051529777
13226,13226,2018,"180278657",2018/03/17,18:45:00,COLISIÓN POR ALCANCE,ASFALTO,Bueno,Bueno,2,RENAULT,GRIS,2,,51,MASCULINO,SIN DATOS,0,0,Morelia,Comision Federal de Electricidad,marzo,sábado,19,-101.181378364563,19.6816265792016
13227,13227,2018,,2018/03/17,19:00:00,COLISIÓN POR CORTE DE CIRCULACIÓN,ASFALTO,Bueno,Bueno,2,SIN DATOS,SIN DATOS,2,,,,SIN DATOS,0,0,Morelia,Nueva Esperanza,marzo,sábado,19,-101.250654459,19.6881422640031
13228,13228,2018,"180278686",2018/03/17,19:20:00,COLISIÓN CONTRA OBJETO FIJO,CONCRETO,Bueno,Bueno,2,GMC,AZUL,2,,58,MASCULINO,SIN DATOS,0,0,Morelia,Obrera,marzo,sábado,19,-101.181546002626,19.7139675264199
13229,13229,2018,"180278821",2018/03/17,19:30:00,COLISIÓN POR CORTE DE CIRCULACIÓN,ASFALTO,Bueno,Regular,2,SIN DATOS,SIN DATOS,2,,,,SIN DATOS,0,0,Morelia,Los Manantiales de Morelia,marzo,sábado,20,-101.241400837898,19.6951829462786
13230,13230,2018,,2018/03/17,19:40:00,COLISIÓN CONTRA OBJETO FIJO,CONCRETO,Bueno,Bueno,1,KENWORRTH,ROJO,1,MINISTERIO PÚBLICO,29,MASCULINO,SIN DATOS,0,0,Apatzingán,Centro,marzo,sábado,20,-102.35339641571,19.0865141811438
13231,13231,2018,,2018/03/17,20:50:00,COLISIÓN POR CAMBIO DE CARRIL,ASFALTO,Bueno,Bueno,2,TOYOTA,BLANCO/GRIS,2,MINISTERIO PÚBLICO,38,MASCULINO,SIN DATOS,0,0,Morelia,Elias Perez Avalos,marzo,sábado,21,-101.16646528244,19.7110713248573
13232,13232,2018,,2018/03/17,21:00:00,VOLCADURA,ASFALTO,Bueno,Bueno,2,INTERNATIONAL,NARANJA,2,MINISTERIO PÚBLICO,47,MASCULINO,SIN DATOS,0,0,Morelia,Francisco J Mujica,marzo,sábado,21,-101.188309192657,19.7215650717722
13233,13233,2018,"180278899",2018/03/17,21:00:00,COLISIÓN POR CORTE DE CIRCULACIÓN,ASFALTO,Bueno,Regular,1,FORD,AZUL,1,MINISTERIO PÚBLICO,39,FEMENINO,SIN DATOS,0,0,Morelia,Sin datos,marzo,sábado,21,-101.4488697052,19.8075898013616
13234,13234,2018,"180279127",2018/03/17,21:45:00,SALIDA DE SUPERFICIE DE RODAMIENTO,ASFALTO,Bueno,Bueno,1,HYUNDAI,ROJO,1,,,,SIN DATOS,0,0,Morelia,Sin datos,marzo,sábado,22,-101.356687545776,19.6692612021702
13235,13235,2018,"180279263",2018/03/17,22:10:00,COLISIÓN POR MANIOBRA DE REVERSA,ASFALTO,Bueno,Bueno,2,DINA,BLANCO,2,MINISTERIO PÚBLICO,65,MASCULINO,SIN DATOS,0,0,Morelia,Diego Rivera,marzo,sábado,22,-101.177730560303,19.7195956530094
13236,13236,2018,"180279380",2018/03/17,22:35:00,SUBIDA AL CAMELLÓN,ASFALTO,Bueno,Bueno,1,VOLKSWAGEN,AZUL,1,,22,MASCULINO,SIN DATOS,0,0,Morelia,Montaña Monarca,marzo,sábado,23,-101.165456771851,19.6718677090475
13237,13237,2018,"180279541",2018/03/17,23:50:00,COLISIÓN POR MANIOBRA DE REVERSA,ASFALTO,Bueno,Bueno,3,VOLKSWAGEN,NEGRO,3,,40,MASCULINO,SIN DATOS,0,0,Morelia,Pastor Manuel Sanchez Camarena,marzo,sábado,0,-101.199113130569,19.7364207768262
13238,13238,2018,"180283014",2018/03/18,"00:00:00",SALIDA DE SUPERFICIE DE RODAMIENTO,ASFALTO,Bueno,Bueno,1,GENERALMOTORS,ROJO,0,,,,,0,0,Morelia,Sin datos,marzo,domingo,0,-101.271994113922,19.5749337606934
13239,13239,2018,"180274689",2018/03/18,"00:00:00",CAIDA DE MOTOCICLETA,CONCRETO,Bueno,Bueno,1,KAWASAKI,NARANJA,1,,32,MASCULINO,SIN DATOS,0,0,Morelia,Erendira,marzo,domingo,0,-101.164158582687,19.7033242960455
13240,13240,2018,"180287858",2018/03/18,"00:00:00",COLISIÓN CONTRA OBJETO FIJO,CONCRETO,Bueno,Bueno,2,MAZDA,BLANCO,2,,19,MASCULINO,CON CERTIFICADO,0,0,Morelia,Primo Tapia,marzo,domingo,0,-101.213849186897,19.713439800488
13241,13241,2018,"180279580",2018/03/18,"00:10:00",COLISIÓN POR CAMBIO DE CARRIL,ASFALTO,Bueno,Bueno,2,NISSAN,AZUL,2,,,,SIN DATOS,0,0,Morelia,5 de Mayo,marzo,domingo,0,-101.176094412804,19.7041348730225
13242,13242,2018,"180279582",2018/03/18,"00:15:00",SALIDA DE SUPERFICIE DE RODAMIENTO,CONCRETO,Bueno,Bueno,1,FORD,BLANCO,1,,,,SIN DATOS,0,0,Morelia,Villas Oriente,marzo,domingo,0,-101.145045161247,19.7553292520536
13243,13243,2018,"180279626",2018/03/18,"00:30:00",COLISIÓN CONTRA OBJETO FIJO,CONCRETO,Bueno,Bueno,1,NISSAN,BLANCO,1,,47,,SIN DATOS,0,0,Tarímbaro,Puebla,marzo,domingo,1,-101.196720600128,19.749881619354
13244,13244,2018,"180279745",2018/03/18,"01:35:00",COLISIÓN CON PEATÓN,ASFALTO,Bueno,Bueno,2,VOLKWAGEN,PLATA,3,,41,MASCULINO,SIN DATOS,1,0,Morelia,Loma Real,marzo,domingo,2,-101.197686195374,19.7270995135473
13245,13245,2018,"180295007",2018/03/18,"05:15:00",COLISIÓN CONTRA OBJETO FIJO,CONCRETO,Bueno,Bueno,1,NISSAN,ROJO,1,,23,,CON CERTIFICADO,0,0,Morelia,Comision Federal de Electricidad,marzo,domingo,5,-101.18124961853,19.6816467832851
13246,13246,2018,"180280051",2018/03/18,"05:30:00",SUBIDA AL CAMELLÓN,ASFALTO,Bueno,Bueno,1,FIAT,AZUL,1,,33,,CON CERTIFICADO,0,0,Morelia,Loma Bonita,marzo,domingo,6,-101.192836761475,19.6568746639604
13248,13248,2018,"180280742",2018/03/18,11:00:00,COLISIÓN POR ALCANCE,ASFALTO,Bueno,Bueno,2,VOLKWAGEN,NEGRO,2,,27,MASCULINO,SIN DATOS,0,0,Morelia,Jardines de Sindurio,marzo,domingo,11,-101.256802082062,19.6975870107674
13249,13249,2018,,2018/03/18,11:30:00,COLISIÓN POR CAMBIO DE CARRIL,CONCRETO,Bueno,Bueno,2,YAMAHA,NEGRO,2,MINISTERIO PÚBLICO,,,SIN DATOS,0,0,Sahuayo,J Trinidad Barragan,marzo,domingo,12,-102.707608938217,20.0533209842019
13250,13250,2018,,2018/03/18,11:48:00,COLISIÓN CON PEATÓN,ASFALTO,Bueno,Bueno,1,NISSAN,BLANCO/NARANJA,1,,0,MASCULINO,SIN DATOS,0,0,Morelia,Centro,marzo,domingo,12,-101.191602945328,19.7010718300498
13251,13251,2018,"180281685",2018/03/18,15:00:00,COLISIÓN POR CORTE DE CIRCULACIÓN,ASFALTO,Bueno,Bueno,1,MERCEDES BENZ,VERDE,0,,,,,0,0,Morelia,Industrial,marzo,domingo,15,-101.188309192657,19.7126166455574
13252,13252,2018,"180282295",2018/03/18,19:00:00,COLISIÓN POR CORTE DE CIRCULACIÓN,CONCRETO,Bueno,Bueno,1,CHEVROLET,GRIS,1,,50,MASCULINO,CON CERTIFICADO,0,0,Morelia,Mision del Valle,marzo,domingo,19,-101.117901206017,19.7635886998907
13253,13253,2018,"180282843",2018/03/18,19:33:00,COLISIÓN POR CORTE DE CIRCULACIÓN,CONCRETO,Bueno,Bueno,2,SIN DATOS,SIN DATOS,0,,,,,0,0,Morelia,Niño Artillero,marzo,domingo,20,-101.25579893589,19.6958193198045
13254,13254,2018,"180282967",2018/03/18,20:22:00,COLISIÓN POR CAMBIO DE CARRIL,CONCRETO,Bueno,Bueno,2,DINAMO,SIN DATOS,2,,26,MASCULINO,SIN DATOS,0,0,Morelia,Union,marzo,domingo,20,-101.154910326004,19.7082937501121
13255,13255,2018,,2018/03/18,21:30:00,COLISIÓN CONTRA OBJETO FIJO,ASFALTO,Bueno,Regular,1,ITALIKA,ROJO,2,,0,MASCULINO,SIN DATOS,1,0,Acuitzio,Las Peñas,marzo,domingo,22,-101.335841417313,19.5022657870731
13256,13256,2018,,2018/03/18,21:30:00,COLISIÓN CONTRA OBJETO FIJO,ASFALTO,Bueno,Regular,1,ITALIKA,ROJO,1,,0,MASCULINO,SIN DATOS,0,0,Acuitzio,Centro,marzo,domingo,22,-101.332547664642,19.4933658344494
13258,13258,2018,"180283463",2018/03/18,22:10:00,COLISIÓN CON PEATÓN,ASFALTO,Bueno,Bueno,2,VOLKWAGEN,BLANCO,2,,47,MASCULINO,SIN DATOS,0,0,Morelia,Rafael Carrillo,marzo,domingo,22,-101.236588954926,19.7076473257976
13259,13259,2018,"180283381",2018/03/18,23:00:00,COLISIÓN POR ALCANCE,ASFALTO,Bueno,Bueno,2,MITSUBISHI,BLANCO,2,,0,FEMENINO,CON CERTIFICADO,0,0,Tarímbaro,Sin datos,marzo,domingo,23,-101.117520332336,19.7811209384325
13260,13260,2018,,2018/03/18,23:00:00,COLISIÓN POR ALCANCE,CONCRETO,Bueno,Bueno,1,CHEVROLET,ROJO,1,,17,MASCULINO,SIN DATOS,0,0,Cuitzeo,Luis Donaldo Colosio,marzo,domingo,23,-101.147207021713,19.9726983981259
13261,13261,2018,"180283047",2018/03/18,23:45:00,COLISIÓN CONTRA OBJETO FIJO,ASFALTO,Bueno,Bueno,2,NISSAN,AZUL,2,,21,MASCULINO,CON CERTIFICADO,0,0,Morelia,La Colina,marzo,domingo,0,-101.215646266937,19.7095057886602
13262,13262,2018,"180287364",2018/03/19,"01:20:00",COLISIÓN CONTRA OBJETO FIJO,ASFALTO,Bueno,Bueno,1,VOLKSWAGEN,AMARILLO,1,,36,MASCULINO,CON CERTIFICADO,0,0,Morelia,Alberto Oviedo Mota,marzo,lunes,1,-101.199510097504,19.6812123949285
13263,13263,2018,"180283195",2018/03/19,"02:40:00",COLISIÓN POR INVASIÓN DE CARRIL,CONCRETO,Bueno,Bueno,2,CHEVROLET,GRIS,2,,,MASCULINO,SIN DATOS,0,0,Morelia,Industrial,marzo,lunes,3,-101.197460889816,19.7132529497406
13264,13264,2018,"180283837",2018/03/19,"04:15:00",CAIDA DE MOTOCICLETA,ASFALTO,Bueno,Bueno,1,HONDA,BLANCO,2,,,MASCULINO,SIN DATOS,1,0,Morelia,Faldas del Punhuato,marzo,lunes,4,-101.14307641983,19.6967991280642
13265,13265,2018,,2018/03/19,"06:30:00",COLISIÓN CONTRA OBJETO FIJO,ADOQUIN_EMPEDRADO,Bueno,Bueno,1,JEEP,NEGRO,1,,36,MASCULINO,SIN DATOS,0,0,Pátzcuaro,Centro,marzo,lunes,7,-101.616513133049,19.5133546452107
13266,13266,2018,"180284629",2018/03/19,12:20:00,COLISIÓN POR ALCANCE,ASFALTO,Bueno,Bueno,2,NISSAN,BLANCO Y ROSA,4,MINISTERIO PÚBLICO,,,,4,0,Morelia,Centro,marzo,lunes,12,-101.194134950638,19.7057484392659
13267,13267,2018,"180284842",2018/03/19,12:45:00,COLISIÓN POR NO RESPETAR SEMÁFORO,ASFALTO,Bueno,Bueno,2,CHEVROLET,NEGRO,3,,30,MASCULINO,SIN DATOS,1,0,Morelia,Bosques de Oriente,marzo,lunes,13,-101.155554056168,19.715636542902
13268,13268,2018,"180285867",2018/03/19,16:15:00,COLISIÓN POR CAMBIO DE CARRIL,ASFALTO,Bueno,Bueno,2,INTERNATIONAL,BLANCO Y VERDE,2,,22,MASCULINO,SIN DATOS,0,0,Morelia,Cuauhtemoc,marzo,lunes,16,-101.1829662323,19.6943950517412
13269,13269,2018,"180285657",2018/03/19,16:20:00,COLISIÓN POR CAMBIO DE CARRIL,ASFALTO,Bueno,Bueno,2,NAVISTAR,CREMA Y NARANJA,2,,29,MASCULINO,SIN DATOS,0,0,Morelia,El Parian,marzo,lunes,16,-101.268539428711,19.6895211307523
13270,13270,2018,"180285791",2018/03/19,17:10:00,COLISIÓN CON PEATÓN,ASFALTO,Bueno,Regular,1,SIN DATOS,AZUL,2,,19,FEMENINO,SIN DATOS,1,0,Morelia,Libertad,marzo,lunes,17,-101.235408782959,19.6856269380292
13271,13271,2018,"180286502",2018/03/19,19:30:00,COLISIÓN POR ALCANCE,ASFALTO,Bueno,Bueno,2,CHEVROLET,NEGRO,2,,28,MASCULINO,SIN DATOS,0,0,Morelia,Indeco El Vivero,marzo,lunes,20,-101.229776144028,19.6770906979566
13272,13272,2018,"180286729",2018/03/19,19:35:00,COLISIÓN POR ALCANCE,ASFALTO,Bueno,Bueno,2,VOLKSWAGEN,ARENA,2,,20,MASCULINO,SIN DATOS,0,0,Morelia,Indeco El Vivero,marzo,lunes,20,-101.229829788208,19.6771614142399
13273,13273,2018,"180286891",2018/03/19,20:30:00,COLISIÓN POR CAMBIO DE CARRIL,ASFALTO,Bueno,Regular,2,VOLVO,DORADO,2,,51,MASCULINO,SIN DATOS,0,0,Morelia,Quinceo,marzo,lunes,21,-101.221418380737,19.727816553109
13274,13274,2018,"180286922",2018/03/19,21:35:00,COLISIÓN POR ALCANCE,ASFALTO,Bueno,Bueno,2,TOYOTA,BLANCO Y ROSA,2,,0,,SIN DATOS,0,0,Morelia,Villas del Real,marzo,lunes,22,-101.199048757553,19.7360168330303
13276,13276,2018,"180287028",2018/03/19,21:50:00,COLISIÓN POR CORTE DE CIRCULACIÓN,CONCRETO,Bueno,Bueno,2,VENTO,ROJO,0,MINISTERIO PÚBLICO,,,,0,0,Morelia,Primo Tapia Oriente,marzo,lunes,22,-101.161959171295,19.7145760503323
13277,13277,2018,,2018/03/19,22:00:00,SALIDA DE SUPERFICIE DE RODAMIENTO,ASFALTO,Bueno,Bueno,1,NISSAN,CAFE,1,,26,MASCULINO,SIN DATOS,0,0,Pátzcuaro,Morelos,marzo,lunes,22,-101.610488891602,19.5424813959837
13278,13278,2018,"180287053",2018/03/19,22:15:00,COLISIÓN POR CORTE DE CIRCULACIÓN,ASFALTO,Bueno,Bueno,2,NISSAN,BLANCO Y ROJO,2,,42,MASCULINO,SIN DATOS,0,0,Morelia,Vasco de Quiroga,marzo,lunes,22,-101.175863742828,19.6992688243303
13279,13279,2018,"180287586",2018/03/20,"00:00:00",COLISIÓN POR CORTE DE CIRCULACIÓN,ASFALTO,Bueno,Bueno,2,CHEVROLET,ROJO,2,,56,MASCULINO,SIN DATOS,0,0,Morelia,Felix Ireta,marzo,martes,0,-101.18833065033,19.6842227830536
13280,13280,2018,"180287545",2018/03/20,"01:30:00",COLISIÓN POR CORTE DE CIRCULACIÓN,ASFALTO,Bueno,Regular,2,MITSUBISHI,ROJO,2,,45,MASCULINO,SIN DATOS,0,0,Morelia,Felix Ireta,marzo,martes,2,-101.193780899048,19.6898696336552
13281,13281,2018,"180287644",2018/03/20,"08:00:00",COLISIÓN POR CORTE DE CIRCULACIÓN,ASFALTO,Bueno,Bueno,2,BAJAJ,ROJO,2,MINISTERIO PÚBLICO,32,MASCULINO,SIN DATOS,0,0,Morelia,Torreon Nuevo,marzo,martes,8,-101.203871369362,19.7468068307475
13282,13282,2018,"180287817",2018/03/20,"08:20:00",COLISIÓN POR ALCANCE,ASFALTO,Bueno,Bueno,2,CHYSLER,ROJO,2,,0,MASCULINO,SIN DATOS,0,0,Morelia,Indeco El Vivero,marzo,martes,8,-101.229840517044,19.6770805956278
13283,13283,2018,,2018/03/20,"09:00:00",COLISIÓN POR CORTE DE CIRCULACIÓN,ASFALTO,Bueno,Bueno,2,FORD,AZUL,2,,53,MASCULINO,SIN DATOS,0,0,Morelia,La Esperanza,marzo,martes,9,-101.252253055573,19.6983142836663
13284,13284,2018,"180288112",2018/03/20,10:45:00,COLISIÓN POR CORTE DE CIRCULACIÓN,ASFALTO,Bueno,Bueno,2,HONDA,BLANCO Y NEGRO,1,,32,FEMENINO,SIN DATOS,0,0,Morelia,Juarez,marzo,martes,11,-101.199595928192,19.695586993255
13285,13285,2018,"180289172",2018/03/20,14:40:00,COLISIÓN POR CAMBIO DE CARRIL,ASFALTO,Bueno,Bueno,2,KENWORTH,BLANCO,2,,,MASCULINO,SIN DATOS,0,0,Morelia,Lomas de San Juan,marzo,martes,15,-101.183039681886,19.7298664251429
13286,13286,2018,"180289132",2018/03/20,15:15:00,COLISIÓN POR CORTE DE CIRCULACIÓN,CONCRETO,Bueno,Bueno,2,NISSAN,BLANCO,3,,38,MASCULINO,SIN DATOS,1,0,Morelia,San Juanito Itzicuaro,marzo,martes,15,-101.253406405449,19.675479368473
13288,13288,2018,"119000038",2018/03/20,18:50:00,COLISIÓN POR CORTE DE CIRCULACIÓN,ASFALTO,Bueno,Regular,1,CHEVROLET,BLANCO Y ROSA,1,,55,MASCULINO,SIN DATOS,0,0,Morelia,Nicolaitas Ilustres,marzo,martes,19,-101.228241920471,19.7193633609915
13289,13289,2018,,2018/03/20,19:00:00,COLISIÓN POR CORTE DE CIRCULACIÓN,ASFALTO,Bueno,Bueno,2,URLANDER,AMARILLO,4,MINISTERIO PÚBLICO,41,FEMENINO,SIN DATOS,2,0,Sahuayo,La Plasita,marzo,martes,19,-102.716438770294,20.0518797679878
13290,13290,2018,"180290274",2018/03/20,19:43:00,COLISIÓN POR CORTE DE CIRCULACIÓN,CONCRETO,Bueno,Bueno,2,YAMAHA,AZUL,2,,41,MASCULINO,SIN DATOS,0,0,Morelia,Centro,marzo,martes,20,-101.19603395462,19.7030768293588
13291,13291,2018,"180290756",2018/03/20,20:30:00,COLISIÓN POR ALCANCE,CONCRETO,Bueno,Bueno,2,CHEVROLET,BLANCO,0,,,,,0,0,Morelia,Centro,marzo,martes,21,-101.194392442703,19.6962940730093
13292,13292,2018,"180290856",2018/03/20,22:00:00,COLISIÓN POR INVASIÓN DE CARRIL,CONCRETO,Bueno,Bueno,2,NISSAN,NEGRO,2,,,MASCULINO,CON CERTIFICADO,0,0,Morelia,Barrio Alto,marzo,martes,22,-101.196978092194,19.7250190706917
13293,13293,2018,"180290909",2018/03/20,22:25:00,COLISIÓN CONTRA OBJETO FIJO,ASFALTO,Bueno,Bueno,1,CHEVROLET,GRIS,1,,27,MASCULINO,SIN DATOS,0,0,Morelia,Sin datos,marzo,martes,22,-101.134042739868,19.619719417754
13294,13294,2018,"180295414",2018/03/21,"03:00:00",COLISIÓN POR CORTE DE CIRCULACIÓN,ASFALTO,Bueno,Bueno,3,DODGE,ROJO,3,MINISTERIO PÚBLICO,29,MASCULINO,SIN DATOS,0,0,Morelia,Centro,marzo,miércoles,3,-101.198464035988,19.703102081079
13295,13295,2018,"180291330",2018/03/21,"03:05:00",COLISIÓN CONTRA OBJETO FIJO,CONCRETO,Bueno,Bueno,1,FORD,BLANCO Y VERDE,1,,27,MASCULINO,SIN DATOS,0,0,Morelia,Ciudad Jardin,marzo,miércoles,3,-101.251834630966,19.7024758372406
13296,13296,2018,"18029180",2018/03/21,"03:25:00",VOLCADURA,ASFALTO,Bueno,Regular,1,NISSAN,BLANCO Y AZUL,1,,0,,SIN DATOS,0,0,Morelia,Sin datos,marzo,miércoles,3,-101.290748119354,19.6001228045708
13297,13297,2018,"180291291",2018/03/21,"03:55:00",SALIDA DE SUPERFICIE DE RODAMIENTO,ASFALTO,Bueno,Bueno,1,VOLKSWAGEN,NEGRO,0,,,,,0,0,Morelia,La Luz,marzo,miércoles,4,-101.295039653778,19.6866775207508
13298,13298,2018,"180291636",2018/03/21,"08:15:00",COLISIÓN POR CAMBIO DE CARRIL,ASFALTO,Bueno,Bueno,2,CHEVROLET,BLANCO,2,,27,MASCULINO,SIN DATOS,0,0,Morelia,Campestre Los Manantiales,marzo,miércoles,8,-101.238434314728,19.6884352110458
13300,13300,2018,,2018/03/21,"09:00:00",COLISIÓN POR INVASIÓN DE CARRIL,ADOQUIN_EMPEDRADO,Bueno,Bueno,2,DINA,BLANCO Y AZUL,2,,52,MASCULINO,SIN DATOS,0,0,Cuitzeo,Centro,marzo,miércoles,9,-101.139568090439,19.9703136192265
13301,13301,2018,,2018/03/21,"09:30:00",SALIDA DE SUPERFICIE DE RODAMIENTO,ASFALTO,Bueno,Bueno,1,NISSAN,BLANCO,1,,42,MASCULINO,SIN DATOS,0,0,Cuitzeo,Sin datos,marzo,miércoles,10,-101.158182621002,19.9703237029342
13302,13302,2018,"180291833",2018/03/21,"09:40:00",COLISIÓN POR CORTE DE CIRCULACIÓN,ASFALTO,Bueno,Regular,3,ITALIKA,ROJO,3,MINISTERIO PÚBLICO,33,MASCULINO,SIN DATOS,2,0,Morelia,San Pascual,marzo,miércoles,10,-101.267198324203,19.6954253745868
13303,13303,2018,,2018/03/21,10:25:00,COLISIÓN POR CORTE DE CIRCULACIÓN,CONCRETO,Bueno,Bueno,2,YAMAHA,BLANCO,2,,19,MASCULINO,SIN DATOS,0,0,Apatzingán,Bonifacio Moreno,marzo,miércoles,10,-102.358878850937,19.0882073901617
13304,13304,2018,,2018/03/21,11:50:00,COLISIÓN POR ALCANCE,CONCRETO,Bueno,Bueno,2,NISSAN,BLANCO,4,,31,MASCULINO,SIN DATOS,2,0,Sahuayo,Santuario,marzo,miércoles,12,-102.72353053093,20.05825931702
13305,13305,2018,"180292703",2018/03/21,13:05:00,COLISIÓN CONTRA OBJETO FIJO,ASFALTO,Bueno,Bueno,2,FORD,ROJO,2,,59,MASCULINO,SIN DATOS,0,0,Morelia,Sin datos,marzo,miércoles,13,-101.263132095337,19.63959657354