fid,id_accidente,anio_origen,folio_c5i,dia_incidente,hora_ocurrencia,tipo_incidente_vial,superficie_ocurrencia,condiciones_climaticas,condiciones_via,numero_vehiculos_involucrados,marca_vehiculo_ocasiona_siniestro,color_vehiculo_ocasiona_siniestro,numero_personas_involucradas,lugar_remite_presunto_responsable,edad_presunto_responsable,sexo_presunto_responsable,resultados_toxicologia,numero_personas_lesionadas,numero_personas_fallecidas,municipio,colonia,mes,dia_semana,hora_redondeada,lon,lat
13307,13307,2018,"180293499",2018/03/21,15:40:00,COLISIÓN POR ALCANCE,ASFALTO,Bueno,Regular,2,CHEVROLET,PLATA,2,,74,MASCULINO,SIN DATOS,0,0,Morelia,Pascual Ortiz de Ayala,marzo,miércoles,16,-101.150897741318,19.6948597079632
13308,13308,2018,"180293822",2018/03/21,16:35:00,COLISIÓN POR ALCANCE,CONCRETO,Bueno,Bueno,2,CADILAC,NEGRO,2,,58,MASCULINO,SIN DATOS,0,0,Morelia,Sin datos,marzo,miércoles,17,-101.164448261261,19.659380337793
13309,13309,2018,"180293980",2018/03/21,16:55:00,COLISIÓN POR CORTE DE CIRCULACIÓN,ASFALTO,Bueno,Bueno,2,FORD,VERDE,2,,,MASCULINO,SIN DATOS,0,0,Morelia,Felix Ireta,marzo,miércoles,17,-101.180214285851,19.6879957902808
13310,13310,2018,"180294054",2018/03/21,18:00:00,COLISIÓN POR CORTE DE CIRCULACIÓN,CONCRETO,Bueno,Bueno,2,HONDA,ROJO,2,,36,MASCULINO,SIN DATOS,0,0,Morelia,Nueva Chapultepec,marzo,miércoles,18,-101.172602176666,19.6888392750527
13311,13311,2018,,2018/03/21,18:00:00,COLISIÓN POR CORTE DE CIRCULACIÓN,CONCRETO,Bueno,Bueno,2,NISSAN,BLANCO/VERDE,2,,38,MASCULINO,SIN DATOS,0,0,Morelia,Ventura Puente,marzo,miércoles,18,-101.181360930204,19.6939038783444
13312,13312,2018,"180294367",2018/03/21,19:00:00,COLISIÓN POR CAMBIO DE CARRIL,ASFALTO,Bueno,Regular,2,CHEVROLET,NEGRO,2,,32,MASCULINO,SIN DATOS,0,0,Morelia,Lindavista,marzo,miércoles,19,-101.21618270874,19.7039505365629
13313,13313,2018,"180294467",2018/03/21,19:40:00,COLISIÓN POR CAMBIO DE CARRIL,CONCRETO,Bueno,Bueno,2,HONDA,ROJO,2,MINISTERIO PÚBLICO,31,MASCULINO,SIN DATOS,0,0,Morelia,Elias Perez Avalos,marzo,miércoles,20,-101.168959736824,19.7129398479986
13315,13315,2018,PFB739N,2018/03/21,21:20:00,COLISIÓN POR NO RESPETAR SEMÁFORO,ASFALTO,Bueno,Bueno,2,PONTIAC,ROJO,0,,,,,0,0,Morelia,Bosques de Oriente,marzo,miércoles,21,-101.156723499298,19.7149800483311
13316,13316,2018,,2018/03/21,22:00:00,COLISIÓN CONTRA OBJETO FIJO,ADOQUIN_EMPEDRADO,Bueno,Bueno,2,KENWORTH,BLANCO,2,MINISTERIO PÚBLICO,61,MASCULINO,SIN DATOS,0,0,Cuitzeo,Centro,marzo,miércoles,22,-101.139439344406,19.9711808157271
13317,13317,2018,"180295206",2018/03/21,23:35:00,SUBIDA AL CAMELLÓN,CONCRETO,Bueno,Bueno,1,VOLKSWAGEN,AZUL,1,,37,MASCULINO,SIN DATOS,0,0,Morelia,Villas Oriente,marzo,miércoles,0,-101.145018339157,19.7554150798107
13318,13318,2018,,2018/03/22,"03:10:00",VOLCADURA,ASFALTO,Bueno,Bueno,1,VOLKWAGEN,BLANCO,0,,,,,0,0,Senguio,Senguio,marzo,jueves,3,-100.351886,19.732141
13319,13319,2018,,2018/03/22,"05:50:00",COLISIÓN CONTRA OBJETO FIJO,CONCRETO,Bueno,Bueno,1,CHEVROLET,PLATA,0,,,,,0,0,Lázaro Cárdenas,Segundo Sector de Fidelac,marzo,jueves,6,-102.206196784973,17.9585210171828
13320,13320,2018,,2018/03/22,"07:25:00",COLISIÓN POR CORTE DE CIRCULACIÓN,ASFALTO,Bueno,Bueno,2,FORD,BLANCO,2,,28,MASCULINO,SIN DATOS,0,0,Morelia,Centro,marzo,jueves,7,-101.188820153475,19.7038242785914
13321,13321,2018,LEG13873,2018/03/22,"07:50:00",COLISIÓN POR ALCANCE,ASFALTO,Bueno,Bueno,3,VOLKSWAGEN,GRIS,3,,27,MASCULINO,SIN DATOS,0,0,Morelia,Loma de Los Piñones,marzo,jueves,8,-101.205035448074,19.6741913034707
13322,13322,2018,"180295952",2018/03/22,"08:57:00",COLISIÓN POR ALCANCE,ASFALTO,Bueno,Bueno,2,CHEVROLET,ROJO,2,,30,MASCULINO,SIN DATOS,0,0,Morelia,Loma de Los Piñones,marzo,jueves,9,-101.205110549927,19.67427212354
13323,13323,2018,"180295646",2018/03/22,"09:30:00",COLISIÓN POR ALCANCE,ASFALTO,Bueno,Bueno,2,FREIGHTLINER,BLANCO,2,,24,MASCULINO,SIN DATOS,0,0,Morelia,Loma de Los Piñones,marzo,jueves,10,-101.205089092255,19.6741812009592
13324,13324,2018,,2018/03/22,"09:30:00",SALIDA DE SUPERFICIE DE RODAMIENTO,ASFALTO,Bueno,Bueno,1,VOLKSWAGEN,BLANCO,1,,24,FEMENINO,SIN DATOS,0,0,Maravatío,Sin datos,marzo,jueves,10,-100.385684967041,19.8222961872143
13325,13325,2018,,2018/03/22,"09:30:00",COLISIÓN POR CORTE DE CIRCULACIÓN,ADOQUIN_EMPEDRADO,Bueno,Bueno,2,NISSAN,BLANCO Y GRIS,2,,0,MASCULINO,SIN DATOS,0,0,Cuitzeo,Centro,marzo,jueves,10,-101.140793859959,19.9721135508251
13326,13326,2018,,2018/03/22,"09:30:00",SALIDA DE SUPERFICIE DE RODAMIENTO,ASFALTO,Bueno,Bueno,1,VOLKWAGEN,BLANCO,1,,24,FEMENINO,SIN DATOS,0,0,Maravatío,Sin datos,marzo,jueves,10,-100.385775,19.820201
13327,13327,2018,"1800296048",2018/03/22,"09:35:00",COLISIÓN POR CAMBIO DE CARRIL,ASFALTO,Bueno,Bueno,2,FORD,AZUL,2,,0,MASCULINO,SIN DATOS,0,0,Morelia,Lomas de Hidalgo,marzo,jueves,10,-101.158708333969,19.6957183083027
13328,13328,2018,"180286216",2018/03/22,10:00:00,COLISIÓN POR CORTE DE CIRCULACIÓN,ASFALTO,Bueno,Bueno,1,VOLKSWAGEN,BLANCO,0,MINISTERIO PÚBLICO,,,,0,0,Morelia,Centro,marzo,jueves,10,-101.178138256073,19.6991930673427
13329,13329,2018,,2018/03/22,10:10:00,COLISIÓN POR CORTE DE CIRCULACIÓN,ASFALTO,Bueno,Bueno,2,DODGE,Blanco/Rojo,2,,73,MASCULINO,SIN DATOS,0,0,Apatzingán,Bonifacio Moreno,marzo,jueves,10,-102.353991866112,19.0907370324525
13330,13330,2018,,2018/03/22,12:30:00,COLISIÓN POR CORTE DE CIRCULACIÓN,CONCRETO,Bueno,Bueno,2,KENWORTH,ROJO,2,,61,MASCULINO,SIN DATOS,0,0,Morelia,Central de Abastos,marzo,jueves,13,-101.171743869781,19.7179241529208
13331,13331,2018,"180297190",2018/03/22,14:00:00,COLISIÓN POR CORTE DE CIRCULACIÓN,ASFALTO,Bueno,Bueno,2,BAJAJ,AZUL,2,,31,MASCULINO,SIN DATOS,0,0,Morelia,Centro,marzo,jueves,14,-101.182209849358,19.7006273935518
13332,13332,2018,,2018/03/22,14:25:00,COLISIÓN POR ALCANCE,ASFALTO,Bueno,Bueno,3,NISSAN,GUINDA,3,,23,FEMENINO,SIN DATOS,0,0,Morelia,Lomas del Tecnologico,marzo,jueves,14,-101.193212270737,19.7234536710741
13333,13333,2018,,2018/03/22,14:30:00,COLISIÓN POR CAMBIO DE CARRIL,ASFALTO,Bueno,Bueno,2,CADILAC,BLANCO,2,MINISTERIO PÚBLICO,37,MASCULINO,SIN DATOS,1,0,Lázaro Cárdenas,600 Casas,marzo,jueves,15,-102.216721773148,17.9659049957774
13334,13334,2018,,2018/03/22,14:30:00,COLISIÓN POR ALCANCE,ASFALTO,Bueno,Bueno,0,,,0,MINISTERIO PÚBLICO,,,,0,0,Lázaro Cárdenas,Sin datos,marzo,jueves,15,-102.180950459929,17.9644378995039
13336,13336,2018,"180297453",2018/03/22,15:20:00,COLISIÓN POR NO RESPETAR SEMÁFORO,ASFALTO,Bueno,Bueno,2,ITALIKA,NEGRO,2,,20,MASCULINO,SIN DATOS,0,0,Morelia,Gertrudis Bocanegra,marzo,jueves,15,-101.210668087006,19.7020920091602
13337,13337,2018,"180297937",2018/03/22,15:45:00,COLISIÓN POR ALCANCE,ASFALTO,Bueno,Bueno,2,NISSAN,GRIS,2,,35,MASCULINO,SIN DATOS,0,0,Morelia,Campestre Los Manantiales,marzo,jueves,16,-101.239617168903,19.6910616088642
13339,13339,2018,,2018/03/22,16:35:00,COLISIÓN CONTRA OBJETO FIJO,ADOQUIN_EMPEDRADO,Bueno,Regular,1,DODGE,BLANCO,1,,33,MASCULINO,SIN DATOS,0,0,Pátzcuaro,Vista del Lago,marzo,jueves,17,-101.600993871689,19.5030596795194
13340,13340,2018,,2018/03/22,17:40:00,VOLCADURA,ASFALTO,Bueno,Bueno,1,KENWORTH,BLANCO,1,,24,MASCULINO,SIN DATOS,0,0,Buenavista,Loma Bonita,marzo,jueves,18,-102.580397129059,19.209272467975
13341,13341,2018,"180298139",2018/03/22,17:45:00,COLISIÓN POR ALCANCE,ASFALTO,Bueno,Bueno,2,DODGE,ROJO,2,,47,MASCULINO,CON CERTIFICADO,0,0,Morelia,La Esperanza,marzo,jueves,18,-101.254227161407,19.69795064763
13342,13342,2018,"180227774",2018/03/22,17:55:00,COLISIÓN CONTRA OBJETO FIJO,ASFALTO,Nublado,Bueno,1,DINA,BLANCO,1,,,,SIN DATOS,0,0,Morelia,La Soledad,marzo,jueves,18,-101.184661388397,19.7251604608698
13343,13343,2018,LEG14185,2018/03/22,17:55:00,COLISIÓN POR MANIOBRA DE REVERSA,ASFALTO,Nublado,Bueno,1,DINA,BLANCO,1,,0,MASCULINO,ALIENTO ETÍLICO,0,0,Morelia,Morelos,marzo,jueves,18,-101.183030605316,19.726331974676
13344,13344,2018,,2018/03/22,19:45:00,COLISIÓN POR INVASIÓN DE CARRIL,ASFALTO,Bueno,Bueno,2,RENAULT,GRIS,2,,50,MASCULINO,SIN DATOS,0,0,Morelia,Centro,marzo,jueves,20,-101.199671030045,19.7031071314226
13345,13345,2018,"180299234",2018/03/22,21:30:00,COLISIÓN CONTRA OBJETO FIJO,CONCRETO,Bueno,Bueno,2,CHEVROLET,AZUL,2,,,MASCULINO,SIN DATOS,0,0,Morelia,Loma Bonita,marzo,jueves,22,-101.196675002575,19.7234511462236
13346,13346,2018,"180297550",2018/03/22,21:35:00,COLISIÓN CONTRA OBJETO FIJO,CONCRETO,Bueno,Regular,2,TOYOTA,BLANCO,2,,23,FEMENINO,CON CERTIFICADO,0,0,Morelia,Centro,marzo,jueves,22,-101.192600727081,19.6971627667169
13347,13347,2018,"180299364",2018/03/22,22:00:00,COLISIÓN CONTRA OBJETO FIJO,ASFALTO,Bueno,Bueno,1,FORD,ROJO,2,,49,MASCULINO,SIN DATOS,1,0,Morelia,Tierra Y Libertad,marzo,jueves,22,-101.230527162552,19.7157476417166
13348,13348,2018,"180296268",2018/03/23,"01:37:00",COLISIÓN POR CORTE DE CIRCULACIÓN,ASFALTO,Bueno,Bueno,2,BMW,BLANCO,2,MINISTERIO PÚBLICO,36,MASCULINO,SIN DATOS,0,0,Morelia,Centro,marzo,viernes,2,-101.196050047874,19.7030717790143
13349,13349,2018,"180299766",2018/03/23,"01:50:00",VOLCADURA,ASFALTO,Bueno,Bueno,1,NISSAN,BLANCO,1,,24,MASCULINO,ALIENTO ETÍLICO,0,0,Morelia,Alberto Oviedo Mota,marzo,viernes,2,-101.202321052551,19.6772422328111
13350,13350,2018,LEG13889,2018/03/23,"03:00:00",SALIDA DE SUPERFICIE DE RODAMIENTO,ASFALTO,Bueno,Bueno,1,VOLKSWAGEN,ROJO,1,,,,SIN DATOS,0,0,Morelia,Morelia 450,marzo,viernes,3,-101.216676235199,19.675726877817
13351,13351,2018,,2018/03/23,"06:40:00",COLISIÓN POR CORTE DE CIRCULACIÓN,ASFALTO,Bueno,Bueno,1,CARABELA,NEGRO/AZUL,1,,,FEMENINO,SIN DATOS,0,0,Morelia,Sin datos,marzo,viernes,7,-101.175048351288,19.7449336546303
13352,13352,2018,"180299923",2018/03/23,"07:00:00",COLISIÓN POR ALCANCE,ASFALTO,Bueno,Bueno,2,HONDA,CAFE,2,,28,MASCULINO,SIN DATOS,0,0,Morelia,San Jose Itzicuaro,marzo,viernes,7,-101.306347846985,19.687768503205
13353,13353,2018,"180300062",2018/03/23,"07:35:00",COLISIÓN POR ALCANCE,ASFALTO,Bueno,Regular,2,VOLKSWAGEN,PLATA,2,,46,MASCULINO,SIN DATOS,0,0,Morelia,Tzindurio de Morelos,marzo,viernes,8,-101.243369579315,19.6996375078244
13354,13354,2018,"180300100",2018/03/23,"07:45:00",COLISIÓN POR ALCANCE,ASFALTO,Bueno,Bueno,3,NISSAN,AZUL,3,,19,MASCULINO,SIN DATOS,0,0,Morelia,Tlalpujahua,marzo,viernes,8,-101.218628883362,19.6765148642025
13355,13355,2018,"180302207",2018/03/23,"08:00:00",SUBIDA AL CAMELLÓN,ASFALTO,Bueno,Regular,1,VOLKSWAGEN,ROJO,1,,,,SIN DATOS,0,0,Morelia,Lomas de Vista Bella,marzo,viernes,8,-101.199630796909,19.6708397603313
13356,13356,2018,,2018/03/23,"08:00:00",COLISIÓN CONTRA OBJETO FIJO,CONCRETO,Bueno,Bueno,2,SIN DATOS,SIN DATOS,1,,,,SIN DATOS,0,0,Morelia,Centro,marzo,viernes,8,-101.189994509386,19.7051918903097
13357,13357,2018,"180300044",2018/03/23,"08:30:00",COLISIÓN CONTRA OBJETO FIJO,CONCRETO,Bueno,Bueno,1,FORD,BLANCO,1,,35,MASCULINO,SIN DATOS,0,0,Morelia,Club de Golf Tres Marias,marzo,viernes,9,-101.109516620636,19.7082937501121
13358,13358,2018,"180300246",2018/03/23,"08:45:00",COLISIÓN CONTRA OBJETO FIJO,ASFALTO,Bueno,Bueno,1,VOLKSWAGEN,BLANCO,1,,17,MASCULINO,SIN DATOS,0,0,Morelia,Villas Lomas del Paraiso,marzo,viernes,9,-101.172586083412,19.6743377898163
13359,13359,2018,,2018/03/23,"09:00:00",COLISIÓN CONTRA OBJETO FIJO,ASFALTO,Bueno,Bueno,1,TOYOTA,AZUL,0,,,,,0,0,Pátzcuaro,Lindavista,marzo,viernes,9,-101.595296859741,19.5217428383948
13360,13360,2018,"180300679",2018/03/23,11:15:00,COLISIÓN POR ALCANCE,ASFALTO,Bueno,Regular,2,INTERNATIONAL,BLANCO/NARANJA,2,,21,MASCULINO,SIN DATOS,0,0,Morelia,Asociacion Zirahuen,marzo,viernes,11,-101.250150203705,19.6987082217731
13361,13361,2018,,2018/03/23,11:40:00,COLISIÓN POR ALCANCE,ASFALTO,Bueno,Bueno,2,CHEVROLET,BLANCO,2,,31,MASCULINO,SIN DATOS,0,0,Morelia,El Lago 2,marzo,viernes,12,-101.214487552643,19.7267258437679
13362,13362,2018,"180301350",2018/03/23,13:30:00,COLISIÓN POR ALCANCE,CONCRETO,Bueno,Bueno,3,SEAT,BLANCO,3,,70,MASCULINO,SIN DATOS,0,0,Morelia,Centro,marzo,viernes,14,-101.2002825737,19.7012637454287
13364,13364,2018,"180301830",2018/03/23,15:40:00,COLISIÓN POR CAMBIO DE CARRIL,CONCRETO,Bueno,Bueno,2,HONDA,GRIS,2,,,MASCULINO,SIN DATOS,0,0,Morelia,Felix Ireta,marzo,viernes,16,-101.180294752121,19.6880715525677
13365,13365,2018,"180301804",2018/03/23,16:00:00,COLISIÓN POR CORTE DE CIRCULACIÓN,ASFALTO,Bueno,Bueno,2,TOYOTA,BLANCO/GRIS,2,,55,MASCULINO,SIN DATOS,0,0,Morelia,Felix Ireta,marzo,viernes,16,-101.187107563019,19.6814245382266
13367,13367,2018,,2018/03/23,16:00:00,COLISIÓN POR CORTE DE CIRCULACIÓN,CONCRETO,Bueno,Bueno,2,K12,GRIS,2,,25,FEMENINO,SIN DATOS,0,0,Apatzingán,Ferrocarril,marzo,viernes,16,-102.352586388588,19.0827322805169
13368,13368,2018,"180302295",2018/03/23,17:40:00,COLISIÓN POR CORTE DE CIRCULACIÓN,ASFALTO,Bueno,Bueno,2,NISSAN,BLANCO/ROJO,2,,23,MASCULINO,SIN DATOS,0,0,Morelia,Cuauhtemoc,marzo,viernes,18,-101.179232597351,19.6936677610337
13369,13369,2018,,2018/03/23,17:45:00,COLISIÓN POR INVASIÓN DE CARRIL,ASFALTO,Bueno,Bueno,2,FREIGHTLINER,AZUL,2,,32,MASCULINO,SIN DATOS,0,0,Morelia,Ciudad Industrial,marzo,viernes,18,-101.137765645981,19.7316743727002
13370,13370,2018,"180302680",2018/03/23,18:40:00,SUBIDA AL CAMELLÓN,ASFALTO,Bueno,Bueno,1,LINCOLN,BLANCO,1,,37,MASCULINO,SIN DATOS,0,0,Morelia,San Jose Itzicuaro,marzo,viernes,19,-101.301262378693,19.6878089098199
13371,13371,2018,LEG13907,2018/03/23,18:50:00,COLISIÓN POR ALCANCE,ASFALTO,Bueno,Bueno,2,DINA,BLANCO,2,,,,SIN DATOS,0,0,Morelia,Lomas del Pedregal,marzo,viernes,19,-101.28422498703,19.6905565357066
13372,13372,2018,"180303072",2018/03/23,20:15:00,COLISIÓN CONTRA OBJETO FIJO,ASFALTO,Bueno,Regular,1,VOLKSWAGEN,ROJO,1,,,,SIN DATOS,0,0,Morelia,Sin datos,marzo,viernes,20,-101.098991632462,19.7305331949323
13373,13373,2018,,2018/03/23,20:45:00,COLISIÓN POR NO RESPETAR SEMÁFORO,ASFALTO,Bueno,Bueno,2,ITALIKA,AZUL,2,,20,MASCULINO,SIN DATOS,0,0,Pátzcuaro,El Calvario,marzo,viernes,21,-101.618632078171,19.5137439802652
13374,13374,2018,,2018/03/23,20:45:00,COLISIÓN CONTRA OBJETO FIJO,ASFALTO,Bueno,Regular,1,PEUGEOT,BLANCO,1,,46,MASCULINO,SIN DATOS,0,0,Pátzcuaro,Centro,marzo,viernes,21,-101.616813540459,19.5190479449474
13375,13375,2018,"180303446",2018/03/23,21:40:00,COLISIÓN POR ALCANCE,ASFALTO,Bueno,Bueno,2,LINCOLN,BLANCO,2,,31,MASCULINO,SIN DATOS,0,0,Morelia,Las Americas,marzo,viernes,22,-101.158933639526,19.6881321623714
13377,13377,2018,"180303500",2018/03/23,22:30:00,COLISIÓN CON PEATÓN,ASFALTO,Bueno,Bueno,4,NISSAN,PLATA,4,,38,MASCULINO,SIN DATOS,0,0,Tarímbaro,Campestre,marzo,viernes,23,-101.162881851196,19.7980405207863
13379,13379,2018,"180303872",2018/03/24,"00:25:00",COLISIÓN POR ALCANCE,ASFALTO,Bueno,Bueno,2,SIN DATOS,SIN DATOS,1,,28,MASCULINO,SIN DATOS,0,0,Morelia,Gertrudis Bocanegra,marzo,sábado,0,-101.20899438858,19.7023546284725
13380,13380,2018,"180947387",2018/03/24,"01:00:00",COLISIÓN POR ALCANCE,ASFALTO,Bueno,Bueno,2,VOLKSWAGEN,BLANCO,2,,,,SIN DATOS,0,0,Morelia,Infonavit Adolfo Lopez Mateos,marzo,sábado,1,-101.228907108307,19.7001981071261
13381,13381,2018,"180303975",2018/03/24,"01:45:00",COLISIÓN CONTRA OBJETO FIJO,ASFALTO,Bueno,Bueno,1,FORD,CREMA,1,,42,MASCULINO,SIN DATOS,0,0,Tarímbaro,De La Cruz,marzo,sábado,2,-101.162109375,19.7964253638225
13382,13382,2018,,2018/03/24,"07:30:00",COLISIÓN CONTRA OBJETO FIJO,TERRACERIA,Bueno,Bueno,1,HINO,BLANCO,0,,,,,0,0,Cuitzeo,Leandro Valle,marzo,sábado,8,-101.153252720833,19.9665019315443
13383,13383,2018,"180304382",2018/03/24,"08:10:00",COLISIÓN CONTRA OBJETO FIJO,CONCRETO,Bueno,Bueno,1,DODGE,ROJO,1,,,MASCULINO,ALIENTO ETÍLICO,0,0,Morelia,Centro,marzo,sábado,8,-101.196870803833,19.701877368056
13384,13384,2018,"180304518",2018/03/24,"09:36:00",COLISIÓN POR INVASIÓN DE CARRIL,ASFALTO,Bueno,Bueno,2,SIN DATOS,NEGRO,2,,,MASCULINO,SIN DATOS,0,0,Morelia,Vasco de Quiroga,marzo,sábado,10,-101.172816753387,19.7026879523636
13385,13385,2018,"180308800",2018/03/24,"09:40:00",COLISIÓN POR ALCANCE,ASFALTO,Bueno,Bueno,2,DODGE,BLANCO,2,,23,MASCULINO,SIN DATOS,0,0,Morelia,Eduardo Ruiz,marzo,sábado,10,-101.22407913208,19.7248372831359
13386,13386,2018,,2018/03/24,"09:45:00",COLISIÓN POR ALCANCE,ASFALTO,Bueno,Bueno,2,VOLKSWAGEN,ROJO,2,,28,MASCULINO,SIN DATOS,0,0,Pátzcuaro,El Calvario,marzo,sábado,10,-101.618664264679,19.5137540928515
13387,13387,2018,,2018/03/24,10:20:00,COLISIÓN POR CORTE DE CIRCULACIÓN,ASFALTO,Bueno,Bueno,2,NISSAN,ROJO,2,,18,MASCULINO,SIN DATOS,0,0,Apatzingán,La Pradera,marzo,sábado,10,-102.356336116791,19.1079061477918
13388,13388,2018,"180304656",2018/03/24,10:30:00,COLISIÓN POR CAMBIO DE CARRIL,ASFALTO,Bueno,Bueno,2,NISSAN,BLANCO,2,,36,MASCULINO,SIN DATOS,0,0,Tarímbaro,Sin datos,marzo,sábado,11,-101.130094528198,19.7776075778345
13389,13389,2018,,2018/03/24,11:20:00,VOLCADURA,ASFALTO,Bueno,Bueno,1,VOLKSWAGEN,GRIS,2,,27,FEMENINO,SIN DATOS,1,0,Cuitzeo,Los Granados,marzo,sábado,11,-101.139825582504,19.9741756320777
13390,13390,2018,"180305204",2018/03/24,13:35:00,COLISIÓN POR INVASIÓN DE CARRIL,CONCRETO,Bueno,Bueno,2,NISSAN,BLANCO/ROJO,2,,45,MASCULINO,SIN DATOS,0,0,Morelia,Buenavista,marzo,sábado,14,-101.165778636932,19.7062787156988
13391,13391,2018,,2018/03/24,14:10:00,COLISIÓN POR CAMBIO DE CARRIL,ASFALTO,Bueno,Bueno,2,HONDA,GUINDA,2,,68,MASCULINO,SIN DATOS,0,0,Morelia,Diego Rivera,marzo,sábado,14,-101.175048351288,19.7174242144536
13392,13392,2018,"180305818",2018/03/24,15:05:00,COLISIÓN POR CAMBIO DE CARRIL,ASFALTO,Bueno,Bueno,2,NISSAN,GRIS,2,,33,FEMENINO,SIN DATOS,0,0,Morelia,Lindavista,marzo,sábado,15,-101.216225624084,19.7040313416124
13393,13393,2018,"180305892",2018/03/24,15:33:00,COLISIÓN POR MANIOBRA DE REVERSA,ASFALTO,Bueno,Bueno,2,RENAULT,GRIS,2,,19,MASCULINO,SIN DATOS,0,0,Morelia,Rinconada del Valle,marzo,sábado,16,-101.221740245819,19.677585711284
13394,13394,2018,,2018/03/24,15:40:00,COLISIÓN POR CAMBIO DE CARRIL,ASFALTO,Bueno,Bueno,1,NISSAN,BLANCO,2,,22,MASCULINO,SIN DATOS,0,0,Morelia,Felix Ireta,marzo,sábado,16,-101.195690631866,19.6816265792016
13395,13395,2018,"180306637",2018/03/24,16:00:00,COLISIÓN POR INVASIÓN DE CARRIL,ASFALTO,Bueno,Bueno,2,FORD,AZUL,2,,,MASCULINO,ALIENTO ETÍLICO,0,0,Morelia,Diego Rivera,marzo,sábado,16,-101.174790859222,19.7171818194825
13396,13396,2018,"180310343",2018/03/24,16:20:00,COLISIÓN POR CORTE DE CIRCULACIÓN,ADOQUIN_EMPEDRADO,Bueno,Bueno,2,HONDA,GRIS,2,,61,FEMENINO,SIN DATOS,0,0,Morelia,Americas Britania,marzo,sábado,16,-101.144803762436,19.6913040434139
13397,13397,2018,"180306180",2018/03/24,17:05:00,COLISIÓN POR ALCANCE,ASFALTO,Bueno,Bueno,2,NISSAN,BLANCO,2,,,MASCULINO,SIN DATOS,0,0,Tarímbaro,Sin datos,marzo,sábado,17,-101.127262115479,19.7781325676748
13398,13398,2018,"180306253",2018/03/24,17:25:00,VOLCADURA,ASFALTO,Bueno,Bueno,1,FORD,CAFE,1,,65,MASCULINO,CON CERTIFICADO,0,0,Morelia,Sin datos,marzo,sábado,17,-101.345229148865,19.5550991659719
13399,13399,2018,"180306453",2018/03/24,17:50:00,COLISIÓN POR ALCANCE,CONCRETO,Bueno,Bueno,4,FREIGHTLINER,BLANCO,4,,50,MASCULINO,SIN DATOS,0,0,Morelia,La Quemada,marzo,sábado,18,-101.240360811353,19.7058923716143
13400,13400,2018,"180306728",2018/03/24,19:10:00,COLISIÓN POR CORTE DE CIRCULACIÓN,ASFALTO,Bueno,Bueno,2,VOLKSWAGEN,GRIS,3,MINISTERIO PÚBLICO,,,SIN DATOS,1,0,Morelia,Buenavista,marzo,sábado,19,-101.158192008734,19.7067875269092
13401,13401,2018,,2018/03/24,19:40:00,COLISIÓN POR INVASIÓN DE CARRIL,ASFALTO,Bueno,Bueno,3,FORD LOBO,ROJO,3,,42,MASCULINO,CON CERTIFICADO,0,0,Apatzingán,Lomas Verdes,marzo,sábado,20,-102.333172559738,19.0965515145791
13402,13402,2018,,2018/03/24,19:50:00,VOLCADURA,ASFALTO,Bueno,Bueno,1,FORD,GUINDA,3,,18,MASCULINO,SIN DATOS,2,0,Cuitzeo,Sin datos,marzo,sábado,20,-101.158933639526,19.9704850421688
13403,13403,2018,,2018/03/24,20:12:00,SUBIDA AL CAMELLÓN,ASFALTO,Bueno,Bueno,1,NISSAN,BLANCO,1,,45,MASCULINO,CON CERTIFICADO,0,0,Morelia,Barrio Alto,marzo,sábado,20,-101.196978092194,19.7250392692962
13404,13404,2018,"180307043",2018/03/24,20:15:00,COLISIÓN CONTRA OBJETO FIJO,ASFALTO,Bueno,Bueno,1,FORD,AZUL,1,,,MASCULINO,CON CERTIFICADO,0,0,Morelia,Quinceo,marzo,sábado,20,-101.22772693634,19.7338557163674
13405,13405,2018,,2018/03/24,21:00:00,COLISIÓN POR INVASIÓN DE CARRIL,ASFALTO,Bueno,Malo,2,NISSAN,BLANCO,2,,48,MASCULINO,SIN DATOS,0,0,Maravatío,Centro,marzo,sábado,21,-100.44244,19.892705
13406,13406,2018,"180307538",2018/03/24,21:35:00,COLISIÓN POR CORTE DE CIRCULACIÓN,ASFALTO,Bueno,Bueno,2,CHEVROLET,GRIS,2,,32,MASCULINO,CON CERTIFICADO,0,0,Morelia,Asociacion Zirahuen,marzo,sábado,22,-101.250171661377,19.6987587265885
13407,13407,2018,"180307468",2018/03/24,21:50:00,COLISIÓN CON PEATÓN,ASFALTO,Bueno,Regular,1,ITALIKA,VERDE,2,MINISTERIO PÚBLICO,57,MASCULINO,SIN DATOS,1,0,Morelia,Felipe Carrillo Puerto,marzo,sábado,22,-101.177242398262,19.7305180465
13408,13408,2018,"180307811",2018/03/24,23:00:00,COLISIÓN POR ALCANCE,ASFALTO,Bueno,Bueno,2,TOYOTA,BLANCO,2,,32,MASCULINO,CON CERTIFICADO,0,0,Morelia,Elias Perez Avalos,marzo,sábado,23,-101.165435314178,19.710556214639
13410,13410,2018,"180312012",2018/03/25,"00:15:00",VOLCADURA,ASFALTO,Bueno,Bueno,0,,,0,,,,,0,0,Morelia,Lomas de La Maestranza,marzo,domingo,0,-101.331367492676,19.6847783854151
13411,13411,2018,,2018/03/25,"01:50:00",COLISIÓN CONTRA OBJETO FIJO,ASFALTO,Bueno,Bueno,1,VOLKWAGEN,ROJO,0,,,,,0,0,Morelia,La Huerta,marzo,domingo,2,-101.234121322632,19.6616384417629