fid,id_accidente,anio_origen,folio_c5i,dia_incidente,hora_ocurrencia,tipo_incidente_vial,superficie_ocurrencia,condiciones_climaticas,condiciones_via,numero_vehiculos_involucrados,marca_vehiculo_ocasiona_siniestro,color_vehiculo_ocasiona_siniestro,numero_personas_involucradas,lugar_remite_presunto_responsable,edad_presunto_responsable,sexo_presunto_responsable,resultados_toxicologia,numero_personas_lesionadas,numero_personas_fallecidas,municipio,colonia,mes,dia_semana,hora_redondeada,lon,lat
13412,13412,2018,"180308229",2018/03/25,"02:35:00",CAIDA DE MOTOCICLETA,ASFALTO,Bueno,Bueno,1,HONDA,GRIS,1,,18,MASCULINO,CON CERTIFICADO,0,0,Morelia,Villas del Pedregal,marzo,domingo,3,-101.307957172394,19.6796263623219
13413,13413,2018,"1803008319",2018/03/25,"03:10:00",COLISIÓN CONTRA OBJETO FIJO,ASFALTO,Bueno,Bueno,1,VOLKWAGEN,NEGRO,1,,21,MASCULINO,CON CERTIFICADO,0,0,Morelia,El Lago 1,marzo,domingo,3,-101.214680671692,19.7270389185073
13414,13414,2018,"180308390",2018/03/25,"04:05:00",VOLCADURA,ASFALTO,Bueno,Bueno,1,DATSUN,BLANCO,1,,0,MASCULINO,SIN DATOS,0,0,Morelia,Virrey Antonio de Mendoza,marzo,domingo,4,-101.163439750671,19.7077685305556
13415,13415,2018,"180308422",2018/03/25,"04:33:00",SUBIDA AL CAMELLÓN,ASFALTO,Bueno,Bueno,1,VOLKWAGEN,NEGRO,0,,,,,0,0,Morelia,Los Laureles,marzo,domingo,5,-101.232168674469,19.7139498514169
13416,13416,2018,"180308703",2018/03/25,"08:40:00",COLISIÓN POR ALCANCE,ASFALTO,Bueno,Bueno,2,JEEP,BLANCO,2,,37,MASCULINO,SIN DATOS,0,0,Morelia,Loma de Los Piñones,marzo,domingo,9,-101.203715801239,19.6750197072486
13417,13417,2018,"180308794",2018/03/25,"08:45:00",COLISIÓN POR CORTE DE CIRCULACIÓN,ASFALTO,Bueno,Bueno,2,NISSAN,BLANCO,2,,40,MASCULINO,SIN DATOS,0,0,Morelia,Lomas de Guayangareo,marzo,domingo,9,-101.160875558853,19.7028798658041
13418,13418,2018,"180310184",2018/03/25,15:30:00,COLISIÓN POR CAMBIO DE CARRIL,ASFALTO,Bueno,Bueno,2,TOYOTA,GRIS,2,,37,MASCULINO,SIN DATOS,0,0,Morelia,Sin datos,marzo,domingo,16,-101.310081481934,19.687768503205
13419,13419,2018,"180309986",2018/03/25,15:35:00,COLISIÓN POR CORTE DE CIRCULACIÓN,ASFALTO,Bueno,Bueno,2,NISSAN,GRIS,2,,59,MASCULINO,SIN DATOS,0,0,Tarímbaro,Sin datos,marzo,domingo,16,-101.135845184326,19.7753056788856
13420,13420,2018,"180310095",2018/03/25,16:00:00,COLISIÓN POR CORTE DE CIRCULACIÓN,CONCRETO,Bueno,Bueno,2,NISSAN,BLANCO ROJO,2,,37,MASCULINO,SIN DATOS,0,0,Morelia,Jose Ma Pino Suarez,marzo,domingo,16,-101.163300275803,19.7207571080358
13421,13421,2018,,2018/03/25,16:00:00,COLISIÓN CONTRA OBJETO FIJO,ASFALTO,Bueno,Bueno,1,NISSAN,AZUL,0,,,,,0,0,Cuitzeo,San Agustin del Pulque,marzo,domingo,16,-101.069197654724,19.9655137011797
13422,13422,2018,,2018/03/25,16:10:00,COLISIÓN POR ALCANCE,ASFALTO,Bueno,Bueno,2,ITALIKA,ROJO/NEGRO,0,,,,,0,0,Zinapécuaro,Centro,marzo,domingo,16,-100.826876,19.857982
13423,13423,2018,,2018/03/25,17:30:00,VOLCADURA,TERRACERIA,Bueno,Bueno,1,DODGE,BLANCO,2,,,,,2,0,Cuitzeo,Centro,marzo,domingo,18,-101.13983631134,19.9692346587821
13425,13425,2018,,2018/03/25,20:40:00,COLISIÓN POR CAMBIO DE CARRIL,ASFALTO,Bueno,Bueno,3,NISSAN,GRIS,0,MINISTERIO PÚBLICO,,,,0,0,Erongarícuaro,Sin datos,marzo,domingo,21,-101.757860183716,19.6091987892382
13426,13426,2018,"180315864",2018/03/25,22:30:00,COLISIÓN POR CORTE DE CIRCULACIÓN,ASFALTO,Bueno,Bueno,2,NISSAN,BLANCO ROJO,2,,66,MASCULINO,SIN DATOS,0,0,Morelia,Centro,marzo,domingo,23,-101.197383105755,19.6976678190305
13428,13428,2018,"180312818",2018/03/26,"00:00:00",COLISIÓN POR ALCANCE,ASFALTO,Bueno,Bueno,2,SIN DATOS,SIN DATOS,1,,0,,SIN DATOS,0,0,Morelia,Consuelo Alfaro de Vazquez,marzo,lunes,0,-101.14148452878,19.7259923880451
13429,13429,2018,"180316162",2018/03/26,"00:00:00",COLISIÓN CONTRA OBJETO FIJO,ASFALTO,Bueno,Bueno,1,FORD,NEGRO,1,,0,,SIN DATOS,0,0,Morelia,Libertad,marzo,lunes,0,-101.237318515778,19.6857885665889
13430,13430,2018,LEG13945,2018/03/26,"00:15:00",VOLCADURA,ASFALTO,Bueno,Bueno,1,CHEVROLET,NEGRO,0,,,,,0,0,Morelia,Lomas de La Maestranza,marzo,lunes,0,-101.331496238708,19.6847783854151
13431,13431,2018,,2018/03/26,"00:30:00",COLISIÓN POR CORTE DE CIRCULACIÓN,CONCRETO,Bueno,Regular,2,ITALIKA,ROJO,2,,18,MASCULINO,SIN DATOS,0,0,Morelia,Agustin Arriaga Rivera,marzo,lunes,1,-101.223735809326,19.6901221715167
13432,13432,2018,"180308469",2018/03/26,"05:40:00",VOLCADURA,ASFALTO,Bueno,Bueno,1,TOYOTA,NEGRO,1,,0,,SIN DATOS,0,0,Morelia,Valle de Las Flores,marzo,lunes,6,-101.127305030823,19.6876674866234
13433,13433,2018,"180312287",2018/03/26,"06:00:00",COLISIÓN CON PEATÓN,SIN_DATOS,Bueno,Bueno,1,SIN DATOS,SIN DATOS,1,,,,,0,1,Morelia,Las Margaritas,marzo,lunes,6,-101.21065735817,19.710556214639
13434,13434,2018,,2018/03/26,"06:30:00",COLISIÓN POR NO RESPETAR SEMÁFORO,ASFALTO,Bueno,Bueno,2,CHEVROLET,GRIS,2,,30,MASCULINO,SIN DATOS,0,0,Morelia,Gertrudis Bocanegra,marzo,lunes,7,-101.210668087006,19.7021425129076
13435,13435,2018,"180312930",2018/03/26,"09:55:00",COLISIÓN POR ALCANCE,ASFALTO,Bueno,Bueno,2,VOLKWAGEN,GRIS,2,,24,MASCULINO,SIN DATOS,0,0,Morelia,Camelinas,marzo,lunes,10,-101.170016527176,19.6820559154275
13436,13436,2018,"180313264",2018/03/26,11:42:00,COLISIÓN POR CAMBIO DE CARRIL,ASFALTO,Bueno,Bueno,2,CHEVROLET,ROJO,2,,20,FEMENINO,SIN DATOS,0,0,Morelia,Gertrudis Sanchez,marzo,lunes,12,-101.201065778732,19.7421945367743
13437,13437,2018,"180313669",2018/03/26,12:50:00,COLISIÓN POR MANIOBRA DE REVERSA,ASFALTO,Bueno,Bueno,2,FORD,BLANCO,2,,32,MASCULINO,SIN DATOS,0,0,Morelia,Elias Perez Avalos,marzo,lunes,13,-101.169426441193,19.7132832498766
13438,13438,2018,"180313727",2018/03/26,13:40:00,COLISIÓN POR CAMBIO DE CARRIL,CONCRETO,Bueno,Bueno,2,FREIGHTLINER,CAFE,2,,38,MASCULINO,SIN DATOS,0,0,Morelia,Canteras de Morelia,marzo,lunes,14,-101.171894073486,19.7150204480749
13439,13439,2018,"180313745",2018/03/26,13:40:00,COLISIÓN POR ALCANCE,CONCRETO,Bueno,Bueno,2,TOYOTA,BLANCO,2,,52,MASCULINO,SIN DATOS,0,0,Morelia,Cinco de Diciembre,marzo,lunes,14,-101.163289546967,19.6862734512889
13440,13440,2018,"180310164",2018/03/26,15:26:00,COLISIÓN POR CORTE DE CIRCULACIÓN,ASFALTO,Bueno,Bueno,2,NISSAN,BLANCO,2,,35,MASCULINO,SIN DATOS,0,0,Morelia,Centro,marzo,lunes,15,-101.190390586853,19.7065362779034
13441,13441,2018,,2018/03/26,16:00:00,COLISIÓN POR CORTE DE CIRCULACIÓN,ADOQUIN_EMPEDRADO,Bueno,Bueno,2,FORD,BLANCO,2,,59,MASCULINO,SIN DATOS,0,0,Cuitzeo,Centro,marzo,lunes,16,-101.139594912529,19.9698195167618
13442,13442,2018,"180314857",2018/03/26,17:00:00,COLISIÓN POR ALCANCE,ASFALTO,Bueno,Bueno,2,SEAT,BLANCO,2,,24,FEMENINO,SIN DATOS,0,0,Morelia,Ventura Puente,marzo,lunes,17,-101.179736852646,19.6908494783321
13443,13443,2018,,2018/03/26,18:45:00,COLISIÓN POR CAMBIO DE CARRIL,ASFALTO,Bueno,Bueno,2,FORD,BLANCO,2,,29,MASCULINO,SIN DATOS,0,0,Morelia,Elias Perez Avalos,marzo,lunes,19,-101.168686151505,19.7135559508426
13444,13444,2018,,2018/03/26,18:45:00,COLISIÓN POR CORTE DE CIRCULACIÓN,ASFALTO,Bueno,Bueno,1,CHYSLER,BLANCO,2,,48,MASCULINO,SIN DATOS,1,0,Tarímbaro,Galaxias Tarimbaro,marzo,lunes,19,-101.199145317078,19.7628768694571
13445,13445,2018,"180311637",2018/03/26,21:15:00,COLISIÓN CON PEATÓN,ASFALTO,Bueno,Bueno,1,SIN DATOS,SIN DATOS,1,,,,,1,0,Morelia,Santa Maria,marzo,lunes,21,-101.200540065765,19.6779190867447
13446,13446,2018,"180311801",2018/03/26,22:00:00,SUBIDA AL CAMELLÓN,ASFALTO,Bueno,Bueno,1,FORD,GUINDA,1,,0,MASCULINO,CON CERTIFICADO,0,0,Morelia,Jardines de Torremolinos,marzo,lunes,22,-101.225715279579,19.6775301486398
13447,13447,2018,,2018/03/26,22:11:00,CAIDA DE MOTOCICLETA,CONCRETO,Bueno,Bueno,1,HONDA,NEGRO Y GRIS,2,,21,MASCULINO,SIN DATOS,1,0,Huandacareo,Vistabella,marzo,lunes,22,-101.278656721115,19.9904343741466
13448,13448,2018,,2018/03/26,22:40:00,SUBIDA AL CAMELLÓN,CONCRETO,Bueno,Bueno,1,TOYOTA TACOMA,GRIS,2,,31,MASCULINO,SIN DATOS,1,0,Apatzingán,La Pradera,marzo,lunes,23,-102.356593608856,19.1058380405049
13449,13449,2018,"18031583",2018/03/26,22:50:00,COLISIÓN CONTRA OBJETO FIJO,ASFALTO,Bueno,Bueno,1,NISSAN,BLANCO,1,,25,MASCULINO,SIN DATOS,0,0,Morelia,Bicentenario,marzo,lunes,23,-101.17871761322,19.738713138516
13450,13450,2018,"180319774",2018/03/27,"00:00:00",COLISIÓN POR ALCANCE,ASFALTO,Bueno,Regular,2,TOYOTA,BLANCO,2,,26,MASCULINO,SIN DATOS,0,0,Morelia,Felix Ireta,marzo,martes,0,-101.191790699959,19.6823387716063
13451,13451,2018,"180316510",2018/03/27,"09:30:00",COLISIÓN POR CAMBIO DE CARRIL,ASFALTO,Bueno,Bueno,2,HONDA,GRIS,2,,35,FEMENINO,SIN DATOS,0,0,Morelia,Felix Ireta,marzo,martes,10,-101.183148622513,19.688829173465
13452,13452,2018,,2018/03/27,10:00:00,COLISIÓN POR ALCANCE,ASFALTO,Bueno,Bueno,2,NISSAN,NEGRO,2,,26,FEMENINO,SIN DATOS,0,0,Purépero,Tres Encinos,marzo,martes,10,-102.026252746582,19.9185656307246
13453,13453,2018,"180316616",2018/03/27,10:30:00,COLISIÓN POR CORTE DE CIRCULACIÓN,ASFALTO,Bueno,Regular,2,ISUZU,ROJO,2,,0,MASCULINO,SIN DATOS,0,0,Morelia,Solidaridad,marzo,martes,11,-101.204399764538,19.7329102186322
13454,13454,2018,"180316633",2018/03/27,10:35:00,COLISIÓN POR CAMBIO DE CARRIL,ASFALTO,Bueno,Bueno,2,VOLKWAGEN,NEGRO,2,,41,FEMENINO,SIN DATOS,0,0,Morelia,Villa de Santa Maria,marzo,martes,11,-101.167430877686,19.656228032101
13455,13455,2018,,2018/03/27,10:50:00,COLISIÓN POR MANIOBRA DE REVERSA,ASFALTO,Bueno,Bueno,2,TOYOTA,VERDE,2,,40,MASCULINO,CON CERTIFICADO,0,0,Pátzcuaro,Centro,marzo,martes,11,-101.610853672028,19.5116000976833
13456,13456,2018,"180318150",2018/03/27,14:25:00,COLISIÓN POR CORTE DE CIRCULACIÓN,ASFALTO,Bueno,Bueno,2,DODGE,AZUL,2,,25,MASCULINO,SIN DATOS,0,0,Morelia,Insurgentes,marzo,martes,14,-101.155028343201,19.6952637557555
13457,13457,2018,"180318237",2018/03/27,16:50:00,COLISIÓN CON PEATÓN,ASFALTO,Bueno,Regular,2,VOLKWAGEN,BLANCO,2,,34,MASCULINO,SIN DATOS,0,0,Morelia,Cinco de Diciembre,marzo,martes,17,-101.162098646164,19.6869906738825
13458,13458,2018,"180318350",2018/03/27,17:10:00,COLISIÓN POR CORTE DE CIRCULACIÓN,ASFALTO,Bueno,Bueno,1,SIN DATOS,SIN DATOS,2,,17,MASCULINO,SIN DATOS,1,0,Morelia,Lomas del Valle,marzo,martes,17,-101.22737288475,19.6900918669944
13459,13459,2018,"180318846",2018/03/27,19:10:00,COLISIÓN POR CAMBIO DE CARRIL,ASFALTO,Bueno,Bueno,2,CHEVROLET,AMARILLO,2,,26,MASCULINO,SIN DATOS,0,0,Morelia,Ampliacion La Soledad,marzo,martes,19,-101.18301987648,19.7325024788964
13460,13460,2018,"180319013",2018/03/27,20:30:00,COLISIÓN CON PEATÓN,CONCRETO,Bueno,Bueno,1,NISSAN,BLANCO,0,,,,,0,0,Morelia,Defensores De Puebla,marzo,martes,21,-101.234883069992,19.7144700006885
13461,13461,2018,"180319921",2018/03/28,"01:20:00",COLISIÓN POR CORTE DE CIRCULACIÓN,ASFALTO,Bueno,Bueno,2,RENOULT,GRIS,2,,23,MASCULINO,SIN DATOS,0,0,Morelia,Chapultepec Sur,marzo,miércoles,1,-101.177102923393,19.6920060913932
13462,13462,2018,"180319939",2018/03/28,"02:20:00",VOLCADURA,ASFALTO,Bueno,Bueno,1,VOLKWAGEN,BLANCO,1,,43,MASCULINO,SIN DATOS,0,0,Morelia,Felix Ireta,marzo,miércoles,2,-101.195663809776,19.6815710179589
13463,13463,2018,"1800320084",2018/03/28,"07:40:00",COLISIÓN CONTRA OBJETO FIJO,CONCRETO,Bueno,Bueno,2,MERCEDEZ BENZ,BLANCO,2,,40,MASCULINO,SIN DATOS,0,0,Morelia,Tzindurio de Morelos,marzo,miércoles,8,-101.245204210281,19.6984152935297
13464,13464,2018,"180320281",2018/03/28,"09:00:00",COLISIÓN POR ALCANCE,ASFALTO,Bueno,Bueno,2,ITALIKA,NEGRO/VERDE,2,,44,MASCULINO,SIN DATOS,0,0,Morelia,Isaac Arriaga,marzo,miércoles,9,-101.166250705719,19.7101522054636
13465,13465,2018,,2018/03/28,10:48:00,COLISIÓN POR CORTE DE CIRCULACIÓN,ASFALTO,Bueno,Bueno,2,SIN DATOS,BLANCO,2,MINISTERIO PÚBLICO,44,MASCULINO,SIN DATOS,0,0,Morelia,Villa Universidad,marzo,miércoles,11,-101.198531091213,19.6870386569695
13466,13466,2018,"1803320591",2018/03/28,11:05:00,COLISIÓN POR CORTE DE CIRCULACIÓN,ASFALTO,Bueno,Bueno,2,NISSAN,GRIS,2,,60,FEMENINO,SIN DATOS,0,0,Morelia,El Lago 1,marzo,miércoles,11,-101.217169761658,19.7273418934774
13467,13467,2018,"180320868",2018/03/28,11:50:00,COLISIÓN POR CORTE DE CIRCULACIÓN,ASFALTO,Bueno,Bueno,2,VOLKSWAGEN,ROJO,2,,45,MASCULINO,SIN DATOS,0,0,Morelia,Irrigacion,marzo,miércoles,12,-101.22508764267,19.7049403956071
13468,13468,2018,"180320890",2018/03/28,11:50:00,COLISIÓN POR ALCANCE,ASFALTO,Bueno,Bueno,2,NISSAN,BLANCO,2,,20,MASCULINO,SIN DATOS,0,0,Morelia,Jardines de Torremolinos,marzo,miércoles,12,-101.229336261749,19.6771008002847
13469,13469,2018,,2018/03/28,13:00:00,COLISIÓN POR CORTE DE CIRCULACIÓN,ASFALTO,Bueno,Bueno,2,SIN DATOS,SIN DATOS,0,,,,,0,0,Pátzcuaro,Centro,marzo,miércoles,13,-101.610145568848,19.5301457635447
13470,13470,2018,"180321087",2018/03/28,13:05:00,COLISIÓN POR MANIOBRA DE REVERSA,ASFALTO,Bueno,Bueno,2,HINO,BLANCO/ROJO,2,,64,MASCULINO,SIN DATOS,0,0,Morelia,Felix Ireta,marzo,miércoles,13,-101.181442737579,19.6816467832851
13471,13471,2018,"180321391",2018/03/28,13:55:00,SUBIDA AL CAMELLÓN,ASFALTO,Bueno,Bueno,1,BMW,PLATA,1,,36,MASCULINO,SIN DATOS,0,0,Morelia,Ana Maria Gallaga (Riviera Norte),marzo,miércoles,14,-101.22266292572,19.6769391629588
13472,13472,2018,"180321444",2018/03/28,14:10:00,COLISIÓN POR ALCANCE,CONCRETO,Bueno,Bueno,2,CHEVROLET,ROJO,2,,49,FEMENINO,SIN DATOS,0,0,Morelia,Chapultepec Norte,marzo,miércoles,14,-101.165987849236,19.6955920438357
13473,13473,2018,,2018/03/28,14:40:00,COLISIÓN POR CAMBIO DE CARRIL,ASFALTO,Bueno,Bueno,2,INTERNATIONAL,BLANCO/CAFE,2,,,MASCULINO,SIN DATOS,0,0,Morelia,Camelinas,marzo,miércoles,15,-101.174211502075,19.6819195381628
13474,13474,2018,"180321622",2018/03/28,14:45:00,COLISIÓN POR CORTE DE CIRCULACIÓN,ASFALTO,Bueno,Bueno,2,PULSAR,BLANCO/NEGRO,2,,,MASCULINO,SIN DATOS,0,0,Morelia,Comision Federal de Electricidad,marzo,miércoles,15,-101.181399822235,19.6816669873661
13475,13475,2018,"180321749",2018/03/28,15:10:00,COLISIÓN POR CORTE DE CIRCULACIÓN,ASFALTO,Bueno,Bueno,2,FORD,ROJO,2,,34,FEMENINO,SIN DATOS,0,0,Morelia,Vista Bella,marzo,miércoles,15,-101.197364330292,19.6796263623219
13476,13476,2018,"180323505",2018/03/28,15:50:00,COLISIÓN POR ALCANCE,ASFALTO,Bueno,Bueno,3,NISSAN,BLANCO,3,,42,MASCULINO,SIN DATOS,0,0,Morelia,Loma de Los Piñones,marzo,miércoles,16,-101.205035448074,19.6740700732904
13477,13477,2018,,2018/03/28,19:00:00,COLISIÓN CONTRA OBJETO FIJO,ASFALTO,Bueno,Bueno,1,DINAMO 110,Rojo/Negro,1,,39,MASCULINO,SIN DATOS,0,0,Apatzingán,Independencia,marzo,miércoles,19,-102.353128194809,19.0975957678485
13479,13479,2018,"180322993",2018/03/28,20:30:00,COLISIÓN CONTRA OBJETO FIJO,ASFALTO,Bueno,Bueno,2,DODGE,GRIS,2,,33,MASCULINO,CON CERTIFICADO,0,0,Morelia,Campestre Los Manantiales,marzo,miércoles,21,-101.236905455589,19.6921778148908
13480,13480,2018,"180323268",2018/03/28,21:00:00,COLISIÓN POR CORTE DE CIRCULACIÓN,ASFALTO,Bueno,Bueno,2,TOYOTA,BLANCO,2,,,,SIN DATOS,0,0,Morelia,Jacarandas,marzo,miércoles,21,-101.211580038071,19.7090108740292
13481,13481,2018,,2018/03/28,23:30:00,COLISIÓN POR INVASIÓN DE CARRIL,ASFALTO,Bueno,Bueno,2,KENWORTH,AZUL,2,,42,MASCULINO,SIN DATOS,0,0,Zitácuaro,Sin datos,marzo,miércoles,0,-100.357639789581,19.4794182198638
13482,13482,2018,,2018/03/28,23:50:00,COLISIÓN CONTRA OBJETO FIJO,ASFALTO,Bueno,Regular,1,CHEVROLET,GRIS,0,,,,,0,0,Pátzcuaro,Sin Nombre,marzo,miércoles,0,-101.614737510681,19.5269100318371
13483,13483,2018,"180323698",2018/03/29,"00:15:00",COLISIÓN POR CAMBIO DE CARRIL,CONCRETO,Bueno,Bueno,2,KEENWORTH,BLANCO,2,,49,MASCULINO,SIN DATOS,0,0,Morelia,Isaac Arriaga,marzo,jueves,0,-101.168675422668,19.7123136426756
13484,13484,2018,,2018/03/29,"00:30:00",COLISIÓN CONTRA OBJETO FIJO,ASFALTO,Bueno,Bueno,1,SIN DATOS,SIN DATOS,0,,,,,0,0,Pátzcuaro,Centro,marzo,jueves,1,-101.609361,19.515744
13485,13485,2018,"180323875",2018/03/29,"02:00:00",COLISIÓN CONTRA OBJETO FIJO,ASFALTO,Bueno,Bueno,1,RENAULT,GRIS,1,,28,MASCULINO,SIN DATOS,0,0,Tarímbaro,Sin datos,marzo,jueves,2,-101.171700954437,19.7511488795202
13486,13486,2018,"180324007",2018/03/29,"06:10:00",VOLCADURA,ASFALTO,Bueno,Bueno,1,CHEVROLET,BLANCO,1,,,MASCULINO,SIN DATOS,0,0,Morelia,Club de Golf Tres Marias,marzo,jueves,6,-101.108486652374,19.7081927464851
13487,13487,2018,,2018/03/29,"08:30:00",COLISIÓN POR ALCANCE,ASFALTO,Bueno,Bueno,2,NISSAN,BLANCO,2,,28,MASCULINO,SIN DATOS,0,0,Pátzcuaro,Centro,marzo,jueves,9,-101.61776304245,19.5164541307688
13488,13488,2018,,2018/03/29,10:40:00,COLISIÓN POR CAMBIO DE CARRIL,ASFALTO,Bueno,Bueno,2,MAZDA,GRIS,2,,37,MASCULINO,SIN DATOS,0,0,Morelia,Primo Tapia Oriente,marzo,jueves,11,-101.158676147461,19.7136266510171
13489,13489,2018,"180325223",2018/03/29,13:20:00,COLISIÓN POR INVASIÓN DE CARRIL,ASFALTO,Bueno,Bueno,2,SIN DATOS,ROJO,3,,20,MASCULINO,SIN DATOS,1,0,Morelia,Morelos,marzo,jueves,13,-101.20676279068,19.7018899940113
13490,13490,2018,"180326017",2018/03/29,16:45:00,COLISIÓN POR MANIOBRA DE REVERSA,ASFALTO,Bueno,Bueno,2,CHEVROLET,BLANCO/ROJO,2,,40,MASCULINO,SIN DATOS,0,0,Morelia,Prados Verdes,marzo,jueves,17,-101.197165846825,19.7157829913232
13491,13491,2018,"180326005",2018/03/29,17:10:00,COLISIÓN POR NO RESPETAR SEMÁFORO,ASFALTO,Bueno,Bueno,2,CHEVROLET,ROJO,2,,,MASCULINO,SIN DATOS,0,0,Morelia,Primo Tapia Oriente,marzo,jueves,17,-101.158783435822,19.7136872511418
13492,13492,2018,"180326695",2018/03/29,19:00:00,COLISIÓN POR ALCANCE,ASFALTO,Bueno,Bueno,2,MAZDA,BLANCO,2,,32,MASCULINO,SIN DATOS,0,0,Morelia,Elias Perez Avalos,marzo,jueves,19,-101.165564060211,19.7104956133277
13494,13494,2018,,2018/03/29,20:40:00,COLISIÓN POR INVASIÓN DE CARRIL,ASFALTO,Bueno,Bueno,2,VOLKSWAGEN,NEGRO,1,MINISTERIO PÚBLICO,,,SIN DATOS,0,0,Morelia,Nicolas Bravo(Los Ejidos),marzo,jueves,21,-101.215152740479,19.7029808727855
13495,13495,2018,"180327026",2018/03/29,21:05:00,COLISIÓN POR ALCANCE,CONCRETO,Bueno,Bueno,2,VOLKSWAGEN,NEGRO,2,,30,FEMENINO,SIN DATOS,0,0,Morelia,Indeco Expropiacion Petrolera,marzo,jueves,21,-101.225731372833,19.6868492499633
13496,13496,2018,"180327436",2018/03/29,22:50:00,SUBIDA AL CAMELLÓN,ASFALTO,Bueno,Bueno,1,DODGE,GRIS,1,,34,MASCULINO,SIN DATOS,0,0,Morelia,Granjas del Maestro,marzo,jueves,23,-101.191045045853,19.7124146437
13497,13497,2018,"180327482",2018/03/29,23:20:00,COLISIÓN POR ALCANCE,ASFALTO,Bueno,Regular,2,VOLKSWAGEN,VERDE,2,,,MASCULINO,CON CERTIFICADO,0,0,Morelia,Union Popular Solidaria,marzo,jueves,23,-101.217464804649,19.7067837392387
13498,13498,2018,"180327671",2018/03/29,23:40:00,SUBIDA AL CAMELLÓN,ASFALTO,Bueno,Bueno,1,CHEVROLET,BLANCO,1,,,,SIN DATOS,0,0,Morelia,Hacienda del Valle,marzo,jueves,0,-101.224250793457,19.6671193896018
13499,13499,2018,,2018/03/30,"00:00:00",VOLCADURA,ASFALTO,Bueno,Bueno,1,HONDA,ARENA,1,,31,MASCULINO,SIN DATOS,0,0,Pátzcuaro,Nueva del Cristo,marzo,viernes,0,-101.59508228302,19.5222181057485
13500,13500,2018,,2018/03/30,"00:00:00",COLISIÓN POR NO RESPETAR SEMÁFORO,ASFALTO,Bueno,Regular,2,FORD,PLATINO,2,,45,MASCULINO,SIN DATOS,0,0,Pátzcuaro,Centro,marzo,viernes,0,-101.607216596603,19.5237753549436
13501,13501,2018,,2018/03/30,"00:00:00",COLISIÓN POR CORTE DE CIRCULACIÓN,ASFALTO,Bueno,Bueno,2,YAMAHA,GRIS,2,,59,MASCULINO,SIN DATOS,0,0,Pátzcuaro,Sin datos,marzo,viernes,0,-101.586928367615,19.5451506219128
13502,13502,2018,,2018/03/30,"02:20:00",COLISIÓN CONTRA OBJETO FIJO,CONCRETO,Bueno,Bueno,1,ITALIKA,ROJO/NEGRO,1,MINISTERIO PÚBLICO,25,MASCULINO,SIN DATOS,0,0,Morelia,Agustin Arriaga Rivera,marzo,viernes,2,-101.225101724267,19.6906108311475
13503,13503,2018,"180327751",2018/03/30,"02:30:00",COLISIÓN CONTRA OBJETO FIJO,ASFALTO,Bueno,Bueno,1,NISSAN,AZUL,1,,25,MASCULINO,CON CERTIFICADO,0,0,Morelia,Barrio Alto,marzo,viernes,3,-101.196999549866,19.7250594678982
13504,13504,2018,"180327819",2018/03/30,"03:40:00",COLISIÓN POR ALCANCE,ASFALTO,Bueno,Bueno,2,NISSAN,AZUL,2,,29,MASCULINO,SIN DATOS,0,0,Morelia,Lindavista,marzo,viernes,4,-101.216762065887,19.7041525491102
13505,13505,2018,LEG14023,2018/03/30,"04:05:00",COLISIÓN POR ALCANCE,ASFALTO,Bueno,Bueno,2,FORD,ROJO,2,,31,MASCULINO,SIN DATOS,0,0,Morelia,Niño Artillero,marzo,viernes,4,-101.252733170986,19.6979683244008
13506,13506,2018,"180327848",2018/03/30,"04:50:00",SALIDA DE SUPERFICIE DE RODAMIENTO,ASFALTO,Bueno,Bueno,1,CHEVROLET,BLANCO,1,,33,MASCULINO,SIN DATOS,0,0,Tarímbaro,Club Erandeni,marzo,viernes,5,-101.181764602661,19.7592722325225
13507,13507,2018,,2018/03/30,"06:10:00",COLISIÓN POR INVASIÓN DE CARRIL,ASFALTO,Bueno,Bueno,2,ACURA,NEGRO,5,,33,MASCULINO,CON CERTIFICADO,3,0,Apatzingán,22 de Octubre,marzo,viernes,6,-102.345725297928,19.0874064132035
13508,13508,2018,"180327928",2018/03/30,"06:50:00",SALIDA DE SUPERFICIE DE RODAMIENTO,ASFALTO,Bueno,Bueno,1,FORD,NEGRO,1,,,,SIN DATOS,0,0,Morelia,Asociacion Zirahuen,marzo,viernes,7,-101.250203847885,19.6987284237012
13509,13509,2018,,2018/03/30,"08:00:00",COLISIÓN CON PEATÓN,ADOQUIN_EMPEDRADO,Bueno,Regular,2,FORD,ARENA,1,,0,MASCULINO,SIN DATOS,0,0,Pátzcuaro,El Calvario,marzo,viernes,8,-101.620654463768,19.5142394962512
13510,13510,2018,,2018/03/30,"09:45:00",COLISIÓN POR CORTE DE CIRCULACIÓN,ASFALTO,Bueno,Bueno,2,TOYOTA,BLANCO,2,,63,MASCULINO,SIN DATOS,0,0,Apatzingán,Revolucion,marzo,viernes,10,-102.338075637817,19.0681412435059
13511,13511,2018,,2018/03/30,10:45:00,COLISIÓN POR CORTE DE CIRCULACIÓN,ASFALTO,Bueno,Bueno,2,SIN DATOS,SIN DATOS,1,,,FEMENINO,SIN DATOS,0,0,Morelia,Chapultepec Norte,marzo,viernes,11,-101.171400547028,19.6943445455488