fid,id_accidente,anio_origen,folio_c5i,dia_incidente,hora_ocurrencia,tipo_incidente_vial,superficie_ocurrencia,condiciones_climaticas,condiciones_via,numero_vehiculos_involucrados,marca_vehiculo_ocasiona_siniestro,color_vehiculo_ocasiona_siniestro,numero_personas_involucradas,lugar_remite_presunto_responsable,edad_presunto_responsable,sexo_presunto_responsable,resultados_toxicologia,numero_personas_lesionadas,numero_personas_fallecidas,municipio,colonia,mes,dia_semana,hora_redondeada,lon,lat
13512,13512,2018,"180329462",2018/03/30,15:45:00,COLISIÓN POR CORTE DE CIRCULACIÓN,CONCRETO,Bueno,Bueno,2,VOLKSWAGEN,NEGRO,2,,26,MASCULINO,SIN DATOS,1,0,Morelia,Industrial,marzo,viernes,16,-101.197670102119,19.7108289202554
13513,13513,2018,"180329567",2018/03/30,16:20:00,COLISIÓN POR CORTE DE CIRCULACIÓN,CONCRETO,Bueno,Regular,2,VOLKSWAGEN,BLANCO/ROSA,2,,32,MASCULINO,SIN DATOS,0,0,Morelia,Vista Bella,marzo,viernes,16,-101.195897161961,19.6785151199304
13514,13514,2018,"180329123",2018/03/30,16:37:00,COLISIÓN POR ALCANCE,ASFALTO,Bueno,Bueno,2,FORD,NEGRO,2,,20,MASCULINO,SIN DATOS,0,0,Morelia,Felix Ireta,marzo,viernes,17,-101.191635131836,19.6825761683709
13515,13515,2018,,2018/03/30,17:30:00,COLISIÓN POR INVASIÓN DE CARRIL,ASFALTO,Bueno,Bueno,2,PONTIAC OLDSMOBILE,VERDE,4,MINISTERIO PÚBLICO,,MASCULINO,SIN DATOS,2,0,Sin datos,Sin datos,marzo,viernes,18,-102.680110931396,19.2199507096712
13516,13516,2018,"180329819",2018/03/30,17:35:00,COLISIÓN POR CORTE DE CIRCULACIÓN,ASFALTO,Bueno,Malo,2,NISSAN,BLANCO/ROJO,2,MINISTERIO PÚBLICO,38,MASCULINO,SIN DATOS,0,0,Morelia,Vasco de Quiroga,marzo,viernes,18,-101.170134544373,19.7036803443822
13517,13517,2018,,2018/03/30,19:30:00,SALIDA DE SUPERFICIE DE RODAMIENTO,ASFALTO,Bueno,Bueno,1,NISSAN,BLANCO,1,,0,,SIN DATOS,0,0,Copándaro,Sin datos,marzo,viernes,20,-101.151444911957,19.9058252197627
13518,13518,2018,"180330521",2018/03/30,20:40:00,COLISIÓN POR ALCANCE,CONCRETO,Bueno,Bueno,2,VOLKSWAGEN,GRIS,2,,,MASCULINO,SIN DATOS,0,0,Morelia,Villas del Pedregal,marzo,viernes,21,-101.303418874741,19.6846874687969
13519,13519,2018,"180330106",2018/03/30,23:05:00,COLISIÓN CONTRA OBJETO FIJO,ASFALTO,Bueno,Bueno,1,CHEVROLET,BLANCO,1,,,,SIN DATOS,0,0,Tarímbaro,Sin datos,marzo,viernes,23,-101.124172210693,19.7714892994758
13520,13520,2018,LEG14033,2018/03/30,23:05:00,SALIDA DE SUPERFICIE DE RODAMIENTO,ASFALTO,Bueno,Bueno,1,HONDA,GRIS,1,,25,MASCULINO,CON CERTIFICADO,0,0,Morelia,Ampliacion La Soledad,marzo,viernes,23,-101.184934973717,19.7293768604719
13521,13521,2018,"180337338",2018/03/30,23:50:00,SUBIDA AL CAMELLÓN,ASFALTO,Bueno,Bueno,1,VOLKSWAGEN,BLANCO,1,,32,MASCULINO,SIN DATOS,0,0,Morelia,Rafael Carrillo,marzo,viernes,0,-101.236417293549,19.7077685305556
13522,13522,2018,,2018/03/31,"00:00:00",SALIDA DE SUPERFICIE DE RODAMIENTO,CONCRETO,Bueno,Bueno,1,FORD,AZUL,0,,,,,0,0,Pátzcuaro,Jacarandas,marzo,sábado,0,-101.602365133422,19.5087362617776
13523,13523,2018,"180331242",2018/03/31,"00:40:00",VOLCADURA,ASFALTO,Bueno,Bueno,1,NISSAN,GRIS,1,,43,MASCULINO,SIN DATOS,0,0,Morelia,Sin datos,marzo,sábado,1,-101.344134807587,19.5552407058719
13524,13524,2018,,2018/03/31,"04:30:00",COLISIÓN CONTRA OBJETO FIJO,ASFALTO,Bueno,Bueno,1,KINWORD,AMARILLO,0,MINISTERIO PÚBLICO,,,,0,0,Lázaro Cárdenas,Valle del Tecnologico,marzo,sábado,5,-102.226688861847,17.9740999832322
13525,13525,2018,"180331693",2018/03/31,"08:25:00",COLISIÓN CONTRA OBJETO FIJO,ASFALTO,Bueno,Bueno,1,RENAULT,VINO,1,,28,MASCULINO,SIN DATOS,0,0,Morelia,Tinijaro,marzo,sábado,8,-101.260160207748,19.696162758434
13526,13526,2018,,2018/03/31,12:20:00,COLISIÓN POR CORTE DE CIRCULACIÓN,ASFALTO,Bueno,Bueno,2,VW JETTA,GRIS,2,,29,MASCULINO,SIN DATOS,0,0,Apatzingán,Las Palmas,marzo,sábado,12,-102.352023124695,19.0768412659665
13527,13527,2018,,2018/03/31,14:15:00,COLISIÓN CON PEATÓN,ASFALTO,Bueno,Bueno,2,ITALIKA,NEGRO,2,,21,MASCULINO,SIN DATOS,0,0,Pátzcuaro,Centro,marzo,sábado,14,-101.61776304245,19.5164541307688
13528,13528,2018,"180333238",2018/03/31,15:35:00,COLISIÓN POR MANIOBRA DE REVERSA,ASFALTO,Bueno,Bueno,2,JEEP,AZUL,2,,43,FEMENINO,SIN DATOS,0,0,Morelia,Chapultepec Norte,marzo,sábado,16,-101.166046857834,19.695607195577
13529,13529,2018,"180333159",2018/03/31,15:45:00,COLISIÓN POR CORTE DE CIRCULACIÓN,ASFALTO,Bueno,Regular,2,NISSAN,BLANCO/GRIS,2,,22,MASCULINO,SIN DATOS,0,0,Morelia,Victor Manuel Tinoco Rubi,marzo,sábado,16,-101.242940425873,19.700637494395
13530,13530,2018,"180333485",2018/03/31,17:30:00,COLISIÓN CONTRA OBJETO FIJO,ASFALTO,Bueno,Bueno,1,TOYOTA,VERDE,7,MINISTERIO PÚBLICO,,,SIN DATOS,6,0,Morelia,Sin datos,marzo,sábado,18,-101.174463629723,19.7459081128739
13531,13531,2018,"180333488",2018/03/31,17:30:00,SUBIDA AL CAMELLÓN,ASFALTO,Bueno,Bueno,1,CHEVROLET,ARENA,1,MINISTERIO PÚBLICO,,MASCULINO,SIN DATOS,0,0,Morelia,Sin datos,marzo,sábado,18,-101.17476940155,19.7453981639651
13532,13532,2018,"180333943",2018/03/31,20:00:00,COLISIÓN POR CORTE DE CIRCULACIÓN,ASFALTO,Bueno,Bueno,2,FORD,VERDE,2,,57,FEMENINO,SIN DATOS,0,0,Morelia,Isaac Arriaga,marzo,sábado,20,-101.173374652863,19.7069806979871
13533,13533,2018,"180334019",2018/03/31,20:00:00,COLISIÓN POR CORTE DE CIRCULACIÓN,CONCRETO,Bueno,Bueno,2,NISSAN,BLANCO,2,MINISTERIO PÚBLICO,17,MASCULINO,SIN DATOS,0,0,Morelia,5 de Mayo,marzo,sábado,20,-101.175372898579,19.7040818447477
13534,13534,2018,"180334039",2018/03/31,20:15:00,COLISIÓN POR CAMBIO DE CARRIL,ASFALTO,Bueno,Bueno,2,NISSAN,PLATA,2,MINISTERIO PÚBLICO,,MASCULINO,SIN DATOS,0,0,Morelia,Hospitales de Don Vasco,marzo,sábado,20,-101.155436038971,19.7011071829
13536,13536,2018,,2018/03/31,20:30:00,COLISIÓN POR ALCANCE,ASFALTO,Bueno,Bueno,2,FORD,GRIS,2,,0,MASCULINO,SIN DATOS,0,0,Santa Ana Maya,Del Bosque,marzo,sábado,21,-101.03199005127,20.0163390223477
13537,13537,2018,"180334188",2018/03/31,21:00:00,COLISIÓN POR INVASIÓN DE CARRIL,CONCRETO,Bueno,Bueno,2,VOLKSWAGEN,GRIS,2,,26,MASCULINO,SIN DATOS,0,0,Morelia,Nueva Esperanza,marzo,sábado,21,-101.250686645508,19.6873947415346
13538,13538,2018,,2018/03/31,23:20:00,COLISIÓN CONTRA OBJETO FIJO,TERRACERIA,Nublado,Regular,1,NISSAN,ROJO,1,,29,FEMENINO,SIN DATOS,0,0,Apatzingán,Rafael Sanchez Tapia,marzo,sábado,23,-102.337522475,19.0663877999992
13539,13539,2018,"180334885",2018/04/01,"01:00:00",COLISIÓN CONTRA OBJETO FIJO,ASFALTO,Bueno,Regular,1,JEEP,PLATA,1,,,,SIN DATOS,0,0,Morelia,Jardines del Quinceo,abril,domingo,1,-101.205255389214,19.7219589526128
13540,13540,2018,,2018/04/01,"03:15:00",VOLCADURA,CONCRETO,Bueno,Bueno,1,TOYOTA,NEGRO,1,,,,SIN DATOS,0,0,Zitácuaro,Sin datos,abril,domingo,3,-100.289726257324,19.4519442795134
13541,13541,2018,"180335057",2018/04/01,"05:10:00",COLISIÓN CONTRA OBJETO FIJO,ASFALTO,Bueno,Bueno,1,RENAULT,NEGRO,1,,23,MASCULINO,ALIENTO ETÍLICO,0,0,Morelia,Sin datos,abril,domingo,5,-101.124408245087,19.7177474071767
13542,13542,2018,"180335117",2018/04/01,"07:00:00",SALIDA DE SUPERFICIE DE RODAMIENTO,ASFALTO,Bueno,Bueno,1,TOYOTA,BLANCO/GRIS,1,,38,MASCULINO,SIN DATOS,0,0,Morelia,Lomas de Hidalgo,abril,domingo,7,-101.162400394678,19.6958193198045
13543,13543,2018,"180338722",2018/04/01,"07:00:00",COLISIÓN CON PEATÓN,CONCRETO,Bueno,Bueno,1,MITSUBISHI,BLANCO,1,,,,SIN DATOS,0,0,Morelia,Los Pinos de Michoacan,abril,domingo,7,-101.214138865471,19.6838389112052
13544,13544,2018,"180335140",2018/04/01,"07:10:00",COLISIÓN CONTRA OBJETO FIJO,ASFALTO,Bueno,Bueno,1,MITSUBISHI,BLANCO,1,,,,SIN DATOS,0,0,Morelia,San Jose Itzicuaro,abril,domingo,7,-101.304502487183,19.6879301296032
13545,13545,2018,"180335130",2018/04/01,"07:30:00",COLISIÓN POR ALCANCE,CONCRETO,Bueno,Bueno,2,CARABELA,NEGRO/AZUL,2,MINISTERIO PÚBLICO,,,SIN DATOS,0,0,Morelia,Comision Federal de Electricidad,abril,domingo,8,-101.179264783859,19.6815508138658
13546,13546,2018,"180335186",2018/04/01,"08:40:00",COLISIÓN CONTRA OBJETO FIJO,TERRACERIA,Bueno,Bueno,2,NISSAN,BLANCO CREMA,2,,0,,SIN DATOS,0,0,Morelia,Valle del Durazno,abril,domingo,9,-101.187037825584,19.6569302337642
13547,13547,2018,"180355464",2018/04/01,10:47:00,COLISIÓN CONTRA OBJETO FIJO,ASFALTO,Bueno,Bueno,1,CHEVROLET,ROJO,1,,42,FEMENINO,SIN DATOS,0,0,Morelia,Lomas del Tecnologico,abril,domingo,11,-101.193319559097,19.7233425776153
13548,13548,2018,,2018/04/01,10:55:00,COLISIÓN POR CORTE DE CIRCULACIÓN,ASFALTO,Bueno,Bueno,2,SIN DATO,SIN DATO,2,MINISTERIO PÚBLICO,15,FEMENINO,SIN DATOS,1,0,Sahuayo,Guadalajara,abril,domingo,11,-102.71598815918,20.0773157930151
13549,13549,2018,"180335542",2018/04/01,11:00:00,COLISIÓN POR NO RESPETAR SEMÁFORO,ASFALTO,Bueno,Bueno,2,BUICK,ROJO,1,MINISTERIO PÚBLICO,,,,1,0,Morelia,Ventura Puente,abril,domingo,11,-101.18018746376,19.6883442965037
13550,13550,2018,,2018/04/01,13:40:00,COLISIÓN POR ALCANCE,ASFALTO,Bueno,Bueno,3,CHEVROLET,GRIS,3,MINISTERIO PÚBLICO,39,,SIN DATOS,1,0,Tarímbaro,Sin datos,abril,domingo,14,-101.160135269165,19.7670468379848
13551,13551,2018,"180336230",2018/04/01,14:50:00,COLISIÓN POR ALCANCE,CONCRETO,Bueno,Bueno,2,MERCEDES BENZ,BLANCO,2,,25,MASCULINO,SIN DATOS,0,0,Morelia,Felicitas del Rio,abril,domingo,15,-101.195508241653,19.6918899253934
13552,13552,2018,,2018/04/01,15:00:00,COLISIÓN POR ALCANCE,ASFALTO,Bueno,Bueno,2,CHEVROLET,AZUL,2,MINISTERIO PÚBLICO,36,MASCULINO,SIN DATOS,0,0,Tarímbaro,Sin datos,abril,domingo,15,-101.157302856445,19.7685613274013
13553,13553,2018,"180336369",2018/04/01,15:45:00,COLISIÓN CONTRA OBJETO FIJO,ASFALTO,Bueno,Bueno,2,CHEVROLET,NEGRO,0,,,,,0,0,Morelia,Chapultepec Sur,abril,domingo,16,-101.172146201134,19.6910616088642
13554,13554,2018,,2018/04/01,17:00:00,COLISIÓN POR INVASIÓN DE CARRIL,ASFALTO,Bueno,Bueno,2,ITALIKA,NEGRO,2,,30,MASCULINO,SIN DATOS,0,0,Hidalgo,Sin datos,abril,domingo,17,-100.595841407776,19.6995668014667
13555,13555,2018,,2018/04/01,17:20:00,VOLCADURA,ASFALTO,Bueno,Bueno,1,DODGE,NEGRO,1,,40,MASCULINO,SIN DATOS,0,0,Hidalgo,Sin datos,abril,domingo,17,-100.823936462402,19.5098000233737
13556,13556,2018,,2018/04/01,17:30:00,SALIDA DE SUPERFICIE DE RODAMIENTO,ASFALTO,Bueno,Bueno,1,FORD,ROJO,1,,21,MASCULINO,SIN DATOS,0,0,Cuitzeo,El Embarcadero,abril,domingo,18,-101.13578081131,19.9585454929654
13557,13557,2018,"180368687",2018/04/01,17:40:00,COLISIÓN POR CAMBIO DE CARRIL,CONCRETO,Bueno,Bueno,2,YAMAHA,BLANCO,2,,26,,SIN DATOS,0,0,Morelia,Lomas de Huerta,abril,domingo,18,-101.21430516243,19.6744438660519
13558,13558,2018,"180337090",2018/04/01,19:00:00,COLISIÓN POR CORTE DE CIRCULACIÓN,CONCRETO,Bueno,Bueno,1,VOLKSWAGEN,BLANCO,1,,67,FEMENINO,SIN DATOS,0,0,Morelia,Fuentes de Morelia,abril,domingo,19,-101.201022863388,19.6702209673848
13559,13559,2018,"180337334",2018/04/01,20:10:00,COLISIÓN POR CORTE DE CIRCULACIÓN,ASFALTO,Bueno,Bueno,2,CHEVROLET,BLANCO,2,,0,MASCULINO,SIN DATOS,0,0,Morelia,Chapultepec Sur,abril,domingo,20,-101.177129745483,19.6920515476311
13560,13560,2018,"180337479",2018/04/01,20:40:00,COLISIÓN CON PEATÓN,ASFALTO,Bueno,Regular,1,SIN DATOS,SIN DATOS,1,,,,,1,0,Morelia,Cuauhtemoc,abril,domingo,21,-101.184666752815,19.6949001127883
13561,13561,2018,,2018/04/01,23:10:00,COLISIÓN POR CAMBIO DE CARRIL,ASFALTO,Bueno,Bueno,3,VOLKWAGEN,AZUL,3,,31,MASCULINO,SIN DATOS,0,0,Tlalpujahua,Centro,abril,domingo,23,-100.174112,19.804367
13562,13562,2018,,2018/04/02,"00:40:00",COLISIÓN CONTRA OBJETO FIJO,ASFALTO,Bueno,Bueno,1,NISSAN,GRIS,1,,29,MASCULINO,SIN DATOS,0,0,Morelia,Trabajadores del Cbta No 7,abril,lunes,1,-101.231095790863,19.6630983623045
13563,13563,2018,"180342123",2018/04/02,"01:00:00",COLISIÓN POR NO RESPETAR SEMÁFORO,CONCRETO,Bueno,Regular,2,NISSAN,BLANCO,2,,52,MASCULINO,SIN DATOS,0,0,Morelia,Centro,abril,lunes,1,-101.178202629089,19.6992334710739
13564,13564,2018,"180338674",2018/04/02,"06:27:00",COLISIÓN CONTRA OBJETO FIJO,ASFALTO,Bueno,Regular,2,VOLKSWAGEN,AZUL,2,,0,,SIN DATOS,0,0,Morelia,Ventura Puente,abril,lunes,6,-101.18389159441,19.6930010749823
13565,13565,2018,"180338701",2018/04/02,"06:50:00",SUBIDA AL CAMELLÓN,ASFALTO,Bueno,Bueno,1,FORD,BLANCO Y CAFE,1,,0,MASCULINO,SIN DATOS,0,0,Morelia,Nicolaitas Ilustres,abril,lunes,7,-101.227426528931,19.7206561122816
13566,13566,2018,,2018/04/02,"08:20:00",COLISIÓN CONTRA OBJETO FIJO,CONCRETO,Bueno,Regular,1,NISSAN,GRIS,0,,,,,0,0,Morelia,Ignaci0 Ramirez,abril,lunes,8,-101.223714351654,19.7255947299205
13567,13567,2018,"180338849",2018/04/02,"09:00:00",COLISIÓN POR ALCANCE,ASFALTO,Bueno,Bueno,2,NISSAN,BLANCO,2,,31,MASCULINO,SIN DATOS,0,0,Morelia,Barrio Alto,abril,lunes,9,-101.197021007538,19.7250594678982
13568,13568,2018,,2018/04/02,12:17:00,COLISIÓN POR CAMBIO DE CARRIL,CONCRETO,Bueno,Bueno,2,TOYOTA,BLANCO Y GRIS,1,,25,MASCULINO,SIN DATOS,0,0,Morelia,Barrio Alto,abril,lunes,12,-101.196978092194,19.7250190706917
13571,13571,2018,"180390202",2018/04/02,14:50:00,COLISIÓN CON PEATÓN,ASFALTO,Bueno,Bueno,1,CHEVROLET,ROJO,1,,46,MASCULINO,SIN DATOS,0,0,Morelia,Hacienda del Valle,abril,lunes,15,-101.225516796112,19.6657049693871
13572,13572,2018,"180340778",2018/04/02,15:50:00,COLISIÓN POR MANIOBRA DE REVERSA,ASFALTO,Bueno,Bueno,1,CHEVROLET,BLANCO Y NARANJA,1,,52,MASCULINO,SIN DATOS,0,0,Morelia,Rey Tariacuri (Eucaliptos),abril,lunes,16,-101.200308054686,19.6778281662333
13573,13573,2018,"180340771",2018/04/02,16:20:00,COLISIÓN POR CORTE DE CIRCULACIÓN,SIN_DATOS,Bueno,Bueno,2,NISSAN,BEIGE,2,,42,FEMENINO,SIN DATOS,0,0,Morelia,Chapultepec Norte,abril,lunes,16,-101.176885664463,19.6931677467554
13574,13574,2018,"180341069",2018/04/02,17:25:00,COLISIÓN CON PEATÓN,ASFALTO,Bueno,Bueno,1,NISSAN,BLANCO,2,,56,FEMENINO,SIN DATOS,1,0,Morelia,Granjas del Maestro,abril,lunes,17,-101.193780899048,19.7136266510171
13575,13575,2018,"180341599",2018/04/02,18:20:00,COLISIÓN POR ALCANCE,ASFALTO,Bueno,Bueno,2,FORD,CREMA,2,,25,MASCULINO,SIN DATOS,0,0,Morelia,Independencia,abril,lunes,18,-101.177891492844,19.7193835603107
13576,13576,2018,,2018/04/02,20:00:00,COLISIÓN POR CAMBIO DE CARRIL,TERRACERIA,Bueno,Regular,2,HONDA,ROJO,2,,15,MASCULINO,SIN DATOS,0,0,Santa Ana Maya,Centro,abril,lunes,20,-101.014437675476,20.0052901200206
13577,13577,2018,,2018/04/02,20:45:00,COLISIÓN CON PEATÓN,ASFALTO,Bueno,Bueno,2,FORD,PLATA,2,,17,FEMENINO,SIN DATOS,0,0,Morelia,Ilustres Novohispanos,abril,lunes,21,-101.152153015137,19.7103340097188
13578,13578,2018,"18034125",2018/04/02,20:55:00,COLISIÓN POR CORTE DE CIRCULACIÓN,ASFALTO,Bueno,Regular,1,SIN DATOS,SIN DATOS,1,MINISTERIO PÚBLICO,,,,1,0,Morelia,Alberto Oviedo Mota,abril,lunes,21,-101.196205615997,19.6815659669358
13579,13579,2018,"180342426",2018/04/02,22:35:00,SUBIDA AL CAMELLÓN,ASFALTO,Bueno,Bueno,1,FORD,GUINDA,0,,,,,0,0,Morelia,Enrique Arreguin Robles,abril,lunes,23,-101.182601451874,19.7191411683106
13581,13581,2018,"180343179",2018/04/03,10:00:00,COLISIÓN POR ALCANCE,ASFALTO,Bueno,Bueno,3,NISSAN,BEIGE,3,,20,MASCULINO,SIN DATOS,0,0,Morelia,Felix Ireta,abril,martes,10,-101.181442737579,19.6816265792016
13582,13582,2018,,2018/04/03,11:30:00,COLISIÓN POR ALCANCE,ASFALTO,Bueno,Bueno,2,JEEP PATRIOT,ROJO,1,MINISTERIO PÚBLICO,49,MASCULINO,SIN DATOS,0,0,Lázaro Cárdenas,El Palmar 77,abril,martes,12,-102.216646671295,17.9740591623191
13583,13583,2018,"180033514",2018/04/03,12:00:00,COLISIÓN CONTRA OBJETO FIJO,ASFALTO,Bueno,Bueno,2,SIN DATOS,SIN DATOS,1,,,,SIN DATOS,0,0,Morelia,Virrey Antonio de Mendoza,abril,martes,12,-101.163010597229,19.7072433092744
13584,13584,2018,"180343672",2018/04/03,12:32:00,COLISIÓN POR NO RESPETAR SEMÁFORO,ASFALTO,Bueno,Bueno,2,VOLKSWAGEN,BLANCO,2,,70,MASCULINO,SIN DATOS,0,0,Morelia,Pascual Ortiz de Ayala,abril,martes,13,-101.149406433105,19.6949001127883
13585,13585,2018,"180343913",2018/04/03,13:15:00,COLISIÓN POR CORTE DE CIRCULACIÓN,ASFALTO,Bueno,Bueno,2,GM,PLATA,2,,41,MASCULINO,SIN DATOS,0,0,Morelia,Sentimientos de La Nacion,abril,martes,13,-101.235322952271,19.6812427011311
13586,13586,2018,,2018/04/03,16:43:00,CAIDA DE MOTOCICLETA,ASFALTO,Bueno,Bueno,1,HONDA,BLANCO,1,,25,MASCULINO,SIN DATOS,0,0,Morelia,Lomas de Hidalgo,abril,martes,17,-101.158955097198,19.6957284094557
13587,13587,2018,,2018/04/03,17:10:00,COLISIÓN POR ALCANCE,ASFALTO,Bueno,Bueno,2,NISSAN,BLANCO,2,,,MASCULINO,SIN DATOS,0,0,Morelia,San Rafael,abril,martes,17,-101.154019832611,19.6999506356044
13588,13588,2018,"180345044",2018/04/03,18:27:00,COLISIÓN POR CAMBIO DE CARRIL,ASFALTO,Bueno,Bueno,2,DODGE,BLANCO,2,,35,MASCULINO,SIN DATOS,0,0,Tarímbaro,Infonavit Puerta del Sol,abril,martes,18,-101.193327605724,19.7516840540978
13589,13589,2018,"180345505",2018/04/03,19:00:00,COLISIÓN POR CORTE DE CIRCULACIÓN,ASFALTO,Bueno,Bueno,2,MAZDA,ROJO,2,,34,MASCULINO,SIN DATOS,0,0,Morelia,Ana Maria Gallaga (Riviera Norte),abril,martes,19,-101.222877502441,19.6768987536018
13590,13590,2018,,2018/04/03,19:47:00,COLISIÓN POR MANIOBRA DE REVERSA,ASFALTO,Bueno,Bueno,2,FORD,GRIS,2,,56,MASCULINO,SIN DATOS,0,0,Morelia,Cinco de Diciembre,abril,martes,20,-101.160821914673,19.688111959106
13591,13591,2018,"180346972",2018/04/04,"00:00:00",COLISIÓN POR CAMBIO DE CARRIL,ASFALTO,Bueno,Bueno,2,CHEVROLET,PLATA,2,,50,MASCULINO,SIN DATOS,0,0,Morelia,Jardines del Toreo,abril,miércoles,0,-101.215431690216,19.6856067344478
13593,13593,2018,"14068",2018/04/04,"03:15:00",VOLCADURA,CONCRETO,Bueno,Bueno,1,TOYOTA,NEGRO,0,,,,,0,0,Zinapécuaro,Sin datos,abril,miércoles,3,-100.603548,19.86826
13594,13594,2018,"180346741",2018/04/04,"09:20:00",COLISIÓN CONTRA OBJETO FIJO,ASFALTO,Bueno,Bueno,1,TOYOTA,ROSA,1,,27,MASCULINO,SIN DATOS,0,0,Morelia,Santa Maria de Guido,abril,miércoles,9,-101.193814426661,19.6784115719514
13595,13595,2018,"180347117",2018/04/04,11:25:00,COLISIÓN POR CORTE DE CIRCULACIÓN,ASFALTO,Bueno,Bueno,2,NISSAN,GRIS,1,,58,MASCULINO,SIN DATOS,0,0,Morelia,Centro,abril,miércoles,11,-101.18661403656,19.7029606713943
13596,13596,2018,"180347268",2018/04/04,11:50:00,COLISIÓN POR CORTE DE CIRCULACIÓN,ASFALTO,Bueno,Bueno,2,JEEP,GUINDA,2,,50,FEMENINO,SIN DATOS,0,0,Morelia,Comision Federal de Electricidad,abril,miércoles,12,-101.178814172745,19.6815962730716
13597,13597,2018,LEG14146,2018/04/04,11:55:00,COLISIÓN POR ALCANCE,ASFALTO,Bueno,Bueno,2,INTERNACIONAL,BLANCO,2,,0,MASCULINO,SIN DATOS,0,0,Morelia,Felix Ireta,abril,miércoles,12,-101.191935539246,19.6825357604358
13598,13598,2018,"180347363",2018/04/04,12:00:00,COLISIÓN CONTRA OBJETO FIJO,CONCRETO,Bueno,Regular,1,FORD,ROJO,1,,53,MASCULINO,SIN DATOS,0,0,Morelia,Eucaliptos (Gigantes de Michoacan),abril,miércoles,12,-101.151359081268,19.6979203445897
13599,13599,2018,"180347119",2018/04/04,12:36:00,COLISIÓN CON PEATÓN,ASFALTO,Bueno,Bueno,1,YAMAHA,BLANCO,1,,16,MASCULINO,SIN DATOS,0,0,Morelia,Centro,abril,miércoles,13,-101.204209327698,19.7025364415901
13600,13600,2018,"180347659",2018/04/04,12:55:00,COLISIÓN POR CORTE DE CIRCULACIÓN,ASFALTO,Bueno,Regular,2,CHEVROLET,ARENA,2,,43,MASCULINO,SIN DATOS,0,0,Morelia,Las Flores,abril,miércoles,13,-101.206119060516,19.7025364415901
13601,13601,2018,"180347709",2018/04/04,13:40:00,COLISIÓN POR ALCANCE,ASFALTO,Bueno,Regular,2,FORD,BLANCO Y ROJO,2,,21,MASCULINO,SIN DATOS,0,0,Morelia,Sentimientos de La Nacion,abril,miércoles,14,-101.235451698303,19.681404334115
13602,13602,2018,LEG14126,2018/04/04,13:40:00,COLISIÓN POR ALCANCE,ASFALTO,Bueno,Regular,2,FORD,BLANCO Y ROJO,2,,21,MASCULINO,SIN DATOS,0,0,Morelia,Sentimientos de La Nacion,abril,miércoles,14,-101.235344409943,19.6812831093924
13603,13603,2018,"180347983",2018/04/04,14:45:00,COLISIÓN POR CORTE DE CIRCULACIÓN,ASFALTO,Bueno,Regular,2,KENWORTH,VERDE Y ROJO,2,,21,MASCULINO,SIN DATOS,0,0,Morelia,Elias Perez Avalos,abril,miércoles,15,-101.165789365768,19.7101825061872
13604,13604,2018,"180348076",2018/04/04,14:55:00,COLISIÓN POR CAMBIO DE CARRIL,ASFALTO,Bueno,Bueno,2,FORD,BEIGE,2,,19,MASCULINO,SIN DATOS,0,0,Morelia,Lomas de Huerta,abril,miércoles,15,-101.214337348938,19.6744741735349
13605,13605,2018,,2018/04/04,15:00:00,COLISIÓN POR ALCANCE,ADOQUIN_EMPEDRADO,Bueno,Bueno,2,FORD,BLANCO,2,,43,MASCULINO,SIN DATOS,0,0,Cuitzeo,Centro,abril,miércoles,15,-101.140555143356,19.970414456274
13606,13606,2018,"14072",2018/04/04,17:00:00,COLISIÓN POR INVASIÓN DE CARRIL,ASFALTO,Bueno,Bueno,2,ITALIKA,NEGRO,2,,30,MASCULINO,SIN DATOS,0,0,Zinapécuaro,Sin datos,abril,miércoles,17,-100.603548,19.86826
13607,13607,2018,"14074",2018/04/04,17:20:00,VOLCADURA,ASFALTO,Bueno,Bueno,1,DODGE,NEGRO,1,,40,MASCULINO,SIN DATOS,0,0,Zinapécuaro,Sin datos,abril,miércoles,17,-100.603548,19.86826
13608,13608,2018,"180348824",2018/04/04,18:15:00,COLISIÓN POR ALCANCE,ASFALTO,Bueno,Bueno,2,YAMAHA,ROJO,2,,26,MASCULINO,SIN DATOS,0,0,Morelia,Libertad,abril,miércoles,18,-101.233161091805,19.6866118595326
13609,13609,2018,"180349134",2018/04/04,19:30:00,COLISIÓN POR CORTE DE CIRCULACIÓN,ASFALTO,Bueno,Regular,2,NISSAN,SIN DATOS,2,MINISTERIO PÚBLICO,45,FEMENINO,SIN DATOS,0,0,Morelia,Jardines del Toreo,abril,miércoles,20,-101.215345859528,19.6855461236883
13610,13610,2018,,2018/04/04,21:00:00,COLISIÓN POR CORTE DE CIRCULACIÓN,CONCRETO,Bueno,Bueno,2,FREIGHTLINER,BLANCO Y ROJO,2,,27,MASCULINO,SIN DATOS,0,0,Morelia,Los Manantiales de Morelia,abril,miércoles,21,-101.240285038948,19.6927838963509
13611,13611,2018,"180349522",2018/04/04,21:20:00,COLISIÓN POR CORTE DE CIRCULACIÓN,ASFALTO,Bueno,Bueno,2,NISSAN,BLANCO,1,MINISTERIO PÚBLICO,,,,1,0,Morelia,Villas del Real,abril,miércoles,21,-101.19878590107,19.7339567037786