fid,id_accidente,anio_origen,folio_c5i,dia_incidente,hora_ocurrencia,tipo_incidente_vial,superficie_ocurrencia,condiciones_climaticas,condiciones_via,numero_vehiculos_involucrados,marca_vehiculo_ocasiona_siniestro,color_vehiculo_ocasiona_siniestro,numero_personas_involucradas,lugar_remite_presunto_responsable,edad_presunto_responsable,sexo_presunto_responsable,resultados_toxicologia,numero_personas_lesionadas,numero_personas_fallecidas,municipio,colonia,mes,dia_semana,hora_redondeada,lon,lat
13612,13612,2018,,2018/04/05,"00:00:00",COLISIÓN POR CAMBIO DE CARRIL,ASFALTO,Bueno,Bueno,2,INTERNATIONAL,BLANCO Y ROJO,2,,24,MASCULINO,SIN DATOS,0,0,Morelia,Tzindurio de Morelos,abril,jueves,0,-101.243884563446,19.7001930566907
13613,13613,2018,,2018/04/05,"02:25:00",CAIDA DE MOTOCICLETA,ASFALTO,Bueno,Bueno,1,YAMAHA,NEGRO Y AZUL,1,,26,MASCULINO,CON CERTIFICADO,0,0,Morelia,Jardines del Rincon,abril,jueves,2,-101.150425672531,19.6908191739474
13614,13614,2018,"180350367",2018/04/05,"08:12:00",SUBIDA AL CAMELLÓN,ASFALTO,Bueno,Bueno,1,MAZDA,BLANCO,1,,,,SIN DATOS,0,0,Morelia,Lazaro Cardenas,abril,jueves,8,-101.159459352493,19.7106168159272
13616,13616,2018,"180350722",2018/04/05,10:35:00,COLISIÓN POR CORTE DE CIRCULACIÓN,ASFALTO,Bueno,Bueno,2,NISSAN,AZUL,2,,,,SIN DATOS,0,0,Morelia,Chapultepec Sur,abril,jueves,11,-101.177108287811,19.6920515476311
13617,13617,2018,"180350857",2018/04/05,11:20:00,COLISIÓN POR ALCANCE,ASFALTO,Bueno,Bueno,2,DODGE,ROJO,2,,28,MASCULINO,SIN DATOS,0,0,Morelia,Lomas de Hidalgo,abril,jueves,11,-101.16099357605,19.6959304323829
13618,13618,2018,"180350881",2018/04/05,11:30:00,COLISIÓN POR CAMBIO DE CARRIL,ASFALTO,Bueno,Bueno,2,KTM,NARANJA,2,,21,MASCULINO,SIN DATOS,0,0,Morelia,Americas Britania,abril,jueves,12,-101.149851679802,19.6929101630329
13619,13619,2018,,2018/04/05,12:20:00,COLISIÓN POR ALCANCE,ASFALTO,Bueno,Regular,2,CHEVROLET,ROJO,2,,33,MASCULINO,SIN DATOS,0,0,Vista Hermosa,Centro,abril,jueves,12,-102.477142810822,20.2740128790568
13620,13620,2018,"180351116",2018/04/05,12:30:00,COLISIÓN POR CORTE DE CIRCULACIÓN,ASFALTO,Bueno,Bueno,2,NISSAN,BLANCO,3,,43,MASCULINO,SIN DATOS,1,0,Morelia,Ventura Puente,abril,jueves,13,-101.179533004761,19.6924657038704
13621,13621,2018,,2018/04/05,13:20:00,COLISIÓN POR CORTE DE CIRCULACIÓN,ASFALTO,Bueno,Bueno,2,HONDA,GRIS,2,,18,MASCULINO,SIN DATOS,0,0,Pátzcuaro,Rincon Los Pinos,abril,jueves,13,-101.598300933838,19.4962078043352
13622,13622,2018,"180352044",2018/04/05,16:00:00,COLISIÓN CONTRA OBJETO FIJO,ASFALTO,Bueno,Bueno,1,FREIGHTLINER,BLANCO,1,,8,MASCULINO,SIN DATOS,0,0,Morelia,Libertad,abril,jueves,16,-101.234732866287,19.6858491772566
13623,13623,2018,LEG14188,2018/04/05,16:00:00,COLISIÓN CONTRA OBJETO FIJO,ASFALTO,Bueno,Bueno,1,FREIGTHLINER,BLANCO,1,,38,MASCULINO,SIN DATOS,0,0,Morelia,Libertad,abril,jueves,16,-101.234738230705,19.6858693808075
13624,13624,2018,,2018/04/05,17:55:00,COLISIÓN POR MANIOBRA DE REVERSA,ASFALTO,Bueno,Regular,2,TOYOTA,ALOE GREEN MET,2,,55,MASCULINO,SIN DATOS,0,0,Morelia,Torreon Nuevo,abril,jueves,18,-101.201816797256,19.7434492353031
13625,13625,2018,"180354123",2018/04/05,18:20:00,COLISIÓN POR CORTE DE CIRCULACIÓN,CONCRETO,Bueno,Bueno,2,FORD,PLATA,2,,58,MASCULINO,SIN DATOS,0,0,Morelia,Agustin Arriaga Rivera,abril,jueves,18,-101.224282979965,19.6913343477068
13626,13626,2018,"180461992",2018/04/05,19:30:00,COLISIÓN POR CORTE DE CIRCULACIÓN,CONCRETO,Bueno,Bueno,3,DINA,BLANCO,3,,36,MASCULINO,SIN DATOS,0,0,Morelia,Melchor Ocampo,abril,jueves,20,-101.150691211224,19.7061044822076
13627,13627,2018,,2018/04/06,"02:00:00",COLISIÓN POR CORTE DE CIRCULACIÓN,TERRACERIA,Bueno,Bueno,1,CHEVROLET,SIN DATOS,0,,,,,0,0,Morelia,Solidaridad,abril,viernes,2,-101.207846403122,19.7346434164818
13628,13628,2018,"180354142",2018/04/06,"06:50:00",COLISIÓN POR ALCANCE,CONCRETO,Bueno,Bueno,2,VOLKSWAGEN,BLANCO,2,MINISTERIO PÚBLICO,33,MASCULINO,ALIENTO ETÍLICO,0,0,Morelia,Lomas de Huerta,abril,viernes,7,-101.214272975922,19.6744337635563
13629,13629,2018,"180354185",2018/04/06,"07:00:00",COLISIÓN POR ALCANCE,ASFALTO,Bueno,Bueno,2,TOYOTA,BLANCO,1,,70,MASCULINO,SIN DATOS,0,0,Morelia,Sin datos,abril,viernes,7,-101.39003276825,19.5559686233955
13630,13630,2018,"14806",2018/04/06,"09:00:00",COLISIÓN CONTRA OBJETO FIJO,ASFALTO,Bueno,Bueno,1,FORD,NEGRO,1,,44,MASCULINO,SIN DATOS,0,0,Contepec,Contepec,abril,viernes,9,-100.163279,19.953263
13631,13631,2018,"180354967",2018/04/06,11:11:00,COLISIÓN POR ALCANCE,ASFALTO,Bueno,Bueno,3,CHEVROLET,BLANCO,3,,32,FEMENINO,SIN DATOS,0,0,Morelia,Felix Ireta,abril,viernes,11,-101.191887259483,19.6823135166107
13632,13632,2018,"180355240",2018/04/06,11:55:00,COLISIÓN CON PEATÓN,ASFALTO,Bueno,Bueno,1,NISSAN,BLANCO/CAFE Y ORO,2,,,MASCULINO,SIN DATOS,1,0,Morelia,Juarez,abril,viernes,12,-101.195411682129,19.6923949943444
13633,13633,2018,"180355236",2018/04/06,13:25:00,COLISIÓN CONTRA OBJETO FIJO,ASFALTO,Bueno,Bueno,2,CHEVROLET,ROJO,2,,44,MASCULINO,CON CERTIFICADO,0,0,Morelia,Felicitas del Rio,abril,viernes,13,-101.200304031372,19.6933697729145
13635,13635,2018,"180355805",2018/04/06,15:27:00,COLISIÓN POR CORTE DE CIRCULACIÓN,ASFALTO,Bueno,Bueno,2,NISSAN,ROJO,2,,75,MASCULINO,SIN DATOS,0,0,Morelia,Vasco de Quiroga,abril,viernes,15,-101.168841719627,19.7056019816556
13636,13636,2018,LEG14157,2018/04/06,16:10:00,COLISIÓN CONTRA OBJETO FIJO,ASFALTO,Bueno,Bueno,1,DODGE,ROJO,1,,39,MASCULINO,SIN DATOS,0,0,Morelia,La Soledad,abril,viernes,16,-101.183309555054,19.7292203254695
13637,13637,2018,,2018/04/06,16:30:00,COLISIÓN POR CORTE DE CIRCULACIÓN,ASFALTO,Bueno,Bueno,2,FORD RANGER,BLANCO,2,MINISTERIO PÚBLICO,58,MASCULINO,SIN DATOS,0,0,Lázaro Cárdenas,Centro,abril,viernes,17,-102.198675870895,17.9564338519038
13638,13638,2018,"18031671",2018/04/06,16:40:00,COLISIÓN CONTRA OBJETO FIJO,ASFALTO,Bueno,Bueno,1,INTERNATIONAL,AZUL,1,,48,MASCULINO,SIN DATOS,0,0,Morelia,Francisco J Mujica,abril,viernes,17,-101.188373565674,19.7213832802876
13639,13639,2018,"180356367",2018/04/06,17:45:00,COLISIÓN POR CORTE DE CIRCULACIÓN,ASFALTO,Bueno,Bueno,2,HONDA,PLATINO,1,,47,MASCULINO,SIN DATOS,0,0,Morelia,Jose Maria Morelos,abril,viernes,18,-101.218618154526,19.7153890952649
13640,13640,2018,"180357055",2018/04/06,18:55:00,COLISIÓN CONTRA OBJETO FIJO,ASFALTO,Bueno,Regular,2,NISSAN,PLATA,2,,23,FEMENINO,SIN DATOS,0,0,Morelia,Lomas del Valle,abril,viernes,19,-101.226648688316,19.6907484636942
13641,13641,2018,,2018/04/06,19:15:00,COLISIÓN CONTRA OBJETO FIJO,ASFALTO,Bueno,Bueno,2,INTERNACIONAL,BLANCO,2,,21,MASCULINO,SIN DATOS,0,0,Acuitzio,Sin Nombre,abril,viernes,19,-101.33312702179,19.4752508967345
13642,13642,2018,"180357475",2018/04/06,20:15:00,COLISIÓN POR ALCANCE,ASFALTO,Bueno,Bueno,2,FORD,ROJO,2,,21,MASCULINO,SIN DATOS,0,0,Morelia,Lomas de Las Americas Norte,abril,viernes,20,-101.149299144745,19.6948395055468
13643,13643,2018,"180357249",2018/04/06,21:10:00,COLISIÓN POR CORTE DE CIRCULACIÓN,ASFALTO,Bueno,Regular,2,MERCURY,AZUL,2,MINISTERIO PÚBLICO,47,MASCULINO,CON CERTIFICADO,1,0,Morelia,Nueva Valladolid,abril,viernes,21,-101.210507154465,19.7001021488263
13644,13644,2018,LEG14163,2018/04/06,21:50:00,COLISIÓN POR CORTE DE CIRCULACIÓN,ASFALTO,Bueno,Bueno,2,VOLKSWAGEN,BLANCO,2,,47,MASCULINO,SIN DATOS,0,0,Morelia,Felix Ireta,abril,viernes,22,-101.185010075569,19.6811921907902
13645,13645,2018,"180357500",2018/04/06,22:20:00,SALIDA DE SUPERFICIE DE RODAMIENTO,ASFALTO,Bueno,Bueno,1,VOLKSWAGEN,BLANCO/ROJO,1,,,,SIN DATOS,0,0,Tarímbaro,Sin datos,abril,viernes,22,-101.157388687134,19.7725998955038
13646,13646,2018,"180357684",2018/04/06,23:15:00,COLISIÓN POR CORTE DE CIRCULACIÓN,ASFALTO,Bueno,Bueno,2,VOLKSWAGEN,ROJO,2,,33,FEMENINO,SIN DATOS,0,0,Tarímbaro,Sin datos,abril,viernes,23,-101.13142490387,19.7768402818796
13647,13647,2018,,2018/04/06,90:00:00,COLISIÓN CONTRA OBJETO FIJO,ASFALTO,Bueno,Bueno,1,FORD,NEGRO,1,,44,MASCULINO,SIN DATOS,0,0,Contepec,Contepec,abril,viernes,,-100.169788599014,19.9452435291451
13648,13648,2018,,2018/04/07,"00:00:00",COLISIÓN POR INVASIÓN DE CARRIL,ASFALTO,Bueno,Bueno,2,HONDA,ROJO,1,MINISTERIO PÚBLICO,,,,0,1,Tacámbaro,Centro,abril,sábado,0,-101.456587,19.234897
13649,13649,2018,"180357787",2018/04/07,"00:30:00",COLISIÓN POR ALCANCE,ASFALTO,Bueno,Bueno,2,SUZUKI,NEGRO,2,,38,MASCULINO,SIN DATOS,0,0,Morelia,Chapultepec Sur,abril,sábado,1,-101.174468994141,19.6914252605511
13650,13650,2018,,2018/04/07,"01:20:00",COLISIÓN CONTRA OBJETO FIJO,ASFALTO,Bueno,Bueno,1,NISSAN,BLANCO,0,MINISTERIO PÚBLICO,,,,0,0,Lázaro Cárdenas,Sin datos,abril,sábado,1,-102.227997779846,17.9355404293972
13651,13651,2018,"180318137",2018/04/07,"07:40:00",COLISIÓN POR CORTE DE CIRCULACIÓN,CONCRETO,Bueno,Bueno,2,CHEVROLET,BLANCO,2,,25,MASCULINO,SIN DATOS,0,0,Morelia,Jardines del Rincon,abril,sábado,8,-101.146847605705,19.6876321308047
13652,13652,2018,,2018/04/07,"08:50:00",COLISIÓN POR ALCANCE,ASFALTO,Bueno,Bueno,2,NISSAN,BLANCO,2,,32,MASCULINO,SIN DATOS,0,0,Pátzcuaro,Sin datos,abril,sábado,9,-101.559205055237,19.531359146225
13653,13653,2018,"180472225",2018/04/07,"09:10:00",COLISIÓN POR ALCANCE,ASFALTO,Bueno,Bueno,3,NISSAN,GRIS,3,,19,MASCULINO,SIN DATOS,0,0,Morelia,Fidel Velazquez,abril,sábado,9,-101.238161027431,19.7065691044291
13654,13654,2018,"108358398",2018/04/07,10:04:00,COLISIÓN POR INVASIÓN DE CARRIL,ASFALTO,Bueno,Bueno,3,VOLKSWAGEN,GRIS,3,MINISTERIO PÚBLICO,,MASCULINO,SIN DATOS,0,0,Tarímbaro,Sin datos,abril,sábado,10,-101.142497062683,19.7734075968454
13655,13655,2018,"180047415",2018/04/07,10:11:00,COLISIÓN POR CAMBIO DE CARRIL,ASFALTO,Nublado,Bueno,2,FORD,NEGRO,2,MINISTERIO PÚBLICO,28,MASCULINO,SIN DATOS,0,0,Morelia,Portales de Morelia,abril,sábado,10,-101.154225021601,19.7039391733496
13656,13656,2018,"180358718",2018/04/07,11:40:00,COLISIÓN POR CORTE DE CIRCULACIÓN,CONCRETO,Bueno,Bueno,2,CHEVROLET,VERDE,2,,20,MASCULINO,SIN DATOS,0,0,Morelia,Vasco de Quiroga,abril,sábado,12,-101.175938844681,19.6982940816859
13657,13657,2018,,2018/04/07,12:00:00,COLISIÓN POR NO RESPETAR SEMÁFORO,ASFALTO,Bueno,Regular,2,NISSAN,BLANCO,2,,23,FEMENINO,SIN DATOS,0,0,Pátzcuaro,Centro,abril,sábado,12,-101.617741584778,19.5164136810953
13658,13658,2018,"180259499",2018/04/07,15:14:00,COLISIÓN POR ALCANCE,ASFALTO,Bueno,Bueno,2,FORD,NEGRO,2,MINISTERIO PÚBLICO,,MASCULINO,SIN DATOS,0,0,Morelia,Jardines de Sindurio,abril,sábado,15,-101.256743073463,19.6975112529837
13659,13659,2018,LEG14171,2018/04/07,15:20:00,COLISIÓN POR ALCANCE,ASFALTO,Bueno,Bueno,2,FORD,VERDE,2,,60,MASCULINO,SIN DATOS,0,0,Morelia,Praderas del Indio,abril,sábado,15,-101.2291431427,19.6513080767658
13660,13660,2018,,2018/04/07,15:35:00,COLISIÓN CONTRA OBJETO FIJO,CONCRETO,Bueno,Bueno,1,NISSAN,AZUL,1,,,MASCULINO,SIN DATOS,0,0,Morelia,Independencia,abril,sábado,16,-101.17550432682,19.7108087198553
13661,13661,2018,"180359856",2018/04/07,15:40:00,COLISIÓN POR CAMBIO DE CARRIL,ASFALTO,Bueno,Bueno,2,MITSUBISHI,PLATA,2,,55,MASCULINO,SIN DATOS,0,0,Morelia,Jardines del Rincon,abril,sábado,16,-101.150271782714,19.6885611999248
13663,13663,2018,"180360245",2018/04/07,19:00:00,COLISIÓN POR MANIOBRA DE REVERSA,CONCRETO,Bueno,Bueno,2,MERCEDEZ BENZ,NEGRO,2,,37,FEMENINO,SIN DATOS,0,0,Morelia,Sin datos,abril,sábado,19,-101.167725920677,19.6557481083325
13664,13664,2018,"180360588",2018/04/07,19:50:00,COLISIÓN POR CORTE DE CIRCULACIÓN,ASFALTO,Bueno,Bueno,2,INTERNATIONAL,VERDE,2,,,MASCULINO,SIN DATOS,0,0,Morelia,Centro,abril,sábado,20,-101.190465688705,19.7078897352217
13665,13665,2018,,2018/04/07,19:50:00,COLISIÓN CONTRA OBJETO FIJO,ASFALTO,Bueno,Bueno,1,TOYOTA,ROJO,1,,,,SIN DATOS,0,0,Morelia,Lomas de Las Americas Norte,abril,sábado,20,-101.147829294205,19.6946172787983
13666,13666,2018,,2018/04/07,20:45:00,COLISIÓN POR CAMBIO DE CARRIL,ASFALTO,Bueno,Bueno,2,FORD,CAFE,2,,40,MASCULINO,SIN DATOS,0,0,Morelia,Centro,abril,sábado,21,-101.179006436374,19.704852704723
13667,13667,2018,"180360817",2018/04/07,20:55:00,VOLCADURA,CONCRETO,Bueno,Bueno,1,JEEP,AZUL,1,,60,MASCULINO,SIN DATOS,0,0,Morelia,Ciudad Jardin,abril,sábado,21,-101.258701086044,19.7050515018522
13668,13668,2018,,2018/04/07,21:20:00,COLISIÓN POR CORTE DE CIRCULACIÓN,ASFALTO,Bueno,Bueno,2,CHRYSLER,GRIS,2,,52,MASCULINO,SIN DATOS,0,0,Morelia,Guadalupe,abril,sábado,21,-101.225624084473,19.7067988899203
13669,13669,2018,"180360999",2018/04/07,21:40:00,COLISIÓN POR CORTE DE CIRCULACIÓN,ASFALTO,Bueno,Bueno,2,NISSAN,BLANCO/MORADO,2,,,,SIN DATOS,0,0,Morelia,Isaac Arriaga,abril,sábado,22,-101.166234612465,19.7102582579709
13670,13670,2018,"180361312",2018/04/07,22:46:00,SUBIDA AL CAMELLÓN,ASFALTO,Bueno,Bueno,1,FORD,AZUL,1,,66,MASCULINO,CON CERTIFICADO,0,0,Morelia,Leandro Valle,abril,sábado,23,-101.230580806732,19.7159294396102
13671,13671,2018,,2018/04/08,"00:00:00",COLISIÓN POR CORTE DE CIRCULACIÓN,ASFALTO,Bueno,Bueno,2,SIN DATOS,SIN DATOS,2,,0,,SIN DATOS,0,0,Morelia,Industrial,abril,domingo,0,-101.197664737701,19.710833970355
13672,13672,2018,,2018/04/08,"00:00:00",COLISIÓN POR CORTE DE CIRCULACIÓN,CONCRETO,Bueno,Bueno,2,KYMCO,GRIS,4,,25,MASCULINO,SIN DATOS,2,0,Sahuayo,Fracc San Onofre,abril,domingo,0,-102.725247144699,20.0377591807273
13673,13673,2018,"180361445",2018/04/08,"00:14:00",COLISIÓN CON PEATÓN,ASFALTO,Bueno,Bueno,1,SIN DATOS,SIN DATOS,1,,,,,1,0,Morelia,Centro,abril,domingo,0,-101.183127164841,19.703112181766
13674,13674,2018,"180341657",2018/04/08,"02:00:00",SUBIDA AL CAMELLÓN,ASFALTO,Bueno,Bueno,1,SUZUKI,NEGRO,1,,34,MASCULINO,CON CERTIFICADO,0,0,Morelia,San Pascual,abril,domingo,2,-101.267380714417,19.6954455769293
13675,13675,2018,"180361657",2018/04/08,"02:00:00",SUBIDA AL CAMELLÓN,ASFALTO,Bueno,Bueno,1,HONDA,GRIS,1,,27,MASCULINO,SIN DATOS,0,0,Morelia,Ampliacion La Soledad,abril,domingo,2,-101.181163787842,19.7375821095482
13676,13676,2018,,2018/04/08,"02:00:00",COLISIÓN POR ALCANCE,ADOQUIN_EMPEDRADO,Bueno,Bueno,2,NISSAN,ROJO,2,,40,FEMENINO,SIN DATOS,0,0,Apatzingán,Los Arquitos,abril,domingo,2,-102.335361242294,19.0717105387427
13677,13677,2018,"180361831",2018/04/08,"04:50:00",COLISIÓN CONTRA OBJETO FIJO,CONCRETO,Bueno,Bueno,1,NISSAN,BLANCO Y ROJO,2,,20,MASCULINO,SIN DATOS,1,0,Morelia,San Jose del Cerrito,abril,domingo,5,-101.221568584442,19.6621941224285
13678,13678,2018,,2018/04/08,"05:50:00",SUBIDA AL CAMELLÓN,ASFALTO,Bueno,Bueno,1,NISSAN,NEGRO,1,,21,MASCULINO,SIN DATOS,0,0,Morelia,Cosmos,abril,domingo,6,-101.215968132019,19.6846571632461
13679,13679,2018,"180361898",2018/04/08,"06:00:00",COLISIÓN POR CORTE DE CIRCULACIÓN,ASFALTO,Bueno,Bueno,2,VW,BLANCO,2,,0,MASCULINO,ALIENTO ETÍLICO,0,0,Morelia,Villas de La Esperanza,abril,domingo,6,-101.275202035904,19.6928899603705
13681,13681,2018,,2018/04/08,"06:50:00",COLISIÓN POR ALCANCE,ASFALTO,Bueno,Bueno,2,JEEP,GUINDA,2,,28,MASCULINO,SIN DATOS,0,0,Morelia,Los Manantiales de Morelia,abril,domingo,7,-101.242017745972,19.6971526656544
13682,13682,2018,"180361944",2018/04/08,"07:00:00",COLISIÓN POR CORTE DE CIRCULACIÓN,ADOQUIN_EMPEDRADO,Bueno,Bueno,2,ITALIKA,NEGRO,2,,,MASCULINO,SIN DATOS,0,0,Morelia,Centro,abril,domingo,7,-101.191484928131,19.7040010397237
13683,13683,2018,"180362845",2018/04/08,13:20:00,COLISIÓN POR CAMBIO DE CARRIL,ASFALTO,Bueno,Bueno,2,MERCEDES BENZ,BLANCO Y AZUL,2,,40,MASCULINO,SIN DATOS,0,0,Morelia,Centro,abril,domingo,13,-101.19268655777,19.6961324550551
13684,13684,2018,"180362920",2018/04/08,13:55:00,COLISIÓN POR ALCANCE,ASFALTO,Bueno,Regular,3,FORD,VERDE,3,MINISTERIO PÚBLICO,0,,SIN DATOS,0,0,Morelia,Adolfo Lopez Mateos,abril,domingo,14,-101.226868629456,19.6986880198425
13685,13685,2018,"180363601",2018/04/08,15:55:00,COLISIÓN POR ALCANCE,ASFALTO,Bueno,Bueno,2,NISSAN,GRIS,2,,20,MASCULINO,SIN DATOS,0,0,Morelia,Vasco de Quiroga,abril,domingo,16,-101.171581563444,19.7044075690685
13686,13686,2018,"180364397",2018/04/08,19:50:00,COLISIÓN POR ALCANCE,ASFALTO,Bueno,Bueno,2,INTERNATIONAL,VERDE,2,,19,MASCULINO,SIN DATOS,0,0,Morelia,Cuauhtemoc,abril,domingo,20,-101.179211139679,19.6936475584669
13687,13687,2018,"180364365",2018/04/08,20:20:00,SALIDA DE SUPERFICIE DE RODAMIENTO,ASFALTO,Bueno,Regular,1,VOLKSWAGEN,GRIS,1,,23,MASCULINO,SIN DATOS,0,0,Morelia,Sin datos,abril,domingo,20,-101.312892436981,19.6518025753519
13688,13688,2018,"180364980",2018/04/08,21:35:00,COLISIÓN CON PEATÓN,ASFALTO,Bueno,Bueno,1,SIN DATOS,SIN DATOS,1,,,,,1,0,Morelia,Jardines del Rincon,abril,domingo,22,-101.15045517683,19.690728260759
13689,13689,2018,"180367891",2018/04/09,"07:30:00",COLISIÓN POR CAMBIO DE CARRIL,ASFALTO,Bueno,Bueno,2,KURAZAI,NEGRO,2,,20,MASCULINO,SIN DATOS,0,0,Morelia,Victor Manuel Tinoco Rubi,abril,lunes,8,-101.242790222168,19.700637494395
13690,13690,2018,,2018/04/09,"07:30:00",COLISIÓN POR ALCANCE,ASFALTO,Bueno,Bueno,1,NISSAN,ROJO,1,,71,MASCULINO,SIN DATOS,0,0,Hidalgo,Sin datos,abril,lunes,8,-100.631332397461,19.7114046305851
13691,13691,2018,"180365589",2018/04/09,"08:30:00",COLISIÓN POR INVASIÓN DE CARRIL,ASFALTO,Bueno,Bueno,2,DODGE,NEGRA,2,,35,MASCULINO,SIN DATOS,0,0,Morelia,Division del Norte,abril,lunes,9,-101.163707971573,19.7142680011723
13692,13692,2018,,2018/04/09,"08:40:00",COLISIÓN POR NO RESPETAR SEMÁFORO,ASFALTO,Bueno,Bueno,2,JEEP,VERDE,2,,28,MASCULINO,SIN DATOS,0,0,Morelia,Los Manantiales de Morelia,abril,lunes,9,-101.242940425873,19.7002940653682
13693,13693,2018,"180365618",2018/04/09,"08:52:00",COLISIÓN POR ALCANCE,ASFALTO,Bueno,Bueno,1,FORD,ROJO,1,,58,FEMENINO,SIN DATOS,0,0,Morelia,Enrique Arreguin Robles,abril,lunes,9,-101.17931842804,19.7204238218047
13694,13694,2018,,2018/04/09,10:40:00,COLISIÓN POR CORTE DE CIRCULACIÓN,ASFALTO,Bueno,Bueno,2,CHEVROLET,GRIS,1,,30,MASCULINO,SIN DATOS,0,0,Morelia,La Soledad,abril,lunes,11,-101.183331012726,19.7281397248172
13695,13695,2018,,2018/04/09,14:20:00,COLISIÓN POR CAMBIO DE CARRIL,ASFALTO,Bueno,Bueno,2,INTERNATIONAL,BLANCO,2,,33,MASCULINO,SIN DATOS,0,0,Morelia,Lomas del Tecnologico,abril,lunes,14,-101.195792555809,19.7243070682506
13696,13696,2018,"180367147",2018/04/09,16:11:00,COLISIÓN POR INVASIÓN DE CARRIL,ASFALTO,Bueno,Bueno,2,FORD,GRIS,2,,47,MASCULINO,SIN DATOS,0,0,Morelia,Felix Ireta,abril,lunes,16,-101.192010641098,19.6880513492947
13698,13698,2018,"180367482",2018/04/09,17:00:00,COLISIÓN POR ALCANCE,ASFALTO,Bueno,Bueno,2,CHEVROLET,BLANCO,2,,19,MASCULINO,SIN DATOS,0,0,Morelia,Ana Maria Gallaga (Riviera Norte),abril,lunes,17,-101.219583749771,19.6770199816421
13699,13699,2018,,2018/04/09,18:36:00,COLISIÓN CONTRA OBJETO FIJO,CONCRETO,Bueno,Bueno,1,NISSAN,GRIS,1,MINISTERIO PÚBLICO,17,MASCULINO,SIN DATOS,0,0,Lázaro Cárdenas,Sin datos,abril,lunes,19,-102.229000926018,17.988687752709
13700,13700,2018,LEG14234,2018/04/09,19:00:00,COLISIÓN POR CORTE DE CIRCULACIÓN,ASFALTO,Bueno,Bueno,2,YAMAHA,BLANCO,1,,,,,1,0,Morelia,Felix Ireta,abril,lunes,19,-101.18498057127,19.6811770376848
13701,13701,2018,"180368116",2018/04/09,19:42:00,COLISIÓN POR CORTE DE CIRCULACIÓN,ASFALTO,Bueno,Bueno,2,KENWORTH,BLANCO Y ROJO,2,MINISTERIO PÚBLICO,32,MASCULINO,SIN DATOS,0,1,Morelia,La Colina,abril,lunes,20,-101.216697692871,19.7103340097188
13702,13702,2018,,2018/04/09,20:08:00,COLISIÓN POR ALCANCE,ASFALTO,Bueno,Bueno,2,FORD,BLANCO AZUL,1,,42,MASCULINO,SIN DATOS,0,0,Pátzcuaro,El Calvario,abril,lunes,20,-101.618685722351,19.5137540928515
13703,13703,2018,"180368774",2018/04/09,22:45:00,COLISIÓN CONTRA OBJETO FIJO,CONCRETO,Bueno,Bueno,1,CHEVROLET,BLANCO,1,,,MASCULINO,SIN DATOS,0,0,Morelia,Vasco de Quiroga,abril,lunes,23,-101.169834136963,19.6971021603322
13704,13704,2018,"180868854",2018/04/09,23:40:00,COLISIÓN POR CAMBIO DE CARRIL,CONCRETO,Bueno,Bueno,2,RENAULT,SIN DATOS,2,,,,SIN DATOS,0,0,Morelia,Cayetano Andrade,abril,lunes,0,-101.193841919303,19.6688450916498
13705,13705,2018,"180370372",2018/04/10,"00:00:00",COLISIÓN POR ALCANCE,ASFALTO,Bueno,Bueno,2,DODGE,BLANCO,1,,30,MASCULINO,SIN DATOS,0,0,Morelia,Elias Perez Avalos,abril,martes,0,-101.164963245392,19.7107582188439
13706,13706,2018,,2018/04/10,"00:00:00",VOLCADURA,ASFALTO,Bueno,Bueno,1,VOLKSWAGEN,AZUL,0,,,,,0,0,Uruapan,Sin datos,abril,martes,0,-102.076635360718,19.446764576349
13708,13708,2018,"180368963",2018/04/10,"01:00:00",SUBIDA AL CAMELLÓN,ASFALTO,Bueno,Bueno,1,TOYOTA,BLANCO Y NARANJA,1,,45,MASCULINO,CON CERTIFICADO,0,0,Morelia,Eduardo Ruiz,abril,martes,1,-101.219412088394,19.7202824274361
13709,13709,2018,,2018/04/10,"02:18:00",COLISIÓN POR ALCANCE,ASFALTO,Bueno,Bueno,3,MITSUBISHI,ROJO,3,,0,,SIN DATOS,2,0,Morelia,Colinas del Sur,abril,martes,2,-101.197707653046,19.6634216647098
13710,13710,2018,"180369167",2018/04/10,"07:10:00",COLISIÓN POR CORTE DE CIRCULACIÓN,ASFALTO,Bueno,Bueno,2,SIN DATOS,SIN DATOS,2,,0,,SIN DATOS,0,0,Morelia,Cuauhtemoc,abril,martes,7,-101.182976961136,19.6943748492661
13711,13711,2018,"180369295",2018/04/10,"08:00:00",COLISIÓN POR CORTE DE CIRCULACIÓN,ASFALTO,Bueno,Bueno,2,JEEP,AZUL Y BLANCO,2,,23,MASCULINO,SIN DATOS,0,0,Morelia,Chapultepec Sur,abril,martes,8,-101.17711097002,19.6919833632695
13712,13712,2018,"180369383",2018/04/10,"09:00:00",COLISIÓN POR ALCANCE,ASFALTO,Bueno,Bueno,2,SEAT,ROJO,2,,32,MASCULINO,SIN DATOS,0,0,Morelia,Vista Bella,abril,martes,9,-101.198909282684,19.6759917051756