fid,id_accidente,anio_origen,folio_c5i,dia_incidente,hora_ocurrencia,tipo_incidente_vial,superficie_ocurrencia,condiciones_climaticas,condiciones_via,numero_vehiculos_involucrados,marca_vehiculo_ocasiona_siniestro,color_vehiculo_ocasiona_siniestro,numero_personas_involucradas,lugar_remite_presunto_responsable,edad_presunto_responsable,sexo_presunto_responsable,resultados_toxicologia,numero_personas_lesionadas,numero_personas_fallecidas,municipio,colonia,mes,dia_semana,hora_redondeada,lon,lat
13713,13713,2018,"180361763",2018/04/10,"09:00:00",COLISIÓN POR CORTE DE CIRCULACIÓN,ASFALTO,Bueno,Bueno,1,FORD,GUINDA,1,,,,SIN DATOS,0,0,Morelia,Enrique Arreguin Robles,abril,martes,9,-101.178846359253,19.7203632242334
13714,13714,2018,"180369425",2018/04/10,"09:35:00",COLISIÓN POR CORTE DE CIRCULACIÓN,ASFALTO,Bueno,Bueno,2,HONDA,BLANCO,1,MINISTERIO PÚBLICO,32,MASCULINO,SIN DATOS,0,0,Morelia,Jacarandas,abril,martes,10,-101.211596131325,19.7090108740292
13715,13715,2018,"1803369469",2018/04/10,"09:50:00",COLISIÓN POR ALCANCE,ASFALTO,Bueno,Bueno,2,CHEVROLET,ARENA,5,MINISTERIO PÚBLICO,,,,5,0,Morelia,Nueva Valladolid,abril,martes,10,-101.210550069809,19.695607195577
13716,13716,2018,,2018/04/10,10:00:00,COLISIÓN CONTRA OBJETO FIJO,ADOQUIN_EMPEDRADO,Bueno,Bueno,2,VOLVO,VERDE BLANCO,2,,21,MASCULINO,SIN DATOS,0,0,Cuitzeo,Centro,abril,martes,10,-101.139391064644,19.9710900628284
13717,13717,2018,"180369777",2018/04/10,11:05:00,COLISIÓN POR CORTE DE CIRCULACIÓN,SIN_DATOS,Bueno,Bueno,2,JEEP,ROJO,2,,38,MASCULINO,SIN DATOS,0,0,Morelia,Felix Ireta,abril,martes,11,-101.19567990303,19.6816871914444
13718,13718,2018,,2018/04/10,11:10:00,SALIDA DE SUPERFICIE DE RODAMIENTO,ASFALTO,Bueno,Bueno,1,RENAULT,ROJO,0,,,,,0,0,Morelia,Lomas de Guayangareo,abril,martes,11,-101.155843734741,19.7011021324933
13719,13719,2018,"180370569",2018/04/10,14:20:00,COLISIÓN CONTRA OBJETO FIJO,ASFALTO,Bueno,Bueno,1,NISSAN,GRIS,0,MINISTERIO PÚBLICO,,,,0,0,Morelia,Gildardo Magaña,abril,martes,14,-101.229046583176,19.7258371121332
13720,13720,2018,,2018/04/10,15:34:00,SALIDA DE SUPERFICIE DE RODAMIENTO,ASFALTO,Bueno,Bueno,2,YAMAHA,AZUL,4,MINISTERIO PÚBLICO,40,MASCULINO,SIN DATOS,3,0,Zitácuaro,Sin datos,abril,martes,16,-100.394740104675,19.3796563060724
13721,13721,2018,"180370914",2018/04/10,15:55:00,COLISIÓN POR CORTE DE CIRCULACIÓN,ASFALTO,Bueno,Bueno,2,DODGE,ROJO,2,,25,MASCULINO,SIN DATOS,0,0,Morelia,Jacarandas,abril,martes,16,-101.210635900497,19.7086573626409
13722,13722,2018,"180371431",2018/04/10,17:25:00,COLISIÓN CONTRA OBJETO FIJO,ASFALTO,Bueno,Bueno,1,TOYOTA,VERDE,1,,41,MASCULINO,SIN DATOS,0,0,Morelia,Leandro Valle,abril,martes,17,-101.229314804077,19.7181917961042
13723,13723,2018,"183714564",2018/04/10,18:40:00,COLISIÓN CONTRA OBJETO FIJO,ASFALTO,Bueno,Bueno,1,FORD,BLANCO,1,,,FEMENINO,SIN DATOS,0,0,Morelia,Sin datos,abril,martes,19,-101.314995288849,19.6871017925884
13725,13725,2018,"180372139",2018/04/10,20:45:00,COLISIÓN POR INVASIÓN DE CARRIL,ASFALTO,Bueno,Bueno,2,FORD,ROJO,2,,30,MASCULINO,SIN DATOS,0,0,Morelia,Felix Ireta,abril,martes,21,-101.195830106735,19.6824903014967
13726,13726,2018,"180372091",2018/04/10,21:50:00,COLISIÓN POR INVASIÓN DE CARRIL,ASFALTO,Bueno,Bueno,2,CHEVROLET,NEGRO,1,,,MASCULINO,SIN DATOS,0,0,Morelia,Torreon Nuevo,abril,martes,22,-101.202718019485,19.7448528702602
13728,13728,2018,"180372529",2018/04/10,23:40:00,COLISIÓN POR MANIOBRA DE REVERSA,CONCRETO,Bueno,Bueno,1,NISSAN,BLANCO,0,,,,,0,0,Morelia,Villas del Sol,abril,martes,0,-101.226975917816,19.69414252062
13729,13729,2018,,2018/04/11,"00:00:00",COLISIÓN POR CORTE DE CIRCULACIÓN,CONCRETO,Bueno,Bueno,2,ITALIKA,ROJO,4,MINISTERIO PÚBLICO,31,FEMENINO,SIN DATOS,2,0,Sahuayo,San Isidro,abril,miércoles,0,-102.710437327623,20.0717620922084
13730,13730,2018,"180372653",2018/04/11,"02:40:00",COLISIÓN CONTRA OBJETO FIJO,ASFALTO,Bueno,Regular,1,FORD,ROJO,1,,31,MASCULINO,SIN DATOS,0,0,Morelia,Sin datos,abril,miércoles,3,-101.390054225922,19.5558877438329
13732,13732,2018,"180372753",2018/04/11,"06:20:00",COLISIÓN CONTRA OBJETO FIJO,CONCRETO,Bueno,Regular,2,VOLKSWAGEN,BLANCO,2,,41,MASCULINO,SIN DATOS,0,0,Morelia,Lomas de Hidalgo,abril,miércoles,6,-101.159122735262,19.6996873810401
13733,13733,2018,,2018/04/11,"07:20:00",COLISIÓN POR CORTE DE CIRCULACIÓN,ASFALTO,Bueno,Bueno,2,VOLKSWAGEN,GRIS,2,,28,MASCULINO,SIN DATOS,0,0,Morelia,Nueva Valladolid,abril,miércoles,7,-101.20964884758,19.7010112251455
13734,13734,2018,"180372903",2018/04/11,"08:18:00",COLISIÓN POR CORTE DE CIRCULACIÓN,ASFALTO,Bueno,Regular,1,NISSAN,NEGRO,1,,,MASCULINO,SIN DATOS,0,0,Morelia,Libertad,abril,miércoles,8,-101.236953735352,19.6849804221596
13735,13735,2018,"180372984",2018/04/11,"08:40:00",COLISIÓN POR ALCANCE,ASFALTO,Bueno,Bueno,3,VOLKSWAGEN,BLANCO,3,,35,MASCULINO,SIN DATOS,0,0,Morelia,Comision Federal de Electricidad,abril,miércoles,9,-101.181356906891,19.6815457628422
13736,13736,2018,"180374813",2018/04/11,"08:40:00",COLISIÓN POR CAMBIO DE CARRIL,ASFALTO,Bueno,Bueno,2,NISSAN,BLANCO VERDE,2,,36,MASCULINO,SIN DATOS,0,0,Morelia,Chapultepec Norte,abril,miércoles,9,-101.176443099976,19.6955920438357
13737,13737,2018,"180368636",2018/04/11,10:40:00,COLISIÓN POR INVASIÓN DE CARRIL,ASFALTO,Bueno,Bueno,2,TOYOTA,BLANCO AZUL,2,,0,MASCULINO,SIN DATOS,0,0,Morelia,Lomas de Guayangareo,abril,miércoles,11,-101.163643598557,19.7031601600205
13738,13738,2018,"180373304",2018/04/11,11:00:00,COLISIÓN POR CORTE DE CIRCULACIÓN,SIN_DATOS,Bueno,Bueno,2,HONDA,ROJO,2,,,MASCULINO,SIN DATOS,0,0,Morelia,Indeco Expropiacion Petrolera,abril,miércoles,11,-101.225768923759,19.6864603335417
13739,13739,2018,"180369963",2018/04/11,11:10:00,COLISIÓN POR ALCANCE,ASFALTO,Bueno,Bueno,2,NISSAN,BLANCO,2,,45,MASCULINO,SIN DATOS,0,0,Morelia,Felix Ireta,abril,miércoles,11,-101.183524131775,19.6814245382266
13740,13740,2018,,2018/04/11,12:27:00,COLISIÓN POR ALCANCE,ASFALTO,Bueno,Bueno,2,VOLKSWAGEN,PLATA,2,,32,FEMENINO,SIN DATOS,0,0,Morelia,Felix Ireta,abril,miércoles,12,-101.187332868576,19.681262905263
13741,13741,2018,,2018/04/11,14:15:00,COLISIÓN POR CORTE DE CIRCULACIÓN,ASFALTO,Bueno,Bueno,2,NISSAN,GRIS AZUL,2,,58,MASCULINO,SIN DATOS,0,0,Pátzcuaro,Rincon Los Pinos,abril,miércoles,14,-101.596670150757,19.4952368878513
13742,13742,2018,"180374091",2018/04/11,14:20:00,COLISIÓN POR CORTE DE CIRCULACIÓN,TERRACERIA,Bueno,Bueno,2,NAVISTAR INTERNATIONAL,BLANCO AZUL,2,,36,MASCULINO,SIN DATOS,0,0,Morelia,Centro,abril,miércoles,14,-101.194729059935,19.6962524058961
13743,13743,2018,"180370844",2018/04/11,15:25:00,COLISIÓN POR CORTE DE CIRCULACIÓN,ASFALTO,Bueno,Bueno,2,CHEVROLET,BLANCO,2,,37,MASCULINO,SIN DATOS,0,0,Morelia,Lomas de Huerta,abril,miércoles,15,-101.210389137268,19.6724940726
13744,13744,2018,"180374499",2018/04/11,16:10:00,CAIDA DE MOTOCICLETA,ASFALTO,Lluvioso,Regular,1,ITALIKA,NARANJA,2,,49,MASCULINO,SIN DATOS,1,0,Morelia,Centro,abril,miércoles,16,-101.200226247311,19.7012258674116
13746,13746,2018,,2018/04/11,17:40:00,COLISIÓN CON PEATÓN,ASFALTO,Bueno,Bueno,1,NISSAN,ROJO,2,,29,MASCULINO,SIN DATOS,1,0,Morelia,Union,abril,miércoles,18,-101.157774925232,19.7082129472157
13747,13747,2018,,2018/04/11,17:49:00,COLISIÓN POR ALCANCE,ASFALTO,Lluvioso,Regular,2,KENWORTH,BLANCO,2,,,MASCULINO,SIN DATOS,0,0,Morelia,Los Manantiales de Morelia,abril,miércoles,18,-101.240301132202,19.692773795012
13748,13748,2018,"180374963",2018/04/11,18:25:00,COLISIÓN POR ALCANCE,ASFALTO,Lluvioso,Bueno,2,NISSAN,VERDE,2,,0,MASCULINO,SIN DATOS,0,0,Morelia,La Soledad,abril,miércoles,18,-101.183395385742,19.7281700221314
13749,13749,2018,"180375110",2018/04/11,18:28:00,COLISIÓN POR ALCANCE,ASFALTO,Lluvioso,Regular,2,PLYMOUTH,BLANCO,0,,,,,0,0,Morelia,Tinijaro,abril,miércoles,18,-101.263051629066,19.6963521544217
13750,13750,2018,,2018/04/11,19:52:00,COLISIÓN POR CORTE DE CIRCULACIÓN,ASFALTO,Bueno,Bueno,2,FORD,ROJO,2,,,MASCULINO,SIN DATOS,0,0,Morelia,Cosmos,abril,miércoles,20,-101.216408014297,19.6834853442151
13751,13751,2018,,2018/04/11,20:18:00,CAIDA DE MOTOCICLETA,ASFALTO,Bueno,Bueno,1,ITALIKA,ROJO,1,,,MASCULINO,SIN DATOS,0,0,Morelia,Juarez,abril,miércoles,20,-101.197766661644,19.6955667909304
13752,13752,2018,"180375712",2018/04/11,20:40:00,COLISIÓN POR ALCANCE,ASFALTO,Lluvioso,Bueno,2,JEEP,ROJO,2,MINISTERIO PÚBLICO,,MASCULINO,SIN DATOS,0,0,Morelia,Rey Tariacuri (Eucaliptos),abril,miércoles,21,-101.198979020119,19.6778382685149
13753,13753,2018,"180375888",2018/04/11,21:25:00,COLISIÓN POR CAMBIO DE CARRIL,ASFALTO,Lluvioso,Regular,2,TOYOTA,BLANCO Y GRIS,2,,59,FEMENINO,SIN DATOS,0,0,Morelia,Comision Federal de Electricidad,abril,miércoles,21,-101.181335449219,19.6816467832851
13754,13754,2018,,2018/04/11,23:40:00,COLISIÓN CONTRA OBJETO FIJO,ASFALTO,Bueno,Bueno,1,VOLKSWAGEN,BLANCO,1,MINISTERIO PÚBLICO,,,SIN DATOS,0,0,Tuxpan,Tuxpan,abril,miércoles,0,-100.465099811554,19.5658760629963
13755,13755,2018,,2018/04/12,"00:00:00",COLISIÓN CONTRA OBJETO FIJO,ASFALTO,Bueno,Bueno,1,SEAT,NEGRO,0,,,,,0,0,Morelia,Virrey Antonio de Mendoza,abril,jueves,0,-101.162388324738,19.7066574835032
13756,13756,2018,"180376197",2018/04/12,"02:40:00",COLISIÓN POR ALCANCE,CONCRETO,Bueno,Bueno,2,VOLKSWAGEN,ROJO,2,,19,MASCULINO,SIN DATOS,0,0,Morelia,Infonavit  Las  Camelinas,abril,jueves,3,-101.175659894943,19.6817983138301
13757,13757,2018,"180376221",2018/04/12,"03:10:00",SUBIDA AL CAMELLÓN,ASFALTO,Bueno,Bueno,1,BMW,BLANCO,0,MINISTERIO PÚBLICO,,,,0,0,Morelia,El Lago 3,abril,jueves,3,-101.217775940895,19.7271449598122
13758,13758,2018,"180376636",2018/04/12,"07:20:00",COLISIÓN POR CAMBIO DE CARRIL,ASFALTO,Bueno,Malo,2,NISSAN,BLANCO,2,,41,FEMENINO,SIN DATOS,0,0,Morelia,La Quemada,abril,jueves,7,-101.239445507526,19.7012397560189
13759,13759,2018,"180376477",2018/04/12,"09:00:00",VOLCADURA,ASFALTO,Bueno,Bueno,1,DODGE,AZUL,1,,33,MASCULINO,SIN DATOS,0,0,Morelia,Sin datos,abril,jueves,9,-101.389946937561,19.5559281836192
13760,13760,2018,"180376560",2018/04/12,10:07:00,COLISIÓN POR CORTE DE CIRCULACIÓN,ASFALTO,Bueno,Regular,2,HIACE,BLANCO GRIS,2,MINISTERIO PÚBLICO,25,MASCULINO,SIN DATOS,0,0,Morelia,Hacienda de Tinijaro (Villas de Tinijaro),abril,jueves,10,-101.257681846619,19.6854249021004
13761,13761,2018,"180376849",2018/04/12,10:21:00,COLISIÓN POR CAMBIO DE CARRIL,ASFALTO,Bueno,Bueno,2,HONDA,PLATA,2,,73,MASCULINO,SIN DATOS,0,0,Morelia,Granjas del Maestro,abril,jueves,10,-101.190385222435,19.7131014489742
13762,13762,2018,,2018/04/12,11:30:00,COLISIÓN POR ALCANCE,ASFALTO,Bueno,Bueno,2,CHEVROLET,BLANCO,2,MINISTERIO PÚBLICO,41,MASCULINO,SIN DATOS,0,0,Zitácuaro,Sin datos,abril,jueves,12,-100.394718647003,19.3796360641791
13763,13763,2018,"180376937",2018/04/12,11:35:00,COLISIÓN POR NO RESPETAR SEMÁFORO,ASFALTO,Bueno,Bueno,2,YAMAHA,AZUL,3,,27,MASCULINO,SIN DATOS,1,0,Morelia,San Rafael,abril,jueves,12,-101.154856681824,19.7006576960795
13764,13764,2018,"180377324",2018/04/12,13:20:00,COLISIÓN POR ALCANCE,ASFALTO,Bueno,Bueno,2,DODGE,BLANCO Y AZUL,2,,,MASCULINO,SIN DATOS,0,0,Morelia,Ventura Puente,abril,jueves,13,-101.192783117294,19.6925061092998
13765,13765,2018,"180377468",2018/04/12,13:50:00,COLISIÓN POR ALCANCE,ASFALTO,Bueno,Regular,3,FORD,BLANCO,3,,47,MASCULINO,SIN DATOS,0,0,Morelia,Ana Maria Gallaga (Riviera Norte),abril,jueves,14,-101.222684383392,19.6769997769751
13766,13766,2018,"180377851",2018/04/12,14:05:00,COLISIÓN POR ALCANCE,ASFALTO,Bueno,Bueno,3,MITSUBISHI,SIN DATOS,3,,31,FEMENINO,SIN DATOS,0,0,Morelia,Felix Ireta,abril,jueves,14,-101.191785335541,19.6825963723346
13767,13767,2018,"180377639",2018/04/12,14:40:00,COLISIÓN POR CORTE DE CIRCULACIÓN,ASFALTO,Bueno,Bueno,2,CHEVROLET,ROJO,2,,67,FEMENINO,SIN DATOS,0,0,Morelia,Nueva Chapultepec,abril,jueves,15,-101.165805459023,19.6887332083496
13768,13768,2018,"180377567",2018/04/12,14:40:00,COLISIÓN POR ALCANCE,ASFALTO,Bueno,Bueno,2,VOLKSWAGEN,GRIS,2,,19,MASCULINO,SIN DATOS,0,0,Morelia,Libertad,abril,jueves,15,-101.236953735352,19.6848490983047
13769,13769,2018,"180377667",2018/04/12,15:15:00,COLISIÓN POR CORTE DE CIRCULACIÓN,ASFALTO,Bueno,Bueno,2,FORD,NEGRO,2,,20,FEMENINO,SIN DATOS,0,0,Morelia,Morelos,abril,jueves,15,-101.185417771339,19.7240495346715
13770,13770,2018,"180377764",2018/04/12,15:20:00,COLISIÓN POR CAMBIO DE CARRIL,ASFALTO,Lluvioso,Bueno,2,KENWORTH,BLANCO,2,,28,MASCULINO,SIN DATOS,0,0,Morelia,Felix Ireta,abril,jueves,15,-101.192107200623,19.6824751485141
13771,13771,2018,"180377928",2018/04/12,15:30:00,COLISIÓN POR CAMBIO DE CARRIL,CONCRETO,Nublado,Bueno,2,DODGE,BLANCO,2,,20,MASCULINO,SIN DATOS,0,0,Morelia,Indeco Expropiacion Petrolera,abril,jueves,16,-101.228236556053,19.6843844130303
13772,13772,2018,"180378056",2018/04/12,16:50:00,COLISIÓN POR CORTE DE CIRCULACIÓN,ASFALTO,Lluvioso,Regular,1,VOLKSWAGEN,BLANCO,0,,,,,0,0,Morelia,Felix Ireta,abril,jueves,17,-101.187708377838,19.6878796213713
13773,13773,2018,,2018/04/12,17:00:00,COLISIÓN POR ALCANCE,CONCRETO,Bueno,Bueno,2,ITALIKA,Rojo/Negro,2,,13,MASCULINO,SIN DATOS,0,0,Apatzingán,Lazaro Cardenas,abril,jueves,17,-102.350800037384,19.092491030266
13774,13774,2018,"180378197",2018/04/12,17:35:00,COLISIÓN POR ALCANCE,ASFALTO,Lluvioso,Bueno,2,ITALIKA,NEGRO,2,,27,MASCULINO,SIN DATOS,0,0,Tarímbaro,Sin datos,abril,jueves,18,-101.173074245453,19.7487708651157
13775,13775,2018,"180378501",2018/04/12,18:15:00,COLISIÓN POR ALCANCE,ASFALTO,Nublado,Regular,2,FREIGHTLINER,BLANCO Y AZUL,2,,25,MASCULINO,SIN DATOS,0,0,Morelia,Irrigacion,abril,jueves,18,-101.226868629456,19.7044555674528
13777,13777,2018,"180378308",2018/04/12,18:30:00,COLISIÓN POR CORTE DE CIRCULACIÓN,ASFALTO,Lluvioso,Regular,4,VOLKSWAGEN,CAFE,4,MINISTERIO PÚBLICO,35,FEMENINO,SIN DATOS,0,0,Morelia,Las Americas,abril,jueves,19,-101.151123046875,19.6897686183991
13778,13778,2018,"180378396",2018/04/12,18:40:00,VOLCADURA,ASFALTO,Nublado,Bueno,2,VOLKSWAGEN,VERDE,2,MINISTERIO PÚBLICO,31,MASCULINO,CON CERTIFICADO,0,0,Morelia,Ciudad Industrial,abril,jueves,19,-101.136918067932,19.7293819099856
13779,13779,2018,,2018/04/12,19:30:00,COLISIÓN POR CORTE DE CIRCULACIÓN,ASFALTO,Bueno,Bueno,1,HONDA,GRIS,1,,40,MASCULINO,SIN DATOS,0,0,Morelia,San Jose Itzicuaro,abril,jueves,20,-101.30448102951,19.6879301296032
13781,13781,2018,,2018/04/12,21:00:00,CAIDA DE MOTOCICLETA,ASFALTO,Bueno,Bueno,1,ITALIKA,NEGRO/AMARILLO,1,MINISTERIO PÚBLICO,,,SIN DATOS,0,0,Tuxpan,Tuxpan,abril,jueves,21,-100.464064478874,19.5679484606143
13782,13782,2018,"14402",2018/04/12,21:00:00,CAIDA DE MOTOCICLETA,ASFALTO,Bueno,Bueno,1,ITALIKA,AMARILLO Y NEGRO,0,MINISTERIO PÚBLICO,,,,0,0,Tuxpan,Tuxpan,abril,jueves,21,-100.462441,19.566022
13783,13783,2018,"180379207",2018/04/12,22:00:00,COLISIÓN POR CAMBIO DE CARRIL,ASFALTO,Bueno,Bueno,2,VOLKSWAGEN,ROJO,1,MINISTERIO PÚBLICO,,,,1,0,Morelia,Prados Verdes,abril,jueves,22,-101.198142170906,19.7189795734396
13784,13784,2018,"180369391",2018/04/12,23:30:00,COLISIÓN POR ALCANCE,ASFALTO,Bueno,Bueno,2,CHEVROLET,GRIS,2,,28,MASCULINO,CON CERTIFICADO,0,0,Morelia,Quinceo,abril,jueves,0,-101.224164962769,19.7255038364959
13785,13785,2018,,2018/04/12,23:50:00,COLISIÓN POR CORTE DE CIRCULACIÓN,ASFALTO,Bueno,Bueno,2,CHEVROLET,BLANCO Y VERDE,2,,,MASCULINO,SIN DATOS,0,0,Morelia,Solidaridad,abril,jueves,0,-101.207835674286,19.726331974676
13786,13786,2018,"180379478",2018/04/13,"01:40:00",COLISIÓN POR INVASIÓN DE CARRIL,ASFALTO,Bueno,Regular,2,CHEVROLET,ROJO,0,MINISTERIO PÚBLICO,,,,0,0,Morelia,Juarez,abril,viernes,2,-101.197654008865,19.6964885193941
13787,13787,2018,"180379520",2018/04/13,"03:30:00",COLISIÓN POR ALCANCE,ASFALTO,Bueno,Bueno,2,TOYOTA,ROJO,2,,46,MASCULINO,SIN DATOS,0,0,Morelia,Mariano Ontiveros,abril,viernes,4,-101.23025894165,19.6721758398107
13788,13788,2018,,2018/04/13,"05:20:00",COLISIÓN POR ALCANCE,ASFALTO,Bueno,Bueno,3,FORD,GRIS,3,,25,MASCULINO,CON CERTIFICADO,0,0,Morelia,Rafael Carrillo,abril,viernes,5,-101.233563423157,19.7120308394678
13789,13789,2018,"180379650",2018/04/13,"07:10:00",COLISIÓN POR CORTE DE CIRCULACIÓN,ASFALTO,Bueno,Bueno,2,HONDA,BLANCO,2,,45,MASCULINO,SIN DATOS,0,0,Morelia,Del Empleado,abril,viernes,7,-101.180015802383,19.6890766621813
13790,13790,2018,"180379734",2018/04/13,"07:50:00",COLISIÓN POR CORTE DE CIRCULACIÓN,ASFALTO,Bueno,Bueno,2,TOYOTA,BLANCO/GRIS,2,,30,MASCULINO,SIN DATOS,0,0,Morelia,Nueva Valladolid,abril,viernes,8,-101.211620271206,19.7008369859177
13791,13791,2018,"180379851",2018/04/13,"09:00:00",COLISIÓN POR CORTE DE CIRCULACIÓN,ASFALTO,Bueno,Bueno,2,CHEVROLET,GRIS,2,,25,MASCULINO,SIN DATOS,0,0,Morelia,Jardines de Torremolinos,abril,viernes,9,-101.225717961788,19.6786641278804
13792,13792,2018,"180380360",2018/04/13,"09:30:00",COLISIÓN POR ALCANCE,ASFALTO,Bueno,Bueno,2,TOYOTA,PLATA,2,,37,MASCULINO,SIN DATOS,0,0,Morelia,Primaveras,abril,viernes,10,-101.225699186325,19.6788585956745
13793,13793,2018,,2018/04/13,"09:30:00",COLISIÓN CONTRA OBJETO FIJO,ASFALTO,Bueno,Bueno,1,VOLKSWAGEN,BLANCO,1,,53,MASCULINO,SIN DATOS,0,0,Morelia,Guadalupe,abril,viernes,10,-101.226139068604,19.7087381653129
13794,13794,2018,"180379995",2018/04/13,10:10:00,COLISIÓN POR CORTE DE CIRCULACIÓN,ASFALTO,Bueno,Regular,2,CHEVROLET,AZUL,2,,28,FEMENINO,SIN DATOS,0,0,Morelia,Junta de Jaujilla,abril,viernes,10,-101.225951313972,19.6914252605511
13795,13795,2018,,2018/04/13,10:50:00,COLISIÓN CON PEATÓN,ADOQUIN_EMPEDRADO,Bueno,Bueno,2,NISSAN,PLATA BLANCO,2,,0,FEMENINO,SIN DATOS,0,0,Cuitzeo,Centro,abril,viernes,11,-101.140753626823,19.9692144912269
13796,13796,2018,"180380497",2018/04/13,11:40:00,COLISIÓN POR CORTE DE CIRCULACIÓN,ASFALTO,Bueno,Bueno,2,TOYOTA,BLANCO,2,,40,MASCULINO,SIN DATOS,0,0,Morelia,Lomas de Guayangareo,abril,viernes,12,-101.158676147461,19.7023950314054
13797,13797,2018,"18038058",2018/04/13,11:50:00,COLISIÓN POR CAMBIO DE CARRIL,ASFALTO,Bueno,Bueno,2,FORD,BLANCO,2,,21,MASCULINO,SIN DATOS,0,0,Morelia,Centro,abril,viernes,12,-101.190476417542,19.7029707720902
13798,13798,2018,,2018/04/13,13:15:00,COLISIÓN POR CORTE DE CIRCULACIÓN,ASFALTO,Bueno,Bueno,2,DODGE,BLANCO,2,,42,MASCULINO,SIN DATOS,0,0,Apatzingán,Independencia,abril,viernes,13,-102.357816696167,19.0959127933123
13799,13799,2018,,2018/04/13,13:50:00,COLISIÓN POR NO RESPETAR SEMÁFORO,ASFALTO,Bueno,Bueno,2,CHEVROLET,AZUL,2,,28,MASCULINO,SIN DATOS,0,0,Pátzcuaro,San Nicolas (La Valenciana),abril,viernes,14,-101.615982055664,19.5223192262817
13800,13800,2018,,2018/04/13,14:45:00,COLISIÓN POR CAMBIO DE CARRIL,CONCRETO,Bueno,Bueno,2,DODGE,NEGRO,2,,42,MASCULINO,SIN DATOS,0,0,Pátzcuaro,Centro,abril,viernes,15,-101.609373092651,19.5158018785491
13801,13801,2018,"180381125",2018/04/13,15:25:00,SALIDA DE SUPERFICIE DE RODAMIENTO,ASFALTO,Bueno,Bueno,1,CHEVROLET,AZUL,1,,25,MASCULINO,SIN DATOS,0,0,Morelia,Tierra Y Libertad,abril,viernes,15,-101.230543255806,19.7157122921021
13802,13802,2018,"180381275",2018/04/13,15:30:00,COLISIÓN POR CORTE DE CIRCULACIÓN,ASFALTO,Bueno,Bueno,2,TOYOTA,BLANCO/GRIS,2,,,MASCULINO,SIN DATOS,0,0,Morelia,Agustin Arriaga Rivera,abril,viernes,16,-101.224336624146,19.6912939419817
13803,13803,2018,,2018/04/13,15:40:00,COLISIÓN POR ALCANCE,ASFALTO,Bueno,Bueno,2,DODGE,BLANCO,2,,,MASCULINO,SIN DATOS,0,0,Morelia,Cinco de Diciembre,abril,viernes,16,-101.165639162064,19.6845157372662
13804,13804,2018,"180381300",2018/04/13,15:40:00,COLISIÓN POR ALCANCE,ASFALTO,Bueno,Bueno,2,FREIGHTLINER,BLANCO,2,,25,MASCULINO,SIN DATOS,0,0,Morelia,Felix Ireta,abril,viernes,16,-101.192171573639,19.6824347405535
13805,13805,2018,"180381176",2018/04/13,15:45:00,COLISIÓN POR CORTE DE CIRCULACIÓN,SIN_DATOS,Bueno,Bueno,2,NISSAN,BLANCO/ROJO,2,,35,MASCULINO,SIN DATOS,0,0,Morelia,Industrial,abril,viernes,16,-101.193117475,19.7116345199991
13807,13807,2018,"180381689",2018/04/13,18:00:00,CAIDA DE MOTOCICLETA,ASFALTO,Bueno,Bueno,1,BAJAJ,GRIS,1,,41,MASCULINO,SIN DATOS,0,0,Morelia,Fracc Rio Florido,abril,viernes,18,-101.279278993607,19.6836873825907
13808,13808,2018,"180382396",2018/04/13,21:10:00,COLISIÓN POR CAMBIO DE CARRIL,CONCRETO,Bueno,Bueno,2,KENWORTH,BLANCO,2,,37,MASCULINO,SIN DATOS,0,0,Morelia,Libertad,abril,viernes,21,-101.236964464188,19.684808690943
13809,13809,2018,"180382562",2018/04/13,21:55:00,COLISIÓN POR CAMBIO DE CARRIL,ASFALTO,Bueno,Bueno,2,DODGE,BLANCO,2,,29,MASCULINO,SIN DATOS,0,0,Morelia,Junta de Jaujilla,abril,viernes,22,-101.225919127464,19.6914202098389
13810,13810,2018,,2018/04/13,23:05:00,COLISIÓN POR ALCANCE,ASFALTO,Bueno,Bueno,2,VOLKSWAGEN,PLATA,2,,,MASCULINO,SIN DATOS,0,0,Morelia,Las Americas,abril,viernes,23,-101.156401634216,19.6878493164245
13811,13811,2018,,2018/04/13,23:30:00,VOLCADURA,ASFALTO,Bueno,Bueno,1,CHEVROLET,GUINDA,1,,30,FEMENINO,SIN DATOS,0,0,Copándaro,Sin datos,abril,viernes,0,-101.150620132685,19.9073371254351
13812,13812,2018,,2018/04/13,23:50:00,COLISIÓN CONTRA OBJETO FIJO,ASFALTO,Bueno,Bueno,1,VOLKSWAGEN,ROJO,1,,24,MASCULINO,SIN DATOS,0,0,Morelia,Bicentenario,abril,viernes,0,-101.178803443909,19.73856671111
13813,13813,2018,LEG14356,2018/04/14,"00:01:00",COLISIÓN POR CORTE DE CIRCULACIÓN,ASFALTO,Bueno,Bueno,2,SEAT,ROJO,2,,,MASCULINO,SIN DATOS,0,0,Morelia,Alberto Oviedo Mota,abril,sábado,0,-101.195830106735,19.6825761683709
13814,13814,2018,"180382894",2018/04/14,"00:30:00",SALIDA DE SUPERFICIE DE RODAMIENTO,ASFALTO,Bueno,Bueno,1,NISSAN,ROJO,1,,,,SIN DATOS,0,0,Morelia,2 de Octubre,abril,sábado,1,-101.384046077728,19.6692409965249