fid,id_accidente,anio_origen,folio_c5i,dia_incidente,hora_ocurrencia,tipo_incidente_vial,superficie_ocurrencia,condiciones_climaticas,condiciones_via,numero_vehiculos_involucrados,marca_vehiculo_ocasiona_siniestro,color_vehiculo_ocasiona_siniestro,numero_personas_involucradas,lugar_remite_presunto_responsable,edad_presunto_responsable,sexo_presunto_responsable,resultados_toxicologia,numero_personas_lesionadas,numero_personas_fallecidas,municipio,colonia,mes,dia_semana,hora_redondeada,lon,lat
13815,13815,2018,,2018/04/14,"02:30:00",SALIDA DE SUPERFICIE DE RODAMIENTO,ASFALTO,Bueno,Regular,1,CHEVROLET,GUINDA,1,,30,MASCULINO,SIN DATOS,0,0,Coalcomán de Vázquez Pallares,Centro,abril,sábado,3,-103.159608,18.776821
13816,13816,2018,"180383012",2018/04/14,"03:00:00",VOLCADURA,ASFALTO,Bueno,Bueno,1,SATURN,ROJO,1,,29,MASCULINO,SIN DATOS,0,0,Morelia,Ampliacion La Soledad,abril,sábado,3,-101.182955503464,19.7324014905658
13817,13817,2018,"180382989",2018/04/14,"03:25:00",COLISIÓN CONTRA OBJETO FIJO,ASFALTO,Bueno,Bueno,1,NISSAN,VERDE,1,,30,MASCULINO,SIN DATOS,0,0,Morelia,Enrique Arreguin Robles,abril,sábado,3,-101.1800801754,19.72044402099
13818,13818,2018,"180383115",2018/04/14,"03:50:00",COLISIÓN CONTRA OBJETO FIJO,ASFALTO,Bueno,Bueno,1,KENWORTH,BLANCO,1,,,MASCULINO,SIN DATOS,0,0,Morelia,Sin datos,abril,sábado,4,-101.175005435944,19.7449033604963
13819,13819,2018,"180383079",2018/04/14,"04:30:00",CAIDA DE MOTOCICLETA,ASFALTO,Bueno,Bueno,1,HONDA,BLANCO,1,,,MASCULINO,SIN DATOS,0,0,Morelia,San Pascual,abril,sábado,5,-101.266736984253,19.695607195577
13820,13820,2018,"180383109",2018/04/14,"04:30:00",SUBIDA AL CAMELLÓN,ASFALTO,Bueno,Bueno,1,CHEVROLET,CAFE,1,,,MASCULINO,SIN DATOS,0,0,Morelia,Arcos del Valle,abril,sábado,5,-101.234550476074,19.710031002512
13821,13821,2018,,2018/04/14,"04:40:00",COLISIÓN CONTRA OBJETO FIJO,ASFALTO,Bueno,Bueno,1,ITALIKA,ROJO,1,,,,SIN DATOS,0,0,Apatzingán,Lomas de Palmira,abril,sábado,5,-102.341637611389,19.0784331786791
13822,13822,2018,"180383138",2018/04/14,"05:40:00",COLISIÓN POR CORTE DE CIRCULACIÓN,CONCRETO,Bueno,Bueno,2,KURAZAI,NEGRO,2,,23,MASCULINO,SIN DATOS,0,0,Morelia,Vasco de Quiroga,abril,sábado,6,-101.172822117805,19.7027081537892
13823,13823,2018,"180383184",2018/04/14,"06:30:00",SUBIDA AL CAMELLÓN,ASFALTO,Bueno,Bueno,1,RENAULT,NARANJA,1,,,,SIN DATOS,0,0,Morelia,Loma de Los Piñones,abril,sábado,7,-101.203726530075,19.6750298097073
13824,13824,2018,"180383181",2018/04/14,"06:30:00",COLISIÓN CONTRA OBJETO FIJO,ASFALTO,Bueno,Bueno,1,VOLKSWAGEN,NEGRO,1,MINISTERIO PÚBLICO,,,SIN DATOS,0,0,Morelia,Felicitas del Rio,abril,sábado,7,-101.197071969509,19.6902105596741
13825,13825,2018,"180361761",2018/04/14,"07:30:00",COLISIÓN POR CORTE DE CIRCULACIÓN,ASFALTO,Bueno,Bueno,1,NISSAN,BLANCO,1,,53,MASCULINO,SIN DATOS,0,0,Morelia,Libertad,abril,sábado,8,-101.236953735352,19.6849905239902
13826,13826,2018,"180383295",2018/04/14,"08:15:00",COLISIÓN POR ALCANCE,CONCRETO,Bueno,Bueno,2,DODGE,ROJO,2,,29,MASCULINO,CON CERTIFICADO,0,0,Morelia,Centro,abril,sábado,8,-101.181492358446,19.7065855176894
13827,13827,2018,"180382936",2018/04/14,10:08:00,COLISIÓN POR ALCANCE,ASFALTO,Bueno,Bueno,2,MAZDA,CAFE,2,,44,MASCULINO,SIN DATOS,0,0,Morelia,Libertad,abril,sábado,10,-101.237007379532,19.6848693019817
13828,13828,2018,,2018/04/14,10:58:00,COLISIÓN POR MANIOBRA DE REVERSA,ADOQUIN_EMPEDRADO,Bueno,Regular,2,FORD,BLANCO,2,,35,MASCULINO,SIN DATOS,0,0,Pátzcuaro,Centro,abril,sábado,11,-101.610778570175,19.5172833468453
13829,13829,2018,"180383790",2018/04/14,11:25:00,COLISIÓN POR CORTE DE CIRCULACIÓN,ASFALTO,Bueno,Bueno,2,RENAULT,PLATA,4,MINISTERIO PÚBLICO,,,SIN DATOS,2,0,Morelia,Solidaridad,abril,sábado,11,-101.205239295959,19.725897707629
13830,13830,2018,"180383789",2018/04/14,11:30:00,COLISIÓN POR INVASIÓN DE CARRIL,ASFALTO,Bueno,Bueno,2,CHEVROLET,CHAMPAGNE,2,,56,FEMENINO,SIN DATOS,0,0,Álvaro Obregón,Sin datos,abril,sábado,12,-101.03310585022,19.8341350000477
13831,13831,2018,"180384026",2018/04/14,11:30:00,COLISIÓN POR CORTE DE CIRCULACIÓN,ASFALTO,Bueno,Bueno,2,TOYOTA,BLANCO/GRIS,2,,26,MASCULINO,SIN DATOS,0,0,Morelia,Agustin Arriaga Rivera,abril,sábado,12,-101.224551200867,19.6911525218634
13832,13832,2018,,2018/04/14,12:15:00,SALIDA DE SUPERFICIE DE RODAMIENTO,ASFALTO,Bueno,Regular,1,VOLKSWAGEN,AZUL,1,,19,MASCULINO,SIN DATOS,0,0,Morelia,Independencia,abril,sábado,12,-101.177870035172,19.7193633609915
13833,13833,2018,,2018/04/14,13:15:00,COLISIÓN CON PEATÓN,CONCRETO,Bueno,Bueno,1,CHEVROLET,NEGRO,1,,35,MASCULINO,SIN DATOS,0,0,Morelia,Union Antorchista,abril,sábado,13,-101.268142461777,19.6977183241742
13835,13835,2018,"180384383",2018/04/14,13:30:00,COLISIÓN POR ALCANCE,SIN_DATOS,Bueno,Bueno,2,VOLKSWAGEN,PLATA,2,,30,FEMENINO,SIN DATOS,0,0,Morelia,Ventura Puente,abril,sábado,14,-101.183658242226,19.6901221715167
13836,13836,2018,"180385027",2018/04/14,15:50:00,COLISIÓN POR CORTE DE CIRCULACIÓN,ASFALTO,Bueno,Bueno,2,VOLKSWAGEN,ROJO,2,,17,MASCULINO,SIN DATOS,0,0,Morelia,Francisco J Mujica,abril,sábado,16,-101.188352108002,19.7214236784131
13837,13837,2018,"180385071",2018/04/14,16:25:00,COLISIÓN POR CORTE DE CIRCULACIÓN,ASFALTO,Bueno,Bueno,2,CHEVROLET,PLATA,2,,40,MASCULINO,SIN DATOS,0,0,Morelia,Adolfo Lopez Mateos,abril,sábado,16,-101.225436329842,19.6955970944163
13838,13838,2018,"180385636",2018/04/14,17:55:00,COLISIÓN POR INVASIÓN DE CARRIL,ASFALTO,Bueno,Bueno,2,NISSAN,BLANCO,2,,21,MASCULINO,SIN DATOS,0,0,Morelia,Sin datos,abril,sábado,18,-101.262445449829,19.6407282948668
13839,13839,2018,,2018/04/14,19:50:00,COLISIÓN CONTRA OBJETO FIJO,TERRACERIA,Bueno,Bueno,1,MAZDA,VERDE,0,MINISTERIO PÚBLICO,,,,0,0,Lázaro Cárdenas,1Er Sect de Fidelac,abril,sábado,20,-102.190318107605,17.9611541783194
13840,13840,2018,"180386054",2018/04/14,21:05:00,COLISIÓN CON PEATÓN,ASFALTO,Bueno,Regular,1,NISSAN,BLANCO,2,MINISTERIO PÚBLICO,,MASCULINO,SIN DATOS,1,0,Morelia,Fuentes de Valladolid,abril,sábado,21,-101.221075057983,19.6737265872813
13841,13841,2018,"180386480",2018/04/14,22:50:00,COLISIÓN POR CORTE DE CIRCULACIÓN,ASFALTO,Bueno,Bueno,1,RENAULT,GRIS,1,,42,FEMENINO,SIN DATOS,0,0,Morelia,Loma Real,abril,sábado,23,-101.195595413446,19.7310293052954
13842,13842,2018,"180386602",2018/04/14,23:20:00,COLISIÓN POR ALCANCE,ASFALTO,Bueno,Bueno,2,VOLKSWAGEN,NEGRO,2,,31,MASCULINO,SIN DATOS,0,0,Morelia,Nicolaitas Ilustres,abril,sábado,23,-101.228241920471,19.719504756173
13843,13843,2018,"180390083",2018/04/15,"00:00:00",COLISIÓN POR CAMBIO DE CARRIL,ASFALTO,Bueno,Bueno,2,NISSAN,BLANCO,2,,35,MASCULINO,SIN DATOS,0,0,Morelia,Eduardo Ruiz,abril,domingo,0,-101.22342467308,19.7229487001846
13844,13844,2018,"18039130",2018/04/15,"00:01:00",COLISIÓN POR CORTE DE CIRCULACIÓN,ASFALTO,Bueno,Bueno,2,RENOULT,GRIS,2,,0,MASCULINO,SIN DATOS,0,0,Morelia,Alberto Oviedo Mota,abril,domingo,0,-101.196140686849,19.6817272495021
13845,13845,2018,"180386857",2018/04/15,"00:20:00",COLISIÓN POR ALCANCE,CONCRETO,Bueno,Bueno,2,VOLKSWAGEN,NEGRO,2,,24,MASCULINO,SIN DATOS,0,0,Morelia,Ciudad Jardin,abril,domingo,0,-101.255407333374,19.7074352172502
13846,13846,2018,,2018/04/15,"00:20:00",COLISIÓN CONTRA OBJETO FIJO,ASFALTO,Bueno,Regular,1,CHEVROLET,BLANCO,1,,23,MASCULINO,SIN DATOS,0,0,Pátzcuaro,Centro,abril,domingo,0,-101.606894731522,19.5191945725761
13847,13847,2018,"180386749",2018/04/15,"01:15:00",COLISIÓN POR INVASIÓN DE CARRIL,ASFALTO,Bueno,Bueno,3,JEEP,GRIS,3,,33,MASCULINO,SIN DATOS,0,0,Morelia,Molino de Parras,abril,domingo,1,-101.204182505608,19.7025313912285
13848,13848,2018,"180386820",2018/04/15,"01:40:00",COLISIÓN CONTRA OBJETO FIJO,ASFALTO,Bueno,Bueno,1,NISSAN,PLATA,0,,,,,0,0,Morelia,Jardines del Toreo,abril,domingo,2,-101.214187145233,19.6880210443804
13849,13849,2018,"180386928",2018/04/15,"03:00:00",COLISIÓN POR INVASIÓN DE CARRIL,ASFALTO,Bueno,Regular,2,FORD,NEGRO,2,MINISTERIO PÚBLICO,44,MASCULINO,CON CERTIFICADO,0,0,Morelia,La Loma,abril,domingo,3,-101.181528568268,19.6798839674121
13850,13850,2018,,2018/04/15,"04:50:00",COLISIÓN CONTRA OBJETO FIJO,ASFALTO,Bueno,Bueno,1,NISSAN,GRIS,1,MINISTERIO PÚBLICO,,,SIN DATOS,0,0,Apatzingán,Independencia,abril,domingo,5,-102.354855537415,19.0958012702986
13851,13851,2018,LEG14397,2018/04/15,"05:00:00",COLISIÓN POR NO RESPETAR SEMÁFORO,ASFALTO,Bueno,Bueno,2,VOLKSWAGEN,ROJO,2,,29,MASCULINO,SIN DATOS,0,0,Morelia,Felix Ireta,abril,domingo,5,-101.191812157631,19.6824347405535
13852,13852,2018,,2018/04/15,"05:00:00",VOLCADURA,ASFALTO,Bueno,Bueno,1,GMC,AZUL,1,,0,MASCULINO,SIN DATOS,0,0,Morelia,El Lago 1,abril,domingo,5,-101.209455728531,19.726334499481
13853,13853,2018,"180386993",2018/04/15,"05:50:00",VOLCADURA,ASFALTO,Bueno,Bueno,1,FORD,GUINDA,1,MINISTERIO PÚBLICO,,,,0,1,Morelia,El Porvenir,abril,domingo,6,-101.2040845,19.7111755
13854,13854,2018,"180387209",2018/04/15,"08:20:00",COLISIÓN POR CORTE DE CIRCULACIÓN,ASFALTO,Bueno,Bueno,2,YAMAHA,NEGRO,1,MINISTERIO PÚBLICO,,,,1,0,Morelia,Centro,abril,domingo,8,-101.187869310379,19.6958849772465
13855,13855,2018,,2018/04/15,"09:21:00",COLISIÓN CONTRA OBJETO FIJO,ASFALTO,Bueno,Bueno,1,NISSAN,BLANCO,1,,63,MASCULINO,SIN DATOS,0,0,Morelia,Torreon Nuevo,abril,domingo,9,-101.203919649124,19.7468724672478
13856,13856,2018,,2018/04/15,10:35:00,SALIDA DE SUPERFICIE DE RODAMIENTO,ASFALTO,Bueno,Bueno,1,JEEP,NEGRO,1,,48,MASCULINO,SIN DATOS,0,0,Peribán,Los Cerritos,abril,domingo,11,-102.429013252258,19.5334420985706
13857,13857,2018,,2018/04/15,10:40:00,COLISIÓN CON PEATÓN,SIN_DATOS,Bueno,Bueno,1,TOYOTA,GUINDA,1,,18,MASCULINO,SIN DATOS,0,0,Coalcomán de Vázquez Pallares,Sin datos,abril,domingo,11,-103.180611133575,18.7718362920357
13859,13859,2018,"180137824",2018/04/15,12:41:00,COLISIÓN POR MANIOBRA DE REVERSA,ASFALTO,Nublado,Bueno,2,VOLKWAGEN,BLANCO,2,,33,MASCULINO,SIN DATOS,0,0,Morelia,Chapultepec Norte,abril,domingo,13,-101.168299913406,19.6950364789978
13860,13860,2018,,2018/04/15,16:50:00,COLISIÓN POR CORTE DE CIRCULACIÓN,CONCRETO,Bueno,Bueno,2,VOLKWAGEN,GRIS,2,,29,FEMENINO,SIN DATOS,0,0,Morelia,Primo Tapia Oriente,abril,domingo,17,-101.160532236099,19.7142074012677
13861,13861,2018,"180389139",2018/04/15,18:00:00,COLISIÓN POR ALCANCE,ASFALTO,Bueno,Bueno,1,ITALIKA,ROJO,1,,29,MASCULINO,SIN DATOS,0,0,Morelia,Jardines de Sindurio,abril,domingo,18,-101.256319284439,19.6975819602497
13862,13862,2018,,2018/04/15,18:00:00,COLISIÓN POR CORTE DE CIRCULACIÓN,ASFALTO,Bueno,Bueno,2,NISSAN,BCO ROJO,2,,46,MASCULINO,CON CERTIFICADO,0,0,Apatzingán,Nueva,abril,domingo,18,-102.359179258347,19.0766587527035
13863,13863,2018,"180389247",2018/04/15,18:18:00,COLISIÓN POR ALCANCE,ASFALTO,Bueno,Bueno,2,SIN DATOS,SIN DATOS,2,,0,,SIN DATOS,0,0,Morelia,Las Americas,abril,domingo,18,-101.158933639526,19.6880513492947
13864,13864,2018,,2018/04/15,19:05:00,COLISIÓN POR CAMBIO DE CARRIL,ASFALTO,Bueno,Bueno,2,VOLKSWAGEN,BLANCO,2,,46,MASCULINO,SIN DATOS,0,0,Morelia,Lomas de Las Americas Sur,abril,domingo,19,-101.146965622902,19.6942738368527
13865,13865,2018,,2018/04/15,20:50:00,COLISIÓN POR ALCANCE,CONCRETO,Bueno,Bueno,2,ITALIKA 110,Rojo/Negro,4,,20,MASCULINO,CON CERTIFICADO,2,0,Apatzingán,Las Palmas,abril,domingo,21,-102.349807620049,19.0774395024742
13866,13866,2018,"180389870",2018/04/15,21:45:00,COLISIÓN POR ALCANCE,CONCRETO,Bueno,Bueno,2,GMC,AZUL,2,,41,MASCULINO,CON CERTIFICADO,0,0,Morelia,Primo Tapia Oriente,abril,domingo,22,-101.162473515005,19.7179637236579
13867,13867,2018,,2018/04/15,22:23:00,COLISIÓN POR ALCANCE,ASFALTO,Bueno,Bueno,3,VOLKWAGEN,NEGRO,3,MINISTERIO PÚBLICO,19,MASCULINO,SIN DATOS,0,0,Morelia,Fuentes de Valladolid,abril,domingo,22,-101.222534179688,19.6705240499428
13868,13868,2018,,2018/04/15,22:50:00,COLISIÓN CONTRA OBJETO FIJO,ASFALTO,Bueno,Bueno,1,HONDA,ROJO,1,,36,MASCULINO,SIN DATOS,0,0,Pátzcuaro,Sin Nombre,abril,domingo,23,-101.615123748779,19.5248775547193
13869,13869,2018,"180393068",2018/04/16,"00:00:00",COLISIÓN POR ALCANCE,ASFALTO,Bueno,Bueno,3,DODGE,VINO,3,,39,MASCULINO,SIN DATOS,0,0,Tarímbaro,Sin datos,abril,lunes,0,-101.157581806183,19.7684401687775
13870,13870,2018,,2018/04/16,"04:10:00",SUBIDA AL CAMELLÓN,ASFALTO,Bueno,Bueno,1,FORD EXPLORER,VERDE,1,,,,SIN DATOS,0,0,Apatzingán,Sin datos,abril,lunes,4,-102.389230728149,19.0907522406059
13871,13871,2018,LEG14392,2018/04/16,"04:40:00",COLISIÓN POR ALCANCE,ASFALTO,Bueno,Bueno,1,CHEVROLET,GRIS,1,,53,MASCULINO,SIN DATOS,0,0,Morelia,Lomas de La Maestranza,abril,lunes,5,-101.331968307495,19.684697570646
13872,13872,2018,18039072B,2018/04/16,"07:15:00",COLISIÓN POR NO RESPETAR SEMÁFORO,ASFALTO,Bueno,Bueno,2,DODGE,BEIGE,2,,,MASCULINO,SIN DATOS,0,0,Morelia,Fovissste La Huerta,abril,lunes,7,-101.211225986481,19.6944152542136
13873,13873,2018,"180340814",2018/04/16,"08:00:00",COLISIÓN POR CORTE DE CIRCULACIÓN,ASFALTO,Bueno,Bueno,2,NISSAN,HIERRO,2,,41,FEMENINO,SIN DATOS,0,0,Morelia,Chapultepec Sur,abril,lunes,8,-101.173645555973,19.6913267716341
13874,13874,2018,"180391072",2018/04/16,"09:00:00",COLISIÓN POR CORTE DE CIRCULACIÓN,ASFALTO,Bueno,Bueno,1,NISSAN,BLANCO,1,,28,MASCULINO,SIN DATOS,0,0,Morelia,Residencial Alborada,abril,lunes,9,-101.234593391418,19.7023849306732
13875,13875,2018,"180391040",2018/04/16,"09:20:00",COLISIÓN CON PEATÓN,ASFALTO,Bueno,Bueno,1,HONDA,AZUL MARINO,0,,,,,0,0,Morelia,Canteras de Morelia,abril,lunes,9,-101.171647310257,19.7149295486371
13876,13876,2018,"180391125",2018/04/16,"09:20:00",COLISIÓN POR ALCANCE,ASFALTO,Bueno,Bueno,2,AUDI,BLANCO,2,,18,MASCULINO,SIN DATOS,0,0,Morelia,Camelinas,abril,lunes,9,-101.16828918457,19.6827580039526
13877,13877,2018,"180391161",2018/04/16,"09:40:00",COLISIÓN POR INVASIÓN DE CARRIL,ASFALTO,Bueno,Regular,2,MERCEDES BENZ,BLANCO Y NARANJA,2,,36,MASCULINO,SIN DATOS,0,0,Morelia,Tzindurio de Morelos,abril,lunes,10,-101.246047765017,19.6995617510114
13878,13878,2018,"180391180",2018/04/16,10:05:00,COLISIÓN CON PEATÓN,ASFALTO,Bueno,Bueno,1,FORD,VERDE,1,,0,,SIN DATOS,0,0,Morelia,Chapultepec Oriente,abril,lunes,10,-101.164515316486,19.689864582894
13879,13879,2018,"180391400",2018/04/16,10:15:00,COLISIÓN POR CORTE DE CIRCULACIÓN,CONCRETO,Bueno,Bueno,2,SIN DATOS,SIN DATOS,2,,0,,SIN DATOS,0,0,Morelia,Ferrocarrilero,abril,lunes,10,-101.219873428345,19.6950920355684
13880,13880,2018,,2018/04/16,12:00:00,COLISIÓN CONTRA OBJETO FIJO,ADOQUIN_EMPEDRADO,Bueno,Bueno,1,MERCEDES BENZ,BLANCO Y AZUL,1,,60,MASCULINO,SIN DATOS,0,0,Cuitzeo,Centro,abril,lunes,12,-101.139804124832,19.9684531641302
13881,13881,2018,"180391558",2018/04/16,12:20:00,COLISIÓN CON PEATÓN,ASFALTO,Bueno,Bueno,2,YAMAHA,AZUL,1,MINISTERIO PÚBLICO,,,,1,0,Morelia,Insurgentes,abril,lunes,12,-101.155049800873,19.6952738569372
13883,13883,2018,,2018/04/16,13:45:00,COLISIÓN POR CORTE DE CIRCULACIÓN,ADOQUIN_EMPEDRADO,Bueno,Bueno,2,CHEVROLET,BLANCO,2,,31,FEMENINO,SIN DATOS,0,0,Apatzingán,Independencia,abril,lunes,14,-102.357162237167,19.1006271065136
13884,13884,2018,"180392359",2018/04/16,15:40:00,COLISIÓN CONTRA OBJETO FIJO,ASFALTO,Bueno,Bueno,2,SEAT,ROJO,2,,24,MASCULINO,SIN DATOS,0,0,Morelia,Sin datos,abril,lunes,16,-101.118536889553,19.7308311138084
13885,13885,2018,"180392517",2018/04/16,16:00:00,COLISIÓN POR ALCANCE,ASFALTO,Bueno,Bueno,2,FORD,ROJO,2,,40,MASCULINO,SIN DATOS,0,0,Morelia,Ana Maria Gallaga (Riviera Norte),abril,lunes,16,-101.222684383392,19.6769795723055
13886,13886,2018,"180392730",2018/04/16,17:40:00,COLISIÓN POR MANIOBRA DE REVERSA,ASFALTO,Bueno,Bueno,2,MERCEDES BENZ,BLANCO,2,,26,MASCULINO,SIN DATOS,0,0,Morelia,Jesus del Monte,abril,lunes,18,-101.157504022121,19.6531312355786
13888,13888,2018,,2018/04/16,18:45:00,CAIDA DE MOTOCICLETA,ASFALTO,Bueno,Bueno,1,KURAZAI,NEGRO,0,,,,,0,0,Morelia,Bosque Monarca,abril,lunes,19,-101.162452697754,19.6332102822632
13889,13889,2018,"180393395",2018/04/16,20:00:00,SALIDA DE SUPERFICIE DE RODAMIENTO,ASFALTO,Bueno,Bueno,3,NISSAN,AMARILLA,3,,0,,SIN DATOS,0,0,Morelia,Santiaguito,abril,lunes,20,-101.194403171539,19.719593128098
13890,13890,2018,"180393584",2018/04/16,20:21:00,COLISIÓN POR CORTE DE CIRCULACIÓN,ASFALTO,Bueno,Regular,2,YAMAHA,BLANCO/ROJO,1,,23,MASCULINO,SIN DATOS,0,0,Morelia,Nueva Valladolid,abril,lunes,20,-101.210560798645,19.6956374990553
13891,13891,2018,"180393638",2018/04/16,20:45:00,COLISIÓN POR MANIOBRA DE REVERSA,ASFALTO,Bueno,Bueno,2,SIN DATOS,SIN DATOS,0,,,,,0,0,Morelia,Ventura Puente,abril,lunes,21,-101.183529496193,19.6910161523453
13892,13892,2018,"180393703",2018/04/16,21:00:00,COLISIÓN POR CORTE DE CIRCULACIÓN,ASFALTO,Bueno,Bueno,2,NISSAN,ROJO,2,,27,FEMENINO,SIN DATOS,0,0,Morelia,Las Americas,abril,lunes,21,-101.158976554871,19.6881523656342
13893,13893,2018,"180394053",2018/04/16,22:35:00,COLISIÓN POR CORTE DE CIRCULACIÓN,ASFALTO,Bueno,Bueno,2,FORD,PLATA,2,,44,MASCULINO,SIN DATOS,0,0,Morelia,Valle de Las Flores,abril,lunes,23,-101.128334999084,19.6870512840953
13895,13895,2018,"180394422",2018/04/17,"08:17:00",COLISIÓN POR CAMBIO DE CARRIL,ASFALTO,Bueno,Bueno,2,MERCURY,VERDE,2,,0,MASCULINO,SIN DATOS,0,0,Morelia,Sin datos,abril,martes,8,-101.226430525236,19.6324414275893
13896,13896,2018,,2018/04/17,"08:30:00",COLISIÓN POR CAMBIO DE CARRIL,ASFALTO,Bueno,Bueno,2,INTERNACIONAL,BLANCO,2,,28,MASCULINO,SIN DATOS,0,0,Morelia,La Colina,abril,martes,9,-101.216043233871,19.7039505365629
13897,13897,2018,"180394550",2018/04/17,"08:40:00",COLISIÓN CONTRA OBJETO FIJO,ASFALTO,Bueno,Bueno,1,VOLKWAGEN,GRIS,1,,0,MASCULINO,SIN DATOS,0,0,Morelia,Ciudad Industrial,abril,martes,9,-101.142990589142,19.7254028437413
13898,13898,2018,"180394856",2018/04/17,"09:00:00",COLISIÓN POR CORTE DE CIRCULACIÓN,ASFALTO,Bueno,Bueno,3,NISSAN,BLANCO,3,,28,MASCULINO,SIN DATOS,0,0,Morelia,Isaac Arriaga,abril,martes,9,-101.172398328781,19.7074150164215
13899,13899,2018,"180394727",2018/04/17,"09:15:00",COLISIÓN POR CAMBIO DE CARRIL,TERRACERIA,Bueno,Bueno,2,YAMAHA,ROJO,2,,34,MASCULINO,SIN DATOS,0,0,Morelia,Alberto Oviedo Mota,abril,martes,9,-101.197809576988,19.6840106434616
13900,13900,2018,"180394630",2018/04/17,"09:25:00",COLISIÓN POR CORTE DE CIRCULACIÓN,ASFALTO,Bueno,Bueno,2,FORD,PLATA,2,,0,FEMENINO,SIN DATOS,0,0,Morelia,Chapultepec Sur,abril,martes,9,-101.178358197212,19.6934152287652
13901,13901,2018,"180394737",2018/04/17,"09:30:00",COLISIÓN POR CORTE DE CIRCULACIÓN,ASFALTO,Bueno,Bueno,2,CHEVROLET,GUINDA,2,,38,MASCULINO,SIN DATOS,0,0,Morelia,Granjas del Maestro,abril,martes,10,-101.188598871231,19.7133842502886
13902,13902,2018,"180394699",2018/04/17,"09:42:00",COLISIÓN POR ALCANCE,ASFALTO,Bueno,Bueno,2,CHEVROLET,BLANCO,2,,35,MASCULINO,SIN DATOS,0,0,Morelia,Nueva Jacarndas,abril,martes,10,-101.188931465149,19.6800506528379
13903,13903,2018,,2018/04/17,10:50:00,COLISIÓN POR ALCANCE,ASFALTO,Bueno,Bueno,1,FORD,SIN DATOS,0,,,,,0,0,Morelia,Los Pinos de Michoacan,abril,martes,11,-101.215630173683,19.6829701452037
13904,13904,2018,"180395491",2018/04/17,13:27:00,COLISIÓN POR ALCANCE,ASFALTO,Bueno,Bueno,2,FORD,BLANCO,2,,42,MASCULINO,SIN DATOS,0,0,Morelia,Fuentes de Valladolid,abril,martes,13,-101.221386194229,19.6729486897743
13905,13905,2018,"180395745",2018/04/17,14:00:00,SUBIDA AL CAMELLÓN,ASFALTO,Bueno,Bueno,1,VOLKWAGEN,NEGRO,1,,20,MASCULINO,SIN DATOS,0,0,Morelia,El Parian,abril,martes,14,-101.269606475517,19.6886131608592
13906,13906,2018,"180395589",2018/04/17,14:10:00,COLISIÓN POR ALCANCE,ASFALTO,Bueno,Bueno,3,FORD,BLANCO,3,,41,MASCULINO,SIN DATOS,0,0,Morelia,Nueva Jacarndas,abril,martes,14,-101.188126802444,19.6814497933624
13907,13907,2018,"180395582",2018/04/17,14:30:00,COLISIÓN POR CORTE DE CIRCULACIÓN,CONCRETO,Bueno,Bueno,1,SUZUKI,BLANCO/AZUL,1,,0,MASCULINO,SIN DATOS,0,0,Morelia,Lomas del Tecnologico,abril,martes,15,-101.193341016769,19.7202420290221
13908,13908,2018,"180396140",2018/04/17,16:15:00,COLISIÓN POR INVASIÓN DE CARRIL,ASFALTO,Bueno,Bueno,2,TOYOTA,GRIS,2,,28,MASCULINO,SIN DATOS,0,0,Morelia,Nueva Chapultepec,abril,martes,16,-101.173814535141,19.6904757238535
13909,13909,2018,"180396477",2018/04/17,16:50:00,COLISIÓN POR ALCANCE,ASFALTO,Bueno,Bueno,2,CHEVROLET,GRIS,2,,32,MASCULINO,SIN DATOS,0,0,Morelia,Nueva Chapultepec,abril,martes,17,-101.175772547722,19.6871118942851
13910,13910,2018,,2018/04/17,17:30:00,COLISIÓN POR INVASIÓN DE CARRIL,ASFALTO,Bueno,Bueno,2,FORD,ORO/NEGRO,1,,32,MASCULINO,SIN DATOS,0,0,Tacámbaro,Sin datos,abril,martes,18,-101.462173461914,19.2621300686156
13911,13911,2018,,2018/04/17,20:20:00,COLISIÓN POR INVASIÓN DE CARRIL,ASFALTO,Lluvioso,Regular,2,TOYOTA,CAFE,2,,0,MASCULINO,SIN DATOS,0,0,Acuitzio,Sin Nombre,abril,martes,20,-101.333019733429,19.475048596767
13912,13912,2018,"180397967",2018/04/18,"00:00:00",COLISIÓN POR CORTE DE CIRCULACIÓN,CONCRETO,Bueno,Bueno,2,MAZDA,BLANCO,1,,25,MASCULINO,CON CERTIFICADO,0,0,Morelia,Fuentes de Morelia,abril,miércoles,0,-101.203721165657,19.6707816696665
13913,13913,2018,"180400109",2018/04/18,"00:00:00",COLISIÓN CON PEATÓN,CONCRETO,Bueno,Bueno,2,NISSAN,BLANCO/CAFE,2,,57,MASCULINO,SIN DATOS,0,0,Morelia,Centro,abril,miércoles,0,-101.194387078285,19.6999001311652
13914,13914,2018,"180401962",2018/04/18,"03:50:00",COLISIÓN CONTRA OBJETO FIJO,ASFALTO,Bueno,Regular,1,VOLKWAGEN,NEGRO,0,MINISTERIO PÚBLICO,,,,0,0,Morelia,Las Americas,abril,miércoles,4,-101.154473125935,19.6873720127562