fid,id_accidente,anio_origen,folio_c5i,dia_incidente,hora_ocurrencia,tipo_incidente_vial,superficie_ocurrencia,condiciones_climaticas,condiciones_via,numero_vehiculos_involucrados,marca_vehiculo_ocasiona_siniestro,color_vehiculo_ocasiona_siniestro,numero_personas_involucradas,lugar_remite_presunto_responsable,edad_presunto_responsable,sexo_presunto_responsable,resultados_toxicologia,numero_personas_lesionadas,numero_personas_fallecidas,municipio,colonia,mes,dia_semana,hora_redondeada,lon,lat
13915,13915,2018,,2018/04/18,"05:45:00",COLISIÓN POR ALCANCE,ADOQUIN_EMPEDRADO,Bueno,Bueno,2,NISSAN,BLANCO,2,,30,MASCULINO,SIN DATOS,0,0,Morelia,Americas Britania,abril,miércoles,6,-101.14596247673,19.6904454193981
13916,13916,2018,"180398192",2018/04/18,"08:05:00",COLISIÓN POR CORTE DE CIRCULACIÓN,CONCRETO,Bueno,Bueno,2,SIN DATOS,VINO,0,MINISTERIO PÚBLICO,,,,0,0,Morelia,Ejidal Tres Puentes,abril,miércoles,8,-101.234322488308,19.6924505518318
13917,13917,2018,"180398385",2018/04/18,"08:30:00",CAIDA ACUATICA DE VEHÍCULO,TERRACERIA,Bueno,Bueno,1,VOLKWAGEN,BLANCO,0,,,,,0,0,Morelia,Tenencia Morelos,abril,miércoles,9,-101.247403621674,19.6492967831577
13918,13918,2018,"180398382",2018/04/18,"08:50:00",COLISIÓN POR CAMBIO DE CARRIL,ASFALTO,Bueno,Bueno,2,KENWORTH,BLANCO,2,,53,MASCULINO,SIN DATOS,0,0,Morelia,Enrique Ramirez,abril,miércoles,9,-101.165252923965,19.7093189333162
13919,13919,2018,"180398350",2018/04/18,"09:25:00",COLISIÓN POR ALCANCE,ASFALTO,Bueno,Bueno,2,FORD,NEGRO,2,,0,MASCULINO,SIN DATOS,0,0,Morelia,Agustin Arriaga Rivera,abril,miércoles,9,-101.224320530891,19.6912686883983
13920,13920,2018,,2018/04/18,"09:40:00",COLISIÓN POR ALCANCE,ASFALTO,Bueno,Bueno,3,JEEP,BLANCO,3,,38,MASCULINO,SIN DATOS,0,0,Morelia,Lomas de Morelia (Dr Ignacio Chavez),abril,miércoles,10,-101.175338029861,19.7174545137991
13921,13921,2018,,2018/04/18,11:00:00,VOLCADURA,ASFALTO,Bueno,Bueno,1,TOYOTA,GUINDA,1,,18,MASCULINO,SIN DATOS,0,0,Huandacareo,Sin datos,abril,miércoles,11,-101.251652240753,19.9762931446565
13922,13922,2018,"180318336",2018/04/18,11:15:00,COLISIÓN CON PEATÓN,SIN_DATOS,Bueno,Bueno,2,VOLKWAGEN,AZUL,2,,32,MASCULINO,SIN DATOS,0,0,Morelia,Las Americas,abril,miércoles,11,-101.154121756554,19.6911878769047
13923,13923,2018,"180399248",2018/04/18,13:00:00,COLISIÓN CONTRA OBJETO FIJO,ASFALTO,Bueno,Bueno,2,FREIGHTLINER,BEIGE,2,,50,MASCULINO,SIN DATOS,0,0,Morelia,Balcones de Santa Maria,abril,miércoles,13,-101.18803024292,19.6762926120245
13925,13925,2018,"180399669",2018/04/18,13:50:00,COLISIÓN POR MANIOBRA DE REVERSA,ASFALTO,Bueno,Bueno,2,FORD,BLANCO,2,,21,MASCULINO,SIN DATOS,0,0,Morelia,Las Americas,abril,miércoles,14,-101.156052947044,19.6896423492394
13926,13926,2018,"180399588",2018/04/18,13:55:00,COLISIÓN POR CORTE DE CIRCULACIÓN,ASFALTO,Bueno,Bueno,2,ITALIKA,NEGRO/NARANJA,2,,24,MASCULINO,SIN DATOS,0,0,Morelia,Sin datos,abril,miércoles,14,-101.31591796875,19.6878493164245
13927,13927,2018,,2018/04/18,14:20:00,SALIDA DE SUPERFICIE DE RODAMIENTO,ASFALTO,Bueno,Bueno,1,ITALIKA,AZUL,1,,26,MASCULINO,SIN DATOS,0,0,Apatzingán,Sin datos,abril,miércoles,14,-102.377772331238,19.0899411371416
13928,13928,2018,,2018/04/18,14:23:00,COLISIÓN POR CORTE DE CIRCULACIÓN,ADOQUIN_EMPEDRADO,Bueno,Bueno,2,NISSAN,BLANCO VERDE Y AZUL,2,,19,MASCULINO,SIN DATOS,0,0,Pátzcuaro,Centro,abril,miércoles,14,-101.611234545708,19.5158676095122
13929,13929,2018,"180399885",2018/04/18,14:58:00,COLISIÓN POR CORTE DE CIRCULACIÓN,ASFALTO,Bueno,Bueno,2,CHEVROLET,VERDE,2,,24,FEMENINO,SIN DATOS,0,0,Morelia,Cuauhtemoc,abril,miércoles,15,-101.178792715073,19.696304174126
13930,13930,2018,"180400098",2018/04/18,15:36:00,COLISIÓN POR ALCANCE,ASFALTO,Bueno,Regular,2,VOLKSWAGEN,NEGRO,2,,0,MASCULINO,SIN DATOS,0,0,Morelia,Nueva Valladolid,abril,miércoles,16,-101.211644411087,19.7008647631986
13931,13931,2018,,2018/04/18,15:40:00,COLISIÓN POR CORTE DE CIRCULACIÓN,CONCRETO,Bueno,Bueno,2,ITALIKA,NEGRO,1,MINISTERIO PÚBLICO,,,,1,0,Morelia,Jardines de Santiaguito,abril,miércoles,16,-101.209128499031,19.7187573802252
13932,13932,2018,,2018/04/18,15:50:00,COLISIÓN POR CORTE DE CIRCULACIÓN,ASFALTO,Bueno,Regular,2,CHEVROLET,ROJO,2,,0,MASCULINO,SIN DATOS,0,0,Morelia,Nueva Valladolid,abril,miércoles,16,-101.211660504341,19.7008597127843
13933,13933,2018,"180400138",2018/04/18,15:55:00,COLISIÓN CONTRA OBJETO FIJO,CONCRETO,Bueno,Bueno,1,ITALIKA,ROJO NEGRO,0,,,,,0,0,Morelia,Agustin Arriaga Rivera,abril,miércoles,16,-101.224497556686,19.691182826185
13934,13934,2018,"180400800",2018/04/18,18:55:00,COLISIÓN POR ALCANCE,ASFALTO,Bueno,Bueno,2,VOLKSWAGEN,BLANCO ROJO,2,,47,MASCULINO,SIN DATOS,0,0,Morelia,Poblado de Ocolusen,abril,miércoles,19,-101.15021109581,19.6915818325508
13935,13935,2018,"180401390",2018/04/18,21:45:00,COLISIÓN CONTRA OBJETO FIJO,ASFALTO,Bueno,Bueno,2,VOLKSWAGEN,NEGRO,2,,21,MASCULINO,SIN DATOS,0,0,Morelia,Lomas de Guayangareo,abril,miércoles,22,-101.161138415337,19.7014102070103
13936,13936,2018,"180401803",2018/04/18,22:15:00,COLISIÓN POR ALCANCE,CONCRETO,Bueno,Bueno,2,SEAT,NEGRO,2,,37,MASCULINO,SIN DATOS,0,0,Morelia,Ferrocarrilero,abril,miércoles,22,-101.216016411781,19.6989405437919
13937,13937,2018,,2018/04/19,"00:00:00",COLISIÓN POR ALCANCE,CONCRETO,Bueno,Bueno,2,NISSAN,ROJO,2,,28,MASCULINO,SIN DATOS,0,0,Morelia,Centro,abril,jueves,0,-101.183990836143,19.700738502792
13938,13938,2018,,2018/04/19,"00:25:00",COLISIÓN CON PEATÓN,ASFALTO,Bueno,Bueno,2,FORD,BLANCO/ROJO,2,MINISTERIO PÚBLICO,0,MASCULINO,SIN DATOS,0,0,Morelia,Ventura Puente,abril,jueves,0,-101.193225725,19.6917077449992
13939,13939,2018,"180405840",2018/04/19,"00:35:00",COLISIÓN CON PEATÓN,CONCRETO,Bueno,Bueno,1,NISSAN,BLANCO/ROJO,0,,,,,0,0,Morelia,Ejidal Tres Puentes,abril,jueves,1,-101.225913763046,19.6929354163574
13940,13940,2018,"180402143",2018/04/19,"07:00:00",COLISIÓN POR CAMBIO DE CARRIL,ASFALTO,Bueno,Bueno,2,KENWORTH,ROJO,2,,27,MASCULINO,SIN DATOS,0,0,Morelia,Sin datos,abril,jueves,7,-101.246373653412,19.6801466231559
13941,13941,2018,"180407883",2018/04/19,"07:40:00",VOLCADURA,ASFALTO,Bueno,Bueno,1,NISSAN,ROJO,1,MINISTERIO PÚBLICO,,,,0,1,Morelia,La Colina,abril,jueves,8,-101.216064691544,19.7039101340229
13942,13942,2018,"180402185",2018/04/19,"07:40:00",COLISIÓN POR NO RESPETAR SEMÁFORO,ASFALTO,Bueno,Bueno,2,TOYOTA,BLANCO,2,MINISTERIO PÚBLICO,22,MASCULINO,SIN DATOS,0,0,Morelia,Libertad,abril,jueves,8,-101.238058805466,19.68755636831
13943,13943,2018,"180160704",2018/04/19,10:00:00,COLISIÓN POR CAMBIO DE CARRIL,ASFALTO,Bueno,Bueno,2,NISSAN,BLANCO GRIS,2,,32,MASCULINO,SIN DATOS,0,0,Morelia,Americas Britania,abril,jueves,10,-101.150125265121,19.6916272889091
13944,13944,2018,"180402565",2018/04/19,10:05:00,SUBIDA AL CAMELLÓN,ASFALTO,Bueno,Bueno,1,ZUZUKI,NEGRO,1,,42,FEMENINO,SIN DATOS,0,0,Morelia,Prados Verdes,abril,jueves,10,-101.197208762169,19.7167222780075
13945,13945,2018,"180402590",2018/04/19,10:31:00,COLISIÓN POR ALCANCE,ASFALTO,Bueno,Bueno,2,NISSAN,BLANCO,2,MINISTERIO PÚBLICO,33,MASCULINO,SIN DATOS,0,0,Morelia,Felix Ireta,abril,jueves,11,-101.182313114405,19.6813184666126
13946,13946,2018,"180402778",2018/04/19,10:50:00,COLISIÓN POR ALCANCE,ASFALTO,Bueno,Bueno,2,CHEVROLET,ARENA,2,,32,FEMENINO,SIN DATOS,0,0,Morelia,Morelia 450,abril,jueves,11,-101.217126846313,19.6756662633191
13947,13947,2018,"180340282",2018/04/19,12:39:00,COLISIÓN POR INVASIÓN DE CARRIL,ASFALTO,Bueno,Bueno,2,VOLKSWAGEN,ROJO,2,,0,MASCULINO,SIN DATOS,0,0,Morelia,Sentimientos de La Nacion,abril,jueves,13,-101.234357357025,19.6789192089646
13948,13948,2018,"180403314",2018/04/19,13:10:00,COLISIÓN POR CORTE DE CIRCULACIÓN,ASFALTO,Bueno,Bueno,2,CHEVROLET,NEGRO,2,,25,MASCULINO,SIN DATOS,0,0,Morelia,Nueva Chapultepec,abril,jueves,13,-101.170241832733,19.6856420907136
13949,13949,2018,"180402860",2018/04/19,13:35:00,COLISIÓN POR ALCANCE,ASFALTO,Bueno,Bueno,2,NISSAN,BLANCO,2,,0,MASCULINO,SIN DATOS,0,0,Charo,Sin datos,abril,jueves,14,-101.079754829407,19.6868189448216
13950,13950,2018,"180402554",2018/04/19,14:20:00,COLISIÓN POR ALCANCE,ASFALTO,Bueno,Bueno,2,CHRYSLER,GRIS,2,,,FEMENINO,SIN DATOS,0,0,Morelia,Barrio Alto,abril,jueves,14,-101.196870803833,19.7246554953734
13951,13951,2018,,2018/04/19,14:29:00,COLISIÓN POR ALCANCE,ASFALTO,Bueno,Bueno,3,TOYOTA,GRIS,3,,25,MASCULINO,SIN DATOS,0,0,Morelia,Chapultepec Norte,abril,jueves,14,-101.172494888306,19.6940819130916
13952,13952,2018,"180303862",2018/04/19,15:04:00,COLISIÓN POR ALCANCE,ASFALTO,Bueno,Bueno,2,CHEVROLET,ROJO,2,,22,MASCULINO,SIN DATOS,0,0,Morelia,Ferrocarrilero,abril,jueves,15,-101.212770938873,19.7018899940113
13953,13953,2018,"180403931",2018/04/19,16:00:00,COLISIÓN POR CORTE DE CIRCULACIÓN,ASFALTO,Bueno,Bueno,2,NISSAN,GRIS,2,,20,MASCULINO,SIN DATOS,0,0,Morelia,Chapultepec Sur,abril,jueves,16,-101.173723340034,19.6907232100248
13954,13954,2018,"180403844",2018/04/19,16:00:00,COLISIÓN POR CORTE DE CIRCULACIÓN,CONCRETO,Bueno,Bueno,3,MERCEDEZ BENZ,PLATA,3,,52,MASCULINO,SIN DATOS,0,0,Morelia,Felix Ireta,abril,jueves,16,-101.18822067976,19.6874048432128
13955,13955,2018,"180403811",2018/04/19,16:10:00,COLISIÓN CON PEATÓN,ASFALTO,Bueno,Bueno,1,VENTO,NEGRO,1,,23,MASCULINO,SIN DATOS,0,0,Morelia,Ventura Puente,abril,jueves,16,-101.179758310318,19.6908494783321
13956,13956,2018,"180404193",2018/04/19,16:30:00,COLISIÓN POR CORTE DE CIRCULACIÓN,ASFALTO,Bueno,Bueno,2,BMW,NARANJA,2,,63,MASCULINO,SIN DATOS,0,0,Morelia,Centro,abril,jueves,17,-101.187440156937,19.7038242785914
13957,13957,2018,"180408477",2018/04/19,18:30:00,COLISIÓN POR CORTE DE CIRCULACIÓN,CONCRETO,Bueno,Bueno,2,CRYSLER,BLANCO,2,,43,MASCULINO,SIN DATOS,0,0,Morelia,Santa Maria,abril,jueves,19,-101.200523972511,19.6778837287742
13959,13959,2018,"180404703",2018/04/19,19:05:00,COLISIÓN POR CAMBIO DE CARRIL,ASFALTO,Bueno,Bueno,2,PETERBILT,BLANCO,2,,27,MASCULINO,SIN DATOS,0,0,Morelia,San Jose Itzicuaro,abril,jueves,19,-101.312699317932,19.6876068766438
13960,13960,2018,"180404779",2018/04/19,19:35:00,COLISIÓN POR ALCANCE,ASFALTO,Bueno,Bueno,2,TOYOTA,GRIS,2,,34,MASCULINO,SIN DATOS,0,0,Morelia,Centro,abril,jueves,20,-101.196259260178,19.6978988799326
13961,13961,2018,,2018/04/19,21:00:00,COLISIÓN POR CAMBIO DE CARRIL,ASFALTO,Bueno,Bueno,3,CHEVROLET CAMARO,VERDE,7,MINISTERIO PÚBLICO,19,MASCULINO,SIN DATOS,4,0,Ario,Las Planillas,abril,jueves,21,-101.687114238739,19.2119066337848
13962,13962,2018,"180405338",2018/04/19,21:39:00,COLISIÓN CON PEATÓN,ASFALTO,Bueno,Bueno,1,VOLKWAGEN,GRIS,0,,,,,0,0,Morelia,Consuelo Alfaro de Vazquez,abril,jueves,22,-101.141459047794,19.7259936504503
13963,13963,2018,"180406037",2018/04/20,"06:00:00",SUBIDA AL CAMELLÓN,ASFALTO,Bueno,Bueno,1,NISSAN,NEGRO,0,,,,,0,0,Morelia,Cuauhtemoc,abril,viernes,6,-101.179090440273,19.6947839488886
13964,13964,2018,"180406071",2018/04/20,"06:45:00",COLISIÓN POR CORTE DE CIRCULACIÓN,ASFALTO,Bueno,Bueno,2,CHEVROLET,NARANJA,2,,22,MASCULINO,SIN DATOS,0,0,Morelia,Cuauhtemoc,abril,viernes,7,-101.182950139046,19.6943748492661
13965,13965,2018,"180406216",2018/04/20,"08:00:00",SALIDA DE SUPERFICIE DE RODAMIENTO,ASFALTO,Bueno,Bueno,1,VOLKSWAGEN,NEGRO,1,,,,SIN DATOS,0,0,Morelia,Tierra Y Libertad,abril,viernes,8,-101.230398416519,19.7156668425864
13966,13966,2018,"1800466187",2018/04/20,"08:10:00",COLISIÓN POR ALCANCE,ASFALTO,Bueno,Bueno,2,SEAT,NEGRO,2,,39,MASCULINO,SIN DATOS,0,0,Morelia,Infonavit  Las  Camelinas,abril,viernes,8,-101.174259781837,19.6819447932206
13967,13967,2018,"180406304",2018/04/20,"09:10:00",COLISIÓN POR INVASIÓN DE CARRIL,ASFALTO,Bueno,Regular,2,DODGE,NEGRO,2,MINISTERIO PÚBLICO,32,FEMENINO,SIN DATOS,0,0,Morelia,Felix Ireta,abril,viernes,9,-101.195658445358,19.6816366812437
13968,13968,2018,"180406329",2018/04/20,"09:20:00",COLISIÓN POR ALCANCE,ASFALTO,Bueno,Bueno,3,VOLKSWAGEN,BLANCO,3,,57,MASCULINO,SIN DATOS,0,0,Morelia,Bosques de Oriente,abril,viernes,9,-101.155350208282,19.7161718364801
13969,13969,2018,"180406420",2018/04/20,10:00:00,VOLCADURA,ASFALTO,Bueno,Bueno,1,MITSUBISHI,GRIS,1,,30,MASCULINO,SIN DATOS,0,0,Morelia,Sin datos,abril,viernes,10,-101.114816665649,19.7372589569432
13970,13970,2018,,2018/04/20,10:15:00,COLISIÓN POR CORTE DE CIRCULACIÓN,ASFALTO,Bueno,Bueno,2,ITALIKA,NEGRO,0,,,,,0,0,Morelia,Centro,abril,viernes,10,-101.193142533302,19.6961198286456
13971,13971,2018,,2018/04/20,11:00:00,COLISIÓN POR CAMBIO DE CARRIL,ADOQUIN_EMPEDRADO,Bueno,Bueno,2,NISSAN,GRIS,2,,35,FEMENINO,SIN DATOS,0,0,Pátzcuaro,Centro,abril,viernes,11,-101.611218452454,19.515872665739
13972,13972,2018,"180406918",2018/04/20,11:45:00,COLISIÓN POR CORTE DE CIRCULACIÓN,ASFALTO,Bueno,Bueno,2,ISUZU,BLANCO Y ROJO,2,,32,MASCULINO,SIN DATOS,0,0,Morelia,Libertad,abril,viernes,12,-101.235242486,19.6856269380292
13973,13973,2018,"180406981",2018/04/20,12:20:00,COLISIÓN POR CORTE DE CIRCULACIÓN,CONCRETO,Bueno,Bueno,2,YAMAHA,AZUL,2,,22,MASCULINO,SIN DATOS,0,0,Morelia,Juarez,abril,viernes,12,-101.197388470173,19.6976627685153
13974,13974,2018,"180407114",2018/04/20,13:10:00,COLISIÓN CONTRA OBJETO FIJO,ASFALTO,Bueno,Bueno,1,CHEVROLET,NEGRO,1,,53,MASCULINO,SIN DATOS,0,0,Morelia,Centro,abril,viernes,13,-101.193341016769,19.7030313762523
13975,13975,2018,"180407104",2018/04/20,13:15:00,COLISIÓN POR CORTE DE CIRCULACIÓN,ASFALTO,Bueno,Regular,2,NISSAN,BLANCO/CAFE,2,,42,MASCULINO,SIN DATOS,0,0,Morelia,Felicitas del Rio,abril,viernes,13,-101.198470070958,19.6918110082258
13976,13976,2018,"180407959",2018/04/20,14:40:00,COLISIÓN POR CORTE DE CIRCULACIÓN,ASFALTO,Bueno,Bueno,2,MERCEDEZ BENZ,BLANCO,2,,23,MASCULINO,SIN DATOS,0,0,Morelia,La Luz,abril,viernes,15,-101.288559436798,19.6884352110458
13977,13977,2018,"180407547",2018/04/20,14:40:00,COLISIÓN POR ALCANCE,ASFALTO,Bueno,Bueno,2,GMC,BLANCO/VERDE,2,,39,MASCULINO,SIN DATOS,0,0,Morelia,Centro,abril,viernes,15,-101.177910268307,19.7048595910168
13978,13978,2018,"180408433",2018/04/20,16:40:00,COLISIÓN POR ALCANCE,ASFALTO,Bueno,Bueno,2,FORD,ROJO,2,,26,MASCULINO,SIN DATOS,0,0,Morelia,Vasco de Quiroga,abril,viernes,17,-101.168299913406,19.6967890269787
13979,13979,2018,"180408361",2018/04/20,17:05:00,COLISIÓN POR CAMBIO DE CARRIL,ASFALTO,Bueno,Regular,2,NISSAN,BLANCO,2,,37,MASCULINO,SIN DATOS,0,0,Morelia,Montaña Monarca,abril,viernes,17,-101.164877414703,19.6658262058945
13980,13980,2018,"180408405",2018/04/20,17:50:00,COLISIÓN POR ALCANCE,ASFALTO,Bueno,Bueno,4,CHEVROLET,BLANCO/ROSA,4,,42,MASCULINO,SIN DATOS,0,0,Morelia,Chapultepec Sur,abril,viernes,18,-101.172151565552,19.6906171445696
13981,13981,2018,"1870408491",2018/04/20,18:30:00,COLISIÓN POR CORTE DE CIRCULACIÓN,ASFALTO,Bueno,Bueno,3,GMC,BLANCO/ROJO,3,,42,MASCULINO,CON CERTIFICADO,0,0,Morelia,Isaac Arriaga,abril,viernes,19,-101.174340248108,19.7065665793119
13982,13982,2018,"180409054",2018/04/20,20:00:00,COLISIÓN POR CORTE DE CIRCULACIÓN,ASFALTO,Bueno,Bueno,2,AUDI,AZUL,2,,,MASCULINO,SIN DATOS,0,0,Morelia,Chapultepec Norte,abril,viernes,20,-101.17248415947,19.6940718118347
13983,13983,2018,,2018/04/20,20:30:00,COLISIÓN POR CORTE DE CIRCULACIÓN,ASFALTO,Lluvioso,Bueno,2,INTERNATIONAL,BLANCO,2,,48,MASCULINO,SIN DATOS,0,0,Pátzcuaro,Centro,abril,viernes,21,-101.617714762688,19.5162670509439
13984,13984,2018,"180409446",2018/04/20,21:25:00,COLISIÓN POR ALCANCE,ASFALTO,Bueno,Bueno,3,CHEVROLET,BLANCO,3,,20,MASCULINO,SIN DATOS,0,0,Morelia,Felix Ireta,abril,viernes,21,-101.185857653618,19.6811341038784
13985,13985,2018,"180409498",2018/04/20,21:30:00,COLISIÓN POR ALCANCE,ASFALTO,Bueno,Bueno,2,CHEVROLET,AZUL,2,,18,FEMENINO,SIN DATOS,0,0,Morelia,Villa Universidad,abril,viernes,22,-101.19992852211,19.6850965931723
13986,13986,2018,,2018/04/20,21:40:00,COLISIÓN POR CAMBIO DE CARRIL,ASFALTO,Bueno,Bueno,2,DODGE,ROJO,2,,,MASCULINO,SIN DATOS,0,0,Morelia,Enrique Arreguin Robles,abril,viernes,22,-101.188137531281,19.7215044746336
13987,13987,2018,"180409530",2018/04/20,21:40:00,COLISIÓN POR INVASIÓN DE CARRIL,ASFALTO,Bueno,Bueno,2,KENWORTH,ROJO,2,,33,MASCULINO,SIN DATOS,0,0,Morelia,Libertad,abril,viernes,22,-101.236900091171,19.6848541492242
13988,13988,2018,"180409861",2018/04/20,23:50:00,COLISIÓN POR CORTE DE CIRCULACIÓN,ASFALTO,Bueno,Regular,1,CHEVROLET,ROJO,1,,,,SIN DATOS,0,0,Morelia,Irrigacion,abril,viernes,0,-101.223027706146,19.7052838146608
13989,13989,2018,"180409983",2018/04/21,"02:00:00",COLISIÓN POR CAMBIO DE CARRIL,ASFALTO,Bueno,Bueno,2,CHEVROLET,BLANCO/ROJO,2,,43,MASCULINO,SIN DATOS,0,0,Morelia,Centro,abril,sábado,2,-101.191565394402,19.7029808727855
13990,13990,2018,"180410043",2018/04/21,"03:00:00",COLISIÓN POR NO RESPETAR SEMÁFORO,ASFALTO,Bueno,Bueno,2,MAZDA,BLANCO,2,,31,FEMENINO,SIN DATOS,0,0,Morelia,Centro,abril,sábado,3,-101.178181171417,19.6990920579702
13991,13991,2018,"180410063",2018/04/21,"04:00:00",COLISIÓN CONTRA OBJETO FIJO,ASFALTO,Bueno,Regular,2,VOLKSWAGEN,BLANCO,2,,32,MASCULINO,CON CERTIFICADO,0,0,Morelia,Infonavit  Las  Camelinas,abril,sábado,4,-101.174329519272,19.6819397422094
13992,13992,2018,"180410304",2018/04/21,"08:30:00",COLISIÓN POR CORTE DE CIRCULACIÓN,ASFALTO,Bueno,Bueno,2,MAZDA,SIN DATOS,1,,21,MASCULINO,SIN DATOS,0,0,Morelia,Pascual Ortiz de Ayala,abril,sábado,9,-101.149492263794,19.6948597079632
13993,13993,2018,"180410360",2018/04/21,"08:45:00",SALIDA DE SUPERFICIE DE RODAMIENTO,CONCRETO,Bueno,Bueno,1,SEAT,PLATA,1,,31,MASCULINO,SIN DATOS,0,0,Morelia,Montaña Monarca,abril,sábado,9,-101.165821552277,19.6736457669369
13994,13994,2018,"180410456",2018/04/21,"09:57:00",COLISIÓN CONTRA OBJETO FIJO,CONCRETO,Bueno,Bueno,1,RENAULT,BLANCO,1,,41,MASCULINO,SIN DATOS,0,0,Morelia,Peña Blanca,abril,sábado,10,-101.195384860039,19.6684681286829
13995,13995,2018,"180410800",2018/04/21,11:00:00,COLISIÓN POR CORTE DE CIRCULACIÓN,ASFALTO,Bueno,Bueno,2,NISSAN,BLANCO,2,,26,MASCULINO,SIN DATOS,0,0,Morelia,Felix Ireta,abril,sábado,11,-101.180552244186,19.6870462332451
13996,13996,2018,"180411021",2018/04/21,12:09:00,COLISIÓN POR CAMBIO DE CARRIL,CONCRETO,Bueno,Bueno,2,CHEVROLET,CHAMPAGNE,2,,50,FEMENINO,SIN DATOS,0,0,Morelia,Central de Abastos,abril,sábado,12,-101.169447898865,19.7159799389884
13997,13997,2018,"180410952",2018/04/21,12:20:00,COLISIÓN POR CORTE DE CIRCULACIÓN,ASFALTO,Bueno,Bueno,2,HONDA,GRIS,2,,35,FEMENINO,SIN DATOS,0,0,Morelia,Chapultepec Sur,abril,sábado,12,-101.177934408188,19.690788869557
13998,13998,2018,"180411553",2018/04/21,13:12:00,COLISIÓN POR ALCANCE,ASFALTO,Bueno,Bueno,2,FORD,BLANCO,2,,,MASCULINO,SIN DATOS,0,0,Morelia,Canteras de Morelia,abril,sábado,13,-101.171625852585,19.7150204480749
13999,13999,2018,"180411412",2018/04/21,13:25:00,COLISIÓN POR CAMBIO DE CARRIL,ASFALTO,Bueno,Bueno,2,CHEVROLET,ROJO,2,,31,MASCULINO,SIN DATOS,0,0,Morelia,Rafael Carrillo,abril,sábado,13,-101.23633146286,19.7078089321211
14000,14000,2018,,2018/04/21,14:00:00,COLISIÓN POR CAMBIO DE CARRIL,ASFALTO,Bueno,Bueno,2,ITALIKA,ROJO,2,MINISTERIO PÚBLICO,18,MASCULINO,SIN DATOS,0,0,Hidalgo,Sin datos,abril,sábado,14,-100.680921077728,19.6852026622842
14001,14001,2018,,2018/04/21,14:20:00,COLISIÓN POR MANIOBRA DE REVERSA,ASFALTO,Bueno,Bueno,2,CHEVROLET,ARENA,2,,48,MASCULINO,SIN DATOS,0,0,Tarímbaro,Sin datos,abril,sábado,14,-101.136016845703,19.7758306763098
14002,14002,2018,"180411434",2018/04/21,14:20:00,COLISIÓN POR ALCANCE,ASFALTO,Bueno,Bueno,2,MERCEDEZ BENZ,AMARILLO,2,,43,MASCULINO,SIN DATOS,0,0,Morelia,Centro,abril,sábado,14,-101.191538572311,19.7047712109493
14003,14003,2018,,2018/04/21,15:00:00,COLISIÓN POR ALCANCE,ASFALTO,Bueno,Bueno,2,VOLKSWAGEN,AZUL,2,,36,MASCULINO,SIN DATOS,0,0,Morelia,Hermanos Lopez Rayon,abril,sábado,15,-101.220259666443,19.6754137026646
14004,14004,2018,"180411941",2018/04/21,16:05:00,COLISIÓN CON PEATÓN,ASFALTO,Bueno,Bueno,1,HONDA,ROJO,2,MINISTERIO PÚBLICO,21,MASCULINO,SIN DATOS,1,0,Morelia,Las Americas,abril,sábado,16,-101.153644323349,19.687526063302
14005,14005,2018,"180412264",2018/04/21,16:15:00,COLISIÓN POR CORTE DE CIRCULACIÓN,ASFALTO,Bueno,Bueno,2,NISSAN,CAFE,2,,,FEMENINO,SIN DATOS,0,0,Morelia,Felix Ireta,abril,sábado,16,-101.191956996918,19.6892433380401
14006,14006,2018,,2018/04/21,17:00:00,COLISIÓN POR ALCANCE,ASFALTO,Bueno,Bueno,2,NISSAN,VERDE,2,,31,MASCULINO,SIN DATOS,0,0,Cuitzeo,El Embarcadero,abril,sábado,17,-101.135770082474,19.9583639725744
14007,14007,2018,"180412465",2018/04/21,17:30:00,COLISIÓN POR ALCANCE,ASFALTO,Bueno,Bueno,2,ITALIKA,NEGRO,2,,20,MASCULINO,SIN DATOS,0,0,Morelia,El Realito,abril,sábado,18,-101.202653646469,19.7255947299205
14008,14008,2018,,2018/04/21,17:40:00,VOLCADURA,ASFALTO,Bueno,Regular,1,FORD,PLATA,1,MINISTERIO PÚBLICO,,,SIN DATOS,0,0,Contepec,Sin datos,abril,sábado,18,-100.209732055664,19.9582631278224
14009,14009,2018,"14811",2018/04/21,17:40:00,VOLCADURA,ASFALTO,Bueno,Regular,1,FORD,PLATA,1,MINISTERIO PÚBLICO,0,,SIN DATOS,0,0,Contepec,Contepec,abril,sábado,18,-100.163279,19.953263
14010,14010,2018,"180412557",2018/04/21,19:00:00,COLISIÓN POR CORTE DE CIRCULACIÓN,ASFALTO,Bueno,Bueno,1,HONDA,ROJO,1,,,FEMENINO,SIN DATOS,0,0,Charo,Sin datos,abril,sábado,19,-101.079840660095,19.6870007755862
14011,14011,2018,,2018/04/21,19:00:00,COLISIÓN POR CORTE DE CIRCULACIÓN,ASFALTO,Bueno,Bueno,2,NISSAN,BLANCO/ROJO,2,,44,MASCULINO,SIN DATOS,0,0,Morelia,Centro,abril,sábado,19,-101.196044683456,19.7030818797032