fid,id_accidente,anio_origen,folio_c5i,dia_incidente,hora_ocurrencia,tipo_incidente_vial,superficie_ocurrencia,condiciones_climaticas,condiciones_via,numero_vehiculos_involucrados,marca_vehiculo_ocasiona_siniestro,color_vehiculo_ocasiona_siniestro,numero_personas_involucradas,lugar_remite_presunto_responsable,edad_presunto_responsable,sexo_presunto_responsable,resultados_toxicologia,numero_personas_lesionadas,numero_personas_fallecidas,municipio,colonia,mes,dia_semana,hora_redondeada,lon,lat
14012,14012,2018,,2018/04/21,21:15:00,COLISIÓN POR ALCANCE,ASFALTO,Bueno,Bueno,3,TOYOTA,GRIS,3,,67,MASCULINO,SIN DATOS,0,0,Los Reyes,Carlos Galvez Betancourt,abril,sábado,21,-102.458839416504,19.5741048407722
14013,14013,2018,,2018/04/21,21:25:00,COLISIÓN POR CORTE DE CIRCULACIÓN,CONCRETO,Bueno,Bueno,1,DODGE,GRIS,1,,23,MASCULINO,SIN DATOS,0,0,Morelia,Arboledas de Valladolid,abril,sábado,21,-101.249538660049,19.6945566714496
14014,14014,2018,"180401347",2018/04/21,22:10:00,COLISIÓN CON PEATÓN,ASFALTO,Bueno,Bueno,1,NISSAN,BLANCO,2,MINISTERIO PÚBLICO,,,SIN DATOS,1,0,Morelia,Campos Eliseos,abril,sábado,22,-101.242446899414,19.7006576960795
14015,14015,2018,"180413858",2018/04/21,22:30:00,COLISIÓN POR ALCANCE,ASFALTO,Bueno,Bueno,2,FORD,NEGRO,2,,,MASCULINO,CON CERTIFICADO,0,0,Morelia,Los Manantiales de Morelia,abril,sábado,23,-101.243262290955,19.7003142670961
14016,14016,2018,,2018/04/21,23:30:00,SALIDA DE SUPERFICIE DE RODAMIENTO,ASFALTO,Bueno,Bueno,1,FORD,BLANCO,1,,55,MASCULINO,SIN DATOS,0,0,Pátzcuaro,Vuelta de Los Reyes,abril,sábado,0,-101.604523658752,19.5082881477269
14018,14018,2018,"180413828",2018/04/22,"00:27:00",COLISIÓN POR NO RESPETAR SEMÁFORO,ASFALTO,Bueno,Bueno,2,VENTO,ROJO,2,,26,MASCULINO,CON CERTIFICADO,0,0,Morelia,Libertad,abril,domingo,0,-101.236932277679,19.6848996074924
14019,14019,2018,"180417952",2018/04/22,"00:50:00",COLISIÓN CONTRA OBJETO FIJO,CONCRETO,Bueno,Bueno,1,SIN DATOS,SIN DATOS,0,,,,,0,0,Morelia,Industrial,abril,domingo,1,-101.193233728409,19.7108693210479
14020,14020,2018,"180413981",2018/04/22,"02:00:00",SUBIDA AL CAMELLÓN,ASFALTO,Bueno,Bueno,1,SEAT,AMARILLO,1,,0,MASCULINO,SIN DATOS,0,0,Morelia,Pascual Ortiz de Ayala,abril,domingo,2,-101.149384975433,19.694879910377
14022,14022,2018,,2018/04/22,"04:20:00",COLISIÓN POR NO RESPETAR SEMÁFORO,ASFALTO,Bueno,Bueno,2,NISSAN,BLANCO,1,,26,MASCULINO,SIN DATOS,0,0,Pátzcuaro,San Nicolas (La Valenciana),abril,domingo,4,-101.615949869156,19.5223091142312
14023,14023,2018,"180414365",2018/04/22,"07:30:00",COLISIÓN POR CAMBIO DE CARRIL,CONCRETO,Bueno,Bueno,2,RENOULT,VERDE,1,,0,FEMENINO,SIN DATOS,0,0,Morelia,Rafael Carrillo,abril,domingo,8,-101.236310005188,19.7077685305556
14024,14024,2018,"180474645",2018/04/22,"09:50:00",CAIDA DE MOTOCICLETA,ASFALTO,Bueno,Bueno,1,ITALIKA,NEGRO ROJO,1,,27,MASCULINO,SIN DATOS,0,0,Morelia,Industrial,abril,domingo,10,-101.197954416275,19.7069099948746
14025,14025,2018,"180415428",2018/04/22,13:30:00,COLISIÓN POR INVASIÓN DE CARRIL,CONCRETO,Bueno,Bueno,2,NISSAN,BLANCO ROSA,2,,48,MASCULINO,SIN DATOS,0,0,Morelia,El Realito,abril,domingo,14,-101.204029619694,19.7268419844686
14026,14026,2018,"180415377",2018/04/22,13:50:00,COLISIÓN POR CORTE DE CIRCULACIÓN,ASFALTO,Bueno,Bueno,3,FORD,AMARILLO,2,MINISTERIO PÚBLICO,20,MASCULINO,SIN DATOS,1,0,Morelia,Felicitas del Rio,abril,domingo,14,-101.195390224457,19.6921071052376
14027,14027,2018,"180415735",2018/04/22,14:15:00,COLISIÓN POR CORTE DE CIRCULACIÓN,CONCRETO,Bueno,Regular,2,ITALIKA,ROJO/NEGRO,2,,28,MASCULINO,SIN DATOS,0,0,Morelia,La Loma,abril,domingo,14,-101.181469559669,19.6806971886063
14028,14028,2018,"180416282",2018/04/22,16:00:00,COLISIÓN POR ALCANCE,ASFALTO,Bueno,Bueno,2,CHEVROLET,GRIS,2,,0,MASCULINO,SIN DATOS,0,0,Morelia,Isaac Arriaga,abril,domingo,16,-101.172419786453,19.7073493637105
14029,14029,2018,,2018/04/22,16:50:00,COLISIÓN POR ALCANCE,ASFALTO,Bueno,Bueno,2,NISSAN,BLANCO,2,,40,MASCULINO,SIN DATOS,0,0,Morelia,Felix Ireta,abril,domingo,17,-101.191774606705,19.6824448425446
14030,14030,2018,"180416837",2018/04/22,18:55:00,CAIDA DE MOTOCICLETA,ASFALTO,Bueno,Bueno,1,YAMAHA,BLANCO ROJO,1,,33,MASCULINO,SIN DATOS,0,0,Charo,Sin datos,abril,domingo,19,-101.079668998718,19.6869603687675
14031,14031,2018,"180416816",2018/04/22,19:00:00,COLISIÓN POR ALCANCE,ASFALTO,Bueno,Bueno,2,CHEVROLET,PLATA,2,,32,MASCULINO,SIN DATOS,0,0,Tzintzuntzan,Sin datos,abril,domingo,19,-101.47084236145,19.6357971650287
14032,14032,2018,"180416963",2018/04/22,19:10:00,CAIDA DE MOTOCICLETA,TERRACERIA,Nublado,Malo,1,HONDA,ROJO,2,MINISTERIO PÚBLICO,0,,SIN DATOS,1,0,Morelia,Agustin Arriaga Rivera,abril,domingo,19,-101.222265958786,19.6879452820696
14033,14033,2018,"180417468",2018/04/22,21:10:00,SUBIDA AL CAMELLÓN,ASFALTO,Bueno,Regular,1,CHEVROLET,ARENA,1,,62,MASCULINO,SIN DATOS,0,0,Morelia,Libertad,abril,domingo,21,-101.238112449646,19.6873846398557
14034,14034,2018,"180417587",2018/04/22,22:15:00,COLISIÓN POR ALCANCE,ASFALTO,Bueno,Bueno,2,NISSAN,BLANCO,2,,,,,2,0,Morelia,Campestre Los Manantiales,abril,domingo,22,-101.238198280334,19.6879099263123
14035,14035,2018,"180417604",2018/04/22,22:15:00,CAIDA DE MOTOCICLETA,ASFALTO,Bueno,Bueno,1,ITALIKA,ROJO,2,MINISTERIO PÚBLICO,27,FEMENINO,SIN DATOS,1,0,Morelia,Chapultepec Sur,abril,domingo,22,-101.172291040421,19.6905060283032
14036,14036,2018,"180416449",2018/04/22,22:45:00,SUBIDA AL CAMELLÓN,ASFALTO,Bueno,Bueno,1,VOLKWAGEN,PLATA,1,,35,FEMENINO,SIN DATOS,0,0,Morelia,Ampliacion La Soledad,abril,domingo,23,-101.183964014053,19.734057691126
14037,14037,2018,"180417780",2018/04/22,23:30:00,COLISIÓN CONTRA OBJETO FIJO,ASFALTO,Bueno,Regular,3,VOLKSWAGEN,AZUL,3,,32,MASCULINO,SIN DATOS,0,0,Morelia,Primavera,abril,domingo,0,-101.146356761456,19.7067736387835
14038,14038,2018,"180418269",2018/04/23,"00:00:00",COLISIÓN POR CORTE DE CIRCULACIÓN,ASFALTO,Bueno,Malo,1,CHEVROLET,GRIS,1,,44,FEMENINO,SIN DATOS,0,0,Morelia,Sin datos,abril,lunes,0,-101.279075145721,19.6766765019564
14040,14040,2018,,2018/04/23,"01:10:00",COLISIÓN POR INVASIÓN DE CARRIL,ASFALTO,Bueno,Bueno,2,FORD,VERDE,2,MINISTERIO PÚBLICO,46,MASCULINO,SIN DATOS,0,0,Tarímbaro,Sin datos,abril,lunes,1,-101.157281398773,19.7685613274013
14041,14041,2018,"180421606",2018/04/23,"02:00:00",COLISIÓN POR INVASIÓN DE CARRIL,ASFALTO,Bueno,Bueno,2,ITALIKA,VERDE,2,MINISTERIO PÚBLICO,0,,SIN DATOS,0,0,Tzitzio,Sin datos,abril,lunes,2,-100.804109573364,19.2813118085115
14042,14042,2018,,2018/04/23,"02:30:00",SALIDA DE SUPERFICIE DE RODAMIENTO,ASFALTO,Bueno,Regular,1,NISSAN,BLANCO,0,,,,,0,0,Pátzcuaro,Centro,abril,lunes,3,-101.610043644905,19.5132029559746
14043,14043,2018,,2018/04/23,"04:46:00",COLISIÓN POR CAMBIO DE CARRIL,ASFALTO,Lluvioso,Bueno,3,CHEVROLET,ARENA,3,,0,MASCULINO,SIN DATOS,0,0,Morelia,Libertad,abril,lunes,5,-101.238090991974,19.687566469978
14044,14044,2018,"1800418111",2018/04/23,"06:00:00",COLISIÓN CONTRA OBJETO FIJO,ASFALTO,Nublado,Regular,1,TOYOTA,VERDE,1,,23,MASCULINO,SIN DATOS,0,0,Morelia,Centro,abril,lunes,6,-101.188899278641,19.7021526136552
14045,14045,2018,,2018/04/23,"06:38:00",COLISIÓN POR NO RESPETAR SEMÁFORO,ASFALTO,Lluvioso,Regular,2,TOYOTA,BLANCO GRIS,2,,30,MASCULINO,SIN DATOS,0,0,Morelia,Nueva Valladolid,abril,lunes,7,-101.209048032761,19.6987385246643
14046,14046,2018,,2018/04/23,"06:40:00",COLISIÓN POR INVASIÓN DE CARRIL,ASFALTO,Lluvioso,Regular,2,FORD,BLANCO,2,,0,MASCULINO,SIN DATOS,0,0,Morelia,Nueva Valladolid,abril,lunes,7,-101.210668087006,19.7020061527531
14047,14047,2018,"1800418211",2018/04/23,"07:20:00",COLISIÓN CONTRA OBJETO FIJO,CONCRETO,Bueno,Bueno,1,FORD,GRIS,1,,,,SIN DATOS,0,0,Morelia,Torreon Nuevo,abril,lunes,7,-101.199992895126,19.7432371742724
14048,14048,2018,"180478786",2018/04/23,"07:48:00",COLISIÓN POR CORTE DE CIRCULACIÓN,ASFALTO,Bueno,Bueno,2,CHEVROLET,BLANCO,2,,34,MASCULINO,SIN DATOS,0,0,Morelia,Santiaguito,abril,lunes,8,-101.188641786575,19.7198683432085
14049,14049,2018,"180418419",2018/04/23,"08:10:00",COLISIÓN POR ALCANCE,ASFALTO,Nublado,Bueno,2,CHEVROLET,APALO AZUL,2,,42,MASCULINO,SIN DATOS,0,0,Morelia,Arcos del Valle,abril,lunes,8,-101.236245632172,19.7076877273938
14050,14050,2018,,2018/04/23,"08:20:00",COLISIÓN POR NO RESPETAR SEMÁFORO,ASFALTO,Bueno,Bueno,2,HONDA,BLANCO,2,,45,FEMENINO,SIN DATOS,0,0,Morelia,Comision Federal de Electricidad,abril,lunes,8,-101.181432008743,19.6814952525968
14051,14051,2018,"180418350",2018/04/23,"08:20:00",COLISIÓN POR ALCANCE,CONCRETO,Bueno,Bueno,5,NISSAN,CAFE,5,MINISTERIO PÚBLICO,35,MASCULINO,SIN DATOS,0,0,Morelia,Felix Ireta,abril,lunes,8,-101.188427209854,19.6817983138301
14052,14052,2018,"180419320",2018/04/23,"08:50:00",COLISIÓN POR CAMBIO DE CARRIL,ASFALTO,Nublado,Bueno,2,SUZUKI,ROJO,2,,48,MASCULINO,SIN DATOS,0,0,Morelia,Tres Puentes,abril,lunes,9,-101.213693618774,19.7026374487884
14053,14053,2018,,2018/04/23,"09:00:00",COLISIÓN POR ALCANCE,ASFALTO,Bueno,Bueno,2,CHEVROLET,BLANCO,2,,0,MASCULINO,SIN DATOS,0,0,Morelia,Felix Ireta,abril,lunes,9,-101.180927753448,19.6850309313059
14054,14054,2018,,2018/04/23,10:20:00,COLISIÓN CON PEATÓN,ASFALTO,Bueno,Regular,2,TRIK,GRIS,2,,43,MASCULINO,SIN DATOS,0,0,Coalcomán de Vázquez Pallares,Centro,abril,lunes,10,-103.159608,18.776821
14055,14055,2018,"180418814",2018/04/23,10:55:00,COLISIÓN POR ALCANCE,ASFALTO,Bueno,Bueno,3,ISUZU,BLANCO,3,,33,MASCULINO,SIN DATOS,0,0,Morelia,Morelos,abril,lunes,11,-101.207095384598,19.701329400637
14056,14056,2018,"180420340",2018/04/23,11:20:00,COLISIÓN POR NO RESPETAR SEMÁFORO,ASFALTO,Bueno,Bueno,2,CHEVROLET,NEGRO,2,MINISTERIO PÚBLICO,29,FEMENINO,SIN DATOS,0,0,Morelia,Cuauhtemoc,abril,lunes,11,-101.179232597351,19.6936576597506
14058,14058,2018,"180419090",2018/04/23,12:30:00,COLISIÓN POR CORTE DE CIRCULACIÓN,CONCRETO,Bueno,Bueno,2,TOYOTA,BLANCO Y GRIS,2,MINISTERIO PÚBLICO,25,MASCULINO,SIN DATOS,0,0,Morelia,Ventura Puente,abril,lunes,13,-101.1880838871,19.6908494783321
14059,14059,2018,"180419182",2018/04/23,12:40:00,COLISIÓN CONTRA OBJETO FIJO,ASFALTO,Bueno,Bueno,2,CHEVROLET,AZUL,1,,29,MASCULINO,SIN DATOS,0,0,Morelia,Arcos del Valle,abril,lunes,13,-101.23627781868,19.7076725767964
14060,14060,2018,"180419164",2018/04/23,12:41:00,COLISIÓN POR CAMBIO DE CARRIL,ASFALTO,Bueno,Bueno,2,TOYOTA,GRIS,2,,61,MASCULINO,SIN DATOS,0,0,Morelia,Jardines de La Loma,abril,lunes,13,-101.224358081818,19.6769189582816
14061,14061,2018,,2018/04/23,13:25:00,COLISIÓN POR CORTE DE CIRCULACIÓN,ASFALTO,Bueno,Bueno,2,NISSAN,ROJO,2,,24,MASCULINO,SIN DATOS,0,0,Morelia,Union,abril,lunes,13,-101.155685484409,19.7074882444134
14063,14063,2018,,2018/04/23,15:24:00,COLISIÓN POR CAMBIO DE CARRIL,CONCRETO,Bueno,Bueno,1,DODGE,ROJO,1,,24,MASCULINO,SIN DATOS,0,0,Morelia,Indeco El Vivero,abril,lunes,15,-101.229754686356,19.6770452374723
14064,14064,2018,,2018/04/23,15:33:00,COLISIÓN POR CORTE DE CIRCULACIÓN,ASFALTO,Bueno,Bueno,2,VOLKSWAGEN,GRIS,2,,29,FEMENINO,SIN DATOS,0,0,Morelia,Prados Verdes,abril,lunes,16,-101.195690631866,19.7141720513128
14065,14065,2018,"180420298",2018/04/23,15:50:00,COLISIÓN POR CORTE DE CIRCULACIÓN,CONCRETO,Bueno,Bueno,2,NISSAN,AZUL,2,,21,MASCULINO,SIN DATOS,0,0,Morelia,Chapultepec Sur,abril,lunes,16,-101.172881126404,19.692041446246
14067,14067,2018,,2018/04/23,16:10:00,COLISIÓN POR CORTE DE CIRCULACIÓN,CONCRETO,Nublado,Regular,2,CRYSLER,"1992",2,,0,FEMENINO,SIN DATOS,0,0,Morelia,Adolfo Lopez Mateos,abril,lunes,16,-101.226970553398,19.6976627685153
14068,14068,2018,,2018/04/23,17:40:00,COLISIÓN CON PEATÓN,ASFALTO,Bueno,Bueno,1,HONDA,BLANCO,2,,24,MASCULINO,SIN DATOS,1,0,Morelia,Centro,abril,lunes,18,-101.177859306335,19.7025970459167
14069,14069,2018,,2018/04/23,17:40:00,COLISIÓN CON PEATÓN,SIN_DATOS,Bueno,Bueno,2,NISSAN,BLANCO,2,,56,MASCULINO,SIN DATOS,0,0,Morelia,Cuauhtemoc,abril,lunes,18,-101.183776259422,19.6945920257391
14070,14070,2018,"180420442",2018/04/23,17:42:00,COLISIÓN POR ALCANCE,CONCRETO,Bueno,Bueno,3,NISSAN,BLANCO,3,,25,MASCULINO,SIN DATOS,0,0,Morelia,Tanganxoan (Guadalupe Victoria),abril,lunes,18,-101.285099387169,19.690283795539
14071,14071,2018,,2018/04/23,18:00:00,COLISIÓN POR ALCANCE,ASFALTO,Bueno,Bueno,2,ITALIKA,NEGRO/ROJO,2,MINISTERIO PÚBLICO,,,SIN DATOS,0,0,Hidalgo,Sin datos,abril,lunes,18,-100.60327,19.628248
14072,14072,2018,,2018/04/23,18:00:00,COLISIÓN CONTRA OBJETO FIJO,CONCRETO,Bueno,Bueno,1,MAZDA,PLATA,1,,34,FEMENINO,SIN DATOS,0,0,Morelia,La Calera,abril,lunes,18,-101.235934495926,19.6695743893456
14073,14073,2018,"14587",2018/04/23,18:00:00,COLISIÓN POR ALCANCE,ASFALTO,Bueno,Bueno,2,ITALIKA,ROJO Y NEGRO,2,MINISTERIO PÚBLICO,0,,SIN DATOS,0,0,Zitácuaro,Centro,abril,lunes,18,-100.358554,19.437405
14074,14074,2018,"180420985",2018/04/23,19:20:00,COLISIÓN CONTRA OBJETO FIJO,ASFALTO,Bueno,Bueno,2,FORD,BLANCO/AZUL,2,,0,MASCULINO,SIN DATOS,0,0,Morelia,Felix Ireta,abril,lunes,19,-101.195733547211,19.6816164771589
14075,14075,2018,"180420007",2018/04/23,20:10:00,COLISIÓN POR INVASIÓN DE CARRIL,CONCRETO,Bueno,Bueno,2,KIA,BLANCO,2,,24,MASCULINO,SIN DATOS,0,0,Morelia,Nueva Chapultepec,abril,lunes,20,-101.170563697815,19.6873038264018
14076,14076,2018,"18042932",2018/04/23,20:50:00,COLISIÓN POR INVASIÓN DE CARRIL,ASFALTO,Bueno,Bueno,2,MAZDA,ROJO,2,,32,FEMENINO,SIN DATOS,0,0,Morelia,Morelos,abril,lunes,21,-101.208597421646,19.6956021449967
14077,14077,2018,,2018/04/23,22:10:00,COLISIÓN POR INVASIÓN DE CARRIL,ASFALTO,Bueno,Bueno,2,VENTO,ROJO/NEGRO,4,MINISTERIO PÚBLICO,,,SIN DATOS,2,0,Sahuayo,La Plasita,abril,lunes,22,-102.716481685638,20.0551048488816
14078,14078,2018,,2018/04/24,"00:35:00",COLISIÓN CONTRA OBJETO FIJO,CONCRETO,Bueno,Bueno,2,NISSAN,AZUL,2,,54,MASCULINO,SIN DATOS,0,0,Morelia,Santiaguito,abril,martes,1,-101.190835833549,19.7157526916608
14079,14079,2018,"180421932",2018/04/24,"05:20:00",VOLCADURA,ASFALTO,Bueno,Bueno,1,NISSAN,ROJO,1,,0,,SIN DATOS,0,0,Morelia,Avicola Benito Juarez,abril,martes,5,-101.279547214508,19.6915868832579
14080,14080,2018,,2018/04/24,"07:10:00",COLISIÓN POR ALCANCE,ASFALTO,Bueno,Bueno,3,FORD,BLANCO/ROJO,3,MINISTERIO PÚBLICO,25,MASCULINO,SIN DATOS,0,0,Morelia,Arboledas(5 de Mayo),abril,martes,7,-101.242361068726,19.6729789975401
14081,14081,2018,"180422213",2018/04/24,"09:00:00",COLISIÓN POR CORTE DE CIRCULACIÓN,ASFALTO,Bueno,Bueno,2,NISSAN,ROJO,2,,45,FEMENINO,SIN DATOS,0,0,Morelia,Ventura Puente,abril,martes,9,-101.182797253132,19.6899226666392
14082,14082,2018,"180422423",2018/04/24,10:00:00,COLISIÓN POR CAMBIO DE CARRIL,CONCRETO,Bueno,Bueno,2,CHEVROLET,ARENA,2,,26,FEMENINO,SIN DATOS,0,0,Morelia,Sentimientos de La Nacion,abril,martes,10,-101.232898235321,19.6786767556664
14083,14083,2018,"180422916",2018/04/24,12:28:00,COLISIÓN POR INVASIÓN DE CARRIL,ASFALTO,Bueno,Bueno,2,FORD,BLANCO,2,,0,MASCULINO,SIN DATOS,0,0,Morelia,Camelinas,abril,martes,12,-101.167999505997,19.6827479019813
14084,14084,2018,"180423003",2018/04/24,12:30:00,COLISIÓN POR CORTE DE CIRCULACIÓN,ASFALTO,Bueno,Regular,2,VOLKSWAGEN,ROJO,2,,33,MASCULINO,SIN DATOS,0,0,Morelia,Cuauhtemoc,abril,martes,13,-101.184897422791,19.697450646731
14085,14085,2018,"180423041",2018/04/24,12:50:00,COLISIÓN CONTRA OBJETO FIJO,CONCRETO,Bueno,Bueno,1,FORD,BLANCO,1,,0,,SIN DATOS,0,0,Morelia,Periodistas,abril,martes,13,-101.145645976067,19.6855511745858
14086,14086,2018,"180423095",2018/04/24,13:20:00,COLISIÓN CON PEATÓN,ASFALTO,Bueno,Bueno,1,NISSAN,ROJO/BLANCO,2,,48,MASCULINO,SIN DATOS,1,0,Morelia,Agustin Arriaga Rivera,abril,martes,13,-101.224561929703,19.6911525218634
14087,14087,2018,"180413638",2018/04/24,15:37:00,COLISIÓN CONTRA OBJETO FIJO,ADOQUIN_EMPEDRADO,Bueno,Bueno,3,FORD,VERDE,4,MINISTERIO PÚBLICO,43,MASCULINO,SIN DATOS,1,0,Morelia,Cumbres de Altozano,abril,martes,16,-101.166497468948,19.6532979488225
14088,14088,2018,"180424236",2018/04/24,18:20:00,COLISIÓN CONTRA OBJETO FIJO,ASFALTO,Bueno,Bueno,1,VOLKSWAGEN,NEGRO,1,,29,MASCULINO,SIN DATOS,0,0,Morelia,Sin datos,abril,martes,18,-101.105268001556,19.7293819099856
14089,14089,2018,"180424594",2018/04/24,18:30:00,COLISIÓN POR ALCANCE,ASFALTO,Bueno,Bueno,2,VOLKWAGEN,GRIS,2,,19,FEMENINO,SIN DATOS,0,0,Morelia,La Loma,abril,martes,19,-101.181252300739,19.6798864929501
14090,14090,2018,,2018/04/24,19:15:00,COLISIÓN POR ALCANCE,ASFALTO,Bueno,Bueno,2,HYUNDAI,ROJO,2,,59,MASCULINO,SIN DATOS,0,0,Morelia,Ciudad Industrial,abril,martes,19,-101.141188144684,19.7263420738957
14091,14091,2018,"180424718",2018/04/24,19:35:00,COLISIÓN POR CORTE DE CIRCULACIÓN,ASFALTO,Bueno,Regular,2,KENWORTH,ROJO Y CREMA,2,,26,MASCULINO,SIN DATOS,0,0,Morelia,Ana Maria Gallaga (Riviera Norte),abril,martes,20,-101.222620010376,19.6769795723055
14092,14092,2018,"180424535",2018/04/24,19:45:00,COLISIÓN CONTRA OBJETO FIJO,ASFALTO,Bueno,Bueno,1,VOLKSWAGEN,GUINDA,1,,28,FEMENINO,SIN DATOS,0,0,Morelia,Villas Lomas del Paraiso,abril,martes,20,-101.174708966103,19.6747940881589
14093,14093,2018,"180429896",2018/04/24,20:50:00,COLISIÓN POR CAMBIO DE CARRIL,ASFALTO,Lluvioso,Bueno,2,CHEVROLET,BLANCO,2,,28,MASCULINO,SIN DATOS,0,0,Morelia,Lomas de Hidalgo,abril,martes,21,-101.158933639526,19.6955970944163
14094,14094,2018,"180425167",2018/04/24,21:45:00,COLISIÓN POR CORTE DE CIRCULACIÓN,ASFALTO,Nublado,Bueno,2,NISSAN,BLANCO/ROJO,2,,40,MASCULINO,SIN DATOS,0,0,Morelia,Cuauhtemoc,abril,martes,22,-101.179060935974,19.6948597079632
14095,14095,2018,,2018/04/25,"00:00:00",COLISIÓN POR CAMBIO DE CARRIL,ASFALTO,Bueno,Bueno,2,FORD,GRIS,2,,43,FEMENINO,SIN DATOS,0,0,Morelia,Nueva Valladolid,abril,miércoles,0,-101.209262609482,19.6982183242369
14096,14096,2018,"180426858",2018/04/25,"00:00:00",COLISIÓN POR ALCANCE,ASFALTO,Bueno,Bueno,2,NISSAN,ROJO,2,,27,MASCULINO,SIN DATOS,0,0,Morelia,Campestre Los Manantiales,abril,miércoles,0,-101.239743232727,19.6912207065789
14097,14097,2018,"180425510",2018/04/25,"03:30:00",COLISIÓN CONTRA OBJETO FIJO,ASFALTO,Bueno,Bueno,3,SEAT,VERDE,3,,22,MASCULINO,SIN DATOS,0,0,Morelia,Indeco Expropiacion Petrolera,abril,miércoles,4,-101.225785017014,19.6848339455453
14098,14098,2018,"180425685",2018/04/25,"07:40:00",COLISIÓN POR CAMBIO DE CARRIL,SIN_DATOS,Bueno,Bueno,2,NAVISTAR,VERDE,2,,18,MASCULINO,SIN DATOS,0,0,Morelia,Lomas de Las Americas Norte,abril,miércoles,8,-101.148226261139,19.6947991007064
14099,14099,2018,"180425661",2018/04/25,"07:42:00",COLISIÓN POR ALCANCE,ASFALTO,Bueno,Bueno,2,TOYOTA,GRIS,2,,56,MASCULINO,SIN DATOS,0,0,Morelia,Independencia,abril,miércoles,8,-101.177945137024,19.719484556869
14100,14100,2018,,2018/04/25,"09:30:00",COLISIÓN POR CORTE DE CIRCULACIÓN,CONCRETO,Bueno,Bueno,2,NISSAN,ROJO,2,,57,MASCULINO,SIN DATOS,0,0,Tingüindín,San Pedro,abril,miércoles,10,-102.482906877995,19.7395285852348
14102,14102,2018,LEG14657,2018/04/25,"09:50:00",COLISIÓN POR CORTE DE CIRCULACIÓN,ASFALTO,Bueno,Bueno,2,NISSAN,BLANCO,2,MINISTERIO PÚBLICO,41,FEMENINO,SIN DATOS,0,0,Morelia,Lomas de Guayangareo,abril,miércoles,10,-101.160328388214,19.7045767746291
14103,14103,2018,"180426066",2018/04/25,10:20:00,COLISIÓN POR MANIOBRA DE REVERSA,CONCRETO,Bueno,Bueno,2,CRYSLER,BLANCO,2,,36,MASCULINO,SIN DATOS,0,0,Morelia,Vasco de Quiroga,abril,miércoles,10,-101.168932914734,19.7050212001567
14104,14104,2018,"180426041",2018/04/25,10:30:00,CAIDA DE MOTOCICLETA,ASFALTO,Bueno,Bueno,1,HONDA,BLANCO,1,,27,MASCULINO,SIN DATOS,0,0,Morelia,Juarez,abril,miércoles,11,-101.198189109564,19.6955137598162
14105,14105,2018,,2018/04/25,10:56:00,COLISIÓN POR INVASIÓN DE CARRIL,ASFALTO,Bueno,Regular,3,FREIGTHLINER,VERDE,3,,32,MASCULINO,SIN DATOS,0,0,Morelia,Francisco J Mujica,abril,miércoles,11,-101.188137531281,19.7215650717722
14106,14106,2018,"180426389",2018/04/25,11:48:00,COLISIÓN CON PEATÓN,SIN_DATOS,Bueno,Bueno,2,FORD,CAFE,2,,53,MASCULINO,SIN DATOS,0,0,Morelia,Independencia,abril,miércoles,12,-101.17795586586,19.7194037596275
14107,14107,2018,,2018/04/25,12:52:00,COLISIÓN POR ALCANCE,ASFALTO,Bueno,Bueno,2,MITSUBISHI,BLANCO,2,,24,MASCULINO,SIN DATOS,0,0,Pátzcuaro,San Lazaro,abril,miércoles,13,-101.611492037773,19.506250379927
14108,14108,2018,"1804236547",2018/04/25,13:01:00,COLISIÓN POR CAMBIO DE CARRIL,ASFALTO,Bueno,Bueno,4,TOYOTA,ROJO,4,,67,MASCULINO,SIN DATOS,0,0,Tarímbaro,Sin datos,abril,miércoles,13,-101.106576919556,19.7843313553677
14109,14109,2018,"180426926",2018/04/25,14:30:00,COLISIÓN POR INVASIÓN DE CARRIL,ASFALTO,Bueno,Bueno,2,HYUNDAI,BLANCO,2,,32,MASCULINO,SIN DATOS,0,0,Morelia,Felicitas del Rio,abril,miércoles,15,-101.195465326309,19.6918798239981
14110,14110,2018,,2018/04/25,15:25:00,COLISIÓN POR ALCANCE,ASFALTO,Bueno,Bueno,2,NISSAN,GRIS,1,,0,FEMENINO,SIN DATOS,0,0,Morelia,Centro,abril,miércoles,15,-101.190487146378,19.7039050837047
14111,14111,2018,"180427388",2018/04/25,16:30:00,COLISIÓN POR CORTE DE CIRCULACIÓN,CONCRETO,Bueno,Bueno,1,BAJAJ,ROJO/NEGRO,1,,21,MASCULINO,SIN DATOS,0,0,Morelia,Valle Quieto,abril,miércoles,17,-101.202562451363,19.6851382631889
14112,14112,2018,,2018/04/25,17:00:00,COLISIÓN POR ALCANCE,ASFALTO,Bueno,Bueno,3,TOYOTA,SUPER WHITE,3,,48,MASCULINO,CON CERTIFICADO,0,0,Apatzingán,Los Limones,abril,miércoles,17,-102.348858118057,19.0742962017659
14113,14113,2018,"180428099",2018/04/25,19:00:00,COLISIÓN POR CAMBIO DE CARRIL,ASFALTO,Bueno,Bueno,2,NISSAN,BLANCO/CORAL,2,,0,MASCULINO,SIN DATOS,0,0,Morelia,Chapultepec Sur,abril,miércoles,19,-101.172215938568,19.6904959268206