fid,id_accidente,anio_origen,folio_c5i,dia_incidente,hora_ocurrencia,tipo_incidente_vial,superficie_ocurrencia,condiciones_climaticas,condiciones_via,numero_vehiculos_involucrados,marca_vehiculo_ocasiona_siniestro,color_vehiculo_ocasiona_siniestro,numero_personas_involucradas,lugar_remite_presunto_responsable,edad_presunto_responsable,sexo_presunto_responsable,resultados_toxicologia,numero_personas_lesionadas,numero_personas_fallecidas,municipio,colonia,mes,dia_semana,hora_redondeada,lon,lat
14114,14114,2018,"180428041",2018/04/25,19:07:00,COLISIÓN POR CORTE DE CIRCULACIÓN,CONCRETO,Bueno,Bueno,2,ITALIKA,ROJO,2,,23,MASCULINO,SIN DATOS,0,0,Morelia,Ventura Puente,abril,miércoles,19,-101.189151406288,19.6948597079632
14115,14115,2018,LEG14666,2018/04/25,19:16:00,COLISIÓN POR CORTE DE CIRCULACIÓN,CONCRETO,Bueno,Bueno,2,CHEVROLET,ROJO,2,,55,MASCULINO,SIN DATOS,0,0,Morelia,Jardines del Quinceo,abril,miércoles,19,-101.20747089386,19.7234940686763
14116,14116,2018,"180428377",2018/04/25,20:00:00,COLISIÓN POR ALCANCE,ASFALTO,Bueno,Regular,2,NISSAN,ROJO,2,,38,FEMENINO,SIN DATOS,0,0,Morelia,Chapultepec Sur,abril,miércoles,20,-101.171207427979,19.6909403914517
14117,14117,2018,"180428681",2018/04/25,21:30:00,COLISIÓN POR CORTE DE CIRCULACIÓN,CONCRETO,Bueno,Bueno,1,NISSAN,BLANCO,1,,72,MASCULINO,SIN DATOS,0,0,Morelia,San Rafael,abril,miércoles,22,-101.154813766479,19.7006273935518
14119,14119,2018,"180428953",2018/04/25,23:40:00,COLISIÓN POR ALCANCE,ASFALTO,Bueno,Bueno,2,CHEVROLET,BLANCO,2,,0,MASCULINO,SIN DATOS,0,0,Morelia,Indeco El Vivero,abril,miércoles,0,-101.229819059372,19.6770704932985
14120,14120,2018,"180432943",2018/04/26,"04:30:00",VOLCADURA,ASFALTO,Bueno,Bueno,1,RENOULT,PLATA,1,,42,MASCULINO,SIN DATOS,0,0,Morelia,Villa de Santa Maria,abril,jueves,5,-101.167452335358,19.6561472029353
14121,14121,2018,,2018/04/26,"07:30:00",COLISIÓN POR CAMBIO DE CARRIL,ASFALTO,Bueno,Bueno,1,VOLKSWAGEN,BLANCO,1,,26,FEMENINO,SIN DATOS,0,0,Morelia,Alberto Oviedo Mota,abril,jueves,8,-101.197675466537,19.6811871397552
14122,14122,2018,"180424499",2018/04/26,"07:50:00",COLISIÓN POR NO RESPETAR SEMÁFORO,ASFALTO,Bueno,Bueno,2,DODGE,VERDE,2,,38,MASCULINO,SIN DATOS,0,0,Morelia,Bosques de Oriente,abril,jueves,8,-101.15557551384,19.7157072421566
14123,14123,2018,,2018/04/26,"08:10:00",COLISIÓN POR CORTE DE CIRCULACIÓN,CONCRETO,Bueno,Bueno,2,NISSAN,BLANCO,2,,28,MASCULINO,SIN DATOS,0,0,Morelia,Nueva Chapultepec,abril,jueves,8,-101.172419786453,19.6888140210822
14124,14124,2018,"180429347",2018/04/26,"08:40:00",COLISIÓN POR ALCANCE,ASFALTO,Bueno,Bueno,3,FORD,BLANCO,4,,32,MASCULINO,SIN DATOS,1,0,Morelia,Lomas de Hidalgo,abril,jueves,9,-101.158794164658,19.695708207149
14126,14126,2018,,2018/04/26,13:50:00,COLISIÓN POR ALCANCE,ASFALTO,Bueno,Bueno,2,CHEVROLET,BLANCO,2,,67,MASCULINO,SIN DATOS,0,0,Morelia,Bosques de Oriente,abril,jueves,14,-101.155607700348,19.7158284408059
14127,14127,2018,,2018/04/26,13:50:00,COLISIÓN POR CORTE DE CIRCULACIÓN,ASFALTO,Bueno,Bueno,2,CHEVROLET,BLANCO,0,,,,,0,0,Morelia,Pablo Galeana,abril,jueves,14,-101.234907209873,19.638037917493
14128,14128,2018,"180430740",2018/04/26,14:25:00,SALIDA DE SUPERFICIE DE RODAMIENTO,CONCRETO,Bueno,Bueno,1,VOLKSWAGEN,ROJO,1,,16,MASCULINO,SIN DATOS,0,0,Morelia,Loma Real,abril,jueves,14,-101.199408173561,19.7314875432697
14129,14129,2018,LEG14677,2018/04/26,16:25:00,COLISIÓN CON PEATÓN,CONCRETO,Bueno,Bueno,1,NISSAN,BLANCO,1,,0,MASCULINO,SIN DATOS,0,0,Morelia,Ferrocarrilero,abril,jueves,16,-101.221750974655,19.6935162417203
14130,14130,2018,"180431371",2018/04/26,16:45:00,COLISIÓN POR ALCANCE,ASFALTO,Bueno,Bueno,2,CHYSLER,BLANCO,2,,35,,SIN DATOS,0,0,Morelia,Reforma,abril,jueves,17,-101.237887144089,19.7069806979871
14131,14131,2018,,2018/04/26,17:00:00,COLISIÓN POR CORTE DE CIRCULACIÓN,CONCRETO,Bueno,Bueno,2,BENOTO,VERDE,4,MINISTERIO PÚBLICO,17,MASCULINO,SIN DATOS,2,0,Sahuayo,Perpetuo Socorro,abril,jueves,17,-102.719534039497,20.062240104836
14132,14132,2018,"180137400",2018/04/26,17:30:00,VOLCADURA,ASFALTO,Bueno,Bueno,1,FIAT,PLATA,1,,28,FEMENINO,SIN DATOS,0,0,Morelia,Sin datos,abril,jueves,18,-101.280169487,19.6224176812727
14133,14133,2018,"180743978",2018/04/26,19:00:00,COLISIÓN CONTRA OBJETO FIJO,ASFALTO,Bueno,Bueno,2,SIN DATOS,SIN DATOS,2,,0,,SIN DATOS,0,0,Morelia,Santiaguito,abril,jueves,19,-101.193459033966,19.7172525180537
14134,14134,2018,,2018/04/26,19:00:00,SALIDA DE SUPERFICIE DE RODAMIENTO,ASFALTO,Bueno,Bueno,1,PULSAR,AMARILLO,1,,30,MASCULINO,SIN DATOS,0,0,Pátzcuaro,Centro,abril,jueves,19,-101.61781668663,19.5163327817179
14135,14135,2018,,2018/04/26,19:55:00,COLISIÓN CONTRA OBJETO FIJO,ASFALTO,Bueno,Bueno,1,CHEVROLET,GUINDA,0,MINISTERIO PÚBLICO,,,,0,0,Zacapu,Centro,abril,jueves,20,-101.789810657501,19.8099517971445
14136,14136,2018,"180649769",2018/04/26,22:30:00,COLISIÓN POR CAMBIO DE CARRIL,ASFALTO,Bueno,Bueno,2,MERCEDES BENZ,BLANCO,2,,37,MASCULINO,SIN DATOS,0,0,Morelia,Sin datos,abril,jueves,23,-101.262146,19.640194
14137,14137,2018,"180432861",2018/04/27,"01:25:00",COLISIÓN POR ALCANCE,ASFALTO,Bueno,Bueno,2,CRYSLER,BEIGE,2,,33,MASCULINO,SIN DATOS,0,0,Morelia,Tanganxoan (Guadalupe Victoria),abril,viernes,1,-101.284976005554,19.6902383387992
14138,14138,2018,"180432951",2018/04/27,"03:40:00",COLISIÓN POR ALCANCE,ASFALTO,Bueno,Bueno,2,NISSAN,BLANCO ROJO,2,,47,MASCULINO,CON CERTIFICADO,0,0,Morelia,Jardines de Sindurio,abril,viernes,4,-101.256737709045,19.6975264045433
14139,14139,2018,"180432932",2018/04/27,"04:15:00",COLISIÓN CONTRA OBJETO FIJO,ASFALTO,Bueno,Bueno,2,CHEVROLET,AZUL MARINO,2,,22,MASCULINO,SIN DATOS,0,0,Morelia,Valle de Altozano,abril,viernes,4,-101.164555549622,19.6651796101291
14140,14140,2018,"180433206",2018/04/27,"08:43:00",COLISIÓN POR CORTE DE CIRCULACIÓN,CONCRETO,Bueno,Regular,2,HYUNDAY,ROJO,2,,54,MASCULINO,SIN DATOS,0,0,Morelia,Ejidal Ocolusen,abril,viernes,9,-101.153762340546,19.6847278761892
14141,14141,2018,LEG14690,2018/04/27,"09:00:00",COLISIÓN POR ALCANCE,ASFALTO,Bueno,Bueno,2,NISSAN,VERDE,2,,36,MASCULINO,SIN DATOS,0,0,Morelia,Irrigacion,abril,viernes,9,-101.225076913834,19.7047585852214
14142,14142,2018,"180433311",2018/04/27,"09:30:00",COLISIÓN POR ALCANCE,ASFALTO,Bueno,Bueno,2,FORD,BLANCO,2,,29,MASCULINO,SIN DATOS,0,0,Morelia,Rafael Carrillo,abril,viernes,10,-101.235129833221,19.7097481952677
14143,14143,2018,"180433551",2018/04/27,10:10:00,COLISIÓN POR INVASIÓN DE CARRIL,ASFALTO,Bueno,Bueno,2,NISSAN,BLANCO,2,,,MASCULINO,SIN DATOS,0,0,Morelia,Ana Maria Gallaga (Riviera Norte),abril,viernes,10,-101.223360300064,19.6767472184225
14144,14144,2018,"180433581",2018/04/27,10:30:00,COLISIÓN POR CAMBIO DE CARRIL,ASFALTO,Bueno,Bueno,2,INTERNATIONAL,ROJO,2,,60,MASCULINO,SIN DATOS,0,0,Morelia,Los Manantiales de Morelia,abril,viernes,11,-101.240349411964,19.6928091496953
14145,14145,2018,"180435001",2018/04/27,12:00:00,COLISIÓN POR CORTE DE CIRCULACIÓN,CONCRETO,Bueno,Bueno,2,HONDA,BLANCO,2,,20,MASCULINO,SIN DATOS,0,0,Morelia,Gertrudis Sanchez,abril,viernes,12,-101.215125918388,19.7407025182444
14146,14146,2018,"180433729",2018/04/27,12:00:00,COLISIÓN CONTRA OBJETO FIJO,CONCRETO,Bueno,Bueno,2,INTERNATIONAL,ROJO,1,,,MASCULINO,SIN DATOS,0,0,Morelia,Los Angeles,abril,viernes,12,-101.171604394913,19.7432977631671
14147,14147,2018,,2018/04/27,13:20:00,COLISIÓN CONTRA OBJETO FIJO,TERRACERIA,Bueno,Regular,1,JEEP,NEGRO,0,,,,,0,0,Lázaro Cárdenas,Sin datos,abril,viernes,13,-102.275547981262,18.0157936152259
14148,14148,2018,"180434276",2018/04/27,14:10:00,COLISIÓN CON PEATÓN,ASFALTO,Bueno,Regular,2,CHRYSLER,ROJO,2,,41,MASCULINO,SIN DATOS,0,0,Morelia,Felix Arreguin,abril,viernes,14,-101.226482391357,19.7215953703328
14149,14149,2018,"180434238",2018/04/27,14:15:00,COLISIÓN POR ALCANCE,ASFALTO,Bueno,Bueno,2,INTERNATIONAL,VERDE,2,,41,MASCULINO,SIN DATOS,0,0,Morelia,Dr Miguel Silva,abril,viernes,14,-101.188309192657,19.7127378465494
14150,14150,2018,"180434506",2018/04/27,14:40:00,COLISIÓN POR INVASIÓN DE CARRIL,ASFALTO,Bueno,Bueno,2,HONDA,BLANCO,2,,23,FEMENINO,SIN DATOS,0,0,Morelia,Libertad,abril,viernes,15,-101.234732866287,19.68586432992
14151,14151,2018,"180434628",2018/04/27,14:47:00,COLISIÓN POR CORTE DE CIRCULACIÓN,CONCRETO,Bueno,Regular,1,FORD,GRIS,1,,,MASCULINO,SIN DATOS,0,0,Morelia,La Loma,abril,viernes,15,-101.180235743523,19.6799748867568
14152,14152,2018,,2018/04/27,17:00:00,COLISIÓN POR CORTE DE CIRCULACIÓN,ASFALTO,Bueno,Bueno,2,GENERAL MOTORS,BLANCO,2,,58,MASCULINO,SIN DATOS,0,0,Morelia,Emiliano Zapata,abril,viernes,17,-101.236428022385,19.6524795366902
14153,14153,2018,"180435555",2018/04/27,17:00:00,COLISIÓN CONTRA OBJETO FIJO,CONCRETO,Bueno,Regular,1,INTERNATIONAL,BLANCO,1,,39,MASCULINO,SIN DATOS,0,0,Morelia,Centro,abril,viernes,17,-101.200250387192,19.7012637454287
14154,14154,2018,,2018/04/27,17:15:00,COLISIÓN POR ALCANCE,ASFALTO,Bueno,Bueno,2,ITALIKA,ROJO/NEGRO,2,,,,SIN DATOS,0,0,Tarímbaro,Sin datos,abril,viernes,17,-101.163418292999,19.8028657045856
14155,14155,2018,"180435131",2018/04/27,17:47:00,COLISIÓN POR CORTE DE CIRCULACIÓN,ASFALTO,Bueno,Bueno,2,ITALIKA,ROJO/NEGRO,2,,,,SIN DATOS,0,0,Morelia,Nueva Chapultepec,abril,viernes,18,-101.172784566879,19.6877482998938
14156,14156,2018,"180435258",2018/04/27,18:35:00,COLISIÓN POR CORTE DE CIRCULACIÓN,CONCRETO,Bueno,Bueno,2,CHEVROLET,AZUL,2,,,MASCULINO,SIN DATOS,0,0,Morelia,Vasco de Quiroga,abril,viernes,19,-101.175338029861,19.7050110995902
14157,14157,2018,"1804355316",2018/04/27,18:37:00,COLISIÓN POR CAMBIO DE CARRIL,ASFALTO,Bueno,Bueno,2,NISSAN,BLANCO,2,,,MASCULINO,SIN DATOS,0,0,Morelia,Jardines del Rincon,abril,viernes,19,-101.150468587875,19.6908090724846
14158,14158,2018,"180435505",2018/04/27,18:37:00,COLISIÓN CON PEATÓN,ASFALTO,Nublado,Bueno,1,MAZDA,ALUMINIO,2,,28,MASCULINO,SIN DATOS,1,0,Morelia,Fuentes de Valladolid,abril,viernes,19,-101.222684383392,19.6700795286616
14159,14159,2018,"180435341",2018/04/27,19:00:00,COLISIÓN POR CORTE DE CIRCULACIÓN,CONCRETO,Bueno,Bueno,0,,,1,,,,,1,0,Tarímbaro,Puebla,abril,viernes,19,-101.195690631866,19.7493868297846
14160,14160,2018,,2018/04/27,20:15:00,COLISIÓN POR ALCANCE,ASFALTO,Bueno,Bueno,2,NISSAN,ARENA,2,,46,MASCULINO,SIN DATOS,0,0,Peribán,Alamo,abril,viernes,20,-102.423434257507,19.5336241028391
14161,14161,2018,,2018/04/27,20:50:00,COLISIÓN POR MANIOBRA DE REVERSA,TERRACERIA,Bueno,Bueno,2,VOLKSWAGEN,GRIS,2,,52,MASCULINO,SIN DATOS,0,0,Charo,Sin datos,abril,viernes,21,-101.055207252502,19.7469936422545
14162,14162,2018,"180436344",2018/04/27,21:40:00,COLISIÓN POR CAMBIO DE CARRIL,ASFALTO,Bueno,Bueno,2,CAPRE,BLANCO/AZUL,2,,43,MASCULINO,SIN DATOS,0,0,Morelia,Nicolaitas Ilustres,abril,viernes,22,-101.228156089783,19.719484556869
14163,14163,2018,"180436323",2018/04/27,22:10:00,VOLCADURA,CONCRETO,Bueno,Bueno,1,NISSAN,BLANCO/ROJO,2,,33,MASCULINO,SIN DATOS,1,0,Morelia,Los Laureles,abril,viernes,22,-101.232168674469,19.7138286513435
14164,14164,2018,,2018/04/27,22:30:00,CAIDA DE MOTOCICLETA,ASFALTO,Bueno,Bueno,1,ITALIKA,NEGRO/ROJO,1,,24,MASCULINO,SIN DATOS,0,0,Morelia,El Lago 1,abril,viernes,23,-101.219358444214,19.7276953635499
14165,14165,2018,"180436421",2018/04/27,22:45:00,COLISIÓN CON PEATÓN,ASFALTO,Bueno,Bueno,1,VOLKSWAGEN,GRIS,4,MINISTERIO PÚBLICO,,,SIN DATOS,2,1,Morelia,Sin datos,abril,viernes,23,-101.354928016663,19.6786161422846
14166,14166,2018,"180436489",2018/04/27,23:30:00,COLISIÓN POR NO RESPETAR SEMÁFORO,ASFALTO,Bueno,Bueno,2,FORD,ROJO,3,MINISTERIO PÚBLICO,,MASCULINO,SIN DATOS,1,0,Morelia,Centro,abril,viernes,0,-101.200121641159,19.6984051925462
14167,14167,2018,,2018/04/28,"00:00:00",COLISIÓN POR CORTE DE CIRCULACIÓN,ASFALTO,Bueno,Bueno,2,VW,GRIS,2,,37,MASCULINO,ALIENTO ETÍLICO,0,0,Apatzingán,Centro,abril,sábado,0,-102.352184057236,19.0850440155583
14168,14168,2018,"180436386",2018/04/28,"00:40:00",COLISIÓN CON PEATÓN,ASFALTO,Bueno,Bueno,1,NISSAN,GRIS,1,,52,MASCULINO,SIN DATOS,0,0,Tarímbaro,Campestre,abril,sábado,1,-101.162796020508,19.7977578695008
14169,14169,2018,"1804363007",2018/04/28,"01:00:00",COLISIÓN POR CORTE DE CIRCULACIÓN,CONCRETO,Bueno,Bueno,2,CHEVROLET,AZUL,2,,29,MASCULINO,SIN DATOS,0,0,Morelia,Ferrocarrilero,abril,sábado,1,-101.221144795418,19.6940465586895
14170,14170,2018,,2018/04/28,"05:00:00",COLISIÓN POR ALCANCE,ASFALTO,Bueno,Bueno,2,VOLKSWAGEN,GRIS,2,,44,MASCULINO,SIN DATOS,0,0,Morelia,Felix Ireta,abril,sábado,5,-101.191785335541,19.6826569842105
14171,14171,2018,"180436899",2018/04/28,"06:10:00",COLISIÓN CONTRA OBJETO FIJO,ASFALTO,Bueno,Bueno,1,FORD,ROJO,1,,,,SIN DATOS,0,0,Morelia,Felix Ireta,abril,sábado,6,-101.191720962524,19.6826165762958
14172,14172,2018,"180436969",2018/04/28,"07:02:00",COLISIÓN CON PEATÓN,ASFALTO,Bueno,Bueno,1,ITALIKA,VERDE/NEGRO,3,MINISTERIO PÚBLICO,,,SIN DATOS,2,0,Morelia,El Realito,abril,sábado,7,-101.204209327698,19.7257462188465
14173,14173,2018,"180437066",2018/04/28,"08:30:00",COLISIÓN POR ALCANCE,ASFALTO,Bueno,Bueno,2,NISSAN,BLANCO/VERDE,5,MINISTERIO PÚBLICO,31,MASCULINO,SIN DATOS,3,0,Morelia,La Esperanza,abril,sábado,9,-101.153767704964,19.6993546822062
14174,14174,2018,"180437362",2018/04/28,"09:40:00",COLISIÓN POR CAMBIO DE CARRIL,ASFALTO,Bueno,Bueno,2,DODGE,NEGRO,2,,38,MASCULINO,SIN DATOS,0,0,Morelia,Valle de Las Flores,abril,sábado,10,-101.126371622086,19.6878594180741
14175,14175,2018,"180437290",2018/04/28,"09:45:00",COLISIÓN POR ALCANCE,ASFALTO,Bueno,Bueno,2,VOLKSWAGEN,PLATA,2,,46,FEMENINO,SIN DATOS,0,0,Morelia,Felix Ireta,abril,sábado,10,-101.192053556442,19.6824953524906
14176,14176,2018,,2018/04/28,10:10:00,COLISIÓN POR ALCANCE,ASFALTO,Bueno,Bueno,2,MAZDA,BLANCA,2,,0,,SIN DATOS,0,0,Zacapu,Centro,abril,sábado,10,-101.789102554321,19.8096086033539
14177,14177,2018,"180437511",2018/04/28,11:00:00,COLISIÓN POR CORTE DE CIRCULACIÓN,CONCRETO,Bueno,Regular,2,HONDA,BLANCO,2,,28,MASCULINO,SIN DATOS,0,0,Morelia,Fray Antonio de San Miguel Iglesias,abril,sábado,11,-101.145801544189,19.6872507925504
14178,14178,2018,"180437681",2018/04/28,11:30:00,COLISIÓN POR CAMBIO DE CARRIL,ASFALTO,Bueno,Bueno,2,VOLKSWAGEN,BLANCO,2,,22,MASCULINO,SIN DATOS,0,0,Morelia,Industrial,abril,sábado,12,-101.188287734985,19.7116571344619
14179,14179,2018,"180437978",2018/04/28,13:05:00,COLISIÓN POR ALCANCE,ASFALTO,Bueno,Bueno,2,TOYOTA,GUINDA,2,MINISTERIO PÚBLICO,55,MASCULINO,SIN DATOS,0,0,Morelia,Santiaguito,abril,sábado,13,-101.18868470192,19.7182018958381
14180,14180,2018,"180438162",2018/04/28,14:00:00,COLISIÓN POR ALCANCE,ASFALTO,Bueno,Bueno,2,NISSAN,BLANCO,2,,40,MASCULINO,SIN DATOS,0,0,Morelia,Irrigacion,abril,sábado,14,-101.225130558014,19.7049403956071
14181,14181,2018,,2018/04/28,14:20:00,COLISIÓN CONTRA OBJETO FIJO,ASFALTO,Bueno,Bueno,1,CHRYSLER,BLANCO,1,,38,MASCULINO,SIN DATOS,0,0,Lázaro Cárdenas,Centro,abril,sábado,14,-102.190623879433,17.9548927018248
14182,14182,2018,,2018/04/28,14:50:00,COLISIÓN POR CORTE DE CIRCULACIÓN,ASFALTO,Bueno,Regular,2,DINA,AMARILLO,2,,43,MASCULINO,SIN DATOS,0,0,Morelia,Loma Real,abril,sábado,15,-101.198480129242,19.7292506225787
14183,14183,2018,"180440231",2018/04/28,15:00:00,COLISIÓN POR CAMBIO DE CARRIL,CONCRETO,Bueno,Bueno,2,MAZDA,BLANCO,2,,34,FEMENINO,SIN DATOS,0,0,Morelia,Lomas del Tecnologico,abril,sábado,15,-101.190336942673,19.7222164895607
14184,14184,2018,"180438975",2018/04/28,16:40:00,COLISIÓN CONTRA OBJETO FIJO,ASFALTO,Bueno,Bueno,1,CHEVROLET,BLANCO,1,,28,MASCULINO,SIN DATOS,0,0,Morelia,Jardines del Toreo,abril,sábado,17,-101.213371753693,19.6901322730229
14185,14185,2018,,2018/04/28,19:45:00,VOLCADURA,ASFALTO,Bueno,Regular,1,FORD,GUINDA,2,,22,MASCULINO,SIN DATOS,1,0,Acuitzio,Las Peñas,abril,sábado,20,-101.341881752014,19.5138855564161
14186,14186,2018,"180439849",2018/04/28,20:40:00,COLISIÓN CONTRA OBJETO FIJO,ASFALTO,Bueno,Bueno,1,TOYOTA,BLANCO,1,,25,MASCULINO,SIN DATOS,0,0,Morelia,Ampliacion La Soledad,abril,sábado,21,-101.187944412231,19.7294627021823
14187,14187,2018,"180440273",2018/04/28,22:10:00,COLISIÓN POR ALCANCE,ASFALTO,Bueno,Bueno,2,SIN DATOS,SIN DATOS,2,,,,SIN DATOS,0,0,Morelia,Canteras de Morelia,abril,sábado,22,-101.171743869781,19.7151214473895
14188,14188,2018,"180440400",2018/04/28,23:00:00,COLISIÓN POR ALCANCE,ASFALTO,Bueno,Bueno,4,NISSAN,CAFE,4,MINISTERIO PÚBLICO,,,SIN DATOS,0,0,Morelia,Infonavit  Las  Camelinas,abril,sábado,23,-101.175949573517,19.6819498442317
14189,14189,2018,,2018/04/28,23:30:00,COLISIÓN POR CORTE DE CIRCULACIÓN,ASFALTO,Bueno,Bueno,2,NISSAN,DORADA,3,,,,SIN DATOS,1,0,Sahuayo,Los Sauces,abril,sábado,0,-102.716583609581,20.0462004410327
14190,14190,2018,"18042976",2018/04/29,"00:35:00",COLISIÓN CONTRA OBJETO FIJO,ASFALTO,Bueno,Bueno,3,SIN DATOS,SIN DATOS,0,,,,,0,0,Morelia,Lomas del Bosque,abril,domingo,1,-101.104570627213,19.7250695671982
14191,14191,2018,"180440686",2018/04/29,"00:47:00",COLISIÓN POR ALCANCE,ASFALTO,Bueno,Bueno,2,TOYOTA,BLANCO,1,MINISTERIO PÚBLICO,53,MASCULINO,SIN DATOS,0,0,Tarímbaro,Sin datos,abril,domingo,1,-101.16902410984,19.7560764568613
14192,14192,2018,"180440883",2018/04/29,"02:35:00",COLISIÓN POR CAMBIO DE CARRIL,ASFALTO,Bueno,Regular,2,CHEVROLET,PLATA,2,,23,MASCULINO,SIN DATOS,0,0,Morelia,Chapultepec Norte,abril,domingo,3,-101.169590055943,19.6946829367333
14193,14193,2018,"180440887",2018/04/29,"03:13:00",COLISIÓN POR ALCANCE,ASFALTO,Bueno,Bueno,2,VOLKSWAGEN,AZUL,2,,55,MASCULINO,ALIENTO ETÍLICO,0,0,Morelia,Francisco J Mujica,abril,domingo,3,-101.188373565674,19.7214236784131
14194,14194,2018,,2018/04/29,"03:40:00",COLISIÓN POR CORTE DE CIRCULACIÓN,ADOQUIN_EMPEDRADO,Bueno,Bueno,1,NISSAN,BLANCO,0,,,,,0,0,Pátzcuaro,Centro,abril,domingo,4,-101.609437465668,19.5158473846033
14195,14195,2018,"180441077",2018/04/29,"05:30:00",SUBIDA AL CAMELLÓN,ASFALTO,Bueno,Bueno,1,SEAT,AMARILLO,1,,26,MASCULINO,CON CERTIFICADO,0,0,Morelia,Libertad,abril,domingo,6,-101.236937642097,19.6848238437049
14196,14196,2018,"180441079",2018/04/29,"05:55:00",SUBIDA AL CAMELLÓN,ASFALTO,Bueno,Bueno,1,SEAT,NEGRO,1,,27,MASCULINO,ALIENTO ETÍLICO,0,0,Morelia,Isaac Arriaga,abril,domingo,6,-101.169404983521,19.7129196478652
14197,14197,2018,"180441240",2018/04/29,"09:40:00",COLISIÓN POR CORTE DE CIRCULACIÓN,ASFALTO,Bueno,Bueno,2,VOLKSWAGEN,BLANCO,0,,,,,0,0,Morelia,Felix Arreguin,abril,domingo,10,-101.225447058678,19.7219690521088
14198,14198,2018,,2018/04/29,10:15:00,CAIDA DE MOTOCICLETA,CONCRETO,Bueno,Bueno,1,ITALIKA,NEGRO ROJO,1,,28,MASCULINO,SIN DATOS,0,0,Cuitzeo,Sin datos,abril,domingo,10,-101.17476940155,19.9677019172332
14199,14199,2018,"180441752",2018/04/29,12:30:00,COLISIÓN CONTRA OBJETO FIJO,CONCRETO,Bueno,Bueno,1,HONDA,GRIS,0,,,,,0,0,Morelia,Centro,abril,domingo,13,-101.178798079491,19.7026829020068
14201,14201,2018,,2018/04/29,13:00:00,COLISIÓN POR CORTE DE CIRCULACIÓN,ASFALTO,Bueno,Bueno,2,VW,BLANCO,2,,60,MASCULINO,SIN DATOS,0,0,Apatzingán,Bellavista,abril,domingo,13,-102.34498500824,19.0734951575349
14202,14202,2018,"180442382",2018/04/29,16:00:00,COLISIÓN POR CAMBIO DE CARRIL,CONCRETO,Bueno,Bueno,2,FORD,VERDE,2,,52,MASCULINO,SIN DATOS,0,0,Morelia,Villas del Pedregal,abril,domingo,16,-101.304185986519,19.6804143295287
14203,14203,2018,"180443652",2018/04/29,16:05:00,SUBIDA AL CAMELLÓN,ASFALTO,Bueno,Bueno,1,VOLKSWAGEN,BLANCO,1,,39,MASCULINO,SIN DATOS,0,0,Morelia,Tenencia Morelos,abril,domingo,16,-101.24716758728,19.6496403214989
14204,14204,2018,"180442639",2018/04/29,16:30:00,COLISIÓN POR CORTE DE CIRCULACIÓN,ASFALTO,Bueno,Bueno,1,TOYOTA,BLANCO,1,,52,MASCULINO,SIN DATOS,0,0,Morelia,Tres Puentes,abril,domingo,17,-101.213749945164,19.7026980530767
14205,14205,2018,"180442784",2018/04/29,17:15:00,COLISIÓN POR CORTE DE CIRCULACIÓN,ASFALTO,Bueno,Bueno,2,VOLKSWAGEN,NEGRO,1,,32,MASCULINO,SIN DATOS,0,0,Morelia,Lomas de La Maestranza,abril,domingo,17,-101.331667900085,19.6849804221596
14206,14206,2018,"180443785",2018/04/29,18:00:00,COLISIÓN POR CORTE DE CIRCULACIÓN,CONCRETO,Bueno,Bueno,1,KENWORTH,BLANCO,1,MINISTERIO PÚBLICO,,MASCULINO,SIN DATOS,0,0,Morelia,Emiliano Zapata,abril,domingo,18,-101.235274672508,19.6504991641344
14207,14207,2018,,2018/04/29,18:20:00,COLISIÓN POR INVASIÓN DE CARRIL,ASFALTO,Bueno,Bueno,2,DINA,BLANCO,2,,49,MASCULINO,SIN DATOS,0,0,Aquila,Sin datos,abril,domingo,18,-103.504324,18.562922
14208,14208,2018,,2018/04/29,20:35:00,COLISIÓN POR CORTE DE CIRCULACIÓN,ASFALTO,Bueno,Bueno,2,NISSAN,BLANCO Y ROJO,2,,0,MASCULINO,SIN DATOS,0,0,Morelia,Plan de La Garita,abril,domingo,21,-101.185101270676,19.7125459449364
14209,14209,2018,"180443834",2018/04/29,21:30:00,COLISIÓN POR ALCANCE,ASFALTO,Bueno,Bueno,2,NISSAN,GRIS,2,,0,MASCULINO,ALIENTO ETÍLICO,0,0,Morelia,Centro,abril,domingo,22,-101.200164556503,19.7046828308331
14210,14210,2018,"180443804",2018/04/29,21:40:00,COLISIÓN POR CAMBIO DE CARRIL,ASFALTO,Bueno,Bueno,2,BAJAJ,NEGRO,2,,37,MASCULINO,SIN DATOS,0,0,Morelia,Lomas del Pedregal,abril,domingo,22,-101.284096240997,19.6906373475189
14211,14211,2018,"180444128",2018/04/29,23:00:00,SUBIDA AL CAMELLÓN,ASFALTO,Bueno,Bueno,1,VOLKSWAGEN,GRIS,1,,19,MASCULINO,SIN DATOS,0,0,Morelia,San Rafael,abril,domingo,23,-101.153976917267,19.699879929385
14212,14212,2018,"180443966",2018/04/29,23:00:00,COLISIÓN POR INVASIÓN DE CARRIL,ASFALTO,Bueno,Bueno,2,CHEVROLET,ARENA,2,MINISTERIO PÚBLICO,33,MASCULINO,SIN DATOS,0,0,Morelia,Sin datos,abril,domingo,23,-101.315016746521,19.6871017925884