fid,id_accidente,anio_origen,folio_c5i,dia_incidente,hora_ocurrencia,tipo_incidente_vial,superficie_ocurrencia,condiciones_climaticas,condiciones_via,numero_vehiculos_involucrados,marca_vehiculo_ocasiona_siniestro,color_vehiculo_ocasiona_siniestro,numero_personas_involucradas,lugar_remite_presunto_responsable,edad_presunto_responsable,sexo_presunto_responsable,resultados_toxicologia,numero_personas_lesionadas,numero_personas_fallecidas,municipio,colonia,mes,dia_semana,hora_redondeada,lon,lat
14213,14213,2018,,2018/04/29,23:09:00,COLISIÓN POR CORTE DE CIRCULACIÓN,CONCRETO,Bueno,Bueno,2,FORD,ARENA,1,,,,SIN DATOS,0,0,Morelia,Union,abril,domingo,23,-101.154030561447,19.7114551313924
14214,14214,2018,"180444170",2018/04/29,23:15:00,COLISIÓN POR NO RESPETAR SEMÁFORO,ASFALTO,Bueno,Bueno,2,SEAT,ROJO,2,MINISTERIO PÚBLICO,30,MASCULINO,SIN DATOS,0,0,Morelia,Centro,abril,domingo,23,-101.190497875214,19.7029707720902
14215,14215,2018,"180444268",2018/04/29,23:50:00,COLISIÓN POR CAMBIO DE CARRIL,CONCRETO,Bueno,Bueno,2,VOLKSWAGEN,ROJO,2,,,,SIN DATOS,0,0,Morelia,Asociacion Zirahuen,abril,domingo,0,-101.250187754631,19.6986577169418
14216,14216,2018,"180447709",2018/04/30,"00:00:00",COLISIÓN POR CORTE DE CIRCULACIÓN,CONCRETO,Bueno,Bueno,2,NISSAN,BLANCO/ROJO,2,MINISTERIO PÚBLICO,40,MASCULINO,SIN DATOS,0,0,Morelia,Felix Ireta,abril,lunes,0,-101.189532279968,19.6862987056601
14217,14217,2018,,2018/04/30,"00:05:00",COLISIÓN POR CORTE DE CIRCULACIÓN,ASFALTO,Bueno,Bueno,2,CHEVROLET,GRIS,1,MINISTERIO PÚBLICO,,,,1,0,Morelia,Juarez,abril,lunes,0,-101.200196743011,19.6955061839413
14218,14218,2018,"180444226",2018/04/30,"00:35:00",COLISIÓN POR CORTE DE CIRCULACIÓN,TERRACERIA,Bueno,Bueno,2,VOLKSWAGEN,BLANCO,1,,0,,SIN DATOS,0,0,Morelia,Torrecillas del Sur,abril,lunes,1,-101.189875602722,19.6526967699471
14219,14219,2018,,2018/04/30,"02:00:00",COLISIÓN POR ALCANCE,CONCRETO,Bueno,Bueno,2,KENWORTH,BLANCO,3,,28,MASCULINO,SIN DATOS,1,0,Sahuayo,Sin Nombre,abril,lunes,2,-102.706837,20.084942
14220,14220,2018,"180444393",2018/04/30,"02:15:00",SALIDA DE SUPERFICIE DE RODAMIENTO,ASFALTO,Bueno,Bueno,1,VOLKSWAGEN,AZUL,0,,,,,0,0,Morelia,Sin datos,abril,lunes,2,-101.290769577026,19.6002440905922
14221,14221,2018,"180444436",2018/04/30,"02:25:00",CAIDA DE MOTOCICLETA,ASFALTO,Bueno,Bueno,1,ITALIKA,BLANCO,1,,,,,1,0,Morelia,Felix Ireta,abril,lunes,2,-101.192064285278,19.6880513492947
14222,14222,2018,"180444836",2018/04/30,"09:10:00",COLISIÓN POR MANIOBRA DE REVERSA,ASFALTO,Bueno,Bueno,2,VOLKSWAGEN,PLATA,2,,29,FEMENINO,SIN DATOS,0,0,Morelia,Lomas del Valle,abril,lunes,9,-101.229384541512,19.6896221461646
14223,14223,2018,"18044838",2018/04/30,"09:20:00",COLISIÓN POR CORTE DE CIRCULACIÓN,ASFALTO,Bueno,Bueno,2,CHRYSLER,AZUL,2,MINISTERIO PÚBLICO,,MASCULINO,SIN DATOS,0,0,Morelia,Chapultepec Sur,abril,lunes,9,-101.169898509979,19.6900009533929
14224,14224,2018,"180445115",2018/04/30,10:20:00,COLISIÓN POR CORTE DE CIRCULACIÓN,CONCRETO,Bueno,Bueno,2,MITSUBISHI,PLATA,2,,23,MASCULINO,SIN DATOS,0,0,Morelia,Nueva Valladolid,abril,lunes,10,-101.208897829056,19.7010465780091
14225,14225,2018,,2018/04/30,10:30:00,VOLCADURA,ASFALTO,Bueno,Bueno,1,CHEVROLET,MORADO,0,,,,,0,0,Zinapécuaro,Sin Nombre,abril,lunes,11,-100.845501422882,19.8616242865701
14226,14226,2018,"180445509",2018/04/30,12:20:00,COLISIÓN POR CORTE DE CIRCULACIÓN,ASFALTO,Bueno,Regular,2,NISSAN,BLANCO,2,,28,MASCULINO,SIN DATOS,0,0,Morelia,Nueva Valladolid,abril,lunes,12,-101.210582256317,19.7009556706297
14227,14227,2018,,2018/04/30,12:35:00,COLISIÓN CONTRA OBJETO FIJO,CONCRETO,Bueno,Bueno,1,FREIGHTLINER,AZUL,1,MINISTERIO PÚBLICO,31,MASCULINO,SIN DATOS,0,0,Tlazazalca,Centro,abril,lunes,13,-102.056636810303,19.9717555828725
14228,14228,2018,"180445661",2018/04/30,13:00:00,COLISIÓN POR CAMBIO DE CARRIL,ASFALTO,Bueno,Regular,2,TOYOTA,BLANCO/MORADO,2,,50,MASCULINO,SIN DATOS,0,0,Morelia,Division del Norte,abril,lunes,13,-101.163214445114,19.7113995805035
14229,14229,2018,"180445665",2018/04/30,13:00:00,COLISIÓN CON PEATÓN,ASFALTO,Bueno,Regular,1,NISSAN,ROJO,1,,,,SIN DATOS,0,0,Morelia,Asociacion Zirahuen,abril,lunes,13,-101.250236034393,19.6987789285102
14230,14230,2018,,2018/04/30,14:15:00,COLISIÓN POR INVASIÓN DE CARRIL,ASFALTO,Bueno,Bueno,2,KURASAI,NEGRO,2,MINISTERIO PÚBLICO,16,MASCULINO,SIN DATOS,0,1,Los Reyes,Sin datos,abril,lunes,14,-102.285676002502,19.565815407055
14231,14231,2018,"180446115",2018/04/30,15:00:00,COLISIÓN POR ALCANCE,CONCRETO,Bueno,Bueno,2,VOLKSWAGEN,BLANCO,2,,18,MASCULINO,SIN DATOS,0,0,Morelia,Sin datos,abril,lunes,15,-101.119194030762,19.7009405193948
14232,14232,2018,,2018/04/30,15:30:00,COLISIÓN CONTRA OBJETO FIJO,ASFALTO,Bueno,Bueno,1,FORD,VERDE,2,MINISTERIO PÚBLICO,69,MASCULINO,SIN DATOS,1,0,Zacapu,Sin datos,abril,lunes,16,-101.711940765381,19.8286850167472
14233,14233,2018,"180446452",2018/04/30,16:10:00,COLISIÓN POR CORTE DE CIRCULACIÓN,ASFALTO,Bueno,Bueno,2,VOLKSWAGEN,PLATA,2,,33,FEMENINO,SIN DATOS,0,0,Morelia,Chapultepec Sur,abril,lunes,16,-101.176614761353,19.6919707365326
14234,14234,2018,"180446574",2018/04/30,16:50:00,COLISIÓN POR CORTE DE CIRCULACIÓN,CONCRETO,Bueno,Bueno,2,NISSAN,BLANCO,2,,29,FEMENINO,SIN DATOS,0,0,Morelia,Montaña Monarca,abril,lunes,17,-101.165564060211,19.6720697620738
14235,14235,2018,"180447679",2018/04/30,17:10:00,COLISIÓN POR CAMBIO DE CARRIL,ASFALTO,Bueno,Bueno,2,NISSAN,ROJO,2,,43,FEMENINO,SIN DATOS,0,0,Morelia,Chapultepec Oriente,abril,lunes,17,-101.160103082657,19.6901726790412
14236,14236,2018,,2018/04/30,19:00:00,COLISIÓN CONTRA OBJETO FIJO,ASFALTO,Bueno,Bueno,1,FORD,GUINDA,1,MINISTERIO PÚBLICO,28,MASCULINO,SIN DATOS,0,0,Lázaro Cárdenas,Centro,abril,lunes,19,-102.195677161217,17.952496748123
14237,14237,2018,"180447359",2018/04/30,19:10:00,COLISIÓN POR CORTE DE CIRCULACIÓN,ASFALTO,Lluvioso,Bueno,2,NISSAN,BLANCO/AMARILLO,2,,23,MASCULINO,SIN DATOS,0,0,Morelia,Comision Federal de Electricidad,abril,lunes,19,-101.178449392319,19.6816013240937
14238,14238,2018,"180447546",2018/04/30,19:40:00,COLISIÓN POR ALCANCE,ASFALTO,Lluvioso,Regular,2,MERCEDEZ BENZ,ROJO,2,,20,FEMENINO,SIN DATOS,0,0,Morelia,Josefa Ortiz de Dominguez,abril,lunes,20,-101.208098530769,19.6723324306273
14239,14239,2018,"180447716",2018/04/30,19:50:00,COLISIÓN POR ALCANCE,CONCRETO,Lluvioso,Bueno,2,NISSAN,PLATA,2,,55,MASCULINO,SIN DATOS,0,0,Morelia,Canteras de Morelia,abril,lunes,20,-101.171550750732,19.7147376496543
14240,14240,2018,,2018/04/30,20:00:00,SALIDA DE SUPERFICIE DE RODAMIENTO,ASFALTO,Bueno,Bueno,1,KENWORTH,AZUL,1,,36,MASCULINO,SIN DATOS,0,0,Tangamandapio,Sin datos,abril,lunes,20,-102.417039871216,19.9592312347802
14241,14241,2018,"180447669",2018/04/30,20:50:00,CAIDA DE MOTOCICLETA,ASFALTO,Lluvioso,Regular,1,ITALIKA,NEGRO/AMARILLO,2,,28,MASCULINO,SIN DATOS,1,0,Morelia,Sin datos,abril,lunes,21,-101.175005435944,19.7450144389596
14242,14242,2018,"180446596",2018/04/30,21:50:00,COLISIÓN POR CAMBIO DE CARRIL,ASFALTO,Lluvioso,Bueno,2,HONDA,VINO,3,MINISTERIO PÚBLICO,,,SIN DATOS,1,0,Morelia,Sin datos,abril,lunes,22,-101.174227595329,19.7462716398143
14243,14243,2018,,2018/04/30,22:15:00,SALIDA DE SUPERFICIE DE RODAMIENTO,ASFALTO,Bueno,Bueno,1,ITALIKA,NEGRO/VERDE,1,MINISTERIO PÚBLICO,,,SIN DATOS,0,0,Tuxpan,Sin datos,abril,lunes,22,-100.475206375122,19.5419151908695
14244,14244,2018,"14813",2018/04/30,22:15:00,SALIDA DE SUPERFICIE DE RODAMIENTO,ASFALTO,Lluvioso,Bueno,1,ITALIKA,NEGRO Y VERDE,1,MINISTERIO PÚBLICO,0,,SIN DATOS,0,0,Tuxpan,Tuxpan,abril,lunes,22,-100.462441,19.566022
14245,14245,2018,"180448681",2018/05/01,"00:00:00",COLISIÓN CON PEATÓN,ADOQUIN_EMPEDRADO,Bueno,Bueno,2,INTERNACIONAL,BLANCO,2,,24,MASCULINO,SIN DATOS,0,0,Morelia,Central de Abastos,mayo,martes,0,-101.170901656151,19.7161112372971
14246,14246,2018,,2018/05/01,"00:00:00",COLISIÓN POR ALCANCE,ASFALTO,Bueno,Bueno,2,NISSAN,BLANCO,2,,42,MASCULINO,SIN DATOS,0,0,Lázaro Cárdenas,Sin datos,mayo,martes,0,-102.189749479294,17.9627820238187
14247,14247,2018,"180448521",2018/05/01,"08:44:00",COLISIÓN POR CORTE DE CIRCULACIÓN,ASFALTO,Bueno,Malo,1,NISSAN,BLANCO,1,,43,MASCULINO,SIN DATOS,0,0,Morelia,2 de Octubre,mayo,martes,9,-101.386427879333,19.6676447425032
14248,14248,2018,"180448325",2018/05/01,"09:30:00",SALIDA DE SUPERFICIE DE RODAMIENTO,CONCRETO,Bueno,Bueno,3,CHEVROLET,NEGRO,3,MINISTERIO PÚBLICO,0,MASCULINO,SIN DATOS,0,0,Charo,Sin datos,mayo,martes,10,-101.05507850647,19.7467008024976
14249,14249,2018,"180381119",2018/05/01,11:05:00,COLISIÓN POR CAMBIO DE CARRIL,ASFALTO,Bueno,Bueno,2,FORD,BLANCO,2,,27,MASCULINO,SIN DATOS,0,0,Morelia,Reforma,mayo,martes,11,-101.240000724792,19.7062130625215
14250,14250,2018,"180449101",2018/05/01,12:14:00,COLISIÓN POR CORTE DE CIRCULACIÓN,ASFALTO,Bueno,Bueno,2,BENELLY,ROJO Y GRIS,1,,,,,1,0,Morelia,Vasco de Quiroga,mayo,martes,12,-101.175321936607,19.7050060493067
14251,14251,2018,"180449183",2018/05/01,12:20:00,COLISIÓN CON PEATÓN,CONCRETO,Bueno,Bueno,2,INTERNACIONAL,BLANCO,2,,32,MASCULINO,SIN DATOS,0,0,Morelia,Central de Abastos,mayo,martes,12,-101.168645918369,19.7166490542439
14253,14253,2018,,2018/05/01,12:50:00,COLISIÓN POR ALCANCE,ASFALTO,Bueno,Bueno,2,NISSAN,BLANCO,2,MINISTERIO PÚBLICO,40,MASCULINO,SIN DATOS,0,0,Lázaro Cárdenas,Jose Green,mayo,martes,13,-102.202650904655,17.9674817694739
14254,14254,2018,,2018/05/01,15:03:00,COLISIÓN POR ALCANCE,ASFALTO,Bueno,Bueno,2,VOLKSWAGEN,NEGRO,2,,23,,SIN DATOS,0,0,Morelia,Centro,mayo,martes,15,-101.187794208527,19.7029000672054
14255,14255,2018,"180950175",2018/05/01,17:30:00,SALIDA DE SUPERFICIE DE RODAMIENTO,ASFALTO,Lluvioso,Bueno,1,VOLKSWAGEN,GRIS,1,,25,FEMENINO,SIN DATOS,0,0,Morelia,Enrique Arreguin Robles,mayo,martes,18,-101.184253692627,19.7197471476219
14256,14256,2018,,2018/05/01,18:45:00,COLISIÓN POR ALCANCE,ASFALTO,Lluvioso,Regular,2,FORD,AZUL,4,,44,MASCULINO,SIN DATOS,2,0,Sahuayo,Centro,mayo,martes,19,-102.716481685638,20.0554475098321
14257,14257,2018,"180451186",2018/05/01,18:57:00,COLISIÓN POR INVASIÓN DE CARRIL,CONCRETO,Lluvioso,Regular,7,CHEVROLET,GRIS,7,,39,MASCULINO,SIN DATOS,0,0,Morelia,Medallistas Olimpicos,mayo,martes,19,-101.206988096237,19.7363349388551
14258,14258,2018,"180451597",2018/05/01,20:15:00,COLISIÓN CONTRA OBJETO FIJO,CONCRETO,Bueno,Bueno,1,NISSAN,BLANCO,1,,50,FEMENINO,SIN DATOS,0,0,Morelia,Chapultepec Oriente,mayo,martes,20,-101.159062385559,19.6881927721521
14259,14259,2018,"180452025",2018/05/01,22:20:00,COLISIÓN POR ALCANCE,ASFALTO,Bueno,Bueno,2,VOLKSWAGEN,BLANCO,2,,39,MASCULINO,CON CERTIFICADO,0,0,Morelia,Pascual Ortiz de Ayala,mayo,martes,22,-101.15168094635,19.695162743903
14260,14260,2018,"180452076",2018/05/01,22:50:00,COLISIÓN POR ALCANCE,ASFALTO,Bueno,Bueno,3,VOLKWAGEN,BLANCO,3,MINISTERIO PÚBLICO,23,MASCULINO,CON CERTIFICADO,0,0,Morelia,La Esperanza,mayo,martes,23,-101.252317428589,19.6981829707485
14261,14261,2018,,2018/05/01,23:30:00,COLISIÓN POR INVASIÓN DE CARRIL,CONCRETO,Nublado,Regular,2,DODGE,BLANCO,4,MINISTERIO PÚBLICO,27,MASCULINO,SIN DATOS,2,0,Sahuayo,Valle Verde,mayo,martes,0,-102.724812626839,20.0651424889936
14263,14263,2018,"180452295",2018/05/02,"01:00:00",COLISIÓN POR ALCANCE,ASFALTO,Bueno,Bueno,2,VOLKSWAGEN,BLANCO,2,,20,MASCULINO,SIN DATOS,0,0,Charo,La Goleta,mayo,miércoles,1,-101.082801818848,19.7379254584745
14264,14264,2018,"180452313",2018/05/02,"01:30:00",COLISIÓN POR CORTE DE CIRCULACIÓN,ASFALTO,Bueno,Regular,1,JEEP,VERDE,1,,31,MASCULINO,CON CERTIFICADO,0,0,Morelia,Sin datos,mayo,miércoles,2,-101.105332374573,19.7297454745493
14265,14265,2018,"180452371",2018/05/02,"02:45:00",COLISIÓN POR CORTE DE CIRCULACIÓN,ASFALTO,Bueno,Bueno,1,NISSAN,BLANCO,1,,0,,SIN DATOS,0,0,Morelia,Nicolaitas Ilustres,mayo,miércoles,3,-101.228209733963,19.7194340585979
14266,14266,2018,,2018/05/02,"03:05:00",COLISIÓN POR ALCANCE,CONCRETO,Bueno,Bueno,2,SIN DATOS,BLANCO,2,,0,FEMENINO,SIN DATOS,0,0,Morelia,Balcones de Santa Maria,mayo,miércoles,3,-101.184873282909,19.6758001203046
14267,14267,2018,,2018/05/02,"03:35:00",COLISIÓN POR NO RESPETAR SEMÁFORO,ASFALTO,Bueno,Bueno,2,DODGE,BLANCO,2,,0,MASCULINO,SIN DATOS,0,0,Morelia,Centro,mayo,miércoles,4,-101.178170442581,19.6992132692096
14268,14268,2018,"180452431",2018/05/02,"06:20:00",COLISIÓN CONTRA OBJETO FIJO,CONCRETO,Bueno,Bueno,4,VOLKSWAGEN,AZUL,4,,31,MASCULINO,SIN DATOS,0,0,Morelia,Obrera,mayo,miércoles,6,-101.185417771339,19.7108036697549
14269,14269,2018,"180452607",2018/05/02,"08:10:00",COLISIÓN POR ALCANCE,ASFALTO,Bueno,Bueno,2,ITALIKA,ROJO Y NEGRO,1,MINISTERIO PÚBLICO,,,,1,0,Morelia,Bosques de Oriente,mayo,miércoles,8,-101.156830787659,19.7148588490387
14270,14270,2018,"180452803",2018/05/02,"09:20:00",COLISIÓN POR CORTE DE CIRCULACIÓN,ASFALTO,Bueno,Regular,2,INTERNATIONAL,BLANCO/AZUL Y AMARILLO,2,,24,MASCULINO,SIN DATOS,0,0,Morelia,Alfonso Garcia Robles,mayo,miércoles,9,-101.18307352066,19.7190098724903
14271,14271,2018,"180452855",2018/05/02,"09:40:00",COLISIÓN POR ALCANCE,ASFALTO,Bueno,Bueno,3,VOLKSWAGEN,BLANCO,3,,45,MASCULINO,SIN DATOS,0,0,Morelia,Los Manantiales de Morelia,mayo,miércoles,10,-101.240263581276,19.692748541662
14272,14272,2018,"180452819",2018/05/02,"09:40:00",COLISIÓN POR CORTE DE CIRCULACIÓN,ASFALTO,Bueno,Bueno,2,VOLKSWAGEN,GRIS,2,,25,MASCULINO,SIN DATOS,0,0,Morelia,Solidaridad,mayo,miércoles,10,-101.205239295959,19.7258876083813
14273,14273,2018,"180452771",2018/05/02,"09:46:00",COLISIÓN POR CORTE DE CIRCULACIÓN,ASFALTO,Bueno,Bueno,3,ITALIKA,ROJO Y NEGRO,2,,38,MASCULINO,SIN DATOS,1,0,Morelia,Arboledas de Valladolid,mayo,miércoles,10,-101.25040769577,19.6946273800208
14274,14274,2018,"180452921",2018/05/02,11:02:00,COLISIÓN POR MANIOBRA DE REVERSA,CONCRETO,Bueno,Regular,2,DODGE,VERDE,2,,28,FEMENINO,SIN DATOS,0,0,Morelia,Del Empleado,mayo,miércoles,11,-101.17765545845,19.689697907682
14275,14275,2018,"180453145",2018/05/02,11:30:00,COLISIÓN POR ALCANCE,ASFALTO,Bueno,Bueno,3,GMC,GRIS,3,,36,MASCULINO,SIN DATOS,0,0,Morelia,Tlalpujahua,mayo,miércoles,12,-101.218205094337,19.6762218953579
14276,14276,2018,"180453307",2018/05/02,12:00:00,COLISIÓN POR CORTE DE CIRCULACIÓN,ASFALTO,Bueno,Bueno,2,MINI COOPER,AZUL,2,,,MASCULINO,SIN DATOS,0,0,Morelia,Chapultepec Oriente,mayo,miércoles,12,-101.163997650146,19.6907131085559
14277,14277,2018,"180454616",2018/05/02,12:30:00,COLISIÓN POR ALCANCE,ASFALTO,Bueno,Bueno,2,CHEVROLET,BLANCO,2,,68,MASCULINO,SIN DATOS,0,0,Morelia,Nueva Valladolid,mayo,miércoles,13,-101.210796833038,19.6952637557555
14278,14278,2018,"180456668",2018/05/02,13:20:00,COLISIÓN CON PEATÓN,ASFALTO,Bueno,Malo,2,VOLKWAGEN,BLANCO,2,,34,MASCULINO,SIN DATOS,0,0,Morelia,Comision Federal de Electricidad,mayo,miércoles,13,-101.178701519966,19.6815659669358
14279,14279,2018,"180454036",2018/05/02,14:40:00,SALIDA DE SUPERFICIE DE RODAMIENTO,ASFALTO,Bueno,Bueno,1,CHEVROLET,NEGRO,1,,47,MASCULINO,SIN DATOS,0,0,Morelia,Fovissste La Huerta,mayo,miércoles,15,-101.212556362152,19.6950415295959
14280,14280,2018,"180454459",2018/05/02,16:05:00,COLISIÓN POR CAMBIO DE CARRIL,CONCRETO,Bueno,Bueno,2,MAZDA,BLANCO,0,MINISTERIO PÚBLICO,,,,0,0,Morelia,La Quemada,mayo,miércoles,16,-101.241052150726,19.7058191428918
14281,14281,2018,,2018/05/02,16:45:00,COLISIÓN POR CORTE DE CIRCULACIÓN,SIN_DATOS,Bueno,Bueno,2,SIN DATOS,SIN DATOS,1,,,MASCULINO,SIN DATOS,0,0,Morelia,Tres Puentes,mayo,miércoles,17,-101.214895248413,19.7033040946976
14282,14282,2018,F097LBA,2018/05/02,17:00:00,COLISIÓN POR CORTE DE CIRCULACIÓN,ASFALTO,Bueno,Bueno,1,NISSAN,BLANCO/ROJO,1,,30,MASCULINO,SIN DATOS,0,0,Morelia,Jardines del Toreo,mayo,miércoles,17,-101.214230060577,19.6879907394604
14283,14283,2018,"180454650",2018/05/02,17:00:00,COLISIÓN POR CORTE DE CIRCULACIÓN,ASFALTO,Bueno,Bueno,2,NISSAN,BLANCO/ROJO,2,,30,MASCULINO,SIN DATOS,0,0,Morelia,Jardines del Toreo,mayo,miércoles,17,-101.214122772217,19.688111959106
14284,14284,2018,"180454845",2018/05/02,17:50:00,COLISIÓN CON PEATÓN,ASFALTO,Bueno,Bueno,2,NISSAN,NEGRO,2,,43,FEMENINO,SIN DATOS,0,0,Morelia,Chapultepec Sur,mayo,miércoles,18,-101.173766255379,19.690728260759
14285,14285,2018,"180455473",2018/05/02,20:30:00,COLISIÓN POR ALCANCE,ASFALTO,Bueno,Regular,2,PEUGEOT,BLANCO,2,,20,FEMENINO,SIN DATOS,0,0,Morelia,Jardines de Sindurio,mayo,miércoles,21,-101.256866455078,19.697607212837
14286,14286,2018,,2018/05/02,22:40:00,COLISIÓN CONTRA OBJETO FIJO,ASFALTO,Bueno,Bueno,1,HONDA,BLANCO,1,,27,MASCULINO,SIN DATOS,0,0,Pátzcuaro,Los Nogales,mayo,miércoles,23,-101.605419516563,19.5298373606608
14287,14287,2018,,2018/05/02,22:40:00,COLISIÓN CONTRA OBJETO FIJO,TERRACERIA,Bueno,Malo,1,FORD,BLANCO,1,,21,MASCULINO,CON CERTIFICADO,0,0,Pátzcuaro,Erendira 1,mayo,miércoles,23,-101.616475582123,19.505421107269
14288,14288,2018,"180456195",2018/05/03,"00:50:00",CAIDA ACUATICA DE VEHÍCULO,ASFALTO,Bueno,Bueno,1,FORD,BLANCO,0,,,,,0,0,Morelia,Adolfo Lopez Mateos,mayo,jueves,1,-101.224400997162,19.693031378954
14289,14289,2018,,2018/05/03,"01:00:00",SALIDA DE SUPERFICIE DE RODAMIENTO,ASFALTO,Bueno,Malo,1,NISSAN,GUINDA,1,MINISTERIO PÚBLICO,,,SIN DATOS,0,0,Erongarícuaro,Sin datos,mayo,jueves,1,-101.694989204407,19.5978789966858
14290,14290,2018,"180456266",2018/05/03,"03:00:00",COLISIÓN CONTRA OBJETO FIJO,ASFALTO,Bueno,Bueno,1,FORD,ROJO,1,,28,MASCULINO,SIN DATOS,0,0,Morelia,Ciudad Industrial,mayo,jueves,3,-101.137454509735,19.7290183445945
14291,14291,2018,"180456269",2018/05/03,"03:30:00",COLISIÓN POR ALCANCE,ASFALTO,Bueno,Bueno,2,VOLKSWAGEN,AZUL,2,,23,MASCULINO,ALIENTO ETÍLICO,0,0,Morelia,Elias Perez Avalos,mayo,jueves,4,-101.16785466671,19.712025789406
14292,14292,2018,,2018/05/03,"06:20:00",SALIDA DE SUPERFICIE DE RODAMIENTO,TERRACERIA,Bueno,Regular,1,FREIGHTLINER,BLANCO,2,MINISTERIO PÚBLICO,46,MASCULINO,SIN DATOS,1,0,Sahuayo,Popular,mayo,jueves,6,-102.715392708778,20.0474955673915
14293,14293,2018,,2018/05/03,"07:10:00",COLISIÓN POR CORTE DE CIRCULACIÓN,ASFALTO,Bueno,Bueno,2,NISSAN,PLATA,2,,44,MASCULINO,SIN DATOS,0,0,Apatzingán,Independencia,mayo,jueves,7,-102.354909181595,19.0956998856755
14294,14294,2018,"18045865",2018/05/03,"07:23:00",COLISIÓN POR CORTE DE CIRCULACIÓN,SIN_DATOS,Bueno,Bueno,2,SIN DATOS,SIN DATOS,1,,19,MASCULINO,SIN DATOS,0,0,Morelia,Eduardo Ruiz,mayo,jueves,7,-101.220329403877,19.7207874067496
14295,14295,2018,"180456386",2018/05/03,"07:30:00",COLISIÓN POR CORTE DE CIRCULACIÓN,ASFALTO,Bueno,Bueno,2,RENAULT,BLANCO,2,,46,FEMENINO,SIN DATOS,0,0,Morelia,Felix Ireta,mayo,jueves,8,-101.185154914856,19.6813033135192
14296,14296,2018,"180456417",2018/05/03,"07:35:00",SALIDA DE SUPERFICIE DE RODAMIENTO,ASFALTO,Bueno,Bueno,1,NISSAN,NARANJA,1,,,,SIN DATOS,0,0,Morelia,Centenario (Los Alamos Poniente),mayo,jueves,8,-101.173567771912,19.732855937551
14297,14297,2018,"180459655",2018/05/03,10:30:00,SUBIDA AL CAMELLÓN,ASFALTO,Bueno,Bueno,1,TOYOTA,BLANCO,1,,44,MASCULINO,SIN DATOS,0,0,Morelia,La Quemada,mayo,jueves,11,-101.241272091866,19.7057181377023
14298,14298,2018,"180457424",2018/05/03,12:00:00,COLISIÓN POR CAMBIO DE CARRIL,CONCRETO,Bueno,Bueno,2,NISSAN,BLANCO GRIS,2,,36,MASCULINO,SIN DATOS,0,0,Morelia,Ferrocarrilero,mayo,jueves,12,-101.223843097687,19.6917485058015
14299,14299,2018,"180457346",2018/05/03,12:42:00,COLISIÓN POR ALCANCE,ASFALTO,Bueno,Bueno,2,ITALIKA,NEGRO Y VERDE,2,,17,MASCULINO,SIN DATOS,0,0,Morelia,Cinco de Diciembre,mayo,jueves,13,-101.165177822113,19.6849400148311
14300,14300,2018,"180457889",2018/05/03,15:00:00,COLISIÓN POR ALCANCE,CONCRETO,Bueno,Bueno,1,HONDA,BLANCO,1,,39,MASCULINO,SIN DATOS,0,0,Morelia,Junta de Jaujilla,mayo,jueves,15,-101.234405636787,19.6900969177485
14301,14301,2018,"180458088",2018/05/03,15:12:00,COLISIÓN POR ALCANCE,ASFALTO,Bueno,Bueno,2,CHEVROLET,BLANCO,2,,55,MASCULINO,SIN DATOS,0,0,Morelia,Felix Ireta,mayo,jueves,15,-101.195690631866,19.6817275995936
14302,14302,2018,"180458472",2018/05/03,17:00:00,SUBIDA AL CAMELLÓN,ASFALTO,Lluvioso,Bueno,1,NISSAN,PLATA,1,,,MASCULINO,SIN DATOS,0,0,Morelia,Las Americas,mayo,jueves,17,-101.153419017792,19.6873947415346
14303,14303,2018,"180458853",2018/05/03,18:00:00,COLISIÓN POR CORTE DE CIRCULACIÓN,SIN_DATOS,Bueno,Bueno,2,NISSAN,BLANCO Y ROJO,2,MINISTERIO PÚBLICO,36,MASCULINO,SIN DATOS,0,0,Morelia,Cosmos,mayo,jueves,18,-101.21754527092,19.6841470189459
14304,14304,2018,"180458622",2018/05/03,18:10:00,COLISIÓN CONTRA OBJETO FIJO,CONCRETO,Bueno,Bueno,1,SUZUKI,GRIS,1,,27,MASCULINO,SIN DATOS,0,0,Morelia,Bosques Tres Marias,mayo,jueves,18,-101.10408782959,19.7244939060776
14305,14305,2018,"180458925",2018/05/03,18:20:00,COLISIÓN POR ALCANCE,ADOQUIN_EMPEDRADO,Nublado,Bueno,2,NISSAN,NEGRO,2,,39,MASCULINO,SIN DATOS,0,0,Morelia,Centro,mayo,jueves,18,-101.191602945328,19.7019556489627
14306,14306,2018,"180458677",2018/05/03,18:25:00,COLISIÓN POR CORTE DE CIRCULACIÓN,CONCRETO,Lluvioso,Bueno,2,FORD,GRIS,2,,44,FEMENINO,SIN DATOS,0,0,Morelia,Eva Samano,mayo,jueves,18,-101.199370622635,19.7296217617003
14307,14307,2018,"180459209",2018/05/03,20:35:00,COLISIÓN POR CORTE DE CIRCULACIÓN,ASFALTO,Bueno,Bueno,2,VOLKSWAGEN,PLATA,2,,31,FEMENINO,SIN DATOS,0,0,Morelia,Isaac Arriaga,mayo,jueves,21,-101.171459555626,19.7078089321211