fid,id_accidente,anio_origen,folio_c5i,dia_incidente,hora_ocurrencia,tipo_incidente_vial,superficie_ocurrencia,condiciones_climaticas,condiciones_via,numero_vehiculos_involucrados,marca_vehiculo_ocasiona_siniestro,color_vehiculo_ocasiona_siniestro,numero_personas_involucradas,lugar_remite_presunto_responsable,edad_presunto_responsable,sexo_presunto_responsable,resultados_toxicologia,numero_personas_lesionadas,numero_personas_fallecidas,municipio,colonia,mes,dia_semana,hora_redondeada,lon,lat
14308,14308,2018,"180459267",2018/05/03,21:09:00,COLISIÓN POR ALCANCE,CONCRETO,Bueno,Bueno,2,VOLKSWAGEN,BLANCO,2,,0,MASCULINO,SIN DATOS,0,0,Morelia,Elias Perez Avalos,mayo,jueves,21,-101.167087554932,19.7116268340177
14309,14309,2018,"180458691",2018/05/03,22:25:00,COLISIÓN CONTRA OBJETO FIJO,ASFALTO,Bueno,Bueno,1,KIA,BLANCO,1,,35,MASCULINO,SIN DATOS,0,0,Morelia,Ciudad Industrial,mayo,jueves,22,-101.142840385437,19.7250695671982
14310,14310,2018,,2018/05/04,"00:00:00",COLISIÓN POR INVASIÓN DE CARRIL,ASFALTO,Bueno,Bueno,2,CHEVROLET,BLANCO,3,,36,MASCULINO,SIN DATOS,1,0,Cotija,Centro,mayo,viernes,0,-102.704337,19.809372
14311,14311,2018,"180459822",2018/05/04,"01:30:00",VOLCADURA,ASFALTO,Bueno,Bueno,1,VOLKSWAGEN,AZUL,1,,60,MASCULINO,SIN DATOS,0,0,Morelia,Ciudad Industrial,mayo,viernes,2,-101.142990589142,19.7252008580406
14312,14312,2018,,2018/05/04,"07:15:00",COLISIÓN POR CORTE DE CIRCULACIÓN,ASFALTO,Bueno,Bueno,2,NISSAN,GRIS,2,,55,MASCULINO,SIN DATOS,0,0,Apatzingán,Benito Juarez,mayo,viernes,7,-102.351403534412,19.0903010647944
14313,14313,2018,"180460095",2018/05/04,"07:55:00",COLISIÓN POR CORTE DE CIRCULACIÓN,ASFALTO,Bueno,Regular,2,MITSUBISHI,BLANCO,2,,70,MASCULINO,SIN DATOS,0,0,Morelia,Felix Ireta,mayo,viernes,8,-101.18122279644,19.687712944093
14314,14314,2018,"180460250",2018/05/04,"08:45:00",COLISIÓN POR CORTE DE CIRCULACIÓN,ASFALTO,Bueno,Bueno,2,SIN DATOS,BLANCO/GRIS,2,,,,SIN DATOS,0,0,Morelia,Villas Insurgentes,mayo,viernes,9,-101.258813738823,19.6887685639251
14315,14315,2018,,2018/05/04,11:40:00,COLISIÓN POR CAMBIO DE CARRIL,ASFALTO,Bueno,Bueno,2,FORD,MOKA,2,,35,MASCULINO,SIN DATOS,0,0,Pátzcuaro,El Calvario,mayo,viernes,12,-101.618642807007,19.5137338676782
14316,14316,2018,"180460719",2018/05/04,11:45:00,COLISIÓN POR CAMBIO DE CARRIL,ASFALTO,Bueno,Bueno,2,FORD,PLATA,2,,52,MASCULINO,SIN DATOS,0,0,Morelia,Las Americas,mayo,viernes,12,-101.153676509857,19.6875765716454
14317,14317,2018,,2018/05/04,11:50:00,SALIDA DE SUPERFICIE DE RODAMIENTO,CONCRETO,Bueno,Bueno,2,MERCEDES,BLANCO/AZUL,2,,21,MASCULINO,SIN DATOS,0,0,Apatzingán,Bellavista,mayo,viernes,12,-102.344963550568,19.0733633397587
14318,14318,2018,"180460829",2018/05/04,12:10:00,COLISIÓN POR CAMBIO DE CARRIL,ASFALTO,Bueno,Regular,2,VOLKSWAGEN,VERDE,2,,33,MASCULINO,SIN DATOS,0,0,Morelia,Libertad,mayo,viernes,12,-101.238117814064,19.6873997923738
14319,14319,2018,"180460941",2018/05/04,13:00:00,COLISIÓN POR CORTE DE CIRCULACIÓN,ASFALTO,Bueno,Bueno,2,TOYOTA,CAFE,2,,40,MASCULINO,SIN DATOS,0,0,Morelia,Santiaguito,mayo,viernes,13,-101.191619038582,19.7166616790331
14320,14320,2018,"180461113",2018/05/04,13:00:00,COLISIÓN POR CORTE DE CIRCULACIÓN,ASFALTO,Bueno,Bueno,2,BMW,PLATA,2,,20,FEMENINO,SIN DATOS,0,0,Morelia,Americas Britania,mayo,viernes,13,-101.148363053799,19.6909429168154
14321,14321,2018,"180461084",2018/05/04,13:30:00,COLISIÓN POR CORTE DE CIRCULACIÓN,ASFALTO,Bueno,Regular,2,RENAULT,GRIS,2,,63,FEMENINO,SIN DATOS,0,0,Morelia,Centro,mayo,viernes,14,-101.200129687786,19.698374889592
14322,14322,2018,"180461497",2018/05/04,14:00:00,COLISIÓN POR CORTE DE CIRCULACIÓN,ASFALTO,Bueno,Bueno,1,VOLKSWAGEN,ROJO,1,,37,MASCULINO,SIN DATOS,0,0,Morelia,Nicolaitas Ilustres,mayo,viernes,14,-101.228177547455,19.7194239589417
14323,14323,2018,"180461419",2018/05/04,15:00:00,COLISIÓN POR ALCANCE,ASFALTO,Bueno,Bueno,2,GMC,GRIS,2,,44,MASCULINO,SIN DATOS,0,0,Morelia,Lomas del Pedregal,mayo,viernes,15,-101.284203529358,19.6905161297851
14324,14324,2018,,2018/05/04,15:20:00,COLISIÓN POR INVASIÓN DE CARRIL,ASFALTO,Bueno,Bueno,2,CHEVROLET,BLANCO,1,,21,MASCULINO,SIN DATOS,0,0,Pátzcuaro,Revolucion,mayo,viernes,15,-101.618235111237,19.5331893145241
14325,14325,2018,"180461667",2018/05/04,15:55:00,COLISIÓN POR ALCANCE,ASFALTO,Bueno,Regular,2,FORD,GRIS,2,,,MASCULINO,SIN DATOS,0,0,Morelia,Canteras de Morelia,mayo,viernes,16,-101.171743869781,19.7151618470976
14326,14326,2018,"180461958",2018/05/04,16:55:00,COLISIÓN POR CAMBIO DE CARRIL,ASFALTO,Bueno,Bueno,2,VOLVO,PLATA/AZUL,2,,26,MASCULINO,SIN DATOS,0,0,Morelia,La Soledad,mayo,viernes,17,-101.183395385742,19.7281801212348
14327,14327,2018,"180462336",2018/05/04,18:30:00,COLISIÓN POR MANIOBRA DE REVERSA,ADOQUIN_EMPEDRADO,Bueno,Bueno,2,CHEVROLET,ARENA,2,,68,FEMENINO,SIN DATOS,0,0,Morelia,Molino de Parras,mayo,viernes,19,-101.204182505608,19.7024859379671
14328,14328,2018,"180462762",2018/05/04,18:50:00,COLISIÓN POR CAMBIO DE CARRIL,ASFALTO,Bueno,Bueno,2,KENWORTH,AZUL,2,,32,MASCULINO,SIN DATOS,0,0,Morelia,Arcos del Valle,mayo,viernes,19,-101.236245632172,19.7078089321211
14329,14329,2018,"180411701",2018/05/04,19:00:00,CAIDA DE MOTOCICLETA,ASFALTO,Bueno,Bueno,1,DINAMO,NEGRO,1,,,MASCULINO,SIN DATOS,0,0,Morelia,Jose Ma Pino Suarez,mayo,viernes,19,-101.164727210999,19.7268571332494
14330,14330,2018,,2018/05/04,19:00:00,VOLCADURA,ASFALTO,Bueno,Bueno,1,GMC,ANARANJADA,1,,0,,SIN DATOS,0,0,Ixtlán,Centro,mayo,viernes,19,-102.395796775818,20.1683437070556
14331,14331,2018,"180462307",2018/05/04,19:20:00,COLISIÓN POR CORTE DE CIRCULACIÓN,CONCRETO,Bueno,Bueno,2,NISSAN,BLANCO,3,MINISTERIO PÚBLICO,22,MASCULINO,SIN DATOS,1,0,Morelia,Rector Diaz Rubio,mayo,viernes,19,-101.198270916939,19.6692359451132
14332,14332,2018,"180432751",2018/05/04,19:50:00,COLISIÓN POR CAMBIO DE CARRIL,CONCRETO,Nublado,Bueno,2,HONDA,BLANCO,2,,20,MASCULINO,SIN DATOS,0,0,Morelia,Jardines del Toreo,mayo,viernes,20,-101.21452242136,19.6872381654404
14333,14333,2018,"180463194",2018/05/04,21:30:00,COLISIÓN POR CORTE DE CIRCULACIÓN,ASFALTO,Lluvioso,Regular,2,CHRYSLER,BLANCO,2,,39,FEMENINO,SIN DATOS,0,0,Morelia,Industrial,mayo,viernes,22,-101.19742333889,19.7131216490847
14334,14334,2018,"180463305",2018/05/04,22:10:00,COLISIÓN POR CORTE DE CIRCULACIÓN,ASFALTO,Lluvioso,Regular,2,ITALIKA,PLATA,4,MINISTERIO PÚBLICO,,,SIN DATOS,2,0,Morelia,Centro,mayo,viernes,22,-101.201688051224,19.7029000672054
14335,14335,2018,"180463503",2018/05/04,22:50:00,CAIDA DE MOTOCICLETA,ASFALTO,Lluvioso,Regular,2,HONDA,BLANCO,2,,17,MASCULINO,SIN DATOS,0,0,Morelia,Juarez,mayo,viernes,23,-101.20019942522,19.6954935574824
14336,14336,2018,"180463430",2018/05/04,22:55:00,COLISIÓN POR ALCANCE,ASFALTO,Nublado,Regular,2,CHEVROLET,GUINDA,2,,,,SIN DATOS,0,0,Morelia,Jesus Romero Flores,mayo,viernes,23,-101.173176169395,19.727624669598
14337,14337,2018,,2018/05/04,23:00:00,COLISIÓN POR CORTE DE CIRCULACIÓN,ASFALTO,Lluvioso,Bueno,1,CHEVROLET,GRIS,1,MINISTERIO PÚBLICO,,,SIN DATOS,0,0,Tuzantla,Benito Juarez,mayo,viernes,23,-100.569534301758,19.2117850578302
14338,14338,2018,"180463685",2018/05/05,"00:15:00",COLISIÓN CONTRA OBJETO FIJO,ASFALTO,Lluvioso,Regular,1,TOYOTA,VERDE,1,,38,MASCULINO,CON CERTIFICADO,0,0,Morelia,Ampliacion La Soledad,mayo,sábado,0,-101.183288097382,19.7300686423558
14339,14339,2018,"180463616",2018/05/05,"00:20:00",COLISIÓN CONTRA OBJETO FIJO,ASFALTO,Lluvioso,Regular,1,CHEVROLET,AZUL,1,,26,MASCULINO,CON CERTIFICADO,0,0,Morelia,Ciudad Industrial,mayo,sábado,0,-101.142700910568,19.7251604608698
14340,14340,2018,"180463686",2018/05/05,"00:55:00",VOLCADURA,ASFALTO,Lluvioso,Regular,1,RENAULT,BLANCO,1,,43,MASCULINO,SIN DATOS,0,0,Morelia,2 de Octubre,mayo,sábado,1,-101.386663913727,19.6674224780242
14341,14341,2018,,2018/05/05,"01:10:00",CAIDA DE MOTOCICLETA,ASFALTO,Bueno,Bueno,1,ITALIKA,NEGRO/AMARILLO,0,MINISTERIO PÚBLICO,,,,0,0,Lázaro Cárdenas,Valle del Tecnologico,mayo,sábado,1,-102.226645946503,17.9741408041359
14342,14342,2018,"180477301",2018/05/05,"01:30:00",VOLCADURA,ASFALTO,Bueno,Regular,1,CHEVROLET,VERDE,1,,44,MASCULINO,SIN DATOS,0,0,Tarímbaro,Club Erandeni,mayo,sábado,2,-101.183395385742,19.7595650492072
14343,14343,2018,"180463742",2018/05/05,"01:30:00",COLISIÓN CONTRA OBJETO FIJO,ASFALTO,Bueno,Bueno,1,CHEVROLET,NEGRO,1,,26,MASCULINO,ALIENTO ETÍLICO,0,0,Morelia,Ciudad Industrial,mayo,sábado,2,-101.142754554749,19.725130162985
14344,14344,2018,"180463751",2018/05/05,"01:32:00",COLISIÓN POR ALCANCE,ASFALTO,Lluvioso,Regular,2,FORD,AZUL,2,,22,MASCULINO,SIN DATOS,0,0,Morelia,Avicola Benito Juarez,mayo,sábado,2,-101.279547214508,19.6915868832579
14345,14345,2018,"180463735",2018/05/05,"01:55:00",COLISIÓN POR ALCANCE,ASFALTO,Bueno,Bueno,2,TOYOTA,GUINDA,2,,38,MASCULINO,CON CERTIFICADO,0,0,Morelia,Indeco El Vivero,mayo,sábado,2,-101.229786872864,19.6769745211377
14346,14346,2018,,2018/05/05,"02:26:00",COLISIÓN CONTRA OBJETO FIJO,ASFALTO,Lluvioso,Regular,1,VOLKSWAGEN,BLANCO,1,,,,SIN DATOS,0,0,Zitácuaro,Sin datos,mayo,sábado,2,-100.418171882629,19.4853251155583
14347,14347,2018,"180463847",2018/05/05,"04:05:00",COLISIÓN CONTRA OBJETO FIJO,ASFALTO,Lluvioso,Regular,1,VOLKSWAGEN,ARENA,1,,,,SIN DATOS,0,0,Morelia,Los Manantiales de Morelia,mayo,sábado,4,-101.240276992321,19.692748541662
14348,14348,2018,"180463845",2018/05/05,"04:15:00",COLISIÓN POR ALCANCE,ASFALTO,Bueno,Bueno,3,CHEVROLET,PLATA,3,,,MASCULINO,CON CERTIFICADO,0,0,Morelia,Fuentes de Morelia,mayo,sábado,4,-101.204649209976,19.6728981768187
14349,14349,2018,"180921372",2018/05/05,"08:40:00",COLISIÓN CONTRA OBJETO FIJO,ASFALTO,Bueno,Bueno,1,SUZUKI,GRIS,1,,54,MASCULINO,SIN DATOS,0,0,Tarímbaro,Cuto del Porvenir,mayo,sábado,9,-101.141767501831,19.8696562332966
14350,14350,2018,"180464092",2018/05/05,"08:40:00",COLISIÓN POR NO RESPETAR SEMÁFORO,ASFALTO,Bueno,Bueno,3,FORD,AZUL,4,MINISTERIO PÚBLICO,,,SIN DATOS,1,0,Morelia,La Esperanza,mayo,sábado,9,-101.254441738129,19.6979708496537
14351,14351,2018,"180464112",2018/05/05,"08:45:00",COLISIÓN POR CORTE DE CIRCULACIÓN,CONCRETO,Bueno,Regular,2,CHEVROLET,BLANCO/ROSA,2,,,MASCULINO,SIN DATOS,0,0,Morelia,Centro,mayo,sábado,9,-101.184033751488,19.7021122106611
14352,14352,2018,"1800464376",2018/05/05,"09:30:00",COLISIÓN POR CAMBIO DE CARRIL,ASFALTO,Bueno,Bueno,2,FORD,ROJO,2,,28,MASCULINO,SIN DATOS,0,0,Morelia,Tinijaro,mayo,sábado,10,-101.262874603271,19.6968193302333
14353,14353,2018,"180464349",2018/05/05,"09:40:00",COLISIÓN POR CORTE DE CIRCULACIÓN,ASFALTO,Bueno,Bueno,1,DODGE,AZUL,1,,27,MASCULINO,SIN DATOS,0,0,Morelia,Felix Ireta,mayo,sábado,10,-101.192193031311,19.6823034146113
14354,14354,2018,"180464902",2018/05/05,10:20:00,COLISIÓN CONTRA OBJETO FIJO,ASFALTO,Bueno,Bueno,1,VOLKSWAGEN,GRIS,0,,,,,0,0,Morelia,Arcos del Valle,mayo,sábado,10,-101.236288547516,19.707707928188
14355,14355,2018,"180464419",2018/05/05,10:30:00,COLISIÓN POR CAMBIO DE CARRIL,ASFALTO,Bueno,Bueno,2,SUZUKI,BLANCO,2,,40,MASCULINO,SIN DATOS,0,0,Morelia,Canteras de Morelia,mayo,sábado,11,-101.171550750732,19.714899248813
14356,14356,2018,"180464524",2018/05/05,11:04:00,COLISIÓN POR ALCANCE,ASFALTO,Bueno,Bueno,3,VOLKSWAGEN,GRIS,3,MINISTERIO PÚBLICO,,FEMENINO,SIN DATOS,0,0,Morelia,Libertad,mayo,sábado,11,-101.236921548843,19.6848693019817
14357,14357,2018,"180404768",2018/05/05,11:45:00,COLISIÓN POR ALCANCE,ASFALTO,Bueno,Bueno,2,TOYOTA,ROJO,2,,50,MASCULINO,SIN DATOS,0,0,Morelia,Lomas del Tecnologico,mayo,sábado,12,-101.188502311707,19.7213832802876
14358,14358,2018,"180648240",2018/05/05,13:00:00,COLISIÓN POR ALCANCE,ASFALTO,Bueno,Regular,5,NISSAN,BLANCO,5,,,FEMENINO,SIN DATOS,0,0,Morelia,Sin datos,mayo,sábado,13,-101.174983978271,19.7448932624504
14359,14359,2018,"180465015",2018/05/05,13:00:00,COLISIÓN POR ALCANCE,ASFALTO,Bueno,Bueno,2,TOYOTA,GUINDA,2,,55,MASCULINO,SIN DATOS,0,0,Morelia,Elias Perez Avalos,mayo,sábado,13,-101.171223521233,19.7145912002757
14360,14360,2018,,2018/05/05,14:18:00,COLISIÓN POR CORTE DE CIRCULACIÓN,ASFALTO,Bueno,Bueno,1,VOLKSWAGEN,PLATA,0,,,,,0,0,Pátzcuaro,Viveros,mayo,sábado,14,-101.617205142975,19.5408636618171
14361,14361,2018,"180465322",2018/05/05,14:20:00,COLISIÓN POR INVASIÓN DE CARRIL,TERRACERIA,Bueno,Bueno,2,KENWORTH,BLANCO,2,,47,MASCULINO,SIN DATOS,0,0,Morelia,Isaac Arriaga,mayo,sábado,14,-101.170477867126,19.7087886669621
14362,14362,2018,,2018/05/05,14:24:00,COLISIÓN POR CORTE DE CIRCULACIÓN,ASFALTO,Bueno,Bueno,2,VW,BLANCO MARFIL,2,,33,MASCULINO,SIN DATOS,0,0,Apatzingán,Centro,mayo,sábado,14,-102.354941368103,19.0831986857991
14364,14364,2018,"180645657",2018/05/05,15:11:00,COLISIÓN POR CORTE DE CIRCULACIÓN,ASFALTO,Bueno,Bueno,1,FORD,GRIS,1,,49,MASCULINO,SIN DATOS,0,0,Morelia,Francisco J Mujica,mayo,sábado,15,-101.18555188179,19.7241606276389
14365,14365,2018,"180465923",2018/05/05,16:33:00,COLISIÓN POR CORTE DE CIRCULACIÓN,ASFALTO,Bueno,Bueno,2,HONDA,ROJO,2,,33,MASCULINO,SIN DATOS,0,0,Morelia,Chapultepec Oriente,mayo,sábado,17,-101.1643409729,19.6887988686979
14366,14366,2018,"180466047",2018/05/05,16:35:00,COLISIÓN POR CORTE DE CIRCULACIÓN,ASFALTO,Bueno,Bueno,1,VOLKSWAGEN,AZUL,1,,50,MASCULINO,SIN DATOS,0,0,Morelia,Rinconada del Valle,mayo,sábado,17,-101.218585968018,19.679141457499
14367,14367,2018,"180466490",2018/05/05,18:10:00,COLISIÓN CONTRA OBJETO FIJO,ASFALTO,Bueno,Bueno,1,NISSAN,GRIS,0,,,,,0,0,Tarímbaro,Sin datos,mayo,sábado,18,-101.168396472931,19.7578586271725
14368,14368,2018,"180466181",2018/05/05,18:25:00,SALIDA DE SUPERFICIE DE RODAMIENTO,ASFALTO,Bueno,Bueno,1,JEEP,BLANCO,1,,,MASCULINO,SIN DATOS,0,0,Morelia,Sin datos,mayo,sábado,18,-101.312785148621,19.6519642380207
14369,14369,2018,"180466651",2018/05/05,19:01:00,VOLCADURA,ASFALTO,Bueno,Bueno,1,RENAULT,GRIS,1,,55,MASCULINO,CON CERTIFICADO,0,0,Morelia,Ciudad Industrial,mayo,sábado,19,-101.142829656601,19.7250897657964
14370,14370,2018,"180467109",2018/05/05,19:50:00,COLISIÓN POR CORTE DE CIRCULACIÓN,ASFALTO,Bueno,Bueno,2,NISSAN,GRIS,2,,25,MASCULINO,SIN DATOS,0,0,Morelia,Ciudad Industrial,mayo,sábado,20,-101.144042015076,19.7244737074041
14371,14371,2018,"180466905",2018/05/05,20:00:00,COLISIÓN POR CORTE DE CIRCULACIÓN,ASFALTO,Bueno,Bueno,2,NISSAN,BLANCO,2,,,MASCULINO,SIN DATOS,0,0,Morelia,Cosmos,mayo,sábado,20,-101.216424107552,19.6831368274181
14372,14372,2018,"180466950",2018/05/05,20:20:00,COLISIÓN POR CAMBIO DE CARRIL,ASFALTO,Nublado,Bueno,2,NISSAN,BLANCO,2,,33,MASCULINO,SIN DATOS,0,0,Morelia,Villas Lomas del Paraiso,mayo,sábado,20,-101.171550750732,19.6707766183034
14373,14373,2018,"180467260",2018/05/05,21:10:00,COLISIÓN POR CAMBIO DE CARRIL,ASFALTO,Bueno,Bueno,2,NISSAN,AZUL,2,,58,MASCULINO,SIN DATOS,0,0,Morelia,Felix Ireta,mayo,sábado,21,-101.192171573639,19.6823943325828
14374,14374,2018,"180467290",2018/05/05,21:30:00,COLISIÓN POR CAMBIO DE CARRIL,ASFALTO,Bueno,Bueno,2,INTERNATIONAL,AMARILLO,2,MINISTERIO PÚBLICO,29,MASCULINO,SIN DATOS,0,0,Morelia,Primo Tapia Oriente,mayo,sábado,22,-101.158418655396,19.7138084513224
14375,14375,2018,,2018/05/05,22:00:00,COLISIÓN CONTRA OBJETO FIJO,ASFALTO,Nublado,Regular,1,CHEVROLET,BLANCO,1,MINISTERIO PÚBLICO,0,,SIN DATOS,0,0,Tangamandapio,Sin datos,mayo,sábado,22,-102.455298900604,19.8471738307777
14376,14376,2018,LEG14929,2018/05/05,22:20:00,COLISIÓN POR ALCANCE,ASFALTO,Bueno,Bueno,2,VOLKSWAGEN,NEGRO,2,,45,MASCULINO,CON CERTIFICADO,0,0,Morelia,Indeco El Vivero,mayo,sábado,22,-101.229765415192,19.6771412095907
14377,14377,2018,"180467753",2018/05/05,23:40:00,COLISIÓN POR ALCANCE,CONCRETO,Bueno,Bueno,2,VOLKSWAGEN,PLATA,2,,,MASCULINO,SIN DATOS,0,0,Morelia,Camelinas,mayo,sábado,0,-101.174190044403,19.6820508644198
14378,14378,2018,"180577116",2018/05/06,"00:00:00",COLISIÓN POR ALCANCE,ASFALTO,Bueno,Bueno,2,VOLKWAGEN,BLANCO/AZUL,2,,0,MASCULINO,CON CERTIFICADO,0,0,Morelia,Plan de La Garita,mayo,domingo,0,-101.185664534569,19.7136519010719
14379,14379,2018,"180458123",2018/05/06,"01:00:00",COLISIÓN POR ALCANCE,ASFALTO,Bueno,Bueno,3,MERCEDES BENZ,BLANCO,3,MINISTERIO PÚBLICO,26,MASCULINO,SIN DATOS,0,0,Morelia,Gertrudis Bocanegra,mayo,domingo,1,-101.208876371384,19.7022334196127
14380,14380,2018,"180468303",2018/05/06,"03:25:00",SUBIDA AL CAMELLÓN,ASFALTO,Lluvioso,Regular,1,NISSAN,VERDE,1,,42,MASCULINO,CON CERTIFICADO,0,0,Morelia,Ciudad Industrial,mayo,domingo,3,-101.142883300781,19.7252210566221
14381,14381,2018,"180468217",2018/05/06,"03:30:00",COLISIÓN CONTRA OBJETO FIJO,ASFALTO,Lluvioso,Regular,1,VOLKWAGEN,AZUL,1,,0,MASCULINO,SIN DATOS,0,0,Morelia,Primo Tapia Oriente,mayo,domingo,4,-101.161889433861,19.7120358895295
14382,14382,2018,"180468270",2018/05/06,"03:50:00",COLISIÓN POR CORTE DE CIRCULACIÓN,ASFALTO,Lluvioso,Bueno,2,BMW,NEGRO,2,,27,MASCULINO,CON CERTIFICADO,0,0,Morelia,Cañada del Bosque,mayo,domingo,4,-101.097800731659,19.7290890379298
14383,14383,2018,"180468304",2018/05/06,"04:10:00",COLISIÓN POR ALCANCE,ASFALTO,Lluvioso,Regular,2,FORD,BLANCO/VERDE,2,,0,MASCULINO,CON CERTIFICADO,0,0,Morelia,Primo Tapia Oriente,mayo,domingo,4,-101.162039637566,19.7118894376764
14384,14384,2018,"180468420",2018/05/06,"06:30:00",COLISIÓN POR INVASIÓN DE CARRIL,ADOQUIN_EMPEDRADO,Bueno,Bueno,2,TOYOTA,ROJO,2,,0,FEMENINO,SIN DATOS,0,0,Morelia,Vista Bella,mayo,domingo,7,-101.196784973145,19.6777625013874
14386,14386,2018,"180937816",2018/05/06,"08:30:00",COLISIÓN CONTRA OBJETO FIJO,ASFALTO,Lluvioso,Bueno,1,MAZDA,BLANCO,1,,32,MASCULINO,SIN DATOS,0,0,Morelia,Ciudad Industrial,mayo,domingo,9,-101.138248443604,19.7291597312338
14387,14387,2018,,2018/05/06,"08:45:00",COLISIÓN POR CORTE DE CIRCULACIÓN,ASFALTO,Lluvioso,Bueno,2,CHEVROLET,BLANCO,2,,0,,SIN DATOS,0,0,Morelia,Alberto Oviedo Mota,mayo,domingo,9,-101.197793483734,19.6812325990642
14388,14388,2018,,2018/05/06,10:20:00,COLISIÓN POR CORTE DE CIRCULACIÓN,SIN_DATOS,Bueno,Bueno,1,FORD,PLATA,1,,,,SIN DATOS,0,0,Morelia,Gertrudis Sanchez,mayo,domingo,10,-101.199708580971,19.7409713855576
14389,14389,2018,,2018/05/06,10:20:00,COLISIÓN POR INVASIÓN DE CARRIL,ASFALTO,Bueno,Bueno,2,VOLKSWAGEN,VERDE,2,MINISTERIO PÚBLICO,,,SIN DATOS,0,0,Hidalgo,Sin datos,mayo,domingo,10,-100.703001022339,19.6691803795739
14390,14390,2018,,2018/05/06,10:35:00,COLISIÓN CONTRA OBJETO FIJO,ASFALTO,Bueno,Malo,2,NISSAN,BLANCO,2,,80,MASCULINO,SIN DATOS,0,0,Morelia,Salvador Alcaraz Romero,mayo,domingo,11,-101.16767495,19.7180133849991
14391,14391,2018,"180469377",2018/05/06,12:40:00,COLISIÓN POR CORTE DE CIRCULACIÓN,CONCRETO,Bueno,Bueno,2,FORD,BLANCO,0,,,,,0,0,Morelia,23 de Marzo,mayo,domingo,13,-101.248514056206,19.7039858887771
14392,14392,2018,"180469403",2018/05/06,13:10:00,COLISIÓN POR CORTE DE CIRCULACIÓN,ASFALTO,Bueno,Bueno,1,DINA,NEGRO,1,,32,MASCULINO,SIN DATOS,0,0,Morelia,Los Manantiales de Morelia,mayo,domingo,13,-101.24033331871,19.6928394537032
14393,14393,2018,"180469810",2018/05/06,14:50:00,COLISIÓN POR CORTE DE CIRCULACIÓN,ASFALTO,Bueno,Bueno,2,NISSAN,PLATA,2,,35,MASCULINO,SIN DATOS,0,0,Morelia,Las Americas,mayo,domingo,15,-101.158976554871,19.6880816542032
14394,14394,2018,"180468240",2018/05/06,15:30:00,COLISIÓN POR CORTE DE CIRCULACIÓN,ASFALTO,Bueno,Bueno,1,NISSAN,AZUL,1,,19,MASCULINO,SIN DATOS,0,0,Morelia,Bosques Tres Marias,mayo,domingo,16,-101.105278730392,19.72936171193
14395,14395,2018,"180469905",2018/05/06,15:35:00,COLISIÓN POR CORTE DE CIRCULACIÓN,ASFALTO,Bueno,Bueno,2,FORD,ROJO,2,,44,MASCULINO,SIN DATOS,0,0,Morelia,Nueva Valladolid,mayo,domingo,16,-101.210571527481,19.6956273978965
14396,14396,2018,"180468352",2018/05/06,16:40:00,COLISIÓN CONTRA OBJETO FIJO,ASFALTO,Lluvioso,Regular,1,TOYOTA,AZUL,1,,,,SIN DATOS,0,0,Morelia,Isaac Arriaga,mayo,domingo,17,-101.166379451752,19.710212806905
14397,14397,2018,"180468334",2018/05/06,16:55:00,COLISIÓN CONTRA OBJETO FIJO,ASFALTO,Bueno,Bueno,2,CHEVROLET,ROJO,2,,,MASCULINO,CON CERTIFICADO,0,0,Morelia,Centro,mayo,domingo,17,-101.1906427145,19.696026393184
14398,14398,2018,"180468343",2018/05/06,17:00:00,SALIDA DE SUPERFICIE DE RODAMIENTO,ASFALTO,Lluvioso,Bueno,1,AUDI,BLANCO,1,,,,SIN DATOS,0,0,Morelia,Ciudad Industrial,mayo,domingo,17,-101.142861843109,19.7250998650945
14399,14399,2018,"180468349",2018/05/06,17:02:00,COLISIÓN POR CORTE DE CIRCULACIÓN,ASFALTO,Bueno,Bueno,1,BMW,GRIS,1,,,,SIN DATOS,0,0,Morelia,Lomas de Huerta,mayo,domingo,17,-101.210185289383,19.672413251634
14400,14400,2018,"180324961",2018/05/06,17:40:00,COLISIÓN CONTRA OBJETO FIJO,ASFALTO,Bueno,Bueno,1,FORD,GRIS,0,,,,,0,0,Morelia,Virreyes,mayo,domingo,18,-101.156948804855,19.6954556780995
14401,14401,2018,,2018/05/06,18:20:00,SALIDA DE SUPERFICIE DE RODAMIENTO,ASFALTO,Bueno,Bueno,1,NISSAN,AZUL,1,,,,SIN DATOS,0,0,Morelia,Ciudad Industrial,mayo,domingo,18,-101.137948036194,19.7287153728033
14402,14402,2018,"180470600",2018/05/06,18:50:00,COLISIÓN POR INVASIÓN DE CARRIL,CONCRETO,Bueno,Bueno,2,BAJAJ,NEGRO,2,,0,MASCULINO,SIN DATOS,0,0,Morelia,Las Flores,mayo,domingo,19,-101.20564699173,19.7053646190369
14403,14403,2018,"180471063",2018/05/06,20:36:00,COLISIÓN POR ALCANCE,ASFALTO,Bueno,Bueno,2,CHEVROLET,VERDE,2,,23,MASCULINO,SIN DATOS,0,0,Morelia,Santa Cecilia,mayo,domingo,21,-101.18764936924,19.6672153676642
14404,14404,2018,"180471206",2018/05/06,21:15:00,CAIDA DE MOTOCICLETA,CONCRETO,Bueno,Bueno,1,ITALIKA,AMARILLO,1,,25,MASCULINO,CON CERTIFICADO,0,0,Morelia,Torreon Nuevo,mayo,domingo,21,-101.203892827034,19.7467866348958