fid,id_accidente,anio_origen,folio_c5i,dia_incidente,hora_ocurrencia,tipo_incidente_vial,superficie_ocurrencia,condiciones_climaticas,condiciones_via,numero_vehiculos_involucrados,marca_vehiculo_ocasiona_siniestro,color_vehiculo_ocasiona_siniestro,numero_personas_involucradas,lugar_remite_presunto_responsable,edad_presunto_responsable,sexo_presunto_responsable,resultados_toxicologia,numero_personas_lesionadas,numero_personas_fallecidas,municipio,colonia,mes,dia_semana,hora_redondeada,lon,lat
14406,14406,2018,"180471723",2018/05/07,"00:35:00",SUBIDA AL CAMELLÓN,ASFALTO,Bueno,Bueno,1,FORD,BLANCO,1,,0,,SIN DATOS,0,0,Morelia,Alberto Oviedo Mota,mayo,lunes,1,-101.202085018158,19.6777877571005
14407,14407,2018,"180471732",2018/05/07,"00:50:00",VOLCADURA,ASFALTO,Bueno,Regular,2,CHEVROLET,PLATA,3,MINISTERIO PÚBLICO,64,MASCULINO,SIN DATOS,2,0,Morelia,Ciudad Industrial,mayo,lunes,1,-101.137347221374,19.7290991369752
14408,14408,2018,LEG14962,2018/05/07,"01:15:00",COLISIÓN POR ALCANCE,ASFALTO,Bueno,Bueno,2,FORD,NEGRO,2,,32,MASCULINO,SIN DATOS,0,0,Morelia,Bosques de Oriente,mayo,lunes,1,-101.156015396118,19.7155456438145
14409,14409,2018,"1804711817",2018/05/07,"03:30:00",COLISIÓN CONTRA OBJETO FIJO,ASFALTO,Bueno,Bueno,1,NISSAN,GRIS,1,,35,MASCULINO,CON CERTIFICADO,0,0,Morelia,Ciudad Industrial,mayo,lunes,4,-101.142872571945,19.7250493685975
14410,14410,2018,"180471851",2018/05/07,"04:20:00",COLISIÓN POR CORTE DE CIRCULACIÓN,ASFALTO,Bueno,Regular,1,AUDI,NARANJA,0,,,,,0,0,Morelia,Sin datos,mayo,lunes,4,-101.237683296204,19.6605725398242
14411,14411,2018,"180471866",2018/05/07,"05:10:00",SALIDA DE SUPERFICIE DE RODAMIENTO,ASFALTO,Bueno,Bueno,1,CHEVROLET,PLATA,1,,0,,CON CERTIFICADO,0,0,Acuitzio,Ricardo Flores Magon,mayo,lunes,5,-101.342911720276,19.4877525444746
14412,14412,2018,,2018/05/07,"07:00:00",COLISIÓN CON PEATÓN,ASFALTO,Bueno,Bueno,2,NISSAN,BLANCO Y AZUL,1,MINISTERIO PÚBLICO,39,MASCULINO,CON CERTIFICADO,0,0,Morelia,Lomas del Valle,mayo,lunes,7,-101.230645179749,19.6878392147743
14413,14413,2018,"180147208",2018/05/07,"08:10:00",SUBIDA AL CAMELLÓN,ASFALTO,Bueno,Bueno,1,KENWORTH,BLANCO Y ROJO,1,,,,SIN DATOS,0,0,Tarímbaro,Sin datos,mayo,lunes,8,-101.156487464905,19.768783451306
14414,14414,2018,"180472029",2018/05/07,"08:15:00",COLISIÓN POR CAMBIO DE CARRIL,ASFALTO,Bueno,Bueno,2,DODGE,BLANCO,2,,38,FEMENINO,SIN DATOS,0,0,Morelia,Elias Perez Avalos,mayo,lunes,8,-101.166486740112,19.7110006235531
14415,14415,2018,,2018/05/07,"09:00:00",SALIDA DE SUPERFICIE DE RODAMIENTO,ASFALTO,Bueno,Bueno,1,CHRYSLER,NEGRO,1,,23,MASCULINO,SIN DATOS,0,0,Morelia,Pablo Galeana,mayo,lunes,9,-101.235451698303,19.6360699978911
14416,14416,2018,"180472558",2018/05/07,10:29:00,COLISIÓN POR CAMBIO DE CARRIL,ASFALTO,Bueno,Bueno,2,DINAMO,AMARILLO Y NEGRO,2,,24,MASCULINO,SIN DATOS,0,0,Morelia,Cuauhtemoc,mayo,lunes,10,-101.183819174767,19.6984001420542
14417,14417,2018,"180472904",2018/05/07,12:55:00,COLISIÓN POR CORTE DE CIRCULACIÓN,ASFALTO,Bueno,Bueno,2,FOTON,BLANCO,2,,20,MASCULINO,SIN DATOS,0,0,Morelia,Loma Bonita,mayo,lunes,13,-101.195846199989,19.720171331773
14418,14418,2018,"180473597",2018/05/07,14:57:00,COLISIÓN POR CAMBIO DE CARRIL,ASFALTO,Nublado,Bueno,2,HONDA,ACERO,2,,40,FEMENINO,SIN DATOS,0,0,Morelia,Alberto Oviedo Mota,mayo,lunes,15,-101.196516752243,19.681384130001
14419,14419,2018,"180473668",2018/05/07,15:18:00,COLISIÓN POR NO RESPETAR SEMÁFORO,CONCRETO,Bueno,Bueno,2,YAMAHA,BLANCO,1,MINISTERIO PÚBLICO,,,,1,0,Morelia,Camelinas,mayo,lunes,15,-101.174082756042,19.6820104563522
14420,14420,2018,"180473787",2018/05/07,15:30:00,COLISIÓN POR ALCANCE,SIN_DATOS,Bueno,Bueno,3,CHEVROLET,GRIS,3,MINISTERIO PÚBLICO,30,MASCULINO,SIN DATOS,0,0,Morelia,Insurgentes,mayo,lunes,16,-101.155114173889,19.6953142616578
14421,14421,2018,"180474287",2018/05/07,17:20:00,COLISIÓN POR ALCANCE,ASFALTO,Bueno,Bueno,2,NISSAN,GRIS,2,,42,FEMENINO,SIN DATOS,0,0,Morelia,Morelos,mayo,lunes,17,-101.211998462677,19.692344487521
14422,14422,2018,,2018/05/07,17:30:00,COLISIÓN POR ALCANCE,ASFALTO,Nublado,Bueno,2,CHEVROLET,BLANCO,2,,38,MASCULINO,SIN DATOS,0,0,Morelia,Bosques de Oriente,mayo,lunes,18,-101.155092716217,19.7163132344846
14423,14423,2018,,2018/05/07,19:24:00,COLISIÓN POR CORTE DE CIRCULACIÓN,ASFALTO,Lluvioso,Regular,2,NISSAN,ARENA,4,MINISTERIO PÚBLICO,,,,3,1,Acuitzio,Sin Nombre,mayo,lunes,19,-101.333041191101,19.4752913566976
14424,14424,2018,"180474994",2018/05/07,21:00:00,COLISIÓN CON PEATÓN,ASFALTO,Bueno,Bueno,2,KEEWAY,NEGRO,2,,23,MASCULINO,SIN DATOS,0,0,Morelia,Fovissste La Huerta,mayo,lunes,21,-101.213178634644,19.6933243170509
14425,14425,2018,LEG14991,2018/05/08,"06:40:00",COLISIÓN POR CORTE DE CIRCULACIÓN,CONCRETO,Bueno,Bueno,2,VOLKSWAGEN,AZUL,2,,23,MASCULINO,SIN DATOS,0,0,Morelia,Libertad,mayo,martes,7,-101.236916184425,19.684844047385
14426,14426,2018,"180473699",2018/05/08,"06:40:00",SALIDA DE SUPERFICIE DE RODAMIENTO,ASFALTO,Lluvioso,Regular,1,TOYOTA,ROJO,1,,47,MASCULINO,SIN DATOS,0,0,Morelia,Irrigacion,mayo,martes,7,-101.220688819885,19.7056171324491
14427,14427,2018,"180475725",2018/05/08,"07:10:00",COLISIÓN POR CORTE DE CIRCULACIÓN,ASFALTO,Lluvioso,Regular,2,VOLKSWAGEN,BLANCO,2,,64,MASCULINO,SIN DATOS,0,0,Morelia,Eduardo Ruiz,mayo,martes,7,-101.216171979904,19.717262617847
14428,14428,2018,,2018/05/08,"09:20:00",CAIDA DE MOTOCICLETA,ASFALTO,Nublado,Bueno,1,ITALIKA,NEGRO Y PLATA,1,,40,MASCULINO,SIN DATOS,0,0,Morelia,Rinconada del Valle,mayo,martes,9,-101.218591332436,19.6784646087295
14429,14429,2018,"180476411",2018/05/08,10:10:00,COLISIÓN CONTRA OBJETO FIJO,ASFALTO,Bueno,Bueno,1,NISSAN,BLANCO,1,,,,SIN DATOS,0,0,Morelia,Sin datos,mayo,martes,10,-101.114709377289,19.7370367891479
14430,14430,2018,"180476302",2018/05/08,10:15:00,COLISIÓN POR ALCANCE,ASFALTO,Bueno,Bueno,3,NISSAN,BLANCO,3,,28,MASCULINO,SIN DATOS,0,0,Morelia,Las Americas,mayo,martes,10,-101.159019470215,19.6880917558381
14431,14431,2018,"180476109",2018/05/08,10:15:00,SALIDA DE SUPERFICIE DE RODAMIENTO,ASFALTO,Bueno,Bueno,1,NISSAN,BLANCO,1,,,,SIN DATOS,0,0,Morelia,Sin datos,mayo,martes,10,-101.114559173584,19.7368651138217
14432,14432,2018,,2018/05/08,10:45:00,COLISIÓN CONTRA OBJETO FIJO,ASFALTO,Bueno,Bueno,2,SIN DATOS,SIN DATOS,1,,,,SIN DATOS,0,0,Morelia,Chapultepec Sur,mayo,martes,11,-101.178599596024,19.6922687272561
14433,14433,2018,"180473666",2018/05/08,11:30:00,COLISIÓN POR CAMBIO DE CARRIL,ASFALTO,Bueno,Bueno,2,KENWORTH,BLANCO,2,,46,MASCULINO,SIN DATOS,0,0,Morelia,San Rafael,mayo,martes,12,-101.154792308807,19.7005970910184
14434,14434,2018,"180476511",2018/05/08,12:10:00,COLISIÓN POR CORTE DE CIRCULACIÓN,ASFALTO,Bueno,Bueno,2,BAJAJ,BLANCO Y GRIS,2,,23,MASCULINO,SIN DATOS,0,0,Morelia,Camelinas,mayo,martes,12,-101.17112159729,19.6821215785136
14435,14435,2018,"180476706",2018/05/08,13:00:00,COLISIÓN POR CORTE DE CIRCULACIÓN,ASFALTO,Nublado,Bueno,2,YAMAHA,BLANCO,1,MINISTERIO PÚBLICO,,,,1,0,Morelia,Nueva Chapultepec,mayo,martes,13,-101.17218375206,19.6902029835482
14436,14436,2018,"180476841",2018/05/08,13:30:00,COLISIÓN POR CORTE DE CIRCULACIÓN,ASFALTO,Bueno,Bueno,2,DODGE,BLANCO Y AZUL,2,,28,MASCULINO,SIN DATOS,0,0,Morelia,Ventura Puente,mayo,martes,14,-101.179436445236,19.6929505683501
14437,14437,2018,"180477085",2018/05/08,13:40:00,COLISIÓN POR CORTE DE CIRCULACIÓN,CONCRETO,Nublado,Regular,2,DODGE,BLANCO,2,,50,MASCULINO,SIN DATOS,0,0,Morelia,Loma Bonita,mayo,martes,14,-101.196913719177,19.7245948994066
14438,14438,2018,"180477343",2018/05/08,15:00:00,COLISIÓN POR CORTE DE CIRCULACIÓN,ASFALTO,Bueno,Bueno,2,MAZDA,BLANCO,2,,32,FEMENINO,SIN DATOS,0,0,Morelia,Loma Bonita,mayo,martes,15,-101.196843981743,19.720231929417
14439,14439,2018,,2018/05/08,15:30:00,COLISIÓN POR NO RESPETAR SEMÁFORO,ASFALTO,Bueno,Bueno,1,NISSAN,AZUL/BLANCO,1,,30,MASCULINO,SIN DATOS,0,0,Lázaro Cárdenas,Centro,mayo,martes,16,-102.194395065308,17.9567961733164
14440,14440,2018,"180477421",2018/05/08,15:45:00,COLISIÓN POR ALCANCE,ASFALTO,Bueno,Bueno,2,KENWORTH,AMARILLO,2,,38,MASCULINO,SIN DATOS,0,0,Morelia,Libertad,mayo,martes,16,-101.237130761147,19.6852582222672
14441,14441,2018,,2018/05/08,16:00:00,COLISIÓN POR CORTE DE CIRCULACIÓN,CONCRETO,Bueno,Bueno,1,FREIGHTLINER,BLANCO,1,,35,MASCULINO,SIN DATOS,0,0,Morelia,Francisco J Mujica,mayo,martes,16,-101.188223361969,19.7216357684048
14442,14442,2018,"180477739",2018/05/08,17:30:00,COLISIÓN POR CAMBIO DE CARRIL,ASFALTO,Bueno,Bueno,2,NISSAN,PLATA,2,MINISTERIO PÚBLICO,28,MASCULINO,SIN DATOS,0,0,Morelia,Comision Federal de Electricidad,mayo,martes,18,-101.178701519966,19.6815710179589
14443,14443,2018,"180478015",2018/05/08,18:05:00,COLISIÓN POR CAMBIO DE CARRIL,CONCRETO,Bueno,Bueno,2,VOLKSWAGEN,PLATA,2,,34,FEMENINO,SIN DATOS,0,0,Morelia,Comision Federal de Electricidad,mayo,martes,18,-101.178454756737,19.6815886965382
14444,14444,2018,"180477922",2018/05/08,18:10:00,COLISIÓN POR CAMBIO DE CARRIL,ASFALTO,Bueno,Regular,2,TOYOTA,BLANCO Y NARANJA,2,,23,MASCULINO,SIN DATOS,0,0,Morelia,Centro,mayo,martes,18,-101.19061589241,19.6960011403472
14445,14445,2018,,2018/05/08,19:41:00,VOLCADURA,ASFALTO,Bueno,Bueno,1,FORD,BLANCO,1,,26,MASCULINO,SIN DATOS,0,0,Morelia,Bosques Tres Marias,mayo,martes,20,-101.105278730392,19.7293718109581
14446,14446,2018,"180478430",2018/05/08,20:30:00,COLISIÓN POR CORTE DE CIRCULACIÓN,ASFALTO,Bueno,Regular,2,NAVISTAR,NARANJA Y CREMA,1,MINISTERIO PÚBLICO,,,,1,0,Morelia,Lomas de La Maestranza,mayo,martes,21,-101.331453323364,19.6848187927844
14447,14447,2018,"180478448",2018/05/08,20:35:00,COLISIÓN POR ALCANCE,SIN_DATOS,Bueno,Regular,2,ITALIKA,NEGRO Y GRIS,2,,35,MASCULINO,SIN DATOS,0,0,Morelia,Villas del Real,mayo,martes,21,-101.199236512184,19.7348504395851
14450,14450,2018,"180478983",2018/05/08,23:10:00,COLISIÓN POR ALCANCE,ASFALTO,Bueno,Regular,4,HONDA,GRIS,5,,59,FEMENINO,SIN DATOS,1,0,Morelia,Felix Ireta,mayo,martes,23,-101.192042827606,19.6866876224743
14451,14451,2018,"180461801",2018/05/08,23:50:00,COLISIÓN POR CORTE DE CIRCULACIÓN,CONCRETO,Bueno,Bueno,2,VOLKSWAGEN,NEGRO,2,,44,MASCULINO,CON CERTIFICADO,0,0,Morelia,Elias Perez Avalos,mayo,martes,0,-101.165070533752,19.7116874349003
14452,14452,2018,"180482657",2018/05/09,"03:50:00",COLISIÓN CON PEATÓN,ASFALTO,Nublado,Bueno,3,VOLKWAGEN,NEGRO,3,,27,MASCULINO,CON CERTIFICADO,0,0,Morelia,Centro,mayo,miércoles,4,-101.184291243553,19.7029909734801
14453,14453,2018,"180479268",2018/05/09,"07:50:00",COLISIÓN POR ALCANCE,ASFALTO,Bueno,Bueno,3,VOLKWAGEN,ROJO,3,,40,MASCULINO,SIN DATOS,0,0,Morelia,Alberto Oviedo Mota,mayo,miércoles,8,-101.202009916306,19.6778635242161
14454,14454,2018,,2018/05/09,"08:00:00",COLISIÓN CON PEATÓN,CONCRETO,Bueno,Bueno,2,JEEP,AZUL/BLANCO,2,,36,FEMENINO,SIN DATOS,0,0,Morelia,La Loma,mayo,miércoles,8,-101.180198192596,19.6807628522493
14455,14455,2018,"180479333",2018/05/09,"08:35:00",SALIDA DE SUPERFICIE DE RODAMIENTO,ASFALTO,Bueno,Bueno,1,VOLKWAGEN,BLANCO,1,MINISTERIO PÚBLICO,19,MASCULINO,SIN DATOS,0,0,Morelia,Jardines del Toreo,mayo,miércoles,9,-101.215335130692,19.6854501566054
14456,14456,2018,"180479342",2018/05/09,"08:45:00",COLISIÓN POR INVASIÓN DE CARRIL,ASFALTO,Bueno,Bueno,2,CHEVROLET,GRIS,2,,20,MASCULINO,SIN DATOS,0,0,Morelia,Sin datos,mayo,miércoles,9,-101.278903484344,19.6714737049134
14457,14457,2018,"180479205",2018/05/09,"08:57:00",COLISIÓN POR ALCANCE,ASFALTO,Nublado,Regular,1,MITSUBISHI,NEGRO,1,,41,MASCULINO,SIN DATOS,0,0,Morelia,La Soledad,mayo,miércoles,9,-101.183395385742,19.7281498239226
14458,14458,2018,"180479275",2018/05/09,"09:00:00",COLISIÓN CONTRA OBJETO FIJO,ASFALTO,Bueno,Bueno,1,DODGE,VERDE,1,,42,MASCULINO,SIN DATOS,0,0,Morelia,Valle de Las Flores,mayo,miércoles,9,-101.127165555954,19.6876674866234
14459,14459,2018,"180479755",2018/05/09,10:50:00,COLISIÓN POR NO RESPETAR SEMÁFORO,ASFALTO,Bueno,Bueno,2,NISSAN,BLANCO,2,,33,MASCULINO,SIN DATOS,0,0,Morelia,3 de Agosto,mayo,miércoles,11,-101.171810925007,19.7311037848353
14460,14460,2018,"180419560",2018/05/09,11:46:00,COLISIÓN CON PEATÓN,SIN_DATOS,Bueno,Bueno,1,BAJAJ,NEGRO,1,,34,MASCULINO,SIN DATOS,0,0,Morelia,Sin datos,mayo,miércoles,12,-101.320037841797,19.5751561531175
14461,14461,2018,"180479839",2018/05/09,11:50:00,COLISIÓN POR CAMBIO DE CARRIL,ASFALTO,Bueno,Bueno,2,DODGE,AZUL,2,,48,MASCULINO,SIN DATOS,0,0,Morelia,Las Americas,mayo,miércoles,12,-101.153638958931,19.6875008091243
14462,14462,2018,"180479879",2018/05/09,11:50:00,COLISIÓN POR NO RESPETAR SEMÁFORO,ASFALTO,Bueno,Bueno,2,CHEVROLET,VERDE,3,MINISTERIO PÚBLICO,,,,3,0,Morelia,Avicola Benito Juarez,mayo,miércoles,12,-101.279504299164,19.6915868832579
14463,14463,2018,"180480124",2018/05/09,12:50:00,COLISIÓN CON PEATÓN,ASFALTO,Bueno,Bueno,1,VOLKWAGEN,BLANCO,1,,26,MASCULINO,SIN DATOS,0,0,Morelia,Francisco J Mujica,mayo,miércoles,13,-101.185535788536,19.7240545843535
14464,14464,2018,,2018/05/09,15:30:00,COLISIÓN POR NO RESPETAR SEMÁFORO,ASFALTO,Bueno,Bueno,2,TOYOTA,BLANCO AZUL,3,,30,MASCULINO,SIN DATOS,1,0,Lázaro Cárdenas,Centro,mayo,miércoles,16,-102.19512462616,17.9577708652616
14465,14465,2018,,2018/05/09,16:30:00,VOLCADURA,ASFALTO,Lluvioso,Regular,1,TOYOTA,BLANCO,0,,,,,0,0,Acuitzio,Sin Nombre,mayo,miércoles,17,-101.333384513855,19.4762623927828
14466,14466,2018,"180481093",2018/05/09,17:00:00,COLISIÓN POR CORTE DE CIRCULACIÓN,ASFALTO,Bueno,Bueno,1,HONDA,BLANCO,1,,18,MASCULINO,SIN DATOS,0,0,Tarímbaro,Sin datos,mayo,miércoles,17,-101.15745306015,19.7685209412036
14467,14467,2018,,2018/05/09,17:10:00,COLISIÓN POR ALCANCE,ASFALTO,Bueno,Bueno,2,NISSAN,BLANCO Y ROJO,2,,37,MASCULINO,CON CERTIFICADO,0,0,Morelia,Prados Verdes,mayo,miércoles,17,-101.201224029064,19.7157627915489
14468,14468,2018,"180806624",2018/05/09,17:40:00,COLISIÓN POR CORTE DE CIRCULACIÓN,ASFALTO,Nublado,Bueno,2,FORD,AMARILLO,2,,0,MASCULINO,SIN DATOS,0,0,Morelia,Ana Maria Gallaga (Riviera Norte),mayo,miércoles,18,-101.222813129425,19.6769391629588
14469,14469,2018,"180481447",2018/05/09,18:30:00,COLISIÓN POR ALCANCE,ASFALTO,Lluvioso,Bueno,2,CHEVROLET,AZUL,2,,30,MASCULINO,SIN DATOS,0,0,Quiroga,El Samano,mayo,miércoles,19,-101.531782150269,19.6502263557954
14470,14470,2018,"180481602",2018/05/09,18:50:00,COLISIÓN POR ALCANCE,ASFALTO,Nublado,Regular,2,HONDA,AZUL,2,,28,FEMENINO,SIN DATOS,0,0,Charo,La Goleta,mayo,miércoles,19,-101.081621646881,19.7388747134289
14471,14471,2018,,2018/05/09,19:30:00,COLISIÓN CONTRA OBJETO FIJO,ASFALTO,Bueno,Bueno,2,DODGE,ROJO,2,,0,FEMENINO,SIN DATOS,0,0,Morelia,Ventura Puente,mayo,miércoles,20,-101.181753873825,19.6907585651608
14472,14472,2018,"180481919",2018/05/09,20:35:00,COLISIÓN POR ALCANCE,SIN_DATOS,Lluvioso,Bueno,2,FORD,GRIS,2,,59,FEMENINO,SIN DATOS,0,0,Morelia,Sin datos,mayo,miércoles,21,-101.16461455822,19.6650482700456
14473,14473,2018,"180481947",2018/05/09,21:00:00,COLISIÓN CONTRA OBJETO FIJO,ASFALTO,Nublado,Bueno,1,JAVELIN,AZUL,1,,21,MASCULINO,CON CERTIFICADO,0,0,Morelia,Centro,mayo,miércoles,21,-101.196055412292,19.7031424838232
14474,14474,2018,,2018/05/09,21:15:00,COLISIÓN POR CAMBIO DE CARRIL,ASFALTO,Lluvioso,Bueno,2,INTERNACIONAL,BLANCO/ROJO,2,,19,MASCULINO,SIN DATOS,0,0,Morelia,Isaac Arriaga,mayo,miércoles,21,-101.166813969612,19.7097431451337
14475,14475,2018,"180430386",2018/05/09,22:38:00,COLISIÓN POR CORTE DE CIRCULACIÓN,ASFALTO,Lluvioso,Regular,2,TOYOTA,GRIS,2,,33,MASCULINO,SIN DATOS,0,0,Morelia,Centro,mayo,miércoles,23,-101.195170283318,19.7030566279797
14476,14476,2018,"180482624",2018/05/10,"02:00:00",COLISIÓN POR ALCANCE,ASFALTO,Bueno,Bueno,2,FORD,ARENA,2,,0,MASCULINO,CON CERTIFICADO,0,0,Morelia,Ciudad Industrial,mayo,jueves,2,-101.142872571945,19.7250443189469
14477,14477,2018,LEG15045,2018/05/10,"02:40:00",SALIDA DE SUPERFICIE DE RODAMIENTO,CONCRETO,Nublado,Bueno,1,FORD,AZUL,1,,,MASCULINO,SIN DATOS,0,0,Morelia,Villas del Real,mayo,jueves,3,-101.199426949024,19.7314521971367
14478,14478,2018,,2018/05/10,"06:00:00",SALIDA DE SUPERFICIE DE RODAMIENTO,ASFALTO,Bueno,Bueno,1,NISSAN,GRIS,1,,42,MASCULINO,SIN DATOS,0,0,Epitacio Huerta,Sin datos,mayo,jueves,6,-100.30618429184,20.0754616421565
14479,14479,2018,LEG15067,2018/05/10,"06:50:00",COLISIÓN POR NO RESPETAR SEMÁFORO,ASFALTO,Bueno,Bueno,2,CHEVROLET,GRIS,2,,58,FEMENINO,SIN DATOS,0,0,Morelia,Vasco de Quiroga,mayo,jueves,7,-101.175869107246,19.6981981222445
14480,14480,2018,"180482813",2018/05/10,"08:00:00",SALIDA DE SUPERFICIE DE RODAMIENTO,ASFALTO,Bueno,Bueno,1,CHRYSLER,VERDE,1,,37,MASCULINO,SIN DATOS,0,0,Morelia,3 de Agosto,mayo,jueves,8,-101.171861886978,19.7311896256177
14481,14481,2018,"180482919",2018/05/10,"09:00:00",COLISIÓN POR CORTE DE CIRCULACIÓN,ASFALTO,Bueno,Bueno,2,CHEVROLET,BLANCO,2,,34,MASCULINO,SIN DATOS,0,0,Morelia,Industrial,mayo,jueves,9,-101.198721528053,19.706601930948
14482,14482,2018,"180482988",2018/05/10,"09:20:00",COLISIÓN POR ALCANCE,ASFALTO,Bueno,Bueno,3,NISSAN,ROJO,3,,33,FEMENINO,SIN DATOS,0,0,Morelia,Reforma,mayo,jueves,9,-101.240150928497,19.7064150722117
14483,14483,2018,,2018/05/10,"09:30:00",COLISIÓN POR CORTE DE CIRCULACIÓN,ASFALTO,Bueno,Bueno,2,NISSAN,BLANCO,4,,,,SIN DATOS,2,0,Contepec,Sin datos,mayo,jueves,10,-100.123429298401,19.9039186091946
14484,14484,2018,"180483131",2018/05/10,10:50:00,COLISIÓN CONTRA OBJETO FIJO,ASFALTO,Bueno,Bueno,1,UTILITI,BLANCO Y AMARILLO,1,,26,MASCULINO,SIN DATOS,0,0,Morelia,Centro,mayo,jueves,11,-101.187901496887,19.6959001289601
14485,14485,2018,"180483469",2018/05/10,12:05:00,COLISIÓN POR CORTE DE CIRCULACIÓN,ASFALTO,Bueno,Bueno,1,FORD,VERDE,1,,44,MASCULINO,SIN DATOS,0,0,Morelia,Jardines de Sindurio,mayo,jueves,12,-101.25648021698,19.6976678190305
14486,14486,2018,"180483326",2018/05/10,12:10:00,COLISIÓN CON PEATÓN,ASFALTO,Bueno,Bueno,1,HONDA,ROJO,1,,,,,1,0,Morelia,Centro,mayo,jueves,12,-101.186619400978,19.7029051175554
14487,14487,2018,"180483572",2018/05/10,12:40:00,COLISIÓN POR ALCANCE,CONCRETO,Bueno,Bueno,2,FORD,GRIS,2,,53,MASCULINO,SIN DATOS,0,0,Morelia,Matamoros,mayo,jueves,13,-101.165843009949,19.696304174126
14488,14488,2018,"180484110",2018/05/10,15:04:00,COLISIÓN POR CORTE DE CIRCULACIÓN,CONCRETO,Bueno,Bueno,2,SEAT,AMARILLO,2,,28,MASCULINO,SIN DATOS,0,0,Morelia,Ferrocarrilero,mayo,jueves,15,-101.217539906502,19.6975870107674
14489,14489,2018,,2018/05/10,15:30:00,COLISIÓN POR CORTE DE CIRCULACIÓN,ASFALTO,Bueno,Bueno,1,HONDA,PLATA,1,,32,FEMENINO,SIN DATOS,0,0,Morelia,Felix Ireta,mayo,jueves,16,-101.191914081573,19.6825155564645
14490,14490,2018,"180484141",2018/05/10,17:00:00,COLISIÓN POR INVASIÓN DE CARRIL,ASFALTO,Bueno,Bueno,2,HONDA,PLATA,2,,62,MASCULINO,SIN DATOS,0,0,Morelia,Isaac Arriaga,mayo,jueves,17,-101.167752742767,19.709389635364
14491,14491,2018,,2018/05/10,17:40:00,SALIDA DE SUPERFICIE DE RODAMIENTO,ASFALTO,Lluvioso,Bueno,1,NISSAN,AZUL,1,,38,FEMENINO,SIN DATOS,0,0,Maravatío,Sin datos,mayo,jueves,18,-100.464391708374,19.9596749484838
14492,14492,2018,"180484857",2018/05/10,18:15:00,CAIDA DE MOTOCICLETA,ASFALTO,Bueno,Malo,1,VENTO,NEGRO,1,,52,MASCULINO,SIN DATOS,0,0,Morelia,Sin datos,mayo,jueves,18,-101.098612770438,19.7303974901753
14493,14493,2018,"180484876",2018/05/10,18:40:00,SALIDA DE SUPERFICIE DE RODAMIENTO,ASFALTO,Bueno,Bueno,1,NISSAN,BLANCO Y ROJO,1,,48,MASCULINO,SIN DATOS,0,0,Morelia,Sin datos,mayo,jueves,19,-101.354992389679,19.6785959378188
14494,14494,2018,"180485447",2018/05/10,21:20:00,COLISIÓN POR INVASIÓN DE CARRIL,ASFALTO,Bueno,Bueno,1,GMC,VERDE,1,MINISTERIO PÚBLICO,42,MASCULINO,SIN DATOS,0,0,Morelia,Sin datos,mayo,jueves,21,-101.11451625824,19.7370367891479
14495,14495,2018,"180484960",2018/05/11,"01:10:00",VOLCADURA,ASFALTO,Lluvioso,Regular,1,FORD,GRIS,1,,32,MASCULINO,SIN DATOS,0,0,Morelia,Sin datos,mayo,viernes,1,-101.097478866577,19.7326135659864
14496,14496,2018,PFS778K,2018/05/11,"02:05:00",SUBIDA AL CAMELLÓN,ASFALTO,Lluvioso,Regular,1,LAND ROVER,BLANCO,1,,20,MASCULINO,SIN DATOS,0,0,Morelia,Cinco de Diciembre,mayo,viernes,2,-101.164619922638,19.6854855129058
14497,14497,2018,"180486145",2018/05/11,"04:00:00",COLISIÓN POR CORTE DE CIRCULACIÓN,ASFALTO,Bueno,Regular,2,NISSAN,BLANCO,2,,0,MASCULINO,SIN DATOS,0,0,Morelia,Cuauhtemoc,mayo,viernes,4,-101.178878545761,19.6963243763575
14498,14498,2018,,2018/05/11,"04:45:00",COLISIÓN POR ALCANCE,CONCRETO,Bueno,Regular,2,VOLKSWAGEN,AZUL MARINO,2,,25,FEMENINO,SIN DATOS,0,0,Pátzcuaro,Santa Teresita,mayo,viernes,5,-101.60371363163,19.5129198023532
14499,14499,2018,,2018/05/11,"06:50:00",COLISIÓN POR CORTE DE CIRCULACIÓN,CONCRETO,Bueno,Bueno,1,NISSAN,BLANCO ROSA,1,,48,MASCULINO,SIN DATOS,0,0,Morelia,Plan de La Garita,mayo,viernes,7,-101.185790598392,19.7135168132326
14500,14500,2018,,2018/05/11,"07:00:00",COLISIÓN CONTRA OBJETO FIJO,ASFALTO,Bueno,Bueno,1,FORD,AZUL,1,,,,SIN DATOS,0,0,Lázaro Cárdenas,Lirios,mayo,viernes,7,-102.210026979446,17.9668847403121
14501,14501,2018,"180486357",2018/05/11,"08:45:00",COLISIÓN POR ALCANCE,CONCRETO,Bueno,Bueno,3,FORD,BLANCO,4,MINISTERIO PÚBLICO,37,MASCULINO,SIN DATOS,1,0,Morelia,Gertrudis Bocanegra,mayo,viernes,9,-101.212717294693,19.7019758504807
14502,14502,2018,"180486531",2018/05/11,"09:20:00",COLISIÓN POR ALCANCE,ASFALTO,Bueno,Bueno,2,CHEVROLET,NARANJA,2,,36,FEMENINO,SIN DATOS,0,0,Morelia,Bosques Tres Marias,mayo,viernes,9,-101.105268001556,19.7293162662956