fid,id_accidente,anio_origen,folio_c5i,dia_incidente,hora_ocurrencia,tipo_incidente_vial,superficie_ocurrencia,condiciones_climaticas,condiciones_via,numero_vehiculos_involucrados,marca_vehiculo_ocasiona_siniestro,color_vehiculo_ocasiona_siniestro,numero_personas_involucradas,lugar_remite_presunto_responsable,edad_presunto_responsable,sexo_presunto_responsable,resultados_toxicologia,numero_personas_lesionadas,numero_personas_fallecidas,municipio,colonia,mes,dia_semana,hora_redondeada,lon,lat
14503,14503,2018,"180486680",2018/05/11,10:00:00,COLISIÓN POR ALCANCE,ASFALTO,Bueno,Bueno,2,FORD,BLANCO,2,,57,FEMENINO,SIN DATOS,0,0,Morelia,Loma de Los Piñones,mayo,viernes,10,-101.205024719238,19.6740801758089
14504,14504,2018,"180485976",2018/05/11,12:50:00,COLISIÓN POR NO RESPETAR SEMÁFORO,ASFALTO,Lluvioso,Malo,2,NISSAN,BLANCO,2,,41,MASCULINO,SIN DATOS,0,0,Morelia,Bosques de Oriente,mayo,viernes,13,-101.155446767807,19.7158082410374
14505,14505,2018,"180487368",2018/05/11,13:53:00,COLISIÓN POR CORTE DE CIRCULACIÓN,CONCRETO,Bueno,Bueno,2,NISSAN,GRIS,2,,43,FEMENINO,SIN DATOS,0,0,Morelia,Ana Maria Gallaga (Riviera Norte),mayo,viernes,14,-101.223188638687,19.6767068090171
14506,14506,2018,"180487837",2018/05/11,15:30:00,COLISIÓN POR ALCANCE,ASFALTO,Bueno,Bueno,2,TOYOTA,BLANCO,2,,41,MASCULINO,SIN DATOS,0,0,Morelia,Ampliacion La Soledad,mayo,viernes,16,-101.181710958481,19.7371983657569
14507,14507,2018,"180488868",2018/05/11,15:55:00,COLISIÓN POR CORTE DE CIRCULACIÓN,ASFALTO,Bueno,Bueno,2,CHEVROLET,BLANCO,2,,38,MASCULINO,SIN DATOS,0,0,Morelia,Felix Ireta,mayo,viernes,16,-101.184189319611,19.6891322208202
14508,14508,2018,"180488101",2018/05/11,16:20:00,COLISIÓN CONTRA OBJETO FIJO,ASFALTO,Lluvioso,Bueno,2,FORD,ROJO,2,MINISTERIO PÚBLICO,,MASCULINO,ALIENTO ETÍLICO,0,0,Morelia,Ventura Puente,mayo,viernes,16,-101.184017658234,19.6910868624803
14509,14509,2018,"180488074",2018/05/11,16:30:00,COLISIÓN POR NO RESPETAR SEMÁFORO,ASFALTO,Nublado,Bueno,2,CHEVROLET,BLANCO,2,,39,MASCULINO,ALIENTO ETÍLICO,0,0,Morelia,Vasco de Quiroga,mayo,viernes,17,-101.171936988831,19.7026071466356
14510,14510,2018,"1804488",2018/05/11,16:34:00,COLISIÓN POR CORTE DE CIRCULACIÓN,ASFALTO,Lluvioso,Bueno,2,NISSAN,BLANCO/GRIS,2,,,MASCULINO,SIN DATOS,0,0,Morelia,Las Americas,mayo,viernes,17,-101.15051150322,19.6908494783321
14511,14511,2018,"180488300",2018/05/11,17:15:00,COLISIÓN POR CAMBIO DE CARRIL,CONCRETO,Lluvioso,Regular,2,VOLKSWAGEN,NEGRO,2,,43,MASCULINO,SIN DATOS,0,0,Morelia,Molino de Parras,mayo,viernes,17,-101.20537340641,19.6977031726328
14512,14512,2018,,2018/05/11,17:50:00,COLISIÓN POR ALCANCE,ASFALTO,Lluvioso,Malo,2,CHEVROLET,GRIS,2,MINISTERIO PÚBLICO,29,FEMENINO,SIN DATOS,0,0,Morelia,Sentimientos de La Nacion,mayo,viernes,18,-101.233284473419,19.6782928705272
14513,14513,2018,"180488547",2018/05/11,18:00:00,COLISIÓN POR ALCANCE,ASFALTO,Lluvioso,Regular,3,VOLKSWAGEN,BLANCO,3,MINISTERIO PÚBLICO,24,MASCULINO,SIN DATOS,0,0,Morelia,Rinconada del Valle,mayo,viernes,18,-101.219176054001,19.6780201094746
14514,14514,2018,LEG15082,2018/05/11,18:05:00,COLISIÓN POR CORTE DE CIRCULACIÓN,CONCRETO,Lluvioso,Regular,1,CHEVROLET,ARENA,1,,33,FEMENINO,CON CERTIFICADO,0,0,Morelia,Rinconada del Valle,mayo,viernes,18,-101.219079494476,19.6781716434501
14515,14515,2018,"180488700",2018/05/11,18:15:00,COLISIÓN POR CAMBIO DE CARRIL,ASFALTO,Lluvioso,Bueno,2,NISSAN,BLANCO,2,,50,MASCULINO,SIN DATOS,0,0,Morelia,Tres Puentes,mayo,viernes,18,-101.21370434761,19.7025364415901
14516,14516,2018,LEG15084,2018/05/11,18:27:00,COLISIÓN POR CORTE DE CIRCULACIÓN,ASFALTO,Bueno,Bueno,1,KENWORTH,ROJO,1,,,MASCULINO,SIN DATOS,0,0,Morelia,Enrique Arreguin Robles,mayo,viernes,18,-101.178835630417,19.7203329254392
14517,14517,2018,"180488874",2018/05/11,19:12:00,COLISIÓN CONTRA OBJETO FIJO,ASFALTO,Bueno,Bueno,3,VOLKSWAGEN,BLANCO,3,,,MASCULINO,SIN DATOS,0,0,Morelia,Alberto Oviedo Mota,mayo,viernes,19,-101.202203035355,19.6773028467127
14518,14518,2018,"180488997",2018/05/11,19:28:00,COLISIÓN POR CORTE DE CIRCULACIÓN,ASFALTO,Lluvioso,Bueno,2,NISSAN,BLANCO/ROSA,1,,,MASCULINO,SIN DATOS,0,0,Morelia,Prados Verdes,mayo,viernes,19,-101.1973965168,19.7146164501781
14519,14519,2018,,2018/05/11,19:30:00,COLISIÓN POR ALCANCE,ASFALTO,Bueno,Bueno,2,CHEVROLET,BLANCO,1,,56,MASCULINO,SIN DATOS,0,0,Pátzcuaro,Sin datos,mayo,viernes,20,-101.567659378052,19.5338263295636
14520,14520,2018,"180488861",2018/05/11,19:40:00,COLISIÓN CON PEATÓN,ADOQUIN_EMPEDRADO,Nublado,Bueno,1,NISSAN,BLANCO,1,,59,FEMENINO,SIN DATOS,0,0,Morelia,Cosmos,mayo,viernes,20,-101.21648311615,19.6835459557545
14521,14521,2018,,2018/05/11,19:40:00,SALIDA DE SUPERFICIE DE RODAMIENTO,ASFALTO,Bueno,Bueno,1,CHRYSLER,BLANCO,0,,,,,0,0,Cuitzeo,Sin datos,mayo,viernes,20,-101.156573295593,19.9704447073756
14522,14522,2018,,2018/05/11,20:22:00,SUBIDA AL CAMELLÓN,ASFALTO,Bueno,Bueno,1,NISSAN,BLANCO,1,,59,MASCULINO,SIN DATOS,0,0,Morelia,Barrio Alto,mayo,viernes,20,-101.193416118622,19.7237667522243
14523,14523,2018,"180489179",2018/05/11,20:50:00,COLISIÓN POR CAMBIO DE CARRIL,ASFALTO,Bueno,Bueno,2,FORD,ROJO,2,,,MASCULINO,ALIENTO ETÍLICO,0,0,Morelia,Barrio Alto,mayo,viernes,21,-101.196978092194,19.7250190706917
14524,14524,2018,"180489369",2018/05/11,21:15:00,COLISIÓN POR CORTE DE CIRCULACIÓN,ASFALTO,Nublado,Bueno,2,CHEVROLET,BLANCO,2,,40,MASCULINO,ALIENTO ETÍLICO,0,0,Morelia,Arcos del Valle,mayo,viernes,21,-101.23627781868,19.7077281289798
14525,14525,2018,"180489287",2018/05/11,21:20:00,COLISIÓN POR ALCANCE,ASFALTO,Nublado,Bueno,2,SUZUKI,BLANCO,2,MINISTERIO PÚBLICO,52,MASCULINO,SIN DATOS,0,0,Morelia,Felix Ireta,mayo,viernes,21,-101.188395023346,19.6817781097657
14526,14526,2018,,2018/05/11,21:38:00,COLISIÓN POR CORTE DE CIRCULACIÓN,ASFALTO,Lluvioso,Malo,2,VOLKSWAGEN,NEGRO,2,,,,SIN DATOS,0,0,Morelia,Melchor Ocampo,mayo,viernes,22,-101.200432777405,19.705945399289
14527,14527,2018,"180489966",2018/05/12,"00:00:00",SALIDA DE SUPERFICIE DE RODAMIENTO,ASFALTO,Bueno,Bueno,1,NISSAN,BLANCO,1,,49,FEMENINO,SIN DATOS,0,0,Morelia,Ciudad Industrial,mayo,sábado,0,-101.142749190331,19.725125113337
14528,14528,2018,"180489782",2018/05/12,"01:20:00",COLISIÓN POR CORTE DE CIRCULACIÓN,ASFALTO,Bueno,Bueno,1,GENERAL MOTORS,BLANCO/ROJO,1,,59,MASCULINO,SIN DATOS,0,0,Morelia,Independencia,mayo,sábado,1,-101.177837848663,19.7193280121765
14529,14529,2018,"180489873",2018/05/12,"04:40:00",COLISIÓN CONTRA OBJETO FIJO,ASFALTO,Bueno,Bueno,1,NISSAN,BLANCO/ROJO,1,,36,MASCULINO,SIN DATOS,0,0,Morelia,La Quemada,mayo,sábado,5,-101.237758398056,19.7016576762747
14530,14530,2018,"180490180",2018/05/12,"09:27:00",COLISIÓN POR CORTE DE CIRCULACIÓN,ASFALTO,Bueno,Bueno,2,FORD,BLANCO,2,,21,MASCULINO,SIN DATOS,0,0,Morelia,Molino de Parras,mayo,sábado,9,-101.203479766846,19.6981122637481
14531,14531,2018,"180490402",2018/05/12,10:00:00,COLISIÓN POR CAMBIO DE CARRIL,ASFALTO,Bueno,Bueno,2,NISSAN,BLANCO,2,,30,MASCULINO,SIN DATOS,0,0,Morelia,Gertrudis Bocanegra,mayo,sábado,10,-101.209766864777,19.7021728151484
14532,14532,2018,"180490581",2018/05/12,11:10:00,COLISIÓN POR ALCANCE,ASFALTO,Bueno,Regular,2,CHEVROLET,NEGRO,2,MINISTERIO PÚBLICO,45,MASCULINO,SIN DATOS,0,0,Morelia,Ana Maria Gallaga (Riviera Norte),mayo,sábado,11,-101.219508647919,19.6772018235305
14533,14533,2018,"180490906",2018/05/12,12:45:00,COLISIÓN POR ALCANCE,ASFALTO,Bueno,Bueno,3,BUIK,PLATA,3,,69,MASCULINO,SIN DATOS,0,0,Morelia,Arcos del Valle,mayo,sábado,13,-101.23627781868,19.7077281289798
14534,14534,2018,,2018/05/12,13:30:00,COLISIÓN POR INVASIÓN DE CARRIL,ASFALTO,Bueno,Bueno,1,CHEVROLET,BLANCO,1,,35,MASCULINO,SIN DATOS,0,0,Morelia,La Soledad,mayo,sábado,14,-101.183363199234,19.7281700221314
14535,14535,2018,,2018/05/12,14:40:00,COLISIÓN POR CORTE DE CIRCULACIÓN,ASFALTO,Bueno,Bueno,2,VOLKSWAGEN,ROJO,2,,38,FEMENINO,SIN DATOS,0,0,Morelia,Loma Bonita,mayo,sábado,15,-101.196168065071,19.7220498480536
14536,14536,2018,"180492073",2018/05/12,16:00:00,COLISIÓN POR CAMBIO DE CARRIL,ASFALTO,Bueno,Bueno,2,HYUNDAI,ROJO,2,,24,MASCULINO,SIN DATOS,0,0,Morelia,Chapultepec Oriente,mayo,sábado,16,-101.160076260567,19.6901272222699
14537,14537,2018,"180491851",2018/05/12,16:39:00,COLISIÓN POR CAMBIO DE CARRIL,ASFALTO,Bueno,Bueno,2,CHEVROLET,BLANCO,2,,20,MASCULINO,SIN DATOS,0,0,Morelia,Cinco de Diciembre,mayo,sábado,17,-101.162672638893,19.6866320629872
14538,14538,2018,,2018/05/12,18:25:00,COLISIÓN POR ALCANCE,ASFALTO,Bueno,Bueno,3,DODGE,BLANCO,3,,23,MASCULINO,SIN DATOS,0,0,Morelia,3 de Agosto,mayo,sábado,18,-101.171786785126,19.7311492299612
14539,14539,2018,,2018/05/12,18:43:00,SALIDA DE SUPERFICIE DE RODAMIENTO,ASFALTO,Bueno,Bueno,1,INTERNACIONAL,BLANCO,1,MINISTERIO PÚBLICO,,,SIN DATOS,0,0,Apatzingán,Sin datos,mayo,sábado,19,-102.375411987305,19.0901033581524
14540,14540,2018,,2018/05/12,19:20:00,COLISIÓN POR INVASIÓN DE CARRIL,CONCRETO,Bueno,Bueno,2,CHEVROLET,ROJO,2,,23,MASCULINO,SIN DATOS,0,0,Lázaro Cárdenas,Centro,mayo,sábado,19,-102.19161093235,17.9556071439291
14541,14541,2018,"180492870",2018/05/12,19:55:00,COLISIÓN POR CAMBIO DE CARRIL,CONCRETO,Bueno,Bueno,2,ITALIKA,NEGRO/VERDE,2,,,MASCULINO,SIN DATOS,0,0,Morelia,Agustin Arriaga Rivera,mayo,sábado,20,-101.225213706493,19.6905262312665
14542,14542,2018,"180492972",2018/05/12,20:24:00,COLISIÓN POR ALCANCE,ASFALTO,Bueno,Bueno,2,FORD,ROJO,2,,32,MASCULINO,SIN DATOS,0,0,Morelia,Ventura Puente,mayo,sábado,20,-101.181110143662,19.6885968367709
14543,14543,2018,"180493034",2018/05/12,20:40:00,COLISIÓN CONTRA OBJETO FIJO,ASFALTO,Nublado,Bueno,1,FORD,PLATA,1,,60,MASCULINO,SIN DATOS,0,0,Morelia,Sin datos,mayo,sábado,21,-101.31490945816,19.575823328548
14544,14544,2018,"180493392",2018/05/12,21:50:00,SUBIDA AL CAMELLÓN,ASFALTO,Bueno,Bueno,1,BMW,NEGRO,1,,37,MASCULINO,SIN DATOS,0,0,Morelia,Pascual Ortiz de Ayala,mayo,sábado,22,-101.149470806122,19.6949001127883
14545,14545,2018,"180493501",2018/05/12,22:08:00,SUBIDA AL CAMELLÓN,ASFALTO,Bueno,Bueno,1,FIAT,NEGRO,1,,29,MASCULINO,SIN DATOS,0,0,Morelia,Puerta Tres Marias,mayo,sábado,22,-101.1390209198,19.6905969416179
14546,14546,2018,"180493219",2018/05/12,22:20:00,COLISIÓN CON PEATÓN,ASFALTO,Bueno,Bueno,1,CHEVROLET,GRIS,1,,24,MASCULINO,SIN DATOS,0,0,Tarímbaro,Sin datos,mayo,sábado,22,-101.101233959198,19.7858456805196
14547,14547,2018,"180493084",2018/05/12,22:50:00,COLISIÓN POR ALCANCE,ASFALTO,Bueno,Bueno,3,FORD,ROJO,3,,32,MASCULINO,SIN DATOS,0,0,Morelia,Canteras de Morelia,mayo,sábado,23,-101.171593666077,19.7149194486964
14548,14548,2018,"180493980",2018/05/13,"00:15:00",COLISIÓN POR CORTE DE CIRCULACIÓN,ASFALTO,Bueno,Bueno,2,NISSAN,AZUL,2,,25,MASCULINO,CON CERTIFICADO,0,0,Morelia,Sin datos,mayo,domingo,0,-101.098160147667,19.7303400523132
14549,14549,2018,"180493770",2018/05/13,"00:20:00",COLISIÓN CONTRA OBJETO FIJO,ASFALTO,Bueno,Bueno,1,VOLKSWAGEN,AZUL,0,,,,,0,0,Morelia,Balcones de Santa Maria,mayo,domingo,0,-101.186721324921,19.6777372456703
14550,14550,2018,"180493792",2018/05/13,"00:30:00",COLISIÓN POR CAMBIO DE CARRIL,ASFALTO,Bueno,Bueno,2,NISSAN,BLANCO,2,,41,MASCULINO,SIN DATOS,0,0,Morelia,El Realito,mayo,domingo,1,-101.203672885895,19.7257361195893
14551,14551,2018,"180493963",2018/05/13,"00:40:00",SALIDA DE SUPERFICIE DE RODAMIENTO,ASFALTO,Nublado,Regular,1,CHEVROLET,SIN DATOS,1,,,MASCULINO,SIN DATOS,0,0,Tarímbaro,Sin datos,mayo,domingo,1,-101.159555912018,19.7675314761634
14552,14552,2018,"180493953",2018/05/13,"01:40:00",COLISIÓN POR ALCANCE,ASFALTO,Bueno,Regular,2,VOLKSWAGEN,BLANCO,3,,,MASCULINO,ALIENTO ETÍLICO,1,0,Morelia,San Isidro Itzicuaro,mayo,domingo,2,-101.27946138382,19.6899150904997
14553,14553,2018,"180494008",2018/05/13,"02:00:00",COLISIÓN POR ALCANCE,ASFALTO,Lluvioso,Bueno,2,SIN DATOS,BLANCO,1,,30,FEMENINO,SIN DATOS,0,0,Morelia,Los Manantiales de Morelia,mayo,domingo,2,-101.240397691727,19.6928091496953
14554,14554,2018,"180494211",2018/05/13,"05:17:00",COLISIÓN CONTRA OBJETO FIJO,ASFALTO,Lluvioso,Regular,1,VOLKSWAGEN,ROJO,0,,,,,0,0,Morelia,Enrique Arreguin Robles,mayo,domingo,5,-101.178889274597,19.7203228258399
14555,14555,2018,,2018/05/13,"05:50:00",COLISIÓN CONTRA OBJETO FIJO,ASFALTO,Bueno,Bueno,1,JEEP,ARENA,1,MINISTERIO PÚBLICO,,,SIN DATOS,0,0,Apatzingán,Lazaro Cardenas,mayo,domingo,6,-102.348954677582,19.1034353539802
14556,14556,2018,"180494249",2018/05/13,"06:00:00",SUBIDA AL CAMELLÓN,ASFALTO,Lluvioso,Bueno,1,MAZDA,PLATINO,1,,52,FEMENINO,SIN DATOS,0,0,Morelia,Sin datos,mayo,domingo,6,-101.164727210999,19.6651038370171
14557,14557,2018,"180494233",2018/05/13,"06:15:00",SUBIDA AL CAMELLÓN,ASFALTO,Bueno,Bueno,1,NISSAN,ROJO,0,,,,,0,0,Tarímbaro,Sin datos,mayo,domingo,6,-101.17030620575,19.7539610503956
14558,14558,2018,,2018/05/13,"09:10:00",COLISIÓN POR NO RESPETAR SEMÁFORO,ASFALTO,Bueno,Bueno,2,NISSAN,GRIS,2,,24,MASCULINO,SIN DATOS,0,0,Morelia,Lomas de Las Americas Norte,mayo,domingo,9,-101.147925853729,19.6948193031279
14559,14559,2018,"180494550",2018/05/13,"09:40:00",COLISIÓN POR CORTE DE CIRCULACIÓN,ASFALTO,Lluvioso,Bueno,1,CHEVROLET,PLATA,1,,37,MASCULINO,ALIENTO ETÍLICO,0,0,Morelia,El Eden,mayo,domingo,10,-101.253690719604,19.6424662799425
14561,14561,2018,,2018/05/13,13:30:00,COLISIÓN POR ALCANCE,ASFALTO,Bueno,Regular,2,CHEVROLET,GRIS,2,MINISTERIO PÚBLICO,,MASCULINO,SIN DATOS,0,0,Múgica,Sin datos,mayo,domingo,14,-102.086019,19.06489
14562,14562,2018,"180495155",2018/05/13,15:13:00,COLISIÓN POR CAMBIO DE CARRIL,ASFALTO,Bueno,Bueno,2,NISSAN,BLANCO,2,,27,MASCULINO,SIN DATOS,0,0,Morelia,Tzindurio de Morelos,mayo,domingo,15,-101.245847940445,19.6996627600874
14563,14563,2018,"180496244",2018/05/13,18:40:00,COLISIÓN POR ALCANCE,ASFALTO,Bueno,Bueno,2,CHEVROLET,GRIS,2,,29,FEMENINO,SIN DATOS,0,0,Morelia,San Jose Itzicuaro,mayo,domingo,19,-101.304395198822,19.6879503328915
14564,14564,2018,,2018/05/13,19:40:00,COLISIÓN POR CORTE DE CIRCULACIÓN,ASFALTO,Bueno,Bueno,2,NISSAN,AZUL,1,MINISTERIO PÚBLICO,0,,SIN DATOS,0,0,Jacona,Centro,mayo,domingo,20,-102.303507328033,19.9568714636637
14565,14565,2018,"180496813",2018/05/13,20:20:00,COLISIÓN POR MANIOBRA DE REVERSA,CONCRETO,Lluvioso,Bueno,1,NISSAN,BLANCO Y ROJO,1,,38,MASCULINO,CON CERTIFICADO,0,0,Morelia,Villas del Pedregal,mayo,domingo,20,-101.303558349609,19.6844652279575
14566,14566,2018,"180497002",2018/05/13,22:00:00,COLISIÓN CONTRA OBJETO FIJO,ASFALTO,Bueno,Bueno,1,NISSAN,GRIS,1,,25,MASCULINO,SIN DATOS,0,0,Morelia,Sin datos,mayo,domingo,22,-101.335959434509,19.5562314816939
14567,14567,2018,"180497097",2018/05/13,22:00:00,COLISIÓN POR CORTE DE CIRCULACIÓN,ASFALTO,Bueno,Bueno,2,RENAULT,ROJO,2,,16,MASCULINO,ALIENTO ETÍLICO,0,0,Morelia,Eduardo Ruiz,mayo,domingo,22,-101.220034360886,19.7206662118598
14568,14568,2018,,2018/05/13,22:30:00,COLISIÓN POR CORTE DE CIRCULACIÓN,ASFALTO,Nublado,Regular,2,YAMAHA,ROJO,4,,17,MASCULINO,SIN DATOS,2,0,Sahuayo,San Isidro,mayo,domingo,23,-102.716127634048,20.0696269700324
14569,14569,2018,,2018/05/13,23:30:00,COLISIÓN POR CAMBIO DE CARRIL,CONCRETO,Nublado,Regular,2,JEEP,GRIS,1,MINISTERIO PÚBLICO,,,SIN DATOS,0,0,Sahuayo,Damaso Cardenas,mayo,domingo,0,-102.715194225311,20.0517084337117
14570,14570,2018,,2018/05/13,23:50:00,COLISIÓN POR INVASIÓN DE CARRIL,ASFALTO,Bueno,Bueno,2,FORD,AZUL,2,,0,MASCULINO,SIN DATOS,0,0,Sin datos,Sin datos,mayo,domingo,0,-100.648498535156,18.6085059236485
14571,14571,2018,,2018/05/13,23:50:00,COLISIÓN POR ALCANCE,ASFALTO,Bueno,Bueno,2,NISSAN,GRIS,1,,0,,SIN DATOS,0,0,Pátzcuaro,Sin Nombre,mayo,domingo,0,-101.615166664124,19.5241596089301
14572,14572,2018,"180497697",2018/05/14,"02:20:00",SUBIDA AL CAMELLÓN,ASFALTO,Lluvioso,Regular,1,CHEVROLET,BLANCO,1,,21,MASCULINO,SIN DATOS,0,0,Morelia,Reforma,mayo,lunes,2,-101.240258216858,19.706132258574
14573,14573,2018,"180497765",2018/05/14,"03:30:00",SUBIDA AL CAMELLÓN,ASFALTO,Lluvioso,Regular,1,NISSAN,BLANCO,1,,52,MASCULINO,SIN DATOS,0,0,Morelia,Rafael Carrillo,mayo,lunes,4,-101.236621141434,19.707707928188
14574,14574,2018,"180497955",2018/05/14,"07:36:00",COLISIÓN POR CAMBIO DE CARRIL,ASFALTO,Bueno,Bueno,2,MERCEDES BENZ,BLANCO,2,,21,MASCULINO,SIN DATOS,0,0,Morelia,Lindavista,mayo,lunes,8,-101.21618270874,19.7040111403539
14575,14575,2018,"180498189",2018/05/14,"09:25:00",COLISIÓN POR CORTE DE CIRCULACIÓN,ASFALTO,Bueno,Bueno,2,HONDA,BLANCO,2,,29,MASCULINO,SIN DATOS,0,0,Morelia,Libertad,mayo,lunes,9,-101.236964464188,19.6848794038192
14576,14576,2018,"180498442",2018/05/14,10:55:00,CAIDA DE MOTOCICLETA,ASFALTO,Bueno,Bueno,1,YAMAHA,AZUL,2,,35,MASCULINO,SIN DATOS,1,0,Morelia,Miravallle,mayo,lunes,11,-101.278527975082,19.7017283817085
14577,14577,2018,"180043785",2018/05/14,11:45:00,COLISIÓN POR CORTE DE CIRCULACIÓN,CONCRETO,Bueno,Bueno,1,TOYOTA,BLANCO Y CAFE,1,,,MASCULINO,SIN DATOS,0,0,Morelia,Los Manantiales de Morelia,mayo,lunes,12,-101.240290403366,19.6928293523679
14578,14578,2018,,2018/05/14,12:00:00,COLISIÓN POR INVASIÓN DE CARRIL,ASFALTO,Bueno,Bueno,2,NISSAN,BLANCO,2,,38,MASCULINO,SIN DATOS,0,0,Lázaro Cárdenas,Segundo Sector de Fidelac,mayo,lunes,12,-102.209994792938,17.9616593733547
14579,14579,2018,,2018/05/14,12:50:00,COLISIÓN POR CAMBIO DE CARRIL,ASFALTO,Bueno,Bueno,2,HONDA,CAFE,2,MINISTERIO PÚBLICO,76,MASCULINO,SIN DATOS,0,0,Apatzingán,Independencia,mayo,lunes,13,-102.356818914413,19.0959127933123
14581,14581,2018,,2018/05/14,14:25:00,COLISIÓN POR CORTE DE CIRCULACIÓN,ASFALTO,Bueno,Regular,2,SIN DATOS,SIN DATOS,2,,17,FEMENINO,SIN DATOS,1,0,Morelia,Independencia,mayo,lunes,14,-101.17792904377,19.7194088094563
14582,14582,2018,"180499700",2018/05/14,15:00:00,COLISIÓN POR CORTE DE CIRCULACIÓN,ASFALTO,Bueno,Regular,1,CHEVROLET,BLANCO,0,,,,,0,0,Morelia,Tierra Y Libertad,mayo,lunes,15,-101.230516433716,19.7158082410374
14583,14583,2018,"180499731",2018/05/14,15:20:00,COLISIÓN POR CORTE DE CIRCULACIÓN,CONCRETO,Bueno,Bueno,2,DINA,BLANCO,2,,38,MASCULINO,SIN DATOS,0,0,Morelia,Camelinas,mayo,lunes,15,-101.166164875031,19.6842227830536
14584,14584,2018,"180499687",2018/05/14,15:40:00,COLISIÓN POR CORTE DE CIRCULACIÓN,ASFALTO,Bueno,Bueno,2,TOYOTA,PLATA,2,,70,MASCULINO,SIN DATOS,0,0,Morelia,Felix Ireta,mayo,lunes,16,-101.180756092072,19.6863542652628
14585,14585,2018,"180499944",2018/05/14,16:25:00,COLISIÓN POR MANIOBRA DE REVERSA,ASFALTO,Bueno,Bueno,2,NISSAN,BLANCO,2,,34,MASCULINO,SIN DATOS,0,0,Morelia,Alberto Oviedo Mota,mayo,lunes,16,-101.196355819702,19.6815457628422
14586,14586,2018,"180500014",2018/05/14,16:50:00,COLISIÓN POR INVASIÓN DE CARRIL,ASFALTO,Bueno,Bueno,2,ITALIKA,VERDE,2,,23,MASCULINO,SIN DATOS,0,0,Morelia,Canteras de Morelia,mayo,lunes,17,-101.171658039093,19.7150406479429
14587,14587,2018,"180500304",2018/05/14,17:50:00,COLISIÓN POR CAMBIO DE CARRIL,ASFALTO,Bueno,Bueno,2,CHEVROLET,BLANCO,2,,48,MASCULINO,SIN DATOS,0,0,Morelia,Felix Ireta,mayo,lunes,18,-101.191956996918,19.6825155564645
14588,14588,2018,"180500285",2018/05/14,18:12:00,COLISIÓN CON PEATÓN,CONCRETO,Bueno,Bueno,1,CHEVROLET,GRIS,1,MINISTERIO PÚBLICO,,,,1,0,Morelia,Buenavista,mayo,lunes,18,-101.161315441132,19.7058999469975
14589,14589,2018,"180501009",2018/05/14,21:00:00,COLISIÓN POR ALCANCE,CONCRETO,Bueno,Bueno,2,PONTIAC,VERDE,2,,0,MASCULINO,SIN DATOS,0,0,Morelia,Tinijaro,mayo,lunes,21,-101.264462471008,19.6962233651744
14590,14590,2018,"180501164",2018/05/14,22:00:00,COLISIÓN POR CORTE DE CIRCULACIÓN,ASFALTO,Nublado,Bueno,2,YAMAHA,AZUL,3,,26,MASCULINO,SIN DATOS,1,0,Tarímbaro,Sin datos,mayo,lunes,22,-101.13507270813,19.7761537507881
14591,14591,2018,,2018/05/14,22:55:00,COLISIÓN POR ALCANCE,ASFALTO,Bueno,Bueno,2,CHEVROLET,GUINDA,1,,,MASCULINO,SIN DATOS,0,0,Morelia,Jesus Romero Flores,mayo,lunes,23,-101.173202991486,19.7277357600798
14592,14592,2018,,2018/05/15,"00:00:00",SALIDA DE SUPERFICIE DE RODAMIENTO,CONCRETO,Bueno,Bueno,1,GMC,BLANCO,1,,22,MASCULINO,SIN DATOS,0,0,Peribán,Centro,mayo,martes,0,-102.415752410889,19.5193260317163
14593,14593,2018,"180161417",2018/05/15,"03:00:00",COLISIÓN CONTRA OBJETO FIJO,ASFALTO,Bueno,Regular,1,RENAULT,GRIS,1,,23,FEMENINO,CON CERTIFICADO,0,0,Morelia,Chapultepec Sur,mayo,martes,3,-101.165950298309,19.6911525218634
14594,14594,2018,"180501649",2018/05/15,"05:00:00",COLISIÓN CONTRA OBJETO FIJO,ASFALTO,Bueno,Bueno,1,KIA,ROJO,1,,35,MASCULINO,CON CERTIFICADO,0,0,Morelia,Libertad,mayo,martes,5,-101.23810172081,19.6874098940517
14595,14595,2018,"180501681",2018/05/15,"06:20:00",SUBIDA AL CAMELLÓN,ASFALTO,Bueno,Bueno,1,NISSAN,BLANCO,1,,28,MASCULINO,SIN DATOS,0,0,Morelia,Fovissste La Huerta,mayo,martes,6,-101.21212720871,19.6924960079434
14596,14596,2018,LEG15191,2018/05/15,"07:05:00",VOLCADURA,ASFALTO,Bueno,Regular,1,MERCEDES BENZ,BLANCO Y AZUL,1,,42,MASCULINO,SIN DATOS,0,0,Sin datos,Sin datos,mayo,martes,7,-99.404296875,18.9166797866486
14597,14597,2018,"180501796",2018/05/15,"07:30:00",COLISIÓN POR CORTE DE CIRCULACIÓN,ASFALTO,Bueno,Bueno,2,NISSAN,BLANCO,2,,0,MASCULINO,SIN DATOS,0,0,Morelia,Lomas del Pedregal,mayo,martes,8,-101.284182071686,19.6905363327472
14598,14598,2018,"180501866",2018/05/15,"08:31:00",SUBIDA AL CAMELLÓN,ASFALTO,Bueno,Bueno,1,FORD,GRIS,1,,39,FEMENINO,SIN DATOS,0,0,Tarímbaro,Sin datos,mayo,martes,9,-101.168675422668,19.7570508470623
14599,14599,2018,"180501871",2018/05/15,"09:10:00",COLISIÓN CON PEATÓN,TERRACERIA,Bueno,Bueno,1,CHEVROLET,GRIS,1,,,,SIN DATOS,0,0,Morelia,Ciudad Industrial,mayo,martes,9,-101.144986152649,19.7238475472603