fid,id_accidente,anio_origen,folio_c5i,dia_incidente,hora_ocurrencia,tipo_incidente_vial,superficie_ocurrencia,condiciones_climaticas,condiciones_via,numero_vehiculos_involucrados,marca_vehiculo_ocasiona_siniestro,color_vehiculo_ocasiona_siniestro,numero_personas_involucradas,lugar_remite_presunto_responsable,edad_presunto_responsable,sexo_presunto_responsable,resultados_toxicologia,numero_personas_lesionadas,numero_personas_fallecidas,municipio,colonia,mes,dia_semana,hora_redondeada,lon,lat
14600,14600,2018,"180502085",2018/05/15,"09:40:00",COLISIÓN POR CORTE DE CIRCULACIÓN,ASFALTO,Bueno,Regular,1,KENWORTH,BLANCO,1,,56,MASCULINO,SIN DATOS,0,0,Morelia,Indeco El Vivero,mayo,martes,10,-101.229819059372,19.6770906979566
14601,14601,2018,"180502286",2018/05/15,10:40:00,COLISIÓN POR ALCANCE,ASFALTO,Bueno,Bueno,2,DODGE,BLANCO,2,,30,MASCULINO,SIN DATOS,0,0,Morelia,Las Americas,mayo,martes,11,-101.158955097198,19.688111959106
14602,14602,2018,"180502601",2018/05/15,12:00:00,COLISIÓN POR ALCANCE,ASFALTO,Bueno,Bueno,2,CHEVROLET,AZUL,2,,20,MASCULINO,SIN DATOS,0,0,Morelia,Isaac Arriaga,mayo,martes,12,-101.169415712357,19.7128994477292
14603,14603,2018,"180502609",2018/05/15,12:50:00,SALIDA DE SUPERFICIE DE RODAMIENTO,ASFALTO,Bueno,Bueno,1,MINI COOPER,AZUL,1,,58,MASCULINO,SIN DATOS,0,0,Morelia,Bosques Tres Marias,mayo,martes,13,-101.10368013382,19.7236455595938
14604,14604,2018,"180301717",2018/05/15,14:00:00,COLISIÓN POR MANIOBRA DE REVERSA,ASFALTO,Bueno,Bueno,2,VOLKSWAGEN,GRIS,2,,77,MASCULINO,SIN DATOS,0,0,Morelia,Chapultepec Oriente,mayo,martes,14,-101.159416437149,19.6900413594444
14605,14605,2018,"180503166",2018/05/15,14:15:00,COLISIÓN POR CAMBIO DE CARRIL,CONCRETO,Bueno,Bueno,2,CHEVROLET,NEGRO,2,,32,FEMENINO,SIN DATOS,0,0,Morelia,Centro,mayo,martes,14,-101.201682686806,19.7028899665051
14606,14606,2018,"180503421",2018/05/15,14:37:00,COLISIÓN POR CORTE DE CIRCULACIÓN,CONCRETO,Bueno,Bueno,2,NISSAN,ROJO,2,,39,MASCULINO,SIN DATOS,0,0,Morelia,Centro,mayo,martes,15,-101.196066141129,19.7011021324933
14607,14607,2018,"180503393",2018/05/15,15:25:00,COLISIÓN POR ALCANCE,ASFALTO,Bueno,Regular,2,INTERNATIONAL,BLANCO Y VERDE,2,,37,MASCULINO,SIN DATOS,0,0,Morelia,Pascual Ortiz de Ayala,mayo,martes,15,-101.150854825974,19.6949001127883
14608,14608,2018,"180503319",2018/05/15,15:25:00,COLISIÓN POR CORTE DE CIRCULACIÓN,ASFALTO,Bueno,Bueno,2,FORD,GRIS,1,,22,MASCULINO,SIN DATOS,0,0,Morelia,Chapultepec Sur,mayo,martes,15,-101.176614761353,19.6919202295754
14609,14609,2018,"180503549",2018/05/15,16:00:00,COLISIÓN POR MANIOBRA DE REVERSA,CONCRETO,Bueno,Bueno,2,FORD,GRIS,1,,0,,SIN DATOS,0,0,Morelia,Vasco de Quiroga,mayo,martes,16,-101.174683570862,19.7028798658041
14610,14610,2018,"180504296",2018/05/15,18:50:00,COLISIÓN POR CAMBIO DE CARRIL,ASFALTO,Bueno,Bueno,2,TOYOTA,BLANCO Y GRIS,2,,30,MASCULINO,SIN DATOS,0,0,Morelia,Alberto Oviedo Mota,mayo,martes,19,-101.201988458633,19.6779392912957
14611,14611,2018,,2018/05/15,18:50:00,COLISIÓN POR ALCANCE,ASFALTO,Bueno,Bueno,2,CHRYSLER,GRIS,2,,0,MASCULINO,SIN DATOS,0,0,Morelia,Centro,mayo,martes,19,-101.190540790558,19.7010718300498
14612,14612,2018,"180504442",2018/05/15,19:35:00,COLISIÓN POR ALCANCE,ASFALTO,Bueno,Bueno,2,FORD,BLANCO,2,MINISTERIO PÚBLICO,31,MASCULINO,SIN DATOS,0,0,Morelia,Pastor Manuel Sanchez Camarena,mayo,martes,20,-101.199156045914,19.7366984875933
14613,14613,2018,,2018/05/15,19:45:00,COLISIÓN POR CORTE DE CIRCULACIÓN,ASFALTO,Bueno,Bueno,2,NISSAN,ROJO,2,,55,MASCULINO,SIN DATOS,0,0,Tocumbo,Sin datos,mayo,martes,20,-102.531859874725,19.7051424069044
14614,14614,2018,"180505281",2018/05/15,20:30:00,COLISIÓN POR ALCANCE,ASFALTO,Lluvioso,Bueno,2,NISSAN,BLANCO,2,,0,MASCULINO,CON CERTIFICADO,0,0,Morelia,Fidel Velazquez,mayo,martes,21,-101.236428022385,19.7076372253969
14615,14615,2018,"180504812",2018/05/15,21:15:00,COLISIÓN POR CORTE DE CIRCULACIÓN,CONCRETO,Lluvioso,Regular,2,NISSAN,BLANCO,2,,33,MASCULINO,SIN DATOS,0,0,Morelia,Centro,mayo,martes,21,-101.184661388397,19.7007637548813
14616,14616,2018,"180505147",2018/05/15,22:00:00,SUBIDA AL CAMELLÓN,ASFALTO,Lluvioso,Bueno,1,NISSAN,BLANCO Y NEGRO,1,,30,MASCULINO,SIN DATOS,0,0,Morelia,Rafael Carrillo,mayo,martes,22,-101.234443187714,19.7105057135478
14617,14617,2018,,2018/05/15,23:00:00,SALIDA DE SUPERFICIE DE RODAMIENTO,ASFALTO,Bueno,Bueno,1,FORD,ORO,1,,,,SIN DATOS,0,0,Senguio,Sin datos,mayo,martes,23,-100.29504776001,19.7851995702158
14620,14620,2018,"180505375",2018/05/15,23:45:00,COLISIÓN POR CORTE DE CIRCULACIÓN,ASFALTO,Lluvioso,Bueno,1,KENWORTH,BLANCO,1,,,,,1,0,Morelia,Jardines de Sindurio,mayo,martes,0,-101.257381439209,19.6973849899312
14621,14621,2018,"180505909",2018/05/16,"00:00:00",COLISIÓN POR CAMBIO DE CARRIL,ASFALTO,Bueno,Regular,2,GM,BLANCO Y AZUL,2,MINISTERIO PÚBLICO,52,MASCULINO,SIN DATOS,0,0,Morelia,Ferrocarrilero,mayo,miércoles,0,-101.212776303291,19.7019253466808
14622,14622,2018,"180555673",2018/05/16,"06:11:00",COLISIÓN CONTRA OBJETO FIJO,CONCRETO,Bueno,Bueno,1,DODGE,GRIS,1,MINISTERIO PÚBLICO,0,,SIN DATOS,0,0,Morelia,Gertrudis Sanchez,mayo,miércoles,6,-101.198831498623,19.7430869642053
14623,14623,2018,"180505701",2018/05/16,"06:43:00",SUBIDA AL CAMELLÓN,ASFALTO,Bueno,Bueno,1,CHEVROLET,ARENA,1,,27,MASCULINO,SIN DATOS,0,0,Morelia,San Pascual,mayo,miércoles,7,-101.267348527908,19.6953546663682
14624,14624,2018,"180505745",2018/05/16,"07:10:00",COLISIÓN POR CORTE DE CIRCULACIÓN,ASFALTO,Bueno,Bueno,2,CHEVROLET,AZUL,2,,,MASCULINO,SIN DATOS,0,0,Morelia,Emiliano Zapata,mayo,miércoles,7,-101.215667724609,19.7153941452205
14625,14625,2018,,2018/05/16,"07:50:00",COLISIÓN POR ALCANCE,ASFALTO,Bueno,Regular,2,MERCEDES BENZ,BLANCO,2,MINISTERIO PÚBLICO,40,MASCULINO,SIN DATOS,0,0,Morelia,Centro,mayo,miércoles,8,-101.18754847,19.7028479949991
14626,14626,2018,"180505992",2018/05/16,"09:10:00",COLISIÓN POR CORTE DE CIRCULACIÓN,CONCRETO,Bueno,Bueno,2,NISSAN,BLANCO Y VERDE,2,,33,MASCULINO,SIN DATOS,0,0,Morelia,Buenavista,mayo,miércoles,9,-101.167886853218,19.705495926061
14627,14627,2018,"180506102",2018/05/16,"09:30:00",COLISIÓN CON PEATÓN,ASFALTO,Bueno,Regular,1,TOYOTA,BLANCO Y ROJO,2,,26,MASCULINO,SIN DATOS,1,0,Morelia,La Quemada,mayo,miércoles,10,-101.237769126892,19.7016374747164
14628,14628,2018,"180506243",2018/05/16,10:25:00,COLISIÓN POR ALCANCE,ASFALTO,Bueno,Bueno,4,CHEVROLET,BLANCO,4,,32,MASCULINO,SIN DATOS,0,0,Morelia,Lomas del Tecnologico,mayo,miércoles,10,-101.188609600067,19.7201208337188
14629,14629,2018,"180506483",2018/05/16,11:18:00,COLISIÓN POR ALCANCE,ASFALTO,Bueno,Bueno,2,CHEVROLET,PLATA,2,,25,FEMENINO,SIN DATOS,0,0,Morelia,Articulo Constitucional,mayo,miércoles,11,-101.172022819519,19.7150002482043
14630,14630,2018,"180506727",2018/05/16,11:50:00,COLISIÓN POR ALCANCE,ASFALTO,Bueno,Bueno,2,NISSAN,BLANCO,1,MINISTERIO PÚBLICO,,,,1,0,Morelia,Primo Tapia Oriente,mayo,miércoles,12,-101.158590316772,19.7135155507289
14631,14631,2018,"180506645",2018/05/16,12:06:00,COLISIÓN POR ALCANCE,ASFALTO,Bueno,Bueno,3,NISSAN,BLANCO Y ROJO,2,,55,MASCULINO,SIN DATOS,0,0,Morelia,Jardines de Torremolinos,mayo,miércoles,12,-101.225752830505,19.6769593676334
14632,14632,2018,"180506772",2018/05/16,12:10:00,COLISIÓN POR CAMBIO DE CARRIL,ASFALTO,Bueno,Bueno,2,FORD,BLANCO,2,,32,MASCULINO,SIN DATOS,0,0,Morelia,Villas del Real,mayo,miércoles,12,-101.198748350143,19.7348807356265
14633,14633,2018,"180506746",2018/05/16,12:10:00,COLISIÓN POR ALCANCE,ASFALTO,Bueno,Bueno,2,CHRYSLER,BLANCO,2,,27,FEMENINO,SIN DATOS,0,0,Morelia,Diego Rivera,mayo,miércoles,12,-101.174431443214,19.7170909212735
14634,14634,2018,"180507029",2018/05/16,13:44:00,COLISIÓN POR CAMBIO DE CARRIL,ASFALTO,Bueno,Bueno,2,VOLKSWAGEN,BLANCO,3,,25,MASCULINO,SIN DATOS,1,0,Morelia,Isaac Arriaga,mayo,miércoles,14,-101.171454191208,19.7077634803591
14635,14635,2018,"180507327",2018/05/16,14:45:00,COLISIÓN POR CAMBIO DE CARRIL,ASFALTO,Bueno,Bueno,2,CHEVROLET,PLATA,1,MINISTERIO PÚBLICO,,,,1,0,Morelia,Ciudad Industrial,mayo,miércoles,15,-101.142926216125,19.7249988720846
14636,14636,2018,"180507597",2018/05/16,15:10:00,COLISIÓN POR CORTE DE CIRCULACIÓN,ASFALTO,Bueno,Bueno,2,CHEVROLET,BLANCO,0,,,,,0,0,Morelia,Ejidal Ocolusen,mayo,miércoles,15,-101.152448058128,19.6846470613945
14637,14637,2018,"180508963",2018/05/16,20:45:00,COLISIÓN POR ALCANCE,ASFALTO,Bueno,Bueno,2,FORD,PLATA,2,,32,FEMENINO,SIN DATOS,0,0,Morelia,Felix Ireta,mayo,miércoles,21,-101.195744276047,19.6816063751156
14638,14638,2018,"180509506",2018/05/16,22:30:00,COLISIÓN POR CAMBIO DE CARRIL,CONCRETO,Bueno,Bueno,2,MERCEDES BENZ,BLANCO,2,,27,MASCULINO,SIN DATOS,0,0,Morelia,Los Manantiales de Morelia,mayo,miércoles,23,-101.240285038948,19.6927788456815
14639,14639,2018,,2018/05/17,"00:00:00",COLISIÓN POR CORTE DE CIRCULACIÓN,ASFALTO,Bueno,Bueno,2,NISSAN,BLANCO/ROJO,2,,63,MASCULINO,SIN DATOS,0,0,Pátzcuaro,Centro,mayo,jueves,0,-101.617773771286,19.516292332014
14640,14640,2018,"180509843",2018/05/17,"01:10:00",COLISIÓN POR CORTE DE CIRCULACIÓN,ASFALTO,Bueno,Bueno,2,DODGE,GRIS,2,,41,MASCULINO,SIN DATOS,0,0,Morelia,Ferrocarrilero,mayo,jueves,1,-101.224315166473,19.6914454633984
14641,14641,2018,"180509781",2018/05/17,"05:19:00",SUBIDA AL CAMELLÓN,ASFALTO,Bueno,Bueno,1,NISSAN,BLANCO,1,,62,MASCULINO,SIN DATOS,0,0,Morelia,Fidel Velazquez,mayo,jueves,5,-101.239094138145,19.7062812408204
14642,14642,2018,,2018/05/17,"09:00:00",COLISIÓN POR INVASIÓN DE CARRIL,ASFALTO,Bueno,Bueno,3,INTERNATIONAL,BLANCO,3,,40,MASCULINO,SIN DATOS,0,0,Peribán,La Noria,mayo,jueves,9,-102.411975860596,19.5315613757855
14643,14643,2018,"180510071",2018/05/17,"09:20:00",COLISIÓN CON PEATÓN,CONCRETO,Bueno,Bueno,1,MERCEDES BENZ,BLANCO,2,,18,MASCULINO,SIN DATOS,1,0,Morelia,Trincheras de Morelos,mayo,jueves,9,-101.189982891083,19.6642248663013
14644,14644,2018,"180510086",2018/05/17,"09:20:00",COLISIÓN POR ALCANCE,CONCRETO,Bueno,Bueno,2,MERCEDES BENZ,BLANCO Y VERDE,2,,26,MASCULINO,SIN DATOS,0,0,Morelia,Gustavo Diaz Ordaz,mayo,jueves,9,-101.204499006271,19.6922788286268
14645,14645,2018,"18051075",2018/05/17,"09:40:00",COLISIÓN POR CAMBIO DE CARRIL,ASFALTO,Bueno,Bueno,2,MITSUBISHI,VERDE,2,,52,FEMENINO,SIN DATOS,0,0,Morelia,Bosques Tres Marias,mayo,jueves,10,-101.10525727272,19.7293162662956
14646,14646,2018,,2018/05/17,"09:50:00",COLISIÓN POR ALCANCE,ASFALTO,Bueno,Bueno,3,VOLKWAGEN,BLANCO,3,,0,MASCULINO,SIN DATOS,0,0,Morelia,Jardines de Torremolinos,mayo,jueves,10,-101.225699186325,19.6768785489195
14647,14647,2018,"180513643",2018/05/17,11:15:00,COLISIÓN POR CAMBIO DE CARRIL,CONCRETO,Bueno,Bueno,2,NISSAN,BLANCO Y ROSA,2,,46,MASCULINO,SIN DATOS,0,0,Morelia,Centro,mayo,jueves,11,-101.194226145744,19.7030313762523
14648,14648,2018,"180510731",2018/05/17,11:25:00,COLISIÓN POR ALCANCE,CONCRETO,Bueno,Bueno,2,NISSAN,GRIS,2,,33,MASCULINO,SIN DATOS,0,0,Morelia,Centro,mayo,jueves,11,-101.190422773361,19.7079604379012
14649,14649,2018,,2018/05/17,11:38:00,COLISIÓN POR CORTE DE CIRCULACIÓN,ASFALTO,Bueno,Bueno,2,NISSAN TSURU,BCO ROJO,2,,40,MASCULINO,SIN DATOS,0,0,Apatzingán,Centro,mayo,jueves,12,-102.355923056602,19.0855763183984
14650,14650,2018,,2018/05/17,12:20:00,COLISIÓN POR CORTE DE CIRCULACIÓN,ASFALTO,Bueno,Bueno,2,NISSAN,PLATA,2,,72,MASCULINO,SIN DATOS,0,0,Pátzcuaro,Rincon Los Pinos,mayo,jueves,12,-101.59649848938,19.4956414370941
14651,14651,2018,"180511380",2018/05/17,13:40:00,COLISIÓN CONTRA OBJETO FIJO,CONCRETO,Bueno,Malo,1,FREIGHTLINER,BLANCO Y AZUL,1,,23,MASCULINO,SIN DATOS,0,0,Morelia,Lomas de Guayangareo,mayo,jueves,14,-101.160752177238,19.7015465676727
14652,14652,2018,"180511405",2018/05/17,14:30:00,COLISIÓN POR CAMBIO DE CARRIL,CONCRETO,Bueno,Bueno,1,NISSAN,BLANCO/MORADO,2,,30,MASCULINO,SIN DATOS,0,0,Morelia,Industrial,mayo,jueves,15,-101.188926100731,19.7110713248573
14653,14653,2018,"80511959",2018/05/17,16:40:00,COLISIÓN POR ALCANCE,ASFALTO,Bueno,Bueno,2,NISSAN,BLANCO,2,,29,MASCULINO,SIN DATOS,0,0,Morelia,Centro,mayo,jueves,17,-101.177934408188,19.7049403956071
14654,14654,2018,"180511876",2018/05/17,16:50:00,COLISIÓN POR MANIOBRA DE REVERSA,ASFALTO,Bueno,Bueno,3,CHEVROLET,CAFE,2,,16,MASCULINO,SIN DATOS,0,0,Morelia,Virrey Antonio de Mendoza,mayo,jueves,17,-101.1585688591,19.7080311405494
14655,14655,2018,"180512099",2018/05/17,17:20:00,COLISIÓN POR ALCANCE,CONCRETO,Bueno,Bueno,2,KENWORTH,BLANCO,2,,23,MASCULINO,SIN DATOS,0,0,Morelia,Las Americas,mayo,jueves,17,-101.156423091888,19.6877786048597
14657,14657,2018,"180512722",2018/05/17,19:30:00,COLISIÓN POR CORTE DE CIRCULACIÓN,ASFALTO,Bueno,Bueno,2,FORD,GRIS,2,,54,MASCULINO,SIN DATOS,0,0,Morelia,Cuauhtemoc,mayo,jueves,20,-101.18119597435,19.6939354448034
14658,14658,2018,,2018/05/17,19:30:00,COLISIÓN POR CORTE DE CIRCULACIÓN,ASFALTO,Bueno,Bueno,2,NISSAN,ARENA,2,,36,MASCULINO,CON CERTIFICADO,0,0,Purépero,Sin datos,mayo,jueves,20,-101.991448402405,19.889270231815
14659,14659,2018,"18053193",2018/05/17,20:50:00,COLISIÓN POR NO RESPETAR SEMÁFORO,ASFALTO,Nublado,Bueno,2,HONDA,NEGRO,2,,23,MASCULINO,SIN DATOS,0,0,Morelia,Jardines del Toreo,mayo,jueves,21,-101.214144229889,19.6880715525677
14660,14660,2018,"18051332",2018/05/17,21:00:00,COLISIÓN POR MANIOBRA DE REVERSA,ASFALTO,Bueno,Bueno,2,CHEVROLET,BLANCO,2,,42,MASCULINO,SIN DATOS,0,0,Morelia,Montaña Monarca,mayo,jueves,21,-101.164577007294,19.6658868241137
14661,14661,2018,"180513269",2018/05/17,21:45:00,COLISIÓN CONTRA OBJETO FIJO,CONCRETO,Bueno,Bueno,1,NISSAN,BLANCO,1,,,,SIN DATOS,0,0,Morelia,Barrio Alto,mayo,jueves,22,-101.196978092194,19.7250190706917
14662,14662,2018,LEG15231,2018/05/17,22:00:00,COLISIÓN POR ALCANCE,ASFALTO,Bueno,Bueno,2,FORD,GRIS,3,,20,MASCULINO,SIN DATOS,1,0,Morelia,Barrio Alto,mayo,jueves,22,-101.196978092194,19.7250796664976
14663,14663,2018,"180113616",2018/05/18,"00:44:00",COLISIÓN CONTRA OBJETO FIJO,CONCRETO,Bueno,Bueno,1,VOLKSWAGEN,BLANCO,1,,0,,SIN DATOS,0,0,Morelia,Fovissste Acueducto,mayo,viernes,1,-101.155822277069,19.6994455904951
14664,14664,2018,"180513789",2018/05/18,"01:30:00",COLISIÓN CONTRA OBJETO FIJO,CONCRETO,Bueno,Bueno,1,VOLKSWAGEN,CAFE,1,,0,,SIN DATOS,0,0,Morelia,Jesus Romero Flores,mayo,viernes,2,-101.180166006088,19.7334820623906
14665,14665,2018,"180513793",2018/05/18,"01:59:00",COLISIÓN POR ALCANCE,ASFALTO,Bueno,Bueno,2,NISSAN,BLANCO,2,,32,MASCULINO,CON CERTIFICADO,0,0,Morelia,La Huare,mayo,viernes,2,-101.25645339489,19.7154547446753
14666,14666,2018,"180513553",2018/05/18,"02:05:00",SALIDA DE SUPERFICIE DE RODAMIENTO,CONCRETO,Bueno,Regular,1,VOLKSWAGEN,NEGRO,1,MINISTERIO PÚBLICO,0,,SIN DATOS,0,0,Morelia,Sin datos,mayo,viernes,2,-101.173857450485,19.7471047192631
14667,14667,2018,,2018/05/18,"06:30:00",COLISIÓN POR ALCANCE,ASFALTO,Bueno,Bueno,2,CHRYSLER,GRIS,2,,28,MASCULINO,SIN DATOS,0,0,Pátzcuaro,Centro,mayo,viernes,7,-101.61016702652,19.5296806311006
14668,14668,2018,"180514078",2018/05/18,"08:16:00",VOLCADURA,ASFALTO,Bueno,Bueno,1,TOYOTA,BLANCO/GRIS,1,MINISTERIO PÚBLICO,,,SIN DATOS,0,0,Morelia,Victor Manuel Tinoco Rubi,mayo,viernes,8,-101.243305206299,19.7004354774097
14669,14669,2018,"180514234",2018/05/18,"08:30:00",COLISIÓN POR ALCANCE,ASFALTO,Bueno,Bueno,2,CHEVROLET,VINO/BLANCO,2,,47,MASCULINO,SIN DATOS,0,0,Morelia,Rafael Carrillo,mayo,viernes,9,-101.236374378204,19.7078695344503
14670,14670,2018,"180514315",2018/05/18,"08:56:00",COLISIÓN POR ALCANCE,ASFALTO,Bueno,Bueno,2,NISSAN,AZUL,2,,21,MASCULINO,SIN DATOS,0,0,Morelia,Los Manantiales de Morelia,mayo,viernes,9,-101.24027967453,19.6927788456815
14671,14671,2018,LEG15237,2018/05/18,"09:20:00",COLISIÓN POR CORTE DE CIRCULACIÓN,ASFALTO,Bueno,Bueno,2,SEAT,PLATA,2,MINISTERIO PÚBLICO,40,FEMENINO,SIN DATOS,0,0,Morelia,Lomas de Las Americas Sur,mayo,viernes,9,-101.146960258484,19.6943344443084
14672,14672,2018,"180514339",2018/05/18,10:00:00,COLISIÓN POR ALCANCE,ASFALTO,Bueno,Bueno,2,ISUZU,ROJO,2,,29,MASCULINO,SIN DATOS,0,0,Morelia,Villa de Santa Maria,mayo,viernes,10,-101.167484521866,19.6560158554541
14673,14673,2018,"180514449",2018/05/18,10:10:00,COLISIÓN POR CORTE DE CIRCULACIÓN,ASFALTO,Bueno,Bueno,2,YAMAHA,ROJO,2,,34,MASCULINO,SIN DATOS,0,0,Morelia,Colinas del Sur,mayo,viernes,10,-101.197568178177,19.664159195882
14676,14676,2018,"180515105",2018/05/18,12:44:00,COLISIÓN POR ALCANCE,ASFALTO,Bueno,Bueno,2,NISSAN,ROJO,2,,35,FEMENINO,SIN DATOS,0,0,Morelia,Tinijaro,mayo,viernes,13,-101.264505386353,19.6965364996346
14677,14677,2018,"180115404",2018/05/18,13:55:00,COLISIÓN POR ALCANCE,ASFALTO,Bueno,Bueno,2,VOLKSWAGEN,GRIS,2,,48,MASCULINO,SIN DATOS,0,0,Morelia,Real Santa Rita,mayo,viernes,14,-101.220742464066,19.6741761497032
14678,14678,2018,"180515644",2018/05/18,14:55:00,COLISIÓN POR CORTE DE CIRCULACIÓN,ASFALTO,Bueno,Bueno,2,KAWASAKI,BLANCO/AZUL,1,,30,MASCULINO,SIN DATOS,0,0,Morelia,Comision Federal de Electricidad,mayo,viernes,15,-101.181378364563,19.6816467832851
14679,14679,2018,"180515779",2018/05/18,15:30:00,COLISIÓN POR ALCANCE,ASFALTO,Bueno,Bueno,2,VOLKSWAGEN,BLANCO,2,,35,MASCULINO,SIN DATOS,0,0,Morelia,Rafael Carrillo,mayo,viernes,16,-101.236438751221,19.7078796348363
14680,14680,2018,"180516087",2018/05/18,16:04:00,COLISIÓN POR ALCANCE,ASFALTO,Bueno,Bueno,2,INTERNATIONAL,BLANCO/ROJO,2,,22,MASCULINO,SIN DATOS,0,0,Morelia,Primo Tapia Oriente,mayo,viernes,16,-101.158772706985,19.7135761508957
14681,14681,2018,"180515870",2018/05/18,16:10:00,COLISIÓN CON PEATÓN,CONCRETO,Bueno,Bueno,1,SIN DATOS,SIN DATOS,1,,,,,1,0,Morelia,Ventura Puente,mayo,viernes,16,-101.195240020752,19.6926172241781
14683,14683,2018,,2018/05/18,18:30:00,COLISIÓN POR CORTE DE CIRCULACIÓN,ASFALTO,Bueno,Regular,2,DATSUN,AZUL,2,,67,MASCULINO,SIN DATOS,0,0,Puruándiro,Centro,mayo,viernes,19,-101.515472,20.087439
14684,14684,2018,"180516673",2018/05/18,19:10:00,COLISIÓN POR CORTE DE CIRCULACIÓN,CONCRETO,Bueno,Bueno,2,VOLKSWAGEN,GRIS,2,MINISTERIO PÚBLICO,61,FEMENINO,SIN DATOS,0,0,Morelia,Vicente Lombardo Toledano (Ejidal Isacc Arriaga) (Etnias de Mexico),mayo,viernes,19,-101.141638755798,19.7146921998615
14685,14685,2018,"180516660",2018/05/18,19:10:00,COLISIÓN POR ALCANCE,ASFALTO,Bueno,Regular,3,VOLKSWAGEN,ROJO,3,,51,MASCULINO,SIN DATOS,0,0,Morelia,Solidaridad,mayo,viernes,19,-101.205239295959,19.725968402345
14686,14686,2018,"180511614",2018/05/18,19:23:00,COLISIÓN CONTRA OBJETO FIJO,CONCRETO,Bueno,Bueno,1,TOYOTA,AZUL,1,,,MASCULINO,SIN DATOS,0,0,Morelia,El Lago 1,mayo,viernes,19,-101.210786104202,19.7265642565656
14687,14687,2018,,2018/05/18,19:30:00,COLISIÓN POR CAMBIO DE CARRIL,ASFALTO,Bueno,Bueno,2,NISSAN,BLANCO,2,,18,MASCULINO,SIN DATOS,0,0,Arteaga,Sin datos,mayo,viernes,20,-102.281491756439,18.3287809371977
14688,14688,2018,,2018/05/18,19:30:00,COLISIÓN POR CAMBIO DE CARRIL,ASFALTO,Bueno,Bueno,2,ITALIKA,AMARILLO,2,,45,MASCULINO,SIN DATOS,0,0,Apatzingán,Morelos,mayo,viernes,20,-102.362424731255,19.0901540521857
14689,14689,2018,"180517200",2018/05/18,20:50:00,COLISIÓN POR CORTE DE CIRCULACIÓN,ASFALTO,Bueno,Bueno,2,MERCEDEZ BENZ,AMARILLO/ROJO,2,,28,MASCULINO,SIN DATOS,0,0,Morelia,Primo Tapia Oriente,mayo,viernes,21,-101.162581443787,19.7118086365966
14690,14690,2018,"180517434",2018/05/18,21:15:00,COLISIÓN POR CAMBIO DE CARRIL,ASFALTO,Bueno,Regular,2,HONDA,ROJO,2,,,MASCULINO,SIN DATOS,0,0,Morelia,Mariano Escobedo,mayo,viernes,21,-101.212376654148,19.7226962141415
14691,14691,2018,"180518591",2018/05/18,21:45:00,COLISIÓN CONTRA OBJETO FIJO,CONCRETO,Bueno,Bueno,1,CHEVROLET,ROJO,1,,73,MASCULINO,SIN DATOS,0,0,Morelia,Nueva Chapultepec,mayo,viernes,22,-101.165778636932,19.688955443266
14692,14692,2018,"180717611",2018/05/18,21:50:00,COLISIÓN CONTRA OBJETO FIJO,CONCRETO,Bueno,Bueno,1,GENERAL MOTORS,AZUL,0,,,,,0,0,Morelia,Union,mayo,viernes,22,-101.15655452013,19.7104880381622
14693,14693,2018,"180517554",2018/05/18,21:50:00,COLISIÓN POR CORTE DE CIRCULACIÓN,ASFALTO,Bueno,Bueno,1,VOLKSWAGEN,VERDE,1,,48,FEMENINO,SIN DATOS,0,0,Morelia,Ventura Puente,mayo,viernes,22,-101.195358037949,19.6923646902523
14694,14694,2018,,2018/05/18,22:30:00,SALIDA DE SUPERFICIE DE RODAMIENTO,ASFALTO,Bueno,Regular,1,DINA,BCO/MORADO,1,MINISTERIO PÚBLICO,,,SIN DATOS,0,0,Múgica,Sin datos,mayo,viernes,23,-102.086019,19.06489
14695,14695,2018,"180517658",2018/05/18,23:07:00,COLISIÓN POR CORTE DE CIRCULACIÓN,ASFALTO,Bueno,Bueno,2,NISSAN,BLANCO,2,,,,SIN DATOS,0,0,Morelia,Agua Clara,mayo,viernes,23,-101.224173009396,19.7029000672054
14696,14696,2018,"180850301",2018/05/19,"00:00:00",COLISIÓN CONTRA OBJETO FIJO,ASFALTO,Bueno,Bueno,2,FORD,BLANCO,2,,43,MASCULINO,SIN DATOS,0,0,Morelia,Villas del Real,mayo,sábado,0,-101.19874432683,19.7339541790941
14697,14697,2018,,2018/05/19,"04:25:00",COLISIÓN POR CORTE DE CIRCULACIÓN,ASFALTO,Bueno,Bueno,2,FORD,AMARILLO,2,,,MASCULINO,SIN DATOS,0,0,Los Reyes,Sin datos,mayo,sábado,4,-102.457809448242,19.5722852455037
14698,14698,2018,"180518020",2018/05/19,"04:30:00",CAIDA DE MOTOCICLETA,SIN_DATOS,Bueno,Regular,1,YAMAHA,ROJO,1,,,,SIN DATOS,0,0,Morelia,Nueva Valladolid,mayo,sábado,5,-101.210587620735,19.7009455698066
14699,14699,2018,"180518027",2018/05/19,"04:36:00",COLISIÓN CONTRA OBJETO FIJO,ASFALTO,Bueno,Bueno,1,RENAULT,ROJO,1,MINISTERIO PÚBLICO,24,MASCULINO,CON CERTIFICADO,0,0,Morelia,Alberto Oviedo Mota,mayo,sábado,5,-101.202063560486,19.6778382685149