fid,id_accidente,anio_origen,folio_c5i,dia_incidente,hora_ocurrencia,tipo_incidente_vial,superficie_ocurrencia,condiciones_climaticas,condiciones_via,numero_vehiculos_involucrados,marca_vehiculo_ocasiona_siniestro,color_vehiculo_ocasiona_siniestro,numero_personas_involucradas,lugar_remite_presunto_responsable,edad_presunto_responsable,sexo_presunto_responsable,resultados_toxicologia,numero_personas_lesionadas,numero_personas_fallecidas,municipio,colonia,mes,dia_semana,hora_redondeada,lon,lat
14700,14700,2018,"180518004",2018/05/19,"04:50:00",COLISIÓN CON PEATÓN,ASFALTO,Bueno,Regular,1,PONTIAC,BLANCO,1,MINISTERIO PÚBLICO,49,MASCULINO,SIN DATOS,0,0,Morelia,Nicolaitas Ilustres,mayo,sábado,5,-101.227405071259,19.7205955147984
14701,14701,2018,"180518086",2018/05/19,"06:20:00",COLISIÓN POR CORTE DE CIRCULACIÓN,ASFALTO,Bueno,Bueno,1,MERCEDEZ BENZ,SIN DATOS,1,,43,MASCULINO,SIN DATOS,0,0,Morelia,Francisco J Mujica,mayo,sábado,6,-101.188395023346,19.7215448727286
14702,14702,2018,,2018/05/19,"06:30:00",VOLCADURA,ASFALTO,Bueno,Bueno,1,HONDA TRX 680,CAFE,1,,46,MASCULINO,SIN DATOS,0,0,Apatzingán,Lazaro Cardenas,mayo,sábado,7,-102.352463006973,19.0986095996696
14703,14703,2018,"180518170",2018/05/19,"07:30:00",SALIDA DE SUPERFICIE DE RODAMIENTO,ASFALTO,Bueno,Bueno,1,CHEVROLET,BLANCO,1,,,MASCULINO,CON CERTIFICADO,0,0,Morelia,El Lago 1,mayo,sábado,8,-101.217813491821,19.7274226867058
14704,14704,2018,"180518155",2018/05/19,"07:40:00",COLISIÓN POR INVASIÓN DE CARRIL,ASFALTO,Bueno,Bueno,2,HONDA,GRIS,0,MINISTERIO PÚBLICO,,,,0,0,Morelia,Sin datos,mayo,sábado,8,-101.114687919617,19.737056986233
14705,14705,2018,,2018/05/19,"08:20:00",COLISIÓN POR MANIOBRA DE REVERSA,ASFALTO,Bueno,Bueno,1,JEEP,GRIS,1,,34,MASCULINO,ALIENTO ETÍLICO,0,0,Morelia,Mariano Michelena,mayo,sábado,8,-101.230709552765,19.6766765019564
14706,14706,2018,"180518540",2018/05/19,10:25:00,COLISIÓN POR ALCANCE,ASFALTO,Bueno,Bueno,2,ITALIKA,NARANJA,2,,,MASCULINO,SIN DATOS,0,0,Morelia,Mirador del Punhuato,mayo,sábado,10,-101.158150434494,19.7032737926711
14707,14707,2018,"180719690",2018/05/19,10:30:00,COLISIÓN POR CAMBIO DE CARRIL,ASFALTO,Bueno,Bueno,2,CHEVROLET,AZUL,2,MINISTERIO PÚBLICO,,MASCULINO,SIN DATOS,0,0,Morelia,Ciudad Industrial,mayo,sábado,11,-101.142926216125,19.7252008580406
14708,14708,2018,"180519450",2018/05/19,13:50:00,COLISIÓN POR INVASIÓN DE CARRIL,TERRACERIA,Bueno,Bueno,2,GMC,BA,2,,,,SIN DATOS,0,0,Morelia,Tenencia Morelos,mayo,sábado,14,-101.236867904663,19.6523784978658
14709,14709,2018,,2018/05/19,14:49:00,CAIDA DE MOTOCICLETA,ASFALTO,Bueno,Bueno,1,ITALIKA,NARANJA,1,,17,MASCULINO,SIN DATOS,0,0,Morelia,Avicola Benito Juarez,mayo,sábado,15,-101.279482841492,19.6915464775965
14710,14710,2018,,2018/05/19,15:40:00,SUBIDA AL CAMELLÓN,ASFALTO,Bueno,Bueno,1,NISSAN,ROJO,1,,71,FEMENINO,SIN DATOS,0,0,Morelia,La Quemada,mayo,sábado,16,-101.237833499908,19.7017485832553
14711,14711,2018,"180519987",2018/05/19,15:42:00,COLISIÓN POR ALCANCE,CONCRETO,Bueno,Bueno,2,SEAT,GRIS,2,,28,MASCULINO,SIN DATOS,0,0,Morelia,Centro,mayo,sábado,16,-101.178267002106,19.6991930673427
14712,14712,2018,,2018/05/19,16:10:00,COLISIÓN POR ALCANCE,CONCRETO,Bueno,Bueno,2,NISSAN,NEGRO/ROSA,2,,33,MASCULINO,SIN DATOS,0,0,Lázaro Cárdenas,Segundo Sector de Fidelac,mayo,sábado,16,-102.20854640007,17.9632770083489
14713,14713,2018,"180520391",2018/05/19,17:40:00,COLISIÓN POR CAMBIO DE CARRIL,ASFALTO,Bueno,Bueno,2,TOYOTA,GRIS,2,,29,FEMENINO,SIN DATOS,0,0,Morelia,Lomas del Valle,mayo,sábado,18,-101.23263001442,19.6868896568101
14714,14714,2018,,2018/05/19,18:30:00,COLISIÓN POR CORTE DE CIRCULACIÓN,ASFALTO,Bueno,Bueno,2,DINAMO,BLANCO/NEGRO,2,,25,MASCULINO,SIN DATOS,0,0,Morelia,Villa Universidad,mayo,sábado,19,-101.210260391235,19.6872937247172
14715,14715,2018,,2018/05/19,18:30:00,COLISIÓN POR ALCANCE,ASFALTO,Bueno,Bueno,2,NISSAN,ROJO,3,MINISTERIO PÚBLICO,63,MASCULINO,SIN DATOS,0,1,Lázaro Cárdenas,3Er Sect de Fidelac,mayo,sábado,19,-102.216732501984,17.9599549722009
14716,14716,2018,,2018/05/19,19:00:00,CAIDA DE MOTOCICLETA,CONCRETO,Bueno,Bueno,1,ITALIKA,ROJO,1,,22,MASCULINO,SIN DATOS,0,0,Morelia,Dr Miguel Silva,mayo,sábado,19,-101.184682846069,19.7157223919928
14717,14717,2018,"180521579",2018/05/19,19:20:00,COLISIÓN POR CAMBIO DE CARRIL,ASFALTO,Bueno,Bueno,2,RENAULT,GRIS,2,,42,FEMENINO,SIN DATOS,0,0,Morelia,Gertrudis Bocanegra,mayo,sábado,19,-101.207760572433,19.7043747626175
14718,14718,2018,,2018/05/19,19:50:00,COLISIÓN POR ALCANCE,ASFALTO,Bueno,Bueno,2,CHRYSLER,BCO/AZUL,3,,28,MASCULINO,SIN DATOS,1,0,Lázaro Cárdenas,1Er Sect de Fidelac,mayo,sábado,20,-102.18897163868,17.962031889981
14719,14719,2018,,2018/05/19,19:50:00,COLISIÓN POR INVASIÓN DE CARRIL,ASFALTO,Bueno,Bueno,2,FORD,VERDE,2,MINISTERIO PÚBLICO,50,MASCULINO,SIN DATOS,0,0,Zacapu,Centro,mayo,sábado,20,-101.795711517334,19.8130606953914
14720,14720,2018,"180521277",2018/05/19,22:20:00,COLISIÓN POR CORTE DE CIRCULACIÓN,ASFALTO,Bueno,Bueno,2,CHEVROLET,CAFE,2,,31,MASCULINO,SIN DATOS,0,0,Tarímbaro,Sin datos,mayo,sábado,22,-101.141209602356,19.7738114459812
14721,14721,2018,"180040739",2018/05/19,22:40:00,COLISIÓN POR CORTE DE CIRCULACIÓN,ASFALTO,Bueno,Bueno,2,VOLKSWAGEN,NEGRO,2,,,MASCULINO,ALIENTO ETÍLICO,0,0,Morelia,Cuauhtemoc,mayo,sábado,23,-101.183030605316,19.6944051529777
14722,14722,2018,,2018/05/19,22:45:00,CAIDA DE MOTOCICLETA,TERRACERIA,Bueno,Regular,1,DINAMO,NARANJA,1,,25,MASCULINO,SIN DATOS,0,0,Morelia,La Aldea,mayo,sábado,23,-101.133806705475,19.7402278969057
14723,14723,2018,"180521604",2018/05/19,23:25:00,VOLCADURA,ASFALTO,Bueno,Bueno,1,VOLKSWAGEN,AZUL,1,,,,SIN DATOS,0,0,Charo,La Goleta,mayo,sábado,23,-101.083445549011,19.7378244735728
14724,14724,2018,"180521626",2018/05/19,23:32:00,COLISIÓN POR ALCANCE,ASFALTO,Bueno,Bueno,2,TOYOTA,AZUL,2,,21,MASCULINO,SIN DATOS,0,0,Morelia,Ciudad Industrial,mayo,sábado,0,-101.142829656601,19.7250695671982
14725,14725,2018,"180522049",2018/05/20,"02:30:00",COLISIÓN CONTRA OBJETO FIJO,ASFALTO,Bueno,Bueno,1,MERCEDES BENZ,BLANCO,1,,34,MASCULINO,CON CERTIFICADO,0,0,Morelia,Ciudad Industrial,mayo,domingo,3,-101.142861843109,19.7250291699943
14726,14726,2018,,2018/05/20,"02:45:00",COLISIÓN CON PEATÓN,ASFALTO,Bueno,Bueno,2,BAJAJ,BLANCO,4,MINISTERIO PÚBLICO,23,MASCULINO,SIN DATOS,2,0,Sahuayo,La Plasita,mayo,domingo,3,-102.71636903286,20.0517487476759
14727,14727,2018,"180522198",2018/05/20,"03:33:00",COLISIÓN POR CAMBIO DE CARRIL,ASFALTO,Bueno,Bueno,2,CHEVROLET,BLANCO,2,,21,FEMENINO,CON CERTIFICADO,1,0,Morelia,Isaac Arriaga,mayo,domingo,4,-101.172441244125,19.7073847151736
14729,14729,2018,"180522362",2018/05/20,"05:00:00",COLISIÓN CONTRA OBJETO FIJO,ASFALTO,Bueno,Bueno,1,MAZDA,NEGRO,1,,23,MASCULINO,SIN DATOS,0,0,Morelia,Camelinas,mayo,domingo,5,-101.16828918457,19.682859023631
14730,14730,2018,"180522333",2018/05/20,"05:30:00",COLISIÓN CONTRA OBJETO FIJO,CONCRETO,Nublado,Bueno,1,JEEP,ARENA,1,,,,SIN DATOS,0,0,Morelia,Independencia,mayo,domingo,6,-101.178480237722,19.7098643483035
14731,14731,2018,,2018/05/20,"05:50:00",COLISIÓN CONTRA OBJETO FIJO,ASFALTO,Bueno,Bueno,1,MERCURY,VERDE,1,,45,FEMENINO,SIN DATOS,0,0,Morelia,Arcos del Valle,mayo,domingo,6,-101.232554912567,19.7030616783247
14732,14732,2018,"180522388",2018/05/20,"06:50:00",SUBIDA AL CAMELLÓN,ASFALTO,Bueno,Bueno,1,JEEP,ROJO,1,,21,MASCULINO,SIN DATOS,0,0,Morelia,Sin datos,mayo,domingo,7,-101.32786989212,19.6854249021004
14733,14733,2018,,2018/05/20,"07:00:00",COLISIÓN POR INVASIÓN DE CARRIL,ASFALTO,Bueno,Regular,1,DODGE,BLANCO,1,,32,MASCULINO,SIN DATOS,0,0,Tangamandapio,Juan Pablo Ii,mayo,domingo,7,-102.421460151672,19.9593119100918
14734,14734,2018,"180522504",2018/05/20,"08:05:00",COLISIÓN POR NO RESPETAR SEMÁFORO,ASFALTO,Bueno,Regular,2,DODGE,PLATA,2,MINISTERIO PÚBLICO,19,MASCULINO,SIN DATOS,0,0,Morelia,Los Pinos de Michoacan,mayo,domingo,8,-101.216381192207,19.6831368274181
14735,14735,2018,,2018/05/20,12:20:00,COLISIÓN POR ALCANCE,ADOQUIN_EMPEDRADO,Bueno,Bueno,2,NISSAN,PLATA,2,,25,MASCULINO,SIN DATOS,0,0,Pátzcuaro,Centro,mayo,domingo,12,-101.609126329422,19.5141585957858
14736,14736,2018,,2018/05/20,12:30:00,CAIDA DE MOTOCICLETA,ASFALTO,Bueno,Bueno,1,ITALIKA,ROJO Y NEGRO,1,MINISTERIO PÚBLICO,,,,1,0,Morelia,Tenencia Morelos,mayo,domingo,13,-101.247189044952,19.6495594890142
14737,14737,2018,"180523694",2018/05/20,14:07:00,SALIDA DE SUPERFICIE DE RODAMIENTO,CONCRETO,Bueno,Regular,2,FORD,BLANCO Y ROJO,2,,49,MASCULINO,CON CERTIFICADO,0,0,Morelia,El Lago 1,mayo,domingo,14,-101.219401359558,19.7277862557278
14738,14738,2018,"180523833",2018/05/20,14:25:00,COLISIÓN POR ALCANCE,CONCRETO,Bueno,Bueno,3,VOLKSWAGEN,BLANCO,3,,30,MASCULINO,SIN DATOS,0,0,Morelia,Felix Ireta,mayo,domingo,14,-101.181582212448,19.6815356607944
14739,14739,2018,"180523981",2018/05/20,15:05:00,COLISIÓN POR ALCANCE,ASFALTO,Bueno,Regular,2,KENWORTH,NARANJA,2,,27,MASCULINO,SIN DATOS,0,0,Morelia,Libertad,mayo,domingo,15,-101.23698592186,19.6849905239902
14741,14741,2018,,2018/05/20,16:50:00,COLISIÓN POR ALCANCE,ASFALTO,Bueno,Bueno,1,FORD,NEGRO,0,MINISTERIO PÚBLICO,,,,0,0,Zacapu,Sin datos,mayo,domingo,17,-101.810774803162,19.8222659077899
14742,14742,2018,,2018/05/20,18:00:00,COLISIÓN POR CORTE DE CIRCULACIÓN,ASFALTO,Bueno,Bueno,3,VOLKSWAGEN,ROJO,3,MINISTERIO PÚBLICO,22,MASCULINO,SIN DATOS,0,0,Zitácuaro,Sin datos,mayo,domingo,18,-100.377488136292,19.4991205188358
14743,14743,2018,"180524684",2018/05/20,18:10:00,COLISIÓN POR CORTE DE CIRCULACIÓN,ASFALTO,Nublado,Regular,2,YAMAHA,NEGRO Y ROJO,2,,21,MASCULINO,SIN DATOS,0,0,Morelia,Irrigacion,mayo,domingo,18,-101.22511446476,19.7046474787729
14744,14744,2018,"180524784",2018/05/20,18:15:00,CAIDA DE MOTOCICLETA,CONCRETO,Nublado,Bueno,1,HONDA,NEGRO,1,,18,MASCULINO,SIN DATOS,0,0,Morelia,Valle de Las Flores,mayo,domingo,18,-101.126382350922,19.687813960646
14745,14745,2018,"180529827",2018/05/20,18:50:00,COLISIÓN POR CORTE DE CIRCULACIÓN,ASFALTO,Bueno,Bueno,3,NISSAN,BEIGE,3,,65,MASCULINO,SIN DATOS,0,0,Morelia,Lomas de Guayangareo,mayo,domingo,19,-101.159150898457,19.7021526136552
14746,14746,2018,"180524964",2018/05/20,19:25:00,COLISIÓN POR CORTE DE CIRCULACIÓN,ASFALTO,Bueno,Bueno,2,CHEVROLET,ROJO,2,,42,FEMENINO,SIN DATOS,0,0,Morelia,Prados Verdes,mayo,domingo,19,-101.19922041893,19.7145003005939
14747,14747,2018,"180525283",2018/05/20,20:16:00,COLISIÓN POR ALCANCE,TERRACERIA,Bueno,Bueno,2,NISSAN,GRIS,2,,0,FEMENINO,CON CERTIFICADO,0,0,Morelia,El Lago 1,mayo,domingo,20,-101.216582357883,19.7272585754179
14748,14748,2018,"180525365",2018/05/20,21:20:00,COLISIÓN POR CORTE DE CIRCULACIÓN,ASFALTO,Bueno,Bueno,2,PEUGEOT,ROJO,2,,39,MASCULINO,SIN DATOS,0,0,Morelia,Bosques de Oriente,mayo,domingo,21,-101.158332824707,19.7167980266932
14749,14749,2018,"180525506",2018/05/20,22:10:00,COLISIÓN POR CORTE DE CIRCULACIÓN,ASFALTO,Nublado,Regular,2,CHEVROLET,GRIS,2,,40,MASCULINO,SIN DATOS,0,0,Morelia,Vasco de Quiroga,mayo,domingo,22,-101.169726848602,19.7076018739897
14750,14750,2018,,2018/05/20,22:20:00,CAIDA DE MOTOCICLETA,ASFALTO,Bueno,Bueno,1,SUZUKI,VERDE,1,,25,MASCULINO,CON CERTIFICADO,0,0,Morelia,Cinco de Diciembre,mayo,domingo,22,-101.162216663361,19.6870310806936
14751,14751,2018,"180525768",2018/05/20,23:00:00,SUBIDA AL CAMELLÓN,ASFALTO,Bueno,Bueno,1,VOLKSWAGEN,NEGRO,1,,57,MASCULINO,CON CERTIFICADO,0,0,Morelia,Victor Manuel Tinoco Rubi,mayo,domingo,23,-101.242747306824,19.7006576960795
14752,14752,2018,"180525738",2018/05/20,23:25:00,COLISIÓN POR CAMBIO DE CARRIL,ASFALTO,Nublado,Bueno,2,HONDA,PLATA,2,,22,MASCULINO,SIN DATOS,0,0,Morelia,Reforma,mayo,domingo,23,-101.241384744644,19.7058292434073
14754,14754,2018,,2018/05/21,"00:00:00",SALIDA DE SUPERFICIE DE RODAMIENTO,ASFALTO,Lluvioso,Bueno,1,CHEVROLET,AZUL,1,,23,FEMENINO,SIN DATOS,0,0,Cuitzeo,Sin datos,mayo,lunes,0,-101.158375740051,19.9704043725721
14755,14755,2018,"180525910",2018/05/21,"01:50:00",COLISIÓN CONTRA OBJETO FIJO,ASFALTO,Bueno,Bueno,1,NISSAN,AZUL,1,,0,,SIN DATOS,0,0,Morelia,Martires de Uruapan,mayo,lunes,2,-101.197085380554,19.7250392692962
14756,14756,2018,"180525956",2018/05/21,"02:30:00",COLISIÓN CONTRA OBJETO FIJO,ASFALTO,Bueno,Bueno,1,TOYOTA,PLATA,1,,22,MASCULINO,SIN DATOS,0,0,Morelia,Ciudad Industrial,mayo,lunes,3,-101.142840385437,19.7252008580406
14757,14757,2018,,2018/05/21,"03:45:00",COLISIÓN CONTRA OBJETO FIJO,ADOQUIN_EMPEDRADO,Bueno,Bueno,2,MAVERICK,NEGRO/NARANJA,0,,,,,0,0,Cotija,Centro,mayo,lunes,4,-102.704337,19.809372
14758,14758,2018,"180526027",2018/05/21,"05:00:00",SUBIDA AL CAMELLÓN,ASFALTO,Bueno,Bueno,1,NISSAN,BLANCO,1,,39,MASCULINO,SIN DATOS,0,0,Morelia,Ampliacion La Soledad,mayo,lunes,5,-101.180670261383,19.7377638826012
14759,14759,2018,,2018/05/21,"07:30:00",VOLCADURA,ASFALTO,Bueno,Bueno,1,VOLVO,MARINO,1,,0,MASCULINO,SIN DATOS,0,0,Zinapécuaro,Sin Nombre,mayo,lunes,8,-100.846252441406,19.8615839240015
14760,14760,2018,"180566260",2018/05/21,"08:25:00",COLISIÓN POR ALCANCE,ASFALTO,Bueno,Bueno,2,GMC,BLANCO,2,,19,MASCULINO,SIN DATOS,0,0,Morelia,Centro,mayo,lunes,8,-101.188652515411,19.6959809380749
14761,14761,2018,"180526407",2018/05/21,"08:53:00",COLISIÓN POR ALCANCE,ASFALTO,Bueno,Bueno,2,FORD,BLANCO,2,,41,MASCULINO,SIN DATOS,0,0,Morelia,Los Angeles,mayo,lunes,9,-101.1771941185,19.7408337962379
14762,14762,2018,"180526384",2018/05/21,"09:15:00",COLISIÓN POR CORTE DE CIRCULACIÓN,CONCRETO,Bueno,Bueno,2,ISUZU,CAFE,2,,43,MASCULINO,SIN DATOS,0,0,Morelia,Agustin Arriaga Rivera,mayo,lunes,9,-101.224551200867,19.6911525218634
14763,14763,2018,"180526399",2018/05/21,"09:40:00",COLISIÓN POR CORTE DE CIRCULACIÓN,ASFALTO,Bueno,Bueno,2,KENWORTH,NARANJA,2,,26,MASCULINO,SIN DATOS,0,0,Morelia,Tzindurio Norte,mayo,lunes,10,-101.246126890183,19.6997082141509
14764,14764,2018,,2018/05/21,10:40:00,COLISIÓN POR ALCANCE,ASFALTO,Bueno,Bueno,3,NISSAN,BLANCO,3,,34,FEMENINO,SIN DATOS,0,0,Morelia,Francisco J Mujica,mayo,lunes,11,-101.189897060394,19.7221710418942
14765,14765,2018,,2018/05/21,11:02:00,COLISIÓN POR CORTE DE CIRCULACIÓN,ASFALTO,Bueno,Bueno,2,ITALIKA,NEGRO Y ROJO,0,,,,,0,0,Morelia,Chapultepec Norte,mayo,lunes,11,-101.171497106552,19.6943243430674
14767,14767,2018,,2018/05/21,11:45:00,COLISIÓN POR CORTE DE CIRCULACIÓN,ADOQUIN_EMPEDRADO,Bueno,Bueno,2,FORD,VERDE,2,,31,MASCULINO,SIN DATOS,0,0,Pátzcuaro,Centro,mayo,lunes,12,-101.609147787094,19.514178820906
14768,14768,2018,,2018/05/21,14:00:00,COLISIÓN CONTRA OBJETO FIJO,ASFALTO,Bueno,Bueno,1,DODGE,AMARILLO,0,,,,,0,0,Pátzcuaro,Morelos,mayo,lunes,14,-101.609287261963,19.5429262700373
14769,14769,2018,"180527349",2018/05/21,14:10:00,COLISIÓN POR CORTE DE CIRCULACIÓN,ASFALTO,Bueno,Bueno,2,KENWORTH,BLANCO,2,,52,MASCULINO,SIN DATOS,0,0,Morelia,Lomas de Hidalgo,mayo,lunes,14,-101.16352558136,19.696172859559
14770,14770,2018,"180527624",2018/05/21,15:00:00,COLISIÓN POR CORTE DE CIRCULACIÓN,CONCRETO,Bueno,Bueno,2,VOLKSWAGEN,GRIS,2,,35,MASCULINO,SIN DATOS,0,0,Morelia,El Realito,mayo,lunes,15,-101.202610731125,19.7282306167424
14771,14771,2018,"18052778",2018/05/21,15:00:00,COLISIÓN POR ALCANCE,ASFALTO,Bueno,Bueno,2,NISSAN,GRIS,2,,21,FEMENINO,SIN DATOS,0,0,Morelia,Jardines de Torremolinos,mayo,lunes,15,-101.228413581848,19.6769391629588
14772,14772,2018,,2018/05/21,15:55:00,COLISIÓN CONTRA OBJETO FIJO,CONCRETO,Bueno,Regular,1,CHRYSLER,GRIS,1,,35,FEMENINO,SIN DATOS,0,0,Morelia,Pascual Ortiz de Ayala,mayo,lunes,16,-101.149706840515,19.6952031486517
14773,14773,2018,,2018/05/21,16:00:00,SALIDA DE SUPERFICIE DE RODAMIENTO,ASFALTO,Bueno,Bueno,1,TOYOTA,ORO,0,,,,,0,0,Coeneo,Centro,mayo,lunes,16,-101.58419251442,19.8218621815797
14774,14774,2018,,2018/05/21,16:00:00,VOLCADURA,ASFALTO,Bueno,Bueno,1,CHEVROLET,ROJO,1,,41,MASCULINO,SIN DATOS,0,0,Cotija,Centro,mayo,lunes,16,-102.704337,19.809372
14775,14775,2018,"180528350",2018/05/21,17:45:00,COLISIÓN POR CORTE DE CIRCULACIÓN,ASFALTO,Lluvioso,Bueno,2,CHEVROLET,GUINDA,2,,22,MASCULINO,SIN DATOS,0,0,Morelia,Lomas de Hidalgo,mayo,lunes,18,-101.158901453018,19.6955970944163
14776,14776,2018,,2018/05/21,18:30:00,COLISIÓN POR INVASIÓN DE CARRIL,ASFALTO,Nublado,Regular,2,VW,GRIS,1,,26,MASCULINO,SIN DATOS,0,0,Los Reyes,Sin datos,mayo,lunes,19,-102.286705970764,19.5655727830614
14778,14778,2018,"180528869",2018/05/21,20:05:00,COLISIÓN POR ALCANCE,ASFALTO,Nublado,Regular,2,NISSAN,GRIS,2,,46,FEMENINO,SIN DATOS,0,0,Morelia,Sin datos,mayo,lunes,20,-101.315016746521,19.6871017925884
14779,14779,2018,,2018/05/21,21:00:00,COLISIÓN POR CORTE DE CIRCULACIÓN,CONCRETO,Bueno,Bueno,2,HONDA,ARENA,2,,15,FEMENINO,SIN DATOS,0,0,Apatzingán,18 de Marzo,mayo,lunes,21,-102.366802096367,19.0949749838108
14780,14780,2018,"180529512",2018/05/21,21:35:00,COLISIÓN POR ALCANCE,CONCRETO,Bueno,Bueno,2,NISSAN,BLANCO,2,,39,FEMENINO,SIN DATOS,0,0,Morelia,Lomas de Guayangareo,mayo,lunes,22,-101.156133413315,19.7011324349312
14781,14781,2018,,2018/05/21,22:35:00,COLISIÓN POR ALCANCE,ASFALTO,Bueno,Bueno,1,FREIGHTLINER,BLANCO,1,,43,MASCULINO,SIN DATOS,0,0,Tangancícuaro,Sector 4,mayo,lunes,23,-102.198901176453,19.8796249680446
14782,14782,2018,"180529919",2018/05/22,"02:15:00",COLISIÓN CONTRA OBJETO FIJO,ASFALTO,Bueno,Bueno,1,CHEVROLET,ROJO,1,,26,MASCULINO,CON CERTIFICADO,0,0,Morelia,Fovissste La Huerta,mayo,martes,2,-101.212084293365,19.692354588887
14783,14783,2018,"180530238",2018/05/22,"09:10:00",COLISIÓN POR ALCANCE,ASFALTO,Bueno,Bueno,3,SEAT,ROJO,3,MINISTERIO PÚBLICO,24,FEMENINO,SIN DATOS,0,0,Morelia,Agustin Arriaga Rivera,mayo,martes,9,-101.224266886711,19.6912989926979
14784,14784,2018,"180530345",2018/05/22,"09:50:00",COLISIÓN POR ALCANCE,ASFALTO,Bueno,Bueno,2,FORD,ROJO,2,,44,FEMENINO,SIN DATOS,0,0,Morelia,Balcones de Santa Maria,mayo,martes,10,-101.184859871864,19.6757975947021
14785,14785,2018,"180530579",2018/05/22,10:55:00,COLISIÓN POR CORTE DE CIRCULACIÓN,ASFALTO,Bueno,Bueno,2,NISSAN,BLANCO,2,,30,MASCULINO,SIN DATOS,0,0,Morelia,Pascual Ortiz de Ayala,mayo,martes,11,-101.14955663681,19.6949405176033
14786,14786,2018,"180530568",2018/05/22,11:05:00,COLISIÓN POR CAMBIO DE CARRIL,ASFALTO,Bueno,Bueno,2,HONDA,BLANCO,2,,20,MASCULINO,SIN DATOS,0,0,Morelia,Morelos,mayo,martes,11,-101.209799051285,19.6920464969386
14787,14787,2018,LEG15358,2018/05/22,11:10:00,COLISIÓN POR CORTE DE CIRCULACIÓN,ASFALTO,Bueno,Bueno,2,NISSAN,PLATA,2,,0,MASCULINO,SIN DATOS,0,0,Morelia,Ventura Puente,mayo,martes,11,-101.185149550438,19.6931879493828
14788,14788,2018,"180530802",2018/05/22,12:10:00,COLISIÓN POR ALCANCE,ASFALTO,Bueno,Bueno,3,PONTIAC,ROJO,3,,20,MASCULINO,SIN DATOS,0,0,Morelia,Irrigacion,mayo,martes,12,-101.221675872803,19.7057080371799
14789,14789,2018,"180531044",2018/05/22,12:15:00,COLISIÓN POR ALCANCE,ASFALTO,Bueno,Bueno,2,VOLKSWAGEN,BLANCO,2,,24,MASCULINO,SIN DATOS,0,0,Morelia,Alberto Oviedo Mota,mayo,martes,12,-101.202063560486,19.6779089844682
14790,14790,2018,"180531011",2018/05/22,12:40:00,SALIDA DE SUPERFICIE DE RODAMIENTO,ASFALTO,Bueno,Bueno,1,RENAULT,CAFE,1,,50,FEMENINO,SIN DATOS,0,0,Morelia,Ampliacion La Soledad,mayo,martes,13,-101.182676553726,19.7392281579808
14791,14791,2018,"180531243",2018/05/22,14:00:00,COLISIÓN CONTRA OBJETO FIJO,ASFALTO,Bueno,Regular,2,NISSAN,ROJO,2,,24,FEMENINO,SIN DATOS,0,0,Morelia,Rector Diaz Rubio,mayo,martes,14,-101.198784559965,19.6681663050988
14792,14792,2018,,2018/05/22,14:43:00,COLISIÓN CONTRA OBJETO FIJO,ASFALTO,Bueno,Bueno,1,FORD,BLANCO,1,,40,MASCULINO,SIN DATOS,0,0,Cuitzeo,El Embarcadero,mayo,martes,15,-101.136274337769,19.9598362986121
14793,14793,2018,"180531651",2018/05/22,14:50:00,COLISIÓN POR CORTE DE CIRCULACIÓN,CONCRETO,Bueno,Bueno,2,DODGE,BLANCO,2,,0,MASCULINO,SIN DATOS,0,0,Morelia,Asociacion Zirahuen,mayo,martes,15,-101.250214576721,19.6988395342599
14794,14794,2018,"180531570",2018/05/22,15:10:00,COLISIÓN POR CORTE DE CIRCULACIÓN,CONCRETO,Bueno,Bueno,2,VOLKSWAGEN,GRIS,2,,56,FEMENINO,SIN DATOS,0,0,Morelia,Primaveras,mayo,martes,15,-101.225699186325,19.6795556471266
14795,14795,2018,"180531871",2018/05/22,15:55:00,COLISIÓN CONTRA OBJETO FIJO,ASFALTO,Bueno,Bueno,2,CHRYSLER,GUINDA,1,,35,FEMENINO,SIN DATOS,0,0,Morelia,Lomas del Valle,mayo,martes,16,-101.232613921165,19.6868745042438
14796,14796,2018,"180531809",2018/05/22,16:20:00,COLISIÓN CONTRA OBJETO FIJO,ASFALTO,Bueno,Bueno,1,NISSAN,BLANCO,1,,25,MASCULINO,SIN DATOS,0,0,Morelia,Nicolaitas Ilustres,mayo,martes,16,-101.228274106979,19.7193987097986
14797,14797,2018,"180531946",2018/05/22,16:30:00,COLISIÓN CONTRA OBJETO FIJO,ASFALTO,Bueno,Bueno,2,NAVISTAR,BLANCO Y AZUL,2,,46,MASCULINO,SIN DATOS,0,0,Morelia,Villa de Santa Maria,mayo,martes,17,-101.167538166046,19.6561067883371
14798,14798,2018,"180532163",2018/05/22,16:34:00,COLISIÓN POR CORTE DE CIRCULACIÓN,CONCRETO,Bueno,Bueno,2,ITALIKA,NEGRO,2,,20,MASCULINO,SIN DATOS,0,0,Morelia,Villa Universidad,mayo,martes,17,-101.200985312462,19.6851117459069
14799,14799,2018,"180532061",2018/05/22,16:40:00,COLISIÓN CONTRA OBJETO FIJO,ASFALTO,Bueno,Regular,1,CHEVROLET,ARENA,1,,29,FEMENINO,SIN DATOS,0,0,Morelia,El Realito,mayo,martes,17,-101.204305887222,19.7257613677312
14800,14800,2018,"180532454",2018/05/22,18:20:00,COLISIÓN POR ALCANCE,ASFALTO,Lluvioso,Regular,2,CHEVROLET,BLANCO,2,,36,FEMENINO,SIN DATOS,0,0,Morelia,Loma de Los Piñones,mayo,martes,18,-101.205089092255,19.6741609959342