fid,id_accidente,anio_origen,folio_c5i,dia_incidente,hora_ocurrencia,tipo_incidente_vial,superficie_ocurrencia,condiciones_climaticas,condiciones_via,numero_vehiculos_involucrados,marca_vehiculo_ocasiona_siniestro,color_vehiculo_ocasiona_siniestro,numero_personas_involucradas,lugar_remite_presunto_responsable,edad_presunto_responsable,sexo_presunto_responsable,resultados_toxicologia,numero_personas_lesionadas,numero_personas_fallecidas,municipio,colonia,mes,dia_semana,hora_redondeada,lon,lat
14801,14801,2018,,2018/05/22,18:40:00,COLISIÓN CON PEATÓN,ASFALTO,Bueno,Bueno,1,NISSAN,BLANCO,2,MINISTERIO PÚBLICO,27,MASCULINO,SIN DATOS,1,0,Lázaro Cárdenas,Centro,mayo,martes,19,-102.195167541504,17.9577708652616
14802,14802,2018,,2018/05/22,19:03:00,COLISIÓN POR CORTE DE CIRCULACIÓN,CONCRETO,Bueno,Bueno,2,HONDA,NEGRO,2,MINISTERIO PÚBLICO,24,MASCULINO,SIN DATOS,0,0,Morelia,Felix Ireta,mayo,martes,19,-101.18833065033,19.6842126811746
14803,14803,2018,"180532942",2018/05/22,19:45:00,COLISIÓN POR CAMBIO DE CARRIL,ASFALTO,Bueno,Bueno,2,MERCEDES BENZ,BLANCO,2,,22,MASCULINO,SIN DATOS,0,0,Morelia,Felix Ireta,mayo,martes,20,-101.188169717789,19.681586171027
14804,14804,2018,"180533084",2018/05/22,20:45:00,COLISIÓN CONTRA OBJETO FIJO,ASFALTO,Bueno,Bueno,1,NISSAN,BLANCO,1,,42,MASCULINO,SIN DATOS,0,0,Morelia,Real Universidad,mayo,martes,21,-101.210206747055,19.6831519803381
14805,14805,2018,"180533547",2018/05/22,21:45:00,COLISIÓN POR CORTE DE CIRCULACIÓN,ASFALTO,Bueno,Bueno,2,CHEVROLET,PLATINO,2,,22,MASCULINO,SIN DATOS,0,0,Morelia,Chapultepec Norte,mayo,martes,22,-101.17763888,19.6945706899991
14806,14806,2018,"180533493",2018/05/22,22:15:00,COLISIÓN POR ALCANCE,CONCRETO,Nublado,Bueno,2,MERCURY,PLATA,3,MINISTERIO PÚBLICO,30,MASCULINO,CON CERTIFICADO,2,0,Morelia,Agustin Arriaga Rivera,mayo,martes,22,-101.224572658539,19.6912636376811
14808,14808,2018,"180533625",2018/05/23,"00:30:00",COLISIÓN CON PEATÓN,ASFALTO,Bueno,Bueno,1,SIN DATOS,SIN DATOS,2,,0,,SIN DATOS,0,1,Morelia,San Jose Itzicuaro,mayo,miércoles,1,-101.308236122131,19.6876674866234
14809,14809,2018,,2018/05/23,"07:00:00",COLISIÓN POR INVASIÓN DE CARRIL,ASFALTO,Bueno,Bueno,2,MERCEDES BENZ,BLANCO/AZUL,2,MINISTERIO PÚBLICO,57,MASCULINO,SIN DATOS,0,0,Tepalcatepec,Inf Bugambilias,mayo,miércoles,7,-102.839498519897,19.1976613727836
14810,14810,2018,,2018/05/23,"07:30:00",COLISIÓN POR CORTE DE CIRCULACIÓN,ASFALTO,Bueno,Bueno,1,FORD,BLANCO,1,,18,MASCULINO,SIN DATOS,0,0,Morelia,Fuentes de Valladolid,mayo,miércoles,8,-101.221128702164,19.6734841261257
14811,14811,2018,"180534040",2018/05/23,"08:10:00",COLISIÓN POR CORTE DE CIRCULACIÓN,CONCRETO,Bueno,Bueno,2,SIN DATOS,SIN DATOS,1,,,,SIN DATOS,0,0,Morelia,Lomas de Santa Maria,mayo,miércoles,8,-101.186072230339,19.6728299843032
14812,14812,2018,LEG15383,2018/05/23,"08:15:00",COLISIÓN POR ALCANCE,ASFALTO,Bueno,Bueno,2,DODGE,VERDE,2,,25,MASCULINO,CON CERTIFICADO,0,0,Morelia,Jardines de Sindurio,mayo,miércoles,8,-101.256716251373,19.6976274149041
14813,14813,2018,"180534118",2018/05/23,"08:48:00",COLISIÓN POR MANIOBRA DE REVERSA,ASFALTO,Bueno,Bueno,2,TOYOTA,BLANCO Y GRIS,2,,68,MASCULINO,SIN DATOS,0,0,Morelia,Felix Ireta,mayo,miércoles,9,-101.18868470192,19.6818993341137
14814,14814,2018,LEG15387,2018/05/23,"09:50:00",COLISIÓN POR ALCANCE,ASFALTO,Bueno,Bueno,2,NISSAN,BLANCO,2,,70,MASCULINO,SIN DATOS,0,0,Morelia,Alberto Oviedo Mota,mayo,miércoles,10,-101.202063560486,19.6779089844682
14815,14815,2018,"180534196",2018/05/23,11:00:00,COLISIÓN POR ALCANCE,ASFALTO,Bueno,Regular,2,NISSAN,ROJO,2,,50,MASCULINO,SIN DATOS,0,0,Morelia,Arcos del Valle,mayo,miércoles,11,-101.235714554787,19.7065362779034
14816,14816,2018,"180534587",2018/05/23,11:30:00,COLISIÓN POR MANIOBRA DE REVERSA,CONCRETO,Bueno,Regular,2,ISUZU,BLANCO,2,,50,MASCULINO,SIN DATOS,0,0,Morelia,Centro,mayo,miércoles,12,-101.19881272316,19.701253644625
14817,14817,2018,"180534311",2018/05/23,11:34:00,COLISIÓN POR MANIOBRA DE REVERSA,CONCRETO,Bueno,Bueno,2,DODGE,BLANCO,2,,39,MASCULINO,SIN DATOS,0,0,Morelia,Eva Samano,mayo,miércoles,12,-101.200760006905,19.7284578463291
14818,14818,2018,"180534280",2018/05/23,11:45:00,COLISIÓN POR ALCANCE,ASFALTO,Bueno,Bueno,1,TOYOTA,SILVER,1,,42,MASCULINO,SIN DATOS,0,0,Morelia,Enrique Ramirez,mayo,miércoles,12,-101.164442896843,19.7083139508298
14820,14820,2018,,2018/05/23,15:50:00,COLISIÓN POR CORTE DE CIRCULACIÓN,ASFALTO,Bueno,Bueno,2,FIAT,BLANCO,2,MINISTERIO PÚBLICO,35,MASCULINO,SIN DATOS,0,0,Morelia,Chapultepec Sur,mayo,miércoles,16,-101.1736536026,19.6914252605511
14821,14821,2018,"1805362115",2018/05/23,16:55:00,COLISIÓN POR CAMBIO DE CARRIL,ASFALTO,Bueno,Bueno,2,NISSAN,PLATA,2,,23,MASCULINO,SIN DATOS,0,0,Morelia,Chapultepec Oriente,mayo,miércoles,17,-101.159319877625,19.6903848104701
14822,14822,2018,"180536516",2018/05/23,17:18:00,COLISIÓN POR INVASIÓN DE CARRIL,ADOQUIN_EMPEDRADO,Bueno,Bueno,2,KENWORTH,ROJO,2,,30,MASCULINO,SIN DATOS,0,0,Morelia,Las Americas,mayo,miércoles,17,-101.158998012543,19.6879907394604
14824,14824,2018,"180756439",2018/05/23,19:00:00,COLISIÓN POR ALCANCE,ASFALTO,Bueno,Regular,2,INTERNACIONAL,BLANCO,2,,0,MASCULINO,SIN DATOS,0,0,Morelia,Juarez,mayo,miércoles,19,-101.195454597473,19.6921929669552
14825,14825,2018,"180537041",2018/05/23,19:50:00,COLISIÓN POR CAMBIO DE CARRIL,ASFALTO,Bueno,Bueno,2,HONDA,GRIS,2,,33,MASCULINO,SIN DATOS,0,0,Morelia,Felicitas del Rio,mayo,miércoles,20,-101.195476055145,19.6921525614468
14826,14826,2018,,2018/05/23,20:00:00,COLISIÓN POR NO RESPETAR SEMÁFORO,ASFALTO,Bueno,Bueno,2,VOLKWAGEN,VERDE,2,,21,MASCULINO,SIN DATOS,0,0,Lázaro Cárdenas,Lomas de Bella Vista,mayo,miércoles,20,-102.221324443817,17.9687319522089
14827,14827,2018,,2018/05/23,20:10:00,COLISIÓN CONTRA OBJETO FIJO,ASFALTO,Bueno,Bueno,1,VOLKWAGEN,ROJO,0,,,,,0,0,Pátzcuaro,Centro,mayo,miércoles,20,-101.616786718369,19.5192350215537
14828,14828,2018,"180538047",2018/05/24,"04:30:00",COLISIÓN POR CORTE DE CIRCULACIÓN,ASFALTO,Bueno,Bueno,1,DINAMO,ROJO,1,MINISTERIO PÚBLICO,,,,1,0,Morelia,Lazaro Cardenas,mayo,jueves,5,-101.160682439804,19.7101370550997
14830,14830,2018,"180538181",2018/05/24,"07:40:00",COLISIÓN POR CAMBIO DE CARRIL,ASFALTO,Bueno,Bueno,2,ISUZU,BLANCO,2,,35,MASCULINO,SIN DATOS,0,0,Morelia,Los Angeles,mayo,jueves,8,-101.17648601532,19.7418032303869
14831,14831,2018,"180538226",2018/05/24,"07:40:00",COLISIÓN POR CORTE DE CIRCULACIÓN,ASFALTO,Bueno,Bueno,2,BMW,NEGRO,2,,29,MASCULINO,SIN DATOS,0,0,Morelia,Obrera,mayo,jueves,8,-101.188349425793,19.7107481186397
14832,14832,2018,"180538340",2018/05/24,"08:07:00",COLISIÓN POR CAMBIO DE CARRIL,CONCRETO,Bueno,Bueno,2,TOYOTA,BLANCO Y NARANJA,2,,30,MASCULINO,SIN DATOS,0,0,Morelia,Centro,mayo,jueves,8,-101.190036535263,19.7086927138149
14833,14833,2018,"180538405",2018/05/24,"08:20:00",COLISIÓN POR CORTE DE CIRCULACIÓN,ASFALTO,Bueno,Bueno,1,HONDA,NEGRO,1,,47,MASCULINO,SIN DATOS,0,0,Morelia,Centro,mayo,jueves,8,-101.188690066338,19.7107784192504
14834,14834,2018,"180538242",2018/05/24,"08:50:00",SALIDA DE SUPERFICIE DE RODAMIENTO,ASFALTO,Bueno,Bueno,1,VOLKSWAGEN,NEGRO,1,,32,MASCULINO,SIN DATOS,0,0,Morelia,Sin datos,mayo,jueves,9,-101.114645004272,19.7370771833155
14835,14835,2018,"180538599",2018/05/24,"09:25:00",COLISIÓN POR CAMBIO DE CARRIL,ASFALTO,Bueno,Bueno,2,HYUNDAY,PLATA,2,,19,MASCULINO,SIN DATOS,0,0,Morelia,Vasco de Quiroga,mayo,jueves,9,-101.16823554039,19.696809229149
14836,14836,2018,,2018/05/24,10:40:00,COLISIÓN POR CORTE DE CIRCULACIÓN,ASFALTO,Bueno,Bueno,2,YAMAHA,BLANCO,2,,19,MASCULINO,SIN DATOS,0,0,Morelia,La Soledad,mayo,jueves,11,-101.183298826218,19.7280740806169
14837,14837,2018,,2018/05/24,11:15:00,COLISIÓN POR CAMBIO DE CARRIL,ASFALTO,Bueno,Bueno,2,FREIGHTLINER,BLANCO,2,,35,MASCULINO,SIN DATOS,0,0,Pátzcuaro,Centro,mayo,jueves,11,-101.609115600586,19.5167625591965
14838,14838,2018,"180539253",2018/05/24,12:28:00,COLISIÓN POR CORTE DE CIRCULACIÓN,ASFALTO,Bueno,Bueno,2,CHEVROLET,BLANCO Y ROSA,2,,58,MASCULINO,SIN DATOS,0,0,Morelia,Lomas de Las Americas Sur,mayo,jueves,12,-101.147013902664,19.6943142418257
14839,14839,2018,,2018/05/24,13:00:00,SALIDA DE SUPERFICIE DE RODAMIENTO,ASFALTO,Bueno,Bueno,1,VOLKSWAGEN,BLANCO,1,,29,MASCULINO,SIN DATOS,0,0,Morelia,Sin datos,mayo,jueves,13,-101.098082363605,19.7303463641672
14840,14840,2018,,2018/05/24,16:15:00,COLISIÓN POR CORTE DE CIRCULACIÓN,ASFALTO,Bueno,Bueno,2,VOLKSWAGEN,BLANCO,2,,40,MASCULINO,SIN DATOS,0,0,Maravatío,San Miguel Curahuango,mayo,jueves,16,-100.446045398712,19.8835396438116
14841,14841,2018,LEG15406,2018/05/24,16:35:00,COLISIÓN POR CAMBIO DE CARRIL,ASFALTO,Bueno,Regular,2,FORD,VERDE,2,MINISTERIO PÚBLICO,23,MASCULINO,SIN DATOS,0,0,Morelia,Alberto Oviedo Mota,mayo,jueves,17,-101.20210647583,19.677585711284
14842,14842,2018,"180540422",2018/05/24,17:50:00,SALIDA DE SUPERFICIE DE RODAMIENTO,ASFALTO,Nublado,Regular,1,FIAT,PLATINO,1,,19,MASCULINO,SIN DATOS,0,0,Morelia,Villas Lomas del Paraiso,mayo,jueves,18,-101.172784566879,19.6743731485693
14843,14843,2018,"180541102",2018/05/24,18:40:00,COLISIÓN POR ALCANCE,ASFALTO,Lluvioso,Bueno,2,TOYOTA,BLANCO Y AZUL,2,,0,MASCULINO,SIN DATOS,0,0,Morelia,Lomas de Guayangareo,mayo,jueves,19,-101.160296201706,19.7045969758162
14844,14844,2018,"180541260",2018/05/24,19:00:00,SUBIDA AL CAMELLÓN,ASFALTO,Lluvioso,Regular,1,CHEVROLET,BLANCO,1,,28,MASCULINO,SIN DATOS,0,0,Morelia,Felix Ireta,mayo,jueves,19,-101.191742420197,19.6825761683709
14845,14845,2018,"180541243",2018/05/24,19:15:00,COLISIÓN POR ALCANCE,CONCRETO,Lluvioso,Bueno,2,ITALIKA,ROJO Y NEGRO,2,,19,MASCULINO,SIN DATOS,0,0,Morelia,Molino de Parras,mayo,jueves,19,-101.200243681669,19.694117267486
14846,14846,2018,"180541242",2018/05/24,19:40:00,COLISIÓN POR ALCANCE,ASFALTO,Bueno,Bueno,3,FIAT,BLANCO,3,,,MASCULINO,CON CERTIFICADO,0,0,Tarímbaro,Sin datos,mayo,jueves,20,-101.172634363174,19.7493868297846
14847,14847,2018,,2018/05/24,20:20:00,COLISIÓN POR ALCANCE,ASFALTO,Lluvioso,Bueno,2,INTERNATIONAL,AZUL,4,,0,MASCULINO,SIN DATOS,2,0,Acuitzio,Sin datos,mayo,jueves,20,-101.332955360413,19.4736324899225
14848,14848,2018,"180542336",2018/05/24,22:00:00,CAIDA DE MOTOCICLETA,ASFALTO,Lluvioso,Regular,1,VENTO,NEGRO,2,,47,MASCULINO,SIN DATOS,1,0,Morelia,Adolfo Lopez Mateos,mayo,jueves,22,-101.223081350327,19.694536468995
14849,14849,2018,"180542046",2018/05/24,22:50:00,COLISIÓN POR ALCANCE,SIN_DATOS,Bueno,Bueno,3,BUICK,BLANCO,3,MINISTERIO PÚBLICO,24,MASCULINO,CON CERTIFICADO,0,0,Morelia,Lomas de Las Americas Norte,mayo,jueves,23,-101.149213314056,19.6949405176032
14850,14850,2018,,2018/05/25,"02:50:00",COLISIÓN POR ALCANCE,ASFALTO,Bueno,Bueno,2,MAZDA,NEGRO,2,,30,FEMENINO,SIN DATOS,0,0,Morelia,Industrial,mayo,viernes,3,-101.191002130508,19.7095764906253
14851,14851,2018,"180542335",2018/05/25,"03:00:00",COLISIÓN POR INVASIÓN DE CARRIL,ASFALTO,Bueno,Bueno,2,YAMAHA,ROJO,2,,30,MASCULINO,SIN DATOS,0,0,Morelia,Nueva Valladolid,mayo,viernes,3,-101.210613101721,19.7019581741526
14852,14852,2018,"180542332",2018/05/25,"03:20:00",SALIDA DE SUPERFICIE DE RODAMIENTO,CONCRETO,Bueno,Bueno,1,VOLKSWAGEN,BLANCO,1,,25,MASCULINO,SIN DATOS,0,0,Morelia,Dr Miguel Silva,mayo,viernes,3,-101.17830991745,19.7196966494337
14853,14853,2018,"180524447",2018/05/25,"05:55:00",COLISIÓN POR ALCANCE,ASFALTO,Bueno,Bueno,2,GMC,BLANCO Y ROJO,2,,21,MASCULINO,SIN DATOS,0,0,Morelia,La Esperanza,mayo,viernes,6,-101.252338886261,19.6983142836663
14854,14854,2018,,2018/05/25,"07:40:00",COLISIÓN POR CAMBIO DE CARRIL,ASFALTO,Bueno,Bueno,2,FORD,NEGRO,2,,44,MASCULINO,SIN DATOS,0,0,Cuitzeo,Sin datos,mayo,viernes,8,-101.155500411987,19.9982732610283
14855,14855,2018,"180542523",2018/05/25,"07:50:00",COLISIÓN CONTRA OBJETO FIJO,ASFALTO,Bueno,Bueno,1,DODGE,BLANCO,1,,33,MASCULINO,SIN DATOS,0,0,Tarímbaro,Sin datos,mayo,viernes,8,-101.173031330109,19.7487910607163
14856,14856,2018,"180543669",2018/05/25,"08:30:00",COLISIÓN POR ALCANCE,ASFALTO,Bueno,Bueno,2,LINCOLN,NEGRO,2,MINISTERIO PÚBLICO,,FEMENINO,SIN DATOS,0,0,Morelia,Arcos del Valle,mayo,viernes,9,-101.236256361008,19.707707928188
14857,14857,2018,"180546660",2018/05/25,"08:43:00",COLISIÓN POR ALCANCE,ASFALTO,Bueno,Bueno,3,CHEVROLET,ROJO,3,,52,MASCULINO,SIN DATOS,0,0,Morelia,Ciudad Industrial,mayo,viernes,9,-101.142904758453,19.7250594678982
14858,14858,2018,"180542853",2018/05/25,"09:22:00",COLISIÓN POR INVASIÓN DE CARRIL,ASFALTO,Bueno,Regular,2,KAWASAKI,AZUL,2,,31,MASCULINO,SIN DATOS,0,0,Morelia,Central de Abastos,mayo,viernes,9,-101.170864105225,19.7161061873642
14859,14859,2018,"180542883",2018/05/25,"09:50:00",COLISIÓN POR ALCANCE,ASFALTO,Bueno,Bueno,2,VOLKSWAGEN,GRIS,2,,58,FEMENINO,SIN DATOS,0,0,Morelia,Cinco de Diciembre,mayo,viernes,10,-101.158761978149,19.68659670694
14860,14860,2018,,2018/05/25,"09:50:00",SALIDA DE SUPERFICIE DE RODAMIENTO,ASFALTO,Bueno,Bueno,1,HONDA,BLANCO,1,,24,MASCULINO,SIN DATOS,0,0,Pátzcuaro,Centro,mayo,viernes,10,-101.609361,19.515744
14861,14861,2018,,2018/05/25,10:00:00,COLISIÓN POR INVASIÓN DE CARRIL,ASFALTO,Bueno,Bueno,2,MITSUBISHI,GRIS,2,,18,MASCULINO,SIN DATOS,0,0,Cuitzeo,Luis Donaldo Colosio,mayo,viernes,10,-101.154255867004,19.9703640377583
14862,14862,2018,"180294321",2018/05/25,10:30:00,COLISIÓN POR ALCANCE,CONCRETO,Bueno,Bueno,2,NISSAN,GRIS,1,,36,MASCULINO,SIN DATOS,0,0,Morelia,San Jose del Cerrito,mayo,viernes,11,-101.225527524948,19.6593399240096
14863,14863,2018,"180542977",2018/05/25,10:30:00,COLISIÓN POR CAMBIO DE CARRIL,ASFALTO,Bueno,Bueno,2,ITALIKA,NEGRO,2,MINISTERIO PÚBLICO,33,MASCULINO,SIN DATOS,0,0,Morelia,Morelia 450,mayo,viernes,11,-101.216633319855,19.6755652391051
14864,14864,2018,"180543273",2018/05/25,11:45:00,COLISIÓN POR ALCANCE,CONCRETO,Bueno,Bueno,2,VOLKSWAGEN,PLATA,2,,41,MASCULINO,SIN DATOS,0,0,Morelia,Loma Bonita,mayo,viernes,12,-101.196784973145,19.7244131113684
14865,14865,2018,"180541865",2018/05/25,13:50:00,COLISIÓN POR CORTE DE CIRCULACIÓN,CONCRETO,Bueno,Bueno,2,YAMAHA,BLANCO,2,MINISTERIO PÚBLICO,17,MASCULINO,SIN DATOS,0,0,Morelia,Ferrocarrilero,mayo,viernes,14,-101.219889521599,19.695102136761
14866,14866,2018,"180544378",2018/05/25,15:30:00,COLISIÓN POR ALCANCE,ASFALTO,Bueno,Bueno,2,ITALIKA,AMARILLO,3,MINISTERIO PÚBLICO,,,SIN DATOS,1,0,Morelia,Ejidal Ocolusen,mayo,viernes,16,-101.158976554871,19.687869519723
14867,14867,2018,"180546566",2018/05/25,15:40:00,COLISIÓN POR CAMBIO DE CARRIL,ASFALTO,Bueno,Bueno,2,OISA,MORADO,2,,49,MASCULINO,SIN DATOS,0,0,Morelia,Tzindurio Norte,mayo,viernes,16,-101.244013309479,19.7002738636378
14868,14868,2018,,2018/05/25,15:40:00,COLISIÓN POR ALCANCE,ASFALTO,Bueno,Bueno,2,FORD,GRIS,2,MINISTERIO PÚBLICO,23,,SIN DATOS,1,0,Lázaro Cárdenas,Segundo Sector de Fidelac,mayo,viernes,16,-102.208449840546,17.9614807692143
14869,14869,2018,"180544617",2018/05/25,16:00:00,COLISIÓN POR ALCANCE,ASFALTO,Bueno,Bueno,2,PEUGEOT,BLANCO,2,,26,MASCULINO,SIN DATOS,0,0,Morelia,Campestre Los Manantiales,mayo,viernes,16,-101.238423585892,19.6883746013568
14870,14870,2018,"180544995",2018/05/25,17:25:00,COLISIÓN POR ALCANCE,ASFALTO,Bueno,Regular,2,CHEVROLET,BLANCO,2,,19,MASCULINO,SIN DATOS,0,0,Morelia,Las Americas,mayo,viernes,17,-101.158075332642,19.6880311460191
14871,14871,2018,,2018/05/25,17:25:00,COLISIÓN POR CORTE DE CIRCULACIÓN,CONCRETO,Bueno,Bueno,2,TOYOTA,NEGRO,2,,20,MASCULINO,CON CERTIFICADO,0,0,Apatzingán,Centro,mayo,viernes,17,-102.353675365448,19.0831784073359
14872,14872,2018,"180546665",2018/05/25,18:54:00,COLISIÓN POR MANIOBRA DE REVERSA,ASFALTO,Bueno,Bueno,2,NISSAN,GRIS,2,,48,FEMENINO,SIN DATOS,0,0,Morelia,Torreon Nuevo,mayo,viernes,19,-101.203908920288,19.7467967328219
14873,14873,2018,"180545542",2018/05/25,19:25:00,COLISIÓN POR CAMBIO DE CARRIL,ASFALTO,Bueno,Bueno,2,CHRYSLER,BLANCO/ROJO,2,,34,MASCULINO,SIN DATOS,0,0,Morelia,Las Americas,mayo,viernes,19,-101.158912181854,19.6881321623714
14874,14874,2018,"180545753",2018/05/25,19:50:00,COLISIÓN POR ALCANCE,CONCRETO,Bueno,Bueno,3,NISSAN,GRIS,3,,,MASCULINO,SIN DATOS,0,0,Morelia,Ventura Puente,mayo,viernes,20,-101.190007030964,19.6909025109915
14875,14875,2018,"180545434",2018/05/25,19:56:00,COLISIÓN POR CORTE DE CIRCULACIÓN,CONCRETO,Bueno,Bueno,2,SIN DATOS,SIN DATOS,1,,,MASCULINO,SIN DATOS,0,0,Morelia,Torreon Nuevo,mayo,viernes,20,-101.204289793968,19.7457667410624
14876,14876,2018,"180545328",2018/05/25,20:40:00,COLISIÓN POR CORTE DE CIRCULACIÓN,CONCRETO,Bueno,Bueno,2,SUZUKI,BLANCO,2,,37,FEMENINO,SIN DATOS,0,0,Morelia,Cosmos,mayo,viernes,21,-101.216611862183,19.683020654984
14877,14877,2018,,2018/05/25,21:30:00,SALIDA DE SUPERFICIE DE RODAMIENTO,ASFALTO,Bueno,Bueno,1,CHEVROLET,ORO,1,,24,MASCULINO,SIN DATOS,0,0,Chinicuila,Sin datos,mayo,viernes,22,-103.301111,18.728056
14878,14878,2018,"180546670",2018/05/25,22:43:00,COLISIÓN POR NO RESPETAR SEMÁFORO,ASFALTO,Bueno,Bueno,2,VOLKSWAGEN,AZUL,2,,,MASCULINO,SIN DATOS,0,0,Morelia,Primo Tapia Oriente,mayo,viernes,23,-101.158740520477,19.7135761508957
14879,14879,2018,"180546250",2018/05/25,22:50:00,COLISIÓN POR NO RESPETAR SEMÁFORO,ASFALTO,Bueno,Bueno,2,CHEVROLET,GRIS,2,,,MASCULINO,SIN DATOS,0,0,Morelia,Felix Ireta,mayo,viernes,23,-101.181528568268,19.6816871914444
14880,14880,2018,"180546275",2018/05/25,23:00:00,COLISIÓN POR CORTE DE CIRCULACIÓN,CONCRETO,Bueno,Bueno,2,VOLKSWAGEN,ROJO,2,,,FEMENINO,SIN DATOS,0,0,Morelia,Industrial,mayo,viernes,23,-101.194808185101,19.7119853889056
14881,14881,2018,"180546481",2018/05/25,23:40:00,COLISIÓN POR ALCANCE,ASFALTO,Bueno,Bueno,2,NISSAN,BLANCO/ROSA,2,,31,,SIN DATOS,0,0,Morelia,Canteras de Morelia,mayo,viernes,0,-101.17182970047,19.7152224466404
14882,14882,2018,,2018/05/26,"00:00:00",COLISIÓN POR INVASIÓN DE CARRIL,ASFALTO,Bueno,Regular,2,VOLKWAGEN,GRIS,0,,,,,0,0,Zinapécuaro,Sin datos,mayo,sábado,0,-100.825610160828,19.8208932344917
14884,14884,2018,"180546676",2018/05/26,"03:33:00",COLISIÓN POR CORTE DE CIRCULACIÓN,ASFALTO,Bueno,Bueno,1,CHEVROLET,ROJO,1,,,MASCULINO,CON CERTIFICADO,0,0,Morelia,Vista Bella,mayo,sábado,4,-101.197654008865,19.6803385636195
14885,14885,2018,"180146175",2018/05/26,"06:20:00",COLISIÓN CONTRA OBJETO FIJO,ASFALTO,Bueno,Bueno,1,JEEP,VERDE,1,,,,SIN DATOS,0,0,Morelia,Montaña Monarca,mayo,sábado,6,-101.164523363113,19.6657554846096
14886,14886,2018,"180546831",2018/05/26,"06:55:00",COLISIÓN POR CORTE DE CIRCULACIÓN,ASFALTO,Bueno,Bueno,1,NISSAN,BLANCO,1,,42,MASCULINO,SIN DATOS,0,0,Morelia,Quinceo,mayo,sábado,7,-101.221482753754,19.7277963548555
14888,14888,2018,"180546980",2018/05/26,"08:55:00",COLISIÓN CONTRA OBJETO FIJO,CONCRETO,Bueno,Bueno,1,SEAT,PLATA,1,,45,MASCULINO,CON CERTIFICADO,0,0,Morelia,Las Americas,mayo,sábado,9,-101.156498193741,19.687819011472
14889,14889,2018,"180547080",2018/05/26,10:00:00,COLISIÓN POR CORTE DE CIRCULACIÓN,ASFALTO,Bueno,Regular,2,HYUNDAI,BLANCO,2,MINISTERIO PÚBLICO,,,SIN DATOS,0,0,Morelia,Juarez,mayo,sábado,10,-101.200191378593,19.6955036586496
14890,14890,2018,"180547229",2018/05/26,10:50:00,COLISIÓN POR ALCANCE,ASFALTO,Bueno,Bueno,2,DODGE,BLANCO,2,,48,MASCULINO,SIN DATOS,0,0,Morelia,Libertad,mayo,sábado,11,-101.236932277679,19.6848895056561
14891,14891,2018,"180547220",2018/05/26,11:00:00,COLISIÓN POR ALCANCE,ASFALTO,Bueno,Bueno,2,GENERAL MOTORS,PLATA,2,,39,MASCULINO,SIN DATOS,0,0,Morelia,Morelia 450,mayo,sábado,11,-101.216740608215,19.6756258536411
14892,14892,2018,,2018/05/26,11:00:00,COLISIÓN POR ALCANCE,ASFALTO,Bueno,Bueno,3,CHEVROLET,AZUL,3,,,MASCULINO,SIN DATOS,0,0,Morelia,Loma de Los Piñones,mayo,sábado,11,-101.205883026123,19.6737265872813
14893,14893,2018,"180547294",2018/05/26,11:00:00,COLISIÓN POR CORTE DE CIRCULACIÓN,ASFALTO,Bueno,Bueno,2,NISSAN,ROJO,2,,,,SIN DATOS,0,0,Morelia,Aquiles Serdan,mayo,sábado,11,-101.167377233505,19.7220296490712
14894,14894,2018,,2018/05/26,12:00:00,SALIDA DE SUPERFICIE DE RODAMIENTO,TERRACERIA,Bueno,Bueno,1,VOLKSWAGEN,AZUL,1,,,,SIN DATOS,0,0,Maravatío,Campo Hermoso,mayo,sábado,12,-100.417335033417,19.8851740932132
14895,14895,2018,,2018/05/26,12:15:00,COLISIÓN POR CAMBIO DE CARRIL,ASFALTO,Bueno,Bueno,1,CHEVROLET,PLATA,1,,38,MASCULINO,SIN DATOS,0,0,Hidalgo,Sin datos,mayo,sábado,12,-100.514967441559,19.6873846398557
14896,14896,2018,,2018/05/26,12:40:00,COLISIÓN POR CAMBIO DE CARRIL,ASFALTO,Bueno,Regular,3,NISSAN,BLANCO,4,MINISTERIO PÚBLICO,,,SIN DATOS,1,1,Morelia,Sin datos,mayo,sábado,13,-101.409730911255,19.6445680042003
14897,14897,2018,"180547773",2018/05/26,13:20:00,COLISIÓN CONTRA OBJETO FIJO,ASFALTO,Bueno,Bueno,2,TOYOTA,BLANCO,2,,55,MASCULINO,CON CERTIFICADO,0,0,Morelia,Felix Arreguin,mayo,sábado,13,-101.222904324532,19.7207823569643
14898,14898,2018,,2018/05/26,15:15:00,COLISIÓN POR ALCANCE,ASFALTO,Bueno,Bueno,1,ITALIKA,NEGRO,2,,24,MASCULINO,SIN DATOS,1,0,Maravatío,Sin datos,mayo,sábado,15,-100.580949783325,19.9866584623887
14899,14899,2018,,2018/05/26,17:30:00,COLISIÓN POR ALCANCE,ASFALTO,Bueno,Regular,2,SIN DATOS,SIN DATOS,0,MINISTERIO PÚBLICO,,,,0,0,Lagunillas,El Pedregal,mayo,sábado,18,-101.415910720825,19.5594666256691
14900,14900,2018,"180548878",2018/05/26,18:20:00,CAIDA DE MOTOCICLETA,ASFALTO,Bueno,Bueno,1,YAMAHA,ROJO,1,,56,MASCULINO,SIN DATOS,0,0,Morelia,Felix Ireta,mayo,sábado,18,-101.181592941284,19.681586171027