fid,id_accidente,anio_origen,folio_c5i,dia_incidente,hora_ocurrencia,tipo_incidente_vial,superficie_ocurrencia,condiciones_climaticas,condiciones_via,numero_vehiculos_involucrados,marca_vehiculo_ocasiona_siniestro,color_vehiculo_ocasiona_siniestro,numero_personas_involucradas,lugar_remite_presunto_responsable,edad_presunto_responsable,sexo_presunto_responsable,resultados_toxicologia,numero_personas_lesionadas,numero_personas_fallecidas,municipio,colonia,mes,dia_semana,hora_redondeada,lon,lat
14901,14901,2018,"180548974",2018/05/26,18:30:00,COLISIÓN POR CORTE DE CIRCULACIÓN,CONCRETO,Bueno,Bueno,2,SIN DATOS,SIN DATOS,1,,26,MASCULINO,SIN DATOS,0,0,Morelia,San Isidro Itzicuaro Norte,mayo,sábado,19,-101.268904209137,19.7023041247921
14902,14902,2018,"180549136",2018/05/26,18:50:00,COLISIÓN POR ALCANCE,ASFALTO,Bueno,Bueno,2,VOLKSWAGEN,BLANCO,2,,36,MASCULINO,SIN DATOS,0,0,Morelia,Felix Ireta,mayo,sábado,19,-101.193206906319,19.6821316805244
14905,14905,2018,,2018/05/26,19:40:00,SALIDA DE SUPERFICIE DE RODAMIENTO,ASFALTO,Bueno,Bueno,1,HONDA,GRIS,1,MINISTERIO PÚBLICO,,,SIN DATOS,0,0,Charo,San Pedro Y San Pablo,mayo,sábado,20,-101.046849489212,19.7475490265245
14906,14906,2018,"180549426",2018/05/26,20:25:00,COLISIÓN POR MANIOBRA DE REVERSA,CONCRETO,Bueno,Bueno,2,GMC,NEGRO,2,,66,MASCULINO,SIN DATOS,0,0,Morelia,Las Americas,mayo,sábado,20,-101.152410507202,19.6882735851575
14907,14907,2018,"180549866",2018/05/26,22:00:00,COLISIÓN POR ALCANCE,ASFALTO,Bueno,Regular,2,CHRYSLER,NEGRO,2,,61,MASCULINO,CON CERTIFICADO,0,0,Morelia,Elias Perez Avalos,mayo,sábado,22,-101.169490814209,19.7134448505052
14908,14908,2018,"180549832",2018/05/26,23:10:00,COLISIÓN CON PEATÓN,ASFALTO,Bueno,Bueno,2,FORD,GRIS,2,,36,MASCULINO,SIN DATOS,0,0,Morelia,Felix Ireta,mayo,sábado,23,-101.184328794479,19.6877937573405
14909,14909,2018,"180550124",2018/05/26,23:30:00,COLISIÓN POR CORTE DE CIRCULACIÓN,ADOQUIN_EMPEDRADO,Bueno,Bueno,2,CHEVROLET,VINO,2,,39,MASCULINO,SIN DATOS,0,0,Morelia,Villas del Pedregal,mayo,sábado,0,-101.303300857544,19.6772725397648
14910,14910,2018,"180550065",2018/05/26,23:30:00,COLISIÓN CONTRA OBJETO FIJO,ASFALTO,Bueno,Bueno,1,CHEVROLET,GRIS,0,,,,,0,0,Morelia,Mision del Valle,mayo,sábado,0,-101.117917299271,19.763654329487
14911,14911,2018,,2018/05/27,"00:00:00",COLISIÓN CON PEATÓN,ASFALTO,Bueno,Bueno,1,GMC,VERDE,1,,41,MASCULINO,SIN DATOS,0,0,Charo,Sin datos,mayo,domingo,0,-101.079754829407,19.6869199619385
14913,14913,2018,"180550352",2018/05/27,"00:30:00",COLISIÓN POR ALCANCE,ASFALTO,Bueno,Bueno,1,TOYOTA,BLANCO,1,,24,FEMENINO,SIN DATOS,0,0,Morelia,Lindavista,mayo,domingo,1,-101.216225624084,19.7040313416124
14914,14914,2018,,2018/05/27,"01:00:00",SALIDA DE SUPERFICIE DE RODAMIENTO,ASFALTO,Bueno,Bueno,1,VOLKSWAGEN,BLANCO,0,MINISTERIO PÚBLICO,,,,0,0,Tacámbaro,Sin datos,mayo,domingo,1,-101.460371017456,19.2590510586259
14915,14915,2018,"180550612",2018/05/27,"03:00:00",COLISIÓN CONTRA OBJETO FIJO,ASFALTO,Bueno,Regular,1,VOLKWAGEN,AZUL,1,,36,MASCULINO,CON CERTIFICADO,0,0,Morelia,Gertrudis Bocanegra,mayo,domingo,3,-101.209756135941,19.7021930166391
14916,14916,2018,"180550648",2018/05/27,"03:35:00",COLISIÓN POR CORTE DE CIRCULACIÓN,ASFALTO,Bueno,Bueno,2,SIN DATOS,SIN DATOS,1,,64,MASCULINO,SIN DATOS,0,0,Morelia,Lomas de Hidalgo,mayo,domingo,4,-101.158912181854,19.6956678025279
14917,14917,2018,"180550816",2018/05/27,"07:00:00",SUBIDA AL CAMELLÓN,ASFALTO,Bueno,Bueno,1,CHRYSLER,PLATA,1,,29,MASCULINO,ALIENTO ETÍLICO,0,0,Morelia,Barrio Alto,mayo,domingo,7,-101.197085380554,19.7251402622806
14918,14918,2018,,2018/05/27,"08:00:00",VOLCADURA,ASFALTO,Bueno,Bueno,1,RENAULT,AZUL,1,,39,MASCULINO,SIN DATOS,0,0,Irimbo,Sin datos,mayo,domingo,8,-100.458619594574,19.723887944763
14919,14919,2018,"180124384",2018/05/27,"08:20:00",COLISIÓN POR ALCANCE,ASFALTO,Bueno,Bueno,2,JEEP,PLATA,2,,55,MASCULINO,SIN DATOS,0,0,Tarímbaro,Campestre,mayo,domingo,8,-101.162881851196,19.7982020355812
14920,14920,2018,,2018/05/27,"09:30:00",COLISIÓN POR ALCANCE,ASFALTO,Bueno,Bueno,1,CHRYSLER,VERDE,1,,44,MASCULINO,SIN DATOS,0,0,Apatzingán,El Capiral,mayo,domingo,10,-102.372214794159,19.0893125292235
14921,14921,2018,,2018/05/27,11:00:00,SALIDA DE SUPERFICIE DE RODAMIENTO,ASFALTO,Bueno,Regular,1,NISSAN,CAFE,0,,,,,0,0,Tangancícuaro,Sin datos,mayo,domingo,11,-102.384880185127,19.8445802787041
14922,14922,2018,,2018/05/27,11:28:00,COLISIÓN CONTRA OBJETO FIJO,ASFALTO,Bueno,Bueno,1,FORD,GRIS,1,,0,,SIN DATOS,0,0,Morelia,Congreso Constituyente de Michoacan,mayo,domingo,11,-101.172108650208,19.723898044137
14923,14923,2018,LEG15480,2018/05/27,12:00:00,COLISIÓN POR CORTE DE CIRCULACIÓN,ASFALTO,Bueno,Regular,2,FORD,GRIS,2,,26,MASCULINO,SIN DATOS,0,0,Morelia,Lomas del Punhuato,mayo,domingo,12,-101.145195364952,19.6987486256267
14924,14924,2018,"180551797",2018/05/27,13:15:00,COLISIÓN CONTRA OBJETO FIJO,CONCRETO,Bueno,Bueno,1,NISSAN,BLANCO,1,,57,MASCULINO,SIN DATOS,0,0,Morelia,Ventura Puente,mayo,domingo,13,-101.179543733597,19.6924758052287
14925,14925,2018,"180551678",2018/05/27,14:02:00,COLISIÓN POR NO RESPETAR SEMÁFORO,ASFALTO,Bueno,Bueno,2,TOYOTA,BLANCO,2,MINISTERIO PÚBLICO,27,MASCULINO,ALIENTO ETÍLICO,0,0,Morelia,Lomas de Hidalgo,mayo,domingo,14,-101.163568496704,19.696172859559
14926,14926,2018,"180552467",2018/05/27,15:20:00,COLISIÓN POR ALCANCE,ASFALTO,Bueno,Bueno,3,CHEVROLET,GRIS,3,,36,FEMENINO,SIN DATOS,0,0,Morelia,Sentimientos de La Nacion,mayo,domingo,15,-101.231932640076,19.6778685753558
14927,14927,2018,"180552290",2018/05/27,17:20:00,COLISIÓN POR INVASIÓN DE CARRIL,ASFALTO,Bueno,Bueno,2,VOLKSWAGEN,GUINDA,5,MINISTERIO PÚBLICO,,,,5,0,Morelia,Sin datos,mayo,domingo,17,-101.119643520963,19.5967661324084
14928,14928,2018,"180553010",2018/05/27,17:50:00,COLISIÓN POR CORTE DE CIRCULACIÓN,CONCRETO,Bueno,Regular,2,SIN DATOS,SIN DATOS,2,,,,SIN DATOS,1,0,Morelia,El Parian,mayo,domingo,18,-101.268845200539,19.6901423745284
14929,14929,2018,"180553077",2018/05/27,18:19:00,COLISIÓN POR CORTE DE CIRCULACIÓN,CONCRETO,Bueno,Bueno,2,NISSAN,BLANCO,1,,,,SIN DATOS,0,0,Morelia,Felicitas del Rio,mayo,domingo,18,-101.197809576988,19.690248440298
14930,14930,2018,"180553226",2018/05/27,18:40:00,COLISIÓN POR CAMBIO DE CARRIL,CONCRETO,Bueno,Bueno,2,KIA,GRIS,2,,69,MASCULINO,CON CERTIFICADO,0,0,Morelia,Indeco Expropiacion Petrolera,mayo,domingo,19,-101.225752830505,19.6848592001435
14931,14931,2018,"180553404",2018/05/27,19:40:00,COLISIÓN POR ALCANCE,CONCRETO,Bueno,Bueno,2,NISSAN,AZUL,2,,55,MASCULINO,SIN DATOS,0,0,Morelia,Centro,mayo,domingo,20,-101.198335289955,19.7049454458927
14932,14932,2018,"180553484",2018/05/27,19:41:00,COLISIÓN POR CAMBIO DE CARRIL,ASFALTO,Bueno,Regular,2,FORD,GRIS,2,,0,MASCULINO,SIN DATOS,0,0,Morelia,Montaña Monarca,mayo,domingo,20,-101.164550185204,19.6656898148172
14933,14933,2018,,2018/05/27,21:45:00,SUBIDA AL CAMELLÓN,ASFALTO,Bueno,Bueno,1,FORD,VERDE,1,,30,MASCULINO,SIN DATOS,0,0,Apatzingán,Sin datos,mayo,domingo,22,-102.376399040222,19.0898600265766
14934,14934,2018,,2018/05/27,23:10:00,CAIDA DE MOTOCICLETA,ASFALTO,Bueno,Bueno,1,ITALIKA,NEGRO,1,,34,MASCULINO,CON CERTIFICADO,0,0,Morelia,Tinijaro,mayo,domingo,23,-101.264569759369,19.6963344774723
14935,14935,2018,"180554503",2018/05/27,23:10:00,COLISIÓN POR CORTE DE CIRCULACIÓN,ASFALTO,Bueno,Bueno,1,VOLKWAGEN,BLANCO,1,,0,,SIN DATOS,0,0,Morelia,Justo Mendoza,mayo,domingo,23,-101.231707334518,19.7139195514072
14936,14936,2018,"180550111",2018/05/27,23:45:00,COLISIÓN POR ALCANCE,ASFALTO,Bueno,Bueno,2,CHEVROLET,NEGRO,2,,27,MASCULINO,CON CERTIFICADO,0,0,Morelia,Francisco J Mujica,mayo,domingo,0,-101.192128658295,19.7232213846631
14937,14937,2018,"180557177",2018/05/28,"00:00:00",COLISIÓN POR ALCANCE,ASFALTO,Bueno,Regular,2,VOLKWAGEN,PLATA,2,,39,MASCULINO,SIN DATOS,0,0,Morelia,Tinijaro,mayo,lunes,0,-101.261812448502,19.6966880160889
14939,14939,2018,"180554660",2018/05/28,"01:15:00",COLISIÓN CONTRA OBJETO FIJO,TERRACERIA,Bueno,Bueno,1,FORD,GUINDA,1,,0,,SIN DATOS,0,0,Tarímbaro,Sin datos,mayo,lunes,1,-101.191710233688,19.7733167306488
14940,14940,2018,"180554707",2018/05/28,"01:22:00",COLISIÓN POR ALCANCE,ASFALTO,Bueno,Bueno,2,LINCOLN,NEGRO,2,,23,MASCULINO,CON CERTIFICADO,0,0,Morelia,Centro,mayo,lunes,1,-101.192450523376,19.7030717790143
14941,14941,2018,"180554772",2018/05/28,"02:00:00",SUBIDA AL CAMELLÓN,ASFALTO,Bueno,Bueno,1,NISSAN,PLATA,1,,29,MASCULINO,CON CERTIFICADO,0,0,Morelia,Arcos del Valle,mayo,lunes,2,-101.234754323959,19.7095663903465
14942,14942,2018,"180554840",2018/05/28,"04:30:00",COLISIÓN POR INVASIÓN DE CARRIL,CONCRETO,Bueno,Bueno,2,FORD,NEGRO,2,,21,MASCULINO,SIN DATOS,0,0,Morelia,Villas Oriente,mayo,lunes,5,-101.146960258484,19.7575860018426
14943,14943,2018,"180555243",2018/05/28,10:00:00,COLISIÓN POR CORTE DE CIRCULACIÓN,ASFALTO,Bueno,Bueno,2,INTERNATIONAL,ROJO,2,,30,MASCULINO,SIN DATOS,0,0,Morelia,Centro,mayo,lunes,10,-101.188770532608,19.709212880186
14945,14945,2018,"180555832",2018/05/28,12:06:00,COLISIÓN POR ALCANCE,ASFALTO,Bueno,Bueno,3,FORD,NRGRO,3,MINISTERIO PÚBLICO,0,MASCULINO,SIN DATOS,0,0,Morelia,Morelia 450,mayo,lunes,12,-101.21612906456,19.6751308342589
14946,14946,2018,"180556024",2018/05/28,12:20:00,COLISIÓN POR CORTE DE CIRCULACIÓN,ASFALTO,Bueno,Bueno,2,NISSAN,BLANCO,3,,25,MASCULINO,SIN DATOS,2,0,Morelia,Libertad,mayo,lunes,12,-101.235280036926,19.6856774469716
14947,14947,2018,"180556433",2018/05/28,14:15:00,COLISIÓN POR ALCANCE,ASFALTO,Bueno,Regular,2,NISSAN,BLANCO,2,MINISTERIO PÚBLICO,30,MASCULINO,SIN DATOS,0,0,Morelia,El Lago 1,mayo,lunes,14,-101.215324401855,19.7272812985294
14948,14948,2018,,2018/05/28,14:50:00,COLISIÓN POR CORTE DE CIRCULACIÓN,CONCRETO,Bueno,Bueno,2,FORD,BLANCO,4,MINISTERIO PÚBLICO,39,FEMENINO,SIN DATOS,2,0,Sahuayo,J Trinidad Barragan,mayo,lunes,15,-102.707584798336,20.0532453962677
14949,14949,2018,"180556700",2018/05/28,15:06:00,COLISIÓN CON PEATÓN,ASFALTO,Bueno,Bueno,2,VOLKWAGEN,PLATA,2,,45,FEMENINO,SIN DATOS,0,0,Morelia,Industrial,mayo,lunes,15,-101.197713017464,19.710303709024
14950,14950,2018,,2018/05/28,15:45:00,COLISIÓN POR CORTE DE CIRCULACIÓN,ADOQUIN_EMPEDRADO,Bueno,Bueno,2,VOLKSWAGEN,AZUL,2,,23,FEMENINO,SIN DATOS,0,0,Pátzcuaro,Centro,mayo,lunes,16,-101.608772277832,19.5155945730289
14951,14951,2018,"180556975",2018/05/28,16:10:00,COLISIÓN POR CORTE DE CIRCULACIÓN,ASFALTO,Bueno,Bueno,2,VOLKWAGEN,BLANCO/ROSA,2,,37,MASCULINO,SIN DATOS,0,0,Morelia,Chapultepec Sur,mayo,lunes,16,-101.178615689278,19.6906524997292
14952,14952,2018,,2018/05/28,16:24:00,COLISIÓN POR CORTE DE CIRCULACIÓN,ASFALTO,Bueno,Bueno,2,CHYSLER,CHAMPAGNE,2,,44,MASCULINO,SIN DATOS,0,0,Morelia,Eduardo Ruiz,mayo,lunes,16,-101.222469806671,19.7221912408587
14953,14953,2018,"180557055",2018/05/28,16:50:00,COLISIÓN POR CORTE DE CIRCULACIÓN,CONCRETO,Bueno,Bueno,2,CHEVROLET,GRIS,2,,33,MASCULINO,SIN DATOS,0,0,Morelia,Chapultepec Norte,mayo,lunes,17,-101.17623925209,19.6969607453452
14954,14954,2018,"180557181",2018/05/28,17:25:00,COLISIÓN CONTRA OBJETO FIJO,CONCRETO,Bueno,Bueno,2,NISSAN,BLANCO Y CAFE,2,,28,MASCULINO,SIN DATOS,0,0,Morelia,Hacienda del Quinceo,mayo,lunes,17,-101.233348846436,19.7280892292809
14955,14955,2018,"180557422",2018/05/28,17:45:00,COLISIÓN POR CAMBIO DE CARRIL,CONCRETO,Bueno,Regular,2,NISSANQ,GUINDA,2,,36,MASCULINO,SIN DATOS,0,0,Morelia,Isaac Arriaga,mayo,lunes,18,-101.171459555626,19.7078089321211
14956,14956,2018,"180558561",2018/05/28,20:06:00,COLISIÓN POR INVASIÓN DE CARRIL,ASFALTO,Bueno,Bueno,2,NISSAN,BLANCO,2,MINISTERIO PÚBLICO,,FEMENINO,SIN DATOS,0,0,Morelia,Pascual Ortiz de Ayala,mayo,lunes,20,-101.153676509857,19.6952839581183
14957,14957,2018,"180556863",2018/05/28,20:20:00,COLISIÓN CONTRA OBJETO FIJO,ASFALTO,Bueno,Bueno,3,NISSAN,BLANCO,3,MINISTERIO PÚBLICO,32,MASCULINO,SIN DATOS,0,0,Morelia,Cosmos,mayo,lunes,20,-101.217674016953,19.6844753298205
14958,14958,2018,"180558128",2018/05/28,20:30:00,COLISIÓN POR INVASIÓN DE CARRIL,ASFALTO,Bueno,Bueno,2,BAJAJ,AZUL Y NEGRO,2,,28,MASCULINO,SIN DATOS,0,0,Morelia,Felix Ireta,mayo,lunes,21,-101.191790699959,19.6824296895578
14959,14959,2018,"180558429",2018/05/28,21:50:00,COLISIÓN POR ALCANCE,ASFALTO,Bueno,Bueno,5,VOLKSWAGEN,ROJO,1,MINISTERIO PÚBLICO,,,,1,0,Morelia,Residencial Alborada,mayo,lunes,22,-101.234625577927,19.7025061394182
14960,14960,2018,"180558553",2018/05/28,22:15:00,COLISIÓN POR ALCANCE,CONCRETO,Bueno,Regular,2,NISSAN,BLANCO,1,MINISTERIO PÚBLICO,,FEMENINO,SIN DATOS,0,0,Morelia,Fidel Velazquez,mayo,lunes,22,-101.235097646713,19.7041020459973
14961,14961,2018,"180558610",2018/05/28,22:50:00,COLISIÓN CON PEATÓN,ASFALTO,Bueno,Bueno,1,SIN DATOSS,SIN DATOS,1,,,,,0,1,Morelia,Ampliacion La Soledad,mayo,lunes,23,-101.181995272636,19.7369156065838
14962,14962,2018,"180560994",2018/05/29,"00:00:00",COLISIÓN POR CAMBIO DE CARRIL,ASFALTO,Bueno,Bueno,2,ISUZU,BLANCO,2,,23,MASCULINO,SIN DATOS,0,0,Morelia,Pablo Galeana,mayo,martes,0,-101.230419874191,19.6393641654944
14963,14963,2018,"180559159",2018/05/29,"08:20:00",COLISIÓN POR CORTE DE CIRCULACIÓN,ASFALTO,Bueno,Bueno,2,HONDA,GRIS,2,,31,FEMENINO,SIN DATOS,0,0,Morelia,Nueva Chapultepec,mayo,martes,8,-101.169995069504,19.6896474000077
14964,14964,2018,,2018/05/29,"08:40:00",COLISIÓN POR CORTE DE CIRCULACIÓN,ADOQUIN_EMPEDRADO,Bueno,Malo,2,NISSAN,BLANCO Y ROJO,2,,62,MASCULINO,SIN DATOS,0,0,Pátzcuaro,El Calvario,mayo,martes,9,-101.620662510395,19.5141889334651
14965,14965,2018,"180559268",2018/05/29,"09:10:00",COLISIÓN POR CORTE DE CIRCULACIÓN,ASFALTO,Bueno,Bueno,2,CHRYSLER,AZUL,2,MINISTERIO PÚBLICO,,FEMENINO,SIN DATOS,0,0,Morelia,Chapultepec Sur,mayo,martes,9,-101.171019673347,19.6917232522899
14966,14966,2018,"180559318",2018/05/29,"09:15:00",COLISIÓN POR CORTE DE CIRCULACIÓN,ASFALTO,Bueno,Bueno,2,CHEVROLET,ROJO,2,,21,MASCULINO,SIN DATOS,0,0,Morelia,Chapultepec Sur,mayo,martes,9,-101.169898509979,19.6899706488476
14967,14967,2018,"180559689",2018/05/29,11:00:00,COLISIÓN POR CORTE DE CIRCULACIÓN,CONCRETO,Bueno,Bueno,2,NISSAN,ROJO,4,,,,SIN DATOS,2,0,Morelia,Barrio Alto,mayo,martes,11,-101.190701723099,19.725897707629
14968,14968,2018,,2018/05/29,11:10:00,COLISIÓN POR ALCANCE,ASFALTO,Bueno,Bueno,2,VOLKSWAGEN,BLANCO,2,,56,MASCULINO,SIN DATOS,0,0,Morelia,Prados Verdes,mayo,martes,11,-101.197235584259,19.7167677272232
14969,14969,2018,"180561127",2018/05/29,11:45:00,COLISIÓN POR CORTE DE CIRCULACIÓN,CONCRETO,Bueno,Bueno,2,SIN DATOS,BLANCO Y ROJO,1,,,MASCULINO,SIN DATOS,0,0,Morelia,Loma de Los Piñones,mayo,martes,12,-101.205094456673,19.6741205858767
14970,14970,2018,"180560103",2018/05/29,12:56:00,COLISIÓN POR CORTE DE CIRCULACIÓN,ASFALTO,Bueno,Bueno,2,NISSAN,GUINDA,2,,0,MASCULINO,SIN DATOS,0,0,Morelia,Nueva Valladolid,mayo,martes,13,-101.210584938526,19.7009405193948
14971,14971,2018,,2018/05/29,13:50:00,COLISIÓN POR ALCANCE,ASFALTO,Bueno,Bueno,2,NISSAN,GRIS,2,,32,MASCULINO,SIN DATOS,0,0,Maravatío,Sin datos,mayo,martes,14,-100.454778671265,19.8398673733006
14972,14972,2018,"180560529",2018/05/29,14:02:00,COLISIÓN CONTRA OBJETO FIJO,ASFALTO,Bueno,Bueno,1,CHEVROLET,ROJO Y NEGRO,2,,23,MASCULINO,SIN DATOS,1,0,Morelia,Ampliacion La Soledad,mayo,martes,14,-101.181710958481,19.7372286613529
14973,14973,2018,"180560423",2018/05/29,14:20:00,COLISIÓN POR ALCANCE,ASFALTO,Bueno,Bueno,2,NISSAN,BLANCO,2,,19,FEMENINO,SIN DATOS,0,0,Morelia,La Soledad,mayo,martes,14,-101.183352470398,19.7281700221314
14974,14974,2018,"180560917",2018/05/29,15:25:00,COLISIÓN POR CAMBIO DE CARRIL,ASFALTO,Bueno,Bueno,2,MERCEDES BENZ,PLATA,2,,29,MASCULINO,SIN DATOS,0,0,Morelia,Felix Ireta,mayo,martes,15,-101.192021369934,19.6823135166107
14975,14975,2018,"180561051",2018/05/29,15:35:00,COLISIÓN POR MANIOBRA DE REVERSA,ASFALTO,Bueno,Bueno,2,FORD,BLANCO,2,MINISTERIO PÚBLICO,29,MASCULINO,SIN DATOS,0,0,Morelia,Felix Ireta,mayo,martes,16,-101.181464195251,19.6816669873661
14976,14976,2018,"180561494",2018/05/29,18:15:00,COLISIÓN POR CORTE DE CIRCULACIÓN,ASFALTO,Bueno,Bueno,2,CHRYSLER,BLANCO,3,,29,MASCULINO,SIN DATOS,1,0,Morelia,Sin datos,mayo,martes,18,-101.354756355286,19.6789192089646
14977,14977,2018,,2018/05/29,20:45:00,COLISIÓN CON PEATÓN,CONCRETO,Bueno,Bueno,1,DODGE,GRIS,3,,49,MASCULINO,SIN DATOS,2,0,Morelia,Lomas de Guayangareo,mayo,martes,21,-101.160864830017,19.7028546140487
14978,14978,2018,"180562402",2018/05/29,21:25:00,COLISIÓN POR CAMBIO DE CARRIL,CONCRETO,Bueno,Bueno,2,TOYOTA,BLANCO,2,,20,MASCULINO,SIN DATOS,0,0,Morelia,Peña Blanca,mayo,martes,21,-101.194081306458,19.6652705378161
14979,14979,2018,"180562510",2018/05/29,21:39:00,COLISIÓN POR CAMBIO DE CARRIL,CONCRETO,Bueno,Bueno,2,CHEVROLET,BLANCO Y VERDE,2,MINISTERIO PÚBLICO,,MASCULINO,SIN DATOS,0,0,Morelia,Vasco de Quiroga,mayo,martes,22,-101.171808242798,19.7044454668506
14980,14980,2018,"180562655",2018/05/29,21:55:00,COLISIÓN POR ALCANCE,CONCRETO,Bueno,Bueno,2,VOLKSWAGEN,BEIGE,2,MINISTERIO PÚBLICO,,MASCULINO,SIN DATOS,0,0,Morelia,Isaac Arriaga,mayo,martes,22,-101.166894435883,19.7097178944618
14981,14981,2018,,2018/05/29,22:05:00,COLISIÓN POR INVASIÓN DE CARRIL,ASFALTO,Bueno,Bueno,2,ITALIKA,Rojo/Negro,2,,17,MASCULINO,SIN DATOS,0,0,Apatzingán,Morelos,mayo,martes,22,-102.35769867897,19.0933173291543
14982,14982,2018,"180563141",2018/05/30,"06:59:00",COLISIÓN POR ALCANCE,ASFALTO,Bueno,Bueno,2,MAZDA,ROJO,2,,31,MASCULINO,SIN DATOS,0,0,Morelia,Industrial,mayo,miércoles,7,-101.188314557076,19.7116369341664
14983,14983,2018,"180563222",2018/05/30,"07:50:00",COLISIÓN POR CORTE DE CIRCULACIÓN,CONCRETO,Bueno,Bueno,2,VOLKSWAGEN,BLANCO,2,,35,FEMENINO,SIN DATOS,0,0,Morelia,Chapultepec Oriente,mayo,miércoles,8,-101.16202890873,19.6904151149369
14984,14984,2018,,2018/05/30,"08:10:00",COLISIÓN POR CORTE DE CIRCULACIÓN,ASFALTO,Bueno,Bueno,2,TOYOTA,PLATA,2,,34,FEMENINO,SIN DATOS,0,0,Apatzingán,Bonifacio Moreno,mayo,miércoles,8,-102.354002594948,19.0907421018372
14985,14985,2018,"180563369",2018/05/30,"09:10:00",COLISIÓN POR CORTE DE CIRCULACIÓN,ASFALTO,Bueno,Bueno,2,CHEVROLET,BLANCO,2,,37,FEMENINO,SIN DATOS,0,0,Morelia,Lomas de Morelia (Dr Ignacio Chavez),mayo,miércoles,9,-101.175992488861,19.7179595020462
14986,14986,2018,,2018/05/30,"09:30:00",VOLCADURA,ASFALTO,Bueno,Bueno,1,INTERNACIONAL,BLANCO,1,MINISTERIO PÚBLICO,,,SIN DATOS,0,0,Buenavista,Sin datos,mayo,miércoles,10,-102.519983053207,19.3420222847153
14987,14987,2018,"180563455",2018/05/30,10:05:00,COLISIÓN POR CAMBIO DE CARRIL,ASFALTO,Bueno,Bueno,2,KENWORTH,BLANCO,2,,28,MASCULINO,SIN DATOS,0,0,Morelia,Jesus Romero Flores,mayo,miércoles,10,-101.18111550808,19.7334871117745
14988,14988,2018,"180563808",2018/05/30,11:15:00,COLISIÓN POR CAMBIO DE CARRIL,ASFALTO,Bueno,Bueno,2,NISSAN,BEIGE,2,,51,MASCULINO,SIN DATOS,0,0,Morelia,Santiaguito,mayo,miércoles,11,-101.190701723099,19.7190401715353
14989,14989,2018,"180565007",2018/05/30,15:50:00,COLISIÓN POR ALCANCE,ASFALTO,Bueno,Bueno,2,TOYOTA,CAFE,2,,38,MASCULINO,SIN DATOS,0,0,Morelia,Loma Bonita,mayo,miércoles,16,-101.196774244308,19.724524204083
14990,14990,2018,"180565306",2018/05/30,17:10:00,COLISIÓN POR ALCANCE,ASFALTO,Bueno,Bueno,2,MERCEDES BENZ,AMARILLO Y ROJO,2,,30,MASCULINO,SIN DATOS,0,0,Morelia,Isaac Arriaga,mayo,miércoles,17,-101.166272163391,19.7102734083234
14991,14991,2018,"180565473",2018/05/30,17:30:00,COLISIÓN POR ALCANCE,ASFALTO,Nublado,Bueno,1,KENWORTH,NEGRO,1,,40,MASCULINO,SIN DATOS,0,0,Morelia,Los Manantiales de Morelia,mayo,miércoles,18,-101.237307786942,19.695657701371
14992,14992,2018,,2018/05/30,17:30:00,COLISIÓN CON PEATÓN,ASFALTO,Bueno,Bueno,1,FORD,GRIS,1,,35,MASCULINO,SIN DATOS,0,0,Morelia,Granjas Unidas de Morelia,mayo,miércoles,18,-101.271457672119,19.6900918669944
14993,14993,2018,"180565469",2018/05/30,18:00:00,COLISIÓN POR CORTE DE CIRCULACIÓN,ASFALTO,Bueno,Bueno,2,SUZUKI,NARANJA,2,,20,MASCULINO,SIN DATOS,0,0,Morelia,Morelia 450,mayo,miércoles,18,-101.216622591019,19.6755096757602
14994,14994,2018,,2018/05/30,19:20:00,COLISIÓN POR ALCANCE,ASFALTO,Bueno,Bueno,2,NISSAN,BLANCO,2,MINISTERIO PÚBLICO,48,MASCULINO,SIN DATOS,0,0,Lázaro Cárdenas,600 Casas,mayo,miércoles,19,-102.216340899467,17.9656600587949
14995,14995,2018,"180565748",2018/05/30,19:24:00,COLISIÓN POR CORTE DE CIRCULACIÓN,ASFALTO,Bueno,Bueno,2,NISSAN,PLATA,2,,48,MASCULINO,SIN DATOS,0,0,Morelia,Chapultepec Norte,mayo,miércoles,19,-101.166011989117,19.6955364874387
14996,14996,2018,"180565828",2018/05/30,19:25:00,COLISIÓN POR CORTE DE CIRCULACIÓN,CONCRETO,Bueno,Bueno,2,CHEVROLET,PLATA,2,,25,MASCULINO,SIN DATOS,0,0,Morelia,Morelos,mayo,miércoles,19,-101.205818653107,19.6985617577185
14998,14998,2018,"180566224",2018/05/30,20:50:00,COLISIÓN POR CORTE DE CIRCULACIÓN,ASFALTO,Bueno,Bueno,2,FORD,NEGRO,2,MINISTERIO PÚBLICO,,,SIN DATOS,0,0,Morelia,San Jose Itzicuaro,mayo,miércoles,21,-101.307978630066,19.6876472832994
15000,15000,2018,"180567223",2018/05/31,"08:00:00",COLISIÓN POR ALCANCE,CONCRETO,Bueno,Bueno,2,CHEVROLET,NEGRO,2,,25,FEMENINO,SIN DATOS,0,0,Morelia,Virrey Antonio de Mendoza,mayo,jueves,8,-101.162377595901,19.7066675839657
15001,15001,2018,,2018/05/31,"08:10:00",COLISIÓN CON PEATÓN,ASFALTO,Bueno,Bueno,1,NISSAN,NEGRO,1,,26,MASCULINO,SIN DATOS,0,0,Morelia,Los Manantiales de Morelia,mayo,jueves,8,-101.240301132202,19.6927889470201
15002,15002,2018,"180567270",2018/05/31,"08:15:00",COLISIÓN POR CORTE DE CIRCULACIÓN,ASFALTO,Bueno,Bueno,2,VOLKSWAGEN,NEGRO,2,,24,MASCULINO,SIN DATOS,0,0,Morelia,Prados Verdes,mayo,jueves,8,-101.197321414948,19.7151012475317