fid,id_accidente,anio_origen,folio_c5i,dia_incidente,hora_ocurrencia,tipo_incidente_vial,superficie_ocurrencia,condiciones_climaticas,condiciones_via,numero_vehiculos_involucrados,marca_vehiculo_ocasiona_siniestro,color_vehiculo_ocasiona_siniestro,numero_personas_involucradas,lugar_remite_presunto_responsable,edad_presunto_responsable,sexo_presunto_responsable,resultados_toxicologia,numero_personas_lesionadas,numero_personas_fallecidas,municipio,colonia,mes,dia_semana,hora_redondeada,lon,lat
15003,15003,2018,"180567263",2018/05/31,"08:20:00",COLISIÓN POR ALCANCE,CONCRETO,Bueno,Bueno,2,FORD,NEGRO,2,,38,FEMENINO,SIN DATOS,0,0,Morelia,Ventura Puente,mayo,jueves,8,-101.183513402939,19.6910060508949
15004,15004,2018,LEG15579,2018/05/31,"08:20:00",COLISIÓN POR CORTE DE CIRCULACIÓN,CONCRETO,Bueno,Bueno,2,DODGE,ROJO,2,,30,FEMENINO,SIN DATOS,0,0,Morelia,Hospitales de Don Vasco,mayo,jueves,8,-101.15489423275,19.7012081910006
15005,15005,2018,"180567336",2018/05/31,"09:34:00",COLISIÓN CONTRA OBJETO FIJO,CONCRETO,Bueno,Bueno,1,FORD,VERDE,1,,37,MASCULINO,SIN DATOS,0,0,Morelia,Villas del Pedregal,mayo,jueves,10,-101.303408145905,19.6827681059233
15006,15006,2018,,2018/05/31,10:10:00,COLISIÓN POR CORTE DE CIRCULACIÓN,ASFALTO,Bueno,Bueno,2,NISSAN,BLANCO,2,,67,MASCULINO,SIN DATOS,0,0,Apatzingán,18 de Marzo,mayo,jueves,10,-102.362033128738,19.0983257273858
15007,15007,2018,"180568414",2018/05/31,12:40:00,COLISIÓN POR CORTE DE CIRCULACIÓN,ASFALTO,Bueno,Bueno,2,DINA,BLANCO/AZUL,2,,0,MASCULINO,SIN DATOS,0,0,Morelia,Villas Lomas del Paraiso,mayo,jueves,13,-101.174340248108,19.6725950987502
15008,15008,2018,,2018/05/31,14:50:00,COLISIÓN POR CORTE DE CIRCULACIÓN,ASFALTO,Bueno,Bueno,2,NISSAN,TURQUESA,2,MINISTERIO PÚBLICO,27,MASCULINO,SIN DATOS,0,0,Apatzingán,Palmira,mayo,jueves,15,-102.346079349518,19.0853583279183
15009,15009,2018,"180569190",2018/05/31,15:55:00,COLISIÓN POR CAMBIO DE CARRIL,CONCRETO,Bueno,Bueno,2,VOLKSWAGEN,BLANCO,2,,20,MASCULINO,SIN DATOS,0,0,Morelia,Tenencia Morelos,mayo,jueves,16,-101.24575138092,19.6492715229565
15010,15010,2018,"180569210",2018/05/31,16:40:00,COLISIÓN POR ALCANCE,ASFALTO,Bueno,Bueno,2,KENWORTH,ROJO,2,,45,MASCULINO,SIN DATOS,0,0,Morelia,Ampliacion La Soledad,mayo,jueves,17,-101.180659532547,19.7377032916065
15011,15011,2018,,2018/05/31,16:40:00,COLISIÓN POR ALCANCE,ASFALTO,Bueno,Bueno,2,ITALIKA,AZUL,2,,27,MASCULINO,SIN DATOS,0,1,Zinapécuaro,Sin datos,mayo,jueves,17,-100.883717536926,19.8702616399273
15012,15012,2018,LEG15568,2018/05/31,17:29:00,COLISIÓN CON PEATÓN,SIN_DATOS,Bueno,Bueno,3,VOLKSWAGEN,AZUL,3,,23,FEMENINO,SIN DATOS,0,0,Morelia,Centro,mayo,jueves,17,-101.200196743011,19.702182915894
15013,15013,2018,"180140540",2018/05/31,18:40:00,COLISIÓN POR CORTE DE CIRCULACIÓN,CONCRETO,Bueno,Bueno,1,ITALIKA,AMARILLO,1,,,,SIN DATOS,0,0,Morelia,Industrial,mayo,jueves,19,-101.200266480446,19.7115409827281
15014,15014,2018,"180569840",2018/05/31,18:50:00,COLISIÓN POR CORTE DE CIRCULACIÓN,ASFALTO,Bueno,Bueno,2,NISSAN,AZUL,2,,41,MASCULINO,SIN DATOS,0,0,Morelia,Rinconada del Valle,mayo,jueves,19,-101.219122409821,19.6779443424331
15015,15015,2018,,2018/05/31,19:20:00,COLISIÓN POR CORTE DE CIRCULACIÓN,ASFALTO,Bueno,Bueno,2,VOLKSWAGEN,VERDE,2,MINISTERIO PÚBLICO,,MASCULINO,SIN DATOS,0,0,Lázaro Cárdenas,Centro,mayo,jueves,19,-102.191712856293,17.95520909797
15016,15016,2018,"180578081",2018/05/31,22:25:00,COLISIÓN CONTRA OBJETO FIJO,ASFALTO,Bueno,Bueno,1,NISSAN,BLANCO,1,,28,MASCULINO,SIN DATOS,0,0,Morelia,Libertad,mayo,jueves,22,-101.238123178482,19.6874098940517
15017,15017,2018,"180570993",2018/05/31,23:55:00,COLISIÓN POR CAMBIO DE CARRIL,ASFALTO,Bueno,Bueno,2,FORD,GRIS,2,,,MASCULINO,SIN DATOS,0,0,Morelia,Libertad,mayo,jueves,0,-101.236932277679,19.6848187927844
15018,15018,2018,"180851116",2018/06/01,"01:45:00",COLISIÓN POR CORTE DE CIRCULACIÓN,ASFALTO,Bueno,Bueno,1,DINA,BLANCO,1,,40,MASCULINO,SIN DATOS,0,0,Tarímbaro,Sin datos,junio,viernes,2,-101.171894073486,19.7509721705391
15019,15019,2018,,2018/06/01,"02:00:00",COLISIÓN POR CORTE DE CIRCULACIÓN,ASFALTO,Bueno,Bueno,1,CHEVROLET,PLATA,0,,,,,0,0,Pátzcuaro,Centro,junio,viernes,2,-101.617795228958,19.5163226692929
15020,15020,2018,"180571230",2018/06/01,"05:00:00",COLISIÓN POR CORTE DE CIRCULACIÓN,ASFALTO,Bueno,Bueno,1,FORD,BLANCO,1,MINISTERIO PÚBLICO,,,SIN DATOS,0,0,Morelia,Matamoros,junio,viernes,5,-101.164534091949,19.6961930618071
15021,15021,2018,,2018/06/01,"06:12:00",SALIDA DE SUPERFICIE DE RODAMIENTO,ASFALTO,Bueno,Bueno,1,FIAT,GRIS,1,,42,MASCULINO,SIN DATOS,0,0,Morelia,Ciudad Industrial,junio,viernes,6,-101.13695025444,19.7291395331501
15022,15022,2018,,2018/06/01,"07:00:00",COLISIÓN POR CORTE DE CIRCULACIÓN,ASFALTO,Bueno,Bueno,2,KIA,BLANCO,1,,,FEMENINO,SIN DATOS,0,0,Morelia,La Soledad,junio,viernes,7,-101.184704303741,19.7251604608698
15023,15023,2018,"180571426",2018/06/01,"08:00:00",COLISIÓN POR ALCANCE,CONCRETO,Bueno,Bueno,2,SUZUKI,AMBAR,2,,27,FEMENINO,SIN DATOS,0,0,Morelia,Camelinas,junio,viernes,8,-101.168299913406,19.6826620351991
15024,15024,2018,"180571680",2018/06/01,"08:40:00",COLISIÓN POR ALCANCE,ASFALTO,Bueno,Bueno,4,NISSAN,VERDE,4,,27,MASCULINO,SIN DATOS,0,0,Morelia,Reforma,junio,viernes,9,-101.240301132202,19.706475675069
15025,15025,2018,"180571615",2018/06/01,"09:25:00",COLISIÓN POR CORTE DE CIRCULACIÓN,CONCRETO,Bueno,Bueno,2,NISSAN,ARENA,2,,26,MASCULINO,SIN DATOS,0,0,Morelia,Cuauhtemoc,junio,viernes,9,-101.179119944572,19.6948395055468
15026,15026,2018,"180574795",2018/06/01,10:25:00,COLISIÓN POR NO RESPETAR SEMÁFORO,ASFALTO,Bueno,Bueno,2,VOLKSWAGEN,PLATA,2,,24,MASCULINO,SIN DATOS,0,0,Morelia,Fovissste La Huerta,junio,viernes,10,-101.21212720871,19.6924960079434
15027,15027,2018,"180561861",2018/06/01,10:28:00,COLISIÓN POR CAMBIO DE CARRIL,ASFALTO,Bueno,Bueno,2,TOYOTA,ROJO,2,,24,FEMENINO,SIN DATOS,0,0,Morelia,Centro,junio,viernes,10,-101.192463934422,19.7034707557409
15028,15028,2018,"180571887",2018/06/01,10:45:00,COLISIÓN POR NO RESPETAR SEMÁFORO,ASFALTO,Bueno,Regular,2,MERCEDES BENZ,BLANCO Y MORADO,2,,25,MASCULINO,SIN DATOS,0,0,Morelia,Morelos,junio,viernes,11,-101.207218766212,19.7014152574073
15029,15029,2018,,2018/06/01,11:37:00,COLISIÓN POR CAMBIO DE CARRIL,ASFALTO,Bueno,Bueno,2,FROD,BLANCO Y ROJO,2,,47,MASCULINO,SIN DATOS,0,0,Morelia,Libertad,junio,viernes,12,-101.236937642097,19.6848238437049
15030,15030,2018,,2018/06/01,11:55:00,COLISIÓN POR CORTE DE CIRCULACIÓN,ASFALTO,Bueno,Bueno,2,NISSAN,BLANCO,2,,41,FEMENINO,SIN DATOS,0,0,Morelia,Victor Manuel Tinoco Rubi,junio,viernes,12,-101.243541240692,19.7005566876315
15031,15031,2018,"180572279",2018/06/01,12:20:00,COLISIÓN POR ALCANCE,ASFALTO,Bueno,Bueno,2,FORD,AZUL,2,,27,FEMENINO,SIN DATOS,0,0,Morelia,Ventura Puente,junio,viernes,12,-101.188051700592,19.6923343861544
15032,15032,2018,"180572920",2018/06/01,14:44:00,COLISIÓN POR ALCANCE,ASFALTO,Bueno,Bueno,2,CHEVROLET,PLATA,2,,39,FEMENINO,SIN DATOS,0,0,Morelia,Chapultepec Norte,junio,viernes,15,-101.16831600666,19.6950314283996
15034,15034,2018,"18057323294",2018/06/01,15:55:00,COLISIÓN POR ALCANCE,CONCRETO,Bueno,Bueno,2,VOLKSWAGEN,BLANCO,2,,24,MASCULINO,CON CERTIFICADO,0,0,Morelia,Canteras de Morelia,junio,viernes,16,-101.171572208405,19.7149396485772
15035,15035,2018,"180574849",2018/06/01,17:00:00,COLISIÓN POR CAMBIO DE CARRIL,ASFALTO,Bueno,Bueno,2,HONDA,ROJO,2,,36,MASCULINO,SIN DATOS,0,0,Morelia,Pascual Ortiz de Ayala,junio,viernes,17,-101.149551272392,19.6947384934266
15036,15036,2018,"180573738",2018/06/01,17:30:00,COLISIÓN POR ALCANCE,ASFALTO,Bueno,Regular,2,VOLKSWAGEN,ROJO,2,,68,MASCULINO,CON CERTIFICADO,0,0,Morelia,Jardines de Torremolinos,junio,viernes,18,-101.225731372833,19.6769795723055
15037,15037,2018,"180573778",2018/06/01,17:40:00,COLISIÓN POR ALCANCE,CONCRETO,Bueno,Bueno,3,VOLVO,AZUL,2,,,MASCULINO,SIN DATOS,0,0,Morelia,Sin datos,junio,viernes,18,-101.175048351288,19.7449942428811
15038,15038,2018,"180574260",2018/06/01,20:05:00,COLISIÓN POR ALCANCE,ASFALTO,Bueno,Bueno,3,MAZDA,ROJO,3,,30,MASCULINO,SIN DATOS,0,0,Morelia,Ciudad Industrial,junio,viernes,20,-101.148236989975,19.721110592673
15039,15039,2018,,2018/06/01,20:15:00,COLISIÓN CON PEATÓN,ASFALTO,Bueno,Bueno,1,NISSAN,BLANCO,2,MINISTERIO PÚBLICO,30,MASCULINO,SIN DATOS,1,0,Zitácuaro,Sin datos,junio,viernes,20,-100.418515205383,19.4852037431572
15040,15040,2018,"18000160",2018/06/01,21:25:00,COLISIÓN POR NO RESPETAR SEMÁFORO,ASFALTO,Bueno,Regular,2,CHRYSLER,ROJO,2,,21,MASCULINO,SIN DATOS,0,0,Morelia,Jardines de Torremolinos,junio,viernes,21,-101.225677728653,19.6768280372026
15041,15041,2018,"180574734",2018/06/01,22:00:00,COLISIÓN POR ALCANCE,CONCRETO,Bueno,Bueno,2,HONDA,BLANCO,2,,38,MASCULINO,SIN DATOS,0,0,Morelia,Las Americas,junio,viernes,22,-101.159019470215,19.6881321623714
15042,15042,2018,,2018/06/01,22:15:00,COLISIÓN POR CORTE DE CIRCULACIÓN,ASFALTO,Bueno,Bueno,2,TOYOTA,BLANCO/GRIS,2,,37,MASCULINO,SIN DATOS,0,0,Morelia,Libertad,junio,viernes,22,-101.236943006516,19.6848996074924
15043,15043,2018,"180574782",2018/06/01,22:35:00,COLISIÓN POR CORTE DE CIRCULACIÓN,ASFALTO,Bueno,Bueno,2,FORD,GRIS,2,,,MASCULINO,SIN DATOS,0,0,Morelia,Ferrocarrilero,junio,viernes,23,-101.223880648613,19.6916424410257
15044,15044,2018,"180574904",2018/06/01,23:15:00,COLISIÓN POR CAMBIO DE CARRIL,ASFALTO,Bueno,Bueno,2,NISSAN,VERDE,1,,34,MASCULINO,CON CERTIFICADO,0,0,Morelia,Montaña Monarca,junio,viernes,23,-101.165574789047,19.6720798647185
15045,15045,2018,"180574984",2018/06/02,"00:10:00",COLISIÓN POR MANIOBRA DE REVERSA,ASFALTO,Bueno,Bueno,2,VOLKSWAGEN,PLATA,2,MINISTERIO PÚBLICO,53,MASCULINO,SIN DATOS,0,0,Morelia,Chapultepec Oriente,junio,sábado,0,-101.164027154446,19.6959298010617
15046,15046,2018,"180575138",2018/06/02,"01:40:00",COLISIÓN POR ALCANCE,ASFALTO,Bueno,Regular,4,SIN DATOS,SIN DATOS,3,,47,MASCULINO,SIN DATOS,0,0,Morelia,Tzindurio Norte,junio,sábado,2,-101.246116161346,19.6998294249235
15047,15047,2018,"180575255",2018/06/02,"04:20:00",COLISIÓN POR ALCANCE,ASFALTO,Bueno,Bueno,2,VOLKSWAGEN,BLANCO,2,,39,MASCULINO,CON CERTIFICADO,0,0,Morelia,Jardines de Torremolinos,junio,sábado,4,-101.225731372833,19.6769997769751
15048,15048,2018,"180565248",2018/06/02,"04:30:00",COLISIÓN CONTRA OBJETO FIJO,ASFALTO,Bueno,Bueno,1,CHEVROLET,ROJO,1,,23,MASCULINO,CON CERTIFICADO,0,0,Morelia,Nicolaitas Ilustres,junio,sábado,5,-101.227490901947,19.7204339213976
15049,15049,2018,"18000285",2018/06/02,"05:00:00",COLISIÓN POR ALCANCE,ASFALTO,Bueno,Regular,2,VOLKSWAGEN,PLATA,1,,46,FEMENINO,SIN DATOS,0,0,Morelia,Sin datos,junio,sábado,5,-101.342053413391,19.5559079637273
15050,15050,2018,"18000288",2018/06/02,"05:10:00",COLISIÓN POR CORTE DE CIRCULACIÓN,ASFALTO,Bueno,Bueno,2,NISSAN,BLANCO/ROJO,1,,23,FEMENINO,SIN DATOS,0,0,Morelia,Vasco de Quiroga,junio,sábado,5,-101.171588301659,19.7067837392387
15051,15051,2018,"180575433",2018/06/02,"08:55:00",COLISIÓN CONTRA OBJETO FIJO,CONCRETO,Bueno,Bueno,2,BMW,GRIS,1,,20,FEMENINO,SIN DATOS,0,0,Morelia,Centro,junio,sábado,9,-101.190503239632,19.7043394104893
15052,15052,2018,,2018/06/02,"09:20:00",COLISIÓN POR CORTE DE CIRCULACIÓN,ADOQUIN_EMPEDRADO,Bueno,Bueno,2,ITALIKA,NARANJA Y NEGRO,2,,22,MASCULINO,SIN DATOS,0,0,Pátzcuaro,Centro,junio,sábado,9,-101.607098579407,19.5141687083462
15053,15053,2018,,2018/06/02,10:30:00,COLISIÓN POR ALCANCE,ASFALTO,Bueno,Bueno,4,BMW,NEGRO,4,MINISTERIO PÚBLICO,18,MASCULINO,SIN DATOS,1,0,Ario,Centro,junio,sábado,11,-101.707693,19.206562
15054,15054,2018,"180575895",2018/06/02,11:55:00,COLISIÓN POR CAMBIO DE CARRIL,ASFALTO,Bueno,Bueno,2,CHEVROLET,GUINDA,2,,58,MASCULINO,SIN DATOS,0,0,Morelia,Felix Ireta,junio,sábado,12,-101.192128658295,19.6823337206075
15055,15055,2018,"180576145",2018/06/02,12:45:00,COLISIÓN POR CORTE DE CIRCULACIÓN,ASFALTO,Bueno,Bueno,2,HONDA,GRIS,2,,61,MASCULINO,SIN DATOS,0,0,Morelia,Villas Lomas del Paraiso,junio,sábado,13,-101.172344684601,19.6713423699868
15056,15056,2018,"180576488",2018/06/02,14:20:00,COLISIÓN POR CORTE DE CIRCULACIÓN,ASFALTO,Bueno,Bueno,2,TOYOTA,BLANCO/GRIS,2,,49,MASCULINO,SIN DATOS,0,0,Morelia,Cinco de Diciembre,junio,sábado,14,-101.158751249313,19.6864249774566
15057,15057,2018,"180566577",2018/06/02,14:57:00,COLISIÓN POR CAMBIO DE CARRIL,CONCRETO,Bueno,Bueno,2,VOLVO,BLANCO/NARANJA,2,,,MASCULINO,SIN DATOS,0,0,Morelia,Colonial Morelia,junio,sábado,15,-101.214703470469,19.6725774191785
15058,15058,2018,,2018/06/02,15:00:00,COLISIÓN POR ALCANCE,CONCRETO,Bueno,Bueno,2,NISSAN,BCO / ROJO,2,,38,MASCULINO,SIN DATOS,0,0,Apatzingán,Benito Juarez,junio,sábado,15,-102.348053455353,19.0898904430432
15059,15059,2018,,2018/06/02,15:20:00,COLISIÓN POR ALCANCE,ASFALTO,Bueno,Bueno,2,TOYOTA,GRIS,2,,63,MASCULINO,SIN DATOS,0,0,Morelia,Las Americas,junio,sábado,15,-101.158096790314,19.6880311460191
15060,15060,2018,"180577034",2018/06/02,16:43:00,COLISIÓN POR ALCANCE,ASFALTO,Bueno,Bueno,2,AUDI,GRIS,2,,19,MASCULINO,SIN DATOS,0,0,Morelia,Sin datos,junio,sábado,17,-101.1181640625,19.6884756174923
15061,15061,2018,,2018/06/02,16:50:00,COLISIÓN POR CORTE DE CIRCULACIÓN,ASFALTO,Bueno,Bueno,2,FORD,BLANCO,2,,42,MASCULINO,SIN DATOS,0,0,Morelia,Nicolas Bravo(Los Ejidos),junio,sábado,17,-101.213929653168,19.7025162401428
15062,15062,2018,,2018/06/02,18:05:00,COLISIÓN POR ALCANCE,ASFALTO,Bueno,Bueno,3,CHEVROLET,GRIS,3,MINISTERIO PÚBLICO,23,MASCULINO,SIN DATOS,0,0,Lázaro Cárdenas,Sin datos,junio,sábado,18,-102.229070663452,17.9366836604313
15063,15063,2018,"180577577",2018/06/02,19:00:00,COLISIÓN POR NO RESPETAR SEMÁFORO,ASFALTO,Bueno,Bueno,2,CHEVROLET,GRIS,2,,56,MASCULINO,SIN DATOS,0,0,Morelia,Indeco El Vivero,junio,sábado,19,-101.229819059372,19.6770502886378
15064,15064,2018,"18000326",2018/06/02,20:26:00,COLISIÓN POR ALCANCE,ASFALTO,Bueno,Bueno,2,NISSAN,GRIS,2,,,MASCULINO,SIN DATOS,0,0,Tarímbaro,Centro,junio,sábado,20,-101.161723136902,19.7946082926482
15065,15065,2018,"180578011",2018/06/02,21:45:00,COLISIÓN CONTRA OBJETO FIJO,CONCRETO,Bueno,Bueno,2,TOYOTA,ROJO,2,,,MASCULINO,SIN DATOS,0,0,Morelia,Jardines del Rincon,junio,sábado,22,-101.148832440376,19.688831698862
15066,15066,2018,"180578373",2018/06/02,22:20:00,SUBIDA AL CAMELLÓN,ASFALTO,Bueno,Bueno,1,FORD,GRIS,1,,40,MASCULINO,SIN DATOS,0,0,Morelia,Francisco J Mujica,junio,sábado,22,-101.188244819641,19.7217670620681
15067,15067,2018,"180578268",2018/06/02,22:50:00,COLISIÓN CONTRA OBJETO FIJO,ASFALTO,Bueno,Bueno,1,CHEVROLET,ROJO,1,,39,MASCULINO,CON CERTIFICADO,0,0,Tarímbaro,Campestre,junio,sábado,23,-101.162881851196,19.7984443074663
15068,15068,2018,"180578280",2018/06/02,23:00:00,COLISIÓN CON PEATÓN,ASFALTO,Bueno,Bueno,1,CHEVROLET,NEGRO,1,MINISTERIO PÚBLICO,,,,1,0,Morelia,Lomas del Valle,junio,sábado,23,-101.226643323898,19.6907535144276
15069,15069,2018,,2018/06/02,23:06:00,COLISIÓN POR CAMBIO DE CARRIL,ASFALTO,Bueno,Bueno,2,TOYOTA,BLANCO/GRIS,2,,48,MASCULINO,SIN DATOS,0,0,Morelia,Tierra Y Libertad,junio,sábado,23,-101.229572296143,19.7171212206822
15070,15070,2018,"180563553",2018/06/02,23:11:00,COLISIÓN POR CORTE DE CIRCULACIÓN,ASFALTO,Bueno,Bueno,2,ITALIKA,ROJO,2,,23,MASCULINO,SIN DATOS,0,0,Morelia,Nicolaitas Ilustres,junio,sábado,23,-101.226782798767,19.7219286541211
15071,15071,2018,,2018/06/03,"00:00:00",VOLCADURA,ASFALTO,Bueno,Regular,1,CHEVROLET,BLANCO,1,,18,,SIN DATOS,0,0,La Piedad,Centro,junio,domingo,0,-102.024628,20.338564
15072,15072,2018,"180578623",2018/06/03,"01:00:00",COLISIÓN POR MANIOBRA DE REVERSA,ASFALTO,Bueno,Bueno,2,VOLKWAGEN,ROJO,2,MINISTERIO PÚBLICO,0,,SIN DATOS,0,0,Morelia,Centro,junio,domingo,1,-101.195270195603,19.7007953199873
15073,15073,2018,,2018/06/03,"02:20:00",COLISIÓN POR CORTE DE CIRCULACIÓN,CONCRETO,Bueno,Bueno,2,VOLKSWAGEN,NEGRO,1,,,MASCULINO,CON CERTIFICADO,0,0,Morelia,Gertrudis Bocanegra,junio,domingo,2,-101.210689544678,19.7021223114106
15075,15075,2018,"180578825",2018/06/03,"04:40:00",SALIDA DE SUPERFICIE DE RODAMIENTO,ASFALTO,Bueno,Bueno,1,VOLKSWAGEN,GRIS,1,MINISTERIO PÚBLICO,24,MASCULINO,SIN DATOS,0,0,Morelia,Indeco Santiaguito,junio,domingo,5,-101.178771257401,19.7202571784285
15076,15076,2018,"180578795",2018/06/03,"04:50:00",COLISIÓN POR NO RESPETAR SEMÁFORO,ASFALTO,Bueno,Bueno,2,CHEVROLET,BLANCO,2,,31,MASCULINO,CON CERTIFICADO,0,0,Morelia,La Esperanza,junio,domingo,5,-101.25435590744,19.6978041828819
15077,15077,2018,"180578843",2018/06/03,"05:05:00",COLISIÓN CONTRA OBJETO FIJO,ASFALTO,Bueno,Bueno,1,VOLKWAGEN,GRIS,1,,43,MASCULINO,CON CERTIFICADO,0,0,Morelia,Felix Ireta,junio,domingo,5,-101.190105135,19.6853188699992
15078,15078,2018,"180568835",2018/06/03,"05:19:00",CAIDA DE MOTOCICLETA,ASFALTO,Bueno,Bueno,1,ITALIKA,ROJO Y NEGRO,1,,,,,1,0,Morelia,Las Americas,junio,domingo,5,-101.152217388153,19.6886170399751
15079,15079,2018,"180585737",2018/06/03,"05:40:00",COLISIÓN POR CORTE DE CIRCULACIÓN,ASFALTO,Bueno,Bueno,1,YAMAHA,AZUL,1,MINISTERIO PÚBLICO,,,SIN DATOS,0,0,Morelia,San Jose Itzicuaro,junio,domingo,6,-101.307903528213,19.687526063302
15080,15080,2018,"1804036474",2018/06/03,"06:20:00",COLISIÓN CON PEATÓN,ASFALTO,Bueno,Bueno,1,GMC,VERDE,1,,0,MASCULINO,SIN DATOS,0,0,Morelia,Enrique Arreguin Robles,junio,domingo,6,-101.184200048447,19.7197673468927
15081,15081,2018,,2018/06/03,11:58:00,COLISIÓN POR MANIOBRA DE REVERSA,ASFALTO,Bueno,Bueno,2,CHEVROLET,PLATA,2,,22,FEMENINO,SIN DATOS,0,0,Morelia,Tres Puentes,junio,domingo,12,-101.214975714684,19.7032030879202
15082,15082,2018,,2018/06/03,12:45:00,COLISIÓN CONTRA OBJETO FIJO,CONCRETO,Bueno,Bueno,1,PATHFINDER,ARENA,2,,15,FEMENINO,SIN DATOS,0,0,Apatzingán,Lomas de Palmira,junio,domingo,13,-102.344239354134,19.0818349536165
15083,15083,2018,"10801079698",2018/06/03,13:00:00,COLISIÓN POR ALCANCE,ASFALTO,Bueno,Bueno,2,GM,VERDE,2,,35,MASCULINO,SIN DATOS,0,0,Morelia,Ilustres Novohispanos,junio,domingo,13,-101.149470806122,19.7112177774597
15084,15084,2018,,2018/06/03,13:00:00,VOLCADURA,ASFALTO,Bueno,Bueno,1,CHEVROLET,BLANCO,1,,18,MASCULINO,SIN DATOS,0,0,Puruándiro,Centro,junio,domingo,13,-101.515472,20.087439
15085,15085,2018,"180580000",2018/06/03,13:52:00,COLISIÓN POR CORTE DE CIRCULACIÓN,CONCRETO,Bueno,Bueno,2,VOLKWAGEN,AZUL,2,,25,MASCULINO,SIN DATOS,0,0,Morelia,Torreon Nuevo,junio,domingo,14,-101.203898191452,19.7468320755585
15086,15086,2018,"1805800271",2018/06/03,14:30:00,COLISIÓN POR NO RESPETAR SEMÁFORO,ASFALTO,Bueno,Bueno,2,NISSAN,BLANCO,2,,52,MASCULINO,SIN DATOS,0,0,Morelia,Articulo Constitucional,junio,domingo,15,-101.170220375061,19.7135660508694
15088,15088,2018,LEG15645,2018/06/03,16:20:00,COLISIÓN CON PEATÓN,ASFALTO,Bueno,Bueno,2,NISSAN,VERDE,2,MINISTERIO PÚBLICO,52,MASCULINO,SIN DATOS,0,0,Morelia,Sin datos,junio,domingo,16,-101.354938745499,19.6785050176915
15089,15089,2018,"180000895",2018/06/03,16:20:00,COLISIÓN POR ALCANCE,CONCRETO,Bueno,Bueno,3,VOLKWAGEN,BEIGE,3,,,,SIN DATOS,0,0,Morelia,Felix Ireta,junio,domingo,16,-101.181421279907,19.6816265792016
15090,15090,2018,"180580585",2018/06/03,17:03:00,COLISIÓN POR CORTE DE CIRCULACIÓN,CONCRETO,Bueno,Bueno,2,CHYSLER,VERDE,2,,18,MASCULINO,SIN DATOS,0,0,Morelia,Gertrudis Sanchez,junio,domingo,17,-101.205397546291,19.7419433434294
15091,15091,2018,"180580650",2018/06/03,18:30:00,COLISIÓN POR ALCANCE,ASFALTO,Bueno,Bueno,2,FORD,ROJO,2,,35,MASCULINO,SIN DATOS,0,0,Morelia,Cosmos,junio,domingo,19,-101.21642947197,19.6831418783916
15092,15092,2018,,2018/06/03,19:00:00,COLISIÓN POR CORTE DE CIRCULACIÓN,ASFALTO,Bueno,Regular,2,NISSAN,NARANJA,2,MINISTERIO PÚBLICO,,,SIN DATOS,0,0,Tuxpan,Sin datos,junio,domingo,19,-100.494861433243,19.5214500670129
15094,15094,2018,,2018/06/03,21:20:00,COLISIÓN POR INVASIÓN DE CARRIL,ASFALTO,Bueno,Bueno,2,CHRYSLER,AZUL MARINO,2,,0,MASCULINO,SIN DATOS,0,0,Pátzcuaro,Sin datos,junio,domingo,21,-101.634392738342,19.5386796949766
15095,15095,2018,"180581427",2018/06/03,22:00:00,VOLCADURA,ASFALTO,Nublado,Regular,1,NISSAN,BLANCO,1,,43,MASCULINO,SIN DATOS,0,0,Morelia,Montaña Monarca,junio,domingo,22,-101.161379814148,19.6630882590938
15096,15096,2018,"180581703",2018/06/03,22:55:00,COLISIÓN POR CORTE DE CIRCULACIÓN,CONCRETO,Nublado,Bueno,2,SIN DATOS,SIN DATOS,2,,68,MASCULINO,SIN DATOS,1,0,Morelia,Industrial,junio,domingo,23,-101.197809576988,19.7090613755924
15097,15097,2018,,2018/06/03,23:00:00,VOLCADURA,ASFALTO,Bueno,Regular,1,CHEVROLET,BLANCO,2,,18,MASCULINO,SIN DATOS,0,1,Puruándiro,Centro,junio,domingo,23,-101.515472,20.087439
15098,15098,2018,"180581792",2018/06/03,23:30:00,COLISIÓN POR ALCANCE,CONCRETO,Nublado,Regular,2,CHEVROLET,AZUL PLATA,2,,43,MASCULINO,SIN DATOS,0,0,Morelia,Villas del Pedregal,junio,domingo,0,-101.303536891937,19.6844551260938
15099,15099,2018,,2018/06/04,"01:20:00",SUBIDA AL CAMELLÓN,ASFALTO,Bueno,Bueno,1,RENAULT,BLANCO,0,,,,,0,0,Morelia,Villas del Pedregal,junio,lunes,1,-101.308343410492,19.6765047618374
15100,15100,2018,,2018/06/04,"07:36:00",COLISIÓN POR CORTE DE CIRCULACIÓN,ASFALTO,Bueno,Bueno,1,NISSAN,AZUL,1,,38,MASCULINO,SIN DATOS,0,0,Sin datos,Sin datos,junio,lunes,8,-99.8451232910156,20.0210970696757
15102,15102,2018,"180582219",2018/06/04,"08:25:00",COLISIÓN POR CORTE DE CIRCULACIÓN,ASFALTO,Bueno,Bueno,2,CHEVROLET,ROJO,1,,37,MASCULINO,SIN DATOS,0,0,Morelia,Chapultepec Sur,junio,lunes,8,-101.177108287811,19.6919934646582