fid,id_accidente,anio_origen,folio_c5i,dia_incidente,hora_ocurrencia,tipo_incidente_vial,superficie_ocurrencia,condiciones_climaticas,condiciones_via,numero_vehiculos_involucrados,marca_vehiculo_ocasiona_siniestro,color_vehiculo_ocasiona_siniestro,numero_personas_involucradas,lugar_remite_presunto_responsable,edad_presunto_responsable,sexo_presunto_responsable,resultados_toxicologia,numero_personas_lesionadas,numero_personas_fallecidas,municipio,colonia,mes,dia_semana,hora_redondeada,lon,lat
15103,15103,2018,"180582338",2018/06/04,"08:45:00",COLISIÓN POR CORTE DE CIRCULACIÓN,ASFALTO,Bueno,Bueno,2,TOYOTA,BLANCO Y GRIS,2,,43,MASCULINO,SIN DATOS,0,0,Morelia,Ventura Puente,junio,lunes,9,-101.188089251518,19.6908494783321
15104,15104,2018,"180010445",2018/06/04,"08:52:00",COLISIÓN POR CORTE DE CIRCULACIÓN,ASFALTO,Bueno,Bueno,1,HONDA,AZUL,1,,32,MASCULINO,CON CERTIFICADO,0,0,Morelia,Niños Heroes,junio,lunes,9,-101.23989880085,19.7142124512607
15105,15105,2018,"180582598",2018/06/04,10:55:00,COLISIÓN POR CORTE DE CIRCULACIÓN,ASFALTO,Bueno,Bueno,2,NISSAN,GRIS,2,,53,FEMENINO,SIN DATOS,0,0,Morelia,Granjas del Maestro,junio,lunes,11,-101.192278862,19.7143942508998
15106,15106,2018,LEG15674,2018/06/04,11:45:00,COLISIÓN POR CORTE DE CIRCULACIÓN,CONCRETO,Bueno,Bueno,2,KENWORTH,ROJO,2,,37,MASCULINO,SIN DATOS,0,0,Morelia,Loma Real,junio,lunes,12,-101.198480129242,19.7291900283545
15107,15107,2018,,2018/06/04,13:35:00,COLISIÓN POR CORTE DE CIRCULACIÓN,ASFALTO,Bueno,Bueno,2,VW JETTA,BLANCO,2,,21,MASCULINO,SIN DATOS,0,0,Apatzingán,Bellavista,junio,lunes,14,-102.344416379929,19.0741948039761
15108,15108,2018,"180585485",2018/06/04,13:40:00,COLISIÓN POR ALCANCE,ASFALTO,Bueno,Bueno,2,VOLKWAGEN,NEGRO,2,,23,MASCULINO,SIN DATOS,0,0,Morelia,Jardines de Sindurio,junio,lunes,14,-101.256823539734,19.6974455962089
15109,15109,2018,"180325921",2018/06/04,14:00:00,COLISIÓN CONTRA OBJETO FIJO,ASFALTO,Bueno,Bueno,1,CHEVROLET,AZUL,1,,78,MASCULINO,SIN DATOS,0,0,Morelia,Las Americas,junio,lunes,14,-101.159019470215,19.6881523656342
15110,15110,2018,"180583547",2018/06/04,14:50:00,COLISIÓN POR CORTE DE CIRCULACIÓN,ASFALTO,Bueno,Bueno,2,PEUGEOT,BLANCO,1,MINISTERIO PÚBLICO,,,,1,0,Morelia,Centro,junio,lunes,15,-101.19350194931,19.6972233730787
15111,15111,2018,"180503773",2018/06/04,14:50:00,COLISIÓN POR INVASIÓN DE CARRIL,CONCRETO,Bueno,Bueno,2,VENTO,AMARILLO,2,MINISTERIO PÚBLICO,30,MASCULINO,CON CERTIFICADO,0,0,Morelia,Granjas del Maestro,junio,lunes,15,-101.191012859344,19.713167099324
15112,15112,2018,"180583715",2018/06/04,15:00:00,COLISIÓN POR NO RESPETAR SEMÁFORO,ASFALTO,Bueno,Bueno,2,FORD,AZUL,2,,40,MASCULINO,SIN DATOS,0,0,Morelia,Felix Ireta,junio,lunes,15,-101.195706725121,19.6815508138658
15113,15113,2018,HCL139B,2018/06/04,16:00:00,COLISIÓN POR CORTE DE CIRCULACIÓN,ASFALTO,Bueno,Bueno,2,NISSAN,GRIS,2,,28,FEMENINO,SIN DATOS,0,0,Morelia,Loma Bonita,junio,lunes,16,-101.196862757206,19.7191361184733
15114,15114,2018,"180584644",2018/06/04,16:14:00,COLISIÓN POR ALCANCE,ASFALTO,Bueno,Bueno,2,VOLKSWAGEN,NEGRO,2,,16,MASCULINO,SIN DATOS,0,0,Morelia,Villas Lomas del Paraiso,junio,lunes,16,-101.172065734863,19.671120110635
15115,15115,2018,,2018/06/04,16:30:00,COLISIÓN CON PEATÓN,CONCRETO,Bueno,Regular,2,FORD,GUINDA,3,MINISTERIO PÚBLICO,50,,SIN DATOS,1,0,Sahuayo,Lindavista,junio,lunes,17,-102.724576592445,20.0508114453317
15116,15116,2018,"180496753",2018/06/04,16:30:00,COLISIÓN POR INVASIÓN DE CARRIL,ASFALTO,Bueno,Bueno,2,FORD,BLANCO,2,,32,MASCULINO,SIN DATOS,0,0,Charo,Sin datos,junio,lunes,17,-101.056237220764,19.7471148171691
15117,15117,2018,"18001235",2018/06/04,16:45:00,COLISIÓN POR MANIOBRA DE REVERSA,CONCRETO,Bueno,Bueno,2,CHRYSLER,BLANCO,2,,56,MASCULINO,SIN DATOS,0,0,Morelia,Pascual Ortiz de Ayala,junio,lunes,17,-101.150763630867,19.6956526507923
15118,15118,2018,,2018/06/04,17:00:00,VOLCADURA,ASFALTO,Bueno,Bueno,1,INTERNACIONAL,ROJO,1,,42,MASCULINO,SIN DATOS,0,0,La Piedad,Centro,junio,lunes,17,-102.024628,20.338564
15119,15119,2018,,2018/06/04,17:00:00,VOLCADURA,ASFALTO,Bueno,Bueno,1,INTERNACIONAL,ROJO,1,,42,MASCULINO,SIN DATOS,0,0,Penjamillo,Centro,junio,lunes,17,-101.932964,20.103274
15120,15120,2018,"180584502",2018/06/04,17:45:00,COLISIÓN POR INVASIÓN DE CARRIL,ASFALTO,Bueno,Bueno,2,CHEVROLET,NEGRO,2,,0,MASCULINO,SIN DATOS,0,0,Morelia,Loma de Los Piñones,junio,lunes,18,-101.206086874008,19.6735952542009
15121,15121,2018,,2018/06/04,20:20:00,COLISIÓN POR CORTE DE CIRCULACIÓN,ADOQUIN_EMPEDRADO,Bueno,Bueno,2,NISSAN,BLANCO,1,,44,MASCULINO,SIN DATOS,0,0,Morelia,La Huerta,junio,lunes,20,-101.232957243919,19.6551368349273
15122,15122,2018,"180585062",2018/06/04,20:25:00,COLISIÓN POR CAMBIO DE CARRIL,ASFALTO,Bueno,Bueno,2,HONDA,ACERO,2,MINISTERIO PÚBLICO,,FEMENINO,SIN DATOS,0,0,Morelia,Morelia 450,junio,lunes,20,-101.21713757515,19.6756359560616
15123,15123,2018,"180584971",2018/06/04,20:35:00,COLISIÓN POR ALCANCE,CONCRETO,Bueno,Bueno,2,TOYOTA,CREMA,2,,65,MASCULINO,SIN DATOS,0,0,Morelia,Quinceo,junio,lunes,21,-101.226949766278,19.7283568554416
15124,15124,2018,"180585472",2018/06/04,23:16:00,SUBIDA AL CAMELLÓN,ASFALTO,Bueno,Bueno,1,CHEVROLET,ROJO,1,,43,MASCULINO,CON CERTIFICADO,0,0,Morelia,Arcos del Valle,junio,lunes,23,-101.232501268387,19.7029303693027
15125,15125,2018,"180585519",2018/06/04,23:40:00,COLISIÓN POR ALCANCE,ASFALTO,Bueno,Bueno,2,CHRYSLER,NEGRO,2,,28,MASCULINO,SIN DATOS,0,0,Morelia,Emiliano Zapata,junio,lunes,0,-101.21572136879,19.7153133459117
15127,15127,2018,"180585641",2018/06/05,"00:50:00",COLISIÓN POR CAMBIO DE CARRIL,CONCRETO,Bueno,Bueno,2,FORD,AZUL,2,,39,MASCULINO,SIN DATOS,0,0,Morelia,Libertad,junio,martes,1,-101.236932277679,19.6848693019817
15128,15128,2018,"180586104",2018/06/05,"09:33:00",COLISIÓN POR ALCANCE,CONCRETO,Bueno,Bueno,3,NISSAN,ROJO,3,,29,FEMENINO,SIN DATOS,0,0,Morelia,Vasco de Quiroga,junio,martes,10,-101.170885562897,19.6972839794175
15129,15129,2018,"180586500",2018/06/05,11:10:00,COLISIÓN POR ALCANCE,ASFALTO,Bueno,Bueno,2,NISSAN,AZUL,2,,61,MASCULINO,SIN DATOS,0,0,Morelia,Centro,junio,martes,11,-101.185755059123,19.7029114304926
15130,15130,2018,"180586434",2018/06/05,11:10:00,COLISIÓN POR CORTE DE CIRCULACIÓN,ASFALTO,Bueno,Regular,2,ITALIKA,BLANCO,2,,57,MASCULINO,SIN DATOS,0,0,Morelia,Nueva Valladolid,junio,martes,11,-101.207959055901,19.701117283713
15131,15131,2018,"180587213",2018/06/05,14:36:00,COLISIÓN POR ALCANCE,ASFALTO,Bueno,Bueno,2,VOLKSWAGEN,BLANCO,2,,30,MASCULINO,SIN DATOS,0,0,Morelia,Las Americas,junio,martes,15,-101.158998012543,19.6881725688944
15132,15132,2018,"180587647",2018/06/05,15:45:00,COLISIÓN POR CORTE DE CIRCULACIÓN,CONCRETO,Bueno,Bueno,2,BAJAJ,ROJO,2,MINISTERIO PÚBLICO,29,MASCULINO,SIN DATOS,0,0,Morelia,Indeco Expropiacion Petrolera,junio,martes,16,-101.225726008415,19.6835004971021
15133,15133,2018,"180587993",2018/06/05,17:15:00,COLISIÓN POR CORTE DE CIRCULACIÓN,ASFALTO,Bueno,Bueno,2,TOYOTA,PLATA,2,,68,MASCULINO,SIN DATOS,0,0,Morelia,Chapultepec Sur,junio,martes,17,-101.177140474319,19.6920515476311
15134,15134,2018,"180588281",2018/06/05,18:20:00,COLISIÓN POR CORTE DE CIRCULACIÓN,ASFALTO,Bueno,Bueno,3,KENWORTH,BLANCO,1,MINISTERIO PÚBLICO,41,MASCULINO,SIN DATOS,0,0,Morelia,Sin datos,junio,martes,18,-101.264985501766,19.6400967549316
15135,15135,2018,"180588858",2018/06/05,20:00:00,COLISIÓN POR MANIOBRA DE REVERSA,ASFALTO,Bueno,Bueno,2,PLYMOUTH,BLANCO,2,,16,MASCULINO,SIN DATOS,0,0,Morelia,Santiaguito,junio,martes,20,-101.190894842148,19.7157981411522
15136,15136,2018,,2018/06/05,20:00:00,COLISIÓN CON PEATÓN,ASFALTO,Bueno,Bueno,1,FORD,NEGRO,1,,53,MASCULINO,SIN DATOS,0,0,Cuitzeo,La Concepcion,junio,martes,20,-101.146348714829,19.970979142548
15137,15137,2018,"180589229",2018/06/05,21:35:00,COLISIÓN POR ALCANCE,ASFALTO,Bueno,Bueno,3,SIN DATOS,SIN DATOS,2,MINISTERIO PÚBLICO,44,MASCULINO,SIN DATOS,0,0,Morelia,Agustin Arriaga Rivera,junio,martes,22,-101.224282979965,19.691364651994
15138,15138,2018,"180589287",2018/06/05,21:54:00,COLISIÓN POR INVASIÓN DE CARRIL,ASFALTO,Bueno,Bueno,2,CHEVROLET,BLANCO,2,,25,MASCULINO,SIN DATOS,0,0,Morelia,Chapultepec Sur,junio,martes,22,-101.174924969673,19.6909353407242
15139,15139,2018,"180589272",2018/06/05,22:30:00,SALIDA DE SUPERFICIE DE RODAMIENTO,ASFALTO,Bueno,Bueno,2,SIN DATOS,SIN DATOS,2,MINISTERIO PÚBLICO,24,FEMENINO,SIN DATOS,1,0,Morelia,Villas del Real,junio,martes,23,-101.199059486389,19.7332447411676
15140,15140,2018,"1803244222",2018/06/06,"03:50:00",COLISIÓN CONTRA OBJETO FIJO,CONCRETO,Bueno,Bueno,1,NISSAN,GRIS,1,,23,FEMENINO,SIN DATOS,0,0,Morelia,Industrial,junio,miércoles,4,-101.194008886814,19.7073089620289
15141,15141,2018,"180195307",2018/06/06,"07:45:00",COLISIÓN POR ALCANCE,ASFALTO,Bueno,Bueno,2,CHEVROLET,BLANCO Y AZUL,4,,51,MASCULINO,SIN DATOS,2,0,Morelia,Centro,junio,miércoles,8,-101.196318268776,19.6971930699006
15142,15142,2018,"180589802",2018/06/06,"08:00:00",COLISIÓN POR CORTE DE CIRCULACIÓN,CONCRETO,Bueno,Bueno,2,NISSAN,BLANCO Y VERDE,2,,69,MASCULINO,SIN DATOS,0,0,Morelia,Infonavit Colonial Universidad,junio,miércoles,8,-101.204991862178,19.6864451809348
15143,15143,2018,"18589888",2018/06/06,"08:40:00",COLISIÓN POR ALCANCE,ASFALTO,Bueno,Bueno,3,TOYOTA,GRIS,3,,52,FEMENINO,SIN DATOS,0,0,Morelia,Ferrocarrilero,junio,miércoles,9,-101.217513084412,19.6976577179999
15144,15144,2018,"180951374",2018/06/06,"09:00:00",COLISIÓN POR ALCANCE,ASFALTO,Bueno,Bueno,2,FORD,ROJO,2,,41,MASCULINO,SIN DATOS,0,0,Morelia,Valle de Las Flores,junio,miércoles,9,-101.133999824524,19.6870411823947
15145,15145,2018,,2018/06/06,10:45:00,SALIDA DE SUPERFICIE DE RODAMIENTO,ASFALTO,Bueno,Bueno,1,FORD,NEGRO,1,,47,MASCULINO,SIN DATOS,0,0,Cuitzeo,Los Granados,junio,miércoles,11,-101.140308380127,19.9751638081543
15146,15146,2018,"180590510",2018/06/06,11:30:00,COLISIÓN POR ALCANCE,ASFALTO,Bueno,Bueno,2,FORD,VERDE,2,MINISTERIO PÚBLICO,36,MASCULINO,SIN DATOS,0,0,Morelia,Arkos San Pedro,junio,miércoles,12,-101.285378336906,19.6327782889914
15147,15147,2018,"180581405",2018/06/06,16:27:00,COLISIÓN POR CORTE DE CIRCULACIÓN,CONCRETO,Bueno,Bueno,2,MERCEDES BENZ,BLANCO,2,,40,MASCULINO,SIN DATOS,0,0,Morelia,Ciudad Jardin,junio,miércoles,16,-101.25315964222,19.7006172927079
15148,15148,2018,,2018/06/06,17:35:00,COLISIÓN POR ALCANCE,ASFALTO,Bueno,Bueno,2,FORD,ROJO,2,,75,MASCULINO,SIN DATOS,0,0,Apatzingán,Bonifacio Moreno,junio,miércoles,18,-102.353954315186,19.0915430626574
15149,15149,2018,"180597953",2018/06/06,19:00:00,COLISIÓN POR NO RESPETAR SEMÁFORO,ASFALTO,Bueno,Bueno,2,CHEVROLET,BLANCO,2,MINISTERIO PÚBLICO,52,FEMENINO,SIN DATOS,0,0,Morelia,Arboledas de La Huerta,junio,miércoles,19,-101.223564147949,19.6685135916003
15150,15150,2018,"180584507",2018/06/06,21:59:00,COLISIÓN POR CORTE DE CIRCULACIÓN,ASFALTO,Bueno,Bueno,1,PEUGEOT,GRIS,1,,23,FEMENINO,SIN DATOS,0,0,Morelia,Nueva Valladolid,junio,miércoles,22,-101.207937598228,19.7011273845252
15151,15151,2018,,2018/06/07,"00:00:00",COLISIÓN CON PEATÓN,ASFALTO,Bueno,Bueno,1,HONDA,NARANJA,1,,20,MASCULINO,SIN DATOS,0,0,Acuitzio,Centro,junio,jueves,0,-101.332300901413,19.4948424513659
15152,15152,2018,"180593240",2018/06/07,"04:26:00",COLISIÓN POR MANIOBRA DE REVERSA,ASFALTO,Bueno,Bueno,2,NISSAN,BLANCO,2,,,MASCULINO,CON CERTIFICADO,0,0,Morelia,Camelinas,junio,jueves,4,-101.171753928065,19.6820262407548
15153,15153,2018,"180593259",2018/06/07,"05:40:00",COLISIÓN POR CORTE DE CIRCULACIÓN,SIN_DATOS,Bueno,Bueno,1,VOLKSWAGEN,BLANCO,1,,,MASCULINO,SIN DATOS,0,0,Morelia,Josefa Ortiz de Dominguez,junio,jueves,6,-101.209155321121,19.6720899673624
15154,15154,2018,"18023413",2018/06/07,"06:50:00",COLISIÓN POR CORTE DE CIRCULACIÓN,ADOQUIN_EMPEDRADO,Bueno,Bueno,2,VOLKSWAGEN,GUINDA,1,,47,,SIN DATOS,0,0,Morelia,Villas del Pedregal,junio,jueves,7,-101.303456425667,19.6845965521272
15155,15155,2018,,2018/06/07,"07:05:00",COLISIÓN POR INVASIÓN DE CARRIL,ASFALTO,Bueno,Bueno,2,NISSAN,GRIS/BEIGE,2,,36,,SIN DATOS,0,0,Zinapécuaro,Sin datos,junio,jueves,7,-100.823893547058,19.8214584543442
15156,15156,2018,"180593355",2018/06/07,"07:30:00",COLISIÓN POR CORTE DE CIRCULACIÓN,ASFALTO,Nublado,Regular,2,FORD,PLATA,2,,44,MASCULINO,SIN DATOS,0,0,Morelia,Alberto Oviedo Mota,junio,jueves,8,-101.195840835571,19.6825458624206
15157,15157,2018,,2018/06/07,10:30:00,COLISIÓN POR ALCANCE,ASFALTO,Bueno,Bueno,2,DODGE,BLANCO,3,,64,MASCULINO,SIN DATOS,1,0,Cotija,El Llano,junio,jueves,11,-102.694798707962,19.8084780773947
15159,15159,2018,,2018/06/07,14:30:00,COLISIÓN POR MANIOBRA DE REVERSA,ASFALTO,Bueno,Bueno,2,NISSAN,BLANCO Y CAFE,2,,,MASCULINO,SIN DATOS,0,0,Morelia,Exhacienda del Quinceo,junio,jueves,15,-101.234620213509,19.7294627021823
15160,15160,2018,"180594936",2018/06/07,15:30:00,COLISIÓN POR ALCANCE,CONCRETO,Bueno,Bueno,2,CHEVROLET,PLATA,2,,42,MASCULINO,SIN DATOS,0,0,Morelia,Morelia 450,junio,jueves,16,-101.214637756348,19.6744943785204
15161,15161,2018,"180595030",2018/06/07,16:00:00,COLISIÓN POR ALCANCE,ASFALTO,Bueno,Bueno,2,RENAULT,ARENA,2,,31,MASCULINO,SIN DATOS,0,0,Morelia,La Huerta,junio,jueves,16,-101.214777231216,19.674292328551
15162,15162,2018,"180595345",2018/06/07,17:25:00,COLISIÓN POR CORTE DE CIRCULACIÓN,ASFALTO,Bueno,Bueno,2,CHEVROLET,BLANCO Y AZUL,2,,30,MASCULINO,SIN DATOS,0,0,Morelia,Junta de Jaujilla,junio,jueves,17,-101.22584939003,19.6914555648211
15163,15163,2018,"180595292",2018/06/07,17:45:00,COLISIÓN POR CORTE DE CIRCULACIÓN,ASFALTO,Bueno,Bueno,2,SUZUKI,GRIS,2,,24,MASCULINO,SIN DATOS,0,0,Morelia,Antonio Alzate,junio,jueves,18,-101.14909529686,19.7023950314054
15164,15164,2018,,2018/06/07,17:45:00,COLISIÓN POR CORTE DE CIRCULACIÓN,ASFALTO,Bueno,Bueno,2,DODGE,GUINDA,2,,32,FEMENINO,SIN DATOS,0,0,Buenavista,El Hospital,junio,jueves,18,-102.585654258728,19.230405393678
15165,15165,2018,"180595435",2018/06/07,17:50:00,COLISIÓN POR ALCANCE,ASFALTO,Bueno,Bueno,2,NISSAN,AMARILLO,2,,28,MASCULINO,SIN DATOS,0,0,Morelia,El Realito,junio,jueves,18,-101.203694343567,19.7257159210728
15166,15166,2018,"180596093",2018/06/07,20:00:00,COLISIÓN POR ALCANCE,CONCRETO,Bueno,Bueno,2,MAZDA,ROJO,2,,20,MASCULINO,SIN DATOS,0,0,Morelia,Lomas de Hidalgo,junio,jueves,20,-101.162130832672,19.6960314437509
15167,15167,2018,"180596479",2018/06/07,20:15:00,COLISIÓN POR ALCANCE,ASFALTO,Bueno,Bueno,2,VOLKSWAGEN,PLATA,2,,43,FEMENINO,SIN DATOS,0,0,Morelia,Las Americas,junio,jueves,20,-101.158976554871,19.688111959106
15168,15168,2018,"180596201",2018/06/07,20:35:00,COLISIÓN POR ALCANCE,ASFALTO,Bueno,Bueno,2,LINCOLN,BLANCO,2,,25,MASCULINO,SIN DATOS,0,0,Morelia,Loma Bonita,junio,jueves,21,-101.196983456612,19.7187523303758
15169,15169,2018,,2018/06/07,20:45:00,COLISIÓN POR INVASIÓN DE CARRIL,ASFALTO,Bueno,Bueno,2,VOLKSWAGEN,PLATA,0,MINISTERIO PÚBLICO,,,,0,0,Morelia,Sin datos,junio,jueves,21,-101.409430503845,19.6448913439513
15170,15170,2018,,2018/06/07,21:30:00,SALIDA DE SUPERFICIE DE RODAMIENTO,ASFALTO,Bueno,Regular,1,MITSUBISHI,BLANCO,1,,24,MASCULINO,SIN DATOS,0,0,Cuitzeo,El Embarcadero,junio,jueves,22,-101.135759353638,19.9585858308017
15171,15171,2018,"180596174",2018/06/07,21:35:00,COLISIÓN POR INVASIÓN DE CARRIL,ASFALTO,Bueno,Bueno,2,NISSAN,BLANCO,2,,28,MASCULINO,ALIENTO ETÍLICO,0,0,Morelia,Sin datos,junio,jueves,22,-101.357178390026,19.6700189120277
15172,15172,2018,"180596552",2018/06/07,22:35:00,COLISIÓN POR CAMBIO DE CARRIL,ASFALTO,Bueno,Bueno,2,NISSAN,BLANCO Y GRIS,2,,25,MASCULINO,SIN DATOS,0,0,Morelia,El Lago 2,junio,jueves,23,-101.212009191513,19.7264127684151
15173,15173,2018,,2018/06/07,23:15:00,COLISIÓN CONTRA OBJETO FIJO,ASFALTO,Bueno,Bueno,1,MAZDA,BLANCO,1,,55,MASCULINO,SIN DATOS,0,0,Pátzcuaro,Centro,junio,jueves,23,-101.607420444489,19.5261718714625
15174,15174,2018,"180597007",2018/06/08,"04:30:00",COLISIÓN POR ALCANCE,ASFALTO,Bueno,Regular,2,CHEVROLET,ROJO,4,,26,MASCULINO,ALIENTO ETÍLICO,2,0,Morelia,Campestre Los Manantiales,junio,viernes,5,-101.238327026367,19.6881927721521
15175,15175,2018,"180597044",2018/06/08,"05:45:00",COLISIÓN POR CORTE DE CIRCULACIÓN,ASFALTO,Bueno,Regular,2,SIN DATOS,SIN DATOS,2,,0,,SIN DATOS,0,0,Morelia,Lomas del Tecnologico,junio,viernes,6,-101.18838429451,19.7212721853897
15176,15176,2018,"180597202",2018/06/08,"08:20:00",COLISIÓN POR CORTE DE CIRCULACIÓN,ASFALTO,Bueno,Bueno,2,VOLVO,BLANCO,2,,30,MASCULINO,SIN DATOS,0,0,Morelia,Chapultepec Sur,junio,viernes,8,-101.165800094605,19.6890615098219
15177,15177,2018,,2018/06/08,"09:15:00",COLISIÓN POR CORTE DE CIRCULACIÓN,ASFALTO,Bueno,Bueno,2,RENAULT,ROJO,2,,38,FEMENINO,SIN DATOS,0,0,Morelia,Felix Ireta,junio,viernes,9,-101.188303828239,19.6851319495507
15178,15178,2018,"180597293",2018/06/08,"09:20:00",COLISIÓN POR ALCANCE,ASFALTO,Bueno,Bueno,2,CHEVROLET,BLANCO,2,,35,MASCULINO,SIN DATOS,0,0,Morelia,Sin datos,junio,viernes,9,-101.277294158936,19.6276523854074
15179,15179,2018,,2018/06/08,"09:30:00",COLISIÓN CON PEATÓN,SIN_DATOS,Bueno,Bueno,2,TOYOTA,AZUL,2,MINISTERIO PÚBLICO,0,MASCULINO,SIN DATOS,0,1,Ario,Sin datos,junio,viernes,10,-101.722583770752,19.2104274535635
15180,15180,2018,"180597529",2018/06/08,10:55:00,COLISIÓN POR CORTE DE CIRCULACIÓN,ASFALTO,Bueno,Bueno,2,SIN DATOS,SIN DATOS,1,,39,MASCULINO,SIN DATOS,0,0,Morelia,Lomas del Tecnologico,junio,viernes,11,-101.196269989014,19.7244131113684
15181,15181,2018,"180597617",2018/06/08,11:20:00,COLISIÓN POR ALCANCE,ASFALTO,Bueno,Bueno,2,NISSAN,BLANCO,2,,,MASCULINO,SIN DATOS,0,0,Morelia,Sin datos,junio,viernes,11,-101.263389587402,19.6396369922962
15182,15182,2018,"180597716",2018/06/08,12:00:00,COLISIÓN POR ALCANCE,ASFALTO,Bueno,Bueno,2,FORD,GRIS,2,,67,MASCULINO,SIN DATOS,0,0,Morelia,Arcos del Valle,junio,viernes,12,-101.236267089844,19.707707928188
15183,15183,2018,,2018/06/08,13:00:00,SALIDA DE SUPERFICIE DE RODAMIENTO,ASFALTO,Bueno,Bueno,1,MAZDA,BLANCO,1,,51,MASCULINO,SIN DATOS,0,0,Morelia,Sin datos,junio,viernes,13,-101.127390861511,19.7141316513546
15184,15184,2018,"180589022",2018/06/08,13:28:00,COLISIÓN POR ALCANCE,ASFALTO,Bueno,Bueno,2,KENWORTH,BLANCO/AZUL,2,,,MASCULINO,SIN DATOS,0,0,Morelia,Campestre Los Manantiales,junio,viernes,13,-101.238412857056,19.6884049062041
15185,15185,2018,"180598261",2018/06/08,13:50:00,COLISIÓN POR INVASIÓN DE CARRIL,ASFALTO,Bueno,Bueno,2,VOLKSWAGEN,GRIS,2,MINISTERIO PÚBLICO,,MASCULINO,SIN DATOS,0,0,Tarímbaro,Campestre,junio,viernes,14,-101.162624359131,19.7974954071434
15186,15186,2018,,2018/06/08,15:45:00,SALIDA DE SUPERFICIE DE RODAMIENTO,ASFALTO,Bueno,Bueno,1,NISSAN,GRIS,0,,,,,0,0,Morelia,Sin datos,junio,viernes,16,-101.264942586422,19.6401043334255
15187,15187,2018,"180598754",2018/06/08,16:05:00,COLISIÓN POR CORTE DE CIRCULACIÓN,ASFALTO,Bueno,Bueno,2,SUZUKI,ROJO,2,,19,MASCULINO,SIN DATOS,0,0,Morelia,Cuauhtemoc,junio,viernes,16,-101.179221868515,19.6936576597506
15188,15188,2018,,2018/06/08,16:10:00,COLISIÓN CONTRA OBJETO FIJO,ASFALTO,Bueno,Bueno,1,HONDA,ROJO,1,,,MASCULINO,SIN DATOS,0,0,Morelia,Ejidal Ocolusen,junio,viernes,16,-101.15892291069,19.6878796213713
15189,15189,2018,"180598735",2018/06/08,16:16:00,COLISIÓN POR CORTE DE CIRCULACIÓN,ASFALTO,Bueno,Bueno,2,CHEVROLET,ROJO,2,MINISTERIO PÚBLICO,25,MASCULINO,SIN DATOS,0,0,Morelia,Lomas de La Maestranza,junio,viernes,16,-101.331646442413,19.6845157372662
15190,15190,2018,"180599359",2018/06/08,16:35:00,COLISIÓN POR CORTE DE CIRCULACIÓN,ASFALTO,Bueno,Bueno,1,FREIGHTLINER,BLANCO,1,,,MASCULINO,SIN DATOS,0,0,Morelia,Tlalpujahua,junio,viernes,17,-101.218800544739,19.6765956830998
15191,15191,2018,"180002143",2018/06/08,16:40:00,COLISIÓN POR ALCANCE,ASFALTO,Bueno,Bueno,2,NISSAN,VERDE,2,,28,FEMENINO,SIN DATOS,0,0,Morelia,Francisco J Mujica,junio,viernes,17,-101.185466051102,19.7241606276389
15192,15192,2018,"180599206",2018/06/08,17:30:00,COLISIÓN CONTRA OBJETO FIJO,CONCRETO,Bueno,Bueno,1,KENWORTH,BLANCO,1,,35,MASCULINO,SIN DATOS,0,0,Morelia,Felicitas del Rio,junio,viernes,18,-101.195390224457,19.6921323586887
15193,15193,2018,"180599034",2018/06/08,18:00:00,COLISIÓN POR INVASIÓN DE CARRIL,ASFALTO,Bueno,Bueno,2,ITALIKA,GUINDA,0,MINISTERIO PÚBLICO,,,,0,0,Morelia,Ciudad Industrial,junio,viernes,18,-101.14550113678,19.7232213846631
15194,15194,2018,LEG15767,2018/06/08,18:04:00,COLISIÓN POR ALCANCE,ASFALTO,Bueno,Bueno,2,CHEVROLET,BLANCO,2,,52,MASCULINO,SIN DATOS,0,0,Morelia,Industrial,junio,viernes,18,-101.197900772095,19.706950396657
15195,15195,2018,,2018/06/08,19:30:00,COLISIÓN CONTRA OBJETO FIJO,ASFALTO,Lluvioso,Malo,1,VOLKSWAGEN,AZUL,1,,38,MASCULINO,SIN DATOS,0,0,Pátzcuaro,Centro,junio,viernes,20,-101.613836288452,19.5376483670323
15196,15196,2018,,2018/06/08,19:55:00,VOLCADURA,ASFALTO,Bueno,Bueno,1,HONDA,BLANCO,1,MINISTERIO PÚBLICO,0,,SIN DATOS,0,0,Zacapu,Zacapu,junio,viernes,20,-101.76944732666,19.8522195305112
15197,15197,2018,"180599720",2018/06/08,20:25:00,COLISIÓN POR CAMBIO DE CARRIL,ASFALTO,Bueno,Bueno,2,FREIGHTLINER,BLANCO/MORADO,2,,28,MASCULINO,SIN DATOS,0,0,Morelia,Elias Perez Avalos,junio,viernes,20,-101.165413856506,19.7103946110913
15198,15198,2018,,2018/06/08,20:45:00,COLISIÓN POR CORTE DE CIRCULACIÓN,CONCRETO,Bueno,Regular,2,NISSAN,GRIS,4,MINISTERIO PÚBLICO,20,MASCULINO,SIN DATOS,2,0,Sahuayo,Prados Verdes,junio,viernes,21,-102.719829082489,20.0428088727578