fid,id_accidente,anio_origen,folio_c5i,dia_incidente,hora_ocurrencia,tipo_incidente_vial,superficie_ocurrencia,condiciones_climaticas,condiciones_via,numero_vehiculos_involucrados,marca_vehiculo_ocasiona_siniestro,color_vehiculo_ocasiona_siniestro,numero_personas_involucradas,lugar_remite_presunto_responsable,edad_presunto_responsable,sexo_presunto_responsable,resultados_toxicologia,numero_personas_lesionadas,numero_personas_fallecidas,municipio,colonia,mes,dia_semana,hora_redondeada,lon,lat
15199,15199,2018,,2018/06/08,21:30:00,COLISIÓN POR CAMBIO DE CARRIL,ASFALTO,Bueno,Bueno,2,TOYOTA,GRIS,2,,39,MASCULINO,SIN DATOS,0,0,Morelia,El Eden,junio,viernes,22,-101.247510910034,19.6491149096204
15200,15200,2018,,2018/06/09,"00:10:00",COLISIÓN CONTRA OBJETO FIJO,ASFALTO,Lluvioso,Bueno,1,DODGE,GRIS,1,,24,MASCULINO,ALIENTO ETÍLICO,0,0,Morelia,Sin datos,junio,sábado,0,-101.175026893616,19.7448326741613
15201,15201,2018,"180600533",2018/06/09,"01:25:00",SUBIDA AL CAMELLÓN,ASFALTO,Lluvioso,Regular,1,NISSAN,GRIS,1,,24,MASCULINO,CON CERTIFICADO,0,0,Morelia,Ana Maria Gallaga (Riviera Norte),junio,sábado,1,-101.219594478607,19.6771816188865
15202,15202,2018,,2018/06/09,"05:15:00",COLISIÓN CON PEATÓN,ASFALTO,Bueno,Bueno,1,KIA,NEGRO,1,,28,FEMENINO,SIN DATOS,0,0,Morelia,Sin datos,junio,sábado,5,-101.140995025635,19.7139498514169
15203,15203,2018,"180600784",2018/06/09,"06:04:00",COLISIÓN CONTRA OBJETO FIJO,ASFALTO,Bueno,Bueno,2,NISSAN,NEGRO,2,,,MASCULINO,SIN DATOS,0,0,Morelia,Arcos del Valle,junio,sábado,6,-101.235537528992,19.7058267182785
15204,15204,2018,"180600720",2018/06/09,"06:10:00",SALIDA DE SUPERFICIE DE RODAMIENTO,ASFALTO,Bueno,Bueno,1,CHEVROLET,NEGRO,1,,21,MASCULINO,SIN DATOS,0,0,Morelia,Felix Ireta,junio,sábado,6,-101.194746494293,19.6820710684498
15205,15205,2018,"180600780",2018/06/09,"06:35:00",COLISIÓN POR CORTE DE CIRCULACIÓN,ASFALTO,Bueno,Bueno,2,NISSAN,BLANCO,2,,28,MASCULINO,CON CERTIFICADO,0,0,Morelia,Lazaro Cardenas,junio,sábado,7,-101.165338754654,19.7102734083234
15206,15206,2018,"180600952",2018/06/09,"08:30:00",COLISIÓN CONTRA OBJETO FIJO,ASFALTO,Bueno,Bueno,1,NISSAN,ROJO,1,,33,MASCULINO,ALIENTO ETÍLICO,0,0,Morelia,Rafael Carrillo,junio,sábado,9,-101.236460208893,19.70799073904
15207,15207,2018,"180601104",2018/06/09,"09:30:00",SUBIDA AL CAMELLÓN,ASFALTO,Bueno,Bueno,1,CHEVROLET,ROJO,1,,24,MASCULINO,SIN DATOS,0,0,Morelia,Sin datos,junio,sábado,10,-101.135351657867,19.7299272565209
15208,15208,2018,"180601135",2018/06/09,10:10:00,COLISIÓN POR ALCANCE,ASFALTO,Bueno,Bueno,2,NISSAN,BLANCO,2,,19,MASCULINO,SIN DATOS,0,0,Morelia,San Pascual,junio,sábado,10,-101.267327070236,19.6952688063464
15209,15209,2018,,2018/06/09,12:00:00,VOLCADURA,ASFALTO,Bueno,Bueno,1,GMC,GUINDA,1,MINISTERIO PÚBLICO,46,MASCULINO,SIN DATOS,0,0,Zacapu,Zacapu,junio,sábado,12,-101.769232749939,19.8511296729512
15210,15210,2018,,2018/06/09,12:10:00,COLISIÓN POR MANIOBRA DE REVERSA,ADOQUIN_EMPEDRADO,Bueno,Bueno,2,CHEVROLET,BLANCO,2,,32,MASCULINO,CON CERTIFICADO,0,0,Pátzcuaro,Centro,junio,sábado,12,-101.613847017288,19.5375674782875
15211,15211,2018,,2018/06/09,15:20:00,COLISIÓN POR ALCANCE,ASFALTO,Bueno,Bueno,3,FORD,CREMA,3,,27,MASCULINO,SIN DATOS,0,0,Morelia,Las Americas,junio,sábado,15,-101.158998012543,19.6880715525677
15212,15212,2018,"180602434",2018/06/09,15:40:00,SALIDA DE SUPERFICIE DE RODAMIENTO,ASFALTO,Bueno,Bueno,1,GENERAL MOTORS,BLANCO,1,,33,MASCULINO,SIN DATOS,0,0,Morelia,Ciudad Industrial,junio,sábado,16,-101.137068271637,19.7292203254695
15213,15213,2018,"180602627",2018/06/09,15:50:00,COLISIÓN POR ALCANCE,ASFALTO,Bueno,Regular,2,NISSAN,CREMA,2,,42,MASCULINO,SIN DATOS,0,0,Morelia,Alberto Oviedo Mota,junio,sábado,16,-101.202251315117,19.6771917212088
15214,15214,2018,,2018/06/09,16:55:00,COLISIÓN POR ALCANCE,ASFALTO,Bueno,Bueno,2,NISSAN,ROJO,2,MINISTERIO PÚBLICO,0,,SIN DATOS,0,0,Zacapu,Naranja de Tapia,junio,sábado,17,-101.764812469482,19.7814036192509
15215,15215,2018,"180603050",2018/06/09,17:50:00,COLISIÓN POR CORTE DE CIRCULACIÓN,ASFALTO,Bueno,Bueno,2,NISSAN,PLATA,2,,44,MASCULINO,CON CERTIFICADO,0,0,Morelia,Los Angeles,junio,sábado,18,-101.176695227623,19.7413109403437
15216,15216,2018,,2018/06/09,18:00:00,COLISIÓN POR CORTE DE CIRCULACIÓN,ASFALTO,Bueno,Bueno,2,NISSAN,PLATA,0,,,,,0,0,Álvaro Obregón,16 de Mayo,junio,sábado,18,-101.030745506287,19.8259599549932
15217,15217,2018,"180603278",2018/06/09,18:05:00,COLISIÓN POR ALCANCE,ASFALTO,Bueno,Bueno,2,DODGE,GRIS,2,,67,MASCULINO,SIN DATOS,0,0,Morelia,Rafael Carrillo,junio,sábado,18,-101.236591637135,19.7076321751964
15218,15218,2018,"180602964",2018/06/09,18:10:00,COLISIÓN POR CORTE DE CIRCULACIÓN,ASFALTO,Bueno,Bueno,2,DODGE,BLANCO,2,,33,MASCULINO,SIN DATOS,0,0,Morelia,Centro,junio,sábado,18,-101.18579864502,19.6985062023523
15219,15219,2018,"18603385",2018/06/09,19:10:00,COLISIÓN POR ALCANCE,CONCRETO,Bueno,Bueno,2,MERCEDEZ BENZ,PLATA,2,,29,MASCULINO,SIN DATOS,0,0,Morelia,Camelinas,junio,sábado,19,-101.174222230911,19.6818942831011
15220,15220,2018,"180603466",2018/06/09,19:20:00,COLISIÓN CONTRA OBJETO FIJO,ASFALTO,Nublado,Bueno,2,SEAT,PLATA,2,,52,FEMENINO,SIN DATOS,0,0,Morelia,Centro,junio,sábado,19,-101.201867759228,19.7043621368583
15221,15221,2018,,2018/06/09,20:40:00,COLISIÓN POR ALCANCE,ASFALTO,Bueno,Bueno,2,FORD,GRIS,2,MINISTERIO PÚBLICO,0,FEMENINO,SIN DATOS,0,0,Panindícuaro,Centro,junio,sábado,21,-101.760317087173,19.9825136698431
15222,15222,2018,,2018/06/09,21:00:00,COLISIÓN POR CORTE DE CIRCULACIÓN,CONCRETO,Bueno,Bueno,2,DODGE RAM,ROJO,3,,64,MASCULINO,SIN DATOS,1,0,Apatzingán,Benito Juarez,junio,sábado,21,-102.351379394531,19.0903669669559
15223,15223,2018,"18603940",2018/06/09,22:00:00,COLISIÓN CONTRA OBJETO FIJO,ASFALTO,Bueno,Bueno,1,FORD,VERDE,1,,21,MASCULINO,SIN DATOS,0,0,Morelia,Prados Verdes,junio,sábado,22,-101.197417974472,19.7136468510613
15224,15224,2018,"180603974",2018/06/09,22:10:00,COLISIÓN POR INVASIÓN DE CARRIL,CONCRETO,Bueno,Bueno,5,NISSAN,BLANCO,5,,19,MASCULINO,SIN DATOS,0,0,Morelia,Agustin Arriaga Rivera,junio,sábado,22,-101.224551200867,19.6913040434139
15225,15225,2018,"180604430",2018/06/10,"01:25:00",SUBIDA AL CAMELLÓN,CONCRETO,Bueno,Bueno,1,NISSAN,BLANCO/ROJO,1,,69,MASCULINO,CON CERTIFICADO,0,0,Morelia,Felix Ireta,junio,domingo,1,-101.181453466415,19.6814750484942
15226,15226,2018,"180600636",2018/06/10,"01:39:00",SALIDA DE SUPERFICIE DE RODAMIENTO,ASFALTO,Bueno,Bueno,1,TOYOTA,GRIS,1,,25,MASCULINO,SIN DATOS,0,0,Morelia,Isaac Arriaga,junio,domingo,2,-101.172956695588,19.7093178347635
15227,15227,2018,"180604441",2018/06/10,"02:42:00",COLISIÓN POR ALCANCE,ASFALTO,Bueno,Bueno,2,FORD,BLANCO,2,,27,MASCULINO,CON CERTIFICADO,0,0,Morelia,Comision Federal de Electricidad,junio,domingo,3,-101.181335449219,19.6816265792016
15228,15228,2018,"180604505",2018/06/10,"03:50:00",VOLCADURA,ASFALTO,Bueno,Bueno,1,PEUGEOT,AZUL,1,,18,MASCULINO,SIN DATOS,0,0,Morelia,Primo Tapia Oriente,junio,domingo,4,-101.158373728395,19.7135660508694
15229,15229,2018,"180604516",2018/06/10,"04:00:00",COLISIÓN POR ALCANCE,ASFALTO,Bueno,Bueno,2,NISSAN,BLANCO,1,,22,FEMENINO,SIN DATOS,0,0,Morelia,Lomas de Huerta,junio,domingo,4,-101.214208602905,19.6740801758089
15230,15230,2018,"18604603",2018/06/10,"07:10:00",SUBIDA AL CAMELLÓN,ASFALTO,Bueno,Bueno,1,PEUGEOT,AZUL,1,,32,MASCULINO,CON CERTIFICADO,0,0,Morelia,Hermanos Lopez Rayon,junio,domingo,7,-101.220216751099,19.675393497795
15231,15231,2018,"180504824",2018/06/10,"08:55:00",COLISIÓN POR CORTE DE CIRCULACIÓN,ASFALTO,Lluvioso,Bueno,2,ITALIKA,NEGRO/ROJO,2,,0,MASCULINO,SIN DATOS,0,0,Morelia,Morelos,junio,domingo,9,-101.183170080185,19.72367585776
15232,15232,2018,"180604851",2018/06/10,10:00:00,SALIDA DE SUPERFICIE DE RODAMIENTO,ASFALTO,Nublado,Bueno,1,VOLKWAGEN,GRIS,1,,23,FEMENINO,SIN DATOS,0,0,Charo,La Goleta,junio,domingo,10,-101.082093715668,19.7384505789339
15234,15234,2018,,2018/06/10,12:30:00,COLISIÓN POR CORTE DE CIRCULACIÓN,ASFALTO,Bueno,Bueno,2,VOLKWAGEN,ROJO,2,,28,MASCULINO,SIN DATOS,0,0,Morelia,Morelos,junio,domingo,13,-101.210135668516,19.6954607286844
15235,15235,2018,"180606024",2018/06/10,16:00:00,COLISIÓN POR ALCANCE,ASFALTO,Bueno,Bueno,2,CHEVROLET,BLANCO,4,MINISTERIO PÚBLICO,,MASCULINO,SIN DATOS,2,0,Morelia,Emiliano Zapata,junio,domingo,16,-101.215984225273,19.7162930347773
15236,15236,2018,"180606613",2018/06/10,17:28:00,COLISIÓN POR CORTE DE CIRCULACIÓN,ASFALTO,Bueno,Bueno,2,CHEVROLET,GRIS,2,MINISTERIO PÚBLICO,28,FEMENINO,CON CERTIFICADO,0,0,Morelia,San Jose Itzicuaro,junio,domingo,17,-101.308193206787,19.6876674866234
15237,15237,2018,,2018/06/10,17:40:00,COLISIÓN POR CAMBIO DE CARRIL,ASFALTO,Nublado,Bueno,2,NISSAN,PLATA,2,MINISTERIO PÚBLICO,30,MASCULINO,SIN DATOS,0,0,Morelia,La Colina,junio,domingo,18,-101.215946674347,19.7046727302453
15239,15239,2018,"180606746",2018/06/10,18:30:00,COLISIÓN POR INVASIÓN DE CARRIL,ASFALTO,Bueno,Bueno,2,NISSAN,BLANCO Y ROSA,2,,47,MASCULINO,SIN DATOS,0,0,Morelia,Pascual Ortiz de Ayala,junio,domingo,19,-101.14955663681,19.6949203151971
15240,15240,2018,,2018/06/10,18:30:00,SALIDA DE SUPERFICIE DE RODAMIENTO,ASFALTO,Bueno,Bueno,1,VOLKSWAGEN,ARENA,2,MINISTERIO PÚBLICO,,,,0,2,Sin datos,Sin datos,junio,domingo,19,-91.70138515625,17.6381501626068
15241,15241,2018,"180605943",2018/06/10,18:30:00,COLISIÓN POR CAMBIO DE CARRIL,ADOQUIN_EMPEDRADO,Bueno,Bueno,2,NISSAN,BLANCO Y ROJO,2,,62,MASCULINO,SIN DATOS,0,0,Morelia,Los Laureles,junio,domingo,19,-101.230988502502,19.7155658436162
15242,15242,2018,"180666617",2018/06/10,19:21:00,COLISIÓN POR CAMBIO DE CARRIL,ASFALTO,Bueno,Bueno,2,NISSAN,BLANCO/AZUL,2,,0,MASCULINO,SIN DATOS,0,0,Morelia,Sentimientos de La Nacion,junio,domingo,19,-101.234325170517,19.6789040556442
15243,15243,2018,"180607543",2018/06/10,19:30:00,VOLCADURA,ASFALTO,Bueno,Bueno,1,CHEVROLET,GRIS,0,,,,,0,0,Morelia,Los Fresnos,junio,domingo,20,-101.120902597904,19.7305912639094
15245,15245,2018,,2018/06/10,21:00:00,COLISIÓN POR CORTE DE CIRCULACIÓN,ASFALTO,Bueno,Bueno,2,CHRYSLER,BLANCO,2,MINISTERIO PÚBLICO,,,CON CERTIFICADO,1,0,Morelia,Lomas del Valle,junio,domingo,21,-101.232624650002,19.6868997585202
15246,15246,2018,,2018/06/10,21:45:00,COLISIÓN POR CORTE DE CIRCULACIÓN,ASFALTO,Bueno,Bueno,2,NISSAN,ROJO Y BLANCO,2,,40,MASCULINO,SIN DATOS,0,0,Morelia,Adolfo Lopez Mateos,junio,domingo,22,-101.226015686989,19.6985870101512
15247,15247,2018,,2018/06/10,22:00:00,SALIDA DE SUPERFICIE DE RODAMIENTO,ASFALTO,Lluvioso,Bueno,1,NISSAN,VINO,1,,,,SIN DATOS,0,0,Hidalgo,Sin datos,junio,domingo,22,-100.631675720215,19.7115258324957
15248,15248,2018,,2018/06/10,22:30:00,COLISIÓN POR ALCANCE,ASFALTO,Bueno,Regular,3,NISSAN,BLANCO,3,,35,MASCULINO,CON CERTIFICADO,0,0,Pátzcuaro,El Calvario,junio,domingo,23,-101.618664264679,19.5138653312593
15249,15249,2018,"180607545",2018/06/10,22:35:00,CAIDA ACUATICA DE VEHÍCULO,CONCRETO,Bueno,Bueno,1,CHEVROLET,GRIS,1,,0,MASCULINO,SIN DATOS,0,0,Tarímbaro,Real Hacienda,junio,domingo,23,-101.194741129875,19.7505026285814
15250,15250,2018,"180607875",2018/06/11,"00:12:00",COLISIÓN POR CORTE DE CIRCULACIÓN,ASFALTO,Bueno,Bueno,2,NISSAN,NEGRO,2,,21,MASCULINO,SIN DATOS,0,0,Morelia,Rey Chimalpopoca,junio,lunes,0,-101.152847707272,19.6968616285164
15251,15251,2018,"180231143",2018/06/11,"03:40:00",SUBIDA AL CAMELLÓN,ASFALTO,Nublado,Regular,1,SUZUKI,NEGRO,1,,,MASCULINO,SIN DATOS,0,0,Morelia,Justo Mendoza,junio,lunes,4,-101.232715845108,19.7125358448451
15252,15252,2018,,2018/06/11,"07:30:00",COLISIÓN CONTRA OBJETO FIJO,TERRACERIA,Bueno,Bueno,1,HINO,BLANCO,0,,,,,0,0,Cuitzeo,Leandro Valle,junio,lunes,8,-101.153236627579,19.9664817636396
15253,15253,2018,"180608521",2018/06/11,"08:17:00",COLISIÓN POR CORTE DE CIRCULACIÓN,ASFALTO,Bueno,Bueno,2,NISSAN,PLATA,3,,28,FEMENINO,SIN DATOS,1,0,Morelia,Eduardo Ruiz,junio,lunes,8,-101.220307946205,19.7208025561043
15254,15254,2018,"180608384",2018/06/11,"09:00:00",COLISIÓN POR ALCANCE,ASFALTO,Bueno,Regular,2,SIN DATOS,SIN DATOS,1,,29,FEMENINO,SIN DATOS,0,0,Morelia,Ejidal Tres Puentes,junio,lunes,9,-101.231160163879,19.6926172241781
15256,15256,2018,,2018/06/11,"09:00:00",COLISIÓN POR ALCANCE,ASFALTO,Bueno,Bueno,2,CHEVROLET,ROJO,2,,34,MASCULINO,SIN DATOS,0,0,Cuitzeo,Sin datos,junio,lunes,9,-101.177644729614,19.9669758765628
15257,15257,2018,,2018/06/11,"09:00:00",COLISIÓN POR ALCANCE,ASFALTO,Bueno,Bueno,0,,,0,,,,,0,0,Puruándiro,Centro,junio,lunes,9,-101.515472,20.087439
15258,15258,2018,,2018/06/11,"09:00:00",COLISIÓN POR ALCANCE,ASFALTO,Bueno,Bueno,2,CHEVROLET,ROJO,2,,34,MASCULINO,SIN DATOS,0,0,Puruándiro,Centro,junio,lunes,9,-101.515472,20.087439
15259,15259,2018,"180608449",2018/06/11,"09:25:00",COLISIÓN POR CORTE DE CIRCULACIÓN,ASFALTO,Bueno,Bueno,2,DODGE,BLANCO,2,,36,MASCULINO,SIN DATOS,0,0,Morelia,Cuauhtemoc,junio,lunes,9,-101.183328330517,19.6944506085344
15260,15260,2018,"180608662",2018/06/11,10:50:00,COLISIÓN POR CORTE DE CIRCULACIÓN,ASFALTO,Bueno,Bueno,2,VOLKSWAGEN,PLATA,2,,54,FEMENINO,SIN DATOS,0,0,Morelia,Los Girasoles,junio,lunes,11,-101.214790642262,19.6916651691979
15261,15261,2018,"180609140",2018/06/11,12:35:00,COLISIÓN POR INVASIÓN DE CARRIL,ASFALTO,Bueno,Bueno,2,FORD,AZUL,2,,25,MASCULINO,SIN DATOS,0,0,Morelia,Poblado de Ocolusen,junio,lunes,13,-101.150200366974,19.6916474917309
15262,15262,2018,"180609237",2018/06/11,13:10:00,COLISIÓN POR CORTE DE CIRCULACIÓN,ASFALTO,Bueno,Bueno,2,FORD,ROJO,2,,85,MASCULINO,SIN DATOS,0,0,Morelia,Gertrudis Sanchez,junio,lunes,13,-101.199787706137,19.7403149950762
15263,15263,2018,"180309346",2018/06/11,13:30:00,CAIDA DE MOTOCICLETA,ASFALTO,Bueno,Bueno,2,SUZUKI,AZUL,2,,34,MASCULINO,SIN DATOS,0,0,Morelia,Felix Ireta,junio,lunes,14,-101.195690631866,19.6817275995936
15264,15264,2018,"180610373",2018/06/11,13:59:00,COLISIÓN POR ALCANCE,ASFALTO,Bueno,Bueno,2,NISSAN,ACERO,2,,21,MASCULINO,SIN DATOS,0,0,Morelia,Montaña Monarca,junio,lunes,14,-101.164534091949,19.6657857937355
15265,15265,2018,"180609518",2018/06/11,14:15:00,COLISIÓN POR ALCANCE,ASFALTO,Bueno,Bueno,2,HONDA,BLANCO,2,,30,MASCULINO,SIN DATOS,0,0,Morelia,Chapultepec Sur,junio,lunes,14,-101.172215938568,19.6905060283032
15266,15266,2018,"180609667",2018/06/11,14:40:00,COLISIÓN POR CORTE DE CIRCULACIÓN,CONCRETO,Bueno,Bueno,1,NISSAN,GRIS,1,,35,FEMENINO,SIN DATOS,0,0,Morelia,Union,junio,lunes,15,-101.154754757881,19.7078442834826
15267,15267,2018,"180609960",2018/06/11,15:35:00,COLISIÓN POR CORTE DE CIRCULACIÓN,ASFALTO,Bueno,Bueno,2,SIN DATOS,BLANCO,1,,23,MASCULINO,SIN DATOS,0,0,Morelia,La Luz,junio,lunes,16,-101.288430690765,19.6886978527663
15268,15268,2018,"180608278",2018/06/11,16:23:00,COLISIÓN CONTRA OBJETO FIJO,ASFALTO,Bueno,Bueno,1,MITSUBISHI,PLATA,1,,41,FEMENINO,SIN DATOS,0,0,Morelia,Lomas del Durazno,junio,lunes,16,-101.192315071821,19.6630667897691
15269,15269,2018,"180610255",2018/06/11,16:40:00,COLISIÓN POR CORTE DE CIRCULACIÓN,ASFALTO,Bueno,Bueno,1,SIN DATOS,SIN DATOS,1,,,,,1,0,Morelia,Morelia 450,junio,lunes,17,-101.217534542084,19.6757824410865
15270,15270,2018,"180610301",2018/06/11,16:45:00,COLISIÓN POR CORTE DE CIRCULACIÓN,ASFALTO,Bueno,Bueno,2,BMW,PLATA,2,,44,MASCULINO,SIN DATOS,0,0,Morelia,Lomas de Guayangareo,junio,lunes,17,-101.160033345222,19.7032030879202
15271,15271,2018,,2018/06/11,16:55:00,COLISIÓN POR NO RESPETAR SEMÁFORO,ASFALTO,Bueno,Bueno,2,CHEVROLET,GRIS,4,MINISTERIO PÚBLICO,33,FEMENINO,SIN DATOS,2,0,Sahuayo,Sin Nombre,junio,lunes,17,-102.71669626236,20.0423250769604
15272,15272,2018,"180610437",2018/06/11,17:20:00,CAIDA DE MOTOCICLETA,CONCRETO,Bueno,Bueno,1,ITALIKA,ROJO Y NEGRO,2,,29,MASCULINO,SIN DATOS,1,0,Morelia,Ampliacion La Soledad,junio,lunes,17,-101.183266639709,19.7366126497714
15273,15273,2018,"180610534",2018/06/11,17:40:00,COLISIÓN POR ALCANCE,ASFALTO,Bueno,Bueno,2,INTERNATIONAL,BLANCO Y NARANJA,2,,24,MASCULINO,SIN DATOS,0,0,Morelia,Fovissste La Huerta,junio,lunes,18,-101.212105751038,19.6923949943444
15274,15274,2018,"180610706",2018/06/11,17:50:00,COLISIÓN POR CORTE DE CIRCULACIÓN,CONCRETO,Bueno,Bueno,2,FORD,NEGRO,2,,,FEMENINO,SIN DATOS,0,0,Morelia,Villas del Real,junio,lunes,18,-101.199434995651,19.7314824938226
15275,15275,2018,"180610744",2018/06/11,18:35:00,COLISIÓN POR INVASIÓN DE CARRIL,ASFALTO,Bueno,Bueno,2,APRISA,AZUL,2,,18,MASCULINO,SIN DATOS,0,0,Morelia,Ignacio Zaragoza,junio,lunes,19,-101.205357313156,19.7255846306536
15276,15276,2018,,2018/06/11,20:00:00,COLISIÓN POR INVASIÓN DE CARRIL,ASFALTO,Bueno,Bueno,2,HONDA.,ROJO,3,MINISTERIO PÚBLICO,58,FEMENINO,SIN DATOS,1,0,Zacapu,Moderna,junio,lunes,20,-101.784607172012,19.8081752565771
15277,15277,2018,,2018/06/11,20:40:00,COLISIÓN CONTRA OBJETO FIJO,ASFALTO,Bueno,Bueno,1,VOLKSWAGEN,ROJO,1,,54,MASCULINO,CON CERTIFICADO,0,0,Morelia,Lomas de Morelia (Dr Ignacio Chavez),junio,lunes,21,-101.17512345314,19.7173232165936
15278,15278,2018,,2018/06/12,"00:00:00",COLISIÓN POR ALCANCE,ASFALTO,Bueno,Regular,2,CHEVROLET,BLANCO,2,,0,MASCULINO,SIN DATOS,0,0,Copándaro,Centro,junio,martes,0,-101.221268177032,19.8956260992086
15279,15279,2018,"180611900",2018/06/12,"00:35:00",COLISIÓN POR CAMBIO DE CARRIL,ASFALTO,Bueno,Regular,2,NISSAN,BLANCO,2,,32,MASCULINO,SIN DATOS,0,0,Morelia,Centro,junio,martes,1,-101.190027818084,19.6970371347063
15280,15280,2018,"180612071",2018/06/12,"06:15:00",COLISIÓN POR ALCANCE,ASFALTO,Bueno,Bueno,3,FORD,PLATA,3,,45,MASCULINO,CON CERTIFICADO,0,0,Morelia,Arcos del Valle,junio,martes,6,-101.23627781868,19.7077180285842
15281,15281,2018,,2018/06/12,"07:48:00",COLISIÓN POR CORTE DE CIRCULACIÓN,SIN_DATOS,Bueno,Bueno,2,FORD,BLANCO,3,MINISTERIO PÚBLICO,43,MASCULINO,SIN DATOS,0,1,Morelia,San Pascual,junio,martes,8,-101.267380714417,19.6954657792692
15282,15282,2018,,2018/06/12,"09:12:00",COLISIÓN CONTRA OBJETO FIJO,ASFALTO,Bueno,Bueno,1,INTERNACIONAL,BLANCO,1,,23,MASCULINO,SIN DATOS,0,0,Morelia,Sin datos,junio,martes,9,-101.174619197845,19.7456001241239
15283,15283,2018,,2018/06/12,"09:30:00",COLISIÓN POR CORTE DE CIRCULACIÓN,ASFALTO,Bueno,Bueno,2,ITALIKA,NEGRO Y VERDE,2,,17,MASCULINO,SIN DATOS,0,0,Pátzcuaro,Centro,junio,martes,10,-101.607291698456,19.5200439989801
15284,15284,2018,,2018/06/12,"09:50:00",COLISIÓN POR INVASIÓN DE CARRIL,ASFALTO,Bueno,Bueno,2,CHEVROLET,BLANCO,2,,51,FEMENINO,SIN DATOS,0,0,Apatzingán,Lazaro Cardenas,junio,martes,10,-102.347635030746,19.0958468933587
15285,15285,2018,"180612546",2018/06/12,10:00:00,COLISIÓN POR ALCANCE,ASFALTO,Bueno,Bueno,2,FORD,NARANJA Y GRIS,2,,,MASCULINO,SIN DATOS,0,0,Morelia,Avicola Benito Juarez,junio,martes,10,-101.27956867218,19.6915666804285
15286,15286,2018,"180637459",2018/06/12,11:00:00,COLISIÓN POR CAMBIO DE CARRIL,CONCRETO,Bueno,Bueno,2,TOYOTA,GRIS,2,,54,MASCULINO,SIN DATOS,0,0,Morelia,Centro,junio,martes,11,-101.191629767418,19.6998496267101
15287,15287,2018,"180612625",2018/06/12,11:07:00,COLISIÓN POR CORTE DE CIRCULACIÓN,CONCRETO,Bueno,Bueno,2,NISSAN,BLANCO Y ROSA,2,,,MASCULINO,SIN DATOS,0,0,Morelia,Alberto Oviedo Mota,junio,martes,11,-101.199271380901,19.6850183040208
15288,15288,2018,"180612742",2018/06/12,11:15:00,COLISIÓN POR INVASIÓN DE CARRIL,ASFALTO,Bueno,Bueno,2,DATSUN,ROJO,2,,27,MASCULINO,SIN DATOS,0,0,Morelia,Sin datos,junio,martes,11,-101.357889175415,19.6914050577013
15289,15289,2018,"180612709",2018/06/12,11:20:00,COLISIÓN POR CORTE DE CIRCULACIÓN,ASFALTO,Bueno,Bueno,2,NAVISTAR,BLANCO,2,MINISTERIO PÚBLICO,32,MASCULINO,SIN DATOS,0,0,Morelia,Industrial,junio,martes,11,-101.197670102119,19.7107960946039
15290,15290,2018,,2018/06/12,12:00:00,COLISIÓN POR CORTE DE CIRCULACIÓN,CONCRETO,Bueno,Bueno,2,ITALIKA,AMARILLO,4,MINISTERIO PÚBLICO,16,MASCULINO,SIN DATOS,2,0,Sahuayo,Las Brisas,junio,martes,12,-102.71389067173,20.0562840025395
15291,15291,2018,"180612803",2018/06/12,12:30:00,COLISIÓN POR CORTE DE CIRCULACIÓN,ASFALTO,Bueno,Bueno,5,TOYOTA,VERDE,5,MINISTERIO PÚBLICO,31,MASCULINO,SIN DATOS,0,0,Morelia,Chapultepec Sur,junio,martes,13,-101.176598668098,19.6919252802718
15292,15292,2018,"180613651",2018/06/12,15:00:00,COLISIÓN POR CORTE DE CIRCULACIÓN,ASFALTO,Bueno,Bueno,2,NISSAN,CAFE,2,,55,MASCULINO,SIN DATOS,0,0,Morelia,Sentimientos de La Nacion,junio,martes,15,-101.232415437698,19.6853137822308
15293,15293,2018,"180614237",2018/06/12,15:27:00,COLISIÓN CONTRA OBJETO FIJO,ASFALTO,Bueno,Bueno,2,HONDA,GRIS,2,,37,MASCULINO,SIN DATOS,0,0,Morelia,Jardin de La Montaña,junio,martes,15,-101.314979195595,19.6925818694525
15294,15294,2018,"180613712",2018/06/12,18:15:00,COLISIÓN CONTRA OBJETO FIJO,ASFALTO,Bueno,Bueno,1,VOLKSWAGEN,ROJO,1,,43,MASCULINO,SIN DATOS,0,0,Morelia,Club de Golf Tres Marias,junio,martes,18,-101.109023094177,19.708253348669
15295,15295,2018,"180614515",2018/06/12,18:35:00,COLISIÓN POR ALCANCE,ASFALTO,Bueno,Bueno,2,DODGE,VERDE,2,,23,MASCULINO,SIN DATOS,0,0,Morelia,La Colina,junio,martes,19,-101.214440613985,19.7075033950282
15296,15296,2018,"180614594",2018/06/12,18:50:00,COLISIÓN POR ALCANCE,ASFALTO,Lluvioso,Regular,3,PEUGEOT,GRIS,3,,21,MASCULINO,SIN DATOS,0,0,Morelia,Chapultepec Oriente,junio,martes,19,-101.159062385559,19.6881725688944
15297,15297,2018,"180714549",2018/06/12,19:07:00,COLISIÓN CONTRA OBJETO FIJO,ASFALTO,Bueno,Bueno,1,DODGE,ROJO,1,,58,MASCULINO,SIN DATOS,0,0,Morelia,Real San Diego,junio,martes,19,-101.219091564417,19.6639015655156