fid,id_accidente,anio_origen,folio_c5i,dia_incidente,hora_ocurrencia,tipo_incidente_vial,superficie_ocurrencia,condiciones_climaticas,condiciones_via,numero_vehiculos_involucrados,marca_vehiculo_ocasiona_siniestro,color_vehiculo_ocasiona_siniestro,numero_personas_involucradas,lugar_remite_presunto_responsable,edad_presunto_responsable,sexo_presunto_responsable,resultados_toxicologia,numero_personas_lesionadas,numero_personas_fallecidas,municipio,colonia,mes,dia_semana,hora_redondeada,lon,lat
15298,15298,2018,"180615326",2018/06/12,21:35:00,COLISIÓN POR MANIOBRA DE REVERSA,CONCRETO,Lluvioso,Regular,2,VOLKWAGEN,NEGRO,2,,50,FEMENINO,SIN DATOS,0,0,Morelia,Felicitas del Rio,junio,martes,22,-101.195459961891,19.6902635925451
15299,15299,2018,"180615266",2018/06/12,22:00:00,COLISIÓN POR INVASIÓN DE CARRIL,ASFALTO,Bueno,Bueno,2,NISSAN,GRIS,2,,55,MASCULINO,SIN DATOS,0,0,Morelia,Vasco de Quiroga,junio,martes,22,-101.166681200266,19.7020907465663
15300,15300,2018,"180615502",2018/06/12,23:15:00,COLISIÓN POR CORTE DE CIRCULACIÓN,ASFALTO,Lluvioso,Bueno,1,ITALIKA,ROJO Y NEGRO,3,,30,MASCULINO,SIN DATOS,2,0,Morelia,La Soledad,junio,martes,23,-101.183395385742,19.7281700221314
15301,15301,2018,"180615784",2018/06/13,"06:48:00",COLISIÓN CONTRA OBJETO FIJO,CONCRETO,Bueno,Regular,1,VOLKSWAGEN,NEGRO,0,,,,,0,0,Morelia,Niño Artillero,junio,miércoles,7,-101.250339969993,19.6978029202542
15302,15302,2018,,2018/06/13,"07:00:00",COLISIÓN POR ALCANCE,ASFALTO,Bueno,Bueno,2,FORD,GRIS,2,,26,MASCULINO,SIN DATOS,0,0,Morelia,El Lago 1,junio,miércoles,7,-101.215903759003,19.727321695164
15303,15303,2018,"180327952",2018/06/13,"07:00:00",COLISIÓN POR CORTE DE CIRCULACIÓN,CONCRETO,Nublado,Bueno,2,NISSAN,BLANCO,2,,35,MASCULINO,SIN DATOS,0,0,Morelia,Santa Maria,junio,miércoles,7,-101.200540065765,19.6779291890205
15304,15304,2018,"180615821",2018/06/13,"07:05:00",COLISIÓN POR NO RESPETAR SEMÁFORO,ASFALTO,Bueno,Bueno,2,NISSAN,BLANCO,2,,50,FEMENINO,SIN DATOS,0,0,Morelia,Jardines del Toreo,junio,miércoles,7,-101.215313673019,19.6854956147045
15305,15305,2018,"180615861",2018/06/13,"07:50:00",COLISIÓN POR CORTE DE CIRCULACIÓN,SIN_DATOS,Bueno,Bueno,2,SIN DATOS,SIN DATOS,1,,23,MASCULINO,SIN DATOS,0,0,Morelia,Industrial,junio,miércoles,8,-101.196827888489,19.7103643104079
15306,15306,2018,,2018/06/13,"08:30:00",SALIDA DE SUPERFICIE DE RODAMIENTO,ASFALTO,Lluvioso,Regular,1,KENWORTH,BLANCO,1,MINISTERIO PÚBLICO,,,,0,1,Acuitzio,Centro,junio,miércoles,9,-101.33282661438,19.4918386342894
15307,15307,2018,"180616032",2018/06/13,"08:45:00",COLISIÓN CONTRA OBJETO FIJO,ASFALTO,Bueno,Bueno,2,VOLVO,BLANCO,2,,45,MASCULINO,SIN DATOS,0,0,Morelia,Libertad,junio,miércoles,9,-101.236953735352,19.6849400148311
15308,15308,2018,"180616391",2018/06/13,10:26:00,COLISIÓN POR ALCANCE,ASFALTO,Bueno,Bueno,2,NISSAN,BLANCO/ROJO,2,MINISTERIO PÚBLICO,48,FEMENINO,SIN DATOS,0,0,Morelia,Pascual Ortiz de Ayala,junio,miércoles,10,-101.149599552155,19.694980922408
15309,15309,2018,"180616638",2018/06/13,10:30:00,COLISIÓN POR ALCANCE,ASFALTO,Nublado,Bueno,2,FORD,GRIS,0,,,,,0,0,Tarímbaro,Sin datos,junio,miércoles,11,-101.155564785004,19.7690661540097
15310,15310,2018,"180616537",2018/06/13,11:05:00,COLISIÓN POR ALCANCE,ASFALTO,Bueno,Bueno,2,TOYOTA,BLANCO Y NEGRO,3,,19,MASCULINO,SIN DATOS,1,0,Morelia,El Lago 1,junio,miércoles,11,-101.214530467987,19.7268773316216
15311,15311,2018,"180616735",2018/06/13,11:50:00,COLISIÓN POR ALCANCE,ASFALTO,Nublado,Bueno,2,MERCEDES BENZ,BLANCO,0,,,,,0,0,Morelia,Los Manantiales de Morelia,junio,miércoles,12,-101.240285038948,19.6927788456815
15312,15312,2018,"180616985",2018/06/13,13:15:00,COLISIÓN CON PEATÓN,ASFALTO,Bueno,Bueno,1,CHRYSLER,BLANCO Y ROJO,1,MINISTERIO PÚBLICO,,,,1,0,Morelia,Centro,junio,miércoles,13,-101.19423687458,19.7030313762523
15313,15313,2018,"180617223",2018/06/13,13:35:00,SUBIDA AL CAMELLÓN,ASFALTO,Nublado,Regular,1,INTERNATIONAL,BLANCO Y AZUL,3,,0,MASCULINO,SIN DATOS,2,0,Morelia,Cosmos,junio,miércoles,14,-101.216719150543,19.6827933608473
15314,15314,2018,"180617198",2018/06/13,13:35:00,COLISIÓN POR CAMBIO DE CARRIL,ASFALTO,Lluvioso,Regular,2,CHEVROLET,AMARILLO,2,,68,MASCULINO,SIN DATOS,0,0,Morelia,La Soledad,junio,miércoles,14,-101.183395385742,19.7281801212348
15315,15315,2018,LEG15904,2018/06/13,13:40:00,COLISIÓN POR ALCANCE,ASFALTO,Bueno,Bueno,3,MERCEDES BENZ,BLANCO/VERDE,3,,54,MASCULINO,SIN DATOS,0,0,Morelia,Cosmos,junio,miércoles,14,-101.216000318527,19.6845763484157
15316,15316,2018,"180617278",2018/06/13,14:20:00,CAIDA DE MOTOCICLETA,CONCRETO,Bueno,Bueno,1,HONDA,AZUL,0,,,,,0,0,Morelia,Arboledas de Valladolid,junio,miércoles,14,-101.250402331352,19.6940465586895
15317,15317,2018,"180617803",2018/06/13,15:40:00,COLISIÓN POR INVASIÓN DE CARRIL,ASFALTO,Bueno,Bueno,2,VOLKWAGEN,MARRON,2,,40,MASCULINO,SIN DATOS,0,0,Morelia,Cuauhtemoc,junio,miércoles,16,-101.179243326187,19.6936576597506
15318,15318,2018,"180617949",2018/06/13,15:45:00,COLISIÓN POR CAMBIO DE CARRIL,ASFALTO,Bueno,Bueno,2,INTERNATIONAL,BLANCO,0,,,,,0,0,Morelia,Jardines de Sindurio,junio,miércoles,16,-101.256330013275,19.6975668086953
15319,15319,2018,"180617748",2018/06/13,15:50:00,COLISIÓN POR ALCANCE,ASFALTO,Nublado,Bueno,2,NISSAN,BLANCO,2,,38,MASCULINO,SIN DATOS,0,0,Morelia,Isaac Arriaga,junio,miércoles,16,-101.169447898865,19.7128741975556
15320,15320,2018,"180617883",2018/06/13,15:55:00,COLISIÓN POR ALCANCE,ASFALTO,Bueno,Bueno,2,FREIGHTLINER,BLANCO,2,,25,MASCULINO,SIN DATOS,0,0,Morelia,Jardines de Sindurio,junio,miércoles,16,-101.256820857525,19.6973748888827
15321,15321,2018,"180618231",2018/06/13,17:35:00,CAIDA DE MOTOCICLETA,ASFALTO,Lluvioso,Bueno,1,HONDA,ROJO,1,,26,MASCULINO,SIN DATOS,0,0,Morelia,La Soledad,junio,miércoles,18,-101.183352470398,19.7287153728033
15322,15322,2018,"180618684",2018/06/13,18:45:00,COLISIÓN POR ALCANCE,CONCRETO,Bueno,Bueno,2,INTERNATIONAL,BLANCO,0,,,,,0,0,Morelia,Morelia 450,junio,miércoles,19,-101.217448711395,19.6759491307796
15323,15323,2018,"180618661",2018/06/13,19:20:00,COLISIÓN POR CORTE DE CIRCULACIÓN,ASFALTO,Bueno,Bueno,2,BMW,NEGRO,3,MINISTERIO PÚBLICO,31,MASCULINO,SIN DATOS,1,0,Morelia,Felix Ireta,junio,miércoles,19,-101.180884838104,19.6854451057047
15324,15324,2018,"180619360",2018/06/13,21:40:00,COLISIÓN POR CORTE DE CIRCULACIÓN,CONCRETO,Bueno,Bueno,2,VOLKSWAGEN,GRIS,2,,53,FEMENINO,SIN DATOS,0,0,Morelia,Los Pinos de Michoacan,junio,miércoles,22,-101.215630173683,19.6829549922665
15325,15325,2018,,2018/06/13,22:15:00,COLISIÓN POR CAMBIO DE CARRIL,CONCRETO,Bueno,Bueno,2,NISSAN,AZUL,3,MINISTERIO PÚBLICO,22,MASCULINO,SIN DATOS,1,0,Sahuayo,Cristo Rey,junio,miércoles,22,-102.730056345463,20.0578939864965
15326,15326,2018,"180619880",2018/06/14,"00:00:00",COLISIÓN POR NO RESPETAR SEMÁFORO,ASFALTO,Lluvioso,Bueno,2,TOYOTA,BLANCO,1,,38,MASCULINO,SIN DATOS,0,0,Morelia,Lindavista,junio,jueves,0,-101.216225624084,19.7039404359289
15327,15327,2018,,2018/06/14,"01:00:00",COLISIÓN POR CORTE DE CIRCULACIÓN,CONCRETO,Lluvioso,Bueno,1,MAZDA,BLANCO,1,,20,MASCULINO,SIN DATOS,0,0,Morelia,Arcos del Valle,junio,jueves,1,-101.235483884811,19.7056373335048
15328,15328,2018,,2018/06/14,"01:30:00",COLISIÓN POR CORTE DE CIRCULACIÓN,ADOQUIN_EMPEDRADO,Lluvioso,Regular,2,DODGE,GRIS,1,,55,MASCULINO,SIN DATOS,0,0,Pátzcuaro,Colimillas,junio,jueves,2,-101.606765985489,19.5116456049202
15329,15329,2018,"180619822",2018/06/14,"04:30:00",COLISIÓN POR INVASIÓN DE CARRIL,ASFALTO,Bueno,Bueno,2,FORD,ROJO,2,,28,MASCULINO,SIN DATOS,0,0,Morelia,Ventura Puente,junio,jueves,5,-101.180034577847,19.6890589844286
15330,15330,2018,"180619884",2018/06/14,"05:55:00",SUBIDA AL CAMELLÓN,ASFALTO,Lluvioso,Bueno,1,VOLKSWAGEN,BLANCO,1,,58,MASCULINO,SIN DATOS,0,0,Morelia,Felix Ireta,junio,jueves,6,-101.181571483612,19.6816063751156
15331,15331,2018,"180619868",2018/06/14,"06:15:00",COLISIÓN POR CORTE DE CIRCULACIÓN,ASFALTO,Lluvioso,Bueno,1,JEEP,BLANCO,0,,,,,0,0,Morelia,Centro,junio,jueves,6,-101.20600104332,19.7024051321371
15332,15332,2018,,2018/06/14,"08:00:00",COLISIÓN POR CORTE DE CIRCULACIÓN,ASFALTO,Bueno,Bueno,2,ITALIKA,AMARILLO/NEGRO,2,MINISTERIO PÚBLICO,,,SIN DATOS,0,0,Apatzingán,La Pradera,junio,jueves,8,-102.355370521545,19.1072167815695
15333,15333,2018,,2018/06/14,"08:30:00",COLISIÓN CONTRA OBJETO FIJO,ASFALTO,Lluvioso,Bueno,1,TOYOTA,CAFE,1,MINISTERIO PÚBLICO,,,SIN DATOS,0,0,Lázaro Cárdenas,Sin datos,junio,jueves,9,-102.228255271912,17.9354791846691
15334,15334,2018,"180620256",2018/06/14,"09:35:00",COLISIÓN POR CORTE DE CIRCULACIÓN,ASFALTO,Bueno,Bueno,2,VOLKSWAGEN,AMARILLO,2,,0,FEMENINO,SIN DATOS,0,0,Morelia,Chapultepec Sur,junio,jueves,10,-101.172848939896,19.6920565983234
15335,15335,2018,"180620334",2018/06/14,"09:52:00",COLISIÓN POR CORTE DE CIRCULACIÓN,ASFALTO,Bueno,Bueno,3,NISSAN,BLANCO,3,,48,MASCULINO,SIN DATOS,0,0,Morelia,Industrial,junio,jueves,10,-101.194059848785,19.7091320777539
15336,15336,2018,"180620753",2018/06/14,11:10:00,COLISIÓN POR CORTE DE CIRCULACIÓN,ASFALTO,Bueno,Bueno,2,ITALIKA,NEGRO/ROJO,2,,24,MASCULINO,SIN DATOS,0,0,Morelia,Valle de Las Flores,junio,jueves,11,-101.126618385315,19.6878089098199
15337,15337,2018,"180620687",2018/06/14,11:15:00,COLISIÓN POR CORTE DE CIRCULACIÓN,ASFALTO,Bueno,Bueno,2,VOLKWAGEN,GRIS,2,,57,FEMENINO,SIN DATOS,0,0,Morelia,Jardines de Torremolinos,junio,jueves,11,-101.225699186325,19.6768583442347
15338,15338,2018,"180620934",2018/06/14,12:10:00,CAIDA DE MOTOCICLETA,ASFALTO,Bueno,Bueno,1,HONDA,ROJO,1,,22,MASCULINO,SIN DATOS,0,0,Morelia,Montaña Monarca,junio,jueves,12,-101.164855957031,19.6657857937355
15339,15339,2018,"180621465",2018/06/14,14:00:00,COLISIÓN POR CORTE DE CIRCULACIÓN,ASFALTO,Nublado,Bueno,2,SIN DATOS,SIN DATOS,1,,63,MASCULINO,SIN DATOS,0,0,Morelia,Felix Ireta,junio,jueves,14,-101.190830469131,19.6878998246659
15340,15340,2018,"1980621091",2018/06/14,15:11:00,COLISIÓN POR CORTE DE CIRCULACIÓN,ASFALTO,Nublado,Bueno,2,FORD,ROJO,3,,32,FEMENINO,SIN DATOS,1,0,Morelia,El Porvenir,junio,jueves,15,-101.206811070442,19.708021040173
15341,15341,2018,"180622038",2018/06/14,15:26:00,COLISIÓN POR ALCANCE,ASFALTO,Nublado,Bueno,2,FORD,GRIS,2,,0,MASCULINO,SIN DATOS,0,0,Morelia,Morelia 450,junio,jueves,15,-101.214745044708,19.6744186098117
15342,15342,2018,"180622067",2018/06/14,15:30:00,SALIDA DE SUPERFICIE DE RODAMIENTO,ASFALTO,Lluvioso,Bueno,1,RENAULT,NEGRO,1,,,,SIN DATOS,0,0,Morelia,Puerto de Buenavista,junio,jueves,16,-101.126591563225,19.6860411108866
15343,15343,2018,,2018/06/14,16:52:00,COLISIÓN POR INVASIÓN DE CARRIL,ASFALTO,Bueno,Bueno,2,HYUNDAY,GRIS,0,MINISTERIO PÚBLICO,,,,0,0,Morelia,Sin datos,junio,jueves,17,-101.241116523743,19.6585922671783
15344,15344,2018,"180622599",2018/06/14,18:00:00,COLISIÓN POR CORTE DE CIRCULACIÓN,ASFALTO,Nublado,Bueno,2,NISSAN,BLANCO,2,MINISTERIO PÚBLICO,37,MASCULINO,SIN DATOS,0,0,Morelia,Industrial,junio,jueves,18,-101.1938560009,19.7123237427809
15345,15345,2018,,2018/06/14,18:30:00,COLISIÓN POR CORTE DE CIRCULACIÓN,ASFALTO,Bueno,Bueno,2,FORD,ARENA,2,MINISTERIO PÚBLICO,52,MASCULINO,SIN DATOS,0,0,Morelia,Barrio Alto,junio,jueves,19,-101.194424629211,19.7243727139985
15346,15346,2018,"180622786",2018/06/14,19:00:00,COLISIÓN POR INVASIÓN DE CARRIL,CONCRETO,Nublado,Bueno,2,NISSAN,BLANCO/ROSA,2,,46,MASCULINO,SIN DATOS,0,0,Morelia,Cuauhtemoc,junio,jueves,19,-101.180954575539,19.6951576933087
15347,15347,2018,"180622975",2018/06/14,20:15:00,COLISIÓN POR CORTE DE CIRCULACIÓN,ASFALTO,Lluvioso,Bueno,2,VOLVO,BLANCO,2,,0,MASCULINO,SIN DATOS,0,0,Morelia,Fuentes de Valladolid,junio,jueves,20,-101.222727298737,19.6701401452725
15348,15348,2018,,2018/06/14,21:25:00,COLISIÓN POR CAMBIO DE CARRIL,ASFALTO,Lluvioso,Bueno,2,FREIGHTLINER,ROJO,2,,50,MASCULINO,SIN DATOS,0,0,Morelia,Jardines del Toreo,junio,jueves,21,-101.214187145233,19.6881523656342
15349,15349,2018,"180623345",2018/06/14,22:00:00,COLISIÓN POR CORTE DE CIRCULACIÓN,ASFALTO,Lluvioso,Malo,2,NISSAN,BLANCO Y ROJO,2,,,MASCULINO,SIN DATOS,0,0,Morelia,Centro,junio,jueves,22,-101.200245022774,19.7012637454287
15350,15350,2018,"1800622766",2018/06/14,22:49:00,COLISIÓN POR ALCANCE,ASFALTO,Lluvioso,Bueno,2,TOYOTA,GRIS,2,,48,MASCULINO,SIN DATOS,0,0,Morelia,Jardines de Sindurio,junio,jueves,23,-101.256649196148,19.6974102425497
15351,15351,2018,"180623760",2018/06/15,"03:02:00",COLISIÓN CONTRA OBJETO FIJO,ASFALTO,Lluvioso,Regular,1,SEAT,GRIS,1,MINISTERIO PÚBLICO,,,SIN DATOS,0,0,Morelia,Las Americas,junio,viernes,3,-101.158955097198,19.6881927721521
15352,15352,2018,"180624548",2018/06/15,10:40:00,COLISIÓN CONTRA OBJETO FIJO,ASFALTO,Bueno,Bueno,1,CHRYSLER,ROJO/BLANCO,1,,34,MASCULINO,SIN DATOS,0,0,Morelia,Ejidal Ocolusen,junio,viernes,11,-101.158960461617,19.6878240622978
15353,15353,2018,"180624334",2018/06/15,10:50:00,COLISIÓN POR CORTE DE CIRCULACIÓN,ASFALTO,Bueno,Bueno,2,DODGE,ROJO,2,,29,FEMENINO,SIN DATOS,0,0,Tarímbaro,Sin datos,junio,viernes,11,-101.132798194885,19.7765172087932
15354,15354,2018,"180624542",2018/06/15,11:00:00,COLISIÓN CONTRA OBJETO FIJO,ASFALTO,Bueno,Bueno,3,FORD,PLATA,3,,69,MASCULINO,SIN DATOS,0,0,Morelia,Lomas de Guayangareo,junio,viernes,11,-101.159676611423,19.7032838933473
15355,15355,2018,"180629573",2018/06/15,11:40:00,COLISIÓN POR CORTE DE CIRCULACIÓN,ASFALTO,Bueno,Bueno,1,HONDA,BLANCO,0,MINISTERIO PÚBLICO,,,,0,0,Morelia,Bosques de Oriente,junio,viernes,12,-101.15557551384,19.7156668425864
15356,15356,2018,"180625281",2018/06/15,14:00:00,COLISIÓN POR CORTE DE CIRCULACIÓN,ASFALTO,Nublado,Bueno,2,NISSAN,BLANCO/ROJO,2,,52,MASCULINO,SIN DATOS,0,0,Morelia,Cuauhtemoc,junio,viernes,14,-101.182601451874,19.6964809435654
15357,15357,2018,"180625515",2018/06/15,14:40:00,VOLCADURA,ASFALTO,Bueno,Bueno,2,NISSAN,BLANCO/ROJO,1,,28,MASCULINO,SIN DATOS,0,0,Morelia,Infonavit  Las  Camelinas,junio,viernes,15,-101.174275875092,19.6819902523146
15358,15358,2018,"180625585",2018/06/15,14:50:00,COLISIÓN POR CORTE DE CIRCULACIÓN,ASFALTO,Bueno,Bueno,3,FORD,AZUL,4,,,,SIN DATOS,1,0,Morelia,Pascual Ortiz de Ayala,junio,viernes,15,-101.151060014963,19.6948559200103
15359,15359,2018,"180625923",2018/06/15,16:50:00,COLISIÓN CONTRA OBJETO FIJO,ASFALTO,Bueno,Bueno,1,NISSAN,BLANCO,1,,38,MASCULINO,SIN DATOS,0,0,Morelia,Infonavit  Las  Camelinas,junio,viernes,17,-101.175316572189,19.6866623681644
15360,15360,2018,"180626375",2018/06/15,18:00:00,COLISIÓN CONTRA OBJETO FIJO,ASFALTO,Lluvioso,Bueno,1,CHEVROLET,BLANCO,1,,26,MASCULINO,SIN DATOS,0,0,Morelia,Alberto Oviedo Mota,junio,viernes,18,-101.202224493027,19.6772725397648
15361,15361,2018,"180626486",2018/06/15,18:27:00,COLISIÓN POR ALCANCE,ASFALTO,Bueno,Bueno,2,HONDA,PLATA,2,,25,FEMENINO,SIN DATOS,0,0,Morelia,Las Americas,junio,viernes,18,-101.15353167057,19.6873745381762
15362,15362,2018,,2018/06/15,19:50:00,COLISIÓN CONTRA OBJETO FIJO,ADOQUIN_EMPEDRADO,Nublado,Regular,1,DODGE,BLANCO,1,,0,MASCULINO,SIN DATOS,0,0,Cuitzeo,Centro,junio,viernes,20,-101.139750480652,19.9691338209802
15363,15363,2018,"180626485",2018/06/15,20:15:00,COLISIÓN POR CORTE DE CIRCULACIÓN,ASFALTO,Bueno,Bueno,2,SEAT,NEGRO,2,,27,FEMENINO,SIN DATOS,0,0,Morelia,Comision Federal de Electricidad,junio,viernes,20,-101.181356906891,19.6814750484942
15364,15364,2018,"180672332",2018/06/15,21:40:00,COLISIÓN POR MANIOBRA DE REVERSA,CONCRETO,Bueno,Bueno,2,FORD,GRIS,1,,,,SIN DATOS,0,0,Morelia,Felix Arreguin,junio,viernes,22,-101.226493120193,19.7215852708133
15365,15365,2018,"180627217",2018/06/15,22:10:00,COLISIÓN POR CORTE DE CIRCULACIÓN,ASFALTO,Nublado,Bueno,2,NISSAN,BLANCO,1,MINISTERIO PÚBLICO,,,,1,0,Tarímbaro,Campestre,junio,viernes,22,-101.162753105164,19.7977174907047
15366,15366,2018,,2018/06/15,23:20:00,COLISIÓN CONTRA OBJETO FIJO,ASFALTO,Bueno,Bueno,2,SIN DATOS,SIN DATOS,0,,,,,0,0,Morelia,Centro,junio,viernes,23,-101.194689497352,19.6998597276023
15367,15367,2018,"180631204",2018/06/16,"00:00:00",COLISIÓN CONTRA OBJETO FIJO,ASFALTO,Nublado,Bueno,1,VOLKSWAGEN,ROJO,0,MINISTERIO PÚBLICO,,,,0,0,Morelia,El Lago 1,junio,sábado,0,-101.221203804016,19.727907445218
15368,15368,2018,"180627689",2018/06/16,"01:00:00",SUBIDA AL CAMELLÓN,ASFALTO,Nublado,Bueno,1,DODGE,GRIS,1,,39,MASCULINO,CON CERTIFICADO,0,0,Morelia,Los Laureles,junio,sábado,1,-101.230752468109,19.7154850443942
15369,15369,2018,"180621321",2018/06/16,"01:30:00",COLISIÓN POR ALCANCE,ASFALTO,Bueno,Bueno,2,HONDA,PLATA,2,,34,MASCULINO,CON CERTIFICADO,0,0,Morelia,Camelinas,junio,sábado,2,-101.171100139618,19.6821215785136
15370,15370,2018,"180627733",2018/06/16,"01:55:00",COLISIÓN CONTRA OBJETO FIJO,ASFALTO,Nublado,Bueno,1,BMW,BLANCO,1,,47,MASCULINO,SIN DATOS,0,0,Morelia,Jardines de Sindurio,junio,sábado,2,-101.256587505341,19.6975163035038
15371,15371,2018,"180627791",2018/06/16,"02:50:00",COLISIÓN POR NO RESPETAR SEMÁFORO,ASFALTO,Bueno,Bueno,2,NISSAN,PLATA,2,,21,MASCULINO,SIN DATOS,0,0,Morelia,Insurgentes,junio,sábado,3,-101.155114173889,19.6953142616578
15372,15372,2018,"180627830",2018/06/16,"03:30:00",COLISIÓN POR ALCANCE,ASFALTO,Nublado,Bueno,2,NISSAN,BLANCO,2,,,MASCULINO,SIN DATOS,0,0,Morelia,Asociacion Zirahuen,junio,sábado,4,-101.250160932541,19.6986981208082
15373,15373,2018,"180627850",2018/06/16,"04:00:00",COLISIÓN CONTRA OBJETO FIJO,ASFALTO,Bueno,Bueno,1,VOLKSWAGEN,ROJO,1,,28,MASCULINO,CON CERTIFICADO,0,0,Morelia,Campestre Los Manantiales,junio,sábado,4,-101.239450871944,19.6904959268206
15374,15374,2018,,2018/06/16,"04:20:00",SUBIDA AL CAMELLÓN,ASFALTO,Bueno,Bueno,1,NISSAN,BLANCO,1,,24,MASCULINO,CON CERTIFICADO,0,0,Morelia,Las Americas,junio,sábado,4,-101.151638031006,19.6892837442827
15375,15375,2018,"180688069",2018/06/16,"07:15:00",SALIDA DE SUPERFICIE DE RODAMIENTO,ASFALTO,Bueno,Bueno,1,HONDA,GRIS,1,,37,MASCULINO,SIN DATOS,0,0,Morelia,Bonanza,junio,sábado,7,-101.202165484428,19.657672846567
15376,15376,2018,"180631440",2018/06/16,10:10:00,COLISIÓN POR ALCANCE,ASFALTO,Bueno,Bueno,2,YAMAHA,ROJO/BLANCO,2,MINISTERIO PÚBLICO,,,SIN DATOS,0,1,Morelia,Lomas de La Maestranza,junio,sábado,10,-101.331496238708,19.6847783854151
15377,15377,2018,"180628488",2018/06/16,11:00:00,COLISIÓN POR CAMBIO DE CARRIL,CONCRETO,Nublado,Bueno,2,VOLKSWAGEN,GRIS,2,,41,MASCULINO,SIN DATOS,0,0,Morelia,Centro,junio,sábado,11,-101.18985414505,19.7029404700006
15378,15378,2018,"18062891",2018/06/16,12:20:00,COLISIÓN POR MANIOBRA DE REVERSA,CONCRETO,Nublado,Bueno,2,MITSUBISHI,NEGRO,2,,24,MASCULINO,CON CERTIFICADO,0,0,Morelia,Centro,junio,sábado,12,-101.192493438721,19.7030010741741
15379,15379,2018,"180629082",2018/06/16,13:25:00,COLISIÓN CONTRA OBJETO FIJO,CONCRETO,Bueno,Bueno,1,GENERAL MOTORS,BLANCO,1,,34,MASCULINO,SIN DATOS,0,0,Morelia,Club de Golf Tres Marias,junio,sábado,13,-101.109924316406,19.7081624453846
15380,15380,2018,"180630193",2018/06/16,16:20:00,COLISIÓN POR CORTE DE CIRCULACIÓN,CONCRETO,Bueno,Bueno,2,NISSAN,BLANCO,2,,44,MASCULINO,SIN DATOS,0,0,Morelia,5 de Mayo,junio,sábado,16,-101.176995635033,19.7042333540576
15381,15381,2018,"180633853",2018/06/16,16:25:00,COLISIÓN CON PEATÓN,ASFALTO,Bueno,Bueno,1,HON,GRIS,3,,34,MASCULINO,SIN DATOS,2,0,Morelia,Tierra Y Libertad,junio,sábado,16,-101.222150623798,19.7166086549116
15382,15382,2018,"180629914",2018/06/16,16:40:00,COLISIÓN POR CORTE DE CIRCULACIÓN,ASFALTO,Bueno,Bueno,2,TOYOTA,NEGRO,4,,19,MASCULINO,SIN DATOS,2,0,Morelia,Sin datos,junio,sábado,17,-101.114645004272,19.737056986233
15383,15383,2018,"180630126",2018/06/16,16:50:00,COLISIÓN POR CAMBIO DE CARRIL,ASFALTO,Bueno,Bueno,2,DODGE,BLANCO,2,,24,MASCULINO,SIN DATOS,0,0,Morelia,Centro,junio,sábado,17,-101.196066141129,19.7030818797032
15384,15384,2018,"180630097",2018/06/16,17:25:00,COLISIÓN POR CORTE DE CIRCULACIÓN,CONCRETO,Nublado,Bueno,2,NISSAN,AZUL,2,,31,MASCULINO,SIN DATOS,0,0,Morelia,Morelos,junio,sábado,17,-101.206119060516,19.6992233701421
15385,15385,2018,"180630547",2018/06/16,17:52:00,COLISIÓN POR CORTE DE CIRCULACIÓN,ASFALTO,Lluvioso,Bueno,2,NISSAN,ROJO,2,,,MASCULINO,SIN DATOS,0,0,Morelia,Industrial,junio,sábado,18,-101.201119422913,19.7127782468597
15386,15386,2018,"180631261",2018/06/16,21:34:00,COLISIÓN POR ALCANCE,ASFALTO,Lluvioso,Bueno,2,CHEVROLET,GRIS,2,,28,MASCULINO,SIN DATOS,0,0,Morelia,Morelia 450,junio,sábado,22,-101.214745044708,19.6744640710412
15387,15387,2018,"180631278",2018/06/16,21:57:00,COLISIÓN CONTRA OBJETO FIJO,CONCRETO,Lluvioso,Bueno,1,NISSAN,PLATA,1,,71,MASCULINO,CON CERTIFICADO,0,0,Morelia,Nueva Valladolid,junio,sábado,22,-101.211488842964,19.6991678150056
15388,15388,2018,"180631148",2018/06/16,22:00:00,COLISIÓN POR CORTE DE CIRCULACIÓN,CONCRETO,Lluvioso,Bueno,2,PONTIAC,ROJO,1,MINISTERIO PÚBLICO,,,SIN DATOS,0,0,Morelia,Centro,junio,sábado,22,-101.200196743011,19.7030616783247
15389,15389,2018,"180367085",2018/06/16,22:06:00,SUBIDA AL CAMELLÓN,ASFALTO,Lluvioso,Bueno,1,HONDA,AZUL,1,,27,MASCULINO,SIN DATOS,0,0,Morelia,Rafael Carrillo,junio,sábado,22,-101.236288547516,19.7077887313396
15390,15390,2018,"180631101",2018/06/16,22:20:00,COLISIÓN POR ALCANCE,ASFALTO,Bueno,Bueno,2,BMW,GRIS,0,MINISTERIO PÚBLICO,,,,0,0,Morelia,Residencial Alborada,junio,sábado,22,-101.234593391418,19.7024101825026
15391,15391,2018,"180631181",2018/06/16,22:25:00,COLISIÓN POR CORTE DE CIRCULACIÓN,CONCRETO,Lluvioso,Bueno,1,GMC,BLANCO,1,,22,MASCULINO,SIN DATOS,0,0,Morelia,El Lago 1,junio,sábado,22,-101.219358444214,19.7276751652811