fid,id_accidente,anio_origen,folio_c5i,dia_incidente,hora_ocurrencia,tipo_incidente_vial,superficie_ocurrencia,condiciones_climaticas,condiciones_via,numero_vehiculos_involucrados,marca_vehiculo_ocasiona_siniestro,color_vehiculo_ocasiona_siniestro,numero_personas_involucradas,lugar_remite_presunto_responsable,edad_presunto_responsable,sexo_presunto_responsable,resultados_toxicologia,numero_personas_lesionadas,numero_personas_fallecidas,municipio,colonia,mes,dia_semana,hora_redondeada,lon,lat
15392,15392,2018,,2018/06/16,22:45:00,COLISIÓN POR INVASIÓN DE CARRIL,ASFALTO,Bueno,Bueno,2,MAZDA,BLANCO/GUINDA,2,,24,MASCULINO,ALIENTO ETÍLICO,0,0,Apatzingán,Francisco Villa,junio,sábado,23,-102.361249923706,19.0886028077377
15393,15393,2018,"180631309",2018/06/16,23:15:00,COLISIÓN CONTRA OBJETO FIJO,ASFALTO,Bueno,Bueno,1,SEAT,ROJO,1,,,MASCULINO,CON CERTIFICADO,0,0,Morelia,La Soledad,junio,sábado,23,-101.18337392807,19.7282508149409
15394,15394,2018,"180631452",2018/06/16,23:19:00,COLISIÓN POR CAMBIO DE CARRIL,ASFALTO,Bueno,Bueno,2,INTERNATIONAL,BLANCO/VERDE,2,,47,MASCULINO,SIN DATOS,0,0,Morelia,Eduardo Ruiz,junio,sábado,23,-101.224122047424,19.7250392692962
15395,15395,2018,"004078549",2018/06/17,"00:00:00",COLISIÓN CONTRA OBJETO FIJO,ASFALTO,Bueno,Bueno,1,TOYOTA,BLANCO,4,,22,MASCULINO,SIN DATOS,3,0,Lázaro Cárdenas,Ejidal,junio,domingo,0,-102.204179763794,17.9571687001916
15396,15396,2018,"180635608",2018/06/17,"00:05:00",SUBIDA AL CAMELLÓN,ASFALTO,Lluvioso,Bueno,1,CHEVROLET,BLANCO,1,MINISTERIO PÚBLICO,,,SIN DATOS,0,0,Morelia,Morelos,junio,domingo,0,-101.206194162369,19.7023445277378
15397,15397,2018,"180631489",2018/06/17,"00:20:00",SALIDA DE SUPERFICIE DE RODAMIENTO,ASFALTO,Bueno,Bueno,1,CHEVROLET,VERDE,1,,,MASCULINO,SIN DATOS,0,0,Morelia,Rafael Carrillo,junio,domingo,0,-101.236717700958,19.7077028779897
15398,15398,2018,"180631643",2018/06/17,"02:02:00",COLISIÓN POR ALCANCE,ASFALTO,Bueno,Bueno,3,VOLKWAGEN,GRIS,3,MINISTERIO PÚBLICO,27,MASCULINO,CON CERTIFICADO,0,0,Morelia,Ferrocarrilero,junio,domingo,2,-101.217534542084,19.6976779200605
15399,15399,2018,"180631712",2018/06/17,"03:20:00",COLISIÓN CONTRA OBJETO FIJO,ASFALTO,Bueno,Bueno,1,ISUZU,BLANCO,0,,,,,0,0,Morelia,Centenario (Los Alamos Ii),junio,domingo,3,-101.177065372467,19.7364611711496
15400,15400,2018,,2018/06/17,"03:30:00",SUBIDA AL CAMELLÓN,ASFALTO,Bueno,Bueno,1,VOLKWAGEN,NEGRO,0,,,,,0,0,Morelia,Felix Ireta,junio,domingo,4,-101.181592941284,19.6817882117982
15401,15401,2018,"180631751",2018/06/17,"03:30:00",COLISIÓN CONTRA OBJETO FIJO,ASFALTO,Lluvioso,Bueno,1,DODGE,ARENA,1,,,MASCULINO,SIN DATOS,0,0,Morelia,Josefa Ortiz de Dominguez,junio,domingo,4,-101.209053397179,19.6709382618453
15402,15402,2018,"180631724",2018/06/17,"03:50:00",COLISIÓN POR MANIOBRA DE REVERSA,ASFALTO,Nublado,Bueno,3,CHEVROLET,ARENA,3,,37,MASCULINO,CON CERTIFICADO,0,0,Morelia,Real Santa Rita,junio,domingo,4,-101.220914125443,19.6739589455445
15403,15403,2018,,2018/06/17,"04:05:00",COLISIÓN CONTRA OBJETO FIJO,ASFALTO,Bueno,Bueno,1,CHEVROLET,GRIS,1,,16,MASCULINO,SIN DATOS,0,0,Apatzingán,Independencia,junio,domingo,4,-102.354919910431,19.0958418241304
15404,15404,2018,"180631822",2018/06/17,"04:25:00",COLISIÓN CONTRA OBJETO FIJO,ASFALTO,Lluvioso,Bueno,1,VOLKSWAGEN,BLANCO,1,,28,MASCULINO,SIN DATOS,0,0,Morelia,La Loma,junio,domingo,4,-101.187609136105,19.6786729673307
15405,15405,2018,"180631851",2018/06/17,"04:50:00",SALIDA DE SUPERFICIE DE RODAMIENTO,ASFALTO,Nublado,Bueno,1,HONDA,AZUL,1,,,FEMENINO,SIN DATOS,0,0,Morelia,Ciudad Industrial,junio,domingo,5,-101.137787103653,19.7317551637376
15406,15406,2018,"180621834",2018/06/17,"05:07:00",SALIDA DE SUPERFICIE DE RODAMIENTO,CONCRETO,Lluvioso,Regular,1,NISSAN,PLATA,1,,,,SIN DATOS,0,0,Morelia,Santa Maria de Guido,junio,domingo,5,-101.190605163574,19.6768482418913
15407,15407,2018,"180631946",2018/06/17,"05:45:00",COLISIÓN POR CORTE DE CIRCULACIÓN,CONCRETO,Bueno,Bueno,1,SUZUKI,GRIS,1,,,MASCULINO,CON CERTIFICADO,0,0,Morelia,Santa Maria de Guido,junio,domingo,6,-101.19058907032,19.6768633954061
15408,15408,2018,"180631892",2018/06/17,"06:15:00",VOLCADURA,ASFALTO,Nublado,Bueno,1,JEEP,NEGRO,1,,35,MASCULINO,CON CERTIFICADO,0,0,Morelia,La Calera,junio,domingo,6,-101.236524581909,19.6746762232751
15409,15409,2018,"180631875",2018/06/17,"06:18:00",SALIDA DE SUPERFICIE DE RODAMIENTO,ASFALTO,Bueno,Bueno,1,CHEVROLET,GRIS,0,,,,,0,0,Morelia,Ciudad Industrial,junio,domingo,6,-101.143065690994,19.7252715530649
15410,15410,2018,"180633109",2018/06/17,13:30:00,COLISIÓN POR ALCANCE,ASFALTO,Nublado,Regular,3,CHEVROLET,AZUL,3,,28,MASCULINO,SIN DATOS,0,0,Morelia,Josefa Ortiz de Dominguez,junio,domingo,14,-101.208500862122,19.6723728411357
15411,15411,2018,,2018/06/17,15:00:00,COLISIÓN POR MANIOBRA DE REVERSA,ASFALTO,Bueno,Bueno,2,CHEVROLET,GRIS,2,,44,FEMENINO,SIN DATOS,0,0,Morelia,Vasco de Quiroga,junio,domingo,15,-101.170265972614,19.7024404846927
15412,15412,2018,"180633632",2018/06/17,15:35:00,COLISIÓN POR CORTE DE CIRCULACIÓN,ADOQUIN_EMPEDRADO,Bueno,Bueno,2,NISSAN,GRIS,2,,17,FEMENINO,SIN DATOS,0,0,Morelia,Cosmos,junio,domingo,16,-101.216982007027,19.685025880392
15413,15413,2018,"180634578",2018/06/17,18:05:00,COLISIÓN POR CORTE DE CIRCULACIÓN,CONCRETO,Nublado,Regular,2,NISSAN,ROJO,2,,21,MASCULINO,SIN DATOS,0,0,Morelia,Camelinas,junio,domingo,18,-101.176193654537,19.680462314586
15414,15414,2018,"180634680",2018/06/17,19:20:00,SUBIDA AL CAMELLÓN,ASFALTO,Bueno,Bueno,2,TOYOTA,GUINDA,2,,0,,SIN DATOS,0,0,Morelia,Sin datos,junio,domingo,19,-101.339499950409,19.6858895843558
15415,15415,2018,"180634602",2018/06/17,19:25:00,SALIDA DE SUPERFICIE DE RODAMIENTO,ASFALTO,Bueno,Bueno,1,DODGE,ROJO,1,,35,FEMENINO,SIN DATOS,0,0,Morelia,Bicentenario,junio,domingo,19,-101.17836356163,19.7388848118555
15416,15416,2018,,2018/06/17,19:40:00,COLISIÓN POR CORTE DE CIRCULACIÓN,ASFALTO,Lluvioso,Regular,1,CHEVROLET,ROJO,1,,0,MASCULINO,SIN DATOS,0,0,Pátzcuaro,General Manuel Garcia Pueblita,junio,domingo,20,-101.601219177246,19.510993333301
15417,15417,2018,"180634965",2018/06/17,20:00:00,COLISIÓN POR CORTE DE CIRCULACIÓN,ASFALTO,Bueno,Bueno,2,SIN DATOS,SIN DATOS,2,,0,,SIN DATOS,0,0,Morelia,Los Manantiales de Morelia,junio,domingo,20,-101.240129470825,19.7010263763737
15418,15418,2018,"180634993",2018/06/17,20:30:00,COLISIÓN POR ALCANCE,ASFALTO,Bueno,Bueno,2,VOLKWAGEN,BLANCO,2,,38,MASCULINO,SIN DATOS,0,0,Morelia,Francisco J Mujica,junio,domingo,21,-101.185562610626,19.7243525153097
15419,15419,2018,"180635013",2018/06/17,20:35:00,COLISIÓN POR ALCANCE,CONCRETO,Bueno,Bueno,4,SIN DATOS,SIN DATOS,1,,0,,SIN DATOS,0,0,Morelia,Fidel Velazquez,junio,domingo,21,-101.237618923187,19.7067988899203
15420,15420,2018,"180635065",2018/06/17,20:50:00,COLISIÓN POR ALCANCE,CONCRETO,Nublado,Regular,4,MERCEDES BENZ,GRIS,1,MINISTERIO PÚBLICO,,,,1,0,Morelia,Lomas de Huerta,junio,domingo,21,-101.214315891266,19.6742064572368
15421,15421,2018,,2018/06/17,22:40:00,VOLCADURA,TERRACERIA,Lluvioso,Regular,1,DODGE,BLANCO,2,MINISTERIO PÚBLICO,29,MASCULINO,SIN DATOS,0,1,Jungapeo,Sin datos,junio,domingo,23,-100.495376586914,19.5051076006444
15422,15422,2018,"180635544",2018/06/17,23:30:00,COLISIÓN CONTRA OBJETO FIJO,CONCRETO,Lluvioso,Regular,3,CHYSLER,AZUL,3,MINISTERIO PÚBLICO,0,,SIN DATOS,0,0,Morelia,Buenavista,junio,domingo,0,-101.165527850389,19.7052194236444
15423,15423,2018,"180635453",2018/06/17,23:45:00,SUBIDA AL CAMELLÓN,ASFALTO,Lluvioso,Bueno,1,CHEVROLET,BLANCO Y ROJO,1,,70,MASCULINO,CON CERTIFICADO,0,0,Morelia,Reforma,junio,domingo,0,-101.241352558136,19.7058090423758
15424,15424,2018,"180635663",2018/06/17,23:50:00,COLISIÓN POR INVASIÓN DE CARRIL,ASFALTO,Lluvioso,Regular,4,NISSAN,BLANCO,2,MINISTERIO PÚBLICO,18,MASCULINO,SIN DATOS,1,0,Morelia,Los Alamos,junio,domingo,0,-101.229400634766,19.7036323662838
15425,15425,2018,"180635612",2018/06/17,23:55:00,SALIDA DE SUPERFICIE DE RODAMIENTO,ASFALTO,Lluvioso,Bueno,1,RENAULT,SIN DATOS,1,,42,FEMENINO,SIN DATOS,0,0,Morelia,Sin datos,junio,domingo,0,-101.114645004272,19.737056986233
15426,15426,2018,"180635781",2018/06/18,"00:30:00",SUBIDA AL CAMELLÓN,ASFALTO,Lluvioso,Regular,1,CHEVROLET,BLANCO Y ROJO,1,,72,MASCULINO,SIN DATOS,0,0,Morelia,Pascual Ortiz de Ayala,junio,lunes,1,-101.150897741318,19.6949304164005
15427,15427,2018,"180635879",2018/06/18,"01:30:00",COLISIÓN POR CAMBIO DE CARRIL,ASFALTO,Lluvioso,Regular,2,SUZUKI,NEGRO,2,,22,MASCULINO,CON CERTIFICADO,0,0,Morelia,Lazaro Cardenas,junio,lunes,2,-101.165628433228,19.710132004978
15428,15428,2018,"180635979",2018/06/18,"03:30:00",SUBIDA AL CAMELLÓN,ASFALTO,Lluvioso,Regular,1,NISSAN,AMARILLO,1,,39,MASCULINO,SIN DATOS,0,0,Morelia,Rafael Carrillo,junio,lunes,4,-101.236449480057,19.7078796348363
15429,15429,2018,,2018/06/18,"04:50:00",SALIDA DE SUPERFICIE DE RODAMIENTO,ASFALTO,Lluvioso,Bueno,1,DODGE,AZUL,1,,0,MASCULINO,SIN DATOS,0,0,Pátzcuaro,Centro,junio,lunes,5,-101.607248783112,19.5238764745023
15430,15430,2018,"180636107",2018/06/18,"06:50:00",COLISIÓN POR CORTE DE CIRCULACIÓN,CONCRETO,Lluvioso,Regular,2,CHEVROLET,GRIS,2,,49,MASCULINO,SIN DATOS,0,0,Morelia,Agustin Arriaga Rivera,junio,lunes,7,-101.224551200867,19.6911525218634
15431,15431,2018,,2018/06/18,"07:15:00",VOLCADURA,ASFALTO,Lluvioso,Regular,1,MAZDA,NEGRO,4,MINISTERIO PÚBLICO,,,,1,3,Susupuato,Sin datos,junio,lunes,7,-100.356159210205,19.2905676630872
15432,15432,2018,,2018/06/18,"07:50:00",SUBIDA AL CAMELLÓN,ASFALTO,Lluvioso,Bueno,1,NISSAN,BLANCO,1,,33,FEMENINO,SIN DATOS,0,0,Morelia,Ignacio Zaragoza,junio,lunes,8,-101.207664012909,19.725867409884
15433,15433,2018,"180636166",2018/06/18,"08:10:00",COLISIÓN POR ALCANCE,ASFALTO,Bueno,Bueno,3,FORD,ROJO,3,,56,FEMENINO,SIN DATOS,0,0,Morelia,Felix Ireta,junio,lunes,8,-101.195701360703,19.6815962730716
15434,15434,2018,"180636222",2018/06/18,"08:25:00",COLISIÓN CON PEATÓN,ASFALTO,Lluvioso,Bueno,2,NISSAN,BLANCO Y VERDE,2,,44,MASCULINO,SIN DATOS,0,0,Morelia,Felicitas del Rio,junio,lunes,8,-101.199156045914,19.6887180559577
15435,15435,2018,"108636380",2018/06/18,"09:20:00",COLISIÓN POR NO RESPETAR SEMÁFORO,ASFALTO,Lluvioso,Bueno,2,HONDA,BLANCO,0,MINISTERIO PÚBLICO,,,,0,0,Morelia,Lindavista,junio,lunes,9,-101.216225624084,19.7040313416124
15436,15436,2018,"180636300",2018/06/18,"09:20:00",SALIDA DE SUPERFICIE DE RODAMIENTO,ASFALTO,Nublado,Bueno,1,CHEVROLET,VERDE,1,,29,FEMENINO,SIN DATOS,0,0,Morelia,Ciudad Industrial,junio,lunes,9,-101.137948036194,19.7286446793027
15437,15437,2018,LEG16022,2018/06/18,"09:22:00",COLISIÓN POR ALCANCE,ASFALTO,Bueno,Bueno,2,TOYOTA,GRIS,2,,38,MASCULINO,SIN DATOS,0,0,Morelia,Lomas de La Maestranza,junio,lunes,9,-101.33141040802,19.6848592001435
15438,15438,2018,"180636580",2018/06/18,"09:40:00",COLISIÓN POR CORTE DE CIRCULACIÓN,CONCRETO,Lluvioso,Bueno,2,ITALIKA,ROJO,2,,18,MASCULINO,SIN DATOS,0,0,Morelia,Quinceo,junio,lunes,10,-101.224223971367,19.7370367891479
15439,15439,2018,"180636450",2018/06/18,10:00:00,COLISIÓN POR CAMBIO DE CARRIL,ASFALTO,Bueno,Bueno,1,NISSAN,BLANCO/CAFE,1,,50,MASCULINO,SIN DATOS,0,0,Morelia,Canteras de Morelia,junio,lunes,10,-101.171593666077,19.7150204480749
15440,15440,2018,"18036307",2018/06/18,10:07:00,SALIDA DE SUPERFICIE DE RODAMIENTO,ASFALTO,Bueno,Bueno,1,NISSAN,GRIS,1,,43,MASCULINO,SIN DATOS,0,0,Morelia,Lomas de La Maestranza,junio,lunes,10,-101.333084106445,19.6847783854151
15442,15442,2018,"180636757",2018/06/18,11:40:00,COLISIÓN POR INVASIÓN DE CARRIL,CONCRETO,Bueno,Bueno,2,FREIGHTLINER,BLANCO,2,,37,MASCULINO,SIN DATOS,0,0,Morelia,Articulo Constitucional,junio,lunes,12,-101.172902584076,19.7145684753601
15443,15443,2018,"180637540",2018/06/18,13:20:00,COLISIÓN POR ALCANCE,ASFALTO,Nublado,Bueno,2,SUZUKI,BLANCO,0,,,,,0,0,Morelia,Felix Ireta,junio,lunes,13,-101.191914081573,19.6824549445351
15444,15444,2018,"180638006",2018/06/18,15:50:00,COLISIÓN POR CORTE DE CIRCULACIÓN,ASFALTO,Lluvioso,Bueno,2,NISSAN,BLANCO Y VERDE,2,,34,MASCULINO,SIN DATOS,0,0,Morelia,Lomas del Valle,junio,lunes,16,-101.230661273003,19.6878644688986
15445,15445,2018,"180638059",2018/06/18,16:35:00,COLISIÓN POR CORTE DE CIRCULACIÓN,ASFALTO,Lluvioso,Bueno,2,HONDA,BLANCO,2,,44,MASCULINO,SIN DATOS,0,0,Morelia,Independencia,junio,lunes,17,-101.176169514656,19.7056474340318
15446,15446,2018,,2018/06/18,18:45:00,VOLCADURA,CONCRETO,Bueno,Bueno,1,FORD,ROJO,1,,,MASCULINO,SIN DATOS,0,0,Morelia,Fidel Velazquez,junio,lunes,19,-101.239989995956,19.7061120575807
15447,15447,2018,"180639295",2018/06/18,21:30:00,COLISIÓN POR NO RESPETAR SEMÁFORO,ASFALTO,Lluvioso,Bueno,2,NISSAN,VERDE,2,,30,MASCULINO,SIN DATOS,0,0,Morelia,Elias Perez Avalos,junio,lunes,22,-101.165456771851,19.710556214639
15448,15448,2018,,2018/06/18,21:50:00,COLISIÓN POR ALCANCE,ASFALTO,Lluvioso,Bueno,2,VOLKSWAGEN,ROJO,2,MINISTERIO PÚBLICO,27,FEMENINO,SIN DATOS,0,0,Morelia,Las Americas,junio,lunes,22,-101.158933639526,19.6881321623714
15449,15449,2018,"180639433",2018/06/18,21:50:00,COLISIÓN CONTRA OBJETO FIJO,ASFALTO,Lluvioso,Bueno,1,YAMAHA,NEGRO,1,,31,MASCULINO,SIN DATOS,0,0,Tarímbaro,Sin datos,junio,lunes,22,-101.180820465088,19.7554958588341
15450,15450,2018,"180639660",2018/06/18,23:20:00,VOLCADURA,ASFALTO,Nublado,Bueno,1,JEEP,NEGRO,1,,,,SIN DATOS,0,0,Morelia,Ciudad Industrial,junio,lunes,23,-101.142840385437,19.7250493685975
15451,15451,2018,"180639981",2018/06/19,"07:15:00",SUBIDA AL CAMELLÓN,CONCRETO,Lluvioso,Bueno,1,JEEP,GRIS,1,,70,MASCULINO,SIN DATOS,0,0,Morelia,Tzindurio Norte,junio,martes,7,-101.244775056839,19.7039606371964
15452,15452,2018,"180639945",2018/06/19,"07:39:00",COLISIÓN POR CORTE DE CIRCULACIÓN,CONCRETO,Lluvioso,Regular,2,SIN DATOS,BLANCO Y ROSA,14,,0,,SIN DATOS,12,0,Morelia,El Realito,junio,martes,8,-101.202616095543,19.7282558644902
15453,15453,2018,"1806400130",2018/06/19,"09:00:00",COLISIÓN POR CORTE DE CIRCULACIÓN,ASFALTO,Bueno,Bueno,2,FORD,BLANCO,2,,22,MASCULINO,SIN DATOS,0,0,Morelia,Vasco de Quiroga,junio,martes,9,-101.174667477608,19.7028394629936
15454,15454,2018,"180640052",2018/06/19,"09:20:00",COLISIÓN CON PEATÓN,CONCRETO,Bueno,Bueno,1,CHEVROLET,AZUL,2,MINISTERIO PÚBLICO,34,FEMENINO,SIN DATOS,1,0,Morelia,Piedra Lisa,junio,martes,9,-101.19404643774,19.6677407202511
15456,15456,2018,"180640482",2018/06/19,10:25:00,COLISIÓN POR CORTE DE CIRCULACIÓN,ASFALTO,Bueno,Bueno,2,MAZDA,ROJO,2,,25,FEMENINO,SIN DATOS,0,0,Morelia,Nueva Chapultepec,junio,martes,10,-101.164485812187,19.6884453126583
15457,15457,2018,"180640492",2018/06/19,10:35:00,COLISIÓN POR ALCANCE,ASFALTO,Lluvioso,Regular,4,BUICK,BLANCO,4,MINISTERIO PÚBLICO,27,MASCULINO,SIN DATOS,0,0,Morelia,Cinco de Diciembre,junio,martes,11,-101.165692806244,19.684616755836
15458,15458,2018,"180640747",2018/06/19,11:05:00,COLISIÓN POR CORTE DE CIRCULACIÓN,CONCRETO,Bueno,Regular,2,CHRYSLER,PLATA,0,,,,,0,0,Morelia,Ventura Puente,junio,martes,11,-101.183636784554,19.6900691385988
15459,15459,2018,,2018/06/19,12:40:00,COLISIÓN POR CAMBIO DE CARRIL,ASFALTO,Bueno,Bueno,2,DODGE,BLANCO,2,,40,MASCULINO,SIN DATOS,0,0,Morelia,Canteras de Morelia,junio,martes,13,-101.171615123749,19.7150002482043
15461,15461,2018,"180541269",2018/06/19,13:50:00,COLISIÓN POR CAMBIO DE CARRIL,ASFALTO,Bueno,Regular,2,NISSAN,PLATA,2,,32,MASCULINO,SIN DATOS,0,0,Morelia,Chapultepec Norte,junio,martes,14,-101.177977323532,19.6958243703779
15462,15462,2018,"180641811",2018/06/19,15:00:00,COLISIÓN POR INVASIÓN DE CARRIL,ASFALTO,Bueno,Bueno,2,CHEVROLET,ROJO,2,,27,FEMENINO,SIN DATOS,0,0,Morelia,Virrey Antonio de Mendoza,junio,martes,15,-101.162345409393,19.70664738304
15463,15463,2018,"180642073",2018/06/19,16:45:00,COLISIÓN POR NO RESPETAR SEMÁFORO,ASFALTO,Bueno,Bueno,2,NISSAN,NEGRO,2,,24,MASCULINO,SIN DATOS,0,0,Morelia,Los Pinos de Michoacan,junio,martes,17,-101.216354370117,19.6830812666993
15464,15464,2018,"180643801",2018/06/19,18:00:00,VOLCADURA,ASFALTO,Lluvioso,Bueno,1,SEAT,BLANCO,1,,,,SIN DATOS,0,0,Tarímbaro,Cuto del Porvenir,junio,martes,18,-101.141939163208,19.8688490208595
15465,15465,2018,"180642442",2018/06/19,18:10:00,COLISIÓN POR CORTE DE CIRCULACIÓN,ASFALTO,Nublado,Bueno,2,HONDA,BLANCO,2,,60,MASCULINO,SIN DATOS,0,0,Morelia,Cinco de Diciembre,junio,martes,18,-101.16352558136,19.6859097879015
15466,15466,2018,"180642586",2018/06/19,18:40:00,COLISIÓN POR CORTE DE CIRCULACIÓN,ASFALTO,Lluvioso,Bueno,2,SIN DATOS,SIN DATOS,1,,67,MASCULINO,SIN DATOS,0,0,Morelia,Santiaguito,junio,martes,19,-101.190857291222,19.7157627915489
15467,15467,2018,"180642891",2018/06/19,19:55:00,COLISIÓN POR ALCANCE,ASFALTO,Lluvioso,Bueno,3,CHEVROLET,NEGRO,3,,35,MASCULINO,SIN DATOS,0,0,Morelia,Alberto Oviedo Mota,junio,martes,20,-101.202235221863,19.6773735629024
15468,15468,2018,"180643125",2018/06/19,20:35:00,COLISIÓN POR ALCANCE,ASFALTO,Bueno,Bueno,2,NISSAN,ROJO,2,,,FEMENINO,SIN DATOS,0,0,Morelia,Las Americas,junio,martes,21,-101.153440475464,19.6874048432128
15470,15470,2018,,2018/06/19,22:50:00,COLISIÓN POR INVASIÓN DE CARRIL,ASFALTO,Lluvioso,Bueno,2,NISSAN,COBRE,2,MINISTERIO PÚBLICO,55,MASCULINO,SIN DATOS,0,0,Maravatío,Sin datos,junio,martes,23,-100.419931411743,19.8949199043195
15471,15471,2018,,2018/06/19,23:35:00,COLISIÓN POR INVASIÓN DE CARRIL,ADOQUIN_EMPEDRADO,Bueno,Regular,2,JEEP,NEGRO,4,MINISTERIO PÚBLICO,35,FEMENINO,SIN DATOS,2,0,Sahuayo,La Alameda,junio,martes,0,-102.716288566589,20.0564250972555
15472,15472,2018,"180643694",2018/06/20,"06:10:00",SUBIDA AL CAMELLÓN,CONCRETO,Nublado,Regular,1,DODGE,BLANCO,1,,0,,SIN DATOS,0,0,Morelia,Loma Real,junio,miércoles,6,-101.198029518127,19.7280084363896
15473,15473,2018,"180643971",2018/06/20,"08:40:00",COLISIÓN POR CORTE DE CIRCULACIÓN,ASFALTO,Bueno,Bueno,2,HONDA,GRIS,2,,67,FEMENINO,SIN DATOS,0,0,Morelia,Ventura Puente,junio,miércoles,9,-101.182810664177,19.6899554965728
15474,15474,2018,,2018/06/20,10:00:00,COLISIÓN POR CAMBIO DE CARRIL,ASFALTO,Bueno,Bueno,2,VOLKSWAGEN,BLANCO,2,,45,FEMENINO,SIN DATOS,0,0,Morelia,Loma de Los Piñones,junio,miércoles,10,-101.205067634583,19.6742014059816
15475,15475,2018,"180644218",2018/06/20,10:20:00,COLISIÓN POR MANIOBRA DE REVERSA,ASFALTO,Bueno,Bueno,2,DATSUN,NEGRO,2,,32,MASCULINO,SIN DATOS,0,0,Morelia,Buenavista,junio,miércoles,10,-101.167868077755,19.7050136247319
15476,15476,2018,,2018/06/20,10:44:00,COLISIÓN POR CAMBIO DE CARRIL,ASFALTO,Bueno,Bueno,2,TOYOTA,BLANCO,2,,,MASCULINO,SIN DATOS,0,0,Morelia,Ciudad Industrial,junio,miércoles,11,-101.142700910568,19.7251604608698
15477,15477,2018,"180644516",2018/06/20,11:50:00,COLISIÓN POR CORTE DE CIRCULACIÓN,ASFALTO,Nublado,Bueno,2,MAN,VERDE,2,,34,MASCULINO,SIN DATOS,0,0,Morelia,Los Alamos,junio,miércoles,12,-101.229722499847,19.7037081211696
15478,15478,2018,"180644632",2018/06/20,11:55:00,COLISIÓN POR ALCANCE,ASFALTO,Bueno,Bueno,2,CHEVROLET,BLANCO,2,,,MASCULINO,SIN DATOS,1,0,Morelia,Loma de Los Piñones,junio,miércoles,12,-101.205174922943,19.674292328551
15479,15479,2018,"180644828",2018/06/20,12:00:00,COLISIÓN POR CAMBIO DE CARRIL,ASFALTO,Bueno,Bueno,2,NISSAN,BLANCO,2,,61,MASCULINO,SIN DATOS,0,0,Morelia,Ventura Puente,junio,miércoles,12,-101.179431080818,19.692374791617
15480,15480,2018,"180646033",2018/06/20,18:00:00,COLISIÓN POR ALCANCE,ASFALTO,Bueno,Bueno,1,NISSAN,GRIS,1,,27,FEMENINO,SIN DATOS,0,0,Morelia,Las Americas,junio,miércoles,18,-101.156562566757,19.6878291131235
15481,15481,2018,"180646103",2018/06/20,18:40:00,COLISIÓN POR CAMBIO DE CARRIL,CONCRETO,Bueno,Bueno,2,CHRYSLER,ROJO,2,,47,MASCULINO,SIN DATOS,0,0,Morelia,Vasco de Quiroga,junio,miércoles,19,-101.167774200439,19.6967284204525
15482,15482,2018,,2018/06/20,19:10:00,COLISIÓN POR ALCANCE,ASFALTO,Bueno,Bueno,2,VOLKSWAGEN,BLANCO,2,,23,FEMENINO,SIN DATOS,0,0,Morelia,Pascual Ortiz de Ayala,junio,miércoles,19,-101.149320602417,19.6948395055468
15483,15483,2018,"180646666",2018/06/20,19:20:00,COLISIÓN POR CAMBIO DE CARRIL,ASFALTO,Bueno,Bueno,2,VOLVO,VERDE,2,,0,MASCULINO,SIN DATOS,0,0,Morelia,Ana Maria Gallaga (Riviera Norte),junio,miércoles,19,-101.222620010376,19.6769795723055
15484,15484,2018,,2018/06/20,21:50:00,COLISIÓN POR ALCANCE,ASFALTO,Bueno,Bueno,2,FREIGHTLINER,BLANCO,2,,24,MASCULINO,SIN DATOS,0,0,Morelia,El Lago 2,junio,miércoles,22,-101.212052106857,19.7263824707677
15485,15485,2018,"180736185",2018/06/20,23:40:00,CAIDA DE MOTOCICLETA,ASFALTO,Nublado,Bueno,1,SUZUKI,AZUL,1,,22,MASCULINO,SIN DATOS,0,0,Morelia,El Lago 3,junio,miércoles,0,-101.217824220657,19.7271298110586
15486,15486,2018,"180647336",2018/06/21,"00:40:00",CAIDA ACUATICA DE VEHÍCULO,CONCRETO,Bueno,Bueno,1,FORD,AZUL,0,,,,,0,0,Morelia,Ampliacion La Soledad,junio,jueves,1,-101.183309555054,19.7367742268095
15487,15487,2018,,2018/06/21,"00:50:00",COLISIÓN POR INVASIÓN DE CARRIL,ASFALTO,Bueno,Bueno,2,SEAT,GRIS,2,,23,MASCULINO,CON CERTIFICADO,0,0,Morelia,San Pascual,junio,jueves,1,-101.267337799072,19.6954657792692
15488,15488,2018,"180647608",2018/06/21,"04:15:00",COLISIÓN CONTRA OBJETO FIJO,ASFALTO,Lluvioso,Regular,2,VOLKWAGEN,GRIS,2,,21,MASCULINO,SIN DATOS,0,0,Morelia,Tres Puentes,junio,jueves,4,-101.213489770889,19.7061878112923
15489,15489,2018,"180647659",2018/06/21,"05:58:00",VOLCADURA,ASFALTO,Bueno,Bueno,1,FORD,GRIS,1,,21,MASCULINO,SIN DATOS,0,0,Morelia,Alberto Oviedo Mota,junio,jueves,6,-101.202256679535,19.6773432559678