fid,id_accidente,anio_origen,folio_c5i,dia_incidente,hora_ocurrencia,tipo_incidente_vial,superficie_ocurrencia,condiciones_climaticas,condiciones_via,numero_vehiculos_involucrados,marca_vehiculo_ocasiona_siniestro,color_vehiculo_ocasiona_siniestro,numero_personas_involucradas,lugar_remite_presunto_responsable,edad_presunto_responsable,sexo_presunto_responsable,resultados_toxicologia,numero_personas_lesionadas,numero_personas_fallecidas,municipio,colonia,mes,dia_semana,hora_redondeada,lon,lat
15490,15490,2018,"180647709",2018/06/21,"06:40:00",COLISIÓN POR CORTE DE CIRCULACIÓN,ASFALTO,Lluvioso,Regular,2,NISSAN,ARENA,2,,53,MASCULINO,SIN DATOS,0,0,Morelia,Pascual Ortiz de Ayala,junio,jueves,7,-101.14950299263,19.6947687970694
15491,15491,2018,"180647753",2018/06/21,"07:15:00",COLISIÓN POR CORTE DE CIRCULACIÓN,ASFALTO,Lluvioso,Regular,1,YAMAHA,BLANCO,2,,26,MASCULINO,SIN DATOS,1,0,Morelia,Centro,junio,jueves,7,-101.190674901009,19.6959809380749
15492,15492,2018,"180647936",2018/06/21,"07:40:00",COLISIÓN POR ALCANCE,ASFALTO,Lluvioso,Regular,2,DODGE,GUINDA,2,,42,MASCULINO,CON CERTIFICADO,0,0,Morelia,Alberto Oviedo Mota,junio,jueves,8,-101.201999187469,19.677898882191
15493,15493,2018,"180647879",2018/06/21,"08:35:00",COLISIÓN POR CORTE DE CIRCULACIÓN,ASFALTO,Lluvioso,Bueno,2,FORD,PLATA,2,,52,MASCULINO,SIN DATOS,0,0,Morelia,Cuauhtemoc,junio,jueves,9,-101.183738708496,19.6945970763513
15494,15494,2018,"180648200",2018/06/21,10:25:00,COLISIÓN POR CORTE DE CIRCULACIÓN,ASFALTO,Nublado,Bueno,1,VOLKSWAGEN,ROJO,1,,37,MASCULINO,SIN DATOS,0,0,Morelia,Alberto Oviedo Mota,junio,jueves,10,-101.199477910995,19.6810861190224
15496,15496,2018,"180648372",2018/06/21,10:45:00,COLISIÓN POR ALCANCE,ASFALTO,Nublado,Bueno,2,NISSAN,AZUL,2,,26,FEMENINO,SIN DATOS,0,0,Morelia,Alberto Oviedo Mota,junio,jueves,11,-101.199456453323,19.6812022928596
15497,15497,2018,"180648632",2018/06/21,11:50:00,COLISIÓN POR CAMBIO DE CARRIL,ASFALTO,Bueno,Bueno,2,VOLKSWAGEN,NEGRO,2,,37,MASCULINO,SIN DATOS,0,0,Morelia,Asociacion Zirahuen,junio,jueves,12,-101.250214576721,19.6988193323459
15498,15498,2018,"180649226",2018/06/21,13:50:00,COLISIÓN POR ALCANCE,ASFALTO,Bueno,Bueno,2,TOYOTA,ROJO,2,,56,MASCULINO,SIN DATOS,0,0,Morelia,Centro,junio,jueves,14,-101.19519174099,19.7030263259063
15499,15499,2018,"180649522",2018/06/21,15:50:00,COLISIÓN CON PEATÓN,ASFALTO,Nublado,Regular,1,SIN DATOS,SIN DATOS,2,,0,,SIN DATOS,1,0,Morelia,Eduardo Ruiz,junio,jueves,16,-101.218467950821,19.7195350551242
15500,15500,2018,"180649804",2018/06/21,16:30:00,COLISIÓN POR CORTE DE CIRCULACIÓN,ASFALTO,Nublado,Regular,2,DODGE,CAFE,2,,0,,SIN DATOS,0,0,Morelia,Jacarandas,junio,jueves,17,-101.211102604866,19.7079099359904
15501,15501,2018,"180650490",2018/06/21,18:40:00,COLISIÓN POR CORTE DE CIRCULACIÓN,ASFALTO,Bueno,Bueno,2,VOLKSWAGEN,BLANCO,2,,42,MASCULINO,SIN DATOS,0,0,Morelia,Camelinas,junio,jueves,19,-101.171143054962,19.6822731086094
15502,15502,2018,"180650399",2018/06/21,18:50:00,COLISIÓN POR ALCANCE,ASFALTO,Bueno,Bueno,2,VOLKSWAGEN,ROJO,2,,29,MASCULINO,SIN DATOS,0,0,Morelia,Felix Arreguin,junio,jueves,19,-101.226804256439,19.7213024840059
15503,15503,2018,"180650625",2018/06/21,19:55:00,CAIDA DE MOTOCICLETA,CONCRETO,Bueno,Bueno,1,VENTO,NEGRO,1,,,,,1,0,Morelia,Centro,junio,jueves,20,-101.201677322388,19.7028950168553
15504,15504,2018,"180651021",2018/06/21,21:17:00,COLISIÓN CON PEATÓN,ASFALTO,Bueno,Bueno,1,SEAT,AMARILLO,2,,36,FEMENINO,SIN DATOS,1,0,Morelia,Granjas del Maestro,junio,jueves,21,-101.192761659622,19.7133792002695
15505,15505,2018,LEG16100,2018/06/21,22:30:00,COLISIÓN POR ALCANCE,ASFALTO,Nublado,Bueno,2,INTERNACIONAL,BLANCO,2,,21,MASCULINO,SIN DATOS,0,0,Morelia,Morelia 450,junio,jueves,23,-101.216654777527,19.6756460584814
15506,15506,2018,"180651447",2018/06/21,23:00:00,SUBIDA AL CAMELLÓN,ASFALTO,Bueno,Bueno,1,NISSAN,BLANCO,1,,43,MASCULINO,SIN DATOS,0,0,Morelia,Los Manantiales de Morelia,junio,jueves,23,-101.241663694382,19.6958900278179
15507,15507,2018,"180651439",2018/06/22,"00:12:00",COLISIÓN POR CAMBIO DE CARRIL,ASFALTO,Bueno,Bueno,2,NISSAN,ROJO,2,MINISTERIO PÚBLICO,,,,2,0,Morelia,Barrio Alto,junio,viernes,0,-101.196978092194,19.7250392692962
15509,15509,2018,"180651864",2018/06/22,"08:30:00",COLISIÓN POR CORTE DE CIRCULACIÓN,ASFALTO,Bueno,Bueno,2,TOYOTA,BLANCO/GUINDA,2,,30,MASCULINO,SIN DATOS,0,0,Morelia,Prados Verdes,junio,viernes,9,-101.197471618652,19.7137680512724
15510,15510,2018,"180652216",2018/06/22,"09:40:00",COLISIÓN POR CAMBIO DE CARRIL,ASFALTO,Bueno,Bueno,2,NISSAN,CAFE,2,,67,MASCULINO,SIN DATOS,0,0,Morelia,Obrera,junio,viernes,10,-101.185466051102,19.708364452613
15511,15511,2018,"180652252",2018/06/22,10:15:00,COLISIÓN POR CAMBIO DE CARRIL,CONCRETO,Bueno,Bueno,2,DODGE,GRIS,2,,24,FEMENINO,SIN DATOS,0,0,Morelia,Sentimientos de La Nacion,junio,viernes,10,-101.234346628189,19.6789394133896
15512,15512,2018,"180652328",2018/06/22,11:15:00,COLISIÓN POR ALCANCE,ASFALTO,Bueno,Bueno,2,FORD,BLANCO,2,MINISTERIO PÚBLICO,0,MASCULINO,SIN DATOS,0,0,Morelia,Los Angeles,junio,viernes,11,-101.177730560303,19.7397229790391
15513,15513,2018,"180525396",2018/06/22,11:20:00,COLISIÓN POR CORTE DE CIRCULACIÓN,ASFALTO,Bueno,Bueno,1,HONDA,BLANCO,1,,39,MASCULINO,SIN DATOS,0,0,Morelia,Isaac Arriaga,junio,viernes,11,-101.173369288445,19.7069200953211
15514,15514,2018,"180652452",2018/06/22,11:20:00,COLISIÓN POR ALCANCE,ASFALTO,Lluvioso,Malo,2,NISSAN,ROJO,0,,,,,0,0,Morelia,Libertad,junio,viernes,11,-101.236578226089,19.6850612367861
15515,15515,2018,,2018/06/22,11:25:00,COLISIÓN POR CAMBIO DE CARRIL,ASFALTO,Bueno,Bueno,2,TOYOTA,BLANCO Y GRIS,2,,59,MASCULINO,SIN DATOS,0,0,Morelia,Morelia 450,junio,viernes,11,-101.217416524887,19.6758076971118
15517,15517,2018,,2018/06/22,12:00:00,COLISIÓN POR CORTE DE CIRCULACIÓN,CONCRETO,Bueno,Bueno,2,TOYOTA,BLANCO Y GRIS,2,,19,MASCULINO,SIN DATOS,0,0,Morelia,Union,junio,viernes,12,-101.157318949699,19.7099198997256
15518,15518,2018,,2018/06/22,12:45:00,COLISIÓN POR ALCANCE,ASFALTO,Bueno,Bueno,2,HONDA,BLANCO,2,,49,MASCULINO,SIN DATOS,0,0,Cuitzeo,El Embarcadero,junio,viernes,13,-101.140132695436,19.9661010939541
15519,15519,2018,,2018/06/22,13:30:00,COLISIÓN POR ALCANCE,SIN_DATOS,Bueno,Bueno,2,FORD,AZUL,4,MINISTERIO PÚBLICO,0,,SIN DATOS,2,0,Panindícuaro,Centro,junio,viernes,14,-101.760821342468,19.9718160845553
15520,15520,2018,,2018/06/22,14:20:00,COLISIÓN POR CORTE DE CIRCULACIÓN,ASFALTO,Bueno,Bueno,2,MERCEDES BENZ,NEGRO,2,,32,MASCULINO,SIN DATOS,0,0,Morelia,Infonavit  Las  Camelinas,junio,viernes,14,-101.175541877747,19.6840131689346
15521,15521,2018,"180653433",2018/06/22,15:40:00,COLISIÓN POR MANIOBRA DE REVERSA,CONCRETO,Bueno,Bueno,1,FORD,ROJO,1,MINISTERIO PÚBLICO,0,,SIN DATOS,0,0,Morelia,Industrial,junio,viernes,16,-101.196811795235,19.7072837109726
15522,15522,2018,,2018/06/22,15:45:00,COLISIÓN POR CORTE DE CIRCULACIÓN,ASFALTO,Bueno,Bueno,2,FORD,SIN DATOS,2,,0,,SIN DATOS,0,0,Morelia,Villas del Real,junio,viernes,16,-101.199316978455,19.7325327753832
15523,15523,2018,,2018/06/22,16:00:00,COLISIÓN POR CORTE DE CIRCULACIÓN,CONCRETO,Bueno,Bueno,2,SIN DATOS,ROJO,1,MINISTERIO PÚBLICO,0,MASCULINO,SIN DATOS,0,0,Morelia,Ferrocarrilero,junio,viernes,16,-101.217277050018,19.6978243849241
15524,15524,2018,,2018/06/22,16:40:00,VOLCADURA,ASFALTO,Nublado,Bueno,1,KENWORTH,BLANCO/ROJO,1,,40,MASCULINO,SIN DATOS,0,0,Zinapécuaro,La Mora,junio,viernes,17,-100.826168060303,19.8532286512078
15525,15525,2018,,2018/06/22,18:00:00,COLISIÓN CONTRA OBJETO FIJO,ASFALTO,Bueno,Bueno,1,VOLKWAGEN,AZUL,1,,57,,SIN DATOS,0,0,Huandacareo,Vistabella,junio,viernes,18,-101.279835168474,19.9947155284601
15526,15526,2018,,2018/06/22,18:12:00,COLISIÓN POR ALCANCE,ASFALTO,Bueno,Bueno,4,NISSAN,BLANCO,4,,21,MASCULINO,SIN DATOS,0,0,Morelia,Tenencia Morelos,junio,viernes,18,-101.24675989151,19.6502061477519
15527,15527,2018,"180654056",2018/06/22,18:15:00,COLISIÓN POR CORTE DE CIRCULACIÓN,ASFALTO,Bueno,Bueno,2,CHEVROLET,BLANCO,2,,0,,SIN DATOS,0,0,Morelia,Pascual Ortiz de Ayala,junio,viernes,18,-101.149492263794,19.6949405176032
15528,15528,2018,"180654101",2018/06/22,18:30:00,COLISIÓN POR MANIOBRA DE REVERSA,CONCRETO,Bueno,Bueno,2,GMC,NEGRO,2,,55,MASCULINO,ALIENTO ETÍLICO,0,0,Morelia,Fuentes de Morelia,junio,viernes,19,-101.204619705677,19.6728754459834
15529,15529,2018,"180653156",2018/06/22,18:50:00,SUBIDA AL CAMELLÓN,ASFALTO,Bueno,Bueno,1,CHEVROLET,BLANCO,1,,30,FEMENINO,SIN DATOS,0,0,Morelia,Ciudad Industrial,junio,viernes,19,-101.144481897354,19.7223932303632
15530,15530,2018,,2018/06/22,19:34:00,COLISIÓN POR ALCANCE,ASFALTO,Bueno,Bueno,2,VOLKSWAGEN,GRIS,2,,22,MASCULINO,SIN DATOS,0,0,Morelia,Loma de Los Piñones,junio,viernes,20,-101.205013990402,19.6740852270679
15531,15531,2018,"180765167",2018/06/22,19:41:00,COLISIÓN CON PEATÓN,ASFALTO,Bueno,Bueno,1,CHEVROLET,BLANCO/VERDE,2,,0,MASCULINO,SIN DATOS,1,0,Morelia,Centro,junio,viernes,20,-101.191522479057,19.7029758224379
15533,15533,2018,"180654896",2018/06/22,21:36:00,COLISIÓN POR CORTE DE CIRCULACIÓN,ASFALTO,Bueno,Bueno,2,NISSAN,BLANCO,2,,26,MASCULINO,SIN DATOS,0,0,Morelia,Felix Ireta,junio,viernes,22,-101.18803024292,19.6815760689818
15534,15534,2018,,2018/06/22,21:44:00,COLISIÓN POR ALCANCE,ASFALTO,Bueno,Bueno,2,NISSAN,BLANCO/ROSA,2,,54,MASCULINO,SIN DATOS,0,0,Morelia,Jardines de Torremolinos,junio,viernes,22,-101.227941513062,19.6769997769751
15535,15535,2018,"18069257",2018/06/22,22:30:00,COLISIÓN POR CAMBIO DE CARRIL,ASFALTO,Bueno,Bueno,3,KENWORTH,GRIS,2,,29,MASCULINO,SIN DATOS,0,0,Morelia,Ana Maria Gallaga (Riviera Norte),junio,viernes,23,-101.219530105591,19.6769391629588
15536,15536,2018,"180655383",2018/06/23,"00:00:00",COLISIÓN POR CORTE DE CIRCULACIÓN,CONCRETO,Bueno,Bueno,2,SEAT,PLATA,2,,,MASCULINO,SIN DATOS,0,0,Morelia,Chapultepec Sur,junio,sábado,0,-101.169877052307,19.6900312579325
15537,15537,2018,,2018/06/23,"00:25:00",COLISIÓN CONTRA OBJETO FIJO,ASFALTO,Bueno,Bueno,1,NISSAN,ARENA,1,,,,SIN DATOS,0,0,Irimbo,Sin datos,junio,sábado,0,-100.429329872131,19.6860310091224
15538,15538,2018,"180563167",2018/06/23,"00:50:00",SALIDA DE SUPERFICIE DE RODAMIENTO,ASFALTO,Bueno,Bueno,1,VOLKSWAGEN,ROJO,1,,30,MASCULINO,ALIENTO ETÍLICO,0,0,Charo,La Goleta,junio,sábado,1,-101.08328461647,19.7373902377679
15539,15539,2018,"18055429",2018/06/23,"01:30:00",COLISIÓN CONTRA OBJETO FIJO,ASFALTO,Nublado,Bueno,2,VOLKWAGEN,ROJO,2,,29,MASCULINO,SIN DATOS,0,0,Morelia,Mirador del Punhuato,junio,sábado,2,-101.160349845886,19.7047686858038
15540,15540,2018,,2018/06/23,"01:40:00",COLISIÓN POR CORTE DE CIRCULACIÓN,ASFALTO,Bueno,Bueno,1,MERCEDES BENZ,AMARILLO,1,,59,MASCULINO,SIN DATOS,0,0,Morelia,Ario 1815,junio,sábado,2,-101.279252171516,19.6984860003962
15541,15541,2018,"180653468",2018/06/23,"02:13:00",COLISIÓN CONTRA OBJETO FIJO,ASFALTO,Bueno,Bueno,1,NISSAN,GRIS,1,,36,MASCULINO,SIN DATOS,0,0,Morelia,Nueva Valladolid,junio,sábado,2,-101.210587620735,19.7009556706297
15542,15542,2018,"180655522",2018/06/23,"04:30:00",COLISIÓN CONTRA OBJETO FIJO,ASFALTO,Bueno,Bueno,1,NISSAN,TURQUEZA,0,MINISTERIO PÚBLICO,,,,0,0,Morelia,Valle de Altozano,junio,sábado,5,-101.164619922638,19.6651594039694
15543,15543,2018,"180655565",2018/06/23,"04:50:00",COLISIÓN CONTRA OBJETO FIJO,ASFALTO,Bueno,Bueno,1,VOLKSWAGEN,VERDE,1,,,,SIN DATOS,0,0,Morelia,Libertad,junio,sábado,5,-101.236921548843,19.6848895056561
15544,15544,2018,"180655653",2018/06/23,"07:10:00",COLISIÓN POR NO RESPETAR SEMÁFORO,ASFALTO,Bueno,Bueno,2,VOLKSWAGEN,BLANCO,2,MINISTERIO PÚBLICO,,,,2,0,Morelia,Centro,junio,sábado,7,-101.198469400406,19.7031727858746
15545,15545,2018,"180656182",2018/06/23,"08:15:00",COLISIÓN POR CORTE DE CIRCULACIÓN,ASFALTO,Bueno,Bueno,2,NISSAN,ARENA,2,,45,MASCULINO,SIN DATOS,0,0,Morelia,Buenavista,junio,sábado,8,-101.163005232811,19.7056777356087
15546,15546,2018,LEG16170,2018/06/23,"08:20:00",COLISIÓN POR CORTE DE CIRCULACIÓN,ASFALTO,Bueno,Bueno,2,WOLKSWAGEN,BLANCO,2,,38,MASCULINO,SIN DATOS,0,0,Morelia,Centro,junio,sábado,8,-101.188867092133,19.7046929314203
15547,15547,2018,LEG16172,2018/06/23,"09:30:00",COLISIÓN POR CORTE DE CIRCULACIÓN,CONCRETO,Bueno,Bueno,2,CHEVROLET,VERDE,0,MINISTERIO PÚBLICO,,,,0,0,Morelia,Chapultepec Sur,junio,sábado,10,-101.177092194557,19.6919707365326
15549,15549,2018,"180655856",2018/06/23,10:00:00,COLISIÓN POR CAMBIO DE CARRIL,ASFALTO,Bueno,Bueno,2,TOYOTA,AZUL,1,,,,,1,0,Morelia,Ampliacion La Soledad,junio,sábado,10,-101.183459758759,19.7358754524603
15550,15550,2018,"180656904",2018/06/23,13:50:00,CAIDA DE MOTOCICLETA,CONCRETO,Bueno,Bueno,1,KAWASAKI,AZUL,2,,30,MASCULINO,SIN DATOS,1,0,Morelia,Obrera,junio,sábado,14,-101.187445521355,19.7083038504713
15551,15551,2018,"180657008",2018/06/23,14:10:00,COLISIÓN POR CORTE DE CIRCULACIÓN,ASFALTO,Bueno,Bueno,2,CHEVROLET,BLANCO,2,,47,MASCULINO,SIN DATOS,0,0,Morelia,Ana Maria Gallaga (Riviera Norte),junio,sábado,14,-101.219573020935,19.6769795723055
15552,15552,2018,,2018/06/23,15:15:00,COLISIÓN POR CORTE DE CIRCULACIÓN,CONCRETO,Bueno,Bueno,2,PONTIAC,AZUL,4,MINISTERIO PÚBLICO,44,MASCULINO,SIN DATOS,2,0,Sahuayo,Perpetuo Socorro,junio,sábado,15,-102.722071409225,20.0603857757352
15553,15553,2018,"180657454",2018/06/23,15:45:00,COLISIÓN POR CAMBIO DE CARRIL,ASFALTO,Bueno,Bueno,2,VOLKSWAGEN,PLATA,2,MINISTERIO PÚBLICO,30,MASCULINO,SIN DATOS,0,0,Morelia,Los Angeles,junio,sábado,16,-101.177859306335,19.7395816017503
15554,15554,2018,"1806656183",2018/06/23,15:45:00,COLISIÓN POR CAMBIO DE CARRIL,CONCRETO,Bueno,Bueno,3,NISSAN,ROJO,0,,,,,0,0,Morelia,Centro,junio,sábado,16,-101.195148825645,19.7030616783247
15556,15556,2018,"180657917",2018/06/23,17:30:00,COLISIÓN POR INVASIÓN DE CARRIL,ASFALTO,Bueno,Bueno,2,CHEVROLET,ROJO,2,,50,MASCULINO,SIN DATOS,0,0,Morelia,Comision Federal de Electricidad,junio,sábado,18,-101.181378364563,19.6816669873661
15557,15557,2018,,2018/06/23,19:00:00,COLISIÓN CONTRA OBJETO FIJO,ASFALTO,Lluvioso,Bueno,1,DODGE,ROJO,1,,37,,SIN DATOS,0,0,Cuitzeo,El Embarcadero,junio,sábado,19,-101.13578081131,19.9584648172618
15558,15558,2018,,2018/06/23,20:30:00,COLISIÓN POR ALCANCE,ASFALTO,Lluvioso,Bueno,2,NISSAN,BLANCO,2,,25,MASCULINO,ALIENTO ETÍLICO,0,0,Morelia,Victor Manuel Tinoco Rubi,junio,sábado,21,-101.242897510529,19.7006576960795
15559,15559,2018,"180658945",2018/06/23,21:10:00,VOLCADURA,ASFALTO,Lluvioso,Bueno,2,FORD,GRIS,2,MINISTERIO PÚBLICO,,,SIN DATOS,0,0,Morelia,Independencia,junio,sábado,21,-101.177805662155,19.7050110995902
15560,15560,2018,"180658941",2018/06/23,21:30:00,COLISIÓN POR CAMBIO DE CARRIL,ASFALTO,Lluvioso,Bueno,2,FORD,VERDE,2,,23,MASCULINO,SIN DATOS,0,0,Morelia,Pastor Manuel Sanchez Camarena,junio,sábado,22,-101.199080944061,19.7362491008378
15561,15561,2018,"180658923",2018/06/23,21:35:00,COLISIÓN POR CAMBIO DE CARRIL,ASFALTO,Lluvioso,Bueno,2,NISSAN,BLANCO,1,,72,MASCULINO,ALIENTO ETÍLICO,0,0,Morelia,Pedro Ma Anaya,junio,sábado,22,-101.204767227173,19.7149345986072
15562,15562,2018,,2018/06/23,22:00:00,SALIDA DE SUPERFICIE DE RODAMIENTO,ASFALTO,Lluvioso,Bueno,2,GMC,BLANCO,3,,17,MASCULINO,SIN DATOS,1,0,Contepec,Sin datos,junio,sábado,22,-100.223507881165,19.9261710558236
15564,15564,2018,"180659447",2018/06/23,23:35:00,COLISIÓN POR ALCANCE,ASFALTO,Bueno,Bueno,2,NISSAN,ORO,2,,36,MASCULINO,SIN DATOS,0,0,Morelia,Rafael Carrillo,junio,sábado,0,-101.236438751221,19.7078594340637
15565,15565,2018,"180659365",2018/06/23,23:40:00,COLISIÓN CON PEATÓN,SIN_DATOS,Bueno,Bueno,2,HONDA,PLATA,2,,19,MASCULINO,SIN DATOS,0,0,Morelia,Felix Ireta,junio,sábado,0,-101.195776462555,19.6815760689818
15566,15566,2018,"180659407",2018/06/24,"00:10:00",COLISIÓN POR ALCANCE,ASFALTO,Nublado,Regular,2,FORD,VERDE,2,,27,MASCULINO,ALIENTO ETÍLICO,0,0,Morelia,Sin datos,junio,domingo,0,-101.286993026733,19.593492362978
15567,15567,2018,"180659582",2018/06/24,"01:36:00",SUBIDA AL CAMELLÓN,ASFALTO,Lluvioso,Bueno,1,VOLKSWAGEN,BLANCO,1,,41,MASCULINO,SIN DATOS,0,0,Morelia,Justo Mendoza,junio,domingo,2,-101.231932640076,19.7137276512122
15568,15568,2018,"180659564",2018/06/24,"01:40:00",SUBIDA AL CAMELLÓN,ASFALTO,Bueno,Regular,1,VOLKSWAGEN,ROJO,1,,31,MASCULINO,ALIENTO ETÍLICO,0,0,Morelia,Tierra Y Libertad,junio,domingo,2,-101.230516433716,19.7158082410374
15569,15569,2018,"180659650",2018/06/24,"03:00:00",COLISIÓN POR CORTE DE CIRCULACIÓN,ASFALTO,Lluvioso,Regular,2,PONTIAC,NEGRO,2,,0,,SIN DATOS,0,0,Morelia,Vasco de Quiroga,junio,domingo,3,-101.174973249435,19.6992435720051
15570,15570,2018,,2018/06/24,"03:15:00",COLISIÓN POR CORTE DE CIRCULACIÓN,TERRACERIA,Lluvioso,Regular,1,JEEP,VERDE,1,,18,MASCULINO,SIN DATOS,0,0,Morelia,Sin datos,junio,domingo,3,-101.098610758781,19.7304423043171
15571,15571,2018,"180659804",2018/06/24,"06:55:00",COLISIÓN POR ALCANCE,ASFALTO,Bueno,Regular,2,VOLKSWAGEN,BLANCO,2,,30,MASCULINO,SIN DATOS,0,0,Morelia,Nueva Valladolid,junio,domingo,7,-101.21076464653,19.6952435533901
15572,15572,2018,"180659817",2018/06/24,"07:20:00",COLISIÓN POR CAMBIO DE CARRIL,ASFALTO,Bueno,Bueno,2,VOLKSWAGEN,BLANCO,2,,48,MASCULINO,SIN DATOS,0,0,Morelia,Felix Ireta,junio,domingo,7,-101.195706725121,19.6815508138658
15573,15573,2018,"180659947",2018/06/24,10:00:00,COLISIÓN POR ALCANCE,ASFALTO,Bueno,Bueno,2,FORD,BLANCO,2,,36,MASCULINO,SIN DATOS,0,0,Morelia,Tres Puentes,junio,domingo,10,-101.213736534119,19.7025364415901
15574,15574,2018,"180601588",2018/06/24,11:30:00,CAIDA DE MOTOCICLETA,ASFALTO,Bueno,Bueno,1,YAMAHA,ROJO,1,,22,MASCULINO,SIN DATOS,0,0,Morelia,Isaac Arriaga,junio,domingo,12,-101.170456409454,19.7082381981252
15575,15575,2018,"180660537",2018/06/24,12:20:00,COLISIÓN POR ALCANCE,ASFALTO,Bueno,Bueno,2,VOLKSWAGEN,PLATA,2,,38,MASCULINO,SIN DATOS,0,0,Morelia,Diego Rivera,junio,domingo,12,-101.177752017975,19.7195956530094
15576,15576,2018,"180660713",2018/06/24,13:00:00,COLISIÓN POR CAMBIO DE CARRIL,ASFALTO,Bueno,Bueno,2,FORD,BLANCO,2,,24,MASCULINO,SIN DATOS,0,0,Tarímbaro,Sin datos,junio,domingo,13,-101.147260665894,19.7724383547443
15577,15577,2018,,2018/06/24,13:40:00,COLISIÓN POR INVASIÓN DE CARRIL,ASFALTO,Bueno,Bueno,2,FORD,GRIS,0,MINISTERIO PÚBLICO,,,,0,0,Uruapan,Sin datos,junio,domingo,14,-102.081484794617,19.3821257981683
15578,15578,2018,"180660792",2018/06/24,14:20:00,COLISIÓN POR CAMBIO DE CARRIL,CONCRETO,Bueno,Bueno,2,FORD,BLANCO,1,MINISTERIO PÚBLICO,,,,1,0,Morelia,Torreon Nuevo,junio,domingo,14,-101.205201745033,19.7461605622259
15579,15579,2018,"180660972",2018/06/24,15:00:00,COLISIÓN POR CORTE DE CIRCULACIÓN,CONCRETO,Bueno,Bueno,3,CHEVROLET,ROSA,3,MINISTERIO PÚBLICO,37,FEMENINO,SIN DATOS,0,0,Morelia,Chapultepec Norte,junio,domingo,15,-101.168603003025,19.6949020067642
15580,15580,2018,,2018/06/24,15:30:00,SALIDA DE SUPERFICIE DE RODAMIENTO,ASFALTO,Bueno,Bueno,2,NISSAN,BLANCO,2,MINISTERIO PÚBLICO,48,MASCULINO,SIN DATOS,0,1,Tangancícuaro,Sector 2,junio,domingo,16,-102.20272064209,19.8992780853649
15581,15581,2018,,2018/06/24,16:25:00,COLISIÓN POR MANIOBRA DE REVERSA,CONCRETO,Bueno,Bueno,2,NISSAN,BLANCO,2,MINISTERIO PÚBLICO,57,MASCULINO,CON CERTIFICADO,0,0,Apatzingán,Independencia,junio,domingo,16,-102.35470533371,19.0956593318089
15582,15582,2018,"180661533",2018/06/24,17:25:00,COLISIÓN POR CORTE DE CIRCULACIÓN,ASFALTO,Bueno,Regular,2,CHEVROLET,NARANJA,2,,50,MASCULINO,SIN DATOS,0,0,Morelia,Alberto Oviedo Mota,junio,domingo,17,-101.199467182159,19.6812224969966
15583,15583,2018,,2018/06/24,18:05:00,COLISIÓN CON PEATÓN,ASFALTO,Bueno,Bueno,1,TOYOTA,ROJO,2,MINISTERIO PÚBLICO,0,MASCULINO,SIN DATOS,1,0,Morelia,Independencia,junio,domingo,18,-101.176282167435,19.7150658977744
15584,15584,2018,"180661862",2018/06/24,18:30:00,COLISIÓN POR ALCANCE,ASFALTO,Bueno,Bueno,2,CHEVROLET,GRIS,2,,44,FEMENINO,SIN DATOS,0,0,Morelia,Las Americas,junio,domingo,19,-101.158998012543,19.6879503328915
15585,15585,2018,,2018/06/24,20:00:00,COLISIÓN POR ALCANCE,ASFALTO,Bueno,Bueno,2,NISSAN,ROJO,2,,0,MASCULINO,CON CERTIFICADO,0,0,Morelia,Las Margaritas,junio,domingo,20,-101.208919286728,19.7084856568275
15586,15586,2018,"180662322",2018/06/24,20:50:00,COLISIÓN POR CORTE DE CIRCULACIÓN,CONCRETO,Bueno,Regular,2,SIN DATOS,NEGRO,3,,0,,SIN DATOS,1,0,Morelia,Industrial,junio,domingo,21,-101.193190813065,19.7073342130811
15587,15587,2018,,2018/06/24,21:05:00,COLISIÓN CON PEATÓN,ASFALTO,Bueno,Bueno,1,ITALIKA,ROJO/NEGRO,2,MINISTERIO PÚBLICO,23,MASCULINO,SIN DATOS,0,1,Lázaro Cárdenas,Ejido Melchor Ocampo,junio,domingo,21,-102.204093933105,17.963996519472
15588,15588,2018,"180662822",2018/06/24,22:30:00,COLISIÓN CON PEATÓN,ASFALTO,Nublado,Regular,1,NISSAN,BLANCO,2,,29,MASCULINO,SIN DATOS,1,0,Tarímbaro,Sin datos,junio,domingo,23,-101.146659851074,19.8557312428427
15589,15589,2018,,2018/06/25,"00:36:00",VOLCADURA,ASFALTO,Bueno,Bueno,1,HONDA,GRIS,2,MINISTERIO PÚBLICO,,,,2,0,Tacámbaro,Sin datos,junio,lunes,1,-101.464533805847,19.2932815343656
15590,15590,2018,"180663142",2018/06/25,"02:20:00",COLISIÓN CONTRA OBJETO FIJO,ASFALTO,Bueno,Regular,1,DATSUN,AZUL,1,,0,,SIN DATOS,0,0,Morelia,Clara Cordova Moran,junio,lunes,2,-101.180026531219,19.7346787619086
15591,15591,2018,,2018/06/25,"03:30:00",SALIDA DE SUPERFICIE DE RODAMIENTO,ASFALTO,Lluvioso,Bueno,1,BMW,GRIS,3,,,,SIN DATOS,2,0,Maravatío,Sin datos,junio,lunes,4,-100.370407104492,19.8950813205719