fid,id_accidente,anio_origen,folio_c5i,dia_incidente,hora_ocurrencia,tipo_incidente_vial,superficie_ocurrencia,condiciones_climaticas,condiciones_via,numero_vehiculos_involucrados,marca_vehiculo_ocasiona_siniestro,color_vehiculo_ocasiona_siniestro,numero_personas_involucradas,lugar_remite_presunto_responsable,edad_presunto_responsable,sexo_presunto_responsable,resultados_toxicologia,numero_personas_lesionadas,numero_personas_fallecidas,municipio,colonia,mes,dia_semana,hora_redondeada,lon,lat
15592,15592,2018,"180663218",2018/06/25,"04:25:00",SALIDA DE SUPERFICIE DE RODAMIENTO,ASFALTO,Bueno,Regular,1,NISSAN,BLANCO Y ROJO,1,,29,MASCULINO,ALIENTO ETÍLICO,0,0,Morelia,Los Manantiales de Morelia,junio,lunes,4,-101.240290403366,19.6927687443423
15593,15593,2018,"180663269",2018/06/25,"06:35:00",COLISIÓN POR INVASIÓN DE CARRIL,ASFALTO,Bueno,Bueno,2,CHEVROLET,VERDE  Y BLANCO,2,,0,MASCULINO,SIN DATOS,0,0,Charo,Sin datos,junio,lunes,7,-101.079711914062,19.6874452499194
15594,15594,2018,"180663609",2018/06/25,"09:30:00",COLISIÓN POR ALCANCE,ASFALTO,Nublado,Regular,2,VOLKWAGEN,NEGRO,2,,18,MASCULINO,SIN DATOS,0,0,Morelia,Los Pinos de Michoacan,junio,lunes,10,-101.215349882841,19.6853314603971
15595,15595,2018,,2018/06/25,10:00:00,COLISIÓN POR CORTE DE CIRCULACIÓN,CONCRETO,Bueno,Bueno,2,MAZDA,ROJO,2,MINISTERIO PÚBLICO,25,MASCULINO,SIN DATOS,0,0,Morelia,Primo Tapia Oriente,junio,lunes,10,-101.158751249313,19.7135458508151
15596,15596,2018,"180663697",2018/06/25,10:30:00,COLISIÓN POR ALCANCE,ASFALTO,Bueno,Bueno,2,KENWORTH,ROJO,2,,0,MASCULINO,SIN DATOS,0,0,Morelia,Loma Dorada,junio,lunes,11,-101.255042552948,19.6978698395097
15597,15597,2018,,2018/06/25,11:30:00,COLISIÓN CONTRA OBJETO FIJO,ADOQUIN_EMPEDRADO,Bueno,Regular,1,FORD,NEGRO,0,,,,,0,0,Pátzcuaro,Centro,junio,lunes,12,-101.611549705267,19.522381162577
15598,15598,2018,"180664926",2018/06/25,14:30:00,COLISIÓN POR ALCANCE,ASFALTO,Lluvioso,Bueno,2,MAZDA,BLANCO,2,,25,MASCULINO,SIN DATOS,0,0,Morelia,Infonavit  Las  Camelinas,junio,lunes,15,-101.174297332764,19.6820104563522
15599,15599,2018,,2018/06/25,14:30:00,COLISIÓN POR ALCANCE,ASFALTO,Bueno,Bueno,1,DODGE,VERDE,1,,49,MASCULINO,SIN DATOS,0,0,Pátzcuaro,Centro,junio,lunes,15,-101.617773771286,19.5163125568672
15600,15600,2018,"180665075",2018/06/25,15:40:00,COLISIÓN POR ALCANCE,CONCRETO,Lluvioso,Bueno,2,CHEVROLET,BLANCO,2,,,MASCULINO,SIN DATOS,0,0,Morelia,Chapultepec Norte,junio,lunes,16,-101.175020188093,19.6933584089498
15601,15601,2018,"180665463",2018/06/25,17:00:00,COLISIÓN POR ALCANCE,ASFALTO,Lluvioso,Regular,2,DODGE,GRIS,2,,48,MASCULINO,SIN DATOS,0,0,Morelia,Niño Artillero,junio,lunes,17,-101.25297763,19.6953551599992
15602,15602,2018,,2018/06/25,17:30:00,COLISIÓN POR ALCANCE,ASFALTO,Bueno,Bueno,2,DODGE,VERDE,2,,49,MASCULINO,SIN DATOS,0,0,Pátzcuaro,Centro,junio,lunes,18,-101.617741584778,19.5163125568672
15604,15604,2018,"180665749",2018/06/25,18:45:00,COLISIÓN POR ALCANCE,ASFALTO,Nublado,Bueno,2,NISSAN,BLANCO,2,MINISTERIO PÚBLICO,52,MASCULINO,SIN DATOS,0,0,Morelia,Vasco de Quiroga,junio,lunes,19,-101.175844967365,19.6997839708945
15605,15605,2018,"180665984",2018/06/25,18:45:00,COLISIÓN POR ALCANCE,ASFALTO,Lluvioso,Bueno,2,SIN DATOS,SIN DATOS,0,,,,,0,0,Morelia,Torreon Nuevo,junio,lunes,19,-101.203898191452,19.7468219776346
15606,15606,2018,,2018/06/25,19:30:00,COLISIÓN POR NO RESPETAR SEMÁFORO,ASFALTO,Bueno,Bueno,2,FORD F150,GRIS,2,,40,MASCULINO,SIN DATOS,0,0,Apatzingán,La Fuente,junio,lunes,20,-102.364876270294,19.1023100331017
15607,15607,2018,"180666667",2018/06/25,22:22:00,COLISIÓN POR ALCANCE,ASFALTO,Bueno,Bueno,2,RENAULT,GRIS,2,,37,FEMENINO,SIN DATOS,0,0,Morelia,Jardines de Sindurio,junio,lunes,22,-101.256844997406,19.6975870107674
15608,15608,2018,,2018/06/26,"08:10:00",COLISIÓN POR CORTE DE CIRCULACIÓN,CONCRETO,Bueno,Bueno,2,NISSAN,BLANCO Y AZUL,3,,22,MASCULINO,SIN DATOS,1,0,Morelia,Vasco de Quiroga,junio,martes,8,-101.170016527176,19.7050414012877
15609,15609,2018,"1806667062",2018/06/26,"08:40:00",COLISIÓN CON PEATÓN,ASFALTO,Bueno,Bueno,1,CHEVROLET,GRIS,1,MINISTERIO PÚBLICO,,,SIN DATOS,0,0,Morelia,Ciudad Industrial,junio,martes,9,-101.142947673798,19.7251200636888
15610,15610,2018,"180668672",2018/06/26,"08:45:00",COLISIÓN POR ALCANCE,ASFALTO,Nublado,Bueno,2,VOLKSWAGEN,BLANCO,2,,20,MASCULINO,SIN DATOS,0,0,Morelia,Francisco J Mujica,junio,martes,9,-101.191366910934,19.722958799618
15611,15611,2018,,2018/06/26,10:30:00,COLISIÓN POR INVASIÓN DE CARRIL,CONCRETO,Bueno,Bueno,2,CHEVROLET,TERRA,2,,28,MASCULINO,SIN DATOS,0,0,Pátzcuaro,La Era,junio,martes,11,-101.60191655159,19.5002785105558
15612,15612,2018,"180667891",2018/06/26,12:20:00,COLISIÓN POR CAMBIO DE CARRIL,CONCRETO,Bueno,Bueno,2,NISSAN,BLANCO,2,,32,MASCULINO,SIN DATOS,0,0,Morelia,Cinco de Diciembre,junio,martes,12,-101.162264943123,19.6880942812468
15613,15613,2018,,2018/06/26,14:00:00,VOLCADURA,ASFALTO,Bueno,Bueno,1,TOYOTA,NEGRO,1,,0,MASCULINO,SIN DATOS,0,0,Huandacareo,Sin datos,junio,martes,14,-101.301026344299,19.9808104097469
15614,15614,2018,"180669694",2018/06/26,14:12:00,COLISIÓN POR CORTE DE CIRCULACIÓN,CONCRETO,Bueno,Bueno,2,FORD,GRIS,2,,20,MASCULINO,SIN DATOS,0,0,Morelia,Tzindurio Sarh,junio,martes,14,-101.247103214264,19.6946980885607
15615,15615,2018,"180668427",2018/06/26,14:29:00,COLISIÓN POR CAMBIO DE CARRIL,CONCRETO,Bueno,Bueno,2,BRIDGESTONE,AZUL,2,,20,MASCULINO,SIN DATOS,0,0,Morelia,Molino de Parras,junio,martes,14,-101.200234293938,19.6946299053263
15616,15616,2018,"180566501",2018/06/26,14:35:00,COLISIÓN POR CORTE DE CIRCULACIÓN,ASFALTO,Bueno,Bueno,1,DODGE,BLANCO,1,,35,MASCULINO,SIN DATOS,0,0,Morelia,La Soledad,junio,martes,15,-101.183379292488,19.7279023956578
15617,15617,2018,,2018/06/26,15:11:00,COLISIÓN POR CORTE DE CIRCULACIÓN,CONCRETO,Lluvioso,Bueno,2,CHEVROLET,GRIS,2,,23,FEMENINO,SIN DATOS,0,0,Morelia,Chapultepec Norte,junio,martes,15,-101.176405549049,19.6931424934677
15618,15618,2018,"180668849",2018/06/26,15:18:00,COLISIÓN CONTRA OBJETO FIJO,ASFALTO,Lluvioso,Bueno,1,DODGE,VERDE,1,,,MASCULINO,SIN DATOS,0,0,Morelia,Lomas de Hidalgo,junio,martes,15,-101.158917546272,19.6955314368562
15619,15619,2018,"180668561",2018/06/26,15:40:00,COLISIÓN POR CORTE DE CIRCULACIÓN,ASFALTO,Nublado,Bueno,2,NISSAN,BLANCO,2,,,FEMENINO,SIN DATOS,0,0,Morelia,Nueva Chapultepec,junio,martes,16,-101.174957156181,19.6906777534098
15620,15620,2018,"180668752",2018/06/26,15:40:00,COLISIÓN POR CAMBIO DE CARRIL,ASFALTO,Nublado,Bueno,2,TOYOTA,ROJO,2,,35,MASCULINO,SIN DATOS,0,0,Morelia,Lomas de Guayangareo,junio,martes,16,-101.162511706352,19.7021980670113
15621,15621,2018,,2018/06/26,16:40:00,COLISIÓN POR CORTE DE CIRCULACIÓN,ASFALTO,Lluvioso,Regular,2,INTERNACIONAL,ROJO,2,MINISTERIO PÚBLICO,0,MASCULINO,SIN DATOS,0,0,Madero,Agraria,junio,martes,17,-101.279646,19.390459
15622,15622,2018,,2018/06/26,18:20:00,COLISIÓN POR ALCANCE,CONCRETO,Nublado,Bueno,3,VOLKSWAGEN,GRIS,3,MINISTERIO PÚBLICO,28,FEMENINO,SIN DATOS,0,0,Morelia,Centro,junio,martes,18,-101.182408332825,19.7028394629936
15623,15623,2018,,2018/06/26,19:45:00,VOLCADURA,ASFALTO,Bueno,Bueno,1,DODGE,BLANCO,1,,28,MASCULINO,SIN DATOS,0,0,Arteaga,San Martin,junio,martes,20,-102.291083335876,18.3720801626941
15624,15624,2018,"180670063",2018/06/26,20:25:00,COLISIÓN POR NO RESPETAR SEMÁFORO,ASFALTO,Bueno,Bueno,2,CHEVROLET,BLANCO,2,,54,MASCULINO,SIN DATOS,0,0,Morelia,Loma Dorada,junio,martes,20,-101.255654096603,19.6976577179999
15625,15625,2018,,2018/06/26,20:30:00,COLISIÓN POR ALCANCE,ASFALTO,Bueno,Bueno,2,YAMAHA,ROJO/,4,MINISTERIO PÚBLICO,,,SIN DATOS,2,0,Sahuayo,La Noria de Montes,junio,martes,21,-102.71644949913,20.0498640587807
15626,15626,2018,,2018/06/26,21:19:00,COLISIÓN POR CAMBIO DE CARRIL,ASFALTO,Bueno,Bueno,2,VOLKSWAGEN,GRIS,2,,,MASCULINO,SIN DATOS,0,0,Morelia,Felix Ireta,junio,martes,21,-101.192171573639,19.6824145365694
15627,15627,2018,"180668697",2018/06/26,22:30:00,COLISIÓN POR CORTE DE CIRCULACIÓN,ASFALTO,Nublado,Bueno,1,FROD,VERDE,1,,,MASCULINO,CON CERTIFICADO,0,0,Morelia,Avicola Benito Juarez,junio,martes,23,-101.279504299164,19.6914959705054
15628,15628,2018,"180670377",2018/06/26,22:40:00,SALIDA DE SUPERFICIE DE RODAMIENTO,ASFALTO,Nublado,Bueno,1,NISSAN,GRIS,1,,,MASCULINO,SIN DATOS,0,0,Tarímbaro,Sin datos,junio,martes,23,-101.167731285095,19.7586865975403
15629,15629,2018,,2018/06/26,23:00:00,COLISIÓN POR CAMBIO DE CARRIL,ASFALTO,Nublado,Bueno,2,NISSAN,BLANCO,0,,,,,0,0,Coalcomán de Vázquez Pallares,Centro,junio,martes,23,-103.159608,18.776821
15631,15631,2018,"180670820",2018/06/27,"07:45:00",COLISIÓN POR CORTE DE CIRCULACIÓN,ASFALTO,Nublado,Regular,2,SEAT,AMARILLO,2,,34,MASCULINO,SIN DATOS,0,0,Morelia,Cosmos,junio,miércoles,8,-101.216719150543,19.6828994314845
15632,15632,2018,"180670761",2018/06/27,"07:50:00",CAIDA ACUATICA DE VEHÍCULO,ASFALTO,Lluvioso,Regular,1,PEUGEOT,GRIS,1,,37,MASCULINO,SIN DATOS,0,0,Morelia,Sin datos,junio,miércoles,8,-101.348834037781,19.5441294459943
15633,15633,2018,,2018/06/27,"07:50:00",COLISIÓN POR INVASIÓN DE CARRIL,ASFALTO,Bueno,Bueno,2,HONDA,ROJO,3,MINISTERIO PÚBLICO,,,SIN DATOS,1,0,Tuxpan,Santa Ana,junio,miércoles,8,-100.466966629028,19.5775822323493
15634,15634,2018,"1806671030",2018/06/27,"09:30:00",COLISIÓN POR ALCANCE,ASFALTO,Bueno,Bueno,2,CHEVROLET,VERDE,2,,46,MASCULINO,SIN DATOS,0,0,Morelia,Las Americas,junio,miércoles,10,-101.158740520477,19.688010942741
15635,15635,2018,"180670972",2018/06/27,"09:30:00",COLISIÓN POR CORTE DE CIRCULACIÓN,ADOQUIN_EMPEDRADO,Bueno,Bueno,2,NISSAN,GRIS,2,,26,FEMENINO,SIN DATOS,0,0,Morelia,Centro,junio,miércoles,10,-101.194472908974,19.6962334662956
15636,15636,2018,LEG16224,2018/06/27,"09:40:00",COLISIÓN CON PEATÓN,ASFALTO,Bueno,Bueno,1,ITALIKA,NARANJA,2,,29,MASCULINO,SIN DATOS,1,0,Morelia,Felix Ireta,junio,miércoles,10,-101.181571483612,19.6816669873661
15637,15637,2018,"180671173",2018/06/27,10:00:00,COLISIÓN POR ALCANCE,ASFALTO,Bueno,Bueno,2,FORD,AZUL,2,,65,MASCULINO,SIN DATOS,0,0,Morelia,Comision Federal de Electricidad,junio,miércoles,10,-101.181356906891,19.681586171027
15638,15638,2018,"180671661",2018/06/27,12:40:00,COLISIÓN POR ALCANCE,ASFALTO,Bueno,Bueno,2,CHEVROLET,PLATA,2,,81,,SIN DATOS,0,0,Morelia,Valle de Altozano,junio,miércoles,13,-101.164834499359,19.6655534236239
15639,15639,2018,,2018/06/27,12:41:00,SALIDA DE SUPERFICIE DE RODAMIENTO,ASFALTO,Bueno,Bueno,1,NISSAN,ROJO,1,,53,MASCULINO,SIN DATOS,0,0,Pátzcuaro,Centro,junio,miércoles,13,-101.609361,19.515744
15640,15640,2018,"180672725",2018/06/27,13:40:00,COLISIÓN POR ALCANCE,ASFALTO,Bueno,Bueno,2,VOLKSWAGEN,ROJO,2,,41,MASCULINO,SIN DATOS,0,0,Morelia,Nueva Chapultepec,junio,miércoles,14,-101.164523625,19.6877866949992
15641,15641,2018,"180766076",2018/06/27,14:37:00,COLISIÓN CON PEATÓN,ASFALTO,Bueno,Bueno,1,VOLKSWAGEN,NEGRO,1,,,,,1,0,Morelia,Sin datos,junio,miércoles,15,-101.284208893776,19.6904201656809
15642,15642,2018,"180672392",2018/06/27,15:15:00,VOLCADURA,ASFALTO,Nublado,Bueno,2,FREIGHTLINER,BLANCO,2,,43,MASCULINO,SIN DATOS,0,0,Morelia,Leandro Valle,junio,miércoles,15,-101.229078769684,19.718535186702
15643,15643,2018,"180672416",2018/06/27,15:30:00,COLISIÓN POR CAMBIO DE CARRIL,ASFALTO,Bueno,Bueno,2,MAZDA,GRIS,2,,50,MASCULINO,SIN DATOS,0,0,Morelia,Nueva Valladolid,junio,miércoles,16,-101.209101676941,19.6986476159737
15644,15644,2018,"180672706",2018/06/27,16:20:00,COLISIÓN POR MANIOBRA DE REVERSA,ASFALTO,Bueno,Bueno,2,NISSAN,GRIS,2,,19,MASCULINO,SIN DATOS,0,0,Morelia,Libertad,junio,miércoles,16,-101.235144585371,19.6856395652663
15645,15645,2018,"180673326",2018/06/27,19:24:00,COLISIÓN POR ALCANCE,ASFALTO,Bueno,Bueno,2,FROD,AZUL,3,MINISTERIO PÚBLICO,33,MASCULINO,SIN DATOS,1,0,Morelia,Tzindurio Norte,junio,miércoles,19,-101.24752163887,19.7045060704541
15646,15646,2018,"180673558",2018/06/27,20:30:00,COLISIÓN POR CORTE DE CIRCULACIÓN,ASFALTO,Bueno,Bueno,2,FORD,CAFE,2,,28,FEMENINO,SIN DATOS,0,0,Morelia,Isaac Arriaga,junio,miércoles,21,-101.165966391563,19.7101623057054
15648,15648,2018,"180374618",2018/06/28,"00:00:00",COLISIÓN POR CORTE DE CIRCULACIÓN,ASFALTO,Lluvioso,Bueno,2,TOYOTA,BLANCO,2,,0,MASCULINO,SIN DATOS,0,0,Morelia,Ventura Puente,junio,jueves,0,-101.190766096115,19.6924404504718
15650,15650,2018,"180674797",2018/06/28,"09:22:00",COLISIÓN POR CORTE DE CIRCULACIÓN,ASFALTO,Lluvioso,Bueno,1,CHEVROLET,ROJO,1,,,MASCULINO,SIN DATOS,0,0,Morelia,Enrique Arreguin Robles,junio,jueves,9,-101.184704303741,19.7197673468927
15651,15651,2018,"180674847",2018/06/28,"09:25:00",COLISIÓN POR CAMBIO DE CARRIL,ASFALTO,Nublado,Bueno,2,VOLKSWAGEN,ROJO,2,,69,MASCULINO,SIN DATOS,0,0,Morelia,Felix Ireta,junio,jueves,9,-101.195690631866,19.6816669873661
15652,15652,2018,"180674895",2018/06/28,"09:30:00",COLISIÓN POR CORTE DE CIRCULACIÓN,ADOQUIN_EMPEDRADO,Lluvioso,Bueno,2,MAZDA,NEGRO,2,,49,FEMENINO,SIN DATOS,0,0,Morelia,Cosmos,junio,jueves,10,-101.216515302658,19.6835964653532
15653,15653,2018,"180674925",2018/06/28,10:00:00,COLISIÓN POR CAMBIO DE CARRIL,ASFALTO,Bueno,Bueno,2,KENWORTH,ROJO,2,,46,MASCULINO,SIN DATOS,0,0,Morelia,Enrique Arreguin Robles,junio,jueves,10,-101.184275150299,19.7198077454267
15654,15654,2018,,2018/06/28,10:00:00,COLISIÓN POR CORTE DE CIRCULACIÓN,ASFALTO,Lluvioso,Bueno,2,HONDA,GRIS,2,,56,MASCULINO,SIN DATOS,0,0,Morelia,Nueva Chapultepec,junio,jueves,10,-101.168460845947,19.6867936905324
15655,15655,2018,"180674900",2018/06/28,10:00:00,COLISIÓN CONTRA OBJETO FIJO,ASFALTO,Nublado,Bueno,1,FORD,BLANCO,1,,20,MASCULINO,SIN DATOS,0,0,Morelia,Alberto Oviedo Mota,junio,jueves,10,-101.200411319733,19.6809598430168
15656,15656,2018,"180675907",2018/06/28,13:15:00,COLISIÓN POR ALCANCE,ASFALTO,Lluvioso,Regular,2,SEAT,ROJO,2,,19,FEMENINO,SIN DATOS,0,0,Morelia,Lomas de La Maestranza,junio,jueves,13,-101.331367492676,19.6848187927844
15657,15657,2018,"180576157",2018/06/28,14:30:00,COLISIÓN CON PEATÓN,CONCRETO,Bueno,Bueno,1,CHEVROLET,BLANCO Y AZUL,2,,55,MASCULINO,SIN DATOS,1,0,Morelia,Barrio Alto,junio,jueves,15,-101.188338696957,19.7256275525333
15658,15658,2018,"180539352",2018/06/28,15:10:00,COLISIÓN POR ALCANCE,CONCRETO,Nublado,Regular,2,NISSAN,BLANCO Y AZUL,2,,47,MASCULINO,SIN DATOS,0,0,Morelia,Vasco de Quiroga,junio,jueves,15,-101.175338029861,19.7050060493067
15659,15659,2018,"180650711",2018/06/28,15:15:00,COLISIÓN POR ALCANCE,ASFALTO,Nublado,Bueno,2,NISSAN,BLANCO,2,,54,MASCULINO,ALIENTO ETÍLICO,0,0,Morelia,Chapultepec Oriente,junio,jueves,15,-101.159427165985,19.6910010001695
15660,15660,2018,,2018/06/28,15:20:00,COLISIÓN POR CAMBIO DE CARRIL,CONCRETO,Nublado,Bueno,3,HONDA,NEGRO,3,,23,MASCULINO,SIN DATOS,0,0,Morelia,Nueva Chapultepec,junio,jueves,15,-101.170621497017,19.6866511277338
15661,15661,2018,LEG16256,2018/06/28,15:30:00,COLISIÓN POR CORTE DE CIRCULACIÓN,CONCRETO,Bueno,Bueno,2,DODGE,GRIS,2,,0,MASCULINO,SIN DATOS,0,0,Morelia,Centro,junio,jueves,16,-101.201682686806,19.7029000672054
15662,15662,2018,"180676210",2018/06/28,15:40:00,COLISIÓN CONTRA OBJETO FIJO,ASFALTO,Bueno,Bueno,1,FORD,BLANCO,1,,36,MASCULINO,SIN DATOS,0,0,Morelia,Adolfo Lopez Mateos,junio,jueves,16,-101.224620938301,19.6928697577055
15663,15663,2018,"180676972",2018/06/28,18:00:00,COLISIÓN POR ALCANCE,ASFALTO,Bueno,Bueno,2,VOLKWAGEN,BLANCO,2,,34,MASCULINO,SIN DATOS,0,0,Morelia,Cinco de Diciembre,junio,jueves,18,-101.162431240082,19.6868997585202
15664,15664,2018,,2018/06/28,18:35:00,COLISIÓN POR CORTE DE CIRCULACIÓN,ASFALTO,Bueno,Bueno,2,MERCEDES BENS,AMARILLO /BEIGE,4,MINISTERIO PÚBLICO,36,MASCULINO,SIN DATOS,2,0,Sahuayo,Damaso Cardenas,junio,jueves,19,-102.71634221077,20.0517336299405
15665,15665,2018,"180677475",2018/06/28,20:35:00,COLISIÓN POR CORTE DE CIRCULACIÓN,ASFALTO,Nublado,Bueno,2,CHEVROLET,BLANCO,2,,23,MASCULINO,SIN DATOS,0,0,Morelia,Pascual Ortiz de Ayala,junio,jueves,21,-101.149342060089,19.6947687970694
15666,15666,2018,"180677716",2018/06/28,21:25:00,COLISIÓN POR ALCANCE,ASFALTO,Bueno,Bueno,2,DINA,BLANCO,2,,61,MASCULINO,SIN DATOS,0,0,Morelia,Elias Perez Avalos,junio,jueves,21,-101.169426441193,19.7133337500906
15667,15667,2018,"180677790",2018/06/28,21:50:00,COLISIÓN POR CORTE DE CIRCULACIÓN,ASFALTO,Bueno,Bueno,2,HONDA,NARANJA,2,MINISTERIO PÚBLICO,21,MASCULINO,SIN DATOS,0,0,Morelia,Ventura Puente,junio,jueves,22,-101.180031895638,19.6890867637535
15669,15669,2018,LEG16251,2018/06/28,22:15:00,COLISIÓN CONTRA OBJETO FIJO,CONCRETO,Bueno,Bueno,1,CHEVROLET,BLANCO,1,,40,MASCULINO,SIN DATOS,0,0,Morelia,Felix Ireta,junio,jueves,22,-101.195824742317,19.6824700975196
15670,15670,2018,"180677938",2018/06/28,23:00:00,COLISIÓN POR ALCANCE,ASFALTO,Lluvioso,Bueno,1,FORD,BLANCO,1,MINISTERIO PÚBLICO,31,MASCULINO,SIN DATOS,0,0,Morelia,Elias Perez Avalos,junio,jueves,23,-101.165735721588,19.7104956133277
15671,15671,2018,,2018/06/28,23:00:00,CAIDA DE MOTOCICLETA,ASFALTO,Lluvioso,Bueno,1,PULSAR DISCOVER,AZUL,2,MINISTERIO PÚBLICO,,MASCULINO,SIN DATOS,0,1,Tuxpan,Sin datos,junio,jueves,23,-100.471258163452,19.5541286033124
15672,15672,2018,"180678135",2018/06/28,23:30:00,SALIDA DE SUPERFICIE DE RODAMIENTO,CONCRETO,Bueno,Bueno,1,FORD,BLANCO Y AZUL,1,,48,MASCULINO,SIN DATOS,0,0,Tarímbaro,Sin datos,junio,jueves,0,-101.195969581604,19.7560815055305
15673,15673,2018,,2018/06/29,"00:00:00",COLISIÓN POR CORTE DE CIRCULACIÓN,ASFALTO,Bueno,Regular,1,MAZDA,AZUL,1,,54,MASCULINO,SIN DATOS,0,0,Morelia,Hermanos Lopez Rayon,junio,viernes,0,-101.220195293427,19.675585443953
15674,15674,2018,"180680709",2018/06/29,"00:00:00",COLISIÓN CONTRA OBJETO FIJO,ASFALTO,Bueno,Bueno,2,VOLKSWAGEN,BLANCO,2,,54,MASCULINO,SIN DATOS,0,0,Morelia,Union,junio,viernes,0,-101.154983906348,19.7092913034778
15675,15675,2018,"180678402",2018/06/29,"00:50:00",COLISIÓN POR CAMBIO DE CARRIL,ADOQUIN_EMPEDRADO,Bueno,Regular,2,FORD,BLANCO Y AZUL,2,,48,MASCULINO,SIN DATOS,0,0,Tarímbaro,Sin datos,junio,viernes,1,-101.180520057678,19.7525675931047
15676,15676,2018,,2018/06/29,"00:50:00",COLISIÓN POR ALCANCE,ASFALTO,Bueno,Bueno,2,MAZDA,ROJO,2,,35,MASCULINO,CON CERTIFICADO,0,0,Morelia,Sin datos,junio,viernes,1,-101.174587011337,19.7456405161249
15677,15677,2018,"180678464",2018/06/29,"03:20:00",VOLCADURA,ASFALTO,Bueno,Bueno,1,VOLKSWAGEN,ARENA,2,,36,MASCULINO,SIN DATOS,1,0,Morelia,Sin datos,junio,viernes,3,-101.317291259766,19.687768503205
15678,15678,2018,"180678627",2018/06/29,"06:20:00",COLISIÓN POR ALCANCE,ASFALTO,Lluvioso,Regular,2,VOLKSWAGEN,ARENA,2,,22,MASCULINO,CON CERTIFICADO,0,0,Morelia,La Esperanza,junio,viernes,6,-101.253529787064,19.6980011526844
15679,15679,2018,"180678761",2018/06/29,"08:00:00",COLISIÓN POR ALCANCE,ASFALTO,Lluvioso,Bueno,2,NISSAN,BLANCO,2,,22,MASCULINO,SIN DATOS,0,0,Morelia,Las Americas,junio,viernes,8,-101.151037216187,19.6898898366988
15680,15680,2018,"180679259",2018/06/29,"09:50:00",COLISIÓN POR ALCANCE,ASFALTO,Bueno,Regular,3,NISSAN,GRIS,3,,35,FEMENINO,SIN DATOS,0,0,Morelia,Las Americas,junio,viernes,10,-101.15603685379,19.6878291131235
15681,15681,2018,"18679350",2018/06/29,10:30:00,COLISIÓN POR ALCANCE,ASFALTO,Bueno,Bueno,3,VOLKSWAGEN,GUINDA,3,,20,MASCULINO,SIN DATOS,0,0,Morelia,Santiaguito,junio,viernes,11,-101.188743710518,19.7173838153172
15682,15682,2018,"180679306",2018/06/29,10:35:00,COLISIÓN POR ALCANCE,ASFALTO,Bueno,Bueno,2,FORD,NEGRO,0,,,,,0,0,Morelia,La Soledad,junio,viernes,11,-101.183384656906,19.7281498239226
15683,15683,2018,"180679326",2018/06/29,10:55:00,COLISIÓN POR CORTE DE CIRCULACIÓN,ASFALTO,Bueno,Bueno,2,CHEVROLET,GRIS,2,,51,FEMENINO,SIN DATOS,0,0,Morelia,Villas Valladolid,junio,viernes,11,-101.21577501297,19.6959405335226
15684,15684,2018,"180680124",2018/06/29,13:55:00,COLISIÓN POR CORTE DE CIRCULACIÓN,ASFALTO,Bueno,Bueno,2,KENWORTH,BLANCO/MORADO,2,,25,MASCULINO,SIN DATOS,0,0,Morelia,Popular Pogreso,junio,viernes,14,-101.199215054512,19.7248170845059
15685,15685,2018,"180680700",2018/06/29,15:00:00,SUBIDA AL CAMELLÓN,ASFALTO,Bueno,Bueno,1,NISSAN,ROJO,1,,60,MASCULINO,SIN DATOS,0,0,Morelia,Camelinas,junio,viernes,15,-101.173932552338,19.6818690280353
15686,15686,2018,"180680669",2018/06/29,15:50:00,COLISIÓN POR ALCANCE,ASFALTO,Bueno,Bueno,2,FORD,VERDE,2,,25,MASCULINO,SIN DATOS,0,0,Morelia,Los Manantiales de Morelia,junio,viernes,16,-101.240376234055,19.6930869362204
15687,15687,2018,"180681500",2018/06/29,17:57:00,COLISIÓN CONTRA OBJETO FIJO,ASFALTO,Nublado,Bueno,2,SEAT,ROJO,2,,56,MASCULINO,SIN DATOS,0,0,Morelia,Ventura Puente,junio,viernes,18,-101.185863018036,19.6913899055622
15688,15688,2018,"180681346",2018/06/29,18:40:00,COLISIÓN CON PEATÓN,ASFALTO,Nublado,Bueno,1,NISSAN,BLANCO/ROSA,2,,56,MASCULINO,SIN DATOS,1,0,Morelia,Indeco Expropiacion Petrolera,junio,viernes,19,-101.22878909111,19.6848061654826
15689,15689,2018,"180681709",2018/06/29,18:55:00,COLISIÓN POR ALCANCE,ASFALTO,Bueno,Bueno,2,VOLKSWAGEN,BLANCO,2,,48,MASCULINO,SIN DATOS,0,0,Morelia,Tierra Y Libertad,junio,viernes,19,-101.230430603027,19.7157678414927
15690,15690,2018,"180681706",2018/06/29,19:55:00,CAIDA DE MOTOCICLETA,SIN_DATOS,Lluvioso,Regular,1,HARLEY,NARANJA,1,,,MASCULINO,SIN DATOS,0,0,Morelia,Chapultepec Sur,junio,viernes,20,-101.169909238815,19.6900110549068