fid,id_accidente,anio_origen,folio_c5i,dia_incidente,hora_ocurrencia,tipo_incidente_vial,superficie_ocurrencia,condiciones_climaticas,condiciones_via,numero_vehiculos_involucrados,marca_vehiculo_ocasiona_siniestro,color_vehiculo_ocasiona_siniestro,numero_personas_involucradas,lugar_remite_presunto_responsable,edad_presunto_responsable,sexo_presunto_responsable,resultados_toxicologia,numero_personas_lesionadas,numero_personas_fallecidas,municipio,colonia,mes,dia_semana,hora_redondeada,lon,lat
15691,15691,2018,"180682485",2018/06/29,22:15:00,COLISIÓN POR ALCANCE,ASFALTO,Lluvioso,Regular,3,VOLKSWAGEN,BLANCO,3,,,FEMENINO,SIN DATOS,0,0,Morelia,Vasco de Quiroga,junio,viernes,22,-101.167817115784,19.696809229149
15692,15692,2018,"180682813",2018/06/30,"00:50:00",COLISIÓN CONTRA OBJETO FIJO,ASFALTO,Bueno,Bueno,1,HONDA,GRIS,1,,,,SIN DATOS,0,0,Tarímbaro,Campestre,junio,sábado,1,-101.162710189819,19.7974954071434
15693,15693,2018,"180682702",2018/06/30,"02:00:00",COLISIÓN CONTRA OBJETO FIJO,ASFALTO,Bueno,Bueno,1,NISSAN,BLANCO,1,,40,MASCULINO,SIN DATOS,0,0,Morelia,Americas Britania,junio,sábado,2,-101.150162816048,19.6915692057823
15694,15694,2018,"180682973",2018/06/30,"02:40:00",COLISIÓN POR ALCANCE,ASFALTO,Bueno,Bueno,2,NISSAN,NEGRO,2,,23,MASCULINO,CON CERTIFICADO,0,0,Morelia,Loma Dorada,junio,sábado,3,-101.254463195801,19.6979910516748
15695,15695,2018,"180683105",2018/06/30,"04:50:00",COLISIÓN POR NO RESPETAR SEMÁFORO,ASFALTO,Bueno,Bueno,2,VOLKSWAGEN,GUINDA,2,,,MASCULINO,CON CERTIFICADO,0,0,Morelia,Rinconada del Valle,junio,sábado,5,-101.218414306641,19.6796061579835
15696,15696,2018,"180683048",2018/06/30,"04:55:00",COLISIÓN POR ALCANCE,ASFALTO,Nublado,Bueno,2,FREIGHTLINER,BLANCO,2,,41,MASCULINO,SIN DATOS,0,0,Morelia,Jardines de Sindurio,junio,sábado,5,-101.256276369095,19.6974961014227
15697,15697,2018,,2018/06/30,"05:12:00",COLISIÓN POR CORTE DE CIRCULACIÓN,ASFALTO,Lluvioso,Bueno,1,VOLKSWAGEN,ARENA,1,,,,SIN DATOS,0,0,Morelia,Santiaguito,junio,sábado,5,-101.190696358681,19.7193633609915
15698,15698,2018,"180683098",2018/06/30,"05:20:00",COLISIÓN POR ALCANCE,CONCRETO,Lluvioso,Bueno,2,CHEVROLET,ROJO,2,,32,MASCULINO,SIN DATOS,0,0,Morelia,Felix Ireta,junio,sábado,5,-101.192193031311,19.6822933126113
15699,15699,2018,"180683438",2018/06/30,"09:50:00",COLISIÓN POR MANIOBRA DE REVERSA,SIN_DATOS,Bueno,Bueno,1,RENAULT,BLANCO,3,,,,,3,0,Morelia,Sin datos,junio,sábado,10,-101.314952373505,19.6870815891931
15700,15700,2018,,2018/06/30,11:45:00,COLISIÓN CONTRA OBJETO FIJO,ADOQUIN_EMPEDRADO,Bueno,Regular,2,FREIGHTLINER,BLANCO,2,,35,MASCULINO,SIN DATOS,0,0,Pátzcuaro,Centro,junio,sábado,12,-101.60872399807,19.5155288419548
15701,15701,2018,"780684459",2018/06/30,13:40:00,COLISIÓN CONTRA OBJETO FIJO,ASFALTO,Bueno,Bueno,3,FORD,ROJO,3,,18,MASCULINO,SIN DATOS,0,0,Morelia,Las Americas,junio,sábado,14,-101.156573295593,19.6878291131235
15702,15702,2018,"180684973",2018/06/30,14:27:00,COLISIÓN POR ALCANCE,ASFALTO,Nublado,Bueno,2,CHEVROLET,SIN DATOS,2,,,FEMENINO,SIN DATOS,0,0,Morelia,Felix Ireta,junio,sábado,14,-101.191763877869,19.6827782078934
15703,15703,2018,"180484968",2018/06/30,15:20:00,COLISIÓN CONTRA OBJETO FIJO,TERRACERIA,Bueno,Bueno,1,NISSAN,VERDE,1,,,MASCULINO,SIN DATOS,0,0,Morelia,Ciudad Industrial,junio,sábado,15,-101.141595840454,19.7260087993115
15704,15704,2018,"180684799",2018/06/30,15:30:00,COLISIÓN POR ALCANCE,ASFALTO,Bueno,Bueno,3,CHEVROLET,NEGRO,3,MINISTERIO PÚBLICO,35,MASCULINO,SIN DATOS,0,0,Morelia,Fuentes de Valladolid,junio,sábado,16,-101.221139431,19.6734235107795
15705,15705,2018,"180684935",2018/06/30,15:30:00,COLISIÓN POR ALCANCE,SIN_DATOS,Bueno,Bueno,2,JEEP,BLANCO,2,,,FEMENINO,SIN DATOS,0,0,Morelia,Libertad,junio,sábado,16,-101.236883997917,19.6848339455453
15706,15706,2018,,2018/06/30,18:45:00,COLISIÓN POR CAMBIO DE CARRIL,ASFALTO,Nublado,Bueno,1,FORD,VERDE,1,,36,MASCULINO,CON CERTIFICADO,0,0,Morelia,Felix Ireta,junio,sábado,19,-101.190851926804,19.6859097879015
15707,15707,2018,"180686330",2018/06/30,20:30:00,SUBIDA AL CAMELLÓN,CONCRETO,Lluvioso,Bueno,1,HONDA,NEGRO,1,,,MASCULINO,SIN DATOS,0,0,Morelia,La Quemada,junio,sábado,21,-101.240724921227,19.7058544946931
15708,15708,2018,,2018/06/30,20:40:00,COLISIÓN CONTRA OBJETO FIJO,ASFALTO,Bueno,Bueno,1,FORD,VERDE,2,MINISTERIO PÚBLICO,,,,1,1,Tacámbaro,Sin datos,junio,sábado,21,-101.471700668335,19.3057566621632
15709,15709,2018,"180686367",2018/06/30,20:40:00,SUBIDA AL CAMELLÓN,CONCRETO,Bueno,Bueno,1,CHEVROLET,ARENA,1,,50,MASCULINO,SIN DATOS,0,0,Morelia,Loma Bonita,junio,sábado,21,-101.197267770767,19.7245848000766
15710,15710,2018,"180686384",2018/06/30,21:00:00,COLISIÓN POR CORTE DE CIRCULACIÓN,ASFALTO,Lluvioso,Bueno,2,VOLKSWAGEN,GRIS,2,,55,MASCULINO,SIN DATOS,0,0,Morelia,Centro,junio,sábado,21,-101.198319196701,19.7049403956071
15711,15711,2018,"180686979",2018/06/30,21:40:00,COLISIÓN POR ALCANCE,ASFALTO,Lluvioso,Regular,2,NISSAN,BLANCO,2,,0,MASCULINO,SIN DATOS,0,0,Morelia,Nicolaitas Ilustres,junio,sábado,22,-101.227254867554,19.7207167097417
15712,15712,2018,"180686690",2018/06/30,22:15:00,COLISIÓN POR CORTE DE CIRCULACIÓN,ASFALTO,Lluvioso,Regular,2,NISSAN,BLANCO,2,,27,MASCULINO,SIN DATOS,0,0,Morelia,Loma de Los Piñones,junio,sábado,22,-101.205110549927,19.67427212354
15713,15713,2018,"180686718",2018/06/30,22:25:00,COLISIÓN POR CORTE DE CIRCULACIÓN,ASFALTO,Lluvioso,Regular,2,NISSAN,ROJO,2,,0,MASCULINO,SIN DATOS,0,0,Morelia,Libertad,junio,sábado,22,-101.236926913261,19.6848288946251
15714,15714,2018,"180682557",2018/06/30,22:40:00,COLISIÓN POR CORTE DE CIRCULACIÓN,CONCRETO,Bueno,Bueno,1,SIN DATOS,SIN DATOS,1,,,,,1,0,Morelia,Ejido La Huerta,junio,sábado,23,-101.209917068482,19.6656491387407
15715,15715,2018,,2018/07/01,"00:05:00",SALIDA DE SUPERFICIE DE RODAMIENTO,ASFALTO,Bueno,Bueno,1,NISSAN,GRIS,1,,18,MASCULINO,SIN DATOS,0,0,Copándaro,Sin datos,julio,domingo,0,-101.238927841187,19.9031115713464
15716,15716,2018,"180687108",2018/07/01,"00:10:00",COLISIÓN CONTRA OBJETO FIJO,ASFALTO,Bueno,Bueno,1,VOLKSWAGEN,BLANCO,1,,41,MASCULINO,SIN DATOS,0,0,Morelia,Chapultepec Oriente,julio,domingo,0,-101.160521507263,19.6882735851575
15717,15717,2018,"180687251",2018/07/01,"02:00:00",COLISIÓN POR ALCANCE,ASFALTO,Bueno,Bueno,2,VOLKSWAGEN,CAFE,2,,32,FEMENINO,SIN DATOS,0,0,Morelia,Melchor Ocampo,julio,domingo,2,-101.202954053879,19.7073039118179
15718,15718,2018,LEG16328,2018/07/01,"02:00:00",COLISIÓN POR CORTE DE CIRCULACIÓN,ASFALTO,Nublado,Regular,2,VOLKSWAGEN,CAFE,2,,32,MASCULINO,SIN DATOS,0,0,Morelia,Obrera,julio,domingo,2,-101.182714104652,19.7082684992113
15719,15719,2018,"180681226",2018/07/01,"02:25:00",COLISIÓN CONTRA OBJETO FIJO,ASFALTO,Bueno,Bueno,1,VOLVO,GRIS,1,,22,MASCULINO,CON CERTIFICADO,0,0,Morelia,Irrigacion,julio,domingo,2,-101.22508764267,19.7048999933171
15720,15720,2018,"180687343",2018/07/01,"03:35:00",SALIDA DE SUPERFICIE DE RODAMIENTO,ASFALTO,Bueno,Bueno,1,CHEVROLET,ARENA,1,,31,MASCULINO,ALIENTO ETÍLICO,0,0,Morelia,Loma Dorada,julio,domingo,4,-101.254613399506,19.6979304456037
15722,15722,2018,"180689355",2018/07/01,"05:00:00",SUBIDA AL CAMELLÓN,ASFALTO,Lluvioso,Regular,1,NISSAN,BLANCO Y AZUL,1,,26,MASCULINO,SIN DATOS,0,0,Morelia,El Lago 3,julio,domingo,5,-101.220120191574,19.7274327858565
15723,15723,2018,"180687386",2018/07/01,"06:45:00",COLISIÓN POR ALCANCE,ASFALTO,Bueno,Bueno,2,NISSAN,ROJO,2,,23,MASCULINO,ALIENTO ETÍLICO,0,0,Morelia,Rafael Carrillo,julio,domingo,7,-101.23633146286,19.7078897352217
15724,15724,2018,,2018/07/01,10:50:00,COLISIÓN POR INVASIÓN DE CARRIL,CONCRETO,Bueno,Bueno,2,YAMAHA,BLANCO,1,,40,MASCULINO,SIN DATOS,0,0,Pátzcuaro,Centro,julio,domingo,11,-101.613707542419,19.5152709736367
15725,15725,2018,"180688154",2018/07/01,12:00:00,COLISIÓN POR CAMBIO DE CARRIL,ASFALTO,Bueno,Bueno,2,MAZDA,GRIS,2,,49,FEMENINO,SIN DATOS,0,0,Morelia,Chapultepec Oriente,julio,domingo,12,-101.159040927887,19.6881523656342
15726,15726,2018,"180688389",2018/07/01,12:30:00,COLISIÓN POR ALCANCE,ASFALTO,Bueno,Bueno,2,NISSAN,BLANCO Y ROJO,2,,46,MASCULINO,SIN DATOS,0,0,Morelia,Valle de Las Flores,julio,domingo,13,-101.128302812576,19.6870714874945
15727,15727,2018,,2018/07/01,14:40:00,COLISIÓN POR INVASIÓN DE CARRIL,CONCRETO,Bueno,Bueno,2,CHEVROLET,GRIS,3,MINISTERIO PÚBLICO,75,MASCULINO,SIN DATOS,1,0,Lázaro Cárdenas,Jose Green,julio,domingo,15,-102.201626300812,17.9659764356667
15728,15728,2018,"180688939",2018/07/01,15:10:00,COLISIÓN POR INVASIÓN DE CARRIL,ASFALTO,Bueno,Bueno,2,JEEP,GRIS,4,MINISTERIO PÚBLICO,,,,4,0,Morelia,Sin datos,julio,domingo,15,-101.314995288849,19.6871017925884
15729,15729,2018,"180685461",2018/07/01,17:25:00,SUBIDA AL CAMELLÓN,ASFALTO,Bueno,Bueno,1,MITSUBISHI,PLATA,1,,32,FEMENINO,SIN DATOS,0,0,Morelia,Felix Ireta,julio,domingo,17,-101.195712089539,19.6817073955203
15730,15730,2018,"180689603",2018/07/01,17:45:00,COLISIÓN CONTRA OBJETO FIJO,ASFALTO,Bueno,Bueno,1,VOLKSWAGEN,NEGRO,1,,0,,SIN DATOS,0,0,Morelia,Camelinas,julio,domingo,18,-101.171169877052,19.6820458134119
15731,15731,2018,,2018/07/01,18:30:00,COLISIÓN CONTRA OBJETO FIJO,CONCRETO,Nublado,Regular,1,VOLKSWAGEN,BLANCO,1,,49,,SIN DATOS,0,0,Álvaro Obregón,Centro,julio,domingo,19,-101.039419770241,19.8250011258551
15732,15732,2018,"180690911",2018/07/01,23:45:00,CAIDA DE MOTOCICLETA,ASFALTO,Bueno,Bueno,1,VENTO,VERDE Y NEGRO,1,,32,MASCULINO,SIN DATOS,0,0,Morelia,Elias Perez Avalos,julio,domingo,0,-101.165521144867,19.710556214639
15733,15733,2018,"180691110",2018/07/02,"01:30:00",SUBIDA AL CAMELLÓN,ASFALTO,Bueno,Bueno,1,CHEVROLET,BLANCO,0,,,,,0,0,Morelia,Felix Arreguin,julio,lunes,2,-101.228091716766,19.7194441582534
15734,15734,2018,,2018/07/02,"06:30:00",SALIDA DE SUPERFICIE DE RODAMIENTO,ASFALTO,Lluvioso,Bueno,1,HINO,BLANCO,1,,17,MASCULINO,SIN DATOS,0,0,Maravatío,San Miguel Curahuango,julio,lunes,7,-100.450615882874,19.8752258870893
15735,15735,2018,"180691387",2018/07/02,"08:50:00",SALIDA DE SUPERFICIE DE RODAMIENTO,ASFALTO,Bueno,Bueno,1,NISSAN,GRIS,1,,0,FEMENINO,SIN DATOS,0,0,Morelia,Villas del Pedregal,julio,lunes,9,-101.297979354858,19.676373431034
15736,15736,2018,"180691476",2018/07/02,"09:08:00",COLISIÓN POR INVASIÓN DE CARRIL,ASFALTO,Bueno,Bueno,2,NISSAN,ROJO,2,,49,MASCULINO,SIN DATOS,0,0,Morelia,Ventura Puente,julio,lunes,9,-101.180176734924,19.6883240932651
15737,15737,2018,"180691522",2018/07/02,"09:15:00",COLISIÓN POR CAMBIO DE CARRIL,ASFALTO,Bueno,Bueno,2,VOLKWAGEN,AZUL,2,,28,MASCULINO,SIN DATOS,0,0,Morelia,Centro,julio,lunes,9,-101.190487146378,19.7030212755602
15738,15738,2018,"180691521",2018/07/02,"09:17:00",COLISIÓN POR ALCANCE,ASFALTO,Bueno,Bueno,2,CHEVROLET,BLANCO,2,,32,MASCULINO,SIN DATOS,0,0,Morelia,Tinijaro,julio,lunes,9,-101.262595653534,19.6967536731745
15739,15739,2018,"18069109",2018/07/02,"09:58:00",COLISIÓN POR CORTE DE CIRCULACIÓN,ASFALTO,Bueno,Bueno,2,NISSAN,BLANCO,2,,72,MASCULINO,SIN DATOS,0,0,Morelia,Hermanos Lopez Rayon,julio,lunes,10,-101.22018456459,19.675393497795
15740,15740,2018,"180783713",2018/07/02,11:00:00,COLISIÓN CON PEATÓN,ASFALTO,Bueno,Bueno,2,RAM,ROJO,2,,44,MASCULINO,SIN DATOS,0,0,Morelia,Jardines del Toreo,julio,lunes,11,-101.214208602905,19.6881725688944
15741,15741,2018,,2018/07/02,11:30:00,COLISIÓN POR ALCANCE,ASFALTO,Bueno,Bueno,2,ITALIKA,Rojo/Negro,2,,18,MASCULINO,SIN DATOS,0,0,Apatzingán,Centro,julio,lunes,12,-102.354383468628,19.0878119716413
15742,15742,2018,"180692073",2018/07/02,12:05:00,COLISIÓN CONTRA OBJETO FIJO,ASFALTO,Bueno,Regular,2,VOLKSWAGEN,AZUL,2,,0,,SIN DATOS,0,0,Morelia,Chapultepec Oriente,julio,lunes,12,-101.16635799408,19.6945011146933
15743,15743,2018,"180092162",2018/07/02,12:10:00,SALIDA DE SUPERFICIE DE RODAMIENTO,CONCRETO,Bueno,Bueno,1,VOLKSWAGEN,AZUL,1,,29,FEMENINO,SIN DATOS,0,0,Morelia,Loma Real,julio,lunes,12,-101.197171211243,19.7270187201555
15744,15744,2018,"180692202",2018/07/02,12:27:00,COLISIÓN POR ALCANCE,ASFALTO,Bueno,Bueno,3,NISSAN,ROJO,3,,40,MASCULINO,SIN DATOS,0,0,Morelia,Jardines del Rincon,julio,lunes,12,-101.150457859039,19.6908191739474
15745,15745,2018,"180692259",2018/07/02,12:35:00,COLISIÓN POR CAMBIO DE CARRIL,ASFALTO,Bueno,Bueno,2,FORD,GRIS,2,,,MASCULINO,SIN DATOS,0,0,Morelia,Centro,julio,lunes,13,-101.188899278641,19.7029051175554
15747,15747,2018,"180692514",2018/07/02,13:45:00,COLISIÓN POR CAMBIO DE CARRIL,ASFALTO,Bueno,Bueno,2,TOYOTA,GRIS,1,,,,,1,0,Morelia,El Porvenir,julio,lunes,14,-101.203072071075,19.7126115955141
15748,15748,2018,"180692951",2018/07/02,15:15:00,COLISIÓN CONTRA OBJETO FIJO,ASFALTO,Bueno,Bueno,1,JEEP,BLANCO,0,,,,,0,0,Morelia,San Jose Itzicuaro,julio,lunes,15,-101.304352283478,19.6879503328915
15749,15749,2018,,2018/07/02,16:14:00,COLISIÓN POR ALCANCE,ASFALTO,Nublado,Bueno,2,VOLKSWAGEN,GRIS,1,,,,SIN DATOS,0,0,Indaparapeo,Centro,julio,lunes,16,-100.969623327255,19.7895910495486
15750,15750,2018,"180694737",2018/07/02,23:27:00,SUBIDA AL CAMELLÓN,ASFALTO,Bueno,Bueno,1,TOYOTA,BLANCO Y NARANJA,1,,46,MASCULINO,ALIENTO ETÍLICO,0,0,Tarímbaro,Real Hacienda,julio,lunes,23,-101.194883286953,19.7510731471237
15751,15751,2018,,2018/07/02,23:30:00,COLISIÓN POR NO RESPETAR SEMÁFORO,ASFALTO,Bueno,Bueno,2,MAZDA,AZUL,2,,40,MASCULINO,SIN DATOS,0,0,Apatzingán,Fovissste,julio,lunes,0,-102.36382484436,19.1008501459611
15752,15752,2018,"180694997",2018/07/03,"05:10:00",VOLCADURA,ASFALTO,Nublado,Bueno,1,VOLKSWAGEN,ROJO,1,,22,MASCULINO,SIN DATOS,0,0,Morelia,Alberto Oviedo Mota,julio,martes,5,-101.197589635849,19.6812325990642
15753,15753,2018,"180696293",2018/07/03,"09:00:00",COLISIÓN POR ALCANCE,ASFALTO,Nublado,Bueno,2,RENAULT,NEGRO,2,,30,MASCULINO,SIN DATOS,0,0,Morelia,Las Americas,julio,martes,9,-101.159019470215,19.6880917558381
15754,15754,2018,"180695335",2018/07/03,"09:25:00",COLISIÓN POR ALCANCE,ASFALTO,Nublado,Bueno,3,DODGE,BLANCO,3,,35,MASCULINO,SIN DATOS,0,0,Morelia,Canteras de Morelia,julio,martes,9,-101.173406839371,19.7162879848501
15755,15755,2018,"935965",2018/07/03,12:50:00,COLISIÓN POR CORTE DE CIRCULACIÓN,ASFALTO,Nublado,Bueno,2,TOYOTA,PLATA,3,MINISTERIO PÚBLICO,,MASCULINO,SIN DATOS,2,0,Madero,Buenos Aires,julio,martes,13,-101.286542415619,19.3954846962546
15756,15756,2018,"180697237",2018/07/03,14:00:00,COLISIÓN POR CORTE DE CIRCULACIÓN,ASFALTO,Bueno,Bueno,2,SIN DATOS,SIN DATOS,1,,47,FEMENINO,SIN DATOS,0,0,Morelia,Nueva Chapultepec,julio,martes,14,-101.175375580788,19.6888695798122
15757,15757,2018,"180696447",2018/07/03,14:30:00,COLISIÓN POR CAMBIO DE CARRIL,CONCRETO,Bueno,Bueno,2,INTERNATIONAL,AMARILLO Y GUINDA,2,,51,MASCULINO,SIN DATOS,0,0,Morelia,Centro,julio,martes,15,-101.192461252213,19.7030818797032
15758,15758,2018,"180696881",2018/07/03,15:40:00,COLISIÓN CONTRA OBJETO FIJO,ASFALTO,Bueno,Bueno,2,DODGE,NEGRO,2,,47,MASCULINO,SIN DATOS,0,0,Morelia,Bosques Tres Marias,julio,martes,16,-101.102350001794,19.7229779239761
15759,15759,2018,"180696871",2018/07/03,15:40:00,COLISIÓN POR CORTE DE CIRCULACIÓN,CONCRETO,Bueno,Bueno,2,NISSAN,BLANCO Y VERDE,2,,58,MASCULINO,SIN DATOS,0,0,Morelia,Centro,julio,martes,16,-101.193499267101,19.6971400393253
15760,15760,2018,"180696905",2018/07/03,15:40:00,COLISIÓN POR ALCANCE,ASFALTO,Bueno,Bueno,2,HONDA,BLANCO,2,,27,FEMENINO,SIN DATOS,0,0,Morelia,Rinconada del Valle,julio,martes,16,-101.222534179688,19.6777473479576
15761,15761,2018,"180696955",2018/07/03,16:00:00,COLISIÓN POR CORTE DE CIRCULACIÓN,CONCRETO,Bueno,Bueno,2,CHEVROLET,GRIS,2,,45,MASCULINO,SIN DATOS,0,0,Morelia,Felix Ireta,julio,martes,16,-101.188319921494,19.6841621717703
15762,15762,2018,"180697092",2018/07/03,16:00:00,COLISIÓN POR ALCANCE,ASFALTO,Bueno,Bueno,2,RENAULT,BLANCO,2,,56,MASCULINO,SIN DATOS,0,0,Morelia,Campestre Los Manantiales,julio,martes,16,-101.238337755203,19.6883442965037
15763,15763,2018,"180697660",2018/07/03,18:42:00,COLISIÓN POR CORTE DE CIRCULACIÓN,CONCRETO,Bueno,Bueno,2,YAMAHA,ROJO,3,,49,MASCULINO,SIN DATOS,1,0,Morelia,Infonavit Santa Teresa,julio,martes,19,-101.227630376816,19.6966627633564
15764,15764,2018,"943359",2018/07/03,19:02:00,CAIDA DE MOTOCICLETA,TERRACERIA,Lluvioso,Malo,1,VENTO,NEGRO,0,MINISTERIO PÚBLICO,,,,0,0,Acuitzio,Sin datos,julio,martes,19,-101.320686936378,19.5074791114751
15765,15765,2018,"18069687",2018/07/03,19:30:00,COLISIÓN POR ALCANCE,ASFALTO,Bueno,Bueno,2,MITSUBISHI,BLANCO,2,,48,MASCULINO,SIN DATOS,0,0,Morelia,Alberto Oviedo Mota,julio,martes,20,-101.19949400425,19.6811265273232
15766,15766,2018,"180698029",2018/07/03,20:20:00,COLISIÓN POR CAMBIO DE CARRIL,ASFALTO,Bueno,Bueno,2,NISSAN,ROJO,2,,39,FEMENINO,SIN DATOS,0,0,Morelia,Felix Ireta,julio,martes,20,-101.191956996918,19.6823539246018
15767,15767,2018,,2018/07/03,23:30:00,COLISIÓN CONTRA OBJETO FIJO,ASFALTO,Bueno,Bueno,1,CHEVROLET,BLANCO,1,,20,MASCULINO,SIN DATOS,0,0,Coalcomán de Vázquez Pallares,Centro,julio,martes,0,-103.159608,18.776821
15768,15768,2018,"180698955",2018/07/04,"08:28:00",COLISIÓN POR CORTE DE CIRCULACIÓN,ASFALTO,Bueno,Bueno,1,NOVISTAR,BLANCO Y AZUL,1,,45,MASCULINO,SIN DATOS,0,0,Morelia,Cosmos,julio,miércoles,8,-101.216697692871,19.6828186157673
15769,15769,2018,"180699013",2018/07/04,"09:30:00",COLISIÓN POR CORTE DE CIRCULACIÓN,SIN_DATOS,Bueno,Bueno,1,CHEVROLET,BLANCO,1,,,,SIN DATOS,0,0,Morelia,Felix Ireta,julio,miércoles,10,-101.192021369934,19.6823539246018
15770,15770,2018,,2018/07/04,"09:30:00",COLISIÓN POR CORTE DE CIRCULACIÓN,TERRACERIA,Bueno,Bueno,2,CHEVROLET,BLANCO,2,,29,MASCULINO,SIN DATOS,0,0,Morelia,Ciudad Industrial,julio,miércoles,10,-101.142888665199,19.7250392692962
15771,15771,2018,"180700470",2018/07/04,11:20:00,COLISIÓN POR CORTE DE CIRCULACIÓN,ASFALTO,Bueno,Bueno,1,VOLKSWAGEN,BLANCO,0,,,,,0,0,Morelia,Arcos del Valle,julio,miércoles,11,-101.236245632172,19.707707928188
15772,15772,2018,"180699858",2018/07/04,13:15:00,SUBIDA AL CAMELLÓN,ASFALTO,Bueno,Bueno,1,FORD,BLANCO,1,,,MASCULINO,SIN DATOS,0,0,Morelia,El Lago 1,julio,miércoles,13,-101.21789932251,19.727624669598
15773,15773,2018,"180700148",2018/07/04,13:48:00,COLISIÓN POR ALCANCE,ASFALTO,Bueno,Bueno,2,NISSAN,BLANCO,2,MINISTERIO PÚBLICO,23,MASCULINO,SIN DATOS,0,0,Morelia,Sin datos,julio,miércoles,14,-101.326067447662,19.6858491772566
15774,15774,2018,"180700085",2018/07/04,13:50:00,COLISIÓN POR ALCANCE,CONCRETO,Bueno,Bueno,1,CHEVROLET,GRIS Y ROJO,1,,17,MASCULINO,SIN DATOS,0,0,Morelia,Lomas de Huerta,julio,miércoles,14,-101.214315891266,19.6744236610601
15775,15775,2018,"180700008",2018/07/04,14:00:00,COLISIÓN CONTRA OBJETO FIJO,ASFALTO,Bueno,Bueno,1,RENAULT,ROJO,1,,,,SIN DATOS,0,0,Morelia,Tenencia Morelos,julio,miércoles,14,-101.247682571411,19.6491755341557
15776,15776,2018,"180700349",2018/07/04,15:00:00,COLISIÓN POR CORTE DE CIRCULACIÓN,CONCRETO,Bueno,Bueno,2,CHEVROLET,VERDE,2,,0,MASCULINO,SIN DATOS,0,0,Morelia,Felix Ireta,julio,miércoles,15,-101.188234090805,19.6856067344478
15777,15777,2018,,2018/07/04,21:30:00,COLISIÓN POR CAMBIO DE CARRIL,CONCRETO,Bueno,Regular,2,CHRYSLER,GUINDA,2,,59,MASCULINO,ALIENTO ETÍLICO,0,0,Morelia,Indeco El Vivero,julio,miércoles,22,-101.229883432388,19.6770805956278
15778,15778,2018,"180003271",2018/07/04,22:05:00,COLISIÓN POR CAMBIO DE CARRIL,ASFALTO,Bueno,Bueno,2,RENAULT,NARANJA,2,,22,MASCULINO,ALIENTO ETÍLICO,0,0,Morelia,Cinco de Diciembre,julio,miércoles,22,-101.160972118378,19.6880715525677
15779,15779,2018,"180702215",2018/07/04,22:37:00,COLISIÓN POR ALCANCE,ASFALTO,Bueno,Bueno,2,KENWORTH,BLANCO Y AZUL,2,,46,MASCULINO,SIN DATOS,0,0,Morelia,El Eden,julio,miércoles,23,-101.247553825378,19.6490542850622
15780,15780,2018,,2018/07/04,23:30:00,VOLCADURA,ASFALTO,Bueno,Bueno,2,MERCEDES BENZ,BLANCO,1,,33,MASCULINO,SIN DATOS,0,0,Morelia,Nueva Valladolid,julio,miércoles,0,-101.210528612137,19.6956374990553
15781,15781,2018,"180702534",2018/07/05,"00:40:00",COLISIÓN CONTRA OBJETO FIJO,ASFALTO,Bueno,Bueno,1,JEEP,GRIS,1,,39,MASCULINO,SIN DATOS,0,0,Morelia,Jesus Romero Flores,julio,jueves,1,-101.183052062988,19.7304877496311
15782,15782,2018,"180702942",2018/07/05,"08:25:00",COLISIÓN POR ALCANCE,ASFALTO,Bueno,Bueno,2,DODGE,ROJO,2,,32,MASCULINO,SIN DATOS,0,0,Morelia,La Esperanza,julio,jueves,8,-101.253690719604,19.6978294354343
15783,15783,2018,,2018/07/05,11:00:00,COLISIÓN POR INVASIÓN DE CARRIL,ASFALTO,Bueno,Bueno,2,FORD,BLANCO,1,,30,MASCULINO,SIN DATOS,0,0,Tangamandapio,Juan Pablo Ii,julio,jueves,11,-102.417426109314,19.9592715724411
15784,15784,2018,"180703621",2018/07/05,12:35:00,COLISIÓN POR ALCANCE,ASFALTO,Bueno,Regular,2,NISSAN,BLANCO,2,,45,MASCULINO,SIN DATOS,0,0,Morelia,Lomas del Valle,julio,jueves,13,-101.232214942575,19.6860928824185
15785,15785,2018,"180703684",2018/07/05,12:40:00,COLISIÓN POR ALCANCE,ASFALTO,Bueno,Bueno,2,NISSAN,BLANCO,2,,39,MASCULINO,SIN DATOS,0,0,Morelia,Felix Ireta,julio,jueves,13,-101.192021369934,19.6824953524906
15786,15786,2018,,2018/07/05,12:45:00,COLISIÓN POR INVASIÓN DE CARRIL,CONCRETO,Bueno,Bueno,2,FORD,ROJO,2,MINISTERIO PÚBLICO,59,MASCULINO,SIN DATOS,1,0,Sahuayo,La Alameda,julio,jueves,13,-102.715312242508,20.056949162233
15787,15787,2018,"180704554",2018/07/05,15:28:00,COLISIÓN POR ALCANCE,ASFALTO,Bueno,Bueno,3,RENAULT,BLANCO,2,,,MASCULINO,SIN DATOS,0,0,Morelia,Felix Ireta,julio,jueves,15,-101.192021369934,19.6823236186094
15788,15788,2018,"180704612",2018/07/05,16:05:00,COLISIÓN POR CORTE DE CIRCULACIÓN,ASFALTO,Bueno,Bueno,2,AUDI,ROJO,2,,40,FEMENINO,SIN DATOS,0,0,Morelia,Industrial,julio,jueves,16,-101.194054484367,19.7096168917342