fid,id_accidente,anio_origen,folio_c5i,dia_incidente,hora_ocurrencia,tipo_incidente_vial,superficie_ocurrencia,condiciones_climaticas,condiciones_via,numero_vehiculos_involucrados,marca_vehiculo_ocasiona_siniestro,color_vehiculo_ocasiona_siniestro,numero_personas_involucradas,lugar_remite_presunto_responsable,edad_presunto_responsable,sexo_presunto_responsable,resultados_toxicologia,numero_personas_lesionadas,numero_personas_fallecidas,municipio,colonia,mes,dia_semana,hora_redondeada,lon,lat
15789,15789,2018,"180704624",2018/07/05,16:10:00,COLISIÓN POR CAMBIO DE CARRIL,ASFALTO,Bueno,Bueno,2,TOYOTA,BLANCO Y NARANJA,2,,32,MASCULINO,SIN DATOS,0,0,Morelia,Centro,julio,jueves,16,-101.188926100731,19.7025010890557
15790,15790,2018,"180704077",2018/07/05,16:20:00,COLISIÓN POR ALCANCE,ASFALTO,Bueno,Bueno,2,ITALIKA,NEGRO Y ROJO,3,,21,MASCULINO,SIN DATOS,1,0,Morelia,Irrigacion,julio,jueves,16,-101.228663027287,19.703776300536
15791,15791,2018,"180704838",2018/07/05,17:20:00,COLISIÓN POR ALCANCE,ASFALTO,Bueno,Bueno,2,CHEVROLET,CHAMPAGNE,2,,65,MASCULINO,SIN DATOS,0,0,Morelia,Chapultepec Norte,julio,jueves,17,-101.176244616508,19.6969354926558
15792,15792,2018,"180705074",2018/07/05,18:00:00,COLISIÓN POR ALCANCE,ASFALTO,Bueno,Bueno,3,DODGE,PLATA,3,,73,MASCULINO,SIN DATOS,0,0,Morelia,Lomas de Las Americas Norte,julio,jueves,18,-101.14914894104,19.6950011248065
15793,15793,2018,"180705097",2018/07/05,18:20:00,COLISIÓN POR CAMBIO DE CARRIL,CONCRETO,Bueno,Bueno,2,VOLKSWAGEN,VERDE Y MORADO,2,,39,MASCULINO,SIN DATOS,0,0,Morelia,Chapultepec Norte,julio,jueves,18,-101.175380945206,19.6953912831282
15794,15794,2018,,2018/07/05,19:20:00,COLISIÓN POR ALCANCE,ASFALTO,Bueno,Bueno,2,VOLKSWAGEN,AZUL,2,,18,MASCULINO,SIN DATOS,0,0,Morelia,Lomas de Hidalgo,julio,jueves,19,-101.158998012543,19.695576892093
15795,15795,2018,"1807054765",2018/07/05,19:48:00,COLISIÓN POR CAMBIO DE CARRIL,ASFALTO,Bueno,Regular,2,NISSAN,BLANCO Y ROJO,2,,63,MASCULINO,SIN DATOS,0,0,Morelia,Los Manantiales de Morelia,julio,jueves,20,-101.24025285244,19.6927939976891
15796,15796,2018,"180705585",2018/07/05,20:05:00,COLISIÓN POR CORTE DE CIRCULACIÓN,ASFALTO,Bueno,Bueno,2,VOLKSWAGEN,BNLANCO,2,,56,MASCULINO,SIN DATOS,0,0,Morelia,Ventura Puente,julio,jueves,20,-101.184060573578,19.691102014648
15797,15797,2018,"180705518",2018/07/05,20:30:00,COLISIÓN POR CORTE DE CIRCULACIÓN,CONCRETO,Bueno,Bueno,2,VOLKSWAGEN,ROJO,2,,31,FEMENINO,SIN DATOS,0,0,Morelia,Nueva Chapultepec,julio,jueves,21,-101.172430515289,19.6888998845658
15799,15799,2018,,2018/07/05,21:30:00,COLISIÓN POR MANIOBRA DE REVERSA,ASFALTO,Bueno,Bueno,2,VOLKSWAGEN,VERDE,2,,50,MASCULINO,SIN DATOS,0,0,Morelia,Jardines de Torremolinos,julio,jueves,22,-101.225763559341,19.6768987536018
15800,15800,2018,"180706067",2018/07/05,22:00:00,COLISIÓN POR ALCANCE,ASFALTO,Bueno,Bueno,2,CHEVROLET,NEGRO,2,,45,MASCULINO,SIN DATOS,0,0,Morelia,Comision Federal de Electricidad,julio,jueves,22,-101.178808808327,19.6815609159127
15801,15801,2018,"180706060",2018/07/05,22:35:00,COLISIÓN POR CAMBIO DE CARRIL,ASFALTO,Bueno,Bueno,2,SUZUKI,ROJO,2,,21,MASCULINO,SIN DATOS,0,0,Morelia,Felix Ireta,julio,jueves,23,-101.188775897026,19.6818715535421
15802,15802,2018,"180706563",2018/07/06,"00:00:00",COLISIÓN CONTRA OBJETO FIJO,ASFALTO,Lluvioso,Bueno,1,MAZDA,ROJO,1,,,MASCULINO,SIN DATOS,0,0,Morelia,Indeco Santiaguito,julio,viernes,0,-101.178438663483,19.7199289409673
15804,15804,2018,"180706494",2018/07/06,"03:45:00",COLISIÓN POR CORTE DE CIRCULACIÓN,CONCRETO,Bueno,Bueno,2,NISSAN,BLANCO,3,,35,MASCULINO,CON CERTIFICADO,1,0,Morelia,Jacarandas,julio,viernes,4,-101.211569309235,19.7090815762132
15805,15805,2018,"180706488",2018/07/06,"03:55:00",SALIDA DE SUPERFICIE DE RODAMIENTO,ASFALTO,Nublado,Bueno,1,NISSAN,PLATA,1,,30,MASCULINO,SIN DATOS,0,0,Morelia,Sin datos,julio,viernes,4,-101.342353820801,19.5562314816939
15806,15806,2018,"180706520",2018/07/06,"04:00:00",SALIDA DE SUPERFICIE DE RODAMIENTO,ASFALTO,Bueno,Bueno,1,MITSUBISHI,ROJO,1,,30,MASCULINO,CON CERTIFICADO,0,0,Morelia,Jacarandas,julio,viernes,4,-101.211574673653,19.7090108740292
15807,15807,2018,"180706780",2018/07/06,"08:40:00",COLISIÓN POR CORTE DE CIRCULACIÓN,ASFALTO,Bueno,Bueno,2,VOLKSWAGEN,VERDE,2,,47,MASCULINO,SIN DATOS,0,0,Morelia,El Eden,julio,viernes,9,-101.251630783081,19.6446084217048
15808,15808,2018,"180702806",2018/07/06,"08:54:00",COLISIÓN POR ALCANCE,ASFALTO,Bueno,Bueno,2,NISSAN,BLANCO/ROJO,2,MINISTERIO PÚBLICO,39,MASCULINO,CON CERTIFICADO,0,0,Morelia,Primo Tapia Oriente,julio,viernes,9,-101.160455885711,19.7131683450837
15809,15809,2018,,2018/07/06,"09:20:00",VOLCADURA,ASFALTO,Bueno,Bueno,1,NISSAN,GRIS,1,,,,SIN DATOS,0,0,Tuxpan,Sin datos,julio,viernes,9,-100.472481250763,19.5212068969363
15810,15810,2018,"180706847",2018/07/06,"09:40:00",COLISIÓN POR CORTE DE CIRCULACIÓN,CONCRETO,Bueno,Bueno,2,VOLKSWAGEN,GRIS,2,,,,SIN DATOS,0,0,Morelia,Jose Maria Cabrera,julio,viernes,10,-101.224272251129,19.7254028437413
15811,15811,2018,"180706957",2018/07/06,"09:45:00",COLISIÓN POR CAMBIO DE CARRIL,ASFALTO,Bueno,Bueno,2,FORD,BLANCO,2,,33,MASCULINO,SIN DATOS,0,0,Morelia,Canteras de Morelia,julio,viernes,10,-101.173567771912,19.7161819363418
15812,15812,2018,"180706975",2018/07/06,10:11:00,COLISIÓN POR CAMBIO DE CARRIL,ASFALTO,Bueno,Bueno,2,KAWASAKI,AZUL,2,,22,MASCULINO,SIN DATOS,0,0,Morelia,Los Manantiales de Morelia,julio,viernes,10,-101.240263581276,19.6927788456815
15813,15813,2018,"180706994",2018/07/06,10:40:00,COLISIÓN POR CORTE DE CIRCULACIÓN,ASFALTO,Bueno,Bueno,2,VOLKSWAGEN,BLANCO/ROJO,2,,44,MASCULINO,SIN DATOS,0,0,Morelia,Cuauhtemoc,julio,viernes,11,-101.182934045792,19.6943192924467
15814,15814,2018,"180187232",2018/07/06,14:45:00,COLISIÓN POR ALCANCE,ASFALTO,Bueno,Bueno,1,HONDA,ROJO Y NEGRO,2,MINISTERIO PÚBLICO,,,,2,0,Quiroga,Sin datos,julio,viernes,15,-101.53564453125,19.6690187342593
15815,15815,2018,"180708062",2018/07/06,15:00:00,COLISIÓN POR CORTE DE CIRCULACIÓN,CONCRETO,Bueno,Bueno,2,MERCEDEZ BENZ,GRIS,2,,53,FEMENINO,SIN DATOS,0,0,Morelia,Felix Ireta,julio,viernes,15,-101.191946268082,19.690293897035
15816,15816,2018,"180708163",2018/07/06,15:15:00,CAIDA DE MOTOCICLETA,ASFALTO,Bueno,Bueno,1,SUZUKI,AZUL,1,,35,MASCULINO,SIN DATOS,0,0,Morelia,Campos Eliseos,julio,viernes,15,-101.242468357086,19.7006778977615
15817,15817,2018,"180708505",2018/07/06,16:35:00,COLISIÓN POR CORTE DE CIRCULACIÓN,ASFALTO,Bueno,Bueno,2,ALIBIKE,BLANCO/ROJO,0,,,,,0,0,Morelia,Pascual Ortiz de Ayala,julio,viernes,17,-101.149535179138,19.6949203151971
15818,15818,2018,"180704959",2018/07/06,17:40:00,COLISIÓN CONTRA OBJETO FIJO,CONCRETO,Bueno,Bueno,1,DODGE,BLANCO,1,,18,MASCULINO,SIN DATOS,0,0,Morelia,Camelinas,julio,viernes,18,-101.171110868454,19.6820912724772
15819,15819,2018,"180709008",2018/07/06,17:50:00,COLISIÓN POR ALCANCE,ASFALTO,Bueno,Bueno,2,RENAULT,NEGRO,2,,35,MASCULINO,SIN DATOS,0,0,Morelia,Hermanos Lopez Rayon,julio,viernes,18,-101.220251619816,19.6753278319513
15820,15820,2018,"180708946",2018/07/06,17:59:00,COLISIÓN POR CORTE DE CIRCULACIÓN,ASFALTO,Bueno,Bueno,2,JEEP,GRIS,2,,19,MASCULINO,SIN DATOS,0,0,Morelia,Felix Ireta,julio,viernes,18,-101.180536150932,19.6870361315442
15821,15821,2018,,2018/07/06,18:00:00,COLISIÓN CON PEATÓN,ASFALTO,Bueno,Bueno,1,FORD,ROJO,1,,52,MASCULINO,SIN DATOS,0,0,Morelia,Felix Ireta,julio,viernes,18,-101.192064285278,19.6824347405535
15822,15822,2018,"180709020",2018/07/06,19:00:00,VOLCADURA,ASFALTO,Bueno,Bueno,1,CHEVROLET,ROJO,1,,56,MASCULINO,SIN DATOS,0,0,Morelia,Sin datos,julio,viernes,19,-101.343920230865,19.5553215857589
15823,15823,2018,"180709163",2018/07/06,19:30:00,COLISIÓN POR ALCANCE,CONCRETO,Bueno,Bueno,2,JEEP,VERDE,2,,26,MASCULINO,SIN DATOS,0,0,Morelia,Torremolinos,julio,viernes,20,-101.225675046444,19.6804825188163
15824,15824,2018,"180817076",2018/07/06,19:30:00,COLISIÓN CONTRA OBJETO FIJO,ASFALTO,Lluvioso,Regular,2,VOLKSWAGEN,BLANCO,2,,35,MASCULINO,CON CERTIFICADO,0,0,Morelia,Victor Manuel Tinoco Rubi,julio,viernes,20,-101.243391036987,19.7004556791197
15825,15825,2018,"180709232",2018/07/06,19:47:00,COLISIÓN POR ALCANCE,ASFALTO,Lluvioso,Regular,4,AUDI,NEGRO,4,,23,MASCULINO,CON CERTIFICADO,0,0,Morelia,Sentimientos de La Nacion,julio,viernes,20,-101.234346628189,19.6789394133896
15826,15826,2018,"180709304",2018/07/06,20:15:00,COLISIÓN POR ALCANCE,CONCRETO,Bueno,Bueno,2,CHEVROLET,BLANCO,2,,,MASCULINO,SIN DATOS,0,0,Morelia,Centro,julio,viernes,20,-101.204096674919,19.7024909883301
15827,15827,2018,"180708154",2018/07/06,20:30:00,CAIDA DE MOTOCICLETA,CONCRETO,Lluvioso,Bueno,1,ITALIKA,BLANCO,1,,29,MASCULINO,SIN DATOS,0,0,Morelia,Centro,julio,viernes,21,-101.18982732296,19.7029354196517
15828,15828,2018,"180709876",2018/07/06,23:00:00,COLISIÓN CONTRA OBJETO FIJO,CONCRETO,Bueno,Bueno,1,TOYOTA,ROJO,1,,,,SIN DATOS,0,0,Morelia,Niño Artillero,julio,viernes,23,-101.253004074097,19.6970756450316
15829,15829,2018,"180780287",2018/07/06,23:25:00,SUBIDA AL CAMELLÓN,ASFALTO,Bueno,Bueno,1,MAZDA,BLANCO,1,,,,SIN DATOS,0,0,Morelia,Arcos del Valle,julio,viernes,23,-101.236240267754,19.7076574261976
15830,15830,2018,"180711798",2018/07/07,"00:00:00",COLISIÓN POR CAMBIO DE CARRIL,CONCRETO,Bueno,Bueno,2,NISSAN,ARENA,0,,,,,0,0,Morelia,El Lago 1,julio,sábado,0,-101.219347715378,19.7276549670097
15831,15831,2018,,2018/07/07,"00:00:00",COLISIÓN POR CORTE DE CIRCULACIÓN,CONCRETO,Bueno,Bueno,2,SPIRIT,BLANCO/AZUL,0,,,,,0,0,Pátzcuaro,Lazaro Cardenas,julio,sábado,0,-101.60439491272,19.4983266070602
15832,15832,2018,,2018/07/07,"05:00:00",COLISIÓN POR ALCANCE,ASFALTO,Bueno,Bueno,2,FORD,AZUL,2,,39,,SIN DATOS,0,0,Lázaro Cárdenas,Centro,julio,sábado,5,-102.195714712143,17.9585363263726
15833,15833,2018,,2018/07/07,"07:00:00",SALIDA DE SUPERFICIE DE RODAMIENTO,ASFALTO,Bueno,Bueno,1,FORD,ARENA,1,MINISTERIO PÚBLICO,,,SIN DATOS,0,0,Senguio,Sin datos,julio,sábado,7,-100.416669845581,19.7539206605004
15834,15834,2018,"180710652",2018/07/07,"09:00:00",COLISIÓN POR MANIOBRA DE REVERSA,CONCRETO,Bueno,Bueno,1,FORD,BLANCO,1,,35,MASCULINO,CON CERTIFICADO,0,0,Morelia,Ferrocarrilero,julio,sábado,9,-101.214026212692,19.7007688052987
15836,15836,2018,"180710732",2018/07/07,10:45:00,COLISIÓN CON PEATÓN,CONCRETO,Bueno,Bueno,1,ACURA,PLATA,1,,,,SIN DATOS,0,0,Morelia,Felicitas del Rio,julio,sábado,11,-101.195395588875,19.691799012813
15837,15837,2018,"180711552",2018/07/07,11:05:00,SALIDA DE SUPERFICIE DE RODAMIENTO,ASFALTO,Bueno,Bueno,1,VOLKSWAGEN,PLATA,0,,,,,0,0,Morelia,Sin datos,julio,sábado,11,-101.250686645508,19.6296532504283
15838,15838,2018,"180710933",2018/07/07,11:50:00,COLISIÓN CON PEATÓN,ASFALTO,Bueno,Bueno,1,MERCEDES BENZ,BLANCO,1,MINISTERIO PÚBLICO,,,,0,1,Lagunillas,Oriente,julio,sábado,12,-101.414022445679,19.5602754015229
15840,15840,2018,"180712015",2018/07/07,14:55:00,COLISIÓN CONTRA OBJETO FIJO,CONCRETO,Bueno,Bueno,2,VOLKSWAGEN,ROJO,2,,41,MASCULINO,SIN DATOS,0,0,Morelia,Niño Artillero,julio,sábado,15,-101.255369782448,19.6968294313168
15841,15841,2018,"180712467",2018/07/07,17:10:00,COLISIÓN POR CORTE DE CIRCULACIÓN,ASFALTO,Bueno,Bueno,2,FORD,GUINDA,2,,45,MASCULINO,SIN DATOS,0,0,Morelia,El Lago 2,julio,sábado,17,-101.214594841003,19.7267359429626
15842,15842,2018,"180713668",2018/07/07,21:23:00,COLISIÓN CON PEATÓN,ASFALTO,Bueno,Regular,0,,,1,,,,,1,0,Morelia,Jardines del Rincon,julio,sábado,21,-101.150350570679,19.6908292754096
15843,15843,2018,,2018/07/07,21:30:00,COLISIÓN POR ALCANCE,ASFALTO,Lluvioso,Bueno,2,FORD,ROJO,2,,47,MASCULINO,SIN DATOS,0,0,Huandacareo,Centro,julio,sábado,22,-101.276961565018,19.9887304358552
15844,15844,2018,"180712202",2018/07/07,22:45:00,COLISIÓN POR CORTE DE CIRCULACIÓN,ASFALTO,Bueno,Bueno,2,RAM,NEGRO,2,,46,MASCULINO,SIN DATOS,0,0,Morelia,Pascual Ortiz de Ayala,julio,sábado,23,-101.149320602417,19.6948395055468
15845,15845,2018,"180713893",2018/07/07,22:45:00,COLISIÓN CON PEATÓN,ASFALTO,Bueno,Bueno,1,CHEVROLET,VINO,1,,,,SIN DATOS,0,0,Morelia,Vasco de Quiroga,julio,sábado,23,-101.170831918716,19.6972637773071
15846,15846,2018,"180743792",2018/07/07,22:45:00,COLISIÓN POR CAMBIO DE CARRIL,ASFALTO,Bueno,Bueno,2,NISSAN,BLANCO Y ROJO,2,MINISTERIO PÚBLICO,28,MASCULINO,SIN DATOS,0,0,Morelia,La Soledad,julio,sábado,23,-101.183341741562,19.7281498239226
15847,15847,2018,,2018/07/08,"00:00:00",SUBIDA AL CAMELLÓN,ASFALTO,Bueno,Bueno,1,FORD,BLANCO,0,,,,,0,0,Lázaro Cárdenas,Jose Green,julio,domingo,0,-102.201497554779,17.9658131444488
15848,15848,2018,"180717862",2018/07/08,"00:00:00",COLISIÓN CONTRA OBJETO FIJO,ASFALTO,Lluvioso,Bueno,1,FREIGHTLINER,BLANCO,1,,40,MASCULINO,SIN DATOS,0,0,Morelia,Los Angeles,julio,domingo,0,-101.17730140686,19.7403187819521
15849,15849,2018,"180714194",2018/07/08,"01:30:00",COLISIÓN CONTRA OBJETO FIJO,ASFALTO,Bueno,Bueno,1,DODGE,AZUL,1,,45,MASCULINO,ALIENTO ETÍLICO,0,0,Morelia,Popular Pogreso,julio,domingo,2,-101.199831962585,19.7249180776307
15851,15851,2018,"180714256",2018/07/08,"02:10:00",COLISIÓN POR ALCANCE,ASFALTO,Bueno,Bueno,2,VOLKSWAGEN,VERDE,2,,40,MASCULINO,ALIENTO ETÍLICO,0,0,Morelia,Ventura Puente,julio,domingo,2,-101.179790496826,19.6908999856271
15852,15852,2018,"180714420",2018/07/08,"04:00:00",COLISIÓN POR CORTE DE CIRCULACIÓN,ASFALTO,Bueno,Bueno,2,NISSAN,BLANCO,2,,40,MASCULINO,SIN DATOS,0,0,Morelia,Vasco de Quiroga,julio,domingo,4,-101.17104113102,19.7025263408668
15853,15853,2018,,2018/07/08,"05:25:00",COLISIÓN CONTRA OBJETO FIJO,ASFALTO,Bueno,Bueno,2,VOLKSWAGEN,BLANCO,2,,,MASCULINO,SIN DATOS,0,0,Morelia,Prados Verdes,julio,domingo,5,-101.204548627138,19.7210083346976
15854,15854,2018,,2018/07/08,"06:45:00",COLISIÓN POR INVASIÓN DE CARRIL,ASFALTO,Nublado,Bueno,2,CHEVROLET,PLATA,2,,24,MASCULINO,SIN DATOS,0,0,Morelia,Granjas de La Huerta,julio,domingo,7,-101.231964826584,19.6641692990252
15855,15855,2018,"180614910",2018/07/08,10:24:00,COLISIÓN POR CORTE DE CIRCULACIÓN,ASFALTO,Bueno,Bueno,2,LINCOLN,NEGRO,2,,,MASCULINO,SIN DATOS,0,0,Morelia,Ciudad Industrial,julio,domingo,10,-101.143065690994,19.7252513544897
15856,15856,2018,,2018/07/08,14:25:00,COLISIÓN POR CORTE DE CIRCULACIÓN,ASFALTO,Bueno,Bueno,1,RENAULT,ROJO,1,,,MASCULINO,SIN DATOS,0,0,Pátzcuaro,Centro,julio,domingo,14,-101.607189774513,19.5162266012236
15857,15857,2018,"180715928",2018/07/08,14:45:00,COLISIÓN POR ALCANCE,ASFALTO,Bueno,Bueno,2,FIAT,BLANCO,2,,58,MASCULINO,SIN DATOS,0,0,Morelia,Felix Ireta,julio,domingo,15,-101.181442737579,19.6816467832851
15858,15858,2018,"180715971",2018/07/08,14:48:00,COLISIÓN CON PEATÓN,ASFALTO,Bueno,Bueno,1,DODGE,NEGRO,0,,,,,0,0,Morelia,Francisco J Mujica,julio,domingo,15,-101.185530424118,19.7241202302051
15859,15859,2018,"180715985",2018/07/08,15:37:00,COLISIÓN POR CORTE DE CIRCULACIÓN,ASFALTO,Bueno,Bueno,2,NISSAN,BLANCO,2,,29,MASCULINO,SIN DATOS,0,0,Morelia,Jose Ma Pino Suarez,julio,domingo,16,-101.161390542984,19.7216761664665
15860,15860,2018,"180716174",2018/07/08,16:25:00,COLISIÓN POR ALCANCE,CONCRETO,Bueno,Bueno,2,VOLKWAGEN,ROJO,2,,0,MASCULINO,SIN DATOS,0,0,Morelia,Loma de La Floresta,julio,domingo,16,-101.201210618019,19.6676396910412
15861,15861,2018,,2018/07/08,17:00:00,COLISIÓN POR MANIOBRA DE REVERSA,CONCRETO,Lluvioso,Bueno,2,VOLKSWAGEN,ARENA,2,,23,FEMENINO,SIN DATOS,0,0,Morelia,Villas del Pedregal,julio,domingo,17,-101.30396604538,19.6854451057047
15862,15862,2018,,2018/07/08,17:45:00,COLISIÓN POR CORTE DE CIRCULACIÓN,CONCRETO,Lluvioso,Regular,1,DODGE,MORADO,5,MINISTERIO PÚBLICO,52,MASCULINO,SIN DATOS,3,0,Sahuayo,Las Brisas,julio,domingo,18,-102.715274691582,20.0609400611867
15863,15863,2018,,2018/07/08,18:45:00,COLISIÓN POR INVASIÓN DE CARRIL,ADOQUIN_EMPEDRADO,Bueno,Bueno,2,ITALIKA,GRIS/NEGRO,3,,18,MASCULINO,SIN DATOS,1,0,Apatzingán,Ferrocarril,julio,domingo,19,-102.351288199425,19.0805573950657
15864,15864,2018,"180716639",2018/07/08,19:15:00,COLISIÓN POR INVASIÓN DE CARRIL,ASFALTO,Lluvioso,Regular,2,KENWORTH,BLANCO,2,,50,,SIN DATOS,0,0,Morelia,Fidel Velazquez,julio,domingo,19,-101.237608194351,19.7067786890112
15865,15865,2018,"180716421",2018/07/08,19:20:00,SUBIDA AL CAMELLÓN,CONCRETO,Lluvioso,Regular,1,FORD,BLANCO,1,,57,MASCULINO,SIN DATOS,0,0,Morelia,La Quemada,julio,domingo,19,-101.240215301514,19.7017687847995
15866,15866,2018,"180716920",2018/07/08,19:55:00,COLISIÓN POR ALCANCE,CONCRETO,Lluvioso,Bueno,3,VOLKSWAGEN,BLANCO,3,,,MASCULINO,SIN DATOS,0,0,Morelia,Rector Diaz Rubio,julio,domingo,20,-101.198968291283,19.6681650422374
15867,15867,2018,"180715997",2018/07/08,20:42:00,COLISIÓN POR MANIOBRA DE REVERSA,ASFALTO,Lluvioso,Bueno,2,VOLKWAGEN,ROJO,2,,28,FEMENINO,SIN DATOS,0,0,Morelia,Loma de Los Piñones,julio,domingo,21,-101.205078363419,19.6741913034707
15868,15868,2018,,2018/07/08,21:00:00,COLISIÓN CONTRA OBJETO FIJO,CONCRETO,Lluvioso,Bueno,1,PLYMOUTH,NEGRO,1,,51,MASCULINO,SIN DATOS,0,0,Morelia,Eduardo Ruiz,julio,domingo,21,-101.225109100342,19.7237465534589
15869,15869,2018,"180717366",2018/07/08,21:30:00,COLISIÓN POR CORTE DE CIRCULACIÓN,CONCRETO,Bueno,Bueno,2,MAZDA,ROJO,2,,49,FEMENINO,SIN DATOS,0,0,Morelia,Ampliacion La Soledad,julio,domingo,22,-101.183250546455,19.7366025512011
15870,15870,2018,,2018/07/08,21:30:00,COLISIÓN POR CORTE DE CIRCULACIÓN,ASFALTO,Lluvioso,Bueno,2,FORD,GUINDA,2,,24,MASCULINO,SIN DATOS,0,0,Puruándiro,Centro,julio,domingo,22,-101.515472,20.087439
15872,15872,2018,"180717947",2018/07/09,"01:50:00",COLISIÓN POR CORTE DE CIRCULACIÓN,ASFALTO,Bueno,Bueno,1,ITALIKA,AZUL Y BLANCO,2,,20,MASCULINO,SIN DATOS,1,0,Morelia,El Porvenir,julio,lunes,2,-101.201741695404,19.7138337013484
15873,15873,2018,,2018/07/09,"02:45:00",COLISIÓN POR INVASIÓN DE CARRIL,SIN_DATOS,Bueno,Bueno,2,CHEVROLET,ROJO,2,,31,MASCULINO,SIN DATOS,0,0,Apatzingán,Hacienda de Palmira,julio,lunes,3,-102.353380322456,19.067897879668
15874,15874,2018,"180718037",2018/07/09,"05:30:00",COLISIÓN CONTRA OBJETO FIJO,CONCRETO,Lluvioso,Regular,1,VOLKSWAGEN,ROJO,1,,28,MASCULINO,ALIENTO ETÍLICO,0,0,Morelia,Campestre Los Manantiales,julio,lunes,6,-101.238090991974,19.6877381982372
15875,15875,2018,"180718041",2018/07/09,"06:10:00",COLISIÓN POR CORTE DE CIRCULACIÓN,CONCRETO,Nublado,Regular,1,CHEVROLET,CAFE,1,,63,MASCULINO,SIN DATOS,0,0,Morelia,Colinas del Sur,julio,lunes,6,-101.19954764843,19.6680741161921
15876,15876,2018,"180718049",2018/07/09,"06:14:00",COLISIÓN POR CORTE DE CIRCULACIÓN,ASFALTO,Lluvioso,Regular,1,KEEWAY,NARANJA,1,,28,MASCULINO,SIN DATOS,0,0,Morelia,Canteras de Morelia,julio,lunes,6,-101.172006726265,19.7151870969099
15877,15877,2018,,2018/07/09,"08:30:00",COLISIÓN POR CORTE DE CIRCULACIÓN,ASFALTO,Bueno,Bueno,2,KIA,BLANCO,1,,,MASCULINO,SIN DATOS,0,0,Morelia,Granjas del Maestro,julio,lunes,9,-101.192300319672,19.7133640502113
15878,15878,2018,"180718222",2018/07/09,"08:30:00",COLISIÓN POR CORTE DE CIRCULACIÓN,ASFALTO,Bueno,Bueno,1,DODGE,ROJO,0,,,,,0,0,Morelia,Diego Rivera,julio,lunes,9,-101.17577791214,19.7178686042794
15879,15879,2018,,2018/07/09,10:50:00,COLISIÓN POR CORTE DE CIRCULACIÓN,CONCRETO,Bueno,Bueno,2,NISSAN,GUINDA,2,,30,MASCULINO,SIN DATOS,0,0,Pátzcuaro,Centro,julio,lunes,11,-101.611593961716,19.5148159108956
15880,15880,2018,"180718893",2018/07/09,12:15:00,COLISIÓN POR NO RESPETAR SEMÁFORO,ASFALTO,Bueno,Bueno,2,TOYOTA,BLANCO,2,,35,MASCULINO,SIN DATOS,0,0,Morelia,Plan de La Garita,julio,lunes,12,-101.18835747242,19.7108036697549
15881,15881,2018,"180719465",2018/07/09,14:05:00,COLISIÓN POR CORTE DE CIRCULACIÓN,CONCRETO,Bueno,Bueno,2,HONDA,ROJO,2,,20,MASCULINO,SIN DATOS,0,0,Morelia,Union,julio,lunes,14,-101.158066533812,19.7117357801781
15882,15882,2018,"180719238",2018/07/09,14:30:00,COLISIÓN POR ALCANCE,ASFALTO,Bueno,Bueno,2,CHEVROLET,GUINDA,2,,0,MASCULINO,SIN DATOS,0,0,Morelia,Vasco de Quiroga,julio,lunes,15,-101.171947717667,19.7026576502204
15883,15883,2018,"180719490",2018/07/09,15:00:00,COLISIÓN POR ALCANCE,ASFALTO,Bueno,Bueno,3,HONDA,AZUL,4,,25,MASCULINO,SIN DATOS,1,0,Morelia,Felix Ireta,julio,lunes,15,-101.195765733719,19.681586171027
15884,15884,2018,"180720118",2018/07/09,17:31:00,COLISIÓN POR NO RESPETAR SEMÁFORO,ASFALTO,Bueno,Bueno,2,NISSAN,NEGRO,3,,61,MASCULINO,SIN DATOS,1,0,Morelia,Felix Arreguin,julio,lunes,18,-101.228113174438,19.7193633609915
15885,15885,2018,"180720374",2018/07/09,19:05:00,COLISIÓN POR CORTE DE CIRCULACIÓN,ASFALTO,Lluvioso,Bueno,2,GMC,GUINDA,2,,54,MASCULINO,SIN DATOS,0,0,Morelia,Sin datos,julio,lunes,19,-101.314845085144,19.5760255023754
15886,15886,2018,"180720490",2018/07/09,19:25:00,COLISIÓN POR MANIOBRA DE REVERSA,CONCRETO,Bueno,Bueno,2,NISSAN,BLANCO Y ROJO,2,,45,MASCULINO,SIN DATOS,0,0,Morelia,Lomas de Huerta,julio,lunes,19,-101.214079856873,19.6765754783793
15887,15887,2018,,2018/07/09,19:45:00,CAIDA DE MOTOCICLETA,ASFALTO,Bueno,Bueno,1,HONDA,NEGRO,1,,18,MASCULINO,SIN DATOS,0,0,Morelia,Diego Rivera,julio,lunes,20,-101.175434589386,19.7176464095209
15888,15888,2018,,2018/07/09,19:50:00,COLISIÓN CONTRA OBJETO FIJO,ASFALTO,Bueno,Bueno,1,NISSAN,ARENA,2,,19,MASCULINO,SIN DATOS,1,0,Apatzingán,Independencia,julio,lunes,20,-102.353482246399,19.0953855929492
15889,15889,2018,"180721704",2018/07/10,"00:35:00",SUBIDA AL CAMELLÓN,CONCRETO,Lluvioso,Bueno,1,VOLKSWAGEN,AZUL,0,,,,,0,0,Morelia,Tlalpujahua,julio,martes,1,-101.218703985214,19.6764037381521