fid,id_accidente,anio_origen,folio_c5i,dia_incidente,hora_ocurrencia,tipo_incidente_vial,superficie_ocurrencia,condiciones_climaticas,condiciones_via,numero_vehiculos_involucrados,marca_vehiculo_ocasiona_siniestro,color_vehiculo_ocasiona_siniestro,numero_personas_involucradas,lugar_remite_presunto_responsable,edad_presunto_responsable,sexo_presunto_responsable,resultados_toxicologia,numero_personas_lesionadas,numero_personas_fallecidas,municipio,colonia,mes,dia_semana,hora_redondeada,lon,lat
15890,15890,2018,"180722043",2018/07/10,"03:10:00",SUBIDA AL CAMELLÓN,ASFALTO,Nublado,Bueno,1,VOLKSWAGEN,GRIS,1,,55,MASCULINO,SIN DATOS,0,0,Morelia,Fidel Velazquez,julio,martes,3,-101.237618923187,19.7067584880996
15891,15891,2018,"180722063",2018/07/10,"04:00:00",COLISIÓN POR INVASIÓN DE CARRIL,ASFALTO,Lluvioso,Bueno,2,NISSAN,BLANCO,2,,62,MASCULINO,CON CERTIFICADO,0,0,Morelia,Nueva Valladolid,julio,martes,4,-101.209166049957,19.6987486256267
15892,15892,2018,"180222051",2018/07/10,"05:30:00",COLISIÓN POR CORTE DE CIRCULACIÓN,TERRACERIA,Bueno,Bueno,1,VOLKSWAGEN,AZUL,1,,38,MASCULINO,SIN DATOS,0,0,Morelia,Lucio Cabañas(26 de Julio),julio,martes,6,-101.250118017197,19.7118793375436
15893,15893,2018,"180721924",2018/07/10,"07:30:00",COLISIÓN CON PEATÓN,ASFALTO,Lluvioso,Bueno,1,TOYOTA,BLANCO,1,MINISTERIO PÚBLICO,,,,0,1,Morelia,Sin datos,julio,martes,8,-101.290726661682,19.6002440905922
15894,15894,2018,,2018/07/10,"07:40:00",SUBIDA AL CAMELLÓN,ASFALTO,Lluvioso,Bueno,1,DODGE,BLANCO,1,,40,MASCULINO,SIN DATOS,0,0,Morelia,Barrio Alto,julio,martes,8,-101.196956634521,19.7249988720846
15895,15895,2018,"180722225",2018/07/10,"08:02:00",CAIDA DE MOTOCICLETA,ASFALTO,Lluvioso,Bueno,1,HONA,GUINDA Y NEGRO,1,,,FEMENINO,SIN DATOS,0,0,Morelia,Ana Maria Gallaga (Riviera Norte),julio,martes,8,-101.222598552704,19.6769593676334
15896,15896,2018,"180722242",2018/07/10,"08:50:00",COLISIÓN POR CORTE DE CIRCULACIÓN,ASFALTO,Lluvioso,Bueno,2,FORD,BLANCO,2,,20,MASCULINO,SIN DATOS,0,0,Morelia,Ciudad Industrial,julio,martes,9,-101.142781376839,19.725109964392
15897,15897,2018,180722504},2018/07/10,"09:41:00",COLISIÓN CONTRA OBJETO FIJO,ASFALTO,Nublado,Bueno,1,VOLKSWAGEN,BLANCO Y ROJO,1,,,MASCULINO,SIN DATOS,0,0,Morelia,Felix Arreguin,julio,martes,10,-101.226439476013,19.7216761664665
15898,15898,2018,"180722728",2018/07/10,11:00:00,COLISIÓN POR CAMBIO DE CARRIL,ASFALTO,Nublado,Bueno,2,NISSAN,ROJO,2,,58,FEMENINO,SIN DATOS,0,0,Morelia,Felix Ireta,julio,martes,11,-101.194553375244,19.6819902523146
15899,15899,2018,"180722860",2018/07/10,11:55:00,COLISIÓN POR ALCANCE,ASFALTO,Bueno,Bueno,2,CHEVROLET,BLANCO,2,,29,MASCULINO,SIN DATOS,0,0,Morelia,Nueva Valladolid,julio,martes,12,-101.209101676941,19.6986577169418
15900,15900,2018,"180723804",2018/07/10,14:45:00,SUBIDA AL CAMELLÓN,ASFALTO,Nublado,Bueno,1,TOYOTA,ROJO,1,,0,MASCULINO,SIN DATOS,0,0,Morelia,Loma Bonita,julio,martes,15,-101.196543574333,19.7228830538517
15901,15901,2018,"180123658",2018/07/10,15:30:00,COLISIÓN POR ALCANCE,CONCRETO,Nublado,Bueno,2,MAZDA,ROJO,2,,23,FEMENINO,SIN DATOS,0,0,Morelia,Fidel Velazquez,julio,martes,16,-101.234700679779,19.7025364415901
15902,15902,2018,"180723909",2018/07/10,16:41:00,COLISIÓN CONTRA OBJETO FIJO,CONCRETO,Lluvioso,Bueno,2,SIN DATOS,SIN DATOS,1,,20,MASCULINO,SIN DATOS,0,0,Morelia,Ilustres Novohispanos,julio,martes,17,-101.152142286301,19.7102835085575
15903,15903,2018,"180724252",2018/07/10,17:00:00,COLISIÓN POR INVASIÓN DE CARRIL,ASFALTO,Lluvioso,Bueno,2,GENERAL MOTORS,BLANCO Y ROJO,2,,58,MASCULINO,SIN DATOS,0,0,Morelia,Ferrocarrilero,julio,martes,17,-101.216638684273,19.6983799400847
15904,15904,2018,"180724481",2018/07/10,18:11:00,COLISIÓN CONTRA OBJETO FIJO,CONCRETO,Nublado,Bueno,1,NISSAN,ROJO,1,,,,SIN DATOS,0,0,Morelia,Vasco de Quiroga,julio,martes,18,-101.17362678051,19.7039707378291
15905,15905,2018,,2018/07/10,18:40:00,COLISIÓN CON PEATÓN,ASFALTO,Lluvioso,Bueno,1,NISSAN,AZUL,0,MINISTERIO PÚBLICO,,,,0,0,Morelia,San Rafael,julio,martes,19,-101.153880357742,19.6998344753704
15906,15906,2018,"180724599",2018/07/10,19:00:00,COLISIÓN POR ALCANCE,ASFALTO,Lluvioso,Bueno,2,VOLKSWAGEN,PLATA,2,,45,MASCULINO,SIN DATOS,0,0,Morelia,Felix Ireta,julio,martes,19,-101.189231872559,19.6821922925761
15907,15907,2018,,2018/07/10,19:35:00,VOLCADURA,ASFALTO,Lluvioso,Bueno,1,NISSAN,ROJO,1,,,,SIN DATOS,0,0,Tlalpujahua,Sin datos,julio,martes,20,-100.209774971008,19.7554756640821
15908,15908,2018,"180724846",2018/07/10,19:45:00,COLISIÓN POR MANIOBRA DE REVERSA,CONCRETO,Nublado,Bueno,2,NISSAN,BLANCO,2,MINISTERIO PÚBLICO,,MASCULINO,SIN DATOS,0,0,Morelia,Mariano Escobedo,julio,martes,20,-101.213457584381,19.7217721118223
15909,15909,2018,"180725631",2018/07/11,"01:25:00",COLISIÓN POR CORTE DE CIRCULACIÓN,ASFALTO,Nublado,Bueno,2,FORD,BLANCO,2,,,MASCULINO,ALIENTO ETÍLICO,0,0,Morelia,Nicolaitas Ilustres,julio,miércoles,1,-101.224738955498,19.7247211409782
15910,15910,2018,,2018/07/11,"01:27:00",COLISIÓN CONTRA OBJETO FIJO,ASFALTO,Bueno,Bueno,1,VOLKSWAGEN,NEGRO,1,MINISTERIO PÚBLICO,,,SIN DATOS,0,0,Morelia,El Lago 3,julio,miércoles,1,-101.219326257706,19.7272812985294
15912,15912,2018,"180725846",2018/07/11,"08:30:00",COLISIÓN POR ALCANCE,ASFALTO,Bueno,Bueno,2,NISSAN,ROJO Y BLANCO,2,,0,MASCULINO,SIN DATOS,0,0,Morelia,Canteras de Morelia,julio,miércoles,9,-101.171540021896,19.7149194486964
15913,15913,2018,"180726863",2018/07/11,13:25:00,COLISIÓN POR ALCANCE,ASFALTO,Bueno,Bueno,2,VOLKSWAGEN,PLATA,2,,32,MASCULINO,SIN DATOS,0,0,Morelia,Isaac Arriaga,julio,miércoles,13,-101.175284385681,19.7061019570831
15914,15914,2018,"180726382",2018/07/11,13:50:00,COLISIÓN POR CORTE DE CIRCULACIÓN,ASFALTO,Bueno,Bueno,1,FREIGHTLINER,BLANCO Y AZUL,1,,28,MASCULINO,SIN DATOS,0,0,Morelia,Lomas de Santiaguito,julio,miércoles,14,-101.178932189941,19.7226659157895
15915,15915,2018,"180727459",2018/07/11,15:00:00,COLISIÓN POR ALCANCE,ASFALTO,Bueno,Bueno,2,NISSAN,BLANCO,2,,55,MASCULINO,SIN DATOS,0,0,Morelia,Felix Ireta,julio,miércoles,15,-101.192064285278,19.6823034146113
15916,15916,2018,"180727534",2018/07/11,15:55:00,COLISIÓN CONTRA OBJETO FIJO,ASFALTO,Lluvioso,Bueno,1,PEUGEOT,BLANCO,1,,24,MASCULINO,SIN DATOS,0,0,Morelia,2 de Octubre,julio,miércoles,16,-101.386706829071,19.6675235073711
15917,15917,2018,"180727122",2018/07/11,16:00:00,COLISIÓN CONTRA OBJETO FIJO,ASFALTO,Lluvioso,Bueno,1,CHEVROLET,BLANCO,0,,,,,0,0,Morelia,Tres Puentes,julio,miércoles,16,-101.213672161102,19.7024859379671
15918,15918,2018,"180727884",2018/07/11,17:10:00,COLISIÓN POR ALCANCE,ASFALTO,Bueno,Bueno,2,CHRYSLER,BLANCO,2,,23,MASCULINO,SIN DATOS,0,0,Morelia,La Soledad,julio,miércoles,17,-101.1832934618,19.7280892292809
15919,15919,2018,"180727904",2018/07/11,17:20:00,COLISIÓN POR CORTE DE CIRCULACIÓN,ASFALTO,Lluvioso,Bueno,2,VOLKSWAGEN,ROJO,2,,46,MASCULINO,SIN DATOS,0,0,Morelia,Centro,julio,miércoles,17,-101.1912811,19.7009677199991
15920,15920,2018,"180728185",2018/07/11,18:00:00,COLISIÓN POR ALCANCE,ASFALTO,Lluvioso,Regular,3,VOLKSWAGEN,ROJO,3,,35,MASCULINO,SIN DATOS,0,0,Morelia,Alberto Oviedo Mota,julio,miércoles,18,-101.202181577682,19.6772725397648
15921,15921,2018,"180728749",2018/07/11,20:35:00,SALIDA DE SUPERFICIE DE RODAMIENTO,ASFALTO,Nublado,Malo,1,VOLKSWAGEN,PLATA,1,,30,FEMENINO,SIN DATOS,0,0,Morelia,Lomas del Valle,julio,miércoles,21,-101.230677366257,19.6879301296032
15922,15922,2018,"180172727",2018/07/11,20:40:00,COLISIÓN CONTRA OBJETO FIJO,CONCRETO,Bueno,Bueno,2,VOLKSWAGEN,BLANCO,1,,35,MASCULINO,SIN DATOS,0,0,Morelia,Isaac Arriaga,julio,miércoles,21,-101.175295114517,19.7061120575807
15923,15923,2018,"180728756",2018/07/11,20:45:00,COLISIÓN POR INVASIÓN DE CARRIL,ASFALTO,Nublado,Bueno,2,NISSAN,BLANCO Y ROJO,2,MINISTERIO PÚBLICO,48,MASCULINO,SIN DATOS,0,0,Morelia,Chapultepec Sur,julio,miércoles,21,-101.171223521233,19.6908848334403
15924,15924,2018,"180729058",2018/07/11,21:50:00,SUBIDA AL CAMELLÓN,ASFALTO,Bueno,Bueno,1,NISSAN,NEGRO,1,,29,FEMENINO,SIN DATOS,0,0,Morelia,Rafael Carrillo,julio,miércoles,22,-101.236267089844,19.7078291329001
15925,15925,2018,,2018/07/11,22:00:00,COLISIÓN POR ALCANCE,ASFALTO,Lluvioso,Regular,2,DINA,BLANCO,2,,44,MASCULINO,SIN DATOS,0,0,Maravatío,Sin datos,julio,miércoles,22,-100.369119644165,19.8942742376644
15926,15926,2018,,2018/07/11,22:50:00,COLISIÓN POR CORTE DE CIRCULACIÓN,CONCRETO,Nublado,Bueno,2,ITALIKA,NEGRO/ROJO,1,,0,MASCULINO,SIN DATOS,0,0,Tangamandapio,De San Rafael,julio,miércoles,23,-102.432430386543,19.9566042224022
15927,15927,2018,"180729405",2018/07/12,"03:10:00",VOLCADURA,ASFALTO,Bueno,Bueno,1,NISSAN,VERDE,1,,67,MASCULINO,SIN DATOS,0,0,Morelia,Dr Miguel Silva,julio,jueves,3,-101.183888912201,19.7192876135213
15928,15928,2018,LEG16541,2018/07/12,"08:45:00",COLISIÓN POR ALCANCE,ASFALTO,Nublado,Regular,2,NISSAN,BLANCO Y ROJO,2,,46,MASCULINO,SIN DATOS,0,0,Morelia,Lazaro Cardenas,julio,jueves,9,-101.164298057556,19.7086876636477
15929,15929,2018,"180729844",2018/07/12,"09:30:00",SALIDA DE SUPERFICIE DE RODAMIENTO,ASFALTO,Bueno,Bueno,1,CHEVROLET,GUINDA,1,,32,MASCULINO,SIN DATOS,0,0,Morelia,La Soledad,julio,jueves,10,-101.183277368546,19.7292102264318
15930,15930,2018,"180729928",2018/07/12,"09:50:00",COLISIÓN POR ALCANCE,ASFALTO,Bueno,Bueno,2,HONDA,ROJO,2,,0,FEMENINO,SIN DATOS,0,0,Morelia,Los Manantiales de Morelia,julio,jueves,10,-101.241390109062,19.6954304251727
15931,15931,2018,"180729880",2018/07/12,10:20:00,COLISIÓN POR CORTE DE CIRCULACIÓN,CONCRETO,Bueno,Bueno,2,HONDA,BLANCO,2,,29,MASCULINO,SIN DATOS,0,0,Morelia,Balcones de Morelia,julio,jueves,10,-101.200910210609,19.6722566608964
15932,15932,2018,,2018/07/12,11:55:00,COLISIÓN POR CORTE DE CIRCULACIÓN,ASFALTO,Bueno,Bueno,2,FORD,BLANCO,2,,,,SIN DATOS,0,0,Jungapeo,Sin datos,julio,jueves,12,-100.441989898682,19.482938108306
15933,15933,2018,,2018/07/12,14:00:00,COLISIÓN POR CORTE DE CIRCULACIÓN,CONCRETO,Bueno,Bueno,2,NISSAN,BLANCO,2,,69,MASCULINO,SIN DATOS,0,0,Morelia,Elias Perez Avalos,julio,jueves,14,-101.165059804916,19.7116520843883
15936,15936,2018,"180730606",2018/07/12,15:20:00,COLISIÓN POR ALCANCE,ASFALTO,Bueno,Bueno,2,NISSAN,BLANCO,2,,34,MASCULINO,SIN DATOS,0,0,Morelia,Industrial,julio,jueves,15,-101.196817159653,19.7072837109726
15937,15937,2018,"180730862",2018/07/12,15:45:00,SUBIDA AL CAMELLÓN,ASFALTO,Bueno,Bueno,1,FORD,GRIS,1,,63,MASCULINO,SIN DATOS,0,0,Morelia,Pascual Ortiz de Ayala,julio,jueves,16,-101.152549982071,19.6950061754058
15938,15938,2018,,2018/07/12,16:25:00,COLISIÓN POR CORTE DE CIRCULACIÓN,ASFALTO,Bueno,Bueno,2,VOLKSWAGEN,GRIS,2,MINISTERIO PÚBLICO,47,MASCULINO,SIN DATOS,0,0,Lázaro Cárdenas,1Er Sect de Fidelac,julio,jueves,16,-102.197973132133,17.9650017889721
15939,15939,2018,"180130985",2018/07/12,16:30:00,COLISIÓN POR CORTE DE CIRCULACIÓN,CONCRETO,Nublado,Bueno,2,CHEVROLET,VERDE,2,MINISTERIO PÚBLICO,,MASCULINO,SIN DATOS,0,0,Morelia,Isaac Arriaga,julio,jueves,17,-101.17537021637,19.7061120575807
15940,15940,2018,"180731142",2018/07/12,17:20:00,COLISIÓN POR ALCANCE,ASFALTO,Bueno,Bueno,2,YAMAHA,BLANCO,2,,0,MASCULINO,SIN DATOS,0,0,Morelia,Cinco de Diciembre,julio,jueves,17,-101.159491539001,19.687920027958
15941,15941,2018,"180731840",2018/07/12,18:21:00,COLISIÓN CON PEATÓN,ASFALTO,Bueno,Bueno,4,INTERNATIONAL,NARANJA,2,,,MASCULINO,SIN DATOS,0,0,Morelia,Industrial,julio,jueves,18,-101.188378930092,19.7108238701556
15942,15942,2018,"180731601",2018/07/12,19:00:00,SUBIDA AL CAMELLÓN,ASFALTO,Bueno,Bueno,1,MITSUBISHI,VERDE,2,,27,MASCULINO,SIN DATOS,1,0,Morelia,La Soledad,julio,jueves,19,-101.18378162384,19.7266753477847
15943,15943,2018,"180731591",2018/07/12,19:06:00,COLISIÓN POR CORTE DE CIRCULACIÓN,ASFALTO,Bueno,Bueno,2,HONDA,ROJO,2,,18,MASCULINO,SIN DATOS,0,0,Morelia,Libertad,julio,jueves,19,-101.233166456223,19.6866219612602
15944,15944,2018,,2018/07/12,20:00:00,SALIDA DE SUPERFICIE DE RODAMIENTO,ASFALTO,Bueno,Bueno,1,IZUKA,NEGRO/ROJO,2,,32,FEMENINO,SIN DATOS,1,0,Coeneo,Coeneo de La Libertad,julio,jueves,20,-101.58677816391,19.8113649402448
15945,15945,2018,,2018/07/12,22:00:00,COLISIÓN CONTRA OBJETO FIJO,ASFALTO,Nublado,Bueno,1,FROD,BLANCO,1,,42,MASCULINO,ALIENTO ETÍLICO,0,0,Morelia,Enrique Arreguin Robles,julio,jueves,22,-101.184253692627,19.7197471476219
15946,15946,2018,"180732550",2018/07/12,23:29:00,COLISIÓN POR CORTE DE CIRCULACIÓN,ASFALTO,Nublado,Bueno,2,FORD,ROJO,1,,23,MASCULINO,ALIENTO ETÍLICO,0,0,Morelia,Irrigacion,julio,jueves,23,-101.224830150604,19.7046878811268
15947,15947,2018,"180732580",2018/07/12,23:30:00,COLISIÓN POR ALCANCE,ASFALTO,Bueno,Bueno,3,NISSAN,ROJO,3,,,,SIN DATOS,0,0,Morelia,Chapultepec Oriente,julio,jueves,0,-101.159738302231,19.6927081362938
15948,15948,2018,"180732523",2018/07/12,23:30:00,COLISIÓN POR CORTE DE CIRCULACIÓN,ASFALTO,Bueno,Bueno,1,AUDI,SIN DATOS,1,MINISTERIO PÚBLICO,,,SIN DATOS,0,0,Morelia,Bonanza,julio,jueves,0,-101.20361213,19.6571945349991
15949,15949,2018,"180732646",2018/07/13,"00:04:00",SUBIDA AL CAMELLÓN,ASFALTO,Bueno,Bueno,1,MERCEDES BENZ,BLANCO,1,,0,,SIN DATOS,0,0,Morelia,Ana Maria Gallaga (Riviera Norte),julio,viernes,0,-101.221203804016,19.6769997769751
15950,15950,2018,"180732600",2018/07/13,"00:30:00",COLISIÓN POR CAMBIO DE CARRIL,CONCRETO,Bueno,Bueno,2,NISSAN,ROJO,2,,23,MASCULINO,SIN DATOS,0,0,Morelia,Centro,julio,viernes,1,-101.191806793213,19.6959809380749
15951,15951,2018,,2018/07/13,"00:30:00",COLISIÓN POR INVASIÓN DE CARRIL,ASFALTO,Bueno,Bueno,2,VW,ROJO,2,,22,MASCULINO,CON CERTIFICADO,0,0,Apatzingán,Independencia,julio,viernes,1,-102.356808185577,19.0959026548596
15952,15952,2018,"180732805",2018/07/13,"00:57:00",COLISIÓN POR ALCANCE,ASFALTO,Nublado,Bueno,2,BAJAJ,BLANCO Y NEGRO,2,,26,MASCULINO,ALIENTO ETÍLICO,0,0,Morelia,Ana Maria Gallaga (Riviera Norte),julio,viernes,1,-101.22255563736,19.6769593676334
15953,15953,2018,"180732768",2018/07/13,"02:17:00",COLISIÓN POR ALCANCE,ASFALTO,Bueno,Bueno,2,PEUGEOT,GRIS,2,,0,MASCULINO,SIN DATOS,0,0,Morelia,Lomas de Hidalgo,julio,viernes,2,-101.158955097198,19.6956678025279
15954,15954,2018,"180733060",2018/07/13,"07:50:00",COLISIÓN CONTRA OBJETO FIJO,ASFALTO,Bueno,Bueno,1,NISSAN,ROJO,1,,23,MASCULINO,ALIENTO ETÍLICO,0,0,Morelia,Campestre Los Manantiales,julio,viernes,8,-101.23840212822,19.6884150078186
15955,15955,2018,,2018/07/13,"09:00:00",COLISIÓN POR CORTE DE CIRCULACIÓN,ASFALTO,Bueno,Bueno,1,GENERAL MOTORS,BLANCO,1,,55,MASCULINO,SIN DATOS,0,0,Morelia,Lomas de Morelia (Dr Ignacio Chavez),julio,viernes,9,-101.175262928009,19.7173838153172
15956,15956,2018,"180733332",2018/07/13,"09:45:00",COLISIÓN POR CORTE DE CIRCULACIÓN,ASFALTO,Bueno,Bueno,2,DODGE,ROJO,2,,76,MASCULINO,SIN DATOS,0,0,Morelia,Chapultepec Sur,julio,viernes,10,-101.174026429653,19.6913899055622
15957,15957,2018,,2018/07/13,10:35:00,CAIDA DE MOTOCICLETA,ADOQUIN_EMPEDRADO,Bueno,Bueno,1,DINAMO,VERDE,1,,41,MASCULINO,SIN DATOS,0,0,Morelia,Industrial,julio,viernes,11,-101.195937395096,19.7073746147564
15958,15958,2018,"180733792",2018/07/13,11:55:00,COLISIÓN POR CORTE DE CIRCULACIÓN,CONCRETO,Bueno,Bueno,2,SEAT,VERDE,2,,29,MASCULINO,SIN DATOS,0,0,Morelia,Centro,julio,viernes,12,-101.200814992189,19.7039593746172
15959,15959,2018,"180734498",2018/07/13,14:30:00,COLISIÓN POR CORTE DE CIRCULACIÓN,CONCRETO,Bueno,Bueno,2,HONDA,PLATA,2,,22,MASCULINO,SIN DATOS,0,0,Morelia,Tzindurio Norte,julio,viernes,15,-101.247199773788,19.7041474987996
15960,15960,2018,"180734758",2018/07/13,15:10:00,COLISIÓN POR MANIOBRA DE REVERSA,CONCRETO,Bueno,Bueno,2,ISUZU,BLANCO,2,,,MASCULINO,SIN DATOS,0,0,Sin datos,Sin datos,julio,viernes,15,-103.6669921875,20.0559312651944
15961,15961,2018,,2018/07/13,15:20:00,SALIDA DE SUPERFICIE DE RODAMIENTO,ASFALTO,Bueno,Bueno,1,NISSAN,GRIS,1,,22,FEMENINO,SIN DATOS,0,0,Morelia,Sin datos,julio,viernes,15,-101.097886562347,19.7303463641672
15962,15962,2018,"180735789",2018/07/13,19:55:00,SALIDA DE SUPERFICIE DE RODAMIENTO,ASFALTO,Lluvioso,Bueno,1,MITSUBISHI,BLANCO,1,,48,MASCULINO,SIN DATOS,0,0,Morelia,Sin datos,julio,viernes,20,-101.355013847351,19.6787575734732
15963,15963,2018,"180735844",2018/07/13,20:02:00,COLISIÓN POR CORTE DE CIRCULACIÓN,ASFALTO,Lluvioso,Bueno,2,SIN DATOS,SIN DATOS,1,,40,MASCULINO,SIN DATOS,0,0,Morelia,Residencial Alborada,julio,viernes,20,-101.234604120255,19.7024101825026
15964,15964,2018,"180735899",2018/07/13,20:20:00,COLISIÓN POR CORTE DE CIRCULACIÓN,ASFALTO,Nublado,Bueno,2,KIA,GRIS,2,,29,MASCULINO,SIN DATOS,0,0,Morelia,Balcones de Santa Maria,julio,viernes,20,-101.185809373856,19.6754541123961
15965,15965,2018,"180736013",2018/07/13,20:22:00,COLISIÓN POR ALCANCE,ASFALTO,Lluvioso,Bueno,2,KENWORTH,ROJO,2,,26,MASCULINO,SIN DATOS,0,0,Morelia,Rafael Carrillo,julio,viernes,20,-101.236417293549,19.7079301367566
15966,15966,2018,"180735877",2018/07/13,20:30:00,COLISIÓN POR CORTE DE CIRCULACIÓN,ASFALTO,Bueno,Bueno,2,NISSAN,ROJO,2,,32,MASCULINO,SIN DATOS,0,0,Morelia,Granjas del Maestro,julio,viernes,21,-101.193163990974,19.716101137431
15967,15967,2018,,2018/07/13,21:10:00,COLISIÓN POR ALCANCE,ASFALTO,Bueno,Bueno,2,CHEVROLET,GRIS,2,,35,MASCULINO,SIN DATOS,0,0,Pátzcuaro,Centro,julio,viernes,21,-101.608579158783,19.5279414283558
15968,15968,2018,"180736587",2018/07/14,"00:10:00",COLISIÓN POR CORTE DE CIRCULACIÓN,ASFALTO,Lluvioso,Bueno,2,VOLKSWAGEN,ROJO,2,MINISTERIO PÚBLICO,40,MASCULINO,ALIENTO ETÍLICO,0,0,Morelia,Prados Verdes,julio,sábado,0,-101.19745016098,19.7136064509705
15969,15969,2018,"180736638",2018/07/14,"00:30:00",COLISIÓN POR ALCANCE,ASFALTO,Lluvioso,Bueno,2,MAZDA,ROJO,2,,21,MASCULINO,SIN DATOS,0,0,Morelia,Camelinas,julio,sábado,1,-101.174125671387,19.6820710684498
15970,15970,2018,"180706730",2018/07/14,"02:30:00",COLISIÓN POR ALCANCE,ASFALTO,Bueno,Bueno,3,SIN DATOS,SIN DATOS,2,,37,MASCULINO,SIN DATOS,0,0,Morelia,Libertad,julio,sábado,3,-101.236953735352,19.6848895056561
15971,15971,2018,,2018/07/14,"02:55:00",COLISIÓN CONTRA OBJETO FIJO,ASFALTO,Lluvioso,Bueno,1,VOLKSWAGEN,BLANCO,1,,,,SIN DATOS,0,0,Morelia,Barrio Alto,julio,sábado,3,-101.196956634521,19.7251402622806
15972,15972,2018,"180763767",2018/07/14,"03:30:00",COLISIÓN CONTRA OBJETO FIJO,ASFALTO,Nublado,Bueno,1,RENAULT,PLATA,1,,27,MASCULINO,ALIENTO ETÍLICO,0,0,Morelia,Independencia,julio,sábado,4,-101.177912950516,19.7193835603107
15973,15973,2018,"180736825",2018/07/14,"05:05:00",COLISIÓN CONTRA OBJETO FIJO,CONCRETO,Bueno,Bueno,1,NISSAN,PLATA,1,,,,SIN DATOS,0,0,Morelia,Sin datos,julio,sábado,5,-101.410117149353,19.6437596519731
15975,15975,2018,"180737540",2018/07/14,11:50:00,COLISIÓN POR CORTE DE CIRCULACIÓN,CONCRETO,Bueno,Bueno,2,MAN,AZUL,2,,50,MASCULINO,SIN DATOS,0,0,Morelia,Centro,julio,sábado,12,-101.196902990341,19.7031424838232
15976,15976,2018,,2018/07/14,12:30:00,COLISIÓN POR CORTE DE CIRCULACIÓN,CONCRETO,Nublado,Bueno,2,SIN DATOS,SIN DATOS,1,,28,FEMENINO,SIN DATOS,0,0,Morelia,Las Americas,julio,sábado,13,-101.156873703003,19.6886473447765
15977,15977,2018,"180738006",2018/07/14,13:26:00,COLISIÓN POR CAMBIO DE CARRIL,ASFALTO,Bueno,Bueno,2,TOYOTA,BLANCO,2,,,MASCULINO,SIN DATOS,0,0,Morelia,Nicolas Bravo(Los Ejidos),julio,sábado,13,-101.213790178299,19.7024253335984
15978,15978,2018,,2018/07/14,13:35:00,COLISIÓN POR ALCANCE,ASFALTO,Bueno,Bueno,2,YAMAHA,AZUL,2,,48,MASCULINO,SIN DATOS,0,0,Morelia,Chapultepec Sur,julio,sábado,14,-101.177912950516,19.6908191739474
15979,15979,2018,,2018/07/14,14:05:00,VOLCADURA,CONCRETO,Bueno,Bueno,1,CHEVROLET,ROJO,1,,25,MASCULINO,SIN DATOS,0,0,Cuitzeo,Los Granados,julio,sábado,14,-101.140308380127,19.9749016395949
15980,15980,2018,"180738310",2018/07/14,14:35:00,COLISIÓN POR CORTE DE CIRCULACIÓN,ASFALTO,Bueno,Bueno,2,ITALIKA,NEGRO/VERDE,2,,0,MASCULINO,SIN DATOS,0,0,Morelia,Centro,julio,sábado,15,-101.19952082634,19.6982486272208
15981,15981,2018,"180774900",2018/07/14,14:41:00,COLISIÓN POR ALCANCE,ASFALTO,Bueno,Bueno,2,NISSAN,AZUL,2,,,MASCULINO,SIN DATOS,0,0,Morelia,Diego Rivera,julio,sábado,15,-101.174608469009,19.7172070689757
15982,15982,2018,,2018/07/14,14:50:00,COLISIÓN CONTRA OBJETO FIJO,CONCRETO,Bueno,Bueno,1,CHEVROLET,GRIS,1,,16,MASCULINO,SIN DATOS,0,0,Morelia,Lazaro Cardenas,julio,sábado,15,-101.164684295654,19.7092633816854
15983,15983,2018,"180738743",2018/07/14,15:20:00,COLISIÓN POR ALCANCE,CONCRETO,Bueno,Bueno,3,VOLKSWAGEN,NEGRO,3,,23,MASCULINO,SIN DATOS,0,0,Morelia,Indeco Santiaguito,julio,sábado,15,-101.178830265999,19.7202874772371
15984,15984,2018,"180778624",2018/07/14,15:40:00,COLISIÓN POR ALCANCE,ASFALTO,Bueno,Bueno,2,TOYOTA,BLANCO/GRIS,2,,19,MASCULINO,SIN DATOS,0,0,Morelia,Felix Ireta,julio,sábado,16,-101.195712089539,19.6815508138658
15985,15985,2018,,2018/07/14,16:55:00,COLISIÓN POR CORTE DE CIRCULACIÓN,ASFALTO,Bueno,Bueno,2,YAMAHA,BLANCO/ROJO,2,,25,FEMENINO,SIN DATOS,0,0,Morelia,Chapultepec Sur,julio,sábado,17,-101.17362678051,19.6913444491365
15986,15986,2018,,2018/07/14,17:25:00,COLISIÓN POR CORTE DE CIRCULACIÓN,CONCRETO,Lluvioso,Bueno,2,TOYOTA,BLANCO/AZUL,2,,50,MASCULINO,SIN DATOS,0,0,Morelia,Virrey Antonio de Mendoza,julio,sábado,17,-101.161487102509,19.706960497101
15987,15987,2018,,2018/07/14,18:40:00,SALIDA DE SUPERFICIE DE RODAMIENTO,ASFALTO,Lluvioso,Bueno,1,CHEVROLET,ARENA,1,,52,MASCULINO,SIN DATOS,0,0,Morelia,Lomas del Bosque,julio,sábado,19,-101.104452610016,19.724604998736