fid,id_accidente,anio_origen,folio_c5i,dia_incidente,hora_ocurrencia,tipo_incidente_vial,superficie_ocurrencia,condiciones_climaticas,condiciones_via,numero_vehiculos_involucrados,marca_vehiculo_ocasiona_siniestro,color_vehiculo_ocasiona_siniestro,numero_personas_involucradas,lugar_remite_presunto_responsable,edad_presunto_responsable,sexo_presunto_responsable,resultados_toxicologia,numero_personas_lesionadas,numero_personas_fallecidas,municipio,colonia,mes,dia_semana,hora_redondeada,lon,lat
15988,15988,2018,,2018/07/14,20:45:00,COLISIÓN CON PEATÓN,CONCRETO,Lluvioso,Regular,1,FORD,NEGRO,1,,0,,SIN DATOS,0,0,Coeneo,Las Flores,julio,sábado,21,-101.589460372925,19.8156042942077
15989,15989,2018,"180740089",2018/07/14,20:48:00,COLISIÓN POR CORTE DE CIRCULACIÓN,ASFALTO,Lluvioso,Bueno,2,SIN DATOS,SIN DATOS,0,,,,,0,0,Morelia,Diego Rivera,julio,sábado,21,-101.175861060619,19.7180958485994
15990,15990,2018,,2018/07/14,20:50:00,SUBIDA AL CAMELLÓN,ASFALTO,Nublado,Regular,1,FORD,BLANCO,0,,,,,0,0,Pátzcuaro,Morelos,julio,sábado,21,-101.608171463013,19.5441799994096
15991,15991,2018,"180740269",2018/07/14,21:20:00,COLISIÓN POR ALCANCE,ASFALTO,Lluvioso,Bueno,2,FORD,ROJO,2,,23,FEMENINO,SIN DATOS,0,0,Morelia,Arcos del Valle,julio,sábado,21,-101.236202716827,19.7076574261976
15992,15992,2018,,2018/07/14,21:30:00,COLISIÓN POR ALCANCE,ASFALTO,Lluvioso,Bueno,2,VENTO,NEGRO,2,MINISTERIO PÚBLICO,,MASCULINO,SIN DATOS,0,0,Morelia,Felix Ireta,julio,sábado,22,-101.191656589508,19.6825559644047
15993,15993,2018,,2018/07/14,22:50:00,COLISIÓN POR CAMBIO DE CARRIL,ASFALTO,Nublado,Regular,1,MAZDA,BLANCO,1,,63,MASCULINO,SIN DATOS,0,0,Pátzcuaro,Centro,julio,sábado,23,-101.608525514603,19.5279009815576
15994,15994,2018,,2018/07/14,23:30:00,COLISIÓN POR ALCANCE,ASFALTO,Nublado,Regular,2,NISSAN,BLANCO/ROJO,1,,54,MASCULINO,SIN DATOS,0,0,Pátzcuaro,Centro,julio,sábado,0,-101.617720127106,19.516292332014
15995,15995,2018,"180740594",2018/07/14,23:40:00,COLISIÓN CONTRA OBJETO FIJO,CONCRETO,Lluvioso,Bueno,1,NISSAN,BLANCO/ROJO,1,,,,SIN DATOS,0,0,Morelia,Chapultepec Sur,julio,sábado,0,-101.169909238815,19.6900009533929
15996,15996,2018,,2018/07/15,"01:30:00",COLISIÓN CON PEATÓN,ASFALTO,Bueno,Bueno,1,CHRYSLER,ROJO,2,MINISTERIO PÚBLICO,,,SIN DATOS,1,0,Apatzingán,Centro,julio,domingo,2,-102.354855537415,19.0839591263775
15997,15997,2018,,2018/07/15,"02:20:00",COLISIÓN POR ALCANCE,ASFALTO,Bueno,Bueno,2,NISSAN,BLANCO,2,MINISTERIO PÚBLICO,,,SIN DATOS,0,0,Lázaro Cárdenas,Nuevo Infonavit(11 de Julio),julio,domingo,2,-102.218958735466,17.967568517133
15998,15998,2018,"180738681",2018/07/15,"02:57:00",VOLCADURA,ASFALTO,Nublado,Bueno,1,VOLKSWAGEN,BLANCO,1,,25,,SIN DATOS,0,0,Morelia,Lomas del Pedregal,julio,domingo,3,-101.284074783325,19.6905969416179
15999,15999,2018,,2018/07/15,"04:30:00",COLISIÓN POR CORTE DE CIRCULACIÓN,ASFALTO,Bueno,Bueno,2,HONDA,SIN DATO,2,,,,SIN DATOS,0,0,Morelia,Avicola Benito Juarez,julio,domingo,5,-101.27946138382,19.6916272889091
16000,16000,2018,"180744458",2018/07/15,"04:30:00",COLISIÓN POR ALCANCE,ASFALTO,Bueno,Bueno,2,ITALIKA,GRIS,2,,,,,2,0,Morelia,Jardines de Torremolinos,julio,domingo,5,-101.225731372833,19.6768987536018
16001,16001,2018,"180741099",2018/07/15,"06:09:00",COLISIÓN CONTRA OBJETO FIJO,ASFALTO,Nublado,Bueno,1,JEEP,NEGRO,1,,,MASCULINO,ALIENTO ETÍLICO,0,0,Morelia,Nueva Chapultepec,julio,domingo,6,-101.175541877747,19.6908393768712
16002,16002,2018,"180741109",2018/07/15,"06:25:00",COLISIÓN POR ALCANCE,CONCRETO,Bueno,Bueno,2,BMW,AZUL,2,,26,MASCULINO,SIN DATOS,0,0,Morelia,Ventura Puente,julio,domingo,6,-101.183459758759,19.6915565790128
16003,16003,2018,"180141114",2018/07/15,"06:35:00",COLISIÓN CONTRA OBJETO FIJO,CONCRETO,Nublado,Bueno,1,CHEVROLET,BLANCO,1,,22,MASCULINO,SIN DATOS,0,0,Morelia,Campestre Los Manantiales,julio,domingo,7,-101.23815536499,19.687920027958
16004,16004,2018,"180741153",2018/07/15,"07:18:00",COLISIÓN POR NO RESPETAR SEMÁFORO,ASFALTO,Nublado,Bueno,1,MAZDA,BLANCO,1,,29,,SIN DATOS,0,0,Morelia,Jardines de Guadalupe,julio,domingo,7,-101.226621866226,19.7106774171926
16005,16005,2018,,2018/07/15,"07:20:00",COLISIÓN CONTRA OBJETO FIJO,CONCRETO,Bueno,Bueno,2,KIA,BLANCO,2,,29,MASCULINO,SIN DATOS,0,0,Apatzingán,Las Palmas,julio,domingo,7,-102.347388267517,19.078737364081
16006,16006,2018,"180741250",2018/07/15,"08:00:00",VOLCADURA,CONCRETO,Bueno,Bueno,1,VOLKSWAGEN,NEGRO,1,,,,SIN DATOS,0,0,Morelia,Ampliacion La Soledad,julio,domingo,8,-101.183331012726,19.7367338325653
16007,16007,2018,"180471236",2018/07/15,"08:10:00",COLISIÓN CON PEATÓN,ASFALTO,Bueno,Bueno,3,SEAT,AMARILLO,2,,31,MASCULINO,SIN DATOS,0,0,Morelia,Colinas del Sur,julio,domingo,8,-101.199896335602,19.6700189120277
16008,16008,2018,"180741191",2018/07/15,"08:20:00",COLISIÓN CONTRA OBJETO FIJO,ASFALTO,Bueno,Bueno,1,CHEVROLET,GUINDA,1,MINISTERIO PÚBLICO,,,SIN DATOS,0,0,Morelia,Sin datos,julio,domingo,8,-101.168836355209,19.6688469859338
16009,16009,2018,"180743561",2018/07/15,"08:30:00",COLISIÓN CON PEATÓN,CONCRETO,Bueno,Bueno,2,SIN DATO,SIN DATO,2,,,,SIN DATOS,0,0,Tarímbaro,Real Hacienda,julio,domingo,9,-101.199005842209,19.7520526166783
16010,16010,2018,,2018/07/15,10:10:00,COLISIÓN CONTRA OBJETO FIJO,ASFALTO,Bueno,Bueno,1,VOLKSWAGEN,ROJO,1,MINISTERIO PÚBLICO,,,SIN DATOS,0,0,Lázaro Cárdenas,Lirios,julio,domingo,10,-102.207977771759,17.9680583854672
16011,16011,2018,"18027425667",2018/07/15,15:15:00,COLISIÓN POR ALCANCE,ASFALTO,Bueno,Bueno,2,VOLKSWAGEN,AZUL,2,,28,MASCULINO,SIN DATOS,0,0,Morelia,Morelia 450,julio,domingo,15,-101.215791106224,19.6749186826269
16012,16012,2018,,2018/07/15,15:30:00,COLISIÓN CONTRA OBJETO FIJO,ASFALTO,Bueno,Malo,2,FORD,GUINDA,2,,0,FEMENINO,CON CERTIFICADO,0,0,Cuitzeo,Centro,julio,domingo,16,-101.139568090439,19.9703136192265
16013,16013,2018,,2018/07/15,15:50:00,COLISIÓN CON PEATÓN,ASFALTO,Bueno,Bueno,1,MCI,BLANCO,2,,35,MASCULINO,SIN DATOS,1,0,Tlalpujahua,Sin datos,julio,domingo,16,-100.17557144165,19.8012304076373
16014,16014,2018,"180743431",2018/07/15,19:25:00,CAIDA DE MOTOCICLETA,ASFALTO,Bueno,Bueno,1,BAJAJ,AZUL,1,,26,MASCULINO,ALIENTO ETÍLICO,0,0,Morelia,La Quemada,julio,domingo,19,-101.237919330597,19.7017081801592
16015,16015,2018,,2018/07/15,19:30:00,COLISIÓN POR INVASIÓN DE CARRIL,ASFALTO,Bueno,Bueno,1,FORD,GUINDA,4,,0,MASCULINO,SIN DATOS,2,0,Zinapécuaro,Sin Nombre,julio,domingo,20,-100.84264755249,19.8648936205132
16016,16016,2018,"180743560",2018/07/15,20:05:00,COLISIÓN POR CORTE DE CIRCULACIÓN,CONCRETO,Bueno,Bueno,2,SEAT,PLATA,2,,,FEMENINO,SIN DATOS,0,0,Morelia,Villa Universidad,julio,domingo,20,-101.199268698692,19.6856572433966
16017,16017,2018,"180743573",2018/07/15,20:11:00,COLISIÓN POR ALCANCE,ASFALTO,Bueno,Bueno,4,HONDA,BLANCO,4,,24,MASCULINO,ALIENTO ETÍLICO,0,0,Morelia,San Pascual,julio,domingo,20,-101.2673163414,19.6953041604786
16018,16018,2018,,2018/07/15,22:00:00,SALIDA DE SUPERFICIE DE RODAMIENTO,ASFALTO,Bueno,Bueno,1,FORD,AMARILLO,3,,16,MASCULINO,SIN DATOS,2,0,Puruándiro,Centro,julio,domingo,22,-101.515472,20.087439
16019,16019,2018,"180744136",2018/07/15,22:10:00,COLISIÓN CONTRA OBJETO FIJO,ASFALTO,Bueno,Bueno,3,DODGE,ROJO,3,,38,MASCULINO,ALIENTO ETÍLICO,0,0,Morelia,Lomas de Las Americas Sur,julio,domingo,22,-101.147303581238,19.6946172787983
16020,16020,2018,"180743973",2018/07/15,22:30:00,COLISIÓN POR CORTE DE CIRCULACIÓN,ASFALTO,Bueno,Bueno,1,LINCOLN,GRIS,1,,,,SIN DATOS,0,0,Morelia,Sin datos,julio,domingo,23,-101.27997636795,19.622336835084
16021,16021,2018,"180743939",2018/07/15,22:35:00,COLISIÓN CONTRA OBJETO FIJO,ASFALTO,Nublado,Bueno,1,PEUGEOT,BLANCO,1,,39,MASCULINO,SIN DATOS,0,0,Morelia,Sin datos,julio,domingo,23,-101.267048120499,19.6401018072609
16022,16022,2018,"180744092",2018/07/15,23:00:00,COLISIÓN CONTRA OBJETO FIJO,ASFALTO,Bueno,Bueno,2,NISSAN,BCO/CORAL,2,,,,SIN DATOS,0,0,Morelia,Lomas de Hidalgo,julio,domingo,23,-101.158448159695,19.6985440810131
16023,16023,2018,"180144576",2018/07/16,"01:20:00",COLISIÓN POR ALCANCE,ASFALTO,Bueno,Bueno,2,HONDA,GRIS,2,,47,MASCULINO,SIN DATOS,0,0,Morelia,Cosmos,julio,lunes,1,-101.215957403183,19.6845662465591
16024,16024,2018,"180344604",2018/07/16,"07:41:00",COLISIÓN POR CORTE DE CIRCULACIÓN,ASFALTO,Bueno,Bueno,2,SUZUKI,AZUL/BLANCO,3,,38,MASCULINO,SIN DATOS,1,0,Morelia,Avicola Benito Juarez,julio,lunes,8,-101.279525756836,19.6915464775965
16025,16025,2018,"180744663",2018/07/16,"08:16:00",COLISIÓN CON PEATÓN,ASFALTO,Nublado,Regular,2,ISUZU,BLANCO,1,,0,MASCULINO,SIN DATOS,0,0,Morelia,Felicitas del Rio,julio,lunes,8,-101.198346018791,19.6918596212056
16026,16026,2018,"180744819",2018/07/16,"09:50:00",COLISIÓN POR CAMBIO DE CARRIL,ASFALTO,Nublado,Bueno,2,RENOULT,GRIS,2,,41,MASCULINO,SIN DATOS,0,0,Morelia,Isaac Arriaga,julio,lunes,10,-101.16676568985,19.7099704010017
16027,16027,2018,"180144897",2018/07/16,10:10:00,COLISIÓN POR CORTE DE CIRCULACIÓN,CONCRETO,Bueno,Bueno,2,DODGE,GRIS,2,,34,MASCULINO,SIN DATOS,0,0,Morelia,Ventura Puente,julio,lunes,10,-101.185348033905,19.6905161297852
16028,16028,2018,"180745161",2018/07/16,11:10:00,COLISIÓN POR CORTE DE CIRCULACIÓN,ASFALTO,Bueno,Bueno,2,VOLKSWAGEN,GRIS,2,,46,FEMENINO,SIN DATOS,0,0,Morelia,Vasco de Quiroga,julio,lunes,11,-101.171109527349,19.7025149775523
16030,16030,2018,,2018/07/16,12:45:00,VOLCADURA,ASFALTO,Bueno,Bueno,1,MITSUBISHI,PLATA,1,,64,MASCULINO,SIN DATOS,0,0,Ocampo,Sin datos,julio,lunes,13,-100.398173332214,19.620517785087
16031,16031,2018,"180746147",2018/07/16,15:25:00,COLISIÓN POR ALCANCE,CONCRETO,Bueno,Bueno,3,JEEP,BLANCO,3,,37,FEMENINO,SIN DATOS,0,0,Morelia,Felix Ireta,julio,lunes,15,-101.18849158287,19.6818084158613
16032,16032,2018,"180746503",2018/07/16,15:45:00,COLISIÓN POR ALCANCE,ASFALTO,Bueno,Bueno,4,CHEVROLET,VERDE,4,,50,MASCULINO,SIN DATOS,0,0,Morelia,Avicola Benito Juarez,julio,lunes,16,-101.279504299164,19.6915464775965
16033,16033,2018,,2018/07/16,16:00:00,COLISIÓN POR INVASIÓN DE CARRIL,ASFALTO,Bueno,Bueno,2,DODGE,AZUL,2,,42,MASCULINO,SIN DATOS,0,0,Morelia,Vasco de Quiroga,julio,lunes,16,-101.175906658173,19.6992536729356
16034,16034,2018,"180746277",2018/07/16,16:02:00,COLISIÓN POR INVASIÓN DE CARRIL,ASFALTO,Bueno,Bueno,2,AUDI,NEGRO,2,,0,MASCULINO,SIN DATOS,0,0,Morelia,Felix Ireta,julio,lunes,16,-101.181464195251,19.681586171027
16035,16035,2018,,2018/07/16,16:30:00,COLISIÓN POR ALCANCE,ASFALTO,Bueno,Bueno,3,AUDI,NEGRO,2,MINISTERIO PÚBLICO,0,,SIN DATOS,0,0,Morelia,Mariano Michelena,julio,lunes,17,-101.229959875345,19.674634550537
16036,16036,2018,,2018/07/16,16:30:00,COLISIÓN POR ALCANCE,ASFALTO,Nublado,Bueno,4,TOYOTA,GRIS,4,MINISTERIO PÚBLICO,32,MASCULINO,SIN DATOS,0,0,Morelia,Lomas de Morelia (Dr Ignacio Chavez),julio,lunes,17,-101.175026893616,19.7172222186698
16037,16037,2018,,2018/07/16,16:30:00,COLISIÓN POR CORTE DE CIRCULACIÓN,ASFALTO,Bueno,Bueno,2,ITALIKA,NARANJA,2,MINISTERIO PÚBLICO,,,SIN DATOS,0,0,Sahuayo,Los Sauces,julio,lunes,17,-102.716438770294,20.0475661187152
16038,16038,2018,"180746667",2018/07/16,17:15:00,COLISIÓN POR CORTE DE CIRCULACIÓN,ASFALTO,Bueno,Bueno,1,HONDA,ROJO,1,,21,MASCULINO,SIN DATOS,0,0,Morelia,Lomas de Huerta,julio,lunes,17,-101.210163831711,19.6723930463862
16039,16039,2018,"180750494",2018/07/16,17:20:00,COLISIÓN CON PEATÓN,ASFALTO,Bueno,Bueno,1,FREIGHTLINER,BLANCO,1,,,,,1,0,Morelia,Santa Fe,julio,lunes,17,-101.173138618469,19.7386727447622
16040,16040,2018,"180747136",2018/07/16,18:20:00,COLISIÓN POR CORTE DE CIRCULACIÓN,ASFALTO,Bueno,Bueno,2,NISSAN,BLANCO,2,,39,MASCULINO,SIN DATOS,0,0,Morelia,Chapultepec Sur,julio,lunes,18,-101.16575717926,19.6890817129675
16041,16041,2018,"180641452",2018/07/16,18:30:00,COLISIÓN POR ALCANCE,CONCRETO,Lluvioso,Malo,2,CHEVROLET,BLANCO/ROSA,2,,19,MASCULINO,SIN DATOS,0,0,Morelia,Centro,julio,lunes,19,-101.188877820969,19.7029253189536
16042,16042,2018,,2018/07/16,18:50:00,COLISIÓN POR CORTE DE CIRCULACIÓN,ASFALTO,Nublado,Bueno,2,CHEVROLET,ROJO,2,,26,MASCULINO,SIN DATOS,0,0,Zamora,Ejidar Sur,julio,lunes,19,-102.272951602936,19.9786727915118
16043,16043,2018,"180747499",2018/07/16,20:10:00,CAIDA DE MOTOCICLETA,ASFALTO,Bueno,Bueno,1,ITALIKA,GRIS,2,,33,MASCULINO,SIN DATOS,1,0,Morelia,Nicolaitas Ilustres,julio,lunes,20,-101.225731372833,19.7244964309116
16044,16044,2018,"180747968",2018/07/16,21:55:00,COLISIÓN POR CORTE DE CIRCULACIÓN,ASFALTO,Lluvioso,Malo,2,MERCEDEZ BENZ,GRIS,2,,73,MASCULINO,SIN DATOS,0,0,Morelia,Centro,julio,lunes,22,-101.178181171417,19.6993445812819
16045,16045,2018,"180749094",2018/07/17,11:20:00,COLISIÓN CON PEATÓN,ASFALTO,Bueno,Bueno,2,VENTO,ROJO,2,MINISTERIO PÚBLICO,19,MASCULINO,SIN DATOS,0,0,Morelia,Montaña Monarca,julio,martes,11,-101.165456771851,19.6662202239102
16046,16046,2018,"180749213",2018/07/17,11:25:00,COLISIÓN POR CAMBIO DE CARRIL,CONCRETO,Bueno,Bueno,1,HONDA,ROJO,0,,,,,0,0,Morelia,Lazaro Cardenas,julio,martes,11,-101.164330244064,19.7087179646487
16047,16047,2018,"180749144",2018/07/17,12:00:00,CAIDA DE MOTOCICLETA,ASFALTO,Bueno,Bueno,1,DINAMO,AZUL,1,,24,MASCULINO,SIN DATOS,0,0,Morelia,Barrio Alto,julio,martes,12,-101.197085380554,19.7251402622806
16048,16048,2018,"180749406",2018/07/17,12:30:00,COLISIÓN POR NO RESPETAR SEMÁFORO,ASFALTO,Bueno,Bueno,2,VENTO,ROJO/NEGRO,2,MINISTERIO PÚBLICO,46,MASCULINO,SIN DATOS,1,0,Morelia,Libertad,julio,martes,13,-101.236900091171,19.6848389964652
16049,16049,2018,"180749369",2018/07/17,12:50:00,COLISIÓN CONTRA OBJETO FIJO,ASFALTO,Bueno,Bueno,1,MAZDA,BLANCO,2,,25,MASCULINO,SIN DATOS,1,0,Morelia,Sin datos,julio,martes,13,-101.302227973938,19.5883374102153
16050,16050,2018,"180749944",2018/07/17,14:10:00,COLISIÓN POR ALCANCE,ASFALTO,Bueno,Bueno,1,FORD,GRIS,1,MINISTERIO PÚBLICO,,,,1,0,Morelia,Solar Torremolinos,julio,martes,14,-101.229658126831,19.6771412095907
16051,16051,2018,"180750135",2018/07/17,15:00:00,COLISIÓN POR INVASIÓN DE CARRIL,ASFALTO,Bueno,Bueno,2,NISSAN,BLANCO,2,,44,MASCULINO,SIN DATOS,0,0,Morelia,Nueva Chapultepec,julio,martes,15,-101.172763109207,19.687768503205
16052,16052,2018,LEG16661,2018/07/17,15:45:00,COLISIÓN POR ALCANCE,CONCRETO,Bueno,Bueno,2,MERCEDES BENZ,BLANCO,1,,,,,1,0,Morelia,Sin datos,julio,martes,16,-101.127380132675,19.7141619513242
16053,16053,2018,"180750248",2018/07/17,16:05:00,COLISIÓN POR MANIOBRA DE REVERSA,CONCRETO,Bueno,Bueno,2,FORD,BLANCO,2,,0,FEMENINO,SIN DATOS,0,0,Morelia,Insurgentes,julio,martes,16,-101.154218316078,19.6964607413536
16054,16054,2018,"180750350",2018/07/17,16:25:00,CAIDA DE MOTOCICLETA,ASFALTO,Bueno,Bueno,1,KTM,NEGRO,0,,,,,0,0,Morelia,La Colina,julio,martes,16,-101.216096878052,19.7039303352942
16055,16055,2018,,2018/07/17,18:35:00,SALIDA DE SUPERFICIE DE RODAMIENTO,ASFALTO,Bueno,Bueno,1,FORD,BLANCO,1,,,,SIN DATOS,0,0,Tzintzuntzan,Sin datos,julio,martes,19,-101.58759355545,19.6332507026269
16056,16056,2018,"180751607",2018/07/17,22:00:00,COLISIÓN POR ALCANCE,CONCRETO,Bueno,Bueno,4,MAZDA,NEGRO,0,,,,,0,0,Morelia,Felix Ireta,julio,martes,22,-101.184768676758,19.6881725688944
16057,16057,2018,"1807516223",2018/07/17,22:35:00,COLISIÓN POR CAMBIO DE CARRIL,CONCRETO,Nublado,Regular,2,NISSAN,BLANCO,2,,39,MASCULINO,ALIENTO ETÍLICO,0,0,Morelia,Vasco de Quiroga,julio,martes,23,-101.170340403914,19.7036721376033
16058,16058,2018,"180751840",2018/07/17,23:25:00,COLISIÓN POR ALCANCE,ASFALTO,Bueno,Bueno,2,NISSAN,BLANCO,2,,46,MASCULINO,SIN DATOS,0,0,Morelia,Nueva Valladolid,julio,martes,23,-101.209074854851,19.6986476159737
16059,16059,2018,,2018/07/18,"00:45:00",SALIDA DE SUPERFICIE DE RODAMIENTO,ASFALTO,Lluvioso,Regular,1,TOYOTA,GRIS,1,,44,FEMENINO,SIN DATOS,0,0,Los Reyes,San Juan de Dios,julio,miércoles,1,-102.478408813477,19.6058029351088
16060,16060,2018,,2018/07/18,"07:30:00",COLISIÓN CONTRA OBJETO FIJO,ASFALTO,Nublado,Regular,1,INTERNATIONAL,AMARILLO,0,,,,,0,0,Los Reyes,San Juan de Dios,julio,miércoles,8,-102.478494644165,19.6058029351088
16061,16061,2018,,2018/07/18,"08:20:00",SALIDA DE SUPERFICIE DE RODAMIENTO,ASFALTO,Bueno,Bueno,1,IZUZU,BLANCO,1,,26,MASCULINO,SIN DATOS,0,0,Zitácuaro,Sin datos,julio,miércoles,8,-100.203080177307,19.4458135972563
16062,16062,2018,"180752580",2018/07/18,"09:00:00",COLISIÓN POR CAMBIO DE CARRIL,CONCRETO,Bueno,Bueno,2,DODGE,BLANCO,2,,0,MASCULINO,SIN DATOS,0,0,Morelia,Centro,julio,miércoles,9,-101.194118857384,19.6961905365262
16063,16063,2018,"180752554",2018/07/18,10:30:00,CAIDA ACUATICA DE VEHÍCULO,ASFALTO,Bueno,Bueno,1,NISSAN,BLANCO,1,,50,MASCULINO,SIN DATOS,0,0,Tarímbaro,Club Erandeni,julio,miércoles,11,-101.18149638176,19.7543245589917
16064,16064,2018,"180752538",2018/07/18,11:06:00,COLISIÓN POR ALCANCE,ASFALTO,Bueno,Bueno,3,CHEVROLET,ROJO/GRIS,3,,35,FEMENINO,SIN DATOS,0,0,Morelia,Alberto Oviedo Mota,julio,miércoles,11,-101.202203035355,19.6772523351296
16065,16065,2018,"180753827",2018/07/18,15:00:00,COLISIÓN CONTRA OBJETO FIJO,CONCRETO,Bueno,Bueno,1,CHEVROLET,BLANCO/ROJO,1,,0,MASCULINO,SIN DATOS,0,0,Morelia,Justo Mendoza,julio,miércoles,15,-101.232053339481,19.7121242655828
16066,16066,2018,"180754085",2018/07/18,16:30:00,COLISIÓN POR CORTE DE CIRCULACIÓN,ASFALTO,Bueno,Bueno,2,SUZUKI,ROJO,2,,27,FEMENINO,SIN DATOS,0,0,Morelia,Poblado de Ocolusen,julio,miércoles,17,-101.150296926498,19.6916676945501
16067,16067,2018,LEG16670,2018/07/18,21:45:00,COLISIÓN POR CORTE DE CIRCULACIÓN,ASFALTO,Bueno,Bueno,2,VOLKWAGEN,NEGRO,2,,0,FEMENINO,SIN DATOS,0,0,Morelia,San Rafael,julio,miércoles,22,-101.153848171234,19.6998395258171
16068,16068,2018,"180723800",2018/07/18,22:07:00,COLISIÓN CON PEATÓN,ASFALTO,Lluvioso,Regular,2,FORD,BLANCO,2,,21,MASCULINO,SIN DATOS,0,0,Morelia,Division del Norte,julio,miércoles,22,-101.163235902786,19.7114248309099
16069,16069,2018,"180755380",2018/07/18,23:10:00,COLISIÓN POR CORTE DE CIRCULACIÓN,ASFALTO,Lluvioso,Bueno,2,CHEVROLET,BLANCO,2,,45,MASCULINO,SIN DATOS,0,0,Morelia,Canteras de Morelia,julio,miércoles,23,-101.171518564224,19.714899248813
16070,16070,2018,,2018/07/18,23:30:00,COLISIÓN POR INVASIÓN DE CARRIL,ASFALTO,Bueno,Bueno,2,NISSAN,BLANCO,1,MINISTERIO PÚBLICO,,,SIN DATOS,0,0,Tacámbaro,Sin datos,julio,miércoles,0,-101.45357966423,19.2118762398046
16071,16071,2018,"180759341",2018/07/19,"01:20:00",COLISIÓN POR ALCANCE,ASFALTO,Bueno,Bueno,2,NISSAN,AZUL,2,,22,MASCULINO,CON CERTIFICADO,0,0,Morelia,Loma Bonita,julio,jueves,1,-101.196908354759,19.7187321309768
16072,16072,2018,"180755690",2018/07/19,"03:15:00",COLISIÓN POR MANIOBRA DE REVERSA,CONCRETO,Bueno,Bueno,2,DODGE,BLANCO/ROJO,2,,28,MASCULINO,ALIENTO ETÍLICO,0,0,Morelia,Cuauhtemoc,julio,jueves,3,-101.183792352676,19.698410243038
16073,16073,2018,"180759545",2018/07/19,"04:20:00",COLISIÓN POR CORTE DE CIRCULACIÓN,ASFALTO,Bueno,Bueno,1,CHEVROLET,VERDE,1,,21,MASCULINO,SIN DATOS,0,0,Morelia,Ricardo Flores Magon,julio,jueves,4,-101.244184970856,19.7050212001567
16074,16074,2018,,2018/07/19,"09:40:00",COLISIÓN POR CAMBIO DE CARRIL,ASFALTO,Bueno,Bueno,2,FREIGHTLINER,BLANCO/AZUL,2,,43,MASCULINO,SIN DATOS,0,0,Morelia,Canteras de Morelia,julio,jueves,10,-101.171615123749,19.7150204480749
16075,16075,2018,"180756171",2018/07/19,10:10:00,COLISIÓN POR MANIOBRA DE REVERSA,ASFALTO,Bueno,Bueno,2,MERCEDES BENZ,BLANCO,1,,40,MASCULINO,SIN DATOS,0,0,Morelia,Ocolusen Iii,julio,jueves,10,-101.152228116989,19.6846874687969
16076,16076,2018,,2018/07/19,12:30:00,COLISIÓN POR CORTE DE CIRCULACIÓN,ASFALTO,Bueno,Bueno,2,IZUZU,BLANCO,2,MINISTERIO PÚBLICO,34,MASCULINO,SIN DATOS,0,0,Zacapu,Moderna,julio,jueves,13,-101.784424781799,19.8081045983033
16077,16077,2018,"180756467",2018/07/19,12:35:00,COLISIÓN POR CORTE DE CIRCULACIÓN,ASFALTO,Bueno,Bueno,1,NISSAN,BLANCO/AMARILLO,2,,36,MASCULINO,SIN DATOS,1,0,Morelia,Felix Arreguin,julio,jueves,13,-101.227147579193,19.7208177054577
16078,16078,2018,"180757129",2018/07/19,13:50:00,COLISIÓN POR CORTE DE CIRCULACIÓN,ASFALTO,Bueno,Bueno,2,CHEVROLET,GRIS,2,,42,FEMENINO,SIN DATOS,0,0,Morelia,Jardines del Rincon,julio,jueves,14,-101.145997345448,19.6886208280756
16079,16079,2018,"180157176",2018/07/19,14:10:00,COLISIÓN POR CAMBIO DE CARRIL,CONCRETO,Bueno,Bueno,2,NISSAN,BLANCO/VERDE,2,,45,MASCULINO,SIN DATOS,0,0,Morelia,Chapultepec Norte,julio,jueves,14,-101.170274019241,19.6946071775751
16080,16080,2018,"180757330",2018/07/19,15:00:00,COLISIÓN POR MANIOBRA DE REVERSA,ASFALTO,Bueno,Bueno,1,NISSAN,AZUL,3,,36,MASCULINO,SIN DATOS,2,0,Morelia,Chapultepec Norte,julio,jueves,15,-101.165977120399,19.6955415380211
16082,16082,2018,"180758030",2018/07/19,17:30:00,COLISIÓN POR CAMBIO DE CARRIL,ASFALTO,Bueno,Bueno,2,SEAT,NEGRO,2,,37,FEMENINO,SIN DATOS,0,0,Morelia,Las Americas,julio,jueves,18,-101.158955097198,19.6879907394604
16083,16083,2018,,2018/07/19,20:30:00,COLISIÓN POR CAMBIO DE CARRIL,CONCRETO,Bueno,Bueno,2,YAMAHA,BLANCO,4,MINISTERIO PÚBLICO,22,MASCULINO,SIN DATOS,2,0,Sahuayo,La Alameda,julio,jueves,21,-102.713938951492,20.056334393524
16084,16084,2018,,2018/07/19,22:10:00,COLISIÓN CON PEATÓN,ASFALTO,Bueno,Bueno,1,NISSAN,BLANCO,2,,36,MASCULINO,SIN DATOS,1,0,Morelia,Justo Mendoza,julio,jueves,22,-101.232115030289,19.7122126415873
16085,16085,2018,,2018/07/20,"07:20:00",COLISIÓN POR ALCANCE,ASFALTO,Lluvioso,Regular,2,FORD,AZUL,2,,54,FEMENINO,SIN DATOS,0,0,Morelia,Loma de Los Piñones,julio,viernes,7,-101.205078363419,19.6741609959342