fid,id_accidente,anio_origen,folio_c5i,dia_incidente,hora_ocurrencia,tipo_incidente_vial,superficie_ocurrencia,condiciones_climaticas,condiciones_via,numero_vehiculos_involucrados,marca_vehiculo_ocasiona_siniestro,color_vehiculo_ocasiona_siniestro,numero_personas_involucradas,lugar_remite_presunto_responsable,edad_presunto_responsable,sexo_presunto_responsable,resultados_toxicologia,numero_personas_lesionadas,numero_personas_fallecidas,municipio,colonia,mes,dia_semana,hora_redondeada,lon,lat
16086,16086,2018,"180759897",2018/07/20,"09:15:00",COLISIÓN CONTRA OBJETO FIJO,ASFALTO,Bueno,Bueno,1,NISSAN,BLANCO,1,,,,SIN DATOS,0,0,Morelia,Chapultepec Oriente,julio,viernes,9,-101.159148216248,19.6881523656342
16087,16087,2018,"180759877",2018/07/20,10:00:00,COLISIÓN CON PEATÓN,ASFALTO,Bueno,Bueno,1,FORD,BLANCO,2,,38,MASCULINO,SIN DATOS,1,0,Morelia,Ilustres Novohispanos,julio,viernes,10,-101.153091788292,19.7126317956865
16088,16088,2018,"180726846",2018/07/20,10:20:00,COLISIÓN POR ALCANCE,ASFALTO,Bueno,Bueno,2,CHEVROLET,BLANCO,2,,,MASCULINO,SIN DATOS,0,0,Morelia,Felix Ireta,julio,viernes,10,-101.192171573639,19.6824145365694
16089,16089,2018,,2018/07/20,13:00:00,COLISIÓN POR ALCANCE,ASFALTO,Bueno,Bueno,3,DODGE,AZUL,3,,37,MASCULINO,SIN DATOS,0,0,Morelia,Felix Ireta,julio,viernes,13,-101.187161207199,19.6813538238251
16090,16090,2018,"180760102",2018/07/20,13:32:00,COLISIÓN POR ALCANCE,ASFALTO,Bueno,Bueno,2,FORD,ROJO,2,,17,MASCULINO,SIN DATOS,0,0,Morelia,Camelinas,julio,viernes,14,-101.17319226265,19.6861522302515
16091,16091,2018,,2018/07/20,13:40:00,SALIDA DE SUPERFICIE DE RODAMIENTO,ASFALTO,Bueno,Bueno,1,NISSAN,VINO,2,MINISTERIO PÚBLICO,0,FEMENINO,SIN DATOS,1,0,Tangancícuaro,Sector 1,julio,viernes,14,-102.204480171204,19.8886447199656
16092,16092,2018,"180760395",2018/07/20,14:55:00,COLISIÓN POR CORTE DE CIRCULACIÓN,ASFALTO,Bueno,Bueno,2,NISSAN,ROJO,2,,,FEMENINO,SIN DATOS,0,0,Morelia,Felix Ireta,julio,viernes,15,-101.181507110596,19.6816265792016
16094,16094,2018,"180761380",2018/07/20,18:15:00,COLISIÓN POR CORTE DE CIRCULACIÓN,ASFALTO,Bueno,Bueno,2,NISSAN,BLANCO,2,,40,MASCULINO,SIN DATOS,0,0,Morelia,Centro,julio,viernes,18,-101.187032461166,19.7002031575613
16095,16095,2018,"180761427",2018/07/20,18:52:00,COLISIÓN POR CORTE DE CIRCULACIÓN,CONCRETO,Bueno,Bueno,2,NISSAN,GRIS,2,,25,FEMENINO,SIN DATOS,0,0,Morelia,Chapultepec Oriente,julio,viernes,19,-101.164405345917,19.6887786655167
16096,16096,2018,,2018/07/20,19:50:00,COLISIÓN POR CORTE DE CIRCULACIÓN,CONCRETO,Bueno,Bueno,2,NISSAN,BLANCO,2,,20,MASCULINO,SIN DATOS,0,0,Morelia,Santa Cruz,julio,viernes,20,-101.187853217125,19.6708069264799
16097,16097,2018,"180762003",2018/07/20,22:05:00,SUBIDA AL CAMELLÓN,CONCRETO,Lluvioso,Regular,1,DODGE,BLANCO,1,,,MASCULINO,SIN DATOS,0,0,Morelia,Leandro Valle,julio,viernes,22,-101.229293346405,19.7179595020462
16098,16098,2018,"180762120",2018/07/20,23:07:00,SUBIDA AL CAMELLÓN,ASFALTO,Lluvioso,Bueno,1,TOYOTA,BLANCO,1,,50,FEMENINO,SIN DATOS,0,0,Morelia,La Quemada,julio,viernes,23,-101.24128818512,19.7057585397858
16099,16099,2018,,2018/07/20,23:18:00,COLISIÓN POR CAMBIO DE CARRIL,ASFALTO,Lluvioso,Regular,2,CHEVROLET,ROJO,2,,45,FEMENINO,SIN DATOS,0,0,Morelia,El Lago 1,julio,viernes,23,-101.219379901886,19.7277256609483
16100,16100,2018,"180666060",2018/07/20,23:23:00,COLISIÓN CONTRA OBJETO FIJO,CONCRETO,Lluvioso,Bueno,1,FORD,GRIS,1,,62,MASCULINO,CON CERTIFICADO,0,0,Morelia,Chapultepec Norte,julio,viernes,23,-101.176201701164,19.6968900378048
16101,16101,2018,"180762161",2018/07/20,23:40:00,SUBIDA AL CAMELLÓN,ASFALTO,Lluvioso,Bueno,1,NISSAN,BLANCO,1,,26,MASCULINO,SIN DATOS,0,0,Morelia,Barrio Alto,julio,viernes,0,-101.196978092194,19.7250594678982
16102,16102,2018,,2018/07/21,"00:00:00",COLISIÓN CONTRA OBJETO FIJO,TERRACERIA,Bueno,Bueno,1,NISSAN,BLANCO,1,,27,MASCULINO,SIN DATOS,0,0,Pátzcuaro,Melchor Ocampo,julio,sábado,0,-101.622805595398,19.5096837257488
16103,16103,2018,"180762251",2018/07/21,"00:58:00",COLISIÓN POR NO RESPETAR SEMÁFORO,ASFALTO,Bueno,Bueno,2,NISSAN,BLANCO/ROJO,2,,43,MASCULINO,SIN DATOS,0,0,Morelia,Centro,julio,sábado,1,-101.200159192085,19.7046575793623
16104,16104,2018,"180762260",2018/07/21,"01:00:00",SUBIDA AL CAMELLÓN,ASFALTO,Lluvioso,Bueno,1,NISSAN,GRIS,1,,,,SIN DATOS,0,0,Morelia,Avicola Benito Juarez,julio,sábado,1,-101.27956867218,19.6915464775965
16105,16105,2018,"180762279",2018/07/21,"01:03:00",SUBIDA AL CAMELLÓN,ASFALTO,Lluvioso,Bueno,1,VOLKSWAGEN,BLANCO,1,,22,MASCULINO,SIN DATOS,0,0,Morelia,Los Manantiales de Morelia,julio,sábado,1,-101.241416931152,19.6954960827742
16106,16106,2018,,2018/07/21,"03:10:00",COLISIÓN POR INVASIÓN DE CARRIL,ASFALTO,Nublado,Regular,2,CHEVROLET,NEGRO,2,,0,MASCULINO,SIN DATOS,0,0,Los Reyes,Heroe de Nacozari,julio,sábado,3,-102.477722167969,19.5871446721415
16107,16107,2018,"180762401",2018/07/21,"03:20:00",VOLCADURA,ASFALTO,Bueno,Bueno,1,NISSAN,BLANCO,1,,31,FEMENINO,ALIENTO ETÍLICO,0,0,Morelia,Libertad,julio,sábado,3,-101.236932277679,19.6848490983047
16108,16108,2018,,2018/07/21,"06:30:00",COLISIÓN POR INVASIÓN DE CARRIL,ASFALTO,Bueno,Bueno,2,VOLKSWAGEN,ROJO,2,MINISTERIO PÚBLICO,24,MASCULINO,SIN DATOS,0,0,Morelia,Ciudad Industrial,julio,sábado,7,-101.142926216125,19.7251806594565
16109,16109,2018,,2018/07/21,"06:53:00",COLISIÓN CONTRA OBJETO FIJO,ASFALTO,Bueno,Bueno,2,KIA,BLANCO,1,,26,MASCULINO,ALIENTO ETÍLICO,0,0,Morelia,Arboledas de La Huerta,julio,sábado,7,-101.22326374054,19.668968220065
16110,16110,2018,,2018/07/21,"09:20:00",COLISIÓN POR ALCANCE,CONCRETO,Bueno,Bueno,2,ITALIKA,NEGRO,0,,,,,0,0,Tarímbaro,Club Erandeni,julio,sábado,9,-101.183288097382,19.7595246607309
16111,16111,2018,,2018/07/21,11:00:00,VOLCADURA,ASFALTO,Bueno,Bueno,1,NISSAN,GRIS,1,,,,,0,1,Pátzcuaro,Sin Nombre,julio,sábado,11,-101.614608764648,19.5269504788834
16112,16112,2018,"180762881",2018/07/21,11:30:00,COLISIÓN POR CORTE DE CIRCULACIÓN,ASFALTO,Bueno,Bueno,2,VOLKSWAGEN,GRIS,2,,32,MASCULINO,SIN DATOS,0,0,Morelia,San Jose Itzicuaro,julio,sábado,12,-101.304416656494,19.6879301296032
16113,16113,2018,"180763050",2018/07/21,12:00:00,COLISIÓN POR CORTE DE CIRCULACIÓN,ASFALTO,Bueno,Bueno,2,ITALIKA,ROJO,2,,32,MASCULINO,SIN DATOS,0,0,Morelia,Villas del Real,julio,sábado,12,-101.198726892471,19.7342495669102
16114,16114,2018,"180763372",2018/07/21,13:30:00,COLISIÓN POR CAMBIO DE CARRIL,ASFALTO,Bueno,Bueno,2,CHEVROLET,AZUL,2,,,MASCULINO,SIN DATOS,0,0,Morelia,Industrial,julio,sábado,14,-101.197965145111,19.7069857482083
16115,16115,2018,"180763321",2018/07/21,13:50:00,COLISIÓN POR ALCANCE,CONCRETO,Bueno,Bueno,2,FORD,ROJO,2,,,,SIN DATOS,0,0,Morelia,Sin datos,julio,sábado,14,-101.291027069092,19.6001025902251
16116,16116,2018,,2018/07/21,15:00:00,VOLCADURA,ASFALTO,Bueno,Bueno,1,CHEVROLET,BLANCO,1,,,,SIN DATOS,0,0,Zitácuaro,Sin datos,julio,sábado,15,-100.204367637634,19.4458135972563
16117,16117,2018,"180773681",2018/07/21,15:20:00,COLISIÓN POR CAMBIO DE CARRIL,ASFALTO,Bueno,Bueno,2,ITALIKA,NARANJA,2,MINISTERIO PÚBLICO,18,MASCULINO,SIN DATOS,0,0,Morelia,Vasco de Quiroga,julio,sábado,15,-101.168230175972,19.6966981171807
16118,16118,2018,,2018/07/21,16:00:00,COLISIÓN POR CORTE DE CIRCULACIÓN,ASFALTO,Bueno,Bueno,1,NISSAN,ORO,1,,67,MASCULINO,SIN DATOS,0,0,Zinapécuaro,Sin Nombre,julio,sábado,16,-100.843849182129,19.864005659936
16119,16119,2018,,2018/07/21,19:40:00,SALIDA DE SUPERFICIE DE RODAMIENTO,ASFALTO,Nublado,Regular,1,FORD,AZUL,1,,31,MASCULINO,SIN DATOS,0,0,Los Reyes,Heroe de Nacozari,julio,sábado,20,-102.477722167969,19.5873670477067
16120,16120,2018,"180764996",2018/07/21,21:40:00,COLISIÓN POR CORTE DE CIRCULACIÓN,CONCRETO,Bueno,Regular,2,VOLKSWAGEN,ROJO,2,,36,FEMENINO,SIN DATOS,0,0,Morelia,Molino de Parras,julio,sábado,22,-101.201505661011,19.6954960827742
16121,16121,2018,"180765047",2018/07/21,22:00:00,COLISIÓN POR CORTE DE CIRCULACIÓN,ASFALTO,Bueno,Bueno,2,SIN DATOS,SIN DATOS,1,,45,MASCULINO,SIN DATOS,0,0,Morelia,Jardines del Rincon,julio,sábado,22,-101.148725152016,19.6903191507721
16122,16122,2018,"180765183",2018/07/21,22:40:00,COLISIÓN CONTRA OBJETO FIJO,ASFALTO,Bueno,Bueno,1,NISSAN,CAFE,1,,31,MASCULINO,ALIENTO ETÍLICO,0,0,Morelia,Granjas de La Huerta,julio,sábado,23,-101.232662200928,19.6624719620392
16123,16123,2018,"180076525",2018/07/21,23:01:00,COLISIÓN POR CAMBIO DE CARRIL,ASFALTO,Bueno,Bueno,2,NISSAN,BLANCO,2,,53,MASCULINO,SIN DATOS,0,0,Morelia,Ana Maria Gallaga (Riviera Norte),julio,sábado,23,-101.22372508049,19.676833088375
16124,16124,2018,,2018/07/21,23:40:00,COLISIÓN POR CAMBIO DE CARRIL,ASFALTO,Nublado,Regular,2,NISSAN,BEIGE,9,MINISTERIO PÚBLICO,,,,8,1,Los Reyes,Carlos Galvez Betancourt,julio,sábado,0,-102.459011077881,19.5748326731264
16125,16125,2018,"180765231",2018/07/21,23:55:00,COLISIÓN CONTRA OBJETO FIJO,ASFALTO,Bueno,Bueno,1,CHEVROLET,GUINDA,1,,36,MASCULINO,SIN DATOS,0,0,Morelia,La Luz,julio,sábado,0,-101.299792528152,19.6874654532689
16126,16126,2018,,2018/07/22,"00:00:00",COLISIÓN CONTRA OBJETO FIJO,ASFALTO,Bueno,Bueno,1,FORD F150,BLANCO,1,,46,MASCULINO,SIN DATOS,0,0,Apatzingán,La Pradera,julio,domingo,0,-102.356647253036,19.1053919747588
16127,16127,2018,,2018/07/22,"00:00:00",COLISIÓN POR CORTE DE CIRCULACIÓN,ASFALTO,Bueno,Bueno,2,CHEVROLET,BLANCO,2,MINISTERIO PÚBLICO,29,MASCULINO,SIN DATOS,0,0,Apatzingán,Independencia,julio,domingo,0,-102.357816696167,19.0959736240153
16128,16128,2018,,2018/07/22,"00:40:00",VOLCADURA,ASFALTO,Bueno,Bueno,1,VOLKSWAGEN,GRIS,4,,,MASCULINO,SIN DATOS,3,0,Zitácuaro,Sin datos,julio,domingo,1,-100.396943974132,19.5161389369712
16129,16129,2018,,2018/07/22,"01:00:00",COLISIÓN POR CORTE DE CIRCULACIÓN,ASFALTO,Bueno,Bueno,2,VOLKSWAGEN,ROJO,2,,35,MASCULINO,SIN DATOS,0,0,Pátzcuaro,Centro,julio,domingo,1,-101.607248783112,19.5239371462072
16130,16130,2018,"1806765456",2018/07/22,"01:05:00",COLISIÓN POR MANIOBRA DE REVERSA,ASFALTO,Bueno,Bueno,2,CHEVROLET,ROJO,2,,32,MASCULINO,ALIENTO ETÍLICO,0,0,Morelia,Adolfo Lopez Mateos,julio,domingo,1,-101.226018369198,19.7009935487107
16131,16131,2018,,2018/07/22,"03:20:00",SALIDA DE SUPERFICIE DE RODAMIENTO,ASFALTO,Nublado,Regular,1,YAMAHA,BLANCO/NEGRO,0,,,,,0,0,Los Reyes,Obrera,julio,domingo,3,-102.460899353027,19.5768544124157
16132,16132,2018,"180765703",2018/07/22,"03:30:00",COLISIÓN CONTRA OBJETO FIJO,ADOQUIN_EMPEDRADO,Bueno,Bueno,1,NISSAN,AZUL,1,,0,,SIN DATOS,0,0,Morelia,Cosmos,julio,domingo,4,-101.218022704124,19.6843541074221
16133,16133,2018,"180765738",2018/07/22,"04:30:00",COLISIÓN CONTRA OBJETO FIJO,ASFALTO,Bueno,Bueno,1,CHEVROLET,PLATA,1,,29,MASCULINO,SIN DATOS,0,0,Morelia,Tierra Y Libertad,julio,domingo,5,-101.227201223373,19.714798249358
16134,16134,2018,,2018/07/22,"05:03:00",VOLCADURA,ASFALTO,Bueno,Bueno,1,CHEVROLET,GRIS,0,,,,,0,0,Pátzcuaro,Viveros,julio,domingo,5,-101.619597673416,19.5408131073631
16135,16135,2018,"180765830",2018/07/22,"05:40:00",COLISIÓN POR CORTE DE CIRCULACIÓN,CONCRETO,Bueno,Bueno,2,MINI COOPER,ROJO,2,MINISTERIO PÚBLICO,34,FEMENINO,SIN DATOS,0,0,Álvaro Obregón,Bellavista,julio,domingo,6,-101.045830249786,19.8207115562552
16136,16136,2018,"180765915",2018/07/22,"06:00:00",COLISIÓN CONTRA OBJETO FIJO,ASFALTO,Bueno,Bueno,1,MAZDA,GRIS,1,,30,MASCULINO,ALIENTO ETÍLICO,0,0,Morelia,Felix Ireta,julio,domingo,6,-101.19567990303,19.6815558648894
16137,16137,2018,,2018/07/22,"06:45:00",COLISIÓN POR ALCANCE,ASFALTO,Bueno,Bueno,3,CHEVROLET,BLANCO,3,,25,MASCULINO,SIN DATOS,0,0,Pátzcuaro,Centro,julio,domingo,7,-101.61163687706,19.5147956858551
16138,16138,2018,,2018/07/22,"07:40:00",COLISIÓN POR CORTE DE CIRCULACIÓN,ASFALTO,Bueno,Bueno,2,NISSAN,BLANCO/CAFE,2,MINISTERIO PÚBLICO,60,MASCULINO,SIN DATOS,0,0,Lázaro Cárdenas,Aeropuerto,julio,domingo,8,-102.216582298279,18.011059445385
16139,16139,2018,"180165945",2018/07/22,"08:15:00",COLISIÓN POR CORTE DE CIRCULACIÓN,ASFALTO,Nublado,Regular,2,ITALIKA,AMARILLO,3,,25,MASCULINO,SIN DATOS,1,0,Morelia,Lomas del Tecnologico,julio,domingo,8,-101.188614964485,19.7199895387032
16140,16140,2018,"180766207",2018/07/22,10:30:00,COLISIÓN POR ALCANCE,ASFALTO,Bueno,Bueno,2,NISSAN,BLANCO/ROJO,2,,42,MASCULINO,SIN DATOS,0,0,Morelia,Tinijaro,julio,domingo,11,-101.26123175025,19.6966438238045
16141,16141,2018,"180766193",2018/07/22,10:40:00,COLISIÓN POR CORTE DE CIRCULACIÓN,ASFALTO,Bueno,Bueno,2,TOYOTA,NEGRO,2,,47,MASCULINO,SIN DATOS,0,0,Morelia,Jacarandas,julio,domingo,11,-101.211585402489,19.7090108740292
16142,16142,2018,,2018/07/22,11:25:00,COLISIÓN POR ALCANCE,CONCRETO,Bueno,Bueno,2,PEUGEOT,BLANCO,2,,45,FEMENINO,SIN DATOS,0,0,Morelia,Chapultepec Sur,julio,domingo,11,-101.169807314873,19.6923078700641
16143,16143,2018,,2018/07/22,12:15:00,COLISIÓN POR ALCANCE,ADOQUIN_EMPEDRADO,Bueno,Bueno,2,MERCEDES BENZ,AMARILLO/ROJO,1,,0,MASCULINO,SIN DATOS,0,0,Morelia,Centro,julio,domingo,12,-101.190433502197,19.7009569332325
16145,16145,2018,"180767104",2018/07/22,15:55:00,COLISIÓN POR NO RESPETAR SEMÁFORO,ASFALTO,Bueno,Bueno,2,NISSAN,BLANCO/ROJO,2,MINISTERIO PÚBLICO,0,MASCULINO,SIN DATOS,0,0,Morelia,Guadalupe,julio,domingo,16,-101.225956678391,19.7085563592436
16146,16146,2018,,2018/07/22,16:00:00,VOLCADURA,ASFALTO,Bueno,Bueno,1,VOLKSWAGEN,BLANCO,1,,22,FEMENINO,SIN DATOS,0,0,Sin datos,Sin datos,julio,domingo,16,-105.53466796875,19.8287253876812
16147,16147,2018,"18077152",2018/07/22,16:15:00,COLISIÓN POR ALCANCE,ASFALTO,Bueno,Bueno,2,NISSAN,GRIS,2,,0,,SIN DATOS,0,0,Morelia,Centro,julio,domingo,16,-101.198952198029,19.7042586055954
16148,16148,2018,,2018/07/22,18:30:00,COLISIÓN CONTRA OBJETO FIJO,ASFALTO,Bueno,Bueno,2,VOLKWAGEN,VERDE,2,,20,MASCULINO,SIN DATOS,0,0,Morelia,Los Angeles,julio,domingo,19,-101.177752017975,19.7397431757844
16149,16149,2018,,2018/07/22,18:45:00,VOLCADURA,ASFALTO,Bueno,Regular,1,FORD,NEGRO,0,,,,,0,0,Los Reyes,San Juan de Dios,julio,domingo,19,-102.478666305542,19.6060454984958
16150,16150,2018,LEG16728,2018/07/22,18:50:00,COLISIÓN POR ALCANCE,ASFALTO,Bueno,Bueno,2,VOLKWAGEN,GRIS,2,,24,MASCULINO,SIN DATOS,0,0,Morelia,Felix Ireta,julio,domingo,19,-101.181292533875,19.6830812666993
16151,16151,2018,"180767782",2018/07/22,19:38:00,SUBIDA AL CAMELLÓN,ASFALTO,Bueno,Bueno,1,MERCEDES BENZ,BLANCO,1,,22,MASCULINO,ALIENTO ETÍLICO,0,0,Morelia,Country Club  Las Huertas,julio,domingo,20,-101.228306293488,19.6586730951119
16152,16152,2018,"180768224",2018/07/22,21:30:00,COLISIÓN POR ALCANCE,ASFALTO,Bueno,Bueno,2,NISSAN,BLANCO,2,MINISTERIO PÚBLICO,0,FEMENINO,SIN DATOS,0,0,Morelia,Jardines de Torremolinos,julio,domingo,22,-101.225688457489,19.6769593676334
16153,16153,2018,,2018/07/22,21:30:00,COLISIÓN POR ALCANCE,ASFALTO,Bueno,Bueno,2,FORD,BLANCO,2,,50,MASCULINO,SIN DATOS,0,0,Lagunillas,Oriente,julio,domingo,22,-101.414108276367,19.5597901364974
16154,16154,2018,"180768378",2018/07/22,22:20:00,COLISIÓN POR CORTE DE CIRCULACIÓN,ASFALTO,Bueno,Bueno,2,INTERNACIONAL,NEGRO,2,,21,MASCULINO,SIN DATOS,0,0,Morelia,Insurgentes,julio,domingo,22,-101.152598261833,19.6983647886059
16155,16155,2018,,2018/07/22,23:20:00,COLISIÓN POR CORTE DE CIRCULACIÓN,ASFALTO,Bueno,Bueno,1,CHEVROLET,BLANCO,1,,,,,1,0,Tarímbaro,Real Hacienda,julio,domingo,23,-101.200432777405,19.7532946158183
16156,16156,2018,"180768573",2018/07/23,"01:10:00",COLISIÓN POR INVASIÓN DE CARRIL,ASFALTO,Bueno,Bueno,2,TOYOTA,BLANCO,6,MINISTERIO PÚBLICO,0,,SIN DATOS,4,0,Tarímbaro,Sin datos,julio,lunes,1,-101.157066822052,19.7685007481009
16157,16157,2018,"18078633",2018/07/23,"02:00:00",VOLCADURA,ASFALTO,Bueno,Bueno,2,VOLKWAGEN,GRIS,1,MINISTERIO PÚBLICO,0,,SIN DATOS,0,0,Morelia,Ciudad Industrial,julio,lunes,2,-101.138886809349,19.7279831886027
16158,16158,2018,"180771890",2018/07/23,"02:00:00",COLISIÓN POR CORTE DE CIRCULACIÓN,ASFALTO,Bueno,Bueno,2,VOLKWAGEN,PLATA,2,,29,MASCULINO,SIN DATOS,0,0,Morelia,Division del Norte,julio,lunes,2,-101.163418292999,19.712354043093
16159,16159,2018,,2018/07/23,"02:50:00",COLISIÓN POR CORTE DE CIRCULACIÓN,ASFALTO,Bueno,Bueno,2,VOLKWAGEN,VERDE,2,,80,MASCULINO,SIN DATOS,0,0,Pátzcuaro,Viveros,julio,lunes,3,-101.622161865234,19.5414298706195
16160,16160,2018,,2018/07/23,"06:30:00",COLISIÓN POR CORTE DE CIRCULACIÓN,ASFALTO,Bueno,Bueno,2,SIN DATOS,BLANCO,2,,0,,SIN DATOS,0,0,Morelia,Loma Real,julio,lunes,7,-101.198329925537,19.7288416111195
16161,16161,2018,"180768937",2018/07/23,"09:00:00",COLISIÓN POR ALCANCE,ASFALTO,Bueno,Bueno,2,NISSAN,SIN DATOS,2,,58,MASCULINO,SIN DATOS,0,0,Morelia,Morelos,julio,lunes,9,-101.209144592285,19.6983799400847
16162,16162,2018,,2018/07/23,10:48:00,VOLCADURA,ASFALTO,Bueno,Bueno,1,CHEVROLET,GRIS,1,,32,MASCULINO,SIN DATOS,0,0,Lázaro Cárdenas,Sin datos,julio,lunes,11,-102.231302261353,17.9375002495065
16163,16163,2018,"180769204",2018/07/23,11:00:00,COLISIÓN POR CAMBIO DE CARRIL,ASFALTO,Bueno,Bueno,2,VOLKWAGEN,ROJO/NEGRO,2,,22,MASCULINO,SIN DATOS,0,0,Morelia,Leon Guzman,julio,lunes,11,-101.205008625984,19.7266601989867
16164,16164,2018,"180769330",2018/07/23,11:30:00,COLISIÓN POR CORTE DE CIRCULACIÓN,ASFALTO,Bueno,Bueno,2,CHEVROLET,PLATA,2,,27,MASCULINO,SIN DATOS,0,0,Morelia,Isaac Arriaga,julio,lunes,12,-101.175195872784,19.7070261499715
16165,16165,2018,"180769509",2018/07/23,12:20:00,COLISIÓN POR CORTE DE CIRCULACIÓN,ASFALTO,Bueno,Bueno,2,SEAT,ROJO,1,,0,FEMENINO,SIN DATOS,0,0,Morelia,Rinconada del Valle,julio,lunes,12,-101.222265958786,19.6773988186768
16166,16166,2018,,2018/07/23,13:05:00,COLISIÓN POR ALCANCE,ASFALTO,Bueno,Bueno,2,NISSAN,GRIS,2,,25,MASCULINO,SIN DATOS,0,0,Senguio,Sin datos,julio,lunes,13,-100.370128154755,19.7880868553208
16167,16167,2018,,2018/07/23,13:10:00,COLISIÓN POR INVASIÓN DE CARRIL,ASFALTO,Bueno,Regular,2,CHEVROLET,NEGRO,2,,44,MASCULINO,SIN DATOS,0,0,Los Reyes,Los Manantiales,julio,lunes,13,-102.452852725983,19.5791995982075
16168,16168,2018,"180769716",2018/07/23,13:20:00,COLISIÓN POR ALCANCE,ASFALTO,Bueno,Bueno,2,KENWORTH,BLANCO,2,,32,MASCULINO,SIN DATOS,0,0,Morelia,Francisco J Mujica,julio,lunes,13,-101.188191175461,19.7215549722507
16169,16169,2018,LEG16765,2018/07/23,13:40:00,COLISIÓN POR CAMBIO DE CARRIL,ASFALTO,Bueno,Bueno,2,MINI TRUCK,BLANCO,2,,43,MASCULINO,SIN DATOS,0,0,Morelia,Sin datos,julio,lunes,14,-101.127412319183,19.7146871498838
16170,16170,2018,"180770258",2018/07/23,16:00:00,COLISIÓN POR NO RESPETAR SEMÁFORO,CONCRETO,Bueno,Bueno,2,NISSAN,BLANCO/ROJO,2,,60,MASCULINO,SIN DATOS,0,0,Morelia,Centro,julio,lunes,16,-101.178267002106,19.6991425626644
16171,16171,2018,,2018/07/23,17:50:00,COLISIÓN CONTRA OBJETO FIJO,ASFALTO,Bueno,Bueno,1,NISSAN,ROJO,1,,34,MASCULINO,ALIENTO ETÍLICO,0,0,Morelia,Paseo de Las Lomas,julio,lunes,18,-101.149566024542,19.6990709091247
16172,16172,2018,"180771092",2018/07/23,20:00:00,COLISIÓN POR CORTE DE CIRCULACIÓN,ASFALTO,Bueno,Bueno,2,VOLKWAGEN,PLATA,2,,23,MASCULINO,SIN DATOS,0,0,Morelia,Chapultepec Sur,julio,lunes,20,-101.176609396935,19.6919202295754
16173,16173,2018,"180771737",2018/07/23,23:30:00,COLISIÓN POR CORTE DE CIRCULACIÓN,CONCRETO,Bueno,Bueno,2,CHEVROLET,ROJO,2,,30,MASCULINO,ALIENTO ETÍLICO,0,0,Morelia,Alberto Oviedo Mota,julio,lunes,0,-101.201918721199,19.6778685753558
16174,16174,2018,"180771715",2018/07/23,23:30:00,COLISIÓN POR CORTE DE CIRCULACIÓN,ASFALTO,Bueno,Bueno,2,SIN DATOS,SIN DATOS,2,,0,,SIN DATOS,0,0,Morelia,Cuauhtemoc,julio,lunes,0,-101.17912530899,19.6948142525227
16175,16175,2018,"180771834",2018/07/24,"01:25:00",COLISIÓN POR CORTE DE CIRCULACIÓN,ASFALTO,Bueno,Bueno,1,VOLKWAGEN,BLANCO,1,,0,,SIN DATOS,0,0,Tarímbaro,Real Hacienda,julio,martes,1,-101.201162338257,19.7534965659841
16176,16176,2018,"180775071",2018/07/24,"02:00:00",COLISIÓN POR CORTE DE CIRCULACIÓN,ASFALTO,Bueno,Bueno,2,BMW,NEGRO,2,,27,MASCULINO,ALIENTO ETÍLICO,0,0,Morelia,Centro,julio,martes,2,-101.18661403656,19.7046424284779
16177,16177,2018,,2018/07/24,"09:10:00",COLISIÓN POR ALCANCE,ASFALTO,Bueno,Bueno,2,VOLKWAGEN,BLANCO,2,,44,MASCULINO,SIN DATOS,0,0,Pátzcuaro,Centro,julio,martes,9,-101.609356999397,19.5157740692874
16178,16178,2018,,2018/07/24,"09:40:00",COLISIÓN POR CORTE DE CIRCULACIÓN,ASFALTO,Lluvioso,Regular,2,KEEWAY,BLANCO,1,,63,MASCULINO,SIN DATOS,0,0,Pátzcuaro,Centro,julio,martes,10,-101.606873273849,19.5192249093103
16179,16179,2018,,2018/07/24,10:50:00,COLISIÓN POR CORTE DE CIRCULACIÓN,ASFALTO,Bueno,Bueno,2,VOLKSWAGEN,GRIS,3,MINISTERIO PÚBLICO,49,MASCULINO,SIN DATOS,1,0,Lázaro Cárdenas,Centro,julio,martes,11,-102.195001244545,17.9546579559319
16180,16180,2018,"180723324",2018/07/24,10:55:00,COLISIÓN POR CAMBIO DE CARRIL,ASFALTO,Bueno,Bueno,2,MAZDA,ROJO,2,,28,MASCULINO,SIN DATOS,0,0,Morelia,Centro,julio,martes,11,-101.190041899681,19.6960011403472
16181,16181,2018,"180772512",2018/07/24,12:10:00,COLISIÓN POR CAMBIO DE CARRIL,ASFALTO,Bueno,Bueno,2,NISSAN,BLANCO/ROJO,1,,,,,1,0,Morelia,Felix Ireta,julio,martes,12,-101.195669174194,19.6817478036643
16182,16182,2018,"180772942",2018/07/24,12:35:00,COLISIÓN POR MANIOBRA DE REVERSA,ASFALTO,Bueno,Bueno,2,HONDA,ARENA,2,,22,FEMENINO,SIN DATOS,0,0,Morelia,Campestre Los Manantiales,julio,martes,13,-101.238412857056,19.688354398122
16183,16183,2018,"180772741",2018/07/24,13:25:00,COLISIÓN POR CORTE DE CIRCULACIÓN,CONCRETO,Bueno,Bueno,2,DODGE,ROJO,3,,34,MASCULINO,SIN DATOS,1,0,Morelia,Granjas del Maestro,julio,martes,13,-101.193155944347,19.7160859876307