fid,id_accidente,anio_origen,folio_c5i,dia_incidente,hora_ocurrencia,tipo_incidente_vial,superficie_ocurrencia,condiciones_climaticas,condiciones_via,numero_vehiculos_involucrados,marca_vehiculo_ocasiona_siniestro,color_vehiculo_ocasiona_siniestro,numero_personas_involucradas,lugar_remite_presunto_responsable,edad_presunto_responsable,sexo_presunto_responsable,resultados_toxicologia,numero_personas_lesionadas,numero_personas_fallecidas,municipio,colonia,mes,dia_semana,hora_redondeada,lon,lat
16184,16184,2018,"180772961",2018/07/24,14:00:00,COLISIÓN CON PEATÓN,SIN_DATOS,Bueno,Bueno,2,KAWASAKI,AZUL,2,,32,MASCULINO,SIN DATOS,0,0,Morelia,Tinijaro,julio,martes,14,-101.260675191879,19.6968193302333
16185,16185,2018,"180773173",2018/07/24,14:45:00,COLISIÓN POR ALCANCE,ASFALTO,Bueno,Bueno,2,PREIGHTLINER,BLANCO,3,,27,MASCULINO,SIN DATOS,1,0,Morelia,Libertad,julio,martes,15,-101.236900091171,19.6848339455453
16186,16186,2018,"180773440",2018/07/24,14:50:00,COLISIÓN POR INVASIÓN DE CARRIL,ASFALTO,Bueno,Bueno,2,CHEVROLET,BLANCO,2,,31,FEMENINO,SIN DATOS,0,0,Morelia,Infonavit  Las  Camelinas,julio,martes,15,-101.173827946186,19.6835964653532
16187,16187,2018,"180773315",2018/07/24,15:30:00,COLISIÓN POR ALCANCE,ASFALTO,Bueno,Bueno,2,NISSAN,AZUL,2,,0,MASCULINO,SIN DATOS,0,0,Morelia,Felix Ireta,julio,martes,16,-101.192064285278,19.6824953524906
16189,16189,2018,,2018/07/24,16:05:00,COLISIÓN CON PEATÓN,CONCRETO,Bueno,Bueno,1,MAZDA,BLANCO,2,,64,MASCULINO,SIN DATOS,1,0,Morelia,Felix Ireta,julio,martes,16,-101.181421279907,19.6816063751156
16190,16190,2018,,2018/07/24,16:10:00,COLISIÓN POR INVASIÓN DE CARRIL,ASFALTO,Nublado,Bueno,2,NISSAN,BLANCO,0,MINISTERIO PÚBLICO,,,,0,0,Pajacuarán,Sin datos,julio,martes,16,-102.521238327026,20.108349408776
16191,16191,2018,"180773527",2018/07/24,16:20:00,COLISIÓN POR NO RESPETAR SEMÁFORO,ASFALTO,Bueno,Bueno,2,HONDA,AZUL,3,MINISTERIO PÚBLICO,0,,SIN DATOS,1,0,Morelia,Lomas de Las Americas Norte,julio,martes,16,-101.149170398712,19.6948597079632
16192,16192,2018,"180774223",2018/07/24,18:46:00,COLISIÓN POR CORTE DE CIRCULACIÓN,CONCRETO,Bueno,Bueno,3,FORD,GRIS,3,,33,MASCULINO,SIN DATOS,0,0,Morelia,Erendira,julio,martes,19,-101.166400909424,19.7034101517453
16193,16193,2018,,2018/07/24,19:15:00,COLISIÓN POR ALCANCE,ASFALTO,Bueno,Bueno,2,FORD,GRIS,2,,59,MASCULINO,SIN DATOS,0,0,Morelia,Santa Maria,julio,martes,19,-101.201087236404,19.6778887799133
16194,16194,2018,"180774022",2018/07/24,19:15:00,COLISIÓN POR CORTE DE CIRCULACIÓN,ASFALTO,Nublado,Bueno,1,NISSAN,ROJO,1,,25,MASCULINO,SIN DATOS,0,0,Morelia,San Jose Itzicuaro,julio,martes,19,-101.307924985886,19.6874856566158
16195,16195,2018,,2018/07/24,19:40:00,COLISIÓN POR MANIOBRA DE REVERSA,ASFALTO,Bueno,Bueno,2,NISSAN,BLANCO,2,,41,MASCULINO,SIN DATOS,0,0,Lázaro Cárdenas,1Er Sect de Fidelac,julio,martes,20,-102.198933362961,17.9627003767527
16196,16196,2018,"180773970",2018/07/24,19:50:00,COLISIÓN POR ALCANCE,ASFALTO,Bueno,Bueno,2,NISSAN,GRIS,2,,23,FEMENINO,SIN DATOS,0,0,Morelia,Felix Ireta,julio,martes,20,-101.190685629845,19.6824397915492
16197,16197,2018,,2018/07/24,20:00:00,COLISIÓN POR NO RESPETAR SEMÁFORO,ASFALTO,Bueno,Bueno,1,CHEVROLET,ARENA,0,,,,,0,0,Pátzcuaro,Centro,julio,martes,20,-101.611797809601,19.5403985602437
16198,16198,2018,,2018/07/24,21:22:00,COLISIÓN POR INVASIÓN DE CARRIL,ASFALTO,Lluvioso,Malo,2,INTERNACIONAL,BLANCO/NARANJA,2,,38,MASCULINO,SIN DATOS,0,0,Morelia,Gertrudis Bocanegra,julio,martes,21,-101.208897829056,19.7022435203546
16199,16199,2018,"180774105",2018/07/24,23:00:00,COLISIÓN POR ALCANCE,CONCRETO,Nublado,Regular,2,CHEVROLET,ROJO,1,,,,,1,0,Morelia,Justo Mendoza,julio,martes,23,-101.230060458183,19.7122530420303
16200,16200,2018,"180778144",2018/07/25,"00:00:00",COLISIÓN POR ALCANCE,ASFALTO,Bueno,Bueno,2,FORD,AZUL,2,,0,FEMENINO,SIN DATOS,0,0,Morelia,Ferrocarrilero,julio,miércoles,0,-101.221135407686,19.693984688467
16201,16201,2018,,2018/07/25,"00:00:00",COLISIÓN POR MANIOBRA DE REVERSA,ASFALTO,Bueno,Bueno,2,FORD,CAFE,2,,26,MASCULINO,SIN DATOS,0,0,Morelia,Chapultepec Sur,julio,miércoles,0,-101.172162294388,19.691102014648
16202,16202,2018,,2018/07/25,"04:15:00",COLISIÓN POR ALCANCE,ASFALTO,Bueno,Bueno,2,SIN DATOS,ROJO/NEGRO,2,,16,FEMENINO,SIN DATOS,0,0,Pátzcuaro,Centro,julio,miércoles,4,-101.606267094612,19.5185473875577
16203,16203,2018,"180725209",2018/07/25,"07:15:00",COLISIÓN CON PEATÓN,ASFALTO,Bueno,Bueno,1,SIN DATOS,SIN DATOS,1,,0,,SIN DATOS,0,0,Morelia,El Porvenir,julio,miércoles,7,-101.206183433533,19.708021040173
16204,16204,2018,,2018/07/25,"09:45:00",SALIDA DE SUPERFICIE DE RODAMIENTO,ASFALTO,Bueno,Regular,1,DODGE,NEGRO,1,,21,MASCULINO,SIN DATOS,0,0,Los Reyes,Jardin,julio,miércoles,10,-102.478880882263,19.5917740637315
16205,16205,2018,"180775740",2018/07/25,11:30:00,COLISIÓN CON PEATÓN,CONCRETO,Bueno,Bueno,1,NISSAN,BLANCO,0,,,,,0,0,Morelia,El Porvenir,julio,miércoles,12,-101.20069026947,19.7118086365966
16206,16206,2018,,2018/07/25,11:30:00,COLISIÓN POR ALCANCE,ASFALTO,Bueno,Bueno,2,NISSAN,GRIS,2,,47,MASCULINO,SIN DATOS,0,0,Morelia,Centro,julio,miércoles,12,-101.190551519394,19.6959809380749
16207,16207,2018,,2018/07/25,14:00:00,COLISIÓN CON PEATÓN,ASFALTO,Bueno,Bueno,2,HONDA,BLANCO,2,,25,MASCULINO,SIN DATOS,0,0,Morelia,Los Manantiales de Morelia,julio,miércoles,14,-101.24033331871,19.6928293523679
16208,16208,2018,"180776505",2018/07/25,14:20:00,COLISIÓN POR ALCANCE,ASFALTO,Bueno,Bueno,2,NISSAN,BLANCO,2,,21,MASCULINO,SIN DATOS,0,0,Morelia,Lomas de Hidalgo,julio,miércoles,14,-101.163482666016,19.696021342617
16209,16209,2018,"180776416",2018/07/25,14:24:00,COLISIÓN POR ALCANCE,ASFALTO,Bueno,Bueno,2,NISSAN,BLANCO/ROJO,2,,29,MASCULINO,SIN DATOS,0,0,Morelia,Centro,julio,miércoles,14,-101.186517477036,19.7057635900455
16210,16210,2018,"180776837",2018/07/25,15:55:00,COLISIÓN POR ALCANCE,ASFALTO,Bueno,Bueno,2,NISSAN,BLANCO/GRIS,2,,25,MASCULINO,SIN DATOS,0,0,Morelia,Las Americas,julio,miércoles,16,-101.152142286301,19.6886069383733
16211,16211,2018,"180777348",2018/07/25,18:05:00,COLISIÓN POR CORTE DE CIRCULACIÓN,ASFALTO,Bueno,Bueno,2,NISSAN,BLANCO,2,,0,MASCULINO,SIN DATOS,0,0,Morelia,Felix Ireta,julio,miércoles,18,-101.190868020058,19.6846369595423
16212,16212,2018,"180777856",2018/07/25,18:35:00,COLISIÓN POR ALCANCE,ASFALTO,Bueno,Bueno,2,CHEVROLET,NEGRO,2,,49,MASCULINO,ALIENTO ETÍLICO,0,0,Morelia,Lomas de Las Americas Norte,julio,miércoles,19,-101.149041652679,19.6948395055468
16213,16213,2018,"180777511",2018/07/25,19:00:00,COLISIÓN POR CORTE DE CIRCULACIÓN,ASFALTO,Bueno,Bueno,2,NISSAN,BLANCO/ROJO,2,,34,MASCULINO,SIN DATOS,0,0,Morelia,Vasco de Quiroga,julio,miércoles,19,-101.170649528503,19.6973142825783
16214,16214,2018,"180777556",2018/07/25,19:10:00,COLISIÓN POR CAMBIO DE CARRIL,ASFALTO,Bueno,Bueno,2,CHEVROLET,BLANCO/ROJO,2,,50,MASCULINO,SIN DATOS,0,0,Morelia,Barrio Alto,julio,miércoles,19,-101.196978092194,19.7250190706917
16216,16216,2018,,2018/07/25,22:30:00,SALIDA DE SUPERFICIE DE RODAMIENTO,ASFALTO,Bueno,Bueno,1,FORD,VINO,1,,,,SIN DATOS,0,0,Zitácuaro,Sin datos,julio,miércoles,23,-100.20320892334,19.447169246613
16217,16217,2018,"180778360",2018/07/25,23:50:00,SUBIDA AL CAMELLÓN,ASFALTO,Bueno,Bueno,1,NISSAN,PLATA,1,,48,MASCULINO,ALIENTO ETÍLICO,0,0,Morelia,La Quemada,julio,miércoles,0,-101.241137981415,19.7057383387453
16218,16218,2018,,2018/07/26,"00:00:00",COLISIÓN POR CORTE DE CIRCULACIÓN,ASFALTO,Bueno,Bueno,2,CHEVROLET,ROJO,2,,26,FEMENINO,SIN DATOS,0,0,Morelia,Nueva Valladolid,julio,jueves,0,-101.210587620735,19.7009304185707
16219,16219,2018,"180778038",2018/07/26,"00:00:00",COLISIÓN POR ALCANCE,CONCRETO,Bueno,Bueno,4,MERCEDES BENZ,GRIS,4,,22,MASCULINO,SIN DATOS,0,0,Morelia,Felix Ireta,julio,jueves,0,-101.191720962524,19.6825054544778
16220,16220,2018,"180781635",2018/07/26,"00:10:00",COLISIÓN POR CORTE DE CIRCULACIÓN,ASFALTO,Lluvioso,Regular,2,NISSAN,NEGRO,2,,0,MASCULINO,SIN DATOS,0,0,Morelia,Sin datos,julio,jueves,0,-101.279075145721,19.6766967066642
16221,16221,2018,"180728612",2018/07/26,"01:50:00",COLISIÓN CONTRA OBJETO FIJO,CONCRETO,Nublado,Regular,1,VOLKWAGEN,GRIS,1,,0,,SIN DATOS,0,0,Morelia,Vasco de Quiroga,julio,jueves,2,-101.167567670345,19.6974253941189
16222,16222,2018,,2018/07/26,"02:05:00",SALIDA DE SUPERFICIE DE RODAMIENTO,ASFALTO,Bueno,Bueno,1,FORD,PLATA,0,,,,,0,0,Santa Ana Maya,Sin datos,julio,jueves,2,-101.051044464111,20.033072195573
16223,16223,2018,"180778911",2018/07/26,10:30:00,COLISIÓN POR ALCANCE,CONCRETO,Bueno,Bueno,2,NISSAN,BLANCO/ROJO,1,MINISTERIO PÚBLICO,,,,1,0,Morelia,Ferrocarrilero,julio,jueves,11,-101.216397285461,19.6985238790618
16224,16224,2018,"180780098",2018/07/26,11:10:00,COLISIÓN POR MANIOBRA DE REVERSA,CONCRETO,Bueno,Bueno,2,CHEVROLET,CAFE,2,,0,MASCULINO,SIN DATOS,0,0,Morelia,Central de Abastos,julio,jueves,11,-101.171132326126,19.7178888037876
16225,16225,2018,"180774147",2018/07/26,11:37:00,COLISIÓN POR CORTE DE CIRCULACIÓN,ASFALTO,Bueno,Bueno,2,KTM,NARANJA,2,,52,MASCULINO,SIN DATOS,0,0,Morelia,Felix Ireta,julio,jueves,12,-101.180766820908,19.6862633495393
16226,16226,2018,"1807795533",2018/07/26,13:36:00,COLISIÓN POR CORTE DE CIRCULACIÓN,ASFALTO,Bueno,Bueno,2,SIN DATOS,SIN DATOS,2,,0,,SIN DATOS,0,0,Morelia,Ventura Puente,julio,jueves,14,-101.187998056412,19.6940213055403
16227,16227,2018,,2018/07/26,14:50:00,COLISIÓN POR CAMBIO DE CARRIL,ASFALTO,Bueno,Bueno,2,DODGE,NEGRO,2,,60,MASCULINO,SIN DATOS,0,0,Pátzcuaro,Nueva del Cristo,julio,jueves,15,-101.595296859741,19.5220967610251
16228,16228,2018,"180780151",2018/07/26,15:40:00,COLISIÓN POR INVASIÓN DE CARRIL,CONCRETO,Nublado,Regular,2,CHEVROLET,BLANCO,2,,51,MASCULINO,SIN DATOS,0,0,Morelia,Primo Tapia Oriente,julio,jueves,16,-101.159690022469,19.7148285492012
16229,16229,2018,"180780131",2018/07/26,15:50:00,COLISIÓN POR CORTE DE CIRCULACIÓN,CONCRETO,Nublado,Regular,2,SIN DATOS,SIN DATOS,2,,0,,SIN DATOS,0,0,Morelia,Elias Perez Avalos,julio,jueves,16,-101.168653964996,19.7127176463905
16230,16230,2018,"180180085",2018/07/26,15:51:00,COLISIÓN POR ALCANCE,ASFALTO,Bueno,Bueno,2,CHEVROLET,ROJO,2,,30,MASCULINO,SIN DATOS,0,0,Morelia,Melchor Ocampo,julio,jueves,16,-101.200593709946,19.70596055005
16231,16231,2018,,2018/07/26,17:00:00,COLISIÓN POR CORTE DE CIRCULACIÓN,ASFALTO,Nublado,Bueno,2,VOLKWAGEN,AZUL,2,,25,MASCULINO,SIN DATOS,0,0,Pátzcuaro,Lindavista,julio,jueves,17,-101.595211029053,19.521894519617
16232,16232,2018,,2018/07/26,17:58:00,COLISIÓN POR CORTE DE CIRCULACIÓN,ASFALTO,Bueno,Bueno,2,CHEVROLET,BLANCO,3,MINISTERIO PÚBLICO,59,FEMENINO,SIN DATOS,1,0,Zacapu,Centro,julio,jueves,18,-101.79141998291,19.8107996845113
16233,16233,2018,"180780597",2018/07/26,18:00:00,COLISIÓN POR ALCANCE,ASFALTO,Bueno,Bueno,2,NISSAN,BLANCO/ROJO,2,,0,MASCULINO,SIN DATOS,0,0,Morelia,Villas de La Esperanza,julio,jueves,18,-101.275169849396,19.6929606696778
16234,16234,2018,"180780871.",2018/07/26,19:05:00,COLISIÓN POR CAMBIO DE CARRIL,ASFALTO,Bueno,Bueno,2,KENWORTH,VERDE,2,,40,MASCULINO,SIN DATOS,0,0,Morelia,Dr Miguel Silva,julio,jueves,19,-101.188373565674,19.7130408486275
16235,16235,2018,"180780159",2018/07/26,19:40:00,COLISIÓN POR CORTE DE CIRCULACIÓN,CONCRETO,Bueno,Bueno,2,ITALIKA,ROJO,2,,41,MASCULINO,SIN DATOS,0,0,Morelia,Primo Tapia Oriente,julio,jueves,20,-101.161787509918,19.7162122359227
16236,16236,2018,"180781221",2018/07/26,20:59:00,COLISIÓN POR INVASIÓN DE CARRIL,ASFALTO,Bueno,Bueno,2,SEAT,GRIS,2,,29,MASCULINO,SIN DATOS,0,0,Morelia,Felix Ireta,julio,jueves,21,-101.191999912262,19.6824549445351
16237,16237,2018,"180781241",2018/07/26,21:19:00,COLISIÓN POR ALCANCE,ASFALTO,Bueno,Bueno,2,CHEVROLET,GRIS,2,,47,MASCULINO,SIN DATOS,0,0,Morelia,Santiaguito,julio,jueves,21,-101.188641786575,19.7198380443205
16238,16238,2018,"180781311",2018/07/26,21:30:00,COLISIÓN POR CORTE DE CIRCULACIÓN,ASFALTO,Bueno,Bueno,2,HONDA,GRIS,2,MINISTERIO PÚBLICO,29,MASCULINO,ALIENTO ETÍLICO,0,0,Morelia,Ventura Puente,julio,jueves,22,-101.190701723099,19.6930818855607
16239,16239,2018,"180781640",2018/07/26,23:54:00,VOLCADURA,ASFALTO,Bueno,Bueno,1,MITSUBISHI,ROJO,1,,38,MASCULINO,SIN DATOS,0,0,Morelia,Morelia 450,julio,jueves,0,-101.21754527092,19.6758380043368
16240,16240,2018,,2018/07/27,"00:48:00",COLISIÓN POR INVASIÓN DE CARRIL,ASFALTO,Lluvioso,Bueno,2,FORD,ROJO/GRIS,2,,44,MASCULINO,CON CERTIFICADO,0,0,Purépero,Centro,julio,viernes,1,-102.006087899208,19.9147022574322
16241,16241,2018,"180781811",2018/07/27,"01:40:00",SUBIDA AL CAMELLÓN,ASFALTO,Lluvioso,Bueno,1,NISSAN,BLANCO,1,,31,MASCULINO,SIN DATOS,0,0,Morelia,Villas Insurgentes,julio,viernes,2,-101.257638931274,19.6894327422144
16242,16242,2018,"180781928",2018/07/27,"03:45:00",COLISIÓN POR CORTE DE CIRCULACIÓN,ASFALTO,Bueno,Bueno,4,SIN DATOS,ROJO,3,MINISTERIO PÚBLICO,0,,SIN DATOS,1,0,Morelia,Jacarandas,julio,viernes,4,-101.211585402489,19.7090007737147
16243,16243,2018,,2018/07/27,"04:00:00",VOLCADURA,ASFALTO,Bueno,Bueno,2,KENWORTH,BLANCO,2,,32,MASCULINO,SIN DATOS,0,0,Morelia,Avicola Benito Juarez,julio,viernes,4,-101.27956867218,19.6915464775965
16244,16244,2018,,2018/07/27,"05:20:00",COLISIÓN POR CORTE DE CIRCULACIÓN,ASFALTO,Bueno,Bueno,1,TOYOTA,GRIS,1,MINISTERIO PÚBLICO,,,SIN DATOS,0,0,Tuxpan,Santa Ana,julio,viernes,5,-100.466966629028,19.5760457197442
16245,16245,2018,"180782210",2018/07/27,"08:40:00",COLISIÓN POR MANIOBRA DE REVERSA,ASFALTO,Bueno,Bueno,2,NISSAN,BLANCO,2,,38,MASCULINO,SIN DATOS,0,0,Morelia,Villas del Pedregal,julio,viernes,9,-101.308000087738,19.6796263623219
16246,16246,2018,"180682113",2018/07/27,"09:00:00",COLISIÓN POR CORTE DE CIRCULACIÓN,ASFALTO,Bueno,Bueno,2,VOLKSWAGEN,BLANCO/ROSA,2,,50,MASCULINO,SIN DATOS,0,0,Morelia,Lomas del Tecnologico,julio,viernes,9,-101.194467544556,19.7216862659804
16247,16247,2018,"180782253",2018/07/27,"09:00:00",COLISIÓN POR CORTE DE CIRCULACIÓN,ASFALTO,Bueno,Bueno,2,FORD,AZUL,1,,45,MASCULINO,SIN DATOS,0,0,Morelia,Villas de La Esperanza,julio,viernes,9,-101.276124715805,19.6925566160722
16248,16248,2018,"180782221",2018/07/27,"09:27:00",COLISIÓN POR MANIOBRA DE REVERSA,CONCRETO,Bueno,Bueno,2,CHRYSLER,ZAFIRO,2,,24,FEMENINO,SIN DATOS,0,0,Morelia,Molino de Parras,julio,viernes,9,-101.202583909035,19.698097112244
16249,16249,2018,"180782702",2018/07/27,11:15:00,COLISIÓN POR CORTE DE CIRCULACIÓN,ASFALTO,Bueno,Bueno,2,NISSAN,ROJO,2,,43,MASCULINO,SIN DATOS,0,0,Morelia,Isaac Arriaga,julio,viernes,11,-101.171443462372,19.7078594340637
16250,16250,2018,"180782820",2018/07/27,12:25:00,COLISIÓN POR CORTE DE CIRCULACIÓN,ASFALTO,Bueno,Bueno,2,SIN DATOS,SIN DATOS,1,,58,MASCULINO,SIN DATOS,0,0,Morelia,Pascual Ortiz de Ayala,julio,viernes,12,-101.149384975433,19.6949001127883
16251,16251,2018,"180782975",2018/07/27,12:30:00,COLISIÓN POR CAMBIO DE CARRIL,ASFALTO,Bueno,Bueno,2,DINA,BLANCO,2,,46,MASCULINO,SIN DATOS,0,0,Morelia,Felix Ireta,julio,viernes,13,-101.195808649063,19.6825155564645
16252,16252,2018,"180783218",2018/07/27,12:30:00,COLISIÓN POR CORTE DE CIRCULACIÓN,ASFALTO,Bueno,Bueno,1,SEAT,AMARILLO,0,,,,,0,0,Morelia,Chapultepec Oriente,julio,viernes,13,-101.159684658051,19.6924960079434
16253,16253,2018,"180783236",2018/07/27,13:25:00,COLISIÓN POR CORTE DE CIRCULACIÓN,ASFALTO,Bueno,Bueno,2,MAZDA,ROJO,2,,31,MASCULINO,SIN DATOS,0,0,Morelia,Tenencia Morelos,julio,viernes,13,-101.247296333313,19.6496201133816
16254,16254,2018,,2018/07/27,14:30:00,COLISIÓN POR CORTE DE CIRCULACIÓN,ASFALTO,Bueno,Bueno,2,CHEVROLET,BLANCO,1,,0,,SIN DATOS,0,0,Tangancícuaro,Sector 2,julio,viernes,15,-102.202892303467,19.9005693752241
16255,16255,2018,,2018/07/27,16:00:00,VOLCADURA,TERRACERIA,Bueno,Bueno,1,HYUNDAI,AMARILLO,1,,67,MASCULINO,SIN DATOS,0,0,Morelia,Sin datos,julio,viernes,16,-101.277294158936,19.6276321745225
16256,16256,2018,"180784103",2018/07/27,17:30:00,COLISIÓN POR ALCANCE,ASFALTO,Bueno,Bueno,2,DINA,BLANCO,2,,48,MASCULINO,SIN DATOS,0,0,Morelia,Lomas de Morelia (Dr Ignacio Chavez),julio,viernes,18,-101.176373362541,19.718176646502
16257,16257,2018,"180784077",2018/07/27,17:40:00,COLISIÓN POR CORTE DE CIRCULACIÓN,ASFALTO,Bueno,Bueno,2,YAMAHA,BLANCO,2,,28,MASCULINO,SIN DATOS,0,0,Morelia,Industrial,julio,viernes,18,-101.197932958603,19.7079503375203
16258,16258,2018,"180784532",2018/07/27,19:30:00,COLISIÓN CON PEATÓN,CONCRETO,Bueno,Bueno,1,DODGE,BLANCO,2,,18,MASCULINO,SIN DATOS,1,0,Morelia,Pascual Ortiz de Ayala,julio,viernes,20,-101.15162730217,19.6956930554173
16259,16259,2018,"180784698",2018/07/27,19:30:00,COLISIÓN POR ALCANCE,ASFALTO,Bueno,Bueno,2,VOLKSWAGEN,PLATA,2,,36,FEMENINO,SIN DATOS,0,0,Morelia,Solidaridad,julio,viernes,20,-101.207674741745,19.726200684763
16260,16260,2018,"180783230",2018/07/27,19:35:00,COLISIÓN POR CORTE DE CIRCULACIÓN,ASFALTO,Bueno,Bueno,2,NISSAN,BLANCO/VERDE,2,,23,MASCULINO,SIN DATOS,0,0,Morelia,Agustin Arriaga Rivera,julio,viernes,20,-101.224519014359,19.6911525218634
16261,16261,2018,"180784656",2018/07/27,20:30:00,COLISIÓN POR MANIOBRA DE REVERSA,CONCRETO,Bueno,Bueno,2,FORD,BLANCO,2,,30,MASCULINO,SIN DATOS,0,0,Morelia,Barrio Alto,julio,viernes,21,-101.197085380554,19.7250998650945
16262,16262,2018,,2018/07/27,21:10:00,COLISIÓN POR INVASIÓN DE CARRIL,ASFALTO,Bueno,Bueno,2,NISSAN,BLANCO,2,MINISTERIO PÚBLICO,0,MASCULINO,SIN DATOS,1,0,Tacámbaro,Sin Nombre,julio,viernes,21,-101.457152366638,19.230162269048
16263,16263,2018,,2018/07/27,23:35:00,COLISIÓN POR CORTE DE CIRCULACIÓN,TERRACERIA,Bueno,Bueno,1,FORD,AZUL,1,,18,MASCULINO,SIN DATOS,0,0,Hidalgo,Sin datos,julio,viernes,0,-100.649871826172,19.6802526955458
16264,16264,2018,"180785714",2018/07/28,"05:45:00",COLISIÓN POR ALCANCE,ASFALTO,Bueno,Bueno,1,NISSAN,BLANCO/ROJO,1,,32,MASCULINO,SIN DATOS,0,0,Morelia,Campestre Los Manantiales,julio,sábado,6,-101.238241195679,19.6880715525677
16265,16265,2018,,2018/07/28,"08:00:00",COLISIÓN POR ALCANCE,ASFALTO,Bueno,Bueno,2,NISSAN,BCO/AZUL,5,MINISTERIO PÚBLICO,43,,SIN DATOS,3,0,Ario,Sin datos,julio,sábado,8,-101.72215461731,19.2102653508124
16266,16266,2018,,2018/07/28,"09:56:00",CAIDA DE MOTOCICLETA,ASFALTO,Bueno,Bueno,1,DINAMO,NARANJA/NEGRO,1,,35,MASCULINO,SIN DATOS,0,0,Morelia,Tzindurio de Morelos,julio,sábado,10,-101.245858669281,19.6996880123465
16267,16267,2018,,2018/07/28,10:00:00,COLISIÓN POR ALCANCE,ASFALTO,Bueno,Bueno,2,TOYOTA,BLANCO/GRIS,2,,45,MASCULINO,SIN DATOS,0,0,Morelia,La Quemada,julio,sábado,10,-101.240526437759,19.7025667437563
16268,16268,2018,"180786182",2018/07/28,11:50:00,COLISIÓN POR MANIOBRA DE REVERSA,ADOQUIN_EMPEDRADO,Nublado,Bueno,2,FORD,BLANCO,2,,26,MASCULINO,SIN DATOS,0,0,Morelia,Lomas de Morelia (Dr Ignacio Chavez),julio,sábado,12,-101.175582110882,19.7158031910949
16269,16269,2018,,2018/07/28,14:20:00,COLISIÓN POR CAMBIO DE CARRIL,ASFALTO,Bueno,Bueno,2,ISUZU,BLANCO,2,MINISTERIO PÚBLICO,32,MASCULINO,SIN DATOS,0,0,Morelia,La Hacienda,julio,sábado,14,-101.314957737923,19.6869300636467
16270,16270,2018,"180787032",2018/07/28,14:30:00,COLISIÓN CON PEATÓN,ASFALTO,Bueno,Bueno,2,NISSAN,PLATA,2,,,MASCULINO,SIN DATOS,0,0,Morelia,Fuentes de Valladolid,julio,sábado,15,-101.222523450851,19.6705341526849
16271,16271,2018,,2018/07/28,14:57:00,COLISIÓN POR NO RESPETAR SEMÁFORO,ASFALTO,Bueno,Bueno,2,NISSAN,AZUL,2,,58,MASCULINO,SIN DATOS,0,0,Morelia,Centro,julio,sábado,15,-101.191549301147,19.7030414769438
16272,16272,2018,"180785381",2018/07/28,16:00:00,COLISIÓN POR NO RESPETAR SEMÁFORO,ASFALTO,Bueno,Bueno,2,CHEVROLET,CAFE,2,,40,MASCULINO,SIN DATOS,0,0,Morelia,Avicola Benito Juarez,julio,sábado,16,-101.279525756836,19.6915464775965
16273,16273,2018,"18077356",2018/07/28,16:22:00,COLISIÓN POR CORTE DE CIRCULACIÓN,ASFALTO,Bueno,Bueno,2,TOYOTA,NEGRO,2,,41,MASCULINO,SIN DATOS,0,0,Morelia,Elias Perez Avalos,julio,sábado,16,-101.165864467621,19.7103542101788
16274,16274,2018,,2018/07/28,17:35:00,COLISIÓN CONTRA OBJETO FIJO,ASFALTO,Bueno,Bueno,2,HONDA,PLATA,2,MINISTERIO PÚBLICO,,MASCULINO,SIN DATOS,0,0,Morelia,Villas del Real,julio,sábado,18,-101.199188232422,19.7327423259259
16275,16275,2018,,2018/07/28,18:40:00,COLISIÓN POR CORTE DE CIRCULACIÓN,ASFALTO,Bueno,Bueno,2,VENTO,ROJO,3,MINISTERIO PÚBLICO,,MASCULINO,SIN DATOS,1,0,Morelia,Villa Magna,julio,sábado,19,-101.327086687088,19.682929737368
16276,16276,2018,,2018/07/28,20:00:00,COLISIÓN POR ALCANCE,ASFALTO,Bueno,Bueno,3,MITSUBISHI,AZUL,3,MINISTERIO PÚBLICO,,MASCULINO,SIN DATOS,0,0,Morelia,Sin datos,julio,sábado,20,-101.314973831177,19.6871017925884
16277,16277,2018,"004115155",2018/07/28,21:00:00,COLISIÓN POR CORTE DE CIRCULACIÓN,ASFALTO,Bueno,Bueno,2,JEEP,VERDE,2,,41,MASCULINO,SIN DATOS,0,0,Lázaro Cárdenas,Lomas del Rio (Unidad 512 5To Sector),julio,sábado,21,-102.222708463669,17.9706811990674
16278,16278,2018,"180788377",2018/07/28,21:15:00,COLISIÓN CONTRA OBJETO FIJO,ASFALTO,Bueno,Bueno,1,HONDA,ROJO,1,,20,MASCULINO,SIN DATOS,0,0,Morelia,Jacarandas,julio,sábado,21,-101.209369897842,19.7084452554329
16279,16279,2018,,2018/07/28,21:30:00,COLISIÓN CONTRA OBJETO FIJO,ASFALTO,Bueno,Regular,1,KENWORTH,BLANCO,1,,42,MASCULINO,ALIENTO ETÍLICO,0,0,Los Reyes,Sin datos,julio,sábado,22,-102.482142448425,19.6039836980478
16280,16280,2018,"180788394",2018/07/28,21:50:00,CAIDA DE MOTOCICLETA,ASFALTO,Bueno,Bueno,1,ITALIKA,BLANCO,2,MINISTERIO PÚBLICO,,,SIN DATOS,1,0,Morelia,Sin datos,julio,sábado,22,-101.188995838165,19.5839909492478