fid,id_accidente,anio_origen,folio_c5i,dia_incidente,hora_ocurrencia,tipo_incidente_vial,superficie_ocurrencia,condiciones_climaticas,condiciones_via,numero_vehiculos_involucrados,marca_vehiculo_ocasiona_siniestro,color_vehiculo_ocasiona_siniestro,numero_personas_involucradas,lugar_remite_presunto_responsable,edad_presunto_responsable,sexo_presunto_responsable,resultados_toxicologia,numero_personas_lesionadas,numero_personas_fallecidas,municipio,colonia,mes,dia_semana,hora_redondeada,lon,lat
16281,16281,2018,"180788468",2018/07/28,22:00:00,VOLCADURA,ASFALTO,Bueno,Bueno,1,NISSAN,GRIS,0,,,,,0,0,Morelia,Tanganxoan (Guadalupe Victoria),julio,sábado,22,-101.285426616669,19.690314100025
16282,16282,2018,"180788643",2018/07/28,22:30:00,COLISIÓN POR INVASIÓN DE CARRIL,ASFALTO,Bueno,Bueno,3,FORD,CAFE,2,,,MASCULINO,SIN DATOS,0,0,Morelia,Tierra Y Libertad,julio,sábado,23,-101.22326374054,19.716197086133
16283,16283,2018,,2018/07/29,"01:10:00",COLISIÓN POR CORTE DE CIRCULACIÓN,CONCRETO,Bueno,Bueno,2,GMC,ROJO,2,MINISTERIO PÚBLICO,,,,2,0,Morelia,La Quemada,julio,domingo,1,-101.250643730164,19.6852935786099
16284,16284,2018,,2018/07/29,"05:30:00",COLISIÓN CONTRA OBJETO FIJO,ASFALTO,Bueno,Bueno,1,CHEVROLET,ROJO,0,,,,,0,0,Coalcomán de Vázquez Pallares,Centro,julio,domingo,6,-103.159608,18.776821
16285,16285,2018,"180784768",2018/07/29,"06:20:00",SALIDA DE SUPERFICIE DE RODAMIENTO,CONCRETO,Bueno,Bueno,1,NISSAN,AZUL,1,,30,MASCULINO,SIN DATOS,0,0,Morelia,Sin datos,julio,domingo,6,-101.180970668793,19.7475692222797
16286,16286,2018,,2018/07/29,"06:45:00",COLISIÓN POR CORTE DE CIRCULACIÓN,CONCRETO,Bueno,Bueno,2,FORD,AZUL,2,MINISTERIO PÚBLICO,0,MASCULINO,SIN DATOS,1,0,Morelia,Los Angeles,julio,domingo,7,-101.176705956459,19.7413336614561
16287,16287,2018,1/0789420,2018/07/29,"07:50:00",CAIDA DE MOTOCICLETA,CONCRETO,Bueno,Bueno,1,ITALIKA,NARANJA,1,,0,,SIN DATOS,0,0,Morelia,Ejidal Tres Puentes,julio,domingo,8,-101.231274157763,19.6937700364891
16288,16288,2018,,2018/07/29,"08:00:00",COLISIÓN POR CORTE DE CIRCULACIÓN,ASFALTO,Bueno,Bueno,1,SUZUKI,VERDE,1,,24,MASCULINO,ALIENTO ETÍLICO,0,0,Morelia,Tres Puentes,julio,domingo,8,-101.212567090988,19.7072433092744
16289,16289,2018,"180789454",2018/07/29,"08:20:00",CAIDA ACUATICA DE VEHÍCULO,ASFALTO,Bueno,Bueno,1,CHEVROLET,GRIS,1,,27,MASCULINO,SIN DATOS,0,0,Morelia,Industrial,julio,domingo,8,-101.200464963913,19.7093340837576
16290,16290,2018,"180789500",2018/07/29,"08:50:00",COLISIÓN POR CORTE DE CIRCULACIÓN,ASFALTO,Bueno,Bueno,1,GNC,BLANCO,1,,0,,SIN DATOS,0,0,Morelia,Leandro Valle,julio,domingo,9,-101.23055934906,19.7159294396102
16291,16291,2018,"180789604",2018/07/29,"09:50:00",COLISIÓN POR ALCANCE,ASFALTO,Bueno,Bueno,2,FORD,AZUL,2,,57,MASCULINO,SIN DATOS,0,0,Morelia,Sentimientos de La Nacion,julio,domingo,10,-101.235258579254,19.6812123949285
16292,16292,2018,,2018/07/29,10:10:00,COLISIÓN CONTRA OBJETO FIJO,ASFALTO,Bueno,Bueno,1,TOYOTA,BLANCO,0,MINISTERIO PÚBLICO,,,,0,0,Tacámbaro,Cerro Hueco,julio,domingo,10,-101.45848274231,19.2197480929453
16293,16293,2018,,2018/07/29,11:40:00,COLISIÓN POR ALCANCE,ASFALTO,Bueno,Bueno,2,NISSAN,AZUL,2,,58,MASCULINO,SIN DATOS,0,0,Morelia,Nueva Valladolid,julio,domingo,12,-101.207642555237,19.7016980793835
16294,16294,2018,,2018/07/29,11:40:00,COLISIÓN POR CORTE DE CIRCULACIÓN,ASFALTO,Bueno,Regular,2,TOYOTA,GRIS,2,,42,FEMENINO,SIN DATOS,0,0,Apatzingán,Benito Juarez,julio,domingo,12,-102.351486682892,19.0898296101045
16295,16295,2018,"180790006",2018/07/29,13:00:00,COLISIÓN CONTRA OBJETO FIJO,ASFALTO,Bueno,Bueno,1,VOLKSWAGEN,ROJO,1,,63,MASCULINO,ALIENTO ETÍLICO,0,0,Morelia,Jose Trinidad Guido,julio,domingo,13,-101.188249666643,19.6695244781951
16296,16296,2018,,2018/07/29,15:45:00,COLISIÓN POR ALCANCE,ASFALTO,Bueno,Bueno,2,NISSAN,BLANCO,2,,30,MASCULINO,SIN DATOS,0,0,Morelia,Los Manantiales de Morelia,julio,domingo,16,-101.241438388824,19.695586993255
16297,16297,2018,"180790751",2018/07/29,16:30:00,COLISIÓN POR ALCANCE,ASFALTO,Bueno,Bueno,3,NISSAN,PLATA,4,MINISTERIO PÚBLICO,42,MASCULINO,SIN DATOS,1,0,Morelia,Josefa Ortiz de Dominguez,julio,domingo,17,-101.210517883301,19.7261299901498
16298,16298,2018,"180790887",2018/07/29,16:36:00,COLISIÓN POR ALCANCE,CONCRETO,Bueno,Bueno,2,CHRYSLER,ROJO,2,,74,MASCULINO,SIN DATOS,0,0,Morelia,Centro,julio,domingo,17,-101.186549663544,19.7046777805392
16299,16299,2018,"180792000",2018/07/29,17:30:00,COLISIÓN POR CORTE DE CIRCULACIÓN,ASFALTO,Bueno,Bueno,2,SIN DATOS,SIN DATOS,1,,0,MASCULINO,SIN DATOS,0,0,Morelia,Colinas del Sur,julio,domingo,18,-101.201140880585,19.6670113752354
16300,16300,2018,,2018/07/29,19:50:00,COLISIÓN POR ALCANCE,ASFALTO,Bueno,Bueno,3,FORD,GRIS,4,MINISTERIO PÚBLICO,21,MASCULINO,CON CERTIFICADO,1,0,Lázaro Cárdenas,Centro,julio,domingo,20,-102.192142009735,17.9539537163831
16301,16301,2018,"180791741",2018/07/29,21:15:00,COLISIÓN POR INVASIÓN DE CARRIL,ASFALTO,Bueno,Bueno,2,VOLKSWAGEN,ROJO,2,MINISTERIO PÚBLICO,0,FEMENINO,SIN DATOS,0,0,Morelia,Ventura Puente,julio,domingo,21,-101.188285723329,19.6929038497012
16302,16302,2018,"18072101",2018/07/29,22:25:00,COLISIÓN POR ALCANCE,ASFALTO,Nublado,Bueno,2,CHEVROLET,PLATA,2,,42,MASCULINO,SIN DATOS,0,0,Morelia,Jardines de Torremolinos,julio,domingo,22,-101.225752830505,19.6771816188865
16305,16305,2018,"180792285",2018/07/30,"00:00:00",COLISIÓN POR ALCANCE,ASFALTO,Lluvioso,Malo,2,CHEVROLET,GRIS,2,,72,MASCULINO,SIN DATOS,0,0,Morelia,Libertad,julio,lunes,0,-101.236921548843,19.6848693019817
16306,16306,2018,,2018/07/30,"00:00:00",COLISIÓN POR CORTE DE CIRCULACIÓN,SIN_DATOS,Bueno,Bueno,1,SIN DATOS,BLANCO,1,,0,,SIN DATOS,0,0,Morelia,Tlalpujahua,julio,lunes,0,-101.218457221985,19.6765148642025
16307,16307,2018,,2018/07/30,"02:45:00",SALIDA DE SUPERFICIE DE RODAMIENTO,ASFALTO,Bueno,Regular,1,KENWORTH,ROJO,1,,,MASCULINO,SIN DATOS,0,0,Los Reyes,Heroe de Nacozari,julio,lunes,3,-102.477807998657,19.5872457519819
16308,16308,2018,"180792461",2018/07/30,"03:10:00",VOLCADURA,TERRACERIA,Nublado,Regular,1,CHEVROLET,VERDE,1,,42,MASCULINO,SIN DATOS,0,0,Morelia,Tenencia Morelos,julio,lunes,3,-101.247296333313,19.6494382402108
16309,16309,2018,"180792415",2018/07/30,"03:20:00",CAIDA ACUATICA DE VEHÍCULO,CONCRETO,Bueno,Bueno,1,PONTIAC,ROJO,1,,39,MASCULINO,SIN DATOS,0,0,Morelia,El Eden,julio,lunes,3,-101.247661113739,19.648933035877
16310,16310,2018,"180792474",2018/07/30,"03:40:00",COLISIÓN POR CAMBIO DE CARRIL,ASFALTO,Bueno,Bueno,2,DINA,GUINDA,2,,65,MASCULINO,SIN DATOS,0,0,Morelia,Ignacio Zaragoza,julio,lunes,4,-101.201720237732,19.7251200636888
16311,16311,2018,"180793721",2018/07/30,13:20:00,COLISIÓN POR ALCANCE,ASFALTO,Bueno,Bueno,2,NISSAN,BLANCO/ROJO,2,MINISTERIO PÚBLICO,47,MASCULINO,SIN DATOS,0,0,Morelia,Fuentes de Valladolid,julio,lunes,13,-101.221761703491,19.6723728411357
16312,16312,2018,"180793723",2018/07/30,13:25:00,COLISIÓN POR ALCANCE,ASFALTO,Bueno,Bueno,3,NISSAN,BLANCO,3,,22,MASCULINO,SIN DATOS,0,0,Morelia,Enrique Arreguin Robles,julio,lunes,13,-101.180047988892,19.7205551164635
16313,16313,2018,"180793762",2018/07/30,14:20:00,COLISIÓN POR CAMBIO DE CARRIL,ASFALTO,Bueno,Bueno,2,NISSAN,BLANCO,2,,26,FEMENINO,SIN DATOS,0,0,Morelia,Torreon Nuevo,julio,lunes,14,-101.204423904419,19.7478772072302
16314,16314,2018,"180793689",2018/07/30,14:30:00,COLISIÓN POR CORTE DE CIRCULACIÓN,ASFALTO,Bueno,Bueno,2,HONDA,BLANCO,2,,44,MASCULINO,SIN DATOS,0,0,Morelia,Chapultepec Norte,julio,lunes,15,-101.176936626434,19.6931980506956
16315,16315,2018,,2018/07/30,14:49:00,COLISIÓN POR MANIOBRA DE REVERSA,ASFALTO,Bueno,Bueno,2,ACASA,AZUL,2,,32,MASCULINO,SIN DATOS,0,0,Morelia,Ciudad Industrial,julio,lunes,15,-101.146295070648,19.7288668587707
16316,16316,2018,"180794543",2018/07/30,17:10:00,COLISIÓN POR CORTE DE CIRCULACIÓN,ASFALTO,Bueno,Bueno,2,VOLKSWAGEN,GRIS,2,,29,MASCULINO,SIN DATOS,0,0,Morelia,Felix Ireta,julio,lunes,17,-101.19167804718,19.6826165762958
16317,16317,2018,,2018/07/30,18:00:00,COLISIÓN POR CORTE DE CIRCULACIÓN,ASFALTO,Bueno,Bueno,2,VOLKSWAGEN,BLANCO,2,,38,MASCULINO,SIN DATOS,0,0,Morelia,Felix Ireta,julio,lunes,18,-101.180262565613,19.6880513492947
16318,16318,2018,,2018/07/30,19:50:00,COLISIÓN CONTRA OBJETO FIJO,ASFALTO,Bueno,Bueno,1,NISSAN,PLATA,1,,28,MASCULINO,SIN DATOS,0,0,Huandacareo,Centro,julio,lunes,20,-101.28523349762,19.9886749819325
16319,16319,2018,"180795154",2018/07/30,21:15:00,COLISIÓN POR INVASIÓN DE CARRIL,ASFALTO,Bueno,Bueno,2,CHEVROLET,"1987",3,,35,MASCULINO,SIN DATOS,1,0,Morelia,Emiliano Zapata,julio,lunes,21,-101.23055934906,19.6543285359391
16320,16320,2018,"180796002",2018/07/31,"00:00:00",COLISIÓN CON PEATÓN,ASFALTO,Bueno,Bueno,1,VELACIO,VERDE,2,MINISTERIO PÚBLICO,60,MASCULINO,SIN DATOS,1,0,Morelia,El Eden,julio,martes,0,-101.247639656067,19.648852203036
16321,16321,2018,"180796220",2018/07/31,"00:00:00",COLISIÓN POR ALCANCE,ASFALTO,Bueno,Bueno,2,HONDA,AZUL,2,,24,MASCULINO,SIN DATOS,0,0,Morelia,Felix Ireta,julio,martes,0,-101.195755004883,19.6816669873661
16322,16322,2018,,2018/07/31,"00:10:00",COLISIÓN POR INVASIÓN DE CARRIL,SIN_DATOS,Bueno,Bueno,2,FORD,BLANCO,0,,,,,0,0,Tangancícuaro,Sector 2,julio,martes,0,-102.202591896057,19.898713142739
16323,16323,2018,"180781714",2018/07/31,"01:06:00",COLISIÓN POR CORTE DE CIRCULACIÓN,CONCRETO,Bueno,Bueno,2,VOLKSWAGEN,BLANCO,2,,24,MASCULINO,ALIENTO ETÍLICO,0,0,Morelia,Loma Bonita,julio,martes,1,-101.196495294571,19.7229386007505
16324,16324,2018,,2018/07/31,"07:15:00",COLISIÓN POR ALCANCE,ASFALTO,Bueno,Bueno,2,sd,sd,2,MINISTERIO PÚBLICO,,,,0,2,Jacona,Nueva España,julio,martes,7,-102.300310134888,19.9549553842314
16325,16325,2018,"180746213",2018/07/31,10:00:00,COLISIÓN POR CORTE DE CIRCULACIÓN,CONCRETO,Bueno,Bueno,2,ITALIKA,VERDE,4,,20,MASCULINO,SIN DATOS,2,0,Morelia,Centro,julio,martes,10,-101.179897785187,19.7028697651024
16326,16326,2018,,2018/07/31,12:30:00,COLISIÓN CON PEATÓN,SIN_DATOS,Bueno,Bueno,2,CHEVROLET,BLANCO,2,,33,MASCULINO,SIN DATOS,0,0,Morelia,Felix Ireta,julio,martes,13,-101.191956996918,19.6825357604358
16327,16327,2018,,2018/07/31,12:45:00,COLISIÓN POR MANIOBRA DE REVERSA,TERRACERIA,Bueno,Bueno,1,NISSAN,BLANCO,4,MINISTERIO PÚBLICO,,,SIN DATOS,2,0,Sahuayo,El Crucero,julio,martes,13,-102.71598815918,20.0801574381818
16328,16328,2018,"180796917",2018/07/31,12:55:00,COLISIÓN POR ALCANCE,ASFALTO,Bueno,Bueno,2,CHEVROLET,BLANCO,2,,55,MASCULINO,SIN DATOS,0,0,Morelia,Felix Ireta,julio,martes,13,-101.192150115967,19.6823943325828
16330,16330,2018,"798165",2018/07/31,17:00:00,COLISIÓN POR CAMBIO DE CARRIL,ASFALTO,Bueno,Bueno,2,JEEP,BLANCO,2,,29,MASCULINO,SIN DATOS,0,0,Morelia,Cinco de Diciembre,julio,martes,17,-101.165671348572,19.6844955335447
16331,16331,2018,"180798102",2018/07/31,17:15:00,COLISIÓN POR ALCANCE,ASFALTO,Bueno,Bueno,3,TOYOTA,BLANCO,3,,30,FEMENINO,SIN DATOS,0,0,Morelia,Arcos del Valle,julio,martes,17,-101.236245632172,19.7076675265969
16332,16332,2018,,2018/07/31,17:20:00,COLISIÓN POR CORTE DE CIRCULACIÓN,CONCRETO,Bueno,Bueno,2,SIN DATOS,SIN DATOS,2,,,,SIN DATOS,0,0,Morelia,Centro,julio,martes,17,-101.200148463249,19.7046626296568
16333,16333,2018,"180797899",2018/07/31,17:35:00,SALIDA DE SUPERFICIE DE RODAMIENTO,TERRACERIA,Bueno,Regular,1,VOLKSWAGEN,PLATINO,1,,31,MASCULINO,ALIENTO ETÍLICO,0,0,Morelia,Campestre Los Manantiales,julio,martes,18,-101.235998868942,19.6926273255268
16334,16334,2018,"180798009",2018/07/31,17:50:00,COLISIÓN CONTRA OBJETO FIJO,CONCRETO,Bueno,Bueno,1,HONDA,BLANCO/ROJO,2,,15,MASCULINO,SIN DATOS,1,0,Morelia,Jesus del Monte,julio,martes,18,-101.155564785004,19.6495796971392
16335,16335,2018,"180798020",2018/07/31,18:02:00,COLISIÓN POR CORTE DE CIRCULACIÓN,CONCRETO,Bueno,Bueno,1,VOLKSWAGEN,GUINDA,0,,,,,0,0,Morelia,Libertad,julio,martes,18,-101.233198642731,19.6866573173019
16336,16336,2018,"180794740",2018/07/31,18:50:00,CAIDA DE MOTOCICLETA,ASFALTO,Bueno,Bueno,1,ITALIKA,ROJO,1,,26,MASCULINO,SIN DATOS,0,0,Morelia,Ampliacion La Soledad,julio,martes,19,-101.180648803711,19.7376225035779
16337,16337,2018,"180798457",2018/07/31,19:00:00,COLISIÓN POR CORTE DE CIRCULACIÓN,ASFALTO,Bueno,Bueno,2,MERCEDEZ BENZ,GRIS,2,,29,MASCULINO,SIN DATOS,0,0,Morelia,Pascual Ortiz de Ayala,julio,martes,19,-101.14955663681,19.6949001127883
16338,16338,2018,,2018/07/31,20:30:00,COLISIÓN POR ALCANCE,ASFALTO,Bueno,Bueno,2,RENAULT,GRIS,2,,22,MASCULINO,SIN DATOS,0,0,Morelia,Lazaro Cardenas,julio,martes,21,-101.164319515228,19.70879876729
16339,16339,2018,"180798864",2018/07/31,21:00:00,COLISIÓN CON PEATÓN,ASFALTO,Bueno,Bueno,1,FORD,BLANCO,2,,21,MASCULINO,SIN DATOS,1,0,Morelia,Ventura Puente,julio,martes,21,-101.191281080246,19.6924859065864
16340,16340,2018,,2018/08/01,"01:00:00",COLISIÓN POR CORTE DE CIRCULACIÓN,ASFALTO,Bueno,Bueno,2,CHEVROLET,BLANCO,1,,,,SIN DATOS,0,0,Morelia,Comision Federal de Electricidad,agosto,miércoles,1,-101.181271076202,19.681586171027
16341,16341,2018,"180799410",2018/08/01,"02:10:00",COLISIÓN POR ALCANCE,ASFALTO,Bueno,Bueno,1,NISSAN,BLANCO,1,,,MASCULINO,ALIENTO ETÍLICO,0,0,Morelia,Centro,agosto,miércoles,2,-101.195282936096,19.6969607453452
16342,16342,2018,"180799461",2018/08/01,"03:00:00",COLISIÓN POR ALCANCE,ASFALTO,Bueno,Bueno,2,NISSAN,BLANCO,2,,32,MASCULINO,SIN DATOS,0,0,Morelia,Granjas del Maestro,agosto,miércoles,3,-101.192469362885,19.7160865394122
16343,16343,2018,"180799494",2018/08/01,"04:40:00",COLISIÓN CONTRA OBJETO FIJO,CONCRETO,Bueno,Bueno,1,CARABELA,NEGRO,1,,24,MASCULINO,ALIENTO ETÍLICO,0,0,Morelia,Agustin Arriaga Rivera,agosto,miércoles,5,-101.22579574585,19.6901827805442
16344,16344,2018,,2018/08/01,"08:37:00",COLISIÓN POR CORTE DE CIRCULACIÓN,CONCRETO,Nublado,Bueno,1,NISSAN,BLANCO,1,,50,MASCULINO,SIN DATOS,0,0,Morelia,Lomas del Tecnologico,agosto,miércoles,9,-101.193137168884,19.7234839692767
16345,16345,2018,"180801318",2018/08/01,11:11:00,COLISIÓN POR CORTE DE CIRCULACIÓN,CONCRETO,Bueno,Bueno,2,BAJAJ,NEGRO Y AZUL,2,,26,MASCULINO,SIN DATOS,0,0,Morelia,Vasco de Quiroga,agosto,miércoles,11,-101.167323589325,19.698849635216
16346,16346,2018,"180800242",2018/08/01,12:00:00,COLISIÓN POR ALCANCE,ASFALTO,Bueno,Bueno,2,VOLKSWAGEN,PLATA,2,,47,MASCULINO,SIN DATOS,0,0,Morelia,Lomas de Huerta,agosto,miércoles,12,-101.214283704758,19.6743832510688
16347,16347,2018,,2018/08/01,13:20:00,COLISIÓN POR INVASIÓN DE CARRIL,ASFALTO,Nublado,Bueno,2,JEEP,NEGRO,4,,48,MASCULINO,SIN DATOS,2,0,Apatzingán,22 de Octubre,agosto,miércoles,13,-102.34389603138,19.0931145568029
16348,16348,2018,"180800926",2018/08/01,15:00:00,COLISIÓN POR CORTE DE CIRCULACIÓN,ASFALTO,Bueno,Bueno,2,NISSAN,GRIS,2,,50,MASCULINO,SIN DATOS,0,0,Morelia,Indeco Santiaguito,agosto,miércoles,15,-101.178814172745,19.7202369792196
16349,16349,2018,,2018/08/01,16:20:00,COLISIÓN POR CORTE DE CIRCULACIÓN,ASFALTO,Bueno,Bueno,2,BAJAJ,BLANCO,2,,24,MASCULINO,SIN DATOS,0,0,Morelia,Sin datos,agosto,miércoles,16,-101.090121615035,19.6404664316103
16350,16350,2018,"180801320",2018/08/01,16:41:00,COLISIÓN POR CORTE DE CIRCULACIÓN,ASFALTO,Bueno,Bueno,2,SUZUKI,ROJO,2,,38,MASCULINO,SIN DATOS,0,0,Morelia,Camelinas,agosto,miércoles,17,-101.17112159729,19.6821518845442
16351,16351,2018,"180801979",2018/08/01,19:40:00,COLISIÓN POR INVASIÓN DE CARRIL,CONCRETO,Bueno,Bueno,2,FORD,BLANCO,2,,38,MASCULINO,SIN DATOS,0,0,Morelia,La Huerta,agosto,miércoles,20,-101.214779913425,19.6737076450167
16352,16352,2018,"180802066",2018/08/01,20:09:00,COLISIÓN POR CORTE DE CIRCULACIÓN,ASFALTO,Bueno,Bueno,2,NISSAN,ROJO,2,,,FEMENINO,SIN DATOS,0,0,Morelia,Cruz del Barreno,agosto,miércoles,20,-101.208275556564,19.7224033298318
16353,16353,2018,"180802605",2018/08/01,22:30:00,SALIDA DE SUPERFICIE DE RODAMIENTO,CONCRETO,Bueno,Bueno,1,CHRYSLER,ROJO,1,,52,MASCULINO,ALIENTO ETÍLICO,0,0,Morelia,Loma Real,agosto,miércoles,23,-101.197589635849,19.7314168509958
16354,16354,2018,,2018/08/01,23:30:00,VOLCADURA,SIN_DATOS,Bueno,Bueno,1,CHEVROLET,GUINDA,1,,25,MASCULINO,SIN DATOS,0,0,Morelia,Torreon Nuevo,agosto,miércoles,0,-101.202750205994,19.7448932624504
16355,16355,2018,"180802910",2018/08/02,"04:10:00",COLISIÓN CONTRA OBJETO FIJO,ASFALTO,Bueno,Bueno,1,NISSAN,BLANCO,1,,27,MASCULINO,ALIENTO ETÍLICO,0,0,Morelia,Hospitales de Don Vasco,agosto,jueves,4,-101.155462861061,19.7011021324933
16356,16356,2018,"180802469",2018/08/02,"06:20:00",SUBIDA AL CAMELLÓN,ASFALTO,Bueno,Bueno,1,RENAULT,GRIS,1,,23,MASCULINO,ALIENTO ETÍLICO,0,0,Morelia,La Quemada,agosto,jueves,6,-101.241255998611,19.7057130874412
16357,16357,2018,"180803016",2018/08/02,"07:30:00",COLISIÓN POR NO RESPETAR SEMÁFORO,ASFALTO,Bueno,Bueno,2,CHRYSLER,VERDE,2,,53,FEMENINO,SIN DATOS,0,0,Morelia,Bosques de Oriente,agosto,jueves,8,-101.155393123627,19.7157476417166
16359,16359,2018,,2018/08/02,"08:30:00",COLISIÓN POR CORTE DE CIRCULACIÓN,ASFALTO,Bueno,Bueno,2,ITALIKA,NEGRO,2,MINISTERIO PÚBLICO,,,SIN DATOS,0,0,Tuxpan,Tuxpan,agosto,jueves,9,-100.464842319489,19.5663461457679
16360,16360,2018,"180805197",2018/08/02,"09:15:00",COLISIÓN CONTRA OBJETO FIJO,ASFALTO,Bueno,Bueno,1,MITSUBISHI,ROJO,1,,27,MASCULINO,SIN DATOS,0,0,Morelia,Puerta Tres Marias Norte,agosto,jueves,9,-101.14236831665,19.6929404670218
16361,16361,2018,"180803279",2018/08/02,"09:35:00",COLISIÓN POR CAMBIO DE CARRIL,ASFALTO,Bueno,Bueno,3,VOLVO,PLATA Y AZUL,3,,27,MASCULINO,SIN DATOS,0,0,Morelia,Francisco J Mujica,agosto,jueves,10,-101.186013221741,19.7239485409978
16363,16363,2018,"180796080",2018/08/02,12:05:00,COLISIÓN POR CAMBIO DE CARRIL,ASFALTO,Bueno,Bueno,2,ITALIKA,BLANCO,2,,,MASCULINO,SIN DATOS,0,0,Morelia,El Realito,agosto,jueves,12,-101.204037666321,19.725867409884
16364,16364,2018,"180894894",2018/08/02,16:45:00,COLISIÓN POR CORTE DE CIRCULACIÓN,ASFALTO,Bueno,Bueno,2,FORD,BLANCO,2,,29,FEMENINO,SIN DATOS,0,0,Morelia,Chapultepec Sur,agosto,jueves,17,-101.176732778549,19.6911323189792
16365,16365,2018,LEG16960,2018/08/02,17:40:00,COLISIÓN POR ALCANCE,ASFALTO,Bueno,Bueno,2,CHRYSLER,PLATA,2,,,MASCULINO,SIN DATOS,0,0,Morelia,Pascual Ortiz de Ayala,agosto,jueves,18,-101.149342060089,19.6949203151971
16366,16366,2018,"180805493",2018/08/02,19:30:00,COLISIÓN POR CORTE DE CIRCULACIÓN,CONCRETO,Bueno,Bueno,2,SEAT,ROJO,2,,18,MASCULINO,SIN DATOS,0,0,Morelia,Felix Ireta,agosto,jueves,20,-101.187568902969,19.6873543348153
16367,16367,2018,,2018/08/02,22:14:00,COLISIÓN CONTRA OBJETO FIJO,ASFALTO,Nublado,Regular,1,CHEVROELT,BCO/NEGRO,0,,,,,0,0,Los Reyes,Carlos Galvez Betancourt,agosto,jueves,22,-102.45996594429,19.5754998498964
16368,16368,2018,,2018/08/02,22:15:00,VOLCADURA,ASFALTO,Nublado,Regular,1,CHEVROLET,BLANCO,0,,,,,0,0,Los Reyes,Carlos Galvez Betancourt,agosto,jueves,22,-102.459762096405,19.575338110327
16369,16369,2018,"180806158",2018/08/02,22:25:00,COLISIÓN POR NO RESPETAR SEMÁFORO,ASFALTO,Bueno,Bueno,2,KTM,BLANCO Y NEGRO,2,,19,MASCULINO,SIN DATOS,0,0,Morelia,Indeco El Vivero,agosto,jueves,22,-101.229958534241,19.6771008002847
16370,16370,2018,,2018/08/03,"00:00:00",COLISIÓN POR NO RESPETAR SEMÁFORO,ASFALTO,Bueno,Bueno,2,NISSAN,AZUL,2,,45,MASCULINO,SIN DATOS,0,0,Morelia,Jardines de Torremolinos,agosto,viernes,0,-101.225709915161,19.6772220281721
16371,16371,2018,,2018/08/03,"00:00:00",CAIDA DE MOTOCICLETA,CONCRETO,Bueno,Bueno,1,YAMAHA,BLANCO,1,MINISTERIO PÚBLICO,,,SIN DATOS,0,0,Sahuayo,Perpetuo Socorro,agosto,viernes,0,-102.716352939606,20.0600632814805
16372,16372,2018,"180806313",2018/08/03,"00:20:00",COLISIÓN POR ALCANCE,ASFALTO,Bueno,Bueno,2,TOYOTA,VERDE,2,,22,MASCULINO,ALIENTO ETÍLICO,0,0,Morelia,Comision Federal de Electricidad,agosto,viernes,0,-101.181356906891,19.6816265792016
16373,16373,2018,,2018/08/03,"00:40:00",COLISIÓN CON PEATÓN,CONCRETO,Bueno,Bueno,2,CHEVROLET,ROJO,1,,,,SIN DATOS,0,0,Morelia,Vista Bella,agosto,viernes,1,-101.196233779192,19.6777056760183
16374,16374,2018,"180806442",2018/08/03,"03:00:00",COLISIÓN POR ALCANCE,CONCRETO,Bueno,Bueno,2,VOLKSWAGEN,GRIS,2,MINISTERIO PÚBLICO,,,,2,0,Morelia,El Lago 2,agosto,viernes,3,-101.214476823807,19.7267056453765
16375,16375,2018,"180806527",2018/08/03,"05:20:00",COLISIÓN POR CAMBIO DE CARRIL,CONCRETO,Bueno,Bueno,3,CHEVROLET,BLANCO,2,,0,,SIN DATOS,0,0,Morelia,Sin datos,agosto,viernes,5,-101.143816709518,19.7032434906388
16376,16376,2018,"18066878",2018/08/03,"07:47:00",COLISIÓN POR CAMBIO DE CARRIL,ASFALTO,Bueno,Bueno,2,VOLKSWAGEN,ROJO,2,,22,FEMENINO,SIN DATOS,0,0,Morelia,Libertad,agosto,viernes,8,-101.236943006516,19.6848996074924
16377,16377,2018,"180836737",2018/08/03,"08:40:00",COLISIÓN POR CORTE DE CIRCULACIÓN,ASFALTO,Bueno,Bueno,2,GENERAL MOTORS,ARENA,2,,48,MASCULINO,SIN DATOS,0,0,Morelia,Isaac Arriaga,agosto,viernes,9,-101.166164875031,19.7102532078531
16378,16378,2018,"180806871",2018/08/03,10:20:00,COLISIÓN POR ALCANCE,CONCRETO,Bueno,Bueno,2,NISSAN,GRIS,2,,29,FEMENINO,SIN DATOS,0,0,Morelia,Del Empleado,agosto,viernes,10,-101.177805662155,19.6887584623329
16379,16379,2018,"180814045",2018/08/03,13:45:00,COLISIÓN POR CORTE DE CIRCULACIÓN,CONCRETO,Bueno,Bueno,2,NISSAN,GRIS,2,MINISTERIO PÚBLICO,34,MASCULINO,SIN DATOS,0,0,Morelia,Nicolas Romero,agosto,viernes,14,-101.14942252636,19.703329346382
16380,16380,2018,,2018/08/03,14:00:00,COLISIÓN POR ALCANCE,ASFALTO,Bueno,Bueno,3,VOLKSWAGEN,AZUL,3,,24,MASCULINO,SIN DATOS,0,0,Morelia,Division del Norte,agosto,viernes,14,-101.163203716278,19.7115460328052