fid,id_accidente,anio_origen,folio_c5i,dia_incidente,hora_ocurrencia,tipo_incidente_vial,superficie_ocurrencia,condiciones_climaticas,condiciones_via,numero_vehiculos_involucrados,marca_vehiculo_ocasiona_siniestro,color_vehiculo_ocasiona_siniestro,numero_personas_involucradas,lugar_remite_presunto_responsable,edad_presunto_responsable,sexo_presunto_responsable,resultados_toxicologia,numero_personas_lesionadas,numero_personas_fallecidas,municipio,colonia,mes,dia_semana,hora_redondeada,lon,lat
16381,16381,2018,"180807874",2018/08/03,14:45:00,COLISIÓN POR CORTE DE CIRCULACIÓN,CONCRETO,Bueno,Bueno,2,BAJAJ,BLANCO Y AZUL,2,,,MASCULINO,SIN DATOS,0,0,Morelia,Centro,agosto,viernes,15,-101.19197845459,19.7030515776346
16382,16382,2018,"180808298",2018/08/03,16:50:00,COLISIÓN POR CORTE DE CIRCULACIÓN,CONCRETO,Bueno,Bueno,1,KENWORTH,BLANCO Y ROJO,1,,26,MASCULINO,SIN DATOS,0,0,Morelia,El Porvenir,agosto,viernes,17,-101.204375624657,19.7081157311768
16383,16383,2018,"180808414",2018/08/03,17:20:00,COLISIÓN CONTRA OBJETO FIJO,CONCRETO,Nublado,Bueno,2,TOYOTA,BLANCO/GUINDA,2,,30,MASCULINO,SIN DATOS,0,0,Morelia,Centro,agosto,viernes,17,-101.196902990341,19.7048999933171
16384,16384,2018,,2018/08/03,17:40:00,COLISIÓN POR INVASIÓN DE CARRIL,ASFALTO,Bueno,Bueno,2,FORD,ROJO,2,MINISTERIO PÚBLICO,,MASCULINO,SIN DATOS,0,0,Juárez,Sin datos,agosto,viernes,18,-100.401520729065,19.3394509507842
16385,16385,2018,"1808086397",2018/08/03,18:20:00,COLISIÓN POR ALCANCE,ASFALTO,Lluvioso,Bueno,4,TOYOTA,VERDE,4,,,MASCULINO,SIN DATOS,0,0,Morelia,Tenencia Morelos,agosto,viernes,18,-101.247146129608,19.6496403214989
16386,16386,2018,"180808637",2018/08/03,18:25:00,COLISIÓN POR CORTE DE CIRCULACIÓN,ASFALTO,Lluvioso,Bueno,1,CHEVROLET,BLANCO,1,,46,MASCULINO,SIN DATOS,0,0,Morelia,Tenencia Morelos,agosto,viernes,18,-101.247146129608,19.6496403214989
16387,16387,2018,,2018/08/03,18:30:00,COLISIÓN POR CORTE DE CIRCULACIÓN,SIN_DATOS,Bueno,Bueno,1,SIN DATOS,SIN DATOS,0,,,,,0,0,Morelia,Gertrudis Sanchez,agosto,viernes,19,-101.19960129261,19.7398088151891
16389,16389,2018,"180809176",2018/08/03,20:37:00,SUBIDA AL CAMELLÓN,ASFALTO,Lluvioso,Bueno,1,NISSAN,AZUL,1,,58,MASCULINO,SIN DATOS,0,0,Morelia,Barrio Alto,agosto,viernes,21,-101.19350194931,19.7239687397377
16390,16390,2018,,2018/08/03,21:50:00,COLISIÓN POR CORTE DE CIRCULACIÓN,ASFALTO,Lluvioso,Bueno,1,VOLKSWAGEN,GRIS,1,,47,FEMENINO,SIN DATOS,0,0,Morelia,Diego Rivera,agosto,viernes,22,-101.175971031189,19.7182523944986
16391,16391,2018,"180807794",2018/08/03,21:55:00,COLISIÓN POR CORTE DE CIRCULACIÓN,CONCRETO,Nublado,Bueno,2,PEUGEOT,BLANCO,2,,,,SIN DATOS,0,0,Morelia,Ventura Puente,agosto,viernes,22,-101.192772388458,19.6916575931408
16392,16392,2018,"180809402",2018/08/03,23:35:00,VOLCADURA,ASFALTO,Lluvioso,Bueno,1,CHEVROLET,BLANCO,1,,,MASCULINO,SIN DATOS,0,0,Morelia,Trabajadores del Cbta No 7,agosto,viernes,0,-101.231138706207,19.6631185687239
16393,16393,2018,"180809815",2018/08/04,"01:10:00",COLISIÓN CONTRA OBJETO FIJO,CONCRETO,Bueno,Bueno,1,NISSAN,BLANCO,1,,73,MASCULINO,SIN DATOS,0,0,Morelia,Vistas de Altozano,agosto,sábado,1,-101.166862249374,19.6494382402108
16394,16394,2018,"180809866",2018/08/04,"01:40:00",COLISIÓN POR ALCANCE,ASFALTO,Nublado,Regular,2,DODGE,GRIS,2,,57,MASCULINO,ALIENTO ETÍLICO,0,0,Morelia,Comision Federal de Electricidad,agosto,sábado,2,-101.181378364563,19.6816265792016
16395,16395,2018,"180809903",2018/08/04,"02:11:00",COLISIÓN POR CORTE DE CIRCULACIÓN,ASFALTO,Bueno,Bueno,2,HONDA,ROJO,1,,,MASCULINO,SIN DATOS,0,0,Morelia,Gustavo Diaz Ordaz,agosto,sábado,2,-101.206516027451,19.6916575931408
16396,16396,2018,"180809956",2018/08/04,"03:30:00",COLISIÓN POR CORTE DE CIRCULACIÓN,ASFALTO,Bueno,Bueno,2,DODGE,AZUL,2,,28,MASCULINO,SIN DATOS,0,0,Morelia,Centro,agosto,sábado,4,-101.191425919533,19.7047939372571
16397,16397,2018,"180809978",2018/08/04,"03:45:00",COLISIÓN POR ALCANCE,ASFALTO,Bueno,Bueno,2,JEEP,BLANCO,2,,0,MASCULINO,SIN DATOS,0,0,Morelia,Morelia 450,agosto,sábado,4,-101.217534542084,19.6758279019291
16398,16398,2018,"180810009",2018/08/04,"04:38:00",COLISIÓN POR ALCANCE,ASFALTO,Nublado,Bueno,2,VOLKSWAGEN,GRIS,2,,46,MASCULINO,ALIENTO ETÍLICO,0,0,Morelia,Campestre Los Manantiales,agosto,sábado,5,-101.238198280334,19.6880311460191
16399,16399,2018,,2018/08/04,"07:00:00",COLISIÓN CONTRA OBJETO FIJO,ASFALTO,Bueno,Bueno,2,PONTIAC,ROJO,1,,,,SIN DATOS,0,0,Morelia,Arcos del Valle,agosto,sábado,7,-101.236310005188,19.7077281289798
16400,16400,2018,LEG17012,2018/08/04,"07:55:00",COLISIÓN POR CORTE DE CIRCULACIÓN,ASFALTO,Bueno,Bueno,2,SIN DATOS,BLANCO,3,,0,,SIN DATOS,1,0,Morelia,El Lago 1,agosto,sábado,8,-101.212266683579,19.7267258437679
16401,16401,2018,"180810123",2018/08/04,"08:10:00",COLISIÓN POR MANIOBRA DE REVERSA,ASFALTO,Bueno,Bueno,2,NISSAN,TITANIO,2,,28,MASCULINO,SIN DATOS,0,0,Morelia,El Lago 2,agosto,sábado,8,-101.212041378021,19.7264228676296
16402,16402,2018,"180810542",2018/08/04,11:40:00,COLISIÓN POR CORTE DE CIRCULACIÓN,ASFALTO,Bueno,Bueno,2,ISUZU,BLANCO,2,,32,MASCULINO,SIN DATOS,0,0,Morelia,Ciudad Industrial,agosto,sábado,12,-101.139053106308,19.7278367513599
16403,16403,2018,"180810828",2018/08/04,13:05:00,COLISIÓN POR ALCANCE,ASFALTO,Bueno,Bueno,2,FORD,BLANCO,2,,38,MASCULINO,SIN DATOS,0,0,Morelia,Comision Federal de Electricidad,agosto,sábado,13,-101.180047988892,19.6816871914444
16404,16404,2018,"1808111002",2018/08/04,14:00:00,COLISIÓN POR CAMBIO DE CARRIL,ASFALTO,Bueno,Bueno,2,CHEVROLET,BLANCO,2,,45,MASCULINO,SIN DATOS,0,0,Morelia,Isaac Arriaga,agosto,sábado,14,-101.166336536407,19.7101926064271
16405,16405,2018,"180811016",2018/08/04,14:20:00,COLISIÓN POR ALCANCE,ASFALTO,Bueno,Bueno,2,SIN DATOS,SIN DATOS,1,,35,FEMENINO,SIN DATOS,0,0,Morelia,Chapultepec Sur,agosto,sábado,14,-101.171936988831,19.6919404323602
16406,16406,2018,"180811123",2018/08/04,15:26:00,COLISIÓN CON PEATÓN,ASFALTO,Bueno,Bueno,1,NISSAN,BLANCO,2,,48,MASCULINO,SIN DATOS,1,0,Morelia,Poblado de Ocolusen,agosto,sábado,15,-101.155088675,19.6951327349991
16407,16407,2018,"180811318",2018/08/04,15:35:00,COLISIÓN POR CORTE DE CIRCULACIÓN,ASFALTO,Bueno,Bueno,2,CHEVROLET,GUINDA,2,,34,MASCULINO,SIN DATOS,0,0,Morelia,Ciudad Industrial,agosto,sábado,16,-101.163863539696,19.7244535087281
16408,16408,2018,,2018/08/04,16:30:00,COLISIÓN CONTRA OBJETO FIJO,ASFALTO,Bueno,Bueno,1,MERCEDES BENZ,NEGRO,1,,37,MASCULINO,SIN DATOS,0,0,Morelia,Lomas de Morelia (Dr Ignacio Chavez),agosto,sábado,17,-101.175434589386,19.7175555115762
16409,16409,2018,,2018/08/04,19:30:00,COLISIÓN POR ALCANCE,ASFALTO,Nublado,Bueno,2,NISSAN,BLANCO,1,,,,SIN DATOS,0,0,Morelia,Barrio Alto,agosto,sábado,20,-101.196956634521,19.7250594678982
16410,16410,2018,,2018/08/04,19:30:00,COLISIÓN POR CORTE DE CIRCULACIÓN,ASFALTO,Bueno,Bueno,2,NISSAN,AZUL,2,MINISTERIO PÚBLICO,30,MASCULINO,SIN DATOS,0,0,Morelia,Vasco de Quiroga,agosto,sábado,20,-101.173728704453,19.7027637076965
16411,16411,2018,,2018/08/04,19:45:00,COLISIÓN POR ALCANCE,ASFALTO,Bueno,Bueno,2,V.W.,GRIS,4,MINISTERIO PÚBLICO,28,MASCULINO,SIN DATOS,2,0,Sahuayo,La Plasita,agosto,sábado,20,-102.716460227966,20.0539559214117
16412,16412,2018,"180812202",2018/08/04,19:50:00,COLISIÓN POR MANIOBRA DE REVERSA,ASFALTO,Lluvioso,Bueno,2,TOYOTA,ROJO,2,,53,MASCULINO,SIN DATOS,0,0,Morelia,Villas del Real,agosto,sábado,20,-101.20058298111,19.7314976421635
16413,16413,2018,,2018/08/04,20:40:00,COLISIÓN POR ALCANCE,ASFALTO,Bueno,Bueno,1,TOYOTA,ROJO,1,,28,FEMENINO,SIN DATOS,0,0,Morelia,Los Angeles,agosto,sábado,21,-101.1771941185,19.7408135996306
16414,16414,2018,"180812443",2018/08/04,20:58:00,COLISIÓN POR CORTE DE CIRCULACIÓN,ASFALTO,Lluvioso,Bueno,2,FORD,PLATA,2,,63,MASCULINO,SIN DATOS,0,0,Morelia,Centro,agosto,sábado,21,-101.201682686806,19.7028748154533
16415,16415,2018,"180822442",2018/08/04,21:00:00,COLISIÓN POR ALCANCE,ASFALTO,Lluvioso,Bueno,2,FORD,GRIS,2,,0,MASCULINO,ALIENTO ETÍLICO,0,0,Morelia,Centro,agosto,sábado,21,-101.200236976147,19.701228392613
16416,16416,2018,"180812718",2018/08/04,21:15:00,COLISIÓN POR CORTE DE CIRCULACIÓN,ADOQUIN_EMPEDRADO,Nublado,Bueno,2,MERCEDES BENZ,BLANCO,2,,20,MASCULINO,SIN DATOS,0,0,Morelia,Centro,agosto,sábado,21,-101.189762949944,19.7038949830677
16417,16417,2018,"180812528",2018/08/04,21:35:00,COLISIÓN POR CORTE DE CIRCULACIÓN,ASFALTO,Lluvioso,Bueno,2,SIN DATOS,SIN DATOS,4,,0,,SIN DATOS,3,0,Morelia,Lomas del Pedregal,agosto,sábado,22,-101.284847259521,19.6910818117574
16418,16418,2018,,2018/08/04,21:45:00,COLISIÓN POR ALCANCE,ASFALTO,Bueno,Bueno,2,MERCURY,VERDE,2,,0,MASCULINO,SIN DATOS,0,0,Morelia,Eduardo Ruiz,agosto,sábado,22,-101.218478679657,19.7196865497942
16419,16419,2018,"180812364",2018/08/04,22:20:00,COLISIÓN POR INVASIÓN DE CARRIL,ASFALTO,Bueno,Bueno,2,FORD,VERDE,2,,29,MASCULINO,SIN DATOS,0,0,Tarímbaro,Sin datos,agosto,sábado,22,-101.10160946846,19.7857245350373
16420,16420,2018,"180812642",2018/08/04,22:30:00,VOLCADURA,ASFALTO,Nublado,Bueno,1,PONTIAC,BLANCO,1,,23,MASCULINO,SIN DATOS,0,0,Morelia,Torreon Nuevo,agosto,sábado,23,-101.204209327698,19.7475288307667
16422,16422,2018,"180812901",2018/08/04,23:40:00,COLISIÓN CONTRA OBJETO FIJO,ASFALTO,Bueno,Bueno,1,VOLKSWAGEN,NEGRO,1,,18,MASCULINO,SIN DATOS,0,0,Morelia,Cinco de Diciembre,agosto,sábado,0,-101.166100502014,19.6843743111615
16423,16423,2018,,2018/08/05,"00:49:00",COLISIÓN POR CORTE DE CIRCULACIÓN,ASFALTO,Bueno,Bueno,2,TOYOTA,AZUL,2,MINISTERIO PÚBLICO,62,MASCULINO,ALIENTO ETÍLICO,0,0,Zacapu,Villa Guzman,agosto,domingo,1,-101.782150268555,19.8070850968604
16424,16424,2018,"180812979",2018/08/05,"01:00:00",COLISIÓN POR CAMBIO DE CARRIL,CONCRETO,Nublado,Bueno,4,TOYOTA,CAFE,4,,21,MASCULINO,ALIENTO ETÍLICO,0,0,Morelia,Eduardo Ruiz,agosto,domingo,1,-101.220106780529,19.7176817587077
16425,16425,2018,"180812967",2018/08/05,"01:00:00",COLISIÓN POR ALCANCE,ASFALTO,Bueno,Bueno,2,NISSAN,PLATA,2,,27,MASCULINO,SIN DATOS,0,0,Morelia,Tzindurio de Morelos,agosto,domingo,1,-101.245847940445,19.6996678105396
16426,16426,2018,"1800813025",2018/08/05,"01:40:00",SUBIDA AL CAMELLÓN,ASFALTO,Lluvioso,Bueno,1,PEUGEOT,PLATA,0,,,,,0,0,Morelia,Diego Rivera,agosto,domingo,2,-101.17537021637,19.7175656113503
16427,16427,2018,"18013175",2018/08/05,"02:00:00",SUBIDA AL CAMELLÓN,SIN_DATOS,Bueno,Bueno,1,DODGE,PLATA,1,,25,MASCULINO,SIN DATOS,0,0,Morelia,Francisco J Mujica,agosto,domingo,2,-101.188287734985,19.7214034793516
16428,16428,2018,"180813073",2018/08/05,"02:15:00",COLISIÓN CONTRA OBJETO FIJO,CONCRETO,Nublado,Bueno,1,MITSUBISHI,GRIS,0,MINISTERIO PÚBLICO,,,,0,0,Morelia,Chapultepec Oriente,agosto,domingo,2,-101.159512996674,19.6912232319381
16429,16429,2018,"180813083",2018/08/05,"02:29:00",COLISIÓN POR CORTE DE CIRCULACIÓN,ASFALTO,Bueno,Bueno,2,VOLKSWAGEN,VERDE,2,MINISTERIO PÚBLICO,21,MASCULINO,ALIENTO ETÍLICO,0,0,Morelia,Centro,agosto,domingo,2,-101.195261478424,19.698849635216
16430,16430,2018,,2018/08/05,"02:45:00",SALIDA DE SUPERFICIE DE RODAMIENTO,ASFALTO,Bueno,Bueno,1,NISSAN,AZUL,1,,25,MASCULINO,SIN DATOS,0,0,Huandacareo,Centro,agosto,domingo,3,-101.285190582275,19.9885943216464
16431,16431,2018,"180813184",2018/08/05,"03:50:00",VOLCADURA,ASFALTO,Bueno,Bueno,1,DODGE,BLANCO,0,,,,,0,0,Morelia,Pascual Ortiz de Ayala,agosto,domingo,4,-101.153376102448,19.6958900278179
16432,16432,2018,"180813145",2018/08/05,"03:50:00",VOLCADURA,ASFALTO,Bueno,Bueno,1,JEEP,AZUL,1,,,,SIN DATOS,0,0,Morelia,Centenario (Los Alamos Ii),agosto,domingo,4,-101.177172660828,19.7365116640395
16434,16434,2018,"180813267",2018/08/05,"06:30:00",COLISIÓN POR CORTE DE CIRCULACIÓN,ASFALTO,Bueno,Bueno,2,TOYOTA,NARANJA,2,,22,MASCULINO,SIN DATOS,0,0,Morelia,Felix Ireta,agosto,domingo,7,-101.188593506813,19.6817983138301
16435,16435,2018,,2018/08/05,"09:47:00",COLISIÓN POR ALCANCE,CONCRETO,Bueno,Bueno,2,CHEVROLET,BLANCO,2,,0,MASCULINO,SIN DATOS,0,0,Morelia,Justo Mendoza,agosto,domingo,10,-101.231063604355,19.7145154505445
16436,16436,2018,"180813462",2018/08/05,10:05:00,COLISIÓN POR ALCANCE,CONCRETO,Bueno,Bueno,2,HYUNDAY,VERDE,2,,25,MASCULINO,SIN DATOS,0,0,Morelia,Ejidal Ocolusen,agosto,domingo,10,-101.155476272106,19.6835838379551
16437,16437,2018,"180814053",2018/08/05,12:50:00,COLISIÓN POR CORTE DE CIRCULACIÓN,CONCRETO,Bueno,Bueno,1,NISSAN,PLATA,1,,60,MASCULINO,SIN DATOS,0,0,Morelia,Hacienda del Quinceo,agosto,domingo,13,-101.232554912567,19.7264834629032
16438,16438,2018,,2018/08/05,13:20:00,COLISIÓN POR INVASIÓN DE CARRIL,ASFALTO,Bueno,Bueno,2,ITALIKA,ROJO,3,,42,MASCULINO,SIN DATOS,1,0,Apatzingán,Lomas de Palmira,agosto,domingo,13,-102.341703015,19.0849242099991
16439,16439,2018,"180804572",2018/08/05,14:15:00,COLISIÓN POR CAMBIO DE CARRIL,CONCRETO,Nublado,Bueno,2,CHEVROLET,AZUL,2,,,MASCULINO,SIN DATOS,0,0,Morelia,Centro,agosto,domingo,14,-101.194231510162,19.703102081079
16440,16440,2018,,2018/08/05,15:50:00,COLISIÓN CONTRA OBJETO FIJO,ASFALTO,Bueno,Bueno,1,CHEVROLET,NEGRO,1,,,,SIN DATOS,0,0,Morelia,Sin datos,agosto,domingo,16,-101.279761791229,19.6530756644588
16441,16441,2018,"180814432",2018/08/05,16:00:00,COLISIÓN POR CORTE DE CIRCULACIÓN,ADOQUIN_EMPEDRADO,Bueno,Bueno,2,SIN DATOS,SIN DATOS,1,,54,MASCULINO,SIN DATOS,0,0,Morelia,Cosmos,agosto,domingo,16,-101.216740608215,19.6828994314845
16442,16442,2018,,2018/08/05,16:30:00,CAIDA DE MOTOCICLETA,ASFALTO,Bueno,Bueno,1,ITALIKA,AZUL,2,,15,MASCULINO,SIN DATOS,1,0,Puruándiro,El Salitre,agosto,domingo,17,-101.496591567993,20.0929341279619
16443,16443,2018,,2018/08/05,18:30:00,COLISIÓN POR CORTE DE CIRCULACIÓN,SIN_DATOS,Bueno,Bueno,2,CHEVROLET,GRIS,2,MINISTERIO PÚBLICO,18,MASCULINO,SIN DATOS,0,0,Morelia,Mirador del Punhuato,agosto,domingo,19,-101.156927347183,19.7037990269851
16445,16445,2018,"180415555",2018/08/05,22:05:00,COLISIÓN POR CORTE DE CIRCULACIÓN,ASFALTO,Bueno,Bueno,1,FORD,NEGRO,0,,,,,0,0,Morelia,Sin datos,agosto,domingo,22,-101.390011310577,19.5559079637273
16446,16446,2018,,2018/08/05,22:10:00,COLISIÓN POR ALCANCE,ASFALTO,Bueno,Bueno,2,FORD,AZUL,2,,24,MASCULINO,SIN DATOS,0,0,Cuitzeo,El Embarcadero,agosto,domingo,22,-101.136209964752,19.9595337669862
16447,16447,2018,"180816160",2018/08/06,"01:37:00",SUBIDA AL CAMELLÓN,ASFALTO,Bueno,Bueno,1,HONDA,AZUL,0,,,,,0,0,Morelia,Justo Mendoza,agosto,lunes,2,-101.231653690338,19.7141114513718
16448,16448,2018,"180726168",2018/08/06,"02:16:00",VOLCADURA,ASFALTO,Bueno,Bueno,1,VOLKSWAGEN,GRIS,1,MINISTERIO PÚBLICO,,,,1,0,Morelia,Arcos del Valle,agosto,lunes,2,-101.232297420502,19.7031020810791
16449,16449,2018,"180876230",2018/08/06,"04:35:00",COLISIÓN CONTRA OBJETO FIJO,ASFALTO,Bueno,Bueno,1,CHEVROLET,ROJO,1,MINISTERIO PÚBLICO,29,FEMENINO,SIN DATOS,0,0,Morelia,Martires de Uruapan,agosto,lunes,5,-101.197299957275,19.7247160913173
16450,16450,2018,,2018/08/06,"06:45:00",COLISIÓN POR ALCANCE,ASFALTO,Bueno,Bueno,2,IRIZAR,GRIS/AZUL,2,MINISTERIO PÚBLICO,,,SIN DATOS,0,0,Zitácuaro,Sin datos,agosto,lunes,7,-100.203337669373,19.4469062110562
16451,16451,2018,,2018/08/06,"08:55:00",COLISIÓN CON PEATÓN,SIN_DATOS,Bueno,Bueno,1,DODGE,BLANCO,0,,,,,0,0,Morelia,Los Manantiales de Morelia,agosto,lunes,9,-101.242564916611,19.7004809312536
16452,16452,2018,"180816550",2018/08/06,10:20:00,COLISIÓN POR INVASIÓN DE CARRIL,ASFALTO,Bueno,Bueno,1,NISSAN,BLANCO,1,,,,SIN DATOS,0,0,Morelia,Exhacienda del Quinceo,agosto,lunes,10,-101.233906745911,19.7298262665622
16453,16453,2018,"180816454",2018/08/06,10:30:00,COLISIÓN POR ALCANCE,ASFALTO,Bueno,Bueno,2,GMC,ARENA,2,MINISTERIO PÚBLICO,,,,2,0,Acuitzio,Sin datos,agosto,lunes,11,-101.376342773438,19.4199731611017
16454,16454,2018,"180816652",2018/08/06,10:40:00,COLISIÓN POR CORTE DE CIRCULACIÓN,ASFALTO,Bueno,Bueno,2,TOYOTA,GRIS,2,,45,MASCULINO,SIN DATOS,0,0,Morelia,Felicitas del Rio,agosto,lunes,11,-101.201331317425,19.692773795012
16455,16455,2018,,2018/08/06,13:00:00,COLISIÓN CONTRA OBJETO FIJO,ASFALTO,Bueno,Bueno,1,GMC,ROJO,1,,,FEMENINO,SIN DATOS,0,0,Apatzingán,Centro,agosto,lunes,13,-102.354270815849,19.0866459884553
16456,16456,2018,"180817497",2018/08/06,13:24:00,COLISIÓN POR ALCANCE,ASFALTO,Bueno,Bueno,1,CHEVROLET,GUINDA,1,,47,FEMENINO,SIN DATOS,0,0,Morelia,Avicola Benito Juarez,agosto,lunes,13,-101.278431415558,19.691910128182
16457,16457,2018,"180817586",2018/08/06,14:00:00,COLISIÓN POR ALCANCE,ASFALTO,Bueno,Bueno,2,DODGE,ROJO,2,,0,FEMENINO,SIN DATOS,0,0,Morelia,Indeco El Vivero,agosto,lunes,14,-101.230580806732,19.6804496869407
16458,16458,2018,"180818088",2018/08/06,15:50:00,COLISIÓN CONTRA OBJETO FIJO,ADOQUIN_EMPEDRADO,Lluvioso,Bueno,2,FORD,BLANCO Y VERDE,2,,27,MASCULINO,SIN DATOS,0,0,Morelia,Independencia,agosto,lunes,16,-101.176196336746,19.7150204480749
16459,16459,2018,"180818224",2018/08/06,16:15:00,COLISIÓN POR MANIOBRA DE REVERSA,ASFALTO,Lluvioso,Bueno,2,ISUZU,BLANCO,2,,19,MASCULINO,SIN DATOS,0,0,Morelia,Jardines de Torremolinos,agosto,lunes,16,-101.228767633438,19.6774442790608
16460,16460,2018,"180818353",2018/08/06,17:35:00,COLISIÓN POR CORTE DE CIRCULACIÓN,ASFALTO,Lluvioso,Bueno,2,KAWASAKI,AZUL,2,,31,MASCULINO,SIN DATOS,0,0,Morelia,Ventura Puente,agosto,lunes,18,-101.180552244186,19.6895564861539
16461,16461,2018,"180818430",2018/08/06,17:40:00,COLISIÓN POR ALCANCE,CONCRETO,Lluvioso,Bueno,7,FORD,VERDE,7,,30,MASCULINO,SIN DATOS,0,0,Morelia,Las Flores,agosto,lunes,18,-101.205912530422,19.7026829020068
16462,16462,2018,"180818606",2018/08/06,18:00:00,SUBIDA AL CAMELLÓN,ASFALTO,Bueno,Bueno,1,NISSAN,NEGRO Y ROJO,1,,30,MASCULINO,ALIENTO ETÍLICO,0,0,Morelia,Jose Ma Pino Suarez,agosto,lunes,18,-101.162796020508,19.7231759372823
16463,16463,2018,"180818926",2018/08/06,19:50:00,COLISIÓN POR CORTE DE CIRCULACIÓN,ASFALTO,Lluvioso,Bueno,2,CHEVROLET,BLANCO,2,,0,MASCULINO,SIN DATOS,0,0,Morelia,Guadalupe,agosto,lunes,20,-101.223837733269,19.7082988002917
16464,16464,2018,,2018/08/06,21:35:00,COLISIÓN POR CORTE DE CIRCULACIÓN,ADOQUIN_EMPEDRADO,Lluvioso,Bueno,1,HONDA,BLANCO,1,,37,FEMENINO,SIN DATOS,0,0,Morelia,Lomas de Hidalgo,agosto,lunes,22,-101.161328852177,19.6957486117599
16465,16465,2018,"180819559",2018/08/06,22:20:00,COLISIÓN POR ALCANCE,ASFALTO,Lluvioso,Bueno,2,BMW,AZUL,2,,37,MASCULINO,SIN DATOS,0,0,Morelia,Jardines de Torremolinos,agosto,lunes,22,-101.225699186325,19.6768785489195
16466,16466,2018,"180820055",2018/08/07,"09:30:00",COLISIÓN POR INVASIÓN DE CARRIL,ASFALTO,Bueno,Bueno,2,VOLKSWAGEN,NEGRO,2,,43,MASCULINO,SIN DATOS,0,0,Morelia,Primo Tapia Oriente,agosto,martes,10,-101.158611774445,19.7134701005887
16467,16467,2018,"180820745",2018/08/07,11:00:00,COLISIÓN CONTRA OBJETO FIJO,ASFALTO,Nublado,Bueno,1,TOYOTA,NEGRO,1,,65,MASCULINO,SIN DATOS,0,0,Morelia,Sin datos,agosto,martes,11,-101.275663375855,19.6301383048622
16468,16468,2018,"180820432",2018/08/07,11:40:00,COLISIÓN CONTRA OBJETO FIJO,CONCRETO,Bueno,Bueno,2,NISSAN,BLANCO,2,,36,MASCULINO,SIN DATOS,0,0,Morelia,Villa Universidad,agosto,martes,12,-101.204686760902,19.6864906387514
16469,16469,2018,,2018/08/07,13:15:00,COLISIÓN POR INVASIÓN DE CARRIL,ASFALTO,Bueno,Bueno,2,V.W.,BLANCO,3,,49,MASCULINO,SIN DATOS,1,0,Apatzingán,Morelos,agosto,martes,13,-102.363309860229,19.0899208595041
16470,16470,2018,"180826740",2018/08/07,13:25:00,COLISIÓN POR MANIOBRA DE REVERSA,ASFALTO,Bueno,Bueno,2,MITSUBISHI,VINO,2,MINISTERIO PÚBLICO,,MASCULINO,SIN DATOS,0,0,Morelia,Lomas de Hidalgo,agosto,martes,13,-101.158783435822,19.6957284094557
16471,16471,2018,,2018/08/07,13:25:00,COLISIÓN POR CORTE DE CIRCULACIÓN,ASFALTO,Bueno,Bueno,2,ITALIKA,VERDE,2,,42,MASCULINO,SIN DATOS,0,0,Morelia,Ciudad Industrial,agosto,martes,13,-101.14770591259,19.7217670620681
16472,16472,2018,,2018/08/07,14:30:00,COLISIÓN POR CORTE DE CIRCULACIÓN,ASFALTO,Bueno,Bueno,2,NISSAN,ROJO,2,,63,FEMENINO,SIN DATOS,0,0,Morelia,Felix Ireta,agosto,martes,15,-101.180723905563,19.6862532477891
16473,16473,2018,"180821940",2018/08/07,15:50:00,COLISIÓN POR ALCANCE,ASFALTO,Nublado,Bueno,2,RENAULT,GRIS,2,,27,FEMENINO,SIN DATOS,0,0,Morelia,Santiaguito,agosto,martes,16,-101.18868470192,19.7182119955715
16474,16474,2018,"180821466",2018/08/07,16:00:00,COLISIÓN POR ALCANCE,ASFALTO,Bueno,Bueno,3,DODGE,BLANCO,3,,34,MASCULINO,SIN DATOS,0,0,Morelia,Fuentes de Valladolid,agosto,martes,16,-101.222598552704,19.6706149745985
16475,16475,2018,"180822210",2018/08/07,18:40:00,COLISIÓN POR ALCANCE,CONCRETO,Bueno,Bueno,2,NISSAN,BLANCO Y ROJO,2,,24,MASCULINO,SIN DATOS,0,0,Morelia,Melchor Ocampo,agosto,martes,19,-101.200459599495,19.7059504495428
16477,16477,2018,,2018/08/07,19:00:00,COLISIÓN CONTRA OBJETO FIJO,CONCRETO,Nublado,Regular,2,YAMAHA,GRIS,2,,32,MASCULINO,SIN DATOS,0,0,Arteaga,Piedra Sonadora,agosto,martes,19,-102.296168804169,18.3603857575757
16478,16478,2018,"18822379",2018/08/07,20:16:00,COLISIÓN POR ALCANCE,ASFALTO,Nublado,Bueno,2,NISSAN,BLANCO Y GUINDA,2,,26,MASCULINO,SIN DATOS,0,0,Morelia,Francisco J Mujica,agosto,martes,20,-101.190755367279,19.7225548217831
16479,16479,2018,,2018/08/07,21:15:00,COLISIÓN CON PEATÓN,ASFALTO,Bueno,Bueno,1,ITALIKA,ROJO/NEGRO,3,,19,MASCULINO,SIN DATOS,2,0,Paracho,Centro,agosto,martes,21,-102.04891204834,19.642961400154
16480,16480,2018,,2018/08/07,21:53:00,COLISIÓN POR ALCANCE,ASFALTO,Nublado,Regular,2,VOLKSWAGEN,GRIS,2,,41,MASCULINO,CON CERTIFICADO,0,0,Pátzcuaro,El Calvario,agosto,martes,22,-101.618653535843,19.5137237550906