fid,id_accidente,anio_origen,folio_c5i,dia_incidente,hora_ocurrencia,tipo_incidente_vial,superficie_ocurrencia,condiciones_climaticas,condiciones_via,numero_vehiculos_involucrados,marca_vehiculo_ocasiona_siniestro,color_vehiculo_ocasiona_siniestro,numero_personas_involucradas,lugar_remite_presunto_responsable,edad_presunto_responsable,sexo_presunto_responsable,resultados_toxicologia,numero_personas_lesionadas,numero_personas_fallecidas,municipio,colonia,mes,dia_semana,hora_redondeada,lon,lat
16481,16481,2018,"180823018",2018/08/07,22:47:00,COLISIÓN CONTRA OBJETO FIJO,ASFALTO,Bueno,Bueno,1,CHEVROLET,NEGRO Y GRIS,0,,,,,0,0,Morelia,Arboledas de Valladolid,agosto,martes,23,-101.250743865967,19.6958496232426
16482,16482,2018,,2018/08/08,"00:00:00",COLISIÓN CON PEATÓN,ASFALTO,Bueno,Bueno,1,FORD,ROJO,1,MINISTERIO PÚBLICO,,,,1,0,Morelia,Los Angeles,agosto,miércoles,0,-101.176507472992,19.7417931321448
16483,16483,2018,,2018/08/08,"02:30:00",COLISIÓN CONTRA OBJETO FIJO,ASFALTO,Bueno,Bueno,1,FORD,ROJO,1,,0,MASCULINO,SIN DATOS,0,0,Puruándiro,Centro,agosto,miércoles,3,-101.515472,20.087439
16484,16484,2018,"180823334",2018/08/08,"07:10:00",COLISIÓN POR ALCANCE,ASFALTO,Bueno,Bueno,2,NISSAN,NEGRO,2,,37,FEMENINO,ALIENTO ETÍLICO,0,0,Morelia,Lomas de Hidalgo,agosto,miércoles,7,-101.158944368362,19.695576892093
16485,16485,2018,"180823347",2018/08/08,"07:30:00",COLISIÓN POR CORTE DE CIRCULACIÓN,ASFALTO,Bueno,Bueno,2,SIN DATOS,SIN DATOS,2,,0,,SIN DATOS,0,0,Morelia,Elias Perez Avalos,agosto,miércoles,8,-101.171432733536,19.7145558504056
16486,16486,2018,"180823392",2018/08/08,"08:20:00",COLISIÓN CON PEATÓN,ASFALTO,Bueno,Bueno,1,TOYOTA,VERDE,1,,61,MASCULINO,SIN DATOS,0,0,Morelia,Rinconada del Valle,agosto,miércoles,8,-101.219154596329,19.6779695981176
16487,16487,2018,,2018/08/08,"08:30:00",COLISIÓN POR CORTE DE CIRCULACIÓN,ASFALTO,Bueno,Bueno,2,NISSAN,PLATA,2,,35,MASCULINO,SIN DATOS,0,0,Morelia,Lomas de Morelia (Dr Ignacio Chavez),agosto,miércoles,9,-101.176443099976,19.71831299287
16488,16488,2018,"180823471",2018/08/08,"09:00:00",COLISIÓN POR ALCANCE,ASFALTO,Bueno,Bueno,3,NISSAN,BLANCO,3,,21,FEMENINO,SIN DATOS,0,0,Morelia,Real Santa Rita,agosto,miércoles,9,-101.220817565918,19.674292328551
16489,16489,2018,"180823602",2018/08/08,"09:35:00",COLISIÓN POR ALCANCE,ASFALTO,Bueno,Bueno,2,VOLKSWAGEN,PLATA,2,,51,FEMENINO,SIN DATOS,0,0,Morelia,Ana Maria Gallaga (Riviera Norte),agosto,miércoles,10,-101.219465732574,19.6769997769751
16490,16490,2018,"180823671",2018/08/08,11:00:00,COLISIÓN POR CAMBIO DE CARRIL,ASFALTO,Bueno,Bueno,2,NISSAN,BLANCO,2,,0,FEMENINO,SIN DATOS,0,0,Morelia,Alfonso Garcia Robles,agosto,miércoles,11,-101.18127644062,19.7193835603107
16491,16491,2018,,2018/08/08,12:00:00,COLISIÓN POR ALCANCE,CONCRETO,Bueno,Bueno,2,VOLKSWAGEN,ROJO,2,MINISTERIO PÚBLICO,34,MASCULINO,ALIENTO ETÍLICO,0,0,Morelia,Juarez,agosto,miércoles,12,-101.195400953293,19.695586993255
16492,16492,2018,,2018/08/08,12:07:00,COLISIÓN CONTRA OBJETO FIJO,CONCRETO,Lluvioso,Bueno,1,NISSAN,GRIS,1,,46,MASCULINO,SIN DATOS,0,0,Morelia,Los Manantiales de Morelia,agosto,miércoles,12,-101.242983341217,19.7001930566907
16493,16493,2018,"180824499",2018/08/08,14:15:00,SALIDA DE SUPERFICIE DE RODAMIENTO,CONCRETO,Bueno,Bueno,2,FREIGHTLINER,BLANCO Y AZUL,2,,31,MASCULINO,SIN DATOS,0,0,Morelia,Jose Ma Pino Suarez,agosto,miércoles,14,-101.164834499359,19.724524204083
16494,16494,2018,"180825073",2018/08/08,16:45:00,COLISIÓN POR ALCANCE,ASFALTO,Nublado,Bueno,2,FORD,PLATINO,4,,30,FEMENINO,SIN DATOS,2,0,Morelia,La Luz,agosto,miércoles,17,-101.288430690765,19.6885160239287
16496,16496,2018,,2018/08/08,18:30:00,COLISIÓN POR ALCANCE,ASFALTO,Bueno,Bueno,2,DODGE,ROJO,2,,58,MASCULINO,SIN DATOS,0,0,Morelia,Elias Perez Avalos,agosto,miércoles,19,-101.165671348572,19.7105158137673
16497,16497,2018,"180825770",2018/08/08,19:20:00,COLISIÓN POR CAMBIO DE CARRIL,ASFALTO,Bueno,Bueno,2,VOLKSWAGEN,NEGRO,2,,60,MASCULINO,SIN DATOS,0,0,Morelia,Isaac Arriaga,agosto,miércoles,19,-101.170477867126,19.7082230475799
16498,16498,2018,"180825826",2018/08/08,19:40:00,COLISIÓN POR CORTE DE CIRCULACIÓN,ASFALTO,Bueno,Bueno,2,CHEVROLET,BLANCO,2,,38,FEMENINO,SIN DATOS,0,0,Morelia,Ventura Puente,agosto,miércoles,20,-101.188040971756,19.6923192341034
16499,16499,2018,"180826283",2018/08/08,22:29:00,COLISIÓN POR ALCANCE,CONCRETO,Bueno,Bueno,2,SIN DATOS,SIN DATOS,1,,21,MASCULINO,SIN DATOS,0,0,Morelia,Torreon Nuevo,agosto,miércoles,22,-101.203887462616,19.7467866348958
16500,16500,2018,,2018/08/09,"00:10:00",COLISIÓN POR CORTE DE CIRCULACIÓN,CONCRETO,Nublado,Bueno,2,VELOCI,ROJO Y NEGRO,2,,19,MASCULINO,SIN DATOS,0,0,Morelia,Centro,agosto,jueves,0,-101.200239658356,19.7012485942229
16501,16501,2018,"180826519",2018/08/09,"00:30:00",COLISIÓN POR CAMBIO DE CARRIL,CONCRETO,Bueno,Bueno,2,FORD,GUINDA,2,,28,MASCULINO,CON CERTIFICADO,0,0,Morelia,Torreon Nuevo,agosto,jueves,1,-101.204016208649,19.7470693765869
16502,16502,2018,"180826584",2018/08/09,"02:05:00",COLISIÓN CONTRA OBJETO FIJO,ASFALTO,Lluvioso,Bueno,1,HONDA,PLATA,1,,19,MASCULINO,SIN DATOS,0,0,Morelia,La Colina,agosto,jueves,2,-101.215785741806,19.7106269161397
16503,16503,2018,"180826713",2018/08/09,"06:55:00",COLISIÓN POR CORTE DE CIRCULACIÓN,ASFALTO,Bueno,Bueno,2,SIN DATOS,SIN DATOS,2,,0,,SIN DATOS,0,0,Morelia,La Calera,agosto,jueves,7,-101.235687732697,19.6687762659816
16504,16504,2018,"18078115",2018/08/09,"07:55:00",COLISIÓN POR CORTE DE CIRCULACIÓN,ASFALTO,Bueno,Bueno,2,SIN DATOS,SIN DATOS,1,,42,MASCULINO,SIN DATOS,0,0,Morelia,Las Americas,agosto,jueves,8,-101.152228116989,19.6886473447765
16505,16505,2018,"180828003",2018/08/09,"08:30:00",COLISIÓN CON PEATÓN,CONCRETO,Bueno,Bueno,1,ITALIKA,NEGRO Y ROJO,2,,23,MASCULINO,SIN DATOS,1,0,Morelia,Ferrocarrilero,agosto,jueves,9,-101.219905614853,19.6950920355684
16506,16506,2018,,2018/08/09,"08:50:00",COLISIÓN POR CORTE DE CIRCULACIÓN,ASFALTO,Bueno,Bueno,1,MERCEDES BENZ,BLANCO Y NARANJA,0,,,,,0,0,Morelia,San Pascual,agosto,jueves,9,-101.267402172089,19.6954859816065
16507,16507,2018,"180826965",2018/08/09,"08:55:00",COLISIÓN POR CORTE DE CIRCULACIÓN,CONCRETO,Bueno,Bueno,2,INTERNATIONAL,VERDE,2,,0,MASCULINO,SIN DATOS,0,0,Morelia,San Pascual,agosto,jueves,9,-101.267380714417,19.6954455769293
16508,16508,2018,"180826915",2018/08/09,"09:30:00",COLISIÓN POR CORTE DE CIRCULACIÓN,ASFALTO,Bueno,Bueno,2,NISSAN,CHAMPAGNE,2,,52,MASCULINO,SIN DATOS,0,0,Morelia,Defensores De Puebla,agosto,jueves,10,-101.235312223434,19.7138135013279
16509,16509,2018,,2018/08/09,"09:53:00",SALIDA DE SUPERFICIE DE RODAMIENTO,ASFALTO,Bueno,Bueno,1,NISSAN,AZUL,1,,33,MASCULINO,SIN DATOS,0,0,Paracho,Centro,agosto,jueves,10,-102.047109603882,19.654065837891
16510,16510,2018,,2018/08/09,"09:53:00",SALIDA DE SUPERFICIE DE RODAMIENTO,ASFALTO,Bueno,Bueno,1,NISSAN,AZUL,0,,,,,0,0,Paracho,Lazaro Cardenas,agosto,jueves,10,-102.047962,19.643251
16511,16511,2018,"180827100",2018/08/09,10:00:00,COLISIÓN POR ALCANCE,ASFALTO,Nublado,Regular,2,VOLKSWAGEN,ROJO,2,,33,MASCULINO,SIN DATOS,0,0,Morelia,Las Americas,agosto,jueves,10,-101.157603263855,19.6879503328915
16512,16512,2018,"180827167",2018/08/09,10:35:00,COLISIÓN POR ALCANCE,ASFALTO,Bueno,Bueno,2,NISSAN,BLANCO,2,,38,MASCULINO,SIN DATOS,0,0,Morelia,Libertad,agosto,jueves,11,-101.237715482712,19.6865461982875
16513,16513,2018,"180827193",2018/08/09,11:20:00,COLISIÓN POR CORTE DE CIRCULACIÓN,ASFALTO,Bueno,Bueno,2,TOYOTA,NEGRO,2,,32,MASCULINO,SIN DATOS,0,0,Morelia,La Esperanza,agosto,jueves,11,-101.252317428589,19.698374889592
16514,16514,2018,"180827220",2018/08/09,11:45:00,COLISIÓN POR CORTE DE CIRCULACIÓN,ASFALTO,Bueno,Bueno,1,TOYOTA,PLATA,1,,73,MASCULINO,SIN DATOS,0,0,Morelia,Sin datos,agosto,jueves,12,-101.279139518738,19.6771412095907
16515,16515,2018,,2018/08/09,11:45:00,COLISIÓN CONTRA OBJETO FIJO,ASFALTO,Bueno,Regular,1,KENWORTH,BLANCO,1,,36,MASCULINO,SIN DATOS,0,0,Los Reyes,Carlos Galvez Betancourt,agosto,jueves,12,-102.460899353027,19.5768948469427
16516,16516,2018,,2018/08/09,12:38:00,COLISIÓN POR ALCANCE,ASFALTO,Nublado,Bueno,3,CHEVROLET,NEGRA,3,MINISTERIO PÚBLICO,18,MASCULINO,SIN DATOS,0,0,Tangancícuaro,Sector 1,agosto,jueves,13,-102.203900814056,19.8893307650886
16517,16517,2018,"180827512",2018/08/09,12:40:00,COLISIÓN POR CAMBIO DE CARRIL,ASFALTO,Bueno,Bueno,4,MERCEDES BENZ,BLANCO,4,MINISTERIO PÚBLICO,22,MASCULINO,SIN DATOS,0,0,Morelia,Los Angeles,agosto,jueves,13,-101.176271438599,19.7426514804386
16518,16518,2018,,2018/08/09,13:00:00,VOLCADURA,ASFALTO,Bueno,Bueno,1,NISSAN,ROJO/ BCO,1,MINISTERIO PÚBLICO,,,,0,1,Tacámbaro,Centro,agosto,jueves,13,-101.458053588867,19.2356730056196
16519,16519,2018,"180277764",2018/08/09,13:40:00,COLISIÓN POR CORTE DE CIRCULACIÓN,ASFALTO,Bueno,Bueno,2,DODGE,GRIS,2,,56,MASCULINO,SIN DATOS,0,0,Morelia,Primo Tapia,agosto,jueves,14,-101.212223768234,19.7092734819833
16520,16520,2018,"180804946",2018/08/09,14:30:00,COLISIÓN POR ALCANCE,ASFALTO,Bueno,Bueno,2,NISSAN,GUINDA,2,,32,MASCULINO,SIN DATOS,0,0,Morelia,Las Americas,agosto,jueves,15,-101.156508922577,19.687869519723
16521,16521,2018,"180828016",2018/08/09,14:32:00,COLISIÓN POR CORTE DE CIRCULACIÓN,ASFALTO,Lluvioso,Bueno,2,TOYOTA,BLANCO Y GRIS,2,,29,MASCULINO,SIN DATOS,0,0,Morelia,Felix Ireta,agosto,jueves,15,-101.194682121277,19.6821316805244
16522,16522,2018,"180828137",2018/08/09,15:10:00,COLISIÓN POR ALCANCE,CONCRETO,Nublado,Bueno,2,NISSAN,BLANCO Y ROJO,2,,52,MASCULINO,SIN DATOS,0,0,Morelia,Centro,agosto,jueves,15,-101.190497875214,19.7030111748675
16523,16523,2018,,2018/08/09,15:30:00,SALIDA DE SUPERFICIE DE RODAMIENTO,ASFALTO,Nublado,Regular,1,NISSAN,BLANCO,1,,56,MASCULINO,SIN DATOS,0,0,Quiroga,La Pacanda,agosto,jueves,16,-101.534979343414,19.6688570887816
16524,16524,2018,,2018/08/09,15:40:00,COLISIÓN POR ALCANCE,ASFALTO,Nublado,Regular,2,FORD,GRIS,2,,43,FEMENINO,SIN DATOS,0,0,Morelia,Santa Maria de Guido,agosto,jueves,16,-101.190605163574,19.6769189582816
16525,16525,2018,"180828318",2018/08/09,15:49:00,COLISIÓN POR ALCANCE,ASFALTO,Bueno,Bueno,2,HONDA,AZUL Y GRIS,2,,25,MASCULINO,SIN DATOS,0,0,Morelia,Felix Ireta,agosto,jueves,16,-101.181592941284,19.6816265792016
16526,16526,2018,"180828330",2018/08/09,16:05:00,COLISIÓN POR CORTE DE CIRCULACIÓN,ASFALTO,Bueno,Bueno,2,YAMAHA,BLANCO,1,,,MASCULINO,SIN DATOS,0,0,Morelia,Tierra Y Libertad,agosto,jueves,16,-101.223312020302,19.7168687254341
16527,16527,2018,,2018/08/09,17:15:00,COLISIÓN POR ALCANCE,ASFALTO,Bueno,Bueno,2,NISSAN,NEGRO,0,,,,,0,0,Paracho,2 de Septiembre,agosto,jueves,17,-102.057538032532,19.6348270888747
16528,16528,2018,,2018/08/09,17:30:00,COLISIÓN CONTRA OBJETO FIJO,CONCRETO,Lluvioso,Bueno,1,VOLKSWAGEN,BLANCO,1,,28,MASCULINO,SIN DATOS,0,0,Morelia,Bosques Tres Marias,agosto,jueves,18,-101.104044914246,19.7245948994066
16529,16529,2018,,2018/08/09,17:30:00,COLISIÓN POR ALCANCE,ASFALTO,Bueno,Bueno,2,NISSAN,AZUL/BLANCO,1,,53,MASCULINO,SIN DATOS,0,0,Lázaro Cárdenas,Centro,agosto,jueves,18,-102.195693254471,17.9585567386235
16530,16530,2018,,2018/08/09,17:30:00,SALIDA DE SUPERFICIE DE RODAMIENTO,ASFALTO,Bueno,Bueno,1,FORD,ROJO,1,,35,MASCULINO,SIN DATOS,0,0,Quiroga,Centro,agosto,jueves,18,-101.516590118408,19.6634014583285
16531,16531,2018,,2018/08/09,18:10:00,SALIDA DE SUPERFICIE DE RODAMIENTO,ASFALTO,Nublado,Regular,1,CHEVROLET,ARENA,1,,28,MASCULINO,SIN DATOS,0,0,Quiroga,La Pacanda,agosto,jueves,18,-101.534914970398,19.6690591456032
16532,16532,2018,"180828885",2018/08/09,18:50:00,COLISIÓN POR CAMBIO DE CARRIL,ASFALTO,Lluvioso,Regular,2,FORD,BLANCO,2,,52,MASCULINO,SIN DATOS,0,0,Morelia,Lomas de Huerta,agosto,jueves,19,-101.210153102875,19.6723526358828
16533,16533,2018,"180828921",2018/08/09,19:20:00,COLISIÓN POR ALCANCE,CONCRETO,Lluvioso,Bueno,2,NISSAN,PLATA,2,,48,MASCULINO,SIN DATOS,0,0,Morelia,Arcos del Valle,agosto,jueves,19,-101.235719919205,19.7065413281385
16534,16534,2018,,2018/08/09,19:30:00,COLISIÓN CONTRA OBJETO FIJO,CONCRETO,Nublado,Regular,1,NISSAN,AZUL,1,,33,MASCULINO,SIN DATOS,0,0,Pátzcuaro,Centro,agosto,jueves,20,-101.608844697475,19.5187850261077
16535,16535,2018,,2018/08/10,"00:00:00",SALIDA DE SUPERFICIE DE RODAMIENTO,ASFALTO,Bueno,Bueno,1,HONDA,BLANCO,1,,0,,SIN DATOS,0,0,Paracho,Lazaro Cardenas,agosto,viernes,0,-102.047962,19.643251
16536,16536,2018,"180231418",2018/08/10,"02:27:00",COLISIÓN POR CORTE DE CIRCULACIÓN,ASFALTO,Nublado,Regular,2,SIN DATOS,SIN DATOS,2,,0,,SIN DATOS,0,0,Morelia,Sin datos,agosto,viernes,2,-101.302206516266,19.5883374102153
16537,16537,2018,"180830212",2018/08/10,"08:00:00",COLISIÓN POR CAMBIO DE CARRIL,CONCRETO,Bueno,Bueno,2,TOYOTA,GRIS,3,,44,FEMENINO,SIN DATOS,1,0,Morelia,Fuentes de Morelia,agosto,viernes,8,-101.204150319099,19.6717805736012
16538,16538,2018,"180830297",2018/08/10,"08:35:00",COLISIÓN POR ALCANCE,ASFALTO,Bueno,Bueno,2,FORD,BLANCO,2,,27,MASCULINO,SIN DATOS,0,0,Morelia,Isaac Arriaga,agosto,viernes,9,-101.166379451752,19.7101522054636
16539,16539,2018,LEG17162,2018/08/10,"08:35:00",COLISIÓN POR ALCANCE,SIN_DATOS,Bueno,Bueno,2,FORD,BLANCO,2,,27,MASCULINO,SIN DATOS,0,0,Morelia,Isaac Arriaga,agosto,viernes,9,-101.166229248047,19.710212806905
16540,16540,2018,"180830354",2018/08/10,"09:30:00",COLISIÓN POR CAMBIO DE CARRIL,ASFALTO,Bueno,Bueno,2,KIA,AZUL,2,,44,MASCULINO,SIN DATOS,0,0,Morelia,Alberto Oviedo Mota,agosto,viernes,10,-101.202020645142,19.6780504162812
16541,16541,2018,,2018/08/10,10:10:00,COLISIÓN POR CORTE DE CIRCULACIÓN,CONCRETO,Bueno,Bueno,2,VOLKSWAGEN,GRIS,2,,25,MASCULINO,SIN DATOS,0,0,Pátzcuaro,Centro,agosto,viernes,10,-101.60627245903,19.5185676121287
16542,16542,2018,"180833089",2018/08/10,12:25:00,COLISIÓN POR CORTE DE CIRCULACIÓN,CONCRETO,Bueno,Bueno,1,SIN DATOS,SIN DATOS,1,,,,,1,0,Morelia,Arboledas de Valladolid,agosto,viernes,12,-101.250413060188,19.6936854382776
16543,16543,2018,"180830972",2018/08/10,12:55:00,COLISIÓN POR ALCANCE,ASFALTO,Bueno,Bueno,2,CHEVROLET,AZUL,2,,32,FEMENINO,SIN DATOS,0,0,Morelia,Canteras de Morelia,agosto,viernes,13,-101.171658039093,19.7151214473895
16544,16544,2018,"180831159",2018/08/10,13:15:00,COLISIÓN POR INVASIÓN DE CARRIL,ASFALTO,Nublado,Regular,2,NISSAN,PLATA,2,,43,MASCULINO,SIN DATOS,0,0,Morelia,Club Campestre,agosto,viernes,13,-101.158525943756,19.6856067344478
16545,16545,2018,LEG17159,2018/08/10,13:15:00,COLISIÓN POR INVASIÓN DE CARRIL,ASFALTO,Nublado,Bueno,2,NISSAN,PLATA,2,,43,MASCULINO,SIN DATOS,0,0,Morelia,Las Americas,agosto,viernes,13,-101.153461933136,19.6874250465674
16546,16546,2018,,2018/08/10,14:15:00,COLISIÓN POR CORTE DE CIRCULACIÓN,ASFALTO,Bueno,Bueno,1,FORD,BLANCO,1,,,,SIN DATOS,0,0,Morelia,Vistas de Altozano,agosto,viernes,14,-101.167623996735,19.6556622270857
16547,16547,2018,"180831435",2018/08/10,15:05:00,COLISIÓN POR CORTE DE CIRCULACIÓN,CONCRETO,Bueno,Bueno,2,CHRYSLER,NEGRO,1,MINISTERIO PÚBLICO,,,,1,0,Morelia,Lomas de Vista Bella,agosto,viernes,15,-101.196677684784,19.6751308342589
16548,16548,2018,"180831811",2018/08/10,16:40:00,COLISIÓN POR ALCANCE,ASFALTO,Nublado,Bueno,2,NISSAN,BLANCO,2,,49,MASCULINO,SIN DATOS,0,0,Morelia,Nueva Valladolid,agosto,viernes,17,-101.207975149155,19.7011728381726
16549,16549,2018,"180831820",2018/08/10,16:55:00,COLISIÓN POR CORTE DE CIRCULACIÓN,ASFALTO,Lluvioso,Bueno,2,HONDA,PLATA,2,,59,MASCULINO,SIN DATOS,0,0,Morelia,Chapultepec Sur,agosto,viernes,17,-101.172173023224,19.6905565357066
16550,16550,2018,"180832167",2018/08/10,18:35:00,COLISIÓN POR CORTE DE CIRCULACIÓN,ASFALTO,Bueno,Bueno,2,HONDA,ROJO,0,MINISTERIO PÚBLICO,,,,0,0,Morelia,Felix Ireta,agosto,viernes,19,-101.180562973022,19.6870714874945
16551,16551,2018,,2018/08/10,18:40:00,CAIDA DE MOTOCICLETA,CONCRETO,Bueno,Bueno,1,ITALIKA,SIN DATOS,2,,,,,2,0,Morelia,Melchor Ocampo,agosto,viernes,19,-101.151214241982,19.705223211352
16552,16552,2018,"180832397",2018/08/10,19:40:00,COLISIÓN POR CORTE DE CIRCULACIÓN,ASFALTO,Bueno,Bueno,2,RENAULT,BLANCO,2,,37,FEMENINO,SIN DATOS,0,0,Morelia,Centro,agosto,viernes,20,-101.199515461922,19.6982208494858
16553,16553,2018,,2018/08/10,20:15:00,SALIDA DE SUPERFICIE DE RODAMIENTO,ASFALTO,Bueno,Bueno,1,VOLKSWAGEN,NEGRO Y AZUL,1,,36,MASCULINO,SIN DATOS,0,0,Morelia,Nicolaitas Ilustres,agosto,viernes,20,-101.228241920471,19.7195249554745
16554,16554,2018,"180832947",2018/08/10,20:20:00,SALIDA DE SUPERFICIE DE RODAMIENTO,ASFALTO,Bueno,Bueno,1,NISSAN,BLANCO,1,,24,MASCULINO,SIN DATOS,0,0,Morelia,Prados Verdes,agosto,viernes,20,-101.19701385498,19.7135458508151
16555,16555,2018,LEG17165,2018/08/10,21:30:00,COLISIÓN POR MANIOBRA DE REVERSA,ASFALTO,Bueno,Bueno,2,NISSAN,GRIS,2,,37,MASCULINO,SIN DATOS,0,0,Morelia,Centenario (Los Alamos Poniente),agosto,viernes,22,-101.173460483551,19.7329569255944
16556,16556,2018,,2018/08/11,"00:00:00",COLISIÓN POR NO RESPETAR SEMÁFORO,SIN_DATOS,Bueno,Bueno,2,CHRYSLER,AZUL Y BLANCO,2,,28,MASCULINO,SIN DATOS,0,0,Morelia,Centro,agosto,sábado,0,-101.183229088783,19.7007183011177
16557,16557,2018,,2018/08/11,"01:00:00",COLISIÓN CONTRA OBJETO FIJO,ASFALTO,Lluvioso,Regular,1,VOLKSWAGEN,NEGRO,1,,19,MASCULINO,SIN DATOS,0,0,Pátzcuaro,Centro,agosto,sábado,1,-101.611910462379,19.5350245177109
16558,16558,2018,"180833342",2018/08/11,"01:05:00",COLISIÓN POR MANIOBRA DE REVERSA,ASFALTO,Bueno,Bueno,2,FORD,GRIS,2,,20,MASCULINO,ALIENTO ETÍLICO,0,0,Morelia,Felix Ireta,agosto,sábado,1,-101.189306974411,19.690440368655
16559,16559,2018,,2018/08/11,"02:20:00",VOLCADURA,ASFALTO,Bueno,Bueno,1,VOLKSWAGEN,ROJO,1,,,,SIN DATOS,0,0,Zitácuaro,Sin datos,agosto,sábado,2,-100.377402305603,19.4897753741049
16560,16560,2018,"180833090",2018/08/11,"02:55:00",COLISIÓN CONTRA OBJETO FIJO,ASFALTO,Bueno,Bueno,1,CHEVROLET,AZUL,1,,,MASCULINO,ALIENTO ETÍLICO,0,0,Morelia,Los Angeles,agosto,sábado,3,-101.177279949188,19.7403086836162
16561,16561,2018,"180833473",2018/08/11,"03:35:00",COLISIÓN CONTRA OBJETO FIJO,ASFALTO,Bueno,Bueno,1,NISSAN,BLANCO,1,MINISTERIO PÚBLICO,36,FEMENINO,SIN DATOS,0,0,Morelia,Las Americas,agosto,sábado,4,-101.158912181854,19.6879503328915
16563,16563,2018,"180833526",2018/08/11,"05:20:00",COLISIÓN POR CORTE DE CIRCULACIÓN,ASFALTO,Bueno,Bueno,2,CHEVROLET,ROJO,2,,20,MASCULINO,ALIENTO ETÍLICO,0,0,Morelia,Libertad,agosto,sábado,5,-101.238144636154,19.6874351482437
16564,16564,2018,"180833583",2018/08/11,"06:35:00",COLISIÓN CONTRA OBJETO FIJO,ASFALTO,Bueno,Bueno,1,TOYOTA,NEGRO,0,,,,,0,0,Morelia,Los Manantiales de Morelia,agosto,sábado,7,-101.24027967453,19.6928798590383
16565,16565,2018,"180833570",2018/08/11,"06:40:00",COLISIÓN POR CORTE DE CIRCULACIÓN,ASFALTO,Bueno,Bueno,2,CHEVROLET,BLANCO,2,,24,MASCULINO,SIN DATOS,0,0,Morelia,Articulo Constitucional,agosto,sábado,7,-101.17000579834,19.7133388001111
16566,16566,2018,"180833601",2018/08/11,"07:40:00",COLISIÓN POR ALCANCE,ASFALTO,Bueno,Bueno,3,DODGE,BLANCO,5,,38,FEMENINO,SIN DATOS,2,0,Morelia,Felix Ireta,agosto,sábado,8,-101.192064285278,19.6824347405535
16567,16567,2018,"180833637",2018/08/11,"07:53:00",COLISIÓN CONTRA OBJETO FIJO,ASFALTO,Bueno,Bueno,1,CHEVROLET,BLANCO,1,MINISTERIO PÚBLICO,,MASCULINO,ALIENTO ETÍLICO,0,0,Morelia,Gildardo Magaña,agosto,sábado,8,-101.230704188347,19.7261400893822
16568,16568,2018,,2018/08/11,"08:30:00",COLISIÓN POR CORTE DE CIRCULACIÓN,ASFALTO,Bueno,Bueno,1,CHEVROLET,BLANCO,1,,35,MASCULINO,SIN DATOS,0,0,Morelia,Solidaridad,agosto,sábado,9,-101.207685470581,19.7262511808962
16569,16569,2018,,2018/08/11,10:33:00,SALIDA DE SUPERFICIE DE RODAMIENTO,ASFALTO,Bueno,Bueno,1,CHEVROLET,GRIS,0,,,,,0,0,Sin datos,Sin datos,agosto,sábado,11,-100.8544921875,18.1139795689312
16570,16570,2018,,2018/08/11,11:15:00,SALIDA DE SUPERFICIE DE RODAMIENTO,ASFALTO,Bueno,Bueno,2,BMW,AZUL,2,MINISTERIO PÚBLICO,49,MASCULINO,SIN DATOS,0,0,Coeneo,Centro,agosto,sábado,11,-101.584138870239,19.8219429269038
16571,16571,2018,"180834486",2018/08/11,12:21:00,COLISIÓN POR CORTE DE CIRCULACIÓN,ASFALTO,Bueno,Bueno,1,MERCEDES BENZ,BLANCO Y VERDE,1,,,MASCULINO,SIN DATOS,0,0,Morelia,Nueva Valladolid,agosto,sábado,12,-101.213532686234,19.6973647878336
16572,16572,2018,"180461432",2018/08/11,13:00:00,COLISIÓN CONTRA OBJETO FIJO,ASFALTO,Bueno,Bueno,1,FREIGHTLINER,AZUL,1,,52,MASCULINO,SIN DATOS,0,0,Morelia,La Soledad,agosto,sábado,13,-101.183395385742,19.728271013137
16573,16573,2018,"180834571",2018/08/11,13:00:00,COLISIÓN POR MANIOBRA DE REVERSA,ASFALTO,Bueno,Bueno,2,CHEVROLET,BLANCO,2,,0,MASCULINO,SIN DATOS,0,0,Morelia,El Lago 1,agosto,sábado,13,-101.217749118805,19.7272005052295
16574,16574,2018,"180834481",2018/08/11,13:35:00,COLISIÓN POR CORTE DE CIRCULACIÓN,ASFALTO,Bueno,Bueno,1,VOLKSWAGEN,BLANCO,1,,,,SIN DATOS,0,0,Morelia,Lomas de Hidalgo,agosto,sábado,14,-101.158879995346,19.695586993255
16575,16575,2018,"180845535",2018/08/11,16:01:00,COLISIÓN POR ALCANCE,ASFALTO,Bueno,Bueno,2,RENAULT,CAFE,2,,0,FEMENINO,SIN DATOS,0,0,Morelia,Felix Ireta,agosto,sábado,16,-101.191790699959,19.6823286696086
16576,16576,2018,"180230032",2018/08/11,16:25:00,COLISIÓN POR CAMBIO DE CARRIL,ASFALTO,Bueno,Bueno,2,INTERNATIONAL,BLANCO,2,,28,MASCULINO,SIN DATOS,0,0,Morelia,Jardines del Rincon,agosto,sábado,16,-101.149575412273,19.6910552954596