fid,id_accidente,anio_origen,folio_c5i,dia_incidente,hora_ocurrencia,tipo_incidente_vial,superficie_ocurrencia,condiciones_climaticas,condiciones_via,numero_vehiculos_involucrados,marca_vehiculo_ocasiona_siniestro,color_vehiculo_ocasiona_siniestro,numero_personas_involucradas,lugar_remite_presunto_responsable,edad_presunto_responsable,sexo_presunto_responsable,resultados_toxicologia,numero_personas_lesionadas,numero_personas_fallecidas,municipio,colonia,mes,dia_semana,hora_redondeada,lon,lat
16577,16577,2018,"180835524",2018/08/11,18:01:00,COLISIÓN POR CORTE DE CIRCULACIÓN,ASFALTO,Lluvioso,Bueno,1,CHEVROLET,BLANCO,1,,33,MASCULINO,SIN DATOS,0,0,Morelia,Comision Federal de Electricidad,agosto,sábado,18,-101.180085539818,19.6815003036221
16578,16578,2018,"180835805",2018/08/11,18:05:00,COLISIÓN CONTRA OBJETO FIJO,ASFALTO,Bueno,Bueno,2,CHRYSLER,ROJO,2,,27,MASCULINO,SIN DATOS,0,0,Morelia,Enrique Arreguin Robles,agosto,sábado,18,-101.185154914856,19.7199491402152
16579,16579,2018,"180835531",2018/08/11,18:15:00,COLISIÓN POR CORTE DE CIRCULACIÓN,CONCRETO,Bueno,Bueno,2,YAMAHA,AZUL,2,,34,MASCULINO,SIN DATOS,0,0,Morelia,Cosmos,agosto,sábado,18,-101.22101984797,19.681909763558
16580,16580,2018,"180835914",2018/08/11,19:00:00,COLISIÓN POR CORTE DE CIRCULACIÓN,CONCRETO,Lluvioso,Bueno,2,FORD,ARENA,1,MINISTERIO PÚBLICO,,,SIN DATOS,0,0,Morelia,La Colina,agosto,sábado,19,-101.217236816883,19.7094527621659
16581,16581,2018,,2018/08/11,19:00:00,COLISIÓN POR INVASIÓN DE CARRIL,ASFALTO,Bueno,Regular,2,HONDA,ROJO,4,,44,MASCULINO,SIN DATOS,2,0,Hidalgo,Sin datos,agosto,sábado,19,-100.702056884766,19.6685742088034
16582,16582,2018,"180836018",2018/08/11,19:35:00,COLISIÓN POR CORTE DE CIRCULACIÓN,ASFALTO,Bueno,Bueno,2,SEAT,ROJO,2,,54,MASCULINO,SIN DATOS,0,0,Morelia,Ventura Puente,agosto,sábado,20,-101.190626621246,19.6936677610337
16583,16583,2018,"180836599",2018/08/11,23:20:00,COLISIÓN POR CORTE DE CIRCULACIÓN,SIN_DATOS,Bueno,Bueno,1,CHEVROLET,BLANCO,1,,,,SIN DATOS,0,0,Morelia,San Pascual,agosto,sábado,23,-101.267337799072,19.6954253745868
16584,16584,2018,"180839890",2018/08/11,23:30:00,COLISIÓN POR NO RESPETAR SEMÁFORO,ASFALTO,Bueno,Bueno,2,CHEVROLET,GRIS,2,,25,FEMENINO,SIN DATOS,0,0,Morelia,Las Flores,agosto,sábado,0,-101.206140518188,19.7025162401428
16585,16585,2018,"004116446",2018/08/12,"00:00:00",COLISIÓN POR ALCANCE,ASFALTO,Bueno,Bueno,3,SIN DATO,GRIS,3,,37,MASCULINO,SIN DATOS,0,0,Lázaro Cárdenas,Centro,agosto,domingo,0,-102.190554141998,17.9518001548532
16586,16586,2018,,2018/08/12,"01:26:00",COLISIÓN POR CORTE DE CIRCULACIÓN,ASFALTO,Bueno,Bueno,1,SUZUKI,BLANCO,1,,0,,SIN DATOS,0,0,Tarímbaro,Sin datos,agosto,domingo,1,-101.1678814888,19.7584846539445
16587,16587,2018,,2018/08/12,"02:00:00",COLISIÓN POR CORTE DE CIRCULACIÓN,CONCRETO,Bueno,Bueno,2,NISSAN,VERDE,2,,35,MASCULINO,SIN DATOS,0,0,Morelia,Chapultepec Sur,agosto,domingo,2,-101.171019673347,19.6917384043974
16588,16588,2018,"180837005",2018/08/12,"04:45:00",SALIDA DE SUPERFICIE DE RODAMIENTO,ASFALTO,Lluvioso,Regular,1,JEEP,VERDE,1,,0,,SIN DATOS,0,0,Morelia,Ampliacion La Soledad,agosto,domingo,5,-101.183094978333,19.7319874377425
16589,16589,2018,"180837001",2018/08/12,"04:47:00",COLISIÓN CONTRA OBJETO FIJO,CONCRETO,Bueno,Bueno,1,MAZDA,GUINDA,1,,28,MASCULINO,SIN DATOS,0,0,Morelia,Barrio Alto,agosto,domingo,5,-101.196999549866,19.7249988720846
16590,16590,2018,,2018/08/12,"05:30:00",COLISIÓN CONTRA OBJETO FIJO,ASFALTO,Lluvioso,Regular,1,CHRYSLER,ROJO,1,,26,MASCULINO,SIN DATOS,0,0,Morelia,Pascual Ortiz de Ayala,agosto,domingo,6,-101.152845025063,19.6950099633551
16591,16591,2018,,2018/08/12,"07:00:00",COLISIÓN CONTRA OBJETO FIJO,SIN_DATOS,Bueno,Bueno,2,HONDA,GRIS,2,,0,MASCULINO,SIN DATOS,0,0,Morelia,Rinconada del Valle,agosto,domingo,7,-101.221777796745,19.6775402509401
16592,16592,2018,"180837161",2018/08/12,"08:35:00",SALIDA DE SUPERFICIE DE RODAMIENTO,ASFALTO,Nublado,Regular,1,PONTIAC,AZUL,1,,17,MASCULINO,SIN DATOS,0,0,Morelia,Sin datos,agosto,domingo,9,-101.114645004272,19.7370367891479
16593,16593,2018,"180837438",2018/08/12,11:10:00,COLISIÓN POR CORTE DE CIRCULACIÓN,ASFALTO,Bueno,Bueno,2,TOYOTA,BLANCO,2,,25,MASCULINO,SIN DATOS,0,0,Morelia,Indeco Santiaguito,agosto,domingo,11,-101.178760528564,19.7203228258399
16594,16594,2018,,2018/08/12,12:10:00,COLISIÓN POR MANIOBRA DE REVERSA,CONCRETO,Bueno,Bueno,2,FORD,ROJO,2,,47,MASCULINO,SIN DATOS,0,0,Pátzcuaro,Centro,agosto,domingo,12,-101.61092877388,19.5228147159797
16595,16595,2018,"180837713",2018/08/12,12:20:00,COLISIÓN POR CORTE DE CIRCULACIÓN,ASFALTO,Nublado,Regular,3,JEEP,NEGRO,3,MINISTERIO PÚBLICO,43,FEMENINO,SIN DATOS,0,0,Morelia,Chapultepec Sur,agosto,domingo,12,-101.173047423363,19.6912333333748
16596,16596,2018,"180837964",2018/08/12,13:25:00,COLISIÓN POR ALCANCE,ASFALTO,Bueno,Bueno,2,HONDA,PLATA,2,,23,MASCULINO,SIN DATOS,0,0,Morelia,Ventura Puente,agosto,domingo,13,-101.19529902935,19.6954001216552
16597,16597,2018,"180838100",2018/08/12,14:00:00,COLISIÓN POR CORTE DE CIRCULACIÓN,ASFALTO,Bueno,Bueno,1,FORD,BLANCO,1,,47,MASCULINO,SIN DATOS,0,0,Morelia,Sin datos,agosto,domingo,14,-101.354917287827,19.6785050176915
16598,16598,2018,"180838212",2018/08/12,14:20:00,COLISIÓN POR CORTE DE CIRCULACIÓN,CONCRETO,Nublado,Regular,2,FORD,BLANCO,2,MINISTERIO PÚBLICO,28,MASCULINO,SIN DATOS,0,0,Morelia,Cuauhtemoc,agosto,domingo,14,-101.182944774628,19.6943243430674
16599,16599,2018,"180383484",2018/08/12,16:30:00,COLISIÓN POR CAMBIO DE CARRIL,ASFALTO,Lluvioso,Regular,2,DODGE,NEGRO,2,,27,MASCULINO,SIN DATOS,0,0,Morelia,Centro,agosto,domingo,17,-101.191652566195,19.698114157686
16600,16600,2018,"180838671",2018/08/12,16:52:00,COLISIÓN POR CORTE DE CIRCULACIÓN,ASFALTO,Bueno,Bueno,2,NISSAN,BLANCO,2,,48,MASCULINO,SIN DATOS,0,0,Morelia,El Lago 1,agosto,domingo,17,-101.212170124054,19.7267157445725
16601,16601,2018,"180838806",2018/08/12,17:20:00,COLISIÓN POR INVASIÓN DE CARRIL,ASFALTO,Nublado,Regular,2,INTERNATIONAL,ROJO,2,,75,MASCULINO,SIN DATOS,0,0,Morelia,Gertrudis Bocanegra,agosto,domingo,17,-101.212695837021,19.7019606993424
16602,16602,2018,,2018/08/12,17:30:00,SALIDA DE SUPERFICIE DE RODAMIENTO,ASFALTO,Nublado,Regular,1,DODGE,GUINDA,1,,27,MASCULINO,SIN DATOS,0,0,Cuitzeo,Sin datos,agosto,domingo,18,-101.160500049591,19.9699606890526
16603,16603,2018,,2018/08/12,18:25:00,VOLCADURA,ASFALTO,Bueno,Bueno,1,NISSAN,GUINDA,0,MINISTERIO PÚBLICO,,,,0,0,Zamora,Juarez,agosto,domingo,18,-102.298078536987,19.9952889848225
16604,16604,2018,"180838942",2018/08/12,18:25:00,COLISIÓN POR CAMBIO DE CARRIL,ASFALTO,Bueno,Bueno,2,TOYOTA,BLANCO Y GRIS,2,,43,MASCULINO,SIN DATOS,0,0,Morelia,Comision Federal de Electricidad,agosto,domingo,18,-101.178438663483,19.6815912220494
16607,16607,2018,,2018/08/12,20:20:00,COLISIÓN POR ALCANCE,ASFALTO,Lluvioso,Regular,2,NISSAN,BLANCO,2,,22,MASCULINO,SIN DATOS,0,0,Morelia,Los Manantiales de Morelia,agosto,domingo,20,-101.241054832935,19.6943773745757
16609,16609,2018,"180839617",2018/08/12,21:45:00,COLISIÓN POR CORTE DE CIRCULACIÓN,ASFALTO,Bueno,Bueno,2,FORD,NEGRO,2,,37,MASCULINO,SIN DATOS,0,0,Morelia,Las Margaritas,agosto,domingo,22,-101.208924651146,19.7084149543802
16610,16610,2018,,2018/08/12,21:45:00,SALIDA DE SUPERFICIE DE RODAMIENTO,ADOQUIN_EMPEDRADO,Lluvioso,Regular,1,JEEP,VERDE,1,,0,,SIN DATOS,0,0,Pátzcuaro,Michoacan Seccion-A,agosto,domingo,22,-101.5993309021,19.5141990460236
16611,16611,2018,"180839791",2018/08/12,22:20:00,SALIDA DE SUPERFICIE DE RODAMIENTO,ASFALTO,Lluvioso,Regular,1,NISSAN,BLANCO,1,,29,FEMENINO,ALIENTO ETÍLICO,0,0,Tarímbaro,Sin datos,agosto,domingo,22,-101.167731285095,19.7585654314135
16612,16612,2018,,2018/08/12,22:25:00,COLISIÓN POR INVASIÓN DE CARRIL,ASFALTO,Bueno,Bueno,2,VOLVO,AZUL-AMARILLO,2,MINISTERIO PÚBLICO,0,MASCULINO,SIN DATOS,0,0,Zamora,Jardines de Catedral,agosto,domingo,22,-102.284088134766,19.9795601082613
16613,16613,2018,,2018/08/13,"00:00:00",COLISIÓN CONTRA OBJETO FIJO,CONCRETO,Bueno,Bueno,1,ITALIKA,NARANJA,1,MINISTERIO PÚBLICO,,,,1,0,Sahuayo,Las Rosas,agosto,lunes,0,-102.72224843502,20.048100291994
16614,16614,2018,LEG17215,2018/08/13,"00:05:00",COLISIÓN POR CORTE DE CIRCULACIÓN,ASFALTO,Nublado,Regular,1,NISSAN,PLATINO,1,,23,MASCULINO,SIN DATOS,0,0,Morelia,Felix Ireta,agosto,lunes,0,-101.195669174194,19.681586171027
16615,16615,2018,"180840332",2018/08/13,"08:30:00",COLISIÓN POR ALCANCE,ASFALTO,Lluvioso,Bueno,2,CHEVROLET,ROJO,2,,26,MASCULINO,SIN DATOS,0,0,Morelia,Campestre Los Manantiales,agosto,lunes,9,-101.238219738007,19.6879907394604
16616,16616,2018,"180840395",2018/08/13,"09:00:00",COLISIÓN POR ALCANCE,ASFALTO,Nublado,Bueno,2,DINA,VERDE,2,,46,MASCULINO,SIN DATOS,0,0,Morelia,Lomas del Tecnologico,agosto,lunes,9,-101.188352108002,19.721282284929
16617,16617,2018,,2018/08/13,"09:00:00",SALIDA DE SUPERFICIE DE RODAMIENTO,ASFALTO,Bueno,Regular,1,CHEVROLET,NEGRO,1,,38,MASCULINO,SIN DATOS,0,0,Copándaro,Sin datos,agosto,lunes,9,-101.148505210876,19.8965340594372
16619,16619,2018,,2018/08/13,"09:45:00",VOLCADURA,ASFALTO,Lluvioso,Regular,1,TOYOTA,GRIS,1,,46,MASCULINO,SIN DATOS,0,0,Quiroga,Centro,agosto,lunes,10,-101.516182422638,19.6633004263842
16620,16620,2018,,2018/08/13,10:50:00,COLISIÓN POR CORTE DE CIRCULACIÓN,ASFALTO,Bueno,Bueno,1,YAMAHA,BLANCO,1,,20,MASCULINO,SIN DATOS,0,0,Morelia,Canteras de Morelia,agosto,lunes,11,-101.173406839371,19.7163031346313
16621,16621,2018,,2018/08/13,11:50:00,COLISIÓN POR CAMBIO DE CARRIL,ASFALTO,Bueno,Bueno,2,NISSAN,BLANCO/AZUL,2,,38,MASCULINO,SIN DATOS,0,0,Lázaro Cárdenas,Centro,agosto,lunes,12,-102.193349003792,17.9555561124459
16622,16622,2018,"180841076",2018/08/13,12:33:00,COLISIÓN POR ALCANCE,CONCRETO,Lluvioso,Bueno,2,NISSAN,ROJO,1,,27,MASCULINO,SIN DATOS,0,0,Morelia,Arcos del Valle,agosto,lunes,13,-101.236267089844,19.7077887313396
16623,16623,2018,"180841117",2018/08/13,12:45:00,COLISIÓN POR NO RESPETAR SEMÁFORO,ASFALTO,Nublado,Bueno,2,VOLKSWAGEN,PLATA,3,,33,FEMENINO,SIN DATOS,1,0,Morelia,Arboledas,agosto,lunes,13,-101.209501783968,19.6801086170347
16624,16624,2018,"180841313",2018/08/13,13:00:00,COLISIÓN CONTRA OBJETO FIJO,ASFALTO,Bueno,Bueno,1,NISSAN,ROSA,1,,38,MASCULINO,SIN DATOS,0,0,Morelia,Arcos del Valle,agosto,lunes,13,-101.236267089844,19.7077887313396
16625,16625,2018,,2018/08/13,14:30:00,COLISIÓN CON PEATÓN,ASFALTO,Bueno,Bueno,2,TOYOTA,BLANCO,3,,44,FEMENINO,SIN DATOS,1,0,Cuitzeo,La Concepcion,agosto,lunes,15,-101.14977657795,19.9698447261087
16626,16626,2018,"180841463",2018/08/13,15:05:00,COLISIÓN POR CORTE DE CIRCULACIÓN,CONCRETO,Bueno,Bueno,1,VOLKSWAGEN,PLATA,1,,,,SIN DATOS,0,0,Morelia,Valle Quieto,agosto,lunes,15,-101.203131079674,19.6830875804183
16627,16627,2018,"18083201",2018/08/13,15:05:00,COLISIÓN POR INVASIÓN DE CARRIL,ASFALTO,Lluvioso,Bueno,2,NISSAN,BLANCO,2,,23,FEMENINO,SIN DATOS,0,0,Morelia,Centro,agosto,lunes,15,-101.191549301147,19.7030313762523
16628,16628,2018,,2018/08/13,16:25:00,SUBIDA AL CAMELLÓN,ASFALTO,Bueno,Bueno,1,PEUGEOT,GRIS,1,,40,MASCULINO,SIN DATOS,0,0,Morelia,Alberto Oviedo Mota,agosto,lunes,16,-101.202063560486,19.6778685753558
16629,16629,2018,,2018/08/13,16:40:00,COLISIÓN CONTRA OBJETO FIJO,ASFALTO,Bueno,Bueno,1,INTERNATIONAL,BLANCO,0,,,,,0,0,Morelia,Central de Abastos,agosto,lunes,17,-101.171722412109,19.7161415368915
16630,16630,2018,,2018/08/13,17:15:00,COLISIÓN CONTRA OBJETO FIJO,CONCRETO,Bueno,Bueno,2,GENERALMOTORS,SIN DATOS,2,,0,FEMENINO,SIN DATOS,0,0,Pátzcuaro,Centro,agosto,lunes,17,-101.609603762627,19.5188558119912
16631,16631,2018,,2018/08/13,18:15:00,COLISIÓN POR ALCANCE,ASFALTO,Nublado,Bueno,2,FORD,CAFE,2,,34,MASCULINO,SIN DATOS,0,0,Puruándiro,Centro,agosto,lunes,18,-101.515472,20.087439
16632,16632,2018,,2018/08/13,18:15:00,COLISIÓN CON PEATÓN,ASFALTO,Nublado,Bueno,2,FORD,CAFE,2,,34,MASCULINO,SIN DATOS,0,0,Puruándiro,Centro,agosto,lunes,18,-101.515472,20.087439
16633,16633,2018,,2018/08/13,18:35:00,COLISIÓN POR ALCANCE,ASFALTO,Nublado,Bueno,2,KENWORTH,VERDE,2,,34,MASCULINO,SIN DATOS,0,0,Morelia,Ana Maria Gallaga (Riviera Norte),agosto,lunes,19,-101.223585605621,19.6767396416597
16634,16634,2018,,2018/08/13,19:30:00,COLISIÓN CON PEATÓN,ASFALTO,Bueno,Bueno,2,DODGE,CAFE,1,,25,MASCULINO,SIN DATOS,0,0,Cuitzeo,La Concepcion,agosto,lunes,20,-101.149792671204,19.9702984936638
16635,16635,2018,,2018/08/13,21:00:00,COLISIÓN POR ALCANCE,ASFALTO,Bueno,Bueno,2,NISSAN,GRIS,2,,35,MASCULINO,SIN DATOS,0,0,Morelia,Canteras de Morelia,agosto,lunes,21,-101.171620488167,19.7149497485166
16636,16636,2018,"180843283",2018/08/13,21:07:00,COLISIÓN POR CAMBIO DE CARRIL,ASFALTO,Lluvioso,Bueno,2,CHEVROLET,ROJO,2,MINISTERIO PÚBLICO,26,FEMENINO,SIN DATOS,0,0,Morelia,Loma de Los Piñones,agosto,lunes,21,-101.205089092255,19.67427212354
16637,16637,2018,,2018/08/13,21:15:00,COLISIÓN POR ALCANCE,ASFALTO,Lluvioso,Regular,2,NISSAN,GRIS,2,MINISTERIO PÚBLICO,0,,SIN DATOS,0,0,Zacapu,Moderna,agosto,lunes,21,-101.782793998718,19.8078522470695
16639,16639,2018,"180843027",2018/08/13,21:45:00,CAIDA DE MOTOCICLETA,CONCRETO,Lluvioso,Bueno,1,YAMAHA,BLANCO,1,,23,MASCULINO,SIN DATOS,0,0,Morelia,Bosques Tres Marias,agosto,lunes,22,-101.104130744934,19.7245141047485
16640,16640,2018,,2018/08/13,21:45:00,SALIDA DE SUPERFICIE DE RODAMIENTO,ASFALTO,Bueno,Bueno,1,NISSAN,GRIS,1,,33,MASCULINO,SIN DATOS,0,0,Parácuaro,Rafael Bejar,agosto,lunes,22,-102.231903076172,19.1412356020363
16641,16641,2018,"180843509",2018/08/14,"01:45:00",COLISIÓN CONTRA OBJETO FIJO,ASFALTO,Nublado,Bueno,1,MAZDA,ROJO,1,,,,SIN DATOS,0,0,Morelia,Ignacio Zaragoza,agosto,martes,2,-101.205325126648,19.7255442335799
16642,16642,2018,,2018/08/14,"06:13:00",COLISIÓN CONTRA OBJETO FIJO,ASFALTO,Bueno,Bueno,1,NISSAN,BLANCO Y AMARILLO,1,,23,MASCULINO,SIN DATOS,0,0,Morelia,Indeco Santiaguito,agosto,martes,6,-101.175091266632,19.7239561155255
16643,16643,2018,,2018/08/14,"06:15:00",COLISIÓN POR CORTE DE CIRCULACIÓN,ASFALTO,Nublado,Bueno,2,VOLKSWAGEN,GRIS,1,,,MASCULINO,SIN DATOS,0,0,Morelia,Bicentenario,agosto,martes,6,-101.177988052368,19.7393796339778
16644,16644,2018,"180843710",2018/08/14,"08:00:00",COLISIÓN POR NO RESPETAR SEMÁFORO,CONCRETO,Bueno,Bueno,2,ITALIKA,NEGRO Y ROJO,1,MINISTERIO PÚBLICO,,,,1,0,Morelia,Centro,agosto,martes,8,-101.1906722188,19.6959506346616
16645,16645,2018,"180843823",2018/08/14,"09:05:00",COLISIÓN POR CORTE DE CIRCULACIÓN,ASFALTO,Bueno,Bueno,2,SIN DATOS,BLANCO,1,,,,,1,0,Morelia,Lomas del Tecnologico,agosto,martes,9,-101.188336014748,19.7211812895066
16646,16646,2018,"180843613",2018/08/14,"09:45:00",COLISIÓN CONTRA OBJETO FIJO,ASFALTO,Bueno,Bueno,1,VOLKSWAGEN,AZUL,1,,53,MASCULINO,SIN DATOS,0,0,Morelia,El Lago 3,agosto,martes,10,-101.220860481262,19.7274630833047
16648,16648,2018,,2018/08/14,10:00:00,COLISIÓN POR ALCANCE,ASFALTO,Bueno,Regular,2,DINA,GUINDA/BLANCO,2,,48,MASCULINO,SIN DATOS,0,0,Los Reyes,Jardin,agosto,martes,10,-102.472743988037,19.5942807529641
16649,16649,2018,"180844145",2018/08/14,11:20:00,COLISIÓN POR CORTE DE CIRCULACIÓN,ASFALTO,Bueno,Bueno,2,VOLKSWAGEN,AZUL,2,,26,MASCULINO,SIN DATOS,0,0,Morelia,Santa Maria,agosto,martes,11,-101.200540065765,19.6779089844682
16650,16650,2018,"180844134",2018/08/14,11:20:00,COLISIÓN CONTRA OBJETO FIJO,ASFALTO,Bueno,Bueno,1,FORD,VERDE,1,,38,MASCULINO,SIN DATOS,0,0,Morelia,Felix Ireta,agosto,martes,11,-101.194585561752,19.6820104563522
16651,16651,2018,,2018/08/14,13:30:00,COLISIÓN POR ALCANCE,ASFALTO,Bueno,Bueno,2,YAMAHA,NEGRO,4,MINISTERIO PÚBLICO,30,MASCULINO,SIN DATOS,2,0,Sahuayo,Centro,agosto,martes,14,-102.716417312622,20.0554676663353
16652,16652,2018,"180844937",2018/08/14,14:25:00,COLISIÓN POR CORTE DE CIRCULACIÓN,ASFALTO,Bueno,Bueno,2,NISSAN,BLANCO,3,,20,MASCULINO,SIN DATOS,1,0,Morelia,Pascual Ortiz de Ayala,agosto,martes,14,-101.152988126012,19.6956914277112
16653,16653,2018,"180844899",2018/08/14,14:50:00,COLISIÓN POR NO RESPETAR SEMÁFORO,CONCRETO,Bueno,Bueno,2,MERCEDES BENZ,NARANJA,2,,28,MASCULINO,SIN DATOS,0,0,Morelia,Gertrudis Bocanegra,agosto,martes,15,-101.209852695465,19.7021526136552
16654,16654,2018,"180844947",2018/08/14,15:00:00,COLISIÓN POR CORTE DE CIRCULACIÓN,CONCRETO,Bueno,Bueno,2,SIN DATOS,SIN DATOS,3,,0,,SIN DATOS,1,0,Morelia,Margarita Maza de Juarez,agosto,martes,15,-101.255410015583,19.6919732618801
16655,16655,2018,"180845326",2018/08/14,15:45:00,COLISIÓN POR MANIOBRA DE REVERSA,ASFALTO,Bueno,Bueno,2,AUDI,PLATA,2,,64,FEMENINO,SIN DATOS,0,0,Morelia,La Loma,agosto,martes,16,-101.179597377777,19.6807527501521
16656,16656,2018,"180845402",2018/08/14,16:50:00,COLISIÓN POR INVASIÓN DE CARRIL,CONCRETO,Bueno,Bueno,2,NISSAN,BLANCO,2,,33,FEMENINO,SIN DATOS,0,0,Morelia,Gertrudis Bocanegra,agosto,martes,17,-101.207749843597,19.7044050644355
16657,16657,2018,"180845824",2018/08/14,17:50:00,COLISIÓN POR CAMBIO DE CARRIL,ASFALTO,Nublado,Bueno,2,TOYOTA,PLATA,2,,33,MASCULINO,SIN DATOS,0,0,Morelia,Jardines de Torremolinos,agosto,martes,18,-101.225666999817,19.6769189582816
16658,16658,2018,"180846336",2018/08/14,21:10:00,COLISIÓN POR ALCANCE,ASFALTO,Bueno,Bueno,2,KENWORTH,BLANCO,2,,35,MASCULINO,SIN DATOS,0,0,Morelia,Francisco J Mujica,agosto,martes,21,-101.185562610626,19.7241101308451
16659,16659,2018,"180846372",2018/08/14,21:50:00,COLISIÓN POR CORTE DE CIRCULACIÓN,ASFALTO,Bueno,Bueno,2,ITALIKA,NEGRO,2,,26,MASCULINO,SIN DATOS,0,0,Morelia,Obrera,agosto,martes,22,-101.186442375183,19.7083745529677
16660,16660,2018,"180849831",2018/08/15,"00:00:00",COLISIÓN CONTRA OBJETO FIJO,ASFALTO,Bueno,Bueno,2,VOLKSWAGEN,BNLANCO,1,,61,MASCULINO,SIN DATOS,0,0,Morelia,Industrial,agosto,miércoles,0,-101.193201541901,19.7120661898961
16662,16662,2018,,2018/08/15,"04:30:00",SUBIDA AL CAMELLÓN,ASFALTO,Lluvioso,Bueno,1,RENAULT,NEGRO,1,,33,FEMENINO,ALIENTO ETÍLICO,0,0,Morelia,Tlalpujahua,agosto,miércoles,5,-101.21871471405,19.6764239428942
16663,16663,2018,"180846899",2018/08/15,"07:40:00",COLISIÓN CON PEATÓN,CONCRETO,Nublado,Regular,1,YAMAHA,BLANCO,1,,,MASCULINO,SIN DATOS,0,0,Morelia,Martires de Uruapan,agosto,miércoles,8,-101.197319408167,19.725017061641
16664,16664,2018,"180846945",2018/08/15,"07:52:00",COLISIÓN POR INVASIÓN DE CARRIL,CONCRETO,Bueno,Bueno,2,BAJAJ,BLANCO Y NEGRO,2,,25,MASCULINO,SIN DATOS,0,0,Morelia,Granjas del Maestro,agosto,miércoles,8,-101.19380235672,19.7127277464703
16666,16666,2018,,2018/08/15,10:00:00,COLISIÓN POR INVASIÓN DE CARRIL,ASFALTO,Bueno,Regular,2,VW,BLANCO,3,,33,MASCULINO,SIN DATOS,1,0,Los Reyes,San Juan de Dios,agosto,miércoles,10,-102.478322982788,19.6055199440284
16667,16667,2018,"180847387",2018/08/15,11:43:00,COLISIÓN CONTRA OBJETO FIJO,CONCRETO,Bueno,Bueno,1,KENWORTH,AZUL,1,,,MASCULINO,SIN DATOS,0,0,Morelia,Granjas Unidas de Morelia,agosto,miércoles,12,-101.276092529297,19.6922131697056
16668,16668,2018,"180847966",2018/08/15,13:27:00,COLISIÓN POR CORTE DE CIRCULACIÓN,ASFALTO,Bueno,Bueno,2,NISSAN,BLANCO Y AZUL,2,,25,MASCULINO,SIN DATOS,0,0,Morelia,Molino de Parras,agosto,miércoles,13,-101.20676279068,19.7016980793835
16669,16669,2018,"180848397",2018/08/15,15:10:00,VOLCADURA,ASFALTO,Bueno,Bueno,1,CARMEX,NARANJA,0,,,,,0,0,Morelia,Ciudad Industrial,agosto,miércoles,15,-101.137736141682,19.7316365018874
16670,16670,2018,,2018/08/15,15:40:00,COLISIÓN POR CORTE DE CIRCULACIÓN,CONCRETO,Bueno,Bueno,2,NISSAN,BLANCO,2,,35,MASCULINO,SIN DATOS,0,0,Morelia,Felix Ireta,agosto,miércoles,16,-101.188266277313,19.6851319495507
16671,16671,2018,"180848475",2018/08/15,16:40:00,COLISIÓN CON PEATÓN,ASFALTO,Bueno,Bueno,2,VENTO,NEGRO,2,,29,MASCULINO,SIN DATOS,0,0,Morelia,Independencia,agosto,miércoles,17,-101.175670623779,19.7110006235531
16672,16672,2018,"180848731",2018/08/15,17:20:00,COLISIÓN POR ALCANCE,ASFALTO,Lluvioso,Regular,2,KENWORTH,AZUL,2,,32,MASCULINO,SIN DATOS,0,0,Morelia,Los Manantiales de Morelia,agosto,miércoles,17,-101.240285038948,19.6927636936725
16673,16673,2018,"1808483678",2018/08/15,17:20:00,COLISIÓN POR CORTE DE CIRCULACIÓN,ASFALTO,Bueno,Bueno,1,TOYOTA,GRIS,1,,56,MASCULINO,SIN DATOS,0,0,Morelia,Reforma,agosto,miércoles,17,-101.241137981415,19.7059908515676
16674,16674,2018,,2018/08/15,17:40:00,COLISIÓN POR ALCANCE,ASFALTO,Bueno,Bueno,2,INTERNATIONAL,CREMA Y NARANJA,2,MINISTERIO PÚBLICO,22,MASCULINO,SIN DATOS,0,0,Morelia,Adolfo Lopez Mateos,agosto,miércoles,18,-101.229652762413,19.7034808564046
16675,16675,2018,,2018/08/15,19:00:00,COLISIÓN POR ALCANCE,ASFALTO,Bueno,Bueno,2,FROD,GRIS,2,,28,MASCULINO,SIN DATOS,0,0,Morelia,Pascual Ortiz de Ayala,agosto,miércoles,19,-101.150693893433,19.6969102399624
16676,16676,2018,,2018/08/15,19:30:00,COLISIÓN CON PEATÓN,SIN_DATOS,Bueno,Bueno,2,NISSAN,BLANCO,2,,37,MASCULINO,SIN DATOS,0,0,Pátzcuaro,Centro,agosto,miércoles,20,-101.609361,19.515744
16677,16677,2018,"180894197",2018/08/15,19:36:00,COLISIÓN POR CORTE DE CIRCULACIÓN,ASFALTO,Bueno,Bueno,2,NISSAN,GRIS,1,,62,MASCULINO,SIN DATOS,0,0,Morelia,Cruz del Barreno,agosto,miércoles,20,-101.20793223381,19.7224033298318
16678,16678,2018,"180849488",2018/08/15,21:09:00,COLISIÓN POR ALCANCE,ASFALTO,Lluvioso,Bueno,2,NISSAN,CAFE,1,,35,MASCULINO,SIN DATOS,0,0,Morelia,Industrial,agosto,miércoles,21,-101.201714873314,19.7139599514189
16679,16679,2018,"180804800",2018/08/15,23:00:00,COLISIÓN POR CORTE DE CIRCULACIÓN,ASFALTO,Lluvioso,Bueno,2,ITALIKA,NEGRO,2,,54,MASCULINO,SIN DATOS,1,0,Morelia,Los Manantiales de Morelia,agosto,miércoles,23,-101.240290403366,19.6927687443423