fid,id_accidente,anio_origen,folio_c5i,dia_incidente,hora_ocurrencia,tipo_incidente_vial,superficie_ocurrencia,condiciones_climaticas,condiciones_via,numero_vehiculos_involucrados,marca_vehiculo_ocasiona_siniestro,color_vehiculo_ocasiona_siniestro,numero_personas_involucradas,lugar_remite_presunto_responsable,edad_presunto_responsable,sexo_presunto_responsable,resultados_toxicologia,numero_personas_lesionadas,numero_personas_fallecidas,municipio,colonia,mes,dia_semana,hora_redondeada,lon,lat
16680,16680,2018,"180233403",2018/08/15,23:40:00,SUBIDA AL CAMELLÓN,ASFALTO,Nublado,Bueno,1,CHEVROLET,NEGRO,1,,48,MASCULINO,SIN DATOS,0,0,Morelia,Victor Manuel Tinoco Rubi,agosto,miércoles,0,-101.244270801544,19.7028596644001
16681,16681,2018,,2018/08/16,"00:00:00",COLISIÓN CON PEATÓN,ASFALTO,Bueno,Bueno,1,FORD,GRIS,2,MINISTERIO PÚBLICO,34,MASCULINO,SIN DATOS,1,0,Lázaro Cárdenas,Bassols,agosto,jueves,0,-102.229714393616,17.9741816250301
16682,16682,2018,"180085",2018/08/16,"00:00:00",COLISIÓN POR CAMBIO DE CARRIL,CONCRETO,Bueno,Bueno,2,CHEVROLET,VERDE,2,,24,FEMENINO,SIN DATOS,0,0,Morelia,Camelinas,agosto,jueves,0,-101.174190044403,19.6818791300621
16683,16683,2018,,2018/08/16,"01:22:00",COLISIÓN POR CORTE DE CIRCULACIÓN,CONCRETO,Lluvioso,Bueno,2,NISSAN,BLANCO,2,,30,MASCULINO,SIN DATOS,0,0,Morelia,Elias Perez Avalos,agosto,jueves,1,-101.167186796665,19.711498057066
16684,16684,2018,"780850005",2018/08/16,"02:35:00",COLISIÓN POR CORTE DE CIRCULACIÓN,ASFALTO,Lluvioso,Bueno,1,NISSAN,BLANCO,1,,54,MASCULINO,SIN DATOS,0,0,Morelia,Centro,agosto,jueves,3,-101.191753149033,19.6960415448842
16685,16685,2018,,2018/08/16,"07:00:00",SALIDA DE SUPERFICIE DE RODAMIENTO,ASFALTO,Bueno,Bueno,1,FREICHT,AMARILLO,1,,35,MASCULINO,SIN DATOS,0,0,Los Reyes,San Juan de Dios,agosto,jueves,7,-102.47935295105,19.6073795905854
16686,16686,2018,,2018/08/16,"07:45:00",COLISIÓN POR CORTE DE CIRCULACIÓN,ADOQUIN_EMPEDRADO,Bueno,Bueno,1,DODGE,NEGRO,0,,,,,0,0,Pátzcuaro,Centro,agosto,jueves,8,-101.611046791077,19.5164136810953
16687,16687,2018,,2018/08/16,"08:20:00",COLISIÓN POR CORTE DE CIRCULACIÓN,ASFALTO,Bueno,Regular,2,TOYOTA,BLANCO,2,,44,MASCULINO,SIN DATOS,0,0,Cuitzeo,Sin datos,agosto,jueves,8,-101.157388687134,19.9704850421688
16688,16688,2018,"180850293",2018/08/16,"09:18:00",COLISIÓN POR ALCANCE,ASFALTO,Bueno,Bueno,3,JEEP,ARENA,3,,34,FEMENINO,SIN DATOS,0,0,Morelia,Campestre Los Manantiales,agosto,jueves,9,-101.239120960236,19.6897787199276
16689,16689,2018,,2018/08/16,"09:40:00",COLISIÓN CON PEATÓN,ASFALTO,Bueno,Bueno,1,BMW,AZUL,1,MINISTERIO PÚBLICO,,,,1,0,Morelia,Morelia 450,agosto,jueves,10,-101.217550635338,19.675802645907
16690,16690,2018,"180850759",2018/08/16,12:10:00,COLISIÓN POR CORTE DE CIRCULACIÓN,ASFALTO,Bueno,Bueno,2,TOYOTA,BLANCO Y ROJO,2,,57,MASCULINO,SIN DATOS,0,0,Morelia,Melchor Ocampo,agosto,jueves,12,-101.150372028351,19.7054504736417
16691,16691,2018,"180851054",2018/08/16,13:10:00,COLISIÓN POR ALCANCE,ASFALTO,Bueno,Bueno,2,ITALIKA,ROJO,2,MINISTERIO PÚBLICO,22,MASCULINO,SIN DATOS,0,0,Morelia,Eduardo Ruiz,agosto,jueves,13,-101.21697999537,19.7185156185076
16692,16692,2018,"180851222",2018/08/16,13:40:00,COLISIÓN POR ALCANCE,ASFALTO,Bueno,Bueno,2,MAZDA,BLANCO,2,,24,FEMENINO,SIN DATOS,0,0,Morelia,Alberto Oviedo Mota,agosto,jueves,14,-101.197691559792,19.681197241825
16693,16693,2018,"180851445",2018/08/16,14:15:00,COLISIÓN POR CAMBIO DE CARRIL,CONCRETO,Bueno,Bueno,2,KENWORTH,BLANCO,2,,41,MASCULINO,SIN DATOS,0,0,Morelia,Felix Ireta,agosto,jueves,14,-101.191849708557,19.6825761683709
16694,16694,2018,"180853618",2018/08/16,14:40:00,CAIDA DE MOTOCICLETA,ASFALTO,Bueno,Bueno,1,HONDA,NEGRO Y BLANCO,1,,,,,1,0,Morelia,Tzindurio Norte,agosto,jueves,15,-101.244163513184,19.7002738636378
16695,16695,2018,,2018/08/16,15:55:00,COLISIÓN POR INVASIÓN DE CARRIL,ASFALTO,Lluvioso,Bueno,2,VOLKSWAGEN,GRIS,2,,,,SIN DATOS,0,0,Tuxpan,Sin datos,agosto,jueves,16,-100.474948883057,19.5310355784015
16696,16696,2018,"180852359",2018/08/16,16:40:00,COLISIÓN POR CAMBIO DE CARRIL,ASFALTO,Bueno,Bueno,2,TOYOTA,BLANCO,2,,35,FEMENINO,SIN DATOS,0,0,Morelia,Comision Federal de Electricidad,agosto,jueves,17,-101.181303262711,19.6814649464419
16697,16697,2018,"180853519",2018/08/16,17:35:00,COLISIÓN POR CAMBIO DE CARRIL,ASFALTO,Bueno,Bueno,2,NISSAN,BLANCO Y GRIS,2,,,MASCULINO,SIN DATOS,0,0,Morelia,Tzindurio Norte,agosto,jueves,18,-101.243841648102,19.7003546705441
16698,16698,2018,,2018/08/16,18:00:00,COLISIÓN POR INVASIÓN DE CARRIL,ASFALTO,Lluvioso,Bueno,2,NISSAN,BLANCO,2,,26,MASCULINO,SIN DATOS,0,0,Sin datos,Sin datos,agosto,jueves,18,-97.2473435830253,19.3514683218876
16699,16699,2018,"180851531",2018/08/16,19:30:00,COLISIÓN POR CORTE DE CIRCULACIÓN,ASFALTO,Bueno,Bueno,1,HONDA,BLANCO Y AZUL,1,,28,MASCULINO,SIN DATOS,0,0,Morelia,Pascual Ortiz de Ayala,agosto,jueves,20,-101.149524450302,19.6947687970694
16700,16700,2018,LEG17301,2018/08/16,20:00:00,COLISIÓN POR CORTE DE CIRCULACIÓN,ASFALTO,Bueno,Bueno,2,HONDA,BLANCO Y NEGRO,0,,,,,0,0,Morelia,Agustin Arriaga Rivera,agosto,jueves,20,-101.224411725998,19.6912333333748
16701,16701,2018,,2018/08/16,22:00:00,COLISIÓN POR CORTE DE CIRCULACIÓN,ASFALTO,Bueno,Bueno,2,MAZDA,NEGRO,1,,40,FEMENINO,SIN DATOS,0,0,Morelia,Pascual Ortiz de Ayala,agosto,jueves,22,-101.14947617054,19.6947283922111
16702,16702,2018,"180853526",2018/08/16,22:20:00,SUBIDA AL CAMELLÓN,CONCRETO,Lluvioso,Bueno,2,KENWORTH,BLANCO,1,,37,MASCULINO,SIN DATOS,0,0,Morelia,Barrio Alto,agosto,jueves,22,-101.194424629211,19.7244535087281
16703,16703,2018,"180853483",2018/08/16,22:40:00,COLISIÓN POR CORTE DE CIRCULACIÓN,ASFALTO,Bueno,Bueno,2,FORD,ROJO,1,,,,,1,0,Tarímbaro,Sin datos,agosto,jueves,23,-101.131725311279,19.7767998977796
16704,16704,2018,"180853614",2018/08/16,23:15:00,COLISIÓN POR CORTE DE CIRCULACIÓN,ASFALTO,Lluvioso,Regular,2,CHRYSLER,ROJO,2,,30,MASCULINO,SIN DATOS,0,0,Morelia,San Jose Itzicuaro,agosto,jueves,23,-101.304459571838,19.6879503328915
16705,16705,2018,"180853753",2018/08/17,"00:05:00",SUBIDA AL CAMELLÓN,ASFALTO,Bueno,Bueno,1,HYUNDAY,BLANCO Y ROJO,1,,0,MASCULINO,SIN DATOS,0,0,Morelia,Barrio Alto,agosto,viernes,0,-101.194542646408,19.7243222172717
16706,16706,2018,"180853718",2018/08/17,"02:05:00",SALIDA DE SUPERFICIE DE RODAMIENTO,ASFALTO,Bueno,Bueno,1,SEAT,BLANCO,1,,24,FEMENINO,ALIENTO ETÍLICO,0,0,Morelia,Comision Federal de Electricidad,agosto,viernes,2,-101.181378364563,19.6816669873661
16707,16707,2018,"180853861",2018/08/17,"03:45:00",COLISIÓN CONTRA OBJETO FIJO,ASFALTO,Bueno,Bueno,1,VOLKSWAGEN,BLANCO,1,,0,,SIN DATOS,0,0,Morelia,Josefa Ortiz de Dominguez,agosto,viernes,4,-101.208066344261,19.6722718148454
16708,16708,2018,"180853956",2018/08/17,"07:32:00",SALIDA DE SUPERFICIE DE RODAMIENTO,ASFALTO,Bueno,Bueno,1,VOLKSWAGEN,NEGRO,1,,,,SIN DATOS,0,0,Morelia,Sin datos,agosto,viernes,8,-101.263947486877,19.6393136419617
16709,16709,2018,"180854405",2018/08/17,10:20:00,COLISIÓN POR ALCANCE,ASFALTO,Bueno,Bueno,2,NISSAN,BLANCO Y ROJO,2,,,MASCULINO,SIN DATOS,0,0,Morelia,Independencia,agosto,viernes,10,-101.177006363869,19.7052535130093
16710,16710,2018,,2018/08/17,10:35:00,SALIDA DE SUPERFICIE DE RODAMIENTO,ASFALTO,Bueno,Bueno,1,DODGE,GUINDA,0,,,,,0,0,Quiroga,La Pacanda,agosto,viernes,11,-101.534657478333,19.6688368830854
16711,16711,2018,,2018/08/17,10:40:00,COLISIÓN POR CAMBIO DE CARRIL,ASFALTO,Bueno,Bueno,2,VOLVO,BLANCO,2,,57,MASCULINO,SIN DATOS,0,0,Morelia,Chapultepec Oriente,agosto,viernes,11,-101.159491539001,19.6910010001695
16712,16712,2018,"180854810",2018/08/17,11:09:00,COLISIÓN CONTRA OBJETO FIJO,ASFALTO,Bueno,Bueno,2,DINA,BLANCO,2,,29,MASCULINO,SIN DATOS,0,0,Morelia,Indeco El Vivero,agosto,viernes,11,-101.230087280273,19.6771614142399
16713,16713,2018,,2018/08/17,11:40:00,COLISIÓN POR CORTE DE CIRCULACIÓN,ASFALTO,Bueno,Bueno,1,CHEVROLET,ROJO,1,,37,,SIN DATOS,0,0,Pátzcuaro,Centro,agosto,viernes,12,-101.617720127106,19.5163327817179
16714,16714,2018,"180854730",2018/08/17,12:30:00,COLISIÓN POR ALCANCE,CONCRETO,Bueno,Bueno,2,NISSAN,GRIS,2,,22,FEMENINO,SIN DATOS,0,0,Morelia,Cuauhtemoc,agosto,viernes,13,-101.182928681374,19.6943546467886
16715,16715,2018,"180854851",2018/08/17,13:10:00,COLISIÓN POR CAMBIO DE CARRIL,CONCRETO,Bueno,Bueno,2,SUZUKI,ROJO,2,,,FEMENINO,SIN DATOS,0,0,Morelia,Comision Federal de Electricidad,agosto,viernes,13,-101.181378364563,19.6816063751156
16716,16716,2018,"180854991",2018/08/17,13:40:00,COLISIÓN POR CORTE DE CIRCULACIÓN,SIN_DATOS,Bueno,Bueno,2,VOLKSWAGEN,GRIS,2,,31,FEMENINO,SIN DATOS,0,0,Morelia,Vasco de Quiroga,agosto,viernes,14,-101.173186898232,19.6990466037318
16717,16717,2018,"180854992",2018/08/17,14:13:00,COLISIÓN POR ALCANCE,ASFALTO,Bueno,Bueno,2,TOYOTA,BLANCO,2,,,MASCULINO,SIN DATOS,0,0,Morelia,Cosmos,agosto,viernes,14,-101.216332912445,19.6834853442151
16718,16718,2018,,2018/08/17,14:20:00,COLISIÓN POR MANIOBRA DE REVERSA,ASFALTO,Bueno,Bueno,2,FORD,GRIS,2,,55,MASCULINO,SIN DATOS,0,0,Lázaro Cárdenas,Segundo Sector de Fidelac,agosto,viernes,14,-102.208578586578,17.9615675198193
16719,16719,2018,"180855304",2018/08/17,15:00:00,COLISIÓN POR CORTE DE CIRCULACIÓN,CONCRETO,Bueno,Bueno,2,CHRYSLER,PLATA,2,,,MASCULINO,SIN DATOS,0,0,Morelia,Vasco de Quiroga,agosto,viernes,15,-101.175879836082,19.6981627687515
16720,16720,2018,,2018/08/17,15:35:00,COLISIÓN POR ALCANCE,ASFALTO,Bueno,Bueno,2,HONDA,ROJO,2,,32,MASCULINO,SIN DATOS,0,0,Morelia,Vista Bella,agosto,viernes,16,-101.197428703308,19.6804850443449
16721,16721,2018,"180855991",2018/08/17,15:41:00,COLISIÓN POR CAMBIO DE CARRIL,ASFALTO,Bueno,Bueno,2,HONDA,NEGRO,2,MINISTERIO PÚBLICO,,MASCULINO,SIN DATOS,0,0,Morelia,Los Angeles,agosto,viernes,16,-101.177312135696,19.7402985852796
16722,16722,2018,"18055639",2018/08/17,16:30:00,COLISIÓN POR ALCANCE,ASFALTO,Bueno,Bueno,2,FORD,PLATA,2,,37,MASCULINO,SIN DATOS,0,0,Morelia,Centro,agosto,viernes,17,-101.198796629906,19.7011879893855
16723,16723,2018,"180856200",2018/08/17,18:15:00,COLISIÓN POR ALCANCE,ASFALTO,Bueno,Bueno,2,GMC,ROJO,2,,24,MASCULINO,SIN DATOS,0,0,Morelia,Barrio Alto,agosto,viernes,18,-101.193319559097,19.7237566528419
16725,16725,2018,,2018/08/17,19:00:00,SALIDA DE SUPERFICIE DE RODAMIENTO,TERRACERIA,Bueno,Malo,1,FORD,AZUL,1,,27,MASCULINO,SIN DATOS,0,0,Huandacareo,Sin datos,agosto,viernes,19,-101.258969306946,19.9844200954669
16726,16726,2018,"180856753",2018/08/17,19:20:00,COLISIÓN POR CORTE DE CIRCULACIÓN,SIN_DATOS,Bueno,Bueno,2,NISSAN,GRIS,2,,20,MASCULINO,SIN DATOS,0,0,Morelia,Vista Bella,agosto,viernes,19,-101.195932030678,19.6785252221687
16727,16727,2018,,2018/08/17,19:20:00,COLISIÓN CONTRA OBJETO FIJO,ASFALTO,Bueno,Bueno,1,CHEVROLET,GRIS/PLATA,2,MINISTERIO PÚBLICO,37,,SIN DATOS,0,1,Tacámbaro,Centro,agosto,viernes,19,-101.458053588867,19.2356527458973
16728,16728,2018,"180856717",2018/08/17,21:00:00,COLISIÓN POR ALCANCE,CONCRETO,Lluvioso,Bueno,2,CHEVROLET,BLANCO,2,,45,MASCULINO,SIN DATOS,0,0,Morelia,Las Americas,agosto,viernes,21,-101.156508922577,19.6878493164245
16730,16730,2018,"180856915",2018/08/17,21:53:00,COLISIÓN POR CORTE DE CIRCULACIÓN,ASFALTO,Lluvioso,Bueno,1,SIN DATOS,NEGRO,0,,,,,0,0,Morelia,Ampliacion La Soledad,agosto,viernes,22,-101.184993982315,19.729442504137
16731,16731,2018,,2018/08/17,23:08:00,COLISIÓN POR CORTE DE CIRCULACIÓN,ASFALTO,Lluvioso,Bueno,1,VOLKSWAGEN,ROJO,1,,43,MASCULINO,ALIENTO ETÍLICO,0,0,Morelia,Sin datos,agosto,viernes,23,-101.284214258194,19.6904454193981
16732,16732,2018,"180857357",2018/08/17,23:12:00,COLISIÓN CONTRA OBJETO FIJO,ASFALTO,Lluvioso,Bueno,2,VOLVO,BLANCO,1,,,,SIN DATOS,0,0,Morelia,Sentimientos de La Nacion,agosto,viernes,23,-101.233295202255,19.6782827682743
16733,16733,2018,,2018/08/17,23:30:00,COLISIÓN POR CORTE DE CIRCULACIÓN,ASFALTO,Nublado,Bueno,2,SIN DATOS,SIN DATOS,0,MINISTERIO PÚBLICO,,,,0,0,Tarímbaro,Sin datos,agosto,viernes,0,-101.15745306015,19.7685411343038
16734,16734,2018,"180857378",2018/08/18,"00:00:00",SUBIDA AL CAMELLÓN,ASFALTO,Lluvioso,Regular,1,CHEVROLET,PLATA,1,,40,MASCULINO,SIN DATOS,0,0,Morelia,San Jose del Cerrito,agosto,sábado,0,-101.221375465393,19.6565715556008
16735,16735,2018,,2018/08/18,"00:01:00",VOLCADURA,ASFALTO,Bueno,Bueno,1,NISSAN,BLANCO,1,,23,MASCULINO,SIN DATOS,0,0,Maravatío,Centro,agosto,sábado,0,-100.44244,19.892705
16736,16736,2018,"180857527",2018/08/18,"00:45:00",COLISIÓN POR CORTE DE CIRCULACIÓN,ASFALTO,Bueno,Bueno,2,DODGE,ROJO,2,,45,FEMENINO,SIN DATOS,0,0,Tarímbaro,Sin datos,agosto,sábado,1,-101.15916967392,19.7678343742769
16737,16737,2018,,2018/08/18,"02:50:00",COLISIÓN CONTRA OBJETO FIJO,ASFALTO,Bueno,Bueno,1,CHEVROLET,ROJO,1,,0,MASCULINO,ALIENTO ETÍLICO,0,0,Morelia,Las Americas,agosto,sábado,3,-101.158976554871,19.6879907394604
16738,16738,2018,"180857584",2018/08/18,"03:00:00",COLISIÓN POR ALCANCE,ASFALTO,Lluvioso,Regular,2,VOLKSWAGEN,BLANCO,2,,27,MASCULINO,ALIENTO ETÍLICO,0,0,Morelia,Primo Tapia Oriente,agosto,sábado,3,-101.158847808838,19.7136064509705
16739,16739,2018,"180857608",2018/08/18,"03:00:00",COLISIÓN POR CORTE DE CIRCULACIÓN,ASFALTO,Nublado,Regular,1,NISSAN,BLANCO,1,,0,MASCULINO,SIN DATOS,0,0,Morelia,Ignacio Zaragoza,agosto,sábado,3,-101.205335855484,19.7254836379501
16740,16740,2018,"180857643",2018/08/18,"03:26:00",COLISIÓN POR INVASIÓN DE CARRIL,ASFALTO,Lluvioso,Malo,2,VOLKSWAGEN,GRIS,2,,24,MASCULINO,ALIENTO ETÍLICO,0,0,Morelia,Alberto Oviedo Mota,agosto,sábado,3,-101.202117204666,19.677636222762
16741,16741,2018,,2018/08/18,"06:05:00",COLISIÓN CONTRA OBJETO FIJO,ASFALTO,Bueno,Bueno,1,FORD,CAFE,1,,45,MASCULINO,SIN DATOS,0,0,Morelia,Jose Ma Pino Suarez,agosto,sábado,6,-101.16456091404,19.7251453119281
16742,16742,2018,"180857783",2018/08/18,"06:10:00",SUBIDA AL CAMELLÓN,ASFALTO,Nublado,Regular,1,CHEVROLET,ROJO,1,,38,MASCULINO,SIN DATOS,0,0,Morelia,Fidel Velazquez,agosto,sábado,6,-101.238115131855,19.7065413281385
16743,16743,2018,,2018/08/18,"06:20:00",COLISIÓN CONTRA OBJETO FIJO,ASFALTO,Bueno,Bueno,1,VOLKSWAGEN,NEGRO,1,MINISTERIO PÚBLICO,0,,SIN DATOS,0,0,Morelia,Rafael Carrillo,agosto,sábado,6,-101.233928203583,19.7113137290919
16744,16744,2018,"180857831",2018/08/18,"07:20:00",COLISIÓN POR ALCANCE,ASFALTO,Nublado,Regular,2,VOLKSWAGEN,PLATA,2,,56,MASCULINO,SIN DATOS,0,0,Morelia,Felix Ireta,agosto,sábado,7,-101.191817522049,19.6823842305885
16745,16745,2018,"180857856",2018/08/18,"08:20:00",COLISIÓN POR ALCANCE,ASFALTO,Bueno,Bueno,2,ITALIKA,VERDE,2,,0,,SIN DATOS,0,0,Morelia,Granjas del Maestro,agosto,sábado,8,-101.188448667526,19.7128792475907
16746,16746,2018,,2018/08/18,"08:45:00",VOLCADURA,ASFALTO,Bueno,Bueno,1,NISSAN,BLANCO,1,,23,MASCULINO,SIN DATOS,0,0,Maravatío,Sin datos,agosto,sábado,9,-100.454821586609,19.8396251645329
16747,16747,2018,,2018/08/18,11:00:00,SALIDA DE SUPERFICIE DE RODAMIENTO,ASFALTO,Bueno,Regular,1,ITALICA,AZUL,2,,15,MASCULINO,SIN DATOS,1,0,Los Reyes,San Juan de Dios,agosto,sábado,11,-102.479481697083,19.607662578394
16748,16748,2018,"180839928",2018/08/18,11:50:00,COLISIÓN POR ALCANCE,ASFALTO,Bueno,Bueno,2,FORD,AZUL,2,,0,MASCULINO,SIN DATOS,0,0,Morelia,Felix Arreguin,agosto,sábado,12,-101.226482391357,19.7217266640294
16749,16749,2018,"180858499",2018/08/18,12:29:00,COLISIÓN POR CAMBIO DE CARRIL,ASFALTO,Bueno,Bueno,2,VOLVO,BLANCO,2,,34,MASCULINO,SIN DATOS,0,0,Morelia,Central de Abastos,agosto,sábado,12,-101.168042421341,19.7157476417166
16750,16750,2018,"180856755",2018/08/18,13:05:00,COLISIÓN POR CORTE DE CIRCULACIÓN,ASFALTO,Bueno,Bueno,2,BUICK,NEGRO,1,MINISTERIO PÚBLICO,,,,1,0,Morelia,Comision Federal de Electricidad,agosto,sábado,13,-101.179940700531,19.6816669873661
16751,16751,2018,"180858852",2018/08/18,14:30:00,COLISIÓN CONTRA OBJETO FIJO,ASFALTO,Bueno,Regular,2,SIN DATOS,SIN DATOS,2,,0,,SIN DATOS,0,0,Morelia,Tzindurio de Morelos,agosto,sábado,15,-101.243251562119,19.6974304446416
16752,16752,2018,"180858989",2018/08/18,14:30:00,COLISIÓN POR CORTE DE CIRCULACIÓN,ASFALTO,Bueno,Bueno,2,NISSAN,BLANCO,2,,30,MASCULINO,SIN DATOS,0,0,Morelia,Centro,agosto,sábado,15,-101.194349527359,19.6962940730093
16753,16753,2018,,2018/08/18,14:35:00,COLISIÓN POR CORTE DE CIRCULACIÓN,ASFALTO,Bueno,Bueno,2,NISSAN,BLANCO/ROJO,2,,47,MASCULINO,SIN DATOS,0,0,Pátzcuaro,Vuelta de Los Reyes,agosto,sábado,15,-101.605221033096,19.5053705417254
16754,16754,2018,"180859635",2018/08/18,15:40:00,COLISIÓN POR CAMBIO DE CARRIL,ASFALTO,Bueno,Bueno,2,FREIGHTLINER,AZUL,2,,44,MASCULINO,SIN DATOS,0,0,Morelia,Niño Artillero,agosto,sábado,16,-101.25432908535,19.6976728695456
16755,16755,2018,"180859456",2018/08/18,16:05:00,COLISIÓN POR CORTE DE CIRCULACIÓN,ASFALTO,Nublado,Regular,2,TOYOTA,GRIS,2,,28,MASCULINO,SIN DATOS,0,0,Morelia,Fovissste La Huerta,agosto,sábado,16,-101.212073564529,19.692384892981
16756,16756,2018,"180859518",2018/08/18,16:30:00,COLISIÓN POR CORTE DE CIRCULACIÓN,CONCRETO,Nublado,Regular,2,HONDA,BLANCO/NEGRO,2,,21,MASCULINO,SIN DATOS,0,0,Morelia,Industrial,agosto,sábado,17,-101.196795701981,19.7113288793444
16757,16757,2018,,2018/08/18,17:10:00,COLISIÓN CON PEATÓN,CONCRETO,Bueno,Bueno,3,TOYOTA,VERDE,4,MINISTERIO PÚBLICO,52,MASCULINO,SIN DATOS,1,0,Lázaro Cárdenas,Centro,agosto,sábado,17,-102.192099094391,17.9539128908159
16758,16758,2018,"180859722",2018/08/18,17:10:00,COLISIÓN POR CAMBIO DE CARRIL,ASFALTO,Bueno,Regular,2,HONDA,NARANJA,2,,20,MASCULINO,SIN DATOS,0,0,Morelia,Asociacion Zirahuen,agosto,sábado,17,-101.250193119049,19.6986981208082
16760,16760,2018,,2018/08/18,17:30:00,COLISIÓN POR CORTE DE CIRCULACIÓN,ASFALTO,Bueno,Bueno,2,DODGE,NEGRO,2,,,MASCULINO,SIN DATOS,0,0,Maravatío,Sin datos,agosto,sábado,18,-100.444629192352,19.9131992485877
16761,16761,2018,,2018/08/18,17:50:00,COLISIÓN POR CORTE DE CIRCULACIÓN,CONCRETO,Bueno,Bueno,2,ITALIKA,GUINDA,1,MINISTERIO PÚBLICO,,,,1,0,Morelia,Ciudad Industrial,agosto,sábado,18,-101.143001317978,19.7253422480579
16762,16762,2018,"180859929",2018/08/18,18:00:00,COLISIÓN POR CORTE DE CIRCULACIÓN,CONCRETO,Bueno,Bueno,3,NISSAN,ROJO,3,,78,MASCULINO,SIN DATOS,0,0,Morelia,Obrera,agosto,sábado,18,-101.18160367012,19.7099704010017
16763,16763,2018,,2018/08/18,18:00:00,COLISIÓN POR CAMBIO DE CARRIL,ASFALTO,Bueno,Bueno,2,VOLKWAGEN,AZUL,0,,,,,0,0,Zinapécuaro,Sin Nombre,agosto,sábado,18,-100.845050811768,19.8623911734217
16765,16765,2018,,2018/08/18,21:10:00,COLISIÓN POR ALCANCE,CONCRETO,Nublado,Bueno,2,CHEVROLET,GRIS,2,,20,MASCULINO,SIN DATOS,0,0,Pátzcuaro,Centro,agosto,sábado,21,-101.607087850571,19.5195788374547
16766,16766,2018,"180861064",2018/08/18,23:30:00,COLISIÓN POR CORTE DE CIRCULACIÓN,ASFALTO,Bueno,Regular,2,FORD,CAFE,2,,45,MASCULINO,SIN DATOS,0,0,Morelia,Villas del Real,agosto,sábado,0,-101.199456453323,19.7315279388408
16767,16767,2018,"180861055",2018/08/18,23:45:00,SUBIDA AL CAMELLÓN,ASFALTO,Bueno,Bueno,1,NISSAN,BLANCO/ROJO,1,,49,MASCULINO,ALIENTO ETÍLICO,0,0,Morelia,Felix Arreguin,agosto,sábado,0,-101.227844953537,19.719242165022
16768,16768,2018,"180861217",2018/08/19,"01:00:00",COLISIÓN CON PEATÓN,SIN_DATOS,Bueno,Bueno,1,MAZDA,GRIS,1,,27,FEMENINO,SIN DATOS,0,0,Morelia,Los Manantiales de Morelia,agosto,domingo,1,-101.241374015808,19.6954960827742
16769,16769,2018,"180861268",2018/08/19,"01:40:00",COLISIÓN POR ALCANCE,ASFALTO,Bueno,Bueno,2,DODGE,ROJO,2,,27,MASCULINO,SIN DATOS,0,0,Morelia,Centro,agosto,domingo,2,-101.182247400284,19.7029202686043
16770,16770,2018,LEG17367,2018/08/19,"03:40:00",VOLCADURA,ASFALTO,Nublado,Regular,1,VOLKWAGEN,BLANCO,1,,24,MASCULINO,SIN DATOS,0,0,Morelia,San Jose Itzicuaro,agosto,domingo,4,-101.300554275513,19.6878493164245
16771,16771,2018,"180861565",2018/08/19,"07:30:00",COLISIÓN POR CORTE DE CIRCULACIÓN,ASFALTO,Bueno,Bueno,2,CHEVROLET,GRIS,2,MINISTERIO PÚBLICO,42,MASCULINO,SIN DATOS,0,0,Morelia,Isaac Arriaga,agosto,domingo,8,-101.174313426018,19.706457999238
16772,16772,2018,"180811581",2018/08/19,"07:40:00",COLISIÓN CONTRA OBJETO FIJO,CONCRETO,Bueno,Bueno,1,TOYOTA,BLANCO/NARANJA,1,,28,MASCULINO,SIN DATOS,0,0,Morelia,Los Laureles,agosto,domingo,8,-101.233005523682,19.7128388473059
16773,16773,2018,,2018/08/19,"07:50:00",COLISIÓN POR ALCANCE,ASFALTO,Bueno,Bueno,2,VOLKSWAGEN,BLANCO,2,MINISTERIO PÚBLICO,,,SIN DATOS,0,0,Tuxpan,Sin datos,agosto,domingo,8,-100.462718009949,19.5539264020233
16774,16774,2018,"180862147",2018/08/19,12:05:00,COLISIÓN POR ALCANCE,ASFALTO,Bueno,Bueno,2,SEAT,ROJO,3,,31,MASCULINO,SIN DATOS,1,0,Morelia,Reforma,agosto,domingo,12,-101.241009235382,19.7058898464865
16775,16775,2018,,2018/08/19,13:17:00,CAIDA DE MOTOCICLETA,ASFALTO,Bueno,Bueno,1,YAMAHA,BLANCO/AZUL,1,,25,MASCULINO,SIN DATOS,0,0,Pátzcuaro,Centro,agosto,domingo,13,-101.617741584778,19.5162822195865
16776,16776,2018,"180862829",2018/08/19,14:45:00,COLISIÓN POR CAMBIO DE CARRIL,CONCRETO,Bueno,Bueno,2,HONDA,BLANCO,2,,19,MASCULINO,SIN DATOS,0,0,Morelia,Vasco de Quiroga,agosto,domingo,15,-101.17071390152,19.69721327202
16777,16777,2018,"180862900",2018/08/19,16:00:00,COLISIÓN CONTRA OBJETO FIJO,ASFALTO,Bueno,Bueno,2,SIN DATOS,SIN DATOS,2,,0,,SIN DATOS,0,0,Morelia,La Rinconada,agosto,domingo,16,-101.15927696228,19.691526274762
16779,16779,2018,"180863451",2018/08/19,18:35:00,COLISIÓN CONTRA OBJETO FIJO,ASFALTO,Bueno,Bueno,1,NISSAN,BLANCO/ROJO,1,,45,MASCULINO,SIN DATOS,0,0,Morelia,Felix Ireta,agosto,domingo,19,-101.19203209877,19.6875513174757