fid,id_accidente,anio_origen,folio_c5i,dia_incidente,hora_ocurrencia,tipo_incidente_vial,superficie_ocurrencia,condiciones_climaticas,condiciones_via,numero_vehiculos_involucrados,marca_vehiculo_ocasiona_siniestro,color_vehiculo_ocasiona_siniestro,numero_personas_involucradas,lugar_remite_presunto_responsable,edad_presunto_responsable,sexo_presunto_responsable,resultados_toxicologia,numero_personas_lesionadas,numero_personas_fallecidas,municipio,colonia,mes,dia_semana,hora_redondeada,lon,lat
16780,16780,2018,"180863518",2018/08/19,19:05:00,COLISIÓN POR MANIOBRA DE REVERSA,ASFALTO,Bueno,Bueno,2,HONDA,ROJO,2,,43,FEMENINO,SIN DATOS,0,0,Morelia,Cinco de Diciembre,agosto,domingo,19,-101.165006160736,19.6850410331333
16781,16781,2018,,2018/08/19,19:30:00,COLISIÓN POR ALCANCE,CONCRETO,Lluvioso,Regular,2,FORD,VERDE,2,,38,MASCULINO,SIN DATOS,0,0,Pátzcuaro,Felipe Carrillo,agosto,domingo,20,-101.612409353256,19.5188912049214
16782,16782,2018,,2018/08/19,23:10:00,COLISIÓN POR CAMBIO DE CARRIL,ASFALTO,Bueno,Bueno,2,HONDA,"2010",2,,41,MASCULINO,SIN DATOS,0,0,Morelia,Campestre Los Manantiales,agosto,domingo,23,-101.238284111023,19.6879907394604
16783,16783,2018,,2018/08/20,"00:20:00",COLISIÓN POR CAMBIO DE CARRIL,ASFALTO,Bueno,Bueno,2,HONDA,GRIS,1,,0,MASCULINO,SIN DATOS,0,0,Queréndaro,Centro,agosto,lunes,0,-100.89418888092,19.8082358207867
16784,16784,2018,,2018/08/20,"01:00:00",COLISIÓN POR CAMBIO DE CARRIL,ASFALTO,Bueno,Regular,2,FORD,MORADO,2,,20,MASCULINO,SIN DATOS,0,0,Cuitzeo,El Embarcadero,agosto,lunes,1,-101.14201426506,19.9635170535903
16785,16785,2018,,2018/08/20,"01:49:00",COLISIÓN CONTRA OBJETO FIJO,ASFALTO,Lluvioso,Bueno,1,V.W.,GRIS,1,,0,,SIN DATOS,0,0,Zacapu,Los Corrales,agosto,lunes,2,-101.775369644165,19.7956985378418
16786,16786,2018,,2018/08/20,"02:00:00",COLISIÓN POR ALCANCE,ASFALTO,Bueno,Regular,2,CHEVROLET,VERDE,2,,38,MASCULINO,SIN DATOS,0,0,Los Reyes,Jardines de San Juan,agosto,lunes,2,-102.476606369019,19.6023261530361
16787,16787,2018,,2018/08/20,"04:57:00",COLISIÓN POR ALCANCE,ASFALTO,Bueno,Regular,2,KENWORTH,GRIS Y AMARILLO,2,,0,MASCULINO,SIN DATOS,0,0,Morelia,Los Manantiales de Morelia,agosto,lunes,5,-101.24169588089,19.6959001289601
16788,16788,2018,"1800864661",2018/08/20,"07:35:00",SUBIDA AL CAMELLÓN,ASFALTO,Bueno,Bueno,1,TOYOTA,PLATA,1,,73,FEMENINO,SIN DATOS,0,0,Morelia,Ciudad Industrial,agosto,lunes,8,-101.142926216125,19.7251604608698
16790,16790,2018,"180164724",2018/08/20,"08:10:00",COLISIÓN POR CORTE DE CIRCULACIÓN,ASFALTO,Bueno,Bueno,2,HONDA,BLANCO,2,,52,MASCULINO,SIN DATOS,0,0,Morelia,Morelia 450,agosto,lunes,8,-101.214825510979,19.6744489172995
16791,16791,2018,"180864730",2018/08/20,"08:15:00",COLISIÓN POR NO RESPETAR SEMÁFORO,ASFALTO,Bueno,Bueno,2,NISSAN,GRIS,2,,31,FEMENINO,SIN DATOS,0,0,Morelia,San Rafael,agosto,lunes,8,-101.153891086578,19.6998597276023
16792,16792,2018,"180864707",2018/08/20,"08:25:00",COLISIÓN POR ALCANCE,ASFALTO,Nublado,Bueno,2,MERCEDES BENZ,VERDE,2,,27,MASCULINO,SIN DATOS,0,0,Morelia,Lomas de San Juan,agosto,lunes,8,-101.183039681886,19.7298664251429
16793,16793,2018,"180864980",2018/08/20,"09:55:00",COLISIÓN POR NO RESPETAR SEMÁFORO,ASFALTO,Bueno,Bueno,2,NISSAN,ROJO,2,,42,MASCULINO,SIN DATOS,0,0,Morelia,Avicola Benito Juarez,agosto,lunes,10,-101.279515028,19.6913444491365
16794,16794,2018,"180865129",2018/08/20,11:10:00,COLISIÓN POR CAMBIO DE CARRIL,ASFALTO,Bueno,Bueno,2,CHEVROLET,BLANCO,2,,49,MASCULINO,SIN DATOS,0,0,Morelia,Sin datos,agosto,lunes,11,-101.290898323059,19.5996780883771
16795,16795,2018,"18086526",2018/08/20,11:55:00,COLISIÓN POR CORTE DE CIRCULACIÓN,ASFALTO,Bueno,Bueno,4,NISSAN,ROJO,1,,,,,1,0,Morelia,Nueva Valladolid,agosto,lunes,12,-101.20964884758,19.7010011243259
16796,16796,2018,,2018/08/20,12:15:00,COLISIÓN POR CORTE DE CIRCULACIÓN,ASFALTO,Bueno,Bueno,2,NISSAN,BLANCO,2,,25,MASCULINO,SIN DATOS,0,0,Pátzcuaro,Centro,agosto,lunes,12,-101.617752313614,19.5163125568672
16797,16797,2018,,2018/08/20,12:40:00,COLISIÓN POR CAMBIO DE CARRIL,ASFALTO,Bueno,Bueno,2,MITSUBISHI,BLANCO,2,,37,FEMENINO,SIN DATOS,0,0,Pátzcuaro,Centro,agosto,lunes,13,-101.609587669373,19.5151091736977
16798,16798,2018,"180865604",2018/08/20,13:25:00,COLISIÓN POR CORTE DE CIRCULACIÓN,ASFALTO,Bueno,Bueno,2,BAJAJ,NEGRO,2,,22,MASCULINO,SIN DATOS,0,0,Morelia,Felicitas del Rio,agosto,lunes,13,-101.20033621788,19.692041446246
16799,16799,2018,"180865334",2018/08/20,13:35:00,COLISIÓN POR ALCANCE,CONCRETO,Bueno,Bueno,2,NISSAN,BLANCO,2,,47,MASCULINO,SIN DATOS,0,0,Morelia,Ventura Puente,agosto,lunes,14,-101.180198192596,19.6883240932651
16800,16800,2018,,2018/08/20,13:55:00,COLISIÓN POR CORTE DE CIRCULACIÓN,ASFALTO,Bueno,Bueno,2,FORD,VINO,2,,68,MASCULINO,SIN DATOS,0,0,Pátzcuaro,Centro,agosto,lunes,14,-101.617805957794,19.5163934562548
16801,16801,2018,"180866049",2018/08/20,15:20:00,COLISIÓN POR ALCANCE,ASFALTO,Bueno,Bueno,2,NISSAN,ROJO,3,,38,FEMENINO,SIN DATOS,1,0,Morelia,Libertad,agosto,lunes,15,-101.236953735352,19.6849602184966
16802,16802,2018,,2018/08/20,15:50:00,COLISIÓN CON PEATÓN,CONCRETO,Bueno,Bueno,1,INTERNATIONAL,BLANCO,1,MINISTERIO PÚBLICO,0,MASCULINO,SIN DATOS,0,0,Uruapan,Riyitos,agosto,lunes,16,-102.071858346462,19.4335616555724
16803,16803,2018,"180866263",2018/08/20,16:25:00,COLISIÓN POR CORTE DE CIRCULACIÓN,ASFALTO,Bueno,Bueno,2,CHEVROLET,PLATA,2,MINISTERIO PÚBLICO,60,MASCULINO,SIN DATOS,0,0,Morelia,Cuauhtemoc,agosto,lunes,16,-101.182794570923,19.6991627645377
16804,16804,2018,"18086690",2018/08/20,16:25:00,COLISIÓN POR ALCANCE,SIN_DATOS,Bueno,Bueno,2,NISSAN,AZUL,2,,25,FEMENINO,SIN DATOS,0,0,Morelia,Loma de Los Piñones,agosto,lunes,16,-101.203544139862,19.6749641437146
16805,16805,2018,"180866215",2018/08/20,17:20:00,COLISIÓN POR ALCANCE,ASFALTO,Bueno,Regular,2,DODGE,AMARILLO,2,,0,MASCULINO,SIN DATOS,0,0,Morelia,Irrigacion,agosto,lunes,17,-101.225066184998,19.7049201944634
16806,16806,2018,,2018/08/20,18:05:00,COLISIÓN POR CORTE DE CIRCULACIÓN,ASFALTO,Bueno,Bueno,2,CHEVROLET,PLATA,2,,43,MASCULINO,SIN DATOS,0,0,Pátzcuaro,Centro,agosto,lunes,18,-101.61781668663,19.5163024444409
16807,16807,2018,,2018/08/20,18:45:00,COLISIÓN POR ALCANCE,CONCRETO,Bueno,Bueno,2,CHEVROLET,BLANCO,2,,38,MASCULINO,SIN DATOS,0,0,Morelia,Camelinas,agosto,lunes,19,-101.167216300964,19.6832934075222
16808,16808,2018,"180856939",2018/08/20,19:10:00,COLISIÓN POR CAMBIO DE CARRIL,ASFALTO,Bueno,Bueno,2,HONDA,ROJO,2,,46,MASCULINO,SIN DATOS,0,0,Morelia,Eduardo Ruiz,agosto,lunes,19,-101.224143505096,19.7251604608698
16809,16809,2018,,2018/08/20,19:10:00,COLISIÓN POR MANIOBRA DE REVERSA,ASFALTO,Bueno,Bueno,2,CHEVROLET,ARENA,2,,55,FEMENINO,SIN DATOS,0,0,Pátzcuaro,Centro,agosto,lunes,19,-101.610161662102,19.5166412103771
16810,16810,2018,"180867150",2018/08/20,20:05:00,CAIDA DE MOTOCICLETA,ASFALTO,Bueno,Bueno,1,CARBELA,NEGRO,1,,,,,1,0,Morelia,Comision Federal de Electricidad,agosto,lunes,20,-101.18124961853,19.6815457628422
16811,16811,2018,"180867544",2018/08/20,20:35:00,COLISIÓN CONTRA OBJETO FIJO,ASFALTO,Lluvioso,Regular,2,VOLKSWAGEN,NEGRO,2,,24,MASCULINO,SIN DATOS,0,0,Morelia,Guadalupe,agosto,lunes,21,-101.22614979744,19.7089856232417
16812,16812,2018,"180867398",2018/08/20,21:05:00,CAIDA ACUATICA DE VEHÍCULO,CONCRETO,Bueno,Bueno,1,CHEVROLET,PLATA,0,,,,,0,0,Morelia,Sin datos,agosto,lunes,21,-101.180799007416,19.7476500052751
16813,16813,2018,"180868310",2018/08/21,"04:30:00",COLISIÓN POR CAMBIO DE CARRIL,ASFALTO,Bueno,Bueno,2,TOYOTA,BLANCO Y MORADO,2,,28,MASCULINO,SIN DATOS,0,0,Morelia,Bosques de Oriente,agosto,martes,5,-101.154770851135,19.71656573061
16814,16814,2018,"180867995",2018/08/21,"06:20:00",CAIDA DE MOTOCICLETA,CONCRETO,Lluvioso,Regular,1,ITALIKA,ROJO Y NEGRO,2,MINISTERIO PÚBLICO,,,,2,0,Morelia,Sin datos,agosto,martes,6,-101.180799007416,19.7476500052751
16815,16815,2018,,2018/08/21,"07:15:00",COLISIÓN POR ALCANCE,CONCRETO,Bueno,Bueno,1,FORD,BLANCO,1,,28,MASCULINO,SIN DATOS,0,0,Pátzcuaro,Niños Heroes,agosto,martes,7,-101.613771915436,19.5216214933146
16816,16816,2018,,2018/08/21,"07:40:00",VOLCADURA,ASFALTO,Nublado,Regular,1,VOLKSWAGEN,BLANCO,1,,36,MASCULINO,SIN DATOS,0,0,Zitácuaro,Sin datos,agosto,martes,8,-100.389611721039,19.48516328567
16817,16817,2018,,2018/08/21,"08:00:00",COLISIÓN POR CORTE DE CIRCULACIÓN,ASFALTO,Lluvioso,Regular,1,DODGE,BLANCO,1,,52,MASCULINO,SIN DATOS,0,0,Pátzcuaro,Sin Nombre,agosto,martes,8,-101.594481468201,19.4945491518177
16818,16818,2018,"180868223",2018/08/21,"08:10:00",COLISIÓN POR CAMBIO DE CARRIL,ASFALTO,Lluvioso,Bueno,2,NISSAN,GRIS,2,,37,MASCULINO,SIN DATOS,0,0,Morelia,Arcos del Valle,agosto,martes,8,-101.236261725426,19.7076473257976
16819,16819,2018,"180868152",2018/08/21,"08:30:00",COLISIÓN POR NO RESPETAR SEMÁFORO,ASFALTO,Bueno,Bueno,3,CHEVROLET,PLATA,3,MINISTERIO PÚBLICO,26,MASCULINO,SIN DATOS,0,0,Morelia,Pascual Ortiz de Ayala,agosto,martes,9,-101.149427890778,19.6949001127883
16820,16820,2018,"180868806",2018/08/21,"08:45:00",COLISIÓN POR CORTE DE CIRCULACIÓN,ASFALTO,Bueno,Bueno,3,DODGE,ROJO,0,,,,,0,0,Tarímbaro,Cuto del Porvenir,agosto,martes,9,-101.139321327209,19.8718760463065
16821,16821,2018,"180868435",2018/08/21,"09:50:00",SALIDA DE SUPERFICIE DE RODAMIENTO,ASFALTO,Bueno,Bueno,1,CHEVROLET,ROJO,1,,35,MASCULINO,SIN DATOS,0,0,Morelia,El Lago 3,agosto,martes,10,-101.22018456459,19.7274226867058
16822,16822,2018,,2018/08/21,10:20:00,COLISIÓN POR ALCANCE,ASFALTO,Bueno,Bueno,2,NISSAN,BLANCO,2,,21,MASCULINO,SIN DATOS,0,0,Pátzcuaro,Rincon Los Pinos,agosto,martes,10,-101.596369743347,19.495075067871
16823,16823,2018,"180868520",2018/08/21,10:23:00,COLISIÓN POR CAMBIO DE CARRIL,CONCRETO,Bueno,Bueno,2,JEEP,NEGRO,2,,35,MASCULINO,SIN DATOS,0,0,Morelia,Camelinas,agosto,martes,10,-101.174190044403,19.6820508644198
16824,16824,2018,"180868651",2018/08/21,10:26:00,COLISIÓN POR ALCANCE,ASFALTO,Bueno,Bueno,2,NISSAN,BLANCO,2,,76,MASCULINO,SIN DATOS,0,0,Morelia,Enrique Arreguin Robles,agosto,martes,10,-101.178835630417,19.7203329254392
16825,16825,2018,"180868869",2018/08/21,12:20:00,COLISIÓN POR CORTE DE CIRCULACIÓN,CONCRETO,Nublado,Bueno,2,NISSAN,GRIS,2,,56,MASCULINO,SIN DATOS,0,0,Morelia,Chapultepec Norte,agosto,martes,12,-101.174329519272,19.6935263430124
16826,16826,2018,,2018/08/21,12:30:00,COLISIÓN POR INVASIÓN DE CARRIL,ASFALTO,Bueno,Bueno,2,TOYOTA,ROJO,3,MINISTERIO PÚBLICO,55,MASCULINO,SIN DATOS,1,0,Zamora,Sin datos,agosto,martes,13,-102.380218505859,20.0271855473538
16827,16827,2018,LEG17442,2018/08/21,12:37:00,COLISIÓN POR MANIOBRA DE REVERSA,CONCRETO,Bueno,Bueno,2,ISUZU,BLANCO,2,,42,MASCULINO,SIN DATOS,0,0,Morelia,El Porvenir,agosto,martes,13,-101.201709508896,19.7130913489181
16828,16828,2018,"180869313",2018/08/21,13:51:00,COLISIÓN POR CORTE DE CIRCULACIÓN,ASFALTO,Bueno,Bueno,2,NISSAN,BLANCO Y NARANJA,2,,0,MASCULINO,SIN DATOS,0,0,Morelia,Fray Antonio de San Miguel Iglesias,agosto,martes,14,-101.14653646946,19.6861219249779
16829,16829,2018,"180869420",2018/08/21,14:10:00,COLISIÓN POR CORTE DE CIRCULACIÓN,ASFALTO,Bueno,Bueno,2,INTERNATIONAL,ROJO,2,,29,MASCULINO,SIN DATOS,0,0,Morelia,Felix Ireta,agosto,martes,14,-101.192203760147,19.6824650465249
16830,16830,2018,"180870412",2018/08/21,16:30:00,COLISIÓN POR ALCANCE,ASFALTO,Lluvioso,Bueno,2,INTERNATIONAL,BLANCO,2,,29,MASCULINO,SIN DATOS,0,0,Morelia,Ferrocarrilero,agosto,martes,17,-101.217448711395,19.6977486272528
16831,16831,2018,,2018/08/21,16:30:00,COLISIÓN POR INVASIÓN DE CARRIL,ASFALTO,Lluvioso,Regular,2,NISSAN,ROJO,2,,33,MASCULINO,SIN DATOS,0,0,Zitácuaro,Sin datos,agosto,martes,17,-100.394740104675,19.37973727362
16832,16832,2018,,2018/08/21,16:40:00,COLISIÓN CONTRA OBJETO FIJO,ASFALTO,Nublado,Bueno,1,TOYOTA,NARANJA,1,,42,MASCULINO,ALIENTO ETÍLICO,0,0,Pátzcuaro,Sin datos,agosto,martes,17,-101.439514160156,19.4199731611017
16833,16833,2018,"180810614",2018/08/21,17:10:00,COLISIÓN POR CAMBIO DE CARRIL,ASFALTO,Lluvioso,Regular,2,NISSAN,BLANCO Y ROJO,2,,38,MASCULINO,SIN DATOS,0,0,Morelia,Ventura Puente,agosto,martes,17,-101.179393529892,19.6928849097045
16834,16834,2018,"180869991",2018/08/21,17:20:00,COLISIÓN POR CAMBIO DE CARRIL,CONCRETO,Lluvioso,Bueno,2,NISSAN,BLANCO Y ROJO,2,,48,MASCULINO,SIN DATOS,0,0,Morelia,Cuauhtemoc,agosto,martes,17,-101.183859407902,19.6998471014868
16835,16835,2018,"180170218",2018/08/21,18:04:00,COLISIÓN CON PEATÓN,ASFALTO,Lluvioso,Bueno,1,MERCEDES BENZ,NEGRO,1,,,MASCULINO,SIN DATOS,0,0,Morelia,San Jose Itzicuaro,agosto,martes,18,-101.304244995117,19.6879705361772
16836,16836,2018,"180871407",2018/08/21,20:00:00,COLISIÓN POR CAMBIO DE CARRIL,ASFALTO,Nublado,Regular,2,VOLKSWAGEN,GRIS,2,,31,FEMENINO,SIN DATOS,0,0,Morelia,Lomas de Hidalgo,agosto,martes,20,-101.15894973278,19.6956526507923
16837,16837,2018,"180872310",2018/08/21,23:15:00,COLISIÓN POR ALCANCE,ASFALTO,Bueno,Bueno,2,NISSAN,BLANCO Y AZUL,2,,60,MASCULINO,SIN DATOS,0,0,Morelia,Josefa Ortiz de Dominguez,agosto,martes,23,-101.209820508957,19.6721404805729
16838,16838,2018,"180875601",2018/08/22,"05:44:00",COLISIÓN CON PEATÓN,ASFALTO,Bueno,Bueno,2,VOLKSWAGEN,BLANCO,2,,19,MASCULINO,SIN DATOS,0,0,Morelia,Centro,agosto,miércoles,6,-101.187922954559,19.6958597243874
16839,16839,2018,"1808722096",2018/08/22,"06:40:00",CAIDA DE MOTOCICLETA,ASFALTO,Lluvioso,Regular,1,ITALIKA,ROJO,1,,0,MASCULINO,SIN DATOS,0,0,Morelia,La Soledad,agosto,miércoles,7,-101.183266639709,19.729886860545
16840,16840,2018,"180872781",2018/08/22,"07:25:00",COLISIÓN POR NO RESPETAR SEMÁFORO,ASFALTO,Nublado,Bueno,2,VOLKSWAGEN,ARENA,2,,21,FEMENINO,SIN DATOS,0,0,Morelia,Libertad,agosto,miércoles,7,-101.236910820007,19.6848895056561
16841,16841,2018,,2018/08/22,"07:45:00",COLISIÓN POR CORTE DE CIRCULACIÓN,ASFALTO,Nublado,Bueno,1,HONDA,AZUL,2,,31,MASCULINO,SIN DATOS,0,0,Morelia,Club Campestre La Huerta,agosto,miércoles,8,-101.234410945,19.6690488849992
16842,16842,2018,"180872813",2018/08/22,"08:10:00",COLISIÓN POR ALCANCE,ASFALTO,Bueno,Bueno,2,NISSAN,GRIS,2,,23,MASCULINO,SIN DATOS,0,0,Morelia,Balcones de Santa Maria,agosto,miércoles,8,-101.184881329536,19.6757874922919
16843,16843,2018,"180872971",2018/08/22,"08:25:00",COLISIÓN POR CAMBIO DE CARRIL,ASFALTO,Bueno,Bueno,2,GENERAL MOTORS,BNLANCO,2,,23,MASCULINO,SIN DATOS,0,0,Morelia,Centro,agosto,miércoles,8,-101.193308830261,19.703102081079
16845,16845,2018,"180873531",2018/08/22,11:00:00,COLISIÓN POR ALCANCE,ASFALTO,Nublado,Bueno,2,NISSAN,GRIS,2,,23,MASCULINO,SIN DATOS,0,0,Morelia,Villas del Real,agosto,miércoles,11,-101.199005842209,19.7358552552258
16846,16846,2018,,2018/08/22,13:40:00,COLISIÓN POR CORTE DE CIRCULACIÓN,SIN_DATOS,Bueno,Bueno,1,CHEVROLET,BLANCO Y ROJO,1,,33,MASCULINO,SIN DATOS,0,0,Morelia,Arcos del Valle,agosto,miércoles,14,-101.235515400767,19.7057301320719
16847,16847,2018,"180874385",2018/08/22,13:55:00,COLISIÓN POR CORTE DE CIRCULACIÓN,CONCRETO,Bueno,Bueno,2,YAMAHA,NARANJA,2,,18,MASCULINO,SIN DATOS,0,0,Morelia,Alberto Oviedo Mota,agosto,miércoles,14,-101.195862293243,19.6826367802544
16848,16848,2018,"180874726",2018/08/22,14:55:00,COLISIÓN POR CORTE DE CIRCULACIÓN,ASFALTO,Bueno,Bueno,2,NISSAN,BLANCO Y CORAL,2,,56,MASCULINO,SIN DATOS,0,0,Morelia,Centro,agosto,miércoles,15,-101.184049844742,19.7021172610359
16849,16849,2018,"180875663",2018/08/22,18:00:00,COLISIÓN CONTRA OBJETO FIJO,ASFALTO,Bueno,Bueno,1,VOLKSWAGEN,PLATA,1,,71,MASCULINO,SIN DATOS,0,0,Morelia,Pascual Ortiz de Ayala,agosto,miércoles,18,-101.14944934845,19.6948597079632
16850,16850,2018,"180815931",2018/08/22,18:45:00,COLISIÓN POR ALCANCE,ASFALTO,Lluvioso,Bueno,1,NISSAN,BLANCO,1,,60,MASCULINO,SIN DATOS,0,0,Morelia,Centro,agosto,miércoles,19,-101.195304393768,19.6988395342599
16851,16851,2018,"180876381",2018/08/22,20:36:00,COLISIÓN POR ALCANCE,ASFALTO,Nublado,Bueno,2,VOLKSWAGEN,AMARILLO,2,,27,MASCULINO,SIN DATOS,0,0,Morelia,Centro,agosto,miércoles,21,-101.187858581543,19.6958849772465
16852,16852,2018,"180466801",2018/08/22,21:30:00,SUBIDA AL CAMELLÓN,ASFALTO,Bueno,Bueno,1,FORD,PLATA,1,,32,FEMENINO,SIN DATOS,0,0,Morelia,Barrio Alto,agosto,miércoles,22,-101.19704246521,19.7251402622806
16853,16853,2018,"180872088",2018/08/22,21:58:00,COLISIÓN POR CORTE DE CIRCULACIÓN,ASFALTO,Lluvioso,Regular,2,NISSAN,GRIS,2,,22,MASCULINO,SIN DATOS,0,0,Morelia,Ventura Puente,agosto,miércoles,22,-101.18413567543,19.6894150645009
16854,16854,2018,,2018/08/22,22:30:00,COLISIÓN POR CAMBIO DE CARRIL,ASFALTO,Bueno,Bueno,2,VOLVO,AZUL,2,,43,MASCULINO,SIN DATOS,0,0,Morelia,Libertad,agosto,miércoles,23,-101.237651109695,19.6865765034809
16855,16855,2018,"180877230",2018/08/22,23:23:00,COLISIÓN POR ALCANCE,ASFALTO,Lluvioso,Bueno,2,CHRYSLER,GRIS,1,,34,MASCULINO,SIN DATOS,0,0,Morelia,Sin datos,agosto,miércoles,23,-101.118764877319,19.6884150078186
16856,16856,2018,"180877445",2018/08/23,"05:55:00",COLISIÓN CONTRA OBJETO FIJO,SIN_DATOS,Bueno,Bueno,1,VOLKSWAGEN,ROJO,1,,,MASCULINO,ALIENTO ETÍLICO,0,0,Morelia,Francisco Javier Clavijero,agosto,jueves,6,-101.144004464149,19.6995769023769
16857,16857,2018,"180877460",2018/08/23,"06:05:00",COLISIÓN CONTRA OBJETO FIJO,ASFALTO,Bueno,Bueno,1,CHEVROLET,PLATA,0,,,,,0,0,Morelia,Diego Rivera,agosto,jueves,6,-101.175091266632,19.7173434161707
16858,16858,2018,,2018/08/23,"07:45:00",COLISIÓN POR CORTE DE CIRCULACIÓN,ASFALTO,Bueno,Bueno,2,PONTIAC,NEGRO/PERLA,3,,61,MASCULINO,SIN DATOS,1,0,Apatzingán,Palmira,agosto,jueves,8,-102.345285415649,19.0852366586884
16859,16859,2018,"180877606",2018/08/23,"08:00:00",COLISIÓN POR CAMBIO DE CARRIL,ASFALTO,Nublado,Regular,2,TOYOTA,BLANCO Y VERDE,2,,21,MASCULINO,SIN DATOS,0,0,Morelia,Elias Perez Avalos,agosto,jueves,8,-101.165606975555,19.7104754128855
16860,16860,2018,"180877790",2018/08/23,"08:22:00",COLISIÓN POR ALCANCE,ASFALTO,Nublado,Bueno,2,TOYOTA,BLANCO,2,,38,FEMENINO,SIN DATOS,0,0,Morelia,Chapultepec Oriente,agosto,jueves,8,-101.159770488739,19.692738440321
16861,16861,2018,"180877761",2018/08/23,"08:30:00",COLISIÓN POR ALCANCE,ASFALTO,Nublado,Bueno,2,VOLKSWAGEN,BLANCO,2,,45,MASCULINO,SIN DATOS,0,0,Morelia,Libertad,agosto,jueves,9,-101.236921548843,19.6848490983047
16862,16862,2018,"180878016",2018/08/23,"09:15:00",COLISIÓN POR CAMBIO DE CARRIL,ASFALTO,Bueno,Bueno,2,STERLING,BLANCO,2,,,MASCULINO,SIN DATOS,0,0,Morelia,Ignacio Zaragoza,agosto,jueves,9,-101.201301813126,19.7250695671982
16863,16863,2018,"180879026",2018/08/23,13:00:00,COLISIÓN POR CORTE DE CIRCULACIÓN,ASFALTO,Bueno,Bueno,2,HONDA,ROJO,2,,32,MASCULINO,SIN DATOS,0,0,Morelia,Plan de Ayala,agosto,jueves,13,-101.182279586792,19.7067483876428
16864,16864,2018,"180879975",2018/08/23,15:30:00,COLISIÓN POR ALCANCE,ASFALTO,Bueno,Bueno,2,VOLKSWAGEN,BLANCO,2,,47,MASCULINO,SIN DATOS,0,0,Morelia,Las Americas,agosto,jueves,16,-101.159019470215,19.688010942741
16865,16865,2018,,2018/08/23,16:23:00,COLISIÓN POR CORTE DE CIRCULACIÓN,ASFALTO,Bueno,Bueno,2,BAJAJ,ROJO,2,,73,MASCULINO,SIN DATOS,0,0,Tarímbaro,Sin datos,agosto,jueves,16,-101.159212589264,19.767793987895
16866,16866,2018,,2018/08/23,17:30:00,COLISIÓN POR CORTE DE CIRCULACIÓN,ASFALTO,Bueno,Bueno,2,CHEVROLET,GRIS,2,,24,FEMENINO,SIN DATOS,0,0,Morelia,Lomas de Huerta,agosto,jueves,18,-101.210196018219,19.6725748935253
16867,16867,2018,"180881005",2018/08/23,18:50:00,SALIDA DE SUPERFICIE DE RODAMIENTO,SIN_DATOS,Lluvioso,Bueno,1,ITALIKA,NARANJA,1,,,,,1,0,Morelia,Industrial,agosto,jueves,19,-101.194059848785,19.7073241126607
16870,16870,2018,"180881382",2018/08/23,19:10:00,COLISIÓN POR CORTE DE CIRCULACIÓN,ASFALTO,Lluvioso,Bueno,2,NISSAN,GRIS,2,,33,MASCULINO,SIN DATOS,0,0,Morelia,Felix Ireta,agosto,jueves,19,-101.191806793213,19.6824549445351
16871,16871,2018,,2018/08/23,20:40:00,COLISIÓN POR CORTE DE CIRCULACIÓN,ASFALTO,Bueno,Regular,1,ITALIKA,NEGRO,1,,,,,1,0,Los Reyes,Heroe de Nacozari,agosto,jueves,21,-102.478022575378,19.5794422016857
16872,16872,2018,"180881621",2018/08/23,21:10:00,COLISIÓN CONTRA OBJETO FIJO,ASFALTO,Nublado,Bueno,2,NISSAN,GRIS,2,,,MASCULINO,ALIENTO ETÍLICO,0,0,Morelia,Felix Ireta,agosto,jueves,21,-101.181088685989,19.68820287378
16873,16873,2018,,2018/08/23,21:30:00,COLISIÓN CONTRA OBJETO FIJO,CONCRETO,Bueno,Bueno,1,SIN DATOS,SIN DATOS,1,,,,,0,1,Morelia,Lomas del Valle,agosto,jueves,22,-101.231814622879,19.6900110549068
16874,16874,2018,"180881883",2018/08/23,22:40:00,COLISIÓN POR NO RESPETAR SEMÁFORO,ASFALTO,Nublado,Bueno,2,NISSAN,GRIS,2,,48,MASCULINO,SIN DATOS,0,0,Morelia,Felicitas del Rio,agosto,jueves,23,-101.197021007538,19.6924758052287
16875,16875,2018,"180882560",2018/08/24,"00:00:00",CAIDA DE MOTOCICLETA,SIN_DATOS,Bueno,Bueno,1,YAMAHA,ROJO/NEGRO,0,,,,,0,0,Morelia,Industrial,agosto,viernes,0,-101.197900772095,19.7071221041185
16876,16876,2018,,2018/08/24,"02:20:00",SUBIDA AL CAMELLÓN,CONCRETO,Lluvioso,Bueno,1,KIA,BLANCO,1,,,,SIN DATOS,0,0,Morelia,Felicitas del Rio,agosto,viernes,2,-101.195454597473,19.6904555208839
16877,16877,2018,,2018/08/24,"03:25:00",SUBIDA AL CAMELLÓN,ASFALTO,Lluvioso,Bueno,1,NISSAN,BLANCO,0,,,,,0,0,Morelia,Asociacion Zirahuen,agosto,viernes,3,-101.250177025795,19.6986476159737
16878,16878,2018,"180882230",2018/08/24,"07:25:00",COLISIÓN POR ALCANCE,ASFALTO,Bueno,Bueno,2,VENTO,NEGRO,2,,0,MASCULINO,SIN DATOS,0,0,Morelia,Fidel Velazquez,agosto,viernes,7,-101.237629652023,19.7067685885557