fid,id_accidente,anio_origen,folio_c5i,dia_incidente,hora_ocurrencia,tipo_incidente_vial,superficie_ocurrencia,condiciones_climaticas,condiciones_via,numero_vehiculos_involucrados,marca_vehiculo_ocasiona_siniestro,color_vehiculo_ocasiona_siniestro,numero_personas_involucradas,lugar_remite_presunto_responsable,edad_presunto_responsable,sexo_presunto_responsable,resultados_toxicologia,numero_personas_lesionadas,numero_personas_fallecidas,municipio,colonia,mes,dia_semana,hora_redondeada,lon,lat
16879,16879,2018,"180882492",2018/08/24,"08:00:00",COLISIÓN POR MANIOBRA DE REVERSA,ASFALTO,Bueno,Bueno,2,PEUGEOT,BLANCO,2,,26,MASCULINO,SIN DATOS,0,0,Morelia,Fidel Velazquez,agosto,viernes,8,-101.237651109695,19.7067483876428
16880,16880,2018,"180882449",2018/08/24,"08:30:00",COLISIÓN POR ALCANCE,ASFALTO,Bueno,Bueno,2,NISSAN,PLATA,2,,23,MASCULINO,SIN DATOS,0,0,Morelia,Plan de La Garita,agosto,viernes,9,-101.183899641037,19.7149396485772
16881,16881,2018,"180882620",2018/08/24,"09:30:00",COLISIÓN POR CORTE DE CIRCULACIÓN,ASFALTO,Bueno,Bueno,2,VOLKWAGEN,ROJO,2,,36,MASCULINO,SIN DATOS,0,0,Morelia,Prados Verdes,agosto,viernes,10,-101.197257041931,19.7154244449508
16882,16882,2018,"180882942",2018/08/24,10:40:00,COLISIÓN POR CORTE DE CIRCULACIÓN,CONCRETO,Bueno,Bueno,2,DODGE,BLANCO,2,,0,FEMENINO,SIN DATOS,0,0,Morelia,Loma Real,agosto,viernes,11,-101.194773316383,19.7313057630736
16883,16883,2018,"180884535",2018/08/24,14:20:00,COLISIÓN POR ALCANCE,ASFALTO,Lluvioso,Regular,3,NISSAN,GRIS,3,MINISTERIO PÚBLICO,36,MASCULINO,SIN DATOS,0,0,Morelia,Canteras de Morelia,agosto,viernes,14,-101.173433661461,19.716308184558
16884,16884,2018,"180884090",2018/08/24,15:05:00,COLISIÓN CONTRA OBJETO FIJO,ASFALTO,Bueno,Bueno,2,CHEVROLET,BLANCO,2,,38,MASCULINO,SIN DATOS,0,0,Morelia,La Esperanza,agosto,viernes,15,-101.252181977034,19.6981160516239
16885,16885,2018,"004117626",2018/08/24,15:30:00,VOLCADURA,ASFALTO,Bueno,Bueno,1,SEAT IBIZA,ROJO,2,,35,MASCULINO,SIN DATOS,1,0,Lázaro Cárdenas,El Palmar 77,agosto,viernes,16,-102.216314077377,17.9742836772244
16886,16886,2018,"180884180",2018/08/24,15:30:00,COLISIÓN POR CORTE DE CIRCULACIÓN,ASFALTO,Lluvioso,Bueno,2,RENOULT,AZUL,2,,29,,SIN DATOS,0,0,Morelia,Felix Ireta,agosto,viernes,16,-101.186101734638,19.6811088486928
16887,16887,2018,,2018/08/24,15:40:00,COLISIÓN CONTRA OBJETO FIJO,TERRACERIA,Bueno,Bueno,1,CHEVROLET,AZUL,1,,24,MASCULINO,SIN DATOS,0,0,Lázaro Cárdenas,Villa Hermosa,agosto,viernes,16,-102.229156494141,17.9839171387891
16888,16888,2018,"180884292",2018/08/24,16:15:00,COLISIÓN POR MANIOBRA DE REVERSA,ASFALTO,Lluvioso,Regular,2,FORD,GUINDA,2,,76,MASCULINO,SIN DATOS,0,0,Morelia,Central de Abastos,agosto,viernes,16,-101.171690225601,19.7179342526717
16889,16889,2018,"180884564",2018/08/24,16:30:00,COLISIÓN CONTRA OBJETO FIJO,ASFALTO,Bueno,Bueno,1,CHEVROLET,NEGRO,1,,43,MASCULINO,SIN DATOS,0,0,Morelia,Lomas de Hidalgo,agosto,viernes,17,-101.158998012543,19.695708207149
16890,16890,2018,"180884671",2018/08/24,16:35:00,COLISIÓN POR ALCANCE,CONCRETO,Nublado,Bueno,2,CHEVROLET,BLANCO,2,,34,MASCULINO,SIN DATOS,0,0,Morelia,Chapultepec Oriente,agosto,viernes,17,-101.16039276123,19.6881927721521
16891,16891,2018,"180884587",2018/08/24,16:45:00,CAIDA DE MOTOCICLETA,ASFALTO,Bueno,Bueno,1,YAMAHA,NEGRO,1,,,,,1,0,Morelia,Industrial,agosto,viernes,17,-101.197965145111,19.7071423049842
16892,16892,2018,,2018/08/24,18:35:00,SALIDA DE SUPERFICIE DE RODAMIENTO,ASFALTO,Lluvioso,Bueno,1,CHRYSLER,GRIS,1,,56,MASCULINO,SIN DATOS,0,0,Maravatío,Sin datos,agosto,viernes,19,-100.455572605133,19.794325635268
16893,16893,2018,"180885698",2018/08/24,21:30:00,COLISIÓN POR CORTE DE CIRCULACIÓN,CONCRETO,Bueno,Bueno,2,NISSAN,NEGRO,2,,0,MASCULINO,ALIENTO ETÍLICO,0,0,Morelia,Centro,agosto,viernes,22,-101.188867092133,19.7029707720902
16894,16894,2018,"180886191",2018/08/24,22:55:00,COLISIÓN POR ALCANCE,ASFALTO,Bueno,Bueno,1,NISSAN,SIN DATOS,2,,,,,2,0,Morelia,La Quemada,agosto,viernes,23,-101.241095066071,19.7058090423758
16895,16895,2018,"180886091",2018/08/24,23:30:00,COLISIÓN POR CORTE DE CIRCULACIÓN,ASFALTO,Bueno,Bueno,2,INTERNACIONAL,BLANCO,2,,0,MASCULINO,SIN DATOS,0,0,Tarímbaro,Sin datos,agosto,viernes,0,-101.157388687134,19.7685209412036
16896,16896,2018,"180888040",2018/08/25,"03:50:00",COLISIÓN POR ALCANCE,ASFALTO,Bueno,Bueno,2,VOLKSWAGEN,NEGRO,2,,,MASCULINO,ALIENTO ETÍLICO,0,0,Morelia,Enrique Arreguin Robles,agosto,sábado,4,-101.178814172745,19.7203834234264
16897,16897,2018,"180886550",2018/08/25,"05:00:00",COLISIÓN POR CORTE DE CIRCULACIÓN,CONCRETO,Nublado,Bueno,2,AUDI,AZUL,3,MINISTERIO PÚBLICO,24,MASCULINO,SIN DATOS,1,0,Morelia,Chapultepec Oriente,agosto,sábado,5,-101.162769198418,19.6905110790443
16898,16898,2018,,2018/08/25,"05:10:00",SUBIDA AL CAMELLÓN,ASFALTO,Bueno,Bueno,1,TOYOTA,VERDE,1,,25,MASCULINO,ALIENTO ETÍLICO,0,0,Morelia,Los Manantiales de Morelia,agosto,sábado,5,-101.240290403366,19.6927636936725
16899,16899,2018,,2018/08/25,"05:40:00",SALIDA DE SUPERFICIE DE RODAMIENTO,CONCRETO,Nublado,Bueno,1,TOYOTA,AZUL,0,MINISTERIO PÚBLICO,,,,0,0,Morelia,Loma Bonita,agosto,sábado,6,-101.19716162,19.7216159299991
16900,16900,2018,"180886589",2018/08/25,"05:47:00",SALIDA DE SUPERFICIE DE RODAMIENTO,ASFALTO,Bueno,Bueno,1,DODGE,PLATA,1,,27,MASCULINO,ALIENTO ETÍLICO,0,0,Morelia,Rafael Carrillo,agosto,sábado,6,-101.233488321304,19.7119702387153
16901,16901,2018,"180886795",2018/08/25,"08:00:00",COLISIÓN POR CORTE DE CIRCULACIÓN,CONCRETO,Bueno,Bueno,2,YAMAHA,NEGRO,2,MINISTERIO PÚBLICO,26,MASCULINO,SIN DATOS,0,0,Morelia,Vista Bella,agosto,sábado,8,-101.19676887989,19.6777372456703
16902,16902,2018,,2018/08/25,"08:30:00",COLISIÓN CONTRA OBJETO FIJO,ASFALTO,Bueno,Bueno,1,SIN DATOS,BLANCO,1,,45,MASCULINO,SIN DATOS,0,0,Morelia,Gertrudis Sanchez,agosto,sábado,9,-101.205776745,19.7441101549991
16903,16903,2018,,2018/08/25,13:30:00,COLISIÓN POR INVASIÓN DE CARRIL,ASFALTO,Bueno,Bueno,2,TOYOTA,GUINDA,2,MINISTERIO PÚBLICO,,,SIN DATOS,0,0,Tuxpan,Sin datos,agosto,sábado,14,-100.475077629089,19.5414500923258
16904,16904,2018,,2018/08/25,15:15:00,COLISIÓN POR MANIOBRA DE REVERSA,SIN_DATOS,Bueno,Bueno,2,NISSAN,BNLANCO,2,,63,MASCULINO,ALIENTO ETÍLICO,0,0,Morelia,Ciudad Industrial,agosto,sábado,15,-101.137937307358,19.730765470714
16905,16905,2018,"18088445",2018/08/25,15:56:00,COLISIÓN POR MANIOBRA DE REVERSA,ASFALTO,Lluvioso,Bueno,2,CHEVROLET,BLANCO,2,,47,FEMENINO,SIN DATOS,0,0,Morelia,Tzindurio de Morelos,agosto,sábado,16,-101.250144839287,19.6985567072314
16906,16906,2018,"18088674",2018/08/25,17:00:00,COLISIÓN POR CAMBIO DE CARRIL,ASFALTO,Bueno,Bueno,2,VOLKSWAGEN,AZUL,2,,32,MASCULINO,ALIENTO ETÍLICO,0,0,Morelia,Jose Ma Pino Suarez,agosto,sábado,17,-101.162645816803,19.723100191619
16907,16907,2018,"180240073",2018/08/25,17:50:00,COLISIÓN CON PEATÓN,CONCRETO,Nublado,Bueno,1,NISSAN,ROJO,1,,,,,1,0,Morelia,La Aldea,agosto,sábado,18,-101.135957837105,19.7436410998025
16908,16908,2018,"180889179",2018/08/25,18:30:00,COLISIÓN CONTRA OBJETO FIJO,ADOQUIN_EMPEDRADO,Bueno,Bueno,2,FORD,ROJO,2,,,MASCULINO,SIN DATOS,0,0,Morelia,Independencia,agosto,sábado,19,-101.176427006721,19.7154193949962
16909,16909,2018,,2018/08/25,19:20:00,COLISIÓN POR ALCANCE,ASFALTO,Bueno,Bueno,2,NISSAN,BLANCO,2,,43,MASCULINO,SIN DATOS,0,0,Morelia,Ampliacion La Soledad,agosto,sábado,19,-101.180284023285,19.7379860493849
16911,16911,2018,"180889492",2018/08/25,20:00:00,COLISIÓN POR INVASIÓN DE CARRIL,ASFALTO,Nublado,Bueno,3,FORD,BLANCO,3,MINISTERIO PÚBLICO,27,MASCULINO,SIN DATOS,0,0,Morelia,Zimpanio Norte,agosto,sábado,20,-101.214372735013,19.6480630163693
16912,16912,2018,"180132230",2018/08/25,20:20:00,COLISIÓN POR CORTE DE CIRCULACIÓN,ASFALTO,Nublado,Bueno,2,FORD,ROJO,2,,58,MASCULINO,SIN DATOS,0,0,Morelia,Ciudad Industrial,agosto,sábado,20,-101.141102313995,19.7267965381175
16913,16913,2018,"180140530",2018/08/25,22:25:00,COLISIÓN POR CORTE DE CIRCULACIÓN,ASFALTO,Nublado,Bueno,2,ITALIKA,NEGRO,2,,22,MASCULINO,SIN DATOS,0,0,Morelia,Union,agosto,sábado,22,-101.152657270432,19.7063140673985
16914,16914,2018,,2018/08/25,23:20:00,COLISIÓN POR CORTE DE CIRCULACIÓN,ASFALTO,Nublado,Bueno,2,CHEVROLET,PLATA,2,,,MASCULINO,ALIENTO ETÍLICO,0,0,Morelia,Las Americas,agosto,sábado,23,-101.153569221497,19.6875058599602
16915,16915,2018,"180890572",2018/08/25,23:40:00,COLISIÓN CONTRA OBJETO FIJO,ASFALTO,Lluvioso,Bueno,1,CHEVROLET,AZUL,1,,35,MASCULINO,SIN DATOS,0,0,Morelia,3 de Agosto,agosto,sábado,0,-101.173101067543,19.7323610952156
16916,16916,2018,"180890529",2018/08/25,23:50:00,COLISIÓN CONTRA OBJETO FIJO,CONCRETO,Lluvioso,Bueno,1,SUZUKI,NEGRO,1,,56,MASCULINO,SIN DATOS,0,0,Morelia,La Loma,agosto,sábado,0,-101.187531352043,19.6786843323375
16917,16917,2018,,2018/08/26,"00:00:00",SALIDA DE SUPERFICIE DE RODAMIENTO,ASFALTO,Bueno,Bueno,1,NISSAN,MAMEY,2,,43,MASCULINO,SIN DATOS,1,0,Los Reyes,Heroe de Nacozari,agosto,domingo,0,-102.476606369019,19.5820299493851
16918,16918,2018,,2018/08/26,"00:20:00",COLISIÓN POR CORTE DE CIRCULACIÓN,ASFALTO,Lluvioso,Regular,2,HONDA,BLANCO,2,,28,MASCULINO,ALIENTO ETÍLICO,0,0,Morelia,Los Manantiales de Morelia,agosto,domingo,0,-101.242902874947,19.6990920579702
16919,16919,2018,"180890658",2018/08/26,"00:40:00",COLISIÓN POR ALCANCE,CONCRETO,Lluvioso,Regular,2,VOLKWAGEN,NEGRO,2,,0,MASCULINO,SIN DATOS,0,0,Morelia,Lomas de Huerta,agosto,domingo,1,-101.210281848907,19.6722920201086
16920,16920,2018,,2018/08/26,"01:50:00",SALIDA DE SUPERFICIE DE RODAMIENTO,ASFALTO,Lluvioso,Regular,1,VOLKWAGEN,AZUL,1,,0,MASCULINO,SIN DATOS,0,0,Tzintzuntzan,Sin datos,agosto,domingo,2,-101.556844711304,19.6344228887478
16921,16921,2018,"180121416",2018/08/26,"02:08:00",COLISIÓN POR CORTE DE CIRCULACIÓN,ASFALTO,Lluvioso,Regular,2,FORD,GRIS,2,,32,MASCULINO,SIN DATOS,0,0,Morelia,Centro,agosto,domingo,2,-101.200212836266,19.7021172610359
16922,16922,2018,"180890731",2018/08/26,"02:15:00",COLISIÓN CONTRA OBJETO FIJO,ASFALTO,Lluvioso,Bueno,1,FORD,GRIS,2,MINISTERIO PÚBLICO,33,MASCULINO,SIN DATOS,1,0,Morelia,San Jose Itzicuaro,agosto,domingo,2,-101.308085918427,19.6876674866234
16923,16923,2018,,2018/08/26,"02:40:00",SALIDA DE SUPERFICIE DE RODAMIENTO,ASFALTO,Lluvioso,Malo,1,VOLKWAGEN,ROJO,1,,0,,SIN DATOS,0,0,Morelia,Ampliacion La Soledad,agosto,domingo,3,-101.183888912201,19.7340475923941
16924,16924,2018,,2018/08/26,"03:15:00",COLISIÓN CON PEATÓN,SIN_DATOS,Bueno,Bueno,1,NISSAN,BLANCO,1,,,MASCULINO,ALIENTO ETÍLICO,0,0,Morelia,Los Manantiales de Morelia,agosto,domingo,3,-101.241384744644,19.6954960827742
16925,16925,2018,"180121508",2018/08/26,"04:09:00",SUBIDA AL CAMELLÓN,ASFALTO,Lluvioso,Bueno,1,HONDA,AZUL,1,,28,MASCULINO,SIN DATOS,0,0,Morelia,Sin datos,agosto,domingo,4,-101.339778900146,19.6861118232187
16926,16926,2018,"180890903",2018/08/26,"04:10:00",COLISIÓN POR CAMBIO DE CARRIL,ASFALTO,Lluvioso,Regular,3,CHEVROLET,GRIS,3,,23,MASCULINO,ALIENTO ETÍLICO,0,0,Morelia,Cosmos,agosto,domingo,4,-101.215968132019,19.6845460428439
16927,16927,2018,"180882190",2018/08/26,"04:36:00",SUBIDA AL CAMELLÓN,ASFALTO,Lluvioso,Malo,1,NISSAN,BLANCO,1,,34,MASCULINO,ALIENTO ETÍLICO,0,0,Morelia,Victor Manuel Tinoco Rubi,agosto,domingo,5,-101.243262290955,19.7004556791197
16928,16928,2018,"180890963",2018/08/26,"05:00:00",COLISIÓN CONTRA OBJETO FIJO,CONCRETO,Nublado,Bueno,1,VOLKSWAGEN,PLATA,1,,,,SIN DATOS,0,0,Morelia,Juarez,agosto,domingo,5,-101.195358037949,19.6956374990553
16929,16929,2018,"180890979",2018/08/26,"05:40:00",COLISIÓN CONTRA OBJETO FIJO,ASFALTO,Bueno,Bueno,1,NISSAN,BLANCO Y AZUL,1,,38,MASCULINO,SIN DATOS,0,0,Morelia,Nicolaitas Ilustres,agosto,domingo,6,-101.228392124176,19.7195855533635
16930,16930,2018,"180234802",2018/08/26,"05:55:00",COLISIÓN POR ALCANCE,ASFALTO,Lluvioso,Bueno,2,CHEVROLET,GRIS,1,,,,SIN DATOS,0,0,Tarímbaro,Sin datos,agosto,domingo,6,-101.171958446503,19.7506389473566
16931,16931,2018,"180891195",2018/08/26,"07:55:00",COLISIÓN CONTRA OBJETO FIJO,ASFALTO,Nublado,Bueno,1,GMC,AZUL,1,,38,FEMENINO,SIN DATOS,0,0,Morelia,Hermanos Lopez Rayon,agosto,domingo,8,-101.220088005066,19.6758481067439
16932,16932,2018,,2018/08/26,"08:00:00",SALIDA DE SUPERFICIE DE RODAMIENTO,ASFALTO,Lluvioso,Bueno,1,TOYOTA,ROJO,1,,28,MASCULINO,SIN DATOS,0,0,Cuitzeo,Sin datos,agosto,domingo,8,-101.128764152527,19.9572950149244
16933,16933,2018,"180891951",2018/08/26,11:40:00,COLISIÓN CONTRA OBJETO FIJO,ASFALTO,Bueno,Bueno,1,VOLKSWAGEN,CAFE,1,,0,,SIN DATOS,0,0,Morelia,Chapultepec Oriente,agosto,domingo,12,-101.16156488657,19.6883064154292
16934,16934,2018,"180892033",2018/08/26,12:45:00,COLISIÓN POR ALCANCE,CONCRETO,Bueno,Bueno,2,VOLKSWAGEN,BLANCO,2,,58,FEMENINO,SIN DATOS,0,0,Morelia,Erendira,agosto,domingo,13,-101.164979338646,19.7013723290279
16935,16935,2018,"180892414",2018/08/26,14:20:00,COLISIÓN POR MANIOBRA DE REVERSA,ASFALTO,Bueno,Bueno,2,HONDA,BLANCO,1,MINISTERIO PÚBLICO,,,,1,0,Morelia,Matamoros,agosto,domingo,14,-101.165843009949,19.6962637696553
16936,16936,2018,"180892544",2018/08/26,14:40:00,COLISIÓN POR CORTE DE CIRCULACIÓN,ASFALTO,Bueno,Bueno,2,FORD,CAFE,2,,61,MASCULINO,SIN DATOS,0,0,Morelia,Centro,agosto,domingo,15,-101.19168282635,19.7027711474391
16937,16937,2018,"180893026",2018/08/26,16:00:00,COLISIÓN POR NO RESPETAR SEMÁFORO,ASFALTO,Bueno,Bueno,2,DODGE,BLANCO,0,,,,,0,0,Morelia,Cuauhtemoc,agosto,domingo,16,-101.180234100812,19.700027044671
16938,16939,2018,"180892895",2018/08/26,16:30:00,COLISIÓN CONTRA OBJETO FIJO,ASFALTO,Bueno,Bueno,1,VOLKSWAGEN,GUINDA,1,,27,MASCULINO,SIN DATOS,0,0,Morelia,Emiliano Zapata,agosto,domingo,17,-101.23055934906,19.6543689509852
16939,16940,2018,"180893235",2018/08/26,17:30:00,COLISIÓN POR CORTE DE CIRCULACIÓN,ASFALTO,Bueno,Bueno,2,SIN DATOS,SIN DATOS,1,MINISTERIO PÚBLICO,,,,1,0,Morelia,El Lago 1,agosto,domingo,18,-101.212202310562,19.7266753477847
16940,16941,2018,,2018/08/26,18:00:00,COLISIÓN POR CAMBIO DE CARRIL,ASFALTO,Lluvioso,Bueno,2,TOYOTA,BLANCO,2,,47,MASCULINO,SIN DATOS,0,0,Cuitzeo,Sin datos,agosto,domingo,18,-101.129879951477,19.9576983960205
16941,16942,2018,,2018/08/26,19:15:00,SALIDA DE SUPERFICIE DE RODAMIENTO,ASFALTO,Nublado,Regular,1,CHEVROLET,GRIS,3,,70,MASCULINO,SIN DATOS,2,0,Madero,Agraria,agosto,domingo,19,-101.279646,19.390459
16942,16943,2018,,2018/08/26,19:15:00,SALIDA DE SUPERFICIE DE RODAMIENTO,ASFALTO,Nublado,Regular,1,CHEVROLET,GRIS,3,,70,MASCULINO,SIN DATOS,2,0,Morelos,Centro,agosto,domingo,19,-101.414086,20.002712
16943,16944,2018,"180893768",2018/08/26,19:20:00,COLISIÓN POR MANIOBRA DE REVERSA,TERRACERIA,Nublado,Regular,2,VOLKSWAGEN,BLANCO,2,,33,MASCULINO,SIN DATOS,0,0,Morelia,Ciudad Jardin,agosto,domingo,19,-101.255192756653,19.7060918565849
16944,16945,2018,"180551621",2018/08/26,19:40:00,CAIDA ACUATICA DE VEHÍCULO,ASFALTO,Lluvioso,Regular,1,PONTIAC,ARENA,0,,,,,0,0,Tarímbaro,Centro,agosto,domingo,20,-101.177537441254,19.7941843063898
16945,16946,2018,"180844123",2018/08/26,20:20:00,COLISIÓN CONTRA OBJETO FIJO,CONCRETO,Lluvioso,Regular,2,CHEVROLET,AZUL,2,,25,MASCULINO,ALIENTO ETÍLICO,0,0,Morelia,Morelos,agosto,domingo,20,-101.20624512434,19.6977865060929
16946,16947,2018,"180894174",2018/08/26,21:05:00,COLISIÓN CONTRA OBJETO FIJO,ASFALTO,Lluvioso,Regular,1,HONDA,PLATINO,2,MINISTERIO PÚBLICO,,,,1,1,Morelia,Sin datos,agosto,domingo,21,-101.135330200195,19.692374791617
16947,16948,2018,"180894598",2018/08/26,21:57:00,COLISIÓN POR ALCANCE,ASFALTO,Lluvioso,Regular,2,FORD,BLANCO,2,,0,MASCULINO,SIN DATOS,0,0,Morelia,Niño Artillero,agosto,domingo,22,-101.250195801258,19.6986248887929
16948,16949,2018,"180894446",2018/08/26,21:58:00,SALIDA DE SUPERFICIE DE RODAMIENTO,CONCRETO,Lluvioso,Bueno,1,SIN DATOS,BLANCO Y ROJO,0,,,,,0,0,Morelia,Ampliacion La Soledad,agosto,domingo,22,-101.183760166168,19.7366681918967
16949,16950,2018,"180894492",2018/08/26,22:15:00,COLISIÓN CONTRA OBJETO FIJO,ASFALTO,Lluvioso,Regular,1,NISSAN,BLANCO,1,,32,MASCULINO,SIN DATOS,0,0,Morelia,Alberto Oviedo Mota,agosto,domingo,22,-101.199123859406,19.6812224969966
16950,16951,2018,,2018/08/26,22:20:00,VOLCADURA,ASFALTO,Bueno,Bueno,1,FORD,AZUL,1,MINISTERIO PÚBLICO,,,SIN DATOS,0,0,Juárez,Sin datos,agosto,domingo,22,-100.441238880157,19.2776457783697
16951,16952,2018,"180894582",2018/08/26,22:50:00,SALIDA DE SUPERFICIE DE RODAMIENTO,ASFALTO,Bueno,Bueno,1,VOLKSWAGEN,ROJO,1,,,,SIN DATOS,0,0,Tarímbaro,Sin datos,agosto,domingo,23,-101.132068634033,19.7772845063038
16952,16953,2018,,2018/08/26,23:00:00,SUBIDA AL CAMELLÓN,ASFALTO,Bueno,Bueno,1,NISSAN,BCO ROJO,1,,38,MASCULINO,SIN DATOS,0,0,Apatzingán,La Fuente,agosto,domingo,23,-102.366077899933,19.1039017009296
16953,16954,2018,"180891702",2018/08/26,23:40:00,SUBIDA AL CAMELLÓN,ASFALTO,Lluvioso,Bueno,1,FORD,VINO,0,,,,,0,0,Morelia,Ampliacion La Soledad,agosto,domingo,0,-101.182751655579,19.7359057483072
16954,16955,2018,,2018/08/27,"00:00:00",COLISIÓN POR ALCANCE,ASFALTO,Bueno,Bueno,2,SEAT,ROJO,2,,34,FEMENINO,SIN DATOS,0,0,Morelia,Felix Ireta,agosto,lunes,0,-101.195722818375,19.6815205077215
16955,16956,2018,"180894932",2018/08/27,"01:30:00",COLISIÓN POR CORTE DE CIRCULACIÓN,ASFALTO,Bueno,Bueno,2,DODGE,ROJO,2,,66,MASCULINO,SIN DATOS,0,0,Morelia,Centro,agosto,lunes,2,-101.178,19.7029
16956,16957,2018,"180895203",2018/08/27,"08:12:00",COLISIÓN POR CORTE DE CIRCULACIÓN,ASFALTO,Bueno,Bueno,2,NISSAN,CAFE,2,,60,FEMENINO,SIN DATOS,0,0,Morelia,Centro,agosto,lunes,8,-101.189510822296,19.6959784127907
16957,16958,2018,"180895205",2018/08/27,"08:30:00",COLISIÓN CONTRA OBJETO FIJO,ASFALTO,Bueno,Bueno,1,SEAT,GRIS,1,,33,FEMENINO,SIN DATOS,0,0,Morelia,Alberto Oviedo Mota,agosto,lunes,9,-101.197546720505,19.681273007328
16958,16959,2018,"180895663",2018/08/27,"08:37:00",COLISIÓN POR CORTE DE CIRCULACIÓN,ASFALTO,Bueno,Bueno,2,MAZDA,GRIS,2,,24,MASCULINO,SIN DATOS,0,0,Morelia,Centro,agosto,lunes,9,-101.178213357925,19.6990112504263
16959,16960,2018,"180895401",2018/08/27,"09:00:00",COLISIÓN POR ALCANCE,ASFALTO,Bueno,Bueno,2,CHEVROLET,AZUL,2,,56,MASCULINO,SIN DATOS,0,0,Morelia,Alberto Oviedo Mota,agosto,lunes,9,-101.196012496948,19.6816063751156
16960,16961,2018,"180895377",2018/08/27,"09:10:00",COLISIÓN CONTRA OBJETO FIJO,ASFALTO,Bueno,Bueno,3,SIN DATOS,SIN DATOS,2,,37,FEMENINO,SIN DATOS,0,0,Morelia,El Porvenir,agosto,lunes,9,-101.204890608788,19.7076978277912
16961,16962,2018,"180895352",2018/08/27,"09:15:00",COLISIÓN POR CORTE DE CIRCULACIÓN,ASFALTO,Bueno,Bueno,2,MAZDA,ROJO,2,,30,FEMENINO,SIN DATOS,0,0,Morelia,El Porvenir,agosto,lunes,9,-101.205378770828,19.7077735807518
16962,16963,2018,"180896099",2018/08/27,10:35:00,COLISIÓN CONTRA OBJETO FIJO,ASFALTO,Bueno,Bueno,1,TOYOTA,BLANCO Y GRIS,1,,25,MASCULINO,SIN DATOS,0,0,Morelia,Primo Tapia,agosto,lunes,11,-101.211858987808,19.7091169272934
16963,16964,2018,,2018/08/27,11:17:00,COLISIÓN POR CORTE DE CIRCULACIÓN,ASFALTO,Bueno,Bueno,2,VENTO,NEGRO Y ROJO,1,MINISTERIO PÚBLICO,,,,1,0,Morelia,Chapultepec Sur,agosto,lunes,11,-101.169877052307,19.6899706488476
16964,16965,2018,"180896027",2018/08/27,13:31:00,COLISIÓN POR INVASIÓN DE CARRIL,CONCRETO,Bueno,Bueno,2,FORD,ARENA,2,,71,FEMENINO,SIN DATOS,1,0,Morelia,Nueva Chapultepec,agosto,lunes,14,-101.172795295715,19.687768503205
16965,16966,2018,"180897757",2018/08/27,14:20:00,COLISIÓN POR CORTE DE CIRCULACIÓN,CONCRETO,Bueno,Bueno,1,KENWORTH,AZUL,1,,56,MASCULINO,SIN DATOS,0,0,Morelia,Sin datos,agosto,lunes,14,-101.279954910278,19.6507517640347
16966,16967,2018,"180897010",2018/08/27,15:20:00,COLISIÓN POR ALCANCE,ASFALTO,Bueno,Bueno,2,SEAT,ROJO,2,,31,FEMENINO,SIN DATOS,0,0,Morelia,Torreon Nuevo,agosto,lunes,15,-101.202832711925,19.7435649125811
16967,16968,2018,"180896945",2018/08/27,16:00:00,COLISIÓN POR CORTE DE CIRCULACIÓN,SIN_DATOS,Bueno,Bueno,1,CHEVROLET,BLANCO,0,,,,,0,0,Morelia,Las Americas,agosto,lunes,16,-101.159040927887,19.6880715525677
16968,16969,2018,,2018/08/27,16:00:00,COLISIÓN CON PEATÓN,ASFALTO,Bueno,Bueno,1,TOYOTA,PLATA,1,MINISTERIO PÚBLICO,,,,1,0,Los Reyes,Oriental,agosto,lunes,16,-102.464504241943,19.581605399879
16969,16970,2018,,2018/08/27,16:17:00,COLISIÓN POR CORTE DE CIRCULACIÓN,CONCRETO,Bueno,Bueno,2,RENAULT,BLANCO,2,,22,MASCULINO,SIN DATOS,0,0,Morelia,Felix Ireta,agosto,lunes,16,-101.181346178055,19.6829600432457
16970,16971,2018,"180897171",2018/08/27,16:50:00,COLISIÓN POR CORTE DE CIRCULACIÓN,CONCRETO,Bueno,Bueno,2,NISSAN,BLANCO,2,,53,MASCULINO,SIN DATOS,0,0,Morelia,Virrey Antonio de Mendoza,agosto,lunes,17,-101.162334680557,19.7065918304814
16971,16972,2018,"180897741",2018/08/27,17:00:00,COLISIÓN CONTRA OBJETO FIJO,ASFALTO,Bueno,Bueno,1,INTERNATIONAL,BLANCO,1,,38,MASCULINO,SIN DATOS,0,0,Morelia,Gertrudis Sanchez,agosto,lunes,17,-101.205776745,19.7441101549991
16972,16973,2018,"180897276",2018/08/27,17:20:00,COLISIÓN POR CAMBIO DE CARRIL,CONCRETO,Bueno,Bueno,2,TOYOTA,BLANCO Y GRIS,0,,,,,0,0,Morelia,Los Manantiales de Morelia,agosto,lunes,17,-101.24164223671,19.69584457267
16973,16974,2018,"180897775",2018/08/27,18:15:00,COLISIÓN POR ALCANCE,ASFALTO,Nublado,Bueno,2,NISSAN,GRIS,2,,31,MASCULINO,SIN DATOS,0,0,Morelia,Loma Bonita,agosto,lunes,18,-101.197686195374,19.7246352967204
16974,16975,2018,,2018/08/27,19:00:00,COLISIÓN CONTRA OBJETO FIJO,ASFALTO,Nublado,Bueno,2,VOLKSWAGEN,GRIS,1,,20,MASCULINO,SIN DATOS,0,0,Morelia,Industrial,agosto,lunes,19,-101.2009370327,19.710894571538