fid,id_accidente,anio_origen,folio_c5i,dia_incidente,hora_ocurrencia,tipo_incidente_vial,superficie_ocurrencia,condiciones_climaticas,condiciones_via,numero_vehiculos_involucrados,marca_vehiculo_ocasiona_siniestro,color_vehiculo_ocasiona_siniestro,numero_personas_involucradas,lugar_remite_presunto_responsable,edad_presunto_responsable,sexo_presunto_responsable,resultados_toxicologia,numero_personas_lesionadas,numero_personas_fallecidas,municipio,colonia,mes,dia_semana,hora_redondeada,lon,lat
16975,16976,2018,,2018/08/27,20:08:00,COLISIÓN POR INVASIÓN DE CARRIL,CONCRETO,Lluvioso,Regular,2,NISSAN,AZUL,2,,76,MASCULINO,SIN DATOS,0,0,Morelia,Cuauhtemoc,agosto,lunes,20,-101.185817420483,19.6968723609149
16976,16977,2018,"180238421",2018/08/27,20:30:00,COLISIÓN POR CORTE DE CIRCULACIÓN,CONCRETO,Bueno,Bueno,2,JEEP,NEGRO,2,,62,MASCULINO,SIN DATOS,0,0,Morelia,Elias Perez Avalos,agosto,lunes,21,-101.165413856506,19.7104148115437
16977,16978,2018,"180898245",2018/08/27,21:10:00,COLISIÓN POR CAMBIO DE CARRIL,ASFALTO,Bueno,Bueno,3,VOLKSWAGEN,BLANCO,2,MINISTERIO PÚBLICO,,,,2,0,Morelia,Francisco J Mujica,agosto,lunes,21,-101.18555188179,19.7241808263519
16978,16979,2018,,2018/08/27,23:00:00,COLISIÓN POR INVASIÓN DE CARRIL,CONCRETO,Bueno,Bueno,2,JEEP,NEGRO,1,,19,MASCULINO,SIN DATOS,0,0,Cotija,Centro,agosto,lunes,23,-102.704337,19.809372
16979,16980,2018,,2018/08/27,23:30:00,COLISIÓN CONTRA OBJETO FIJO,CONCRETO,Lluvioso,Bueno,1,CHEVROLET,BLANCO,1,MINISTERIO PÚBLICO,,,SIN DATOS,0,0,Contepec,Contepec,agosto,lunes,0,-100.164129137993,19.9491868362335
16980,16981,2018,,2018/08/28,"02:00:00",COLISIÓN CONTRA OBJETO FIJO,ASFALTO,Nublado,Bueno,1,FORD,BLANCO,1,,,,SIN DATOS,0,0,Tuxpan,La Arboleda,agosto,martes,2,-100.467492341995,19.5608112132922
16981,16982,2018,"180899034",2018/08/28,"07:55:00",COLISIÓN POR CORTE DE CIRCULACIÓN,ASFALTO,Nublado,Bueno,2,CHEVROLET,BLANCO Y ROJO,2,,48,MASCULINO,SIN DATOS,0,0,Morelia,Chapultepec Norte,agosto,martes,8,-101.178733706474,19.6959960897794
16982,16983,2018,"180899055",2018/08/28,"08:15:00",COLISIÓN POR CAMBIO DE CARRIL,ASFALTO,Bueno,Bueno,2,NISSAN,ROJO,2,,40,FEMENINO,SIN DATOS,0,0,Morelia,Camelinas,agosto,martes,8,-101.174104213715,19.6819902523146
16983,16984,2018,"180899124",2018/08/28,"08:30:00",COLISIÓN POR CORTE DE CIRCULACIÓN,ASFALTO,Nublado,Bueno,2,TOYOTA,BLANCO Y GUINDA,2,,44,MASCULINO,SIN DATOS,0,0,Morelia,Lomas del Tecnologico,agosto,martes,9,-101.188405752182,19.7212115881401
16984,16985,2018,,2018/08/28,11:10:00,COLISIÓN POR CORTE DE CIRCULACIÓN,ASFALTO,Bueno,Bueno,2,SIN DATOS,SIN DATOS,1,,,,SIN DATOS,0,0,Morelia,Ciudad Industrial,agosto,martes,11,-101.14560842514,19.7283619049875
16985,16986,2018,"180009050",2018/08/28,13:05:00,COLISIÓN POR CORTE DE CIRCULACIÓN,CONCRETO,Nublado,Bueno,2,VOLKSWAGEN,PLATA,2,,68,MASCULINO,SIN DATOS,0,0,Morelia,Felix Ireta,agosto,martes,13,-101.190873384476,19.6834550384368
16986,16987,2018,"180900705",2018/08/28,15:18:00,COLISIÓN POR CAMBIO DE CARRIL,ASFALTO,Bueno,Bueno,1,KEEWAY,NEGRO,1,,,,,1,0,Morelia,Centro,agosto,martes,15,-101.178213357925,19.6991122598498
16987,16988,2018,"1809011214",2018/08/28,17:10:00,COLISIÓN CONTRA OBJETO FIJO,CONCRETO,Bueno,Bueno,1,NISSAN,NEGRO,1,,47,MASCULINO,ALIENTO ETÍLICO,0,0,Morelia,Torrecillas,agosto,martes,17,-101.184698939323,19.6699936550901
16988,16989,2018,,2018/08/28,17:12:00,COLISIÓN POR ALCANCE,ASFALTO,Bueno,Bueno,2,CHEVROLET,VERDE,2,,65,MASCULINO,ALIENTO ETÍLICO,0,0,Morelia,Centro,agosto,martes,17,-101.19336783886,19.7030212755602
16989,16990,2018,"180901506",2018/08/28,18:00:00,COLISIÓN POR ALCANCE,ASFALTO,Bueno,Bueno,3,FROD,GRIS,3,,22,MASCULINO,SIN DATOS,0,0,Morelia,Cinco de Diciembre,agosto,martes,18,-101.165816187859,19.6841419680041
16990,16991,2018,"180901489",2018/08/28,18:11:00,COLISIÓN POR CORTE DE CIRCULACIÓN,ASFALTO,Bueno,Bueno,2,VOLKSWAGEN,PLATA,3,,40,FEMENINO,SIN DATOS,1,0,Morelia,Industrial,agosto,martes,18,-101.196806430817,19.7107935695535
16991,16992,2018,"180902008",2018/08/28,19:40:00,COLISIÓN CONTRA OBJETO FIJO,ASFALTO,Bueno,Bueno,3,FORD,NEGRO,3,,41,FEMENINO,SIN DATOS,0,0,Morelia,Tres Puentes,agosto,martes,20,-101.213411986828,19.7095360895062
16992,16993,2018,"180902824",2018/08/28,23:00:00,COLISIÓN POR NO RESPETAR SEMÁFORO,ASFALTO,Nublado,Bueno,2,GMC,BLANCO,2,MINISTERIO PÚBLICO,42,MASCULINO,SIN DATOS,0,0,Morelia,Comision Federal de Electricidad,agosto,martes,23,-101.181399822235,19.6815457628422
16993,16994,2018,"180906283",2018/08/29,"08:50:00",VOLCADURA,TERRACERIA,Lluvioso,Bueno,1,CHEVROLET,ARENA,1,,,FEMENINO,SIN DATOS,0,0,Morelia,Los Encinos,agosto,miércoles,9,-101.182129383087,19.6648664143678
16994,16995,2018,,2018/08/29,"09:00:00",VOLCADURA,ASFALTO,Nublado,Bueno,1,CHEVROLET,BLANCO/VERDE,1,MINISTERIO PÚBLICO,,,SIN DATOS,0,0,Hidalgo,Sin datos,agosto,miércoles,9,-100.740079879761,19.6821922925761
16995,16996,2018,"180340231",2018/08/29,"09:12:00",COLISIÓN POR NO RESPETAR SEMÁFORO,ASFALTO,Bueno,Bueno,2,NISSAN,AZUL,2,,28,MASCULINO,SIN DATOS,0,0,Morelia,Felix Ireta,agosto,miércoles,9,-101.195712089539,19.6816063751156
16996,16997,2018,,2018/08/29,"09:30:00",COLISIÓN POR CORTE DE CIRCULACIÓN,ASFALTO,Bueno,Bueno,2,NISSAN,BLANCO,2,,37,MASCULINO,SIN DATOS,0,0,Morelia,Felix Ireta,agosto,miércoles,10,-101.180734634399,19.6863340617732
16997,16998,2018,"180903501",2018/08/29,"09:40:00",COLISIÓN POR CORTE DE CIRCULACIÓN,ASFALTO,Bueno,Bueno,2,HONDA,CREMA,2,,23,MASCULINO,SIN DATOS,0,0,Morelia,La Colina,agosto,miércoles,10,-101.216118335724,19.7123136426756
16998,16999,2018,"180906150",2018/08/29,10:00:00,COLISIÓN POR CORTE DE CIRCULACIÓN,ASFALTO,Bueno,Bueno,1,VENTO,ROJO Y NEGRO,1,,22,MASCULINO,SIN DATOS,0,0,Morelia,Los Manantiales de Morelia,agosto,miércoles,10,-101.242886781693,19.6992738747948
16999,17000,2018,"180903976",2018/08/29,11:25:00,COLISIÓN POR CAMBIO DE CARRIL,ASFALTO,Bueno,Bueno,2,NISSAN,BLANCO/ROJO,2,,22,MASCULINO,SIN DATOS,0,0,Morelia,Enrique Arreguin Robles,agosto,miércoles,11,-101.178835630417,19.7203329254392
17000,17001,2018,,2018/08/29,12:20:00,COLISIÓN POR ALCANCE,CONCRETO,Bueno,Bueno,2,VOLKSWAGEN,BLANCO,2,,35,MASCULINO,SIN DATOS,0,0,Morelia,Isaac Arriaga,agosto,miércoles,12,-101.167623996735,19.7115308825734
17001,17002,2018,,2018/08/29,14:00:00,SALIDA DE SUPERFICIE DE RODAMIENTO,ASFALTO,Lluvioso,Bueno,1,CHYSLER,VERDE,1,,29,MASCULINO,SIN DATOS,0,0,Cuitzeo,Los Granados,agosto,miércoles,14,-101.140286922455,19.9749419732478
17002,17003,2018,,2018/08/29,15:00:00,COLISIÓN POR CORTE DE CIRCULACIÓN,ASFALTO,Bueno,Bueno,2,NISSAN,GRIS,2,,42,MASCULINO,SIN DATOS,0,0,Morelia,Centro,agosto,miércoles,15,-101.185058355331,19.7030212755602
17003,17004,2018,,2018/08/29,15:19:00,COLISIÓN POR CORTE DE CIRCULACIÓN,CONCRETO,Nublado,Bueno,2,SIN DATOS,ROJO,1,,,,SIN DATOS,0,0,Morelia,Cinco de Diciembre,agosto,miércoles,15,-101.158775389195,19.6866472155765
17004,17005,2018,"180904801",2018/08/29,15:20:00,COLISIÓN POR INVASIÓN DE CARRIL,CONCRETO,Bueno,Bueno,2,FORD,NEGRO,2,,83,MASCULINO,SIN DATOS,0,0,Morelia,Centro,agosto,miércoles,15,-101.194242238998,19.703102081079
17005,17006,2018,"180905632",2018/08/29,15:28:00,COLISIÓN POR ALCANCE,ASFALTO,Bueno,Bueno,2,VOLKWAGEN,GRIS,2,,0,MASCULINO,SIN DATOS,0,0,Morelia,Libertad,agosto,miércoles,15,-101.237372159958,19.6859198896734
17006,17007,2018,"180905658",2018/08/29,16:40:00,COLISIÓN POR ALCANCE,ASFALTO,Lluvioso,Regular,3,CHEVROLET,AZUL,3,,43,MASCULINO,SIN DATOS,0,0,Morelia,Loma de Los Piñones,agosto,miércoles,17,-101.203726530075,19.6749995023294
17007,17008,2018,"180905405",2018/08/29,16:40:00,COLISIÓN POR CORTE DE CIRCULACIÓN,CONCRETO,Bueno,Bueno,2,ISUZU,BLANCO,2,,49,MASCULINO,SIN DATOS,0,0,Morelia,Nueva Chapultepec,agosto,miércoles,17,-101.173063516617,19.6864249774566
17008,17009,2018,"180905595",2018/08/29,17:00:00,COLISIÓN CON PEATÓN,ASFALTO,Lluvioso,Bueno,1,NISSAN,BLANCO Y ROJO,2,,34,MASCULINO,SIN DATOS,1,0,Morelia,Centro,agosto,miércoles,17,-101.204155683517,19.7025566430349
17009,17010,2018,,2018/08/29,18:10:00,CAIDA DE MOTOCICLETA,CONCRETO,Nublado,Bueno,1,YAMAHA,ROJO,1,,24,MASCULINO,SIN DATOS,0,0,Morelia,Vasco de Quiroga,agosto,miércoles,18,-101.169834136963,19.6970415539245
17010,17011,2018,"180905565",2018/08/29,18:15:00,COLISIÓN POR ALCANCE,ASFALTO,Bueno,Bueno,2,KENWORTH,BLANCO,2,,50,MASCULINO,SIN DATOS,0,0,Morelia,Santiaguito,agosto,miércoles,18,-101.188652515411,19.7181816963695
17011,17012,2018,"180905697",2018/08/29,18:32:00,COLISIÓN POR ALCANCE,ASFALTO,Bueno,Bueno,2,NISSAN,GRIS,1,,28,MASCULINO,SIN DATOS,0,0,Tarímbaro,Sin datos,agosto,miércoles,19,-101.172269582748,19.7500532806829
17012,17013,2018,"180906100",2018/08/29,19:55:00,CAIDA DE MOTOCICLETA,ASFALTO,Nublado,Bueno,1,YAMAHA,VERDE,1,,25,MASCULINO,SIN DATOS,0,0,Morelia,Enrique Arreguin Robles,agosto,miércoles,20,-101.178867816925,19.7203329254392
17013,17014,2018,,2018/08/29,21:20:00,COLISIÓN POR INVASIÓN DE CARRIL,ASFALTO,Bueno,Bueno,2,FORD,DORADO,2,,79,MASCULINO,SIN DATOS,0,0,Zitácuaro,Sin datos,agosto,miércoles,21,-100.357983112335,19.4795800554928
17014,17015,2018,,2018/08/29,23:30:00,VOLCADURA,ASFALTO,Bueno,Bueno,1,NISSAN,GRIS,1,,23,MASCULINO,ALIENTO ETÍLICO,0,0,Morelia,Alberto Oviedo Mota,agosto,miércoles,0,-101.199526190758,19.681070965907
17015,17016,2018,"180906714",2018/08/29,23:45:00,COLISIÓN POR CORTE DE CIRCULACIÓN,CONCRETO,Lluvioso,Bueno,2,HONDA,ROJO,1,,31,MASCULINO,SIN DATOS,0,0,Morelia,Molino de Parras,agosto,miércoles,0,-101.201505661011,19.6954960827742
17016,17017,2018,"1809070656",2018/08/30,"05:25:00",COLISIÓN CONTRA OBJETO FIJO,ASFALTO,Nublado,Bueno,1,CHEVROLET,ROJO,1,,,,SIN DATOS,0,0,Morelia,Chapultepec Sur,agosto,jueves,5,-101.176722049713,19.6910363552442
17017,17018,2018,"180907108",2018/08/30,"06:55:00",SALIDA DE SUPERFICIE DE RODAMIENTO,ASFALTO,Nublado,Bueno,1,VOLVO,BLANCO,1,,,MASCULINO,SIN DATOS,0,0,Morelia,Ampliacion La Soledad,agosto,jueves,7,-101.183212995529,19.7300686423558
17018,17019,2018,"180907200",2018/08/30,"08:15:00",COLISIÓN CONTRA OBJETO FIJO,ASFALTO,Nublado,Bueno,1,KTM,NEGRO Y NARANJA,1,,24,MASCULINO,SIN DATOS,0,0,Morelia,La Colina,agosto,jueves,8,-101.215742826462,19.710081503753
17019,17020,2018,,2018/08/30,12:25:00,COLISIÓN POR MANIOBRA DE REVERSA,ASFALTO,Bueno,Bueno,2,DODGE,AMARILLO,2,,26,MASCULINO,SIN DATOS,0,0,Morelia,Ario 1815,agosto,jueves,12,-101.280102431774,19.6993824597443
17020,17021,2018,"180907991",2018/08/30,12:50:00,SALIDA DE SUPERFICIE DE RODAMIENTO,TERRACERIA,Bueno,Bueno,2,FORD,NEGRO,1,,48,MASCULINO,SIN DATOS,0,0,Morelia,Sin datos,agosto,jueves,13,-101.219787597656,19.7451406643922
17021,17022,2018,"180998314",2018/08/30,13:10:00,COLISIÓN POR CORTE DE CIRCULACIÓN,ASFALTO,Bueno,Bueno,2,NISSAN,NEGRO,1,,42,MASCULINO,SIN DATOS,0,0,Morelia,Central de Abastos,agosto,jueves,13,-101.168096065521,19.7157779413799
17022,17023,2018,"180908996",2018/08/30,13:20:00,COLISIÓN POR ALCANCE,ASFALTO,Bueno,Bueno,2,DODGE,AZUL,1,,0,MASCULINO,SIN DATOS,0,0,Morelia,Industrial,agosto,jueves,13,-101.194070577621,19.7073039118179
17023,17024,2018,"180908665",2018/08/30,14:25:00,COLISIÓN POR ALCANCE,ASFALTO,Bueno,Bueno,2,MAZDA,NEGRO,2,,50,FEMENINO,SIN DATOS,0,0,Morelia,Erendira,agosto,jueves,14,-101.168353557587,19.7022940240541
17024,17025,2018,"180908326",2018/08/30,15:20:00,COLISIÓN POR ALCANCE,CONCRETO,Bueno,Bueno,4,NISSAN,BLANCO,1,MINISTERIO PÚBLICO,,,,1,0,Morelia,Elias Perez Avalos,agosto,jueves,15,-101.168868541718,19.7126671459819
17025,17026,2018,"180909273",2018/08/30,15:55:00,COLISIÓN POR ALCANCE,CONCRETO,Bueno,Bueno,3,FORD,NEGRO,3,,24,MASCULINO,SIN DATOS,0,0,Morelia,Felix Ireta,agosto,jueves,16,-101.195755004883,19.6816063751156
17026,17027,2018,"180909119",2018/08/30,16:16:00,COLISIÓN POR CORTE DE CIRCULACIÓN,CONCRETO,Bueno,Bueno,2,FORD,BLANCO,1,,28,MASCULINO,SIN DATOS,0,0,Morelia,Centro,agosto,jueves,16,-101.187070012093,19.7013647534304
17027,17028,2018,"180901748",2018/08/30,18:25:00,COLISIÓN POR ALCANCE,ASFALTO,Nublado,Bueno,2,NISSAN,BLANCO,2,,20,MASCULINO,SIN DATOS,0,0,Morelia,Camelinas,agosto,jueves,18,-101.174190044403,19.6819700482744
17028,17029,2018,"180910066",2018/08/30,19:25:00,COLISIÓN POR ALCANCE,CONCRETO,Bueno,Bueno,3,TOYOTA,GRIS,2,,35,FEMENINO,SIN DATOS,0,0,Morelia,Primaveras,agosto,jueves,19,-101.225720643997,19.6814346402813
17029,17030,2018,"180261140",2018/08/30,20:00:00,COLISIÓN POR ALCANCE,ASFALTO,Nublado,Bueno,2,FORD,ROJO,2,,40,MASCULINO,SIN DATOS,0,0,Morelia,Barrio Alto,agosto,jueves,20,-101.196978092194,19.7249988720846
17030,17031,2018,"180910529",2018/08/30,21:15:00,COLISIÓN POR MANIOBRA DE REVERSA,ASFALTO,Lluvioso,Bueno,2,VOLKSWAGEN,BLANCO,2,,28,FEMENINO,SIN DATOS,0,0,Morelia,Felix Ireta,agosto,jueves,21,-101.191849708557,19.6825155564645
17031,17032,2018,,2018/08/30,21:15:00,COLISIÓN CONTRA OBJETO FIJO,ASFALTO,Lluvioso,Regular,1,FORD,AZUL MAEINO,0,,,,,0,0,Tzintzuntzan,Sin datos,agosto,jueves,21,-101.557230949402,19.6342207883028
17032,17033,2018,,2018/08/30,22:00:00,COLISIÓN POR ALCANCE,CONCRETO,Nublado,Bueno,2,TOYOTA,GRIS,2,,28,MASCULINO,SIN DATOS,0,0,Morelia,Industrial,agosto,jueves,22,-101.197895407677,19.7069200953211
17033,17034,2018,"180910987",2018/08/31,"00:30:00",SUBIDA AL CAMELLÓN,ASFALTO,Lluvioso,Bueno,1,HINO,BLANCO,1,,37,MASCULINO,SIN DATOS,0,0,Morelia,La Quemada,agosto,viernes,1,-101.241652965546,19.7056171324491
17034,17035,2018,"180910979",2018/08/31,"00:50:00",SALIDA DE SUPERFICIE DE RODAMIENTO,ASFALTO,Bueno,Bueno,1,BMW,GRIS,1,,34,MASCULINO,SIN DATOS,0,0,Morelia,San Jose Itzicuaro,agosto,viernes,1,-101.308557987213,19.687566469978
17035,17036,2018,"180911019",2018/08/31,"01:11:00",SUBIDA AL CAMELLÓN,ASFALTO,Lluvioso,Bueno,1,NISSAN,ROJO,1,,24,MASCULINO,SIN DATOS,0,0,Morelia,Ignacio Zaragoza,agosto,viernes,1,-101.205282211304,19.7255543328493
17036,17037,2018,,2018/08/31,"01:35:00",SALIDA DE SUPERFICIE DE RODAMIENTO,ASFALTO,Lluvioso,Bueno,1,CADILAC,BLANCO,1,MINISTERIO PÚBLICO,,,,1,0,Morelia,Camelinas,agosto,viernes,2,-101.168958376991,19.684405826598
17037,17038,2018,"180911225",2018/08/31,"02:10:00",COLISIÓN POR CAMBIO DE CARRIL,CONCRETO,Nublado,Bueno,2,NISSAN,BLANCO,2,,49,MASCULINO,SIN DATOS,0,0,Morelia,Cuauhtemoc,agosto,viernes,2,-101.180917024612,19.6951122379529
17038,17039,2018,"180911056",2018/08/31,"02:25:00",VOLCADURA,ASFALTO,Lluvioso,Bueno,1,CHEVROLET,ROJO,0,,,,,0,0,Morelia,Ampliacion La Soledad,agosto,viernes,2,-101.182934045792,19.7324923800663
17039,17040,2018,"1809911395",2018/08/31,"08:18:00",COLISIÓN CON PEATÓN,ASFALTO,Bueno,Bueno,1,VOLKWAGEN,BLANCO,1,,0,MASCULINO,SIN DATOS,0,0,Morelia,Rafael Carrillo,agosto,viernes,8,-101.233670711517,19.7119702387153
17040,17041,2018,"180911582",2018/08/31,"08:25:00",COLISIÓN POR CORTE DE CIRCULACIÓN,ASFALTO,Bueno,Bueno,2,FREIGHTLINER,AMARILLO,2,,30,MASCULINO,SIN DATOS,0,0,Morelia,Enrique Ramirez,agosto,viernes,8,-101.16575717926,19.710071403506
17041,17042,2018,,2018/08/31,"08:30:00",COLISIÓN POR CAMBIO DE CARRIL,ASFALTO,Bueno,Bueno,2,VW,GRIS,2,,45,MASCULINO,SIN DATOS,0,0,Morelia,Francisco J Mujica,agosto,viernes,9,-101.188244819641,19.7217064650061
17042,17043,2018,"180991149",2018/08/31,"09:22:00",COLISIÓN POR CAMBIO DE CARRIL,ASFALTO,Bueno,Bueno,2,KENWORTH,GRIS,2,,34,MASCULINO,SIN DATOS,0,0,Morelia,Francisco J Mujica,agosto,viernes,9,-101.185026168823,19.7246150980648
17043,17044,2018,"180914192",2018/08/31,10:00:00,COLISIÓN POR ALCANCE,CONCRETO,Bueno,Bueno,2,MAZDA,BLANCO,2,,29,MASCULINO,SIN DATOS,0,0,Morelia,Nueva Valladolid,agosto,viernes,10,-101.209090948105,19.6986476159737
17044,17045,2018,"180911672",2018/08/31,10:35:00,CAIDA DE MOTOCICLETA,ASFALTO,Bueno,Bueno,1,ITALIKA,NEGRO,1,,51,MASCULINO,SIN DATOS,0,0,Morelia,Centro,agosto,viernes,11,-101.18985414505,19.7029253189536
17045,17046,2018,,2018/08/31,11:10:00,COLISIÓN POR CORTE DE CIRCULACIÓN,ASFALTO,Bueno,Bueno,1,JEEP,ROJO,1,,43,,SIN DATOS,0,0,Morelia,Centro,agosto,viernes,11,-101.188877820969,19.7029606713943
17046,17047,2018,"1809120552",2018/08/31,11:15:00,COLISIÓN CON PEATÓN,CONCRETO,Bueno,Bueno,2,FREIGHTLINER,AMARILLO,2,,42,MASCULINO,SIN DATOS,0,0,Morelia,Independencia,agosto,viernes,11,-101.177827119827,19.7049504961781
17047,17048,2018,,2018/08/31,11:20:00,SALIDA DE SUPERFICIE DE RODAMIENTO,ASFALTO,Nublado,Bueno,1,DINA,VERDE,4,MINISTERIO PÚBLICO,64,MASCULINO,SIN DATOS,3,0,Zacapu,Sin datos,agosto,viernes,11,-101.723055839539,19.7627456095976
17048,17049,2018,"180405013",2018/08/31,12:53:00,COLISIÓN CON PEATÓN,ASFALTO,Bueno,Bueno,3,KENWORTH,AZUL,2,,36,MASCULINO,SIN DATOS,0,0,Morelia,Sentimientos de La Nacion,agosto,viernes,13,-101.233263015747,19.6783332795326
17049,17050,2018,"180912601",2018/08/31,13:00:00,COLISIÓN POR ALCANCE,ASFALTO,Bueno,Bueno,2,TOYOTA,NEGRO,2,,35,MASCULINO,SIN DATOS,0,0,Morelia,Camelinas,agosto,viernes,13,-101.168782711029,19.6826266782754
17050,17051,2018,"180912650",2018/08/31,14:15:00,COLISIÓN POR CAMBIO DE CARRIL,ASFALTO,Bueno,Bueno,2,MERCEDES BENZ,BLANCO,2,,38,MASCULINO,SIN DATOS,0,0,Morelia,Felix Ireta,agosto,viernes,14,-101.181507110596,19.6815457628422
17051,17052,2018,,2018/08/31,14:40:00,COLISIÓN POR ALCANCE,CONCRETO,Bueno,Bueno,2,VW,ROJO,2,,,MASCULINO,SIN DATOS,0,0,Morelia,Central de Abastos,agosto,viernes,15,-101.169748306274,19.7177070081221
17052,17053,2018,"180913432",2018/08/31,15:20:00,COLISIÓN POR CAMBIO DE CARRIL,ASFALTO,Bueno,Bueno,2,GMC,NEGRO,2,,38,MASCULINO,SIN DATOS,0,0,Morelia,Felix Ireta,agosto,viernes,15,-101.180900931358,19.6849753712441
17053,17054,2018,"180913182",2018/08/31,15:30:00,COLISIÓN POR ALCANCE,CONCRETO,Bueno,Bueno,3,VOLKSWAGEN,GRIS,3,,50,MASCULINO,SIN DATOS,0,0,Morelia,Lomas del Tecnologico,agosto,viernes,16,-101.189993619919,19.7202571784285
17054,17055,2018,,2018/08/31,15:39:00,COLISIÓN POR ALCANCE,ASFALTO,Bueno,Bueno,2,KENWORTH,MORADO,2,,54,,SIN DATOS,0,0,Morelia,Sentimientos de La Nacion,agosto,viernes,16,-101.233305931091,19.6782827682743
17055,17056,2018,,2018/08/31,16:50:00,COLISIÓN POR ALCANCE,ASFALTO,Lluvioso,Bueno,3,NISSAN,BLANCO,3,MINISTERIO PÚBLICO,33,MASCULINO,SIN DATOS,0,0,Tangancícuaro,Sector 1,agosto,viernes,17,-102.201390266418,19.8921152706648
17056,17057,2018,"180913569",2018/08/31,17:20:00,COLISIÓN POR CAMBIO DE CARRIL,ASFALTO,Bueno,Bueno,2,TOYOTA,BLANCO/ROJO,2,,21,MASCULINO,SIN DATOS,0,0,Morelia,Nueva Valladolid,agosto,viernes,17,-101.207342147827,19.7023041247921
17057,17058,2018,,2018/08/31,19:15:00,COLISIÓN POR CAMBIO DE CARRIL,ASFALTO,Bueno,Bueno,2,CHEVROLET,BLANCO,2,,30,,SIN DATOS,0,0,Morelia,Jardines del Rincon,agosto,viernes,19,-101.150404214859,19.6908191739474
17058,17059,2018,"180141830",2018/08/31,21:07:00,SUBIDA AL CAMELLÓN,ASFALTO,Bueno,Bueno,1,NISSAN,BLANCO,1,,70,MASCULINO,SIN DATOS,0,0,Morelia,Nicolaitas Ilustres,agosto,viernes,21,-101.225516796112,19.7233930746516
17059,17060,2018,"180914592",2018/08/31,21:15:00,SALIDA DE SUPERFICIE DE RODAMIENTO,TERRACERIA,Bueno,Bueno,1,NISSAN,BLANCO,1,,0,,SIN DATOS,0,0,Morelia,Valle Verde,agosto,viernes,21,-101.203564523984,19.6678319028522
17060,17061,2018,"180914976",2018/08/31,21:27:00,COLISIÓN POR MANIOBRA DE REVERSA,ASFALTO,Bueno,Bueno,2,NISSAN,BLANCO,2,,0,MASCULINO,SIN DATOS,0,0,Morelia,Tres Puentes,agosto,viernes,21,-101.213741898537,19.7027334055677
17061,17062,2018,"180915068",2018/08/31,22:30:00,SUBIDA AL CAMELLÓN,ASFALTO,Bueno,Bueno,1,NISSAN,BLANCO,1,,52,MASCULINO,ALIENTO ETÍLICO,0,0,Morelia,Sentimientos de La Nacion,agosto,viernes,23,-101.233284473419,19.6783332795326
17062,17063,2018,"180914882",2018/08/31,22:30:00,COLISIÓN CON PEATÓN,SIN_DATOS,Bueno,Bueno,4,VOLKWAGEN,NEGRO,4,,54,MASCULINO,ALIENTO ETÍLICO,0,0,Morelia,Vasco de Quiroga,agosto,viernes,23,-101.169199794531,19.7019329222518
17063,17064,2018,"180123540",2018/08/31,23:40:00,COLISIÓN POR MANIOBRA DE REVERSA,CONCRETO,Lluvioso,Bueno,2,CHEVROLET,AZUL,2,,,MASCULINO,SIN DATOS,0,0,Morelia,Los Manantiales de Morelia,agosto,viernes,0,-101.241357922554,19.6954354757584
17064,17065,2018,,2018/09/01,"00:00:00",COLISIÓN POR ALCANCE,ASFALTO,Bueno,Bueno,2,NISSAN,NEGRO,2,,47,MASCULINO,ALIENTO ETÍLICO,0,0,Morelia,Loma Dorada,septiembre,sábado,0,-101.254999637604,19.697728425201
17065,17066,2018,,2018/09/01,"00:00:00",COLISIÓN POR INVASIÓN DE CARRIL,ASFALTO,Lluvioso,Regular,2,CHEVROLET,VERDE,1,,48,MASCULINO,SIN DATOS,0,0,Peribán,Los Cerritos,septiembre,sábado,0,-102.429056167603,19.5334623212773
17066,17067,2018,,2018/09/01,"00:20:00",COLISIÓN POR NO RESPETAR SEMÁFORO,ASFALTO,Lluvioso,Malo,2,FORD,GRIS,2,,20,MASCULINO,ALIENTO ETÍLICO,0,0,Morelia,Felix Ireta,septiembre,sábado,0,-101.180702447891,19.6862330442866
17067,17068,2018,"180915357",2018/09/01,"01:30:00",SUBIDA AL CAMELLÓN,ASFALTO,Nublado,Bueno,2,YAMAHA,ROJO,3,,25,,SIN DATOS,1,0,Morelia,La Soledad,septiembre,sábado,2,-101.183352470398,19.7281700221314
17068,17069,2018,,2018/09/01,"01:30:00",COLISIÓN POR NO RESPETAR SEMÁFORO,ASFALTO,Bueno,Bueno,2,FORD,AZUL,2,,48,MASCULINO,SIN DATOS,0,0,Morelia,Jardines del Rincon,septiembre,sábado,2,-101.149143576622,19.6877937573405
17069,17070,2018,"180915442",2018/09/01,"03:15:00",COLISIÓN POR ALCANCE,ASFALTO,Nublado,Regular,2,NISSAN,BLANCO/ROJO,2,,47,MASCULINO,SIN DATOS,0,0,Morelia,Asociacion Zirahuen,septiembre,sábado,3,-101.250150203705,19.6986678179094