fid,id_accidente,anio_origen,folio_c5i,dia_incidente,hora_ocurrencia,tipo_incidente_vial,superficie_ocurrencia,condiciones_climaticas,condiciones_via,numero_vehiculos_involucrados,marca_vehiculo_ocasiona_siniestro,color_vehiculo_ocasiona_siniestro,numero_personas_involucradas,lugar_remite_presunto_responsable,edad_presunto_responsable,sexo_presunto_responsable,resultados_toxicologia,numero_personas_lesionadas,numero_personas_fallecidas,municipio,colonia,mes,dia_semana,hora_redondeada,lon,lat
17070,17071,2018,"180915446",2018/09/01,"03:20:00",COLISIÓN CONTRA OBJETO FIJO,ASFALTO,Bueno,Bueno,1,NISSAN,ROJO,1,,17,MASCULINO,SIN DATOS,0,0,Morelia,Rey Tariacuri (Eucaliptos),septiembre,sábado,3,-101.198887825012,19.6778231150922
17071,17072,2018,"180915485",2018/09/01,"03:50:00",COLISIÓN POR ALCANCE,ASFALTO,Lluvioso,Bueno,2,VW,ROJO,2,,19,MASCULINO,ALIENTO ETÍLICO,0,0,Morelia,Los Manantiales de Morelia,septiembre,sábado,4,-101.241009235382,19.694566772676
17072,17073,2018,"180915474",2018/09/01,"04:10:00",COLISIÓN POR ALCANCE,ASFALTO,Nublado,Regular,2,NISSAN,AZUL,2,MINISTERIO PÚBLICO,,MASCULINO,SIN DATOS,0,0,Morelia,Del Empleado,septiembre,sábado,4,-101.178725659847,19.6898014483644
17074,17075,2018,"180915671",2018/09/01,"08:50:00",COLISIÓN CONTRA OBJETO FIJO,ADOQUIN_EMPEDRADO,Nublado,Bueno,1,FIAT,BLANCO,1,,45,MASCULINO,SIN DATOS,0,0,Morelia,Vistas de Altozano,septiembre,sábado,9,-101.16758108139,19.6556723307642
17076,17077,2018,LEG17715,2018/09/01,"09:50:00",COLISIÓN CON PEATÓN,ASFALTO,Bueno,Bueno,0,,,1,,,,,1,0,Morelia,Primo Tapia,septiembre,sábado,10,-101.21258854866,19.70943003652
17077,17078,2018,"180916056",2018/09/01,10:31:00,COLISIÓN CONTRA OBJETO FIJO,ASFALTO,Bueno,Bueno,2,MAZDA,GRIS,2,,,MASCULINO,SIN DATOS,0,0,Morelia,Isaac Arriaga,septiembre,sábado,11,-101.172205209732,19.709980501255
17078,17079,2018,"180916228",2018/09/01,10:45:00,COLISIÓN POR CORTE DE CIRCULACIÓN,CONCRETO,Bueno,Bueno,2,CHEVROLET,BLANCO,3,,27,FEMENINO,SIN DATOS,1,0,Morelia,Alberto Oviedo Mota,septiembre,sábado,11,-101.19780421257,19.6839904396763
17079,17080,2018,"180916556",2018/09/01,11:10:00,COLISIÓN CONTRA OBJETO FIJO,TERRACERIA,Bueno,Bueno,1,NISSAN,ROJO,0,,,,,0,0,Morelia,Los Manantiales de Morelia,septiembre,sábado,11,-101.240708827972,19.700637494395
17080,17081,2018,"180916668",2018/09/01,11:45:00,COLISIÓN POR ALCANCE,ASFALTO,Bueno,Bueno,2,TOYOTA,NEGRO,2,,45,MASCULINO,SIN DATOS,0,0,Morelia,Tenencia Morelos,septiembre,sábado,12,-101.247253417969,19.6494382402108
17081,17082,2018,,2018/09/01,13:30:00,COLISIÓN POR CORTE DE CIRCULACIÓN,ASFALTO,Bueno,Bueno,3,FREIGHTLINER,BLANCO,2,,,MASCULINO,SIN DATOS,0,0,Morelia,Comision Federal de Electricidad,septiembre,sábado,14,-101.180262565613,19.6814800995201
17082,17083,2018,"180916939",2018/09/01,13:30:00,COLISIÓN POR INVASIÓN DE CARRIL,ASFALTO,Bueno,Bueno,2,NISSAN,BLANCO,2,,60,MASCULINO,SIN DATOS,0,0,Morelia,Chapultepec Oriente,septiembre,sábado,14,-101.159244775772,19.694566772676
17083,17084,2018,,2018/09/01,13:40:00,COLISIÓN POR CORTE DE CIRCULACIÓN,ASFALTO,Bueno,Bueno,2,ITALIKA,ROJO Y NEGRO,2,,21,MASCULINO,SIN DATOS,0,0,Morelia,Isaac Arriaga,septiembre,sábado,14,-101.17144882679,19.7077887313396
17084,17085,2018,,2018/09/01,14:35:00,COLISIÓN POR ALCANCE,ASFALTO,Bueno,Bueno,3,FORD,ORO,3,,29,MASCULINO,SIN DATOS,0,0,Morelia,Elias Perez Avalos,septiembre,sábado,15,-101.17000579834,19.7159294396102
17085,17086,2018,,2018/09/01,15:20:00,COLISIÓN CONTRA OBJETO FIJO,CONCRETO,Bueno,Bueno,1,HONDA,BLANCO,1,,25,,SIN DATOS,0,0,Morelia,Obrera,septiembre,sábado,15,-101.186689138412,19.7107935695535
17086,17087,2018,"180917468",2018/09/01,15:20:00,COLISIÓN POR ALCANCE,ASFALTO,Bueno,Bueno,3,MITSUBISHI,GRIS,4,,21,FEMENINO,SIN DATOS,1,0,Morelia,Rey Tariacuri (Eucaliptos),septiembre,sábado,15,-101.199510097504,19.6778483707958
17087,17088,2018,,2018/09/01,15:50:00,COLISIÓN CONTRA OBJETO FIJO,ASFALTO,Bueno,Bueno,1,NISSAN,AZUL,1,,,,,1,0,Morelia,Vasco de Quiroga,septiembre,sábado,16,-101.170692443848,19.6972334741368
17088,17089,2018,"180917840",2018/09/01,15:50:00,COLISIÓN POR CORTE DE CIRCULACIÓN,ASFALTO,Bueno,Bueno,2,FIAT,ROJO,2,,37,FEMENINO,ALIENTO ETÍLICO,0,0,Morelia,Felix Ireta,septiembre,sábado,16,-101.181265711784,19.6830560118207
17089,17090,2018,"180918114",2018/09/01,16:50:00,COLISIÓN POR ALCANCE,ASFALTO,Bueno,Bueno,2,V.W,PLATA,2,,31,MASCULINO,SIN DATOS,0,0,Morelia,Bosques de Oriente,septiembre,sábado,17,-101.155543327332,19.7157072421566
17090,17091,2018,"180918358",2018/09/01,18:10:00,COLISIÓN POR ALCANCE,ASFALTO,Bueno,Bueno,2,PONTIAC,AMARILLO,2,,0,MASCULINO,SIN DATOS,0,0,Tarímbaro,Sin datos,septiembre,sábado,18,-101.159491539001,19.7675314761634
17091,17092,2018,"180918412",2018/09/01,18:30:00,COLISIÓN CONTRA OBJETO FIJO,ASFALTO,Bueno,Bueno,1,V.W,ROJO,0,,,,,0,0,Morelia,Enrique Arreguin Robles,septiembre,sábado,19,-101.178932189941,19.7203632242334
17092,17093,2018,"180918472",2018/09/01,18:50:00,COLISIÓN POR ALCANCE,ASFALTO,Nublado,Regular,3,HYUNDAI,NEGRO,3,,34,MASCULINO,CON CERTIFICADO,0,0,Morelia,Arcos del Valle,septiembre,sábado,19,-101.236256361008,19.7076877273938
17093,17094,2018,"180918890",2018/09/01,20:40:00,COLISIÓN POR CORTE DE CIRCULACIÓN,ASFALTO,Bueno,Bueno,2,FORD,AZUL,2,,,FEMENINO,SIN DATOS,0,0,Morelia,Lomas del Valle,septiembre,sábado,21,-101.230655908585,19.6878543672493
17094,17095,2018,"180919020",2018/09/01,20:45:00,SUBIDA AL CAMELLÓN,ASFALTO,Bueno,Bueno,1,V.W,AZUL,1,,54,MASCULINO,SIN DATOS,0,0,Morelia,El Lago 3,septiembre,sábado,21,-101.219347715378,19.7273014968479
17095,17096,2018,"180918891",2018/09/01,20:50:00,COLISIÓN POR CORTE DE CIRCULACIÓN,ASFALTO,Bueno,Bueno,2,DODGE,GRIS,3,MINISTERIO PÚBLICO,,,SIN DATOS,1,0,Morelia,Ventura Puente,septiembre,sábado,21,-101.18797659874,19.6929354163574
17096,17097,2018,"180919086",2018/09/01,21:00:00,VOLCADURA,ASFALTO,Bueno,Bueno,1,PEUGEOT,GRIS,1,,38,FEMENINO,SIN DATOS,0,0,Morelia,Cañada del Bosque,septiembre,sábado,21,-101.097532510757,19.7284527967862
17097,17098,2018,"180918959",2018/09/01,21:00:00,COLISIÓN POR ALCANCE,ASFALTO,Bueno,Bueno,3,FORD,SIN DATO,3,,,MASCULINO,SIN DATOS,0,0,Morelia,Elias Perez Avalos,septiembre,sábado,21,-101.169404983521,19.7133236500491
17098,17099,2018,"180914234",2018/09/01,21:55:00,SUBIDA AL CAMELLÓN,ASFALTO,Bueno,Bueno,1,MAZDA,ROJO,1,,25,MASCULINO,ALIENTO ETÍLICO,0,0,Morelia,Felix Ireta,septiembre,sábado,22,-101.191785335541,19.6823185676101
17099,17100,2018,"180919530",2018/09/01,23:45:00,COLISIÓN POR ALCANCE,ASFALTO,Bueno,Bueno,3,NISSAN,AZUL,3,,43,FEMENINO,SIN DATOS,0,0,Morelia,Loma Dorada,septiembre,sábado,0,-101.255042552948,19.6978698395097
17100,17101,2018,,2018/09/02,"00:00:00",COLISIÓN POR CAMBIO DE CARRIL,CONCRETO,Bueno,Regular,2,FORD,AZUL,1,,58,MASCULINO,SIN DATOS,0,0,Los Reyes,Carlos Galvez Betancourt,septiembre,domingo,0,-102.458817958832,19.5741048407722
17101,17102,2018,,2018/09/02,"00:00:00",COLISIÓN POR INVASIÓN DE CARRIL,ASFALTO,Bueno,Regular,2,FORD,GRIS,2,,33,MASCULINO,SIN DATOS,0,0,Tocumbo,Sin datos,septiembre,domingo,0,-102.531495094299,19.7049403956071
17102,17103,2018,,2018/09/02,"01:00:00",COLISIÓN POR CORTE DE CIRCULACIÓN,ASFALTO,Bueno,Bueno,2,SIN DATOS,SIN DATOS,2,,0,,SIN DATOS,0,0,Morelia,Los Manantiales de Morelia,septiembre,domingo,1,-101.241438388824,19.695586993255
17103,17104,2018,,2018/09/02,"01:30:00",VOLCADURA,ASFALTO,Bueno,Bueno,1,NISSAN,BLANCO,1,,32,MASCULINO,SIN DATOS,0,0,Morelia,La Soledad,septiembre,domingo,2,-101.18337392807,19.7281599230273
17104,17105,2018,"180919960",2018/09/02,"03:50:00",COLISIÓN CONTRA OBJETO FIJO,ASFALTO,Bueno,Bueno,1,SEAT,AZUL,1,,25,MASCULINO,SIN DATOS,0,0,Morelia,Vasco de Quiroga,septiembre,domingo,4,-101.169834136963,19.6970415539245
17105,17106,2018,"180920947",2018/09/02,"07:50:00",COLISIÓN POR ALCANCE,ASFALTO,Bueno,Bueno,4,NISSAN,ROJO,4,,24,MASCULINO,SIN DATOS,0,0,Morelia,Centro,septiembre,domingo,8,-101.188564002514,19.7046626296568
17106,17107,2018,"180920367",2018/09/02,"09:00:00",COLISIÓN POR CAMBIO DE CARRIL,ASFALTO,Bueno,Bueno,2,SIN DATOS,NEGRO,3,,28,MASCULINO,SIN DATOS,1,0,Morelia,Centro,septiembre,domingo,9,-101.194354891777,19.6998900302754
17107,17108,2018,"180923272",2018/09/02,"09:40:00",COLISIÓN POR MANIOBRA DE REVERSA,CONCRETO,Bueno,Bueno,2,FORD,VERDE,2,MINISTERIO PÚBLICO,0,,SIN DATOS,0,0,Morelia,Felix Ireta,septiembre,domingo,10,-101.193632036448,19.6905413834873
17108,17109,2018,,2018/09/02,11:35:00,COLISIÓN POR CORTE DE CIRCULACIÓN,ASFALTO,Bueno,Bueno,2,NISSAN,BLANCO,2,,42,MASCULINO,SIN DATOS,0,0,Apatzingán,El Varillero,septiembre,domingo,12,-102.360187768936,19.0835231408729
17109,17110,2018,"180920515",2018/09/02,11:40:00,COLISIÓN CONTRA OBJETO FIJO,ASFALTO,Bueno,Bueno,1,CHEVROLET,GRIS,1,,0,,SIN DATOS,0,0,Morelia,Chapultepec Oriente,septiembre,domingo,12,-101.164324879646,19.6949708212078
17110,17111,2018,,2018/09/02,12:00:00,COLISIÓN CONTRA OBJETO FIJO,CONCRETO,Bueno,Bueno,1,ISUZU,SIN DATOS,1,,22,MASCULINO,SIN DATOS,0,0,Tarímbaro,Centro,septiembre,domingo,12,-101.176869,19.792979
17111,17112,2018,"180920478",2018/09/02,13:20:00,COLISIÓN POR CAMBIO DE CARRIL,ASFALTO,Bueno,Bueno,2,TOYOTA,BLANCO,2,,47,FEMENINO,SIN DATOS,0,0,Morelia,Villas Valladolid,septiembre,domingo,13,-101.215903759003,19.6959986150633
17112,17113,2018,,2018/09/02,14:10:00,COLISIÓN CON PEATÓN,ASFALTO,Bueno,Bueno,1,TOYOTA,GUINDA,1,,,,,1,0,Lázaro Cárdenas,Centro,septiembre,domingo,14,-102.195113897324,17.9577912776009
17113,17114,2018,,2018/09/02,14:20:00,COLISIÓN POR CORTE DE CIRCULACIÓN,ASFALTO,Bueno,Bueno,2,NISSAN,BCO ROJO,2,MINISTERIO PÚBLICO,,,SIN DATOS,0,0,Apatzingán,Zona Industrial,septiembre,domingo,14,-102.327690124512,19.0620773214261
17114,17115,2018,"180031478",2018/09/02,14:33:00,COLISIÓN POR NO RESPETAR SEMÁFORO,ASFALTO,Bueno,Bueno,2,VOLKWAGEN,GRIS,2,,39,MASCULINO,SIN DATOS,0,0,Morelia,Centro,septiembre,domingo,15,-101.200100183487,19.6983900410698
17115,17116,2018,"180921813",2018/09/02,14:37:00,COLISIÓN POR ALCANCE,ASFALTO,Bueno,Bueno,2,NISSAN,BLANCO,2,,28,MASCULINO,SIN DATOS,0,0,Morelia,Los Angeles,septiembre,domingo,15,-101.17727458477,19.7402480935871
17116,17117,2018,"180121782",2018/09/02,14:50:00,COLISIÓN POR CORTE DE CIRCULACIÓN,CONCRETO,Bueno,Bueno,2,NISSAN,ROJO,2,,57,MASCULINO,SIN DATOS,0,0,Morelia,Nuevo Amanecer,septiembre,domingo,15,-101.150811910629,19.7063544693314
17117,17118,2018,,2018/09/02,18:00:00,VOLCADURA,ASFALTO,Lluvioso,Regular,1,NISSAN,BLANCO/AZUL,1,,29,MASCULINO,SIN DATOS,0,0,Maravatío,Sin datos,septiembre,domingo,18,-100.523550510406,19.9016185404774
17118,17119,2018,"180922680",2018/09/02,18:45:00,VOLCADURA,ASFALTO,Bueno,Bueno,1,POLARIS,BLANCO/NEGRO,1,MINISTERIO PÚBLICO,,,,0,1,Morelia,Sin datos,septiembre,domingo,19,-101.284890174866,19.5936338691573
17119,17120,2018,"180922120",2018/09/02,18:50:00,COLISIÓN POR CORTE DE CIRCULACIÓN,ASFALTO,Bueno,Bueno,2,VOLKWAGEN,GRIS,2,,20,MASCULINO,SIN DATOS,0,0,Morelia,Felix Ireta,septiembre,domingo,19,-101.18043422699,19.6876371816365
17120,17121,2018,"180922825",2018/09/02,19:05:00,COLISIÓN POR CORTE DE CIRCULACIÓN,CONCRETO,Bueno,Bueno,2,TOYOTA,BLANCO/ROJO,2,,0,MASCULINO,SIN DATOS,0,0,Morelia,Industrial,septiembre,domingo,19,-101.197519898415,19.7122858673827
17121,17122,2018,"180922881",2018/09/02,19:20:00,COLISIÓN POR CAMBIO DE CARRIL,ASFALTO,Bueno,Bueno,2,ITALIKA,GRIS,2,,31,MASCULINO,SIN DATOS,0,0,Morelia,Pastor Manuel Sanchez Camarena,septiembre,domingo,19,-101.199097037315,19.7361859846192
17122,17123,2018,,2018/09/02,19:45:00,COLISIÓN POR ALCANCE,ASFALTO,Lluvioso,Bueno,2,NISSAN,AZUL,2,,53,MASCULINO,SIN DATOS,0,0,Zacapu,Centro,septiembre,domingo,20,-101.790475845337,19.8102546145801
17123,17124,2018,"180923470",2018/09/02,21:23:00,COLISIÓN POR CAMBIO DE CARRIL,ASFALTO,Lluvioso,Malo,2,CHEVROLET,BLANCO,2,,0,,SIN DATOS,0,0,Morelia,Indeco Expropiacion Petrolera,septiembre,domingo,21,-101.225752830505,19.684844047385
17124,17125,2018,,2018/09/02,21:30:00,COLISIÓN POR ALCANCE,ASFALTO,Nublado,Regular,3,VOLKWAGEN,ROJO,3,MINISTERIO PÚBLICO,28,MASCULINO,SIN DATOS,0,0,Morelia,Sentimientos de La Nacion,septiembre,domingo,22,-101.235430240631,19.681384130001
17125,17126,2018,,2018/09/02,21:50:00,COLISIÓN POR ALCANCE,ASFALTO,Bueno,Bueno,2,CHEVROLET,ARENA,2,,22,MASCULINO,SIN DATOS,0,0,Lázaro Cárdenas,1Er Sect de Fidelac,septiembre,domingo,22,-102.195864915848,17.9638536380636
17126,17127,2018,"180924176",2018/09/03,"03:50:00",SALIDA DE SUPERFICIE DE RODAMIENTO,ASFALTO,Lluvioso,Malo,1,NISSAN,ROJO,1,,52,MASCULINO,SIN DATOS,0,0,Morelia,Alberto Oviedo Mota,septiembre,lunes,4,-101.197541356087,19.681161884578
17127,17128,2018,"180924341",2018/09/03,"07:30:00",COLISIÓN CONTRA OBJETO FIJO,CONCRETO,Bueno,Bueno,1,CHEVROLET,BLANCO,1,,21,MASCULINO,ALIENTO ETÍLICO,0,0,Morelia,Loma de Los Piñones,septiembre,lunes,8,-101.205051541328,19.6740801758089
17128,17129,2018,"180924569",2018/09/03,"09:15:00",COLISIÓN POR MANIOBRA DE REVERSA,ASFALTO,Bueno,Bueno,2,NISSAN,BLANCO Y ROJO,2,,32,MASCULINO,SIN DATOS,0,0,Morelia,Campestre Los Manantiales,septiembre,lunes,9,-101.238353848457,19.6879705361772
17129,17130,2018,"180924714",2018/09/03,10:05:00,COLISIÓN POR CORTE DE CIRCULACIÓN,ASFALTO,Bueno,Bueno,2,NISSAN,GRIS,2,MINISTERIO PÚBLICO,44,MASCULINO,SIN DATOS,0,0,Morelia,Agustin Arriaga Rivera,septiembre,lunes,10,-101.22451364994,19.6911070653703
17130,17131,2018,"180924652",2018/09/03,10:30:00,COLISIÓN POR ALCANCE,ASFALTO,Bueno,Bueno,2,DINA,BLANCO,3,,29,MASCULINO,SIN DATOS,1,0,Morelia,San Pascual,septiembre,lunes,11,-101.2673163414,19.6952940592988
17131,17132,2018,,2018/09/03,11:00:00,COLISIÓN CONTRA OBJETO FIJO,ASFALTO,Bueno,Bueno,1,SIN DATOS,SIN DATOS,1,,0,MASCULINO,SIN DATOS,0,0,Charo,Sin datos,septiembre,lunes,11,-100.954527854919,19.6528937952049
17132,17133,2018,"180925165",2018/09/03,12:20:00,COLISIÓN POR CORTE DE CIRCULACIÓN,ASFALTO,Bueno,Bueno,3,VOLKSWAGEN,NEGRO,2,MINISTERIO PÚBLICO,31,MASCULINO,SIN DATOS,0,0,Morelia,Cuauhtemoc,septiembre,lunes,12,-101.17901802063,19.6948395055468
17133,17134,2018,,2018/09/03,12:30:00,COLISIÓN POR CORTE DE CIRCULACIÓN,ASFALTO,Bueno,Bueno,2,FORD,CAFE,2,,33,MASCULINO,SIN DATOS,0,0,Lázaro Cárdenas,1Er Sect de Fidelac,septiembre,lunes,13,-102.199920415878,17.9618430802823
17134,17135,2018,"180425590",2018/09/03,14:00:00,COLISIÓN POR MANIOBRA DE REVERSA,ASFALTO,Bueno,Bueno,2,NISSAN,BLANCO,2,,27,MASCULINO,SIN DATOS,0,0,Morelia,Melchor Ocampo,septiembre,lunes,14,-101.203967928886,19.7042586055954
17135,17136,2018,,2018/09/03,14:20:00,COLISIÓN CON PEATÓN,ASFALTO,Bueno,Bueno,1,NISSAN,ROJO,2,MINISTERIO PÚBLICO,31,MASCULINO,SIN DATOS,1,0,Salvador Escalante,Sin datos,septiembre,lunes,14,-101.589074134827,19.4103805985031
17136,17137,2018,"180925727",2018/09/03,14:30:00,COLISIÓN POR ALCANCE,ASFALTO,Bueno,Regular,3,CHEVROLET,GRIS,4,,62,FEMENINO,SIN DATOS,1,0,Morelia,Felix Ireta,septiembre,lunes,15,-101.192860901356,19.6913419237791
17137,17138,2018,"1809250267",2018/09/03,14:50:00,COLISIÓN POR CAMBIO DE CARRIL,ASFALTO,Bueno,Regular,2,TOYOTA,BLANCO Y GRIS,2,,28,MASCULINO,SIN DATOS,0,0,Morelia,Isaac Arriaga,septiembre,lunes,15,-101.166250705719,19.7104552124408
17138,17139,2018,"180125959",2018/09/03,15:35:00,COLISIÓN POR CORTE DE CIRCULACIÓN,ASFALTO,Bueno,Bueno,2,KURAZAI,AZUL,2,,25,MASCULINO,SIN DATOS,0,0,Morelia,Villas del Real,septiembre,lunes,16,-101.199429631233,19.7357845648849
17139,17140,2018,,2018/09/03,15:40:00,COLISIÓN POR CORTE DE CIRCULACIÓN,ASFALTO,Bueno,Bueno,2,NISSAN,BLANCO,4,MINISTERIO PÚBLICO,27,MASCULINO,CON CERTIFICADO,1,1,Tangancícuaro,Sector 2,septiembre,lunes,16,-102.202634811401,19.898713142739
17140,17141,2018,,2018/09/03,15:45:00,COLISIÓN POR ALCANCE,ASFALTO,Bueno,Bueno,2,KIA,BLANCO,2,,38,MASCULINO,SIN DATOS,0,0,Morelia,Morelia 450,septiembre,lunes,16,-101.216601133347,19.6755450342546
17141,17142,2018,"180926322",2018/09/03,16:50:00,COLISIÓN POR CAMBIO DE CARRIL,ASFALTO,Bueno,Bueno,2,NISSAN,BLANCO,2,,26,FEMENINO,SIN DATOS,0,0,Morelia,Insurgentes,septiembre,lunes,17,-101.155108809471,19.6952284016144
17142,17143,2018,"180926490",2018/09/03,17:34:00,COLISIÓN POR MANIOBRA DE REVERSA,ASFALTO,Lluvioso,Bueno,2,CHRYSLER,BLANCO,1,,41,MASCULINO,SIN DATOS,0,0,Morelia,Niño Artillero,septiembre,lunes,18,-101.256115436554,19.6974657982963
17143,17144,2018,,2018/09/03,18:00:00,COLISIÓN POR CORTE DE CIRCULACIÓN,ASFALTO,Bueno,Bueno,1,KENWORTH,BLANCO,1,,45,MASCULINO,SIN DATOS,0,0,Morelia,Trinidad Salgado,septiembre,lunes,18,-101.231262087822,19.7031778362159
17144,17145,2018,,2018/09/03,21:09:00,COLISIÓN POR INVASIÓN DE CARRIL,ASFALTO,Lluvioso,Malo,2,CHEVROLET,ROJO,2,MINISTERIO PÚBLICO,0,,SIN DATOS,0,0,Quiroga,Sin datos,septiembre,lunes,21,-101.513929367065,19.6633812519447
17145,17146,2018,,2018/09/03,21:20:00,VOLCADURA,ASFALTO,Bueno,Bueno,1,FORD,BLANCO,1,,42,MASCULINO,SIN DATOS,0,0,Morelia,Mil Cumbres,septiembre,lunes,21,-101.144948601723,19.6974102425497
17146,17147,2018,"180927548",2018/09/03,21:43:00,COLISIÓN POR ALCANCE,ASFALTO,Bueno,Regular,2,YAMAHA,BLANCO,2,,27,MASCULINO,SIN DATOS,0,0,Morelia,Santiaguito,septiembre,lunes,22,-101.18871152401,19.7168889250686
17147,17148,2018,"180927628",2018/09/03,22:50:00,COLISIÓN POR INVASIÓN DE CARRIL,ASFALTO,Bueno,Regular,2,VOLKSWAGEN,AZUL,2,,31,MASCULINO,CON CERTIFICADO,0,0,Morelia,Gertrudis Sanchez,septiembre,lunes,23,-101.20107418806,19.7413620006727
17148,17149,2018,,2018/09/03,23:30:00,COLISIÓN POR INVASIÓN DE CARRIL,ASFALTO,Bueno,Bueno,2,FORD,NEGRO,2,MINISTERIO PÚBLICO,,,SIN DATOS,0,0,Zinapécuaro,Sin datos,septiembre,lunes,0,-100.728149414062,19.7396833476824
17149,17150,2018,,2018/09/03,23:40:00,COLISIÓN POR INVASIÓN DE CARRIL,ASFALTO,Lluvioso,Bueno,2,FORD,ROJO,4,,54,MASCULINO,SIN DATOS,2,0,Tlalpujahua,Sin datos,septiembre,lunes,0,-100.20067691803,19.7856437713312
17150,17151,2018,"180928102",2018/09/04,"04:00:00",COLISIÓN POR CORTE DE CIRCULACIÓN,ASFALTO,Lluvioso,Malo,1,NISSAN,BLANCO,1,,51,MASCULINO,SIN DATOS,0,0,Morelia,Villas de La Esperanza,septiembre,martes,4,-101.275148391724,19.6930010749823
17151,17152,2018,"180928118",2018/09/04,"04:10:00",SUBIDA AL CAMELLÓN,ASFALTO,Nublado,Regular,1,CHEVROLET,AZUL,1,,73,MASCULINO,SIN DATOS,0,0,Morelia,La Soledad,septiembre,martes,4,-101.183867454529,19.726271379345
17152,17153,2018,,2018/09/04,"04:50:00",COLISIÓN CONTRA OBJETO FIJO,ASFALTO,Bueno,Bueno,1,MITSUBISHI,ROJO,1,,39,MASCULINO,ALIENTO ETÍLICO,0,0,Morelia,La Rinconada,septiembre,martes,5,-101.15930378437,19.6914909197954
17153,17154,2018,"180928120",2018/09/04,"06:20:00",SUBIDA AL CAMELLÓN,ASFALTO,Nublado,Regular,1,NISSAN,BLANCO Y ROJO,1,,29,MASCULINO,SIN DATOS,0,0,Morelia,La Quemada,septiembre,martes,6,-101.241325736046,19.7057433890057
17154,17155,2018,,2018/09/04,"06:40:00",SUBIDA AL CAMELLÓN,ASFALTO,Nublado,Regular,1,NISSAN,AZUL,1,,56,MASCULINO,SIN DATOS,0,0,Morelia,Leandro Valle,septiembre,martes,7,-101.230570077896,19.7157678414927
17155,17156,2018,,2018/09/04,"08:03:00",COLISIÓN POR ALCANCE,ASFALTO,Bueno,Bueno,2,FORD,GRIS,2,,53,MASCULINO,ALIENTO ETÍLICO,0,0,Morelia,Prados Verdes,septiembre,martes,8,-101.197198033333,19.7153234458275
17156,17157,2018,"180928458",2018/09/04,"08:35:00",COLISIÓN POR ALCANCE,CONCRETO,Bueno,Bueno,2,NISSAN,GRIS,2,,63,MASCULINO,SIN DATOS,0,0,Morelia,Ferrocarrilero,septiembre,martes,9,-101.216059327126,19.6988900390339
17157,17158,2018,LEG17791,2018/09/04,"08:50:00",COLISIÓN POR CORTE DE CIRCULACIÓN,ASFALTO,Bueno,Bueno,2,NISSAN,ROJO,2,,39,MASCULINO,SIN DATOS,0,0,Tarímbaro,Sin datos,septiembre,martes,9,-101.132755279541,19.7767998977796
17158,17159,2018,,2018/09/04,14:15:00,COLISIÓN POR CAMBIO DE CARRIL,ASFALTO,Bueno,Bueno,2,DINA,BLANCO,2,,41,MASCULINO,SIN DATOS,0,0,Morelia,Isaac Arriaga,septiembre,martes,14,-101.167763471603,19.7094754878085
17159,17160,2018,"18093605",2018/09/04,14:18:00,COLISIÓN CON PEATÓN,ASFALTO,Bueno,Bueno,2,PONTIAC,GRIS,2,,55,MASCULINO,SIN DATOS,0,0,Morelia,Ciudad Industrial,septiembre,martes,14,-101.142818927765,19.7250796664976
17160,17161,2018,,2018/09/04,15:20:00,COLISIÓN POR ALCANCE,ASFALTO,Bueno,Bueno,2,HONDA,BLANCO,2,MINISTERIO PÚBLICO,32,MASCULINO,SIN DATOS,0,0,Hidalgo,Sin datos,septiembre,martes,15,-100.578310489655,19.7272005052295
17161,17162,2018,"180930242",2018/09/04,16:45:00,COLISIÓN POR ALCANCE,ASFALTO,Bueno,Bueno,2,VOLKWAGEN,MORADO,2,,33,FEMENINO,ALIENTO ETÍLICO,0,0,Morelia,Centro,septiembre,martes,17,-101.186608672142,19.7046424284779
17162,17163,2018,"180930235",2018/09/04,17:10:00,COLISIÓN POR CORTE DE CIRCULACIÓN,ASFALTO,Bueno,Bueno,1,NISSAN,BLANCO,1,,36,MASCULINO,SIN DATOS,0,0,Morelia,Loma del Salto,septiembre,martes,17,-101.200432777405,19.6593096136653
17163,17164,2018,"180930689",2018/09/04,17:20:00,COLISIÓN POR ALCANCE,CONCRETO,Bueno,Bueno,2,MAZDA,BLANCO,2,,39,MASCULINO,ALIENTO ETÍLICO,0,0,Morelia,Agustin Arriaga Rivera,septiembre,martes,17,-101.225767582655,19.6874730295243
17164,17165,2018,"180930485",2018/09/04,17:53:00,COLISIÓN POR CORTE DE CIRCULACIÓN,CONCRETO,Bueno,Bueno,2,SUZUKI,BLANCO,2,,0,MASCULINO,SIN DATOS,0,0,Morelia,Vasco de Quiroga,septiembre,martes,18,-101.167377233505,19.698809231388
17165,17166,2018,,2018/09/04,17:57:00,COLISIÓN POR CAMBIO DE CARRIL,ASFALTO,Bueno,Bueno,2,SCANIA,AZUL,2,,38,MASCULINO,SIN DATOS,0,0,Morelia,Felix Arreguin,septiembre,martes,18,-101.227844953537,19.7192623643566