fid,id_accidente,anio_origen,folio_c5i,dia_incidente,hora_ocurrencia,tipo_incidente_vial,superficie_ocurrencia,condiciones_climaticas,condiciones_via,numero_vehiculos_involucrados,marca_vehiculo_ocasiona_siniestro,color_vehiculo_ocasiona_siniestro,numero_personas_involucradas,lugar_remite_presunto_responsable,edad_presunto_responsable,sexo_presunto_responsable,resultados_toxicologia,numero_personas_lesionadas,numero_personas_fallecidas,municipio,colonia,mes,dia_semana,hora_redondeada,lon,lat
17166,17167,2018,"180930574",2018/09/04,18:00:00,COLISIÓN POR ALCANCE,ASFALTO,Nublado,Bueno,2,KENWORTH,BLANCO,2,,52,MASCULINO,SIN DATOS,0,0,Morelia,Enrique Arreguin Robles,septiembre,martes,18,-101.178835630417,19.7203329254392
17167,17168,2018,"180931699",2018/09/04,21:39:00,COLISIÓN POR CAMBIO DE CARRIL,ASFALTO,Lluvioso,Regular,1,FORD,VERDE,1,,18,,SIN DATOS,0,0,Morelia,Sin datos,septiembre,martes,22,-101.176292896271,19.6578749174829
17168,17169,2018,,2018/09/04,22:00:00,COLISIÓN CONTRA OBJETO FIJO,ASFALTO,Bueno,Bueno,1,NISSAN,ROJO,1,,33,MASCULINO,SIN DATOS,0,0,Huetamo,Zaragoza,septiembre,martes,22,-100.896877,18.626253
17169,17170,2018,LEG17780,2018/09/04,23:30:00,COLISIÓN CONTRA OBJETO FIJO,ASFALTO,Bueno,Bueno,1,BMW,BLANCO,1,,29,MASCULINO,SIN DATOS,0,0,Morelia,Los Laureles,septiembre,martes,0,-101.231718063354,19.7143336510431
17170,17171,2018,,2018/09/04,23:30:00,COLISIÓN POR CORTE DE CIRCULACIÓN,CONCRETO,Lluvioso,Bueno,2,MAZDA,ROJO,1,MINISTERIO PÚBLICO,26,MASCULINO,ALIENTO ETÍLICO,0,0,Morelia,Chapultepec Norte,septiembre,martes,0,-101.171438097954,19.6942586849852
17171,17172,2018,"180931955",2018/09/05,"00:20:00",COLISIÓN POR CORTE DE CIRCULACIÓN,ASFALTO,Lluvioso,Bueno,2,NISSAN,BLANCO,2,,62,FEMENINO,SIN DATOS,0,0,Morelia,Adolfo Lopez Mateos,septiembre,miércoles,0,-101.225747466087,19.6938899891004
17172,17173,2018,"180931901",2018/09/05,"02:55:00",SALIDA DE SUPERFICIE DE RODAMIENTO,ASFALTO,Lluvioso,Bueno,1,VOLKSWAGEN,BLANCO,0,,,,,0,0,Tarímbaro,Sin datos,septiembre,miércoles,3,-101.17259144783,19.7492858521329
17173,17174,2018,,2018/09/05,"03:00:00",COLISIÓN CONTRA OBJETO FIJO,ASFALTO,Bueno,Bueno,1,SEAT,BLANCO,1,MINISTERIO PÚBLICO,,,,1,0,Morelia,Arcos del Valle,septiembre,miércoles,3,-101.236261725426,19.7076624763974
17174,17175,2018,"180932007",2018/09/05,"07:25:00",COLISIÓN POR CAMBIO DE CARRIL,ASFALTO,Nublado,Bueno,2,CHRYSLER,BLANCO Y ROJO,2,,38,MASCULINO,SIN DATOS,0,0,Morelia,Ana Maria Gallaga (Riviera Norte),septiembre,miércoles,7,-101.219615936279,19.6767775254698
17175,17176,2018,"1809322930",2018/09/05,"08:16:00",COLISIÓN POR CORTE DE CIRCULACIÓN,ASFALTO,Nublado,Regular,2,CHEVROLET,GRIS,2,,25,FEMENINO,SIN DATOS,0,0,Morelia,Centro,septiembre,miércoles,8,-101.204085946083,19.7024657365134
17176,17177,2018,"180332125",2018/09/05,"08:20:00",COLISIÓN CONTRA OBJETO FIJO,ASFALTO,Bueno,Bueno,1,NISSAN,BLANCO,1,MINISTERIO PÚBLICO,,,SIN DATOS,0,0,Morelia,Obrera,septiembre,miércoles,8,-101.186420917511,19.7083745529677
17177,17178,2018,,2018/09/05,"08:30:00",COLISIÓN POR CORTE DE CIRCULACIÓN,ASFALTO,Bueno,Bueno,1,HECHIZO,ROJO,1,,43,MASCULINO,SIN DATOS,0,0,Morelia,Pascual Ortiz de Ayala,septiembre,miércoles,9,-101.149524450302,19.6947788982824
17178,17179,2018,"1809792778",2018/09/05,10:40:00,COLISIÓN CON PEATÓN,ASFALTO,Bueno,Bueno,1,ITALIKA,ROJO,2,,38,MASCULINO,SIN DATOS,1,0,Morelia,Emiliano Zapata,septiembre,miércoles,11,-101.215968132019,19.7163536338914
17179,17180,2018,"180932800",2018/09/05,11:55:00,COLISIÓN POR CORTE DE CIRCULACIÓN,CONCRETO,Bueno,Bueno,2,SIN DATOS,SIN DATOS,2,,0,,SIN DATOS,0,0,Morelia,Tanganxoan (Guadalupe Victoria),septiembre,miércoles,12,-101.285212039948,19.6902231865497
17181,17182,2018,"180933402",2018/09/05,14:00:00,COLISIÓN POR NO RESPETAR SEMÁFORO,ASFALTO,Bueno,Bueno,2,ITALIKA,ROJO Y NEGRO,0,MINISTERIO PÚBLICO,,,,0,0,Morelia,Lomas de Hidalgo,septiembre,miércoles,14,-101.163504123688,19.696081949411
17182,17183,2018,"180933620",2018/09/05,14:40:00,COLISIÓN POR CAMBIO DE CARRIL,ASFALTO,Nublado,Bueno,2,FORD,NEGRO,2,,24,MASCULINO,SIN DATOS,0,0,Morelia,Felix Ireta,septiembre,miércoles,15,-101.181485652924,19.6816467832851
17183,17184,2018,"180933614",2018/09/05,14:50:00,COLISIÓN POR ALCANCE,ASFALTO,Bueno,Bueno,2,SEAT,ROJO,2,,24,MASCULINO,SIN DATOS,0,0,Morelia,Elias Perez Avalos,septiembre,miércoles,15,-101.169447898865,19.7133337500906
17184,17185,2018,"180933975",2018/09/05,15:50:00,COLISIÓN POR MANIOBRA DE REVERSA,ASFALTO,Nublado,Regular,2,RENAULT,ROJO,1,MINISTERIO PÚBLICO,0,,SIN DATOS,0,0,Morelia,Jardines de Torremolinos,septiembre,miércoles,16,-101.225774288177,19.6776867342241
17185,17186,2018,,2018/09/05,17:00:00,VOLCADURA,ASFALTO,Bueno,Bueno,1,NISSAN,ROJO,1,,60,MASCULINO,SIN DATOS,0,0,Tiquicheo de Nicolás Romero,Tiquicheo,septiembre,miércoles,17,-100.737158,18.899879
17186,17187,2018,,2018/09/05,17:00:00,VOLCADURA,ASFALTO,Bueno,Bueno,1,NISSAN,ROJO,1,,60,MASCULINO,SIN DATOS,0,0,Tiquicheo de Nicolás Romero,Nuevo Albarran,septiembre,miércoles,17,-100.746173858643,18.8964609945039
17187,17188,2018,"180935093",2018/09/05,18:20:00,COLISIÓN POR MANIOBRA DE REVERSA,CONCRETO,Nublado,Bueno,2,NISSAN,BLANCO/ROJO,2,,61,MASCULINO,SIN DATOS,0,0,Morelia,Centro,septiembre,miércoles,18,-101.194440722466,19.696238516856
17188,17189,2018,"180934768",2018/09/05,18:35:00,SUBIDA AL CAMELLÓN,ASFALTO,Nublado,Bueno,1,CHEVROLET,NEGRO,1,,59,MASCULINO,ALIENTO ETÍLICO,0,0,Morelia,La Quemada,septiembre,miércoles,19,-101.237812042236,19.7017485832553
17189,17190,2018,"180935126",2018/09/05,19:30:00,COLISIÓN POR CAMBIO DE CARRIL,ASFALTO,Nublado,Regular,2,FORD,BLANCO,2,,23,FEMENINO,SIN DATOS,0,0,Morelia,Industrial,septiembre,miércoles,20,-101.197975873947,19.7068796935311
17190,17191,2018,"180935653",2018/09/05,22:25:00,COLISIÓN CON PEATÓN,SIN_DATOS,Bueno,Bueno,2,DODGE,BLANCO/VERDE,2,,52,MASCULINO,ALIENTO ETÍLICO,0,0,Morelia,Los Manantiales de Morelia,septiembre,miércoles,22,-101.240274310112,19.692773795012
17191,17192,2018,"180935880",2018/09/06,"00:30:00",COLISIÓN CONTRA OBJETO FIJO,ASFALTO,Lluvioso,Bueno,1,TOYOTA,BLANCO,0,MINISTERIO PÚBLICO,,,,0,0,Morelia,Josefa Ortiz de Dominguez,septiembre,jueves,1,-101.209938526154,19.6723122253692
17192,17193,2018,,2018/09/06,"01:00:00",COLISIÓN POR INVASIÓN DE CARRIL,ASFALTO,Bueno,Bueno,2,CHEVROLET,ROJO,2,,55,MASCULINO,CON CERTIFICADO,0,0,Apatzingán,Sin datos,septiembre,jueves,1,-102.577285766602,18.9397375930832
17193,17194,2018,,2018/09/06,"06:15:00",COLISIÓN CONTRA OBJETO FIJO,ASFALTO,Nublado,Bueno,1,RENAULT,GRIS,1,,51,MASCULINO,SIN DATOS,0,0,Morelia,Bosques Tres Marias,septiembre,jueves,6,-101.105289459229,19.72936171193
17194,17195,2018,"180936131",2018/09/06,"07:00:00",COLISIÓN POR ALCANCE,ASFALTO,Bueno,Bueno,1,VOLKSWAGEN,VERDE,1,,25,MASCULINO,SIN DATOS,0,0,Morelia,Salvador Alcaraz Romero,septiembre,jueves,7,-101.166529655457,19.7181008984695
17195,17196,2018,,2018/09/06,"08:26:00",COLISIÓN POR MANIOBRA DE REVERSA,ASFALTO,Bueno,Bueno,2,VOLKSWAGEN,GRIS,2,,32,MASCULINO,SIN DATOS,0,0,Morelia,Vasco de Quiroga,septiembre,jueves,8,-101.170703172684,19.6973546867838
17196,17197,2018,"180936504",2018/09/06,"09:45:00",COLISIÓN POR CAMBIO DE CARRIL,ASFALTO,Nublado,Regular,2,NISSAN,ARENA,2,,48,FEMENINO,SIN DATOS,0,0,Morelia,Reforma,septiembre,jueves,10,-101.239281892776,19.7065766797802
17198,17199,2018,"180936811",2018/09/06,11:35:00,COLISIÓN POR CORTE DE CIRCULACIÓN,CONCRETO,Bueno,Bueno,2,SEAT,BLANCO,2,,23,MASCULINO,SIN DATOS,0,0,Morelia,San Juanito Itzicuaro,septiembre,jueves,12,-101.250686645508,19.6807476991033
17199,17200,2018,"180936809",2018/09/06,11:45:00,COLISIÓN POR CORTE DE CIRCULACIÓN,ASFALTO,Bueno,Bueno,2,VOLKSWAGEN,AZUL,2,,24,MASCULINO,SIN DATOS,0,0,Morelia,Ventura Puente,septiembre,jueves,12,-101.191865801811,19.6924455011519
17200,17201,2018,,2018/09/06,12:05:00,COLISIÓN POR CORTE DE CIRCULACIÓN,ASFALTO,Bueno,Bueno,2,HONDA,NEGRO,2,,35,MASCULINO,SIN DATOS,0,0,Morelia,Cuauhtemoc,septiembre,jueves,12,-101.179060935974,19.6948193031279
17201,17202,2018,,2018/09/06,13:20:00,COLISIÓN POR ALCANCE,ASFALTO,Bueno,Bueno,2,NISSAN,ROJO,2,,25,FEMENINO,SIN DATOS,0,0,Morelia,Division del Norte,septiembre,jueves,13,-101.163246631622,19.7116268340177
17202,17203,2018,,2018/09/06,13:25:00,COLISIÓN POR INVASIÓN DE CARRIL,ASFALTO,Bueno,Bueno,2,MERCEDES BENZ,BLANCO Y ROJO,2,,30,MASCULINO,SIN DATOS,0,0,Morelia,Isaac Arriaga,septiembre,jueves,13,-101.171384453773,19.7088038174537
17203,17204,2018,"180937877",2018/09/06,15:00:00,COLISIÓN POR CAMBIO DE CARRIL,CONCRETO,Bueno,Bueno,2,FORD,BLANCO,2,,26,MASCULINO,SIN DATOS,0,0,Morelia,Alberto Oviedo Mota,septiembre,jueves,15,-101.195894479752,19.6824650465249
17204,17205,2018,"180938006",2018/09/06,16:08:00,COLISIÓN POR CORTE DE CIRCULACIÓN,CONCRETO,Nublado,Bueno,2,YAMAHA,BLANCO,2,,23,MASCULINO,SIN DATOS,0,0,Morelia,Lomas de Santa Maria,septiembre,jueves,16,-101.186018586159,19.672842612549
17205,17206,2018,"180938217",2018/09/06,16:46:00,COLISIÓN POR ALCANCE,ASFALTO,Bueno,Bueno,2,FORD,VERDE,2,,37,MASCULINO,SIN DATOS,0,0,Morelia,Francisco J Mujica,septiembre,jueves,17,-101.188234090805,19.7215398229672
17206,17207,2018,,2018/09/06,17:40:00,COLISIÓN CON PEATÓN,ASFALTO,Bueno,Bueno,2,HONDA,NEGRO,1,,44,MASCULINO,SIN DATOS,0,0,Zinapécuaro,Sin Nombre,septiembre,jueves,18,-100.845050811768,19.8623911734217
17207,17208,2018,"180939193",2018/09/06,21:00:00,COLISIÓN POR CAMBIO DE CARRIL,ASFALTO,Bueno,Bueno,2,HONDA,GRIS,2,,,MASCULINO,SIN DATOS,0,0,Morelia,Los Alamos,septiembre,jueves,21,-101.229668855667,19.7035414603735
17208,17209,2018,"180939429",2018/09/06,22:10:00,COLISIÓN POR ALCANCE,ASFALTO,Bueno,Regular,2,VOLKSWAGEN,GRIS,2,,27,FEMENINO,SIN DATOS,0,0,Morelia,Agustin Arriaga Rivera,septiembre,jueves,22,-101.225785017014,19.6873038264018
17210,17211,2018,,2018/09/06,23:50:00,COLISIÓN CONTRA OBJETO FIJO,CONCRETO,Nublado,Bueno,2,KENWORTH,AMARILLO,1,,32,MASCULINO,SIN DATOS,0,0,Morelia,Las Flores,septiembre,jueves,0,-101.205987632275,19.7052579320005
17211,17212,2018,,2018/09/07,"00:00:00",COLISIÓN POR CORTE DE CIRCULACIÓN,ASFALTO,Bueno,Bueno,2,NISSAN,GRIS,2,,0,,SIN DATOS,0,0,Huetamo,Centro,septiembre,viernes,0,-100.899177789688,18.6253737060318
17212,17213,2018,"180939750",2018/09/07,"00:45:00",CAIDA DE MOTOCICLETA,CONCRETO,Bueno,Regular,1,ITALIKA,NEGRO Y ROJO,1,,22,MASCULINO,SIN DATOS,0,0,Morelia,Santa Maria de Guido,septiembre,viernes,1,-101.191889941692,19.6727264326502
17213,17214,2018,"180309775",2018/09/07,"01:30:00",SUBIDA AL CAMELLÓN,ASFALTO,Bueno,Regular,1,VOLKSWAGEN,GRIS,1,,37,MASCULINO,SIN DATOS,0,0,Morelia,Isaac Arriaga,septiembre,viernes,2,-101.168718338013,19.7124449439949
17214,17215,2018,"180940024",2018/09/07,"07:10:00",COLISIÓN CONTRA OBJETO FIJO,ASFALTO,Bueno,Bueno,1,FORD,NEGRO,1,,34,MASCULINO,SIN DATOS,0,0,Morelia,Los Manantiales de Morelia,septiembre,viernes,7,-101.242361068726,19.7004556791197
17215,17216,2018,,2018/09/07,"07:45:00",COLISIÓN POR CORTE DE CIRCULACIÓN,CONCRETO,Bueno,Bueno,2,CHEVROLET,BLANCO,2,,43,MASCULINO,SIN DATOS,0,0,Morelia,Gertrudis Sanchez,septiembre,viernes,8,-101.199649572372,19.7398441594727
17216,17217,2018,"180940039",2018/09/07,"07:45:00",COLISIÓN POR CORTE DE CIRCULACIÓN,ASFALTO,Bueno,Bueno,2,DODGE,BEIGE,3,,51,MASCULINO,SIN DATOS,1,0,Morelia,Nueva Valladolid,septiembre,viernes,8,-101.210582256317,19.7009809226847
17217,17218,2018,"180940016",2018/09/07,"08:00:00",COLISIÓN POR CORTE DE CIRCULACIÓN,ASFALTO,Bueno,Bueno,2,KIA,ROJO,2,,36,FEMENINO,SIN DATOS,0,0,Morelia,Isaac Arriaga,septiembre,viernes,8,-101.173363924026,19.7068948442035
17218,17219,2018,,2018/09/07,"08:40:00",COLISIÓN POR CORTE DE CIRCULACIÓN,ASFALTO,Bueno,Regular,2,INTERNATIONAL,BLANCO,5,MINISTERIO PÚBLICO,,,,5,0,Peribán,Sin datos,septiembre,viernes,9,-102.455923544791,19.5694895727803
17219,17220,2018,"1802940257",2018/09/07,"09:30:00",COLISIÓN POR CAMBIO DE CARRIL,ASFALTO,Bueno,Bueno,2,HONDA,PLATA,2,,36,FEMENINO,SIN DATOS,0,0,Morelia,Indeco El Vivero,septiembre,viernes,10,-101.229937076569,19.6770098793089
17220,17221,2018,"180940457",2018/09/07,10:30:00,COLISIÓN POR ALCANCE,ASFALTO,Bueno,Bueno,3,VOLKSWAGEN,PLATA,3,,42,MASCULINO,SIN DATOS,0,0,Morelia,Cuauhtemoc,septiembre,viernes,11,-101.179270148277,19.693592001395
17221,17222,2018,"180941843",2018/09/07,15:10:00,COLISIÓN POR CAMBIO DE CARRIL,CONCRETO,Lluvioso,Bueno,2,NISSAN,AZUL,2,,40,MASCULINO,SIN DATOS,0,0,Morelia,Comision Federal de Electricidad,septiembre,viernes,15,-101.181346178055,19.6814447423355
17222,17223,2018,"180941900",2018/09/07,15:55:00,COLISIÓN POR CORTE DE CIRCULACIÓN,CONCRETO,Bueno,Bueno,2,TOYOTA,BLANCO Y GRIS,2,,34,MASCULINO,SIN DATOS,0,0,Morelia,San Juanito Itzicuaro,septiembre,viernes,16,-101.25424861908,19.6772321304919
17223,17224,2018,"180942042",2018/09/07,16:25:00,COLISIÓN CONTRA OBJETO FIJO,ASFALTO,Bueno,Bueno,2,CHEVROLET,BLANCO,1,,29,MASCULINO,SIN DATOS,0,0,Morelia,Barrio Alto,septiembre,viernes,16,-101.196978092194,19.7249786734749
17224,17225,2018,,2018/09/07,20:00:00,COLISIÓN POR CAMBIO DE CARRIL,ASFALTO,Bueno,Bueno,2,FORD,AZUL,2,,45,MASCULINO,SIN DATOS,0,0,Morelia,Chapultepec Oriente,septiembre,viernes,20,-101.16036593914,19.6881523656342
17225,17226,2018,"180943180",2018/09/07,21:00:00,COLISIÓN POR CAMBIO DE CARRIL,ASFALTO,Bueno,Bueno,2,NISSAN,BLANCO,2,,53,FEMENINO,SIN DATOS,0,0,Morelia,Felix Ireta,septiembre,viernes,21,-101.195669174194,19.681586171027
17226,17227,2018,"180943048",2018/09/07,21:25:00,COLISIÓN POR CORTE DE CIRCULACIÓN,ADOQUIN_EMPEDRADO,Bueno,Bueno,2,VOLKSWAGEN,BLANCO,2,,,,SIN DATOS,0,0,Morelia,Cosmos,septiembre,viernes,21,-101.219117045403,19.6862027390282
17227,17228,2018,,2018/09/07,21:25:00,COLISIÓN POR CORTE DE CIRCULACIÓN,ASFALTO,Lluvioso,Bueno,2,FORD,GUINDA,1,,,,SIN DATOS,0,0,Maravatío,Sin datos,septiembre,viernes,21,-100.469498634338,19.9111414146564
17228,17229,2018,"180993209",2018/09/07,22:25:00,COLISIÓN POR CORTE DE CIRCULACIÓN,ASFALTO,Nublado,Bueno,2,RAM,PLATA,2,,27,MASCULINO,SIN DATOS,0,0,Morelia,Industrial,septiembre,viernes,22,-101.200947761536,19.7103491600641
17229,17230,2018,"180934414",2018/09/07,22:35:00,COLISIÓN POR MANIOBRA DE REVERSA,ASFALTO,Bueno,Bueno,2,VOLKSWAGEN,GRIS,2,,19,MASCULINO,SIN DATOS,0,0,Morelia,Gertrudis Bocanegra,septiembre,viernes,23,-101.207427978516,19.7023142255295
17230,17231,2018,"180943377",2018/09/07,22:45:00,COLISIÓN POR ALCANCE,ASFALTO,Bueno,Bueno,3,CHEVROLET,BLANCO Y MORADO,3,,38,MASCULINO,ALIENTO ETÍLICO,0,0,Morelia,Campestre Los Manantiales,septiembre,viernes,23,-101.238423585892,19.6883442965037
17231,17232,2018,"180443546",2018/09/08,"01:20:00",COLISIÓN POR MANIOBRA DE REVERSA,ASFALTO,Nublado,Regular,2,DODGE,ROJO,2,,30,MASCULINO,SIN DATOS,0,0,Morelia,Los Angeles,septiembre,sábado,1,-101.177269220352,19.7402884869424
17232,17233,2018,"180993612",2018/09/08,"02:45:00",COLISIÓN CONTRA OBJETO FIJO,ASFALTO,Bueno,Bueno,1,VOLKWAGEN,BLANCO,1,,24,MASCULINO,SIN DATOS,0,0,Morelia,Jardines de La Loma,septiembre,sábado,3,-101.225624084473,19.6769189582816
17233,17234,2018,"180943700",2018/09/08,"04:55:00",SUBIDA AL CAMELLÓN,ASFALTO,Bueno,Bueno,1,MERCEDES BENZ,ARENA,1,,54,MASCULINO,SIN DATOS,0,0,Morelia,Guadalupe,septiembre,sábado,5,-101.225688457489,19.7069743852105
17235,17236,2018,,2018/09/08,"06:40:00",COLISIÓN POR ALCANCE,ASFALTO,Nublado,Regular,2,NISSAN,ARENA,2,,18,MASCULINO,SIN DATOS,0,0,Irimbo,Sin datos,septiembre,sábado,7,-100.492718,19.694084
17236,17237,2018,"180943745",2018/09/08,"06:57:00",COLISIÓN POR ALCANCE,ASFALTO,Bueno,Bueno,2,HYUNDAY,BLANCO,0,,,,,0,0,Morelia,Comision Federal de Electricidad,septiembre,sábado,7,-101.181378364563,19.6815659669358
17237,17238,2018,,2018/09/08,"08:45:00",SALIDA DE SUPERFICIE DE RODAMIENTO,ASFALTO,Bueno,Regular,1,VW,NEGRO,1,,32,MASCULINO,SIN DATOS,0,0,Los Reyes,Los Manantiales,septiembre,sábado,9,-102.452809810638,19.5790479708481
17238,17239,2018,"180944090",2018/09/08,11:00:00,COLISIÓN POR CORTE DE CIRCULACIÓN,CONCRETO,Bueno,Bueno,1,DODGE,BLANCO,1,,41,MASCULINO,SIN DATOS,0,0,Morelia,Loma de Los Piñones,septiembre,sábado,11,-101.205056905746,19.6741407909067
17239,17240,2018,"180944674",2018/09/08,11:00:00,COLISIÓN POR MANIOBRA DE REVERSA,CONCRETO,Bueno,Bueno,2,NISSAN,BLANCO,2,,40,MASCULINO,SIN DATOS,0,0,Morelia,Centro,septiembre,sábado,11,-101.19052067399,19.7025276034572
17240,17241,2018,,2018/09/08,12:00:00,COLISIÓN POR CORTE DE CIRCULACIÓN,ASFALTO,Bueno,Bueno,2,FORD,CAFE/BEIGE,2,,32,MASCULINO,SIN DATOS,0,0,Lázaro Cárdenas,Centro,septiembre,sábado,12,-102.201867699623,17.9604856856995
17241,17242,2018,,2018/09/08,12:10:00,COLISIÓN POR NO RESPETAR SEMÁFORO,ASFALTO,Bueno,Bueno,2,FORD,AZUL,2,MINISTERIO PÚBLICO,43,MASCULINO,SIN DATOS,0,0,Morelia,Bosques de Oriente,septiembre,sábado,12,-101.155521869659,19.715697142265
17242,17243,2018,"180949674",2018/09/08,13:07:00,COLISIÓN POR ALCANCE,CONCRETO,Bueno,Bueno,2,NISSAN,BLANCO,2,,0,MASCULINO,SIN DATOS,0,0,Morelia,Centro,septiembre,sábado,13,-101.191527843475,19.7029707720902
17243,17244,2018,,2018/09/08,13:45:00,COLISIÓN POR CORTE DE CIRCULACIÓN,ASFALTO,Bueno,Bueno,2,HONDA,BLANCO/NEGRO,2,,49,MASCULINO,SIN DATOS,0,0,Jacona,Club Campestre,septiembre,sábado,14,-102.299237251282,19.9680649363149
17244,17245,2018,"180945320",2018/09/08,14:50:00,COLISIÓN POR CORTE DE CIRCULACIÓN,CONCRETO,Bueno,Bueno,2,NISSAN,ROJO,2,,42,FEMENINO,SIN DATOS,0,0,Morelia,Independencia,septiembre,sábado,15,-101.176169514656,19.7133640502113
17245,17246,2018,,2018/09/08,15:05:00,COLISIÓN POR CORTE DE CIRCULACIÓN,ASFALTO,Bueno,Bueno,2,TOYOTA,BLANCO,2,MINISTERIO PÚBLICO,22,FEMENINO,SIN DATOS,0,0,Morelia,Los Angeles,septiembre,sábado,15,-101.177676916122,19.7396623887878
17246,17247,2018,"180945183",2018/09/08,15:35:00,COLISIÓN POR ALCANCE,ASFALTO,Bueno,Bueno,2,CHEVROLET,BLANCO Y NARANJA,2,,39,MASCULINO,SIN DATOS,0,0,Morelia,Nueva Valladolid,septiembre,sábado,16,-101.210775375366,19.6952536545731
17247,17248,2018,"180945420",2018/09/08,16:30:00,COLISIÓN POR MANIOBRA DE REVERSA,ASFALTO,Lluvioso,Regular,2,HONDA,BLANCO,2,,40,FEMENINO,SIN DATOS,0,0,Morelia,Comision Federal de Electricidad,septiembre,sábado,17,-101.176550388336,19.6842328849319
17248,17249,2018,"180945643",2018/09/08,17:06:00,COLISIÓN POR ALCANCE,ASFALTO,Lluvioso,Regular,2,VOLKSWAGEN,GRIS,2,,45,FEMENINO,SIN DATOS,0,0,Morelia,Los Pinos de Michoacan,septiembre,sábado,17,-101.216349005699,19.6831014705993
17249,17250,2018,"180945708",2018/09/08,18:10:00,COLISIÓN POR ALCANCE,ASFALTO,Bueno,Bueno,1,VOLKSWAGEN,GRIS,2,,25,MASCULINO,SIN DATOS,0,0,Morelia,Union Popular Solidaria,septiembre,sábado,18,-101.219787597656,19.7057181377023
17250,17251,2018,"180954854",2018/09/08,20:32:00,COLISIÓN POR ALCANCE,ASFALTO,Bueno,Bueno,1,DODGE,BLANCO,1,,27,MASCULINO,SIN DATOS,0,0,Morelia,Sin datos,septiembre,sábado,21,-101.275792121887,19.5609931866957
17251,17252,2018,"180946138",2018/09/08,20:40:00,COLISIÓN POR CAMBIO DE CARRIL,ASFALTO,Bueno,Bueno,2,VOLKSWAGEN,NEGRO,2,,58,MASCULINO,SIN DATOS,0,0,Morelia,Libertad,septiembre,sábado,21,-101.23744726181,19.6860512126503
17252,17253,2018,"180231145",2018/09/08,21:07:00,COLISIÓN POR CORTE DE CIRCULACIÓN,ASFALTO,Nublado,Bueno,0,,,0,,,,,0,0,Morelia,Cinco de Diciembre,septiembre,sábado,21,-101.165714263916,19.6845157372662
17253,17254,2018,,2018/09/08,21:15:00,COLISIÓN CON PEATÓN,ASFALTO,Bueno,Regular,2,FORD,NEGRO,1,,17,MASCULINO,SIN DATOS,0,0,Peribán,Los Cerritos,septiembre,sábado,21,-102.429420948029,19.5334420985706
17254,17255,2018,"180946277",2018/09/08,21:20:00,COLISIÓN POR CORTE DE CIRCULACIÓN,ASFALTO,Bueno,Bueno,2,SIN DATOS,SIN DATOS,2,,0,,SIN DATOS,0,0,Morelia,Tres Puentes,septiembre,sábado,21,-101.215785741806,19.7037788256972
17255,17256,2018,"180946509",2018/09/08,22:20:00,COLISIÓN POR CORTE DE CIRCULACIÓN,ASFALTO,Bueno,Bueno,2,SIN DATOS,SIN DATOS,2,,0,,SIN DATOS,0,0,Morelia,Jacarandas,septiembre,sábado,22,-101.210635900497,19.7086472623041
17256,17257,2018,"180946910",2018/09/09,"01:10:00",SUBIDA AL CAMELLÓN,ASFALTO,Bueno,Bueno,1,TOYOTA,BLANCO,1,,44,MASCULINO,SIN DATOS,0,0,Morelia,Avicola Benito Juarez,septiembre,domingo,1,-101.279493570328,19.6914555648211
17257,17258,2018,"180946874",2018/09/09,"01:25:00",COLISIÓN POR ALCANCE,CONCRETO,Bueno,Bueno,2,JEEP,NEGRO,2,,39,MASCULINO,SIN DATOS,0,0,Morelia,La Pradera,septiembre,domingo,1,-101.217110753059,19.6788484934572
17258,17259,2018,,2018/09/09,"02:05:00",SUBIDA AL CAMELLÓN,ASFALTO,Bueno,Bueno,1,FORD,BLANCO,1,,33,MASCULINO,ALIENTO ETÍLICO,0,0,Morelia,Arcos del Valle,septiembre,domingo,2,-101.236229538918,19.7076372253969
17259,17260,2018,"180947281",2018/09/09,"07:25:00",COLISIÓN POR CORTE DE CIRCULACIÓN,ASFALTO,Bueno,Bueno,2,SIN DATOS,SIN DATOS,1,,0,MASCULINO,SIN DATOS,0,0,Morelia,Primo Tapia,septiembre,domingo,7,-101.211724877357,19.7090613755924
17260,17261,2018,"180943780",2018/09/09,"08:00:00",CAIDA DE MOTOCICLETA,ASFALTO,Bueno,Bueno,1,YAMAHA,BLANCO,1,,,,,1,0,Morelia,Plan de La Garita,septiembre,domingo,8,-101.186764240265,19.7114349310714
17261,17262,2018,,2018/09/09,"08:40:00",SALIDA DE SUPERFICIE DE RODAMIENTO,ASFALTO,Bueno,Regular,1,CHEVROLET,GRIS,0,,,,,0,0,Santa Ana Maya,Sin datos,septiembre,domingo,9,-101.032161712646,20.0167019293337