fid,id_accidente,anio_origen,folio_c5i,dia_incidente,hora_ocurrencia,tipo_incidente_vial,superficie_ocurrencia,condiciones_climaticas,condiciones_via,numero_vehiculos_involucrados,marca_vehiculo_ocasiona_siniestro,color_vehiculo_ocasiona_siniestro,numero_personas_involucradas,lugar_remite_presunto_responsable,edad_presunto_responsable,sexo_presunto_responsable,resultados_toxicologia,numero_personas_lesionadas,numero_personas_fallecidas,municipio,colonia,mes,dia_semana,hora_redondeada,lon,lat
17262,17263,2018,,2018/09/09,11:15:00,COLISIÓN CON PEATÓN,ASFALTO,Bueno,Bueno,1,DODGE,BLANCO,1,MINISTERIO PÚBLICO,51,FEMENINO,SIN DATOS,0,0,Morelia,Eduardo Ruiz,septiembre,domingo,11,-101.218510866165,19.7179557146403
17263,17264,2018,"180947816",2018/09/09,12:30:00,COLISIÓN POR CORTE DE CIRCULACIÓN,ASFALTO,Bueno,Bueno,2,CHYSLER,BLANCO,2,,73,MASCULINO,SIN DATOS,0,0,Morelia,Centro,septiembre,domingo,13,-101.177870035172,19.7016071723743
17264,17265,2018,"180947855",2018/09/09,12:35:00,COLISIÓN POR CORTE DE CIRCULACIÓN,ASFALTO,Bueno,Bueno,2,CHEVROLET,BLANCO,2,,63,FEMENINO,SIN DATOS,0,0,Morelia,Cuauhtemoc,septiembre,domingo,13,-101.17904484272,19.6947991007064
17265,17266,2018,,2018/09/09,13:50:00,COLISIÓN CON PEATÓN,ASFALTO,Bueno,Bueno,1,CHEVROLET,NEGRO,1,,53,MASCULINO,SIN DATOS,0,0,Indaparapeo,San Lucas Pio,septiembre,domingo,14,-100.922169685364,19.7958196757357
17266,17267,2018,"180944777",2018/09/09,14:40:00,COLISIÓN POR MANIOBRA DE REVERSA,ASFALTO,Bueno,Bueno,2,FREIGHTLINER,BLANCO,2,,35,MASCULINO,SIN DATOS,0,0,Morelia,Dr Miguel Silva,septiembre,domingo,15,-101.184495091438,19.7173636157453
17267,17268,2018,"180948659",2018/09/09,16:00:00,COLISIÓN POR CAMBIO DE CARRIL,SIN_DATOS,Bueno,Bueno,2,WOLKSWAGEN,ROJO,2,,65,MASCULINO,SIN DATOS,0,0,Morelia,Centro,septiembre,domingo,16,-101.200239658356,19.7058999469975
17268,17269,2018,"180949266",2018/09/09,17:20:00,COLISIÓN POR ALCANCE,ASFALTO,Bueno,Bueno,2,FORD,NEGRO,2,,19,MASCULINO,SIN DATOS,0,0,Morelia,Asociacion Zirahuen,septiembre,domingo,17,-101.250198483467,19.6986425654893
17269,17270,2018,,2018/09/09,17:30:00,COLISIÓN POR CORTE DE CIRCULACIÓN,ASFALTO,Bueno,Bueno,2,CHEVROLET,AZUL,2,,35,MASCULINO,SIN DATOS,0,0,Zamora,Sin datos,septiembre,domingo,18,-102.277736663818,20.035612256495
17270,17271,2018,,2018/09/09,18:00:00,COLISIÓN POR MANIOBRA DE REVERSA,CONCRETO,Bueno,Bueno,2,CHEVROLET,ROJO,2,,63,MASCULINO,SIN DATOS,0,0,Tarímbaro,Centro,septiembre,domingo,18,-101.179275512695,19.7955874946914
17271,17272,2018,"180949345",2018/09/09,18:43:00,COLISIÓN POR CORTE DE CIRCULACIÓN,ASFALTO,Bueno,Bueno,2,NISSAN,NEGRO,2,,0,FEMENINO,SIN DATOS,0,0,Morelia,Centro,septiembre,domingo,19,-101.198142170906,19.7056423837684
17272,17273,2018,"180949481",2018/09/09,19:00:00,COLISIÓN POR CORTE DE CIRCULACIÓN,ASFALTO,Bueno,Bueno,1,HONDA,AZUL,1,,39,MASCULINO,SIN DATOS,0,0,Morelia,Barrio Alto,septiembre,domingo,19,-101.19704246521,19.7250392692962
17273,17274,2018,,2018/09/09,19:15:00,COLISIÓN POR ALCANCE,ASFALTO,Bueno,Bueno,2,VOLKSWAGEN,ROJO,2,,25,MASCULINO,ALIENTO ETÍLICO,0,0,Zamora,La Central,septiembre,domingo,19,-102.268681526184,19.9735907902572
17274,17275,2018,"180949100",2018/09/09,19:20:00,COLISIÓN CONTRA OBJETO FIJO,ASFALTO,Bueno,Bueno,3,DODGE,ROJA,0,,,,,0,0,Morelia,Sin datos,septiembre,domingo,19,-101.302185058594,19.6024878654963
17275,17276,2018,"180949836",2018/09/09,21:30:00,SALIDA DE SUPERFICIE DE RODAMIENTO,ASFALTO,Bueno,Bueno,1,CHEVROLET,BLANCO/ROJO,1,,36,MASCULINO,SIN DATOS,0,0,Morelia,Tierra Y Libertad,septiembre,domingo,22,-101.230473518372,19.715697142265
17276,17277,2018,,2018/09/09,22:45:00,VOLCADURA,ASFALTO,Lluvioso,Regular,1,CHEVROLET,AZUL CIELO,0,MINISTERIO PÚBLICO,,,,0,0,Zacapu,Zacapu,septiembre,domingo,23,-101.769543886185,19.8531277394269
17277,17278,2018,"180949998",2018/09/09,23:15:00,COLISIÓN POR INVASIÓN DE CARRIL,ASFALTO,Bueno,Bueno,2,PONTIAC,NEGRO,1,,43,MASCULINO,SIN DATOS,0,0,Charo,La Goleta,septiembre,domingo,23,-101.082415580749,19.7384303820251
17279,17280,2018,"180950132",2018/09/10,"00:25:00",COLISIÓN CONTRA OBJETO FIJO,ASFALTO,Bueno,Bueno,1,NISSAN,ROJO,1,,0,MASCULINO,ALIENTO ETÍLICO,0,0,Morelia,El Lago 1,septiembre,lunes,0,-101.212052106857,19.7266450501872
17280,17281,2018,"180950205",2018/09/10,"01:40:00",COLISIÓN CONTRA OBJETO FIJO,ASFALTO,Bueno,Regular,1,DODGE,PLATA,1,,24,MASCULINO,ALIENTO ETÍLICO,0,0,Morelia,San Jose Itzicuaro,septiembre,lunes,2,-101.304287910461,19.6879503328915
17281,17282,2018,"180950355",2018/09/10,"07:00:00",COLISIÓN CONTRA OBJETO FIJO,ASFALTO,Nublado,Regular,1,VOLKSWAGEN,ROJO,1,,41,MASCULINO,SIN DATOS,0,0,Morelia,Sin datos,septiembre,lunes,7,-101.317591667175,19.6872836230319
17282,17283,2018,"180950680",2018/09/10,"09:00:00",COLISIÓN POR CORTE DE CIRCULACIÓN,ASFALTO,Bueno,Bueno,2,FREIGHTLINER,BLANCO,2,,60,MASCULINO,SIN DATOS,0,0,Morelia,Centro,septiembre,lunes,9,-101.191517114639,19.7030414769438
17283,17284,2018,"180950630",2018/09/10,"09:05:00",COLISIÓN POR ALCANCE,ASFALTO,Bueno,Bueno,2,FORD,VERDE,2,,53,MASCULINO,SIN DATOS,0,0,Morelia,Bosques de Oriente,septiembre,lunes,9,-101.155951023102,19.7153436456573
17284,17285,2018,LEG17910,2018/09/10,"09:45:00",COLISIÓN POR CORTE DE CIRCULACIÓN,CONCRETO,Bueno,Bueno,1,HONDA,PLATA,2,,,FEMENINO,SIN DATOS,1,0,Morelia,Rinconada del Valle,septiembre,lunes,10,-101.219143867493,19.6779291890205
17285,17286,2018,"180950866",2018/09/10,10:30:00,COLISIÓN CON PEATÓN,CONCRETO,Bueno,Bueno,2,RENAULT,AZUL,2,MINISTERIO PÚBLICO,58,MASCULINO,SIN DATOS,0,0,Morelia,Rey Tariacuri (Eucaliptos),septiembre,lunes,11,-101.198871731758,19.6778130128097
17286,17287,2018,"180950977",2018/09/10,11:13:00,COLISIÓN POR MANIOBRA DE REVERSA,ASFALTO,Bueno,Bueno,2,NISSAN,GRIS,2,,0,FEMENINO,SIN DATOS,0,0,Morelia,Nueva Chapultepec,septiembre,lunes,11,-101.169168949127,19.6869401653543
17287,17288,2018,"180951291",2018/09/10,12:25:00,COLISIÓN POR CAMBIO DE CARRIL,ASFALTO,Bueno,Bueno,2,GENERALMOTORS,BLANCO,2,,19,MASCULINO,SIN DATOS,0,0,Morelia,Dr Miguel Silva,septiembre,lunes,12,-101.18838429451,19.7130004483836
17288,17289,2018,"180951449",2018/09/10,14:10:00,COLISIÓN POR CORTE DE CIRCULACIÓN,CONCRETO,Bueno,Bueno,2,MERCEDES BENZ,BLANCO/AZUL,2,,31,MASCULINO,SIN DATOS,0,0,Morelia,Centro,septiembre,lunes,14,-101.195370107889,19.6972107467552
17289,17290,2018,"180951469",2018/09/10,14:55:00,COLISIÓN POR CAMBIO DE CARRIL,ASFALTO,Bueno,Bueno,2,ITALIKA,ROJO,2,,,,SIN DATOS,0,0,Morelia,Felix Ireta,septiembre,lunes,15,-101.181635856628,19.6815053546472
17290,17291,2018,,2018/09/10,16:25:00,COLISIÓN POR CORTE DE CIRCULACIÓN,CONCRETO,Bueno,Bueno,2,VENTO,NEGRO,1,MINISTERIO PÚBLICO,,,,1,0,Morelia,Vista Bella,septiembre,lunes,16,-101.197541356087,19.6795228150611
17291,17292,2018,,2018/09/10,16:40:00,COLISIÓN POR ALCANCE,ASFALTO,Bueno,Bueno,1,FORD,PLATA,1,,30,MASCULINO,SIN DATOS,0,0,Puruándiro,Benito Juarez,septiembre,lunes,17,-101.526460647583,20.1074023699286
17292,17293,2018,"180951875",2018/09/10,16:45:00,COLISIÓN POR MANIOBRA DE REVERSA,ASFALTO,Bueno,Bueno,3,VOLKSWAGEN,MORADO,3,,32,FEMENINO,ALIENTO ETÍLICO,0,0,Morelia,Bosques de Oriente,septiembre,lunes,17,-101.155511140823,19.7155860434154
17293,17294,2018,"180951805",2018/09/10,17:00:00,SALIDA DE SUPERFICIE DE RODAMIENTO,ASFALTO,Bueno,Bueno,1,ITALIKA,NEGRO,1,,,,,1,0,Morelia,Puerta Tres Marias,septiembre,lunes,17,-101.140415668488,19.6912434348109
17295,17296,2018,"180952133",2018/09/10,17:20:00,COLISIÓN POR ALCANCE,ASFALTO,Bueno,Bueno,2,NISSAN,CAFE,2,,45,MASCULINO,SIN DATOS,0,0,Morelia,Diego Rivera,septiembre,lunes,17,-101.177687644958,19.7195855533635
17296,17297,2018,,2018/09/10,17:30:00,COLISIÓN POR CORTE DE CIRCULACIÓN,ASFALTO,Bueno,Bueno,2,FORD,BLANCO,1,,46,MASCULINO,SIN DATOS,0,0,Purépero,Sin datos,septiembre,lunes,18,-101.969604492187,19.9746394705994
17297,17298,2018,"180952127",2018/09/10,17:45:00,COLISIÓN POR ALCANCE,ASFALTO,Bueno,Bueno,2,NISSAN,BLANCO,2,,26,MASCULINO,SIN DATOS,0,0,Morelia,Francisco J Mujica,septiembre,lunes,18,-101.188201904297,19.7216155693701
17298,17299,2018,"180952404",2018/09/10,18:50:00,COLISIÓN POR ALCANCE,SIN_DATOS,Bueno,Bueno,2,HONDA,BLANCO,2,,42,MASCULINO,ALIENTO ETÍLICO,0,0,Morelia,Granjas del Maestro,septiembre,lunes,19,-101.188405752182,19.7129802482578
17299,17300,2018,"180953124",2018/09/10,23:53:00,SUBIDA AL CAMELLÓN,ASFALTO,Bueno,Bueno,1,CHEVROLET,GRIS,1,,45,MASCULINO,SIN DATOS,0,0,Morelia,Irrigacion,septiembre,lunes,0,-101.225066184998,19.7048595910168
17300,17301,2018,,2018/09/11,"08:00:00",COLISIÓN POR CORTE DE CIRCULACIÓN,ASFALTO,Bueno,Bueno,1,DINA,BLANCO,0,,,,,0,0,Cuitzeo,La Concepcion,septiembre,martes,8,-101.145651340485,19.9701321123786
17301,17302,2018,"180914168",2018/09/11,"08:50:00",COLISIÓN POR ALCANCE,ASFALTO,Bueno,Bueno,2,CHEVROLET,GRIS,2,,28,MASCULINO,SIN DATOS,0,0,Morelia,Industrial,septiembre,martes,9,-101.197954416275,19.7068695930819
17302,17303,2018,,2018/09/11,12:05:00,COLISIÓN POR CORTE DE CIRCULACIÓN,CONCRETO,Bueno,Bueno,2,HONDA,CAFE,2,,75,FEMENINO,SIN DATOS,0,0,Morelia,Comision Federal de Electricidad,septiembre,martes,12,-101.181378364563,19.681586171027
17303,17304,2018,"180953937",2018/09/11,12:07:00,COLISIÓN CON PEATÓN,CONCRETO,Bueno,Bueno,1,CHEVROLET,GRIS,2,,65,FEMENINO,SIN DATOS,1,0,Morelia,Centro,septiembre,martes,12,-101.186656951904,19.7029707720902
17304,17305,2018,"180954299",2018/09/11,12:50:00,COLISIÓN POR CAMBIO DE CARRIL,ASFALTO,Bueno,Bueno,2,DINA,BLANCO Y NARANJA,2,,39,MASCULINO,SIN DATOS,0,0,Morelia,Libertad,septiembre,martes,13,-101.236964464188,19.684919811163
17305,17306,2018,"180954692",2018/09/11,14:40:00,COLISIÓN CONTRA OBJETO FIJO,ASFALTO,Bueno,Bueno,1,FORD,PLATA,1,,57,FEMENINO,SIN DATOS,0,0,Morelia,Reforma,septiembre,martes,15,-101.239281892776,19.7065867802478
17306,17307,2018,"180954845",2018/09/11,15:55:00,COLISIÓN POR CAMBIO DE CARRIL,ASFALTO,Bueno,Regular,2,NISSAN,BLANCO Y VERDE,3,,31,MASCULINO,SIN DATOS,1,0,Morelia,Ana Maria Gallaga (Riviera Norte),septiembre,martes,16,-101.22260928154,19.676908855942
17307,17308,2018,"180954900",2018/09/11,16:20:00,COLISIÓN POR ALCANCE,ASFALTO,Bueno,Bueno,2,CHEVROLET,BLANCO,2,,50,MASCULINO,SIN DATOS,0,0,Morelia,Primo Tapia Oriente,septiembre,martes,16,-101.161760687828,19.7120358895295
17308,17309,2018,"180955394",2018/09/11,18:35:00,CAIDA DE MOTOCICLETA,CONCRETO,Bueno,Bueno,1,ITALIKA,ROJO Y NEGRO,2,,22,MASCULINO,SIN DATOS,1,0,Morelia,Loma Real,septiembre,martes,19,-101.199381351471,19.7315127905028
17309,17310,2018,"180955535",2018/09/11,19:00:00,VOLCADURA,ASFALTO,Nublado,Regular,1,JEEP,AZUL,0,,,,,0,0,Morelia,Sin datos,septiembre,martes,19,-101.279718875885,19.6466494924469
17310,17311,2018,"180955700",2018/09/11,19:46:00,CAIDA DE MOTOCICLETA,ASFALTO,Bueno,Bueno,1,ITALIKA,NEGRO,1,,22,MASCULINO,SIN DATOS,0,0,Morelia,Diego Rivera,septiembre,martes,20,-101.175241470337,19.7174848131389
17311,17312,2018,"180953599",2018/09/11,19:46:00,COLISIÓN POR CORTE DE CIRCULACIÓN,CONCRETO,Bueno,Bueno,2,ITALIKA,ROJO,2,,28,MASCULINO,SIN DATOS,0,0,Morelia,Rector Diaz Rubio,septiembre,martes,20,-101.198297739029,19.6692056366396
17312,17313,2018,,2018/09/11,23:05:00,COLISIÓN CONTRA OBJETO FIJO,ASFALTO,Bueno,Bueno,1,HONDA,GRIS PLATA,0,MINISTERIO PÚBLICO,,,,0,0,Zacapu,Centro,septiembre,martes,23,-101.791516542435,19.8106432294444
17313,17314,2018,"180956289",2018/09/11,23:20:00,COLISIÓN POR NO RESPETAR SEMÁFORO,CONCRETO,Bueno,Bueno,2,VOLKSWAGEN,AZUL,2,,23,MASCULINO,SIN DATOS,0,0,Morelia,Juarez,septiembre,martes,23,-101.195390224457,19.6921525614468
17314,17315,2018,"180956630",2018/09/12,"08:15:00",COLISIÓN POR ALCANCE,ASFALTO,Bueno,Bueno,3,NISSAN,BLANCO,3,,36,MASCULINO,SIN DATOS,0,0,Morelia,Santillan La Huerta,septiembre,miércoles,8,-101.220125555992,19.6753581392671
17315,17316,2018,LEG17943,2018/09/12,"09:00:00",COLISIÓN POR CAMBIO DE CARRIL,ASFALTO,Bueno,Bueno,2,INTERNACIONAL,ROJO,2,,31,MASCULINO,SIN DATOS,0,0,Morelia,Hermanos Lopez Rayon,septiembre,miércoles,9,-101.220163106918,19.6755450342546
17316,17317,2018,"180956937",2018/09/12,10:31:00,COLISIÓN POR CAMBIO DE CARRIL,ASFALTO,Bueno,Bueno,2,FORD,NEGRO,2,,35,MASCULINO,SIN DATOS,0,0,Morelia,Indeco El Vivero,septiembre,miércoles,11,-101.230055093765,19.6770401863066
17317,17318,2018,"180956954",2018/09/12,11:00:00,COLISIÓN POR CORTE DE CIRCULACIÓN,CONCRETO,Bueno,Bueno,2,MERCEDES BENZ,NEGRO,2,,,MASCULINO,SIN DATOS,0,0,Morelia,Alberto Oviedo Mota,septiembre,miércoles,11,-101.196044683456,19.6826872901398
17319,17320,2018,"1809766517",2018/09/12,11:40:00,COLISIÓN POR CORTE DE CIRCULACIÓN,CONCRETO,Bueno,Bueno,2,HONDA,GRIS,2,,38,FEMENINO,SIN DATOS,0,0,Morelia,Los Pinos de Michoacan,septiembre,miércoles,12,-101.214643120766,19.6851319495507
17320,17321,2018,"180957214",2018/09/12,11:55:00,COLISIÓN POR CORTE DE CIRCULACIÓN,CONCRETO,Bueno,Bueno,2,RENAULT,ROJO,2,,25,FEMENINO,SIN DATOS,0,0,Morelia,Lomas de Guayangareo,septiembre,miércoles,12,-101.159089207649,19.7035414603735
17321,17322,2018,"180957236",2018/09/12,12:15:00,COLISIÓN POR CAMBIO DE CARRIL,ASFALTO,Bueno,Bueno,2,BAJAJ,ROJO,2,,49,MASCULINO,SIN DATOS,0,0,Morelia,Ventura Puente,septiembre,miércoles,12,-101.17972612381,19.6909100870843
17322,17323,2018,,2018/09/12,12:45:00,COLISIÓN POR CORTE DE CIRCULACIÓN,ASFALTO,Bueno,Bueno,2,NISSAN,AZUL,2,,33,MASCULINO,SIN DATOS,0,0,Morelia,Granjas del Maestro,septiembre,miércoles,13,-101.193796992302,19.7127428965888
17323,17324,2018,,2018/09/12,14:30:00,COLISIÓN POR CORTE DE CIRCULACIÓN,ASFALTO,Bueno,Bueno,2,HONDA,ROJO,2,,60,MASCULINO,SIN DATOS,0,0,Lázaro Cárdenas,Lirios,septiembre,miércoles,15,-102.208127975464,17.9679767408392
17324,17325,2018,"180956688",2018/09/12,14:59:00,COLISIÓN POR ALCANCE,ASFALTO,Bueno,Bueno,3,VOLKWAGEN,NEGRO,3,,0,MASCULINO,SIN DATOS,0,0,Morelia,Alberto Oviedo Mota,septiembre,miércoles,15,-101.197654008865,19.6812224969966
17325,17326,2018,"180958286",2018/09/12,17:35:00,COLISIÓN POR MANIOBRA DE REVERSA,CONCRETO,Bueno,Bueno,2,FORD,GRIS,2,,41,MASCULINO,SIN DATOS,0,0,Morelia,Chapultepec Oriente,septiembre,miércoles,18,-101.15930378437,19.6940869637199
17326,17327,2018,"180958320",2018/09/12,17:50:00,COLISIÓN POR CORTE DE CIRCULACIÓN,ASFALTO,Lluvioso,Bueno,2,VOLKWAGEN,BLANCO,2,,37,MASCULINO,SIN DATOS,0,0,Morelia,Tierra Y Libertad,septiembre,miércoles,18,-101.229078769684,19.7147426996305
17327,17328,2018,"180958602",2018/09/12,19:15:00,COLISIÓN POR CORTE DE CIRCULACIÓN,CONCRETO,Lluvioso,Bueno,2,TURBOS,AMARILLO,2,MINISTERIO PÚBLICO,28,MASCULINO,SIN DATOS,0,0,Morelia,Matamoros,septiembre,miércoles,19,-101.164190769196,19.6961324550551
17328,17329,2018,"180958904",2018/09/12,19:50:00,COLISIÓN POR ALCANCE,CONCRETO,Lluvioso,Bueno,3,CHEVROLET,BLANCO,2,,25,MASCULINO,SIN DATOS,0,0,Morelia,Melchor Ocampo,septiembre,miércoles,20,-101.203962564468,19.7042838571291
17329,17330,2018,,2018/09/12,20:40:00,COLISIÓN CONTRA OBJETO FIJO,ASFALTO,Lluvioso,Bueno,1,NISSAN,BLANCO,1,,25,MASCULINO,SIN DATOS,0,0,Senguio,Sin datos,septiembre,miércoles,21,-100.303554,19.8127
17330,17331,2018,"180959102",2018/09/12,21:50:00,COLISIÓN POR NO RESPETAR SEMÁFORO,ASFALTO,Bueno,Bueno,2,CHEVROLET,ROJO,2,,32,FEMENINO,SIN DATOS,0,0,Morelia,Felix Ireta,septiembre,miércoles,22,-101.195669174194,19.6816265792016
17331,17332,2018,"180959295",2018/09/12,23:30:00,COLISIÓN CONTRA OBJETO FIJO,ASFALTO,Lluvioso,Bueno,1,CHRYSLER,ROJO,1,,33,FEMENINO,CON CERTIFICADO,0,0,Morelia,El Lago 2,septiembre,miércoles,0,-101.214541196823,19.7267359429626
17332,17333,2018,"180962517",2018/09/13,"00:20:00",COLISIÓN CONTRA OBJETO FIJO,ASFALTO,Lluvioso,Bueno,1,VOLKSWAGEN,BLANCO,1,,45,MASCULINO,SIN DATOS,0,0,Morelia,Rafael Carrillo,septiembre,jueves,0,-101.235843540354,19.708552021479
17334,17335,2018,"180959688",2018/09/13,"08:00:00",COLISIÓN POR ALCANCE,ASFALTO,Nublado,Regular,3,NISSAN,ROJO,3,,23,MASCULINO,SIN DATOS,0,0,Morelia,Libertad,septiembre,jueves,8,-101.236953735352,19.6848895056561
17335,17336,2018,,2018/09/13,"08:00:00",COLISIÓN POR CORTE DE CIRCULACIÓN,ASFALTO,Nublado,Regular,2,HONDA,ROJO,4,,16,FEMENINO,SIN DATOS,2,0,Tocumbo,Sin datos,septiembre,jueves,8,-102.528297901154,19.7034859067363
17336,17337,2018,"180959708",2018/09/13,"08:20:00",COLISIÓN POR CORTE DE CIRCULACIÓN,ASFALTO,Bueno,Bueno,2,NISSAN,VERDE,2,,40,MASCULINO,SIN DATOS,0,0,Morelia,Centro,septiembre,jueves,8,-101.191753149033,19.6959960897794
17337,17338,2018,,2018/09/13,"08:25:00",COLISIÓN POR CORTE DE CIRCULACIÓN,ASFALTO,Bueno,Bueno,2,GMC,AZUL,1,,,,,1,0,Quiroga,Centro,septiembre,jueves,8,-101.524733304977,19.6619870053146
17338,17339,2018,"1809569708",2018/09/13,"09:25:00",COLISIÓN POR CORTE DE CIRCULACIÓN,ASFALTO,Nublado,Bueno,1,MAZDA,NEGRO,1,,,MASCULINO,SIN DATOS,0,0,Morelia,Centro,septiembre,jueves,9,-101.191801428795,19.6960112414824
17339,17340,2018,"180960090",2018/09/13,11:05:00,COLISIÓN POR CORTE DE CIRCULACIÓN,ASFALTO,Bueno,Bueno,2,SIN DATOS,SIN DATOS,1,,20,MASCULINO,SIN DATOS,0,0,Morelia,La Esperanza,septiembre,jueves,11,-101.252328157425,19.698273879703
17340,17341,2018,"180960246",2018/09/13,11:40:00,CAIDA ACUATICA DE VEHÍCULO,ASFALTO,Bueno,Bueno,1,NISSAN,BLANCO,1,,30,MASCULINO,SIN DATOS,0,0,Tarímbaro,Sin datos,septiembre,jueves,12,-101.157388687134,19.7785767884963
17341,17342,2018,"180960298",2018/09/13,12:25:00,COLISIÓN POR CORTE DE CIRCULACIÓN,ASFALTO,Nublado,Bueno,2,DIMA,ROJO,2,,36,MASCULINO,SIN DATOS,0,0,Morelia,Los Manantiales de Morelia,septiembre,jueves,12,-101.241363286972,19.6954506275145
17342,17343,2018,"180960419",2018/09/13,13:00:00,COLISIÓN CON PEATÓN,ASFALTO,Bueno,Bueno,1,SIN DATOS,SIN DATOS,1,,,,,1,0,Morelia,Pascual Ortiz de Ayala,septiembre,jueves,13,-101.150844097137,19.6948546573593
17344,17345,2018,,2018/09/13,14:30:00,COLISIÓN POR ALCANCE,ASFALTO,Bueno,Bueno,1,NISSAN,BLANCO,1,,29,MASCULINO,SIN DATOS,0,0,Cuitzeo,Los Granados,septiembre,jueves,15,-101.140244007111,19.9749016395949
17345,17346,2018,"180961085",2018/09/13,15:30:00,COLISIÓN POR ALCANCE,ASFALTO,Bueno,Bueno,2,BMW,VERDE,2,,33,MASCULINO,SIN DATOS,0,0,Morelia,Cinco de Diciembre,septiembre,jueves,16,-101.164276599884,19.6869199619385
17346,17347,2018,,2018/09/13,16:30:00,SALIDA DE SUPERFICIE DE RODAMIENTO,ASFALTO,Lluvioso,Bueno,2,FORD,NEGRA,2,,24,FEMENINO,SIN DATOS,0,0,Coeneo,Las Flores,septiembre,jueves,17,-101.591284275055,19.813403881733
17347,17348,2018,"180961831",2018/09/13,19:25:00,COLISIÓN POR CORTE DE CIRCULACIÓN,ASFALTO,Bueno,Bueno,2,NISSAN,PLATA,2,,34,FEMENINO,SIN DATOS,0,0,Morelia,Erendira,septiembre,jueves,19,-101.16815507412,19.7043040583532
17348,17349,2018,,2018/09/13,21:20:00,VOLCADURA,ASFALTO,Bueno,Bueno,1,KENWORTH,BLANCO/AZUL,1,,32,MASCULINO,SIN DATOS,0,0,Zitácuaro,Sin datos,septiembre,jueves,21,-100.358276,19.479073
17349,17350,2018,"180962485",2018/09/14,"00:15:00",COLISIÓN POR CORTE DE CIRCULACIÓN,ASFALTO,Lluvioso,Bueno,2,SIN DATOS,NEGRO,1,,28,MASCULINO,SIN DATOS,0,0,Morelia,Felix Ireta,septiembre,viernes,0,-101.191935539246,19.690314100025
17350,17351,2018,"180962574",2018/09/14,"01:25:00",CAIDA DE MOTOCICLETA,ASFALTO,Nublado,Regular,1,ITALIKA,NEGRO Y ROJO,1,,33,MASCULINO,ALIENTO ETÍLICO,0,0,Morelia,Indeco Santiaguito,septiembre,viernes,1,-101.178170442581,19.7199188413425
17351,17352,2018,"180962632",2018/09/14,"03:10:00",COLISIÓN POR INVASIÓN DE CARRIL,ASFALTO,Bueno,Bueno,2,NISSAN,ROJO,2,,23,FEMENINO,SIN DATOS,0,0,Morelia,Felix Ireta,septiembre,viernes,3,-101.189242601395,19.6821013744899
17352,17353,2018,"1802962691",2018/09/14,"06:43:00",COLISIÓN POR CORTE DE CIRCULACIÓN,ASFALTO,Bueno,Bueno,2,NISSAN,PLATA,1,,32,MASCULINO,SIN DATOS,0,0,Morelia,Felix Ireta,septiembre,viernes,7,-101.181442737579,19.6815255587459
17353,17354,2018,"180962703",2018/09/14,"07:00:00",COLISIÓN POR CORTE DE CIRCULACIÓN,ASFALTO,Lluvioso,Bueno,2,CHRYSLER,GRIS,1,,,MASCULINO,SIN DATOS,0,0,Morelia,Centro,septiembre,viernes,7,-101.194226145744,19.7030212755602
17354,17355,2018,"180962739",2018/09/14,"07:30:00",COLISIÓN POR ALCANCE,ASFALTO,Bueno,Bueno,2,MITSUBISHI,BLANCO,2,,44,MASCULINO,SIN DATOS,0,0,Morelia,Felix Ireta,septiembre,viernes,8,-101.195379495621,19.6920363955532
17355,17356,2018,"180962907",2018/09/14,"09:10:00",COLISIÓN POR CORTE DE CIRCULACIÓN,CONCRETO,Bueno,Bueno,1,NISSAN,ROJO,1,,,,SIN DATOS,0,0,Morelia,Felix Ireta,septiembre,viernes,9,-101.18149638176,19.6814245382266
17356,17357,2018,"180966439",2018/09/14,10:05:00,COLISIÓN POR CAMBIO DE CARRIL,ASFALTO,Bueno,Bueno,2,VOLKWAGEN,GRIS,2,,53,MASCULINO,SIN DATOS,0,0,Morelia,Mariano Michelena,septiembre,viernes,10,-101.230065822601,19.6768583442347
17357,17358,2018,"180962796",2018/09/14,10:20:00,COLISIÓN POR CAMBIO DE CARRIL,ASFALTO,Bueno,Bueno,2,JEPP,AZUL,2,,26,FEMENINO,SIN DATOS,0,0,Morelia,Junta de Jaujilla,septiembre,viernes,10,-101.225629448891,19.6915060719249
17358,17359,2018,,2018/09/14,12:20:00,COLISIÓN POR CORTE DE CIRCULACIÓN,ASFALTO,Bueno,Bueno,2,ITALIKA,NEGRO/PLATA,2,,0,MASCULINO,SIN DATOS,0,0,Morelia,El Porvenir,septiembre,viernes,12,-101.203965246677,19.7109501226023
17359,17360,2018,"180962811",2018/09/14,12:25:00,COLISIÓN POR ALCANCE,ASFALTO,Bueno,Bueno,2,INTERNACIONAL,BLANCO,2,,36,MASCULINO,SIN DATOS,0,0,Morelia,Felix Ireta,septiembre,viernes,12,-101.191989183426,19.6822832106106