fid,id_accidente,anio_origen,folio_c5i,dia_incidente,hora_ocurrencia,tipo_incidente_vial,superficie_ocurrencia,condiciones_climaticas,condiciones_via,numero_vehiculos_involucrados,marca_vehiculo_ocasiona_siniestro,color_vehiculo_ocasiona_siniestro,numero_personas_involucradas,lugar_remite_presunto_responsable,edad_presunto_responsable,sexo_presunto_responsable,resultados_toxicologia,numero_personas_lesionadas,numero_personas_fallecidas,municipio,colonia,mes,dia_semana,hora_redondeada,lon,lat
17360,17361,2018,,2018/09/14,12:30:00,COLISIÓN POR ALCANCE,ASFALTO,Bueno,Bueno,2,DT PULSAR,NEGRO,3,,,,SIN DATOS,1,0,Sahuayo,La Calzonuda,septiembre,viernes,13,-102.71598815918,20.0831401025128
17361,17362,2018,"180963750",2018/09/14,13:30:00,COLISIÓN POR CORTE DE CIRCULACIÓN,SIN_DATOS,Bueno,Bueno,2,TOYOTA,BLANCO Y GUINDA,2,,27,MASCULINO,SIN DATOS,0,0,Morelia,Centro,septiembre,viernes,14,-101.195248067379,19.6962953356489
17362,17363,2018,,2018/09/14,13:50:00,COLISIÓN POR CORTE DE CIRCULACIÓN,ASFALTO,Bueno,Bueno,1,FORD,GRIS,1,,54,MASCULINO,SIN DATOS,0,0,Morelia,Felix Ireta,septiembre,viernes,14,-101.19208574295,19.6823034146113
17363,17364,2018,"180234470",2018/09/14,14:36:00,COLISIÓN POR MANIOBRA DE REVERSA,ASFALTO,Bueno,Bueno,2,NISSAN,BLANCO,2,,76,MASCULINO,SIN DATOS,0,0,Morelia,Lomas del Tecnologico,septiembre,viernes,15,-101.188582777977,19.7200400367989
17364,17365,2018,,2018/09/14,15:15:00,COLISIÓN POR CORTE DE CIRCULACIÓN,ASFALTO,Bueno,Bueno,3,ITALIKA,GRIS,3,,25,MASCULINO,SIN DATOS,0,0,Morelia,Ventura Puente,septiembre,viernes,15,-101.191908717155,19.6924657038704
17365,17366,2018,,2018/09/14,17:30:00,COLISIÓN CON PEATÓN,ASFALTO,Bueno,Regular,2,CHEVROLET,BLANCO,4,MINISTERIO PÚBLICO,26,MASCULINO,SIN DATOS,2,0,Cojumatlán de Régules,Sin datos,septiembre,viernes,18,-102.839412689209,20.1142934578938
17366,17367,2018,LEG17972,2018/09/14,17:45:00,COLISIÓN POR CAMBIO DE CARRIL,ASFALTO,Bueno,Bueno,2,VOLKWAGEN,ROJO,2,,0,MASCULINO,SIN DATOS,0,0,Morelia,Elias Perez Avalos,septiembre,viernes,18,-101.165499687195,19.7130307485675
17367,17368,2018,,2018/09/14,18:40:00,COLISIÓN POR CAMBIO DE CARRIL,ASFALTO,Bueno,Bueno,2,NISSAN,BLANCO/MORADO,2,,42,MASCULINO,SIN DATOS,0,0,Morelia,Cuauhtemoc,septiembre,viernes,19,-101.180777549744,19.6995263978197
17368,17369,2018,"180965940",2018/09/14,18:50:00,COLISIÓN POR CORTE DE CIRCULACIÓN,ASFALTO,Bueno,Bueno,4,VOLKWAGEN,BLANCO,3,MINISTERIO PÚBLICO,30,MASCULINO,SIN DATOS,2,0,Morelia,Avicola Benito Juarez,septiembre,viernes,19,-101.278817653656,19.6918495198085
17369,17370,2018,,2018/09/14,19:35:00,COLISIÓN POR INVASIÓN DE CARRIL,ASFALTO,Bueno,Bueno,2,VOLKWAGEN,GRIS,2,,0,MASCULINO,SIN DATOS,0,0,Morelia,Jardines de Sindurio,septiembre,viernes,20,-101.256308555603,19.6976173138709
17370,17371,2018,,2018/09/14,19:40:00,COLISIÓN POR CORTE DE CIRCULACIÓN,ASFALTO,Bueno,Bueno,1,ITALIKA,VERDE,1,,0,MASCULINO,SIN DATOS,0,0,Morelia,Bonanza,septiembre,viernes,20,-101.203243732452,19.6574606718313
17371,17372,2018,"18041320",2018/09/14,21:08:00,COLISIÓN POR CORTE DE CIRCULACIÓN,ASFALTO,Bueno,Bueno,2,ITALIKA,VERDE,2,,21,MASCULINO,SIN DATOS,0,0,Morelia,Tres Puentes,septiembre,viernes,21,-101.21610224247,19.7037990269851
17372,17373,2018,"180965281",2018/09/14,21:46:00,CAIDA DE MOTOCICLETA,ASFALTO,Bueno,Bueno,1,HONDA,ROJO,0,,,,,0,0,Morelia,Matamoros,septiembre,viernes,22,-101.165746450424,19.6963445785865
17373,17374,2018,"180965369",2018/09/14,22:05:00,COLISIÓN POR ALCANCE,CONCRETO,Bueno,Bueno,2,VOLKWAGEN,ROJO,2,,21,MASCULINO,SIN DATOS,0,0,Morelia,Jacarandas,septiembre,viernes,22,-101.210088729858,19.708505857521
17374,17375,2018,"180969242",2018/09/14,23:10:00,COLISIÓN CONTRA OBJETO FIJO,ADOQUIN_EMPEDRADO,Nublado,Bueno,2,MITSUBISHI,ROJO,2,,0,MASCULINO,ALIENTO ETÍLICO,0,0,Morelia,Centro,septiembre,viernes,23,-101.196050047874,19.7057029869184
17375,17376,2018,"180965682",2018/09/15,"01:20:00",VOLCADURA,ASFALTO,Bueno,Bueno,1,VOLKSWAGEN,BLANCO,1,,22,MASCULINO,ALIENTO ETÍLICO,0,0,Tarímbaro,Sin datos,septiembre,sábado,1,-101.157732009888,19.780757490929
17376,17377,2018,"180965859",2018/09/15,"02:50:00",COLISIÓN CONTRA OBJETO FIJO,CONCRETO,Bueno,Bueno,1,MAZDA,BLANCO,1,,21,MASCULINO,ALIENTO ETÍLICO,0,0,Morelia,Villa Magna,septiembre,sábado,3,-101.32664680481,19.6814346402813
17377,17378,2018,"180965915",2018/09/15,"03:35:00",COLISIÓN POR CORTE DE CIRCULACIÓN,CONCRETO,Bueno,Bueno,2,VOLKWAGEN,PLATA,2,,39,MASCULINO,SIN DATOS,0,0,Morelia,Industrial,septiembre,sábado,4,-101.198973655701,19.7065867802478
17378,17379,2018,18/0969349,2018/09/15,"05:10:00",COLISIÓN POR ALCANCE,ASFALTO,Bueno,Bueno,2,JEEP,ARENA,2,MINISTERIO PÚBLICO,44,MASCULINO,ALIENTO ETÍLICO,0,0,Morelia,Prados Verdes,septiembre,sábado,5,-101.19486451149,19.7139713139203
17379,17380,2018,"180966620",2018/09/15,"06:50:00",COLISIÓN POR CORTE DE CIRCULACIÓN,ASFALTO,Bueno,Bueno,2,NISSAN,ARENA,2,,26,MASCULINO,ALIENTO ETÍLICO,0,0,Morelia,Leon Guzman,septiembre,sábado,7,-101.205507516861,19.7272106043942
17380,17381,2018,"180966137",2018/09/15,"07:45:00",COLISIÓN CONTRA OBJETO FIJO,ASFALTO,Bueno,Bueno,1,NISSAN,GRIS,0,,,,,0,0,Morelia,Camelinas,septiembre,sábado,8,-101.174210160971,19.6819157499038
17381,17382,2018,"180966622",2018/09/15,"08:05:00",COLISIÓN CONTRA OBJETO FIJO,ASFALTO,Bueno,Bueno,1,DODGE,GRIS,1,,,MASCULINO,ALIENTO ETÍLICO,0,0,Morelia,Las Americas,septiembre,sábado,8,-101.158976554871,19.688111959106
17382,17383,2018,"180966129",2018/09/15,"08:15:00",COLISIÓN POR CAMBIO DE CARRIL,CONCRETO,Bueno,Bueno,2,CHEVROLET,NEGRO,2,,33,MASCULINO,SIN DATOS,0,0,Morelia,Juarez,septiembre,sábado,8,-101.195387542248,19.6952347148544
17383,17384,2018,,2018/09/15,"08:50:00",COLISIÓN POR CAMBIO DE CARRIL,ASFALTO,Bueno,Bueno,2,VOLKWAGEN,GRIS,2,,37,MASCULINO,SIN DATOS,0,0,Morelia,Barrio Alto,septiembre,sábado,9,-101.19704246521,19.724938276248
17384,17385,2018,"180966499",2018/09/15,11:05:00,SALIDA DE SUPERFICIE DE RODAMIENTO,ASFALTO,Bueno,Bueno,2,SIN DATOS,ROJO,1,,35,MASCULINO,SIN DATOS,0,0,Morelia,Felix Arreguin,septiembre,sábado,11,-101.228048801422,19.7193835603107
17385,17386,2018,,2018/09/15,13:50:00,COLISIÓN POR CORTE DE CIRCULACIÓN,ASFALTO,Bueno,Bueno,2,VOLKWAGEN,BLANCO,2,,39,MASCULINO,SIN DATOS,0,0,Morelia,Central de Abastos,septiembre,sábado,14,-101.171582937241,19.7162324356402
17386,17387,2018,"180967364",2018/09/15,15:30:00,COLISIÓN CONTRA OBJETO FIJO,CONCRETO,Bueno,Bueno,2,VOLKSWAGEN,BLANCO,1,,,,,1,0,Morelia,Lomas de Hidalgo,septiembre,sábado,16,-101.158654689789,19.6964859941179
17387,17388,2018,"180967390",2018/09/15,15:38:00,COLISIÓN POR CORTE DE CIRCULACIÓN,CONCRETO,Bueno,Bueno,2,GMC,VERDE,2,,20,,SIN DATOS,0,0,Morelia,El Porvenir,septiembre,sábado,16,-101.205289587379,19.711695010009
17388,17389,2018,,2018/09/15,17:00:00,COLISIÓN POR CAMBIO DE CARRIL,ASFALTO,Bueno,Bueno,2,NISSAN,AZUL/GRIS,3,MINISTERIO PÚBLICO,35,MASCULINO,SIN DATOS,1,0,Apatzingán,Lazaro Cardenas,septiembre,sábado,17,-102.348654270172,19.1055237670362
17389,17390,2018,"18097777",2018/09/15,17:30:00,CAIDA DE MOTOCICLETA,ASFALTO,Bueno,Bueno,1,ITALIKA,ROJO,1,,33,MASCULINO,SIN DATOS,0,0,Morelia,El Lago 1,septiembre,sábado,18,-101.21223449707,19.7267965381175
17390,17391,2018,"180967949",2018/09/15,17:30:00,COLISIÓN POR CORTE DE CIRCULACIÓN,ASFALTO,Bueno,Bueno,2,VOLKSWAGEN,GRIS,2,MINISTERIO PÚBLICO,44,MASCULINO,SIN DATOS,0,0,Morelia,Centro,septiembre,sábado,18,-101.184232234955,19.7059201480176
17391,17392,2018,,2018/09/15,18:59:00,COLISIÓN POR ALCANCE,ASFALTO,Bueno,Bueno,2,ITALIKA,AZUL,1,MINISTERIO PÚBLICO,,,SIN DATOS,0,0,Morelia,Campestre Los Manantiales,septiembre,sábado,19,-101.238171458244,19.6878947738425
17392,17393,2018,,2018/09/15,19:10:00,SALIDA DE SUPERFICIE DE RODAMIENTO,ASFALTO,Bueno,Bueno,1,VOLKSWAGEN,BEIGE,1,,18,MASCULINO,SIN DATOS,0,0,Morelia,Martin Castrejon,septiembre,sábado,19,-101.168592368426,19.7209354800409
17393,17394,2018,"180968165",2018/09/15,19:15:00,COLISIÓN POR INVASIÓN DE CARRIL,ASFALTO,Bueno,Bueno,2,CHEVROLET,BLANCO Y ROJO,2,,30,MASCULINO,SIN DATOS,0,0,Morelia,Quinceo,septiembre,sábado,19,-101.224186420441,19.7254634394017
17394,17395,2018,,2018/09/15,20:05:00,COLISIÓN POR ALCANCE,ASFALTO,Bueno,Bueno,2,ITALIKA,Rojo/Negro,2,,20,MASCULINO,SIN DATOS,0,0,Apatzingán,Centro,septiembre,sábado,20,-102.352033853531,19.0862150795478
17395,17396,2018,"180968312",2018/09/15,20:10:00,COLISIÓN POR CORTE DE CIRCULACIÓN,ASFALTO,Bueno,Bueno,2,HONDA,GRIS,2,,56,MASCULINO,SIN DATOS,0,0,Morelia,Ferrocarrilero,septiembre,sábado,20,-101.219894886017,19.6951425415249
17396,17397,2018,"180968421",2018/09/15,21:00:00,COLISIÓN POR CORTE DE CIRCULACIÓN,ASFALTO,Nublado,Bueno,2,SIN DATOS,SIN DATOS,2,,30,MASCULINO,SIN DATOS,1,0,Morelia,El Porvenir,septiembre,sábado,21,-101.20433807373,19.7075665225746
17397,17398,2018,"180968473",2018/09/15,21:10:00,COLISIÓN POR INVASIÓN DE CARRIL,ASFALTO,Bueno,Bueno,2,INTERNACIONAL,BLANCO/GUINDA,2,,0,MASCULINO,SIN DATOS,0,0,Morelia,Vasco de Quiroga,septiembre,sábado,21,-101.171936988831,19.7026980530767
17398,17399,2018,,2018/09/15,21:30:00,COLISIÓN CON PEATÓN,ASFALTO,Bueno,Bueno,1,BMW,BLANCO,1,,42,MASCULINO,SIN DATOS,0,0,Panindícuaro,Centro,septiembre,sábado,22,-101.755628585815,19.9715740776845
17399,17400,2018,"180968414",2018/09/15,21:50:00,COLISIÓN POR CAMBIO DE CARRIL,ASFALTO,Bueno,Bueno,2,ARKON,NARANJA,1,MINISTERIO PÚBLICO,,,,1,0,Morelia,Independencia,septiembre,sábado,22,-101.176164150238,19.7057181377023
17400,17401,2018,"180968787",2018/09/15,23:00:00,SALIDA DE SUPERFICIE DE RODAMIENTO,CONCRETO,Bueno,Bueno,2,TOYOTA,ROJO,1,,19,MASCULINO,SIN DATOS,0,0,Morelia,Martires de Uruapan,septiembre,sábado,23,-101.198048293591,19.7279251186776
17401,17402,2018,"180969075",2018/09/16,"01:26:00",SUBIDA AL CAMELLÓN,ASFALTO,Bueno,Bueno,1,PEUGEOT,GRIS,1,,32,MASCULINO,ALIENTO ETÍLICO,0,0,Morelia,Tenencia Morelos,septiembre,domingo,1,-101.246974468231,19.6499232348748
17402,17403,2018,"180969131",2018/09/16,"02:10:00",COLISIÓN POR ALCANCE,ASFALTO,Bueno,Bueno,2,HONDA,NEGRO,0,MINISTERIO PÚBLICO,,,,0,0,Morelia,Francisco J Mujica,septiembre,domingo,2,-101.191345453262,19.722958799618
17403,17404,2018,"180969181",2018/09/16,"02:30:00",SUBIDA AL CAMELLÓN,ASFALTO,Bueno,Bueno,1,DODGE,BLANCO,1,,0,,SIN DATOS,0,0,Morelia,Jardines de Torremolinos,septiembre,domingo,3,-101.229604482651,19.6769517908807
17404,17405,2018,"180969216",2018/09/16,"02:47:00",SUBIDA AL CAMELLÓN,ASFALTO,Bueno,Bueno,1,VOLKWAGEN,NEGRO,1,,24,MASCULINO,ALIENTO ETÍLICO,0,0,Morelia,Las Americas,septiembre,domingo,3,-101.153419017792,19.6874856566158
17405,17406,2018,"180969280",2018/09/16,"04:00:00",COLISIÓN POR CORTE DE CIRCULACIÓN,ASFALTO,Bueno,Bueno,2,VOLKWAGEN,AZUL,2,,25,FEMENINO,SIN DATOS,0,0,Morelia,Sin datos,septiembre,domingo,4,-101.26296043396,19.639717829778
17406,17407,2018,"180972507",2018/09/16,"04:36:00",COLISIÓN CONTRA OBJETO FIJO,ASFALTO,Bueno,Bueno,1,VOLKWAGEN,NEGRO,1,,0,,SIN DATOS,0,0,Morelia,Justo Mendoza,septiembre,domingo,5,-101.228011250496,19.7125055445674
17407,17408,2018,"180969324",2018/09/16,"04:45:00",VOLCADURA,ASFALTO,Bueno,Bueno,2,VOLKWAGEN,GRIS,1,,0,,SIN DATOS,0,0,Morelia,Vasco de Quiroga,septiembre,domingo,5,-101.174254417419,19.7027839091126
17408,17409,2018,"180969328",2018/09/16,"04:56:00",CAIDA DE MOTOCICLETA,CONCRETO,Nublado,Regular,1,VENTO,NEGRO,1,,0,MASCULINO,ALIENTO ETÍLICO,0,0,Morelia,Melchor Ocampo,septiembre,domingo,5,-101.201773881912,19.706735762071
17409,17410,2018,"180964371",2018/09/16,"05:20:00",COLISIÓN POR ALCANCE,ASFALTO,Bueno,Bueno,2,NISSAN,BLANCO,2,,36,MASCULINO,ALIENTO ETÍLICO,0,0,Morelia,Villas Lomas del Paraiso,septiembre,domingo,5,-101.180874109268,19.6753227807315
17410,17411,2018,"180969354",2018/09/16,"05:30:00",SALIDA DE SUPERFICIE DE RODAMIENTO,ASFALTO,Bueno,Bueno,1,NISSAN,TURQUESA,1,,29,FEMENINO,ALIENTO ETÍLICO,0,0,Morelia,Tierra Y Libertad,septiembre,domingo,6,-101.230516433716,19.7157880412664
17411,17412,2018,,2018/09/16,"05:30:00",COLISIÓN POR INVASIÓN DE CARRIL,ASFALTO,Bueno,Bueno,2,CHEVROLET,GRIS/ROJO,2,,,,SIN DATOS,0,0,Zitácuaro,Sin datos,septiembre,domingo,6,-100.417442,19.483518
17412,17413,2018,"180969384",2018/09/16,"05:35:00",COLISIÓN CONTRA OBJETO FIJO,ASFALTO,Bueno,Bueno,1,HONDA,BLANCO,1,MINISTERIO PÚBLICO,,,,1,0,Morelia,Eduardo Ruiz,septiembre,domingo,6,-101.224119365215,19.7246428712156
17413,17414,2018,"180969373",2018/09/16,"05:40:00",COLISIÓN CONTRA OBJETO FIJO,ASFALTO,Bueno,Bueno,1,CHEVROLET,BLANCO,0,,,,,0,0,Morelia,Fovissste La Huerta,septiembre,domingo,6,-101.211475431919,19.6935743241407
17414,17415,2018,"180969407",2018/09/16,"05:45:00",COLISIÓN POR ALCANCE,ASFALTO,Bueno,Bueno,2,MAZDA,ROJO,1,MINISTERIO PÚBLICO,27,MASCULINO,SIN DATOS,0,0,Morelia,Ventura Puente,septiembre,domingo,6,-101.179790496826,19.6909201885407
17415,17416,2018,"180969421",2018/09/16,"06:00:00",CAIDA DE MOTOCICLETA,ASFALTO,Bueno,Bueno,1,KEEWAY,NEGRO,2,,,MASCULINO,SIN DATOS,1,0,Tarímbaro,Sin datos,septiembre,domingo,6,-101.167774200439,19.7586260144884
17416,17417,2018,,2018/09/16,"08:05:00",COLISIÓN POR ALCANCE,ASFALTO,Bueno,Bueno,2,FORD,GRIS,4,MINISTERIO PÚBLICO,,,SIN DATOS,2,0,Morelia,Sin datos,septiembre,domingo,8,-101.360199,19.769645
17417,17418,2018,"180081440",2018/09/16,"08:15:00",COLISIÓN CONTRA OBJETO FIJO,ASFALTO,Bueno,Bueno,1,RENOULT,BLANCO,1,,28,MASCULINO,SIN DATOS,0,0,Morelia,Tenencia Morelos,septiembre,domingo,8,-101.246727705002,19.6501657316571
17419,17420,2018,"180969623",2018/09/16,"09:25:00",COLISIÓN POR CORTE DE CIRCULACIÓN,ASFALTO,Bueno,Bueno,2,CHEVROLET,BLANCO,2,,27,MASCULINO,SIN DATOS,0,0,Morelia,Vasco de Quiroga,septiembre,domingo,9,-101.169104576111,19.7024253335984
17420,17421,2018,"180970044",2018/09/16,12:00:00,COLISIÓN CON PEATÓN,ASFALTO,Bueno,Bueno,1,SIN DATOS,ROJO/AMARILLO,1,MINISTERIO PÚBLICO,,,,1,0,Morelia,Agustin Arriaga Rivera,septiembre,domingo,12,-101.224594116211,19.6912838405488
17421,17422,2018,,2018/09/16,13:40:00,VOLCADURA,TERRACERIA,Bueno,Bueno,1,NISSAN,SIN DATOS,0,,,,,0,0,Morelia,Sin datos,septiembre,domingo,14,-101.188459396362,19.5824949308935
17422,17423,2018,"180970339",2018/09/16,13:50:00,COLISIÓN POR CORTE DE CIRCULACIÓN,CONCRETO,Bueno,Bueno,2,HONDA,ROJO,2,,43,MASCULINO,SIN DATOS,0,0,Morelia,Tzindurio Norte,septiembre,domingo,14,-101.24719440937,19.7041474987996
17423,17424,2018,LEG18030,2018/09/16,15:15:00,COLISIÓN POR MANIOBRA DE REVERSA,CONCRETO,Bueno,Bueno,2,SCANIA,BLANCO,2,,38,MASCULINO,SIN DATOS,0,0,Morelia,Cuauhtemoc,septiembre,domingo,15,-101.182553172112,19.698334485644
17424,17425,2018,"180234011",2018/09/16,17:39:00,COLISIÓN POR ALCANCE,ASFALTO,Bueno,Bueno,2,NISSAN,BLANCO/GUINDA,0,MINISTERIO PÚBLICO,,,,0,0,Morelia,Juarez,septiembre,domingo,18,-101.196691095829,19.6955478512488
17425,17426,2018,,2018/09/16,17:40:00,COLISIÓN CONTRA OBJETO FIJO,ASFALTO,Bueno,Bueno,1,TOYOTA,BLANCO,1,,0,,SIN DATOS,0,0,Zinapécuaro,Sin datos,septiembre,domingo,18,-100.799049025219,19.84911240053
17426,17427,2018,,2018/09/16,17:40:00,COLISIÓN POR CORTE DE CIRCULACIÓN,CONCRETO,Bueno,Bueno,2,FORD,GRIS,2,,68,MASCULINO,SIN DATOS,0,0,Pátzcuaro,La Era,septiembre,domingo,18,-101.604748439438,19.5020277502506
17427,17428,2018,"180971211",2018/09/16,18:30:00,COLISIÓN CON PEATÓN,SIN_DATOS,Bueno,Bueno,2,SIN DATOS,SIN DATOS,2,,0,,SIN DATOS,0,0,Morelia,Americas Britania,septiembre,domingo,19,-101.149621009827,19.6938899891004
17428,17429,2018,"180971665",2018/09/16,19:30:00,COLISIÓN POR ALCANCE,ASFALTO,Bueno,Bueno,2,MERCEDES BENZ,GRIS,2,,22,MASCULINO,SIN DATOS,0,0,Morelia,Pascual Ortiz de Ayala,septiembre,domingo,20,-101.149513721466,19.6948597079632
17429,17430,2018,,2018/09/16,19:30:00,VOLCADURA,ASFALTO,Nublado,Bueno,1,NISSAN,AZUL MARINO,0,,,,,0,0,Zinapécuaro,La Esperanza,septiembre,domingo,20,-100.815181732178,19.877324546447
17430,17431,2018,,2018/09/16,20:40:00,COLISIÓN POR INVASIÓN DE CARRIL,CONCRETO,Nublado,Bueno,2,CARABELA,BLANCA,3,,17,MASCULINO,SIN DATOS,1,0,Zacapu,Villa Guzman,septiembre,domingo,21,-101.782493591309,19.8073475434009
17431,17432,2018,"18097700",2018/09/16,20:50:00,COLISIÓN POR CORTE DE CIRCULACIÓN,CONCRETO,Bueno,Bueno,2,NISSAN,BLANCO/ROJO,0,,,,,0,0,Morelia,Union,septiembre,domingo,21,-101.157538890839,19.7076675265969
17432,17433,2018,"180971816",2018/09/16,21:00:00,COLISIÓN POR ALCANCE,ASFALTO,Bueno,Bueno,2,FORD,NEGRO,2,,47,FEMENINO,SIN DATOS,0,0,Morelia,Primo Tapia Oriente,septiembre,domingo,21,-101.161794215441,19.7120813400773
17433,17434,2018,"180971926",2018/09/16,21:20:00,COLISIÓN POR CORTE DE CIRCULACIÓN,CONCRETO,Bueno,Bueno,1,RENOULT,CAFE OBSCURO,1,,0,,SIN DATOS,0,0,Morelia,Chapultepec Sur,septiembre,domingo,21,-101.171250343323,19.690293897035
17434,17435,2018,,2018/09/16,22:30:00,COLISIÓN POR ALCANCE,ASFALTO,Bueno,Bueno,3,NISSAN,NEGRO,3,,51,MASCULINO,SIN DATOS,0,0,Pátzcuaro,Centro,septiembre,domingo,23,-101.607109308243,19.5195788374547
17435,17436,2018,"180972305",2018/09/16,23:44:00,VOLCADURA,ASFALTO,Bueno,Bueno,1,NISSAN,AZUL,2,,0,,SIN DATOS,1,0,Morelia,Diego Rivera,septiembre,domingo,0,-101.175992488861,19.7182422947678
17436,17437,2018,"180972718",2018/09/17,"08:00:00",COLISIÓN POR MANIOBRA DE REVERSA,CONCRETO,Nublado,Bueno,2,VOLKSWAGEN,MARRON,2,,34,MASCULINO,SIN DATOS,0,0,Morelia,Lomas de Guayangareo,septiembre,lunes,8,-101.159116029739,19.7035970139915
17437,17438,2018,"180972789",2018/09/17,"09:15:00",COLISIÓN POR CORTE DE CIRCULACIÓN,SIN_DATOS,Bueno,Bueno,2,SIN DATOS,SIN DATOS,1,,60,MASCULINO,SIN DATOS,0,0,Morelia,Comision Federal de Electricidad,septiembre,lunes,9,-101.181367635727,19.6814649464419
17438,17439,2018,"180972219",2018/09/17,"09:30:00",COLISIÓN POR CAMBIO DE CARRIL,CONCRETO,Bueno,Bueno,2,VOLKSWAGEN,GRIS,2,,,FEMENINO,SIN DATOS,0,0,Morelia,Cuauhtemoc,septiembre,lunes,10,-101.181828975677,19.7005869901726
17439,17440,2018,,2018/09/17,11:20:00,COLISIÓN POR CORTE DE CIRCULACIÓN,ASFALTO,Bueno,Bueno,2,NISSAN,BLANCO,2,,26,MASCULINO,SIN DATOS,0,0,Zamora,La Rinconada,septiembre,lunes,11,-102.28443145752,20.0405713047022
17440,17441,2018,"180963114",2018/09/17,12:30:00,COLISIÓN POR CAMBIO DE CARRIL,ASFALTO,Bueno,Bueno,2,NISSAN,ROJO,2,,65,MASCULINO,SIN DATOS,0,0,Morelia,Prados Verdes,septiembre,lunes,13,-101.204316616058,19.7181917961042
17441,17442,2018,"180973547",2018/09/17,13:30:00,COLISIÓN POR ALCANCE,ASFALTO,Bueno,Bueno,3,VOLKSWAGEN,ROJO,3,,31,FEMENINO,SIN DATOS,0,0,Morelia,Alberto Oviedo Mota,septiembre,lunes,14,-101.19592666626,19.6815356607944
17442,17443,2018,"180973543",2018/09/17,13:36:00,COLISIÓN POR ALCANCE,ASFALTO,Bueno,Bueno,2,YAMAHA,BLANCO,2,,28,MASCULINO,SIN DATOS,0,0,Morelia,Felix Ireta,septiembre,lunes,14,-101.195722818375,19.6815962730716
17443,17444,2018,"180973922",2018/09/17,15:00:00,COLISIÓN POR ALCANCE,ASFALTO,Bueno,Bueno,3,FORD,ROJO,3,,20,MASCULINO,SIN DATOS,0,0,Morelia,San Rafael,septiembre,lunes,15,-101.154727935791,19.7005465867832
17444,17445,2018,"180973931",2018/09/17,15:35:00,VOLCADURA,ASFALTO,Bueno,Bueno,1,FORD,ROJO,1,,17,MASCULINO,SIN DATOS,0,0,Morelia,Insurgentes,septiembre,lunes,16,-101.152464151382,19.6984556974572
17445,17446,2018,,2018/09/17,16:00:00,COLISIÓN POR CORTE DE CIRCULACIÓN,ASFALTO,Lluvioso,Regular,2,VOLKWAGEN,BEIGE,2,,34,MASCULINO,SIN DATOS,0,0,Quiroga,Sin datos,septiembre,lunes,16,-101.517524091007,19.6499290834326
17446,17447,2018,,2018/09/17,18:00:00,COLISIÓN POR CORTE DE CIRCULACIÓN,CONCRETO,Bueno,Bueno,2,CHEVROLET,ROJO,3,,25,FEMENINO,SIN DATOS,1,0,Apatzingán,Morelos,septiembre,lunes,18,-102.360010743141,19.093535309155
17447,17448,2018,"180974548",2018/09/17,18:06:00,COLISIÓN POR ALCANCE,ASFALTO,Bueno,Bueno,3,PLYMOUTH,GRIS,3,,40,MASCULINO,ALIENTO ETÍLICO,0,0,Morelia,San Pascual,septiembre,lunes,18,-101.266943514347,19.6954935574824
17448,17449,2018,,2018/09/17,19:00:00,VOLCADURA,ASFALTO,Nublado,Bueno,1,CHEVROLET,ROJO,1,,57,MASCULINO,SIN DATOS,0,0,Coeneo,Coeneo de La Libertad,septiembre,lunes,19,-101.582314968109,19.8322174346491
17449,17450,2018,"180975538",2018/09/18,"05:30:00",SALIDA DE SUPERFICIE DE RODAMIENTO,CONCRETO,Bueno,Bueno,1,CHEVROLET,BLANCO Y ROJO,0,,,,,0,0,Morelia,Enrique Arreguin Robles,septiembre,martes,6,-101.182644367218,19.7191411683106
17450,17451,2018,"180975594",2018/09/18,"07:50:00",COLISIÓN POR ALCANCE,ASFALTO,Bueno,Bueno,2,NISSAN,PLATA,2,,,MASCULINO,SIN DATOS,0,0,Morelia,La Soledad,septiembre,martes,8,-101.183341741562,19.7281700221314
17451,17452,2018,"180978066",2018/09/18,"09:52:00",COLISIÓN POR CORTE DE CIRCULACIÓN,ASFALTO,Nublado,Bueno,2,MITSUBISHI,GRIS,1,,,,SIN DATOS,0,0,Morelia,Obrera,septiembre,martes,10,-101.182837486267,19.7090613755924
17452,17453,2018,"180975911",2018/09/18,10:00:00,COLISIÓN POR CORTE DE CIRCULACIÓN,CONCRETO,Bueno,Bueno,2,FIAT,ROJO,2,,23,MASCULINO,SIN DATOS,0,0,Morelia,Adolfo Lopez Mateos,septiembre,martes,10,-101.225554347038,19.694879910377
17453,17454,2018,"180976563",2018/09/18,14:30:00,COLISIÓN POR ALCANCE,ASFALTO,Bueno,Bueno,4,NISSAN,BLANCO,4,MINISTERIO PÚBLICO,,MASCULINO,SIN DATOS,0,0,Morelia,Francisco J Mujica,septiembre,martes,15,-101.185508966446,19.7241404289233
17454,17455,2018,"180976741",2018/09/18,15:10:00,COLISIÓN POR CORTE DE CIRCULACIÓN,ASFALTO,Bueno,Bueno,2,DINAMO,NEGRO Y AMARILLO,2,,25,MASCULINO,SIN DATOS,0,0,Morelia,Vasco de Quiroga,septiembre,martes,15,-101.17071390152,19.7024909883301