fid,id_accidente,anio_origen,folio_c5i,dia_incidente,hora_ocurrencia,tipo_incidente_vial,superficie_ocurrencia,condiciones_climaticas,condiciones_via,numero_vehiculos_involucrados,marca_vehiculo_ocasiona_siniestro,color_vehiculo_ocasiona_siniestro,numero_personas_involucradas,lugar_remite_presunto_responsable,edad_presunto_responsable,sexo_presunto_responsable,resultados_toxicologia,numero_personas_lesionadas,numero_personas_fallecidas,municipio,colonia,mes,dia_semana,hora_redondeada,lon,lat
17455,17456,2018,,2018/09/18,15:20:00,COLISIÓN POR CORTE DE CIRCULACIÓN,ASFALTO,Bueno,Bueno,2,ITALIKA,NEGRO,3,MINISTERIO PÚBLICO,36,MASCULINO,SIN DATOS,1,0,Morelia,Isaac Arriaga,septiembre,martes,15,-101.1733263731,19.706960497101
17456,17457,2018,,2018/09/18,16:50:00,COLISIÓN POR CAMBIO DE CARRIL,CONCRETO,Bueno,Bueno,2,DODGE,BLANCO,2,,33,MASCULINO,SIN DATOS,0,0,Morelia,Sin datos,septiembre,martes,17,-101.124011278152,19.7176363097518
17457,17458,2018,,2018/09/18,18:45:00,COLISIÓN POR CORTE DE CIRCULACIÓN,ASFALTO,Lluvioso,Bueno,2,RENAULT,BEIS,2,,62,MASCULINO,SIN DATOS,0,0,Tangancícuaro,Sector 1,septiembre,martes,19,-102.205673754215,19.8919891618693
17458,17459,2018,"180977630",2018/09/18,19:40:00,COLISIÓN POR MANIOBRA DE REVERSA,ASFALTO,Bueno,Bueno,2,VOLKSWAGEN,BLANCO,2,,57,MASCULINO,SIN DATOS,0,0,Morelia,Chapultepec Sur,septiembre,martes,20,-101.171872615814,19.6924455011519
17459,17460,2018,"180977747",2018/09/18,20:10:00,COLISIÓN POR CAMBIO DE CARRIL,ASFALTO,Bueno,Bueno,2,GENERAL MOTORS,BLANCO,2,,19,MASCULINO,SIN DATOS,0,0,Morelia,Jardines del Quinceo,septiembre,martes,20,-101.205220520496,19.7218882561232
17460,17461,2018,,2018/09/18,20:30:00,COLISIÓN POR CORTE DE CIRCULACIÓN,ASFALTO,Bueno,Bueno,2,SIN DATOS,SIN DATOS,1,,,MASCULINO,SIN DATOS,0,0,Morelia,Centro,septiembre,martes,21,-101.182617545128,19.7040654312305
17461,17462,2018,"180979189",2018/09/18,23:50:00,COLISIÓN CONTRA OBJETO FIJO,ASFALTO,Bueno,Bueno,2,NISSAN,BLANCO,0,,,,,0,0,Morelia,Hospitales de Don Vasco,septiembre,martes,0,-101.154526770115,19.7016374747164
17462,17463,2018,"180948435",2018/09/19,"07:25:00",COLISIÓN POR CAMBIO DE CARRIL,ASFALTO,Bueno,Bueno,2,CHEVROLET,BLANCO,2,,30,FEMENINO,SIN DATOS,0,0,Morelia,Jardines del Toreo,septiembre,miércoles,7,-101.214718222618,19.6867128767802
17463,17464,2018,"180978604",2018/09/19,"09:18:00",COLISIÓN POR CORTE DE CIRCULACIÓN,ASFALTO,Bueno,Bueno,2,SIN DATOS,SIN DATOS,1,,40,MASCULINO,SIN DATOS,0,0,Morelia,Morelia 450,septiembre,miércoles,9,-101.217148303986,19.6755904951645
17464,17465,2018,"180978962",2018/09/19,12:25:00,COLISIÓN POR ALCANCE,ASFALTO,Bueno,Bueno,2,CHEVROLET,ROJO,2,,50,MASCULINO,SIN DATOS,0,0,Morelia,Lomas del Valle,septiembre,miércoles,12,-101.230037015,19.6880963799991
17465,17466,2018,,2018/09/19,13:45:00,COLISIÓN POR ALCANCE,ASFALTO,Bueno,Bueno,2,KENWORTH,SD,2,,48,MASCULINO,SIN DATOS,0,0,Zamora,Chaparaco,septiembre,miércoles,14,-102.25962638855,19.9627002359279
17466,17467,2018,"180979895",2018/09/19,15:40:00,COLISIÓN CONTRA OBJETO FIJO,ASFALTO,Lluvioso,Bueno,1,DODGE,BLANCO,1,,17,MASCULINO,SIN DATOS,0,0,Morelia,Las Americas,septiembre,miércoles,16,-101.157750397493,19.6913098349318
17467,17468,2018,"180979922",2018/09/19,16:05:00,COLISIÓN POR CORTE DE CIRCULACIÓN,CONCRETO,Bueno,Bueno,2,VOLKSWAGEN,BLANCO Y ROSA,2,,38,MASCULINO,SIN DATOS,0,0,Morelia,Eva Samano,septiembre,miércoles,16,-101.20058298111,19.7296495339809
17468,17469,2018,"180980220",2018/09/19,16:49:00,COLISIÓN POR ALCANCE,ASFALTO,Bueno,Bueno,2,MERCEDES BENZ,NARANJA Y ARENA,2,,26,MASCULINO,SIN DATOS,0,0,Morelia,Nueva Valladolid,septiembre,miércoles,17,-101.211622953415,19.7008698136128
17469,17470,2018,"180180170",2018/09/19,17:00:00,COLISIÓN POR ALCANCE,ASFALTO,Bueno,Bueno,4,HONDA,ARENA,4,,,FEMENINO,SIN DATOS,0,0,Morelia,Vasco de Quiroga,septiembre,miércoles,17,-101.17129996419,19.697254938883
17470,17471,2018,"180980306",2018/09/19,17:05:00,COLISIÓN POR ALCANCE,ASFALTO,Bueno,Bueno,2,HONDA,AZUL,2,,22,MASCULINO,SIN DATOS,0,0,Morelia,Gertrudis Bocanegra,septiembre,miércoles,17,-101.212717294693,19.7019758504807
17471,17472,2018,"180980139",2018/09/19,17:20:00,COLISIÓN POR CORTE DE CIRCULACIÓN,CONCRETO,Nublado,Bueno,2,JEEP,BLANCO,2,,39,FEMENINO,SIN DATOS,0,0,Morelia,Loma de Los Piñones,septiembre,miércoles,17,-101.205110549927,19.6741508934208
17472,17473,2018,"180980388",2018/09/19,18:30:00,COLISIÓN POR CORTE DE CIRCULACIÓN,ASFALTO,Nublado,Bueno,2,CHEVROLET,PLATA,2,,48,MASCULINO,SIN DATOS,0,0,Morelia,Morelia 450,septiembre,miércoles,19,-101.217180490494,19.6756460584814
17473,17474,2018,,2018/09/20,"00:00:00",COLISIÓN CON PEATÓN,CONCRETO,Bueno,Regular,1,CHRYSLER,BLANCO,1,MINISTERIO PÚBLICO,54,MASCULINO,CON CERTIFICADO,0,0,Apatzingán,Penjamo,septiembre,jueves,0,-102.363926768303,19.1065578258769
17474,17475,2018,"180981776",2018/09/20,"09:50:00",COLISIÓN POR MANIOBRA DE REVERSA,CONCRETO,Bueno,Bueno,2,INTERNATIONAL,AZUL,2,,27,MASCULINO,SIN DATOS,0,0,Morelia,Francisco J Mujica,septiembre,jueves,10,-101.191248893738,19.7229386007505
17475,17476,2018,"10983045",2018/09/20,10:00:00,COLISIÓN POR CAMBIO DE CARRIL,ASFALTO,Bueno,Bueno,1,KENWORTH,ROJO,1,,52,MASCULINO,SIN DATOS,0,0,Morelia,Francisco J Mujica,septiembre,jueves,10,-101.188223361969,19.7216660669521
17476,17477,2018,"180981884",2018/09/20,10:38:00,COLISIÓN POR ALCANCE,ASFALTO,Bueno,Bueno,2,KENWORTH,BLANCO,2,,,MASCULINO,SIN DATOS,0,0,Morelia,Ciudad Industrial,septiembre,jueves,11,-101.143054962158,19.7253220494916
17477,17478,2018,,2018/09/20,11:00:00,COLISIÓN POR CORTE DE CIRCULACIÓN,ASFALTO,Bueno,Bueno,2,CHEVROLET,BLANCO,2,,50,MASCULINO,SIN DATOS,0,0,Morelia,Sin datos,septiembre,jueves,11,-101.170777286594,19.6776526960265
17478,17479,2018,"180982034",2018/09/20,12:20:00,COLISIÓN CON PEATÓN,ASFALTO,Bueno,Bueno,1,TOYOTA,BLANCO,1,,66,FEMENINO,SIN DATOS,0,0,Morelia,Felix Ireta,septiembre,jueves,12,-101.187916249037,19.6814573699024
17479,17480,2018,"180982022",2018/09/20,12:29:00,COLISIÓN POR INVASIÓN DE CARRIL,ASFALTO,Bueno,Bueno,2,VOLKSWAGEN,BLANCO Y NEGRO,2,,,,SIN DATOS,0,0,Morelia,Eduardo Ruiz,septiembre,jueves,12,-101.223220825195,19.7224942250198
17480,17481,2018,,2018/09/20,15:05:00,COLISIÓN POR CORTE DE CIRCULACIÓN,ASFALTO,Bueno,Bueno,2,VENTO,PLATA,2,,,MASCULINO,SIN DATOS,0,0,Morelia,Centro,septiembre,jueves,15,-101.186571121216,19.7046272775921
17481,17482,2018,,2018/09/20,15:55:00,COLISIÓN POR ALCANCE,ASFALTO,Bueno,Bueno,3,NISSAN,VERDE,3,,,,SIN DATOS,0,0,Morelia,Centro,septiembre,jueves,16,-101.203737258911,19.7026424991466
17482,17483,2018,"180983185",2018/09/20,18:00:00,COLISIÓN POR INVASIÓN DE CARRIL,ASFALTO,Bueno,Bueno,2,FORD,BLANCO,2,,38,MASCULINO,SIN DATOS,0,0,Morelia,Jardines del Quinceo,septiembre,jueves,18,-101.205244660378,19.7219185546226
17483,17484,2018,LEG18118,2018/09/20,18:00:00,COLISIÓN POR CORTE DE CIRCULACIÓN,CONCRETO,Bueno,Bueno,2,FORD,ROJO,2,,,MASCULINO,SIN DATOS,0,0,Morelia,Sin datos,septiembre,jueves,18,-101.126174624662,19.6182837385269
17484,17485,2018,"180983338",2018/09/20,19:00:00,COLISIÓN POR CAMBIO DE CARRIL,CONCRETO,Bueno,Bueno,3,NISSAN,BLANCO,3,,39,MASCULINO,SIN DATOS,0,0,Morelia,Ferrocarrilero,septiembre,jueves,19,-101.217534542084,19.6976779200605
17485,17486,2018,"180983470",2018/09/20,19:10:00,COLISIÓN POR CORTE DE CIRCULACIÓN,CONCRETO,Bueno,Bueno,2,SIN DATOS,SIN DATOS,1,,25,FEMENINO,SIN DATOS,0,0,Morelia,Loma Real,septiembre,jueves,19,-101.198490858078,19.7292001273935
17487,17488,2018,"180983705",2018/09/20,20:30:00,SUBIDA AL CAMELLÓN,CONCRETO,Lluvioso,Bueno,1,RENAULT,AZUL,1,,50,MASCULINO,SIN DATOS,0,0,Morelia,Centro,septiembre,jueves,21,-101.201688051224,19.7029404700006
17488,17489,2018,,2018/09/20,21:00:00,COLISIÓN POR ALCANCE,ASFALTO,Lluvioso,Bueno,2,RENAULT,GRIS,2,,52,MASCULINO,ALIENTO ETÍLICO,0,0,Morelia,Los Angeles,septiembre,jueves,21,-101.176958084106,19.7412781209536
17489,17490,2018,,2018/09/20,23:00:00,COLISIÓN POR NO RESPETAR SEMÁFORO,CONCRETO,Bueno,Bueno,2,NISSAN,BLANCO Y ROJO,2,,,MASCULINO,SIN DATOS,0,0,Morelia,Las Americas,septiembre,jueves,23,-101.158976554871,19.6880614509315
17490,17491,2018,"180984076",2018/09/20,23:50:00,SALIDA DE SUPERFICIE DE RODAMIENTO,ASFALTO,Bueno,Bueno,1,NISSAN,BLANCO Y ROJO,1,,49,MASCULINO,SIN DATOS,0,0,Morelia,Sin datos,septiembre,jueves,0,-101.200207471848,19.6423147122255
17491,17492,2018,,2018/09/21,"00:00:00",COLISIÓN POR MANIOBRA DE REVERSA,ASFALTO,Bueno,Bueno,2,ISUZU,AZUL,2,,53,MASCULINO,SIN DATOS,0,0,Morelia,Primo Tapia Oriente,septiembre,viernes,0,-101.164154559374,19.7167576273986
17492,17493,2018,"180984049",2018/09/21,"00:20:00",COLISIÓN CONTRA OBJETO FIJO,ASFALTO,Bueno,Bueno,1,FREIGHTLINER,BLANCO,1,,49,MASCULINO,SIN DATOS,0,0,Tarímbaro,Sin datos,septiembre,viernes,0,-101.166529655457,19.8108400599875
17493,17494,2018,,2018/09/21,"04:30:00",SALIDA DE SUPERFICIE DE RODAMIENTO,ASFALTO,Bueno,Regular,1,VOLVO,BLANCO,0,,,,,0,0,Vista Hermosa,Sin datos,septiembre,viernes,5,-102.467594146729,20.2891687389935
17494,17495,2018,,2018/09/21,"05:30:00",COLISIÓN CONTRA OBJETO FIJO,ASFALTO,Bueno,Bueno,1,CHEVROLET,SIN DATOS,0,,,,,0,0,Morelia,Ciudad Industrial,septiembre,viernes,6,-101.143033504486,19.7252816523515
17495,17496,2018,,2018/09/21,"06:50:00",COLISIÓN POR ALCANCE,ASFALTO,Bueno,Bueno,3,CHEVROLET,BLANCO,3,,51,MASCULINO,SIN DATOS,0,0,Pátzcuaro,Centro,septiembre,viernes,7,-101.617805957794,19.5162822195865
17496,17497,2018,,2018/09/21,"07:45:00",COLISIÓN CON PEATÓN,ASFALTO,Bueno,Regular,1,ITALIKA,NEGRO,3,MINISTERIO PÚBLICO,25,MASCULINO,SIN DATOS,2,0,Tocumbo,Sin Nombre,septiembre,viernes,8,-102.511174678802,19.7023546284725
17497,17498,2018,"180984435",2018/09/21,"07:55:00",COLISIÓN POR ALCANCE,ASFALTO,Bueno,Regular,2,CHEVROLET,BLANCO,2,,39,MASCULINO,SIN DATOS,0,0,Morelia,Libertad,septiembre,viernes,8,-101.237758398056,19.6867280293618
17498,17499,2018,"180984406",2018/09/21,"08:00:00",COLISIÓN POR CORTE DE CIRCULACIÓN,ASFALTO,Bueno,Bueno,2,WOLKSWAGEN,ROJO,2,,45,FEMENINO,SIN DATOS,0,0,Morelia,Francisco J Mujica,septiembre,viernes,8,-101.18833065033,19.7214640765285
17499,17500,2018,"180984530",2018/09/21,"08:33:00",COLISIÓN CONTRA OBJETO FIJO,ASFALTO,Nublado,Bueno,1,NISSAN,PLATA,1,,31,FEMENINO,ALIENTO ETÍLICO,0,0,Morelia,Villas de La Esperanza,septiembre,viernes,9,-101.276199817657,19.692677832261
17500,17501,2018,"180984467",2018/09/21,"08:35:00",COLISIÓN POR CORTE DE CIRCULACIÓN,CONCRETO,Bueno,Bueno,2,VOLKWAGEN,NEGRO,2,,48,MASCULINO,SIN DATOS,0,0,Morelia,Granjas de La Huerta,septiembre,viernes,9,-101.235473155975,19.6676295881167
17501,17502,2018,"180984462",2018/09/21,"08:50:00",COLISIÓN POR CORTE DE CIRCULACIÓN,CONCRETO,Bueno,Bueno,2,BMW,AZUL,0,,,,,0,0,Morelia,Sin datos,septiembre,viernes,9,-101.127401590347,19.7143639509743
17502,17503,2018,,2018/09/21,"09:50:00",COLISIÓN POR ALCANCE,ASFALTO,Bueno,Bueno,2,NISSAN,BLANCO,2,,57,MASCULINO,SIN DATOS,0,0,Paracho,2 de Septiembre,septiembre,viernes,10,-102.058482170105,19.6339378472526
17503,17504,2018,"180984193",2018/09/21,"09:50:00",COLISIÓN POR CAMBIO DE CARRIL,ASFALTO,Bueno,Regular,2,PEUGEOT,BLANCO,2,MINISTERIO PÚBLICO,0,MASCULINO,SIN DATOS,0,0,Morelia,Lomas de La Maestranza,septiembre,viernes,10,-101.331624984741,19.6847783854151
17504,17505,2018,,2018/09/21,"09:50:00",COLISIÓN POR ALCANCE,SIN_DATOS,Bueno,Bueno,2,NISSAN,BLANCO,2,,57,MASCULINO,SIN DATOS,0,0,Paracho,2 de Septiembre,septiembre,viernes,10,-102.05762386322,19.6347866689078
17505,17506,2018,"180984719",2018/09/21,10:05:00,COLISIÓN POR CAMBIO DE CARRIL,ASFALTO,Bueno,Bueno,2,HONDA,AZUL,2,,35,FEMENINO,SIN DATOS,0,0,Morelia,Los Manantiales de Morelia,septiembre,viernes,10,-101.242564916611,19.698374889592
17506,17507,2018,"180984728",2018/09/21,10:10:00,COLISIÓN POR ALCANCE,ASFALTO,Bueno,Bueno,2,FORD,VERDE,2,,34,MASCULINO,SIN DATOS,0,0,Morelia,Ricardo Flores Magon,septiembre,viernes,10,-101.24251127243,19.705768640305
17507,17508,2018,"180984743",2018/09/21,10:35:00,COLISIÓN POR ALCANCE,ASFALTO,Bueno,Bueno,2,HONDA,VERDE,2,,0,MASCULINO,SIN DATOS,0,0,Morelia,Los Manantiales de Morelia,septiembre,viernes,11,-101.242672204971,19.6985365052817
17508,17509,2018,,2018/09/21,11:00:00,COLISIÓN POR ALCANCE,ASFALTO,Bueno,Bueno,2,CHEVROLET,ROJO,2,,28,MASCULINO,SIN DATOS,0,0,Jacona,Sin datos,septiembre,viernes,11,-102.335801124573,19.9574160293615
17509,17510,2018,"180984156",2018/09/21,11:25:00,COLISIÓN POR ALCANCE,ASFALTO,Bueno,Regular,2,KIA,BLANCO,2,,54,MASCULINO,SIN DATOS,0,0,Morelia,Tinijaro,septiembre,viernes,11,-101.260425746441,19.6967814511642
17510,17511,2018,"180985542",2018/09/21,14:10:00,COLISIÓN POR ALCANCE,ASFALTO,Bueno,Bueno,2,DODGE,NARANJA,2,,45,MASCULINO,SIN DATOS,0,0,Morelia,Victor Manuel Tinoco Rubi,septiembre,viernes,14,-101.242940425873,19.7004758808272
17511,17512,2018,"180985579",2018/09/21,14:35:00,COLISIÓN CON PEATÓN,CONCRETO,Bueno,Bueno,1,CHEVROLET,PLATA,1,,,,,1,0,Morelia,Comision Federal de Electricidad,septiembre,viernes,15,-101.179983615875,19.6816669873661
17512,17513,2018,"180985815",2018/09/21,15:10:00,COLISIÓN POR ALCANCE,ASFALTO,Bueno,Bueno,2,NISSAN,BLANCO,2,,0,MASCULINO,SIN DATOS,0,0,Morelia,Americas Britania,septiembre,viernes,15,-101.14914894104,19.6945162665378
17513,17514,2018,"180985766",2018/09/21,15:50:00,COLISIÓN POR MANIOBRA DE REVERSA,ASFALTO,Bueno,Bueno,2,FORD,VERDE,2,,32,MASCULINO,SIN DATOS,0,0,Morelia,Tanganxoan (Guadalupe Victoria),septiembre,viernes,16,-101.285533905029,19.690293897035
17514,17515,2018,,2018/09/21,15:55:00,COLISIÓN POR CORTE DE CIRCULACIÓN,ASFALTO,Bueno,Bueno,2,VOLKSWAGEN,BLANCO,2,MINISTERIO PÚBLICO,56,MASCULINO,SIN DATOS,0,0,Morelia,Sin datos,septiembre,viernes,16,-101.157646179199,19.670392714238
17515,17516,2018,"180985750",2018/09/21,16:00:00,COLISIÓN CON PEATÓN,ASFALTO,Bueno,Bueno,1,MERCEDES BENZ,CAFE,0,MINISTERIO PÚBLICO,,,,0,0,Morelia,Centro,septiembre,viernes,16,-101.189832687378,19.7029253189536
17516,17517,2018,"180985879",2018/09/21,16:30:00,COLISIÓN POR CORTE DE CIRCULACIÓN,ASFALTO,Bueno,Bueno,2,NISSAN,GRIS,2,,41,MASCULINO,SIN DATOS,0,0,Morelia,Leona Vicario,septiembre,viernes,17,-101.212095022202,19.6686651345651
17517,17518,2018,"180986410",2018/09/21,18:25:00,COLISIÓN POR NO RESPETAR SEMÁFORO,ASFALTO,Bueno,Bueno,2,DODGE,AZUL,2,,37,MASCULINO,SIN DATOS,0,0,Morelia,Felix Ireta,septiembre,viernes,18,-101.191747784615,19.6824650465249
17518,17519,2018,"180986462",2018/09/21,18:33:00,COLISIÓN POR CORTE DE CIRCULACIÓN,ASFALTO,Nublado,Bueno,2,VOLKWAGEN,ROJO,2,MINISTERIO PÚBLICO,76,MASCULINO,SIN DATOS,0,0,Morelia,Alberto Oviedo Mota,septiembre,viernes,19,-101.195840835571,19.6815356607944
17519,17520,2018,"180986797",2018/09/21,19:30:00,COLISIÓN POR CAMBIO DE CARRIL,ASFALTO,Bueno,Bueno,2,KENWORTH,BLANCO/VERDE,2,,25,MASCULINO,SIN DATOS,0,0,Morelia,Los Manantiales de Morelia,septiembre,viernes,20,-101.240285038948,19.692738440321
17520,17521,2018,"180987277",2018/09/21,20:55:00,SUBIDA AL CAMELLÓN,ASFALTO,Lluvioso,Bueno,1,NISSAN,PLATA,1,,33,MASCULINO,SIN DATOS,0,0,Morelia,Tierra Y Libertad,septiembre,viernes,21,-101.230452060699,19.7157173420475
17521,17522,2018,"180987214",2018/09/21,21:15:00,COLISIÓN POR ALCANCE,ASFALTO,Lluvioso,Regular,3,FORD,AZUL,3,MINISTERIO PÚBLICO,22,MASCULINO,ALIENTO ETÍLICO,0,0,Morelia,Libertad,septiembre,viernes,21,-101.23698592186,19.6848693019817
17522,17523,2018,,2018/09/21,21:20:00,COLISIÓN POR CAMBIO DE CARRIL,ASFALTO,Bueno,Bueno,2,FORD,BLANCO,2,,18,MASCULINO,SIN DATOS,0,0,Morelia,Ana Maria Gallaga (Riviera Norte),septiembre,viernes,21,-101.222770214081,19.6767775254698
17523,17524,2018,"180904195",2018/09/21,21:30:00,COLISIÓN POR CORTE DE CIRCULACIÓN,ASFALTO,Nublado,Bueno,2,NISSAN,BLANCO Y ROSA,2,,,MASCULINO,SIN DATOS,0,0,Morelia,Industrial,septiembre,viernes,22,-101.197501122952,19.7122681921938
17524,17525,2018,"180987117",2018/09/21,21:30:00,COLISIÓN POR CORTE DE CIRCULACIÓN,CONCRETO,Lluvioso,Malo,2,CHEVROLET,AZUL,2,MINISTERIO PÚBLICO,28,MASCULINO,SIN DATOS,0,0,Morelia,Ventura Puente,septiembre,viernes,22,-101.190701723099,19.6924101463883
17525,17526,2018,"180987612",2018/09/21,22:00:00,SUBIDA AL CAMELLÓN,ASFALTO,Lluvioso,Bueno,1,FORD,VERDE,1,,,MASCULINO,SIN DATOS,0,0,Morelia,Reforma,septiembre,viernes,22,-101.240043640137,19.706475675069
17526,17527,2018,"180987269",2018/09/21,22:15:00,COLISIÓN POR ALCANCE,ASFALTO,Bueno,Bueno,2,WOLKSWAGEN,GRIS,2,,22,MASCULINO,SIN DATOS,0,0,Morelia,Elias Perez Avalos,septiembre,viernes,22,-101.169426441193,19.7133236500491
17527,17528,2018,"180987287",2018/09/21,22:30:00,COLISIÓN POR INVASIÓN DE CARRIL,ASFALTO,Bueno,Bueno,2,MERCEDES BENZ,AMARILLO/NARANJA,2,,23,MASCULINO,SIN DATOS,0,0,Morelia,Reforma,septiembre,viernes,23,-101.241202354431,19.7058898464865
17528,17529,2018,,2018/09/21,22:30:00,COLISIÓN POR ALCANCE,ASFALTO,Lluvioso,Malo,2,NISSAN,NEGRO,2,,0,MASCULINO,SIN DATOS,0,0,Morelia,Martires de Uruapan,septiembre,viernes,23,-101.197063922882,19.7249584748627
17529,17530,2018,"180987293",2018/09/21,23:00:00,COLISIÓN CONTRA OBJETO FIJO,CONCRETO,Nublado,Regular,2,CHEVROLET,BLANCO,1,,37,MASCULINO,ALIENTO ETÍLICO,0,0,Morelia,Jesus del Monte,septiembre,viernes,23,-101.157227754593,19.65823864449
17530,17531,2018,LEG18171,2018/09/22,"00:45:00",COLISIÓN POR ALCANCE,ASFALTO,Bueno,Bueno,1,FORD,NEGRO,1,,27,MASCULINO,SIN DATOS,0,0,Morelia,Sentimientos de La Nacion,septiembre,sábado,1,-101.235280036926,19.6812224969966
17531,17532,2018,"180987558",2018/09/22,"01:00:00",COLISIÓN POR CAMBIO DE CARRIL,ASFALTO,Nublado,Bueno,2,VOLKWAGEN,BLANCO,4,MINISTERIO PÚBLICO,20,MASCULINO,ALIENTO ETÍLICO,2,0,Morelia,Canteras de Morelia,septiembre,sábado,1,-101.174018383026,19.7165960301182
17532,17533,2018,"180990682",2018/09/22,"01:02:00",COLISIÓN POR CAMBIO DE CARRIL,ASFALTO,Lluvioso,Regular,3,VOLKWAGEN,NEGRO,0,MINISTERIO PÚBLICO,,,,0,0,Tarímbaro,Sin datos,septiembre,sábado,1,-101.16464138031,19.8038145728877
17533,17534,2018,"180987593",2018/09/22,"01:55:00",COLISIÓN POR CORTE DE CIRCULACIÓN,ASFALTO,Nublado,Bueno,2,VOLKSWAGEN,ROJO,2,MINISTERIO PÚBLICO,,MASCULINO,SIN DATOS,0,0,Morelia,Centro,septiembre,sábado,2,-101.187901496887,19.6984455964763
17534,17535,2018,,2018/09/22,"02:00:00",COLISIÓN POR ALCANCE,ASFALTO,Bueno,Bueno,2,TOYOTA,BLANCO,2,,0,MASCULINO,ALIENTO ETÍLICO,0,0,Morelia,Los Manantiales de Morelia,septiembre,sábado,2,-101.237597465515,19.6985567072314
17535,17536,2018,"180987623",2018/09/22,"02:15:00",COLISIÓN POR ALCANCE,ASFALTO,Bueno,Bueno,3,JEEP,BLANCO,3,,39,MASCULINO,SIN DATOS,0,0,Morelia,Nueva Chapultepec,septiembre,sábado,2,-101.175214648247,19.6869906738825
17536,17537,2018,"180987686",2018/09/22,"03:15:00",COLISIÓN POR ALCANCE,ASFALTO,Nublado,Bueno,2,VOLKSWAGEN,BLANCO,1,,33,MASCULINO,SIN DATOS,0,0,Morelia,Indeco Santiaguito,septiembre,sábado,3,-101.178776621819,19.720267278032
17537,17538,2018,"180987878",2018/09/22,"07:00:00",COLISIÓN POR ALCANCE,ASFALTO,Bueno,Bueno,3,NISSAN,BLANCO,3,,34,MASCULINO,SIN DATOS,0,0,Morelia,Francisco J Mujica,septiembre,sábado,7,-101.188287734985,19.72174686305
17538,17539,2018,,2018/09/22,"08:03:00",VOLCADURA,ASFALTO,Bueno,Bueno,1,MAZDA,ROJO,1,,0,MASCULINO,SIN DATOS,0,0,Zinapécuaro,Sin Nombre,septiembre,sábado,8,-100.845351219177,19.8620682741467
17539,17540,2018,,2018/09/22,10:15:00,COLISIÓN POR ALCANCE,CONCRETO,Lluvioso,Malo,2,FORD,NEGRO,2,,31,MASCULINO,CON CERTIFICADO,0,0,Zamora,El Carmen,septiembre,sábado,10,-102.287274599075,19.9895017474837
17540,17541,2018,,2018/09/22,11:08:00,COLISIÓN POR ALCANCE,ASFALTO,Bueno,Bueno,2,TOYOTA,GRIS,2,,,,SIN DATOS,0,0,Acuitzio,Las Peñas,septiembre,sábado,11,-101.342053413391,19.5139664570182
17541,17542,2018,"180988779",2018/09/22,13:10:00,COLISIÓN POR CORTE DE CIRCULACIÓN,ASFALTO,Bueno,Bueno,2,HONDA,GUINDA,2,,24,MASCULINO,SIN DATOS,0,0,Morelia,Chapultepec Norte,septiembre,sábado,13,-101.170451045036,19.6944960640781
17542,17543,2018,"180988839",2018/09/22,14:00:00,COLISIÓN POR CAMBIO DE CARRIL,ASFALTO,Bueno,Bueno,2,DINA,VERDE/BLANCO,2,,35,MASCULINO,SIN DATOS,0,0,Morelia,Jardines del Toreo,septiembre,sábado,14,-101.214101314545,19.6880917558381
17543,17544,2018,,2018/09/22,14:25:00,SALIDA DE SUPERFICIE DE RODAMIENTO,CONCRETO,Lluvioso,Bueno,1,DODGE,ROJO,1,,38,MASCULINO,SIN DATOS,0,0,Morelia,Torreon Nuevo,septiembre,sábado,14,-101.194278400738,19.7341670872851
17544,17545,2018,,2018/09/22,15:50:00,SALIDA DE SUPERFICIE DE RODAMIENTO,ASFALTO,Lluvioso,Bueno,1,INTERNATIONAL,BLANCO,1,,41,MASCULINO,SIN DATOS,0,0,Zacapu,Los Corrales,septiembre,sábado,16,-101.774125099182,19.7917816962631
17545,17546,2018,"180989250",2018/09/22,16:07:00,COLISIÓN POR CORTE DE CIRCULACIÓN,CONCRETO,Bueno,Bueno,2,NISSAN,AZUL,2,,29,FEMENINO,SIN DATOS,0,0,Morelia,Industrial,septiembre,sábado,16,-101.201225370169,19.7129095477975
17546,17547,2018,"180989388",2018/09/22,16:47:00,COLISIÓN CON PEATÓN,CONCRETO,Bueno,Bueno,1,NISSAN,BLANCO Y ROSA,1,,40,MASCULINO,SIN DATOS,0,0,Morelia,Torreon Nuevo,septiembre,sábado,17,-101.201838254929,19.7434997259832
17547,17548,2018,"180989753",2018/09/22,18:20:00,COLISIÓN POR MANIOBRA DE REVERSA,ASFALTO,Lluvioso,Malo,2,CHEVROLET,BLANCO,2,,22,MASCULINO,SIN DATOS,0,0,Morelia,Hospitales de Don Vasco,septiembre,sábado,18,-101.155495047569,19.7011071829