fid,id_accidente,anio_origen,folio_c5i,dia_incidente,hora_ocurrencia,tipo_incidente_vial,superficie_ocurrencia,condiciones_climaticas,condiciones_via,numero_vehiculos_involucrados,marca_vehiculo_ocasiona_siniestro,color_vehiculo_ocasiona_siniestro,numero_personas_involucradas,lugar_remite_presunto_responsable,edad_presunto_responsable,sexo_presunto_responsable,resultados_toxicologia,numero_personas_lesionadas,numero_personas_fallecidas,municipio,colonia,mes,dia_semana,hora_redondeada,lon,lat
17548,17549,2018,,2018/09/22,18:20:00,COLISIÓN POR ALCANCE,ASFALTO,Bueno,Bueno,2,FORD,BLANCO,2,,0,MASCULINO,SIN DATOS,1,0,Acuitzio,Sin datos,septiembre,sábado,18,-101.342439651489,19.5142496088066
17549,17550,2018,"180990088",2018/09/22,20:45:00,COLISIÓN POR CORTE DE CIRCULACIÓN,ASFALTO,Nublado,Bueno,1,NISSAN,BLANCO,1,,,MASCULINO,SIN DATOS,0,0,Morelia,Bosques de Oriente,septiembre,sábado,21,-101.152324676514,19.7181715966342
17550,17551,2018,"180987620",2018/09/22,20:45:00,COLISIÓN POR CAMBIO DE CARRIL,ASFALTO,Bueno,Bueno,3,CHEVROLET,GRIS,3,,0,MASCULINO,SIN DATOS,0,0,Morelia,Vasco de Quiroga,septiembre,sábado,21,-101.170998215675,19.7025162401428
17551,17552,2018,,2018/09/22,22:45:00,COLISIÓN POR CORTE DE CIRCULACIÓN,ASFALTO,Bueno,Bueno,2,VOLKSWAGEN,BLANCO,2,,17,MASCULINO,SIN DATOS,0,0,Lázaro Cárdenas,Centro,septiembre,sábado,23,-102.194137573242,17.9564032331589
17552,17553,2018,,2018/09/22,23:20:00,COLISIÓN POR CORTE DE CIRCULACIÓN,ASFALTO,Nublado,Regular,2,CHEVROLET,GUINDA,2,MINISTERIO PÚBLICO,,MASCULINO,SIN DATOS,0,0,Morelia,Vasco de Quiroga,septiembre,sábado,23,-101.171942353249,19.7021361999401
17553,17554,2018,,2018/09/22,23:35:00,COLISIÓN CONTRA OBJETO FIJO,CONCRETO,Lluvioso,Bueno,1,ITALIKA,BLANCO/ROJO,0,,,,,0,0,Pátzcuaro,Niños Heroes,septiembre,sábado,0,-101.6137611866,19.5216113812204
17554,17555,2018,"180990606",2018/09/23,"00:05:00",COLISIÓN POR ALCANCE,ASFALTO,Bueno,Bueno,3,TOYOTA,BLANCO,3,,31,MASCULINO,SIN DATOS,0,0,Morelia,San Pascual,septiembre,domingo,0,-101.267348527908,19.6953748687196
17555,17556,2018,"180990816",2018/09/23,"02:27:00",COLISIÓN POR ALCANCE,CONCRETO,Bueno,Malo,2,JEEP,GRIS,2,,41,MASCULINO,ALIENTO ETÍLICO,0,0,Morelia,Chapultepec Oriente,septiembre,domingo,2,-101.163058876991,19.6921525614468
17556,17557,2018,,2018/09/23,"03:00:00",COLISIÓN POR ALCANCE,ASFALTO,Bueno,Bueno,2,NISSAN,BLANCO,1,MINISTERIO PÚBLICO,,,SIN DATOS,0,0,Morelia,Lomas del Valle,septiembre,domingo,3,-101.230655908585,19.6878998246659
17557,17558,2018,"180990922",2018/09/23,"04:00:00",COLISIÓN POR ALCANCE,CONCRETO,Bueno,Bueno,2,FORD,BLANCO,1,MINISTERIO PÚBLICO,,,,1,0,Morelia,Mirador del Punhuato,septiembre,domingo,4,-101.156634986401,19.7019228214903
17558,17559,2018,"180990932",2018/09/23,"04:15:00",COLISIÓN POR NO RESPETAR SEMÁFORO,ASFALTO,Bueno,Bueno,2,NISSAN,AZUL,2,,0,MASCULINO,SIN DATOS,0,0,Morelia,Gertrudis Bocanegra,septiembre,domingo,4,-101.21071100235,19.7022334196127
17559,17560,2018,,2018/09/23,"04:40:00",COLISIÓN CONTRA OBJETO FIJO,ASFALTO,Bueno,Regular,1,FORD,AZUL,2,,,,,2,0,Peribán,Sin datos,septiembre,domingo,5,-102.437059879303,19.5402165636111
17560,17561,2018,"1809922441",2018/09/23,"05:00:00",COLISIÓN POR ALCANCE,ASFALTO,Bueno,Bueno,2,CHEVROLET,ROJO,2,,0,MASCULINO,SIN DATOS,0,0,Morelia,Industrial,septiembre,domingo,5,-101.198008060455,19.7070008988707
17561,17562,2018,,2018/09/23,"05:45:00",COLISIÓN CON PEATÓN,ASFALTO,Nublado,Regular,1,KENWORT,AZUL,0,,,,,0,0,Chilchota,Sin datos,septiembre,domingo,6,-102.14916229248,19.8070850968604
17562,17563,2018,,2018/09/23,"05:45:00",COLISIÓN CON PEATÓN,ASFALTO,Nublado,Regular,1,KENWORTH,AZUL,1,MINISTERIO PÚBLICO,0,,SIN DATOS,0,0,Vista Hermosa,Sin datos,septiembre,domingo,6,-102.46527671814,20.2671892394586
17563,17564,2018,"180991041",2018/09/23,"06:45:00",VOLCADURA,ASFALTO,Bueno,Bueno,1,CHRYSLER,GRIS,1,,31,MASCULINO,SIN DATOS,0,0,Morelia,Sin datos,septiembre,domingo,7,-101.277723312378,19.6277938615307
17564,17565,2018,"180991568",2018/09/23,12:40:00,COLISIÓN POR CAMBIO DE CARRIL,ASFALTO,Bueno,Bueno,2,MAZDA,BLANCO,3,MINISTERIO PÚBLICO,24,MASCULINO,SIN DATOS,2,0,Morelia,Sin datos,septiembre,domingo,13,-101.26184463501,19.64056662088
17565,17566,2018,"180992419",2018/09/23,13:35:00,COLISIÓN POR CORTE DE CIRCULACIÓN,ASFALTO,Bueno,Bueno,2,HAVISTAR,BLANCO Y AZUL,2,,33,MASCULINO,SIN DATOS,0,0,Morelia,Sin datos,septiembre,domingo,14,-101.174254417419,19.6583901971662
17566,17567,2018,"1809691999",2018/09/23,14:40:00,COLISIÓN POR CAMBIO DE CARRIL,ASFALTO,Bueno,Bueno,2,HONDA,BLANCO,2,,50,FEMENINO,SIN DATOS,0,0,Morelia,Felix Ireta,septiembre,domingo,15,-101.19086265564,19.6864805370155
17567,17568,2018,"180992800",2018/09/23,16:30:00,COLISIÓN POR CAMBIO DE CARRIL,ASFALTO,Bueno,Bueno,2,CHEVROLET,GRIS,2,,53,MASCULINO,ALIENTO ETÍLICO,0,0,Tarímbaro,Sin datos,septiembre,domingo,17,-101.169093847275,19.7561420895488
17568,17569,2018,"180992414",2018/09/23,17:00:00,COLISIÓN CONTRA OBJETO FIJO,ASFALTO,Bueno,Bueno,1,NISSAN,GRIS,1,,52,FEMENINO,ALIENTO ETÍLICO,0,0,Tarímbaro,Sin datos,septiembre,domingo,17,-101.159813404083,19.7672285774744
17569,17570,2018,"180991646",2018/09/23,17:20:00,COLISIÓN POR ALCANCE,ASFALTO,Bueno,Bueno,2,KENWORTH,BLANCO,2,,26,MASCULINO,SIN DATOS,0,0,Morelia,La Soledad,septiembre,domingo,17,-101.183524131775,19.7272409018845
17570,17571,2018,"180992614",2018/09/23,18:10:00,VOLCADURA,ASFALTO,Nublado,Regular,1,NISSAN,GUINDA,1,,21,MASCULINO,SIN DATOS,0,0,Morelia,Felix Ireta,septiembre,domingo,18,-101.195712089539,19.6815407118184
17571,17572,2018,"180992859",2018/09/23,19:20:00,COLISIÓN POR ALCANCE,ASFALTO,Bueno,Regular,3,NISSAN,BLANCO,3,,38,MASCULINO,ALIENTO ETÍLICO,0,0,Morelia,La Luz,septiembre,domingo,19,-101.294996738434,19.6867179276409
17572,17573,2018,"180992893",2018/09/23,19:50:00,COLISIÓN POR CORTE DE CIRCULACIÓN,CONCRETO,Nublado,Bueno,2,NISSAN,BLANCO,2,,0,MASCULINO,SIN DATOS,0,0,Morelia,Ventura Puente,septiembre,domingo,20,-101.183513402939,19.6910010001695
17573,17574,2018,"180993149",2018/09/23,20:39:00,COLISIÓN POR CAMBIO DE CARRIL,ASFALTO,Bueno,Bueno,1,CHEVROLET,ROJO,0,,,,,0,0,Morelia,Valle Quieto,septiembre,domingo,21,-101.202886998653,19.6854223766496
17574,17575,2018,,2018/09/24,"00:00:00",COLISIÓN POR CORTE DE CIRCULACIÓN,ASFALTO,Nublado,Bueno,2,NISSAN,BLANCO,2,,41,MASCULINO,SIN DATOS,0,0,Lázaro Cárdenas,Centro,septiembre,lunes,0,-102.195382118225,17.9522594474271
17575,17576,2018,,2018/09/24,"04:30:00",SALIDA DE SUPERFICIE DE RODAMIENTO,ASFALTO,Lluvioso,Regular,1,VOLVO,BLANCO,0,,,,,0,0,Tlalpujahua,Sin datos,septiembre,lunes,5,-100.2392578125,19.7951332264513
17576,17577,2018,"180993819",2018/09/24,"08:10:00",COLISIÓN POR CAMBIO DE CARRIL,ASFALTO,Bueno,Bueno,2,CHEVROLET,NEGRO,2,,43,FEMENINO,SIN DATOS,0,0,Morelia,Independencia,septiembre,lunes,8,-101.177467703819,19.7050666526978
17577,17578,2018,"180993173",2018/09/24,"08:27:00",COLISIÓN POR CORTE DE CIRCULACIÓN,ASFALTO,Bueno,Bueno,2,VOLKWAGEN,GRIS,2,,38,FEMENINO,SIN DATOS,0,0,Morelia,La Esperanza,septiembre,lunes,8,-101.252784132957,19.6980314557094
17578,17579,2018,"180901840",2018/09/24,12:30:00,COLISIÓN POR CORTE DE CIRCULACIÓN,ASFALTO,Bueno,Bueno,2,SIN DATOS,SIN DATOS,2,,0,,SIN DATOS,0,0,Morelia,Sin datos,septiembre,lunes,13,-101.363618373871,19.528649245686
17579,17580,2018,,2018/09/24,12:40:00,COLISIÓN POR CAMBIO DE CARRIL,ASFALTO,Bueno,Bueno,2,CHEVROLET,BLANCO,2,,0,MASCULINO,SIN DATOS,0,0,Morelia,Juarez,septiembre,lunes,13,-101.195347309113,19.6956273978965
17580,17581,2018,"180994370",2018/09/24,13:05:00,COLISIÓN CON PEATÓN,CONCRETO,Bueno,Bueno,1,FORD,GRIS,2,,,MASCULINO,SIN DATOS,1,0,Morelia,Loma Colorada,septiembre,lunes,13,-101.211043596268,19.7557129522568
17581,17582,2018,LEG18211,2018/09/24,13:10:00,COLISIÓN CON PEATÓN,SIN_DATOS,Bueno,Bueno,2,HONDA,BLANCO,2,,0,FEMENINO,SIN DATOS,0,0,Morelia,Ejidal Ocolusen,septiembre,lunes,13,-101.159008741379,19.6878291131235
17582,17583,2018,"180994461",2018/09/24,13:25:00,COLISIÓN POR ALCANCE,ASFALTO,Bueno,Bueno,2,KENWORTH,BLANCO,2,,40,MASCULINO,SIN DATOS,0,0,Morelia,Lomas del Pedregal,septiembre,lunes,13,-101.284096240997,19.6906171445696
17583,17584,2018,,2018/09/24,13:40:00,COLISIÓN POR CORTE DE CIRCULACIÓN,ASFALTO,Bueno,Bueno,2,HONDA,AMARILLO,2,,74,MASCULINO,SIN DATOS,0,0,Contepec,Sin datos,septiembre,lunes,14,-100.213787555695,19.9503869536224
17584,17585,2018,"18099477",2018/09/24,15:10:00,COLISIÓN POR CORTE DE CIRCULACIÓN,CONCRETO,Bueno,Bueno,2,GM,BLANCO,2,,20,MASCULINO,SIN DATOS,0,0,Morelia,Villas Insurgentes,septiembre,lunes,15,-101.257671117783,19.6894352676018
17585,17586,2018,"180995299",2018/09/24,16:56:00,COLISIÓN POR ALCANCE,ASFALTO,Bueno,Bueno,2,CHEVROLET,GRIS,2,,40,MASCULINO,SIN DATOS,0,0,Morelia,Alberto Oviedo Mota,septiembre,lunes,17,-101.202256679535,19.6773129490274
17586,17587,2018,"180995414",2018/09/24,17:35:00,COLISIÓN POR NO RESPETAR SEMÁFORO,CONCRETO,Lluvioso,Malo,2,KURAZAI,NEGRO,2,,21,MASCULINO,SIN DATOS,0,0,Morelia,Loma Dorada,septiembre,lunes,18,-101.254463195801,19.6979910516748
17587,17588,2018,,2018/09/24,17:50:00,COLISIÓN POR ALCANCE,ASFALTO,Bueno,Bueno,2,CHEVROLET,BLANCO/AZUL,1,MINISTERIO PÚBLICO,19,MASCULINO,SIN DATOS,0,0,Morelia,Ventura Puente,septiembre,lunes,18,-101.179736852646,19.6909403914517
17588,17589,2018,"180995782",2018/09/24,19:10:00,COLISIÓN POR MANIOBRA DE REVERSA,ASFALTO,Bueno,Bueno,2,DODGE,BLANCO,2,,25,MASCULINO,SIN DATOS,0,0,Morelia,Nicolas Romero,septiembre,lunes,19,-101.148829758167,19.7046702050982
17589,17590,2018,"180995730",2018/09/24,19:15:00,COLISIÓN CONTRA OBJETO FIJO,ASFALTO,Bueno,Bueno,1,INFINITY,ROJO,1,,,MASCULINO,SIN DATOS,0,0,Morelia,Jardines de Torremolinos,septiembre,lunes,19,-101.225752830505,19.6769391629588
17590,17591,2018,,2018/09/24,20:50:00,COLISIÓN POR ALCANCE,ASFALTO,Bueno,Bueno,2,CHEVROLET,NEGRO,2,,35,MASCULINO,SIN DATOS,0,0,Pátzcuaro,Centro,septiembre,lunes,21,-101.607645750046,19.5152558048993
17591,17592,2018,,2018/09/24,21:05:00,COLISIÓN POR CORTE DE CIRCULACIÓN,ASFALTO,Lluvioso,Bueno,2,NISSAN,BLANCO,0,,,,,0,0,Quiroga,La Pacanda,septiembre,lunes,21,-101.534657478333,19.6688166773867
17592,17593,2018,"180996422",2018/09/24,23:20:00,COLISIÓN POR NO RESPETAR SEMÁFORO,ASFALTO,Bueno,Bueno,2,NISSAN,GRIS,2,,40,MASCULINO,SIN DATOS,0,0,Morelia,Canteras de Morelia,septiembre,lunes,23,-101.171658039093,19.7150204480749
17593,17594,2018,"1809968310",2018/09/24,23:31:00,COLISIÓN POR CORTE DE CIRCULACIÓN,ASFALTO,Bueno,Bueno,2,VOLKWAGEN,BLANCO,2,,29,MASCULINO,SIN DATOS,0,0,Morelia,Nueva Valladolid,septiembre,lunes,0,-101.210592985153,19.7009506202182
17594,17595,2018,,2018/09/24,23:45:00,COLISIÓN POR INVASIÓN DE CARRIL,ASFALTO,Nublado,Regular,3,FORD,AZUL,2,,50,MASCULINO,SIN DATOS,0,0,Puruándiro,Lomas de Agua Tibia,septiembre,lunes,0,-101.489596366882,20.0878961254965
17595,17596,2018,,2018/09/24,23:45:00,COLISIÓN CONTRA OBJETO FIJO,ASFALTO,Nublado,Bueno,1,CHEVROLET,BLANCO,1,,36,MASCULINO,SIN DATOS,0,0,Morelia,Sin datos,septiembre,lunes,0,-101.118636131287,19.6884150078186
17597,17598,2018,,2018/09/25,"00:07:00",COLISIÓN POR CORTE DE CIRCULACIÓN,ASFALTO,Bueno,Bueno,2,CRYSLER,BLANCO/VERDE,2,,,MASCULINO,SIN DATOS,0,0,Lázaro Cárdenas,Segundo Sector de Fidelac,septiembre,martes,0,-102.204694747925,17.9615981376697
17598,17599,2018,"180996788",2018/09/25,"01:32:00",COLISIÓN POR CAMBIO DE CARRIL,ASFALTO,Bueno,Bueno,2,CHEVROLET,NEGRO,2,,,MASCULINO,SIN DATOS,0,0,Morelia,Libertad,septiembre,martes,2,-101.236975193024,19.684909709328
17599,17600,2018,"180996660",2018/09/25,"06:10:00",COLISIÓN POR ALCANCE,ASFALTO,Bueno,Bueno,2,CHEVROLET,AZUL,2,,28,MASCULINO,SIN DATOS,0,0,Tarímbaro,Sin datos,septiembre,martes,6,-101.17294549942,19.7488516475028
17600,17601,2018,"180996874",2018/09/25,"08:05:00",COLISIÓN CONTRA OBJETO FIJO,ASFALTO,Nublado,Regular,1,SIN DATOS,SIN DATOS,0,,,,,0,0,Morelia,Arboledas de La Huerta,septiembre,martes,8,-101.223821640015,19.6677962862894
17601,17602,2018,,2018/09/25,"08:15:00",COLISIÓN POR CORTE DE CIRCULACIÓN,ASFALTO,Bueno,Bueno,2,VOLKSWAGEN,NEGRO,2,MINISTERIO PÚBLICO,35,MASCULINO,SIN DATOS,0,0,Zitácuaro,Sin datos,septiembre,martes,8,-100.391306877136,19.4119996361135
17602,17603,2018,"180996884",2018/09/25,"08:48:00",COLISIÓN POR CORTE DE CIRCULACIÓN,SIN_DATOS,Bueno,Bueno,2,SIN DATOS,SIN DATOS,2,,23,MASCULINO,SIN DATOS,1,0,Morelia,Prados Verdes,septiembre,martes,9,-101.197085380554,19.7166919785231
17603,17604,2018,"180996920",2018/09/25,"08:50:00",COLISIÓN POR ALCANCE,ASFALTO,Nublado,Bueno,2,NISSAN,GRIS,2,,53,MASCULINO,SIN DATOS,0,0,Morelia,Sentimientos de La Nacion,septiembre,martes,9,-101.235344409943,19.6812224969966
17604,17605,2018,,2018/09/25,"09:00:00",COLISIÓN POR CORTE DE CIRCULACIÓN,ASFALTO,Bueno,Bueno,1,SCANEA,AZUL,1,,48,MASCULINO,SIN DATOS,0,0,Morelia,Los Angeles,septiembre,martes,9,-101.177430152893,19.7403692736222
17605,17606,2018,"180997354",2018/09/25,11:30:00,COLISIÓN POR ALCANCE,ASFALTO,Bueno,Bueno,2,FORD,AZUL,2,,23,MASCULINO,SIN DATOS,0,0,Morelia,Quinceo,septiembre,martes,12,-101.224164962769,19.7255846306536
17606,17607,2018,"1800997964",2018/09/25,14:00:00,COLISIÓN POR CORTE DE CIRCULACIÓN,CONCRETO,Bueno,Bueno,2,NISSAN,VERDE,2,,0,,SIN DATOS,1,0,Morelia,Valle Verde,septiembre,martes,14,-101.189585924149,19.7278367513599
17607,17608,2018,,2018/09/25,14:25:00,SALIDA DE SUPERFICIE DE RODAMIENTO,ASFALTO,Bueno,Bueno,1,ITALIKA,BLANCO,2,,,,,2,0,Zitácuaro,Sin datos,septiembre,martes,14,-100.24178981781,19.4431629665439
17608,17609,2018,,2018/09/25,15:20:00,COLISIÓN POR CORTE DE CIRCULACIÓN,CONCRETO,Bueno,Bueno,2,NISSAN,PLATA,2,,58,MASCULINO,SIN DATOS,0,0,Pátzcuaro,Centro,septiembre,martes,15,-101.611089706421,19.5162013201433
17609,17610,2018,"18098622",2018/09/25,15:47:00,COLISIÓN POR INVASIÓN DE CARRIL,ASFALTO,Lluvioso,Malo,2,FORD,BLANCO,2,,23,MASCULINO,SIN DATOS,0,0,Morelia,Tzindurio Norte,septiembre,martes,16,-101.244699954987,19.7037889263415
17610,17611,2018,"180998611",2018/09/25,16:45:00,COLISIÓN POR CAMBIO DE CARRIL,ASFALTO,Bueno,Bueno,2,CHEVROLET,ROJO,2,,44,FEMENINO,SIN DATOS,0,0,Morelia,Jardines de Guadalupe,septiembre,martes,17,-101.222341060638,19.7125964453832
17611,17612,2018,"180999137",2018/09/25,19:10:00,COLISIÓN POR CORTE DE CIRCULACIÓN,ASFALTO,Lluvioso,Bueno,1,VOLKSWAGEN,GRIS,1,,24,MASCULINO,SIN DATOS,0,0,Morelia,Alberto Oviedo Mota,septiembre,martes,19,-101.199134588242,19.68113157836
17613,17614,2018,"180999727",2018/09/25,22:50:00,COLISIÓN POR NO RESPETAR SEMÁFORO,ASFALTO,Lluvioso,Malo,2,VOLKWAGEN,AZUL,2,,28,FEMENINO,SIN DATOS,0,0,Morelia,Arcos del Valle,septiembre,martes,23,-101.236288547516,19.7076978277912
17614,17615,2018,,2018/09/26,"01:00:00",COLISIÓN POR CAMBIO DE CARRIL,ASFALTO,Bueno,Bueno,2,SATURN,GRIS,1,,0,FEMENINO,SIN DATOS,0,0,Morelia,Fidel Velazquez,septiembre,miércoles,1,-101.234679222107,19.7025162401428
17615,17616,2018,"180999838",2018/09/26,"03:15:00",COLISIÓN CONTRA OBJETO FIJO,ASFALTO,Nublado,Regular,1,NISSAN,GRIS,1,,0,,SIN DATOS,0,0,Morelia,Alberto Oviedo Mota,septiembre,miércoles,3,-101.198238730431,19.6812123949285
17616,17617,2018,"180999889",2018/09/26,"05:56:00",COLISIÓN POR ALCANCE,ASFALTO,Bueno,Bueno,2,VOLKSWAGEN,VERDE,1,,,,SIN DATOS,0,0,Morelia,La Quemada,septiembre,miércoles,6,-101.24098777771,19.7058292434073
17617,17618,2018,"180999109",2018/09/26,"06:30:00",SALIDA DE SUPERFICIE DE RODAMIENTO,ASFALTO,Bueno,Bueno,1,MITSUBISHI,BLANCO,1,,50,MASCULINO,SIN DATOS,0,0,Morelia,Sin datos,septiembre,miércoles,7,-101.355850696564,19.6690187342593
17618,17619,2018,"180999991",2018/09/26,"07:30:00",COLISIÓN CONTRA OBJETO FIJO,ASFALTO,Lluvioso,Bueno,1,TOYOTA,BLANCO,1,,28,MASCULINO,SIN DATOS,0,0,Morelia,Alberto Oviedo Mota,septiembre,miércoles,8,-101.202192306519,19.6774240744473
17619,17620,2018,"180000017",2018/09/26,"07:30:00",COLISIÓN POR CORTE DE CIRCULACIÓN,ASFALTO,Bueno,Bueno,2,DODGE,AZUL,2,,47,MASCULINO,SIN DATOS,0,0,Morelia,Loma de Los Piñones,septiembre,miércoles,8,-101.205099821091,19.6741508934208
17620,17621,2018,"181000026",2018/09/26,"07:40:00",COLISIÓN CONTRA OBJETO FIJO,ASFALTO,Bueno,Bueno,1,CHEVROLET,BLANCO,2,,0,MASCULINO,SIN DATOS,1,0,Tarímbaro,Sin datos,septiembre,miércoles,8,-101.172688007355,19.7494171230676
17621,17622,2018,"181000036",2018/09/26,"07:40:00",COLISIÓN POR ALCANCE,ASFALTO,Nublado,Regular,3,VOLKSWAGEN,GRIS,3,,21,MASCULINO,SIN DATOS,0,0,Morelia,Los Manantiales de Morelia,septiembre,miércoles,8,-101.240290403366,19.6928192510319
17622,17623,2018,"180000126",2018/09/26,"08:00:00",COLISIÓN POR ALCANCE,ASFALTO,Bueno,Bueno,2,MITSUBISHI,GRIS,2,,39,MASCULINO,SIN DATOS,0,0,Morelia,Felix Ireta,septiembre,miércoles,8,-101.195658445358,19.6815785944931
17623,17624,2018,,2018/09/26,"08:10:00",COLISIÓN POR ALCANCE,ASFALTO,Bueno,Bueno,2,VOLKSWAGEN,ROJO,2,,28,FEMENINO,SIN DATOS,0,0,Morelia,Alberto Oviedo Mota,septiembre,miércoles,8,-101.202063560486,19.6778382685149
17624,17625,2018,"180999955",2018/09/26,"08:25:00",COLISIÓN POR INVASIÓN DE CARRIL,CONCRETO,Nublado,Regular,2,CHRYSLER,SIN DATOS,2,,0,MASCULINO,SIN DATOS,0,0,Morelia,Vistas de Altozano,septiembre,miércoles,8,-101.164662837982,19.6519238223688
17625,17626,2018,,2018/09/26,"08:50:00",COLISIÓN POR ALCANCE,ASFALTO,Nublado,Regular,2,VOLKSWAGEN,BLANCO,2,,28,MASCULINO,SIN DATOS,0,0,Morelia,Alberto Oviedo Mota,septiembre,miércoles,9,-101.202095746994,19.6777170410937
17626,17627,2018,"181000244",2018/09/26,"09:10:00",COLISIÓN POR ALCANCE,ASFALTO,Bueno,Bueno,2,VOLKSWAGEN,VERDE,2,MINISTERIO PÚBLICO,42,MASCULINO,SIN DATOS,0,0,Morelia,Dr Miguel Silva,septiembre,miércoles,9,-101.183942556381,19.7192724640229
17627,17628,2018,"18000196",2018/09/26,"09:30:00",COLISIÓN POR ALCANCE,ASFALTO,Bueno,Bueno,4,NISSAN,BLANCO,4,,42,MASCULINO,SIN DATOS,0,0,Morelia,Alberto Oviedo Mota,septiembre,miércoles,10,-101.197718381882,19.6811820887201
17628,17629,2018,"181000644",2018/09/26,10:10:00,COLISIÓN POR CORTE DE CIRCULACIÓN,ASFALTO,Bueno,Bueno,2,CHEVROLET,ARENA,2,,34,FEMENINO,SIN DATOS,0,0,Morelia,Chapultepec Norte,septiembre,miércoles,10,-101.177515983582,19.6932889624815
17629,17630,2018,"181000167",2018/09/26,10:45:00,COLISIÓN POR CORTE DE CIRCULACIÓN,CONCRETO,Bueno,Bueno,2,VOLKWAGEN,PLATA,2,,29,MASCULINO,SIN DATOS,0,0,Morelia,Ferrocarrilero,septiembre,miércoles,11,-101.216931045055,19.6980743849851
17630,17631,2018,"181000063",2018/09/26,11:20:00,SALIDA DE SUPERFICIE DE RODAMIENTO,ASFALTO,Bueno,Bueno,1,HONDA,NEGRO,0,,,,,0,0,Morelia,Bosques Tres Marias,septiembre,miércoles,11,-101.104023456573,19.7245141047485
17631,17632,2018,,2018/09/26,13:05:00,COLISIÓN POR CAMBIO DE CARRIL,ASFALTO,Bueno,Bueno,2,DINA,BLANCO,2,,39,MASCULINO,SIN DATOS,0,0,Morelia,El Realito,septiembre,miércoles,13,-101.204327344894,19.7257765166145
17632,17633,2018,"180994154",2018/09/26,14:00:00,COLISIÓN POR ALCANCE,ASFALTO,Nublado,Regular,2,CHEVROLET,GRIS,2,,0,MASCULINO,SIN DATOS,0,0,Morelia,Comision Federal de Electricidad,septiembre,miércoles,14,-101.181399822235,19.6816265792016
17633,17634,2018,"181001165",2018/09/26,14:20:00,COLISIÓN POR CORTE DE CIRCULACIÓN,ASFALTO,Bueno,Bueno,2,NISSAN,AZUL,2,,65,FEMENINO,SIN DATOS,0,0,Morelia,Centro,septiembre,miércoles,14,-101.191425919533,19.7047989875472
17634,17635,2018,,2018/09/26,14:46:00,COLISIÓN POR CORTE DE CIRCULACIÓN,ASFALTO,Bueno,Bueno,2,CHRYSLER,ROJO,2,,39,FEMENINO,SIN DATOS,0,0,Morelia,Centro,septiembre,miércoles,15,-101.187429428101,19.7029606713943
17635,17636,2018,"181001383",2018/09/26,16:30:00,COLISIÓN POR CORTE DE CIRCULACIÓN,ASFALTO,Bueno,Bueno,2,NISSAN,BLANCO/ROJO,2,,0,MASCULINO,SIN DATOS,0,0,Morelia,Lomas de La Maestranza,septiembre,miércoles,17,-101.33171081543,19.6851824586493
17636,17637,2018,"180298762",2018/09/26,17:50:00,COLISIÓN POR ALCANCE,ASFALTO,Lluvioso,Malo,2,INTERNACIONAL,BLANCO,2,MINISTERIO PÚBLICO,20,MASCULINO,SIN DATOS,0,0,Morelia,Centro,septiembre,miércoles,18,-101.189846098423,19.699016300899
17637,17638,2018,,2018/09/26,18:35:00,COLISIÓN POR CORTE DE CIRCULACIÓN,ASFALTO,Bueno,Bueno,1,HONDA,GRIS,1,,24,FEMENINO,SIN DATOS,0,0,Morelia,La Quemada,septiembre,miércoles,19,-101.238799095154,19.7016273739363
17638,17639,2018,"181001948",2018/09/26,19:20:00,COLISIÓN POR MANIOBRA DE REVERSA,TERRACERIA,Lluvioso,Bueno,2,VOLKSWAGEN,GRIS,2,,,FEMENINO,SIN DATOS,0,0,Morelia,Libertad,septiembre,miércoles,19,-101.238117814064,19.6874048432128
17639,17640,2018,,2018/09/26,20:55:00,SUBIDA AL CAMELLÓN,ASFALTO,Lluvioso,Bueno,1,FORD,BLANCO,1,,50,MASCULINO,ALIENTO ETÍLICO,0,0,Morelia,La Quemada,septiembre,miércoles,21,-101.241052150726,19.705798941859
17640,17641,2018,"181002436",2018/09/26,21:40:00,COLISIÓN POR CORTE DE CIRCULACIÓN,ASFALTO,Nublado,Regular,2,NISSAN,BLANCO Y ROJO,2,,0,MASCULINO,SIN DATOS,0,0,Morelia,Centro,septiembre,miércoles,22,-101.18891403079,19.7027346681565
17641,17642,2018,"181005530",2018/09/27,"00:00:00",SUBIDA AL CAMELLÓN,ASFALTO,Bueno,Bueno,1,NISSAN,BLANCO Y ROJO,1,,52,MASCULINO,SIN DATOS,0,0,Morelia,Francisco J Mujica,septiembre,jueves,0,-101.188277006149,19.7215246736824
17642,17643,2018,"181005944",2018/09/27,"05:34:00",COLISIÓN CONTRA OBJETO FIJO,ASFALTO,Bueno,Bueno,1,FORD,GRIS,1,,,MASCULINO,ALIENTO ETÍLICO,0,0,Morelia,Ana Maria Gallaga (Riviera Norte),septiembre,jueves,6,-101.222673654556,19.6768583442347