fid,id_accidente,anio_origen,folio_c5i,dia_incidente,hora_ocurrencia,tipo_incidente_vial,superficie_ocurrencia,condiciones_climaticas,condiciones_via,numero_vehiculos_involucrados,marca_vehiculo_ocasiona_siniestro,color_vehiculo_ocasiona_siniestro,numero_personas_involucradas,lugar_remite_presunto_responsable,edad_presunto_responsable,sexo_presunto_responsable,resultados_toxicologia,numero_personas_lesionadas,numero_personas_fallecidas,municipio,colonia,mes,dia_semana,hora_redondeada,lon,lat
17643,17644,2018,"181002758",2018/09/27,"07:30:00",SALIDA DE SUPERFICIE DE RODAMIENTO,ASFALTO,Bueno,Bueno,1,NISSAN,BLANCO/CAFE,1,,59,MASCULINO,SIN DATOS,0,0,Morelia,Nicolaitas Ilustres,septiembre,jueves,8,-101.22832775116,19.7194441582534
17644,17645,2018,"181002820",2018/09/27,"07:30:00",COLISIÓN POR ALCANCE,CONCRETO,Bueno,Bueno,2,NISSAN,AZUL,2,,22,MASCULINO,SIN DATOS,0,0,Morelia,Solidaridad,septiembre,jueves,8,-101.203364212739,19.7362778640611
17645,17646,2018,"181003029",2018/09/27,"09:20:00",COLISIÓN POR MANIOBRA DE REVERSA,CONCRETO,Bueno,Bueno,2,FORD,GRIS,1,,0,FEMENINO,SIN DATOS,0,0,Morelia,Dr Miguel Silva,septiembre,jueves,9,-101.187536716461,19.7172828174318
17646,17647,2018,"181003034",2018/09/27,"09:25:00",COLISIÓN POR ALCANCE,ASFALTO,Bueno,Bueno,2,VOLKWAGEN,BLANCO,2,,22,MASCULINO,SIN DATOS,0,0,Morelia,Felix Ireta,septiembre,jueves,9,-101.191914081573,19.6824953524906
17647,17648,2018,,2018/09/27,"09:40:00",COLISIÓN POR ALCANCE,ASFALTO,Bueno,Bueno,2,NISSAN,VERDE,2,,45,MASCULINO,SIN DATOS,0,0,Contepec,Sin datos,septiembre,jueves,10,-100.173683166504,19.900004437207
17648,17649,2018,"1810003215",2018/09/27,"09:50:00",COLISIÓN POR CORTE DE CIRCULACIÓN,ASFALTO,Bueno,Bueno,2,NISSAN,VERDE,2,,21,MASCULINO,SIN DATOS,0,0,Morelia,Centro,septiembre,jueves,10,-101.198394298553,19.7049908984554
17649,17650,2018,"181003118",2018/09/27,10:20:00,COLISIÓN POR CORTE DE CIRCULACIÓN,CONCRETO,Bueno,Bueno,2,MAZDA,ROJO,2,MINISTERIO PÚBLICO,28,MASCULINO,SIN DATOS,0,0,Morelia,Ventura Puente,septiembre,jueves,10,-101.184124946594,19.6901878312954
17650,17651,2018,,2018/09/27,11:20:00,COLISIÓN POR MANIOBRA DE REVERSA,ASFALTO,Bueno,Regular,2,FORD,BLANCO,2,,31,MASCULINO,SIN DATOS,0,0,Morelia,Adolfo Lopez Mateos,septiembre,jueves,11,-101.229094862938,19.7009405193948
17651,17652,2018,"181003368",2018/09/27,11:40:00,COLISIÓN POR CAMBIO DE CARRIL,ASFALTO,Bueno,Bueno,2,SEAT,AMARILLO,2,,25,FEMENINO,SIN DATOS,0,0,Morelia,La Loma,septiembre,jueves,12,-101.181480288506,19.680676984403
17653,17654,2018,"181003996",2018/09/27,13:05:00,COLISIÓN POR CORTE DE CIRCULACIÓN,ASFALTO,Bueno,Bueno,2,RAM,BLANCO,2,,,MASCULINO,SIN DATOS,0,0,Morelia,Nueva Chapultepec,septiembre,jueves,13,-101.164432168007,19.6884200586257
17654,17655,2018,,2018/09/27,13:45:00,VOLCADURA,ASFALTO,Bueno,Regular,1,NISSAN,ARENA,1,,49,MASCULINO,SIN DATOS,0,0,Tocumbo,Sin datos,septiembre,jueves,14,-102.531580924988,19.7051828091333
17655,17656,2018,"181003839",2018/09/27,13:50:00,COLISIÓN POR CAMBIO DE CARRIL,ASFALTO,Bueno,Bueno,2,NISSAN,BLANCO,2,,28,MASCULINO,SIN DATOS,0,0,Morelia,Insurgentes,septiembre,jueves,14,-101.154298782349,19.6951576933087
17656,17657,2018,"181003833",2018/09/27,14:10:00,COLISIÓN POR ALCANCE,ASFALTO,Bueno,Bueno,2,MINI COOPER,ROJO,2,,35,MASCULINO,SIN DATOS,0,0,Morelia,Lomas del Valle,septiembre,jueves,14,-101.230655908585,19.6879099263123
17657,17658,2018,"181004034",2018/09/27,14:40:00,VOLCADURA,ASFALTO,Bueno,Bueno,1,VOLKSWAGEN,PLATA,1,,24,MASCULINO,SIN DATOS,0,0,Tarímbaro,Sin datos,septiembre,jueves,15,-101.164727210999,19.8039155159911
17658,17659,2018,"181004084",2018/09/27,15:00:00,COLISIÓN POR ALCANCE,CONCRETO,Bueno,Bueno,2,NISSAN,BLANCO,2,,63,MASCULINO,SIN DATOS,0,0,Morelia,Balcones de Santa Maria,septiembre,jueves,15,-101.185669898987,19.6754263307068
17659,17660,2018,"181004221",2018/09/27,15:28:00,COLISIÓN POR ALCANCE,CONCRETO,Lluvioso,Bueno,3,CHEVROLET,BLANCO,3,,29,MASCULINO,SIN DATOS,0,0,Morelia,Chapultepec Norte,septiembre,jueves,15,-101.16605758667,19.6955465886032
17660,17661,2018,,2018/09/27,16:25:00,COLISIÓN CON PEATÓN,ADOQUIN_EMPEDRADO,Bueno,Bueno,1,NISSAN,ROJO,1,,24,FEMENINO,SIN DATOS,0,0,Cuitzeo,Centro,septiembre,jueves,16,-101.139965057373,19.9675909945694
17661,17662,2018,"181004627",2018/09/27,16:55:00,COLISIÓN POR CORTE DE CIRCULACIÓN,ASFALTO,Bueno,Bueno,2,DINA,AZUL,2,,33,MASCULINO,SIN DATOS,0,0,Morelia,Cinco de Diciembre,septiembre,jueves,17,-101.165885925293,19.68413186612
17662,17663,2018,,2018/09/27,17:30:00,COLISIÓN POR CAMBIO DE CARRIL,ASFALTO,Bueno,Bueno,2,CHEVROLET,CAFE,2,,40,FEMENINO,SIN DATOS,0,0,Tingüindín,Sin datos,septiembre,jueves,18,-102.54638671875,19.8493939584228
17663,17664,2018,"181004775",2018/09/27,17:30:00,COLISIÓN POR CAMBIO DE CARRIL,ASFALTO,Nublado,Regular,2,KENWORTH,BLANCO,2,,58,MASCULINO,SIN DATOS,0,0,Morelia,Ana Maria Gallaga (Riviera Norte),septiembre,jueves,18,-101.222716569901,19.6768785489195
17664,17665,2018,"181004785",2018/09/27,18:15:00,COLISIÓN POR CORTE DE CIRCULACIÓN,ASFALTO,Bueno,Bueno,4,NISSAN,ARENA,3,,,FEMENINO,SIN DATOS,0,0,Morelia,Camelinas,septiembre,jueves,18,-101.174082756042,19.6820104563522
17665,17666,2018,"181005415",2018/09/27,21:10:00,COLISIÓN CON PEATÓN,ASFALTO,Bueno,Bueno,1,NISSAN,BLANCO,1,,40,MASCULINO,SIN DATOS,0,0,Morelia,Camelinas,septiembre,jueves,21,-101.174168586731,19.6820306603873
17666,17667,2018,"181008312",2018/09/28,"00:00:00",COLISIÓN POR CORTE DE CIRCULACIÓN,ASFALTO,Lluvioso,Malo,2,DODGE,ROJO,2,MINISTERIO PÚBLICO,0,FEMENINO,SIN DATOS,0,0,Morelia,Cuauhtemoc,septiembre,viernes,0,-101.182054281235,19.6941122168587
17667,17668,2018,"181008792",2018/09/28,"00:00:00",COLISIÓN POR CAMBIO DE CARRIL,ASFALTO,Lluvioso,Bueno,2,RENOULT,BLANCO,2,,38,MASCULINO,SIN DATOS,0,0,Morelia,Felix Ireta,septiembre,viernes,0,-101.190669536591,19.6908898841694
17668,17669,2018,,2018/09/28,"01:40:00",COLISIÓN POR CAMBIO DE CARRIL,ASFALTO,Lluvioso,Regular,3,DODGE,AZUL,4,MINISTERIO PÚBLICO,0,MASCULINO,SIN DATOS,1,0,Cuitzeo,El Embarcadero,septiembre,viernes,2,-101.135931015015,19.958908533121
17669,17670,2018,"181005846",2018/09/28,"02:15:00",CAIDA DE MOTOCICLETA,ASFALTO,Bueno,Bueno,1,DUCATY,ROJO,1,,46,MASCULINO,ALIENTO ETÍLICO,0,0,Morelia,Lomas de Las Americas Norte,septiembre,viernes,2,-101.148290634155,19.6949607200069
17670,17671,2018,"181005926",2018/09/28,"05:20:00",COLISIÓN CONTRA OBJETO FIJO,ASFALTO,Nublado,Bueno,1,KIA,SIN DATOS,1,,,MASCULINO,SIN DATOS,0,0,Morelia,Victor Manuel Tinoco Rubi,septiembre,viernes,5,-101.242833137512,19.7004758808272
17671,17672,2018,,2018/09/28,10:50:00,SALIDA DE SUPERFICIE DE RODAMIENTO,ASFALTO,Bueno,Bueno,1,CHEVROLET,ROJO,1,,54,MASCULINO,SIN DATOS,0,0,Tarímbaro,Sin datos,septiembre,viernes,11,-101.124000549316,19.7704998528601
17672,17673,2018,,2018/09/28,12:00:00,CAIDA DE MOTOCICLETA,ASFALTO,Bueno,Bueno,1,ITALIKA,NEGRO/ROJO,2,,26,MASCULINO,SIN DATOS,1,0,Queréndaro,Francisco J Mujica,septiembre,viernes,12,-100.89955329895,19.804500984728
17673,17674,2018,"181007010",2018/09/28,14:20:00,COLISIÓN POR CAMBIO DE CARRIL,ASFALTO,Bueno,Bueno,2,MINI COOPER,AZUL,2,,18,MASCULINO,SIN DATOS,0,0,Morelia,Los Encinos,septiembre,viernes,14,-101.182106584311,19.6638889365654
17674,17675,2018,"181007667",2018/09/28,14:30:00,COLISIÓN POR ALCANCE,ASFALTO,Bueno,Bueno,3,LINCON,BLANCO,3,,35,MASCULINO,ALIENTO ETÍLICO,0,0,Morelia,Sin datos,septiembre,viernes,15,-101.277465820312,19.6278747049737
17675,17676,2018,"181007372",2018/09/28,15:40:00,COLISIÓN CONTRA OBJETO FIJO,CONCRETO,Bueno,Bueno,1,INTERNACIONAL,BLANCO,1,,27,MASCULINO,SIN DATOS,0,0,Morelia,La Loma,septiembre,viernes,16,-101.184719055891,19.6795291289203
17676,17677,2018,"1801007750",2018/09/28,17:10:00,COLISIÓN POR NO RESPETAR SEMÁFORO,TERRACERIA,Bueno,Bueno,2,FORD,ROJO,2,,0,MASCULINO,SIN DATOS,0,0,Morelia,Centro,septiembre,viernes,17,-101.205013990402,19.7024556357856
17678,17679,2018,"181008595",2018/09/28,21:10:00,COLISIÓN POR CAMBIO DE CARRIL,ASFALTO,Lluvioso,Bueno,2,NISSAN,BLANCO/CAFE,2,,25,MASCULINO,SIN DATOS,0,0,Morelia,Centro,septiembre,viernes,21,-101.190540790558,19.7022334196127
17679,17680,2018,,2018/09/28,22:00:00,CAIDA DE MOTOCICLETA,ASFALTO,Lluvioso,Bueno,1,VELOCID,NEGRO,1,MINISTERIO PÚBLICO,,,SIN DATOS,0,0,Jungapeo,Sin datos,septiembre,viernes,22,-100.487630367279,19.4723782135249
17680,17681,2018,"181008755",2018/09/28,22:40:00,COLISIÓN POR CORTE DE CIRCULACIÓN,ADOQUIN_EMPEDRADO,Lluvioso,Bueno,1,VOLVO,ARENA,0,,,,,0,0,Morelia,Las Margaritas,septiembre,viernes,23,-101.206569671631,19.7140003514203
17681,17682,2018,"181008661",2018/09/28,23:35:00,SUBIDA AL CAMELLÓN,ASFALTO,Lluvioso,Bueno,1,VOLVO,GRIS,1,,38,MASCULINO,SIN DATOS,0,0,Morelia,Arcos del Valle,septiembre,viernes,0,-101.236267089844,19.7076776269957
17682,17683,2018,"181008854",2018/09/28,23:35:00,COLISIÓN CONTRA OBJETO FIJO,ASFALTO,Nublado,Bueno,1,CHEVROLET,BLANCO,1,,0,MASCULINO,SIN DATOS,0,0,Morelia,Tres Puentes,septiembre,viernes,0,-101.213768720627,19.7027788587588
17683,17684,2018,,2018/09/28,23:35:00,COLISIÓN POR ALCANCE,ASFALTO,Lluvioso,Regular,2,FREIGHTLINER,BLANCO/ROJO,2,,0,MASCULINO,SIN DATOS,0,0,Morelia,Jardines de Guadalupe,septiembre,viernes,0,-101.233520507813,19.7114248309099
17684,17685,2018,"181009067",2018/09/29,"04:45:00",COLISIÓN POR CAMBIO DE CARRIL,ASFALTO,Lluvioso,Malo,2,VOLKWAGEN,AZUL,2,,25,MASCULINO,ALIENTO ETÍLICO,0,0,Morelia,Rinconada del Valle,septiembre,sábado,5,-101.218189001083,19.6793131947916
17685,17686,2018,"181009191",2018/09/29,"08:00:00",COLISIÓN POR CORTE DE CIRCULACIÓN,CONCRETO,Bueno,Bueno,1,SIN DATOS,SIN DATOS,1,,,,,1,0,Morelia,Infonavit Benito Juarez,septiembre,sábado,8,-101.197656691074,19.6841659599762
17686,17687,2018,"181009694",2018/09/29,"09:30:00",COLISIÓN POR CORTE DE CIRCULACIÓN,CONCRETO,Nublado,Bueno,2,NISSAN,BLANCO,2,,27,MASCULINO,SIN DATOS,0,0,Morelia,Felicitas del Rio,septiembre,sábado,10,-101.200304031372,19.6933849248662
17687,17688,2018,"181009549",2018/09/29,10:30:00,COLISIÓN POR CAMBIO DE CARRIL,ASFALTO,Bueno,Bueno,2,SEAT,VERDE,2,,22,MASCULINO,SIN DATOS,0,0,Morelia,Bosques de Oriente,septiembre,sábado,11,-101.155436038971,19.7158486405719
17688,17689,2018,"181009766",2018/09/29,10:30:00,COLISIÓN POR CORTE DE CIRCULACIÓN,CONCRETO,Nublado,Bueno,2,CHEVROLET,GRIS,2,,34,MASCULINO,SIN DATOS,0,0,Morelia,Ventura Puente,septiembre,sábado,11,-101.179444491863,19.6923470128626
17689,17690,2018,,2018/09/29,13:20:00,COLISIÓN POR ALCANCE,ASFALTO,Bueno,Bueno,3,FORD,ROJO,3,,35,MASCULINO,SIN DATOS,0,0,Morelia,Lomas de Vista Bella,septiembre,sábado,13,-101.2000405161,19.6722473558393
17690,17691,2018,"181010523",2018/09/29,14:45:00,COLISIÓN POR CORTE DE CIRCULACIÓN,CONCRETO,Bueno,Bueno,2,SIN DATOS,SIN DATOS,1,,,MASCULINO,SIN DATOS,0,0,Morelia,Cuauhtemoc,septiembre,sábado,15,-101.182934045792,19.6943647480277
17691,17692,2018,"181106561",2018/09/29,15:30:00,COLISIÓN POR CAMBIO DE CARRIL,ASFALTO,Bueno,Bueno,2,DODGE,ROJO,2,,48,FEMENINO,SIN DATOS,0,0,Morelia,Isaac Arriaga,septiembre,sábado,16,-101.174329519272,19.7064276978089
17692,17693,2018,,2018/09/29,15:35:00,COLISIÓN POR CORTE DE CIRCULACIÓN,ASFALTO,Bueno,Bueno,1,DODGE,CAFE ARENA,1,,57,MASCULINO,SIN DATOS,0,0,Zamora,Sin datos,septiembre,sábado,16,-102.278337478638,20.0293628264987
17693,17694,2018,"181010838",2018/09/29,16:10:00,COLISIÓN POR CAMBIO DE CARRIL,ASFALTO,Nublado,Regular,2,NISSAN,ROJO,2,,37,MASCULINO,SIN DATOS,0,0,Morelia,Libertad,septiembre,sábado,16,-101.238133907318,19.6874452499194
17694,17695,2018,"181010921",2018/09/29,17:20:00,COLISIÓN POR CORTE DE CIRCULACIÓN,ASFALTO,Lluvioso,Bueno,2,NISSAN,BLANCO,2,,58,FEMENINO,SIN DATOS,0,0,Morelia,Juarez,septiembre,sábado,17,-101.199671030045,19.6935768494629
17695,17696,2018,"181011212",2018/09/29,18:20:00,COLISIÓN POR ALCANCE,ASFALTO,Lluvioso,Bueno,3,SEAT,GRIS,3,,19,MASCULINO,SIN DATOS,0,0,Morelia,Felix Ireta,septiembre,sábado,18,-101.19203209877,19.6823135166107
17696,17697,2018,"181011762",2018/09/29,21:30:00,COLISIÓN CON PEATÓN,ASFALTO,Bueno,Bueno,1,NISSAN,BLANCO/ROJO,1,,,,,1,0,Morelia,Irrigacion,septiembre,sábado,22,-101.227195858955,19.7041575994206
17697,17698,2018,"1801011859",2018/09/29,21:53:00,COLISIÓN POR ALCANCE,ASFALTO,Lluvioso,Bueno,2,PEUGEOT,PLATA,1,,23,FEMENINO,SIN DATOS,0,0,Morelia,La Quemada,septiembre,sábado,22,-101.241073608398,19.7057787408237
17698,17699,2018,,2018/09/29,22:00:00,COLISIÓN CONTRA OBJETO FIJO,ASFALTO,Lluvioso,Regular,1,FORD,VERDE,1,,40,MASCULINO,SIN DATOS,0,0,Morelia,Felix Arreguin,septiembre,sábado,22,-101.228059530258,19.7193835603107
17700,17701,2018,"181012001",2018/09/29,22:35:00,SUBIDA AL CAMELLÓN,ASFALTO,Lluvioso,Bueno,1,CHEVROLET,GUINDA,1,,50,MASCULINO,SIN DATOS,0,0,Morelia,Francisco J Mujica,septiembre,sábado,23,-101.191313266754,19.7230395950624
17701,17702,2018,"181011985",2018/09/29,22:45:00,COLISIÓN POR CORTE DE CIRCULACIÓN,ASFALTO,Lluvioso,Regular,2,DODGE,ROJO,2,,31,MASCULINO,ALIENTO ETÍLICO,0,0,Morelia,Nueva Chapultepec,septiembre,sábado,23,-101.169877052307,19.6870474959577
17702,17703,2018,,2018/09/30,"02:30:00",COLISIÓN POR NO RESPETAR SEMÁFORO,ASFALTO,Bueno,Bueno,2,NISSAN,BLANCO,2,,0,MASCULINO,SIN DATOS,0,0,Morelia,Avicola Benito Juarez,septiembre,domingo,3,-101.279536485672,19.6914959705054
17703,17704,2018,"181012316",2018/09/30,"03:00:00",SUBIDA AL CAMELLÓN,ASFALTO,Bueno,Bueno,1,NISSAN,BLANCO,1,,0,,SIN DATOS,0,0,Morelia,Lindavista,septiembre,domingo,3,-101.21618270874,19.7039707378291
17704,17705,2018,"181012378",2018/09/30,"03:00:00",COLISIÓN POR ALCANCE,ASFALTO,Bueno,Bueno,2,VOLKSWAGEN,NEGRO,2,,25,MASCULINO,ALIENTO ETÍLICO,0,0,Morelia,Sentimientos de La Nacion,septiembre,domingo,3,-101.235730648041,19.6821114765021
17705,17706,2018,"181012326",2018/09/30,"03:13:00",COLISIÓN CONTRA OBJETO FIJO,CONCRETO,Nublado,Regular,1,NISSAN,BLANCO,1,MINISTERIO PÚBLICO,0,,SIN DATOS,0,0,Morelia,Alberto Oviedo Mota,septiembre,domingo,3,-101.19592666626,19.6826569842105
17706,17707,2018,"181521621",2018/09/30,"03:30:00",COLISIÓN POR INVASIÓN DE CARRIL,ASFALTO,Bueno,Bueno,2,HONDA,BLANCO,2,,35,FEMENINO,SIN DATOS,0,0,Morelia,Felix Ireta,septiembre,domingo,4,-101.19203209877,19.6879806378191
17707,17708,2018,"181012414",2018/09/30,"04:00:00",COLISIÓN POR CAMBIO DE CARRIL,CONCRETO,Lluvioso,Regular,2,HYUNDAY,ROJO,2,,29,MASCULINO,SIN DATOS,0,0,Morelia,Industrial,septiembre,domingo,4,-101.197965145111,19.7069806979871
17708,17709,2018,"181012402",2018/09/30,"04:06:00",COLISIÓN CONTRA OBJETO FIJO,ASFALTO,Nublado,Regular,1,NISSAN,PLATA,1,,0,,SIN DATOS,0,0,Morelia,Las Americas,septiembre,domingo,4,-101.159019470215,19.6881321623714
17709,17710,2018,"181012432",2018/09/30,"04:15:00",COLISIÓN POR ALCANCE,ASFALTO,Nublado,Regular,2,CHEVROLET,BLANCO,2,,55,MASCULINO,ALIENTO ETÍLICO,0,0,Morelia,Los Manantiales de Morelia,septiembre,domingo,4,-101.240354776382,19.6928293523679
17710,17711,2018,"181012434",2018/09/30,"04:45:00",SALIDA DE SUPERFICIE DE RODAMIENTO,ASFALTO,Lluvioso,Regular,1,FORD,GRIS,1,MINISTERIO PÚBLICO,,,,1,0,Morelia,Sin datos,septiembre,domingo,5,-101.260943412781,19.6402028538143
17711,17712,2018,,2018/09/30,"06:10:00",SALIDA DE SUPERFICIE DE RODAMIENTO,CONCRETO,Bueno,Bueno,1,FORD,GUINDA,1,,45,MASCULINO,ALIENTO ETÍLICO,0,0,Morelia,Loma Real,septiembre,domingo,6,-101.198898553848,19.7315026916101
17712,17713,2018,"181026825",2018/09/30,"09:50:00",COLISIÓN POR CORTE DE CIRCULACIÓN,CONCRETO,Nublado,Regular,2,MAZDA,BLANCO,2,,35,MASCULINO,SIN DATOS,0,0,Morelia,Nueva Chapultepec,septiembre,domingo,10,-101.165113449097,19.6886372431767
17713,17714,2018,,2018/09/30,"09:50:00",COLISIÓN POR CORTE DE CIRCULACIÓN,ASFALTO,Bueno,Bueno,2,CHEVROLET,PLATA,3,,60,MASCULINO,SIN DATOS,1,0,Apatzingán,Lazaro Cardenas,septiembre,domingo,10,-102.345462441444,19.094488334624
17714,17715,2018,"181012829",2018/09/30,10:10:00,CAIDA DE MOTOCICLETA,ASFALTO,Bueno,Bueno,1,ITALIKA,NARANJA,1,,,,,1,0,Morelia,Barrio Alto,septiembre,domingo,10,-101.197139024734,19.7254432408508
17715,17716,2018,,2018/09/30,10:30:00,COLISIÓN POR CORTE DE CIRCULACIÓN,ASFALTO,Bueno,Bueno,2,DODGE,BLANCO/AZUL,2,,23,MASCULINO,SIN DATOS,0,0,Huandacareo,Centro,septiembre,domingo,11,-101.275411248207,19.9874348254691
17716,17717,2018,,2018/09/30,13:00:00,COLISIÓN POR CORTE DE CIRCULACIÓN,ASFALTO,Bueno,Bueno,2,NISSAN,BCO / ROJO,2,,39,MASCULINO,SIN DATOS,0,0,Apatzingán,Morelos,septiembre,domingo,13,-102.363283038139,19.0896420417363
17717,17718,2018,,2018/09/30,13:05:00,COLISIÓN POR CORTE DE CIRCULACIÓN,ASFALTO,Bueno,Bueno,1,CHEVROLET,BLANCO,1,,0,MASCULINO,SIN DATOS,0,0,Morelia,Nicolaitas Ilustres,septiembre,domingo,13,-101.227555274963,19.7204541205817
17718,17719,2018,,2018/09/30,13:20:00,COLISIÓN POR ALCANCE,ASFALTO,Bueno,Bueno,2,MERCURY,VERDE,2,,45,MASCULINO,SIN DATOS,0,0,Morelia,Francisco J Mujica,septiembre,domingo,13,-101.188255548477,19.7215953703328
17719,17720,2018,"181013676",2018/09/30,14:50:00,COLISIÓN POR ALCANCE,CONCRETO,Bueno,Bueno,2,NISSAN,BLANCO,2,,19,MASCULINO,SIN DATOS,0,0,Morelia,Isaac Arriaga,septiembre,domingo,15,-101.166336536407,19.7101724059466
17721,17722,2018,,2018/09/30,15:45:00,COLISIÓN POR CORTE DE CIRCULACIÓN,ASFALTO,Bueno,Bueno,2,HONDA,NEGRO,2,,27,MASCULINO,SIN DATOS,0,0,Morelia,Felix Ireta,septiembre,domingo,16,-101.188244819641,19.6875462666413
17722,17723,2018,"181014073",2018/09/30,16:20:00,COLISIÓN POR ALCANCE,ASFALTO,Bueno,Bueno,2,DODGE,BLANCO,2,,64,MASCULINO,SIN DATOS,0,0,Morelia,Loma de Los Piñones,septiembre,domingo,16,-101.206215620041,19.6734740235696
17723,17724,2018,,2018/09/30,17:00:00,COLISIÓN POR CAMBIO DE CARRIL,ASFALTO,Nublado,Regular,2,YAMAHA,AZUL,3,MINISTERIO PÚBLICO,19,MASCULINO,SIN DATOS,1,0,Morelia,Villa Magna,septiembre,domingo,17,-101.324511766434,19.6770957491207
17724,17725,2018,,2018/09/30,20:10:00,COLISIÓN CON PEATÓN,SIN_DATOS,Bueno,Bueno,1,FORD,NEGRO,0,,,,,0,0,Pátzcuaro,Centro,septiembre,domingo,20,-101.609361,19.515744
17725,17726,2018,,2018/09/30,21:00:00,COLISIÓN POR CORTE DE CIRCULACIÓN,ASFALTO,Lluvioso,Regular,2,VENTO,NEGRO,2,,0,MASCULINO,SIN DATOS,0,0,Morelia,El Lago 1,septiembre,domingo,21,-101.212191581726,19.7266955461799
17726,17727,2018,,2018/09/30,21:00:00,VOLCADURA,ASFALTO,Bueno,Bueno,1,CHEVROLET,GUINDA,1,,0,,SIN DATOS,0,0,Tarímbaro,Centro,septiembre,domingo,21,-101.175670623779,19.7941641165398
17727,17728,2018,"181015284",2018/09/30,22:27:00,COLISIÓN POR CAMBIO DE CARRIL,ASFALTO,Lluvioso,Malo,2,GMC,GRIS,2,,0,MASCULINO,SIN DATOS,0,0,Morelia,La Soledad,septiembre,domingo,22,-101.183331012726,19.7281195266046
17728,17729,2018,,2018/09/30,22:30:00,COLISIÓN POR CORTE DE CIRCULACIÓN,ASFALTO,Bueno,Bueno,2,VW,ARENA,2,,25,MASCULINO,SIN DATOS,0,0,Apatzingán,Centro,septiembre,domingo,23,-102.354281544685,19.0866510579652
17729,17730,2018,"181015453",2018/09/30,23:30:00,COLISIÓN POR CORTE DE CIRCULACIÓN,SIN_DATOS,Bueno,Regular,1,NISSAN,BLANCO,1,,57,MASCULINO,SIN DATOS,0,0,Morelia,San Pascual,septiembre,domingo,0,-101.268019080162,19.6971981204307
17730,17731,2018,,2018/10/01,"00:00:00",COLISIÓN POR INVASIÓN DE CARRIL,ASFALTO,Lluvioso,Regular,2,NISSAN,BLANCO,1,MINISTERIO PÚBLICO,0,,SIN DATOS,0,0,Tacámbaro,Sin datos,octubre,lunes,0,-101.458525657654,19.2167493361979
17731,17732,2018,,2018/10/01,"01:00:00",COLISIÓN CONTRA OBJETO FIJO,ASFALTO,Lluvioso,Regular,1,PONTIAC,VERDE,1,,0,,SIN DATOS,0,0,Tarímbaro,De La Cruz,octubre,lunes,1,-101.174930334091,19.7958499601948
17732,17733,2018,"181015827",2018/10/01,"07:40:00",COLISIÓN POR ALCANCE,ASFALTO,Nublado,Regular,2,NISSAN,VINO,2,,50,FEMENINO,SIN DATOS,0,0,Morelia,Felix Ireta,octubre,lunes,8,-101.195905208588,19.6822731086094
17733,17734,2018,"181017420",2018/10/01,"08:00:00",COLISIÓN POR CAMBIO DE CARRIL,ASFALTO,Nublado,Bueno,2,SEAT,VERDE,2,,,FEMENINO,SIN DATOS,0,0,Morelia,Jardines del Rincon,octubre,lunes,8,-101.15315079689,19.6865057913541
17734,17735,2018,"181015835",2018/10/01,"08:30:00",COLISIÓN POR CORTE DE CIRCULACIÓN,CONCRETO,Bueno,Bueno,2,FORD,VERDE,2,,65,MASCULINO,SIN DATOS,0,0,Morelia,Agustin Arriaga Rivera,octubre,lunes,9,-101.225779652596,19.6873341314518
17735,17736,2018,"181015975",2018/10/01,10:30:00,COLISIÓN POR CAMBIO DE CARRIL,ASFALTO,Bueno,Bueno,2,TOYOTA,BLANCO,2,,48,MASCULINO,SIN DATOS,0,0,Morelia,Elias Perez Avalos,octubre,lunes,11,-101.169426441193,19.7133337500906
17736,17737,2018,"181016236",2018/10/01,11:40:00,COLISIÓN POR CAMBIO DE CARRIL,ASFALTO,Bueno,Bueno,2,FORD,BLANCO/AZUL,2,,47,MASCULINO,SIN DATOS,0,0,Morelia,Leandro Valle,octubre,lunes,12,-101.228778362274,19.7188987759428
17737,17738,2018,"1810663310",2018/10/01,12:02:00,COLISIÓN POR ALCANCE,ASFALTO,Bueno,Bueno,2,RENOULT,GRIS,2,,72,MASCULINO,ALIENTO ETÍLICO,0,0,Morelia,Chapultepec Oriente,octubre,lunes,12,-101.159062385559,19.688111959106
17738,17739,2018,"181006750",2018/10/01,12:05:00,COLISIÓN POR CORTE DE CIRCULACIÓN,ASFALTO,Bueno,Bueno,2,NISSAN,BLANCO/GRIS,2,,25,MASCULINO,ALIENTO ETÍLICO,0,0,Morelia,Cinco de Diciembre,octubre,lunes,12,-101.163353919983,19.6861623320081
17739,17740,2018,LEG18369,2018/10/01,12:29:00,COLISIÓN POR CORTE DE CIRCULACIÓN,ASFALTO,Bueno,Bueno,2,FORD,BLANCO,2,,0,FEMENINO,SIN DATOS,0,0,Morelia,Jardines de Guadalupe,octubre,lunes,12,-101.227152943611,19.7127176463905