fid,id_accidente,anio_origen,folio_c5i,dia_incidente,hora_ocurrencia,tipo_incidente_vial,superficie_ocurrencia,condiciones_climaticas,condiciones_via,numero_vehiculos_involucrados,marca_vehiculo_ocasiona_siniestro,color_vehiculo_ocasiona_siniestro,numero_personas_involucradas,lugar_remite_presunto_responsable,edad_presunto_responsable,sexo_presunto_responsable,resultados_toxicologia,numero_personas_lesionadas,numero_personas_fallecidas,municipio,colonia,mes,dia_semana,hora_redondeada,lon,lat
17741,17742,2018,"181016486",2018/10/01,13:38:00,COLISIÓN CON PEATÓN,ASFALTO,Bueno,Bueno,1,SIN DATOS,SIN DATOS,1,,,,,1,0,Morelia,Quinceo,octubre,lunes,14,-101.225624084473,19.7281043779435
17742,17743,2018,"181016506",2018/10/01,13:45:00,COLISIÓN CON PEATÓN,ASFALTO,Bueno,Bueno,1,MAZDA,GRIS,2,,21,MASCULINO,SIN DATOS,1,0,Morelia,Ventura Puente,octubre,lunes,14,-101.180745363235,19.689485775343
17743,17744,2018,,2018/10/01,14:49:00,COLISIÓN POR ALCANCE,ASFALTO,Bueno,Bueno,3,FORD,BLANCO,3,,56,MASCULINO,SIN DATOS,0,0,Morelia,Tenencia Morelos,octubre,lunes,15,-101.247124671936,19.6497211539429
17744,17745,2018,,2018/10/01,14:50:00,COLISIÓN POR CAMBIO DE CARRIL,ASFALTO,Bueno,Bueno,2,NISSAN,VERDE,2,,,MASCULINO,SIN DATOS,0,0,Morelia,Union,octubre,lunes,15,-101.157324314117,19.7099148495972
17745,17746,2018,,2018/10/01,14:50:00,VOLCADURA,ASFALTO,Bueno,Bueno,1,FORD,BLANCO,1,MINISTERIO PÚBLICO,,,SIN DATOS,0,0,Hidalgo,Sin datos,octubre,lunes,15,-100.701026916504,19.6684933858608
17746,17747,2018,"180107203",2018/10/01,16:03:00,COLISIÓN POR CORTE DE CIRCULACIÓN,ASFALTO,Bueno,Bueno,2,GENERALMOTORS,GRIS,2,,27,MASCULINO,SIN DATOS,0,0,Morelia,Chapultepec Sur,octubre,lunes,16,-101.176000535488,19.6917939621126
17747,17748,2018,"181017349",2018/10/01,17:25:00,COLISIÓN POR CAMBIO DE CARRIL,ASFALTO,Nublado,Bueno,2,FORD,NEGRO,2,,40,MASCULINO,SIN DATOS,0,0,Morelia,Loma Real,octubre,lunes,17,-101.199021935463,19.7303817105449
17748,17749,2018,"181007895",2018/10/01,17:45:00,COLISIÓN POR CAMBIO DE CARRIL,ASFALTO,Lluvioso,Regular,2,MAZDA,GRIS,2,,34,MASCULINO,SIN DATOS,0,0,Morelia,La Loma,octubre,lunes,18,-101.181555390358,19.6798738652595
17749,17750,2018,,2018/10/01,17:55:00,COLISIÓN POR ALCANCE,ASFALTO,Nublado,Regular,2,VOLKWAGEN,BLANCO,2,,20,FEMENINO,SIN DATOS,0,0,Morelia,Camelinas,octubre,lunes,18,-101.173815876245,19.6819056478794
17750,17751,2018,"181017900",2018/10/01,18:59:00,COLISIÓN POR ALCANCE,ASFALTO,Bueno,Bueno,2,MAZDA,BLANCO,2,,56,FEMENINO,SIN DATOS,0,0,Morelia,Felix Ireta,octubre,lunes,19,-101.181464195251,19.6817882117982
17751,17752,2018,"181017806",2018/10/01,20:00:00,COLISIÓN POR ALCANCE,ASFALTO,Bueno,Bueno,2,NISSAN,NARANJA,2,,37,MASCULINO,SIN DATOS,0,0,Morelia,Alberto Oviedo Mota,octubre,lunes,20,-101.196012496948,19.681586171027
17752,17753,2018,,2018/10/01,22:45:00,COLISIÓN POR CAMBIO DE CARRIL,ASFALTO,Bueno,Bueno,2,TOYOTA,BLANCO,0,MINISTERIO PÚBLICO,,,,0,0,Morelia,La Soledad,octubre,lunes,23,-101.183180809021,19.7298767615495
17753,17754,2018,"181018217",2018/10/01,22:50:00,COLISIÓN POR MANIOBRA DE REVERSA,ADOQUIN_EMPEDRADO,Bueno,Bueno,2,FORD,AZUL,2,,,,SIN DATOS,0,0,Morelia,Paseo de Las Lomas,octubre,lunes,23,-101.148080080748,19.6996577096352
17754,17755,2018,"181008861",2018/10/01,23:40:00,COLISIÓN POR ALCANCE,CONCRETO,Bueno,Bueno,2,VOLKWAGEN,BLANCO/ROJO,2,,46,MASCULINO,SIN DATOS,0,0,Morelia,Felix Ireta,octubre,lunes,0,-101.180444955826,19.6875058599602
17755,17756,2018,,2018/10/02,"00:00:00",COLISIÓN POR ALCANCE,ASFALTO,Bueno,Bueno,2,CHYSLER,BLANCO,2,MINISTERIO PÚBLICO,0,MASCULINO,SIN DATOS,0,0,Morelia,Tzindurio Norte,octubre,martes,0,-101.246030330658,19.6996880123465
17756,17757,2018,,2018/10/02,"01:25:00",COLISIÓN POR CORTE DE CIRCULACIÓN,CONCRETO,Nublado,Regular,2,RENAULT,GRIS,2,,20,MASCULINO,SIN DATOS,0,0,Pátzcuaro,Morelos,octubre,martes,1,-101.616797447205,19.5423600664836
17757,17758,2018,"181018555",2018/10/02,"07:20:00",COLISIÓN POR CAMBIO DE CARRIL,ASFALTO,Bueno,Bueno,2,NISSAN,BLANCO,2,,,MASCULINO,SIN DATOS,0,0,Morelia,Lomas de Morelia (Dr Ignacio Chavez),octubre,martes,7,-101.175112724304,19.7173030170139
17758,17759,2018,"181018672",2018/10/02,"08:00:00",COLISIÓN POR CORTE DE CIRCULACIÓN,ASFALTO,Bueno,Bueno,2,FREIGHTLINER,BLANCO,2,,,MASCULINO,SIN DATOS,0,0,Morelia,El Realito,octubre,martes,8,-101.204348802567,19.7257765166145
17759,17760,2018,"181231144",2018/10/02,"08:00:00",COLISIÓN POR CORTE DE CIRCULACIÓN,ASFALTO,Bueno,Bueno,2,JEEP,BLANCO,2,,0,FEMENINO,SIN DATOS,0,0,Morelia,Molino de Parras,octubre,martes,8,-101.205040812492,19.6985516567442
17760,17761,2018,"181018673",2018/10/02,"08:30:00",COLISIÓN POR CAMBIO DE CARRIL,ASFALTO,Bueno,Bueno,2,NISSAN,BLANCO Y ROJO,2,,40,MASCULINO,SIN DATOS,0,0,Morelia,Las Americas,octubre,martes,9,-101.153665781021,19.687536164972
17761,17762,2018,,2018/10/02,"09:00:00",COLISIÓN POR CORTE DE CIRCULACIÓN,ASFALTO,Bueno,Bueno,2,AUDI,GRIS,1,MINISTERIO PÚBLICO,62,MASCULINO,SIN DATOS,0,0,Morelia,Ejidal Ocolusen,octubre,martes,9,-101.158998012543,19.6877937573405
17762,17763,2018,,2018/10/02,"09:14:00",COLISIÓN POR INVASIÓN DE CARRIL,ASFALTO,Bueno,Bueno,2,NISSAN,BLANCO,2,,23,MASCULINO,SIN DATOS,0,0,Morelia,Leandro Valle,octubre,martes,9,-101.228799819946,19.7186967820222
17763,17764,2018,"181018856",2018/10/02,"09:50:00",COLISIÓN POR ALCANCE,ASFALTO,Bueno,Bueno,2,CHEVROLET,GRIS,2,,,MASCULINO,SIN DATOS,0,0,Morelia,Nicolaitas Ilustres,octubre,martes,10,-101.226160526276,19.7225245234043
17764,17765,2018,,2018/10/02,10:15:00,COLISIÓN POR CORTE DE CIRCULACIÓN,ASFALTO,Bueno,Bueno,2,ITALIKA,NEGRO Y AMARILLO,1,,42,MASCULINO,SIN DATOS,0,0,Morelia,La Soledad,octubre,martes,10,-101.183341741562,19.7281296257112
17765,17766,2018,"181011079",2018/10/02,10:30:00,COLISIÓN POR CORTE DE CIRCULACIÓN,ASFALTO,Bueno,Bueno,2,VOLKWAGEN,GRIS,2,,31,MASCULINO,SIN DATOS,0,0,Morelia,Centro,octubre,martes,11,-101.193319559097,19.7040212409835
17766,17767,2018,"181020168",2018/10/02,15:10:00,COLISIÓN POR CAMBIO DE CARRIL,ASFALTO,Bueno,Bueno,2,FORD,BLANCO Y VERDE,2,,0,MASCULINO,SIN DATOS,0,0,Morelia,Leandro Valle,octubre,martes,15,-101.229207515717,19.7182725939583
17767,17768,2018,,2018/10/02,15:30:00,COLISIÓN POR CORTE DE CIRCULACIÓN,ASFALTO,Nublado,Bueno,2,TSURU,BLANCO,2,,41,MASCULINO,SIN DATOS,0,0,Puruándiro,La Loma,octubre,martes,16,-101.516482830048,20.0965210869579
17768,17769,2018,,2018/10/02,15:30:00,COLISIÓN POR CORTE DE CIRCULACIÓN,ASFALTO,Nublado,Regular,2,TZUSU,BLANCO,2,,41,MASCULINO,SIN DATOS,0,0,Puruándiro,La Loma,octubre,martes,16,-101.515710353851,20.0965412381808
17769,17770,2018,,2018/10/02,15:50:00,COLISIÓN POR ALCANCE,ASFALTO,Bueno,Bueno,3,TOYOTA,AZUL,1,,,FEMENINO,SIN DATOS,0,0,Morelia,Nueva Valladolid,octubre,martes,16,-101.209734678268,19.7021122106611
17770,17771,2018,"181020283",2018/10/02,15:53:00,COLISIÓN POR ALCANCE,ASFALTO,Bueno,Bueno,3,CHEVROLET,ROJO,3,MINISTERIO PÚBLICO,33,MASCULINO,SIN DATOS,0,0,Morelia,Mirador del Punhuato,octubre,martes,16,-101.160156726837,19.704980797887
17771,17772,2018,,2018/10/02,17:00:00,VOLCADURA,CONCRETO,Bueno,Bueno,1,NISSAN,BLANCO,0,,,,,0,0,Morelia,El Durazno,octubre,martes,17,-101.181024312973,19.6567433170749
17772,17773,2018,"181020344",2018/10/02,17:10:00,COLISIÓN POR CORTE DE CIRCULACIÓN,ASFALTO,Bueno,Bueno,2,TOYOTA,BLANCO Y GRIS,2,,0,MASCULINO,SIN DATOS,0,0,Morelia,La Quemada,octubre,martes,17,-101.238949298859,19.7015465676727
17773,17774,2018,"181020077",2018/10/02,17:35:00,COLISIÓN CON PEATÓN,CONCRETO,Bueno,Bueno,1,YAMAHA,BLANCO Y ROJO,1,,,,,1,0,Morelia,Felix Ireta,octubre,martes,18,-101.195604801178,19.6830408588916
17774,17775,2018,"181020609",2018/10/02,19:29:00,COLISIÓN CON PEATÓN,ASFALTO,Lluvioso,Bueno,1,CHEVROLET,VERDE,1,MINISTERIO PÚBLICO,,,,1,0,Morelia,Ventura Puente,octubre,martes,19,-101.179844141006,19.6902433895487
17775,17776,2018,"181020687",2018/10/02,19:35:00,COLISIÓN POR CAMBIO DE CARRIL,ASFALTO,Lluvioso,Regular,2,FORD,BLANCO Y ROJO,2,,24,MASCULINO,SIN DATOS,0,0,Morelia,Dr Miguel Silva,octubre,martes,20,-101.187332868576,19.7207874067496
17776,17777,2018,,2018/10/02,20:10:00,SALIDA DE SUPERFICIE DE RODAMIENTO,ASFALTO,Bueno,Bueno,1,VOLKSWAGEN,BLANCO,2,,66,FEMENINO,SIN DATOS,1,0,Coeneo,Centro,octubre,martes,20,-101.583806,19.820481
17777,17778,2018,,2018/10/02,20:20:00,VOLCADURA,ASFALTO,Bueno,Bueno,1,INTERNATIONAL,BLANCO,1,,,MASCULINO,SIN DATOS,0,0,Juárez,Sin datos,octubre,martes,20,-100.421390533447,19.3266544191207
17779,17780,2018,"181021241",2018/10/02,22:00:00,COLISIÓN POR ALCANCE,CONCRETO,Bueno,Bueno,2,FORD,BLANCO,2,,16,FEMENINO,SIN DATOS,0,0,Morelia,Centro,octubre,martes,22,-101.182247400284,19.7029808727855
17780,17781,2018,"181021199",2018/10/02,23:45:00,COLISIÓN POR CORTE DE CIRCULACIÓN,ASFALTO,Nublado,Regular,2,DINAMO,VERDE,2,,37,MASCULINO,ALIENTO ETÍLICO,0,0,Morelia,Centro,octubre,martes,0,-101.195304393768,19.6987839789902
17781,17782,2018,"181021434",2018/10/03,"07:45:00",COLISIÓN POR CORTE DE CIRCULACIÓN,ASFALTO,Bueno,Bueno,2,HONDA,BLANCO,2,,26,MASCULINO,SIN DATOS,0,0,Morelia,Trinidad Salgado,octubre,miércoles,8,-101.231117248535,19.7034253027463
17782,17783,2018,"181021659",2018/10/03,"08:35:00",COLISIÓN POR CORTE DE CIRCULACIÓN,ASFALTO,Bueno,Bueno,2,HONDA,BLANCO,2,,0,MASCULINO,SIN DATOS,0,0,Morelia,El Lago 2,octubre,miércoles,9,-101.212009191513,19.7264026691999
17783,17784,2018,"181021676",2018/10/03,"08:40:00",COLISIÓN POR CAMBIO DE CARRIL,ASFALTO,Bueno,Bueno,2,TSURU,BLANCO/ROJO,2,,0,MASCULINO,SIN DATOS,0,0,Morelia,El Lago 2,octubre,miércoles,9,-101.212052106857,19.7263925699841
17784,17785,2018,"181021633",2018/10/03,"09:15:00",COLISIÓN POR CAMBIO DE CARRIL,ASFALTO,Bueno,Bueno,2,STERLING,BLANCO,2,,20,FEMENINO,SIN DATOS,0,0,Morelia,Plan de La Garita,octubre,miércoles,9,-101.188277006149,19.7126671459819
17785,17786,2018,"181021753",2018/10/03,10:00:00,COLISIÓN POR ALCANCE,ASFALTO,Bueno,Bueno,2,CHEVROLET,NEGRO,2,,40,MASCULINO,SIN DATOS,0,0,Morelia,Mirador de Los Angeles,octubre,miércoles,10,-101.169040203094,19.741459889799
17786,17787,2018,"181021894",2018/10/03,11:08:00,COLISIÓN CONTRA OBJETO FIJO,ASFALTO,Bueno,Bueno,2,SIN DATOS,SIN DATOS,1,,53,MASCULINO,SIN DATOS,0,0,Morelia,Centro,octubre,miércoles,11,-101.199536919594,19.6982587282142
17787,17788,2018,"181022006",2018/10/03,11:10:00,COLISIÓN POR CORTE DE CIRCULACIÓN,ASFALTO,Bueno,Bueno,2,TOYOTA,PLATA,2,,0,FEMENINO,SIN DATOS,0,0,Morelia,Felix Ireta,octubre,miércoles,11,-101.188352108002,19.6828640746133
17788,17789,2018,,2018/10/03,11:30:00,COLISIÓN POR ALCANCE,ASFALTO,Bueno,Bueno,2,CHEVROLET,NEGRO,1,MINISTERIO PÚBLICO,0,MASCULINO,SIN DATOS,0,0,Lázaro Cárdenas,Centro,octubre,miércoles,12,-102.191852,17.955388
17789,17790,2018,,2018/10/03,11:45:00,COLISIÓN POR CORTE DE CIRCULACIÓN,ASFALTO,Bueno,Bueno,2,ISUZU,BLANCO,2,MINISTERIO PÚBLICO,80,MASCULINO,SIN DATOS,0,0,Zacapu,Centro,octubre,miércoles,12,-101.790467,19.816037
17790,17791,2018,,2018/10/03,12:09:00,COLISIÓN POR NO RESPETAR SEMÁFORO,ASFALTO,Bueno,Bueno,1,CHEVROLET,ROJO,2,,68,MASCULINO,SIN DATOS,1,0,Maravatío,Maravatio,octubre,miércoles,12,-100.434114933014,19.8920244723422
17791,17792,2018,,2018/10/03,12:09:00,COLISIÓN POR CORTE DE CIRCULACIÓN,ASFALTO,Bueno,Bueno,1,CHEVROLET,ROJO,1,,68,MASCULINO,SIN DATOS,0,0,Maravatío,Maravatio,octubre,miércoles,12,-100.42982339859,19.8921959802412
17792,17793,2018,"181022159",2018/10/03,12:49:00,COLISIÓN POR CORTE DE CIRCULACIÓN,CONCRETO,Bueno,Bueno,2,HONDA,ROJO,2,,27,MASCULINO,SIN DATOS,0,0,Morelia,Cinco de Diciembre,octubre,miércoles,13,-101.165671348572,19.6845561447018
17793,17794,2018,"181022168",2018/10/03,12:55:00,COLISIÓN POR CAMBIO DE CARRIL,ASFALTO,Bueno,Bueno,2,NISSAN,AZUL,2,,63,MASCULINO,SIN DATOS,0,0,Morelia,Villa Universidad,octubre,miércoles,13,-101.204378464643,19.6899504458143
17794,17795,2018,"181022357",2018/10/03,13:35:00,COLISIÓN POR CORTE DE CIRCULACIÓN,ASFALTO,Bueno,Bueno,1,ITALIKA,NEGRO/ROJO,1,,20,MASCULINO,SIN DATOS,0,0,Tarímbaro,Sin datos,octubre,miércoles,14,-101.157560348511,19.7727614360996
17795,17796,2018,"181022448",2018/10/03,14:10:00,COLISIÓN POR CAMBIO DE CARRIL,CONCRETO,Bueno,Bueno,2,FORD,BLANCO,2,,29,MASCULINO,SIN DATOS,0,0,Morelia,Del Empleado,octubre,miércoles,14,-101.178562045097,19.6878745705472
17796,17797,2018,,2018/10/03,14:10:00,COLISIÓN POR CORTE DE CIRCULACIÓN,CONCRETO,Bueno,Bueno,2,NISSAN,BLANCO,2,,23,MASCULINO,SIN DATOS,0,0,Morelia,Lomas del Tecnologico,octubre,miércoles,14,-101.192273497581,19.7215764337331
17797,17798,2018,"181022692",2018/10/03,14:40:00,COLISIÓN POR CAMBIO DE CARRIL,ASFALTO,Bueno,Bueno,2,GM,ROJO,2,,0,MASCULINO,SIN DATOS,0,0,Morelia,Felix Ireta,octubre,miércoles,15,-101.195368766785,19.6824549445351
17798,17799,2018,"181023176",2018/10/03,17:17:00,COLISIÓN POR CORTE DE CIRCULACIÓN,ASFALTO,Lluvioso,Regular,2,VOLKSWAGEN,AZUL,2,,0,MASCULINO,SIN DATOS,0,0,Morelia,Isaac Arriaga,octubre,miércoles,17,-101.175268292427,19.7060615550864
17799,17800,2018,"181023780",2018/10/03,20:25:00,COLISIÓN POR ALCANCE,ASFALTO,Lluvioso,Malo,3,VOLKWAGEN,BLANCO,3,,40,MASCULINO,SIN DATOS,0,0,Morelia,Barrio Alto,octubre,miércoles,20,-101.196956634521,19.7249988720846
17800,17801,2018,"181023818",2018/10/03,20:50:00,COLISIÓN POR ALCANCE,CONCRETO,Lluvioso,Malo,2,FORD,VERDE,3,,17,MASCULINO,SIN DATOS,1,0,Morelia,Santiaguito,octubre,miércoles,21,-101.193759441376,19.7167677272232
17801,17802,2018,"181022451",2018/10/03,22:22:00,COLISIÓN POR MANIOBRA DE REVERSA,ASFALTO,Nublado,Regular,2,VOLKWAGEN,ROJO,2,,0,MASCULINO,SIN DATOS,0,0,Morelia,Pascual Ortiz de Ayala,octubre,miércoles,22,-101.150870919228,19.694879910377
17802,17803,2018,"181024181",2018/10/04,"00:10:00",COLISIÓN CONTRA OBJETO FIJO,CONCRETO,Nublado,Regular,1,VOLKWAGEN,NEGRO,1,,29,MASCULINO,SIN DATOS,0,0,Morelia,La Loma,octubre,jueves,0,-101.183505356312,19.6796970774859
17803,17804,2018,,2018/10/04,"00:30:00",COLISIÓN CONTRA OBJETO FIJO,ASFALTO,Bueno,Bueno,1,SEAT,ROJO,1,,0,MASCULINO,SIN DATOS,0,0,Morelia,Paseo de Las Lomas,octubre,jueves,1,-101.149781942368,19.6968294313168
17804,17805,2018,,2018/10/04,"00:46:00",COLISIÓN POR CORTE DE CIRCULACIÓN,ASFALTO,Bueno,Bueno,1,RENOULT,ROJO,1,,0,MASCULINO,ALIENTO ETÍLICO,0,0,Morelia,Centro,octubre,jueves,1,-101.187965869904,19.7009304185707
17805,17806,2018,,2018/10/04,"01:00:00",COLISIÓN CON PEATÓN,TERRACERIA,Bueno,Malo,1,VW,NEGRO,1,,25,MASCULINO,SIN DATOS,0,0,Apatzingán,Morelos,octubre,jueves,1,-102.365884780884,19.0894544731556
17808,17809,2018,"181027037",2018/10/04,"04:00:00",COLISIÓN POR CORTE DE CIRCULACIÓN,ASFALTO,Lluvioso,Malo,2,VOLKSWAGEN,ROJO,2,,0,MASCULINO,SIN DATOS,0,0,Morelia,Ventura Puente,octubre,jueves,4,-101.193225725,19.6917077449992
17809,17810,2018,,2018/10/04,"08:00:00",COLISIÓN POR ALCANCE,ASFALTO,Bueno,Bueno,2,IZUZU,BLANCO,2,,23,MASCULINO,SIN DATOS,0,0,Tangamandapio,De San Rafael,octubre,jueves,8,-102.432399,19.955768
17810,17811,2018,"181024426",2018/10/04,"08:25:00",COLISIÓN POR ALCANCE,ASFALTO,Bueno,Bueno,3,HONDA,BLANCO,3,,0,FEMENINO,SIN DATOS,0,0,Morelia,Santillan La Huerta,octubre,jueves,8,-101.220163106918,19.6752823709669
17811,17812,2018,,2018/10/04,10:21:00,COLISIÓN POR ALCANCE,ASFALTO,Bueno,Bueno,2,HONDA,ROJO,2,,28,MASCULINO,SIN DATOS,0,0,Morelia,El Realito,octubre,jueves,10,-101.203866004944,19.7257260203314
17812,17813,2018,,2018/10/04,12:20:00,COLISIÓN POR INVASIÓN DE CARRIL,ASFALTO,Bueno,Bueno,2,FORD,ROJO,2,,30,MASCULINO,SIN DATOS,0,0,Zitácuaro,Sin datos,octubre,jueves,12,-100.249389,19.479907
17813,17814,2018,"181025425",2018/10/04,14:55:00,COLISIÓN POR ALCANCE,CONCRETO,Bueno,Bueno,2,CHEVROLET,ROJO,2,,45,FEMENINO,SIN DATOS,0,0,Morelia,Nueva Valladolid,octubre,jueves,15,-101.213980615139,19.7006589586847
17814,17815,2018,,2018/10/04,15:00:00,COLISIÓN POR INVASIÓN DE CARRIL,ASFALTO,Bueno,Bueno,2,FORD,AZUL,1,,43,MASCULINO,SIN DATOS,0,0,Puruándiro,Lomas de Agua Tibia,octubre,jueves,15,-101.48946762085,20.0878155161401
17815,17816,2018,,2018/10/04,15:00:00,COLISIÓN POR INVASIÓN DE CARRIL,ASFALTO,Nublado,Regular,2,VW,BLANCO,2,,20,MASCULINO,SIN DATOS,0,0,Peribán,Sin datos,octubre,jueves,15,-102.413306236267,19.5390436915017
17816,17817,2018,,2018/10/04,15:00:00,COLISIÓN POR INVASIÓN DE CARRIL,ASFALTO,Bueno,Bueno,3,FORD,AZUL,5,,0,,SIN DATOS,2,0,Puruándiro,Lomas de Agua Tibia,octubre,jueves,15,-101.489596366882,20.0876240687525
17817,17818,2018,"181025793",2018/10/04,17:05:00,COLISIÓN POR CORTE DE CIRCULACIÓN,ASFALTO,Bueno,Bueno,2,VOLKSWAGEN,BLANCO,2,MINISTERIO PÚBLICO,21,FEMENINO,SIN DATOS,0,0,Morelia,Felix Ireta,octubre,jueves,17,-101.187075376511,19.6813639258843
17818,17819,2018,"181026109",2018/10/04,18:55:00,COLISIÓN CONTRA OBJETO FIJO,ASFALTO,Bueno,Bueno,1,CHEVROLET,BEIGE,1,,0,MASCULINO,SIN DATOS,0,0,Morelia,Sin datos,octubre,jueves,19,-101.174833774567,19.7452971837899
17819,17820,2018,,2018/10/04,19:20:00,COLISIÓN POR CAMBIO DE CARRIL,ASFALTO,Lluvioso,Bueno,2,FORD,AZUL CREMA,3,,,,SIN DATOS,1,0,Juárez,Benito Juarez,octubre,jueves,19,-100.432997,19.31351
17820,17821,2018,"181026230",2018/10/04,19:37:00,COLISIÓN CON PEATÓN,SIN_DATOS,Bueno,Bueno,1,SIN DATOS,NEGRO,1,MINISTERIO PÚBLICO,,,,0,1,Morelia,Morelia 450,octubre,jueves,20,-101.217352151871,19.6757571850573
17821,17822,2018,"181025715",2018/10/04,19:46:00,COLISIÓN POR CORTE DE CIRCULACIÓN,ASFALTO,Bueno,Bueno,1,ITALIKA,NEGRO/VERDE,0,,,,,0,0,Morelia,Ana Maria Gallaga (Riviera Norte),octubre,jueves,20,-101.219251155853,19.6777271433823
17822,17823,2018,"181123574",2018/10/04,20:10:00,COLISIÓN POR CORTE DE CIRCULACIÓN,ASFALTO,Lluvioso,Regular,3,CHEVROLET,BLANCO,3,,50,FEMENINO,SIN DATOS,0,0,Morelia,Centro,octubre,jueves,20,-101.188775897026,19.7090866263679
17823,17824,2018,"181026282",2018/10/04,20:20:00,COLISIÓN POR CAMBIO DE CARRIL,ASFALTO,Lluvioso,Regular,2,FORD,AMARILLO,2,,38,MASCULINO,SIN DATOS,0,0,Morelia,Ventura Puente,octubre,jueves,20,-101.180343031883,19.6883038900239
17824,17825,2018,"181026354",2018/10/04,20:40:00,COLISIÓN POR INVASIÓN DE CARRIL,CONCRETO,Lluvioso,Regular,2,FRERGTLINER,BLANCO/AZUL,2,,0,MASCULINO,SIN DATOS,0,0,Morelia,Ventura Puente,octubre,jueves,21,-101.179865598679,19.6905161297852
17825,17826,2018,"181024679",2018/10/04,20:40:00,COLISIÓN POR CORTE DE CIRCULACIÓN,CONCRETO,Bueno,Bueno,2,NISSAN,BLANCO,2,,41,MASCULINO,CON CERTIFICADO,0,0,Morelia,Los Manantiales de Morelia,octubre,jueves,21,-101.242672204971,19.6982284252322
17826,17827,2018,"181026475",2018/10/04,21:15:00,COLISIÓN POR CORTE DE CIRCULACIÓN,ASFALTO,Nublado,Bueno,2,VOLKSWAGEN,GUINDA,2,,0,MASCULINO,SIN DATOS,0,0,Morelia,Industrial,octubre,jueves,21,-101.189085515637,19.7123104021622
17827,17828,2018,,2018/10/04,21:48:00,CAIDA DE MOTOCICLETA,ASFALTO,Lluvioso,Regular,1,BASAL,NEGRO,1,,27,MASCULINO,SIN DATOS,0,0,Huandacareo,Chapultepec,octubre,jueves,22,-101.259999275208,19.9848839038376
17828,17829,2018,"181026700",2018/10/04,22:10:00,CAIDA DE MOTOCICLETA,ASFALTO,Lluvioso,Regular,1,DINAMO,CAFE,1,,38,MASCULINO,SIN DATOS,0,0,Morelia,Guadalupe,octubre,jueves,22,-101.22142508626,19.7077224475073
17829,17830,2018,,2018/10/04,22:30:00,COLISIÓN CONTRA OBJETO FIJO,ASFALTO,Bueno,Regular,1,CHEVROLET,BLANCO,0,,,,,0,0,Morelia,El Eden,octubre,jueves,23,-101.247510910034,19.6491553259798
17830,17831,2018,"181026857",2018/10/05,"00:10:00",COLISIÓN POR CAMBIO DE CARRIL,ASFALTO,Lluvioso,Regular,2,FORD,GRIS,2,,21,MASCULINO,SIN DATOS,0,0,Morelia,Justo Mendoza,octubre,viernes,0,-101.231777071953,19.7137882512987
17831,17832,2018,"181027289",2018/10/05,"04:10:00",CAIDA DE MOTOCICLETA,ASFALTO,Bueno,Bueno,1,ITALIKA,NEGRO,1,,0,MASCULINO,SIN DATOS,0,0,Tarímbaro,Sin datos,octubre,viernes,4,-101.17259144783,19.7493363409667
17832,17833,2018,"181027216",2018/10/05,"08:20:00",COLISIÓN POR CORTE DE CIRCULACIÓN,ASFALTO,Lluvioso,Bueno,2,TOYOTA,ROJO,2,,34,MASCULINO,SIN DATOS,0,0,Morelia,Indeco Expropiacion Petrolera,octubre,viernes,8,-101.225747466087,19.684379362096
17833,17834,2018,,2018/10/05,"09:00:00",SALIDA DE SUPERFICIE DE RODAMIENTO,ASFALTO,Bueno,Regular,1,VOLKSWAGEN,NEGRO,1,,40,FEMENINO,SIN DATOS,0,0,Zitácuaro,Sin datos,octubre,viernes,9,-100.37772,19.498519
17834,17835,2018,,2018/10/05,10:15:00,VOLCADURA,ASFALTO,Nublado,Regular,1,DODGE,GRIS,0,,,,,0,0,Tingüindín,Sin datos,octubre,viernes,10,-102.48836517334,19.7511943189409
17836,17837,2018,,2018/10/05,14:20:00,COLISIÓN POR ALCANCE,ASFALTO,Bueno,Bueno,2,ITALIKA,NEGRO/VERDE,2,,15,MASCULINO,SIN DATOS,0,0,Apatzingán,Palmira,octubre,viernes,14,-102.350386977196,19.0814699378932
17837,17838,2018,"181028149",2018/10/05,14:40:00,VOLCADURA,ASFALTO,Bueno,Bueno,1,FORD,GUINDA,1,,62,MASCULINO,SIN DATOS,0,0,Morelia,Sin datos,octubre,viernes,15,-101.327794790268,19.6852632731737
17838,17839,2018,,2018/10/05,16:00:00,COLISIÓN POR NO RESPETAR SEMÁFORO,ASFALTO,Bueno,Bueno,2,MCI,GRIS/ROJO/AZUL,2,MINISTERIO PÚBLICO,23,MASCULINO,SIN DATOS,0,0,Tuxpan,Tuxpan,octubre,viernes,16,-100.464874505997,19.5663714189964
17840,17841,2018,"181028769",2018/10/05,17:50:00,COLISIÓN POR ALCANCE,ASFALTO,Bueno,Bueno,1,CHYSLER,AZUL,1,,24,MASCULINO,SIN DATOS,0,0,Morelia,Elias Perez Avalos,octubre,viernes,18,-101.169404983521,19.7133438501315
17842,17843,2018,"181018833",2018/10/05,18:00:00,COLISIÓN POR ALCANCE,CONCRETO,Bueno,Bueno,2,VOLKWAGEN,GRIS,2,,34,MASCULINO,SIN DATOS,0,0,Morelia,Cuauhtemoc,octubre,viernes,18,-101.181764602661,19.7005970910184