fid,id_accidente,anio_origen,folio_c5i,dia_incidente,hora_ocurrencia,tipo_incidente_vial,superficie_ocurrencia,condiciones_climaticas,condiciones_via,numero_vehiculos_involucrados,marca_vehiculo_ocasiona_siniestro,color_vehiculo_ocasiona_siniestro,numero_personas_involucradas,lugar_remite_presunto_responsable,edad_presunto_responsable,sexo_presunto_responsable,resultados_toxicologia,numero_personas_lesionadas,numero_personas_fallecidas,municipio,colonia,mes,dia_semana,hora_redondeada,lon,lat
17843,17844,2018,,2018/10/05,21:30:00,COLISIÓN POR CAMBIO DE CARRIL,ASFALTO,Lluvioso,Regular,2,HONDA,GRIS,2,,0,MASCULINO,SIN DATOS,1,0,Álvaro Obregón,Centro,octubre,viernes,22,-101.038255691528,19.8297750283636
17844,17845,2018,"181029250",2018/10/05,22:05:00,COLISIÓN POR CORTE DE CIRCULACIÓN,ASFALTO,Bueno,Bueno,2,SIN DATOS,SIN DATOS,2,,0,,SIN DATOS,0,0,Morelia,Junta de Jaujilla,octubre,viernes,22,-101.229165135,19.6916199399992
17848,17849,2018,,2018/10/06,"01:20:00",COLISIÓN POR NO RESPETAR SEMÁFORO,ASFALTO,Bueno,Bueno,2,V.W.,NEGRO,2,,30,MASCULINO,SIN DATOS,0,0,Apatzingán,Bonifacio Moreno,octubre,sábado,1,-102.356835007668,19.0879792642075
17852,17853,2018,"181029874",2018/10/06,"08:03:00",COLISIÓN POR CORTE DE CIRCULACIÓN,CONCRETO,Bueno,Bueno,2,SIN DATOS,SIN DATOS,2,,0,,SIN DATOS,0,0,Morelia,Eduardo Ruiz,octubre,sábado,8,-101.21265151,19.7159304249991
17855,17856,2018,"181030298",2018/10/06,11:15:00,COLISIÓN POR CAMBIO DE CARRIL,CONCRETO,Bueno,Bueno,2,ISLO,BLANCO/ROJO,2,MINISTERIO PÚBLICO,48,MASCULINO,SIN DATOS,0,0,Morelia,Mariano Escobedo,octubre,sábado,11,-101.20757257,19.7218328549992
17856,17857,2018,"181030614",2018/10/06,12:20:00,COLISIÓN POR CORTE DE CIRCULACIÓN,ASFALTO,Bueno,Bueno,2,HONDA,ROJO,2,,38,MASCULINO,SIN DATOS,0,0,Morelia,Felix Ireta,octubre,sábado,12,-101.189356363636,19.6828651153009
17857,17858,2018,,2018/10/06,12:30:00,COLISIÓN POR INVASIÓN DE CARRIL,CONCRETO,Bueno,Bueno,3,DODGE,ROJO,3,,38,FEMENINO,SIN DATOS,0,0,Morelia,Lomas de Hidalgo,octubre,sábado,13,-101.163547039032,19.6961324550551
17858,17859,2018,"181030597",2018/10/06,13:00:00,COLISIÓN POR ALCANCE,ASFALTO,Bueno,Bueno,3,NISSAN,ROJO,3,,30,MASCULINO,SIN DATOS,0,0,Morelia,Felix Arreguin,octubre,sábado,13,-101.22650384903,19.721509524396
17861,17862,2018,"181033587",2018/10/06,16:20:00,COLISIÓN POR ALCANCE,ASFALTO,Lluvioso,Malo,3,HONDA,AZUL,3,,36,MASCULINO,SIN DATOS,0,0,Morelia,Virrey Antonio de Mendoza,octubre,sábado,16,-101.163176894188,19.7073039118179
17863,17864,2018,,2018/10/06,19:00:00,VOLCADURA,ASFALTO,Nublado,Regular,1,DODGE,GRIS,1,,18,MASCULINO,SIN DATOS,0,0,Puruándiro,Benito Juarez,octubre,sábado,19,-101.526975631714,20.107120272143
17865,17866,2018,,2018/10/06,19:00:00,VOLCADURA,ASFALTO,Nublado,Regular,1,DODGE,GRIS,1,,,,,1,0,Puruándiro,Centro,octubre,sábado,19,-101.515472,20.087439
17868,17869,2018,"181032460",2018/10/06,23:20:00,COLISIÓN CONTRA OBJETO FIJO,ASFALTO,Lluvioso,Malo,6,FORD,ROJO,5,,65,,ALIENTO ETÍLICO,0,0,Morelia,Centro,octubre,sábado,23,-101.19840502739,19.7049605967484
17869,17870,2018,,2018/10/06,23:45:00,COLISIÓN POR INVASIÓN DE CARRIL,ASFALTO,Nublado,Regular,3,FORD,AZUL,2,,50,MASCULINO,SIN DATOS,0,0,Puruándiro,Centro,octubre,sábado,0,-101.515472,20.087439
17870,17871,2018,"181032667",2018/10/07,"01:40:00",COLISIÓN CONTRA OBJETO FIJO,ASFALTO,Nublado,Regular,3,FORD,BLANCO,3,,0,,SIN DATOS,0,0,Morelia,Isaac Arriaga,octubre,domingo,2,-101.169555187225,19.7086674629772
17871,17872,2018,"181032699",2018/10/07,"02:20:00",COLISIÓN CONTRA OBJETO FIJO,ASFALTO,Bueno,Bueno,1,FORD,ROJO,1,,34,MASCULINO,SIN DATOS,0,0,Morelia,Nicolas Bravo(Los Ejidos),octubre,domingo,2,-101.213757991791,19.702415232868
17872,17873,2018,"181032902",2018/10/07,"07:20:00",SALIDA DE SUPERFICIE DE RODAMIENTO,ASFALTO,Bueno,Bueno,1,NISSAN,GRIS,1,,0,MASCULINO,SIN DATOS,0,0,Morelia,La Luz,octubre,domingo,7,-101.288795471191,19.6882735851575
17873,17874,2018,"181033204",2018/10/07,10:50:00,COLISIÓN POR INVASIÓN DE CARRIL,ASFALTO,Bueno,Bueno,2,NISSAN,PLATA,2,,32,MASCULINO,SIN DATOS,0,0,Morelia,Sin datos,octubre,domingo,11,-101.114645004272,19.7370367891479
17874,17875,2018,"181033490",2018/10/07,12:30:00,COLISIÓN POR CORTE DE CIRCULACIÓN,ASFALTO,Bueno,Bueno,2,VOLKWAGEN,ROJO,2,,21,MASCULINO,SIN DATOS,0,0,Morelia,San Pascual,octubre,domingo,13,-101.267964094877,19.6951791583334
17875,17876,2018,"181033914",2018/10/07,13:45:00,COLISIÓN POR NO RESPETAR SEMÁFORO,ASFALTO,Bueno,Bueno,2,CHEVROLET,ROJO,2,,56,MASCULINO,SIN DATOS,0,0,Morelia,Lomas de Huerta,octubre,domingo,14,-101.210217475891,19.6724940726
17876,17877,2018,"181034222",2018/10/07,15:50:00,COLISIÓN POR CORTE DE CIRCULACIÓN,ASFALTO,Bueno,Bueno,2,YAMAHA,BLANCO,2,,35,MASCULINO,SIN DATOS,0,0,Morelia,Ventura Puente,octubre,domingo,16,-101.180198192596,19.6883139916448
17877,17878,2018,"181034235",2018/10/07,16:10:00,COLISIÓN POR ALCANCE,ASFALTO,Bueno,Bueno,2,RAM,PLATA,2,,20,MASCULINO,SIN DATOS,0,0,Morelia,Poblado de Ocolusen,octubre,domingo,16,-101.15021109581,19.6916171874973
17878,17879,2018,"181034699",2018/10/07,18:20:00,COLISIÓN POR ALCANCE,ASFALTO,Lluvioso,Regular,3,FAMSA,BLANCO Y NARANJA,4,,64,MASCULINO,SIN DATOS,1,0,Morelia,Villas de La Esperanza,octubre,domingo,18,-101.271500587463,19.6939505967015
17879,17880,2018,,2018/10/07,18:40:00,COLISIÓN POR ALCANCE,ASFALTO,Bueno,Bueno,2,SIN DATOS,SIN DATOS,2,,0,,SIN DATOS,0,0,Morelia,Centro,octubre,domingo,19,-101.198490858078,19.7031727858746
17880,17881,2018,,2018/10/07,20:00:00,VOLCADURA,ASFALTO,Bueno,Bueno,1,CHYSLER,NEGRO,0,,,,,0,0,Erongarícuaro,Sin Nombre,octubre,domingo,20,-101.725416183472,19.5949680641603
17881,17882,2018,"181004881",2018/10/07,20:30:00,COLISIÓN POR CORTE DE CIRCULACIÓN,ASFALTO,Lluvioso,Malo,2,SIN DATOS,SIN DATOS,2,,0,,SIN DATOS,0,0,Morelia,Torreon Nuevo,octubre,domingo,21,-101.203892827034,19.7467815859324
17882,17883,2018,"181034947",2018/10/07,21:00:00,COLISIÓN CON PEATÓN,ASFALTO,Lluvioso,Regular,1,SIN DATOS,SIN DATOS,2,,0,,SIN DATOS,1,0,Morelia,Sin datos,octubre,domingo,21,-101.284675598145,19.5953723634929
17883,17884,2018,"181035154",2018/10/07,22:10:00,COLISIÓN POR ALCANCE,ASFALTO,Nublado,Regular,2,VOLKSWAGEN,BLANCO,2,,61,MASCULINO,SIN DATOS,0,0,Morelia,Alberto Oviedo Mota,octubre,domingo,22,-101.202063560486,19.6779291890205
17884,17885,2018,"181035144",2018/10/07,23:00:00,COLISIÓN POR MANIOBRA DE REVERSA,ASFALTO,Lluvioso,Bueno,2,VOLKSWAGEN,AZUL,2,,34,MASCULINO,SIN DATOS,0,0,Morelia,Rafael Carrillo,octubre,domingo,23,-101.235108375549,19.7097279947311
17885,17886,2018,"181035130",2018/10/07,23:00:00,COLISIÓN POR CORTE DE CIRCULACIÓN,CONCRETO,Lluvioso,Regular,1,VOLKSWAGEN,GRIS,1,,31,MASCULINO,CON CERTIFICADO,0,0,Morelia,Margarita Maza de Juarez,octubre,domingo,23,-101.255536079407,19.6932132026635
17886,17887,2018,"181035430",2018/10/08,"01:40:00",COLISIÓN CONTRA OBJETO FIJO,CONCRETO,Bueno,Bueno,1,NISSAN,AZUL,1,,0,,SIN DATOS,0,0,Morelia,Ciudad Industrial,octubre,lunes,2,-101.143803298473,19.7296697320001
17887,17888,2018,"181035511",2018/10/08,"04:55:00",CAIDA DE MOTOCICLETA,ASFALTO,Bueno,Bueno,1,ITALIKA,NEGRO/VERDE,2,,19,MASCULINO,SIN DATOS,1,0,Morelia,Virrey Antonio de Mendoza,octubre,lunes,5,-101.162157654762,19.7065766797802
17888,17889,2018,"181035620",2018/10/08,"08:00:00",COLISIÓN POR ALCANCE,ASFALTO,Bueno,Bueno,2,KENWORTH,BLANCO,2,,33,MASCULINO,SIN DATOS,0,0,Morelia,Tinijaro,octubre,lunes,8,-101.263411045074,19.6964556908003
17889,17890,2018,"181035897",2018/10/08,"08:45:00",COLISIÓN POR CORTE DE CIRCULACIÓN,ASFALTO,Bueno,Bueno,2,FORD,AZUL,2,,36,MASCULINO,SIN DATOS,0,0,Morelia,Erendira,octubre,lunes,9,-101.167524755001,19.7028495636972
17890,17891,2018,,2018/10/08,"09:25:00",COLISIÓN POR ALCANCE,ASFALTO,Bueno,Bueno,2,CHEVROLET,BLANCO,2,,47,FEMENINO,SIN DATOS,0,0,Morelia,Los Manantiales de Morelia,octubre,lunes,9,-101.240322589874,19.692900061702
17891,17892,2018,,2018/10/08,10:00:00,COLISIÓN CONTRA OBJETO FIJO,ADOQUIN_EMPEDRADO,Bueno,Bueno,2,INTERNACIONAL,BLANCO/AZUL,2,,32,MASCULINO,SIN DATOS,0,0,Cuitzeo,Centro,octubre,lunes,10,-101.140362024307,19.9703337866412
17892,17893,2018,,2018/10/08,10:50:00,COLISIÓN POR CORTE DE CIRCULACIÓN,ASFALTO,Bueno,Regular,2,BAJAJ,ROJO,2,,21,MASCULINO,SIN DATOS,0,0,Morelia,Avicola Benito Juarez,octubre,lunes,11,-101.278817653656,19.6918697226022
17893,17894,2018,"181135918",2018/10/08,11:23:00,COLISIÓN POR ALCANCE,ASFALTO,Bueno,Bueno,2,NISSAN,BLANCO/AMARILLO,2,,35,MASCULINO,SIN DATOS,0,0,Morelia,La Colina,octubre,lunes,11,-101.214067786932,19.7088492689201
17894,17895,2018,"181036263",2018/10/08,12:35:00,COLISIÓN POR ALCANCE,ASFALTO,Bueno,Bueno,1,ITALIKA,ROJO,2,,,,,2,0,Morelia,Cinco de Diciembre,octubre,lunes,13,-101.163002550602,19.6881776197091
17895,17896,2018,,2018/10/08,12:50:00,COLISIÓN POR CORTE DE CIRCULACIÓN,ASFALTO,Bueno,Bueno,2,YAMAHA,AZUL,2,,28,MASCULINO,SIN DATOS,0,0,Morelia,Centro,octubre,lunes,13,-101.188867092133,19.7029505706978
17896,17897,2018,"181036554",2018/10/08,14:00:00,COLISIÓN POR CORTE DE CIRCULACIÓN,CONCRETO,Bueno,Bueno,2,ITALIKA,SIN DATOS,2,,24,MASCULINO,SIN DATOS,0,0,Morelia,Independencia,octubre,lunes,14,-101.176518201828,19.7082735493918
17897,17898,2018,,2018/10/08,17:42:00,SALIDA DE SUPERFICIE DE RODAMIENTO,ASFALTO,Bueno,Bueno,1,FORD,AZUL,1,,0,MASCULINO,SIN DATOS,0,0,Morelia,La Soledad,octubre,lunes,18,-101.183395385742,19.728271013137
17898,17899,2018,"181037380",2018/10/08,18:00:00,COLISIÓN POR CAMBIO DE CARRIL,ASFALTO,Bueno,Bueno,2,KENWORTH,AMARILLO,2,,0,MASCULINO,SIN DATOS,0,0,Morelia,Las Americas,octubre,lunes,18,-101.151015758514,19.6897383138099
17899,17900,2018,"18103734",2018/10/08,19:40:00,COLISIÓN POR NO RESPETAR SEMÁFORO,ASFALTO,Bueno,Bueno,2,CHEVROLET,ROJO,2,,0,MASCULINO,SIN DATOS,0,0,Morelia,Las Americas,octubre,lunes,20,-101.151208877563,19.6896271969335
17900,17901,2018,,2018/10/08,20:25:00,COLISIÓN POR INVASIÓN DE CARRIL,ASFALTO,Nublado,Bueno,3,CHEVROLET,ROJO,3,MINISTERIO PÚBLICO,,MASCULINO,SIN DATOS,0,0,Hidalgo,Sin datos,octubre,lunes,20,-100.514688491821,19.6880917558381
17901,17902,2018,,2018/10/08,21:07:00,COLISIÓN POR MANIOBRA DE REVERSA,ASFALTO,Bueno,Bueno,2,VOLKWAGEN,BLANCO,2,,63,MASCULINO,SIN DATOS,0,0,Morelia,Sin datos,octubre,lunes,21,-101.12976193428,19.7337143338844
17902,17903,2018,"181038175",2018/10/08,21:45:00,COLISIÓN CON PEATÓN,ASFALTO,Bueno,Bueno,2,MAZDA,GUINDA,1,MINISTERIO PÚBLICO,0,,SIN DATOS,0,0,Tarímbaro,Sin datos,octubre,lunes,22,-101.161422729492,19.8409169403589
17903,17904,2018,"181041328",2018/10/09,"04:22:00",COLISIÓN CONTRA OBJETO FIJO,CONCRETO,Bueno,Bueno,1,BMW,PLATA CRISTAL,1,,0,MASCULINO,SIN DATOS,0,0,Morelia,La Loma,octubre,martes,4,-101.183824539185,19.6797374861371
17904,17905,2018,,2018/10/09,"06:30:00",COLISIÓN CON PEATÓN,ASFALTO,Bueno,Bueno,1,SIN DATOS,SIN DATOS,1,,,,,0,1,Morelia,La Quemada,octubre,martes,7,-101.237833499908,19.7017283817085
17905,17906,2018,"181041407",2018/10/09,"06:50:00",COLISIÓN POR CORTE DE CIRCULACIÓN,CONCRETO,Bueno,Bueno,1,NISSAN,ROJO,1,,44,MASCULINO,SIN DATOS,0,0,Morelia,Nueva Esperanza,octubre,martes,7,-101.250633001328,19.6878089098199
17906,17907,2018,"181038672",2018/10/09,"08:00:00",COLISIÓN POR CORTE DE CIRCULACIÓN,ASFALTO,Bueno,Bueno,1,FORD,BLANCO,1,,22,MASCULINO,SIN DATOS,0,0,Morelia,Tenencia Morelos,octubre,martes,8,-101.247146129608,19.6497009458358
17907,17908,2018,"181038799",2018/10/09,"09:25:00",COLISIÓN POR NO RESPETAR SEMÁFORO,ASFALTO,Bueno,Bueno,2,SEAT,GRIS,2,MINISTERIO PÚBLICO,29,MASCULINO,SIN DATOS,0,0,Morelia,Loma de Los Piñones,octubre,martes,9,-101.203726530075,19.6750702195356
17908,17909,2018,"181038707",2018/10/09,"09:30:00",VOLCADURA,ASFALTO,Nublado,Bueno,1,CHEVROLET,BLANCO/NARANJA,0,,,,,0,0,Sin datos,Sin datos,octubre,martes,10,-102.57073203125,21.0164170100622
17909,17910,2018,"181039000",2018/10/09,11:10:00,COLISIÓN POR CAMBIO DE CARRIL,ASFALTO,Bueno,Bueno,2,HONDA,GRIS,2,,0,FEMENINO,SIN DATOS,0,0,Morelia,Las Flores,octubre,martes,11,-101.206161975861,19.7023849306732
17910,17911,2018,"181041443",2018/10/09,11:23:00,COLISIÓN POR ALCANCE,ASFALTO,Bueno,Bueno,2,SUZUKI,AZUL,2,,27,MASCULINO,SIN DATOS,0,0,Morelia,Alfonso Espinoza Guerrero (Barranca Seca),octubre,martes,11,-101.175957620144,19.6735927285637
17911,17912,2018,"181039094",2018/10/09,11:30:00,COLISIÓN POR ALCANCE,ASFALTO,Bueno,Bueno,2,HONDA,ROJO,2,,64,MASCULINO,SIN DATOS,0,0,Morelia,Loma de Los Piñones,octubre,martes,12,-101.205099821091,19.674130688392
17912,17913,2018,"181039246",2018/10/09,12:00:00,COLISIÓN POR CORTE DE CIRCULACIÓN,CONCRETO,Bueno,Bueno,2,NISSAN,ROJO,2,,35,FEMENINO,SIN DATOS,0,0,Morelia,Nueva Valladolid,octubre,martes,12,-101.210539340973,19.6955415380211
17913,17914,2018,,2018/10/09,13:50:00,COLISIÓN CON PEATÓN,ASFALTO,Bueno,Bueno,0,,,0,,,,,0,0,Indaparapeo,San Lucas Pio,octubre,martes,14,-100.9192943573,19.7973137021808
17914,17915,2018,,2018/10/09,14:00:00,COLISIÓN POR CORTE DE CIRCULACIÓN,ASFALTO,Bueno,Bueno,2,FORD,CREMA,2,,28,FEMENINO,SIN DATOS,0,0,Tarímbaro,Campestre Tarimbaro,octubre,martes,14,-101.129692196846,19.7754066400631
17915,17916,2018,,2018/10/09,14:45:00,VOLCADURA,ASFALTO,Bueno,Bueno,2,CHEVROLET,BLANCO,2,MINISTERIO PÚBLICO,55,MASCULINO,SIN DATOS,0,0,Lázaro Cárdenas,Centro,octubre,martes,15,-102.195666432381,17.9585261202463
17916,17917,2018,"1801040220",2018/10/09,17:55:00,COLISIÓN POR MANIOBRA DE REVERSA,ADOQUIN_EMPEDRADO,Bueno,Bueno,2,CHEVROLET,BLANCO,2,,46,MASCULINO,SIN DATOS,0,0,Morelia,Mision San Diego,octubre,martes,18,-101.205665767193,19.6644319805246
17917,17918,2018,"181040254",2018/10/09,18:25:00,COLISIÓN POR CAMBIO DE CARRIL,ASFALTO,Bueno,Bueno,2,CHEVROLET,BLANCO,2,,28,MASCULINO,SIN DATOS,0,0,Tarímbaro,Campestre,octubre,martes,18,-101.162710189819,19.7976367330819
17918,17919,2018,,2018/10/09,19:00:00,COLISIÓN POR ALCANCE,ASFALTO,Lluvioso,Bueno,2,FORD,GRIS,0,,,,,0,0,Nuevo Parangaricutiro,Sin datos,octubre,martes,19,-102.111825942993,19.4060900708755
17919,17920,2018,,2018/10/09,20:00:00,COLISIÓN POR CAMBIO DE CARRIL,CONCRETO,Bueno,Bueno,2,HONDA,ORO,2,,39,FEMENINO,SIN DATOS,0,0,Morelia,Jardines de Torremolinos,octubre,martes,20,-101.225709915161,19.67753519979
17920,17921,2018,"181040690",2018/10/09,20:30:00,COLISIÓN POR MANIOBRA DE REVERSA,ASFALTO,Bueno,Bueno,1,NISSAN,ROJO,1,,57,MASCULINO,ALIENTO ETÍLICO,0,0,Morelia,Constituyentes de Queretaro,octubre,martes,21,-101.164479106665,19.717776443991
17921,17922,2018,,2018/10/09,21:36:00,COLISIÓN POR INVASIÓN DE CARRIL,ASFALTO,Nublado,Regular,2,CHEVROLET,ROJO,1,,28,MASCULINO,SIN DATOS,0,0,Cuitzeo,Los Granados,octubre,martes,22,-101.140158176422,19.97474030488
17922,17923,2018,"181041096",2018/10/09,22:40:00,COLISIÓN POR CORTE DE CIRCULACIÓN,ASFALTO,Bueno,Bueno,1,FORD,BLANCO,1,,22,,SIN DATOS,0,0,Morelia,Felipe Carrillo Puerto,octubre,martes,23,-101.179758310318,19.7303211167497
17923,17924,2018,LEG18553,2018/10/10,"07:00:00",COLISIÓN POR ALCANCE,ASFALTO,Bueno,Bueno,2,MERCEDEZ BENZ,VERDE,2,,21,MASCULINO,SIN DATOS,0,0,Tarímbaro,Sin datos,octubre,miércoles,7,-101.127777099609,19.7779710325236
17924,17925,2018,,2018/10/10,"08:00:00",CAIDA DE MOTOCICLETA,ASFALTO,Bueno,Bueno,1,HONDA,NEGRO,1,,21,MASCULINO,SIN DATOS,0,0,Morelia,El Lago 1,octubre,miércoles,8,-101.215217113495,19.7272207035583
17925,17926,2018,"181041456",2018/10/10,"08:05:00",SALIDA DE SUPERFICIE DE RODAMIENTO,ASFALTO,Bueno,Bueno,1,ITALIKA,VERDE,2,,23,MASCULINO,SIN DATOS,1,0,Morelia,El Eden,octubre,miércoles,8,-101.248133182526,19.6482257471377
17926,17927,2018,"181041524",2018/10/10,"08:30:00",COLISIÓN POR ALCANCE,CONCRETO,Bueno,Bueno,3,HYUNDAI,ROJO,3,,26,MASCULINO,SIN DATOS,0,0,Morelia,Dr Miguel Silva,octubre,miércoles,9,-101.18408203125,19.7194441582534
17927,17928,2018,"181041823",2018/10/10,"09:35:00",COLISIÓN POR CAMBIO DE CARRIL,CONCRETO,Bueno,Bueno,2,NISSAN,ROJO,2,,65,MASCULINO,SIN DATOS,0,0,Morelia,Enrique Arreguin Robles,octubre,miércoles,10,-101.183524131775,19.7192825636887
17928,17929,2018,,2018/10/10,"09:50:00",SALIDA DE SUPERFICIE DE RODAMIENTO,ASFALTO,Bueno,Bueno,1,INTERNACIONAL,BLANCO,1,,0,MASCULINO,SIN DATOS,0,0,Huandacareo,Centro,octubre,miércoles,10,-101.285169124603,19.9884733311398
17929,17930,2018,"181042024",2018/10/10,11:35:00,COLISIÓN POR CORTE DE CIRCULACIÓN,ASFALTO,Bueno,Bueno,2,NISSAN,NEGRO,2,,31,FEMENINO,SIN DATOS,0,0,Morelia,Centro,octubre,miércoles,12,-101.178170442581,19.699061755146
17930,17931,2018,"181042264",2018/10/10,12:20:00,COLISIÓN POR CAMBIO DE CARRIL,ASFALTO,Bueno,Bueno,2,KENWORTH,BLANCO,2,,0,MASCULINO,ALIENTO ETÍLICO,0,0,Morelia,Sentimientos de La Nacion,octubre,miércoles,12,-101.235709190369,19.6821518845442
17931,17932,2018,"181042149",2018/10/10,12:25:00,COLISIÓN POR CAMBIO DE CARRIL,ASFALTO,Bueno,Bueno,2,CHEVROLET,BLANCO,2,,0,FEMENINO,SIN DATOS,0,0,Morelia,Villa de Santa Maria,octubre,miércoles,12,-101.167409420013,19.6559653371635
17932,17933,2018,,2018/10/10,13:20:00,COLISIÓN POR CORTE DE CIRCULACIÓN,ASFALTO,Bueno,Bueno,2,SIN DATOS,SIN DATOS,1,,29,MASCULINO,SIN DATOS,0,0,Morelia,Isaac Arriaga,octubre,miércoles,13,-101.168997958302,19.7105634741695
17933,17934,2018,,2018/10/10,14:55:00,SUBIDA AL CAMELLÓN,ASFALTO,Bueno,Bueno,1,CHEVROLET,GRIS,1,,0,MASCULINO,SIN DATOS,0,0,Morelia,Felix Ireta,octubre,miércoles,15,-101.195776462555,19.6817073955203
17934,17935,2018,"181042847",2018/10/10,15:23:00,COLISIÓN CON PEATÓN,ASFALTO,Bueno,Bueno,2,KENWORTH,ROJO,2,,40,MASCULINO,SIN DATOS,0,0,Morelia,Sentimientos de La Nacion,octubre,miércoles,15,-101.23562335968,19.6818387219512
17935,17936,2018,"181042689",2018/10/10,15:30:00,COLISIÓN POR CORTE DE CIRCULACIÓN,ASFALTO,Bueno,Bueno,2,NISSAN,BLANCO/ROJO,2,,45,MASCULINO,SIN DATOS,0,0,Morelia,Real Universidad,octubre,miércoles,16,-101.210260391235,19.6863643670067
17936,17937,2018,"181042840",2018/10/10,16:40:00,COLISIÓN POR INVASIÓN DE CARRIL,CONCRETO,Nublado,Bueno,2,YAMAHA,BLANCO,2,,26,MASCULINO,SIN DATOS,0,0,Morelia,Felix Ireta,octubre,miércoles,17,-101.190712451935,19.6835156499877
17937,17938,2018,"181043102",2018/10/10,17:50:00,COLISIÓN POR ALCANCE,CONCRETO,Bueno,Bueno,2,VOLKWAGEN,NEGRO,2,MINISTERIO PÚBLICO,39,MASCULINO,SIN DATOS,0,0,Morelia,Camelinas,octubre,miércoles,18,-101.172280311584,19.6821316805244
17938,17939,2018,,2018/10/10,18:05:00,COLISIÓN POR ALCANCE,ASFALTO,Bueno,Bueno,2,NISSAN,BLANCO,0,,,,,0,0,Morelia,Felicitas del Rio,octubre,miércoles,18,-101.200346946716,19.6920616490155
17939,17940,2018,,2018/10/10,20:37:00,COLISIÓN POR CORTE DE CIRCULACIÓN,ASFALTO,Bueno,Bueno,2,SIN DATOS,SIN DATOS,3,,0,,SIN DATOS,1,0,Morelia,Ampliacion La Soledad,octubre,miércoles,21,-101.183502674103,19.7358653538434
17940,17941,2018,"181043725",2018/10/10,21:15:00,COLISIÓN POR INVASIÓN DE CARRIL,CONCRETO,Bueno,Bueno,2,RENOULT,GRIS,2,,60,MASCULINO,ALIENTO ETÍLICO,0,0,Morelia,Molino de Parras,octubre,miércoles,21,-101.200202107429,19.6962688202147
17941,17942,2018,,2018/10/10,22:00:00,VOLCADURA,CONCRETO,Bueno,Bueno,1,FORD,NARANJA,1,,43,FEMENINO,SIN DATOS,0,0,Apatzingán,Benito Juarez,octubre,miércoles,22,-102.351357936859,19.0903365505769
17942,17943,2018,"181045945",2018/10/11,"00:00:00",COLISIÓN POR ALCANCE,ASFALTO,Lluvioso,Bueno,2,VOLKWAGEN,BLANCO,2,,36,MASCULINO,SIN DATOS,0,0,Morelia,Arboledas de La Huerta,octubre,jueves,0,-101.223585605621,19.6686348259836
17943,17944,2018,"181047103",2018/10/11,"00:35:00",COLISIÓN CONTRA OBJETO FIJO,CONCRETO,Bueno,Bueno,1,VOLKWAGEN,NEGRO,1,,0,MASCULINO,ALIENTO ETÍLICO,0,0,Morelia,Ilustres Novohispanos,octubre,jueves,1,-101.151479780674,19.7070387755205
17944,17945,2018,"181047234",2018/10/11,"03:55:00",COLISIÓN CON PEATÓN,SIN_DATOS,Bueno,Bueno,1,JEEP2,PLATA,2,,30,MASCULINO,SIN DATOS,1,0,Morelia,Sin datos,octubre,jueves,4,-101.127326488495,19.7138892513917
17945,17946,2018,"181044142",2018/10/11,"07:15:00",COLISIÓN POR CORTE DE CIRCULACIÓN,CONCRETO,Bueno,Bueno,2,INTERNATIONAL,BLANCO,2,,20,MASCULINO,SIN DATOS,0,0,Morelia,Alberto Oviedo Mota,octubre,jueves,7,-101.195658445358,19.6859400932153
17946,17947,2018,"181044165",2018/10/11,"07:40:00",COLISIÓN POR ALCANCE,ASFALTO,Bueno,Bueno,2,NISSAN,BLANCO,2,,22,MASCULINO,SIN DATOS,0,0,Morelia,Lomas de Hidalgo,octubre,jueves,8,-101.158933639526,19.695607195577
17947,17948,2018,"181044266",2018/10/11,"08:30:00",COLISIÓN POR ALCANCE,ASFALTO,Bueno,Bueno,3,SIN DATOS,SIN DATOS,4,,0,,SIN DATOS,1,0,Morelia,Santa Maria de Guido,octubre,jueves,9,-101.189274787903,19.6765502224751
17948,17949,2018,"180044324",2018/10/11,"08:50:00",COLISIÓN POR CORTE DE CIRCULACIÓN,ASFALTO,Bueno,Bueno,2,CHEVROLET,NARANJA,2,,0,,SIN DATOS,0,0,Morelia,Ignaci0 Ramirez,octubre,jueves,9,-101.223789453506,19.7251402622806
17949,17950,2018,"181044611",2018/10/11,"09:44:00",COLISIÓN POR ALCANCE,ASFALTO,Bueno,Bueno,2,NISSAN,GRIS,2,,36,MASCULINO,SIN DATOS,0,0,Morelia,Eduardo Ruiz,octubre,jueves,10,-101.224057674408,19.7248877796999
17950,17951,2018,"181045398",2018/10/11,13:45:00,COLISIÓN POR CORTE DE CIRCULACIÓN,CONCRETO,Bueno,Bueno,2,NISSAN,BLANCO Y ROJO,2,,39,FEMENINO,SIN DATOS,0,0,Morelia,Nueva Chapultepec,octubre,jueves,14,-101.172677278519,19.687768503205
17951,17952,2018,"181045422",2018/10/11,14:00:00,COLISIÓN POR NO RESPETAR SEMÁFORO,ASFALTO,Bueno,Bueno,2,VOLKWAGEN,GRIS,2,,39,MASCULINO,SIN DATOS,0,0,Morelia,Sentimientos de La Nacion,octubre,jueves,14,-101.231460571289,19.6790202310639