fid,id_accidente,anio_origen,folio_c5i,dia_incidente,hora_ocurrencia,tipo_incidente_vial,superficie_ocurrencia,condiciones_climaticas,condiciones_via,numero_vehiculos_involucrados,marca_vehiculo_ocasiona_siniestro,color_vehiculo_ocasiona_siniestro,numero_personas_involucradas,lugar_remite_presunto_responsable,edad_presunto_responsable,sexo_presunto_responsable,resultados_toxicologia,numero_personas_lesionadas,numero_personas_fallecidas,municipio,colonia,mes,dia_semana,hora_redondeada,lon,lat
17952,17953,2018,,2018/10/11,14:25:00,COLISIÓN POR ALCANCE,ASFALTO,Bueno,Bueno,2,MAZDA,BLANCO,2,,29,FEMENINO,SIN DATOS,0,0,Morelia,Santa Maria,octubre,jueves,14,-101.200572252274,19.6778433196554
17953,17954,2018,"181045738",2018/10/11,16:10:00,COLISIÓN POR CORTE DE CIRCULACIÓN,ASFALTO,Bueno,Bueno,2,CHRYSLER,BLANCO,2,,37,MASCULINO,SIN DATOS,0,0,Morelia,Chapultepec Sur,octubre,jueves,16,-101.177124381065,19.6919909393111
17954,17955,2018,"181045822",2018/10/11,16:15:00,SALIDA DE SUPERFICIE DE RODAMIENTO,ASFALTO,Bueno,Bueno,1,FORD,BLANCO,1,,17,FEMENINO,SIN DATOS,0,0,Morelia,Alfonso Garcia Robles,octubre,jueves,16,-101.18124961853,19.7194441582534
17955,17956,2018,"181045912",2018/10/11,16:30:00,COLISIÓN POR CAMBIO DE CARRIL,ASFALTO,Nublado,Regular,2,CHEVROLET,ROJO,2,,26,MASCULINO,SIN DATOS,0,0,Morelia,Arboledas de La Huerta,octubre,jueves,17,-101.223521232605,19.6684327686271
17956,17957,2018,,2018/10/11,16:45:00,COLISIÓN POR ALCANCE,ASFALTO,Bueno,Bueno,2,FORD,GRIS,2,MINISTERIO PÚBLICO,48,FEMENINO,SIN DATOS,0,0,Lázaro Cárdenas,Los Llanitos,octubre,jueves,17,-102.21832036972,17.9869172832337
17957,17958,2018,,2018/10/11,17:20:00,COLISIÓN POR CORTE DE CIRCULACIÓN,ASFALTO,Bueno,Bueno,2,ITALIKA,BLANCO,2,,21,MASCULINO,SIN DATOS,0,0,Zitácuaro,Sin datos,octubre,jueves,17,-100.373668670654,19.4909486037096
17958,17959,2018,"181046054",2018/10/11,17:40:00,COLISIÓN POR CORTE DE CIRCULACIÓN,CONCRETO,Nublado,Regular,2,FORD,ROJO,2,,26,FEMENINO,SIN DATOS,0,0,Morelia,Virrey Antonio de Mendoza,octubre,jueves,18,-101.160145998001,19.7073241126607
17959,17960,2018,"181046721",2018/10/11,18:23:00,COLISIÓN POR CORTE DE CIRCULACIÓN,ASFALTO,Nublado,Regular,1,MERCEDES BENZ,BLANCO,1,,26,MASCULINO,SIN DATOS,0,0,Morelia,Sin datos,octubre,jueves,18,-101.354970932007,19.6787979823614
17960,17961,2018,,2018/10/11,18:57:00,COLISIÓN POR CORTE DE CIRCULACIÓN,ASFALTO,Nublado,Bueno,2,DODGE,NEGRO,2,,,,SIN DATOS,0,0,Zitácuaro,Sin datos,octubre,jueves,19,-100.269727706909,19.4404515895792
17961,17962,2018,,2018/10/11,19:10:00,COLISIÓN POR CORTE DE CIRCULACIÓN,ASFALTO,Lluvioso,Regular,2,SIN DATOS,SIN DATOS,2,,0,,SIN DATOS,0,0,Morelia,Lazaro Cardenas,octubre,jueves,19,-101.164222955704,19.7087684663043
17962,17963,2018,,2018/10/11,20:49:00,COLISIÓN POR INVASIÓN DE CARRIL,ASFALTO,Bueno,Bueno,1,CHEVROLET,VERDE,0,,,,,0,0,Coeneo,Coeneo de La Libertad,octubre,jueves,21,-101.582272052765,19.8322376196686
17963,17964,2018,"181046654",2018/10/11,21:19:00,COLISIÓN POR CORTE DE CIRCULACIÓN,CONCRETO,Bueno,Bueno,2,VOLKWAGEN,ROJO,2,,36,MASCULINO,SIN DATOS,0,0,Morelia,Los Angeles,octubre,jueves,21,-101.165231466293,19.7461656112088
17964,17965,2018,,2018/10/11,22:15:00,COLISIÓN CONTRA OBJETO FIJO,CONCRETO,Bueno,Bueno,1,FORD,BLANCO,1,,0,MASCULINO,SIN DATOS,0,0,Morelia,La Loma,octubre,jueves,22,-101.186774969101,19.6785959378188
17965,17966,2018,"181046814",2018/10/11,22:15:00,COLISIÓN POR CORTE DE CIRCULACIÓN,ASFALTO,Bueno,Bueno,2,VOLKSWAGEN,PLATA,2,,42,MASCULINO,ALIENTO ETÍLICO,0,0,Morelia,Campestre del Vergel,octubre,jueves,22,-101.244061589241,19.6772523351296
17966,17967,2018,,2018/10/11,22:45:00,VOLCADURA,ASFALTO,Nublado,Bueno,1,FORD,GRIS,2,,,,,2,0,Santa Ana Maya,Centro,octubre,jueves,23,-101.007013320923,20.0017010760525
17967,17968,2018,"181046957",2018/10/11,23:20:00,COLISIÓN CONTRA OBJETO FIJO,CONCRETO,Nublado,Bueno,1,ITALIKA,NARANJA,1,,38,MASCULINO,ALIENTO ETÍLICO,0,0,Morelia,Centro,octubre,jueves,23,-101.187794208527,19.7028899665051
17968,17969,2018,"181047400",2018/10/12,"06:54:00",COLISIÓN POR CORTE DE CIRCULACIÓN,ASFALTO,Nublado,Regular,2,NISSAN,BLANCO Y GUINDA,2,,32,MASCULINO,SIN DATOS,0,0,Morelia,Santiaguito,octubre,viernes,7,-101.188673973083,19.7187068817243
17969,17970,2018,"181087880",2018/10/12,"07:15:00",COLISIÓN POR ALCANCE,ASFALTO,Bueno,Bueno,2,KENWORTH,BLANCO,2,,44,,SIN DATOS,0,0,Morelia,Sentimientos de La Nacion,octubre,viernes,7,-101.231932640076,19.6777877571005
17970,17971,2018,"181047462",2018/10/12,"07:25:00",COLISIÓN POR ALCANCE,ASFALTO,Bueno,Bueno,2,VOLKSWAGEN,ROJO,2,,20,MASCULINO,SIN DATOS,0,0,Morelia,Morelia 450,octubre,viernes,7,-101.217110753059,19.6755652391051
17971,17972,2018,,2018/10/12,"07:47:00",COLISIÓN POR ALCANCE,ASFALTO,Nublado,Bueno,2,VOLKSWAGEN,GRIS,2,MINISTERIO PÚBLICO,26,MASCULINO,SIN DATOS,0,0,Morelia,Buenavista,octubre,viernes,8,-101.162667274475,19.7063544693314
17972,17973,2018,,2018/10/12,10:05:00,COLISIÓN CONTRA OBJETO FIJO,ASFALTO,Bueno,Bueno,2,SAAB,GRIS,1,,35,MASCULINO,SIN DATOS,0,0,Tarímbaro,Sin datos,octubre,viernes,10,-101.142239570618,19.7731652868727
17973,17974,2018,"181047710",2018/10/12,10:30:00,CAIDA DE MOTOCICLETA,ASFALTO,Bueno,Bueno,1,ITALIKA,NEGRO,2,MINISTERIO PÚBLICO,0,MASCULINO,SIN DATOS,1,0,Morelia,El Lago 2,octubre,viernes,11,-101.214509010315,19.7267056453765
17974,17975,2018,,2018/10/12,10:31:00,COLISIÓN POR INVASIÓN DE CARRIL,ASFALTO,Bueno,Bueno,3,KENWORTH,BLANCO,3,,44,MASCULINO,SIN DATOS,0,0,Tiquicheo de Nicolás Romero,Tiquicheo,octubre,viernes,11,-100.737158,18.899879
17975,17976,2018,,2018/10/12,10:35:00,COLISIÓN POR CORTE DE CIRCULACIÓN,ASFALTO,Bueno,Bueno,2,VOLKSWAGEN,NEGRO,2,MINISTERIO PÚBLICO,,,SIN DATOS,0,0,Hidalgo,Sin datos,octubre,viernes,11,-100.514817237854,19.687566469978
17976,17977,2018,"181043190",2018/10/12,11:56:00,COLISIÓN POR NO RESPETAR SEMÁFORO,ASFALTO,Bueno,Bueno,2,NISSAN,BLANCO,1,MINISTERIO PÚBLICO,,,,1,0,Morelia,Centro,octubre,viernes,12,-101.18754847,19.7028479949991
17977,17978,2018,"181087910",2018/10/12,12:30:00,COLISIÓN POR ALCANCE,ASFALTO,Nublado,Bueno,2,NISSAN,BLANCO,2,,29,MASCULINO,SIN DATOS,0,0,Morelia,Nueva Chapultepec,octubre,viernes,13,-101.165081262589,19.6885917859695
17978,17979,2018,,2018/10/12,13:15:00,SALIDA DE SUPERFICIE DE RODAMIENTO,ASFALTO,Bueno,Bueno,1,FORD,CAFE,0,,,,,0,0,Morelia,Sin datos,octubre,viernes,13,-101.348823308945,19.5440788925632
17979,17980,2018,,2018/10/12,15:15:00,COLISIÓN POR CAMBIO DE CARRIL,ADOQUIN_EMPEDRADO,Bueno,Bueno,2,NISSAN,VERDE,2,,0,FEMENINO,SIN DATOS,0,0,Morelia,Centro,octubre,viernes,15,-101.203533411026,19.7022877110925
17980,17981,2018,"181048957",2018/10/12,15:50:00,COLISIÓN POR ALCANCE,ASFALTO,Bueno,Bueno,2,FORD,GRIS,2,,48,MASCULINO,SIN DATOS,0,0,Morelia,La Soledad,octubre,viernes,16,-101.18337392807,19.7282306167424
17981,17982,2018,"181049366",2018/10/12,18:12:00,COLISIÓN POR MANIOBRA DE REVERSA,ASFALTO,Bueno,Bueno,2,CHRYSLER,ROJO,2,,0,MASCULINO,SIN DATOS,0,0,Morelia,Lomas de Hidalgo,octubre,viernes,18,-101.159459352493,19.6957789152114
17982,17983,2018,,2018/10/12,18:40:00,COLISIÓN POR CORTE DE CIRCULACIÓN,SIN_DATOS,Bueno,Bueno,1,NISSAN,BLANCO,1,,43,MASCULINO,SIN DATOS,0,0,Morelia,Lazaro Cardenas,octubre,viernes,19,-101.164609193802,19.7092229804872
17983,17984,2018,"181049470",2018/10/12,19:04:00,COLISIÓN POR CAMBIO DE CARRIL,ASFALTO,Bueno,Bueno,2,RENAULT,PLATA,1,,32,MASCULINO,SIN DATOS,0,0,Morelia,Sentimientos de La Nacion,octubre,viernes,19,-101.234346628189,19.6789293111774
17984,17985,2018,,2018/10/12,19:20:00,COLISIÓN POR CAMBIO DE CARRIL,CONCRETO,Bueno,Bueno,2,NISSAN,BLANCO,2,,0,MASCULINO,SIN DATOS,0,0,Morelia,Elias Perez Avalos,octubre,viernes,19,-101.169319152832,19.7133034499641
17985,17986,2018,LEG18598,2018/10/12,20:40:00,COLISIÓN POR INVASIÓN DE CARRIL,ASFALTO,Bueno,Bueno,2,VOLKSWAGEN,AZUL,2,,35,MASCULINO,SIN DATOS,0,0,Morelia,Eduardo Ruiz,octubre,viernes,21,-101.216397285461,19.7181008984695
17986,17987,2018,"181049844",2018/10/12,21:00:00,COLISIÓN POR CAMBIO DE CARRIL,ASFALTO,Bueno,Bueno,2,DODGE,BLANCO,2,,26,MASCULINO,SIN DATOS,0,0,Morelia,Industrial,octubre,viernes,21,-101.18838429451,19.7108289202554
17987,17988,2018,,2018/10/13,"00:43:00",COLISIÓN POR ALCANCE,ASFALTO,Bueno,Bueno,2,KENWORTH,BLANCO,2,,35,MASCULINO,SIN DATOS,0,0,Morelia,Libertad,octubre,sábado,1,-101.2378013134,19.6870108772893
17988,17989,2018,"181281311",2018/10/13,"04:15:00",COLISIÓN CONTRA OBJETO FIJO,ASFALTO,Bueno,Bueno,1,MAZDA,ROJO,1,,25,MASCULINO,SIN DATOS,0,0,Morelia,Lomas de Huerta,octubre,sábado,4,-101.21435880661,19.6744337635563
17989,17990,2018,"181050729",2018/10/13,"08:40:00",COLISIÓN POR CORTE DE CIRCULACIÓN,ASFALTO,Nublado,Bueno,2,NISSAN,BLANCO,2,,33,FEMENINO,SIN DATOS,0,0,Morelia,Jardines de La Loma,octubre,sábado,9,-101.225295513868,19.6768419279264
17990,17991,2018,"181503201",2018/10/13,"08:50:00",COLISIÓN CONTRA OBJETO FIJO,ASFALTO,Nublado,Bueno,2,VOLKSWAGEN,VERDE,2,,40,FEMENINO,SIN DATOS,0,0,Morelia,Nueva Chapultepec,octubre,sábado,9,-101.16736382246,19.6890690860018
17991,17992,2018,"181047671",2018/10/13,10:04:00,COLISIÓN POR CAMBIO DE CARRIL,ASFALTO,Bueno,Bueno,2,FREIGHTLINER,BLANCO,2,,0,MASCULINO,SIN DATOS,0,0,Morelia,Centro,octubre,sábado,10,-101.18754847,19.7028479949991
17992,17993,2018,"181051007",2018/10/13,10:50:00,COLISIÓN CON PEATÓN,ASFALTO,Bueno,Bueno,2,NISSAN,BLANCO,2,,25,FEMENINO,SIN DATOS,0,0,Morelia,Lomas de San Juan,octubre,sábado,11,-101.183039681886,19.7298664251429
17993,17994,2018,"181051148",2018/10/13,10:55:00,COLISIÓN POR ALCANCE,ASFALTO,Bueno,Bueno,2,NISSAN,BLANCO,2,,52,MASCULINO,SIN DATOS,0,0,Morelia,Infonavit  Las  Camelinas,octubre,sábado,11,-101.173803806305,19.683677280678
17994,17995,2018,"181051210",2018/10/13,11:00:00,COLISIÓN POR ALCANCE,ASFALTO,Bueno,Bueno,2,TOYOTA,ARENA,2,,62,MASCULINO,SIN DATOS,0,0,Morelia,Vista Bella,octubre,sábado,11,-101.192042827606,19.6822023945825
17996,17997,2018,"181051542",2018/10/13,12:30:00,COLISIÓN POR ALCANCE,ASFALTO,Bueno,Bueno,2,VOLKSWAGEN,BEAGE,2,,19,MASCULINO,SIN DATOS,0,0,Morelia,Felix Ireta,octubre,sábado,13,-101.195604801178,19.6831822861738
17997,17998,2018,"181051591",2018/10/13,12:46:00,SUBIDA AL CAMELLÓN,ASFALTO,Bueno,Bueno,1,FORD,BLANCO,1,,0,MASCULINO,SIN DATOS,0,0,Morelia,Arcos del Valle,octubre,sábado,13,-101.236288547516,19.7076776269957
17998,17999,2018,,2018/10/13,13:00:00,COLISIÓN POR ALCANCE,ASFALTO,Bueno,Bueno,2,NISSAN,BLANCO/AZUL,2,,40,MASCULINO,SIN DATOS,0,0,Morelia,Real Santa Rita,octubre,sábado,13,-101.220855116844,19.67396904807
17999,18000,2018,"181051658",2018/10/13,13:40:00,COLISIÓN POR CAMBIO DE CARRIL,ASFALTO,Bueno,Bueno,2,NISSAN,BLANCO/ROJO,2,,25,MASCULINO,SIN DATOS,0,0,Morelia,Lomas de San Juan,octubre,sábado,14,-101.183039681886,19.7298664251429
18000,18001,2018,"181051601",2018/10/13,13:50:00,COLISIÓN POR CORTE DE CIRCULACIÓN,ASFALTO,Bueno,Bueno,2,ITALIKA,AZUL,2,,57,MASCULINO,SIN DATOS,0,0,Morelia,Centro,octubre,sábado,14,-101.192380785942,19.7048141384168
18001,18002,2018,,2018/10/13,16:20:00,COLISIÓN POR ALCANCE,ASFALTO,Bueno,Bueno,2,JEEP,ROJO,2,MINISTERIO PÚBLICO,,,SIN DATOS,0,0,Apatzingán,Centro,octubre,sábado,16,-102.350457,19.087946
18002,18003,2018,"181052558",2018/10/13,18:15:00,COLISIÓN POR ALCANCE,ASFALTO,Bueno,Bueno,2,FREIGHTLINER,BLANCO,2,,0,MASCULINO,SIN DATOS,0,0,Morelia,Cinco de Diciembre,octubre,sábado,18,-101.158820986748,19.6869452162078
18003,18004,2018,"18104992",2018/10/13,18:17:00,COLISIÓN POR ALCANCE,ASFALTO,Bueno,Bueno,2,NISSAN,ROJO/BLANCO,2,,0,MASCULINO,SIN DATOS,0,0,Morelia,La Soledad,octubre,sábado,18,-101.183322966099,19.7291748797949
18004,18005,2018,,2018/10/13,19:30:00,COLISIÓN POR CORTE DE CIRCULACIÓN,ASFALTO,Nublado,Regular,2,HONDA,ROJO,3,MINISTERIO PÚBLICO,19,MASCULINO,SIN DATOS,1,0,Peribán,Los Cerritos,octubre,sábado,20,-102.429249286652,19.5335027666829
18005,18006,2018,"181161592",2018/10/13,19:53:00,COLISIÓN POR CORTE DE CIRCULACIÓN,ASFALTO,Bueno,Bueno,2,FORD,GRIS,2,,21,MASCULINO,SIN DATOS,0,0,Morelia,Loma Bonita,octubre,sábado,20,-101.196967363358,19.7187674799235
18006,18007,2018,"181153212",2018/10/13,20:20:00,COLISIÓN POR CORTE DE CIRCULACIÓN,ASFALTO,Bueno,Bueno,2,NISSAN,PLATA,2,,56,FEMENINO,ALIENTO ETÍLICO,0,0,Morelia,Josefa Ortiz de Dominguez,octubre,sábado,20,-101.209895610809,19.6723526358828
18007,18008,2018,"181053204",2018/10/13,21:14:00,COLISIÓN POR CAMBIO DE CARRIL,ASFALTO,Bueno,Bueno,2,CHEVROLET,ROJO,2,,36,MASCULINO,ALIENTO ETÍLICO,0,0,Morelia,Ferrocarrilero,octubre,sábado,21,-101.217480897903,19.6976223643876
18009,18010,2018,"181050108",2018/10/13,22:35:00,COLISIÓN POR ALCANCE,ASFALTO,Bueno,Bueno,3,CHEVROLET,GRIS,3,,0,MASCULINO,SIN DATOS,0,0,Morelia,Isaac Arriaga,octubre,sábado,23,-101.171835064888,19.71151573234
18010,18011,2018,"181053422",2018/10/13,23:00:00,COLISIÓN POR INVASIÓN DE CARRIL,ASFALTO,Bueno,Bueno,2,CHEVROLET,BLANCO,2,,0,MASCULINO,ALIENTO ETÍLICO,0,0,Morelia,Ricardo Flores Magon,octubre,sábado,23,-101.242597103119,19.7075665225746
18011,18012,2018,"181053455",2018/10/13,23:30:00,COLISIÓN CON PEATÓN,ASFALTO,Bueno,Bueno,1,HONDA,ROJA,2,MINISTERIO PÚBLICO,,,,2,0,Tarímbaro,Sin datos,octubre,sábado,0,-101.215839385986,19.7747806797319
18012,18013,2018,,2018/10/14,"00:20:00",COLISIÓN CONTRA OBJETO FIJO,ASFALTO,Lluvioso,Bueno,1,NISSAN,GRIS,1,MINISTERIO PÚBLICO,,,SIN DATOS,0,0,Jungapeo,Los Almendros,octubre,domingo,0,-100.490527153015,19.4690199418282
18013,18014,2018,,2018/10/14,"00:30:00",COLISIÓN POR ALCANCE,ASFALTO,Lluvioso,Regular,2,VOLKSWAGEN,GRIS,0,MINISTERIO PÚBLICO,,,,0,0,Morelia,Sin datos,octubre,domingo,1,-101.114666461945,19.737056986233
18014,18015,2018,"1810538",2018/10/14,"02:57:00",SUBIDA AL CAMELLÓN,ASFALTO,Bueno,Bueno,1,DODGE,BLANCO,1,,0,MASCULINO,SIN DATOS,0,0,Morelia,Canteras de Morelia,octubre,domingo,3,-101.171700954437,19.7151214473895
18015,18016,2018,"181053869",2018/10/14,"03:10:00",SUBIDA AL CAMELLÓN,ASFALTO,Lluvioso,Bueno,1,DODGE,BLANCO,1,,43,MASCULINO,SIN DATOS,0,0,Morelia,Avicola Benito Juarez,octubre,domingo,3,-101.279547214508,19.691526274762
18016,18017,2018,LEG18635,2018/10/14,"03:30:00",COLISIÓN CONTRA OBJETO FIJO,ASFALTO,Bueno,Bueno,1,NISSAN,GRIS,0,MINISTERIO PÚBLICO,,,,0,0,Morelia,Jardines del Toreo,octubre,domingo,4,-101.214165687561,19.6880715525677
18017,18018,2018,"181053933",2018/10/14,"04:40:00",COLISIÓN POR ALCANCE,CONCRETO,Lluvioso,Bueno,2,NISSAN,ROJO,2,,44,MASCULINO,SIN DATOS,0,0,Morelia,Ejidal Ocolusen,octubre,domingo,5,-101.155073239582,19.682418876405
18018,18019,2018,"181053953",2018/10/14,"04:50:00",SUBIDA AL CAMELLÓN,ASFALTO,Lluvioso,Bueno,1,CHRYSLER,ROJO,1,,30,MASCULINO,ALIENTO ETÍLICO,0,0,Morelia,Reforma,octubre,domingo,5,-101.241631507874,19.705768640305
18019,18020,2018,"181053949",2018/10/14,"05:55:00",SUBIDA AL CAMELLÓN,CONCRETO,Lluvioso,Bueno,1,FORD,AZUL,1,,29,MASCULINO,SIN DATOS,0,0,Morelia,Felix Ireta,octubre,domingo,6,-101.181635856628,19.6815255587459
18020,18021,2018,"181053998",2018/10/14,"06:00:00",SUBIDA AL CAMELLÓN,ASFALTO,Lluvioso,Bueno,1,BMW,NEGRO,1,,30,MASCULINO,SIN DATOS,0,0,Morelia,Felix Ireta,octubre,domingo,6,-101.181625127792,19.6814952525968
18021,18022,2018,"181054124",2018/10/14,"09:00:00",COLISIÓN POR CAMBIO DE CARRIL,ASFALTO,Bueno,Bueno,2,GENERAL MOTORS,BLANCO,2,,,MASCULINO,SIN DATOS,0,0,Morelia,Ventura Puente,octubre,domingo,9,-101.195368766785,19.6921929669552
18022,18023,2018,"181054367",2018/10/14,10:00:00,COLISIÓN POR ALCANCE,ASFALTO,Bueno,Bueno,2,SEAT,AZUL,2,,29,FEMENINO,SIN DATOS,0,0,Morelia,Alberto Oviedo Mota,octubre,domingo,10,-101.20216012001,19.6774897394318
18023,18024,2018,"181054317",2018/10/14,10:10:00,COLISIÓN POR CORTE DE CIRCULACIÓN,ASFALTO,Bueno,Bueno,1,HONDA,ROJO,1,,61,MASCULINO,SIN DATOS,0,0,Morelia,Lomas del Valle,octubre,domingo,10,-101.230222677688,19.687753554468
18024,18025,2018,"181054411",2018/10/14,10:50:00,COLISIÓN POR ALCANCE,ASFALTO,Bueno,Bueno,2,NISSAN,BLANCO,2,,42,MASCULINO,SIN DATOS,0,0,Morelia,Sentimientos de La Nacion,octubre,domingo,11,-101.235687732697,19.6822124965882
18025,18026,2018,"181300409",2018/10/14,11:05:00,COLISIÓN POR ALCANCE,CONCRETO,Bueno,Bueno,2,VOLKSWAGEN,NEGRO,2,,35,MASCULINO,SIN DATOS,0,0,Morelia,Loma de Los Piñones,octubre,domingo,11,-101.205121278763,19.6741407909067
18026,18027,2018,,2018/10/14,15:10:00,COLISIÓN POR CAMBIO DE CARRIL,ASFALTO,Bueno,Bueno,2,NISSAN,BLANCO,0,MINISTERIO PÚBLICO,,,,0,0,Uruapan,La Cofradia,octubre,domingo,15,-102.02075958252,19.4351905797226
18027,18028,2018,,2018/10/14,15:10:00,COLISIÓN POR CAMBIO DE CARRIL,ASFALTO,Bueno,Bueno,2,NISSAN,BLANCO,2,MINISTERIO PÚBLICO,0,MASCULINO,SIN DATOS,0,0,Tangamandapio,Sin datos,octubre,domingo,15,-102.391719818115,19.9433373939891
18028,18029,2018,,2018/10/14,15:20:00,COLISIÓN POR MANIOBRA DE REVERSA,ASFALTO,Bueno,Bueno,1,HONDA,GRIS,1,,32,MASCULINO,SIN DATOS,0,0,Morelia,Independencia,octubre,domingo,15,-101.177781522274,19.7052459375955
18029,18030,2018,"181055420",2018/10/14,17:15:00,COLISIÓN POR CORTE DE CIRCULACIÓN,CONCRETO,Bueno,Bueno,2,YAMAHA,BLANCO,2,,30,MASCULINO,SIN DATOS,0,0,Morelia,Elias Perez Avalos,octubre,domingo,17,-101.166508197784,19.7110107237413
18030,18031,2018,"181055692",2018/10/14,19:00:00,COLISIÓN CONTRA OBJETO FIJO,ASFALTO,Nublado,Bueno,1,VOLKSWAGEN,CAFE,2,,33,MASCULINO,ALIENTO ETÍLICO,1,0,Morelia,Nicolaitas Ilustres,octubre,domingo,19,-101.228220462799,19.719504756173
18032,18033,2018,,2018/10/15,"06:30:00",COLISIÓN POR ALCANCE,ASFALTO,Nublado,Bueno,2,NISSAN,BLANCO Y ROJO,2,MINISTERIO PÚBLICO,,MASCULINO,SIN DATOS,0,0,Tarímbaro,Sin datos,octubre,lunes,7,-101.171894073486,19.7509115845577
18033,18034,2018,,2018/10/15,"06:40:00",COLISIÓN POR ALCANCE,ASFALTO,Nublado,Bueno,2,NISSAN,BLANCO Y ROJO,2,MINISTERIO PÚBLICO,,MASCULINO,SIN DATOS,0,0,Tarímbaro,Sin datos,octubre,lunes,7,-101.171818971634,19.7508409008836
18034,18035,2018,"181056546",2018/10/15,"07:10:00",COLISIÓN POR CORTE DE CIRCULACIÓN,ASFALTO,Bueno,Bueno,2,FREIGHTLINER,BLANCO,2,,43,MASCULINO,SIN DATOS,0,0,Morelia,Felix Ireta,octubre,lunes,7,-101.192075014114,19.6823236186094
18035,18036,2018,"1811056531",2018/10/15,"07:15:00",COLISIÓN POR CAMBIO DE CARRIL,ASFALTO,Nublado,Bueno,2,DODGE,BLANCO,2,,34,MASCULINO,SIN DATOS,0,0,Morelia,Campestre Los Manantiales,octubre,lunes,7,-101.238176822662,19.687768503205
18036,18037,2018,"181056563",2018/10/15,"07:20:00",COLISIÓN POR ALCANCE,ASFALTO,Bueno,Bueno,2,PEUGEOT,PLATA,2,,24,FEMENINO,SIN DATOS,0,0,Tarímbaro,Sin datos,octubre,lunes,7,-101.167774200439,19.7585654314135
18037,18038,2018,"181057649",2018/10/15,"07:45:00",COLISIÓN POR CORTE DE CIRCULACIÓN,ASFALTO,Bueno,Bueno,2,TOYOTA,ROJO,2,,0,FEMENINO,SIN DATOS,0,0,Morelia,Libertad,octubre,lunes,8,-101.236926913261,19.6848137418638
18038,18039,2018,"181056579",2018/10/15,"08:25:00",VOLCADURA,ASFALTO,Bueno,Bueno,1,VOLKSWAGEN,ROJO,1,,25,MASCULINO,SIN DATOS,0,0,Morelia,Sin datos,octubre,lunes,8,-101.127347946167,19.7141417513451
18039,18040,2018,"181056589",2018/10/15,"08:30:00",COLISIÓN POR CORTE DE CIRCULACIÓN,CONCRETO,Bueno,Bueno,2,CHEVROLET,GRIS,2,,31,FEMENINO,SIN DATOS,0,0,Morelia,Felix Ireta,octubre,lunes,9,-101.188191175461,19.6874755549427
18040,18041,2018,"181056578",2018/10/15,"08:30:00",COLISIÓN POR CAMBIO DE CARRIL,ASFALTO,Bueno,Bueno,2,DINA,AZUL,2,,44,MASCULINO,SIN DATOS,0,0,Morelia,Felix Arreguin,octubre,lunes,9,-101.22699201107,19.7208025561043
18041,18042,2018,"181056642",2018/10/15,"08:35:00",COLISIÓN POR ALCANCE,ASFALTO,Bueno,Bueno,2,FORD,ROJO,2,,56,FEMENINO,SIN DATOS,0,0,Morelia,Loma de Los Piñones,octubre,lunes,9,-101.205067634583,19.6741205858767
18042,18043,2018,,2018/10/15,"08:50:00",COLISIÓN CON PEATÓN,SIN_DATOS,Bueno,Bueno,3,CHEVROLET,VERDE,2,,,,,2,0,Acuitzio,Centro,octubre,lunes,9,-101.332145,19.492131
18043,18044,2018,"181056744",2018/10/15,"09:35:00",COLISIÓN POR CAMBIO DE CARRIL,ASFALTO,Bueno,Bueno,2,NISSAN,ORO,2,,36,MASCULINO,SIN DATOS,0,0,Morelia,Leandro Valle,octubre,lunes,10,-101.230473518372,19.7159092398545
18044,18045,2018,"181056990",2018/10/15,11:15:00,COLISIÓN POR ALCANCE,ASFALTO,Nublado,Regular,2,VOLKSWAGEN,ROJO,2,,48,MASCULINO,SIN DATOS,0,0,Morelia,Fovissste La Huerta,octubre,lunes,11,-101.212148666382,19.6924353997917
18045,18046,2018,"181057159",2018/10/15,12:15:00,COLISIÓN POR CORTE DE CIRCULACIÓN,ASFALTO,Bueno,Bueno,2,NISSAN,BLANCO Y ROJO,2,,55,MASCULINO,SIN DATOS,0,0,Morelia,Poblado de Ocolusen,octubre,lunes,12,-101.150833368301,19.694804151312
18046,18047,2018,"18157586",2018/10/15,13:55:00,COLISIÓN POR ALCANCE,ASFALTO,Bueno,Bueno,3,CHEVROLET,GRIS,2,MINISTERIO PÚBLICO,47,MASCULINO,SIN DATOS,0,0,Morelia,Fovissste La Huerta,octubre,lunes,14,-101.212170124054,19.6924353997917
18047,18048,2018,"1811056371",2018/10/15,14:28:00,COLISIÓN POR CAMBIO DE CARRIL,ASFALTO,Bueno,Bueno,2,NISSAN,BLANCO Y ROJO,2,,57,MASCULINO,SIN DATOS,0,0,Morelia,Centro,octubre,lunes,14,-101.188850998878,19.7028899665051
18048,18049,2018,,2018/10/15,14:30:00,COLISIÓN POR ALCANCE,ASFALTO,Bueno,Bueno,2,VOLKSWAGEN,BLANCO,2,,30,MASCULINO,SIN DATOS,0,0,Morelia,Independencia,octubre,lunes,15,-101.177870035172,19.7049605967484