fid,id_accidente,anio_origen,folio_c5i,dia_incidente,hora_ocurrencia,tipo_incidente_vial,superficie_ocurrencia,condiciones_climaticas,condiciones_via,numero_vehiculos_involucrados,marca_vehiculo_ocasiona_siniestro,color_vehiculo_ocasiona_siniestro,numero_personas_involucradas,lugar_remite_presunto_responsable,edad_presunto_responsable,sexo_presunto_responsable,resultados_toxicologia,numero_personas_lesionadas,numero_personas_fallecidas,municipio,colonia,mes,dia_semana,hora_redondeada,lon,lat
18049,18050,2018,"181057872",2018/10/15,15:40:00,COLISIÓN POR CAMBIO DE CARRIL,ASFALTO,Bueno,Bueno,2,ISUZU,BLANCO,2,,22,MASCULINO,SIN DATOS,0,0,Morelia,Leandro Valle,octubre,lunes,16,-101.229679584503,19.7175050126956
18050,18051,2018,,2018/10/15,17:20:00,COLISIÓN POR ALCANCE,ASFALTO,Bueno,Bueno,2,INTERNACIONAL,BLANCO,2,,0,MASCULINO,SIN DATOS,0,0,Tiquicheo de Nicolás Romero,Tiquicheo,octubre,lunes,17,-100.737158,18.899879
18051,18052,2018,,2018/10/15,17:20:00,COLISIÓN CON PEATÓN,SIN_DATOS,Bueno,Bueno,1,INTERNATIONAL,BLANCO,1,,43,MASCULINO,SIN DATOS,0,0,Tiquicheo de Nicolás Romero,La Cruz,octubre,lunes,17,-100.740036964417,18.9094938693792
18052,18053,2018,"181058564",2018/10/15,18:25:00,COLISIÓN POR ALCANCE,ASFALTO,Bueno,Bueno,2,NISSAN,ROJO,2,,36,FEMENINO,SIN DATOS,0,0,Morelia,Felix Ireta,octubre,lunes,18,-101.191999912262,19.6824549445351
18053,18054,2018,,2018/10/15,19:24:00,COLISIÓN POR CORTE DE CIRCULACIÓN,ASFALTO,Bueno,Bueno,2,NISSAN,VERDE,2,,25,MASCULINO,SIN DATOS,0,0,Morelia,La Hacienda,octubre,lunes,19,-101.319984197617,19.676146127466
18054,18055,2018,,2018/10/15,19:30:00,SALIDA DE SUPERFICIE DE RODAMIENTO,ASFALTO,Bueno,Bueno,1,RAM,BLANCO,1,,21,MASCULINO,SIN DATOS,0,0,Arteaga,Centro,octubre,lunes,20,-102.288794,18.356798
18055,18056,2018,,2018/10/15,19:30:00,SALIDA DE SUPERFICIE DE RODAMIENTO,ASFALTO,Bueno,Bueno,0,,,0,,,,,0,0,Arteaga,Centro,octubre,lunes,20,-102.288794,18.356798
18056,18057,2018,"181053932",2018/10/15,21:05:00,COLISIÓN CONTRA OBJETO FIJO,ASFALTO,Bueno,Bueno,1,NISSAN,BLANCO,1,,48,MASCULINO,SIN DATOS,0,0,Morelia,Alberto Oviedo Mota,octubre,lunes,21,-101.201205253601,19.6803739210483
18057,18058,2018,"181059593",2018/10/16,"06:30:00",COLISIÓN POR ALCANCE,ASFALTO,Bueno,Bueno,2,SIN DATOS,SIN DATOS,2,,0,,SIN DATOS,0,0,Morelia,Libertad,octubre,martes,7,-101.236921548843,19.6848187927844
18058,18059,2018,"181061935",2018/10/16,"09:15:00",COLISIÓN POR ALCANCE,ASFALTO,Bueno,Bueno,3,ISUZU,BLANCO,3,,29,MASCULINO,SIN DATOS,0,0,Morelia,Ana Maria Gallaga (Riviera Norte),octubre,martes,9,-101.223145723343,19.6768785489195
18059,18060,2018,"181059843",2018/10/16,"09:45:00",COLISIÓN CONTRA OBJETO FIJO,CONCRETO,Bueno,Bueno,1,FROD,VERDE,1,,61,MASCULINO,SIN DATOS,0,0,Morelia,Solidaridad,octubre,martes,10,-101.204482913017,19.7287456700083
18060,18061,2018,"181060111",2018/10/16,11:20:00,COLISIÓN POR CORTE DE CIRCULACIÓN,ASFALTO,Bueno,Bueno,2,VENTO,BLANCO Y NARANJA,2,,23,MASCULINO,SIN DATOS,0,0,Morelia,Gertrudis Bocanegra,octubre,martes,11,-101.21258854866,19.7020718076568
18061,18062,2018,"181060173",2018/10/16,11:27:00,COLISIÓN POR CORTE DE CIRCULACIÓN,CONCRETO,Bueno,Bueno,2,RAM,PLATA,2,,78,MASCULINO,SIN DATOS,0,0,Morelia,Centro,octubre,martes,11,-101.200196743011,19.703102081079
18062,18063,2018,"181060388",2018/10/16,12:15:00,COLISIÓN CONTRA OBJETO FIJO,CONCRETO,Bueno,Bueno,4,TOYOTA,BLANCO,6,,69,FEMENINO,SIN DATOS,2,0,Morelia,Ventura Puente,octubre,martes,12,-101.190690994263,19.6930818855607
18063,18064,2018,"181060590",2018/10/16,13:20:00,COLISIÓN POR CAMBIO DE CARRIL,CONCRETO,Bueno,Bueno,2,MERCEDES BENZ,AMARILLO,2,,26,MASCULINO,SIN DATOS,0,0,Morelia,Ferrocarrilero,octubre,martes,13,-101.212770938873,19.7019606993424
18064,18065,2018,"181060845",2018/10/16,13:40:00,COLISIÓN POR CAMBIO DE CARRIL,ASFALTO,Bueno,Bueno,2,INTERNATIONAL,BLANCO,2,,21,MASCULINO,SIN DATOS,0,0,Morelia,Canteras de Morelia,octubre,martes,14,-101.171647310257,19.7147780494593
18065,18066,2018,"181060712",2018/10/16,14:06:00,COLISIÓN POR ALCANCE,ASFALTO,Bueno,Bueno,2,ITALIKA,NEGRO,2,MINISTERIO PÚBLICO,27,MASCULINO,SIN DATOS,0,0,Morelia,Ana Maria Gallaga (Riviera Norte),octubre,martes,14,-101.219530105591,19.6772018235305
18066,18067,2018,"18006109",2018/10/16,14:54:00,COLISIÓN POR CAMBIO DE CARRIL,ASFALTO,Bueno,Bueno,2,AUTOCAR,BLANCO Y ROJO,2,MINISTERIO PÚBLICO,57,MASCULINO,SIN DATOS,0,0,Morelia,Indeco El Vivero,octubre,martes,15,-101.229894161224,19.6770805956278
18067,18068,2018,"181060888",2018/10/16,15:05:00,COLISIÓN POR CAMBIO DE CARRIL,ASFALTO,Lluvioso,Bueno,2,DATSUN,ROJO,2,,29,MASCULINO,SIN DATOS,0,0,Morelia,Alfonso Espinoza Guerrero (Barranca Seca),octubre,martes,15,-101.175209283829,19.6729840488339
18068,18069,2018,,2018/10/16,16:26:00,COLISIÓN POR CAMBIO DE CARRIL,ASFALTO,Bueno,Bueno,4,DODGE,AZUL,2,MINISTERIO PÚBLICO,,,,2,0,Morelia,Sin datos,octubre,martes,16,-101.174597740173,19.7457213000964
18069,18070,2018,"181061429",2018/10/16,17:20:00,COLISIÓN POR CORTE DE CIRCULACIÓN,ASFALTO,Bueno,Bueno,2,VOLKSWAGEN,BLANCO,2,MINISTERIO PÚBLICO,,MASCULINO,SIN DATOS,0,0,Morelia,Santiaguito,octubre,martes,17,-101.188679337502,19.7186412336493
18070,18071,2018,"181061420",2018/10/16,17:25:00,COLISIÓN POR CORTE DE CIRCULACIÓN,ASFALTO,Bueno,Bueno,2,CHEVROLET,NEGRO,2,,21,MASCULINO,SIN DATOS,0,0,Morelia,Francisco J Mujica,octubre,martes,17,-101.188266277313,19.7214135788827
18071,18072,2018,LEG18693,2018/10/16,19:35:00,COLISIÓN POR ALCANCE,ASFALTO,Bueno,Bueno,2,ITALIKA,ROJO,2,,0,MASCULINO,SIN DATOS,0,0,Morelia,Villas del Real,octubre,martes,20,-101.198748350143,19.7348403409034
18072,18073,2018,"181061929",2018/10/16,20:25:00,COLISIÓN POR ALCANCE,CONCRETO,Bueno,Bueno,2,FORD,GRIS,2,,40,MASCULINO,SIN DATOS,0,0,Morelia,Elias Perez Avalos,octubre,martes,20,-101.165907382965,19.7103946110913
18073,18074,2018,"181061930",2018/10/16,21:45:00,COLISIÓN POR CAMBIO DE CARRIL,ASFALTO,Lluvioso,Regular,2,DINA,ROJO,2,,50,MASCULINO,SIN DATOS,0,0,Morelia,Alberto Oviedo Mota,octubre,martes,22,-101.195797920227,19.682677188164
18074,18075,2018,"181062312",2018/10/16,23:40:00,COLISIÓN CONTRA OBJETO FIJO,ASFALTO,Bueno,Bueno,1,NISSAN,GRIS,1,,31,MASCULINO,SIN DATOS,0,0,Morelia,Campestre Los Manantiales,octubre,martes,0,-101.239249706268,19.6900514609556
18075,18076,2018,"181062313",2018/10/16,23:40:00,COLISIÓN POR NO RESPETAR SEMÁFORO,ASFALTO,Lluvioso,Regular,2,JEEP,BLANCO,2,,22,FEMENINO,SIN DATOS,0,0,Morelia,Molino de Parras,octubre,martes,0,-101.200261116028,19.6937788751056
18076,18077,2018,"181061062",2018/10/17,"00:00:00",COLISIÓN POR ALCANCE,ASFALTO,Bueno,Bueno,2,CHEVROLET,AZUL,1,MINISTERIO PÚBLICO,25,FEMENINO,SIN DATOS,0,0,Morelia,Praderas de Morelia,octubre,miércoles,0,-101.229737251997,19.6737101706521
18077,18078,2018,"181062621",2018/10/17,"00:00:00",COLISIÓN POR CORTE DE CIRCULACIÓN,CONCRETO,Bueno,Bueno,2,VOLKWAGEN,BLANCO,2,,35,MASCULINO,SIN DATOS,0,0,Morelia,Nueva Esperanza,octubre,miércoles,0,-101.251190900803,19.686788639674
18078,18079,2018,,2018/10/17,"01:15:00",COLISIÓN POR CORTE DE CIRCULACIÓN,ASFALTO,Lluvioso,Regular,2,NISSAN,BLANCO Y GUINDA,2,MINISTERIO PÚBLICO,26,MASCULINO,SIN DATOS,0,0,Morelia,La Hacienda,octubre,miércoles,1,-101.319994926453,19.6747494662429
18079,18080,2018,"181062627",2018/10/17,"07:55:00",COLISIÓN POR CORTE DE CIRCULACIÓN,ASFALTO,Nublado,Bueno,2,FORD,AZUL,2,,24,FEMENINO,SIN DATOS,0,0,Morelia,Chapultepec Sur,octubre,miércoles,8,-101.177113652229,19.6920161927805
18080,18081,2018,"181062697",2018/10/17,"08:30:00",COLISIÓN POR ALCANCE,ASFALTO,Nublado,Bueno,3,DODGE,GRANITO,3,,49,FEMENINO,SIN DATOS,0,0,Morelia,Rey Tariacuri (Eucaliptos),octubre,miércoles,9,-101.198887825012,19.6778887799133
18081,18082,2018,"181062941",2018/10/17,10:20:00,COLISIÓN POR ALCANCE,ASFALTO,Bueno,Bueno,2,FREIGHTLINER,ROJO,2,,29,MASCULINO,SIN DATOS,0,0,Morelia,Libertad,octubre,miércoles,10,-101.236921548843,19.6848693019817
18082,18083,2018,"181063203",2018/10/17,11:55:00,COLISIÓN POR CAMBIO DE CARRIL,CONCRETO,Bueno,Bueno,2,DODGE,ROJO,2,,27,MASCULINO,SIN DATOS,0,0,Morelia,Felix Ireta,octubre,miércoles,12,-101.180917024612,19.6850410331333
18083,18084,2018,"181064046",2018/10/17,16:10:00,COLISIÓN CON PEATÓN,CONCRETO,Bueno,Bueno,1,NISSAN,BLANCO,2,,48,MASCULINO,SIN DATOS,1,0,Morelia,Camelinas,octubre,miércoles,16,-101.174039840698,19.6820710684498
18084,18085,2018,"181423981",2018/10/17,17:00:00,COLISIÓN POR MANIOBRA DE REVERSA,TERRACERIA,Bueno,Bueno,2,FORD,BLANCO,2,,28,FEMENINO,SIN DATOS,0,0,Morelia,Valle de Las Flores,octubre,miércoles,17,-101.126393079758,19.6878594180741
18085,18086,2018,"181074260",2018/10/17,17:23:00,COLISIÓN CON PEATÓN,CONCRETO,Bueno,Bueno,2,DODGE,GRIS,2,,0,MASCULINO,SIN DATOS,0,0,Morelia,Industrial,octubre,miércoles,17,-101.197836399078,19.7091118771395
18086,18087,2018,"181064496",2018/10/17,19:20:00,COLISIÓN POR ALCANCE,ASFALTO,Bueno,Bueno,2,DODGE,ROJO,2,,38,MASCULINO,SIN DATOS,0,0,Morelia,Lomas del Tecnologico,octubre,miércoles,19,-101.188609600067,19.720231929417
18087,18088,2018,,2018/10/17,19:30:00,COLISIÓN POR ALCANCE,ASFALTO,Bueno,Bueno,2,ITALIKA,ROJO,2,,14,MASCULINO,SIN DATOS,0,0,Apatzingán,Ruben Romero,octubre,miércoles,20,-102.37272977829,19.1141305891514
18088,18089,2018,"181074734",2018/10/17,20:25:00,COLISIÓN CONTRA OBJETO FIJO,ASFALTO,Bueno,Bueno,1,CHEVROLET,NEGRO,1,,37,MASCULINO,SIN DATOS,0,0,Morelia,Loma Real,octubre,miércoles,20,-101.198480129242,19.7292304245065
18089,18090,2018,"181064871",2018/10/17,21:20:00,COLISIÓN POR ALCANCE,ASFALTO,Bueno,Bueno,2,MITSUBISHI,PLATA,2,,32,MASCULINO,ALIENTO ETÍLICO,0,0,Morelia,Lomas del Tecnologico,octubre,miércoles,21,-101.188609600067,19.720171331773
18090,18091,2018,,2018/10/17,21:20:00,COLISIÓN POR INVASIÓN DE CARRIL,ASFALTO,Lluvioso,Bueno,2,FORD,BLANCO,2,,38,MASCULINO,SIN DATOS,0,0,Zitácuaro,Sin datos,octubre,miércoles,21,-100.418858528137,19.4850014556199
18092,18093,2018,"181067591",2018/10/18,"00:00:00",COLISIÓN POR MANIOBRA DE REVERSA,ASFALTO,Lluvioso,Regular,2,VOLKWAGEN,GRIS,2,,21,MASCULINO,SIN DATOS,0,0,Morelia,Las Americas,octubre,jueves,0,-101.150479316711,19.6908494783321
18093,18094,2018,"181065307",2018/10/18,"01:20:00",COLISIÓN POR CAMBIO DE CARRIL,ASFALTO,Bueno,Bueno,2,DODGE,BLANCO,2,,23,MASCULINO,SIN DATOS,0,0,Morelia,Morelos,octubre,jueves,1,-101.206002384424,19.6977309504577
18094,18095,2018,"181065342",2018/10/18,"02:00:00",SUBIDA AL CAMELLÓN,TERRACERIA,Bueno,Bueno,1,FORD,NEGRO,0,,,,,0,0,Morelia,Arcos del Valle,octubre,jueves,2,-101.236256361008,19.7077180285842
18095,18096,2018,"181065346",2018/10/18,"03:00:00",COLISIÓN POR CORTE DE CIRCULACIÓN,ASFALTO,Bueno,Bueno,2,SIN DATOS,SIN DATOS,1,,,,SIN DATOS,0,0,Morelia,Arkos San Pedro,octubre,jueves,3,-101.279236078262,19.6281980783391
18096,18097,2018,"181065385",2018/10/18,"04:00:00",COLISIÓN CONTRA OBJETO FIJO,ASFALTO,Bueno,Bueno,1,ITALIKA,ROJO Y NEGRO,1,MINISTERIO PÚBLICO,,,,0,1,Morelia,Avicola Benito Juarez,octubre,jueves,4,-101.279547214508,19.6915464775965
18097,18098,2018,"181005498",2018/10/18,"07:02:00",COLISIÓN CONTRA OBJETO FIJO,ADOQUIN_EMPEDRADO,Bueno,Bueno,1,NISSAN,BLANCO,0,,,,,0,0,Morelia,Cosmos,octubre,jueves,7,-101.219986081123,19.6866825716126
18098,18099,2018,,2018/10/18,"08:20:00",COLISIÓN POR INVASIÓN DE CARRIL,ASFALTO,Bueno,Bueno,2,CHEVROLET,VERDE,2,MINISTERIO PÚBLICO,37,MASCULINO,SIN DATOS,0,0,Zacapu,Villa Guzman,octubre,jueves,8,-101.781978607178,19.8078926232938
18099,18100,2018,"181065597",2018/10/18,"09:06:00",COLISIÓN POR CAMBIO DE CARRIL,CONCRETO,Bueno,Bueno,2,TOYOTA,BLANCO,2,,94,MASCULINO,SIN DATOS,0,0,Morelia,Ventura Puente,octubre,jueves,9,-101.191892623901,19.6924859065864
18100,18101,2018,"181065604",2018/10/18,"09:24:00",COLISIÓN POR CORTE DE CIRCULACIÓN,ASFALTO,Bueno,Bueno,2,CHEVROLET,GRIS,2,,37,FEMENINO,SIN DATOS,0,0,Morelia,Santa Maria de Guido,octubre,jueves,9,-101.190540790558,19.6722111990407
18101,18102,2018,,2018/10/18,10:00:00,COLISIÓN POR ALCANCE,ASFALTO,Bueno,Bueno,2,CHEVROLET,BLANCO,5,MINISTERIO PÚBLICO,29,MASCULINO,SIN DATOS,1,2,Zacapu,Sin datos,octubre,jueves,10,-101.810302734375,19.8226696329746
18102,18103,2018,"181066087",2018/10/18,12:45:00,COLISIÓN CONTRA OBJETO FIJO,ASFALTO,Bueno,Bueno,1,NISSAN,ROJO,1,,0,MASCULINO,SIN DATOS,0,0,Morelia,Los Fresnos,octubre,jueves,13,-101.119875311852,19.7342041226663
18103,18104,2018,"181066400",2018/10/18,14:17:00,COLISIÓN POR CORTE DE CIRCULACIÓN,ASFALTO,Bueno,Bueno,2,ITALIKA,NEGRO,2,,0,MASCULINO,SIN DATOS,0,0,Morelia,Campestre Los Manantiales,octubre,jueves,14,-101.238090991974,19.6877887065137
18104,18105,2018,"181066466",2018/10/18,14:45:00,COLISIÓN POR CORTE DE CIRCULACIÓN,ASFALTO,Nublado,Bueno,2,DODGE,PLATA,2,,0,MASCULINO,SIN DATOS,0,0,Morelia,Hospitales de Don Vasco,octubre,jueves,15,-101.155350208282,19.7011829389814
18105,18106,2018,"181066593",2018/10/18,14:54:00,COLISIÓN POR CORTE DE CIRCULACIÓN,ASFALTO,Bueno,Bueno,2,CHEVROLET,BLANCO,2,,28,MASCULINO,SIN DATOS,0,0,Morelia,Vasco de Quiroga,octubre,jueves,15,-101.170917749405,19.7038091276281
18106,18107,2018,,2018/10/18,16:15:00,COLISIÓN POR ALCANCE,ASFALTO,Bueno,Regular,2,CHEVROLET,BLANCO,2,,48,MASCULINO,SIN DATOS,0,0,Tingüindín,Sin datos,octubre,jueves,16,-102.488451004028,19.7515982243335
18107,18108,2018,"1810676656",2018/10/18,17:35:00,SALIDA DE SUPERFICIE DE RODAMIENTO,ASFALTO,Bueno,Bueno,1,TOYOTA,VERDE,1,,33,MASCULINO,SIN DATOS,0,0,Morelia,Tinijaro,octubre,jueves,18,-101.261812448502,19.69663751062
18108,18109,2018,"181167236",2018/10/18,19:11:00,COLISIÓN POR ALCANCE,ASFALTO,Bueno,Bueno,3,DODGE,NEGRO,3,,27,MASCULINO,SIN DATOS,0,0,Morelia,Felix Ireta,octubre,jueves,19,-101.195776462555,19.6817073955203
18109,18110,2018,"181067238",2018/10/18,19:20:00,COLISIÓN POR INVASIÓN DE CARRIL,ASFALTO,Bueno,Bueno,2,MAZDA,BLANCO,1,,,,,1,0,Morelia,Alberto Oviedo Mota,octubre,jueves,19,-101.20210647583,19.6778685753558
18110,18111,2018,"181167896",2018/10/18,19:30:00,SUBIDA AL CAMELLÓN,ASFALTO,Lluvioso,Bueno,1,FORD,BLANCO,1,,28,MASCULINO,SIN DATOS,0,0,Morelia,Alberto Oviedo Mota,octubre,jueves,20,-101.202170848846,19.6774644836717
18111,18112,2018,"181267583",2018/10/18,21:30:00,CAIDA ACUATICA DE VEHÍCULO,ASFALTO,Nublado,Bueno,1,VOLKSWAGEN,NEGRO,1,,64,MASCULINO,ALIENTO ETÍLICO,0,0,Tarímbaro,Campestre,octubre,jueves,22,-101.162796020508,19.7979597633274
18112,18113,2018,"1810676659",2018/10/18,21:35:00,COLISIÓN POR ALCANCE,CONCRETO,Bueno,Bueno,2,VOLKSWAGEN,VERDE,2,,28,MASCULINO,SIN DATOS,0,0,Morelia,Rafael Carrillo,octubre,jueves,22,-101.233359575272,19.7120712399567
18113,18114,2018,LEG18722,2018/10/18,23:20:00,COLISIÓN CON PEATÓN,ASFALTO,Nublado,Bueno,1,TOYOTA,NEGRO,1,,43,MASCULINO,ALIENTO ETÍLICO,0,0,Hidalgo,Sin datos,octubre,jueves,23,-100.759177207947,19.65709694306
18114,18115,2018,,2018/10/19,"00:00:00",VOLCADURA,ASFALTO,Bueno,Bueno,1,VOLKWAGEN,BLANCO,0,,,,,0,0,Pátzcuaro,Centro,octubre,viernes,0,-101.617805957794,19.5164136810953
18115,18116,2018,"181068178",2018/10/19,"08:25:00",COLISIÓN POR ALCANCE,ASFALTO,Bueno,Bueno,2,NISSAN,AZUL,2,,23,MASCULINO,SIN DATOS,0,0,Morelia,Sentimientos de La Nacion,octubre,viernes,8,-101.23192191124,19.6777675525304
18116,18117,2018,,2018/10/19,"09:00:00",CAIDA DE MOTOCICLETA,ASFALTO,Lluvioso,Regular,1,ITALIKA,NEGRO,1,,65,MASCULINO,SIN DATOS,0,0,Lázaro Cárdenas,1Er Sect de Fidelac,octubre,viernes,9,-102.200531959534,17.9615675198193
18117,18118,2018,"181068700",2018/10/19,11:35:00,COLISIÓN POR CORTE DE CIRCULACIÓN,ASFALTO,Bueno,Bueno,2,RAM,BLANCO,2,,33,FEMENINO,SIN DATOS,0,0,Morelia,Chapultepec Sur,octubre,viernes,12,-101.172055006027,19.6911121160923
18118,18119,2018,"181068658",2018/10/19,11:47:00,COLISIÓN POR CAMBIO DE CARRIL,ASFALTO,Bueno,Bueno,2,DINA,BLANCO,2,,0,MASCULINO,SIN DATOS,0,0,Morelia,Felix Ireta,octubre,viernes,12,-101.188480854034,19.6819296401864
18119,18120,2018,"181060489",2018/10/19,12:25:00,COLISIÓN POR CORTE DE CIRCULACIÓN,ASFALTO,Bueno,Bueno,3,SIN DATOS,BLANCO,2,,60,MASCULINO,SIN DATOS,0,0,Morelia,Isaac Arriaga,octubre,viernes,12,-101.172473430634,19.7075059201305
18120,18121,2018,"181068924",2018/10/19,13:15:00,COLISIÓN POR CORTE DE CIRCULACIÓN,SIN_DATOS,Bueno,Bueno,2,NISSAN,BLANCO/ROJO,2,,29,MASCULINO,SIN DATOS,0,0,Morelia,Rey Chimalpopoca,octubre,viernes,13,-101.15380525589,19.6965668029369
18121,18122,2018,"181068940",2018/10/19,13:40:00,COLISIÓN POR CORTE DE CIRCULACIÓN,CONCRETO,Bueno,Bueno,1,HONDA,BLANCO,1,,0,,SIN DATOS,0,0,Morelia,Isaac Arriaga,octubre,viernes,14,-101.169480085373,19.7087583659745
18122,18123,2018,"181069136",2018/10/19,14:15:00,COLISIÓN POR CAMBIO DE CARRIL,ASFALTO,Bueno,Bueno,2,ISUZU,BLANCO,2,,24,MASCULINO,SIN DATOS,0,0,Morelia,Centro,octubre,viernes,14,-101.19050860405,19.7030212755602
18123,18124,2018,"181069334",2018/10/19,14:30:00,COLISIÓN POR ALCANCE,ASFALTO,Bueno,Bueno,3,NISSAN,ROJO,3,,43,FEMENINO,SIN DATOS,0,0,Morelia,Barrio Alto,octubre,viernes,15,-101.196935176849,19.7249988720846
18124,18125,2018,"181069368",2018/10/19,14:50:00,COLISIÓN POR CORTE DE CIRCULACIÓN,ASFALTO,Bueno,Bueno,2,FREIGHTLINER,BLANCO,2,,23,MASCULINO,SIN DATOS,0,0,Tarímbaro,Sin datos,octubre,viernes,15,-101.13142490387,19.7765575929648
18125,18126,2018,"181069902",2018/10/19,15:40:00,CAIDA DE MOTOCICLETA,ASFALTO,Bueno,Bueno,1,MB,ROJO/NEGRO,1,,20,MASCULINO,SIN DATOS,0,0,Morelia,Felix Ireta,octubre,viernes,16,-101.181421279907,19.6816669873661
18126,18127,2018,,2018/10/19,16:05:00,COLISIÓN POR CORTE DE CIRCULACIÓN,ASFALTO,Bueno,Bueno,2,CHEVROLET,GRIS,2,,53,MASCULINO,SIN DATOS,0,0,Lázaro Cárdenas,1Er Sect de Fidelac,octubre,viernes,16,-102.197077274323,17.9638128147829
18127,18128,2018,"181069872",2018/10/19,17:00:00,COLISIÓN POR CAMBIO DE CARRIL,ASFALTO,Bueno,Bueno,2,NISSAN,BLANCO/ROJO,2,,46,MASCULINO,SIN DATOS,0,0,Morelia,Gertrudis Bocanegra,octubre,viernes,17,-101.209766864777,19.7021425129076
18128,18129,2018,,2018/10/19,17:20:00,COLISIÓN POR CORTE DE CIRCULACIÓN,CONCRETO,Bueno,Bueno,2,CHEVROLET,GRIS,2,,0,,SIN DATOS,0,0,Huetamo,Centro,octubre,viernes,17,-100.897396802902,18.6258413844178
18129,18130,2018,,2018/10/19,17:45:00,COLISIÓN POR INVASIÓN DE CARRIL,ASFALTO,Lluvioso,Regular,2,CHEVROLET,GRIS,0,MINISTERIO PÚBLICO,,,,0,0,Los Reyes,Carlos Galvez Betancourt,octubre,viernes,18,-102.460942268372,19.5769352814595
18130,18131,2018,"181631281",2018/10/19,19:00:00,COLISIÓN CONTRA OBJETO FIJO,ASFALTO,Bueno,Bueno,1,CHEVROLET,BLANCO,1,,17,MASCULINO,SIN DATOS,0,0,Morelia,Las Americas,octubre,viernes,19,-101.15350484848,19.6874452499194
18131,18132,2018,,2018/10/19,19:10:00,CAIDA DE MOTOCICLETA,CONCRETO,Bueno,Bueno,1,YAMAHA,AZUL,1,,28,MASCULINO,SIN DATOS,0,0,Cuitzeo,Centro,octubre,viernes,19,-101.141601204872,19.9682313197814
18132,18133,2018,"181070303",2018/10/19,19:50:00,COLISIÓN POR ALCANCE,ASFALTO,Bueno,Bueno,2,HONDA,BLANCO,2,,35,MASCULINO,SIN DATOS,0,0,Morelia,Las Americas,octubre,viernes,20,-101.153483390808,19.6875058599602
18133,18134,2018,"181070580",2018/10/19,20:00:00,COLISIÓN POR ALCANCE,CONCRETO,Lluvioso,Bueno,3,CHRYSLER,ROJO,3,,43,MASCULINO,SIN DATOS,0,0,Morelia,Gertrudis Sanchez,octubre,viernes,20,-101.205776745,19.7441101549991
18134,18135,2018,,2018/10/19,20:00:00,VOLCADURA,ASFALTO,Bueno,Bueno,1,CHEVROLET,GRIS,1,,0,,SIN DATOS,0,0,Cuitzeo,El Embarcadero,octubre,viernes,20,-101.136124134064,19.9595942733578
18135,18136,2018,"181070355",2018/10/19,20:10:00,COLISIÓN POR CAMBIO DE CARRIL,ASFALTO,Lluvioso,Regular,2,TOYOTA,BLANCO Y GRIS,2,,44,MASCULINO,SIN DATOS,0,0,Morelia,Residencial Alborada,octubre,viernes,20,-101.234636306763,19.7025364415901
18136,18137,2018,"187070608",2018/10/19,21:00:00,COLISIÓN POR ALCANCE,ASFALTO,Lluvioso,Bueno,2,SUZUKI,ROJO,2,,37,FEMENINO,SIN DATOS,0,0,Morelia,Alberto Oviedo Mota,octubre,viernes,21,-101.202095746994,19.6777372456703
18137,18138,2018,"181070526",2018/10/19,21:00:00,COLISIÓN CON PEATÓN,CONCRETO,Bueno,Bueno,1,HONDA,VERDE,2,,33,MASCULINO,SIN DATOS,1,0,Morelia,Montaña Monarca,octubre,viernes,21,-101.164791584015,19.6657453815664
18138,18139,2018,"181070815",2018/10/19,22:35:00,COLISIÓN POR INVASIÓN DE CARRIL,CONCRETO,Lluvioso,Bueno,2,BMW,PLATA,2,,18,MASCULINO,SIN DATOS,0,0,Morelia,Montaña Monarca,octubre,viernes,23,-101.165724992752,19.673049715638
18139,18140,2018,"181070877",2018/10/19,23:35:00,COLISIÓN POR CORTE DE CIRCULACIÓN,SIN_DATOS,Bueno,Bueno,2,SIN DATOS,SIN DATOS,2,,0,,SIN DATOS,0,0,Morelia,Nueva Esperanza,octubre,viernes,0,-101.250772476196,19.6867381310821
18140,18141,2018,"181070921",2018/10/20,"00:05:00",COLISIÓN CONTRA OBJETO FIJO,CONCRETO,Nublado,Bueno,1,VOLKSWAGEN,PLATA,1,,0,FEMENINO,SIN DATOS,0,0,Morelia,Jardines del Rincon,octubre,sábado,0,-101.153386831284,19.6873139280857
18141,18142,2018,,2018/10/20,"01:20:00",COLISIÓN CONTRA OBJETO FIJO,CONCRETO,Bueno,Bueno,1,VOLKSWAGEN,PLATA,1,,24,MASCULINO,SIN DATOS,0,0,Morelia,Bosques de Oriente,octubre,sábado,1,-101.156959533691,19.7151214473895
18142,18143,2018,"181071038",2018/10/20,"02:40:00",COLISIÓN CONTRA OBJETO FIJO,ASFALTO,Nublado,Bueno,1,HONDA,BLANCO,1,,21,MASCULINO,SIN DATOS,0,0,Morelia,Vista Bella,octubre,sábado,3,-101.197616457939,19.6798839674121
18143,18144,2018,"181071017",2018/10/20,"03:30:00",COLISIÓN CONTRA OBJETO FIJO,ASFALTO,Bueno,Bueno,1,NISSAN,GRIS,1,,17,FEMENINO,ALIENTO ETÍLICO,0,0,Morelia,Puerta Tres Marias Norte,octubre,sábado,4,-101.140866279602,19.6926576295692