fid,id_accidente,anio_origen,folio_c5i,dia_incidente,hora_ocurrencia,tipo_incidente_vial,superficie_ocurrencia,condiciones_climaticas,condiciones_via,numero_vehiculos_involucrados,marca_vehiculo_ocasiona_siniestro,color_vehiculo_ocasiona_siniestro,numero_personas_involucradas,lugar_remite_presunto_responsable,edad_presunto_responsable,sexo_presunto_responsable,resultados_toxicologia,numero_personas_lesionadas,numero_personas_fallecidas,municipio,colonia,mes,dia_semana,hora_redondeada,lon,lat
18144,18145,2018,"181071071",2018/10/20,"04:16:00",COLISIÓN POR INVASIÓN DE CARRIL,ASFALTO,Bueno,Bueno,2,VOLKSWAGEN,BLANCO,2,,40,MASCULINO,ALIENTO ETÍLICO,0,0,Morelia,Felix Ireta,octubre,sábado,4,-101.180219650269,19.6880412476572
18145,18146,2018,"181071089",2018/10/20,"04:45:00",COLISIÓN CONTRA OBJETO FIJO,ASFALTO,Lluvioso,Bueno,1,TOYOTA,ROJO,1,,23,FEMENINO,SIN DATOS,0,0,Morelia,Sin datos,octubre,sábado,5,-101.164630651474,19.665098785475
18146,18147,2018,"181071098",2018/10/20,"05:00:00",VOLCADURA,ASFALTO,Bueno,Bueno,2,MAZDA,ROJO,2,,30,MASCULINO,ALIENTO ETÍLICO,0,0,Morelia,Lomas de Hidalgo,octubre,sábado,5,-101.160575151443,19.6956779036841
18147,18148,2018,"181071173",2018/10/20,"06:45:00",COLISIÓN POR ALCANCE,ASFALTO,Nublado,Bueno,3,SIN DATOS,SIN DATOS,2,,45,FEMENINO,SIN DATOS,0,0,Morelia,Morelos,octubre,sábado,7,-101.209249198437,19.6981728697503
18148,18149,2018,LEG18764,2018/10/20,"07:00:00",SUBIDA AL CAMELLÓN,ASFALTO,Bueno,Bueno,1,MINI,ROJO,1,,37,MASCULINO,ALIENTO ETÍLICO,0,0,Morelia,Fovissste La Huerta,octubre,sábado,7,-101.212137937546,19.6923646902523
18149,18150,2018,,2018/10/20,"07:10:00",COLISIÓN POR INVASIÓN DE CARRIL,ASFALTO,Bueno,Bueno,2,NISSAN,AZUL,3,MINISTERIO PÚBLICO,79,MASCULINO,SIN DATOS,1,0,Apatzingán,Sin datos,octubre,sábado,7,-102.500510215759,19.0930233091637
18150,18151,2018,,2018/10/20,"07:45:00",SUBIDA AL CAMELLÓN,ASFALTO,Lluvioso,Regular,1,DODGE,BLANCO,1,,32,MASCULINO,SIN DATOS,0,0,Lázaro Cárdenas,1Er Sect de Fidelac,octubre,sábado,8,-102.197088003159,17.9638128147829
18151,18152,2018,"181071208",2018/10/20,"08:30:00",COLISIÓN POR NO RESPETAR SEMÁFORO,ASFALTO,Bueno,Bueno,2,RAM,PLATA,2,,43,MASCULINO,SIN DATOS,0,0,Morelia,Felix Ireta,octubre,sábado,9,-101.181539297104,19.6814952525968
18152,18153,2018,LEG18785,2018/10/20,"08:40:00",COLISIÓN POR CORTE DE CIRCULACIÓN,ASFALTO,Nublado,Bueno,2,FORD,BLANCO,2,,45,MASCULINO,SIN DATOS,0,0,Morelia,Lindavista,octubre,sábado,9,-101.216171979904,19.7039505365629
18153,18154,2018,,2018/10/20,"08:40:00",COLISIÓN POR CORTE DE CIRCULACIÓN,ASFALTO,Nublado,Regular,2,KENWORT,BLANCO,4,,29,MASCULINO,SIN DATOS,2,0,Jacona,Lazaro Cardenas,octubre,sábado,9,-102.321853637695,19.9371246456286
18154,18155,2018,"181071246",2018/10/20,"08:50:00",COLISIÓN POR CORTE DE CIRCULACIÓN,ASFALTO,Nublado,Bueno,2,NISSAN,BLANCO,2,MINISTERIO PÚBLICO,31,MASCULINO,ALIENTO ETÍLICO,0,0,Morelia,La Colina,octubre,sábado,9,-101.215512156487,19.706046404335
18155,18156,2018,"181071321",2018/10/20,"09:17:00",COLISIÓN POR CORTE DE CIRCULACIÓN,ASFALTO,Bueno,Bueno,2,CHEVROLET,GRIS,2,,33,MASCULINO,SIN DATOS,0,0,Morelia,Chapultepec Sur,octubre,sábado,9,-101.176625490189,19.6919404323602
18156,18157,2018,"181071750",2018/10/20,11:00:00,COLISIÓN POR ALCANCE,ASFALTO,Bueno,Bueno,2,MITSUBISHI,PLATA,2,,33,MASCULINO,SIN DATOS,0,0,Morelia,Villas Lomas del Paraiso,octubre,sábado,11,-101.175670623779,19.6735649465517
18157,18158,2018,"181272402",2018/10/20,14:44:00,COLISIÓN POR CORTE DE CIRCULACIÓN,ASFALTO,Lluvioso,Regular,2,FREIGHTLINER,BLANCO,2,,26,MASCULINO,SIN DATOS,0,0,Morelia,Fracc Rio Florido,octubre,sábado,15,-101.279225349426,19.6822933126113
18158,18159,2018,"181072547",2018/10/20,15:10:00,COLISIÓN POR ALCANCE,ASFALTO,Lluvioso,Bueno,2,NISSAN,GRIS,2,MINISTERIO PÚBLICO,0,,SIN DATOS,0,0,Morelia,Elias Perez Avalos,octubre,sábado,15,-101.169608831406,19.7142528511983
18159,18160,2018,"181072628",2018/10/20,15:20:00,COLISIÓN POR ALCANCE,ASFALTO,Lluvioso,Bueno,2,DODGE,GRIS,2,,22,MASCULINO,SIN DATOS,0,0,Morelia,Canteras de Morelia,octubre,sábado,15,-101.171679496765,19.7150305480092
18160,18161,2018,"181072649",2018/10/20,15:30:00,COLISIÓN POR ALCANCE,ASFALTO,Bueno,Bueno,2,KENWORTH,AMARILLO,2,,0,MASCULINO,SIN DATOS,0,0,Morelia,Primo Tapia,octubre,sábado,16,-101.212593913078,19.70943003652
18161,18162,2018,"18107290",2018/10/20,17:00:00,COLISIÓN CONTRA OBJETO FIJO,CONCRETO,Bueno,Bueno,1,FORD,BLANCO,1,,0,MASCULINO,SIN DATOS,0,0,Morelia,Ejidal Ocolusen,octubre,sábado,17,-101.152110099792,19.6836267711048
18162,18163,2018,"181072849",2018/10/20,17:00:00,COLISIÓN POR CAMBIO DE CARRIL,ASFALTO,Bueno,Bueno,2,CHEVROLET,BLANCO,2,MINISTERIO PÚBLICO,16,MASCULINO,SIN DATOS,0,0,Tarímbaro,Sin datos,octubre,sábado,17,-101.167860031128,19.7589087352005
18163,18164,2018,,2018/10/20,17:00:00,COLISIÓN POR CORTE DE CIRCULACIÓN,ASFALTO,Lluvioso,Bueno,2,HONDA,VERDE,2,,56,MASCULINO,SIN DATOS,0,0,Zamora,La Central,octubre,sábado,17,-102.268810272217,19.9740747974358
18164,18165,2018,LEG18783,2018/10/20,17:27:00,COLISIÓN POR CORTE DE CIRCULACIÓN,ASFALTO,Lluvioso,Bueno,2,ITALIKA,NEGRO,2,,48,MASCULINO,SIN DATOS,0,0,Morelia,Jose Maria Cabrera,octubre,sábado,17,-101.225484609604,19.724938276248
18165,18166,2018,"181072783",2018/10/20,17:50:00,COLISIÓN POR CAMBIO DE CARRIL,ASFALTO,Nublado,Bueno,2,VOLKSWAGEN,BLANCO,2,,0,MASCULINO,SIN DATOS,0,0,Morelia,Canteras de Morelia,octubre,sábado,18,-101.171647310257,19.7149800483311
18166,18167,2018,"181072449",2018/10/20,17:50:00,COLISIÓN CONTRA OBJETO FIJO,ASFALTO,Lluvioso,Bueno,1,CHEVROLET,ROJO,1,,0,,SIN DATOS,0,0,Morelia,El Parian,octubre,sábado,18,-101.267147362232,19.6940844384058
18167,18168,2018,"181073182",2018/10/20,18:49:00,COLISIÓN POR CORTE DE CIRCULACIÓN,SIN_DATOS,Lluvioso,Bueno,2,YAMAHA,NEGRO/ROJO,2,,28,MASCULINO,SIN DATOS,0,0,Morelia,Colinas del Sur,octubre,sábado,19,-101.197895407677,19.6649674453253
18168,18169,2018,"181090807",2018/10/20,19:57:00,COLISIÓN POR ALCANCE,ASFALTO,Bueno,Bueno,2,CHEVROLET,NARANJA,2,,29,MASCULINO,SIN DATOS,0,0,Morelia,Sentimientos de La Nacion,octubre,sábado,20,-101.231997013092,19.6778887799133
18169,18170,2018,"181063468",2018/10/20,20:20:00,COLISIÓN CONTRA OBJETO FIJO,ASFALTO,Bueno,Bueno,2,VOLKSWAGEN,ROJO,2,,18,MASCULINO,SIN DATOS,0,0,Morelia,Jardines del Rincon,octubre,sábado,20,-101.150414943695,19.6907787680923
18170,18171,2018,"181073596",2018/10/20,20:35:00,COLISIÓN CON PEATÓN,ASFALTO,Lluvioso,Bueno,4,FORD,ROJO,4,,28,MASCULINO,SIN DATOS,0,0,Morelia,Ventura Puente,octubre,sábado,21,-101.183964014053,19.6920717503993
18171,18172,2018,"181073582",2018/10/20,20:50:00,COLISIÓN POR CAMBIO DE CARRIL,CONCRETO,Nublado,Bueno,2,PLAYMOTH,GRIS,2,,50,MASCULINO,ALIENTO ETÍLICO,0,0,Morelia,Alberto Oviedo Mota,octubre,sábado,21,-101.198501586914,19.6822124965882
18172,18173,2018,"181073740",2018/10/20,22:00:00,COLISIÓN POR INVASIÓN DE CARRIL,ASFALTO,Bueno,Bueno,3,CHEVROLET,ROJO,3,MINISTERIO PÚBLICO,0,FEMENINO,SIN DATOS,2,0,Morelia,Ciudad Industrial,octubre,sábado,22,-101.13801240921,19.7287557690753
18173,18174,2018,,2018/10/20,22:05:00,COLISIÓN POR INVASIÓN DE CARRIL,ASFALTO,Bueno,Bueno,3,VOLKSWAGEN,BLANCO,2,MINISTERIO PÚBLICO,0,MASCULINO,SIN DATOS,1,0,Morelia,Torreon Nuevo,octubre,sábado,22,-101.203898191452,19.7467815859324
18174,18175,2018,,2018/10/20,23:30:00,COLISIÓN POR CORTE DE CIRCULACIÓN,ASFALTO,Bueno,Bueno,2,VW,NEGRO,4,,46,FEMENINO,SIN DATOS,2,0,Apatzingán,Buenos Aires,octubre,sábado,0,-102.358728647232,19.0961054237952
18175,18176,2018,"181074224",2018/10/21,"00:15:00",VOLCADURA,ASFALTO,Bueno,Bueno,1,FORD,ARENA,1,,0,,SIN DATOS,0,0,Charo,Sin datos,octubre,domingo,0,-101.079668998718,19.6870007755862
18176,18177,2018,"181077105",2018/10/21,"01:00:00",COLISIÓN CONTRA OBJETO FIJO,ASFALTO,Bueno,Bueno,1,CHEVROLET,BLANCO,1,,33,MASCULINO,ALIENTO ETÍLICO,0,0,Morelia,2 de Octubre,octubre,domingo,1,-101.386427879333,19.6678872124924
18177,18178,2018,"181074362",2018/10/21,"02:05:00",COLISIÓN CONTRA OBJETO FIJO,ASFALTO,Lluvioso,Bueno,1,DODGE,BLANCO,1,,0,,SIN DATOS,0,0,Indaparapeo,La Cajita,octubre,domingo,2,-100.980663299561,19.7885108578164
18178,18179,2018,,2018/10/21,"02:10:00",VOLCADURA,ASFALTO,Bueno,Bueno,1,HONDA,VERDE,2,MINISTERIO PÚBLICO,37,MASCULINO,SIN DATOS,0,1,Juárez,Sin datos,octubre,domingo,2,-100.484840869904,19.2675384527503
18179,18180,2018,"181074442",2018/10/21,"02:20:00",SUBIDA AL CAMELLÓN,ASFALTO,Bueno,Bueno,1,FORD,NEGRO,1,,22,MASCULINO,SIN DATOS,0,0,Morelia,Ejidal Ocolusen,octubre,domingo,2,-101.152893304825,19.6857481594642
18180,18181,2018,"181077223",2018/10/21,"03:50:00",SALIDA DE SUPERFICIE DE RODAMIENTO,ASFALTO,Lluvioso,Regular,1,NISSAN,NEGRO,2,,66,MASCULINO,SIN DATOS,1,0,Morelia,La Soledad,octubre,domingo,4,-101.183331012726,19.7282508149409
18181,18182,2018,"181074507",2018/10/21,"03:57:00",COLISIÓN CONTRA OBJETO FIJO,ASFALTO,Bueno,Bueno,1,FORD,GRIS,1,,29,MASCULINO,SIN DATOS,0,0,Morelia,Barrio Alto,octubre,domingo,4,-101.197021007538,19.7251402622806
18182,18183,2018,"181074435",2018/10/21,"04:10:00",SUBIDA AL CAMELLÓN,ASFALTO,Bueno,Bueno,1,CHRYSLER,PLATA,1,,0,MASCULINO,SIN DATOS,0,0,Morelia,Pascual Ortiz de Ayala,octubre,domingo,4,-101.14955663681,19.6960314437509
18183,18184,2018,"181074558",2018/10/21,"04:27:00",SUBIDA AL CAMELLÓN,ASFALTO,Bueno,Bueno,1,FORD,GRIS,1,,22,MASCULINO,ALIENTO ETÍLICO,0,0,Morelia,Loma Bonita,octubre,domingo,4,-101.196506023407,19.7229789984829
18184,18185,2018,,2018/10/21,"06:30:00",SALIDA DE SUPERFICIE DE RODAMIENTO,ADOQUIN_EMPEDRADO,Bueno,Bueno,1,FORD,BLANCO,1,,0,MASCULINO,SIN DATOS,0,0,Pátzcuaro,Rincon Los Pinos,octubre,domingo,7,-101.599953174591,19.497664168139
18185,18186,2018,"181074616",2018/10/21,"06:40:00",COLISIÓN CONTRA OBJETO FIJO,ASFALTO,Nublado,Bueno,1,NISSAN,ARENA,1,,27,FEMENINO,SIN DATOS,0,0,Tarímbaro,Cuto del Porvenir,octubre,domingo,7,-101.142110824585,19.8688490208595
18186,18187,2018,"181074658",2018/10/21,"06:55:00",COLISIÓN CONTRA OBJETO FIJO,SIN_DATOS,Bueno,Bueno,1,VOLKSWAGEN,AZUL,1,,25,MASCULINO,SIN DATOS,0,0,Morelia,Morelia 450,octubre,domingo,7,-101.21754527092,19.6758076971118
18187,18188,2018,"181074845",2018/10/21,"09:42:00",COLISIÓN POR CAMBIO DE CARRIL,ASFALTO,Bueno,Bueno,2,NISSAN,AZUL,2,,26,MASCULINO,SIN DATOS,0,0,Morelia,Irrigacion,octubre,domingo,10,-101.220667362213,19.7055666297985
18188,18189,2018,"181074957",2018/10/21,10:40:00,COLISIÓN POR ALCANCE,ASFALTO,Bueno,Bueno,2,YAMAHA,BLANCO/NEGRO,2,,30,MASCULINO,ALIENTO ETÍLICO,0,0,Morelia,Eduardo Ruiz,octubre,domingo,11,-101.224122047424,19.7251402622806
18189,18190,2018,,2018/10/21,11:00:00,COLISIÓN CONTRA OBJETO FIJO,ASFALTO,Bueno,Bueno,2,HYUNDAI,BLANCO,2,,45,MASCULINO,SIN DATOS,0,0,Apatzingán,Lajas de Acapulco,octubre,domingo,11,-102.348021268845,19.1105824835389
18190,18191,2018,LEG18820,2018/10/21,11:35:00,COLISIÓN POR CORTE DE CIRCULACIÓN,ASFALTO,Bueno,Bueno,2,CHEVROLET,NARANJA,2,,28,FEMENINO,SIN DATOS,0,0,Morelia,Independencia,octubre,domingo,12,-101.177880764008,19.7194037596275
18191,18192,2018,"181075612",2018/10/21,14:40:00,COLISIÓN POR ALCANCE,ASFALTO,Nublado,Regular,2,FORD,GRIS,2,,21,MASCULINO,SIN DATOS,0,0,Morelia,Agustin Arriaga Rivera,octubre,domingo,15,-101.224519014359,19.691102014648
18192,18193,2018,"181076470",2018/10/21,14:50:00,COLISIÓN POR ALCANCE,CONCRETO,Lluvioso,Regular,2,FORD,BLANCO/AZUL,2,,32,MASCULINO,SIN DATOS,0,0,Morelia,Lomas del Durazno,octubre,domingo,15,-101.191667318344,19.6641389895937
18193,18194,2018,,2018/10/21,16:00:00,SALIDA DE SUPERFICIE DE RODAMIENTO,ADOQUIN_EMPEDRADO,Bueno,Bueno,2,CHEVROLET,BLANCO/CAFE,2,,60,MASCULINO,SIN DATOS,0,0,José Sixto Verduzco,Centro,octubre,domingo,16,-101.597988456488,20.3041671531515
18194,18195,2018,"181076112",2018/10/21,17:00:00,COLISIÓN CONTRA OBJETO FIJO,ASFALTO,Lluvioso,Regular,1,BMW,BLANCO,1,,24,MASCULINO,SIN DATOS,0,0,Morelia,Montaña Monarca,octubre,domingo,17,-101.164920330048,19.6658262058945
18195,18196,2018,,2018/10/21,17:20:00,COLISIÓN POR CORTE DE CIRCULACIÓN,ASFALTO,Bueno,Bueno,3,ITALIKA,Rojo/Negro,3,,,MASCULINO,SIN DATOS,0,0,Apatzingán,Independencia,octubre,domingo,17,-102.353020906448,19.0985639773711
18196,18197,2018,"181076065",2018/10/21,17:50:00,COLISIÓN POR ALCANCE,ASFALTO,Lluvioso,Malo,3,FORD,AZUL,3,,0,,SIN DATOS,0,0,Morelia,Vista Bella,octubre,domingo,18,-101.19676887989,19.6793536035396
18197,18198,2018,,2018/10/21,18:15:00,COLISIÓN POR INVASIÓN DE CARRIL,ASFALTO,Nublado,Regular,2,NISSAN,NEGRO,3,MINISTERIO PÚBLICO,74,MASCULINO,SIN DATOS,0,1,Peribán,Centro,octubre,domingo,18,-102.415730953217,19.5192855827615
18198,18199,2018,"181076599",2018/10/21,19:55:00,COLISIÓN POR ALCANCE,ASFALTO,Lluvioso,Regular,3,FORD,BLANCO,3,,26,MASCULINO,SIN DATOS,0,0,Morelia,Avicola Benito Juarez,octubre,domingo,20,-101.279547214508,19.6915666804285
18199,18200,2018,,2018/10/21,20:00:00,COLISIÓN POR INVASIÓN DE CARRIL,ASFALTO,Lluvioso,Bueno,2,FORD,AZUL,3,MINISTERIO PÚBLICO,72,MASCULINO,SIN DATOS,1,0,Hidalgo,Plan de Ayala,octubre,domingo,20,-100.569115877151,19.7056171324491
18200,18201,2018,"181076571",2018/10/21,20:28:00,COLISIÓN POR CORTE DE CIRCULACIÓN,ASFALTO,Nublado,Regular,2,VOLKWAGEN,BLANCO,2,,0,MASCULINO,SIN DATOS,0,0,Morelia,Vasco de Quiroga,octubre,domingo,20,-101.170156002045,19.7025061394182
18201,18202,2018,"181076904",2018/10/21,22:00:00,COLISIÓN POR CORTE DE CIRCULACIÓN,ASFALTO,Lluvioso,Malo,2,SIN DATOS,SIN DATOS,2,,0,,SIN DATOS,0,0,Morelia,Felicitas del Rio,octubre,domingo,22,-101.199123859406,19.690293897035
18202,18203,2018,"181007033",2018/10/21,22:40:00,COLISIÓN POR CORTE DE CIRCULACIÓN,ASFALTO,Bueno,Bueno,2,SEAT,ROJO,2,,0,MASCULINO,SIN DATOS,0,0,Morelia,Sentimientos de La Nacion,octubre,domingo,23,-101.235365867615,19.6812224969966
18203,18204,2018,"181077199",2018/10/22,"01:15:00",COLISIÓN CON PEATÓN,SIN_DATOS,Bueno,Bueno,2,INTERNACIONAL,BLANCO,1,,27,MASCULINO,SIN DATOS,0,0,Charo,La Goleta,octubre,lunes,1,-101.083402633667,19.7377436856055
18204,18205,2018,,2018/10/22,"08:45:00",COLISIÓN POR ALCANCE,ASFALTO,Bueno,Regular,3,NISSAN,BLANCO,3,,52,MASCULINO,SIN DATOS,0,0,Peribán,Sin datos,octubre,lunes,9,-102.438840866089,19.5428049408715
18205,18206,2018,,2018/10/22,"08:48:00",VOLCADURA,ASFALTO,Bueno,Bueno,1,CHEVROLET,ROJO,1,,22,MASCULINO,SIN DATOS,0,0,Zitácuaro,Sin datos,octubre,lunes,9,-100.204410552979,19.447169246613
18206,18207,2018,"181077905",2018/10/22,"08:50:00",COLISIÓN POR ALCANCE,ASFALTO,Lluvioso,Bueno,2,VOLKSWAGEN,GRIS,2,,29,MASCULINO,SIN DATOS,0,0,Morelia,Felix Ireta,octubre,lunes,9,-101.195663809776,19.6815659669358
18207,18208,2018,"181080774",2018/10/22,"09:05:00",COLISIÓN POR ALCANCE,ASFALTO,Lluvioso,Malo,2,DODGE,AZUL,2,,32,FEMENINO,SIN DATOS,0,0,Morelia,Los Manantiales de Morelia,octubre,lunes,9,-101.241363286972,19.6954506275145
18208,18209,2018,"181077124",2018/10/22,"09:20:00",COLISIÓN POR CORTE DE CIRCULACIÓN,ASFALTO,Bueno,Bueno,2,VOLKWAGEN,"2006",2,,32,MASCULINO,SIN DATOS,0,0,Morelia,Industrial,octubre,lunes,9,-101.197664737701,19.7108693210479
18209,18210,2018,,2018/10/22,"09:50:00",VOLCADURA,ASFALTO,Bueno,Bueno,1,KENWORTH,BLANCO,1,,29,MASCULINO,SIN DATOS,0,0,Ocampo,Sin datos,octubre,lunes,10,-100.27672290802,19.5760052850041
18210,18211,2018,"181077829",2018/10/22,"09:55:00",COLISIÓN POR CORTE DE CIRCULACIÓN,CONCRETO,Nublado,Regular,2,CHEVROLET,ROJO,2,,0,MASCULINO,SIN DATOS,0,0,Morelia,Granjas del Maestro,octubre,lunes,10,-101.193153262138,19.7161061873642
18211,18212,2018,,2018/10/22,10:45:00,COLISIÓN CONTRA OBJETO FIJO,ASFALTO,Nublado,Regular,1,MERCURY,CAFE,1,,,MASCULINO,SIN DATOS,0,0,Puruándiro,Los Lemus,octubre,lunes,11,-101.528134346008,20.0947477691828
18212,18213,2018,,2018/10/22,10:45:00,COLISIÓN CONTRA OBJETO FIJO,ASFALTO,Nublado,Regular,1,MERCURY,CAFE,0,MINISTERIO PÚBLICO,,,,0,0,Puruándiro,Adolfo Lopez  Mateos,octubre,lunes,11,-101.496677398682,20.0926923075457
18213,18214,2018,"181078088",2018/10/22,11:45:00,COLISIÓN POR ALCANCE,ASFALTO,Bueno,Bueno,2,CHEVROLET,BLANCO,2,,30,MASCULINO,SIN DATOS,0,0,Morelia,Rafael Carrillo,octubre,lunes,12,-101.234529018402,19.7105208638769
18215,18216,2018,"181078298",2018/10/22,12:20:00,COLISIÓN POR ALCANCE,ASFALTO,Lluvioso,Bueno,2,DODGE,VERDE,2,,57,MASCULINO,SIN DATOS,0,0,Morelia,Sentimientos de La Nacion,octubre,lunes,12,-101.231932640076,19.6778079616682
18216,18217,2018,"181078396",2018/10/22,12:22:00,COLISIÓN POR CAMBIO DE CARRIL,ASFALTO,Bueno,Bueno,2,NISSAN,BLANCO,2,,27,MASCULINO,SIN DATOS,0,0,Morelia,Los Pinos de Michoacan,octubre,lunes,12,-101.21634632349,19.6830711647483
18217,18218,2018,"181078071",2018/10/22,14:20:00,COLISIÓN POR CAMBIO DE CARRIL,ASFALTO,Bueno,Bueno,2,FREIGHTLINER,BLANCO,2,,38,MASCULINO,SIN DATOS,0,0,Morelia,El Realito,octubre,lunes,14,-101.203651428223,19.7257260203314
18218,18219,2018,"181079258",2018/10/22,16:20:00,SUBIDA AL CAMELLÓN,ASFALTO,Bueno,Bueno,1,NISSAN,BLANCO/AZUL,1,,36,MASCULINO,SIN DATOS,0,0,Morelia,Sentimientos de La Nacion,octubre,lunes,16,-101.235558986664,19.6820508644198
18219,18220,2018,"181080032",2018/10/22,20:25:00,SUBIDA AL CAMELLÓN,ASFALTO,Bueno,Bueno,1,HONDA,AMARILLO,1,,65,FEMENINO,SIN DATOS,0,0,Morelia,Infonavit  Las  Camelinas,octubre,lunes,20,-101.174275875092,19.6819902523146
18220,18221,2018,"181080044",2018/10/22,20:52:00,COLISIÓN POR ALCANCE,CONCRETO,Bueno,Bueno,2,CHEVROLET,VERDE,2,,0,MASCULINO,SIN DATOS,0,0,Morelia,Primaveras,octubre,lunes,21,-101.225720643997,19.678696960122
18221,18222,2018,"181080110",2018/10/22,21:20:00,COLISIÓN POR CAMBIO DE CARRIL,ASFALTO,Bueno,Bueno,2,TOYOTA,NARANJA/BLANCO,2,,33,MASCULINO,SIN DATOS,0,0,Morelia,Lomas del Tecnologico,octubre,lunes,21,-101.188405752182,19.7212418867677
18223,18224,2018,,2018/10/23,"07:40:00",COLISIÓN POR ALCANCE,ASFALTO,Nublado,Bueno,3,ITALIKA,AMARILLO Y NEGRO,3,,16,MASCULINO,SIN DATOS,0,0,Puruándiro,Adolfo Lopez  Mateos,octubre,martes,8,-101.496505737305,20.0927326109743
18224,18225,2018,,2018/10/23,"07:40:00",COLISIÓN POR ALCANCE,ASFALTO,Bueno,Bueno,3,ITALIKA,AMARILLO/NEGRO,3,MINISTERIO PÚBLICO,16,MASCULINO,SIN DATOS,0,0,Puruándiro,Centro,octubre,martes,8,-101.515472,20.087439
18225,18226,2018,"181080168",2018/10/23,"08:00:00",COLISIÓN POR ALCANCE,ASFALTO,Bueno,Bueno,2,CHRYSLER,ROJO,2,,46,FEMENINO,SIN DATOS,0,0,Morelia,Los Manantiales de Morelia,octubre,martes,8,-101.240258216858,19.692849555038
18226,18227,2018,"181080603",2018/10/23,"08:15:00",COLISIÓN POR CORTE DE CIRCULACIÓN,ASFALTO,Nublado,Regular,2,NISSAN,BLANCO,2,,38,MASCULINO,SIN DATOS,0,0,Morelia,Country Club  Las Huertas,octubre,martes,8,-101.229314804077,19.663926823413
18227,18228,2018,"181080588",2018/10/23,"08:33:00",COLISIÓN POR INVASIÓN DE CARRIL,ASFALTO,Bueno,Bueno,2,FORD,BLANCO,2,,68,MASCULINO,SIN DATOS,1,0,Morelia,Sin datos,octubre,martes,9,-101.114730834961,19.737056986233
18228,18229,2018,"181080870",2018/10/23,10:00:00,COLISIÓN CONTRA OBJETO FIJO,ASFALTO,Bueno,Bueno,1,STERLING,BLANCO,1,,27,MASCULINO,SIN DATOS,0,0,Morelia,Sin datos,octubre,martes,10,-101.129997968674,19.7341283822312
18229,18230,2018,"181080982",2018/10/23,11:15:00,COLISIÓN POR CORTE DE CIRCULACIÓN,CONCRETO,Bueno,Bueno,2,SEAT,ROJO,2,,23,MASCULINO,SIN DATOS,0,0,Morelia,La Rinconada,octubre,martes,11,-101.158955097198,19.6915969846717
18230,18231,2018,"181081573",2018/10/23,12:05:00,COLISIÓN POR CAMBIO DE CARRIL,ASFALTO,Bueno,Bueno,3,PETERBILT,BLANCO,3,,38,MASCULINO,SIN DATOS,0,0,Morelia,Tierra Y Libertad,octubre,martes,12,-101.229465007782,19.7173232165936
18231,18232,2018,"181081192",2018/10/23,12:20:00,COLISIÓN CON PEATÓN,CONCRETO,Nublado,Bueno,1,CHEVROLET,BLANCO,2,,,MASCULINO,SIN DATOS,1,0,Morelia,Chapultepec Oriente,octubre,martes,12,-101.163461208344,19.6938899891004
18232,18233,2018,"181081634",2018/10/23,14:30:00,COLISIÓN POR ALCANCE,ASFALTO,Nublado,Regular,2,CHRYSLER,AMATISTA,2,,32,MASCULINO,SIN DATOS,0,0,Morelia,Alberto Oviedo Mota,octubre,martes,15,-101.195883750916,19.6825357604358
18233,18234,2018,"181081566",2018/10/23,14:35:00,COLISIÓN POR INVASIÓN DE CARRIL,ASFALTO,Bueno,Bueno,2,MERCEDES BENZ,AMARILLO Y GUINDA,2,,26,MASCULINO,SIN DATOS,0,0,Morelia,Centro,octubre,martes,15,-101.191554665565,19.7047989875472
18234,18235,2018,,2018/10/23,14:50:00,COLISIÓN POR CORTE DE CIRCULACIÓN,ASFALTO,Bueno,Bueno,2,FORD,GRIS,3,,29,MASCULINO,SIN DATOS,2,0,Morelia,Pascual Ortiz de Ayala,octubre,martes,15,-101.153569221497,19.6951223391442
18235,18236,2018,,2018/10/23,14:50:00,COLISIÓN POR CORTE DE CIRCULACIÓN,ASFALTO,Bueno,Bueno,1,TOYOTA,VINO,1,,40,MASCULINO,SIN DATOS,0,0,Morelia,Bosques Tres Marias,octubre,martes,15,-101.104044914246,19.7245545020827
18236,18237,2018,"181081805",2018/10/23,15:15:00,CAIDA DE MOTOCICLETA,ASFALTO,Bueno,Bueno,1,ITALIKA,NEGRO Y AMARILLO,2,,29,MASCULINO,SIN DATOS,1,0,Morelia,Eduardo Ruiz,octubre,martes,15,-101.224164962769,19.7250796664976
18237,18238,2018,,2018/10/23,15:30:00,COLISIÓN POR CORTE DE CIRCULACIÓN,ASFALTO,Bueno,Bueno,2,NISSAN,BLANCO,2,,37,MASCULINO,SIN DATOS,0,0,Tangamandapio,Los Trigos,octubre,martes,16,-102.431502342224,19.9591908971089
18238,18239,2018,"18108204",2018/10/23,15:40:00,COLISIÓN POR ALCANCE,ASFALTO,Nublado,Bueno,1,NISSAN,BLANCO Y GRIS,1,,26,MASCULINO,SIN DATOS,0,0,Morelia,Felix Ireta,octubre,martes,16,-101.191720962524,19.6827984118316