fid,id_accidente,anio_origen,folio_c5i,dia_incidente,hora_ocurrencia,tipo_incidente_vial,superficie_ocurrencia,condiciones_climaticas,condiciones_via,numero_vehiculos_involucrados,marca_vehiculo_ocasiona_siniestro,color_vehiculo_ocasiona_siniestro,numero_personas_involucradas,lugar_remite_presunto_responsable,edad_presunto_responsable,sexo_presunto_responsable,resultados_toxicologia,numero_personas_lesionadas,numero_personas_fallecidas,municipio,colonia,mes,dia_semana,hora_redondeada,lon,lat
18239,18240,2018,"181081958",2018/10/23,15:50:00,COLISIÓN POR ALCANCE,ASFALTO,Bueno,Bueno,2,MERCEDES BENZ,BLANCO,2,,0,MASCULINO,SIN DATOS,0,0,Morelia,Lomas del Valle,octubre,martes,16,-101.230650544167,19.6878543672493
18240,18241,2018,,2018/10/23,15:50:00,COLISIÓN POR INVASIÓN DE CARRIL,ASFALTO,Bueno,Bueno,2,FORD,AZUL,2,MINISTERIO PÚBLICO,82,MASCULINO,SIN DATOS,0,0,Juárez,Sin datos,octubre,martes,16,-100.400705337524,19.3405442788226
18241,18242,2018,"181082054",2018/10/23,16:50:00,COLISIÓN POR ALCANCE,ASFALTO,Bueno,Bueno,2,KTM,NARANJA,0,,,,,0,0,Morelia,Ejidal Ocolusen,octubre,martes,17,-101.153461933136,19.6873038264018
18242,18243,2018,,2018/10/23,17:05:00,COLISIÓN POR CAMBIO DE CARRIL,ASFALTO,Bueno,Bueno,2,MERCEDES BENZ,BLANCO,2,,35,MASCULINO,SIN DATOS,0,0,Morelia,Sentimientos de La Nacion,octubre,martes,17,-101.235344409943,19.681384130001
18243,18244,2018,"181079374",2018/10/23,17:35:00,COLISIÓN POR CORTE DE CIRCULACIÓN,ASFALTO,Bueno,Bueno,2,SIN DATOS,SIN DATOS,2,,0,,SIN DATOS,0,0,Morelia,Sentimientos de La Nacion,octubre,martes,18,-101.231911182404,19.6777776548158
18244,18245,2018,"181079176",2018/10/23,18:35:00,COLISIÓN POR MANIOBRA DE REVERSA,CONCRETO,Bueno,Bueno,2,HONDA,BLANCO,2,,38,MASCULINO,SIN DATOS,0,0,Morelia,Agustin Arriaga Rivera,octubre,martes,19,-101.22089266777,19.6914151591265
18245,18246,2018,"181082356",2018/10/23,18:50:00,COLISIÓN POR CORTE DE CIRCULACIÓN,ASFALTO,Nublado,Regular,2,VOLKSWAGEN,NEGRO,2,,22,FEMENINO,SIN DATOS,0,0,Morelia,2 de Octubre,octubre,martes,19,-101.386578083038,19.6675841249486
18246,18247,2018,,2018/10/23,20:00:00,COLISIÓN POR ALCANCE,ASFALTO,Lluvioso,Bueno,2,CHEVROLET CHEYENNE,BLANCO,2,,64,MASCULINO,SIN DATOS,0,0,Ario,Las Planillas,octubre,martes,20,-101.687135696411,19.212048472285
18247,18248,2018,,2018/10/23,21:45:00,COLISIÓN POR CAMBIO DE CARRIL,ASFALTO,Bueno,Bueno,2,NISSAN,PLATA,4,,25,MASCULINO,SIN DATOS,2,0,Sahuayo,El Crucero,octubre,martes,22,-102.715902328491,20.0804798911163
18248,18249,2018,"181083175",2018/10/24,"07:00:00",CAIDA DE MOTOCICLETA,ASFALTO,Bueno,Bueno,1,HONDA,ROJO,1,,,,,1,0,Morelia,Solidaridad,octubre,miércoles,7,-101.207706928253,19.7261905855345
18249,18250,2018,"181083225",2018/10/24,"07:15:00",COLISIÓN POR CAMBIO DE CARRIL,ASFALTO,Bueno,Bueno,2,INTERNACIONAL,BLANCO,2,,39,MASCULINO,SIN DATOS,0,0,Morelia,Los Manantiales de Morelia,octubre,miércoles,7,-101.241352558136,19.6954506275145
18250,18251,2018,"18083584",2018/10/24,"07:35:00",COLISIÓN POR ALCANCE,ASFALTO,Bueno,Bueno,4,FORD,BLANCO,4,,0,MASCULINO,SIN DATOS,0,0,Morelia,Francisco J Mujica,octubre,miércoles,8,-101.188244819641,19.7215852708133
18251,18252,2018,"181038330",2018/10/24,"07:40:00",SUBIDA AL CAMELLÓN,ASFALTO,Bueno,Bueno,1,TOYOTA,BLANCO Y GRIS,1,,25,MASCULINO,SIN DATOS,0,0,Morelia,Los Manantiales de Morelia,octubre,miércoles,8,-101.240311861038,19.6928192510319
18252,18253,2018,"1810383300",2018/10/24,"07:40:00",SUBIDA AL CAMELLÓN,ASFALTO,Bueno,Bueno,1,TOYOTA,BLANCO/GRIS,1,,34,MASCULINO,SIN DATOS,0,0,Morelia,Los Manantiales de Morelia,octubre,miércoles,8,-101.240242123604,19.6927838963509
18253,18254,2018,"181083347",2018/10/24,"08:00:00",COLISIÓN POR CAMBIO DE CARRIL,ASFALTO,Bueno,Bueno,2,CHEVROLET,BLANCO,2,,34,FEMENINO,SIN DATOS,0,0,Morelia,Lomas de Morelia (Dr Ignacio Chavez),octubre,miércoles,8,-101.174994707108,19.7172020190774
18254,18255,2018,"181083334",2018/10/24,"08:15:00",COLISIÓN POR CAMBIO DE CARRIL,ASFALTO,Bueno,Bueno,2,NAVISTAR,VERDE,2,,24,MASCULINO,SIN DATOS,0,0,Morelia,Granjas del Maestro,octubre,miércoles,8,-101.188722252846,19.7137630012654
18255,18256,2018,"181074783",2018/10/24,"08:57:00",COLISIÓN POR NO RESPETAR SEMÁFORO,SIN_DATOS,Bueno,Bueno,2,NISSAN,NEGRO,2,,34,MASCULINO,SIN DATOS,0,0,Morelia,Libertad,octubre,miércoles,9,-101.238112449646,19.6874351482437
18256,18257,2018,"181083462",2018/10/24,"09:30:00",COLISIÓN CON PEATÓN,ASFALTO,Bueno,Bueno,1,TOYOTA,ROJO,2,,61,MASCULINO,SIN DATOS,1,0,Morelia,Jardines de La Loma,octubre,miércoles,10,-101.224400997162,19.676888651261
18257,18258,2018,"181083800",2018/10/24,"09:35:00",COLISIÓN POR ALCANCE,CONCRETO,Bueno,Bueno,2,FORD,BLANCO,2,MINISTERIO PÚBLICO,,MASCULINO,SIN DATOS,0,0,Morelia,Lomas del Tecnologico,octubre,miércoles,10,-101.193137168884,19.7233526770238
18258,18259,2018,"181086135",2018/10/24,10:22:00,SALIDA DE SUPERFICIE DE RODAMIENTO,ASFALTO,Bueno,Bueno,1,MAZDA,GRIS,1,,37,MASCULINO,SIN DATOS,0,0,Morelia,La Soledad,octubre,miércoles,10,-101.183336377144,19.7291597312338
18259,18260,2018,"181078056",2018/10/24,10:25:00,COLISIÓN POR CAMBIO DE CARRIL,ASFALTO,Bueno,Bueno,2,MERCEDES BENZ,BLANCO,1,,41,MASCULINO,SIN DATOS,0,0,Morelia,Morelos,octubre,miércoles,10,-101.2067091465,19.6993142785056
18260,18261,2018,"1811078135",2018/10/24,11:02:00,COLISIÓN POR CAMBIO DE CARRIL,ASFALTO,Bueno,Bueno,2,MAZDA,ROJO,2,,0,MASCULINO,SIN DATOS,0,0,Morelia,Sentimientos de La Nacion,octubre,miércoles,11,-101.235666275024,19.6820508644198
18261,18262,2018,"181083795",2018/10/24,11:10:00,COLISIÓN POR ALCANCE,CONCRETO,Bueno,Bueno,2,RENOULT,AZUL,2,,0,MASCULINO,SIN DATOS,0,0,Morelia,Militar Morelia,octubre,miércoles,11,-101.162635087967,19.6958092186572
18262,18263,2018,"181083579",2018/10/24,11:23:00,COLISIÓN POR CORTE DE CIRCULACIÓN,CONCRETO,Bueno,Bueno,2,DINA,BLANCO,2,,31,MASCULINO,SIN DATOS,0,0,Morelia,Tenencia Morelos,octubre,miércoles,11,-101.239051222801,19.6491401698462
18263,18264,2018,"181086166",2018/10/24,12:30:00,COLISIÓN POR CORTE DE CIRCULACIÓN,ASFALTO,Bueno,Bueno,2,VOLKWAGEN,ROJO,2,,25,FEMENINO,SIN DATOS,0,0,Morelia,Villas Lomas del Paraiso,octubre,miércoles,13,-101.178154349327,19.6749136313942
18264,18265,2018,"181084021",2018/10/24,13:10:00,COLISIÓN POR ALCANCE,ASFALTO,Bueno,Bueno,2,NISSAN,AZUL,2,,34,MASCULINO,SIN DATOS,0,0,Morelia,Jardines de Guadalupe,octubre,miércoles,13,-101.227287054062,19.7132731498319
18265,18266,2018,,2018/10/24,13:10:00,COLISIÓN POR ALCANCE,SIN_DATOS,Bueno,Bueno,2,ITALIKA,NEGRO/ROJO,2,,35,MASCULINO,SIN DATOS,0,0,Pátzcuaro,Sin Nombre,octubre,miércoles,13,-101.621325016022,19.5047131882213
18266,18267,2018,LEG18903,2018/10/24,13:43:00,COLISIÓN CONTRA OBJETO FIJO,ASFALTO,Bueno,Bueno,2,KAMAJI,BLANCO,2,MINISTERIO PÚBLICO,0,MASCULINO,SIN DATOS,0,0,Morelia,Camelinas,octubre,miércoles,14,-101.174190044403,19.6820508644198
18267,18268,2018,"181084634",2018/10/24,14:00:00,COLISIÓN POR CORTE DE CIRCULACIÓN,CONCRETO,Bueno,Bueno,2,HONDA,AZUL,2,,48,FEMENINO,SIN DATOS,0,0,Morelia,Plan de Ayala,octubre,miércoles,14,-101.17874443531,19.7058090423758
18268,18269,2018,"181086169",2018/10/24,14:05:00,COLISIÓN POR CORTE DE CIRCULACIÓN,ADOQUIN_EMPEDRADO,Bueno,Bueno,2,FORD,BLANCO,2,,65,MASCULINO,SIN DATOS,0,0,Morelia,Chapultepec Sur,octubre,miércoles,14,-101.177086830139,19.6919808379222
18269,18270,2018,"181085463",2018/10/24,18:20:00,COLISIÓN POR ALCANCE,ASFALTO,Bueno,Bueno,2,MERCURY,GRIS,2,,31,MASCULINO,SIN DATOS,0,0,Morelia,Centro,octubre,miércoles,18,-101.178041696548,19.6994960950778
18270,18271,2018,"181085387",2018/10/24,18:50:00,COLISIÓN POR ALCANCE,ASFALTO,Bueno,Bueno,2,FREIGHTLINER,BLANCO,2,,50,MASCULINO,SIN DATOS,0,0,Morelia,Campestre Los Manantiales,octubre,miércoles,19,-101.238230466843,19.6876371816365
18271,18272,2018,"181085164",2018/10/24,19:17:00,COLISIÓN POR CORTE DE CIRCULACIÓN,ASFALTO,Bueno,Bueno,2,"2002",GRIS,3,MINISTERIO PÚBLICO,,,,3,0,Morelia,Tanganxoan (Guadalupe Victoria),octubre,miércoles,19,-101.285061836243,19.6902635925451
18272,18273,2018,LEG18901,2018/10/24,20:15:00,COLISIÓN POR CORTE DE CIRCULACIÓN,ASFALTO,Bueno,Bueno,2,NISSAN,AZUL,2,,25,MASCULINO,SIN DATOS,0,0,Morelia,Vasco de Quiroga,octubre,miércoles,20,-101.174549460411,19.7040313416124
18273,18274,2018,"181085833",2018/10/24,20:44:00,COLISIÓN POR ALCANCE,CONCRETO,Bueno,Bueno,3,CHEVROLET,ROJO,3,,,MASCULINO,SIN DATOS,0,0,Morelia,San Rafael,octubre,miércoles,21,-101.153338551521,19.6993849849749
18274,18275,2018,"181805708",2018/10/24,21:35:00,COLISIÓN POR CORTE DE CIRCULACIÓN,ASFALTO,Bueno,Bueno,1,SIN DATOS,SIN DATOS,1,,,,,0,1,Morelia,San Pascual,octubre,miércoles,22,-101.267423629761,19.6955667909304
18275,18276,2018,"181085956",2018/10/24,23:00:00,COLISIÓN POR CAMBIO DE CARRIL,ASFALTO,Bueno,Bueno,2,DODGE,AZUL,2,,,,,2,0,Morelia,Lomas del Valle,octubre,miércoles,23,-101.230314484193,19.6848223676282
18276,18277,2018,"181085987",2018/10/24,23:09:00,COLISIÓN POR ALCANCE,ASFALTO,Nublado,Regular,3,CHEVROLET,NEGRO,3,,0,,SIN DATOS,0,0,Morelia,La Luz,octubre,miércoles,23,-101.299824714661,19.6875058599602
18277,18278,2018,"181086000",2018/10/24,23:30:00,COLISIÓN POR CORTE DE CIRCULACIÓN,SIN_DATOS,Bueno,Bueno,3,SIN DATOS,SIN DATOS,1,MINISTERIO PÚBLICO,,,,1,0,Morelia,Morelia 450,octubre,miércoles,0,-101.216558218002,19.6754945221173
18278,18279,2018,"181086174",2018/10/25,"03:45:00",COLISIÓN CONTRA OBJETO FIJO,ASFALTO,Bueno,Bueno,1,FORD,GRIS,1,,20,MASCULINO,SIN DATOS,0,0,Morelia,Lomas de Guayangareo,octubre,jueves,4,-101.160371303558,19.7045464728436
18279,18280,2018,"181086395",2018/10/25,"08:10:00",COLISIÓN POR CORTE DE CIRCULACIÓN,ASFALTO,Bueno,Bueno,2,VOLVO,GRIS,2,,23,MASCULINO,SIN DATOS,0,0,Morelia,Isaac Arriaga,octubre,jueves,8,-101.170477867126,19.7082230475799
18280,18281,2018,"181086358",2018/10/25,"08:30:00",COLISIÓN POR INVASIÓN DE CARRIL,ASFALTO,Bueno,Bueno,2,FORD,ORO,2,,33,MASCULINO,SIN DATOS,0,0,Morelia,Isaac Arriaga,octubre,jueves,9,-101.167613267899,19.7114753317108
18281,18282,2018,"181086403",2018/10/25,"08:40:00",COLISIÓN POR ALCANCE,ASFALTO,Bueno,Bueno,2,ITALIKA,AMARILLO,1,,,,,1,0,Morelia,Jesus del Monte,octubre,jueves,9,-101.158064603806,19.6596379754233
18282,18283,2018,"181886409",2018/10/25,"08:50:00",COLISIÓN POR ALCANCE,CONCRETO,Bueno,Bueno,2,HONDA,PLATA,2,,52,FEMENINO,SIN DATOS,0,0,Morelia,Erendira,octubre,jueves,9,-101.167538166046,19.7028647147513
18283,18284,2018,"181086766",2018/10/25,11:00:00,COLISIÓN POR CAMBIO DE CARRIL,ASFALTO,Bueno,Bueno,2,FORD,BLANCO,2,,30,MASCULINO,SIN DATOS,0,0,Morelia,Libertad,octubre,jueves,11,-101.236932277679,19.684909709328
18284,18285,2018,"181086409",2018/10/25,11:05:00,COLISIÓN POR CORTE DE CIRCULACIÓN,CONCRETO,Bueno,Bueno,1,FREIGHTLINER,BLANCO,1,,47,MASCULINO,SIN DATOS,0,0,Morelia,Ejidal Ocolusen,octubre,jueves,11,-101.153419017792,19.6873038264018
18285,18286,2018,"181187348",2018/10/25,14:40:00,COLISIÓN POR CORTE DE CIRCULACIÓN,ASFALTO,Bueno,Bueno,2,SIN DATOS,SIN DATOS,4,,0,,SIN DATOS,3,0,Morelia,Fovissste La Huerta,octubre,jueves,15,-101.212850300063,19.6935370117174
18286,18287,2018,"181087593",2018/10/25,14:45:00,COLISIÓN POR CORTE DE CIRCULACIÓN,CONCRETO,Bueno,Bueno,2,YAMAHA,AZUL,2,,28,MASCULINO,SIN DATOS,0,0,Morelia,Cuauhtemoc,octubre,jueves,15,-101.17931842804,19.693592001395
18287,18288,2018,"181088837",2018/10/25,15:28:00,COLISIÓN POR ALCANCE,ASFALTO,Bueno,Bueno,2,VOLKWAGEN,PLATA,2,,67,MASCULINO,SIN DATOS,0,0,Morelia,Cosmos,octubre,jueves,15,-101.21683716774,19.682859023631
18288,18289,2018,,2018/10/25,16:00:00,COLISIÓN POR ALCANCE,ASFALTO,Bueno,Bueno,3,CHEVROLET,METALICO,3,,38,FEMENINO,SIN DATOS,0,0,Morelia,San Rafael,octubre,jueves,16,-101.154706478119,19.7005364859342
18289,18290,2018,"181087473",2018/10/25,16:30:00,COLISIÓN POR ALCANCE,CONCRETO,Bueno,Bueno,2,KENWORTH,BLANCO,2,,41,MASCULINO,SIN DATOS,0,0,Morelia,Union Antorchista,octubre,jueves,17,-101.268153190613,19.6976476169686
18290,18291,2018,LEG18926,2018/10/25,16:50:00,COLISIÓN POR ALCANCE,ASFALTO,Bueno,Bueno,2,CHEVROLET,ROJO,2,,20,MASCULINO,SIN DATOS,0,0,Morelia,Comision Federal de Electricidad,octubre,jueves,17,-101.181378364563,19.6815457628422
18291,18292,2018,"181087767",2018/10/25,17:22:00,COLISIÓN POR CORTE DE CIRCULACIÓN,ASFALTO,Bueno,Bueno,2,FORD,ROJO,2,MINISTERIO PÚBLICO,44,FEMENINO,SIN DATOS,0,0,Morelia,Comision Federal de Electricidad,octubre,jueves,17,-101.181399822235,19.6816063751156
18292,18293,2018,"181088045",2018/10/25,18:30:00,COLISIÓN POR CAMBIO DE CARRIL,ASFALTO,Nublado,Bueno,2,MAZDA,GRIS,2,,35,MASCULINO,SIN DATOS,0,0,Morelia,Lomas de Las Americas Sur,octubre,jueves,19,-101.147131919861,19.6944152542136
18293,18294,2018,"181088026",2018/10/25,18:31:00,COLISIÓN POR ALCANCE,ASFALTO,Bueno,Bueno,2,AUDI,PLATA,2,,22,FEMENINO,SIN DATOS,0,0,Morelia,Juarez,octubre,jueves,19,-101.195390224457,19.692344487521
18295,18296,2018,"181088259",2018/10/25,20:00:00,COLISIÓN POR CORTE DE CIRCULACIÓN,ASFALTO,Bueno,Bueno,2,NISSAN,BLANCO,2,,74,MASCULINO,SIN DATOS,0,0,Morelia,Lomas de Las Americas Norte,octubre,jueves,20,-101.148118972778,19.6947384934266
18296,18297,2018,,2018/10/25,20:00:00,VOLCADURA,ASFALTO,Bueno,Regular,1,INTERNATIONAL,ROJO,0,,,,,0,0,Los Reyes,Los Manantiales,octubre,jueves,20,-102.452874183655,19.5791995982075
18297,18298,2018,"181088351",2018/10/25,20:50:00,COLISIÓN POR INVASIÓN DE CARRIL,ASFALTO,Bueno,Bueno,2,INTERNATIONAL,BLANCO Y AZUL,1,MINISTERIO PÚBLICO,,,,1,0,Morelia,Avicola Benito Juarez,octubre,jueves,21,-101.279547214508,19.6914252605511
18298,18299,2018,"181088641",2018/10/25,22:30:00,COLISIÓN POR CORTE DE CIRCULACIÓN,ASFALTO,Bueno,Bueno,2,FORD,BLANCO,2,,29,MASCULINO,SIN DATOS,0,0,Morelia,San Rafael,octubre,jueves,23,-101.154738664627,19.7005768893262
18299,18300,2018,,2018/10/26,"00:00:00",COLISIÓN CONTRA OBJETO FIJO,ASFALTO,Bueno,Bueno,1,MITSUBISHI,AMARILLO,1,,25,MASCULINO,SIN DATOS,0,0,Morelia,El Lago 1,octubre,viernes,0,-101.214627027512,19.7270086209786
18300,18301,2018,"181087552",2018/10/26,"00:25:00",COLISIÓN CONTRA OBJETO FIJO,ASFALTO,Bueno,Bueno,1,VOLKSWAGEN,BLANCO,1,MINISTERIO PÚBLICO,0,,SIN DATOS,0,0,Morelia,La Soledad,octubre,viernes,0,-101.183314919472,19.7280740806169
18301,18302,2018,"181088867",2018/10/26,"01:30:00",SUBIDA AL CAMELLÓN,ASFALTO,Bueno,Bueno,1,VOLKSWAGEN,GRIS,2,MINISTERIO PÚBLICO,0,,SIN DATOS,1,0,Morelia,La Quemada,octubre,viernes,2,-101.237779855728,19.7016980793835
18302,18303,2018,,2018/10/26,"06:23:00",CAIDA DE MOTOCICLETA,CONCRETO,Bueno,Bueno,1,ITALIKA,NEGRO,0,,,,,0,0,Morelia,Torreon Nuevo,octubre,viernes,6,-101.197128295898,19.7459434558072
18303,18304,2018,"181089240",2018/10/26,"09:15:00",COLISIÓN POR ALCANCE,ASFALTO,Bueno,Bueno,2,CHRYSLER,BLANCO,0,,,,,0,0,Tarímbaro,Sin datos,octubre,viernes,9,-101.164083480835,19.8019773972172
18304,18305,2018,,2018/10/26,10:45:00,COLISIÓN POR ALCANCE,ASFALTO,Bueno,Bueno,2,NISSAN,BLANCO/ROJO,2,MINISTERIO PÚBLICO,45,MASCULINO,SIN DATOS,0,0,Zacapu,Celanese,octubre,viernes,11,-101.769962310791,19.8366378926891
18305,18306,2018,"181089957",2018/10/26,13:26:00,COLISIÓN POR ALCANCE,ASFALTO,Bueno,Bueno,2,VOLKSWAGEN,ROJO,2,,45,FEMENINO,SIN DATOS,0,0,Morelia,Lomas de Morelia (Dr Ignacio Chavez),octubre,viernes,13,-101.175048351288,19.7172424182597
18306,18307,2018,"181090309",2018/10/26,14:00:00,COLISIÓN POR ALCANCE,CONCRETO,Bueno,Bueno,3,MITSUBISHI,PLATA,3,MINISTERIO PÚBLICO,0,MASCULINO,SIN DATOS,0,0,Morelia,Ferrocarrilero,octubre,viernes,14,-101.221729516983,19.6934556339549
18307,18308,2018,"181090129",2018/10/26,14:20:00,COLISIÓN POR ALCANCE,ASFALTO,Bueno,Bueno,2,VOLKSWAGEN,BLANCO,2,,44,MASCULINO,SIN DATOS,0,0,Morelia,Insurgentes,octubre,viernes,14,-101.15503102541,19.6952965845938
18308,18309,2018,,2018/10/26,14:45:00,COLISIÓN POR ALCANCE,ASFALTO,Bueno,Regular,2,FORD,BLANCO,2,,21,MASCULINO,SIN DATOS,0,0,Tocumbo,Sin Nombre,octubre,viernes,15,-102.526473999023,19.7034455040789
18309,18310,2018,"181090211",2018/10/26,14:57:00,COLISIÓN CONTRA OBJETO FIJO,ASFALTO,Bueno,Bueno,2,VOLKSWAGEN,ROJO,1,MINISTERIO PÚBLICO,0,,SIN DATOS,0,0,Morelia,Torreon Nuevo,octubre,viernes,15,-101.202020645142,19.7471943764065
18310,18311,2018,"181090706",2018/10/26,17:00:00,COLISIÓN CON PEATÓN,ASFALTO,Bueno,Bueno,2,HONDA,BLANCO,2,,53,MASCULINO,SIN DATOS,1,0,Morelia,Lomas del Valle,octubre,viernes,17,-101.228102445602,19.6894150645009
18311,18312,2018,"181090877",2018/10/26,18:00:00,COLISIÓN POR ALCANCE,ASFALTO,Lluvioso,Bueno,2,CHEVROLET,ROJO/BLANCO,2,,26,MASCULINO,SIN DATOS,0,0,Morelia,El Realito,octubre,viernes,18,-101.202610731125,19.7255745313861
18312,18313,2018,"181091127",2018/10/26,19:20:00,COLISIÓN POR ALCANCE,ASFALTO,Nublado,Bueno,2,FIAT,BLANCO,2,,44,MASCULINO,SIN DATOS,0,0,Morelia,Villas Lomas del Paraiso,octubre,viernes,19,-101.175606250763,19.6734538184555
18313,18314,2018,"181091148",2018/10/26,19:25:00,COLISIÓN POR CORTE DE CIRCULACIÓN,ASFALTO,Bueno,Bueno,2,ITALIKA,NARANJA,2,,22,MASCULINO,SIN DATOS,0,0,Morelia,Independencia,octubre,viernes,19,-101.177945137024,19.7133590001916
18314,18315,2018,"181091356",2018/10/26,20:40:00,COLISIÓN CON PEATÓN,ASFALTO,Lluvioso,Bueno,1,NISSAN,BLANCO,2,,41,MASCULINO,SIN DATOS,1,0,Morelia,Isaac Arriaga,octubre,viernes,21,-101.171443462372,19.7078392332886
18315,18316,2018,"181091553",2018/10/26,20:50:00,SUBIDA AL CAMELLÓN,ASFALTO,Lluvioso,Bueno,1,CHEVROLET,BLANCO,1,,63,MASCULINO,SIN DATOS,0,0,Morelia,Tierra Y Libertad,octubre,viernes,21,-101.230484247208,19.7156718925332
18316,18317,2018,"181091388",2018/10/26,20:50:00,COLISIÓN POR INVASIÓN DE CARRIL,ASFALTO,Bueno,Bueno,2,NISSAN,BLANCO,2,,22,MASCULINO,SIN DATOS,0,0,Morelia,Chapultepec Norte,octubre,viernes,21,-101.170434951782,19.6944960640781
18317,18318,2018,"181091937",2018/10/27,"01:44:00",COLISIÓN POR CORTE DE CIRCULACIÓN,ASFALTO,Bueno,Bueno,2,CHEVROLET,GRIS,2,,29,MASCULINO,ALIENTO ETÍLICO,0,0,Morelia,Centro,octubre,sábado,2,-101.194252967834,19.7030515776346
18318,18319,2018,"181091978",2018/10/27,"01:50:00",COLISIÓN CONTRA OBJETO FIJO,ASFALTO,Bueno,Bueno,1,DODGE,ROJO,1,,0,,SIN DATOS,0,0,Morelia,Sin datos,octubre,sábado,2,-101.344907283783,19.5550789459761
18319,18320,2018,"181092033",2018/10/27,"02:20:00",COLISIÓN POR CORTE DE CIRCULACIÓN,ASFALTO,Nublado,Bueno,2,KTM,BLANCO/NEGRO,2,MINISTERIO PÚBLICO,0,,SIN DATOS,0,1,Morelia,Jardines de Torremolinos,octubre,sábado,2,-101.227952241898,19.676908855942
18320,18321,2018,"181092154",2018/10/27,"06:07:00",COLISIÓN POR CORTE DE CIRCULACIÓN,ASFALTO,Bueno,Bueno,2,KTM,NARANJA,1,MINISTERIO PÚBLICO,,,,0,1,Morelia,San Jose Itzicuaro,octubre,sábado,6,-101.304523944855,19.6879099263123
18321,18322,2018,"181092413",2018/10/27,"08:15:00",COLISIÓN POR CORTE DE CIRCULACIÓN,ASFALTO,Bueno,Bueno,1,FORD,ROJO,1,,43,MASCULINO,SIN DATOS,0,0,Morelia,Isaac Arriaga,octubre,sábado,8,-101.16970539093,19.708697763982
18322,18323,2018,"181092335",2018/10/27,"09:05:00",COLISIÓN CONTRA OBJETO FIJO,CONCRETO,Bueno,Bueno,1,NISSAN,AZUL,1,,26,MASCULINO,SIN DATOS,0,0,Morelia,Lomas de Las Americas Norte,octubre,sábado,9,-101.147775650024,19.6946273800208
18323,18324,2018,,2018/10/27,"09:15:00",COLISIÓN CON PEATÓN,SIN_DATOS,Bueno,Bueno,1,SIN DATOS,SIN DATOS,2,,0,,SIN DATOS,1,0,Morelia,Los Angeles,octubre,sábado,9,-101.176142692566,19.7425101057429
18324,18325,2018,"181094954",2018/10/27,11:30:00,COLISIÓN POR ALCANCE,ASFALTO,Bueno,Bueno,2,VOLKSWAGEN,rojo,2,,25,FEMENINO,ALIENTO ETÍLICO,0,0,Morelia,Alberto Oviedo Mota,octubre,sábado,12,-101.202192306519,19.6772321304919
18325,18326,2018,"18194673",2018/10/27,13:30:00,COLISIÓN POR CAMBIO DE CARRIL,ASFALTO,Bueno,Bueno,2,FORD,VERDE/BLANCO,2,,37,MASCULINO,SIN DATOS,0,0,Morelia,Elias Perez Avalos,octubre,sábado,14,-101.165993213654,19.7104956133277
18326,18327,2018,"181093791",2018/10/27,16:45:00,COLISIÓN POR CORTE DE CIRCULACIÓN,ASFALTO,Nublado,Bueno,2,NISSAN,ROJO,2,,21,MASCULINO,SIN DATOS,0,0,Morelia,Gertrudis Bocanegra,octubre,sábado,17,-101.208908557892,19.7022435203546
18327,18328,2018,"181093996",2018/10/27,17:20:00,COLISIÓN POR ALCANCE,CONCRETO,Bueno,Bueno,3,FORD,VERDE,2,MINISTERIO PÚBLICO,0,,SIN DATOS,1,0,Morelia,Fidel Velazquez,octubre,sábado,17,-101.239120960236,19.706233263502
18328,18329,2018,,2018/10/27,18:10:00,COLISIÓN POR CAMBIO DE CARRIL,ASFALTO,Bueno,Bueno,2,MERCEDEZ BENZ,BLANCO/ROJO,2,,23,MASCULINO,SIN DATOS,0,0,Morelia,Felix Ireta,octubre,sábado,18,-101.193362474442,19.6821619865531
18329,18330,2018,"181794205",2018/10/27,18:25:00,COLISIÓN POR CORTE DE CIRCULACIÓN,CONCRETO,Nublado,Bueno,2,CHEVROLET,GRIS,2,,29,FEMENINO,SIN DATOS,0,0,Morelia,Ventura Puente,octubre,sábado,18,-101.179854869843,19.6901676282894
18330,18331,2018,,2018/10/27,18:30:00,COLISIÓN CONTRA OBJETO FIJO,CONCRETO,Bueno,Bueno,1,NISSAN,GRIS,2,MINISTERIO PÚBLICO,41,MASCULINO,ALIENTO ETÍLICO,1,0,Zacapu,Cuauhtemoc Cardenas,octubre,sábado,19,-101.767773628235,19.8405939973875
18331,18332,2018,"181093238",2018/10/27,19:00:00,COLISIÓN CONTRA OBJETO FIJO,CONCRETO,Bueno,Bueno,1,FORD,BLANCO,1,,25,MASCULINO,SIN DATOS,0,0,Morelia,Nicolas Bravo(Los Ejidos),octubre,sábado,19,-101.213466843718,19.702250080326
18332,18333,2018,"181094220",2018/10/27,19:11:00,SALIDA DE SUPERFICIE DE RODAMIENTO,ASFALTO,Bueno,Bueno,1,VOLKSWAGEN,AZUL,1,,61,MASCULINO,SIN DATOS,0,0,Morelia,El Eden,octubre,sábado,19,-101.253283023834,19.6426885790019