fid,id_accidente,anio_origen,folio_c5i,dia_incidente,hora_ocurrencia,tipo_incidente_vial,superficie_ocurrencia,condiciones_climaticas,condiciones_via,numero_vehiculos_involucrados,marca_vehiculo_ocasiona_siniestro,color_vehiculo_ocasiona_siniestro,numero_personas_involucradas,lugar_remite_presunto_responsable,edad_presunto_responsable,sexo_presunto_responsable,resultados_toxicologia,numero_personas_lesionadas,numero_personas_fallecidas,municipio,colonia,mes,dia_semana,hora_redondeada,lon,lat
18333,18334,2018,"181094399",2018/10/27,19:50:00,COLISIÓN POR CORTE DE CIRCULACIÓN,CONCRETO,Lluvioso,Bueno,2,HONDA,NEGRO,2,,27,MASCULINO,SIN DATOS,0,0,Morelia,Jardines de Guadalupe,octubre,sábado,20,-101.222035288811,19.71151573234
18334,18335,2018,"181094472",2018/10/27,20:05:00,COLISIÓN CONTRA OBJETO FIJO,ASFALTO,Nublado,Bueno,2,SIN DATOS,SIN DATOS,1,,30,MASCULINO,SIN DATOS,0,0,Morelia,Sentimientos de La Nacion,octubre,sábado,20,-101.231878995895,19.677752399101
18335,18336,2018,"181094504",2018/10/27,20:20:00,SUBIDA AL CAMELLÓN,ASFALTO,Lluvioso,Bueno,1,CHEVROLET,ROJO,1,,63,MASCULINO,SIN DATOS,0,0,Morelia,Comision Federal de Electricidad,octubre,sábado,20,-101.180230379105,19.6815053546472
18336,18337,2018,"181094476",2018/10/27,20:30:00,COLISIÓN CON PEATÓN,ASFALTO,Lluvioso,Bueno,1,CHEVROLET,BLANCO,1,MINISTERIO PÚBLICO,,,,1,0,Morelia,Francisco J Mujica,octubre,sábado,21,-101.188266277313,19.7217064650061
18337,18338,2018,,2018/10/27,21:10:00,COLISIÓN POR INVASIÓN DE CARRIL,ASFALTO,Bueno,Regular,3,TOYOTA,BLANCO,3,,21,MASCULINO,SIN DATOS,0,0,Peribán,Los Cerritos,octubre,sábado,21,-102.428863048553,19.5334623212773
18338,18339,2018,,2018/10/27,21:30:00,COLISIÓN CONTRA OBJETO FIJO,ASFALTO,Bueno,Bueno,1,VOLKSWAGEN,BLANCO,0,,,,,0,0,Morelia,Chapultepec Oriente,octubre,sábado,22,-101.162404417992,19.692097003856
18339,18340,2018,"181094643",2018/10/27,21:30:00,COLISIÓN POR ALCANCE,ASFALTO,Bueno,Bueno,1,HONDA,ROJO,0,,,,,0,0,Morelia,Francisco J Mujica,octubre,sábado,22,-101.191248893738,19.7229890979144
18340,18341,2018,,2018/10/27,21:44:00,COLISIÓN CONTRA OBJETO FIJO,ASFALTO,Bueno,Bueno,1,CHEVROLET,BLANCO,2,,46,,SIN DATOS,0,1,Lázaro Cárdenas,Jose Green,octubre,sábado,22,-102.20340192318,17.9665020282499
18341,18342,2018,"181094875",2018/10/27,22:27:00,COLISIÓN CON PEATÓN,ASFALTO,Bueno,Bueno,1,FORD,AZUL,1,,30,MASCULINO,SIN DATOS,0,0,Morelia,Jardines de Torremolinos,octubre,sábado,22,-101.225677728653,19.676908855942
18342,18343,2018,,2018/10/27,22:30:00,SALIDA DE SUPERFICIE DE RODAMIENTO,ASFALTO,Bueno,Bueno,1,MAZDA,BLANCO,0,MINISTERIO PÚBLICO,,,,0,0,Zacapu,Villa Guzman,octubre,sábado,23,-101.782064437866,19.8074888605895
18343,18344,2018,LEG18969,2018/10/27,23:00:00,SALIDA DE SUPERFICIE DE RODAMIENTO,ASFALTO,Bueno,Bueno,1,HONDA,GRIS,0,,,,,0,0,Morelia,Alberto Oviedo Mota,octubre,sábado,23,-101.199510097504,19.6811820887201
18344,18345,2018,"181094965",2018/10/27,23:10:00,COLISIÓN POR ALCANCE,ASFALTO,Bueno,Bueno,2,GMC,AZUL,1,,20,MASCULINO,SIN DATOS,0,0,Morelia,El Lago 2,octubre,sábado,23,-101.216472387314,19.7269480259042
18345,18346,2018,"181095076",2018/10/28,"00:00:00",COLISIÓN CONTRA OBJETO FIJO,ASFALTO,Bueno,Bueno,1,RENAULT,NEGRO,0,,,,,0,0,Morelia,Elias Perez Avalos,octubre,domingo,0,-101.167387962341,19.7116066337184
18346,18347,2018,"181095170",2018/10/28,"00:20:00",COLISIÓN POR ALCANCE,ASFALTO,Bueno,Bueno,2,NISSAN,ROJO,2,,64,MASCULINO,ALIENTO ETÍLICO,0,0,Morelia,Francisco J Mujica,octubre,domingo,0,-101.188309192657,19.7216862659804
18347,18348,2018,,2018/10/28,"00:20:00",CAIDA DE MOTOCICLETA,ASFALTO,Bueno,Bueno,1,ITALIKA,ROJO,1,MINISTERIO PÚBLICO,,,SIN DATOS,0,0,Lázaro Cárdenas,Sin datos,octubre,domingo,0,-102.232418060303,17.9384801514237
18348,18349,2018,"181095113",2018/10/28,"00:30:00",SALIDA DE SUPERFICIE DE RODAMIENTO,ASFALTO,Bueno,Bueno,1,NISSAN,BLANCO,1,,38,MASCULINO,ALIENTO ETÍLICO,0,0,Morelia,Centenario (Alamos),octubre,domingo,1,-101.165478229523,19.727624669598
18349,18350,2018,,2018/10/28,"00:35:00",COLISIÓN POR INVASIÓN DE CARRIL,ASFALTO,Bueno,Regular,2,CHEVROLET,AZUL,2,,40,MASCULINO,SIN DATOS,0,0,Peribán,Los Cerritos,octubre,domingo,1,-102.428991794586,19.5334420985706
18350,18351,2018,,2018/10/28,"01:00:00",COLISIÓN CONTRA OBJETO FIJO,ASFALTO,Bueno,Bueno,1,FORD,BLANCO,2,,,,,2,0,Morelia,Las Americas,octubre,domingo,1,-101.15097284317,19.6897787199276
18351,18352,2018,"181095303",2018/10/28,"01:40:00",COLISIÓN CONTRA OBJETO FIJO,ASFALTO,Bueno,Bueno,2,DODGE,BLANCO,2,,26,MASCULINO,SIN DATOS,0,0,Morelia,Nueva Chapultepec,octubre,domingo,2,-101.174640655518,19.686869453388
18352,18353,2018,"181095299",2018/10/28,"01:50:00",COLISIÓN POR CAMBIO DE CARRIL,ASFALTO,Bueno,Bueno,2,VOLKSWAGEN,NEGRO,2,,42,FEMENINO,SIN DATOS,0,0,Morelia,Gertrudis Bocanegra,octubre,domingo,2,-101.210689544678,19.7020819084088
18353,18354,2018,"181095340",2018/10/28,"02:45:00",COLISIÓN POR CORTE DE CIRCULACIÓN,SIN_DATOS,Nublado,Bueno,1,VOLKSWAGEN,BLANCO,1,,20,MASCULINO,SIN DATOS,0,0,Morelia,Sin datos,octubre,domingo,3,-101.275405883789,19.630299989348
18354,18355,2018,"181095458",2018/10/28,"05:40:00",COLISIÓN CONTRA OBJETO FIJO,ASFALTO,Bueno,Bueno,1,HONDA,PLATA,1,,17,MASCULINO,SIN DATOS,0,0,Morelia,Alberto Oviedo Mota,octubre,domingo,6,-101.20099067688,19.6805557591299
18355,18356,2018,"181095494",2018/10/28,"07:20:00",COLISIÓN CONTRA OBJETO FIJO,CONCRETO,Bueno,Bueno,1,VOLKSWAGEN,ARENA,1,,29,MASCULINO,SIN DATOS,0,0,Morelia,Isaac Arriaga,octubre,domingo,7,-101.174935698509,19.7099906015077
18356,18357,2018,,2018/10/28,"09:03:00",COLISIÓN POR CORTE DE CIRCULACIÓN,CONCRETO,Bueno,Bueno,2,NISSAN,ROJO,2,,63,MASCULINO,SIN DATOS,0,0,Erongarícuaro,San Francisco,octubre,domingo,9,-101.720620393753,19.5869121882677
18357,18358,2018,"181095861",2018/10/28,10:20:00,COLISIÓN CONTRA OBJETO FIJO,ASFALTO,Bueno,Bueno,1,MERCEDES BENZ,GRIS,1,,22,MASCULINO,SIN DATOS,0,0,Morelia,Nueva Chapultepec,octubre,domingo,10,-101.169254779816,19.6895160799801
18358,18359,2018,"181096178",2018/10/28,12:20:00,COLISIÓN POR CAMBIO DE CARRIL,CONCRETO,Bueno,Bueno,2,KAWASAKI,AZUL,2,,33,MASCULINO,SIN DATOS,0,0,Tarímbaro,Sin datos,octubre,domingo,12,-101.167742013931,19.7586108687218
18359,18360,2018,"181090700",2018/10/28,15:00:00,COLISIÓN POR MANIOBRA DE REVERSA,CONCRETO,Bueno,Bueno,2,NISSAN,GRIS,2,,39,FEMENINO,SIN DATOS,0,0,Morelia,Central de Abastos,octubre,domingo,15,-101.1714220047,19.7161491117892
18361,18362,2018,"181097043",2018/10/28,16:45:00,COLISIÓN POR CORTE DE CIRCULACIÓN,CONCRETO,Bueno,Bueno,1,NISSAN,BLANCO Y AMARILLO,1,,,MASCULINO,SIN DATOS,0,0,Morelia,Jose Maria Morelos,octubre,domingo,17,-101.21860742569,19.7162930347773
18362,18363,2018,"181097176",2018/10/28,17:27:00,CAIDA DE MOTOCICLETA,ASFALTO,Bueno,Bueno,1,HONDA,ROJO,1,,,,,1,0,Morelia,Constituyentes de Queretaro,octubre,domingo,17,-101.166127324104,19.7189896731238
18363,18364,2018,"181097354",2018/10/28,18:17:00,COLISIÓN POR CORTE DE CIRCULACIÓN,ASFALTO,Bueno,Bueno,2,SIN DATOS,SIN DATOS,1,,52,MASCULINO,SIN DATOS,0,0,Morelia,Solidaridad,octubre,domingo,18,-101.204241514206,19.7297353755448
18364,18365,2018,"18197653",2018/10/28,18:41:00,COLISIÓN POR CAMBIO DE CARRIL,ASFALTO,Bueno,Bueno,2,DINA,BLANCO,2,,38,MASCULINO,SIN DATOS,0,0,Morelia,Tierra Y Libertad,octubre,domingo,19,-101.230355501175,19.715697142265
18365,18366,2018,"181097422",2018/10/28,18:50:00,COLISIÓN CONTRA OBJETO FIJO,ASFALTO,Bueno,Bueno,1,VOLKSWAGEN,BLANCO,1,,31,MASCULINO,SIN DATOS,0,0,Morelia,Martires de Uruapan,octubre,domingo,19,-101.197192668915,19.7249988720846
18366,18367,2018,"181097698",2018/10/28,19:30:00,COLISIÓN POR CAMBIO DE CARRIL,ASFALTO,Bueno,Bueno,2,BUICK,BLANCO,2,,41,MASCULINO,SIN DATOS,0,0,Morelia,Centro,octubre,domingo,20,-101.191619038582,19.7010061747357
18367,18368,2018,,2018/10/28,19:40:00,COLISIÓN POR CORTE DE CIRCULACIÓN,ASFALTO,Bueno,Regular,2,FORD,NEGRO,2,MINISTERIO PÚBLICO,52,MASCULINO,SIN DATOS,0,0,Ario,Sin datos,octubre,domingo,20,-101.627938364757,19.1862518612216
18368,18369,2018,"181097661",2018/10/28,20:11:00,COLISIÓN CONTRA OBJETO FIJO,ASFALTO,Bueno,Bueno,1,FORD,AZUL,0,,,,,0,0,Morelia,Ciudad Jardin,octubre,domingo,20,-101.251228451729,19.7030162252139
18369,18370,2018,"181097736",2018/10/28,20:40:00,SALIDA DE SUPERFICIE DE RODAMIENTO,ASFALTO,Bueno,Bueno,1,NISSAN,VERDE,1,,,,SIN DATOS,0,0,Morelia,Sin datos,octubre,domingo,21,-101.357170343399,19.6703422004768
18370,18371,2018,"181097790",2018/10/28,20:50:00,COLISIÓN POR CORTE DE CIRCULACIÓN,ASFALTO,Bueno,Bueno,1,SIN DATOS,SIN DATOS,1,,,MASCULINO,SIN DATOS,0,0,Morelia,Adolfo Lopez Mateos,octubre,domingo,21,-101.224422454834,19.6930919868801
18371,18372,2018,"181097858",2018/10/28,22:00:00,COLISIÓN POR CAMBIO DE CARRIL,ASFALTO,Bueno,Bueno,2,NISSAN,GRIS,2,MINISTERIO PÚBLICO,19,FEMENINO,SIN DATOS,0,0,Morelia,Sin datos,octubre,domingo,22,-101.314973831177,19.6871017925884
18372,18373,2018,,2018/10/28,22:00:00,COLISIÓN POR INVASIÓN DE CARRIL,ASFALTO,Bueno,Bueno,2,CHEVROLET,ROJO,2,MINISTERIO PÚBLICO,,,SIN DATOS,0,0,Irimbo,Sin datos,octubre,domingo,22,-100.464820861816,19.7125358448451
18373,18374,2018,,2018/10/28,23:00:00,COLISIÓN CONTRA OBJETO FIJO,ADOQUIN_EMPEDRADO,Bueno,Bueno,2,CHEVROLET,VERDE,1,,0,MASCULINO,SIN DATOS,0,0,Cuitzeo,Centro,octubre,domingo,23,-101.138623952866,19.9686800500733
18374,18375,2018,"181098245",2018/10/28,23:54:00,CAIDA ACUATICA DE VEHÍCULO,ASFALTO,Bueno,Bueno,1,MITSUBISHI,ROJO,0,,,,,0,0,Morelia,Prados Verdes,octubre,domingo,0,-101.20289504528,19.7157021922109
18375,18376,2018,"181038349",2018/10/29,"02:20:00",SUBIDA AL CAMELLÓN,ASFALTO,Bueno,Bueno,1,NISSAN,BLANCO Y AZUL,2,,45,MASCULINO,ALIENTO ETÍLICO,1,0,Morelia,Irrigacion,octubre,lunes,2,-101.22508764267,19.7048393898628
18376,18377,2018,"181098583",2018/10/29,"07:50:00",COLISIÓN CONTRA OBJETO FIJO,ASFALTO,Bueno,Bueno,1,PEUGEOT,BLANCO,1,,0,MASCULINO,SIN DATOS,0,0,Morelia,El Lago 1,octubre,lunes,8,-101.219363808632,19.7276398183046
18377,18378,2018,"18104189",2018/10/29,"08:15:00",COLISIÓN POR ALCANCE,ASFALTO,Bueno,Bueno,2,MERCEDES BENZ,BLANCO,2,,32,MASCULINO,SIN DATOS,0,0,Morelia,Indeco El Vivero,octubre,lunes,8,-101.2297976017,19.6770906979566
18378,18379,2018,,2018/10/29,"08:20:00",COLISIÓN POR ALCANCE,ASFALTO,Nublado,Regular,2,NISSAN,BLANCO/VERDE,2,,37,MASCULINO,SIN DATOS,0,0,Salvador Escalante,Cuirinditzio,octubre,lunes,8,-101.627140045166,19.4101782176683
18379,18380,2018,,2018/10/29,"08:40:00",COLISIÓN POR ALCANCE,ASFALTO,Bueno,Bueno,2,NISSAN,BLANCO/ROJO,3,,24,MASCULINO,SIN DATOS,1,0,Tangancícuaro,Sin datos,octubre,lunes,9,-102.241816520691,19.9398679672448
18380,18381,2018,"18105370",2018/10/29,"09:46:00",COLISIÓN CON PEATÓN,ASFALTO,Bueno,Bueno,1,HONDA,BLANCO,2,,32,MASCULINO,SIN DATOS,1,0,Morelia,San Pascual,octubre,lunes,10,-101.267445087433,19.6954253745868
18381,18382,2018,,2018/10/29,10:00:00,COLISIÓN POR ALCANCE,ASFALTO,Bueno,Bueno,2,FORD,BLANCA,4,MINISTERIO PÚBLICO,27,MASCULINO,SIN DATOS,2,0,Zacapu,Zacapu,octubre,lunes,10,-101.778373718262,19.803370422472
18382,18383,2018,,2018/10/29,10:10:00,COLISIÓN POR ALCANCE,ASFALTO,Bueno,Bueno,2,FORD,ROJO,2,,44,MASCULINO,SIN DATOS,0,0,Morelia,Elias Perez Avalos,octubre,lunes,10,-101.165735721588,19.7142478012067
18384,18385,2018,"181098988",2018/10/29,11:30:00,COLISIÓN CON PEATÓN,ASFALTO,Bueno,Bueno,1,ITALIKA,BLANCO,2,,39,MASCULINO,SIN DATOS,1,0,Morelia,Eduardo Ruiz,octubre,lunes,12,-101.22168391943,19.7217695869452
18385,18386,2018,"181099033",2018/10/29,11:50:00,COLISIÓN POR NO RESPETAR SEMÁFORO,ASFALTO,Bueno,Bueno,2,FORD,VERDE,2,,43,MASCULINO,SIN DATOS,0,0,Morelia,Bosques de Oriente,octubre,lunes,12,-101.155564785004,19.7155456438145
18386,18387,2018,"181099413",2018/10/29,13:20:00,COLISIÓN POR CORTE DE CIRCULACIÓN,ASFALTO,Bueno,Bueno,2,FORD,BLANCO Y AZUL,2,,33,MASCULINO,SIN DATOS,0,0,Morelia,Felix Ireta,octubre,lunes,13,-101.180369853973,19.6876573849617
18387,18388,2018,,2018/10/29,13:50:00,COLISIÓN POR CAMBIO DE CARRIL,ASFALTO,Bueno,Bueno,1,NISSAN,BLANCO,1,,35,MASCULINO,SIN DATOS,0,0,Morelia,Francisco J Mujica,octubre,lunes,14,-101.188287734985,19.7216660669521
18388,18389,2018,,2018/10/29,15:15:00,SALIDA DE SUPERFICIE DE RODAMIENTO,ASFALTO,Bueno,Bueno,1,VOLKWAGEN,ROJO,1,,0,MASCULINO,SIN DATOS,0,0,Copándaro,Centro,octubre,lunes,15,-101.220517158508,19.8955655683415
18389,18390,2018,"181099700",2018/10/29,15:25:00,COLISIÓN POR ALCANCE,ASFALTO,Bueno,Bueno,2,CHEVROLET,ROJO,2,,42,MASCULINO,SIN DATOS,0,0,Morelia,Sin datos,octubre,lunes,15,-101.174983978271,19.7450144389596
18391,18392,2018,"181100161",2018/10/29,18:30:00,COLISIÓN POR CORTE DE CIRCULACIÓN,ASFALTO,Bueno,Bueno,2,HARLEY DAVIDSON,NEGRO Y DORADO,2,,26,MASCULINO,SIN DATOS,0,0,Morelia,Nueva Chapultepec,octubre,lunes,19,-101.169957518578,19.6896372984709
18392,18393,2018,"18100489",2018/10/29,19:20:00,COLISIÓN POR CORTE DE CIRCULACIÓN,ASFALTO,Bueno,Bueno,2,SUZUKI,MORADO Y VERDE,2,,,MASCULINO,SIN DATOS,0,0,Morelia,Granjas de La Huerta,octubre,lunes,19,-101.231331825256,19.6629771237344
18393,18394,2018,"18100528",2018/10/29,20:30:00,COLISIÓN POR CORTE DE CIRCULACIÓN,ASFALTO,Bueno,Bueno,2,MERCEDES BENZ,AMARILLO Y GUINDA,2,,56,MASCULINO,SIN DATOS,0,0,Morelia,Centro,octubre,lunes,21,-101.187837123871,19.6984354954947
18394,18395,2018,,2018/10/29,23:10:00,COLISIÓN POR NO RESPETAR SEMÁFORO,ASFALTO,Bueno,Bueno,2,CHEVROLET,ARENA,0,MINISTERIO PÚBLICO,,,,0,0,Lázaro Cárdenas,El Sembrador,octubre,lunes,23,-102.205080986023,17.9705485284974
18395,18396,2018,"181100912",2018/10/29,23:15:00,SALIDA DE SUPERFICIE DE RODAMIENTO,ASFALTO,Bueno,Bueno,2,SIN DATOS,SIN DATOS,1,,36,MASCULINO,SIN DATOS,0,0,Morelia,Valle de Las Flores,octubre,lunes,23,-101.130995750427,19.6858693808075
18396,18397,2018,"181100993",2018/10/30,"02:20:00",COLISIÓN CONTRA OBJETO FIJO,ASFALTO,Bueno,Bueno,1,VOLKSWAGEN,ROJO,1,,,,,1,0,Morelia,Enrique Arreguin Robles,octubre,martes,2,-101.184296607971,19.7198481439505
18397,18398,2018,,2018/10/30,"06:00:00",COLISIÓN CON PEATÓN,ASFALTO,Bueno,Bueno,1,VOLKSWAGEN,SIN DATOS,0,MINISTERIO PÚBLICO,,,,0,0,Lázaro Cárdenas,Sin datos,octubre,martes,6,-102.233920097351,17.9386026387818
18398,18399,2018,"181101055",2018/10/30,"06:33:00",COLISIÓN POR NO RESPETAR SEMÁFORO,ASFALTO,Bueno,Bueno,2,PEUGEOT,BLANCO,2,,28,FEMENINO,SIN DATOS,0,0,Morelia,Los Manantiales de Morelia,octubre,martes,7,-101.240301132202,19.6928091496953
18399,18400,2018,"181101119",2018/10/30,"08:00:00",COLISIÓN POR CAMBIO DE CARRIL,ASFALTO,Bueno,Bueno,2,INTERNATIONAL,VERDE,2,,35,MASCULINO,SIN DATOS,0,0,Morelia,Vasco de Quiroga,octubre,martes,8,-101.175767183304,19.7004758808272
18400,18401,2018,"181101237",2018/10/30,"08:30:00",COLISIÓN POR ALCANCE,ASFALTO,Bueno,Bueno,2,ITALIKA,NEGRO,2,,53,MASCULINO,SIN DATOS,0,0,Morelia,Villas del Real,octubre,martes,9,-101.199070215225,19.7331690002776
18401,18402,2018,"181101184",2018/10/30,"08:35:00",COLISIÓN CONTRA OBJETO FIJO,ASFALTO,Bueno,Bueno,2,HONDA,BLANCO,2,,,FEMENINO,SIN DATOS,0,0,Morelia,Lomas de Hidalgo,octubre,martes,9,-101.158740520477,19.6957486117599
18402,18403,2018,"18109768",2018/10/30,11:52:00,COLISIÓN POR CORTE DE CIRCULACIÓN,ASFALTO,Bueno,Bueno,2,VOLKSWAGEN,ROJO,2,,38,MASCULINO,SIN DATOS,0,0,Morelia,Villa Universidad,octubre,martes,12,-101.200035810471,19.6819700482744
18403,18404,2018,"181101984",2018/10/30,12:39:00,COLISIÓN POR CORTE DE CIRCULACIÓN,ASFALTO,Bueno,Bueno,2,NISSAN,BLANCO,2,,44,MASCULINO,SIN DATOS,0,0,Morelia,Ejidal Ocolusen,octubre,martes,13,-101.154068112373,19.6854754111065
18404,18405,2018,"181101975",2018/10/30,13:05:00,COLISIÓN POR CORTE DE CIRCULACIÓN,ASFALTO,Bueno,Bueno,2,MERCEDES BENZ,BLANCO,2,MINISTERIO PÚBLICO,,MASCULINO,SIN DATOS,0,0,Morelia,La Soledad,octubre,martes,13,-101.184564828873,19.7249786734749
18405,18406,2018,"18109775",2018/10/30,14:18:00,COLISIÓN POR ALCANCE,ASFALTO,Bueno,Bueno,2,DODGE,BLANCO,2,,22,FEMENINO,SIN DATOS,0,0,Morelia,Montaña Monarca,octubre,martes,14,-101.164544820786,19.6657655876522
18406,18407,2018,"18110273",2018/10/30,16:39:00,COLISIÓN POR CORTE DE CIRCULACIÓN,ADOQUIN_EMPEDRADO,Bueno,Bueno,1,CHEVROLET,BLANCO,1,,,MASCULINO,SIN DATOS,0,0,Morelia,Americas Britania,octubre,martes,17,-101.147818565369,19.6931020881989
18407,18408,2018,,2018/10/30,16:40:00,COLISIÓN POR CAMBIO DE CARRIL,ASFALTO,Bueno,Bueno,2,CHEVROLET,AZUL,2,,30,MASCULINO,SIN DATOS,0,0,Lázaro Cárdenas,Lirios,octubre,martes,17,-102.208106517792,17.9679614324672
18408,18409,2018,"181102896",2018/10/30,17:00:00,COLISIÓN POR CORTE DE CIRCULACIÓN,ASFALTO,Bueno,Bueno,2,FREIGHTLINER,BLANCO,2,,0,MASCULINO,SIN DATOS,0,0,Morelia,Elias Perez Avalos,octubre,martes,17,-101.167087554932,19.7116470343145
18409,18410,2018,"181102932",2018/10/30,18:30:00,COLISIÓN POR CORTE DE CIRCULACIÓN,ASFALTO,Bueno,Bueno,2,PONTIAC,VERDE,2,MINISTERIO PÚBLICO,20,MASCULINO,SIN DATOS,0,0,Morelia,La Esperanza,octubre,martes,19,-101.252295970917,19.698374889592
18410,18411,2018,,2018/10/30,19:50:00,SALIDA DE SUPERFICIE DE RODAMIENTO,ASFALTO,Nublado,Bueno,1,DINA,VERDE/BLANCO,1,,0,MASCULINO,SIN DATOS,0,0,Acuitzio,Sin datos,octubre,martes,20,-101.342396736145,19.5143305092264
18411,18412,2018,"181097789",2018/10/30,20:11:00,CAIDA DE MOTOCICLETA,ASFALTO,Bueno,Bueno,1,HONDA,BLANCO,2,,20,MASCULINO,SIN DATOS,1,0,Morelia,Felix Ireta,octubre,martes,20,-101.184972524643,19.683758095962
18412,18413,2018,"181103432",2018/10/30,21:00:00,COLISIÓN POR CORTE DE CIRCULACIÓN,ASFALTO,Bueno,Bueno,2,VOLKSWAGEN,VERDE,2,,0,MASCULINO,SIN DATOS,0,0,Morelia,Loma Bonita,octubre,martes,21,-101.196602582932,19.7228073080496
18413,18414,2018,"181103768",2018/10/31,"03:40:00",COLISIÓN CONTRA OBJETO FIJO,ASFALTO,Bueno,Bueno,1,VOLKSWAGEN,GRIS,2,,45,MASCULINO,SIN DATOS,1,0,Morelia,La Colina,octubre,miércoles,4,-101.215333789587,19.707071601943
18414,18415,2018,"181106918",2018/10/31,"06:30:00",SUBIDA AL CAMELLÓN,ASFALTO,Bueno,Bueno,1,SCAT,BLANCO,1,,24,MASCULINO,SIN DATOS,0,0,Morelia,Lomas de Huerta,octubre,miércoles,7,-101.214315891266,19.6745145835033
18415,18416,2018,"181104109",2018/10/31,"08:20:00",COLISIÓN CON PEATÓN,ASFALTO,Bueno,Bueno,3,INTERNATIONAL,ROJO,3,,50,MASCULINO,SIN DATOS,0,0,Morelia,Division del Norte,octubre,miércoles,8,-101.163128614426,19.7115056321837
18416,18417,2018,"181104182",2018/10/31,"09:00:00",COLISIÓN POR CORTE DE CIRCULACIÓN,ASFALTO,Bueno,Bueno,2,FORD,ROJO,2,,43,MASCULINO,SIN DATOS,0,0,Morelia,Las Americas,octubre,miércoles,9,-101.158998012543,19.6879907394604
18417,18418,2018,"181104111",2018/10/31,"09:20:00",COLISIÓN POR CORTE DE CIRCULACIÓN,CONCRETO,Bueno,Bueno,2,ITALIKA,NEGRA/VERDE,2,,24,MASCULINO,SIN DATOS,0,0,Morelia,Carlos Salazar,octubre,miércoles,9,-101.211183071136,19.7126721960235
18418,18419,2018,"181104193",2018/10/31,"09:40:00",COLISIÓN POR CORTE DE CIRCULACIÓN,CONCRETO,Bueno,Bueno,2,NISSAN,GRIS,2,,36,FEMENINO,SIN DATOS,0,0,Morelia,Camelinas,octubre,miércoles,10,-101.172178387642,19.6819675227692
18419,18420,2018,,2018/10/31,10:00:00,COLISIÓN POR INVASIÓN DE CARRIL,ASFALTO,Bueno,Bueno,2,CHEVROLET,BLANCO,2,,40,MASCULINO,SIN DATOS,0,0,Morelia,Vasco de Quiroga,octubre,miércoles,10,-101.169109940529,19.7023849306732
18420,18421,2018,,2018/10/31,10:25:00,COLISIÓN POR NO RESPETAR SEMÁFORO,ASFALTO,Bueno,Bueno,2,cadillac,BLANCO,2,,50,MASCULINO,SIN DATOS,0,0,Morelia,Felix Ireta,octubre,miércoles,10,-101.188073158264,19.6901120700099
18421,18422,2018,"181104919",2018/10/31,11:00:00,SUBIDA AL CAMELLÓN,ASFALTO,Bueno,Bueno,1,JEEP,NEGRO,1,,21,MASCULINO,SIN DATOS,0,0,Morelia,Alberto Oviedo Mota,octubre,miércoles,11,-101.202224493027,19.6772523351296
18422,18423,2018,"181104466",2018/10/31,11:24:00,COLISIÓN POR MANIOBRA DE REVERSA,CONCRETO,Bueno,Bueno,2,TOYOTA,CAFE,2,,60,MASCULINO,SIN DATOS,0,0,Morelia,Central de Abastos,octubre,miércoles,11,-101.170070171356,19.7160405382212
18423,18424,2018,"181104527",2018/10/31,11:42:00,COLISIÓN CONTRA OBJETO FIJO,CONCRETO,Bueno,Bueno,2,FREIGHTLINER,CAFE,2,,40,MASCULINO,SIN DATOS,0,0,Morelia,Balcones de Santa Maria,octubre,miércoles,12,-101.186485290527,19.6756713145282
18424,18425,2018,"181104818",2018/10/31,12:45:00,COLISIÓN POR MANIOBRA DE REVERSA,ADOQUIN_EMPEDRADO,Bueno,Bueno,2,NAVISTAR,BLANCO,2,,27,MASCULINO,SIN DATOS,0,0,Morelia,Los Angeles,octubre,miércoles,13,-101.177746653557,19.7395563557927
18425,18426,2018,"181105824",2018/10/31,12:48:00,COLISIÓN CONTRA OBJETO FIJO,ASFALTO,Bueno,Bueno,1,FREIGHTLINER,AZUL,1,,30,MASCULINO,SIN DATOS,0,0,Morelia,La Colina,octubre,miércoles,13,-101.215453147888,19.7085563592436
18426,18427,2018,"181105048",2018/10/31,13:26:00,COLISIÓN POR ALCANCE,ASFALTO,Bueno,Bueno,2,JEEP,GRIS,2,,22,MASCULINO,SIN DATOS,0,0,Morelia,Rafael Carrillo,octubre,miércoles,13,-101.236556768417,19.7078392332886
18427,18428,2018,,2018/10/31,14:00:00,COLISIÓN CONTRA OBJETO FIJO,ASFALTO,Bueno,Bueno,1,CHEVROLET,BLANCO,1,,47,MASCULINO,SIN DATOS,0,0,Cuitzeo,Sin datos,octubre,miércoles,14,-101.160006523132,19.9702026983998
18428,18429,2018,"181105107",2018/10/31,14:10:00,COLISIÓN POR CAMBIO DE CARRIL,ASFALTO,Bueno,Bueno,2,NISSAN,BLANCO/CORAL,2,,49,MASCULINO,SIN DATOS,0,0,Morelia,Las Americas,octubre,miércoles,14,-101.153376102448,19.6874856566158