fid,id_accidente,anio_origen,folio_c5i,dia_incidente,hora_ocurrencia,tipo_incidente_vial,superficie_ocurrencia,condiciones_climaticas,condiciones_via,numero_vehiculos_involucrados,marca_vehiculo_ocasiona_siniestro,color_vehiculo_ocasiona_siniestro,numero_personas_involucradas,lugar_remite_presunto_responsable,edad_presunto_responsable,sexo_presunto_responsable,resultados_toxicologia,numero_personas_lesionadas,numero_personas_fallecidas,municipio,colonia,mes,dia_semana,hora_redondeada,lon,lat
18429,18430,2018,"181105434",2018/10/31,15:20:00,COLISIÓN POR CORTE DE CIRCULACIÓN,CONCRETO,Bueno,Bueno,2,DODGE,BLANCO,2,,40,MASCULINO,SIN DATOS,0,0,Morelia,Ferrocarrilero,octubre,miércoles,15,-101.212768256664,19.701859691717
18430,18431,2018,,2018/10/31,16:00:00,COLISIÓN CONTRA OBJETO FIJO,ASFALTO,Bueno,Bueno,1,HONDA,GRIS,2,MINISTERIO PÚBLICO,66,MASCULINO,SIN DATOS,1,0,Zacapu,Sin datos,octubre,miércoles,16,-101.810388565063,19.8221044174289
18431,18432,2018,"181105846",2018/10/31,18:00:00,COLISIÓN POR NO RESPETAR SEMÁFORO,CONCRETO,Bueno,Bueno,1,KIA,ROJO,1,,44,FEMENINO,SIN DATOS,0,0,Morelia,Centro,octubre,miércoles,18,-101.183191537857,19.7030212755602
18432,18433,2018,"181106463",2018/10/31,21:30:00,COLISIÓN POR CORTE DE CIRCULACIÓN,CONCRETO,Lluvioso,Bueno,2,DINAMO,ROJO,2,,16,MASCULINO,SIN DATOS,0,0,Morelia,Vasco de Quiroga,octubre,miércoles,22,-101.175853013992,19.6993344803571
18433,18434,2018,,2018/10/31,22:00:00,COLISIÓN POR CORTE DE CIRCULACIÓN,ASFALTO,Lluvioso,Regular,2,ITALIKA,NEGRO/ROJO,2,MINISTERIO PÚBLICO,19,MASCULINO,SIN DATOS,1,0,Pátzcuaro,Centro,octubre,miércoles,22,-101.607270240784,19.5247258762972
18434,18435,2018,"181106554",2018/10/31,22:05:00,COLISIÓN POR CORTE DE CIRCULACIÓN,ASFALTO,Lluvioso,Bueno,2,ITALIKA,ROJO/NEGRO,2,,24,MASCULINO,SIN DATOS,0,0,Morelia,Pastor Manuel Sanchez Camarena,octubre,miércoles,22,-101.19952082634,19.7391423215187
18435,18436,2018,,2018/11/01,"00:00:00",VOLCADURA,ASFALTO,Bueno,Bueno,1,NISSAN,ROJO,1,,44,MASCULINO,SIN DATOS,0,0,Morelia,Sin datos,noviembre,jueves,0,-101.173428297043,19.7478519625845
18436,18437,2018,,2018/11/01,"00:21:00",SALIDA DE SUPERFICIE DE RODAMIENTO,ASFALTO,Bueno,Regular,1,VW,NEGRO,1,,20,MASCULINO,SIN DATOS,0,0,Tocumbo,Sin datos,noviembre,jueves,0,-102.494630813599,19.6974657982963
18437,18438,2018,"181106760",2018/11/01,"00:40:00",COLISIÓN POR ALCANCE,ASFALTO,Bueno,Bueno,2,FORD,PLATA,2,,35,MASCULINO,SIN DATOS,0,0,Morelia,Jardines de Guadalupe,noviembre,jueves,1,-101.228499412537,19.7103138092562
18438,18439,2018,"181106856",2018/11/01,"04:50:00",COLISIÓN POR CAMBIO DE CARRIL,ASFALTO,Bueno,Bueno,2,VOLKWAGEN,BLANCO,2,,40,MASCULINO,SIN DATOS,0,0,Morelia,Libertad,noviembre,jueves,5,-101.238090991974,19.6876068766438
18439,18440,2018,"181106851",2018/11/01,"05:35:00",COLISIÓN POR CORTE DE CIRCULACIÓN,ASFALTO,Bueno,Bueno,2,BMW,NEGRO,2,,19,MASCULINO,SIN DATOS,0,0,Morelia,Cosmos,noviembre,jueves,6,-101.215817928314,19.6846369595423
18440,18441,2018,,2018/11/01,"06:00:00",COLISIÓN CONTRA OBJETO FIJO,ASFALTO,Bueno,Bueno,1,JEEP,GUINDA,1,,,,SIN DATOS,0,0,Apatzingán,Palmira,noviembre,jueves,6,-102.350392341614,19.0815155649027
18441,18442,2018,,2018/11/01,"07:00:00",COLISIÓN POR CORTE DE CIRCULACIÓN,ASFALTO,Bueno,Bueno,0,,,1,,,,,1,0,Morelia,Fracc Heroes Republicanos,noviembre,jueves,7,-101.276360750198,19.6924657038704
18442,18443,2018,"181107004",2018/11/01,"07:25:00",COLISIÓN POR CORTE DE CIRCULACIÓN,ASFALTO,Bueno,Bueno,1,FORD,BLANCO,1,,43,MASCULINO,SIN DATOS,0,0,Morelia,Leandro Valle,noviembre,jueves,7,-101.230580806732,19.7158082410374
18443,18444,2018,"181106997",2018/11/01,"08:05:00",COLISIÓN POR CORTE DE CIRCULACIÓN,ASFALTO,Bueno,Bueno,2,FREIGHTLINER,BLANCO,2,,21,MASCULINO,SIN DATOS,0,0,Morelia,Canteras de Morelia,noviembre,jueves,8,-101.171700954437,19.7150608478084
18444,18445,2018,,2018/11/01,"09:36:00",COLISIÓN POR ALCANCE,ASFALTO,Bueno,Bueno,3,VOLKSWAGEN,AMARILLO,3,MINISTERIO PÚBLICO,31,MASCULINO,SIN DATOS,0,0,Zitácuaro,Sin datos,noviembre,jueves,10,-100.418815612793,19.4854464878684
18445,18446,2018,"181107205",2018/11/01,"09:50:00",COLISIÓN POR CAMBIO DE CARRIL,ASFALTO,Bueno,Bueno,2,CHEVROLET,NEGRO,2,,20,MASCULINO,SIN DATOS,0,0,Morelia,Lomas de Las Americas Sur,noviembre,jueves,10,-101.146788597107,19.6943142418257
18446,18447,2018,"181107220",2018/11/01,"09:57:00",COLISIÓN CON PEATÓN,CONCRETO,Bueno,Bueno,2,NISSAN,BLANCO,2,,33,MASCULINO,SIN DATOS,0,0,Morelia,Ventura Puente,noviembre,jueves,10,-101.179704666138,19.6909201885407
18447,18448,2018,"181109642",2018/11/01,10:23:00,COLISIÓN CONTRA OBJETO FIJO,ASFALTO,Bueno,Bueno,3,FORD,ROJO/BLANCO,3,,38,MASCULINO,SIN DATOS,0,0,Morelia,Morelia 450,noviembre,jueves,10,-101.21719121933,19.675777389881
18448,18449,2018,"181107574",2018/11/01,11:00:00,COLISIÓN POR MANIOBRA DE REVERSA,ASFALTO,Bueno,Bueno,2,FORD,BLANCO,2,,27,MASCULINO,SIN DATOS,0,0,Morelia,Primo Tapia,noviembre,jueves,11,-101.212019920349,19.7106572167733
18449,18450,2018,"181107443",2018/11/01,11:20:00,COLISIÓN POR CORTE DE CIRCULACIÓN,ASFALTO,Bueno,Bueno,1,SIN DATOS,SIN DATOS,2,,0,,SIN DATOS,1,0,Morelia,El Lago 1,noviembre,jueves,11,-101.214594841003,19.7270692160301
18450,18451,2018,"181107401",2018/11/01,11:25:00,COLISIÓN POR CAMBIO DE CARRIL,ASFALTO,Bueno,Bueno,2,MERCURY,ROJO,2,,31,MASCULINO,SIN DATOS,0,0,Morelia,San Juanito Itzicuaro,noviembre,jueves,11,-101.250643730164,19.680879026321
18451,18452,2018,"181107937",2018/11/01,13:00:00,COLISIÓN POR ALCANCE,ASFALTO,Bueno,Bueno,2,DINA,BLANCO,2,,38,MASCULINO,SIN DATOS,0,0,Morelia,El Lago 3,noviembre,jueves,13,-101.220849752426,19.7273822900967
18452,18453,2018,"181107867",2018/11/01,14:00:00,COLISIÓN POR CAMBIO DE CARRIL,ASFALTO,Bueno,Bueno,2,INTERNATIONAL,NARANJA,2,,32,MASCULINO,SIN DATOS,0,0,Morelia,El Lago 1,noviembre,jueves,14,-101.219358444214,19.7277256609483
18453,18454,2018,"181108136",2018/11/01,14:10:00,COLISIÓN POR CORTE DE CIRCULACIÓN,ASFALTO,Lluvioso,Bueno,2,DODGE,BLANCO,2,,45,FEMENINO,SIN DATOS,0,0,Morelia,Nueva Valladolid,noviembre,jueves,14,-101.210571527481,19.7009910235056
18454,18455,2018,"181108037",2018/11/01,14:30:00,COLISIÓN POR CORTE DE CIRCULACIÓN,CONCRETO,Lluvioso,Bueno,2,NISSAN,BCO-GUINDA,2,,39,MASCULINO,SIN DATOS,0,0,Morelia,Industrial,noviembre,jueves,15,-101.197954416275,19.706960497101
18455,18456,2018,,2018/11/01,15:00:00,COLISIÓN POR CORTE DE CIRCULACIÓN,ASFALTO,Nublado,Bueno,2,ITALIKA,AMARILLO Y NEGRO,2,,16,MASCULINO,SIN DATOS,0,0,Puruándiro,Los Lemus,noviembre,jueves,15,-101.52510881424,20.0953724629627
18456,18457,2018,"181108149",2018/11/01,15:10:00,COLISIÓN POR CORTE DE CIRCULACIÓN,ASFALTO,Bueno,Bueno,2,ITALIKA,NEGRO,2,,18,MASCULINO,SIN DATOS,0,0,Morelia,Prados Verdes,noviembre,jueves,15,-101.19734287262,19.7141316513546
18457,18458,2018,,2018/11/01,16:10:00,COLISIÓN POR CAMBIO DE CARRIL,ASFALTO,Lluvioso,Bueno,2,NISSAN,GRIS,2,,41,MASCULINO,SIN DATOS,0,0,Tarímbaro,Sin datos,noviembre,jueves,16,-101.153655052185,19.7699344520364
18458,18459,2018,"181101655",2018/11/01,17:10:00,COLISIÓN POR ALCANCE,ASFALTO,Lluvioso,Bueno,2,VOLKSWAGEN,NEGRO,2,,0,MASCULINO,SIN DATOS,0,0,Morelia,Isaac Arriaga,noviembre,jueves,17,-101.166293621063,19.7102936087911
18459,18460,2018,"181108819",2018/11/01,19:00:00,COLISIÓN POR CORTE DE CIRCULACIÓN,ASFALTO,Bueno,Bueno,2,FORD,BLANCO,2,,22,MASCULINO,SIN DATOS,0,0,Tarímbaro,Sin datos,noviembre,jueves,19,-101.127519607544,19.7781325676748
18460,18461,2018,,2018/11/01,21:45:00,COLISIÓN CON PEATÓN,SIN_DATOS,Bueno,Bueno,1,CHEVROLET,BLANCO,1,,23,MASCULINO,SIN DATOS,0,0,Coeneo,Centro,noviembre,jueves,22,-101.58435344696,19.8212565903419
18461,18462,2018,"181109412",2018/11/01,22:00:00,CAIDA DE MOTOCICLETA,ASFALTO,Bueno,Bueno,1,BAJAJ,AZUL,1,,28,MASCULINO,SIN DATOS,0,0,Morelia,Ana Maria Gallaga (Riviera Norte),noviembre,jueves,22,-101.219530105591,19.6768381395473
18462,18463,2018,"181109685",2018/11/01,22:42:00,COLISIÓN POR CORTE DE CIRCULACIÓN,ASFALTO,Bueno,Bueno,2,SUZUKI,ROJO,2,,23,MASCULINO,SIN DATOS,0,0,Morelia,Colinas del Sur,noviembre,jueves,23,-101.197353601456,19.6634014583285
18463,18464,2018,"181109632",2018/11/01,23:30:00,SUBIDA AL CAMELLÓN,ASFALTO,Nublado,Bueno,1,NISSAN,BLANCO,1,,32,FEMENINO,SIN DATOS,0,0,Morelia,Infonavit  Las  Camelinas,noviembre,jueves,0,-101.174232959747,19.6820710684498
18464,18465,2018,,2018/11/02,"00:00:00",SALIDA DE SUPERFICIE DE RODAMIENTO,CONCRETO,Bueno,Bueno,1,JEEP,NEGRO,1,,38,MASCULINO,SIN DATOS,0,0,Morelia,San Rafael,noviembre,viernes,0,-101.154792308807,19.7006273935518
18465,18466,2018,"181109691",2018/11/02,"00:00:00",SUBIDA AL CAMELLÓN,CONCRETO,Bueno,Bueno,1,FORD,BLANCO,1,,0,,SIN DATOS,0,0,Morelia,Sentimientos de La Nacion,noviembre,viernes,0,-101.235365867615,19.6813235176434
18466,18467,2018,,2018/11/02,"00:00:00",COLISIÓN POR INVASIÓN DE CARRIL,ASFALTO,Nublado,Bueno,2,NISSAN,AZUL,2,,30,MASCULINO,SIN DATOS,0,0,Tangancícuaro,Sector 1,noviembre,viernes,0,-102.201433181763,19.8922565123965
18467,18468,2018,,2018/11/02,"01:40:00",CAIDA DE MOTOCICLETA,CONCRETO,Bueno,Bueno,1,BAJAJ,AZUL,1,,20,MASCULINO,SIN DATOS,0,0,Morelia,Ejidal Ocolusen,noviembre,viernes,2,-101.152598261833,19.684909709328
18468,18469,2018,"181109932",2018/11/02,"06:50:00",COLISIÓN CONTRA OBJETO FIJO,ASFALTO,Nublado,Bueno,1,CHEVROLET,GRIS,1,,37,MASCULINO,SIN DATOS,0,0,Morelia,Enrique Arreguin Robles,noviembre,viernes,7,-101.184189319611,19.7198077454267
18469,18470,2018,"181109922",2018/11/02,"07:20:00",CAIDA ACUATICA DE VEHÍCULO,CONCRETO,Bueno,Bueno,1,CHEVROLET,BLANCO,1,,0,,SIN DATOS,0,0,Morelia,La Calera,noviembre,viernes,7,-101.235934495926,19.6696249033488
18470,18471,2018,"181109989",2018/11/02,"07:25:00",COLISIÓN CONTRA OBJETO FIJO,ASFALTO,Bueno,Bueno,1,CHEVROLET,BLANCO,1,MINISTERIO PÚBLICO,0,,SIN DATOS,0,0,Morelia,Sin datos,noviembre,viernes,7,-101.344521045685,19.5551598259443
18471,18472,2018,"181109914",2018/11/02,"07:30:00",COLISIÓN POR ALCANCE,ASFALTO,Bueno,Bueno,2,VOLKSWAGEN,NEGRO,2,,0,FEMENINO,SIN DATOS,0,0,Morelia,Sin datos,noviembre,viernes,8,-101.334671974182,19.5565549990116
18472,18473,2018,,2018/11/02,"09:40:00",VOLCADURA,ASFALTO,Lluvioso,Regular,1,HONDA,GUINDA,0,,,,,0,0,Ecuandureo,Sin datos,noviembre,viernes,10,-102.189846038818,20.1755342232318
18473,18474,2018,"181110269",2018/11/02,11:20:00,COLISIÓN CONTRA OBJETO FIJO,ASFALTO,Bueno,Bueno,1,CHEVROLET,PLATA,1,,29,MASCULINO,SIN DATOS,0,0,Tarímbaro,Sin datos,noviembre,viernes,11,-101.166615486145,19.8114456908998
18474,18475,2018,"181110353",2018/11/02,11:20:00,COLISIÓN POR ALCANCE,ASFALTO,Nublado,Bueno,2,NISSAN,AZUL,2,,49,MASCULINO,SIN DATOS,0,0,Morelia,Loma de Los Piñones,noviembre,viernes,11,-101.206837892532,19.6730143565929
18475,18476,2018,"181110581",2018/11/02,12:00:00,COLISIÓN CON PEATÓN,ASFALTO,Bueno,Bueno,2,DODGE,BLANCO,2,MINISTERIO PÚBLICO,32,MASCULINO,SIN DATOS,0,0,Morelia,Villa de Santa Maria,noviembre,viernes,12,-101.167709827423,19.6561472029353
18476,18477,2018,"181110424",2018/11/02,12:00:00,COLISIÓN CONTRA OBJETO FIJO,ASFALTO,Bueno,Bueno,1,VOLKSWAGEN,PLATA,1,,39,MASCULINO,SIN DATOS,0,0,Sin datos,Sin datos,noviembre,viernes,12,-102.794818848255,15.670958873725
18477,18478,2018,"181110501",2018/11/02,13:20:00,COLISIÓN POR ALCANCE,ASFALTO,Bueno,Bueno,2,NISSAN,BLANCO,2,,25,MASCULINO,ALIENTO ETÍLICO,0,0,Morelia,Canteras de Morelia,noviembre,viernes,13,-101.171572208405,19.7149598484554
18478,18479,2018,"181110715",2018/11/02,14:15:00,COLISIÓN CON PEATÓN,CONCRETO,Nublado,Bueno,2,CHRYSLER,MORADO,2,,31,MASCULINO,SIN DATOS,0,0,Morelia,Gustavo Diaz Ordaz,noviembre,viernes,14,-101.20493888855,19.6927232883081
18479,18480,2018,"181110961",2018/11/02,15:50:00,COLISIÓN CONTRA OBJETO FIJO,CONCRETO,Lluvioso,Bueno,2,CHRYSLER,GUINDA,2,MINISTERIO PÚBLICO,43,MASCULINO,SIN DATOS,0,0,Morelia,Jesus del Monte,noviembre,viernes,16,-101.156020760536,19.6562886539485
18480,18481,2018,"181111250",2018/11/02,17:24:00,COLISIÓN POR NO RESPETAR SEMÁFORO,ASFALTO,Bueno,Bueno,2,NISSAN,GRIS,2,,63,MASCULINO,SIN DATOS,0,0,Morelia,Arcos del Valle,noviembre,viernes,17,-101.236245632172,19.7076473257976
18481,18482,2018,"18111343",2018/11/02,18:50:00,COLISIÓN CONTRA OBJETO FIJO,ASFALTO,Lluvioso,Bueno,1,VOLKSWAGEN,BLANCO,1,,0,FEMENINO,SIN DATOS,0,0,Morelia,Sin datos,noviembre,viernes,19,-101.262327432632,19.6403342142386
18482,18483,2018,"181111151",2018/11/02,19:50:00,COLISIÓN CON PEATÓN,SIN_DATOS,Bueno,Bueno,2,SIN DATOS,SIN DATOS,2,,0,,SIN DATOS,0,0,Morelia,Camelinas,noviembre,viernes,20,-101.171392500401,19.682028134883
18483,18484,2018,,2018/11/02,21:40:00,COLISIÓN CON PEATÓN,TERRACERIA,Nublado,Bueno,1,JEEP,GRIS,1,,28,FEMENINO,SIN DATOS,0,0,Morelia,Leandro Valle,noviembre,viernes,22,-101.229153871536,19.7181513971618
18484,18485,2018,"181111807",2018/11/02,21:50:00,COLISIÓN CONTRA OBJETO FIJO,CONCRETO,Bueno,Bueno,1,NISSAN,BLANCO,1,,0,,SIN DATOS,0,0,Morelia,Villas del Pedregal,noviembre,viernes,22,-101.304577589035,19.6788080845818
18485,18486,2018,"181112095",2018/11/03,"00:05:00",CAIDA DE MOTOCICLETA,ASFALTO,Bueno,Bueno,1,ITALIKA,NEGRO/GRIS,1,,22,MASCULINO,SIN DATOS,0,0,Morelia,Jesus Romero Flores,noviembre,sábado,0,-101.183062791824,19.7302403249871
18486,18487,2018,"181112107",2018/11/03,"00:25:00",SUBIDA AL CAMELLÓN,CONCRETO,Bueno,Bueno,1,CHEVROLET,BLANCO,1,,24,MASCULINO,SIN DATOS,0,0,Morelia,Sin datos,noviembre,sábado,0,-101.180906295776,19.7475793201564
18487,18488,2018,LEG19116,2018/11/03,"00:27:00",COLISIÓN CONTRA OBJETO FIJO,ASFALTO,Bueno,Bueno,1,VOLKSWAGEN,NEGRO,0,,,,,0,0,Morelia,Independencia,noviembre,sábado,0,-101.177880764008,19.7193936599695
18488,18489,2018,"181112104",2018/11/03,"00:30:00",COLISIÓN CONTRA OBJETO FIJO,CONCRETO,Bueno,Bueno,1,CHEVROLET,AZUL,1,,0,,SIN DATOS,0,0,Morelia,La Loma,noviembre,sábado,1,-101.184956431389,19.6794899829888
18489,18490,2018,"181112224",2018/11/03,"02:35:00",CAIDA DE MOTOCICLETA,ASFALTO,Bueno,Bueno,1,ITALIKA,ROJO/NEGRO,1,,22,MASCULINO,SIN DATOS,0,0,Morelia,La Quemada,noviembre,sábado,3,-101.240161657333,19.7011122333066
18490,18491,2018,"181112265",2018/11/03,"03:55:00",SUBIDA AL CAMELLÓN,ASFALTO,Bueno,Bueno,1,TOYOTA,BLANCO,1,,43,MASCULINO,ALIENTO ETÍLICO,0,0,Morelia,Canteras de Morelia,noviembre,sábado,4,-101.171615123749,19.7149497485166
18491,18492,2018,"181112560",2018/11/03,"08:20:00",COLISIÓN POR CORTE DE CIRCULACIÓN,ASFALTO,Bueno,Bueno,2,SEAT,VERDE,2,,30,MASCULINO,SIN DATOS,0,0,Morelia,La Luz,noviembre,sábado,8,-101.299824714661,19.6875058599602
18493,18494,2018,"181112714",2018/11/03,10:35:00,SUBIDA AL CAMELLÓN,ASFALTO,Bueno,Bueno,1,MERCEDEZ BENZ,BLANCO,1,MINISTERIO PÚBLICO,0,,ALIENTO ETÍLICO,0,0,Morelia,Club Campestre,noviembre,sábado,11,-101.158558130264,19.6856067344478
18494,18495,2018,"1811131104",2018/11/03,13:05:00,COLISIÓN POR CORTE DE CIRCULACIÓN,ASFALTO,Bueno,Bueno,2,DODGE,GRIS,2,,52,FEMENINO,SIN DATOS,0,0,Morelia,Cuauhtemoc,noviembre,sábado,13,-101.179200410843,19.6935970520386
18495,18496,2018,"181113247",2018/11/03,13:45:00,COLISIÓN POR CORTE DE CIRCULACIÓN,ASFALTO,Bueno,Bueno,2,HONDA,PLATA,2,,73,MASCULINO,SIN DATOS,0,0,Morelia,Chapultepec Sur,noviembre,sábado,14,-101.171942353249,19.6918697226022
18496,18497,2018,,2018/11/03,14:30:00,COLISIÓN POR CORTE DE CIRCULACIÓN,ASFALTO,Lluvioso,Regular,2,SIN DATOS,SIN DATOS,1,,46,MASCULINO,SIN DATOS,0,0,Pátzcuaro,Centro,noviembre,sábado,15,-101.609196066856,19.5287503621942
18497,18498,2018,"181351118",2018/11/03,14:50:00,COLISIÓN POR CORTE DE CIRCULACIÓN,ASFALTO,Bueno,Bueno,1,FREIGHTLINER,BLANCO,1,,38,MASCULINO,SIN DATOS,0,0,Morelia,Tlalpujahua,noviembre,sábado,15,-101.217577457428,19.6760299499623
18498,18499,2018,,2018/11/03,18:40:00,COLISIÓN POR ALCANCE,ASFALTO,Bueno,Regular,2,ITALIKA,AZUL,3,,46,MASCULINO,SIN DATOS,1,0,Apatzingán,Independencia,noviembre,sábado,19,-102.353353500366,19.0965717914044
18499,18500,2018,,2018/11/03,19:30:00,COLISIÓN POR INVASIÓN DE CARRIL,ASFALTO,Nublado,Regular,2,ITALIKA,AZUL Y BLANCO,1,,21,MASCULINO,SIN DATOS,0,0,Puruándiro,Los Lemus,noviembre,sábado,20,-101.533327102661,20.0930147346844
18500,18501,2018,"181114244",2018/11/03,19:44:00,COLISIÓN CON PEATÓN,SIN_DATOS,Bueno,Bueno,2,NISSAN,BLANCO DORADO,1,,0,MASCULINO,SIN DATOS,0,0,Morelia,5 de Mayo,noviembre,sábado,20,-101.175531148911,19.7029808727855
18501,18502,2018,"181239711",2018/11/03,19:50:00,COLISIÓN POR CORTE DE CIRCULACIÓN,ASFALTO,Lluvioso,Bueno,2,SEAT,BLANCO,2,,55,MASCULINO,SIN DATOS,0,0,Morelia,El Eden,noviembre,sábado,20,-101.248058080673,19.6480842890158
18502,18503,2018,"181114331",2018/11/03,20:00:00,COLISIÓN POR CORTE DE CIRCULACIÓN,ASFALTO,Lluvioso,Bueno,2,NISSAN,BLANCO,4,,0,MASCULINO,SIN DATOS,2,0,Morelia,Gertrudis Sanchez,noviembre,sábado,20,-101.211000680923,19.742287945254
18503,18504,2018,"181114315",2018/11/03,20:05:00,SUBIDA AL CAMELLÓN,ASFALTO,Bueno,Bueno,1,FORD,ROJO,1,,38,MASCULINO,ALIENTO ETÍLICO,0,0,Morelia,La Soledad,noviembre,sábado,20,-101.183202266693,19.7294475536486
18504,18505,2018,"181114447",2018/11/03,20:55:00,COLISIÓN POR ALCANCE,ASFALTO,Bueno,Bueno,2,TOYOTA,GRIS,2,,0,MASCULINO,SIN DATOS,0,0,Morelia,Villas Lomas del Paraiso,noviembre,sábado,21,-101.182515621185,19.6754036002301
18505,18506,2018,,2018/11/03,21:45:00,COLISIÓN POR INVASIÓN DE CARRIL,ASFALTO,Lluvioso,Bueno,2,FORD,BLANCO,0,,,,,0,0,Ecuandureo,Sin datos,noviembre,sábado,22,-102.189846038818,20.1756147873613
18506,18507,2018,"181114724",2018/11/03,22:16:00,COLISIÓN CON PEATÓN,ASFALTO,Lluvioso,Bueno,1,NISSAN,BLANCO,1,,51,MASCULINO,ALIENTO ETÍLICO,0,0,Morelia,Tierra Y Libertad,noviembre,sábado,22,-101.229872703552,19.7166465292859
18507,18508,2018,,2018/11/03,22:50:00,COLISIÓN POR INVASIÓN DE CARRIL,CONCRETO,Bueno,Bueno,2,INTERNATIONAL,ROJO,2,MINISTERIO PÚBLICO,55,,SIN DATOS,1,0,Zacapu,Villa Guzman,noviembre,sábado,23,-101.782064437866,19.8072062260867
18508,18509,2018,"181392517",2018/11/03,23:00:00,COLISIÓN CONTRA OBJETO FIJO,ASFALTO,Lluvioso,Bueno,1,CHRYSLER,GRIS,1,,22,MASCULINO,SIN DATOS,0,0,Morelia,Felix Arreguin,noviembre,sábado,23,-101.225945949554,19.722342733011
18510,18511,2018,,2018/11/04,"00:40:00",COLISIÓN POR CORTE DE CIRCULACIÓN,ASFALTO,Lluvioso,Bueno,2,NISSAN,GRIS,2,,0,MASCULINO,SIN DATOS,0,0,Cuitzeo,El Embarcadero,noviembre,domingo,1,-101.135759353638,19.9585454929654
18511,18512,2018,"18114896",2018/11/04,"01:20:00",SUBIDA AL CAMELLÓN,ASFALTO,Bueno,Bueno,1,BMW,GRIS,1,,25,FEMENINO,SIN DATOS,0,0,Morelia,Valle de Altozano,noviembre,domingo,1,-101.164619922638,19.6651998162862
18512,18513,2018,"181114906",2018/11/04,"02:20:00",COLISIÓN CONTRA OBJETO FIJO,ASFALTO,Lluvioso,Bueno,1,VOLKSWAGEN,GRIS,1,,45,MASCULINO,SIN DATOS,0,0,Morelia,Las Americas,noviembre,domingo,2,-101.15350484848,19.6873543348153
18513,18514,2018,"181114873",2018/11/04,"02:35:00",COLISIÓN CONTRA OBJETO FIJO,ASFALTO,Lluvioso,Regular,1,NISSAN,PLATA,1,,46,FEMENINO,SIN DATOS,0,0,Morelia,La Soledad,noviembre,domingo,3,-101.183170080185,19.729957553496
18514,18515,2018,"181114896",2018/11/04,"03:10:00",VOLCADURA,ASFALTO,Lluvioso,Bueno,1,HONDA,NEGRO,1,,23,MASCULINO,SIN DATOS,0,0,Morelia,Rafael Carrillo,noviembre,domingo,3,-101.234829425812,19.7100360526368
18515,18516,2018,LEG19172,2018/11/04,"03:10:00",COLISIÓN POR CORTE DE CIRCULACIÓN,ASFALTO,Lluvioso,Regular,2,CHEVROLET,BLANCO,2,,25,MASCULINO,SIN DATOS,0,0,Morelia,Cuauhtemoc,noviembre,domingo,3,-101.18258535862,19.698334485644
18516,18517,2018,"181114893",2018/11/04,"03:10:00",COLISIÓN POR CAMBIO DE CARRIL,ASFALTO,Bueno,Bueno,2,AUDI,ROJO,2,,27,MASCULINO,ALIENTO ETÍLICO,0,0,Morelia,Villas Lomas del Paraiso,noviembre,domingo,3,-101.174747943878,19.6728981768187
18517,18518,2018,"181114927",2018/11/04,"03:20:00",COLISIÓN POR ALCANCE,ASFALTO,Lluvioso,Regular,2,AUDI,GRIS,2,MINISTERIO PÚBLICO,26,MASCULINO,SIN DATOS,0,0,Morelia,Sentimientos de La Nacion,noviembre,domingo,3,-101.231932640076,19.6777675525304
18518,18519,2018,"181115023",2018/11/04,"03:41:00",COLISIÓN CONTRA OBJETO FIJO,ASFALTO,Lluvioso,Bueno,2,CHRYSLER,BLANCO,0,MINISTERIO PÚBLICO,,,,0,0,Tarímbaro,Sin datos,noviembre,domingo,4,-101.158890724182,19.7687228720899
18519,18520,2018,,2018/11/04,"04:00:00",COLISIÓN CONTRA OBJETO FIJO,ASFALTO,Lluvioso,Bueno,2,HONDA,PLATA,1,,,MASCULINO,SIN DATOS,0,0,Morelia,Valle Quieto,noviembre,domingo,4,-101.203372478485,19.6859148387875
18520,18521,2018,"181114956",2018/11/04,"04:00:00",COLISIÓN POR CORTE DE CIRCULACIÓN,ASFALTO,Lluvioso,Regular,2,VOLKSWAGEN,ROJO,2,,0,MASCULINO,SIN DATOS,0,0,Morelia,Valle Quieto,noviembre,domingo,4,-101.203560233116,19.6853895457866
18521,18522,2018,,2018/11/04,"04:30:00",COLISIÓN CONTRA OBJETO FIJO,ASFALTO,Lluvioso,Regular,1,INTERNATIONAL,BLANCO Y ROJO,1,,33,MASCULINO,SIN DATOS,0,0,Peribán,Alamo,noviembre,domingo,5,-102.423487901688,19.5335128780327
18522,18523,2018,"18110507",2018/11/04,"04:45:00",COLISIÓN CONTRA OBJETO FIJO,ASFALTO,Bueno,Bueno,1,VOLKSWAGEN,GRIS,1,,25,MASCULINO,SIN DATOS,0,0,Morelia,Ejidal Ocolusen,noviembre,domingo,5,-101.153483390808,19.6873240297691
18523,18524,2018,,2018/11/04,"07:20:00",COLISIÓN CONTRA OBJETO FIJO,ASFALTO,Lluvioso,Regular,1,NISSAN,GRIS,1,,38,MASCULINO,SIN DATOS,0,0,Peribán,Alamo,noviembre,domingo,7,-102.423133850098,19.5342307822529
18524,18525,2018,"181115091",2018/11/04,"07:50:00",COLISIÓN CONTRA OBJETO FIJO,ASFALTO,Lluvioso,Bueno,1,CHEVROLET,PLATA,1,,0,MASCULINO,ALIENTO ETÍLICO,0,0,Morelia,Reforma,noviembre,domingo,8,-101.24104142189,19.7061423590696