fid,id_accidente,anio_origen,folio_c5i,dia_incidente,hora_ocurrencia,tipo_incidente_vial,superficie_ocurrencia,condiciones_climaticas,condiciones_via,numero_vehiculos_involucrados,marca_vehiculo_ocasiona_siniestro,color_vehiculo_ocasiona_siniestro,numero_personas_involucradas,lugar_remite_presunto_responsable,edad_presunto_responsable,sexo_presunto_responsable,resultados_toxicologia,numero_personas_lesionadas,numero_personas_fallecidas,municipio,colonia,mes,dia_semana,hora_redondeada,lon,lat
18525,18526,2018,,2018/11/04,"08:00:00",COLISIÓN POR ALCANCE,ASFALTO,Lluvioso,Regular,2,JEEP,NEGRA,1,,46,MASCULINO,SIN DATOS,0,0,Tangamandapio,De San Rafael,noviembre,domingo,8,-102.431588172913,19.9591908971089
18526,18527,2018,"181115259",2018/11/04,"09:40:00",COLISIÓN CONTRA OBJETO FIJO,ASFALTO,Lluvioso,Regular,3,HONDA,BLANCO,2,MINISTERIO PÚBLICO,0,,SIN DATOS,0,0,Morelia,Campestre Los Manantiales,noviembre,domingo,10,-101.236170530319,19.6900666132214
18527,18528,2018,"181115656",2018/11/04,12:30:00,COLISIÓN POR ALCANCE,ASFALTO,Lluvioso,Bueno,2,NISSAN,NEGRO,2,,30,MASCULINO,SIN DATOS,0,0,Morelia,Industrial,noviembre,domingo,13,-101.197638976109,19.707724077161
18528,18529,2018,,2018/11/04,12:35:00,COLISIÓN POR CORTE DE CIRCULACIÓN,ASFALTO,Lluvioso,Bueno,2,JETTA,GRIS,3,MINISTERIO PÚBLICO,17,MASCULINO,SIN DATOS,1,0,Zacapu,Villa Guzman,noviembre,domingo,13,-101.782429218292,19.807286978853
18529,18530,2018,,2018/11/04,13:00:00,COLISIÓN POR ALCANCE,ASFALTO,Lluvioso,Bueno,2,ITALIKA,ROJO,3,,20,MASCULINO,SIN DATOS,1,0,Salvador Escalante,Cuirinditzio,noviembre,domingo,13,-101.626710891724,19.410825835453
18530,18531,2018,"181115851",2018/11/04,14:00:00,COLISIÓN CONTRA OBJETO FIJO,ASFALTO,Lluvioso,Bueno,1,FORD,NEGRO,1,,19,MASCULINO,SIN DATOS,0,0,Morelia,La Quemada,noviembre,domingo,14,-101.23875617981,19.7014556605774
18531,18532,2018,,2018/11/04,14:08:00,COLISIÓN POR ALCANCE,ASFALTO,Lluvioso,Bueno,2,GMC,ROJO,2,,43,MASCULINO,SIN DATOS,0,0,Morelia,Fidel Velazquez,noviembre,domingo,14,-101.236567497253,19.7020920091602
18532,18533,2018,"181116242",2018/11/04,14:30:00,COLISIÓN POR ALCANCE,ASFALTO,Lluvioso,Regular,3,HONDA,NEGRO,3,,0,MASCULINO,SIN DATOS,0,0,Morelia,Campestre Los Manantiales,noviembre,domingo,15,-101.238241195679,19.6880917558381
18533,18534,2018,,2018/11/04,14:30:00,COLISIÓN POR ALCANCE,ASFALTO,Bueno,Bueno,2,LINCOLN,ARENA,2,,44,MASCULINO,SIN DATOS,0,0,Salvador Escalante,Cuirinditzio,noviembre,domingo,15,-101.624221801758,19.4116353540567
18534,18535,2018,,2018/11/04,15:35:00,COLISIÓN CONTRA OBJETO FIJO,ASFALTO,Lluvioso,Bueno,2,S/D,BLANCO Y AZUL,1,,27,FEMENINO,SIN DATOS,0,0,Morelia,Fuentes de Valladolid,noviembre,domingo,16,-101.221702694893,19.6722516095798
18535,18536,2018,"181116179",2018/11/04,16:10:00,COLISIÓN CONTRA OBJETO FIJO,ASFALTO,Lluvioso,Regular,1,DODGE,VERDE,1,,38,FEMENINO,SIN DATOS,0,0,Morelia,Sin datos,noviembre,domingo,16,-101.269488088289,19.6269354401355
18536,18537,2018,"181116650",2018/11/04,18:40:00,COLISIÓN POR ALCANCE,ASFALTO,Lluvioso,Bueno,2,NISSAN,BLANCO,2,,39,MASCULINO,SIN DATOS,0,0,Morelia,Lomas del Tecnologico,noviembre,domingo,19,-101.190358400345,19.7222215393006
18537,18538,2018,"181116961",2018/11/04,21:00:00,COLISIÓN POR CORTE DE CIRCULACIÓN,ASFALTO,Bueno,Bueno,2,VOLKSWAGEN,ARENA,2,,37,MASCULINO,SIN DATOS,0,0,Morelia,Asociacion Zirahuen,noviembre,domingo,21,-101.250193119049,19.6987183227375
18538,18539,2018,,2018/11/04,21:00:00,SUBIDA AL CAMELLÓN,ASFALTO,Lluvioso,Regular,1,TOYOTA,VERDE,1,,42,MASCULINO,ALIENTO ETÍLICO,0,0,Morelia,La Esperanza,noviembre,domingo,21,-101.153934001923,19.6995668014667
18539,18540,2018,"181117260",2018/11/05,"00:30:00",COLISIÓN CONTRA OBJETO FIJO,ASFALTO,Lluvioso,Regular,1,NISSAN,GRIS,1,MINISTERIO PÚBLICO,,,,1,0,Morelia,Loma Real,noviembre,lunes,1,-101.198383569717,19.7292304245065
18540,18541,2018,"181117286",2018/11/05,"00:40:00",COLISIÓN CONTRA OBJETO FIJO,ASFALTO,Bueno,Bueno,1,DODGE,ROJO,1,,47,FEMENINO,SIN DATOS,0,0,Morelia,Jardines del Toreo,noviembre,lunes,1,-101.214230060577,19.6880917558381
18541,18542,2018,"118117307",2018/11/05,"01:30:00",COLISIÓN POR CORTE DE CIRCULACIÓN,ASFALTO,Bueno,Bueno,1,SIN DATOS,SIN DATOS,2,,0,,SIN DATOS,1,0,Morelia,Villas del Pedregal,noviembre,lunes,2,-101.308751106262,19.6747974529968
18542,18543,2018,"181117363",2018/11/05,"02:30:00",COLISIÓN POR CORTE DE CIRCULACIÓN,ASFALTO,Bueno,Bueno,2,CHEVROLET,AZUL,2,,0,,SIN DATOS,0,0,Morelia,El Lago 1,noviembre,lunes,3,-101.214551925659,19.7271399102278
18543,18544,2018,"181117385",2018/11/05,"03:20:00",SUBIDA AL CAMELLÓN,ASFALTO,Bueno,Bueno,1,DODGE,AZUL,1,,62,MASCULINO,SIN DATOS,0,0,Morelia,Martires de Uruapan,noviembre,lunes,3,-101.197128295898,19.7248574817634
18544,18545,2018,,2018/11/05,"07:45:00",COLISIÓN POR INVASIÓN DE CARRIL,ASFALTO,Bueno,Bueno,2,JEEP,NEGRO,2,MINISTERIO PÚBLICO,0,MASCULINO,SIN DATOS,0,0,Huetamo,Cutzeo,noviembre,lunes,8,-100.896978378296,18.6530763465859
18545,18546,2018,"181117646",2018/11/05,"08:08:00",COLISIÓN POR ALCANCE,ASFALTO,Nublado,Regular,2,MITSUBISHI,GRIS,2,,33,FEMENINO,SIN DATOS,0,0,Morelia,Valle Quieto,noviembre,lunes,8,-101.20346903801,19.6839550830459
18546,18547,2018,"181117551",2018/11/05,"08:14:00",COLISIÓN POR ALCANCE,ASFALTO,Bueno,Bueno,3,RENAULT,AZUL,3,,44,FEMENINO,SIN DATOS,0,0,Morelia,Ampliacion La Soledad,noviembre,lunes,8,-101.182944774628,19.7324721824039
18547,18548,2018,"181117599",2018/11/05,"08:30:00",COLISIÓN POR ALCANCE,ASFALTO,Bueno,Bueno,2,VOLKWAGEN,AZUL,2,,20,MASCULINO,SIN DATOS,0,0,Morelia,Loma de Los Piñones,noviembre,lunes,9,-101.20610833168,19.673504331236
18548,18549,2018,,2018/11/05,"08:30:00",VOLCADURA,ASFALTO,Bueno,Bueno,1,VOLKSWAGEN,GUINDA,2,MINISTERIO PÚBLICO,26,,SIN DATOS,1,0,Tacámbaro,Jardines de Caricho,noviembre,lunes,9,-101.468160152435,19.2281159558178
18549,18550,2018,"181117612",2018/11/05,"08:50:00",COLISIÓN POR CAMBIO DE CARRIL,ASFALTO,Bueno,Bueno,2,CHEVROLET,BLANCO,2,,21,MASCULINO,SIN DATOS,0,0,Morelia,Francisco J Mujica,noviembre,lunes,9,-101.188309192657,19.7215650717722
18550,18551,2018,"181117863",2018/11/05,"09:12:00",COLISIÓN POR CORTE DE CIRCULACIÓN,ASFALTO,Nublado,Bueno,2,INTERNACIONAL,BLANCO Y ROJO,2,,38,MASCULINO,SIN DATOS,0,0,Morelia,Elias Perez Avalos,noviembre,lunes,9,-101.171507835388,19.7148891488704
18551,18552,2018,"181117642",2018/11/05,"09:20:00",COLISIÓN POR CAMBIO DE CARRIL,ASFALTO,Bueno,Bueno,2,FORD,BLANCO,2,,21,MASCULINO,SIN DATOS,0,0,Morelia,Canteras de Morelia,noviembre,lunes,9,-101.171593666077,19.714909348755
18552,18553,2018,"181118599",2018/11/05,"09:40:00",COLISIÓN POR CAMBIO DE CARRIL,ASFALTO,Bueno,Bueno,2,NISSAN,BLANCO/CAFE,2,,27,MASCULINO,SIN DATOS,0,0,Morelia,Nueva Valladolid,noviembre,lunes,10,-101.210517883301,19.7000920479494
18553,18554,2018,"181117920",2018/11/05,"09:50:00",COLISIÓN CON PEATÓN,ASFALTO,Bueno,Bueno,1,INTERNATIONAL,VERDE,1,,,,,1,0,Morelia,Las Cruces,noviembre,lunes,10,-101.267691850662,19.697879940527
18554,18555,2018,"181118032",2018/11/05,11:49:00,COLISIÓN POR CAMBIO DE CARRIL,CONCRETO,Bueno,Bueno,2,VOLKWAGEN,VERDE,2,,35,MASCULINO,SIN DATOS,0,0,Morelia,Elias Perez Avalos,noviembre,lunes,12,-101.169319152832,19.7133236500491
18555,18556,2018,"18110702",2018/11/05,12:25:00,COLISIÓN POR CAMBIO DE CARRIL,ASFALTO,Bueno,Bueno,2,DINA,BLANCO,2,MINISTERIO PÚBLICO,,,,2,0,Morelia,Margarita Maza de Juarez,noviembre,lunes,12,-101.253738999367,19.6912333333748
18556,18557,2018,"181118272",2018/11/05,13:37:00,COLISIÓN POR ALCANCE,CONCRETO,Bueno,Bueno,2,NISSAN,BLANCO Y ROJO,2,,51,MASCULINO,SIN DATOS,0,0,Morelia,Juarez,noviembre,lunes,14,-101.195304393768,19.6955970944163
18557,18558,2018,"18111730",2018/11/05,15:25:00,COLISIÓN POR CORTE DE CIRCULACIÓN,CONCRETO,Bueno,Bueno,2,NISSAN,BLANCO,2,,39,FEMENINO,SIN DATOS,0,0,Morelia,Alcaide Ignacio Perez,noviembre,lunes,15,-101.218414306641,19.6936172546118
18558,18559,2018,"181118999",2018/11/05,17:00:00,COLISIÓN CONTRA OBJETO FIJO,ASFALTO,Bueno,Bueno,2,INTERNACIONAL,BLANCO,2,,0,MASCULINO,SIN DATOS,0,0,Morelia,Gertrudis Bocanegra,noviembre,lunes,17,-101.211730241776,19.7019910016177
18559,18560,2018,"181119181",2018/11/05,18:00:00,COLISIÓN POR ALCANCE,ASFALTO,Bueno,Bueno,2,NISSAN,AZUL,2,,58,MASCULINO,SIN DATOS,0,0,Morelia,Poblado de Ocolusen,noviembre,lunes,18,-101.150232553482,19.6916272889091
18560,18561,2018,"181114171",2018/11/05,18:30:00,COLISIÓN POR CORTE DE CIRCULACIÓN,CONCRETO,Bueno,Bueno,2,S/D,S/D,1,,,,SIN DATOS,0,0,Morelia,Santiaguito,noviembre,lunes,19,-101.194424629211,19.7191916666742
18561,18562,2018,,2018/11/05,19:30:00,COLISIÓN POR CORTE DE CIRCULACIÓN,ASFALTO,Bueno,Bueno,2,DODGE RAM,GUINDA,2,,44,MASCULINO,SIN DATOS,0,0,Apatzingán,Fovissste,noviembre,lunes,20,-102.363846302032,19.1009515274288
18562,18563,2018,"181119450",2018/11/05,19:50:00,COLISIÓN POR CORTE DE CIRCULACIÓN,SIN_DATOS,Bueno,Bueno,2,MERCEDEZ BENZ,BLANCO Y ROJO,2,,,MASCULINO,SIN DATOS,0,0,Morelia,Canteras de Morelia,noviembre,lunes,20,-101.171572208405,19.7148386491477
18563,18564,2018,"181119629",2018/11/05,20:25:00,COLISIÓN POR CAMBIO DE CARRIL,ASFALTO,Nublado,Bueno,2,FREIGHTLINER,BLANCO,2,,33,MASCULINO,SIN DATOS,0,0,Morelia,Jardines de La Loma,noviembre,lunes,20,-101.22437953949,19.6768583442347
18564,18565,2018,"18110780",2018/11/05,21:40:00,COLISIÓN POR ALCANCE,ASFALTO,Bueno,Bueno,2,NISSAN,BLANCO,2,,21,MASCULINO,SIN DATOS,0,0,Morelia,Independencia,noviembre,lunes,22,-101.176936626434,19.7053545184921
18565,18566,2018,"181120134",2018/11/06,"00:00:00",COLISIÓN CON PEATÓN,ASFALTO,Bueno,Bueno,1,FORD,CAFE,2,,65,MASCULINO,SIN DATOS,1,0,Morelia,Felix Ireta,noviembre,martes,0,-101.18043422699,19.6876573849617
18567,18568,2018,"181119977",2018/11/06,"02:00:00",COLISIÓN CONTRA OBJETO FIJO,ASFALTO,Bueno,Bueno,1,NISSAN,GRIS,1,,27,FEMENINO,CON CERTIFICADO,0,0,Morelia,Eduardo Ruiz,noviembre,martes,2,-101.223687529564,19.7238525969487
18568,18569,2018,"181120234",2018/11/06,"08:55:00",COLISIÓN CONTRA OBJETO FIJO,SIN_DATOS,Bueno,Bueno,2,NISSAN,PLATA,1,,29,FEMENINO,SIN DATOS,0,0,Morelia,San Isidro Itzicuaro Norte,noviembre,martes,9,-101.26767039299,19.7027283552123
18569,18570,2018,"181120273",2018/11/06,"09:50:00",COLISIÓN POR CAMBIO DE CARRIL,ASFALTO,Bueno,Bueno,2,INTERNATIONAL,BLANCO,2,,48,MASCULINO,SIN DATOS,0,0,Morelia,Independencia,noviembre,martes,10,-101.177880764008,19.7193835603107
18570,18571,2018,,2018/11/06,10:55:00,COLISIÓN POR CORTE DE CIRCULACIÓN,ASFALTO,Bueno,Bueno,2,NISSAN,BLANCO,2,,65,MASCULINO,SIN DATOS,0,0,Zamora,Juarez,noviembre,martes,11,-102.29790687561,19.9948856999158
18571,18572,2018,"181120675",2018/11/06,11:50:00,COLISIÓN POR ALCANCE,ASFALTO,Bueno,Bueno,2,NISSAN,BLANCO,2,,30,MASCULINO,SIN DATOS,0,0,Morelia,Lomas de Hidalgo,noviembre,martes,12,-101.158740520477,19.6957486117599
18572,18573,2018,"181120653",2018/11/06,12:40:00,COLISIÓN POR CORTE DE CIRCULACIÓN,ASFALTO,Bueno,Bueno,2,NISSAN,PLATA,2,,63,MASCULINO,SIN DATOS,0,0,Morelia,Cuauhtemoc,noviembre,martes,13,-101.179243326187,19.6936778623161
18573,18574,2018,,2018/11/06,12:45:00,COLISIÓN POR CORTE DE CIRCULACIÓN,ASFALTO,Bueno,Regular,2,FORD,GRIS,2,,29,MASCULINO,SIN DATOS,0,0,Tocumbo,Sin Nombre,noviembre,martes,13,-102.5266456604,19.7034051014112
18574,18575,2018,"181120796",2018/11/06,13:20:00,COLISIÓN POR CAMBIO DE CARRIL,ASFALTO,Bueno,Bueno,2,TOYOTA,GUINDA,2,,55,MASCULINO,SIN DATOS,0,0,Morelia,Cuauhtemoc,noviembre,martes,13,-101.178765892982,19.6966728644499
18575,18576,2018,"181120949",2018/11/06,13:45:00,COLISIÓN POR ALCANCE,ASFALTO,Bueno,Bueno,2,MERCEDEZ BENZ,BLANCO Y ROJO,2,,35,MASCULINO,SIN DATOS,0,0,Morelia,Jardines de La Loma,noviembre,martes,14,-101.225296854973,19.6768431907194
18576,18577,2018,"181120906",2018/11/06,14:00:00,COLISIÓN POR MANIOBRA DE REVERSA,CONCRETO,Bueno,Bueno,2,CHEVROLET,ROJO,2,,28,MASCULINO,SIN DATOS,0,0,Morelia,Campestre Los Manantiales,noviembre,martes,14,-101.239356994629,19.6912434348109
18577,18578,2018,"118121107",2018/11/06,15:21:00,COLISIÓN CON PEATÓN,ASFALTO,Bueno,Bueno,1,TOYOTA,GUINDA,1,MINISTERIO PÚBLICO,,,,1,0,Morelia,Los Manantiales de Morelia,noviembre,martes,15,-101.240344047546,19.6929606696778
18578,18579,2018,,2018/11/06,15:30:00,COLISIÓN POR INVASIÓN DE CARRIL,ASFALTO,Bueno,Bueno,2,NISSAN,BLANCO,1,,,,,1,0,Morelia,Independencia,noviembre,martes,16,-101.175917387009,19.7081523450165
18579,18580,2018,"181120278",2018/11/06,15:50:00,COLISIÓN POR ALCANCE,ASFALTO,Bueno,Bueno,2,FORD,PLATA,2,,20,MASCULINO,SIN DATOS,0,0,Morelia,Barrio Alto,noviembre,martes,16,-101.196902990341,19.724938276248
18580,18581,2018,,2018/11/06,16:00:00,COLISIÓN POR CORTE DE CIRCULACIÓN,CONCRETO,Bueno,Bueno,2,ITALIKA,NEGRO/ROJO,2,,30,MASCULINO,SIN DATOS,0,0,Huetamo,Centro,noviembre,martes,16,-100.899059772491,18.6283627587661
18581,18582,2018,"181121265",2018/11/06,16:13:00,COLISIÓN POR CAMBIO DE CARRIL,CONCRETO,Bueno,Bueno,2,FORD,BLANCO,2,,49,FEMENINO,SIN DATOS,0,0,Morelia,Lomas de Huerta,noviembre,martes,16,-101.214294433594,19.6743781998191
18582,18583,2018,"181121279",2018/11/06,16:25:00,COLISIÓN POR CORTE DE CIRCULACIÓN,ASFALTO,Bueno,Bueno,2,VOLKSWAGEN,GRIS,2,,58,FEMENINO,SIN DATOS,0,0,Morelia,Centro,noviembre,martes,16,-101.204112768173,19.7025162401428
18583,18584,2018,,2018/11/06,17:00:00,COLISIÓN POR ALCANCE,ASFALTO,Bueno,Bueno,2,TOYOTA,BLANCO,1,,40,FEMENINO,SIN DATOS,0,0,Morelia,Ciudad Industrial,noviembre,martes,17,-101.149106025696,19.7205147181184
18584,18585,2018,"181121425",2018/11/06,17:40:00,COLISIÓN POR MANIOBRA DE REVERSA,CONCRETO,Bueno,Bueno,2,CHRYSLER,PLATA,2,,41,MASCULINO,SIN DATOS,0,0,Morelia,Centro,noviembre,martes,18,-101.188867092133,19.7029707720902
18585,18586,2018,"18112107",2018/11/06,17:50:00,COLISIÓN POR ALCANCE,SIN_DATOS,Bueno,Bueno,1,FRERGTLINER,BLANCO,1,,48,MASCULINO,SIN DATOS,0,0,Morelia,Vasco de Quiroga,noviembre,martes,18,-101.1758852005,19.698374889592
18587,18588,2018,"181121667",2018/11/06,18:35:00,COLISIÓN POR CORTE DE CIRCULACIÓN,ASFALTO,Bueno,Bueno,2,KENWORTH,BLANCO,2,,28,MASCULINO,SIN DATOS,0,0,Morelia,Enrique Arreguin Robles,noviembre,martes,19,-101.184339523315,19.7198683432085
18588,18589,2018,"181122531",2018/11/07,"06:20:00",COLISIÓN CONTRA OBJETO FIJO,ASFALTO,Bueno,Bueno,1,CHEVROLET,BLANCO,1,,62,MASCULINO,SIN DATOS,0,0,Morelia,Felix Arreguin,noviembre,miércoles,6,-101.22587621212,19.7224260536336
18589,18590,2018,"181122546",2018/11/07,"07:15:00",COLISIÓN POR INVASIÓN DE CARRIL,ASFALTO,Bueno,Bueno,2,VOLVO,GRIS,2,MINISTERIO PÚBLICO,29,FEMENINO,SIN DATOS,0,0,Morelia,Centro,noviembre,miércoles,7,-101.196080514021,19.7004676213098
18590,18591,2018,"181122607",2018/11/07,"07:20:00",COLISIÓN POR ALCANCE,ASFALTO,Bueno,Bueno,2,NISSAN,ROJO,2,,37,MASCULINO,SIN DATOS,0,0,Morelia,Solidaridad,noviembre,miércoles,7,-101.207685470581,19.7262511808962
18591,18592,2018,"181122654",2018/11/07,"07:47:00",COLISIÓN POR CORTE DE CIRCULACIÓN,ASFALTO,Bueno,Bueno,1,HONDA,SIN DATO,1,,53,FEMENINO,SIN DATOS,0,0,Morelia,Felix Ireta,noviembre,miércoles,8,-101.19208574295,19.6824347405535
18592,18593,2018,"181122639",2018/11/07,"08:30:00",COLISIÓN POR CORTE DE CIRCULACIÓN,CONCRETO,Bueno,Bueno,2,VOLKSWAGEN,BLANCO,2,,27,FEMENINO,SIN DATOS,0,0,Morelia,Chapultepec Oriente,noviembre,miércoles,9,-101.163128614426,19.6958597243874
18593,18594,2018,"181122736",2018/11/07,"08:40:00",COLISIÓN POR ALCANCE,ASFALTO,Bueno,Bueno,2,MAZDA,CAFE,2,,60,MASCULINO,SIN DATOS,0,0,Morelia,Morelia 450,noviembre,miércoles,9,-101.21618270874,19.6753227807315
18594,18595,2018,"181124017",2018/11/07,10:20:00,COLISIÓN POR ALCANCE,ASFALTO,Bueno,Bueno,2,CHEVROLET,ROJO,2,,26,MASCULINO,SIN DATOS,0,0,Morelia,Camelinas,noviembre,miércoles,10,-101.174211502075,19.6819902523146
18595,18596,2018,"181121979",2018/11/07,11:10:00,COLISIÓN POR CAMBIO DE CARRIL,ASFALTO,Bueno,Bueno,2,NISSAN,ROJO,2,,23,MASCULINO,SIN DATOS,0,0,Morelia,Isaac Arriaga,noviembre,miércoles,11,-101.175236105919,19.7060413540842
18596,18597,2018,,2018/11/07,11:20:00,COLISIÓN POR CORTE DE CIRCULACIÓN,ASFALTO,Bueno,Bueno,3,CHEVROLET,GRIS,0,,,,,0,0,Pátzcuaro,Centro,noviembre,miércoles,11,-101.617752313614,19.5162822195865
18597,18598,2018,"181123734",2018/11/07,12:40:00,COLISIÓN POR ALCANCE,ASFALTO,Bueno,Bueno,2,NISSAN,GRIS,2,,60,MASCULINO,SIN DATOS,0,0,Morelia,Infonavit  Las  Camelinas,noviembre,miércoles,13,-101.174490451813,19.6819498442317
18598,18599,2018,"181123660",2018/11/07,13:13:00,COLISIÓN POR CAMBIO DE CARRIL,ASFALTO,Bueno,Bueno,2,FORD,GRIS,2,,44,MASCULINO,SIN DATOS,0,0,Morelia,Centro,noviembre,miércoles,13,-101.187418699265,19.7029404700006
18599,18600,2018,,2018/11/07,14:00:00,COLISIÓN POR INVASIÓN DE CARRIL,ASFALTO,Bueno,Bueno,2,CHEVROLET,GRIS,4,MINISTERIO PÚBLICO,,,SIN DATOS,2,0,Maravatío,Sin datos,noviembre,miércoles,14,-100.341396331787,19.888947387298
18600,18601,2018,"181123871",2018/11/07,14:20:00,COLISIÓN POR ALCANCE,ASFALTO,Bueno,Bueno,2,NISSAN,ARENA,2,,60,FEMENINO,SIN DATOS,0,0,Morelia,Centro,noviembre,miércoles,14,-101.18155002594,19.7020920091602
18601,18602,2018,"181121740",2018/11/07,14:26:00,COLISIÓN POR ALCANCE,ASFALTO,Bueno,Bueno,2,TOYOTA,BLANCO Y GRIS,1,,0,FEMENINO,SIN DATOS,0,0,Morelia,Felix Ireta,noviembre,miércoles,14,-101.193459033966,19.6822124965882
18602,18603,2018,"181123915",2018/11/07,14:49:00,COLISIÓN POR ALCANCE,ASFALTO,Bueno,Bueno,2,FORD,VERDE,2,,30,FEMENINO,SIN DATOS,0,0,Morelia,Americas Britania,noviembre,miércoles,15,-101.150050163269,19.6919909393111
18603,18604,2018,"181123977",2018/11/07,15:40:00,COLISIÓN POR NO RESPETAR SEMÁFORO,ASFALTO,Bueno,Bueno,2,HONDA,ROJO,2,,23,MASCULINO,SIN DATOS,0,0,Morelia,Puerta Blanca,noviembre,miércoles,16,-101.19445961016,19.6631606652137
18604,18605,2018,"181123974",2018/11/07,15:40:00,COLISIÓN POR CORTE DE CIRCULACIÓN,ASFALTO,Bueno,Bueno,2,NISSAN,GRIS,2,,0,FEMENINO,SIN DATOS,0,0,Morelia,Felix Ireta,noviembre,miércoles,16,-101.190680265427,19.6908898841694
18605,18606,2018,"181124193",2018/11/07,16:20:00,COLISIÓN POR ALCANCE,ASFALTO,Bueno,Bueno,2,NISSAN,BLANCO,2,,30,FEMENINO,SIN DATOS,0,0,Morelia,Fuentes de Valladolid,noviembre,miércoles,16,-101.222040653229,19.6714939102771
18606,18607,2018,,2018/11/07,16:25:00,COLISIÓN POR INVASIÓN DE CARRIL,ASFALTO,Bueno,Bueno,2,TOYOTA,GRIS,3,MINISTERIO PÚBLICO,43,MASCULINO,SIN DATOS,1,0,Lázaro Cárdenas,1Er Sect de Fidelac,noviembre,miércoles,16,-102.197962403297,17.9647670565041
18607,18608,2018,"181124337",2018/11/07,18:10:00,COLISIÓN POR NO RESPETAR SEMÁFORO,ASFALTO,Bueno,Bueno,2,VOLKSWAGEN,BLANCO,2,MINISTERIO PÚBLICO,49,FEMENINO,SIN DATOS,0,0,Morelia,Felix Ireta,noviembre,miércoles,18,-101.181464195251,19.6815053546472
18608,18609,2018,"181124394",2018/11/07,18:45:00,COLISIÓN POR CORTE DE CIRCULACIÓN,ASFALTO,Bueno,Bueno,2,S/D,S/D,1,,26,MASCULINO,SIN DATOS,0,0,Morelia,Arboledas de Valladolid,noviembre,miércoles,19,-101.250488162041,19.6921980176431
18609,18610,2018,"181124853",2018/11/07,22:00:00,COLISIÓN CONTRA OBJETO FIJO,ASFALTO,Bueno,Bueno,1,CHEVROLET,PLATA,1,,,FEMENINO,SIN DATOS,0,0,Morelia,Solidaridad,noviembre,miércoles,22,-101.207728385925,19.7261905855345
18610,18611,2018,"181125022",2018/11/08,"00:25:00",COLISIÓN POR CORTE DE CIRCULACIÓN,ASFALTO,Bueno,Bueno,2,SIN DATOS,SIN DATOS,1,,28,FEMENINO,SIN DATOS,0,0,Morelia,Tzindurio Norte,noviembre,jueves,0,-101.244785785675,19.7039909390928
18611,18612,2018,"181125155",2018/11/08,"06:25:00",COLISIÓN POR CAMBIO DE CARRIL,ASFALTO,Bueno,Bueno,2,VOLKSWAGEN,BLANCO,2,,36,FEMENINO,SIN DATOS,0,0,Morelia,Las Americas,noviembre,jueves,6,-101.156530380249,19.6878089098199
18612,18613,2018,"181125353",2018/11/08,"08:20:00",COLISIÓN CONTRA OBJETO FIJO,ASFALTO,Bueno,Bueno,1,CHEVROLET,NEGRO,1,,44,FEMENINO,SIN DATOS,0,0,Morelia,La Soledad,noviembre,jueves,8,-101.183395385742,19.7282508149409
18613,18614,2018,"181125290",2018/11/08,"08:20:00",COLISIÓN POR NO RESPETAR SEMÁFORO,ASFALTO,Bueno,Bueno,2,NISSAN,BLANCO,2,,31,MASCULINO,SIN DATOS,0,0,Morelia,Centro,noviembre,jueves,8,-101.2060546875,19.7024253335984
18615,18616,2018,"181125339",2018/11/08,"08:50:00",COLISIÓN POR CAMBIO DE CARRIL,ASFALTO,Bueno,Bueno,2,DODGE,ROJO,2,MINISTERIO PÚBLICO,40,MASCULINO,SIN DATOS,0,0,Morelia,5 de Mayo,noviembre,jueves,9,-101.175552606583,19.7029707720902
18616,18617,2018,"181125389",2018/11/08,"08:50:00",COLISIÓN POR MANIOBRA DE REVERSA,CONCRETO,Bueno,Bueno,2,FORD,BLANCO,2,,29,MASCULINO,SIN DATOS,0,0,Morelia,Juarez,noviembre,jueves,9,-101.195390224457,19.6921727642023
18617,18618,2018,"181961120",2018/11/08,"09:00:00",COLISIÓN POR ALCANCE,ASFALTO,Bueno,Bueno,2,DODGE,PLATA,2,,48,MASCULINO,SIN DATOS,0,0,Morelia,Lomas del Tecnologico,noviembre,jueves,9,-101.18843793869,19.7213832802876
18618,18619,2018,"181125457",2018/11/08,"09:50:00",SUBIDA AL CAMELLÓN,CONCRETO,Bueno,Bueno,1,CHEVROLET,GRIS,1,,30,FEMENINO,SIN DATOS,0,0,Morelia,Villas del Pedregal,noviembre,jueves,10,-101.303515434265,19.6848592001435
18619,18620,2018,"181125507",2018/11/08,10:00:00,COLISIÓN CON PEATÓN,ASFALTO,Bueno,Bueno,1,HONDA,ACERO,2,,79,MASCULINO,SIN DATOS,1,0,Morelia,Las Americas,noviembre,jueves,10,-101.153461933136,19.687526063302