fid,id_accidente,anio_origen,folio_c5i,dia_incidente,hora_ocurrencia,tipo_incidente_vial,superficie_ocurrencia,condiciones_climaticas,condiciones_via,numero_vehiculos_involucrados,marca_vehiculo_ocasiona_siniestro,color_vehiculo_ocasiona_siniestro,numero_personas_involucradas,lugar_remite_presunto_responsable,edad_presunto_responsable,sexo_presunto_responsable,resultados_toxicologia,numero_personas_lesionadas,numero_personas_fallecidas,municipio,colonia,mes,dia_semana,hora_redondeada,lon,lat
18620,18621,2018,"181125795",2018/11/08,11:45:00,COLISIÓN POR ALCANCE,ASFALTO,Bueno,Bueno,2,FORD,SIN DATOS,2,MINISTERIO PÚBLICO,27,MASCULINO,SIN DATOS,0,0,Morelia,El Lago 1,noviembre,jueves,12,-101.219401359558,19.7274226867058
18621,18622,2018,"1811326111",2018/11/08,13:30:00,COLISIÓN CON PEATÓN,ASFALTO,Bueno,Bueno,1,CHEVROLET,AZUL,2,,30,MASCULINO,SIN DATOS,1,0,Morelia,Centro,noviembre,jueves,14,-101.178138256073,19.6992839757235
18622,18623,2018,,2018/11/08,13:30:00,COLISIÓN POR INVASIÓN DE CARRIL,ASFALTO,Bueno,Bueno,2,DODGE,BLANCO,2,,29,MASCULINO,SIN DATOS,0,0,Lázaro Cárdenas,Valle del Tecnologico,noviembre,jueves,14,-102.226645946503,17.9740591623191
18623,18624,2018,"181126231",2018/11/08,14:10:00,COLISIÓN POR ALCANCE,ASFALTO,Bueno,Bueno,2,KENWORTH,BLANCO,2,,36,MASCULINO,SIN DATOS,0,0,Morelia,Industrial,noviembre,jueves,14,-101.188673973083,19.7108794212444
18624,18625,2018,"181126422",2018/11/08,14:30:00,COLISIÓN POR CAMBIO DE CARRIL,ASFALTO,Bueno,Bueno,2,SEAT,AZUL,3,,30,MASCULINO,SIN DATOS,1,0,Morelia,Centro,noviembre,jueves,15,-101.178170442581,19.6992940766515
18625,18626,2018,,2018/11/08,14:30:00,COLISIÓN POR CORTE DE CIRCULACIÓN,ASFALTO,Bueno,Bueno,1,FREIGHTLINER,BLANCO,1,,30,MASCULINO,SIN DATOS,0,0,Huetamo,Cutzeo,noviembre,jueves,15,-100.896806716919,18.6545401402307
18626,18627,2018,"181126313",2018/11/08,15:10:00,COLISIÓN POR CAMBIO DE CARRIL,ASFALTO,Bueno,Regular,2,FORD,BLANCO,2,,37,MASCULINO,SIN DATOS,0,0,Morelia,Industrial,noviembre,jueves,15,-101.197922229767,19.7070008988707
18627,18628,2018,"181126456",2018/11/08,15:30:00,CAIDA DE MOTOCICLETA,ASFALTO,Bueno,Bueno,1,SUZUKI,NEGRO,1,,36,MASCULINO,SIN DATOS,0,0,Morelia,Alberto Oviedo Mota,noviembre,jueves,16,-101.202213764191,19.6774139721396
18628,18629,2018,"181126559",2018/11/08,15:44:00,COLISIÓN POR ALCANCE,ASFALTO,Bueno,Bueno,2,TRANSIT,BLANCO,2,,36,MASCULINO,SIN DATOS,0,0,Morelia,La Esperanza,noviembre,jueves,16,-101.252220869064,19.69812236475
18629,18630,2018,,2018/11/08,16:40:00,COLISIÓN POR ALCANCE,ASFALTO,Bueno,Bueno,2,VOLKWAGEN,BLANCO,2,,21,MASCULINO,SIN DATOS,0,0,Pátzcuaro,El Calvario,noviembre,jueves,17,-101.618685722351,19.5137237550906
18630,18631,2018,"181126710",2018/11/08,16:50:00,COLISIÓN CONTRA OBJETO FIJO,ASFALTO,Bueno,Bueno,2,MAZDA,GRIS,2,,20,MASCULINO,ALIENTO ETÍLICO,0,0,Morelia,La Esperanza,noviembre,jueves,17,-101.153408288956,19.6990819570294
18631,18632,2018,"181126954",2018/11/08,17:50:00,COLISIÓN POR CORTE DE CIRCULACIÓN,ASFALTO,Bueno,Bueno,2,FORD,BLANCO Y ROJO,2,,55,MASCULINO,SIN DATOS,0,0,Morelia,Sentimientos de La Nacion,noviembre,jueves,18,-101.23197555542,19.6778685753558
18632,18633,2018,"181127128",2018/11/08,19:20:00,COLISIÓN POR CAMBIO DE CARRIL,ASFALTO,Bueno,Bueno,2,MERCEDES BENZ,BLANCO Y NARANJA,2,,61,MASCULINO,SIN DATOS,0,0,Morelia,Morelos,noviembre,jueves,19,-101.206902265549,19.7015061645256
18633,18634,2018,,2018/11/08,20:00:00,COLISIÓN POR NO RESPETAR SEMÁFORO,ASFALTO,Bueno,Bueno,2,JEEP,BLANCO,2,MINISTERIO PÚBLICO,22,FEMENINO,SIN DATOS,0,0,Lázaro Cárdenas,Lomas de Bella Vista,noviembre,jueves,20,-102.221238613129,17.9688238020202
18634,18635,2018,"181127561",2018/11/08,22:05:00,COLISIÓN POR MANIOBRA DE REVERSA,ASFALTO,Bueno,Bueno,2,HONDA,GRIS,1,,53,MASCULINO,SIN DATOS,0,0,Morelia,Centro,noviembre,jueves,22,-101.196055412292,19.7020819084088
18635,18636,2018,"181127615",2018/11/08,22:30:00,COLISIÓN CONTRA OBJETO FIJO,ASFALTO,Bueno,Bueno,1,S/D,S/D,1,,,,,1,0,Morelia,Felix Ireta,noviembre,jueves,23,-101.195690631866,19.6816366812437
18636,18637,2018,"181127605",2018/11/08,22:36:00,SALIDA DE SUPERFICIE DE RODAMIENTO,ASFALTO,Bueno,Bueno,1,RENAULT,GRIS,0,,,,,0,0,Morelia,Sin datos,noviembre,jueves,23,-101.303129196167,19.5876500707091
18637,18638,2018,"181127763",2018/11/08,23:50:00,COLISIÓN POR CORTE DE CIRCULACIÓN,ASFALTO,Bueno,Bueno,2,CHEVROLET,NARANJA,2,,19,MASCULINO,ALIENTO ETÍLICO,0,0,Morelia,Felix Ireta,noviembre,jueves,0,-101.190905570984,19.6840005415693
18638,18639,2018,"181127947",2018/11/09,"06:50:00",SUBIDA AL CAMELLÓN,ASFALTO,Bueno,Bueno,1,NISSAN,NEGRO,1,,33,MASCULINO,SIN DATOS,0,0,Morelia,Valle de Las Flores,noviembre,viernes,7,-101.126382350922,19.6878493164245
18639,18640,2018,,2018/11/09,"08:30:00",COLISIÓN CON PEATÓN,ASFALTO,Bueno,Bueno,2,FORD,BLANCO,2,,66,MASCULINO,SIN DATOS,0,0,Huetamo,Cutzeo,noviembre,viernes,9,-100.89732170105,18.6512059252241
18640,18641,2018,"181295103",2018/11/09,12:26:00,COLISIÓN POR CAMBIO DE CARRIL,ASFALTO,Bueno,Bueno,2,ISUZU,BLANCO,2,,50,MASCULINO,SIN DATOS,0,0,Morelia,Lazaro Cardenas,noviembre,viernes,12,-101.164276599884,19.70879876729
18641,18642,2018,"181129655",2018/11/09,12:45:00,COLISIÓN POR ALCANCE,ASFALTO,Bueno,Bueno,2,GM ENCORE,BLANCO,2,,36,FEMENINO,SIN DATOS,0,0,Morelia,Articulo Constitucional,noviembre,viernes,13,-101.171523928642,19.7144220258265
18642,18643,2018,"181128696",2018/11/09,12:55:00,COLISIÓN POR CAMBIO DE CARRIL,ASFALTO,Bueno,Bueno,2,MITSUBISHI,NEGRO,2,,29,MASCULINO,SIN DATOS,0,0,Morelia,Comision Federal de Electricidad,noviembre,viernes,13,-101.181292533875,19.6815659669358
18643,18644,2018,,2018/11/09,13:00:00,SALIDA DE SUPERFICIE DE RODAMIENTO,ASFALTO,Bueno,Bueno,1,NISSAN,BLANCO/ NARANJA,1,,35,MASCULINO,SIN DATOS,0,0,Zamora,Sin datos,noviembre,viernes,13,-102.27765083313,20.0355316202714
18644,18645,2018,"181128701",2018/11/09,13:05:00,COLISIÓN POR CORTE DE CIRCULACIÓN,SIN_DATOS,Bueno,Bueno,1,VOLKSWAGEN,BLANCO,1,,32,FEMENINO,SIN DATOS,0,0,Morelia,Felix Ireta,noviembre,viernes,13,-101.187678873539,19.6817680077325
18645,18646,2018,"181129660",2018/11/09,13:55:00,COLISIÓN POR CORTE DE CIRCULACIÓN,ASFALTO,Bueno,Bueno,2,YAMAHA,AZUL,2,,50,MASCULINO,SIN DATOS,0,0,Morelia,Centro,noviembre,viernes,14,-101.187466979027,19.7046474787729
18646,18647,2018,"181129199",2018/11/09,14:02:00,COLISIÓN POR CAMBIO DE CARRIL,CONCRETO,Bueno,Bueno,2,TOYOTA,BLANCO,2,,41,MASCULINO,SIN DATOS,0,0,Morelia,Ciudad Industrial,noviembre,viernes,14,-101.137990951538,19.7306947781205
18647,18648,2018,"181129273",2018/11/09,14:20:00,COLISIÓN POR CAMBIO DE CARRIL,ASFALTO,Bueno,Bueno,2,DINA,NARANJA,2,,67,MASCULINO,SIN DATOS,0,0,Morelia,Francisco J Mujica,noviembre,viernes,14,-101.188373565674,19.7214236784131
18648,18649,2018,"181129059",2018/11/09,14:28:00,COLISIÓN POR NO RESPETAR SEMÁFORO,CONCRETO,Bueno,Bueno,2,HONDA,ARENA,2,,0,FEMENINO,SIN DATOS,0,0,Morelia,Juarez,noviembre,viernes,14,-101.195540428162,19.6924353997917
18649,18650,2018,"181129476",2018/11/09,15:49:00,SALIDA DE SUPERFICIE DE RODAMIENTO,ASFALTO,Bueno,Bueno,1,BMW,NEGRO,1,,0,,SIN DATOS,0,0,Charo,Sin datos,noviembre,viernes,16,-101.04100227356,19.7554352745704
18650,18651,2018,"181129491",2018/11/09,16:00:00,COLISIÓN POR CAMBIO DE CARRIL,ASFALTO,Bueno,Bueno,2,NISSAN,AZUL,2,,0,FEMENINO,SIN DATOS,0,0,Morelia,Industrial,noviembre,viernes,16,-101.188373565674,19.7108794212444
18651,18652,2018,,2018/11/09,16:05:00,COLISIÓN POR CORTE DE CIRCULACIÓN,ASFALTO,Bueno,Bueno,2,NISSAN,ROSA/BLANCO,2,,28,MASCULINO,SIN DATOS,0,0,Morelia,Vasco de Quiroga,noviembre,viernes,16,-101.171942353249,19.7025970459167
18652,18653,2018,"181129497",2018/11/09,16:45:00,COLISIÓN CON PEATÓN,ASFALTO,Bueno,Bueno,1,BMW,NEGRO,2,,34,MASCULINO,SIN DATOS,1,0,Morelia,Loma de Los Piñones,noviembre,viernes,17,-101.203758716583,19.6751409367106
18653,18654,2018,"18129683",2018/11/09,17:40:00,COLISIÓN CONTRA OBJETO FIJO,ASFALTO,Bueno,Bueno,1,VOLKSWAGEN,GUINDA,1,MINISTERIO PÚBLICO,,,,0,1,Tarímbaro,Sin datos,noviembre,viernes,18,-101.157431602478,19.7789402409745
18654,18655,2018,"181129697",2018/11/09,17:50:00,COLISIÓN POR CORTE DE CIRCULACIÓN,ASFALTO,Bueno,Bueno,2,ITALIKA,NEGRO,2,,30,MASCULINO,SIN DATOS,0,0,Morelia,Centro,noviembre,viernes,18,-101.18555188179,19.7029455203492
18655,18656,2018,"181129865",2018/11/09,18:40:00,COLISIÓN POR ALCANCE,CONCRETO,Bueno,Bueno,2,CHEVROLET,AZUL,2,,0,MASCULINO,SIN DATOS,0,0,Morelia,Canteras de Morelia,noviembre,viernes,19,-101.173428297043,19.7163637337416
18656,18657,2018,"181128789",2018/11/09,20:30:00,COLISIÓN POR MANIOBRA DE REVERSA,CONCRETO,Bueno,Bueno,2,KENWORTH,AZUL,2,,25,MASCULINO,SIN DATOS,0,0,Morelia,Niños Heroes,noviembre,viernes,21,-101.238192915916,19.7163788835155
18657,18658,2018,"181128677",2018/11/09,20:35:00,COLISIÓN POR CORTE DE CIRCULACIÓN,ASFALTO,Bueno,Bueno,2,NISSAN,BLANCO/AZUL,2,,39,MASCULINO,SIN DATOS,0,0,Morelia,Primo Tapia,noviembre,viernes,21,-101.215651631355,19.7136771511227
18658,18659,2018,"181372141",2018/11/09,22:00:00,COLISIÓN CONTRA OBJETO FIJO,ASFALTO,Bueno,Bueno,1,NISSAN,BLANCO,1,,52,MASCULINO,SIN DATOS,0,0,Morelia,Centenario (Los Alamos Ii),noviembre,viernes,22,-101.176282167435,19.7369257051344
18659,18660,2018,"181130551",2018/11/09,22:25:00,COLISIÓN CONTRA OBJETO FIJO,ASFALTO,Lluvioso,Bueno,1,MAZDA,BLANCO,1,,44,FEMENINO,SIN DATOS,0,0,Morelia,El Lago 1,noviembre,viernes,22,-101.21942281723,19.7277054626833
18660,18661,2018,,2018/11/10,"00:00:00",CAIDA DE MOTOCICLETA,ASFALTO,Nublado,Bueno,1,ITALIKA,NEGRO Y ROJO,0,,,,,0,0,Puruándiro,La Loma,noviembre,sábado,0,-101.516160964966,20.0965412381809
18661,18662,2018,"181130812",2018/11/10,"01:25:00",SALIDA DE SUPERFICIE DE RODAMIENTO,ASFALTO,Bueno,Bueno,1,SEAT,NEGRO,1,,34,MASCULINO,ALIENTO ETÍLICO,0,0,Morelia,Sin datos,noviembre,sábado,1,-101.15169098916,19.6790494254906
18662,18663,2018,"181120974",2018/11/10,"05:35:00",COLISIÓN POR CAMBIO DE CARRIL,CONCRETO,Bueno,Bueno,2,VOLKSWAGEN,AZUL,2,,0,,SIN DATOS,0,0,Morelia,Indeco Santiaguito,noviembre,sábado,6,-101.178824901581,19.7203127262399
18663,18664,2018,"181131002",2018/11/10,"06:24:00",COLISIÓN POR NO RESPETAR SEMÁFORO,CONCRETO,Nublado,Bueno,2,AUDI,BLANCO,2,,23,MASCULINO,SIN DATOS,0,0,Morelia,Centro,noviembre,sábado,6,-101.178224086761,19.6992637738655
18664,18665,2018,"181131064",2018/11/10,"07:10:00",COLISIÓN POR ALCANCE,ASFALTO,Bueno,Bueno,3,DODGE,PLATA,3,,23,MASCULINO,SIN DATOS,0,0,Morelia,Los Manantiales de Morelia,noviembre,sábado,7,-101.24025285244,19.6927838963509
18665,18666,2018,"181176167",2018/11/10,"08:00:00",COLISIÓN POR ALCANCE,ASFALTO,Bueno,Bueno,2,CHEVROLET,GRIS,2,,29,MASCULINO,SIN DATOS,0,0,Morelia,Elias Perez Avalos,noviembre,sábado,8,-101.169490814209,19.7134246504356
18666,18667,2018,"181131201",2018/11/10,"08:50:00",COLISIÓN POR CORTE DE CIRCULACIÓN,CONCRETO,Bueno,Bueno,1,DODGE,PLATA,1,,0,,SIN DATOS,0,0,Morelia,Elias Perez Avalos,noviembre,sábado,9,-101.165435314178,19.7126923961882
18667,18668,2018,,2018/11/10,10:30:00,COLISIÓN CONTRA OBJETO FIJO,ASFALTO,Bueno,Bueno,1,NISSAN,CAFE,1,,34,MASCULINO,SIN DATOS,0,0,Acuitzio,Sin datos,noviembre,sábado,11,-101.342525482178,19.514532760099
18668,18669,2018,"181131613",2018/11/10,11:45:00,COLISIÓN POR INVASIÓN DE CARRIL,ASFALTO,Bueno,Bueno,2,NISSAN,BLANCO,2,,30,MASCULINO,SIN DATOS,0,0,Morelia,Isaac Arriaga,noviembre,sábado,12,-101.171942353249,19.7108743711462
18669,18670,2018,,2018/11/10,12:10:00,COLISIÓN POR ALCANCE,ASFALTO,Bueno,Bueno,2,SIN DATOS,SIN DATOS,1,,25,MASCULINO,SIN DATOS,0,0,Morelia,Camelinas,noviembre,sábado,12,-101.169769763947,19.6820862214706
18670,18671,2018,,2018/11/10,12:34:00,CAIDA DE MOTOCICLETA,ASFALTO,Nublado,Regular,1,ITALIKA,NEGRO/ROJO,0,MINISTERIO PÚBLICO,,,,0,0,La Piedad,Centro,noviembre,sábado,13,-102.023302316666,20.3426351392248
18671,18672,2018,"181131789",2018/11/10,12:45:00,COLISIÓN CONTRA OBJETO FIJO,ASFALTO,Bueno,Bueno,1,NISSAN,NEGRO,1,,21,MASCULINO,SIN DATOS,0,0,Morelia,La Quemada,noviembre,sábado,13,-101.237736940384,19.7016778778304
18672,18673,2018,"181131800",2018/11/10,13:40:00,COLISIÓN POR CAMBIO DE CARRIL,ASFALTO,Bueno,Bueno,2,CHEVROLET,GRIS,2,,48,MASCULINO,SIN DATOS,0,0,Morelia,Primo Tapia Oriente,noviembre,sábado,14,-101.157946586609,19.7140508514078
18673,18674,2018,"181131986",2018/11/10,13:45:00,COLISIÓN POR CAMBIO DE CARRIL,ASFALTO,Bueno,Bueno,2,NISSAN,CAFE,2,,0,MASCULINO,SIN DATOS,0,0,Morelia,La Colina,noviembre,sábado,14,-101.216233670712,19.7113894803399
18674,18675,2018,,2018/11/10,14:20:00,SALIDA DE SUPERFICIE DE RODAMIENTO,ASFALTO,Bueno,Bueno,1,PONTIAC,VERDE,1,,61,MASCULINO,SIN DATOS,0,0,Coeneo,Coeneo de La Libertad,noviembre,sábado,14,-101.582293510437,19.8322376196686
18675,18676,2018,"181132228",2018/11/10,15:50:00,COLISIÓN POR CORTE DE CIRCULACIÓN,CONCRETO,Bueno,Bueno,2,CHEVROLET,BLANCO,2,,19,FEMENINO,SIN DATOS,0,0,Morelia,Eduardo Ruiz,noviembre,sábado,16,-101.220012903214,19.7190704705746
18676,18677,2018,"181132315",2018/11/10,15:50:00,COLISIÓN CON PEATÓN,CONCRETO,Bueno,Bueno,2,SEAT,BLANCO,2,,23,FEMENINO,SIN DATOS,0,0,Morelia,Ocolusen Iii,noviembre,sábado,16,-101.152871847153,19.6857784648087
18677,18678,2018,,2018/11/10,17:45:00,VOLCADURA,ASFALTO,Bueno,Bueno,1,FORD,ROJO,1,,,,SIN DATOS,0,0,Zitácuaro,Sin datos,noviembre,sábado,18,-100.241832733154,19.4431224985639
18678,18679,2018,"181132826",2018/11/10,19:50:00,COLISIÓN POR CAMBIO DE CARRIL,ASFALTO,Bueno,Bueno,2,SEAT,AZUL,2,,0,,SIN DATOS,0,0,Morelia,Rafael Carrillo,noviembre,sábado,20,-101.234529018402,19.7107178180233
18679,18680,2018,"181133312",2018/11/10,21:40:00,COLISIÓN POR ALCANCE,ASFALTO,Bueno,Bueno,2,MAZDA,ROJO,2,MINISTERIO PÚBLICO,26,MASCULINO,SIN DATOS,0,0,Morelia,Felix Ireta,noviembre,sábado,22,-101.195433139801,19.6902736940424
18680,18681,2018,,2018/11/10,22:14:00,CAIDA DE MOTOCICLETA,ASFALTO,Bueno,Bueno,1,BAJAJ,NEGRO,1,,33,MASCULINO,SIN DATOS,0,0,Morelia,Los Manantiales de Morelia,noviembre,sábado,22,-101.242425441742,19.6977082231468
18681,18682,2018,,2018/11/10,22:45:00,COLISIÓN POR CAMBIO DE CARRIL,ASFALTO,Bueno,Bueno,2,FORD,NEGRO,2,,,,SIN DATOS,0,0,Hidalgo,Fraccionamiento Lomas de Casa Blanca,noviembre,sábado,23,-100.601720809937,19.6960140280023
18682,18683,2018,"181133553",2018/11/10,23:00:00,COLISIÓN POR ALCANCE,ASFALTO,Bueno,Bueno,2,FORD,BLANCO,2,,70,MASCULINO,ALIENTO ETÍLICO,0,0,Morelia,San Rafael,noviembre,sábado,23,-101.154835224152,19.7006778977615
18683,18684,2018,"181133646",2018/11/10,23:40:00,COLISIÓN POR CORTE DE CIRCULACIÓN,ASFALTO,Bueno,Bueno,2,SIN DATOS,SIN DATOS,1,,24,FEMENINO,SIN DATOS,0,0,Morelia,Primo Tapia,noviembre,sábado,0,-101.211858987808,19.7091320777539
18684,18685,2018,,2018/11/11,"00:10:00",SALIDA DE SUPERFICIE DE RODAMIENTO,ASFALTO,Bueno,Regular,1,VW,PLATA,1,,29,FEMENINO,SIN DATOS,0,0,Tocumbo,Sin datos,noviembre,domingo,0,-102.531580924988,19.7051828091333
18685,18686,2018,"181133635",2018/11/11,"00:15:00",CAIDA DE MOTOCICLETA,ASFALTO,Bueno,Bueno,1,YAMAHA,NEGRO,1,,40,MASCULINO,ALIENTO ETÍLICO,0,0,Morelia,Avicola Benito Juarez,noviembre,domingo,0,-101.279590129852,19.6915666804285
18686,18687,2018,"181133696",2018/11/11,"00:15:00",COLISIÓN CONTRA OBJETO FIJO,ASFALTO,Bueno,Bueno,2,RENAULT,BLANCO,2,MINISTERIO PÚBLICO,18,MASCULINO,SIN DATOS,0,0,Morelia,Sentimientos de La Nacion,noviembre,domingo,0,-101.231954097748,19.6778079616682
18687,18688,2018,"181133726",2018/11/11,"00:15:00",COLISIÓN POR ALCANCE,CONCRETO,Bueno,Bueno,3,FORD,AZUL,3,,35,MASCULINO,SIN DATOS,0,0,Morelia,Chapultepec Norte,noviembre,domingo,0,-101.176861524582,19.6932536079042
18688,18689,2018,"181133813",2018/11/11,"01:56:00",SUBIDA AL CAMELLÓN,ASFALTO,Bueno,Bueno,2,FORD,BLANCO,2,,26,MASCULINO,SIN DATOS,0,0,Morelia,Primo Tapia Oriente,noviembre,domingo,2,-101.157517433166,19.714192251288
18689,18690,2018,"181133845",2018/11/11,"02:00:00",SUBIDA AL CAMELLÓN,ASFALTO,Bueno,Bueno,1,MITSUBISHI,BLANCO,1,,65,MASCULINO,SIN DATOS,0,0,Morelia,Barrio Alto,noviembre,domingo,2,-101.196913719177,19.7251402622806
18690,18691,2018,"181133930",2018/11/11,"03:26:00",CAIDA ACUATICA DE VEHÍCULO,ASFALTO,Bueno,Bueno,1,CHEVROLET,NEGRO,1,,23,,SIN DATOS,0,0,Morelia,Nicolas Bravo(Los Ejidos),noviembre,domingo,3,-101.220259666443,19.6981728697503
18691,18692,2018,,2018/11/11,"05:50:00",COLISIÓN POR INVASIÓN DE CARRIL,ASFALTO,Bueno,Bueno,2,NISSAN,BLANCO,2,,40,MASCULINO,SIN DATOS,0,0,Contepec,Sin datos,noviembre,domingo,6,-100.281615257263,19.9402310503587
18692,18693,2018,"181134048",2018/11/11,"06:15:00",COLISIÓN POR CORTE DE CIRCULACIÓN,ASFALTO,Bueno,Bueno,2,NISSAN,VERDE,2,MINISTERIO PÚBLICO,21,MASCULINO,SIN DATOS,0,0,Morelia,Vasco de Quiroga,noviembre,domingo,6,-101.171947717667,19.7026778516498
18693,18694,2018,"181134050",2018/11/11,"06:15:00",COLISIÓN CONTRA OBJETO FIJO,CONCRETO,Bueno,Bueno,1,FORD,NEGRO,1,,34,MASCULINO,ALIENTO ETÍLICO,0,0,Morelia,La Huerta,noviembre,domingo,6,-101.216772794724,19.673842766455
18694,18695,2018,"181134221",2018/11/11,"07:25:00",SALIDA DE SUPERFICIE DE RODAMIENTO,CONCRETO,Bueno,Bueno,3,KIA,GRAFITO,3,,23,MASCULINO,SIN DATOS,0,0,Morelia,Sentimientos de La Nacion,noviembre,domingo,7,-101.235226392746,19.6806567801972
18695,18696,2018,"181134096",2018/11/11,"07:43:00",COLISIÓN CONTRA OBJETO FIJO,ASFALTO,Bueno,Bueno,2,VOLKSWAGEN,NEGRO,2,,,,,2,0,Morelia,La Quemada,noviembre,domingo,8,-101.237769126892,19.7017889863412
18696,18697,2018,"181134343",2018/11/11,"09:15:00",COLISIÓN CONTRA OBJETO FIJO,CONCRETO,Bueno,Bueno,2,VOLKSWAGEN,NEGRO,2,,,,SIN DATOS,0,0,Morelia,Ferrocarrilero,noviembre,domingo,9,-101.220959722996,19.694109691545
18698,18699,2018,"181135256",2018/11/11,15:30:00,COLISIÓN POR CAMBIO DE CARRIL,ASFALTO,Bueno,Bueno,2,DODGE,BLANCO Y AZUL,2,,,MASCULINO,SIN DATOS,0,0,Morelia,Rafael Carrillo,noviembre,domingo,16,-101.235837936401,19.7087381653129
18699,18700,2018,"181135408",2018/11/11,16:03:00,COLISIÓN POR CAMBIO DE CARRIL,ASFALTO,Bueno,Bueno,2,ITALIKA,"NEGRO, ROJO Y GRIS",1,MINISTERIO PÚBLICO,,,,1,0,Morelia,Tres Puentes,noviembre,domingo,16,-101.213854551315,19.7026273480714
18700,18701,2018,"18135579",2018/11/11,16:40:00,VOLCADURA,ASFALTO,Bueno,Bueno,1,DODGE,GRIS,3,,,MASCULINO,SIN DATOS,2,0,Morelia,Ampliacion La Soledad,noviembre,domingo,17,-101.180734634399,19.7375922080566
18701,18702,2018,,2018/11/11,19:30:00,COLISIÓN POR CORTE DE CIRCULACIÓN,CONCRETO,Bueno,Bueno,3,CHEVROLET,VINO,2,MINISTERIO PÚBLICO,16,MASCULINO,SIN DATOS,0,0,Zamora,Centro,noviembre,domingo,20,-102.28268,19.984936
18703,18704,2018,"181136147",2018/11/11,20:50:00,COLISIÓN CONTRA OBJETO FIJO,ASFALTO,Bueno,Bueno,2,AUDI,BLANCO,2,,,,SIN DATOS,0,0,Morelia,3 de Agosto,noviembre,domingo,21,-101.172784566879,19.7323509963765
18704,18705,2018,,2018/11/11,21:00:00,SALIDA DE SUPERFICIE DE RODAMIENTO,ASFALTO,Bueno,Bueno,1,FORD,BLANCO,0,MINISTERIO PÚBLICO,,,,0,0,Zacapu,Sin datos,noviembre,domingo,21,-101.810646057129,19.8221447900345
18705,18706,2018,"18136456",2018/11/11,23:50:00,COLISIÓN CONTRA OBJETO FIJO,ASFALTO,Bueno,Bueno,2,HONDA,GRIS,2,,28,MASCULINO,ALIENTO ETÍLICO,0,0,Morelia,Cosmos,noviembre,domingo,0,-101.216440200806,19.6834802932524
18706,18707,2018,,2018/11/11,23:58:00,COLISIÓN POR INVASIÓN DE CARRIL,ASFALTO,Bueno,Bueno,2,CHEVROLET,VINO,2,,24,FEMENINO,SIN DATOS,0,0,Acuitzio,Ricardo Flores Magon,noviembre,domingo,0,-101.338706016541,19.48973491776
18707,18708,2018,"181136473",2018/11/12,"00:30:00",CAIDA DE MOTOCICLETA,ASFALTO,Bueno,Bueno,1,ITALIKA,ROJO,2,,28,MASCULINO,SIN DATOS,1,0,Morelia,Sin datos,noviembre,lunes,1,-101.263604164124,19.6395157359971
18708,18709,2018,,2018/11/12,"01:25:00",COLISIÓN POR CORTE DE CIRCULACIÓN,ASFALTO,Bueno,Bueno,2,S/D,S/D,0,,,,,0,0,Morelia,Chapultepec Oriente,noviembre,lunes,1,-101.15913378,19.6947918299991
18709,18710,2018,"181136499",2018/11/12,"01:40:00",VOLCADURA,ASFALTO,Bueno,Bueno,1,HONDA,NEGRO,1,,26,MASCULINO,SIN DATOS,0,0,Morelia,Ana Maria Gallaga (Riviera Norte),noviembre,lunes,2,-101.219573020935,19.6771008002847
18710,18711,2018,"181136776",2018/11/12,"06:40:00",COLISIÓN CON PEATÓN,ASFALTO,Bueno,Bueno,1,HONDA,BLANCO,1,MINISTERIO PÚBLICO,,,,1,0,Morelia,Lomas de Las Americas Norte,noviembre,lunes,7,-101.14920258522,19.6946778861239
18711,18712,2018,"181136706",2018/11/12,"07:30:00",COLISIÓN POR CORTE DE CIRCULACIÓN,ASFALTO,Bueno,Bueno,2,INTERNACIONAL,BLANCO,2,,46,MASCULINO,SIN DATOS,0,0,Morelia,Primo Tapia Oriente,noviembre,lunes,8,-101.160360574722,19.7125964453832
18712,18713,2018,,2018/11/12,"07:40:00",COLISIÓN CONTRA OBJETO FIJO,ASFALTO,Bueno,Bueno,1,CHRYSLER,BLANCO,1,MINISTERIO PÚBLICO,,,SIN DATOS,0,0,Lázaro Cárdenas,Sin datos,noviembre,lunes,8,-102.22763299942,17.935601674104
18713,18714,2018,"181136859",2018/11/12,"07:46:00",COLISIÓN CONTRA OBJETO FIJO,ASFALTO,Bueno,Bueno,1,MAZDA,ROJO,1,,34,MASCULINO,SIN DATOS,0,0,Morelia,Barrio Alto,noviembre,lunes,8,-101.196795701981,19.7249079783211
18714,18715,2018,"181136970",2018/11/12,"07:53:00",COLISIÓN POR CAMBIO DE CARRIL,ASFALTO,Bueno,Bueno,2,CHEVROLET,BLANCO/ROSA,2,,58,MASCULINO,SIN DATOS,0,0,Morelia,Fray Antonio de Lisboa,noviembre,lunes,8,-101.145737171173,19.6934253300635
18715,18716,2018,"181136961",2018/11/12,"09:30:00",COLISIÓN POR ALCANCE,ASFALTO,Bueno,Bueno,2,NISSAN,AZUL,2,MINISTERIO PÚBLICO,0,MASCULINO,SIN DATOS,0,0,Morelia,Indeco El Vivero,noviembre,lunes,10,-101.229765415192,19.6770704932985