fid,id_accidente,anio_origen,folio_c5i,dia_incidente,hora_ocurrencia,tipo_incidente_vial,superficie_ocurrencia,condiciones_climaticas,condiciones_via,numero_vehiculos_involucrados,marca_vehiculo_ocasiona_siniestro,color_vehiculo_ocasiona_siniestro,numero_personas_involucradas,lugar_remite_presunto_responsable,edad_presunto_responsable,sexo_presunto_responsable,resultados_toxicologia,numero_personas_lesionadas,numero_personas_fallecidas,municipio,colonia,mes,dia_semana,hora_redondeada,lon,lat
18716,18717,2018,"181137114",2018/11/12,10:06:00,COLISIÓN POR CORTE DE CIRCULACIÓN,ASFALTO,Bueno,Bueno,1,INTERNACIONAL,BLANCO,1,,47,,SIN DATOS,0,0,Morelia,La Soledad,noviembre,lunes,10,-101.183363199234,19.7281498239226
18717,18718,2018,,2018/11/12,11:30:00,COLISIÓN CON PEATÓN,ASFALTO,Bueno,Bueno,2,RENAULT,BLANCO,4,MINISTERIO PÚBLICO,40,MASCULINO,SIN DATOS,2,0,Lázaro Cárdenas,Segundo Sector de Fidelac,noviembre,lunes,12,-102.202699184418,17.961557313868
18718,18719,2018,"181137329",2018/11/12,11:50:00,COLISIÓN POR INVASIÓN DE CARRIL,ASFALTO,Bueno,Bueno,3,FORD,BLANCO,5,,25,FEMENINO,SIN DATOS,2,0,Morelia,Montaña Monarca,noviembre,lunes,12,-101.162909113161,19.6655651835496
18719,18720,2018,LEG19377,2018/11/12,14:06:00,COLISIÓN POR ALCANCE,ASFALTO,Bueno,Bueno,2,MERCEDES BENZ,BLANCO,2,,37,MASCULINO,SIN DATOS,0,0,Morelia,Alfonso Garcia Robles,noviembre,lunes,14,-101.183116436005,19.7190805702531
18720,18721,2018,"181138143",2018/11/12,14:53:00,COLISIÓN POR ALCANCE,ASFALTO,Lluvioso,Regular,2,FORD,BLANCO,2,,23,MASCULINO,SIN DATOS,0,0,Morelia,Las Americas,noviembre,lunes,15,-101.156508922577,19.687869519723
18721,18722,2018,"181130309",2018/11/12,15:20:00,COLISIÓN POR ALCANCE,ASFALTO,Bueno,Bueno,2,NISSAN,BLANCO,2,,54,MASCULINO,SIN DATOS,0,0,Morelia,Canteras de Morelia,noviembre,lunes,15,-101.171658039093,19.7151416472448
18722,18723,2018,"181138357",2018/11/12,15:30:00,COLISIÓN POR CORTE DE CIRCULACIÓN,ASFALTO,Bueno,Bueno,2,MERCEDES BENZ,AMARILLO,2,,0,MASCULINO,SIN DATOS,0,0,Morelia,Centro,noviembre,lunes,16,-101.200314760208,19.7058999469975
18723,18724,2018,"181138051",2018/11/12,16:40:00,COLISIÓN POR ALCANCE,ASFALTO,Bueno,Bueno,3,CHEVROLET,BLANCO,3,,26,MASCULINO,SIN DATOS,0,0,Tarímbaro,Sin datos,noviembre,lunes,17,-101.145071983337,19.7723373916865
18724,18725,2018,,2018/11/12,17:00:00,SALIDA DE SUPERFICIE DE RODAMIENTO,ASFALTO,Bueno,Regular,1,TOYOTA,BLANCO,0,,,,,0,0,Peribán,Sin datos,noviembre,lunes,17,-102.445213794708,19.5530973740882
18725,18726,2018,"181139191",2018/11/12,17:05:00,COLISIÓN CONTRA OBJETO FIJO,ASFALTO,Bueno,Bueno,2,DODGE,ROJO,1,MINISTERIO PÚBLICO,58,FEMENINO,SIN DATOS,0,0,Ario,Sin datos,noviembre,lunes,17,-101.780090332031,19.0595218898473
18726,18727,2018,"181138777",2018/11/12,18:00:00,COLISIÓN POR CORTE DE CIRCULACIÓN,ASFALTO,Bueno,Bueno,2,CHRYSLER,BLANCO,2,,43,MASCULINO,SIN DATOS,0,0,Tarímbaro,Sin datos,noviembre,lunes,18,-101.157238483429,19.7685411343038
18727,18728,2018,,2018/11/12,20:10:00,COLISIÓN POR ALCANCE,ASFALTO,Bueno,Bueno,2,NISSAN,PLATA,2,MINISTERIO PÚBLICO,28,MASCULINO,SIN DATOS,0,0,Irimbo,Carlos Rojas,noviembre,lunes,20,-100.467932224274,19.7025768444771
18729,18730,2018,"181139286",2018/11/12,20:30:00,COLISIÓN CONTRA OBJETO FIJO,ASFALTO,Bueno,Bueno,1,DODGE,VERDE,1,,46,MASCULINO,SIN DATOS,0,0,Morelia,Sin datos,noviembre,lunes,21,-101.277272701263,19.6276523854074
18730,18731,2018,"181139635",2018/11/13,"05:15:00",VOLCADURA,ASFALTO,Bueno,Bueno,1,FORD,BLANCO,0,,,,,0,0,Morelia,Ciudad Industrial,noviembre,martes,5,-101.136177778244,19.7296141874411
18731,18732,2018,"18138917",2018/11/13,"07:35:00",COLISIÓN POR ALCANCE,ASFALTO,Bueno,Bueno,2,PULSAR,AZUL,1,,0,MASCULINO,SIN DATOS,0,0,Morelia,Quinceo,noviembre,martes,8,-101.221482753754,19.7277963548555
18732,18733,2018,"181139721",2018/11/13,"07:35:00",COLISIÓN POR CORTE DE CIRCULACIÓN,ASFALTO,Bueno,Bueno,2,CHRYSLER,PLATA,2,,0,MASCULINO,SIN DATOS,0,0,Morelia,Alberto Oviedo Mota,noviembre,martes,8,-101.195765733719,19.682848921666
18733,18734,2018,AP25825117,2018/11/13,"08:20:00",COLISIÓN POR CORTE DE CIRCULACIÓN,ASFALTO,Bueno,Bueno,2,SEAT,BLANCO,2,,39,MASCULINO,SIN DATOS,0,0,Morelia,Jardines de Sindurio,noviembre,martes,8,-101.257338523865,19.6975264045433
18734,18735,2018,"1811406750",2018/11/13,"08:40:00",COLISIÓN POR CORTE DE CIRCULACIÓN,ASFALTO,Bueno,Bueno,2,CHEVROLET,BLANCO,2,,22,,SIN DATOS,0,0,Morelia,Felix Ireta,noviembre,martes,9,-101.18378162384,19.6813437217652
18735,18736,2018,"181139928",2018/11/13,"08:50:00",COLISIÓN POR ALCANCE,ASFALTO,Bueno,Bueno,2,PONTIAC,GRIS,2,,40,MASCULINO,SIN DATOS,0,0,Morelia,Prados Verdes,noviembre,martes,9,-101.197106838226,19.7167475275734
18736,18737,2018,"181139948",2018/11/13,"08:50:00",COLISIÓN POR CORTE DE CIRCULACIÓN,ASFALTO,Nublado,Bueno,2,CHEVROLET,ARENA,2,,66,MASCULINO,SIN DATOS,0,0,Morelia,Prados Verdes,noviembre,martes,9,-101.200861930847,19.7174848131389
18738,18739,2018,"181139933",2018/11/13,"09:30:00",COLISIÓN POR ALCANCE,ASFALTO,Nublado,Bueno,2,NISSAN,BLANCO,2,,22,MASCULINO,SIN DATOS,0,0,Morelia,Montaña Monarca,noviembre,martes,10,-101.164727210999,19.6658262058945
18739,18740,2018,"181140018",2018/11/13,10:00:00,COLISIÓN CON PEATÓN,CONCRETO,Bueno,Bueno,2,NISSAN,GRIS,2,,28,MASCULINO,SIN DATOS,1,0,Morelia,El Realito,noviembre,martes,10,-101.20058298111,19.7277408096453
18740,18741,2018,"181406800",2018/11/13,10:12:00,COLISIÓN POR ALCANCE,ASFALTO,Bueno,Bueno,2,VOLKWAGEN,ROJO,2,,38,MASCULINO,SIN DATOS,0,0,Morelia,Villa Universidad,noviembre,martes,10,-101.199284791946,19.685025880392
18741,18742,2018,AP23840118,2018/11/13,11:35:00,COLISIÓN POR CAMBIO DE CARRIL,ASFALTO,Bueno,Bueno,2,GMC,BLANCO,2,,60,MASCULINO,SIN DATOS,0,0,Morelia,Ana Maria Gallaga (Riviera Norte),noviembre,martes,12,-101.222813129425,19.6768987536018
18743,18744,2018,"181140450",2018/11/13,13:00:00,COLISIÓN POR ALCANCE,CONCRETO,Bueno,Bueno,2,NISSAN,GRIS,2,,69,MASCULINO,SIN DATOS,0,0,Morelia,Ventura Puente,noviembre,martes,13,-101.188051700592,19.692384892981
18744,18745,2018,"181140745",2018/11/13,13:35:00,COLISIÓN POR CAMBIO DE CARRIL,ASFALTO,Bueno,Bueno,2,TOYOTA,ARENA,2,,32,MASCULINO,SIN DATOS,0,0,Morelia,Santiaguito,noviembre,martes,14,-101.188641786575,19.7198026956105
18745,18746,2018,"1811406825",2018/11/13,13:50:00,COLISIÓN POR CORTE DE CIRCULACIÓN,ASFALTO,Bueno,Bueno,2,FIAT,ROJO,2,,28,FEMENINO,SIN DATOS,0,0,Morelia,Chapultepec Norte,noviembre,martes,14,-101.176343858242,19.6960895252586
18746,18747,2018,LEG19402,2018/11/13,13:50:00,COLISIÓN POR CORTE DE CIRCULACIÓN,ASFALTO,Bueno,Bueno,2,ITALIKA,NEGRO/ROJO,2,,30,MASCULINO,SIN DATOS,0,0,Morelia,Barrio Alto,noviembre,martes,14,-101.196291446686,19.7245343034169
18747,18748,2018,"181140803",2018/11/13,14:30:00,COLISIÓN POR ALCANCE,ASFALTO,Bueno,Bueno,2,TOYOTA,GRIS,2,MINISTERIO PÚBLICO,52,MASCULINO,SIN DATOS,0,0,Morelia,Chapultepec Oriente,noviembre,martes,15,-101.160854101181,19.6882937884024
18748,18749,2018,"18141322",2018/11/13,16:00:00,COLISIÓN POR MANIOBRA DE REVERSA,CONCRETO,Bueno,Bueno,2,VOLKWAGEN,GRIS,2,,69,MASCULINO,SIN DATOS,0,0,Morelia,Josefa Ortiz de Dominguez,noviembre,martes,16,-101.209650599227,19.6730054910586
18749,18750,2018,"181141495",2018/11/13,17:20:00,COLISIÓN POR CAMBIO DE CARRIL,ASFALTO,Bueno,Bueno,2,FREIGHTLINER,BLANCO,2,,,MASCULINO,SIN DATOS,0,0,Morelia,Leandro Valle,noviembre,martes,17,-101.228520870209,19.7192623643566
18750,18751,2018,"181142483",2018/11/14,"04:02:00",COLISIÓN POR ALCANCE,ASFALTO,Bueno,Bueno,1,NISSAN,BLANCO,1,,56,MASCULINO,SIN DATOS,0,0,Morelia,Fracc Arkos San Juan,noviembre,miércoles,4,-101.286993026733,19.6899706488476
18751,18752,2018,"181142640",2018/11/14,"07:57:00",COLISIÓN POR CORTE DE CIRCULACIÓN,CONCRETO,Bueno,Bueno,2,CRAYSLER,BLANCO,2,,40,MASCULINO,SIN DATOS,0,0,Morelia,Felix Ireta,noviembre,miércoles,8,-101.195647716522,19.682697392115
18752,18753,2018,"181142734",2018/11/14,"08:50:00",COLISIÓN POR CORTE DE CIRCULACIÓN,CONCRETO,Nublado,Bueno,2,VOLKSWAGEN,VERDE,2,,26,MASCULINO,SIN DATOS,0,0,Morelia,Chapultepec Oriente,noviembre,miércoles,9,-101.159019470215,19.6881725688944
18753,18754,2018,"181142953",2018/11/14,10:15:00,COLISIÓN CON PEATÓN,SIN_DATOS,Bueno,Bueno,2,TOYOTA,BLANCO/MORADO,2,,30,MASCULINO,SIN DATOS,0,0,Morelia,Centro,noviembre,miércoles,10,-101.190444231033,19.7048393898628
18754,18755,2018,"181143172",2018/11/14,10:19:00,COLISIÓN POR ALCANCE,ASFALTO,Nublado,Regular,2,GMC,GRIS,2,,28,MASCULINO,SIN DATOS,0,0,Morelia,Felix Ireta,noviembre,miércoles,10,-101.181560754776,19.6814952525968
18755,18756,2018,"181142846",2018/11/14,10:20:00,COLISIÓN POR CORTE DE CIRCULACIÓN,ASFALTO,Bueno,Bueno,2,FORD,NEGRO,2,,58,MASCULINO,SIN DATOS,0,0,Tarímbaro,Sin datos,noviembre,miércoles,10,-101.173009872437,19.7488314519099
18756,18757,2018,"181143070",2018/11/14,11:00:00,SALIDA DE SUPERFICIE DE RODAMIENTO,CONCRETO,Bueno,Bueno,1,NISSAN,BLANCO,1,,43,MASCULINO,SIN DATOS,0,0,Morelia,Lomas de Santa Maria,noviembre,miércoles,11,-101.179500818253,19.675024758478
18757,18758,2018,"181143140",2018/11/14,11:50:00,COLISIÓN POR CAMBIO DE CARRIL,ASFALTO,Bueno,Bueno,2,MERCEDEZ BENZ,BLANCO,2,,48,MASCULINO,SIN DATOS,0,0,Morelia,Lomas del Tecnologico,noviembre,miércoles,12,-101.188395023346,19.721363081221
18758,18759,2018,"181143248",2018/11/14,12:20:00,COLISIÓN POR CORTE DE CIRCULACIÓN,ASFALTO,Nublado,Regular,2,CHEVROLET,ROJO,2,,23,MASCULINO,SIN DATOS,0,0,Morelia,Nueva Valladolid,noviembre,miércoles,12,-101.211655139923,19.700920317746
18759,18760,2018,"181143455",2018/11/14,12:43:00,COLISIÓN POR ALCANCE,ASFALTO,Bueno,Bueno,2,VOLKSWAGEN,BLANCO,2,,47,MASCULINO,SIN DATOS,0,0,Morelia,Ventura Puente,noviembre,miércoles,13,-101.191908717155,19.6924505518318
18760,18761,2018,"181143245",2018/11/14,12:43:00,COLISIÓN POR CORTE DE CIRCULACIÓN,ASFALTO,Bueno,Bueno,2,TOYOTA,BLANCO/GRIS,2,,47,MASCULINO,SIN DATOS,0,0,Morelia,Felicitas del Rio,noviembre,miércoles,13,-101.200341582298,19.6920363955532
18761,18762,2018,"181143305",2018/11/14,13:00:00,COLISIÓN CONTRA OBJETO FIJO,ASFALTO,Bueno,Bueno,1,CHRYSLER,ARENA,3,,43,FEMENINO,SIN DATOS,2,0,Tarímbaro,Sin datos,noviembre,miércoles,13,-101.167774200439,19.7585654314135
18762,18763,2018,"181141209",2018/11/14,13:12:00,SALIDA DE SUPERFICIE DE RODAMIENTO,ASFALTO,Nublado,Bueno,1,KENWORTH,BLANCO,1,,,MASCULINO,SIN DATOS,0,0,Sin datos,Sin datos,noviembre,miércoles,13,-105.6005859375,20.1178396304916
18763,18764,2018,"181143838",2018/11/14,15:35:00,COLISIÓN POR CAMBIO DE CARRIL,ASFALTO,Bueno,Bueno,2,HONDA,ROJO,2,,35,MASCULINO,SIN DATOS,0,0,Morelia,Vasco de Quiroga,noviembre,miércoles,16,-101.167742013931,19.6967486226304
18764,18765,2018,"181143846",2018/11/14,15:45:00,COLISIÓN POR ALCANCE,ASFALTO,Nublado,Bueno,2,KENWORTH,BLANCO,2,,34,MASCULINO,SIN DATOS,0,0,Morelia,Sentimientos de La Nacion,noviembre,miércoles,16,-101.235387325287,19.6811416804333
18765,18766,2018,"181144030",2018/11/14,17:00:00,COLISIÓN POR CORTE DE CIRCULACIÓN,CONCRETO,Bueno,Bueno,2,NISSAN,NEGRO,1,,32,MASCULINO,SIN DATOS,0,0,Morelia,Eduardo Ruiz,noviembre,miércoles,17,-101.222743391991,19.7233072296804
18766,18767,2018,,2018/11/14,17:45:00,COLISIÓN POR CORTE DE CIRCULACIÓN,ASFALTO,Bueno,Bueno,2,CHEVROLET,BLANCO,2,,48,FEMENINO,SIN DATOS,0,0,Morelia,Cuauhtemoc,noviembre,miércoles,18,-101.187193393707,19.6956501255029
18767,18768,2018,"181144171",2018/11/14,17:50:00,COLISIÓN POR CORTE DE CIRCULACIÓN,ASFALTO,Bueno,Bueno,2,SUZUKI,ROJO,2,,0,MASCULINO,SIN DATOS,0,0,Morelia,Isaac Arriaga,noviembre,miércoles,18,-101.175295114517,19.7061120575807
18768,18769,2018,"181144599",2018/11/14,20:00:00,COLISIÓN POR CAMBIO DE CARRIL,ASFALTO,Bueno,Bueno,2,RENAULT,GRIS,2,,20,MASCULINO,SIN DATOS,0,0,Morelia,Alberto Oviedo Mota,noviembre,miércoles,20,-101.199531555176,19.681262905263
18769,18770,2018,"181144471",2018/11/14,20:05:00,COLISIÓN POR ALCANCE,ASFALTO,Bueno,Bueno,2,VENTO,NEGRO Y ROJO,2,,25,MASCULINO,SIN DATOS,1,0,Morelia,Nicolaitas Ilustres,noviembre,miércoles,20,-101.226933002472,19.7218781566221
18770,18771,2018,"181144649",2018/11/14,21:30:00,COLISIÓN POR CORTE DE CIRCULACIÓN,ASFALTO,Bueno,Bueno,2,VOLKWAGEN,ROJO,2,,30,MASCULINO,ALIENTO ETÍLICO,0,0,Tarímbaro,Sin datos,noviembre,miércoles,22,-101.131489276886,19.7765575929648
18771,18772,2018,"181144755",2018/11/14,22:00:00,COLISIÓN POR ALCANCE,ASFALTO,Bueno,Bueno,2,NISSAN,BLANCO Y NARANJA,2,,49,MASCULINO,ALIENTO ETÍLICO,0,0,Morelia,Irrigacion,noviembre,miércoles,22,-101.225066184998,19.7049201944634
18772,18773,2018,"181144884",2018/11/15,"00:35:00",COLISIÓN POR CAMBIO DE CARRIL,CONCRETO,Bueno,Bueno,2,DODGE,GRIS,2,,40,MASCULINO,ALIENTO ETÍLICO,0,0,Morelia,Ferrocarrilero,noviembre,jueves,1,-101.217523813248,19.6976779200605
18773,18774,2018,"180144170",2018/11/15,"05:40:00",COLISIÓN POR MANIOBRA DE REVERSA,ASFALTO,Bueno,Bueno,2,NISSAN,BLANCO,2,,18,MASCULINO,SIN DATOS,0,0,Morelia,La Quemada,noviembre,jueves,6,-101.238842010498,19.7016677770529
18774,18775,2018,"181145023",2018/11/15,"07:10:00",COLISIÓN POR CORTE DE CIRCULACIÓN,ASFALTO,Nublado,Bueno,2,NISSAN,TITANIO,2,,35,MASCULINO,SIN DATOS,0,0,Morelia,Agustin Arriaga Rivera,noviembre,jueves,7,-101.224529743195,19.6911323189792
18775,18776,2018,"181124625",2018/11/15,"08:09:00",COLISIÓN POR NO RESPETAR SEMÁFORO,ASFALTO,Bueno,Bueno,2,NISSAN,GRIS,2,,55,MASCULINO,SIN DATOS,0,0,Morelia,La Esperanza,noviembre,jueves,8,-101.254420280457,19.6979708496537
18776,18777,2018,"181145165",2018/11/15,"08:40:00",COLISIÓN POR CORTE DE CIRCULACIÓN,ASFALTO,Bueno,Bueno,2,HONDA,GRIS,2,,55,MASCULINO,SIN DATOS,0,0,Morelia,Prados Verdes,noviembre,jueves,9,-101.200829744339,19.7174646135797
18777,18778,2018,"181145185",2018/11/15,"08:54:00",COLISIÓN POR CAMBIO DE CARRIL,ASFALTO,Bueno,Bueno,2,VOLVO,ROJO,2,,35,MASCULINO,SIN DATOS,0,0,Morelia,Tinijaro,noviembre,jueves,9,-101.260632276535,19.6968294313168
18778,18779,2018,"181146920",2018/11/15,"09:00:00",COLISIÓN POR ALCANCE,ASFALTO,Bueno,Bueno,2,NISSAN,GRIS,2,,0,MASCULINO,SIN DATOS,0,0,Morelia,Vasco de Quiroga,noviembre,jueves,9,-101.173492670059,19.6977486272528
18779,18780,2018,"181145252",2018/11/15,"09:10:00",COLISIÓN POR ALCANCE,CONCRETO,Bueno,Bueno,2,DODGE,ROJO,2,,33,FEMENINO,SIN DATOS,0,0,Morelia,Tlalpujahua,noviembre,jueves,9,-101.217813491821,19.675989540376
18780,18781,2018,LEG19433,2018/11/15,10:40:00,COLISIÓN POR ALCANCE,ASFALTO,Bueno,Bueno,2,NISSAN,GRIS,2,,28,MASCULINO,SIN DATOS,0,0,Morelia,Canteras de Morelia,noviembre,jueves,11,-101.172065734863,19.7152224466404
18781,18782,2018,"181145499",2018/11/15,11:50:00,COLISIÓN CONTRA OBJETO FIJO,CONCRETO,Bueno,Bueno,2,NISSAN,BLANCO,2,,0,MASCULINO,SIN DATOS,0,0,Morelia,Nicandro Ortiz (Morelia 1981),noviembre,jueves,12,-101.143923997879,19.755021281486
18782,18783,2018,,2018/11/15,12:40:00,COLISIÓN CON PEATÓN,ASFALTO,Bueno,Bueno,1,ISUZU,BLANCO,1,,32,MASCULINO,SIN DATOS,0,0,Cuitzeo,Centro,noviembre,jueves,13,-101.141703128815,19.9677624204715
18783,18784,2018,"181146665",2018/11/15,14:10:00,COLISIÓN POR NO RESPETAR SEMÁFORO,ASFALTO,Bueno,Bueno,2,NISSAN,BLANCO,2,,52,MASCULINO,SIN DATOS,0,0,Morelia,Avicola Benito Juarez,noviembre,jueves,14,-101.279611587524,19.6916474917309
18784,18785,2018,"181146148",2018/11/15,14:10:00,COLISIÓN POR CAMBIO DE CARRIL,ASFALTO,Bueno,Bueno,2,KENWORTH,ROJO,2,,0,MASCULINO,SIN DATOS,0,0,Morelia,El Realito,noviembre,jueves,14,-101.204316616058,19.7258068143767
18785,18786,2018,"181146271",2018/11/15,14:15:00,COLISIÓN POR CORTE DE CIRCULACIÓN,CONCRETO,Bueno,Bueno,2,RENAULT,BLANCO,2,,18,MASCULINO,SIN DATOS,0,0,Morelia,Centro,noviembre,jueves,14,-101.195250749588,19.6999607364903
18786,18787,2018,"181141186",2018/11/15,14:30:00,COLISIÓN POR CAMBIO DE CARRIL,ASFALTO,Bueno,Bueno,3,NISSAN,AZUL,4,,28,FEMENINO,SIN DATOS,1,0,Morelia,Santa Maria,noviembre,jueves,15,-101.200470328331,19.6778584730762
18787,18788,2018,"181146371",2018/11/15,15:57:00,COLISIÓN POR ALCANCE,ASFALTO,Bueno,Bueno,3,MERCEDES BENZ,VERDE,3,,39,MASCULINO,SIN DATOS,0,0,Tarímbaro,Sin datos,noviembre,jueves,16,-101.131446361542,19.7765172087932
18788,18789,2018,LEG19440,2018/11/15,17:20:00,COLISIÓN POR CAMBIO DE CARRIL,ASFALTO,Bueno,Bueno,2,TOYOTA,BLANCO Y ROS,2,,0,MASCULINO,SIN DATOS,0,0,Morelia,Industrial,noviembre,jueves,17,-101.194059848785,19.7073847151736
18789,18790,2018,"181146650",2018/11/15,17:20:00,COLISIÓN POR CAMBIO DE CARRIL,ASFALTO,Bueno,Bueno,2,VOLKSWAGEN,BLANCO,2,,0,MASCULINO,SIN DATOS,0,0,Morelia,Elias Perez Avalos,noviembre,jueves,17,-101.168656032608,19.7128327627371
18790,18791,2018,"161145101",2018/11/15,17:30:00,COLISIÓN POR CAMBIO DE CARRIL,ASFALTO,Bueno,Bueno,2,INTERNATIONAL,BLANCO Y AZUL,2,,23,MASCULINO,SIN DATOS,0,0,Morelia,Montaña Monarca,noviembre,jueves,18,-101.165413856506,19.6718272984116
18791,18792,2018,"181146848",2018/11/15,18:10:00,COLISIÓN POR CAMBIO DE CARRIL,ASFALTO,Bueno,Bueno,2,CHEVROLET,BLANCO,2,,0,MASCULINO,SIN DATOS,0,0,Morelia,Elias Perez Avalos,noviembre,jueves,18,-101.168568134308,19.7127580467058
18792,18793,2018,"181147101",2018/11/15,18:50:00,COLISIÓN POR CORTE DE CIRCULACIÓN,ASFALTO,Bueno,Bueno,2,CHEVROLET,GRIS,2,,23,MASCULINO,SIN DATOS,0,0,Morelia,El Lago 3,noviembre,jueves,19,-101.221868991852,19.7272711993691
18793,18794,2018,"181146951",2018/11/15,19:09:00,COLISIÓN CONTRA OBJETO FIJO,ASFALTO,Bueno,Bueno,1,BMW,GUINDA,1,MINISTERIO PÚBLICO,28,MASCULINO,SIN DATOS,0,0,Morelia,Montaña Monarca,noviembre,jueves,19,-101.164577007294,19.6658464119701
18794,18795,2018,"181147124",2018/11/15,19:25:00,COLISIÓN POR CAMBIO DE CARRIL,ASFALTO,Bueno,Bueno,2,RENAULT,GRIS,2,,37,FEMENINO,SIN DATOS,0,0,Morelia,Morelia 450,noviembre,jueves,19,-101.217094659805,19.6756157512201
18795,18796,2018,"181145418",2018/11/15,19:50:00,COLISIÓN POR ALCANCE,ASFALTO,Bueno,Bueno,2,NISSAN,AZUL,2,,33,MASCULINO,SIN DATOS,0,0,Morelia,Morelia 450,noviembre,jueves,20,-101.217105388641,19.6757470826445
18796,18797,2018,"181144870",2018/11/15,23:00:00,CAIDA DE MOTOCICLETA,ASFALTO,Bueno,Bueno,1,YAMAHA,BLANCO,2,,30,MASCULINO,SIN DATOS,1,0,Morelia,Ampliacion La Soledad,noviembre,jueves,23,-101.18307352066,19.7374104348082
18797,18798,2018,"181147530",2018/11/15,23:35:00,COLISIÓN POR ALCANCE,ASFALTO,Bueno,Bueno,2,VOLKSWAGEN,BLANCO,2,,29,MASCULINO,ALIENTO ETÍLICO,0,0,Morelia,Isaac Arriaga,noviembre,jueves,0,-101.172409057617,19.7073847151736
18798,18799,2018,"181147695",2018/11/16,"01:42:00",COLISIÓN POR CORTE DE CIRCULACIÓN,ASFALTO,Bueno,Bueno,1,CHEVROLET,GRIS,1,,0,MASCULINO,SIN DATOS,0,0,Morelia,Lomas del Tecnologico,noviembre,viernes,2,-101.193244457245,19.7234839692767
18799,18800,2018,,2018/11/16,"04:50:00",COLISIÓN POR NO RESPETAR SEMÁFORO,ASFALTO,Bueno,Bueno,2,CHEVROLET,BLANCO/AZUL,2,MINISTERIO PÚBLICO,18,MASCULINO,SIN DATOS,0,0,Lázaro Cárdenas,Segundo Sector de Fidelac,noviembre,viernes,5,-102.202677726746,17.9615471079161
18800,18801,2018,"181147842",2018/11/16,"07:53:00",COLISIÓN POR CAMBIO DE CARRIL,ASFALTO,Bueno,Bueno,2,SUZUKI,ROJO,2,,30,FEMENINO,SIN DATOS,0,0,Morelia,Felix Ireta,noviembre,viernes,8,-101.190798282623,19.687869519723
18801,18802,2018,,2018/11/16,"08:10:00",CAIDA DE MOTOCICLETA,ASFALTO,Bueno,Bueno,1,HONDA,ROJO,2,,38,MASCULINO,SIN DATOS,1,0,Morelia,Central de Abastos,noviembre,viernes,8,-101.165944933891,19.715636542902
18802,18803,2018,"181148039",2018/11/16,"09:50:00",COLISIÓN POR ALCANCE,ASFALTO,Bueno,Bueno,2,VOLKSWAGEN,ROJO,2,,22,MASCULINO,SIN DATOS,0,0,Morelia,La Calera,noviembre,viernes,10,-101.235848665237,19.6717464771094
18803,18804,2018,"181148191",2018/11/16,10:05:00,COLISIÓN POR CORTE DE CIRCULACIÓN,ASFALTO,Bueno,Bueno,2,VOLVO,BLANCO,2,,36,MASCULINO,SIN DATOS,0,0,Morelia,La Calera,noviembre,viernes,10,-101.235355138779,19.6808285158653
18804,18805,2018,,2018/11/16,10:30:00,COLISIÓN POR CORTE DE CIRCULACIÓN,ASFALTO,Bueno,Bueno,1,FREIGHTLINER,BLANCO,1,,0,,SIN DATOS,0,0,Zinapécuaro,Sin datos,noviembre,viernes,11,-100.93843460083,19.8784545822821
18805,18806,2018,"181148287",2018/11/16,11:00:00,COLISIÓN POR CORTE DE CIRCULACIÓN,ASFALTO,Bueno,Bueno,2,MAZDA,BLANCO,2,,36,MASCULINO,SIN DATOS,0,0,Morelia,Felix Ireta,noviembre,viernes,11,-101.195690631866,19.6826569842105
18806,18807,2018,,2018/11/16,12:00:00,COLISIÓN CONTRA OBJETO FIJO,ASFALTO,Bueno,Bueno,1,VOLKSWAGEN,GRIS,0,,,,,0,0,Sin datos,Sin datos,noviembre,viernes,12,-104.853515625,20.2003460064938
18807,18808,2018,LEG19470,2018/11/16,12:15:00,COLISIÓN CON PEATÓN,ASFALTO,Bueno,Bueno,1,CHEVROLET,BLANCO,1,MINISTERIO PÚBLICO,,,,1,0,Morelia,Felix Ireta,noviembre,viernes,12,-101.18149638176,19.6816063751156
18808,18809,2018,,2018/11/16,12:15:00,COLISIÓN POR CORTE DE CIRCULACIÓN,ASFALTO,Bueno,Bueno,2,FORD,VERDE,2,,53,MASCULINO,SIN DATOS,0,0,Zamora,Sin datos,noviembre,viernes,12,-102.28099822998,20.0184358067084
18809,18810,2018,,2018/11/16,13:15:00,SALIDA DE SUPERFICIE DE RODAMIENTO,ASFALTO,Bueno,Bueno,1,CHEVROLET,CAFE,0,,,,,0,0,Charo,La Goleta,noviembre,viernes,13,-101.08328461647,19.7373801392467
18810,18811,2018,"181148775",2018/11/16,13:50:00,COLISIÓN POR CORTE DE CIRCULACIÓN,ASFALTO,Bueno,Bueno,2,TOYOTA,BLANCO/GRIS,2,,32,MASCULINO,SIN DATOS,0,0,Morelia,Indeco Expropiacion Petrolera,noviembre,viernes,14,-101.227501630783,19.683677280678