fid,id_accidente,anio_origen,folio_c5i,dia_incidente,hora_ocurrencia,tipo_incidente_vial,superficie_ocurrencia,condiciones_climaticas,condiciones_via,numero_vehiculos_involucrados,marca_vehiculo_ocasiona_siniestro,color_vehiculo_ocasiona_siniestro,numero_personas_involucradas,lugar_remite_presunto_responsable,edad_presunto_responsable,sexo_presunto_responsable,resultados_toxicologia,numero_personas_lesionadas,numero_personas_fallecidas,municipio,colonia,mes,dia_semana,hora_redondeada,lon,lat
18811,18812,2018,"181148457",2018/11/16,14:05:00,COLISIÓN CONTRA OBJETO FIJO,ASFALTO,Bueno,Bueno,1,JEEP,PLATA,1,,19,MASCULINO,SIN DATOS,0,0,Morelia,Tenencia Morelos,noviembre,viernes,14,-101.247231960297,19.6494584483511
18813,18814,2018,"181149310",2018/11/16,14:55:00,COLISIÓN POR CAMBIO DE CARRIL,ASFALTO,Bueno,Bueno,2,MERCEDEZ BENZ,BLANCO/ROJO,2,,39,MASCULINO,SIN DATOS,0,0,Morelia,Felix Ireta,noviembre,viernes,15,-101.191656589508,19.6825761683709
18814,18815,2018,LEG19465,2018/11/16,15:00:00,COLISIÓN POR CAMBIO DE CARRIL,ASFALTO,Bueno,Bueno,2,VOLKSWAGEN,AZUL,2,,38,MASCULINO,SIN DATOS,0,0,Morelia,Isaac Arriaga,noviembre,viernes,15,-101.16635799408,19.7101926064271
18815,18816,2018,"1811149398",2018/11/16,15:45:00,COLISIÓN CON PEATÓN,ASFALTO,Bueno,Bueno,2,CHRYSLER,BLANCO,2,,40,MASCULINO,SIN DATOS,0,0,Morelia,Las Americas,noviembre,viernes,16,-101.153461933136,19.6874452499194
18816,18817,2018,"181149316",2018/11/16,17:05:00,COLISIÓN POR CAMBIO DE CARRIL,ASFALTO,Bueno,Bueno,2,VOLKSWAGEN,BLANCO,2,,41,FEMENINO,SIN DATOS,0,0,Morelia,Rinconada del Valle,noviembre,viernes,17,-101.218703985214,19.6789293111774
18817,18818,2018,"181149559",2018/11/16,17:15:00,COLISIÓN POR ALCANCE,ASFALTO,Bueno,Bueno,3,FIAT,GRIS PLATINO,3,,33,MASCULINO,SIN DATOS,0,0,Morelia,Reforma,noviembre,viernes,17,-101.238820552826,19.7067079858094
18818,18819,2018,"181149099",2018/11/16,17:45:00,COLISIÓN POR CAMBIO DE CARRIL,ASFALTO,Bueno,Bueno,2,HINO,BLANCO,2,,35,MASCULINO,SIN DATOS,0,0,Morelia,Isaac Arriaga,noviembre,viernes,18,-101.17152929306,19.7078493336765
18819,18820,2018,"181149750",2018/11/16,18:25:00,COLISIÓN POR CAMBIO DE CARRIL,ASFALTO,Bueno,Bueno,2,FORD,ROJO,2,,32,FEMENINO,SIN DATOS,0,0,Morelia,Villas del Real,noviembre,viernes,18,-101.198694705963,19.7342394681904
18820,18821,2018,,2018/11/16,18:50:00,SALIDA DE SUPERFICIE DE RODAMIENTO,ASFALTO,Bueno,Bueno,1,KENWORTH,ROJO/BLANCO,1,MINISTERIO PÚBLICO,66,MASCULINO,SIN DATOS,0,0,Zacapu,Villa Guzman,noviembre,viernes,19,-101.782150268555,19.8075696132123
18821,18822,2018,,2018/11/16,19:20:00,COLISIÓN POR NO RESPETAR SEMÁFORO,ASFALTO,Bueno,Bueno,2,SIN,SIN,2,MINISTERIO PÚBLICO,,,SIN DATOS,0,0,Apatzingán,Centro,noviembre,viernes,19,-102.350457,19.087946
18822,18823,2018,"181149843",2018/11/16,19:35:00,COLISIÓN POR CAMBIO DE CARRIL,ASFALTO,Bueno,Bueno,2,JEEP,ROJO,2,,22,MASCULINO,SIN DATOS,0,0,Morelia,Chapultepec Oriente,noviembre,viernes,20,-101.159019470215,19.6882331786599
18823,18824,2018,"181150049",2018/11/16,20:45:00,COLISIÓN POR CAMBIO DE CARRIL,ASFALTO,Bueno,Bueno,2,NISSAN,ARENA,2,,45,FEMENINO,SIN DATOS,0,0,Morelia,Chapultepec Oriente,noviembre,viernes,21,-101.15963101387,19.6916575931408
18824,18825,2018,,2018/11/16,20:45:00,COLISIÓN POR CAMBIO DE CARRIL,ASFALTO,Bueno,Bueno,2,JEEP,ROJO,2,,24,MASCULINO,ALIENTO ETÍLICO,0,0,Zitácuaro,Sin datos,noviembre,viernes,21,-100.358047485352,19.4797823498016
18825,18826,2018,"181149949",2018/11/16,20:54:00,COLISIÓN POR CAMBIO DE CARRIL,ASFALTO,Bueno,Bueno,2,INTERNATIONAL,BLANCO/NARANJA,2,,0,MASCULINO,SIN DATOS,0,0,Morelia,Irrigacion,noviembre,viernes,21,-101.225109100342,19.7048999933171
18826,18827,2018,"181150225",2018/11/16,20:54:00,COLISIÓN POR CORTE DE CIRCULACIÓN,ASFALTO,Bueno,Bueno,2,RENAULT,BLANCO,2,,23,MASCULINO,SIN DATOS,0,0,Morelia,Dr Miguel Silva,noviembre,viernes,21,-101.188523769379,19.7133943503263
18827,18828,2018,,2018/11/16,21:20:00,COLISIÓN POR CORTE DE CIRCULACIÓN,ASFALTO,Bueno,Bueno,1,CHEVROLET,ROJO,1,,0,MASCULINO,SIN DATOS,0,0,Acuitzio,Centro,noviembre,viernes,21,-101.334044337273,19.4957021193933
18828,18829,2018,,2018/11/16,21:30:00,VOLCADURA,TERRACERIA,Bueno,Malo,1,DODGE,NEGRO,1,,22,FEMENINO,SIN DATOS,0,0,Apatzingán,Zona Industrial,noviembre,viernes,22,-102.327690124512,19.0621990076619
18829,18830,2018,"181150409",2018/11/16,22:30:00,COLISIÓN POR CORTE DE CIRCULACIÓN,ASFALTO,Bueno,Bueno,2,SIN DATOS,ROJO,2,,0,,SIN DATOS,0,0,Morelia,Ampliacion La Soledad,noviembre,viernes,23,-101.180723905563,19.7376023065643
18830,18831,2018,"181150427",2018/11/16,22:30:00,COLISIÓN POR ALCANCE,ASFALTO,Bueno,Bueno,2,FORD,AMARILLO,2,,32,MASCULINO,ALIENTO ETÍLICO,0,0,Morelia,Centro,noviembre,viernes,23,-101.200196743011,19.703112181766
18831,18832,2018,"181150206",2018/11/16,23:30:00,COLISIÓN POR MANIOBRA DE REVERSA,CONCRETO,Bueno,Bueno,2,NISSAN,BLANCO,2,MINISTERIO PÚBLICO,26,MASCULINO,SIN DATOS,0,0,Morelia,Adolfo Lopez Mateos,noviembre,viernes,0,-101.226017698646,19.6996046798765
18832,18833,2018,,2018/11/17,"04:00:00",COLISIÓN CONTRA OBJETO FIJO,ASFALTO,Bueno,Bueno,1,CHEVROLET,BLANCO,1,,37,MASCULINO,ALIENTO ETÍLICO,0,0,Morelia,Tzindurio Norte,noviembre,sábado,4,-101.246441635493,19.7056971798273
18833,18834,2018,"18116782",2018/11/17,"06:45:00",COLISIÓN POR CORTE DE CIRCULACIÓN,ASFALTO,Bueno,Bueno,2,FUGA,SIN DATOS,2,,0,,SIN DATOS,0,0,Morelia,Tierra Y Libertad,noviembre,sábado,7,-101.230355501175,19.7156870423727
18834,18835,2018,"181150868",2018/11/17,"08:30:00",COLISIÓN CONTRA OBJETO FIJO,ASFALTO,Bueno,Bueno,1,CHRYSLER,VERDE,1,,0,,SIN DATOS,0,0,Morelia,Independencia,noviembre,sábado,9,-101.177880764008,19.7193936599695
18835,18836,2018,"181152553",2018/11/17,"08:49:00",COLISIÓN POR ALCANCE,ASFALTO,Bueno,Bueno,2,NISSAN,GRIS,2,,18,MASCULINO,SIN DATOS,0,0,Morelia,Campestre Los Manantiales,noviembre,sábado,9,-101.239668130875,19.6910666595878
18836,18837,2018,"181162823",2018/11/17,"09:51:00",COLISIÓN POR CAMBIO DE CARRIL,ASFALTO,Bueno,Bueno,2,FORD,GRIS,2,MINISTERIO PÚBLICO,0,MASCULINO,SIN DATOS,0,0,Morelia,Alberto Oviedo Mota,noviembre,sábado,10,-101.195948123932,19.6826569842105
18837,18838,2018,"1811751123",2018/11/17,10:31:00,COLISIÓN POR CAMBIO DE CARRIL,ASFALTO,Bueno,Bueno,2,INTERNATIONAL,BLANCO,2,,36,MASCULINO,SIN DATOS,0,0,Morelia,Los Manantiales de Morelia,noviembre,sábado,11,-101.240236759186,19.6927838963509
18838,18839,2018,LEG19493,2018/11/17,11:10:00,CAIDA DE MOTOCICLETA,ASFALTO,Bueno,Bueno,1,HONDA,ROJO,1,,28,MASCULINO,SIN DATOS,0,0,Morelia,El Lago 1,noviembre,sábado,11,-101.219294071197,19.7276448678731
18839,18840,2018,"181151344",2018/11/17,11:20:00,COLISIÓN POR CAMBIO DE CARRIL,ASFALTO,Bueno,Bueno,2,HONDA,BLANCO,2,,51,MASCULINO,SIN DATOS,0,0,Morelia,El Lago 1,noviembre,sábado,11,-101.217883229256,19.7274731824528
18840,18841,2018,"181151749",2018/11/17,13:00:00,COLISIÓN CON PEATÓN,CONCRETO,Bueno,Bueno,2,NISSAN,BLANCO,2,,53,MASCULINO,SIN DATOS,0,0,Morelia,Primaveras,noviembre,sábado,13,-101.225720643997,19.678696960122
18841,18842,2018,"181151713",2018/11/17,13:20:00,COLISIÓN POR CAMBIO DE CARRIL,ASFALTO,Bueno,Bueno,2,KENWORTH,BLANCO,2,,0,MASCULINO,SIN DATOS,0,0,Morelia,Lazaro Cardenas,noviembre,sábado,13,-101.165370941162,19.7103340097188
18842,18843,2018,"181151149",2018/11/17,13:50:00,COLISIÓN POR CORTE DE CIRCULACIÓN,ASFALTO,Bueno,Bueno,2,NISSAN,BLANCO/AZUL,2,,51,MASCULINO,SIN DATOS,0,0,Morelia,Centro,noviembre,sábado,14,-101.196366548538,19.697253676251
18843,18844,2018,"181152242",2018/11/17,15:20:00,COLISIÓN POR CAMBIO DE CARRIL,CONCRETO,Bueno,Bueno,2,MITSUBISHI,GRIS,2,,0,FEMENINO,SIN DATOS,0,0,Morelia,Elias Perez Avalos,noviembre,sábado,15,-101.165843009949,19.7105360142044
18844,18845,2018,"181152272",2018/11/17,15:20:00,COLISIÓN POR CORTE DE CIRCULACIÓN,CONCRETO,Bueno,Bueno,2,NISSAN,BLANCO/CAFE,2,,36,MASCULINO,SIN DATOS,0,0,Morelia,Cuauhtemoc,noviembre,sábado,15,-101.180933117867,19.6951223391442
18845,18846,2018,"181152215",2018/11/17,16:00:00,VOLCADURA,ASFALTO,Bueno,Bueno,1,CHRYSLER,GRIS,1,,23,MASCULINO,SIN DATOS,0,0,Morelia,Lomas de Las Americas Sur,noviembre,sábado,16,-101.1470246315,19.6943546467886
18846,18847,2018,"181152722",2018/11/17,18:00:00,COLISIÓN POR ALCANCE,ASFALTO,Bueno,Bueno,2,CHEVROLET,BLANCO,2,MINISTERIO PÚBLICO,30,MASCULINO,SIN DATOS,0,0,Morelia,Alberto Oviedo Mota,noviembre,sábado,18,-101.201956272125,19.6780504162812
18847,18848,2018,"181152900",2018/11/17,19:00:00,COLISIÓN POR ALCANCE,ASFALTO,Bueno,Bueno,2,NISSAN,ROJO,2,,24,MASCULINO,SIN DATOS,0,0,Morelia,Las Americas,noviembre,sábado,19,-101.153665781021,19.687566469978
18848,18849,2018,"181153017",2018/11/17,19:10:00,COLISIÓN POR ALCANCE,ASFALTO,Bueno,Bueno,2,VOLKSWAGEN,ROJO,2,,19,MASCULINO,SIN DATOS,0,0,Morelia,Nicolaitas Ilustres,noviembre,sábado,19,-101.228263378143,19.7195653540697
18849,18850,2018,"181153107",2018/11/17,19:15:00,COLISIÓN CON PEATÓN,ASFALTO,Bueno,Bueno,2,KAWASAKI,AMARILLO,2,,41,MASCULINO,ALIENTO ETÍLICO,0,0,Morelia,Chapultepec Oriente,noviembre,sábado,19,-101.159019470215,19.6883341948847
18850,18851,2018,"181121132",2018/11/17,19:15:00,COLISIÓN POR CORTE DE CIRCULACIÓN,ASFALTO,Bueno,Bueno,2,CHEVROLET,NEGRO,2,,30,MASCULINO,SIN DATOS,0,0,Morelia,Villas del Pedregal,noviembre,sábado,19,-101.307978630066,19.6795354427794
18851,18852,2018,"181153086",2018/11/17,20:19:00,COLISIÓN POR ALCANCE,ASFALTO,Bueno,Bueno,2,NISSAN,PLATA,2,,29,MASCULINO,SIN DATOS,0,0,Morelia,Tinijaro,noviembre,sábado,20,-101.264462471008,19.6963344774723
18852,18853,2018,LEG19496,2018/11/17,20:30:00,COLISIÓN CON PEATÓN,ASFALTO,Bueno,Bueno,2,TOYOTA,AZUL,2,,47,MASCULINO,SIN DATOS,0,0,Morelia,Santiaguito,noviembre,sábado,21,-101.188695430756,19.719888542464
18853,18854,2018,"1811533321",2018/11/17,20:47:00,COLISIÓN POR ALCANCE,ASFALTO,Bueno,Bueno,2,CHRYSLER,ROJO,2,,22,MASCULINO,SIN DATOS,0,0,Morelia,Las Americas,noviembre,sábado,21,-101.159040927887,19.6880715525677
18854,18855,2018,"181153048",2018/11/17,23:15:00,COLISIÓN CONTRA OBJETO FIJO,ASFALTO,Bueno,Bueno,2,CHEVROLET,GRIS,2,,28,MASCULINO,SIN DATOS,0,0,Morelia,Chapultepec Oriente,noviembre,sábado,23,-101.160500049591,19.6882735851575
18855,18856,2018,,2018/11/18,"01:30:00",VOLCADURA,ASFALTO,Bueno,Bueno,1,NISSAN,BLANCO,1,,39,MASCULINO,SIN DATOS,0,0,Sin datos,Sin datos,noviembre,domingo,2,-103.0517578125,19.7253422480579
18856,18857,2018,"181153661",2018/11/18,"01:40:00",COLISIÓN POR CORTE DE CIRCULACIÓN,CONCRETO,Bueno,Bueno,2,SIN DATOS,SIN DATOS,2,,0,,SIN DATOS,0,0,Morelia,Colinas del Sur,noviembre,domingo,2,-101.20104432106,19.6655029083377
18857,18858,2018,"181153702",2018/11/18,"02:00:00",COLISIÓN CONTRA OBJETO FIJO,ASFALTO,Bueno,Bueno,1,RAM,BLANCO,1,,33,FEMENINO,SIN DATOS,0,0,Morelia,Sin datos,noviembre,domingo,2,-101.167752742767,19.6558643005345
18859,18860,2018,"181153855",2018/11/18,"05:00:00",COLISIÓN CONTRA OBJETO FIJO,CONCRETO,Bueno,Bueno,1,MERCEDEZ BENZ,BLANCO,0,,,,,0,0,Morelia,Villa de Santa Maria,noviembre,domingo,5,-101.167645454407,19.6563290685008
18860,18861,2018,"181153894",2018/11/18,"05:05:00",SUBIDA AL CAMELLÓN,ASFALTO,Bueno,Bueno,1,HONDA,ROJO,1,,0,MASCULINO,SIN DATOS,0,0,Morelia,Nueva Jacarndas,noviembre,domingo,5,-101.187354326248,19.68113157836
18861,18862,2018,"181153877",2018/11/18,"05:10:00",VOLCADURA,ASFALTO,Bueno,Bueno,1,NISSAN,GRIS,1,,27,MASCULINO,SIN DATOS,0,0,Morelia,Tlalpujahua,noviembre,domingo,5,-101.217834949493,19.6762117929743
18862,18863,2018,"181153871",2018/11/18,"05:45:00",VOLCADURA,ASFALTO,Bueno,Bueno,1,SEAT,BLANCO,1,,0,,SIN DATOS,0,0,Morelia,2 de Octubre,noviembre,domingo,6,-101.386857032776,19.6674426838987
18863,18864,2018,"181154353",2018/11/18,11:20:00,COLISIÓN POR CORTE DE CIRCULACIÓN,ASFALTO,Bueno,Bueno,2,NISSAN,NEGRO,2,,52,MASCULINO,SIN DATOS,0,0,Morelia,Vasco de Quiroga,noviembre,domingo,11,-101.171025037766,19.7025768444771
18864,18865,2018,"181154385",2018/11/18,11:25:00,COLISIÓN POR ALCANCE,ASFALTO,Bueno,Bueno,2,SEAT,ROJO,2,,24,MASCULINO,SIN DATOS,0,0,Morelia,Tierra Y Libertad,noviembre,domingo,11,-101.230430603027,19.7158688403353
18865,18866,2018,"181155130",2018/11/18,15:15:00,COLISIÓN POR CAMBIO DE CARRIL,ASFALTO,Bueno,Bueno,2,SEAT,BLANCO,2,,43,MASCULINO,SIN DATOS,0,0,Morelia,Infonavit Cepamisa,noviembre,domingo,15,-101.21656358242,19.6967486226304
18866,18867,2018,"181155052",2018/11/18,16:20:00,COLISIÓN CONTRA OBJETO FIJO,ASFALTO,Bueno,Bueno,1,NISSAN,GRIS,1,,48,MASCULINO,SIN DATOS,0,0,Morelia,Bonanza,noviembre,domingo,16,-101.202170848846,19.657955745778
18867,18868,2018,"181155616",2018/11/18,18:10:00,COLISIÓN POR MANIOBRA DE REVERSA,ASFALTO,Bueno,Bueno,2,NISSAN,AZUL,2,,55,MASCULINO,SIN DATOS,0,0,Morelia,Ventura Puente,noviembre,domingo,18,-101.192193031311,19.6950112260048
18868,18869,2018,"181155576",2018/11/18,18:25:00,CAIDA DE MOTOCICLETA,ASFALTO,Bueno,Bueno,2,ITALIKA,VERDE,2,MINISTERIO PÚBLICO,,MASCULINO,SIN DATOS,1,0,Morelia,Prados Verdes,noviembre,domingo,18,-101.196532845497,19.7165467934144
18870,18871,2018,"181155916",2018/11/18,20:20:00,COLISIÓN POR CORTE DE CIRCULACIÓN,ASFALTO,Bueno,Bueno,2,FORD,BLANCO,2,,28,MASCULINO,SIN DATOS,0,0,Morelia,Lomas de Huerta,noviembre,domingo,20,-101.210153102875,19.6723728411358
18871,18872,2018,"181156167",2018/11/18,21:30:00,COLISIÓN CONTRA OBJETO FIJO,CONCRETO,Bueno,Bueno,1,FORD,ROJO,0,,,,,0,0,Morelia,Sin datos,noviembre,domingo,22,-101.167742013931,19.6559350261815
18872,18873,2018,,2018/11/18,22:00:00,CAIDA ACUATICA DE VEHÍCULO,ASFALTO,Bueno,Bueno,1,VOLKSWAGEN,PLATA,1,MINISTERIO PÚBLICO,0,,SIN DATOS,0,0,Morelia,Sin datos,noviembre,domingo,22,-101.348834037781,19.5442811061927
18873,18874,2018,"181156575",2018/11/19,"04:18:00",COLISIÓN POR ALCANCE,ASFALTO,Bueno,Bueno,2,VOLKSWAGEN,GRIS PLATA,2,,38,MASCULINO,SIN DATOS,0,0,Morelia,Agustin Arriaga Rivera,noviembre,lunes,4,-101.224561929703,19.6911121160923
18874,18875,2018,"181157122",2018/11/19,11:05:00,COLISIÓN POR CAMBIO DE CARRIL,ASFALTO,Bueno,Bueno,2,VOLKSWAGEN,AZUL,2,,31,MASCULINO,SIN DATOS,0,0,Morelia,La Colina,noviembre,lunes,11,-101.214208602905,19.7056423837684
18875,18876,2018,,2018/11/19,11:10:00,COLISIÓN POR ALCANCE,ASFALTO,Bueno,Bueno,2,NISSAN,BLANCO,2,,0,MASCULINO,SIN DATOS,0,0,Álvaro Obregón,Singuio,noviembre,lunes,11,-101.052321195602,19.8138782851622
18876,18877,2018,"181157360",2018/11/19,12:05:00,COLISIÓN POR CAMBIO DE CARRIL,ASFALTO,Bueno,Bueno,2,TOYOTA,BLANCO Y VERDE,2,,25,MASCULINO,SIN DATOS,0,0,Morelia,Ferrocarrilero,noviembre,lunes,12,-101.212813854218,19.7019404978224
18877,18878,2018,"181157343",2018/11/19,12:25:00,COLISIÓN POR ALCANCE,SIN_DATOS,Bueno,Bueno,2,CHEVROLET,ROJO,2,,60,MASCULINO,SIN DATOS,0,0,Morelia,Rafael Carrillo,noviembre,lunes,12,-101.233563423157,19.7120914401973
18878,18879,2018,"1811576339",2018/11/19,13:30:00,COLISIÓN POR CORTE DE CIRCULACIÓN,ASFALTO,Bueno,Bueno,2,VOLKSWAGEN,GRIS,2,,26,MASCULINO,SIN DATOS,0,0,Morelia,Los Manantiales de Morelia,noviembre,lunes,14,-101.241352558136,19.6954960827742
18879,18880,2018,"181157765",2018/11/19,15:00:00,COLISIÓN POR CORTE DE CIRCULACIÓN,ASFALTO,Bueno,Bueno,2,SUZUKI,NEGRO Y ROJO,1,MINISTERIO PÚBLICO,,,,1,0,Morelia,Los Angeles,noviembre,lunes,15,-101.177290678024,19.7402884869424
18880,18881,2018,"1811588343",2018/11/19,17:15:00,COLISIÓN POR CAMBIO DE CARRIL,ASFALTO,Bueno,Bueno,2,NISSAN,ROJO,2,,50,MASCULINO,SIN DATOS,0,0,Morelia,Sentimientos de La Nacion,noviembre,lunes,17,-101.23197555542,19.6778079616682
18881,18882,2018,"181158632",2018/11/19,19:20:00,COLISIÓN POR ALCANCE,ASFALTO,Bueno,Bueno,2,JEEP,ROJO,2,,25,MASCULINO,SIN DATOS,0,0,Morelia,Gertrudis Bocanegra,noviembre,lunes,19,-101.208638234573,19.7047049136602
18882,18883,2018,"181158775",2018/11/19,21:00:00,COLISIÓN POR CORTE DE CIRCULACIÓN,SIN_DATOS,Bueno,Bueno,1,S/D,S/D,1,,,,,0,1,Morelia,Ciudad Industrial,noviembre,lunes,21,-101.14296913147,19.7253422480579
18883,18884,2018,"181158975",2018/11/19,21:07:00,COLISIÓN POR ALCANCE,ASFALTO,Bueno,Bueno,2,SEAT,BLANCO,2,,40,FEMENINO,SIN DATOS,0,0,Morelia,Quinceo,noviembre,lunes,21,-101.224207878113,19.7253018509229
18884,18885,2018,LEG19525,2018/11/19,22:30:00,COLISIÓN POR INVASIÓN DE CARRIL,ASFALTO,Bueno,Bueno,2,DODGE,BLANCO,1,MINISTERIO PÚBLICO,47,MASCULINO,SIN DATOS,0,0,Morelia,Fuentes de Valladolid,noviembre,lunes,23,-101.222501993179,19.6705088958285
18885,18886,2018,"181159127",2018/11/19,22:37:00,CAIDA DE MOTOCICLETA,ASFALTO,Bueno,Bueno,1,PULSAR,NEGRO,2,,30,MASCULINO,SIN DATOS,1,0,Morelia,Arboledas de La Huerta,noviembre,lunes,23,-101.223521232605,19.6684630772468
18886,18887,2018,"181159178",2018/11/19,22:45:00,COLISIÓN POR ALCANCE,ASFALTO,Bueno,Bueno,2,NISSAN,GRIS,2,,68,MASCULINO,SIN DATOS,0,0,Charo,Sin datos,noviembre,lunes,23,-101.042633056641,19.6231857180365
18887,18888,2018,"181153998",2018/11/20,"00:05:00",COLISIÓN CONTRA OBJETO FIJO,ASFALTO,Bueno,Bueno,1,CHEVROLET,AZUL,1,,18,MASCULINO,SIN DATOS,0,0,Morelia,Felicitas del Rio,noviembre,martes,0,-101.196527481079,19.6892231349149
18889,18890,2018,"181159687",2018/11/20,"09:30:00",COLISIÓN POR CORTE DE CIRCULACIÓN,ASFALTO,Bueno,Bueno,2,FORD,BLANCO,2,MINISTERIO PÚBLICO,38,FEMENINO,SIN DATOS,0,0,Morelia,Nueva Esperanza,noviembre,martes,10,-101.250675916672,19.6880513492947
18890,18891,2018,,2018/11/20,"09:30:00",SALIDA DE SUPERFICIE DE RODAMIENTO,TERRACERIA,Bueno,Bueno,1,FORD,BLANCO,1,,,,,0,1,Indaparapeo,La Cajita,noviembre,martes,10,-100.980663299561,19.7880262834436
18891,18892,2018,,2018/11/20,10:00:00,VOLCADURA,ASFALTO,Bueno,Bueno,1,CHEVROLET,ROJO,1,,43,MASCULINO,SIN DATOS,0,0,Santa Ana Maya,Sin datos,noviembre,martes,10,-101.03199005127,20.0165406374433
18892,18893,2018,"181159791",2018/11/20,10:30:00,COLISIÓN POR CAMBIO DE CARRIL,ASFALTO,Bueno,Bueno,2,FREIGHTLINER,BLANCO Y AZUL,2,,38,MASCULINO,SIN DATOS,0,0,Morelia,Villas Oriente,noviembre,martes,11,-101.144192218781,19.7545467027261
18894,18895,2018,"181160022",2018/11/20,11:43:00,COLISIÓN POR CAMBIO DE CARRIL,ADOQUIN_EMPEDRADO,Bueno,Bueno,2,NISSAN,BLANCO Y GUINDA,2,,34,MASCULINO,SIN DATOS,0,0,Morelia,Centro,noviembre,martes,12,-101.194392442703,19.6967132688173
18895,18896,2018,,2018/11/20,12:20:00,COLISIÓN POR INVASIÓN DE CARRIL,ASFALTO,Bueno,Bueno,2,VOLKSWAGEN,GRIS,3,MINISTERIO PÚBLICO,48,MASCULINO,SIN DATOS,1,0,Lázaro Cárdenas,Segundo Sector de Fidelac,noviembre,martes,12,-102.206593751907,17.9615062841025
18896,18897,2018,,2018/11/20,12:30:00,COLISIÓN POR INVASIÓN DE CARRIL,ASFALTO,Bueno,Bueno,2,FORD,BLANCO,0,MINISTERIO PÚBLICO,,,,0,0,Coeneo,Coeneo de La Libertad,noviembre,martes,13,-101.582593917847,19.8323183597209
18897,18898,2018,,2018/11/20,12:32:00,COLISIÓN CONTRA OBJETO FIJO,ASFALTO,Bueno,Bueno,2,INTERNACIONAL,BLANCO,1,MINISTERIO PÚBLICO,56,MASCULINO,SIN DATOS,0,0,Paracho,2 de Septiembre,noviembre,martes,13,-102.058439254761,19.6345037288545
18898,18899,2018,,2018/11/20,12:32:00,COLISIÓN CON PEATÓN,ASFALTO,Bueno,Bueno,1,INTERNACIONAL,BLANCO,1,,0,MASCULINO,SIN DATOS,0,0,Paracho,2 de Septiembre,noviembre,martes,13,-102.05792427063,19.6349887686406
18899,18900,2018,,2018/11/20,12:32:00,COLISIÓN POR CAMBIO DE CARRIL,ASFALTO,Bueno,Bueno,2,INTERNATIONAL,BLANCO,1,MINISTERIO PÚBLICO,56,,SIN DATOS,0,0,Paracho,Centro,noviembre,martes,13,-102.04779624939,19.647922622438
18900,18901,2018,"181160618",2018/11/20,14:10:00,COLISIÓN POR ALCANCE,ASFALTO,Bueno,Bueno,2,SUZUKI,NRGRO,2,,23,MASCULINO,SIN DATOS,0,0,Morelia,Las Americas,noviembre,martes,14,-101.156530380249,19.687869519723
18901,18902,2018,"181160537",2018/11/20,14:10:00,COLISIÓN POR CORTE DE CIRCULACIÓN,ASFALTO,Bueno,Bueno,2,TOYOTA,BLANCO,2,,,MASCULINO,SIN DATOS,0,0,Morelia,Nueva Valladolid,noviembre,martes,14,-101.211558580399,19.7000011400276
18902,18903,2018,"181160596",2018/11/20,14:30:00,COLISIÓN POR CORTE DE CIRCULACIÓN,ASFALTO,Bueno,Bueno,2,NISSAN,VERDE,2,,61,MASCULINO,SIN DATOS,0,0,Morelia,Tlalpujahua,noviembre,martes,15,-101.217609643936,19.6758683115561
18903,18904,2018,"181160890",2018/11/20,15:30:00,COLISIÓN POR MANIOBRA DE REVERSA,ASFALTO,Bueno,Bueno,2,NISSAN,AZUL,2,,41,FEMENINO,SIN DATOS,0,0,Morelia,Chapultepec Norte,noviembre,martes,16,-101.168385744095,19.696021342617
18904,18905,2018,"181161047",2018/11/20,15:40:00,COLISIÓN POR ALCANCE,CONCRETO,Bueno,Bueno,4,FORD,GRIS,4,,,MASCULINO,SIN DATOS,0,0,Morelia,Elias Perez Avalos,noviembre,martes,16,-101.169415712357,19.7133236500491
18905,18906,2018,"181161598",2018/11/20,16:00:00,COLISIÓN POR CORTE DE CIRCULACIÓN,ASFALTO,Bueno,Bueno,2,NISSAN,BLANCO Y AMARILLO,2,,19,MASCULINO,SIN DATOS,0,0,Morelia,Chapultepec Norte,noviembre,martes,16,-101.169893145561,19.6962688202147
18906,18907,2018,"181161182",2018/11/20,16:19:00,SALIDA DE SUPERFICIE DE RODAMIENTO,ASFALTO,Bueno,Bueno,1,NISSAN,BLANCO,1,,,,SIN DATOS,0,0,Morelia,Dr Miguel Silva,noviembre,martes,16,-101.188352108002,19.7129903483211
18907,18908,2018,"181160996",2018/11/20,16:20:00,COLISIÓN POR CORTE DE CIRCULACIÓN,ASFALTO,Bueno,Bueno,3,FORD,BLANCO,3,,42,MASCULINO,SIN DATOS,0,0,Morelia,Industrial,noviembre,martes,16,-101.19786053896,19.7085462589004
18909,18910,2018,,2018/11/20,18:30:00,COLISIÓN POR CORTE DE CIRCULACIÓN,ASFALTO,Bueno,Bueno,2,ITALIKA,GRIS,1,,0,MASCULINO,SIN DATOS,0,0,Morelia,Enrique Arreguin Robles,noviembre,martes,19,-101.179811954498,19.7204541205817