fid,id_accidente,anio_origen,folio_c5i,dia_incidente,hora_ocurrencia,tipo_incidente_vial,superficie_ocurrencia,condiciones_climaticas,condiciones_via,numero_vehiculos_involucrados,marca_vehiculo_ocasiona_siniestro,color_vehiculo_ocasiona_siniestro,numero_personas_involucradas,lugar_remite_presunto_responsable,edad_presunto_responsable,sexo_presunto_responsable,resultados_toxicologia,numero_personas_lesionadas,numero_personas_fallecidas,municipio,colonia,mes,dia_semana,hora_redondeada,lon,lat
18910,18911,2018,LEG19550,2018/11/20,19:47:00,COLISIÓN POR CAMBIO DE CARRIL,ASFALTO,Bueno,Bueno,2,TOYOTA,ARENA,2,,53,MASCULINO,SIN DATOS,0,0,Morelia,Nicolas Bravo(Los Ejidos),noviembre,martes,20,-101.213843822479,19.7024253335984
18911,18912,2018,LEG19530,2018/11/20,22:40:00,COLISIÓN CONTRA OBJETO FIJO,SIN_DATOS,Bueno,Bueno,1,VOLKSWAGEN,NEGRO,1,,32,MASCULINO,SIN DATOS,0,0,Morelia,Arboledas de La Huerta,noviembre,martes,23,-101.223564147949,19.6685742088034
18913,18914,2018,"181128120",2018/11/21,"07:30:00",COLISIÓN POR CAMBIO DE CARRIL,ASFALTO,Bueno,Bueno,2,YAMAHA,BLANCO,3,MINISTERIO PÚBLICO,25,MASCULINO,SIN DATOS,1,0,Morelia,Libertad,noviembre,miércoles,8,-101.233150362968,19.6866270121238
18914,18915,2018,,2018/11/21,"08:20:00",COLISIÓN POR CAMBIO DE CARRIL,ASFALTO,Bueno,Bueno,2,CHEVROLET,GRIS,0,,,,,0,0,Salvador Escalante,Centro,noviembre,miércoles,8,-101.637445092201,19.403873928549
18915,18916,2018,"181162894",2018/11/21,"08:25:00",COLISIÓN POR CORTE DE CIRCULACIÓN,ASFALTO,Bueno,Bueno,2,NISSAN,GRIS,2,,56,FEMENINO,SIN DATOS,0,0,Morelia,Centro,noviembre,miércoles,8,-101.181882619858,19.7023798803068
18916,18917,2018,"181162815",2018/11/21,"08:30:00",CAIDA DE MOTOCICLETA,ASFALTO,Bueno,Bueno,1,ITALIKA,NEGRO Y NARANJA,1,,52,MASCULINO,SIN DATOS,0,0,Morelia,Reforma,noviembre,miércoles,9,-101.242505908012,19.7069453464347
18917,18918,2018,"181163004",2018/11/21,"09:16:00",COLISIÓN POR INVASIÓN DE CARRIL,ASFALTO,Bueno,Bueno,2,NISSAN,AZUL,2,,37,MASCULINO,SIN DATOS,0,0,Morelia,Lomas del Tecnologico,noviembre,miércoles,9,-101.188416481018,19.721282284929
18918,18919,2018,"181164701",2018/11/21,"09:30:00",COLISIÓN CONTRA OBJETO FIJO,ASFALTO,Bueno,Bueno,1,CHEVROLET,NEGRO,1,,49,MASCULINO,SIN DATOS,0,0,Morelia,Solidaridad,noviembre,miércoles,10,-101.208983659744,19.7263521731146
18919,18920,2018,"181165046",2018/11/21,10:00:00,COLISIÓN POR ALCANCE,SIN_DATOS,Bueno,Bueno,2,ITALIKA,BLANCO,2,MINISTERIO PÚBLICO,28,MASCULINO,SIN DATOS,0,0,Morelia,Isaac Arriaga,noviembre,miércoles,10,-101.170510053635,19.7082230475799
18920,18921,2018,"181123100",2018/11/21,10:30:00,SALIDA DE SUPERFICIE DE RODAMIENTO,SIN_DATOS,Bueno,Bueno,1,TOYOTA,GRIS,1,,40,MASCULINO,SIN DATOS,0,0,Morelia,Vistas de Altozano,noviembre,miércoles,11,-101.166768706639,19.6545976258598
18921,18922,2018,"181163113",2018/11/21,11:00:00,COLISIÓN POR CORTE DE CIRCULACIÓN,ASFALTO,Bueno,Bueno,2,FREIGHTLINER,BLANCO,2,,28,MASCULINO,SIN DATOS,0,0,Morelia,Primo Tapia Oriente,noviembre,miércoles,11,-101.158493757248,19.7136165509941
18922,18923,2018,,2018/11/21,11:50:00,COLISIÓN POR INVASIÓN DE CARRIL,ASFALTO,Bueno,Bueno,1,CHEVROLET,ROJO,1,MINISTERIO PÚBLICO,69,FEMENINO,SIN DATOS,0,0,Coeneo,Coeneo de La Libertad,noviembre,miércoles,12,-101.582551002502,19.8321972496271
18923,18924,2018,"181163354",2018/11/21,12:30:00,COLISIÓN CONTRA OBJETO FIJO,CONCRETO,Bueno,Bueno,1,INTERNATIONAL,BLANCO Y AZUL,1,,37,FEMENINO,SIN DATOS,0,0,Morelia,El Durazno,noviembre,miércoles,13,-101.180273294449,19.6569959071438
18924,18925,2018,"181128152",2018/11/21,12:50:00,COLISIÓN POR ALCANCE,ASFALTO,Bueno,Bueno,2,NISSAN,BLANCO,2,,26,MASCULINO,SIN DATOS,0,0,Morelia,Libertad,noviembre,miércoles,13,-101.237812042236,19.6869805721781
18925,18926,2018,"181164215",2018/11/21,15:15:00,COLISIÓN POR NO RESPETAR SEMÁFORO,ASFALTO,Bueno,Bueno,2,MERCEDES BENZ,BLANCO Y ROJO,2,,59,MASCULINO,SIN DATOS,0,0,Morelia,Tres Puentes,noviembre,miércoles,15,-101.213736534119,19.7025970459167
18926,18927,2018,,2018/11/21,15:20:00,COLISIÓN POR ALCANCE,ADOQUIN_EMPEDRADO,Bueno,Bueno,2,KENWORTH,ROJO,2,,44,MASCULINO,SIN DATOS,0,0,Cuitzeo,Centro,noviembre,miércoles,15,-101.139723658562,19.969073318268
18927,18928,2018,"181164046",2018/11/21,15:30:00,COLISIÓN POR ALCANCE,ASFALTO,Bueno,Bueno,2,NISSAN,ROJO,1,,19,MASCULINO,SIN DATOS,0,0,Morelia,La Soledad,noviembre,miércoles,16,-101.183255910873,19.7280993283894
18928,18929,2018,"181164426",2018/11/21,15:59:00,COLISIÓN POR CAMBIO DE CARRIL,ASFALTO,Bueno,Bueno,2,NISSAN,BLANCO,2,,63,FEMENINO,SIN DATOS,0,0,Morelia,Comision Federal de Electricidad,noviembre,miércoles,16,-101.181356906891,19.6814851505458
18929,18930,2018,"181128132",2018/11/21,16:05:00,COLISIÓN POR CORTE DE CIRCULACIÓN,ASFALTO,Bueno,Bueno,2,TOYOTA,BLANCO,2,,53,MASCULINO,SIN DATOS,0,0,Morelia,La Colina,noviembre,miércoles,16,-101.214207577051,19.711084322274
18930,18931,2018,LEG19570,2018/11/21,20:30:00,COLISIÓN POR CORTE DE CIRCULACIÓN,CONCRETO,Bueno,Bueno,2,JEEP,GRIS,2,,35,FEMENINO,SIN DATOS,0,0,Morelia,Gral Gertrudis Sanchez,noviembre,miércoles,21,-101.2094753,19.7439916449991
18931,18932,2018,"181165285",2018/11/21,22:15:00,COLISIÓN POR CORTE DE CIRCULACIÓN,ASFALTO,Bueno,Bueno,2,MONK,ROJO,2,,18,MASCULINO,SIN DATOS,0,0,Morelia,Villas del Real,noviembre,miércoles,22,-101.198716163635,19.7347343047065
18933,18934,2018,,2018/11/22,"07:10:00",COLISIÓN POR ALCANCE,ASFALTO,Bueno,Bueno,2,CHEVROLET,ROJO,1,,35,FEMENINO,SIN DATOS,0,0,Morelia,Lindavista,noviembre,jueves,7,-101.216139793396,19.7039909390928
18935,18936,2018,"181165849",2018/11/22,"07:40:00",COLISIÓN POR CORTE DE CIRCULACIÓN,ASFALTO,Bueno,Bueno,2,KIA,GRIS,2,,25,MASCULINO,SIN DATOS,0,0,Morelia,Gertrudis Bocanegra,noviembre,jueves,8,-101.210732460022,19.7022132181272
18936,18937,2018,"181165770",2018/11/22,"07:57:00",SALIDA DE SUPERFICIE DE RODAMIENTO,CONCRETO,Bueno,Bueno,1,MAZDA,GRIS,1,,23,MASCULINO,SIN DATOS,0,0,Morelia,Jose Ma Pino Suarez,noviembre,jueves,8,-101.165220737457,19.7271803068982
18938,18939,2018,"181165988",2018/11/22,"08:52:00",COLISIÓN POR ALCANCE,ASFALTO,Bueno,Bueno,2,NISSAN,BLANCO,2,,48,MASCULINO,SIN DATOS,0,0,Morelia,Diego Rivera,noviembre,jueves,9,-101.174120306969,19.7168232762471
18939,18940,2018,,2018/11/22,"09:10:00",SALIDA DE SUPERFICIE DE RODAMIENTO,ASFALTO,Bueno,Bueno,1,NISSAN,BLANCO Y CAFE,1,,55,MASCULINO,SIN DATOS,0,0,Morelia,Tierra Y Libertad,noviembre,jueves,9,-101.230494976044,19.7158284408059
18940,18941,2018,"181166059",2018/11/22,"09:26:00",SALIDA DE SUPERFICIE DE RODAMIENTO,ASFALTO,Bueno,Bueno,1,NISSAN,BLANCO,1,,20,MASCULINO,SIN DATOS,0,0,Morelia,Sin datos,noviembre,jueves,9,-101.476743221283,19.7870975117743
18942,18943,2018,"181166169",2018/11/22,10:50:00,COLISIÓN POR CORTE DE CIRCULACIÓN,ASFALTO,Bueno,Bueno,2,NISSAN,BLANCO,2,,29,FEMENINO,SIN DATOS,0,0,Morelia,Chapultepec Norte,noviembre,jueves,11,-101.176389455795,19.6931828987262
18943,18944,2018,,2018/11/22,11:40:00,COLISIÓN POR CAMBIO DE CARRIL,ASFALTO,Bueno,Bueno,2,KILOTON,NEGRO,2,,47,MASCULINO,SIN DATOS,0,0,Zamora,Chaparaco,noviembre,jueves,12,-102.260720729828,19.9635674742951
18944,18945,2018,,2018/11/22,11:40:00,COLISIÓN CON PEATÓN,TERRACERIA,Bueno,Bueno,1,ITALIKA,NEGRO,2,,0,MASCULINO,SIN DATOS,1,0,Álvaro Obregón,Centro,noviembre,jueves,12,-101.041903495789,19.8279785237427
18945,18946,2018,"181166372",2018/11/22,12:35:00,COLISIÓN POR CORTE DE CIRCULACIÓN,SIN_DATOS,Bueno,Bueno,2,CHEVROLET,BLANCO,2,,,,SIN DATOS,0,0,Morelia,Rey Tariacuri (Eucaliptos),noviembre,jueves,13,-101.198726892471,19.6778382685149
18946,18947,2018,"181166511",2018/11/22,12:45:00,COLISIÓN POR CAMBIO DE CARRIL,ASFALTO,Bueno,Bueno,2,NISSAN,BLANCO,2,,49,MASCULINO,SIN DATOS,0,0,Morelia,Las Americas,noviembre,jueves,13,-101.153644323349,19.68755636831
18947,18948,2018,,2018/11/22,15:00:00,COLISIÓN POR CORTE DE CIRCULACIÓN,ASFALTO,Bueno,Bueno,2,HINO,BLANCO,2,,36,MASCULINO,SIN DATOS,0,0,Huandacareo,Chapultepec,noviembre,jueves,15,-101.26867890358,19.986759288979
18948,18949,2018,"181167206",2018/11/22,15:40:00,COLISIÓN POR CORTE DE CIRCULACIÓN,ASFALTO,Bueno,Bueno,2,SIN DATOS,SIN DATOS,2,,0,,SIN DATOS,0,0,Morelia,Ignacio Zaragoza,noviembre,jueves,16,-101.20534658432,19.7254785883132
18949,18950,2018,"181167246",2018/11/22,15:57:00,COLISIÓN POR ALCANCE,ASFALTO,Bueno,Bueno,3,VOLKSWAGEN,ROJO,3,,29,MASCULINO,SIN DATOS,0,0,Tarímbaro,Sin datos,noviembre,jueves,16,-101.144986152649,19.7723979695289
18950,18951,2018,"181167247",2018/11/22,16:00:00,SALIDA DE SUPERFICIE DE RODAMIENTO,ASFALTO,Bueno,Bueno,1,NISSAN,BLANCO Y AMARILLO,4,,40,MASCULINO,SIN DATOS,3,0,Morelia,Ciudad Jardin,noviembre,jueves,16,-101.25495672226,19.7046878811268
18951,18952,2018,"181167284",2018/11/22,16:08:00,COLISIÓN POR CORTE DE CIRCULACIÓN,ASFALTO,Bueno,Bueno,1,S/D,S/D,1,,,,,1,0,Morelia,Sin datos,noviembre,jueves,16,-101.314984560013,19.6869704704731
18952,18953,2018,,2018/11/22,16:40:00,SALIDA DE SUPERFICIE DE RODAMIENTO,TERRACERIA,Bueno,Bueno,1,CHEVROLET,AZUL MARINO,2,,0,MASCULINO,SIN DATOS,0,1,Zinapécuaro,Sin datos,noviembre,jueves,17,-100.801963806152,19.8439041317064
18953,18954,2018,,2018/11/22,18:15:00,COLISIÓN POR CORTE DE CIRCULACIÓN,ASFALTO,Bueno,Bueno,4,FORD,AZUL,5,MINISTERIO PÚBLICO,66,MASCULINO,CON CERTIFICADO,1,0,Zacapu,Centro,noviembre,jueves,18,-101.787554681067,19.8090995197409
18954,18955,2018,"181167515",2018/11/22,18:40:00,COLISIÓN POR NO RESPETAR SEMÁFORO,ASFALTO,Bueno,Bueno,2,NISSAN,BLANCO Y ROSA,2,,0,MASCULINO,SIN DATOS,0,0,Morelia,Cosmos,noviembre,jueves,19,-101.216472387314,19.6834247326527
18955,18956,2018,,2018/11/22,18:45:00,VOLCADURA,ASFALTO,Bueno,Bueno,1,NISSAN,ROJO,1,,24,FEMENINO,SIN DATOS,0,0,Juárez,Sin datos,noviembre,jueves,19,-100.401821136475,19.3391674941715
18956,18957,2018,"181168065",2018/11/22,19:25:00,COLISIÓN POR CAMBIO DE CARRIL,ASFALTO,Bueno,Bueno,2,CHEVROLET,PLATA,2,,45,MASCULINO,SIN DATOS,0,0,Morelia,Ejidal Ocolusen,noviembre,jueves,19,-101.158955097198,19.6877988081671
18957,18958,2018,"181167877",2018/11/22,19:35:00,COLISIÓN POR ALCANCE,CONCRETO,Bueno,Bueno,4,NISSAN,GRIS,3,,,,,3,0,Morelia,Lomas de Huerta,noviembre,jueves,20,-101.214337348938,19.6744741735349
18958,18959,2018,"181168200",2018/11/22,21:50:00,SALIDA DE SUPERFICIE DE RODAMIENTO,ASFALTO,Bueno,Bueno,1,DODGE,PLATA,1,,20,MASCULINO,SIN DATOS,0,0,Morelia,Granjas de La Huerta,noviembre,jueves,22,-101.231938004494,19.6640985770095
18959,18960,2018,"181168454",2018/11/22,23:30:00,COLISIÓN POR CORTE DE CIRCULACIÓN,ASFALTO,Bueno,Bueno,2,S/D,S/D,1,,31,MASCULINO,SIN DATOS,0,0,Morelia,Virrey Antonio de Mendoza,noviembre,jueves,0,-101.159512996674,19.7076372253969
18960,18961,2018,"181168490",2018/11/23,"00:15:00",COLISIÓN POR MANIOBRA DE REVERSA,CONCRETO,Bueno,Bueno,2,FORD,AZUL Y BLANCO,1,,45,MASCULINO,SIN DATOS,0,0,Morelia,Guadalupe,noviembre,viernes,0,-101.220442056656,19.7101724059466
18961,18962,2018,,2018/11/23,"02:00:00",COLISIÓN POR CORTE DE CIRCULACIÓN,ASFALTO,Bueno,Bueno,2,CHEVROLET,BLANCO,0,,,,,0,0,Zamora,Sin datos,noviembre,viernes,2,-102.278702259064,20.0361767089011
18962,18963,2018,"181168669",2018/11/23,"05:50:00",SUBIDA AL CAMELLÓN,ASFALTO,Bueno,Bueno,1,AUDI,BLANCO,0,,,,,0,0,Morelia,Montaña Monarca,noviembre,viernes,6,-101.164555549622,19.6658666180432
18963,18964,2018,"181168683",2018/11/23,"06:10:00",COLISIÓN CONTRA OBJETO FIJO,ASFALTO,Bueno,Bueno,1,NISSAN,BLANCO,1,,44,MASCULINO,SIN DATOS,0,0,Morelia,Loma Bonita,noviembre,viernes,6,-101.196720600128,19.7244737074041
18964,18965,2018,"181168691",2018/11/23,"06:20:00",COLISIÓN CONTRA OBJETO FIJO,ASFALTO,Bueno,Bueno,1,SEAT,ROJO,2,MINISTERIO PÚBLICO,32,,SIN DATOS,1,0,Morelia,Pascual Ortiz de Ayala,noviembre,viernes,6,-101.149492263794,19.6949607200069
18965,18966,2018,"181168858",2018/11/23,"07:50:00",COLISIÓN POR CAMBIO DE CARRIL,ASFALTO,Bueno,Bueno,2,FORD,ROJO,2,,24,MASCULINO,SIN DATOS,0,0,Morelia,Division del Norte,noviembre,viernes,8,-101.163182258606,19.7115662331122
18966,18967,2018,"181168900",2018/11/23,"09:00:00",COLISIÓN POR ALCANCE,ASFALTO,Nublado,Bueno,3,FORD,ARENA,3,,72,MASCULINO,SIN DATOS,0,0,Morelia,Lomas del Tecnologico,noviembre,viernes,9,-101.188486218452,19.7209237508907
18967,18968,2018,LEG19623,2018/11/23,"09:15:00",COLISIÓN POR ALCANCE,ASFALTO,Bueno,Bueno,2,NISSAN,BLANCO/CAFE,2,,23,MASCULINO,SIN DATOS,0,0,Morelia,Industrial,noviembre,viernes,9,-101.197975873947,19.7069402962123
18968,18969,2018,"181169261",2018/11/23,10:50:00,COLISIÓN CONTRA OBJETO FIJO,ASFALTO,Bueno,Bueno,1,CHEVROLET,ROJO,1,,0,,SIN DATOS,0,0,Morelia,Quinceo,noviembre,viernes,11,-101.221225261688,19.7288315120579
18969,18970,2018,"181169401",2018/11/23,12:15:00,COLISIÓN CON PEATÓN,CONCRETO,Bueno,Bueno,2,FORD,PLATA,2,,56,MASCULINO,SIN DATOS,0,0,Morelia,Centro,noviembre,viernes,12,-101.19159758091,19.7010263763737
18970,18971,2018,"1811469180",2018/11/23,13:11:00,COLISIÓN POR NO RESPETAR SEMÁFORO,ASFALTO,Bueno,Bueno,2,NISSAN,GRU,2,,54,MASCULINO,SIN DATOS,0,0,Morelia,Lazaro Cardenas,noviembre,viernes,13,-101.164577007294,19.7101724059466
18971,18972,2018,"181169584",2018/11/23,13:15:00,COLISIÓN POR CORTE DE CIRCULACIÓN,ASFALTO,Bueno,Bueno,2,NISSAN,BLANCO/NARANJA,2,,44,MASCULINO,SIN DATOS,0,0,Morelia,Plan de La Garita,noviembre,viernes,13,-101.188352108002,19.7107683190475
18972,18973,2018,"181169585",2018/11/23,13:25:00,COLISIÓN CONTRA OBJETO FIJO,ASFALTO,Bueno,Bueno,1,CHEVROLET,GRIS,1,,20,MASCULINO,SIN DATOS,0,0,Morelia,Los Manantiales de Morelia,noviembre,viernes,13,-101.243197917938,19.6995870032864
18973,18974,2018,"181175010",2018/11/23,13:30:00,COLISIÓN POR CORTE DE CIRCULACIÓN,ASFALTO,Bueno,Bueno,2,TOROMEX,NEGRO AZUL,2,,33,MASCULINO,SIN DATOS,0,0,Morelia,Ferrocarrilero,noviembre,viernes,14,-101.21506690979,19.6997688195487
18974,18975,2018,"181169549",2018/11/23,13:50:00,COLISIÓN POR CORTE DE CIRCULACIÓN,ASFALTO,Bueno,Bueno,3,FORD,ROJO,3,,62,MASCULINO,SIN DATOS,0,0,Morelia,Sin datos,noviembre,viernes,14,-101.114730834961,19.7370367891479
18975,18976,2018,"181169773",2018/11/23,14:15:00,COLISIÓN POR CORTE DE CIRCULACIÓN,ASFALTO,Bueno,Bueno,2,INTERNATIONAL,BLANCO,2,,24,MASCULINO,SIN DATOS,0,0,Morelia,Felix Ireta,noviembre,viernes,14,-101.195755004883,19.6816669873661
18976,18977,2018,"181169817",2018/11/23,14:30:00,COLISIÓN POR CORTE DE CIRCULACIÓN,CONCRETO,Bueno,Bueno,2,SIN DATOS,SIN DATOS,1,,42,MASCULINO,SIN DATOS,0,0,Morelia,Centro,noviembre,viernes,15,-101.195229291916,19.7020213038871
18977,18978,2018,"181169877",2018/11/23,15:00:00,COLISIÓN POR CORTE DE CIRCULACIÓN,ASFALTO,Bueno,Bueno,2,ITALIKA,ROJO,2,,33,MASCULINO,SIN DATOS,0,0,Morelia,Bosques Tres Marias,noviembre,viernes,15,-101.105262637138,19.7293112167799
18978,18979,2018,,2018/11/23,15:20:00,COLISIÓN CONTRA OBJETO FIJO,CONCRETO,Bueno,Bueno,1,PETERBILT,GUINDA,1,,45,MASCULINO,SIN DATOS,0,0,Cuitzeo,Centro,noviembre,viernes,15,-101.141402721405,19.9692850776589
18979,18980,2018,"181179700",2018/11/23,16:45:00,COLISIÓN POR ALCANCE,ASFALTO,Bueno,Bueno,2,CHEVROLET,PLATA,2,,30,FEMENINO,SIN DATOS,0,0,Morelia,Centro,noviembre,viernes,17,-101.182263493538,19.7026980530767
18980,18981,2018,"181170247",2018/11/23,16:50:00,COLISIÓN POR ALCANCE,TERRACERIA,Bueno,Bueno,2,VOLKSWAGEN,BLANCO,2,,18,FEMENINO,SIN DATOS,0,0,Morelia,Vista Bella,noviembre,viernes,17,-101.197611093521,19.6800203464098
18981,18982,2018,"181170485",2018/11/23,17:45:00,COLISIÓN POR NO RESPETAR SEMÁFORO,ASFALTO,Bueno,Bueno,2,VOLKSWAGEN,BLANCO,2,,53,MASCULINO,SIN DATOS,0,0,Morelia,Tierra Y Libertad,noviembre,viernes,18,-101.230409145355,19.7157880412664
18982,18983,2018,"181170346",2018/11/23,18:15:00,COLISIÓN POR CAMBIO DE CARRIL,ASFALTO,Bueno,Bueno,2,KENWORTH,BLANCO/AMARILLO,2,,34,MASCULINO,ALIENTO ETÍLICO,0,0,Morelia,Francisco J Mujica,noviembre,viernes,18,-101.186764240265,19.7230698933436
18983,18984,2018,"1814202120",2018/11/23,18:30:00,COLISIÓN POR ALCANCE,ASFALTO,Bueno,Bueno,4,NISSAN,BLANCO,4,,0,MASCULINO,SIN DATOS,0,0,Tarímbaro,Sin datos,noviembre,viernes,19,-101.130180358887,19.7769008580104
18984,18985,2018,"181170570",2018/11/23,18:40:00,COLISIÓN POR NO RESPETAR SEMÁFORO,ASFALTO,Bueno,Bueno,2,DODGE,AZUL,2,,62,MASCULINO,SIN DATOS,0,0,Morelia,Jardines de Torremolinos,noviembre,viernes,19,-101.225709915161,19.6768583442347
18985,18986,2018,"181170642",2018/11/23,18:53:00,COLISIÓN POR CORTE DE CIRCULACIÓN,ASFALTO,Bueno,Bueno,3,FREIGHTLINER,BLANCO,2,,44,MASCULINO,SIN DATOS,0,0,Morelia,Sentimientos de La Nacion,noviembre,viernes,19,-101.231889724731,19.6778079616682
18986,18987,2018,"181170825",2018/11/23,19:42:00,COLISIÓN POR ALCANCE,CONCRETO,Bueno,Bueno,4,VOLKSWAGEN,BEIGE,4,,25,MASCULINO,SIN DATOS,0,0,Morelia,Diego Rivera,noviembre,viernes,20,-101.174865961075,19.7183634914953
18987,18988,2018,"181170850",2018/11/23,20:00:00,COLISIÓN POR ALCANCE,ASFALTO,Bueno,Bueno,2,CHEVROLET,BLANCO,2,,0,MASCULINO,SIN DATOS,0,0,Morelia,Virrey Antonio de Mendoza,noviembre,viernes,20,-101.162238121033,19.7066978853494
18988,18989,2018,"181171155",2018/11/23,21:00:00,COLISIÓN POR CORTE DE CIRCULACIÓN,ASFALTO,Bueno,Bueno,2,SIN DATOS,SIN DATOS,2,,0,,SIN DATOS,0,0,Morelia,Arcos del Valle,noviembre,viernes,21,-101.236267089844,19.7076675265969
18989,18990,2018,"181171114",2018/11/23,21:00:00,COLISIÓN POR ALCANCE,ASFALTO,Bueno,Bueno,3,HONDA,PLATA,3,,27,MASCULINO,SIN DATOS,0,0,Morelia,Canteras de Morelia,noviembre,viernes,21,-101.171679496765,19.7151214473895
18990,18991,2018,"181171291",2018/11/23,23:00:00,COLISIÓN POR CORTE DE CIRCULACIÓN,ASFALTO,Bueno,Bueno,2,VENTO,NEGRA/VERDE,2,,0,MASCULINO,SIN DATOS,0,0,Morelia,Jardines de Sindurio,noviembre,viernes,23,-101.25678062439,19.6995465996445
18991,18992,2018,"181171358",2018/11/24,"00:00:00",SUBIDA AL CAMELLÓN,ASFALTO,Bueno,Bueno,1,FORD,BLANCO,1,,41,MASCULINO,SIN DATOS,0,0,Morelia,Ricardo Flores Magon,noviembre,sábado,0,-101.242446899414,19.7057888413417
18992,18993,2018,LEG19643,2018/11/24,"00:00:00",COLISIÓN POR ALCANCE,ASFALTO,Bueno,Bueno,2,FORD,ROJO,2,,46,MASCULINO,SIN DATOS,0,0,Morelia,Fray Antonio de Lisboa,noviembre,sábado,0,-101.146295070648,19.6939505967015
18993,18994,2018,"18117291",2018/11/24,"00:40:00",COLISIÓN CON PEATÓN,ASFALTO,Bueno,Bueno,1,HONDA,ROJO,2,,29,MASCULINO,SIN DATOS,1,0,Morelia,Asociacion Zirahuen,noviembre,sábado,1,-101.250150203705,19.6986577169418
18994,18995,2018,,2018/11/24,"04:57:00",SALIDA DE SUPERFICIE DE RODAMIENTO,ASFALTO,Bueno,Bueno,1,NISSAN,ROJO,0,,,,,0,0,Coeneo,Coeneo de La Libertad,noviembre,sábado,5,-101.582207679749,19.832520209672
18995,18996,2018,"181171912",2018/11/24,"09:00:00",COLISIÓN POR ALCANCE,ASFALTO,Bueno,Bueno,3,NISSAN,ROJO,3,,38,MASCULINO,SIN DATOS,0,0,Morelia,Canteras de Morelia,noviembre,sábado,9,-101.171593666077,19.7149194486964
18996,18997,2018,,2018/11/24,"09:20:00",COLISIÓN POR CAMBIO DE CARRIL,ASFALTO,Bueno,Bueno,2,ITALIKA,VERDE/NEGRO,1,,52,MASCULINO,SIN DATOS,0,0,Morelia,Libertad,noviembre,sábado,9,-101.236953735352,19.6849804221596
18997,18998,2018,"181171994",2018/11/24,10:00:00,COLISIÓN POR INVASIÓN DE CARRIL,ASFALTO,Bueno,Bueno,2,PLYMOTH,BLANCO,2,,0,MASCULINO,SIN DATOS,0,0,Morelia,Las Margaritas,noviembre,sábado,10,-101.209187507629,19.7083846533218
18998,18999,2018,"181171974",2018/11/24,10:00:00,COLISIÓN POR CORTE DE CIRCULACIÓN,ASFALTO,Bueno,Bueno,2,SIN DATOS,SIN DATOS,1,,32,FEMENINO,SIN DATOS,0,0,Morelia,Villas del Sol,noviembre,sábado,10,-101.226933002472,19.6948496067553
18999,19000,2018,"181172104",2018/11/24,10:10:00,COLISIÓN POR CORTE DE CIRCULACIÓN,ASFALTO,Bueno,Bueno,2,NISSAN,ROJO/BLANCO,2,,28,MASCULINO,SIN DATOS,0,0,Morelia,Campestre Los Manantiales,noviembre,sábado,10,-101.238369941711,19.6882937884024
19000,19001,2018,"181172140",2018/11/24,10:50:00,COLISIÓN POR ALCANCE,ASFALTO,Bueno,Bueno,2,NISSAN,NEGRO,2,,25,MASCULINO,SIN DATOS,0,0,Morelia,Tlalpujahua,noviembre,sábado,11,-101.217684745789,19.6761511786599
19001,19002,2018,,2018/11/24,12:20:00,COLISIÓN POR INVASIÓN DE CARRIL,ASFALTO,Bueno,Bueno,2,NISSAN,ACERO,2,MINISTERIO PÚBLICO,,MASCULINO,SIN DATOS,0,0,Juárez,Sin datos,noviembre,sábado,12,-100.42151927948,19.327828826153
19002,19003,2018,"181172516",2018/11/24,12:30:00,COLISIÓN POR CORTE DE CIRCULACIÓN,TERRACERIA,Bueno,Bueno,1,CHEVROLET,VERDE,1,,0,,SIN DATOS,0,0,Morelia,Sentimientos de La Nacion,noviembre,sábado,13,-101.233284473419,19.6783130750312
19003,19004,2018,"181172515",2018/11/24,12:35:00,COLISIÓN POR CORTE DE CIRCULACIÓN,ASFALTO,Bueno,Bueno,2,RAM,BLANCO,2,,34,MASCULINO,SIN DATOS,0,0,Morelia,Felix Ireta,noviembre,sábado,13,-101.190830469131,19.6878493164245
19004,19005,2018,,2018/11/24,19:00:00,SUBIDA AL CAMELLÓN,ASFALTO,Bueno,Bueno,1,NISSAN,BLANCO/MORADO,1,,32,,ALIENTO ETÍLICO,0,0,Morelia,Camponubes,noviembre,sábado,19,-101.290791034698,19.6984961013746
19005,19006,2018,,2018/11/24,19:50:00,COLISIÓN POR INVASIÓN DE CARRIL,ASFALTO,Bueno,Bueno,2,ITALIKA,GRIS,3,MINISTERIO PÚBLICO,17,MASCULINO,SIN DATOS,1,0,Contepec,Sin datos,noviembre,sábado,20,-100.227777957916,19.9812742287431
19006,19007,2018,,2018/11/24,20:40:00,COLISIÓN POR INVASIÓN DE CARRIL,ASFALTO,Bueno,Bueno,1,ITALIKA,AZUL,1,,,,,1,0,Zinapécuaro,Centro,noviembre,sábado,21,-100.828442573547,19.8604134050444
19007,19008,2018,"181174137",2018/11/24,21:05:00,COLISIÓN POR CORTE DE CIRCULACIÓN,ASFALTO,Bueno,Bueno,2,YAMAHA,ROJO,2,,33,MASCULINO,SIN DATOS,0,0,Morelia,Cuauhtemoc,noviembre,sábado,21,-101.179221868515,19.6936677610337