fid,id_accidente,anio_origen,folio_c5i,dia_incidente,hora_ocurrencia,tipo_incidente_vial,superficie_ocurrencia,condiciones_climaticas,condiciones_via,numero_vehiculos_involucrados,marca_vehiculo_ocasiona_siniestro,color_vehiculo_ocasiona_siniestro,numero_personas_involucradas,lugar_remite_presunto_responsable,edad_presunto_responsable,sexo_presunto_responsable,resultados_toxicologia,numero_personas_lesionadas,numero_personas_fallecidas,municipio,colonia,mes,dia_semana,hora_redondeada,lon,lat
19008,19009,2018,"181174708",2018/11/24,22:00:00,COLISIÓN POR NO RESPETAR SEMÁFORO,ASFALTO,Bueno,Bueno,1,NISSAN,ARENA,1,MINISTERIO PÚBLICO,,,,1,0,Morelia,Melchor Ocampo,noviembre,sábado,22,-101.200422048569,19.7059706505565
19009,19010,2018,,2018/11/24,22:00:00,COLISIÓN POR CORTE DE CIRCULACIÓN,ASFALTO,Bueno,Bueno,1,CHEVROLET,VERDE,1,,28,MASCULINO,SIN DATOS,0,0,Morelia,Sin datos,noviembre,sábado,22,-101.118936538696,19.6883746013568
19010,19011,2018,"181174631",2018/11/25,"00:40:00",COLISIÓN POR NO RESPETAR SEMÁFORO,ASFALTO,Bueno,Regular,2,HYUNDAI,PLATA,2,,38,MASCULINO,ALIENTO ETÍLICO,0,0,Morelia,Los Manantiales de Morelia,noviembre,domingo,1,-101.240301132202,19.6927586430025
19011,19012,2018,"181174698",2018/11/25,"01:30:00",COLISIÓN POR CORTE DE CIRCULACIÓN,ASFALTO,Bueno,Bueno,2,SIN DATOS,SIN DATOS,1,,45,MASCULINO,SIN DATOS,0,0,Morelia,Industrial,noviembre,domingo,2,-101.190787553787,19.7098592981733
19012,19013,2018,"181174323",2018/11/25,"01:50:00",COLISIÓN CONTRA OBJETO FIJO,ASFALTO,Bueno,Bueno,1,RENAULT,ROJO,1,,33,FEMENINO,SIN DATOS,0,0,Morelia,Ejido La Huerta,noviembre,domingo,2,-101.209045541157,19.6688781424627
19013,19014,2018,"181174729",2018/11/25,"02:15:00",VOLCADURA,CONCRETO,Bueno,Bueno,1,CHEVROLET,VERDE,1,,0,,SIN DATOS,0,0,Morelia,Industrial,noviembre,domingo,2,-101.194049119949,19.7073443135009
19014,19015,2018,,2018/11/25,"02:40:00",COLISIÓN POR CORTE DE CIRCULACIÓN,ASFALTO,Bueno,Bueno,2,NISSAN,GRIS,2,,0,MASCULINO,ALIENTO ETÍLICO,0,0,Morelia,San Rafael,noviembre,domingo,3,-101.154770851135,19.7005869901726
19015,19016,2018,"181174964",2018/11/25,"07:10:00",COLISIÓN POR CORTE DE CIRCULACIÓN,ASFALTO,Bueno,Bueno,1,SIN DATOS,SIN DATOS,1,,,,,1,0,Morelia,Sin datos,noviembre,domingo,7,-101.279997825623,19.6508528038835
19016,19017,2018,"181174981",2018/11/25,"07:12:00",COLISIÓN CONTRA OBJETO FIJO,ASFALTO,Bueno,Bueno,1,NISSAN,AZUL,0,,,,,0,0,Morelia,Los Manantiales de Morelia,noviembre,domingo,7,-101.242382526398,19.697607212837
19017,19018,2018,"181174998",2018/11/25,"07:52:00",COLISIÓN CONTRA OBJETO FIJO,ASFALTO,Bueno,Bueno,1,GENERALS MOTORS,BLANCO,3,,39,MASCULINO,SIN DATOS,2,0,Morelia,Industrial,noviembre,domingo,8,-101.194961071014,19.7072433092744
19019,19020,2018,,2018/11/25,"08:45:00",COLISIÓN CONTRA OBJETO FIJO,ASFALTO,Bueno,Regular,1,HONDA,AZUL,1,,24,MASCULINO,SIN DATOS,0,0,Peribán,Sin datos,noviembre,domingo,9,-102.445063591003,19.5529558323077
19020,19021,2018,,2018/11/25,10:30:00,COLISIÓN CONTRA OBJETO FIJO,ASFALTO,Bueno,Bueno,2,NISSAN,VERDE,1,,,,SIN DATOS,0,0,Morelia,Trabajadores del Cbta No 7,noviembre,domingo,11,-101.231131310119,19.6636945720522
19023,19024,2018,,2018/11/25,11:40:00,COLISIÓN POR INVASIÓN DE CARRIL,ASFALTO,Bueno,Bueno,2,CHEVROLET,GRIS,4,MINISTERIO PÚBLICO,73,MASCULINO,SIN DATOS,2,0,Lázaro Cárdenas,1Er Sect de Fidelac,noviembre,domingo,12,-102.19806432724,17.9634658165158
19024,19025,2018,,2018/11/25,12:00:00,COLISIÓN POR ALCANCE,ASFALTO,Bueno,Regular,2,NISSAN,AZUL,2,,70,MASCULINO,SIN DATOS,0,0,Peribán,Los Cerritos,noviembre,domingo,12,-102.428755760193,19.5334623212773
19025,19026,2018,,2018/11/25,13:00:00,COLISIÓN CONTRA OBJETO FIJO,ASFALTO,Bueno,Bueno,2,NISSAN,VERDE,0,,,,,0,0,Tarímbaro,Cuto del Porvenir,noviembre,domingo,13,-101.139192581177,19.8726428835771
19026,19027,2018,"181175729",2018/11/25,13:25:00,COLISIÓN POR CORTE DE CIRCULACIÓN,ASFALTO,Bueno,Bueno,1,S/D,ARENA,0,,,,,0,0,Morelia,Las Americas,noviembre,domingo,13,-101.150758266449,19.6901019685024
19027,19028,2018,,2018/11/25,13:35:00,COLISIÓN POR ALCANCE,ASFALTO,Bueno,Bueno,2,NISSAN,BLANCO/AZUL,2,,36,MASCULINO,SIN DATOS,0,0,Pátzcuaro,Centro,noviembre,domingo,14,-101.612613201141,19.5121664090526
19029,19030,2018,,2018/11/25,18:11:00,COLISIÓN POR CORTE DE CIRCULACIÓN,ASFALTO,Bueno,Bueno,2,FORD,BLANCO,2,,52,MASCULINO,SIN DATOS,0,0,Pátzcuaro,Centro,noviembre,domingo,18,-101.607098579407,19.5195788374547
19030,19031,2018,"181176558",2018/11/25,18:30:00,COLISIÓN POR INVASIÓN DE CARRIL,CONCRETO,Bueno,Bueno,2,VOLKSWAGEN,ROJO,2,,15,MASCULINO,SIN DATOS,0,0,Morelia,Gertrudis Sanchez,noviembre,domingo,19,-101.195866415,19.7437195599991
19033,19034,2018,"181177222",2018/11/25,22:10:00,COLISIÓN CONTRA OBJETO FIJO,ASFALTO,Bueno,Bueno,2,BMW,NARANJA,2,,34,MASCULINO,ALIENTO ETÍLICO,0,0,Morelia,Lomas de Guayangareo,noviembre,domingo,22,-101.160526871681,19.7002385106035
19034,19035,2018,"181177271",2018/11/25,22:20:00,COLISIÓN CON PEATÓN,ASFALTO,Bueno,Bueno,2,RENOULT,GRIS,1,,36,MASCULINO,SIN DATOS,0,0,Morelia,La Esperanza,noviembre,domingo,22,-101.153343915939,19.698970846639
19035,19036,2018,"181177268",2018/11/25,22:45:00,COLISIÓN POR ALCANCE,CONCRETO,Bueno,Bueno,2,CHEVROLET,PLATA,2,,45,MASCULINO,ALIENTO ETÍLICO,0,0,Morelia,Centro,noviembre,domingo,23,-101.180305480957,19.7010566788259
19036,19037,2018,,2018/11/26,"00:00:00",COLISIÓN POR ALCANCE,ASFALTO,Bueno,Bueno,2,FORD,VERDE,2,MINISTERIO PÚBLICO,42,,SIN DATOS,0,0,Ario,Sin datos,noviembre,lunes,0,-101.722197532654,19.2099411448308
19037,19038,2018,"181178041",2018/11/26,"00:30:00",COLISIÓN CONTRA OBJETO FIJO,ASFALTO,Bueno,Bueno,1,INTERNATIONAL,BLANCO,1,,31,MASCULINO,SIN DATOS,0,0,Morelia,El Realito,noviembre,lunes,1,-101.204166412354,19.725867409884
19038,19039,2018,,2018/11/26,"01:00:00",SALIDA DE SUPERFICIE DE RODAMIENTO,ASFALTO,Bueno,Bueno,1,NISSAN,BLANCO,0,,,,,0,0,Huandacareo,Sin datos,noviembre,lunes,1,-101.296005249023,19.9891589427818
19039,19040,2018,"181177614",2018/11/26,"04:45:00",COLISIÓN POR CAMBIO DE CARRIL,ASFALTO,Bueno,Bueno,2,TOYOTA,BLANCO Y ROSA,2,,46,MASCULINO,SIN DATOS,0,0,Morelia,Tierra Y Libertad,noviembre,lunes,5,-101.230473518372,19.7157880412664
19040,19041,2018,"181177616",2018/11/26,"04:50:00",COLISIÓN CONTRA OBJETO FIJO,ASFALTO,Bueno,Bueno,1,CHEVROLET,BLANCO,1,,29,MASCULINO,SIN DATOS,0,0,Morelia,Jose Ma Pino Suarez,noviembre,lunes,5,-101.158676147461,19.7298666625533
19041,19042,2018,,2018/11/26,"07:00:00",COLISIÓN POR CORTE DE CIRCULACIÓN,ASFALTO,Bueno,Bueno,3,CHEVROLET,AZUL,2,,40,MASCULINO,SIN DATOS,0,0,Morelia,Tinijaro,noviembre,lunes,7,-101.260707378387,19.6969203410402
19042,19043,2018,"181177759",2018/11/26,"08:20:00",COLISIÓN POR CORTE DE CIRCULACIÓN,CONCRETO,Bueno,Bueno,2,VOLKWAGEN,BLANCO,2,MINISTERIO PÚBLICO,,,,2,0,Morelia,Chapultepec Oriente,noviembre,lunes,8,-101.164126396179,19.6898898366988
19043,19044,2018,,2018/11/26,"08:30:00",VOLCADURA,ASFALTO,Nublado,Regular,1,TOYOTA,GUINDA,1,,40,MASCULINO,SIN DATOS,0,0,Tingüindín,Sin datos,noviembre,lunes,9,-102.488493919373,19.7516790052894
19044,19045,2018,,2018/11/26,"09:00:00",COLISIÓN POR INVASIÓN DE CARRIL,ASFALTO,Bueno,Regular,2,KENWORTH,BLANCOY VERDE,2,,25,MASCULINO,SIN DATOS,0,0,Peribán,Los Cerritos,noviembre,lunes,9,-102.429013252258,19.5334623212773
19045,19046,2018,LEG19715,2018/11/26,"09:30:00",COLISIÓN POR CORTE DE CIRCULACIÓN,ASFALTO,Bueno,Bueno,2,NISSAN,BLANCO,2,,33,MASCULINO,SIN DATOS,0,0,Morelia,El Realito,noviembre,lunes,10,-101.203179359436,19.7257462188465
19046,19047,2018,"181177948",2018/11/26,"09:30:00",SUBIDA AL CAMELLÓN,ASFALTO,Bueno,Bueno,1,CHEVROLET,NEGRO,1,,0,MASCULINO,SIN DATOS,0,0,Morelia,Virrey Antonio de Mendoza,noviembre,lunes,10,-101.162372231483,19.7065817300141
19047,19048,2018,"181178040",2018/11/26,10:28:00,COLISIÓN POR CORTE DE CIRCULACIÓN,ASFALTO,Bueno,Bueno,2,HONDA,DORADO,2,,65,MASCULINO,SIN DATOS,0,0,Morelia,Mariano Michelena,noviembre,lunes,10,-101.230055093765,19.6760602571453
19048,19049,2018,"181178093",2018/11/26,10:40:00,COLISIÓN POR CAMBIO DE CARRIL,ASFALTO,Bueno,Bueno,2,NISSAN,BLANCO/ROJO,2,,66,MASCULINO,SIN DATOS,0,0,Morelia,Infonavit  Las  Camelinas,noviembre,lunes,11,-101.175525784492,19.6840611529138
19049,19050,2018,"181178153",2018/11/26,11:25:00,COLISIÓN POR ALCANCE,ASFALTO,Bueno,Bueno,2,SUZUKI,ROJO,2,,30,MASCULINO,ALIENTO ETÍLICO,0,0,Morelia,Cinco de Diciembre,noviembre,lunes,11,-101.162010133266,19.6868644025321
19050,19051,2018,"181178173",2018/11/26,11:30:00,COLISIÓN POR CORTE DE CIRCULACIÓN,ASFALTO,Bueno,Bueno,2,HYUNDAI,BLANCO,2,,19,MASCULINO,SIN DATOS,0,0,Morelia,Chapultepec Sur,noviembre,lunes,12,-101.177102923393,19.6919783125748
19052,19053,2018,"181178492",2018/11/26,12:45:00,COLISIÓN POR CAMBIO DE CARRIL,ASFALTO,Bueno,Bueno,2,FIAT,BLANCO,2,,19,MASCULINO,SIN DATOS,0,0,Morelia,Centro,noviembre,lunes,13,-101.191549301147,19.7030515776346
19053,19054,2018,"181178543",2018/11/26,13:08:00,COLISIÓN POR CORTE DE CIRCULACIÓN,ASFALTO,Bueno,Bueno,2,NISSAN,ARENA,2,,26,MASCULINO,SIN DATOS,0,0,Morelia,Indeco Expropiacion Petrolera,noviembre,lunes,13,-101.225691139698,19.6837126373698
19054,19055,2018,"181178422",2018/11/26,13:25:00,COLISIÓN POR NO RESPETAR SEMÁFORO,ASFALTO,Bueno,Bueno,2,HONDA,BLANCO,2,,0,MASCULINO,SIN DATOS,0,0,Morelia,Matamoros,noviembre,lunes,13,-101.165832281113,19.6963344774723
19055,19056,2018,"181178488",2018/11/26,13:30:00,COLISIÓN POR CORTE DE CIRCULACIÓN,ASFALTO,Bueno,Bueno,2,YAMAHA,AZUL,2,,24,MASCULINO,SIN DATOS,0,0,Morelia,Industrial,noviembre,lunes,14,-101.191549301147,19.7096976939214
19056,19057,2018,"181178730",2018/11/26,13:50:00,COLISIÓN POR CORTE DE CIRCULACIÓN,ASFALTO,Bueno,Bueno,2,NISSAN,BLANCO Y ROJO,2,,0,MASCULINO,SIN DATOS,0,0,Morelia,Matamoros,noviembre,lunes,14,-101.165714263916,19.6964152863678
19057,19058,2018,"181178785",2018/11/26,14:00:00,COLISIÓN POR CAMBIO DE CARRIL,ASFALTO,Bueno,Bueno,2,MERCEDES BENZ,BLANCO,2,MINISTERIO PÚBLICO,27,MASCULINO,SIN DATOS,0,0,Morelia,Lomas de Vista Bella,noviembre,lunes,14,-101.200765371323,19.6702815839422
19059,19060,2018,"181178767",2018/11/26,15:00:00,COLISIÓN POR NO RESPETAR SEMÁFORO,CONCRETO,Bueno,Bueno,2,RENAULT,BEIGE,2,,57,FEMENINO,SIN DATOS,0,0,Morelia,Centro,noviembre,lunes,15,-101.18334710598,19.7021425129076
19060,19061,2018,"181178920",2018/11/26,15:50:00,COLISIÓN POR CORTE DE CIRCULACIÓN,ASFALTO,Bueno,Bueno,2,NISSAN,BLANCO Y ROJO,2,,,MASCULINO,ALIENTO ETÍLICO,0,0,Morelia,Vasco de Quiroga,noviembre,lunes,16,-101.16681933403,19.7015869708096
19061,19062,2018,"181178997",2018/11/26,16:10:00,COLISIÓN POR CORTE DE CIRCULACIÓN,ASFALTO,Bueno,Bueno,2,KTM,BLANCO,2,MINISTERIO PÚBLICO,26,MASCULINO,SIN DATOS,0,0,Morelia,Primaveras,noviembre,lunes,16,-101.225731372833,19.6787777779186
19062,19063,2018,"181179059",2018/11/26,16:10:00,COLISIÓN POR CAMBIO DE CARRIL,ASFALTO,Bueno,Bueno,2,KENWORTH,BLANCO,2,,41,MASCULINO,SIN DATOS,0,0,Morelia,Jardines de La Loma,noviembre,lunes,16,-101.22437953949,19.6768482418913
19063,19064,2018,"181179595",2018/11/26,16:20:00,COLISIÓN POR ALCANCE,ASFALTO,Bueno,Bueno,2,RENAULT,GRIS,2,,45,MASCULINO,SIN DATOS,0,0,Morelia,Rafael Carrillo,noviembre,lunes,16,-101.233461499214,19.7120156892818
19064,19065,2018,"181179285",2018/11/26,16:30:00,COLISIÓN POR ALCANCE,ASFALTO,Bueno,Bueno,2,KENWORTH,BLANCO,2,,34,MASCULINO,SIN DATOS,0,0,Morelia,El Lago 1,noviembre,lunes,17,-101.216847896576,19.7274428850065
19065,19066,2018,"18147929",2018/11/26,16:50:00,COLISIÓN POR CAMBIO DE CARRIL,ASFALTO,Bueno,Bueno,2,KENWORTH,AMARILLO,2,,28,MASCULINO,SIN DATOS,0,0,Morelia,El Lago 1,noviembre,lunes,17,-101.212213039398,19.7267662405429
19066,19067,2018,"181179198",2018/11/26,17:00:00,COLISIÓN POR CORTE DE CIRCULACIÓN,CONCRETO,Bueno,Bueno,1,VOLVO,BLANCO,1,,44,MASCULINO,SIN DATOS,0,0,Morelia,Camelinas,noviembre,lunes,17,-101.170284748077,19.6853743930783
19067,19068,2018,"181179391",2018/11/26,17:50:00,COLISIÓN POR ALCANCE,ASFALTO,Bueno,Bueno,2,NISSAN,ROJO Y AMARILLO,2,,30,MASCULINO,SIN DATOS,0,0,Morelia,Rafael Carrillo,noviembre,lunes,18,-101.237704753876,19.7072231084214
19068,19069,2018,"181179420",2018/11/26,18:00:00,COLISIÓN CONTRA OBJETO FIJO,ASFALTO,Bueno,Bueno,1,HONDA,ROJO,1,MINISTERIO PÚBLICO,,,,1,0,Morelia,El Lago 1,noviembre,lunes,18,-101.215152740479,19.7272409018845
19069,19070,2018,,2018/11/26,18:37:00,COLISIÓN CON PEATÓN,ASFALTO,Bueno,Bueno,2,KAWASAKI,AZUL/BLANCO,1,MINISTERIO PÚBLICO,0,,SIN DATOS,0,0,Morelia,Molino de Parras,noviembre,lunes,19,-101.200373830198,19.695987086841
19070,19071,2018,"181179893",2018/11/26,20:30:00,COLISIÓN POR CORTE DE CIRCULACIÓN,ASFALTO,Bueno,Bueno,2,TOYOTA,BLANCO Y ROSA,2,,39,MASCULINO,SIN DATOS,0,0,Morelia,Villas del Real,noviembre,lunes,21,-101.199064850807,19.7331891978518
19071,19072,2018,,2018/11/26,21:15:00,COLISIÓN CONTRA OBJETO FIJO,SIN_DATOS,Bueno,Bueno,1,HONDA,GRIS,1,,,,SIN DATOS,0,0,Morelia,Jardines del Rincon,noviembre,lunes,21,-101.150382757187,19.6906979563513
19072,19073,2018,,2018/11/27,"04:40:00",COLISIÓN CONTRA OBJETO FIJO,ASFALTO,Bueno,Bueno,2,NISSAN,GRIS,2,,33,MASCULINO,SIN DATOS,0,0,Apatzingán,Centro,noviembre,martes,5,-102.354683876038,19.0854495797821
19073,19074,2018,"181180292",2018/11/27,"06:20:00",COLISIÓN POR CORTE DE CIRCULACIÓN,ASFALTO,Bueno,Bueno,2,VOLKWAGEN,PLATA,2,,48,MASCULINO,SIN DATOS,0,0,Morelia,Centro,noviembre,martes,6,-101.187429428101,19.7028950168553
19075,19076,2018,"181180532",2018/11/27,"08:30:00",COLISIÓN POR CAMBIO DE CARRIL,ASFALTO,Bueno,Bueno,1,FORD,GRIS,1,,48,MASCULINO,SIN DATOS,0,0,Morelia,Felix Ireta,noviembre,martes,9,-101.190798282623,19.6891221192509
19076,19077,2018,"181180501",2018/11/27,"09:30:00",COLISIÓN POR CORTE DE CIRCULACIÓN,CONCRETO,Bueno,Bueno,2,RENAULT,CAFE,2,MINISTERIO PÚBLICO,29,MASCULINO,SIN DATOS,0,0,Morelia,La Soledad,noviembre,martes,10,-101.18555188179,19.727291397689
19077,19078,2018,"181180676",2018/11/27,10:40:00,COLISIÓN POR ALCANCE,ASFALTO,Bueno,Bueno,2,MERCEDES BENZ,BLANCO,2,,28,MASCULINO,SIN DATOS,0,0,Morelia,El Lago 1,noviembre,martes,11,-101.21071100235,19.7265693061682
19078,19079,2018,,2018/11/27,12:16:00,COLISIÓN CONTRA OBJETO FIJO,ASFALTO,Bueno,Bueno,1,MAZDA,ROJO,0,,,,,0,0,Cuitzeo,El Embarcadero,noviembre,martes,12,-101.135802268982,19.9585051551188
19079,19080,2018,"181180390",2018/11/27,13:20:00,COLISIÓN POR CAMBIO DE CARRIL,ASFALTO,Bueno,Bueno,2,NISSAN,BLANCO Y ROSA,2,,38,MASCULINO,SIN DATOS,0,0,Morelia,Cosmos,noviembre,martes,13,-101.216450929642,19.6835459557545
19080,19081,2018,"181181240",2018/11/27,13:40:00,COLISIÓN POR ALCANCE,ASFALTO,Bueno,Bueno,2,TOYOTA,BLANCO,2,,67,MASCULINO,SIN DATOS,0,0,Morelia,Alberto Oviedo Mota,noviembre,martes,14,-101.195948123932,19.6815255587459
19081,19082,2018,"181181242",2018/11/27,14:20:00,COLISIÓN POR CORTE DE CIRCULACIÓN,CONCRETO,Bueno,Bueno,2,NISSAN,BLANCO Y CREMA,1,,,MASCULINO,SIN DATOS,0,0,Morelia,Ignacio Zaragoza,noviembre,martes,14,-101.20534658432,19.7255745313861
19082,19083,2018,"181181351",2018/11/27,14:35:00,COLISIÓN POR CAMBIO DE CARRIL,ASFALTO,Bueno,Bueno,2,INTERNATIONAL,BLANCO,2,,45,MASCULINO,SIN DATOS,0,0,Morelia,Quinceo,noviembre,martes,15,-101.224100589752,19.7253624466215
19083,19084,2018,"181182208",2018/11/27,14:50:00,SUBIDA AL CAMELLÓN,ASFALTO,Bueno,Bueno,1,VOLKWAGEN,PLATA,1,,45,FEMENINO,SIN DATOS,0,0,Morelia,Felix Ireta,noviembre,martes,15,-101.195797920227,19.6816871914444
19084,19085,2018,"18182027",2018/11/27,18:20:00,COLISIÓN POR CORTE DE CIRCULACIÓN,ASFALTO,Bueno,Bueno,1,TOYOTA,BLANCO,1,,0,MASCULINO,SIN DATOS,0,0,Morelia,Los Manantiales de Morelia,noviembre,martes,18,-101.241357922554,19.6954657792692
19085,19086,2018,"181182245",2018/11/27,19:20:00,COLISIÓN POR ALCANCE,ASFALTO,Bueno,Bueno,2,FORD,AMARILLO,1,,37,MASCULINO,SIN DATOS,0,0,Morelia,Los Manantiales de Morelia,noviembre,martes,19,-101.242967247963,19.7001728549475
19086,19087,2018,"181182371",2018/11/27,19:43:00,COLISIÓN POR CAMBIO DE CARRIL,ASFALTO,Bueno,Bueno,2,FREIGHTLINER,BLANCO Y AZUL,2,,38,MASCULINO,SIN DATOS,0,0,Morelia,Quinceo,noviembre,martes,20,-101.224250793457,19.725564432118
19087,19088,2018,"181182370",2018/11/27,21:10:00,COLISIÓN POR ALCANCE,ASFALTO,Bueno,Bueno,2,MERCEDES BENZ,BLANCO,2,,,MASCULINO,SIN DATOS,0,0,Morelia,El Durazno,noviembre,martes,21,-101.181056499481,19.6568544567542
19088,19089,2018,,2018/11/27,21:30:00,COLISIÓN POR ALCANCE,ASFALTO,Bueno,Bueno,2,FORD,NEGRO,2,MINISTERIO PÚBLICO,,,SIN DATOS,0,0,Hidalgo,Sin datos,noviembre,martes,22,-100.633006095886,19.6855461236883
19089,19090,2018,"181182576",2018/11/27,22:30:00,COLISIÓN POR ALCANCE,CONCRETO,Bueno,Bueno,2,BMW,BLANCO,2,,24,MASCULINO,SIN DATOS,0,0,Morelia,Vasco de Quiroga,noviembre,martes,23,-101.175853013992,19.6982132737391
19090,19091,2018,,2018/11/28,"00:00:00",COLISIÓN CON PEATÓN,CONCRETO,Lluvioso,Regular,2,CHEVROLET,GRIS,0,MINISTERIO PÚBLICO,,,,0,0,Acuitzio,Sin Nombre,noviembre,miércoles,0,-101.333084106445,19.4751902067708
19091,19092,2018,,2018/11/28,"01:00:00",COLISIÓN POR CORTE DE CIRCULACIÓN,ASFALTO,Bueno,Regular,1,VW,BLANCO,1,,27,MASCULINO,SIN DATOS,0,0,Peribán,Sin datos,noviembre,miércoles,1,-102.445106506348,19.5531175943325
19092,19093,2018,"181180405",2018/11/28,"01:15:00",COLISIÓN CONTRA OBJETO FIJO,ASFALTO,Bueno,Bueno,1,VOLKSWAGEN,AZUL,1,,28,MASCULINO,SIN DATOS,0,0,Morelia,Ampliacion La Soledad,noviembre,miércoles,1,-101.183094978333,19.7320682286216
19093,19094,2018,"181182923",2018/11/28,"07:05:00",COLISIÓN POR CORTE DE CIRCULACIÓN,ASFALTO,Bueno,Bueno,1,S/D,S/D,1,,,,,1,0,Morelia,Fovissste La Huerta,noviembre,miércoles,7,-101.212084293365,19.6923949943444
19094,19095,2018,"181182950",2018/11/28,"07:10:00",COLISIÓN POR INVASIÓN DE CARRIL,ASFALTO,Bueno,Bueno,2,NISSAN,BLANCO,1,,38,MASCULINO,SIN DATOS,0,0,Morelia,Infonavit Adolfo Lopez Mateos,noviembre,miércoles,7,-101.228606700897,19.6991021589103
19095,19096,2018,,2018/11/28,"08:10:00",COLISIÓN POR INVASIÓN DE CARRIL,ASFALTO,Lluvioso,Bueno,1,KODIAK,BLANCO,1,MINISTERIO PÚBLICO,,,,1,0,Tacámbaro,Sin datos,noviembre,miércoles,8,-101.468267440796,19.2465723736933
19096,19097,2018,"181182949",2018/11/28,"08:10:00",COLISIÓN POR CORTE DE CIRCULACIÓN,ASFALTO,Bueno,Bueno,1,HONDA,ARENA,1,,48,FEMENINO,SIN DATOS,0,0,Morelia,Gertrudis Bocanegra,noviembre,miércoles,8,-101.20899438858,19.7043141589643
19097,19098,2018,,2018/11/28,"08:28:00",COLISIÓN POR CORTE DE CIRCULACIÓN,ASFALTO,Lluvioso,Bueno,2,S/D,S/D,1,,32,MASCULINO,SIN DATOS,0,0,Morelia,Sin datos,noviembre,miércoles,8,-101.278517246246,19.6436586076585
19098,19099,2018,"181183184",2018/11/28,"08:30:00",COLISIÓN POR CAMBIO DE CARRIL,ASFALTO,Bueno,Bueno,2,INTERNATIONAL,ROJO,2,,53,MASCULINO,SIN DATOS,0,0,Morelia,Los Manantiales de Morelia,noviembre,miércoles,9,-101.242468357086,19.6977890313486
19099,19100,2018,"181183226",2018/11/28,"09:00:00",COLISIÓN POR ALCANCE,ASFALTO,Bueno,Bueno,3,NISSAN,BLANCO,3,,42,MASCULINO,SIN DATOS,0,0,Morelia,Lomas de Morelia (Dr Ignacio Chavez),noviembre,miércoles,9,-101.175220012665,19.7173737155316
19100,19101,2018,"181183123",2018/11/28,"09:00:00",COLISIÓN POR ALCANCE,ASFALTO,Lluvioso,Regular,2,NISSAN,NEGRO,2,,25,MASCULINO,SIN DATOS,0,0,Morelia,Los Angeles,noviembre,miércoles,9,-101.176507472992,19.7418537215876
19101,19102,2018,"181183255",2018/11/28,"09:05:00",COLISIÓN POR ALCANCE,ASFALTO,Lluvioso,Regular,3,FORD,BLANCO,3,,24,MASCULINO,SIN DATOS,0,0,Morelia,Tinijaro,noviembre,miércoles,9,-101.264505386353,19.6963546797001
19102,19103,2018,,2018/11/28,10:06:00,COLISIÓN CON PEATÓN,SIN_DATOS,Bueno,Bueno,2,VENTO,NEGRO,2,,0,MASCULINO,SIN DATOS,0,0,Pátzcuaro,Centro,noviembre,miércoles,10,-101.612570285797,19.5120349440901
19103,19104,2018,"181183343",2018/11/28,10:40:00,COLISIÓN POR CORTE DE CIRCULACIÓN,ASFALTO,Nublado,Regular,2,TOYOTA,GRIS/BLANCO,2,,40,MASCULINO,SIN DATOS,0,0,Morelia,Alberto Oviedo Mota,noviembre,miércoles,11,-101.195894479752,19.6824953524906
19104,19105,2018,"181183545",2018/11/28,11:55:00,COLISIÓN POR CORTE DE CIRCULACIÓN,CONCRETO,Bueno,Bueno,2,NISSAN,BLANCO/ROJO,2,,48,MASCULINO,SIN DATOS,0,0,Morelia,Centro,noviembre,miércoles,12,-101.198490858078,19.7031626851914
19105,19106,2018,"181183833",2018/11/28,13:00:00,COLISIÓN POR MANIOBRA DE REVERSA,CONCRETO,Nublado,Regular,1,EAGLE,BLANCO,1,,54,MASCULINO,SIN DATOS,0,0,Morelia,Centro,noviembre,miércoles,13,-101.194274425507,19.703102081079
19106,19107,2018,,2018/11/28,15:00:00,COLISIÓN CON PEATÓN,ASFALTO,Bueno,Bueno,1,NISSAN,VINO,2,,50,FEMENINO,SIN DATOS,1,0,Morelia,Industrial,noviembre,miércoles,15,-101.193941831589,19.7113743300931
19107,19108,2018,"181184680",2018/11/28,17:25:00,COLISIÓN POR CORTE DE CIRCULACIÓN,ASFALTO,Bueno,Bueno,2,CHEVROLET,GUINDA,1,,56,MASCULINO,SIN DATOS,0,0,Morelia,Lomas de La Maestranza,noviembre,miércoles,17,-101.331367492676,19.6848187927844
19108,19109,2018,,2018/11/28,18:00:00,COLISIÓN CONTRA OBJETO FIJO,ASFALTO,Bueno,Bueno,1,CHEVROLET,GRIS,1,,42,MASCULINO,SIN DATOS,0,0,Morelia,Nicolaitas Ilustres,noviembre,miércoles,18,-101.22832775116,19.7195451547734
19109,19110,2018,,2018/11/28,18:36:00,SALIDA DE SUPERFICIE DE RODAMIENTO,ASFALTO,Lluvioso,Bueno,1,KAWASAKI,BLANCO,2,,33,MASCULINO,SIN DATOS,1,0,Zacapu,Villa Guzman,noviembre,miércoles,19,-101.782236099243,19.8076503657942