fid,id_accidente,anio_origen,folio_c5i,dia_incidente,hora_ocurrencia,tipo_incidente_vial,superficie_ocurrencia,condiciones_climaticas,condiciones_via,numero_vehiculos_involucrados,marca_vehiculo_ocasiona_siniestro,color_vehiculo_ocasiona_siniestro,numero_personas_involucradas,lugar_remite_presunto_responsable,edad_presunto_responsable,sexo_presunto_responsable,resultados_toxicologia,numero_personas_lesionadas,numero_personas_fallecidas,municipio,colonia,mes,dia_semana,hora_redondeada,lon,lat
19110,19111,2018,,2018/11/28,18:50:00,COLISIÓN POR ALCANCE,ASFALTO,Nublado,Regular,4,NISSAN,BLANCO,4,,19,MASCULINO,SIN DATOS,0,0,Morelia,Jardines de Torremolinos,noviembre,miércoles,19,-101.225731372833,19.6769593676334
19111,19112,2018,"181184880",2018/11/28,19:20:00,COLISIÓN POR CORTE DE CIRCULACIÓN,ASFALTO,Bueno,Bueno,2,NISSAN,BLANCO/ROJO,2,,18,MASCULINO,SIN DATOS,0,0,Morelia,Ciudad Industrial,noviembre,miércoles,19,-101.143097877502,19.7253422480579
19112,19113,2018,,2018/11/28,20:30:00,SALIDA DE SUPERFICIE DE RODAMIENTO,ASFALTO,Lluvioso,Regular,1,FORD,PLATA,1,,,,SIN DATOS,0,0,Peribán,Sin datos,noviembre,miércoles,21,-102.41283416748,19.5396907944088
19113,19114,2018,"181185204",2018/11/28,21:00:00,COLISIÓN POR CORTE DE CIRCULACIÓN,ASFALTO,Bueno,Bueno,1,S/D,S/D,1,,,,,1,0,Morelia,Los Manantiales de Morelia,noviembre,miércoles,21,-101.242436170578,19.6977082231468
19114,19115,2018,"181185331",2018/11/28,22:30:00,COLISIÓN POR ALCANCE,ASFALTO,Lluvioso,Regular,2,NISSAN,GRIS,2,,27,MASCULINO,SIN DATOS,0,0,Morelia,Centro,noviembre,miércoles,23,-101.18185043335,19.7023495781052
19115,19116,2018,"181185407",2018/11/28,23:10:00,COLISIÓN POR NO RESPETAR SEMÁFORO,ASFALTO,Lluvioso,Regular,2,FORD,BLANCO,2,,27,MASCULINO,SIN DATOS,0,0,Morelia,Felix Ireta,noviembre,miércoles,23,-101.195733547211,19.6817478036643
19116,19117,2018,"181185472",2018/11/29,"00:25:00",SUBIDA AL CAMELLÓN,ASFALTO,Lluvioso,Regular,1,FORD,BLANCO,1,,49,MASCULINO,ALIENTO ETÍLICO,0,0,Morelia,Martires de Uruapan,noviembre,jueves,0,-101.197171211243,19.7246554953734
19117,19118,2018,"181185481",2018/11/29,"01:06:00",COLISIÓN CONTRA OBJETO FIJO,ASFALTO,Bueno,Bueno,1,VOLKWAGEN,ROJO,0,,,,,0,0,Morelia,Alberto Oviedo Mota,noviembre,jueves,1,-101.195948123932,19.6816467832851
19118,19119,2018,,2018/11/29,"03:10:00",SUBIDA AL CAMELLÓN,ASFALTO,Lluvioso,Malo,2,KENWORTH,GRIS,1,,53,MASCULINO,SIN DATOS,0,0,Morelia,Barrio Alto,noviembre,jueves,3,-101.196978092194,19.7249079783211
19119,19120,2018,"181188165",2018/11/29,"04:30:00",SALIDA DE SUPERFICIE DE RODAMIENTO,CONCRETO,Bueno,Bueno,1,AUDI,BLANCO,1,,54,MASCULINO,SIN DATOS,0,0,Morelia,Balcones de Santa Maria,noviembre,jueves,5,-101.188008785248,19.6763431239102
19120,19121,2018,"181188180",2018/11/29,"06:14:00",COLISIÓN POR ALCANCE,ASFALTO,Lluvioso,Regular,2,CHEVROLET,AZUL,2,,20,MASCULINO,SIN DATOS,0,0,Morelia,Industrial,noviembre,jueves,6,-101.188427209854,19.7108390204544
19121,19122,2018,"181185626",2018/11/29,"06:50:00",COLISIÓN CONTRA OBJETO FIJO,ASFALTO,Nublado,Regular,1,SIN DATOS,SIN DATOS,2,,0,,SIN DATOS,1,0,Morelia,Lomas de Huerta,noviembre,jueves,7,-101.214337348938,19.6744741735349
19122,19123,2018,"181188775",2018/11/29,"08:00:00",COLISIÓN CONTRA OBJETO FIJO,CONCRETO,Lluvioso,Regular,1,RENAULT,ROJO,1,,0,FEMENINO,SIN DATOS,0,0,Morelia,Bosques Tres Marias,noviembre,jueves,8,-101.10408782959,19.7244737074041
19123,19124,2018,"181185775",2018/11/29,"08:45:00",COLISIÓN POR CAMBIO DE CARRIL,ASFALTO,Lluvioso,Regular,2,CHEVROLET,AMARILLO,2,,28,FEMENINO,SIN DATOS,0,0,Morelia,Indeco El Vivero,noviembre,jueves,9,-101.229969263077,19.6770906979566
19124,19125,2018,"181186461",2018/11/29,"09:50:00",COLISIÓN POR CORTE DE CIRCULACIÓN,ASFALTO,Lluvioso,Bueno,2,S/D,S/D,1,,26,MASCULINO,SIN DATOS,0,0,Morelia,Lomas del Tecnologico,noviembre,jueves,10,-101.188609600067,19.7200905348786
19125,19126,2018,,2018/11/29,11:00:00,COLISIÓN POR CAMBIO DE CARRIL,CONCRETO,Lluvioso,Bueno,2,KIA,GRIS,2,,22,MASCULINO,SIN DATOS,0,0,Cuitzeo,Centro,noviembre,jueves,11,-101.139959692955,19.9676061203917
19126,19127,2018,"181186910",2018/11/29,11:05:00,COLISIÓN POR CAMBIO DE CARRIL,ASFALTO,Lluvioso,Regular,2,NISSAN,BLANCO,2,MINISTERIO PÚBLICO,20,MASCULINO,SIN DATOS,0,0,Morelia,Jardines de Torremolinos,noviembre,jueves,11,-101.225774288177,19.6769997769751
19127,19128,2018,"181186262",2018/11/29,11:17:00,COLISIÓN POR CORTE DE CIRCULACIÓN,ASFALTO,Bueno,Bueno,2,VOLKSWAGEN,BLANCO Y ROJO,2,,,MASCULINO,SIN DATOS,0,0,Morelia,Guadalupe,noviembre,jueves,11,-101.225924491882,19.7080513413003
19128,19129,2018,"181186175",2018/11/29,11:30:00,COLISIÓN POR ALCANCE,CONCRETO,Lluvioso,Regular,2,SEAT,GRIS,2,,34,FEMENINO,SIN DATOS,0,0,Morelia,Chapultepec Oriente,noviembre,jueves,12,-101.163005232811,19.6921424600681
19129,19130,2018,"181186124",2018/11/29,11:32:00,COLISIÓN POR CORTE DE CIRCULACIÓN,ASFALTO,Lluvioso,Regular,2,TOYOTA,BLANCO Y MORADO,2,,49,MASCULINO,SIN DATOS,0,0,Morelia,Obrera,noviembre,jueves,12,-101.187386512756,19.7083442519016
19130,19131,2018,"181786471",2018/11/29,13:20:00,COLISIÓN POR CORTE DE CIRCULACIÓN,ASFALTO,Lluvioso,Bueno,2,VOLKSWAGEN,NEGRO,1,MINISTERIO PÚBLICO,,,,0,1,Morelia,La Soledad,noviembre,jueves,13,-101.183341741562,19.7292405235429
19131,19132,2018,,2018/11/29,13:35:00,COLISIÓN POR ALCANCE,ASFALTO,Bueno,Bueno,2,NISSAN,GRIS,2,,76,,SIN DATOS,0,0,José Sixto Verduzco,Centro,noviembre,jueves,14,-101.599760055542,20.3009019394126
19133,19134,2018,,2018/11/29,13:45:00,COLISIÓN POR ALCANCE,ASFALTO,Nublado,Bueno,2,INTERNATIONAL,BLANCO,2,,36,MASCULINO,CON CERTIFICADO,0,0,Zitácuaro,Sin datos,noviembre,jueves,14,-100.343595743179,19.371144368144
19134,19135,2018,"181186925",2018/11/29,14:00:00,COLISIÓN POR ALCANCE,ASFALTO,Lluvioso,Regular,2,DODGE,AZUL,2,,28,MASCULINO,SIN DATOS,0,0,Morelia,Agustin Arriaga Rivera,noviembre,jueves,14,-101.224572658539,19.6911424204216
19135,19136,2018,"181186659",2018/11/29,14:39:00,COLISIÓN CONTRA OBJETO FIJO,ASFALTO,Lluvioso,Regular,1,DATSUN,GRIS,1,,49,MASCULINO,SIN DATOS,0,0,Morelia,Lomas de Hidalgo,noviembre,jueves,15,-101.158976554871,19.6956880048397
19136,19137,2018,"181186695",2018/11/29,14:53:00,CAIDA DE MOTOCICLETA,ASFALTO,Lluvioso,Bueno,1,YAMAHA,NEGRO,1,,,MASCULINO,SIN DATOS,0,0,Morelia,Centro,noviembre,jueves,15,-101.196999549866,19.7014657613683
19137,19138,2018,"181186773",2018/11/29,15:10:00,COLISIÓN POR ALCANCE,ASFALTO,Lluvioso,Regular,2,MAZDA,PLATA,2,,40,FEMENINO,SIN DATOS,0,0,Morelia,Infonavit Benito Juarez,noviembre,jueves,15,-101.197793483734,19.6840611529138
19139,19140,2018,"181186907",2018/11/29,16:00:00,COLISIÓN POR CORTE DE CIRCULACIÓN,CONCRETO,Bueno,Bueno,2,S/D,S/D,1,,,,SIN DATOS,0,0,Morelia,Chapultepec Norte,noviembre,jueves,16,-101.166840791702,19.6954051722418
19140,19141,2018,"181186933",2018/11/29,16:02:00,COLISIÓN POR ALCANCE,ASFALTO,Lluvioso,Regular,2,NISSAN,BLANCO,2,,39,MASCULINO,SIN DATOS,0,0,Morelia,Independencia,noviembre,jueves,16,-101.177859306335,19.7049403956071
19141,19142,2018,"181187000",2018/11/29,16:15:00,COLISIÓN POR CAMBIO DE CARRIL,ASFALTO,Lluvioso,Regular,2,FREIGHTLINER,BLANCO,2,,19,MASCULINO,SIN DATOS,0,0,Morelia,Libertad,noviembre,jueves,16,-101.236953735352,19.6848490983047
19142,19143,2018,"181186930",2018/11/29,16:29:00,COLISIÓN POR CAMBIO DE CARRIL,SIN_DATOS,Bueno,Bueno,3,VOLKSWAGEN,BLANCO,3,MINISTERIO PÚBLICO,48,MASCULINO,SIN DATOS,0,0,Morelia,Ventura Puente,noviembre,jueves,16,-101.180262565613,19.6884352110458
19143,19144,2018,"181187012",2018/11/29,17:00:00,COLISIÓN POR CORTE DE CIRCULACIÓN,ASFALTO,Lluvioso,Regular,2,RENAULT,GRIS,2,,46,MASCULINO,SIN DATOS,0,0,Morelia,Morelos,noviembre,jueves,17,-101.20610833168,19.6992536729356
19144,19145,2018,"181187191",2018/11/29,17:50:00,COLISIÓN POR CORTE DE CIRCULACIÓN,CONCRETO,Lluvioso,Regular,2,CHEVROLET,GRIS,2,,0,MASCULINO,SIN DATOS,0,0,Morelia,Industrial,noviembre,jueves,18,-101.196817159653,19.7119197380708
19146,19147,2018,"181187564",2018/11/29,19:40:00,COLISIÓN POR CAMBIO DE CARRIL,ASFALTO,Lluvioso,Bueno,2,NISSAN,BLANCO,2,,33,MASCULINO,SIN DATOS,0,0,Morelia,Morelia 450,noviembre,jueves,20,-101.217159032822,19.6756157512201
19147,19148,2018,"181187995",2018/11/29,20:13:00,COLISIÓN POR INVASIÓN DE CARRIL,ASFALTO,Lluvioso,Bueno,2,CHEVROLET,GRIS,2,MINISTERIO PÚBLICO,35,MASCULINO,SIN DATOS,0,0,Morelia,Quinceo,noviembre,jueves,20,-101.224229335785,19.7254432408508
19148,19149,2018,"181187546",2018/11/29,20:30:00,COLISIÓN POR CORTE DE CIRCULACIÓN,ASFALTO,Lluvioso,Regular,2,HONDA,NEGRO,2,MINISTERIO PÚBLICO,60,MASCULINO,SIN DATOS,0,0,Morelia,Sin datos,noviembre,jueves,21,-101.357138156891,19.6696451089456
19149,19150,2018,"181187429",2018/11/29,20:45:00,COLISIÓN POR CORTE DE CIRCULACIÓN,CONCRETO,Nublado,Regular,2,VOLKSWAGEN,NEGRO,3,,34,MASCULINO,SIN DATOS,1,0,Morelia,Jardines del Rincon,noviembre,jueves,21,-101.147228479385,19.6885665319599
19150,19151,2018,"181197996",2018/11/29,21:23:00,SUBIDA AL CAMELLÓN,ASFALTO,Lluvioso,Bueno,1,FORD,BLANCO,1,,30,MASCULINO,SIN DATOS,0,0,Morelia,Arcos del Valle,noviembre,jueves,21,-101.236256361008,19.7076978277912
19151,19152,2018,"181189160",2018/11/30,"00:00:00",COLISIÓN POR ALCANCE,ASFALTO,Bueno,Bueno,2,DINA,GUINDA,2,,26,MASCULINO,SIN DATOS,0,0,Morelia,Libertad,noviembre,viernes,0,-101.236910820007,19.68500062582
19152,19153,2018,LEG19798,2018/11/30,"05:40:00",SALIDA DE SUPERFICIE DE RODAMIENTO,ASFALTO,Bueno,Bueno,1,VOLKSWAGEN,ROJO,0,,,,,0,0,Morelia,Canteras de Morelia,noviembre,viernes,6,-101.171636581421,19.7150810476714
19153,19154,2018,"181188220",2018/11/30,"07:20:00",COLISIÓN POR NO RESPETAR SEMÁFORO,CONCRETO,Bueno,Bueno,2,NISSAN,BLANCO,2,MINISTERIO PÚBLICO,,,,2,0,Morelia,La Huerta,noviembre,viernes,7,-101.214809417725,19.6743428410672
19154,19155,2018,"181188266",2018/11/30,"08:00:00",COLISIÓN POR CAMBIO DE CARRIL,ASFALTO,Bueno,Bueno,2,VOLKSWAGEN,AZUL,2,,25,MASCULINO,SIN DATOS,0,0,Morelia,Elias Perez Avalos,noviembre,viernes,8,-101.165220737457,19.7106774171926
19155,19156,2018,"181188502",2018/11/30,"09:50:00",COLISIÓN POR CAMBIO DE CARRIL,ASFALTO,Bueno,Bueno,2,KENWORTH,BLANCO,2,,55,MASCULINO,SIN DATOS,0,0,Tarímbaro,Sin datos,noviembre,viernes,10,-101.167774200439,19.7586865975403
19156,19157,2018,"181188674",2018/11/30,11:00:00,COLISIÓN POR CORTE DE CIRCULACIÓN,ASFALTO,Bueno,Bueno,2,RAM,BLANCO,2,,34,MASCULINO,SIN DATOS,0,0,Morelia,Felix Ireta,noviembre,viernes,11,-101.181657314301,19.6815457628422
19157,19158,2018,,2018/11/30,12:20:00,COLISIÓN POR ALCANCE,ASFALTO,Bueno,Bueno,2,VOLKSWAGEN,VERDE,2,MINISTERIO PÚBLICO,,,SIN DATOS,0,0,Hidalgo,Sin datos,noviembre,viernes,12,-100.601291656494,19.6994051868175
19158,19159,2018,"181188996",2018/11/30,12:30:00,COLISIÓN POR CAMBIO DE CARRIL,ASFALTO,Bueno,Bueno,2,VOLKSWAGEN,GRIS,2,,23,MASCULINO,SIN DATOS,0,0,Morelia,Canteras de Morelia,noviembre,viernes,13,-101.172494888306,19.7154042451312
19159,19160,2018,"181189025",2018/11/30,13:22:00,COLISIÓN POR CORTE DE CIRCULACIÓN,SIN_DATOS,Bueno,Bueno,1,SIN DATOS,SIN DATOS,2,,0,,SIN DATOS,1,0,Morelia,La Esperanza,noviembre,viernes,13,-101.252317428589,19.6982940816859
19160,19161,2018,,2018/11/30,14:30:00,COLISIÓN CONTRA OBJETO FIJO,ASFALTO,Bueno,Bueno,1,NISSAN,GRIS,1,,0,MASCULINO,ALIENTO ETÍLICO,0,0,Morelia,La Soledad,noviembre,viernes,15,-101.183384656906,19.7282003194397
19161,19162,2018,"181189468",2018/11/30,15:00:00,COLISIÓN CON PEATÓN,ASFALTO,Bueno,Bueno,1,YAMAHA,BLANCO,2,,23,MASCULINO,SIN DATOS,1,0,Morelia,Nueva Chapultepec,noviembre,viernes,15,-101.16924405098,19.6895261815245
19162,19163,2018,"18189820",2018/11/30,16:11:00,COLISIÓN POR CAMBIO DE CARRIL,ASFALTO,Bueno,Bueno,2,HONDA,GRIS,2,,65,MASCULINO,SIN DATOS,0,0,Morelia,Jardines del Toreo,noviembre,viernes,16,-101.215431690216,19.6855663272773
19163,19164,2018,,2018/11/30,16:40:00,COLISIÓN POR CAMBIO DE CARRIL,ASFALTO,Bueno,Bueno,2,CHEVROLET,VINO,2,,54,MASCULINO,SIN DATOS,0,0,Morelia,La Quemada,noviembre,viernes,17,-101.240918040276,19.7057711654348
19164,19165,2018,"181189866",2018/11/30,17:20:00,COLISIÓN POR CAMBIO DE CARRIL,ASFALTO,Bueno,Bueno,2,NAVISTAR,AMARILLO,2,,47,MASCULINO,SIN DATOS,0,0,Morelia,Victor Manuel Tinoco Rubi,noviembre,viernes,17,-101.242747306824,19.700778906133
19165,19166,2018,"181189846",2018/11/30,17:30:00,COLISIÓN POR CAMBIO DE CARRIL,CONCRETO,Bueno,Bueno,2,FORD,AZUL,2,,23,MASCULINO,SIN DATOS,0,0,Morelia,Las Americas,noviembre,viernes,18,-101.155440489225,19.6932890327295
19166,19167,2018,"181189928",2018/11/30,17:40:00,COLISIÓN POR ALCANCE,ASFALTO,Bueno,Bueno,2,NISSAN,GRIS,2,,0,MASCULINO,SIN DATOS,0,0,Morelia,El Eden,noviembre,viernes,18,-101.247725486755,19.6489734522823
19167,19168,2018,LEG19804,2018/11/30,18:03:00,COLISIÓN POR ALCANCE,ASFALTO,Nublado,Bueno,3,FORD,BLANCO,3,,0,MASCULINO,SIN DATOS,0,0,Morelia,El Eden,noviembre,viernes,18,-101.249527931213,19.646164487889
19168,19169,2018,"181190132",2018/11/30,18:56:00,COLISIÓN CON PEATÓN,ASFALTO,Bueno,Bueno,1,FORD,AMARILLO,1,MINISTERIO PÚBLICO,,,,1,0,Morelia,Ventura Puente,noviembre,viernes,19,-101.190664172173,19.6939379701198
19169,19170,2018,"181190191",2018/11/30,19:15:00,COLISIÓN CON PEATÓN,ASFALTO,Bueno,Bueno,2,CHEVROLET,BLANCO,2,,41,MASCULINO,SIN DATOS,0,0,Morelia,Chapultepec Oriente,noviembre,viernes,19,-101.162329316139,19.690440368655
19170,19171,2018,,2018/11/30,21:20:00,COLISIÓN POR CORTE DE CIRCULACIÓN,ASFALTO,Bueno,Bueno,2,TOYOTA,ROJO,2,,0,MASCULINO,SIN DATOS,0,0,Morelia,Pascual Ortiz de Ayala,noviembre,viernes,21,-101.149513721466,19.6947889994947
19171,19172,2018,"181190696",2018/11/30,22:20:00,COLISIÓN POR ALCANCE,ASFALTO,Bueno,Bueno,3,FORD,NEGRO,3,,30,MASCULINO,ALIENTO ETÍLICO,0,0,Morelia,Lomas de Hidalgo,noviembre,viernes,22,-101.160607337952,19.6957486117599
19172,19173,2018,,2018/12/01,"00:00:00",COLISIÓN POR CAMBIO DE CARRIL,ASFALTO,Bueno,Bueno,2,FORD,NEGRO,2,,,,SIN DATOS,0,0,Hidalgo,Aquiles Cordova Moran,diciembre,sábado,0,-100.533957481384,19.7063948712542
19173,19174,2018,"181140946",2018/12/01,"02:00:00",COLISIÓN POR ALCANCE,ASFALTO,Bueno,Bueno,3,SIN DATOS,SIN DATOS,2,,30,MASCULINO,SIN DATOS,0,0,Morelia,Cinco de Diciembre,diciembre,sábado,2,-101.165843009949,19.684697570646
19174,19175,2018,"181190345",2018/12/01,"02:10:00",COLISIÓN POR INVASIÓN DE CARRIL,SIN_DATOS,Bueno,Bueno,2,NISSAN,PLATA,2,MINISTERIO PÚBLICO,0,,SIN DATOS,1,0,Morelia,Centro,diciembre,sábado,2,-101.200164556503,19.7031323831381
19175,19176,2018,"181190957",2018/12/01,"02:20:00",COLISIÓN CONTRA OBJETO FIJO,ASFALTO,Bueno,Bueno,1,MAZDA,GRIS,1,,0,,SIN DATOS,0,0,Morelia,Ventura Puente,diciembre,sábado,2,-101.180198192596,19.6883240932651
19176,19177,2018,"181191012",2018/12/01,"04:30:00",COLISIÓN CONTRA OBJETO FIJO,ASFALTO,Bueno,Bueno,1,MAZDA,ROJO,1,,19,MASCULINO,ALIENTO ETÍLICO,0,0,Morelia,Sin datos,diciembre,sábado,5,-101.164598464966,19.6650785793052
19177,19178,2018,"181191057",2018/12/01,"05:09:00",COLISIÓN CONTRA OBJETO FIJO,ASFALTO,Bueno,Bueno,1,VOLKSWAGEN,BLANCO,1,,,,,1,0,Morelia,Leandro Valle,diciembre,sábado,5,-101.230537891388,19.7158284408059
19178,19179,2018,"181191395",2018/12/01,10:20:00,COLISIÓN CONTRA OBJETO FIJO,CONCRETO,Bueno,Bueno,1,NISSAN,GRIS,1,,18,FEMENINO,SIN DATOS,0,0,Morelia,Manantiales de Morelia,diciembre,sábado,10,-101.237490177155,19.6982435767239
19179,19180,2018,,2018/12/01,10:30:00,COLISIÓN CONTRA OBJETO FIJO,ASFALTO,Bueno,Regular,1,ATOS,BLANCO,1,,24,MASCULINO,SIN DATOS,0,0,Peribán,Los Cerritos,diciembre,sábado,11,-102.428841590881,19.5334623212773
19180,19181,2018,"181391211",2018/12/01,12:00:00,COLISIÓN POR ALCANCE,ASFALTO,Bueno,Bueno,2,FORD,BLANCO,2,,37,MASCULINO,SIN DATOS,0,0,Morelia,Reforma,diciembre,sábado,12,-101.238777637482,19.7068190908268
19181,19182,2018,,2018/12/01,13:30:00,COLISIÓN POR CORTE DE CIRCULACIÓN,ASFALTO,Bueno,Bueno,2,HONDA,ROJO/NEGRO,2,MINISTERIO PÚBLICO,46,MASCULINO,SIN DATOS,0,0,Morelia,Junta de Jaujilla,diciembre,sábado,14,-101.225237846375,19.6916676945501
19182,19183,2018,"181123501",2018/12/01,13:50:00,COLISIÓN POR CORTE DE CIRCULACIÓN,CONCRETO,Bueno,Bueno,1,KENWORTH,BLANCO,1,,47,,SIN DATOS,0,0,Morelia,Virrey Antonio de Mendoza,diciembre,sábado,14,-101.161766052246,19.7068493921818
19183,19184,2018,"181191978",2018/12/01,14:00:00,COLISIÓN CON PEATÓN,ASFALTO,Bueno,Bueno,1,VOLKSWAGEN,BLANCO,2,MINISTERIO PÚBLICO,0,,SIN DATOS,1,0,Morelia,Cosmos,diciembre,sábado,14,-101.21645629406,19.6834550384368
19184,19185,2018,"181192319",2018/12/01,15:02:00,COLISIÓN POR CORTE DE CIRCULACIÓN,ASFALTO,Bueno,Bueno,1,FORD,BLANCO,1,,70,MASCULINO,SIN DATOS,0,0,Morelia,Fuentes de Valladolid,diciembre,sábado,15,-101.222448348999,19.6708574400947
19185,19186,2018,"181193028",2018/12/01,15:14:00,COLISIÓN POR CAMBIO DE CARRIL,ASFALTO,Bueno,Bueno,2,FREIGHTLINER,BLANCO,2,,37,MASCULINO,SIN DATOS,0,0,Morelia,El Lago 1,diciembre,sábado,15,-101.219294071197,19.7276448678731
19186,19187,2018,"181192284",2018/12/01,16:10:00,COLISIÓN POR CORTE DE CIRCULACIÓN,ASFALTO,Bueno,Bueno,2,HONDA,BLANCO,3,,0,MASCULINO,SIN DATOS,1,0,Morelia,La Rinconada,diciembre,sábado,16,-101.158740520477,19.6917485058015
19187,19188,2018,"181192340",2018/12/01,16:17:00,COLISIÓN POR ALCANCE,ADOQUIN_EMPEDRADO,Bueno,Bueno,3,CHEVROLET,AZUL,3,,0,MASCULINO,SIN DATOS,0,0,Morelia,Villas de La Esperanza,diciembre,sábado,16,-101.274032592773,19.6933041144408
19188,19189,2018,"181192519",2018/12/01,16:40:00,COLISIÓN CON PEATÓN,ASFALTO,Bueno,Bueno,1,SIN DATOS,SIN DATOS,1,,0,,SIN DATOS,0,0,Morelia,El Realito,diciembre,sábado,17,-101.204799413681,19.7258371121332
19189,19190,2018,"181192734",2018/12/01,19:00:00,COLISIÓN POR CORTE DE CIRCULACIÓN,ASFALTO,Bueno,Bueno,1,CHEVROLET,GRIS,1,,24,FEMENINO,SIN DATOS,0,0,Morelia,Terrazas,diciembre,sábado,19,-101.180691719055,19.7202824274361
19190,19191,2018,,2018/12/01,20:20:00,VOLCADURA,ASFALTO,Bueno,Regular,1,FORD,BLANCO,1,,25,MASCULINO,SIN DATOS,0,0,Tingüindín,San Pedro,diciembre,sábado,20,-102.480962276459,19.7454991440764
19191,19192,2018,"181192957",2018/12/01,20:25:00,COLISIÓN POR ALCANCE,ASFALTO,Bueno,Bueno,2,FORD,VERDE,2,,29,MASCULINO,SIN DATOS,0,0,Morelia,Centro,diciembre,sábado,20,-101.195304393768,19.6999708373756
19192,19193,2018,"181193375",2018/12/01,22:10:00,VOLCADURA,ASFALTO,Bueno,Bueno,1,VOLKSWAGEN,ARENA,1,,27,FEMENINO,SIN DATOS,0,0,Morelia,Sin datos,diciembre,sábado,22,-101.114859580994,19.7370973803955
19193,19194,2018,"181193393",2018/12/02,"00:10:00",COLISIÓN POR ALCANCE,CONCRETO,Bueno,Bueno,2,FORD,GRIS,2,,68,MASCULINO,ALIENTO ETÍLICO,0,0,Morelia,Centro,diciembre,domingo,0,-101.200207471848,19.7030919803914
19194,19195,2018,"181193482",2018/12/02,"00:50:00",COLISIÓN POR CORTE DE CIRCULACIÓN,ASFALTO,Bueno,Bueno,2,CHEVROLET,NEGRO,2,,28,MASCULINO,SIN DATOS,0,0,Morelia,Ciudad Industrial,diciembre,domingo,1,-101.138870716095,19.7279882381604
19195,19196,2018,,2018/12/02,"01:20:00",COLISIÓN POR ALCANCE,ASFALTO,Bueno,Regular,2,TOYOTA,AZUL,2,,25,MASCULINO,SIN DATOS,0,0,Peribán,Sin datos,diciembre,domingo,1,-102.422640323639,19.5152911986177
19196,19197,2018,"181193531",2018/12/02,"02:20:00",COLISIÓN POR CORTE DE CIRCULACIÓN,ASFALTO,Bueno,Bueno,2,TOYOTA,BLANCO,2,,0,MASCULINO,SIN DATOS,0,0,Morelia,Jardines del Toreo,diciembre,domingo,2,-101.214315891266,19.6881523656342
19197,19198,2018,"181193542",2018/12/02,"02:40:00",COLISIÓN POR CORTE DE CIRCULACIÓN,ASFALTO,Bueno,Bueno,2,NISSAN,AZUL,2,,27,MASCULINO,SIN DATOS,0,0,Morelia,Loma de Los Piñones,diciembre,domingo,3,-101.203758716583,19.6751409367106
19198,19199,2018,"181193586",2018/12/02,"03:20:00",SALIDA DE SUPERFICIE DE RODAMIENTO,ASFALTO,Bueno,Bueno,1,CHEVROLET,BLANCO,1,,0,,SIN DATOS,0,0,Morelia,Justo Mendoza,diciembre,domingo,3,-101.233016252518,19.7120611398354
19199,19200,2018,"181179608",2018/12/02,"04:10:00",COLISIÓN CONTRA OBJETO FIJO,CONCRETO,Bueno,Bueno,1,VOLKSWAGEN,GRIS,1,,0,,SIN DATOS,0,0,Morelia,Niños Heroes,diciembre,domingo,4,-101.239727139473,19.714414450847
19200,19201,2018,"181193609",2018/12/02,"04:11:00",SUBIDA AL CAMELLÓN,ASFALTO,Bueno,Bueno,1,CHEVROLET,BLANCO,1,,41,MASCULINO,SIN DATOS,0,0,Morelia,Tierra Y Libertad,diciembre,domingo,4,-101.230473518372,19.7157880412664
19201,19202,2018,"181193625",2018/12/02,"04:35:00",COLISIÓN CON PEATÓN,CONCRETO,Bueno,Bueno,1,NISSAN,BLANCO,1,,0,,SIN DATOS,0,0,Morelia,Las Margaritas,diciembre,domingo,5,-101.209233105183,19.7093669097092
19202,19203,2018,"181193633",2018/12/02,"04:35:00",COLISIÓN CONTRA OBJETO FIJO,CONCRETO,Bueno,Bueno,1,HONDA,BLANCO,1,,0,,SIN DATOS,0,0,Morelia,Los Manantiales de Morelia,diciembre,domingo,5,-101.240344047546,19.6929404670218
19203,19204,2018,LEG19839,2018/12/02,"05:50:00",COLISIÓN CONTRA OBJETO FIJO,ASFALTO,Bueno,Bueno,1,CHEVROLET,ARENA,1,,0,,SIN DATOS,0,0,Morelia,Montaña Monarca,diciembre,domingo,6,-101.165392398834,19.6717868877656
19204,19205,2018,"181193903",2018/12/02,"08:10:00",COLISIÓN POR ALCANCE,ASFALTO,Bueno,Bueno,2,NISSAN,BLANCO,2,,20,MASCULINO,SIN DATOS,0,0,Morelia,Alberto Oviedo Mota,diciembre,domingo,8,-101.201130151749,19.6805860654568
19205,19206,2018,"181193809",2018/12/02,"08:35:00",COLISIÓN CONTRA OBJETO FIJO,CONCRETO,Bueno,Bueno,1,NISSAN,ROJO/BLANCO,1,,0,,SIN DATOS,0,0,Morelia,Tlalpujahua,diciembre,domingo,9,-101.217770576477,19.6761107691042