fid,id_accidente,anio_origen,folio_c5i,dia_incidente,hora_ocurrencia,tipo_incidente_vial,superficie_ocurrencia,condiciones_climaticas,condiciones_via,numero_vehiculos_involucrados,marca_vehiculo_ocasiona_siniestro,color_vehiculo_ocasiona_siniestro,numero_personas_involucradas,lugar_remite_presunto_responsable,edad_presunto_responsable,sexo_presunto_responsable,resultados_toxicologia,numero_personas_lesionadas,numero_personas_fallecidas,municipio,colonia,mes,dia_semana,hora_redondeada,lon,lat
19206,19207,2018,"181193799",2018/12/02,"09:00:00",COLISIÓN CONTRA OBJETO FIJO,ASFALTO,Bueno,Bueno,2,TOYOTA,AZUL,2,,56,MASCULINO,ALIENTO ETÍLICO,0,0,Morelia,Primo Tapia Oriente,diciembre,domingo,9,-101.161039173603,19.7150128731237
19207,19208,2018,LEG19860,2018/12/02,"09:20:00",COLISIÓN POR CORTE DE CIRCULACIÓN,ASFALTO,Bueno,Bueno,2,MERCEDES BENZ,BLANCO,2,,50,MASCULINO,SIN DATOS,0,0,Morelia,Ferrocarrilero,diciembre,domingo,9,-101.217513084412,19.6976678190305
19208,19209,2018,,2018/12/02,12:20:00,SALIDA DE SUPERFICIE DE RODAMIENTO,ASFALTO,Bueno,Bueno,1,FORD,NEGRO,1,,0,,SIN DATOS,0,0,Morelia,Ejidal Ocolusen,diciembre,domingo,12,-101.158547401428,19.6878291131235
19209,19210,2018,"181194241",2018/12/02,12:25:00,COLISIÓN POR CORTE DE CIRCULACIÓN,ASFALTO,Bueno,Bueno,2,NISSAN,BLANCO,2,MINISTERIO PÚBLICO,70,MASCULINO,SIN DATOS,0,0,Morelia,Centro,diciembre,domingo,12,-101.197230219841,19.7048646413049
19210,19211,2018,,2018/12/02,15:41:00,COLISIÓN POR CAMBIO DE CARRIL,ASFALTO,Bueno,Bueno,2,NISSAN,BLANCO,2,,0,FEMENINO,SIN DATOS,0,0,Morelia,Quinceo,diciembre,domingo,16,-101.224207878113,19.7257866158692
19211,19212,2018,"181194913",2018/12/02,16:42:00,SALIDA DE SUPERFICIE DE RODAMIENTO,ASFALTO,Bueno,Bueno,1,TOYOTA,ROJO,1,MINISTERIO PÚBLICO,0,MASCULINO,SIN DATOS,0,0,Morelia,Sin datos,diciembre,domingo,17,-101.334307193756,19.5566156584364
19212,19213,2018,"181195297",2018/12/02,18:20:00,COLISIÓN POR MANIOBRA DE REVERSA,ASFALTO,Bueno,Bueno,2,HYUNDAI,PLATA,2,,33,MASCULINO,SIN DATOS,0,0,Morelia,La Aldea,diciembre,domingo,18,-101.134353876114,19.7434643825088
19213,19214,2018,"181195197",2018/12/02,18:30:00,COLISIÓN POR ALCANCE,ASFALTO,Bueno,Bueno,2,CHEVROLET,ARENA,0,MINISTERIO PÚBLICO,,,,0,0,Morelia,Ampliacion La Soledad,diciembre,domingo,19,-101.180520057678,19.7380264433124
19214,19215,2018,,2018/12/02,19:45:00,COLISIÓN CON PEATÓN,SIN_DATOS,Bueno,Bueno,2,CHEVROLET,ARENA,2,,27,MASCULINO,SIN DATOS,0,0,Pátzcuaro,Centro,diciembre,domingo,20,-101.617827415466,19.5164339059333
19215,19216,2018,,2018/12/02,19:50:00,SALIDA DE SUPERFICIE DE RODAMIENTO,ASFALTO,Bueno,Bueno,1,NISSAN,BLANCO,0,,,,,0,0,Coeneo,Coeneo de La Libertad,diciembre,domingo,20,-101.582465171814,19.8321972496271
19216,19217,2018,,2018/12/02,20:23:00,COLISIÓN CONTRA OBJETO FIJO,ASFALTO,Bueno,Bueno,1,NISSAN,ROJO,1,,56,MASCULINO,SIN DATOS,0,0,Morelia,Independencia,diciembre,domingo,20,-101.176915168762,19.7159900388621
19217,19218,2018,,2018/12/02,20:45:00,COLISIÓN POR INVASIÓN DE CARRIL,ASFALTO,Bueno,Bueno,2,JEEP,GRIS PLATA,2,MINISTERIO PÚBLICO,,,SIN DATOS,0,0,Quiroga,Sin datos,diciembre,domingo,21,-101.574096679688,19.7180991161624
19219,19220,2018,"181196024",2018/12/02,23:23:00,COLISIÓN CONTRA OBJETO FIJO,CONCRETO,Bueno,Bueno,1,NISSAN,BLANCO,1,MINISTERIO PÚBLICO,53,FEMENINO,ALIENTO ETÍLICO,0,0,Morelia,Ejidal Ocolusen,diciembre,domingo,23,-101.157495975494,19.6805355549088
19221,19222,2018,"181196118",2018/12/03,"01:20:00",COLISIÓN POR ALCANCE,ASFALTO,Bueno,Bueno,2,SEAT,AMARILLO,2,,24,MASCULINO,ALIENTO ETÍLICO,0,0,Morelia,Centenario (Los Alamos Ii),diciembre,lunes,1,-101.174104213715,19.7341081847758
19222,19223,2018,"181196085",2018/12/03,"01:50:00",COLISIÓN POR CAMBIO DE CARRIL,ASFALTO,Bueno,Bueno,2,ITALIKA,NARANJA,2,,20,MASCULINO,SIN DATOS,0,0,Morelia,Bicentenario,diciembre,lunes,2,-101.17866396904,19.7386424494402
19224,19225,2018,"181196360",2018/12/03,"07:50:00",COLISIÓN POR ALCANCE,ASFALTO,Bueno,Bueno,4,NISSAN,BLANCO/ROJO,4,,35,MASCULINO,SIN DATOS,0,0,Morelia,Indeco El Vivero,diciembre,lunes,8,-101.231846809387,19.6777877571005
19226,19227,2018,"181196393",2018/12/03,"09:30:00",COLISIÓN POR CORTE DE CIRCULACIÓN,ASFALTO,Bueno,Bueno,2,VOLKSWAGEN,AZUL,2,,23,MASCULINO,SIN DATOS,0,0,Morelia,Felix Ireta,diciembre,lunes,10,-101.192820668221,19.6904252164246
19227,19228,2018,"181196390",2018/12/03,"09:33:00",COLISIÓN POR CORTE DE CIRCULACIÓN,ASFALTO,Bueno,Bueno,2,VOLKSWAGEN,BEIGE,2,,,MASCULINO,SIN DATOS,0,0,Morelia,Cuauhtemoc,diciembre,lunes,10,-101.185010075569,19.6949758718079
19229,19230,2018,,2018/12/03,14:10:00,COLISIÓN CONTRA OBJETO FIJO,ASFALTO,Bueno,Bueno,4,FORD,AMARILLO,0,MINISTERIO PÚBLICO,,,,0,0,Ario,Victor Rosales,diciembre,lunes,14,-101.706407368183,19.2027400612873
19230,19231,2018,"181197282",2018/12/03,14:30:00,COLISIÓN POR CAMBIO DE CARRIL,CONCRETO,Bueno,Bueno,2,NISSAN,BLANCO,2,,58,MASCULINO,SIN DATOS,0,0,Morelia,Jardines de Torremolinos,diciembre,lunes,15,-101.225656270981,19.676888651261
19231,19232,2018,"181197323",2018/12/03,14:50:00,COLISIÓN POR CAMBIO DE CARRIL,ASFALTO,Bueno,Bueno,2,INTERNATIONAL,NEGRO,2,,36,MASCULINO,SIN DATOS,0,0,Morelia,Morelia 450,diciembre,lunes,15,-101.217362880707,19.6759289259775
19232,19233,2018,"181197539",2018/12/03,15:40:00,COLISIÓN POR ALCANCE,ASFALTO,Bueno,Bueno,2,MAZDA,ROJO,2,,45,MASCULINO,SIN DATOS,0,0,Morelia,Indeco Expropiacion Petrolera,diciembre,lunes,16,-101.225752830505,19.6835358538329
19233,19234,2018,"181197750",2018/12/03,17:05:00,COLISIÓN CON PEATÓN,CONCRETO,Bueno,Bueno,1,KIA,BLANCO,0,,,,,0,0,Morelia,Cinco de Diciembre,diciembre,lunes,17,-101.165971755981,19.6841217642353
19234,19235,2018,"181198014",2018/12/03,17:45:00,COLISIÓN POR CORTE DE CIRCULACIÓN,ASFALTO,Bueno,Bueno,2,HONDA,ROJO,2,,40,FEMENINO,SIN DATOS,0,0,Morelia,Infonavit  Las  Camelinas,diciembre,lunes,18,-101.175348758697,19.6867078259193
19235,19236,2018,"181196530",2018/12/03,18:10:00,COLISIÓN POR CAMBIO DE CARRIL,ASFALTO,Bueno,Bueno,2,CHEVROLET,BLANCO Y AZUL,2,,43,MASCULINO,SIN DATOS,0,0,Morelia,Centro,diciembre,lunes,18,-101.194403171539,19.6962486179762
19236,19237,2018,"181198507",2018/12/03,18:47:00,COLISIÓN POR CORTE DE CIRCULACIÓN,ASFALTO,Bueno,Bueno,2,MAZDA,BLANCO,2,MINISTERIO PÚBLICO,35,FEMENINO,SIN DATOS,0,0,Morelia,Primo Tapia,diciembre,lunes,19,-101.211842894554,19.7091118771395
19237,19238,2018,"181198136",2018/12/03,18:50:00,COLISIÓN POR ALCANCE,ASFALTO,Bueno,Bueno,3,FORD,BLANCO/GRIS,3,,43,MASCULINO,SIN DATOS,0,0,Morelia,Chapultepec Oriente,diciembre,lunes,19,-101.159212589264,19.6882331786599
19238,19239,2018,"181198448",2018/12/03,20:50:00,COLISIÓN POR CORTE DE CIRCULACIÓN,ASFALTO,Bueno,Bueno,2,CHEVROLET,BLANCO,1,,36,MASCULINO,SIN DATOS,0,0,Morelia,Chapultepec Oriente,diciembre,lunes,21,-101.159158945084,19.6881018574724
19239,19240,2018,"181198779",2018/12/03,22:40:00,COLISIÓN POR MANIOBRA DE REVERSA,CONCRETO,Bueno,Bueno,2,CHRYSLER,PLATA,2,,38,FEMENINO,SIN DATOS,0,0,Morelia,Eduardo Ruiz,diciembre,lunes,23,-101.224046945572,19.7248372831359
19240,19241,2018,,2018/12/03,22:45:00,COLISIÓN POR CORTE DE CIRCULACIÓN,ASFALTO,Bueno,Bueno,2,NISSAN,BCO ROJO,2,,50,MASCULINO,SIN DATOS,0,0,Apatzingán,Los Limones,diciembre,lunes,23,-102.349485754967,19.0731960324303
19241,19242,2018,,2018/12/04,"06:30:00",VOLCADURA,ASFALTO,Bueno,Regular,1,PETERLIL,AZUL/VERDE,2,MINISTERIO PÚBLICO,31,MASCULINO,SIN DATOS,0,1,Los Reyes,Los Manantiales,diciembre,martes,7,-102.452831268311,19.5790378623524
19242,19243,2018,LEG19881,2018/12/04,"06:40:00",SUBIDA AL CAMELLÓN,ASFALTO,Bueno,Bueno,1,CHEVROLET,BLANCO,1,,23,MASCULINO,SIN DATOS,0,0,Morelia,Felix Ireta,diciembre,martes,7,-101.181571483612,19.6815255587459
19243,19244,2018,"181199085",2018/12/04,"08:00:00",COLISIÓN CONTRA OBJETO FIJO,ASFALTO,Bueno,Bueno,1,CHEVROLET,GRIS,0,,,,,0,0,Morelia,Vistas de Altozano,diciembre,martes,8,-101.167,19.6551
19244,19245,2018,"181199157",2018/12/04,"08:25:00",COLISIÓN POR CORTE DE CIRCULACIÓN,ASFALTO,Bueno,Bueno,2,MAZDA,ROJO,2,,27,FEMENINO,SIN DATOS,0,0,Morelia,Sentimientos de La Nacion,diciembre,martes,8,-101.235280036926,19.6812831093924
19245,19246,2018,,2018/12/04,"08:40:00",COLISIÓN POR CAMBIO DE CARRIL,ASFALTO,Bueno,Bueno,2,FORD,NARANJA,2,,44,MASCULINO,SIN DATOS,0,0,Morelia,Francisco J Mujica,diciembre,martes,9,-101.188395023346,19.7214034793516
19246,19247,2018,"181199191",2018/12/04,"08:40:00",COLISIÓN POR CORTE DE CIRCULACIÓN,ASFALTO,Bueno,Bueno,2,NISSAN,BLANCO/CORAL,2,,0,MASCULINO,SIN DATOS,0,0,Morelia,Independencia,diciembre,martes,9,-101.176936626434,19.7054050212096
19247,19248,2018,"181199185",2018/12/04,"09:00:00",COLISIÓN POR CORTE DE CIRCULACIÓN,CONCRETO,Bueno,Bueno,2,INTERNATIONAL,BLANCO/ROJO,2,,55,MASCULINO,SIN DATOS,0,0,Morelia,Sin datos,diciembre,martes,9,-101.116152405739,19.7401723560185
19248,19249,2018,"181199321",2018/12/04,"09:50:00",COLISIÓN POR CAMBIO DE CARRIL,ASFALTO,Bueno,Bueno,2,NISSAN,BLANCO/NARANJA,2,,36,MASCULINO,SIN DATOS,0,0,Morelia,Centro,diciembre,martes,10,-101.19121670723,19.7061423590696
19249,19250,2018,"181199388",2018/12/04,10:15:00,CAIDA DE MOTOCICLETA,ASFALTO,Bueno,Bueno,1,KURAZAI,ROJO,1,,45,MASCULINO,SIN DATOS,0,0,Morelia,Francisco J Mujica,diciembre,martes,10,-101.188234090805,19.7215549722507
19250,19251,2018,LEG19886,2018/12/04,10:15:00,CAIDA DE MOTOCICLETA,ASFALTO,Bueno,Bueno,1,HONDA,ROJO,1,,33,MASCULINO,SIN DATOS,0,0,Morelia,Francisco J Mujica,diciembre,martes,10,-101.188201904297,19.7215650717722
19251,19252,2018,"18129131",2018/12/04,10:16:00,COLISIÓN CONTRA OBJETO FIJO,ASFALTO,Bueno,Bueno,1,CHEVROLET,GRIS,1,,,FEMENINO,SIN DATOS,0,0,Morelia,Puerta Tres Marias,diciembre,martes,10,-101.141005754471,19.6918293170122
19252,19253,2018,"181199521",2018/12/04,10:25:00,COLISIÓN POR CAMBIO DE CARRIL,ASFALTO,Bueno,Bueno,2,MERCEDES BENZ,BLANCO,2,,56,MASCULINO,SIN DATOS,0,0,Morelia,Loma de Los Piñones,diciembre,martes,10,-101.205067634583,19.6743125335594
19253,19254,2018,"181192179",2018/12/04,10:48:00,COLISIÓN POR CAMBIO DE CARRIL,ASFALTO,Bueno,Bueno,2,NISSAN,BLANCO Y ROSA,2,,48,MASCULINO,SIN DATOS,0,0,Morelia,Infonavit Cepamisa,diciembre,martes,11,-101.215324401855,19.6977082231468
19254,19255,2018,"181199528",2018/12/04,11:10:00,COLISIÓN POR CORTE DE CIRCULACIÓN,ASFALTO,Bueno,Bueno,2,CHEVROLET,BLANCO,2,,22,MASCULINO,SIN DATOS,0,0,Morelia,Alberto Oviedo Mota,diciembre,martes,11,-101.201907992363,19.6778736264954
19255,19256,2018,"181199508",2018/12/04,11:20:00,COLISIÓN CON PEATÓN,SIN_DATOS,Bueno,Bueno,2,VOLKSWAGEN,PLATA,2,,73,FEMENINO,SIN DATOS,0,0,Morelia,San Rafael,diciembre,martes,11,-101.154963970184,19.7009001160946
19256,19257,2018,"181199548",2018/12/04,11:30:00,COLISIÓN POR ALCANCE,CONCRETO,Bueno,Bueno,2,GENERAL MOTORS,AZUL,2,,44,MASCULINO,SIN DATOS,0,0,Morelia,Chapultepec Oriente,diciembre,martes,12,-101.160060167313,19.6901423745284
19257,19258,2018,"181199660",2018/12/04,11:40:00,COLISIÓN POR CORTE DE CIRCULACIÓN,ASFALTO,Bueno,Bueno,2,FREIGHTLINER,BLANCO,2,,38,MASCULINO,SIN DATOS,0,0,Morelia,Felix Arreguin,diciembre,martes,12,-101.225790381432,19.7225396725945
19258,19259,2018,"181200035",2018/12/04,15:17:00,COLISIÓN POR ALCANCE,ASFALTO,Bueno,Bueno,2,RAM,GRIS,2,,80,MASCULINO,SIN DATOS,0,0,Morelia,Vasco de Quiroga,diciembre,martes,15,-101.171494424343,19.6973824646692
19259,19260,2018,"181200286",2018/12/04,15:21:00,COLISIÓN POR CAMBIO DE CARRIL,ASFALTO,Bueno,Bueno,2,NISSAN,BLANCO,2,,30,MASCULINO,SIN DATOS,0,0,Morelia,Felix Ireta,diciembre,martes,15,-101.191667318344,19.6825660663881
19260,19261,2018,,2018/12/04,16:20:00,COLISIÓN POR NO RESPETAR SEMÁFORO,ASFALTO,Bueno,Bueno,2,HONDA,BLANCO,4,MINISTERIO PÚBLICO,25,MASCULINO,SIN DATOS,2,0,Lázaro Cárdenas,Jose Green,diciembre,martes,16,-102.20089673996,17.9652212125188
19261,19262,2018,"181201149",2018/12/04,16:20:00,COLISIÓN POR ALCANCE,ASFALTO,Bueno,Bueno,2,MITSUBISHI,PLATA,2,,0,MASCULINO,SIN DATOS,0,0,Morelia,Campestre Los Manantiales,diciembre,martes,16,-101.238262653351,19.6879705361772
19262,19263,2018,,2018/12/04,17:50:00,COLISIÓN POR ALCANCE,ASFALTO,Bueno,Bueno,2,DODGE,VERDE,2,,25,MASCULINO,SIN DATOS,0,0,Morelia,La Soledad,diciembre,martes,18,-101.183395385742,19.7281498239226
19263,19264,2018,"181200979",2018/12/04,18:50:00,COLISIÓN POR ALCANCE,SIN_DATOS,Bueno,Bueno,2,TOYOTA,PLATA,2,,27,MASCULINO,SIN DATOS,0,0,Morelia,Insurgentes,diciembre,martes,19,-101.152549982071,19.6983647886059
19264,19265,2018,"181200995",2018/12/04,18:51:00,COLISIÓN POR ALCANCE,ASFALTO,Bueno,Bueno,2,VOLKSWAGEN,BLANCO,2,,27,MASCULINO,SIN DATOS,0,0,Morelia,Insurgentes,diciembre,martes,19,-101.152303218842,19.6982688292069
19265,19266,2018,"181200840",2018/12/04,19:04:00,COLISIÓN POR ALCANCE,CONCRETO,Bueno,Bueno,2,CHEVROLET,NEGRO,2,,32,FEMENINO,SIN DATOS,0,0,Morelia,Nueva Chapultepec,diciembre,martes,19,-101.174951791763,19.6907181592904
19266,19267,2018,"181200968",2018/12/04,19:45:00,COLISIÓN CON PEATÓN,ASFALTO,Bueno,Bueno,1,FORD,NEGRO,0,MINISTERIO PÚBLICO,,,,0,0,Morelia,Prados del Campestre,diciembre,martes,20,-101.165199279785,19.6808992304987
19267,19268,2018,"181201181",2018/12/04,20:10:00,COLISIÓN POR ALCANCE,ASFALTO,Bueno,Bueno,2,NISSAN,GRIS,2,,31,MASCULINO,ALIENTO ETÍLICO,0,0,Morelia,Irrigacion,diciembre,martes,20,-101.225109100342,19.7048797921682
19268,19269,2018,"181201463",2018/12/05,"00:45:00",COLISIÓN POR ALCANCE,ASFALTO,Bueno,Bueno,2,CHEVROLET,NEGRO,2,,24,MASCULINO,SIN DATOS,0,0,Morelia,Universidades de America,diciembre,miércoles,1,-101.245547533035,19.7229032527263
19269,19270,2018,"181201688",2018/12/05,"07:30:00",COLISIÓN POR ALCANCE,ASFALTO,Bueno,Bueno,2,NISSAN,VERDE,3,,33,MASCULINO,SIN DATOS,1,0,Morelia,Lazaro Cardenas,diciembre,miércoles,8,-101.165478229523,19.7101724059466
19270,19271,2018,"181201763",2018/12/05,"08:15:00",COLISIÓN POR CAMBIO DE CARRIL,ASFALTO,Bueno,Bueno,3,VOLKSWAGEN,VERDE,2,MINISTERIO PÚBLICO,34,FEMENINO,SIN DATOS,0,0,Morelia,Dr Miguel Silva,diciembre,miércoles,8,-101.186227798462,19.7137074511783
19271,19272,2018,,2018/12/05,"08:30:00",COLISIÓN POR ALCANCE,ASFALTO,Bueno,Regular,2,FORD,NEGRO,2,,44,MASCULINO,SIN DATOS,0,0,Tocumbo,Centro,diciembre,miércoles,9,-102.521409988403,19.7031424838232
19272,19273,2018,"181202656",2018/12/05,13:45:00,COLISIÓN POR CAMBIO DE CARRIL,ASFALTO,Bueno,Bueno,2,MERCEDES BENZ,GRIS,2,,38,MASCULINO,SIN DATOS,0,0,Morelia,Quinceo,diciembre,miércoles,14,-101.223886013031,19.7259280053682
19273,19274,2018,,2018/12/05,14:30:00,COLISIÓN POR ALCANCE,ASFALTO,Bueno,Bueno,2,NISSAN,BLANCO,2,,81,MASCULINO,SIN DATOS,0,0,Puruándiro,Lomas de Agua Tibia,diciembre,miércoles,15,-101.489381790161,20.0877349067422
19274,19275,2018,"18120341",2018/12/05,14:33:00,COLISIÓN POR CORTE DE CIRCULACIÓN,ASFALTO,Bueno,Bueno,2,NISSAN,ROJO,2,,23,MASCULINO,SIN DATOS,0,0,Morelia,Lomas de Guayangareo,diciembre,miércoles,15,-101.157978773117,19.70263239843
19275,19276,2018,"181202619",2018/12/05,15:05:00,SUBIDA AL CAMELLÓN,ASFALTO,Bueno,Bueno,1,VOLKSWAGEN,PLATA,1,,31,MASCULINO,SIN DATOS,0,0,Tarímbaro,Sin datos,diciembre,miércoles,15,-101.171872615814,19.7509317798874
19276,19277,2018,,2018/12/05,15:50:00,COLISIÓN POR INVASIÓN DE CARRIL,ASFALTO,Bueno,Bueno,2,ISUZU,BLANCO,2,,63,MASCULINO,SIN DATOS,0,0,Cuitzeo,Los Granados,diciembre,miércoles,16,-101.140222549438,19.9748411390961
19277,19278,2018,"181202853",2018/12/05,16:10:00,COLISIÓN POR ALCANCE,ASFALTO,Bueno,Bueno,2,RENAULT,GRIS,2,,35,MASCULINO,SIN DATOS,0,0,Morelia,Josefa Ortiz de Dominguez,diciembre,miércoles,16,-101.209037303925,19.6709685699912
19278,19279,2018,"181202901",2018/12/05,16:15:00,COLISIÓN POR CAMBIO DE CARRIL,CONCRETO,Bueno,Bueno,2,CHEVROLET,BLANCO Y ROJO,2,,32,MASCULINO,SIN DATOS,0,0,Morelia,Sentimientos de La Nacion,diciembre,miércoles,16,-101.235687732697,19.6821518845442
19279,19280,2018,"181202927",2018/12/05,16:40:00,COLISIÓN POR ALCANCE,ASFALTO,Bueno,Bueno,2,CHEVROLET,BLANCO,2,,19,MASCULINO,SIN DATOS,0,0,Morelia,Lomas de Hidalgo,diciembre,miércoles,17,-101.158965826035,19.6955667909304
19280,19281,2018,"181103186",2018/12/05,19:00:00,COLISIÓN POR MANIOBRA DE REVERSA,ASFALTO,Bueno,Bueno,2,MERCEDES BENZ,BLANCO Y AZUL,2,,26,MASCULINO,SIN DATOS,0,0,Morelia,Morelos,diciembre,miércoles,19,-101.209246516228,19.6982031727428
19281,19282,2018,,2018/12/05,19:15:00,COLISIÓN POR CORTE DE CIRCULACIÓN,ASFALTO,Bueno,Bueno,1,S/D,S/D,1,,,,,1,0,Morelia,Santa Maria de Guido,diciembre,miércoles,19,-101.189290881157,19.6722667635293
19282,19283,2018,"181220078",2018/12/05,20:25:00,COLISIÓN POR NO RESPETAR SEMÁFORO,ASFALTO,Bueno,Bueno,2,NISSAN,BLANCO,2,,45,MASCULINO,SIN DATOS,0,0,Morelia,Felix Ireta,diciembre,miércoles,20,-101.191838979721,19.6825155564645
19283,19284,2018,"181203403",2018/12/05,20:30:00,COLISIÓN POR CORTE DE CIRCULACIÓN,CONCRETO,Bueno,Bueno,1,NISSAN,BLANCO Y ROSA,1,,37,MASCULINO,SIN DATOS,0,0,Morelia,Agustin Arriaga Rivera,diciembre,miércoles,21,-101.221176981926,19.6922939806817
19284,19285,2018,,2018/12/05,20:30:00,COLISIÓN POR INVASIÓN DE CARRIL,ASFALTO,Bueno,Bueno,2,JEEP,VERDE/CAFE,2,,,,SIN DATOS,0,0,Zitácuaro,Sin datos,diciembre,miércoles,21,-100.358154773712,19.4803083138222
19285,19286,2018,"181203352",2018/12/05,20:50:00,COLISIÓN POR CORTE DE CIRCULACIÓN,ASFALTO,Bueno,Bueno,2,MAZDA,GRIS,2,,16,MASCULINO,SIN DATOS,0,0,Morelia,Pascual Ortiz de Ayala,diciembre,miércoles,21,-101.150897741318,19.6949001127883
19286,19287,2018,"181203532",2018/12/05,21:08:00,COLISIÓN POR CAMBIO DE CARRIL,ASFALTO,Bueno,Bueno,2,TOYOTA,BLANCO,2,,34,FEMENINO,SIN DATOS,0,0,Morelia,Las Flores,diciembre,miércoles,21,-101.206827163696,19.7023950314054
19287,19288,2018,"181206409",2018/12/06,"00:00:00",COLISIÓN POR CORTE DE CIRCULACIÓN,ASFALTO,Bueno,Bueno,2,FORD,ROJO,2,,59,FEMENINO,SIN DATOS,0,0,Morelia,San Rafael,diciembre,jueves,0,-101.154781579971,19.7006071918635
19288,19289,2018,,2018/12/06,"07:30:00",COLISIÓN POR INVASIÓN DE CARRIL,ASFALTO,Bueno,Bueno,2,CHEVROLET,BLANCO,2,,46,MASCULINO,SIN DATOS,0,0,Acuitzio,Sin Nombre,diciembre,jueves,8,-101.335193275399,19.4802458583322
19289,19290,2018,"181204126",2018/12/06,"08:00:00",COLISIÓN POR CORTE DE CIRCULACIÓN,CONCRETO,Bueno,Bueno,2,VOLKSWAGEN,NEGRO,2,,20,MASCULINO,SIN DATOS,0,0,Morelia,Centro,diciembre,jueves,8,-101.204198598862,19.7025768444771
19290,19291,2018,"181204230",2018/12/06,"08:10:00",COLISIÓN POR CAMBIO DE CARRIL,ASFALTO,Bueno,Bueno,2,FAMSA,ROJO,2,,17,MASCULINO,SIN DATOS,0,0,Morelia,Enrique Arreguin Robles,diciembre,jueves,8,-101.186957359314,19.7207571080358
19291,19292,2018,"181204327",2018/12/06,10:12:00,COLISIÓN POR CORTE DE CIRCULACIÓN,CONCRETO,Bueno,Bueno,2,NISSAN,BLANCO Y NARANJA,2,,24,MASCULINO,SIN DATOS,0,0,Morelia,Sara Malfavon,diciembre,jueves,10,-101.195454597473,19.6705038444568
19292,19293,2018,N,2018/12/06,10:45:00,COLISIÓN POR ALCANCE,ASFALTO,Bueno,Bueno,3,RAMIREZ,BLANCO,3,,18,MASCULINO,SIN DATOS,0,0,Morelia,Bosques de Oriente,diciembre,jueves,11,-101.155521869659,19.715697142265
19293,19294,2018,"1812795",2018/12/06,11:20:00,COLISIÓN POR CORTE DE CIRCULACIÓN,CONCRETO,Bueno,Bueno,2,VOLKSWAGEN,BLANCO,2,,65,MASCULINO,SIN DATOS,0,0,Morelia,Tierra Y Libertad,diciembre,jueves,11,-101.224722862244,19.7172474681567
19294,19295,2018,,2018/12/06,13:30:00,COLISIÓN CON PEATÓN,ASFALTO,Bueno,Bueno,1,ITALIKA,NEGRO/AMARILLO,2,,18,MASCULINO,SIN DATOS,1,0,Apatzingán,Ferrocarril,diciembre,jueves,14,-102.355842590332,19.0787475035847
19295,19296,2018,"181205280",2018/12/06,14:00:00,COLISIÓN POR MANIOBRA DE REVERSA,ASFALTO,Bueno,Bueno,2,TOYOTA,GRIS,2,,0,MASCULINO,SIN DATOS,0,0,Morelia,Felicitas del Rio,diciembre,jueves,14,-101.198973655701,19.6930015341334
19296,19297,2018,"181205148",2018/12/06,14:10:00,COLISIÓN POR CAMBIO DE CARRIL,CONCRETO,Bueno,Bueno,2,DODGE,PLATA,2,,0,MASCULINO,SIN DATOS,0,0,Morelia,Santa Maria,diciembre,jueves,14,-101.200545430183,19.6778483707958
19297,19298,2018,"181205270",2018/12/06,15:50:00,COLISIÓN POR CAMBIO DE CARRIL,ASFALTO,Bueno,Bueno,2,DODGE,VERDE,2,,45,FEMENINO,SIN DATOS,0,0,Morelia,Centro,diciembre,jueves,16,-101.18950009346,19.6960011403472
19298,19299,2018,"181205413",2018/12/06,16:00:00,COLISIÓN POR CAMBIO DE CARRIL,ASFALTO,Bueno,Bueno,2,INTERNATIONAL,BLANCO Y ROJO,2,,25,MASCULINO,SIN DATOS,0,0,Morelia,Independencia,diciembre,jueves,16,-101.177805662155,19.7049504961781
19299,19300,2018,"181205709",2018/12/06,17:30:00,COLISIÓN POR CAMBIO DE CARRIL,ASFALTO,Bueno,Bueno,2,CHEVROLET,BLANCO,2,,19,MASCULINO,SIN DATOS,0,0,Morelia,Lomas de Las Americas Norte,diciembre,jueves,18,-101.14920258522,19.6947485946415
19300,19301,2018,"181205624",2018/12/06,17:45:00,COLISIÓN POR ALCANCE,CONCRETO,Bueno,Bueno,2,NISSAN,GRIS,2,,33,FEMENINO,SIN DATOS,0,0,Morelia,Chapultepec Norte,diciembre,jueves,18,-101.168353557587,19.6950617319868
19301,19302,2018,"181205905",2018/12/06,19:20:00,COLISIÓN POR CORTE DE CIRCULACIÓN,ASFALTO,Bueno,Bueno,2,FORD,NEGRO,2,,28,FEMENINO,SIN DATOS,0,0,Morelia,Lomas de Huerta,diciembre,jueves,19,-101.210174560547,19.6723324306273
19302,19303,2018,"181206013",2018/12/06,19:40:00,COLISIÓN POR ALCANCE,ASFALTO,Bueno,Bueno,2,NISSAN,GRIS,2,,,MASCULINO,SIN DATOS,0,0,Morelia,El Realito,diciembre,jueves,20,-101.202632188797,19.7255745313861