fid,id_accidente,anio_origen,folio_c5i,dia_incidente,hora_ocurrencia,tipo_incidente_vial,superficie_ocurrencia,condiciones_climaticas,condiciones_via,numero_vehiculos_involucrados,marca_vehiculo_ocasiona_siniestro,color_vehiculo_ocasiona_siniestro,numero_personas_involucradas,lugar_remite_presunto_responsable,edad_presunto_responsable,sexo_presunto_responsable,resultados_toxicologia,numero_personas_lesionadas,numero_personas_fallecidas,municipio,colonia,mes,dia_semana,hora_redondeada,lon,lat
19303,19304,2018,"181206057",2018/12/06,19:40:00,COLISIÓN POR MANIOBRA DE REVERSA,ASFALTO,Bueno,Bueno,2,BMW,ROJO,2,,22,MASCULINO,SIN DATOS,0,0,Morelia,Lazaro Cardenas,diciembre,jueves,20,-101.1643409729,19.708748265644
19304,19305,2018,,2018/12/06,20:45:00,COLISIÓN POR INVASIÓN DE CARRIL,ASFALTO,Bueno,Bueno,1,NISSAN,AZUL,2,,42,MASCULINO,SIN DATOS,1,0,Tlalpujahua,Sin datos,diciembre,jueves,21,-100.17688035965,19.8322779896999
19305,19306,2018,"181206153",2018/12/06,20:55:00,COLISIÓN POR ALCANCE,ASFALTO,Bueno,Bueno,2,NISSAN,BLANCO,2,,46,MASCULINO,SIN DATOS,0,0,Morelia,Centro,diciembre,jueves,21,-101.186651587486,19.7038444798735
19306,19307,2018,"181206119",2018/12/06,21:00:00,COLISIÓN POR CORTE DE CIRCULACIÓN,ASFALTO,Bueno,Bueno,2,DODGE,ROJO,2,,32,MASCULINO,SIN DATOS,0,0,Morelia,Irrigacion,diciembre,jueves,21,-101.222722043796,19.7052702098384
19307,19308,2018,"181206423",2018/12/06,22:40:00,COLISIÓN POR CORTE DE CIRCULACIÓN,ASFALTO,Bueno,Bueno,1,S/D,S/D,1,,,,,1,0,Morelia,Ferrocarrilero,diciembre,jueves,23,-101.219304800034,19.695708207149
19308,19309,2018,,2018/12/07,"00:30:00",COLISIÓN CONTRA OBJETO FIJO,ASFALTO,Bueno,Bueno,1,VOLKSWAGEN,BLANCO,0,,,,,0,0,Puruándiro,Los Angeles,diciembre,viernes,1,-101.531953811646,20.0786257776836
19309,19310,2018,,2018/12/07,"00:30:00",COLISIÓN CONTRA OBJETO FIJO,ASFALTO,Bueno,Bueno,1,VOLKWAGEN,BLANCO,0,,,,,0,0,Panindícuaro,Sin datos,diciembre,viernes,1,-101.756186485291,19.9587875198286
19310,19311,2018,"181206678",2018/12/07,"04:48:00",COLISIÓN POR ALCANCE,ASFALTO,Bueno,Bueno,2,TOYOTA,BLANCO,2,,0,,SIN DATOS,0,0,Morelia,Los Manantiales de Morelia,diciembre,viernes,5,-101.240386962891,19.6929404670218
19311,19312,2018,"181206815",2018/12/07,"08:00:00",COLISIÓN POR CAMBIO DE CARRIL,ASFALTO,Bueno,Bueno,2,HONDA,AZUL,2,,27,MASCULINO,ALIENTO ETÍLICO,0,0,Morelia,Division del Norte,diciembre,viernes,8,-101.164555549622,19.7110006235531
19312,19313,2018,"181206870",2018/12/07,"08:50:00",COLISIÓN POR CORTE DE CIRCULACIÓN,ASFALTO,Bueno,Bueno,1,SIN DATOS,SIN DATOS,1,,,,,1,0,Morelia,Rinconada del Valle,diciembre,viernes,9,-101.219165325165,19.6780100072045
19313,19315,2018,"181207008",2018/12/07,"09:50:00",COLISIÓN POR CAMBIO DE CARRIL,CONCRETO,Nublado,Bueno,2,CHEVROLET,NEGRO,2,,65,MASCULINO,SIN DATOS,0,0,Morelia,Felix Ireta,diciembre,viernes,10,-101.193469762802,19.6821417825346
19314,19316,2018,"181207050",2018/12/07,10:10:00,COLISIÓN POR CAMBIO DE CARRIL,ASFALTO,Bueno,Bueno,2,TOYOTA,GRIS,2,,35,MASCULINO,ALIENTO ETÍLICO,0,0,Morelia,Ventura Puente,diciembre,viernes,10,-101.179747581482,19.6908797827111
19315,19317,2018,"181208924",2018/12/07,10:30:00,COLISIÓN CON PEATÓN,CONCRETO,Bueno,Bueno,1,VOLKSWAGEN,VERDE,1,,0,,SIN DATOS,0,0,Morelia,Mirador Poniente,diciembre,viernes,11,-101.247709393501,19.7103542101788
19316,19318,2018,"181207420",2018/12/07,12:45:00,COLISIÓN POR CAMBIO DE CARRIL,ASFALTO,Bueno,Bueno,2,KENWORTH,VERDE,2,,36,MASCULINO,SIN DATOS,0,0,Morelia,Felix Arreguin,diciembre,viernes,13,-101.227254867554,19.7206359131231
19317,19319,2018,,2018/12/07,13:15:00,VOLCADURA,ASFALTO,Bueno,Bueno,1,MERCEDES BENZ,GUINDA,1,,,,SIN DATOS,0,0,Juárez,Sin datos,diciembre,viernes,13,-100.421605110168,19.3264114373013
19318,19320,2018,"181208240",2018/12/07,13:30:00,COLISIÓN POR MANIOBRA DE REVERSA,CONCRETO,Bueno,Bueno,2,FORD,BLANCO,2,,28,MASCULINO,SIN DATOS,0,0,Morelia,Villas Oriente,diciembre,viernes,14,-101.144042015076,19.7539711478677
19319,19321,2018,"181207647",2018/12/07,14:00:00,SUBIDA AL CAMELLÓN,ASFALTO,Bueno,Bueno,1,NISSAN,BLANCO,1,,47,MASCULINO,SIN DATOS,0,0,Morelia,Chapultepec Oriente,diciembre,viernes,14,-101.160457134247,19.6882937884024
19320,19322,2018,,2018/12/07,14:10:00,COLISIÓN POR NO RESPETAR SEMÁFORO,ASFALTO,Bueno,Bueno,2,VOLKSWAGEN,GRIS,2,MINISTERIO PÚBLICO,60,FEMENINO,SIN DATOS,0,0,Lázaro Cárdenas,1Er Sect de Fidelac,diciembre,viernes,14,-102.19806432724,17.9634454048318
19321,19323,2018,"181207691",2018/12/07,14:15:00,COLISIÓN POR CAMBIO DE CARRIL,ASFALTO,Bueno,Bueno,2,NISSAN,BLANCO,2,,49,MASCULINO,SIN DATOS,0,0,Morelia,Cuauhtemoc,diciembre,viernes,14,-101.187118291855,19.6957183083027
19322,19324,2018,"181207790",2018/12/07,14:50:00,COLISIÓN POR MANIOBRA DE REVERSA,ASFALTO,Bueno,Bueno,2,DODGE,AZUL,2,,62,MASCULINO,SIN DATOS,0,0,Morelia,Nueva Jacarndas,diciembre,viernes,15,-101.18737578392,19.681151782506
19323,19325,2018,"181208930",2018/12/07,15:00:00,COLISIÓN POR CORTE DE CIRCULACIÓN,ASFALTO,Bueno,Bueno,2,HONDA,NEGRO,2,,17,MASCULINO,SIN DATOS,0,0,Morelia,Ferrocarrilero,diciembre,viernes,15,-101.216048598289,19.6988698371262
19324,19326,2018,"181207918",2018/12/07,15:30:00,COLISIÓN POR CORTE DE CIRCULACIÓN,ASFALTO,Bueno,Bueno,2,NISSAN,BLANCO,2,,40,MASCULINO,SIN DATOS,0,0,Morelia,Felix Ireta,diciembre,viernes,16,-101.18160367012,19.6815154566969
19325,19327,2018,"181207997",2018/12/07,16:30:00,COLISIÓN CONTRA OBJETO FIJO,ADOQUIN_EMPEDRADO,Bueno,Bueno,1,NISSAN,BLANCO,1,,32,MASCULINO,SIN DATOS,0,0,Morelia,Valle de Las Flores,diciembre,viernes,17,-101.127262115479,19.6875967749783
19326,19328,2018,"181208251",2018/12/07,16:34:00,COLISIÓN POR CAMBIO DE CARRIL,CONCRETO,Bueno,Bueno,2,FREIGHTLINER,BLANCO,2,,0,,SIN DATOS,0,0,Morelia,Enrique Arreguin Robles,diciembre,viernes,17,-101.181067228317,19.7219993505928
19327,19329,2018,"181208205",2018/12/07,16:50:00,COLISIÓN CON PEATÓN,ASFALTO,Bueno,Bueno,2,VOLKSWAGEN,BLANCO,2,,51,MASCULINO,SIN DATOS,0,0,Morelia,Felix Ireta,diciembre,viernes,17,-101.191720962524,19.6826367802544
19328,19330,2018,,2018/12/07,17:05:00,COLISIÓN POR ALCANCE,ASFALTO,Bueno,Bueno,2,NISSAN,BLANCO,2,,52,FEMENINO,SIN DATOS,0,0,Huaniqueo,Los Aguacates,diciembre,viernes,17,-101.515324115753,19.8996816145776
19329,19331,2018,"181208162",2018/12/07,17:15:00,COLISIÓN CONTRA OBJETO FIJO,CONCRETO,Bueno,Bueno,1,JEEP,PLATA,2,,60,FEMENINO,SIN DATOS,1,0,Morelia,Indeco Expropiacion Petrolera,diciembre,viernes,17,-101.225704550743,19.6844702788891
19330,19332,2018,,2018/12/07,19:15:00,COLISIÓN CON PEATÓN,ASFALTO,Bueno,Bueno,1,NISSAN,BLANCO/NARANJA,2,MINISTERIO PÚBLICO,,MASCULINO,SIN DATOS,1,0,Lázaro Cárdenas,Centro,diciembre,viernes,19,-102.192163467407,17.9538720652394
19332,19334,2018,"181208744",2018/12/07,20:00:00,COLISIÓN POR CAMBIO DE CARRIL,ASFALTO,Bueno,Bueno,2,MAZDA,ROJO,2,MINISTERIO PÚBLICO,33,FEMENINO,ALIENTO ETÍLICO,0,0,Morelia,Alberto Oviedo Mota,diciembre,viernes,20,-101.19592666626,19.6825761683709
19333,19335,2018,,2018/12/07,20:30:00,COLISIÓN POR CORTE DE CIRCULACIÓN,ASFALTO,Bueno,Bueno,2,DINAMO,ROJO,2,MINISTERIO PÚBLICO,43,MASCULINO,CON CERTIFICADO,0,0,Apatzingán,Independencia,diciembre,viernes,21,-102.355188131332,19.0948989449697
19334,19336,2018,"181208958",2018/12/07,21:40:00,COLISIÓN CONTRA OBJETO FIJO,ASFALTO,Bueno,Bueno,1,VOLKSWAGEN,NEGRO,1,,29,MASCULINO,SIN DATOS,0,0,Morelia,Montaña Monarca,diciembre,viernes,22,-101.164598464966,19.6659878544283
19335,19337,2018,"181208937",2018/12/07,22:00:00,COLISIÓN POR CORTE DE CIRCULACIÓN,ASFALTO,Bueno,Bueno,2,CHEVROLET,GRIS,0,,,,,0,0,Tarímbaro,Sin datos,diciembre,viernes,22,-101.158075332642,19.7683593963104
19336,19338,2018,"181209104",2018/12/07,23:40:00,COLISIÓN POR INVASIÓN DE CARRIL,ASFALTO,Bueno,Bueno,2,NISSAN,GRIS,2,,52,MASCULINO,SIN DATOS,0,0,Tarímbaro,Campestre Tarimbaro,diciembre,viernes,0,-101.129102110863,19.7736095215412
19337,19339,2018,,2018/12/07,23:40:00,VOLCADURA,ASFALTO,Bueno,Bueno,1,TOYOTA,ROJO,2,MINISTERIO PÚBLICO,30,MASCULINO,SIN DATOS,1,0,Tacámbaro,Sin datos,diciembre,viernes,0,-101.462860107422,19.2539462567973
19338,19340,2018,"181209279",2018/12/08,"01:00:00",COLISIÓN POR CAMBIO DE CARRIL,ASFALTO,Bueno,Bueno,2,VOLKSWAGEN,BLANCO,2,,40,MASCULINO,ALIENTO ETÍLICO,0,0,Morelia,Felix Ireta,diciembre,sábado,1,-101.195905208588,19.6822124965882
19339,19341,2018,,2018/12/08,"02:15:00",COLISIÓN CONTRA OBJETO FIJO,ASFALTO,Bueno,Bueno,1,VOLKSWAGEN,BLANCO,2,MINISTERIO PÚBLICO,19,MASCULINO,SIN DATOS,1,0,Zacapu,Anahuac,diciembre,sábado,2,-101.778802871704,19.8197627887576
19340,19342,2018,"181309358",2018/12/08,"03:15:00",COLISIÓN CONTRA OBJETO FIJO,ASFALTO,Bueno,Bueno,1,VOLKSWAGEN,GRIS,1,,0,MASCULINO,ALIENTO ETÍLICO,0,0,Morelia,Indeco Santiaguito,diciembre,sábado,3,-101.178696155548,19.7202521286265
19341,19343,2018,"181209446",2018/12/08,"07:00:00",COLISIÓN CON PEATÓN,SIN_DATOS,Bueno,Bueno,2,TOYOTA,BLANCO,2,,29,MASCULINO,SIN DATOS,0,0,Morelia,Sin datos,diciembre,sábado,7,-101.334156990051,19.5569998342639
19342,19344,2018,"181209499",2018/12/08,"07:35:00",COLISIÓN POR CORTE DE CIRCULACIÓN,ASFALTO,Bueno,Bueno,2,SIN DATOS,SIN DATOS,1,,19,MASCULINO,SIN DATOS,0,0,Morelia,Sin datos,diciembre,sábado,8,-101.282186508179,19.6183753220203
19343,19345,2018,"181209535",2018/12/08,"08:45:00",COLISIÓN POR CAMBIO DE CARRIL,ASFALTO,Bueno,Bueno,2,SIN DATOS,GRIS,2,,0,,SIN DATOS,0,0,Morelia,Felix Ireta,diciembre,sábado,9,-101.181442737579,19.6816265792016
19344,19346,2018,"181209945",2018/12/08,10:34:00,COLISIÓN POR ALCANCE,ASFALTO,Bueno,Bueno,2,NISSAN,ROJO,2,,23,MASCULINO,SIN DATOS,0,0,Morelia,Irrigacion,diciembre,sábado,11,-101.225109100342,19.7048797921682
19345,19347,2018,"181204856",2018/12/08,10:35:00,COLISIÓN POR CORTE DE CIRCULACIÓN,ASFALTO,Bueno,Bueno,2,NISSAN,BLANCO,2,,63,MASCULINO,SIN DATOS,0,0,Morelia,Eduardo Ruiz,diciembre,sábado,11,-101.22407913208,19.7248877796999
19346,19348,2018,"181210163",2018/12/08,12:30:00,COLISIÓN POR CORTE DE CIRCULACIÓN,ASFALTO,Bueno,Bueno,2,VOLKSWAGEN,BLANCO,2,,28,MASCULINO,SIN DATOS,1,0,Morelia,Granjas del Maestro,diciembre,sábado,13,-101.19589813093,19.7164699984943
19347,19349,2018,"181210190",2018/12/08,13:00:00,COLISIÓN POR INVASIÓN DE CARRIL,ASFALTO,Bueno,Bueno,2,FORD,AZUL,2,,45,MASCULINO,SIN DATOS,0,0,Morelia,Centro,diciembre,sábado,13,-101.188813447952,19.7000061904691
19348,19350,2018,"181210358",2018/12/08,13:37:00,CAIDA DE MOTOCICLETA,ASFALTO,Bueno,Bueno,1,ITALIKA,NEGRO/VERDE,1,,0,,SIN DATOS,0,0,Morelia,Sin datos,diciembre,sábado,14,-101.312956809998,19.6873442331338
19349,19351,2018,"181210450",2018/12/08,14:00:00,COLISIÓN POR CORTE DE CIRCULACIÓN,ASFALTO,Bueno,Bueno,2,NISSAN,BLANCO,2,,61,MASCULINO,SIN DATOS,0,0,Morelia,Jardines de Guadalupe,diciembre,sábado,14,-101.219918345,19.7127280749992
19350,19352,2018,,2018/12/08,14:05:00,COLISIÓN POR CORTE DE CIRCULACIÓN,ASFALTO,Bueno,Bueno,1,SIN DATOS,SIN DATOS,0,,,,,0,0,Morelia,Bosques de Oriente,diciembre,sábado,14,-101.15391254425,19.717262617847
19351,19353,2018,"181210458",2018/12/08,14:20:00,COLISIÓN POR CORTE DE CIRCULACIÓN,ASFALTO,Bueno,Bueno,2,NISSAN,BLANCO,2,MINISTERIO PÚBLICO,65,MASCULINO,SIN DATOS,0,0,Tarímbaro,Sin datos,diciembre,sábado,14,-101.157603263855,19.7790210080793
19352,19354,2018,"181210780",2018/12/08,15:55:00,COLISIÓN POR CORTE DE CIRCULACIÓN,ASFALTO,Bueno,Bueno,2,FORD,ROJO,1,,32,MASCULINO,SIN DATOS,0,0,Morelia,La Soledad,diciembre,sábado,16,-101.183760166168,19.7267359429626
19353,19355,2018,"181210896",2018/12/08,16:30:00,COLISIÓN POR CORTE DE CIRCULACIÓN,ASFALTO,Bueno,Bueno,2,MAZDA,BLANCO,2,,0,,SIN DATOS,0,0,Morelia,Fuentes de Valladolid,diciembre,sábado,17,-101.221214532852,19.6732113568873
19355,19357,2018,"181211004",2018/12/08,17:00:00,COLISIÓN POR NO RESPETAR SEMÁFORO,ASFALTO,Bueno,Bueno,2,MITSUBISHI,CREMA,2,,32,FEMENINO,SIN DATOS,0,0,Morelia,Felix Ireta,diciembre,sábado,17,-101.181464195251,19.6816265792016
19356,19358,2018,,2018/12/08,18:39:00,CAIDA DE MOTOCICLETA,ASFALTO,Bueno,Bueno,1,ITALIKA,NEGRO/ROJO,1,,,,SIN DATOS,0,0,Hidalgo,Sin datos,diciembre,sábado,19,-100.67364692688,19.6676447425032
19357,19359,2018,"181211360",2018/12/08,19:30:00,COLISIÓN CON PEATÓN,SIN_DATOS,Bueno,Bueno,1,ITALIKA,VERDE/NEGRO,2,MINISTERIO PÚBLICO,0,MASCULINO,SIN DATOS,1,0,Morelia,Sin datos,diciembre,sábado,20,-101.340143680573,19.5557664244129
19358,19360,2018,,2018/12/08,19:30:00,COLISIÓN POR INVASIÓN DE CARRIL,ASFALTO,Bueno,Bueno,1,TOYOTA,BLANCO,1,,61,MASCULINO,SIN DATOS,0,0,Puruándiro,Lomas de Agua Tibia,diciembre,sábado,20,-101.489317417145,20.0875132306844
19359,19361,2018,,2018/12/08,19:30:00,COLISIÓN POR CAMBIO DE CARRIL,ASFALTO,Bueno,Bueno,1,TOYOTA,BLANCO,1,MINISTERIO PÚBLICO,61,MASCULINO,SIN DATOS,0,0,Panindícuaro,Sin datos,diciembre,sábado,20,-101.745414733887,19.9826051800223
19360,19362,2018,"181211420",2018/12/08,19:54:00,COLISIÓN POR CORTE DE CIRCULACIÓN,CONCRETO,Bueno,Bueno,2,NISSAN,AZUL,2,,29,MASCULINO,SIN DATOS,0,0,Morelia,Nueva Chapultepec,diciembre,sábado,20,-101.164399981499,19.6884251094325
19361,19363,2018,"181211677",2018/12/08,20:45:00,COLISIÓN POR CORTE DE CIRCULACIÓN,CONCRETO,Bueno,Bueno,2,NISSAN,GRIS,2,,22,FEMENINO,SIN DATOS,0,0,Morelia,Nueva Valladolid,diciembre,sábado,21,-101.213822364807,19.6998092231345
19362,19364,2018,"181212028",2018/12/08,21:55:00,COLISIÓN POR CAMBIO DE CARRIL,ASFALTO,Bueno,Bueno,2,FREIGHTLINER,BLANCO,2,,21,MASCULINO,SIN DATOS,0,0,Morelia,El Lago 1,diciembre,sábado,22,-101.214637756348,19.7271399102278
19363,19365,2018,"181211148",2018/12/08,21:58:00,COLISIÓN POR CORTE DE CIRCULACIÓN,CONCRETO,Bueno,Bueno,2,NISSAN,ARENA,2,,59,MASCULINO,SIN DATOS,0,0,Morelia,Centro,diciembre,sábado,22,-101.188813447952,19.7046828308331
19364,19366,2018,"181212022",2018/12/08,23:30:00,COLISIÓN POR NO RESPETAR SEMÁFORO,ASFALTO,Bueno,Bueno,2,VELOCI,ROJO,2,,19,,SIN DATOS,0,0,Morelia,Felix Ireta,diciembre,sábado,0,-101.191914081573,19.6823741285936
19365,19367,2018,"181212139",2018/12/08,23:40:00,COLISIÓN POR CORTE DE CIRCULACIÓN,ASFALTO,Bueno,Bueno,1,PEUGEOT,AZUL,0,,,,,0,0,Tarímbaro,Sin datos,diciembre,sábado,0,-101.159470081329,19.7675314761634
19366,19368,2018,"181212112",2018/12/08,23:55:00,COLISIÓN POR CORTE DE CIRCULACIÓN,ASFALTO,Bueno,Bueno,1,HONDA,PLATA,1,,0,,SIN DATOS,0,0,Morelia,Arboledas de La Huerta,diciembre,sábado,0,-101.223564147949,19.6683519456132
19367,19369,2018,,2018/12/09,"00:00:00",VOLCADURA,ASFALTO,Bueno,Bueno,1,HONDA,BLANCO,0,MINISTERIO PÚBLICO,,,,0,0,Lázaro Cárdenas,Valle del Tecnologico,diciembre,domingo,0,-102.226645946503,17.9741203936853
19368,19370,2018,"181212147",2018/12/09,"00:15:00",COLISIÓN POR INVASIÓN DE CARRIL,ASFALTO,Bueno,Bueno,2,NISSAN,ROJO,1,,0,MASCULINO,SIN DATOS,0,0,Morelia,Ignacio Zaragoza,diciembre,domingo,0,-101.205335855484,19.7255442335799
19369,19371,2018,"181212123",2018/12/09,"00:40:00",COLISIÓN POR ALCANCE,ASFALTO,Bueno,Bueno,2,VOLKSWAGEN,ROJO,2,,31,MASCULINO,ALIENTO ETÍLICO,0,0,Morelia,Nueva Valladolid,diciembre,domingo,1,-101.210700273514,19.7020314046423
19370,19372,2018,,2018/12/09,"01:13:00",COLISIÓN POR CAMBIO DE CARRIL,ASFALTO,Bueno,Bueno,2,CHEVROLET,AZUL,2,,0,,SIN DATOS,0,0,Morelia,Mariano Abasolo,diciembre,domingo,1,-101.25863134861,19.687202809527
19371,19373,2018,"181212794",2018/12/09,"03:00:00",COLISIÓN CONTRA OBJETO FIJO,ASFALTO,Bueno,Bueno,1,VOLKSWAGEN,NEGRO,1,,25,MASCULINO,ALIENTO ETÍLICO,0,0,Morelia,Tlalpujahua,diciembre,domingo,3,-101.218167543411,19.6761713834339
19372,19374,2018,"181212365",2018/12/09,"03:20:00",COLISIÓN POR CAMBIO DE CARRIL,ASFALTO,Bueno,Bueno,3,VOLKSWAGEN,NEGRO,3,,34,MASCULINO,SIN DATOS,0,0,Morelia,El Monasterio,diciembre,domingo,3,-101.178171380941,19.6698539833744
19373,19375,2018,,2018/12/09,"03:20:00",COLISIÓN POR INVASIÓN DE CARRIL,ASFALTO,Bueno,Regular,2,CHEVROLET,GRIS,0,MINISTERIO PÚBLICO,,,,0,0,Peribán,Los Cerritos,diciembre,domingo,3,-102.42892742157,19.5336241028391
19374,19376,2018,"181212349",2018/12/09,"03:30:00",COLISIÓN POR ALCANCE,ASFALTO,Bueno,Bueno,2,GM,BLANCO,2,,22,MASCULINO,ALIENTO ETÍLICO,0,0,Morelia,Loma Bonita,diciembre,domingo,4,-101.1967420578,19.7237465534589
19375,19377,2018,"181212396",2018/12/09,"04:15:00",COLISIÓN POR ALCANCE,ASFALTO,Bueno,Bueno,2,NISSAN,BLANCO/MORADO,2,,28,MASCULINO,SIN DATOS,0,0,Morelia,Francisco J Mujica,diciembre,domingo,4,-101.185530424118,19.7241505282814
19376,19378,2018,,2018/12/09,"08:30:00",SALIDA DE SUPERFICIE DE RODAMIENTO,ASFALTO,Bueno,Regular,1,VW,BLANCO,1,,25,MASCULINO,SIN DATOS,0,0,Peribán,Sin datos,diciembre,domingo,9,-102.424292564392,19.5146945606149
19377,19379,2018,,2018/12/09,"08:45:00",COLISIÓN CONTRA OBJETO FIJO,ASFALTO,Bueno,Bueno,1,JEEP,ARENA,1,,25,MASCULINO,SIN DATOS,0,0,Charo,Sin datos,diciembre,domingo,9,-100.935160371615,19.6454362097678
19378,19380,2018,"181212718",2018/12/09,10:00:00,SALIDA DE SUPERFICIE DE RODAMIENTO,ASFALTO,Bueno,Bueno,1,HONDA,BLANCO,2,,40,MASCULINO,SIN DATOS,1,0,Morelia,Sin datos,diciembre,domingo,10,-101.127412319183,19.7143538509979
19379,19381,2018,,2018/12/09,10:00:00,COLISIÓN POR INVASIÓN DE CARRIL,ASFALTO,Bueno,Bueno,2,VOLKSWAGEN,AZUL,2,,29,MASCULINO,SIN DATOS,0,0,Pátzcuaro,Rincon Los Pinos,diciembre,domingo,10,-101.599073410034,19.4970168969555
19380,19382,2018,,2018/12/09,11:00:00,VOLCADURA,ASFALTO,Bueno,Bueno,1,FORD,VERDE,0,MINISTERIO PÚBLICO,,,,0,0,Uruapan,Sin datos,diciembre,domingo,11,-102.076721191406,19.4446602747092
19381,19383,2018,,2018/12/09,12:30:00,COLISIÓN POR MANIOBRA DE REVERSA,ASFALTO,Bueno,Bueno,2,HYUNDAY,GRIS,2,,34,MASCULINO,ALIENTO ETÍLICO,0,0,Morelia,Juarez,diciembre,domingo,13,-101.198044775,19.6955076749991
19382,19384,2018,"181213360",2018/12/09,13:00:00,COLISIÓN POR ALCANCE,ASFALTO,Bueno,Bueno,2,GENERAL MOTORS,BLANCO Y AZUL,2,,20,MASCULINO,SIN DATOS,0,0,Morelia,Lomas de Las Americas Norte,diciembre,domingo,13,-101.149213314056,19.6948597079632
19383,19385,2018,"181213309",2018/12/09,13:55:00,COLISIÓN POR ALCANCE,ASFALTO,Bueno,Bueno,3,FORD,BLANCO,4,MINISTERIO PÚBLICO,29,MASCULINO,SIN DATOS,1,0,Morelia,Libertad,diciembre,domingo,14,-101.238176822662,19.6874957582883
19384,19386,2018,"181213497",2018/12/09,14:40:00,COLISIÓN POR CORTE DE CIRCULACIÓN,CONCRETO,Bueno,Bueno,2,NISSAN,BLANCO,2,,81,MASCULINO,SIN DATOS,0,0,Morelia,Centro,diciembre,domingo,15,-101.196999549866,19.7011728381726
19385,19387,2018,"181213455",2018/12/09,14:45:00,COLISIÓN POR CORTE DE CIRCULACIÓN,CONCRETO,Bueno,Bueno,2,VOLKSWAGEN,NEGRO,2,,30,FEMENINO,SIN DATOS,0,0,Morelia,Lomas del Tecnologico,diciembre,domingo,15,-101.1906427145,19.720353124636
19386,19388,2018,"181213377",2018/12/09,16:40:00,COLISIÓN CONTRA OBJETO FIJO,ASFALTO,Bueno,Bueno,1,FORD,GRIS,2,,35,MASCULINO,SIN DATOS,1,0,Morelia,Industrial,diciembre,domingo,17,-101.188641786575,19.7108996216356
19387,19389,2018,"181214609",2018/12/09,19:38:00,COLISIÓN POR ALCANCE,ASFALTO,Bueno,Bueno,2,DODGE,ROJO,2,,17,MASCULINO,SIN DATOS,0,0,Morelia,Centro,diciembre,domingo,20,-101.192461252213,19.7030616783247
19388,19390,2018,,2018/12/09,20:00:00,COLISIÓN POR INVASIÓN DE CARRIL,ASFALTO,Bueno,Bueno,2,FORD ESPORT,NEGRO,1,MINISTERIO PÚBLICO,48,MASCULINO,SIN DATOS,0,0,Tacámbaro,Sin datos,diciembre,domingo,20,-101.458396911621,19.2166682879589
19389,19391,2018,"181214695",2018/12/09,22:40:00,COLISIÓN POR ALCANCE,ASFALTO,Bueno,Bueno,2,CHEVROLET,BLANCO,2,,50,MASCULINO,ALIENTO ETÍLICO,0,0,Morelia,Ana Maria Gallaga (Riviera Norte),diciembre,domingo,23,-101.222813129425,19.676908855942
19390,19392,2018,"181215161",2018/12/10,"07:30:00",COLISIÓN POR CORTE DE CIRCULACIÓN,CONCRETO,Bueno,Bueno,2,NISSAN,BLANCO Y VERDE,2,,42,MASCULINO,SIN DATOS,0,0,Morelia,Buenavista,diciembre,lunes,8,-101.166894435883,19.7093138831688
19391,19393,2018,"181215293",2018/12/10,"09:00:00",COLISIÓN POR CORTE DE CIRCULACIÓN,ASFALTO,Bueno,Bueno,2,NISSAN,NARANJA,2,,59,FEMENINO,SIN DATOS,0,0,Morelia,Las Americas,diciembre,lunes,9,-101.152260303497,19.6886473447765
19392,19394,2018,"181215317",2018/12/10,"09:21:00",COLISIÓN POR ALCANCE,CONCRETO,Nublado,Bueno,2,JEEP,NEGRO,2,,0,MASCULINO,SIN DATOS,0,0,Morelia,Infonavit  Las  Camelinas,diciembre,lunes,9,-101.173868179321,19.6837681978696
19393,19395,2018,"181215347",2018/12/10,"09:30:00",COLISIÓN POR CORTE DE CIRCULACIÓN,ASFALTO,Bueno,Bueno,1,VOLKSWAGEN,ARENA,1,,,MASCULINO,SIN DATOS,0,0,Morelia,Felix Ireta,diciembre,lunes,10,-101.189349889755,19.6899605473312
19394,19396,2018,"181215468",2018/12/10,10:50:00,COLISIÓN POR CAMBIO DE CARRIL,CONCRETO,Bueno,Bueno,2,CHEVROLET,BLANCO,2,,53,MASCULINO,SIN DATOS,0,0,Morelia,Campamento Ferrocarrilero,diciembre,lunes,11,-101.203038605,19.7048187049991
19395,19397,2018,"181215836",2018/12/10,12:20:00,COLISIÓN CONTRA OBJETO FIJO,ASFALTO,Bueno,Bueno,1,NISSAN,BLANCO,1,,,,SIN DATOS,0,0,Tarímbaro,Sin datos,diciembre,lunes,12,-101.168375015259,19.757616293569
19396,19398,2018,,2018/12/10,12:20:00,COLISIÓN POR NO RESPETAR SEMÁFORO,ASFALTO,Bueno,Bueno,1,DODGE,BLANCO,1,,53,MASCULINO,SIN DATOS,0,0,Morelia,Ferrocarrilero,diciembre,lunes,12,-101.216697692871,19.6983041826764
19397,19399,2018,"181216145",2018/12/10,14:30:00,COLISIÓN CONTRA OBJETO FIJO,ASFALTO,Bueno,Bueno,2,SIN DATOS,SIN DATOS,1,,27,FEMENINO,SIN DATOS,0,0,Morelia,Felix Ireta,diciembre,lunes,15,-101.195690631866,19.6816770894056