fid,id_accidente,anio_origen,folio_c5i,dia_incidente,hora_ocurrencia,tipo_incidente_vial,superficie_ocurrencia,condiciones_climaticas,condiciones_via,numero_vehiculos_involucrados,marca_vehiculo_ocasiona_siniestro,color_vehiculo_ocasiona_siniestro,numero_personas_involucradas,lugar_remite_presunto_responsable,edad_presunto_responsable,sexo_presunto_responsable,resultados_toxicologia,numero_personas_lesionadas,numero_personas_fallecidas,municipio,colonia,mes,dia_semana,hora_redondeada,lon,lat
19398,19400,2018,"1081216246",2018/12/10,14:50:00,COLISIÓN POR CORTE DE CIRCULACIÓN,ASFALTO,Bueno,Bueno,2,FORD,BLANCO,2,,0,MASCULINO,SIN DATOS,0,0,Morelia,Villas de La Esperanza,diciembre,lunes,15,-101.275169849396,19.6929606696778
19399,19401,2018,"181216274",2018/12/10,15:30:00,COLISIÓN POR ALCANCE,ASFALTO,Bueno,Bueno,2,MAZDA,BLANCO,2,,,FEMENINO,SIN DATOS,0,0,Morelia,Chapultepec Sur,diciembre,lunes,16,-101.176700592041,19.6913747534218
19400,19402,2018,,2018/12/10,15:53:00,COLISIÓN POR ALCANCE,ASFALTO,Bueno,Bueno,2,DODGE,NEGRO,2,,,FEMENINO,SIN DATOS,0,0,Morelia,Nueva Valladolid,diciembre,lunes,16,-101.207910776138,19.7010314267828
19401,19403,2018,LEG20057,2018/12/10,17:45:00,COLISIÓN POR INVASIÓN DE CARRIL,CONCRETO,Bueno,Bueno,2,CHEVROLET,GRIS,2,,68,MASCULINO,ALIENTO ETÍLICO,0,0,Morelia,Division del Norte,diciembre,lunes,18,-101.163895726204,19.7146770499277
19402,19404,2018,"181216847",2018/12/10,18:00:00,COLISIÓN POR CORTE DE CIRCULACIÓN,ASFALTO,Bueno,Bueno,2,CHEVROLET,BLANCO,2,,,MASCULINO,SIN DATOS,0,0,Morelia,Insurgentes,diciembre,lunes,18,-101.154148578644,19.6974152930729
19403,19405,2018,"181216833",2018/12/10,18:10:00,COLISIÓN CONTRA OBJETO FIJO,ASFALTO,Bueno,Bueno,1,CHEVROLET,BLANCO Y CAFE,1,,,MASCULINO,SIN DATOS,0,0,Morelia,Sin datos,diciembre,lunes,18,-101.124150753021,19.7173535159583
19404,19406,2018,,2018/12/10,20:40:00,COLISIÓN POR INVASIÓN DE CARRIL,ASFALTO,Bueno,Bueno,2,V.W,BLANCO,0,MINISTERIO PÚBLICO,,,,0,0,Zamora,Juarez,diciembre,lunes,21,-102.297810316086,19.994643728476
19405,19407,2018,"181217640",2018/12/10,22:24:00,COLISIÓN POR CORTE DE CIRCULACIÓN,CONCRETO,Bueno,Bueno,2,CHEVROLET,GRIS,2,,43,FEMENINO,SIN DATOS,0,0,Morelia,Gertrudis Bocanegra,diciembre,lunes,22,-101.207342147827,19.7023748299403
19406,19408,2018,LEG20040,2018/12/10,22:34:00,COLISIÓN POR CAMBIO DE CARRIL,ASFALTO,Bueno,Bueno,2,VOLKSWAGEN,BLANCO,2,,34,MASCULINO,SIN DATOS,0,0,Morelia,Gertrudis Bocanegra,diciembre,lunes,23,-101.207352876663,19.7023142255295
19407,19409,2018,,2018/12/10,23:00:00,COLISIÓN CONTRA OBJETO FIJO,SIN_DATOS,Bueno,Bueno,1,NISSAN,ROJO,1,,26,MASCULINO,SIN DATOS,0,0,Morelia,La Quemada,diciembre,lunes,23,-101.24098777771,19.7057787408237
19408,19410,2018,,2018/12/11,"00:00:00",COLISIÓN POR MANIOBRA DE REVERSA,ASFALTO,Bueno,Bueno,2,NISSAN,BLANCO Y ROJO,2,,55,MASCULINO,ALIENTO ETÍLICO,0,0,Morelia,Ilustres Novohispanos,diciembre,martes,0,-101.148971915245,19.709980501255
19409,19411,2018,"18121992",2018/12/11,"04:50:00",COLISIÓN POR ALCANCE,ASFALTO,Bueno,Bueno,2,VOLVO,GRIS,2,,48,MASCULINO,SIN DATOS,0,0,Morelia,Santiaguito,diciembre,martes,5,-101.188631057739,19.7198986420908
19410,19412,2018,"181217865",2018/12/11,"05:12:00",VOLCADURA,ASFALTO,Bueno,Bueno,1,LINCON,GRIS,0,,,,,0,0,Morelia,Ampliacion La Soledad,diciembre,martes,5,-101.180648803711,19.7376124050714
19411,19413,2018,"181217909",2018/12/11,"06:53:00",COLISIÓN CONTRA OBJETO FIJO,ASFALTO,Bueno,Bueno,1,PEUGEOT,GRIS,1,,34,MASCULINO,SIN DATOS,0,0,Morelia,Tzindurio Norte,diciembre,martes,7,-101.244785785675,19.7037990269851
19412,19414,2018,,2018/12/11,"08:00:00",SALIDA DE SUPERFICIE DE RODAMIENTO,ASFALTO,Bueno,Regular,1,TOYOTA,GRIS,1,,22,MASCULINO,SIN DATOS,0,0,Peribán,Sin datos,diciembre,martes,8,-102.435600757599,19.5263033249267
19413,19415,2018,"181217980",2018/12/11,"08:20:00",COLISIÓN POR ALCANCE,TERRACERIA,Bueno,Bueno,2,KIA,AZUL,2,,43,MASCULINO,SIN DATOS,0,0,Morelia,La Calera,diciembre,martes,8,-101.235183477402,19.6702411729065
19414,19416,2018,"181218088",2018/12/11,"09:10:00",COLISIÓN POR ALCANCE,ASFALTO,Nublado,Bueno,3,MERCEDES BENZ,BLANCO Y VERDE,3,,,MASCULINO,SIN DATOS,0,0,Morelia,La Luz,diciembre,martes,9,-101.288366317749,19.6887382591466
19415,19417,2018,"181218358",2018/12/11,11:00:00,COLISIÓN POR CAMBIO DE CARRIL,CONCRETO,Bueno,Bueno,2,FORD,BLANCO,2,,38,MASCULINO,SIN DATOS,0,0,Morelia,La Huerta,diciembre,martes,11,-101.217153668404,19.6754490611802
19416,19418,2018,"18121989",2018/12/11,12:50:00,COLISIÓN POR INVASIÓN DE CARRIL,ASFALTO,Bueno,Bueno,2,KAWASAKI,BLANCO Y AZUL,2,,22,MASCULINO,SIN DATOS,0,0,Morelia,Francisco J Mujica,diciembre,martes,13,-101.188266277313,19.7216458679212
19417,19419,2018,"181218846",2018/12/11,13:05:00,COLISIÓN POR CAMBIO DE CARRIL,ASFALTO,Bueno,Bueno,2,TOYOTA,BLANCO Y NARANJA,2,,,MASCULINO,SIN DATOS,0,0,Morelia,Solidaridad,diciembre,martes,13,-101.205282211304,19.725968402345
19418,19420,2018,"181218833",2018/12/11,13:40:00,COLISIÓN POR CAMBIO DE CARRIL,ASFALTO,Bueno,Bueno,2,VOLKSWAGEN,NEGRO,2,,81,MASCULINO,SIN DATOS,0,0,Morelia,Felix Ireta,diciembre,martes,14,-101.188395023346,19.6818892320882
19419,19421,2018,"181219665",2018/12/11,14:09:00,COLISIÓN POR INVASIÓN DE CARRIL,ASFALTO,Bueno,Bueno,2,KAWASAKI,AMARILLO,2,,42,MASCULINO,SIN DATOS,0,0,Morelia,Cinco de Diciembre,diciembre,martes,14,-101.164619922638,19.6854855129058
19420,19422,2018,"181219503",2018/12/11,14:10:00,COLISIÓN POR CAMBIO DE CARRIL,ASFALTO,Bueno,Bueno,2,KTM,BLANCO,1,MINISTERIO PÚBLICO,,,,1,0,Morelia,Cinco de Diciembre,diciembre,martes,14,-101.162291765213,19.6869502670612
19421,19423,2018,"181219017",2018/12/11,15:00:00,COLISIÓN POR CORTE DE CIRCULACIÓN,CONCRETO,Bueno,Bueno,2,S/D,NEGRO,1,MINISTERIO PÚBLICO,,,,1,0,Morelia,Fuentes de Morelia,diciembre,martes,15,-101.201119422913,19.6688419345097
19422,19424,2018,"18121991",2018/12/11,16:00:00,COLISIÓN POR CORTE DE CIRCULACIÓN,ASFALTO,Bueno,Bueno,2,HONDA,GRIS,2,,28,MASCULINO,SIN DATOS,0,0,Morelia,San Rafael,diciembre,martes,16,-101.154717206955,19.7005566876315
19423,19425,2018,,2018/12/11,18:20:00,COLISIÓN POR CORTE DE CIRCULACIÓN,ASFALTO,Bueno,Bueno,3,NISSAN,PLATA,3,MINISTERIO PÚBLICO,19,FEMENINO,SIN DATOS,0,0,Zacapu,Centro,diciembre,martes,18,-101.788324713707,19.8159020541073
19424,19426,2018,"181218725",2018/12/11,18:25:00,COLISIÓN POR CORTE DE CIRCULACIÓN,SIN_DATOS,Bueno,Bueno,2,S/D,S/D,1,,,FEMENINO,SIN DATOS,0,0,Morelia,La Rinconada,diciembre,martes,18,-101.159652471542,19.6926929842781
19425,19427,2018,"181219901",2018/12/11,19:00:00,COLISIÓN POR CORTE DE CIRCULACIÓN,CONCRETO,Bueno,Bueno,2,S/D,S/D,1,,,,SIN DATOS,0,0,Morelia,Industrial,diciembre,martes,19,-101.19783103466,19.7090563254368
19426,19428,2018,"181219905",2018/12/11,19:50:00,COLISIÓN POR CAMBIO DE CARRIL,ASFALTO,Bueno,Bueno,2,TOYOTA,PLATA,2,,22,FEMENINO,SIN DATOS,0,0,Morelia,Martires de Uruapan,diciembre,martes,20,-101.197321414948,19.7246958926718
19427,19429,2018,"18129956",2018/12/11,20:28:00,COLISIÓN POR CAMBIO DE CARRIL,ASFALTO,Bueno,Bueno,2,CHEVROLET,GRIS,1,,22,MASCULINO,SIN DATOS,0,0,Morelia,San Jose Itzicuaro,diciembre,martes,20,-101.299867630005,19.68772809658
19428,19430,2018,"181220263",2018/12/11,22:26:00,COLISIÓN POR CORTE DE CIRCULACIÓN,ADOQUIN_EMPEDRADO,Bueno,Bueno,2,FORD,BLANCO,2,,33,MASCULINO,ALIENTO ETÍLICO,0,0,Morelia,Villas del Pedregal,diciembre,martes,22,-101.303526163101,19.6845561447018
19429,19431,2018,"181220533",2018/12/12,"03:00:00",COLISIÓN CON PEATÓN,ADOQUIN_EMPEDRADO,Nublado,Regular,1,CADILLAC,ROJO,0,,,,,0,0,Morelia,Pablo Galeana,diciembre,miércoles,3,-101.235043205835,19.6410725159316
19430,19432,2018,"181220657",2018/12/12,"06:56:00",COLISIÓN POR CORTE DE CIRCULACIÓN,ASFALTO,Bueno,Bueno,2,NISSAN,BLANCO/ROJO,2,,0,,SIN DATOS,0,0,Morelia,Valle del Durazno,diciembre,miércoles,7,-101.187429428101,19.6564301048371
19431,19433,2018,"18220677",2018/12/12,"07:00:00",COLISIÓN POR CORTE DE CIRCULACIÓN,ASFALTO,Bueno,Bueno,2,ITALIKA,NEGRO Y VERDE,2,,24,MASCULINO,SIN DATOS,0,0,Morelia,Industrial,diciembre,miércoles,7,-101.197592318058,19.7113036289228
19432,19434,2018,"181220776",2018/12/12,"09:00:00",COLISIÓN POR ALCANCE,SIN_DATOS,Bueno,Bueno,4,FORD,BLANCO,4,,26,MASCULINO,SIN DATOS,0,0,Morelia,Indeco Expropiacion Petrolera,diciembre,miércoles,9,-101.228145360947,19.680676984403
19433,19435,2018,"181220816",2018/12/12,"09:01:00",COLISIÓN POR CAMBIO DE CARRIL,ASFALTO,Bueno,Bueno,2,CHEVROLET,BLANCO,2,,43,MASCULINO,SIN DATOS,0,0,Morelia,Nueva Valladolid,diciembre,miércoles,9,-101.207320690155,19.7022940240541
19434,19436,2018,"1981220935",2018/12/12,"09:52:00",COLISIÓN POR CAMBIO DE CARRIL,ASFALTO,Bueno,Bueno,2,HONDA,S/D,2,MINISTERIO PÚBLICO,25,MASCULINO,SIN DATOS,0,0,Morelia,Indeco Expropiacion Petrolera,diciembre,miércoles,10,-101.225747466087,19.6848238437049
19435,19437,2018,"181221003",2018/12/12,10:40:00,COLISIÓN POR CORTE DE CIRCULACIÓN,ASFALTO,Bueno,Bueno,2,S/D,S/D,1,,53,MASCULINO,SIN DATOS,0,0,Morelia,Ventura Puente,diciembre,miércoles,11,-101.184146404266,19.6893797090681
19436,19438,2018,"181221332",2018/12/12,11:50:00,COLISIÓN POR ALCANCE,ASFALTO,Bueno,Bueno,3,VOLKSWAGEN,BLANCO,3,,58,MASCULINO,SIN DATOS,0,0,Morelia,Virreyes,diciembre,miércoles,12,-101.157624721527,19.6955667909304
19437,19439,2018,"181221397",2018/12/12,11:52:00,COLISIÓN POR ALCANCE,ASFALTO,Bueno,Bueno,2,FORD,BLANCO,2,,29,MASCULINO,SIN DATOS,0,0,Morelia,Bosques de Oriente,diciembre,miércoles,12,-101.155543327332,19.7157880412664
19438,19440,2018,,2018/12/12,12:45:00,COLISIÓN POR CAMBIO DE CARRIL,ASFALTO,Bueno,Bueno,2,FORD,ROJO,2,,84,MASCULINO,SIN DATOS,0,0,Puruándiro,Adolfo Lopez  Mateos,diciembre,miércoles,13,-101.496505737305,20.0927326109743
19439,19441,2018,"181221905",2018/12/12,14:05:00,COLISIÓN POR CORTE DE CIRCULACIÓN,ASFALTO,Bueno,Bueno,2,CHRYSLER,AZUL,2,MINISTERIO PÚBLICO,,MASCULINO,SIN DATOS,0,0,Morelia,Sin datos,diciembre,miércoles,14,-101.354970932007,19.6788383912393
19440,19442,2018,"181221670",2018/12/12,14:50:00,CAIDA DE MOTOCICLETA,CONCRETO,Bueno,Bueno,1,ITALIKA,NEGRO Y ROJO,1,,26,MASCULINO,SIN DATOS,0,0,Morelia,Elias Perez Avalos,diciembre,miércoles,15,-101.1656498909,19.7104956133277
19441,19443,2018,"181222012",2018/12/12,15:20:00,COLISIÓN POR ALCANCE,CONCRETO,Bueno,Bueno,2,FORD,PLATA,2,,35,FEMENINO,SIN DATOS,0,0,Morelia,Chapultepec Norte,diciembre,miércoles,15,-101.173202991486,19.6947536452487
19442,19444,2018,,2018/12/12,19:30:00,COLISIÓN POR INVASIÓN DE CARRIL,ASFALTO,Bueno,Bueno,2,BAJAB,AZUL,0,MINISTERIO PÚBLICO,,,,0,0,Tangamandapio,Jardines,diciembre,miércoles,20,-102.441844940186,19.9666128549742
19443,19445,2018,"181222894",2018/12/12,21:00:00,COLISIÓN POR CORTE DE CIRCULACIÓN,ASFALTO,Bueno,Bueno,2,NISSAN,ROJO,2,,25,MASCULINO,ALIENTO ETÍLICO,0,0,Morelia,Chapultepec Sur,diciembre,miércoles,21,-101.171894073486,19.6919404323602
19444,19446,2018,"18122801",2018/12/12,21:50:00,COLISIÓN POR CORTE DE CIRCULACIÓN,ASFALTO,Bueno,Bueno,2,FREIGHTLINER,BLANCO,2,,42,MASCULINO,SIN DATOS,0,0,Tarímbaro,Sin datos,diciembre,miércoles,22,-101.172108650208,19.7508711938906
19445,19447,2018,,2018/12/12,22:00:00,COLISIÓN POR ALCANCE,ASFALTO,Bueno,Bueno,2,VOLKSWAGEN,GRIS,2,,31,MASCULINO,ALIENTO ETÍLICO,0,0,Morelia,Arkos San Pedro,diciembre,miércoles,22,-101.279260218143,19.6284001863619
19446,19448,2018,"181223117",2018/12/13,"00:55:00",VOLCADURA,ASFALTO,Bueno,Bueno,1,FORD,ROJO,1,,24,FEMENINO,SIN DATOS,0,0,Morelia,Sin datos,diciembre,jueves,1,-101.341409683228,19.7317652626144
19447,19449,2018,,2018/12/13,"06:00:00",COLISIÓN CONTRA OBJETO FIJO,ASFALTO,Bueno,Bueno,1,MAZDA,ROJO,1,,41,FEMENINO,SIN DATOS,0,0,Morelia,Jardines del Toreo,diciembre,jueves,6,-101.21425151825,19.6880917558381
19448,19450,2018,,2018/12/13,"08:00:00",VOLCADURA,ASFALTO,Bueno,Bueno,1,NISSAN,BLANCO,2,,34,MASCULINO,SIN DATOS,1,0,Apatzingán,Jose Maria Tafolla,diciembre,jueves,8,-102.377042770386,19.1165432574751
19449,19451,2018,"181223483",2018/12/13,"08:00:00",COLISIÓN POR ALCANCE,ASFALTO,Bueno,Bueno,2,NISSAN,GRIS,2,,0,MASCULINO,SIN DATOS,0,0,Morelia,Lomas del Tecnologico,diciembre,jueves,8,-101.188373565674,19.721363081221
19450,19452,2018,"181223472",2018/12/13,"08:50:00",COLISIÓN POR CORTE DE CIRCULACIÓN,ASFALTO,Nublado,Bueno,3,S/D,S/D,2,,36,FEMENINO,SIN DATOS,0,0,Morelia,Jardines de Torremolinos,diciembre,jueves,9,-101.225731372833,19.6769593676334
19451,19453,2018,"112235480",2018/12/13,"09:16:00",COLISIÓN POR ALCANCE,ASFALTO,Bueno,Bueno,2,MERCEDES BENZ,BLANCO/VERDE,2,,50,MASCULINO,SIN DATOS,0,0,Morelia,Asociacion Zirahuen,diciembre,jueves,9,-101.250139474869,19.6987082217731
19452,19454,2018,"181223646",2018/12/13,"09:55:00",COLISIÓN POR ALCANCE,ASFALTO,Bueno,Bueno,3,VOLKSWAGEN,BLANCO,3,,42,MASCULINO,SIN DATOS,0,0,Morelia,Chapultepec Oriente,diciembre,jueves,10,-101.160296201706,19.6882129754073
19453,19455,2018,"181225487",2018/12/13,10:25:00,COLISIÓN POR CAMBIO DE CARRIL,ADOQUIN_EMPEDRADO,Bueno,Bueno,2,NISSAN,PLATA,2,,23,FEMENINO,SIN DATOS,0,0,Morelia,Ejidal Ocolusen,diciembre,jueves,10,-101.153166890144,19.6864653844104
19454,19456,2018,"181223796",2018/12/13,11:30:00,COLISIÓN POR CAMBIO DE CARRIL,ASFALTO,Bueno,Bueno,2,NISSAN,BLANCO,2,,26,MASCULINO,SIN DATOS,0,0,Morelia,Chapultepec Sur,diciembre,jueves,12,-101.169748306274,19.6917283029925
19455,19457,2018,"181223921",2018/12/13,12:30:00,COLISIÓN POR CORTE DE CIRCULACIÓN,CONCRETO,Bueno,Bueno,2,ITALIKA,ROJO,2,,22,MASCULINO,SIN DATOS,0,0,Morelia,Colinas del Sur,diciembre,jueves,13,-101.199614802575,19.6605414587362
19456,19458,2018,"181224370",2018/12/13,14:00:00,COLISIÓN POR MANIOBRA DE REVERSA,ASFALTO,Bueno,Bueno,2,KENWORTH,VERDE,2,,26,MASCULINO,SIN DATOS,0,0,Morelia,Chapultepec Oriente,diciembre,jueves,14,-101.162613630295,19.6905767386635
19457,19459,2018,"181224561",2018/12/13,14:10:00,COLISIÓN POR MANIOBRA DE REVERSA,ASFALTO,Bueno,Bueno,2,CHEVROLET,ROJO,2,,55,FEMENINO,SIN DATOS,0,0,Morelia,Libertad,diciembre,jueves,14,-101.234738230705,19.6858693808075
19458,19460,2018,,2018/12/13,14:30:00,COLISIÓN POR CORTE DE CIRCULACIÓN,ASFALTO,Bueno,Bueno,2,V.W.,GUINDA,3,,35,MASCULINO,SIN DATOS,1,0,Apatzingán,Independencia,diciembre,jueves,15,-102.35682964325,19.0959127933123
19459,19461,2018,"181223901",2018/12/13,15:00:00,COLISIÓN POR CORTE DE CIRCULACIÓN,CONCRETO,Bueno,Bueno,2,S/D,S/D,1,,44,MASCULINO,SIN DATOS,0,0,Morelia,Cuauhtemoc,diciembre,jueves,15,-101.18255853653,19.6964758930127
19460,19462,2018,"181224436",2018/12/13,15:00:00,COLISIÓN POR ALCANCE,ASFALTO,Bueno,Bueno,2,LINCOLN,NEGRO,2,,45,MASCULINO,SIN DATOS,0,0,Morelia,Centro,diciembre,jueves,15,-101.18656039238,19.700890015268
19461,19463,2018,"181224595",2018/12/13,15:35:00,COLISIÓN POR NO RESPETAR SEMÁFORO,ASFALTO,Bueno,Bueno,2,VOLVO,BLANCO,2,,28,MASCULINO,SIN DATOS,0,0,Morelia,Las Americas,diciembre,jueves,16,-101.156444549561,19.6878493164245
19462,19464,2018,"181225404",2018/12/13,17:50:00,COLISIÓN POR INVASIÓN DE CARRIL,ASFALTO,Bueno,Bueno,2,NISSAN,AZUL,1,MINISTERIO PÚBLICO,57,MASCULINO,SIN DATOS,0,0,Morelia,Vasco de Quiroga,diciembre,jueves,18,-101.174744294096,19.7060504135493
19463,19465,2018,"181223480",2018/12/13,18:10:00,COLISIÓN CON PEATÓN,ASFALTO,Bueno,Bueno,2,VOLVO,GRIS,2,,43,MASCULINO,SIN DATOS,0,0,Morelia,Centro,diciembre,jueves,18,-101.191549301147,19.7030212755602
19464,19466,2018,"181224992",2018/12/13,19:30:00,COLISIÓN CON PEATÓN,ASFALTO,Bueno,Bueno,2,CHEVROLET,ROJO,2,,23,MASCULINO,SIN DATOS,0,0,Morelia,Del Empleado,diciembre,jueves,20,-101.178722977638,19.6898241767979
19465,19467,2018,,2018/12/13,19:30:00,COLISIÓN CON PEATÓN,ASFALTO,Bueno,Bueno,1,HONDA,ARENA,2,MINISTERIO PÚBLICO,40,FEMENINO,SIN DATOS,1,0,Lázaro Cárdenas,1Er Sect de Fidelac,diciembre,jueves,20,-102.197978496552,17.9649941346574
19466,19468,2018,,2018/12/13,21:00:00,COLISIÓN POR CORTE DE CIRCULACIÓN,ASFALTO,Bueno,Bueno,2,NISSAN,ROJO,2,,59,MASCULINO,SIN DATOS,0,0,Puruándiro,La Loma,diciembre,jueves,21,-101.521589756012,20.0963195745856
19467,19469,2018,LEG20136,2018/12/13,21:50:00,COLISIÓN POR INVASIÓN DE CARRIL,ASFALTO,Bueno,Bueno,2,TOYOTA,BLANCO/GRIS,2,,32,MASCULINO,SIN DATOS,0,0,Morelia,Las Americas,diciembre,jueves,22,-101.158998012543,19.6880715525677
19468,19470,2018,"181225356",2018/12/13,21:55:00,COLISIÓN POR INVASIÓN DE CARRIL,ASFALTO,Bueno,Bueno,2,NISSAN,BLANCO,2,,25,MASCULINO,SIN DATOS,0,0,Morelia,Villas del Pedregal,diciembre,jueves,22,-101.307635307312,19.6810255065521
19469,19471,2018,"181225508",2018/12/13,22:41:00,COLISIÓN CONTRA OBJETO FIJO,ASFALTO,Bueno,Bueno,1,FORD,PLATA,1,,23,MASCULINO,SIN DATOS,0,0,Morelia,Victor Manuel Tinoco Rubi,diciembre,jueves,23,-101.243433952332,19.7004354774097
19470,19472,2018,"181225602",2018/12/14,"00:05:00",COLISIÓN POR ALCANCE,ASFALTO,Bueno,Bueno,2,NISSAN,GRIS,2,,30,FEMENINO,ALIENTO ETÍLICO,0,0,Morelia,Lomas de Guayangareo,diciembre,viernes,0,-101.158268451691,19.7006172927079
19471,19473,2018,"181225663",2018/12/14,"01:00:00",CAIDA DE MOTOCICLETA,ASFALTO,Bueno,Bueno,1,DINAMO,NEGRO,1,,26,FEMENINO,SIN DATOS,0,0,Morelia,Popular Pogreso,diciembre,viernes,1,-101.203737258911,19.7206611620708
19472,19474,2018,"181225799",2018/12/14,"01:35:00",COLISIÓN POR ALCANCE,ASFALTO,Bueno,Bueno,2,NISSAN,GRIS,0,,,,,0,0,Morelia,Los Laureles,diciembre,viernes,2,-101.232168674469,19.7137882512987
19473,19475,2018,"181225817",2018/12/14,"06:00:00",COLISIÓN CONTRA OBJETO FIJO,ASFALTO,Bueno,Bueno,1,VOLKSWAGEN,NEGRO,1,,0,MASCULINO,ALIENTO ETÍLICO,0,0,Morelia,Eduardo Ruiz,diciembre,viernes,6,-101.224143505096,19.7251806594565
19474,19476,2018,"181225931",2018/12/14,"08:00:00",COLISIÓN CONTRA OBJETO FIJO,ASFALTO,Bueno,Bueno,1,NISSAN,PLATA,1,,34,MASCULINO,SIN DATOS,0,0,Morelia,Felix Ireta,diciembre,viernes,8,-101.181271076202,19.6862936547862
19475,19477,2018,,2018/12/14,"08:00:00",COLISIÓN POR INVASIÓN DE CARRIL,ASFALTO,Bueno,Regular,1,VOLKSWAGEN,BLANCO,1,,,,SIN DATOS,0,0,Zitácuaro,Sin datos,diciembre,viernes,8,-100.41362285614,19.3620550303802
19476,19478,2018,"181225921",2018/12/14,10:25:00,SALIDA DE SUPERFICIE DE RODAMIENTO,ASFALTO,Bueno,Bueno,1,CHEVROLET,GRIS,1,,0,,SIN DATOS,0,0,Morelia,San Juanito Itzicuaro,diciembre,viernes,10,-101.254323720932,19.6745650959495
19477,19479,2018,"181226295",2018/12/14,11:00:00,COLISIÓN POR ALCANCE,CONCRETO,Bueno,Bueno,2,NISSAN,BLANCO,2,,0,MASCULINO,SIN DATOS,0,0,Morelia,Matamoros,diciembre,viernes,11,-101.164078116417,19.6961173033636
19478,19480,2018,"181226294",2018/12/14,11:10:00,COLISIÓN POR ALCANCE,ASFALTO,Bueno,Bueno,2,MAZDA,BLANCO,2,,35,FEMENINO,SIN DATOS,0,0,Morelia,Felix Ireta,diciembre,viernes,11,-101.192042827606,19.6824549445351
19479,19481,2018,"181226580",2018/12/14,11:22:00,COLISIÓN POR CORTE DE CIRCULACIÓN,ASFALTO,Bueno,Bueno,1,CHEVROLET,BLANCO,1,,18,MASCULINO,SIN DATOS,0,0,Morelia,Las Americas,diciembre,viernes,11,-101.156508922577,19.687869519723
19480,19482,2018,"181226528",2018/12/14,11:25:00,COLISIÓN POR ALCANCE,ASFALTO,Bueno,Bueno,2,VOLKSWAGEN,BLANCO,2,,53,FEMENINO,SIN DATOS,0,0,Morelia,Vista Bella,diciembre,viernes,11,-101.197385787964,19.6796263623219
19481,19483,2018,"181226521",2018/12/14,11:54:00,COLISIÓN POR CAMBIO DE CARRIL,ASFALTO,Bueno,Bueno,2,HONDA,BLANCO,2,,63,MASCULINO,SIN DATOS,0,0,Morelia,Santillan La Huerta,diciembre,viernes,12,-101.220694184303,19.6741508934208
19482,19484,2018,"181226479",2018/12/14,12:30:00,COLISIÓN POR ALCANCE,ASFALTO,Bueno,Bueno,2,FORD,BLANCO/NEGRO,2,,33,MASCULINO,SIN DATOS,0,0,Morelia,Camelinas,diciembre,viernes,13,-101.171100139618,19.6821114765021
19483,19485,2018,,2018/12/14,12:30:00,COLISIÓN POR CORTE DE CIRCULACIÓN,ASFALTO,Bueno,Bueno,2,FORD,GRIS,2,,23,MASCULINO,SIN DATOS,0,0,Pátzcuaro,Centro,diciembre,viernes,13,-101.617805957794,19.5164136810953
19484,19486,2018,"181226887",2018/12/14,14:10:00,COLISIÓN POR ALCANCE,ASFALTO,Bueno,Bueno,3,CHEVROLET,BLANCO,3,,38,MASCULINO,SIN DATOS,0,0,Morelia,Enrique Arreguin Robles,diciembre,viernes,14,-101.184800863266,19.7200097379434
19485,19487,2018,"181227030",2018/12/14,14:50:00,COLISIÓN POR CORTE DE CIRCULACIÓN,ASFALTO,Bueno,Bueno,2,NISSAN,GRIS,2,,60,MASCULINO,SIN DATOS,0,0,Tarímbaro,Sin datos,diciembre,viernes,15,-101.133098602295,19.7768806659693
19486,19488,2018,"181226980",2018/12/14,15:25:00,COLISIÓN CON PEATÓN,ASFALTO,Bueno,Bueno,2,VENTO,VERDE,2,,,,,2,0,Tarímbaro,Campestre,diciembre,viernes,15,-101.165456771851,19.8018360751332
19487,19489,2018,"181227120",2018/12/14,15:30:00,COLISIÓN POR ALCANCE,CONCRETO,Bueno,Bueno,2,HINO,BLANCO,2,,19,MASCULINO,SIN DATOS,0,0,Morelia,Ocolusen Iii,diciembre,viernes,16,-101.152410507202,19.6847076724943
19488,19490,2018,"181227361",2018/12/14,15:30:00,COLISIÓN POR ALCANCE,ASFALTO,Bueno,Bueno,2,KIA,PLATA,2,,21,MASCULINO,SIN DATOS,0,0,Morelia,Ejidal Ocolusen,diciembre,viernes,16,-101.152024269104,19.6834853442151
19489,19491,2018,"181227081",2018/12/14,15:30:00,COLISIÓN POR ALCANCE,ASFALTO,Bueno,Bueno,2,SIN DATOS,NEGRO,2,,42,MASCULINO,SIN DATOS,0,0,Morelia,Indeco El Vivero,diciembre,viernes,16,-101.229701042175,19.6771008002847
19490,19492,2018,,2018/12/14,16:40:00,SALIDA DE SUPERFICIE DE RODAMIENTO,ASFALTO,Bueno,Bueno,1,NISSAN,BLANCO/NARANJA,4,MINISTERIO PÚBLICO,,,SIN DATOS,3,0,Zitácuaro,Sin datos,diciembre,viernes,17,-100.419588088989,19.4845968797873