fid,id_accidente,anio_origen,folio_c5i,dia_incidente,hora_ocurrencia,tipo_incidente_vial,superficie_ocurrencia,condiciones_climaticas,condiciones_via,numero_vehiculos_involucrados,marca_vehiculo_ocasiona_siniestro,color_vehiculo_ocasiona_siniestro,numero_personas_involucradas,lugar_remite_presunto_responsable,edad_presunto_responsable,sexo_presunto_responsable,resultados_toxicologia,numero_personas_lesionadas,numero_personas_fallecidas,municipio,colonia,mes,dia_semana,hora_redondeada,lon,lat
19491,19493,2018,,2018/12/14,17:50:00,VOLCADURA,ASFALTO,Bueno,Regular,1,GMC,BLANCO,1,,0,MASCULINO,SIN DATOS,0,0,Acuitzio,Sin Nombre,diciembre,viernes,18,-101.333062648773,19.4751497467823
19492,19494,2018,"181227735",2018/12/14,18:00:00,COLISIÓN POR ALCANCE,ASFALTO,Bueno,Bueno,2,HONDA,AZUL,2,,48,FEMENINO,SIN DATOS,0,0,Morelia,Valle de Altozano,diciembre,viernes,18,-101.164855957031,19.6655938358414
19493,19495,2018,"181225092",2018/12/14,18:20:00,COLISIÓN POR CORTE DE CIRCULACIÓN,ASFALTO,Bueno,Bueno,2,VOLKSWAGEN,ROJO,2,,52,MASCULINO,SIN DATOS,0,0,Morelia,La Quemada,diciembre,viernes,18,-101.237028837204,19.701859691717
19494,19496,2018,"181225072",2018/12/14,18:30:00,COLISIÓN POR CORTE DE CIRCULACIÓN,ASFALTO,Bueno,Bueno,2,KENWORTH,BLANCO,2,,57,MASCULINO,SIN DATOS,0,0,Morelia,El Eden,diciembre,viernes,19,-101.24969959259,19.6464676159095
19495,19497,2018,"181228155",2018/12/14,20:23:00,COLISIÓN POR CAMBIO DE CARRIL,ASFALTO,Bueno,Bueno,2,INTERNATIONAL,BLANCO/NARANJA,2,,32,MASCULINO,SIN DATOS,0,0,Morelia,Tzindurio Norte,diciembre,viernes,20,-101.244442462921,19.7002536619049
19496,19498,2018,"181228106",2018/12/14,20:40:00,COLISIÓN POR CAMBIO DE CARRIL,ASFALTO,Bueno,Bueno,2,NISSAN,BLANCO/ROSA,2,,28,MASCULINO,SIN DATOS,0,0,Morelia,Enrique Arreguin Robles,diciembre,viernes,21,-101.185648441315,19.7217064650061
19497,19499,2018,,2018/12/14,20:40:00,COLISIÓN POR CAMBIO DE CARRIL,ASFALTO,Bueno,Bueno,2,MERCEDEZ BENZ,BLANCO/NARANJA,2,,32,MASCULINO,SIN DATOS,0,0,Morelia,Villas del Pedregal,diciembre,viernes,21,-101.30611717701,19.6701300425056
19498,19500,2018,"181228228",2018/12/14,21:26:00,COLISIÓN POR ALCANCE,ASFALTO,Bueno,Bueno,2,NISSAN,BLANCO,2,,68,MASCULINO,SIN DATOS,0,0,Morelia,Tzindurio de Morelos,diciembre,viernes,21,-101.249806880951,19.6986981208082
19499,19501,2018,"181228234",2018/12/14,21:30:00,COLISIÓN CON PEATÓN,ASFALTO,Bueno,Bueno,1,SIN DATOS,SIN DATOS,2,,0,,SIN DATOS,1,0,Morelia,Lomas del Tecnologico,diciembre,viernes,22,-101.188416481018,19.7213832802876
19501,19503,2018,"181228436",2018/12/14,23:50:00,COLISIÓN CON PEATÓN,ASFALTO,Bueno,Bueno,1,VOLKSWAGEN,VERDE,2,,26,MASCULINO,SIN DATOS,1,0,Morelia,Loma Dorada,diciembre,viernes,0,-101.254452466965,19.7017081801592
19502,19504,2018,,2018/12/15,"00:10:00",COLISIÓN POR ALCANCE,ASFALTO,Bueno,Bueno,3,VOLKSWAGEN,AZUL,3,,0,MASCULINO,ALIENTO ETÍLICO,0,0,Morelia,5 de Mayo,diciembre,sábado,0,-101.175515055656,19.7029101679052
19503,19505,2018,"181228506",2018/12/15,"00:45:00",SALIDA DE SUPERFICIE DE RODAMIENTO,CONCRETO,Bueno,Bueno,1,VOLKSWAGEN,NEGRO,1,,25,MASCULINO,SIN DATOS,0,0,Morelia,La Aldea,diciembre,sábado,1,-101.133828163147,19.740217798564
19504,19506,2018,"181228626",2018/12/15,"04:40:00",COLISIÓN POR CORTE DE CIRCULACIÓN,ASFALTO,Bueno,Bueno,1,VOLKSWAGEN,BLANCO,1,,31,FEMENINO,ALIENTO ETÍLICO,0,0,Morelia,Balcones de Santa Maria,diciembre,sábado,5,-101.186050772667,19.6775806601353
19505,19507,2018,"181228677",2018/12/15,"05:08:00",COLISIÓN CONTRA OBJETO FIJO,ASFALTO,Bueno,Bueno,1,VOLVO,ROJO,1,,32,MASCULINO,SIN DATOS,0,0,Morelia,Felix Ireta,diciembre,sábado,5,-101.181635856628,19.6815659669358
19508,19510,2018,"181228744",2018/12/15,"06:40:00",COLISIÓN CONTRA OBJETO FIJO,ASFALTO,Bueno,Bueno,1,VOLKSWAGEN,NEGRO,1,,0,,ALIENTO ETÍLICO,0,0,Morelia,Centro,diciembre,sábado,7,-101.20417714119,19.7025364415901
19509,19511,2018,LEG20198,2018/12/15,"07:34:00",COLISIÓN POR ALCANCE,ASFALTO,Bueno,Bueno,3,CHEVROLET,BLANCO,1,,,,,1,0,Morelia,Lomas del Tecnologico,diciembre,sábado,8,-101.188480854034,19.721363081221
19510,19512,2018,"181228751",2018/12/15,"07:50:00",COLISIÓN POR CAMBIO DE CARRIL,CONCRETO,Bueno,Bueno,2,ITALIKA,NEGRO/VERDE,3,MINISTERIO PÚBLICO,26,MASCULINO,SIN DATOS,1,0,Morelia,Agustin Arriaga Rivera,diciembre,sábado,8,-101.225377321243,19.690440368655
19511,19513,2018,"181228895",2018/12/15,"08:00:00",COLISIÓN POR CORTE DE CIRCULACIÓN,SIN_DATOS,Bueno,Bueno,1,NISSAN,GRIS,1,,25,MASCULINO,SIN DATOS,0,0,Morelia,Lomas de Huerta,diciembre,sábado,8,-101.211655139923,19.6730598182208
19512,19514,2018,"181228750",2018/12/15,"08:00:00",COLISIÓN CON PEATÓN,CONCRETO,Bueno,Bueno,2,FORD,ROJO,2,,0,,SIN DATOS,0,0,Morelia,Cumbres del Quinceo,diciembre,sábado,8,-101.234614849091,19.7218074600967
19513,19515,2018,"181229400",2018/12/15,10:50:00,COLISIÓN CONTRA OBJETO FIJO,CONCRETO,Bueno,Bueno,2,DODGE,AZUL,2,,34,MASCULINO,ALIENTO ETÍLICO,0,0,Morelia,Rafael Carrillo,diciembre,sábado,11,-101.234228610992,19.7110410243022
19514,19516,2018,"181229265",2018/12/15,11:25:00,COLISIÓN POR CORTE DE CIRCULACIÓN,ASFALTO,Bueno,Bueno,2,VOLKSWAGEN,GRIS,2,,0,MASCULINO,SIN DATOS,0,0,Morelia,Centro,diciembre,sábado,11,-101.177741289139,19.7026475495047
19515,19517,2018,"181229172",2018/12/15,11:25:00,COLISIÓN POR ALCANCE,ASFALTO,Bueno,Bueno,2,TOYOTA,GRIS,2,,69,MASCULINO,SIN DATOS,0,0,Morelia,Felix Ireta,diciembre,sábado,11,-101.18155002594,19.6816265792016
19516,19518,2018,"181229161",2018/12/15,12:19:00,COLISIÓN POR CORTE DE CIRCULACIÓN,CONCRETO,Bueno,Bueno,1,NISSAN,ROJO,1,,0,,SIN DATOS,0,0,Morelia,Centro,diciembre,sábado,12,-101.187096834183,19.6984152935297
19517,19519,2018,"181229390",2018/12/15,12:20:00,COLISIÓN POR CAMBIO DE CARRIL,ASFALTO,Bueno,Bueno,2,GENERAL MOTORS,BLANCO/ROJO,2,,68,MASCULINO,SIN DATOS,0,0,Morelia,Felix Ireta,diciembre,sábado,12,-101.180831193924,19.6858188719256
19518,19520,2018,"181229736",2018/12/15,13:10:00,COLISIÓN POR ALCANCE,ASFALTO,Bueno,Bueno,2,FORD,VERDE,2,,24,MASCULINO,SIN DATOS,0,0,Morelia,Reforma,diciembre,sábado,13,-101.23842895031,19.7068039401472
19519,19521,2018,"181229493",2018/12/15,13:40:00,COLISIÓN POR CORTE DE CIRCULACIÓN,ASFALTO,Bueno,Bueno,2,NISSAN,BLANCO/ROSA,2,,0,MASCULINO,SIN DATOS,0,0,Morelia,Villa Universidad,diciembre,sábado,14,-101.202068924904,19.6851824586493
19520,19522,2018,"181229693",2018/12/15,14:30:00,COLISIÓN POR CAMBIO DE CARRIL,ASFALTO,Bueno,Bueno,2,NISSAN,BLANCO,2,,27,MASCULINO,SIN DATOS,0,0,Morelia,Jardines del Toreo,diciembre,sábado,15,-101.214187145233,19.6880917558381
19521,19523,2018,"181231133",2018/12/15,14:30:00,COLISIÓN POR CORTE DE CIRCULACIÓN,CONCRETO,Bueno,Bueno,2,SIN DATOS,SIN DATOS,2,,0,,SIN DATOS,0,0,Morelia,Valle Quieto,diciembre,sábado,15,-101.204525828362,19.6837934526359
19522,19524,2018,"181292222",2018/12/15,15:25:00,COLISIÓN POR ALCANCE,ASFALTO,Bueno,Bueno,2,CHEVROLET,BLANCO,2,,31,MASCULINO,SIN DATOS,0,0,Morelia,Felicitas del Rio,diciembre,sábado,15,-101.195529699326,19.6921222573088
19523,19525,2018,"181229849",2018/12/15,15:35:00,COLISIÓN POR ALCANCE,ASFALTO,Bueno,Bueno,3,CHEVROLET,NEGRO,3,,36,MASCULINO,SIN DATOS,0,0,Morelia,Villas de La Esperanza,diciembre,sábado,16,-101.272659301758,19.6937687738295
19524,19526,2018,"181230082",2018/12/15,15:50:00,COLISIÓN POR ALCANCE,ASFALTO,Bueno,Bueno,2,TOYOTA,ROJO,2,,56,MASCULINO,SIN DATOS,0,0,Morelia,Lomas de Las Americas Sur,diciembre,sábado,16,-101.146852970123,19.6943546467886
19525,19527,2018,"181230217",2018/12/15,16:15:00,COLISIÓN POR CORTE DE CIRCULACIÓN,ASFALTO,Bueno,Bueno,2,MERCEDEZ BENZ,BLANCO,2,,29,MASCULINO,SIN DATOS,0,0,Morelia,Campos Eliseos,diciembre,sábado,16,-101.242468357086,19.7006576960795
19526,19528,2018,"181230241",2018/12/15,16:25:00,COLISIÓN POR CORTE DE CIRCULACIÓN,ASFALTO,Bueno,Bueno,2,VOLKSWAGEN,BLANCO,2,,0,FEMENINO,SIN DATOS,0,0,Morelia,Camelinas,diciembre,sábado,16,-101.173567771912,19.6821316805244
19527,19529,2018,"181230857",2018/12/15,19:25:00,COLISIÓN CONTRA OBJETO FIJO,CONCRETO,Bueno,Bueno,1,VOLKSWAGEN,GRIS,1,,26,MASCULINO,ALIENTO ETÍLICO,0,0,Morelia,Villas del Pedregal,diciembre,sábado,19,-101.305650472641,19.6724940726
19528,19530,2018,"181230903",2018/12/15,19:31:00,COLISIÓN POR CORTE DE CIRCULACIÓN,ASFALTO,Bueno,Bueno,2,INTERNATIONAL,VERDE,2,,0,MASCULINO,SIN DATOS,0,0,Morelia,Francisco J Mujica,diciembre,sábado,20,-101.188309192657,19.7216256688878
19529,19531,2018,,2018/12/15,19:45:00,COLISIÓN CON PEATÓN,ASFALTO,Bueno,Bueno,1,VOLKSWAGEN,BLANCO,2,MINISTERIO PÚBLICO,,,SIN DATOS,1,0,Hidalgo,Sin datos,diciembre,sábado,20,-100.574769973755,19.6592388895063
19530,19532,2018,"181231100",2018/12/15,21:25:00,COLISIÓN POR CORTE DE CIRCULACIÓN,ASFALTO,Bueno,Bueno,2,BMW,ROJO,1,MINISTERIO PÚBLICO,,,,1,0,Morelia,Eduardo Ruiz,diciembre,sábado,21,-101.220731735229,19.7211964388241
19531,19533,2018,,2018/12/15,21:30:00,COLISIÓN POR ALCANCE,ASFALTO,Bueno,Bueno,2,NISSAN,BLANCO,2,,42,MASCULINO,SIN DATOS,0,0,Pátzcuaro,El Calvario,diciembre,sábado,22,-101.61877155304,19.5140473575798
19532,19534,2018,"181231255",2018/12/15,22:10:00,SUBIDA AL CAMELLÓN,ASFALTO,Bueno,Bueno,1,FORD,BLANCO,1,,80,MASCULINO,SIN DATOS,0,0,Morelia,Los Pinos de Michoacan,diciembre,sábado,22,-101.21572136879,19.6845359409853
19533,19535,2018,"181231567",2018/12/16,"01:45:00",VOLCADURA,TERRACERIA,Bueno,Bueno,1,CHEVROLET,ROJO,3,MINISTERIO PÚBLICO,,,,2,1,Morelia,Bicentenario,diciembre,domingo,2,-101.13477230072,19.7350978570883
19534,19536,2018,"181231697",2018/12/16,"03:04:00",COLISIÓN POR NO RESPETAR SEMÁFORO,ASFALTO,Bueno,Bueno,2,VOLKSWAGEN,BLANCO,1,MINISTERIO PÚBLICO,,,,1,0,Morelia,Morelia 450,diciembre,domingo,3,-101.21716439724,19.675595546376
19535,19537,2018,"181231673",2018/12/16,"03:15:00",CAIDA DE MOTOCICLETA,ASFALTO,Bueno,Bueno,1,HONDA,ROJO,1,,0,MASCULINO,SIN DATOS,0,0,Morelia,Ampliacion La Soledad,diciembre,domingo,3,-101.180520057678,19.7377638826012
19536,19538,2018,"181231742",2018/12/16,"04:00:00",COLISIÓN POR ALCANCE,CONCRETO,Bueno,Bueno,2,AUDI,GRIS,2,MINISTERIO PÚBLICO,41,FEMENINO,SIN DATOS,0,0,Morelia,Centro,diciembre,domingo,4,-101.178170442581,19.6992233701421
19537,19539,2018,"181231809",2018/12/16,"05:00:00",COLISIÓN CONTRA OBJETO FIJO,ASFALTO,Bueno,Bueno,2,RENAULT,GRIS,2,MINISTERIO PÚBLICO,0,,SIN DATOS,0,0,Morelia,Chapultepec Oriente,diciembre,domingo,5,-101.159534454346,19.6933142157462
19538,19540,2018,"181231834",2018/12/16,"05:45:00",COLISIÓN POR CORTE DE CIRCULACIÓN,ASFALTO,Bueno,Bueno,1,SEAT,GRIS,1,,25,FEMENINO,SIN DATOS,0,0,Morelia,Valle Quieto,diciembre,domingo,6,-101.202852129936,19.6854148002972
19539,19541,2018,"181246791",2018/12/16,"06:00:00",COLISIÓN CON PEATÓN,ASFALTO,Bueno,Bueno,1,DODGE,BLANCO,1,,52,MASCULINO,SIN DATOS,0,0,Tarímbaro,Sin datos,diciembre,domingo,6,-101.166486740112,19.8107189335282
19540,19542,2018,"181231896",2018/12/16,"07:20:00",COLISIÓN CONTRA OBJETO FIJO,CONCRETO,Bueno,Bueno,1,CHEVROLET,BLANCO,1,,0,MASCULINO,SIN DATOS,0,0,Morelia,Martires de Uruapan,diciembre,domingo,7,-101.197900772095,19.7251806594565
19541,19543,2018,"181231897",2018/12/16,"07:30:00",SUBIDA AL CAMELLÓN,ASFALTO,Bueno,Bueno,1,FORD,GRIS,1,,30,MASCULINO,ALIENTO ETÍLICO,0,0,Morelia,La Soledad,diciembre,domingo,8,-101.183395385742,19.7282912113304
19542,19544,2018,"181231980",2018/12/16,"08:00:00",COLISIÓN CONTRA OBJETO FIJO,ASFALTO,Bueno,Bueno,1,CHEVROLET,NEGRO,1,,0,,SIN DATOS,0,0,Morelia,Enrique Arreguin Robles,diciembre,domingo,8,-101.184189319611,19.7198683432085
19543,19545,2018,"181232031",2018/12/16,"08:50:00",COLISIÓN CONTRA OBJETO FIJO,ASFALTO,Bueno,Bueno,1,CHEVROLET,BLANCO,1,,21,MASCULINO,SIN DATOS,0,0,Morelia,Fuentes de Valladolid,diciembre,domingo,9,-101.222512722015,19.6705139472001
19544,19546,2018,"181232039",2018/12/16,"09:20:00",COLISIÓN POR ALCANCE,ASFALTO,Bueno,Bueno,3,MERCEDES BENZ,BLANCO,3,,38,MASCULINO,SIN DATOS,0,0,Morelia,Primo Tapia Oriente,diciembre,domingo,9,-101.159684658051,19.713131749139
19545,19547,2018,"181232243",2018/12/16,10:52:00,COLISIÓN POR CORTE DE CIRCULACIÓN,ASFALTO,Bueno,Bueno,2,FORD,GRIS,2,MINISTERIO PÚBLICO,36,MASCULINO,SIN DATOS,0,0,Morelia,Felix Ireta,diciembre,domingo,11,-101.187080740929,19.6813285686741
19546,19548,2018,"181232030",2018/12/16,11:19:00,COLISIÓN CONTRA OBJETO FIJO,ASFALTO,Bueno,Bueno,1,FORD,BLANCO,1,,,MASCULINO,SIN DATOS,0,0,Morelia,Montaña Monarca,diciembre,domingo,11,-101.164544820786,19.6657655876522
19547,19549,2018,"181233010",2018/12/16,15:10:00,COLISIÓN POR CAMBIO DE CARRIL,ASFALTO,Bueno,Bueno,2,FORD,AZUL,2,MINISTERIO PÚBLICO,38,MASCULINO,ALIENTO ETÍLICO,0,0,Morelia,El Realito,diciembre,domingo,15,-101.202664375305,19.7255947299205
19548,19550,2018,"181222068",2018/12/16,15:33:00,COLISIÓN POR CORTE DE CIRCULACIÓN,ASFALTO,Bueno,Bueno,2,SUZUKI,NEGRO,2,,36,MASCULINO,SIN DATOS,0,0,Morelia,Chapultepec Oriente,diciembre,domingo,16,-101.163386106491,19.6942435331163
19549,19551,2018,"181233650",2018/12/16,18:52:00,COLISIÓN POR INVASIÓN DE CARRIL,ASFALTO,Bueno,Bueno,3,MINI COOPER,BLANCO,2,MINISTERIO PÚBLICO,61,MASCULINO,SIN DATOS,0,0,Morelia,Ejidal Ocolusen,diciembre,domingo,19,-101.152045726776,19.6834449365094
19550,19552,2018,"181233957",2018/12/16,20:20:00,COLISIÓN POR NO RESPETAR SEMÁFORO,ASFALTO,Bueno,Bueno,2,FORD,AZUL,2,,28,MASCULINO,SIN DATOS,0,0,Morelia,Comision Federal de Electricidad,diciembre,domingo,20,-101.180198192596,19.6816669873661
19551,19553,2018,"181233822",2018/12/16,20:20:00,COLISIÓN POR ALCANCE,ASFALTO,Bueno,Bueno,2,CHEVROLET,ROJO,2,,25,MASCULINO,SIN DATOS,0,0,Morelia,Union,diciembre,domingo,20,-101.157450377941,19.7103314846611
19552,19554,2018,,2018/12/16,21:40:00,COLISIÓN CONTRA OBJETO FIJO,CONCRETO,Bueno,Bueno,1,NISSAN,GUINDA,1,,0,MASCULINO,SIN DATOS,0,0,Cuitzeo,Luis Donaldo Colosio,diciembre,domingo,22,-101.148065328598,19.9733286190816
19553,19555,2018,"181234350",2018/12/16,21:45:00,COLISIÓN POR INVASIÓN DE CARRIL,ASFALTO,Bueno,Bueno,2,MERCEDES BENZ,GRIS,2,,52,MASCULINO,SIN DATOS,0,0,Morelia,Cosmos,diciembre,domingo,22,-101.21678352356,19.682848921666
19554,19556,2018,"181234274",2018/12/16,22:30:00,COLISIÓN POR CORTE DE CIRCULACIÓN,ASFALTO,Bueno,Bueno,2,NISSAN,BLANCO,2,,45,FEMENINO,SIN DATOS,0,0,Morelia,San Juanito Itzicuaro,diciembre,domingo,23,-101.254506111145,19.6752066026308
19555,19557,2018,"181234607",2018/12/17,"05:32:00",COLISIÓN POR CORTE DE CIRCULACIÓN,ADOQUIN_EMPEDRADO,Bueno,Bueno,2,KIA,AZUL,2,,28,MASCULINO,SIN DATOS,0,0,Morelia,Ana Maria Gallaga (Riviera Norte),diciembre,lunes,6,-101.222652196884,19.6769189582816
19556,19558,2018,"181234689",2018/12/17,"07:30:00",COLISIÓN POR NO RESPETAR SEMÁFORO,ASFALTO,Nublado,Bueno,2,CHEVROLET,AZUL,2,,37,MASCULINO,SIN DATOS,0,0,Morelia,Pascual Ortiz de Ayala,diciembre,lunes,8,-101.15086555481,19.6949405176033
19557,19559,2018,"181234690",2018/12/17,"07:40:00",COLISIÓN CON PEATÓN,CONCRETO,Bueno,Bueno,1,NISSAN,NEGRO,2,,43,MASCULINO,SIN DATOS,1,0,Morelia,Central de Abastos,diciembre,lunes,8,-101.168927550316,19.7175706612372
19558,19560,2018,,2018/12/17,"09:30:00",COLISIÓN POR CORTE DE CIRCULACIÓN,ASFALTO,Bueno,Bueno,1,DINA,BLANCO,1,,45,MASCULINO,SIN DATOS,0,0,Morelia,La Luz,diciembre,lunes,10,-101.299792528152,19.6874351482437
19559,19561,2018,"181234891",2018/12/17,"09:40:00",COLISIÓN POR CAMBIO DE CARRIL,ASFALTO,Bueno,Bueno,2,KENWORTH,BLANCO,2,,23,MASCULINO,SIN DATOS,0,0,Morelia,Pascual Ortiz de Ayala,diciembre,lunes,10,-101.14950299263,19.6947687970694
19560,19562,2018,,2018/12/17,11:15:00,COLISIÓN POR INVASIÓN DE CARRIL,ASFALTO,Bueno,Bueno,2,VOLKWAGEN,BLANCO,1,,0,MASCULINO,SIN DATOS,0,0,Zinapécuaro,Sin datos,diciembre,lunes,11,-100.791492462158,19.8391407458889
19561,19563,2018,"181235753",2018/12/17,12:50:00,COLISIÓN POR ALCANCE,ASFALTO,Bueno,Bueno,2,ISUZU,BLANCO,2,,22,MASCULINO,SIN DATOS,0,0,Morelia,Hospitales de Don Vasco,diciembre,lunes,13,-101.155430674553,19.7010869812723
19562,19564,2018,"181236202",2018/12/17,13:10:00,COLISIÓN POR ALCANCE,ASFALTO,Bueno,Bueno,2,MAZDA,NEGRO,2,,31,MASCULINO,SIN DATOS,0,0,Morelia,Las Americas,diciembre,lunes,13,-101.158976554871,19.6881321623714
19563,19565,2018,,2018/12/17,14:00:00,COLISIÓN POR CORTE DE CIRCULACIÓN,ASFALTO,Bueno,Bueno,2,KURAZAI,NEGRO/ROJO,2,MINISTERIO PÚBLICO,21,MASCULINO,SIN DATOS,0,0,Tuxpan,Tuxpan,diciembre,lunes,14,-100.466194152832,19.5638339670887
19564,19566,2018,"181235650",2018/12/17,14:26:00,COLISIÓN POR CORTE DE CIRCULACIÓN,ASFALTO,Bueno,Bueno,2,TOYOTA,BLANCO Y MORADO,1,,32,MASCULINO,SIN DATOS,0,0,Morelia,Centro,diciembre,lunes,14,-101.177864670753,19.7048999933171
19566,19568,2018,,2018/12/17,15:00:00,COLISIÓN POR ALCANCE,ADOQUIN_EMPEDRADO,Bueno,Bueno,2,FORD,BLANCO,2,,37,MASCULINO,SIN DATOS,0,0,Cuitzeo,El Embarcadero,diciembre,lunes,15,-101.141263246536,19.9654531970787
19567,19569,2018,"181235906",2018/12/17,15:28:00,COLISIÓN POR CORTE DE CIRCULACIÓN,ASFALTO,Bueno,Bueno,2,NISSAN,BLANCO,2,,30,MASCULINO,SIN DATOS,0,0,Morelia,Avicola Benito Juarez,diciembre,lunes,15,-101.279547214508,19.6915666804285
19568,19570,2018,"181235968",2018/12/17,15:40:00,COLISIÓN POR ALCANCE,ASFALTO,Bueno,Bueno,2,VENTO,NEGRO,2,,20,MASCULINO,SIN DATOS,0,0,Morelia,Loma Real,diciembre,lunes,16,-101.198469400406,19.7292506225787
19569,19571,2018,LEG20244,2018/12/17,17:20:00,COLISIÓN POR ALCANCE,ASFALTO,Bueno,Bueno,2,NISSAN,GRIS,2,,55,MASCULINO,SIN DATOS,0,0,Morelia,La Soledad,diciembre,lunes,17,-101.183363199234,19.7281195266046
19570,19572,2018,"181236199",2018/12/17,17:25:00,COLISIÓN POR CORTE DE CIRCULACIÓN,ASFALTO,Bueno,Bueno,2,S/D,S/D,1,,41,MASCULINO,SIN DATOS,0,0,Morelia,Centro,diciembre,lunes,17,-101.191796064377,19.6960415448842
19571,19573,2018,"181236018",2018/12/17,17:45:00,COLISIÓN POR ALCANCE,ASFALTO,Bueno,Bueno,2,NISSAN,BLANCO,2,,41,MASCULINO,SIN DATOS,0,0,Morelia,Francisco J Mujica,diciembre,lunes,18,-101.18555188179,19.7241202302051
19572,19574,2018,"181236297",2018/12/17,18:25:00,COLISIÓN POR ALCANCE,ASFALTO,Bueno,Bueno,2,NISSAN,BLANCO,2,,41,MASCULINO,SIN DATOS,0,0,Morelia,Bonanza,diciembre,lunes,18,-101.204582154751,19.6601103100039
19573,19575,2018,"181236601",2018/12/17,20:16:00,COLISIÓN POR CORTE DE CIRCULACIÓN,ASFALTO,Bueno,Bueno,2,JEEP,GRIS,0,MINISTERIO PÚBLICO,,,,0,0,Morelia,2 de Octubre,diciembre,lunes,20,-101.384003162384,19.6693420247256
19574,19576,2018,"181238406",2018/12/18,"00:00:00",COLISIÓN POR ALCANCE,ASFALTO,Bueno,Bueno,4,NISSAN,BLANCO,5,,19,MASCULINO,SIN DATOS,1,0,Morelia,Felix Ireta,diciembre,martes,0,-101.191798746586,19.6824423170469
19575,19577,2018,"181237082",2018/12/18,"00:40:00",COLISIÓN CONTRA OBJETO FIJO,CONCRETO,Bueno,Bueno,1,FORD,GRIS,1,,27,MASCULINO,SIN DATOS,0,0,Morelia,Infonavit  Las  Camelinas,diciembre,martes,1,-101.175327301025,19.6867280293618
19576,19578,2018,"181237164",2018/12/18,"02:56:00",COLISIÓN CONTRA OBJETO FIJO,ASFALTO,Nublado,Bueno,1,FORD,GRIS,1,,0,FEMENINO,ALIENTO ETÍLICO,0,0,Morelia,Felix Ireta,diciembre,martes,3,-101.181421279907,19.6816063751156
19577,19579,2018,"181235672",2018/12/18,"03:20:00",SUBIDA AL CAMELLÓN,ASFALTO,Bueno,Bueno,1,MAZDA,GRIS,0,,,,,0,0,Morelia,Camelinas,diciembre,martes,3,-101.174222230911,19.6819498442317
19578,19580,2018,"181239134",2018/12/18,"04:00:00",COLISIÓN POR CAMBIO DE CARRIL,ASFALTO,Bueno,Bueno,2,CHEVROLET,BLANCO/METALICO,2,,18,MASCULINO,SIN DATOS,0,0,Morelia,Montaña Monarca,diciembre,martes,4,-101.164534091949,19.6658868241138
19579,19581,2018,"181237334",2018/12/18,"08:00:00",COLISIÓN POR ALCANCE,CONCRETO,Bueno,Bueno,2,CHRYSLER,GRIS,2,,47,MASCULINO,SIN DATOS,0,0,Morelia,Felix Ireta,diciembre,martes,8,-101.19192481041,19.6903848104701
19580,19582,2018,"181237355",2018/12/18,"08:30:00",COLISIÓN POR CORTE DE CIRCULACIÓN,CONCRETO,Bueno,Bueno,2,MERCEDES BENZ,BLANCO,2,,29,MASCULINO,SIN DATOS,0,0,Morelia,Obrera,diciembre,martes,9,-101.181560754776,19.7125257447532
19581,19583,2018,"181237399",2018/12/18,"08:35:00",COLISIÓN POR ALCANCE,ASFALTO,Bueno,Bueno,2,VOLKWAGEN,NEGRO,2,,54,MASCULINO,SIN DATOS,0,0,Morelia,Camelinas,diciembre,martes,9,-101.174211502075,19.6819902523146
19582,19584,2018,"181237524",2018/12/18,"09:40:00",COLISIÓN POR ALCANCE,ASFALTO,Bueno,Bueno,2,VOLKWAGEN,BLANCO,2,,26,MASCULINO,SIN DATOS,0,0,Morelia,Felix Ireta,diciembre,martes,10,-101.191785335541,19.6826165762958
19583,19585,2018,"181237533",2018/12/18,"09:45:00",COLISIÓN POR ALCANCE,ASFALTO,Bueno,Bueno,2,VOLKWAGEN,BLANCO,2,,39,MASCULINO,SIN DATOS,0,0,Morelia,Tres Puentes,diciembre,martes,10,-101.216011047363,19.7038495301937
19584,19586,2018,"181237554",2018/12/18,10:00:00,COLISIÓN POR CORTE DE CIRCULACIÓN,ASFALTO,Bueno,Bueno,2,NISSAN,BLANCO,2,,65,MASCULINO,SIN DATOS,0,0,Morelia,Felix Ireta,diciembre,martes,10,-101.190841197968,19.6879705361772
19585,19587,2018,"181237628",2018/12/18,10:40:00,COLISIÓN POR CORTE DE CIRCULACIÓN,ASFALTO,Bueno,Bueno,2,VOLVO,PLATA,2,,0,MASCULINO,SIN DATOS,0,0,Morelia,Chapultepec Oriente,diciembre,martes,11,-101.164169311523,19.6898999382197
19586,19588,2018,"181237616",2018/12/18,10:45:00,COLISIÓN CON PEATÓN,SIN_DATOS,Bueno,Bueno,2,INTERNATIONAL,BLANCO,2,,19,MASCULINO,SIN DATOS,0,0,Morelia,Gertrudis Bocanegra,diciembre,martes,11,-101.207084655762,19.702496038693
19588,19590,2018,,2018/12/18,11:00:00,COLISIÓN POR CORTE DE CIRCULACIÓN,ADOQUIN_EMPEDRADO,Bueno,Bueno,2,NISSAN,BLANCO Y AMARILLO,2,,62,MASCULINO,SIN DATOS,0,0,Morelia,Tzindurio Norte,diciembre,martes,11,-101.24715551734,19.7063128048379