fid,id_accidente,anio_origen,folio_c5i,dia_incidente,hora_ocurrencia,tipo_incidente_vial,superficie_ocurrencia,condiciones_climaticas,condiciones_via,numero_vehiculos_involucrados,marca_vehiculo_ocasiona_siniestro,color_vehiculo_ocasiona_siniestro,numero_personas_involucradas,lugar_remite_presunto_responsable,edad_presunto_responsable,sexo_presunto_responsable,resultados_toxicologia,numero_personas_lesionadas,numero_personas_fallecidas,municipio,colonia,mes,dia_semana,hora_redondeada,lon,lat
19589,19591,2018,"18137774",2018/12/18,11:30:00,COLISIÓN POR CORTE DE CIRCULACIÓN,ASFALTO,Bueno,Bueno,2,FORD,PLATINO,2,,68,MASCULINO,SIN DATOS,0,0,Morelia,Felix Ireta,diciembre,martes,12,-101.180745363235,19.6858693808075
19590,19592,2018,"181238043",2018/12/18,12:55:00,COLISIÓN POR CORTE DE CIRCULACIÓN,ASFALTO,Bueno,Bueno,2,YAMAHA,BLANCO,2,,29,MASCULINO,SIN DATOS,0,0,Morelia,Rector Diaz Rubio,diciembre,martes,13,-101.198973655701,19.6682054537966
19591,19593,2018,,2018/12/18,13:30:00,COLISIÓN CONTRA OBJETO FIJO,ASFALTO,Bueno,Bueno,1,VOLKSWAGEN,GRIS,1,,25,MASCULINO,SIN DATOS,0,0,Morelia,La Quemada,diciembre,martes,14,-101.23774766922,19.7017485832553
19592,19594,2018,"181238095",2018/12/18,13:56:00,COLISIÓN POR CORTE DE CIRCULACIÓN,ASFALTO,Bueno,Bueno,2,TREK,azul/amarillo,1,,20,MASCULINO,SIN DATOS,0,0,Morelia,Felicitas del Rio,diciembre,martes,14,-101.201419830322,19.6922434738264
19593,19595,2018,"181238175",2018/12/18,14:30:00,COLISIÓN POR CORTE DE CIRCULACIÓN,ASFALTO,Bueno,Bueno,2,FORD,NEGRO,2,,39,FEMENINO,SIN DATOS,0,0,Morelia,Infonavit Cepamisa,diciembre,martes,15,-101.215764284134,19.6959607358
19594,19596,2018,"181382373",2018/12/18,14:50:00,COLISIÓN POR ALCANCE,ASFALTO,Bueno,Bueno,2,MAZDA,AZUL,2,,31,FEMENINO,SIN DATOS,0,0,Morelia,Nueva Chapultepec,diciembre,martes,15,-101.173063516617,19.6864148757165
19595,19597,2018,"181238529",2018/12/18,16:20:00,COLISIÓN POR MANIOBRA DE REVERSA,ASFALTO,Bueno,Bueno,2,VOLKSWAGEN,AZUL,2,,26,FEMENINO,SIN DATOS,0,0,Morelia,Ventura Puente,diciembre,martes,16,-101.186353862286,19.6953761313665
19596,19598,2018,"181238728",2018/12/18,17:37:00,VOLCADURA,ASFALTO,Bueno,Bueno,2,NISSAN,BLANCO,2,,47,MASCULINO,SIN DATOS,0,0,Lagunillas,Sin datos,diciembre,martes,18,-101.424236297607,19.5563932404339
19597,19599,2018,"181238951",2018/12/18,18:20:00,COLISIÓN POR ALCANCE,ASFALTO,Bueno,Bueno,2,CHEVROLET,BLANCO,1,MINISTERIO PÚBLICO,,,,1,0,Morelia,Sin datos,diciembre,martes,18,-101.16464138031,19.665108888559
19598,19600,2018,,2018/12/18,18:40:00,COLISIÓN POR CORTE DE CIRCULACIÓN,ASFALTO,Bueno,Bueno,2,NISSAN,NEGRO,0,MINISTERIO PÚBLICO,,,,0,0,Lázaro Cárdenas,600 Casas,diciembre,martes,19,-102.214758396149,17.9636086982376
19599,19601,2018,"181237838",2018/12/18,19:05:00,COLISIÓN POR ALCANCE,ASFALTO,Bueno,Bueno,2,FIAT,PLATA,2,,,MASCULINO,SIN DATOS,0,0,Morelia,Cinco de Diciembre,diciembre,martes,19,-101.164613217115,19.6850789149801
19600,19602,2018,"181239159",2018/12/18,19:25:00,COLISIÓN POR ALCANCE,ASFALTO,Bueno,Bueno,4,KENWORTH,AMARILLO,3,,28,MASCULINO,SIN DATOS,0,0,Morelia,Campestre Los Manantiales,diciembre,martes,19,-101.238391399384,19.6882836867802
19601,19603,2018,"181239192",2018/12/18,20:30:00,COLISIÓN POR ALCANCE,ASFALTO,Bueno,Bueno,2,VOLKSWAGEN,GRIS,2,,27,FEMENINO,SIN DATOS,0,0,Morelia,Jardines de Torremolinos,diciembre,martes,21,-101.229593753815,19.6770805956278
19602,19604,2018,,2018/12/18,20:30:00,COLISIÓN CONTRA OBJETO FIJO,ASFALTO,Bueno,Bueno,2,FORD,BLANCO,1,MINISTERIO PÚBLICO,,MASCULINO,SIN DATOS,0,0,Lázaro Cárdenas,1Er Sect de Fidelac,diciembre,martes,21,-102.189851403236,17.959658996673
19603,19605,2018,"181239431",2018/12/18,21:10:00,COLISIÓN POR ALCANCE,ASFALTO,Bueno,Bueno,2,CHYSLER,ARENA,2,,44,MASCULINO,SIN DATOS,0,0,Morelia,Felix Ireta,diciembre,martes,21,-101.181528568268,19.6816265792016
19605,19607,2018,"181239549",2018/12/18,22:10:00,COLISIÓN POR MANIOBRA DE REVERSA,CONCRETO,Bueno,Bueno,2,CHEVROLET,AZUI,2,,21,MASCULINO,SIN DATOS,0,0,Morelia,El Lago 1,diciembre,martes,22,-101.218725442886,19.7288870568889
19606,19608,2018,,2018/12/19,"00:00:00",VOLCADURA,ASFALTO,Bueno,Regular,1,FORD,GUINDA,5,MINISTERIO PÚBLICO,,,,5,0,Peribán,Los Cerritos,diciembre,miércoles,0,-102.429227828979,19.5334420985706
19607,19609,2018,"181239649",2018/12/19,"01:00:00",COLISIÓN CONTRA OBJETO FIJO,ASFALTO,Bueno,Bueno,1,VOLKSWAGEN,AZUL,0,MINISTERIO PÚBLICO,,,,0,0,Morelia,Sin datos,diciembre,miércoles,1,-101.114130020142,19.7370165920603
19608,19610,2018,,2018/12/19,"02:15:00",COLISIÓN POR INVASIÓN DE CARRIL,ASFALTO,Bueno,Bueno,2,NISSAN,CAFE,2,MINISTERIO PÚBLICO,48,MASCULINO,SIN DATOS,0,0,Zacapu,Sin datos,diciembre,miércoles,2,-101.810388565063,19.8226696329746
19609,19611,2018,"181239712",2018/12/19,"04:25:00",VOLCADURA,ASFALTO,Bueno,Bueno,1,PONTIAC,AZUL,3,MINISTERIO PÚBLICO,,,,3,0,Morelia,La Soledad,diciembre,miércoles,4,-101.18337392807,19.7282306167424
19610,19612,2018,,2018/12/19,"06:00:00",SALIDA DE SUPERFICIE DE RODAMIENTO,ASFALTO,Bueno,Bueno,1,BUICK,ROJO,1,,54,MASCULINO,ALIENTO ETÍLICO,0,0,Morelia,Sin datos,diciembre,miércoles,6,-101.118979454041,19.6884150078186
19611,19613,2018,"181240017",2018/12/19,10:26:00,COLISIÓN POR CORTE DE CIRCULACIÓN,ASFALTO,Bueno,Bueno,2,VENTO,NEGRO,2,,15,MASCULINO,SIN DATOS,0,0,Morelia,Torreon Nuevo,diciembre,miércoles,10,-101.197085380554,19.7336335438379
19612,19614,2018,LEG20310,2018/12/19,10:40:00,COLISIÓN POR ALCANCE,ASFALTO,Bueno,Bueno,2,TOYOTA,BLANCO,2,,20,MASCULINO,SIN DATOS,0,0,Morelia,Industrial,diciembre,miércoles,11,-101.197943687439,19.7071423049842
19613,19615,2018,"181240093",2018/12/19,11:00:00,COLISIÓN POR CORTE DE CIRCULACIÓN,ASFALTO,Bueno,Bueno,2,AUDI,GRIS,2,,33,FEMENINO,SIN DATOS,0,0,Morelia,Felix Ireta,diciembre,miércoles,11,-101.181158423424,19.6837227392803
19614,19616,2018,AP23819/18,2018/12/19,11:30:00,COLISIÓN POR CAMBIO DE CARRIL,ASFALTO,Bueno,Bueno,2,CHEVROLET,AZUL,2,,72,MASCULINO,SIN DATOS,0,0,Morelia,El Dorado(Valle del Dorado),diciembre,miércoles,12,-101.171550750732,19.7416618549401
19615,19617,2018,"181241370",2018/12/19,11:45:00,COLISIÓN POR CAMBIO DE CARRIL,ASFALTO,Bueno,Bueno,2,NISSAN,BLANCO,2,,39,MASCULINO,SIN DATOS,0,0,Morelia,Indeco Santiaguito,diciembre,miércoles,12,-101.178975105286,19.720615713962
19616,19618,2018,"181240270",2018/12/19,12:30:00,COLISIÓN POR ALCANCE,ASFALTO,Bueno,Bueno,2,NISSAN,AZUL,2,,70,MASCULINO,SIN DATOS,0,0,Morelia,Felix Ireta,diciembre,miércoles,13,-101.192128658295,19.6823943325828
19617,19619,2018,"181240984",2018/12/19,13:09:00,COLISIÓN POR CAMBIO DE CARRIL,ASFALTO,Bueno,Bueno,2,CHEVROLET,ROJO,2,,31,FEMENINO,SIN DATOS,0,0,Morelia,Francisco J Mujica,diciembre,miércoles,13,-101.188395023346,19.7214640765285
19618,19620,2018,"181240335",2018/12/19,13:20:00,COLISIÓN POR CORTE DE CIRCULACIÓN,ASFALTO,Bueno,Bueno,1,MAZDA,ROJO,1,,,MASCULINO,SIN DATOS,0,0,Morelia,Lomas del Valle,diciembre,miércoles,13,-101.229207515717,19.685101644084
19619,19621,2018,"181240687",2018/12/19,15:10:00,COLISIÓN POR ALCANCE,CONCRETO,Bueno,Bueno,2,FORD,BLANCO,2,,54,MASCULINO,SIN DATOS,0,0,Morelia,Las Americas,diciembre,miércoles,15,-101.159448623657,19.6913444491365
19620,19622,2018,"181240723",2018/12/19,15:37:00,COLISIÓN POR ALCANCE,CONCRETO,Bueno,Bueno,2,HONDA,BLANCO,2,,19,MASCULINO,SIN DATOS,0,0,Morelia,Colinas del Sur,diciembre,miércoles,16,-101.201047003269,19.6654397642076
19621,19623,2018,"181241000",2018/12/19,15:37:00,COLISIÓN POR ALCANCE,ASFALTO,Bueno,Bueno,2,HONDA,BLANCO,2,,37,MASCULINO,SIN DATOS,0,0,Morelia,Primo Tapia Oriente,diciembre,miércoles,16,-101.163074970245,19.7115460328052
19622,19624,2018,"181240895",2018/12/19,16:00:00,COLISIÓN POR CORTE DE CIRCULACIÓN,ASFALTO,Bueno,Bueno,2,NISSAN,BLANCO Y ROJO,2,,44,MASCULINO,SIN DATOS,0,0,Morelia,Centro,diciembre,miércoles,16,-101.186689138412,19.7029505706978
19623,19625,2018,"181240924",2018/12/19,17:40:00,COLISIÓN POR CORTE DE CIRCULACIÓN,CONCRETO,Bueno,Bueno,2,CHEVROLET,BLANCO,2,,40,FEMENINO,SIN DATOS,0,0,Morelia,Granjas del Maestro,diciembre,miércoles,18,-101.19380235672,19.7128085470857
19624,19626,2018,"181241379",2018/12/19,18:45:00,COLISIÓN POR ALCANCE,ASFALTO,Bueno,Bueno,2,TOYOTA,ROJO,2,,32,MASCULINO,SIN DATOS,0,0,Morelia,Los Alamos,diciembre,miércoles,19,-101.229679584503,19.7036475172638
19625,19627,2018,"181241289",2018/12/19,18:50:00,COLISIÓN POR CORTE DE CIRCULACIÓN,ASFALTO,Bueno,Bueno,2,ITALIKA,NEGRO,1,,29,MASCULINO,SIN DATOS,0,0,Morelia,Isaac Arriaga,diciembre,miércoles,19,-101.166980266571,19.7097784960678
19626,19628,2018,"18241533",2018/12/19,19:40:00,COLISIÓN CON PEATÓN,CONCRETO,Bueno,Bueno,2,SIN DATOS,ROJO,1,,30,FEMENINO,SIN DATOS,0,0,Morelia,Francisco J Mujica,diciembre,miércoles,20,-101.188287734985,19.7215852708133
19627,19629,2018,"181241827",2018/12/19,19:40:00,COLISIÓN POR MANIOBRA DE REVERSA,CONCRETO,Bueno,Bueno,2,CHEVROLET,BLANCO Y AZUL,2,,20,MASCULINO,SIN DATOS,0,0,Morelia,Exhacienda del Quinceo,diciembre,miércoles,20,-101.23385310173,19.729846464559
19629,19631,2018,"181241793",2018/12/19,21:00:00,COLISIÓN CON PEATÓN,ASFALTO,Bueno,Bueno,3,RENAULT,BLANCO,3,,38,MASCULINO,SIN DATOS,0,0,Morelia,Niño Artillero,diciembre,miércoles,21,-101.250225305557,19.6986173130653
19630,19632,2018,"181241877",2018/12/19,21:50:00,COLISIÓN POR CAMBIO DE CARRIL,ASFALTO,Bueno,Bueno,2,TOYOTA,AZUL,2,,52,MASCULINO,ALIENTO ETÍLICO,0,0,Morelia,Las Americas,diciembre,miércoles,22,-101.153376102448,19.6875058599602
19631,19633,2018,"181242178",2018/12/20,"00:50:00",COLISIÓN POR MANIOBRA DE REVERSA,ASFALTO,Bueno,Bueno,2,NISSAN,ROJO,2,,78,MASCULINO,SIN DATOS,0,0,Morelia,Centro,diciembre,jueves,1,-101.189859509468,19.7021374625336
19632,19634,2018,"181242194",2018/12/20,"01:40:00",VOLCADURA,ASFALTO,Bueno,Bueno,1,V.W,AZUL,1,,32,,SIN DATOS,0,0,Morelia,San Jose Itzicuaro,diciembre,jueves,2,-101.299953460693,19.687526063302
19633,19635,2018,,2018/12/20,"02:00:00",COLISIÓN POR ALCANCE,ASFALTO,Bueno,Bueno,2,CHEVROLET,BLANCO,2,,34,MASCULINO,SIN DATOS,0,0,Morelia,Irrigacion,diciembre,jueves,2,-101.225152015686,19.7048393898628
19634,19636,2018,"181242244",2018/12/20,"03:00:00",COLISIÓN POR CORTE DE CIRCULACIÓN,ASFALTO,Bueno,Bueno,1,V.W,NARANJA,0,,,,,0,0,Morelia,Infonavit Colonial Universidad,diciembre,jueves,3,-101.205213814974,19.6863984603876
19635,19637,2018,"181242226",2018/12/20,"03:15:00",SALIDA DE SUPERFICIE DE RODAMIENTO,CONCRETO,Bueno,Bueno,1,DODGE,BLANCO,1,,28,MASCULINO,SIN DATOS,0,0,Tarímbaro,Sin datos,diciembre,jueves,3,-101.178041696548,19.7523151538876
19636,19638,2018,"181242219",2018/12/20,"04:00:00",COLISIÓN POR CORTE DE CIRCULACIÓN,ASFALTO,Bueno,Bueno,2,,BLANCO,1,,28,MASCULINO,SIN DATOS,0,0,Morelia,La Soledad,diciembre,jueves,4,-101.183309555054,19.72936171193
19637,19639,2018,"181242330",2018/12/20,"06:40:00",CAIDA DE MOTOCICLETA,ASFALTO,Bueno,Bueno,1,VENTO,NEGRO,1,,0,MASCULINO,SIN DATOS,0,0,Morelia,Montaña Monarca,diciembre,jueves,7,-101.164126396179,19.6652604347424
19638,19640,2018,"181242273",2018/12/20,"07:08:00",COLISIÓN POR INVASIÓN DE CARRIL,ASFALTO,Bueno,Bueno,2,RENAULT,NEGRO,2,,36,MASCULINO,SIN DATOS,0,0,Indaparapeo,La Cajita,diciembre,jueves,7,-100.980577468872,19.7880262834436
19639,19641,2018,"181242377",2018/12/20,"08:00:00",COLISIÓN CON PEATÓN,ASFALTO,Bueno,Bueno,1,SCANEA,ROJO,1,,,,SIN DATOS,0,0,Morelia,Villas Lomas del Paraiso,diciembre,jueves,8,-101.183044016361,19.6754086514474
19640,19642,2018,"181242544",2018/12/20,"09:10:00",COLISIÓN POR ALCANCE,ASFALTO,Bueno,Bueno,2,VOLKSWAGEN,PLATA,2,,31,FEMENINO,SIN DATOS,0,0,Morelia,Centro,diciembre,jueves,9,-101.194274425507,19.7039909390928
19641,19643,2018,"181243251",2018/12/20,"09:45:00",COLISIÓN POR CORTE DE CIRCULACIÓN,ASFALTO,Bueno,Bueno,1,VOLKSWAGEN,BLANCO,0,,,,,0,0,Morelia,Irrigacion,diciembre,jueves,10,-101.225452423096,19.7061928615384
19642,19644,2018,"181242629",2018/12/20,10:15:00,COLISIÓN POR NO RESPETAR SEMÁFORO,ASFALTO,Bueno,Bueno,2,SUZUKI,GRIS,2,,34,MASCULINO,SIN DATOS,0,0,Morelia,Cinco de Diciembre,diciembre,jueves,10,-101.159770488739,19.6879604345346
19643,19645,2018,"181242684",2018/12/20,10:45:00,COLISIÓN POR ALCANCE,ASFALTO,Bueno,Bueno,2,NISSAN,BLANCO,2,,77,MASCULINO,SIN DATOS,0,0,Morelia,El Eden,diciembre,jueves,11,-101.247596740723,19.649034076871
19644,19646,2018,"181242808",2018/12/20,11:10:00,COLISIÓN POR CAMBIO DE CARRIL,ASFALTO,Bueno,Bueno,2,FORD,GRIS,2,,27,MASCULINO,SIN DATOS,0,0,Morelia,Tres Puentes,diciembre,jueves,11,-101.213757991791,19.7027485566328
19645,19647,2018,"181242994",2018/12/20,13:00:00,COLISIÓN POR CORTE DE CIRCULACIÓN,CONCRETO,Bueno,Bueno,2,VOLKSWAGEN,ROJO,2,,25,FEMENINO,SIN DATOS,0,0,Morelia,Chapultepec Oriente,diciembre,jueves,13,-101.165979802608,19.6935503335784
19646,19648,2018,"181243209",2018/12/20,13:50:00,COLISIÓN POR CAMBIO DE CARRIL,ASFALTO,Bueno,Bueno,2,FORD,BLANCO,2,,63,MASCULINO,SIN DATOS,0,0,Morelia,Lomas del Tecnologico,diciembre,jueves,14,-101.188598871231,19.72003498699
19647,19649,2018,"181243391",2018/12/20,14:45:00,COLISIÓN POR NO RESPETAR SEMÁFORO,ASFALTO,Bueno,Bueno,2,NISSAN,BLANCO/GRIS,2,MINISTERIO PÚBLICO,24,MASCULINO,SIN DATOS,0,0,Morelia,Camelinas,diciembre,jueves,15,-101.171100139618,19.6822731086094
19648,19650,2018,"181243578",2018/12/20,15:20:00,COLISIÓN CON PEATÓN,ASFALTO,Bueno,Bueno,1,CHEVROLET,PLATA,2,,57,MASCULINO,SIN DATOS,1,0,Morelia,Felix Ireta,diciembre,jueves,15,-101.191763877869,19.6825761683709
19649,19651,2018,"181243651",2018/12/20,15:40:00,COLISIÓN POR CORTE DE CIRCULACIÓN,ASFALTO,Bueno,Bueno,1,SEAT,PLATA,1,,20,MASCULINO,SIN DATOS,0,0,Morelia,Diego Rivera,diciembre,jueves,16,-101.175209283829,19.7177171078867
19650,19652,2018,,2018/12/20,15:45:00,COLISIÓN POR INVASIÓN DE CARRIL,ASFALTO,Bueno,Regular,2,FORD,ROJO,2,,39,MASCULINO,SIN DATOS,0,0,Tingüindín,Sin Nombre,diciembre,jueves,16,-102.485468387604,19.7282306167424
19651,19653,2018,"181243669",2018/12/20,15:55:00,COLISIÓN POR MANIOBRA DE REVERSA,CONCRETO,Bueno,Bueno,2,FORD,ROJO,2,,46,MASCULINO,SIN DATOS,0,0,Morelia,El Porvenir,diciembre,jueves,16,-101.202921867371,19.7122277917546
19652,19654,2018,"181243930",2018/12/20,17:00:00,COLISIÓN POR MANIOBRA DE REVERSA,ASFALTO,Bueno,Bueno,2,FORD,BLANCO,2,,31,MASCULINO,SIN DATOS,0,0,Morelia,Quinceo,diciembre,jueves,17,-101.224250793457,19.7256250277172
19653,19655,2018,"181243999",2018/12/20,17:20:00,COLISIÓN POR CAMBIO DE CARRIL,CONCRETO,Bueno,Bueno,2,FORD,NEGRO,2,,40,FEMENINO,SIN DATOS,0,0,Morelia,Felix Ireta,diciembre,jueves,17,-101.180214285851,19.688000841101
19654,19656,2018,"181243791",2018/12/20,17:20:00,COLISIÓN CON PEATÓN,SIN_DATOS,Bueno,Bueno,2,FREIGHTLINER,BLANCO,2,,28,MASCULINO,SIN DATOS,0,0,Morelia,Jardines de Torremolinos,diciembre,jueves,17,-101.228134632111,19.6790404354761
19655,19657,2018,"181243974",2018/12/20,17:40:00,COLISIÓN POR ALCANCE,ASFALTO,Bueno,Bueno,2,NISSAN,ROJO,2,MINISTERIO PÚBLICO,51,FEMENINO,SIN DATOS,0,0,Morelia,Insurgentes,diciembre,jueves,18,-101.155457496643,19.6953647675442
19656,19658,2018,"181243963",2018/12/20,18:00:00,COLISIÓN POR CAMBIO DE CARRIL,ASFALTO,Bueno,Bueno,2,DODGE,GRIS,2,,73,MASCULINO,SIN DATOS,0,0,Morelia,Hacienda del Valle,diciembre,jueves,18,-101.224594116211,19.666634446934
19657,19659,2018,"181243982",2018/12/20,18:00:00,COLISIÓN POR CORTE DE CIRCULACIÓN,ASFALTO,Bueno,Bueno,2,SIN DATOS,SIN DATOS,1,,32,MASCULINO,SIN DATOS,0,0,Morelia,Erendira,diciembre,jueves,18,-101.168310642242,19.7023546284725
19658,19660,2018,"181243917",2018/12/20,18:00:00,COLISIÓN POR CORTE DE CIRCULACIÓN,CONCRETO,Bueno,Bueno,2,BAJAJ,GUINDA,2,,17,MASCULINO,SIN DATOS,0,0,Morelia,Margarita Maza de Juarez,diciembre,jueves,18,-101.253272294998,19.6947788982824
19659,19661,2018,"181244080",2018/12/20,18:30:00,COLISIÓN POR ALCANCE,ASFALTO,Bueno,Bueno,2,MAZDA,GRIS,2,,21,MASCULINO,SIN DATOS,0,0,Morelia,Cinco de Diciembre,diciembre,jueves,19,-101.165864467621,19.6842934961885
19660,19662,2018,"181244519",2018/12/20,21:20:00,COLISIÓN POR ALCANCE,ASFALTO,Bueno,Bueno,2,TOYOTA,AZUL,2,,62,MASCULINO,ALIENTO ETÍLICO,0,0,Morelia,Nicolaitas Ilustres,diciembre,jueves,21,-101.229078769684,19.7199895387032
19661,19663,2018,"181244566",2018/12/20,21:25:00,COLISIÓN CONTRA OBJETO FIJO,ASFALTO,Bueno,Bueno,2,MERCEDEZ BENZ,ROJO,2,,52,MASCULINO,SIN DATOS,0,0,Morelia,Libertad,diciembre,jueves,21,-101.236996650696,19.6850208294779
19662,19664,2018,"181244453",2018/12/20,21:40:00,COLISIÓN POR ALCANCE,ASFALTO,Bueno,Bueno,2,DODGE,GRIS,2,,39,MASCULINO,SIN DATOS,0,0,Morelia,Sin datos,diciembre,jueves,22,-101.098186969757,19.7304423043171
19663,19665,2018,"181244604",2018/12/20,22:00:00,SALIDA DE SUPERFICIE DE RODAMIENTO,ASFALTO,Bueno,Bueno,1,VOLKSWAGEN,GRIS,1,,71,MASCULINO,SIN DATOS,0,0,Morelia,Sin datos,diciembre,jueves,22,-101.118679046631,19.6884150078186
19664,19666,2018,"181241895",2018/12/20,22:25:00,COLISIÓN CONTRA OBJETO FIJO,ASFALTO,Bueno,Bueno,1,FORD,BLANCO,0,,,,,0,0,Morelia,Vista Bella,diciembre,jueves,22,-101.19592666626,19.6791919684865
19665,19667,2018,"181244684",2018/12/20,22:35:00,COLISIÓN POR CORTE DE CIRCULACIÓN,SIN_DATOS,Bueno,Bueno,1,SIN DATOS,SIN DATOS,1,,,,,1,0,Morelia,Gertrudis Bocanegra,diciembre,jueves,23,-101.212760210037,19.7019910016177
19666,19668,2018,"181244864",2018/12/21,"01:05:00",SUBIDA AL CAMELLÓN,ASFALTO,Bueno,Bueno,1,FORD,GRIS,1,,62,MASCULINO,SIN DATOS,0,0,Morelia,Isaac Arriaga,diciembre,viernes,1,-101.166207790375,19.7102734083234
19667,19669,2018,"181244949",2018/12/21,"06:30:00",COLISIÓN CONTRA OBJETO FIJO,ASFALTO,Bueno,Bueno,1,CHEVROLET,BLANCO,1,MINISTERIO PÚBLICO,,,,1,0,Morelia,Asociacion Zirahuen,diciembre,viernes,7,-101.250343322754,19.6989607456906
19668,19670,2018,"181245039",2018/12/21,"08:10:00",COLISIÓN POR ALCANCE,ASFALTO,Bueno,Bueno,2,CHEVROLET,ROJO,2,,26,MASCULINO,SIN DATOS,0,0,Morelia,Morelia 450,diciembre,viernes,8,-101.217437982559,19.6757874922919
19669,19671,2018,"181245012",2018/12/21,"08:10:00",COLISIÓN POR CORTE DE CIRCULACIÓN,ASFALTO,Bueno,Bueno,2,FORD,BLANCO,2,,0,MASCULINO,SIN DATOS,0,0,Morelia,Centro,diciembre,viernes,8,-101.196956634521,19.7050616024161
19670,19672,2018,"181245162",2018/12/21,"09:25:00",COLISIÓN POR CORTE DE CIRCULACIÓN,ASFALTO,Bueno,Bueno,2,TOYOTA,BLANCO/ROSA,2,,0,MASCULINO,SIN DATOS,0,0,Morelia,Sentimientos de La Nacion,diciembre,viernes,9,-101.231911182404,19.6778685753558
19671,19673,2018,"186921371",2018/12/21,12:00:00,COLISIÓN CON PEATÓN,ADOQUIN_EMPEDRADO,Bueno,Bueno,2,MERCEDEZ BENZ,BLANCO,2,,18,MASCULINO,SIN DATOS,0,0,Morelia,Santa Maria de Guido,diciembre,viernes,12,-101.190412044525,19.6698724217345
19672,19674,2018,"181245529",2018/12/21,12:17:00,COLISIÓN POR CORTE DE CIRCULACIÓN,ASFALTO,Bueno,Bueno,2,KENWORTH,BLANCO,2,,38,MASCULINO,SIN DATOS,0,0,Morelia,Morelia 450,diciembre,viernes,12,-101.214691400528,19.674605505895
19673,19675,2018,"181244887",2018/12/21,12:52:00,SALIDA DE SUPERFICIE DE RODAMIENTO,ASFALTO,Bueno,Bueno,1,NISSAN,ROJO,1,,0,,SIN DATOS,0,0,Morelia,Terrazas,diciembre,viernes,13,-101.181399822235,19.7194643575625
19674,19676,2018,"181245606",2018/12/21,12:55:00,COLISIÓN POR CORTE DE CIRCULACIÓN,ASFALTO,Bueno,Bueno,2,FORD,PLATA,2,,0,MASCULINO,SIN DATOS,0,0,Morelia,Felix Ireta,diciembre,viernes,13,-101.187129020691,19.6814447423355
19675,19677,2018,"181243163",2018/12/21,13:30:00,COLISIÓN POR MANIOBRA DE REVERSA,ASFALTO,Bueno,Bueno,2,NISSAN,BLANCO,2,,17,FEMENINO,SIN DATOS,0,0,Morelia,Elias Perez Avalos,diciembre,viernes,14,-101.166572570801,19.7113642299278
19676,19678,2018,"181246023",2018/12/21,14:40:00,COLISIÓN POR ALCANCE,ASFALTO,Bueno,Bueno,3,MERCEDEZ BENZ,BLANCO/AZUL,3,,40,MASCULINO,SIN DATOS,0,0,Morelia,Centro,diciembre,viernes,15,-101.195282936096,19.6969607453452
19677,19679,2018,"181246153",2018/12/21,15:01:00,COLISIÓN POR CAMBIO DE CARRIL,SIN_DATOS,Bueno,Bueno,2,DODGE,BLANCO,2,,43,MASCULINO,SIN DATOS,0,0,Morelia,Tres Puentes,diciembre,viernes,15,-101.214830875397,19.7032636919943
19678,19680,2018,"181246207",2018/12/21,15:40:00,COLISIÓN POR CORTE DE CIRCULACIÓN,ASFALTO,Bueno,Bueno,2,JEEP,BLANCO,2,,44,FEMENINO,SIN DATOS,0,0,Tarímbaro,Sin datos,diciembre,viernes,16,-101.157259941101,19.7685411343038
19679,19681,2018,"181246385",2018/12/21,16:03:00,COLISIÓN POR CAMBIO DE CARRIL,ASFALTO,Bueno,Bueno,2,NISSAN,GRIS,2,,46,MASCULINO,SIN DATOS,0,0,Morelia,Los Manantiales de Morelia,diciembre,viernes,16,-101.240344047546,19.6929404670218
19680,19682,2018,"181245371",2018/12/21,17:10:00,COLISIÓN POR ALCANCE,ASFALTO,Bueno,Bueno,2,CHEVROLET,GRIS,2,,0,MASCULINO,SIN DATOS,0,0,Morelia,Primo Tapia Oriente,diciembre,viernes,17,-101.158783435822,19.7136468510613
19681,19683,2018,,2018/12/21,17:20:00,SALIDA DE SUPERFICIE DE RODAMIENTO,ASFALTO,Bueno,Bueno,1,MAZDA,CREMA,1,MINISTERIO PÚBLICO,56,MASCULINO,SIN DATOS,0,0,Zacapu,Villa Guzman,diciembre,viernes,17,-101.781978607178,19.8073273552208
19682,19684,2018,LEG20367,2018/12/21,19:40:00,COLISIÓN CON PEATÓN,ASFALTO,Bueno,Bueno,1,CHEVROLET,BLANCO,0,,,,,0,0,Morelia,Indeco El Vivero,diciembre,viernes,20,-101.229765415192,19.6772018235305
19683,19685,2018,"181246930",2018/12/21,20:40:00,COLISIÓN CONTRA OBJETO FIJO,ASFALTO,Bueno,Bueno,1,NISSAN,NEGRO,1,,35,FEMENINO,SIN DATOS,0,0,Morelia,Sin datos,diciembre,viernes,21,-101.290984153748,19.6001430189141