fid,id_accidente,anio_origen,folio_c5i,dia_incidente,hora_ocurrencia,tipo_incidente_vial,superficie_ocurrencia,condiciones_climaticas,condiciones_via,numero_vehiculos_involucrados,marca_vehiculo_ocasiona_siniestro,color_vehiculo_ocasiona_siniestro,numero_personas_involucradas,lugar_remite_presunto_responsable,edad_presunto_responsable,sexo_presunto_responsable,resultados_toxicologia,numero_personas_lesionadas,numero_personas_fallecidas,municipio,colonia,mes,dia_semana,hora_redondeada,lon,lat
19684,19686,2018,"181247063",2018/12/21,21:05:00,COLISIÓN POR ALCANCE,ASFALTO,Bueno,Bueno,2,VOLKSWAGEN,ROJO,2,,40,MASCULINO,SIN DATOS,0,0,Morelia,Bicentenario,diciembre,viernes,21,-101.178588867188,19.738834319716
19685,19687,2018,"181247057",2018/12/21,21:10:00,COLISIÓN POR NO RESPETAR SEMÁFORO,ASFALTO,Bueno,Bueno,2,NISSAN,BLANCO,2,MINISTERIO PÚBLICO,44,MASCULINO,SIN DATOS,0,0,Morelia,Comision Federal de Electricidad,diciembre,viernes,21,-101.181335449219,19.6816063751156
19686,19688,2018,"181234042",2018/12/21,21:15:00,COLISIÓN CON PEATÓN,ASFALTO,Bueno,Bueno,1,NISSAN,BLANCO/ROJO,2,MINISTERIO PÚBLICO,0,,SIN DATOS,1,0,Morelia,Vasco de Quiroga,diciembre,viernes,21,-101.169710755348,19.7075867233842
19687,19689,2018,"181247108",2018/12/21,21:30:00,SALIDA DE SUPERFICIE DE RODAMIENTO,ASFALTO,Bueno,Bueno,1,ITALIKA,ROJO,1,,32,MASCULINO,ALIENTO ETÍLICO,0,0,Morelia,El Lago 1,diciembre,viernes,22,-101.218564510345,19.7275539756147
19688,19690,2018,"181247293",2018/12/21,23:25:00,SALIDA DE SUPERFICIE DE RODAMIENTO,ASFALTO,Bueno,Bueno,1,CHEVROLET,BLANCO,1,,0,MASCULINO,SIN DATOS,0,0,Morelia,Vistas de Altozano,diciembre,viernes,23,-101.167,19.6551
19689,19691,2018,"181247350",2018/12/21,23:40:00,COLISIÓN POR NO RESPETAR SEMÁFORO,ASFALTO,Bueno,Bueno,1,CHEVROLET,GRIS,1,,0,,SIN DATOS,0,0,Morelia,Lindavista,diciembre,viernes,0,-101.216161251068,19.7039909390928
19690,19692,2018,"181247522",2018/12/22,"04:25:00",COLISIÓN CONTRA OBJETO FIJO,ASFALTO,Bueno,Bueno,1,FORD,ROJO,1,,27,MASCULINO,SIN DATOS,0,0,Morelia,Nueva Valladolid,diciembre,sábado,4,-101.211751699448,19.7019606993424
19691,19693,2018,"181247551",2018/12/22,"05:10:00",COLISIÓN CONTRA OBJETO FIJO,ASFALTO,Bueno,Bueno,1,PONTIAC,VERDE,1,,29,MASCULINO,SIN DATOS,0,0,Morelia,Arcos del Valle,diciembre,sábado,5,-101.236245632172,19.7076776269957
19692,19694,2018,"181247597",2018/12/22,"07:00:00",SUBIDA AL CAMELLÓN,ASFALTO,Bueno,Bueno,1,SEAT,BLANCO,1,,25,MASCULINO,SIN DATOS,0,0,Morelia,Elias Perez Avalos,diciembre,sábado,7,-101.167409420013,19.7116066337184
19693,19695,2018,"181247680",2018/12/22,"08:10:00",COLISIÓN POR INVASIÓN DE CARRIL,ASFALTO,Bueno,Bueno,2,VOLKSWAGEN,NEGRO,2,,0,MASCULINO,SIN DATOS,0,0,Morelia,Colinas del Sur,diciembre,sábado,8,-101.200910210609,19.6701805563337
19694,19696,2018,"181247618",2018/12/22,"08:12:00",COLISIÓN CONTRA OBJETO FIJO,ASFALTO,Bueno,Bueno,1,CHEVROLET,PLATA,0,,,,,0,0,Morelia,Vista Bella,diciembre,sábado,8,-101.19745016098,19.6796465666577
19695,19697,2018,"181247668",2018/12/22,"08:30:00",COLISIÓN CONTRA OBJETO FIJO,ASFALTO,Bueno,Bueno,1,SCAT,AZUL,1,,30,FEMENINO,ALIENTO ETÍLICO,0,0,Morelia,Diego Rivera,diciembre,sábado,9,-101.175348758697,19.7176060104408
19696,19698,2018,"181247880",2018/12/22,10:45:00,COLISIÓN POR ALCANCE,ASFALTO,Bueno,Bueno,2,CHEVROLET,GRIS,2,,29,FEMENINO,SIN DATOS,0,0,Morelia,Primo Tapia Oriente,diciembre,sábado,11,-101.158740520477,19.7136064509705
19697,19699,2018,"181248242",2018/12/22,10:50:00,COLISIÓN POR MANIOBRA DE REVERSA,ASFALTO,Bueno,Bueno,2,ATRO,BLANCO,2,,0,MASCULINO,SIN DATOS,0,0,Morelia,El Eden,diciembre,sábado,11,-101.247639656067,19.648852203036
19698,19700,2018,"181285768",2018/12/22,11:20:00,COLISIÓN POR ALCANCE,ASFALTO,Bueno,Bueno,2,NISSAN,BLANCO,2,,0,MASCULINO,SIN DATOS,0,0,Morelia,Ampliacion La Soledad,diciembre,sábado,11,-101.180584430695,19.7377638826012
19699,19701,2018,"181248210",2018/12/22,13:00:00,COLISIÓN POR INVASIÓN DE CARRIL,ASFALTO,Bueno,Bueno,2,VOLKWAGEN,BLANCO,2,,28,FEMENINO,SIN DATOS,0,0,Morelia,Pascual Ortiz de Ayala,diciembre,sábado,13,-101.149342060089,19.6948597079632
19700,19702,2018,,2018/12/22,13:40:00,COLISIÓN POR CORTE DE CIRCULACIÓN,ASFALTO,Bueno,Bueno,3,NISSAN,BLANCO/ROJO,3,,32,MASCULINO,SIN DATOS,0,0,Morelia,Dr Miguel Silva,diciembre,sábado,14,-101.180391311646,19.7185149872755
19701,19703,2018,"181248287",2018/12/22,13:50:00,COLISIÓN CON PEATÓN,ASFALTO,Bueno,Bueno,1,TOYOTA,GRIS,1,,,,,1,0,Morelia,Sin datos,diciembre,sábado,14,-101.290683746338,19.6000823758767
19702,19704,2018,"181241640",2018/12/22,14:45:00,COLISIÓN POR MANIOBRA DE REVERSA,ASFALTO,Bueno,Bueno,2,CHEVROLET,NEGRO,2,,0,FEMENINO,SIN DATOS,0,0,Morelia,Nicolas Bravo(Los Ejidos),diciembre,sábado,15,-101.216118335724,19.7036172153023
19703,19705,2018,"181248759",2018/12/22,16:00:00,SUBIDA AL CAMELLÓN,ASFALTO,Bueno,Bueno,1,CHEVROLET,ARENA,1,,0,,SIN DATOS,0,0,Morelia,Barrio Alto,diciembre,sábado,16,-101.196999549866,19.7250392692962
19704,19706,2018,"181248642",2018/12/22,16:20:00,COLISIÓN POR CAMBIO DE CARRIL,ASFALTO,Bueno,Bueno,2,KENWORTH,BLANCO,2,,33,MASCULINO,SIN DATOS,0,0,Morelia,Villas del Pedregal,diciembre,sábado,16,-101.303461790085,19.6843339036801
19705,19707,2018,,2018/12/22,16:30:00,COLISIÓN POR ALCANCE,ASFALTO,Bueno,Bueno,2,TOYOTA,AZUL,2,,23,MASCULINO,SIN DATOS,0,0,Morelia,Elias Perez Avalos,diciembre,sábado,17,-101.171185970306,19.7146568500138
19706,19708,2018,"181248627",2018/12/22,16:55:00,COLISIÓN POR CAMBIO DE CARRIL,ASFALTO,Bueno,Bueno,2,NISSAN,GRIS,2,,32,FEMENINO,SIN DATOS,0,0,Morelia,Lomas de Las Americas Norte,diciembre,sábado,17,-101.149234771729,19.6947586958558
19707,19709,2018,"181248952",2018/12/22,17:31:00,COLISIÓN POR CORTE DE CIRCULACIÓN,ASFALTO,Bueno,Bueno,2,NISSAN,GRIS,2,,69,MASCULINO,SIN DATOS,0,0,Morelia,El Eden,diciembre,sábado,18,-101.247682571411,19.648933035877
19708,19710,2018,"181249143",2018/12/22,19:25:00,COLISIÓN POR CORTE DE CIRCULACIÓN,ASFALTO,Bueno,Bueno,2,FORD,AZUL,2,,35,MASCULINO,SIN DATOS,0,0,Morelia,Morelos,diciembre,sábado,19,-101.207240223885,19.7000213417925
19709,19711,2018,"181247059",2018/12/22,20:50:00,COLISIÓN POR CAMBIO DE CARRIL,ASFALTO,Bueno,Bueno,2,INTERNATIONAL,NARANJA,2,,24,MASCULINO,SIN DATOS,0,0,Morelia,Centro,diciembre,sábado,21,-101.195309758186,19.6969102399624
19710,19712,2018,"181249417",2018/12/22,21:15:00,COLISIÓN POR CORTE DE CIRCULACIÓN,ASFALTO,Bueno,Bueno,2,SIN DATOS,SIN DATOS,2,,0,,SIN DATOS,0,0,Morelia,Lomas de Santa Maria,diciembre,sábado,21,-101.184363663197,19.6725269061058
19711,19713,2018,,2018/12/22,22:10:00,COLISIÓN POR NO RESPETAR SEMÁFORO,ASFALTO,Bueno,Bueno,2,VOLKWAGEN,AZUL,2,,23,MASCULINO,SIN DATOS,0,0,Pátzcuaro,Centro,diciembre,sábado,22,-101.617784500122,19.5165957045464
19712,19714,2018,"181249637",2018/12/22,22:30:00,COLISIÓN POR MANIOBRA DE REVERSA,ASFALTO,Bueno,Bueno,2,NISSAN,NEGRO,2,MINISTERIO PÚBLICO,36,FEMENINO,SIN DATOS,0,0,Morelia,Ventura Puente,diciembre,sábado,23,-101.182923316956,19.6890918145393
19713,19715,2018,"18123083",2018/12/22,23:10:00,COLISIÓN POR CORTE DE CIRCULACIÓN,ASFALTO,Bueno,Bueno,2,SIN DATOS,SIN DATOS,2,,0,,SIN DATOS,0,0,Morelia,Centro,diciembre,sábado,23,-101.194215416908,19.7030263259063
19714,19716,2018,,2018/12/23,"00:30:00",VOLCADURA,ASFALTO,Bueno,Bueno,1,PEUGEOT,ROJO,1,,,,,1,0,Lagunillas,El Pedregal,diciembre,domingo,1,-101.415524482727,19.559547503437
19715,19717,2018,,2018/12/23,"00:30:00",COLISIÓN POR INVASIÓN DE CARRIL,ASFALTO,Bueno,Regular,2,MITSIBISHI,BLANCO,1,,20,MASCULINO,SIN DATOS,0,0,Peribán,Alamo,diciembre,domingo,1,-102.42356300354,19.533785884239
19716,19718,2018,,2018/12/23,"02:10:00",COLISIÓN POR CORTE DE CIRCULACIÓN,ADOQUIN_EMPEDRADO,Bueno,Bueno,2,FORD,ARENA,2,,21,MASCULINO,SIN DATOS,0,0,Pátzcuaro,Centro,diciembre,domingo,2,-101.608235836029,19.5139158941466
19717,19719,2018,"181250011",2018/12/23,"02:40:00",SALIDA DE SUPERFICIE DE RODAMIENTO,ASFALTO,Bueno,Bueno,1,DINA,BLANCO/AMARILLO,1,,0,MASCULINO,SIN DATOS,0,0,Morelia,Tierra Y Libertad,diciembre,domingo,3,-101.230494976044,19.7156819924264
19718,19720,2018,,2018/12/23,"02:50:00",COLISIÓN POR CORTE DE CIRCULACIÓN,ASFALTO,Bueno,Bueno,2,CHEVROLET,GRIS,2,MINISTERIO PÚBLICO,18,MASCULINO,SIN DATOS,0,0,Zacapu,Moderna,diciembre,domingo,3,-101.784510612488,19.8082761969137
19719,19721,2018,"181250087",2018/12/23,"03:50:00",SUBIDA AL CAMELLÓN,ASFALTO,Bueno,Bueno,1,VOLKWAGEN,GRIS,0,,,,,0,0,Morelia,Tierra Y Libertad,diciembre,domingo,4,-101.230516433716,19.7158284408059
19720,19722,2018,"181250076",2018/12/23,"04:24:00",COLISIÓN CONTRA OBJETO FIJO,ASFALTO,Bueno,Bueno,1,SEAT,NEGRO,0,,,,,0,0,Morelia,Alberto Oviedo Mota,diciembre,domingo,4,-101.195840835571,19.6825458624206
19721,19723,2018,"181250091",2018/12/23,"04:36:00",COLISIÓN CONTRA OBJETO FIJO,ASFALTO,Bueno,Bueno,1,VOLKWAGEN,NEGRO,1,,25,MASCULINO,SIN DATOS,0,0,Morelia,Ferrocarrilero,diciembre,domingo,5,-101.222051382065,19.6932031013517
19722,19724,2018,"181250120",2018/12/23,"05:00:00",SUBIDA AL CAMELLÓN,ASFALTO,Bueno,Bueno,1,CHEVROLET,PLATA,1,,35,MASCULINO,ALIENTO ETÍLICO,0,0,Morelia,Ana Maria Gallaga (Riviera Norte),diciembre,domingo,5,-101.219680309296,19.6768684465774
19723,19725,2018,"181250124",2018/12/23,"06:10:00",COLISIÓN CONTRA OBJETO FIJO,ASFALTO,Bueno,Bueno,1,CHEVROLET,GRIS,1,,0,MASCULINO,SIN DATOS,0,0,Morelia,Los Alamos,diciembre,domingo,6,-101.229679584503,19.7035616616914
19724,19726,2018,"181250971",2018/12/23,"09:00:00",COLISIÓN POR CORTE DE CIRCULACIÓN,CONCRETO,Bueno,Bueno,2,SIN DATOS,SIN DATOS,2,,0,,SIN DATOS,0,0,Morelia,Ferrocarrilero,diciembre,domingo,9,-101.222373247147,19.6929909736572
19726,19728,2018,"181250550",2018/12/23,11:10:00,COLISIÓN POR ALCANCE,ASFALTO,Bueno,Bueno,2,CHEVROLET,BLANCO,2,,0,,SIN DATOS,0,0,Morelia,Las Americas,diciembre,domingo,11,-101.151123046875,19.6899302427783
19727,19729,2018,,2018/12/23,12:35:00,COLISIÓN POR ALCANCE,ASFALTO,Bueno,Bueno,2,FORD,ORO,2,,22,MASCULINO,SIN DATOS,0,0,Pátzcuaro,Rincon Los Pinos,diciembre,domingo,13,-101.59903049469,19.4965718965149
19728,19730,2018,"181250733",2018/12/23,13:30:00,COLISIÓN POR MANIOBRA DE REVERSA,ASFALTO,Bueno,Bueno,3,DINA,AMARILLO,3,,0,MASCULINO,SIN DATOS,0,0,Morelia,Francisco J Mujica,diciembre,domingo,14,-101.188287734985,19.7215852708133
19729,19731,2018,"181250983",2018/12/23,14:40:00,COLISIÓN CONTRA OBJETO FIJO,ASFALTO,Bueno,Bueno,1,CHEVROLET,ROJO,1,,0,FEMENINO,SIN DATOS,0,0,Morelia,Villa de Santa Maria,diciembre,domingo,15,-101.167516708374,19.6560461664208
19730,19732,2018,"181250240",2018/12/23,14:45:00,VOLCADURA,ASFALTO,Bueno,Bueno,1,CHEVROLET,GRIS,1,,41,MASCULINO,SIN DATOS,0,0,Morelia,Sin datos,diciembre,domingo,15,-101.114709377289,19.7370165920603
19731,19733,2018,"181251568",2018/12/23,16:02:00,COLISIÓN POR CORTE DE CIRCULACIÓN,CONCRETO,Bueno,Bueno,1,TOYOTA,AZUL,0,,,,,0,0,Morelia,Real Punhuato,diciembre,domingo,16,-101.147453784943,19.6981425667521
19732,19734,2018,"181251327",2018/12/23,16:40:00,COLISIÓN POR CORTE DE CIRCULACIÓN,ASFALTO,Bueno,Bueno,1,VENTO,ROJO,2,,0,,SIN DATOS,1,0,Morelia,Eduardo Ruiz,diciembre,domingo,17,-101.216949820518,19.7185566485899
19733,19735,2018,"181251542",2018/12/23,18:00:00,COLISIÓN POR CORTE DE CIRCULACIÓN,CONCRETO,Bueno,Bueno,2,SIN DATOS,SIN DATOS,2,,0,,SIN DATOS,0,0,Morelia,Felicitas del Rio,diciembre,domingo,18,-101.195497512817,19.6906373475189
19734,19736,2018,"181251575",2018/12/23,19:20:00,COLISIÓN POR CORTE DE CIRCULACIÓN,ASFALTO,Bueno,Bueno,2,SIN DATOS,SIN DATOS,1,,33,FEMENINO,SIN DATOS,0,0,Morelia,Asociacion Zirahuen,diciembre,domingo,19,-101.250214576721,19.6987789285102
19735,19737,2018,"181254963",2018/12/23,20:15:00,SUBIDA AL CAMELLÓN,ASFALTO,Bueno,Bueno,1,CRAYSLER,BLANCO,1,,40,FEMENINO,SIN DATOS,0,0,Morelia,Campestre Los Manantiales,diciembre,domingo,20,-101.238219738007,19.688010942741
19736,19738,2018,LEG20414,2018/12/23,22:00:00,CAIDA DE MOTOCICLETA,ASFALTO,Bueno,Bueno,1,SUZUKI,NEGRO,0,,,,,0,0,Morelia,Nueva Valladolid,diciembre,domingo,22,-101.211735606194,19.7019253466808
19737,19739,2018,"181251590",2018/12/23,23:55:00,SUBIDA AL CAMELLÓN,ASFALTO,Bueno,Bueno,1,CHEVROLET,NEGRO,1,,35,MASCULINO,SIN DATOS,0,0,Morelia,Barrio Alto,diciembre,domingo,0,-101.197021007538,19.7249988720846
19738,19740,2018,"181252498",2018/12/24,"04:20:00",SALIDA DE SUPERFICIE DE RODAMIENTO,ASFALTO,Bueno,Bueno,1,FORD,NEGRO,1,,0,,SIN DATOS,0,0,Tarímbaro,Sin datos,diciembre,lunes,4,-101.157388687134,19.7718931534723
19739,19741,2018,"181252608",2018/12/24,"06:20:00",COLISIÓN CONTRA OBJETO FIJO,ASFALTO,Bueno,Bueno,1,CHEVROLET,GRIS,0,,,,,0,0,Morelia,Sin datos,diciembre,lunes,6,-101.302356719971,19.5884182734938
19740,19742,2018,"181252633",2018/12/24,"06:50:00",COLISIÓN POR CAMBIO DE CARRIL,ASFALTO,Bueno,Bueno,2,VOLKSWAGEN,BLANCO,2,,57,MASCULINO,SIN DATOS,0,0,Morelia,3 de Agosto,diciembre,lunes,7,-101.171958446503,19.7309119052723
19741,19743,2018,"181252808",2018/12/24,"09:30:00",SALIDA DE SUPERFICIE DE RODAMIENTO,ASFALTO,Bueno,Bueno,1,MINI,ROJO,1,,21,MASCULINO,SIN DATOS,0,0,Morelia,Felix Ireta,diciembre,lunes,10,-101.195755004883,19.6816669873661
19742,19744,2018,"181253081",2018/12/24,11:21:00,COLISIÓN POR CORTE DE CIRCULACIÓN,ASFALTO,Bueno,Bueno,2,NISSAN,BLANCO,2,,53,MASCULINO,SIN DATOS,0,0,Morelia,Justo Mendoza,diciembre,lunes,11,-101.227410435677,19.7133842502886
19743,19745,2018,"181253111",2018/12/24,11:40:00,COLISIÓN POR CAMBIO DE CARRIL,ASFALTO,Bueno,Bueno,2,FREIGHTLINER,BLANCO,2,,40,MASCULINO,SIN DATOS,0,0,Morelia,Elias Perez Avalos,diciembre,lunes,12,-101.171368360519,19.7146871498838
19744,19746,2018,,2018/12/24,12:35:00,COLISIÓN POR CAMBIO DE CARRIL,ASFALTO,Bueno,Bueno,2,CHEVROLET,AZUL,2,MINISTERIO PÚBLICO,36,MASCULINO,SIN DATOS,0,0,Lázaro Cárdenas,Sin datos,diciembre,lunes,13,-102.231516838074,17.9375819082068
19745,19747,2018,"181253304",2018/12/24,12:45:00,COLISIÓN POR CORTE DE CIRCULACIÓN,SIN_DATOS,Bueno,Bueno,1,SIN DATOS,SIN DATOS,2,,0,,SIN DATOS,1,0,Morelia,Ignacio Zaragoza,diciembre,lunes,13,-101.205354630947,19.7253498225196
19746,19748,2018,"181253541",2018/12/24,13:30:00,COLISIÓN POR ALCANCE,CONCRETO,Bueno,Bueno,2,CHRYSLER,AZUL,2,,41,FEMENINO,SIN DATOS,0,0,Morelia,Poblado de Ocolusen,diciembre,lunes,14,-101.15026473999,19.6916676945501
19747,19749,2018,"181253576",2018/12/24,14:30:00,COLISIÓN POR ALCANCE,ASFALTO,Bueno,Bueno,2,NISSAN,GRIS,2,,34,MASCULINO,SIN DATOS,0,0,Morelia,Santiaguito,diciembre,lunes,15,-101.188620328903,19.7181008984695
19748,19750,2018,"181253969",2018/12/24,16:00:00,COLISIÓN POR ALCANCE,ASFALTO,Bueno,Bueno,2,DODGE,BLANCO,2,,38,MASCULINO,SIN DATOS,0,0,Morelia,Canteras de Morelia,diciembre,lunes,16,-101.17152929306,19.7146568500138
19749,19751,2018,"181",2018/12/24,17:36:00,COLISIÓN POR ALCANCE,ASFALTO,Bueno,Bueno,2,CHEVROLET,BLANCO,2,,50,MASCULINO,SIN DATOS,0,0,Morelia,Jardines de La Loma,diciembre,lunes,18,-101.224400997162,19.6769189582816
19750,19752,2018,,2018/12/24,18:00:00,COLISIÓN CONTRA OBJETO FIJO,ASFALTO,Bueno,Bueno,1,CHEVROLET,BLANCO,1,,41,MASCULINO,SIN DATOS,0,0,Purépero,Tres Encinos,diciembre,lunes,18,-102.025909423828,19.9184042384293
19751,19753,2018,,2018/12/24,19:50:00,COLISIÓN POR ALCANCE,ASFALTO,Bueno,Bueno,3,GMC,BLANCO,3,,49,MASCULINO,SIN DATOS,0,0,Coeneo,Coeneo de La Libertad,diciembre,lunes,20,-101.582465171814,19.8323587297316
19753,19755,2018,"181254919",2018/12/24,21:50:00,COLISIÓN POR INVASIÓN DE CARRIL,ASFALTO,Bueno,Bueno,2,NISSAN,BLANCO/ROJO,0,,,,,0,0,Morelia,Ciudad Industrial,diciembre,lunes,22,-101.142797470093,19.7250493685975
19755,19757,2018,"181255199",2018/12/25,"00:05:00",SUBIDA AL CAMELLÓN,ASFALTO,Bueno,Bueno,1,GENERAL MOTORS,BLANCO,1,,40,MASCULINO,SIN DATOS,0,0,Morelia,Victor Manuel Tinoco Rubi,diciembre,martes,0,-101.243026256561,19.7040010397237
19756,19758,2018,"181239867",2018/12/25,"00:30:00",CAIDA DE MOTOCICLETA,ASFALTO,Bueno,Bueno,1,ITALIKA,GRIS Y NEGRO,1,,,,SIN DATOS,0,0,Morelia,Centenario (Los Alamos Ii),diciembre,martes,1,-101.175284385681,19.7352796329689
19757,19759,2018,,2018/12/25,"03:00:00",SALIDA DE SUPERFICIE DE RODAMIENTO,ASFALTO,Bueno,Bueno,1,VOLKSWAGEN,AZUL,1,,23,MASCULINO,SIN DATOS,0,0,Morelia,Rafael Carrillo,diciembre,martes,3,-101.236524581909,19.7079503375203
19758,19760,2018,,2018/12/25,"05:20:00",COLISIÓN POR INVASIÓN DE CARRIL,ASFALTO,Bueno,Bueno,2,CHEVROLET,ROJO,2,,21,MASCULINO,ALIENTO ETÍLICO,0,0,Morelia,El Realito,diciembre,martes,5,-101.204295158386,19.7258472113841
19759,19761,2018,"181255738",2018/12/25,"06:00:00",COLISIÓN CONTRA OBJETO FIJO,ASFALTO,Bueno,Bueno,1,NISSAN,GRIS,1,,37,MASCULINO,SIN DATOS,0,0,Morelia,Avicola Benito Juarez,diciembre,martes,6,-101.280480623245,19.6914151591265
19760,19762,2018,"181256970",2018/12/25,"07:45:00",COLISIÓN POR ALCANCE,ASFALTO,Bueno,Bueno,2,NISSAN,GRIS,2,,21,MASCULINO,SIN DATOS,0,0,Morelia,San Rafael,diciembre,martes,8,-101.154749393463,19.7006172927079
19761,19763,2018,,2018/12/25,"08:40:00",COLISIÓN CON PEATÓN,ASFALTO,Bueno,Bueno,1,ITALIKA,AMARILLA/NEGRA,3,MINISTERIO PÚBLICO,26,,SIN DATOS,2,0,Morelia,Ario 1815,diciembre,martes,9,-101.278619170189,19.6990011494804
19762,19764,2018,,2018/12/25,"09:38:00",COLISIÓN POR CORTE DE CIRCULACIÓN,TERRACERIA,Bueno,Regular,0,,,1,,,,,1,0,Morelia,Arboledas de Valladolid,diciembre,martes,10,-101.249279083371,19.694317257804
19763,19765,2018,"1812256181",2018/12/25,11:24:00,COLISIÓN CONTRA OBJETO FIJO,ASFALTO,Bueno,Bueno,1,NISSAN,BLANCO Y ROJO,1,,24,MASCULINO,SIN DATOS,0,0,Morelia,Centro,diciembre,martes,11,-101.191522479057,19.7054100714805
19765,19767,2018,"181256822",2018/12/25,15:20:00,COLISIÓN CONTRA OBJETO FIJO,CONCRETO,Bueno,Bueno,1,RENAULT,VERDE,1,,35,,SIN DATOS,0,0,Morelia,Enrique Arreguin Robles,diciembre,martes,15,-101.18266582489,19.7191007696081
19766,19768,2018,,2018/12/25,15:50:00,COLISIÓN POR ALCANCE,ASFALTO,Bueno,Bueno,2,FORD,BLANCO,1,,20,MASCULINO,SIN DATOS,0,0,Morelia,Francisco J Mujica,diciembre,martes,16,-101.185546517372,19.7240571091945
19767,19769,2018,"181256952",2018/12/25,16:00:00,COLISIÓN CONTRA OBJETO FIJO,ASFALTO,Bueno,Bueno,2,DODGE,PLATA,2,,,MASCULINO,SIN DATOS,0,0,Morelia,Felicitas del Rio,diciembre,martes,16,-101.199097037315,19.6902534910472
19768,19770,2018,,2018/12/25,16:34:00,COLISIÓN POR MANIOBRA DE REVERSA,ASFALTO,Bueno,Bueno,2,FORD,GRIS,2,,41,MASCULINO,SIN DATOS,0,0,Morelia,Gertrudis Bocanegra,diciembre,martes,17,-101.212878227234,19.7021930166391
19769,19771,2018,"181257110",2018/12/25,17:20:00,COLISIÓN CONTRA OBJETO FIJO,ASFALTO,Bueno,Bueno,2,JEEP,GRIS,2,,,MASCULINO,SIN DATOS,0,0,Morelia,Las Flores,diciembre,martes,17,-101.206017136574,19.7040199784048
19770,19772,2018,"181257066",2018/12/25,18:30:00,COLISIÓN POR INVASIÓN DE CARRIL,ASFALTO,Bueno,Bueno,2,SUZUKI,BLANCO,2,,37,MASCULINO,SIN DATOS,0,0,Morelia,Ampliacion La Soledad,diciembre,martes,19,-101.182751655579,19.7392786499958
19771,19773,2018,"181257498",2018/12/25,19:00:00,COLISIÓN POR ALCANCE,ASFALTO,Bueno,Bueno,2,CHRYSLER,NEGRO,1,MINISTERIO PÚBLICO,43,FEMENINO,SIN DATOS,0,0,Morelia,Alberto Oviedo Mota,diciembre,martes,19,-101.195787191391,19.6827681059233
19772,19774,2018,"18127677",2018/12/25,21:40:00,COLISIÓN CONTRA OBJETO FIJO,ASFALTO,Bueno,Bueno,1,NISSAN,ROJO,1,,41,,SIN DATOS,0,0,Morelia,Ciudad Industrial,diciembre,martes,22,-101.159834861755,19.7193431616696
19773,19775,2018,"181257890",2018/12/25,23:30:00,COLISIÓN POR CORTE DE CIRCULACIÓN,ASFALTO,Bueno,Bueno,2,FORD,GRIS,2,MINISTERIO PÚBLICO,20,MASCULINO,SIN DATOS,0,0,Tarímbaro,Sin datos,diciembre,martes,0,-101.130158901215,19.7768604739257
19774,19776,2018,"181258632",2018/12/26,"02:40:00",COLISIÓN POR CORTE DE CIRCULACIÓN,ASFALTO,Bueno,Bueno,0,,,1,,,,,1,0,Morelia,Americas Britania,diciembre,miércoles,3,-101.149964332581,19.6918697226022
19775,19777,2018,"181258091",2018/12/26,"04:40:00",COLISIÓN CONTRA OBJETO FIJO,ASFALTO,Bueno,Bueno,1,V.W,BLANCO,1,,,MASCULINO,SIN DATOS,0,0,Morelia,Lomas de Huerta,diciembre,miércoles,5,-101.214272975922,19.6744135585632
19776,19778,2018,"181258129",2018/12/26,"07:00:00",SALIDA DE SUPERFICIE DE RODAMIENTO,ASFALTO,Bueno,Bueno,1,V.W,AZUL,1,,,MASCULINO,SIN DATOS,0,0,Morelia,Sin datos,diciembre,miércoles,7,-101.175048351288,19.7449134585416
19777,19779,2018,"181258295",2018/12/26,"09:35:00",COLISIÓN CON PEATÓN,SIN_DATOS,Bueno,Bueno,1,HONDA,ROJO,1,MINISTERIO PÚBLICO,,,,1,0,Morelia,Las Americas,diciembre,miércoles,10,-101.158933639526,19.688010942741
19778,19780,2018,"18122838",2018/12/26,12:00:00,COLISIÓN CON PEATÓN,ASFALTO,Bueno,Bueno,1,NISSAN,BLANCO,1,,39,MASCULINO,SIN DATOS,0,0,Morelia,Felix Ireta,diciembre,miércoles,12,-101.191785335541,19.6825559644047
19781,19783,2018,"181259079",2018/12/26,15:02:00,COLISIÓN POR ALCANCE,ASFALTO,Bueno,Bueno,2,NISSAN,BLANCO Y ROJO,2,,41,MASCULINO,SIN DATOS,0,0,Morelia,Chapultepec Oriente,diciembre,miércoles,15,-101.159695386887,19.6915060719249
19782,19784,2018,"181259097",2018/12/26,15:28:00,COLISIÓN CON PEATÓN,ASFALTO,Bueno,Bueno,1,MERCEDES BENZ,BLANCO/ROSA,2,,34,MASCULINO,SIN DATOS,1,0,Morelia,Gertrudis Sanchez,diciembre,miércoles,15,-101.200550794601,19.7413589071326
19783,19785,2018,"181259171",2018/12/26,15:40:00,COLISIÓN POR CORTE DE CIRCULACIÓN,ASFALTO,Bueno,Bueno,1,NISSAN,GRIS,1,,47,FEMENINO,SIN DATOS,0,0,Morelia,Enrique Arreguin Robles,diciembre,miércoles,16,-101.182579994202,19.7191209689606