fid,id_accidente,anio_origen,folio_c5i,dia_incidente,hora_ocurrencia,tipo_incidente_vial,superficie_ocurrencia,condiciones_climaticas,condiciones_via,numero_vehiculos_involucrados,marca_vehiculo_ocasiona_siniestro,color_vehiculo_ocasiona_siniestro,numero_personas_involucradas,lugar_remite_presunto_responsable,edad_presunto_responsable,sexo_presunto_responsable,resultados_toxicologia,numero_personas_lesionadas,numero_personas_fallecidas,municipio,colonia,mes,dia_semana,hora_redondeada,lon,lat
19785,19787,2018,"181259298",2018/12/26,16:20:00,COLISIÓN POR CAMBIO DE CARRIL,ASFALTO,Bueno,Bueno,2,FORD,BLANCO,2,,40,MASCULINO,SIN DATOS,0,0,Morelia,San Rafael,diciembre,miércoles,16,-101.154770851135,19.7005970910184
19786,19788,2018,"181259211",2018/12/26,16:20:00,COLISIÓN POR CAMBIO DE CARRIL,ASFALTO,Bueno,Bueno,2,NISSAN,GRIS,2,,64,MASCULINO,SIN DATOS,0,0,Morelia,Cinco de Diciembre,diciembre,miércoles,16,-101.163439750671,19.6860916196984
19787,19789,2018,,2018/12/26,16:40:00,COLISIÓN POR INVASIÓN DE CARRIL,ASFALTO,Bueno,Regular,2,INTERNATIONAL,ROJO,2,,25,MASCULINO,SIN DATOS,0,0,Tocumbo,Sin Nombre,diciembre,miércoles,17,-102.512054443359,19.7026374487884
19788,19790,2018,"181259551",2018/12/26,17:39:00,COLISIÓN POR CAMBIO DE CARRIL,ASFALTO,Bueno,Bueno,2,TOYOTA,BLANCO Y GRIS,2,,27,MASCULINO,SIN DATOS,0,0,Morelia,La Quemada,diciembre,miércoles,18,-101.240408420563,19.7058974218698
19789,19791,2018,"181259394",2018/12/26,17:40:00,COLISIÓN POR ALCANCE,ASFALTO,Bueno,Bueno,2,VENTO,VERDE/NEGRO,2,MINISTERIO PÚBLICO,,,SIN DATOS,1,0,Morelia,Sin datos,diciembre,miércoles,18,-101.118539571762,19.7308563611453
19790,19792,2018,"181259752",2018/12/26,19:50:00,COLISIÓN POR CORTE DE CIRCULACIÓN,ASFALTO,Bueno,Bueno,2,VENTO,NEGRO,2,,,MASCULINO,SIN DATOS,0,0,Morelia,Villas de La Esperanza,diciembre,miércoles,20,-101.275169849396,19.6930212776307
19791,19793,2018,"181260240",2018/12/26,23:30:00,COLISIÓN CONTRA OBJETO FIJO,ASFALTO,Bueno,Bueno,1,NISSAN,BLANCO,1,MINISTERIO PÚBLICO,55,MASCULINO,SIN DATOS,0,0,Morelia,Lomas del Tecnologico,diciembre,miércoles,0,-101.190342307091,19.7222215393006
19792,19794,2018,,2018/12/26,23:30:00,COLISIÓN POR INVASIÓN DE CARRIL,ASFALTO,Bueno,Bueno,2,FORD,AMARILLO,2,,26,MASCULINO,SIN DATOS,0,0,Santa Ana Maya,Sin datos,diciembre,miércoles,0,-101.03199005127,20.0165406374433
19793,19795,2018,"181271891",2018/12/27,"00:10:00",COLISIÓN CONTRA OBJETO FIJO,ASFALTO,Bueno,Bueno,1,DODGE,BLANCO,0,,,,,0,0,Tarímbaro,Centro,diciembre,jueves,0,-101.083381175995,19.793719939192
19794,19796,2018,"181260309",2018/12/27,"00:40:00",COLISIÓN POR CORTE DE CIRCULACIÓN,ASFALTO,Bueno,Bueno,1,CHEVROLET,BLANCO,1,MINISTERIO PÚBLICO,44,MASCULINO,SIN DATOS,0,0,Morelia,Fuentes de Valladolid,diciembre,jueves,1,-101.221616864204,19.6724435595011
19795,19797,2018,"181260333",2018/12/27,"01:17:00",COLISIÓN POR ALCANCE,ASFALTO,Bueno,Bueno,1,V.W,BLANCO,1,,27,MASCULINO,SIN DATOS,0,0,Morelia,Nueva Valladolid,diciembre,jueves,1,-101.209273338318,19.6982839806948
19796,19798,2018,"181260383",2018/12/27,"03:30:00",COLISIÓN CONTRA OBJETO FIJO,ASFALTO,Bueno,Bueno,1,TOYOTA,BLANCO,1,,,MASCULINO,SIN DATOS,0,0,Morelia,Erendira,diciembre,jueves,4,-101.165877878666,19.702037717614
19797,19799,2018,"181260396",2018/12/27,"03:40:00",COLISIÓN CON PEATÓN,CONCRETO,Bueno,Bueno,1,VENTO,PLATA/NARANJA,1,,27,MASCULINO,SIN DATOS,0,0,Morelia,Vasco de Quiroga,diciembre,jueves,4,-101.175134181976,19.6980642839801
19798,19800,2018,"181260415",2018/12/27,"05:05:00",COLISIÓN CONTRA OBJETO FIJO,ASFALTO,Bueno,Bueno,1,NISSAN,PLATA,1,,30,MASCULINO,SIN DATOS,0,0,Morelia,Ciudad Industrial,diciembre,jueves,5,-101.143119335175,19.7252816523515
19799,19801,2018,"181260431",2018/12/27,"06:12:00",COLISIÓN POR CORTE DE CIRCULACIÓN,ASFALTO,Bueno,Bueno,2,MERCEDES BENZ,amarillo/rojio,2,,30,MASCULINO,SIN DATOS,0,0,Morelia,Nueva Valladolid,diciembre,jueves,6,-101.212237179279,19.7019196650023
19800,19802,2018,"181260512",2018/12/27,"08:00:00",COLISIÓN POR CAMBIO DE CARRIL,ASFALTO,Bueno,Bueno,2,FORD,NEGRO,2,,38,FEMENINO,SIN DATOS,0,0,Morelia,La Quemada,diciembre,jueves,8,-101.241202354431,19.7057282382241
19801,19803,2018,"181260533",2018/12/27,"08:10:00",COLISIÓN CON PEATÓN,SIN_DATOS,Bueno,Bueno,1,CHEVROLET,GUINDA,1,,45,MASCULINO,ALIENTO ETÍLICO,0,0,Morelia,Santiaguito,diciembre,jueves,8,-101.188668608665,19.7172828174318
19802,19804,2018,,2018/12/27,"08:15:00",COLISIÓN POR CORTE DE CIRCULACIÓN,ADOQUIN_EMPEDRADO,Bueno,Bueno,2,ISUZU,BLANCO,2,,31,MASCULINO,SIN DATOS,0,0,Cuitzeo,Centro,diciembre,jueves,8,-101.140522956848,19.9692044074483
19803,19805,2018,"181260571",2018/12/27,"09:25:00",COLISIÓN CONTRA OBJETO FIJO,ASFALTO,Bueno,Bueno,2,NISSAN,BLANCO/ROSA,2,,,MASCULINO,SIN DATOS,0,0,Morelia,Gertrudis Sanchez,diciembre,jueves,9,-101.199606657028,19.739904749655
19804,19806,2018,,2018/12/27,10:19:00,COLISIÓN CON PEATÓN,ASFALTO,Bueno,Bueno,1,NISSAN,BLANCO,1,MINISTERIO PÚBLICO,48,MASCULINO,SIN DATOS,0,0,Lázaro Cárdenas,Centro,diciembre,jueves,10,-102.194159030914,17.9565052956214
19805,19807,2018,"181261026",2018/12/27,12:20:00,COLISIÓN POR ALCANCE,ASFALTO,Bueno,Bueno,2,HINO,BLANCO,2,,41,MASCULINO,SIN DATOS,0,0,Morelia,El Lago 1,diciembre,jueves,12,-101.214999854565,19.7269934722122
19806,19808,2018,"181261362",2018/12/27,14:30:00,VOLCADURA,ASFALTO,Bueno,Bueno,1,NISSAN,ROJO,2,,,MASCULINO,SIN DATOS,1,0,Morelia,Sin datos,diciembre,jueves,15,-101.3263463974,19.6857279558981
19807,19809,2018,,2018/12/27,16:35:00,COLISIÓN POR MANIOBRA DE REVERSA,CONCRETO,Bueno,Bueno,2,NISSAN,GRIS,3,,35,MASCULINO,SIN DATOS,1,0,Zitácuaro,Sin datos,diciembre,jueves,17,-100.303030014038,19.452429868207
19808,19810,2018,"181261874",2018/12/27,17:26:00,COLISIÓN POR CORTE DE CIRCULACIÓN,ASFALTO,Bueno,Bueno,2,MERCURIO,MORADO,2,,25,FEMENINO,SIN DATOS,0,0,Morelia,Prados Verdes,diciembre,jueves,17,-101.204308569431,19.7181640218324
19809,19811,2018,LEG20492,2018/12/27,17:41:00,COLISIÓN CONTRA OBJETO FIJO,ASFALTO,Bueno,Bueno,1,TOYOTA,NEGRO,1,,20,MASCULINO,SIN DATOS,0,0,Morelia,Fidel Velazquez,diciembre,jueves,18,-101.236318051815,19.7075917735862
19810,19812,2018,"181262002",2018/12/27,18:00:00,COLISIÓN POR CAMBIO DE CARRIL,ASFALTO,Bueno,Bueno,2,TOYOTA,BLANCO Y ROJO,2,,37,MASCULINO,SIN DATOS,0,0,Morelia,Centro,diciembre,jueves,18,-101.186592578888,19.7029505706978
19811,19813,2018,"18126289",2018/12/27,19:45:00,COLISIÓN POR INVASIÓN DE CARRIL,ASFALTO,Bueno,Bueno,2,V.W,AZUL,2,,43,FEMENINO,SIN DATOS,0,0,Morelia,Fuentes de Valladolid,diciembre,jueves,20,-101.222475171089,19.6705392040557
19812,19814,2018,"187262256",2018/12/27,20:15:00,COLISIÓN CONTRA OBJETO FIJO,ASFALTO,Bueno,Bueno,2,CHEVROLET,VERDE,2,,,MASCULINO,SIN DATOS,0,0,Morelia,La Loma,diciembre,jueves,20,-101.182708740234,19.677504892886
19813,19815,2018,"181262305",2018/12/27,20:55:00,COLISIÓN POR CAMBIO DE CARRIL,ASFALTO,Bueno,Bueno,2,NISSAN,AMARILLO,2,,,MASCULINO,SIN DATOS,0,0,Morelia,Gertrudis Sanchez,diciembre,jueves,21,-101.200572252274,19.7413286123203
19814,19816,2018,,2018/12/28,"02:10:00",COLISIÓN CONTRA OBJETO FIJO,ASFALTO,Bueno,Bueno,0,,,0,,,,,0,0,Peribán,Sin datos,diciembre,viernes,2,-102.445471286774,19.5534208976917
19815,19817,2018,"181262961",2018/12/28,"02:30:00",COLISIÓN POR CORTE DE CIRCULACIÓN,CONCRETO,Bueno,Bueno,1,CHEVROLET,BLANCO,1,,23,FEMENINO,SIN DATOS,0,0,Morelia,Sin datos,diciembre,viernes,3,-101.164619922638,19.6650684762193
19816,19818,2018,"181263013",2018/12/28,"05:00:00",COLISIÓN CONTRA OBJETO FIJO,CONCRETO,Bueno,Bueno,1,VOLKSWAGEN,NEGRO,1,,,MASCULINO,SIN DATOS,0,0,Morelia,Zimpanio Norte,diciembre,viernes,5,-101.212921142578,19.6551974571873
19817,19819,2018,,2018/12/28,"07:30:00",COLISIÓN POR ALCANCE,ASFALTO,Bueno,Bueno,2,INTERNATIONAL,BLANCO,4,,25,MASCULINO,SIN DATOS,2,0,Cuitzeo,Los Granados,diciembre,viernes,8,-101.14043712616,19.9753251424358
19818,19820,2018,"181263089",2018/12/28,"07:40:00",COLISIÓN CONTRA OBJETO FIJO,ASFALTO,Bueno,Bueno,1,CHEVROLET,GRIS,1,,25,FEMENINO,SIN DATOS,0,0,Morelia,Nueva Jacarndas,diciembre,viernes,8,-101.188287734985,19.6815356607944
19819,19821,2018,,2018/12/28,"09:30:00",COLISIÓN CON PEATÓN,ASFALTO,Bueno,Bueno,2,MAN,TURQUEZA,2,,39,MASCULINO,SIN DATOS,0,0,Morelia,Felix Arreguin,diciembre,viernes,10,-101.227898597717,19.7193027630182
19820,19822,2018,,2018/12/28,10:15:00,COLISIÓN POR CAMBIO DE CARRIL,ASFALTO,Bueno,Regular,2,NISSAN,PLATA,2,,25,MASCULINO,SIN DATOS,0,0,Tocumbo,Sin Nombre,diciembre,viernes,10,-102.512140274048,19.7028798658041
19821,19823,2018,"181263084",2018/12/28,10:30:00,COLISIÓN POR CORTE DE CIRCULACIÓN,CONCRETO,Bueno,Bueno,2,KEEWAY,NEGRO,2,,20,MASCULINO,SIN DATOS,0,0,Morelia,Lomas del Durazno,diciembre,viernes,11,-101.191967725754,19.6638106370522
19822,19824,2018,"181273354",2018/12/28,10:30:00,COLISIÓN POR ALCANCE,ASFALTO,Bueno,Bueno,2,NISSAN,GRIS,2,,42,MASCULINO,SIN DATOS,0,0,Morelia,Maxima Bravo,diciembre,viernes,11,-101.227761078711,19.6704282856874
19823,19825,2018,"181263424",2018/12/28,10:50:00,COLISIÓN POR CORTE DE CIRCULACIÓN,ASFALTO,Bueno,Bueno,2,NISSAN,BLANCO/ROJO,2,,36,MASCULINO,SIN DATOS,0,0,Morelia,Enrique Arreguin Robles,diciembre,viernes,11,-101.186678409576,19.7207571080358
19824,19826,2018,,2018/12/28,12:02:00,COLISIÓN POR CAMBIO DE CARRIL,ASFALTO,Bueno,Bueno,2,NISSAN,BLANCO,2,,59,MASCULINO,SIN DATOS,0,0,Morelia,Solidaridad,diciembre,viernes,12,-101.207685470581,19.7263925699841
19825,19827,2018,,2018/12/28,13:30:00,COLISIÓN POR ALCANCE,ASFALTO,Bueno,Bueno,2,FORD,VERDE,2,,49,MASCULINO,SIN DATOS,0,0,Morelia,El Realito,diciembre,viernes,14,-101.204295158386,19.7257866158692
19826,19828,2018,LEG20509,2018/12/28,14:03:00,CAIDA DE MOTOCICLETA,ASFALTO,Bueno,Bueno,1,ITALIKA,ROJO,1,,49,MASCULINO,SIN DATOS,0,0,Morelia,Los Sauces,diciembre,viernes,14,-101.18434054,19.6629919599991
19827,19829,2018,"181264091",2018/12/28,15:31:00,COLISIÓN CON PEATÓN,CONCRETO,Bueno,Bueno,1,NISSAN,GRIS,2,,32,MASCULINO,SIN DATOS,1,0,Morelia,Mariano Ontiveros,diciembre,viernes,16,-101.230111420155,19.6733376389998
19828,19830,2018,LEG20512,2018/12/28,15:36:00,COLISIÓN POR ALCANCE,ASFALTO,Bueno,Bueno,3,CHEVROLET,ROJO,3,,0,MASCULINO,SIN DATOS,0,0,Morelia,Elias Perez Avalos,diciembre,viernes,16,-101.165778636932,19.7104956133277
19829,19831,2018,"181264162",2018/12/28,16:10:00,COLISIÓN CONTRA OBJETO FIJO,CONCRETO,Bueno,Bueno,1,CHEVROLET,BLANCO,1,MINISTERIO PÚBLICO,,,,0,1,Morelia,Villas Oriente,diciembre,viernes,16,-101.143945455551,19.7545265078539
19830,19832,2018,"181264289",2018/12/28,16:50:00,COLISIÓN POR CAMBIO DE CARRIL,ASFALTO,Bueno,Bueno,2,TOYOTA,BLANCO/GRIS,2,,63,MASCULINO,SIN DATOS,0,0,Morelia,Cinco de Diciembre,diciembre,viernes,17,-101.160752177238,19.6877482998938
19831,19833,2018,,2018/12/28,17:40:00,COLISIÓN POR ALCANCE,ASFALTO,Bueno,Bueno,2,KENWORTH,VERDE,2,,39,MASCULINO,SIN DATOS,0,0,Morelia,Francisco J Mujica,diciembre,viernes,18,-101.18833065033,19.7216458679212
19832,19834,2018,"181264846",2018/12/28,19:50:00,COLISIÓN POR CORTE DE CIRCULACIÓN,ASFALTO,Bueno,Bueno,1,ITALIKA,VERDE,1,,,,,1,0,Morelia,Cuauhtemoc,diciembre,viernes,20,-101.178739070892,19.6967183193625
19833,19835,2018,"181265093",2018/12/28,20:50:00,COLISIÓN POR ALCANCE,ASFALTO,Bueno,Bueno,2,SIN DATOS,SIN DATOS,2,,0,,SIN DATOS,0,0,Morelia,Industrial,diciembre,viernes,21,-101.201795339584,19.7097380949997
19834,19836,2018,,2018/12/28,23:40:00,COLISIÓN POR ALCANCE,ASFALTO,Bueno,Bueno,2,BMW,AZUL,2,,33,MASCULINO,SIN DATOS,0,0,Morelia,Tlalpujahua,diciembre,viernes,0,-101.217620372772,19.6760299499623
19835,19837,2018,"181265371",2018/12/29,"00:05:00",COLISIÓN CONTRA OBJETO FIJO,ASFALTO,Bueno,Bueno,3,GMC,VINO,3,MINISTERIO PÚBLICO,20,MASCULINO,ALIENTO ETÍLICO,0,0,Morelia,Lomas de La Aurora (Jardines de La Aurora),diciembre,sábado,0,-101.2629137,19.7021450999991
19836,19838,2018,"181265532",2018/12/29,"01:40:00",SALIDA DE SUPERFICIE DE RODAMIENTO,ASFALTO,Bueno,Bueno,1,DODGE,GRIS,0,,,,,0,0,Morelia,Ciudad Industrial,diciembre,sábado,2,-101.135008335114,19.7304120074338
19837,19839,2018,"181265525",2018/12/29,"02:00:00",COLISIÓN POR ALCANCE,ASFALTO,Bueno,Bueno,2,GMIL,BLANCO,2,MINISTERIO PÚBLICO,21,MASCULINO,ALIENTO ETÍLICO,0,0,Morelia,Bosques Tres Marias,diciembre,sábado,2,-101.104044914246,19.7245141047485
19838,19840,2018,"181265627",2018/12/29,"05:07:00",COLISIÓN CONTRA OBJETO FIJO,ASFALTO,Bueno,Bueno,1,BMW,GRIS,2,,40,MASCULINO,SIN DATOS,1,0,Morelia,Comision Federal de Electricidad,diciembre,sábado,5,-101.181421279907,19.6815659669358
19839,19841,2018,"181265693",2018/12/29,"07:25:00",VOLCADURA,ASFALTO,Bueno,Bueno,1,NISSAN,BLANCO,1,,0,,SIN DATOS,0,0,Morelia,Ciudad Industrial,diciembre,sábado,7,-101.142818927765,19.7252008580406
19840,19842,2018,"181264146",2018/12/29,"08:55:00",COLISIÓN POR CORTE DE CIRCULACIÓN,ASFALTO,Bueno,Bueno,1,NISSAN,BLANCO,1,,44,MASCULINO,ALIENTO ETÍLICO,0,0,Morelia,Felix Ireta,diciembre,sábado,9,-101.19208574295,19.6823539246018
19841,19843,2018,"181266270",2018/12/29,13:05:00,COLISIÓN POR CORTE DE CIRCULACIÓN,ASFALTO,Bueno,Bueno,2,ITALIKA,ROJO/NEGRO,2,,20,MASCULINO,SIN DATOS,0,0,Morelia,Morelos,diciembre,sábado,13,-101.206934452057,19.6979102435749
19842,19844,2018,,2018/12/29,15:30:00,COLISIÓN CONTRA OBJETO FIJO,ASFALTO,Bueno,Bueno,1,ITALIKA,NEGRO/AMARILLO,1,,,,SIN DATOS,0,0,Zitácuaro,Sin datos,diciembre,sábado,16,-100.241575241089,19.4431224985639
19843,19845,2018,"181266652",2018/12/29,15:50:00,COLISIÓN CON PEATÓN,CONCRETO,Bueno,Bueno,1,CHEVROLET,ARENA,1,,40,MASCULINO,SIN DATOS,0,0,Morelia,Ignacio Zaragoza,diciembre,sábado,16,-101.20534658432,19.7255442335799
19844,19846,2018,"181266740",2018/12/29,16:20:00,COLISIÓN POR CAMBIO DE CARRIL,ASFALTO,Bueno,Bueno,2,NISSAN,BLANCO,2,,29,MASCULINO,SIN DATOS,0,0,Morelia,Asociacion Zirahuen,diciembre,sábado,16,-101.250236034393,19.6986779188763
19845,19847,2018,"181266846",2018/12/29,16:20:00,CAIDA DE MOTOCICLETA,ASFALTO,Bueno,Bueno,1,BAJAJ,NEGRO,2,,0,MASCULINO,SIN DATOS,1,0,Morelia,Felix Ireta,diciembre,sábado,16,-101.188395023346,19.6819094361386
19846,19848,2018,,2018/12/29,18:20:00,COLISIÓN POR CORTE DE CIRCULACIÓN,ASFALTO,Bueno,Bueno,2,SIN DATOS,SIN DATOS,1,,28,FEMENINO,SIN DATOS,0,0,Morelia,Loma Real,diciembre,sábado,18,-101.198544502258,19.7292809196822
19847,19849,2018,,2018/12/29,18:20:00,COLISIÓN CONTRA OBJETO FIJO,ASFALTO,Bueno,Regular,2,CHEVROLET,BLANCO,2,,25,MASCULINO,CON CERTIFICADO,0,0,Peribán,Centro,diciembre,sábado,18,-102.415215969086,19.5204282618391
19848,19850,2018,"181267366",2018/12/29,19:28:00,COLISIÓN POR ALCANCE,ASFALTO,Bueno,Bueno,2,CHEVROLET,AZUL,2,MINISTERIO PÚBLICO,60,MASCULINO,SIN DATOS,0,0,Morelia,Villas del Real,diciembre,sábado,19,-101.199434995651,19.7357845648849
19849,19851,2018,,2018/12/29,20:30:00,COLISIÓN CONTRA OBJETO FIJO,ASFALTO,Bueno,Bueno,2,MAZDA,GUINDA,2,,41,MASCULINO,SIN DATOS,0,0,Chucándiro,La Trinchera(La Paceras),diciembre,sábado,21,-101.331946849823,19.9064002247901
19850,19852,2018,"181267704",2018/12/29,21:00:00,CAIDA DE MOTOCICLETA,ASFALTO,Bueno,Bueno,1,ITALIKA,NEGRO,1,,52,MASCULINO,SIN DATOS,0,0,Morelia,Los Pinos de Michoacan,diciembre,sábado,21,-101.216322183609,19.6830989451119
19851,19853,2018,"181267557",2018/12/29,21:15:00,COLISIÓN CON PEATÓN,TERRACERIA,Bueno,Bueno,1,VOLVO,GRIS,1,,0,,SIN DATOS,0,0,Morelia,Barrio Alto,diciembre,sábado,21,-101.193072795868,19.7246352967204
19852,19854,2018,,2018/12/29,21:15:00,COLISIÓN POR CAMBIO DE CARRIL,ASFALTO,Bueno,Bueno,2,CHEVROLET,VERDE,2,,65,MASCULINO,SIN DATOS,0,0,Pátzcuaro,Viveros,diciembre,sábado,21,-101.623406410217,19.5415916441983
19853,19855,2018,LEG20538,2018/12/29,21:50:00,COLISIÓN POR CAMBIO DE CARRIL,ASFALTO,Bueno,Bueno,2,VOLKSWAGEN,ROJO,2,,43,MASCULINO,ALIENTO ETÍLICO,0,0,Morelia,Canteras de Morelia,diciembre,sábado,22,-101.171550750732,19.714899248813
19854,19856,2018,"181726702",2018/12/29,22:30:00,COLISIÓN CONTRA OBJETO FIJO,ASFALTO,Bueno,Bueno,1,NISSAN,BLANCO,0,,,,,0,0,Morelia,Sin datos,diciembre,sábado,23,-101.315016746521,19.6870815891931
19855,19857,2018,"181277670",2018/12/29,23:30:00,CAIDA DE MOTOCICLETA,CONCRETO,Bueno,Bueno,1,HARLEY DAVIDSON,NEGRO,1,,43,MASCULINO,SIN DATOS,0,0,Morelia,Ventura Puente,diciembre,sábado,0,-101.190690994263,19.6931424934677
19856,19858,2018,,2018/12/30,"00:00:00",SUBIDA AL CAMELLÓN,TERRACERIA,Bueno,Bueno,1,NISSAN,BLANCO,1,,60,MASCULINO,SIN DATOS,0,0,Morelia,Quinceo,diciembre,domingo,0,-101.221504211426,19.727907445218
19857,19859,2018,"181268246",2018/12/30,"00:00:00",COLISIÓN POR INVASIÓN DE CARRIL,ASFALTO,Bueno,Bueno,2,VOLKSWAGEN,GRIS,1,,,,,1,0,Morelia,Ciudad Industrial,diciembre,domingo,0,-101.13801240921,19.7287557690753
19858,19860,2018,"181268306",2018/12/30,"00:00:00",COLISIÓN CON PEATÓN,ASFALTO,Bueno,Bueno,1,S/D,S/D,2,,0,,SIN DATOS,0,1,Morelia,Centro,diciembre,domingo,0,-101.193298101425,19.7030818797032
19859,19861,2018,,2018/12/30,"00:27:00",COLISIÓN CONTRA OBJETO FIJO,ASFALTO,Bueno,Bueno,1,CHRYSLER,VERDE,1,,,,SIN DATOS,0,0,Angangueo,Sin datos,diciembre,domingo,0,-100.311484336853,19.6127158482818
19860,19862,2018,,2018/12/30,"00:30:00",SALIDA DE SUPERFICIE DE RODAMIENTO,ASFALTO,Bueno,Bueno,1,CHEVROLET,GRIS,1,,20,MASCULINO,SIN DATOS,0,0,Cuitzeo,Los Granados,diciembre,domingo,1,-101.140201091766,19.9748209722581
19861,19863,2018,,2018/12/30,"03:20:00",COLISIÓN POR ALCANCE,ASFALTO,Bueno,Bueno,3,FORD,ARENA,3,MINISTERIO PÚBLICO,,,SIN DATOS,0,0,Lázaro Cárdenas,Segundo Sector de Fidelac,diciembre,domingo,3,-102.209447622299,17.9614756662362
19862,19864,2018,"181971360",2018/12/30,"04:00:00",VOLCADURA,ASFALTO,Bueno,Bueno,1,FREIGHTLINER,BLANCO,1,,52,MASCULINO,SIN DATOS,0,0,Morelia,Ciudad Industrial,diciembre,domingo,4,-101.142818927765,19.7252008580406
19863,19865,2018,,2018/12/30,"06:00:00",COLISIÓN CONTRA OBJETO FIJO,ASFALTO,Bueno,Bueno,1,MUSTANG,ARENA,1,,18,MASCULINO,SIN DATOS,0,0,Apatzingán,Centro,diciembre,domingo,6,-102.353932857513,19.0878525274304
19864,19866,2018,,2018/12/30,"07:30:00",COLISIÓN POR INVASIÓN DE CARRIL,ASFALTO,Bueno,Bueno,2,FORD,ROJO,2,,,MASCULINO,SIN DATOS,0,0,Juárez,Sin datos,diciembre,domingo,8,-100.421540737152,19.3264114373013
19865,19867,2018,,2018/12/30,11:30:00,SALIDA DE SUPERFICIE DE RODAMIENTO,ASFALTO,Bueno,Bueno,1,FORD,BLANCO,1,,27,MASCULINO,SIN DATOS,0,0,Morelia,Centro,diciembre,domingo,12,-101.19118388321,19.702768457823
19866,19868,2018,"181238638",2018/12/30,12:35:00,COLISIÓN CON PEATÓN,ADOQUIN_EMPEDRADO,Bueno,Bueno,2,FORD,BLANCO,2,MINISTERIO PÚBLICO,,,SIN DATOS,0,0,Morelia,Lomas del Durazno,diciembre,domingo,13,-101.192375421524,19.6654018777176
19867,19869,2018,,2018/12/30,13:45:00,COLISIÓN POR CAMBIO DE CARRIL,ASFALTO,Bueno,Bueno,2,VENTO,NEGRO/VERDE,2,MINISTERIO PÚBLICO,,,SIN DATOS,0,0,Apatzingán,Independencia,diciembre,domingo,14,-102.354801893234,19.0957201626051
19868,19870,2018,,2018/12/30,14:10:00,COLISIÓN POR CORTE DE CIRCULACIÓN,ASFALTO,Bueno,Bueno,2,V.W,AZUL,2,,35,MASCULINO,SIN DATOS,0,0,Morelia,Martires de Uruapan,diciembre,domingo,14,-101.197321414948,19.7249180776307
19869,19871,2018,"181268908",2018/12/30,14:15:00,COLISIÓN CON PEATÓN,ASFALTO,Bueno,Bueno,2,KEEWAY,ROJO,2,,20,MASCULINO,SIN DATOS,0,0,Morelia,Obrera,diciembre,domingo,14,-101.185380220413,19.7108592208507
19870,19872,2018,,2018/12/30,14:45:00,COLISIÓN POR CORTE DE CIRCULACIÓN,ASFALTO,Bueno,Bueno,1,STA CRUZ,NEGRO,2,,22,FEMENINO,SIN DATOS,1,0,Morelia,Centro,diciembre,domingo,15,-101.191533207893,19.7029808727855
19871,19873,2018,"181269248",2018/12/30,15:40:00,COLISIÓN POR ALCANCE,ASFALTO,Bueno,Bueno,2,NISSAN,AZUL,2,,75,MASCULINO,SIN DATOS,0,0,Morelia,Primo Tapia Oriente,diciembre,domingo,16,-101.158761978149,19.7136468510613
19872,19874,2018,,2018/12/30,16:30:00,COLISIÓN CONTRA OBJETO FIJO,ASFALTO,Bueno,Bueno,1,CHEVROLET,BLANCO,1,,,,SIN DATOS,0,0,Lázaro Cárdenas,18 de Marzo,diciembre,domingo,17,-102.222767472267,17.9739775204646
19873,19875,2018,"181269357",2018/12/30,16:40:00,COLISIÓN CONTRA OBJETO FIJO,ASFALTO,Bueno,Bueno,3,HONDA,ROJO,1,MINISTERIO PÚBLICO,35,MASCULINO,SIN DATOS,0,0,Morelia,La Calera,diciembre,domingo,17,-101.240655183792,19.6698017022347
19874,19876,2018,,2018/12/30,18:30:00,COLISIÓN CON PEATÓN,ASFALTO,Bueno,Bueno,1,NISSAN,BLANCO Y ROJO,2,,27,MASCULINO,SIN DATOS,1,0,Morelia,Eduardo Ruiz,diciembre,domingo,19,-101.220026314259,19.7206813612261
19875,19877,2018,"1811260024",2018/12/30,20:20:00,COLISIÓN POR ALCANCE,ASFALTO,Bueno,Regular,1,NISSAN,BLANCO,1,,45,MASCULINO,SIN DATOS,0,0,Morelia,Barrio Alto,diciembre,domingo,20,-101.19704246521,19.7252210566221
19876,19878,2018,,2018/12/30,21:20:00,COLISIÓN POR ALCANCE,ASFALTO,Bueno,Bueno,3,MAZDA,GRIS,3,MINISTERIO PÚBLICO,,,SIN DATOS,0,0,Lázaro Cárdenas,Solidaridad Nacional,diciembre,domingo,21,-102.212333679199,17.969344283382
19877,19879,2018,"181270070",2018/12/30,21:23:00,COLISIÓN POR CORTE DE CIRCULACIÓN,ASFALTO,Bueno,Bueno,2,YAMAHA,BLANCO,2,,27,MASCULINO,SIN DATOS,0,0,Morelia,Morelos,diciembre,domingo,21,-101.205829381943,19.6986274140354
19879,19881,2018,,2018/12/30,22:15:00,COLISIÓN POR INVASIÓN DE CARRIL,ASFALTO,Bueno,Bueno,2,CHEVROLET S10,MORADA,1,MINISTERIO PÚBLICO,28,MASCULINO,SIN DATOS,0,0,Uruapan,El Zapotito,diciembre,domingo,22,-102.072215080261,19.3858502072259