fid,id_accidente,anio_origen,folio_c5i,dia_incidente,hora_ocurrencia,tipo_incidente_vial,superficie_ocurrencia,condiciones_climaticas,condiciones_via,numero_vehiculos_involucrados,marca_vehiculo_ocasiona_siniestro,color_vehiculo_ocasiona_siniestro,numero_personas_involucradas,lugar_remite_presunto_responsable,edad_presunto_responsable,sexo_presunto_responsable,resultados_toxicologia,numero_personas_lesionadas,numero_personas_fallecidas,municipio,colonia,mes,dia_semana,hora_redondeada,lon,lat
19881,19883,2018,"181279571",2018/12/31,"07:30:00",COLISIÓN POR CORTE DE CIRCULACIÓN,ASFALTO,Bueno,Bueno,1,NISSAN,BLANCO,1,,0,,SIN DATOS,0,0,Morelia,Bosques de Oriente,diciembre,lunes,8,-101.154234409332,19.7167172280938
19882,19884,2018,"181274614",2018/12/31,"07:35:00",COLISIÓN POR ALCANCE,ASFALTO,Bueno,Bueno,2,FORD,VERDE,2,,23,MASCULINO,SIN DATOS,0,0,Morelia,Bosques de Oriente,diciembre,lunes,8,-101.154148578644,19.7168182263366
19883,19885,2018,LEG20575,2018/12/31,"07:50:00",SUBIDA AL CAMELLÓN,ASFALTO,Bueno,Bueno,1,CHEVROLET,PLATA,1,,60,MASCULINO,SIN DATOS,0,0,Morelia,Sin datos,diciembre,lunes,8,-101.313772201538,19.6873240297691
19884,19886,2018,"181270618",2018/12/31,"08:40:00",COLISIÓN CON PEATÓN,ASFALTO,Bueno,Bueno,1,FORD,BLANCO,1,,49,MASCULINO,SIN DATOS,0,0,Tarímbaro,Sin datos,diciembre,lunes,9,-101.171894073486,19.7509115845577
19885,19887,2018,,2018/12/31,10:30:00,COLISIÓN POR CAMBIO DE CARRIL,ASFALTO,Bueno,Bueno,2,NISSAN,PLATA,2,,27,FEMENINO,SIN DATOS,0,0,Morelia,Isaac Arriaga,diciembre,lunes,11,-101.167709827423,19.7095865909035
19886,19888,2018,"181271192",2018/12/31,12:30:00,COLISIÓN POR ALCANCE,ASFALTO,Bueno,Bueno,2,TOYOTA,ROJO,2,,0,MASCULINO,SIN DATOS,0,0,Tarímbaro,Sin datos,diciembre,lunes,13,-101.157431602478,19.7685209412036
19887,19889,2018,LEG20562,2018/12/31,13:50:00,COLISIÓN POR CORTE DE CIRCULACIÓN,ASFALTO,Bueno,Bueno,2,FORD,AZUL,2,,58,MASCULINO,SIN DATOS,0,0,Morelia,Ventura Puente,diciembre,lunes,14,-101.184167861938,19.6895665876958
19888,19890,2018,"181271544",2018/12/31,15:00:00,COLISIÓN POR CORTE DE CIRCULACIÓN,ASFALTO,Bueno,Bueno,2,NISSAN,BLANCO,0,,,,,0,0,Morelia,Molino de Parras,diciembre,lunes,15,-101.200164556503,19.6975516571395
19889,19891,2018,,2018/12/31,15:00:00,COLISIÓN CONTRA OBJETO FIJO,ASFALTO,Bueno,Bueno,1,CHEVROLET,BLANCO,1,,,,SIN DATOS,0,0,Lázaro Cárdenas,Sin datos,diciembre,lunes,15,-102.223663330078,17.9348054912619
19890,19892,2018,"181270670",2018/12/31,17:08:00,COLISIÓN CON PEATÓN,ASFALTO,Bueno,Bueno,2,FORD,ROJO,2,,38,MASCULINO,SIN DATOS,0,0,Morelia,Sin datos,diciembre,lunes,17,-101.313643455505,19.687566469978
19891,19893,2018,"181272049",2018/12/31,17:15:00,COLISIÓN POR CAMBIO DE CARRIL,ASFALTO,Bueno,Bueno,2,KENWORTH,BLANCO,2,,42,MASCULINO,SIN DATOS,0,0,Morelia,Felix Arreguin,diciembre,lunes,17,-101.227254867554,19.7206763114375
19892,19894,2018,LEG20563,2018/12/31,18:15:00,COLISIÓN CON PEATÓN,CONCRETO,Bueno,Bueno,1,NISSAN,BLANCO/AMARILLO,2,MINISTERIO PÚBLICO,25,MASCULINO,SIN DATOS,1,0,Morelia,Jose Maria Morelos,diciembre,lunes,18,-101.21866106987,19.7144851506419
19893,19895,2018,,2018/12/31,19:20:00,COLISIÓN POR CORTE DE CIRCULACIÓN,ASFALTO,Bueno,Bueno,2,CHEVROLET,VERDE,2,,42,MASCULINO,SIN DATOS,0,0,Huandacareo,Centro,diciembre,lunes,19,-101.274552941322,19.9872583796505
19894,19896,2018,"181272455",2018/12/31,20:15:00,COLISIÓN POR CAMBIO DE CARRIL,ASFALTO,Bueno,Bueno,2,NISSAN,ROJO,2,,24,MASCULINO,SIN DATOS,0,0,Morelia,Felix Ireta,diciembre,lunes,20,-101.195690631866,19.6817478036643
19895,19897,2018,"181272628",2018/12/31,21:40:00,COLISIÓN POR CORTE DE CIRCULACIÓN,ASFALTO,Bueno,Bueno,2,NISSAN,GRIS,2,,0,FEMENINO,SIN DATOS,0,0,Morelia,Rincon de La Santa Cruz,diciembre,lunes,22,-101.230001449585,19.6742216110015
19896,19898,2018,"181272678",2018/12/31,21:45:00,COLISIÓN POR CORTE DE CIRCULACIÓN,CONCRETO,Bueno,Bueno,2,SIN DATOS,BLANCO,1,MINISTERIO PÚBLICO,34,MASCULINO,SIN DATOS,0,0,Morelia,Felix Ireta,diciembre,lunes,22,-101.190755367279,19.6878291131235
19897,19899,2018,,2018/12/31,22:00:00,SALIDA DE SUPERFICIE DE RODAMIENTO,ASFALTO,Bueno,Bueno,1,VOLKSWAGEN,CAFE,1,,,,SIN DATOS,0,0,Zitácuaro,Sin datos,diciembre,lunes,22,-100.242068767548,19.4430820305739
19899,19901,2019,"190000245",2019/01/01,"01:45:00",COLISIÓN POR CORTE DE CIRCULACIÓN,ASFALTO,Bueno,Bueno,1,VOLKSWAGEN,AZUL,1,,0,MASCULINO,SIN DATOS,0,0,Morelia,Arcos del Valle,enero,martes,2,-101.23627781868,19.7076978277912
19900,19902,2019,,2019/01/01,"03:00:00",VOLCADURA,CONCRETO,Bueno,Bueno,1,CHEVROLET,AZUL,1,,21,MASCULINO,SIN DATOS,0,0,Morelia,La Aldea,enero,martes,3,-101.134729385376,19.7426312840611
19901,19903,2019,"190000389",2019/01/01,"03:10:00",COLISIÓN POR INVASIÓN DE CARRIL,CONCRETO,Bueno,Bueno,2,NISSAN,TITANIO,2,,0,MASCULINO,SIN DATOS,0,0,Morelia,Rector Diaz Rubio,enero,martes,3,-101.198962926865,19.6682256595724
19902,19904,2019,"190000371",2019/01/01,"03:25:00",SALIDA DE SUPERFICIE DE RODAMIENTO,ASFALTO,Bueno,Bueno,1,MITSUBISHI,VERDE,1,MINISTERIO PÚBLICO,,,,0,1,Tarímbaro,Sin datos,enero,martes,3,-101.171014308929,19.7526079833423
19903,19905,2019,"181285172",2019/01/01,"04:50:00",COLISIÓN POR CORTE DE CIRCULACIÓN,ASFALTO,Bueno,Bueno,3,NISSAN,BLANCO,3,,0,,SIN DATOS,0,0,Morelia,Felipe Carrillo Puerto,enero,martes,5,-101.179707348347,19.7309245289349
19904,19906,2019,"190000479",2019/01/01,"04:50:00",COLISIÓN CON PEATÓN,CONCRETO,Bueno,Bueno,2,MAZDA,GRIS,2,,27,MASCULINO,SIN DATOS,0,0,Morelia,Centro,enero,martes,5,-101.192504167557,19.6999203329428
19905,19907,2019,,2019/01/01,"07:30:00",COLISIÓN CONTRA OBJETO FIJO,ASFALTO,Bueno,Bueno,1,CHEVROLET,GRIS,1,,,,SIN DATOS,0,0,Lázaro Cárdenas,600 Casas,enero,martes,8,-102.214865684509,17.9636291099028
19907,19909,2019,"190000792",2019/01/01,10:00:00,VOLCADURA,ASFALTO,Bueno,Bueno,1,RENAULT,NEGRO,1,,24,MASCULINO,SIN DATOS,0,0,Morelia,Villas Lomas del Paraiso,enero,martes,10,-101.173310279846,19.6744943785204
19908,19910,2019,"190000910",2019/01/01,10:00:00,COLISIÓN CONTRA OBJETO FIJO,ASFALTO,Bueno,Regular,2,HONDA,ROJO,2,,22,MASCULINO,SIN DATOS,0,0,Morelia,Colinas del Sur,enero,martes,10,-101.199531555176,19.6604512993445
19909,19911,2019,"19000955",2019/01/01,10:25:00,COLISIÓN POR MANIOBRA DE REVERSA,ASFALTO,Bueno,Bueno,2,VOLVO,BLANCO,2,,44,MASCULINO,SIN DATOS,0,0,Morelia,Leandro Valle,enero,martes,10,-101.230580806732,19.7158486405719
19910,19912,2019,"190000829",2019/01/01,10:35:00,COLISIÓN POR CORTE DE CIRCULACIÓN,ASFALTO,Bueno,Bueno,1,SUZUKI,NEGRO,1,,,,,1,0,Morelia,Nueva Valladolid,enero,martes,11,-101.211981028318,19.701877368056
19911,19913,2019,"19000976",2019/01/01,11:34:00,COLISIÓN POR CORTE DE CIRCULACIÓN,ASFALTO,Bueno,Bueno,1,HONDA,NEGRO,1,,,,SIN DATOS,0,0,Morelia,Avicola Benito Juarez,enero,martes,12,-101.279697418213,19.6917283029925
19912,19914,2019,LEG20593,2019/01/01,11:40:00,COLISIÓN CONTRA OBJETO FIJO,SIN_DATOS,Bueno,Bueno,1,V.W,VERDE,1,,31,MASCULINO,SIN DATOS,0,0,Morelia,Sin datos,enero,martes,12,-101.29070520401,19.6000621615259
19913,19915,2019,"190001008",2019/01/01,11:54:00,SALIDA DE SUPERFICIE DE RODAMIENTO,ASFALTO,Bueno,Bueno,1,KENWORTH,AMARILLO,1,,35,MASCULINO,SIN DATOS,0,0,Morelia,Felix Ireta,enero,martes,12,-101.184200048447,19.6891322208202
19914,19916,2019,"190001015",2019/01/01,12:20:00,COLISIÓN POR ALCANCE,ASFALTO,Bueno,Bueno,2,GENERAL MOTORS,BLANCO,2,,58,MASCULINO,ALIENTO ETÍLICO,0,0,Morelia,Francisco J Mujica,enero,martes,12,-101.185895204544,19.7240192365761
19915,19917,2019,"190001128",2019/01/01,13:00:00,COLISIÓN POR NO RESPETAR SEMÁFORO,ASFALTO,Bueno,Bueno,2,CHEVROLET,CAFE,2,,,MASCULINO,SIN DATOS,0,0,Morelia,Vista Bella,enero,martes,13,-101.192203760147,19.6821922925761
19916,19918,2019,"190001417",2019/01/01,14:20:00,COLISIÓN POR ALCANCE,ASFALTO,Bueno,Bueno,3,V.W,GRIS,3,,25,FEMENINO,SIN DATOS,0,0,Morelia,Lomas del Tecnologico,enero,martes,14,-101.188673973083,19.720171331773
19917,19919,2019,,2019/01/01,16:40:00,COLISIÓN POR ALCANCE,ASFALTO,Bueno,Bueno,3,FREIGHTLINER,AZUL,2,MINISTERIO PÚBLICO,40,MASCULINO,SIN DATOS,1,0,Paracho,2 de Septiembre,enero,martes,17,-102.058010101318,19.634907928778
19918,19920,2019,"20746",2019/01/01,19:20:00,COLISIÓN POR ALCANCE,ASFALTO,Bueno,Bueno,2,NISSAN,ROJO/AZUL,1,,0,MASCULINO,SIN DATOS,0,0,Tangancícuaro,Sector 2,enero,martes,19,-102.202892303467,19.8996009088174
19919,19921,2019,"190002240",2019/01/01,20:25:00,COLISIÓN POR ALCANCE,ASFALTO,Bueno,Bueno,2,MITSUBISHI,BLANCO,2,,45,MASCULINO,SIN DATOS,0,0,Morelia,Reforma,enero,martes,20,-101.237661838532,19.7068796935311
19920,19922,2019,"190002361",2019/01/01,22:00:00,COLISIÓN CONTRA OBJETO FIJO,ASFALTO,Bueno,Bueno,1,JEEP,VERDE,0,,,,,0,0,Morelia,Nicolas Romero,enero,martes,22,-101.149739027023,19.7040868950603
19921,19923,2019,"20733",2019/01/02,"01:15:00",VOLCADURA,ASFALTO,Bueno,Bueno,1,VOLKSWAGEN,NEGRO,0,,,,,0,0,Zacapu,Sin datos,enero,miércoles,1,-101.810731887817,19.8222659077899
19922,19924,2019,"190005172",2019/01/02,"02:10:00",COLISIÓN CONTRA OBJETO FIJO,ASFALTO,Bueno,Bueno,1,SEAT,ROJO,1,,,,SIN DATOS,0,0,Tarímbaro,Sin datos,enero,miércoles,2,-101.160607337952,19.7654515602414
19923,19925,2019,"190002755",2019/01/02,"03:00:00",COLISIÓN CONTRA OBJETO FIJO,ASFALTO,Bueno,Bueno,1,MITSUBISHI,NEGRO,0,,,,,0,0,Morelia,La Quemada,enero,miércoles,3,-101.241159439087,19.7057484392659
19924,19926,2019,"190003235",2019/01/02,11:40:00,COLISIÓN POR CAMBIO DE CARRIL,ASFALTO,Bueno,Bueno,2,INTERNATIONAL,BLANCO Y NARANJA,2,,53,MASCULINO,SIN DATOS,0,0,Morelia,Nueva Valladolid,enero,miércoles,12,-101.209069490433,19.6986779188763
19925,19927,2019,,2019/01/02,12:40:00,COLISIÓN POR ALCANCE,ASFALTO,Bueno,Bueno,2,HYUNDAI,GUINDA,2,,26,FEMENINO,SIN DATOS,0,0,Apatzingán,Sin datos,enero,miércoles,13,-102.378630638123,19.117192036227
19926,19928,2019,"190003390",2019/01/02,13:00:00,COLISIÓN POR CORTE DE CIRCULACIÓN,ASFALTO,Bueno,Bueno,2,ITALIKA,NEGRA Y ROJA,2,,,MASCULINO,SIN DATOS,0,0,Morelia,El Lago 1,enero,miércoles,13,-101.214487552643,19.7268369348746
19927,19929,2019,"190003741",2019/01/02,14:30:00,COLISIÓN POR CORTE DE CIRCULACIÓN,ASFALTO,Bueno,Bueno,2,FORD,GRIS,2,,45,MASCULINO,SIN DATOS,0,0,Morelia,Sin datos,enero,miércoles,15,-101.354885101318,19.6788383912393
19928,19930,2019,"190003788",2019/01/02,15:30:00,COLISIÓN POR CORTE DE CIRCULACIÓN,CONCRETO,Bueno,Bueno,2,PONTIAC,VERDE,2,,43,MASCULINO,SIN DATOS,0,0,Morelia,Ventura Puente,enero,miércoles,16,-101.184124946594,19.6902433895487
19929,19931,2019,,2019/01/02,16:00:00,COLISIÓN POR ALCANCE,ASFALTO,Nublado,Regular,2,CHEVROLET,BLANCO,2,,61,MASCULINO,SIN DATOS,0,0,Tocumbo,Sin datos,enero,miércoles,16,-102.531731128693,19.705081803542
19930,19932,2019,"190003894",2019/01/02,16:15:00,COLISIÓN POR CORTE DE CIRCULACIÓN,ASFALTO,Bueno,Bueno,2,INTERNATIONAL,BLANCO Y VERDE,2,MINISTERIO PÚBLICO,,MASCULINO,SIN DATOS,0,0,Morelia,Elias Perez Avalos,enero,miércoles,16,-101.166958808899,19.7111622264884
19931,19933,2019,,2019/01/02,16:40:00,COLISIÓN POR ALCANCE,ASFALTO,Bueno,Bueno,3,FREIGHTLINER,AZUL,1,,40,MASCULINO,SIN DATOS,0,0,Paracho,2 de Septiembre,enero,miércoles,17,-102.058568000793,19.6338165866499
19932,19934,2019,"190004359",2019/01/02,18:40:00,COLISIÓN POR CORTE DE CIRCULACIÓN,ASFALTO,Bueno,Bueno,1,GREAT DANE,BLANCO,1,,63,MASCULINO,SIN DATOS,0,0,Morelia,Isaac Arriaga,enero,miércoles,19,-101.169791221619,19.7131418491926
19933,19935,2019,"190004476",2019/01/02,19:45:00,COLISIÓN POR CORTE DE CIRCULACIÓN,ASFALTO,Bueno,Bueno,2,V.W,BLANCO,2,MINISTERIO PÚBLICO,,MASCULINO,SIN DATOS,0,0,Morelia,Felicitas del Rio,enero,miércoles,20,-101.199102401733,19.6902534910472
19934,19936,2019,,2019/01/02,20:20:00,COLISIÓN POR CAMBIO DE CARRIL,ASFALTO,Bueno,Bueno,3,VOLKSWAGEN,PLATA,2,MINISTERIO PÚBLICO,,MASCULINO,SIN DATOS,1,0,Irimbo,Sin datos,enero,miércoles,20,-100.494163222611,19.6926251158568
19935,19937,2019,"190004726",2019/01/02,20:50:00,COLISIÓN POR CORTE DE CIRCULACIÓN,ASFALTO,Bueno,Bueno,2,FORD,NEGRO,2,,22,MASCULINO,SIN DATOS,0,0,Morelia,Felix Ireta,enero,miércoles,21,-101.190809011459,19.6840510510246
19936,19938,2019,"190004871",2019/01/02,21:40:00,COLISIÓN POR INVASIÓN DE CARRIL,ASFALTO,Bueno,Bueno,2,V.W,AZUL,2,,28,MASCULINO,SIN DATOS,0,0,Morelia,La Calera,enero,miércoles,22,-101.235430240631,19.6809800471843
19937,19939,2019,"190005335",2019/01/03,"00:00:00",COLISIÓN POR NO RESPETAR SEMÁFORO,ASFALTO,Bueno,Bueno,2,NISSAN,VERDE,2,,38,MASCULINO,SIN DATOS,0,0,Morelia,Centro,enero,jueves,0,-101.18754847,19.7028479949991
19938,19940,2019,"190005290",2019/01/03,"07:20:00",COLISIÓN POR INVASIÓN DE CARRIL,CONCRETO,Bueno,Bueno,2,CHEVROLET,PLATA,2,,32,MASCULINO,SIN DATOS,0,0,Morelia,Sentimientos de La Nacion,enero,jueves,7,-101.234357357025,19.678959617812
19939,19941,2019,"190005267",2019/01/03,"07:35:00",COLISIÓN CONTRA OBJETO FIJO,ASFALTO,Bueno,Regular,1,SEAT,GRIS,1,,30,,SIN DATOS,0,0,Morelia,Irrigacion,enero,jueves,8,-101.220688819885,19.7055262276666
19940,19942,2019,,2019/01/03,"08:10:00",COLISIÓN POR CORTE DE CIRCULACIÓN,ASFALTO,Bueno,Bueno,2,V.W.,ROJO,2,,38,FEMENINO,SIN DATOS,0,0,Apatzingán,Benito Juarez,enero,jueves,8,-102.35138207674,19.0902959953963
19941,19943,2019,"190005618",2019/01/03,11:10:00,COLISIÓN POR CAMBIO DE CARRIL,ASFALTO,Bueno,Bueno,2,MERCEDES BENZ,BLANCO Y NARANJA,2,,,MASCULINO,SIN DATOS,0,0,Morelia,Nueva Valladolid,enero,jueves,11,-101.207969784737,19.7011273845252
19942,19944,2019,"190006129",2019/01/03,14:50:00,COLISIÓN CON PEATÓN,ASFALTO,Bueno,Bueno,2,RAM,PLATA,2,,29,MASCULINO,SIN DATOS,0,0,Morelia,Chapultepec Norte,enero,jueves,15,-101.171443462372,19.6943445455488
19943,19945,2019,"190006447",2019/01/03,15:30:00,COLISIÓN POR CAMBIO DE CARRIL,ASFALTO,Bueno,Bueno,2,KIA,CAFE,2,,28,FEMENINO,SIN DATOS,0,0,Morelia,Chapultepec Oriente,enero,jueves,16,-101.159234046936,19.6893645567374
19944,19946,2019,"190006653",2019/01/03,16:45:00,COLISIÓN POR CAMBIO DE CARRIL,ASFALTO,Bueno,Bueno,2,HONDA,PLATA,2,,26,MASCULINO,SIN DATOS,0,0,Morelia,Balcones de Morelia,enero,jueves,17,-101.200684905052,19.6745246859938
19945,19947,2019,,2019/01/03,20:00:00,COLISIÓN POR INVASIÓN DE CARRIL,ASFALTO,Bueno,Bueno,2,JEEP,VERDE,2,,,MASCULINO,SIN DATOS,0,0,Juárez,Sin datos,enero,jueves,20,-100.432505607605,19.3209847491799
19946,19948,2019,"190007104",2019/01/03,20:10:00,COLISIÓN POR CORTE DE CIRCULACIÓN,TERRACERIA,Bueno,Bueno,2,IZUZU,BLANCO,2,,32,MASCULINO,SIN DATOS,0,0,Morelia,Ciudad Industrial,enero,jueves,20,-101.142818927765,19.7252008580406
19947,19949,2019,"190007124",2019/01/03,20:30:00,COLISIÓN POR CORTE DE CIRCULACIÓN,ASFALTO,Bueno,Bueno,2,DODGE,BLANCO,2,,,,SIN DATOS,0,0,Morelia,Ventura Puente,enero,jueves,21,-101.190015077591,19.6924758052287
19948,19950,2019,"190007324",2019/01/03,21:00:00,COLISIÓN POR CAMBIO DE CARRIL,ASFALTO,Bueno,Bueno,2,CHEVROLET,ROJO,2,,29,FEMENINO,SIN DATOS,0,0,Morelia,La Luz,enero,jueves,21,-101.295232772827,19.6866775207508
19949,19951,2019,"190007189",2019/01/03,21:22:00,COLISIÓN POR ALCANCE,ASFALTO,Bueno,Bueno,3,ITALIKA,AMARILLO,4,,,MASCULINO,SIN DATOS,1,0,Morelia,Primo Tapia Oriente,enero,jueves,21,-101.157195568085,19.7146366500972
19950,19952,2019,"190007797",2019/01/04,"08:10:00",COLISIÓN POR CORTE DE CIRCULACIÓN,ASFALTO,Bueno,Bueno,2,NISSAN,BLANCO/AZUL,2,,36,MASCULINO,SIN DATOS,0,0,Morelia,Libertad,enero,viernes,8,-101.236910820007,19.6848794038192
19951,19953,2019,"190007875",2019/01/04,"09:10:00",COLISIÓN POR ALCANCE,ASFALTO,Bueno,Bueno,2,NISSAN,BLANCO,2,MINISTERIO PÚBLICO,0,MASCULINO,SIN DATOS,0,0,Morelia,San Pascual,enero,viernes,9,-101.267509460449,19.6953243628364
19952,19954,2019,"190007983",2019/01/04,10:40:00,VOLCADURA,CONCRETO,Bueno,Bueno,1,FREIGHTLINER,BLANCO,1,,37,MASCULINO,SIN DATOS,0,0,Morelia,Lomas de Las Americas Sur,enero,viernes,11,-101.145649429635,19.6946285879003
19953,19955,2019,"190008062",2019/01/04,10:50:00,COLISIÓN POR CAMBIO DE CARRIL,ASFALTO,Bueno,Bueno,3,CHEVROLET,AZUL,3,,34,MASCULINO,SIN DATOS,0,0,Morelia,Las Americas,enero,viernes,11,-101.158976554871,19.6881725688944
19954,19956,2019,"190008193",2019/01/04,11:40:00,COLISIÓN POR CORTE DE CIRCULACIÓN,ASFALTO,Bueno,Bueno,1,TOYOTA,blanco gris,1,,48,MASCULINO,SIN DATOS,0,0,Morelia,Cinco de Diciembre,enero,viernes,12,-101.165778636932,19.6846369595423
19955,19957,2019,"190008278",2019/01/04,11:45:00,COLISIÓN POR ALCANCE,ASFALTO,Bueno,Bueno,4,NISSAN,VERDE,4,,58,MASCULINO,SIN DATOS,0,0,Morelia,Diego Rivera,enero,viernes,12,-101.174120306969,19.7168384259775
19956,19958,2019,"190008535",2019/01/04,14:10:00,COLISIÓN POR CAMBIO DE CARRIL,ASFALTO,Bueno,Bueno,2,NISSAN,GRIS,2,,64,FEMENINO,SIN DATOS,0,0,Morelia,Las Americas,enero,viernes,14,-101.158933639526,19.6881725688944
19957,19959,2019,"190008766",2019/01/04,16:00:00,COLISIÓN POR CORTE DE CIRCULACIÓN,ASFALTO,Bueno,Bueno,2,CHEVROLET,ROJO,1,,0,MASCULINO,SIN DATOS,0,0,Morelia,Camelinas,enero,viernes,16,-101.167849302292,19.684697570646
19958,19960,2019,"190008643",2019/01/04,16:45:00,COLISIÓN POR INVASIÓN DE CARRIL,ASFALTO,Bueno,Bueno,2,HONDA,BLANCO,0,,,,,0,0,Tarímbaro,Sin datos,enero,viernes,17,-101.14955663681,19.7709642877507
19960,19962,2019,"19000894",2019/01/04,17:05:00,COLISIÓN POR CAMBIO DE CARRIL,CONCRETO,Bueno,Bueno,3,HONDA,BLANCO,3,,39,MASCULINO,SIN DATOS,0,0,Morelia,Centro,enero,viernes,17,-101.205561161041,19.7024253335984
19961,19963,2019,"190009627",2019/01/04,17:15:00,COLISIÓN POR CORTE DE CIRCULACIÓN,ASFALTO,Bueno,Bueno,2,YAMAHA,NEGRO,1,MINISTERIO PÚBLICO,,,,1,0,Morelia,Pascual Ortiz de Ayala,enero,viernes,17,-101.150887012482,19.694910213993
19962,19964,2019,"190008989",2019/01/04,17:16:00,COLISIÓN POR ALCANCE,ASFALTO,Bueno,Bueno,2,CHEVROLET,GUINDA,2,,25,MASCULINO,SIN DATOS,0,0,Morelia,Felix Ireta,enero,viernes,17,-101.180874109268,19.6854754111065
19963,19965,2019,"190069159",2019/01/04,17:40:00,COLISIÓN POR NO RESPETAR SEMÁFORO,CONCRETO,Bueno,Bueno,2,HONDA,ROJO,2,,27,MASCULINO,SIN DATOS,0,0,Morelia,Ventura Puente,enero,viernes,18,-101.188073158264,19.6904100641929
19964,19966,2019,,2019/01/04,19:30:00,COLISIÓN POR CORTE DE CIRCULACIÓN,ASFALTO,Bueno,Bueno,2,BUICK,CAFE,2,,29,MASCULINO,SIN DATOS,0,0,Santa Ana Maya,Sin datos,enero,viernes,20,-101.033985614777,20.0181938714782
19965,19967,2019,"190009372",2019/01/04,19:44:00,COLISIÓN POR ALCANCE,ASFALTO,Bueno,Bueno,2,FORD,BLANCO,2,,36,MASCULINO,SIN DATOS,0,0,Morelia,Libertad,enero,viernes,20,-101.236943006516,19.6848490983047
19966,19968,2019,LEG20655,2019/01/04,21:40:00,COLISIÓN POR ALCANCE,CONCRETO,Bueno,Bueno,2,VOLKSWAGEN,BLANCO,2,,45,FEMENINO,SIN DATOS,0,0,Morelia,Melchor Ocampo,enero,viernes,22,-101.200443506241,19.7059807510624
19967,19969,2019,"190009977",2019/01/05,"01:00:00",COLISIÓN POR CORTE DE CIRCULACIÓN,ASFALTO,Bueno,Bueno,2,SIN DATOS,SIN DATOS,2,,0,,SIN DATOS,0,0,Morelia,Centro,enero,sábado,1,-101.196935176849,19.7031323831381
19968,19970,2019,"190010051",2019/01/05,"04:20:00",COLISIÓN POR CORTE DE CIRCULACIÓN,CONCRETO,Bueno,Bueno,1,VOLKSWAGEN,ROJO,1,,27,MASCULINO,ALIENTO ETÍLICO,0,0,Morelia,Indeco Santiaguito,enero,sábado,4,-101.178873181343,19.7202799025355
19969,19971,2019,"190012692",2019/01/05,"04:50:00",COLISIÓN CONTRA OBJETO FIJO,ASFALTO,Bueno,Bueno,1,BMW,BLANCO,1,,0,,SIN DATOS,0,0,Morelia,Enrique Arreguin Robles,enero,sábado,5,-101.184253692627,19.7198683432085
19970,19972,2019,"190010102",2019/01/05,"06:18:00",SALIDA DE SUPERFICIE DE RODAMIENTO,ASFALTO,Bueno,Bueno,1,FORD,BLANCO,1,,28,MASCULINO,ALIENTO ETÍLICO,0,0,Morelia,Chapultepec Oriente,enero,sábado,6,-101.160921156406,19.688240754879
19971,19973,2019,"190010113",2019/01/05,"06:30:00",COLISIÓN POR ALCANCE,ASFALTO,Bueno,Bueno,2,DODGE,BLANCO,2,,22,MASCULINO,SIN DATOS,0,0,Tarímbaro,Sin datos,enero,sábado,7,-101.171057224274,19.7525272028568
19973,19975,2019,"190010507",2019/01/05,11:25:00,COLISIÓN CON PEATÓN,ASFALTO,Bueno,Bueno,1,CHEVROLET,ROJO,2,,0,,SIN DATOS,1,0,Morelia,Industrial,enero,sábado,11,-101.193931102753,19.7120131642507
19974,19976,2019,"190010564",2019/01/05,11:45:00,COLISIÓN CON PEATÓN,CONCRETO,Bueno,Bueno,1,TOYOTA,BLANCO/GRIS,1,,,,,1,0,Morelia,Felix Ireta,enero,sábado,12,-101.184607744217,19.6868189448216
19975,19977,2019,"190010668",2019/01/05,12:05:00,COLISIÓN POR CORTE DE CIRCULACIÓN,CONCRETO,Bueno,Bueno,2,TOYOTA,NEGRO,2,,59,MASCULINO,SIN DATOS,0,0,Morelia,Molino de Parras,enero,sábado,12,-101.202594637871,19.6981122637481
19976,19978,2019,,2019/01/05,12:26:00,COLISIÓN POR CAMBIO DE CARRIL,ASFALTO,Bueno,Bueno,2,NISSAN,BLANCO,2,,57,MASCULINO,SIN DATOS,0,0,Morelia,Elias Perez Avalos,enero,sábado,12,-101.165692806244,19.7106168159272
19977,19979,2019,,2019/01/05,12:30:00,COLISIÓN CONTRA OBJETO FIJO,ASFALTO,Bueno,Bueno,1,NISSAN,BLANCO,1,,,MASCULINO,SIN DATOS,0,0,Tuzantla,Tuzantla,enero,sábado,13,-100.574727058411,19.208563262278
19978,19980,2019,"190010648",2019/01/05,12:30:00,COLISIÓN POR ALCANCE,ASFALTO,Bueno,Bueno,2,NISSAN,BLANCO,2,,37,MASCULINO,SIN DATOS,0,0,Morelia,Los Angeles,enero,sábado,13,-101.177558898926,19.7402480935871
19979,19981,2019,,2019/01/05,13:45:00,COLISIÓN POR CORTE DE CIRCULACIÓN,ASFALTO,Bueno,Bueno,2,CHEVROLET,NARANJA,2,,30,MASCULINO,SIN DATOS,0,0,Maravatío,Sin datos,enero,sábado,14,-100.319294929504,19.8078118708349