fid,id_accidente,anio_origen,folio_c5i,dia_incidente,hora_ocurrencia,tipo_incidente_vial,superficie_ocurrencia,condiciones_climaticas,condiciones_via,numero_vehiculos_involucrados,marca_vehiculo_ocasiona_siniestro,color_vehiculo_ocasiona_siniestro,numero_personas_involucradas,lugar_remite_presunto_responsable,edad_presunto_responsable,sexo_presunto_responsable,resultados_toxicologia,numero_personas_lesionadas,numero_personas_fallecidas,municipio,colonia,mes,dia_semana,hora_redondeada,lon,lat
19980,19982,2019,"19001029",2019/01/05,13:51:00,COLISIÓN POR ALCANCE,ASFALTO,Bueno,Bueno,2,NISSAN,ROJO,2,,67,MASCULINO,SIN DATOS,0,0,Morelia,Morelos,enero,sábado,14,-101.205986958486,19.6985267542913
19981,19983,2019,"190010783",2019/01/05,14:08:00,COLISIÓN POR CAMBIO DE CARRIL,ASFALTO,Bueno,Bueno,2,ISUZU,BLANCO,2,,36,MASCULINO,SIN DATOS,0,0,Morelia,Isaac Arriaga,enero,sábado,14,-101.166272163391,19.7101522054636
19982,19984,2019,"190011057",2019/01/05,14:15:00,COLISIÓN POR ALCANCE,ASFALTO,Bueno,Bueno,3,NISSAN,PLATA,3,,47,MASCULINO,SIN DATOS,0,0,Morelia,Lomas del Punhuato,enero,sábado,14,-101.145667433739,19.6984961013746
19983,19985,2019,,2019/01/05,14:20:00,COLISIÓN CONTRA OBJETO FIJO,ASFALTO,Bueno,Bueno,1,SUZUKI,BLANCO,0,,,,,0,0,Morelia,Puerta Tres Marias Norte,enero,sábado,14,-101.142239570618,19.6923141834193
19985,19987,2019,"190011084",2019/01/05,14:40:00,COLISIÓN POR ALCANCE,ASFALTO,Bueno,Bueno,2,CHEVROLET,ARENA,2,,28,FEMENINO,SIN DATOS,0,0,Morelia,Ana Maria Gallaga (Riviera Norte),enero,sábado,15,-101.223151087761,19.6768179348573
19986,19988,2019,"1910011180",2019/01/05,15:00:00,COLISIÓN POR ALCANCE,ASFALTO,Bueno,Bueno,2,FORD,PLATA,2,,20,FEMENINO,SIN DATOS,0,0,Morelia,Real Santa Rita,enero,sábado,15,-101.220753192902,19.674171098447
19987,19989,2019,"190011106",2019/01/05,15:44:00,COLISIÓN POR CORTE DE CIRCULACIÓN,ASFALTO,Bueno,Bueno,2,NISSAN,BLANCO/ROJO,2,,50,MASCULINO,SIN DATOS,0,0,Morelia,Comision Federal de Electricidad,enero,sábado,16,-101.178760528564,19.6818488239799
19988,19990,2019,"190011331",2019/01/05,16:20:00,COLISIÓN POR ALCANCE,ASFALTO,Bueno,Bueno,2,NISSAN,PLATA,2,,27,MASCULINO,SIN DATOS,0,0,Morelia,La Esperanza,enero,sábado,16,-101.152238845825,19.6985769091786
19989,19991,2019,,2019/01/05,16:56:00,VOLCADURA,ASFALTO,Bueno,Bueno,1,NISSAN,NEGRO,1,,40,FEMENINO,SIN DATOS,0,0,Huandacareo,Centro,enero,sábado,17,-101.286306381226,19.9887153120601
19990,19992,2019,"190011180",2019/01/05,17:23:00,COLISIÓN CONTRA OBJETO FIJO,ASFALTO,Bueno,Bueno,1,CHEVROLET,NEGRO,1,MINISTERIO PÚBLICO,0,MASCULINO,SIN DATOS,0,0,Morelia,Industrial,enero,sábado,17,-101.194081306458,19.7074251168361
19991,19993,2019,"190011649",2019/01/05,19:30:00,COLISIÓN POR ALCANCE,ASFALTO,Bueno,Bueno,2,NISSAN,CAPUCHINO,2,,40,MASCULINO,SIN DATOS,0,0,Morelia,Los Angeles,enero,sábado,20,-101.177837848663,19.7396421920323
19994,19996,2019,"190012107",2019/01/05,21:50:00,COLISIÓN POR CORTE DE CIRCULACIÓN,SIN_DATOS,Bueno,Bueno,2,DODGE,AZUL,1,MINISTERIO PÚBLICO,,,,1,0,Morelia,Villas del Pedregal,enero,sábado,22,-101.303279399872,19.6773230513415
19995,19997,2019,"190012371",2019/01/05,23:40:00,COLISIÓN POR ALCANCE,ASFALTO,Bueno,Bueno,2,DODGE,VERDE,2,MINISTERIO PÚBLICO,0,,SIN DATOS,0,0,Morelia,Camelinas,enero,sábado,0,-101.169484108686,19.6822061828347
19996,19998,2019,,2019/01/06,"01:10:00",COLISIÓN CONTRA OBJETO FIJO,ASFALTO,Bueno,Bueno,1,FORD,GRIS,1,,17,MASCULINO,ALIENTO ETÍLICO,0,0,Tarímbaro,Sin datos,enero,domingo,1,-101.130287647247,19.7769210500489
19997,19999,2019,,2019/01/06,"04:30:00",VOLCADURA,ASFALTO,Bueno,Regular,1,NISSAN,GRIS,5,MINISTERIO PÚBLICO,23,MASCULINO,CON CERTIFICADO,4,0,Peribán,Los Cerritos,enero,domingo,5,-102.428841590881,19.5334420985706
19998,20000,2019,"190012709",2019/01/06,"05:10:00",COLISIÓN CONTRA OBJETO FIJO,ASFALTO,Bueno,Bueno,1,FORD,ROJO,1,,48,FEMENINO,SIN DATOS,0,0,Morelia,Asociacion Zirahuen,enero,domingo,5,-101.250198483467,19.6986476159737
19999,20001,2019,"190012733",2019/01/06,"05:20:00",COLISIÓN POR ALCANCE,ASFALTO,Bueno,Bueno,3,VOLKWAGEN,BLANCO,3,MINISTERIO PÚBLICO,28,MASCULINO,ALIENTO ETÍLICO,0,0,Morelia,Jardines de Torremolinos,enero,domingo,5,-101.226621866226,19.6768482418913
20000,20002,2019,LEG20692,2019/01/06,"05:30:00",COLISIÓN POR CORTE DE CIRCULACIÓN,CONCRETO,Bueno,Bueno,2,NISSAN,GRIS,2,,39,MASCULINO,SIN DATOS,0,0,Morelia,Centro,enero,domingo,6,-101.192536354065,19.6998597276023
20001,20003,2019,"190014843",2019/01/06,"06:20:00",SALIDA DE SUPERFICIE DE RODAMIENTO,ASFALTO,Bueno,Bueno,1,CHEVROLET,BLANCO,0,,,,,0,0,Morelia,Buenos Aires (Lomas de La Aldea),enero,domingo,6,-101.147561073303,19.744590320775
20002,20004,2019,"190012716",2019/01/06,"06:53:00",COLISIÓN POR CORTE DE CIRCULACIÓN,TERRACERIA,Bueno,Bueno,1,DODGE,NEGRO,1,,0,MASCULINO,ALIENTO ETÍLICO,0,0,Morelia,Campestre del Vergel,enero,domingo,7,-101.242961883545,19.6746610695534
20003,20005,2019,"190012776",2019/01/06,"07:00:00",COLISIÓN POR CORTE DE CIRCULACIÓN,ASFALTO,Bueno,Bueno,2,VOLKWAGEN,NEGRO,1,,29,MASCULINO,SIN DATOS,0,0,Morelia,Sin datos,enero,domingo,7,-101.354885101318,19.6787575734732
20005,20007,2019,"190012795",2019/01/06,"07:30:00",COLISIÓN POR CORTE DE CIRCULACIÓN,ASFALTO,Bueno,Bueno,2,MAZDA,AZUL,0,,,,,0,0,Morelia,Primo Tapia Oriente,enero,domingo,8,-101.156980991364,19.714899248813
20006,20008,2019,"190013582",2019/01/06,15:30:00,COLISIÓN POR CAMBIO DE CARRIL,ASFALTO,Bueno,Bueno,2,NISSAN,NEGRO,2,,53,MASCULINO,SIN DATOS,0,0,Morelia,Centro,enero,domingo,16,-101.197577565908,19.7011106550545
20007,20009,2019,,2019/01/06,16:10:00,COLISIÓN POR ALCANCE,ASFALTO,Bueno,Bueno,2,VOLKSWAGEN,GRIS,4,,,,,4,0,Zacapu,Zacapu,enero,domingo,16,-101.779446601868,19.8045413618028
20008,20010,2019,"190018219",2019/01/06,19:45:00,COLISIÓN POR ALCANCE,ASFALTO,Bueno,Bueno,2,RENOULT,GRIS,2,,28,FEMENINO,SIN DATOS,0,0,Morelia,Indeco Santiaguito,enero,domingo,20,-101.178755164146,19.7202521286265
20010,20012,2019,,2019/01/07,"00:00:00",VOLCADURA,ASFALTO,Bueno,Bueno,1,CHEVROLET,GRIS,1,MINISTERIO PÚBLICO,0,,SIN DATOS,0,0,Morelia,Sin datos,enero,lunes,0,-101.263604164124,19.6395157359971
20011,20013,2019,,2019/01/07,"06:30:00",COLISIÓN POR ALCANCE,ASFALTO,Bueno,Bueno,2,NISSAN,GRIS,1,,0,,SIN DATOS,0,0,Morelia,Niño Artillero,enero,lunes,7,-101.252607107162,19.6972486257227
20012,20014,2019,"190015019",2019/01/07,"07:30:00",COLISIÓN POR CORTE DE CIRCULACIÓN,ASFALTO,Bueno,Bueno,2,SIN DATOS,SIN DATOS,2,,0,,SIN DATOS,0,0,Morelia,Pascual Ortiz de Ayala,enero,lunes,8,-101.149610280991,19.6947889994947
20013,20015,2019,"190015070",2019/01/07,"07:45:00",COLISIÓN POR ALCANCE,ASFALTO,Bueno,Bueno,2,FORD,GRIS,2,,23,MASCULINO,SIN DATOS,0,0,Morelia,Pascual Ortiz de Ayala,enero,lunes,8,-101.149492263794,19.6949203151971
20014,20016,2019,,2019/01/07,"07:50:00",COLISIÓN POR CORTE DE CIRCULACIÓN,ASFALTO,Bueno,Bueno,1,CHEVROLET,BLANCO,1,,0,MASCULINO,SIN DATOS,0,0,Morelia,Tierra Y Libertad,enero,lunes,8,-101.23050570488,19.7157072421566
20015,20017,2019,,2019/01/07,"08:30:00",COLISIÓN POR CAMBIO DE CARRIL,ASFALTO,Bueno,Bueno,2,DINA,ROJO,2,,40,MASCULINO,SIN DATOS,0,0,Morelia,Pascual Ortiz de Ayala,enero,lunes,9,-101.14944934845,19.6950415295959
20016,20018,2019,"190015194",2019/01/07,"09:34:00",COLISIÓN POR ALCANCE,ASFALTO,Bueno,Bueno,3,TOYOTA,BLANCO,3,,30,MASCULINO,SIN DATOS,0,0,Morelia,Los Manantiales de Morelia,enero,lunes,10,-101.241374015808,19.6955061839413
20017,20019,2019,"190015539",2019/01/07,12:30:00,COLISIÓN POR INVASIÓN DE CARRIL,ASFALTO,Bueno,Bueno,2,FORD,CAFE,2,,0,MASCULINO,SIN DATOS,0,0,Morelia,Centro,enero,lunes,13,-101.186483949423,19.7069440838792
20018,20020,2019,"190036028",2019/01/07,15:50:00,COLISIÓN CONTRA OBJETO FIJO,ADOQUIN_EMPEDRADO,Bueno,Bueno,1,FORD,BLANCO,0,MINISTERIO PÚBLICO,,,,0,0,Morelia,Sin datos,enero,lunes,16,-101.277315616608,19.6276523854074
20019,20021,2019,"190016172",2019/01/07,15:50:00,COLISIÓN POR CORTE DE CIRCULACIÓN,ADOQUIN_EMPEDRADO,Bueno,Bueno,1,FORD,BLANCO,2,,27,MASCULINO,SIN DATOS,1,0,Morelia,Lomas de Morelia (Dr Ignacio Chavez),enero,lunes,16,-101.175413131714,19.7166275920999
20020,20022,2019,"190016203",2019/01/07,17:00:00,COLISIÓN POR ALCANCE,ASFALTO,Bueno,Bueno,2,HONDA,ROJO,2,,36,MASCULINO,SIN DATOS,0,0,Morelia,Barrio Alto,enero,lunes,17,-101.19704246521,19.7251806594565
20021,20023,2019,"190916278",2019/01/07,17:30:00,COLISIÓN POR CORTE DE CIRCULACIÓN,ASFALTO,Bueno,Bueno,2,NISSAN,BLANCO/ROJO,2,,52,MASCULINO,SIN DATOS,0,0,Morelia,Isaac Arriaga,enero,lunes,18,-101.172441244125,19.7074150164215
20022,20024,2019,"190016404",2019/01/07,18:10:00,COLISIÓN POR INVASIÓN DE CARRIL,ASFALTO,Bueno,Bueno,2,NISSAN,ARENA,2,,40,MASCULINO,SIN DATOS,0,0,Morelia,Cosmos,enero,lunes,18,-101.216418743134,19.6834651403635
20023,20025,2019,"190016536",2019/01/07,19:00:00,COLISIÓN POR CORTE DE CIRCULACIÓN,ASFALTO,Bueno,Bueno,2,INTERNACIONAL,BLANCO,2,,24,MASCULINO,SIN DATOS,0,0,Morelia,Indeco El Vivero,enero,lunes,19,-101.231825351715,19.6777675525304
20024,20026,2019,"190016811",2019/01/07,21:00:00,COLISIÓN POR MANIOBRA DE REVERSA,ASFALTO,Bueno,Bueno,3,NISSAN,GRIS,1,MINISTERIO PÚBLICO,,,,1,0,Morelia,Sin datos,enero,lunes,21,-101.302185058594,19.588438489307
20025,20027,2019,,2019/01/07,21:20:00,COLISIÓN POR ALCANCE,ASFALTO,Bueno,Bueno,2,NISSAN,BLANCO,2,,58,MASCULINO,SIN DATOS,0,0,Morelia,Torreon Nuevo,enero,lunes,21,-101.203890144825,19.7467512921492
20026,20028,2019,,2019/01/07,22:30:00,COLISIÓN POR INVASIÓN DE CARRIL,ASFALTO,Bueno,Bueno,2,DODGE,PLATA,2,MINISTERIO PÚBLICO,70,MASCULINO,SIN DATOS,0,0,Hidalgo,Sin Nombre,enero,lunes,23,-100.556261725724,19.7071075847447
20027,20029,2019,,2019/01/07,23:55:00,COLISIÓN POR INVASIÓN DE CARRIL,ASFALTO,Bueno,Bueno,2,DODGE,PLATA,2,MINISTERIO PÚBLICO,70,MASCULINO,SIN DATOS,0,0,Hidalgo,Corros,enero,lunes,0,-100.55482506752,19.7073645143385
20028,20030,2019,,2019/01/08,"04:00:00",COLISIÓN POR ALCANCE,ASFALTO,Bueno,Regular,1,ITALIKA,NARANJA,2,MINISTERIO PÚBLICO,29,MASCULINO,SIN DATOS,0,1,Peribán,Los Cerritos,enero,martes,4,-102.429056167603,19.5334623212773
20029,20031,2019,"190439211",2019/01/08,"08:20:00",COLISIÓN POR CORTE DE CIRCULACIÓN,ASFALTO,Bueno,Bueno,2,JEEP,NEGRO,2,,0,FEMENINO,SIN DATOS,0,0,Morelia,Isaac Arriaga,enero,martes,8,-101.17139518261,19.7077988317307
20030,20032,2019,"190017448",2019/01/08,"08:50:00",COLISIÓN POR CORTE DE CIRCULACIÓN,ASFALTO,Bueno,Bueno,2,TOYOTA,BLANCO,2,,39,FEMENINO,SIN DATOS,0,0,Morelia,Felix Ireta,enero,martes,9,-101.187107563019,19.6831519803381
20031,20033,2019,"190017397",2019/01/08,"08:55:00",COLISIÓN POR CAMBIO DE CARRIL,CONCRETO,Bueno,Bueno,2,FORD,BLANCO,2,,43,MASCULINO,SIN DATOS,0,0,Morelia,Ferrocarrilero,enero,martes,9,-101.222056746483,19.6931980506956
20032,20034,2019,"190047408",2019/01/08,"09:30:00",COLISIÓN POR CORTE DE CIRCULACIÓN,ASFALTO,Bueno,Bueno,2,FROD,BLANCO,1,,74,MASCULINO,SIN DATOS,0,0,Morelia,Irrigacion,enero,martes,10,-101.225066184998,19.7048999933171
20033,20035,2019,"1900003741",2019/01/08,12:40:00,COLISIÓN POR CAMBIO DE CARRIL,ASFALTO,Bueno,Bueno,3,FREIGHTLINER,AZUL,3,,,MASCULINO,SIN DATOS,0,0,Morelia,Precursores de La Revolucion,enero,martes,13,-101.175107359886,19.7260188985515
20034,20036,2019,"190018740",2019/01/08,17:40:00,COLISIÓN POR CORTE DE CIRCULACIÓN,ASFALTO,Bueno,Bueno,2,MAZDA,GRIS,2,MINISTERIO PÚBLICO,35,MASCULINO,SIN DATOS,0,0,Morelia,Obrera,enero,martes,18,-101.188416481018,19.708253348669
20035,20037,2019,"190018836",2019/01/08,17:45:00,COLISIÓN POR ALCANCE,ASFALTO,Bueno,Bueno,2,RAM,PLATA,2,,25,MASCULINO,SIN DATOS,0,0,Morelia,San Rafael,enero,martes,18,-101.154856681824,19.7007587044638
20037,20039,2019,,2019/01/08,21:30:00,COLISIÓN POR ALCANCE,ASFALTO,Bueno,Regular,2,DODGE,NEGRO,2,,57,MASCULINO,SIN DATOS,0,0,Tocumbo,Sin Nombre,enero,martes,22,-102.512183189392,19.7027586573421
20038,20040,2019,,2019/01/09,"01:30:00",COLISIÓN POR CORTE DE CIRCULACIÓN,ASFALTO,Bueno,Bueno,2,CHEVROLET,BLANCO,1,,28,MASCULINO,ALIENTO ETÍLICO,0,0,Morelia,Vasco de Quiroga,enero,miércoles,2,-101.167774200439,19.696708218272
20039,20041,2019,"190019773",2019/01/09,"07:45:00",COLISIÓN POR ALCANCE,ASFALTO,Bueno,Bueno,2,CHEVROLET,PLATA,2,,39,MASCULINO,SIN DATOS,0,0,Morelia,Bosques de Oriente,enero,miércoles,8,-101.155457496643,19.7157375418275
20040,20042,2019,"190019798",2019/01/09,"08:40:00",COLISIÓN POR CORTE DE CIRCULACIÓN,ASFALTO,Bueno,Bueno,2,CHEVROLET,BLANCO,2,,48,FEMENINO,SIN DATOS,0,0,Morelia,Industrial,enero,miércoles,9,-101.193904280663,19.7121823412484
20041,20043,2019,"190019839",2019/01/09,"09:25:00",COLISIÓN POR INVASIÓN DE CARRIL,ASFALTO,Bueno,Bueno,2,CHEVROLET,BLANCO Y VERDE,2,,21,MASCULINO,SIN DATOS,0,0,Morelia,Independencia,enero,miércoles,9,-101.177397966385,19.7090916765226
20042,20044,2019,"190919926",2019/01/09,10:03:00,COLISIÓN POR CORTE DE CIRCULACIÓN,ASFALTO,Bueno,Bueno,2,NISSAN,BLANCO,2,,26,MASCULINO,SIN DATOS,0,0,Morelia,Balcones de Santa Maria,enero,miércoles,10,-101.186420917511,19.6756965705709
20043,20045,2019,,2019/01/09,11:10:00,SALIDA DE SUPERFICIE DE RODAMIENTO,ASFALTO,Bueno,Regular,1,NISSAN,BLANCO,1,,27,FEMENINO,SIN DATOS,0,0,Los Reyes,Heroe de Nacozari,enero,miércoles,11,-102.478880882263,19.5777035353519
20044,20046,2019,"190020299",2019/01/09,13:00:00,COLISIÓN POR CORTE DE CIRCULACIÓN,ASFALTO,Bueno,Bueno,2,YAMAHA,NEGRO,1,MINISTERIO PÚBLICO,,,,1,0,Morelia,Tinijaro,enero,miércoles,13,-101.264505386353,19.6963142752421
20045,20047,2019,"190020459",2019/01/09,14:10:00,COLISIÓN POR ALCANCE,ASFALTO,Bueno,Bueno,2,HYUNDAY,BLANCO,2,,64,MASCULINO,SIN DATOS,0,0,Morelia,Centro,enero,miércoles,14,-101.19208574295,19.7029960238272
20046,20048,2019,,2019/01/09,15:30:00,CAIDA DE MOTOCICLETA,ASFALTO,Bueno,Bueno,1,KAWASAKI,AZUL,2,,,MASCULINO,SIN DATOS,1,0,Morelia,Industrial,enero,miércoles,16,-101.196817159653,19.7072988616069
20047,20049,2019,,2019/01/09,15:40:00,COLISIÓN POR MANIOBRA DE REVERSA,ASFALTO,Bueno,Bueno,2,FORD,NEGRO,2,,29,MASCULINO,SIN DATOS,0,0,Cuitzeo,Los Granados,enero,miércoles,16,-101.140265464783,19.9748814727645
20048,20050,2019,"190020730",2019/01/09,16:20:00,COLISIÓN POR ALCANCE,ASFALTO,Bueno,Bueno,2,CHEVROLET,GRIS,2,,,MASCULINO,SIN DATOS,0,0,Morelia,Independencia,enero,miércoles,16,-101.177859306335,19.7193734606514
20049,20051,2019,"190020839",2019/01/09,17:03:00,CAIDA DE MOTOCICLETA,ASFALTO,Bueno,Bueno,1,YAMAHA,NEGRO,1,,,MASCULINO,SIN DATOS,0,0,Morelia,Villas Lomas del Paraiso,enero,miércoles,17,-101.175649166107,19.6735245363438
20050,20052,2019,,2019/01/09,22:20:00,SALIDA DE SUPERFICIE DE RODAMIENTO,CONCRETO,Bueno,Bueno,1,ITALIKA,BLANCO Y ROJO,1,,27,MASCULINO,SIN DATOS,0,0,Morelia,Ampliacion La Soledad,enero,miércoles,22,-101.183245182037,19.7366429454785
20051,20053,2019,,2019/01/10,"01:15:00",VOLCADURA,ASFALTO,Bueno,Bueno,0,,,0,,,,,0,0,Zacapu,Sin datos,enero,jueves,1,-101.81056022644,19.8221447900345
20052,20054,2019,"190021882",2019/01/10,"07:30:00",COLISIÓN POR CAMBIO DE CARRIL,ASFALTO,Bueno,Bueno,2,CHEVROLET,AZUL,2,,35,MASCULINO,SIN DATOS,0,0,Morelia,Ciudad Industrial,enero,jueves,8,-101.138870716095,19.7279579408118
20053,20055,2019,,2019/01/10,"08:20:00",COLISIÓN POR ALCANCE,ASFALTO,Bueno,Bueno,2,NISSAN,BCO / ROJO,3,,32,MASCULINO,SIN DATOS,1,0,Apatzingán,Huerta de Garapicho,enero,jueves,8,-102.372708320618,19.0895355839193
20054,20056,2019,"190021979",2019/01/10,"09:40:00",COLISIÓN POR CAMBIO DE CARRIL,ASFALTO,Bueno,Bueno,2,NISSAN,BLANCO,2,,35,MASCULINO,SIN DATOS,0,0,Morelia,Chapultepec Oriente,enero,jueves,10,-101.163150072098,19.6958142692309
20055,20057,2019,"190022514",2019/01/10,12:05:00,COLISIÓN POR CAMBIO DE CARRIL,ASFALTO,Bueno,Bueno,2,NISSAN,BLANCO Y VERDE,2,MINISTERIO PÚBLICO,19,MASCULINO,SIN DATOS,0,0,Morelia,Cinco de Diciembre,enero,jueves,12,-101.158740520477,19.6865563000193
20056,20058,2019,,2019/01/10,12:09:00,COLISIÓN POR INVASIÓN DE CARRIL,ASFALTO,Bueno,Bueno,1,ITALIKA,NEGRO/ROJO,3,,18,MASCULINO,SIN DATOS,2,0,Zitácuaro,Sin datos,enero,jueves,12,-100.342469215393,19.3670046323932
20058,20060,2019,"190022815",2019/01/10,14:30:00,CAIDA DE MOTOCICLETA,ASFALTO,Bueno,Bueno,1,ITALIKA,S/D,1,,19,MASCULINO,SIN DATOS,0,0,Morelia,Colinas del Sur,enero,jueves,15,-101.198024153709,19.6654827022188
20059,20061,2019,"1902023288",2019/01/10,17:45:00,COLISIÓN POR ALCANCE,ASFALTO,Bueno,Bueno,2,DODGE,BLANCO,2,,29,MASCULINO,SIN DATOS,0,0,Morelia,Loma Bonita,enero,jueves,18,-101.196881532669,19.7198582435798
20060,20062,2019,"190781654",2019/01/10,18:05:00,COLISIÓN POR CAMBIO DE CARRIL,ASFALTO,Bueno,Bueno,2,ITALIKA,NEGRO,2,,25,MASCULINO,SIN DATOS,0,0,Morelia,Industrial,enero,jueves,18,-101.193255186081,19.7072938113956
20061,20063,2019,,2019/01/10,18:40:00,COLISIÓN POR ALCANCE,CONCRETO,Bueno,Bueno,2,NISSAN,NEGRO,2,,51,MASCULINO,ALIENTO ETÍLICO,0,0,Zamora,Camelinas,enero,jueves,19,-102.284045219421,19.9951679994589
20062,20064,2019,"190023941",2019/01/10,22:20:00,COLISIÓN POR ALCANCE,CONCRETO,Bueno,Bueno,2,NISSAN,BLANCO,2,,23,MASCULINO,SIN DATOS,0,0,Morelia,Veinte de Noviembre,enero,jueves,22,-101.165977120399,19.7222770864293
20063,20065,2019,"190024680",2019/01/11,"08:20:00",COLISIÓN POR CAMBIO DE CARRIL,ASFALTO,Bueno,Bueno,2,VOLKSWAGEN,ROJO,2,,30,MASCULINO,SIN DATOS,0,0,Morelia,Insurgentes,enero,viernes,8,-101.155478954315,19.6953647675442
20064,20066,2019,"190024440",2019/01/11,"09:10:00",COLISIÓN POR CORTE DE CIRCULACIÓN,ASFALTO,Bueno,Bueno,2,VOLKSWAGEN,NARANJA,2,,34,MASCULINO,SIN DATOS,0,0,Morelia,Del Empleado,enero,viernes,9,-101.177910725,19.6896334599992
20065,20067,2019,"190024537",2019/01/11,"09:44:00",COLISIÓN POR CORTE DE CIRCULACIÓN,ASFALTO,Bueno,Bueno,2,NISSAN,GRIS,2,,36,,SIN DATOS,0,0,Morelia,Molino de Parras,enero,viernes,10,-101.205282211304,19.6981122637481
20066,20068,2019,"190024665",2019/01/11,10:30:00,COLISIÓN POR CORTE DE CIRCULACIÓN,ASFALTO,Bueno,Bueno,2,HONDA,ACERO,2,,60,FEMENINO,SIN DATOS,0,0,Morelia,Gral Gertrudis Sanchez,enero,viernes,11,-101.2094753,19.7439916449991
20068,20070,2019,"190024886",2019/01/11,11:25:00,COLISIÓN POR CAMBIO DE CARRIL,ASFALTO,Bueno,Bueno,2,FREIGHTLINER,BLANCO,2,,56,MASCULINO,SIN DATOS,0,0,Morelia,Lomas de San Juan,enero,viernes,11,-101.183039681886,19.7298664251429
20069,20071,2019,"190024803",2019/01/11,11:45:00,COLISIÓN POR ALCANCE,ASFALTO,Bueno,Bueno,2,MOLISTAR,BLANCO/AZUL,4,,27,MASCULINO,SIN DATOS,2,0,Morelia,Cosmos,enero,viernes,12,-101.216611862183,19.6831014705993
20070,20072,2019,"190025039",2019/01/11,13:40:00,COLISIÓN POR CORTE DE CIRCULACIÓN,ASFALTO,Bueno,Bueno,2,MAZDA,GRIS,2,,21,FEMENINO,SIN DATOS,0,0,Morelia,Vista Hermosa 1A Etapa,enero,viernes,14,-101.2129044486,19.6766725417778
20071,20073,2019,"190025914",2019/01/11,18:58:00,COLISIÓN POR CORTE DE CIRCULACIÓN,ASFALTO,Bueno,Bueno,1,S/D,S/D,1,,,,,1,0,Morelia,Melchor Ocampo,enero,viernes,19,-101.201937888211,19.7065671597378
20072,20074,2019,,2019/01/11,21:00:00,VOLCADURA,ASFALTO,Bueno,Bueno,1,INTERNATIONAL,BLANCO,1,,,,SIN DATOS,0,0,Sin datos,Sin datos,enero,viernes,21,-100.108795166016,19.0786913463253
20073,20075,2019,,2019/01/11,22:15:00,SALIDA DE SUPERFICIE DE RODAMIENTO,ASFALTO,Bueno,Bueno,1,HONDA,AZUL,1,,34,MASCULINO,SIN DATOS,0,0,Morelia,Ciudad Industrial,enero,viernes,22,-101.142904758453,19.7250190706917
20074,20076,2019,"190026509",2019/01/11,23:50:00,COLISIÓN POR CAMBIO DE CARRIL,ASFALTO,Bueno,Bueno,2,NISSAN,BLANCO/ROJO,1,,53,MASCULINO,SIN DATOS,0,0,Morelia,Sin datos,enero,viernes,0,-101.174962520599,19.7448023800081
20075,20077,2019,,2019/01/12,"00:00:00",VOLCADURA,ASFALTO,Bueno,Bueno,1,KENWORTH,NARANJA,1,,50,MASCULINO,SIN DATOS,0,0,Tiquicheo de Nicolás Romero,Bella Vista del Rio,enero,sábado,0,-100.740036964417,18.8994249461902
20076,20078,2019,"190026503",2019/01/12,"00:05:00",COLISIÓN POR ALCANCE,ASFALTO,Bueno,Bueno,3,NISSAN,ROJO,4,,61,MASCULINO,ALIENTO ETÍLICO,1,0,Morelia,Jardines de Torremolinos,enero,sábado,0,-101.228134632111,19.6770401863066
20077,20079,2019,"190026616",2019/01/12,"01:32:00",COLISIÓN POR CAMBIO DE CARRIL,CONCRETO,Bueno,Bueno,2,FORD,BLANCO,2,MINISTERIO PÚBLICO,0,MASCULINO,ALIENTO ETÍLICO,0,0,Morelia,Plan de La Garita,enero,sábado,2,-101.185487508774,19.712354043093
20078,20080,2019,"190026619",2019/01/12,"02:25:00",COLISIÓN CONTRA OBJETO FIJO,ASFALTO,Bueno,Bueno,1,MERCEDEZ BENZ,AZUL/NEGRO,1,,24,,ALIENTO ETÍLICO,0,0,Morelia,Camelinas,enero,sábado,2,-101.174310415,19.6807072799991
20079,20081,2019,"190026684",2019/01/12,"04:45:00",COLISIÓN CONTRA OBJETO FIJO,ASFALTO,Bueno,Bueno,1,BMW,GRIS,1,,21,MASCULINO,SIN DATOS,0,0,Morelia,Santa Maria de Guido,enero,sábado,5,-101.191721670108,19.672578347626
20080,20082,2019,"190026937",2019/01/12,"08:00:00",COLISIÓN POR CORTE DE CIRCULACIÓN,ASFALTO,Bueno,Bueno,2,KENWORTH,BLANCO,2,,38,MASCULINO,SIN DATOS,0,0,Morelia,Felix Ireta,enero,sábado,8,-101.192107200623,19.6824549445351
20081,20083,2019,"190027028",2019/01/12,"08:30:00",COLISIÓN POR ALCANCE,ASFALTO,Bueno,Bueno,2,VOLKSWAGEN,BLANCO,2,,48,MASCULINO,SIN DATOS,0,0,Morelia,Sentimientos de La Nacion,enero,sábado,9,-101.235580444336,19.6818286199219
20082,20084,2019,"190026829",2019/01/12,"08:45:00",COLISIÓN POR CORTE DE CIRCULACIÓN,ASFALTO,Bueno,Bueno,2,NISSAN,BLANCO,2,,30,MASCULINO,SIN DATOS,0,0,Morelia,Tzindurio de Morelos,enero,sábado,9,-101.243879199028,19.7001071992646