fid,id_accidente,anio_origen,folio_c5i,dia_incidente,hora_ocurrencia,tipo_incidente_vial,superficie_ocurrencia,condiciones_climaticas,condiciones_via,numero_vehiculos_involucrados,marca_vehiculo_ocasiona_siniestro,color_vehiculo_ocasiona_siniestro,numero_personas_involucradas,lugar_remite_presunto_responsable,edad_presunto_responsable,sexo_presunto_responsable,resultados_toxicologia,numero_personas_lesionadas,numero_personas_fallecidas,municipio,colonia,mes,dia_semana,hora_redondeada,lon,lat
20083,20085,2019,,2019/01/12,11:00:00,VOLCADURA,ASFALTO,Bueno,Bueno,1,RAMIREZ,GRIS,1,,37,MASCULINO,SIN DATOS,0,0,Morelia,Francisco J Mujica,enero,sábado,11,-101.185541152954,19.7241303295645
20084,20086,2019,"190028442",2019/01/12,11:07:00,COLISIÓN POR CAMBIO DE CARRIL,ASFALTO,Bueno,Bueno,2,NISSAN,BLANCO/GRIS,2,MINISTERIO PÚBLICO,0,MASCULINO,SIN DATOS,0,0,Tarímbaro,Sin datos,enero,sábado,11,-101.157238483429,19.7683593963104
20085,20087,2019,"190027178",2019/01/12,11:40:00,COLISIÓN POR CORTE DE CIRCULACIÓN,ASFALTO,Bueno,Bueno,2,RENAULT,BLANCO,2,,0,MASCULINO,SIN DATOS,0,0,Morelia,Prados Verdes,enero,sábado,12,-101.196550575,19.7156086949991
20086,20088,2019,"190027272",2019/01/12,12:30:00,COLISIÓN POR CORTE DE CIRCULACIÓN,ASFALTO,Bueno,Bueno,2,VOLKSWAGEN,ROJO,2,,50,MASCULINO,SIN DATOS,0,0,Morelia,El Realito,enero,sábado,13,-101.203458309174,19.7256856232933
20087,20089,2019,,2019/01/12,14:30:00,COLISIÓN POR INVASIÓN DE CARRIL,ASFALTO,Bueno,Bueno,2,CHEVROLET,ROJO,2,,19,,SIN DATOS,0,0,Tangancícuaro,Sector 1,enero,sábado,15,-102.204523086548,19.8886850756433
20088,20090,2019,"190027587",2019/01/12,14:45:00,COLISIÓN POR ALCANCE,ASFALTO,Bueno,Bueno,2,VOLKSWAGEN,BLANCO,2,,38,MASCULINO,SIN DATOS,0,0,Morelia,Canteras de Morelia,enero,sábado,15,-101.171641945839,19.7149648984246
20089,20091,2019,LEG20788,2019/01/12,14:50:00,COLISIÓN POR INVASIÓN DE CARRIL,ASFALTO,Bueno,Bueno,2,CHEVROLET,BLANCO,2,,20,MASCULINO,SIN DATOS,0,0,Morelia,Santa Cecilia,enero,sábado,15,-101.183443665504,19.667452786835
20090,20092,2019,"190028045",2019/01/12,16:00:00,COLISIÓN POR CAMBIO DE CARRIL,ASFALTO,Bueno,Bueno,2,DODGE,AZUL,2,,29,MASCULINO,SIN DATOS,0,0,Morelia,Morelia 450,enero,sábado,16,-101.217169761658,19.6756561609006
20091,20093,2019,"190028480",2019/01/12,17:30:00,COLISIÓN POR CORTE DE CIRCULACIÓN,ASFALTO,Bueno,Bueno,2,ITALIKA,GRIS,1,,0,,SIN DATOS,0,0,Tarímbaro,Sin datos,enero,sábado,18,-101.172280311584,19.750204746408
20092,20094,2019,"190028383",2019/01/12,18:15:00,COLISIÓN POR CORTE DE CIRCULACIÓN,CONCRETO,Bueno,Bueno,2,DODGE,BLANCO,2,,24,MASCULINO,SIN DATOS,0,0,Morelia,Jardines de Torremolinos,enero,sábado,18,-101.228459179401,19.6774897394318
20093,20095,2019,"190028652",2019/01/12,21:20:00,COLISIÓN POR ALCANCE,ASFALTO,Bueno,Bueno,2,NISSAN,BLANCO,2,,28,MASCULINO,SIN DATOS,0,0,Morelia,Los Manantiales de Morelia,enero,sábado,21,-101.24027967453,19.6927636936725
20094,20096,2019,"190028770",2019/01/12,21:40:00,COLISIÓN CONTRA OBJETO FIJO,ASFALTO,Bueno,Bueno,1,FORD,AZUL MARINO,1,,29,MASCULINO,SIN DATOS,0,0,Morelia,El Realito,enero,sábado,22,-101.203866004944,19.7257866158692
20095,20097,2019,"190028726",2019/01/12,22:05:00,COLISIÓN POR CORTE DE CIRCULACIÓN,CONCRETO,Bueno,Bueno,2,CHEVROLET,GRIS,4,,57,MASCULINO,SIN DATOS,2,0,Morelia,Los Manantiales de Morelia,enero,sábado,22,-101.23753041029,19.6982511524692
20096,20098,2019,"190026942",2019/01/12,22:20:00,COLISIÓN POR CAMBIO DE CARRIL,ASFALTO,Bueno,Bueno,2,CHEVROLET,BLANCO,2,,29,MASCULINO,ALIENTO ETÍLICO,0,0,Morelia,Lomas de San Juan,enero,sábado,22,-101.183039681886,19.7298664251429
20097,20099,2019,"190028814",2019/01/12,22:57:00,COLISIÓN POR CORTE DE CIRCULACIÓN,ASFALTO,Bueno,Bueno,2,NISSAN,AZUL,2,,0,,SIN DATOS,0,0,Morelia,Mariano Escobedo,enero,sábado,23,-101.209748685,19.7223888749991
20098,20100,2019,,2019/01/12,23:45:00,COLISIÓN POR INVASIÓN DE CARRIL,ASFALTO,Bueno,Bueno,2,NISSAN,BLANCO,2,,18,MASCULINO,SIN DATOS,0,0,Epitacio Huerta,Sin datos,enero,sábado,0,-100.25475025177,20.1209021694017
20099,20101,2019,"190029096",2019/01/13,"02:30:00",COLISIÓN POR ALCANCE,ASFALTO,Bueno,Bueno,2,CHEVROLET,GRIS,2,,38,MASCULINO,SIN DATOS,0,0,Morelia,Morelia 450,enero,domingo,3,-101.217083930969,19.675595546376
20100,20102,2019,"190129202",2019/01/13,"02:50:00",COLISIÓN POR NO RESPETAR SEMÁFORO,ASFALTO,Bueno,Bueno,2,TOYOTA,GRIS,2,,36,MASCULINO,ALIENTO ETÍLICO,0,0,Morelia,Centro,enero,domingo,3,-101.18754847,19.7028479949991
20101,20103,2019,"190029120",2019/01/13,"03:20:00",SUBIDA AL CAMELLÓN,CONCRETO,Bueno,Bueno,1,TOYOTA,PLATA,1,MINISTERIO PÚBLICO,,,SIN DATOS,0,0,Tarímbaro,Club Erandeni,enero,domingo,3,-101.187429428101,19.7591813582696
20102,20104,2019,"190029149",2019/01/13,"04:10:00",COLISIÓN POR ALCANCE,ASFALTO,Bueno,Bueno,6,KIA,AZUL,6,,33,MASCULINO,SIN DATOS,0,0,Morelia,Tres Puentes,enero,domingo,4,-101.212813854218,19.705172708577
20103,20105,2019,"190029155",2019/01/13,"04:15:00",COLISIÓN CONTRA OBJETO FIJO,ASFALTO,Bueno,Bueno,1,VOLKSWAGEN,BLANCO,2,,17,FEMENINO,SIN DATOS,1,0,Morelia,Cosmos,enero,domingo,4,-101.216445565224,19.6834499874732
20104,20106,2019,"190029170",2019/01/13,"04:40:00",COLISIÓN POR CAMBIO DE CARRIL,CONCRETO,Bueno,Bueno,2,YAMAHA,VINO,1,,0,,SIN DATOS,0,0,Morelia,Loma Bonita,enero,domingo,5,-101.196795701981,19.7201965807941
20105,20107,2019,"190029278",2019/01/13,"05:00:00",SUBIDA AL CAMELLÓN,ASFALTO,Bueno,Bueno,1,CHEVROLET,AZUL,1,,23,FEMENINO,ALIENTO ETÍLICO,0,0,Morelia,Alberto Oviedo Mota,enero,domingo,5,-101.195797920227,19.682677188164
20106,20108,2019,"190029212",2019/01/13,"05:15:00",COLISIÓN POR CAMBIO DE CARRIL,ASFALTO,Bueno,Bueno,3,CHEVROLET,NEGRO,3,MINISTERIO PÚBLICO,27,MASCULINO,ALIENTO ETÍLICO,0,0,Morelia,La Luz,enero,domingo,5,-101.28918170929,19.688010942741
20107,20109,2019,"190029229",2019/01/13,"05:40:00",COLISIÓN POR NO RESPETAR SEMÁFORO,ASFALTO,Bueno,Bueno,2,NISSAN,ROJO,2,MINISTERIO PÚBLICO,33,MASCULINO,ALIENTO ETÍLICO,0,0,Morelia,Centro,enero,domingo,6,-101.18754847,19.7028479949991
20108,20110,2019,"190029311",2019/01/13,"06:57:00",COLISIÓN CONTRA OBJETO FIJO,ASFALTO,Bueno,Bueno,1,HONDA,BLANCO,1,,26,MASCULINO,SIN DATOS,0,0,Morelia,Gertrudis Bocanegra,enero,domingo,7,-101.212706565857,19.7020314046423
20109,20111,2019,,2019/01/13,"07:03:00",COLISIÓN CONTRA OBJETO FIJO,ASFALTO,Bueno,Bueno,1,FORD,NEGRO,0,,,,,0,0,Erongarícuaro,Ma Luisa Martinez,enero,domingo,7,-101.721467971802,19.5818277830932
20110,20112,2019,,2019/01/13,"07:16:00",SALIDA DE SUPERFICIE DE RODAMIENTO,ASFALTO,Bueno,Regular,1,MITSUBISHI,BLANCO,1,,22,FEMENINO,SIN DATOS,0,0,Peribán,Los Cerritos,enero,domingo,7,-102.428852319717,19.5333409849995
20111,20113,2019,"190029289",2019/01/13,"08:20:00",COLISIÓN POR CORTE DE CIRCULACIÓN,ASFALTO,Bueno,Bueno,2,RENAULT,GRIS,2,,29,FEMENINO,SIN DATOS,0,0,Morelia,Jardines de Guadalupe,enero,domingo,8,-101.222603917122,19.7136620010927
20112,20114,2019,"190017611",2019/01/13,10:45:00,COLISIÓN POR CORTE DE CIRCULACIÓN,ASFALTO,Bueno,Bueno,1,FORD,BLANCO,1,,57,MASCULINO,ALIENTO ETÍLICO,0,0,Morelia,Diego Rivera,enero,domingo,11,-101.175220012665,19.7175050126956
20113,20115,2019,,2019/01/13,11:30:00,COLISIÓN CON PEATÓN,TERRACERIA,Bueno,Bueno,1,FORD,NEGRO,1,,28,MASCULINO,SIN DATOS,0,0,Tangamandapio,Jardines,enero,domingo,12,-102.43864774704,19.9625792255441
20114,20116,2019,"190029011",2019/01/13,12:50:00,COLISIÓN POR NO RESPETAR SEMÁFORO,ASFALTO,Bueno,Bueno,2,VOLKSWAGEN,NEGRO,1,MINISTERIO PÚBLICO,,,,1,0,Morelia,Jardines de Torremolinos,enero,domingo,13,-101.225666999817,19.6768381395473
20115,20117,2019,,2019/01/13,13:40:00,COLISIÓN POR INVASIÓN DE CARRIL,ASFALTO,Bueno,Bueno,2,HYUNDAI,AZUL,2,,22,MASCULINO,SIN DATOS,0,0,Zitácuaro,Sin datos,enero,domingo,14,-100.374011993408,19.4905844988801
20116,20118,2019,"190030102",2019/01/13,15:24:00,COLISIÓN POR ALCANCE,ASFALTO,Bueno,Bueno,3,NISSAN,PLATA,3,MINISTERIO PÚBLICO,49,FEMENINO,SIN DATOS,0,0,Morelia,Camelinas,enero,domingo,15,-101.174168586731,19.6819094361386
20117,20119,2019,"19013290",2019/01/13,15:31:00,CAIDA DE MOTOCICLETA,ASFALTO,Bueno,Bueno,1,BAJAJ,NEGRO,1,,48,MASCULINO,SIN DATOS,0,0,Morelia,Quinceo,enero,domingo,16,-101.224229335785,19.7255846306536
20118,20120,2019,,2019/01/13,19:30:00,COLISIÓN POR INVASIÓN DE CARRIL,ASFALTO,Bueno,Bueno,2,V.W.,GRIS,4,,62,MASCULINO,SIN DATOS,2,0,Apatzingán,Miguel Hidalgo,enero,domingo,20,-102.366807460785,19.0724406123897
20119,20121,2019,"190030629",2019/01/13,19:55:00,COLISIÓN POR CORTE DE CIRCULACIÓN,ASFALTO,Bueno,Bueno,2,NISSAN,BLANCO Y ROJO,2,,53,MASCULINO,SIN DATOS,0,0,Morelia,Isaac Arriaga,enero,domingo,20,-101.170461773872,19.7081927464851
20121,20123,2019,,2019/01/13,21:05:00,COLISIÓN POR CAMBIO DE CARRIL,ASFALTO,Bueno,Bueno,2,FORD,GRIS,2,,67,MASCULINO,SIN DATOS,0,0,Morelia,Lomas del Tecnologico,enero,domingo,21,-101.188395023346,19.721282284929
20122,20124,2019,LEG20792,2019/01/13,23:37:00,CAIDA DE MOTOCICLETA,ASFALTO,Bueno,Bueno,1,ITALIKA,ROJO/NEGRO,1,,54,MASCULINO,SIN DATOS,0,0,Morelia,El Realito,enero,domingo,0,-101.20487562,19.7270875249991
20123,20125,2019,,2019/01/14,"00:30:00",COLISIÓN CONTRA OBJETO FIJO,ASFALTO,Bueno,Bueno,1,FORD,BLAMCO,0,MINISTERIO PÚBLICO,,,,0,0,Tacámbaro,Sin datos,enero,lunes,1,-101.469769477844,19.2459646212931
20124,20126,2019,"190031201",2019/01/14,"03:10:00",COLISIÓN CONTRA OBJETO FIJO,ASFALTO,Bueno,Bueno,1,NISSAN,CHAMPAGNE,1,,25,MASCULINO,SIN DATOS,0,0,Morelia,Elias Perez Avalos,enero,lunes,3,-101.167988777161,19.7120712399567
20125,20127,2019,"190031211",2019/01/14,"03:20:00",COLISIÓN CONTRA OBJETO FIJO,ASFALTO,Bueno,Bueno,2,CHEVROLET,AZUL,1,,,,SIN DATOS,0,0,Morelia,El Realito,enero,lunes,3,-101.204295158386,19.7258270128817
20126,20128,2019,"190031258",2019/01/14,"05:50:00",COLISIÓN POR CORTE DE CIRCULACIÓN,ASFALTO,Bueno,Bueno,3,NISSAN,BLANCO,1,MINISTERIO PÚBLICO,46,MASCULINO,SIN DATOS,0,0,Morelia,Lomas del Tecnologico,enero,lunes,6,-101.19314789772,19.7235041680753
20127,20129,2019,"190031302",2019/01/14,"07:00:00",COLISIÓN CON PEATÓN,ASFALTO,Bueno,Bueno,1,TOYOTA,GRIS,1,MINISTERIO PÚBLICO,,,,1,0,Morelia,Felix Ireta,enero,lunes,7,-101.195685267448,19.6815356607944
20128,20130,2019,"190031344",2019/01/14,"07:20:00",COLISIÓN POR ALCANCE,ASFALTO,Bueno,Bueno,2,MERCEDES BENZ,BLANCO Y VERDE,2,,27,MASCULINO,SIN DATOS,0,0,Morelia,Felix Ireta,enero,lunes,7,-101.195690631866,19.6816164771589
20129,20131,2019,"190031624",2019/01/14,"08:23:00",COLISIÓN POR NO RESPETAR SEMÁFORO,ASFALTO,Nublado,Bueno,2,DODGE,AZUL,2,,28,MASCULINO,SIN DATOS,0,0,Morelia,Residencial Alborada,enero,lunes,8,-101.234657764435,19.7025162401428
20130,20132,2019,,2019/01/14,"09:40:00",COLISIÓN POR CAMBIO DE CARRIL,ASFALTO,Bueno,Regular,2,ITALIKA,NEGRO,2,,19,MASCULINO,SIN DATOS,0,0,Tocumbo,Sin Nombre,enero,lunes,10,-102.513384819031,19.7047383840547
20131,20133,2019,"190031658",2019/01/14,10:25:00,COLISIÓN POR CORTE DE CIRCULACIÓN,ASFALTO,Bueno,Bueno,1,MERCEDES BENZ,BLANCO,1,,,MASCULINO,SIN DATOS,0,0,Morelia,Sin datos,enero,lunes,10,-101.279064416885,19.6764643523709
20132,20134,2019,,2019/01/14,11:05:00,COLISIÓN POR CORTE DE CIRCULACIÓN,ASFALTO,Bueno,Bueno,2,HYUNDAI,BLANCO,4,,0,MASCULINO,SIN DATOS,2,0,Lázaro Cárdenas,Victor Manuel Tinoco Rubi,enero,lunes,11,-102.219425439835,17.9784473564633
20133,20135,2019,"190031805",2019/01/14,11:40:00,COLISIÓN POR CORTE DE CIRCULACIÓN,CONCRETO,Bueno,Bueno,2,S/D,S/D,1,,,,,1,0,Morelia,Centro,enero,lunes,12,-101.195213198662,19.7027586573421
20134,20136,2019,"190031901",2019/01/14,12:08:00,COLISIÓN POR CORTE DE CIRCULACIÓN,ASFALTO,Bueno,Bueno,2,YAMAHA,NEGRO,2,,22,MASCULINO,SIN DATOS,0,0,Morelia,Juarez,enero,lunes,12,-101.196314916015,19.6955440633122
20135,20137,2019,"190031911",2019/01/14,12:36:00,COLISIÓN POR CAMBIO DE CARRIL,ASFALTO,Bueno,Bueno,2,CHEVROLET,BLANCO,2,,,MASCULINO,SIN DATOS,0,0,Morelia,Isaac Arriaga,enero,lunes,13,-101.169533729553,19.7086674629772
20136,20138,2019,"190032480",2019/01/14,13:45:00,COLISIÓN POR MANIOBRA DE REVERSA,ASFALTO,Bueno,Bueno,2,CHRYSLER,AZUL,2,,21,MASCULINO,SIN DATOS,0,0,Morelia,Jardines del Quinceo,enero,lunes,14,-101.205217838287,19.7218781566221
20137,20139,2019,"19032551",2019/01/14,14:11:00,COLISIÓN POR CAMBIO DE CARRIL,ASFALTO,Bueno,Bueno,2,FORD,BLANCO,2,,21,MASCULINO,SIN DATOS,0,0,Morelia,Residencial Alborada,enero,lunes,14,-101.234946101904,19.7036475172638
20138,20140,2019,"190032648",2019/01/14,14:40:00,COLISIÓN POR CORTE DE CIRCULACIÓN,CONCRETO,Bueno,Bueno,2,NISSAN,ROJO,2,,48,MASCULINO,SIN DATOS,0,0,Morelia,Ferrocarrilero,enero,lunes,15,-101.223773360252,19.6916929480706
20139,20141,2019,,2019/01/14,14:50:00,COLISIÓN POR CORTE DE CIRCULACIÓN,ASFALTO,Bueno,Bueno,2,VOLKSWAGEN,AZUL MARINO,2,MINISTERIO PÚBLICO,30,FEMENINO,SIN DATOS,0,0,Tuxpan,Tuxpan,enero,lunes,15,-100.446742773056,19.5662602167615
20140,20142,2019,"190032841",2019/01/14,15:50:00,COLISIÓN POR CORTE DE CIRCULACIÓN,ASFALTO,Bueno,Bueno,2,MAZDA,NEGRO,4,,79,MASCULINO,SIN DATOS,2,0,Morelia,Gertrudis Bocanegra,enero,lunes,16,-101.208897829056,19.7022536210958
20141,20143,2019,,2019/01/14,17:05:00,SALIDA DE SUPERFICIE DE RODAMIENTO,ASFALTO,Bueno,Bueno,2,NISSAN,ROJO,2,,44,MASCULINO,SIN DATOS,0,0,Zitácuaro,Sin datos,enero,lunes,17,-100.358176231384,19.4798632674544
20143,20145,2019,"190033926",2019/01/14,21:50:00,COLISIÓN POR CORTE DE CIRCULACIÓN,ASFALTO,Bueno,Bueno,1,CHEVROLET,BLANCO,0,,,,,0,0,Morelia,Villas Oriente,enero,lunes,22,-101.144127845764,19.7542235844648
20144,20146,2019,"19003388",2019/01/14,22:20:00,COLISIÓN POR NO RESPETAR SEMÁFORO,ASFALTO,Bueno,Bueno,2,VOLKWAGEN,NEGRO,2,,22,MASCULINO,SIN DATOS,0,0,Morelia,Comision Federal de Electricidad,enero,lunes,22,-101.181356906891,19.6816063751156
20145,20147,2019,"190034019",2019/01/14,23:53:00,COLISIÓN POR CORTE DE CIRCULACIÓN,ASFALTO,Bueno,Bueno,2,VOLKSWAGEN,BLANCO,1,,,MASCULINO,SIN DATOS,0,0,Morelia,Centro,enero,lunes,0,-101.178342103958,19.6991021589103
20146,20148,2019,"0190034162",2019/01/15,"05:00:00",SALIDA DE SUPERFICIE DE RODAMIENTO,CONCRETO,Bueno,Bueno,1,VOLKSWAGEN,ROJO,1,,0,MASCULINO,SIN DATOS,0,0,Morelia,Los Manantiales de Morelia,enero,martes,5,-101.24139547348,19.6954758804381
20147,20149,2019,,2019/01/15,"06:50:00",SALIDA DE SUPERFICIE DE RODAMIENTO,CONCRETO,Bueno,Bueno,1,TOYOTA,GRIS,1,,19,MASCULINO,SIN DATOS,0,0,Morelia,Sin datos,enero,martes,7,-101.116511821747,19.7034051014112
20148,20150,2019,,2019/01/15,"07:30:00",SUBIDA AL CAMELLÓN,ASFALTO,Bueno,Bueno,1,MAZDA,BLANCO,2,,,,SIN DATOS,1,0,Apatzingán,Centro,enero,martes,8,-102.350457,19.087946
20149,20151,2019,"190034281",2019/01/15,"08:48:00",COLISIÓN POR CORTE DE CIRCULACIÓN,ASFALTO,Bueno,Bueno,2,MAZDA,ROJO,2,,44,MASCULINO,SIN DATOS,0,0,Morelia,5 de Mayo,enero,martes,9,-101.175563335419,19.7029808727855
20150,20152,2019,"190034970",2019/01/15,10:33:00,COLISIÓN POR CORTE DE CIRCULACIÓN,ASFALTO,Bueno,Bueno,2,NISSAN,BLANCO,2,,23,MASCULINO,SIN DATOS,0,0,Morelia,Gertrudis Sanchez,enero,martes,11,-101.199595928192,19.739811339781
20151,20153,2019,,2019/01/15,11:00:00,COLISIÓN POR CORTE DE CIRCULACIÓN,ASFALTO,Bueno,Bueno,2,FREIGHTLINER,BLANCO,2,,39,MASCULINO,SIN DATOS,0,0,Morelia,Francisco J Mujica,enero,martes,11,-101.188201904297,19.7216862659804
20152,20154,2019,"190035301",2019/01/15,14:54:00,COLISIÓN CONTRA OBJETO FIJO,ASFALTO,Bueno,Bueno,2,CHEVROLET,BLANCO,2,,34,MASCULINO,SIN DATOS,0,0,Morelia,Centro,enero,martes,15,-101.191602945328,19.7019910016177
20153,20155,2019,"190035158",2019/01/15,15:00:00,COLISIÓN POR CORTE DE CIRCULACIÓN,ASFALTO,Bueno,Bueno,2,S/D,S/D,2,,41,MASCULINO,SIN DATOS,1,0,Morelia,Industrial,enero,martes,15,-101.192321777344,19.7108188200556
20154,20156,2019,"190035198",2019/01/15,15:14:00,COLISIÓN POR CORTE DE CIRCULACIÓN,SIN_DATOS,Bueno,Bueno,1,S/D,S/D,1,,,,,1,0,Morelia,Infonavit Colonial Universidad,enero,martes,15,-101.210206747055,19.6872078603722
20156,20158,2019,"190035246",2019/01/15,15:20:00,COLISIÓN POR ALCANCE,ASFALTO,Bueno,Bueno,2,FREIGHTLINER,BLANCO,2,,34,MASCULINO,SIN DATOS,0,0,Morelia,Ana Maria Gallaga (Riviera Norte),enero,martes,15,-101.222577095032,19.6769290606205
20157,20159,2019,"190035382",2019/01/15,15:20:00,COLISIÓN POR CORTE DE CIRCULACIÓN,SIN_DATOS,Bueno,Bueno,1,FORD,ROJO,1,,,,SIN DATOS,0,0,Morelia,El Porvenir,enero,martes,15,-101.20237481,19.7103342799991
20158,20160,2019,"190035385",2019/01/15,15:53:00,COLISIÓN POR CORTE DE CIRCULACIÓN,ASFALTO,Bueno,Bueno,2,NISSAN,GRIS,2,,42,MASCULINO,SIN DATOS,0,0,Morelia,Centro,enero,martes,16,-101.189862191677,19.7029101679052
20159,20161,2019,"190039539",2019/01/15,17:35:00,COLISIÓN POR CORTE DE CIRCULACIÓN,ASFALTO,Bueno,Bueno,2,CHEVROLET,BLANCO,1,,38,MASCULINO,SIN DATOS,0,0,Morelia,Articulo Constitucional,enero,martes,18,-101.171507835388,19.7145962502565
20160,20162,2019,"190036424",2019/01/16,"00:30:00",COLISIÓN POR CAMBIO DE CARRIL,ASFALTO,Bueno,Bueno,2,FREIGHTLINER,BLANCO,2,,58,MASCULINO,SIN DATOS,0,0,Morelia,Indeco El Vivero,enero,miércoles,1,-101.229808330536,19.6771412095907
20161,20163,2019,,2019/01/16,"08:00:00",COLISIÓN POR ALCANCE,ASFALTO,Bueno,Bueno,4,FORD,AZUL,4,,0,FEMENINO,SIN DATOS,0,0,Tangancícuaro,Sector 2,enero,miércoles,8,-102.202591896057,19.898713142739
20162,20164,2019,,2019/01/16,"08:00:00",COLISIÓN POR CORTE DE CIRCULACIÓN,ASFALTO,Bueno,Bueno,2,FORD,AZUL,2,,0,FEMENINO,SIN DATOS,0,0,Tangancícuaro,Sector 2,enero,miércoles,8,-102.202677726746,19.8988745551236
20163,20165,2019,"190036674",2019/01/16,"09:10:00",COLISIÓN POR ALCANCE,ASFALTO,Bueno,Bueno,2,FORD,BLANCO,2,,29,FEMENINO,SIN DATOS,0,0,Morelia,Ana Maria Gallaga (Riviera Norte),enero,miércoles,9,-101.219465732574,19.6772826420814
20164,20166,2019,"190036880",2019/01/16,11:07:00,COLISIÓN CON PEATÓN,ASFALTO,Bueno,Bueno,1,S/D,S/D,1,,,,,1,0,Morelia,Santa Maria de Guido,enero,miércoles,11,-101.191152334213,19.6744059816901
20165,20167,2019,"190037111",2019/01/16,12:26:00,COLISIÓN CONTRA OBJETO FIJO,CONCRETO,Bueno,Bueno,1,KENWORTH,BLANCO,1,MINISTERIO PÚBLICO,45,MASCULINO,SIN DATOS,0,0,Morelia,Los Manantiales de Morelia,enero,miércoles,12,-101.243069171906,19.7002536619049
20166,20168,2019,"190077370",2019/01/16,14:38:00,COLISIÓN POR CORTE DE CIRCULACIÓN,ASFALTO,Bueno,Bueno,2,VOLKSWAGEN,NEGRO,2,,36,FEMENINO,SIN DATOS,0,0,Morelia,Chapultepec Sur,enero,miércoles,15,-101.172065734863,19.6911222175361
20167,20169,2019,"190037636",2019/01/16,16:00:00,COLISIÓN POR ALCANCE,ASFALTO,Bueno,Bueno,4,VOLKSWAGEN,NEGRO,7,MINISTERIO PÚBLICO,20,MASCULINO,SIN DATOS,3,0,Morelia,Las Americas,enero,miércoles,16,-101.159019470215,19.6880917558381
20168,20170,2019,"190037168",2019/01/16,16:50:00,COLISIÓN POR ALCANCE,ASFALTO,Bueno,Bueno,2,FORD,ARENA,4,,23,FEMENINO,SIN DATOS,2,0,Morelia,Canteras de Morelia,enero,miércoles,17,-101.171518564224,19.714899248813
20169,20171,2019,"190038386",2019/01/16,20:00:00,COLISIÓN POR ALCANCE,ASFALTO,Bueno,Bueno,2,NISSAN,ROJO,2,,47,MASCULINO,SIN DATOS,0,0,Morelia,Elias Perez Avalos,enero,miércoles,20,-101.171507835388,19.7148739989553
20170,20172,2019,"190038790",2019/01/16,20:50:00,SUBIDA AL CAMELLÓN,ASFALTO,Bueno,Bueno,1,DINA,AZUL,1,,27,MASCULINO,SIN DATOS,0,0,Morelia,Elias Perez Avalos,enero,miércoles,21,-101.168696880341,19.7128388473059
20171,20173,2019,"190039032",2019/01/17,"00:00:00",COLISIÓN POR CAMBIO DE CARRIL,ASFALTO,Nublado,Bueno,2,NISSAN,BLANCO Y VERDE,2,,32,MASCULINO,SIN DATOS,0,0,Morelia,Libertad,enero,jueves,0,-101.238133907318,19.6874452499194
20173,20175,2019,"190038817",2019/01/17,"04:15:00",SALIDA DE SUPERFICIE DE RODAMIENTO,ASFALTO,Bueno,Bueno,1,NISSAN,BLANCO,1,,52,MASCULINO,ALIENTO ETÍLICO,0,0,Tarímbaro,Sin datos,enero,jueves,4,-101.157796382904,19.768379589431
20174,20176,2019,"1900388911",2019/01/17,"06:33:00",COLISIÓN POR CORTE DE CIRCULACIÓN,ASFALTO,Bueno,Bueno,2,NISSAN,ROJO,1,,,MASCULINO,SIN DATOS,0,0,Morelia,Sin datos,enero,jueves,7,-101.30230307579,19.5883677339495
20175,20177,2019,"190083129",2019/01/17,14:00:00,COLISIÓN POR ALCANCE,ASFALTO,Nublado,Bueno,2,DODGE,BLANCO,2,,45,MASCULINO,SIN DATOS,0,0,Morelia,Pascual Ortiz de Ayala,enero,jueves,14,-101.149492263794,19.6948193031279
20176,20178,2019,"190040422",2019/01/17,17:35:00,VOLCADURA,CONCRETO,Lluvioso,Regular,1,FORD,BLANCO,1,,28,MASCULINO,SIN DATOS,0,0,Morelia,Enrique Arreguin Robles,enero,jueves,18,-101.186656951904,19.720615713962
20177,20179,2019,"190040484",2019/01/17,17:35:00,COLISIÓN POR CORTE DE CIRCULACIÓN,ASFALTO,Lluvioso,Regular,2,HONDA,BLANCO,2,,37,MASCULINO,SIN DATOS,0,0,Morelia,Virreyes,enero,jueves,18,-101.157651543617,19.6955566897671
20178,20180,2019,"190040590",2019/01/17,17:57:00,COLISIÓN POR ALCANCE,ASFALTO,Bueno,Bueno,2,CHEVROLET,GRIS,2,,22,MASCULINO,SIN DATOS,0,0,Morelia,Canteras de Morelia,enero,jueves,18,-101.171486377716,19.7146568500138
20179,20181,2019,,2019/01/17,18:29:00,COLISIÓN POR MANIOBRA DE REVERSA,ASFALTO,Bueno,Bueno,2,HONDA,GRIS,2,,,FEMENINO,SIN DATOS,0,0,Morelia,Las Americas,enero,jueves,18,-101.159040927887,19.6880816542032
20180,20182,2019,"190040755",2019/01/17,19:40:00,COLISIÓN POR MANIOBRA DE REVERSA,ASFALTO,Bueno,Bueno,2,CHEVROLET,BLANCO,2,,55,MASCULINO,SIN DATOS,0,0,Morelia,Industrial,enero,jueves,20,-101.193845272064,19.7124651441883
20181,20183,2019,,2019/01/17,20:35:00,COLISIÓN POR INVASIÓN DE CARRIL,ASFALTO,Bueno,Bueno,2,VOLKSWAGEN,ROJO,2,,25,MASCULINO,SIN DATOS,0,0,Morelia,Villa Magna,enero,jueves,21,-101.326802372932,19.6813639258843