fid,id_accidente,anio_origen,folio_c5i,dia_incidente,hora_ocurrencia,tipo_incidente_vial,superficie_ocurrencia,condiciones_climaticas,condiciones_via,numero_vehiculos_involucrados,marca_vehiculo_ocasiona_siniestro,color_vehiculo_ocasiona_siniestro,numero_personas_involucradas,lugar_remite_presunto_responsable,edad_presunto_responsable,sexo_presunto_responsable,resultados_toxicologia,numero_personas_lesionadas,numero_personas_fallecidas,municipio,colonia,mes,dia_semana,hora_redondeada,lon,lat
20182,20184,2019,"190041163",2019/01/17,22:30:00,COLISIÓN POR CORTE DE CIRCULACIÓN,ASFALTO,Bueno,Bueno,2,NISSAN,BLANCO,4,MINISTERIO PÚBLICO,46,MASCULINO,SIN DATOS,2,0,Morelia,Nueva Valladolid,enero,jueves,23,-101.210592985153,19.7009354689828
20183,20185,2019,,2019/01/18,"00:00:00",COLISIÓN POR CORTE DE CIRCULACIÓN,ASFALTO,Bueno,Bueno,1,INTERNATIONAL,BLANCO,1,,32,MASCULINO,SIN DATOS,0,0,Morelia,Ana Maria Gallaga (Riviera Norte),enero,viernes,0,-101.222346425056,19.6773836652126
20184,20186,2019,"190040919",2019/01/18,"02:55:00",COLISIÓN CONTRA OBJETO FIJO,ASFALTO,Bueno,Bueno,1,NISSAN,VINO,1,MINISTERIO PÚBLICO,22,MASCULINO,ALIENTO ETÍLICO,0,0,Morelia,Sentimientos de La Nacion,enero,viernes,3,-101.235387325287,19.6812224969966
20185,20187,2019,"190041415",2019/01/18,"04:50:00",COLISIÓN POR CORTE DE CIRCULACIÓN,ASFALTO,Bueno,Bueno,2,ACURA,NEGRO,3,MINISTERIO PÚBLICO,0,,SIN DATOS,2,0,Morelia,Irrigacion,enero,viernes,5,-101.22508764267,19.7048595910168
20186,20188,2019,,2019/01/18,"06:30:00",COLISIÓN CONTRA OBJETO FIJO,ASFALTO,Bueno,Bueno,1,CHEVROLET,GRIS,1,,,MASCULINO,ALIENTO ETÍLICO,0,0,Morelia,Adolfo Lopez Mateos,enero,viernes,7,-101.223059892654,19.6945465702227
20187,20189,2019,"190041522",2019/01/18,"08:01:00",COLISIÓN CON PEATÓN,ASFALTO,Bueno,Bueno,2,MAZDA,BLANCO,2,,59,FEMENINO,SIN DATOS,0,0,Morelia,Sin datos,enero,viernes,8,-101.27845287323,19.6435575632803
20188,20190,2019,"190041541",2019/01/18,"08:09:00",SALIDA DE SUPERFICIE DE RODAMIENTO,ASFALTO,Bueno,Bueno,2,SIN DATOS,SIN DATOS,2,,0,,SIN DATOS,0,0,Morelia,Sin datos,enero,viernes,8,-101.317205081075,19.569334069727
20189,20191,2019,"190041585",2019/01/18,"08:50:00",COLISIÓN POR ALCANCE,ASFALTO,Bueno,Bueno,2,NISSAN,BLANCO,2,,39,MASCULINO,SIN DATOS,0,0,Morelia,Libertad,enero,viernes,9,-101.236943006516,19.6848693019817
20190,20192,2019,"190041660",2019/01/18,"09:00:00",COLISIÓN POR CORTE DE CIRCULACIÓN,ASFALTO,Bueno,Bueno,1,NISSAN,BLANCO,1,,34,MASCULINO,SIN DATOS,0,0,Morelia,El Realito,enero,viernes,9,-101.203973293304,19.7256755240322
20191,20193,2019,"190041628",2019/01/18,"09:40:00",COLISIÓN CON PEATÓN,ASFALTO,Bueno,Bueno,2,FORD,ROJO,2,,42,MASCULINO,SIN DATOS,0,0,Morelia,Centro,enero,viernes,10,-101.195288300514,19.6987789285102
20192,20194,2019,"190041670",2019/01/18,"09:48:00",COLISIÓN CONTRA OBJETO FIJO,ASFALTO,Bueno,Bueno,2,SIN DATOS,SIN DATOS,2,,0,,SIN DATOS,0,0,Morelia,Ana Maria Gallaga (Riviera Norte),enero,viernes,10,-101.222748756409,19.6769593676334
20193,20195,2019,"1900041879",2019/01/18,11:50:00,COLISIÓN CON PEATÓN,ASFALTO,Nublado,Bueno,1,YAMAHA,VERDE,1,MINISTERIO PÚBLICO,,,,1,0,Morelia,Infonavit  Las  Camelinas,enero,viernes,12,-101.174232959747,19.6820104563522
20194,20196,2019,LEG20933,2019/01/18,12:38:00,COLISIÓN POR ALCANCE,CONCRETO,Bueno,Bueno,2,DODGE,AMARILLO,2,MINISTERIO PÚBLICO,,MASCULINO,SIN DATOS,0,0,Morelia,Villas del Pedregal,enero,viernes,13,-101.305580735207,19.6728476638471
20195,20197,2019,"190042275",2019/01/18,13:45:00,COLISIÓN POR MANIOBRA DE REVERSA,CONCRETO,Bueno,Bueno,2,FORD,BLANCO,2,,23,MASCULINO,SIN DATOS,0,0,Morelia,Paseo Toledo,enero,viernes,14,-101.271811555,19.6974700799991
20196,20198,2019,"190042748",2019/01/18,16:45:00,COLISIÓN POR CAMBIO DE CARRIL,ASFALTO,Bueno,Bueno,2,NISSAN,BLANCO/ROSA,2,,36,MASCULINO,SIN DATOS,0,0,Morelia,Prados Verdes,enero,viernes,17,-101.19709610939,19.7180604995042
20197,20199,2019,"190042678",2019/01/18,17:00:00,COLISIÓN POR ALCANCE,ASFALTO,Bueno,Bueno,2,NISSAN,ROJO,2,,25,MASCULINO,SIN DATOS,0,0,Morelia,Ventura Puente,enero,viernes,17,-101.179516911507,19.6923091327352
20198,20200,2019,"190042779",2019/01/18,17:20:00,COLISIÓN POR CORTE DE CIRCULACIÓN,ASFALTO,Bueno,Bueno,2,HONDA,NEGRO,2,,28,MASCULINO,SIN DATOS,0,0,Morelia,Independencia,enero,viernes,17,-101.17615878582,19.7056474340318
20199,20201,2019,"190042947",2019/01/18,18:30:00,COLISIÓN POR MANIOBRA DE REVERSA,ASFALTO,Bueno,Bueno,2,NISSAN,BLANCO,2,,35,MASCULINO,SIN DATOS,0,0,Morelia,Lomas del Valle,enero,viernes,19,-101.232624650002,19.6868846059548
20200,20202,2019,"190043021",2019/01/18,18:55:00,COLISIÓN POR ALCANCE,ASFALTO,Bueno,Bueno,2,JEEP,VERDE,2,,0,MASCULINO,ALIENTO ETÍLICO,0,0,Morelia,Las Americas,enero,viernes,19,-101.15127325058,19.6895867907776
20201,20203,2019,"190043165",2019/01/18,19:50:00,COLISIÓN POR ALCANCE,ASFALTO,Bueno,Bueno,2,VOLKSWAGEN,BLANCO,2,MINISTERIO PÚBLICO,34,MASCULINO,SIN DATOS,0,0,Morelia,Pascual Ortiz de Ayala,enero,viernes,20,-101.149821521984,19.69504229591
20202,20204,2019,"190043193",2019/01/18,20:10:00,COLISIÓN POR NO RESPETAR SEMÁFORO,ASFALTO,Bueno,Bueno,3,HONDA,AZUL,3,MINISTERIO PÚBLICO,33,MASCULINO,SIN DATOS,0,0,Morelia,Felix Ireta,enero,viernes,20,-101.181528568268,19.6816063751156
20203,20205,2019,,2019/01/18,20:25:00,COLISIÓN POR CORTE DE CIRCULACIÓN,CONCRETO,Bueno,Bueno,1,DINA,BLANCO,1,,22,MASCULINO,SIN DATOS,0,0,Cuitzeo,Los Granados,enero,viernes,20,-101.139358878136,19.973404245427
20204,20206,2019,"190041630",2019/01/18,20:30:00,COLISIÓN POR CAMBIO DE CARRIL,ASFALTO,Bueno,Bueno,2,KENWORTH,BLANCO,2,,39,MASCULINO,SIN DATOS,0,0,Tarímbaro,Sin datos,enero,viernes,21,-101.15734577179,19.7685007481009
20205,20207,2019,"190043380",2019/01/18,21:21:00,COLISIÓN CON PEATÓN,ASFALTO,Bueno,Bueno,2,VOLKSWAGEN,AZUL,2,,40,FEMENINO,SIN DATOS,0,0,Morelia,San Jose Itzicuaro,enero,viernes,21,-101.30042552948,19.6878493164245
20206,20208,2019,"190043496",2019/01/18,21:30:00,COLISIÓN CON PEATÓN,ASFALTO,Bueno,Bueno,1,SIN DATOS,SIN DATOS,2,,0,,SIN DATOS,1,0,Morelia,Pascual Ortiz de Ayala,enero,viernes,22,-101.149384975433,19.6949203151971
20207,20209,2019,"190043477",2019/01/18,22:00:00,CAIDA DE MOTOCICLETA,ASFALTO,Bueno,Bueno,1,ITALIKA,GRIS,2,,16,MASCULINO,SIN DATOS,1,0,Morelia,Centro,enero,viernes,22,-101.200196743011,19.7031222824524
20208,20210,2019,"090043609",2019/01/18,22:19:00,CAIDA DE MOTOCICLETA,ASFALTO,Bueno,Bueno,1,SIN DATOS,BLANCO/NARANJA,2,,18,MASCULINO,SIN DATOS,1,0,Morelia,Industrial,enero,viernes,22,-101.197965145111,19.7070413006301
20209,20211,2019,"190043948",2019/01/19,"06:00:00",COLISIÓN CONTRA OBJETO FIJO,CONCRETO,Bueno,Bueno,1,SEAT,ROJO,1,,0,MASCULINO,ALIENTO ETÍLICO,0,0,Morelia,Loma del Salto,enero,sábado,6,-101.201967000961,19.657965849312
20210,20212,2019,,2019/01/19,"07:00:00",VOLCADURA,ASFALTO,Bueno,Bueno,1,HONDA,GRIS,1,MINISTERIO PÚBLICO,0,,SIN DATOS,0,0,Tangancícuaro,Sector 1,enero,sábado,7,-102.201368808746,19.8920143836365
20211,20213,2019,"190052172",2019/01/19,"07:00:00",COLISIÓN CONTRA OBJETO FIJO,ASFALTO,Bueno,Bueno,1,VOLKSWAGEN,GRIS,1,,0,,SIN DATOS,0,0,Morelia,El Eden,enero,sábado,7,-101.247661113739,19.6489128276706
20212,20214,2019,"190044014",2019/01/19,"07:52:00",CAIDA DE MOTOCICLETA,ASFALTO,Bueno,Bueno,1,YAMAHA,ROJO,2,,22,,SIN DATOS,1,0,Morelia,Real Santa Rita,enero,sábado,8,-101.220613718033,19.6745347884837
20213,20215,2019,"190045861",2019/01/19,10:00:00,COLISIÓN POR NO RESPETAR SEMÁFORO,ASFALTO,Bueno,Bueno,2,BENOTO,NEGRO,2,,19,MASCULINO,SIN DATOS,0,0,Morelia,Felix Ireta,enero,sábado,10,-101.180766820908,19.6862431460382
20214,20216,2019,"190044406",2019/01/19,11:45:00,COLISIÓN CON PEATÓN,ASFALTO,Bueno,Bueno,2,ITALIKA,ROJO,3,MINISTERIO PÚBLICO,0,,SIN DATOS,2,0,Morelia,Tenencia Morelos,enero,sábado,12,-101.245622634888,19.6519844458428
20215,20217,2019,"190044661",2019/01/19,12:30:00,COLISIÓN POR ALCANCE,ASFALTO,Bueno,Bueno,2,NISSAN,ROJO,2,,35,MASCULINO,SIN DATOS,0,0,Morelia,Felix Ireta,enero,sábado,13,-101.195712089539,19.6816669873661
20216,20218,2019,"190044558",2019/01/19,12:33:00,COLISIÓN POR MANIOBRA DE REVERSA,SIN_DATOS,Bueno,Bueno,2,DODGE,ROJO,2,,31,MASCULINO,SIN DATOS,0,0,Morelia,Ilustres Novohispanos,enero,sábado,13,-101.151461005211,19.7063443688491
20217,20219,2019,"19045861",2019/01/19,13:30:00,COLISIÓN POR CAMBIO DE CARRIL,ASFALTO,Bueno,Bueno,2,FORD,ROJO,2,,42,MASCULINO,SIN DATOS,0,0,Tarímbaro,Puebla,enero,sábado,14,-101.196666955948,19.7497705442781
20218,20220,2019,"190044795",2019/01/19,13:40:00,COLISIÓN CON PEATÓN,ASFALTO,Bueno,Bueno,2,KENWORTH,BLANCO,2,,56,MASCULINO,SIN DATOS,0,0,Morelia,Indeco El Vivero,enero,sábado,14,-101.230623722076,19.6773432559678
20219,20221,2019,"190044830",2019/01/19,14:16:00,COLISIÓN POR CORTE DE CIRCULACIÓN,ASFALTO,Bueno,Bueno,2,VOLKSWAGEN,GRIS,2,,31,FEMENINO,SIN DATOS,0,0,Morelia,Chapultepec Sur,enero,sábado,14,-101.16575717926,19.6890413066739
20220,20222,2019,"190044844",2019/01/19,14:40:00,COLISIÓN POR CAMBIO DE CARRIL,ASFALTO,Bueno,Bueno,2,RENAULT,BEIGE,2,,39,FEMENINO,SIN DATOS,0,0,Morelia,Cinco de Diciembre,enero,sábado,15,-101.16069316864,19.6878089098199
20221,20223,2019,,2019/01/19,16:10:00,COLISIÓN POR ALCANCE,ASFALTO,Bueno,Bueno,2,MERCEDEZ BENZ,BLANCO,2,,43,MASCULINO,SIN DATOS,0,0,Zamora,Chaparaco,enero,sábado,16,-102.259497642517,19.9623372044979
20222,20224,2019,"190045874",2019/01/19,19:40:00,COLISIÓN POR ALCANCE,ASFALTO,Bueno,Bueno,2,NISSAN,BLANCO/AZUL,2,,25,MASCULINO,SIN DATOS,0,0,Morelia,Canteras de Morelia,enero,sábado,20,-101.171700954437,19.7148588490387
20223,20225,2019,"190045770",2019/01/19,19:44:00,CAIDA DE MOTOCICLETA,ASFALTO,Bueno,Bueno,1,ITALIKA,NEGRO/ROJO,1,,27,MASCULINO,SIN DATOS,0,0,Morelia,Torreon Nuevo,enero,sábado,20,-101.210668087006,19.7483164634264
20224,20226,2019,LEG20916,2019/01/19,20:30:00,COLISIÓN POR CORTE DE CIRCULACIÓN,CONCRETO,Bueno,Bueno,2,NISSAN,GUINDA,1,MINISTERIO PÚBLICO,23,MASCULINO,SIN DATOS,0,0,Tarímbaro,Sin datos,enero,sábado,21,-101.178159713745,19.7590299010665
20225,20227,2019,"190045966",2019/01/19,21:00:00,COLISIÓN POR CAMBIO DE CARRIL,ASFALTO,Bueno,Bueno,3,CHEVROLET,NEGRO,3,,32,MASCULINO,SIN DATOS,0,0,Morelia,Prados Verdes,enero,sábado,21,-101.203951835632,19.7172323184651
20226,20228,2019,"190046064",2019/01/19,21:35:00,COLISIÓN POR CORTE DE CIRCULACIÓN,ASFALTO,Bueno,Bueno,2,SIN DATOS,SIN DATOS,2,,0,,SIN DATOS,0,0,Morelia,Industrial,enero,sábado,22,-101.19401961565,19.7090664257478
20227,20229,2019,"190046031",2019/01/19,22:10:00,COLISIÓN POR CORTE DE CIRCULACIÓN,ASFALTO,Bueno,Bueno,2,CHRYSLER,AZUL,1,MINISTERIO PÚBLICO,46,MASCULINO,SIN DATOS,0,0,Morelia,Ejidal Tres Puentes,enero,sábado,22,-101.230494976044,19.6937435206365
20229,20231,2019,"190046362",2019/01/19,23:35:00,SALIDA DE SUPERFICIE DE RODAMIENTO,ASFALTO,Bueno,Bueno,1,CHEVROLET,ROJO,0,,,,,0,0,Morelia,La Esperanza,enero,sábado,0,-101.155081906234,19.6998294079462
20230,20232,2019,,2019/01/20,"01:20:00",COLISIÓN POR ALCANCE,ASFALTO,Bueno,Regular,2,VW,BLANCO,2,,30,MASCULINO,SIN DATOS,0,0,Tocumbo,Sin datos,enero,domingo,1,-102.531473636627,19.7048999933171
20231,20233,2019,,2019/01/20,"02:30:00",VOLCADURA,SIN_DATOS,Bueno,Bueno,1,SIN DATO,ARENA,1,,35,MASCULINO,SIN DATOS,0,0,Purépero,Centro,enero,domingo,3,-102.004870176315,19.9143088538126
20232,20234,2019,,2019/01/20,"04:20:00",COLISIÓN POR CAMBIO DE CARRIL,ASFALTO,Bueno,Bueno,2,VOLKSWAGEN,AZUL,1,,0,,SIN DATOS,0,0,Morelia,Cuauhtemoc,enero,domingo,4,-101.179264783859,19.6936475584669
20233,20235,2019,"190471121",2019/01/20,"05:00:00",SALIDA DE SUPERFICIE DE RODAMIENTO,ASFALTO,Bueno,Bueno,1,MAZDA,GRIS,1,,23,MASCULINO,ALIENTO ETÍLICO,0,0,Morelia,Granjas de La Huerta,enero,domingo,5,-101.235773971868,19.6667778119675
20234,20236,2019,"190046663",2019/01/20,"05:50:00",COLISIÓN CONTRA OBJETO FIJO,ASFALTO,Bueno,Bueno,1,RENAULT,BLANCO,1,,49,FEMENINO,SIN DATOS,0,0,Morelia,Arboledas de La Huerta,enero,domingo,6,-101.223542690277,19.6684731801188
20235,20237,2019,"190046664",2019/01/20,"06:00:00",VOLCADURA,SIN_DATOS,Bueno,Bueno,1,FORD,CAFE,1,,31,MASCULINO,ALIENTO ETÍLICO,0,0,Morelia,Jardines de Guadalupe,enero,domingo,6,-101.226804256439,19.7113440295954
20236,20238,2019,,2019/01/20,"06:15:00",SALIDA DE SUPERFICIE DE RODAMIENTO,ASFALTO,Bueno,Bueno,1,VOLKSWAGEN,BLANCO,1,,28,MASCULINO,SIN DATOS,0,0,Morelia,Ciudad Industrial,enero,domingo,6,-101.137969493866,19.7288163634642
20237,20239,2019,,2019/01/20,"08:10:00",COLISIÓN POR CORTE DE CIRCULACIÓN,ASFALTO,Bueno,Regular,2,GMC,BLANCO/AZUL,2,,42,MASCULINO,SIN DATOS,0,0,Peribán,Sin datos,enero,domingo,8,-102.445192337036,19.5536433197928
20239,20241,2019,"190046948",2019/01/20,10:33:00,COLISIÓN POR CAMBIO DE CARRIL,ASFALTO,Bueno,Bueno,2,NISSAN,BLANCO,2,,33,MASCULINO,SIN DATOS,0,0,Morelia,Independencia,enero,domingo,11,-101.17651283741,19.708182014846
20240,20242,2019,"190047440",2019/01/20,13:01:00,COLISIÓN POR CORTE DE CIRCULACIÓN,ASFALTO,Bueno,Bueno,1,INTERNATIONAL,BLANCO Y ROJO,2,,32,MASCULINO,SIN DATOS,1,0,Morelia,Nueva Valladolid,enero,domingo,13,-101.209117770195,19.6986829693595
20241,20243,2019,"190047357",2019/01/20,13:52:00,COLISIÓN POR ALCANCE,ADOQUIN_EMPEDRADO,Bueno,Bueno,2,NISSAN,NEGRO,1,,22,MASCULINO,SIN DATOS,0,0,Morelia,Margarita Maza de Juarez,enero,domingo,14,-101.255546808243,19.6931475441255
20242,20244,2019,"1900447543",2019/01/20,14:00:00,COLISIÓN POR CAMBIO DE CARRIL,ASFALTO,Bueno,Bueno,2,CHEVROLET,AZUL,2,MINISTERIO PÚBLICO,38,MASCULINO,SIN DATOS,0,0,Morelia,Los Manantiales de Morelia,enero,domingo,14,-101.24027967453,19.6928394537032
20243,20245,2019,"190048887",2019/01/20,17:29:00,COLISIÓN POR CAMBIO DE CARRIL,ASFALTO,Bueno,Bueno,2,NISSAN,BLANCO Y ROJO,2,MINISTERIO PÚBLICO,23,MASCULINO,SIN DATOS,0,0,Morelia,Sin datos,enero,domingo,17,-101.141209602356,19.6921323586887
20244,20246,2019,"190046985",2019/01/20,17:50:00,COLISIÓN CONTRA OBJETO FIJO,ASFALTO,Bueno,Bueno,1,SIN DATOS,SIN DATOS,1,,,,SIN DATOS,0,0,Morelia,Villas Lomas del Paraiso,enero,domingo,18,-101.183100342751,19.675438958748
20246,20248,2019,,2019/01/20,20:30:00,COLISIÓN POR ALCANCE,ASFALTO,Bueno,Bueno,2,FORD,VERDE,2,,40,MASCULINO,SIN DATOS,0,0,Lázaro Cárdenas,Sin datos,enero,domingo,21,-102.211217880249,17.9781616169081
20247,20249,2019,"190048552",2019/01/20,21:11:00,COLISIÓN POR ALCANCE,ASFALTO,Bueno,Bueno,2,KAWASAKI,VERDE,2,MINISTERIO PÚBLICO,33,MASCULINO,SIN DATOS,1,0,Morelia,Prados Verdes,enero,domingo,21,-101.195677220821,19.71413670135
20248,20250,2019,"190048752",2019/01/20,22:30:00,COLISIÓN POR ALCANCE,ASFALTO,Bueno,Bueno,2,NISSAN,BLANCO,2,,0,MASCULINO,SIN DATOS,0,0,Morelia,Los Alamos,enero,domingo,23,-101.229701042175,19.7035970139915
20249,20251,2019,"190049088",2019/01/20,23:45:00,COLISIÓN CONTRA OBJETO FIJO,ASFALTO,Bueno,Bueno,1,CHEVROLET,GRIS,0,,,,,0,0,Tarímbaro,La Doctrina,enero,domingo,0,-101.184961795807,19.7931748107533
20250,20252,2019,,2019/01/21,"00:00:00",COLISIÓN POR ALCANCE,ASFALTO,Bueno,Bueno,2,NISSAN,BLANCO,2,,30,MASCULINO,SIN DATOS,0,0,Morelia,La Quemada,enero,lunes,0,-101.241213083267,19.7056979366568
20251,20253,2019,"190039812",2019/01/21,"09:00:00",COLISIÓN POR CAMBIO DE CARRIL,ASFALTO,Bueno,Bueno,2,KENWORTH,BLANCO,2,,42,MASCULINO,SIN DATOS,0,0,Morelia,Eva Samano,enero,lunes,9,-101.199225783348,19.7308311138084
20252,20254,2019,"190049240",2019/01/21,"09:20:00",COLISIÓN POR ALCANCE,ASFALTO,Bueno,Bueno,2,NISSAN,ROJO,2,,56,MASCULINO,SIN DATOS,0,0,Morelia,Francisco J Mujica,enero,lunes,9,-101.188234090805,19.721575171293
20253,20255,2019,LEG20985,2019/01/21,"09:20:00",COLISIÓN POR ALCANCE,ASFALTO,Bueno,Bueno,2,NISSAN,ROJO,2,,56,MASCULINO,SIN DATOS,0,0,Morelia,Francisco J Mujica,enero,lunes,9,-101.188266277313,19.7216256688878
20254,20256,2019,,2019/01/21,"09:43:00",COLISIÓN POR ALCANCE,ASFALTO,Bueno,Bueno,2,HONDA,BLANCO,2,,31,MASCULINO,SIN DATOS,0,0,Morelia,Felix Ireta,enero,lunes,10,-101.185058355331,19.6811921907902
20255,20257,2019,,2019/01/21,10:00:00,COLISIÓN POR CORTE DE CIRCULACIÓN,ASFALTO,Bueno,Bueno,1,KENWORTH,AZUL,1,,34,MASCULINO,SIN DATOS,0,0,Morelia,Jardines de Torremolinos,enero,lunes,10,-101.228188276291,19.6770401863066
20256,20258,2019,,2019/01/21,10:15:00,CAIDA ACUATICA DE VEHÍCULO,ASFALTO,Bueno,Bueno,1,VW,NEGRO,0,,,,,0,0,Los Reyes,Jardines de San Juan,enero,lunes,10,-102.473859786987,19.5974342742909
20257,20259,2019,"190049504",2019/01/21,10:30:00,COLISIÓN POR ALCANCE,ASFALTO,Bueno,Bueno,2,FORD,PLATINO,2,,54,FEMENINO,SIN DATOS,0,0,Morelia,Felix Ireta,enero,lunes,11,-101.188126802444,19.6816467832851
20258,20260,2019,"190497728",2019/01/21,10:40:00,COLISIÓN POR CORTE DE CIRCULACIÓN,ASFALTO,Bueno,Bueno,2,VOLKSWAGEN,AZUL,2,,27,MASCULINO,SIN DATOS,0,0,Morelia,La Hacienda,enero,lunes,11,-101.316331028938,19.6779140356065
20259,20261,2019,"190049555",2019/01/21,10:45:00,COLISIÓN POR CORTE DE CIRCULACIÓN,ASFALTO,Bueno,Bueno,1,INTERNATIONAL,BLANCO Y NARANJA,1,,48,MASCULINO,SIN DATOS,0,0,Morelia,San Pascual,enero,lunes,11,-101.267327070236,19.6953344640143
20260,20262,2019,"190049794",2019/01/21,10:53:00,COLISIÓN POR MANIOBRA DE REVERSA,ASFALTO,Bueno,Bueno,2,MITSUBISHI,NEGRO,2,,28,MASCULINO,SIN DATOS,0,0,Morelia,Chapultepec Norte,enero,lunes,11,-101.177092194557,19.6956627519495
20261,20263,2019,"190049531",2019/01/21,11:11:00,COLISIÓN CON PEATÓN,ASFALTO,Bueno,Bueno,1,HONDA,BLANCO,2,,42,MASCULINO,SIN DATOS,1,0,Morelia,Centro,enero,lunes,11,-101.187890768051,19.6983950915621
20262,20264,2019,"190049610",2019/01/21,11:40:00,COLISIÓN POR ALCANCE,ASFALTO,Bueno,Bueno,2,FORD,ROJO,2,,43,MASCULINO,SIN DATOS,0,0,Morelia,Fidel Velazquez,enero,lunes,12,-101.237736940384,19.7067483876428
20263,20265,2019,"190049848",2019/01/21,12:50:00,COLISIÓN POR ALCANCE,ASFALTO,Bueno,Bueno,2,VOLKSWAGEN,BEIGE,2,,30,MASCULINO,SIN DATOS,0,0,Morelia,Comision Federal de Electricidad,enero,lunes,13,-101.181410551071,19.6814952525968
20264,20266,2019,"190049869",2019/01/21,13:08:00,COLISIÓN POR CAMBIO DE CARRIL,ASFALTO,Bueno,Bueno,2,KIA,PLATA,2,,62,MASCULINO,SIN DATOS,0,0,Morelia,Alberto Oviedo Mota,enero,lunes,13,-101.195905208588,19.6825963723346
20265,20267,2019,LEG20980,2019/01/21,13:14:00,COLISIÓN POR CORTE DE CIRCULACIÓN,CONCRETO,Bueno,Bueno,2,TOYOTA,BLANCO Y ROJO,2,,27,MASCULINO,SIN DATOS,0,0,Morelia,Ricardo Flores Magon,enero,lunes,13,-101.244871616364,19.7059504495428
20266,20268,2019,"190049958",2019/01/21,13:25:00,COLISIÓN POR ALCANCE,ASFALTO,Bueno,Bueno,2,NISSAN,BLANCO,2,,59,MASCULINO,SIN DATOS,0,0,Morelia,Industrial,enero,lunes,13,-101.197922229767,19.7069402962123
20267,20269,2019,"190049971",2019/01/21,13:50:00,COLISIÓN POR CORTE DE CIRCULACIÓN,CONCRETO,Bueno,Bueno,2,ITALIKA,NEGRO,2,,21,MASCULINO,SIN DATOS,0,0,Morelia,Ventura Puente,enero,lunes,14,-101.185809373856,19.695162743903
20268,20270,2019,,2019/01/21,14:00:00,COLISIÓN POR ALCANCE,ASFALTO,Bueno,Bueno,2,DINAMO,NEGRO,2,,24,MASCULINO,SIN DATOS,0,0,Morelia,Jacarandas,enero,lunes,14,-101.210110187531,19.7085210080395
20269,20271,2019,"198858168",2019/01/21,14:10:00,COLISIÓN POR CAMBIO DE CARRIL,ASFALTO,Bueno,Bueno,2,CHEVROLET,GRIS,2,,72,MASCULINO,SIN DATOS,0,0,Morelia,Primo Tapia Oriente,enero,lunes,14,-101.158499121666,19.7136367510395
20270,20272,2019,,2019/01/21,14:30:00,COLISIÓN POR CORTE DE CIRCULACIÓN,ADOQUIN_EMPEDRADO,Bueno,Bueno,2,NISSAN,MARRON,2,,36,MASCULINO,SIN DATOS,0,0,Cuitzeo,Centro,enero,lunes,15,-101.140512228012,19.9692144912269
20271,20273,2019,,2019/01/21,14:30:00,COLISIÓN CON PEATÓN,ASFALTO,Bueno,Bueno,1,BAJAJ,NEGRO/AMARILLO,2,,20,MASCULINO,SIN DATOS,1,0,Pátzcuaro,Popular Vasco de Quiroga,enero,lunes,15,-101.601841449738,19.5004352686233
20272,20274,2019,"190050367",2019/01/21,15:25:00,COLISIÓN POR ALCANCE,ASFALTO,Bueno,Bueno,2,TOYOTA,BLANCO Y GRIS,2,,36,MASCULINO,SIN DATOS,0,0,Morelia,Alberto Oviedo Mota,enero,lunes,15,-101.195862293243,19.6825357604358
20273,20275,2019,"190050374",2019/01/21,15:35:00,COLISIÓN POR CAMBIO DE CARRIL,ASFALTO,Bueno,Bueno,2,FREIGHTLINER,AMARILLO,2,,37,MASCULINO,SIN DATOS,0,0,Morelia,Primo Tapia Oriente,enero,lunes,16,-101.160215735435,19.712697446229
20274,20276,2019,,2019/01/21,15:45:00,COLISIÓN POR CORTE DE CIRCULACIÓN,ASFALTO,Bueno,Bueno,2,NISSAN,BLANCO Y ROJO,2,,44,MASCULINO,SIN DATOS,0,0,Morelia,Felix Ireta,enero,lunes,16,-101.18814021349,19.689710534598
20275,20277,2019,?190050396,2019/01/21,16:21:00,COLISIÓN POR ALCANCE,ASFALTO,Bueno,Bueno,3,NISSAN,BLANCO,3,,42,MASCULINO,SIN DATOS,0,0,Morelia,La Esperanza,enero,lunes,16,-101.251166760921,19.6983824653311
20276,20278,2019,"190050595",2019/01/21,17:20:00,COLISIÓN POR ALCANCE,ASFALTO,Bueno,Bueno,3,CHEVROLET,ROJO,3,MINISTERIO PÚBLICO,0,MASCULINO,SIN DATOS,0,0,Morelia,Canteras de Morelia,enero,lunes,17,-101.173347830772,19.7162324356402
20277,20279,2019,"190050601",2019/01/21,17:43:00,COLISIÓN POR ALCANCE,ASFALTO,Bueno,Bueno,2,NISSAN,BLANCO/CORAL,2,,43,MASCULINO,SIN DATOS,0,0,Morelia,Chapultepec Oriente,enero,lunes,18,-101.161707043648,19.6903595567433
20278,20280,2019,"190050745",2019/01/21,18:50:00,COLISIÓN POR CAMBIO DE CARRIL,CONCRETO,Bueno,Bueno,2,AUDI,BLANCO,2,MINISTERIO PÚBLICO,42,FEMENINO,SIN DATOS,0,0,Morelia,Cinco de Diciembre,enero,lunes,19,-101.165617704391,19.6845056354058