fid,id_accidente,anio_origen,folio_c5i,dia_incidente,hora_ocurrencia,tipo_incidente_vial,superficie_ocurrencia,condiciones_climaticas,condiciones_via,numero_vehiculos_involucrados,marca_vehiculo_ocasiona_siniestro,color_vehiculo_ocasiona_siniestro,numero_personas_involucradas,lugar_remite_presunto_responsable,edad_presunto_responsable,sexo_presunto_responsable,resultados_toxicologia,numero_personas_lesionadas,numero_personas_fallecidas,municipio,colonia,mes,dia_semana,hora_redondeada,lon,lat
20279,20281,2019,"190050997",2019/01/21,19:40:00,COLISIÓN CON PEATÓN,ASFALTO,Bueno,Bueno,1,JEEP,BLANCO,2,,32,MASCULINO,SIN DATOS,1,0,Morelia,Morelia 450,enero,lunes,20,-101.216831803322,19.6765502224751
20281,20283,2019,"190051034",2019/01/21,20:45:00,COLISIÓN POR CORTE DE CIRCULACIÓN,ASFALTO,Bueno,Bueno,2,MERCEDES BENZ,BLANCO/VERDE,2,,23,MASCULINO,SIN DATOS,0,0,Morelia,Centro,enero,lunes,21,-101.198480129242,19.7031626851914
20282,20284,2019,"190051311",2019/01/21,23:00:00,COLISIÓN POR ALCANCE,ASFALTO,Bueno,Bueno,3,NISSAN,BLANCO,5,,29,MASCULINO,SIN DATOS,2,0,Morelia,Tres Puentes,enero,lunes,23,-101.21324300766,19.7033899504083
20283,20285,2019,,2019/01/21,23:58:00,COLISIÓN POR CORTE DE CIRCULACIÓN,ASFALTO,Bueno,Bueno,2,CHEVROLET,ROJO,5,MINISTERIO PÚBLICO,,,,5,0,Zitácuaro,Sin datos,enero,lunes,0,-100.389568805695,19.485223971897
20284,20286,2019,,2019/01/22,"00:00:00",COLISIÓN POR ALCANCE,ASFALTO,Bueno,Bueno,3,CHEVROLET,BLANCO,2,,45,MASCULINO,SIN DATOS,0,0,Morelia,Tinijaro,enero,martes,0,-101.264140605927,19.6963950841478
20285,20287,2019,"190051637",2019/01/22,"00:57:00",COLISIÓN CON PEATÓN,ASFALTO,Bueno,Bueno,1,CHEVROLET,GRIS,1,,,,,1,0,Morelia,Melchor Ocampo,enero,martes,1,-101.203635334969,19.70740744111
20286,20288,2019,"190049025",2019/01/22,"02:18:00",COLISIÓN POR CAMBIO DE CARRIL,ASFALTO,Bueno,Bueno,2,CHEVROLET,BLANCO,2,MINISTERIO PÚBLICO,0,FEMENINO,SIN DATOS,0,0,Morelia,Mariano Abasolo,enero,martes,2,-101.258507966995,19.6866977241971
20287,20289,2019,,2019/01/22,"03:05:00",COLISIÓN CONTRA OBJETO FIJO,ASFALTO,Bueno,Bueno,2,TOYOTA,BLANCO/AZUL,2,MINISTERIO PÚBLICO,48,,SIN DATOS,0,0,Lázaro Cárdenas,Centro,enero,martes,3,-102.197141647339,17.9546069241747
20288,20290,2019,,2019/01/22,"07:30:00",VOLCADURA,ASFALTO,Bueno,Bueno,1,CHEVROLET,ARENA,2,MINISTERIO PÚBLICO,35,MASCULINO,SIN DATOS,1,0,Purépero,San Antonio,enero,martes,8,-101.99127137661,19.89419731236
20289,20291,2019,"190051665",2019/01/22,"09:10:00",COLISIÓN POR NO RESPETAR SEMÁFORO,ASFALTO,Bueno,Bueno,2,KTM,NEGRO Y NARANJA,2,,25,MASCULINO,SIN DATOS,0,0,Morelia,Jardines del Toreo,enero,martes,9,-101.214154958725,19.6879705361772
20290,20292,2019,,2019/01/22,"09:30:00",COLISIÓN POR CORTE DE CIRCULACIÓN,ASFALTO,Bueno,Bueno,2,CHRYSLER,VINO,2,,40,FEMENINO,SIN DATOS,0,0,Lázaro Cárdenas,Segundo Sector de Fidelac,enero,martes,10,-102.202640175819,17.9615011811252
20291,20293,2019,"190052307",2019/01/22,12:20:00,COLISIÓN POR CAMBIO DE CARRIL,ASFALTO,Bueno,Bueno,2,GENERAL MOTORS,BLANCO Y VERDE,2,,34,MASCULINO,SIN DATOS,0,0,Morelia,Centro,enero,martes,12,-101.189863532782,19.7029114304926
20292,20294,2019,"191009232",2019/01/22,13:00:00,COLISIÓN POR CORTE DE CIRCULACIÓN,ASFALTO,Bueno,Bueno,1,HONDA,GRIS,1,,20,MASCULINO,SIN DATOS,0,0,Morelia,Union,enero,martes,13,-101.157197568172,19.7112796628013
20293,20295,2019,LEG21006,2019/01/22,13:00:00,COLISIÓN POR ALCANCE,ASFALTO,Bueno,Bueno,3,FORD,GRIS,3,,59,FEMENINO,SIN DATOS,0,0,Morelia,San Rafael,enero,martes,13,-101.153035069424,19.7009405193948
20294,20296,2019,,2019/01/22,13:15:00,VOLCADURA,ASFALTO,Bueno,Bueno,1,CHEVROLET,ROJO,0,,,,,0,0,Coeneo,Coeneo de La Libertad,enero,martes,13,-101.582272052765,19.8321165095133
20295,20297,2019,LEG20995,2019/01/22,13:32:00,COLISIÓN CONTRA OBJETO FIJO,ASFALTO,Bueno,Bueno,1,CHEVROLET,GRIS,1,,29,MASCULINO,ALIENTO ETÍLICO,0,0,Morelia,Tres Puentes,enero,martes,14,-101.213741898537,19.7026955278985
20296,20298,2019,"190052649",2019/01/22,15:20:00,COLISIÓN POR CORTE DE CIRCULACIÓN,ASFALTO,Bueno,Bueno,2,NISSAN,BLANCO Y AZUL,2,,43,MASCULINO,SIN DATOS,0,0,Morelia,Centro,enero,martes,15,-101.189044117928,19.6959809380749
20297,20299,2019,,2019/01/22,16:00:00,VOLCADURA,ASFALTO,Bueno,Bueno,1,KENWORTH,ROJO/BLANCO,1,,25,MASCULINO,SIN DATOS,0,0,Peribán,Los Cerritos,enero,martes,16,-102.428820133209,19.5333409849995
20298,20300,2019,,2019/01/22,16:15:00,COLISIÓN POR CORTE DE CIRCULACIÓN,ASFALTO,Bueno,Bueno,2,VOLKWAGEN,AZUL,1,,44,FEMENINO,SIN DATOS,0,0,Pátzcuaro,Centro,enero,martes,16,-101.612548828125,19.512019775049
20299,20301,2019,"190053346",2019/01/22,18:15:00,COLISIÓN POR ALCANCE,CONCRETO,Bueno,Bueno,2,NISSAN,GRIS,2,,27,MASCULINO,SIN DATOS,0,0,Morelia,Chapultepec Norte,enero,martes,18,-101.166824698448,19.695379919307
20300,20302,2019,"190053571",2019/01/22,19:50:00,COLISIÓN CON PEATÓN,SIN_DATOS,Bueno,Bueno,2,FREIGHTLINER,AZUL,2,,26,MASCULINO,SIN DATOS,0,0,Morelia,Indeco El Vivero,enero,martes,20,-101.229765415192,19.6771412095907
20301,20303,2019,,2019/01/22,20:25:00,COLISIÓN POR CORTE DE CIRCULACIÓN,ASFALTO,Bueno,Bueno,2,CHEVROLET,BLANCO Y ROJO,0,,,,,0,0,Peribán,San Javier Ii,enero,martes,20,-102.428876459599,19.5238562505956
20302,20304,2019,"190053933",2019/01/22,23:47:00,VOLCADURA,ASFALTO,Bueno,Bueno,1,NISSAN,ROJO,1,,38,MASCULINO,ALIENTO ETÍLICO,0,0,Morelia,Alberto Oviedo Mota,enero,martes,0,-101.203136444092,19.6783130750312
20303,20305,2019,,2019/01/23,"00:00:00",COLISIÓN POR ALCANCE,ASFALTO,Bueno,Bueno,2,NISSAN,BLANCO,2,MINISTERIO PÚBLICO,,,SIN DATOS,0,0,Maravatío,San Pedro,enero,miércoles,0,-100.371823310852,19.9051392461195
20304,20306,2019,,2019/01/23,"00:00:00",VOLCADURA,ASFALTO,Bueno,Bueno,1,KENWORTH,BLANCO,1,,28,MASCULINO,SIN DATOS,0,0,Uruapan,Sin datos,enero,miércoles,0,-102.070841789246,19.4997273277576
20305,20307,2019,,2019/01/23,"02:15:00",COLISIÓN CONTRA OBJETO FIJO,ASFALTO,Bueno,Bueno,1,TOYOTA,GUINDA/ROJO,0,,,,,0,0,Pátzcuaro,Sin datos,enero,miércoles,2,-101.624479293823,19.5329365300818
20306,20308,2019,"190054148",2019/01/23,"08:00:00",COLISIÓN POR ALCANCE,CONCRETO,Bueno,Bueno,3,GENERAL MOTORS,PLATA,3,,26,MASCULINO,SIN DATOS,0,0,Morelia,Centro,enero,miércoles,8,-101.18127644062,19.7034152020791
20307,20309,2019,"190054204",2019/01/23,"08:29:00",COLISIÓN POR CAMBIO DE CARRIL,ASFALTO,Bueno,Bueno,2,NISSAN,AZUL,2,,27,MASCULINO,SIN DATOS,0,0,Morelia,Tzindurio Norte,enero,miércoles,8,-101.244785785675,19.7039707378291
20308,20310,2019,"190054248",2019/01/23,"09:10:00",COLISIÓN POR CAMBIO DE CARRIL,ASFALTO,Bueno,Bueno,2,CHEVROLET,BLANCO Y ROJO,2,,51,MASCULINO,SIN DATOS,0,0,Morelia,Centro,enero,miércoles,9,-101.18664085865,19.7019505985827
20309,20311,2019,"190054262",2019/01/23,"09:20:00",COLISIÓN POR CORTE DE CIRCULACIÓN,ASFALTO,Bueno,Bueno,2,NISSAN,BLANCO Y CREMA,2,,23,MASCULINO,SIN DATOS,0,0,Morelia,Ventura Puente,enero,miércoles,9,-101.181110143662,19.6885766335642
20310,20312,2019,"190054257",2019/01/23,"09:24:00",COLISIÓN POR CORTE DE CIRCULACIÓN,ASFALTO,Bueno,Bueno,2,CHEVROLET,PLATA,2,,23,MASCULINO,SIN DATOS,0,0,Morelia,Ventura Puente,enero,miércoles,9,-101.191935539246,19.6914656662431
20311,20313,2019,"190054552",2019/01/23,11:30:00,COLISIÓN POR CORTE DE CIRCULACIÓN,ASFALTO,Bueno,Bueno,2,VENTO,NEGRO,2,,20,MASCULINO,SIN DATOS,0,0,Morelia,Bosques de Oriente,enero,miércoles,12,-101.15674495697,19.7147477496065
20312,20314,2019,"190054679",2019/01/23,11:50:00,COLISIÓN POR CORTE DE CIRCULACIÓN,CONCRETO,Bueno,Bueno,2,NISSAN,AZUL,2,,27,MASCULINO,SIN DATOS,0,0,Morelia,Unidos Santa Cruz,enero,miércoles,12,-101.213098168373,19.7187523303758
20313,20315,2019,"190054892",2019/01/23,13:20:00,CAIDA DE MOTOCICLETA,CONCRETO,Bueno,Bueno,1,ITALIKA,NEGRO,0,,,,,0,0,Morelia,Industrial,enero,miércoles,13,-101.19491815567,19.7072938113956
20314,20316,2019,,2019/01/23,13:50:00,COLISIÓN POR CAMBIO DE CARRIL,ASFALTO,Bueno,Bueno,2,ITALIKA,NEGRO,2,,0,FEMENINO,SIN DATOS,0,0,Morelia,Villas del Pedregal,enero,miércoles,14,-101.30535274744,19.6835762615157
20315,20317,2019,"190055132",2019/01/23,15:10:00,COLISIÓN POR ALCANCE,ASFALTO,Bueno,Bueno,2,HONDA,BLANCO Y ROJO,2,,51,MASCULINO,SIN DATOS,0,0,Morelia,Vasco de Quiroga,enero,miércoles,15,-101.175874471664,19.6981728697503
20316,20318,2019,"190055149",2019/01/23,15:22:00,COLISIÓN POR ALCANCE,ASFALTO,Bueno,Bueno,2,CHEVROLET,BLANCO,2,,,MASCULINO,SIN DATOS,0,0,Morelia,La Luz,enero,miércoles,15,-101.288387775421,19.6887382591466
20317,20319,2019,"1900156023",2019/01/23,20:20:00,COLISIÓN POR CORTE DE CIRCULACIÓN,ASFALTO,Bueno,Bueno,2,CHRYSLER,ARENA,2,,17,FEMENINO,SIN DATOS,0,0,Morelia,Pastor Manuel Sanchez Camarena,enero,miércoles,20,-101.199070215225,19.7361127697743
20318,20320,2019,"190056080",2019/01/23,21:00:00,COLISIÓN POR CAMBIO DE CARRIL,ASFALTO,Bueno,Bueno,2,NISSAN,PLATA,2,,39,MASCULINO,SIN DATOS,0,0,Morelia,Camelinas,enero,miércoles,21,-101.170322299004,19.6853440876574
20319,20321,2019,"190056072",2019/01/23,21:00:00,COLISIÓN POR CORTE DE CIRCULACIÓN,SIN_DATOS,Bueno,Bueno,2,INTERNATIONAL,BLANCO Y NARANJA,2,,22,MASCULINO,SIN DATOS,0,0,Morelia,Tres Puentes,enero,miércoles,21,-101.213876008987,19.7026121969948
20320,20322,2019,"190056271",2019/01/23,23:00:00,COLISIÓN POR CORTE DE CIRCULACIÓN,ASFALTO,Bueno,Bueno,2,S/D,S/D,1,,45,,SIN DATOS,0,0,Morelia,Primavera,enero,miércoles,23,-101.146466732025,19.706788789466
20321,20323,2019,"190056316",2019/01/23,23:40:00,CAIDA DE MOTOCICLETA,CONCRETO,Bueno,Bueno,1,ITALIKA,ROJO Y NEGRO,3,,18,MASCULINO,SIN DATOS,2,0,Morelia,Ejidal Ocolusen,enero,miércoles,0,-101.152077913284,19.6835055480641
20322,20324,2019,,2019/01/24,"01:00:00",COLISIÓN POR ALCANCE,ASFALTO,Bueno,Bueno,2,CHEVROLET,BLANCO,2,,20,MASCULINO,ALIENTO ETÍLICO,0,0,Morelia,Campestre Los Manantiales,enero,jueves,1,-101.238262653351,19.6877482998938
20323,20325,2019,"190056463",2019/01/24,"06:04:00",COLISIÓN POR ALCANCE,ASFALTO,Bueno,Bueno,2,CHEVROLET,ROJO,2,,0,MASCULINO,ALIENTO ETÍLICO,0,0,Morelia,Isaac Arriaga,enero,jueves,6,-101.167409420013,19.7114046305851
20324,20326,2019,"190056509",2019/01/24,"07:40:00",SALIDA DE SUPERFICIE DE RODAMIENTO,ASFALTO,Bueno,Bueno,1,BMW,BLANCO,1,,51,MASCULINO,SIN DATOS,0,0,Sin datos,Sin datos,enero,jueves,8,-105.18310546875,20.2828086913301
20325,20327,2019,"190057221",2019/01/24,"07:41:00",COLISIÓN CON PEATÓN,ASFALTO,Bueno,Bueno,1,NISSAN,NARANJA,1,,51,MASCULINO,ALIENTO ETÍLICO,0,0,Morelia,Jardines de Sindurio,enero,jueves,8,-101.256136894226,19.6974961014227
20326,20328,2019,"190056571",2019/01/24,"08:55:00",COLISIÓN POR ALCANCE,ASFALTO,Bueno,Bueno,2,YAMAHA,BLANCO,2,,21,MASCULINO,SIN DATOS,0,0,Morelia,Virrey Antonio de Mendoza,enero,jueves,9,-101.161798238754,19.7068039401472
20327,20329,2019,"190056640",2019/01/24,"08:55:00",COLISIÓN POR CORTE DE CIRCULACIÓN,ASFALTO,Bueno,Bueno,2,VOLKSWAGEN,BEIGE,1,,0,,SIN DATOS,0,0,Morelia,Pascual Ortiz de Ayala,enero,jueves,9,-101.149492263794,19.6949203151971
20328,20330,2019,"190056690",2019/01/24,"09:55:00",COLISIÓN POR CORTE DE CIRCULACIÓN,ASFALTO,Bueno,Bueno,2,DODGE,BLANCO,2,,0,MASCULINO,SIN DATOS,0,0,Morelia,Solidaridad,enero,jueves,10,-101.207154393196,19.73182838058
20329,20331,2019,"1900056751",2019/01/24,10:20:00,COLISIÓN POR CORTE DE CIRCULACIÓN,CONCRETO,Bueno,Bueno,2,NISSAN,BLANCO Y ROJO,2,,19,MASCULINO,SIN DATOS,0,0,Morelia,Centro,enero,jueves,10,-101.181254982948,19.7061575098119
20330,20332,2019,,2019/01/24,11:10:00,COLISIÓN CON PEATÓN,ASFALTO,Bueno,Bueno,1,CHEVROLET,GRIS,2,MINISTERIO PÚBLICO,21,MASCULINO,SIN DATOS,0,1,Maravatío,Sin datos,enero,jueves,11,-100.369441509247,19.8912678176291
20331,20333,2019,,2019/01/24,11:43:00,COLISIÓN CON PEATÓN,CONCRETO,Bueno,Bueno,1,CHEVROLET,ARENA,2,,62,MASCULINO,SIN DATOS,1,0,Tocumbo,Sin Nombre,enero,jueves,12,-102.525486946106,19.7039303352942
20332,20334,2019,,2019/01/24,13:25:00,VOLCADURA,ASFALTO,Bueno,Bueno,1,NISSAN,BLANCO,1,,48,MASCULINO,SIN DATOS,0,0,Maravatío,Sin datos,enero,jueves,13,-100.455508232117,19.7942448759244
20333,20335,2019,"190057358",2019/01/24,13:40:00,SALIDA DE SUPERFICIE DE RODAMIENTO,ASFALTO,Bueno,Bueno,1,NISSAN,GRIS,1,,36,MASCULINO,SIN DATOS,0,0,Morelia,Tenencia Morelos,enero,jueves,14,-101.248047351837,19.6480640807024
20334,20336,2019,"190057742",2019/01/24,14:20:00,COLISIÓN POR MANIOBRA DE REVERSA,ASFALTO,Bueno,Bueno,2,NISSAN,BLANCO,2,,28,MASCULINO,SIN DATOS,0,0,Morelia,Primo Tapia Oriente,enero,jueves,14,-101.158998012543,19.7135054506988
20335,20337,2019,"190057465",2019/01/24,14:30:00,COLISIÓN CON PEATÓN,ASFALTO,Bueno,Bueno,1,ITALIKA,BLANCO,2,,29,MASCULINO,SIN DATOS,1,0,Morelia,Felix Ireta,enero,jueves,15,-101.191796064377,19.6825054544778
20336,20338,2019,"190657491",2019/01/24,15:10:00,COLISIÓN POR CAMBIO DE CARRIL,ASFALTO,Bueno,Bueno,2,NISSAN,BLANCO,2,,0,MASCULINO,SIN DATOS,0,0,Morelia,Prados Verdes,enero,jueves,15,-101.197214126587,19.7167475275734
20337,20339,2019,"190057826",2019/01/24,15:36:00,COLISIÓN POR ALCANCE,ASFALTO,Bueno,Bueno,2,NISSAN,NEGRO,2,,31,MASCULINO,SIN DATOS,0,0,Morelia,Ferrocarrilero,enero,jueves,16,-101.219854652882,19.6950768837783
20338,20340,2019,"190057798",2019/01/24,16:00:00,COLISIÓN POR ALCANCE,ASFALTO,Bueno,Bueno,2,TOYOTA,GRIS,2,,26,FEMENINO,SIN DATOS,0,0,Morelia,Ventura Puente,enero,jueves,16,-101.179929971695,19.6901979327975
20339,20341,2019,"190057784",2019/01/24,16:00:00,COLISIÓN POR CORTE DE CIRCULACIÓN,CONCRETO,Bueno,Bueno,2,CHEVROLET,BLANCO,2,,24,FEMENINO,SIN DATOS,0,0,Morelia,Eduardo Ruiz,enero,jueves,16,-101.213033795357,19.7183584416335
20340,20342,2019,"190057862",2019/01/24,17:01:00,COLISIÓN POR CORTE DE CIRCULACIÓN,ASFALTO,Bueno,Bueno,2,VOLKSWAGEN,BLANCO,2,,29,MASCULINO,SIN DATOS,0,0,Morelia,Indeco El Vivero,enero,jueves,17,-101.231760978699,19.6777119899492
20341,20343,2019,"190058272",2019/01/24,18:30:00,COLISIÓN POR CORTE DE CIRCULACIÓN,ASFALTO,Bueno,Bueno,2,VOLKWAGEN,BLANCO,2,,37,MASCULINO,SIN DATOS,0,0,Morelia,La Hacienda,enero,jueves,19,-101.316524147987,19.6769492652964
20342,20344,2019,"190058294",2019/01/24,19:45:00,COLISIÓN POR CORTE DE CIRCULACIÓN,ASFALTO,Bueno,Bueno,2,ITALIKA,BLANCO,2,,0,,SIN DATOS,0,0,Morelia,Eduardo Ruiz,enero,jueves,20,-101.218725442886,19.7198077454267
20343,20345,2019,"190058588",2019/01/24,20:50:00,COLISIÓN POR CAMBIO DE CARRIL,CONCRETO,Bueno,Bueno,2,NISSAN,BLANCO Y CAFE,2,,28,MASCULINO,SIN DATOS,0,0,Morelia,Guadalupe,enero,jueves,21,-101.222315244377,19.7085787693779
20344,20346,2019,"190058752",2019/01/24,22:15:00,COLISIÓN POR CORTE DE CIRCULACIÓN,ASFALTO,Bueno,Bueno,2,NISSAN,ROJO,2,,0,,SIN DATOS,0,0,Morelia,Guadalupe,enero,jueves,22,-101.222539544106,19.7085715097573
20345,20347,2019,"190058915",2019/01/25,"01:30:00",COLISIÓN CONTRA OBJETO FIJO,ASFALTO,Bueno,Bueno,1,HONDA,VERDE,1,,22,MASCULINO,ALIENTO ETÍLICO,0,0,Morelia,La Soledad,enero,viernes,2,-101.183314919472,19.7280740806169
20346,20348,2019,"190058972",2019/01/25,"03:25:00",COLISIÓN CONTRA OBJETO FIJO,CONCRETO,Bueno,Bueno,1,NISSAN,GUINDA,1,,47,MASCULINO,ALIENTO ETÍLICO,0,0,Morelia,Centro,enero,viernes,3,-101.192418336868,19.7040212409835
20347,20349,2019,,2019/01/25,"08:04:00",COLISIÓN CON PEATÓN,ASFALTO,Bueno,Bueno,1,DODGE,ARENA,1,,21,MASCULINO,SIN DATOS,0,0,Morelia,Centro,enero,viernes,8,-101.186608672142,19.7046373781828
20348,20350,2019,"190059169",2019/01/25,"08:25:00",COLISIÓN POR CORTE DE CIRCULACIÓN,ASFALTO,Bueno,Bueno,2,INTERNATIONAL,GUINDA,2,,0,MASCULINO,SIN DATOS,0,0,Morelia,Jacarandas,enero,viernes,8,-101.210630536079,19.7086220114591
20349,20351,2019,"190059185",2019/01/25,"08:43:00",COLISIÓN POR CORTE DE CIRCULACIÓN,ASFALTO,Bueno,Bueno,2,VOLKSWAGEN,PLATA,2,,31,MASCULINO,SIN DATOS,0,0,Morelia,Cinco de Diciembre,enero,viernes,9,-101.162302494049,19.686788639674
20350,20352,2019,,2019/01/25,"09:15:00",COLISIÓN POR CORTE DE CIRCULACIÓN,ASFALTO,Bueno,Bueno,2,CHEVROLET,AZUL,2,,39,MASCULINO,SIN DATOS,0,0,Morelia,Sin datos,enero,viernes,9,-101.354729533195,19.6785100688111
20351,20353,2019,"190059256",2019/01/25,"09:24:00",COLISIÓN POR ALCANCE,ASFALTO,Bueno,Bueno,2,CHEVROLET,ROJO,2,MINISTERIO PÚBLICO,0,FEMENINO,SIN DATOS,0,0,Morelia,Nueva Jacarndas,enero,viernes,9,-101.187332868576,19.681151782506
20352,20354,2019,"190059405",2019/01/25,"09:25:00",COLISIÓN POR ALCANCE,ASFALTO,Bueno,Bueno,2,HONDA,GRIS,2,,24,MASCULINO,SIN DATOS,0,0,Morelia,Felix Ireta,enero,viernes,9,-101.187284588814,19.6812048183769
20353,20355,2019,"190059343",2019/01/25,10:10:00,COLISIÓN POR CORTE DE CIRCULACIÓN,ASFALTO,Bueno,Bueno,2,NISSAN,CAFE CON BLANCO,2,,23,MASCULINO,SIN DATOS,0,0,Morelia,Centro,enero,viernes,10,-101.192370057106,19.7048141384168
20354,20356,2019,,2019/01/25,11:43:00,COLISIÓN POR CORTE DE CIRCULACIÓN,ASFALTO,Bueno,Bueno,2,NISSAN,BLANCO,2,,37,MASCULINO,SIN DATOS,0,0,Zamora,Centro,enero,viernes,12,-102.279603481293,19.9873239166919
20356,20358,2019,"190059552",2019/01/25,12:00:00,COLISIÓN CON PEATÓN,ASFALTO,Bueno,Bueno,1,HONDA,BLANCO,2,,23,MASCULINO,SIN DATOS,1,0,Morelia,Camelinas,enero,viernes,12,-101.173197627068,19.6860941451386
20357,20359,2019,"190059641",2019/01/25,12:10:00,COLISIÓN POR ALCANCE,ASFALTO,Bueno,Bueno,2,ITALIKA,ROJO Y NEGRO,2,,22,FEMENINO,SIN DATOS,0,0,Morelia,Insurgentes,enero,viernes,12,-101.155103445053,19.6952536545731
20358,20360,2019,"190060096",2019/01/25,13:25:00,COLISIÓN POR CORTE DE CIRCULACIÓN,ASFALTO,Bueno,Bueno,2,DODGE,BLANCO,3,,39,MASCULINO,SIN DATOS,1,0,Morelia,Lomas del Tecnologico,enero,viernes,13,-101.188319921494,19.7212721853897
20359,20361,2019,"190059861",2019/01/25,13:25:00,COLISIÓN POR CAMBIO DE CARRIL,ASFALTO,Bueno,Bueno,2,FORD,BLANCO,2,,60,MASCULINO,SIN DATOS,0,0,Morelia,Rafael Carrillo,enero,viernes,13,-101.235108375549,19.7096370922849
20360,20362,2019,"190059833",2019/01/25,13:46:00,COLISIÓN POR ALCANCE,CONCRETO,Bueno,Bueno,2,SIN DATOS,SIN DATOS,2,,0,,SIN DATOS,0,0,Morelia,Industrial,enero,viernes,14,-101.197986602783,19.7070312001912
20361,20363,2019,"190059917",2019/01/25,14:15:00,COLISIÓN POR CORTE DE CIRCULACIÓN,ASFALTO,Bueno,Bueno,2,NISSAN,BLANCO  AZUL,2,MINISTERIO PÚBLICO,38,MASCULINO,SIN DATOS,0,0,Morelia,Vasco de Quiroga,enero,viernes,14,-101.174436807632,19.7049757476026
20362,20364,2019,"190060083",2019/01/25,14:20:00,COLISIÓN POR CAMBIO DE CARRIL,ASFALTO,Bueno,Bueno,2,FORD,BLANCO,2,,38,MASCULINO,SIN DATOS,0,0,Morelia,Camelinas,enero,viernes,14,-101.170338392258,19.6853390367534
20363,20365,2019,"190059981",2019/01/25,14:30:00,COLISIÓN POR ALCANCE,SIN_DATOS,Bueno,Bueno,2,ITALIKA,NEGRO Y AMARILLO,2,,32,MASCULINO,SIN DATOS,1,0,Morelia,Lomas del Valle,enero,viernes,15,-101.229915618896,19.6865158930884
20364,20366,2019,"190060180",2019/01/25,15:40:00,COLISIÓN POR CAMBIO DE CARRIL,ASFALTO,Bueno,Bueno,2,VOLKSWAGEN,PLATA,2,,58,MASCULINO,SIN DATOS,0,0,Morelia,Felix Ireta,enero,viernes,16,-101.192198395729,19.6822731086094
20365,20367,2019,,2019/01/25,15:40:00,COLISIÓN POR CORTE DE CIRCULACIÓN,ASFALTO,Bueno,Bueno,2,FORD,NEGRO,2,,24,MASCULINO,SIN DATOS,0,0,Zacapu,Moderna,enero,viernes,16,-101.784574985504,19.8082963849733
20366,20368,2019,,2019/01/25,15:45:00,COLISIÓN POR ALCANCE,ASFALTO,Bueno,Bueno,2,NISSAN,BLANCO,2,,54,MASCULINO,SIN DATOS,0,0,Tzintzuntzan,Sin datos,enero,viernes,16,-101.539677312457,19.6288406655921
20367,20369,2019,,2019/01/25,16:00:00,VOLCADURA,TERRACERIA,Bueno,Bueno,1,NISSAN,BLANCO,1,,,,SIN DATOS,0,0,Apatzingán,Lazaro Cardenas,enero,viernes,16,-102.347474098206,19.096931704639
20368,20370,2019,,2019/01/25,17:40:00,COLISIÓN CON PEATÓN,ASFALTO,Bueno,Bueno,1,VW,BLANCO,2,,25,MASCULINO,SIN DATOS,1,0,Tocumbo,Sin datos,enero,viernes,18,-102.531409263611,19.7048393898628
20369,20371,2019,"190060452",2019/01/25,17:46:00,COLISIÓN POR CAMBIO DE CARRIL,ASFALTO,Bueno,Bueno,2,CHEVROLET,ROJO,2,,26,MASCULINO,SIN DATOS,0,0,Morelia,Isaac Arriaga,enero,viernes,18,-101.166164875031,19.7101118044899
20370,20372,2019,,2019/01/25,18:50:00,COLISIÓN POR ALCANCE,ASFALTO,Bueno,Bueno,2,CHRYSLER,NEGRO,2,,45,MASCULINO,SIN DATOS,0,0,Morelia,Los Manantiales de Morelia,enero,viernes,19,-101.24025285244,19.6927788456815
20371,20373,2019,"190060780",2019/01/25,19:35:00,COLISIÓN POR CORTE DE CIRCULACIÓN,ASFALTO,Bueno,Bueno,2,FORD,NEGRO,2,,41,MASCULINO,SIN DATOS,0,0,Tarímbaro,Sin datos,enero,viernes,20,-101.17188334465,19.750649045039
20372,20374,2019,"190061180",2019/01/25,22:05:00,COLISIÓN CON PEATÓN,ASFALTO,Bueno,Bueno,2,FORD,AMARILLO,2,,34,MASCULINO,SIN DATOS,0,0,Morelia,Bosques de Oriente,enero,viernes,22,-101.155446767807,19.7157476417166
20373,20375,2019,"190061290",2019/01/25,23:06:00,COLISIÓN CON PEATÓN,ASFALTO,Bueno,Bueno,2,HONDA,BLANCO,2,,29,MASCULINO,SIN DATOS,0,0,Morelia,Centro,enero,viernes,23,-101.191608309746,19.7010213259645
20374,20376,2019,"190061572",2019/01/26,"00:00:00",COLISIÓN CONTRA OBJETO FIJO,ASFALTO,Bueno,Bueno,1,FIAT,BLANCO,1,,50,MASCULINO,SIN DATOS,0,0,Morelia,Sin datos,enero,sábado,0,-101.098171547055,19.730341314684
20375,20377,2019,"190061485",2019/01/26,"01:56:00",COLISIÓN POR NO RESPETAR SEMÁFORO,ASFALTO,Bueno,Bueno,2,CHEVROLET,AMARILLO,2,,21,MASCULINO,ALIENTO ETÍLICO,0,0,Morelia,Lomas de Hidalgo,enero,sábado,2,-101.158756613731,19.6956678025279
20376,20378,2019,"19061497",2019/01/26,"02:00:00",COLISIÓN CONTRA OBJETO FIJO,CONCRETO,Bueno,Bueno,1,RENAULT,GRIS,1,,27,MASCULINO,SIN DATOS,0,0,Morelia,El Lago 1,enero,sábado,2,-101.219347715378,19.7276448678731