fid,id_accidente,anio_origen,folio_c5i,dia_incidente,hora_ocurrencia,tipo_incidente_vial,superficie_ocurrencia,condiciones_climaticas,condiciones_via,numero_vehiculos_involucrados,marca_vehiculo_ocasiona_siniestro,color_vehiculo_ocasiona_siniestro,numero_personas_involucradas,lugar_remite_presunto_responsable,edad_presunto_responsable,sexo_presunto_responsable,resultados_toxicologia,numero_personas_lesionadas,numero_personas_fallecidas,municipio,colonia,mes,dia_semana,hora_redondeada,lon,lat
20377,20379,2019,"190061570",2019/01/26,"03:30:00",COLISIÓN POR CAMBIO DE CARRIL,ASFALTO,Bueno,Bueno,2,CHEVROLET,INDIGO,2,MINISTERIO PÚBLICO,22,MASCULINO,SIN DATOS,0,0,Morelia,La Quemada,enero,sábado,4,-101.237742304802,19.7016374747164
20378,20380,2019,,2019/01/26,"05:15:00",COLISIÓN POR CORTE DE CIRCULACIÓN,ASFALTO,Bueno,Bueno,2,DODGE,PLATA,2,,0,,SIN DATOS,1,0,Morelia,Jardines de Sindurio,enero,sábado,5,-101.256287097931,19.6974809498602
20379,20381,2019,,2019/01/26,"05:20:00",VOLCADURA,ASFALTO,Bueno,Bueno,1,FORD,GRIS,0,,,,,0,0,Zacapu,Villa Guzman,enero,sábado,5,-101.781892776489,19.8073273552208
20380,20382,2019,"19006123",2019/01/26,"06:30:00",COLISIÓN CONTRA OBJETO FIJO,ASFALTO,Bueno,Bueno,1,VOLKSWAGEN,BLANCO,1,MINISTERIO PÚBLICO,,,,1,0,Morelia,Santiaguito,enero,sábado,7,-101.188620328903,19.7198784428366
20381,20383,2019,"190061657",2019/01/26,"07:00:00",COLISIÓN POR ALCANCE,ASFALTO,Bueno,Bueno,2,NISSAN,BLANCO/ROJO,2,,32,MASCULINO,SIN DATOS,0,0,Morelia,Loma Bonita,enero,sábado,7,-101.196312904358,19.7244737074041
20382,20384,2019,"190061828",2019/01/26,"08:45:00",COLISIÓN POR CAMBIO DE CARRIL,ASFALTO,Bueno,Bueno,2,NISSAN,BLANCO,2,,44,MASCULINO,SIN DATOS,0,0,Morelia,Felix Ireta,enero,sábado,9,-101.191785335541,19.682343822605
20383,20385,2019,,2019/01/26,"08:58:00",COLISIÓN CON PEATÓN,SIN_DATOS,Bueno,Bueno,1,FORD,ROJO,2,,42,MASCULINO,SIN DATOS,1,0,Pátzcuaro,San Jose (El Cerrito),enero,sábado,9,-101.622848510742,19.5327747478311
20384,20386,2019,,2019/01/26,"09:30:00",COLISIÓN POR CORTE DE CIRCULACIÓN,ASFALTO,Bueno,Bueno,2,KENWORTH,BLANCO,2,,35,MASCULINO,SIN DATOS,0,0,Peribán,Los Cerritos,enero,sábado,10,-102.428970336914,19.5334623212773
20385,20387,2019,"190061955",2019/01/26,10:30:00,COLISIÓN POR CORTE DE CIRCULACIÓN,CONCRETO,Bueno,Bueno,2,SIN DATOS,SIN DATOS,2,,0,,SIN DATOS,0,0,Morelia,Molino de Parras,enero,sábado,11,-101.200231611729,19.6946248547152
20386,20388,2019,"190062050",2019/01/26,11:10:00,VOLCADURA,ASFALTO,Bueno,Bueno,1,CHEVROLET,VERDE,1,,0,,SIN DATOS,0,0,Morelia,Puerta Tres Marias,enero,sábado,11,-101.140565872192,19.6913848548489
20387,20389,2019,"190062296",2019/01/26,12:40:00,COLISIÓN POR ALCANCE,ASFALTO,Bueno,Bueno,2,NISSAN,BLANCO Y ROJO,2,,52,MASCULINO,SIN DATOS,0,0,Morelia,San Pascual,enero,sábado,13,-101.26734316349,19.6952940592988
20388,20390,2019,,2019/01/26,13:17:00,CAIDA DE MOTOCICLETA,ASFALTO,Bueno,Bueno,1,VELOCI,NEGRO/ROJO,1,,,,SIN DATOS,0,0,Zitácuaro,Sin datos,enero,sábado,13,-100.378432273865,19.5024983929067
20389,20391,2019,"190062475",2019/01/26,14:10:00,COLISIÓN POR ALCANCE,ASFALTO,Bueno,Bueno,2,FORD,BLANCO,2,,0,MASCULINO,SIN DATOS,0,0,Morelia,Rafael Carrillo,enero,sábado,14,-101.234979629517,19.709667393106
20390,20392,2019,,2019/01/26,15:30:00,COLISIÓN POR CORTE DE CIRCULACIÓN,ASFALTO,Bueno,Bueno,2,TOYOTA,BLANCO,2,,61,MASCULINO,SIN DATOS,0,0,Lázaro Cárdenas,Lomas del Rio (Unidad 512 5To Sector),enero,sábado,16,-102.223899364471,17.9722426221344
20391,20393,2019,"190062897",2019/01/26,16:00:00,COLISIÓN POR ALCANCE,ASFALTO,Bueno,Bueno,2,TOYOTA,GRIS,2,,45,MASCULINO,SIN DATOS,0,0,Morelia,Felix Ireta,enero,sábado,16,-101.184929609299,19.6812957369719
20392,20394,2019,"190062999",2019/01/26,17:10:00,COLISIÓN POR ALCANCE,CONCRETO,Bueno,Bueno,2,VOLKSWAGEN,GRIS,2,,35,MASCULINO,ALIENTO ETÍLICO,0,0,Morelia,Campestre Los Manantiales,enero,sábado,17,-101.238141953945,19.687819011472
20393,20395,2019,"190063151",2019/01/26,18:33:00,COLISIÓN POR CORTE DE CIRCULACIÓN,ASFALTO,Bueno,Bueno,2,DODGE,BLANCO,1,,0,,SIN DATOS,0,0,Morelia,San Jose Itzicuaro,enero,sábado,19,-101.299910545349,19.6876472832994
20394,20396,2019,"190063285",2019/01/26,19:15:00,COLISIÓN POR CAMBIO DE CARRIL,ASFALTO,Bueno,Bueno,2,FORD,BLANCO,2,,62,MASCULINO,SIN DATOS,0,0,Morelia,Felix Ireta,enero,sábado,19,-101.192150115967,19.6824549445351
20395,20397,2019,,2019/01/26,20:15:00,COLISIÓN CONTRA OBJETO FIJO,ASFALTO,Bueno,Bueno,1,FORD,GRIS,1,,20,MASCULINO,SIN DATOS,0,0,Zacapu,Moderna,enero,sábado,20,-101.784617900848,19.8083165730304
20396,20398,2019,,2019/01/26,20:20:00,COLISIÓN CON PEATÓN,ASFALTO,Bueno,Bueno,1,CHEVROLET,BLANCO,2,MINISTERIO PÚBLICO,53,MASCULINO,ALIENTO ETÍLICO,0,1,Lázaro Cárdenas,Sin datos,enero,sábado,20,-102.211260795593,17.9781003869433
20397,20399,2019,"190063614",2019/01/26,21:10:00,COLISIÓN POR INVASIÓN DE CARRIL,CONCRETO,Bueno,Bueno,2,BMW,BLANCO,2,,58,MASCULINO,SIN DATOS,0,0,Morelia,Chapultepec Norte,enero,sábado,21,-101.168267726898,19.6950314283996
20399,20401,2019,"190063651",2019/01/26,21:30:00,COLISIÓN POR INVASIÓN DE CARRIL,ASFALTO,Bueno,Bueno,2,HONDA,BLANCO,2,MINISTERIO PÚBLICO,41,MASCULINO,SIN DATOS,0,0,Morelia,Tinijaro,enero,sábado,22,-101.259891986847,19.6968950883445
20400,20402,2019,"190065088",2019/01/27,"00:00:00",COLISIÓN CONTRA OBJETO FIJO,CONCRETO,Bueno,Bueno,1,CHEVROLET,BLANCO,1,,26,MASCULINO,SIN DATOS,0,0,Tarímbaro,Centro,enero,domingo,0,-101.082002520561,19.7931647157646
20401,20403,2019,"190063812",2019/01/27,"01:00:00",COLISIÓN POR CORTE DE CIRCULACIÓN,CONCRETO,Bueno,Bueno,2,KURAZAI,NEGRO,3,,21,MASCULINO,SIN DATOS,1,0,Morelia,Centro,enero,domingo,1,-101.196082234383,19.6999102320543
20402,20404,2019,"190063997",2019/01/27,"01:00:00",COLISIÓN POR CORTE DE CIRCULACIÓN,CONCRETO,Bueno,Bueno,2,KIA,ROJO,2,MINISTERIO PÚBLICO,31,MASCULINO,ALIENTO ETÍLICO,0,0,Morelia,Centro,enero,domingo,1,-101.196109056473,19.698809231388
20403,20405,2019,,2019/01/27,"01:30:00",COLISIÓN POR CORTE DE CIRCULACIÓN,SIN_DATOS,Bueno,Bueno,1,ITALIKA,VERDE /NEGRO,1,,0,MASCULINO,ALIENTO ETÍLICO,0,0,Morelia,Victor Manuel Tinoco Rubi,enero,domingo,2,-101.242597103119,19.7005970910184
20404,20406,2019,"090064045",2019/01/27,"01:30:00",COLISIÓN CONTRA OBJETO FIJO,ASFALTO,Bueno,Bueno,1,VOLKSWAGEN,ROJO,0,MINISTERIO PÚBLICO,,,,0,0,Morelia,Tierra Y Libertad,enero,domingo,2,-101.230409145355,19.7156668425864
20405,20407,2019,"190064134",2019/01/27,"03:20:00",VOLCADURA,ASFALTO,Bueno,Bueno,1,BMW,AZUL,1,,0,,SIN DATOS,0,0,Morelia,Chapultepec Oriente,enero,domingo,3,-101.15916967392,19.6886220907757
20406,20408,2019,"190064139",2019/01/27,"04:00:00",COLISIÓN POR CORTE DE CIRCULACIÓN,ASFALTO,Bueno,Bueno,3,VOLKSWAGEN,ROJO,3,,26,MASCULINO,ALIENTO ETÍLICO,0,0,Morelia,Ciudad Industrial,enero,domingo,4,-101.148591041565,19.7208177054577
20407,20409,2019,,2019/01/27,"04:30:00",SUBIDA AL CAMELLÓN,ASFALTO,Bueno,Bueno,1,CHEVROLET,AZUL MARINO,1,,,,SIN DATOS,0,0,Apatzingán,Centro,enero,domingo,5,-102.354748249054,19.0868386297218
20408,20410,2019,"190064208",2019/01/27,"05:30:00",COLISIÓN CONTRA OBJETO FIJO,ASFALTO,Bueno,Bueno,1,CHRYSLER,GRIS,2,MINISTERIO PÚBLICO,0,MASCULINO,SIN DATOS,1,0,Morelia,Morelia 450,enero,domingo,6,-101.217480897903,19.6758683115561
20409,20411,2019,"190064226",2019/01/27,"06:00:00",COLISIÓN CONTRA OBJETO FIJO,ASFALTO,Bueno,Bueno,1,CHEVROLET,ROJO,1,MINISTERIO PÚBLICO,34,MASCULINO,ALIENTO ETÍLICO,0,0,Morelia,Loma de Los Piñones,enero,domingo,6,-101.205110549927,19.674100380844
20410,20412,2019,"190064238",2019/01/27,"06:17:00",COLISIÓN POR CORTE DE CIRCULACIÓN,ASFALTO,Bueno,Bueno,1,CHEVROLET,GRIS,1,,57,MASCULINO,SIN DATOS,0,0,Morelia,Mariano Abasolo,enero,domingo,6,-101.258233956584,19.6874646532389
20411,20413,2019,,2019/01/27,"07:45:00",COLISIÓN POR INVASIÓN DE CARRIL,ASFALTO,Bueno,Bueno,2,NISSAN,GRIS,2,,22,MASCULINO,SIN DATOS,0,0,Peribán,Los Cerritos,enero,domingo,8,-102.428669929504,19.5336241028391
20412,20414,2019,,2019/01/27,"08:45:00",VOLCADURA,CONCRETO,Bueno,Bueno,1,NISSAN,PLATA,2,,39,MASCULINO,SIN DATOS,1,0,Coeneo,Centro,enero,domingo,9,-101.583806,19.820481
20413,20415,2019,"190012284",2019/01/27,"08:55:00",COLISIÓN POR CORTE DE CIRCULACIÓN,ASFALTO,Bueno,Bueno,2,SUZUKI,NEGRO,2,,0,MASCULINO,SIN DATOS,0,0,Morelia,Jardines de Guadalupe,enero,domingo,9,-101.222024559975,19.7115106822619
20414,20416,2019,"190059189",2019/01/27,11:10:00,COLISIÓN POR CORTE DE CIRCULACIÓN,ASFALTO,Bueno,Bueno,1,DODGE,PLATA,0,,,,,0,0,Morelia,San Jose del Cerrito,enero,domingo,11,-101.221469342709,19.6583219984796
20415,20417,2019,"190064652",2019/01/27,11:20:00,COLISIÓN POR CORTE DE CIRCULACIÓN,ASFALTO,Bueno,Bueno,1,FORD,ROJO,1,,0,,SIN DATOS,0,0,Morelia,Victor Manuel Tinoco Rubi,enero,domingo,11,-101.242661476135,19.7006172927079
20416,20418,2019,"190064712",2019/01/27,12:05:00,COLISIÓN POR ALCANCE,CONCRETO,Bueno,Bueno,2,NISSAN,ARENA,2,,58,MASCULINO,SIN DATOS,0,0,Morelia,Felicitas del Rio,enero,domingo,12,-101.200257123757,19.6935246012511
20417,20419,2019,"190064747",2019/01/27,12:45:00,COLISIÓN POR CAMBIO DE CARRIL,ASFALTO,Bueno,Bueno,2,INFINITI,AZUL,2,,0,FEMENINO,SIN DATOS,0,0,Morelia,Centro,enero,domingo,13,-101.195154190063,19.6963546797001
20418,20420,2019,"190064758",2019/01/27,13:00:00,COLISIÓN POR ALCANCE,ASFALTO,Bueno,Bueno,2,CHEVROLET,BLANCO,2,,85,MASCULINO,SIN DATOS,0,0,Morelia,Morelia 450,enero,domingo,13,-101.217437982559,19.675777389881
20419,20421,2019,"190064976",2019/01/27,13:40:00,COLISIÓN POR ALCANCE,ASFALTO,Bueno,Bueno,2,CHEVROLET,PLATA,2,,48,MASCULINO,SIN DATOS,0,0,Morelia,Tlalpujahua,enero,domingo,14,-101.218682527542,19.6764037381521
20420,20422,2019,,2019/01/27,14:00:00,VOLCADURA,ASFALTO,Bueno,Bueno,1,NISSAN,GRIS,0,,,,,0,0,Peribán,San Javier Ii,enero,domingo,14,-102.428863048553,19.5240180417782
20421,20423,2019,,2019/01/27,14:00:00,COLISIÓN POR ALCANCE,ASFALTO,Bueno,Bueno,2,DODGE,AZUL,2,MINISTERIO PÚBLICO,30,MASCULINO,SIN DATOS,0,0,Morelia,Mirador Poniente,enero,domingo,14,-101.246885955334,19.7114601814722
20423,20425,2019,,2019/01/27,15:20:00,COLISIÓN POR ALCANCE,ASFALTO,Bueno,Bueno,2,NISSAN,ROJO,3,,0,MASCULINO,SIN DATOS,1,0,Zinapécuaro,Sin datos,enero,domingo,15,-100.941181182861,19.8746608586678
20424,20426,2019,"190075199",2019/01/27,15:37:00,COLISIÓN POR ALCANCE,ASFALTO,Bueno,Bueno,2,HONDA,AZUL,2,,0,MASCULINO,SIN DATOS,0,0,Morelia,Felix Arreguin,enero,domingo,16,-101.227297782898,19.7204541205817
20426,20428,2019,"190065432",2019/01/27,17:00:00,COLISIÓN CON PEATÓN,SIN_DATOS,Bueno,Bueno,1,FIAT,PLATA,2,,29,FEMENINO,SIN DATOS,1,0,Morelia,Villas del Pedregal,enero,domingo,17,-101.303558349609,19.6844551260938
20427,20429,2019,,2019/01/27,17:45:00,COLISIÓN POR INVASIÓN DE CARRIL,ASFALTO,Bueno,Bueno,2,NISSAN,GRIS,4,MINISTERIO PÚBLICO,,,SIN DATOS,2,0,Hidalgo,Sin datos,enero,domingo,18,-100.672402381897,19.6679680357406
20428,20430,2019,"190065569",2019/01/27,17:50:00,COLISIÓN POR CAMBIO DE CARRIL,ASFALTO,Bueno,Bueno,2,TOYOTA,BLANCO/GRIS,0,,,,,0,0,Morelia,Felix Ireta,enero,domingo,18,-101.181464195251,19.6816265792016
20429,20431,2019,,2019/01/27,18:19:00,COLISIÓN POR CORTE DE CIRCULACIÓN,ASFALTO,Bueno,Bueno,1,S/D,S/D,0,,,,,0,0,Morelia,Jacarandas,enero,domingo,18,-101.211596131325,19.7090108740292
20430,20432,2019,"190065903",2019/01/27,19:15:00,COLISIÓN POR CORTE DE CIRCULACIÓN,ASFALTO,Bueno,Bueno,2,CHEVROLET,PLATA,2,,27,MASCULINO,ALIENTO ETÍLICO,0,0,Morelia,El Lago 1,enero,domingo,19,-101.217910051346,19.7273822900967
20431,20433,2019,,2019/01/27,20:00:00,COLISIÓN POR INVASIÓN DE CARRIL,ASFALTO,Bueno,Bueno,2,NISSAN,AZUL,1,MINISTERIO PÚBLICO,,,,1,0,Tacámbaro,Sin datos,enero,domingo,20,-101.458396911621,19.2164859292752
20434,20436,2019,,2019/01/27,20:35:00,SALIDA DE SUPERFICIE DE RODAMIENTO,ASFALTO,Bueno,Bueno,1,TSUZU,GUINDA,1,,0,MASCULINO,ALIENTO ETÍLICO,0,0,Santa Ana Maya,Del Bosque,enero,domingo,21,-101.023401618004,20.0087782697141
20435,20437,2019,"190066190",2019/01/27,22:15:00,COLISIÓN CONTRA OBJETO FIJO,ASFALTO,Bueno,Bueno,2,HONDA,PLATA,2,,30,MASCULINO,SIN DATOS,0,0,Morelia,Nueva Chapultepec,enero,domingo,22,-101.172258853912,19.6901827805442
20436,20438,2019,"190066223",2019/01/27,22:40:00,COLISIÓN POR MANIOBRA DE REVERSA,ASFALTO,Bueno,Bueno,2,VOLKWAGEN,GRIS,2,,26,FEMENINO,SIN DATOS,0,0,Morelia,Felix Ireta,enero,domingo,23,-101.181560754776,19.6814851505458
20437,20439,2019,"190067576",2019/01/28,"00:14:00",COLISIÓN POR ALCANCE,ASFALTO,Bueno,Bueno,2,CHRYSLER,BLANCO,2,,33,FEMENINO,SIN DATOS,0,0,Morelia,Tzindurio Norte,enero,lunes,0,-101.244785785675,19.7038394295532
20438,20440,2019,,2019/01/28,"03:00:00",COLISIÓN CONTRA OBJETO FIJO,ASFALTO,Bueno,Bueno,1,NISSAN,ROJO,1,,40,MASCULINO,SIN DATOS,0,0,Morelia,La Capilla,enero,lunes,3,-101.160355210304,19.6622294838603
20439,20441,2019,"190066466",2019/01/28,"05:00:00",SALIDA DE SUPERFICIE DE RODAMIENTO,ASFALTO,Bueno,Bueno,1,TOYOTA,NEGRO,1,,35,MASCULINO,SIN DATOS,0,0,Tarímbaro,Sin datos,enero,lunes,5,-101.141746044159,19.7728119175022
20440,20442,2019,"190066509",2019/01/28,"07:10:00",COLISIÓN CONTRA OBJETO FIJO,ASFALTO,Bueno,Bueno,1,VOLKWAGEN,SIN DATOS,1,,46,MASCULINO,SIN DATOS,0,0,Morelia,Lomas del Pedregal,enero,lunes,7,-101.284160614014,19.6905969416179
20441,20443,2019,,2019/01/28,"08:00:00",COLISIÓN CON PEATÓN,ASFALTO,Bueno,Bueno,1,CHRYSLER,BLANCO,2,,48,FEMENINO,SIN DATOS,1,0,Lázaro Cárdenas,Segundo Sector de Fidelac,enero,lunes,8,-102.209967970848,17.9616083436187
20442,20444,2019,,2019/01/28,"08:10:00",COLISIÓN POR MANIOBRA DE REVERSA,ASFALTO,Bueno,Bueno,2,RENAULT,GRIS,2,,57,FEMENINO,SIN DATOS,0,0,Morelia,Cosmos,enero,lunes,8,-101.216707080603,19.6834967088805
20443,20445,2019,"190066561",2019/01/28,"08:10:00",COLISIÓN POR MANIOBRA DE REVERSA,ADOQUIN_EMPEDRADO,Bueno,Bueno,2,RENOULT,GRIS,2,,57,MASCULINO,SIN DATOS,0,0,Morelia,Cosmos,enero,lunes,8,-101.216445565224,19.6834449365094
20444,20446,2019,"190066601",2019/01/28,"09:05:00",COLISIÓN POR CORTE DE CIRCULACIÓN,ASFALTO,Bueno,Bueno,2,HONDA,ROJO,2,,41,MASCULINO,SIN DATOS,0,0,Tarímbaro,Sin datos,enero,lunes,9,-101.123018860817,19.7664561832128
20445,20447,2019,"190066758",2019/01/28,10:20:00,COLISIÓN CON PEATÓN,ASFALTO,Bueno,Bueno,1,NISSAN,BLANCO Y ROJO,0,MINISTERIO PÚBLICO,,,,0,0,Morelia,Nueva Valladolid,enero,lunes,10,-101.20888710022,19.701016275555
20446,20448,2019,,2019/01/28,13:40:00,COLISIÓN CON PEATÓN,ASFALTO,Bueno,Bueno,1,VALLESTA,ROJO/NEGRO,3,,,,,3,0,Pátzcuaro,Centro,enero,lunes,14,-101.609834432602,19.5142597213613
20447,20449,2019,"190067371",2019/01/28,13:45:00,COLISIÓN POR MANIOBRA DE REVERSA,ASFALTO,Bueno,Bueno,2,NISSAN,ROJO,2,,60,MASCULINO,SIN DATOS,0,0,Morelia,Lomas del Valle,enero,lunes,14,-101.232136487961,19.6859602967547
20448,20450,2019,"190067468",2019/01/28,14:25:00,COLISIÓN POR ALCANCE,ASFALTO,Bueno,Bueno,2,TOYOTA,BLANCO/GRIS,2,,35,MASCULINO,SIN DATOS,0,0,Morelia,Diego Rivera,enero,lunes,14,-101.177714467049,19.7195451547734
20449,20451,2019,"190067925",2019/01/28,16:45:00,COLISIÓN POR ALCANCE,ASFALTO,Bueno,Bueno,2,MAZDA,BLANCO,2,,30,MASCULINO,SIN DATOS,0,0,Morelia,Cinco de Diciembre,enero,lunes,17,-101.158697605133,19.6864451809348
20450,20452,2019,,2019/01/28,17:00:00,COLISIÓN POR INVASIÓN DE CARRIL,ASFALTO,Bueno,Bueno,2,NISSAN,GRIS,2,MINISTERIO PÚBLICO,50,MASCULINO,SIN DATOS,1,0,Hidalgo,Sin datos,enero,lunes,17,-100.591192804277,19.6996870653868
20451,20453,2019,"190068104",2019/01/28,18:30:00,COLISIÓN POR CORTE DE CIRCULACIÓN,ASFALTO,Bueno,Bueno,2,YAMAHA,NEGRO,2,,0,MASCULINO,SIN DATOS,0,0,Morelia,Adolfo Lopez Mateos,enero,lunes,19,-101.225366592407,19.6959405335226
20452,20454,2019,"190068268",2019/01/28,18:35:00,COLISIÓN POR CAMBIO DE CARRIL,ASFALTO,Bueno,Bueno,2,NISSAN,BLANCO Y ROSA,2,,23,MASCULINO,SIN DATOS,0,0,Morelia,Centro,enero,lunes,19,-101.195170283318,19.7030616783247
20453,20455,2019,,2019/01/28,19:00:00,COLISIÓN POR CAMBIO DE CARRIL,ASFALTO,Bueno,Bueno,2,TOYOTA,BLANCO,2,,37,MASCULINO,SIN DATOS,0,0,Morelia,Camelinas,enero,lunes,19,-101.174232959747,19.6818993341137
20454,20456,2019,"190078234",2019/01/28,19:00:00,COLISIÓN POR CAMBIO DE CARRIL,ASFALTO,Bueno,Bueno,2,TOYOTA,BLANCO/GRIS,2,,37,MASCULINO,SIN DATOS,0,0,Morelia,Camelinas,enero,lunes,19,-101.16959810257,19.6823539246018
20455,20457,2019,"190068431",2019/01/28,20:20:00,COLISIÓN POR ALCANCE,CONCRETO,Bueno,Bueno,2,FORD,BLANCO,2,,59,MASCULINO,ALIENTO ETÍLICO,0,0,Morelia,Vasco de Quiroga,enero,lunes,20,-101.171035766602,19.7025364415901
20456,20458,2019,"190068640",2019/01/28,21:20:00,COLISIÓN POR ALCANCE,ASFALTO,Bueno,Bueno,2,NISSAN,BLANCO,2,,0,MASCULINO,SIN DATOS,0,0,Morelia,Felix Ireta,enero,lunes,21,-101.181507110596,19.6816265792016
20458,20460,2019,"190068730",2019/01/28,22:40:00,COLISIÓN POR INVASIÓN DE CARRIL,CONCRETO,Bueno,Bueno,2,RENAULT,ROJO,2,,52,MASCULINO,SIN DATOS,0,0,Morelia,Villas de La Loma,enero,lunes,23,-101.300720572472,19.6909504929063
20459,20461,2019,,2019/01/29,"00:40:00",SALIDA DE SUPERFICIE DE RODAMIENTO,ASFALTO,Bueno,Bueno,1,INTERNACIONAL,BLANCO,1,,37,MASCULINO,SIN DATOS,0,0,José Sixto Verduzco,Centro,enero,martes,1,-101.597002744675,20.3014453079529
20460,20462,2019,"190069014",2019/01/29,"06:10:00",COLISIÓN POR CORTE DE CIRCULACIÓN,ASFALTO,Bueno,Bueno,1,DODGE,GRIS,1,,0,,SIN DATOS,0,0,Morelia,Quinceo,enero,martes,6,-101.221445202827,19.7277559583409
20461,20463,2019,"190069091",2019/01/29,"07:35:00",COLISIÓN POR ALCANCE,ASFALTO,Bueno,Bueno,2,CHEVROLET,GRIS,2,,49,MASCULINO,SIN DATOS,0,0,Morelia,Bello Horizonte,enero,martes,8,-101.238772273064,19.6754995733318
20462,20464,2019,"190069136",2019/01/29,"08:40:00",COLISIÓN POR CORTE DE CIRCULACIÓN,ASFALTO,Bueno,Bueno,2,ITALIKA,VERDE,2,,31,MASCULINO,SIN DATOS,0,0,Morelia,Felicitas del Rio,enero,martes,9,-101.197085380554,19.6902332880495
20463,20465,2019,"190059237",2019/01/29,"09:20:00",COLISIÓN POR CAMBIO DE CARRIL,ASFALTO,Bueno,Bueno,2,NISSAN,CAFE,2,,41,FEMENINO,SIN DATOS,0,0,Morelia,Vasco de Quiroga,enero,martes,9,-101.173278093338,19.697879940527
20464,20466,2019,"190069339",2019/01/29,10:00:00,COLISIÓN CON PEATÓN,ASFALTO,Bueno,Bueno,1,VOLKSWAGEN,PLATA,2,,64,MASCULINO,SIN DATOS,1,0,Morelia,Plan de La Garita,enero,martes,10,-101.18724167347,19.7111268758602
20465,20467,2019,,2019/01/29,11:00:00,COLISIÓN POR CAMBIO DE CARRIL,ASFALTO,Bueno,Bueno,2,CHEVROLET,BLANCO/ROJO,2,,0,MASCULINO,SIN DATOS,0,0,Morelia,Victor Manuel Tinoco Rubi,enero,martes,11,-101.243541240692,19.7005162842344
20466,20468,2019,"190069911",2019/01/29,12:45:00,COLISIÓN POR ALCANCE,ASFALTO,Bueno,Bueno,3,DODGE,PLATA,3,,84,MASCULINO,SIN DATOS,0,0,Morelia,Felix Ireta,enero,martes,13,-101.191914081573,19.6825559644047
20467,20469,2019,"19006978",2019/01/29,12:50:00,COLISIÓN POR ALCANCE,ASFALTO,Bueno,Bueno,2,NISSAN,BLANCO,2,,59,MASCULINO,SIN DATOS,0,0,Morelia,Agustin Arriaga Rivera,enero,martes,13,-101.225801110268,19.6901423745284
20468,20470,2019,"190069858",2019/01/29,12:50:00,COLISIÓN POR CAMBIO DE CARRIL,ASFALTO,Bueno,Bueno,2,KENWORTH,BLANCO,2,,28,MASCULINO,SIN DATOS,0,0,Morelia,Los Manantiales de Morelia,enero,martes,13,-101.240258216858,19.6928293523679
20469,20471,2019,"190069277",2019/01/29,12:50:00,COLISIÓN POR ALCANCE,ASFALTO,Bueno,Bueno,2,NISSAN,BLANCO,2,,0,MASCULINO,SIN DATOS,0,0,Morelia,Fuentes de Morelia,enero,martes,13,-101.204547286034,19.6729941514208
20470,20472,2019,"190069857",2019/01/29,13:40:00,COLISIÓN POR CORTE DE CIRCULACIÓN,CONCRETO,Bueno,Bueno,1,YAMAHA,NEGRO,1,,31,MASCULINO,SIN DATOS,0,0,Morelia,Bosques Tres Marias,enero,martes,14,-101.104109287262,19.7245545020827
20471,20473,2019,"190070249",2019/01/29,13:50:00,COLISIÓN POR ALCANCE,CONCRETO,Bueno,Bueno,2,VOLKWAGEN,GRIS,2,,31,MASCULINO,SIN DATOS,0,0,Morelia,Valle de Las Flores,enero,martes,14,-101.126639842987,19.6879099263123
20472,20474,2019,"190070080",2019/01/29,14:00:00,COLISIÓN POR CORTE DE CIRCULACIÓN,ASFALTO,Bueno,Bueno,2,CHEVROLET,BLANCO,2,,37,MASCULINO,SIN DATOS,0,0,Morelia,Francisco J Mujica,enero,martes,14,-101.18560552597,19.7240899321231
20473,20475,2019,"190070690",2019/01/29,14:40:00,COLISIÓN POR ALCANCE,ASFALTO,Bueno,Bueno,2,CHEVROLET,ROJO,2,,45,MASCULINO,SIN DATOS,0,0,Morelia,Ejidal Ocolusen,enero,martes,15,-101.152067184448,19.6834853442151
20474,20476,2019,"190060135",2019/01/29,15:10:00,COLISIÓN POR CORTE DE CIRCULACIÓN,ASFALTO,Bueno,Bueno,2,BAJAJ,NEGRO,2,MINISTERIO PÚBLICO,19,MASCULINO,SIN DATOS,0,0,Morelia,Antonio Alzate,enero,martes,15,-101.149089932442,19.7023117003452
20475,20477,2019,"190070137",2019/01/29,15:40:00,COLISIÓN POR ALCANCE,ASFALTO,Bueno,Bueno,2,NISSAN,PLATA,2,MINISTERIO PÚBLICO,59,MASCULINO,SIN DATOS,0,0,Morelia,Francisco J Mujica,enero,martes,16,-101.188287734985,19.7216256688878
20476,20478,2019,"190070471",2019/01/29,17:00:00,CAIDA DE MOTOCICLETA,ASFALTO,Bueno,Bueno,1,ITALIKA,AZUL,2,,,FEMENINO,SIN DATOS,1,0,Morelia,Chapultepec Sur,enero,martes,17,-101.173196285963,19.6905780013482
20477,20479,2019,"190070819",2019/01/29,18:05:00,COLISIÓN POR ALCANCE,ASFALTO,Bueno,Bueno,3,ISUZU,AZUL,3,MINISTERIO PÚBLICO,41,MASCULINO,SIN DATOS,0,0,Tarímbaro,Sin datos,enero,martes,18,-101.149020195007,19.7713479503353