fid,id_accidente,anio_origen,folio_c5i,dia_incidente,hora_ocurrencia,tipo_incidente_vial,superficie_ocurrencia,condiciones_climaticas,condiciones_via,numero_vehiculos_involucrados,marca_vehiculo_ocasiona_siniestro,color_vehiculo_ocasiona_siniestro,numero_personas_involucradas,lugar_remite_presunto_responsable,edad_presunto_responsable,sexo_presunto_responsable,resultados_toxicologia,numero_personas_lesionadas,numero_personas_fallecidas,municipio,colonia,mes,dia_semana,hora_redondeada,lon,lat
20478,20480,2019,"190070643",2019/01/29,18:10:00,COLISIÓN POR CAMBIO DE CARRIL,ASFALTO,Bueno,Bueno,2,MERCEDES BENZ,BLANCO Y ROJO,2,,38,MASCULINO,SIN DATOS,0,0,Morelia,Camelinas,enero,martes,18,-101.173227131367,19.6819321656922
20480,20482,2019,,2019/01/29,19:50:00,COLISIÓN POR CORTE DE CIRCULACIÓN,ASFALTO,Bueno,Bueno,2,TOYOTA,"VERDE, ORO",2,MINISTERIO PÚBLICO,0,,SIN DATOS,0,0,Ario,Centro,enero,martes,20,-101.71101808548,19.2111366512205
20481,20483,2019,"190071464",2019/01/30,"05:00:00",CAIDA ACUATICA DE VEHÍCULO,ASFALTO,Bueno,Bueno,1,NISSAN,ROJO,1,,31,MASCULINO,SIN DATOS,0,0,Morelia,Rafael Carrillo,enero,miércoles,5,-101.236417293549,19.7078594340637
20482,20484,2019,"190071518",2019/01/30,"07:25:00",COLISIÓN POR CAMBIO DE CARRIL,ASFALTO,Bueno,Bueno,3,VOLKSWAGEN,AZUL,3,MINISTERIO PÚBLICO,0,,SIN DATOS,0,1,Morelia,Ciudad Industrial,enero,miércoles,7,-101.139208674431,19.7277711070351
20483,20485,2019,,2019/01/30,"07:30:00",COLISIÓN POR CORTE DE CIRCULACIÓN,ASFALTO,Bueno,Bueno,2,CHEVROLET,AZUL,2,,51,MASCULINO,SIN DATOS,0,0,Morelia,Lomas de Santa Maria,enero,miércoles,8,-101.185385584831,19.6744337635563
20484,20486,2019,"190071536",2019/01/30,"07:30:00",COLISIÓN POR CORTE DE CIRCULACIÓN,CONCRETO,Bueno,Bueno,2,CHEVROLET,AZUL,2,,51,MASCULINO,SIN DATOS,0,0,Morelia,Lomas de Santa Maria,enero,miércoles,8,-101.185380220413,19.6745145835033
20485,20487,2019,"180263758",2019/01/30,"08:27:00",SALIDA DE SUPERFICIE DE RODAMIENTO,ASFALTO,Bueno,Bueno,1,NISSAN,GRIS,0,,,,,0,0,Charo,Sin datos,enero,miércoles,8,-101.007356643677,19.6733022800183
20486,20488,2019,MOR190071770,2019/01/30,"09:00:00",COLISIÓN POR CAMBIO DE CARRIL,ASFALTO,Bueno,Bueno,2,MACK,BLANCO,2,,38,MASCULINO,SIN DATOS,0,0,Morelia,Ciudad Industrial,enero,miércoles,9,-101.141681671143,19.7261097916831
20487,20489,2019,"190072789",2019/01/30,"09:25:00",COLISIÓN CONTRA OBJETO FIJO,CONCRETO,Bueno,Bueno,1,WOLKSWAGEN,BLANCO,1,MINISTERIO PÚBLICO,0,,SIN DATOS,0,0,Morelia,Francisco Javier Clavijero,enero,miércoles,9,-101.143489480019,19.7001071992646
20488,20490,2019,"190007183",2019/01/30,"09:50:00",COLISIÓN POR ALCANCE,ASFALTO,Bueno,Bueno,2,NISSAN,BLANCO,2,,21,MASCULINO,SIN DATOS,0,0,Morelia,Lomas del Tecnologico,enero,miércoles,10,-101.188609600067,19.7199743892714
20489,20491,2019,"190071837",2019/01/30,10:14:00,COLISIÓN POR CORTE DE CIRCULACIÓN,CONCRETO,Bueno,Bueno,2,HONDA,VERDE,2,,47,MASCULINO,SIN DATOS,0,0,Morelia,Ferrocarrilero,enero,miércoles,10,-101.217523813248,19.6976678190305
20490,20492,2019,,2019/01/30,11:30:00,CAIDA DE MOTOCICLETA,ASFALTO,Bueno,Bueno,1,ITALIKA,ROJO,1,,34,MASCULINO,SIN DATOS,0,0,Morelia,Villas Oriente,enero,miércoles,12,-101.142282485962,19.7534713222274
20493,20495,2019,"190071955",2019/01/30,11:37:00,CAIDA DE MOTOCICLETA,ASFALTO,Bueno,Bueno,1,ITALIKA,ROJO,2,,34,MASCULINO,SIN DATOS,1,0,Morelia,Villas Oriente,enero,miércoles,12,-101.144556999207,19.7545265078539
20494,20496,2019,"190072181",2019/01/30,12:05:00,COLISIÓN POR ALCANCE,ASFALTO,Bueno,Bueno,2,NISSAN,GRIS,2,,35,FEMENINO,SIN DATOS,0,0,Morelia,Loma Dorada,enero,miércoles,12,-101.254372000694,19.6977587282777
20495,20497,2019,"190072227",2019/01/30,12:25:00,COLISIÓN POR ALCANCE,CONCRETO,Bueno,Bueno,3,VOLKSWAGEN,BLANCO,3,,29,FEMENINO,SIN DATOS,0,0,Morelia,Gertrudis Bocanegra,enero,miércoles,12,-101.212652921677,19.7019606993424
20496,20498,2019,,2019/01/30,12:50:00,COLISIÓN POR CAMBIO DE CARRIL,CONCRETO,Bueno,Bueno,2,NISSAN,GUINDA,2,,,MASCULINO,SIN DATOS,0,0,Morelia,Centro,enero,miércoles,13,-101.189857827865,19.6978510930408
20497,20499,2019,LEG21217,2019/01/30,12:58:00,COLISIÓN POR ALCANCE,ASFALTO,Bueno,Bueno,2,NISSAN,GRIS,2,,19,MASCULINO,SIN DATOS,0,0,Morelia,Lomas de Hidalgo,enero,miércoles,13,-101.158751249313,19.6956172967371
20498,20500,2019,MOR190072584,2019/01/30,13:00:00,COLISIÓN POR CORTE DE CIRCULACIÓN,ASFALTO,Bueno,Bueno,2,KAWASAKI,AZUL,2,,0,MASCULINO,SIN DATOS,0,0,Morelia,Ejidal Ocolusen,enero,miércoles,13,-101.152914762497,19.6857582612463
20499,20501,2019,MOR190072425,2019/01/30,13:25:00,COLISIÓN CON PEATÓN,ASFALTO,Bueno,Bueno,1,CHEVROLET,BLANCO,2,,0,MASCULINO,SIN DATOS,1,0,Morelia,Central de Abastos,enero,miércoles,13,-101.168769299984,19.7157678414927
20500,20502,2019,"1900727894",2019/01/30,13:30:00,COLISIÓN CON PEATÓN,ASFALTO,Bueno,Bueno,1,HONDA,BLANCO,1,MINISTERIO PÚBLICO,,,,1,0,Morelia,Vasco de Quiroga,enero,miércoles,14,-101.175981760025,19.6983950915621
20501,20503,2019,"1900727793",2019/01/30,14:45:00,COLISIÓN CON PEATÓN,CONCRETO,Bueno,Bueno,1,TOYOTA,ROSA/BLANCO,2,,25,MASCULINO,SIN DATOS,1,0,Morelia,Santiaguito,enero,miércoles,15,-101.190770119429,19.7178888037876
20502,20504,2019,,2019/01/30,15:00:00,COLISIÓN CON PEATÓN,SIN_DATOS,Bueno,Bueno,2,BAJAJ,NEGRO,2,,24,MASCULINO,SIN DATOS,0,0,Morelia,Club Campestre,enero,miércoles,15,-101.157560348511,19.6805557591299
20503,20505,2019,"190072695",2019/01/30,15:00:00,COLISIÓN POR ALCANCE,ASFALTO,Bueno,Bueno,2,BAJAJ,NEGRO,2,,24,MASCULINO,SIN DATOS,0,0,Morelia,Ejidal Ocolusen,enero,miércoles,15,-101.152045726776,19.6835257519106
20504,20506,2019,,2019/01/30,15:14:00,COLISIÓN POR CAMBIO DE CARRIL,ASFALTO,Bueno,Bueno,2,NISSAN,BLANCO,2,,23,MASCULINO,SIN DATOS,0,0,Lázaro Cárdenas,Las Torres,enero,miércoles,15,-102.214050292969,17.9627616120557
20505,20507,2019,"190072793",2019/01/30,15:30:00,COLISIÓN POR CORTE DE CIRCULACIÓN,ASFALTO,Bueno,Bueno,2,NISSAN,GRIS,2,,32,MASCULINO,SIN DATOS,0,0,Morelia,Enrique Arreguin Robles,enero,miércoles,16,-101.178900003433,19.7203430250379
20506,20508,2019,"190073108",2019/01/30,16:20:00,COLISIÓN POR ALCANCE,ASFALTO,Bueno,Bueno,2,HONDA,BLANCO,2,,25,MASCULINO,SIN DATOS,0,0,Morelia,Asociacion Zirahuen,enero,miércoles,16,-101.250236034393,19.6987587265885
20507,20509,2019,"190073376",2019/01/30,17:35:00,COLISIÓN POR CORTE DE CIRCULACIÓN,ASFALTO,Bueno,Bueno,2,DODGE,BLANCO,2,,29,MASCULINO,SIN DATOS,0,0,Morelia,Isaac Arriaga,enero,miércoles,18,-101.169918626547,19.708658625183
20508,20510,2019,,2019/01/30,19:14:00,COLISIÓN POR CORTE DE CIRCULACIÓN,ASFALTO,Bueno,Bueno,2,TOYOTA,BLANCO,2,,23,MASCULINO,SIN DATOS,0,0,Lázaro Cárdenas,Centro,enero,miércoles,19,-102.196074128151,17.9549335271657
20509,20511,2019,"190073841",2019/01/30,20:20:00,COLISIÓN POR ALCANCE,CONCRETO,Bueno,Bueno,2,NISSAN,BLANCO/ROJO,2,,71,MASCULINO,SIN DATOS,0,0,Morelia,Ferrocarrilero,enero,miércoles,20,-101.217502355576,19.6976375159366
20510,20512,2019,,2019/01/30,20:40:00,COLISIÓN POR CAMBIO DE CARRIL,ASFALTO,Bueno,Bueno,2,VOLVO,AZUL,2,,45,MASCULINO,SIN DATOS,0,0,Morelia,Enrique Arreguin Robles,enero,miércoles,21,-101.18653357029,19.720529867499
20511,20513,2019,"190074066",2019/01/30,22:00:00,COLISIÓN POR CORTE DE CIRCULACIÓN,ASFALTO,Bueno,Bueno,1,YAMAHA,BLANCO,1,,25,MASCULINO,SIN DATOS,0,0,Morelia,Jardines de Torremolinos,enero,miércoles,22,-101.225709915161,19.6769795723055
20512,20514,2019,"190076964",2019/01/31,"00:20:00",COLISIÓN CONTRA OBJETO FIJO,CONCRETO,Bueno,Bueno,1,AUDI,AZUL,1,,23,MASCULINO,ALIENTO ETÍLICO,0,0,Morelia,Montaña Monarca,enero,jueves,0,-101.166079044342,19.674696428235
20513,20515,2019,MOR190074339,2019/01/31,"04:00:00",COLISIÓN POR CAMBIO DE CARRIL,ASFALTO,Bueno,Bueno,2,VOLKSWAGEN,ROJO,2,,25,MASCULINO,ALIENTO ETÍLICO,0,0,Morelia,Ana Maria Gallaga (Riviera Norte),enero,jueves,4,-101.219551563263,19.6769795723055
20514,20516,2019,MOR190074372,2019/01/31,"05:55:00",COLISIÓN POR CAMBIO DE CARRIL,ASFALTO,Bueno,Bueno,2,VENTO,GRIS,2,,38,MASCULINO,SIN DATOS,0,0,Morelia,Dr Miguel Silva,enero,jueves,6,-101.180911660194,19.7196057526547
20515,20517,2019,"190007444",2019/01/31,"08:00:00",COLISIÓN POR CAMBIO DE CARRIL,ASFALTO,Bueno,Bueno,2,CHEVROLET,CAFE,2,,24,MASCULINO,SIN DATOS,0,0,Morelia,Centro,enero,jueves,8,-101.188824176788,19.7091118771395
20516,20518,2019,"190074454",2019/01/31,"08:05:00",COLISIÓN POR INVASIÓN DE CARRIL,ASFALTO,Bueno,Bueno,2,NISSAN,PLATA,2,,34,MASCULINO,SIN DATOS,0,0,Morelia,San Jose Itzicuaro,enero,jueves,8,-101.312592029572,19.6873846398557
20517,20519,2019,"190074451",2019/01/31,"08:16:00",COLISIÓN POR CORTE DE CIRCULACIÓN,ASFALTO,Bueno,Bueno,3,SIN DATOS,SIN DATOS,3,,0,,SIN DATOS,0,0,Morelia,Virrey Antonio de Mendoza,enero,jueves,8,-101.163458526134,19.7076662640471
20518,20520,2019,,2019/01/31,"08:50:00",COLISIÓN POR CORTE DE CIRCULACIÓN,CONCRETO,Bueno,Bueno,2,CHEVROLET,PLATA,2,,30,MASCULINO,SIN DATOS,0,0,Morelia,Jardines de Guadalupe,enero,jueves,9,-101.226536035538,19.7106875174012
20519,20521,2019,"190007477",2019/01/31,10:22:00,COLISIÓN POR CORTE DE CIRCULACIÓN,CONCRETO,Bueno,Bueno,2,TSURU,GRIS,2,,21,MASCULINO,SIN DATOS,0,0,Morelia,Lomas de Guayangareo,enero,jueves,10,-101.161272525787,19.7054302725624
20520,20522,2019,,2019/01/31,11:20:00,COLISIÓN CONTRA OBJETO FIJO,ASFALTO,Bueno,Bueno,1,MAZDA,PERLA,1,,61,FEMENINO,SIN DATOS,0,0,Morelia,Vista Bella,enero,jueves,11,-101.194907426834,19.6788788001071
20521,20523,2019,"190074931",2019/01/31,11:25:00,COLISIÓN CONTRA OBJETO FIJO,ASFALTO,Bueno,Bueno,1,MAZDA,PLATA,1,,61,FEMENINO,SIN DATOS,0,0,Morelia,Vista Bella,enero,jueves,11,-101.19421005249,19.6786262445165
20522,20524,2019,,2019/01/31,12:30:00,COLISIÓN POR INVASIÓN DE CARRIL,CONCRETO,Bueno,Bueno,2,VILLAGERD,GUINDA,2,MINISTERIO PÚBLICO,44,FEMENINO,SIN DATOS,0,0,Apatzingán,Lazaro Cardenas,enero,jueves,13,-102.351261377335,19.0913707043271
20523,20525,2019,"1900075203",2019/01/31,13:10:00,COLISIÓN POR CORTE DE CIRCULACIÓN,ASFALTO,Bueno,Bueno,3,SIN DATOS,SIN DATOS,1,,0,,SIN DATOS,0,0,Morelia,Rey Tariacuri (Eucaliptos),enero,jueves,13,-101.198673248291,19.6786211934006
20524,20526,2019,"190075577",2019/01/31,14:50:00,COLISIÓN POR CAMBIO DE CARRIL,ASFALTO,Bueno,Bueno,2,DODGE,AMARILLO,0,MINISTERIO PÚBLICO,,,,0,0,Morelia,La Soledad,enero,jueves,15,-101.183395385742,19.7282306167424
20525,20527,2019,"190075555",2019/01/31,15:00:00,COLISIÓN POR MANIOBRA DE REVERSA,ASFALTO,Bueno,Bueno,2,VOLKWAGEN,BLANCO,2,,18,FEMENINO,SIN DATOS,0,0,Morelia,Central de Abastos,enero,jueves,15,-101.17147564888,19.7162223357818
20526,20528,2019,"190075860",2019/01/31,15:57:00,COLISIÓN POR CORTE DE CIRCULACIÓN,ASFALTO,Bueno,Bueno,2,HONDA,AZUL,2,,43,FEMENINO,SIN DATOS,0,0,Morelia,Montaña Monarca,enero,jueves,16,-101.16458773613,19.6656948663406
20527,20529,2019,"190075881",2019/01/31,16:15:00,COLISIÓN POR ALCANCE,ASFALTO,Bueno,Bueno,2,NISSAN,AZUL,2,,32,FEMENINO,SIN DATOS,0,0,Morelia,Centro,enero,jueves,16,-101.199542284012,19.6983142836663
20528,20530,2019,,2019/01/31,16:20:00,COLISIÓN POR CAMBIO DE CARRIL,ASFALTO,Bueno,Bueno,2,NISSAN,BLANCO,2,,0,MASCULINO,SIN DATOS,0,0,Madero,Sin datos,enero,jueves,16,-101.27368927002,19.3861538237744
20529,20531,2019,,2019/01/31,17:05:00,VOLCADURA,ASFALTO,Bueno,Bueno,1,CHEVROLET,BLANCO,1,,20,FEMENINO,SIN DATOS,0,0,Maravatío,Centro,enero,jueves,17,-100.443127155304,19.8920345610473
20530,20532,2019,"190076056",2019/01/31,17:40:00,COLISIÓN POR CAMBIO DE CARRIL,ASFALTO,Bueno,Bueno,2,BAJAJ,NEGRO,3,,29,MASCULINO,SIN DATOS,1,0,Morelia,Los Manantiales de Morelia,enero,jueves,18,-101.24022603035,19.7010213259645
20531,20533,2019,"190076222",2019/01/31,17:45:00,COLISIÓN POR CORTE DE CIRCULACIÓN,ASFALTO,Bueno,Bueno,2,KENWORTH,BLANCO,2,,44,MASCULINO,SIN DATOS,0,0,Morelia,Sentimientos de La Nacion,enero,jueves,18,-101.235408782959,19.6814649464419
20532,20534,2019,"1900076140",2019/01/31,17:50:00,COLISIÓN POR CAMBIO DE CARRIL,ASFALTO,Bueno,Bueno,2,SIN DATOS,SIN DATOS,2,,0,,SIN DATOS,0,0,Morelia,Tzindurio Norte,enero,jueves,18,-101.245858669281,19.699869828494
20533,20535,2019,,2019/01/31,18:55:00,COLISIÓN POR ALCANCE,ASFALTO,Nublado,Bueno,3,NISSAN,ROJO,3,,28,,SIN DATOS,0,0,Morelia,Santa Maria de Guido,enero,jueves,19,-101.19400268091,19.6777438072349
20534,20536,2019,"190076326",2019/01/31,19:25:00,COLISIÓN POR CAMBIO DE CARRIL,ASFALTO,Bueno,Bueno,1,CHEVROLET,BLANCO,0,,,,,0,0,Morelia,Chapultepec Norte,enero,jueves,19,-101.171751916409,19.6971930699006
20535,20537,2019,,2019/01/31,20:30:00,COLISIÓN POR ALCANCE,ASFALTO,Bueno,Regular,3,HONDA,GRIS,3,,47,MASCULINO,SIN DATOS,0,0,Peribán,Los Cerritos,enero,jueves,21,-102.429163455963,19.5334623212773
20536,20538,2019,,2019/01/31,20:40:00,SUBIDA AL CAMELLÓN,ASFALTO,Bueno,Bueno,1,FERRARY,AMARILLO,1,,41,MASCULINO,SIN DATOS,0,0,Morelia,Felix Ireta,enero,jueves,21,-101.183459758759,19.681404334115
20537,20539,2019,,2019/01/31,21:00:00,COLISIÓN POR ALCANCE,ADOQUIN_EMPEDRADO,Bueno,Bueno,2,CHEVROLET,PLATA,2,,34,MASCULINO,SIN DATOS,0,0,Tarímbaro,Sin datos,enero,jueves,21,-101.173052787781,19.7487506695126
20538,20540,2019,,2019/01/31,21:40:00,COLISIÓN POR MANIOBRA DE REVERSA,ASFALTO,Bueno,Bueno,2,FORD,VERDE,3,,78,FEMENINO,SIN DATOS,1,0,Huandacareo,Centro,enero,jueves,22,-101.277734041214,19.9879591204498
20539,20541,2019,"190076828",2019/01/31,22:20:00,COLISIÓN POR INVASIÓN DE CARRIL,CONCRETO,Bueno,Bueno,3,CHEVROLET,PLATA,2,,19,MASCULINO,SIN DATOS,0,0,Morelia,Ventura Puente,enero,jueves,22,-101.183470487595,19.6910717103111
20540,20542,2019,MOR190077172,2019/02/01,"07:50:00",COLISIÓN POR CORTE DE CIRCULACIÓN,ASFALTO,Bueno,Bueno,2,FORD,BLANCO,2,MINISTERIO PÚBLICO,0,MASCULINO,SIN DATOS,0,0,Morelia,Primo Tapia Oriente,febrero,viernes,8,-101.160156726837,19.715601193263
20541,20543,2019,MOR190077220,2019/02/01,"08:15:00",COLISIÓN CONTRA OBJETO FIJO,CONCRETO,Bueno,Bueno,1,HONDA,AZUL,1,MINISTERIO PÚBLICO,0,,SIN DATOS,0,0,Morelia,Vistas de Altozano,febrero,viernes,8,-101.165692806244,19.6533838313351
20542,20544,2019,,2019/02/01,"08:20:00",COLISIÓN CON PEATÓN,SIN_DATOS,Bueno,Bueno,1,DODGE,BLANCO,1,,54,MASCULINO,SIN DATOS,0,0,Morelia,Libertad,febrero,viernes,8,-101.238166093826,19.6875462666413
20543,20545,2019,"190079012",2019/02/01,"08:49:00",COLISIÓN POR CORTE DE CIRCULACIÓN,ASFALTO,Bueno,Bueno,2,SIN DATOS,SIN DATOS,2,,0,,SIN DATOS,0,0,Morelia,Centro,febrero,viernes,9,-101.189939975739,19.700975872274
20544,20546,2019,MOR19077742,2019/02/01,10:04:00,COLISIÓN CONTRA OBJETO FIJO,ASFALTO,Bueno,Bueno,1,SEAT,BLANCO,1,,0,,SIN DATOS,0,0,Morelia,Chapultepec Norte,febrero,viernes,10,-101.170241832733,19.6953445651916
20545,20547,2019,,2019/02/01,11:00:00,COLISIÓN POR CORTE DE CIRCULACIÓN,ADOQUIN_EMPEDRADO,Bueno,Bueno,2,VOLVO,CREMA/VERDE,2,,55,FEMENINO,SIN DATOS,0,0,Morelia,Centro,febrero,viernes,11,-101.184636525817,19.7020789950858
20546,20548,2019,MOR190077656,2019/02/01,11:45:00,COLISIÓN CON PEATÓN,ASFALTO,Bueno,Bueno,1,VOLKSWAGEN,NEGRO,2,,27,MASCULINO,SIN DATOS,1,0,Morelia,Ventura Puente,febrero,viernes,12,-101.181104779243,19.6885210747325
20547,20549,2019,"190077684",2019/02/01,11:50:00,COLISIÓN CON PEATÓN,CONCRETO,Bueno,Bueno,2,CHEVROLET,BLANCO/VERDE,2,,25,MASCULINO,SIN DATOS,0,0,Morelia,Centro,febrero,viernes,12,-101.192353963852,19.7048191887063
20548,20550,2019,MOR19077748,2019/02/01,12:08:00,COLISIÓN POR CAMBIO DE CARRIL,ASFALTO,Bueno,Bueno,2,NISSAN,BLANCO VERDE,2,MINISTERIO PÚBLICO,36,MASCULINO,SIN DATOS,0,0,Morelia,Vasco de Quiroga,febrero,viernes,12,-101.175890564919,19.698167819251
20549,20551,2019,MOR 19077799,2019/02/01,12:20:00,COLISIÓN CON PEATÓN,ASFALTO,Bueno,Bueno,1,ITALIKA,NEGRO / PLATA,1,MINISTERIO PÚBLICO,,,,1,0,Morelia,Centro,febrero,viernes,12,-101.182327866554,19.7026677509354
20550,20552,2019,MOR190078253,2019/02/01,13:45:00,COLISIÓN POR ALCANCE,ASFALTO,Bueno,Bueno,2,FORD,BLANCO,2,,64,MASCULINO,SIN DATOS,0,0,Morelia,Alberto Oviedo Mota,febrero,viernes,14,-101.202154755592,19.6774594325192
20551,20553,2019,"190078156",2019/02/01,13:55:00,COLISIÓN POR CORTE DE CIRCULACIÓN,CONCRETO,Bueno,Bueno,1,YAMAHA,BLANCO,2,,23,MASCULINO,SIN DATOS,1,0,Morelia,Villas del Pedregal,febrero,viernes,14,-101.304132342339,19.6803461402121
20552,20554,2019,MOR 190078289,2019/02/01,14:00:00,COLISIÓN POR CORTE DE CIRCULACIÓN,ASFALTO,Bueno,Bueno,2,YAMAHA,BLANCO,2,,0,MASCULINO,SIN DATOS,0,0,Morelia,Nueva Chapultepec,febrero,viernes,14,-101.1707675457,19.6864047739758
20553,20555,2019,"190078211",2019/02/01,14:15:00,COLISIÓN POR CORTE DE CIRCULACIÓN,ASFALTO,Bueno,Bueno,2,MERCEDEZ BENZ,BLANCO/AZUL,2,,24,MASCULINO,SIN DATOS,0,0,Morelia,Las Americas,febrero,viernes,14,-101.150897741318,19.6898014483644
20555,20557,2019,"190076972",2019/02/01,15:40:00,COLISIÓN CON PEATÓN,SIN_DATOS,Bueno,Bueno,3,DINA,BLANCO,3,MINISTERIO PÚBLICO,39,MASCULINO,SIN DATOS,0,0,Morelia,Ana Maria Gallaga (Riviera Norte),febrero,viernes,16,-101.222791671753,19.6769391629588
20556,20558,2019,MOR 190078980,2019/02/01,15:45:00,COLISIÓN CON PEATÓN,ASFALTO,Bueno,Bueno,2,INTERNATIONAL,ROJO,2,,45,MASCULINO,SIN DATOS,0,0,Morelia,Las Americas,febrero,viernes,16,-101.156594753265,19.6878897230189
20557,20559,2019,,2019/02/01,17:00:00,VOLCADURA,ASFALTO,Bueno,Bueno,0,,,0,,,,,0,0,Peribán,Los Cerritos,febrero,viernes,17,-102.428970336914,19.5334623212773
20558,20560,2019,"190078977",2019/02/01,18:05:00,COLISIÓN POR CORTE DE CIRCULACIÓN,CONCRETO,Bueno,Bueno,2,NISSAN,ROJO,2,,35,MASCULINO,SIN DATOS,0,0,Morelia,Valle Verde,febrero,viernes,18,-101.204984486103,19.6677962862894
20559,20561,2019,"190079125",2019/02/01,19:40:00,COLISIÓN POR ALCANCE,ASFALTO,Bueno,Bueno,2,MAZDA,BLANCO,2,,29,MASCULINO,SIN DATOS,0,0,Morelia,Avicola Benito Juarez,febrero,viernes,20,-101.279504299164,19.6915868832579
20560,20562,2019,"190079309",2019/02/01,19:50:00,COLISIÓN POR CORTE DE CIRCULACIÓN,ASFALTO,Bueno,Bueno,1,NISSAN,ARENA,1,,48,FEMENINO,SIN DATOS,0,0,Morelia,Jardines de La Loma,febrero,viernes,20,-101.224368810654,19.6767068090171
20561,20563,2019,"190095605",2019/02/01,21:51:00,COLISIÓN CONTRA OBJETO FIJO,ASFALTO,Bueno,Bueno,1,SIN DATOS,SIN DATOS,2,,0,,SIN DATOS,1,0,Morelia,Loma Bonita,febrero,viernes,22,-101.196543574333,19.7228527555352
20562,20564,2019,MOR19007972,2019/02/01,22:35:00,COLISIÓN POR NO RESPETAR SEMÁFORO,ASFALTO,Bueno,Bueno,2,CHEVROLET,AZUL,2,,24,MASCULINO,SIN DATOS,0,0,Morelia,Bosques de Oriente,febrero,viernes,23,-101.155457496643,19.7160102386077
20563,20565,2019,MOR190079835,2019/02/01,23:15:00,COLISIÓN POR ALCANCE,ASFALTO,Bueno,Bueno,2,CHEVROLET,GRIS,2,,33,MASCULINO,ALIENTO ETÍLICO,0,0,Morelia,Tinijaro,febrero,viernes,23,-101.264441013336,19.6963142752421
20564,20566,2019,,2019/02/02,"00:00:00",COLISIÓN POR CORTE DE CIRCULACIÓN,SIN_DATOS,Bueno,Bueno,2,CHEVROLET,BLANCO,2,,27,MASCULINO,SIN DATOS,0,0,Lázaro Cárdenas,Pescadores,febrero,sábado,0,-102.217472791672,17.9758960940676
20565,20567,2019,MOR190079914,2019/02/02,"00:00:00",COLISIÓN POR CORTE DE CIRCULACIÓN,ASFALTO,Bueno,Bueno,1,ITALIKA,NARANJA,1,,27,FEMENINO,SIN DATOS,0,0,Morelia,Ignacio Zaragoza,febrero,sábado,0,-101.202777028084,19.7230092967755
20566,20568,2019,,2019/02/02,"01:00:00",SUBIDA AL CAMELLÓN,ASFALTO,Lluvioso,Regular,2,NISSAN,CAFE,2,,50,MASCULINO,SIN DATOS,0,0,Gabriel Zamora,Lazaro Cardenas,febrero,sábado,1,-102.050741,19.157394
20567,20569,2019,MOR100800007,2019/02/02,"01:30:00",COLISIÓN CONTRA OBJETO FIJO,ASFALTO,Bueno,Bueno,1,NISSAN,BLANCO,1,,0,,SIN DATOS,0,0,Morelia,Ampliacion La Soledad,febrero,sábado,2,-101.183094978333,19.7319470422877
20568,20570,2019,MOR190080130,2019/02/02,"06:10:00",COLISIÓN CONTRA OBJETO FIJO,ASFALTO,Bueno,Bueno,1,CHRYSLER,NEGRO,1,,39,MASCULINO,SIN DATOS,0,0,Morelia,Sin datos,febrero,sábado,6,-101.315145492554,19.687768503205
20569,20571,2019,MOR190080179,2019/02/02,"07:20:00",COLISIÓN CONTRA OBJETO FIJO,ASFALTO,Bueno,Bueno,1,DODGE,GUINDA,1,,47,MASCULINO,SIN DATOS,0,0,Morelia,Campestre Los Manantiales,febrero,sábado,7,-101.238230466843,19.6878998246659
20570,20572,2019,"190080281",2019/02/02,"08:50:00",COLISIÓN POR CAMBIO DE CARRIL,ASFALTO,Bueno,Bueno,2,FRERGTLINER,CAFE,2,,46,MASCULINO,SIN DATOS,0,0,Morelia,Elias Perez Avalos,febrero,sábado,9,-101.165091991425,19.7106370163516
20571,20573,2019,,2019/02/02,"09:00:00",COLISIÓN POR CORTE DE CIRCULACIÓN,CONCRETO,Bueno,Bueno,2,ITALIKA,NEGRO-GRIS,4,MINISTERIO PÚBLICO,16,MASCULINO,SIN DATOS,2,0,Purépero,Centro,febrero,sábado,9,-102.014826536179,19.9119786738491
20572,20574,2019,,2019/02/02,10:00:00,COLISIÓN POR CORTE DE CIRCULACIÓN,ASFALTO,Bueno,Bueno,2,VOLKSWAGEN,AZUL,2,,0,MASCULINO,SIN DATOS,0,0,Morelia,Centro,febrero,sábado,10,-101.195148825645,19.7030515776346
20573,20575,2019,"190080567",2019/02/02,10:35:00,COLISIÓN POR MANIOBRA DE REVERSA,ASFALTO,Bueno,Bueno,2,NISSAN,BLANCO,2,,53,MASCULINO,SIN DATOS,0,0,Morelia,Fovissste La Huerta,febrero,sábado,11,-101.212191581726,19.6924758052287
20574,20576,2019,"190080549",2019/02/02,10:45:00,COLISIÓN POR CORTE DE CIRCULACIÓN,ASFALTO,Bueno,Bueno,2,ITALIKA,AZUL,0,,,,,0,0,Morelia,Insurgentes,febrero,sábado,11,-101.152560710907,19.6985567072314
20575,20577,2019,MOR190080928,2019/02/02,11:10:00,CAIDA ACUATICA DE VEHÍCULO,CONCRETO,Bueno,Bueno,1,HONDA,NEGRO,1,,20,FEMENINO,SIN DATOS,0,0,Morelia,Loma Real,febrero,sábado,11,-101.197294592857,19.731421900445