fid,id_accidente,anio_origen,folio_c5i,dia_incidente,hora_ocurrencia,tipo_incidente_vial,superficie_ocurrencia,condiciones_climaticas,condiciones_via,numero_vehiculos_involucrados,marca_vehiculo_ocasiona_siniestro,color_vehiculo_ocasiona_siniestro,numero_personas_involucradas,lugar_remite_presunto_responsable,edad_presunto_responsable,sexo_presunto_responsable,resultados_toxicologia,numero_personas_lesionadas,numero_personas_fallecidas,municipio,colonia,mes,dia_semana,hora_redondeada,lon,lat
20576,20578,2019,"190080584",2019/02/02,11:50:00,COLISIÓN CON PEATÓN,CONCRETO,Bueno,Bueno,2,VOLKSWAGEN,PLATA,2,,0,MASCULINO,ALIENTO ETÍLICO,0,0,Morelia,La Calera,febrero,sábado,12,-101.240448653698,19.669208162346
20577,20579,2019,MOR190080722,2019/02/02,12:25:00,COLISIÓN CONTRA OBJETO FIJO,CONCRETO,Bueno,Bueno,1,FORD,BLANCO,1,,28,MASCULINO,SIN DATOS,0,0,Morelia,Exhacienda del Quinceo,febrero,sábado,12,-101.233128905296,19.7291041864976
20578,20580,2019,,2019/02/02,13:20:00,COLISIÓN POR CAMBIO DE CARRIL,ASFALTO,Bueno,Bueno,2,CHEVROLET,BLANCO/AZUL,2,,48,MASCULINO,SIN DATOS,0,0,Huandacareo,Centro,febrero,sábado,13,-101.275169849396,19.9883624230937
20579,20581,2019,MOR190081221,2019/02/02,13:36:00,COLISIÓN POR ALCANCE,ASFALTO,Bueno,Bueno,2,CHEVROLET,SIN DATOS,2,,28,MASCULINO,SIN DATOS,0,0,Morelia,Lomas de Morelia (Dr Ignacio Chavez),febrero,sábado,14,-101.173487305641,19.7160152885437
20580,20582,2019,,2019/02/02,15:00:00,COLISIÓN POR CORTE DE CIRCULACIÓN,ASFALTO,Bueno,Bueno,2,VOLVO,BLANCO,2,,34,MASCULINO,SIN DATOS,0,0,Morelia,Centro,febrero,sábado,15,-101.1973965168,19.6976930716044
20581,20583,2019,,2019/02/02,15:35:00,COLISIÓN POR CORTE DE CIRCULACIÓN,ASFALTO,Bueno,Regular,2,NISSAN,PLATA,2,,31,,SIN DATOS,0,0,Peribán,San Javier Ii,febrero,sábado,16,-102.428884506226,19.5239371462072
20582,20584,2019,MOR190081780,2019/02/02,17:15:00,COLISIÓN POR ALCANCE,ASFALTO,Bueno,Bueno,2,DODGE,ROJO,2,,41,MASCULINO,ALIENTO ETÍLICO,0,0,Morelia,Alberto Oviedo Mota,febrero,sábado,17,-101.20210647583,19.6777675525304
20583,20585,2019,"190081870",2019/02/02,17:50:00,COLISIÓN POR CORTE DE CIRCULACIÓN,ASFALTO,Bueno,Bueno,2,SIN DATOS,SIN DATOS,2,MINISTERIO PÚBLICO,0,,SIN DATOS,1,0,Morelia,Ana Maria Gallaga (Riviera Norte),febrero,sábado,18,-101.219573020935,19.6767977301648
20584,20586,2019,MOR1900456,2019/02/02,18:00:00,COLISIÓN POR INVASIÓN DE CARRIL,ASFALTO,Bueno,Bueno,2,GM,BLANCO/AZUL,2,,45,MASCULINO,SIN DATOS,0,0,Morelia,Cuauhtemoc,febrero,sábado,18,-101.179259419441,19.6936172546118
20585,20587,2019,MOR190082040,2019/02/02,19:20:00,COLISIÓN POR CORTE DE CIRCULACIÓN,ASFALTO,Bueno,Bueno,2,VOLKSWAGEN,ROJO,2,,31,MASCULINO,ALIENTO ETÍLICO,0,0,Morelia,Felix Ireta,febrero,sábado,19,-101.180262565613,19.6880210443804
20586,20588,2019,MOR19008255,2019/02/02,19:27:00,COLISIÓN POR CAMBIO DE CARRIL,CONCRETO,Bueno,Bueno,2,BAJAJ,ROJO,3,,0,MASCULINO,SIN DATOS,1,0,Morelia,El Porvenir,febrero,sábado,19,-101.203883104026,19.7121779224486
20587,20589,2019,,2019/02/02,20:20:00,VOLCADURA,CONCRETO,Nublado,Regular,1,CHEVROLET,AZUL,2,MINISTERIO PÚBLICO,70,MASCULINO,SIN DATOS,1,0,Gabriel Zamora,Lazaro Cardenas,febrero,sábado,20,-102.050741,19.157394
20588,20590,2019,,2019/02/02,20:45:00,COLISIÓN POR ALCANCE,ASFALTO,Bueno,Regular,2,ITALIKA,ROJO,2,,0,MASCULINO,SIN DATOS,0,0,Tocumbo,Sin datos,febrero,sábado,21,-102.531452178955,19.7051020046654
20589,20591,2019,"190082926",2019/02/02,20:45:00,COLISIÓN CONTRA OBJETO FIJO,ASFALTO,Bueno,Bueno,1,DODGE,AZUL,1,,50,MASCULINO,SIN DATOS,0,0,Morelia,Primo Tapia Oriente,febrero,sábado,21,-101.162883862853,19.7115277262748
20590,20592,2019,MOR190082417,2019/02/02,20:50:00,COLISIÓN POR CAMBIO DE CARRIL,ASFALTO,Bueno,Bueno,2,VOLKSWAGEN,ROJO,2,,24,MASCULINO,SIN DATOS,0,0,Morelia,Irrigacion,febrero,sábado,21,-101.225076913834,19.7047686858038
20591,20593,2019,,2019/02/02,21:45:00,COLISIÓN POR INVASIÓN DE CARRIL,ASFALTO,Bueno,Regular,2,RAM,PLATA,2,,20,,SIN DATOS,0,0,Peribán,San Javier Ii,febrero,sábado,22,-102.428884506226,19.5238865864547
20592,20594,2019,MOR190082767,2019/02/02,22:10:00,COLISIÓN POR ALCANCE,ASFALTO,Bueno,Bueno,2,SEAT,PLATA,2,,44,MASCULINO,SIN DATOS,0,0,Morelia,Jardines del Toreo,febrero,sábado,22,-101.215512156487,19.6854703602066
20593,20595,2019,"190082630",2019/02/02,22:45:00,CAIDA DE MOTOCICLETA,SIN_DATOS,Bueno,Bueno,1,BAJAJ,BLANCO NEGRO,1,MINISTERIO PÚBLICO,,,,1,0,Morelia,Industrial,febrero,sábado,23,-101.194961071014,19.7073645143385
20594,20596,2019,MOR190082792,2019/02/02,23:15:00,COLISIÓN POR CORTE DE CIRCULACIÓN,ASFALTO,Bueno,Bueno,2,CHEVROLET,NEGRO,2,,25,MASCULINO,SIN DATOS,0,0,Tarímbaro,Sin datos,febrero,sábado,23,-101.133184432983,19.7768806659693
20595,20597,2019,,2019/02/03,"00:30:00",COLISIÓN POR CAMBIO DE CARRIL,ASFALTO,Bueno,Bueno,2,FORD,BLANCO,1,MINISTERIO PÚBLICO,64,,SIN DATOS,0,0,Tangancícuaro,Sector 2,febrero,domingo,1,-102.202634811401,19.8986727896171
20596,20598,2019,,2019/02/03,"02:10:00",COLISIÓN POR MANIOBRA DE REVERSA,TERRACERIA,Bueno,Regular,3,JEEP,PLATA,3,,20,MASCULINO,SIN DATOS,0,0,Senguio,Sin datos,febrero,domingo,2,-100.290069580078,19.7605040783975
20598,20600,2019,MOR1900830209,2019/02/03,"05:50:00",COLISIÓN CONTRA OBJETO FIJO,ASFALTO,Bueno,Bueno,1,TOYOTA,ARENA,2,MINISTERIO PÚBLICO,,,,2,0,Morelia,San Jose Itzicuaro,febrero,domingo,6,-101.308343410492,19.6876270799729
20599,20601,2019,,2019/02/03,"06:24:00",COLISIÓN POR CORTE DE CIRCULACIÓN,ASFALTO,Bueno,Bueno,2,SIN DATOS,SIN DATOS,2,,0,,SIN DATOS,0,0,Morelia,Irrigacion,febrero,domingo,6,-101.225109100342,19.7048393898628
20600,20602,2019,MOR190083415,2019/02/03,"09:30:00",COLISIÓN CON PEATÓN,SIN_DATOS,Bueno,Bueno,2,NISSAN,NEGRO,2,,30,MASCULINO,SIN DATOS,0,0,Morelia,Los Pinos de Michoacan,febrero,domingo,10,-101.216327548027,19.6831166235226
20601,20603,2019,MOR190083715,2019/02/03,12:16:00,COLISIÓN CONTRA OBJETO FIJO,ASFALTO,Bueno,Bueno,1,DODGE RAM,BLANCO,1,,29,MASCULINO,ALIENTO ETÍLICO,0,0,Morelia,Martires de Uruapan,febrero,domingo,12,-101.197063922882,19.7249079783211
20602,20604,2019,,2019/02/03,12:51:00,VOLCADURA,ASFALTO,Bueno,Bueno,1,FORD,ROJO,4,,54,MASCULINO,SIN DATOS,3,0,Zitácuaro,Sin datos,febrero,domingo,13,-100.377552509308,19.4990598378185
20603,20605,2019,MO0190084118,2019/02/03,14:15:00,COLISIÓN CONTRA OBJETO FIJO,ASFALTO,Bueno,Bueno,1,NISSAN,BLANCO,1,,58,MASCULINO,SIN DATOS,0,0,Morelia,La Quemada,febrero,domingo,14,-101.240724921227,19.7058544946931
20604,20606,2019,MOR190084137,2019/02/03,14:46:00,COLISIÓN POR NO RESPETAR SEMÁFORO,ASFALTO,Bueno,Bueno,2,NISSAN,CREMA,1,MINISTERIO PÚBLICO,,,,1,0,Morelia,Nueva Chapultepec,febrero,domingo,15,-101.173074245453,19.6864956896191
20605,20607,2019,MOR190084278,2019/02/03,14:50:00,COLISIÓN POR CORTE DE CIRCULACIÓN,CONCRETO,Bueno,Bueno,2,HONDA,BLANCO,2,,28,MASCULINO,SIN DATOS,0,0,Morelia,Centro,febrero,domingo,15,-101.19423687458,19.7030364265981
20606,20608,2019,MOR190084275,2019/02/03,15:00:00,COLISIÓN POR ALCANCE,ASFALTO,Bueno,Bueno,3,CHEVROLET,ROJO,3,,63,MASCULINO,SIN DATOS,0,0,Morelia,Avicola Benito Juarez,febrero,domingo,15,-101.279504299164,19.6914656662431
20607,20609,2019,MOR190084235,2019/02/03,15:10:00,COLISIÓN POR ALCANCE,ASFALTO,Bueno,Bueno,3,FORD,GRIS,3,,19,MASCULINO,SIN DATOS,0,0,Morelia,Popular Pogreso,febrero,domingo,15,-101.200645476138,19.7218645214636
20608,20610,2019,"190084567",2019/02/03,15:10:00,COLISIÓN CON PEATÓN,ASFALTO,Bueno,Bueno,2,VOLKSWAGEN,BLANCO,2,,30,MASCULINO,ALIENTO ETÍLICO,0,0,Morelia,La Huerta,febrero,domingo,15,-101.214863061905,19.6714383455206
20609,20611,2019,MOR190085550,2019/02/03,15:17:00,COLISIÓN POR MANIOBRA DE REVERSA,CONCRETO,Bueno,Bueno,2,FORD,GUINDA,2,,0,,SIN DATOS,0,0,Morelia,Sin datos,febrero,domingo,15,-101.354970932007,19.6786161422846
20610,20612,2019,MOR190086026,2019/02/03,16:11:00,COLISIÓN POR CORTE DE CIRCULACIÓN,ADOQUIN_EMPEDRADO,Bueno,Bueno,2,ITALIKA,AZUL,1,,,,,1,0,Morelia,Villas del Pedregal,febrero,domingo,16,-101.303306221962,19.6772826420814
20611,20613,2019,"190084947",2019/02/03,17:55:00,COLISIÓN POR CORTE DE CIRCULACIÓN,ASFALTO,Bueno,Bueno,2,NISSAN,BLANCO,2,,54,MASCULINO,SIN DATOS,0,0,Morelia,Chapultepec Norte,febrero,domingo,18,-101.171411275864,19.6942485837394
20612,20614,2019,"1900845690",2019/02/03,18:02:00,COLISIÓN CONTRA OBJETO FIJO,ASFALTO,Bueno,Bueno,2,NISSAN,BLANCO NEGRO,2,,50,MASCULINO,SIN DATOS,0,0,Morelia,Granjas del Maestro,febrero,domingo,18,-101.188620328903,19.7133236500491
20613,20615,2019,MOR180234681,2019/02/03,18:25:00,SUBIDA AL CAMELLÓN,ASFALTO,Bueno,Bueno,1,VOLKSWAGEN,BLANCO,1,,35,MASCULINO,SIN DATOS,0,0,Morelia,Lazaro Cardenas,febrero,domingo,18,-101.164040565491,19.7083745529677
20614,20616,2019,"190084810",2019/02/03,18:27:00,COLISIÓN CONTRA OBJETO FIJO,ASFALTO,Bueno,Bueno,1,CHEVROLET,AZUL,1,,0,,SIN DATOS,0,0,Morelia,La Huerta,febrero,domingo,18,-101.22838139534,19.6583194726018
20615,20617,2019,MOR190085259,2019/02/03,19:35:00,COLISIÓN CONTRA OBJETO FIJO,ASFALTO,Bueno,Bueno,1,FORD,ROJO,1,MINISTERIO PÚBLICO,0,MASCULINO,SIN DATOS,0,0,Tarímbaro,Sin datos,febrero,domingo,20,-101.17294549942,19.748932429849
20616,20618,2019,,2019/02/03,20:25:00,COLISIÓN POR CORTE DE CIRCULACIÓN,ASFALTO,Bueno,Regular,2,CHEVROLET,BLANCO,2,MINISTERIO PÚBLICO,28,,SIN DATOS,0,0,Peribán,Los Cerritos,febrero,domingo,20,-102.429249286652,19.5335027666829
20617,20619,2019,,2019/02/03,20:45:00,COLISIÓN POR ALCANCE,ASFALTO,Bueno,Bueno,2,CHEVROLET,NEGRO,2,MINISTERIO PÚBLICO,,,SIN DATOS,0,0,Múgica,Centro,febrero,domingo,21,-102.093797,19.024332
20618,20620,2019,,2019/02/03,20:45:00,COLISIÓN POR CORTE DE CIRCULACIÓN,ASFALTO,Bueno,Bueno,2,ITALIKA,ROJO,2,MINISTERIO PÚBLICO,,,SIN DATOS,0,0,Múgica,Juan Vargas (Loma de Vargas),febrero,domingo,21,-102.10298538208,18.9995187876882
20619,20621,2019,"190085536",2019/02/03,21:05:00,COLISIÓN POR CORTE DE CIRCULACIÓN,CONCRETO,Bueno,Bueno,1,FORD,VERDE,1,,32,MASCULINO,SIN DATOS,0,0,Morelia,Ciudad Jardin,febrero,domingo,21,-101.255203485489,19.7061019570831
20621,20623,2019,,2019/02/03,23:30:00,COLISIÓN CONTRA OBJETO FIJO,CONCRETO,Bueno,Regular,2,JEEP,CAFE,1,,40,,SIN DATOS,0,0,Peribán,Sin datos,febrero,domingo,0,-102.436609268188,19.5397716820899
20622,20624,2019,MOR190085932,2019/02/04,"00:10:00",SALIDA DE SUPERFICIE DE RODAMIENTO,ASFALTO,Bueno,Bueno,1,RENAULT,BLANCO,1,,23,MASCULINO,SIN DATOS,0,0,Morelia,Sin datos,febrero,lunes,0,-101.277637481689,19.6278747049737
20623,20625,2019,LEG21324,2019/02/04,"01:10:00",COLISIÓN POR ALCANCE,ASFALTO,Bueno,Bueno,2,JEEP,GRIS,2,,0,MASCULINO,ALIENTO ETÍLICO,0,0,Morelia,Josefa Ortiz de Dominguez,febrero,lunes,1,-101.208125352859,19.672423354257
20624,20626,2019,"190086012",2019/02/04,"01:10:00",CAIDA DE MOTOCICLETA,CONCRETO,Bueno,Bueno,2,ITALIKA,NEGRO/ROJO,3,,0,,SIN DATOS,1,0,Morelia,Villas del Pedregal,febrero,lunes,1,-101.304097473621,19.6852733749864
20625,20627,2019,"190086167",2019/02/04,"05:30:00",SALIDA DE SUPERFICIE DE RODAMIENTO,ASFALTO,Bueno,Bueno,2,FREYGTLINER,BLANCO,2,,32,MASCULINO,SIN DATOS,0,0,Morelia,Sin datos,febrero,lunes,6,-101.389796733856,19.5558675239359
20626,20628,2019,MOR190083309,2019/02/04,"08:30:00",COLISIÓN POR CORTE DE CIRCULACIÓN,ASFALTO,Bueno,Bueno,1,YAMAHA,NEGRO,2,,29,MASCULINO,SIN DATOS,1,0,Morelia,Rector Diaz Rubio,febrero,lunes,9,-101.198968291283,19.668154939346
20627,20629,2019,"190086329",2019/02/04,"08:55:00",COLISIÓN CONTRA OBJETO FIJO,ASFALTO,Bueno,Bueno,1,VOLKSWAGEN,PLATA,1,MINISTERIO PÚBLICO,,,SIN DATOS,0,0,Morelia,Tierra Y Libertad,febrero,lunes,9,-101.230516433716,19.7158082410374
20628,20630,2019,"190087073",2019/02/04,12:48:00,COLISIÓN POR CORTE DE CIRCULACIÓN,ASFALTO,Bueno,Bueno,2,NISSAN,BLANCO,2,,42,MASCULINO,SIN DATOS,0,0,Morelia,Ampliacion La Soledad,febrero,lunes,13,-101.183159351349,19.7314622960326
20629,20631,2019,,2019/02/04,13:00:00,COLISIÓN POR ALCANCE,ASFALTO,Bueno,Bueno,3,RAM,GRIS,3,,58,MASCULINO,SIN DATOS,0,0,Cuitzeo,Los Granados,febrero,lunes,13,-101.14013671875,19.97474030488
20630,20632,2019,"190086878",2019/02/04,13:00:00,COLISIÓN POR ALCANCE,ASFALTO,Bueno,Bueno,2,VOLKSWAGEN,ARENA,2,,0,,SIN DATOS,0,0,Tarímbaro,Sin datos,febrero,lunes,13,-101.15715265274,19.7685815204964
20631,20633,2019,,2019/02/04,13:30:00,COLISIÓN POR CAMBIO DE CARRIL,ADOQUIN_EMPEDRADO,Bueno,Bueno,2,FORD,AZUL,2,,67,MASCULINO,SIN DATOS,0,0,Cuitzeo,Centro,febrero,lunes,14,-101.139578819275,19.9703035355182
20632,20634,2019,,2019/02/04,13:30:00,COLISIÓN POR ALCANCE,ASFALTO,Bueno,Bueno,2,VOLKWAGEN,ROJO,2,MINISTERIO PÚBLICO,49,MASCULINO,SIN DATOS,0,0,Morelia,Mirador del Punhuato,febrero,lunes,14,-101.159062385559,19.7037889263415
20633,20635,2019,"190086018",2019/02/04,13:45:00,VOLCADURA,ASFALTO,Bueno,Bueno,1,FIAT,GRIS,0,,,,,0,0,Morelia,Camelinas,febrero,lunes,14,-101.174211502075,19.6819902523146
20634,20636,2019,,2019/02/04,14:00:00,VOLCADURA,ASFALTO,Bueno,Bueno,1,GMC,NEGRO,1,,27,MASCULINO,SIN DATOS,0,0,Huandacareo,Centro,febrero,lunes,14,-101.286392211914,19.9886749819325
20635,20637,2019,"190087299",2019/02/04,15:00:00,SALIDA DE SUPERFICIE DE RODAMIENTO,ASFALTO,Bueno,Bueno,1,FORD,VERDE,2,,,,,2,0,Morelia,La Aldea,febrero,lunes,15,-101.134045422077,19.7406570758369
20636,20638,2019,"190087545",2019/02/04,15:40:00,CAIDA DE MOTOCICLETA,CONCRETO,Bueno,Bueno,1,ITALIKA,NEGRO,1,,22,MASCULINO,SIN DATOS,0,0,Morelia,Ferrocarrilero,febrero,lunes,16,-101.214015483856,19.7008799144407
20637,20639,2019,"190087640",2019/02/04,15:53:00,COLISIÓN POR INVASIÓN DE CARRIL,ASFALTO,Bueno,Bueno,2,GMC,NEGRO,2,,39,MASCULINO,SIN DATOS,0,0,Morelia,Lomas de Guayangareo,febrero,lunes,16,-101.160715967417,19.7043293098798
20638,20640,2019,,2019/02/04,16:30:00,VOLCADURA,ASFALTO,Bueno,Bueno,1,CHEVROLET,ROJO,1,,50,MASCULINO,SIN DATOS,0,0,Cuitzeo,Los Granados,febrero,lunes,17,-101.140029430389,19.9745083859381
20639,20641,2019,,2019/02/04,17:00:00,COLISIÓN POR CORTE DE CIRCULACIÓN,ASFALTO,Bueno,Bueno,2,TOYOTA,AZUL,2,,40,MASCULINO,SIN DATOS,0,0,Tuxpan,Sin datos,febrero,lunes,17,-100.472459793091,19.5214091392049
20640,20642,2019,,2019/02/04,17:20:00,VOLCADURA,ASFALTO,Bueno,Bueno,1,IZUZU,BLANCO,3,,26,MASCULINO,SIN DATOS,2,0,Zitácuaro,Sin datos,febrero,lunes,17,-100.358176231384,19.479559826048
20641,20643,2019,,2019/02/04,18:40:00,COLISIÓN POR MANIOBRA DE REVERSA,ASFALTO,Bueno,Bueno,2,CHRYSLER,PLATA,2,,36,MASCULINO,SIN DATOS,0,0,Zitácuaro,Sin datos,febrero,lunes,19,-100.387401580811,19.4243240313486
20642,20644,2019,LEG21338,2019/02/04,20:08:00,COLISIÓN CON PEATÓN,CONCRETO,Bueno,Bueno,2,VOLKWAGEN,BLANCO,2,,0,MASCULINO,SIN DATOS,0,0,Morelia,Rector Diaz Rubio,febrero,lunes,20,-101.199064850807,19.6685893631006
20643,20645,2019,"190088446",2019/02/04,20:20:00,COLISIÓN POR INVASIÓN DE CARRIL,ASFALTO,Bueno,Bueno,2,CHEVROLET,ROJO,2,,53,MASCULINO,ALIENTO ETÍLICO,0,0,Morelia,Sin datos,febrero,lunes,20,-101.198351383209,19.6430927583212
20644,20646,2019,"190088633",2019/02/04,21:00:00,SUBIDA AL CAMELLÓN,ASFALTO,Bueno,Bueno,1,NISSAN,AZUL,1,,49,MASCULINO,ALIENTO ETÍLICO,0,0,Morelia,Francisco J Mujica,febrero,lunes,21,-101.188416481018,19.7214640765285
20645,20647,2019,"190088442",2019/02/04,21:15:00,COLISIÓN POR CORTE DE CIRCULACIÓN,ASFALTO,Bueno,Bueno,2,FORD,NEGRO,2,,0,MASCULINO,SIN DATOS,0,0,Morelia,Eduardo Ruiz,febrero,lunes,21,-101.213892102242,19.7170656717618
20646,20648,2019,"190089086",2019/02/05,"01:40:00",SUBIDA AL CAMELLÓN,ASFALTO,Bueno,Bueno,1,CHRYSLER,AZUL,1,MINISTERIO PÚBLICO,46,MASCULINO,ALIENTO ETÍLICO,0,0,Morelia,Los Manantiales de Morelia,febrero,martes,2,-101.240285038948,19.692773795012
20647,20649,2019,"190089131",2019/02/05,"04:20:00",COLISIÓN POR MANIOBRA DE REVERSA,ASFALTO,Bueno,Bueno,2,OLDSMOBILE,GUINDA,2,,0,MASCULINO,ALIENTO ETÍLICO,0,0,Morelia,Jose Maria Cabrera,febrero,martes,4,-101.224701404572,19.724786786556
20648,20650,2019,"190089460",2019/02/05,"07:36:00",CAIDA DE MOTOCICLETA,ASFALTO,Bueno,Bueno,1,HONDA,BLANCO,0,,,,,0,0,Morelia,Isaac Arriaga,febrero,martes,8,-101.172462701797,19.7073443135009
20649,20651,2019,"790078642",2019/02/05,"07:50:00",COLISIÓN POR CAMBIO DE CARRIL,CONCRETO,Bueno,Bueno,2,CHEVROLET,AZUL Y BLANCO,2,,28,MASCULINO,SIN DATOS,0,0,Morelia,Alberto Oviedo Mota,febrero,martes,8,-101.195873022079,19.6825660663881
20650,20652,2019,"190091220",2019/02/05,"08:00:00",VOLCADURA,ASFALTO,Bueno,Bueno,2,FORD,ROJO,3,,30,MASCULINO,SIN DATOS,1,0,Zinapécuaro,Revolucion,febrero,martes,8,-100.81671076,19.8678676249991
20651,20653,2019,"190089240",2019/02/05,"08:28:00",COLISIÓN CON PEATÓN,ASFALTO,Bueno,Bueno,1,VOLKSWAGEN,BLANCO,1,,32,MASCULINO,SIN DATOS,0,0,Morelia,Isaac Arriaga,febrero,martes,8,-101.171464920044,19.7077533799658
20652,20654,2019,"190089446",2019/02/05,"09:32:00",COLISIÓN POR ALCANCE,CONCRETO,Bueno,Bueno,2,NISSAN,CAFE,2,,0,FEMENINO,SIN DATOS,0,0,Morelia,Centro,febrero,martes,10,-101.186699867249,19.7029808727855
20653,20655,2019,"190091247",2019/02/05,10:40:00,COLISIÓN POR ALCANCE,ASFALTO,Bueno,Bueno,2,NISSAN,BLANCO,2,,23,MASCULINO,SIN DATOS,0,0,Morelia,San Pascual,febrero,martes,11,-101.267359256744,19.6953748687196
20654,20656,2019,,2019/02/05,11:01:00,COLISIÓN POR CAMBIO DE CARRIL,ASFALTO,Bueno,Bueno,2,TOYOTA,BLANCO/GRIS,2,,68,,SIN DATOS,0,0,Morelia,El Lago 1,febrero,martes,11,-101.217893958092,19.7274731824528
20655,20657,2019,"190090468",2019/02/05,13:15:00,COLISIÓN POR CAMBIO DE CARRIL,ASFALTO,Bueno,Bueno,2,NISSAN,BLANCO,2,,31,MASCULINO,SIN DATOS,0,0,Morelia,Jardines de Sindurio,febrero,martes,13,-101.256544589996,19.6975062024635
20656,20658,2019,,2019/02/05,13:17:00,COLISIÓN POR CORTE DE CIRCULACIÓN,ASFALTO,Bueno,Bueno,2,PONTIAC MATIZ,BLANCO,2,,53,MASCULINO,SIN DATOS,0,0,Lázaro Cárdenas,Victor Manuel Tinoco Rubi,febrero,martes,13,-102.21930205822,17.9785111375509
20657,20659,2019,,2019/02/05,13:56:00,COLISIÓN CONTRA OBJETO FIJO,ASFALTO,Bueno,Bueno,1,CHEVROLET,PLATA,1,,43,MASCULINO,SIN DATOS,0,0,Morelia,Sentimientos de La Nacion,febrero,martes,14,-101.234314441681,19.6789343622836
20658,20660,2019,"190095118",2019/02/05,14:35:00,COLISIÓN POR CORTE DE CIRCULACIÓN,CONCRETO,Bueno,Bueno,2,NISSAN,ROJO,2,,41,MASCULINO,SIN DATOS,0,0,Morelia,Chapultepec Norte,febrero,martes,15,-101.176389455795,19.6931424934677
20659,20661,2019,,2019/02/05,14:50:00,COLISIÓN POR CAMBIO DE CARRIL,ASFALTO,Bueno,Bueno,2,NISSAN,BLANCO,4,MINISTERIO PÚBLICO,32,MASCULINO,SIN DATOS,2,0,Lázaro Cárdenas,Lirios,febrero,martes,15,-102.20677614212,17.9676399563497
20660,20662,2019,,2019/02/05,15:00:00,COLISIÓN POR CAMBIO DE CARRIL,ASFALTO,Bueno,Bueno,4,ITALIKA,GRIS,4,MINISTERIO PÚBLICO,13,MASCULINO,SIN DATOS,2,0,Tacámbaro,Sin datos,febrero,martes,15,-101.470069885254,19.2666674516294
20661,20663,2019,"190090053",2019/02/05,15:52:00,COLISIÓN POR ALCANCE,ASFALTO,Bueno,Bueno,2,TOYOTA,BLANCO,2,,20,MASCULINO,SIN DATOS,0,0,Morelia,Terrazas,febrero,martes,16,-101.181635856628,19.7197673468927
20662,20664,2019,"190091267",2019/02/05,19:00:00,COLISIÓN POR CORTE DE CIRCULACIÓN,CONCRETO,Bueno,Bueno,2,HONDA,ROJO,2,,20,MASCULINO,SIN DATOS,0,0,Morelia,Primo Tapia Oriente,febrero,martes,19,-101.159641742706,19.7147578495581
20663,20665,2019,,2019/02/05,19:05:00,COLISIÓN POR CAMBIO DE CARRIL,ADOQUIN_EMPEDRADO,Bueno,Bueno,2,NISSAN,BLANCO/NARANJA,2,,60,MASCULINO,SIN DATOS,0,0,Morelia,Centro,febrero,martes,19,-101.186549663544,19.7046979817136
20664,20666,2019,,2019/02/05,21:30:00,COLISIÓN POR CORTE DE CIRCULACIÓN,ASFALTO,Bueno,Bueno,2,FORD,VERDE,2,,32,MASCULINO,SIN DATOS,0,0,Tarímbaro,Sin datos,febrero,martes,22,-101.132841110229,19.7763556720044
20665,20667,2019,,2019/02/06,"00:00:00",COLISIÓN POR INVASIÓN DE CARRIL,CONCRETO,Bueno,Bueno,2,SEAT,BLANCO,2,MINISTERIO PÚBLICO,,MASCULINO,SIN DATOS,1,0,Morelia,Las Americas,febrero,miércoles,0,-101.158912181854,19.6879705361772
20666,20668,2019,"190091347",2019/02/06,"00:15:00",COLISIÓN POR CAMBIO DE CARRIL,ASFALTO,Bueno,Bueno,2,VOLKSWAGEN,BLANCO,2,,42,MASCULINO,SIN DATOS,0,0,Morelia,Villas del Pedregal,febrero,miércoles,0,-101.304416656494,19.6790050777531
20667,20669,2019,,2019/02/06,"01:35:00",SUBIDA AL CAMELLÓN,ASFALTO,Bueno,Bueno,1,TOYOTA,GRIS,1,,33,MASCULINO,SIN DATOS,0,0,Morelia,Elias Perez Avalos,febrero,miércoles,2,-101.169281601906,19.7129196478652
20668,20670,2019,"190092329",2019/02/06,"07:35:00",COLISIÓN POR ALCANCE,ASFALTO,Bueno,Bueno,2,NISSAN,BLANCO,2,,37,MASCULINO,SIN DATOS,0,0,Morelia,Sin datos,febrero,miércoles,8,-101.263518333435,19.6393338513768
20669,20671,2019,,2019/02/06,"08:20:00",COLISIÓN POR ALCANCE,ASFALTO,Bueno,Bueno,2,VOLKSWAGEN,ROJO,2,,50,FEMENINO,SIN DATOS,0,0,Morelia,Alfonso Garcia Robles,febrero,miércoles,8,-101.183577775955,19.7191007696081
20670,20672,2019,,2019/02/06,10:26:00,COLISIÓN POR MANIOBRA DE REVERSA,ASFALTO,Bueno,Bueno,2,FORD,BLANCO,2,MINISTERIO PÚBLICO,,,SIN DATOS,0,0,Maravatío,San Miguel Curahuango,febrero,miércoles,10,-100.449028015137,19.8850933800583
20671,20673,2019,"190092755",2019/02/06,10:57:00,COLISIÓN POR CORTE DE CIRCULACIÓN,ASFALTO,Bueno,Bueno,2,TOYOTA,GRIS,2,,26,MASCULINO,SIN DATOS,0,0,Morelia,Santiaguito,febrero,miércoles,11,-101.1887383461,19.7173888652098
20672,20674,2019,,2019/02/06,12:20:00,COLISIÓN POR CORTE DE CIRCULACIÓN,CONCRETO,Bueno,Bueno,2,DODGE,BLANCO,2,,71,FEMENINO,SIN DATOS,0,0,Morelia,Lomas del Tecnologico,febrero,miércoles,12,-101.190644055605,19.7203392376885