fid,id_accidente,anio_origen,folio_c5i,dia_incidente,hora_ocurrencia,tipo_incidente_vial,superficie_ocurrencia,condiciones_climaticas,condiciones_via,numero_vehiculos_involucrados,marca_vehiculo_ocasiona_siniestro,color_vehiculo_ocasiona_siniestro,numero_personas_involucradas,lugar_remite_presunto_responsable,edad_presunto_responsable,sexo_presunto_responsable,resultados_toxicologia,numero_personas_lesionadas,numero_personas_fallecidas,municipio,colonia,mes,dia_semana,hora_redondeada,lon,lat
20673,20675,2019,"190093362",2019/02/06,14:25:00,COLISIÓN POR CAMBIO DE CARRIL,ASFALTO,Bueno,Bueno,3,MERCEDES BENZ,BLANCO Y ROSA,3,,25,MASCULINO,SIN DATOS,0,0,Morelia,Centro,febrero,miércoles,14,-101.19050860405,19.7010516284176
20674,20676,2019,MOR190093357,2019/02/06,14:30:00,COLISIÓN POR CORTE DE CIRCULACIÓN,ASFALTO,Bueno,Bueno,3,HONDA,ROJO,5,,50,MASCULINO,SIN DATOS,2,0,Morelia,Chapultepec Sur,febrero,miércoles,15,-101.177097558975,19.6920010406993
20675,20677,2019,"190093554",2019/02/06,15:10:00,COLISIÓN POR CORTE DE CIRCULACIÓN,ASFALTO,Bueno,Bueno,2,RENAULT,GRIS,2,,46,MASCULINO,SIN DATOS,0,0,Morelia,Lomas de Guayangareo,febrero,miércoles,15,-101.156015396118,19.7012839470341
20676,20678,2019,,2019/02/06,15:15:00,COLISIÓN POR CORTE DE CIRCULACIÓN,ASFALTO,Bueno,Bueno,2,FORD,PLATA,2,,55,,SIN DATOS,0,0,Tocumbo,Sin Nombre,febrero,miércoles,15,-102.511968612671,19.7025566430349
20677,20679,2019,MOR190093683,2019/02/06,15:50:00,COLISIÓN POR ALCANCE,ASFALTO,Bueno,Bueno,2,FORD,AZUL,2,,50,FEMENINO,SIN DATOS,0,0,Morelia,Felix Ireta,febrero,miércoles,16,-101.181528568268,19.6814750484942
20678,20680,2019,,2019/02/06,16:15:00,COLISIÓN POR CORTE DE CIRCULACIÓN,ASFALTO,Bueno,Bueno,2,CHRYSLER,NEGRO,2,,22,MASCULINO,SIN DATOS,0,0,Morelia,Prados Verdes,febrero,miércoles,16,-101.197090744972,19.718015050656
20679,20681,2019,,2019/02/06,17:42:00,VOLCADURA,ASFALTO,Bueno,Bueno,1,VOLKSWAGEN,BLANCO,1,,,,SIN DATOS,0,0,Tuxpan,Sin datos,febrero,miércoles,18,-100.476408004761,19.6217709106246
20680,20682,2019,,2019/02/06,18:00:00,COLISIÓN CONTRA OBJETO FIJO,ASFALTO,Bueno,Bueno,1,FREGHTLINER,BLANCO,1,MINISTERIO PÚBLICO,25,MASCULINO,SIN DATOS,0,0,Lázaro Cárdenas,Centro,febrero,miércoles,18,-102.19441652298,17.9593732267276
20681,20683,2019,,2019/02/06,19:08:00,CAIDA DE MOTOCICLETA,ASFALTO,Bueno,Bueno,1,ITALIKA,ROJO,1,,24,MASCULINO,SIN DATOS,0,0,Morelia,Leandro Valle,febrero,miércoles,19,-101.230645179749,19.7158688403353
20682,20684,2019,"190094260",2019/02/06,19:10:00,COLISIÓN POR CORTE DE CIRCULACIÓN,CONCRETO,Bueno,Bueno,2,BAJAJ,NEGRO/ROJO,2,,20,MASCULINO,SIN DATOS,0,0,Morelia,Valle Quieto,febrero,miércoles,19,-101.203367114067,19.6859047370153
20683,20685,2019,,2019/02/06,19:10:00,COLISIÓN CON PEATÓN,CONCRETO,Bueno,Bueno,2,TOYOTA,AZUL,2,,25,FEMENINO,SIN DATOS,0,0,Morelia,Chapultepec Oriente,febrero,miércoles,19,-101.159512996674,19.6900413594444
20684,20686,2019,,2019/02/06,19:45:00,COLISIÓN POR ALCANCE,ASFALTO,Bueno,Bueno,2,HINO,BLANCO,2,,26,MASCULINO,SIN DATOS,0,0,Morelia,Morelos,febrero,miércoles,20,-101.212019920349,19.692344487521
20685,20687,2019,,2019/02/06,20:10:00,COLISIÓN POR ALCANCE,CONCRETO,Bueno,Bueno,2,NISSAN,BLANCO/ROJO,2,,49,MASCULINO,SIN DATOS,0,0,Morelia,Loma Bonita,febrero,miércoles,20,-101.196782290936,19.7201789064797
20686,20688,2019,MOR190094677,2019/02/06,20:35:00,COLISIÓN POR CORTE DE CIRCULACIÓN,ASFALTO,Bueno,Bueno,2,CHEVROLET,BLANCO,2,,64,MASCULINO,SIN DATOS,0,0,Morelia,Montaña Monarca,febrero,miércoles,21,-101.164877414703,19.6657453815664
20687,20689,2019,,2019/02/06,21:00:00,VOLCADURA,ASFALTO,Bueno,Bueno,1,KENWORTH,ROJO,1,,0,,SIN DATOS,0,0,Paracho,20 de Noviembre,febrero,miércoles,21,-102.050929069519,19.6411728974911
20688,20690,2019,"190095209",2019/02/07,"07:22:00",SALIDA DE SUPERFICIE DE RODAMIENTO,ASFALTO,Bueno,Bueno,1,NISSAN,BLANCO,1,,34,MASCULINO,SIN DATOS,0,0,Morelia,Ferrocarrilero,febrero,jueves,7,-101.215560436249,19.7002940653682
20689,20691,2019,"190095391",2019/02/07,"09:00:00",COLISIÓN POR CAMBIO DE CARRIL,ASFALTO,Bueno,Bueno,2,YAMAHA,BLANCO,2,,23,MASCULINO,SIN DATOS,0,0,Morelia,Vasco de Quiroga,febrero,jueves,9,-101.175987124443,19.6982637787106
20690,20692,2019,"190096305",2019/02/07,"09:25:00",COLISIÓN POR ALCANCE,ASFALTO,Bueno,Bueno,2,NISSAN,BLANCO Y NARANJA,2,,25,MASCULINO,SIN DATOS,0,0,Morelia,Felix Ireta,febrero,jueves,9,-101.18833065033,19.6823236186094
20691,20693,2019,"190095615",2019/02/07,10:20:00,COLISIÓN POR ALCANCE,ASFALTO,Bueno,Bueno,2,YAMAHA,BLANCO,2,,49,MASCULINO,SIN DATOS,0,0,Morelia,Centro,febrero,jueves,10,-101.204134225845,19.7025566430349
20692,20694,2019,"190095822",2019/02/07,12:39:00,COLISIÓN POR ALCANCE,CONCRETO,Bueno,Bueno,2,HYUNDAY,GRIS,2,,63,MASCULINO,SIN DATOS,0,0,Morelia,Alberto Oviedo Mota,febrero,jueves,13,-101.19927406311,19.6850410331333
20693,20695,2019,"190096029",2019/02/07,13:20:00,COLISIÓN POR CORTE DE CIRCULACIÓN,ASFALTO,Bueno,Bueno,2,FORD,ROJO,2,,63,MASCULINO,SIN DATOS,0,0,Morelia,Ciudad Industrial,febrero,jueves,13,-101.1348259449,19.730684679176
20694,20696,2019,"190096350",2019/02/07,13:30:00,COLISIÓN POR CORTE DE CIRCULACIÓN,CONCRETO,Bueno,Bueno,1,RENAULT,GRIS,0,,,,,0,0,Morelia,Sin datos,febrero,jueves,14,-101.233692169189,19.7327549494438
20695,20697,2019,"190096411",2019/02/07,14:51:00,COLISIÓN POR INVASIÓN DE CARRIL,ASFALTO,Bueno,Bueno,2,TOYOTA,NEGRO,2,,48,,SIN DATOS,0,0,Morelia,Centro,febrero,jueves,15,-101.179618835449,19.7042131528246
20696,20698,2019,,2019/02/07,15:00:00,COLISIÓN POR INVASIÓN DE CARRIL,ASFALTO,Bueno,Bueno,3,CHEVROLET,AZUL,6,MINISTERIO PÚBLICO,61,MASCULINO,SIN DATOS,4,1,Zamora,La Central,febrero,jueves,15,-102.269711494446,19.9748008054174
20697,20699,2019,"190096441",2019/02/07,15:20:00,COLISIÓN POR CORTE DE CIRCULACIÓN,ASFALTO,Bueno,Bueno,2,MITSUBISHI,BLANCO,2,,37,MASCULINO,SIN DATOS,0,0,Morelia,Isaac Arriaga,febrero,jueves,15,-101.171432733536,19.7078493336765
20698,20700,2019,"190096779",2019/02/07,16:15:00,COLISIÓN POR CAMBIO DE CARRIL,ASFALTO,Bueno,Bueno,2,PETERBILT,BLANCO,2,,41,MASCULINO,SIN DATOS,0,0,Morelia,Francisco J Mujica,febrero,jueves,16,-101.190347671509,19.7222922356429
20699,20701,2019,"190094038",2019/02/07,17:05:00,COLISIÓN POR CAMBIO DE CARRIL,ASFALTO,Bueno,Bueno,2,CHEVROLET,ARENA,2,MINISTERIO PÚBLICO,0,,SIN DATOS,0,0,Tarímbaro,Sin datos,febrero,jueves,17,-101.125309467316,19.7736044734269
20700,20702,2019,"190096951",2019/02/07,17:10:00,COLISIÓN POR NO RESPETAR SEMÁFORO,ASFALTO,Bueno,Bueno,2,SEAT,VERDE,2,,39,MASCULINO,SIN DATOS,0,0,Morelia,Indeco El Vivero,febrero,jueves,17,-101.229894161224,19.6770704932985
20701,20703,2019,"190096846",2019/02/07,17:16:00,COLISIÓN POR INVASIÓN DE CARRIL,ASFALTO,Bueno,Bueno,2,INTERNATIONAL,BLANCO,2,,48,MASCULINO,SIN DATOS,0,0,Morelia,Isaac Arriaga,febrero,jueves,17,-101.168546676636,19.7090260244998
20702,20704,2019,LEG21411,2019/02/07,17:40:00,COLISIÓN CONTRA OBJETO FIJO,ASFALTO,Bueno,Bueno,1,ITALIKA,ROJO,1,,40,MASCULINO,SIN DATOS,0,0,Morelia,Villas de La Esperanza,febrero,jueves,18,-101.27515912056,19.6928596563721
20703,20705,2019,"190097355",2019/02/07,19:30:00,COLISIÓN POR ALCANCE,ASFALTO,Bueno,Bueno,2,NISSAN,BLANCO Y ROJO,2,,20,FEMENINO,SIN DATOS,0,0,Morelia,Centro,febrero,jueves,20,-101.189843416214,19.7029556210461
20704,20706,2019,"190097326",2019/02/07,19:54:00,COLISIÓN POR ALCANCE,CONCRETO,Bueno,Bueno,2,NISSAN,NEGRO,2,MINISTERIO PÚBLICO,47,MASCULINO,ALIENTO ETÍLICO,0,0,Morelia,Jardines de Torremolinos,febrero,jueves,20,-101.225709915161,19.676888651261
20705,20707,2019,,2019/02/07,20:30:00,SALIDA DE SUPERFICIE DE RODAMIENTO,ASFALTO,Bueno,Bueno,1,CHEVROLET,BLANCO,1,,20,MASCULINO,SIN DATOS,0,0,Cuitzeo,Los Granados,febrero,jueves,21,-101.140265464783,19.9750024737078
20706,20708,2019,"190097498",2019/02/07,21:21:00,COLISIÓN POR CORTE DE CIRCULACIÓN,CONCRETO,Bueno,Bueno,2,TOYOTA,BLANCO Y ROJO,2,,35,MASCULINO,SIN DATOS,0,0,Morelia,Loma Libre,febrero,jueves,21,-101.148456931114,19.7048393898628
20707,20709,2019,"190097595",2019/02/07,22:00:00,VOLCADURA,ASFALTO,Bueno,Bueno,1,SEAT,GRIS,0,,,,,0,0,Morelia,Bosques de Oriente,febrero,jueves,22,-101.155516505241,19.7157072421566
20708,20710,2019,MOR190101077,2019/02/08,"03:55:00",COLISIÓN CONTRA OBJETO FIJO,SIN_DATOS,Bueno,Bueno,1,VOLKSWAGEN,GRIS,1,,40,MASCULINO,ALIENTO ETÍLICO,0,0,Morelia,Tenencia Morelos,febrero,viernes,4,-101.247274875641,19.649418032068
20709,20711,2019,,2019/02/08,"04:15:00",COLISIÓN CONTRA OBJETO FIJO,CONCRETO,Bueno,Bueno,1,CHEVROLET,AZUL,0,MINISTERIO PÚBLICO,,,,0,0,Morelia,Club Campestre,febrero,viernes,4,-101.157560348511,19.6806567801972
20710,20712,2019,"190097939",2019/02/08,"04:50:00",COLISIÓN POR CORTE DE CIRCULACIÓN,ASFALTO,Bueno,Bueno,2,SEAT,GRIS,2,,27,MASCULINO,SIN DATOS,0,0,Morelia,La Esperanza,febrero,viernes,5,-101.251491308212,19.6983647886059
20711,20713,2019,,2019/02/08,"06:40:00",COLISIÓN POR CORTE DE CIRCULACIÓN,ASFALTO,Bueno,Bueno,2,MAZDA,NEGRO,2,,41,MASCULINO,SIN DATOS,0,0,Apatzingán,Centro,febrero,viernes,7,-102.354297637939,19.0866257104142
20712,20714,2019,,2019/02/08,"07:20:00",COLISIÓN POR ALCANCE,ASFALTO,Bueno,Bueno,2,DODGE,ROJO,2,,82,MASCULINO,SIN DATOS,0,0,Morelia,San Pascual,febrero,viernes,7,-101.268292665482,19.6950213272025
20713,20715,2019,"190098085",2019/02/08,"08:10:00",COLISIÓN POR CORTE DE CIRCULACIÓN,CONCRETO,Bueno,Bueno,2,NISSAN,BLANCO/ROJO,2,,54,MASCULINO,SIN DATOS,0,0,Morelia,Centro,febrero,viernes,8,-101.196050047874,19.7030869300474
20714,20716,2019,MOR1900980665,2019/02/08,"08:20:00",COLISIÓN POR CAMBIO DE CARRIL,TERRACERIA,Bueno,Bueno,2,NISSAN,BLANCO MORADA,2,,28,MASCULINO,SIN DATOS,0,0,Morelia,Ciudad Industrial,febrero,viernes,8,-101.143720149994,19.7298060685628
20715,20717,2019,,2019/02/08,"09:15:00",COLISIÓN POR CORTE DE CIRCULACIÓN,ASFALTO,Bueno,Bueno,2,FORD,ROJO,1,,22,MASCULINO,SIN DATOS,0,0,Morelia,Felix Ireta,febrero,viernes,9,-101.187032461166,19.6812427011311
20716,20718,2019,"190098234",2019/02/08,"09:30:00",COLISIÓN POR CAMBIO DE CARRIL,ASFALTO,Bueno,Bueno,2,MERCEDEZ BENZ,BLANCO,2,,55,MASCULINO,SIN DATOS,0,0,Morelia,Ana Maria Gallaga (Riviera Norte),febrero,viernes,10,-101.219680309296,19.6770401863066
20717,20719,2019,MOR190098234,2019/02/08,"09:42:00",COLISIÓN POR CAMBIO DE CARRIL,ASFALTO,Bueno,Bueno,2,VOLKSWAGEN,ROJO,2,,71,MASCULINO,SIN DATOS,0,0,Morelia,Ana Maria Gallaga (Riviera Norte),febrero,viernes,10,-101.219551563263,19.6771210049389
20718,20720,2019,,2019/02/08,"09:50:00",COLISIÓN POR ALCANCE,ASFALTO,Bueno,Bueno,2,HONDA,CAFE,2,,23,MASCULINO,SIN DATOS,0,0,Morelia,Francisco J Mujica,febrero,viernes,10,-101.18560552597,19.7242515218274
20719,20721,2019,,2019/02/08,10:10:00,SALIDA DE SUPERFICIE DE RODAMIENTO,ASFALTO,Bueno,Regular,1,ISUZU,VERDE,1,,40,,SIN DATOS,0,0,Tocumbo,Sin Nombre,febrero,viernes,10,-102.511882781982,19.7027182545011
20720,20722,2019,MOR190098546,2019/02/08,11:04:00,COLISIÓN POR CAMBIO DE CARRIL,ASFALTO,Bueno,Bueno,2,CHEVROLET,BLANCO,2,,51,MASCULINO,SIN DATOS,0,0,Morelia,Libertad,febrero,viernes,11,-101.236900091171,19.6848996074924
20721,20723,2019,,2019/02/08,11:20:00,COLISIÓN POR CORTE DE CIRCULACIÓN,ASFALTO,Bueno,Bueno,2,INTERNATIONAL,BLANCO,2,,34,MASCULINO,SIN DATOS,0,0,Lázaro Cárdenas,Centro,febrero,viernes,11,-102.197678089142,17.9526268806274
20722,20724,2019,,2019/02/08,11:40:00,COLISIÓN POR CORTE DE CIRCULACIÓN,CONCRETO,Bueno,Bueno,1,VOLKSWAGEN,ROJO,0,,,,,0,0,Morelia,Chapultepec Sur,febrero,viernes,12,-101.167699098587,19.6926374268749
20723,20725,2019,MOR1900098761,2019/02/08,11:50:00,VOLCADURA,ASFALTO,Bueno,Bueno,1,JEEP,ROJO,2,,35,MASCULINO,SIN DATOS,1,0,Lagunillas,Oriente,febrero,viernes,12,-101.414365768433,19.5601136466767
20724,20726,2019,MOR190099052,2019/02/08,12:52:00,COLISIÓN POR ALCANCE,ASFALTO,Bueno,Bueno,2,INTERNATIONAL,BLANCO,2,,29,MASCULINO,SIN DATOS,0,0,Morelia,Jardines de La Loma,febrero,viernes,13,-101.224728508999,19.6767573207722
20725,20727,2019,MOR190099047,2019/02/08,13:48:00,COLISIÓN POR CORTE DE CIRCULACIÓN,ASFALTO,Bueno,Bueno,1,NISSAN,GRIS,1,,0,MASCULINO,SIN DATOS,0,0,Morelia,Nicolaitas Ilustres,febrero,viernes,14,-101.228370666504,19.719484556869
20726,20728,2019,"190099250",2019/02/08,15:00:00,COLISIÓN POR CORTE DE CIRCULACIÓN,CONCRETO,Bueno,Bueno,2,CHEVROLET,BLANCO,3,MINISTERIO PÚBLICO,0,,SIN DATOS,1,0,Morelia,Vasco de Quiroga,febrero,viernes,15,-101.166948080063,19.7007839565499
20727,20729,2019,,2019/02/08,17:42:00,COLISIÓN POR CORTE DE CIRCULACIÓN,ASFALTO,Bueno,Bueno,2,NISSAN,BLANCO,2,,28,MASCULINO,SIN DATOS,0,0,Morelia,Ventura Puente,febrero,viernes,18,-101.183894276619,19.6931475441255
20728,20730,2019,"190100237",2019/02/08,19:20:00,SUBIDA AL CAMELLÓN,CONCRETO,Bueno,Bueno,1,INTERNATIONAL,BLANCO,1,,55,MASCULINO,SIN DATOS,0,0,Morelia,Alfonso Garcia Robles,febrero,viernes,19,-101.182504892349,19.7190805702531
20729,20731,2019,,2019/02/08,20:00:00,COLISIÓN CONTRA OBJETO FIJO,ASFALTO,Bueno,Bueno,1,KENWORTH,BLANCO,1,MINISTERIO PÚBLICO,32,,SIN DATOS,0,0,Lázaro Cárdenas,Sin datos,febrero,viernes,20,-102.189695835114,17.9627412002904
20730,20732,2019,MOR190100880,2019/02/08,23:30:00,COLISIÓN POR NO RESPETAR SEMÁFORO,SIN_DATOS,Bueno,Bueno,2,MAZDA,BLANCO,1,,0,FEMENINO,SIN DATOS,0,0,Morelia,Infonavit  Las  Camelinas,febrero,viernes,0,-101.174265146255,19.6818791300621
20731,20733,2019,,2019/02/09,"02:15:00",SALIDA DE SUPERFICIE DE RODAMIENTO,ASFALTO,Bueno,Bueno,1,HONDA,GUINDA,0,,,,,0,0,Peribán,Los Cerritos,febrero,sábado,2,-102.42892742157,19.5334623212773
20732,20734,2019,"190101132",2019/02/09,"06:30:00",COLISIÓN POR CAMBIO DE CARRIL,ASFALTO,Bueno,Bueno,2,NISSAN,BLANCO/ROJO,1,MINISTERIO PÚBLICO,,,,1,0,Morelia,Ampliacion La Soledad,febrero,sábado,7,-101.183084249496,19.7320379320467
20733,20735,2019,"190101242",2019/02/09,"07:48:00",COLISIÓN POR CAMBIO DE CARRIL,ASFALTO,Bueno,Bueno,2,TOYOTA,BLANCO CON GRIS,2,,39,MASCULINO,SIN DATOS,0,0,Morelia,Cinco de Diciembre,febrero,sábado,8,-101.161669492722,19.6873341314518
20734,20736,2019,MOR190101257,2019/02/09,"07:50:00",COLISIÓN POR CORTE DE CIRCULACIÓN,SIN_DATOS,Bueno,Bueno,1,ITALIKA,NEGRO,1,,23,MASCULINO,SIN DATOS,0,0,Morelia,Avicola Benito Juarez,febrero,sábado,8,-101.279498934746,19.6913747534218
20735,20737,2019,MOR190101402,2019/02/09,"08:40:00",COLISIÓN POR ALCANCE,CONCRETO,Bueno,Bueno,2,NISSAN,BLANCO Y NARANJA,2,,0,MASCULINO,SIN DATOS,0,0,Morelia,La Soledad,febrero,sábado,9,-101.183266639709,19.7293415138719
20736,20738,2019,MOR190352671,2019/02/09,"08:40:00",COLISIÓN CONTRA OBJETO FIJO,SIN_DATOS,Bueno,Bueno,1,DODGE,GRIS,1,,28,MASCULINO,SIN DATOS,0,0,Morelia,Lomas de Vista Bella,febrero,sábado,9,-101.197900772095,19.673706382199
20737,20739,2019,MOR190101353,2019/02/09,"09:40:00",COLISIÓN POR ALCANCE,ASFALTO,Bueno,Bueno,1,DODGE,GRIS,1,,69,FEMENINO,SIN DATOS,0,0,Morelia,La Soledad,febrero,sábado,10,-101.183352470398,19.728271013137
20738,20740,2019,"190101502",2019/02/09,"09:50:00",COLISIÓN POR ALCANCE,CONCRETO,Bueno,Bueno,2,CHRYSLER,BLANCO,2,,37,,SIN DATOS,0,0,Morelia,Los Manantiales de Morelia,febrero,sábado,10,-101.241674423218,19.695879926675
20739,20741,2019,,2019/02/09,10:00:00,COLISIÓN POR CORTE DE CIRCULACIÓN,SIN_DATOS,Bueno,Bueno,2,NISSAN,BLANCO,2,,76,MASCULINO,SIN DATOS,0,0,Lázaro Cárdenas,Centro,febrero,sábado,10,-102.191852,17.955388
20740,20742,2019,"190101476",2019/02/09,10:40:00,COLISIÓN POR MANIOBRA DE REVERSA,CONCRETO,Bueno,Bueno,2,CHEVROLET,NEGRO,2,,0,MASCULINO,SIN DATOS,0,0,Morelia,Santa Maria,febrero,sábado,11,-101.200513243675,19.6778786776349
20741,20743,2019,MOR190101562,2019/02/09,11:00:00,COLISIÓN CON PEATÓN,SIN_DATOS,Bueno,Bueno,2,FORD,BLANCO,2,,19,MASCULINO,SIN DATOS,0,0,Morelia,Guadalupe,febrero,sábado,11,-101.222341060638,19.7076271249957
20742,20744,2019,,2019/02/09,12:47:00,COLISIÓN CON PEATÓN,SIN_DATOS,Bueno,Bueno,1,KENWORTH,BLANCO,1,,65,MASCULINO,SIN DATOS,0,0,Tiquicheo de Nicolás Romero,Sin datos,febrero,sábado,13,-100.96435546875,19.1244095280849
20743,20745,2019,"190101989",2019/02/09,13:30:00,COLISIÓN POR CAMBIO DE CARRIL,CONCRETO,Bueno,Bueno,2,MERCEDEZ BENZ,BLANCO,2,,37,MASCULINO,SIN DATOS,0,0,Morelia,Cuauhtemoc,febrero,sábado,14,-101.18579864502,19.6952839581183
20744,20746,2019,"190101216",2019/02/09,14:02:00,COLISIÓN POR INVASIÓN DE CARRIL,ASFALTO,Bueno,Bueno,2,CHEVROLET,GRIS,2,,17,MASCULINO,SIN DATOS,0,0,Morelia,Felix Ireta,febrero,sábado,14,-101.181571483612,19.681586171027
20745,20747,2019,"190101692",2019/02/09,14:06:00,COLISIÓN POR ALCANCE,ASFALTO,Bueno,Bueno,2,CHEVROLET,CAFE,2,,39,MASCULINO,ALIENTO ETÍLICO,0,0,Morelia,Ana Maria Gallaga (Riviera Norte),febrero,sábado,14,-101.222727298737,19.6768684465774
20746,20748,2019,"190102692",2019/02/09,16:00:00,COLISIÓN POR MANIOBRA DE REVERSA,ASFALTO,Bueno,Bueno,2,DODGE,BLANCO,2,,27,FEMENINO,SIN DATOS,0,0,Morelia,Lomas del Valle,febrero,sábado,16,-101.230634450912,19.6878543672493
20747,20749,2019,,2019/02/09,16:15:00,COLISIÓN POR CORTE DE CIRCULACIÓN,ASFALTO,Bueno,Bueno,5,VOLKSWAGEN,PLATA,4,MINISTERIO PÚBLICO,,,SIN DATOS,0,0,Irimbo,Sin datos,febrero,sábado,16,-100.453829,19.723807
20748,20750,2019,MOR190102427,2019/02/09,16:50:00,COLISIÓN CON PEATÓN,SIN_DATOS,Bueno,Bueno,2,CHEVROLET,BLANCO,2,,30,FEMENINO,SIN DATOS,0,0,Morelia,Tres Puentes,febrero,sábado,17,-101.213865280151,19.7028798658041
20749,20751,2019,,2019/02/09,17:05:00,COLISIÓN CONTRA OBJETO FIJO,ASFALTO,Bueno,Bueno,1,KEEWAY,NEGRO,0,,,,,0,0,Peribán,San Javier Ii,febrero,sábado,17,-102.428852319717,19.5239270342579
20750,20752,2019,MOR190102847,2019/02/09,17:40:00,COLISIÓN POR CORTE DE CIRCULACIÓN,ASFALTO,Bueno,Bueno,2,TOYOTA,BLANCO,2,,42,MASCULINO,SIN DATOS,0,0,Morelia,Gertrudis Sanchez,febrero,sábado,18,-101.203351020813,19.7399299955575
20751,20753,2019,"190103093",2019/02/09,18:50:00,COLISIÓN CONTRA OBJETO FIJO,CONCRETO,Bueno,Bueno,1,NISSAN,BLANCO,1,,57,MASCULINO,SIN DATOS,0,0,Morelia,Villas Oriente,febrero,sábado,19,-101.144219040871,19.7542892179145
20752,20754,2019,"190103230",2019/02/09,19:35:00,COLISIÓN POR CAMBIO DE CARRIL,ADOQUIN_EMPEDRADO,Bueno,Bueno,2,MAZDA,GUINDA,2,,36,MASCULINO,SIN DATOS,0,0,Morelia,Jardines de Torremolinos,febrero,sábado,20,-101.225752830505,19.6775250974893
20753,20755,2019,MOR190103431,2019/02/09,20:15:00,COLISIÓN CON PEATÓN,SIN_DATOS,Bueno,Bueno,2,JEEP,ARENA,2,,32,MASCULINO,SIN DATOS,0,0,Morelia,Victor Manuel Tinoco Rubi,febrero,sábado,20,-101.242682933807,19.7005970910184
20754,20756,2019,MOR190103501,2019/02/09,20:24:00,COLISIÓN POR CAMBIO DE CARRIL,CONCRETO,Bueno,Bueno,2,AUDI,GRIS,2,,25,MASCULINO,SIN DATOS,0,0,Morelia,Morelos,febrero,sábado,20,-101.206703782082,19.6978597384918
20755,20757,2019,,2019/02/09,20:50:00,COLISIÓN POR CORTE DE CIRCULACIÓN,ASFALTO,Bueno,Bueno,2,MITSIBISHI,ROJO,2,,39,MASCULINO,SIN DATOS,0,0,Lázaro Cárdenas,1Er Sect de Fidelac,febrero,sábado,21,-102.197088003159,17.9638230206039
20756,20758,2019,MOR190103458,2019/02/09,21:30:00,COLISIÓN POR CORTE DE CIRCULACIÓN,ASFALTO,Bueno,Bueno,1,NISSAN,GRIS,1,,43,FEMENINO,SIN DATOS,0,0,Morelia,Sin datos,febrero,sábado,22,-101.342182159424,19.5562314816939
20757,20759,2019,"170103684",2019/02/09,22:00:00,COLISIÓN CON PEATÓN,SIN_DATOS,Bueno,Bueno,2,FORD,BLANCO,2,,52,MASCULINO,SIN DATOS,0,0,Morelia,Eva Samano,febrero,sábado,22,-101.202062889934,19.7314749196517
20758,20760,2019,"190100736",2019/02/09,22:40:00,COLISIÓN CON PEATÓN,SIN_DATOS,Bueno,Bueno,2,SIN DATOS,SIN DATOS,1,,19,MASCULINO,SIN DATOS,0,0,Morelia,El Porvenir,febrero,sábado,23,-101.206204891205,19.7079503375203
20759,20761,2019,,2019/02/10,"00:00:00",COLISIÓN CON PEATÓN,SIN_DATOS,Bueno,Bueno,2,VOLKSWAGEN,BLANCO,2,,28,MASCULINO,SIN DATOS,0,0,Morelia,Juarez,febrero,domingo,0,-101.195433139801,19.695657701371
20760,20762,2019,MOR190103928,2019/02/10,"00:00:00",COLISIÓN CONTRA OBJETO FIJO,ASFALTO,Bueno,Bueno,2,JEEP,ROJO,2,,26,MASCULINO,ALIENTO ETÍLICO,0,0,Morelia,Bosques de Oriente,febrero,domingo,0,-101.155398488045,19.715697142265
20761,20763,2019,"190104011",2019/02/10,"01:00:00",CAIDA DE MOTOCICLETA,CONCRETO,Bueno,Bueno,1,ITALIKA,ROJO,1,,,,,1,0,Morelia,Lomas de Hidalgo,febrero,domingo,1,-101.158847808838,19.695708207149
20762,20764,2019,MOR190104011,2019/02/10,"01:00:00",COLISIÓN POR CAMBIO DE CARRIL,ASFALTO,Bueno,Bueno,2,VOLKSWAGEN,BLANCO,2,MINISTERIO PÚBLICO,40,MASCULINO,SIN DATOS,0,0,Morelia,Felix Ireta,febrero,domingo,1,-101.181442737579,19.6817275995936
20763,20765,2019,,2019/02/10,"02:30:00",COLISIÓN POR CORTE DE CIRCULACIÓN,CONCRETO,Bueno,Bueno,2,ITALIKA,NEGRO/ROJO,2,,24,MASCULINO,SIN DATOS,0,0,Morelia,Centro,febrero,domingo,3,-101.186571121216,19.7029606713943
20764,20766,2019,,2019/02/10,"03:30:00",COLISIÓN CONTRA OBJETO FIJO,CONCRETO,Bueno,Bueno,1,TOYOTA,ROJO,0,MINISTERIO PÚBLICO,,,,0,0,Arteaga,Centro,febrero,domingo,4,-102.28995680809,18.3557322127565
20765,20767,2019,,2019/02/10,"04:00:00",COLISIÓN CONTRA OBJETO FIJO,ASFALTO,Bueno,Bueno,2,JEEP,AZUL,2,,,,SIN DATOS,0,0,Apatzingán,Lazaro Cardenas,febrero,domingo,4,-102.349094152451,19.1025127941857
20766,20768,2019,MOR190104181,2019/02/10,"04:40:00",COLISIÓN POR CAMBIO DE CARRIL,ASFALTO,Bueno,Bueno,2,NISSAN,BLANCO,2,MINISTERIO PÚBLICO,0,,SIN DATOS,0,0,Morelia,Leandro Valle,febrero,domingo,5,-101.231181621552,19.724291919228
20767,20769,2019,MOR190104234,2019/02/10,"06:00:00",VOLCADURA,ASFALTO,Bueno,Bueno,1,FORD,REVOLUCION,0,,,,,0,0,Morelia,La Soledad,febrero,domingo,6,-101.183239817619,19.7292203254695