fid,id_accidente,anio_origen,folio_c5i,dia_incidente,hora_ocurrencia,tipo_incidente_vial,superficie_ocurrencia,condiciones_climaticas,condiciones_via,numero_vehiculos_involucrados,marca_vehiculo_ocasiona_siniestro,color_vehiculo_ocasiona_siniestro,numero_personas_involucradas,lugar_remite_presunto_responsable,edad_presunto_responsable,sexo_presunto_responsable,resultados_toxicologia,numero_personas_lesionadas,numero_personas_fallecidas,municipio,colonia,mes,dia_semana,hora_redondeada,lon,lat
20768,20770,2019,"190104276",2019/02/10,"06:46:00",COLISIÓN CONTRA OBJETO FIJO,CONCRETO,Bueno,Bueno,1,HONDA,PLATA,1,,24,MASCULINO,SIN DATOS,0,0,Morelia,Ampliacion La Soledad,febrero,domingo,7,-101.183406114578,19.7357725727704
20769,20771,2019,,2019/02/10,"08:50:00",COLISIÓN POR CAMBIO DE CARRIL,ASFALTO,Bueno,Bueno,2,CHEVROLET,ARENA,1,,64,MASCULINO,SIN DATOS,0,0,Morelia,Las Flores,febrero,domingo,9,-101.206612586975,19.702496038693
20770,20772,2019,,2019/02/10,10:50:00,COLISIÓN POR ALCANCE,CONCRETO,Bueno,Bueno,2,VOLKSWAGEN,BLANCO,2,,39,MASCULINO,SIN DATOS,0,0,Morelia,Barrio Alto,febrero,domingo,11,-101.196956634521,19.7246554953734
20771,20773,2019,,2019/02/10,11:43:00,COLISIÓN POR MANIOBRA DE REVERSA,ASFALTO,Bueno,Bueno,1,CHEVROLET,BLANCO,1,,45,MASCULINO,SIN DATOS,0,0,Tangancícuaro,Sector 4,febrero,domingo,12,-102.199544906616,19.8832167876142
20772,20774,2019,"190104944",2019/02/10,13:00:00,COLISIÓN POR NO RESPETAR SEMÁFORO,ASFALTO,Bueno,Bueno,3,JEEP,GUINDA,3,,73,MASCULINO,SIN DATOS,0,0,Morelia,Torremolinos,febrero,domingo,13,-101.224325895309,19.6800961124694
20773,20775,2019,"190105396",2019/02/10,14:40:00,COLISIÓN POR CORTE DE CIRCULACIÓN,ASFALTO,Bueno,Bueno,2,VOLKWAGEN,ROJO,0,,,,,0,0,Morelia,Torreon Nuevo,febrero,domingo,15,-101.203973293304,19.7469482016377
20774,20776,2019,,2019/02/10,15:00:00,COLISIÓN POR NO RESPETAR SEMÁFORO,ASFALTO,Bueno,Bueno,2,NISSAN,BLANCO,2,,38,MASCULINO,SIN DATOS,0,0,Lázaro Cárdenas,1Er Sect de Fidelac,febrero,domingo,15,-102.198976278305,17.9626901708668
20776,20778,2019,,2019/02/10,16:30:00,CAIDA DE MOTOCICLETA,ASFALTO,Bueno,Bueno,1,ITALIKA,NEGRO,1,,40,MASCULINO,SIN DATOS,0,0,Morelia,Los Manantiales de Morelia,febrero,domingo,17,-101.243305206299,19.7001728549475
20777,20779,2019,"190105839",2019/02/10,18:40:00,COLISIÓN POR CAMBIO DE CARRIL,ASFALTO,Bueno,Bueno,1,TOYOTA,GRIS,1,,62,FEMENINO,SIN DATOS,0,0,Morelia,Centro,febrero,domingo,19,-101.200175285339,19.6992738747948
20778,20780,2019,"190106413",2019/02/10,20:40:00,COLISIÓN POR CAMBIO DE CARRIL,ASFALTO,Bueno,Bueno,2,CHEVROLET,NEGRO,2,,49,FEMENINO,SIN DATOS,0,0,Morelia,Centro,febrero,domingo,21,-101.186646223068,19.7020112031313
20779,20781,2019,,2019/02/10,23:24:00,COLISIÓN CONTRA OBJETO FIJO,ASFALTO,Bueno,Bueno,1,VENTU,GRIS Y CAFE,2,MINISTERIO PÚBLICO,22,MASCULINO,SIN DATOS,1,0,Zacapu,Centro,febrero,domingo,23,-101.793823242188,19.8118292559516
20780,20782,2019,,2019/02/10,23:25:00,CAIDA DE MOTOCICLETA,ASFALTO,Bueno,Bueno,1,ITALIKA,ROJO,0,,,,,0,0,Coeneo,Coeneo de La Libertad,febrero,domingo,23,-101.586799621582,19.8113851279124
20781,20783,2019,"190109960",2019/02/11,"00:00:00",SALIDA DE SUPERFICIE DE RODAMIENTO,ASFALTO,Bueno,Bueno,1,FORD,ROJO,0,,,,,0,0,Morelia,Lomas de Morelia (Dr Ignacio Chavez),febrero,lunes,0,-101.175327301025,19.7174646135797
20782,20784,2019,"190109496",2019/02/11,"00:00:00",COLISIÓN POR CAMBIO DE CARRIL,ASFALTO,Bueno,Bueno,2,FORD,AZUL,2,,30,MASCULINO,SIN DATOS,0,0,Morelia,Primo Tapia Oriente,febrero,lunes,0,-101.160660982132,19.7126469458141
20783,20785,2019,"190107017",2019/02/11,"03:00:00",COLISIÓN POR ALCANCE,ASFALTO,Bueno,Bueno,2,VOLKSWAGEN,PLATA,2,,24,MASCULINO,SIN DATOS,0,0,Morelia,Centro,febrero,lunes,3,-101.184232234955,19.7059908515676
20784,20786,2019,,2019/02/11,"04:40:00",COLISIÓN POR CAMBIO DE CARRIL,CONCRETO,Bueno,Bueno,2,NISSAN,BLANCO,1,,0,MASCULINO,SIN DATOS,0,0,Morelia,Independencia,febrero,lunes,5,-101.17800951004,19.719504756173
20785,20787,2019,,2019/02/11,"06:15:00",COLISIÓN POR INVASIÓN DE CARRIL,ASFALTO,Bueno,Bueno,1,RAM,BLANCO,1,,26,,SIN DATOS,0,0,Tocumbo,Sin Nombre,febrero,lunes,6,-102.51180768013,19.702415232868
20786,20788,2019,"190107181",2019/02/11,"07:45:00",SUBIDA AL CAMELLÓN,ASFALTO,Bueno,Bueno,1,VOLKWAGEN,AZUL,1,,0,,SIN DATOS,0,0,Morelia,Prados de La Huerta,febrero,lunes,8,-101.223456859589,19.6683418427336
20787,20789,2019,,2019/02/11,"08:00:00",COLISIÓN POR CAMBIO DE CARRIL,ASFALTO,Bueno,Bueno,2,HONDA,ROJO,2,,24,MASCULINO,SIN DATOS,0,0,Morelia,Centro,febrero,lunes,8,-101.193346381187,19.703945486246
20788,20790,2019,"190107232",2019/02/11,"08:15:00",COLISIÓN POR INVASIÓN DE CARRIL,ASFALTO,Bueno,Bueno,2,FREIGHTLINER,BLANCO,2,,35,,SIN DATOS,0,0,Morelia,San Jose del Cerrito,febrero,lunes,8,-101.225506067276,19.6655332175113
20789,20791,2019,,2019/02/11,"08:30:00",SALIDA DE SUPERFICIE DE RODAMIENTO,ASFALTO,Bueno,Bueno,1,FORD,ROJO SANGRIA,1,,40,MASCULINO,SIN DATOS,0,0,Zamora,Centro,febrero,lunes,9,-102.279624938965,19.9871625946947
20790,20792,2019,"19010495",2019/02/11,"09:30:00",COLISIÓN POR CORTE DE CIRCULACIÓN,ASFALTO,Bueno,Bueno,2,MAZDA,GRIS,2,,54,MASCULINO,SIN DATOS,0,0,Morelia,Centro,febrero,lunes,10,-101.188899278641,19.7082432483066
20791,20793,2019,,2019/02/11,10:30:00,COLISIÓN POR CAMBIO DE CARRIL,ASFALTO,Bueno,Bueno,2,VOLKSWAGEN,VERDE,2,,17,MASCULINO,SIN DATOS,0,0,Morelia,Tzindurio Norte,febrero,lunes,11,-101.244099140167,19.7002536619049
20792,20794,2019,"190107567",2019/02/11,10:30:00,COLISIÓN POR INVASIÓN DE CARRIL,CONCRETO,Bueno,Bueno,2,TOYOTA,GRIS,2,,64,MASCULINO,SIN DATOS,0,0,Tarímbaro,Club Erandeni,febrero,lunes,11,-101.181775331497,19.7591712611272
20793,20795,2019,"190107520",2019/02/11,11:53:00,COLISIÓN POR CORTE DE CIRCULACIÓN,ASFALTO,Bueno,Bueno,2,YAMAHA,ROJO,0,,,,,0,0,Morelia,Chapultepec Norte,febrero,lunes,12,-101.176389455795,19.6962536685361
20794,20796,2019,"180107690",2019/02/11,12:00:00,VOLCADURA,ASFALTO,Bueno,Bueno,1,NISSAN,BLANCO,1,MINISTERIO PÚBLICO,29,MASCULINO,SIN DATOS,0,0,Morelia,Loma Bonita,febrero,lunes,12,-101.196591854095,19.7230496944901
20795,20797,2019,"190107819",2019/02/11,12:50:00,COLISIÓN POR CORTE DE CIRCULACIÓN,ASFALTO,Bueno,Bueno,2,MAZDA,GRIS,2,,34,FEMENINO,SIN DATOS,0,0,Morelia,Felix Ireta,febrero,lunes,13,-101.191796064377,19.6824751485141
20796,20798,2019,,2019/02/11,13:30:00,COLISIÓN POR ALCANCE,ASFALTO,Bueno,Bueno,2,CHEVROLET,CAFE,2,MINISTERIO PÚBLICO,27,MASCULINO,SIN DATOS,0,0,Morelia,Morelia 450,febrero,lunes,14,-101.216579675674,19.6755046245461
20797,20799,2019,"1900107943",2019/02/11,13:30:00,COLISIÓN POR CORTE DE CIRCULACIÓN,ASFALTO,Bueno,Bueno,1,VOLKWAGEN,PLATA,1,,18,MASCULINO,SIN DATOS,0,0,Morelia,Los Angeles,febrero,lunes,14,-101.177000999451,19.7411569416083
20799,20801,2019,"1901809328",2019/02/11,16:00:00,COLISIÓN POR CORTE DE CIRCULACIÓN,ASFALTO,Bueno,Bueno,2,CHEVROLET,ROJO,2,,31,MASCULINO,SIN DATOS,0,0,Morelia,Avicola Benito Juarez,febrero,lunes,16,-101.279482841492,19.6916070860848
20801,20803,2019,"190108956",2019/02/11,16:40:00,COLISIÓN CON PEATÓN,SIN_DATOS,Bueno,Bueno,2,VENTO,NEGRO,0,MINISTERIO PÚBLICO,,,,0,0,Morelia,Villas de Fatima,febrero,lunes,17,-101.209913799398,19.6774370836236
20802,20804,2019,"190108684",2019/02/11,16:40:00,COLISIÓN POR NO RESPETAR SEMÁFORO,CONCRETO,Bueno,Bueno,2,CHEVROLET,BLANCO,2,,61,MASCULINO,SIN DATOS,0,0,Morelia,Felix Ireta,febrero,lunes,17,-101.188051700592,19.690076714731
20803,20805,2019,"190108929",2019/02/11,17:35:00,COLISIÓN POR CAMBIO DE CARRIL,ASFALTO,Bueno,Bueno,2,NISSAN,ROJO,2,,24,MASCULINO,SIN DATOS,0,0,Morelia,Rafael Carrillo,febrero,lunes,18,-101.233509778976,19.7119197380708
20804,20806,2019,"190109437",2019/02/11,19:30:00,COLISIÓN POR INVASIÓN DE CARRIL,SIN_DATOS,Bueno,Bueno,2,KENWORTH,ROJO,1,,35,FEMENINO,SIN DATOS,0,0,Morelia,Jardines de Sindurio,febrero,lunes,20,-101.257456541061,19.6973647878336
20805,20807,2019,,2019/02/11,21:10:00,COLISIÓN POR INVASIÓN DE CARRIL,ASFALTO,Bueno,Bueno,1,HONDA,ROJO,0,MINISTERIO PÚBLICO,,,,0,0,Tacámbaro,Sin datos,febrero,lunes,21,-101.457506418228,19.2432499664269
20806,20808,2019,"190203111",2019/02/11,23:45:00,COLISIÓN POR CAMBIO DE CARRIL,CONCRETO,Bueno,Bueno,2,NISSAN,ARENA,2,,47,MASCULINO,ALIENTO ETÍLICO,0,0,Morelia,Residencial Alborada,febrero,lunes,0,-101.234963536262,19.7036929701952
20807,20809,2019,,2019/02/12,"07:14:00",COLISIÓN POR CORTE DE CIRCULACIÓN,ASFALTO,Bueno,Bueno,2,VOLKSWAGEN,AZUL,2,,,FEMENINO,SIN DATOS,0,0,Morelia,Alberto Oviedo Mota,febrero,martes,7,-101.195883750916,19.6826165762958
20808,20810,2019,,2019/02/12,"07:44:00",COLISIÓN POR CORTE DE CIRCULACIÓN,ASFALTO,Bueno,Bueno,2,YAMAHA,ROJO,3,,28,MASCULINO,SIN DATOS,1,0,Morelia,Pastor Manuel Sanchez Camarena,febrero,martes,8,-101.199228465557,19.7371226267418
20809,20811,2019,,2019/02/12,"08:40:00",CAIDA DE MOTOCICLETA,ASFALTO,Bueno,Bueno,1,BAJAJ,NEGRO,1,,47,MASCULINO,SIN DATOS,0,0,Morelia,Montaña Monarca,febrero,martes,9,-101.165542602539,19.6719283249821
20810,20812,2019,"190110316",2019/02/12,"08:55:00",COLISIÓN POR CORTE DE CIRCULACIÓN,ASFALTO,Bueno,Bueno,2,AUDI,GRIS,2,,41,MASCULINO,SIN DATOS,0,0,Morelia,Rinconada del Valle,febrero,martes,9,-101.218178272247,19.6794041144602
20811,20813,2019,,2019/02/12,"09:00:00",COLISIÓN POR ALCANCE,ASFALTO,Bueno,Bueno,2,JAC,ROJO,2,,29,MASCULINO,SIN DATOS,0,0,Morelia,Morelia 450,febrero,martes,9,-101.217555999756,19.6758380043368
20812,20814,2019,,2019/02/12,"09:20:00",COLISIÓN POR ALCANCE,ASFALTO,Bueno,Bueno,2,NISSAN,BLANCO,2,,37,MASCULINO,SIN DATOS,0,0,Morelia,Dr Miguel Silva,febrero,martes,9,-101.184371709824,19.7195350551242
20813,20815,2019,,2019/02/12,"09:20:00",COLISIÓN POR ALCANCE,ASFALTO,Bueno,Bueno,2,SUZUKI,ARENA,2,,50,MASCULINO,SIN DATOS,0,0,Morelia,Indeco El Vivero,febrero,martes,9,-101.229915618896,19.6771816188865
20814,20816,2019,"190110384",2019/02/12,"09:25:00",COLISIÓN POR CORTE DE CIRCULACIÓN,ASFALTO,Bueno,Bueno,3,NISSAN,ACERO,3,MINISTERIO PÚBLICO,30,FEMENINO,SIN DATOS,0,0,Morelia,Praderas del Indio,febrero,martes,9,-101.230902671814,19.6532019624305
20815,20817,2019,,2019/02/12,"09:58:00",COLISIÓN POR CAMBIO DE CARRIL,ASFALTO,Bueno,Bueno,2,YAMAHA,ROJO,2,,26,MASCULINO,SIN DATOS,0,0,Morelia,Jardines de Torremolinos,febrero,martes,10,-101.225731372833,19.6768785489195
20816,20818,2019,,2019/02/12,11:20:00,COLISIÓN POR CAMBIO DE CARRIL,ASFALTO,Bueno,Bueno,2,OISA,PLATA,2,,34,MASCULINO,SIN DATOS,0,0,Morelia,Nueva Valladolid,febrero,martes,11,-101.209090948105,19.6986526664578
20817,20819,2019,MOR190110634,2019/02/12,11:24:00,COLISIÓN POR CORTE DE CIRCULACIÓN,CONCRETO,Bueno,Bueno,3,NISSAN,SIN DATOS,0,MINISTERIO PÚBLICO,,,,0,0,Morelia,Plan de La Garita,febrero,martes,11,-101.18732213974,19.7111925270206
20818,20820,2019,"190110924",2019/02/12,12:50:00,COLISIÓN CON PEATÓN,ASFALTO,Bueno,Bueno,1,TOYOTA,GRIS,1,,33,MASCULINO,SIN DATOS,0,0,Morelia,Junta de Jaujilla,febrero,martes,13,-101.22579574585,19.6915363761796
20819,20821,2019,,2019/02/12,13:42:00,COLISIÓN POR CORTE DE CIRCULACIÓN,CONCRETO,Bueno,Bueno,2,NISSAN,BLANCO,2,,31,MASCULINO,SIN DATOS,0,0,Morelia,Centro,febrero,martes,14,-101.19238615036,19.7048696915928
20820,20822,2019,,2019/02/12,13:50:00,COLISIÓN POR CORTE DE CIRCULACIÓN,ASFALTO,Bueno,Bueno,2,CHEVROLET,GRIS,2,,22,FEMENINO,SIN DATOS,0,0,Morelia,Las Americas,febrero,martes,14,-101.155285835266,19.6876775882844
20821,20823,2019,,2019/02/12,14:15:00,COLISIÓN POR ALCANCE,ASFALTO,Bueno,Bueno,2,NISSAN,BLANCO/ROJO,2,,38,MASCULINO,SIN DATOS,0,0,Morelia,Ventura Puente,febrero,martes,14,-101.179838776588,19.6901878312954
20822,20824,2019,"190111281",2019/02/12,14:45:00,COLISIÓN POR CORTE DE CIRCULACIÓN,CONCRETO,Bueno,Bueno,2,ITALIKA,ROJO,0,,,,,0,0,Morelia,Arboledas de Valladolid,febrero,martes,15,-101.250343322754,19.6965668029369
20823,20825,2019,,2019/02/12,15:00:00,COLISIÓN CONTRA OBJETO FIJO,ASFALTO,Bueno,Bueno,1,GMC,NEGRO,0,,,,,0,0,Tocumbo,Sin datos,febrero,martes,15,-102.531237602234,19.7047989875472
20824,20826,2019,"19011420",2019/02/12,15:30:00,COLISIÓN POR ALCANCE,ASFALTO,Bueno,Bueno,2,HONDA,BLANCO,2,,34,MASCULINO,SIN DATOS,0,0,Morelia,Ana Maria Gallaga (Riviera Norte),febrero,martes,16,-101.222780942917,19.676888651261
20825,20827,2019,,2019/02/12,18:15:00,COLISIÓN POR CORTE DE CIRCULACIÓN,ASFALTO,Bueno,Bueno,2,FORD,ROJO,2,,27,MASCULINO,SIN DATOS,0,0,Morelia,Infonavit Cepamisa,febrero,martes,18,-101.21577501297,19.6959607358
20826,20828,2019,,2019/02/12,20:00:00,COLISIÓN POR INVASIÓN DE CARRIL,CONCRETO,Bueno,Bueno,2,CHEVROLET,VERDE,2,,30,MASCULINO,SIN DATOS,0,0,Cuitzeo,Centro,febrero,martes,20,-101.141182780266,19.9703539540532
20827,20829,2019,"190112088",2019/02/12,20:10:00,COLISIÓN CONTRA OBJETO FIJO,ASFALTO,Bueno,Bueno,1,CHEVROLET,NEGRO,1,,32,MASCULINO,SIN DATOS,0,0,Morelia,La Luz,febrero,martes,20,-101.299824714661,19.687526063302
20828,20830,2019,"19011940",2019/02/12,20:20:00,COLISIÓN POR ALCANCE,ASFALTO,Bueno,Bueno,3,YAMAHA,AZUL,0,MINISTERIO PÚBLICO,,,,0,0,Morelia,Centro,febrero,martes,20,-101.18754847,19.7028479949991
20829,20831,2019,"190112435",2019/02/12,23:30:00,COLISIÓN POR ALCANCE,ASFALTO,Bueno,Bueno,1,VOLKSWAGEN,BLANCO,1,,0,FEMENINO,SIN DATOS,0,0,Morelia,Vasco de Quiroga,febrero,martes,0,-101.172612905502,19.7050313007225
20830,20832,2019,,2019/02/13,"00:15:00",COLISIÓN CONTRA OBJETO FIJO,CONCRETO,Bueno,Bueno,1,CHEVROLET,GRIS,0,MINISTERIO PÚBLICO,,,,0,0,Morelia,Felicitas del Rio,febrero,miércoles,0,-101.195443868637,19.6909302899965
20831,20833,2019,,2019/02/13,"01:00:00",COLISIÓN POR INVASIÓN DE CARRIL,ASFALTO,Bueno,Bueno,2,NISSAN,BLANCO Y ROJO,2,,40,MASCULINO,SIN DATOS,0,0,Morelia,Constituyentes de Queretaro,febrero,miércoles,1,-101.165403533035,19.7181143718297
20832,20834,2019,,2019/02/13,"04:30:00",COLISIÓN CONTRA OBJETO FIJO,ASFALTO,Bueno,Bueno,1,CHEVROLET,ROJO,1,,25,,SIN DATOS,0,0,Tocumbo,Sin Nombre,febrero,miércoles,5,-102.513427734375,19.704980797887
20833,20835,2019,"190112638",2019/02/13,"06:00:00",COLISIÓN CONTRA OBJETO FIJO,ASFALTO,Bueno,Bueno,1,HONDA,VERDE,1,,22,MASCULINO,ALIENTO ETÍLICO,0,0,Morelia,El Porvenir,febrero,miércoles,6,-101.204890608788,19.7076675265969
20834,20836,2019,"190112822",2019/02/13,"07:40:00",COLISIÓN POR ALCANCE,ASFALTO,Bueno,Bueno,3,GMC,NEGRO,3,,27,FEMENINO,SIN DATOS,0,0,Morelia,Jardines del Rincon,febrero,miércoles,8,-101.146310173946,19.6887494880185
20835,20837,2019,"190112762",2019/02/13,"08:35:00",COLISIÓN CON PEATÓN,SIN_DATOS,Bueno,Bueno,1,YAMAHA,BLANCO,1,,,,,1,0,Tarímbaro,Sin datos,febrero,miércoles,9,-101.137561798096,19.7752652943968
20836,20838,2019,"190112781",2019/02/13,"08:57:00",COLISIÓN POR CORTE DE CIRCULACIÓN,CONCRETO,Bueno,Bueno,2,VOLKSWAGEN,VER,2,MINISTERIO PÚBLICO,46,MASCULINO,SIN DATOS,0,0,Morelia,Vasco de Quiroga,febrero,miércoles,9,-101.170118451118,19.7036778192195
20837,20839,2019,MOR190112894,2019/02/13,"09:20:00",COLISIÓN POR INVASIÓN DE CARRIL,ASFALTO,Bueno,Bueno,2,DODGE,BLANCO,2,,28,MASCULINO,SIN DATOS,0,0,Morelia,Nicolas Bravo(Los Ejidos),febrero,miércoles,9,-101.213757991791,19.7024051321371
20838,20840,2019,MOR190112972,2019/02/13,10:10:00,COLISIÓN POR CAMBIO DE CARRIL,ASFALTO,Bueno,Bueno,2,NISSAN,BLANCO,2,,38,MASCULINO,SIN DATOS,0,0,Morelia,Morelia 450,febrero,miércoles,10,-101.21716439724,19.675585443953
20839,20841,2019,"190113055",2019/02/13,10:20:00,COLISIÓN POR CAMBIO DE CARRIL,ASFALTO,Bueno,Bueno,2,VOLKWAGEN,BEIGE,2,,33,MASCULINO,SIN DATOS,0,0,Morelia,Felix Ireta,febrero,miércoles,10,-101.195690631866,19.6817073955203
20840,20842,2019,"190113220",2019/02/13,10:40:00,COLISIÓN POR CORTE DE CIRCULACIÓN,ASFALTO,Bueno,Bueno,1,CHEVROLET,VERDE,1,,60,MASCULINO,SIN DATOS,0,0,Morelia,Infonavit Cepamisa,febrero,miércoles,11,-101.215753555298,19.6959607358
20841,20843,2019,,2019/02/13,11:35:00,COLISIÓN POR CAMBIO DE CARRIL,ASFALTO,Bueno,Bueno,2,TOYOTA,ARENA,2,,76,,SIN DATOS,0,0,Tingüindín,Sin datos,febrero,miércoles,12,-102.48553276062,19.727887246976
20842,20844,2019,"190113416",2019/02/13,12:20:00,COLISIÓN POR ALCANCE,ASFALTO,Bueno,Bueno,2,MITSUBISHI,BLANCO Y GRIS,2,,29,FEMENINO,SIN DATOS,0,0,Morelia,Loma de Los Piñones,febrero,miércoles,12,-101.205089092255,19.674130688392
20843,20845,2019,"190110858",2019/02/13,12:25:00,COLISIÓN POR ALCANCE,ASFALTO,Bueno,Bueno,1,NISSAN,BLANCO,1,,40,MASCULINO,SIN DATOS,0,0,Morelia,Vasco de Quiroga,febrero,miércoles,12,-101.171668767929,19.6973647878336
20844,20846,2019,"190113402",2019/02/13,12:25:00,COLISIÓN POR ALCANCE,ASFALTO,Bueno,Bueno,2,NISSAN,BLANCO/CAFE,2,,0,MASCULINO,SIN DATOS,0,0,Morelia,Las Flores,febrero,miércoles,12,-101.206033229828,19.7025768444771
20846,20848,2019,"190114026",2019/02/13,14:10:00,COLISIÓN POR CAMBIO DE CARRIL,ASFALTO,Bueno,Bueno,2,MAZDA,ROJO,2,,0,MASCULINO,SIN DATOS,0,0,Morelia,Enrique Arreguin Robles,febrero,miércoles,14,-101.184210777283,19.7197471476219
20847,20849,2019,MOR190114003,2019/02/13,14:40:00,COLISIÓN POR CAMBIO DE CARRIL,ASFALTO,Bueno,Bueno,2,CHEVROLET,GRIS,2,,0,MASCULINO,SIN DATOS,0,0,Morelia,Felix Ireta,febrero,miércoles,15,-101.191801428795,19.6823236186094
20848,20850,2019,"190114013",2019/02/13,14:52:00,COLISIÓN CONTRA OBJETO FIJO,ASFALTO,Bueno,Bueno,1,YAMAHA,BLANCO Y NEGRO,1,,21,MASCULINO,SIN DATOS,0,0,Morelia,Felix Ireta,febrero,miércoles,15,-101.185326576233,19.6812325990642
20849,20851,2019,"190117107",2019/02/13,15:45:00,COLISIÓN POR CORTE DE CIRCULACIÓN,ASFALTO,Bueno,Bueno,2,DINA,BLANCO,2,,,MASCULINO,SIN DATOS,0,0,Morelia,Libertad,febrero,miércoles,16,-101.236921548843,19.6848112164034
20850,20852,2019,"190114243",2019/02/13,16:06:00,COLISIÓN POR CORTE DE CIRCULACIÓN,ASFALTO,Bueno,Bueno,1,NISSAN,BLANCO,1,,42,MASCULINO,SIN DATOS,0,0,Morelia,Ampliacion La Soledad,febrero,miércoles,16,-101.183245182037,19.7308361632761
20851,20853,2019,,2019/02/13,16:30:00,COLISIÓN CONTRA OBJETO FIJO,ADOQUIN_EMPEDRADO,Bueno,Bueno,1,WOLKSWAGEN,NEGRO,1,,33,MASCULINO,SIN DATOS,0,0,Pátzcuaro,San Jose (El Cerrito),febrero,miércoles,17,-101.622440814972,19.5325320741513
20852,20854,2019,"190114172",2019/02/13,17:08:00,COLISIÓN POR CORTE DE CIRCULACIÓN,ASFALTO,Bueno,Bueno,2,TOYOTA,GRIS,1,,58,MASCULINO,SIN DATOS,0,0,Morelia,Ventura Puente,febrero,miércoles,17,-101.19192481041,19.6925061092998
20853,20855,2019,"190114571",2019/02/13,18:15:00,COLISIÓN POR CAMBIO DE CARRIL,ASFALTO,Bueno,Bueno,1,DODGE,AZUL,2,,24,FEMENINO,SIN DATOS,0,0,Morelia,Jardines de Sindurio,febrero,miércoles,18,-101.256405115128,19.6975163035038
20854,20856,2019,,2019/02/13,18:40:00,COLISIÓN POR CORTE DE CIRCULACIÓN,ASFALTO,Bueno,Bueno,2,NISSAN,GRIS,4,,38,FEMENINO,SIN DATOS,2,0,Apatzingán,Centro,febrero,miércoles,19,-102.354303002357,19.0866409189452
20855,20857,2019,"190143766",2019/02/13,19:05:00,COLISIÓN POR MANIOBRA DE REVERSA,ASFALTO,Bueno,Bueno,3,FORD,BLANCO,3,,51,MASCULINO,SIN DATOS,0,0,Morelia,Ocolusen Iii,febrero,miércoles,19,-101.152313947678,19.6847379780356
20856,20858,2019,"190114839",2019/02/13,19:05:00,COLISIÓN POR CAMBIO DE CARRIL,ASFALTO,Bueno,Bueno,2,NISSAN,BLANCO,2,,36,MASCULINO,SIN DATOS,0,0,Morelia,Centro,febrero,miércoles,19,-101.19048178196,19.7029657217423
20857,20859,2019,"190114644",2019/02/13,19:20:00,COLISIÓN POR NO RESPETAR SEMÁFORO,CONCRETO,Bueno,Bueno,2,NISSAN,BLANCO,2,,0,MASCULINO,SIN DATOS,0,0,Morelia,Fidel Velazquez,febrero,miércoles,19,-101.234700679779,19.7025162401428
20858,20860,2019,"190114913",2019/02/13,20:28:00,COLISIÓN POR ALCANCE,ASFALTO,Bueno,Bueno,3,S/D,S/D,2,,47,FEMENINO,SIN DATOS,0,0,Morelia,Loma de Los Piñones,febrero,miércoles,20,-101.203490495682,19.675014656019
20859,20861,2019,,2019/02/13,21:15:00,COLISIÓN POR INVASIÓN DE CARRIL,ASFALTO,Bueno,Bueno,2,NISSAN,ROJO,2,,52,,SIN DATOS,0,0,Los Reyes,Sin datos,febrero,miércoles,21,-102.460856437683,19.5767735433312
20860,20862,2019,,2019/02/13,21:15:00,COLISIÓN POR CAMBIO DE CARRIL,ASFALTO,Bueno,Bueno,2,NISSAN,AZUL,2,,38,MASCULINO,SIN DATOS,0,0,Morelia,Ana Maria Gallaga (Riviera Norte),febrero,miércoles,21,-101.223542690277,19.6767270137211
20861,20863,2019,,2019/02/13,21:28:00,COLISIÓN POR MANIOBRA DE REVERSA,ASFALTO,Bueno,Bueno,2,TOYOTA,GRIS PLATA,1,MINISTERIO PÚBLICO,0,MASCULINO,SIN DATOS,0,0,Zacapu,Centro,febrero,miércoles,21,-101.789510250092,19.8097902942764
20862,20864,2019,,2019/02/13,21:35:00,COLISIÓN POR CAMBIO DE CARRIL,ASFALTO,Bueno,Bueno,2,DODGE,AZUL,2,,61,,SIN DATOS,0,0,Tingüindín,La Asuncion,febrero,miércoles,22,-102.484309673309,19.7373902377679
20863,20865,2019,"190115242",2019/02/13,22:30:00,COLISIÓN POR ALCANCE,CONCRETO,Bueno,Bueno,2,NISSAN,ARENA,2,,64,MASCULINO,SIN DATOS,0,0,Morelia,Ferrocarrilero,febrero,miércoles,23,-101.217534542084,19.6976678190305
20864,20866,2019,,2019/02/14,"08:50:00",COLISIÓN POR CAMBIO DE CARRIL,ASFALTO,Bueno,Bueno,2,VOLVO,BLANCO,2,,36,MASCULINO,SIN DATOS,0,0,Morelia,Francisco J Mujica,febrero,jueves,9,-101.188287734985,19.7216054698518
20865,20867,2019,"190115817",2019/02/14,"09:50:00",COLISIÓN POR ALCANCE,ASFALTO,Bueno,Bueno,2,MAZDA,ROJO,2,,68,MASCULINO,SIN DATOS,0,0,Morelia,Tlalpujahua,febrero,jueves,10,-101.217620372772,19.6760501547516
20866,20868,2019,,2019/02/14,10:15:00,COLISIÓN CON PEATÓN,CONCRETO,Bueno,Bueno,1,BAJAJ,BLANCO,1,MINISTERIO PÚBLICO,,,,1,0,Morelia,Gertrudis Bocanegra,febrero,jueves,10,-101.20888710022,19.7022839233155