fid,id_accidente,anio_origen,folio_c5i,dia_incidente,hora_ocurrencia,tipo_incidente_vial,superficie_ocurrencia,condiciones_climaticas,condiciones_via,numero_vehiculos_involucrados,marca_vehiculo_ocasiona_siniestro,color_vehiculo_ocasiona_siniestro,numero_personas_involucradas,lugar_remite_presunto_responsable,edad_presunto_responsable,sexo_presunto_responsable,resultados_toxicologia,numero_personas_lesionadas,numero_personas_fallecidas,municipio,colonia,mes,dia_semana,hora_redondeada,lon,lat
20867,20869,2019,"190116063",2019/02/14,11:30:00,COLISIÓN POR ALCANCE,CONCRETO,Bueno,Bueno,2,NISSAN,AZUL,2,,20,MASCULINO,SIN DATOS,0,0,Morelia,Martires de Uruapan,febrero,jueves,12,-101.200164556503,19.7252917516375
20868,20870,2019,,2019/02/14,11:46:00,SALIDA DE SUPERFICIE DE RODAMIENTO,ASFALTO,Bueno,Bueno,1,NISSAN,BLANCO,1,,22,,SIN DATOS,0,0,Tocumbo,Sin datos,febrero,jueves,12,-102.530057430267,19.7042737565161
20869,20871,2019,,2019/02/14,12:30:00,COLISIÓN CON PEATÓN,ASFALTO,Bueno,Bueno,2,NISSAN,ROJO,3,MINISTERIO PÚBLICO,28,MASCULINO,SIN DATOS,1,0,Morelia,Juana Pavon,febrero,jueves,13,-101.204273700714,19.6691579288455
20870,20872,2019,"190116516",2019/02/14,12:30:00,COLISIÓN POR ALCANCE,ASFALTO,Bueno,Bueno,1,KENWORTH,AZUL,1,,28,MASCULINO,SIN DATOS,0,0,Morelia,Valle Verde,febrero,jueves,13,-101.205282211304,19.6688166773867
20872,20874,2019,,2019/02/14,13:10:00,COLISIÓN POR ALCANCE,ASFALTO,Bueno,Bueno,2,HONDA,BLANCO,2,,0,,SIN DATOS,0,0,Morelia,Isaac Arriaga,febrero,jueves,13,-101.168546676636,19.7091118771395
20873,20875,2019,,2019/02/14,14:00:00,COLISIÓN POR CORTE DE CIRCULACIÓN,CONCRETO,Bueno,Bueno,2,ITALIKA,AMARILLO/NEGRO,3,,12,MASCULINO,SIN DATOS,1,0,Huandacareo,Centro,febrero,jueves,14,-101.27594769001,19.991069565361
20874,20876,2019,"190116593",2019/02/14,14:40:00,COLISIÓN POR MANIOBRA DE REVERSA,CONCRETO,Bueno,Bueno,2,FREIGHTLINER,BLANCO,2,,34,MASCULINO,SIN DATOS,0,0,Morelia,Elias Perez Avalos,febrero,jueves,15,-101.170029938221,19.7141745763098
20875,20877,2019,"190115705",2019/02/14,15:55:00,COLISIÓN POR CORTE DE CIRCULACIÓN,CONCRETO,Bueno,Bueno,2,NISSAN,GRIS,2,,45,MASCULINO,ALIENTO ETÍLICO,0,0,Morelia,Ventura Puente,febrero,jueves,16,-101.191908717155,19.6914151591265
20876,20878,2019,"190116884",2019/02/14,16:00:00,COLISIÓN POR CORTE DE CIRCULACIÓN,ASFALTO,Bueno,Bueno,2,FORD,GRIS,2,,47,MASCULINO,SIN DATOS,0,0,Morelia,Tres Puentes,febrero,jueves,16,-101.213843822479,19.7026475495047
20877,20879,2019,"190116948",2019/02/14,16:10:00,COLISIÓN POR CAMBIO DE CARRIL,ASFALTO,Bueno,Bueno,2,NISSAN,BLANCO,2,,18,MASCULINO,SIN DATOS,0,0,Morelia,Villas del Real,febrero,jueves,16,-101.198968291283,19.7334214697714
20878,20880,2019,,2019/02/14,17:00:00,SUBIDA AL CAMELLÓN,ASFALTO,Bueno,Bueno,1,NISSAN,BLANCO,1,,35,FEMENINO,SIN DATOS,0,0,Morelia,Felix Ireta,febrero,jueves,17,-101.183481216431,19.681384130001
20879,20881,2019,"190117178",2019/02/14,17:30:00,COLISIÓN CON PEATÓN,ASFALTO,Bueno,Bueno,1,FORD,ARENA,2,,,,,2,0,Morelia,Americas Britania,febrero,jueves,18,-101.149739027023,19.6933495703101
20880,20882,2019,"190117528",2019/02/14,18:09:00,COLISIÓN POR ALCANCE,ASFALTO,Bueno,Bueno,3,NISSAN,GRIS,3,,37,MASCULINO,SIN DATOS,0,0,Morelia,El Lago 2,febrero,jueves,18,-101.214605569839,19.7267258437679
20881,20883,2019,"190117534",2019/02/14,19:40:00,VOLCADURA,ASFALTO,Bueno,Bueno,1,KENWORTH,ROJO,1,,23,MASCULINO,SIN DATOS,0,0,Morelia,Sin datos,febrero,jueves,20,-101.097921431065,19.7303261662335
20882,20884,2019,,2019/02/14,20:20:00,COLISIÓN POR CORTE DE CIRCULACIÓN,ASFALTO,Bueno,Bueno,2,TOYOTA,BLANCO Y GRIS,2,,45,MASCULINO,SIN DATOS,0,0,Morelia,Felix Ireta,febrero,jueves,20,-101.189628839493,19.6822630066074
20883,20885,2019,"190117731",2019/02/14,20:30:00,COLISIÓN CONTRA OBJETO FIJO,CONCRETO,Bueno,Bueno,2,CHEVROLET,AZUL,2,,23,FEMENINO,SIN DATOS,0,0,Morelia,Jacarandas,febrero,jueves,21,-101.209064126015,19.7066170816468
20884,20886,2019,,2019/02/14,22:00:00,VOLCADURA,ASFALTO,Bueno,Bueno,1,FORD EXPLORER,GUINDA,1,,60,MASCULINO,SIN DATOS,0,0,Apatzingán,Palmira,febrero,jueves,22,-102.347184419632,19.0844559456695
20885,20887,2019,"190117957",2019/02/14,22:10:00,COLISIÓN POR ALCANCE,CONCRETO,Bueno,Bueno,2,CHEVROLET,BLANCO Y ROJO,2,,47,MASCULINO,SIN DATOS,0,0,Morelia,Centro,febrero,jueves,22,-101.178170442581,19.6992334710739
20886,20888,2019,"190567820",2019/02/15,"00:00:00",COLISIÓN CON PEATÓN,ASFALTO,Bueno,Bueno,1,DODGE,NEGRO,1,,39,MASCULINO,SIN DATOS,0,0,Morelia,Sin datos,febrero,viernes,0,-101.354928016663,19.6789192089646
20887,20889,2019,"190118339",2019/02/15,"06:00:00",COLISIÓN CONTRA OBJETO FIJO,ASFALTO,Bueno,Bueno,1,MERCEDES BENZ,ROJO,0,,,,,0,0,Morelia,Las Americas,febrero,viernes,6,-101.159019470215,19.6881523656342
20889,20891,2019,,2019/02/15,"08:15:00",COLISIÓN POR CORTE DE CIRCULACIÓN,ASFALTO,Bueno,Bueno,2,NISSAN,BLANCO,2,,40,,SIN DATOS,0,0,Peribán,Vistas del Valle,febrero,viernes,8,-102.414840459824,19.5288009204246
20890,20892,2019,,2019/02/15,"08:40:00",COLISIÓN POR CORTE DE CIRCULACIÓN,ASFALTO,Bueno,Bueno,2,NISSAN,BLANCO,3,,68,MASCULINO,SIN DATOS,1,0,Pátzcuaro,Centro,febrero,viernes,9,-101.610075831413,19.5132029559746
20891,20893,2019,,2019/02/15,"08:40:00",COLISIÓN POR CORTE DE CIRCULACIÓN,CONCRETO,Bueno,Bueno,2,VOLKSWAGEN,PLATA,2,,42,MASCULINO,SIN DATOS,0,0,Morelia,Lomas del Tecnologico,febrero,viernes,9,-101.190653443336,19.720348074837
20892,20894,2019,,2019/02/15,"09:45:00",COLISIÓN POR CORTE DE CIRCULACIÓN,ASFALTO,Bueno,Bueno,2,DODGE,AZUL,2,,62,MASCULINO,SIN DATOS,0,0,Morelia,Sin datos,febrero,viernes,10,-101.417230367661,19.6328161831845
20893,20895,2019,,2019/02/15,"09:45:00",COLISIÓN CONTRA OBJETO FIJO,SIN_DATOS,Bueno,Bueno,1,KENWORTH,BLANCO,1,,56,MASCULINO,SIN DATOS,0,0,Cuitzeo,Centro,febrero,viernes,10,-101.140506863594,19.9691691142182
20894,20896,2019,,2019/02/15,11:15:00,COLISIÓN POR CORTE DE CIRCULACIÓN,ASFALTO,Bueno,Bueno,2,CHEVROLET,BLANCA,2,MINISTERIO PÚBLICO,,MASCULINO,SIN DATOS,0,0,Zamora,La Central,febrero,viernes,11,-102.26863861084,19.978995452726
20895,20897,2019,,2019/02/15,12:00:00,CAIDA DE MOTOCICLETA,ASFALTO,Bueno,Bueno,1,ITALIKA,GUINDA/NEGRO,1,,42,FEMENINO,SIN DATOS,0,0,Cuitzeo,Sin datos,febrero,viernes,12,-101.158751249313,19.9701522798164
20896,20898,2019,,2019/02/15,12:25:00,COLISIÓN POR INVASIÓN DE CARRIL,ASFALTO,Bueno,Bueno,2,CHEVROLET,PLATA,2,,25,,SIN DATOS,0,0,Peribán,Centro,febrero,viernes,12,-102.413563728333,19.5230422362504
20897,20899,2019,"190389021",2019/02/15,13:10:00,VOLCADURA,ASFALTO,Bueno,Bueno,1,FORD,ROJO,1,,58,MASCULINO,SIN DATOS,0,0,Morelia,Francisco J Mujica,febrero,viernes,13,-101.191576123238,19.7229789984829
20898,20900,2019,"190118619",2019/02/15,13:40:00,COLISIÓN POR ALCANCE,ASFALTO,Bueno,Bueno,2,CHEVROLET,BLANCO,2,,38,MASCULINO,SIN DATOS,0,0,Morelia,Felix Ireta,febrero,viernes,14,-101.192053556442,19.6843642092921
20899,20901,2019,,2019/02/15,14:00:00,COLISIÓN POR INVASIÓN DE CARRIL,ASFALTO,Bueno,Bueno,2,FORD,AZUL,2,MINISTERIO PÚBLICO,0,,SIN DATOS,0,0,Ario,Sin datos,febrero,viernes,14,-101.7218542099,19.2096574640725
20900,20902,2019,"190120072",2019/02/15,17:50:00,COLISIÓN POR ALCANCE,TERRACERIA,Bueno,Bueno,1,VOLKSWAGEN,GRIS,1,,20,MASCULINO,ALIENTO ETÍLICO,0,0,Morelia,Loma de La Virgen,febrero,viernes,18,-101.200599074364,19.6638712560335
20901,20903,2019,,2019/02/15,18:00:00,COLISIÓN POR INVASIÓN DE CARRIL,ASFALTO,Bueno,Bueno,2,HONDA,ROJO,2,MINISTERIO PÚBLICO,,,SIN DATOS,0,0,Tuzantla,Sin datos,febrero,viernes,18,-100.583825111389,19.204510599625
20902,20904,2019,MOR190120452,2019/02/15,19:40:00,COLISIÓN POR CAMBIO DE CARRIL,CONCRETO,Bueno,Bueno,2,INTERNATIONAL,BLANCO,2,,39,MASCULINO,SIN DATOS,0,0,Morelia,Industrial,febrero,viernes,20,-101.194038391113,19.7073241126607
20903,20905,2019,,2019/02/15,20:10:00,COLISIÓN POR CORTE DE CIRCULACIÓN,ASFALTO,Bueno,Bueno,1,NISSAN,BLANCO,1,,50,MASCULINO,SIN DATOS,0,0,Morelia,Centro,febrero,viernes,20,-101.189414262772,19.6960011403472
20904,20906,2019,MOR190120600,2019/02/15,21:00:00,COLISIÓN CON PEATÓN,SIN_DATOS,Bueno,Bueno,1,NISSAN,BLANCO/AZUL,0,MINISTERIO PÚBLICO,,,,0,0,Tarímbaro,Sin datos,febrero,viernes,21,-101.164126396179,19.8023609850983
20905,20907,2019,MOR190120681,2019/02/15,21:00:00,COLISIÓN POR ALCANCE,ASFALTO,Bueno,Bueno,2,NISSAN,GRIS,2,,23,MASCULINO,SIN DATOS,0,0,Morelia,Felix Arreguin,febrero,viernes,21,-101.228091716766,19.7194037596275
20906,20908,2019,MOR190120641,2019/02/15,21:10:00,COLISIÓN POR ALCANCE,ASFALTO,Bueno,Bueno,2,TOYOTA,BLANCO Y GRIS,2,,31,MASCULINO,SIN DATOS,0,0,Morelia,Elias Perez Avalos,febrero,viernes,21,-101.166486740112,19.7110006235531
20907,20909,2019,"190117683",2019/02/15,22:10:00,COLISIÓN POR CORTE DE CIRCULACIÓN,ASFALTO,Bueno,Bueno,2,AUDI,GRIS,2,,41,FEMENINO,SIN DATOS,0,0,Morelia,Comision Federal de Electricidad,febrero,viernes,22,-101.178631782532,19.6816871914444
20908,20910,2019,"190324902",2019/02/15,22:40:00,COLISIÓN POR CAMBIO DE CARRIL,ASFALTO,Bueno,Bueno,2,CHEVROLET,GRIS,2,,43,MASCULINO,SIN DATOS,0,0,Morelia,Lomas de Hidalgo,febrero,viernes,23,-101.158933639526,19.6955718415118
20909,20911,2019,,2019/02/16,"00:00:00",COLISIÓN POR CORTE DE CIRCULACIÓN,ASFALTO,Bueno,Bueno,2,NISSAN,MORADO CON BLANCO,2,,24,MASCULINO,SIN DATOS,0,0,Morelia,Morelos,febrero,sábado,0,-101.208479404449,19.6980718597339
20910,20912,2019,"190121102",2019/02/16,"01:30:00",COLISIÓN POR CORTE DE CIRCULACIÓN,CONCRETO,Bueno,Bueno,1,SEAT,BLANCO,1,,30,MASCULINO,SIN DATOS,0,0,Morelia,Centro,febrero,sábado,2,-101.19521856308,19.7020061527531
20911,20913,2019,MOR190012311,2019/02/16,"01:50:00",SUBIDA AL CAMELLÓN,ASFALTO,Bueno,Bueno,1,CHEVROLET,AZUL,1,,0,MASCULINO,SIN DATOS,0,0,Morelia,Gertrudis Bocanegra,febrero,sábado,2,-101.212717294693,19.7020213038871
20912,20914,2019,MOR190121159,2019/02/16,"02:10:00",COLISIÓN POR CORTE DE CIRCULACIÓN,ASFALTO,Bueno,Bueno,1,VOLKSWAGEN,ARENA,1,,23,MASCULINO,ALIENTO ETÍLICO,0,0,Morelia,Primo Tapia Oriente,febrero,sábado,2,-101.16028547287,19.7128388473059
20913,20915,2019,,2019/02/16,"03:45:00",COLISIÓN CON PEATÓN,SIN_DATOS,Bueno,Bueno,1,CHEVROLET,BLANCO,1,,0,,SIN DATOS,0,0,Morelia,Chapultepec Sur,febrero,sábado,4,-101.176606714725,19.691900026788
20914,20916,2019,MOR190121240,2019/02/16,"05:40:00",VOLCADURA,ASFALTO,Bueno,Bueno,1,FORD,GRIS,1,MINISTERIO PÚBLICO,0,,SIN DATOS,0,0,Morelia,Comision Federal de Electricidad,febrero,sábado,6,-101.181378364563,19.6815457628422
20915,20917,2019,"190121262",2019/02/16,"05:45:00",COLISIÓN CONTRA OBJETO FIJO,ASFALTO,Bueno,Bueno,1,FORD,GRIS,1,,63,MASCULINO,SIN DATOS,0,0,Morelia,Los Manantiales de Morelia,febrero,sábado,6,-101.240301132202,19.6929202643632
20916,20918,2019,"190121259",2019/02/16,"06:00:00",COLISIÓN CON PEATÓN,SIN_DATOS,Bueno,Bueno,1,VOLKSWAGEN,ARENA,1,,0,MASCULINO,SIN DATOS,0,0,Tarímbaro,Sin datos,febrero,sábado,6,-101.172634363174,19.7493666342593
20917,20919,2019,MOR190121346,2019/02/16,"07:50:00",COLISIÓN CONTRA OBJETO FIJO,ASFALTO,Bueno,Bueno,1,NISSAN,GRIS,2,,38,MASCULINO,SIN DATOS,1,0,Morelia,Felix Ireta,febrero,sábado,8,-101.191881895065,19.682364026598
20918,20920,2019,"190118426",2019/02/16,"08:10:00",COLISIÓN CONTRA OBJETO FIJO,ASFALTO,Bueno,Bueno,1,NISSAN,GRIS,1,MINISTERIO PÚBLICO,22,MASCULINO,SIN DATOS,0,0,Morelia,Vistas de Altozano,febrero,sábado,8,-101.165435314178,19.6570161143321
20919,20921,2019,MOR190118768,2019/02/16,10:00:00,COLISIÓN POR CAMBIO DE CARRIL,ASFALTO,Bueno,Bueno,2,NISSAN,BLANCO,2,,50,FEMENINO,SIN DATOS,0,0,Morelia,Las Americas,febrero,sábado,10,-101.152759194374,19.6890312050989
20920,20922,2019,MOR190123532,2019/02/16,10:10:00,COLISIÓN POR CORTE DE CIRCULACIÓN,ASFALTO,Bueno,Bueno,1,FORD,BLANCO,0,,,,,0,0,Morelia,Independencia,febrero,sábado,10,-101.177832484245,19.7150608478084
20921,20923,2019,MOR190240712,2019/02/16,10:25:00,COLISIÓN POR ALCANCE,ASFALTO,Bueno,Bueno,2,NISSAN,BLANCO Y ROJO,2,MINISTERIO PÚBLICO,40,MASCULINO,SIN DATOS,0,0,Morelia,Virrey Antonio de Mendoza,febrero,sábado,10,-101.162356138229,19.7066271821119
20922,20924,2019,MOR190120440,2019/02/16,10:35:00,COLISIÓN CON PEATÓN,ASFALTO,Bueno,Bueno,1,HONDA,BLANCO,1,,,,,1,0,Morelia,Dr Miguel Silva,febrero,sábado,11,-101.184210777283,19.7152022467954
20923,20925,2019,,2019/02/16,10:45:00,COLISIÓN POR CORTE DE CIRCULACIÓN,ASFALTO,Bueno,Bueno,2,ISUZO,BLANCO,2,MINISTERIO PÚBLICO,27,MASCULINO,SIN DATOS,0,0,Zacapu,Moderna,febrero,sábado,11,-101.78270816803,19.8095783215133
20924,20926,2019,MOR190121908,2019/02/16,12:20:00,COLISIÓN POR ALCANCE,ASFALTO,Bueno,Bueno,2,NISSAN,BLANCO,4,,33,MASCULINO,SIN DATOS,2,0,Morelia,Lazaro Cardenas,febrero,sábado,12,-101.163670420647,19.7078240827056
20925,20927,2019,,2019/02/16,13:00:00,COLISIÓN POR INVASIÓN DE CARRIL,ASFALTO,Bueno,Bueno,1,FREIGHTLINER,BLANCO,1,,28,MASCULINO,SIN DATOS,0,0,Huandacareo,Centro,febrero,sábado,13,-101.276870369911,19.9887959722842
20926,20928,2019,"190761218",2019/02/16,13:40:00,SUBIDA AL CAMELLÓN,ASFALTO,Bueno,Bueno,1,FORD,ARENA,1,,28,MASCULINO,SIN DATOS,0,0,Morelia,Valle de Altozano,febrero,sábado,14,-101.164823770523,19.6655079598671
20927,20929,2019,MOR190119389,2019/02/16,13:55:00,COLISIÓN POR CAMBIO DE CARRIL,ASFALTO,Bueno,Bueno,2,NISSAN,BLANCO,2,,36,MASCULINO,SIN DATOS,0,0,Morelia,Felix Ireta,febrero,sábado,14,-101.181507110596,19.6814447423355
20928,20930,2019,MOR190119295,2019/02/16,14:09:00,COLISIÓN POR CAMBIO DE CARRIL,CONCRETO,Bueno,Bueno,2,NISSAN,BLANCO,2,,74,FEMENINO,SIN DATOS,0,0,Morelia,Felicitas del Rio,febrero,sábado,14,-101.19551897049,19.6903039985303
20929,20931,2019,"190119417",2019/02/16,14:10:00,COLISIÓN POR CAMBIO DE CARRIL,CONCRETO,Bueno,Bueno,2,SUZUKI,BLANCO,2,,26,FEMENINO,SIN DATOS,0,0,Morelia,Felix Ireta,febrero,sábado,14,-101.195561885834,19.6854350039029
20930,20932,2019,MOR190122251,2019/02/16,14:20:00,COLISIÓN POR CORTE DE CIRCULACIÓN,ASFALTO,Bueno,Bueno,2,NISSAN,ARENA,4,,33,MASCULINO,SIN DATOS,2,0,Morelia,Isaac Arriaga,febrero,sábado,14,-101.174603104591,19.7124903944264
20931,20933,2019,,2019/02/16,14:30:00,VOLCADURA,ASFALTO,Bueno,Bueno,1,INTERNATIONAL,BLANCO,1,,36,MASCULINO,SIN DATOS,0,0,Juárez,Sin datos,febrero,sábado,15,-100.421690940857,19.3263203190259
20932,20934,2019,MOR190119454,2019/02/16,14:35:00,COLISIÓN POR CAMBIO DE CARRIL,ASFALTO,Bueno,Bueno,2,FORD,BLANCO,2,,29,MASCULINO,SIN DATOS,0,0,Morelia,Francisco J Mujica,febrero,sábado,15,-101.188352108002,19.7214438774721
20933,20935,2019,MOR190122457,2019/02/16,15:05:00,COLISIÓN POR CORTE DE CIRCULACIÓN,CONCRETO,Bueno,Bueno,2,VOLKSWAGEN,GRIS,2,,25,MASCULINO,SIN DATOS,0,0,Morelia,Industrial,febrero,sábado,15,-101.197932958603,19.707071601943
20934,20936,2019,,2019/02/16,15:10:00,COLISIÓN CON PEATÓN,ASFALTO,Bueno,Bueno,1,NISSAN,BLANC ROJO,1,MINISTERIO PÚBLICO,,,,1,0,Morelia,Lomas de Huerta,febrero,sábado,15,-101.21079146862,19.6725041752179
20935,20937,2019,,2019/02/16,18:25:00,COLISIÓN POR ALCANCE,ASFALTO,Bueno,Bueno,1,DODGE CHRYSLER,BLANCO,1,,38,MASCULINO,SIN DATOS,0,0,Morelia,Elias Perez Avalos,febrero,sábado,18,-101.171400547028,19.7145104005611
20936,20938,2019,MOR190130741,2019/02/16,18:40:00,COLISIÓN POR ALCANCE,ASFALTO,Bueno,Bueno,2,FORD,VERDE,2,,40,MASCULINO,SIN DATOS,0,0,Morelia,Pascual Ortiz de Ayala,febrero,sábado,19,-101.152592897415,19.6950920355684
20937,20939,2019,,2019/02/16,20:47:00,COLISIÓN POR CORTE DE CIRCULACIÓN,ASFALTO,Bueno,Bueno,1,ITALIKA,NEGRO - AMARILLO,1,,0,,SIN DATOS,0,0,Zamora,La Luneta,febrero,sábado,21,-102.292649745941,19.9761318113659
20938,20940,2019,,2019/02/16,21:40:00,VOLCADURA,CONCRETO,Bueno,Bueno,1,VOLKSWAGEN,BLANCO,1,,,,SIN DATOS,0,0,Zitácuaro,Sin datos,febrero,sábado,22,-100.296936035156,19.4521263754438
20939,20941,2019,"190124115",2019/02/16,22:30:00,COLISIÓN POR CORTE DE CIRCULACIÓN,ASFALTO,Bueno,Bueno,2,GENERAL MOTORS,ARENA,1,,32,FEMENINO,SIN DATOS,0,0,Morelia,Loma Bonita,febrero,sábado,23,-101.196892261505,19.7202167800081
20940,20942,2019,"190124161",2019/02/16,22:40:00,COLISIÓN POR CORTE DE CIRCULACIÓN,ASFALTO,Bueno,Bueno,2,DODGE,ROJO,2,MINISTERIO PÚBLICO,34,FEMENINO,SIN DATOS,0,0,Morelia,Junta de Jaujilla,febrero,sábado,23,-101.225731372833,19.6914909197954
20942,20944,2019,MOR190124674,2019/02/17,"02:31:00",COLISIÓN CONTRA OBJETO FIJO,ASFALTO,Bueno,Bueno,1,HONDA,AZUL,1,,46,MASCULINO,SIN DATOS,0,0,Morelia,Felix Ireta,febrero,domingo,3,-101.181421279907,19.6816669873661
20943,20945,2019,MOR190124811,2019/02/17,"06:05:00",COLISIÓN POR CORTE DE CIRCULACIÓN,CONCRETO,Bueno,Bueno,1,CHEVROLET,ROJO,0,,,,,0,0,Morelia,Popular Pogreso,febrero,domingo,6,-101.199306249619,19.7202723278335
20944,20946,2019,MOR190124837,2019/02/17,"06:30:00",VOLCADURA,ASFALTO,Bueno,Bueno,1,NISSAN,GRIS,1,,58,MASCULINO,SIN DATOS,0,0,Morelia,Villa de Santa Maria,febrero,domingo,7,-101.167586445808,19.6560158554541
20945,20947,2019,MOR190124892,2019/02/17,"06:30:00",COLISIÓN POR ALCANCE,ASFALTO,Bueno,Bueno,2,CHEVROLET,AZUL,2,,33,MASCULINO,ALIENTO ETÍLICO,0,0,Morelia,Morelia 450,febrero,domingo,7,-101.21716439724,19.675585443953
20946,20948,2019,"190124838",2019/02/17,"06:30:00",COLISIÓN CONTRA OBJETO FIJO,ASFALTO,Bueno,Bueno,1,VOLKSWAGEN,ROJO,0,,,,,0,0,Morelia,Arboledas de La Huerta,febrero,domingo,7,-101.223521232605,19.6684630772468
20947,20949,2019,,2019/02/17,"09:30:00",COLISIÓN CONTRA OBJETO FIJO,ASFALTO,Bueno,Bueno,1,MITSUBISHI,BLANCO,0,,,,,0,0,Cuitzeo,Los Granados,febrero,domingo,10,-101.14013671875,19.97474030488
20948,20950,2019,"190125313",2019/02/17,"09:53:00",COLISIÓN POR CORTE DE CIRCULACIÓN,ASFALTO,Bueno,Bueno,2,TOYOTA,BLANCO,2,,,FEMENINO,SIN DATOS,0,0,Morelia,Centro,febrero,domingo,10,-101.193324923515,19.7048191887063
20949,20951,2019,,2019/02/17,14:00:00,CAIDA DE MOTOCICLETA,ASFALTO,Bueno,Bueno,1,HONDA,BLANCO,1,,,,SIN DATOS,0,0,Tuxpan,Sin datos,febrero,domingo,14,-100.472545623779,19.5213080181022
20950,20952,2019,MOR190122517,2019/02/17,14:51:00,COLISIÓN POR INVASIÓN DE CARRIL,ASFALTO,Bueno,Bueno,2,NISSAN,ROJO,2,,18,MASCULINO,SIN DATOS,0,0,Morelia,Rafael Carrillo,febrero,domingo,15,-101.235387325287,19.7090714759031
20951,20953,2019,,2019/02/17,15:58:00,COLISIÓN POR ALCANCE,ASFALTO,Bueno,Bueno,2,VOLKSWAGEN,ROJO,2,MINISTERIO PÚBLICO,34,FEMENINO,SIN DATOS,0,0,Morelia,Jardines de Torremolinos,febrero,domingo,16,-101.227930784225,19.6768431907194
20952,20954,2019,MOR190122855,2019/02/17,17:30:00,SALIDA DE SUPERFICIE DE RODAMIENTO,ASFALTO,Bueno,Bueno,1,HONDA,GRIS,1,,42,FEMENINO,SIN DATOS,0,0,Morelia,Felix Ireta,febrero,domingo,18,-101.195669174194,19.6815962730716
20953,20955,2019,"190127320",2019/02/17,17:40:00,COLISIÓN POR CORTE DE CIRCULACIÓN,SIN_DATOS,Bueno,Bueno,2,PEUGEOT,ROJO,2,,30,MASCULINO,SIN DATOS,0,0,Tarímbaro,Sin datos,febrero,domingo,18,-101.131510734558,19.7764667285643
20954,20956,2019,,2019/02/17,17:50:00,VOLCADURA,ASFALTO,Bueno,Bueno,1,NISSAN,VINO/NEGRO,1,,17,MASCULINO,SIN DATOS,0,0,Angangueo,Sin datos,febrero,domingo,18,-100.271422863007,19.656228032101
20955,20957,2019,,2019/02/17,19:20:00,COLISIÓN POR ALCANCE,SIN_DATOS,Bueno,Bueno,2,VOLKSWAGEN,BLANCO,2,MINISTERIO PÚBLICO,68,MASCULINO,ALIENTO ETÍLICO,0,0,Morelia,Solidaridad,febrero,domingo,19,-101.205566525459,19.7336486919747
20956,20958,2019,,2019/02/17,20:00:00,SALIDA DE SUPERFICIE DE RODAMIENTO,ASFALTO,Bueno,Bueno,1,PASSAT,GRIS,0,,,,,0,0,Zacapu,Sin datos,febrero,domingo,20,-101.71039044857,19.8331106193067
20957,20959,2019,"190028208",2019/02/17,20:30:00,SUBIDA AL CAMELLÓN,ASFALTO,Bueno,Bueno,1,DODGE,ROJO,1,,28,MASCULINO,SIN DATOS,0,0,Morelia,Jardines del Rincon,febrero,domingo,21,-101.150473952293,19.6907585651608
20958,20960,2019,MOR190123682,2019/02/17,22:25:00,SALIDA DE SUPERFICIE DE RODAMIENTO,ASFALTO,Bueno,Bueno,1,ITALIKA,AMARILLO NEGRO,1,MINISTERIO PÚBLICO,,,,0,1,Tarímbaro,Sin datos,febrero,domingo,22,-101.108422279358,19.7840284886096
20959,20961,2019,MOR190124281,2019/02/17,23:50:00,CAIDA DE MOTOCICLETA,CONCRETO,Bueno,Bueno,1,ITALIKA,ROJO,1,,49,MASCULINO,SIN DATOS,0,0,Morelia,Tenencia Morelos,febrero,domingo,0,-101.241223812103,19.6492159504999
20960,20962,2019,,2019/02/18,"03:40:00",COLISIÓN POR CORTE DE CIRCULACIÓN,CONCRETO,Bueno,Bueno,2,CHEVROLET,ROJO,2,,,MASCULINO,SIN DATOS,0,0,Morelia,Centro,febrero,lunes,4,-101.189494729042,19.6972183225494
20961,20963,2019,,2019/02/18,"06:50:00",COLISIÓN CONTRA OBJETO FIJO,ASFALTO,Bueno,Bueno,1,FORD,ARENA,1,,53,MASCULINO,ALIENTO ETÍLICO,0,0,Morelia,Centro,febrero,lunes,7,-101.184267103672,19.7029657217423
20962,20964,2019,"190109211",2019/02/18,"07:50:00",COLISIÓN POR CORTE DE CIRCULACIÓN,ASFALTO,Lluvioso,Bueno,2,MAZDA,GRIS,2,,69,FEMENINO,SIN DATOS,0,0,Morelia,Cuauhtemoc,febrero,lunes,8,-101.185026168823,19.6949859730078
20963,20965,2019,,2019/02/18,"08:10:00",COLISIÓN POR ALCANCE,ASFALTO,Bueno,Bueno,2,NISSAN,ROJO,2,,30,MASCULINO,SIN DATOS,0,0,Morelia,Virrey Antonio de Mendoza,febrero,lunes,8,-101.162356138229,19.7066372825763
20964,20966,2019,"190129246",2019/02/18,"08:35:00",COLISIÓN CONTRA OBJETO FIJO,ASFALTO,Bueno,Bueno,1,NISSAN,ROJO,0,,,,,0,0,Morelia,Los Angeles,febrero,lunes,9,-101.175756454468,19.7434997259832
20965,20967,2019,,2019/02/18,"08:45:00",COLISIÓN POR CORTE DE CIRCULACIÓN,ASFALTO,Bueno,Bueno,2,NISSAN,BLANCO,2,,30,MASCULINO,SIN DATOS,0,0,Morelia,La Luz,febrero,lunes,9,-101.28858089447,19.6884958207118