fid,id_accidente,anio_origen,folio_c5i,dia_incidente,hora_ocurrencia,tipo_incidente_vial,superficie_ocurrencia,condiciones_climaticas,condiciones_via,numero_vehiculos_involucrados,marca_vehiculo_ocasiona_siniestro,color_vehiculo_ocasiona_siniestro,numero_personas_involucradas,lugar_remite_presunto_responsable,edad_presunto_responsable,sexo_presunto_responsable,resultados_toxicologia,numero_personas_lesionadas,numero_personas_fallecidas,municipio,colonia,mes,dia_semana,hora_redondeada,lon,lat
20966,20968,2019,"190129381",2019/02/18,"09:43:00",COLISIÓN POR CAMBIO DE CARRIL,CONCRETO,Bueno,Bueno,2,PEUGEOT,BLANCO,2,,42,FEMENINO,SIN DATOS,0,0,Morelia,Felix Ireta,febrero,lunes,10,-101.192042827606,19.6823539246018
20967,20969,2019,"1901298803",2019/02/18,11:56:00,COLISIÓN POR ALCANCE,ASFALTO,Bueno,Bueno,3,NISSAN,BLANCO Y ROJO,3,MINISTERIO PÚBLICO,75,MASCULINO,SIN DATOS,0,0,Morelia,Alberto Oviedo Mota,febrero,lunes,12,-101.202203035355,19.6772422328111
20968,20970,2019,"190125996",2019/02/18,12:40:00,COLISIÓN POR CORTE DE CIRCULACIÓN,ASFALTO,Bueno,Bueno,1,NISSAN,BLANCO Y ROJO,1,,54,MASCULINO,SIN DATOS,0,0,Morelia,Infonavit Cepamisa,febrero,lunes,13,-101.214680671692,19.6949607200069
20969,20971,2019,"190130400",2019/02/18,14:20:00,COLISIÓN POR ALCANCE,CONCRETO,Bueno,Bueno,2,RAM,BLANCO,2,,27,MASCULINO,SIN DATOS,0,0,Morelia,Guadalupe,febrero,lunes,14,-101.225570440292,19.7068190908268
20970,20972,2019,"190130645",2019/02/18,15:00:00,COLISIÓN POR INVASIÓN DE CARRIL,ASFALTO,Bueno,Bueno,2,INTERNATIONAL,BLANCO,2,,0,MASCULINO,SIN DATOS,0,0,Morelia,Ocolusen Iii,febrero,lunes,15,-101.152871847153,19.6857279558981
20971,20973,2019,"190130785",2019/02/18,15:20:00,COLISIÓN POR CORTE DE CIRCULACIÓN,ASFALTO,Bueno,Bueno,2,NISSAN,NEGRO,2,,28,MASCULINO,SIN DATOS,0,0,Morelia,Las Americas,febrero,lunes,15,-101.153440475464,19.6873846398557
20972,20974,2019,,2019/02/18,16:00:00,COLISIÓN POR ALCANCE,ASFALTO,Bueno,Bueno,2,PONTIAC,BLANCO,2,,0,MASCULINO,SIN DATOS,0,0,Morelia,Buenavista,febrero,lunes,16,-101.161959171295,19.7059807510624
20973,20975,2019,"190131420",2019/02/18,17:50:00,COLISIÓN POR ALCANCE,SIN_DATOS,Bueno,Bueno,2,NISSAN,GRIS,4,,23,MASCULINO,SIN DATOS,2,0,Morelia,Ventura Puente,febrero,lunes,18,-101.179811954498,19.6909807972661
20974,20976,2019,MOR190131464,2019/02/18,18:50:00,COLISIÓN POR ALCANCE,ASFALTO,Bueno,Bueno,2,NISSAN,BLANCO/ROJO,2,,33,MASCULINO,SIN DATOS,0,0,Morelia,Sin datos,febrero,lunes,19,-101.315016746521,19.6873644364961
20975,20977,2019,"190128005",2019/02/18,19:40:00,COLISIÓN POR ALCANCE,ASFALTO,Bueno,Bueno,2,VOLKSWAGEN,AZUL,2,,35,MASCULINO,ALIENTO ETÍLICO,0,0,Morelia,Alberto Oviedo Mota,febrero,lunes,20,-101.20216012001,19.677504892886
20976,20978,2019,"190131523",2019/02/18,19:50:00,COLISIÓN POR MANIOBRA DE REVERSA,ASFALTO,Bueno,Bueno,2,NISSAN,ROJO,2,,36,MASCULINO,ALIENTO ETÍLICO,1,0,Morelia,Chapultepec Norte,febrero,lunes,20,-101.172430515289,19.6939884764404
20978,20980,2019,,2019/02/18,20:10:00,COLISIÓN CONTRA OBJETO FIJO,ASFALTO,Bueno,Bueno,2,CHEVROLET,GRIS,1,,,FEMENINO,SIN DATOS,0,0,Morelia,Enrique Ramirez,febrero,lunes,20,-101.166636943817,19.7081119435377
20979,20981,2019,MOR190131866,2019/02/18,21:50:00,COLISIÓN CONTRA OBJETO FIJO,CONCRETO,Bueno,Bueno,2,NISSAN,BLANCO/ROJO,2,,52,MASCULINO,SIN DATOS,0,0,Morelia,Manuel Garcia Pueblita,febrero,lunes,22,-101.267348527908,19.7005061833836
20980,20982,2019,"190132106",2019/02/19,"00:40:00",COLISIÓN POR CAMBIO DE CARRIL,ASFALTO,Bueno,Bueno,2,RAM,PLATA,2,,20,MASCULINO,SIN DATOS,0,0,Morelia,El Lago 3,febrero,martes,1,-101.219460368156,19.7273115960063
20981,20983,2019,,2019/02/19,"06:30:00",COLISIÓN CONTRA OBJETO FIJO,ASFALTO,Bueno,Bueno,1,FORD,BLANCO,1,,50,MASCULINO,SIN DATOS,0,0,Morelia,Indeco Santiaguito,febrero,martes,7,-101.178792715073,19.7203026266392
20982,20984,2019,"190132335",2019/02/19,"08:15:00",COLISIÓN CON PEATÓN,CONCRETO,Bueno,Bueno,1,VOLKSWAGEN,ROJO,1,,,,,1,0,Morelia,Vasco de Quiroga,febrero,martes,8,-101.173862814903,19.7015364668869
20983,20985,2019,"190132348",2019/02/19,"08:30:00",CAIDA DE MOTOCICLETA,ASFALTO,Bueno,Bueno,1,BAJAJ,ROJO Y NEGRO,1,,39,MASCULINO,SIN DATOS,0,0,Morelia,Alberto Oviedo Mota,febrero,martes,9,-101.201924085617,19.6778584730762
20984,20986,2019,"190132552",2019/02/19,10:00:00,COLISIÓN POR CAMBIO DE CARRIL,ASFALTO,Bueno,Bueno,2,INTERNACIONAL,BLANCO,2,,55,MASCULINO,SIN DATOS,0,0,Morelia,Libertad,febrero,martes,10,-101.238112449646,19.6873896906952
20985,20987,2019,,2019/02/19,11:00:00,COLISIÓN CON PEATÓN,ASFALTO,Bueno,Bueno,1,FORD,ROJO,0,,,,,0,0,Tuxpan,Sin datos,febrero,martes,11,-100.471343994141,19.5536433197928
20986,20988,2019,"190132690",2019/02/19,11:00:00,COLISIÓN POR CORTE DE CIRCULACIÓN,ASFALTO,Bueno,Bueno,2,SUZUKI,ROJO Y NEGRO,2,,17,MASCULINO,SIN DATOS,0,0,Morelia,Ampliacion La Soledad,febrero,martes,11,-101.182944774628,19.7325024788964
20987,20989,2019,,2019/02/19,11:40:00,COLISIÓN POR INVASIÓN DE CARRIL,ASFALTO,Bueno,Bueno,2,FORD,GRIS,2,MINISTERIO PÚBLICO,34,,SIN DATOS,1,0,Tacámbaro,Sin datos,febrero,martes,12,-101.469984054565,19.2465723736933
20988,20990,2019,,2019/02/19,11:58:00,COLISIÓN POR CORTE DE CIRCULACIÓN,CONCRETO,Bueno,Bueno,2,MAZDA,PLATA,2,,31,MASCULINO,SIN DATOS,0,0,Morelia,Las Americas,febrero,martes,12,-101.154102981091,19.6911525218634
20989,20991,2019,,2019/02/19,13:26:00,SALIDA DE SUPERFICIE DE RODAMIENTO,SIN_DATOS,Bueno,Bueno,1,NISSAN,GRIS,1,,42,MASCULINO,ALIENTO ETÍLICO,0,0,Tangancícuaro,El Refugio,febrero,martes,13,-102.214694023132,19.880139531463
20990,20992,2019,LEG21722,2019/02/19,14:05:00,COLISIÓN POR CAMBIO DE CARRIL,ASFALTO,Bueno,Bueno,2,SEAT,ROJO,2,,31,FEMENINO,SIN DATOS,0,0,Morelia,Isaac Arriaga,febrero,martes,14,-101.167860031128,19.7097077941919
20991,20993,2019,,2019/02/19,14:20:00,COLISIÓN POR CAMBIO DE CARRIL,ASFALTO,Bueno,Bueno,2,VENTO,NEGRO,2,,19,MASCULINO,SIN DATOS,0,0,Morelia,Indeco Santiaguito,febrero,martes,14,-101.178851723671,19.7202824274361
20992,20994,2019,"190130516",2019/02/19,14:37:00,COLISIÓN POR NO RESPETAR SEMÁFORO,ASFALTO,Bueno,Bueno,2,TOYOTA,ROJO,2,,46,FEMENINO,SIN DATOS,0,0,Morelia,Indeco El Vivero,febrero,martes,15,-101.229840517044,19.6769593676334
20993,20995,2019,,2019/02/19,14:55:00,COLISIÓN POR CORTE DE CIRCULACIÓN,CONCRETO,Bueno,Bueno,2,MAZDA,PLATA,2,,20,MASCULINO,SIN DATOS,0,0,Morelia,Ejidal Ocolusen,febrero,martes,15,-101.154347062111,19.684616755836
20994,20996,2019,,2019/02/19,15:00:00,COLISIÓN POR INVASIÓN DE CARRIL,ASFALTO,Bueno,Bueno,2,NISSAN,BLANCO,2,MINISTERIO PÚBLICO,,MASCULINO,SIN DATOS,0,0,Penjamillo,Pueblo Nuevo,febrero,martes,15,-101.937546730042,20.1096994329696
20995,20997,2019,,2019/02/19,15:00:00,COLISIÓN POR INVASIÓN DE CARRIL,ASFALTO,Bueno,Bueno,2,NISSAN,BLANCO,2,MINISTERIO PÚBLICO,,MASCULINO,SIN DATOS,0,0,Penjamillo,El Guayabito,febrero,martes,15,-101.938104629517,20.091805629492
20996,20998,2019,"190113558",2019/02/19,15:10:00,COLISIÓN CON PEATÓN,SIN_DATOS,Bueno,Bueno,2,VOLKSWAGEN,ROJO,2,,30,FEMENINO,SIN DATOS,0,0,Morelia,Independencia,febrero,martes,15,-101.176995635033,19.7052636135604
20997,20999,2019,,2019/02/19,15:25:00,COLISIÓN POR CORTE DE CIRCULACIÓN,ASFALTO,Bueno,Bueno,1,S/D,BLANCO,0,,,,,0,0,Morelia,Periodistas,febrero,martes,15,-101.145082712173,19.6856269380292
20998,21000,2019,"190133676",2019/02/19,16:15:00,COLISIÓN POR CAMBIO DE CARRIL,CONCRETO,Bueno,Bueno,1,FREIGHTLINER,BLANCO,1,,25,MASCULINO,SIN DATOS,0,0,Morelia,Las Americas,febrero,martes,16,-101.158955097198,19.6880917558381
20999,21001,2019,,2019/02/19,17:27:00,COLISIÓN POR CORTE DE CIRCULACIÓN,CONCRETO,Bueno,Bueno,2,TOYOTA,BLANCO,0,MINISTERIO PÚBLICO,,,,0,0,Múgica,Centro,febrero,martes,17,-102.096156477928,19.0238152509031
21000,21002,2019,,2019/02/19,18:20:00,CAIDA DE MOTOCICLETA,ASFALTO,Bueno,Bueno,1,ITALIKA,GRIS,0,,,,,0,0,Tuxpan,Sin datos,febrero,martes,18,-100.475206375122,19.6195476166702
21001,21003,2019,"190134108",2019/02/19,18:25:00,COLISIÓN POR CORTE DE CIRCULACIÓN,ASFALTO,Bueno,Bueno,2,MERCEDES BENZ,ROJO,2,,25,FEMENINO,SIN DATOS,0,0,Morelia,Erendira,febrero,martes,18,-101.166767230282,19.7027774085127
21002,21004,2019,"190134197",2019/02/19,19:30:00,COLISIÓN POR CORTE DE CIRCULACIÓN,CONCRETO,Bueno,Bueno,2,FORD,BLANCO/ROSA,2,,19,MASCULINO,SIN DATOS,0,0,Morelia,Cuauhtemoc,febrero,martes,20,-101.179103851318,19.6948142525227
21003,21005,2019,"190134311",2019/02/19,19:40:00,COLISIÓN POR ALCANCE,ASFALTO,Bueno,Bueno,2,VOLKWAGEN,GRIS,2,,51,FEMENINO,SIN DATOS,0,0,Morelia,Loma de Los Piñones,febrero,martes,20,-101.205056905746,19.6741508934208
21004,21006,2019,"190134322",2019/02/19,19:50:00,COLISIÓN POR ALCANCE,ASFALTO,Bueno,Bueno,2,HONDA,BLANCO,2,,40,FEMENINO,SIN DATOS,0,0,Morelia,Cosmos,febrero,martes,20,-101.216622591019,19.6830408588916
21005,21007,2019,LEG21742,2019/02/19,20:04:00,COLISIÓN POR CORTE DE CIRCULACIÓN,ASFALTO,Bueno,Bueno,2,ITALIKA,BLANCO,2,,34,MASCULINO,SIN DATOS,0,0,Morelia,Cinco de Diciembre,febrero,martes,20,-101.164931058884,19.6849703203284
21006,21008,2019,,2019/02/19,20:20:00,COLISIÓN POR CORTE DE CIRCULACIÓN,ASFALTO,Bueno,Bueno,2,NISSAN,BLANCO,2,,20,MASCULINO,SIN DATOS,1,0,Lázaro Cárdenas,Lomas del Rio (Unidad 512 5To Sector),febrero,martes,20,-102.223824262619,17.9721150554082
21007,21009,2019,"190134425",2019/02/19,20:45:00,SALIDA DE SUPERFICIE DE RODAMIENTO,SIN_DATOS,Bueno,Bueno,1,VOLKSWAGEN,GRIS,1,MINISTERIO PÚBLICO,,,,0,1,Tarímbaro,Club Erandeni,febrero,martes,21,-101.183298826218,19.7595448549703
21008,21010,2019,"190134608",2019/02/19,21:25:00,COLISIÓN POR ALCANCE,ASFALTO,Bueno,Bueno,2,VOLKWAGEN,GRIS,2,,29,MASCULINO,SIN DATOS,0,0,Morelia,Camelinas,febrero,martes,21,-101.169512271881,19.6822630066074
21009,21011,2019,,2019/02/19,21:55:00,COLISIÓN POR CORTE DE CIRCULACIÓN,ASFALTO,Bueno,Bueno,2,GMC,GRIS,3,,70,MASCULINO,SIN DATOS,1,0,Huandacareo,Vistabella,febrero,martes,22,-101.27867013216,19.9906032546005
21010,21012,2019,"190135813",2019/02/20,"00:00:00",COLISIÓN CONTRA OBJETO FIJO,ASFALTO,Bueno,Bueno,1,VOLKSWAGEN,GRIS,1,,40,MASCULINO,SIN DATOS,0,0,Morelia,Loma Bonita,febrero,miércoles,0,-101.196892261505,19.7245040054134
21011,21013,2019,"190134791",2019/02/20,"00:20:00",VOLCADURA,ASFALTO,Bueno,Bueno,1,NISSAN,AZUL,1,,20,MASCULINO,ALIENTO ETÍLICO,0,0,Morelia,Alberto Oviedo Mota,febrero,miércoles,0,-101.197375059128,19.6810962210985
21012,21014,2019,"00:25",2019/02/20,"00:25:00",COLISIÓN POR CORTE DE CIRCULACIÓN,ASFALTO,Bueno,Bueno,1,VOLKSWAGEN,AMARILLO,1,,21,MASCULINO,SIN DATOS,0,0,Morelia,Loma de Los Piñones,febrero,miércoles,0,-101.202878952026,19.6758279019291
21013,21015,2019,"190134867",2019/02/20,"02:45:00",CAIDA DE MOTOCICLETA,ASFALTO,Bueno,Bueno,1,ITALIKA,NARANJA,1,,,MASCULINO,SIN DATOS,0,0,Morelia,Gertrudis Bocanegra,febrero,miércoles,3,-101.209337711334,19.7022738225762
21014,21016,2019,,2019/02/20,"07:00:00",COLISIÓN CON PEATÓN,CONCRETO,Bueno,Bueno,2,HINO,BLANCO,2,,0,MASCULINO,SIN DATOS,0,0,Morelia,Las Americas,febrero,miércoles,7,-101.158998012543,19.6881321623714
21015,21017,2019,,2019/02/20,"07:10:00",SALIDA DE SUPERFICIE DE RODAMIENTO,ASFALTO,Bueno,Bueno,1,KENWORTH,NEGRO/AMARILLO,1,,0,,SIN DATOS,0,0,Peribán,Los Cerritos,febrero,miércoles,7,-102.428841590881,19.5333308736389
21016,21018,2019,,2019/02/20,"07:30:00",COLISIÓN POR CORTE DE CIRCULACIÓN,CONCRETO,Bueno,Bueno,2,KIA,PLATA,2,,47,MASCULINO,SIN DATOS,0,0,Morelia,Santa Fe,febrero,miércoles,8,-101.174967885017,19.7382789051275
21017,21019,2019,"190134945",2019/02/20,"07:35:00",COLISIÓN POR CORTE DE CIRCULACIÓN,ASFALTO,Bueno,Bueno,2,NISSAN,PLATA,2,,,FEMENINO,SIN DATOS,0,0,Morelia,Union,febrero,miércoles,8,-101.155393123627,19.7091421780602
21018,21020,2019,,2019/02/20,"07:45:00",COLISIÓN POR CORTE DE CIRCULACIÓN,ASFALTO,Bueno,Bueno,2,CHEVROLET,BLANCO CON ROJO,2,,59,MASCULINO,SIN DATOS,0,0,Tuxpan,Tuxpan,febrero,miércoles,8,-100.464850366116,19.5662867536654
21019,21021,2019,,2019/02/20,"08:15:00",COLISIÓN POR CAMBIO DE CARRIL,ASFALTO,Bueno,Bueno,2,NISSAN,AZUL,2,,29,FEMENINO,SIN DATOS,0,0,Morelia,El Lago 3,febrero,miércoles,8,-101.221783161163,19.727331794321
21020,21022,2019,LEG21757,2019/02/20,"08:30:00",COLISIÓN POR ALCANCE,ASFALTO,Bueno,Bueno,2,IZUZU,BLANCO,2,,27,MASCULINO,SIN DATOS,0,0,Tarímbaro,Sin datos,febrero,miércoles,9,-101.132926940918,19.7766383612774
21021,21023,2019,"190135021",2019/02/20,"08:58:00",COLISIÓN POR ALCANCE,ASFALTO,Bueno,Bueno,2,FORD,ROJO,2,,57,FEMENINO,SIN DATOS,0,0,Morelia,Felix Ireta,febrero,miércoles,9,-101.193780899048,19.6824347405535
21022,21024,2019,"190135285",2019/02/20,"09:10:00",COLISIÓN POR CORTE DE CIRCULACIÓN,ASFALTO,Bueno,Bueno,2,TOYOTA,BLANCO Y GRIS,2,,38,MASCULINO,SIN DATOS,0,0,Morelia,Comision Federal de Electricidad,febrero,miércoles,9,-101.178465485573,19.6816114261374
21023,21025,2019,,2019/02/20,"09:20:00",SALIDA DE SUPERFICIE DE RODAMIENTO,CONCRETO,Bueno,Bueno,1,CHRYSLER,GRIS,0,,,,,0,0,Morelia,Centro,febrero,miércoles,9,-101.186717301607,19.7011134959082
21024,21026,2019,"190135341",2019/02/20,"09:45:00",COLISIÓN POR MANIOBRA DE REVERSA,ASFALTO,Bueno,Bueno,2,CHEVROLET,OCRE,2,,35,MASCULINO,SIN DATOS,0,0,Morelia,Felix Ireta,febrero,miércoles,10,-101.190776824951,19.6896322477023
21025,21027,2019,"190135427",2019/02/20,11:17:00,COLISIÓN POR CORTE DE CIRCULACIÓN,ASFALTO,Bueno,Bueno,1,CHEVROLET,S/D,0,,,,,0,0,Morelia,Sin datos,febrero,miércoles,11,-101.325702667236,19.5657749697481
21026,21028,2019,"190135825",2019/02/20,13:25:00,COLISIÓN CON PEATÓN,CONCRETO,Bueno,Bueno,1,YAMAHA,ROJO,1,,26,MASCULINO,SIN DATOS,0,0,Morelia,Centro,febrero,miércoles,13,-101.182309091091,19.7027182545011
21027,21029,2019,"190335781",2019/02/20,13:25:00,COLISIÓN POR CAMBIO DE CARRIL,ASFALTO,Bueno,Bueno,2,VOLKSWAGEN,BLANCO,2,,25,FEMENINO,SIN DATOS,0,0,Morelia,Centro,febrero,miércoles,13,-101.192343235016,19.7056625848209
21028,21030,2019,,2019/02/20,13:26:00,SALIDA DE SUPERFICIE DE RODAMIENTO,ASFALTO,Bueno,Bueno,0,,,0,,,,,0,0,Tangancícuaro,El Refugio,febrero,miércoles,13,-102.214350700378,19.8801193525369
21029,21031,2019,"190129194",2019/02/20,13:45:00,COLISIÓN POR CAMBIO DE CARRIL,ASFALTO,Bueno,Bueno,2,NISSAN,BLANCO/ROSA,2,,20,MASCULINO,SIN DATOS,0,0,Morelia,Juarez,febrero,miércoles,14,-101.195433139801,19.6944253554489
21030,21032,2019,,2019/02/20,14:00:00,COLISIÓN POR NO RESPETAR SEMÁFORO,CONCRETO,Bueno,Bueno,2,NISSAN,ROJO,4,,64,MASCULINO,SIN DATOS,2,0,Morelia,Centro,febrero,miércoles,14,-101.196071505547,19.7056979366568
21031,21033,2019,"190136387",2019/02/20,15:45:00,COLISIÓN POR CORTE DE CIRCULACIÓN,ASFALTO,Bueno,Bueno,2,VOLKSWAGEN,PLATA,2,,46,FEMENINO,SIN DATOS,0,0,Morelia,Defensores De Puebla,febrero,miércoles,16,-101.234958171844,19.7144397007774
21032,21034,2019,"190236488",2019/02/20,16:10:00,COLISIÓN POR ALCANCE,ASFALTO,Bueno,Bueno,2,MITSUBISHI,AZUL,2,,60,MASCULINO,SIN DATOS,0,0,Morelia,Adolfo Lopez Mateos,febrero,miércoles,16,-101.231997013092,19.7029505706978
21033,21035,2019,,2019/02/20,17:16:00,COLISIÓN CON PEATÓN,CONCRETO,Bueno,Bueno,1,FORD,NEGRO,2,MINISTERIO PÚBLICO,19,,SIN DATOS,1,0,Tingüindín,La Purisima,febrero,miércoles,17,-102.483086585999,19.7373296466314
21034,21036,2019,"1900136837",2019/02/20,17:50:00,COLISIÓN POR ALCANCE,ASFALTO,Bueno,Bueno,2,NISSAN,BLANCO,2,,34,MASCULINO,SIN DATOS,0,0,Morelia,El Lago 3,febrero,miércoles,18,-101.21931552887,19.7272560506275
21035,21037,2019,,2019/02/20,18:10:00,COLISIÓN POR ALCANCE,ASFALTO,Bueno,Bueno,2,NISSAN,BLANCO CON FRANJAS NARANJA,3,MINISTERIO PÚBLICO,34,MASCULINO,SIN DATOS,1,0,Gabriel Zamora,Rivera,febrero,miércoles,18,-102.037410736084,19.160897635674
21037,21039,2019,,2019/02/20,18:30:00,COLISIÓN POR CORTE DE CIRCULACIÓN,SIN_DATOS,Bueno,Bueno,2,SIN DATOS,SIN DATOS,2,,0,,SIN DATOS,0,0,Morelia,La Soledad,febrero,miércoles,19,-101.183314919472,19.7280942788353
21038,21040,2019,,2019/02/20,19:10:00,COLISIÓN POR CORTE DE CIRCULACIÓN,ASFALTO,Bueno,Bueno,1,VENTO,NEGRO/ROJO,3,,25,,SIN DATOS,2,0,Zitácuaro,Sin datos,febrero,miércoles,19,-100.406112670898,19.4864983774117
21039,21041,2019,,2019/02/20,21:45:00,COLISIÓN POR CORTE DE CIRCULACIÓN,CONCRETO,Bueno,Bueno,2,ITALIKA,NARANJA/NEGRO,2,,26,MASCULINO,SIN DATOS,0,0,Morelia,Molino de Parras,febrero,miércoles,22,-101.200266480446,19.6937435206365
21040,21042,2019,"190137351",2019/02/20,22:00:00,COLISIÓN CONTRA OBJETO FIJO,ASFALTO,Bueno,Bueno,1,VOLKSWAGEN,BLANCO,1,,19,MASCULINO,SIN DATOS,0,0,Morelia,Francisco J Mujica,febrero,miércoles,22,-101.19026184082,19.7223528324828
21041,21043,2019,,2019/02/20,22:30:00,COLISIÓN POR ALCANCE,ASFALTO,Bueno,Bueno,1,FORD,PLATA,1,,49,,SIN DATOS,0,0,Tocumbo,Sin datos,febrero,miércoles,23,-102.530035972595,19.7042535552882
21042,21044,2019,"190138126",2019/02/21,"00:00:00",COLISIÓN POR ALCANCE,ASFALTO,Bueno,Bueno,2,ITALIKA,NEGRO,2,,34,MASCULINO,SIN DATOS,0,0,Morelia,Libertad,febrero,jueves,0,-101.238144636154,19.6874755549427
21043,21045,2019,MOR190137492,2019/02/21,"00:20:00",COLISIÓN CONTRA OBJETO FIJO,SIN_DATOS,Bueno,Bueno,1,HONDA,ACERO,1,,39,MASCULINO,ALIENTO ETÍLICO,0,0,Morelia,Tinijaro,febrero,jueves,0,-101.264441013336,19.6963142752421
21044,21046,2019,,2019/02/21,"04:00:00",COLISIÓN CONTRA OBJETO FIJO,ASFALTO,Bueno,Bueno,1,NISSAN,NEGRO,1,MINISTERIO PÚBLICO,22,MASCULINO,ALIENTO ETÍLICO,0,0,Morelia,San Jose Itzicuaro,febrero,jueves,4,-101.299889087677,19.687566469978
21045,21047,2019,"190137836",2019/02/21,"08:30:00",COLISIÓN POR CAMBIO DE CARRIL,CONCRETO,Bueno,Bueno,2,MAZDA,BLANCO,2,,33,MASCULINO,SIN DATOS,0,0,Morelia,Indeco Expropiacion Petrolera,febrero,jueves,9,-101.228987574577,19.6848490983047
21046,21048,2019,"190137847",2019/02/21,"08:30:00",COLISIÓN CON PEATÓN,CONCRETO,Bueno,Bueno,1,VOLKSWAGEN,ROJO,1,,,,,1,0,Morelia,Ventura Puente,febrero,jueves,9,-101.19274020195,19.6924707545496
21047,21049,2019,"190138897",2019/02/21,"08:40:00",COLISIÓN POR MANIOBRA DE REVERSA,ASFALTO,Bueno,Bueno,2,SIN DATOS,SIN DATOS,2,MINISTERIO PÚBLICO,0,,SIN DATOS,1,0,Morelia,Josefa Ortiz de Dominguez,febrero,jueves,9,-101.209836602211,19.6720899673624
21048,21050,2019,,2019/02/21,"09:30:00",VOLCADURA,ASFALTO,Bueno,Regular,1,NISSAN,BLANCO,1,MINISTERIO PÚBLICO,,,,1,0,Venustiano Carranza,Primavera,febrero,jueves,10,-102.66406,20.111331
21049,21051,2019,"190138062",2019/02/21,10:30:00,COLISIÓN POR CORTE DE CIRCULACIÓN,SIN_DATOS,Bueno,Bueno,2,JEEP,NEGRO,2,,54,MASCULINO,SIN DATOS,0,0,Morelia,Union,febrero,jueves,11,-101.156868338585,19.7085715097573
21050,21052,2019,"190138711",2019/02/21,14:00:00,COLISIÓN POR ALCANCE,SIN_DATOS,Bueno,Bueno,2,FORD,NEGRO,2,,,,SIN DATOS,0,0,Morelia,Division del Norte,febrero,jueves,14,-101.163150072098,19.7114753317108
21051,21053,2019,"190139136",2019/02/21,15:20:00,COLISIÓN POR INVASIÓN DE CARRIL,ASFALTO,Bueno,Bueno,2,VOLKSWAGEN,NEGRO,2,,22,FEMENINO,SIN DATOS,0,0,Morelia,Felix Ireta,febrero,jueves,15,-101.192107200623,19.6824953524906
21052,21054,2019,"190139069",2019/02/21,16:19:00,COLISIÓN POR ALCANCE,ASFALTO,Bueno,Bueno,2,VOLKSWAGEN,ROJO,2,,20,FEMENINO,SIN DATOS,1,0,Morelia,Ana Maria Gallaga (Riviera Norte),febrero,jueves,16,-101.219530105591,19.6772422328111
21053,21055,2019,"190139527",2019/02/21,17:00:00,COLISIÓN POR INVASIÓN DE CARRIL,ASFALTO,Bueno,Bueno,2,NISSAN,BLANCO/ROJO,2,,45,MASCULINO,SIN DATOS,0,0,Morelia,Morelos,febrero,jueves,17,-101.205840110779,19.6986274140354
21055,21057,2019,,2019/02/21,18:35:00,COLISIÓN POR INVASIÓN DE CARRIL,ASFALTO,Bueno,Regular,1,FREIGHTLINER,BLANCO,1,,41,,SIN DATOS,0,0,Peribán,Sin datos,febrero,jueves,19,-102.424249649048,19.5146136603772
21056,21058,2019,"190139649",2019/02/21,19:00:00,COLISIÓN POR ALCANCE,ASFALTO,Bueno,Bueno,2,MERCEDES BENZ,ROJO,2,,38,MASCULINO,SIN DATOS,0,0,Morelia,Ferrocarrilero,febrero,jueves,19,-101.214026212692,19.7006980994409
21057,21059,2019,MOR190139889,2019/02/21,21:05:00,COLISIÓN POR CORTE DE CIRCULACIÓN,CONCRETO,Bueno,Bueno,2,SIN DATOS,AZUL,1,,,,,1,0,Morelia,Loma Real,febrero,jueves,21,-101.195856928825,19.7313663564953
21058,21060,2019,MOR190137359,2019/02/21,22:20:00,SUBIDA AL CAMELLÓN,CONCRETO,Bueno,Bueno,1,NISSAN,BLANCO,0,,,,,0,0,Morelia,Los Encinos,febrero,jueves,22,-101.181197315454,19.6675121415727
21060,21062,2019,"190140232",2019/02/22,"00:10:00",COLISIÓN POR ALCANCE,ASFALTO,Bueno,Bueno,2,FORD,ROJO,2,,49,MASCULINO,ALIENTO ETÍLICO,0,0,Morelia,Sentimientos de La Nacion,febrero,viernes,0,-101.235752105713,19.6822327005978
21061,21063,2019,,2019/02/22,"01:00:00",SALIDA DE SUPERFICIE DE RODAMIENTO,ASFALTO,Bueno,Bueno,1,DODGE,BLANCO,2,,33,MASCULINO,SIN DATOS,1,0,Morelia,Jesus Romero Flores,febrero,viernes,1,-101.182483434677,19.7302403249871
21062,21064,2019,,2019/02/22,"05:50:00",COLISIÓN POR CORTE DE CIRCULACIÓN,CONCRETO,Bueno,Bueno,1,SEAT,NEGRO,1,,26,MASCULINO,SIN DATOS,0,0,Morelia,Ferrocarrilero,febrero,viernes,6,-101.214026212692,19.7006829481816
21063,21065,2019,,2019/02/22,"06:00:00",COLISIÓN POR CORTE DE CIRCULACIÓN,ASFALTO,Bueno,Bueno,2,HONDA,BLANCO,2,MINISTERIO PÚBLICO,0,,SIN DATOS,0,0,Morelia,Cinco de Diciembre,febrero,viernes,6,-101.163884997368,19.6857986683684
21064,21066,2019,MOR190140528,2019/02/22,"09:00:00",COLISIÓN POR ALCANCE,ASFALTO,Bueno,Bueno,2,NISSAN,BLANCO,2,,50,MASCULINO,SIN DATOS,0,0,Morelia,Rey Tariacuri (Eucaliptos),febrero,viernes,9,-101.198705434799,19.6778685753558