fid,id_accidente,anio_origen,folio_c5i,dia_incidente,hora_ocurrencia,tipo_incidente_vial,superficie_ocurrencia,condiciones_climaticas,condiciones_via,numero_vehiculos_involucrados,marca_vehiculo_ocasiona_siniestro,color_vehiculo_ocasiona_siniestro,numero_personas_involucradas,lugar_remite_presunto_responsable,edad_presunto_responsable,sexo_presunto_responsable,resultados_toxicologia,numero_personas_lesionadas,numero_personas_fallecidas,municipio,colonia,mes,dia_semana,hora_redondeada,lon,lat
21065,21067,2019,MOR190140766,2019/02/22,10:44:00,COLISIÓN POR CORTE DE CIRCULACIÓN,ASFALTO,Bueno,Bueno,2,NISSAN,VERDE,2,,39,FEMENINO,SIN DATOS,0,0,Morelia,Centro,febrero,viernes,11,-101.1951649189,19.7030616783247
21066,21068,2019,MOR190140854,2019/02/22,11:45:00,COLISIÓN POR CORTE DE CIRCULACIÓN,CONCRETO,Bueno,Bueno,2,TOYOTA,BLANCO,3,,0,,SIN DATOS,1,0,Morelia,La Aldea,febrero,viernes,12,-101.133860349655,19.7402329460763
21067,21069,2019,MOR190140924,2019/02/22,11:46:00,COLISIÓN POR CORTE DE CIRCULACIÓN,ASFALTO,Bueno,Bueno,2,VOLKSWAGEN,GRIS,2,,78,MASCULINO,SIN DATOS,0,0,Morelia,Paseo de Las Lomas,febrero,viernes,12,-101.150254011154,19.69718296884
21068,21070,2019,MOR190141101,2019/02/22,12:12:00,COLISIÓN POR ALCANCE,CONCRETO,Bueno,Bueno,2,CHEVROLET,NEGRO,2,,0,MASCULINO,SIN DATOS,0,0,Morelia,Ferrocarrilero,febrero,viernes,12,-101.218451857567,19.6966122578796
21069,21071,2019,,2019/02/22,12:13:00,VOLCADURA,ASFALTO,Bueno,Bueno,1,PEUGEOT,TANGERINE,0,,,,,0,0,Charo,Sin datos,febrero,viernes,12,-101.079776287079,19.6869199619385
21070,21072,2019,,2019/02/22,12:30:00,COLISIÓN POR CORTE DE CIRCULACIÓN,ASFALTO,Bueno,Bueno,2,FIAT,BLANCO/VERDE,3,,59,MASCULINO,SIN DATOS,1,0,Lázaro Cárdenas,El Palmar 77,febrero,viernes,13,-102.216281890869,17.9742938824406
21071,21073,2019,MOR190141901,2019/02/22,12:55:00,COLISIÓN CONTRA OBJETO FIJO,SIN_DATOS,Bueno,Bueno,1,NISSAN,GRIS,1,,53,MASCULINO,SIN DATOS,0,0,Morelia,Industrial,febrero,viernes,13,-101.194907426834,19.707273610549
21072,21074,2019,,2019/02/22,13:19:00,COLISIÓN POR CORTE DE CIRCULACIÓN,ASFALTO,Bueno,Bueno,2,FORD,BLANCO/AZUL,2,,37,MASCULINO,SIN DATOS,0,0,Morelia,Chapultepec Sur,febrero,viernes,13,-101.171985268593,19.6918798239981
21073,21075,2019,,2019/02/22,15:50:00,COLISIÓN CON PEATÓN,SIN_DATOS,Bueno,Bueno,2,SEAT,ROJO,2,,31,MASCULINO,SIN DATOS,0,0,Morelia,Campestre Los Manantiales,febrero,viernes,16,-101.23815536499,19.6878998246659
21074,21076,2019,MOR190141866,2019/02/22,16:40:00,COLISIÓN POR CORTE DE CIRCULACIÓN,CONCRETO,Bueno,Bueno,2,MAZDA,GRIS,2,,45,FEMENINO,SIN DATOS,0,0,Morelia,Cinco de Diciembre,febrero,viernes,17,-101.165971755981,19.684202579295
21075,21077,2019,MOR190142617,2019/02/22,20:45:00,COLISIÓN POR CORTE DE CIRCULACIÓN,CONCRETO,Bueno,Bueno,2,SIN DATOS,GRIS,2,,0,,SIN DATOS,0,0,Morelia,Ciudad Jardin,febrero,viernes,21,-101.254967451096,19.7047131325927
21076,21078,2019,,2019/02/22,21:00:00,COLISIÓN POR ALCANCE,ASFALTO,Bueno,Bueno,2,NISSAN,GRIS,2,,0,FEMENINO,SIN DATOS,0,0,Morelia,Pascual Ortiz de Ayala,febrero,viernes,21,-101.150774359703,19.6956526507923
21077,21079,2019,,2019/02/22,21:00:00,COLISIÓN POR CAMBIO DE CARRIL,ASFALTO,Bueno,Bueno,2,NISSAN,BLANCO GRIS,1,,49,MASCULINO,SIN DATOS,0,0,Morelia,Chapultepec Oriente,febrero,viernes,21,-101.159040927887,19.6881523656342
21078,21080,2019,MOR190142779,2019/02/22,21:10:00,COLISIÓN POR CORTE DE CIRCULACIÓN,ASFALTO,Bueno,Bueno,2,FORD,BLANCO,2,,65,MASCULINO,SIN DATOS,0,0,Morelia,Primo Tapia,febrero,viernes,21,-101.211837530136,19.7091219774471
21079,21081,2019,,2019/02/22,23:10:00,COLISIÓN POR INVASIÓN DE CARRIL,ASFALTO,Bueno,Bueno,2,FORD,BLANCO,3,MINISTERIO PÚBLICO,38,MASCULINO,SIN DATOS,1,0,Zitácuaro,Sin datos,febrero,viernes,23,-100.241618156433,19.4430820305739
21080,21082,2019,MOR190142438,2019/02/22,23:25:00,COLISIÓN POR NO RESPETAR SEMÁFORO,ASFALTO,Bueno,Bueno,2,VOLKSWAGEN,GRIS,2,MINISTERIO PÚBLICO,33,MASCULINO,SIN DATOS,0,0,Morelia,Fray Antonio de Lisboa,febrero,viernes,23,-101.146992444992,19.6942233306221
21081,21083,2019,MOR190143109,2019/02/23,"02:00:00",COLISIÓN CONTRA OBJETO FIJO,ASFALTO,Bueno,Bueno,1,CHEVROLET,ROJO,1,,39,MASCULINO,SIN DATOS,0,0,Morelia,Felix Ireta,febrero,sábado,2,-101.195819377899,19.6824700975196
21082,21084,2019,MOR190143151,2019/02/23,"03:15:00",COLISIÓN POR CAMBIO DE CARRIL,CONCRETO,Bueno,Bueno,2,VOLKSWAGEN,BLANCO,1,,33,FEMENINO,SIN DATOS,0,0,Morelia,Insurgentes,febrero,sábado,3,-101.154298782349,19.6951324403349
21083,21085,2019,MOR190143192,2019/02/23,"04:45:00",COLISIÓN CONTRA OBJETO FIJO,CONCRETO,Bueno,Bueno,1,VOLKSWAGEN,GRIS,1,MINISTERIO PÚBLICO,,,,1,0,Morelia,Ejidal Ocolusen,febrero,sábado,5,-101.15233540535,19.6842126811746
21084,21086,2019,,2019/02/23,"06:30:00",COLISIÓN POR CAMBIO DE CARRIL,ASFALTO,Bueno,Bueno,2,ITALIKA,NEGRO,0,MINISTERIO PÚBLICO,,,,0,0,Morelia,Avicola Benito Juarez,febrero,sábado,7,-101.279525756836,19.6914656662431
21085,21087,2019,MOR190143170,2019/02/23,"06:55:00",COLISIÓN POR MANIOBRA DE REVERSA,ASFALTO,Bueno,Bueno,2,FREIGHTLINER,BLANCO,2,,36,MASCULINO,SIN DATOS,0,0,Morelia,Central de Abastos,febrero,sábado,7,-101.169034838676,19.7175959106691
21086,21088,2019,,2019/02/23,"07:30:00",COLISIÓN POR CORTE DE CIRCULACIÓN,ASFALTO,Bueno,Bueno,1,CHEVROLET,SIN,1,,0,,SIN DATOS,0,0,Tangancícuaro,Sector 1,febrero,sábado,8,-102.204474806786,19.8885690530421
21087,21089,2019,MOR190743355,2019/02/23,"08:45:00",COLISIÓN POR ALCANCE,ASFALTO,Bueno,Bueno,2,NISSAN,BLANCO Y MORADO,2,,23,MASCULINO,SIN DATOS,0,0,Morelia,Ciudad Industrial,febrero,sábado,9,-101.138130426407,19.7289375521731
21088,21090,2019,,2019/02/23,"08:54:00",COLISIÓN CONTRA OBJETO FIJO,ASFALTO,Bueno,Bueno,1,FORD,BLANCO,1,,0,,SIN DATOS,0,0,Morelia,Fidel Velazquez,febrero,sábado,9,-101.236379742622,19.7055363282005
21089,21091,2019,,2019/02/23,"09:20:00",COLISIÓN CONTRA OBJETO FIJO,CONCRETO,Bueno,Bueno,1,CHEVROLET,NEGRO,1,,51,MASCULINO,ALIENTO ETÍLICO,0,0,Morelia,San Pascual,febrero,sábado,9,-101.265835762024,19.6958193198045
21090,21092,2019,"190143425",2019/02/23,"09:50:00",COLISIÓN POR CORTE DE CIRCULACIÓN,ASFALTO,Bueno,Bueno,2,JEEP,GRIS,2,,66,MASCULINO,ALIENTO ETÍLICO,0,0,Morelia,Erendira,febrero,sábado,10,-101.165767908096,19.7020617069041
21091,21093,2019,,2019/02/23,13:59:00,COLISIÓN POR CORTE DE CIRCULACIÓN,ASFALTO,Bueno,Bueno,2,CHEVROLET,ROJO,2,,,MASCULINO,SIN DATOS,0,0,Hidalgo,Centro,febrero,sábado,14,-100.553271,19.691029
21092,21094,2019,MOR190144282,2019/02/23,14:05:00,COLISIÓN POR ALCANCE,ASFALTO,Bueno,Bueno,2,DODGE,ROJO,2,,18,MASCULINO,SIN DATOS,0,0,Morelia,Matamoros,febrero,sábado,14,-101.16605758667,19.6965162974298
21093,21095,2019,MOR190146036,2019/02/23,15:45:00,COLISIÓN CON PEATÓN,SIN_DATOS,Bueno,Bueno,2,HONDA,BLANCO,2,,30,MASCULINO,SIN DATOS,0,0,Morelia,Gertrudis Bocanegra,febrero,sábado,16,-101.21071100235,19.7020718076568
21094,21096,2019,MOR190144490,2019/02/23,16:00:00,COLISIÓN POR CAMBIO DE CARRIL,ASFALTO,Bueno,Bueno,2,KENWORTH,BLANCO,2,,38,MASCULINO,SIN DATOS,0,0,Morelia,Plan de La Garita,febrero,sábado,16,-101.182944774628,19.7140811513927
21095,21097,2019,MOR190144508,2019/02/23,16:15:00,COLISIÓN POR NO RESPETAR SEMÁFORO,CONCRETO,Bueno,Bueno,2,VENTO,ROJO,2,,0,MASCULINO,SIN DATOS,0,0,Morelia,Felix Ireta,febrero,sábado,16,-101.181464195251,19.681586171027
21096,21098,2019,MOR190144767,2019/02/23,16:30:00,COLISIÓN POR CORTE DE CIRCULACIÓN,ASFALTO,Bueno,Bueno,2,FORD,ROJO,2,MINISTERIO PÚBLICO,25,MASCULINO,SIN DATOS,0,0,Morelia,Montaña Monarca,febrero,sábado,17,-101.164534091949,19.6657655876522
21097,21099,2019,MOR190144747,2019/02/23,16:40:00,COLISIÓN POR CORTE DE CIRCULACIÓN,ASFALTO,Bueno,Bueno,1,YAMAHA,BLANCO,0,,,,,0,0,Morelia,Chapultepec Norte,febrero,sábado,17,-101.168273091316,19.6950364789978
21098,21100,2019,,2019/02/23,17:30:00,SALIDA DE SUPERFICIE DE RODAMIENTO,ASFALTO,Nublado,Bueno,1,VOLKSWAGEN,NEGRO,3,MINISTERIO PÚBLICO,29,MASCULINO,SIN DATOS,1,1,Puruándiro,Los Lemus,febrero,sábado,18,-101.532533168793,20.0930348863585
21099,21101,2019,MOR190144982,2019/02/23,18:30:00,COLISIÓN POR ALCANCE,ASFALTO,Bueno,Bueno,2,FORD,ROJO,2,MINISTERIO PÚBLICO,27,MASCULINO,SIN DATOS,0,0,Morelia,Sentimientos de La Nacion,febrero,sábado,19,-101.23192191124,19.6777978593847
21100,21102,2019,,2019/02/23,18:42:00,COLISIÓN POR ALCANCE,ASFALTO,Bueno,Bueno,2,FORD,AZUL,2,,63,MASCULINO,SIN DATOS,0,0,Morelia,Arcos del Valle,febrero,sábado,19,-101.236261725426,19.7076776269957
21101,21103,2019,MOR190145469,2019/02/23,20:10:00,COLISIÓN POR ALCANCE,ASFALTO,Bueno,Bueno,2,VOLKSWAGEN,GRIS,2,,42,MASCULINO,SIN DATOS,0,0,Morelia,Lomas de Morelia (Dr Ignacio Chavez),febrero,sábado,20,-101.176089048386,19.7180503997612
21102,21104,2019,,2019/02/23,21:35:00,COLISIÓN CON PEATÓN,SIN_DATOS,Bueno,Bueno,2,HONDA,ACERO,2,,26,MASCULINO,SIN DATOS,0,0,Morelia,Villa de Santa Maria,febrero,sábado,22,-101.167516708374,19.6560259591103
21103,21105,2019,,2019/02/23,21:45:00,COLISIÓN POR ALCANCE,ASFALTO,Bueno,Bueno,1,HONDA,ROJO,1,,28,MASCULINO,SIN DATOS,0,0,Huandacareo,Sin datos,febrero,sábado,22,-101.257038116455,19.9840772797066
21104,21106,2019,"190145659",2019/02/23,22:00:00,COLISIÓN POR CORTE DE CIRCULACIÓN,CONCRETO,Bueno,Bueno,1,CHEVROLET,NEGRO,1,,0,,SIN DATOS,0,0,Morelia,Adolfo Lopez Mateos,febrero,sábado,22,-101.229931712151,19.7003698218346
21105,21107,2019,,2019/02/24,"00:00:00",COLISIÓN POR ALCANCE,CONCRETO,Bueno,Bueno,2,VOLKSWAGEN,ROJO,2,,55,MASCULINO,SIN DATOS,0,0,Erongarícuaro,San Miguel,febrero,domingo,0,-101.719096899033,19.5899849914967
21106,21108,2019,,2019/02/24,"00:05:00",COLISIÓN POR CORTE DE CIRCULACIÓN,ASFALTO,Nublado,Bueno,2,NISSAN,ROJO,2,MINISTERIO PÚBLICO,,FEMENINO,SIN DATOS,0,0,Pátzcuaro,Centro,febrero,domingo,0,-101.607291698456,19.5200743355548
21107,21109,2019,MOR190146003,2019/02/24,"00:05:00",COLISIÓN POR NO RESPETAR SEMÁFORO,ASFALTO,Bueno,Bueno,2,VOLKSWAGEN,GRIS,2,MINISTERIO PÚBLICO,22,MASCULINO,ALIENTO ETÍLICO,0,0,Morelia,Alberto Oviedo Mota,febrero,domingo,0,-101.197267770767,19.6811366293968
21108,21110,2019,MOR190156155,2019/02/24,"01:00:00",SALIDA DE SUPERFICIE DE RODAMIENTO,CONCRETO,Bueno,Bueno,1,NISSAN,BLANCO,1,,34,MASCULINO,SIN DATOS,0,0,Morelia,Ampliacion La Soledad,febrero,domingo,1,-101.183234453201,19.7365722554863
21109,21111,2019,MOR190146229,2019/02/24,"02:15:00",COLISIÓN POR CORTE DE CIRCULACIÓN,ASFALTO,Bueno,Bueno,1,NISSAN,BLANCO Y AZUL,1,,26,MASCULINO,SIN DATOS,0,0,Morelia,Felix Ireta,febrero,domingo,2,-101.192053556442,19.682343822605
21110,21112,2019,MOR190146471,2019/02/24,"07:20:00",COLISIÓN CONTRA OBJETO FIJO,ASFALTO,Bueno,Bueno,1,DODGE,GRIS,1,,48,MASCULINO,SIN DATOS,0,0,Tarímbaro,Sin datos,febrero,domingo,7,-101.157603263855,19.7684603618879
21111,21113,2019,,2019/02/24,"07:45:00",COLISIÓN POR CORTE DE CIRCULACIÓN,ASFALTO,Bueno,Bueno,1,ITALIKA,ROJO,2,MINISTERIO PÚBLICO,,,,2,0,Pátzcuaro,Centro,febrero,domingo,8,-101.613847017288,19.5375270338999
21112,21114,2019,MOR190146442,2019/02/24,"07:45:00",COLISIÓN POR CAMBIO DE CARRIL,ASFALTO,Bueno,Bueno,4,DODGE,BLANCO,5,MINISTERIO PÚBLICO,0,,SIN DATOS,1,0,Morelia,Sentimientos de La Nacion,febrero,domingo,8,-101.235387325287,19.6812427011311
21113,21115,2019,MOR190144254,2019/02/24,13:50:00,COLISIÓN POR ALCANCE,ASFALTO,Bueno,Bueno,2,CHEVROLET,BLANCO,2,,45,MASCULINO,SIN DATOS,0,0,Morelia,Ana Maria Gallaga (Riviera Norte),febrero,domingo,14,-101.223987936974,19.6766916554875
21114,21116,2019,,2019/02/24,14:30:00,COLISIÓN POR CORTE DE CIRCULACIÓN,CONCRETO,Bueno,Bueno,2,FORD,VERDE,3,,38,MASCULINO,CON CERTIFICADO,1,0,Apatzingán,Lazaro Cardenas,febrero,domingo,15,-102.343767285347,19.0990911676086
21115,21117,2019,MOR19014758,2019/02/24,15:15:00,COLISIÓN POR ALCANCE,ASFALTO,Bueno,Bueno,2,NISSAN,ARENA,2,,35,MASCULINO,SIN DATOS,0,0,Morelia,Alberto Oviedo Mota,febrero,domingo,15,-101.202176213264,19.6774240744473
21116,21118,2019,"190147765",2019/02/24,16:35:00,VOLCADURA,ASFALTO,Bueno,Bueno,1,JEEP,PLATA,1,,21,MASCULINO,SIN DATOS,0,0,Morelia,Leandro Valle,febrero,domingo,17,-101.23061299324,19.715757741605
21117,21119,2019,"190147801",2019/02/24,17:05:00,VOLCADURA,ASFALTO,Bueno,Bueno,1,VOLKSWAGEN,ROJO,0,,,,,0,0,Morelia,Sin datos,febrero,domingo,17,-101.354477405548,19.5455247144442
21118,21120,2019,MOR190148117,2019/02/24,18:49:00,COLISIÓN POR CORTE DE CIRCULACIÓN,ASFALTO,Bueno,Bueno,2,CHEVROLET,NEGRO,2,,22,FEMENINO,SIN DATOS,0,0,Morelia,La Quemada,febrero,domingo,19,-101.23774766922,19.7017889863412
21119,21121,2019,MOR190248280,2019/02/24,18:50:00,COLISIÓN POR CAMBIO DE CARRIL,ASFALTO,Bueno,Bueno,2,NISSAN,PLATA,2,,35,FEMENINO,SIN DATOS,0,0,Morelia,Villas del Pedregal,febrero,domingo,19,-101.304518580437,19.678732317913
21120,21122,2019,,2019/02/24,20:00:00,COLISIÓN POR INVASIÓN DE CARRIL,ASFALTO,Bueno,Bueno,2,VOLKSWAGEN,PLATA,0,,,,,0,0,Contepec,Contepec,febrero,domingo,20,-100.163490772247,19.9468773409634
21121,21123,2019,MOR190148285,2019/02/24,20:30:00,COLISIÓN POR CORTE DE CIRCULACIÓN,ASFALTO,Bueno,Bueno,1,SIN DATOS,SIN DATOS,1,,,,,0,1,Morelia,Sin datos,febrero,domingo,21,-101.340165138245,19.5557462045007
21122,21124,2019,,2019/02/24,21:15:00,COLISIÓN POR INVASIÓN DE CARRIL,ASFALTO,Bueno,Bueno,2,CHEVROLET,ROJO,2,,54,FEMENINO,SIN DATOS,0,0,Morelia,Tzindurio de Morelos,febrero,domingo,21,-101.246877908707,19.6977637787899
21123,21125,2019,"190150923",2019/02/25,"00:00:00",COLISIÓN POR CAMBIO DE CARRIL,ASFALTO,Bueno,Bueno,2,NISSAN,ROJO,2,,58,MASCULINO,SIN DATOS,0,0,Morelia,Lindavista,febrero,lunes,0,-101.216804981232,19.7042939577415
21124,21126,2019,MOR190149132,2019/02/25,"03:10:00",SUBIDA AL CAMELLÓN,ASFALTO,Bueno,Bueno,1,NISSAN,BLANCO,1,,0,,SIN DATOS,0,0,Morelia,Cinco de Diciembre,febrero,lunes,3,-101.163461208344,19.6859703985234
21125,21127,2019,MOR190149212,2019/02/25,"04:20:00",SALIDA DE SUPERFICIE DE RODAMIENTO,TERRACERIA,Bueno,Bueno,1,SPART,GRIS,1,,50,MASCULINO,SIN DATOS,0,0,Morelia,La Quemada,febrero,lunes,4,-101.240547895432,19.6863340617732
21126,21128,2019,,2019/02/25,"08:10:00",COLISIÓN POR CORTE DE CIRCULACIÓN,CONCRETO,Bueno,Bueno,2,DODGE,BLANCO,2,MINISTERIO PÚBLICO,43,MASCULINO,SIN DATOS,0,0,Morelia,Mariano Escobedo,febrero,lunes,8,-101.208951473236,19.7198077454267
21127,21129,2019,"190149422",2019/02/25,"08:20:00",COLISIÓN POR ALCANCE,ASFALTO,Bueno,Bueno,4,MARCOPOLO,BLANCO/NARANJA,4,,51,MASCULINO,SIN DATOS,0,0,Morelia,Sentimientos de La Nacion,febrero,lunes,8,-101.236481666565,19.6837681978696
21128,21130,2019,MOR190149327,2019/02/25,"08:50:00",COLISIÓN POR ALCANCE,ASFALTO,Bueno,Bueno,2,INTERNACIONAL,BLANCO/AZUL,2,,20,MASCULINO,SIN DATOS,0,0,Morelia,Felix Ireta,febrero,lunes,9,-101.192075014114,19.682343822605
21129,21131,2019,"190149484",2019/02/25,"08:50:00",COLISIÓN POR CORTE DE CIRCULACIÓN,CONCRETO,Bueno,Bueno,2,MERCEDES BENZ,BLANCO,2,,21,MASCULINO,SIN DATOS,0,0,Morelia,Centro,febrero,lunes,9,-101.189923882484,19.7009910235056
21130,21132,2019,"190149615",2019/02/25,10:32:00,COLISIÓN POR ALCANCE,ASFALTO,Bueno,Bueno,2,CHEVROLET,NEGRO,2,,24,MASCULINO,SIN DATOS,0,0,Morelia,Diego Rivera,febrero,lunes,11,-101.175965666771,19.7182119955715
21131,21133,2019,,2019/02/25,13:09:00,COLISIÓN POR CORTE DE CIRCULACIÓN,ASFALTO,Bueno,Bueno,2,SIN DATOS,SIN DATOS,1,,0,,SIN DATOS,0,0,Morelia,Ricardo Flores Magon,febrero,lunes,13,-101.245220303535,19.706233263502
21132,21134,2019,MOR190147452,2019/02/25,14:55:00,COLISIÓN POR CORTE DE CIRCULACIÓN,ASFALTO,Bueno,Bueno,2,FORD,GRIS,2,,50,MASCULINO,SIN DATOS,0,0,Morelia,Lomas del Durazno,febrero,lunes,15,-101.191023588181,19.6651796101291
21133,21135,2019,"190150357",2019/02/25,15:30:00,SALIDA DE SUPERFICIE DE RODAMIENTO,ASFALTO,Bueno,Bueno,2,TOYOTA,BLANCO,2,MINISTERIO PÚBLICO,39,FEMENINO,ALIENTO ETÍLICO,0,0,Morelia,Alberto Oviedo Mota,febrero,lunes,16,-101.197063922882,19.6812022928596
21134,21136,2019,,2019/02/25,15:40:00,COLISIÓN CONTRA OBJETO FIJO,TERRACERIA,Bueno,Bueno,1,KENWORTH,NARANJA,1,,0,MASCULINO,SIN DATOS,0,0,Morelia,Villas del Pedregal,febrero,lunes,16,-101.30864918232,19.6759440795793
21136,21138,2019,,2019/02/25,15:50:00,SALIDA DE SUPERFICIE DE RODAMIENTO,ASFALTO,Bueno,Bueno,1,NISSAN,BLANCO FRANJAS VERDES,0,MINISTERIO PÚBLICO,,,,0,0,Nuevo Urecho,Sin datos,febrero,lunes,16,-101.901855,19.204896
21137,21139,2019,,2019/02/25,16:10:00,COLISIÓN POR CORTE DE CIRCULACIÓN,CONCRETO,Bueno,Bueno,2,NISSAN,BLANCO Y AZUL,2,,53,MASCULINO,SIN DATOS,0,0,Morelia,Ferrocarrilero,febrero,lunes,16,-101.213994026184,19.7007233515365
21138,21140,2019,"190150585",2019/02/25,16:20:00,COLISIÓN POR ALCANCE,ASFALTO,Bueno,Bueno,2,CHEVROLET,GUINDA,4,,31,MASCULINO,SIN DATOS,2,0,Morelia,Nueva Valladolid,febrero,lunes,16,-101.213479042053,19.700738502792
21139,21141,2019,,2019/02/25,17:50:00,COLISIÓN POR ALCANCE,ASFALTO,Bueno,Bueno,2,CHEVROLET,NEGRO,2,,45,FEMENINO,SIN DATOS,0,0,Morelia,Ventura Puente,febrero,lunes,18,-101.18018746376,19.6883240932651
21140,21142,2019,"190150791",2019/02/25,18:00:00,COLISIÓN CONTRA OBJETO FIJO,ASFALTO,Bueno,Bueno,1,CHYSLER,AZUL,0,,,,,0,0,Morelia,Vasco de Quiroga,febrero,lunes,18,-101.170831918716,19.7050717029794
21141,21143,2019,"190150920",2019/02/25,18:10:00,COLISIÓN POR CAMBIO DE CARRIL,ASFALTO,Bueno,Bueno,2,FORD,BLANCO,2,,68,MASCULINO,SIN DATOS,0,0,Morelia,Santiaguito,febrero,lunes,18,-101.188636422157,19.7198178450586
21143,21145,2019,MOR190148141,2019/02/25,19:10:00,COLISIÓN POR CORTE DE CIRCULACIÓN,ASFALTO,Bueno,Bueno,1,ITALIKA,SIN DATOS,1,,41,MASCULINO,SIN DATOS,0,0,Morelia,Prados Verdes,febrero,lunes,19,-101.197460889816,19.7136468510613
21144,21146,2019,,2019/02/25,19:15:00,COLISIÓN POR CORTE DE CIRCULACIÓN,CONCRETO,Bueno,Bueno,2,CHEVROLET,ROJO,2,,56,MASCULINO,SIN DATOS,0,0,Morelia,Industrial,febrero,lunes,19,-101.197675466537,19.7108036697549
21145,21147,2019,,2019/02/26,"00:05:00",COLISIÓN POR ALCANCE,ASFALTO,Bueno,Bueno,2,BAJAJ,NEGRO,2,,37,MASCULINO,SIN DATOS,0,0,Morelia,Eduardo Ruiz,febrero,martes,0,-101.223242282867,19.722504324482
21146,21148,2019,MOR190151783,2019/02/26,"02:30:00",COLISIÓN CONTRA OBJETO FIJO,ASFALTO,Bueno,Bueno,1,SEAT,BLANCO,1,,29,MASCULINO,SIN DATOS,0,0,Morelia,Centro,febrero,martes,3,-101.20167195797,19.7028798658041
21147,21149,2019,"190151890",2019/02/26,"06:50:00",COLISIÓN POR CORTE DE CIRCULACIÓN,ASFALTO,Bueno,Bueno,2,ITALIKA,NEGRO Y VERDE,2,,63,MASCULINO,SIN DATOS,1,0,Morelia,Ferrocarrilero,febrero,martes,7,-101.212813854218,19.7019505985827
21148,21150,2019,"190151953",2019/02/26,"07:40:00",COLISIÓN POR CAMBIO DE CARRIL,ASFALTO,Bueno,Bueno,2,FREIGHTLINER,BLANCO,2,,42,MASCULINO,SIN DATOS,0,0,Morelia,Los Manantiales de Morelia,febrero,martes,8,-101.24276155825,19.6998335491521
21149,21151,2019,MOR190152021,2019/02/26,"08:00:00",COLISIÓN POR INVASIÓN DE CARRIL,ASFALTO,Bueno,Bueno,2,NISSAN,BEIGE,2,,54,MASCULINO,SIN DATOS,0,0,Morelia,Ejidal Ocolusen,febrero,martes,8,-101.1534512043,19.6873240297691
21150,21152,2019,,2019/02/26,"08:20:00",COLISIÓN POR CORTE DE CIRCULACIÓN,ASFALTO,Bueno,Bueno,2,NISSAN,GRIS,2,,38,FEMENINO,SIN DATOS,0,0,Zitácuaro,Sin datos,febrero,martes,8,-100.373754501343,19.4903822180655
21151,21153,2019,,2019/02/26,11:35:00,COLISIÓN POR MANIOBRA DE REVERSA,CONCRETO,Bueno,Bueno,2,NISSAN,BLANCO Y VERDE,2,,0,MASCULINO,SIN DATOS,0,0,Morelia,Fuentes de Valladolid,febrero,martes,12,-101.221708059311,19.6723324306273
21152,21154,2019,,2019/02/26,11:40:00,COLISIÓN POR CORTE DE CIRCULACIÓN,CONCRETO,Bueno,Bueno,2,VOLKSWAGEN,GRIS,2,,23,MASCULINO,SIN DATOS,0,0,Morelia,Isaac Arriaga,febrero,martes,12,-101.17182970047,19.7115662331122
21153,21155,2019,"190152479",2019/02/26,11:43:00,COLISIÓN POR INVASIÓN DE CARRIL,CONCRETO,Bueno,Bueno,2,FORD,ROJO,2,,70,MASCULINO,SIN DATOS,0,0,Morelia,Melchor Ocampo,febrero,martes,12,-101.201280355453,19.7076574261976
21154,21156,2019,"190152432",2019/02/26,11:50:00,COLISIÓN POR CORTE DE CIRCULACIÓN,CONCRETO,Bueno,Bueno,2,MAZDA,BLANCO,2,MINISTERIO PÚBLICO,,,,2,0,Morelia,Lomas de Santa Maria,febrero,martes,12,-101.18378162384,19.6743529435685
21155,21157,2019,MOR190152543,2019/02/26,12:10:00,COLISIÓN POR MANIOBRA DE REVERSA,ASFALTO,Bueno,Bueno,2,FORD,VERDE,2,,58,MASCULINO,SIN DATOS,0,0,Morelia,Ferrocarrilero,febrero,martes,12,-101.223609235,19.6918737849991
21156,21158,2019,"190678546",2019/02/26,12:52:00,COLISIÓN POR CORTE DE CIRCULACIÓN,ASFALTO,Bueno,Bueno,2,PEUGEOT,BLANCO,2,,24,MASCULINO,SIN DATOS,0,0,Morelia,Matamoros,febrero,martes,13,-101.165194335,19.7001162149991
21159,21161,2019,,2019/02/26,14:00:00,COLISIÓN POR CORTE DE CIRCULACIÓN,CONCRETO,Bueno,Bueno,2,JEEP,ROJO,2,,39,MASCULINO,SIN DATOS,0,0,Morelia,Centro,febrero,martes,14,-101.17789641,19.7013360799991
21160,21162,2019,"190153102",2019/02/26,15:20:00,COLISIÓN POR CORTE DE CIRCULACIÓN,ASFALTO,Bueno,Bueno,2,NISSAN,ACERO,2,,40,FEMENINO,SIN DATOS,0,0,Morelia,Lomas del Valle,febrero,martes,15,-101.230037015,19.6880963799991
21162,21164,2019,"190153284",2019/02/26,16:46:00,COLISIÓN POR CAMBIO DE CARRIL,ASFALTO,Bueno,Bueno,2,CHEVROLET,CUARZO,1,,,,,1,0,Morelia,Fovissste La Huerta,febrero,martes,17,-101.212084293365,19.6923343861544
21163,21165,2019,,2019/02/26,17:00:00,SUBIDA AL CAMELLÓN,ASFALTO,Bueno,Bueno,1,NISSAN,GRIS,1,,56,MASCULINO,ALIENTO ETÍLICO,0,0,Cuitzeo,Centro,febrero,martes,17,-101.139970421791,19.9676010784511