fid,id_accidente,anio_origen,folio_c5i,dia_incidente,hora_ocurrencia,tipo_incidente_vial,superficie_ocurrencia,condiciones_climaticas,condiciones_via,numero_vehiculos_involucrados,marca_vehiculo_ocasiona_siniestro,color_vehiculo_ocasiona_siniestro,numero_personas_involucradas,lugar_remite_presunto_responsable,edad_presunto_responsable,sexo_presunto_responsable,resultados_toxicologia,numero_personas_lesionadas,numero_personas_fallecidas,municipio,colonia,mes,dia_semana,hora_redondeada,lon,lat
21164,21166,2019,MOR190153212,2019/02/26,17:20:00,COLISIÓN POR CAMBIO DE CARRIL,ASFALTO,Bueno,Bueno,2,INTERNACIONAL,BLANCO/ROJO,2,,21,MASCULINO,SIN DATOS,0,0,Morelia,Felix Ireta,febrero,martes,17,-101.191806793213,19.6824246385618
21165,21167,2019,,2019/02/26,17:40:00,COLISIÓN POR CORTE DE CIRCULACIÓN,ASFALTO,Bueno,Bueno,2,VOLKSWAGEN,ROJO,3,,54,FEMENINO,SIN DATOS,1,0,Morelia,Vasco de Quiroga,febrero,martes,18,-101.175356805325,19.7049908984554
21166,21168,2019,"190153500",2019/02/26,18:05:00,COLISIÓN POR INVASIÓN DE CARRIL,ASFALTO,Bueno,Bueno,2,VOLKWAGEN,BLANCO,2,,34,MASCULINO,SIN DATOS,0,0,Morelia,Mariano Escobedo,febrero,martes,18,-101.209748685,19.7223888749991
21167,21169,2019,,2019/02/26,19:30:00,COLISIÓN POR ALCANCE,ASFALTO,Bueno,Bueno,2,FORD,NEGRO,1,MINISTERIO PÚBLICO,25,MASCULINO,SIN DATOS,0,0,Morelia,Francisco J Mujica,febrero,martes,20,-101.188395023346,19.7214236784131
21168,21170,2019,MOR190154412,2019/02/26,23:20:00,COLISIÓN CONTRA OBJETO FIJO,ASFALTO,Bueno,Bueno,2,CHEVROLET,NEGRO,2,,34,MASCULINO,ALIENTO ETÍLICO,0,0,Morelia,Industrial,febrero,martes,23,-101.194070577621,19.7073241126607
21169,21171,2019,"190154432",2019/02/26,23:30:00,COLISIÓN CONTRA OBJETO FIJO,CONCRETO,Bueno,Bueno,1,DINA,BLANCO,1,MINISTERIO PÚBLICO,23,MASCULINO,SIN DATOS,0,0,Morelia,Los Angeles,febrero,martes,0,-101.172628998756,19.7437016885438
21171,21173,2019,MOR190154714,2019/02/27,"07:45:00",COLISIÓN POR ALCANCE,ASFALTO,Bueno,Bueno,2,NISSAN,TURQUESA,2,,34,FEMENINO,SIN DATOS,0,0,Morelia,Alberto Oviedo Mota,febrero,miércoles,8,-101.195991039276,19.6820306603873
21172,21174,2019,"190154854",2019/02/27,"08:34:00",COLISIÓN POR ALCANCE,ASFALTO,Bueno,Bueno,3,CHEVROLET,BLANCO,3,,43,MASCULINO,SIN DATOS,0,0,Morelia,Los Pinos de Michoacan,febrero,miércoles,9,-101.217277050018,19.6812831093924
21173,21175,2019,,2019/02/27,"09:35:00",COLISIÓN POR CORTE DE CIRCULACIÓN,ASFALTO,Bueno,Bueno,1,SEAT,ROJO,1,,55,MASCULINO,SIN DATOS,0,0,Morelia,Centro,febrero,miércoles,10,-101.187464296818,19.7028672399269
21174,21176,2019,,2019/02/27,"09:45:00",COLISIÓN POR CORTE DE CIRCULACIÓN,CONCRETO,Bueno,Bueno,2,ITALIKA,BLANCO,2,,14,MASCULINO,SIN DATOS,0,0,Morelia,Santa Cecilia,febrero,miércoles,10,-101.187263131142,19.6667253737959
21175,21177,2019,"190563829",2019/02/27,10:30:00,COLISIÓN POR ALCANCE,ASFALTO,Bueno,Bueno,2,NISSAN,ROJO,2,MINISTERIO PÚBLICO,,MASCULINO,SIN DATOS,0,0,Morelia,Ampliacion La Soledad,febrero,miércoles,11,-101.182714104652,19.7353200275809
21176,21178,2019,"190149822",2019/02/27,11:56:00,COLISIÓN POR ALCANCE,ASFALTO,Bueno,Bueno,2,VENTO,ROJO,2,MINISTERIO PÚBLICO,,,SIN DATOS,0,0,Morelia,Lomas de Hidalgo,febrero,miércoles,12,-101.159083843231,19.695708207149
21177,21179,2019,"190157059",2019/02/27,12:26:00,COLISIÓN POR CAMBIO DE CARRIL,ASFALTO,Bueno,Bueno,2,VOLKSWAGEN,ROJO,2,,28,MASCULINO,SIN DATOS,0,0,Morelia,Los Angeles,febrero,miércoles,12,-101.177419424057,19.7399804873506
21178,21180,2019,"190155385",2019/02/27,12:55:00,COLISIÓN POR CORTE DE CIRCULACIÓN,CONCRETO,Bueno,Bueno,2,FORD,BLANCO,2,,46,MASCULINO,SIN DATOS,0,0,Morelia,Cinco de Diciembre,febrero,miércoles,13,-101.1643409729,19.6855461236883
21179,21181,2019,,2019/02/27,14:00:00,SALIDA DE SUPERFICIE DE RODAMIENTO,ASFALTO,Bueno,Bueno,1,NISSAN,VERDE,2,MINISTERIO PÚBLICO,35,FEMENINO,SIN DATOS,1,0,Gabriel Zamora,Lazaro Cardenas,febrero,miércoles,14,-102.050741,19.157394
21180,21182,2019,"190155581",2019/02/27,14:15:00,COLISIÓN POR ALCANCE,CONCRETO,Bueno,Bueno,2,CHEVROLET,BLANCO,0,,,,,0,0,Morelia,Las Americas,febrero,miércoles,14,-101.154202222824,19.6901322730229
21181,21183,2019,"190155798",2019/02/27,14:20:00,COLISIÓN POR CAMBIO DE CARRIL,ASFALTO,Bueno,Bueno,2,NISSAN,BLANCO,2,,61,FEMENINO,SIN DATOS,0,0,Morelia,Alberto Oviedo Mota,febrero,miércoles,14,-101.196141242981,19.6816669873661
21182,21184,2019,,2019/02/27,14:20:00,COLISIÓN CONTRA OBJETO FIJO,ASFALTO,Bueno,Bueno,1,NISSAN,VERDE,2,MINISTERIO PÚBLICO,35,FEMENINO,SIN DATOS,1,0,Gabriel Zamora,Centro,febrero,miércoles,14,-102.0561003685,19.1627623666667
21183,21185,2019,MOR190453728,2019/02/27,14:56:00,COLISIÓN POR ALCANCE,ASFALTO,Bueno,Bueno,2,CHEVROLET,VERDE,2,,33,MASCULINO,SIN DATOS,0,0,Morelia,Indeco Expropiacion Petrolera,febrero,miércoles,15,-101.228799819946,19.6849400148311
21184,21186,2019,"190255724",2019/02/27,15:05:00,COLISIÓN POR CORTE DE CIRCULACIÓN,ASFALTO,Bueno,Bueno,2,ITALIKA,NEGRO Y ROJO,2,MINISTERIO PÚBLICO,33,,SIN DATOS,1,0,Morelia,Vasco de Quiroga,febrero,miércoles,15,-101.17071390152,19.6975668086953
21185,21187,2019,MOR190155766,2019/02/27,15:08:00,COLISIÓN POR INVASIÓN DE CARRIL,ASFALTO,Bueno,Bueno,2,DINA,NARANJA,2,,26,MASCULINO,SIN DATOS,1,0,Morelia,La Loma,febrero,miércoles,15,-101.180702447891,19.6813689769137
21186,21188,2019,,2019/02/27,16:00:00,COLISIÓN POR CORTE DE CIRCULACIÓN,ASFALTO,Bueno,Bueno,2,NISSAN,CAFE,2,,62,MASCULINO,SIN DATOS,0,0,Morelia,Felix Ireta,febrero,miércoles,16,-101.181273758411,19.6869477416345
21187,21189,2019,MOR190159600,2019/02/27,17:15:00,COLISIÓN POR ALCANCE,ASFALTO,Bueno,Bueno,2,TOYOTA,BLANCO,2,,34,MASCULINO,SIN DATOS,0,0,Morelia,Francisco J Mujica,febrero,miércoles,17,-101.188416481018,19.72174686305
21188,21190,2019,"190156224",2019/02/27,17:50:00,SUBIDA AL CAMELLÓN,ASFALTO,Bueno,Bueno,1,RENAULT,BLANCO,1,,51,MASCULINO,ALIENTO ETÍLICO,0,0,Morelia,Pascual Ortiz de Ayala,febrero,miércoles,18,-101.149363517761,19.6949001127883
21189,21191,2019,MOR190156558,2019/02/27,20:15:00,COLISIÓN POR CORTE DE CIRCULACIÓN,ASFALTO,Bueno,Bueno,2,SEAT,BLANCO,2,,31,MASCULINO,SIN DATOS,0,0,Morelia,Centro,febrero,miércoles,20,-101.18123754859,19.7060868063355
21190,21192,2019,MOR190156751,2019/02/27,21:30:00,COLISIÓN POR ALCANCE,CONCRETO,Bueno,Bueno,2,BMW,BLANCO,2,,24,MASCULINO,ALIENTO ETÍLICO,0,0,Morelia,Centro,febrero,miércoles,22,-101.180219650269,19.7012233422101
21191,21193,2019,,2019/02/27,23:05:00,COLISIÓN POR CAMBIO DE CARRIL,ASFALTO,Bueno,Bueno,2,CHEVROLET,GRIS,2,,22,MASCULINO,SIN DATOS,0,0,Morelia,Barrio Alto,febrero,miércoles,23,-101.196205615997,19.7248170845059
21192,21194,2019,,2019/02/28,"00:00:00",SALIDA DE SUPERFICIE DE RODAMIENTO,TERRACERIA,Nublado,Regular,1,NISSAN,VERDE,1,MINISTERIO PÚBLICO,34,MASCULINO,CON CERTIFICADO,0,0,Gabriel Zamora,Sin datos,febrero,jueves,0,-102.056852,19.087113
21193,21195,2019,"190157310",2019/02/28,"07:38:00",COLISIÓN POR INVASIÓN DE CARRIL,CONCRETO,Bueno,Bueno,2,SEAT,AZUL,2,,25,MASCULINO,SIN DATOS,0,0,Morelia,Industrial,febrero,jueves,8,-101.197691559792,19.7108137699555
21194,21196,2019,"21401",2019/02/28,"07:55:00",COLISIÓN CONTRA OBJETO FIJO,ASFALTO,Bueno,Bueno,1,CHEVROLET,ARENA,0,,,,,0,0,Morelia,Primo Tapia Oriente,febrero,jueves,8,-101.163107156754,19.7115965335678
21195,21197,2019,"190157281",2019/02/28,"07:55:00",COLISIÓN CONTRA OBJETO FIJO,ASFALTO,Bueno,Bueno,1,CHEVROLET,ARENA,0,,,,,0,0,Morelia,Primo Tapia Oriente,febrero,jueves,8,-101.163139343262,19.7118086365966
21196,21198,2019,"190157347",2019/02/28,"08:00:00",COLISIÓN POR ALCANCE,ASFALTO,Bueno,Bueno,2,NISSAN,GRIS,2,MINISTERIO PÚBLICO,28,MASCULINO,SIN DATOS,0,0,Morelia,Popular Pogreso,febrero,jueves,8,-101.200277209282,19.7198279446898
21197,21199,2019,LEG21976,2019/02/28,"08:25:00",COLISIÓN POR ALCANCE,ASFALTO,Bueno,Bueno,2,VOLKSWAGEN,AZUL,2,,20,MASCULINO,SIN DATOS,0,0,Tarímbaro,Sin datos,febrero,jueves,8,-101.170992851257,19.7527695441907
21198,21200,2019,,2019/02/28,"09:00:00",COLISIÓN POR ALCANCE,ASFALTO,Bueno,Bueno,1,FORD,VERDE,2,,28,MASCULINO,SIN DATOS,0,0,Morelia,Lomas de San Juan,febrero,jueves,9,-101.183039681886,19.7298664251429
21199,21201,2019,"190157520",2019/02/28,"09:55:00",COLISIÓN POR ALCANCE,ASFALTO,Bueno,Bueno,3,VOLKSWAGEN,BLANCO,3,,47,FEMENINO,SIN DATOS,0,0,Morelia,Loma de Los Piñones,febrero,jueves,10,-101.203565597534,19.6751005269001
21200,21202,2019,"190157613",2019/02/28,10:40:00,COLISIÓN POR CORTE DE CIRCULACIÓN,ASFALTO,Bueno,Bueno,2,VOLKSWAGEN,PLATA,2,,36,FEMENINO,SIN DATOS,0,0,Morelia,Enrique Arreguin Robles,febrero,jueves,11,-101.185466051102,19.720353124636
21201,21203,2019,,2019/02/28,12:30:00,COLISIÓN POR ALCANCE,ASFALTO,Bueno,Bueno,1,Chevrolet,Blanco,1,MINISTERIO PÚBLICO,26,,SIN DATOS,0,0,Purépero,Centro,febrero,jueves,13,-102.00858157064,19.9120561790208
21202,21204,2019,"190157875",2019/02/28,12:45:00,COLISIÓN POR ALCANCE,ASFALTO,Bueno,Bueno,3,CHEVROLET,PLATA,3,,35,FEMENINO,SIN DATOS,0,0,Morelia,Ventura Puente,febrero,jueves,13,-101.19521856308,19.692354588887
21203,21205,2019,"190158109",2019/02/28,13:50:00,COLISIÓN POR CORTE DE CIRCULACIÓN,ASFALTO,Bueno,Bueno,2,NISSAN,BLANCO,2,,41,MASCULINO,SIN DATOS,0,0,Morelia,Tzindurio de Morelos,febrero,jueves,14,-101.24463558197,19.6998748789396
21204,21206,2019,"190157984",2019/02/28,13:55:00,COLISIÓN POR CAMBIO DE CARRIL,CONCRETO,Bueno,Bueno,2,NISSAN,BLANCO Y ROJO,1,,34,FEMENINO,SIN DATOS,0,0,Morelia,Centro,febrero,jueves,14,-101.198630332947,19.7012435438207
21205,21207,2019,,2019/02/28,14:10:00,COLISIÓN POR NO RESPETAR SEMÁFORO,ASFALTO,Bueno,Bueno,2,NISSAN,AZUL,2,,,FEMENINO,SIN DATOS,0,0,Lázaro Cárdenas,82 Batallon de Infanteria,febrero,jueves,14,-102.236997955,17.9754537949991
21206,21208,2019,"190158128",2019/02/28,14:20:00,COLISIÓN POR CORTE DE CIRCULACIÓN,ASFALTO,Bueno,Bueno,2,FREIGHTLINER,BLANCO,2,,45,MASCULINO,SIN DATOS,0,0,Morelia,Sentimientos de La Nacion,febrero,jueves,14,-101.232726573944,19.6782524615117
21207,21209,2019,,2019/02/28,14:40:00,COLISIÓN POR ALCANCE,ASFALTO,Bueno,Bueno,2,VOLKSWAGEN,NEGRO,2,,21,MASCULINO,SIN DATOS,0,0,Morelia,Montaña Monarca,febrero,jueves,15,-101.164748668671,19.6657453815664
21208,21210,2019,"190158172",2019/02/28,14:50:00,COLISIÓN POR CORTE DE CIRCULACIÓN,ASFALTO,Bueno,Bueno,1,AUDI,PLATA,1,,,MASCULINO,SIN DATOS,0,0,Morelia,El Eden,febrero,jueves,15,-101.2477684021,19.6489734522823
21209,21211,2019,LEG21973,2019/02/28,15:05:00,COLISIÓN CONTRA OBJETO FIJO,ASFALTO,Bueno,Bueno,1,CHEVROLET,BLANCO,1,,59,FEMENINO,SIN DATOS,0,0,Morelia,Tres Puentes,febrero,jueves,15,-101.213736534119,19.702799060173
21210,21212,2019,"190158362",2019/02/28,15:39:00,COLISIÓN CONTRA OBJETO FIJO,CONCRETO,Bueno,Bueno,1,FORD,BLANCO,0,,,,,0,0,Morelia,Indeco El Vivero,febrero,jueves,16,-101.229765415192,19.6771412095907
21211,21213,2019,"190158480",2019/02/28,15:55:00,COLISIÓN POR CORTE DE CIRCULACIÓN,ASFALTO,Bueno,Bueno,1,ITALIKA,NEGRO,2,,22,MASCULINO,SIN DATOS,0,0,Morelia,Centro,febrero,jueves,16,-101.19350194931,19.6962940730093
21212,21214,2019,"190158691",2019/02/28,17:30:00,COLISIÓN POR CORTE DE CIRCULACIÓN,CONCRETO,Bueno,Bueno,2,NISSAN,BLANCO/ORO/CAFE,2,,50,FEMENINO,SIN DATOS,0,0,Morelia,Felicitas del Rio,febrero,jueves,18,-101.200314760208,19.692076801091
21213,21215,2019,"190158775",2019/02/28,18:00:00,COLISIÓN POR ALCANCE,ASFALTO,Bueno,Bueno,2,NISSAN,GRIS,2,,55,MASCULINO,SIN DATOS,0,0,Morelia,Fovissste La Huerta,febrero,jueves,18,-101.210757085,19.6951519849991
21214,21216,2019,,2019/02/28,18:20:00,COLISIÓN POR ALCANCE,ASFALTO,Bueno,Bueno,2,KENWORTH,BLANCO,2,MINISTERIO PÚBLICO,,MASCULINO,SIN DATOS,0,0,Tuxpan,Santa Ana,febrero,jueves,18,-100.466837882996,19.5774204948704
21215,21217,2019,MOR190168089,2019/02/28,19:40:00,SALIDA DE SUPERFICIE DE RODAMIENTO,TERRACERIA,Bueno,Bueno,1,CHEVROLET,AZUL,0,,,,,0,0,Morelia,3 de Agosto,febrero,jueves,20,-101.168873906136,19.7337395807655
21216,21218,2019,,2019/02/28,20:35:00,COLISIÓN POR INVASIÓN DE CARRIL,ASFALTO,Bueno,Bueno,2,Dodge,Negro,0,MINISTERIO PÚBLICO,,,,0,0,Charo,Sin datos,febrero,jueves,21,-100.97053527832,19.653580855749
21217,21219,2019,"190156910",2019/02/28,21:40:00,COLISIÓN POR CAMBIO DE CARRIL,CONCRETO,Bueno,Bueno,3,JEEP,VERDE,3,,28,MASCULINO,ALIENTO ETÍLICO,0,0,Morelia,Villas del Real,febrero,jueves,22,-101.202508807182,19.7334568154687
21218,21220,2019,"190159582",2019/02/28,22:00:00,COLISIÓN POR INVASIÓN DE CARRIL,ASFALTO,Bueno,Bueno,1,HONDA,GRIS,1,,36,MASCULINO,SIN DATOS,0,0,Morelia,Felix Ireta,febrero,jueves,22,-101.180713176727,19.6853996475913
21219,21221,2019,,2019/02/28,23:35:00,COLISIÓN CONTRA OBJETO FIJO,ASFALTO,Bueno,Bueno,1,FREIGHLINER,BLANCO Y AZUL,1,,,MASCULINO,SIN DATOS,0,0,Morelia,Hermanos Lopez Rayon,febrero,jueves,0,-101.22013092041,19.6755248294016
21220,21222,2019,MOR190171678,2019/03/01,"00:00:00",COLISIÓN CON PEATÓN,ASFALTO,Bueno,Bueno,1,NISSAS,BLANCO  Y AMARILLO,2,,,,SIN DATOS,1,0,Morelia,Felicitas del Rio,marzo,viernes,0,-101.195529699326,19.6918798239981
21221,21223,2019,MOR190161285,2019/03/01,"00:00:00",COLISIÓN POR ALCANCE,ADOQUIN_EMPEDRADO,Bueno,Bueno,2,PONTIAC,BLANCO,2,,35,MASCULINO,SIN DATOS,0,0,Morelia,Centro,marzo,viernes,0,-101.19157075882,19.7021122106611
21222,21224,2019,MOR190161218,2019/03/01,"00:00:00",COLISIÓN POR CAMBIO DE CARRIL,CONCRETO,Bueno,Bueno,2,FORD,BLANCO Y VERDE,2,,25,,SIN DATOS,0,0,Morelia,Centro,marzo,viernes,0,-101.191549301147,19.7023142255295
21223,21225,2019,,2019/03/01,"05:00:00",SUBIDA AL CAMELLÓN,ASFALTO,Bueno,Bueno,1,CHEVROLET,PLATA,1,,23,MASCULINO,ALIENTO ETÍLICO,0,0,Morelia,Jardines del Toreo,marzo,viernes,5,-101.21547460556,19.6856067344478
21224,21226,2019,"190159943",2019/03/01,"05:00:00",SUBIDA AL CAMELLÓN,ASFALTO,Bueno,Bueno,1,CHEVROLET,PLATA,1,,23,MASCULINO,ALIENTO ETÍLICO,0,0,Morelia,Jardines del Toreo,marzo,viernes,5,-101.215324401855,19.6856269380292
21225,21227,2019,,2019/03/01,"08:40:00",COLISIÓN POR CAMBIO DE CARRIL,ASFALTO,Bueno,Bueno,2,International,Blanco,2,,32,,SIN DATOS,0,0,Morelia,Lazaro Cardenas,marzo,viernes,9,-101.165499687195,19.7102532078531
21226,21228,2019,,2019/03/01,"09:00:00",COLISIÓN POR ALCANCE,ASFALTO,Bueno,Bueno,2,VW,BLANCO,2,,18,MASCULINO,SIN DATOS,0,0,Morelia,Sin datos,marzo,viernes,9,-101.314973831177,19.6874048432128
21227,21229,2019,,2019/03/01,"09:45:00",COLISIÓN POR CORTE DE CIRCULACIÓN,ASFALTO,Bueno,Bueno,1,NISSAN,BLANCO,1,,23,MASCULINO,SIN DATOS,0,0,Morelia,Tierra Y Libertad,marzo,viernes,10,-101.229349672794,19.7149156612185
21228,21230,2019,,2019/03/01,11:08:00,COLISIÓN POR CORTE DE CIRCULACIÓN,ASFALTO,Bueno,Bueno,2,Nissan,Rojo,2,,54,FEMENINO,SIN DATOS,0,0,Morelia,Popular Pogreso,marzo,viernes,11,-101.199622750282,19.720446545888
21229,21231,2019,,2019/03/01,12:00:00,COLISIÓN POR NO RESPETAR SEMÁFORO,CONCRETO,Bueno,Bueno,3,CHEVROLET,ROJO,4,MINISTERIO PÚBLICO,46,FEMENINO,SIN DATOS,1,0,Morelia,Comision Federal de Electricidad,marzo,viernes,12,-101.181308627129,19.6817629567157
21230,21232,2019,,2019/03/01,12:20:00,COLISIÓN POR ALCANCE,ASFALTO,Bueno,Bueno,2,JEEP,BLANCO,2,,,FEMENINO,SIN DATOS,0,0,Morelia,Asociacion Zirahuen,marzo,viernes,12,-101.250236034393,19.6987789285102
21231,21233,2019,,2019/03/01,12:45:00,COLISIÓN POR CORTE DE CIRCULACIÓN,ASFALTO,Bueno,Bueno,1,Honda,Blanco,1,,0,MASCULINO,SIN DATOS,0,0,Morelia,Felix Ireta,marzo,viernes,13,-101.187236309052,19.6815053546472
21232,21234,2019,,2019/03/01,16:20:00,COLISIÓN POR NO RESPETAR SEMÁFORO,ASFALTO,Bueno,Bueno,2,Nissan,Rojo,2,,25,MASCULINO,SIN DATOS,0,0,Morelia,San Rafael,marzo,viernes,16,-101.153891086578,19.6999102320543
21233,21235,2019,,2019/03/01,16:50:00,COLISIÓN CON PEATÓN,SIN_DATOS,Bueno,Bueno,2,Chrysler,Negro,2,,47,MASCULINO,SIN DATOS,0,0,Morelia,Pascual Ortiz de Ayala,marzo,viernes,17,-101.149320602417,19.6951223391442
21234,21236,2019,,2019/03/01,16:54:00,COLISIÓN POR ALCANCE,ASFALTO,Bueno,Bueno,2,NISSAN,BLANCO,2,,26,FEMENINO,SIN DATOS,0,0,Briseñas,Centro,marzo,viernes,17,-102.561006,20.268005
21235,21237,2019,"190161593",2019/03/01,17:11:00,COLISIÓN POR ALCANCE,ASFALTO,Bueno,Bueno,2,INTERNATIONAL,BLANCO,2,,35,MASCULINO,SIN DATOS,0,0,Morelia,Leandro Valle,marzo,viernes,17,-101.230580806732,19.7158486405719
21236,21238,2019,,2019/03/01,20:00:00,COLISIÓN POR ALCANCE,ASFALTO,Bueno,Bueno,2,NISSAN,BLANCO,2,MINISTERIO PÚBLICO,21,MASCULINO,SIN DATOS,0,0,Lázaro Cárdenas,Centro,marzo,viernes,20,-102.201733589172,17.960700011853
21237,21239,2019,,2019/03/01,20:04:00,COLISIÓN POR CAMBIO DE CARRIL,ASFALTO,Bueno,Bueno,2,Toyota,Blanco,1,,,MASCULINO,SIN DATOS,0,0,Morelia,Rinconada del Valle,marzo,viernes,20,-101.218071940528,19.6794841715049
21238,21240,2019,,2019/03/01,22:10:00,COLISIÓN POR ALCANCE,ASFALTO,Bueno,Bueno,2,MAZDA,GRIS,2,MINISTERIO PÚBLICO,22,MASCULINO,ALIENTO ETÍLICO,0,0,Morelia,Industrial,marzo,viernes,22,-101.1975763,19.7119748
21239,21241,2019,,2019/03/01,23:00:00,COLISIÓN POR CAMBIO DE CARRIL,CONCRETO,Bueno,Bueno,2,Mercedes Benz,Blanco,2,,21,MASCULINO,SIN DATOS,0,0,Morelia,Vasco de Quiroga,marzo,viernes,23,-101.167280673981,19.6990819570294
21240,21242,2019,,2019/03/02,"00:00:00",COLISIÓN POR ALCANCE,ASFALTO,Bueno,Bueno,3,Mitsubichi,blanco,3,,39,MASCULINO,SIN DATOS,0,0,Morelia,Sentimientos de La Nacion,marzo,sábado,0,-101.2339971,19.6807035
21241,21243,2019,,2019/03/02,"00:00:00",COLISIÓN POR CAMBIO DE CARRIL,ASFALTO,Bueno,Bueno,2,Ford,Negro,2,,27,MASCULINO,ALIENTO ETÍLICO,0,0,Morelia,Los Laureles,marzo,sábado,0,-101.232994794846,19.7125964453832
21242,21244,2019,,2019/03/02,"00:05:00",COLISIÓN POR CAMBIO DE CARRIL,ASFALTO,Bueno,Bueno,2,HONDA,ARENA,2,,,,ALIENTO ETÍLICO,0,0,Morelia,Valle de Las Flores,marzo,sábado,0,-101.12829208374,19.6869856230303
21243,21245,2019,,2019/03/02,"00:15:00",COLISIÓN CON PEATÓN,SIN_DATOS,Bueno,Bueno,3,Chevrolet,Negro,6,MINISTERIO PÚBLICO,,MASCULINO,SIN DATOS,3,0,Morelia,Alberto Oviedo Mota,marzo,sábado,0,-101.196527481079,19.681384130001
21244,21246,2019,,2019/03/02,"00:17:00",SALIDA DE SUPERFICIE DE RODAMIENTO,ASFALTO,Bueno,Bueno,1,VOLKSWAGEN,GRIS,1,,23,,SIN DATOS,0,0,Morelia,Ana Maria Gallaga (Riviera Norte),marzo,sábado,0,-101.223580241203,19.6766815531336
21245,21247,2019,MOR190262,2019/03/02,"00:40:00",COLISIÓN POR CORTE DE CIRCULACIÓN,ASFALTO,Bueno,Bueno,2,FORD,MONDEO,2,MINISTERIO PÚBLICO,18,MASCULINO,ALIENTO ETÍLICO,0,0,Morelia,Centro,marzo,sábado,1,-101.199526190758,19.6982536777176
21246,21248,2019,,2019/03/02,"01:25:00",COLISIÓN POR CORTE DE CIRCULACIÓN,ASFALTO,Bueno,Bueno,2,VOLKSWAGEN,BLANCO,2,,38,MASCULINO,SIN DATOS,0,0,Morelia,Indeco El Vivero,marzo,sábado,1,-101.229829788208,19.6770704932985
21247,21249,2019,,2019/03/02,"04:00:00",COLISIÓN CON PEATÓN,SIN_DATOS,Bueno,Bueno,1,CHEVROLET,GRIS,1,,,MASCULINO,SIN DATOS,0,0,Tarímbaro,Sin datos,marzo,sábado,4,-101.157002449036,19.774861448945
21248,21250,2019,,2019/03/02,"05:00:00",SALIDA DE SUPERFICIE DE RODAMIENTO,ASFALTO,Bueno,Bueno,2,Seat,Negro,0,MINISTERIO PÚBLICO,,,,0,0,Morelia,Los Angeles,marzo,sábado,5,-101.17537021637,19.7440349262102
21249,21251,2019,MOR190162899,2019/03/02,"05:20:00",COLISIÓN CONTRA OBJETO FIJO,ASFALTO,Bueno,Bueno,1,CHEVROLET,GRIS,1,,25,MASCULINO,SIN DATOS,0,0,Morelia,Ana Maria Gallaga (Riviera Ii),marzo,sábado,5,-101.224964261055,19.6765855807399
21250,21252,2019,MOR190162884,2019/03/02,"05:30:00",COLISIÓN POR CORTE DE CIRCULACIÓN,SIN_DATOS,Bueno,Bueno,1,NISSAN,AZUL,1,,,,SIN DATOS,0,0,Morelia,Centro,marzo,sábado,6,-101.191585510969,19.7025705315267
21251,21253,2019,,2019/03/02,"06:00:00",COLISIÓN POR ALCANCE,ASFALTO,Bueno,Bueno,2,Nissan,Blanco,2,,25,,SIN DATOS,0,0,Tarímbaro,Real Hacienda,marzo,sábado,6,-101.1967420578,19.7518860063021
21252,21254,2019,MOR190162921,2019/03/02,"06:30:00",COLISIÓN POR CORTE DE CIRCULACIÓN,ASFALTO,Bueno,Bueno,2,RENAULT,NEGRO,2,MINISTERIO PÚBLICO,27,FEMENINO,SIN DATOS,0,0,Morelia,Rinconada del Valle,marzo,sábado,7,-101.218907833099,19.6797374861371
21253,21255,2019,,2019/03/02,"06:40:00",COLISIÓN POR ALCANCE,ASFALTO,Bueno,Bueno,2,SEAT,AMARILLO,2,MINISTERIO PÚBLICO,31,MASCULINO,SIN DATOS,0,0,Morelia,Rafael Carrillo,marzo,sábado,7,-101.235875487328,19.7085462589004
21254,21256,2019,MOR190162850,2019/03/02,"08:05:00",COLISIÓN POR ALCANCE,ASFALTO,Bueno,Bueno,3,HONDA,PLATA,3,MINISTERIO PÚBLICO,48,FEMENINO,SIN DATOS,0,0,Tarímbaro,Sin datos,marzo,sábado,8,-101.168031692505,19.7584644595708
21255,21257,2019,,2019/03/02,"08:10:00",COLISIÓN CONTRA OBJETO FIJO,ASFALTO,Bueno,Bueno,1,toyota,arena,1,,50,MASCULINO,ALIENTO ETÍLICO,0,0,Morelia,Felix Arreguin,marzo,sábado,8,-101.226353645325,19.7215802210532
21256,21258,2019,,2019/03/02,"08:30:00",VOLCADURA,ASFALTO,Bueno,Regular,1,VOLKSWAGEN,NEGRO,0,,,,,0,0,Morelia,El Eden,marzo,sábado,9,-101.2571615,19.6439407
21257,21259,2019,MOR190163044,2019/03/02,"08:40:00",COLISIÓN POR CORTE DE CIRCULACIÓN,ASFALTO,Bueno,Bueno,2,s/d,s/d,1,,60,MASCULINO,SIN DATOS,0,0,Morelia,Agustin Arriaga Rivera,marzo,sábado,9,-101.224851608276,19.6914858690853
21258,21260,2019,,2019/03/02,"09:00:00",COLISIÓN POR ALCANCE,ASFALTO,Bueno,Bueno,2,FORD,Grus,2,MINISTERIO PÚBLICO,30,MASCULINO,SIN DATOS,0,0,Tarímbaro,Sin datos,marzo,sábado,9,-101.171035766602,19.7528503245536