fid,id_accidente,anio_origen,folio_c5i,dia_incidente,hora_ocurrencia,tipo_incidente_vial,superficie_ocurrencia,condiciones_climaticas,condiciones_via,numero_vehiculos_involucrados,marca_vehiculo_ocasiona_siniestro,color_vehiculo_ocasiona_siniestro,numero_personas_involucradas,lugar_remite_presunto_responsable,edad_presunto_responsable,sexo_presunto_responsable,resultados_toxicologia,numero_personas_lesionadas,numero_personas_fallecidas,municipio,colonia,mes,dia_semana,hora_redondeada,lon,lat
21259,21261,2019,MOR190163507,2019/03/02,12:05:00,COLISIÓN POR NO RESPETAR SEMÁFORO,ASFALTO,Bueno,Bueno,2,JEEP,BLANCO,2,,22,MASCULINO,SIN DATOS,0,0,Morelia,San Rafael,marzo,sábado,12,-101.154298782349,19.7003344688214
21260,21262,2019,,2019/03/02,12:40:00,COLISIÓN POR CAMBIO DE CARRIL,CONCRETO,Bueno,Bueno,2,Italika,Blanco Verde,1,,28,MASCULINO,SIN DATOS,0,0,Morelia,Villa de Santa Maria,marzo,sábado,13,-101.166315078735,19.6573394289992
21261,21263,2019,,2019/03/02,13:30:00,COLISIÓN POR ALCANCE,ASFALTO,Bueno,Bueno,3,GMC,Rojo,3,,20,MASCULINO,SIN DATOS,0,0,Tarímbaro,Sin datos,marzo,sábado,14,-101.167945861816,19.7593530095926
21262,21264,2019,MOR190163790,2019/03/02,14:00:00,COLISIÓN POR CORTE DE CIRCULACIÓN,CONCRETO,Bueno,Bueno,2,CARABELA,BCO Y ROJO,2,,14,MASCULINO,SIN DATOS,0,0,Morelia,Los Sauces,marzo,sábado,14,-101.183883547783,19.6629114528041
21263,21265,2019,,2019/03/02,14:20:00,COLISIÓN POR CAMBIO DE CARRIL,CONCRETO,Bueno,Bueno,2,ITALIKA,NEGRA,2,,27,MASCULINO,SIN DATOS,0,0,Morelia,San Isidro Itzicuaro Norte,marzo,sábado,14,-101.264162063599,19.7029505706978
21264,21266,2019,MOR190163962,2019/03/02,14:30:00,COLISIÓN POR ALCANCE,ASFALTO,Bueno,Bueno,3,MAZDA,BLANCO,3,MINISTERIO PÚBLICO,26,FEMENINO,SIN DATOS,0,0,Morelia,Isaac Arriaga,marzo,sábado,15,-101.167023181915,19.7097481952677
21265,21267,2019,,2019/03/02,14:50:00,COLISIÓN POR CAMBIO DE CARRIL,ASFALTO,Bueno,Bueno,2,Volkswagen,Plata,2,,25,FEMENINO,SIN DATOS,0,0,Morelia,Americas Britania,marzo,sábado,15,-101.149513721466,19.6935869507511
21266,21268,2019,MOR190165165,2019/03/02,16:00:00,COLISIÓN POR ALCANCE,ASFALTO,Bueno,Bueno,2,NISSAN,BLANCO,2,MINISTERIO PÚBLICO,0,MASCULINO,SIN DATOS,0,0,Morelia,Los Angeles,marzo,sábado,16,-101.176518201828,19.7417729356589
21267,21269,2019,LEG22033,2019/03/02,16:05:00,COLISIÓN POR CORTE DE CIRCULACIÓN,ASFALTO,Bueno,Bueno,2,HONDA,AZUL,2,,17,MASCULINO,SIN DATOS,0,0,Morelia,Pastor Manuel Sanchez Camarena,marzo,sábado,16,-101.199327707291,19.7379709016595
21268,21270,2019,,2019/03/02,16:10:00,COLISIÓN POR CORTE DE CIRCULACIÓN,ASFALTO,Bueno,Bueno,2,FORD,BLANCO Y AZUL,2,,19,MASCULINO,SIN DATOS,0,0,Morelia,Los Manantiales de Morelia,marzo,sábado,16,-101.240483522415,19.6930465309377
21269,21271,2019,,2019/03/02,18:00:00,COLISIÓN POR ALCANCE,ASFALTO,Bueno,Bueno,2,MITSUBISHI,BLANCO,5,MINISTERIO PÚBLICO,64,MASCULINO,SIN DATOS,3,0,Purépero,San Antonio,marzo,sábado,18,-101.991272047162,19.8941969970923
21270,21272,2019,,2019/03/02,20:30:00,COLISIÓN POR CAMBIO DE CARRIL,ASFALTO,Bueno,Bueno,2,Ford,blanco,2,,55,MASCULINO,SIN DATOS,0,0,Morelia,Gildardo Magaña,marzo,sábado,21,-101.228438722517,19.7261156554763
21271,21273,2019,MOR 190165173,2019/03/02,21:00:00,COLISIÓN POR INVASIÓN DE CARRIL,ASFALTO,Bueno,Bueno,2,MAZDA,GRIS,4,MINISTERIO PÚBLICO,,,,2,2,Morelia,La Soledad,marzo,sábado,21,-101.183438301086,19.7281902203376
21272,21274,2019,,2019/03/02,22:00:00,VOLCADURA,ASFALTO,Bueno,Bueno,1,VOLSWAGUEN,NEGRO,0,,,,,0,0,Tuxpan,Sin datos,marzo,sábado,22,-100.464777946472,19.5355654689405
21273,21275,2019,MOR190162503,2019/03/02,23:20:00,COLISIÓN POR ALCANCE,ASFALTO,Bueno,Bueno,2,NISSAN,BLANCO,2,,42,MASCULINO,ALIENTO ETÍLICO,0,0,Morelia,San Juanito Itzicuaro,marzo,sábado,23,-101.25620663166,19.6730623438664
21274,21276,2019,,2019/03/03,"00:00:00",COLISIÓN CONTRA OBJETO FIJO,ASFALTO,Bueno,Bueno,1,MITSUBISHI,BLANCO,0,MINISTERIO PÚBLICO,,,,0,0,Morelia,Campamento Ferrocarrilero,marzo,domingo,0,-101.203038605,19.7048187049992
21275,21277,2019,,2019/03/03,"00:30:00",SALIDA DE SUPERFICIE DE RODAMIENTO,ASFALTO,Bueno,Bueno,1,Nissan,Gris,0,,,,,0,0,Morelia,Junta de Jaujilla,marzo,domingo,1,-101.225978136063,19.6913545505656
21276,21278,2019,,2019/03/03,"02:40:00",COLISIÓN POR CORTE DE CIRCULACIÓN,CONCRETO,Bueno,Bueno,2,S/d,Rojo,1,,,MASCULINO,SIN DATOS,0,0,Morelia,Lomas de Vista Bella,marzo,domingo,3,-101.200979948044,19.670392714238
21277,21279,2019,MOR190166168,2019/03/03,"04:50:00",COLISIÓN POR CORTE DE CIRCULACIÓN,ASFALTO,Bueno,Bueno,1,VOLKWAGEN,GRIS,1,,25,MASCULINO,ALIENTO ETÍLICO,0,0,Morelia,Guadalupe,marzo,domingo,5,-101.225527524948,19.7068291912791
21278,21280,2019,,2019/03/03,"05:00:00",COLISIÓN POR ALCANCE,ASFALTO,Bueno,Bueno,2,GENERAL MOTOR,NEGRO,2,,25,MASCULINO,SIN DATOS,0,0,Zacapu,Centro,marzo,domingo,5,-101.790467,19.816037
21279,21281,2019,MOR190166207,2019/03/03,"07:10:00",COLISIÓN CON PEATÓN,ASFALTO,Bueno,Bueno,1,SD,SD,1,,,,,1,0,Morelia,Ciudad Industrial,marzo,domingo,7,-101.143081784248,19.725231155912
21280,21282,2019,,2019/03/03,"09:15:00",COLISIÓN CONTRA OBJETO FIJO,CONCRETO,Bueno,Bueno,0,,,0,MINISTERIO PÚBLICO,,,,0,0,Morelia,Bicentenario,marzo,domingo,9,-101.180349,19.7390311
21281,21283,2019,,2019/03/03,"09:35:00",COLISIÓN POR ALCANCE,ASFALTO,Bueno,Bueno,2,Mercedes benz,blanco,2,,52,,SIN DATOS,0,0,Morelia,Libertad,marzo,domingo,10,-101.236889362335,19.6848592001435
21282,21284,2019,,2019/03/03,10:10:00,COLISIÓN POR CORTE DE CIRCULACIÓN,ASFALTO,Bueno,Bueno,2,Chevrolet,BLANCO,2,,,,SIN DATOS,0,0,Morelia,Quinceo,marzo,domingo,10,-101.221386194229,19.7277963548555
21283,21285,2019,,2019/03/03,11:40:00,COLISIÓN POR INVASIÓN DE CARRIL,ASFALTO,Bueno,Bueno,2,DODGE,ROJO,2,,,MASCULINO,SIN DATOS,0,0,Charo,San Pedro Y San Pablo,marzo,domingo,12,-101.048110127449,19.74926060771
21284,21286,2019,,2019/03/03,12:45:00,COLISIÓN POR ALCANCE,CONCRETO,Bueno,Bueno,3,INTERNATIONAL,BLANCO,3,,45,MASCULINO,SIN DATOS,0,0,Morelia,Felix Ireta,marzo,domingo,13,-101.181313991547,19.6863189091542
21285,21287,2019,MOR190162154,2019/03/03,13:00:00,COLISIÓN POR CAMBIO DE CARRIL,ASFALTO,Bueno,Bueno,2,MERCEDES BENZ,BLANCO,2,MINISTERIO PÚBLICO,,MASCULINO,SIN DATOS,0,0,Morelia,Elias Perez Avalos,marzo,domingo,13,-101.165885925293,19.7105764150709
21286,21288,2019,,2019/03/03,14:00:00,COLISIÓN POR ALCANCE,ASFALTO,Bueno,Bueno,3,Mitsubichi,blanco,3,,39,MASCULINO,SIN DATOS,0,0,Morelia,Elias Perez Avalos,marzo,domingo,14,-101.168868541718,19.7128388473059
21287,21289,2019,MOR190167079,2019/03/03,14:00:00,COLISIÓN POR CORTE DE CIRCULACIÓN,ASFALTO,Bueno,Bueno,2,DODGE,AZUL,2,,30,MASCULINO,SIN DATOS,0,0,Morelia,Libertad,marzo,domingo,14,-101.236910820007,19.684909709328
21288,21290,2019,MOR-190,2019/03/03,14:20:00,CAIDA DE MOTOCICLETA,ASFALTO,Bueno,Bueno,1,YAMAHA,NEGRO,1,MINISTERIO PÚBLICO,0,MASCULINO,SIN DATOS,0,0,Morelia,2 de Octubre,marzo,domingo,14,-101.386942863464,19.6676447425032
21289,21291,2019,,2019/03/03,14:20:00,COLISIÓN POR CORTE DE CIRCULACIÓN,SIN_DATOS,Bueno,Bueno,2,NISSAN,ROJO,2,,23,,SIN DATOS,0,0,Morelia,Libertad,marzo,domingo,14,-101.237586736679,19.6861623320081
21290,21292,2019,MOR190164161,2019/03/03,15:40:00,COLISIÓN POR ALCANCE,ASFALTO,Bueno,Bueno,4,VOLKWAGEN,VINO,3,,36,FEMENINO,SIN DATOS,0,0,Morelia,Cosmos,marzo,domingo,16,-101.216729879379,19.6829600432457
21291,21293,2019,,2019/03/03,16:05:00,COLISIÓN POR INVASIÓN DE CARRIL,ASFALTO,Bueno,Bueno,2,,/NA,1,,30,MASCULINO,SIN DATOS,0,0,Morelia,Primo Tapia,marzo,domingo,16,-101.211891174316,19.7091825792788
21292,21294,2019,,2019/03/03,16:20:00,COLISIÓN CON PEATÓN,SIN_DATOS,Bueno,Bueno,2,Volkswagen,Gris,2,,21,MASCULINO,SIN DATOS,0,0,Morelia,Felix Ireta,marzo,domingo,16,-101.180879473686,19.6849652694126
21293,21295,2019,MOR190167539,2019/03/03,16:30:00,COLISIÓN POR CORTE DE CIRCULACIÓN,ASFALTO,Bueno,Bueno,3,SEAT,NEGRO,3,,25,MASCULINO,SIN DATOS,0,0,Morelia,Indeco El Vivero,marzo,domingo,17,-101.230087280273,19.6771614142399
21294,21296,2019,,2019/03/03,17:20:00,COLISIÓN POR CAMBIO DE CARRIL,ASFALTO,Bueno,Bueno,2,NISSAN,AZUL,2,,29,MASCULINO,SIN DATOS,0,0,Morelia,Barrio Alto,marzo,domingo,17,-101.196999549866,19.7250392692962
21295,21297,2019,MOR190164602,2019/03/03,17:55:00,COLISIÓN POR CORTE DE CIRCULACIÓN,CONCRETO,Bueno,Bueno,2,VOLKWAGEN,BLANCO,2,,33,MASCULINO,ALIENTO ETÍLICO,0,0,Morelia,Jose Maria Morelos,marzo,domingo,18,-101.218628883362,19.7153941452205
21296,21298,2019,LEG22049,2019/03/03,18:05:00,COLISIÓN POR NO RESPETAR SEMÁFORO,ASFALTO,Bueno,Bueno,2,VOLKSWAGEN,NEGRO,2,,26,MASCULINO,SIN DATOS,0,0,Morelia,Villas del Real,marzo,domingo,18,-101.199424266815,19.7321995137129
21297,21299,2019,,2019/03/03,18:10:00,COLISIÓN POR CAMBIO DE CARRIL,ASFALTO,Bueno,Bueno,2,Volkswagen,Verde,2,,23,MASCULINO,SIN DATOS,0,0,Morelia,Niño Artillero,marzo,domingo,18,-101.250252127647,19.6978243849241
21298,21300,2019,,2019/03/03,18:55:00,COLISIÓN POR INVASIÓN DE CARRIL,ASFALTO,Bueno,Bueno,2,NISSAN,BLANCO,2,MINISTERIO PÚBLICO,51,,SIN DATOS,0,0,Morelia,Santiaguito,marzo,domingo,19,-101.189188957214,19.7154850443942
21299,21301,2019,,2019/03/03,19:30:00,COLISIÓN CON PEATÓN,ASFALTO,Bueno,Bueno,1,ITALIKA,NEGRO/GRIS,3,,,MASCULINO,SIN DATOS,2,0,Zitácuaro,Sin datos,marzo,domingo,20,-100.457128286362,19.3627230835961
21300,21302,2019,,2019/03/03,19:50:00,COLISIÓN POR CAMBIO DE CARRIL,ASFALTO,Bueno,Bueno,2,TOYOTA,BLANCO,2,,40,MASCULINO,SIN DATOS,0,0,Morelia,Los Manantiales de Morelia,marzo,domingo,20,-101.241706609726,19.6958900278179
21301,21303,2019,LEG22047,2019/03/03,19:50:00,COLISIÓN POR CAMBIO DE CARRIL,ASFALTO,Bueno,Bueno,2,VOLKSWAGEN,PLATA,2,,33,MASCULINO,SIN DATOS,0,0,Morelia,Los Laureles,marzo,domingo,20,-101.23197555542,19.7138084513224
21302,21304,2019,,2019/03/03,20:37:00,COLISIÓN POR INVASIÓN DE CARRIL,ASFALTO,Bueno,Bueno,2,Pontiac,Gris,2,MINISTERIO PÚBLICO,22,MASCULINO,SIN DATOS,0,0,Cuitzeo,Los Granados,marzo,domingo,21,-101.139492988586,19.9736512912358
21303,21305,2019,,2019/03/03,21:30:00,VOLCADURA,TERRACERIA,Bueno,Malo,1,FORD,AZUL,2,MINISTERIO PÚBLICO,15,MASCULINO,SIN DATOS,0,1,Morelia,Sin datos,marzo,domingo,22,-101.371665000916,19.7614935870456
21304,21306,2019,,2019/03/03,21:45:00,COLISIÓN POR CORTE DE CIRCULACIÓN,ASFALTO,Bueno,Bueno,2,ITALIKA,NEGRO AMARILLO,2,,20,MASCULINO,SIN DATOS,0,0,Apatzingán,La Pradera,marzo,domingo,22,-102.355944514275,19.1107244092253
21305,21307,2019,,2019/03/03,23:20:00,COLISIÓN POR CORTE DE CIRCULACIÓN,ASFALTO,Bueno,Bueno,2,Nissan,Blanco Coral,2,,61,MASCULINO,SIN DATOS,0,0,Morelia,Elias Perez Avalos,marzo,domingo,23,-101.165821552277,19.7104552124408
21306,21308,2019,,2019/03/03,23:30:00,COLISIÓN POR CORTE DE CIRCULACIÓN,ASFALTO,Bueno,Bueno,2,Ram,blanco/azúl,2,,28,MASCULINO,ALIENTO ETÍLICO,0,0,Morelia,Jesus Romero Flores,marzo,domingo,0,-101.177456974983,19.7321086240458
21307,21309,2019,,2019/03/03,23:30:00,COLISIÓN POR CORTE DE CIRCULACIÓN,ASFALTO,Bueno,Bueno,2,Dodge,blanco/azúl,2,,32,MASCULINO,SIN DATOS,0,0,Morelia,Jesus Romero Flores,marzo,domingo,0,-101.177489161491,19.7320934757629
21308,21310,2019,MOR 190169469,2019/03/04,"00:00:00",COLISIÓN POR ALCANCE,ASFALTO,Bueno,Bueno,2,CHEVROLET,BLANCO,2,,85,MASCULINO,CON CERTIFICADO,0,0,Morelia,El Eden,marzo,lunes,0,-101.247982978821,19.6485288712648
21309,21311,2019,,2019/03/04,"00:45:00",COLISIÓN POR CAMBIO DE CARRIL,CONCRETO,Bueno,Bueno,1,VOLKSWAGEN,BLANCO,1,,0,,ALIENTO ETÍLICO,0,0,Morelia,Colinas del Sur,marzo,lunes,1,-101.198319196701,19.6663111510071
21310,21312,2019,,2019/03/04,"03:20:00",COLISIÓN CONTRA OBJETO FIJO,ASFALTO,Bueno,Bueno,1,CHEVROLET,BLANCO,1,,0,,SIN DATOS,0,0,Morelia,El Lago 3,marzo,lunes,3,-101.221429109573,19.7274327858565
21311,21313,2019,,2019/03/04,"05:00:00",COLISIÓN POR ALCANCE,ASFALTO,Bueno,Bueno,0,,,0,,,,,0,0,Zacapu,Centro,marzo,lunes,5,-101.790467,19.816037
21312,21314,2019,,2019/03/04,"05:30:00",COLISIÓN POR INVASIÓN DE CARRIL,ASFALTO,Bueno,Bueno,2,NISSAN,ROJO,1,,32,MASCULINO,SIN DATOS,0,0,Tuxpan,Sin datos,marzo,lunes,6,-100.404691100121,19.5315209298937
21313,21315,2019,MOR190169214,2019/03/04,"08:30:00",COLISIÓN POR CAMBIO DE CARRIL,ASFALTO,Bueno,Bueno,3,INTERNATIONAL,BCO/NARANJA,3,,60,MASCULINO,SIN DATOS,0,0,Morelia,Tinijaro,marzo,lunes,9,-101.263207197189,19.6964253874769
21314,21316,2019,"190874326",2019/03/04,"09:15:00",COLISIÓN POR CORTE DE CIRCULACIÓN,ASFALTO,Bueno,Bueno,0,,,1,,,,,1,0,Morelia,Sin datos,marzo,lunes,9,-101.290941238403,19.6002643049202
21315,21317,2019,,2019/03/04,"09:45:00",COLISIÓN POR CORTE DE CIRCULACIÓN,ASFALTO,Bueno,Bueno,2,FORD,ROJO,2,,64,MASCULINO,SIN DATOS,0,0,Tocumbo,Sin Nombre,marzo,lunes,10,-102.511518001556,19.7024556357856
21316,21318,2019,,2019/03/04,10:40:00,COLISIÓN CON PEATÓN,ASFALTO,Bueno,Bueno,1,VOLKSWAGEN,"AZUL, GRIS",1,MINISTERIO PÚBLICO,,,,1,0,Zacapu,Naranja de Tapia,marzo,lunes,11,-101.760468,19.776035
21317,21319,2019,"190169499",2019/03/04,10:55:00,COLISIÓN POR CORTE DE CIRCULACIÓN,ASFALTO,Bueno,Bueno,2,TOYOTA,BLANCO/ROJO,2,,26,MASCULINO,SIN DATOS,0,0,Morelia,Pascual Ortiz de Ayala,marzo,lunes,11,-101.150709986687,19.6969203410402
21318,21320,2019,,2019/03/04,11:00:00,COLISIÓN POR ALCANCE,ASFALTO,Bueno,Bueno,2,DODGE,PLATA,2,,36,MASCULINO,SIN DATOS,0,0,Tocumbo,Sin datos,marzo,lunes,11,-102.530786991119,19.7046171770008
21319,21321,2019,MOR190170120,2019/03/04,12:00:00,COLISIÓN CON PEATÓN,ASFALTO,Bueno,Bueno,2,FORD,BLANCO,2,,48,MASCULINO,SIN DATOS,0,0,Morelia,Independencia,marzo,lunes,12,-101.177880764008,19.7194037596275
21320,21322,2019,,2019/03/04,12:50:00,COLISIÓN POR ALCANCE,ASFALTO,Bueno,Bueno,2,NISSAN,Blanco,2,,,MASCULINO,SIN DATOS,0,0,Morelia,Sentimientos de La Nacion,marzo,lunes,13,-101.235333681107,19.6810810679841
21321,21323,2019,,2019/03/04,13:50:00,COLISIÓN POR CORTE DE CIRCULACIÓN,ASFALTO,Bueno,Bueno,2,ITALIKA,NEGRO,0,MINISTERIO PÚBLICO,,,,0,0,Apatzingán,Centro,marzo,lunes,14,-102.35416886,19.0874588549991
21322,21324,2019,MOR190170145,2019/03/04,14:00:00,COLISIÓN CON PEATÓN,ASFALTO,Bueno,Bueno,2,NISSAN,BLANCO,2,,35,MASCULINO,SIN DATOS,0,0,Morelia,Francisco J Mujica,marzo,lunes,14,-101.18555188179,19.7241606276389
21323,21325,2019,"190170548",2019/03/04,14:30:00,CAIDA DE MOTOCICLETA,ASFALTO,Bueno,Bueno,1,ITALIKA,BLANCO Y ROJO,1,,,,,1,0,Morelia,Lomas de Guayangareo,marzo,lunes,15,-101.157335042953,19.7009001160946
21324,21326,2019,MOR 190170206,2019/03/04,14:35:00,COLISIÓN POR CORTE DE CIRCULACIÓN,ASFALTO,Bueno,Bueno,2,FORD,GRIS,2,,40,MASCULINO,SIN DATOS,0,0,Morelia,Campos Eliseos,marzo,lunes,15,-101.242554187775,19.700738502792
21325,21327,2019,MOR190170327,2019/03/04,15:10:00,COLISIÓN POR CORTE DE CIRCULACIÓN,ASFALTO,Bueno,Bueno,2,FORD,AZUL,2,,76,MASCULINO,SIN DATOS,0,0,Morelia,Prados Verdes,marzo,lunes,15,-101.20101749897,19.7166162297872
21326,21328,2019,MOR190170504,2019/03/04,16:00:00,COLISIÓN POR MANIOBRA DE REVERSA,ASFALTO,Bueno,Bueno,2,FORD,GRIS,2,,50,MASCULINO,SIN DATOS,0,0,Morelia,Ciudad Industrial,marzo,lunes,16,-101.13831281662,19.7288113139327
21327,21329,2019,,2019/03/04,17:00:00,COLISIÓN POR CAMBIO DE CARRIL,ASFALTO,Bueno,Bueno,2,CHRYSLER,BLANCO,3,MINISTERIO PÚBLICO,,,,3,0,Lázaro Cárdenas,Jose Green,marzo,lunes,17,-102.200875282288,17.9651599780681
21328,21330,2019,,2019/03/04,18:45:00,COLISIÓN POR CORTE DE CIRCULACIÓN,CONCRETO,Bueno,Bueno,2,VOLKSWAGEN,VERDE,2,,,FEMENINO,SIN DATOS,0,0,Morelia,La Soledad,marzo,lunes,19,-101.185873746872,19.7277862557278
21329,21331,2019,,2019/03/04,21:07:00,COLISIÓN POR CORTE DE CIRCULACIÓN,ASFALTO,Bueno,Bueno,2,TOYOTA,ROJO,3,MINISTERIO PÚBLICO,55,MASCULINO,CON CERTIFICADO,1,0,Zamora,Chaparaco,marzo,lunes,21,-102.259883880615,19.9631842765347
21330,21332,2019,MOR190171111,2019/03/04,21:15:00,COLISIÓN POR NO RESPETAR SEMÁFORO,ASFALTO,Bueno,Bueno,2,JEEP,GRIS,1,,28,FEMENINO,SIN DATOS,0,0,Morelia,Cosmos,marzo,lunes,21,-101.216440200806,19.6831822861738
21331,21333,2019,LEG22117,2019/03/04,21:15:00,COLISIÓN POR NO RESPETAR SEMÁFORO,ASFALTO,Bueno,Bueno,1,JEEP,GRIS,1,,28,FEMENINO,SIN DATOS,0,0,Morelia,Cosmos,marzo,lunes,21,-101.21642947197,19.6831923881177
21332,21334,2019,,2019/03/04,23:00:00,VOLCADURA,ASFALTO,Bueno,Bueno,1,NISSAN,ARENA,2,,,MASCULINO,SIN DATOS,1,0,Tuzantla,Sin datos,marzo,lunes,23,-100.658540725708,19.09833586569
21333,21335,2019,MOR190171684,2019/03/04,23:00:00,COLISIÓN CON PEATÓN,CONCRETO,Bueno,Bueno,2,KENWORTH,BLANCO,2,,0,MASCULINO,SIN DATOS,0,0,Morelia,Industrial,marzo,lunes,23,-101.197895407677,19.7068948442035
21334,21336,2019,,2019/03/04,23:10:00,COLISIÓN POR CORTE DE CIRCULACIÓN,ASFALTO,Bueno,Bueno,2,MITSUBISHI,BLANCO,2,,30,FEMENINO,SIN DATOS,0,0,Morelia,Centro,marzo,lunes,23,-101.182274222374,19.70062234313
21335,21337,2019,LEG22081,2019/03/04,23:25:00,COLISIÓN POR NO RESPETAR SEMÁFORO,ASFALTO,Bueno,Bueno,2,VOLKSWAGEN,GRIS,2,,45,FEMENINO,SIN DATOS,0,0,Morelia,Asociacion Zirahuen,marzo,lunes,23,-101.250203847885,19.6986779188763
21336,21338,2019,,2019/03/04,23:40:00,COLISIÓN POR INVASIÓN DE CARRIL,ASFALTO,Bueno,Bueno,2,Honda,Gris,2,MINISTERIO PÚBLICO,52,MASCULINO,SIN DATOS,0,0,Morelia,Sin datos,marzo,lunes,0,-101.343920230865,19.5552407058719
21337,21339,2019,,2019/03/05,"00:00:00",COLISIÓN POR CAMBIO DE CARRIL,ASFALTO,Bueno,Bueno,0,,,0,,,,,0,0,Lázaro Cárdenas,Jose Green,marzo,martes,0,-102.202628441155,17.9658408912093
21338,21340,2019,MOR190174381,2019/03/05,"00:00:00",COLISIÓN POR CORTE DE CIRCULACIÓN,ASFALTO,Bueno,Bueno,1,NISSAN,BLANCO,0,,,,,0,0,Morelia,Victor Manuel Tinoco Rubi,marzo,martes,0,-101.241717338562,19.7008597127843
21339,21341,2019,,2019/03/05,"02:30:00",SALIDA DE SUPERFICIE DE RODAMIENTO,ASFALTO,Bueno,Bueno,1,VOLKWAGEN,CAFE,1,,23,MASCULINO,SIN DATOS,0,0,Morelia,Zimpanio Norte,marzo,martes,3,-101.21668448815,19.6593818921691
21340,21342,2019,,2019/03/05,"07:15:00",SALIDA DE SUPERFICIE DE RODAMIENTO,ASFALTO,Bueno,Bueno,1,VOLKSWAGEN,ROJO,0,MINISTERIO PÚBLICO,,,,0,0,Uruapan,Sin datos,marzo,martes,7,-102.062129974365,19.3582794660625
21341,21343,2019,,2019/03/05,"09:10:00",COLISIÓN POR ALCANCE,ASFALTO,Bueno,Bueno,2,VOLKSWAGEN,GRIS,2,,30,FEMENINO,SIN DATOS,0,0,Morelia,Cinco de Diciembre,marzo,martes,9,-101.160789728165,19.6880816542032
21342,21344,2019,MOR190172353,2019/03/05,"09:30:00",COLISIÓN POR CORTE DE CIRCULACIÓN,CONCRETO,Bueno,Bueno,2,VOLKSWAGEN,NEGRO,2,,60,FEMENINO,SIN DATOS,0,0,Morelia,Nueva Valladolid,marzo,martes,10,-101.211676597595,19.700920317746
21343,21345,2019,,2019/03/05,"09:30:00",COLISIÓN POR ALCANCE,ASFALTO,Bueno,Bueno,2,VOLKSWAGEN,GRIS,2,,61,MASCULINO,SIN DATOS,0,0,Morelia,Los Alamos,marzo,martes,10,-101.229722499847,19.7036879198702
21344,21346,2019,,2019/03/05,"09:50:00",COLISIÓN POR ALCANCE,ASFALTO,Bueno,Bueno,2,NISSAN,VERDE,2,,,MASCULINO,SIN DATOS,0,0,Morelia,Los Angeles,marzo,martes,10,-101.177676916122,19.7395462574086
21345,21347,2019,MOR 190 172387,2019/03/05,10:30:00,COLISIÓN POR CORTE DE CIRCULACIÓN,CONCRETO,Bueno,Bueno,2,HONDA,BLANCO/NEGRO,2,,23,MASCULINO,SIN DATOS,0,0,Morelia,Peña Blanca,marzo,martes,11,-101.19399279356,19.6645708984513
21346,21348,2019,MOR190172533,2019/03/05,11:10:00,COLISIÓN POR CORTE DE CIRCULACIÓN,ASFALTO,Bueno,Bueno,2,CHRYSLER,AZUL,2,,21,MASCULINO,SIN DATOS,0,0,Morelia,Jardines de Torremolinos,marzo,martes,11,-101.226654052734,19.6768583442347
21347,21349,2019,,2019/03/05,12:40:00,COLISIÓN POR ALCANCE,ASFALTO,Bueno,Bueno,2,NISSAN,BLANCO Y CAFE,2,,27,MASCULINO,SIN DATOS,0,0,Morelia,Las Americas,marzo,martes,13,-101.15532875061,19.687566469978
21348,21350,2019,MOR190172779,2019/03/05,12:40:00,COLISIÓN POR CORTE DE CIRCULACIÓN,ASFALTO,Bueno,Bueno,2,DINA,BLANCO,2,,43,MASCULINO,SIN DATOS,0,0,Morelia,Lomas de La Maestranza,marzo,martes,13,-101.331539154053,19.6852632731737
21349,21351,2019,MOR 190173040,2019/03/05,14:40:00,COLISIÓN POR CORTE DE CIRCULACIÓN,ASFALTO,Bueno,Bueno,2,VOLKWAGEN,GRIS,2,,66,FEMENINO,SIN DATOS,0,0,Morelia,Libertad,marzo,martes,15,-101.233949661255,19.6862684004142
21350,21352,2019,,2019/03/05,16:20:00,COLISIÓN CONTRA OBJETO FIJO,CONCRETO,Bueno,Bueno,1,VOLKSWAGEN,ROJO,1,MINISTERIO PÚBLICO,20,MASCULINO,SIN DATOS,0,0,Morelia,Poblado de Ocolusen,marzo,martes,16,-101.150232553482,19.6916575931408
21351,21353,2019,,2019/03/05,17:15:00,COLISIÓN POR CAMBIO DE CARRIL,ASFALTO,Bueno,Bueno,2,MAZDA,BLANCO,2,,50,FEMENINO,SIN DATOS,0,0,Morelia,Lomas de Morelia (Dr Ignacio Chavez),marzo,martes,17,-101.174603104591,19.7168535757065
21352,21354,2019,,2019/03/05,17:40:00,SALIDA DE SUPERFICIE DE RODAMIENTO,ASFALTO,Bueno,Bueno,1,INTERNACIONAL,BLANCO/ROJO,21,MINISTERIO PÚBLICO,,,,21,0,Morelia,Sin datos,marzo,martes,18,-101.330852508545,19.5602349628266
21353,21355,2019,,2019/03/05,17:50:00,COLISIÓN POR CORTE DE CIRCULACIÓN,ASFALTO,Bueno,Bueno,2,S/D,S/D,1,,,FEMENINO,SIN DATOS,0,0,Morelia,Felix Ireta,marzo,martes,18,-101.188282370567,19.6856218871341
21354,21356,2019,,2019/03/05,20:00:00,COLISIÓN POR CORTE DE CIRCULACIÓN,SIN_DATOS,Bueno,Bueno,1,VOLKSWAGEN,ROJO,1,,,,SIN DATOS,0,0,Morelia,Loma del Salto,marzo,martes,20,-101.200277209282,19.6594510618896
21355,21357,2019,,2019/03/05,21:00:00,COLISIÓN POR CAMBIO DE CARRIL,ASFALTO,Bueno,Bueno,2,MERCEDES BENZ,BLANCO Y ROJO,1,,34,MASCULINO,SIN DATOS,0,0,Morelia,Comision Federal de Electricidad,marzo,martes,21,-101.181378364563,19.6816265792016
21356,21358,2019,,2019/03/05,22:10:00,COLISIÓN CONTRA OBJETO FIJO,ASFALTO,Bueno,Bueno,1,FORD,BLANCO,2,,19,MASCULINO,SIN DATOS,1,0,Apatzingán,Timapa,marzo,martes,22,-102.351020279334,19.1146486374153