fid,id_accidente,anio_origen,folio_c5i,dia_incidente,hora_ocurrencia,tipo_incidente_vial,superficie_ocurrencia,condiciones_climaticas,condiciones_via,numero_vehiculos_involucrados,marca_vehiculo_ocasiona_siniestro,color_vehiculo_ocasiona_siniestro,numero_personas_involucradas,lugar_remite_presunto_responsable,edad_presunto_responsable,sexo_presunto_responsable,resultados_toxicologia,numero_personas_lesionadas,numero_personas_fallecidas,municipio,colonia,mes,dia_semana,hora_redondeada,lon,lat
21357,21359,2019,,2019/03/05,23:00:00,COLISIÓN POR INVASIÓN DE CARRIL,ASFALTO,Bueno,Bueno,2,VOLKSWAGEN,CAFE,2,MINISTERIO PÚBLICO,32,MASCULINO,ALIENTO ETÍLICO,0,0,Morelia,2 de Octubre,marzo,martes,23,-101.386642456055,19.667563919092
21358,21360,2019,,2019/03/05,23:00:00,COLISIÓN POR CORTE DE CIRCULACIÓN,SIN_DATOS,Bueno,Bueno,0,,,0,,,,,0,0,Morelia,2 de Octubre,marzo,martes,23,-101.386363506317,19.6677255658736
21359,21361,2019,,2019/03/05,23:15:00,COLISIÓN POR CORTE DE CIRCULACIÓN,SIN_DATOS,Bueno,Bueno,1,VOLKSWAGEN,BLANCO,1,,21,MASCULINO,ALIENTO ETÍLICO,0,0,Morelia,Felicitas del Rio,marzo,martes,23,-101.195561885834,19.6903039985303
21360,21362,2019,,2019/03/06,"00:05:00",COLISIÓN POR ALCANCE,SIN_DATOS,Bueno,Bueno,2,FORD,GRIS,2,,,,SIN DATOS,0,0,Morelia,El Lago 2,marzo,miércoles,0,-101.214509010315,19.7267258437679
21361,21363,2019,,2019/03/06,"00:10:00",COLISIÓN POR ALCANCE,SIN_DATOS,Bueno,Bueno,4,VOLKSWAGEN,GRIS,4,,49,MASCULINO,ALIENTO ETÍLICO,0,0,Morelia,Fovissste La Huerta,marzo,miércoles,0,-101.212105751038,19.6924960079434
21362,21364,2019,,2019/03/06,"01:10:00",CAIDA DE MOTOCICLETA,ASFALTO,Bueno,Regular,1,DINAMO,BLANCO,1,,50,MASCULINO,SIN DATOS,0,0,Morelia,Lomas de Las Americas Sur,marzo,miércoles,1,-101.147089004517,19.694283938097
21363,21365,2019,MOR190174775,2019/03/06,"02:20:00",COLISIÓN POR NO RESPETAR SEMÁFORO,CONCRETO,Bueno,Regular,2,HONDA,ROJO,1,MINISTERIO PÚBLICO,,,,1,0,Morelia,Independencia,marzo,miércoles,2,-101.177816390991,19.704970697318
21364,21366,2019,,2019/03/06,"03:00:00",COLISIÓN POR CORTE DE CIRCULACIÓN,ASFALTO,Bueno,Bueno,1,NISSAN,ROJO,1,,22,,SIN DATOS,0,0,Morelia,Clara Cordova Moran,marzo,miércoles,3,-101.180723905563,19.7375518140193
21365,21367,2019,,2019/03/06,"07:20:00",VOLCADURA,ASFALTO,Bueno,Bueno,1,FORD,GRIS,0,MINISTERIO PÚBLICO,,,,0,0,Morelia,Sin datos,marzo,miércoles,7,-101.242961883545,19.656894871164
21366,21368,2019,,2019/03/06,"09:15:00",COLISIÓN POR ALCANCE,ASFALTO,Bueno,Bueno,2,FREIGHTLINER,AZUL Y BLANCO,2,,18,MASCULINO,SIN DATOS,0,0,Zamora,Chaparaco,marzo,miércoles,9,-102.259368896484,19.9622161938357
21367,21369,2019,,2019/03/06,"09:30:00",COLISIÓN POR ALCANCE,ASFALTO,Bueno,Bueno,2,VOLKSWAGEN,BLANCO MARFIL,2,MINISTERIO PÚBLICO,37,FEMENINO,SIN DATOS,0,0,Hidalgo,Sin datos,marzo,miércoles,10,-100.591163635254,19.7001324514535
21368,21370,2019,,2019/03/06,"09:30:00",COLISIÓN POR ALCANCE,ASFALTO,Bueno,Bueno,2,VOLKSWAGEN,BLANCO,3,MINISTERIO PÚBLICO,37,FEMENINO,SIN DATOS,1,0,Hidalgo,Sin datos,marzo,miércoles,10,-100.520222224295,19.6734093040544
21369,21371,2019,MOR 190175710,2019/03/06,11:40:00,COLISIÓN POR CORTE DE CIRCULACIÓN,CONCRETO,Bueno,Bueno,2,SEAT,ROJO,2,,37,MASCULINO,SIN DATOS,0,0,Morelia,La Capilla,marzo,miércoles,12,-101.157544255257,19.6588953717192
21370,21372,2019,MOR190175672,2019/03/06,12:00:00,COLISIÓN POR CORTE DE CIRCULACIÓN,ASFALTO,Bueno,Bueno,1,FORD F-350,ROJO,1,,27,MASCULINO,SIN DATOS,0,0,Morelia,Barrio Alto,marzo,miércoles,12,-101.196849346161,19.7245948994066
21371,21373,2019,,2019/03/06,12:21:00,COLISIÓN POR CORTE DE CIRCULACIÓN,ASFALTO,Bueno,Bueno,2,NISSAN,NEGRO/BLANCO,2,,26,MASCULINO,SIN DATOS,0,0,Zamora,Sin datos,marzo,miércoles,12,-102.278509140015,20.0364992522228
21372,21374,2019,,2019/03/06,12:45:00,COLISIÓN POR CORTE DE CIRCULACIÓN,ASFALTO,Bueno,Bueno,2,HONDA,GRIS,2,,74,FEMENINO,SIN DATOS,0,0,Morelia,Poblado de Ocolusen,marzo,miércoles,13,-101.149497628212,19.6946980885607
21373,21375,2019,,2019/03/06,14:20:00,COLISIÓN POR CAMBIO DE CARRIL,ASFALTO,Bueno,Bueno,2,DODGE,ROJO,2,,30,MASCULINO,SIN DATOS,0,0,Morelia,San Rafael,marzo,miércoles,14,-101.153874993324,19.6998294249235
21374,21376,2019,MOR 190176220,2019/03/06,14:35:00,COLISIÓN POR CORTE DE CIRCULACIÓN,ASFALTO,Bueno,Bueno,2,MITSUBISHI,GRIS,2,,72,FEMENINO,SIN DATOS,0,0,Morelia,Nueva Chapultepec,marzo,miércoles,15,-101.171185970306,19.689864582894
21375,21377,2019,,2019/03/06,15:40:00,COLISIÓN POR ALCANCE,ASFALTO,Bueno,Bueno,2,VOLKSWAGEN,BLANCO,2,,41,MASCULINO,SIN DATOS,0,0,Angangueo,Sin datos,marzo,miércoles,16,-100.271433591843,19.6561674102305
21376,21378,2019,"190176381",2019/03/06,16:03:00,COLISIÓN POR CAMBIO DE CARRIL,ASFALTO,Bueno,Bueno,2,TOYOTA,GRIS,2,,53,FEMENINO,SIN DATOS,0,0,Morelia,Infonavit  Las  Camelinas,marzo,miércoles,16,-101.174232959747,19.6820104563522
21377,21379,2019,,2019/03/06,16:20:00,COLISIÓN POR INVASIÓN DE CARRIL,ASFALTO,Bueno,Bueno,1,TOYOTA,AZUL,0,MINISTERIO PÚBLICO,,,,0,0,Ario,Sin datos,marzo,miércoles,16,-101.723055839539,19.2102248250996
21378,21380,2019,,2019/03/06,16:20:00,COLISIÓN POR INVASIÓN DE CARRIL,ASFALTO,Bueno,Bueno,1,TOYOTA,AZUL,0,MINISTERIO PÚBLICO,,,,0,0,Gabriel Zamora,Sin datos,marzo,miércoles,16,-102.053618319333,19.1387079993015
21379,21381,2019,,2019/03/06,17:02:00,CAIDA DE MOTOCICLETA,CONCRETO,Lluvioso,Regular,1,ITALIKA,ROJO Y NEGRO,3,,17,MASCULINO,SIN DATOS,2,0,Morelia,Centro,marzo,miércoles,17,-101.192890405655,19.7030818797032
21380,21382,2019,MOR190166937,2019/03/06,18:40:00,COLISIÓN POR MANIOBRA DE REVERSA,TERRACERIA,Bueno,Bueno,2,MERCEDES BENZ,BLANCO AZUL,2,,45,MASCULINO,SIN DATOS,0,0,Morelia,Cd Satelite,marzo,miércoles,19,-101.164126396179,19.7279882381604
21381,21383,2019,,2019/03/06,19:30:00,VOLCADURA,ASFALTO,Bueno,Bueno,1,VOLKSWAGEN,MORADO,1,,,,SIN DATOS,0,0,Juárez,Paricuaro,marzo,miércoles,20,-100.455679893494,19.2653710692974
21382,21384,2019,MRO190177207,2019/03/06,19:30:00,COLISIÓN POR NO RESPETAR SEMÁFORO,ASFALTO,Bueno,Bueno,2,TOYOTA,ROJO,3,,,MASCULINO,SIN DATOS,1,0,Morelia,Guadalupe,marzo,miércoles,20,-101.226224899292,19.709051275281
21383,21385,2019,,2019/03/06,19:44:00,COLISIÓN POR CAMBIO DE CARRIL,ASFALTO,Bueno,Bueno,2,FORD,BLANCO,2,,56,FEMENINO,SIN DATOS,0,0,Lázaro Cárdenas,Jose Green,marzo,miércoles,20,-102.202683091164,17.9658539672674
21384,21386,2019,,2019/03/06,19:45:00,COLISIÓN POR CORTE DE CIRCULACIÓN,ASFALTO,Bueno,Bueno,2,HIUNDAI,GRIS,2,,34,MASCULINO,SIN DATOS,0,0,Morelia,Felix Ireta,marzo,miércoles,20,-101.180793642998,19.6857986683684
21385,21387,2019,,2019/03/06,22:35:00,COLISIÓN POR CAMBIO DE CARRIL,CONCRETO,Bueno,Bueno,2,NISSAN,BLANCO,2,MINISTERIO PÚBLICO,38,MASCULINO,SIN DATOS,0,0,Morelia,Lomas de Hidalgo,marzo,miércoles,23,-101.16254389286,19.6967688248058
21386,21388,2019,,2019/03/07,"04:20:00",COLISIÓN CONTRA OBJETO FIJO,ASFALTO,Bueno,Bueno,1,CHEVROLET,PLATA,0,,,,,0,0,Morelia,Union,marzo,jueves,4,-101.155886650085,19.7089805730837
21387,21389,2019,,2019/03/07,"07:20:00",COLISIÓN POR ALCANCE,SIN_DATOS,Bueno,Bueno,2,MERCEDES BENZ,VERDE,2,,44,MASCULINO,SIN DATOS,0,0,Morelia,Ampliacion La Soledad,marzo,jueves,7,-101.1829662323,19.7340374936616
21388,21390,2019,,2019/03/07,"07:50:00",COLISIÓN POR CORTE DE CIRCULACIÓN,ASFALTO,Bueno,Bueno,2,VOLKSWAGEN,AZUL,2,,51,MASCULINO,SIN DATOS,0,0,Morelia,Pastor Manuel Sanchez Camarena,marzo,jueves,8,-101.199439018965,19.738819172071
21389,21391,2019,MOR 190177968,2019/03/07,"08:43:00",COLISIÓN POR CORTE DE CIRCULACIÓN,ASFALTO,Bueno,Bueno,2,NISSAN,BLANCO,2,,38,MASCULINO,SIN DATOS,0,0,Morelia,Las Americas,marzo,jueves,9,-101.155800819397,19.6890110019469
21390,21392,2019,,2019/03/07,"09:15:00",COLISIÓN POR CORTE DE CIRCULACIÓN,ASFALTO,Bueno,Bueno,2,INTERNATIONAL,BLANCO,2,,25,MASCULINO,SIN DATOS,0,0,Peribán,Sin datos,marzo,jueves,9,-102.453925609589,19.4574677651304
21391,21393,2019,,2019/03/07,10:10:00,COLISIÓN POR ALCANCE,ASFALTO,Bueno,Regular,2,CHRYSLER,DORADO,2,,21,MASCULINO,SIN DATOS,0,0,Morelia,Lomas de Guayangareo,marzo,jueves,10,-101.160575151443,19.7047080822998
21392,21394,2019,,2019/03/07,10:10:00,COLISIÓN POR CORTE DE CIRCULACIÓN,ASFALTO,Bueno,Bueno,2,ITALIKA,NEGRO CON ROJO,3,,,MASCULINO,SIN DATOS,1,0,Morelia,Santiaguito,marzo,jueves,10,-101.18864312768,19.718239769835
21393,21395,2019,,2019/03/07,10:30:00,COLISIÓN CON PEATÓN,ASFALTO,Bueno,Bueno,1,TOYOTA,BLANCO,2,,39,,SIN DATOS,1,0,Tarímbaro,Galaxias Tarimbaro,marzo,jueves,11,-101.1951407,19.7660777
21394,21396,2019,MOR 1901788268,2019/03/07,10:40:00,COLISIÓN POR ALCANCE,CONCRETO,Bueno,Bueno,2,NISSAN,ROJO,2,,21,MASCULINO,SIN DATOS,0,0,Morelia,Dr Miguel Silva,marzo,jueves,11,-101.185647770762,19.7164445325196
21395,21397,2019,MOR190178318,2019/03/07,11:55:00,COLISIÓN CONTRA OBJETO FIJO,ASFALTO,Bueno,Bueno,1,CHEVROLET,NEGRO,1,,36,MASCULINO,SIN DATOS,0,0,Morelia,Villas del Parian (Arkos San Jose),marzo,jueves,12,-101.262031048536,19.6906973250095
21396,21398,2019,,2019/03/07,13:25:00,COLISIÓN CON PEATÓN,SIN_DATOS,Bueno,Bueno,2,BAJAJ,NEGRO CON ROJO,2,,34,,SIN DATOS,0,0,Morelia,Industrial,marzo,jueves,13,-101.194939613342,19.7073746147564
21397,21399,2019,,2019/03/07,15:20:00,COLISIÓN POR MANIOBRA DE REVERSA,ASFALTO,Bueno,Bueno,2,VOLKSWAGEN,NEGRO,2,,43,MASCULINO,SIN DATOS,0,0,Morelia,Cinco de Diciembre,marzo,jueves,15,-101.158753931522,19.6866042832365
21398,21400,2019,,2019/03/07,15:30:00,COLISIÓN POR ALCANCE,SIN_DATOS,Bueno,Bueno,2,CHEVROLET,ROJO,2,,,,SIN DATOS,0,0,Morelia,Chapultepec Sur,marzo,jueves,16,-101.168117523193,19.6897888214555
21399,21401,2019,,2019/03/07,15:30:00,COLISIÓN POR ALCANCE,ADOQUIN_EMPEDRADO,Bueno,Bueno,2,Volkswaguen,Blanco,2,,58,MASCULINO,SIN DATOS,0,0,Cuitzeo,El Embarcadero,marzo,jueves,16,-101.140120625496,19.9661023544513
21400,21402,2019,,2019/03/07,15:38:00,COLISIÓN POR ALCANCE,ASFALTO,Bueno,Bueno,2,NISSAN,BLANCO,2,,37,MASCULINO,SIN DATOS,0,0,Morelia,San Pascual,marzo,jueves,16,-101.264451742172,19.6961198286456
21401,21403,2019,,2019/03/07,15:40:00,COLISIÓN POR CAMBIO DE CARRIL,ASFALTO,Bueno,Bueno,2,CHEVROLET,GRIS,2,MINISTERIO PÚBLICO,19,MASCULINO,SIN DATOS,0,0,Morelia,La Soledad,marzo,jueves,16,-101.184618473053,19.7249786734749
21402,21404,2019,,2019/03/07,17:23:00,VOLCADURA,ASFALTO,Nublado,Regular,1,NISSAN,GRIS,1,,34,,SIN DATOS,0,0,Morelia,Alberto Oviedo Mota,marzo,jueves,17,-101.202203035355,19.6772826420814
21403,21405,2019,,2019/03/07,17:25:00,COLISIÓN CON PEATÓN,ASFALTO,Bueno,Bueno,1,CHRYSLEY,AZUL,2,,28,,SIN DATOS,1,0,Morelia,Matamoros,marzo,jueves,17,-101.165843009949,19.6975365055823
21404,21406,2019,MOR 190178549,2019/03/07,17:43:00,COLISIÓN POR CORTE DE CIRCULACIÓN,ASFALTO,Nublado,Regular,2,VOLKSWAGEN,ROJO FLASH,2,,30,MASCULINO,SIN DATOS,0,0,Morelia,Ventura Puente,marzo,jueves,18,-101.195379495621,19.6923091327352
21405,21407,2019,,2019/03/07,18:00:00,COLISIÓN POR ALCANCE,ASFALTO,Bueno,Bueno,2,NISSAN,BLANCO,2,,36,MASCULINO,SIN DATOS,0,0,Morelia,Chapultepec Norte,marzo,jueves,18,-101.166797876358,19.6954354757584
21406,21408,2019,,2019/03/07,18:20:00,COLISIÓN POR CORTE DE CIRCULACIÓN,SIN_DATOS,Bueno,Bueno,1,NISSAN,Blanco,1,,33,MASCULINO,SIN DATOS,0,0,Morelia,Insurgentes,marzo,jueves,18,-101.155446767807,19.6952940592988
21407,21409,2019,,2019/03/07,21:45:00,COLISIÓN CONTRA OBJETO FIJO,ASFALTO,Bueno,Bueno,3,NAVISTAR INTERNATION,BLANCO,3,,63,MASCULINO,SIN DATOS,0,0,Zitácuaro,Sin datos,marzo,jueves,22,-100.249423384666,19.478639383638
21408,21410,2019,MOR190180483,2019/03/08,"03:35:00",SUBIDA AL CAMELLÓN,ASFALTO,Bueno,Bueno,1,VOLKSWAGEN,GRIS,1,,36,MASCULINO,ALIENTO ETÍLICO,0,0,Morelia,Lazaro Cardenas,marzo,viernes,4,-101.163697242737,19.7078190325109
21409,21411,2019,MOR190180634,2019/03/08,"08:15:00",COLISIÓN CONTRA OBJETO FIJO,ASFALTO,Bueno,Bueno,1,MINI COOPER,BLANCO,1,,49,FEMENINO,SIN DATOS,0,0,Morelia,Paseo de Las Lomas,marzo,viernes,8,-101.149283051491,19.6985668082053
21410,21412,2019,MOR190180947,2019/03/08,10:40:00,COLISIÓN CON PEATÓN,ASFALTO,Bueno,Regular,2,S/D.,ROJO,2,,0,,SIN DATOS,1,0,Morelia,El Lago 1,marzo,viernes,11,-101.214927434921,19.7270793152031
21411,21413,2019,,2019/03/08,12:30:00,COLISIÓN POR CORTE DE CIRCULACIÓN,ASFALTO,Bueno,Bueno,2,NISSAN,BLANCO,0,MINISTERIO PÚBLICO,,,,0,0,Buenavista,Sin datos,marzo,viernes,13,-102.599945068359,19.2066179966671
21412,21414,2019,MOR 190181422,2019/03/08,12:45:00,COLISIÓN POR CORTE DE CIRCULACIÓN,CONCRETO,Bueno,Bueno,1,NISSAN,BLANCO,0,,,,,0,0,Morelia,Industrial,marzo,viernes,13,-101.191899329424,19.7081068933521
21413,21415,2019,LEG22233,2019/03/08,12:55:00,COLISIÓN POR CAMBIO DE CARRIL,ASFALTO,Bueno,Bueno,2,NISSAN URVAN,BCO/GRIS,2,,43,MASCULINO,SIN DATOS,0,0,Morelia,Felix Ireta,marzo,viernes,13,-101.192069649696,19.6822983636114
21414,21416,2019,,2019/03/08,13:00:00,COLISIÓN POR INVASIÓN DE CARRIL,SIN_DATOS,Bueno,Bueno,2,Chevrolet,Gris,7,MINISTERIO PÚBLICO,75,MASCULINO,SIN DATOS,4,1,Santa Ana Maya,Sin datos,marzo,viernes,13,-101.03422164917,20.0185164517025
21415,21417,2019,LEG22229,2019/03/08,13:09:00,COLISIÓN POR INVASIÓN DE CARRIL,ASFALTO,Bueno,Bueno,2,BMW,GRIS,9,MINISTERIO PÚBLICO,,,,9,0,Morelia,Los Laureles,marzo,viernes,13,-101.232833862305,19.7141114513718
21416,21418,2019,"190181226",2019/03/08,13:34:00,COLISIÓN POR INVASIÓN DE CARRIL,ASFALTO,Bueno,Bueno,2,BMW,GRIS,9,MINISTERIO PÚBLICO,,,,9,0,Morelia,Loma Bonita,marzo,viernes,14,-101.256801780734,19.7020220131064
21417,21419,2019,,2019/03/08,13:59:00,COLISIÓN POR CORTE DE CIRCULACIÓN,CONCRETO,Bueno,Bueno,1,NISSAN,ROJO,0,,,,,0,0,Morelia,Elias Perez Avalos,marzo,viernes,14,-101.165971755981,19.710556214639
21418,21420,2019,,2019/03/08,14:00:00,COLISIÓN POR ALCANCE,ASFALTO,Bueno,Bueno,2,Suzuki,ROJO,2,,28,MASCULINO,SIN DATOS,0,0,Morelia,Hermanos Lopez Rayon,marzo,viernes,14,-101.221297681332,19.6757698130724
21419,21421,2019,,2019/03/08,14:20:00,COLISIÓN CON PEATÓN,ASFALTO,Bueno,Bueno,1,ITALIKA,NEGRA,2,,20,MASCULINO,SIN DATOS,1,0,Morelia,Industrial,marzo,viernes,14,-101.197519898415,19.7123439429896
21420,21422,2019,,2019/03/08,15:20:00,COLISIÓN POR ALCANCE,ASFALTO,Bueno,Bueno,2,NAVISTAR,BLANCO,2,,30,MASCULINO,SIN DATOS,0,0,Morelia,Fidel Velazquez,marzo,viernes,15,-101.236288547516,19.7020617069041
21421,21423,2019,,2019/03/08,16:25:00,COLISIÓN CON PEATÓN,ASFALTO,Bueno,Bueno,1,CHEVROLET,AZUL,2,,34,FEMENINO,SIN DATOS,1,0,Morelia,Fovissste La Huerta,marzo,viernes,16,-101.212213039398,19.6924353997917
21422,21424,2019,MOR 190182164,2019/03/08,16:45:00,COLISIÓN POR CORTE DE CIRCULACIÓN,ASFALTO,Bueno,Bueno,2,KAWASAKI,AZUL,3,,37,MASCULINO,SIN DATOS,1,0,Morelia,Nueva Valladolid,marzo,viernes,17,-101.209626048803,19.6974216062267
21423,21425,2019,,2019/03/08,16:58:00,VOLCADURA,ASFALTO,Bueno,Regular,1,KENWORTH,GRIS,1,,45,MASCULINO,SIN DATOS,0,0,Madero,Sin datos,marzo,viernes,17,-101.28969669342,19.3973265189299
21424,21426,2019,,2019/03/08,17:05:00,COLISIÓN CONTRA OBJETO FIJO,ASFALTO,Bueno,Bueno,1,NISSAN,GRIS,3,,,MASCULINO,SIN DATOS,2,0,Zacapu,Centro,marzo,viernes,17,-101.787554681067,19.8090995197409
21425,21427,2019,MOR190183095,2019/03/08,18:25:00,COLISIÓN POR CAMBIO DE CARRIL,ASFALTO,Bueno,Bueno,2,VOLKSWAGEN GOLF,BLANCO,2,,0,MASCULINO,SIN DATOS,0,0,Morelia,Alberto Oviedo Mota,marzo,viernes,18,-101.201999187469,19.6779089844682
21426,21428,2019,MOR 190182502,2019/03/08,18:30:00,COLISIÓN CON PEATÓN,ASFALTO,Bueno,Bueno,1,HARLEY DAVIDSON,VINO,2,,60,MASCULINO,SIN DATOS,1,0,Morelia,Felicitas del Rio,marzo,viernes,19,-101.197266429663,19.6902042462359
21427,21429,2019,,2019/03/08,19:00:00,COLISIÓN POR INVASIÓN DE CARRIL,ASFALTO,Bueno,Bueno,3,CHEVROLET,ROJO,1,MINISTERIO PÚBLICO,30,MASCULINO,SIN DATOS,0,0,Tacámbaro,Sin datos,marzo,viernes,19,-101.44633769989,19.2053616670654
21428,21430,2019,,2019/03/08,19:30:00,COLISIÓN POR CORTE DE CIRCULACIÓN,ASFALTO,Bueno,Bueno,2,VOLSWAGUEN,GRIS,3,MINISTERIO PÚBLICO,18,MASCULINO,SIN DATOS,2,0,Tuxpan,Sin datos,marzo,viernes,20,-100.475378036499,19.5416725309269
21429,21431,2019,MOR190182737,2019/03/08,19:50:00,COLISIÓN POR CAMBIO DE CARRIL,ASFALTO,Bueno,Bueno,2,TOYOTA,BLANCO,2,MINISTERIO PÚBLICO,26,MASCULINO,SIN DATOS,0,0,Morelia,San Jose Itzicuaro,marzo,viernes,20,-101.304523944855,19.6878897230189
21430,21432,2019,,2019/03/08,20:00:00,SALIDA DE SUPERFICIE DE RODAMIENTO,ASFALTO,Bueno,Bueno,1,TOYOTA,BLANCO,1,,43,MASCULINO,SIN DATOS,0,0,Cuitzeo,Los Granados,marzo,viernes,20,-101.140201091766,19.9748008054174
21431,21433,2019,,2019/03/08,21:00:00,COLISIÓN POR ALCANCE,ASFALTO,Bueno,Bueno,2,Toyota,Rojo,2,,45,MASCULINO,SIN DATOS,0,0,Morelia,Sentimientos de La Nacion,marzo,viernes,21,-101.233611702919,19.6806113207248
21432,21434,2019,,2019/03/08,21:35:00,COLISIÓN CONTRA OBJETO FIJO,CONCRETO,Bueno,Bueno,2,S/d,S/d,1,,0,FEMENINO,SIN DATOS,0,0,Morelia,Hospitales de Don Vasco,marzo,viernes,22,-101.154553592205,19.7027864342894
21433,21435,2019,MOR1901883158,2019/03/08,22:00:00,COLISIÓN POR ALCANCE,ASFALTO,Bueno,Bueno,2,KENWORTH,BLANCO,2,,38,MASCULINO,SIN DATOS,0,0,Morelia,Elias Perez Avalos,marzo,viernes,22,-101.16937816143,19.713162049298
21434,21436,2019,,2019/03/08,22:45:00,COLISIÓN POR CORTE DE CIRCULACIÓN,CONCRETO,Bueno,Bueno,2,Volkswagen,Blanco,2,,21,MASCULINO,SIN DATOS,0,0,Morelia,Felix Ireta,marzo,viernes,23,-101.190701723099,19.6908797827111
21435,21437,2019,,2019/03/08,23:00:00,VOLCADURA,ASFALTO,Bueno,Bueno,1,FORD,BLANCO,1,,38,,SIN DATOS,0,0,Zitácuaro,Sin datos,marzo,viernes,23,-100.357961654663,19.480733129669
21436,21438,2019,,2019/03/08,23:30:00,COLISIÓN POR INVASIÓN DE CARRIL,ASFALTO,Bueno,Bueno,2,VOLKSWAGEN,GRIS,2,,,,SIN DATOS,0,0,Zitácuaro,Sin datos,marzo,viernes,0,-100.358004570007,19.4796609732466
21437,21439,2019,,2019/03/09,"00:00:00",COLISIÓN POR CAMBIO DE CARRIL,ASFALTO,Bueno,Bueno,2,ITALIKA,NEGRO/VERD,0,MINISTERIO PÚBLICO,,,,0,0,Lázaro Cárdenas,Segundo Sector de Fidelac,marzo,sábado,0,-102.204549908638,17.961169487281
21438,21440,2019,LEG22253,2019/03/09,"00:00:00",VOLCADURA,ASFALTO,Bueno,Bueno,1,FORD,GRIS,2,,,,,2,0,Álvaro Obregón,Centro,marzo,sábado,0,-101.038212776184,19.8298153990206
21439,21441,2019,LEG22245,2019/03/09,"00:00:00",COLISIÓN POR ALCANCE,ASFALTO,Bueno,Bueno,3,CHEVROLET,VERDE,2,,29,MASCULINO,SIN DATOS,0,0,Morelia,Fidel Velazquez,marzo,sábado,0,-101.236866563559,19.7072256335282
21440,21442,2019,MOR190183445,2019/03/09,"00:35:00",COLISIÓN POR ALCANCE,ASFALTO,Bueno,Bueno,3,VOLKWAGEN,BLANCO,2,,55,,CON CERTIFICADO,0,0,Morelia,Los Angeles,marzo,sábado,1,-101.176829338074,19.7413892019393
21441,21443,2019,MOR190183458,2019/03/09,"01:00:00",COLISIÓN CONTRA OBJETO FIJO,CONCRETO,Bueno,Bueno,1,PONTIAC,PLATA,1,,29,MASCULINO,ALIENTO ETÍLICO,0,0,Morelia,Asociacion Zirahuen,marzo,sábado,1,-101.250590085983,19.698571858692
21442,21444,2019,MOR190183615,2019/03/09,"05:30:00",COLISIÓN POR NO RESPETAR SEMÁFORO,ASFALTO,Bueno,Bueno,2,MERCEDES BENZ,BLANCO,2,MINISTERIO PÚBLICO,40,MASCULINO,SIN DATOS,0,0,Morelia,Bosques de Oriente,marzo,sábado,6,-101.155425310135,19.7157779413799
21443,21445,2019,,2019/03/09,"06:30:00",COLISIÓN CONTRA OBJETO FIJO,ASFALTO,Bueno,Bueno,1,Ford,Rojo,1,,33,MASCULINO,SIN DATOS,0,0,Morelia,Centenario (Los Alamos Ii),marzo,sábado,7,-101.178063154221,19.7371478730842
21444,21446,2019,MOR 190185560,2019/03/09,"07:47:00",CAIDA DE MOTOCICLETA,ASFALTO,Bueno,Regular,1,ITALIKA,NEGRO,1,,,,,1,0,Morelia,Plan de La Garita,marzo,sábado,8,-101.185643076897,19.7136670511028
21445,21447,2019,MOR190183861,2019/03/09,"09:20:00",COLISIÓN POR CORTE DE CIRCULACIÓN,ASFALTO,Bueno,Bueno,1,NISSAN,GRIS,2,,27,MASCULINO,SIN DATOS,0,0,Tarímbaro,Sin datos,marzo,sábado,9,-101.131467819214,19.7768402818796
21446,21448,2019,,2019/03/09,11:00:00,COLISIÓN POR CORTE DE CIRCULACIÓN,ASFALTO,Bueno,Bueno,2,YAMAHA,BLANCA,2,,30,MASCULINO,SIN DATOS,0,0,Morelia,Felix Ireta,marzo,sábado,11,-101.181571483612,19.6816063751156
21447,21449,2019,,2019/03/09,11:30:00,COLISIÓN POR CORTE DE CIRCULACIÓN,ASFALTO,Bueno,Bueno,2,FORD,BLANCO,3,,28,FEMENINO,SIN DATOS,1,0,Apatzingán,22 de Octubre,marzo,sábado,12,-102.343325231601,19.0911687218743
21448,21450,2019,MOR190184466,2019/03/09,12:25:00,COLISIÓN POR CAMBIO DE CARRIL,ASFALTO,Bueno,Bueno,2,CHEVROLET,GUINDA/GRIS,2,,48,MASCULINO,SIN DATOS,0,0,Morelia,Industrial,marzo,sábado,12,-101.188309192657,19.7121217405534
21449,21451,2019,MOR-190184509,2019/03/09,12:40:00,COLISIÓN POR ALCANCE,CONCRETO,Bueno,Bueno,2,FORD,BLANCO,2,,0,MASCULINO,SIN DATOS,0,0,Morelia,Camelinas,marzo,sábado,13,-101.167237758636,19.6833136113954
21450,21452,2019,MOR190184816,2019/03/09,14:05:00,COLISIÓN POR ALCANCE,ASFALTO,Bueno,Bueno,2,NISSAN,PLATA,2,,41,FEMENINO,SIN DATOS,0,0,Morelia,Santiaguito,marzo,sábado,14,-101.189028024673,19.7157981411522
21451,21453,2019,MOR 190185105,2019/03/09,14:56:00,COLISIÓN CONTRA OBJETO FIJO,ASFALTO,Bueno,Bueno,1,CHEVROLET,AZUL/GRIS,1,,35,MASCULINO,SIN DATOS,0,0,Morelia,Centro,marzo,sábado,15,-101.192471981049,19.7030212755602
21452,21454,2019,MOR190185000,2019/03/09,15:00:00,COLISIÓN POR CAMBIO DE CARRIL,ASFALTO,Bueno,Bueno,2,KENWORTH,BLANCO,1,,35,FEMENINO,SIN DATOS,0,0,Morelia,Industrial,marzo,sábado,15,-101.19783103466,19.7090664257478
21453,21455,2019,MOR180107756,2019/03/09,15:20:00,COLISIÓN POR CAMBIO DE CARRIL,ASFALTO,Bueno,Bueno,2,VOLKSWAGUEN,CAFE,2,,34,MASCULINO,SIN DATOS,0,0,Morelia,Morelia 450,marzo,sábado,15,-101.216601133347,19.6754894709027