fid,id_accidente,anio_origen,folio_c5i,dia_incidente,hora_ocurrencia,tipo_incidente_vial,superficie_ocurrencia,condiciones_climaticas,condiciones_via,numero_vehiculos_involucrados,marca_vehiculo_ocasiona_siniestro,color_vehiculo_ocasiona_siniestro,numero_personas_involucradas,lugar_remite_presunto_responsable,edad_presunto_responsable,sexo_presunto_responsable,resultados_toxicologia,numero_personas_lesionadas,numero_personas_fallecidas,municipio,colonia,mes,dia_semana,hora_redondeada,lon,lat
21454,21456,2019,,2019/03/09,16:30:00,COLISIÓN POR CORTE DE CIRCULACIÓN,ASFALTO,Bueno,Bueno,2,FORD,ARENA,2,MINISTERIO PÚBLICO,36,FEMENINO,SIN DATOS,0,0,Morelia,Felix Ireta,marzo,sábado,17,-101.180723905563,19.6862633495393
21455,21457,2019,"1901850",2019/03/09,17:00:00,COLISIÓN POR ALCANCE,ASFALTO,Bueno,Bueno,2,NISSAN,BCO/NARANJA,2,,38,MASCULINO,SIN DATOS,0,0,Morelia,Francisco J Mujica,marzo,sábado,17,-101.185546517372,19.7240621588763
21456,21458,2019,MOR190185686,2019/03/09,18:35:00,COLISIÓN POR CORTE DE CIRCULACIÓN,CONCRETO,Bueno,Bueno,2,YAMAHA,BLANCO,1,,0,,SIN DATOS,0,0,Tarímbaro,Campestre Tarimbaro,marzo,sábado,19,-101.128807067871,19.7726604732464
21457,21459,2019,,2019/03/09,18:58:00,COLISIÓN POR CORTE DE CIRCULACIÓN,ADOQUIN_EMPEDRADO,Bueno,Bueno,1,CHEVROLET,GRIS PLATA,0,MINISTERIO PÚBLICO,,,,0,0,Pátzcuaro,General Manuel Garcia Pueblita,marzo,sábado,19,-101.601801216602,19.5099845824762
21458,21460,2019,,2019/03/09,20:10:00,COLISIÓN CONTRA OBJETO FIJO,ASFALTO,Bueno,Bueno,1,CHEROKEE,GRIS,0,,,,,0,0,Peribán,Los Cerritos,marzo,sábado,20,-102.429023981094,19.5333510963594
21459,21461,2019,,2019/03/09,20:50:00,COLISIÓN CON PEATÓN,ASFALTO,Bueno,Bueno,1,HONDA,BLANCO,2,,21,MASCULINO,SIN DATOS,1,0,Apatzingán,Nueva,marzo,sábado,21,-102.361708775,19.0750378799991
21460,21462,2019,MOR190188630,2019/03/10,"00:00:00",COLISIÓN CON PEATÓN,CONCRETO,Bueno,Bueno,2,VOLKSWAGEN,PLATA,3,,50,FEMENINO,SIN DATOS,1,0,Morelia,Obrera,marzo,domingo,0,-101.18160367012,19.709980501255
21461,21463,2019,MOR190186599,2019/03/10,"00:00:00",CAIDA DE MOTOCICLETA,ASFALTO,Bueno,Bueno,1,HONDA,BLACO Y AMRILLO,1,,21,MASCULINO,SIN DATOS,0,0,Morelia,Club Campestre La Huerta,marzo,domingo,0,-101.234679222107,19.6666900133557
21462,21464,2019,LEG22265,2019/03/10,"00:00:00",COLISIÓN POR CORTE DE CIRCULACIÓN,ASFALTO,Bueno,Bueno,2,JEEP,BLANCO,1,,52,,SIN DATOS,0,0,Morelia,La Calera,marzo,domingo,0,-101.235462427139,19.6810911700605
21463,21465,2019,LEG22269,2019/03/10,"00:00:00",COLISIÓN POR CORTE DE CIRCULACIÓN,ASFALTO,Bueno,Bueno,2,CHEVROLET,BLANCO,1,,48,,ALIENTO ETÍLICO,0,0,Morelia,Alberto Oviedo Mota,marzo,domingo,0,-101.197621822357,19.6812325990642
21464,21466,2019,,2019/03/10,"01:40:00",COLISIÓN CON PEATÓN,CONCRETO,Bueno,Bueno,2,MAZDA,NEGRO,2,,0,FEMENINO,ALIENTO ETÍLICO,0,0,Morelia,Centro,marzo,domingo,2,-101.190742114922,19.6975139276466
21465,21467,2019,MOR190186747,2019/03/10,"01:40:00",COLISIÓN POR ALCANCE,ASFALTO,Bueno,Bueno,2,VOLKSWAGEN,SIN DATOS,2,,33,MASCULINO,ALIENTO ETÍLICO,0,0,Morelia,Los Manantiales de Morelia,marzo,domingo,2,-101.240923404694,19.6941829256262
21466,21468,2019,MOR190186839,2019/03/10,"02:15:00",COLISIÓN CONTRA OBJETO FIJO,ASFALTO,Bueno,Bueno,1,CHRYSLER,MORADO,1,,32,MASCULINO,SIN DATOS,0,0,Morelia,Francisco J Mujica,marzo,domingo,2,-101.185573339462,19.7241101308451
21467,21469,2019,,2019/03/10,"04:15:00",COLISIÓN CONTRA OBJETO FIJO,ASFALTO,Bueno,Bueno,1,ITALIKA,GUINDA,1,,,,,1,0,Tarímbaro,Metropolis,marzo,domingo,4,-101.204606294632,19.7568388041055
21468,21470,2019,,2019/03/10,10:50:00,SALIDA DE SUPERFICIE DE RODAMIENTO,ASFALTO,Bueno,Bueno,2,ITALIKA,BLANCOY NEGRO,1,MINISTERIO PÚBLICO,17,FEMENINO,SIN DATOS,0,0,Uruapan,Toreo El Bajo,marzo,domingo,11,-102.017111778259,19.4372140652266
21469,21471,2019,,2019/03/10,11:30:00,SALIDA DE SUPERFICIE DE RODAMIENTO,TERRACERIA,Bueno,Bueno,1,VW,GUINDA,0,,,,,0,0,Tocumbo,Sin Nombre,marzo,domingo,12,-102.51175403595,19.7026778516498
21470,21472,2019,MOR190187673,2019/03/10,12:25:00,CAIDA DE MOTOCICLETA,ASFALTO,Bueno,Bueno,1,HONDA,BLANCO-AZUL,1,,29,MASCULINO,SIN DATOS,0,0,Morelia,Alberto Oviedo Mota,marzo,domingo,12,-101.202245950699,19.6772624374475
21471,21473,2019,,2019/03/10,12:40:00,COLISIÓN POR ALCANCE,ASFALTO,Bueno,Bueno,2,HONDA,NEGRO,2,,26,MASCULINO,SIN DATOS,0,0,Morelia,Lomas de Las Americas Norte,marzo,domingo,13,-101.149234771729,19.6947384934266
21472,21474,2019,MOR190188386,2019/03/10,15:45:00,COLISIÓN POR ALCANCE,ASFALTO,Bueno,Bueno,3,NISSAN,BLANCO,3,,27,FEMENINO,SIN DATOS,0,0,Morelia,Felix Ireta,marzo,domingo,16,-101.195658445358,19.6816366812437
21473,21475,2019,,2019/03/10,18:02:00,COLISIÓN POR CORTE DE CIRCULACIÓN,ASFALTO,Bueno,Bueno,2,GENERAL MOTOR,"BLANCO, ROJO",3,MINISTERIO PÚBLICO,62,MASCULINO,SIN DATOS,1,0,Zacapu,Centro,marzo,domingo,18,-101.790467,19.816037
21474,21476,2019,MOR190188915,2019/03/10,19:05:00,COLISIÓN POR CAMBIO DE CARRIL,ASFALTO,Bueno,Bueno,2,PLYMOUTH,ARENA,2,,59,MASCULINO,CON CERTIFICADO,0,0,Morelia,Felix Ireta,marzo,domingo,19,-101.18155002594,19.6816467832851
21475,21477,2019,MOR190189065,2019/03/10,20:25:00,COLISIÓN POR CAMBIO DE CARRIL,ASFALTO,Bueno,Bueno,2,NISSAN,NEGRO,2,,59,MASCULINO,SIN DATOS,0,0,Tarímbaro,Sin datos,marzo,domingo,20,-101.136016845703,19.7754268322909
21476,21478,2019,,2019/03/10,20:30:00,COLISIÓN POR CORTE DE CIRCULACIÓN,ASFALTO,Bueno,Bueno,2,DODGE,BLANCO,2,,60,MASCULINO,SIN DATOS,0,0,Lázaro Cárdenas,Centro,marzo,domingo,21,-102.191852,17.955388
21477,21479,2019,MOR190192463,2019/03/11,"00:00:00",CAIDA DE MOTOCICLETA,CONCRETO,Bueno,Bueno,1,ITALIKA,VERDE,1,,,,,1,0,Morelia,Lomas de Morelia (Dr Ignacio Chavez),marzo,lunes,0,-101.173567771912,19.7161213371626
21478,21480,2019,,2019/03/11,"00:40:00",COLISIÓN CONTRA OBJETO FIJO,ASFALTO,Bueno,Bueno,1,FORD,NEGRO,1,,45,MASCULINO,SIN DATOS,0,0,Tarímbaro,Sin datos,marzo,lunes,1,-101.160478591919,19.7675920558322
21479,21481,2019,,2019/03/11,"02:05:00",CAIDA ACUATICA DE VEHÍCULO,ASFALTO,Bueno,Bueno,1,CHRYSLER,GRIS,0,,,,,0,0,Morelia,3 de Agosto,marzo,lunes,2,-101.171057224274,19.7307149760076
21480,21482,2019,LEG22337,2019/03/11,"07:40:00",VOLCADURA,ASFALTO,Bueno,Regular,1,DODGE,BLANCO,1,,38,,SIN DATOS,0,0,Arteaga,Centro,marzo,lunes,8,-102.292006015778,18.3485378096967
21481,21483,2019,LEG22285,2019/03/11,"07:45:00",COLISIÓN CONTRA OBJETO FIJO,CONCRETO,Bueno,Bueno,1,HONDA,ROJO,1,,,,SIN DATOS,0,0,Morelia,Felicitas del Rio,marzo,lunes,8,-101.201965659857,19.692244736498
21482,21484,2019,,2019/03/11,"08:20:00",CAIDA DE MOTOCICLETA,CONCRETO,Bueno,Bueno,1,ITALIKA,NEGRO CON NARANJA,2,,27,MASCULINO,SIN DATOS,1,0,Morelia,Josefa Ortiz de Dominguez,marzo,lunes,8,-101.209943890572,19.6721253266114
21483,21485,2019,MOR190190099,2019/03/11,"08:24:00",COLISIÓN POR CAMBIO DE CARRIL,ASFALTO,Bueno,Bueno,2,FORD,GRIS,2,,47,MASCULINO,SIN DATOS,0,0,Morelia,Alberto Oviedo Mota,marzo,lunes,8,-101.195894479752,19.6825256584505
21484,21486,2019,,2019/03/11,"08:25:00",COLISIÓN CONTRA OBJETO FIJO,ASFALTO,Bueno,Bueno,1,FORD,BLANCO,0,,,,,0,0,Morelia,Sin datos,marzo,lunes,8,-101.127326488495,19.7138488513621
21485,21487,2019,,2019/03/11,"08:30:00",COLISIÓN POR CORTE DE CIRCULACIÓN,CONCRETO,Bueno,Bueno,2,CHEVROLET,PLATA,2,,44,MASCULINO,SIN DATOS,0,0,Morelia,Santa Maria,marzo,lunes,9,-101.200513243675,19.6778736264954
21486,21488,2019,"190190324",2019/03/11,"09:50:00",COLISIÓN POR CORTE DE CIRCULACIÓN,CONCRETO,Bueno,Bueno,2,VOLKSWAGEN,GRIS,2,,71,MASCULINO,SIN DATOS,0,0,Morelia,Indeco Expropiacion Petrolera,marzo,lunes,10,-101.226514577866,19.6827782078934
21487,21489,2019,,2019/03/11,10:00:00,COLISIÓN CON PEATÓN,ASFALTO,Bueno,Bueno,1,FORD,AZUL,1,,0,,SIN DATOS,0,0,Morelia,Ciudad Industrial,marzo,lunes,10,-101.14160656929,19.7260592955053
21488,21490,2019,MOR 190190401,2019/03/11,10:35:00,COLISIÓN CONTRA OBJETO FIJO,ASFALTO,Bueno,Bueno,1,FORD,ROJO,1,,34,MASCULINO,SIN DATOS,0,0,Morelia,Granjas Unidas de Morelia,marzo,lunes,11,-101.275687515736,19.6925894454657
21489,21491,2019,,2019/03/11,11:20:00,COLISIÓN POR CORTE DE CIRCULACIÓN,ASFALTO,Bueno,Bueno,2,BAJAJ,NEGRO,2,,0,,SIN DATOS,0,0,Morelia,Felix Ireta,marzo,lunes,11,-101.188974380493,19.6820155073612
21490,21492,2019,,2019/03/11,12:00:00,COLISIÓN POR CORTE DE CIRCULACIÓN,ASFALTO,Bueno,Bueno,2,CHEVROLET,BLANCO,3,,70,MASCULINO,SIN DATOS,1,0,Apatzingán,Morelos,marzo,lunes,12,-102.36402198,19.0886334349991
21491,21493,2019,MOR190190540,2019/03/11,12:00:00,COLISIÓN POR CAMBIO DE CARRIL,ASFALTO,Bueno,Bueno,2,FORD,GRIS,2,,42,MASCULINO,SIN DATOS,0,0,Morelia,Alberto Oviedo Mota,marzo,lunes,12,-101.195883750916,19.6825155564645
21492,21494,2019,MOR190190657,2019/03/11,13:00:00,COLISIÓN POR CAMBIO DE CARRIL,ASFALTO,Bueno,Bueno,2,FORD,GINDA,2,,63,,SIN DATOS,0,0,Morelia,Ignacio Zaragoza,marzo,lunes,13,-101.205515563488,19.7255568576665
21493,21495,2019,,2019/03/11,13:20:00,COLISIÓN POR ALCANCE,ASFALTO,Bueno,Bueno,3,FORD,BLANCO,3,,43,FEMENINO,SIN DATOS,0,0,Morelia,Obrera,marzo,lunes,13,-101.185428500175,19.7083493020797
21494,21496,2019,,2019/03/11,13:25:00,COLISIÓN CON PEATÓN,ASFALTO,Bueno,Bueno,2,HONDA,GRIS,1,,,,,1,0,Morelia,El Lago 2,marzo,lunes,13,-101.214010119438,19.7255038364959
21495,21497,2019,MOR 190191414,2019/03/11,16:21:00,COLISIÓN CONTRA OBJETO FIJO,ASFALTO,Bueno,Bueno,1,ISUZU,ROJO,1,MINISTERIO PÚBLICO,21,MASCULINO,SIN DATOS,0,0,Morelia,Villas de La Esperanza,marzo,lunes,16,-101.275966465473,19.6954278998798
21496,21498,2019,MOR190096521,2019/03/11,17:20:00,COLISIÓN POR CORTE DE CIRCULACIÓN,CONCRETO,Bueno,Bueno,2,S/D,BLANCO,1,,32,,SIN DATOS,0,0,Morelia,Prados Verdes,marzo,lunes,17,-101.204528510571,19.7187296060517
21497,21499,2019,,2019/03/11,18:10:00,COLISIÓN POR ALCANCE,ASFALTO,Bueno,Bueno,2,PONTIAC,GRIS,2,,,,SIN DATOS,0,0,Angangueo,Carrillos,marzo,lunes,18,-100.280794501305,19.6095961045394
21498,21500,2019,,2019/03/11,19:00:00,COLISIÓN POR CORTE DE CIRCULACIÓN,ASFALTO,Bueno,Bueno,1,jeep,blanco,1,MINISTERIO PÚBLICO,38,MASCULINO,SIN DATOS,0,0,Villamar,Sin datos,marzo,lunes,19,-102.572736740112,20.0289193091191
21499,21501,2019,MOR-190192336,2019/03/11,20:30:00,COLISIÓN POR CAMBIO DE CARRIL,ASFALTO,Bueno,Bueno,3,SUZUKI,BLANCO,2,MINISTERIO PÚBLICO,,,,2,0,Morelia,Rinconada del Valle,marzo,lunes,21,-101.219154596329,19.6779999049337
21500,21502,2019,MOR190192513,2019/03/11,20:45:00,COLISIÓN POR ALCANCE,ASFALTO,Bueno,Bueno,2,DODGE,BLANCO,2,,35,MASCULINO,SIN DATOS,0,0,Morelia,Morelia 450,marzo,lunes,21,-101.216107606888,19.6751207318066
21501,21503,2019,,2019/03/11,21:15:00,COLISIÓN POR CORTE DE CIRCULACIÓN,ASFALTO,Bueno,Bueno,2,MANN,BLANCO FRANJAS VERDES,2,MINISTERIO PÚBLICO,44,MASCULINO,SIN DATOS,1,0,Zacapu,Centro,marzo,lunes,21,-101.790467,19.816037
21502,21504,2019,MOR190192413,2019/03/11,21:15:00,COLISIÓN POR ALCANCE,CONCRETO,Bueno,Bueno,2,CHRYSLER,GRIS,2,,39,MASCULINO,ALIENTO ETÍLICO,0,0,Morelia,Loma de Los Piñones,marzo,lunes,21,-101.20501935482,19.6741609959342
21503,21505,2019,MOR  190 192631,2019/03/11,22:29:00,VOLCADURA,ASFALTO,Bueno,Bueno,1,CHEVROLET,ROJO,1,MINISTERIO PÚBLICO,,,,1,0,Morelia,Sin datos,marzo,lunes,22,-101.313128471375,19.6873442331338
21504,21506,2019,LEG22334,2019/03/12,"01:40:00",SALIDA DE SUPERFICIE DE RODAMIENTO,ASFALTO,Bueno,Bueno,1,SEAT,NEGRO,1,,27,MASCULINO,SIN DATOS,0,0,Morelia,Ciudad Industrial,marzo,martes,2,-101.135244369507,19.730593788647
21505,21507,2019,,2019/03/12,"03:30:00",COLISIÓN CONTRA OBJETO FIJO,CONCRETO,Bueno,Bueno,1,CHEVROLET,VERDE,1,MINISTERIO PÚBLICO,,MASCULINO,ALIENTO ETÍLICO,0,0,Morelia,Villas del Pedregal,marzo,martes,4,-101.30432009697,19.6796213112375
21506,21508,2019,,2019/03/12,"06:30:00",COLISIÓN POR INVASIÓN DE CARRIL,ASFALTO,Bueno,Bueno,2,FORD,ROJO,2,,81,MASCULINO,SIN DATOS,0,0,Zitácuaro,Sin datos,marzo,martes,7,-100.241575241089,19.4435271779095
21507,21509,2019,MOR 190193010,2019/03/12,"07:17:00",COLISIÓN POR CORTE DE CIRCULACIÓN,ASFALTO,Bueno,Regular,2,S/D,S/D,1,,50,MASCULINO,SIN DATOS,0,0,Morelia,San Isidro Itzicuaro Norte,marzo,martes,7,-101.275384426117,19.6999809382602
21508,21510,2019,,2019/03/12,"07:20:00",COLISIÓN POR CORTE DE CIRCULACIÓN,ADOQUIN_EMPEDRADO,Bueno,Bueno,2,Chevrolet,Blanco,2,MINISTERIO PÚBLICO,63,MASCULINO,SIN DATOS,0,0,Cuitzeo,Centro,marzo,martes,7,-101.141177415848,19.9703539540532
21509,21511,2019,,2019/03/12,"08:52:00",COLISIÓN CON PEATÓN,ASFALTO,Bueno,Bueno,1,S/D,S/D,2,,,,,2,0,Morelia,Sin datos,marzo,martes,9,-101.354949474335,19.6785959378188
21510,21512,2019,,2019/03/12,"09:20:00",COLISIÓN POR CAMBIO DE CARRIL,ADOQUIN_EMPEDRADO,Bueno,Bueno,3,Internancional,Blanco y azul,3,,46,MASCULINO,SIN DATOS,0,0,Cuitzeo,Los Granados,marzo,martes,9,-101.139176487923,19.972295055392
21511,21513,2019,,2019/03/12,"09:59:00",COLISIÓN POR CORTE DE CIRCULACIÓN,CONCRETO,Bueno,Bueno,1,S/D,S/D,1,,,,,1,0,Morelia,Centro,marzo,martes,10,-101.194392442703,19.6998900302754
21512,21514,2019,MOR190193303,2019/03/12,10:00:00,COLISIÓN POR MANIOBRA DE REVERSA,ASFALTO,Bueno,Bueno,1,CHEVROLET,BLANCO,0,,,,,0,0,Morelia,San Jose Itzicuaro,marzo,martes,10,-101.304395198822,19.6879907394604
21513,21515,2019,,2019/03/12,11:00:00,COLISIÓN POR CAMBIO DE CARRIL,ASFALTO,Bueno,Bueno,2,DINA,BLANCO,2,,54,MASCULINO,SIN DATOS,0,0,Morelia,Las Americas,marzo,martes,11,-101.155200004578,19.6877078932637
21514,21516,2019,,2019/03/12,11:05:00,COLISIÓN POR CORTE DE CIRCULACIÓN,ASFALTO,Bueno,Bueno,2,TOYOTA,BLANCO Y AZUL,2,,57,MASCULINO,SIN DATOS,0,0,Morelia,Libertad,marzo,martes,11,-101.236975193024,19.6848996074924
21515,21517,2019,,2019/03/12,11:40:00,COLISIÓN CON PEATÓN,ASFALTO,Bueno,Bueno,1,FORD,PLATA,1,,,MASCULINO,SIN DATOS,0,0,Morelia,San Jose Itzicuaro,marzo,martes,12,-101.30802154541,19.6876876899448
21516,21518,2019,,2019/03/12,11:50:00,COLISIÓN POR ALCANCE,ASFALTO,Bueno,Bueno,2,RAM,GRIS,2,,26,MASCULINO,SIN DATOS,0,0,Los Reyes,Los Manantiales,marzo,martes,12,-102.452863454819,19.5790378623524
21517,21519,2019,MOR 190193615,2019/03/12,11:50:00,COLISIÓN POR CAMBIO DE CARRIL,CONCRETO,Bueno,Bueno,2,MITSUBISHI,PLATA,2,MINISTERIO PÚBLICO,23,FEMENINO,SIN DATOS,0,0,Morelia,Vasco de Quiroga,marzo,martes,12,-101.167752742767,19.6966274095244
21518,21520,2019,MOR 190193757,2019/03/12,12:04:00,CAIDA DE MOTOCICLETA,ASFALTO,Bueno,Bueno,1,ITALIKA,ROJO,1,,29,,SIN DATOS,0,0,Morelia,Gertrudis Sanchez,marzo,martes,12,-101.200341582298,19.7395412082163
21519,21521,2019,MOR190193885,2019/03/12,13:20:00,COLISIÓN CONTRA OBJETO FIJO,ASFALTO,Bueno,Bueno,3,NISSAN,BLANCO,0,,,,,0,0,Morelia,Prados Verdes,marzo,martes,13,-101.204348802567,19.7182927934154
21520,21522,2019,,2019/03/12,13:25:00,COLISIÓN POR CORTE DE CIRCULACIÓN,ASFALTO,Bueno,Bueno,2,CHEVROLET,BLANCO,2,MINISTERIO PÚBLICO,,MASCULINO,SIN DATOS,0,0,Morelia,Prados Verdes,marzo,martes,13,-101.197439432144,19.7138690513782
21521,21523,2019,LEG22360,2019/03/12,14:00:00,COLISIÓN POR ALCANCE,ASFALTO,Bueno,Bueno,2,KENWORTH,BLANCO,2,,52,MASCULINO,SIN DATOS,0,0,Morelia,Libertad,marzo,martes,14,-101.236943006516,19.6848794038192
21522,21524,2019,,2019/03/12,14:30:00,COLISIÓN POR INVASIÓN DE CARRIL,ASFALTO,Bueno,Bueno,2,VOLSWAGEN,BLANCO,3,,74,MASCULINO,SIN DATOS,1,0,Apatzingán,Atimapa,marzo,martes,15,-102.3675999,19.1063304899991
21523,21525,2019,MOR190194205,2019/03/12,14:30:00,COLISIÓN POR ALCANCE,ASFALTO,Bueno,Bueno,2,CHEVROLET,NEGRO,2,,30,MASCULINO,SIN DATOS,0,0,Morelia,Americas Britania,marzo,martes,15,-101.149658560753,19.6934909884875
21524,21526,2019,"190194164",2019/03/12,14:35:00,COLISIÓN POR ALCANCE,ASFALTO,Bueno,Bueno,3,FORD,BLANCO,3,,29,MASCULINO,SIN DATOS,0,0,Tarímbaro,Sin datos,marzo,martes,15,-101.144825220108,19.7723272953772
21525,21527,2019,,2019/03/12,15:50:00,COLISIÓN CON PEATÓN,ASFALTO,Bueno,Bueno,1,YAMAHA,BLANCO,2,,23,MASCULINO,SIN DATOS,1,0,Morelia,Lomas del Valle,marzo,martes,16,-101.230650544167,19.6878493164245
21526,21528,2019,MOR 190194486,2019/03/12,16:15:00,COLISIÓN POR ALCANCE,ASFALTO,Bueno,Bueno,2,FREIGHTLINER,AMARILLO,2,,24,MASCULINO,SIN DATOS,0,0,Morelia,Libertad,marzo,martes,16,-101.236921548843,19.6848592001435
21527,21529,2019,MOR 190194478,2019/03/12,16:16:00,COLISIÓN POR CORTE DE CIRCULACIÓN,ASFALTO,Bueno,Regular,2,NISSAN,BLANCO Y GRIS,2,,48,MASCULINO,SIN DATOS,0,0,Morelia,Quinceo,marzo,martes,16,-101.224186420441,19.7254432408508
21528,21530,2019,LEG22369,2019/03/12,16:16:00,COLISIÓN POR CORTE DE CIRCULACIÓN,ASFALTO,Bueno,Regular,2,NISSAN,BLANCO Y GRIS,2,,48,MASCULINO,SIN DATOS,0,0,Morelia,Quinceo,marzo,martes,16,-101.224229335785,19.7254432408508
21529,21531,2019,,2019/03/12,17:20:00,COLISIÓN POR ALCANCE,ASFALTO,Bueno,Bueno,2,NAVISTAR,VERDE,2,MINISTERIO PÚBLICO,,MASCULINO,SIN DATOS,0,0,Morelia,Los Girasoles,marzo,martes,17,-101.213006973267,19.6908292754096
21530,21532,2019,MOR 190194747,2019/03/12,17:48:00,COLISIÓN POR CORTE DE CIRCULACIÓN,ASFALTO,Bueno,Bueno,2,HONDA,BLANCO,1,MINISTERIO PÚBLICO,,,,1,0,Morelia,Granjas del Maestro,marzo,martes,18,-101.1951649189,19.7175504616888
21531,21533,2019,,2019/03/12,18:50:00,COLISIÓN POR ALCANCE,ASFALTO,Bueno,Bueno,2,MARCOPOLO,BLANCO,2,,22,MASCULINO,SIN DATOS,0,0,Morelia,Los Angeles,marzo,martes,19,-101.175402402878,19.7441258090894
21532,21534,2019,,2019/03/12,19:41:00,COLISIÓN POR ALCANCE,CONCRETO,Bueno,Regular,1,ITALIKA,VERDE/BLANCO,2,MINISTERIO PÚBLICO,16,FEMENINO,SIN DATOS,1,0,Purépero,Centro,marzo,martes,20,-102.004902362823,19.9142987665275
21533,21535,2019,MOR190195123,2019/03/12,19:50:00,COLISIÓN CONTRA OBJETO FIJO,ASFALTO,Bueno,Bueno,1,JEEP,GRIS,1,MINISTERIO PÚBLICO,34,FEMENINO,SIN DATOS,0,0,Morelia,Alberto Oviedo Mota,marzo,martes,20,-101.20216012001,19.6775250974893
21534,21536,2019,,2019/03/12,19:55:00,COLISIÓN POR CORTE DE CIRCULACIÓN,ASFALTO,Bueno,Bueno,2,NISSAN,BLANCO,1,MINISTERIO PÚBLICO,18,MASCULINO,SIN DATOS,0,0,Múgica,Lazaro Cardenas,marzo,martes,20,-102.10015296936,19.0085064329349
21535,21537,2019,,2019/03/12,20:25:00,COLISIÓN POR INVASIÓN DE CARRIL,ASFALTO,Bueno,Bueno,2,INTERNATIONAL,BLANCO,2,,52,MASCULINO,SIN DATOS,0,0,Morelia,Centro,marzo,martes,20,-101.189875602722,19.7016475754959
21536,21538,2019,,2019/03/12,20:30:00,COLISIÓN POR ALCANCE,ASFALTO,Bueno,Bueno,2,CHEVROLET,GRIS,2,,35,MASCULINO,SIN DATOS,0,0,Morelia,Las Americas,marzo,martes,21,-101.153515577316,19.6874351482437
21537,21539,2019,,2019/03/12,20:45:00,COLISIÓN POR ALCANCE,ASFALTO,Bueno,Bueno,3,MERCEDES BENZ,BLANCO,3,,38,MASCULINO,SIN DATOS,0,0,Morelia,Elias Perez Avalos,marzo,martes,21,-101.168675422668,19.7127681467831
21538,21540,2019,,2019/03/12,21:00:00,COLISIÓN POR INVASIÓN DE CARRIL,ASFALTO,Bueno,Regular,0,,,0,,,,,0,0,Venustiano Carranza,Sin datos,marzo,martes,21,-102.636594772339,20.119532093618
21539,21541,2019,,2019/03/12,23:41:00,COLISIÓN CON PEATÓN,SIN_DATOS,Bueno,Bueno,0,,,0,,,,,0,0,Morelia,Nicolaitas Ilustres,marzo,martes,0,-101.226675510406,19.7216862659804
21540,21542,2019,MOR190196047,2019/03/13,"00:00:00",COLISIÓN POR CAMBIO DE CARRIL,ASFALTO,Bueno,Bueno,2,CHEVROLET,BLANCO,2,,32,,SIN DATOS,0,0,Morelia,Barrio Alto,marzo,miércoles,0,-101.196956634521,19.7249988720846
21541,21543,2019,,2019/03/13,"00:30:00",COLISIÓN POR CORTE DE CIRCULACIÓN,TERRACERIA,Bueno,Bueno,1,NISSAN,GRIS,0,,,,,0,0,Morelia,Rinconada del Valle,marzo,miércoles,1,-101.222201261191,19.6773787628329
21542,21544,2019,,2019/03/13,"06:35:00",COLISIÓN CONTRA OBJETO FIJO,ASFALTO,Bueno,Bueno,1,Vmw,Gris,1,,25,,ALIENTO ETÍLICO,0,0,Morelia,Residencial Alborada,marzo,miércoles,7,-101.234657764435,19.7025566430349
21543,21545,2019,,2019/03/13,"07:50:00",COLISIÓN POR CAMBIO DE CARRIL,ASFALTO,Bueno,Bueno,2,HONDA,NEGRO,3,,19,MASCULINO,SIN DATOS,1,0,Morelia,Felix Ireta,marzo,miércoles,8,-101.19274020195,19.6822529046049
21544,21546,2019,,2019/03/13,"08:20:00",COLISIÓN POR CORTE DE CIRCULACIÓN,ASFALTO,Bueno,Bueno,2,CHEVROLET,BLANCO,2,,38,MASCULINO,SIN DATOS,0,0,Morelia,Francisco J Mujica,marzo,miércoles,8,-101.193029880524,19.723584963244
21545,21547,2019,MOR190196074,2019/03/13,"08:45:00",COLISIÓN POR CORTE DE CIRCULACIÓN,CONCRETO,Bueno,Bueno,2,VOLKSWAGEN,PLATA,2,MINISTERIO PÚBLICO,30,FEMENINO,SIN DATOS,0,0,Morelia,Villa Universidad,marzo,miércoles,9,-101.200985312462,19.6856976505442
21546,21548,2019,,2019/03/13,10:40:00,CAIDA DE MOTOCICLETA,ASFALTO,Bueno,Bueno,1,ITALIKA,AZUL,0,MINISTERIO PÚBLICO,,,,0,0,Múgica,Juan Vargas (Loma de Vargas),marzo,miércoles,11,-102.103500366211,18.9975304845574
21547,21549,2019,,2019/03/13,10:40:00,COLISIÓN POR CORTE DE CIRCULACIÓN,ASFALTO,Bueno,Bueno,2,NISSAN,ROSA CON BLANCO,2,,,,SIN DATOS,0,0,Morelia,Centro,marzo,miércoles,11,-101.195860952139,19.7019758504807
21548,21550,2019,MOR190234615,2019/03/13,11:00:00,COLISIÓN POR INVASIÓN DE CARRIL,ASFALTO,Bueno,Bueno,2,STERLING,BLANCO,2,,43,MASCULINO,SIN DATOS,0,0,Morelia,Nueva Chapultepec,marzo,miércoles,11,-101.173095703125,19.6863845704925
21549,21551,2019,MOR 190196473,2019/03/13,11:07:00,SALIDA DE SUPERFICIE DE RODAMIENTO,TERRACERIA,Bueno,Malo,1,SEAT,BLANCO,1,,24,MASCULINO,SIN DATOS,0,0,Morelia,Sin datos,marzo,miércoles,11,-101.2766289711,19.5952510737997
21550,21552,2019,,2019/03/13,12:40:00,COLISIÓN CON PEATÓN,SIN_DATOS,Bueno,Bueno,2,Kenworth,blanco,2,,23,MASCULINO,SIN DATOS,0,0,Morelia,Francisco J Mujica,marzo,miércoles,13,-101.188373565674,19.7215852708133