fid,id_accidente,anio_origen,folio_c5i,dia_incidente,hora_ocurrencia,tipo_incidente_vial,superficie_ocurrencia,condiciones_climaticas,condiciones_via,numero_vehiculos_involucrados,marca_vehiculo_ocasiona_siniestro,color_vehiculo_ocasiona_siniestro,numero_personas_involucradas,lugar_remite_presunto_responsable,edad_presunto_responsable,sexo_presunto_responsable,resultados_toxicologia,numero_personas_lesionadas,numero_personas_fallecidas,municipio,colonia,mes,dia_semana,hora_redondeada,lon,lat
21551,21553,2019,MOR190658294,2019/03/13,13:00:00,COLISIÓN POR CORTE DE CIRCULACIÓN,TERRACERIA,Bueno,Bueno,1,DODGE,BLANCO,1,,52,MASCULINO,SIN DATOS,0,0,Tarímbaro,Sin datos,marzo,miércoles,13,-101.157560348511,19.779263309148
21552,21554,2019,,2019/03/13,13:00:00,COLISIÓN POR CORTE DE CIRCULACIÓN,ASFALTO,Bueno,Bueno,2,NISSAN,BLANCO CON ROJO,2,,24,MASCULINO,SIN DATOS,0,0,Morelia,Ventura Puente,marzo,miércoles,13,-101.180375218391,19.6883139916448
21553,21555,2019,MOR 190196707,2019/03/13,13:05:00,COLISIÓN POR CORTE DE CIRCULACIÓN,ASFALTO,Bueno,Bueno,2,SUSUKI,AZUL/NEGRO,2,,21,MASCULINO,SIN DATOS,0,0,Morelia,Cuauhtemoc,marzo,miércoles,13,-101.179109215736,19.6948092019174
21554,21556,2019,,2019/03/13,15:00:00,COLISIÓN POR CORTE DE CIRCULACIÓN,ASFALTO,Bueno,Bueno,2,FIAT,BLANCO,2,,33,,SIN DATOS,0,0,Morelia,Jardines de La Loma,marzo,miércoles,15,-101.224400997162,19.6769189582816
21555,21557,2019,MOR 190197773,2019/03/13,15:00:00,COLISIÓN POR CORTE DE CIRCULACIÓN,ASFALTO,Bueno,Bueno,2,FORD,NEGRO,1,MINISTERIO PÚBLICO,,MASCULINO,SIN DATOS,0,0,Morelia,Victor Manuel Tinoco Rubi,marzo,miércoles,15,-101.243498325348,19.7004556791197
21556,21558,2019,,2019/03/13,15:25:00,COLISIÓN POR MANIOBRA DE REVERSA,CONCRETO,Bueno,Bueno,2,STERLING,AZUL,2,,60,MASCULINO,SIN DATOS,0,0,Zitácuaro,Sin datos,marzo,miércoles,15,-100.321741104126,19.4372140652266
21557,21559,2019,MOR190197146,2019/03/13,15:40:00,COLISIÓN POR ALCANCE,ASFALTO,Bueno,Bueno,3,NISSAN,BLANCO,3,,40,FEMENINO,SIN DATOS,0,0,Tarímbaro,Sin datos,marzo,miércoles,16,-101.167774200439,19.7587067918858
21558,21560,2019,MOR190197559,2019/03/13,16:20:00,COLISIÓN POR ALCANCE,ASFALTO,Bueno,Bueno,2,NISSAN,BLANCO,2,,28,MASCULINO,SIN DATOS,0,0,Morelia,Asociacion Zirahuen,marzo,miércoles,16,-101.24607861042,19.6996173060111
21559,21561,2019,"190197541",2019/03/13,16:40:00,COLISIÓN POR INVASIÓN DE CARRIL,CONCRETO,Bueno,Bueno,2,NISSAN,BLANCO,2,,50,FEMENINO,SIN DATOS,0,0,Morelia,Los Manantiales de Morelia,marzo,miércoles,17,-101.237744987011,19.7007208263271
21560,21562,2019,MOR190197882,2019/03/13,18:30:00,COLISIÓN POR CORTE DE CIRCULACIÓN,ASFALTO,Bueno,Bueno,2,INTERNATIONAL,BLANCO,2,,34,MASCULINO,SIN DATOS,0,0,Morelia,Jose Ma Pino Suarez,marzo,miércoles,19,-101.164855957031,19.7270591168565
21561,21563,2019,,2019/03/13,18:40:00,COLISIÓN POR CAMBIO DE CARRIL,ASFALTO,Bueno,Bueno,2,JEEP,BLANCO,2,,31,MASCULINO,SIN DATOS,0,0,Morelia,Pascual Ortiz de Ayala,marzo,miércoles,19,-101.152984499931,19.695015013954
21562,21564,2019,,2019/03/13,18:50:00,COLISIÓN POR CAMBIO DE CARRIL,ASFALTO,Bueno,Bueno,2,FREIGTHLINER,BLANCO,2,,30,MASCULINO,SIN DATOS,0,0,Morelia,Morelia 450,marzo,miércoles,19,-101.217121481895,19.6755904951645
21563,21565,2019,,2019/03/13,19:45:00,COLISIÓN POR CORTE DE CIRCULACIÓN,CONCRETO,Bueno,Bueno,2,DODGE,AZUL,2,,,MASCULINO,SIN DATOS,0,0,Morelia,Ferrocarrilero,marzo,miércoles,20,-101.22180595994,19.6933647222636
21564,21566,2019,,2019/03/13,20:00:00,COLISIÓN POR CORTE DE CIRCULACIÓN,CONCRETO,Bueno,Bueno,1,MERCEDEZ BENZ,BLANCO,1,,43,MASCULINO,SIN DATOS,0,0,Morelia,Hospitales de Don Vasco,marzo,miércoles,20,-101.155157089233,19.7022940240541
21565,21567,2019,MOR190198108,2019/03/13,20:15:00,COLISIÓN POR NO RESPETAR SEMÁFORO,ASFALTO,Bueno,Bueno,2,MERCEDES BENZ,NEGRO,2,,34,MASCULINO,SIN DATOS,0,0,Morelia,Comision Federal de Electricidad,marzo,miércoles,20,-101.181432008743,19.6814245382266
21566,21568,2019,MOR190195706,2019/03/13,23:40:00,COLISIÓN POR CORTE DE CIRCULACIÓN,ASFALTO,Bueno,Bueno,2,NISSAN,ROJO,2,,43,MASCULINO,ALIENTO ETÍLICO,0,0,Morelia,Leandro Valle,marzo,miércoles,0,-101.230731010437,19.7158688403353
21567,21569,2019,,2019/03/14,"02:35:00",COLISIÓN POR CAMBIO DE CARRIL,ASFALTO,Bueno,Regular,2,CHEVROLET,GUINDA,2,,0,,SIN DATOS,0,0,Morelia,Sin datos,marzo,jueves,3,-101.242090165615,19.6839828632562
21568,21570,2019,MOR 190198913,2019/03/14,"07:51:00",COLISIÓN POR CAMBIO DE CARRIL,ASFALTO,Bueno,Bueno,2,FAMSA,BLANCO,2,,32,MASCULINO,SIN DATOS,0,0,Morelia,Popular Pogreso,marzo,jueves,8,-101.199488639832,19.72484738245
21569,21571,2019,MOR190198911,2019/03/14,"07:55:00",COLISIÓN POR ALCANCE,ASFALTO,Bueno,Bueno,2,RENAULT,ROJO,2,,40,MASCULINO,SIN DATOS,0,0,Morelia,Justo Mendoza,marzo,jueves,8,-101.230924129486,19.7151416472448
21570,21572,2019,,2019/03/14,"08:25:00",COLISIÓN CON PEATÓN,SIN_DATOS,Bueno,Bueno,2,CHEVROLET,GRIS,2,,43,MASCULINO,SIN DATOS,0,0,Morelia,Las Americas,marzo,jueves,8,-101.152131557465,19.6884857191024
21571,21573,2019,MOR190198958,2019/03/14,"08:35:00",COLISIÓN POR CAMBIO DE CARRIL,ASFALTO,Bueno,Bueno,3,HYUNDAY,ROJO,3,,49,MASCULINO,SIN DATOS,0,0,Morelia,Francisco J Mujica,marzo,jueves,9,-101.188352108002,19.7216458679212
21573,21575,2019,,2019/03/14,10:00:00,SUBIDA AL CAMELLÓN,ASFALTO,Bueno,Bueno,1,DODGE,ROJO,0,,,,,0,0,Morelia,Diego Rivera,marzo,jueves,10,-101.175220012665,19.7174444140179
21575,21577,2019,MOR190199218,2019/03/14,11:00:00,COLISIÓN POR ALCANCE,ASFALTO,Bueno,Bueno,2,AUDI,BLANCO,2,,17,MASCULINO,SIN DATOS,0,0,Morelia,Granjas del Maestro,marzo,jueves,11,-101.188910007477,19.7143740509501
21576,21578,2019,MOR 190199336,2019/03/14,11:40:00,COLISIÓN POR ALCANCE,CONCRETO,Bueno,Bueno,3,YAMAHA,BLANCO,4,,37,MASCULINO,SIN DATOS,1,0,Morelia,Campamento Ferrocarrilero,marzo,jueves,12,-101.203038605,19.7048187049992
21578,21580,2019,,2019/03/14,12:50:00,COLISIÓN POR INVASIÓN DE CARRIL,ASFALTO,Bueno,Bueno,2,NISSAN,BLANCO,1,MINISTERIO PÚBLICO,,,,1,0,Morelia,Tinijaro,marzo,jueves,13,-101.264473199844,19.6962435674162
21579,21581,2019,,2019/03/14,13:20:00,COLISIÓN POR ALCANCE,ASFALTO,Bueno,Bueno,2,KENWORTH,ROJO,2,,21,MASCULINO,SIN DATOS,0,0,Morelia,Isaac Arriaga,marzo,jueves,13,-101.174084097147,19.7065514286084
21580,21582,2019,MOR190199672,2019/03/14,14:00:00,COLISIÓN CON PEATÓN,ASFALTO,Bueno,Bueno,1,VOLKSWAGEN,PLATA,1,MINISTERIO PÚBLICO,28,MASCULINO,SIN DATOS,0,0,Morelia,Praderas del Indio,marzo,jueves,14,-101.223494028547,19.6450845894654
21581,21583,2019,MOR 190199703,2019/03/14,14:08:00,COLISIÓN POR ALCANCE,ASFALTO,Bueno,Bueno,2,CHEVROLET,BLANCO,2,,36,MASCULINO,SIN DATOS,0,0,Morelia,Torreon Nuevo,marzo,jueves,14,-101.198956221342,19.735764367639
21582,21584,2019,MOR 190199900,2019/03/14,15:40:00,COLISIÓN POR CORTE DE CIRCULACIÓN,CONCRETO,Bueno,Bueno,2,VOLKSWAGEN,NEGRO,1,,56,MASCULINO,SIN DATOS,0,0,Morelia,Ventura Puente,marzo,jueves,16,-101.184339523315,19.6932132026635
21583,21585,2019,MOR190199936,2019/03/14,15:40:00,COLISIÓN POR CORTE DE CIRCULACIÓN,ASFALTO,Bueno,Bueno,2,S/D,S/D,1,MINISTERIO PÚBLICO,,,,1,0,Morelia,El Lago 1,marzo,jueves,16,-101.209874153137,19.7264733636925
21584,21586,2019,,2019/03/14,16:50:00,COLISIÓN POR ALCANCE,ASFALTO,Bueno,Bueno,2,ISUZU,BLANCO,1,,37,MASCULINO,SIN DATOS,0,0,Morelia,Real Santa Rita,marzo,jueves,17,-101.220954029575,19.6740541809002
21585,21587,2019,MOR 190199737,2019/03/14,17:25:00,COLISIÓN POR NO RESPETAR SEMÁFORO,ASFALTO,Bueno,Bueno,2,VOLKSWAGEN,BLANCO,2,MINISTERIO PÚBLICO,31,MASCULINO,SIN DATOS,0,0,Morelia,Cosmos,marzo,jueves,17,-101.216418743134,19.6835661595959
21586,21588,2019,MOR 190200550,2019/03/14,18:50:00,COLISIÓN POR NO RESPETAR SEMÁFORO,ASFALTO,Bueno,Bueno,2,KAWASAKI,AZUL,1,,,,,1,0,Morelia,Avicola Benito Juarez,marzo,jueves,19,-101.27956867218,19.6916070860848
21587,21589,2019,,2019/03/14,21:00:00,COLISIÓN POR INVASIÓN DE CARRIL,ASFALTO,Bueno,Regular,1,PELIGEOT,GRIS ALUMINIO,2,,60,MASCULINO,SIN DATOS,1,0,Venustiano Carranza,Primavera,marzo,jueves,21,-102.66496181488,20.1091755443669
21588,21590,2019,MOR190201038,2019/03/14,21:00:00,COLISIÓN POR CAMBIO DE CARRIL,ASFALTO,Bueno,Bueno,2,SEAT,ROJO,2,,20,MASCULINO,SIN DATOS,0,0,Morelia,Lomas del Tecnologico,marzo,jueves,21,-101.188362836838,19.721363081221
21589,21591,2019,,2019/03/14,21:49:00,COLISIÓN POR CORTE DE CIRCULACIÓN,ASFALTO,Bueno,Regular,2,JEEP,GRIS,1,,25,MASCULINO,SIN DATOS,0,0,Madero,Sin Nombre,marzo,jueves,22,-101.281456947327,19.3973062792336
21590,21592,2019,MOR190201400,2019/03/15,"05:30:00",COLISIÓN POR NO RESPETAR SEMÁFORO,ASFALTO,Bueno,Bueno,2,CHEVROLET,VERDE,0,MINISTERIO PÚBLICO,,,,0,0,Morelia,Las Americas,marzo,viernes,6,-101.152142286301,19.6885160239287
21591,21593,2019,,2019/03/15,"07:40:00",COLISIÓN CON PEATÓN,ASFALTO,Bueno,Bueno,2,Nissan,blanco y Verde,2,,29,MASCULINO,SIN DATOS,0,0,Tarímbaro,Centro,marzo,viernes,8,-101.176869,19.792979
21592,21594,2019,,2019/03/15,"08:00:00",COLISIÓN POR CAMBIO DE CARRIL,CONCRETO,Bueno,Bueno,2,MAZDA,BLANCO,2,,0,MASCULINO,SIN DATOS,0,0,Morelia,Del Empleado,marzo,viernes,8,-101.176448464394,19.6895211307523
21593,21595,2019,MOR190903846,2019/03/15,"08:20:00",COLISIÓN POR ALCANCE,ASFALTO,Bueno,Bueno,2,CHRYSLER,BLANCO,2,,23,MASCULINO,SIN DATOS,0,0,Morelia,Ciudad Industrial,marzo,viernes,8,-101.143097877502,19.7253826451827
21594,21596,2019,MOR190201654,2019/03/15,"08:49:00",COLISIÓN POR ALCANCE,ASFALTO,Bueno,Bueno,2,NISSAN,PLATA,2,,25,MASCULINO,SIN DATOS,0,0,Morelia,Ejidal Ocolusen,marzo,viernes,9,-101.157774925232,19.6852632731737
21595,21597,2019,MOR190289476,2019/03/15,"09:20:00",SALIDA DE SUPERFICIE DE RODAMIENTO,ASFALTO,Bueno,Bueno,1,INTERNATIONAL,ROJO,1,,45,MASCULINO,SIN DATOS,0,0,Charo,San Pedro Y San Pablo,marzo,viernes,9,-101.054402589798,19.7465745782988
21596,21598,2019,,2019/03/15,10:10:00,COLISIÓN POR ALCANCE,ASFALTO,Bueno,Bueno,2,HONDA,BLANCO,2,,20,MASCULINO,SIN DATOS,0,0,Morelia,Sin datos,marzo,viernes,10,-101.327848434448,19.6852430695464
21597,21599,2019,,2019/03/15,10:15:00,COLISIÓN POR ALCANCE,ASFALTO,Bueno,Bueno,2,HONDA,ROJO,2,,39,MASCULINO,SIN DATOS,0,0,Morelia,Chapultepec Sur,marzo,viernes,10,-101.174941062927,19.6909403914517
21598,21600,2019,,2019/03/15,11:20:00,CAIDA DE MOTOCICLETA,ASFALTO,Bueno,Bueno,1,ITALIKA,NEGRO CON VERDE,2,,18,MASCULINO,SIN DATOS,1,0,Jungapeo,Jungapeo de Juarez,marzo,viernes,11,-100.497339963913,19.4562234798389
21599,21601,2019,"190203634",2019/03/15,11:30:00,COLISIÓN POR CAMBIO DE CARRIL,ASFALTO,Bueno,Bueno,2,NISSAN,BLANCO/AZUL,2,,20,MASCULINO,SIN DATOS,0,0,Morelia,Cosmos,marzo,viernes,12,-101.216440200806,19.6835863634348
21600,21602,2019,,2019/03/15,12:05:00,COLISIÓN POR CORTE DE CIRCULACIÓN,ASFALTO,Bueno,Bueno,2,ITALIKA,ROJO,2,,28,MASCULINO,SIN DATOS,0,0,Morelia,Centro,marzo,viernes,12,-101.201876038673,19.6993524857635
21601,21603,2019,MOR190202614,2019/03/15,13:30:00,COLISIÓN POR CAMBIO DE CARRIL,CONCRETO,Bueno,Bueno,2,HYUNDAI,PLATA,2,,52,FEMENINO,SIN DATOS,0,0,Morelia,Las Americas,marzo,viernes,14,-101.156519651413,19.6877533507218
21602,21604,2019,,2019/03/15,15:00:00,COLISIÓN POR ALCANCE,ASFALTO,Bueno,Bueno,2,NISSAN,AZUL,2,,0,,SIN DATOS,0,0,Morelia,Felix Ireta,marzo,viernes,15,-101.188971698284,19.6819902523146
21603,21605,2019,"190203092",2019/03/15,15:25:00,COLISIÓN POR ALCANCE,ASFALTO,Bueno,Bueno,2,HONDA,AZUL PLATEADO,2,,42,MASCULINO,SIN DATOS,0,0,Morelia,Arboledas de La Huerta,marzo,viernes,15,-101.223585605621,19.6685944145327
21604,21606,2019,,2019/03/15,15:30:00,COLISIÓN POR CAMBIO DE CARRIL,ASFALTO,Bueno,Bueno,2,VOLKSWAGEN,ROJO,2,,36,,SIN DATOS,0,0,Morelia,Chapultepec Oriente,marzo,viernes,16,-101.159727573395,19.6927131869654
21605,21607,2019,,2019/03/15,15:50:00,COLISIÓN POR ALCANCE,ASFALTO,Bueno,Bueno,2,HONDA,NEGRO,2,,0,MASCULINO,SIN DATOS,0,0,Morelia,Felix Ireta,marzo,viernes,16,-101.192128658295,19.6824549445351
21606,21608,2019,LEG22559,2019/03/15,17:20:00,COLISIÓN CONTRA OBJETO FIJO,ASFALTO,Bueno,Regular,1,NISSAN,BLANCO,1,,33,MASCULINO,SIN DATOS,0,0,Arteaga,Centro,marzo,viernes,17,-102.288794,18.356798
21607,21609,2019,,2019/03/15,17:40:00,COLISIÓN CON PEATÓN,ASFALTO,Bueno,Bueno,2,Volkswagen,negro,2,MINISTERIO PÚBLICO,49,FEMENINO,SIN DATOS,0,0,Morelia,Bosques Tres Marias,marzo,viernes,18,-101.105310916901,19.7293718109581
21608,21610,2019,,2019/03/15,17:40:00,COLISIÓN CON PEATÓN,ASFALTO,Bueno,Bueno,2,Toyota,blanco y gris,2,,29,MASCULINO,SIN DATOS,0,0,Morelia,Jardines de La Loma,marzo,viernes,18,-101.22484087944,19.6767320648967
21609,21611,2019,LEG22469,2019/03/15,18:25:00,COLISIÓN POR CAMBIO DE CARRIL,ASFALTO,Bueno,Bueno,2,KENWORTH,ROJO/BLANCO,2,,34,MASCULINO,SIN DATOS,0,0,Morelia,Lazaro Cardenas,marzo,viernes,18,-101.163675785065,19.7078695344503
21610,21612,2019,MOR190203653,2019/03/15,19:30:00,COLISIÓN CONTRA OBJETO FIJO,ASFALTO,Bueno,Bueno,1,MAZDA,GRIS,1,,18,MASCULINO,SIN DATOS,0,0,Morelia,La Capilla,marzo,viernes,20,-101.158370332122,19.6617558622566
21611,21613,2019,,2019/03/15,20:00:00,COLISIÓN POR CORTE DE CIRCULACIÓN,ASFALTO,Bueno,Bueno,2,APRISSA,NEGRO Y BLANCO,3,,42,MASCULINO,SIN DATOS,1,0,Gabriel Zamora,Centro,marzo,viernes,20,-102.056239843369,19.162883978825
21612,21614,2019,,2019/03/15,20:35:00,COLISIÓN POR CORTE DE CIRCULACIÓN,ASFALTO,Bueno,Bueno,1,Chevrolet,VERDE,1,,58,MASCULINO,ALIENTO ETÍLICO,0,0,Morelia,Lindavista,marzo,viernes,21,-101.216332912445,19.7040717441219
21613,21615,2019,MOR 190204146,2019/03/15,21:06:00,COLISIÓN POR MANIOBRA DE REVERSA,ASFALTO,Bueno,Bueno,2,VOLKSWAGEN,BLANCO,2,,37,MASCULINO,SIN DATOS,0,0,Morelia,Dr Miguel Silva,marzo,viernes,21,-101.188373565674,19.7130004483836
21614,21616,2019,,2019/03/15,21:35:00,COLISIÓN CON PEATÓN,CONCRETO,Bueno,Bueno,1,SIN DATOS,SIN DATOS,1,,,,,1,0,Morelia,Melchor Ocampo,marzo,viernes,22,-101.203255802393,19.7073313723379
21615,21617,2019,,2019/03/15,21:50:00,COLISIÓN POR CORTE DE CIRCULACIÓN,ASFALTO,Bueno,Bueno,2,VW,GRIS,2,,19,MASCULINO,SIN DATOS,0,0,Morelia,Chapultepec Sur,marzo,viernes,22,-101.168653964996,19.6905615864461
21616,21618,2019,,2019/03/15,22:00:00,COLISIÓN POR CAMBIO DE CARRIL,ASFALTO,Bueno,Bueno,2,Freightliner,blanco,2,,49,MASCULINO,SIN DATOS,0,0,Morelia,Francisco J Mujica,marzo,viernes,22,-101.186356544495,19.7237061559205
21617,21619,2019,,2019/03/16,"00:15:00",COLISIÓN POR CORTE DE CIRCULACIÓN,SIN_DATOS,Bueno,Bueno,3,Nissan,Blanco,4,MINISTERIO PÚBLICO,41,MASCULINO,ALIENTO ETÍLICO,1,0,Morelia,Real Santa Rita,marzo,sábado,0,-101.220742464066,19.6742822260458
21618,21620,2019,,2019/03/16,"03:05:00",COLISIÓN POR CORTE DE CIRCULACIÓN,ASFALTO,Bueno,Bueno,1,CHEVROLET,NEGRO CON NARANJA,1,,0,,SIN DATOS,0,0,Morelia,Country Club  Las Huertas,marzo,sábado,3,-101.228338479996,19.6584710252016
21619,21621,2019,,2019/03/16,"03:42:00",COLISIÓN CONTRA OBJETO FIJO,ASFALTO,Bueno,Bueno,1,Ford,Negro,0,MINISTERIO PÚBLICO,,,,0,0,Morelia,Matamoros,marzo,sábado,4,-101.165234148502,19.6961034143117
21620,21622,2019,,2019/03/16,"03:43:00",COLISIÓN POR ALCANCE,CONCRETO,Bueno,Bueno,2,FORD,BLANCO,2,MINISTERIO PÚBLICO,46,MASCULINO,CON CERTIFICADO,0,0,Morelia,Justo Mendoza,marzo,sábado,4,-101.231232583523,19.7128236971965
21621,21623,2019,,2019/03/16,"04:20:00",COLISIÓN CONTRA OBJETO FIJO,ASFALTO,Bueno,Bueno,1,MAZDA,GUINDA,1,,26,MASCULINO,SIN DATOS,0,0,Morelia,La Quemada,marzo,sábado,4,-101.237790584564,19.7016324243265
21622,21624,2019,,2019/03/16,"04:25:00",COLISIÓN POR CORTE DE CIRCULACIÓN,ASFALTO,Bueno,Bueno,2,SEAT,VERDE,2,MINISTERIO PÚBLICO,40,MASCULINO,ALIENTO ETÍLICO,0,0,Morelia,Erendira,marzo,sábado,4,-101.163488030434,19.7017978245148
21623,21625,2019,,2019/03/16,"09:20:00",COLISIÓN POR ALCANCE,ASFALTO,Bueno,Bueno,2,TOYOTA,ROJO,2,MINISTERIO PÚBLICO,33,FEMENINO,SIN DATOS,1,0,Morelia,Centro,marzo,sábado,9,-101.19118388321,19.702768457823
21624,21626,2019,MOR190205245,2019/03/16,"09:45:00",COLISIÓN POR ALCANCE,CONCRETO,Bueno,Bueno,2,NISSAN,ROJO Y BLANCO,2,MINISTERIO PÚBLICO,29,MASCULINO,SIN DATOS,0,0,Morelia,Primaveras,marzo,sábado,10,-101.225758194923,19.681404334115
21625,21627,2019,MOR190205311,2019/03/16,11:50:00,COLISIÓN POR CAMBIO DE CARRIL,ASFALTO,Bueno,Bueno,2,WV,ROJO,2,MINISTERIO PÚBLICO,27,MASCULINO,SIN DATOS,0,0,Morelia,Lomas del Tecnologico,marzo,sábado,12,-101.188395023346,19.7213529816867
21626,21628,2019,,2019/03/16,12:20:00,COLISIÓN POR ALCANCE,ASFALTO,Bueno,Bueno,2,NISSAN,BLANCO,2,,50,FEMENINO,SIN DATOS,0,0,Morelia,Elias Perez Avalos,marzo,sábado,12,-101.165821552277,19.7146770499277
21627,21629,2019,,2019/03/16,14:20:00,COLISIÓN POR CAMBIO DE CARRIL,ASFALTO,Bueno,Bueno,2,MAZDA,GRIS,2,,27,FEMENINO,SIN DATOS,0,0,Morelia,Elias Perez Avalos,marzo,sábado,14,-101.165950298309,19.7105158137673
21628,21630,2019,MOR190205676,2019/03/16,16:00:00,COLISIÓN POR CAMBIO DE CARRIL,ASFALTO,Bueno,Bueno,2,FORD,GRIS,2,MINISTERIO PÚBLICO,39,MASCULINO,SIN DATOS,0,0,Morelia,Lomas del Tecnologico,marzo,sábado,16,-101.188625693321,19.720029937181
21629,21631,2019,LEG22480,2019/03/16,16:00:00,COLISIÓN CONTRA OBJETO FIJO,ASFALTO,Bueno,Bueno,2,MERCEDES BENZ,BLANCO,2,,23,MASCULINO,SIN DATOS,0,0,Morelia,Santiaguito,marzo,sábado,16,-101.192955664088,19.7175671129852
21630,21632,2019,,2019/03/16,18:00:00,COLISIÓN CONTRA OBJETO FIJO,ASFALTO,Bueno,Bueno,2,NISSAN,VERDE,2,,52,MASCULINO,SIN DATOS,0,0,Apatzingán,Babilonia,marzo,sábado,18,-102.356917105,19.0874052999991
21631,21633,2019,,2019/03/16,19:30:00,CAIDA DE MOTOCICLETA,ASFALTO,Bueno,Regular,1,ITALIKA,NEGRO,0,MINISTERIO PÚBLICO,,,,0,0,Acuitzio,Centro,marzo,sábado,20,-101.332145,19.492131
21632,21634,2019,,2019/03/16,19:40:00,SUBIDA AL CAMELLÓN,ASFALTO,Bueno,Bueno,1,Nissan,Rojo,1,,70,MASCULINO,SIN DATOS,0,0,Morelia,Jardines de Guadalupe,marzo,sábado,20,-101.227195858955,19.7127226964305
21633,21635,2019,MOR190206766,2019/03/16,19:40:00,VOLCADURA,ASFALTO,Bueno,Bueno,2,ISUZU,VERDE,1,MINISTERIO PÚBLICO,,,,0,1,Morelia,Sin datos,marzo,sábado,20,-101.417015790939,19.6328363934172
21634,21636,2019,,2019/03/16,20:00:00,CAIDA DE MOTOCICLETA,ASFALTO,Bueno,Bueno,1,ITALIKA,NEGRO Y AMARILLO,0,MINISTERIO PÚBLICO,,,,0,0,Tacámbaro,Sin Nombre,marzo,sábado,20,-101.457989215851,19.23022051769
21635,21637,2019,,2019/03/16,20:10:00,CAIDA ACUATICA DE VEHÍCULO,ASFALTO,Bueno,Bueno,1,CHEVROLET,AZUL,1,,18,MASCULINO,CON CERTIFICADO,0,0,Tocumbo,Sin Nombre,marzo,sábado,20,-102.511104941368,19.7022031173834
21636,21638,2019,,2019/03/16,21:50:00,COLISIÓN CONTRA OBJETO FIJO,TERRACERIA,Bueno,Malo,1,Toyota,Negro,0,,,,,0,0,Tarímbaro,Sin datos,marzo,sábado,22,-101.145484372973,19.789265793989
21637,21639,2019,,2019/03/16,21:50:00,COLISIÓN CONTRA OBJETO FIJO,ASFALTO,Bueno,Bueno,1,FORD,Negro Rojo,1,,24,MASCULINO,SIN DATOS,0,0,Morelia,Francisco Javier Clavijero,marzo,sábado,22,-101.143974289298,19.6995522814073
21638,21640,2019,,2019/03/16,23:30:00,VOLCADURA,ASFALTO,Bueno,Bueno,1,CHEVROLET,ROJO,3,MINISTERIO PÚBLICO,17,MASCULINO,SIN DATOS,2,0,Zacapu,Centro,marzo,sábado,0,-101.790467,19.816037
21639,21641,2019,,2019/03/17,"01:50:00",COLISIÓN POR CORTE DE CIRCULACIÓN,CONCRETO,Bueno,Bueno,2,VOLKSWAGEN,Gris,1,,,,,1,0,Morelia,Adolfo Lopez Mateos,marzo,domingo,2,-101.226873993874,19.6944657603837
21640,21642,2019,MOR190207738,2019/03/17,"03:30:00",COLISIÓN CONTRA OBJETO FIJO,ASFALTO,Bueno,Bueno,1,SEAT,BLANCO,1,MINISTERIO PÚBLICO,24,MASCULINO,ALIENTO ETÍLICO,0,0,Morelia,Montaña Monarca,marzo,domingo,4,-101.161422729492,19.6727971508595
21641,21643,2019,MOR190207781,2019/03/17,"03:45:00",COLISIÓN POR NO RESPETAR SEMÁFORO,ASFALTO,Bueno,Bueno,2,NISSAN,HIERRO,2,,32,FEMENINO,SIN DATOS,0,0,Morelia,Las Americas,marzo,domingo,4,-101.156884431839,19.6885968367709
21642,21644,2019,MOR190207793,2019/03/17,"03:55:00",SUBIDA AL CAMELLÓN,ASFALTO,Bueno,Bueno,1,VOLKSWAGEN,NEGRO/BLANCO,1,,35,MASCULINO,ALIENTO ETÍLICO,0,0,Morelia,Felix Ireta,marzo,domingo,4,-101.183609962463,19.6813639258843
21643,21645,2019,MOR190207918,2019/03/17,"06:30:00",COLISIÓN CONTRA OBJETO FIJO,ASFALTO,Bueno,Bueno,1,FORD,ROJO,1,,41,MASCULINO,CON CERTIFICADO,0,0,Morelia,Jardines del Toreo,marzo,domingo,7,-101.214154958725,19.6878796213713
21644,21646,2019,MOR190207892,2019/03/17,"06:30:00",COLISIÓN CONTRA OBJETO FIJO,ASFALTO,Bueno,Bueno,2,NISSAN,BLANCO,2,MINISTERIO PÚBLICO,69,MASCULINO,SIN DATOS,0,0,Morelia,Eduardo Ruiz,marzo,domingo,7,-101.221536397934,19.7173610907986
21645,21647,2019,,2019/03/17,10:00:00,SALIDA DE SUPERFICIE DE RODAMIENTO,ASFALTO,Bueno,Bueno,1,Chevrolet,Rojo/BLANCO,0,MINISTERIO PÚBLICO,,,,0,0,Morelia,Sin datos,marzo,domingo,10,-101.121898032725,19.6880702898632
21646,21648,2019,LEG22562,2019/03/17,10:20:00,SALIDA DE SUPERFICIE DE RODAMIENTO,ASFALTO,Bueno,Regular,1,VOLKSWAGEN,ROJO TORNADO,1,,26,MASCULINO,SIN DATOS,0,0,Arteaga,San Martin,marzo,domingo,10,-102.292464848267,18.3718590577399
21647,21649,2019,,2019/03/17,13:10:00,COLISIÓN POR CORTE DE CIRCULACIÓN,ASFALTO,Bueno,Bueno,1,FORD,BLANCO,0,MINISTERIO PÚBLICO,,,,0,0,Gabriel Zamora,Sin datos,marzo,domingo,13,-102.06015586853,19.1907903290135
21648,21650,2019,MOR190208702,2019/03/17,13:30:00,COLISIÓN POR ALCANCE,ASFALTO,Bueno,Regular,2,MERCEDES BENZ,BLANCO Y VERDE,2,,59,MASCULINO,SIN DATOS,0,0,Morelia,Nueva Valladolid,marzo,domingo,14,-101.20932161808,19.698215798988