fid,id_accidente,anio_origen,folio_c5i,dia_incidente,hora_ocurrencia,tipo_incidente_vial,superficie_ocurrencia,condiciones_climaticas,condiciones_via,numero_vehiculos_involucrados,marca_vehiculo_ocasiona_siniestro,color_vehiculo_ocasiona_siniestro,numero_personas_involucradas,lugar_remite_presunto_responsable,edad_presunto_responsable,sexo_presunto_responsable,resultados_toxicologia,numero_personas_lesionadas,numero_personas_fallecidas,municipio,colonia,mes,dia_semana,hora_redondeada,lon,lat
21649,21651,2019,,2019/03/17,14:00:00,SALIDA DE SUPERFICIE DE RODAMIENTO,CONCRETO,Bueno,Bueno,1,CHEVROLET,AZUL MARINO,2,MINISTERIO PÚBLICO,23,MASCULINO,SIN DATOS,1,0,Jungapeo,Jungapeo de Juarez,marzo,domingo,14,-100.497324876487,19.4540156086611
21650,21652,2019,,2019/03/17,14:35:00,COLISIÓN POR ALCANCE,ASFALTO,Bueno,Bueno,2,INTERNATIONAL,ROJO,1,,51,MASCULINO,SIN DATOS,0,0,Tocumbo,Sin Nombre,marzo,domingo,15,-102.511315494776,19.70219648877
21651,21653,2019,,2019/03/17,16:30:00,COLISIÓN CONTRA OBJETO FIJO,CONCRETO,Bueno,Bueno,2,MERCURIO,NEGRO,2,,25,FEMENINO,SIN DATOS,0,0,Morelia,Torremolinos,marzo,domingo,17,-101.224167644978,19.6814523188757
21652,21654,2019,,2019/03/17,16:30:00,COLISIÓN POR ALCANCE,ASFALTO,Bueno,Bueno,3,FORD,BLANCO,3,MINISTERIO PÚBLICO,36,MASCULINO,SIN DATOS,0,0,Morelia,Felix Ireta,marzo,domingo,17,-101.182352006435,19.6813601376122
21653,21655,2019,MOR190209587,2019/03/17,18:20:00,COLISIÓN POR CAMBIO DE CARRIL,ASFALTO,Nublado,Bueno,1,CHEVROLET,BLANCO,1,,25,MASCULINO,SIN DATOS,0,0,Morelia,Agustin Arriaga Rivera,marzo,domingo,18,-101.224525049329,19.6910524544274
21654,21656,2019,LEG22513,2019/03/17,18:20:00,COLISIÓN POR CORTE DE CIRCULACIÓN,ASFALTO,Bueno,Bueno,2,CHEVROLET,BLANCO,2,,25,MASCULINO,SIN DATOS,0,0,Morelia,Lomas del Valle,marzo,domingo,18,-101.225943267345,19.6913173015428
21655,21657,2019,,2019/03/17,18:30:00,COLISIÓN CONTRA OBJETO FIJO,CONCRETO,Bueno,Bueno,1,VOLKSWAGEN,ARENA,1,,17,MASCULINO,SIN DATOS,0,0,Morelia,Felix Ireta,marzo,domingo,19,-101.195685267448,19.6815495511099
21656,21658,2019,LEG22498,2019/03/17,20:50:00,COLISIÓN POR ALCANCE,ASFALTO,Bueno,Bueno,2,DODGE,GRIS,1,,48,MASCULINO,SIN DATOS,0,0,Morelia,Valle Quieto,marzo,domingo,21,-101.202524900436,19.6851370004613
21657,21659,2019,MOR190210073,2019/03/17,21:30:00,COLISIÓN CONTRA OBJETO FIJO,ASFALTO,Bueno,Bueno,1,KTM,BLANCO,2,MINISTERIO PÚBLICO,0,MASCULINO,SIN DATOS,1,0,Morelia,Montaña Monarca,marzo,domingo,22,-101.160833984613,19.6728464010226
21658,21660,2019,,2019/03/18,"00:10:00",COLISIÓN POR CORTE DE CIRCULACIÓN,TERRACERIA,Bueno,Bueno,2,CHEVROLET,SIN DATOS,0,,,,,0,0,Morelia,Bonanza,marzo,lunes,0,-101.202231198549,19.6571364101975
21659,21661,2019,,2019/03/18,"00:15:00",COLISIÓN CONTRA OBJETO FIJO,ASFALTO,Bueno,Bueno,1,SEAT,GRIS,1,,28,MASCULINO,SIN DATOS,0,0,Zacapu,Centro,marzo,lunes,0,-101.790467,19.816037
21660,21662,2019,MOR190210459,2019/03/18,"03:00:00",COLISIÓN CONTRA OBJETO FIJO,ASFALTO,Bueno,Bueno,1,DODGE,BLANCO,1,,23,MASCULINO,ALIENTO ETÍLICO,0,0,Morelia,Industrial,marzo,lunes,3,-101.188625022769,19.7108159793744
21661,21663,2019,,2019/03/18,"05:10:00",SALIDA DE SUPERFICIE DE RODAMIENTO,ASFALTO,Bueno,Bueno,1,NISSAN,ROJO,2,,23,MASCULINO,SIN DATOS,1,0,Morelia,El Realito,marzo,lunes,5,-101.203559227288,19.7255650633223
21662,21664,2019,,2019/03/18,10:20:00,COLISIÓN POR CORTE DE CIRCULACIÓN,ASFALTO,Bueno,Bueno,2,CHRYSLER,BLANCO,2,,,FEMENINO,SIN DATOS,0,0,Morelia,Los Manantiales de Morelia,marzo,lunes,10,-101.24213475734,19.7005970910184
21663,21665,2019,MOR190211439,2019/03/18,14:00:00,COLISIÓN POR CAMBIO DE CARRIL,ASFALTO,Bueno,Bueno,2,NISSAN,VERDE,2,,60,MASCULINO,SIN DATOS,0,0,Tarímbaro,Cuto del Porvenir,marzo,lunes,14,-101.148331699212,19.8655533283577
21664,21666,2019,,2019/03/18,14:20:00,COLISIÓN POR CAMBIO DE CARRIL,ASFALTO,Bueno,Bueno,2,FORD,PLATA,2,,69,MASCULINO,SIN DATOS,0,0,Morelia,Lazaro Cardenas,marzo,lunes,14,-101.161429435015,19.7097292572647
21665,21667,2019,,2019/03/18,14:53:00,COLISIÓN POR CAMBIO DE CARRIL,ASFALTO,Bueno,Bueno,2,TOYOTA,BLANCO Y GRIS,2,,39,MASCULINO,SIN DATOS,0,0,Morelia,Los Pinos de Michoacan,marzo,lunes,15,-101.214810088277,19.6864259244947
21666,21668,2019,MOR190211465,2019/03/18,14:55:00,COLISIÓN POR CORTE DE CIRCULACIÓN,ASFALTO,Bueno,Bueno,2,VOLKSWAGEN,ROJO,2,,26,MASCULINO,SIN DATOS,0,0,Morelia,Ignacio Zaragoza,marzo,lunes,15,-101.205579265952,19.7255464427951
21667,21669,2019,"190232036",2019/03/18,16:50:00,COLISIÓN POR CORTE DE CIRCULACIÓN,ASFALTO,Bueno,Bueno,2,KIA,BLANCO,2,,29,MASCULINO,SIN DATOS,0,0,Morelia,Cuauhtemoc,marzo,lunes,17,-101.18412231,19.6981354549992
21668,21670,2019,,2019/03/18,17:23:00,COLISIÓN POR ALCANCE,ASFALTO,Bueno,Bueno,2,VOLKSWAGEN,GRIS,2,,,MASCULINO,SIN DATOS,0,0,Morelia,Morelia 450,marzo,lunes,17,-101.217492632568,19.6757167754022
21669,21671,2019,MOR190212351,2019/03/18,18:26:00,COLISIÓN POR CORTE DE CIRCULACIÓN,ASFALTO,Bueno,Bueno,2,CHEVROLET,BLANCO,0,,,,,0,0,Morelia,Chapultepec Sur,marzo,lunes,18,-101.169845201075,19.6898983598571
21670,21672,2019,,2019/03/18,18:40:00,COLISIÓN POR ALCANCE,CONCRETO,Bueno,Bueno,3,CHEVROLET,PLATA,0,MINISTERIO PÚBLICO,,,,0,0,Morelia,Infonavit  Las  Camelinas,marzo,lunes,19,-101.174778789282,19.6864843251665
21671,21673,2019,MOR190212737,2019/03/18,21:00:00,COLISIÓN POR CORTE DE CIRCULACIÓN,ASFALTO,Bueno,Bueno,2,FORD,NEGRO,1,,69,MASCULINO,SIN DATOS,0,0,Morelia,Clara Cordova Moran,marzo,lunes,21,-101.180796995759,19.7374612429766
21672,21674,2019,,2019/03/18,21:30:00,COLISIÓN POR INVASIÓN DE CARRIL,ASFALTO,Bueno,Regular,2,CHEVROLET,BLANCO,2,,,MASCULINO,SIN DATOS,0,0,Zináparo,Los Aguacates,marzo,lunes,22,-101.989646628499,20.1693687409353
21673,21675,2019,,2019/03/18,22:05:00,COLISIÓN POR ALCANCE,ASFALTO,Bueno,Bueno,2,CHRYSLER,PLATA,2,,,MASCULINO,SIN DATOS,0,0,Morelia,Centro,marzo,lunes,22,-101.1943172,19.6964404699991
21674,21676,2019,,2019/03/19,"00:00:00",COLISIÓN POR CORTE DE CIRCULACIÓN,ASFALTO,Bueno,Bueno,2,GMC,GUINDA,0,,,,,0,0,Coeneo,Sin datos,marzo,martes,0,-101.58099565655,19.8330210487555
21675,21677,2019,MOR190215590,2019/03/19,"01:30:00",COLISIÓN POR ALCANCE,ASFALTO,Bueno,Bueno,2,MAN,GRIS,2,,43,MASCULINO,SIN DATOS,0,0,Morelia,Libertad,marzo,martes,2,-101.238112449646,19.6873783263061
21677,21679,2019,,2019/03/19,"06:45:00",CAIDA DE MOTOCICLETA,ASFALTO,Bueno,Bueno,1,KAWASAKI,AZUL,1,,,,,1,0,Morelia,Nueva Valladolid,marzo,martes,7,-101.210571527481,19.7009152673334
21678,21680,2019,,2019/03/19,"07:50:00",COLISIÓN POR CORTE DE CIRCULACIÓN,ASFALTO,Bueno,Bueno,1,CARABELA,AMARILLO,1,,,MASCULINO,SIN DATOS,0,0,Morelia,Las Americas,marzo,martes,8,-101.15901209414,19.6879705361772
21679,21681,2019,,2019/03/19,"08:04:00",COLISIÓN POR CORTE DE CIRCULACIÓN,ASFALTO,Bueno,Bueno,2,NISSAN,PLATA,3,,,MASCULINO,SIN DATOS,1,0,Morelia,Villas del Real,marzo,martes,8,-101.198732256889,19.7348138318607
21680,21682,2019,MOR 190213399,2019/03/19,"08:25:00",CAIDA DE MOTOCICLETA,CONCRETO,Bueno,Bueno,1,ITALIKA,GRIS,1,,17,MASCULINO,SIN DATOS,0,0,Morelia,Paseo de Los Canarios,marzo,martes,8,-101.160304248333,19.6508641708625
21681,21683,2019,MOR 190213425,2019/03/19,"08:30:00",COLISIÓN CON PEATÓN,ASFALTO,Bueno,Bueno,1,S/D,AZUL,1,,,,,1,0,Morelia,Ignaci0 Ramirez,marzo,martes,9,-101.221912577748,19.7272225971515
21682,21684,2019,MOR190213653,2019/03/19,10:30:00,COLISIÓN POR CORTE DE CIRCULACIÓN,ASFALTO,Bueno,Bueno,2,INTERNATIONAL,BLANCO Y VERDE,2,,19,MASCULINO,SIN DATOS,0,0,Morelia,Morelos,marzo,martes,11,-101.209227740765,19.6981495111897
21683,21685,2019,,2019/03/19,10:45:00,COLISIÓN POR CORTE DE CIRCULACIÓN,CONCRETO,Bueno,Bueno,2,VENTO,NEGRO,2,MINISTERIO PÚBLICO,40,MASCULINO,SIN DATOS,0,0,Morelia,12 de Diciembre,marzo,martes,11,-101.150913834572,19.7019758504807
21684,21686,2019,,2019/03/19,11:05:00,COLISIÓN POR CAMBIO DE CARRIL,ASFALTO,Bueno,Bueno,2,VOLKSWAGEN,NEGRO,2,,52,MASCULINO,SIN DATOS,0,0,Morelia,Nueva Valladolid,marzo,martes,11,-101.209697127342,19.7020124657258
21685,21687,2019,,2019/03/19,12:25:00,COLISIÓN POR MANIOBRA DE REVERSA,ASFALTO,Bueno,Bueno,2,FORD,VERDE,2,,63,MASCULINO,SIN DATOS,0,0,Morelia,Jacarandas,marzo,martes,12,-101.21141910553,19.7088985079941
21686,21688,2019,MOR 190214315,2019/03/19,13:45:00,COLISIÓN POR CAMBIO DE CARRIL,ASFALTO,Bueno,Bueno,2,DODGE,BLANCO,2,,43,MASCULINO,SIN DATOS,0,0,Morelia,Cinco de Diciembre,marzo,martes,14,-101.163175553083,19.6860663652945
21687,21689,2019,,2019/03/19,14:10:00,COLISIÓN POR CAMBIO DE CARRIL,ASFALTO,Bueno,Bueno,2,INTERNATIONAL,BLANCO,2,,20,MASCULINO,SIN DATOS,0,0,Morelia,Vista Bella,marzo,martes,14,-101.192056909204,19.6822462751653
21688,21690,2019,,2019/03/19,14:50:00,COLISIÓN POR ALCANCE,SIN_DATOS,Bueno,Bueno,3,HYUNDAI,Gris,3,,39,MASCULINO,SIN DATOS,0,0,Morelia,Francisco J Mujica,marzo,martes,15,-101.186608672142,19.7231860367014
21689,21691,2019,,2019/03/19,15:20:00,COLISIÓN POR CORTE DE CIRCULACIÓN,ASFALTO,Bueno,Bueno,2,NISSAN,ROJO,2,,53,FEMENINO,SIN DATOS,0,0,Morelia,Lomas del Valle,marzo,martes,15,-101.230650544167,19.687813960646
21690,21692,2019,,2019/03/19,15:54:00,COLISIÓN POR INVASIÓN DE CARRIL,ASFALTO,Bueno,Bueno,2,ITALIKA,NEGRO/VERDE,2,,19,MASCULINO,SIN DATOS,0,0,Tocumbo,Sin Nombre,marzo,martes,16,-102.513292618096,19.7046174926443
21691,21693,2019,,2019/03/19,16:05:00,COLISIÓN POR ALCANCE,ASFALTO,Bueno,Bueno,2,CHRYSLER ATOS,BLANCO,2,,47,MASCULINO,SIN DATOS,0,0,Morelia,Americas Britania,marzo,martes,16,-101.150052845478,19.6918267916625
21692,21694,2019,MOR190214867,2019/03/19,16:50:00,COLISIÓN POR ALCANCE,CONCRETO,Bueno,Bueno,3,FORD,BLANCO,3,,47,MASCULINO,SIN DATOS,0,0,Morelia,La Huerta,marzo,martes,17,-101.216434836388,19.6752268075239
21693,21695,2019,,2019/03/19,18:26:00,COLISIÓN CONTRA OBJETO FIJO,CONCRETO,Bueno,Bueno,1,BMW,GRIS OBSCURO,1,,72,MASCULINO,SIN DATOS,0,0,Morelia,Centro,marzo,martes,18,-101.194894686341,19.7072268960816
21694,21696,2019,,2019/03/19,18:40:00,COLISIÓN POR CAMBIO DE CARRIL,ASFALTO,Bueno,Bueno,2,NISSAN,BLANCO Y VERDE,2,,,MASCULINO,SIN DATOS,0,0,Morelia,Centro,marzo,martes,19,-101.192775070667,19.6960686916768
21695,21697,2019,MOR190215188,2019/03/19,19:10:00,COLISIÓN POR ALCANCE,ASFALTO,Bueno,Bueno,2,VOLKSWAGUEN,BLANCO,2,,34,FEMENINO,SIN DATOS,0,0,Morelia,Chapultepec Norte,marzo,martes,19,-101.168366298079,19.6965308177647
21696,21698,2019,"190345678",2019/03/19,19:10:00,COLISIÓN POR CORTE DE CIRCULACIÓN,ASFALTO,Bueno,Regular,2,VOLKSWAGEN,GRIS,2,,52,MASCULINO,SIN DATOS,0,0,Morelia,Juana Pavon,marzo,martes,19,-101.203697025776,19.6690742998546
21697,21699,2019,MOR190215489,2019/03/19,20:15:00,COLISIÓN POR ALCANCE,CONCRETO,Bueno,Bueno,2,MERCEDES BENZ,NEGRO,2,,26,MASCULINO,SIN DATOS,0,0,Morelia,Felix Ireta,marzo,martes,20,-101.181485652924,19.6815053546472
21698,21700,2019,MOR190214363,2019/03/19,20:30:00,COLISIÓN POR CORTE DE CIRCULACIÓN,ASFALTO,Bueno,Bueno,2,HONDA,NEGRO,2,,34,MASCULINO,ALIENTO ETÍLICO,0,0,Morelia,Libertad,marzo,martes,21,-101.238109096885,19.6873675932712
21699,21701,2019,,2019/03/19,21:30:00,COLISIÓN POR ALCANCE,ASFALTO,Bueno,Bueno,2,CHEVROLET,BLANCO,2,MINISTERIO PÚBLICO,26,MASCULINO,SIN DATOS,0,0,Venustiano Carranza,El Yonque,marzo,martes,22,-102.670563608408,20.1054834023005
21700,21702,2019,MOR 190215941,2019/03/20,"04:00:00",CAIDA DE MOTOCICLETA,ASFALTO,Bueno,Bueno,1,ITALIKA,BLANCO,1,,33,MASCULINO,ALIENTO ETÍLICO,0,0,Tarímbaro,Sin datos,marzo,miércoles,4,-101.162224039435,19.7646955646606
21701,21703,2019,,2019/03/20,"07:00:00",SUBIDA AL CAMELLÓN,ASFALTO,Bueno,Bueno,1,VOLKSWAGEN,GRIS,1,,19,MASCULINO,SIN DATOS,0,0,Morelia,Rincon de Altozano,marzo,miércoles,7,-101.164286993444,19.6603900476089
21702,21704,2019,,2019/03/20,"07:00:00",COLISIÓN POR ALCANCE,ASFALTO,Bueno,Bueno,2,FORD,ROJO,2,,,,SIN DATOS,0,0,Morelia,Sin datos,marzo,miércoles,7,-101.262413263321,19.6403039003041
21703,21705,2019,,2019/03/20,"09:50:00",CAIDA DE MOTOCICLETA,ASFALTO,Bueno,Bueno,1,YAMAHA,BLANCO,1,,,,,1,0,Tarímbaro,Sin datos,marzo,miércoles,10,-101.1640361,19.8214538
21704,21706,2019,MOR19016588,2019/03/20,11:16:00,SUBIDA AL CAMELLÓN,CONCRETO,Bueno,Bueno,1,KENWORTH,GRIS,1,,54,MASCULINO,SIN DATOS,0,0,Morelia,Bosques Tres Marias,marzo,miércoles,11,-101.104125380516,19.7243878630134
21705,21707,2019,,2019/03/20,13:50:00,COLISIÓN POR ALCANCE,SIN_DATOS,Bueno,Bueno,2,NISSAN,ROJO,2,,53,,SIN DATOS,0,0,Morelia,Nicolaitas Ilustres,marzo,miércoles,14,-101.225047074258,19.724017342945
21706,21708,2019,,2019/03/20,15:00:00,COLISIÓN POR ALCANCE,ASFALTO,Bueno,Bueno,2,VOLKSWAGEN,ROJO,2,,29,FEMENINO,SIN DATOS,0,0,Morelia,Ana Maria Gallaga (Riviera Norte),marzo,miércoles,15,-101.22265689075,19.6768122522878
21707,21709,2019,,2019/03/20,15:25:00,COLISIÓN POR CORTE DE CIRCULACIÓN,ASFALTO,Bueno,Bueno,2,S/D,S/D,1,,,MASCULINO,SIN DATOS,0,0,Morelia,Ilustres Novohispanos,marzo,miércoles,15,-101.152134239674,19.7102525765884
21708,21710,2019,,2019/03/20,15:30:00,COLISIÓN POR CORTE DE CIRCULACIÓN,CONCRETO,Bueno,Bueno,2,VOLKSWAGEN,BLANCO,0,,,,,0,0,Morelia,Chapultepec Norte,marzo,miércoles,16,-101.171379089355,19.6942476367476
21709,21711,2019,,2019/03/20,16:00:00,COLISIÓN POR CORTE DE CIRCULACIÓN,CONCRETO,Bueno,Bueno,2,VOLKSWAGEN,ROJO,2,MINISTERIO PÚBLICO,49,FEMENINO,SIN DATOS,0,0,Lázaro Cárdenas,Israel,marzo,miércoles,16,-102.231442406774,17.9755590057668
21710,21712,2019,,2019/03/20,16:45:00,COLISIÓN CON PEATÓN,ASFALTO,Bueno,Regular,1,RENAULT,ARENA,2,,30,MASCULINO,SIN DATOS,1,0,Morelia,Libertad,marzo,miércoles,17,-101.238109432161,19.6873679089487
21711,21713,2019,,2019/03/20,17:30:00,COLISIÓN POR CAMBIO DE CARRIL,ASFALTO,Bueno,Regular,2,RENAULT,ARENA,2,,55,FEMENINO,SIN DATOS,0,0,Morelia,Tlalpujahua,marzo,miércoles,18,-101.217639483511,19.6804234845736
21712,21714,2019,,2019/03/20,17:50:00,COLISIÓN POR ALCANCE,ASFALTO,Bueno,Bueno,2,CHEVROLET,ARENA,2,,32,MASCULINO,SIN DATOS,0,0,Morelia,Jardines del Rincon,marzo,miércoles,18,-101.150151416659,19.6914937608198
21713,21715,2019,,2019/03/20,18:00:00,COLISIÓN POR ALCANCE,ASFALTO,Bueno,Bueno,2,MITSUBISHI,BLANCO,5,MINISTERIO PÚBLICO,64,MASCULINO,SIN DATOS,3,0,Purépero,Vista Hermosa,marzo,miércoles,18,-101.99078053236,19.8912047629065
21714,21716,2019,,2019/03/20,19:10:00,COLISIÓN POR CORTE DE CIRCULACIÓN,ASFALTO,Bueno,Bueno,2,VOLKSWAGEN,VERDE,2,,54,MASCULINO,SIN DATOS,0,0,Morelia,Jardines del Rincon,marzo,miércoles,19,-101.15340795368,19.6873417077134
21715,21717,2019,,2019/03/20,20:30:00,COLISIÓN CON PEATÓN,CONCRETO,Bueno,Bueno,1,ITALIKA,ROJO,2,,19,MASCULINO,SIN DATOS,1,0,Zamora,Centro,marzo,miércoles,21,-102.280296497047,19.9881324146812
21716,21718,2019,MOR190218124,2019/03/20,20:50:00,COLISIÓN POR CORTE DE CIRCULACIÓN,ASFALTO,Bueno,Bueno,2,RENAULT,GRIS,2,,48,MASCULINO,SIN DATOS,0,0,Morelia,Eduardo Ruiz,marzo,miércoles,21,-101.2232965976,19.7223525168743
21717,21719,2019,,2019/03/20,22:21:00,COLISIÓN CONTRA OBJETO FIJO,TERRACERIA,Bueno,Bueno,1,ISUZU,GUINDA,1,,67,MASCULINO,SIN DATOS,0,0,Pátzcuaro,Sin datos,marzo,miércoles,22,-101.553587168455,19.553257872207
21718,21720,2019,,2019/03/21,"00:00:00",COLISIÓN POR CORTE DE CIRCULACIÓN,CONCRETO,Bueno,Bueno,2,BAJAJ,AZUL,1,,35,MASCULINO,SIN DATOS,0,0,Morelia,Centro,marzo,jueves,0,-101.17822945118,19.699119835554
21719,21721,2019,,2019/03/21,"03:50:00",VOLCADURA,ASFALTO,Bueno,Regular,1,FORD,BLANCO,1,,,MASCULINO,ALIENTO ETÍLICO,0,0,Tarímbaro,Sin datos,marzo,jueves,4,-101.161142773926,19.79277732009
21720,21722,2019,,2019/03/21,"08:20:00",COLISIÓN POR INVASIÓN DE CARRIL,CONCRETO,Bueno,Bueno,2,NISSAN,BLANCO Y VERDE,2,,,MASCULINO,SIN DATOS,0,0,Morelia,Enrique Ramirez,marzo,jueves,8,-101.165199279785,19.7092760070577
21721,21723,2019,,2019/03/21,"08:52:00",COLISIÓN CONTRA OBJETO FIJO,ASFALTO,Bueno,Bueno,1,CHEVROLET,ROJO BRILLANTE,1,,27,MASCULINO,SIN DATOS,0,0,Morelia,Villas Lomas del Paraiso,marzo,jueves,9,-101.175569705665,19.6734175123846
21722,21724,2019,,2019/03/21,10:30:00,VOLCADURA,ASFALTO,Bueno,Bueno,1,FORD,BLANCO,1,MINISTERIO PÚBLICO,,,,1,0,Morelia,Los Angeles,marzo,jueves,11,-101.174519956112,19.7455041930803
21723,21725,2019,,2019/03/21,10:50:00,COLISIÓN POR ALCANCE,ASFALTO,Bueno,Bueno,2,PONTIAC,GRIS,2,,,MASCULINO,SIN DATOS,0,0,Morelia,Jardines de Torremolinos,marzo,jueves,11,-101.229657121003,19.6769375844684
21724,21726,2019,MOR 190219310,2019/03/21,12:00:00,COLISIÓN CON PEATÓN,CONCRETO,Bueno,Bueno,1,CHEVROLET,AZUL,1,MINISTERIO PÚBLICO,,,,1,0,Morelia,Infonavit  Las  Camelinas,marzo,jueves,12,-101.176944840699,19.6816723540746
21725,21727,2019,,2019/03/21,12:20:00,COLISIÓN POR CORTE DE CIRCULACIÓN,SIN_DATOS,Bueno,Bueno,2,TOYOTA,BLANCO Y MORADO,2,,34,MASCULINO,SIN DATOS,0,0,Morelia,Ciudad Industrial,marzo,jueves,12,-101.138237714767,19.7288274093139
21726,21728,2019,,2019/03/21,13:30:00,COLISIÓN POR ALCANCE,ASFALTO,Bueno,Bueno,2,NISSAN,GRIS,2,,37,MASCULINO,SIN DATOS,0,0,Peribán,Los Cerritos,marzo,jueves,14,-102.433176040649,19.5373045895869
21727,21729,2019,,2019/03/21,13:45:00,COLISIÓN POR CORTE DE CIRCULACIÓN,SIN_DATOS,Bueno,Bueno,0,,,0,,,,,0,0,Morelia,Centro,marzo,jueves,14,-101.178202964365,19.6990756439411
21728,21730,2019,,2019/03/21,14:39:00,COLISIÓN POR ALCANCE,ASFALTO,Bueno,Bueno,2,VOLKSWAGEN,NEGRO,2,,20,MASCULINO,SIN DATOS,0,0,Morelia,Lomas de Santa Maria,marzo,jueves,15,-101.182560781576,19.6753515095423
21729,21731,2019,,2019/03/21,15:00:00,COLISIÓN CONTRA OBJETO FIJO,ASFALTO,Bueno,Bueno,1,MERCURY,AZUL,1,,,MASCULINO,SIN DATOS,0,0,Zitácuaro,Sin datos,marzo,jueves,15,-100.397411249578,19.4852094324905
21730,21732,2019,MOR 190219916,2019/03/21,15:35:00,COLISIÓN CON PEATÓN,ASFALTO,Bueno,Bueno,1,SEAT,BLANCO,1,MINISTERIO PÚBLICO,,,,1,0,Morelia,Felix Ireta,marzo,jueves,16,-101.180797666311,19.685757629885
21731,21733,2019,,2019/03/21,16:00:00,COLISIÓN POR CORTE DE CIRCULACIÓN,ASFALTO,Bueno,Bueno,2,HONDA,BLANCO,2,,36,FEMENINO,SIN DATOS,0,0,Morelia,Ejidal Ocolusen,marzo,jueves,16,-101.153188347816,19.6864050896552
21732,21734,2019,,2019/03/21,17:20:00,COLISIÓN POR ALCANCE,ASFALTO,Bueno,Bueno,3,DODGE,ROJO,3,MINISTERIO PÚBLICO,59,MASCULINO,CON CERTIFICADO,0,0,Pátzcuaro,Centro,marzo,jueves,17,-101.617821715772,19.5162354496008
21733,21735,2019,,2019/03/21,17:44:00,COLISIÓN POR CORTE DE CIRCULACIÓN,ASFALTO,Bueno,Bueno,2,FORD,ROJO,2,,22,MASCULINO,SIN DATOS,0,0,Morelia,Los Angeles,marzo,jueves,18,-101.176809556782,19.7410786798989
21734,21736,2019,MOR190220836,2019/03/21,19:30:00,COLISIÓN POR CAMBIO DE CARRIL,ASFALTO,Bueno,Bueno,2,KIA,ROJO,2,,63,MASCULINO,SIN DATOS,0,0,Morelia,Los Manantiales de Morelia,marzo,jueves,20,-101.240233071148,19.692738440321
21735,21737,2019,,2019/03/21,19:50:00,SUBIDA AL CAMELLÓN,ASFALTO,Bueno,Bueno,1,LINCON,NEGRO,1,,26,MASCULINO,SIN DATOS,0,0,Morelia,La Hacienda,marzo,jueves,20,-101.315542124212,19.6791862860012
21736,21738,2019,MOR190220969,2019/03/21,20:55:00,SALIDA DE SUPERFICIE DE RODAMIENTO,ASFALTO,Bueno,Bueno,1,NISSAN,BLANCO,1,,33,MASCULINO,ALIENTO ETÍLICO,0,0,Tarímbaro,Sin datos,marzo,jueves,21,-101.159623302519,19.767150013033
21737,21739,2019,,2019/03/21,21:35:00,COLISIÓN POR INVASIÓN DE CARRIL,ASFALTO,Bueno,Bueno,2,HONDA CIVIC,GRIS,0,MINISTERIO PÚBLICO,,,,0,0,Uruapan,Sin datos,marzo,jueves,22,-102.057155147195,19.3657387783893
21738,21740,2019,,2019/03/21,22:15:00,SALIDA DE SUPERFICIE DE RODAMIENTO,ASFALTO,Bueno,Bueno,1,CHEVROLET,GRIS,1,,,,SIN DATOS,0,0,Morelia,Ejidal Tres Puentes,marzo,jueves,22,-101.224935092032,19.6926664682472
21739,21741,2019,MOR190218390,2019/03/21,22:50:00,COLISIÓN POR ALCANCE,ASFALTO,Bueno,Bueno,3,GMC,ROJA,3,MINISTERIO PÚBLICO,38,MASCULINO,ALIENTO ETÍLICO,0,0,Morelia,Jardines de Torremolinos,marzo,jueves,23,-101.225666999817,19.6771412095907
21740,21742,2019,,2019/03/21,23:00:00,COLISIÓN CONTRA OBJETO FIJO,ASFALTO,Bueno,Bueno,1,NISSAN,BLANCO,3,MINISTERIO PÚBLICO,22,MASCULINO,SIN DATOS,2,0,Jungapeo,Sin datos,marzo,jueves,23,-100.487472452223,19.4790547212796
21741,21743,2019,MOR-190221271,2019/03/22,"00:10:00",COLISIÓN CONTRA OBJETO FIJO,ASFALTO,Bueno,Bueno,1,NISSAN,GRIS,1,,26,MASCULINO,SIN DATOS,0,0,Morelia,Felix Ireta,marzo,viernes,0,-101.194549351931,19.681904069438
21742,21744,2019,,2019/03/22,"04:10:00",SALIDA DE SUPERFICIE DE RODAMIENTO,ASFALTO,Bueno,Bueno,1,MINI COOPER,BLANCO,1,,,MASCULINO,SIN DATOS,0,0,Morelia,Ampliacion La Soledad,marzo,viernes,4,-101.183109730482,19.7318084984235
21743,21745,2019,,2019/03/22,"06:00:00",COLISIÓN POR ALCANCE,SIN_DATOS,Bueno,Bueno,2,VOLKSWAGEN,ROJO,2,MINISTERIO PÚBLICO,28,MASCULINO,SIN DATOS,0,0,Morelia,Felix Ireta,marzo,viernes,6,-101.190192103386,19.6825382859321
21744,21747,2019,,2019/03/22,"08:44:00",COLISIÓN CONTRA OBJETO FIJO,ASFALTO,Bueno,Bueno,1,BMW,IMPERIAL BLUE,1,,34,MASCULINO,ALIENTO ETÍLICO,0,0,Morelia,Bosques Tres Marias,marzo,viernes,9,-101.105252578855,19.7292635619673
21745,21748,2019,MOR190221823,2019/03/22,10:15:00,COLISIÓN POR MANIOBRA DE REVERSA,ASFALTO,Bueno,Bueno,2,FREIGHTLINER,NARANJA,2,,35,MASCULINO,SIN DATOS,0,0,Morelia,Ampliacion La Soledad,marzo,viernes,10,-101.183051727712,19.7313572043653
21746,21749,2019,,2019/03/22,10:25:00,VOLCADURA,ASFALTO,Bueno,Bueno,1,HONDA ELEMENT,GRIS,1,,18,MASCULINO,SIN DATOS,0,0,Morelia,Valle de Las Flores,marzo,viernes,10,-101.127207800746,19.6875140675681