fid,id_accidente,anio_origen,folio_c5i,dia_incidente,hora_ocurrencia,tipo_incidente_vial,superficie_ocurrencia,condiciones_climaticas,condiciones_via,numero_vehiculos_involucrados,marca_vehiculo_ocasiona_siniestro,color_vehiculo_ocasiona_siniestro,numero_personas_involucradas,lugar_remite_presunto_responsable,edad_presunto_responsable,sexo_presunto_responsable,resultados_toxicologia,numero_personas_lesionadas,numero_personas_fallecidas,municipio,colonia,mes,dia_semana,hora_redondeada,lon,lat
21747,21750,2019,,2019/03/22,11:15:00,SALIDA DE SUPERFICIE DE RODAMIENTO,ASFALTO,Bueno,Bueno,1,VOLKSWAGEN,BLANCO,1,,41,MASCULINO,SIN DATOS,0,0,Tuxpan,Santa Ana,marzo,viernes,11,-100.466824136674,19.575863447437
21748,21751,2019,MOR190222193,2019/03/22,12:50:00,COLISIÓN POR ALCANCE,ASFALTO,Bueno,Bueno,3,VOLKSWAGEN,GRIS,3,,25,MASCULINO,SIN DATOS,0,0,Tarímbaro,Sin datos,marzo,viernes,13,-101.160049773753,19.7667041827586
21749,21752,2019,,2019/03/22,13:00:00,COLISIÓN POR CORTE DE CIRCULACIÓN,ASFALTO,Bueno,Bueno,2,Honda,Blanca,2,,24,MASCULINO,SIN DATOS,0,0,Morelia,Ventura Puente,marzo,viernes,13,-101.179290903472,19.6935392852918
21750,21753,2019,,2019/03/22,16:30:00,COLISIÓN POR ALCANCE,SIN_DATOS,Bueno,Bueno,2,Dodge,Oro,2,,0,MASCULINO,SIN DATOS,0,0,Morelia,Fuentes de Valladolid,marzo,viernes,17,-101.221672184765,19.6722276158234
21751,21754,2019,MOR190223098,2019/03/22,17:10:00,COLISIÓN CONTRA OBJETO FIJO,ASFALTO,Bueno,Bueno,1,TOYOTA,ROJO,1,,85,MASCULINO,SIN DATOS,0,0,Morelia,El Lago 1,marzo,viernes,17,-101.215224154294,19.7270837335911
21752,21755,2019,,2019/03/22,18:40:00,CAIDA DE MOTOCICLETA,SIN_DATOS,Bueno,Bueno,1,YAMAHA,NEGRO,1,,0,MASCULINO,SIN DATOS,0,0,Morelia,Rinconada del Valle,marzo,viernes,19,-101.219007410109,19.6781025060915
21753,21756,2019,,2019/03/22,18:55:00,COLISIÓN POR ALCANCE,CONCRETO,Bueno,Bueno,2,MERCEDES BENZ,BLANCO,2,,30,MASCULINO,SIN DATOS,0,0,Morelia,Ventura Puente,marzo,viernes,19,-101.191801093519,19.695951897304
21754,21757,2019,,2019/03/22,19:00:00,COLISIÓN CONTRA OBJETO FIJO,CONCRETO,Bueno,Bueno,1,HONDA CRV,ROJO,1,,68,MASCULINO,ALIENTO ETÍLICO,0,0,Morelia,Chapultepec Oriente,marzo,viernes,19,-101.16368483752,19.6921655038373
21755,21758,2019,LEG22661,2019/03/22,19:09:00,COLISIÓN CONTRA OBJETO FIJO,ASFALTO,Bueno,Bueno,1,FORD,BLANCO,1,,0,,SIN DATOS,0,0,Morelia,Melchor Ocampo,marzo,viernes,19,-101.150017641485,19.7046859872666
21756,21759,2019,MOR190223494,2019/03/22,20:25:00,COLISIÓN POR CAMBIO DE CARRIL,CONCRETO,Bueno,Bueno,2,CHEVROLET,ROJO,2,,22,FEMENINO,SIN DATOS,0,0,Morelia,Molino de Parras,marzo,viernes,20,-101.20096988976,19.6954540997917
21757,21760,2019,,2019/03/22,21:05:00,COLISIÓN POR ALCANCE,ASFALTO,Bueno,Bueno,2,Dodge,Blanca,2,MINISTERIO PÚBLICO,36,MASCULINO,SIN DATOS,0,0,Morelia,Fuentes de Morelia,marzo,viernes,21,-101.203774139285,19.6707933509432
21758,21761,2019,,2019/03/22,21:37:00,VOLCADURA,ASFALTO,Bueno,Regular,1,TOYOTA,VERDE,0,,,,,0,0,Morelia,Mirador de Ocolusen,marzo,viernes,22,-101.136226208387,19.6848535456563
21759,21762,2019,,2019/03/23,"01:30:00",COLISIÓN POR ALCANCE,ASFALTO,Bueno,Bueno,2,VOLKSWAGEN,PLATA,2,,,,,2,0,Puruándiro,Centro,marzo,sábado,2,-101.515472,20.087439
21760,21763,2019,MOR190224550,2019/03/23,"04:55:00",COLISIÓN CONTRA OBJETO FIJO,ASFALTO,Bueno,Bueno,1,DODGE,BLANCO,1,MINISTERIO PÚBLICO,34,MASCULINO,ALIENTO ETÍLICO,0,0,Morelia,Cumbres de Morelia,marzo,sábado,5,-101.140464954078,19.6912137618407
21761,21764,2019,,2019/03/23,"05:40:00",COLISIÓN CONTRA OBJETO FIJO,ASFALTO,Bueno,Bueno,1,TOYOTA,BLANCO,0,MINISTERIO PÚBLICO,,,,0,0,Lázaro Cárdenas,Lirios,marzo,sábado,6,-102.206696011126,17.9675197215801
21762,21765,2019,,2019/03/23,"09:20:00",COLISIÓN POR CORTE DE CIRCULACIÓN,CONCRETO,Bueno,Bueno,2,NISSAN,PLATA,2,MINISTERIO PÚBLICO,37,FEMENINO,SIN DATOS,0,0,Morelia,Jardin de La Montaña,marzo,sábado,9,-101.315410025418,19.6906392415453
21763,21766,2019,MOR190135779,2019/03/23,13:40:00,COLISIÓN POR ALCANCE,ASFALTO,Bueno,Bueno,2,GENERAL MOTORS,BLANCON CON VERDE,2,,34,MASCULINO,SIN DATOS,0,0,Morelia,Centro,marzo,sábado,14,-101.19157075882,19.7029420482345
21764,21767,2019,,2019/03/23,15:00:00,COLISIÓN POR ALCANCE,ASFALTO,Bueno,Bueno,2,Nissan,Blanco,2,,39,MASCULINO,ALIENTO ETÍLICO,0,0,Morelia,Nueva Jacarndas,marzo,sábado,15,-101.192005611956,19.6822529046049
21765,21768,2019,,2019/03/23,15:05:00,COLISIÓN POR CORTE DE CIRCULACIÓN,CONCRETO,Bueno,Bueno,2,NISSAN,BLANCO/CAFE,2,,54,MASCULINO,SIN DATOS,0,0,Morelia,Felicitas del Rio,marzo,sábado,15,-101.200327835977,19.6920032503779
21766,21769,2019,MOR190223028,2019/03/23,15:40:00,COLISIÓN CONTRA OBJETO FIJO,ASFALTO,Bueno,Bueno,1,INTERNATIONAL,BLANCO,1,,31,MASCULINO,SIN DATOS,0,0,Morelia,El Lago 1,marzo,sábado,16,-101.21934838593,19.7276025777315
21767,21770,2019,"190226332",2019/03/23,17:30:00,VOLCADURA,ASFALTO,Bueno,Bueno,2,JEEP,AZUL,4,,29,MASCULINO,SIN DATOS,2,0,Morelia,Sin datos,marzo,sábado,18,-101.239821687341,19.6592319433819
21768,21771,2019,,2019/03/23,18:20:00,COLISIÓN POR CORTE DE CIRCULACIÓN,ASFALTO,Bueno,Bueno,2,NISSAN,NEGRO,2,MINISTERIO PÚBLICO,40,MASCULINO,SIN DATOS,0,0,Hidalgo,Corros,marzo,sábado,18,-100.555391684175,19.7072139549091
21769,21772,2019,,2019/03/23,18:35:00,COLISIÓN POR CAMBIO DE CARRIL,ASFALTO,Bueno,Bueno,2,HONDA,ARENA,2,,0,MASCULINO,SIN DATOS,0,0,Morelia,Sin datos,marzo,sábado,19,-101.304399222136,19.6876753785461
21770,21773,2019,MOR 190226763,2019/03/23,19:48:00,COLISIÓN POR INVASIÓN DE CARRIL,CONCRETO,Bueno,Bueno,2,CHEVROLET,BLANCO,2,,61,MASCULINO,ALIENTO ETÍLICO,0,0,Morelia,San Pascual,marzo,sábado,20,-101.26482155174,19.696432331989
21771,21774,2019,MOR-190227030,2019/03/23,21:10:00,COLISIÓN POR INVASIÓN DE CARRIL,ASFALTO,Bueno,Regular,2,FORD,MORADO,2,,50,MASCULINO,CON CERTIFICADO,0,0,Morelia,Lomas del Valle,marzo,sábado,21,-101.232293061912,19.6892319737825
21772,21775,2019,,2019/03/23,21:45:00,COLISIÓN POR INVASIÓN DE CARRIL,ASFALTO,Bueno,Regular,2,NISSAN,BLANCO,2,,50,MASCULINO,SIN DATOS,0,0,Acuitzio,Sin Nombre,marzo,sábado,22,-101.332987882197,19.4748074169445
21773,21776,2019,,2019/03/23,22:00:00,SALIDA DE SUPERFICIE DE RODAMIENTO,ASFALTO,Bueno,Bueno,1,CHEVROLET,VINO,1,MINISTERIO PÚBLICO,,,,0,1,Coeneo,Coeneo de La Libertad,marzo,sábado,22,-101.582291163504,19.8319960300485
21774,21777,2019,"190227333",2019/03/23,22:40:00,COLISIÓN POR CAMBIO DE CARRIL,ASFALTO,Bueno,Bueno,2,VW,AZUL,2,MINISTERIO PÚBLICO,49,MASCULINO,ALIENTO ETÍLICO,0,0,Morelia,Sin datos,marzo,sábado,23,-101.174199767411,19.7461558288042
21775,21778,2019,,2019/03/23,23:00:00,VOLCADURA,ASFALTO,Bueno,Regular,1,FORD,ARENA,0,,,,,0,0,Cuitzeo,Sin datos,marzo,sábado,23,-101.15592956543,20.0838656068749
21776,21779,2019,,2019/03/23,23:00:00,VOLCADURA,ASFALTO,Bueno,Bueno,1,VOLKSWAGEN,Rojo,1,,20,FEMENINO,ALIENTO ETÍLICO,0,0,Morelia,Montaña Monarca,marzo,sábado,23,-101.160424947739,19.6732280892729
21777,21780,2019,,2019/03/24,"00:00:00",COLISIÓN POR CORTE DE CIRCULACIÓN,ADOQUIN_EMPEDRADO,Bueno,Bueno,2,NISSAN,PLATA,2,,43,MASCULINO,SIN DATOS,0,0,Cuitzeo,Centro,marzo,domingo,0,-101.141394674778,19.9692321378378
21778,21781,2019,,2019/03/24,"00:40:00",COLISIÓN POR CAMBIO DE CARRIL,CONCRETO,Bueno,Bueno,2,Honda,blanco,2,,,,SIN DATOS,0,0,Morelia,Guadalupe,marzo,domingo,1,-101.222174428403,19.7097444076672
21779,21782,2019,MOR-190227660,2019/03/24,"01:40:00",COLISIÓN POR CAMBIO DE CARRIL,ASFALTO,Bueno,Bueno,2,SEAT,ROJO,2,,28,MASCULINO,SIN DATOS,0,0,Morelia,Vicente Lombardo Toledano (Ejidal Isacc Arriaga) (Etnias de Mexico),marzo,domingo,2,-101.149428896606,19.7201132590093
21780,21783,2019,,2019/03/24,"01:46:00",COLISIÓN POR CORTE DE CIRCULACIÓN,CONCRETO,Bueno,Bueno,2,KIA,BLANCO,3,MINISTERIO PÚBLICO,0,,SIN DATOS,1,0,Morelia,Chapultepec Norte,marzo,domingo,2,-101.164489500225,19.6959370612559
21781,21784,2019,,2019/03/24,"03:00:00",VOLCADURA,ASFALTO,Bueno,Regular,1,FORD,VERDE,1,,19,MASCULINO,SIN DATOS,0,0,Copándaro,Sin datos,marzo,domingo,3,-101.204657927156,19.8854651016294
21782,21785,2019,,2019/03/24,"04:40:00",COLISIÓN CONTRA OBJETO FIJO,ASFALTO,Bueno,Bueno,1,DODGE,BLANCO,1,,29,MASCULINO,ALIENTO ETÍLICO,0,0,Morelia,Morelia 450,marzo,domingo,5,-101.216598115861,19.6754525338911
21783,21786,2019,,2019/03/24,"05:00:00",COLISIÓN POR ALCANCE,SIN_DATOS,Bueno,Bueno,2,VOLKSWAGEN,GUINDA,2,MINISTERIO PÚBLICO,0,MASCULINO,SIN DATOS,0,0,Morelia,Martires de Uruapan,marzo,domingo,5,-101.201163344085,19.725272499873
21784,21787,2019,MOR190227888,2019/03/24,"07:17:00",SALIDA DE SUPERFICIE DE RODAMIENTO,ASFALTO,Bueno,Bueno,1,SEAT,ROJO,0,,,,,0,0,Charo,Sin datos,marzo,domingo,7,-101.079731024802,19.686726450968
21785,21788,2019,,2019/03/24,"08:10:00",COLISIÓN CONTRA OBJETO FIJO,SIN_DATOS,Bueno,Bueno,1,HONDA,ROJO,0,,,,,0,0,Tarímbaro,Cumbres del Campreste,marzo,domingo,8,-101.127444505692,19.771359308753
21786,21789,2019,,2019/03/24,10:10:00,COLISIÓN CON PEATÓN,ASFALTO,Bueno,Bueno,1,S/D,S/D,1,,,,,1,0,Morelia,Vicente Lombardo Toledano (Ejidal Isacc Arriaga) (Etnias de Mexico),marzo,domingo,10,-101.153891757131,19.7167112313212
21787,21790,2019,,2019/03/24,13:00:00,COLISIÓN POR CAMBIO DE CARRIL,ASFALTO,Bueno,Bueno,2,VENTO,RONO Y NEGRO,2,,25,MASCULINO,SIN DATOS,0,0,Morelia,El Eden,marzo,domingo,13,-101.249550394714,19.6459655598144
21788,21791,2019,,2019/03/24,13:20:00,COLISIÓN POR CORTE DE CIRCULACIÓN,ASFALTO,Bueno,Bueno,2,FORD,GRIS,2,,,FEMENINO,SIN DATOS,0,0,Morelia,Irrigacion,marzo,domingo,13,-101.22481876938,19.7048514241986
21789,21792,2019,,2019/03/24,17:10:00,COLISIÓN CON PEATÓN,TERRACERIA,Bueno,Malo,1,NISSAN,ROJO,1,,34,FEMENINO,SIN DATOS,0,0,Morelia,Pablo Galeana,marzo,domingo,17,-101.234047561884,19.6410873242124
21790,21793,2019,,2019/03/24,17:15:00,COLISIÓN POR CORTE DE CIRCULACIÓN,CONCRETO,Bueno,Bueno,2,BAJA,BLANCO Y NEGRO,2,,29,MASCULINO,SIN DATOS,0,0,Morelia,Juarez,marzo,domingo,17,-101.195385195315,19.6955456416191
21791,21794,2019,,2019/03/24,19:30:00,VOLCADURA,ASFALTO,Bueno,Bueno,1,NISSAN,GRIS,1,,,,SIN DATOS,0,0,Juárez,Paricuaro,marzo,domingo,20,-100.457441,19.261007
21792,21795,2019,,2019/03/24,19:30:00,COLISIÓN POR CORTE DE CIRCULACIÓN,ASFALTO,Bueno,Bueno,2,HONDA,AZUL,4,MINISTERIO PÚBLICO,44,MASCULINO,SIN DATOS,2,0,Lázaro Cárdenas,Lomas del Rio (Unidad 512 5To Sector),marzo,domingo,20,-102.222669236362,17.9705749988354
21793,21796,2019,,2019/03/24,19:30:00,COLISIÓN POR CORTE DE CIRCULACIÓN,ASFALTO,Bueno,Bueno,2,FORD,VERDE,2,MINISTERIO PÚBLICO,,MASCULINO,SIN DATOS,0,0,Morelia,Morelos,marzo,domingo,20,-101.18131852377,19.7261651713381
21794,21797,2019,,2019/03/24,20:10:00,SALIDA DE SUPERFICIE DE RODAMIENTO,ASFALTO,Bueno,Bueno,1,NISSAN,ROJO,1,MINISTERIO PÚBLICO,,,SIN DATOS,0,0,Maravatío,Sin datos,marzo,domingo,20,-100.313552990556,19.802929109858
21795,21798,2019,MOR190230004,2019/03/24,20:15:00,COLISIÓN POR ALCANCE,ASFALTO,Bueno,Bueno,2,VOLKSWAGEN,PLATA,2,,20,MASCULINO,SIN DATOS,0,0,Tarímbaro,Sin datos,marzo,domingo,20,-101.161105223,19.7657620348506
21796,21799,2019,,2019/03/24,20:25:00,COLISIÓN POR ALCANCE,ASFALTO,Bueno,Bueno,2,TOYOTA,BLANCO,3,,30,MASCULINO,SIN DATOS,1,0,Pátzcuaro,Centro,marzo,domingo,20,-101.616557629146,19.5195579392884
21797,21800,2019,,2019/03/24,20:30:00,COLISIÓN POR MANIOBRA DE REVERSA,ASFALTO,Bueno,Bueno,2,CHEVROLET,ROJO,1,,,,,0,1,Huaniqueo,Los Aguacates,marzo,domingo,21,-101.518363058567,19.8994243648234
21798,21801,2019,,2019/03/24,22:00:00,VOLCADURA,ASFALTO,Bueno,Bueno,1,TOYOTA,BLANCO,1,,,MASCULINO,SIN DATOS,0,0,Morelia,Sin datos,marzo,domingo,22,-101.172371506691,19.6599514971284
21799,21802,2019,,2019/03/24,22:05:00,COLISIÓN CONTRA OBJETO FIJO,ASFALTO,Bueno,Bueno,1,FORD,CAFE,1,,23,MASCULINO,SIN DATOS,0,0,Morelia,Lomas del Pedregal,marzo,domingo,22,-101.284834519029,19.6914281015767
21800,21803,2019,,2019/03/24,23:00:00,VOLCADURA,ASFALTO,Bueno,Bueno,1,VW,NEGRO,2,,42,FEMENINO,SIN DATOS,1,0,Zamora,Centro,marzo,domingo,23,-102.282887846231,19.9824422777351
21801,21804,2019,,2019/03/24,23:50:00,COLISIÓN CONTRA OBJETO FIJO,ASFALTO,Bueno,Bueno,1,ITALIKA,NEGRO,1,MINISTERIO PÚBLICO,,,,0,1,Pátzcuaro,Centro,marzo,domingo,0,-101.610452356496,19.5298967803469
21802,21805,2019,,2019/03/25,"00:00:00",COLISIÓN CON PEATÓN,SIN_DATOS,Bueno,Bueno,2,Honda,gris,2,,,,SIN DATOS,0,0,Morelia,Ventura Puente,marzo,lunes,0,-101.1831497,19.6940668
21803,21806,2019,,2019/03/25,"00:00:00",COLISIÓN POR CAMBIO DE CARRIL,ASFALTO,Bueno,Bueno,2,ITALIKA,NEGRO Y AMARILLO,2,,,,SIN DATOS,0,0,Morelia,Alberto Oviedo Mota,marzo,lunes,0,-101.197699606419,19.6811745121671
21804,21807,2019,,2019/03/25,"00:00:00",COLISIÓN POR CORTE DE CIRCULACIÓN,ASFALTO,Bueno,Bueno,2,BAJAJ,NEGRO,2,MINISTERIO PÚBLICO,,MASCULINO,SIN DATOS,0,0,Morelia,La Loma,marzo,lunes,0,-101.187217533588,19.6786616023231
21805,21808,2019,,2019/03/25,"00:00:00",COLISIÓN POR CAMBIO DE CARRIL,ASFALTO,Bueno,Bueno,2,ITALIKA,NEGRO Y ROJO,2,,,MASCULINO,SIN DATOS,0,0,Morelia,Felix Ireta,marzo,lunes,0,-101.190655119717,19.6907986553504
21806,21809,2019,MOR190230661,2019/03/25,"02:10:00",COLISIÓN POR ALCANCE,ASFALTO,Bueno,Bueno,2,FORD,ROJO,1,,,,SIN DATOS,0,0,Morelia,Hacienda del Valle,marzo,lunes,2,-101.225576475263,19.6656023602923
21807,21810,2019,,2019/03/25,"02:10:00",COLISIÓN CON PEATÓN,SIN_DATOS,Bueno,Bueno,1,CHEVROLET,BLANCO,1,,,,SIN DATOS,0,0,Morelia,Francisco J Mujica,marzo,lunes,2,-101.192947737873,19.7235186859602
21808,21811,2019,,2019/03/25,"06:30:00",COLISIÓN CONTRA OBJETO FIJO,ASFALTO,Bueno,Bueno,1,NISSAN,ROJO,2,,,,,2,0,Morelia,Villa Universidad,marzo,lunes,7,-101.212068535388,19.6921743425424
21809,21812,2019,,2019/03/25,"07:15:00",COLISIÓN POR CORTE DE CIRCULACIÓN,SIN_DATOS,Bueno,Bueno,4,S/D,S/D,0,,,,,0,0,Morelia,Justo Mendoza,marzo,lunes,7,-101.230276318269,19.712793964837
21810,21813,2019,,2019/03/25,"07:15:00",COLISIÓN CON PEATÓN,SIN_DATOS,Bueno,Bueno,4,Se retiro del lugar,SIN DATO,1,,,,SIN DATOS,0,0,Morelia,Jardines de Guadalupe,marzo,lunes,7,-101.228616088629,19.7107569563184
21811,21814,2019,,2019/03/25,"07:40:00",COLISIÓN POR CORTE DE CIRCULACIÓN,CONCRETO,Bueno,Bueno,2,HONDA,GRIS,2,MINISTERIO PÚBLICO,26,FEMENINO,SIN DATOS,0,0,Morelia,Ventura Puente,marzo,lunes,8,-101.182035505772,19.6940399297382
21812,21815,2019,,2019/03/25,"08:07:00",COLISIÓN POR CORTE DE CIRCULACIÓN,SIN_DATOS,Bueno,Bueno,2,ITALIKA,NEGRO,2,,33,MASCULINO,SIN DATOS,0,0,Morelia,San Pascual,marzo,lunes,8,-101.267839036882,19.6950784620899
21813,21816,2019,,2019/03/25,"08:25:00",COLISIÓN POR CORTE DE CIRCULACIÓN,ASFALTO,Bueno,Bueno,2,MERCEDEZ BENZ,AMARILLO,2,,58,MASCULINO,SIN DATOS,0,0,Morelia,Mision del Valle,marzo,lunes,8,-101.118895299733,19.766116050893
21814,21817,2019,,2019/03/25,"09:10:00",COLISIÓN CON PEATÓN,SIN_DATOS,Bueno,Bueno,2,VOLKSWAGEN,BLANC,2,,42,FEMENINO,SIN DATOS,0,0,Morelia,Del Empleado,marzo,lunes,9,-101.177895180881,19.6907030070863
21815,21818,2019,,2019/03/25,"09:12:00",COLISIÓN POR CORTE DE CIRCULACIÓN,ASFALTO,Bueno,Bueno,2,VOLKSWAGEN,AMARILLO,2,,49,,SIN DATOS,0,0,Morelia,Chapultepec Sur,marzo,lunes,9,-101.174789182842,19.6915616297207
21816,21819,2019,MOR 190002100,2019/03/25,"09:50:00",COLISIÓN POR CORTE DE CIRCULACIÓN,CONCRETO,Bueno,Bueno,2,ITALIKA,ROJO Y NEGRO,1,,17,MASCULINO,SIN DATOS,0,0,Morelia,Union,marzo,lunes,10,-101.157914735377,19.7073408414816
21817,21820,2019,"190231238",2019/03/25,11:15:00,VOLCADURA,ASFALTO,Bueno,Bueno,1,FORD,GRIS,1,,47,MASCULINO,SIN DATOS,0,0,Morelia,Sin datos,marzo,lunes,11,-101.275136992335,19.5649741194319
21818,21821,2019,,2019/03/25,11:36:00,COLISIÓN POR INVASIÓN DE CARRIL,ASFALTO,Bueno,Bueno,4,NISSAN,BLANCO,4,MINISTERIO PÚBLICO,,MASCULINO,SIN DATOS,0,0,Múgica,Sin datos,marzo,lunes,12,-102.111217752099,18.9648031289584
21819,21822,2019,MOR 1902,2019/03/25,13:43:00,COLISIÓN POR ALCANCE,ASFALTO,Bueno,Bueno,2,CHEVROLET,NEGRO,2,,32,FEMENINO,SIN DATOS,0,0,Morelia,Union,marzo,lunes,14,-101.156350336969,19.7149516422552
21820,21823,2019,MOR 190232093,2019/03/25,13:43:00,COLISIÓN POR ALCANCE,ASFALTO,Bueno,Bueno,3,VOLKSWAGEN,BLANCO,3,,40,MASCULINO,SIN DATOS,0,0,Morelia,Bosques de Oriente,marzo,lunes,14,-101.156380176544,19.7150911476018
21821,21824,2019,,2019/03/25,14:06:00,COLISIÓN POR ALCANCE,ASFALTO,Bueno,Bueno,3,FORD,GUINDA,3,,56,MASCULINO,SIN DATOS,0,0,Charo,La Goleta,marzo,lunes,14,-101.083247736096,19.7372911460015
21822,21825,2019,,2019/03/25,14:07:00,COLISIÓN POR ALCANCE,ASFALTO,Bueno,Bueno,2,FORD,BLANCO,2,,27,MASCULINO,SIN DATOS,0,0,Morelia,Sin datos,marzo,lunes,14,-101.386774890125,19.6672485179685
21823,21826,2019,,2019/03/25,14:30:00,COLISIÓN POR ALCANCE,ASFALTO,Bueno,Bueno,2,NISSAN,BLANCO,2,,22,MASCULINO,SIN DATOS,0,0,Morelia,Santa Maria,marzo,lunes,15,-101.201971359551,19.6776008647291
21824,21827,2019,,2019/03/25,16:50:00,SALIDA DE SUPERFICIE DE RODAMIENTO,ASFALTO,Bueno,Bueno,1,MERCEDES BENZ,BLANCO,2,,51,MASCULINO,SIN DATOS,1,0,Puruándiro,Centro,marzo,lunes,17,-101.516619622707,20.0963249272614
21825,21828,2019,,2019/03/25,19:00:00,COLISIÓN POR CORTE DE CIRCULACIÓN,CONCRETO,Bueno,Regular,2,MERCUTY,PLATA,0,MINISTERIO PÚBLICO,,,,0,0,Madero,Infonavit,marzo,lunes,19,-101.280686482787,19.3884486405413
21826,21829,2019,,2019/03/25,20:40:00,SALIDA DE SUPERFICIE DE RODAMIENTO,ASFALTO,Bueno,Bueno,1,FORD,BLANCO CON VERDE,1,,40,MASCULINO,SIN DATOS,0,0,Morelia,Tierra Y Libertad,marzo,lunes,21,-101.223296470769,19.7165314242614
21827,21830,2019,,2019/03/25,22:00:00,COLISIÓN CON PEATÓN,SIN_DATOS,Bueno,Bueno,2,HONDA,ROJO,1,MINISTERIO PÚBLICO,,,,1,0,Morelia,Las Americas,marzo,lunes,22,-101.15647405386,19.6876823234378
21828,21831,2019,,2019/03/25,23:10:00,COLISIÓN POR CORTE DE CIRCULACIÓN,TERRACERIA,Bueno,Malo,1,NISSAN,S/D,0,,,,,0,0,Morelia,Torreon Nuevo,marzo,lunes,23,-101.209595873952,19.7493761009121
21829,21832,2019,,2019/03/26,"05:40:00",COLISIÓN POR CAMBIO DE CARRIL,ASFALTO,Bueno,Bueno,2,TOYOTA,BLANCO CON ROJO,2,,24,MASCULINO,SIN DATOS,0,0,Morelia,Sin datos,marzo,martes,6,-101.304398216307,19.6876753785461
21830,21833,2019,,2019/03/26,"07:00:00",COLISIÓN POR CORTE DE CIRCULACIÓN,ASFALTO,Bueno,Bueno,2,NISSAN,BLANCO,2,,,MASCULINO,SIN DATOS,1,0,Morelia,Morelos,marzo,martes,7,-101.20661996305,19.6953246784982
21831,21834,2019,,2019/03/26,"08:20:00",COLISIÓN POR CORTE DE CIRCULACIÓN,SIN_DATOS,Bueno,Bueno,2,NISSAN,BLANCO Y CREMA,2,,21,MASCULINO,SIN DATOS,0,0,Morelia,Centro,marzo,martes,8,-101.1898169294,19.7028994359117
21832,21835,2019,,2019/03/26,"09:00:00",COLISIÓN POR ALCANCE,ASFALTO,Bueno,Bueno,2,NISSAN,BLANCO,2,,,MASCULINO,SIN DATOS,0,0,Morelia,Balcones de Morelia,marzo,martes,9,-101.200845837593,19.6726295107681
21833,21836,2019,,2019/03/26,"09:30:00",VOLCADURA,ASFALTO,Bueno,Bueno,1,NISSAN,BLANCO,1,MINISTERIO PÚBLICO,30,MASCULINO,SIN DATOS,0,0,Jungapeo,Sin datos,marzo,martes,10,-100.487582087517,19.4721951920392
21834,21837,2019,MOR190233869,2019/03/26,"09:30:00",COLISIÓN POR INVASIÓN DE CARRIL,CONCRETO,Bueno,Bueno,2,ITALIKA,ROJO,3,,27,MASCULINO,SIN DATOS,1,0,Morelia,Industrial,marzo,martes,10,-101.197806559503,19.709007717681
21835,21838,2019,,2019/03/26,13:10:00,COLISIÓN POR ALCANCE,ASFALTO,Bueno,Bueno,2,CHEVROLET,ROJO,0,MINISTERIO PÚBLICO,,,,0,0,Lázaro Cárdenas,Villa Hermosa,marzo,martes,13,-102.232406934423,17.9880040576682
21836,21839,2019,,2019/03/26,13:20:00,COLISIÓN POR CORTE DE CIRCULACIÓN,ASFALTO,Bueno,Bueno,2,S/D,PLATA,2,,,MASCULINO,SIN DATOS,0,0,Morelia,Felix Ireta,marzo,martes,13,-101.188202574849,19.6873814830809
21837,21840,2019,,2019/03/26,13:50:00,COLISIÓN POR CORTE DE CIRCULACIÓN,ASFALTO,Bueno,Bueno,2,MAZDA,ROJO,2,,63,FEMENINO,SIN DATOS,0,0,Morelia,Fuentes de Valladolid,marzo,martes,14,-101.221347302198,19.672915224943
21838,21841,2019,"190234605",2019/03/26,14:00:00,COLISIÓN POR ALCANCE,ASFALTO,Bueno,Bueno,2,NISSAN,NEGRO,2,,54,MASCULINO,SIN DATOS,0,0,Morelia,Francisco J Mujica,marzo,martes,14,-101.185549870133,19.7240264954953
21839,21842,2019,,2019/03/26,15:05:00,COLISIÓN POR ALCANCE,ASFALTO,Bueno,Bueno,2,VOLVO,GRIS,2,,47,MASCULINO,SIN DATOS,0,0,Morelia,Vasco de Quiroga,marzo,martes,15,-101.168958060443,19.7043046896414
21840,21843,2019,"190235280",2019/03/26,16:20:00,COLISIÓN POR CORTE DE CIRCULACIÓN,ASFALTO,Bueno,Bueno,1,VOLKSWAGEN,GRIS,1,,31,MASCULINO,SIN DATOS,0,0,Tarímbaro,Sin datos,marzo,martes,16,-101.156420026654,19.8080964271672
21841,21844,2019,MOR190235375,2019/03/26,17:09:00,COLISIÓN POR ALCANCE,ASFALTO,Bueno,Bueno,0,,,0,,,,,0,0,Morelia,Camelinas,marzo,martes,17,-101.170943565667,19.6825960566477
21842,21845,2019,LEG22754,2019/03/26,17:09:00,COLISIÓN POR ALCANCE,ASFALTO,Bueno,Bueno,2,FORD,NEGRO,2,,36,MASCULINO,ALIENTO ETÍLICO,0,0,Morelia,Camelinas,marzo,martes,17,-101.170963011682,19.682602054699
21843,21846,2019,,2019/03/26,17:40:00,COLISIÓN POR ALCANCE,ASFALTO,Bueno,Bueno,2,NISSAN,BLANCO,2,,,MASCULINO,SIN DATOS,0,0,Morelia,Felix Ireta,marzo,martes,18,-101.195836981899,19.682416430693
21844,21847,2019,,2019/03/26,18:05:00,COLISIÓN POR ALCANCE,ASFALTO,Bueno,Bueno,2,FORD,BLANCO,1,,32,MASCULINO,SIN DATOS,0,0,Morelia,Lomas de Guayangareo,marzo,martes,18,-101.160054635257,19.7031358552487
21845,21848,2019,MOR190235448,2019/03/26,18:41:00,COLISIÓN POR ALCANCE,ASFALTO,Bueno,Bueno,2,VOLKSWAGEN,ROJO,2,,55,MASCULINO,SIN DATOS,0,0,Morelia,Jardines de Torremolinos,marzo,martes,19,-101.22569013387,19.6786117225579