fid,id_accidente,anio_origen,folio_c5i,dia_incidente,hora_ocurrencia,tipo_incidente_vial,superficie_ocurrencia,condiciones_climaticas,condiciones_via,numero_vehiculos_involucrados,marca_vehiculo_ocasiona_siniestro,color_vehiculo_ocasiona_siniestro,numero_personas_involucradas,lugar_remite_presunto_responsable,edad_presunto_responsable,sexo_presunto_responsable,resultados_toxicologia,numero_personas_lesionadas,numero_personas_fallecidas,municipio,colonia,mes,dia_semana,hora_redondeada,lon,lat
21846,21849,2019,,2019/03/27,"01:45:00",COLISIÓN POR INVASIÓN DE CARRIL,CONCRETO,Bueno,Regular,2,BMW,ROJO,2,,22,MASCULINO,SIN DATOS,0,0,Morelia,Lomas de Vista Bella,marzo,miércoles,2,-101.200944744051,19.670248118554
21847,21850,2019,MOR190236711,2019/03/27,"05:45:00",COLISIÓN POR ALCANCE,ASFALTO,Bueno,Bueno,2,KILOTON,BLANCO,2,,52,MASCULINO,SIN DATOS,0,0,Morelia,Articulo Constitucional,marzo,miércoles,6,-101.171950735152,19.7148727364623
21848,21851,2019,,2019/03/27,"06:40:00",COLISIÓN CONTRA OBJETO FIJO,ASFALTO,Bueno,Bueno,1,CHEVROLET,AZUL,1,,25,MASCULINO,ALIENTO ETÍLICO,0,0,Morelia,Molino de Parras,marzo,miércoles,7,-101.200253069401,19.6936911202484
21849,21852,2019,,2019/03/27,"07:40:00",COLISIÓN POR CORTE DE CIRCULACIÓN,SIN_DATOS,Bueno,Bueno,1,DODGE,VERDE,2,,0,,SIN DATOS,1,0,Morelia,Comision Federal de Electricidad,marzo,miércoles,8,-101.177826449275,19.6849359109612
21850,21853,2019,MOR190236763,2019/03/27,"07:55:00",COLISIÓN POR ALCANCE,ASFALTO,Bueno,Bueno,3,NISSAN,GRIS,3,,,FEMENINO,SIN DATOS,0,0,Morelia,Articulo Constitucional,marzo,miércoles,8,-101.171727776527,19.7145583753966
21851,21854,2019,,2019/03/27,"08:15:00",COLISIÓN POR ALCANCE,ASFALTO,Bueno,Bueno,2,CHRYSLER,CAFE,2,,69,MASCULINO,SIN DATOS,0,0,Morelia,Loma de Los Piñones,marzo,miércoles,8,-101.204999573529,19.6740435541762
21852,21855,2019,,2019/03/27,"09:20:00",COLISIÓN POR ALCANCE,ASFALTO,Bueno,Bueno,3,ISUZU,BLANCO,3,,49,MASCULINO,SIN DATOS,0,0,Morelia,Diego Rivera,marzo,miércoles,9,-101.174176633358,19.7168409509325
21853,21856,2019,,2019/03/27,"09:45:00",COLISIÓN POR MANIOBRA DE REVERSA,ASFALTO,Bueno,Bueno,2,JEEP,ROJO,2,,44,MASCULINO,SIN DATOS,0,0,Morelia,Loma de Los Piñones,marzo,miércoles,10,-101.205111220479,19.6740546038076
21854,21857,2019,MOR 190337167,2019/03/27,10:40:00,COLISIÓN CON PEATÓN,CONCRETO,Bueno,Bueno,1,VOLKSWAGEN,GRIS,2,,,MASCULINO,SIN DATOS,1,0,Morelia,Plan de La Garita,marzo,miércoles,11,-101.187284253538,19.7111013097761
21856,21859,2019,,2019/03/27,12:40:00,COLISIÓN POR CAMBIO DE CARRIL,ASFALTO,Bueno,Bueno,2,NISSAN,BLANCO Y ROJO,2,,49,MASCULINO,SIN DATOS,0,0,Morelia,Morelos,marzo,miércoles,13,-101.206050664186,19.7023502094011
21857,21860,2019,,2019/03/27,14:20:00,COLISIÓN POR ALCANCE,ASFALTO,Bueno,Bueno,2,FORD,BLANCO,2,,48,MASCULINO,SIN DATOS,0,0,Morelia,Enrique Arreguin Robles,marzo,miércoles,14,-101.17890805006,19.7202824274361
21858,21861,2019,,2019/03/27,15:00:00,COLISIÓN POR CAMBIO DE CARRIL,ASFALTO,Bueno,Bueno,2,NISSAN,AZUL,2,,56,MASCULINO,SIN DATOS,0,0,Morelia,Indeco Santiaguito,marzo,miércoles,15,-101.178874187171,19.7202537066897
21859,21862,2019,,2019/03/27,15:00:00,COLISIÓN POR CORTE DE CIRCULACIÓN,CONCRETO,Bueno,Bueno,2,CHEVROLET,BLANCO,2,,23,MASCULINO,SIN DATOS,0,0,Morelia,Los Manantiales de Morelia,marzo,miércoles,15,-101.237716823816,19.6994421183045
21860,21863,2019,MOR190237693,2019/03/27,15:50:00,COLISIÓN POR CAMBIO DE CARRIL,ASFALTO,Bueno,Bueno,2,DODGE,VERDE,2,,60,,SIN DATOS,0,0,Morelia,San Pascual,marzo,miércoles,16,-101.265908181667,19.6956958963671
21861,21864,2019,,2019/03/27,16:04:00,COLISIÓN POR ALCANCE,ASFALTO,Bueno,Bueno,2,CHEVROLET,BLANCO,2,,40,MASCULINO,SIN DATOS,0,0,Peribán,Los Cerritos,marzo,miércoles,16,-102.428660877049,19.5332373435233
21862,21865,2019,,2019/03/27,16:20:00,COLISIÓN POR ALCANCE,ASFALTO,Bueno,Bueno,2,FORD,PLATA,2,,63,MASCULINO,SIN DATOS,0,0,Morelia,Campestre Los Manantiales,marzo,miércoles,16,-101.238138601184,19.6877991238438
21863,21866,2019,,2019/03/27,16:20:00,COLISIÓN POR CAMBIO DE CARRIL,ASFALTO,Bueno,Bueno,3,CHEVROLET,NARANJA,3,,20,MASCULINO,SIN DATOS,0,0,Morelia,Centenario (Alamos),marzo,miércoles,16,-101.169206785,19.7294593499992
21864,21867,2019,MOR 190238375,2019/03/27,16:40:00,COLISIÓN CONTRA OBJETO FIJO,CONCRETO,Bueno,Bueno,1,CHEVROLET,BLANCO,1,,28,MASCULINO,SIN DATOS,0,0,Morelia,Ventura Puente,marzo,miércoles,17,-101.179301999509,19.6935790591197
21865,21868,2019,"190238774",2019/03/27,18:30:00,COLISIÓN POR CAMBIO DE CARRIL,ASFALTO,Bueno,Bueno,2,NAVISTAR INTERNATIONAL,BLANCO Y AZUL,2,,22,MASCULINO,SIN DATOS,0,0,Morelia,Nueva Valladolid,marzo,miércoles,19,-101.20796173811,19.7010844560686
21866,21869,2019,MOR190238901,2019/03/27,19:15:00,COLISIÓN POR ALCANCE,ASFALTO,Bueno,Bueno,2,VOLKSWAGEN,BLANCO,2,,22,MASCULINO,SIN DATOS,0,0,Morelia,Rafael Carrillo,marzo,miércoles,19,-101.23682230711,19.7074800378298
21867,21870,2019,,2019/03/27,20:23:00,COLISIÓN CON PEATÓN,ASFALTO,Bueno,Bueno,1,RENAULT,NEGRO,1,,36,,SIN DATOS,0,0,Cuitzeo,Los Granados,marzo,miércoles,20,-101.140330508351,19.9748660325333
21868,21871,2019,,2019/03/28,"00:00:00",COLISIÓN POR ALCANCE,ASFALTO,Bueno,Bueno,2,FORD,NEGRO,2,,,MASCULINO,SIN DATOS,0,0,Morelia,Nueva Chapultepec,marzo,jueves,0,-101.17504761,19.6875284399992
21869,21872,2019,,2019/03/28,"00:10:00",COLISIÓN CON PEATÓN,SIN_DATOS,Bueno,Bueno,1,NISSAN,ROJO,2,,,MASCULINO,SIN DATOS,1,0,Tarímbaro,Cuto del Porvenir,marzo,jueves,0,-101.141333654523,19.8686576226203
21870,21873,2019,MOR190591356,2019/03/28,"01:40:00",COLISIÓN CONTRA OBJETO FIJO,CONCRETO,Bueno,Bueno,1,NISSAN,AZUL,1,,30,,SIN DATOS,0,0,Morelia,Alberto Oviedo Mota,marzo,jueves,2,-101.200517602265,19.6778180639511
21871,21874,2019,,2019/03/28,"08:55:00",COLISIÓN POR CORTE DE CIRCULACIÓN,SIN_DATOS,Bueno,Bueno,2,NISSAN,ROJO,2,,25,FEMENINO,SIN DATOS,0,0,Morelia,Independencia,marzo,jueves,9,-101.178273372352,19.7055839900864
21872,21875,2019,,2019/03/28,"09:00:00",COLISIÓN POR CAMBIO DE CARRIL,ASFALTO,Bueno,Bueno,2,DINA,BLANCO,2,,29,MASCULINO,SIN DATOS,0,0,Morelia,Justo Mendoza,marzo,jueves,9,-101.232744678855,19.7125023882882
21873,21876,2019,,2019/03/28,"09:30:00",COLISIÓN CON PEATÓN,CONCRETO,Bueno,Bueno,1,Nissan,Blanco,3,,32,MASCULINO,SIN DATOS,2,0,Morelia,Centro,marzo,jueves,10,-101.188851334155,19.7046541072848
21874,21877,2019,,2019/03/28,13:00:00,COLISIÓN POR INVASIÓN DE CARRIL,ASFALTO,Bueno,Bueno,2,MERCEDES BENZ,BLANCO,2,,40,MASCULINO,SIN DATOS,0,0,Tuxpan,Sin datos,marzo,jueves,13,-100.471701733768,19.5515432511715
21875,21878,2019,,2019/03/28,13:10:00,COLISIÓN POR MANIOBRA DE REVERSA,ASFALTO,Bueno,Bueno,2,NISSAN,BLANCO,2,,47,MASCULINO,SIN DATOS,0,0,Morelia,San Pascual,marzo,jueves,13,-101.267319023609,19.6952369244884
21876,21879,2019,MOR190,2019/03/28,13:51:00,COLISIÓN POR ALCANCE,ASFALTO,Bueno,Bueno,2,CHEVROLET,AZUL,2,,25,MASCULINO,SIN DATOS,0,0,Morelia,Fidel Velazquez,marzo,jueves,14,-101.238620728254,19.7046888280568
21877,21880,2019,,2019/03/28,15:20:00,COLISIÓN POR ALCANCE,CONCRETO,Bueno,Bueno,3,HONDA,ROJO,3,MINISTERIO PÚBLICO,50,FEMENINO,SIN DATOS,0,0,Morelia,Morelos,marzo,jueves,15,-101.206007413566,19.7023760925319
21879,21882,2019,,2019/03/28,16:55:00,COLISIÓN POR CORTE DE CIRCULACIÓN,ASFALTO,Bueno,Bueno,2,CHEVROLET,NEGRO,2,,36,FEMENINO,SIN DATOS,0,0,Morelia,Cuauhtemoc,marzo,jueves,17,-101.181513480842,19.6966775993372
21880,21883,2019,,2019/03/28,18:13:00,COLISIÓN CON PEATÓN,CONCRETO,Bueno,Bueno,2,NISSAN,NEGRO,2,MINISTERIO PÚBLICO,49,MASCULINO,SIN DATOS,0,0,Morelia,Gral Gertrudis Sanchez,marzo,jueves,18,-101.2094753,19.7439916449991
21881,21884,2019,,2019/03/28,18:20:00,COLISIÓN POR CORTE DE CIRCULACIÓN,ASFALTO,Bueno,Bueno,2,NISSAN,NEGRO,2,MINISTERIO PÚBLICO,40,MASCULINO,SIN DATOS,0,0,Hidalgo,Centro,marzo,jueves,18,-100.553224124014,19.6893954927444
21882,21885,2019,,2019/03/28,19:35:00,COLISIÓN POR CAMBIO DE CARRIL,ASFALTO,Bueno,Bueno,2,HYUNDAY,PLATA,2,,22,FEMENINO,SIN DATOS,0,0,Morelia,Poblado de Ocolusen,marzo,jueves,20,-101.153176233214,19.6939479390376
21883,21886,2019,,2019/03/28,21:00:00,COLISIÓN CONTRA OBJETO FIJO,CONCRETO,Bueno,Bueno,1,CHEVROLET,ROJO,1,,46,MASCULINO,SIN DATOS,0,0,Tuxpan,Tuxpan,marzo,jueves,21,-100.464083254337,19.567862532462
21885,21888,2019,,2019/03/29,"00:00:00",COLISIÓN POR ALCANCE,ASFALTO,Bueno,Bueno,1,Volkswagen,azul,1,,,,SIN DATOS,0,0,Morelia,San Jose Itzicuaro,marzo,viernes,0,-101.3003902,19.6866742
21886,21889,2019,,2019/03/29,"00:10:00",SALIDA DE SUPERFICIE DE RODAMIENTO,ASFALTO,Bueno,Bueno,1,TOYOTA,BLANCO,1,,46,MASCULINO,ALIENTO ETÍLICO,0,0,Morelia,Club de Golf Tres Marias,marzo,viernes,0,-101.114379805995,19.701972
21887,21890,2019,,2019/03/29,"02:40:00",COLISIÓN CONTRA OBJETO FIJO,ASFALTO,Bueno,Bueno,1,CHRYSLER,VERDE,0,,,,,0,0,Morelia,Ejidal Ocolusen,marzo,viernes,3,-101.15374352,19.6838305849991
21888,21891,2019,,2019/03/29,"07:35:00",COLISIÓN POR CORTE DE CIRCULACIÓN,ASFALTO,Bueno,Bueno,3,Volkswagen,Gris,3,,49,MASCULINO,SIN DATOS,0,0,Morelia,Sentimientos de La Nacion,marzo,viernes,8,-101.236870922148,19.6848045870698
21889,21892,2019,,2019/03/29,"07:50:00",COLISIÓN POR ALCANCE,ASFALTO,Bueno,Bueno,2,NISSAN,BLANCO,2,,27,MASCULINO,SIN DATOS,0,0,Morelia,Diego Rivera,marzo,viernes,8,-101.175940185785,19.7181750684184
21890,21893,2019,,2019/03/29,"09:20:00",COLISIÓN POR ALCANCE,ASFALTO,Bueno,Bueno,2,Volkswagen,Negro,2,,41,MASCULINO,SIN DATOS,0,0,Morelia,Sin datos,marzo,viernes,9,-101.304548755288,19.6876652768849
21891,21894,2019,MOR 190204268,2019/03/29,"09:43:00",COLISIÓN CONTRA OBJETO FIJO,CONCRETO,Bueno,Bueno,1,SCANIA,BLANCO,1,,48,MASCULINO,SIN DATOS,0,0,Morelia,Lomas de Vista Bella,marzo,viernes,10,-101.196181476116,19.6700236477031
21892,21895,2019,,2019/03/29,"09:52:00",COLISIÓN POR ALCANCE,ASFALTO,Bueno,Bueno,2,TOYOTA,VINO,2,,34,MASCULINO,SIN DATOS,0,0,Tarímbaro,Sin datos,marzo,viernes,10,-101.170939877629,19.7523858369087
21893,21896,2019,,2019/03/29,10:29:00,COLISIÓN POR CORTE DE CIRCULACIÓN,ASFALTO,Bueno,Bueno,2,TOYOTA,GRIS CON BLANCO,1,,0,MASCULINO,SIN DATOS,0,0,Morelia,Lomas del Valle,marzo,viernes,10,-101.230638474226,19.6877918632805
21894,21897,2019,,2019/03/29,11:46:00,COLISIÓN POR CORTE DE CIRCULACIÓN,ASFALTO,Bueno,Bueno,1,KENWORTH,BLANCO,1,,24,MASCULINO,SIN DATOS,0,0,Morelia,Niño Artillero,marzo,viernes,12,-101.250658817589,19.6984976796524
21895,21898,2019,MOR19032894,2019/03/29,12:08:00,COLISIÓN POR CORTE DE CIRCULACIÓN,ASFALTO,Bueno,Bueno,2,TOYOTA,BLANCO Y GRIS,2,,32,MASCULINO,SIN DATOS,0,0,Morelia,Enrique Ramirez,marzo,viernes,12,-101.165178157389,19.7092709569089
21896,21899,2019,,2019/03/29,14:00:00,COLISIÓN POR CORTE DE CIRCULACIÓN,ASFALTO,Bueno,Bueno,2,NISSAN,BLANCO/NARANJA,3,MINISTERIO PÚBLICO,54,MASCULINO,SIN DATOS,1,0,Zitácuaro,Sin datos,marzo,viernes,14,-100.416800603271,19.4856370801404
21897,21900,2019,,2019/03/29,14:04:00,COLISIÓN POR ALCANCE,ASFALTO,Bueno,Bueno,2,KENWORTH,BLANCO,2,,43,MASCULINO,SIN DATOS,0,0,Morelia,Lomas del Tecnologico,marzo,viernes,14,-101.188348419964,19.7211585655278
21898,21901,2019,LEG22824,2019/03/29,15:27:00,COLISIÓN POR NO RESPETAR SEMÁFORO,ASFALTO,Bueno,Bueno,3,NISSAN,ROJO,3,,41,MASCULINO,SIN DATOS,0,0,Morelia,La Esperanza,marzo,viernes,15,-101.154002398252,19.6983149149781
21899,21902,2019,,2019/03/29,15:45:00,CAIDA DE MOTOCICLETA,ASFALTO,Bueno,Bueno,1,HONDA,ROJO - NEGRO,2,,56,MASCULINO,SIN DATOS,1,0,Zacapu,Zacapu,marzo,viernes,16,-101.781596392393,19.8064157300455
21900,21903,2019,,2019/03/29,15:45:00,CAIDA DE MOTOCICLETA,ASFALTO,Bueno,Bueno,1,HONDA,NEGRO,1,,40,MASCULINO,SIN DATOS,0,0,Morelia,Montaña Monarca,marzo,viernes,16,-101.160041727126,19.6734613953736
21901,21904,2019,,2019/03/29,16:00:00,COLISIÓN POR NO RESPETAR SEMÁFORO,ASFALTO,Bueno,Bueno,3,Nissan,Gris,6,,33,FEMENINO,SIN DATOS,3,0,Morelia,Jardines de Torremolinos,marzo,viernes,16,-101.225689798594,19.6767181741634
21902,21905,2019,,2019/03/29,16:25:00,COLISIÓN POR CORTE DE CIRCULACIÓN,CONCRETO,Bueno,Bueno,2,NISSAN,AZUL,2,,0,FEMENINO,SIN DATOS,0,0,Morelia,Independencia,marzo,viernes,16,-101.175436936319,19.7116053711996
21903,21906,2019,,2019/03/29,17:15:00,COLISIÓN POR CORTE DE CIRCULACIÓN,SIN_DATOS,Bueno,Bueno,2,MERCEDEZ BENZ,CAFE,1,,42,MASCULINO,SIN DATOS,0,0,Morelia,Fovissste Acueducto,marzo,viernes,17,-101.155631504953,19.7008543467188
21904,21907,2019,,2019/03/29,17:20:00,COLISIÓN POR ALCANCE,ASFALTO,Bueno,Bueno,2,NISSAN,BLANCA,2,,28,MASCULINO,SIN DATOS,0,0,Morelia,Alberto Oviedo Mota,marzo,viernes,17,-101.195691457581,19.6814942244239
21905,21908,2019,"190244158",2019/03/29,17:40:00,COLISIÓN POR CORTE DE CIRCULACIÓN,ASFALTO,Bueno,Regular,2,HONDA,GRIS,2,,17,MASCULINO,SIN DATOS,0,0,Morelia,Balcones de Morelia,marzo,viernes,18,-101.200725138187,19.6733644739359
21906,21909,2019,,2019/03/29,17:50:00,COLISIÓN POR CORTE DE CIRCULACIÓN,ASFALTO,Bueno,Bueno,2,HYUNDAI,GRIS,2,,20,FEMENINO,SIN DATOS,0,0,Morelia,Sin datos,marzo,viernes,18,-101.180941164494,19.747461616742
21907,21910,2019,,2019/03/29,18:40:00,COLISIÓN POR ALCANCE,ASFALTO,Bueno,Bueno,2,CHEVROLET,GRIS,2,,42,MASCULINO,SIN DATOS,0,0,Tarímbaro,Sin datos,marzo,viernes,19,-101.135902181268,19.7749879662631
21908,21911,2019,,2019/03/29,18:45:00,COLISIÓN POR ALCANCE,ASFALTO,Bueno,Bueno,2,TOYOTA TACOMA,GRIS,2,,62,MASCULINO,SIN DATOS,0,0,Morelia,Granjas Unidas de Morelia,marzo,viernes,19,-101.279489547014,19.6913094097995
21909,21912,2019,,2019/03/29,19:15:00,CAIDA DE MOTOCICLETA,ASFALTO,Bueno,Bueno,1,VENTO,GRIS/ROJO,1,,,,,1,0,Morelia,Dr Miguel Silva,marzo,viernes,19,-101.1863357,19.7202746
21910,21913,2019,,2019/03/29,19:45:00,COLISIÓN POR MANIOBRA DE REVERSA,ASFALTO,Bueno,Bueno,2,CHEVROLET,AZUL,2,,20,,SIN DATOS,0,0,Tarímbaro,Sin datos,marzo,viernes,20,-101.167980707457,19.7579909958213
21911,21914,2019,,2019/03/29,20:00:00,VOLCADURA,ADOQUIN_EMPEDRADO,Bueno,Bueno,1,NISSAN,BLANCO,1,,34,MASCULINO,SIN DATOS,0,0,Juárez,Sin datos,marzo,viernes,20,-100.40244910866,19.3380374591227
21912,21915,2019,,2019/03/29,20:45:00,COLISIÓN POR CORTE DE CIRCULACIÓN,ASFALTO,Bueno,Bueno,1,Jeep,Azul,1,,26,MASCULINO,SIN DATOS,0,0,Morelia,Sentimientos de La Nacion,marzo,viernes,21,-101.233257986605,19.6782215233523
21913,21916,2019,,2019/03/29,23:00:00,COLISIÓN POR CORTE DE CIRCULACIÓN,CONCRETO,Bueno,Bueno,1,RENAULT,GRIS,1,,0,MASCULINO,SIN DATOS,0,0,Morelia,Virrey Antonio de Mendoza,marzo,viernes,23,-101.162356473505,19.7065346997049
21915,21918,2019,MOR190238928,2019/03/30,"01:20:00",COLISIÓN CONTRA OBJETO FIJO,ASFALTO,Bueno,Bueno,1,FIAT,BLANCO,1,,33,MASCULINO,SIN DATOS,0,0,Morelia,La Soledad,marzo,sábado,1,-101.184064932168,19.7255382371383
21916,21919,2019,MOR190245473,2019/03/30,"01:40:00",COLISIÓN POR CORTE DE CIRCULACIÓN,CONCRETO,Bueno,Bueno,1,FIAT,BLANCO,1,,0,,SIN DATOS,0,0,Morelia,Ejidal Ocolusen,marzo,sábado,2,-101.15790668875,19.6856127323863
21917,21920,2019,,2019/03/30,"01:45:00",COLISIÓN POR INVASIÓN DE CARRIL,ASFALTO,Bueno,Bueno,2,ITALIKA DT125,BLANCO,2,,25,MASCULINO,SIN DATOS,0,0,Morelia,Vista Bella,marzo,sábado,2,-101.192060261965,19.6822566928559
21918,21921,2019,MOR 190245504,2019/03/30,"02:20:00",COLISIÓN POR ALCANCE,ASFALTO,Bueno,Bueno,3,SEAT,NEGRO,3,MINISTERIO PÚBLICO,24,FEMENINO,ALIENTO ETÍLICO,0,0,Morelia,Vicente Guerrero,marzo,sábado,2,-101.228808872402,19.7037175905278
21919,21922,2019,,2019/03/30,"03:45:00",COLISIÓN CONTRA OBJETO FIJO,CONCRETO,Bueno,Bueno,1,MERCEDES BENZ,NEGRO,0,,,,,0,0,Morelia,Puerta Tres Marias Norte,marzo,sábado,4,-101.142468564212,19.6921831812471
21921,21924,2019,,2019/03/30,"04:30:00",CAIDA DE MOTOCICLETA,ASFALTO,Bueno,Bueno,1,RAZER,NEGRO,1,,45,,ALIENTO ETÍLICO,0,0,Morelia,Cinco de Diciembre,marzo,sábado,5,-101.163798496127,19.6857497378677
21922,21925,2019,,2019/03/30,"05:05:00",COLISIÓN CON PEATÓN,ASFALTO,Bueno,Bueno,2,VOLKSWAGEN POINTER,GRIS,1,MINISTERIO PÚBLICO,21,MASCULINO,SIN DATOS,0,0,Morelia,Trinidad Salgado,marzo,sábado,5,-101.230734698474,19.7032725300866
21923,21926,2019,,2019/03/30,"06:00:00",COLISIÓN CONTRA OBJETO FIJO,CONCRETO,Bueno,Bueno,1,Chrysler,Gris,1,MINISTERIO PÚBLICO,27,MASCULINO,SIN DATOS,0,0,Morelia,Ejidal Ocolusen,marzo,sábado,6,-101.153469979763,19.687246373062
21924,21927,2019,MOR190245697,2019/03/30,"07:00:00",SALIDA DE SUPERFICIE DE RODAMIENTO,ASFALTO,Bueno,Bueno,1,DODGE,GRIS,1,MINISTERIO PÚBLICO,0,,SIN DATOS,0,0,Morelia,Nicolas Bravo(Los Ejidos),marzo,sábado,7,-101.213642321527,19.7024041851935
21925,21928,2019,,2019/03/30,"07:50:00",COLISIÓN POR CORTE DE CIRCULACIÓN,SIN_DATOS,Bueno,Bueno,2,HONDA,GRIS,2,,32,MASCULINO,SIN DATOS,0,0,Morelia,Chapultepec Sur,marzo,sábado,8,-101.176909469068,19.6931270258269
21926,21929,2019,,2019/03/30,"08:15:00",COLISIÓN POR ALCANCE,ASFALTO,Bueno,Regular,2,MERCEDES BENZ,NEGRO,2,MINISTERIO PÚBLICO,39,MASCULINO,SIN DATOS,0,0,Morelia,Campestre Los Manantiales,marzo,sábado,8,-101.237603835762,19.6924183537449
21927,21930,2019,,2019/03/30,"08:30:00",COLISIÓN POR CORTE DE CIRCULACIÓN,ASFALTO,Bueno,Bueno,2,Toyota,Blanco,2,,55,MASCULINO,SIN DATOS,0,0,Morelia,Ejidal Ocolusen,marzo,sábado,9,-101.155479960144,19.682732749023
21928,21931,2019,,2019/03/30,"08:40:00",COLISIÓN POR CORTE DE CIRCULACIÓN,ASFALTO,Bueno,Bueno,1,Honda,Plata,1,,35,MASCULINO,ALIENTO ETÍLICO,0,0,Morelia,Comision Federal de Electricidad,marzo,sábado,9,-101.181218102574,19.681428010808
21929,21932,2019,,2019/03/30,"09:45:00",COLISIÓN POR CORTE DE CIRCULACIÓN,ASFALTO,Bueno,Bueno,2,CHRYSLER,AZUL,2,,64,MASCULINO,SIN DATOS,0,0,Lázaro Cárdenas,Centro,marzo,sábado,10,-102.196455001831,17.9536526276041
21930,21933,2019,,2019/03/30,"09:45:00",COLISIÓN CONTRA OBJETO FIJO,ASFALTO,Bueno,Bueno,1,FORD,VERDE,1,,43,MASCULINO,SIN DATOS,0,0,Morelia,Felicitas del Rio,marzo,sábado,10,-101.202257014811,19.6909104027548
21931,21934,2019,,2019/03/30,11:20:00,COLISIÓN CONTRA OBJETO FIJO,ASFALTO,Bueno,Bueno,1,International,Blanco,1,,0,MASCULINO,SIN DATOS,0,0,Morelia,Jardines del Rincon,marzo,sábado,11,-101.15044914186,19.6907841344955
21932,21935,2019,MOR190246337,2019/03/30,11:20:00,COLISIÓN POR CORTE DE CIRCULACIÓN,ASFALTO,Bueno,Bueno,2,DODGE,BLANCO/ROJO,2,,38,MASCULINO,SIN DATOS,0,0,Morelia,Niño Artillero,marzo,sábado,11,-101.256076376885,19.6974686392147
21933,21936,2019,,2019/03/30,12:40:00,COLISIÓN POR MANIOBRA DE REVERSA,ASFALTO,Bueno,Bueno,2,Chevrolet,Blanco,2,,55,MASCULINO,SIN DATOS,0,0,Morelia,Paseo de Las Lomas,marzo,sábado,13,-101.147804483771,19.7003104792723
21934,21937,2019,MOR190246681,2019/03/30,13:15:00,COLISIÓN POR CORTE DE CIRCULACIÓN,ADOQUIN_EMPEDRADO,Bueno,Bueno,2,MAZDA,PLATA,2,,45,FEMENINO,SIN DATOS,0,0,Morelia,Morelos,marzo,sábado,13,-101.17810305208,19.7260072213052
21935,21938,2019,MOR190246991,2019/03/30,14:40:00,COLISIÓN POR ALCANCE,CONCRETO,Bueno,Bueno,2,FORD,VERDE,2,MINISTERIO PÚBLICO,19,FEMENINO,SIN DATOS,0,0,Morelia,Elias Perez Avalos,marzo,sábado,15,-101.16588961333,19.7104078676385
21936,21939,2019,MOR190247169,2019/03/30,15:35:00,SALIDA DE SUPERFICIE DE RODAMIENTO,ASFALTO,Bueno,Bueno,1,VOLVO,BLANCO,1,,58,MASCULINO,SIN DATOS,0,0,Tarímbaro,Sin datos,marzo,sábado,16,-101.166937351227,19.8136057557057
21937,21940,2019,,2019/03/30,16:05:00,COLISIÓN POR ALCANCE,ASFALTO,Bueno,Bueno,2,Suzuki,Azul,2,,,,SIN DATOS,0,0,Morelia,Felix Ireta,marzo,sábado,16,-101.192979253829,19.682109266687
21938,21941,2019,MOR190247691,2019/03/30,18:35:00,COLISIÓN POR ALCANCE,ASFALTO,Bueno,Bueno,2,S/D.,BLANCO,2,,0,,SIN DATOS,0,0,Morelia,Lucio Cabañas(26 de Julio),marzo,sábado,19,-101.250591091812,19.7133303316974
21939,21942,2019,,2019/03/30,18:40:00,COLISIÓN CONTRA OBJETO FIJO,ASFALTO,Bueno,Bueno,2,FORD,VERDE,2,,58,,SIN DATOS,0,0,Morelia,Loma Bonita,marzo,sábado,19,-101.196829229593,19.7197361011446
21940,21943,2019,,2019/03/30,19:25:00,COLISIÓN POR INVASIÓN DE CARRIL,CONCRETO,Bueno,Bueno,2,CHEVROLET,Beige,2,,27,MASCULINO,SIN DATOS,0,0,Morelia,Jacarandas,marzo,sábado,19,-101.210079677403,19.7084436772532
21941,21944,2019,,2019/03/30,19:50:00,COLISIÓN CON PEATÓN,ASFALTO,Bueno,Bueno,1,Dodge,Rojo,2,,40,MASCULINO,SIN DATOS,1,0,Morelia,Pascual Ortiz de Ayala,marzo,sábado,20,-101.149478517473,19.6947227102771
21942,21945,2019,MOR190247915,2019/03/30,20:05:00,SALIDA DE SUPERFICIE DE RODAMIENTO,ASFALTO,Bueno,Bueno,1,HONDA,AZUL,1,,38,MASCULINO,SIN DATOS,0,0,Morelia,San Jose Itzicuaro,marzo,sábado,20,-101.300247833133,19.6874335698568
21943,21946,2019,,2019/03/30,21:29:00,COLISIÓN CONTRA OBJETO FIJO,CONCRETO,Bueno,Regular,2,SIN DATOS,SIN DATOS,0,,,,,0,0,Morelia,Ciudad Jardin,marzo,sábado,21,-101.255187727511,19.7060138933428
21944,21947,2019,,2019/03/30,22:00:00,COLISIÓN POR ALCANCE,ASFALTO,Bueno,Bueno,2,Nissan,Blanco,2,,40,MASCULINO,SIN DATOS,0,0,Morelia,Ignacio Zaragoza,marzo,sábado,22,-101.202700920403,19.7251967552034
21945,21948,2019,MOR190248484,2019/03/30,22:45:00,COLISIÓN POR CAMBIO DE CARRIL,ASFALTO,Bueno,Bueno,2,NISSAN,BLANCO,2,,48,MASCULINO,SIN DATOS,0,0,Morelia,Residencial Alborada,marzo,sábado,23,-101.234587989748,19.7023517876409
21946,21949,2019,,2019/03/30,23:50:00,SALIDA DE SUPERFICIE DE RODAMIENTO,ASFALTO,Bueno,Bueno,1,NISSAN,GUINDA,1,,23,MASCULINO,SIN DATOS,0,0,Zitácuaro,Sin datos,marzo,sábado,0,-100.392030903973,19.4102113639556
21947,21950,2019,,2019/03/31,"00:00:00",COLISIÓN POR INVASIÓN DE CARRIL,ASFALTO,Bueno,Bueno,1,Volkswaguen,Gris,1,,32,MASCULINO,SIN DATOS,0,0,Huandacareo,Chapultepec,marzo,domingo,0,-101.268647610798,19.986796597937