fid,id_accidente,anio_origen,folio_c5i,dia_incidente,hora_ocurrencia,tipo_incidente_vial,superficie_ocurrencia,condiciones_climaticas,condiciones_via,numero_vehiculos_involucrados,marca_vehiculo_ocasiona_siniestro,color_vehiculo_ocasiona_siniestro,numero_personas_involucradas,lugar_remite_presunto_responsable,edad_presunto_responsable,sexo_presunto_responsable,resultados_toxicologia,numero_personas_lesionadas,numero_personas_fallecidas,municipio,colonia,mes,dia_semana,hora_redondeada,lon,lat
21948,21951,2019,,2019/03/31,"00:05:00",COLISIÓN CONTRA OBJETO FIJO,ASFALTO,Bueno,Bueno,1,nissan,BLANCO,1,MINISTERIO PÚBLICO,,,,1,0,Morelia,Sin datos,marzo,domingo,0,-101.136802397668,19.6898525873352
21949,21952,2019,MOR190248708,2019/03/31,"01:00:00",COLISIÓN POR CORTE DE CIRCULACIÓN,ASFALTO,Bueno,Bueno,1,TOYOTA,GUINDA,2,,24,MASCULINO,ALIENTO ETÍLICO,0,0,Morelia,Felix Ireta,marzo,domingo,1,-101.190708428621,19.6908115978503
21950,21953,2019,,2019/03/31,"05:00:00",COLISIÓN POR ALCANCE,ASFALTO,Bueno,Bueno,2,Kia,Gris,1,,0,FEMENINO,SIN DATOS,0,0,Morelia,Isaac Arriaga,marzo,domingo,5,-101.17239933461,19.7072957052249
21951,21954,2019,MOR190248963,2019/03/31,"05:50:00",COLISIÓN CONTRA OBJETO FIJO,CONCRETO,Bueno,Bueno,1,CHEVROLET,ROJO,1,,33,MASCULINO,SIN DATOS,0,0,Morelia,Centro,marzo,domingo,6,-101.194424629211,19.7070413006301
21952,21955,2019,,2019/03/31,"06:30:00",COLISIÓN POR CAMBIO DE CARRIL,ASFALTO,Bueno,Bueno,2,HYUNDAI,BLANCO,2,,17,MASCULINO,SIN DATOS,0,0,Morelia,Felix Ireta,marzo,domingo,7,-101.195666827261,19.6814943055296
21953,21956,2019,,2019/03/31,"06:34:00",COLISIÓN POR INVASIÓN DE CARRIL,ASFALTO,Bueno,Bueno,2,FORD,GRIS,2,,35,MASCULINO,SIN DATOS,0,0,Morelia,Vista Bella,marzo,domingo,7,-101.197672784328,19.6798751280286
21954,21957,2019,MOR190249408,2019/03/31,"08:00:00",COLISIÓN POR NO RESPETAR SEMÁFORO,CONCRETO,Bueno,Bueno,2,WV,AZUL,2,,56,MASCULINO,SIN DATOS,0,0,Morelia,Centro,marzo,domingo,8,-101.200146283954,19.7046266463052
21955,21958,2019,MOR 190245528,2019/03/31,"08:20:00",COLISIÓN POR ALCANCE,ASFALTO,Bueno,Bueno,2,VOLKSWAGEN,GRIS,2,,35,MASCULINO,SIN DATOS,0,0,Morelia,Tinijaro,marzo,domingo,8,-101.26448392868,19.696214842353
21956,21959,2019,MOR190249295,2019/03/31,"09:00:00",COLISIÓN POR CORTE DE CIRCULACIÓN,ASFALTO,Bueno,Bueno,2,HYUNDAI,ROJO,2,,43,MASCULINO,SIN DATOS,0,0,Morelia,Torreon Nuevo,marzo,domingo,9,-101.20358663,19.7462449699991
21957,21960,2019,MOR190542098,2019/03/31,"09:00:00",COLISIÓN POR CAMBIO DE CARRIL,ASFALTO,Bueno,Bueno,2,NAVISTAR,VERDE,2,MINISTERIO PÚBLICO,25,MASCULINO,SIN DATOS,0,0,Morelia,Lomas de San Juan,marzo,domingo,9,-101.183039681886,19.7298664251429
21958,21961,2019,,2019/03/31,"09:40:00",COLISIÓN POR CORTE DE CIRCULACIÓN,ASFALTO,Bueno,Bueno,1,ITALIKA,NEGRO Y ROJO,1,,37,MASCULINO,SIN DATOS,0,0,Morelia,Adolfo Lopez Mateos,marzo,domingo,10,-101.225765145,19.6936367449992
21959,21962,2019,MOR 190245538,2019/03/31,12:00:00,COLISIÓN POR INVASIÓN DE CARRIL,ASFALTO,Bueno,Bueno,2,NISSAN,BLANCO,2,MINISTERIO PÚBLICO,40,MASCULINO,SIN DATOS,0,0,Morelia,Union Antorchista,marzo,domingo,12,-101.268784945772,19.7002996149795
21961,21964,2019,,2019/03/31,13:00:00,COLISIÓN CONTRA OBJETO FIJO,ASFALTO,Bueno,Bueno,1,Toyota,Grs,0,,,,,0,0,Morelia,Nueva Chapultepec,marzo,domingo,13,-101.173032671213,19.6861831668792
21963,21966,2019,,2019/03/31,14:30:00,COLISIÓN CON PEATÓN,SIN_DATOS,Bueno,Bueno,2,VOLKSWAGEN,ROJO,2,,47,MASCULINO,CON CERTIFICADO,0,0,Morelia,Centro,marzo,domingo,15,-101.199290826917,19.6990658586538
21964,21967,2019,,2019/03/31,15:00:00,VOLCADURA,ASFALTO,Bueno,Bueno,1,TOYOTA,DORADO,1,,,,,1,0,Morelia,Congreso Constituyente de Michoacan,marzo,domingo,15,-101.171684186911,19.7217650175043
21966,21969,2019,,2019/03/31,16:15:00,COLISIÓN POR CAMBIO DE CARRIL,ASFALTO,Bueno,Bueno,2,JEEP,BLANCO,2,,36,MASCULINO,SIN DATOS,0,0,Morelia,Francisco J Mujica,marzo,domingo,16,-101.185511648655,19.7240596340354
21967,21970,2019,MOR 190245446,2019/03/31,16:20:00,COLISIÓN POR NO RESPETAR SEMÁFORO,ASFALTO,Bueno,Bueno,2,NISSAN,BLANCO Y GUINDA,2,,42,MASCULINO,SIN DATOS,0,0,Morelia,San Rafael,marzo,domingo,16,-101.153862588108,19.6998025944219
21968,21971,2019,,2019/03/31,16:30:00,COLISIÓN POR CORTE DE CIRCULACIÓN,ASFALTO,Bueno,Bueno,2,NISSAN,TURQUEZA,2,,,MASCULINO,SIN DATOS,0,0,Lázaro Cárdenas,Centro,marzo,domingo,17,-102.191852,17.955388
21969,21972,2019,MOR190250473,2019/03/31,17:00:00,COLISIÓN POR INVASIÓN DE CARRIL,CONCRETO,Bueno,Bueno,2,INTERNATIONAL,BLANCO,2,,52,MASCULINO,SIN DATOS,0,0,Morelia,Isaac Arriaga,marzo,domingo,17,-101.173358224332,19.7133230187965
21971,21974,2019,,2019/03/31,17:15:00,COLISIÓN POR MANIOBRA DE REVERSA,CONCRETO,Bueno,Bueno,2,LINCOLN,SIN DATO,2,MINISTERIO PÚBLICO,0,,SIN DATOS,0,0,Morelia,Lomas del Tecnologico,marzo,domingo,17,-101.190983165,19.7203156949991
21972,21975,2019,,2019/03/31,18:05:00,COLISIÓN CON PEATÓN,SIN_DATOS,Bueno,Bueno,2,SUZUKI,GRIS,2,,34,MASCULINO,SIN DATOS,0,0,Morelia,San Pascual,marzo,domingo,18,-101.267358586192,19.6953565603388
21973,21976,2019,MOR 190251467,2019/03/31,18:10:00,COLISIÓN CONTRA OBJETO FIJO,ASFALTO,Bueno,Regular,2,CHEVROLET,BLANCO,2,,44,MASCULINO,SIN DATOS,0,0,Morelia,Independencia,marzo,domingo,18,-101.178714931011,19.7141515357103
21974,21977,2019,MOR190250804,2019/03/31,18:35:00,COLISIÓN POR CAMBIO DE CARRIL,ASFALTO,Bueno,Bueno,2,NISSAN,BLANCO,2,,64,MASCULINO,SIN DATOS,0,0,Morelia,Campestre Los Manantiales,marzo,domingo,19,-101.238270699978,19.6877372512069
21975,21978,2019,MOR190251244,2019/03/31,21:10:00,SUBIDA AL CAMELLÓN,CONCRETO,Bueno,Bueno,1,HONDA,BLANCO,1,,25,MASCULINO,ALIENTO ETÍLICO,0,0,Tarímbaro,Club Erandeni,marzo,domingo,21,-101.181747168303,19.7591119404027
21976,21979,2019,,2019/04/01,"00:00:00",VOLCADURA,ASFALTO,Bueno,Regular,1,FORD,ROJO,2,,21,MASCULINO,SIN DATOS,1,0,Huandacareo,Sin datos,abril,lunes,0,-101.289573647082,19.9884582073199
21977,21980,2019,,2019/04/01,"00:00:00",COLISIÓN POR CORTE DE CIRCULACIÓN,ASFALTO,Bueno,Bueno,2,HONDA,BLANCO,2,,,FEMENINO,SIN DATOS,0,0,Morelia,Del Empleado,abril,lunes,0,-101.18002517,19.6886070099991
21979,21982,2019,,2019/04/01,"07:30:00",COLISIÓN POR CORTE DE CIRCULACIÓN,ASFALTO,Bueno,Bueno,1,SUZUKI,BLANCO,1,,24,MASCULINO,SIN DATOS,0,0,Peribán,Los Cerritos,abril,lunes,8,-102.43375774473,19.5377687521595
21983,21986,2019,,2019/04/01,14:15:00,COLISIÓN POR INVASIÓN DE CARRIL,ASFALTO,Bueno,Bueno,2,NAVISTAR EXICO,BLANCO Y AZUL,2,,39,MASCULINO,SIN DATOS,0,0,Morelia,Residencial Los Duraznos,abril,lunes,14,-101.225,19.6625
21984,21987,2019,,2019/04/01,15:12:00,COLISIÓN CON PEATÓN,ASFALTO,Bueno,Bueno,1,TOYOTA,BLANCO,1,,,,,1,0,Tarímbaro,Sin datos,abril,lunes,15,-101.158266805995,19.766484
21985,21988,2019,,2019/04/01,15:45:00,COLISIÓN POR ALCANCE,ASFALTO,Bueno,Bueno,2,CHEVROLET,BLANCO,2,,38,FEMENINO,SIN DATOS,0,0,Morelia,Lomas del Valle,abril,lunes,16,-101.230037015,19.6880963799991
21986,21989,2019,,2019/04/01,15:45:00,COLISIÓN POR ALCANCE,ASFALTO,Bueno,Bueno,2,NISSAN,BLANCO,2,,22,MASCULINO,SIN DATOS,0,0,Morelia,Industrial,abril,lunes,16,-101.197221835,19.7107552949991
21987,21990,2019,MOR190253567,2019/04/01,16:45:00,COLISIÓN POR CORTE DE CIRCULACIÓN,ASFALTO,Bueno,Bueno,2,CHEVROLET,GRIS,2,,36,MASCULINO,SIN DATOS,0,0,Morelia,Torreon Nuevo,abril,lunes,17,-101.20358663,19.7462449699991
21988,21991,2019,,2019/04/01,17:45:00,COLISIÓN POR NO RESPETAR SEMÁFORO,ASFALTO,Bueno,Bueno,2,HONDA,AZUL,2,,38,MASCULINO,SIN DATOS,0,0,Morelia,Agua Clara,abril,lunes,18,-101.224493915,19.7025742199991
21989,21992,2019,,2019/04/01,17:46:00,COLISIÓN POR INVASIÓN DE CARRIL,ASFALTO,Bueno,Bueno,2,FORD,BLANCO,2,,38,MASCULINO,SIN DATOS,0,0,Peribán,Los Cerritos,abril,lunes,18,-102.429072596133,19.5332439791076
21990,21993,2019,MOR190240757,2019/04/01,18:01:00,COLISIÓN POR CORTE DE CIRCULACIÓN,ASFALTO,Bueno,Bueno,2,HYUNDAY,BLANCO,2,,29,MASCULINO,SIN DATOS,0,0,Morelia,Los Angeles,abril,lunes,18,-101.172693695,19.7488773499992
21992,21995,2019,MOR190254064,2019/04/01,20:00:00,COLISIÓN POR CORTE DE CIRCULACIÓN,ASFALTO,Bueno,Bueno,1,S/D,VERDE Y NEGRO,1,,29,MASCULINO,SIN DATOS,0,0,Morelia,Elias Perez Avalos,abril,lunes,20,-101.167813022979,19.7136335493406
21993,21996,2019,,2019/04/01,20:06:00,COLISIÓN POR CORTE DE CIRCULACIÓN,CONCRETO,Bueno,Bueno,2,NISSAN,ROJO,2,MINISTERIO PÚBLICO,19,FEMENINO,SIN DATOS,0,0,Morelia,Gustavo Diaz Ordaz,abril,lunes,20,-101.20599683,19.6941365749992
21994,21997,2019,,2019/04/01,21:10:00,COLISIÓN POR ALCANCE,ASFALTO,Bueno,Bueno,2,NISSAN,AZUL,2,,18,MASCULINO,SIN DATOS,0,0,Morelia,Morelos,abril,lunes,21,-101.20619815,19.7022964949991
21996,21999,2019,,2019/04/02,"07:50:00",COLISIÓN CONTRA OBJETO FIJO,CONCRETO,Bueno,Bueno,1,FORD,NEGRO,1,,45,MASCULINO,SIN DATOS,0,0,Morelia,Club de Golf Tres Marias,abril,martes,8,-101.107,19.7091
21997,22000,2019,MOR190255072,2019/04/02,"08:00:00",COLISIÓN CON PEATÓN,CONCRETO,Bueno,Bueno,4,VOLKSWAGUEN,CAFE,4,,35,MASCULINO,SIN DATOS,0,0,Morelia,Chapultepec Norte,abril,martes,8,-101.168215771285,19.6962603082232
21999,22002,2019,,2019/04/02,"08:57:00",COLISIÓN POR INVASIÓN DE CARRIL,ASFALTO,Bueno,Bueno,2,MERCEDES BENZ,AMARILLO,2,,47,MASCULINO,SIN DATOS,0,0,Morelia,Centro,abril,martes,9,-101.201404025,19.7044224649991
22000,22003,2019,MOR  190 255110,2019/04/02,"08:58:00",COLISIÓN POR ALCANCE,ASFALTO,Bueno,Bueno,3,HONDA,BLANCO,3,,33,FEMENINO,SIN DATOS,0,0,Morelia,Santillan La Huerta,abril,martes,9,-101.21886954349,19.6750041035967
22002,22005,2019,,2019/04/02,"09:45:00",COLISIÓN POR INVASIÓN DE CARRIL,ASFALTO,Bueno,Bueno,2,NISSAN,BLANCO,2,MINISTERIO PÚBLICO,63,MASCULINO,SIN DATOS,0,0,Morelia,Tanganxoan (Guadalupe Victoria),abril,martes,10,-101.29028433,19.6918847699992
22003,22006,2019,MOR190321069,2019/04/02,10:30:00,COLISIÓN POR CAMBIO DE CARRIL,ASFALTO,Bueno,Bueno,2,VOLKWAGEN,BLANCO,1,,18,MASCULINO,SIN DATOS,0,0,Morelia,Jardines de Torremolinos,abril,martes,11,-101.226482391357,19.6769795723055
22006,22009,2019,,2019/04/02,12:25:00,CAIDA DE MOTOCICLETA,CONCRETO,Bueno,Bueno,1,VENTO,NEGRO,2,,23,MASCULINO,SIN DATOS,1,0,Morelia,Centro,abril,martes,12,-101.183389954654,19.7044140305875
22007,22010,2019,,2019/04/02,13:50:00,COLISIÓN POR CORTE DE CIRCULACIÓN,ASFALTO,Bueno,Bueno,2,VOLKSWAGEN,VERDE,2,,31,FEMENINO,SIN DATOS,0,0,Morelia,Gertrudis Sanchez,abril,martes,14,-101.205776745,19.7441101549991
22008,22011,2019,,2019/04/02,14:30:00,COLISIÓN POR ALCANCE,ASFALTO,Bueno,Bueno,3,CHEVROLET,AMARILLO,3,,33,FEMENINO,SIN DATOS,0,0,Zitácuaro,Sin datos,abril,martes,15,-100.372665524483,19.4900149513153
22009,22012,2019,MOR190256545,2019/04/02,17:10:00,COLISIÓN POR CORTE DE CIRCULACIÓN,ASFALTO,Bueno,Bueno,1,NISSAN,BLANCO,1,,47,MASCULINO,SIN DATOS,0,0,Morelia,Santa Fe Sur (Ex Hacienda La Soledad),abril,martes,17,-101.175054154066,19.7371779664474
22011,22014,2019,,2019/04/02,18:10:00,COLISIÓN POR INVASIÓN DE CARRIL,ASFALTO,Bueno,Bueno,2,S/D,NEGRO,2,MINISTERIO PÚBLICO,57,MASCULINO,SIN DATOS,1,0,Purépero,Sin datos,abril,martes,18,-101.990945823491,19.8905909238697
22013,22016,2019,,2019/04/02,19:10:00,COLISIÓN POR CORTE DE CIRCULACIÓN,ASFALTO,Bueno,Bueno,2,NISSAN,NARANJA,2,MINISTERIO PÚBLICO,55,MASCULINO,SIN DATOS,0,0,Lázaro Cárdenas,Centro,abril,martes,19,-102.193086817861,17.9554696778378
22014,22017,2019,,2019/04/02,21:10:00,COLISIÓN POR INVASIÓN DE CARRIL,ASFALTO,Bueno,Bueno,2,DODGE,COBRE,2,MINISTERIO PÚBLICO,65,MASCULINO,SIN DATOS,0,1,Hidalgo,Sin Nombre,abril,martes,21,-100.555737018585,19.7071647153166
22015,22018,2019,,2019/04/02,22:15:00,SUBIDA AL CAMELLÓN,ASFALTO,Bueno,Bueno,1,NISSAN,BLANCO,1,,39,MASCULINO,SIN DATOS,0,0,Morelia,Gertrudis Sanchez,abril,martes,22,-101.205776745,19.7441101549991
22016,22019,2019,MOR190254467,2019/04/02,22:50:00,COLISIÓN POR CORTE DE CIRCULACIÓN,ASFALTO,Bueno,Bueno,2,NISSAN,BLANCO Y ROJO,2,,46,MASCULINO,SIN DATOS,0,0,Morelia,Comision Federal de Electricidad,abril,martes,23,-101.181433685124,19.6813901280976
22017,22020,2019,,2019/04/03,"01:00:00",SALIDA DE SUPERFICIE DE RODAMIENTO,ASFALTO,Bueno,Bueno,1,TOYOTA,AZUL,1,,,,SIN DATOS,0,0,Morelia,Felicitas del Rio,abril,miércoles,1,-101.203080750059,19.6929666853217
22018,22021,2019,,2019/04/03,"08:02:00",COLISIÓN CONTRA OBJETO FIJO,ASFALTO,Bueno,Bueno,1,HYUNDAI,GRIS,1,,49,MASCULINO,SIN DATOS,0,0,Morelia,Lomas de Guayangareo,abril,miércoles,8,-101.160960056503,19.7026870450485
22019,22022,2019,,2019/04/03,"08:10:00",COLISIÓN POR CAMBIO DE CARRIL,ASFALTO,Bueno,Bueno,2,BAJAJ,NEGRO,2,,30,MASCULINO,SIN DATOS,0,0,Morelia,Gertrudis Sanchez,abril,miércoles,8,-101.205776745,19.7441101549991
22020,22023,2019,,2019/04/03,"08:40:00",COLISIÓN POR CORTE DE CIRCULACIÓN,ASFALTO,Bueno,Bueno,2,CHEVROLET,GRIS,2,,36,FEMENINO,SIN DATOS,0,0,Morelia,Precursores de La Revolucion,abril,miércoles,9,-101.1756625,19.7259291299991
22021,22024,2019,,2019/04/03,10:55:00,COLISIÓN CONTRA OBJETO FIJO,CONCRETO,Bueno,Bueno,1,BMW,BLANCO,1,,44,MASCULINO,SIN DATOS,0,0,Morelia,Montaña Monarca,abril,miércoles,11,-101.165131339569,19.6698293896465
22022,22025,2019,,2019/04/03,11:28:00,COLISIÓN POR CORTE DE CIRCULACIÓN,ASFALTO,Bueno,Bueno,2,VOLKSWAGEN,AZUL,2,MINISTERIO PÚBLICO,30,MASCULINO,SIN DATOS,0,0,Morelia,Zimpanio Norte,abril,miércoles,11,-101.218159685,19.6580480099991
22023,22026,2019,,2019/04/03,12:40:00,COLISIÓN POR ALCANCE,ASFALTO,Bueno,Bueno,2,NISSAN,BLANCO,2,,42,MASCULINO,SIN DATOS,0,0,Morelia,Bosques de Oriente,abril,miércoles,13,-101.15626146,19.7151783849991
22024,22027,2019,MOR190258763,2019/04/03,13:45:00,COLISIÓN POR MANIOBRA DE REVERSA,CONCRETO,Bueno,Bueno,2,VOLKSWAGEN,BLANCO,2,,51,MASCULINO,SIN DATOS,0,0,Morelia,Santa Cruz,abril,miércoles,14,-101.188695585,19.6719010299992
22025,22028,2019,,2019/04/03,13:50:00,VOLCADURA,ASFALTO,Bueno,Bueno,1,FORD,BLANCO,1,,26,FEMENINO,SIN DATOS,0,0,Peribán,Sin datos,abril,miércoles,14,-102.424156442285,19.5142505568586
22026,22029,2019,,2019/04/03,14:30:00,CAIDA DE MOTOCICLETA,ASFALTO,Bueno,Bueno,1,S/D,S/D,1,,,,,1,0,Morelia,Nueva Chapultepec,abril,miércoles,15,-101.17081558,19.6897813199992
22027,22030,2019,,2019/04/03,14:55:00,COLISIÓN POR CORTE DE CIRCULACIÓN,ASFALTO,Bueno,Bueno,2,TOYOTA,GRIS,2,,44,MASCULINO,SIN DATOS,0,0,Salvador Escalante,Sin datos,abril,miércoles,15,-101.646139137447,19.3784920768455
22028,22031,2019,,2019/04/03,15:20:00,COLISIÓN CONTRA OBJETO FIJO,ASFALTO,Bueno,Bueno,1,FORD,CAFE,0,MINISTERIO PÚBLICO,,,,0,0,Tarímbaro,Campestre Tarimbaro,abril,miércoles,15,-101.129,19.7744
22029,22032,2019,,2019/04/03,17:00:00,COLISIÓN POR CORTE DE CIRCULACIÓN,CONCRETO,Bueno,Bueno,2,S/D,S/D,1,,26,MASCULINO,SIN DATOS,0,0,Morelia,Villas del Real,abril,miércoles,17,-101.202973672186,19.7362174799545
22030,22033,2019,,2019/04/03,17:24:00,COLISIÓN CONTRA OBJETO FIJO,CONCRETO,Bueno,Bueno,2,S/D,S/D,2,,20,MASCULINO,SIN DATOS,1,0,Morelia,Vicente Lombardo Toledano (Ejidal Isacc Arriaga) (Etnias de Mexico),abril,miércoles,17,-101.148963285,19.7114250249991
22031,22034,2019,,2019/04/03,18:40:00,COLISIÓN POR ALCANCE,ASFALTO,Bueno,Bueno,2,DODGE,NEGRO,2,,28,MASCULINO,SIN DATOS,0,0,Morelia,Infonavit Colonial Universidad,abril,miércoles,19,-101.204939035,19.6864075999991
22032,22035,2019,MOR190259820,2019/04/03,20:35:00,COLISIÓN POR CORTE DE CIRCULACIÓN,CONCRETO,Bueno,Bueno,2,TOYOTA,BLANCO Y GUINDA,2,,60,MASCULINO,SIN DATOS,0,0,Morelia,Santiaguito,abril,miércoles,21,-101.19072544,19.7172895799992
22033,22036,2019,,2019/04/04,"00:00:00",VOLCADURA,ASFALTO,Bueno,Bueno,1,NISSAN,BLANCO,2,,35,MASCULINO,SIN DATOS,1,0,Copándaro,Sin datos,abril,jueves,0,-101.26157540828,19.9069251041996
22034,22037,2019,MOR190262245,2019/04/04,"00:00:00",COLISIÓN POR CAMBIO DE CARRIL,SIN_DATOS,Bueno,Bueno,1,DINA,SIN DATO,1,,77,MASCULINO,SIN DATOS,0,0,Morelia,Sentimientos de La Nacion,abril,jueves,0,-101.233156733215,19.6865815543459
22035,22038,2019,,2019/04/04,"00:00:00",COLISIÓN POR ALCANCE,ASFALTO,Bueno,Bueno,2,FORD,ROJO,2,,21,MASCULINO,SIN DATOS,0,0,Morelia,La Soledad,abril,jueves,0,-101.185166715661,19.7274533823308
22036,22039,2019,,2019/04/04,"00:10:00",SALIDA DE SUPERFICIE DE RODAMIENTO,ASFALTO,Bueno,Bueno,1,NISSAN,BLANCO,1,MINISTERIO PÚBLICO,54,MASCULINO,SIN DATOS,0,0,Morelia,Praderas del Indio,abril,jueves,0,-101.223494028547,19.6450845894654
22038,22041,2019,,2019/04/04,"06:11:00",SALIDA DE SUPERFICIE DE RODAMIENTO,ASFALTO,Bueno,Bueno,1,CHEVROLET,VERDE,1,,,MASCULINO,SIN DATOS,0,0,Morelia,Praderas del Indio,abril,jueves,6,-101.223494028547,19.6450845894654
22040,22043,2019,,2019/04/04,"07:45:00",COLISIÓN POR CORTE DE CIRCULACIÓN,ASFALTO,Bueno,Bueno,2,CHEVROLET,NEGRO,2,,33,FEMENINO,SIN DATOS,0,0,Morelia,El Durazno,abril,jueves,8,-101.177517845763,19.6531467745037
22041,22044,2019,MOR  190262685,2019/04/04,"07:55:00",COLISIÓN POR CORTE DE CIRCULACIÓN,ASFALTO,Bueno,Bueno,3,NISSAN,ROJO,3,,49,MASCULINO,SIN DATOS,0,0,Morelia,Chapultepec Oriente,abril,jueves,8,-101.15913378,19.6947918299991
22042,22045,2019,,2019/04/04,12:45:00,COLISIÓN CON PEATÓN,ASFALTO,Bueno,Bueno,1,HONDA,ROJO,0,,,,,0,0,Morelia,Vistas de Altozano,abril,jueves,13,-101.167,19.6551
22043,22046,2019,MOR190261296,2019/04/04,13:13:00,COLISIÓN POR ALCANCE,ASFALTO,Bueno,Bueno,0,,,0,,,,,0,0,Morelia,Ampliacion La Soledad,abril,jueves,13,-101.182861290872,19.7339440803557
22044,22047,2019,,2019/04/04,13:13:00,COLISIÓN POR ALCANCE,ASFALTO,Bueno,Bueno,3,SEAT,NEGRO,3,,35,MASCULINO,SIN DATOS,0,0,Morelia,La Soledad,abril,jueves,13,-101.185166715661,19.7274533823308
22045,22048,2019,MOR190261773,2019/04/04,15:10:00,COLISIÓN POR CORTE DE CIRCULACIÓN,CONCRETO,Bueno,Bueno,2,NISSAN,BLANCO,2,,36,MASCULINO,SIN DATOS,0,0,Morelia,Torreon Nuevo,abril,jueves,15,-101.201400120655,19.7462273227001
22046,22049,2019,,2019/04/04,18:05:00,COLISIÓN CONTRA OBJETO FIJO,ADOQUIN_EMPEDRADO,Bueno,Bueno,1,VOLKSWAGEN,GRIS,1,,57,MASCULINO,SIN DATOS,0,0,Pátzcuaro,El Calvario,abril,jueves,18,-101.618554629385,19.5136229451985
22047,22050,2019,,2019/04/04,18:30:00,CAIDA DE MOTOCICLETA,ASFALTO,Bueno,Bueno,1,ITALIKA,BLANCO Y ROJO,0,,,,,0,0,Morelia,Gertrudis Sanchez,abril,jueves,19,-101.205776745,19.7441101549991
22048,22051,2019,,2019/04/04,20:50:00,COLISIÓN POR CORTE DE CIRCULACIÓN,ASFALTO,Bueno,Bueno,3,NISSAN,GRIS,3,,38,MASCULINO,SIN DATOS,0,0,Morelia,Felix Ireta,abril,jueves,21,-101.181454472244,19.6814153832388
22049,22052,2019,,2019/04/04,21:00:00,COLISIÓN POR CAMBIO DE CARRIL,ASFALTO,Bueno,Bueno,2,NISSAN,BLANCO,2,,63,MASCULINO,SIN DATOS,0,0,Morelia,Lomas de San Juan,abril,jueves,21,-101.183039681886,19.7298664251429
22050,22053,2019,,2019/04/04,22:00:00,COLISIÓN POR ALCANCE,ASFALTO,Bueno,Regular,1,CHEVROLET,BLANCO,1,,76,,ALIENTO ETÍLICO,0,0,Villamar,Sin datos,abril,jueves,22,-102.525813945476,20.0440422933211
22051,22054,2019,MOR190823761,2019/04/04,22:00:00,COLISIÓN POR ALCANCE,ASFALTO,Bueno,Bueno,2,HONDA,GRIS,2,,20,FEMENINO,SIN DATOS,0,0,Morelia,Lomas del Punhuato,abril,jueves,22,-101.146986725494,19.6985048820112
22052,22055,2019,,2019/04/05,"03:00:00",COLISIÓN CONTRA OBJETO FIJO,ASFALTO,Bueno,Bueno,1,JAGUAR,ARENA,1,,40,FEMENINO,SIN DATOS,0,0,Morelia,Vistas de Altozano,abril,viernes,3,-101.167,19.6551
22053,22056,2019,,2019/04/05,"07:50:00",COLISIÓN CON PEATÓN,SIN_DATOS,Bueno,Bueno,1,Nissan,Blanco,1,,20,MASCULINO,SIN DATOS,0,0,Tarímbaro,Sin datos,abril,viernes,8,-101.15479465574,19.7691387227032
22054,22057,2019,,2019/04/05,"07:55:00",COLISIÓN POR CAMBIO DE CARRIL,ASFALTO,Bueno,Bueno,2,FORD,AZUL,2,,48,MASCULINO,SIN DATOS,0,0,Morelia,Jardines del Rincon,abril,viernes,8,-101.150395162404,19.6907061637956
22055,22058,2019,MOR190263312,2019/04/05,"08:00:00",COLISIÓN POR CAMBIO DE CARRIL,ASFALTO,Bueno,Bueno,2,NISSAN,BLANCO,2,,60,FEMENINO,SIN DATOS,0,0,Morelia,Nicolaitas Ilustres,abril,viernes,8,-101.224709451199,19.7246700131537
22056,22059,2019,,2019/04/05,"09:50:00",COLISIÓN POR CORTE DE CIRCULACIÓN,SIN_DATOS,Bueno,Bueno,1,SE DESCONOCE,SE DESCONOCE,0,,,,,0,0,Morelia,Centro,abril,viernes,10,-101.191643178463,19.7084367332624
22057,22060,2019,,2019/04/05,"09:50:00",COLISIÓN POR CORTE DE CIRCULACIÓN,CONCRETO,Bueno,Regular,2,SE DESCONOCE,SE DESCONOCE,1,,40,MASCULINO,SIN DATOS,0,0,Morelia,Centro,abril,viernes,10,-101.191637143493,19.7084364176264
22058,22061,2019,,2019/04/05,10:00:00,CAIDA DE MOTOCICLETA,ASFALTO,Bueno,Bueno,1,YAMAHA,CAFE Y BEIGE,1,,55,MASCULINO,SIN DATOS,0,0,Salvador Escalante,Sin datos,abril,viernes,10,-101.646196469665,19.3787077809054
22059,22062,2019,,2019/04/05,10:30:00,COLISIÓN POR CAMBIO DE CARRIL,ASFALTO,Bueno,Bueno,2,Nissan,Blanco,2,,59,FEMENINO,SIN DATOS,0,0,Morelia,Francisco J Mujica,abril,viernes,11,-101.188284382224,19.7213977983651
22060,22063,2019,MOR 190264019,2019/04/05,13:01:00,COLISIÓN POR CORTE DE CIRCULACIÓN,CONCRETO,Bueno,Regular,2,NISSAN,BCO/ROJO,2,,49,MASCULINO,SIN DATOS,0,0,Morelia,Felicitas del Rio,abril,viernes,13,-101.196998544037,19.6924410818069
22061,22064,2019,,2019/04/05,13:47:00,COLISIÓN POR ALCANCE,ASFALTO,Bueno,Bueno,2,TOYOTA,CAFE,2,,0,MASCULINO,SIN DATOS,0,0,Morelia,Vasco de Quiroga,abril,viernes,14,-101.169100217521,19.7023303235783
22062,22065,2019,MOR190264261,2019/04/05,13:55:00,COLISIÓN POR CORTE DE CIRCULACIÓN,CONCRETO,Bueno,Regular,2,CHEVROLET,NEGRO,2,MINISTERIO PÚBLICO,37,MASCULINO,SIN DATOS,0,0,Morelia,Granjas del Maestro,abril,viernes,14,-101.193782910705,19.7135840415407