fid,id_accidente,anio_origen,folio_c5i,dia_incidente,hora_ocurrencia,tipo_incidente_vial,superficie_ocurrencia,condiciones_climaticas,condiciones_via,numero_vehiculos_involucrados,marca_vehiculo_ocasiona_siniestro,color_vehiculo_ocasiona_siniestro,numero_personas_involucradas,lugar_remite_presunto_responsable,edad_presunto_responsable,sexo_presunto_responsable,resultados_toxicologia,numero_personas_lesionadas,numero_personas_fallecidas,municipio,colonia,mes,dia_semana,hora_redondeada,lon,lat
22063,22066,2019,MOR190274406,2019/04/05,14:35:00,COLISIÓN POR CORTE DE CIRCULACIÓN,ASFALTO,Bueno,Bueno,2,DINA,ROJO,2,,65,MASCULINO,SIN DATOS,0,0,Morelia,Lazaro Cardenas,abril,viernes,15,-101.165467500687,19.7099906015077
22064,22067,2019,"190264464",2019/04/05,15:00:00,COLISIÓN POR CORTE DE CIRCULACIÓN,SIN_DATOS,Bueno,Bueno,2,DODGE,BLANCO,2,,33,MASCULINO,SIN DATOS,0,0,Morelia,Centro,abril,viernes,15,-101.194967441261,19.6967969184518
22065,22068,2019,,2019/04/05,15:10:00,COLISIÓN POR CORTE DE CIRCULACIÓN,ASFALTO,Bueno,Bueno,2,SEAT,BLANCO,2,,49,MASCULINO,SIN DATOS,0,0,Lázaro Cárdenas,Valle del Tecnologico,abril,viernes,15,-102.226674444973,17.9738837598508
22066,22069,2019,,2019/04/05,15:57:00,COLISIÓN POR ALCANCE,ASFALTO,Bueno,Bueno,2,CHEVROLET (GMC),ROJO,2,,59,MASCULINO,SIN DATOS,0,0,Morelia,Lomas de Hidalgo,abril,viernes,16,-101.158819980919,19.6955102875402
22067,22070,2019,,2019/04/05,16:35:00,COLISIÓN POR CORTE DE CIRCULACIÓN,CONCRETO,Bueno,Bueno,2,INTERNACIONAL,Blanco y Azul,2,,0,MASCULINO,SIN DATOS,0,0,Morelia,Tenencia Morelos,abril,viernes,17,-101.242999434471,19.6487309536982
22068,22071,2019,,2019/04/05,18:57:00,COLISIÓN POR CAMBIO DE CARRIL,CONCRETO,Bueno,Bueno,2,MAZDA,ROJO,2,,23,MASCULINO,SIN DATOS,0,0,Morelia,Centro,abril,viernes,19,-101.18223130703,19.7029887639532
22069,22072,2019,,2019/04/05,19:00:00,COLISIÓN POR CAMBIO DE CARRIL,ASFALTO,Bueno,Bueno,2,Nissan,Blanco,2,,56,MASCULINO,SIN DATOS,0,0,Morelia,Elias Perez Avalos,abril,viernes,19,-101.166464611888,19.7109204532862
22070,22073,2019,,2019/04/05,19:10:00,COLISIÓN CONTRA OBJETO FIJO,ASFALTO,Bueno,Bueno,2,FORD,ROJO,1,,65,MASCULINO,SIN DATOS,0,0,Morelia,Lomas del Valle,abril,viernes,19,-101.232799999416,19.689505978435
22071,22074,2019,MOR190265341,2019/04/05,19:55:00,COLISIÓN POR CORTE DE CIRCULACIÓN,ASFALTO,Bueno,Bueno,2,BAJAJ,NEGRO/NARANJA,1,,,,,1,0,Morelia,Tres Puentes,abril,viernes,20,-101.216115653515,19.7037684094072
22072,22075,2019,,2019/04/05,20:37:00,COLISIÓN CON PEATÓN,ASFALTO,Bueno,Bueno,1,SIN DATO,SIN DATO,2,,0,,SIN DATOS,1,0,Morelia,Justo Mendoza,abril,viernes,21,-101.231535002589,19.7139978264205
22073,22076,2019,,2019/04/05,21:15:00,COLISIÓN POR CAMBIO DE CARRIL,ASFALTO,Bueno,Bueno,2,MITSUBISHI,ROJO,2,,20,MASCULINO,ALIENTO ETÍLICO,0,0,Morelia,Los Manantiales de Morelia,abril,viernes,21,-101.242362074554,19.6976993847472
22074,22077,2019,,2019/04/05,22:30:00,COLISIÓN POR CORTE DE CIRCULACIÓN,SIN_DATOS,Bueno,Bueno,1,Mercedes Benz,Blanco,1,,0,MASCULINO,SIN DATOS,0,0,Morelia,Sentimientos de La Nacion,abril,viernes,23,-101.236870586872,19.6848033243396
22075,22078,2019,,2019/04/06,"00:00:00",COLISIÓN POR ALCANCE,ASFALTO,Bueno,Bueno,2,SEAT,GRIS,4,,35,,SIN DATOS,2,0,Lázaro Cárdenas,1Er Sect de Fidelac,abril,sábado,0,-102.197837680578,17.9632428825269
22076,22079,2019,MOR190268348,2019/04/06,"00:00:00",COLISIÓN POR ALCANCE,ASFALTO,Bueno,Bueno,2,DODGE,ROJO,2,,43,MASCULINO,SIN DATOS,0,0,Tarímbaro,Sin datos,abril,sábado,0,-101.159960590303,19.7669641716901
22077,22080,2019,,2019/04/06,"00:05:00",COLISIÓN POR CAMBIO DE CARRIL,ASFALTO,Bueno,Regular,2,SEAT,ROJO,2,,37,MASCULINO,SIN DATOS,0,0,Morelia,Jesus del Monte,abril,sábado,0,-101.156518645585,19.6570732627729
22078,22081,2019,,2019/04/06,"02:50:00",COLISIÓN CONTRA OBJETO FIJO,ASFALTO,Bueno,Bueno,1,NISSAN,GRIS,1,,0,MASCULINO,SIN DATOS,0,0,Morelia,Nueva Jacarndas,abril,sábado,3,-101.192036960274,19.6822598497317
22079,22082,2019,,2019/04/06,"08:45:00",COLISIÓN POR INVASIÓN DE CARRIL,ASFALTO,Bueno,Bueno,2,FAMSA,BLANCO,4,MINISTERIO PÚBLICO,42,MASCULINO,SIN DATOS,3,0,Morelia,Praderas del Indio,abril,sábado,9,-101.223494028547,19.6450845894654
22081,22084,2019,,2019/04/06,11:30:00,COLISIÓN CON PEATÓN,CONCRETO,Bueno,Bueno,1,CHEVROLET,BLANCO,2,,39,MASCULINO,SIN DATOS,1,0,Pátzcuaro,Centro,abril,sábado,12,-101.610020846128,19.5198468111056
22082,22085,2019,,2019/04/06,12:10:00,COLISIÓN POR CORTE DE CIRCULACIÓN,ASFALTO,Bueno,Bueno,2,FORD,GRIS,2,MINISTERIO PÚBLICO,64,MASCULINO,SIN DATOS,0,0,Lázaro Cárdenas,Centro,abril,sábado,12,-102.195644639432,17.958471262307
22083,22086,2019,MOR190243981,2019/04/06,16:15:00,SALIDA DE SUPERFICIE DE RODAMIENTO,SIN_DATOS,Bueno,Bueno,1,NISSAN,BLANCO,1,,23,MASCULINO,SIN DATOS,0,0,Morelia,3 de Agosto,abril,sábado,16,-101.170183159411,19.7309308407658
22084,22087,2019,,2019/04/06,16:20:00,COLISIÓN POR CAMBIO DE CARRIL,ASFALTO,Bueno,Bueno,2,International,Blanco,2,,28,MASCULINO,SIN DATOS,0,0,Morelia,San Pascual,abril,sábado,16,-101.268278583884,19.6949364139897
22085,22088,2019,,2019/04/06,16:30:00,COLISIÓN POR ALCANCE,ASFALTO,Bueno,Bueno,2,VOLKSWAGEN,BLANCO PURO,2,,25,MASCULINO,SIN DATOS,0,0,Salvador Escalante,Centro,abril,sábado,17,-101.637971,19.404628
22086,22089,2019,MOR190096350,2019/04/06,16:55:00,COLISIÓN POR NO RESPETAR SEMÁFORO,ASFALTO,Bueno,Bueno,2,FORD,AZUL,2,,49,MASCULINO,SIN DATOS,0,0,Morelia,Indeco El Vivero,abril,sábado,17,-101.231301985681,19.6774998417348
22087,22090,2019,,2019/04/06,17:45:00,COLISIÓN POR CORTE DE CIRCULACIÓN,ASFALTO,Bueno,Bueno,2,NISSAN,BLANCO,2,,52,MASCULINO,SIN DATOS,0,0,Morelia,Sin datos,abril,sábado,18,-101.118099354208,19.6882852651588
22088,22091,2019,,2019/04/06,18:00:00,VOLCADURA,ASFALTO,Bueno,Bueno,1,Ford,Azul,1,,0,MASCULINO,SIN DATOS,0,0,Morelia,Valle del Durazno,abril,sábado,18,-101.186394095421,19.6562674994522
22089,22092,2019,,2019/04/06,20:40:00,COLISIÓN CONTRA OBJETO FIJO,ASFALTO,Bueno,Bueno,1,FORD,VERDE,0,,,,,0,0,Tuxpan,Sin datos,abril,sábado,21,-100.476283617318,19.6213963635416
22090,22093,2019,MOR 190283955,2019/04/06,20:43:00,COLISIÓN POR CORTE DE CIRCULACIÓN,ASFALTO,Bueno,Regular,1,FORD,ROJO,1,,0,MASCULINO,SIN DATOS,0,0,Morelia,Morelos,abril,sábado,21,-101.212049424648,19.6923034507153
22091,22094,2019,MOR190268277,2019/04/06,21:00:00,COLISIÓN CON PEATÓN,ASFALTO,Bueno,Bueno,1,FORD,AZUL,1,,49,FEMENINO,ALIENTO ETÍLICO,0,0,Charo,San Pedro Y San Pablo,abril,sábado,21,-101.05436000973,19.7465436533548
22092,22095,2019,MOR 190268643,2019/04/06,21:00:00,COLISIÓN POR MANIOBRA DE REVERSA,ASFALTO,Bueno,Bueno,2,FORD,GRIS,2,,16,MASCULINO,SIN DATOS,0,0,Morelia,Villas de La Loma,abril,sábado,21,-101.298519149423,19.6926497378921
22093,22096,2019,,2019/04/06,21:10:00,COLISIÓN POR CAMBIO DE CARRIL,SIN_DATOS,Bueno,Bueno,2,Mazda,Azul,2,,0,MASCULINO,SIN DATOS,0,0,Morelia,Ciudad Industrial,abril,sábado,21,-101.138222627342,19.7288605468583
22094,22097,2019,,2019/04/06,21:30:00,COLISIÓN CONTRA OBJETO FIJO,SIN_DATOS,Bueno,Regular,2,TOYOTA,ROJO,1,,,MASCULINO,SIN DATOS,0,0,Madero,Centro,abril,sábado,22,-101.278749927878,19.3917630376492
22095,22098,2019,,2019/04/06,21:40:00,COLISIÓN POR ALCANCE,ASFALTO,Bueno,Bueno,2,VOLKSWAGEN,ROJO TORNADO,3,MINISTERIO PÚBLICO,30,MASCULINO,SIN DATOS,1,0,Pátzcuaro,Centro,abril,sábado,22,-101.606686189771,19.5174710575161
22096,22099,2019,,2019/04/06,23:25:00,SALIDA DE SUPERFICIE DE RODAMIENTO,ASFALTO,Bueno,Bueno,1,JEEP,BLANCO,0,,,,,0,0,Tuxpan,Sin datos,abril,sábado,23,-100.476283952594,19.621396679349
22097,22100,2019,,2019/04/07,"00:50:00",COLISIÓN POR CAMBIO DE CARRIL,ASFALTO,Bueno,Bueno,2,Chevrolet,negro,2,,26,MASCULINO,ALIENTO ETÍLICO,0,0,Morelia,Los Manantiales de Morelia,abril,domingo,1,-101.240277327597,19.6927157123012
22098,22101,2019,MOR190251292,2019/04/07,"03:30:00",COLISIÓN CONTRA OBJETO FIJO,ASFALTO,Bueno,Bueno,1,VOLKSWAGEN,GRIS,1,MINISTERIO PÚBLICO,0,,SIN DATOS,0,0,Morelia,Insurgentes,abril,domingo,4,-101.155419945717,19.6952138811613
22099,22102,2019,,2019/04/07,"03:50:00",COLISIÓN CONTRA OBJETO FIJO,CONCRETO,Bueno,Bueno,1,FORD,BLANCO,1,,36,MASCULINO,ALIENTO ETÍLICO,0,0,Morelia,Camponubes,abril,domingo,4,-101.291708350182,19.6972309488723
22100,22103,2019,MOR190269116,2019/04/07,"04:25:00",COLISIÓN POR CAMBIO DE CARRIL,CONCRETO,Bueno,Bueno,2,DINAMO,NEGRO,2,,24,MASCULINO,ALIENTO ETÍLICO,0,0,Morelia,Ventura Puente,abril,domingo,4,-101.188013143837,19.6903469298784
22101,22104,2019,,2019/04/07,"04:30:00",SALIDA DE SUPERFICIE DE RODAMIENTO,ASFALTO,Bueno,Bueno,1,CHEVROLET,ARENA,4,,17,MASCULINO,SIN DATOS,3,0,Puruándiro,Lomas de Agua Tibia,abril,domingo,5,-101.496390402317,20.0924882712791
22102,22105,2019,,2019/04/07,"04:30:00",COLISIÓN CONTRA OBJETO FIJO,ASFALTO,Bueno,Bueno,1,VOLKSWAGEN,ROJO,1,,31,MASCULINO,ALIENTO ETÍLICO,0,0,Morelia,Los Manantiales de Morelia,abril,domingo,5,-101.2428740412,19.6987107470143
22103,22106,2019,,2019/04/07,"05:30:00",CAIDA ACUATICA DE VEHÍCULO,ASFALTO,Bueno,Bueno,1,CHEVROLET,ROJO,0,,,,,0,0,Morelia,Torreon Nuevo,abril,domingo,6,-101.199063174427,19.7361490616197
22104,22107,2019,,2019/04/07,"08:46:00",COLISIÓN POR ALCANCE,ASFALTO,Bueno,Bueno,2,TOYOTA,GRIS,2,,22,MASCULINO,SIN DATOS,0,0,Morelia,Praderas del Indio,abril,domingo,9,-101.223494028547,19.6450845894654
22105,22108,2019,MOR190269613,2019/04/07,10:35:00,COLISIÓN POR ALCANCE,ASFALTO,Bueno,Regular,2,VOLKSWAGEN,NEGRO,2,,35,MASCULINO,SIN DATOS,0,0,Morelia,Lomas del Tecnologico,abril,domingo,11,-101.196088604629,19.7242906568094
22106,22109,2019,,2019/04/07,14:25:00,COLISIÓN POR INVASIÓN DE CARRIL,ASFALTO,Bueno,Bueno,2,NISSAN,AZUL,2,,60,FEMENINO,SIN DATOS,0,0,Morelia,Gral Gertrudis Sanchez,abril,domingo,14,-101.2094753,19.7439916449991
22107,22110,2019,,2019/04/07,14:33:00,COLISIÓN CON PEATÓN,ASFALTO,Bueno,Bueno,2,NISSAN,ROJO,2,,,MASCULINO,SIN DATOS,0,0,Morelia,Jardines de Torremolinos,abril,domingo,15,-101.228,19.6773
22108,22111,2019,,2019/04/07,14:50:00,VOLCADURA,TERRACERIA,Bueno,Bueno,1,TOYOTA,ROJO,1,,38,MASCULINO,SIN DATOS,0,0,Penjamillo,Sin datos,abril,domingo,15,-101.856117881835,20.1370780411662
22109,22112,2019,,2019/04/07,15:43:00,SALIDA DE SUPERFICIE DE RODAMIENTO,ASFALTO,Bueno,Bueno,1,FORD,BLANCO,2,,18,MASCULINO,SIN DATOS,1,0,Pátzcuaro,Centro,abril,domingo,16,-101.616452112794,19.5212574575272
22110,22113,2019,,2019/04/07,16:01:00,CAIDA DE MOTOCICLETA,CONCRETO,Bueno,Bueno,1,HONDA,BLANCO,1,,29,MASCULINO,SIN DATOS,0,0,Morelia,Centro,abril,domingo,16,-101.19118388321,19.702768457823
22111,22114,2019,,2019/04/07,17:30:00,COLISIÓN POR CORTE DE CIRCULACIÓN,CONCRETO,Bueno,Bueno,2,ITALIKA,VERDE Y NEGRO,2,,40,MASCULINO,SIN DATOS,1,0,Tarímbaro,Tejaro,abril,domingo,18,-101.095205,19.833537
22112,22115,2019,,2019/04/07,17:40:00,SALIDA DE SUPERFICIE DE RODAMIENTO,ASFALTO,Bueno,Bueno,1,NISSAN,GRIS,1,,58,FEMENINO,SIN DATOS,0,0,Cuitzeo,De Los Cerritos,abril,domingo,18,-101.135255094641,19.9734496142578
22113,22116,2019,MOR190271068,2019/04/07,20:10:00,COLISIÓN CONTRA OBJETO FIJO,ASFALTO,Bueno,Bueno,2,VOLKSWAGEN,NEGRO,6,MINISTERIO PÚBLICO,0,,SIN DATOS,5,0,Morelia,Lomas de San Juan,abril,domingo,20,-101.183039681886,19.7298664251429
22114,22117,2019,,2019/04/07,20:30:00,COLISIÓN POR ALCANCE,ASFALTO,Bueno,Bueno,3,CHEVROLET,VERDE,2,MINISTERIO PÚBLICO,55,MASCULINO,SIN DATOS,0,0,Tarímbaro,Club Erandeni,abril,domingo,21,-101.183801,19.757131
22116,22119,2019,,2019/04/07,21:30:00,COLISIÓN POR INVASIÓN DE CARRIL,ASFALTO,Bueno,Bueno,2,VOLKSWAGEN,VERDE,2,,48,MASCULINO,SIN DATOS,0,0,Morelia,Sin datos,abril,domingo,22,-101.112119369209,19.7368187235824
22117,22120,2019,,2019/04/08,"00:00:00",COLISIÓN POR ALCANCE,ASFALTO,Bueno,Bueno,2,NISSAN,NEGRO,2,,,MASCULINO,SIN DATOS,0,0,Morelia,El Lago 2,abril,lunes,0,-101.21236096,19.7238222999991
22118,22121,2019,,2019/04/08,"00:05:00",COLISIÓN CONTRA OBJETO FIJO,ASFALTO,Bueno,Regular,1,MAZDA,ARENA,0,,,,,0,0,Morelia,Elias Perez Avalos,abril,lunes,0,-101.167813022979,19.7136335493406
22119,22122,2019,,2019/04/08,"05:55:00",COLISIÓN POR ALCANCE,ASFALTO,Bueno,Bueno,2,NISSAN,GRIS,2,,25,MASCULINO,SIN DATOS,0,0,Peribán,Sin datos,abril,lunes,6,-102.458335831761,19.5622038100826
22120,22123,2019,,2019/04/08,"06:48:00",COLISIÓN CONTRA OBJETO FIJO,ASFALTO,Bueno,Bueno,1,NISSAN,ROJO,1,MINISTERIO PÚBLICO,34,MASCULINO,SIN DATOS,0,0,Morelia,Vistas de Altozano,abril,lunes,7,-101.167,19.6551
22123,22126,2019,,2019/04/08,"08:30:00",COLISIÓN POR CAMBIO DE CARRIL,CONCRETO,Bueno,Bueno,2,TOYOTA,NEGRO,2,,36,FEMENINO,SIN DATOS,0,0,Morelia,Ventura Puente,abril,lunes,9,-101.18052533796,19.6918359750485
22125,22128,2019,,2019/04/08,"09:30:00",COLISIÓN POR INVASIÓN DE CARRIL,ASFALTO,Bueno,Bueno,3,VOLKSWAGEN,GRIS,3,MINISTERIO PÚBLICO,,MASCULINO,SIN DATOS,0,0,Paracho,Sin datos,abril,lunes,10,-102.109469287097,19.6722977028384
22126,22129,2019,MOR190248901,2019/04/08,12:00:00,COLISIÓN POR CORTE DE CIRCULACIÓN,ASFALTO,Bueno,Bueno,2,VOLKSWAGEN,VERDE,2,,,MASCULINO,SIN DATOS,0,0,Morelia,Ignacio Lopez Rayon,abril,lunes,12,-101.250591165,19.6897065849991
22127,22130,2019,,2019/04/08,12:30:00,COLISIÓN CONTRA OBJETO FIJO,CONCRETO,Bueno,Bueno,1,INTERNACIONAL,BLANCO,1,,28,MASCULINO,SIN DATOS,0,0,Morelia,Chapultepec Oriente,abril,lunes,13,-101.163513865,19.6893842749991
22128,22131,2019,,2019/04/08,14:00:00,COLISIÓN POR ALCANCE,CONCRETO,Bueno,Bueno,2,DATSUN,NEGRO,2,MINISTERIO PÚBLICO,,MASCULINO,SIN DATOS,0,0,Morelia,Lomas de San Juan,abril,lunes,14,-101.183039681886,19.7298664251429
22129,22132,2019,,2019/04/08,15:40:00,COLISIÓN POR CAMBIO DE CARRIL,ASFALTO,Bueno,Bueno,2,PEUGEOT,BLANCO,2,,28,MASCULINO,SIN DATOS,0,0,Morelia,Centro,abril,lunes,16,-101.179312185,19.7035132699991
22132,22135,2019,,2019/04/08,16:45:00,COLISIÓN POR ALCANCE,ASFALTO,Bueno,Bueno,2,VOLKSWAGEN,BLANCO,2,,34,MASCULINO,SIN DATOS,0,0,Morelia,Prados de La Huerta,abril,lunes,17,-101.2212595,19.6666605
22133,22136,2019,,2019/04/08,17:15:00,COLISIÓN CON PEATÓN,CONCRETO,Bueno,Bueno,1,CHEVROLET,NEGRO,1,,60,MASCULINO,SIN DATOS,0,0,Venustiano Carranza,Sin datos,abril,lunes,17,-102.62079756707,20.1546893742962
22134,22137,2019,,2019/04/08,18:08:00,COLISIÓN CONTRA OBJETO FIJO,CONCRETO,Nublado,Bueno,1,VOLKSWAGEN,PLATA,1,,,,SIN DATOS,0,0,Morelia,Torreon Nuevo,abril,lunes,18,-101.20835995,19.7456318449991
22135,22138,2019,,2019/04/08,18:25:00,COLISIÓN POR MANIOBRA DE REVERSA,CONCRETO,Bueno,Bueno,1,VOLVO,BLANCO,1,MINISTERIO PÚBLICO,,MASCULINO,SIN DATOS,0,0,Morelia,Centro,abril,lunes,18,-101.185462655,19.7024696749991
22136,22139,2019,,2019/04/08,19:00:00,COLISIÓN POR CORTE DE CIRCULACIÓN,CONCRETO,Bueno,Bueno,2,ITALIKA,VERDE Y NEGRO,3,,23,MASCULINO,SIN DATOS,1,0,Tuxpan,Valle del Jornal,abril,lunes,19,-100.466242432594,19.563328493811
22137,22140,2019,,2019/04/08,20:45:00,COLISIÓN POR CORTE DE CIRCULACIÓN,SIN_DATOS,Bueno,Bueno,2,FORD,VERDE,2,,34,MASCULINO,SIN DATOS,0,0,Morelia,Alberto Oviedo Mota,abril,lunes,21,-101.196140686849,19.6817272495021
22138,22141,2019,,2019/04/08,21:18:00,COLISIÓN POR CORTE DE CIRCULACIÓN,ASFALTO,Bueno,Bueno,1,DODGE,BLANCO,1,,20,MASCULINO,SIN DATOS,0,0,Morelia,Ventura Puente,abril,lunes,21,-101.187182954235,19.6926426896116
22139,22142,2019,,2019/04/08,23:30:00,COLISIÓN POR INVASIÓN DE CARRIL,ASFALTO,Bueno,Bueno,4,DODGE,AZUL,1,MINISTERIO PÚBLICO,,MASCULINO,SIN DATOS,0,0,Tarímbaro,Sin datos,abril,lunes,0,-101.158266805995,19.766484
22141,22144,2019,,2019/04/09,"00:30:00",COLISIÓN CON PEATÓN,SIN_DATOS,Bueno,Bueno,1,JEEP,NEGRO,0,,,,,0,0,Morelia,Felix Ireta,abril,martes,1,-101.190105135,19.6853188699992
22142,22145,2019,,2019/04/09,"02:05:00",VOLCADURA,ASFALTO,Bueno,Regular,1,FORD,GRIS,1,,17,MASCULINO,SIN DATOS,0,0,Acuitzio,Centro,abril,martes,2,-101.332145,19.492131
22143,22146,2019,,2019/04/09,"05:30:00",SALIDA DE SUPERFICIE DE RODAMIENTO,ASFALTO,Bueno,Bueno,1,FIAT,BLANCO,1,,23,MASCULINO,ALIENTO ETÍLICO,0,0,Morelia,Leandro Valle,abril,martes,6,-101.234236672612,19.7167704154002
22144,22147,2019,C5MICH190066346,2019/04/09,"06:30:00",COLISIÓN POR ALCANCE,ASFALTO,Bueno,Regular,2,MERCEDES BENZ,BLANCO,3,MINISTERIO PÚBLICO,,MASCULINO,SIN DATOS,1,0,Buenavista,Centro,abril,martes,7,-102.586983293295,19.2081266559998
22145,22148,2019,MOR190251299,2019/04/09,"07:00:00",COLISIÓN POR CORTE DE CIRCULACIÓN,ASFALTO,Bueno,Bueno,2,CHRYSLER,BLANCO Y  ROJO,2,,,MASCULINO,SIN DATOS,0,0,Morelia,Mirador de Ocolusen,abril,martes,7,-101.13548049,19.6861386649991
22146,22149,2019,,2019/04/09,"08:30:00",COLISIÓN POR CORTE DE CIRCULACIÓN,ASFALTO,Bueno,Bueno,2,CHEVROLET,BLANCO,2,,,FEMENINO,SIN DATOS,0,0,Morelia,Industrial,abril,martes,9,-101.196971335,19.7121950249992
22148,22151,2019,,2019/04/09,"09:36:00",COLISIÓN POR ALCANCE,ASFALTO,Bueno,Bueno,2,HONDA,GRIS,2,,20,MASCULINO,SIN DATOS,0,0,Morelia,Gertrudis Sanchez,abril,martes,10,-101.205776745,19.7441101549991
22149,22152,2019,,2019/04/09,11:15:00,COLISIÓN POR CORTE DE CIRCULACIÓN,ASFALTO,Bueno,Bueno,2,FREIGHTLINER,AMARILLO,2,,49,MASCULINO,SIN DATOS,0,0,Los Reyes,San Juan de Dios,abril,martes,11,-102.479126304388,19.6067267585519
22150,22153,2019,,2019/04/09,11:36:00,VOLCADURA,CONCRETO,Bueno,Bueno,1,NISSAN,BLANCO,1,,47,MASCULINO,SIN DATOS,0,0,Morelia,Trincheras de Morelos,abril,martes,12,-101.18560178,19.6643663249991
22151,22154,2019,MOR190275171,2019/04/09,12:40:00,COLISIÓN POR INVASIÓN DE CARRIL,ASFALTO,Bueno,Bueno,2,DINA,BLANCO,0,,,,,0,0,Charo,Sin datos,abril,martes,13,-100.954374,19.649917
22152,22155,2019,,2019/04/09,12:40:00,COLISIÓN POR CORTE DE CIRCULACIÓN,ASFALTO,Bueno,Bueno,2,BMW,BLANCO,2,,,FEMENINO,SIN DATOS,0,0,Morelia,Insurgentes,abril,martes,13,-101.155416805,19.6953315299991
22153,22156,2019,,2019/04/09,12:44:00,COLISIÓN CON PEATÓN,SIN_DATOS,Bueno,Bueno,2,FORD,GRIS,2,,50,MASCULINO,SIN DATOS,0,0,Morelia,Gertrudis Sanchez,abril,martes,13,-101.205776745,19.7441101549991
22154,22157,2019,,2019/04/09,13:39:00,COLISIÓN POR ALCANCE,CONCRETO,Bueno,Bueno,2,VOKSWAGEN,AZUL,2,,62,FEMENINO,SIN DATOS,0,0,Morelia,Nueva Jacarndas,abril,martes,14,-101.191782653332,19.6822822635481
22155,22158,2019,,2019/04/09,14:40:00,COLISIÓN POR CAMBIO DE CARRIL,ASFALTO,Bueno,Bueno,2,TOYOTA,BLANCO Y CAFE,2,,,MASCULINO,SIN DATOS,0,0,Morelia,Presa de Los Reyes,abril,martes,15,-101.21320953,19.7342015699991
22157,22160,2019,,2019/04/09,14:53:00,COLISIÓN POR ALCANCE,ASFALTO,Bueno,Bueno,2,DINA,BLANCO,2,,42,MASCULINO,SIN DATOS,0,0,Morelia,Sentimientos de La Nacion,abril,martes,15,-101.233157068491,19.6865825013831
22158,22161,2019,,2019/04/09,15:10:00,COLISIÓN POR ALCANCE,ASFALTO,Bueno,Bueno,2,NISSAN,BLANCO,2,,52,MASCULINO,SIN DATOS,0,0,Morelia,Cuauhtemoc,abril,martes,15,-101.18254498,19.6966379399991
22159,22162,2019,,2019/04/09,17:15:00,COLISIÓN POR NO RESPETAR SEMÁFORO,ASFALTO,Bueno,Bueno,2,CHRYSLER,BLANCO,2,MINISTERIO PÚBLICO,,MASCULINO,SIN DATOS,0,0,Morelia,Ejidal Ocolusen,abril,martes,17,-101.15332837,19.6868221449992
22160,22163,2019,,2019/04/09,17:25:00,COLISIÓN POR ALCANCE,ASFALTO,Bueno,Bueno,3,JEEP,GRIS,3,,24,FEMENINO,SIN DATOS,0,0,Peribán,Los Cerritos,abril,martes,17,-102.42882348597,19.533239871365
22161,22164,2019,,2019/04/09,18:00:00,CAIDA DE MOTOCICLETA,ASFALTO,Bueno,Regular,1,VENTO,NEGRO AMARILLO,2,MINISTERIO PÚBLICO,38,MASCULINO,SIN DATOS,1,0,Morelia,Praderas del Indio,abril,martes,18,-101.223494028547,19.6450845894654
22162,22165,2019,,2019/04/09,19:35:00,VOLCADURA,ASFALTO,Bueno,Bueno,1,NISSAN,ROJO,1,,,MASCULINO,SIN DATOS,0,0,Morelia,Sin datos,abril,martes,20,-101.306867,19.587691
22163,22166,2019,,2019/04/09,21:44:00,VOLCADURA,CONCRETO,Bueno,Bueno,1,DATSUN,AZUL,1,,52,MASCULINO,SIN DATOS,0,0,Venustiano Carranza,Centro,abril,martes,22,-102.653237879276,20.1131877811066
22164,22167,2019,MOR190277153,2019/04/09,22:45:00,CAIDA ACUATICA DE VEHÍCULO,ASFALTO,Bueno,Bueno,1,VOLKSWAGEN,BLANCO,1,,25,MASCULINO,SIN DATOS,0,0,Morelia,Sin datos,abril,martes,23,-101.132818380438,19.6207332283612
22165,22168,2019,,2019/04/10,"00:00:00",VOLCADURA,ASFALTO,Bueno,Regular,1,DODGE,ARENA,2,,,MASCULINO,SIN DATOS,1,0,Morelia,Praderas del Indio,abril,miércoles,0,-101.223494028547,19.6450845894654
22167,22170,2019,,2019/04/10,"01:45:00",COLISIÓN CONTRA OBJETO FIJO,ASFALTO,Bueno,Regular,1,PONTIAC,GRIS,1,,26,MASCULINO,ALIENTO ETÍLICO,0,0,Morelia,Centro,abril,miércoles,2,-101.18754847,19.7028479949991
22168,22171,2019,,2019/04/10,"02:05:00",COLISIÓN POR INVASIÓN DE CARRIL,ASFALTO,Bueno,Regular,2,BAJAJ,NEGRO,2,MINISTERIO PÚBLICO,,MASCULINO,SIN DATOS,0,0,Coalcomán de Vázquez Pallares,Sin datos,abril,miércoles,2,-103.091772827148,18.3874911271426
22169,22172,2019,,2019/04/10,"03:15:00",SUBIDA AL CAMELLÓN,CONCRETO,Bueno,Bueno,1,FREIGHTLINER,BLANCO,1,,,MASCULINO,ALIENTO ETÍLICO,0,0,Morelia,Los Fresnos,abril,miércoles,3,-101.12,19.7326
22170,22173,2019,,2019/04/10,"04:10:00",VOLCADURA,ASFALTO,Bueno,Bueno,1,MAZDA,NEGRO,5,MINISTERIO PÚBLICO,,,,3,2,Coeneo,De La Salud,abril,miércoles,4,-101.59118168056,19.8133073606493
22173,22176,2019,MOR 190 2277446,2019/04/10,"07:43:00",COLISIÓN POR ALCANCE,ASFALTO,Bueno,Bueno,2,CHEVROLET,GUINDA,1,MINISTERIO PÚBLICO,33,MASCULINO,SIN DATOS,0,0,Morelia,Club Campestre La Huerta,abril,miércoles,8,-101.233784399272,19.6694650225437