fid,id_accidente,anio_origen,folio_c5i,dia_incidente,hora_ocurrencia,tipo_incidente_vial,superficie_ocurrencia,condiciones_climaticas,condiciones_via,numero_vehiculos_involucrados,marca_vehiculo_ocasiona_siniestro,color_vehiculo_ocasiona_siniestro,numero_personas_involucradas,lugar_remite_presunto_responsable,edad_presunto_responsable,sexo_presunto_responsable,resultados_toxicologia,numero_personas_lesionadas,numero_personas_fallecidas,municipio,colonia,mes,dia_semana,hora_redondeada,lon,lat
22174,22177,2019,MOR190277696,2019/04/10,"08:20:00",COLISIÓN POR NO RESPETAR SEMÁFORO,ASFALTO,Bueno,Bueno,2,KIA,ROJO,2,,49,FEMENINO,SIN DATOS,0,0,Morelia,Ana Maria Gallaga (Riviera),abril,miércoles,8,-101.22580947,19.6751918649991
22175,22178,2019,,2019/04/10,"08:45:00",COLISIÓN POR CORTE DE CIRCULACIÓN,CONCRETO,Bueno,Bueno,2,MERCEDES BENZ,AMARILLO,2,,21,MASCULINO,SIN DATOS,0,0,Morelia,Tzindurio de Morelos,abril,miércoles,9,-101.24550652,19.6989422449991
22176,22179,2019,,2019/04/10,"09:16:00",VOLCADURA,ASFALTO,Bueno,Bueno,1,KENWORTH,AMARILLO,1,,31,MASCULINO,SIN DATOS,0,0,Tzitzio,Sin datos,abril,miércoles,9,-100.921597,19.591025
22177,22180,2019,,2019/04/10,"09:20:00",COLISIÓN POR ALCANCE,ASFALTO,Bueno,Bueno,2,VOLKSWAGEN,ROJO,2,,,MASCULINO,SIN DATOS,0,0,Morelia,Gertrudis Sanchez,abril,miércoles,9,-101.205776745,19.7441101549991
22179,22182,2019,,2019/04/10,10:45:00,COLISIÓN POR CAMBIO DE CARRIL,ASFALTO,Bueno,Bueno,2,TOYOTA,BLANCO Y NARANJA,1,,45,MASCULINO,SIN DATOS,0,0,Morelia,Felix Ireta,abril,miércoles,11,-101.190308525,19.6871902999991
22180,22183,2019,MOR190278163,2019/04/10,13:05:00,COLISIÓN CON PEATÓN,SIN_DATOS,Bueno,Bueno,1,FREYGHTLINER,AZUL,1,,47,MASCULINO,SIN DATOS,0,0,Morelia,Infonavit Jose Sixtos Verduzco,abril,miércoles,13,-101.238379329443,19.694432931375
22182,22185,2019,,2019/04/10,15:00:00,COLISIÓN POR CORTE DE CIRCULACIÓN,ADOQUIN_EMPEDRADO,Bueno,Bueno,2,NISSAN,ARENA,1,,71,MASCULINO,SIN DATOS,0,0,Tangancícuaro,Patamban,abril,miércoles,15,-102.295735,19.807427
22183,22186,2019,,2019/04/10,16:20:00,COLISIÓN POR ALCANCE,ASFALTO,Bueno,Bueno,1,CHEVROLET,NEGRO,0,,,,,0,0,Los Reyes,Carlos Galvez Betancourt,abril,miércoles,16,-102.458788789809,19.5738458024223
22184,22187,2019,,2019/04/10,16:30:00,COLISIÓN CON PEATÓN,ASFALTO,Bueno,Bueno,2,BALLISTIC,ROJO,2,,,MASCULINO,SIN DATOS,0,0,Morelia,Nueva Chapultepec,abril,miércoles,17,-101.170656534483,19.6877951794071
22185,22188,2019,MOR 190245520,2019/04/10,18:30:00,COLISIÓN POR CORTE DE CIRCULACIÓN,ASFALTO,Bueno,Bueno,2,CHEVROLET,ROJO,2,,43,MASCULINO,SIN DATOS,0,0,Morelia,Melchor Ocampo,abril,miércoles,19,-101.201937888211,19.7065671597378
22187,22190,2019,,2019/04/10,21:00:00,CAIDA DE MOTOCICLETA,ASFALTO,Bueno,Bueno,1,HONDA,VERDE,1,,28,MASCULINO,SIN DATOS,0,0,Tuxpan,Santa Ana,abril,miércoles,21,-100.466821119189,19.575897248383
22188,22191,2019,,2019/04/10,22:50:00,COLISIÓN POR CAMBIO DE CARRIL,CONCRETO,Bueno,Bueno,2,VOLKSWAGEN,ROJO,2,,,MASCULINO,SIN DATOS,0,0,Morelia,Centro,abril,miércoles,23,-101.182276904583,19.7027510818102
22189,22192,2019,,2019/04/11,"00:00:00",COLISIÓN POR CAMBIO DE CARRIL,ASFALTO,Bueno,Bueno,2,FREIGHTLINER,BLANCO,2,,,MASCULINO,SIN DATOS,0,0,Morelia,Jardines de La Loma,abril,jueves,0,-101.225635148585,19.6767074404142
22190,22193,2019,,2019/04/11,"00:00:00",COLISIÓN CONTRA OBJETO FIJO,ASFALTO,Bueno,Regular,1,ITALIKA,NEGRO,1,MINISTERIO PÚBLICO,,,,1,0,Morelia,Tres Puentes,abril,jueves,0,-101.213524742681,19.7058468756013
22191,22194,2019,,2019/04/11,"00:00:00",COLISIÓN POR INVASIÓN DE CARRIL,ASFALTO,Bueno,Regular,2,NISSAN,BLANCO,2,,43,MASCULINO,SIN DATOS,0,0,Morelia,La Esperanza,abril,jueves,0,-101.25224377,19.6994733099991
22192,22195,2019,,2019/04/11,"02:15:00",COLISIÓN CONTRA OBJETO FIJO,ASFALTO,Bueno,Bueno,1,NISSAN,AZUL,1,,0,,SIN DATOS,0,0,Morelia,Jose Maria Cabrera,abril,jueves,2,-101.227166354656,19.728376422431
22193,22196,2019,MOR190300183,2019/04/11,"03:00:00",COLISIÓN CONTRA OBJETO FIJO,ASFALTO,Bueno,Bueno,1,CHEVROLET,AZUL,1,,62,MASCULINO,ALIENTO ETÍLICO,0,0,Morelia,Nicolaitas Ilustres,abril,jueves,3,-101.226713731885,19.7217989386384
22196,22199,2019,MOR 190280353,2019/04/11,"07:40:00",COLISIÓN POR CORTE DE CIRCULACIÓN,ASFALTO,Bueno,Bueno,2,FORD,GRIS,1,MINISTERIO PÚBLICO,,,,1,0,Morelia,Vasco de Quiroga,abril,jueves,8,-101.171026988099,19.6976785913658
22198,22201,2019,,2019/04/11,"09:00:00",COLISIÓN POR CORTE DE CIRCULACIÓN,ASFALTO,Bueno,Bueno,2,ITALIKA,ROJO,2,,16,MASCULINO,SIN DATOS,0,0,Los Reyes,La Libertad,abril,jueves,9,-102.483923099935,19.6157815265605
22199,22202,2019,,2019/04/11,"09:45:00",COLISIÓN POR ALCANCE,ASFALTO,Bueno,Bueno,0,,,0,,,,,0,0,Morelia,Las Americas,abril,jueves,10,-101.159018464386,19.6879661167086
22200,22203,2019,,2019/04/11,10:45:00,COLISIÓN POR CORTE DE CIRCULACIÓN,ASFALTO,Bueno,Bueno,2,NISSAN,PLOMO,2,,75,MASCULINO,SIN DATOS,0,0,Zacapu,Centro,abril,jueves,11,-101.790467,19.816037
22201,22204,2019,,2019/04/11,11:16:00,COLISIÓN POR CORTE DE CIRCULACIÓN,CONCRETO,Bueno,Bueno,2,HONDA,NEGRO,2,,21,MASCULINO,SIN DATOS,0,0,Morelia,Felix Ireta,abril,jueves,11,-101.19536139071,19.6917756533222
22202,22205,2019,MOR190280699,2019/04/11,12:15:00,COLISIÓN POR CAMBIO DE CARRIL,ASFALTO,Bueno,Bueno,2,SCANIA,ORO,2,,54,MASCULINO,SIN DATOS,0,0,Morelia,Santiaguito,abril,jueves,12,-101.188604906201,19.7199011669974
22205,22208,2019,,2019/04/11,13:24:00,COLISIÓN CONTRA OBJETO FIJO,ASFALTO,Bueno,Bueno,2,VOLVO,BLANCO,1,,25,MASCULINO,SIN DATOS,0,0,Morelia,Mariano Michelena,abril,jueves,13,-101.231337504797,19.6758071810468
22206,22209,2019,,2019/04/11,15:00:00,COLISIÓN POR CORTE DE CIRCULACIÓN,ASFALTO,Bueno,Bueno,2,VOLKSWAGEN,BLANCO,2,,,MASCULINO,SIN DATOS,0,0,Morelia,Centro,abril,jueves,15,-101.18754847,19.7028479949991
22207,22210,2019,MOR190281311,2019/04/11,15:35:00,COLISIÓN POR CORTE DE CIRCULACIÓN,ASFALTO,Bueno,Bueno,2,MITSUBISHI,BLANCO,2,,26,MASCULINO,SIN DATOS,0,0,Morelia,Nueva Valladolid,abril,jueves,16,-101.21281435,19.7007192549992
22208,22211,2019,,2019/04/11,15:50:00,COLISIÓN POR CAMBIO DE CARRIL,ASFALTO,Bueno,Bueno,2,KENWOORTH,AMARILLO,2,,57,MASCULINO,SIN DATOS,0,0,Morelia,La Quemada,abril,jueves,16,-101.238352172077,19.6879320236615
22209,22212,2019,,2019/04/11,16:00:00,COLISIÓN POR CAMBIO DE CARRIL,ASFALTO,Bueno,Bueno,2,KIA,GRIS,2,,32,FEMENINO,SIN DATOS,0,0,Morelia,Pascual Ortiz de Ayala,abril,jueves,16,-101.149546185961,19.6947388074962
22210,22213,2019,MOR190281900,2019/04/11,18:00:00,COLISIÓN POR CAMBIO DE CARRIL,ASFALTO,Bueno,Bueno,2,HONDA,BLANCO,2,,28,FEMENINO,SIN DATOS,0,0,Morelia,Centro,abril,jueves,18,-101.18218963,19.7028850649992
22211,22214,2019,MOR 190281739,2019/04/11,18:04:00,COLISIÓN POR ALCANCE,ASFALTO,Bueno,Bueno,2,CHEVROLET,BLANCO,2,,43,MASCULINO,SIN DATOS,0,0,Morelia,Plan de La Garita,abril,jueves,18,-101.187944218991,19.7115607188889
22212,22215,2019,,2019/04/11,18:30:00,VOLCADURA,ASFALTO,Bueno,Bueno,1,NISSAN,BLANCO,3,MINISTERIO PÚBLICO,38,MASCULINO,SIN DATOS,2,0,Puruándiro,Lomas de Agua Tibia,abril,jueves,19,-101.48178242147,20.0858179022793
22213,22216,2019,,2019/04/11,18:30:00,COLISIÓN POR ALCANCE,ASFALTO,Bueno,Bueno,2,FORD,AZUL,2,,26,MASCULINO,SIN DATOS,0,0,Morelia,Gral Gertrudis Sanchez,abril,jueves,19,-101.2094753,19.7439916449991
22214,22217,2019,MOR 190,2019/04/11,18:40:00,COLISIÓN POR CAMBIO DE CARRIL,ASFALTO,Bueno,Bueno,2,INTERNATIONAL,BLANCO,2,,34,MASCULINO,SIN DATOS,0,0,Morelia,Centro,abril,jueves,19,-101.18754847,19.7028479949991
22215,22218,2019,MOR 190282004,2019/04/11,19:22:00,COLISIÓN POR ALCANCE,ASFALTO,Bueno,Bueno,2,ITALIKA,ROJO,2,,17,FEMENINO,SIN DATOS,0,0,Morelia,Eduardo Ruiz,abril,jueves,19,-101.221859682349,19.7216992118204
22216,22219,2019,MOR190282207,2019/04/11,20:15:00,COLISIÓN POR CAMBIO DE CARRIL,SIN_DATOS,Bueno,Bueno,2,NISSAN,ROJO,2,,18,MASCULINO,SIN DATOS,0,0,Morelia,Santa Fe,abril,jueves,20,-101.172267125,19.7387464449992
22217,22220,2019,,2019/04/11,20:15:00,COLISIÓN POR CORTE DE CIRCULACIÓN,CONCRETO,Bueno,Regular,2,NISSAN,BLANCO Y AMARILLO,2,,,MASCULINO,SIN DATOS,0,0,Morelia,Esther Tapia,abril,jueves,20,-101.21852906,19.7136678999991
22218,22221,2019,,2019/04/11,21:00:00,COLISIÓN POR CORTE DE CIRCULACIÓN,ASFALTO,Bueno,Bueno,2,S/D,S/D,1,,35,MASCULINO,SIN DATOS,0,0,Morelia,Torreon Nuevo,abril,jueves,21,-101.20358663,19.7462449699991
22219,22222,2019,MOR190282561,2019/04/11,21:40:00,COLISIÓN CON PEATÓN,ASFALTO,Bueno,Bueno,1,CHEVROLET,BLANCO,1,MINISTERIO PÚBLICO,,,,1,0,Morelia,Fovissste Acueducto,abril,jueves,22,-101.155722364783,19.700977766178
22220,22223,2019,MOR190282501,2019/04/11,21:40:00,COLISIÓN POR ALCANCE,ASFALTO,Bueno,Bueno,2,FORD,BLANCO,2,,28,,CON CERTIFICADO,0,0,Morelia,Pascual Ortiz de Ayala,abril,jueves,22,-101.149821521984,19.69504229591
22221,22224,2019,,2019/04/11,22:30:00,COLISIÓN POR CORTE DE CIRCULACIÓN,ASFALTO,Bueno,Bueno,1,S/D,S/D,1,,,,,1,0,Morelia,Gustavo Diaz Ordaz,abril,jueves,23,-101.20526233,19.6927175549991
22222,22225,2019,,2019/04/11,22:40:00,COLISIÓN POR ALCANCE,ASFALTO,Bueno,Bueno,2,CHRYSLER,AZUL,2,,34,MASCULINO,SIN DATOS,0,0,Morelia,Gertrudis Sanchez,abril,jueves,23,-101.205776745,19.7441101549991
22223,22226,2019,,2019/04/12,"00:00:00",COLISIÓN POR ALCANCE,ASFALTO,Bueno,Bueno,2,MAZDA,GRIS,2,,,FEMENINO,SIN DATOS,0,0,Morelia,Gertrudis Sanchez,abril,viernes,0,-101.205776745,19.7441101549991
22224,22227,2019,,2019/04/12,"00:00:00",COLISIÓN CONTRA OBJETO FIJO,CONCRETO,Bueno,Bueno,1,CHEVROLET,PLATA,1,,,,SIN DATOS,0,0,Morelia,Club de Golf Tres Marias,abril,viernes,0,-101.107,19.7091
22225,22228,2019,,2019/04/12,"00:00:00",COLISIÓN POR ALCANCE,ASFALTO,Bueno,Bueno,2,CHEVROLET,VERDE,2,,,MASCULINO,SIN DATOS,0,0,Morelia,Villas Lomas del Paraiso,abril,viernes,0,-101.183243326701,19.6753951296653
22226,22229,2019,,2019/04/12,"02:10:00",VOLCADURA,ASFALTO,Bueno,Bueno,1,VOLKSWAGEN,GRIS,1,,25,MASCULINO,SIN DATOS,0,0,Morelia,Ciudad Industrial,abril,viernes,2,-101.14554366932,19.7284851395985
22227,22230,2019,,2019/04/12,"03:00:00",COLISIÓN POR ALCANCE,ASFALTO,Bueno,Bueno,2,VOLKSWAGEN,BLANCO,2,,48,MASCULINO,ALIENTO ETÍLICO,0,0,Morelia,La Loma,abril,viernes,3,-101.1835347,19.6804596699991
22228,22231,2019,,2019/04/12,"04:10:00",COLISIÓN POR CAMBIO DE CARRIL,ASFALTO,Bueno,Regular,4,TOYOTA,ROJO,4,,20,MASCULINO,CON CERTIFICADO,0,0,Morelia,Arboledas,abril,viernes,4,-101.21088579,19.6821952599991
22229,22232,2019,,2019/04/12,"07:30:00",VOLCADURA,ASFALTO,Bueno,Bueno,1,CHEVROLET,ROJO,1,,47,MASCULINO,SIN DATOS,0,0,Peribán,Sin datos,abril,viernes,8,-102.452831268311,19.5602754015229
22230,22233,2019,,2019/04/12,"08:10:00",COLISIÓN POR CORTE DE CIRCULACIÓN,ADOQUIN_EMPEDRADO,Bueno,Bueno,2,NISSAN,CAFE,3,,64,MASCULINO,SIN DATOS,1,0,Cuitzeo,El Calvario,abril,viernes,8,-101.141055375338,19.9662284041168
22231,22234,2019,,2019/04/12,"08:24:00",COLISIÓN POR CORTE DE CIRCULACIÓN,ASFALTO,Bueno,Bueno,1,DODGE,NEGRO,1,,51,FEMENINO,SIN DATOS,0,0,Morelia,Elias Perez Avalos,abril,viernes,8,-101.168642565608,19.7126299019204
22232,22235,2019,MOR190283156,2019/04/12,"09:00:00",COLISIÓN POR ALCANCE,ASFALTO,Bueno,Bueno,2,RENAULT,BLANCO,2,,37,MASCULINO,SIN DATOS,0,0,Morelia,Infonavit Colonial Universidad,abril,viernes,9,-101.207234188914,19.6865998637302
22233,22236,2019,,2019/04/12,10:10:00,COLISIÓN CON PEATÓN,SIN_DATOS,Bueno,Bueno,2,Bajaj,negro y rojo,2,,0,MASCULINO,SIN DATOS,0,0,Morelia,Ciudad Industrial,abril,viernes,10,-101.1367597,19.73212044
22234,22237,2019,MOR 190283306,2019/04/12,10:24:00,COLISIÓN POR ALCANCE,ASFALTO,Bueno,Bueno,2,VOLKSWAGEN,NEGRO,2,,32,MASCULINO,SIN DATOS,0,0,Morelia,Ampliacion La Soledad,abril,viernes,10,-101.183400079608,19.7357902453599
22235,22238,2019,,2019/04/12,10:30:00,COLISIÓN POR ALCANCE,ASFALTO,Bueno,Regular,2,NISSAN,Blanco,2,,31,MASCULINO,SIN DATOS,0,0,Morelia,Lomas de Guayangareo,abril,viernes,11,-101.1597151,19.7039905
22236,22239,2019,MOR 190283675,2019/04/12,11:37:00,COLISIÓN POR CAMBIO DE CARRIL,ASFALTO,Bueno,Bueno,2,VOLKSWAGEN,BLANCO,2,,23,MASCULINO,SIN DATOS,0,0,Morelia,Ampliacion La Soledad,abril,viernes,12,-101.183015182614,19.7330314042354
22237,22240,2019,,2019/04/12,12:20:00,COLISIÓN POR MANIOBRA DE REVERSA,ASFALTO,Bueno,Bueno,1,MERCURIO,BLANCO/ROJO,1,,55,MASCULINO,SIN DATOS,0,0,Morelia,La Calera,abril,viernes,12,-101.235396377742,19.6809232229566
22238,22241,2019,,2019/04/12,13:00:00,COLISIÓN CON PEATÓN,SIN_DATOS,Bueno,Bueno,2,ford,gris,2,,0,MASCULINO,SIN DATOS,0,0,Morelia,Ciudad Industrial,abril,viernes,13,-101.14244107157,19.7253229962995
22239,22242,2019,,2019/04/12,13:10:00,COLISIÓN POR ALCANCE,SIN_DATOS,Bueno,Bueno,2,NISSAN,BLANCO CON CAFE,2,,0,MASCULINO,SIN DATOS,0,0,Morelia,Centro,abril,viernes,13,-101.191636137664,19.6998063822576
22240,22243,2019,,2019/04/12,13:20:00,COLISIÓN POR CORTE DE CIRCULACIÓN,ASFALTO,Bueno,Bueno,1,NISSAN,PLATA,1,,46,FEMENINO,SIN DATOS,0,0,Morelia,Dr Miguel Silva,abril,viernes,13,-101.180941164494,19.7195552544218
22241,22244,2019,,2019/04/12,14:05:00,COLISIÓN POR CORTE DE CIRCULACIÓN,ASFALTO,Bueno,Bueno,2,VENTO,PLATA,2,,28,FEMENINO,SIN DATOS,0,0,Morelia,La Colina,abril,viernes,14,-101.214231066406,19.70956923105
22242,22245,2019,,2019/04/12,17:30:00,COLISIÓN POR CORTE DE CIRCULACIÓN,ASFALTO,Bueno,Bueno,2,NISSAN,BLANCO,2,MINISTERIO PÚBLICO,29,MASCULINO,SIN DATOS,0,0,Lázaro Cárdenas,El Mirador,abril,viernes,18,-102.207446694374,17.9725500575662
22243,22246,2019,,2019/04/12,19:33:00,COLISIÓN POR ALCANCE,ASFALTO,Bueno,Bueno,2,ITALIKA,AZUL,2,,24,MASCULINO,SIN DATOS,0,0,Morelia,Nueva Valladolid,abril,viernes,20,-101.211176365614,19.7019187180558
22245,22248,2019,,2019/04/12,20:30:00,COLISIÓN CON PEATÓN,ASFALTO,Bueno,Bueno,1,S/D,S/D,1,,,,,1,0,Morelia,San Rafael,abril,viernes,21,-101.152968146101,19.7007687948401
22246,22249,2019,,2019/04/12,20:50:00,COLISIÓN POR ALCANCE,CONCRETO,Bueno,Bueno,2,Renault,Gris,2,,28,FEMENINO,SIN DATOS,0,0,Morelia,Lomas del Valle,abril,viernes,21,-101.227607242763,19.6898248081432
22247,22250,2019,,2019/04/12,22:45:00,SALIDA DE SUPERFICIE DE RODAMIENTO,ASFALTO,Bueno,Bueno,1,Nissan,Blanco,1,,52,MASCULINO,SIN DATOS,0,0,Morelia,Nicolaitas Ilustres,abril,viernes,23,-101.228236398276,19.7193999722558
22249,22252,2019,,2019/04/12,23:05:00,COLISIÓN POR CAMBIO DE CARRIL,ASFALTO,Bueno,Bueno,2,MERCEDES BENZ,BLANCO,2,,55,MASCULINO,SIN DATOS,0,0,Morelia,Nueva Valladolid,abril,viernes,23,-101.207341477275,19.7021772342247
22250,22253,2019,,2019/04/12,23:45:00,VOLCADURA,TERRACERIA,Bueno,Bueno,0,,,1,MINISTERIO PÚBLICO,,,,0,1,Coalcomán de Vázquez Pallares,Sin datos,abril,viernes,0,-103.180448524654,18.7720499303462
22251,22254,2019,,2019/04/13,"00:20:00",COLISIÓN CONTRA OBJETO FIJO,ASFALTO,Bueno,Bueno,1,SEAT,VERDE,1,,61,MASCULINO,SIN DATOS,0,0,Morelia,Montaña Monarca,abril,sábado,0,-101.165421903133,19.6714812819251
22252,22255,2019,MOR 190245530,2019/04/13,"06:30:00",COLISIÓN CONTRA OBJETO FIJO,ASFALTO,Bueno,Bueno,1,ITALIKA,NEGRO,1,,20,MASCULINO,SIN DATOS,0,0,Morelia,Sin datos,abril,sábado,7,-101.386812776327,19.6672302063727
22253,22256,2019,,2019/04/13,"09:20:00",CAIDA DE MOTOCICLETA,ASFALTO,Bueno,Bueno,1,PULSAR,NEGRO,1,MINISTERIO PÚBLICO,25,MASCULINO,SIN DATOS,0,0,Lázaro Cárdenas,Sin datos,abril,sábado,9,-102.211831435561,17.9772776072309
22254,22257,2019,,2019/04/13,11:00:00,COLISIÓN POR ALCANCE,ASFALTO,Bueno,Bueno,3,NISSAN,GRIS,3,,21,MASCULINO,SIN DATOS,0,0,Los Reyes,Carlos Galvez Betancourt,abril,sábado,11,-102.459037564695,19.5741743387952
22255,22258,2019,MOR190286694,2019/04/13,12:30:00,COLISIÓN POR NO RESPETAR SEMÁFORO,ASFALTO,Bueno,Bueno,3,DODGE,AZUL,4,MINISTERIO PÚBLICO,0,,SIN DATOS,3,0,Morelia,Melchor Ocampo,abril,sábado,13,-101.203954517841,19.7043848632242
22256,22259,2019,,2019/04/13,12:40:00,COLISIÓN POR CORTE DE CIRCULACIÓN,SIN_DATOS,Bueno,Bueno,2,VW,GRIS,2,,23,MASCULINO,SIN DATOS,0,0,Morelia,Felix Arreguin,abril,sábado,13,-101.227081529796,19.7206087704998
22257,22260,2019,,2019/04/13,13:20:00,COLISIÓN POR CAMBIO DE CARRIL,ASFALTO,Bueno,Regular,2,FORD,GRIS,0,MINISTERIO PÚBLICO,,,,0,0,Morelia,Sentimientos de La Nacion,abril,sábado,13,-101.2340365,19.6807322
22258,22261,2019,,2019/04/13,14:15:00,COLISIÓN POR CORTE DE CIRCULACIÓN,CONCRETO,Bueno,Bueno,2,NISSAN,PLATA,2,,33,MASCULINO,SIN DATOS,0,0,Morelia,Chapultepec Oriente,abril,sábado,14,-101.164835505187,19.6922680959204
22259,22262,2019,,2019/04/13,14:15:00,COLISIÓN POR ALCANCE,ASFALTO,Bueno,Bueno,2,Nissan,Blanco,2,,0,MASCULINO,SIN DATOS,0,0,Morelia,Lomas de Morelia (Dr Ignacio Chavez),abril,sábado,14,-101.176292896271,19.7181210979483
22260,22263,2019,,2019/04/13,14:30:00,VOLCADURA,ASFALTO,Bueno,Bueno,1,NISSAN,GUINDA,1,,,,SIN DATOS,0,0,Zitácuaro,Sin datos,abril,sábado,15,-100.390223935246,19.4187946749621
22261,22264,2019,,2019/04/13,14:32:00,COLISIÓN POR CAMBIO DE CARRIL,CONCRETO,Bueno,Bueno,2,CHEVROLET,GRIS,2,,0,MASCULINO,SIN DATOS,0,0,Morelia,Centro,abril,sábado,15,-101.191586181521,19.7029303693027
22262,22265,2019,,2019/04/13,15:30:00,COLISIÓN POR CORTE DE CIRCULACIÓN,ASFALTO,Bueno,Bueno,2,VOLKSWAGEN,Rojo,2,,35,FEMENINO,SIN DATOS,0,0,Morelia,Independencia,abril,sábado,16,-101.177831813693,19.7192806700014
22263,22266,2019,MOR190287393,2019/04/13,16:00:00,COLISIÓN POR ALCANCE,ASFALTO,Bueno,Bueno,2,PONTIAC,BLANCO,2,,50,FEMENINO,SIN DATOS,0,0,Morelia,Campestre Los Manantiales,abril,sábado,16,-101.238348484039,19.6882609581281
22264,22267,2019,MOR190287614,2019/04/13,17:50:00,COLISIÓN POR ALCANCE,ASFALTO,Bueno,Bueno,2,DODGE,PLATA,2,,37,MASCULINO,SIN DATOS,0,0,Morelia,Ampliacion La Soledad,abril,sábado,18,-101.182947121561,19.7339478673827
22265,22268,2019,,2019/04/13,21:35:00,COLISIÓN POR CAMBIO DE CARRIL,ASFALTO,Bueno,Bueno,2,CHEVROLET,ROJO,2,,48,FEMENINO,SIN DATOS,0,0,Morelia,Josefa Ortiz de Dominguez,abril,sábado,22,-101.209784969687,19.672166368587
22266,22269,2019,,2019/04/13,21:40:00,COLISIÓN CONTRA OBJETO FIJO,ASFALTO,Bueno,Regular,1,CHEVROLET,GRIS,1,MINISTERIO PÚBLICO,,,,1,0,Tarímbaro,Sin datos,abril,sábado,22,-101.167159407442,19.8216951004044
22267,22270,2019,MOR 190 285702,2019/04/13,23:17:00,COLISIÓN POR INVASIÓN DE CARRIL,ASFALTO,Bueno,Bueno,2,CHEVROLET,ROJO,2,,27,FEMENINO,ALIENTO ETÍLICO,0,0,Morelia,Benito Juarez,abril,sábado,23,-101.2534141168,19.685802140855
22268,22271,2019,,2019/04/13,23:30:00,COLISIÓN POR ALCANCE,ASFALTO,Bueno,Bueno,3,CHEVROLET,VERDE,2,,0,MASCULINO,ALIENTO ETÍLICO,0,0,Morelia,La Esperanza,abril,sábado,0,-101.153318099678,19.6993120689279
22269,22272,2019,MOR190285807,2019/04/13,23:40:00,COLISIÓN POR INVASIÓN DE CARRIL,ASFALTO,Bueno,Bueno,2,CHEVROLET,GRIS,1,MINISTERIO PÚBLICO,,,,0,1,Indaparapeo,Sin datos,abril,sábado,0,-100.954518467188,19.7932634573453
22270,22273,2019,,2019/04/14,"00:00:00",COLISIÓN POR ALCANCE,ASFALTO,Bueno,Bueno,2,NISSAN,BLANCO,2,,37,MASCULINO,SIN DATOS,0,0,Morelia,Indeco El Vivero,abril,domingo,0,-101.22985560447,19.6769104344326
22271,22274,2019,LEG23297,2019/04/14,"00:04:00",COLISIÓN POR CORTE DE CIRCULACIÓN,ASFALTO,Bueno,Bueno,1,NISSAN,BCO/ROJO,2,,40,MASCULINO,SIN DATOS,1,0,Morelia,Nicolaitas Ilustres,abril,domingo,0,-101.228314004838,19.7194447894818
22272,22275,2019,MOR190288835,2019/04/14,"00:40:00",COLISIÓN POR ALCANCE,ASFALTO,Bueno,Bueno,2,NISSAN,AZUL,2,,29,MASCULINO,SIN DATOS,0,0,Morelia,Alberto Oviedo Mota,abril,domingo,1,-101.202200353146,19.6771563630778
22273,22276,2019,,2019/04/14,"01:25:00",COLISIÓN CONTRA OBJETO FIJO,SIN_DATOS,Bueno,Bueno,1,VOLKSWAGEN,GRIS,1,MINISTERIO PÚBLICO,31,MASCULINO,ALIENTO ETÍLICO,0,0,Morelia,Centro,abril,domingo,1,-101.193346381187,19.7033457599747
22274,22277,2019,MOR190289003,2019/04/14,"02:20:00",SALIDA DE SUPERFICIE DE RODAMIENTO,ASFALTO,Bueno,Bueno,1,NISSAN,BLANCO,1,,22,MASCULINO,ALIENTO ETÍLICO,0,0,Morelia,Felix Ireta,abril,domingo,2,-101.190818902105,19.6877906005738
22275,22278,2019,MOR190289012,2019/04/14,"02:30:00",COLISIÓN POR CORTE DE CIRCULACIÓN,ASFALTO,Bueno,Bueno,2,NISSAN,BLANCO,2,,45,MASCULINO,SIN DATOS,0,0,Morelia,Residencial Alborada,abril,domingo,3,-101.234586685896,19.7023508406971
22276,22279,2019,,2019/04/14,"03:10:00",COLISIÓN POR ALCANCE,ASFALTO,Bueno,Bueno,2,CHEVROLET,BLANCO,3,MINISTERIO PÚBLICO,56,MASCULINO,CON CERTIFICADO,2,0,Morelia,Los Angeles,abril,domingo,3,-101.175267621875,19.7442129051334
22277,22280,2019,,2019/04/14,"03:50:00",COLISIÓN POR CAMBIO DE CARRIL,ASFALTO,Bueno,Bueno,2,CHEVROLET,BEIGE,2,,31,MASCULINO,SIN DATOS,0,0,Morelia,Sentimientos de La Nacion,abril,domingo,4,-101.233218424022,19.6782082641393
22278,22281,2019,,2019/04/14,13:30:00,COLISIÓN POR CORTE DE CIRCULACIÓN,ASFALTO,Bueno,Bueno,2,TOYOTA,ROJO,2,MINISTERIO PÚBLICO,27,MASCULINO,SIN DATOS,0,0,Lázaro Cárdenas,Valle del Tecnologico,abril,domingo,14,-102.226667404175,17.9739972931047
22279,22282,2019,,2019/04/14,13:30:00,COLISIÓN POR CAMBIO DE CARRIL,ASFALTO,Bueno,Bueno,2,Jeep,blanco,2,,0,MASCULINO,SIN DATOS,0,0,Morelia,Cinco de Diciembre,abril,domingo,14,-101.161824390292,19.6870796951246
22280,22283,2019,,2019/04/14,14:15:00,COLISIÓN POR INVASIÓN DE CARRIL,ASFALTO,Bueno,Bueno,2,HONDA,BLANCO,5,MINISTERIO PÚBLICO,28,FEMENINO,SIN DATOS,3,0,Los Reyes,Los Manantiales,abril,domingo,14,-102.452885918319,19.5788985545814
22281,22284,2019,MOR 190289994,2019/04/14,14:20:00,COLISIÓN POR CORTE DE CIRCULACIÓN,CONCRETO,Bueno,Bueno,2,NISSAN,BLANCO Y ROSA,3,,34,MASCULINO,SIN DATOS,1,0,Morelia,Centro,abril,domingo,14,-101.18327267468,19.7006573804282