fid,id_accidente,anio_origen,folio_c5i,dia_incidente,hora_ocurrencia,tipo_incidente_vial,superficie_ocurrencia,condiciones_climaticas,condiciones_via,numero_vehiculos_involucrados,marca_vehiculo_ocasiona_siniestro,color_vehiculo_ocasiona_siniestro,numero_personas_involucradas,lugar_remite_presunto_responsable,edad_presunto_responsable,sexo_presunto_responsable,resultados_toxicologia,numero_personas_lesionadas,numero_personas_fallecidas,municipio,colonia,mes,dia_semana,hora_redondeada,lon,lat
22282,22285,2019,MOR 190251469,2019/04/14,15:57:00,COLISIÓN POR ALCANCE,CONCRETO,Bueno,Bueno,2,CHEVROLET,ROJO,2,,20,MASCULINO,SIN DATOS,0,0,Morelia,Villas del Pedregal,abril,domingo,16,-101.304784119129,19.6864022485406
22283,22286,2019,,2019/04/14,16:27:00,COLISIÓN POR ALCANCE,ASFALTO,Bueno,Bueno,2,DODGE,VERDE,2,,0,MASCULINO,SIN DATOS,0,0,Morelia,Los Angeles,abril,domingo,16,-101.177456974983,19.7402152739785
22284,22287,2019,MOR 190 290484,2019/04/14,16:46:00,COLISIÓN POR ALCANCE,ASFALTO,Bueno,Bueno,2,VOLVO,BLANCO/AZUL,2,,30,,SIN DATOS,0,0,Morelia,Los Manantiales de Morelia,abril,domingo,17,-101.241214759648,19.7007293489087
22285,22288,2019,,2019/04/14,18:25:00,COLISIÓN POR CORTE DE CIRCULACIÓN,ASFALTO,Bueno,Bueno,3,MAZDA,ROJO,3,,30,MASCULINO,SIN DATOS,0,0,Morelia,Ventura Puente,abril,domingo,18,-101.185330431908,19.6903867044994
22286,22289,2019,,2019/04/14,18:40:00,COLISIÓN CON PEATÓN,SIN_DATOS,Bueno,Bueno,2,Dodge,gris,2,,0,,SIN DATOS,0,0,Morelia,Ventura Puente,abril,domingo,19,-101.185035556555,19.6949600886818
22287,22290,2019,,2019/04/14,19:10:00,VOLCADURA,ASFALTO,Bueno,Bueno,1,TOYOTA,BLANCO,1,,,,SIN DATOS,0,0,Zitácuaro,Sin datos,abril,domingo,19,-100.388742685318,19.4227810034876
22288,22291,2019,MOR190291072,2019/04/14,20:10:00,SALIDA DE SUPERFICIE DE RODAMIENTO,CONCRETO,Bueno,Bueno,1,CHEVROLET,NEGRO,1,,0,FEMENINO,SIN DATOS,0,0,Morelia,Plan de La Garita,abril,domingo,20,-101.185675263405,19.7137049261739
22289,22292,2019,MOR 19028552334,2019/04/14,20:30:00,COLISIÓN CONTRA OBJETO FIJO,CONCRETO,Bueno,Bueno,1,RENAULT,ROJO,1,,,MASCULINO,SIN DATOS,0,0,Morelia,Puerta Tres Marias Norte,abril,domingo,21,-101.141284704208,19.6921879162672
22290,22293,2019,,2019/04/14,20:45:00,COLISIÓN CONTRA OBJETO FIJO,ASFALTO,Bueno,Bueno,1,Nissan,Azul,1,,43,MASCULINO,CON CERTIFICADO,0,0,Morelia,Clara Cordova Moran,abril,domingo,21,-101.180792301893,19.7374643987629
22291,22294,2019,,2019/04/14,21:13:00,COLISIÓN POR ALCANCE,ASFALTO,Bueno,Bueno,2,GENERAL MOTORS,BLANCO,2,,28,MASCULINO,SIN DATOS,0,0,Morelia,San Jose Itzicuaro,abril,domingo,21,-101.310113668442,19.6874856566158
22292,22295,2019,,2019/04/14,21:15:00,COLISIÓN POR CORTE DE CIRCULACIÓN,ASFALTO,Bueno,Bueno,2,VOLKSWAGEN,GRIS,2,,30,MASCULINO,SIN DATOS,0,0,Tarímbaro,Sin datos,abril,domingo,21,-101.166016347706,19.8081061754973
22293,22296,2019,MOR 190 291 305,2019/04/14,21:28:00,COLISIÓN POR CORTE DE CIRCULACIÓN,CONCRETO,Bueno,Bueno,2,NO APLICA,negro,1,MINISTERIO PÚBLICO,0,,SIN DATOS,0,0,Morelia,Lomas del Tecnologico,abril,domingo,21,-101.188601888716,19.7199336751663
22294,22297,2019,,2019/04/14,22:30:00,COLISIÓN POR NO RESPETAR SEMÁFORO,ASFALTO,Bueno,Bueno,2,Seat,Rojo,2,,0,FEMENINO,ALIENTO ETÍLICO,0,0,Morelia,Felix Ireta,abril,domingo,23,-101.195669844747,19.6814965153531
22295,22298,2019,,2019/04/14,22:40:00,COLISIÓN POR ALCANCE,ASFALTO,Bueno,Bueno,2,PEUGEOT,ROJO,2,MINISTERIO PÚBLICO,,FEMENINO,ALIENTO ETÍLICO,0,0,Morelia,Vasco de Quiroga,abril,domingo,23,-101.175968013704,19.6983029200526
22296,22299,2019,MOR190288756,2019/04/14,23:40:00,VOLCADURA,ASFALTO,Bueno,Bueno,1,CHEVROLET,AZUL,1,,37,MASCULINO,SIN DATOS,0,0,Tarímbaro,Sin datos,abril,domingo,0,-101.166508197784,19.8108198722507
22297,22300,2019,,2019/04/15,"00:30:00",SUBIDA AL CAMELLÓN,ASFALTO,Bueno,Bueno,1,CHEVROLET,AZUL,1,,38,MASCULINO,CON CERTIFICADO,0,0,Morelia,El Realito,abril,lunes,1,-101.202739477158,19.7254255671166
22298,22301,2019,,2019/04/15,"02:10:00",COLISIÓN CONTRA OBJETO FIJO,ASFALTO,Bueno,Bueno,1,VOLKSWAGEN,ROJO,1,MINISTERIO PÚBLICO,32,MASCULINO,SIN DATOS,0,0,Lázaro Cárdenas,Vista Industrial,abril,lunes,2,-102.227984704077,17.9669947698766
22299,22302,2019,,2019/04/15,"03:10:00",COLISIÓN CONTRA OBJETO FIJO,ASFALTO,Bueno,Bueno,1,YAMAHA,BLANCO,1,,,MASCULINO,SIN DATOS,0,0,Lázaro Cárdenas,Lomas de Bella Vista,abril,lunes,3,-102.219869345427,17.9706110367591
22300,22303,2019,MOR 190292045,2019/04/15,"08:50:00",CAIDA ACUATICA DE VEHÍCULO,TERRACERIA,Bueno,Regular,1,HONDA,ARENA,1,,44,MASCULINO,SIN DATOS,0,0,Morelia,Union,abril,lunes,9,-101.156742945313,19.7124903944264
22301,22304,2019,,2019/04/15,"09:45:00",COLISIÓN POR ALCANCE,CONCRETO,Bueno,Bueno,0,,,0,MINISTERIO PÚBLICO,,,,0,0,Morelia,Granjas de La Huerta,abril,lunes,10,-101.235534511507,19.6681341021306
22302,22305,2019,,2019/04/15,"09:45:00",COLISIÓN POR ALCANCE,CONCRETO,Bueno,Regular,2,DODGE,BLANCO,3,MINISTERIO PÚBLICO,20,MASCULINO,SIN DATOS,1,0,Morelia,Libertad,abril,lunes,10,-101.238110437989,19.6873672775937
22303,22306,2019,,2019/04/15,11:35:00,COLISIÓN POR CORTE DE CIRCULACIÓN,ASFALTO,Bueno,Bueno,1,TOYOTA,AMARILLA,1,,46,MASCULINO,SIN DATOS,0,0,Morelia,Paseo de La Castellana,abril,lunes,12,-101.224544495344,19.6664923736089
22304,22307,2019,,2019/04/15,11:40:00,COLISIÓN POR CORTE DE CIRCULACIÓN,ASFALTO,Bueno,Bueno,2,Dina,Blanco,2,,40,MASCULINO,SIN DATOS,0,0,Morelia,Bosques de Oriente,abril,lunes,12,-101.154545545578,19.7163741492113
22305,22308,2019,MOR190292904,2019/04/15,14:20:00,COLISIÓN POR CORTE DE CIRCULACIÓN,ASFALTO,Bueno,Bueno,2,FAMSA,ROJO,2,,47,MASCULINO,SIN DATOS,0,0,Morelia,Sin datos,abril,lunes,14,-101.355695128441,19.6731861004528
22306,22309,2019,MOR190293391,2019/04/15,16:30:00,COLISIÓN POR ALCANCE,ASFALTO,Bueno,Bueno,2,NISSAN,BLANCO,2,,33,MASCULINO,SIN DATOS,0,0,Morelia,Barrio Alto,abril,lunes,17,-101.196924448013,19.7248776803884
22307,22310,2019,MOR190293356,2019/04/15,16:50:00,COLISIÓN POR CORTE DE CIRCULACIÓN,CONCRETO,Bueno,Bueno,2,FORD,ROJO,2,,32,FEMENINO,SIN DATOS,0,0,Morelia,Felix Ireta,abril,lunes,17,-101.18938408792,19.6887590936824
22308,22311,2019,,2019/04/15,17:25:00,COLISIÓN POR CORTE DE CIRCULACIÓN,ASFALTO,Bueno,Bueno,2,MAZDA,BLANCO APERLADO,2,,76,MASCULINO,SIN DATOS,0,0,Morelia,Cuauhtemoc,abril,lunes,17,-101.179123967886,19.6947889994947
22309,22312,2019,MOR190293593,2019/04/15,18:20:00,COLISIÓN POR CAMBIO DE CARRIL,ASFALTO,Bueno,Bueno,2,FORD,ARENA,2,,40,MASCULINO,SIN DATOS,0,0,Morelia,Loma Bonita,abril,lunes,18,-101.196892261505,19.7245646014146
22310,22313,2019,,2019/04/15,18:30:00,VOLCADURA,ASFALTO,Bueno,Bueno,1,Toyota,Gris,1,,,MASCULINO,SIN DATOS,0,0,Morelia,Sin datos,abril,lunes,19,-101.119772046804,19.6995971041952
22311,22315,2019,,2019/04/15,18:40:00,CAIDA DE MOTOCICLETA,ASFALTO,Bueno,Bueno,1,Italiia,Blanco,1,MINISTERIO PÚBLICO,,,,1,0,Morelia,Ignaci0 Ramirez,abril,lunes,19,-101.223158799112,19.7261517666188
22312,22316,2019,,2019/04/15,19:45:00,COLISIÓN POR CORTE DE CIRCULACIÓN,SIN_DATOS,Bueno,Bueno,2,VW,Blanco,2,,31,FEMENINO,SIN DATOS,0,0,Morelia,Felicitas del Rio,abril,lunes,20,-101.200316101313,19.6919972526788
22313,22317,2019,,2019/04/15,19:50:00,COLISIÓN POR MANIOBRA DE REVERSA,CONCRETO,Bueno,Bueno,2,GMC,BLANCO,3,,80,MASCULINO,SIN DATOS,1,0,Pajacuarán,La Esperanza,abril,lunes,20,-102.561191171408,20.1161811499757
22314,22318,2019,MOR 190290903,2019/04/15,20:10:00,COLISIÓN CONTRA OBJETO FIJO,CONCRETO,Bueno,Regular,1,KIA,ROJO,1,,0,,SIN DATOS,0,0,Morelia,Union,abril,lunes,20,-101.156482771039,19.7105063448116
22315,22319,2019,MOR190394162,2019/04/15,20:35:00,COLISIÓN POR CORTE DE CIRCULACIÓN,SIN_DATOS,Bueno,Bueno,2,SEAT,BLANCO,2,MINISTERIO PÚBLICO,55,MASCULINO,SIN DATOS,0,0,Morelia,Fray Antonio de San Miguel Iglesias,abril,lunes,21,-101.145792491734,19.6872561590719
22316,22320,2019,,2019/04/15,21:15:00,COLISIÓN POR INVASIÓN DE CARRIL,ASFALTO,Bueno,Bueno,2,NISSAN,BLANCO/ROJO,2,MINISTERIO PÚBLICO,,MASCULINO,SIN DATOS,0,0,Múgica,Benito Juarez,abril,lunes,21,-102.084301114082,19.0336611415165
22317,22321,2019,,2019/04/15,22:10:00,COLISIÓN POR INVASIÓN DE CARRIL,ASFALTO,Bueno,Bueno,2,TOYOTA,GUINDA,0,,,,,0,0,Cotija,Sin datos,abril,lunes,22,-102.627322375774,19.82234728373
22318,22322,2019,MOR190291448,2019/04/15,22:50:00,VOLCADURA,ASFALTO,Bueno,Bueno,1,FORD,BLANCO,1,,35,MASCULINO,SIN DATOS,0,0,Charo,Sin datos,abril,lunes,23,-101.054552793503,19.7466048721156
22319,22323,2019,MOR190291492,2019/04/15,22:50:00,COLISIÓN CONTRA OBJETO FIJO,CONCRETO,Bueno,Regular,1,CHEVROLET,AZUL,1,,24,MASCULINO,SIN DATOS,0,0,Morelia,Las Cruces,abril,lunes,23,-101.267509460449,19.6984961013746
22320,22324,2019,,2019/04/16,"03:00:00",COLISIÓN POR INVASIÓN DE CARRIL,ASFALTO,Bueno,Bueno,2,NISSAN,BLANCO,2,,37,MASCULINO,SIN DATOS,0,0,Zitácuaro,Sin datos,abril,martes,3,-100.4192045331,19.4843971200972
22321,22325,2019,,2019/04/16,"03:20:00",COLISIÓN POR CORTE DE CIRCULACIÓN,ASFALTO,Bueno,Bueno,1,RangeRover,Grs,1,,34,,SIN DATOS,0,0,Morelia,Martires de Uruapan,abril,martes,3,-101.19709610939,19.7248877796999
22322,22326,2019,,2019/04/16,"07:30:00",COLISIÓN POR NO RESPETAR SEMÁFORO,ASFALTO,Bueno,Bueno,2,RENAULT,GRIS,2,,46,MASCULINO,SIN DATOS,0,0,Morelia,Ventura Puente,abril,martes,8,-101.179334521294,19.6935667481741
22323,22327,2019,,2019/04/16,"09:00:00",COLISIÓN CON PEATÓN,CONCRETO,Bueno,Bueno,2,NISSAN FRONTIER,BLANCO,1,,55,MASCULINO,SIN DATOS,0,0,Morelia,Fray Antonio de Lisboa,abril,martes,9,-101.146885156631,19.6942318535496
22324,22328,2019,,2019/04/16,11:20:00,COLISIÓN POR INVASIÓN DE CARRIL,SIN_DATOS,Bueno,Bueno,2,VOLKSWAGEN,BLANCO,2,,31,FEMENINO,SIN DATOS,0,0,Morelia,Lomas del Valle,abril,martes,11,-101.231734439129,19.6872236804871
22325,22329,2019,,2019/04/16,12:35:00,COLISIÓN POR CORTE DE CIRCULACIÓN,CONCRETO,Bueno,Bueno,1,CHEVROLET,BLANCO,2,,,MASCULINO,SIN DATOS,0,0,Morelia,Balcones de Morelia,abril,martes,13,-101.200977265835,19.6716328220841
22326,22330,2019,MOR190295589,2019/04/16,13:15:00,COLISIÓN POR CAMBIO DE CARRIL,ASFALTO,Bueno,Bueno,2,YAMAHA,BLANCO/ROJO,2,,41,MASCULINO,SIN DATOS,0,0,Morelia,Chapultepec Norte,abril,martes,13,-101.16831433028,19.6949701898827
22327,22331,2019,,2019/04/16,13:20:00,SALIDA DE SUPERFICIE DE RODAMIENTO,ASFALTO,Bueno,Bueno,1,NISSAN,ROJO,0,,,,,0,0,Tuxpan,El Chamizal,abril,martes,13,-100.460535697639,19.5735194766888
22328,22332,2019,,2019/04/16,14:40:00,COLISIÓN POR CORTE DE CIRCULACIÓN,CONCRETO,Bueno,Bueno,2,Honda,Blanco,2,,26,MASCULINO,SIN DATOS,0,0,Morelia,Adolfo Lopez Mateos,abril,martes,15,-101.225667670369,19.6942447957721
22329,22333,2019,MOR190295492,2019/04/16,15:10:00,COLISIÓN CON PEATÓN,ASFALTO,Bueno,Bueno,2,CHEVROLET,AZUL,2,,17,MASCULINO,SIN DATOS,0,0,Morelia,Ventura Puente,abril,martes,15,-101.189471930265,19.6923432248502
22330,22334,2019,LEG23337,2019/04/16,16:31:00,COLISIÓN POR ALCANCE,ASFALTO,Bueno,Bueno,3,CHEVROLET,NEGRO,3,,36,MASCULINO,SIN DATOS,0,0,Morelia,Alberto Oviedo Mota,abril,martes,17,-101.20210647583,19.6776968365146
22331,22335,2019,MOR190259753,2019/04/16,17:05:00,COLISIÓN CONTRA OBJETO FIJO,ADOQUIN_EMPEDRADO,Bueno,Bueno,1,CHEVROLET,GRIS,1,,61,MASCULINO,SIN DATOS,0,0,Morelia,Centro,abril,martes,17,-101.193381920457,19.7029941299471
22332,22336,2019,,2019/04/16,17:15:00,COLISIÓN CON PEATÓN,ASFALTO,Bueno,Bueno,4,SEAT IBIZA,BLANCO,3,,29,FEMENINO,SIN DATOS,0,0,Morelia,Chapultepec Sur,abril,martes,17,-101.177103593945,19.6919707365326
22333,22337,2019,,2019/04/16,17:20:00,COLISIÓN POR ALCANCE,ASFALTO,Bueno,Bueno,2,FORD,AZUL,2,,,MASCULINO,SIN DATOS,0,0,Morelia,Cosmos,abril,martes,17,-101.216442547739,19.6834364130076
22334,22338,2019,,2019/04/16,18:15:00,COLISIÓN POR ALCANCE,ASFALTO,Bueno,Bueno,2,MERCEDES BENZ,BLANCO,2,MINISTERIO PÚBLICO,20,MASCULINO,SIN DATOS,0,0,Morelia,Felix Ireta,abril,martes,18,-101.192193031311,19.6822529046049
22335,22339,2019,MOR190293766,2019/04/16,18:30:00,COLISIÓN POR CORTE DE CIRCULACIÓN,ASFALTO,Bueno,Bueno,2,VOLKSWAGEN,NEGRO,2,,57,MASCULINO,SIN DATOS,0,0,Morelia,Ventura Puente,abril,martes,19,-101.191865801811,19.6949266284493
22336,22340,2019,MOR190296825,2019/04/16,19:20:00,COLISIÓN POR MANIOBRA DE REVERSA,ASFALTO,Bueno,Bueno,2,NISSAN,BLANCO CON DORADO,2,,57,MASCULINO,SIN DATOS,0,0,Morelia,Centro,abril,martes,19,-101.187863945961,19.6971122613979
22337,22341,2019,MOR190296963,2019/04/16,20:00:00,COLISIÓN POR ALCANCE,ASFALTO,Bueno,Bueno,2,JEEP,ROJO,2,,,MASCULINO,SIN DATOS,0,0,Morelia,Felix Ireta,abril,martes,20,-101.19190402329,19.6910906505224
22338,22342,2019,,2019/04/16,21:40:00,COLISIÓN CONTRA OBJETO FIJO,ASFALTO,Bueno,Bueno,2,VOLKSWAGEN,BLANCO,1,,31,MASCULINO,SIN DATOS,0,0,Pátzcuaro,Centro,abril,martes,22,-101.61770939827,19.5162367136547
22339,22343,2019,,2019/04/16,22:00:00,COLISIÓN POR MANIOBRA DE REVERSA,CONCRETO,Bueno,Bueno,2,Volkswagen,Gris,2,,18,MASCULINO,SIN DATOS,0,0,Morelia,Ampliacion La Soledad,abril,martes,22,-101.182644367218,19.7391726167459
22340,22344,2019,,2019/04/16,23:00:00,COLISIÓN CON PEATÓN,ASFALTO,Bueno,Bueno,2,TOYOTA,GRIS,3,MINISTERIO PÚBLICO,,MASCULINO,SIN DATOS,1,0,Jungapeo,Tepangareo,abril,martes,23,-100.490457415581,19.4686244931699
22341,22345,2019,MOR190294632,2019/04/16,23:00:00,COLISIÓN POR ALCANCE,ASFALTO,Bueno,Bueno,2,CHEVROLET,GUINDA,2,MINISTERIO PÚBLICO,25,MASCULINO,SIN DATOS,0,0,Morelia,Sin datos,abril,martes,23,-101.119129657745,19.7008698136128
22342,22346,2019,MOR 190298993,2019/04/17,"00:00:00",COLISIÓN POR ALCANCE,ASFALTO,Bueno,Bueno,2,ITALIKA,AMARILLO,2,,52,MASCULINO,SIN DATOS,0,0,Morelia,Centro,abril,miércoles,0,-101.178213357925,19.6991046841453
22343,22347,2019,MOR190297811,2019/04/17,"03:40:00",COLISIÓN POR CAMBIO DE CARRIL,ASFALTO,Bueno,Bueno,2,JEEP,BLANCO,2,MINISTERIO PÚBLICO,41,FEMENINO,SIN DATOS,0,0,Morelia,Alberto Oviedo Mota,abril,miércoles,4,-101.200959831476,19.6805071427186
22344,22348,2019,,2019/04/17,"09:20:00",COLISIÓN POR ALCANCE,CONCRETO,Bueno,Bueno,2,VOLKSWAGEN,BLANCO,2,,43,MASCULINO,ALIENTO ETÍLICO,0,0,Morelia,Primaveras,abril,miércoles,9,-101.225717961788,19.6786767556664
22345,22349,2019,MOR 190298191,2019/04/17,10:25:00,COLISIÓN POR CORTE DE CIRCULACIÓN,CONCRETO,Bueno,Bueno,2,ITALIKA,ROJO,2,,24,MASCULINO,SIN DATOS,0,0,Morelia,Centro,abril,miércoles,10,-101.190465688705,19.7047244957511
22346,22350,2019,,2019/04/17,10:50:00,SALIDA DE SUPERFICIE DE RODAMIENTO,ASFALTO,Bueno,Bueno,1,DINAMO,ROJO/GRIS,2,,52,MASCULINO,SIN DATOS,1,0,Santa Ana Maya,Sin datos,abril,miércoles,11,-101.067936681211,20.0445399423889
22347,22351,2019,MOR190298288,2019/04/17,10:50:00,COLISIÓN POR CORTE DE CIRCULACIÓN,ASFALTO,Bueno,Bueno,2,NISSAN,BLANCO,2,MINISTERIO PÚBLICO,34,MASCULINO,SIN DATOS,0,0,Morelia,Los Angeles,abril,miércoles,11,-101.177269220352,19.7402834377735
22348,22352,2019,,2019/04/17,14:50:00,COLISIÓN POR CORTE DE CIRCULACIÓN,ASFALTO,Bueno,Bueno,2,Renoult,Negro,2,,37,FEMENINO,SIN DATOS,0,0,Morelia,Poblado de Ocolusen,abril,miércoles,15,-101.153153814375,19.6929609853443
22349,22353,2019,MOR190298932,2019/04/17,15:00:00,COLISIÓN POR ALCANCE,ASFALTO,Bueno,Bueno,2,VOLKSWAGEN,BLANCO ROJO,2,MINISTERIO PÚBLICO,43,MASCULINO,SIN DATOS,0,0,Morelia,Articulo Constitucional,abril,miércoles,15,-101.171405911446,19.7143690009623
22350,22354,2019,,2019/04/17,17:10:00,COLISIÓN POR INVASIÓN DE CARRIL,ASFALTO,Bueno,Bueno,2,KENWOORT,BLANCO,2,,36,MASCULINO,SIN DATOS,0,0,Vista Hermosa,Sin datos,abril,miércoles,17,-102.464041225612,20.2663309165655
22351,22355,2019,MOR190299473,2019/04/17,17:15:00,COLISIÓN POR ALCANCE,ASFALTO,Bueno,Bueno,2,FORD,CREMA,3,,26,MASCULINO,SIN DATOS,1,0,Morelia,Victor Manuel Tinoco Rubi,abril,miércoles,17,-101.243562698364,19.7007082002796
22352,22356,2019,,2019/04/17,18:00:00,COLISIÓN POR INVASIÓN DE CARRIL,ASFALTO,Bueno,Bueno,2,FORD,VERDE,1,,36,FEMENINO,SIN DATOS,0,0,Hidalgo,Centro,abril,miércoles,18,-100.553271,19.691029
22353,22357,2019,MOR190297120,2019/04/17,18:30:00,COLISIÓN POR CORTE DE CIRCULACIÓN,CONCRETO,Bueno,Bueno,1,FORD,ARENA,1,,52,MASCULINO,SIN DATOS,0,0,Morelia,Enrique Arreguin Robles,abril,miércoles,19,-101.184301972389,19.7197117988918
22354,22358,2019,MOR190299838,2019/04/17,19:00:00,COLISIÓN POR ALCANCE,ASFALTO,Bueno,Bueno,3,KEWORTH,BLANCO,3,,24,MASCULINO,SIN DATOS,0,0,Morelia,Los Angeles,abril,miércoles,19,-101.17716729641,19.7404803552402
22355,22359,2019,,2019/04/17,19:50:00,VOLCADURA,ASFALTO,Bueno,Bueno,1,NISSAN,GRIS,1,,31,MASCULINO,SIN DATOS,0,0,Cuitzeo,Centro,abril,miércoles,20,-101.139938235283,19.967580910687
22356,22360,2019,MOR190297007,2019/04/17,19:50:00,COLISIÓN POR CAMBIO DE CARRIL,ASFALTO,Bueno,Bueno,2,CHRYSLER,GRIS,2,,34,MASCULINO,SIN DATOS,0,0,Morelia,Buenavista,abril,miércoles,20,-101.167773529887,19.7092659067599
22357,22361,2019,,2019/04/17,20:13:00,COLISIÓN POR ALCANCE,ASFALTO,Bueno,Bueno,2,DODGE,GRIS,2,MINISTERIO PÚBLICO,31,FEMENINO,SIN DATOS,0,0,Zacapu,Centro,abril,miércoles,20,-101.790467,19.816037
22358,22362,2019,,2019/04/17,21:35:00,COLISIÓN POR CORTE DE CIRCULACIÓN,SIN_DATOS,Bueno,Bueno,2,TOYOTA,ROJO,2,,39,MASCULINO,SIN DATOS,0,0,Morelia,Lomas del Valle,abril,miércoles,22,-101.232101619244,19.6870888497886
22359,22363,2019,,2019/04/18,"07:20:00",COLISIÓN POR ALCANCE,ASFALTO,Bueno,Bueno,2,FORD,BLANCO,9,MINISTERIO PÚBLICO,,,SIN DATOS,7,0,Tlalpujahua,Centro,abril,jueves,7,-100.173346539274,19.8035782164617
22360,22364,2019,MOR 190301127,2019/04/18,"09:52:00",COLISIÓN POR CAMBIO DE CARRIL,ASFALTO,Bueno,Bueno,3,GMC,VERDE,3,,52,MASCULINO,SIN DATOS,0,0,Morelia,Felix Ireta,abril,jueves,10,-101.181453466415,19.6814144361711
22361,22365,2019,,2019/04/18,12:00:00,COLISIÓN POR CAMBIO DE CARRIL,ASFALTO,Bueno,Bueno,2,FORD,ROJO,2,,76,MASCULINO,SIN DATOS,0,0,Morelia,Lomas de Guayangareo,abril,jueves,12,-101.159388944507,19.7038943517779
22362,22366,2019,MOR 190301487,2019/04/18,12:03:00,COLISIÓN CON PEATÓN,ASFALTO,Bueno,Bueno,1,HONDA,GRIS,1,MINISTERIO PÚBLICO,,,,1,0,Morelia,Quinceo,abril,jueves,12,-101.222051382065,19.7275085294662
22363,22367,2019,,2019/04/18,12:15:00,COLISIÓN CON PEATÓN,SIN_DATOS,Bueno,Bueno,2,General Motors,blanco y Verde,2,,0,MASCULINO,SIN DATOS,0,0,Morelia,Alberto Oviedo Mota,abril,jueves,12,-101.20213329792,19.677585711284
22364,22368,2019,,2019/04/18,13:30:00,COLISIÓN POR CAMBIO DE CARRIL,SIN_DATOS,Bueno,Bueno,2,Internacional,amarillo y crema,2,,0,MASCULINO,SIN DATOS,0,0,Morelia,Centro,abril,jueves,14,-101.194419264793,19.6962334662956
22365,22369,2019,MOR190284380,2019/04/18,13:40:00,COLISIÓN POR ALCANCE,ASFALTO,Bueno,Bueno,2,MAZDA,ROJO,2,,34,FEMENINO,SIN DATOS,0,0,Morelia,Lomas de Guayangareo,abril,jueves,14,-101.15957736969,19.7041121466211
22366,22370,2019,,2019/04/18,13:40:00,COLISIÓN CON PEATÓN,ASFALTO,Bueno,Bueno,1,YAMAHA,BLANCO,2,,29,MASCULINO,SIN DATOS,1,0,Morelia,Pastor Manuel Sanchez Camarena,abril,jueves,14,-101.199295520782,19.7376906684797
22367,22371,2019,,2019/04/18,13:50:00,COLISIÓN POR ALCANCE,ASFALTO,Bueno,Bueno,2,KENWORTH,VINO,2,,33,MASCULINO,SIN DATOS,0,0,Morelia,Francisco J Mujica,abril,jueves,14,-101.188239455223,19.7215347732058
22368,22372,2019,,2019/04/18,15:00:00,COLISIÓN POR CAMBIO DE CARRIL,ASFALTO,Bueno,Bueno,2,Honda,Azul,2,,42,FEMENINO,SIN DATOS,0,0,Tarímbaro,Sin datos,abril,jueves,15,-101.159856319428,19.7672285774744
22369,22373,2019,,2019/04/18,15:20:00,COLISIÓN POR CAMBIO DE CARRIL,SIN_DATOS,Bueno,Bueno,2,Chevrolet,azul,2,,0,MASCULINO,SIN DATOS,0,0,Morelia,Alberto Oviedo Mota,abril,jueves,15,-101.202138662338,19.6771765677251
22370,22374,2019,MOR 190302180,2019/04/18,15:40:00,COLISIÓN POR CAMBIO DE CARRIL,ASFALTO,Bueno,Bueno,2,TOYOTA,BCO/GRIS,2,,40,MASCULINO,SIN DATOS,0,0,Morelia,Cinco de Diciembre,abril,jueves,16,-101.160894334316,19.6878960365484
22371,22375,2019,,2019/04/18,16:00:00,COLISIÓN CON PEATÓN,ADOQUIN_EMPEDRADO,Bueno,Bueno,1,GM,GUINDA,2,,30,MASCULINO,SIN DATOS,1,0,Pátzcuaro,Centro,abril,jueves,16,-101.609417684376,19.5110827679858
22372,22376,2019,MOR190299688,2019/04/18,18:26:00,COLISIÓN POR CORTE DE CIRCULACIÓN,ASFALTO,Bueno,Bueno,1,GMC,VERDE Y ROJO,2,MINISTERIO PÚBLICO,0,,SIN DATOS,1,0,Morelia,Sin datos,abril,jueves,18,-101.288234889507,19.6885700043864
22373,22377,2019,,2019/04/18,18:30:00,COLISIÓN POR ALCANCE,ASFALTO,Bueno,Bueno,2,JEEP,VERDE,2,,25,MASCULINO,SIN DATOS,0,0,Los Reyes,San Juan de Dios,abril,jueves,19,-102.479953765869,19.6087945246492
22374,22378,2019,MOR190546378,2019/04/18,18:50:00,COLISIÓN POR CORTE DE CIRCULACIÓN,ASFALTO,Bueno,Bueno,1,CHEVROLET,NEGRO,0,,,,,0,0,Charo,La Goleta,abril,jueves,19,-101.083306074142,19.7374205333275
22375,22379,2019,,2019/04/18,22:35:00,SALIDA DE SUPERFICIE DE RODAMIENTO,CONCRETO,Bueno,Bueno,1,SEAT,PLATA,1,,18,MASCULINO,SIN DATOS,0,0,Morelia,Villas del Pedregal,abril,jueves,23,-101.307892799377,19.6795202895173
22376,22380,2019,,2019/04/18,22:40:00,VOLCADURA,ASFALTO,Bueno,Bueno,1,FORD,ROJO,0,,,,,0,0,Huandacareo,Sin datos,abril,jueves,23,-101.300994493067,19.9805063428842
22377,22381,2019,,2019/04/18,23:10:00,VOLCADURA,ASFALTO,Bueno,Bueno,1,Mazda,Gris,2,MINISTERIO PÚBLICO,,,,2,0,Morelia,Sin datos,abril,jueves,23,-101.126916110516,19.7089698414975
22378,22382,2019,,2019/04/19,"00:00:00",VOLCADURA,ASFALTO,Bueno,Bueno,1,RENAULT,Blanco,2,MINISTERIO PÚBLICO,76,,SIN DATOS,0,1,Cuitzeo,El Embarcadero,abril,viernes,0,-101.135931015015,19.958928701994