fid,id_accidente,anio_origen,folio_c5i,dia_incidente,hora_ocurrencia,tipo_incidente_vial,superficie_ocurrencia,condiciones_climaticas,condiciones_via,numero_vehiculos_involucrados,marca_vehiculo_ocasiona_siniestro,color_vehiculo_ocasiona_siniestro,numero_personas_involucradas,lugar_remite_presunto_responsable,edad_presunto_responsable,sexo_presunto_responsable,resultados_toxicologia,numero_personas_lesionadas,numero_personas_fallecidas,municipio,colonia,mes,dia_semana,hora_redondeada,lon,lat
22379,22383,2019,,2019/04/19,"01:15:00",VOLCADURA,ASFALTO,Bueno,Bueno,1,SEAT,ROJO,0,,,,,0,0,Jungapeo,Sin datos,abril,viernes,1,-100.472534894943,19.4873226899223
22380,22384,2019,,2019/04/19,"03:48:00",COLISIÓN POR CORTE DE CIRCULACIÓN,ASFALTO,Bueno,Bueno,1,FORD,GRIS,1,,56,MASCULINO,ALIENTO ETÍLICO,0,0,Tarímbaro,Real Hacienda,abril,viernes,4,-101.200486421585,19.7517799814267
22381,22385,2019,,2019/04/19,10:45:00,CAIDA DE MOTOCICLETA,CONCRETO,Bueno,Bueno,1,Italika,Negro,2,MINISTERIO PÚBLICO,0,,SIN DATOS,1,0,Morelia,Villas Oriente,abril,viernes,11,-101.144127845764,19.7542589255565
22382,22386,2019,,2019/04/19,14:20:00,COLISIÓN CONTRA OBJETO FIJO,ASFALTO,Bueno,Bueno,2,ITALIKA,NEGRO CON BLANCO,2,,22,MASCULINO,SIN DATOS,0,0,Morelia,Santiaguito,abril,viernes,14,-101.189154088497,19.7153385957001
22383,22387,2019,,2019/04/19,15:00:00,COLISIÓN POR ALCANCE,ASFALTO,Bueno,Bueno,2,Chevrolet,Blanco,2,MINISTERIO PÚBLICO,0,FEMENINO,SIN DATOS,0,0,Morelia,Sin datos,abril,viernes,15,-101.168158426881,19.6562646578033
22384,22388,2019,MOR190305148,2019/04/19,16:54:00,COLISIÓN POR CAMBIO DE CARRIL,ASFALTO,Bueno,Bueno,2,FORD,BLANCO,2,,40,MASCULINO,SIN DATOS,0,0,Morelia,Molino de Parras,abril,viernes,17,-101.20658878237,19.7016914507492
22385,22389,2019,,2019/04/19,20:30:00,COLISIÓN CONTRA OBJETO FIJO,ASFALTO,Bueno,Bueno,1,VOLKSWAGEN,BLANCO,1,,43,MASCULINO,SIN DATOS,0,0,Gabriel Zamora,Emiliano Zapata,abril,viernes,21,-102.040498964488,19.1594265481951
22386,22390,2019,,2019/04/19,21:09:00,COLISIÓN CONTRA OBJETO FIJO,ASFALTO,Bueno,Bueno,2,SE DESCONOCE,SIN DATO,1,,0,MASCULINO,SIN DATOS,0,0,Morelia,Lomas del Valle,abril,viernes,21,-101.229180693626,19.6849349639143
22387,22391,2019,,2019/04/19,23:45:00,CAIDA DE MOTOCICLETA,ASFALTO,Bueno,Bueno,1,Italika,Gris,1,,18,MASCULINO,SIN DATOS,0,0,Cuitzeo,Sin datos,abril,viernes,0,-101.166140735149,19.9688388700393
22388,22392,2019,,2019/04/20,11:30:00,COLISIÓN POR CORTE DE CIRCULACIÓN,ASFALTO,Bueno,Bueno,1,NISSAN,BLANCO,1,,28,MASCULINO,SIN DATOS,0,0,Morelia,Solidaridad,abril,sábado,12,-101.205244660378,19.7258017647501
22389,22393,2019,MOR 190306073,2019/04/20,12:00:00,CAIDA DE MOTOCICLETA,ASFALTO,Bueno,Regular,1,DINAMO,NEGRO/DORADO,1,,30,MASCULINO,SIN DATOS,0,0,Morelia,Faldas del Punhuato,abril,sábado,12,-101.143221259117,19.696546600736
22390,22394,2019,,2019/04/20,17:49:00,COLISIÓN CONTRA OBJETO FIJO,SIN_DATOS,Bueno,Bueno,1,Dodge,negro,1,,0,,SIN DATOS,0,0,Morelia,Montaña Monarca,abril,sábado,18,-101.161497831345,19.6726153039726
22391,22395,2019,,2019/04/20,18:00:00,SALIDA DE SUPERFICIE DE RODAMIENTO,ADOQUIN_EMPEDRADO,Bueno,Regular,1,TOYOTA,ROJO,2,MINISTERIO PÚBLICO,,,,2,0,Salvador Escalante,Sin datos,abril,sábado,18,-101.655707582831,19.3999706238618
22392,22396,2019,,2019/04/20,18:05:00,VOLCADURA,ASFALTO,Bueno,Bueno,1,DODGE,BLANCO,6,MINISTERIO PÚBLICO,,,,5,1,Coeneo,Coeneo de La Libertad,abril,sábado,18,-101.582432985306,19.8321720183459
22393,22397,2019,,2019/04/20,20:00:00,COLISIÓN CONTRA OBJETO FIJO,ASFALTO,Bueno,Bueno,1,FORD,VERDE,1,MINISTERIO PÚBLICO,70,MASCULINO,ALIENTO ETÍLICO,0,0,Morelia,Josefa Ortiz de Dominguez,abril,sábado,20,-101.209231764078,19.6720596594286
22394,22398,2019,,2019/04/20,20:05:00,VOLCADURA,ASFALTO,Bueno,Regular,1,CHRYSLER,ROJO,0,,,,,0,0,Contepec,Contepec,abril,sábado,20,-100.162489973009,19.942985033813
22395,22399,2019,,2019/04/20,20:05:00,COLISIÓN CONTRA OBJETO FIJO,ASFALTO,Bueno,Bueno,1,TOYOTA,BLANCO,1,,37,MASCULINO,ALIENTO ETÍLICO,0,0,Morelia,San Jose Itzicuaro,abril,sábado,20,-101.304341554642,19.6878998246659
22396,22400,2019,,2019/04/20,20:50:00,COLISIÓN POR CORTE DE CIRCULACIÓN,CONCRETO,Bueno,Bueno,2,Ford Fiesta,Plata,2,,18,MASCULINO,ALIENTO ETÍLICO,0,0,Morelia,Alberto Oviedo Mota,abril,sábado,21,-101.20216012001,19.6771866700477
22397,22401,2019,,2019/04/20,21:48:00,COLISIÓN POR MANIOBRA DE REVERSA,CONCRETO,Bueno,Bueno,2,VOLKSWAGEN,GRIS,2,,49,FEMENINO,SIN DATOS,0,0,Morelia,La Esperanza,abril,sábado,22,-101.250732243061,19.7012429125204
22398,22402,2019,,2019/04/20,22:40:00,COLISIÓN POR CAMBIO DE CARRIL,ASFALTO,Bueno,Bueno,2,FORD,BLANCO,2,,25,MASCULINO,SIN DATOS,0,0,Morelia,La Esperanza,abril,sábado,23,-101.250673234463,19.6985238790618
22399,22403,2019,,2019/04/20,22:50:00,COLISIÓN POR MANIOBRA DE REVERSA,CONCRETO,Bueno,Bueno,2,HYUNDAI,Rojo,2,,45,MASCULINO,SIN DATOS,0,0,Morelia,Centro,abril,sábado,23,-101.193300783634,19.7056335458071
22400,22404,2019,,2019/04/21,"03:45:00",COLISIÓN CONTRA OBJETO FIJO,CONCRETO,Bueno,Bueno,1,MAZDA,ROJO,1,,19,MASCULINO,SIN DATOS,0,0,Morelia,Elias Perez Avalos,abril,domingo,4,-101.165052428842,19.7116290434253
22401,22405,2019,MOR190309764,2019/04/21,"09:35:00",COLISIÓN CONTRA OBJETO FIJO,ASFALTO,Bueno,Bueno,1,NISSAN,AZUL,1,,31,MASCULINO,SIN DATOS,0,0,Morelia,Praderas del Indio,abril,domingo,10,-101.223494028547,19.6450845894654
22402,22406,2019,,2019/04/21,14:57:00,COLISIÓN POR NO RESPETAR SEMÁFORO,ASFALTO,Bueno,Bueno,2,FORD,BLANCO Y AZUL,2,,41,MASCULINO,SIN DATOS,0,0,Morelia,Comision Federal de Electricidad,abril,domingo,15,-101.178830265999,19.6815760689818
22403,22407,2019,MOR190311236,2019/04/21,17:10:00,COLISIÓN POR ALCANCE,ASFALTO,Bueno,Bueno,3,NISSAN,BLANCO,3,,47,MASCULINO,SIN DATOS,0,0,Morelia,San Isidro Itzicuaro Norte,abril,domingo,17,-101.271312832832,19.6988395342599
22404,22408,2019,MOR190311203,2019/04/21,18:00:00,COLISIÓN POR ALCANCE,ASFALTO,Bueno,Bueno,2,CHEVROLET,ROJO,2,,34,MASCULINO,SIN DATOS,0,0,Morelia,Elias Perez Avalos,abril,domingo,18,-101.171427369118,19.7146947248504
22405,22409,2019,MOR190311387,2019/04/21,19:00:00,COLISIÓN POR CORTE DE CIRCULACIÓN,CONCRETO,Bueno,Bueno,2,ISLO,BLANCO,2,,19,MASCULINO,SIN DATOS,0,0,Morelia,Isaac Arriaga,abril,domingo,19,-101.174578294158,19.7124481002752
22406,22410,2019,,2019/04/21,20:00:00,COLISIÓN CONTRA OBJETO FIJO,ASFALTO,Bueno,Bueno,2,CHEVROLET,BLANCO,2,,40,MASCULINO,ALIENTO ETÍLICO,0,0,Morelia,Ignacio Zaragoza,abril,domingo,20,-101.205343902111,19.7255417087624
22407,22411,2019,,2019/04/21,20:58:00,COLISIÓN POR INVASIÓN DE CARRIL,ASFALTO,Bueno,Bueno,2,FORD,NEGRA,2,,57,MASCULINO,SIN DATOS,0,0,Zacapu,Centro,abril,domingo,21,-101.790467,19.816037
22408,22412,2019,,2019/04/21,21:10:00,COLISIÓN POR INVASIÓN DE CARRIL,ASFALTO,Bueno,Bueno,2,DODGE,COBRE,2,MINISTERIO PÚBLICO,65,MASCULINO,SIN DATOS,0,1,Hidalgo,Corros,abril,domingo,21,-100.555381625891,19.7072149018242
22409,22413,2019,,2019/04/21,21:10:00,COLISIÓN POR CORTE DE CIRCULACIÓN,ASFALTO,Bueno,Regular,2,FORD,ROJO,2,,34,MASCULINO,SIN DATOS,0,0,Morelia,Valle Quieto,abril,domingo,21,-101.203350350261,19.6858756944166
22410,22414,2019,,2019/04/21,23:30:00,COLISIÓN POR MANIOBRA DE REVERSA,ASFALTO,Bueno,Bueno,2,VOLKSWAGEN,GRIS,2,MINISTERIO PÚBLICO,32,MASCULINO,SIN DATOS,0,0,Lázaro Cárdenas,Unidad Magisterial Jose Vasconcelos,abril,domingo,0,-102.229733169079,17.9717757274678
22411,22415,2019,,2019/04/22,"01:30:00",COLISIÓN CONTRA OBJETO FIJO,ASFALTO,Bueno,Bueno,2,FORD,GRIS,2,,,MASCULINO,SIN DATOS,0,0,Morelia,Chapultepec Sur,abril,lunes,2,-101.16585675627,19.6900400967554
22412,22416,2019,,2019/04/22,"05:20:00",COLISIÓN POR INVASIÓN DE CARRIL,ASFALTO,Bueno,Bueno,2,CHEVROLET,GRIS,6,MINISTERIO PÚBLICO,50,MASCULINO,SIN DATOS,4,0,Los Reyes,Carlos Galvez Betancourt,abril,lunes,5,-102.45943620801,19.5747044181846
22413,22417,2019,,2019/04/22,"08:20:00",COLISIÓN POR CAMBIO DE CARRIL,ASFALTO,Bueno,Bueno,2,DODGE,BLANCO,2,,36,MASCULINO,SIN DATOS,0,0,Morelia,Centro,abril,lunes,8,-101.18754847,19.7028479949991
22414,22418,2019,,2019/04/22,"09:00:00",COLISIÓN POR ALCANCE,CONCRETO,Bueno,Bueno,2,JEEP,GRIS,2,,33,MASCULINO,SIN DATOS,0,0,Morelia,Chapultepec Oriente,abril,lunes,9,-101.15913378,19.6947918299991
22415,22419,2019,,2019/04/22,"09:37:00",COLISIÓN POR ALCANCE,ASFALTO,Bueno,Bueno,2,HYUNDAI,ROJO,2,,28,FEMENINO,SIN DATOS,0,0,Morelia,Chapultepec Oriente,abril,lunes,10,-101.15913378,19.6947918299991
22417,22421,2019,,2019/04/22,10:41:00,COLISIÓN POR ALCANCE,ASFALTO,Bueno,Bueno,2,RENAULT,GRIS,2,,60,FEMENINO,SIN DATOS,0,0,Morelia,Vasco de Quiroga,abril,lunes,11,-101.171026988099,19.6976785913658
22419,22423,2019,,2019/04/22,11:00:00,COLISIÓN POR CORTE DE CIRCULACIÓN,ASFALTO,Bueno,Bueno,2,TOYOTA,BLANCO CON GRIS,2,,39,MASCULINO,SIN DATOS,0,0,Morelia,Carlos Salazar,abril,lunes,11,-101.209658559066,19.7124165765648
22420,22424,2019,,2019/04/22,11:00:00,COLISIÓN POR ALCANCE,CONCRETO,Bueno,Bueno,2,KENWORT,BLANCO,2,,,MASCULINO,SIN DATOS,0,0,Morelia,Los Manantiales de Morelia,abril,lunes,11,-101.242951154709,19.7002536619049
22421,22425,2019,MOR 190313047,2019/04/22,11:40:00,COLISIÓN POR CAMBIO DE CARRIL,ASFALTO,Bueno,Bueno,2,DODGE,GRIS,2,,32,MASCULINO,SIN DATOS,0,0,Morelia,Lomas de Huerta,abril,lunes,12,-101.214674971998,19.6743330542684
22422,22426,2019,,2019/04/22,12:00:00,COLISIÓN POR CORTE DE CIRCULACIÓN,ASFALTO,Bueno,Bueno,2,HONDA,ROJO,2,,59,MASCULINO,SIN DATOS,0,0,Morelia,5 de Mayo,abril,lunes,12,-101.17543291,19.7031789799992
22423,22427,2019,,2019/04/22,12:10:00,COLISIÓN POR CORTE DE CIRCULACIÓN,ASFALTO,Bueno,Bueno,5,VOLKSWAGEN,NEGRO,5,MINISTERIO PÚBLICO,17,MASCULINO,SIN DATOS,0,0,Morelia,San Pascual,abril,lunes,12,-101.264438666403,19.6960952071441
22424,22428,2019,MOR 190313166,2019/04/22,13:40:00,COLISIÓN CONTRA OBJETO FIJO,ASFALTO,Bueno,Bueno,1,MERCEDES BENZ,BLANCO,1,,21,MASCULINO,SIN DATOS,0,0,Morelia,El Durazno,abril,lunes,14,-101.180371195078,19.6568715065846
22425,22429,2019,MOR190313644,2019/04/22,13:40:00,COLISIÓN POR ALCANCE,ASFALTO,Bueno,Bueno,2,NISSAN,BLANCO,2,,29,MASCULINO,SIN DATOS,0,0,Morelia,San Pascual,abril,lunes,14,-101.265642642975,19.6957700767053
22426,22430,2019,,2019/04/22,13:58:00,COLISIÓN POR ALCANCE,ASFALTO,Bueno,Bueno,2,CHEVROLET,BLANCO Y ROSA,2,MINISTERIO PÚBLICO,64,MASCULINO,SIN DATOS,0,0,Morelia,Camelinas,abril,lunes,14,-101.17262119,19.6818144849991
22427,22431,2019,,2019/04/22,14:00:00,COLISIÓN POR CAMBIO DE CARRIL,ASFALTO,Bueno,Bueno,2,FREIGHTLINER,AZUL,2,,31,MASCULINO,SIN DATOS,0,0,Morelia,Justo Mendoza,abril,lunes,14,-101.230479888618,19.7156122400261
22428,22432,2019,,2019/04/22,14:55:00,COLISIÓN POR CORTE DE CIRCULACIÓN,ADOQUIN_EMPEDRADO,Bueno,Bueno,2,NISSAN,ROJO,2,,50,MASCULINO,SIN DATOS,0,0,Pátzcuaro,Juventino Rosas,abril,lunes,15,-101.61377325654,19.5083918052042
22429,22433,2019,,2019/04/22,17:10:00,COLISIÓN POR CORTE DE CIRCULACIÓN,ASFALTO,Bueno,Bueno,2,HONDA,BLANCO,2,,41,MASCULINO,SIN DATOS,0,0,Los Reyes,Sin datos,abril,lunes,17,-102.458238601685,19.5730276175824
22430,22434,2019,MOR 190 313750,2019/04/22,17:37:00,COLISIÓN POR INVASIÓN DE CARRIL,ASFALTO,Bueno,Bueno,2,ITALIKA,ROJO,2,,,MASCULINO,SIN DATOS,0,0,Morelia,Isaac Arriaga,abril,lunes,18,-101.167747713625,19.7093710129526
22431,22435,2019,,2019/04/22,18:30:00,COLISIÓN CONTRA OBJETO FIJO,CONCRETO,Bueno,Bueno,2,VOLKSWAGEN,BLANCO,1,,24,MASCULINO,SIN DATOS,0,0,Morelia,Felix Ireta,abril,lunes,19,-101.188322268426,19.684122711287
22432,22436,2019,,2019/04/22,18:40:00,COLISIÓN POR ALCANCE,ASFALTO,Bueno,Bueno,2,NISSAN,BLANCO Y ROJO,2,,,MASCULINO,SIN DATOS,0,0,Morelia,Sentimientos de La Nacion,abril,lunes,19,-101.236982904375,19.6847518680735
22433,22437,2019,MOR190836409,2019/04/22,19:00:00,COLISIÓN POR INVASIÓN DE CARRIL,SIN_DATOS,Bueno,Bueno,2,CHEVROLET,GRIS,2,,19,MASCULINO,SIN DATOS,0,0,Morelia,Jose Ma Pino Suarez,abril,lunes,19,-101.162756960839,19.7226362486476
22434,22438,2019,MOR 190313997,2019/04/22,19:25:00,COLISIÓN POR CORTE DE CIRCULACIÓN,ASFALTO,Bueno,Bueno,1,INTERNATIONAL,AMARILLO,2,,0,,SIN DATOS,1,0,Morelia,Centro,abril,lunes,19,-101.189111508429,19.6959522129645
22435,22439,2019,,2019/04/22,19:54:00,COLISIÓN POR CORTE DE CIRCULACIÓN,CONCRETO,Bueno,Bueno,2,FORD,BLANCO,1,,,MASCULINO,SIN DATOS,0,0,Morelia,Solidaridad,abril,lunes,20,-101.208062320948,19.7308689848122
22436,22440,2019,MOR 190 314100,2019/04/22,20:06:00,COLISIÓN POR MANIOBRA DE REVERSA,ASFALTO,Bueno,Bueno,2,ITALIKA,ROJO Y NEGRO,2,MINISTERIO PÚBLICO,21,FEMENINO,SIN DATOS,0,0,Morelia,Melchor Ocampo,abril,lunes,20,-101.200442500412,19.7059116257125
22437,22441,2019,,2019/04/22,20:10:00,COLISIÓN POR ALCANCE,ASFALTO,Bueno,Bueno,2,NISSAN,BLANCO Y ROJO,2,,39,MASCULINO,SIN DATOS,0,0,Morelia,Industrial,abril,lunes,20,-101.197588630021,19.711304891444
22438,22442,2019,,2019/04/22,20:15:00,SALIDA DE SUPERFICIE DE RODAMIENTO,ASFALTO,Bueno,Bueno,1,SATURN,NEGRO,0,,,,,0,0,Tuxpan,Sin datos,abril,lunes,20,-100.47628428787,19.6213973109636
22439,22443,2019,MOR190314368,2019/04/22,20:25:00,COLISIÓN POR CORTE DE CIRCULACIÓN,ASFALTO,Bueno,Bueno,2,HONDA,BLANCO,2,MINISTERIO PÚBLICO,,MASCULINO,SIN DATOS,1,0,Morelia,Ventura Puente,abril,lunes,20,-101.188121438026,19.6904201656809
22440,22444,2019,,2019/04/22,21:00:00,COLISIÓN POR CAMBIO DE CARRIL,ASFALTO,Bueno,Bueno,2,TOYOTA,BLANCO,2,,34,MASCULINO,SIN DATOS,0,0,Morelia,Camelinas,abril,lunes,21,-101.174219883978,19.6818421945236
22441,22445,2019,C/002/2019,2019/04/22,22:25:00,COLISIÓN POR INVASIÓN DE CARRIL,CONCRETO,Bueno,Bueno,2,JEEP,ROJO,1,MINISTERIO PÚBLICO,19,MASCULINO,SIN DATOS,0,0,Coalcomán de Vázquez Pallares,Ricardo Torres Gaytan,abril,lunes,22,-103.16378697753,18.7849575625162
22442,22446,2019,,2019/04/22,22:40:00,COLISIÓN POR INVASIÓN DE CARRIL,SIN_DATOS,Bueno,Bueno,2,FORD,ROJO,2,,,MASCULINO,ALIENTO ETÍLICO,0,0,Morelia,San Miguel,abril,lunes,23,-101.393297016621,19.673806144768
22443,22447,2019,MOR190317053,2019/04/23,"00:00:00",COLISIÓN POR CAMBIO DE CARRIL,CONCRETO,Bueno,Bueno,2,CHRYSLER,BLANCO,2,,37,MASCULINO,SIN DATOS,0,0,Morelia,Industrial,abril,martes,0,-101.189781725407,19.7107386496977
22444,22448,2019,,2019/04/23,"03:20:00",COLISIÓN CONTRA OBJETO FIJO,ASFALTO,Bueno,Bueno,1,CHEVROLET,BLANCO,0,,,,,0,0,Morelia,Arcos del Valle,abril,martes,3,-101.236285865307,19.7076599512975
22445,22449,2019,,2019/04/23,10:35:00,COLISIÓN POR CORTE DE CIRCULACIÓN,ASFALTO,Bueno,Bueno,1,DODGE,ROJO,0,,,,,0,0,Morelia,Morelos,abril,martes,11,-101.179785132408,19.7252210566221
22446,22450,2019,MOR190315322,2019/04/23,11:25:00,COLISIÓN POR CORTE DE CIRCULACIÓN,ASFALTO,Bueno,Bueno,1,INTERNATIONAL,BLANCO,2,,,MASCULINO,SIN DATOS,1,0,Morelia,Lazaro Cardenas,abril,martes,11,-101.164037883282,19.7082470359425
22447,22451,2019,LEG23492,2019/04/23,12:34:00,VOLCADURA,ASFALTO,Bueno,Bueno,1,FORD,VERDE,1,MINISTERIO PÚBLICO,,,,1,0,Morelia,Colinas del Sol,abril,martes,13,-101.13611407578,19.7292765013549
22448,22452,2019,,2019/04/23,13:00:00,COLISIÓN POR CAMBIO DE CARRIL,ASFALTO,Bueno,Regular,2,GMC,ROJO,2,,34,FEMENINO,SIN DATOS,0,0,Morelia,Josefa Ortiz de Dominguez,abril,martes,13,-101.209762841463,19.6720217745031
22449,22453,2019,MOR190316537,2019/04/23,16:05:00,COLISIÓN POR ALCANCE,ASFALTO,Bueno,Bueno,2,FORD,NEGRO,2,,29,MASCULINO,SIN DATOS,0,0,Morelia,La Soledad,abril,martes,16,-101.183304190636,19.728053882396
22450,22454,2019,MOR190316745,2019/04/23,17:30:00,COLISIÓN POR CAMBIO DE CARRIL,ASFALTO,Bueno,Bueno,2,CHEVROLET,AZUL,2,,30,MASCULINO,SIN DATOS,0,0,Morelia,Centro,abril,martes,18,-101.198428565665,19.7035391005434
22451,22455,2019,MOR190316839,2019/04/23,17:57:00,COLISIÓN POR CORTE DE CIRCULACIÓN,ASFALTO,Bueno,Bueno,2,CHEVROLET,BLANCO Y ROJO,2,,30,MASCULINO,SIN DATOS,0,0,Morelia,Ejidal Ocolusen,abril,martes,18,-101.159003376961,19.6878063844068
22452,22456,2019,MOR190316863,2019/04/23,18:02:00,COLISIÓN CONTRA OBJETO FIJO,ASFALTO,Bueno,Bueno,2,MERCEDES BENZ,BLANCO Y ROJO,2,,24,MASCULINO,SIN DATOS,0,0,Morelia,Tinijaro,abril,martes,18,-101.261876486242,19.6965292394675
22453,22457,2019,,2019/04/23,19:50:00,COLISIÓN POR ALCANCE,ASFALTO,Bueno,Bueno,2,TOYOTA,CAFE,2,,,MASCULINO,SIN DATOS,0,0,Morelia,Felix Ireta,abril,martes,20,-101.192021369934,19.682288261611
22454,22458,2019,MOR193317095,2019/04/23,20:25:00,COLISIÓN POR CORTE DE CIRCULACIÓN,CONCRETO,Bueno,Bueno,1,CHEVROLET,ROJO,1,,35,MASCULINO,SIN DATOS,0,0,Morelia,Los Encinos,abril,martes,20,-101.179313063622,19.6636666668796
22455,22459,2019,,2019/04/23,21:20:00,COLISIÓN POR CORTE DE CIRCULACIÓN,ASFALTO,Bueno,Regular,2,FORD,AMARILLO,2,,24,MASCULINO,SIN DATOS,0,0,Morelia,Granjas Unidas de Morelia,abril,martes,21,-101.275153756142,19.6927352836517
22456,22460,2019,MOR190317844,2019/04/24,"04:05:00",VOLCADURA,CONCRETO,Bueno,Bueno,1,DODGE,BLANCO,0,,,,,0,0,Morelia,Elias Perez Avalos,abril,miércoles,4,-101.165778636932,19.7103542101788
22457,22461,2019,,2019/04/24,"05:30:00",COLISIÓN POR ALCANCE,CONCRETO,Bueno,Bueno,2,KENWORTH,AZUL METALICO,2,MINISTERIO PÚBLICO,,,SIN DATOS,0,0,Zitácuaro,Sin datos,abril,miércoles,6,-100.30363753438,19.4522528308308
22458,22462,2019,,2019/04/24,"08:45:00",COLISIÓN POR ALCANCE,ASFALTO,Bueno,Bueno,2,ITALIKA,BLANCA,2,,41,MASCULINO,SIN DATOS,0,0,Morelia,Jardines de La Loma,abril,miércoles,9,-101.225640177727,19.6768659209918
22459,22463,2019,MOR 190318253,2019/04/24,10:17:00,COLISIÓN POR ALCANCE,ASFALTO,Bueno,Bueno,2,NISSAN,BLANCO,2,,,MASCULINO,SIN DATOS,0,0,Morelia,Las Americas,abril,miércoles,10,-101.15650087595,19.6876018258111
22460,22464,2019,,2019/04/24,11:40:00,COLISIÓN POR ALCANCE,ASFALTO,Bueno,Bueno,2,NISSAN,VINO,2,,88,MASCULINO,SIN DATOS,0,0,Morelia,Francisco J Mujica,abril,miércoles,12,-101.184631548822,19.724965418136
22461,22465,2019,,2019/04/24,12:30:00,COLISIÓN POR ALCANCE,ASFALTO,Bueno,Bueno,2,HONDA,GRIS,2,,21,MASCULINO,SIN DATOS,0,0,Morelia,Tlalpujahua,abril,miércoles,13,-101.2179261446,19.6759478679795
22462,22466,2019,,2019/04/24,13:15:00,COLISIÓN POR ALCANCE,ASFALTO,Bueno,Bueno,2,PELIKA,BLANCO,2,,49,MASCULINO,SIN DATOS,0,0,Morelia,Loma de Los Piñones,abril,miércoles,13,-101.205956786871,19.6734841261257
22463,22467,2019,,2019/04/24,13:50:00,COLISIÓN POR CORTE DE CIRCULACIÓN,CONCRETO,Bueno,Bueno,2,TOYOTA,BLANCO,2,,60,MASCULINO,SIN DATOS,0,0,Morelia,Vasco de Quiroga,abril,miércoles,14,-101.171589642763,19.7067685885557
22464,22468,2019,,2019/04/24,14:00:00,COLISIÓN POR CORTE DE CIRCULACIÓN,CONCRETO,Bueno,Bueno,2,TOYOTA,BLANCO,2,,60,MASCULINO,SIN DATOS,0,0,Morelia,Isaac Arriaga,abril,miércoles,14,-101.171466596425,19.7076978277912
22465,22469,2019,,2019/04/24,16:20:00,COLISIÓN CONTRA OBJETO FIJO,ASFALTO,Bueno,Bueno,1,FORD,AZUL,3,MINISTERIO PÚBLICO,48,MASCULINO,SIN DATOS,1,1,Hidalgo,Sin datos,abril,miércoles,16,-100.592723339796,19.6995166125599
22466,22470,2019,,2019/04/24,16:20:00,SALIDA DE SUPERFICIE DE RODAMIENTO,ASFALTO,Bueno,Bueno,1,FORD,AZUL,3,MINISTERIO PÚBLICO,48,MASCULINO,SIN DATOS,1,1,Hidalgo,Sin datos,abril,miércoles,16,-100.591194145381,19.6996867497336
22467,22471,2019,,2019/04/24,17:00:00,COLISIÓN POR CAMBIO DE CARRIL,ASFALTO,Bueno,Bueno,2,KENWORTH,BLANCO,2,,28,MASCULINO,SIN DATOS,0,0,Morelia,La Quemada,abril,miércoles,17,-101.23913705349,19.687869519723
22468,22472,2019,,2019/04/24,18:30:00,SALIDA DE SUPERFICIE DE RODAMIENTO,ASFALTO,Bueno,Bueno,1,VOLKSWAGEN,ROJO,1,,26,MASCULINO,SIN DATOS,0,0,Maravatío,Sin datos,abril,miércoles,19,-100.417960658669,19.8949675095204
22469,22473,2019,,2019/04/24,18:33:00,COLISIÓN POR ALCANCE,ASFALTO,Bueno,Bueno,3,VOLKSWAGEN,ROJO,3,,22,MASCULINO,SIN DATOS,0,0,Morelia,Sentimientos de La Nacion,abril,miércoles,19,-101.233525872231,19.6783332795326
22470,22474,2019,,2019/04/24,19:20:00,COLISIÓN POR CAMBIO DE CARRIL,ASFALTO,Bueno,Bueno,2,JEEP,ROJO,2,,42,MASCULINO,SIN DATOS,0,0,Morelia,Lomas del Tecnologico,abril,miércoles,19,-101.190342307091,19.7221912408587
22471,22475,2019,,2019/04/24,19:30:00,COLISIÓN POR CORTE DE CIRCULACIÓN,ASFALTO,Bueno,Bueno,2,FORD,CAFE,2,,19,MASCULINO,SIN DATOS,0,0,Morelia,Irrigacion,abril,miércoles,20,-101.225492656231,19.7067193488261
22472,22476,2019,MOR 190320144,2019/04/24,20:30:00,COLISIÓN POR INVASIÓN DE CARRIL,ASFALTO,Bueno,Bueno,2,NISSAN,BLANCO Y ROJO,2,,34,MASCULINO,SIN DATOS,0,0,Morelia,La Esperanza,abril,miércoles,21,-101.153330504894,19.6993622578989
22473,22477,2019,MOR190320702,2019/04/25,"02:00:00",COLISIÓN POR ALCANCE,ASFALTO,Bueno,Bueno,3,NISSAN,BLANCO,3,,30,MASCULINO,ALIENTO ETÍLICO,0,0,Morelia,Ignacio Zaragoza,abril,jueves,2,-101.203912943602,19.7253454040836
22474,22478,2019,,2019/04/25,"04:00:00",COLISIÓN CONTRA OBJETO FIJO,CONCRETO,Bueno,Bueno,1,FORD,BLANCO,0,,,,,0,0,Morelia,Montaña Monarca,abril,jueves,4,-101.165131339569,19.6698293896465
22476,22480,2019,MOR 190320874,2019/04/25,"08:13:00",COLISIÓN POR INVASIÓN DE CARRIL,CONCRETO,Bueno,Regular,2,FORD,ROJO,2,,26,MASCULINO,SIN DATOS,0,0,Morelia,Vasco de Quiroga,abril,jueves,8,-101.16716515,19.6992678299991
22477,22481,2019,"190321069",2019/04/25,10:30:00,COLISIÓN POR CAMBIO DE CARRIL,ASFALTO,Bueno,Bueno,2,VOLKSWAGEN,BLANCO,1,,18,MASCULINO,SIN DATOS,0,0,Morelia,Jardines de Torremolinos,abril,jueves,11,-101.226300001144,19.6769139071118