fid,id_accidente,anio_origen,folio_c5i,dia_incidente,hora_ocurrencia,tipo_incidente_vial,superficie_ocurrencia,condiciones_climaticas,condiciones_via,numero_vehiculos_involucrados,marca_vehiculo_ocasiona_siniestro,color_vehiculo_ocasiona_siniestro,numero_personas_involucradas,lugar_remite_presunto_responsable,edad_presunto_responsable,sexo_presunto_responsable,resultados_toxicologia,numero_personas_lesionadas,numero_personas_fallecidas,municipio,colonia,mes,dia_semana,hora_redondeada,lon,lat
22478,22482,2019,MOR190321510,2019/04/25,13:36:00,COLISIÓN POR ALCANCE,ASFALTO,Bueno,Bueno,2,NISSAN,AZUL,2,,41,FEMENINO,SIN DATOS,0,0,Morelia,Morelos,abril,jueves,14,-101.18131852377,19.7261651713381
22479,22483,2019,,2019/04/25,13:40:00,COLISIÓN POR CORTE DE CIRCULACIÓN,ASFALTO,Bueno,Bueno,2,MAZDA,GRIS,2,,35,MASCULINO,SIN DATOS,0,0,Morelia,Josefa Ortiz de Dominguez,abril,jueves,14,-101.209959983826,19.6721076469879
22480,22484,2019,"190823765",2019/04/25,14:20:00,COLISIÓN POR CORTE DE CIRCULACIÓN,ASFALTO,Bueno,Bueno,2,TOYOTA,BLANCO y CREMA,2,,68,MASCULINO,SIN DATOS,0,0,Morelia,Primo Tapia Oriente,abril,jueves,14,-101.159792281687,19.7169204869925
22481,22485,2019,MOR 190321873,2019/04/25,14:25:00,COLISIÓN POR CORTE DE CIRCULACIÓN,ASFALTO,Bueno,Bueno,2,DODGE,GRIS,2,MINISTERIO PÚBLICO,36,MASCULINO,SIN DATOS,0,0,Morelia,Chapultepec Norte,abril,jueves,14,-101.176202945,19.6965285599991
22482,22486,2019,"190321821",2019/04/25,15:25:00,COLISIÓN POR CORTE DE CIRCULACIÓN,ASFALTO,Bueno,Bueno,2,NISSAN,ROJO,2,,52,FEMENINO,SIN DATOS,0,0,Morelia,Elias Perez Avalos,abril,jueves,15,-101.168283820152,19.7123944435002
22483,22487,2019,,2019/04/25,15:30:00,COLISIÓN POR ALCANCE,ASFALTO,Bueno,Bueno,2,ITALIKA,BLANCO Y NEGRO,2,,24,MASCULINO,SIN DATOS,0,0,Morelia,Alberto Oviedo Mota,abril,jueves,16,-101.202042102814,19.6778736264954
22484,22488,2019,"190032195",2019/04/25,15:50:00,COLISIÓN POR CORTE DE CIRCULACIÓN,ASFALTO,Bueno,Bueno,2,KENWORTH,BLANCO,2,,54,MASCULINO,SIN DATOS,0,0,Morelia,Elias Perez Avalos,abril,jueves,16,-101.167813022979,19.7136335493406
22485,22489,2019,MOR 190322228,2019/04/25,17:11:00,COLISIÓN POR ALCANCE,ASFALTO,Bueno,Bueno,2,KIA,BLANCO,2,,17,MASCULINO,SIN DATOS,0,0,Morelia,Poblado de Ocolusen,abril,jueves,17,-101.15532026,19.6946109149991
22486,22490,2019,MOR190322310,2019/04/25,18:20:00,COLISIÓN POR ALCANCE,ASFALTO,Bueno,Bueno,2,CHEVROLET,AZUL,2,,35,MASCULINO,SIN DATOS,0,0,Morelia,Nueva Chapultepec,abril,jueves,18,-101.170878857374,19.6857364792779
22487,22491,2019,MOR190322489,2019/04/25,18:25:00,COLISIÓN POR ALCANCE,ASFALTO,Bueno,Bueno,2,VOLKSWAGEN,BLANCO,2,MINISTERIO PÚBLICO,24,,SIN DATOS,0,0,Morelia,Granjas Unidas de Morelia,abril,jueves,18,-101.279489547014,19.6913094097995
22488,22492,2019,MOR190322879,2019/04/25,21:25:00,COLISIÓN POR ALCANCE,ASFALTO,Bueno,Bueno,2,VOLKSWAGEN,BLANCO,2,,35,MASCULINO,SIN DATOS,0,0,Morelia,Diego Rivera,abril,jueves,21,-101.177754700184,19.7195173807367
22490,22494,2019,,2019/04/25,26:30:00,COLISIÓN POR ALCANCE,ASFALTO,Bueno,Bueno,2,ITALIKA,AZUL,3,MINISTERIO PÚBLICO,52,MASCULINO,SIN DATOS,1,0,Lázaro Cárdenas,Segundo Sector de Fidelac,abril,jueves,,-102.205590605736,17.9615872938483
22491,22495,2019,,2019/04/26,"08:00:00",COLISIÓN POR ALCANCE,ASFALTO,Bueno,Bueno,3,VOLKSWAGEN,ORO,3,,43,MASCULINO,SIN DATOS,0,0,Morelia,Los Angeles,abril,viernes,8,-101.177263520658,19.7402010731842
22492,22496,2019,,2019/04/26,"08:20:00",COLISIÓN POR CORTE DE CIRCULACIÓN,ASFALTO,Bueno,Bueno,1,NISSAN,BLANCO,1,,51,MASCULINO,SIN DATOS,0,0,Morelia,Los Angeles,abril,viernes,8,-101.176897734404,19.7409272055137
22493,22497,2019,,2019/04/26,"08:40:00",COLISIÓN POR CORTE DE CIRCULACIÓN,ASFALTO,Bueno,Bueno,1,NISSAN,BLANCO,1,,21,MASCULINO,SIN DATOS,0,0,Morelia,La Luz,abril,viernes,9,-101.299266815186,19.6872384811181
22494,22498,2019,,2019/04/26,"08:53:00",COLISIÓN POR ALCANCE,ASFALTO,Bueno,Bueno,2,VOLKSWAGEN,PLATA,2,,28,MASCULINO,SIN DATOS,0,0,Morelia,Los Angeles,abril,viernes,9,-101.175665259361,19.7432810381099
22495,22499,2019,MOR190323629,2019/04/26,"09:15:00",COLISIÓN POR CORTE DE CIRCULACIÓN,CONCRETO,Bueno,Bueno,1,CAMPANIOLO,AMARILLO,1,,45,MASCULINO,SIN DATOS,0,0,Morelia,Industrial,abril,viernes,9,-101.197806224227,19.7090373873519
22496,22500,2019,,2019/04/26,"09:20:00",COLISIÓN POR CAMBIO DE CARRIL,ASFALTO,Bueno,Bueno,2,Toyota,negro,2,,0,MASCULINO,SIN DATOS,0,0,Morelia,Americas Britania,abril,viernes,9,-101.149360835552,19.693746045956
22497,22501,2019,,2019/04/26,"09:30:00",COLISIÓN POR CAMBIO DE CARRIL,ASFALTO,Bueno,Bueno,2,Kenworth,Blanco,2,,35,MASCULINO,SIN DATOS,0,0,Morelia,Lomas del Tecnologico,abril,viernes,10,-101.188614964485,19.7200223624672
22498,22502,2019,,2019/04/26,10:00:00,COLISIÓN POR ALCANCE,ASFALTO,Bueno,Bueno,2,INTERNATIONAL,BLANCO,2,,36,MASCULINO,SIN DATOS,0,0,Morelia,Campestre Los Manantiales,abril,viernes,10,-101.239657402039,19.6910066822356
22499,22503,2019,MOR190323802,2019/04/26,10:30:00,COLISIÓN POR CORTE DE CIRCULACIÓN,CONCRETO,Bueno,Bueno,1,VOLKSWAGEN,ROJO,1,,28,FEMENINO,SIN DATOS,0,0,Morelia,Lomas de Hidalgo,abril,viernes,11,-101.158745884895,19.695632448476
22500,22504,2019,,2019/04/26,11:00:00,COLISIÓN POR ALCANCE,CONCRETO,Bueno,Bueno,2,Nissan,rojo,2,,0,MASCULINO,CON CERTIFICADO,0,0,Morelia,Jardines del Rincon,abril,viernes,11,-101.153325140476,19.6872545806832
22501,22505,2019,,2019/04/26,12:40:00,CAIDA DE MOTOCICLETA,ASFALTO,Bueno,Bueno,1,VENTO,GRIS CON NEGRO,1,,24,MASCULINO,SIN DATOS,0,0,Morelia,Jardines de La Loma,abril,viernes,13,-101.225641518831,19.6768532930631
22502,22506,2019,,2019/04/26,13:30:00,COLISIÓN POR CORTE DE CIRCULACIÓN,ASFALTO,Bueno,Bueno,2,Nissan,Blanco,2,,40,MASCULINO,SIN DATOS,0,0,Morelia,Ana Maria Gallaga (Riviera Norte),abril,viernes,14,-101.222815141082,19.6766499832736
22503,22507,2019,MOR190324418,2019/04/26,14:15:00,COLISIÓN POR MANIOBRA DE REVERSA,CONCRETO,Bueno,Bueno,2,HONDA,ROJO,2,,62,MASCULINO,SIN DATOS,0,0,Morelia,Adolfo Lopez Mateos,abril,viernes,14,-101.229148507118,19.70122302656
22504,22508,2019,,2019/04/26,14:30:00,COLISIÓN POR CORTE DE CIRCULACIÓN,ASFALTO,Bueno,Bueno,2,NISSAN,BLANCO POLAR,4,MINISTERIO PÚBLICO,21,MASCULINO,SIN DATOS,2,0,Morelia,Nueva Valladolid,abril,viernes,15,-101.2082862854,19.7016677770529
22505,22509,2019,,2019/04/26,15:40:00,COLISIÓN POR CORTE DE CIRCULACIÓN,ASFALTO,Bueno,Bueno,1,KENWORTH,Rojo,1,,29,MASCULINO,SIN DATOS,0,0,Morelia,Ana Maria Gallaga (Riviera Norte),abril,viernes,16,-101.222778260708,19.6768034127349
22506,22510,2019,,2019/04/26,15:50:00,COLISIÓN POR MANIOBRA DE REVERSA,CONCRETO,Bueno,Bueno,2,INTERNATIONAL,BLANCO/DORADO,2,,36,MASCULINO,SIN DATOS,0,0,Morelia,Centro,abril,viernes,16,-101.189820617437,19.7014092600609
22507,22511,2019,,2019/04/26,16:20:00,COLISIÓN POR CAMBIO DE CARRIL,ASFALTO,Bueno,Bueno,2,ford,guinda,2,,0,MASCULINO,SIN DATOS,0,0,Morelia,Barrio Alto,abril,viernes,16,-101.196928136051,19.7248442264144
22508,22512,2019,,2019/04/26,17:25:00,COLISIÓN POR CAMBIO DE CARRIL,SIN_DATOS,Bueno,Bueno,2,Nissan,blanco,2,,28,MASCULINO,SIN DATOS,0,0,Morelia,Lomas del Tecnologico,abril,viernes,17,-101.188600882888,19.719971864366
22509,22513,2019,MOR190325458,2019/04/26,18:26:00,COLISIÓN POR ALCANCE,ASFALTO,Bueno,Bueno,2,CHEVROLET,BLANCO,2,,56,MASCULINO,SIN DATOS,0,0,Morelia,Las Americas,abril,viernes,18,-101.153807938099,19.6873290806105
22510,22514,2019,,2019/04/26,18:32:00,COLISIÓN POR ALCANCE,ASFALTO,Bueno,Bueno,2,NISSAN,GUINDA,2,,27,MASCULINO,SIN DATOS,0,0,Morelia,Los Angeles,abril,viernes,19,-101.176399514079,19.7418600329865
22511,22515,2019,MOR 190 325321,2019/04/26,19:26:00,VOLCADURA,CONCRETO,Bueno,Bueno,1,TERLING,BLANCO,1,MINISTERIO PÚBLICO,,,,1,0,Morelia,Puerta Tres Marias Norte,abril,viernes,19,-101.142470575869,19.6921831812471
22512,22516,2019,,2019/04/26,19:45:00,COLISIÓN POR INVASIÓN DE CARRIL,CONCRETO,Bueno,Bueno,2,NISSAN TSURU,BCO/ROJO,2,,35,MASCULINO,SIN DATOS,0,0,Morelia,Gertrudis Sanchez,abril,viernes,20,-101.213428080082,19.7436455177323
22513,22517,2019,,2019/04/26,20:45:00,COLISIÓN POR CORTE DE CIRCULACIÓN,ASFALTO,Bueno,Bueno,2,STERLING,BLANCO,2,,0,MASCULINO,SIN DATOS,0,0,Morelia,Los Manantiales de Morelia,abril,viernes,21,-101.241744160652,19.6960705856389
22514,22518,2019,,2019/04/26,21:40:00,COLISIÓN POR CORTE DE CIRCULACIÓN,CONCRETO,Bueno,Bueno,1,Nissan,Plata,1,,28,MASCULINO,SIN DATOS,0,0,Morelia,Felicitas del Rio,abril,viernes,22,-101.198288351297,19.692812306363
22515,22519,2019,,2019/04/26,23:13:00,COLISIÓN POR CAMBIO DE CARRIL,ASFALTO,Bueno,Bueno,2,WV,ROJO,2,,38,MASCULINO,SIN DATOS,0,0,Morelia,Jardines de Torremolinos,abril,viernes,23,-101.225765235722,19.6767115444948
22516,22520,2019,,2019/04/27,"00:05:00",SUBIDA AL CAMELLÓN,ASFALTO,Bueno,Bueno,1,FORD,VERDE,1,,48,FEMENINO,SIN DATOS,0,0,Morelia,Felix Ireta,abril,sábado,0,-101.191594898701,19.6823387716063
22517,22521,2019,MOE 190226776,2019/04/27,"04:55:00",COLISIÓN POR CORTE DE CIRCULACIÓN,ASFALTO,Bueno,Bueno,1,FORD,ROJO,1,,49,MASCULINO,SIN DATOS,0,0,Morelia,El Lago 1,abril,sábado,5,-101.212256625295,19.7267157445725
22518,22522,2019,,2019/04/27,"05:30:00",COLISIÓN CONTRA OBJETO FIJO,ASFALTO,Bueno,Bueno,2,FORD,BLANCO,2,MINISTERIO PÚBLICO,25,MASCULINO,SIN DATOS,0,0,Lázaro Cárdenas,Centro,abril,sábado,6,-102.191852,17.955388
22519,22523,2019,,2019/04/27,"06:30:00",COLISIÓN CONTRA OBJETO FIJO,ASFALTO,Bueno,Bueno,1,VOLKSWAGEN CROSS FOX,AMARILLO,0,,,,,0,0,Salvador Escalante,Sin datos,abril,sábado,7,-101.651121675968,19.3497664118639
22520,22524,2019,,2019/04/27,10:45:00,SALIDA DE SUPERFICIE DE RODAMIENTO,ASFALTO,Bueno,Bueno,1,AUDI,AZUL,1,,0,MASCULINO,SIN DATOS,0,0,Charo,San Juan,abril,sábado,11,-101.054998040199,19.7465998231465
22521,22525,2019,,2019/04/27,11:30:00,COLISIÓN POR INVASIÓN DE CARRIL,ASFALTO,Bueno,Bueno,2,NISSAN,BLANCO,2,,26,MASCULINO,SIN DATOS,0,0,Cuitzeo,Sin datos,abril,sábado,12,-101.130614206195,19.9576391494866
22522,22526,2019,MOR190327369,2019/04/27,12:30:00,CAIDA DE MOTOCICLETA,ASFALTO,Bueno,Bueno,1,HONDA,BLANCO,1,,19,MASCULINO,SIN DATOS,0,0,Morelia,Justo Mendoza,abril,sábado,13,-101.231205761433,19.7145381754676
22523,22527,2019,LEG23576,2019/04/27,12:35:00,COLISIÓN POR CORTE DE CIRCULACIÓN,ASFALTO,Bueno,Bueno,1,CHEVROLET,VERDE,1,,29,MASCULINO,SIN DATOS,0,0,Morelia,Felix Arreguin,abril,sábado,13,-101.228070259094,19.719312862682
22524,22528,2019,,2019/04/27,14:40:00,SALIDA DE SUPERFICIE DE RODAMIENTO,ASFALTO,Bueno,Bueno,1,DODGE,GRIS,2,,52,MASCULINO,SIN DATOS,1,0,Salvador Escalante,Sin datos,abril,sábado,15,-101.662203222513,19.4104482695386
22525,22529,2019,MOR 190387887,2019/04/27,16:10:00,COLISIÓN POR CORTE DE CIRCULACIÓN,ASFALTO,Bueno,Bueno,2,ITALIKA,NEGRO,1,MINISTERIO PÚBLICO,,,,1,0,Morelia,Lomas de Vista Bella,abril,sábado,16,-101.197704300284,19.6744760677524
22526,22530,2019,,2019/04/27,17:10:00,COLISIÓN POR ALCANCE,ASFALTO,Bueno,Bueno,2,VOLKSWAGEN JETTA,CAFÉ,2,,31,MASCULINO,SIN DATOS,0,0,Morelia,Primo Tapia Oriente,abril,sábado,17,-101.15750670433,19.7141253388603
22527,22531,2019,,2019/04/27,17:55:00,COLISIÓN POR CORTE DE CIRCULACIÓN,SIN_DATOS,Bueno,Bueno,2,CHEVROLET,BLANCO,2,,26,MASCULINO,SIN DATOS,0,0,Morelia,Diego Rivera,abril,sábado,18,-101.177773475647,19.7195123309114
22528,22532,2019,MOR190327705,2019/04/27,18:32:00,COLISIÓN POR ALCANCE,ASFALTO,Bueno,Bueno,2,DODGE,CAFE,2,,33,MASCULINO,SIN DATOS,0,0,Morelia,Jardines de Torremolinos,abril,sábado,19,-101.226616501808,19.6767674231214
22529,22533,2019,,2019/04/27,19:45:00,COLISIÓN POR CAMBIO DE CARRIL,ASFALTO,Bueno,Bueno,1,NISSSN,BLANCO CON ROJO,3,,55,MASCULINO,SIN DATOS,2,0,Zinapécuaro,Sin datos,abril,sábado,20,-100.85071362555,19.8589502442013
22530,22534,2019,LEG23580,2019/04/27,20:50:00,COLISIÓN POR CORTE DE CIRCULACIÓN,ASFALTO,Bueno,Bueno,2,YAMAHA,NEGRO,2,MINISTERIO PÚBLICO,0,,SIN DATOS,1,0,Morelia,Lomas de Huerta,abril,sábado,21,-101.210171878338,19.6721878366932
22531,22535,2019,MOR190328956,2019/04/27,22:00:00,COLISIÓN CONTRA OBJETO FIJO,CONCRETO,Bueno,Bueno,1,CHEVROLET,BLANCO,1,,24,MASCULINO,SIN DATOS,0,0,Morelia,Granjas del Maestro,abril,sábado,22,-101.191763877869,19.7132630497866
22532,22536,2019,,2019/04/27,22:30:00,COLISIÓN CON PEATÓN,ASFALTO,Bueno,Bueno,1,CURAZAI,ROJO/BLANCO,3,MINISTERIO PÚBLICO,24,MASCULINO,SIN DATOS,2,0,Peribán,Sin datos,abril,sábado,23,-102.452951967716,19.5591260539983
22533,22537,2019,LEG23583,2019/04/28,"00:40:00",COLISIÓN CONTRA OBJETO FIJO,ASFALTO,Bueno,Bueno,2,BMW,ARENA,1,,52,FEMENINO,SIN DATOS,0,0,Morelia,Villa Universidad,abril,domingo,1,-101.200423054397,19.6901884626393
22534,22538,2019,LEG23588,2019/04/28,"01:57:00",COLISIÓN POR ALCANCE,ASFALTO,Bueno,Bueno,2,CHEVROLET,NEGRO,2,,55,MASCULINO,SIN DATOS,0,0,Morelia,Indeco El Vivero,abril,domingo,2,-101.229876056314,19.6769132757156
22535,22539,2019,,2019/04/28,"02:40:00",COLISIÓN POR CAMBIO DE CARRIL,ASFALTO,Bueno,Bueno,2,JEEP,NEGRO,1,,57,MASCULINO,SIN DATOS,0,0,Pátzcuaro,Centro,abril,domingo,3,-101.617454828812,19.5173254023845
22536,22540,2019,MOR190329555,2019/04/28,"02:50:00",COLISIÓN CONTRA OBJETO FIJO,ASFALTO,Bueno,Bueno,1,MAZDA,NEGRO,1,,44,MASCULINO,ALIENTO ETÍLICO,0,0,Morelia,Bicentenario,abril,domingo,3,-101.178680062294,19.7385919572241
22537,22541,2019,,2019/04/28,"04:04:00",COLISIÓN CONTRA OBJETO FIJO,ASFALTO,Bueno,Bueno,1,CHRYSLER,NEGRO,0,,,,,0,0,Morelia,Ferrocarrilero,abril,domingo,4,-101.217070519924,19.6979481223768
22538,22542,2019,,2019/04/28,"06:50:00",COLISIÓN CONTRA OBJETO FIJO,ASFALTO,Bueno,Bueno,1,NISSAN,PLATINO,1,,26,FEMENINO,SIN DATOS,0,0,Tacámbaro,Sin datos,abril,domingo,7,-101.438816785812,19.1632690834011
22539,22543,2019,,2019/04/28,"08:40:00",COLISIÓN POR CORTE DE CIRCULACIÓN,ASFALTO,Bueno,Bueno,1,NISSAN,BLANCO,1,,,,SIN DATOS,0,0,Morelia,Nueva Valladolid,abril,domingo,9,-101.21057420969,19.7009001160946
22540,22544,2019,,2019/04/28,11:30:00,COLISIÓN POR CORTE DE CIRCULACIÓN,CONCRETO,Bueno,Bueno,2,TOYOTA,GRIS,2,MINISTERIO PÚBLICO,44,MASCULINO,SIN DATOS,0,0,Múgica,Independencia,abril,domingo,12,-102.086449563503,19.0292029245556
22541,22545,2019,MOR 190327363,2019/04/28,12:15:00,COLISIÓN POR CAMBIO DE CARRIL,CONCRETO,Bueno,Regular,0,,,0,,,,,0,0,Morelia,Elias Perez Avalos,abril,domingo,12,-101.1685895,19.71368249
22542,22546,2019,MOR190327363,2019/04/28,12:15:00,COLISIÓN POR INVASIÓN DE CARRIL,CONCRETO,Bueno,Regular,2,VOLKSWAGEN,GRIS,2,,32,MASCULINO,SIN DATOS,0,0,Morelia,Central de Abastos,abril,domingo,12,-101.168533265591,19.7157451167444
22543,22547,2019,MOR 190330336,2019/04/28,13:30:00,COLISIÓN POR CORTE DE CIRCULACIÓN,ASFALTO,Bueno,Bueno,2,PULSAR,AMARILLO,1,MINISTERIO PÚBLICO,21,MASCULINO,SIN DATOS,0,0,Morelia,Centro,abril,domingo,14,-101.177794933319,19.7032939940227
22544,22548,2019,,2019/04/28,13:50:00,CAIDA DE MOTOCICLETA,ASFALTO,Bueno,Bueno,1,ITALIKA,ROJO Y NEGRO,1,,21,MASCULINO,SIN DATOS,0,0,Morelia,Granjas del Maestro,abril,domingo,14,-101.188480854034,19.7128539974139
22545,22549,2019,,2019/04/28,14:10:00,VOLCADURA,ASFALTO,Bueno,Bueno,1,NISSAN,BLANCO,1,,37,MASCULINO,SIN DATOS,0,0,Tuzantla,Sin datos,abril,domingo,14,-100.564867258072,19.2222250652789
22546,22550,2019,,2019/04/28,14:30:00,COLISIÓN CONTRA OBJETO FIJO,ASFALTO,Bueno,Bueno,3,LINCOLN,AZUL,3,MINISTERIO PÚBLICO,64,FEMENINO,SIN DATOS,0,0,Morelia,Ignacio Zaragoza,abril,domingo,15,-101.205793027223,19.723628886106
22547,22551,2019,MOR190319881,2019/04/28,16:25:00,COLISIÓN CON PEATÓN,SIN_DATOS,Bueno,Bueno,2,PULSAR,ROJO,1,MINISTERIO PÚBLICO,,,,1,0,Morelia,Jacarandas,abril,domingo,16,-101.21047899127,19.7065602665189
22548,22552,2019,MOR 190328130,2019/04/28,17:24:00,COLISIÓN POR CORTE DE CIRCULACIÓN,ASFALTO,Bueno,Regular,2,SD,SD,1,,35,MASCULINO,SIN DATOS,0,0,Morelia,Indeco Santiaguito,abril,domingo,17,-101.174041181803,19.7247224033934
22549,22553,2019,,2019/04/28,19:10:00,VOLCADURA,ASFALTO,Bueno,Bueno,1,NISSAN,VERDE,1,,,,SIN DATOS,0,0,Juárez,Buenos Aires,abril,domingo,19,-100.438921451569,19.3174411055717
22550,22554,2019,,2019/04/28,19:30:00,COLISIÓN POR CAMBIO DE CARRIL,CONCRETO,Bueno,Bueno,2,FORD,BLANCO,2,,19,MASCULINO,SIN DATOS,0,0,Morelia,Jardines de Torremolinos,abril,domingo,20,-101.225720643997,19.6786287700743
22551,22555,2019,,2019/04/28,19:40:00,COLISIÓN POR ALCANCE,ASFALTO,Bueno,Bueno,2,HONDA,AZUL,2,,30,MASCULINO,SIN DATOS,0,0,Maravatío,Centro,abril,domingo,20,-100.44244,19.892705
22552,22556,2019,,2019/04/28,22:30:00,COLISIÓN CONTRA OBJETO FIJO,ASFALTO,Bueno,Regular,1,SIN DATOS,X,0,,,,,0,0,Morelia,Lucio Cabañas(26 de Julio),abril,domingo,23,-101.249938309193,19.7119374132982
22553,22557,2019,,2019/04/28,22:47:00,COLISIÓN CONTRA OBJETO FIJO,ASFALTO,Bueno,Bueno,2,Dodge,Rojo,2,,0,MASCULINO,SIN DATOS,0,0,Morelia,Buenos Aires (Lomas de La Aldea),abril,domingo,23,-101.13665252924,19.7366277976256
22554,22558,2019,MOR190237367,2019/04/28,23:00:00,COLISIÓN CON PEATÓN,ASFALTO,Bueno,Bueno,2,NISSAN,BLANCO,2,,45,MASCULINO,SIN DATOS,0,0,Morelia,Los Angeles,abril,domingo,23,-101.176325082779,19.7421061773513
22555,22559,2019,,2019/04/28,23:30:00,COLISIÓN CONTRA OBJETO FIJO,CONCRETO,Bueno,Bueno,1,FORD,GRIS,1,MINISTERIO PÚBLICO,22,MASCULINO,SIN DATOS,0,0,Morelia,Chapultepec Oriente,abril,domingo,0,-101.160257309675,19.6881094336977
22556,22560,2019,MOR190329212,2019/04/28,23:50:00,COLISIÓN CONTRA OBJETO FIJO,ASFALTO,Bueno,Bueno,1,DODGE,ROJO,1,,30,MASCULINO,ALIENTO ETÍLICO,0,0,Morelia,Primo Tapia Oriente,abril,domingo,0,-101.158582391829,19.7137606303148
22558,22562,2019,,2019/04/29,"00:20:00",SALIDA DE SUPERFICIE DE RODAMIENTO,ASFALTO,Bueno,Bueno,1,CHEVROLET,AZUL,1,,28,MASCULINO,ALIENTO ETÍLICO,0,0,Morelia,Las Margaritas,abril,lunes,0,-101.209659576416,19.7121318406708
22559,22563,2019,,2019/04/29,"01:00:00",COLISIÓN POR MANIOBRA DE REVERSA,CONCRETO,Bueno,Bueno,2,DODGE,AZUL,1,MINISTERIO PÚBLICO,,,SIN DATOS,0,0,Morelia,Popular Pogreso,abril,lunes,1,-101.200461611152,19.7229423880384
22560,22564,2019,,2019/04/29,"05:25:00",COLISIÓN CONTRA OBJETO FIJO,ASFALTO,Bueno,Bueno,1,CHRYSLER,VERDE,1,,34,MASCULINO,SIN DATOS,0,0,Morelia,Sentimientos de La Nacion,abril,lunes,5,-101.233783364296,19.6784393531231
22562,22566,2019,,2019/04/29,"07:35:00",COLISIÓN POR CORTE DE CIRCULACIÓN,ASFALTO,Bueno,Bueno,2,CHEVROLET,PLATA,2,MINISTERIO PÚBLICO,32,FEMENINO,SIN DATOS,0,0,Los Reyes,Sin datos,abril,lunes,8,-102.457795701921,19.5721279253645
22563,22567,2019,,2019/04/29,"07:51:00",COLISIÓN POR CAMBIO DE CARRIL,ASFALTO,Bueno,Bueno,2,VOLKSWAGEN,NEGRO,2,,42,MASCULINO,SIN DATOS,0,0,Morelia,Mirador del Punhuato,abril,lunes,8,-101.157403069452,19.7043089194707
22566,22570,2019,MOR190102991,2019/04/29,11:30:00,COLISIÓN CONTRA OBJETO FIJO,ASFALTO,Bueno,Bueno,1,KENWORTH,AMARILLO,1,,35,MASCULINO,SIN DATOS,0,0,Morelia,Enrique Arreguin Robles,abril,lunes,12,-101.17940323,19.7207785399991
22567,22571,2019,,2019/04/29,12:30:00,CAIDA DE MOTOCICLETA,ASFALTO,Bueno,Bueno,1,RSK,Negro,1,,,,,1,0,Morelia,Praderas del Indio,abril,lunes,13,-101.223494028547,19.6450845894654
22570,22574,2019,,2019/04/29,13:03:00,COLISIÓN CONTRA OBJETO FIJO,ASFALTO,Bueno,Bueno,1,CHEVROLET,GUINDA,1,,57,MASCULINO,SIN DATOS,0,0,Morelia,Los Angeles,abril,lunes,13,-101.172693695,19.7488773499992
22571,22575,2019,,2019/04/29,13:30:00,COLISIÓN POR ALCANCE,ASFALTO,Bueno,Bueno,2,NISSAN,BLANCO,1,MINISTERIO PÚBLICO,,,SIN DATOS,0,0,Morelia,Sin datos,abril,lunes,14,-101.304063275456,19.5864898627633
22572,22576,2019,MOR190373016,2019/04/29,14:15:00,COLISIÓN POR ALCANCE,CONCRETO,Bueno,Bueno,3,NISSAN,BLANCO,3,,32,MASCULINO,SIN DATOS,0,0,Morelia,Prados Verdes,abril,lunes,14,-101.19721026,19.7150711099991
22573,22577,2019,,2019/04/29,16:40:00,COLISIÓN POR INVASIÓN DE CARRIL,SIN_DATOS,Bueno,Bueno,3,VOLKSWAGEN,GRIS,3,,76,MASCULINO,SIN DATOS,0,0,Morelia,Cosmos,abril,lunes,17,-101.217851042747,19.6841369170621
22574,22578,2019,MOR 190333550,2019/04/29,17:40:00,COLISIÓN POR MANIOBRA DE REVERSA,CONCRETO,Bueno,Bueno,2,NISSAN,AZUL,2,,50,FEMENINO,SIN DATOS,0,0,Morelia,Chapultepec Norte,abril,lunes,18,-101.17747677,19.6964021849991
22575,22579,2019,,2019/04/29,17:40:00,COLISIÓN POR MANIOBRA DE REVERSA,CONCRETO,Bueno,Bueno,2,INTERNATIONAL,VERDE,2,,25,MASCULINO,SIN DATOS,0,0,Tarímbaro,De La Cruz,abril,lunes,18,-101.174132968464,19.7958418180257
22576,22580,2019,,2019/04/29,18:00:00,COLISIÓN POR ALCANCE,ASFALTO,Bueno,Bueno,3,NISSAN,BLANCO,3,,24,MASCULINO,SIN DATOS,0,0,Peribán,Sin datos,abril,lunes,18,-102.457070499659,19.5696509026865
22577,22581,2019,MOR 190333756,2019/04/29,18:50:00,COLISIÓN POR ALCANCE,CONCRETO,Bueno,Bueno,2,FORD,GRIS,2,,34,MASCULINO,SIN DATOS,0,0,Morelia,Ejidal Ocolusen,abril,lunes,19,-101.15218698,19.6838212849992
22578,22582,2019,,2019/04/29,18:55:00,COLISIÓN CONTRA OBJETO FIJO,CONCRETO,Bueno,Bueno,2,MAN TRUCK Y BUS,VERDE,2,,58,MASCULINO,SIN DATOS,0,0,Tarímbaro,San Marcos,abril,lunes,19,-101.175705475,19.7935106599992
22579,22583,2019,MOR190334128,2019/04/29,20:00:00,COLISIÓN CON PEATÓN,SIN_DATOS,Lluvioso,Bueno,3,FORD,GRIS,3,,48,MASCULINO,SIN DATOS,0,0,Morelia,Centro,abril,lunes,20,-101.18754847,19.7028479949991
22580,22584,2019,,2019/04/29,20:20:00,COLISIÓN CONTRA OBJETO FIJO,CONCRETO,Bueno,Bueno,1,VOKSWAGEN,BLANCO,2,,37,MASCULINO,SIN DATOS,1,0,Morelia,Ferrocarrilero,abril,lunes,20,-101.223609235,19.6918737849991