fid,id_accidente,anio_origen,folio_c5i,dia_incidente,hora_ocurrencia,tipo_incidente_vial,superficie_ocurrencia,condiciones_climaticas,condiciones_via,numero_vehiculos_involucrados,marca_vehiculo_ocasiona_siniestro,color_vehiculo_ocasiona_siniestro,numero_personas_involucradas,lugar_remite_presunto_responsable,edad_presunto_responsable,sexo_presunto_responsable,resultados_toxicologia,numero_personas_lesionadas,numero_personas_fallecidas,municipio,colonia,mes,dia_semana,hora_redondeada,lon,lat
22582,22586,2019,,2019/04/29,22:20:00,COLISIÓN POR INVASIÓN DE CARRIL,ASFALTO,Bueno,Regular,1,NISSAN,ROJO Y BLANCO,3,MINISTERIO PÚBLICO,,MASCULINO,SIN DATOS,1,1,Acuitzio,Sin datos,abril,lunes,22,-101.310215592384,19.448782859256
22583,22587,2019,"190335034",2019/04/30,"00:00:00",COLISIÓN POR CAMBIO DE CARRIL,ASFALTO,Bueno,Bueno,2,SEAT,GRIS,2,,29,MASCULINO,SIN DATOS,0,0,Morelia,Adolfo Lopez Mateos,abril,martes,0,-101.230034977198,19.7034391911627
22584,22588,2019,,2019/04/30,"03:55:00",VOLCADURA,ASFALTO,Bueno,Regular,1,JEEP GRAND CHEROKEE,BLANCO,0,MINISTERIO PÚBLICO,,,,0,0,Buenavista,Sin datos,abril,martes,4,-102.538025937974,19.1078928420371
22585,22589,2019,,2019/04/30,"06:50:00",COLISIÓN CONTRA OBJETO FIJO,ASFALTO,Bueno,Bueno,1,DODGE,ROJO,1,,,MASCULINO,SIN DATOS,0,0,Morelia,Centro,abril,martes,7,-101.18754847,19.7028479949991
22586,22590,2019,,2019/04/30,"07:10:00",SUBIDA AL CAMELLÓN,ASFALTO,Bueno,Bueno,1,Marcury,Azul,1,,27,MASCULINO,SIN DATOS,0,0,Morelia,San Guillermo,abril,martes,7,-101.178655922413,19.7385768095561
22587,22591,2019,,2019/04/30,"07:15:00",COLISIÓN POR ALCANCE,ASFALTO,Bueno,Bueno,2,Chevrolet,Plata,2,,57,MASCULINO,SIN DATOS,0,0,Morelia,San Guillermo,abril,martes,7,-101.177694015205,19.739434859566
22588,22592,2019,,2019/04/30,"07:30:00",COLISIÓN POR CORTE DE CIRCULACIÓN,CONCRETO,Bueno,Bueno,2,FORD,BLANCO,3,,36,MASCULINO,SIN DATOS,1,0,Zacapu,Garcia Padilla,abril,martes,8,-101.796741485596,19.8134644439517
22589,22593,2019,,2019/04/30,"08:30:00",COLISIÓN POR ALCANCE,ASFALTO,Bueno,Bueno,3,VOLKSWAGEN,ROJO,3,,49,MASCULINO,SIN DATOS,0,0,Morelia,Ampliacion La Soledad,abril,martes,9,-101.182743944228,19.7352054709592
22590,22594,2019,,2019/04/30,"08:30:00",COLISIÓN POR CORTE DE CIRCULACIÓN,ASFALTO,Bueno,Bueno,2,ITALIKA FT-150,NEGRO Y AMARILLO,2,,29,MASCULINO,SIN DATOS,0,0,Morelia,Chapultepec Sur,abril,martes,9,-101.177111975849,19.6919865199535
22591,22595,2019,,2019/04/30,"08:45:00",COLISIÓN POR INVASIÓN DE CARRIL,ASFALTO,Bueno,Regular,2,TOYOTA,PLATA,0,MINISTERIO PÚBLICO,,,,0,0,Acuitzio,Sin datos,abril,martes,9,-101.29698459059,19.4261026057338
22592,22596,2019,MOR 190334977,2019/04/30,"09:00:00",COLISIÓN POR ALCANCE,CONCRETO,Bueno,Bueno,2,FORD,NEGRO,2,,64,MASCULINO,SIN DATOS,0,0,Morelia,Valle Quieto,abril,martes,9,-101.203352361918,19.6858744316948
22593,22597,2019,,2019/04/30,"09:50:00",COLISIÓN CONTRA OBJETO FIJO,CONCRETO,Bueno,Bueno,1,DINA,BLANCO,1,,0,MASCULINO,SIN DATOS,0,0,Morelia,Independencia,abril,martes,10,-101.177698668731,19.7191869307302
22595,22599,2019,,2019/04/30,11:08:00,COLISIÓN POR CAMBIO DE CARRIL,ASFALTO,Bueno,Bueno,2,CHEVROLET,ROJO,2,,50,MASCULINO,SIN DATOS,0,0,Morelia,Prados Verdes,abril,martes,11,-101.197387129068,19.7135395382976
22596,22600,2019,,2019/04/30,11:15:00,COLISIÓN POR CORTE DE CIRCULACIÓN,ASFALTO,Bueno,Bueno,2,FORD,BLANCO,2,,26,MASCULINO,SIN DATOS,0,0,Zamora,Ferrocarril,abril,martes,11,-102.283380031586,19.9942001132041
22597,22601,2019,MOR 190335281,2019/04/30,11:20:00,COLISIÓN POR CAMBIO DE CARRIL,CONCRETO,Bueno,Bueno,2,SUSUKI,CAFÉ,2,,50,MASCULINO,SIN DATOS,0,0,Morelia,Nueva Chapultepec,abril,martes,11,-101.165818870068,19.6887218440558
22598,22602,2019,,2019/04/30,11:40:00,COLISIÓN CON PEATÓN,SIN_DATOS,Bueno,Bueno,2,ford,amarillo,2,,0,MASCULINO,SIN DATOS,0,0,Morelia,Josefa Ortiz de Dominguez,abril,martes,12,-101.207523532212,19.6721306936396
22599,22603,2019,,2019/04/30,12:40:00,COLISIÓN POR CORTE DE CIRCULACIÓN,CONCRETO,Bueno,Bueno,2,VOLKSWAGEN,NEGRO,2,,,MASCULINO,ALIENTO ETÍLICO,0,0,Morelia,Plan de Ayala,abril,martes,13,-101.180417122829,19.7060573619129
22600,22604,2019,,2019/04/30,12:50:00,COLISIÓN POR ALCANCE,ASFALTO,Bueno,Bueno,2,CHEVROLET CHEVY,BLANCO,2,,24,FEMENINO,SIN DATOS,0,0,Morelia,Cinco de Diciembre,abril,martes,13,-101.16001188755,19.6878998246659
22601,22605,2019,,2019/04/30,14:00:00,COLISIÓN POR CAMBIO DE CARRIL,ASFALTO,Bueno,Bueno,2,MERCEDES BENZ,AMARILLO,2,,54,MASCULINO,SIN DATOS,0,0,Morelia,Lazaro Cardenas,abril,martes,14,-101.163571666667,19.7110766666667
22602,22606,2019,,2019/04/30,14:40:00,COLISIÓN POR ALCANCE,ASFALTO,Bueno,Bueno,2,NISSAN TIIDA,BLANCO,2,,29,MASCULINO,SIN DATOS,0,0,Morelia,Felicitas del Rio,abril,martes,15,-101.197210773826,19.6925038996282
22603,22607,2019,,2019/04/30,15:40:00,COLISIÓN POR ALCANCE,ASFALTO,Bueno,Bueno,2,NISSAN DOBLE CABINA,GRIS,2,,0,MASCULINO,SIN DATOS,0,0,Morelia,Felix Ireta,abril,martes,16,-101.180807054043,19.685682497865
22604,22608,2019,MOR 190336302,2019/04/30,16:05:00,COLISIÓN POR ALCANCE,ASFALTO,Lluvioso,Bueno,3,NISSAN,BLANCO/ NARRAJA,3,,0,MASCULINO,SIN DATOS,0,0,Morelia,Felix Ireta,abril,martes,16,-101.195666491985,19.6814930427732
22605,22609,2019,,2019/04/30,16:25:00,COLISIÓN POR NO RESPETAR SEMÁFORO,ASFALTO,Nublado,Bueno,2,DODGE,ROJO,2,,51,MASCULINO,SIN DATOS,0,0,Morelia,La Calera,abril,martes,16,-101.235396377742,19.6809222758859
22606,22610,2019,MOR190336431,2019/04/30,16:50:00,COLISIÓN POR CAMBIO DE CARRIL,ASFALTO,Bueno,Bueno,2,FORD,ROJO,2,,42,MASCULINO,ALIENTO ETÍLICO,0,0,Morelia,Buenavista,abril,martes,17,-101.166880019009,19.7064797783866
22607,22611,2019,,2019/04/30,17:00:00,COLISIÓN POR CORTE DE CIRCULACIÓN,CONCRETO,Bueno,Bueno,1,SIN DATOS,SIN DATOS,1,,,,,1,0,Morelia,Ventura Puente,abril,martes,17,-101.18539262563,19.6896593955818
22608,22612,2019,,2019/04/30,17:10:00,COLISIÓN POR CAMBIO DE CARRIL,ASFALTO,Bueno,Bueno,2,CHEVROLET,BLANCO,2,,26,MASCULINO,ALIENTO ETÍLICO,0,0,Morelia,Granjas Unidas de Morelia,abril,martes,17,-101.27949731338,19.6913237185321
22609,22613,2019,,2019/04/30,17:30:00,COLISIÓN CONTRA OBJETO FIJO,ASFALTO,Bueno,Bueno,1,VOLKSWAGEN,AZUL,1,,23,MASCULINO,SIN DATOS,0,0,Morelia,Sin datos,abril,martes,18,-101.164614893496,19.6650037533102
22610,22614,2019,,2019/04/30,17:35:00,COLISIÓN POR ALCANCE,ASFALTO,Bueno,Bueno,2,CHEVROLET,VERDE,2,,49,MASCULINO,SIN DATOS,0,0,Morelia,Montaña Monarca,abril,martes,18,-101.16398692131,19.6649876515092
22611,22615,2019,,2019/04/30,17:50:00,COLISIÓN CON PEATÓN,CONCRETO,Bueno,Bueno,2,NISSAN PLATINA,BLANCO,2,,22,FEMENINO,SIN DATOS,0,0,Morelia,Alberto Oviedo Mota,abril,martes,18,-101.196953952312,19.6856484043317
22612,22616,2019,,2019/04/30,21:15:00,COLISIÓN POR INVASIÓN DE CARRIL,ASFALTO,Bueno,Bueno,2,INTENACIONAL,BLANCO,2,,40,MASCULINO,SIN DATOS,0,0,Cuitzeo,San Agustin del Pulque,abril,martes,21,-101.072305999696,19.9651834493458
22613,22617,2019,MOR 190337390,2019/05/01,"00:05:00",COLISIÓN POR ALCANCE,ASFALTO,Bueno,Regular,2,VOLKSWAGEN,BLANCO,2,,35,MASCULINO,SIN DATOS,0,0,Morelia,La Hacienda,mayo,miércoles,0,-101.315687298775,19.6770502886378
22614,22618,2019,,2019/05/01,"00:10:00",CAIDA DE MOTOCICLETA,ASFALTO,Bueno,Bueno,1,ITALIKA,VERDE/NEGRO,2,MINISTERIO PÚBLICO,20,MASCULINO,SIN DATOS,0,1,Zitácuaro,Sin datos,mayo,miércoles,0,-100.375097645067,19.3211468461907
22615,22619,2019,MOR190337480,2019/05/01,"00:45:00",COLISIÓN POR CORTE DE CIRCULACIÓN,ASFALTO,Bueno,Bueno,2,CARABELLA,BLANCO/AZUL,2,,17,MASCULINO,SIN DATOS,0,0,Morelia,La Aurora,mayo,miércoles,1,-101.225488632917,19.727863577158
22616,22620,2019,MOR 190337500,2019/05/01,"01:05:00",COLISIÓN POR MANIOBRA DE REVERSA,ASFALTO,Bueno,Bueno,2,NISSAN,BLANCO,2,,23,MASCULINO,SIN DATOS,0,0,Morelia,Privada Cardenal,mayo,miércoles,1,-101.327275447547,19.6836425553481
22617,22621,2019,,2019/05/01,"02:45:00",COLISIÓN POR ALCANCE,ASFALTO,Bueno,Bueno,1,NISSAN,AZUL,1,,39,MASCULINO,SIN DATOS,0,0,Morelia,Indeco El Vivero,mayo,miércoles,3,-101.229715794325,19.6769969356936
22618,22622,2019,MOR 190337822,2019/05/01,"08:50:00",COLISIÓN POR ALCANCE,ASFALTO,Bueno,Bueno,3,GENERAL MOTORS,ROJO,3,,31,MASCULINO,SIN DATOS,0,0,Morelia,Pascual Ortiz de Ayala,mayo,miércoles,9,-101.149821521984,19.69504229591
22619,22623,2019,,2019/05/01,"09:30:00",COLISIÓN POR CAMBIO DE CARRIL,CONCRETO,Bueno,Bueno,2,HONDA,NEGRO,2,,30,MASCULINO,SIN DATOS,0,0,Morelia,Agustin Arriaga Rivera,mayo,miércoles,10,-101.222477588213,19.6905696933008
22620,22624,2019,"190331521",2019/05/01,12:05:00,COLISIÓN POR CAMBIO DE CARRIL,ASFALTO,Bueno,Bueno,2,SUZUKI,GRIS,2,,40,MASCULINO,SIN DATOS,0,0,Morelia,Lomas del Tecnologico,mayo,miércoles,12,-101.192971737429,19.7218067072296
22621,22625,2019,,2019/05/01,12:09:00,COLISIÓN POR ALCANCE,CONCRETO,Bueno,Bueno,2,VOLKSWAGEN,PLATA,2,,32,MASCULINO,SIN DATOS,0,0,Morelia,Nueva Valladolid,mayo,miércoles,12,-101.211483945359,19.6992598320994
22623,22627,2019,,2019/05/01,14:00:00,COLISIÓN POR CORTE DE CIRCULACIÓN,ASFALTO,Bueno,Bueno,1,NISSAN,AZUL,1,,32,MASCULINO,SIN DATOS,0,0,Morelia,Los Angeles,mayo,miércoles,14,-101.172693695,19.7488773499992
22624,22628,2019,,2019/05/01,14:25:00,COLISIÓN POR ALCANCE,ASFALTO,Bueno,Bueno,2,SUZUKI,AZUL,2,,28,MASCULINO,SIN DATOS,0,0,Morelia,Lomas de San Juan,mayo,miércoles,14,-101.183039681886,19.7298664251429
22625,22629,2019,MOR190338694,2019/05/01,15:55:00,CAIDA DE MOTOCICLETA,ASFALTO,Bueno,Bueno,1,YAMAHA,NEGRO Y GRIS,2,MINISTERIO PÚBLICO,16,MASCULINO,SIN DATOS,1,0,Morelia,Rinconada del Valle,mayo,miércoles,16,-101.222201261191,19.6773787628329
22627,22631,2019,,2019/05/01,17:25:00,COLISIÓN POR ALCANCE,ASFALTO,Bueno,Bueno,2,SEAT,AMARILLO,2,,35,MASCULINO,SIN DATOS,0,0,Morelia,Mirador del Punhuato,mayo,miércoles,17,-101.157403069452,19.7043089194707
22628,22632,2019,,2019/05/01,17:30:00,COLISIÓN POR CAMBIO DE CARRIL,ASFALTO,Bueno,Bueno,1,NISSAN,BLANCO Y ROSA,2,,48,MASCULINO,SIN DATOS,1,0,Morelia,Morelos,mayo,miércoles,18,-101.18131852377,19.7261651713381
22629,22633,2019,,2019/05/01,18:12:00,COLISIÓN POR INVASIÓN DE CARRIL,ASFALTO,Bueno,Bueno,2,NISSAN,CHAMPAGNE,2,,32,FEMENINO,SIN DATOS,0,0,Peribán,Sin datos,mayo,miércoles,18,-102.457252889872,19.5703398985325
22630,22634,2019,"190339106",2019/05/01,18:25:00,COLISIÓN POR ALCANCE,ASFALTO,Bueno,Bueno,3,VOLKSWAGEN,BEIGE,3,,45,MASCULINO,SIN DATOS,0,0,Morelia,Plan de La Garita,mayo,miércoles,18,-101.18518628,19.7123802899991
22631,22635,2019,,2019/05/01,21:30:00,COLISIÓN POR INVASIÓN DE CARRIL,ASFALTO,Bueno,Bueno,2,VENTO,NEGRO Y ROJO,0,MINISTERIO PÚBLICO,,,,0,0,Tacámbaro,Jardines de Caricho,mayo,miércoles,22,-101.46952137351,19.2268854330982
22632,22636,2019,,2019/05/01,23:41:00,COLISIÓN POR CORTE DE CIRCULACIÓN,ASFALTO,Bueno,Bueno,2,RENAULT,ROJO,0,,,,,0,0,Morelia,Union Popular Solidaria,mayo,miércoles,0,-101.220220133013,19.7056458409566
22633,22637,2019,,2019/05/02,"00:00:00",VOLCADURA,ASFALTO,Bueno,Regular,1,INTERATIONAL,GRIS,0,,,,,0,0,Acuitzio,Sin datos,mayo,jueves,0,-101.305870078504,19.4442293574109
22635,22639,2019,MOR190340098,2019/05/02,"01:00:00",COLISIÓN POR NO RESPETAR SEMÁFORO,CONCRETO,Bueno,Bueno,2,FORD,GRIS,2,MINISTERIO PÚBLICO,21,MASCULINO,SIN DATOS,0,0,Morelia,Camelinas,mayo,jueves,1,-101.17262119,19.6818144849991
22637,22641,2019,,2019/05/02,"09:45:00",COLISIÓN POR INVASIÓN DE CARRIL,ASFALTO,Bueno,Bueno,2,CHEVROLET,GRIS,1,MINISTERIO PÚBLICO,47,MASCULINO,SIN DATOS,0,0,Morelia,Enrique Ramirez,mayo,jueves,10,-101.166016211543,19.7096478904883
22638,22642,2019,,2019/05/02,"09:45:00",COLISIÓN POR CORTE DE CIRCULACIÓN,ASFALTO,Bueno,Bueno,2,ITALIKA,BLANCO,2,,19,MASCULINO,SIN DATOS,0,0,Morelia,Solidaridad,mayo,jueves,10,-101.20584654,19.7357084299991
22641,22645,2019,,2019/05/02,11:36:00,COLISIÓN POR CAMBIO DE CARRIL,ASFALTO,Bueno,Bueno,2,NISSAN,BLANCO Y MORADO,2,,24,MASCULINO,SIN DATOS,0,0,Morelia,Union Popular Solidaria,mayo,jueves,12,-101.220220133013,19.7056458409566
22642,22646,2019,,2019/05/02,12:10:00,COLISIÓN POR ALCANCE,ASFALTO,Bueno,Bueno,2,FORD,GRIS,2,,,MASCULINO,SIN DATOS,0,0,Morelia,Fray Antonio de Lisboa,mayo,jueves,12,-101.145349984321,19.6939540219742
22644,22648,2019,MOR190341019,2019/05/02,12:30:00,COLISIÓN POR CAMBIO DE CARRIL,ASFALTO,Bueno,Bueno,2,FREIGHTLINER,BLANCO,2,,50,MASCULINO,SIN DATOS,0,0,Morelia,Jardines de Sindurio,mayo,jueves,13,-101.25724950047,19.6993034103532
22645,22649,2019,,2019/05/02,13:10:00,COLISIÓN CONTRA OBJETO FIJO,ASFALTO,Bueno,Bueno,2,FREIGHTLINER,BLANCO,1,,47,MASCULINO,SIN DATOS,0,0,Morelia,Ocolusen Iii,mayo,jueves,13,-101.152424577973,19.6851388744544
22646,22650,2019,MOR 190341232,2019/05/02,13:15:00,COLISIÓN POR CAMBIO DE CARRIL,ASFALTO,Bueno,Bueno,2,AUDI,GRIS,2,,,FEMENINO,SIN DATOS,0,0,Morelia,Lomas de San Juan,mayo,jueves,13,-101.183039681886,19.7298664251429
22647,22651,2019,,2019/05/02,14:00:00,SALIDA DE SUPERFICIE DE RODAMIENTO,ASFALTO,Bueno,Bueno,1,HONDA,ARENA,1,,27,MASCULINO,SIN DATOS,0,0,Santa Ana Maya,Sin datos,mayo,jueves,14,-101.03258382529,20.0167554832451
22648,22652,2019,,2019/05/02,14:00:00,COLISIÓN POR ALCANCE,ASFALTO,Bueno,Regular,2,CHEVROLET,BLANCO,2,,31,FEMENINO,SIN DATOS,0,0,Morelia,Sin datos,mayo,jueves,14,-101.14566457,19.7028765899991
22650,22654,2019,,2019/05/02,16:00:00,COLISIÓN POR ALCANCE,ASFALTO,Bueno,Bueno,2,NISSAN,BLANCO/GRIS,4,MINISTERIO PÚBLICO,26,FEMENINO,SIN DATOS,2,0,Lázaro Cárdenas,Centro,mayo,jueves,16,-102.191852,17.955388
22651,22655,2019,,2019/05/02,16:30:00,COLISIÓN POR CORTE DE CIRCULACIÓN,ASFALTO,Bueno,Bueno,2,CHEVROLET,BLANCO,2,,30,MASCULINO,SIN DATOS,0,0,Morelia,Torreon Nuevo,mayo,jueves,17,-101.20358663,19.7462449699991
22652,22656,2019,MOR 190341734,2019/05/02,16:50:00,COLISIÓN POR CAMBIO DE CARRIL,CONCRETO,Bueno,Bueno,2,NISSAN,BLANCO,2,MINISTERIO PÚBLICO,51,MASCULINO,SIN DATOS,0,0,Morelia,Sin datos,mayo,jueves,17,-101.279042959213,19.6273574325535
22653,22657,2019,,2019/05/02,17:30:00,COLISIÓN POR INVASIÓN DE CARRIL,ASFALTO,Bueno,Regular,2,FORD,NEGRO,2,MINISTERIO PÚBLICO,45,MASCULINO,ALIENTO ETÍLICO,0,0,Acuitzio,Sin datos,mayo,jueves,18,-101.331725232303,19.464177763062
22654,22658,2019,,2019/05/02,19:55:00,COLISIÓN POR CORTE DE CIRCULACIÓN,ASFALTO,Bueno,Bueno,2,TOYOTA,BLANCO/VERDE,1,,50,MASCULINO,SIN DATOS,0,0,Hidalgo,Centro,mayo,jueves,20,-100.553271,19.691029
22655,22659,2019,,2019/05/02,20:30:00,COLISIÓN POR ALCANCE,ASFALTO,Bueno,Malo,2,CHRYSLER,GRIS,2,MINISTERIO PÚBLICO,42,MASCULINO,SIN DATOS,0,0,Puruándiro,Sin datos,mayo,jueves,21,-101.472862064838,20.0913040370209
22656,22660,2019,,2019/05/02,21:00:00,COLISIÓN POR CORTE DE CIRCULACIÓN,ASFALTO,Bueno,Bueno,2,CHEVROLET,BLANCO,2,,40,MASCULINO,SIN DATOS,0,0,Morelia,Ventura Puente,mayo,jueves,21,-101.18173149,19.6897119749991
22657,22661,2019,,2019/05/02,21:15:00,COLISIÓN POR CORTE DE CIRCULACIÓN,ASFALTO,Bueno,Bueno,2,TRUCKCABS,BLANCO,2,,46,MASCULINO,SIN DATOS,0,0,Coalcomán de Vázquez Pallares,Centro,mayo,jueves,21,-103.15798971802,18.7739377447784
22658,22662,2019,MOR190343120,2019/05/03,"01:05:00",VOLCADURA,CONCRETO,Bueno,Bueno,1,SEAT,BLANCO,1,,30,MASCULINO,ALIENTO ETÍLICO,0,0,Morelia,Industrial,mayo,viernes,1,-101.196189005906,19.710209818625
22659,22663,2019,MOR 190343208,2019/05/03,"04:00:00",COLISIÓN POR CAMBIO DE CARRIL,ASFALTO,Bueno,Bueno,5,INTERNATIONAL,BLANCO,2,,51,MASCULINO,SIN DATOS,0,0,Morelia,Ana Maria Gallaga (Riviera Norte),mayo,viernes,4,-101.219619959593,19.6768292999957
22662,22666,2019,MOR190343448.,2019/05/03,"08:44:00",COLISIÓN POR ALCANCE,ASFALTO,Bueno,Bueno,2,CHRYSLER,BLANCO,2,,32,MASCULINO,SIN DATOS,0,0,Morelia,Primo Tapia,mayo,viernes,9,-101.215647608042,19.7136736792409
22663,22667,2019,"190343550",2019/05/03,10:45:00,COLISIÓN POR INVASIÓN DE CARRIL,ASFALTO,Bueno,Bueno,2,CHEVROLET,BLANCO,1,,38,FEMENINO,SIN DATOS,0,0,Morelia,Sin datos,mayo,viernes,11,-101.116758920252,19.688377758112
22664,22668,2019,,2019/05/03,14:00:00,COLISIÓN POR CORTE DE CIRCULACIÓN,SIN_DATOS,Bueno,Bueno,2,CHEVROLET,ROJO,1,,32,MASCULINO,SIN DATOS,0,0,Morelia,Lomas del Tecnologico,mayo,viernes,14,-101.190961897373,19.7211765553447
22665,22669,2019,MOR190344240,2019/05/03,14:10:00,COLISIÓN POR CORTE DE CIRCULACIÓN,ASFALTO,Bueno,Bueno,2,TOYOTA,ARENA,2,,45,MASCULINO,SIN DATOS,0,0,Morelia,Cuauhtemoc,mayo,viernes,14,-101.18116311729,19.6938871481186
22666,22670,2019,,2019/05/03,14:44:00,COLISIÓN POR CORTE DE CIRCULACIÓN,ASFALTO,Bueno,Bueno,2,chevrolet,rojo,2,,25,FEMENINO,SIN DATOS,0,0,Morelia,Nueva Chapultepec,mayo,viernes,15,-101.174326166511,19.6880131524747
22667,22671,2019,,2019/05/03,15:10:00,COLISIÓN POR CAMBIO DE CARRIL,ASFALTO,Bueno,Bueno,2,FREIGHTLINER,BLANCO,2,,41,MASCULINO,SIN DATOS,0,0,Morelia,La Quemada,mayo,viernes,15,-101.238353177905,19.6879329706907
22668,22672,2019,,2019/05/03,16:00:00,COLISIÓN POR ALCANCE,ASFALTO,Bueno,Bueno,2,FORD,BLANCA,2,,54,MASCULINO,SIN DATOS,0,0,Zamora,Centro,mayo,viernes,16,-102.283451833139,19.9846182608366
22669,22673,2019,,2019/05/03,17:20:00,COLISIÓN POR CAMBIO DE CARRIL,ASFALTO,Bueno,Bueno,2,MERCEDES BENZ,ROJO,2,,35,MASCULINO,SIN DATOS,0,0,Morelia,Francisco J Mujica,mayo,viernes,17,-101.185528077185,19.7240448005945
22670,22674,2019,MOR1900344474,2019/05/03,18:24:00,COLISIÓN POR ALCANCE,ASFALTO,Bueno,Bueno,3,CHRYSLER,DORADO,3,,37,MASCULINO,SIN DATOS,0,0,Morelia,Felix Ireta,mayo,viernes,18,-101.195666156709,19.6814927270841
22671,22675,2019,MOR190345369,2019/05/03,19:45:00,COLISIÓN POR CORTE DE CIRCULACIÓN,ASFALTO,Bueno,Bueno,2,FORD,BLANCO,1,,39,MASCULINO,SIN DATOS,0,0,Morelia,Felix Ireta,mayo,viernes,20,-101.192213818431,19.6823570814757
22672,22676,2019,,2019/05/03,19:55:00,COLISIÓN POR CAMBIO DE CARRIL,ASFALTO,Bueno,Bueno,2,CHEVROLET,BLANCO,2,,47,MASCULINO,SIN DATOS,0,0,Morelia,La Quemada,mayo,viernes,20,-101.238342784345,19.6879086636066
22673,22677,2019,,2019/05/03,21:20:00,COLISIÓN POR CORTE DE CIRCULACIÓN,ADOQUIN_EMPEDRADO,Bueno,Bueno,2,BICICLETA,ROJO,2,,24,MASCULINO,SIN DATOS,0,0,Cuitzeo,Centro,mayo,viernes,21,-101.14138931036,19.9692189028798
22674,22678,2019,,2019/05/03,21:30:00,COLISIÓN CONTRA OBJETO FIJO,ASFALTO,Bueno,Bueno,1,CHEVROLET,BLANCO,1,,38,MASCULINO,SIN DATOS,0,0,Tarímbaro,Cuto del Porvenir,mayo,viernes,22,-101.141656860709,19.8755865961441
22675,22679,2019,,2019/05/03,22:00:00,COLISIÓN POR CAMBIO DE CARRIL,ASFALTO,Bueno,Bueno,2,Chevrolet,GRIS,0,,,,,0,0,Morelia,Tzindurio Norte,mayo,viernes,22,-101.246903389692,19.7043848632242
22676,22680,2019,,2019/05/03,23:00:00,COLISIÓN POR CAMBIO DE CARRIL,CONCRETO,Bueno,Regular,2,MERCEDES BENZ,BLANCO Y ROSA,2,,39,FEMENINO,SIN DATOS,0,0,Morelia,Infonavit Cepamisa,mayo,viernes,23,-101.216876395047,19.6980819607384
22677,22681,2019,MOR190346108,2019/05/04,"00:15:00",SALIDA DE SUPERFICIE DE RODAMIENTO,ASFALTO,Bueno,Bueno,1,VOLKSWAGEN,AZUL,1,,28,MASCULINO,SIN DATOS,0,0,Morelia,3 de Agosto,mayo,sábado,0,-101.172767467797,19.7318832931897
22678,22682,2019,,2019/05/04,"01:30:00",COLISIÓN CONTRA OBJETO FIJO,CONCRETO,Bueno,Bueno,1,VOLKSWAGEN,ROJO,0,,,,,0,0,La Piedad,Obrera,mayo,sábado,2,-102.034476399422,20.3529472287059
22679,22683,2019,,2019/05/04,"01:48:00",COLISIÓN CONTRA OBJETO FIJO,ASFALTO,Bueno,Bueno,1,CHEVROLET,ROJO,0,MINISTERIO PÚBLICO,,,,0,0,Morelia,Rector Diaz Rubio,mayo,sábado,2,-101.199095360935,19.6687295402818
22680,22684,2019,,2019/05/04,"02:20:00",CAIDA DE MOTOCICLETA,ASFALTO,Bueno,Bueno,1,ItaliKa,Rojo,1,,,,,1,0,Morelia,Elias Perez Avalos,mayo,sábado,2,-101.165241290163,19.7106135210486
22681,22685,2019,,2019/05/04,"03:30:00",CAIDA ACUATICA DE VEHÍCULO,ASFALTO,Bueno,Bueno,1,Chevrolet,Gris,1,,0,MASCULINO,SIN DATOS,0,0,Tarímbaro,Sin datos,mayo,sábado,4,-101.14360794735,19.7712124623936
22682,22686,2019,MOR190346390,2019/05/04,"04:00:00",COLISIÓN CONTRA OBJETO FIJO,ASFALTO,Bueno,Bueno,1,VOLKSWAGEN,GRIS,2,,30,FEMENINO,SIN DATOS,1,0,Morelia,La Colina,mayo,sábado,4,-101.216277256608,19.7116628157945
22683,22687,2019,,2019/05/04,"06:10:00",VOLCADURA,ASFALTO,Bueno,Bueno,1,VOLKSWAGEN,NEGRO,0,MINISTERIO PÚBLICO,,,,0,0,Gabriel Zamora,Sin datos,mayo,sábado,6,-102.061586994678,19.0676386714373
22684,22688,2019,MOR 190 346523,2019/05/04,"07:35:00",VOLCADURA,ASFALTO,Bueno,Bueno,1,NISSAN,ROJO,1,,25,MASCULINO,ALIENTO ETÍLICO,0,0,Morelia,Sentimientos de La Nacion,mayo,sábado,8,-101.235221028328,19.6810936955796
22685,22689,2019,MOR190346560,2019/05/04,"07:55:00",SUBIDA AL CAMELLÓN,ASFALTO,Bueno,Bueno,1,VOLKSWAGUEN,CAFE,1,,21,MASCULINO,SIN DATOS,0,0,Morelia,Los Laureles,mayo,sábado,8,-101.231219507754,19.7149380704616
22686,22690,2019,MOR 190346617,2019/05/04,"08:30:00",COLISIÓN POR CORTE DE CIRCULACIÓN,CONCRETO,Bueno,Bueno,1,FORD,NEGRO,1,,20,MASCULINO,SIN DATOS,0,0,Morelia,Fidel Velazquez,mayo,sábado,9,-101.239942722023,19.705993061053
22687,22691,2019,MOR 190346826,2019/05/04,11:00:00,COLISIÓN POR INVASIÓN DE CARRIL,ASFALTO,Bueno,Regular,2,ITALIKA,BLANCO Y VERDE,2,,30,MASCULINO,SIN DATOS,0,0,Morelia,Ignacio Lopez Rayon,mayo,sábado,11,-101.252570562065,19.6912592183035
22688,22692,2019,,2019/05/04,12:20:00,COLISIÓN CON PEATÓN,CONCRETO,Bueno,Bueno,1,SUZUKI,NEGRO,2,,29,MASCULINO,SIN DATOS,1,0,Morelia,Centro,mayo,sábado,12,-101.193550899625,19.696133717696
22689,22693,2019,.MOR190344131,2019/05/04,14:00:00,COLISIÓN POR CORTE DE CIRCULACIÓN,ASFALTO,Bueno,Bueno,2,ELGIN PELICAMN,BLANCO,2,MINISTERIO PÚBLICO,49,MASCULINO,SIN DATOS,0,0,Morelia,Vasco de Quiroga,mayo,sábado,14,-101.17815669626,19.6990305053525