fid,id_accidente,anio_origen,folio_c5i,dia_incidente,hora_ocurrencia,tipo_incidente_vial,superficie_ocurrencia,condiciones_climaticas,condiciones_via,numero_vehiculos_involucrados,marca_vehiculo_ocasiona_siniestro,color_vehiculo_ocasiona_siniestro,numero_personas_involucradas,lugar_remite_presunto_responsable,edad_presunto_responsable,sexo_presunto_responsable,resultados_toxicologia,numero_personas_lesionadas,numero_personas_fallecidas,municipio,colonia,mes,dia_semana,hora_redondeada,lon,lat
22690,22694,2019,,2019/05/04,14:30:00,CAIDA DE MOTOCICLETA,SIN_DATOS,Bueno,Bueno,1,Italika,negro y Amarillo,1,,0,MASCULINO,SIN DATOS,0,0,Morelia,Ferrocarrilero,mayo,sábado,15,-101.215036064386,19.6996955880234
22691,22695,2019,,2019/05/04,15:00:00,COLISIÓN POR CAMBIO DE CARRIL,ASFALTO,Bueno,Bueno,2,MERCEDES BENZ,BLANCO,2,,45,MASCULINO,SIN DATOS,0,0,Morelia,Pascual Ortiz de Ayala,mayo,sábado,15,-101.150814592838,19.6948470814533
22692,22696,2019,MOR 190  347958,2019/05/04,16:35:00,COLISIÓN CONTRA OBJETO FIJO,ASFALTO,Bueno,Bueno,1,CHEVROLET,ROJO,1,,34,MASCULINO,SIN DATOS,0,0,Morelia,Sin datos,mayo,sábado,17,-101.313267946243,19.6871781866541
22693,22697,2019,,2019/05/04,18:00:00,COLISIÓN POR CORTE DE CIRCULACIÓN,ASFALTO,Bueno,Bueno,2,CHEVROLET COLORADO,ARENA,2,,28,FEMENINO,SIN DATOS,0,0,Morelia,Sin datos,mayo,sábado,18,-101.378858350217,19.5519738827859
22694,22698,2019,MOR190348666,2019/05/04,21:30:00,SALIDA DE SUPERFICIE DE RODAMIENTO,ASFALTO,Bueno,Bueno,1,CHEVROLET,BLANCO,1,,16,MASCULINO,SIN DATOS,0,0,Morelia,Sin datos,mayo,sábado,22,-101.365402042866,19.5254349716972
22695,22699,2019,,2019/05/04,21:55:00,COLISIÓN CONTRA OBJETO FIJO,ASFALTO,Bueno,Bueno,1,VOLKSWAGEN,ROJO,1,,29,MASCULINO,SIN DATOS,0,0,Morelia,Bosques Tres Marias,mayo,sábado,22,-101.105248890817,19.729262299588
22696,22700,2019,MOR190345681,2019/05/04,22:00:00,COLISIÓN POR ALCANCE,ASFALTO,Bueno,Bueno,3,CHEVROLET,BLANCO,3,,25,MASCULINO,ALIENTO ETÍLICO,0,0,Morelia,Los Angeles,mayo,sábado,22,-101.177649758756,19.7395090196115
22697,22701,2019,,2019/05/04,23:00:00,COLISIÓN POR CORTE DE CIRCULACIÓN,ASFALTO,Bueno,Bueno,2,NISSAN,AZUL,2,,60,MASCULINO,SIN DATOS,0,0,Peribán,Sin datos,mayo,sábado,23,-102.456752322614,19.5612440316408
22698,22702,2019,,2019/05/04,23:00:00,COLISIÓN POR INVASIÓN DE CARRIL,CONCRETO,Bueno,Bueno,2,DODGE,BLANCO,2,,0,MASCULINO,ALIENTO ETÍLICO,0,0,Pátzcuaro,General Manuel Garcia Pueblita,mayo,sábado,23,-101.602103190309,19.5123519502803
22699,22703,2019,,2019/05/04,23:00:00,SUBIDA AL CAMELLÓN,ASFALTO,Bueno,Bueno,1,GENERAL MOTORS,BLANCO,1,,36,FEMENINO,SIN DATOS,0,0,Morelia,Montaña Monarca,mayo,sábado,23,-101.164457648993,19.6656503497848
22700,22704,2019,MOR190349039,2019/05/04,23:20:00,COLISIÓN CONTRA OBJETO FIJO,CONCRETO,Bueno,Bueno,2,CHEVROLET,VERDE,2,,36,MASCULINO,ALIENTO ETÍLICO,0,0,Morelia,Felicitas del Rio,mayo,sábado,23,-101.200300678611,19.6923148147549
22701,22705,2019,,2019/05/05,"00:00:00",COLISIÓN POR CORTE DE CIRCULACIÓN,ASFALTO,Bueno,Bueno,2,FORD,VERDE,1,MINISTERIO PÚBLICO,0,,SIN DATOS,0,0,Zamora,Centro,mayo,domingo,0,-102.28268,19.984936
22702,22706,2019,,2019/05/05,"00:55:00",COLISIÓN POR CAMBIO DE CARRIL,ASFALTO,Bueno,Bueno,2,CHEVROLET,GRIS,2,,45,MASCULINO,SIN DATOS,0,0,Morelia,Ignacio Allende,mayo,domingo,1,-101.280065886676,19.6870298179808
22703,22707,2019,,2019/05/05,"01:30:00",VOLCADURA,ASFALTO,Bueno,Bueno,1,NISSAN,BLANCO,0,,,,,0,0,Huetamo,Sin datos,mayo,domingo,2,-100.914092548192,18.6204912829091
22704,22708,2019,,2019/05/05,"01:40:00",SALIDA DE SUPERFICIE DE RODAMIENTO,ASFALTO,Bueno,Bueno,1,ford,amarillo,0,,,,,0,0,Tarímbaro,Sin datos,mayo,domingo,2,-101.092965044081,19.8100521054839
22705,22709,2019,MOR190349333,2019/05/05,"02:00:00",COLISIÓN POR ALCANCE,CONCRETO,Bueno,Bueno,6,ACURA,NEGRO,6,MINISTERIO PÚBLICO,19,MASCULINO,ALIENTO ETÍLICO,0,0,Morelia,Camelinas,mayo,domingo,2,-101.171770691872,19.6820041425907
22706,22710,2019,,2019/05/05,"02:50:00",SALIDA DE SUPERFICIE DE RODAMIENTO,ASFALTO,Bueno,Bueno,1,TOYOTA,GRIS,0,,,,,0,0,Erongarícuaro,Sin datos,mayo,domingo,3,-101.742161549628,19.6036868067136
22707,22711,2019,,2019/05/05,"06:00:00",COLISIÓN POR CORTE DE CIRCULACIÓN,CONCRETO,Bueno,Bueno,2,CHEVROLET,AZUL,2,MINISTERIO PÚBLICO,29,MASCULINO,ALIENTO ETÍLICO,0,0,Morelia,La Loma,mayo,domingo,6,-101.178824231029,19.6815198763434
22708,22712,2019,,2019/05/05,"06:10:00",COLISIÓN CONTRA OBJETO FIJO,CONCRETO,Bueno,Bueno,1,DODGE,AZUL,1,,0,FEMENINO,SIN DATOS,0,0,Morelia,Coto del Alce,mayo,domingo,6,-101.164239048958,19.6520400173406
22709,22713,2019,,2019/05/05,"07:50:00",COLISIÓN CONTRA OBJETO FIJO,CONCRETO,Bueno,Bueno,1,BMW,BLANCO,0,,,,,0,0,Morelia,Campestre Los Manantiales,mayo,domingo,8,-101.237099769831,19.6927945472014
22710,22714,2019,MOR190349701,2019/05/05,"09:30:00",COLISIÓN CONTRA OBJETO FIJO,ASFALTO,Bueno,Bueno,3,HONDA,BLANCO,3,,20,MASCULINO,ALIENTO ETÍLICO,0,0,Morelia,Carlos Salazar,mayo,domingo,10,-101.209658559066,19.7124165765648
22711,22715,2019,MOR190350204,2019/05/05,13:12:00,SALIDA DE SUPERFICIE DE RODAMIENTO,TERRACERIA,Bueno,Regular,1,FORD,VERDE  Y BLANCO,1,,20,MASCULINO,SIN DATOS,0,0,Morelia,Sin datos,mayo,domingo,13,-101.243892945349,19.7894635974007
22712,22716,2019,,2019/05/05,13:30:00,VOLCADURA,ASFALTO,Bueno,Bueno,1,FORD,ROJO,1,,19,MASCULINO,SIN DATOS,0,0,Puruándiro,Sin datos,mayo,domingo,14,-101.413759253919,20.2171693111354
22713,22717,2019,MOR 190348345,2019/05/05,13:30:00,COLISIÓN POR CAMBIO DE CARRIL,ASFALTO,Bueno,Bueno,2,CHEVROLET,BLANCO,2,,40,FEMENINO,SIN DATOS,0,0,Morelia,Francisco J Mujica,mayo,domingo,14,-101.185538470745,19.724037226071
22714,22718,2019,,2019/05/05,14:22:00,COLISIÓN POR CAMBIO DE CARRIL,ASFALTO,Bueno,Bueno,2,INTERNACIONAL,BLANCO Y AZUL,2,,41,MASCULINO,SIN DATOS,0,0,Morelia,Morelos,mayo,domingo,14,-101.207813881338,19.7008167842558
22716,22720,2019,MOR 190335230,2019/05/05,15:00:00,COLISIÓN CON PEATÓN,ASFALTO,Bueno,Bueno,1,ITALIKA,GRAFITO,1,,25,MASCULINO,SIN DATOS,0,0,Morelia,Lomas del Punhuato,mayo,domingo,15,-101.14610530436,19.6982192712053
22717,22721,2019,,2019/05/05,15:00:00,COLISIÓN POR CORTE DE CIRCULACIÓN,ASFALTO,Bueno,Bueno,2,BAJAJ,RONO Y NEGRO,2,,19,MASCULINO,SIN DATOS,0,0,Morelia,El Lago 1,mayo,domingo,15,-101.21445402503,19.727528727756
22719,22723,2019,"190349166",2019/05/05,19:20:00,COLISIÓN POR CORTE DE CIRCULACIÓN,ASFALTO,Bueno,Bueno,2,FORD,ROJA,2,,29,MASCULINO,SIN DATOS,0,0,Morelia,Santiaguito,mayo,domingo,19,-101.188740022481,19.7172730332582
22720,22724,2019,,2019/05/05,19:24:00,COLISIÓN POR CORTE DE CIRCULACIÓN,ASFALTO,Bueno,Bueno,2,NISSAN,GUINDA,2,,23,MASCULINO,SIN DATOS,0,0,Morelia,Leandro Valle,mayo,domingo,19,-101.230563372374,19.720770994947
22721,22725,2019,,2019/05/05,19:30:00,COLISIÓN CONTRA OBJETO FIJO,ASFALTO,Bueno,Bueno,1,SMART,ROJO,1,,0,,SIN DATOS,0,0,Morelia,Cumbres de Morelia,mayo,domingo,20,-101.140512898564,19.6912544832559
22722,22726,2019,MOR 190351358,2019/05/05,19:44:00,SUBIDA AL CAMELLÓN,ASFALTO,Bueno,Bueno,1,ITALIKA,ROJO,0,,,,,0,0,Morelia,Felix Ireta,mayo,domingo,20,-101.19566783309,19.6814939898405
22723,22727,2019,MOR 190349172,2019/05/05,21:35:00,COLISIÓN POR CORTE DE CIRCULACIÓN,ASFALTO,Bueno,Regular,1,NISSAN,AZUL Y BLANCO,1,,0,,SIN DATOS,0,0,Morelia,El Lago 2,mayo,domingo,22,-101.217297501862,19.7262887373849
22724,22728,2019,MOR190351766,2019/05/05,21:50:00,COLISIÓN POR ALCANCE,CONCRETO,Bueno,Bueno,2,YAMAHA,BLANCO,2,,23,MASCULINO,SIN DATOS,0,0,Morelia,Arboledas de Valladolid,mayo,domingo,22,-101.250324212015,19.6957735489757
22725,22729,2019,,2019/05/05,22:20:00,COLISIÓN POR INVASIÓN DE CARRIL,ASFALTO,Bueno,Bueno,2,VOLKSWAGEN,ROJO,0,,,,,0,0,Queréndaro,Sin Nombre,mayo,domingo,22,-100.901168659329,19.8036754605685
22726,22730,2019,,2019/05/05,22:30:00,VOLCADURA,ASFALTO,Bueno,Bueno,1,CHEVROLET,GUINDA,1,,38,MASCULINO,SIN DATOS,0,0,Cuitzeo,Sin datos,mayo,domingo,23,-101.150116880762,20.0568364151872
22727,22731,2019,MOR190349052,2019/05/05,23:15:00,COLISIÓN POR CORTE DE CIRCULACIÓN,ASFALTO,Bueno,Bueno,1,CHEVROLET,AZUL,1,,0,,SIN DATOS,0,0,Morelia,Lomas del Tecnologico,mayo,domingo,23,-101.188400387764,19.7212040134822
22728,22732,2019,MOR190352251,2019/05/06,"02:30:00",COLISIÓN CONTRA OBJETO FIJO,ASFALTO,Bueno,Bueno,1,HONDA,GRIS,1,,25,MASCULINO,CON CERTIFICADO,0,0,Morelia,Carlos Salazar,mayo,lunes,3,-101.210004910827,19.7120611398354
22729,22733,2019,,2019/05/06,"07:30:00",COLISIÓN POR INVASIÓN DE CARRIL,ASFALTO,Bueno,Bueno,2,NISSAN,BLANCO Y ROJO,2,,55,MASCULINO,SIN DATOS,0,0,Morelia,Carlos Salazar,mayo,lunes,8,-101.209658559066,19.7124165765648
22730,22734,2019,MOR 190352343,2019/05/06,"07:30:00",COLISIÓN POR INVASIÓN DE CARRIL,ASFALTO,Bueno,Bueno,2,DODGE,NEGRO,2,,29,MASCULINO,SIN DATOS,0,0,Morelia,Sin datos,mayo,lunes,8,-101.279683336616,19.653022619281
22731,22735,2019,,2019/05/06,"07:40:00",COLISIÓN POR CORTE DE CIRCULACIÓN,SIN_DATOS,Bueno,Bueno,2,Dodge,negro,2,,,,SIN DATOS,0,0,Morelia,Sin datos,mayo,lunes,8,-101.278467960656,19.6434438882787
22732,22736,2019,,2019/05/06,"07:50:00",COLISIÓN POR ALCANCE,ASFALTO,Bueno,Bueno,2,DINA,BLANCO,5,,26,MASCULINO,SIN DATOS,3,0,Salvador Escalante,Sin datos,mayo,lunes,8,-101.646162606776,19.376858473043
22733,22737,2019,,2019/05/06,"08:20:00",COLISIÓN CONTRA OBJETO FIJO,ASFALTO,Bueno,Bueno,1,MERCEDES BENZ,BLANCO/VERDE,18,MINISTERIO PÚBLICO,,,,18,0,Morelia,Sin datos,mayo,lunes,8,-101.243495643139,19.6547806786876
22735,22739,2019,,2019/05/06,10:00:00,COLISIÓN POR CORTE DE CIRCULACIÓN,ASFALTO,Bueno,Bueno,2,CHEVROLET CHEVY,VERDE,2,,29,MASCULINO,SIN DATOS,0,0,Morelia,Tres Puentes,mayo,lunes,10,-101.211827471852,19.709070528999
22737,22741,2019,,2019/05/06,10:10:00,COLISIÓN POR ALCANCE,ASFALTO,Bueno,Bueno,2,CHEVROLET,BLANCO,2,,38,,SIN DATOS,0,0,Morelia,Ana Maria Gallaga (Riviera Norte),mayo,lunes,10,-101.223973184824,19.6766537716571
22738,22742,2019,,2019/05/06,11:00:00,CAIDA DE MOTOCICLETA,ASFALTO,Bueno,Bueno,1,ITALIKA,ROJO Y  NEGRO,1,,18,MASCULINO,SIN DATOS,0,0,Morelia,Insurgentes,mayo,lunes,11,-101.155416805,19.6953315299991
22739,22743,2019,MOR190353223,2019/05/06,12:45:00,COLISIÓN POR ALCANCE,ASFALTO,Bueno,Bueno,2,VOLKSWAGEN,VERDE  Y AMARILLO,2,,36,MASCULINO,SIN DATOS,0,0,Morelia,Los Angeles,mayo,lunes,13,-101.172693695,19.7488773499992
22740,22744,2019,MOR190353297,2019/05/06,13:40:00,COLISIÓN POR ALCANCE,ASFALTO,Bueno,Bueno,2,ITALIKA,NARANJA Y NEGRO,1,MINISTERIO PÚBLICO,,,,1,0,Morelia,Lomas de San Juan,mayo,lunes,14,-101.183039681886,19.7298664251429
22741,22745,2019,,2019/05/06,14:00:00,COLISIÓN POR CORTE DE CIRCULACIÓN,ASFALTO,Bueno,Bueno,2,NISSAN,ROJO,2,MINISTERIO PÚBLICO,58,MASCULINO,SIN DATOS,0,0,Morelia,Centro,mayo,lunes,14,-101.17789641,19.7013360799991
22742,22746,2019,"23833",2019/05/06,14:30:00,COLISIÓN POR ALCANCE,ASFALTO,Bueno,Bueno,2,NISSAN,BLANCO,2,,24,MASCULINO,SIN DATOS,0,0,Zitácuaro,Sin datos,mayo,lunes,15,-100.343848541379,19.463005920155
22743,22747,2019,,2019/05/06,15:30:00,COLISIÓN POR CAMBIO DE CARRIL,SIN_DATOS,Bueno,Bueno,2,NISSAN,BLANCO,2,MINISTERIO PÚBLICO,34,FEMENINO,SIN DATOS,0,0,Lázaro Cárdenas,1Er Sect de Fidelac,mayo,lunes,16,-102.198855914176,17.9625852415682
22744,22748,2019,,2019/05/06,15:35:00,COLISIÓN POR CAMBIO DE CARRIL,ASFALTO,Bueno,Bueno,2,KENWORTH,NEGRO,2,,58,MASCULINO,SIN DATOS,0,0,Morelia,Centro,mayo,lunes,16,-101.18754847,19.7028479949991
22746,22750,2019,,2019/05/06,18:30:00,COLISIÓN POR MANIOBRA DE REVERSA,ASFALTO,Bueno,Bueno,1,VOLKSWAGEN,NEGRO,3,,29,MASCULINO,SIN DATOS,2,0,Queréndaro,Centro,mayo,lunes,19,-100.884272754192,19.8079279524817
22747,22751,2019,MOR 190354367,2019/05/06,19:05:00,COLISIÓN POR ALCANCE,ASFALTO,Bueno,Bueno,2,NISSAN,BLANCO Y NEGRO,2,,62,MASCULINO,SIN DATOS,0,0,Tarímbaro,Sin datos,mayo,lunes,19,-101.088069677353,19.7952266039176
22748,22752,2019,,2019/05/06,19:35:00,COLISIÓN CONTRA OBJETO FIJO,ASFALTO,Bueno,Bueno,1,CHEVROLET,GRIS,1,,39,MASCULINO,SIN DATOS,0,0,Zitácuaro,Sin datos,mayo,lunes,20,-100.398553,19.42657
22749,22753,2019,,2019/05/06,22:00:00,COLISIÓN POR CORTE DE CIRCULACIÓN,ASFALTO,Bueno,Bueno,2,FORD,NEGRO,2,,68,MASCULINO,SIN DATOS,0,0,Morelia,Industrial,mayo,lunes,22,-101.197437755764,19.7128729350469
22750,22754,2019,,2019/05/07,"00:00:00",COLISIÓN POR CORTE DE CIRCULACIÓN,ADOQUIN_EMPEDRADO,Bueno,Bueno,2,MERCEDES BENZ,BLANCO,2,,36,MASCULINO,SIN DATOS,0,0,Cuitzeo,Centro,mayo,martes,0,-101.140986643732,19.9711871180098
22753,22757,2019,,2019/05/07,"09:10:00",SUBIDA AL CAMELLÓN,ASFALTO,Bueno,Bueno,1,NISSAN,NEGRO,1,,,MASCULINO,ALIENTO ETÍLICO,0,0,Morelia,Centro,mayo,martes,9,-101.18754847,19.7028479949991
22754,22758,2019,,2019/05/07,"09:15:00",COLISIÓN POR ALCANCE,CONCRETO,Bueno,Bueno,3,NISSAN,BLANCO,3,,28,MASCULINO,SIN DATOS,0,0,Morelia,Ferrocarrilero,mayo,martes,9,-101.223609235,19.6918737849991
22755,22759,2019,,2019/05/07,11:50:00,COLISIÓN CONTRA OBJETO FIJO,ASFALTO,Bueno,Bueno,2,FORD,VERDE,2,MINISTERIO PÚBLICO,25,MASCULINO,SIN DATOS,0,0,Zitácuaro,Sin datos,mayo,martes,12,-100.335276536644,19.4783274055766
22756,22760,2019,MOR190356038,2019/05/07,11:50:00,COLISIÓN POR CORTE DE CIRCULACIÓN,CONCRETO,Bueno,Bueno,2,TOYOTA,GRIS,2,,48,MASCULINO,SIN DATOS,0,0,Morelia,Camelinas,mayo,martes,12,-101.17262119,19.6818144849991
22760,22764,2019,MOR 190356046,2019/05/07,12:15:00,COLISIÓN POR CORTE DE CIRCULACIÓN,ASFALTO,Bueno,Bueno,2,HONDA,ROJO,1,,30,MASCULINO,SIN DATOS,0,0,Morelia,San Jose del Cerrito,mayo,martes,12,-101.222373722911,19.6615895379848
22761,22765,2019,,2019/05/07,13:10:00,COLISIÓN POR NO RESPETAR SEMÁFORO,ASFALTO,Bueno,Bueno,2,NISSAN,BLANCO,2,,72,MASCULINO,SIN DATOS,0,0,Morelia,Morelos,mayo,martes,13,-101.20619815,19.7022964949991
22762,22766,2019,,2019/05/07,13:30:00,COLISIÓN POR CORTE DE CIRCULACIÓN,ASFALTO,Bueno,Bueno,2,Nissan,BLANCO Y ORO,2,MINISTERIO PÚBLICO,39,MASCULINO,SIN DATOS,0,0,Morelia,Del Empleado,mayo,martes,14,-101.18002517,19.6886070099991
22763,22767,2019,,2019/05/07,14:45:00,COLISIÓN POR CAMBIO DE CARRIL,ASFALTO,Bueno,Bueno,2,VOLKSWAGEN,GRIS,2,,72,FEMENINO,SIN DATOS,0,0,Morelia,Chapultepec Oriente,mayo,martes,15,-101.16361519,19.6958527949992
22764,22768,2019,"190356679",2019/05/07,15:30:00,COLISIÓN POR CORTE DE CIRCULACIÓN,ASFALTO,Bueno,Bueno,2,KIA,GRIS,2,,22,MASCULINO,SIN DATOS,0,0,Morelia,Granjas del Maestro,mayo,martes,16,-101.190610395,19.7131013799991
22765,22769,2019,"190356677",2019/05/07,15:36:00,COLISIÓN CONTRA OBJETO FIJO,ASFALTO,Bueno,Bueno,2,CHEVROLET,ROJO Y AZUL,2,,51,MASCULINO,SIN DATOS,0,0,Morelia,Elias Perez Avalos,mayo,martes,16,-101.167813022979,19.7136335493406
22766,22770,2019,,2019/05/07,16:45:00,COLISIÓN POR MANIOBRA DE REVERSA,ASFALTO,Bueno,Bueno,2,INTERNACIONAL,"BLANCO, ROJO Y DORADO",2,,21,MASCULINO,SIN DATOS,0,0,Morelia,Centro,mayo,martes,17,-101.18754847,19.7028479949991
22767,22771,2019,MOR190356046,2019/05/07,16:50:00,COLISIÓN POR INVASIÓN DE CARRIL,CONCRETO,Bueno,Bueno,2,CHEVROLET,NEGRO,1,,,,SIN DATOS,0,0,Morelia,Los Girasoles,mayo,martes,17,-101.21578868,19.6928759449992
22768,22772,2019,,2019/05/07,18:05:00,COLISIÓN POR ALCANCE,CONCRETO,Bueno,Bueno,2,CHEVROLET,GRIS,2,,38,MASCULINO,SIN DATOS,0,0,Morelia,Jardines de Guadalupe,mayo,martes,18,-101.22265436,19.7113394899992
22769,22773,2019,,2019/05/07,18:10:00,COLISIÓN POR ALCANCE,ASFALTO,Bueno,Bueno,2,NISSAN,BLANCO Y ROJO,2,,76,MASCULINO,ALIENTO ETÍLICO,0,0,Morelia,Centro,mayo,martes,18,-101.18754847,19.7028479949991
22770,22774,2019,,2019/05/07,18:50:00,COLISIÓN POR CAMBIO DE CARRIL,ASFALTO,Bueno,Bueno,2,NISSAN,BLANCO Y GRIS,2,,35,MASCULINO,SIN DATOS,0,0,Morelia,Morelos,mayo,martes,19,-101.205986958486,19.6985267542913
22771,22775,2019,,2019/05/07,20:50:00,CAIDA DE MOTOCICLETA,ASFALTO,Bueno,Bueno,1,ITALIKA,ROJO,2,,35,MASCULINO,SIN DATOS,1,0,Peribán,Sin datos,mayo,martes,21,-102.456873692572,19.5686554706575
22773,22777,2019,MOR190358185,2019/05/08,"00:45:00",COLISIÓN CONTRA OBJETO FIJO,ASFALTO,Bueno,Bueno,1,CHEVROLET,ROJO,1,,30,FEMENINO,ALIENTO ETÍLICO,0,0,Morelia,Lomas de Morelia (Dr Ignacio Chavez),mayo,miércoles,1,-101.175452644618,19.7162004988672
22774,22778,2019,,2019/05/08,"01:45:00",COLISIÓN CONTRA OBJETO FIJO,ASFALTO,Bueno,Bueno,1,MAZDA,GRIS GRANITO,1,,38,MASCULINO,SIN DATOS,0,0,Morelia,Centro,mayo,miércoles,2,-101.189268055,19.6999857299991
22775,22779,2019,MOR190358354,2019/05/08,"06:50:00",COLISIÓN POR CORTE DE CIRCULACIÓN,ASFALTO,Bueno,Bueno,2,CHEVROLET,BLANCO,2,,43,MASCULINO,ALIENTO ETÍLICO,0,0,Morelia,Virrey Antonio de Mendoza,mayo,miércoles,7,-101.160937349749,19.707873673805
22776,22780,2019,,2019/05/08,"07:20:00",COLISIÓN POR CAMBIO DE CARRIL,ASFALTO,Bueno,Bueno,2,NISSSAN,PLATA,2,,25,FEMENINO,SIN DATOS,0,0,Morelia,Insurgentes,mayo,miércoles,7,-101.155416805,19.6953315299991
22777,22781,2019,,2019/05/08,"08:05:00",COLISIÓN POR CAMBIO DE CARRIL,ASFALTO,Bueno,Bueno,2,SEAT,BLANCO,2,,26,MASCULINO,SIN DATOS,0,0,Morelia,Camelinas,mayo,miércoles,8,-101.17262119,19.6818144849991
22779,22783,2019,,2019/05/08,"09:22:00",COLISIÓN POR CORTE DE CIRCULACIÓN,ASFALTO,Bueno,Bueno,2,CHEVROLET,AZUL,3,,45,FEMENINO,SIN DATOS,1,0,Morelia,Centro,mayo,miércoles,9,-101.179312185,19.7035132699991
22780,22784,2019,,2019/05/08,11:00:00,COLISIÓN POR CORTE DE CIRCULACIÓN,ASFALTO,Bueno,Bueno,2,BAJAJ,NEGRO,0,MINISTERIO PÚBLICO,,,,0,0,Morelia,Centro,mayo,miércoles,11,-101.18754847,19.7028479949991
22781,22785,2019,,2019/05/08,12:30:00,COLISIÓN POR CAMBIO DE CARRIL,ASFALTO,Bueno,Bueno,2,CHEVROLET,GRIS,2,,34,MASCULINO,SIN DATOS,0,0,Morelia,Prados Verdes,mayo,miércoles,13,-101.19949421,19.7193311949991
22782,22786,2019,MOR190356166,2019/05/08,12:45:00,COLISIÓN POR ALCANCE,ASFALTO,Bueno,Bueno,2,AUDI,BLANCO,2,,28,MASCULINO,SIN DATOS,0,0,Morelia,Centro,mayo,miércoles,13,-101.1904631,19.7026851599992
22783,22787,2019,MOR190359675,2019/05/08,13:35:00,COLISIÓN POR CORTE DE CIRCULACIÓN,ASFALTO,Bueno,Bueno,2,SUZUKI,MORADO,2,,28,MASCULINO,SIN DATOS,0,0,Morelia,Indeco Expropiacion Petrolera,mayo,miércoles,14,-101.227880005,19.6839963449991
22786,22790,2019,MOR190359259,2019/05/08,14:00:00,COLISIÓN POR CORTE DE CIRCULACIÓN,SIN_DATOS,Bueno,Bueno,2,FORD,GRIS,2,MINISTERIO PÚBLICO,,MASCULINO,SIN DATOS,0,0,Morelia,Centro,mayo,miércoles,14,-101.178550645,19.7014827449991
22788,22792,2019,MOR190359490,2019/05/08,14:45:00,COLISIÓN POR MANIOBRA DE REVERSA,ASFALTO,Bueno,Bueno,2,CHEVROLET,BLANCO,2,,43,MASCULINO,SIN DATOS,0,0,Morelia,Emiliano Zapata,mayo,miércoles,15,-101.232768396902,19.6530668887289
22789,22793,2019,,2019/05/08,14:45:00,COLISIÓN CON PEATÓN,CONCRETO,Bueno,Bueno,1,CHEVROLET,ROJO,2,,35,FEMENINO,SIN DATOS,1,0,Morelia,Felix Ireta,mayo,miércoles,15,-101.18546571,19.6869252249992
22791,22795,2019,"190359629",2019/05/08,15:35:00,COLISIÓN POR CORTE DE CIRCULACIÓN,ASFALTO,Bueno,Bueno,3,KENWORTH,ROJO,3,,44,MASCULINO,SIN DATOS,0,0,Morelia,Lazaro Cardenas,mayo,miércoles,16,-101.162058507071,19.7101112773308
22792,22796,2019,MOR190360219,2019/05/08,18:15:00,COLISIÓN CONTRA OBJETO FIJO,ASFALTO,Bueno,Bueno,1,CHEVROLET,BLANCO Y AZUL,1,,,MASCULINO,SIN DATOS,0,0,Morelia,Del Empleado,mayo,miércoles,18,-101.18002517,19.6886070099991
22793,22797,2019,,2019/05/08,18:40:00,COLISIÓN POR ALCANCE,ASFALTO,Bueno,Bueno,1,SUZUK,AZUL/BLANCO,1,,26,MASCULINO,SIN DATOS,0,0,Los Reyes,Sin datos,mayo,miércoles,19,-102.458138018847,19.5728614528951
22796,22800,2019,,2019/05/09,"01:30:00",COLISIÓN CONTRA OBJETO FIJO,CONCRETO,Bueno,Bueno,2,VOLKSWAGEN,ROJO,0,,,,,0,0,Morelia,Gertrudis Sanchez,mayo,jueves,2,-101.208290979266,19.7399524012926
22797,22801,2019,,2019/05/09,"02:40:00",COLISIÓN POR CORTE DE CIRCULACIÓN,ASFALTO,Bueno,Bueno,2,CHEVROLET,GRIS,1,MINISTERIO PÚBLICO,,,,1,0,Morelia,Los Angeles,mayo,jueves,3,-101.17706051,19.7405553549992
22798,22802,2019,,2019/05/09,"02:50:00",COLISIÓN CONTRA OBJETO FIJO,ASFALTO,Bueno,Bueno,1,DODGE,PLATA,1,,36,MASCULINO,ALIENTO ETÍLICO,0,0,Morelia,Cumbres de Morelia,mayo,jueves,3,-101.139895677106,19.6896194784866
22801,22805,2019,,2019/05/09,10:14:00,COLISIÓN POR CORTE DE CIRCULACIÓN,ASFALTO,Bueno,Bueno,2,YAMAHA,NEGRO Y ROJO,2,,30,MASCULINO,SIN DATOS,0,0,Morelia,Vasco de Quiroga,mayo,jueves,10,-101.171932294965,19.7025777914196
22802,22806,2019,,2019/05/09,11:20:00,COLISIÓN CON PEATÓN,ASFALTO,Bueno,Bueno,1,NISSASN,BLANCO,2,MINISTERIO PÚBLICO,,MASCULINO,SIN DATOS,0,1,Lázaro Cárdenas,Infonavit Nuevo Horizonte,mayo,jueves,11,-102.207475192845,17.9568564538314
22803,22807,2019,,2019/05/09,11:40:00,CAIDA DE MOTOCICLETA,ASFALTO,Bueno,Bueno,1,HONDA,Rojo,1,,,,,1,0,Morelia,Tierra Y Libertad,mayo,jueves,12,-101.230344772339,19.7155582686909
22804,22808,2019,MAG190362442,2019/05/09,14:00:00,COLISIÓN POR CAMBIO DE CARRIL,ASFALTO,Bueno,Bueno,2,KAWASAKI,ROJO,2,,43,MASCULINO,SIN DATOS,0,0,Morelia,Morelos,mayo,jueves,14,-101.210743188858,19.694991970595
22805,22809,2019,MOR 190362406,2019/05/09,14:10:00,COLISIÓN POR CORTE DE CIRCULACIÓN,ASFALTO,Bueno,Bueno,2,SIN DATOS,SIN DATOS,2,,0,,SIN DATOS,0,0,Morelia,Centro,mayo,jueves,14,-101.190488822758,19.7029250033067
22806,22810,2019,,2019/05/09,16:04:00,COLISIÓN POR ALCANCE,ASFALTO,Bueno,Regular,2,NISSAN,AZUL,2,,25,MASCULINO,SIN DATOS,0,0,Morelia,Nueva Valladolid,mayo,jueves,16,-101.2082862854,19.7016677770529