fid,id_accidente,anio_origen,folio_c5i,dia_incidente,hora_ocurrencia,tipo_incidente_vial,superficie_ocurrencia,condiciones_climaticas,condiciones_via,numero_vehiculos_involucrados,marca_vehiculo_ocasiona_siniestro,color_vehiculo_ocasiona_siniestro,numero_personas_involucradas,lugar_remite_presunto_responsable,edad_presunto_responsable,sexo_presunto_responsable,resultados_toxicologia,numero_personas_lesionadas,numero_personas_fallecidas,municipio,colonia,mes,dia_semana,hora_redondeada,lon,lat
22807,22811,2019,,2019/05/09,18:25:00,COLISIÓN CONTRA OBJETO FIJO,CONCRETO,Bueno,Bueno,1,FORD,VERDE Y NEGRO,2,,49,MASCULINO,SIN DATOS,1,0,Morelia,Mil Cumbres,mayo,jueves,18,-101.144378967583,19.6969692681269
22808,22812,2019,MOR190363684,2019/05/09,19:54:00,COLISIÓN POR CAMBIO DE CARRIL,ASFALTO,Bueno,Bueno,2,VOLKSWAGEN,BLANCO,2,,35,FEMENINO,SIN DATOS,0,0,Morelia,Lazaro Cardenas,mayo,jueves,20,-101.165468171239,19.7099890233433
22809,22813,2019,,2019/05/09,20:25:00,COLISIÓN POR CORTE DE CIRCULACIÓN,ASFALTO,Bueno,Bueno,2,FORD,ROJO,2,,28,MASCULINO,SIN DATOS,0,0,Los Reyes,San Juan de Dios,mayo,jueves,20,-102.479368038476,19.6071787194727
22810,22814,2019,,2019/05/09,22:05:00,COLISIÓN CON PEATÓN,ASFALTO,Bueno,Bueno,1,Seat,GRIS,2,MINISTERIO PÚBLICO,23,MASCULINO,SIN DATOS,1,0,Morelia,Niño Artillero,mayo,jueves,22,-101.250201500952,19.698610368648
22811,22815,2019,,2019/05/09,23:00:00,COLISIÓN POR CORTE DE CIRCULACIÓN,ASFALTO,Bueno,Bueno,2,ITALIKA,NARANJA-NEGRO,1,,43,MASCULINO,SIN DATOS,0,0,Morelia,Nueva Valladolid,mayo,jueves,23,-101.2082862854,19.7016677770529
22812,22816,2019,,2019/05/09,23:05:00,SALIDA DE SUPERFICIE DE RODAMIENTO,ASFALTO,Bueno,Bueno,1,RENAULT,GRIS,1,,20,MASCULINO,SIN DATOS,0,0,Morelia,Felix Ireta,mayo,jueves,23,-101.191915422678,19.6824000149543
22813,22817,2019,,2019/05/10,"00:00:00",COLISIÓN POR CAMBIO DE CARRIL,ASFALTO,Bueno,Regular,2,NISSAN,BLANCO,2,,27,MASCULINO,SIN DATOS,0,0,Huandacareo,Sin datos,mayo,viernes,0,-101.29652578885,19.9893904806529
22814,22818,2019,,2019/05/10,"00:00:00",SALIDA DE SUPERFICIE DE RODAMIENTO,ASFALTO,Bueno,Bueno,1,Dodge Ram,Rojo,1,,0,MASCULINO,SIN DATOS,0,0,Tarímbaro,Sin datos,mayo,viernes,0,-101.146824471652,19.7623493051353
22815,22819,2019,MOR190369401,2019/05/10,"00:00:00",COLISIÓN POR CORTE DE CIRCULACIÓN,ASFALTO,Bueno,Bueno,2,KAWASAKI,BLANCO,3,MINISTERIO PÚBLICO,0,,SIN DATOS,2,0,Morelia,Centro,mayo,viernes,0,-101.18664521724,19.7028729215717
22816,22820,2019,MOR 190364069,2019/05/10,"00:00:00",COLISIÓN POR NO RESPETAR SEMÁFORO,ASFALTO,Bueno,Bueno,2,NISSA,BLANCO,2,,,MASCULINO,SIN DATOS,0,0,Morelia,Bosques de Oriente,mayo,viernes,0,-101.155582889914,19.7156103462953
22817,22821,2019,MOR190364336,2019/05/10,"03:05:00",COLISIÓN CONTRA OBJETO FIJO,ASFALTO,Bueno,Bueno,1,HONDA,BLANCO,2,MINISTERIO PÚBLICO,31,MASCULINO,SIN DATOS,1,0,Morelia,Jesus Romero Flores,mayo,viernes,3,-101.183056086302,19.7302491615881
22818,22822,2019,,2019/05/10,"04:00:00",VOLCADURA,ASFALTO,Bueno,Regular,1,RENAULT,GRIS,1,MINISTERIO PÚBLICO,21,MASCULINO,SIN DATOS,0,0,Morelia,Diego Rivera,mayo,viernes,4,-101.177790239453,19.7195839752937
22819,22823,2019,,2019/05/10,"06:50:00",COLISIÓN CONTRA OBJETO FIJO,ASFALTO,Bueno,Bueno,1,GMC,CAFE,2,,19,MASCULINO,SIN DATOS,1,0,Cuitzeo,Sin datos,mayo,viernes,7,-101.122627258301,19.9553587713085
22820,22824,2019,MOR 190364481,2019/05/10,"07:40:00",COLISIÓN POR CORTE DE CIRCULACIÓN,ASFALTO,Bueno,Bueno,2,NISSAN,BLANCO,2,,50,MASCULINO,SIN DATOS,0,0,Morelia,Felix Arreguin,mayo,viernes,8,-101.225957013667,19.7222729835171
22821,22825,2019,,2019/05/10,"08:30:00",SALIDA DE SUPERFICIE DE RODAMIENTO,ASFALTO,Bueno,Bueno,1,NISSAN KICKS,BLANCO,1,,43,FEMENINO,SIN DATOS,0,0,Morelia,Sin datos,mayo,viernes,9,-101.349729895592,19.6798618689524
22822,22826,2019,MOR 190364650,2019/05/10,"09:30:00",COLISIÓN CONTRA OBJETO FIJO,ASFALTO,Bueno,Bueno,2,NISSAN,GRIS,1,,24,MASCULINO,SIN DATOS,0,0,Morelia,Jacarandas,mayo,viernes,10,-101.209355816245,19.7083445675378
22823,22827,2019,,2019/05/10,"09:50:00",COLISIÓN POR ALCANCE,ASFALTO,Bueno,Bueno,2,HONDA,PLATA,2,,31,MASCULINO,SIN DATOS,0,0,Morelia,Americas Britania,mayo,viernes,10,-101.149188168347,19.6946529487375
22824,22828,2019,,2019/05/10,10:00:00,COLISIÓN POR ALCANCE,ASFALTO,Bueno,Bueno,2,CHEVROLET,ROJO,2,,30,MASCULINO,SIN DATOS,0,0,Morelia,La Huerta,mayo,viernes,10,-101.217082254589,19.6755131484698
22825,22829,2019,MOR 190 346 235,2019/05/10,10:43:00,COLISIÓN POR CORTE DE CIRCULACIÓN,ASFALTO,Bueno,Bueno,2,MAZDA,GRIS,2,MINISTERIO PÚBLICO,0,MASCULINO,SIN DATOS,0,0,Morelia,Granjas del Maestro,mayo,viernes,11,-101.193750724196,19.7167418464214
22826,22830,2019,MOR 190 364650,2019/05/10,12:28:00,COLISIÓN POR INVASIÓN DE CARRIL,ASFALTO,Bueno,Bueno,2,AUDI,ROJO,2,,30,MASCULINO,SIN DATOS,0,0,Morelia,Nicolas Bravo(Los Ejidos),mayo,viernes,12,-101.213734857738,19.7023139098814
22827,22831,2019,,2019/05/10,12:50:00,COLISIÓN POR ALCANCE,ASFALTO,Bueno,Bueno,2,TOYOTA,NARANJA,2,,39,MASCULINO,SIN DATOS,0,0,Morelia,Independencia,mayo,viernes,13,-101.177829131484,19.7192844573759
22828,22832,2019,MOR 190365302,2019/05/10,13:40:00,COLISIÓN POR ALCANCE,ASFALTO,Bueno,Bueno,2,HONDA,BLANCO,2,,23,MASCULINO,SIN DATOS,0,0,Morelia,Nueva Jacarndas,mayo,viernes,14,-101.188207939267,19.6814535816324
22829,22833,2019,,2019/05/10,14:46:00,COLISIÓN POR CORTE DE CIRCULACIÓN,ASFALTO,Bueno,Bueno,2,HONDA,BLANCO,2,,50,MASCULINO,SIN DATOS,0,0,Morelia,Comision Federal de Electricidad,mayo,viernes,15,-101.181348189712,19.6815110370502
22830,22834,2019,MOR190365698,2019/05/10,15:00:00,COLISIÓN POR ALCANCE,CONCRETO,Bueno,Bueno,4,KENWORT,BLANCO,4,,50,MASCULINO,SIN DATOS,0,0,Morelia,Lomas de Huerta,mayo,viernes,15,-101.210146062076,19.6723245379487
22831,22835,2019,M0R190347890,2019/05/10,15:25:00,COLISIÓN POR CAMBIO DE CARRIL,ASFALTO,Bueno,Bueno,2,DODGE,BLANCO,2,,38,MASCULINO,SIN DATOS,0,0,Morelia,Libertad,mayo,viernes,15,-101.237330250442,19.6858899000362
22832,22836,2019,,2019/05/10,16:10:00,COLISIÓN CON PEATÓN,SIN_DATOS,Bueno,Bueno,2,Mitsubishi,rojo,2,,0,FEMENINO,SIN DATOS,0,0,Morelia,Lomas de Guayangareo,mayo,viernes,16,-101.16020232439,19.7045527857161
22833,22837,2019,,2019/05/10,16:40:00,COLISIÓN POR CORTE DE CIRCULACIÓN,CONCRETO,Bueno,Bueno,2,DODGE,ORO,2,,38,FEMENINO,SIN DATOS,0,0,Morelia,Quinceo,mayo,viernes,17,-101.224227659404,19.7253640246342
22834,22838,2019,,2019/05/10,16:45:00,COLISIÓN POR CAMBIO DE CARRIL,ASFALTO,Bueno,Bueno,2,HONDA,ARENA,2,,38,MASCULINO,SIN DATOS,0,0,Erongarícuaro,Sin datos,mayo,viernes,17,-101.677137,19.56019
22835,22839,2019,,2019/05/10,17:45:00,COLISIÓN POR CORTE DE CIRCULACIÓN,ASFALTO,Bueno,Bueno,2,MAZDA,VERDE,2,,0,MASCULINO,SIN DATOS,0,0,Morelia,Felix Ireta,mayo,viernes,18,-101.192074343562,19.6855202378361
22836,22840,2019,MOR 190 366491,2019/05/10,18:43:00,COLISIÓN POR CORTE DE CIRCULACIÓN,ASFALTO,Bueno,Bueno,2,NISSAN,BLANCO/ CAFE,2,,0,MASCULINO,SIN DATOS,0,0,Morelia,Eduardo Ruiz,mayo,viernes,19,-101.223427020013,19.7227183066862
22837,22841,2019,MOR 190366593,2019/05/10,18:50:00,COLISIÓN CONTRA OBJETO FIJO,TERRACERIA,Bueno,Bueno,1,GENERAL MOTORS,GRIS,0,,,,,0,0,Morelia,Sentimientos de La Nacion,mayo,viernes,19,-101.234297007322,19.6788863767686
22838,22842,2019,MOR 190366918,2019/05/10,21:00:00,COLISIÓN POR INVASIÓN DE CARRIL,ASFALTO,Bueno,Bueno,2,VOLKSWAGEN,GRIS,1,MINISTERIO PÚBLICO,39,MASCULINO,SIN DATOS,0,0,Morelia,Adolfo Lopez Mateos,mayo,viernes,21,-101.223012283444,19.6944528181792
22839,22843,2019,,2019/05/10,22:20:00,COLISIÓN CON PEATÓN,SIN_DATOS,Bueno,Bueno,2,Renault,plata,2,,37,MASCULINO,SIN DATOS,0,0,Morelia,Loma Real,mayo,viernes,22,-101.19520816952,19.7312805158078
22840,22844,2019,,2019/05/11,"02:50:00",COLISIÓN CONTRA OBJETO FIJO,ADOQUIN_EMPEDRADO,Bueno,Bueno,2,VOLKSWAGEN,GUINDA,1,MINISTERIO PÚBLICO,28,MASCULINO,CON CERTIFICADO,0,0,Pátzcuaro,Centro,mayo,sábado,3,-101.607238054275,19.5237010952274
22841,22845,2019,MOR190367663,2019/05/11,"04:15:00",COLISIÓN POR CORTE DE CIRCULACIÓN,ASFALTO,Bueno,Bueno,2,DODGE,OFICIAL,2,,28,MASCULINO,SIN DATOS,0,0,Morelia,Tres Puentes,mayo,sábado,4,-101.214946210384,19.7031358552487
22842,22846,2019,MOR 190354678,2019/05/11,"07:50:00",COLISIÓN CONTRA OBJETO FIJO,ASFALTO,Bueno,Bueno,1,VOLKSWAGEN,BLANCO,1,,43,MASCULINO,SIN DATOS,0,0,Morelia,Sin datos,mayo,sábado,8,-101.097809113562,19.7302822988376
22843,22847,2019,MOR190364478,2019/05/11,"08:00:00",COLISIÓN POR ALCANCE,ASFALTO,Bueno,Bueno,3,NISSAN,ACERO,3,,0,FEMENINO,SIN DATOS,0,0,Morelia,Vista Bella,mayo,sábado,8,-101.192152127624,19.6822339633483
22844,22848,2019,,2019/05/11,"09:10:00",COLISIÓN POR ALCANCE,ASFALTO,Bueno,Bueno,2,Toyota,VERDE,2,,33,,SIN DATOS,0,0,Morelia,Justo Mendoza,mayo,sábado,9,-101.230469495058,19.7156283367365
22845,22849,2019,,2019/05/11,"09:20:00",COLISIÓN POR ALCANCE,ASFALTO,Bueno,Bueno,2,MERCEDES BENZ,BLANCO-NARANJA,2,,33,MASCULINO,SIN DATOS,0,0,Cuitzeo,Sin datos,mayo,sábado,9,-101.173814,19.96521
22846,22850,2019,MOR190368064,2019/05/11,10:20:00,COLISIÓN CONTRA OBJETO FIJO,ASFALTO,Bueno,Bueno,1,NISSAN,GRIS,1,,34,MASCULINO,SIN DATOS,0,0,Morelia,Arcos del Valle,mayo,sábado,10,-101.236248649657,19.7076239686201
22847,22851,2019,MOR190368163,2019/05/11,11:23:00,COLISIÓN POR CAMBIO DE CARRIL,ASFALTO,Bueno,Bueno,2,FORD,BLANCO,2,,0,FEMENINO,SIN DATOS,0,0,Morelia,Comision Federal de Electricidad,mayo,sábado,11,-101.181306615472,19.6814239068481
22848,22852,2019,,2019/05/11,12:20:00,COLISIÓN POR CAMBIO DE CARRIL,ASFALTO,Bueno,Bueno,2,TOYOTA,VERDE,2,,33,MASCULINO,SIN DATOS,0,0,Morelia,Justo Mendoza,mayo,sábado,12,-101.230350807309,19.7155554280938
22849,22853,2019,MOR190365302,2019/05/11,13:10:00,COLISIÓN CONTRA OBJETO FIJO,CONCRETO,Bueno,Bueno,2,FIAT,BLANCA,2,,0,MASCULINO,SIN DATOS,0,0,Morelia,Las Americas,mayo,sábado,13,-101.155190952122,19.6875891987288
22850,22854,2019,,2019/05/11,13:50:00,COLISIÓN POR INVASIÓN DE CARRIL,ASFALTO,Bueno,Bueno,2,ITALIKA,NEGRO Y ROJO,2,,42,MASCULINO,SIN DATOS,0,0,Morelia,Sin datos,mayo,sábado,14,-101.120827160776,19.7194072313848
22851,22855,2019,MOR190368910,2019/05/11,14:40:00,COLISIÓN POR ALCANCE,ASFALTO,Bueno,Bueno,2,SUBARU FORESTER,BLANCO,2,,54,FEMENINO,SIN DATOS,0,0,Morelia,Cinco de Diciembre,mayo,sábado,15,-101.1600786075,19.6878887759895
22852,22856,2019,LEG23945,2019/05/11,14:45:00,COLISIÓN POR MANIOBRA DE REVERSA,CONCRETO,Bueno,Bueno,2,FORD,BLANCO/ROJO,2,,38,MASCULINO,SIN DATOS,0,0,Morelia,Eduardo Ruiz,mayo,sábado,15,-101.219191811979,19.719956083706
22853,22857,2019,MOR 190369293,2019/05/11,17:40:00,COLISIÓN POR ALCANCE,ASFALTO,Bueno,Regular,2,NISSAN,AMARRILLO,2,MINISTERIO PÚBLICO,43,MASCULINO,SIN DATOS,0,0,Morelia,Gertrudis Bocanegra,mayo,sábado,18,-101.21340058744,19.7024799406608
22854,22858,2019,MOR190369326,2019/05/11,18:16:00,COLISIÓN POR CAMBIO DE CARRIL,ASFALTO,Bueno,Bueno,2,FREIGHTLINER,BLANCO,2,,43,MASCULINO,SIN DATOS,0,0,Morelia,Bosques de Oriente,mayo,sábado,18,-101.15545514971,19.7156005620194
22855,22859,2019,MOR190369597,2019/05/11,19:00:00,COLISIÓN POR CAMBIO DE CARRIL,ASFALTO,Bueno,Bueno,2,FORD F150,BLANCO,2,,28,MASCULINO,ALIENTO ETÍLICO,0,0,Morelia,Mirador del Punhuato,mayo,sábado,19,-101.159762046044,19.7046094350636
22856,22860,2019,,2019/05/11,20:20:00,COLISIÓN POR CORTE DE CIRCULACIÓN,ASFALTO,Bueno,Bueno,2,TOYOTA,VERDE,3,,27,MASCULINO,SIN DATOS,1,0,Peribán,Sin datos,mayo,sábado,20,-102.452280409634,19.5587927480026
22857,22861,2019,,2019/05/11,21:06:00,VOLCADURA,ASFALTO,Bueno,Regular,1,CHEVROLET,CAFE,1,,63,MASCULINO,SIN DATOS,0,0,Morelia,Sin datos,mayo,sábado,21,-101.351103521884,19.5320612608939
22858,22862,2019,,2019/05/11,22:25:00,SALIDA DE SUPERFICIE DE RODAMIENTO,ASFALTO,Bueno,Bueno,1,JEEP,NEGRO,0,,,,,0,0,Peribán,Sin datos,mayo,sábado,22,-102.37221814692,19.5495082405902
22859,22863,2019,MICH190098892,2019/05/11,23:19:00,VOLCADURA,ASFALTO,Bueno,Bueno,1,FORD,NEGRO,0,MINISTERIO PÚBLICO,,,,0,0,Gabriel Zamora,Sin datos,mayo,sábado,23,-102.058012783527,19.095509155685
22860,22864,2019,,2019/05/11,23:26:00,COLISIÓN CONTRA OBJETO FIJO,ASFALTO,Bueno,Bueno,1,RENAULT,GRIS,1,,30,,SIN DATOS,0,0,Morelia,Tres Puentes,mayo,sábado,23,-101.213554143906,19.7025743192969
22861,22865,2019,,2019/05/11,23:45:00,COLISIÓN POR CORTE DE CIRCULACIÓN,ASFALTO,Bueno,Bueno,2,CHEVROLET,BLANCO,3,,,,SIN DATOS,1,0,Lázaro Cárdenas,Sin datos,mayo,sábado,0,-102.191759124398,17.9630113370563
22862,22866,2019,,2019/05/12,"00:00:00",VOLCADURA,ASFALTO,Bueno,Bueno,1,TOYOTA,GRIS,0,,,,,0,0,Los Reyes,Carlos Galvez Betancourt,mayo,domingo,0,-102.458839416504,19.5739633174326
22863,22867,2019,,2019/05/12,"00:00:00",COLISIÓN POR CORTE DE CIRCULACIÓN,ASFALTO,Bueno,Bueno,2,GMC SAFARI,CAFE,2,MINISTERIO PÚBLICO,66,MASCULINO,SIN DATOS,0,0,Morelia,Centro,mayo,domingo,0,-101.18754847,19.7028479949991
22864,22868,2019,,2019/05/12,"00:00:00",COLISIÓN POR CAMBIO DE CARRIL,ASFALTO,Bueno,Bueno,2,NISSAN,BLANCO Y NARANJA,2,,60,MASCULINO,SIN DATOS,0,0,Morelia,Lomas de San Juan,mayo,domingo,0,-101.183039681886,19.7298664251429
22865,22869,2019,,2019/05/12,"00:20:00",COLISIÓN CONTRA OBJETO FIJO,ASFALTO,Bueno,Bueno,1,AUDI,NEGRO,2,MINISTERIO PÚBLICO,,,,2,0,Morelia,Prados de La Huerta,mayo,domingo,0,-101.223499774933,19.668398987138
22866,22870,2019,MOR190370549,2019/05/12,"01:00:00",COLISIÓN POR CORTE DE CIRCULACIÓN,ASFALTO,Bueno,Bueno,2,VOLKWAGEN,GRIS,2,,34,MASCULINO,SIN DATOS,0,0,Tarímbaro,Real Hacienda,mayo,domingo,1,-101.195869669318,19.75178313693
22867,22871,2019,MOR190370470,2019/05/12,"01:10:00",COLISIÓN CONTRA OBJETO FIJO,CONCRETO,Bueno,Bueno,1,NISSAN,BLANCO/ROJO,1,MINISTERIO PÚBLICO,0,,SIN DATOS,0,0,Morelia,Ejidal Ocolusen,mayo,domingo,1,-101.152287125587,19.6841621717703
22868,22872,2019,MOR190370485,2019/05/12,"01:10:00",COLISIÓN POR CORTE DE CIRCULACIÓN,ASFALTO,Bueno,Bueno,2,VOLKSWAGEN,PLATA,1,,0,,SIN DATOS,0,0,Morelia,La Hacienda,mayo,domingo,1,-101.314942315221,19.6868805021348
22869,22873,2019,MOR 190370639,2019/05/12,"02:50:00",COLISIÓN POR CORTE DE CIRCULACIÓN,CONCRETO,Bueno,Bueno,2,ITALIKA,NEGRO,0,MINISTERIO PÚBLICO,,,,0,0,Morelia,Ventura Puente,mayo,domingo,3,-101.188101321459,19.6908033904114
22870,22874,2019,,2019/05/12,"03:00:00",VOLCADURA,ASFALTO,Bueno,Bueno,1,CHEVROLET,BLANCO,0,,,,,0,0,Tzitzio,Tzitzio,mayo,domingo,3,-100.921682529151,19.5822984510993
22871,22875,2019,,2019/05/12,"04:44:00",COLISIÓN CONTRA OBJETO FIJO,ASFALTO,Bueno,Bueno,1,CHEVROLET,Negro rojo,0,,,,,0,0,Morelia,Hacienda del Quinceo,mayo,domingo,5,-101.235372908413,19.7270717408234
22872,22876,2019,,2019/05/12,"04:45:00",COLISIÓN CONTRA OBJETO FIJO,ASFALTO,Bueno,Regular,1,CHEVROLET,ROJO/NEGRO,0,MINISTERIO PÚBLICO,,,,0,0,Morelia,Hacienda del Quinceo,mayo,domingo,5,-101.23537324369,19.7270717408234
22873,22877,2019,,2019/05/12,"06:45:00",SALIDA DE SUPERFICIE DE RODAMIENTO,ASFALTO,Bueno,Bueno,1,VOLKSWAGEN,AZUL,1,,21,MASCULINO,ALIENTO ETÍLICO,0,0,Morelia,Los Laureles,mayo,domingo,7,-101.232117041945,19.7137175511956
22874,22878,2019,MOR190370812,2019/05/12,"07:10:00",COLISIÓN CONTRA OBJETO FIJO,ASFALTO,Bueno,Bueno,1,JEEP,PLATA,1,,0,,SIN DATOS,0,0,Morelia,Josefa Ortiz de Dominguez,mayo,domingo,7,-101.209029592574,19.6709035337543
22875,22879,2019,MOR 190371016,2019/05/12,"09:40:00",COLISIÓN CON PEATÓN,CONCRETO,Bueno,Bueno,1,GENERAL MOTORS,BLANCO Y VERDE,1,,,,,1,0,Morelia,Gustavo Diaz Ordaz,mayo,domingo,10,-101.20599683,19.6941365749992
22876,22880,2019,MOR190371483,2019/05/12,12:40:00,COLISIÓN POR CORTE DE CIRCULACIÓN,CONCRETO,Bueno,Bueno,2,FOTON,BLANCO Y NARANJA,2,,52,MASCULINO,SIN DATOS,0,0,Morelia,Ferrocarrilero,mayo,domingo,13,-101.223609235,19.6918737849991
22879,22883,2019,,2019/05/12,19:40:00,VOLCADURA,ASFALTO,Bueno,Bueno,1,VOLKSWAGEN,GRIS,1,,39,MASCULINO,SIN DATOS,0,0,Juárez,Benito Juarez,mayo,domingo,20,-100.431648641825,19.3038755178459
22880,22884,2019,LEG23973,2019/05/12,21:50:00,COLISIÓN POR CORTE DE CIRCULACIÓN,CONCRETO,Bueno,Bueno,2,FORD,NEGRO,2,MINISTERIO PÚBLICO,21,MASCULINO,ALIENTO ETÍLICO,0,0,Morelia,Ventura Puente,mayo,domingo,22,-101.193225725,19.6917077449992
22881,22885,2019,MOR190373104,2019/05/12,21:50:00,SALIDA DE SUPERFICIE DE RODAMIENTO,ASFALTO,Bueno,Bueno,1,ITALIKA,NEGRO Y AMARILLO,1,,,,,1,0,Morelia,Sin datos,mayo,domingo,22,-101.313987562726,19.6510550363869
22882,22886,2019,MOR190370133,2019/05/12,22:30:00,COLISIÓN CONTRA OBJETO FIJO,CONCRETO,Bueno,Bueno,2,FORD,PLATA,2,MINISTERIO PÚBLICO,32,MASCULINO,ALIENTO ETÍLICO,0,0,Morelia,Granjas del Maestro,mayo,domingo,23,-101.192247346044,19.7143074542229
22883,22887,2019,,2019/05/12,23:45:00,VOLCADURA,ASFALTO,Bueno,Bueno,1,JEEP,ROJO,0,MINISTERIO PÚBLICO,,,,0,0,Pátzcuaro,Sin datos,mayo,domingo,0,-101.677977964282,19.5274165671635
22884,22888,2019,,2019/05/13,"00:00:00",COLISIÓN POR CORTE DE CIRCULACIÓN,ASFALTO,Bueno,Bueno,1,HONDA,Blanco,1,,,,,1,0,Morelia,Francisco J Mujica,mayo,lunes,0,-101.189190012973,19.7239867530705
22885,22889,2019,MOR190376055,2019/05/13,"00:00:00",COLISIÓN POR INVASIÓN DE CARRIL,CONCRETO,Bueno,Bueno,2,HONDA,GRIS,1,MINISTERIO PÚBLICO,,,,1,0,Morelia,Margarita Maza de Juarez,mayo,lunes,0,-101.255526905,19.6928898149991
22886,22890,2019,,2019/05/13,"03:05:00",COLISIÓN CONTRA OBJETO FIJO,ASFALTO,Bueno,Bueno,1,INTERNACIONAL,AMARILLO,1,,56,MASCULINO,SIN DATOS,0,0,Morelia,Tlalpujahua,mayo,lunes,3,-101.218008971227,19.6778404175684
22887,22891,2019,,2019/05/13,"03:30:00",COLISIÓN CONTRA OBJETO FIJO,ASFALTO,Bueno,Bueno,1,DODGE,ROJO,1,MINISTERIO PÚBLICO,,,,1,0,Lázaro Cárdenas,Solidaridad Nacional,mayo,lunes,4,-102.209975682199,17.9713040477912
22891,22895,2019,,2019/05/13,"07:45:00",SALIDA DE SUPERFICIE DE RODAMIENTO,ASFALTO,Bueno,Bueno,1,SEAT,AZUL,1,,69,MASCULINO,SIN DATOS,0,0,Charo,De Santiago,mayo,lunes,8,-101.044372,19.745476
22893,22897,2019,,2019/05/13,"08:46:00",SALIDA DE SUPERFICIE DE RODAMIENTO,ASFALTO,Bueno,Bueno,1,NISSAN,BLANCO,1,,47,MASCULINO,SIN DATOS,0,0,Morelia,Sin datos,mayo,lunes,9,-101.116593,19.739365
22895,22899,2019,,2019/05/13,"09:26:00",COLISIÓN POR CORTE DE CIRCULACIÓN,ASFALTO,Bueno,Bueno,1,HONDA,BLANCO,1,,,,,1,0,Morelia,Francisco J Mujica,mayo,lunes,9,-101.189190012973,19.7239867530705
22896,22900,2019,,2019/05/13,10:10:00,COLISIÓN POR CAMBIO DE CARRIL,ASFALTO,Bueno,Bueno,2,VOLKSWAGEN,VERDE METAL,2,,61,FEMENINO,SIN DATOS,0,0,Morelia,Nueva Valladolid,mayo,lunes,10,-101.214162415,19.7004326249991
22897,22901,2019,,2019/05/13,11:45:00,COLISIÓN CONTRA OBJETO FIJO,ASFALTO,Bueno,Bueno,2,S/D,S/D,1,,,MASCULINO,SIN DATOS,0,0,Morelia,Lazaro Cardenas,mayo,lunes,12,-101.162058507071,19.7101112773308
22901,22905,2019,LEG24008,2019/05/13,12:36:00,COLISIÓN POR CAMBIO DE CARRIL,ASFALTO,Bueno,Bueno,2,SUZUKI,BLANCO,2,,80,MASCULINO,SIN DATOS,0,0,Morelia,Eduardo Ruiz,mayo,lunes,13,-101.221859682349,19.7216992118204
22902,22906,2019,,2019/05/13,12:55:00,COLISIÓN POR ALCANCE,ASFALTO,Bueno,Bueno,2,FREIGHTLINER,BLANCO,2,,35,MASCULINO,SIN DATOS,0,0,Morelia,Enrique Ramirez,mayo,lunes,13,-101.166016211543,19.7096478904883
22903,22907,2019,,2019/05/13,13:30:00,COLISIÓN POR CORTE DE CIRCULACIÓN,ADOQUIN_EMPEDRADO,Bueno,Bueno,2,MERCEDES BENZ,BLANCO,2,,33,MASCULINO,SIN DATOS,0,0,Cuitzeo,El Embarcadero,mayo,lunes,14,-101.141224354506,19.9654068736107
22905,22909,2019,,2019/05/13,15:55:00,COLISIÓN POR ALCANCE,ASFALTO,Bueno,Bueno,2,YAMAHA,NEGRO,2,,40,MASCULINO,SIN DATOS,0,0,Morelia,Obrera,mayo,lunes,16,-101.183978766203,19.7082754432094
22906,22910,2019,,2019/05/13,15:55:00,COLISIÓN POR ALCANCE,ASFALTO,Bueno,Bueno,2,YAMAHA,NEGRO,2,,36,MASCULINO,SIN DATOS,0,0,Morelia,Plan de Ayala,mayo,lunes,16,-101.180191471573,19.7071394819295
22907,22911,2019,,2019/05/13,16:00:00,COLISIÓN POR CORTE DE CIRCULACIÓN,ASFALTO,Bueno,Bueno,1,NISSAN,BLANCO,0,MINISTERIO PÚBLICO,,,,0,0,Venustiano Carranza,Sin Nombre,mayo,lunes,16,-102.649196796119,20.124025406208
22908,22912,2019,,2019/05/13,16:20:00,COLISIÓN POR MANIOBRA DE REVERSA,ASFALTO,Bueno,Bueno,2,KENWORTH,BLANCO,2,,55,MASCULINO,SIN DATOS,0,0,Morelia,Lomas de Santiaguito,mayo,lunes,16,-101.179519891941,19.7229539949395
22909,22913,2019,,2019/05/13,16:30:00,COLISIÓN CON PEATÓN,ASFALTO,Bueno,Bueno,1,ITALIKA,NEGRO/ROJO,1,MINISTERIO PÚBLICO,,,,1,0,Pátzcuaro,Centro,mayo,lunes,17,-101.612539105117,19.5119590988708
22910,22914,2019,MOR 190675539,2019/05/13,17:39:00,COLISIÓN POR ALCANCE,ASFALTO,Bueno,Bueno,2,NISSAN,NEGRO,2,,30,MASCULINO,SIN DATOS,0,0,Morelia,Camelinas,mayo,lunes,18,-101.17262119,19.6818144849991
22911,22915,2019,,2019/05/13,18:15:00,COLISIÓN POR ALCANCE,ASFALTO,Bueno,Bueno,2,NISSAN,BLANCO,2,,56,MASCULINO,SIN DATOS,0,0,Zamora,Nuevo Mexico,mayo,lunes,18,-102.258529029787,19.9607457808188
22912,22916,2019,,2019/05/13,18:35:00,COLISIÓN POR ALCANCE,ASFALTO,Bueno,Bueno,2,NISSAN,BLANCO,2,,27,MASCULINO,SIN DATOS,0,0,Morelia,Villas Lomas del Paraiso,mayo,lunes,19,-101.183243326701,19.6753951296653
22913,22917,2019,,2019/05/13,20:40:00,CAIDA DE MOTOCICLETA,CONCRETO,Bueno,Bueno,1,BAJAJ,NEGRO,1,,40,MASCULINO,SIN DATOS,0,0,Morelia,Vista Bella,mayo,lunes,21,-101.199565182172,19.6797662637573
22914,22918,2019,,2019/05/14,"00:00:00",COLISIÓN POR ALCANCE,ASFALTO,Bueno,Bueno,2,FORD,BLANCO,2,,21,MASCULINO,SIN DATOS,0,0,Morelia,Buenavista,mayo,martes,0,-101.161808584181,19.7061453860282