fid,id_accidente,anio_origen,folio_c5i,dia_incidente,hora_ocurrencia,tipo_incidente_vial,superficie_ocurrencia,condiciones_climaticas,condiciones_via,numero_vehiculos_involucrados,marca_vehiculo_ocasiona_siniestro,color_vehiculo_ocasiona_siniestro,numero_personas_involucradas,lugar_remite_presunto_responsable,edad_presunto_responsable,sexo_presunto_responsable,resultados_toxicologia,numero_personas_lesionadas,numero_personas_fallecidas,municipio,colonia,mes,dia_semana,hora_redondeada,lon,lat
22916,22920,2019,,2019/05/14,"03:45:00",COLISIÓN POR CAMBIO DE CARRIL,SIN_DATOS,Bueno,Bueno,2,CHEVROLET,BLANCO,2,,32,MASCULINO,SIN DATOS,0,0,Morelia,Chapultepec Sur,mayo,martes,4,-101.176351915,19.6910920199992
22917,22921,2019,,2019/05/14,"07:25:00",COLISIÓN POR CORTE DE CIRCULACIÓN,ASFALTO,Bueno,Bueno,2,KURAZAI,NEGRO,2,,,MASCULINO,SIN DATOS,0,0,Morelia,Plan de La Garita,mayo,martes,7,-101.18518628,19.7123802899991
22918,22922,2019,MOR190376887,2019/05/14,"08:20:00",COLISIÓN POR CAMBIO DE CARRIL,ASFALTO,Bueno,Bueno,2,TOYOTA,GRIS,2,,38,MASCULINO,SIN DATOS,0,0,Morelia,Pascual Ortiz de Ayala,mayo,martes,8,-101.149821521984,19.69504229591
22919,22923,2019,,2019/05/14,"08:30:00",COLISIÓN POR CORTE DE CIRCULACIÓN,CONCRETO,Bueno,Bueno,2,FORD,GUINDA,2,,,FEMENINO,SIN DATOS,0,0,Morelia,Melchor Ocampo,mayo,martes,9,-101.201937888211,19.7065671597378
22920,22924,2019,,2019/05/14,"08:50:00",COLISIÓN POR ALCANCE,ASFALTO,Bueno,Bueno,3,TOYOTA,ROJA,3,,31,FEMENINO,SIN DATOS,0,0,Morelia,Villa Universidad,mayo,martes,9,-101.20959864,19.6918456199992
22921,22925,2019,MOR190096098,2019/05/14,10:00:00,COLISIÓN POR CAMBIO DE CARRIL,ASFALTO,Bueno,Bueno,2,FORD,BLANCO,2,MINISTERIO PÚBLICO,20,FEMENINO,SIN DATOS,0,0,Morelia,Club Campestre,mayo,martes,10,-101.161422729492,19.6803041245581
22922,22926,2019,,2019/05/14,10:05:00,COLISIÓN POR CORTE DE CIRCULACIÓN,ASFALTO,Bueno,Bueno,2,KIA RIO,GRIS,3,MINISTERIO PÚBLICO,52,MASCULINO,SIN DATOS,1,0,Lázaro Cárdenas,1Er Sect de Fidelac,mayo,martes,10,-102.195864915848,17.9636954477982
22923,22927,2019,,2019/05/14,10:20:00,COLISIÓN POR CORTE DE CIRCULACIÓN,ASFALTO,Bueno,Bueno,2,NISSAN,AZUL,2,,20,FEMENINO,SIN DATOS,0,0,Morelia,Adolfo Lopez Mateos,mayo,martes,10,-101.22776793,19.6987174149992
22925,22929,2019,,2019/05/14,11:50:00,COLISIÓN POR CAMBIO DE CARRIL,ASFALTO,Bueno,Bueno,2,CHEVROLET,PLATA,2,,27,MASCULINO,SIN DATOS,0,0,Cuitzeo,Sin datos,mayo,martes,12,-101.152251586318,20.0632406398145
22926,22930,2019,,2019/05/14,12:00:00,VOLCADURA,ASFALTO,Bueno,Bueno,1,GMC,NEGRO,1,MINISTERIO PÚBLICO,40,MASCULINO,SIN DATOS,0,0,Pajacuarán,Centro,mayo,martes,12,-102.565173916519,20.1176025708572
22927,22931,2019,,2019/05/14,13:10:00,COLISIÓN POR ALCANCE,ASFALTO,Bueno,Bueno,3,CHEVROLET,PLATA,3,,27,MASCULINO,SIN DATOS,0,0,Morelia,Nueva Chapultepec,mayo,martes,13,-101.17081558,19.6897813199992
22928,22932,2019,MOR190096543,2019/05/14,13:23:00,COLISIÓN POR ALCANCE,ASFALTO,Bueno,Bueno,2,NISSAN,BLANCO,2,,28,MASCULINO,SIN DATOS,0,0,Morelia,Insurgentes,mayo,martes,13,-101.155416805,19.6953315299991
22929,22933,2019,,2019/05/14,14:00:00,COLISIÓN POR ALCANCE,ASFALTO,Bueno,Bueno,2,SUZUKI,BLANCO,2,,73,FEMENINO,SIN DATOS,0,0,Morelia,Nueva Chapultepec,mayo,martes,14,-101.17081558,19.6897813199992
22931,22935,2019,,2019/05/14,14:45:00,COLISIÓN CON PEATÓN,CONCRETO,Bueno,Bueno,1,NISSAN,BLANCO Y ROSA,2,,,MASCULINO,SIN DATOS,1,0,Morelia,Eva Samano,mayo,martes,15,-101.202932200007,19.7314818428477
22932,22936,2019,MOR190377912,2019/05/14,15:30:00,COLISIÓN POR CAMBIO DE CARRIL,CONCRETO,Bueno,Bueno,2,TOYOTA,BLANCO Y AZUL,2,,36,MASCULINO,SIN DATOS,0,0,Morelia,Centro,mayo,martes,16,-101.201404025,19.7044224649991
22934,22938,2019,MOR190377964,2019/05/14,16:10:00,COLISIÓN POR CORTE DE CIRCULACIÓN,ASFALTO,Bueno,Bueno,2,VOLKSWAGUEN,AZUL,2,,23,MASCULINO,SIN DATOS,0,0,Morelia,Vasco de Quiroga,mayo,martes,16,-101.171750825,19.6988905399991
22935,22939,2019,,2019/05/14,18:00:00,COLISIÓN POR CAMBIO DE CARRIL,ASFALTO,Bueno,Bueno,2,NISSAN,ROJO,2,,32,MASCULINO,SIN DATOS,0,0,Morelia,Camelinas,mayo,martes,18,-101.17262119,19.6818144849991
22936,22940,2019,,2019/05/14,20:00:00,COLISIÓN POR CORTE DE CIRCULACIÓN,ASFALTO,Bueno,Bueno,2,TOYOTA,BLANCO Y GRIS,2,,48,MASCULINO,SIN DATOS,0,0,Morelia,Ejidal Ocolusen,mayo,martes,20,-101.1526575,19.6836425
22937,22941,2019,MOR190465876,2019/05/14,20:45:00,SUBIDA AL CAMELLÓN,ASFALTO,Bueno,Bueno,1,VOLKSWAGEN,ROJO,1,,23,MASCULINO,SIN DATOS,0,0,Morelia,Camelinas,mayo,martes,21,-101.17262119,19.6818144849991
22939,22943,2019,,2019/05/14,21:00:00,COLISIÓN CONTRA OBJETO FIJO,CONCRETO,Bueno,Bueno,1,CHRYSLER,PLATA,1,,40,MASCULINO,SIN DATOS,0,0,Morelia,Presa de Los Reyes,mayo,martes,21,-101.21320953,19.7342015699991
22941,22945,2019,,2019/05/14,23:20:00,COLISIÓN CON PEATÓN,ASFALTO,Bueno,Bueno,1,S/D,S/D,1,,,,,1,0,Morelia,Lomas de San Juan,mayo,martes,23,-101.183039681886,19.7298664251429
22942,22946,2019,,2019/05/14,23:30:00,COLISIÓN POR CORTE DE CIRCULACIÓN,CONCRETO,Bueno,Bueno,2,CHEVROLET,GRIS,2,,24,FEMENINO,SIN DATOS,0,0,Tarímbaro,Club Erandeni,mayo,martes,0,-101.183801,19.757131
22944,22948,2019,,2019/05/15,"00:00:00",COLISIÓN POR CAMBIO DE CARRIL,ASFALTO,Bueno,Bueno,2,NISSAN,BLANCO,2,,28,MASCULINO,SIN DATOS,0,0,Morelia,Felix Ireta,mayo,miércoles,0,-101.194499535,19.6818799749991
22946,22950,2019,,2019/05/15,"03:30:00",COLISIÓN POR CORTE DE CIRCULACIÓN,ASFALTO,Bueno,Bueno,1,VOLKSWAGEN,GRIS,1,,58,MASCULINO,SIN DATOS,0,0,Morelia,Juarez,mayo,miércoles,4,-101.197445045,19.6944509699991
22947,22951,2019,,2019/05/15,"06:20:00",COLISIÓN CON PEATÓN,ASFALTO,Bueno,Bueno,1,NISSAN,BLANCO,1,MINISTERIO PÚBLICO,,,,1,0,Morelia,Eduardo Ruiz,mayo,miércoles,6,-101.221859682349,19.7216992118204
22948,22952,2019,,2019/05/15,"07:45:00",COLISIÓN POR ALCANCE,ASFALTO,Bueno,Bueno,2,NISSAN,BLANCO Y ROJO,3,MINISTERIO PÚBLICO,46,MASCULINO,SIN DATOS,1,0,Puruándiro,Tenerias,mayo,miércoles,8,-101.511385291815,20.094493986623
22950,22954,2019,,2019/05/15,"08:40:00",COLISIÓN POR ALCANCE,ASFALTO,Bueno,Bueno,2,CHEVROLET,PLATA,2,,26,FEMENINO,SIN DATOS,0,0,Morelia,Centro,mayo,miércoles,9,-101.18754847,19.7028479949991
22951,22955,2019,"190357621",2019/05/15,"09:35:00",SALIDA DE SUPERFICIE DE RODAMIENTO,ASFALTO,Bueno,Bueno,1,NISSAN,ROJO,0,,,,,0,0,Morelia,Valerio Trujano,mayo,miércoles,10,-101.23103559,19.6908829349991
22952,22956,2019,,2019/05/15,"09:50:00",COLISIÓN CON PEATÓN,SIN_DATOS,Bueno,Bueno,2,DODGE,ROJO,2,,60,MASCULINO,SIN DATOS,0,0,Morelia,Poblado de Ocolusen,mayo,miércoles,10,-101.153176233214,19.6939479390376
22954,22958,2019,,2019/05/15,11:50:00,COLISIÓN POR CAMBIO DE CARRIL,ASFALTO,Bueno,Bueno,2,INTERNACIONAL,BLANCO Y ORO,2,,24,MASCULINO,SIN DATOS,0,0,Morelia,Centro,mayo,miércoles,12,-101.18754847,19.7028479949991
22955,22959,2019,,2019/05/15,12:50:00,COLISIÓN CON PEATÓN,SIN_DATOS,Bueno,Bueno,2,FORD,NEGRO,2,,,FEMENINO,SIN DATOS,0,0,Morelia,Las Americas,mayo,miércoles,13,-101.153838595657,19.6922388004281
22957,22961,2019,,2019/05/15,14:20:00,COLISIÓN POR CAMBIO DE CARRIL,ASFALTO,Bueno,Bueno,2,NISSAN,VINO,2,,25,MASCULINO,SIN DATOS,0,0,Morelia,Las Americas,mayo,miércoles,14,-101.157750397493,19.6913098349318
22958,22962,2019,,2019/05/15,15:20:00,COLISIÓN CONTRA OBJETO FIJO,ASFALTO,Bueno,Bueno,1,VOLKSWAGEN,PLATA,1,,45,MASCULINO,SIN DATOS,0,0,Morelia,Poblado de Ocolusen,mayo,miércoles,15,-101.155088675,19.6951327349991
22959,22963,2019,,2019/05/15,16:25:00,COLISIÓN CON PEATÓN,ASFALTO,Bueno,Bueno,1,S/D,S/D,1,,,,,1,0,Morelia,El Lago 1,mayo,miércoles,16,-101.21381431818,19.7268268356863
22960,22964,2019,,2019/05/15,16:25:00,COLISIÓN CONTRA OBJETO FIJO,ASFALTO,Bueno,Bueno,1,CHEVROLET,BLANCO,1,MINISTERIO PÚBLICO,49,MASCULINO,SIN DATOS,0,0,Morelia,Cundagua,mayo,miércoles,16,-101.168410515522,19.6807547216546
22961,22965,2019,,2019/05/15,16:45:00,COLISIÓN CON PEATÓN,SIN_DATOS,Bueno,Bueno,2,NISSAN,AZUL,2,,23,FEMENINO,SIN DATOS,0,0,Morelia,Chapultepec Oriente,mayo,miércoles,17,-101.15913378,19.6947918299991
22962,22966,2019,"190381281",2019/05/15,17:00:00,COLISIÓN POR CAMBIO DE CARRIL,ASFALTO,Bueno,Bueno,2,GENERAL MOTORS,BLANCO Y ROJO,2,,35,MASCULINO,SIN DATOS,0,0,Morelia,Carlos Salazar,mayo,miércoles,17,-101.209658559066,19.7124165765648
22964,22968,2019,,2019/05/15,18:10:00,COLISIÓN CON PEATÓN,SIN_DATOS,Bueno,Bueno,2,FORD,ROJO,2,,23,MASCULINO,SIN DATOS,0,0,Morelia,Camelinas,mayo,miércoles,18,-101.17262119,19.6818144849991
22965,22969,2019,,2019/05/15,18:45:00,COLISIÓN POR CORTE DE CIRCULACIÓN,ASFALTO,Bueno,Bueno,2,NISSAN,BLANCO Y ROJO,2,,39,MASCULINO,SIN DATOS,0,0,Morelia,Vasco de Quiroga,mayo,miércoles,19,-101.171750825,19.6988905399991
22966,22970,2019,,2019/05/15,19:20:00,COLISIÓN CON PEATÓN,SIN_DATOS,Bueno,Bueno,1,CHEVROLET,GRIS,1,MINISTERIO PÚBLICO,,MASCULINO,SIN DATOS,0,0,Morelia,Mision del Valle,mayo,miércoles,19,-101.117413805995,19.764624
22967,22971,2019,MOR190381832,2019/05/15,21:30:00,COLISIÓN POR CORTE DE CIRCULACIÓN,ASFALTO,Bueno,Malo,2,ITALIKA,VERDE,2,,18,MASCULINO,SIN DATOS,0,0,Morelia,Ciudad Industrial,mayo,miércoles,22,-101.142951697111,19.7252538793117
22969,22973,2019,,2019/05/15,23:00:00,COLISIÓN POR CAMBIO DE CARRIL,ASFALTO,Bueno,Bueno,2,GENERAL MOTORS,BLANCO,2,,54,MASCULINO,ALIENTO ETÍLICO,0,0,Tarímbaro,Centro,mayo,miércoles,23,-101.176869,19.792979
22970,22974,2019,,2019/05/16,"00:00:00",COLISIÓN POR ALCANCE,ASFALTO,Bueno,Bueno,2,DINA,GUINDA,2,,,MASCULINO,SIN DATOS,0,0,Morelia,Rafael Carrillo,mayo,jueves,0,-101.23442273587,19.7104185991282
22971,22975,2019,MOR190382815,2019/05/16,"03:10:00",COLISIÓN CONTRA OBJETO FIJO,ASFALTO,Bueno,Bueno,1,NISSAN,BLANCO,2,,27,MASCULINO,SIN DATOS,1,0,Morelia,Centro,mayo,jueves,3,-101.17789641,19.7013360799991
22972,22976,2019,,2019/05/16,"07:15:00",COLISIÓN POR ALCANCE,ASFALTO,Bueno,Bueno,2,FREIGHTLINER,AMARILLO,2,,47,MASCULINO,SIN DATOS,0,0,Los Reyes,Sin datos,mayo,jueves,7,-102.484359964728,19.5695463368055
22973,22977,2019,,2019/05/16,"07:15:00",COLISIÓN POR CORTE DE CIRCULACIÓN,ASFALTO,Bueno,Bueno,2,NISSAN,ROJO,2,,27,FEMENINO,SIN DATOS,0,0,Morelia,Prados Verdes,mayo,jueves,7,-101.19377628,19.7139633849992
22975,22979,2019,,2019/05/16,"09:40:00",COLISIÓN POR MANIOBRA DE REVERSA,ASFALTO,Bueno,Bueno,1,FORD,BLANCO,1,,,MASCULINO,SIN DATOS,0,0,Morelia,Cosmos,mayo,jueves,10,-101.216723173857,19.6831485077941
22976,22980,2019,MOR 190383285,2019/05/16,"09:56:00",COLISIÓN POR ALCANCE,ASFALTO,Bueno,Bueno,2,LINCOLN,NEGRO,2,,48,MASCULINO,SIN DATOS,0,0,Morelia,Camelinas,mayo,jueves,10,-101.174741238356,19.6817310721685
22977,22981,2019,,2019/05/16,10:54:00,COLISIÓN POR ALCANCE,ASFALTO,Bueno,Bueno,2,FORD,BLANCO,2,,57,MASCULINO,SIN DATOS,0,0,Morelia,Fovissste Acueducto,mayo,jueves,11,-101.1563397,19.6974513249991
22978,22982,2019,,2019/05/16,11:30:00,COLISIÓN POR INVASIÓN DE CARRIL,ASFALTO,Bueno,Bueno,2,NISSAN,BLANCO Y ROJO,2,,38,MASCULINO,SIN DATOS,0,0,Morelia,Francisco J Mujica,mayo,jueves,12,-101.188095957041,19.7221407434426
22979,22983,2019,,2019/05/16,13:30:00,COLISIÓN POR CORTE DE CIRCULACIÓN,ASFALTO,Bueno,Bueno,2,HONDA,ARENA,1,,55,MASCULINO,SIN DATOS,0,0,Morelia,Sin datos,mayo,jueves,14,-101.112511977553,19.7368102029247
22980,22984,2019,MOR 190384083,2019/05/16,14:20:00,COLISIÓN POR NO RESPETAR SEMÁFORO,ASFALTO,Bueno,Bueno,2,NISSAN,ARENA,2,,68,MASCULINO,SIN DATOS,0,0,Morelia,La Calera,mayo,jueves,14,-101.235397048295,19.6809219601957
22981,22985,2019,"190384400",2019/05/16,15:35:00,COLISIÓN POR ALCANCE,ASFALTO,Bueno,Bueno,2,VOLKSWAGEN,AZUL,2,,27,MASCULINO,SIN DATOS,0,0,Morelia,Agustin Arriaga Rivera,mayo,jueves,16,-101.22486166656,19.6907516204026
22982,22986,2019,,2019/05/16,16:00:00,COLISIÓN POR CORTE DE CIRCULACIÓN,CONCRETO,Bueno,Bueno,2,HONDA,BLANCO Y AZUL,2,MINISTERIO PÚBLICO,29,MASCULINO,SIN DATOS,0,0,Pajacuarán,Centro,mayo,jueves,16,-102.562037835001,20.1169704667291
22983,22987,2019,MOR 190 384477,2019/05/16,16:15:00,COLISIÓN POR CAMBIO DE CARRIL,CONCRETO,Bueno,Bueno,2,NISSAN,GRIS,2,,17,MASCULINO,SIN DATOS,0,0,Morelia,Ferrocarrilero,mayo,jueves,16,-101.221165917814,19.693939232778
22984,22988,2019,MOR190384683,2019/05/16,16:35:00,SUBIDA AL CAMELLÓN,ASFALTO,Bueno,Bueno,1,CHEVROLET,BLANCO,1,MINISTERIO PÚBLICO,48,MASCULINO,SIN DATOS,0,0,Morelia,Sin datos,mayo,jueves,17,-101.277188882232,19.6274638556478
22985,22989,2019,,2019/05/16,17:10:00,COLISIÓN POR ALCANCE,ASFALTO,Bueno,Bueno,3,CHRYSLER,BLANCO Y ROJO,3,,,MASCULINO,SIN DATOS,0,0,Morelia,Libertad,mayo,jueves,17,-101.237612552941,19.6865670331086
22986,22990,2019,,2019/05/16,18:30:00,VOLCADURA,ASFALTO,Bueno,Bueno,1,CHEVROLET,AZUL,1,,58,MASCULINO,SIN DATOS,0,0,Santa Ana Maya,Sin datos,mayo,jueves,19,-101.063324958086,20.0428428895937
22987,22991,2019,MOR190383326,2019/05/16,19:00:00,COLISIÓN POR CORTE DE CIRCULACIÓN,CONCRETO,Bueno,Bueno,2,VOLKSWAGUEN,BLANCO,2,,36,FEMENINO,SIN DATOS,0,0,Morelia,Isaac Arriaga,mayo,jueves,19,-101.17140289396,19.7077259195183
22988,22992,2019,,2019/05/16,22:00:00,VOLCADURA,ASFALTO,Bueno,Bueno,1,KENWORTH,NEGRO,1,,23,MASCULINO,SIN DATOS,0,0,Peribán,Sin datos,mayo,jueves,22,-102.458532974124,19.5527463628822
22989,22993,2019,"190383678",2019/05/16,23:00:00,SALIDA DE SUPERFICIE DE RODAMIENTO,ASFALTO,Bueno,Bueno,1,AUDI,GRIS,1,,,,SIN DATOS,0,0,Tzitzio,Sin datos,mayo,jueves,23,-100.95062066449,19.5939171564989
22990,22994,2019,,2019/05/16,23:30:00,COLISIÓN POR CAMBIO DE CARRIL,ASFALTO,Bueno,Regular,1,VOLKSWAGEN,BLANCO,1,MINISTERIO PÚBLICO,,MASCULINO,SIN DATOS,0,0,Morelia,Montaña Monarca,mayo,jueves,0,-101.165360212326,19.6715747317068
22991,22995,2019,MOR190385882,2019/05/16,23:40:00,COLISIÓN CON PEATÓN,ASFALTO,Bueno,Bueno,1,VOLKSWAGUEN,BLANCO,1,,43,MASCULINO,SIN DATOS,0,0,Morelia,Mirador del Punhuato,mayo,jueves,0,-101.158195361495,19.7032400185306
22992,22996,2019,"190386196",2019/05/17,"00:00:00",COLISIÓN CONTRA OBJETO FIJO,ASFALTO,Bueno,Bueno,1,RENAULT,NEGRO,1,,0,MASCULINO,SIN DATOS,0,0,Morelia,Lazaro Cardenas,mayo,viernes,0,-101.16429168731,19.7086302179842
22993,22997,2019,MOR 190385982,2019/05/17,"01:30:00",COLISIÓN POR CORTE DE CIRCULACIÓN,ASFALTO,Bueno,Bueno,2,ITALIKA,NEGRO,2,,33,MASCULINO,SIN DATOS,0,0,Morelia,Los Manantiales de Morelia,mayo,viernes,2,-101.241459175944,19.7007552323016
22994,22998,2019,MOR190389242,2019/05/17,"02:23:00",COLISIÓN POR CORTE DE CIRCULACIÓN,ASFALTO,Bueno,Bueno,2,KENWORTH,NEGRO,2,,49,MASCULINO,SIN DATOS,0,0,Morelia,Centro,mayo,viernes,2,-101.187808290124,19.698351215405
22995,22999,2019,,2019/05/17,"06:55:00",COLISIÓN CON PEATÓN,SIN_DATOS,Bueno,Bueno,2,AUTOCAR,AZUL,1,,44,MASCULINO,SIN DATOS,0,0,Morelia,La Esperanza,mayo,viernes,7,-101.252725124359,19.6980058875325
22996,23000,2019,MOR190386182,2019/05/17,"07:50:00",COLISIÓN CONTRA OBJETO FIJO,ASFALTO,Bueno,Malo,1,NISSAN,PLATA,1,,48,FEMENINO,SIN DATOS,0,0,Morelia,Ejidal Tres Puentes,mayo,viernes,8,-101.22723005712,19.6924574965163
22997,23001,2019,,2019/05/17,"09:00:00",VOLCADURA,ASFALTO,Bueno,Bueno,1,ISUZU,GRIS,1,,,,SIN DATOS,0,0,Los Reyes,San Juan de Dios,mayo,viernes,9,-102.480031885207,19.6084546889429
22998,23002,2019,,2019/05/17,"09:00:00",COLISIÓN POR MANIOBRA DE REVERSA,ASFALTO,Bueno,Bueno,2,FORD,BLANCO,2,,52,MASCULINO,SIN DATOS,0,0,Los Reyes,San Juan de Dios,mayo,viernes,9,-102.481952346861,19.6120431408905
22999,23003,2019,,2019/05/17,"09:10:00",COLISIÓN POR CAMBIO DE CARRIL,ASFALTO,Bueno,Bueno,2,FORD,Blanco,2,,65,MASCULINO,SIN DATOS,0,0,Morelia,Chapultepec Oriente,mayo,viernes,9,-101.163992417374,19.6959698725518
23000,23004,2019,MOR190383461,2019/05/17,"09:55:00",COLISIÓN POR ALCANCE,ASFALTO,Bueno,Bueno,2,VOLKSWAGEN,PLATA,2,,26,FEMENINO,SIN DATOS,0,0,Morelia,Sentimientos de La Nacion,mayo,viernes,10,-101.23542688787,19.6815647041801
23001,23005,2019,MOR190386490,2019/05/17,10:30:00,CAIDA DE MOTOCICLETA,ASFALTO,Bueno,Bueno,1,ITALIKA,NEGRO,1,,20,MASCULINO,SIN DATOS,0,0,Tarímbaro,Sin datos,mayo,viernes,11,-101.159354075789,19.7674046374074
23002,23006,2019,,2019/05/17,12:30:00,COLISIÓN POR ALCANCE,ASFALTO,Bueno,Bueno,2,HONDA,BLANCO,2,,36,MASCULINO,SIN DATOS,0,0,Morelia,Santa Maria,mayo,viernes,13,-101.201898269355,19.6778183796474
23003,23007,2019,,2019/05/17,12:30:00,COLISIÓN POR MANIOBRA DE REVERSA,ASFALTO,Bueno,Bueno,2,Ford,Blanco,2,MINISTERIO PÚBLICO,23,FEMENINO,SIN DATOS,0,0,Morelia,Eduardo Ruiz,mayo,viernes,13,-101.219881810248,19.7215448727286
23004,23008,2019,MOR 190387145,2019/05/17,13:49:00,COLISIÓN CON PEATÓN,ASFALTO,Bueno,Bueno,1,CHEVROLET,AZUL,2,,0,,SIN DATOS,1,0,Morelia,Sin datos,mayo,viernes,14,-101.284117698669,19.6903810224113
23005,23009,2019,,2019/05/17,14:00:00,COLISIÓN CON PEATÓN,ASFALTO,Bueno,Bueno,1,NISSAN,PLATA,0,,,,,0,0,Contepec,Contepec,mayo,viernes,14,-100.162495002151,19.9430137143218
23006,23010,2019,,2019/05/17,14:00:00,COLISIÓN POR ALCANCE,ASFALTO,Bueno,Bueno,2,NISSAN,BLANCO,2,,42,MASCULINO,SIN DATOS,0,0,Morelia,Alberto Oviedo Mota,mayo,viernes,14,-101.202127598226,19.6771203735435
23007,23011,2019,,2019/05/17,15:10:00,COLISIÓN CON PEATÓN,ASFALTO,Bueno,Bueno,1,RENAULT,ROJO,3,MINISTERIO PÚBLICO,44,MASCULINO,SIN DATOS,2,0,Zacapu,Centro,mayo,viernes,15,-101.790467,19.816037
23008,23012,2019,,2019/05/17,15:32:00,COLISIÓN POR CAMBIO DE CARRIL,CONCRETO,Bueno,Bueno,2,NISSAN,BLANCO,2,,40,MASCULINO,SIN DATOS,0,0,Morelia,Chapultepec Oriente,mayo,viernes,16,-101.165128871799,19.6934726798912
23009,23013,2019,LEG24118,2019/05/17,16:00:00,VOLCADURA,ASFALTO,Lluvioso,Bueno,1,FORD,ROJO,1,,34,MASCULINO,SIN DATOS,0,0,Morelia,Sin datos,mayo,viernes,16,-101.38909868896,19.6664570131173
23010,23014,2019,,2019/05/17,16:20:00,COLISIÓN POR CORTE DE CIRCULACIÓN,CONCRETO,Bueno,Bueno,3,VOLKSWAGEN VORA,GRIS,2,,32,MASCULINO,SIN DATOS,0,0,Morelia,Jose Ma Pino Suarez,mayo,viernes,16,-101.163451652974,19.7215508693199
23011,23015,2019,,2019/05/17,16:45:00,COLISIÓN POR CORTE DE CIRCULACIÓN,ASFALTO,Bueno,Bueno,2,VOLKSWAGEN,BLANCO,2,MINISTERIO PÚBLICO,39,MASCULINO,SIN DATOS,0,0,Morelia,Ventura Puente,mayo,viernes,17,-101.183205284178,19.6929537250151
23012,23016,2019,"190386626",2019/05/17,17:30:00,COLISIÓN POR INVASIÓN DE CARRIL,ASFALTO,Lluvioso,Bueno,2,HONDA,AZUL,2,MINISTERIO PÚBLICO,40,MASCULINO,ALIENTO ETÍLICO,0,0,Morelia,Sin datos,mayo,viernes,18,-101.097461767495,19.7382101093225
23013,23017,2019,,2019/05/17,17:45:00,COLISIÓN POR CAMBIO DE CARRIL,ASFALTO,Bueno,Bueno,2,FORD,ROJO,2,,23,MASCULINO,SIN DATOS,0,0,Morelia,El Dorado,mayo,viernes,18,-101.230815835297,19.7032447532236
23014,23018,2019,,2019/05/17,18:00:00,COLISIÓN POR CORTE DE CIRCULACIÓN,ASFALTO,Bueno,Bueno,2,NISSAN,TURQUESA,2,,33,MASCULINO,SIN DATOS,0,0,Morelia,Ventura Puente,mayo,viernes,18,-101.179450191557,19.6923552202223
23015,23019,2019,MOR 190388101,2019/05/17,18:02:00,COLISIÓN POR ALCANCE,ASFALTO,Bueno,Bueno,2,MITSUBISHI,GRIS,2,,46,MASCULINO,SIN DATOS,0,0,Morelia,Las Americas,mayo,viernes,18,-101.159020476043,19.6879670637376
23016,23020,2019,,2019/05/17,18:20:00,COLISIÓN CON PEATÓN,SIN_DATOS,Bueno,Bueno,1,Nissan,Blanco con rojo,1,,0,MASCULINO,SIN DATOS,0,0,Tarímbaro,Sin datos,mayo,viernes,18,-101.156818382442,19.7748333690279
23017,23021,2019,,2019/05/17,19:50:00,COLISIÓN POR ALCANCE,ASFALTO,Bueno,Bueno,3,FORD,NEGRO,3,,37,MASCULINO,SIN DATOS,0,0,Morelia,Indeco El Vivero,mayo,viernes,20,-101.231920234859,19.6776052844836
23018,23022,2019,MOR190388568,2019/05/17,20:45:00,COLISIÓN POR CORTE DE CIRCULACIÓN,CONCRETO,Bueno,Bueno,2,PLIMOUTH,VERDE,2,,48,FEMENINO,SIN DATOS,0,0,Morelia,Clara Cordova Moran,mayo,viernes,21,-101.180054694414,19.7346623515328
23019,23023,2019,,2019/05/17,21:40:00,COLISIÓN POR CAMBIO DE CARRIL,ASFALTO,Bueno,Bueno,2,Ford,Negro,2,,0,MASCULINO,SIN DATOS,0,0,Morelia,Camelinas,mayo,viernes,22,-101.166127324104,19.68417290502
23020,23024,2019,LEG24131,2019/05/17,21:56:00,COLISIÓN CON PEATÓN,CONCRETO,Bueno,Bueno,1,SE DESCONOCE,SE DECONOCE,1,,,,,1,0,Morelia,Ventura Puente,mayo,viernes,22,-101.186650581658,19.6906638638859
23021,23025,2019,,2019/05/18,"00:00:00",COLISIÓN POR CAMBIO DE CARRIL,ASFALTO,Bueno,Bueno,2,NISSAN,VERDE,2,,0,MASCULINO,SIN DATOS,0,0,Morelia,Centro,mayo,sábado,0,-101.190409362316,19.7047336494059
23022,23026,2019,,2019/05/18,"03:30:00",COLISIÓN CONTRA OBJETO FIJO,CONCRETO,Bueno,Bueno,1,NISSAN,BLANCO/VERDE/NARANJA,1,,47,MASCULINO,ALIENTO ETÍLICO,0,0,Zitácuaro,Sin datos,mayo,sábado,4,-100.299559906125,19.4520685220714
23023,23027,2019,MOR190389265,2019/05/18,"03:40:00",COLISIÓN CONTRA OBJETO FIJO,ASFALTO,Bueno,Bueno,2,CHRYSLER,GRIS,2,,42,MASCULINO,ALIENTO ETÍLICO,0,0,Morelia,Loma Bonita,mayo,sábado,4,-101.19700089097,19.7187393901361
23024,23028,2019,MOR 190392868,2019/05/18,"05:20:00",COLISIÓN POR CORTE DE CIRCULACIÓN,ASFALTO,Bueno,Bueno,1,NISSAN,BLANCO,0,,,,,0,0,Morelia,Sin datos,mayo,sábado,5,-101.094963289797,19.7371128437831
23025,23029,2019,"190389323",2019/05/18,"05:30:00",COLISIÓN POR CORTE DE CIRCULACIÓN,ASFALTO,Bueno,Bueno,2,MITZUBISHI,BLANCO,2,MINISTERIO PÚBLICO,26,MASCULINO,ALIENTO ETÍLICO,0,0,Morelia,Enrique Arreguin Robles,mayo,sábado,6,-101.185448952019,19.7240056655523
23026,23030,2019,MOR 190389319,2019/05/18,"05:34:00",COLISIÓN CONTRA OBJETO FIJO,ASFALTO,Bueno,Bueno,1,FORD,GRIS,1,,28,MASCULINO,ALIENTO ETÍLICO,0,0,Morelia,Vista Bella,mayo,sábado,6,-101.197639927268,19.6785792059937
23027,23031,2019,,2019/05/18,"06:00:00",COLISIÓN CONTRA OBJETO FIJO,ASFALTO,Bueno,Bueno,1,SEAT,AZUL,1,,23,MASCULINO,SIN DATOS,0,0,Morelia,Josefa Ortiz de Dominguez,mayo,sábado,6,-101.209149286151,19.6720533452749