fid,id_accidente,anio_origen,folio_c5i,dia_incidente,hora_ocurrencia,tipo_incidente_vial,superficie_ocurrencia,condiciones_climaticas,condiciones_via,numero_vehiculos_involucrados,marca_vehiculo_ocasiona_siniestro,color_vehiculo_ocasiona_siniestro,numero_personas_involucradas,lugar_remite_presunto_responsable,edad_presunto_responsable,sexo_presunto_responsable,resultados_toxicologia,numero_personas_lesionadas,numero_personas_fallecidas,municipio,colonia,mes,dia_semana,hora_redondeada,lon,lat
23028,23032,2019,MOR 190389349,2019/05/18,"06:20:00",COLISIÓN CONTRA OBJETO FIJO,ASFALTO,Bueno,Bueno,2,SIN DATOS,SIN DATOS,2,,0,,SIN DATOS,0,0,Morelia,Vista Bella,mayo,sábado,6,-101.195771433413,19.6808698713021
23029,23033,2019,,2019/05/18,"06:40:00",COLISIÓN CONTRA OBJETO FIJO,ASFALTO,Bueno,Bueno,1,MAZDA CX-7,GRIS,0,,,,,0,0,Morelia,Sentimientos de La Nacion,mayo,sábado,7,-101.2317289,19.6795412
23030,23034,2019,,2019/05/18,"07:30:00",COLISIÓN CON PEATÓN,SIN_DATOS,Bueno,Bueno,2,Kia,BLANCO,2,,0,FEMENINO,ALIENTO ETÍLICO,0,0,Morelia,Centro,mayo,sábado,8,-101.195881068707,19.7073367381861
23031,23035,2019,,2019/05/18,"09:10:00",COLISIÓN POR CORTE DE CIRCULACIÓN,ASFALTO,Bueno,Bueno,2,HONDA,PLATA,2,MINISTERIO PÚBLICO,26,FEMENINO,SIN DATOS,0,0,Morelia,Buenavista,mayo,sábado,9,-101.165964379907,19.7051764962857
23032,23036,2019,,2019/05/18,"09:14:00",COLISIÓN CON PEATÓN,SIN_DATOS,Bueno,Bueno,1,NISSAN,BLANCO,1,,52,MASCULINO,SIN DATOS,0,0,Morelia,Adolfo Lopez Mateos,mayo,sábado,9,-101.229655779898,19.7035184182422
23033,23037,2019,MOR 190245529,2019/05/18,10:15:00,COLISIÓN POR CORTE DE CIRCULACIÓN,CONCRETO,Bueno,Bueno,1,VOLKSWAGEN,AZUL,1,,27,MASCULINO,SIN DATOS,0,0,Morelia,Obrera,mayo,sábado,10,-101.184132657945,19.7107629533144
23034,23038,2019,,2019/05/18,10:30:00,COLISIÓN POR INVASIÓN DE CARRIL,ASFALTO,Bueno,Bueno,2,MITZUBISHI,ROJO,0,MINISTERIO PÚBLICO,,,,0,0,Coeneo,Coeneo de La Libertad,mayo,sábado,11,-101.58229149878,19.8319963454398
23035,23039,2019,MOR 190245531,2019/05/18,10:50:00,COLISIÓN POR CORTE DE CIRCULACIÓN,ASFALTO,Bueno,Bueno,1,VENTO,NEGRO CON VERDE,1,,,,,1,0,Morelia,Arboledas de Valladolid,mayo,sábado,11,-101.250801645219,19.692615014508
23036,23040,2019,,2019/05/18,11:00:00,VOLCADURA,ASFALTO,Bueno,Bueno,1,FORD,AZUL,1,,26,MASCULINO,SIN DATOS,0,0,Zacapu,Sin datos,mayo,sábado,11,-101.766953207552,19.7822589149668
23037,23041,2019,,2019/05/18,14:40:00,COLISIÓN CONTRA OBJETO FIJO,ASFALTO,Bueno,Bueno,1,VOLKSWAGEN,ROJO,1,MINISTERIO PÚBLICO,,,SIN DATOS,0,0,Lázaro Cárdenas,Reforma,mayo,sábado,15,-102.230938151479,17.9854322053521
23038,23042,2019,MOR190390356,2019/05/18,15:00:00,COLISIÓN POR CORTE DE CIRCULACIÓN,ASFALTO,Bueno,Bueno,2,ITALIKA,NEGRO,3,MINISTERIO PÚBLICO,23,MASCULINO,SIN DATOS,1,0,Morelia,Ciudad Industrial,mayo,sábado,15,-101.142929233611,19.7252289466924
23039,23043,2019,MOR 190390789,2019/05/18,17:05:00,COLISIÓN CONTRA OBJETO FIJO,CONCRETO,Bueno,Bueno,1,CHEVROLET,BLANCO,1,,35,MASCULINO,SIN DATOS,0,0,Morelia,Bicentenario,mayo,sábado,17,-101.180842928588,19.746727625127
23040,23044,2019,,2019/05/18,17:10:00,COLISIÓN POR NO RESPETAR SEMÁFORO,ASFALTO,Bueno,Bueno,2,VOLKSWAGEN,CREMA,2,MINISTERIO PÚBLICO,0,FEMENINO,SIN DATOS,0,0,Morelia,Fovissste La Huerta,mayo,sábado,17,-101.212119497359,19.6923230221163
23041,23045,2019,,2019/05/18,17:20:00,COLISIÓN POR CORTE DE CIRCULACIÓN,CONCRETO,Bueno,Bueno,2,ITALIKA,ROJO,2,,37,MASCULINO,SIN DATOS,0,0,Morelia,Union,mayo,sábado,17,-101.157310567796,19.709892124017
23042,23046,2019,,2019/05/18,17:55:00,COLISIÓN POR INVASIÓN DE CARRIL,ASFALTO,Bueno,Bueno,2,DODGE,GRIS,2,,42,MASCULINO,SIN DATOS,0,0,Morelia,Jardines de Torremolinos,mayo,sábado,18,-101.227920055389,19.6767895220078
23043,23047,2019,,2019/05/18,18:30:00,COLISIÓN POR INVASIÓN DE CARRIL,ASFALTO,Bueno,Bueno,1,HARLEY DAVISON,NEGRO,2,MINISTERIO PÚBLICO,38,MASCULINO,SIN DATOS,1,0,Puruándiro,Lomas de Agua Tibia,mayo,sábado,19,-101.488502025604,20.0867118565235
23044,23048,2019,MOR 190391341,2019/05/18,20:10:00,VOLCADURA,ASFALTO,Bueno,Bueno,1,FORD,ROJA,1,,41,MASCULINO,SIN DATOS,0,0,Morelia,Sin datos,mayo,sábado,20,-101.288209073246,19.6886018875722
23045,23049,2019,,2019/05/18,20:15:00,VOLCADURA,ASFALTO,Bueno,Bueno,1,JEEP,GRIS,2,,30,FEMENINO,SIN DATOS,1,0,Tarímbaro,Sin datos,mayo,sábado,20,-101.168619431555,19.7567779048114
23046,23050,2019,MOR 190391324,2019/05/18,20:20:00,COLISIÓN POR ALCANCE,ASFALTO,Lluvioso,Regular,2,CHEVROLET,BLANCO,2,,18,MASCULINO,SIN DATOS,0,0,Morelia,Tierra Y Libertad,mayo,sábado,20,-101.227392666042,19.7134417980875
23047,23051,2019,MOR 190391449,2019/05/18,21:55:00,COLISIÓN POR NO RESPETAR SEMÁFORO,ASFALTO,Lluvioso,Regular,2,NISSAN,BLANCO,2,,0,MASCULINO,SIN DATOS,0,0,Morelia,Loma de Los Piñones,mayo,sábado,22,-101.205372400582,19.6739633653995
23048,23052,2019,MOR 190391240,2019/05/18,22:15:00,COLISIÓN POR CORTE DE CIRCULACIÓN,ASFALTO,Bueno,Regular,1,TOYOTA,ARENA,1,,35,MASCULINO,SIN DATOS,0,0,Morelia,Sin datos,mayo,sábado,22,-101.304398551583,19.6876744315154
23049,23053,2019,,2019/05/19,"01:40:00",COLISIÓN POR CORTE DE CIRCULACIÓN,SIN_DATOS,Bueno,Bueno,2,S/D,cafe,1,,23,MASCULINO,SIN DATOS,0,0,Morelia,Centro,mayo,domingo,2,-101.18883959949,19.7081495042879
23050,23054,2019,MOR190302126,2019/05/19,"01:40:00",SUBIDA AL CAMELLÓN,CONCRETO,Bueno,Bueno,1,VW,ROJO,1,,0,,SIN DATOS,0,0,Morelia,Tzindurio Norte,mayo,domingo,2,-101.244759634137,19.7037084368148
23051,23055,2019,,2019/05/19,"01:40:00",COLISIÓN POR CORTE DE CIRCULACIÓN,ASFALTO,Bueno,Bueno,1,CHEVROLET,VERDE,1,,75,MASCULINO,CON CERTIFICADO,0,0,Morelia,Los Manantiales de Morelia,mayo,domingo,2,-101.242961883545,19.7001135123122
23052,23056,2019,,2019/05/19,"02:00:00",SALIDA DE SUPERFICIE DE RODAMIENTO,ASFALTO,Bueno,Bueno,1,CHEVROLET,GRIS,1,,,,SIN DATOS,0,0,Zitácuaro,Sin datos,mayo,domingo,2,-100.41063554585,19.3596677932316
23053,23057,2019,MOR190392078,2019/05/19,"02:30:00",SUBIDA AL CAMELLÓN,ASFALTO,Bueno,Bueno,1,CHEVROLET,AZUL,1,,26,MASCULINO,ALIENTO ETÍLICO,0,0,Morelia,Loma de Los Piñones,mayo,domingo,3,-101.203723847866,19.6749477272122
23054,23058,2019,LEG24165,2019/05/19,"04:13:00",COLISIÓN POR CAMBIO DE CARRIL,CONCRETO,Bueno,Bueno,2,HONDA,GRIS,2,MINISTERIO PÚBLICO,30,MASCULINO,SIN DATOS,0,0,Morelia,Fuentes de Morelia,mayo,domingo,4,-101.204956658185,19.6736798630246
23055,23059,2019,MOR190392345,2019/05/19,"06:45:00",SUBIDA AL CAMELLÓN,ASFALTO,Bueno,Bueno,1,MERCEDES BENZ,BLANCO,1,,50,MASCULINO,SIN DATOS,0,0,Morelia,Villas Lomas del Paraiso,mayo,domingo,7,-101.176409572363,19.674142053721
23056,23060,2019,,2019/05/19,"08:10:00",SALIDA DE SUPERFICIE DE RODAMIENTO,ASFALTO,Bueno,Bueno,1,HONDA,GRIS,1,,29,MASCULINO,SIN DATOS,0,0,Morelia,Sin datos,mayo,domingo,8,-101.34748890996,19.545404335101
23057,23061,2019,MOR190243380,2019/05/19,"09:00:00",COLISIÓN POR CORTE DE CIRCULACIÓN,ASFALTO,Bueno,Bueno,2,NISSAN,BLANCO,2,MINISTERIO PÚBLICO,50,MASCULINO,SIN DATOS,0,0,Morelia,Villas Lomas del Paraiso,mayo,domingo,9,-101.175569705665,19.6734178280896
23058,23062,2019,MOR190392560,2019/05/19,"09:20:00",SUBIDA AL CAMELLÓN,ASFALTO,Bueno,Regular,1,FORD,NEGRO,1,,48,MASCULINO,ALIENTO ETÍLICO,0,0,Morelia,Nicolaitas Ilustres,mayo,domingo,9,-101.225753501058,19.723457773956
23059,23063,2019,,2019/05/19,12:15:00,COLISIÓN POR ALCANCE,CONCRETO,Bueno,Bueno,2,HONDA,S/D,2,,43,MASCULINO,SIN DATOS,0,0,Morelia,Chapultepec Norte,mayo,domingo,12,-101.164487823844,19.6959367455953
23060,23064,2019,MOR190392924,2019/05/19,12:15:00,COLISIÓN POR CORTE DE CIRCULACIÓN,ASFALTO,Bueno,Bueno,2,VOLKSWAGEN,ROJO,2,,58,FEMENINO,SIN DATOS,0,0,Morelia,Juarez,mayo,domingo,12,-101.200188025832,19.6954802996994
23061,23065,2019,MOR190393319,2019/05/19,14:50:00,SALIDA DE SUPERFICIE DE RODAMIENTO,SIN_DATOS,Bueno,Bueno,1,VOLKWAGEN,GRIS,0,,,,,0,0,Morelia,Felix Ireta,mayo,domingo,15,-101.19157075882,19.6823078342361
23062,23066,2019,MOR 190393255,2019/05/19,14:50:00,COLISIÓN POR INVASIÓN DE CARRIL,ASFALTO,Bueno,Bueno,2,VOLKSWAGEN,GRIS,2,,42,FEMENINO,SIN DATOS,0,0,Morelia,Los Angeles,mayo,domingo,15,-101.176494732499,19.7416716376202
23063,23067,2019,,2019/05/19,17:41:00,COLISIÓN CON PEATÓN,SIN_DATOS,Bueno,Bueno,2,CHEVROLET,GRIS,1,MINISTERIO PÚBLICO,31,FEMENINO,SIN DATOS,0,0,Morelia,Centro,mayo,domingo,18,-101.198391951621,19.7040471238439
23064,23068,2019,MOR190394119,2019/05/19,18:31:00,COLISIÓN POR ALCANCE,ASFALTO,Bueno,Bueno,2,FORD,ROJO,2,,61,MASCULINO,SIN DATOS,0,0,Morelia,Indeco El Vivero,mayo,domingo,19,-101.229736581445,19.677000092673
23065,23069,2019,,2019/05/19,19:30:00,COLISIÓN CONTRA OBJETO FIJO,ASFALTO,Bueno,Bueno,1,DODGE,BLANCO,0,,,,,0,0,Hidalgo,Sin datos,mayo,domingo,20,-100.592776313424,19.6995112464494
23066,23070,2019,MOR190N394418,2019/05/19,20:30:00,COLISIÓN POR CAMBIO DE CARRIL,ASFALTO,Bueno,Bueno,2,FORD,AZUL,2,MINISTERIO PÚBLICO,34,MASCULINO,SIN DATOS,0,0,Morelia,Cañada del Bosque,mayo,domingo,21,-101.093947403133,19.7281002751808
23067,23071,2019,,2019/05/19,21:34:00,COLISIÓN CONTRA OBJETO FIJO,ASFALTO,Bueno,Bueno,1,SEAT,NEGRO,2,MINISTERIO PÚBLICO,46,MASCULINO,CON CERTIFICADO,1,0,Zacapu,Ignacio Zaragoza,mayo,domingo,22,-101.769118085504,19.8503895368282
23068,23072,2019,MOR190391583,2019/05/19,21:40:00,SUBIDA AL CAMELLÓN,CONCRETO,Bueno,Bueno,1,RENAULT,NEGRO,1,MINISTERIO PÚBLICO,23,MASCULINO,SIN DATOS,0,0,Morelia,Industrial,mayo,domingo,22,-101.188629046082,19.7108172418994
23069,23073,2019,LEG24158,2019/05/19,22:50:00,COLISIÓN CONTRA OBJETO FIJO,ASFALTO,Bueno,Bueno,1,RENAULT MEGANE,GRIS,0,,,,,0,0,Morelia,Isaac Arriaga,mayo,domingo,23,-101.169542111456,19.7085443650859
23070,23074,2019,LEG24160,2019/05/19,23:00:00,COLISIÓN POR CORTE DE CIRCULACIÓN,CONCRETO,Bueno,Bueno,1,NISSAN,BLANCO CON MORADO,2,,39,MASCULINO,SIN DATOS,1,0,Morelia,Centro,mayo,domingo,23,-101.188671626151,19.7107351777522
23071,23075,2019,LEG24155,2019/05/19,23:23:00,SUBIDA AL CAMELLÓN,ASFALTO,Bueno,Bueno,1,FORD,NEGRO,1,,55,MASCULINO,ALIENTO ETÍLICO,0,0,Morelia,La Quemada,mayo,domingo,23,-101.242146827281,19.7054517362091
23072,23076,2019,MOR190494907,2019/05/19,23:30:00,SALIDA DE SUPERFICIE DE RODAMIENTO,TERRACERIA,Bueno,Bueno,1,FORD,BLANCO,1,,,MASCULINO,ALIENTO ETÍLICO,0,0,Morelia,Primavera,mayo,domingo,0,-101.14571236074,19.7077858906045
23073,23077,2019,MOR 190392498,2019/05/20,"00:00:00",COLISIÓN CONTRA OBJETO FIJO,ASFALTO,Bueno,Bueno,2,ITALIKA,AZUL,1,,,,,1,0,Morelia,Los Angeles,mayo,lunes,0,-101.170694095,19.7483762349991
23074,23078,2019,,2019/05/20,"00:00:00",COLISIÓN POR CAMBIO DE CARRIL,ASFALTO,Bueno,Bueno,2,NISSAN,BLANCO,2,,23,MASCULINO,SIN DATOS,0,0,Morelia,Centro,mayo,lunes,0,-101.18754847,19.7028479949991
23075,23079,2019,,2019/05/20,"01:05:00",COLISIÓN CONTRA OBJETO FIJO,ASFALTO,Bueno,Bueno,2,NISSAN,BLANCO,1,MINISTERIO PÚBLICO,42,MASCULINO,SIN DATOS,0,0,Morelia,Cañada del Bosque,mayo,lunes,1,-101.095595620573,19.7298382591231
23076,23080,2019,MOR 190 385293,2019/05/20,"07:18:00",COLISIÓN POR INVASIÓN DE CARRIL,ASFALTO,Bueno,Bueno,3,INTERNACIONAL,VERDE,3,,26,MASCULINO,SIN DATOS,0,0,Morelia,Enrique Ramirez,mayo,lunes,7,-101.166016211543,19.7096478904883
23077,23081,2019,,2019/05/20,"08:00:00",COLISIÓN POR CORTE DE CIRCULACIÓN,ASFALTO,Bueno,Bueno,2,VENTO,NEGRO y  VERDE,2,,24,MASCULINO,SIN DATOS,0,0,Morelia,Tierra Y Libertad,mayo,lunes,8,-101.22977368,19.7151822499992
23078,23082,2019,,2019/05/20,"08:30:00",COLISIÓN CON PEATÓN,SIN_DATOS,Bueno,Bueno,3,VOLKSWAGEN,ROJO,3,,,FEMENINO,SIN DATOS,0,0,Morelia,Centro,mayo,lunes,9,-101.18754847,19.7028479949991
23079,23083,2019,MOR190987654,2019/05/20,"09:00:00",COLISIÓN POR INVASIÓN DE CARRIL,ASFALTO,Bueno,Bueno,2,FORD,NEGRO,2,,26,MASCULINO,SIN DATOS,0,0,Morelia,Gral Gertrudis Sanchez,mayo,lunes,9,-101.2094753,19.7439916449991
23081,23085,2019,,2019/05/20,11:20:00,COLISIÓN CON PEATÓN,SIN_DATOS,Bueno,Bueno,2,FORD,BLANCO,2,,,MASCULINO,SIN DATOS,0,0,Morelia,Centro,mayo,lunes,11,-101.18754847,19.7028479949991
23082,23086,2019,,2019/05/20,11:45:00,COLISIÓN POR ALCANCE,CONCRETO,Bueno,Bueno,2,NISSAN,BLANCO,2,,36,MASCULINO,SIN DATOS,0,0,Morelia,Infonavit Colonial Universidad,mayo,lunes,12,-101.204939035,19.6864075999991
23083,23087,2019,MOR190395869,2019/05/20,12:10:00,CAIDA DE MOTOCICLETA,CONCRETO,Bueno,Bueno,1,HONDA,ROJO,1,,16,MASCULINO,SIN DATOS,0,0,Morelia,Ferrocarrilero,mayo,lunes,12,-101.223609235,19.6918737849991
23084,23088,2019,,2019/05/20,12:30:00,COLISIÓN POR CORTE DE CIRCULACIÓN,ASFALTO,Bueno,Bueno,2,BMW 525,NEGRO,2,,73,MASCULINO,SIN DATOS,0,0,Morelia,Del Empleado,mayo,lunes,13,-101.18002517,19.6886070099991
23085,23089,2019,,2019/05/20,14:25:00,COLISIÓN POR INVASIÓN DE CARRIL,CONCRETO,Bueno,Bueno,2,GENERAL MOTORS,BLANCO Y VERDE,2,,,MASCULINO,SIN DATOS,0,0,Morelia,Solidaridad,mayo,lunes,14,-101.206181019701,19.7355583209876
23086,23090,2019,,2019/05/20,17:20:00,CAIDA DE MOTOCICLETA,TERRACERIA,Bueno,Bueno,1,CARABELA,VERDE/GRIS,1,,37,MASCULINO,SIN DATOS,0,0,Morelia,Club Campestre,mayo,lunes,17,-101.15824796,19.6831940049991
23087,23091,2019,,2019/05/20,18:30:00,COLISIÓN CON PEATÓN,SIN_DATOS,Bueno,Bueno,2,MERCEDES BENZ,AZUL,1,MINISTERIO PÚBLICO,,FEMENINO,SIN DATOS,0,0,Morelia,Lomas de Morelia (Dr Ignacio Chavez),mayo,lunes,19,-101.175452644618,19.7162004988672
23089,23093,2019,,2019/05/20,18:45:00,COLISIÓN POR CAMBIO DE CARRIL,ASFALTO,Bueno,Bueno,2,HONDA,AZUL,2,,68,MASCULINO,SIN DATOS,0,0,Morelia,Gertrudis Sanchez,mayo,lunes,19,-101.205776745,19.7441101549991
23090,23094,2019,MOR190397561,2019/05/20,20:40:00,COLISIÓN POR CORTE DE CIRCULACIÓN,ASFALTO,Bueno,Bueno,2,SEAT,GRIS,2,,22,MASCULINO,SIN DATOS,0,0,Morelia,Chapultepec Sur,mayo,lunes,21,-101.16997927,19.6916553849992
23093,23097,2019,"190399642",2019/05/21,"00:00:00",COLISIÓN POR CORTE DE CIRCULACIÓN,CONCRETO,Bueno,Bueno,2,NISSAN,BLANCO,2,,47,MASCULINO,SIN DATOS,0,0,Morelia,Camelinas,mayo,martes,0,-101.17110856,19.6815556899992
23094,23098,2019,MOR 190398150,2019/05/21,"00:50:00",COLISIÓN POR CORTE DE CIRCULACIÓN,CONCRETO,Bueno,Bueno,2,HONDA,ARENA,2,,29,FEMENINO,SIN DATOS,0,0,Morelia,San Isidro Itzicuaro Norte,mayo,martes,1,-101.265635265,19.7025637149992
23095,23099,2019,,2019/05/21,"01:15:00",SUBIDA AL CAMELLÓN,CONCRETO,Bueno,Bueno,1,MAZDA 3,ROJO,1,,34,MASCULINO,SIN DATOS,0,0,Morelia,Solidaridad,mayo,martes,1,-101.20685225382,19.7316041252956
23097,23101,2019,,2019/05/21,"07:30:00",COLISIÓN POR CORTE DE CIRCULACIÓN,ASFALTO,Bueno,Bueno,2,AUDI,BLANCO,2,MINISTERIO PÚBLICO,,,,2,0,Morelia,Centro,mayo,martes,8,-101.18754847,19.7028479949991
23098,23102,2019,,2019/05/21,"08:00:00",COLISIÓN POR CORTE DE CIRCULACIÓN,CONCRETO,Bueno,Bueno,2,CHEVROLET,NARANJA,4,,39,MASCULINO,SIN DATOS,2,0,Morelia,Loma Real,mayo,martes,8,-101.19781947,19.7313689249991
23099,23103,2019,,2019/05/21,"09:35:00",COLISIÓN POR ALCANCE,ASFALTO,Bueno,Bueno,2,TOYOTA,BLANCO Y GRIS,2,,53,MASCULINO,SIN DATOS,0,0,Morelia,Camelinas,mayo,martes,10,-101.17262119,19.6818144849991
23100,23104,2019,,2019/05/21,10:20:00,COLISIÓN POR CORTE DE CIRCULACIÓN,CONCRETO,Bueno,Bueno,2,NISSAN,NEGRO,2,,42,FEMENINO,SIN DATOS,0,0,Morelia,La Esperanza,mayo,martes,10,-101.254530085,19.7002807449992
23101,23105,2019,,2019/05/21,13:30:00,COLISIÓN POR CAMBIO DE CARRIL,ASFALTO,Bueno,Bueno,2,FORD,AMARILLO,2,,48,MASCULINO,SIN DATOS,0,0,Morelia,Lomas de San Juan,mayo,martes,14,-101.183039681886,19.7298664251429
23102,23106,2019,,2019/05/21,15:30:00,COLISIÓN POR INVASIÓN DE CARRIL,ASFALTO,Bueno,Bueno,2,FORD,ROJO,0,MINISTERIO PÚBLICO,,,,0,0,Hidalgo,Sin datos,mayo,martes,16,-100.511980131268,19.6875885673746
23103,23107,2019,,2019/05/21,16:00:00,COLISIÓN POR ALCANCE,CONCRETO,Bueno,Bueno,2,SEAT,ROJO,2,,32,FEMENINO,SIN DATOS,0,0,Morelia,Villa Universidad,mayo,martes,16,-101.199352667542,19.6833167641249
23104,23108,2019,,2019/05/21,16:45:00,COLISIÓN POR INVASIÓN DE CARRIL,ASFALTO,Bueno,Bueno,2,FORD,ROJO,0,MINISTERIO PÚBLICO,,,,0,0,Hidalgo,Sin datos,mayo,martes,17,-100.515317805111,19.6871115786071
23105,23109,2019,,2019/05/21,17:15:00,COLISIÓN POR ALCANCE,ASFALTO,Bueno,Bueno,2,VOLKSWAGEN,PLATA,2,,60,MASCULINO,SIN DATOS,0,0,Morelia,Camelinas,mayo,martes,17,-101.17262119,19.6818144849991
23107,23111,2019,,2019/05/21,19:00:00,COLISIÓN POR CAMBIO DE CARRIL,CONCRETO,Bueno,Bueno,2,HONDA,BLANCO,2,,,MASCULINO,SIN DATOS,0,0,Morelia,Ventura Puente,mayo,martes,19,-101.193225725,19.6917077449992
23108,23112,2019,,2019/05/21,19:20:00,SALIDA DE SUPERFICIE DE RODAMIENTO,ASFALTO,Bueno,Bueno,1,NISSAN,AZUL,1,,59,FEMENINO,SIN DATOS,0,0,Charo,Sin datos,mayo,martes,19,-100.954374,19.649917
23111,23115,2019,,2019/05/21,21:00:00,COLISIÓN CONTRA OBJETO FIJO,ASFALTO,Bueno,Bueno,1,CHEVROLET,MOSTAZA,1,,46,FEMENINO,ALIENTO ETÍLICO,0,0,Morelia,Granjas del Maestro,mayo,martes,21,-101.1912905,19.7148465
23112,23116,2019,,2019/05/21,22:19:00,COLISIÓN CONTRA OBJETO FIJO,CONCRETO,Bueno,Bueno,1,FORD,NEGRO,1,,24,MASCULINO,ALIENTO ETÍLICO,0,0,Morelia,Granjas del Maestro,mayo,martes,22,-101.190610395,19.7131013799991
23113,23117,2019,,2019/05/21,23:55:00,CAIDA DE MOTOCICLETA,ASFALTO,Bueno,Bueno,1,ITALIKA,ROJO CON NEGRO,0,,,,,0,0,Tuxpan,Sin datos,mayo,martes,0,-100.476283952594,19.621396679349
23114,23118,2019,,2019/05/22,"00:00:00",SALIDA DE SUPERFICIE DE RODAMIENTO,TERRACERIA,Bueno,Regular,1,JEEP LIBERTY,GUINDA,2,MINISTERIO PÚBLICO,,MASCULINO,SIN DATOS,0,1,Aquila,Sin datos,mayo,miércoles,0,-103.411153967285,18.3362026331946
23116,23120,2019,,2019/05/22,"07:50:00",COLISIÓN POR CORTE DE CIRCULACIÓN,ASFALTO,Bueno,Bueno,2,TOYOTA,ROJO,2,,,MASCULINO,SIN DATOS,0,0,Morelia,Lomas del Valle,mayo,miércoles,8,-101.230037015,19.6880963799991
23117,23121,2019,MOR 190401208,2019/05/22,"08:00:00",COLISIÓN POR ALCANCE,ASFALTO,Bueno,Bueno,2,FORD,BLANCO,2,,42,MASCULINO,SIN DATOS,0,0,Morelia,Torreon Nuevo,mayo,miércoles,8,-101.20358663,19.7462449699991
23119,23123,2019,,2019/05/22,"08:25:00",COLISIÓN POR ALCANCE,CONCRETO,Bueno,Bueno,10,DINA,ROJO,9,MINISTERIO PÚBLICO,,MASCULINO,SIN DATOS,1,0,Zitácuaro,Loma de Oriente ( Pueblo Nuevo ),mayo,miércoles,8,-100.324822627008,19.4321995690307
23122,23126,2019,,2019/05/22,10:30:00,COLISIÓN POR MANIOBRA DE REVERSA,ASFALTO,Bueno,Bueno,3,VOLKSWAGEN,PLATA,3,,59,MASCULINO,SIN DATOS,0,0,Morelia,Ventura Puente,mayo,miércoles,11,-101.179995475,19.6899822949991
23123,23127,2019,,2019/05/22,10:45:00,COLISIÓN POR CORTE DE CIRCULACIÓN,ASFALTO,Bueno,Bueno,1,CHEVROLET,AMARILLO,1,,43,FEMENINO,SIN DATOS,0,0,Morelia,Martires de Uruapan,mayo,miércoles,11,-101.197319408167,19.725017061641
23124,23128,2019,,2019/05/22,12:20:00,COLISIÓN POR CAMBIO DE CARRIL,ASFALTO,Bueno,Bueno,2,KEEWAY,ROJO,2,MINISTERIO PÚBLICO,,MASCULINO,SIN DATOS,0,0,Morelia,Centro,mayo,miércoles,12,-101.18754847,19.7028479949991
23125,23129,2019,,2019/05/22,14:20:00,COLISIÓN POR CAMBIO DE CARRIL,ASFALTO,Bueno,Bueno,2,JEEP PATRIOT,ROJO,2,,43,MASCULINO,SIN DATOS,0,0,Morelia,Nueva Chapultepec,mayo,miércoles,14,-101.17081558,19.6897813199992
23126,23130,2019,MOR 190402300,2019/05/22,14:40:00,COLISIÓN POR ALCANCE,CONCRETO,Bueno,Bueno,2,RENAULT,NEGRO,2,,27,FEMENINO,SIN DATOS,0,0,Morelia,Chapultepec Oriente,mayo,miércoles,15,-101.163749505,19.6914478449991
23127,23131,2019,,2019/05/22,15:10:00,COLISIÓN POR ALCANCE,ASFALTO,Bueno,Bueno,2,ITALIKA,AZUL,2,,51,MASCULINO,SIN DATOS,0,0,Morelia,Torreon Nuevo,mayo,miércoles,15,-101.20358663,19.7462449699991
23128,23132,2019,,2019/05/22,15:15:00,COLISIÓN POR ALCANCE,ASFALTO,Bueno,Bueno,3,FORD,NEGRO,3,,29,FEMENINO,SIN DATOS,0,0,Morelia,Gertrudis Sanchez,mayo,miércoles,15,-101.205776745,19.7441101549991
23130,23134,2019,,2019/05/22,18:06:00,COLISIÓN POR MANIOBRA DE REVERSA,CONCRETO,Bueno,Bueno,2,VOLKSWAGEN,GRIS,2,,76,FEMENINO,SIN DATOS,0,0,Morelia,Centro,mayo,miércoles,18,-101.18542985,19.7076457599991
23131,23135,2019,,2019/05/22,19:30:00,COLISIÓN POR CAMBIO DE CARRIL,ASFALTO,Bueno,Bueno,2,GMC,ROJO,1,MINISTERIO PÚBLICO,,,,1,0,Morelia,Felix Arreguin,mayo,miércoles,20,-101.225279877508,19.7200541458846
23132,23136,2019,,2019/05/22,19:40:00,COLISIÓN POR ALCANCE,ASFALTO,Bueno,Bueno,3,VOLKSWAGEN,GRIS,3,,39,MASCULINO,SIN DATOS,0,0,Morelia,Virrey Antonio de Mendoza,mayo,miércoles,20,-101.163652315736,19.7077688461928
23133,23137,2019,MOR190403425,2019/05/22,19:40:00,COLISIÓN POR CAMBIO DE CARRIL,CONCRETO,Bueno,Bueno,2,NISSAN,ROJA,2,,34,MASCULINO,SIN DATOS,0,0,Morelia,Felix Arreguin,mayo,miércoles,20,-101.227123104036,19.7205484886107
23134,23138,2019,MOR190403318,2019/05/22,19:45:00,COLISIÓN POR CORTE DE CIRCULACIÓN,CONCRETO,Bueno,Malo,1,LINCOLN,NEGRO,1,,54,MASCULINO,SIN DATOS,0,0,Morelia,Los Manantiales de Morelia,mayo,miércoles,20,-101.240232400596,19.6927387559879
23135,23139,2019,MOR190403637,2019/05/22,21:25:00,SUBIDA AL CAMELLÓN,CONCRETO,Bueno,Bueno,1,CHEVROLET,VERDE,1,,52,MASCULINO,SIN DATOS,0,0,Morelia,Justo Mendoza,mayo,miércoles,21,-101.231096461415,19.7146483281743
23136,23140,2019,,2019/05/22,21:30:00,VOLCADURA,ASFALTO,Bueno,Bueno,1,MERCEDES BENZ,BLANCO,0,,,,,0,0,Pátzcuaro,San Lazaro,mayo,miércoles,22,-101.613408140838,19.506506366436
23137,23141,2019,,2019/05/22,22:15:00,COLISIÓN POR CORTE DE CIRCULACIÓN,ASFALTO,Bueno,Bueno,2,NISSAN,BLANCO,2,,19,MASCULINO,SIN DATOS,0,0,Juárez,Sin datos,mayo,miércoles,22,-100.401658527553,19.3386929563299