fid,id_accidente,anio_origen,folio_c5i,dia_incidente,hora_ocurrencia,tipo_incidente_vial,superficie_ocurrencia,condiciones_climaticas,condiciones_via,numero_vehiculos_involucrados,marca_vehiculo_ocasiona_siniestro,color_vehiculo_ocasiona_siniestro,numero_personas_involucradas,lugar_remite_presunto_responsable,edad_presunto_responsable,sexo_presunto_responsable,resultados_toxicologia,numero_personas_lesionadas,numero_personas_fallecidas,municipio,colonia,mes,dia_semana,hora_redondeada,lon,lat
23138,23142,2019,MOR190400699,2019/05/22,22:16:00,COLISIÓN CONTRA OBJETO FIJO,CONCRETO,Bueno,Bueno,0,,,0,,,,,0,0,Morelia,Granjas del Maestro,mayo,miércoles,22,-101.191450059414,19.7132008713683
23139,23143,2019,,2019/05/22,22:40:00,COLISIÓN POR INVASIÓN DE CARRIL,ASFALTO,Nublado,Bueno,2,CHEVROLET,BLANCO BRILLANTE,2,MINISTERIO PÚBLICO,54,MASCULINO,ALIENTO ETÍLICO,0,0,Copándaro,Sin datos,mayo,miércoles,23,-101.257867589593,19.9046373738129
23140,23144,2019,,2019/05/23,"04:30:00",COLISIÓN POR INVASIÓN DE CARRIL,ASFALTO,Bueno,Bueno,2,CHRYSLER,GRIS,2,MINISTERIO PÚBLICO,,,SIN DATOS,0,0,Zitácuaro,Sin datos,mayo,jueves,5,-100.417978428304,19.4849774339581
23141,23145,2019,MOR 190404162,2019/05/23,"07:45:00",COLISIÓN POR ALCANCE,ASFALTO,Bueno,Bueno,2,JEEP,NEGRO,2,,50,MASCULINO,SIN DATOS,0,0,Morelia,Torreon Nuevo,mayo,jueves,8,-101.20358663,19.7462449699991
23142,23146,2019,,2019/05/23,"09:00:00",COLISIÓN POR CAMBIO DE CARRIL,ASFALTO,Bueno,Bueno,2,NISSAN,BLANCO,2,,49,MASCULINO,SIN DATOS,0,0,Morelia,Gertrudis Sanchez,mayo,jueves,9,-101.205776745,19.7441101549991
23143,23147,2019,"190404230",2019/05/23,"09:00:00",COLISIÓN POR CORTE DE CIRCULACIÓN,ASFALTO,Bueno,Bueno,2,HONDA,ACERO,2,,73,FEMENINO,SIN DATOS,0,0,Morelia,Vista Hermosa 1A Etapa,mayo,jueves,9,-101.2129044486,19.6766725417778
23145,23149,2019,,2019/05/23,11:10:00,COLISIÓN POR CORTE DE CIRCULACIÓN,ASFALTO,Bueno,Bueno,2,TOYOTA,NEGRO,1,MINISTERIO PÚBLICO,37,MASCULINO,SIN DATOS,0,0,Zamora,Sin datos,mayo,jueves,11,-102.279738262296,20.050187203905
23147,23151,2019,,2019/05/23,14:00:00,COLISIÓN POR CAMBIO DE CARRIL,ASFALTO,Bueno,Bueno,2,CHEVROLET,ROJO,2,,28,MASCULINO,SIN DATOS,0,0,Morelia,Leandro Valle,mayo,jueves,14,-101.231682595409,19.7212022571141
23148,23152,2019,MOR 190405100,2019/05/23,14:19:00,COLISIÓN POR ALCANCE,ASFALTO,Bueno,Bueno,2,FORD,VERDE,2,,36,MASCULINO,SIN DATOS,0,0,Morelia,Ventura Puente,mayo,jueves,14,-101.193225725,19.6917077449992
23149,23153,2019,"190405032",2019/05/23,14:25:00,COLISIÓN POR CAMBIO DE CARRIL,ASFALTO,Bueno,Bueno,4,NAVISTAR,VERDE,3,MINISTERIO PÚBLICO,20,MASCULINO,SIN DATOS,0,0,Morelia,Lomas de San Juan,mayo,jueves,14,-101.183039681886,19.7298664251429
23150,23154,2019,,2019/05/23,16:00:00,COLISIÓN CON PEATÓN,SIN_DATOS,Bueno,Bueno,2,NISSAN,ROJO,2,,,MASCULINO,SIN DATOS,0,0,Morelia,Nueva Chapultepec,mayo,jueves,16,-101.17081558,19.6897813199992
23151,23155,2019,,2019/05/23,17:20:00,COLISIÓN POR ALCANCE,ASFALTO,Bueno,Bueno,2,VOLKSWAGEN,ROJO,2,,35,MASCULINO,SIN DATOS,0,0,Morelia,Praderas del Indio,mayo,jueves,17,-101.223494028547,19.6450845894654
23152,23156,2019,,2019/05/23,18:00:00,COLISIÓN POR ALCANCE,ASFALTO,Bueno,Bueno,2,CHEVROLET,BLANCO,2,,35,MASCULINO,SIN DATOS,0,0,Los Reyes,Camelinas,mayo,jueves,18,-102.460469529033,19.5760649894215
23153,23157,2019,,2019/05/23,18:20:00,COLISIÓN POR INVASIÓN DE CARRIL,ASFALTO,Bueno,Bueno,2,KENWORTH,BLANCO,2,,37,MASCULINO,SIN DATOS,0,0,Cuitzeo,Los Granados,mayo,jueves,18,-101.140202768147,19.9746766532478
23154,23158,2019,"190406037",2019/05/23,20:00:00,CAIDA DE MOTOCICLETA,ASFALTO,Bueno,Bueno,1,KTM,BLANCO Y NEGRO,1,,,,,1,0,Morelia,Sin datos,mayo,jueves,20,-101.116593,19.739365
23155,23159,2019,MOR190406081,2019/05/23,20:00:00,COLISIÓN POR CAMBIO DE CARRIL,ASFALTO,Bueno,Bueno,2,TOYOTA,ROJO,2,,27,MASCULINO,ALIENTO ETÍLICO,0,0,Morelia,Tres Puentes,mayo,jueves,20,-101.213524742681,19.7058468756013
23156,23160,2019,,2019/05/23,20:15:00,SALIDA DE SUPERFICIE DE RODAMIENTO,ASFALTO,Bueno,Bueno,1,NISSAN,NEGRO,1,,61,MASCULINO,SIN DATOS,0,0,Los Reyes,San Juan de Dios,mayo,jueves,20,-102.479859218001,19.6081221166876
23157,23161,2019,MOR 190406199,2019/05/23,20:36:00,COLISIÓN CONTRA OBJETO FIJO,TERRACERIA,Bueno,Malo,1,GMC,ROJO,2,,,,SIN DATOS,1,0,Morelia,Mirador Poniente,mayo,jueves,21,-101.245099595,19.7127918999991
23158,23162,2019,MOR190406416,2019/05/23,21:40:00,COLISIÓN POR CORTE DE CIRCULACIÓN,ASFALTO,Bueno,Bueno,2,BAJAJ,NEGRO Y BLANCO,2,MINISTERIO PÚBLICO,20,MASCULINO,SIN DATOS,1,0,Morelia,Melchor Ocampo,mayo,jueves,22,-101.201937888211,19.7065671597378
23159,23163,2019,,2019/05/23,21:45:00,COLISIÓN CONTRA OBJETO FIJO,ASFALTO,Bueno,Bueno,2,FORD,BLANCO/GRIS,2,,,MASCULINO,SIN DATOS,0,0,Los Reyes,San Juan de Dios,mayo,jueves,22,-102.481119185686,19.6104899024638
23160,23164,2019,,2019/05/23,22:50:00,COLISIÓN CON PEATÓN,ASFALTO,Bueno,Bueno,1,CHEVROLET,BLANCO,0,,,,,0,0,Maravatío,San Miguel Curahuango,mayo,jueves,23,-100.442419052124,19.8864453199776
23161,23165,2019,MOR409099,2019/05/24,"00:00:00",COLISIÓN POR CORTE DE CIRCULACIÓN,ASFALTO,Bueno,Bueno,2,ITALIKA,ROJO Y NEGRO,2,MINISTERIO PÚBLICO,26,MASCULINO,SIN DATOS,0,0,Morelia,Centro,mayo,viernes,0,-101.180199533701,19.7038706784075
23162,23166,2019,,2019/05/24,"00:00:00",COLISIÓN CONTRA OBJETO FIJO,ASFALTO,Bueno,Regular,1,CHEVROLET,BLANCO,1,,36,FEMENINO,SIN DATOS,0,0,Morelia,Morelos,mayo,viernes,0,-101.211992092431,19.6922895613325
23163,23167,2019,,2019/05/24,"00:10:00",COLISIÓN POR CAMBIO DE CARRIL,CONCRETO,Bueno,Bueno,2,DODGE,NEGRO,2,,55,MASCULINO,ALIENTO ETÍLICO,0,0,Morelia,Leon Guzman,mayo,viernes,0,-101.204752139747,19.7275953189748
23164,23168,2019,,2019/05/24,"06:00:00",COLISIÓN POR CAMBIO DE CARRIL,ASFALTO,Bueno,Bueno,2,MERCEDES BENZ,"BLANCO, AZUL Y VERDE",2,MINISTERIO PÚBLICO,38,MASCULINO,SIN DATOS,0,0,Morelia,Sentimientos de La Nacion,mayo,viernes,6,-101.236870586872,19.6848049027524
23165,23169,2019,,2019/05/24,"07:30:00",COLISIÓN POR ALCANCE,SIN_DATOS,Bueno,Bueno,2,mazda,gris,2,,0,MASCULINO,SIN DATOS,0,0,Morelia,Los Manantiales de Morelia,mayo,viernes,8,-101.240606568754,19.6933221073906
23166,23170,2019,LEG24289,2019/05/24,"08:10:00",VOLCADURA,ASFALTO,Bueno,Regular,1,CHEVROLET,BLANCO,2,MINISTERIO PÚBLICO,33,MASCULINO,SIN DATOS,1,0,Tzitzio,Tzitzio,mayo,viernes,8,-100.922709,19.584913
23167,23171,2019,MOR190407116,2019/05/24,"09:05:00",COLISIÓN POR MANIOBRA DE REVERSA,CONCRETO,Bueno,Bueno,2,YAMAHA,BLANCO,2,,39,MASCULINO,SIN DATOS,0,0,Morelia,Irrigacion,mayo,viernes,9,-101.225412860513,19.7064264352492
23168,23172,2019,,2019/05/24,"09:25:00",COLISIÓN CON PEATÓN,ASFALTO,Bueno,Bueno,1,MERCEDES BENZ,BLANCO CON ROSA,1,MINISTERIO PÚBLICO,,,,0,1,Morelia,Ventura Puente,mayo,viernes,9,-101.179282553494,19.6935367599691
23169,23173,2019,,2019/05/24,10:15:00,COLISIÓN POR ALCANCE,ASFALTO,Bueno,Bueno,2,NISSAN,BLANCO,2,,29,MASCULINO,SIN DATOS,0,0,Morelia,La Esperanza,mayo,viernes,10,-101.252771727741,19.697997996119
23170,23174,2019,MOR190407382,2019/05/24,11:00:00,COLISIÓN CONTRA OBJETO FIJO,CONCRETO,Bueno,Bueno,1,BENOTTO,AZUL CON BLANCO,1,MINISTERIO PÚBLICO,,,,1,0,Morelia,Balcones de Morelia,mayo,viernes,11,-101.200998723507,19.671584518674
23171,23175,2019,,2019/05/24,15:35:00,COLISIÓN CON PEATÓN,SIN_DATOS,Bueno,Bueno,2,Internacional,verde,2,MINISTERIO PÚBLICO,48,MASCULINO,SIN DATOS,0,0,Morelia,Pascual Ortiz de Ayala,mayo,viernes,16,-101.150860860944,19.6948300356632
23172,23176,2019,,2019/05/24,15:35:00,COLISIÓN CONTRA OBJETO FIJO,ASFALTO,Bueno,Bueno,2,HONDA,PLATA,2,,23,FEMENINO,SIN DATOS,0,0,Morelia,Centro,mayo,viernes,16,-101.195275224745,19.6998688815355
23173,23177,2019,,2019/05/24,15:40:00,COLISIÓN POR CORTE DE CIRCULACIÓN,CONCRETO,Bueno,Bueno,3,HONDA,AZUL,3,,44,FEMENINO,SIN DATOS,0,0,Los Reyes,Centro,mayo,viernes,16,-102.472676932812,19.5898096840906
23174,23178,2019,,2019/05/24,16:00:00,COLISIÓN POR CAMBIO DE CARRIL,CONCRETO,Bueno,Bueno,2,Ford,Blanco,2,,0,MASCULINO,SIN DATOS,0,0,Morelia,Centro,mayo,viernes,16,-101.179836094379,19.7017792012197
23175,23179,2019,LEG24302,2019/05/24,17:58:00,COLISIÓN POR CORTE DE CIRCULACIÓN,ASFALTO,Bueno,Bueno,2,NISSAN,GRIS,2,,0,MASCULINO,SIN DATOS,0,0,Morelia,Chapultepec Sur,mayo,viernes,18,-101.170890927315,19.6926178555124
23176,23180,2019,,2019/05/24,18:30:00,COLISIÓN POR INVASIÓN DE CARRIL,ASFALTO,Bueno,Regular,2,NISSAN,ROJO,6,MINISTERIO PÚBLICO,46,FEMENINO,SIN DATOS,4,0,Cuitzeo,Sin datos,mayo,viernes,19,-101.178020238876,19.9666730435072
23177,23181,2019,LEG24303,2019/05/24,18:58:00,COLISIÓN POR CAMBIO DE CARRIL,ASFALTO,Nublado,Bueno,2,DODGE,CAFE,0,MINISTERIO PÚBLICO,,,,0,0,Morelia,Jesus Romero Flores,mayo,viernes,19,-101.175149269402,19.732386973488
23178,23182,2019,,2019/05/24,19:00:00,COLISIÓN CONTRA OBJETO FIJO,ASFALTO,Bueno,Bueno,1,NISSAN,BLANCO,1,,32,MASCULINO,ALIENTO ETÍLICO,0,0,Morelia,Centenario (Los Alamos Poniente),mayo,viernes,19,-101.175291761756,19.7348097292704
23179,23183,2019,,2019/05/24,20:05:00,VOLCADURA,ASFALTO,Bueno,Bueno,1,TOYOTA,GUINDA,1,,30,MASCULINO,SIN DATOS,0,0,Tocumbo,Sin datos,mayo,viernes,20,-102.492425367236,19.6663304098648
23180,23184,2019,,2019/05/24,20:45:00,COLISIÓN POR CORTE DE CIRCULACIÓN,ASFALTO,Bueno,Bueno,2,DODGE,GRIS,2,,23,MASCULINO,SIN DATOS,0,0,Morelia,Nueva Chapultepec,mayo,viernes,21,-101.172535456717,19.6888045508422
23181,23185,2019,,2019/05/24,22:10:00,CAIDA ACUATICA DE VEHÍCULO,ASFALTO,Bueno,Bueno,1,MITSUBISHI,BLANCO,1,,35,MASCULINO,SIN DATOS,0,0,Morelia,Centenario (Los Alamos Ii),mayo,viernes,22,-101.176447458565,19.7359540323014
23182,23186,2019,,2019/05/24,23:45:00,SALIDA DE SUPERFICIE DE RODAMIENTO,ASFALTO,Bueno,Bueno,1,CHEVROLET,BLANCO,1,,19,MASCULINO,SIN DATOS,0,0,Los Reyes,Sin datos,mayo,viernes,0,-102.436975724995,19.6563682200887
23183,23187,2019,MOR 190409974,2019/05/25,"00:00:00",COLISIÓN CONTRA OBJETO FIJO,CONCRETO,Bueno,Regular,1,NISSAN,ROJO,0,,,,,0,0,Morelia,Lucio Cabañas(26 de Julio),mayo,sábado,0,-101.249689534307,19.7119945421449
23184,23188,2019,,2019/05/25,"01:35:00",SALIDA DE SUPERFICIE DE RODAMIENTO,ASFALTO,Bueno,Bueno,1,CHEVROLET,GUINDA,1,,46,MASCULINO,SIN DATOS,0,0,Morelia,Colinas del Sol,mayo,sábado,2,-101.136110052466,19.7292739765965
23185,23189,2019,,2019/05/25,"04:40:00",COLISIÓN CONTRA OBJETO FIJO,CONCRETO,Bueno,Bueno,1,Jeep,negro,1,,0,FEMENINO,SIN DATOS,0,0,Morelia,La Loma,mayo,sábado,5,-101.182641685009,19.6797782104705
23186,23190,2019,MOR190409992,2019/05/25,"06:10:00",COLISIÓN POR ALCANCE,ASFALTO,Bueno,Bueno,3,CHEVROLET,BLANCO,3,MINISTERIO PÚBLICO,31,MASCULINO,SIN DATOS,0,0,Morelia,Campestre Los Manantiales,mayo,sábado,6,-101.239291280508,19.6901385864639
23187,23191,2019,,2019/05/25,"08:10:00",VOLCADURA,ASFALTO,Bueno,Bueno,1,RENAUT,VERDE,1,,63,MASCULINO,SIN DATOS,0,0,Morelia,Nueva Valladolid,mayo,sábado,8,-101.2082862854,19.7016677770529
23188,23192,2019,,2019/05/25,"09:05:00",COLISIÓN POR MANIOBRA DE REVERSA,CONCRETO,Bueno,Bueno,2,HONDA,BLANCO,2,,34,MASCULINO,SIN DATOS,0,0,Morelia,Guadalupe,mayo,sábado,9,-101.225770935416,19.7077738963891
23189,23193,2019,MOR190410342,2019/05/25,10:55:00,COLISIÓN POR CORTE DE CIRCULACIÓN,CONCRETO,Bueno,Bueno,2,HONDA,BLANCO,2,,59,FEMENINO,SIN DATOS,0,0,Morelia,Nueva Chapultepec,mayo,sábado,11,-101.164473742247,19.6884102726869
23190,23194,2019,,2019/05/25,11:15:00,COLISIÓN POR ALCANCE,ASFALTO,Bueno,Bueno,2,CHRYSLER,BLANCO,2,,28,MASCULINO,SIN DATOS,0,0,Morelia,Loma Dorada,mayo,sábado,11,-101.254362948239,19.6977328444001
23191,23195,2019,,2019/05/25,12:10:00,COLISIÓN POR CAMBIO DE CARRIL,CONCRETO,Bueno,Bueno,2,Mercedes Benz,Gris,2,,35,MASCULINO,SIN DATOS,0,0,Morelia,Cuauhtemoc,mayo,sábado,12,-101.182183027267,19.698275142327
23192,23196,2019,,2019/05/25,16:40:00,COLISIÓN CON PEATÓN,CONCRETO,Bueno,Bueno,1,SIN DATOS,SE DECONOCE,1,,,,,1,0,Morelia,Centro,mayo,sábado,17,-101.204101033509,19.7024426942272
23193,23197,2019,MOR190411522,2019/05/25,17:38:00,COLISIÓN CONTRA OBJETO FIJO,ASFALTO,Bueno,Bueno,1,VOLKSWAGEN,ROJO|,1,,29,FEMENINO,SIN DATOS,0,0,Morelia,Ana Maria Gallaga (Riviera Norte),mayo,sábado,18,-101.220021955669,19.6771475235438
23194,23198,2019,,2019/05/25,19:45:00,COLISIÓN POR ALCANCE,ASFALTO,Bueno,Bueno,2,CHRYSLER,PLATA,2,,42,MASCULINO,ALIENTO ETÍLICO,0,0,Morelia,Jardines de Guadalupe,mayo,sábado,20,-101.222577430308,19.7136032947129
23195,23199,2019,MOR 190409847,2019/05/25,20:15:00,COLISIÓN POR MANIOBRA DE REVERSA,ASFALTO,Nublado,Regular,2,AUDI,NEGRO,2,,49,FEMENINO,SIN DATOS,0,0,Morelia,Las Americas,mayo,sábado,20,-101.15270588547,19.6889576529867
23196,23200,2019,MOR190411880,2019/05/25,20:15:00,COLISIÓN POR MANIOBRA DE REVERSA,ADOQUIN_EMPEDRADO,Bueno,Bueno,2,MERCEDES BENZ,ROJO,2,,58,MASCULINO,SIN DATOS,0,0,Morelia,Jardin de La Orquidea,mayo,sábado,20,-101.30208581686,19.6917541878411
23197,23201,2019,,2019/05/25,20:20:00,COLISIÓN CONTRA OBJETO FIJO,ASFALTO,Bueno,Regular,1,NISSAN,ROJO,2,,21,MASCULINO,SIN DATOS,1,0,Tuxpan,Tuxpan,mayo,sábado,20,-100.466883145273,19.5714800048591
23198,23202,2019,,2019/05/25,21:08:00,CAIDA DE MOTOCICLETA,ASFALTO,Bueno,Bueno,1,HONDA,BLANCO/ROJO,1,,24,MASCULINO,SIN DATOS,0,0,Morelia,Vicente Guerrero,mayo,sábado,21,-101.226897463202,19.7041913733674
23199,23203,2019,,2019/05/25,21:10:00,COLISIÓN CONTRA OBJETO FIJO,ASFALTO,Bueno,Bueno,1,Dodge,Verde,1,,64,MASCULINO,ALIENTO ETÍLICO,0,0,Morelia,La Colina,mayo,sábado,21,-101.214231401682,19.7095701779512
23200,23204,2019,MOR 190409501,2019/05/25,22:00:00,SALIDA DE SUPERFICIE DE RODAMIENTO,ASFALTO,Bueno,Bueno,1,NISSAN,GRIS,1,,52,MASCULINO,SIN DATOS,0,0,Charo,La Goleta,mayo,sábado,22,-101.075007654727,19.743722200352
23201,23205,2019,,2019/05/25,22:00:00,SALIDA DE SUPERFICIE DE RODAMIENTO,ASFALTO,Bueno,Bueno,1,NISSAN,NEGRO,1,MINISTERIO PÚBLICO,,MASCULINO,SIN DATOS,0,0,Villamar,Sin datos,mayo,sábado,22,-102.523490041494,20.0150814423553
23202,23206,2019,,2019/05/25,22:20:00,COLISIÓN POR CORTE DE CIRCULACIÓN,ASFALTO,Bueno,Bueno,2,HONDA,GRIS,2,,31,MASCULINO,ALIENTO ETÍLICO,0,0,Morelia,Morelos,mayo,sábado,22,-101.207096390426,19.7023129629374
23203,23207,2019,MOR 190412256,2019/05/25,22:25:00,COLISIÓN POR ALCANCE,CONCRETO,Bueno,Regular,2,JEEP,NEGRO,2,,63,MASCULINO,ALIENTO ETÍLICO,0,0,Morelia,Las Americas,mayo,sábado,22,-101.157657913864,19.6905805267176
23204,23208,2019,MOR190409589,2019/05/25,23:00:00,COLISIÓN POR ALCANCE,ASFALTO,Nublado,Regular,2,NISSAN,BLANCO/ROJO,2,,24,MASCULINO,ALIENTO ETÍLICO,0,0,Morelia,Americas Britania,mayo,sábado,23,-101.149188168347,19.6946535800638
23205,23209,2019,,2019/05/25,23:00:00,COLISIÓN POR CAMBIO DE CARRIL,ASFALTO,Bueno,Bueno,2,NISSAN,BLANCO,2,,,MASCULINO,SIN DATOS,0,0,Morelia,Morelos,mayo,sábado,23,-101.207294538617,19.7021904914529
23206,23210,2019,,2019/05/26,"00:00:00",SALIDA DE SUPERFICIE DE RODAMIENTO,ASFALTO,Bueno,Bueno,1,VOLKWAGEN,GRIS,1,,28,MASCULINO,ALIENTO ETÍLICO,0,0,Morelia,Sin datos,mayo,domingo,0,-101.356763988733,19.67787741485
23207,23211,2019,MOR190412612,2019/05/26,"00:05:00",SALIDA DE SUPERFICIE DE RODAMIENTO,ASFALTO,Bueno,Bueno,1,DODGE,ROJO,0,,,,,0,0,Charo,La Goleta,mayo,domingo,0,-101.083515118808,19.7370680315128
23208,23212,2019,,2019/05/26,"00:45:00",COLISIÓN CONTRA OBJETO FIJO,CONCRETO,Bueno,Bueno,2,NISSAN,BEIGE,1,,,,SIN DATOS,0,0,Los Reyes,Centro,mayo,domingo,1,-102.474846839905,19.5891662568938
23209,23213,2019,MOR190412762,2019/05/26,"02:40:00",COLISIÓN POR ALCANCE,ASFALTO,Bueno,Bueno,2,BAJAJ,NEGRO/AZUL,2,,20,MASCULINO,SIN DATOS,0,0,Morelia,Las Flores,mayo,domingo,3,-101.20513368398,19.7076709986091
23210,23214,2019,,2019/05/26,"03:30:00",COLISIÓN POR CORTE DE CIRCULACIÓN,ASFALTO,Bueno,Bueno,2,FORD ESCAPE,NEGRO,0,MINISTERIO PÚBLICO,,,,0,0,Morelia,Ventura Puente,mayo,domingo,4,-101.183672659099,19.6900460945279
23211,23215,2019,,2019/05/26,"03:30:00",COLISIÓN POR CORTE DE CIRCULACIÓN,ASFALTO,Bueno,Bueno,2,DODGE,BLANCO,2,,30,MASCULINO,SIN DATOS,0,0,Morelia,Felix Ireta,mayo,domingo,4,-101.191547624767,19.6824533660991
23212,23216,2019,,2019/05/26,"05:00:00",VOLCADURA,ASFALTO,Bueno,Bueno,1,VOLKWAGEN,GRIS,1,,37,MASCULINO,ALIENTO ETÍLICO,0,0,Morelia,Elias Perez Avalos,mayo,domingo,5,-101.165000796318,19.7106117658208
23213,23217,2019,MOR190412893,2019/05/26,"05:17:00",COLISIÓN CONTRA OBJETO FIJO,ASFALTO,Bueno,Bueno,1,VOLKSWAGEN,GRIS,1,,53,MASCULINO,SIN DATOS,0,0,Morelia,Canteras de Morelia,mayo,domingo,5,-101.171687543392,19.7148553771826
23214,23218,2019,,2019/05/26,"05:30:00",COLISIÓN POR CORTE DE CIRCULACIÓN,ASFALTO,Bueno,Bueno,1,nissan,BLANCO,1,,36,MASCULINO,SIN DATOS,0,0,Morelia,Lomas de Morelia (Dr Ignacio Chavez),mayo,domingo,6,-101.17515463382,19.7172354746509
23215,23219,2019,,2019/05/26,"06:03:00",VOLCADURA,ASFALTO,Bueno,Bueno,1,FREIGHTLINER,BLANCO CON AZUL,2,,58,MASCULINO,SIN DATOS,1,0,Madero,Agraria,mayo,domingo,6,-101.279576383531,19.39047175909
23216,23220,2019,,2019/05/26,"09:00:00",COLISIÓN POR INVASIÓN DE CARRIL,ASFALTO,Bueno,Bueno,2,FORD,BLANCO,2,,33,MASCULINO,ALIENTO ETÍLICO,0,0,Morelia,Fuentes de Morelia,mayo,domingo,9,-101.203029030934,19.6709799326011
23217,23221,2019,,2019/05/26,"09:10:00",COLISIÓN CON PEATÓN,SIN_DATOS,Bueno,Bueno,1,CHEVROLET,BLANCO,1,,27,FEMENINO,SIN DATOS,0,0,Morelia,Camelinas,mayo,domingo,9,-101.17262119,19.6818144849991
23218,23222,2019,MOR 190041059,2019/05/26,10:00:00,COLISIÓN CONTRA OBJETO FIJO,CONCRETO,Bueno,Bueno,2,FORD,ROJO,2,,57,MASCULINO,SIN DATOS,0,0,Morelia,Carlos Rivas Larrauri,mayo,domingo,10,-101.191014772759,19.6686905742796
23219,23223,2019,LEG24354,2019/05/26,10:23:00,COLISIÓN CONTRA OBJETO FIJO,ASFALTO,Bueno,Bueno,1,CHRYSLER,NEGRO,0,,,,,0,0,Morelia,Felix Ireta,mayo,domingo,10,-101.191870830953,19.6824069600747
23220,23224,2019,LEG24355,2019/05/26,10:28:00,COLISIÓN CONTRA OBJETO FIJO,ASFALTO,Bueno,Bueno,1,CHRYSLER,NEGRO,1,,27,MASCULINO,SIN DATOS,0,0,Morelia,Camelinas,mayo,domingo,10,-101.17262119,19.6818144849991
23222,23226,2019,MOR190410351,2019/05/26,12:00:00,COLISIÓN POR CORTE DE CIRCULACIÓN,ASFALTO,Bueno,Bueno,2,TVS,ROJO,2,,0,MASCULINO,SIN DATOS,0,0,Morelia,Alberto Oviedo Mota,mayo,domingo,12,-101.196055412292,19.6870815891931
23223,23227,2019,MOR 190413895,2019/05/26,13:30:00,COLISIÓN CON PEATÓN,ASFALTO,Bueno,Regular,2,NISSAN,BLANCO Y ROJO,2,MINISTERIO PÚBLICO,35,MASCULINO,SIN DATOS,0,0,Morelia,Felix Arreguin,mayo,domingo,14,-101.2236268,19.7200507449992
23224,23228,2019,,2019/05/26,17:00:00,COLISIÓN POR INVASIÓN DE CARRIL,ASFALTO,Bueno,Bueno,2,NISSAN,GRIS,1,MINISTERIO PÚBLICO,46,MASCULINO,SIN DATOS,0,0,Puruándiro,Sin datos,mayo,domingo,17,-101.47277187556,20.0913103344881
23225,23229,2019,MOR 190 414437,2019/05/26,18:10:00,COLISIÓN CONTRA OBJETO FIJO,ASFALTO,Bueno,Bueno,2,NISSAN,PLATA,1,,20,MASCULINO,ALIENTO ETÍLICO,0,0,Morelia,Sin datos,mayo,domingo,18,-101.237318031712,19.7300436187222
23226,23230,2019,,2019/05/26,19:00:00,COLISIÓN POR CORTE DE CIRCULACIÓN,CONCRETO,Bueno,Bueno,2,NISSAN,PLATA,2,,38,FEMENINO,SIN DATOS,0,0,Morelia,Ventura Puente,mayo,domingo,19,-101.18154606,19.6913819699992
23227,23231,2019,,2019/05/26,19:05:00,COLISIÓN CON PEATÓN,SIN_DATOS,Bueno,Bueno,2,Toyota,Blanco,2,MINISTERIO PÚBLICO,57,MASCULINO,SIN DATOS,0,0,Morelia,Justo Mendoza,mayo,domingo,19,-101.233091689646,19.7120365207872
23228,23232,2019,MOR 190411860,2019/05/26,19:10:00,COLISIÓN CONTRA OBJETO FIJO,CONCRETO,Bueno,Bueno,2,ISUZU,BLANCO,2,,0,MASCULINO,SIN DATOS,0,0,Morelia,Infonavit  Las  Camelinas,mayo,domingo,19,-101.174778789282,19.6864840094873
23229,23233,2019,MOR190415279,2019/05/26,20:05:00,COLISIÓN POR ALCANCE,ASFALTO,Bueno,Bueno,2,CHEVROLET,VERDE,2,,35,MASCULINO,ALIENTO ETÍLICO,0,0,Morelia,Praderas del Indio,mayo,domingo,20,-101.223494028547,19.6450845894654
23230,23234,2019,MOR 190N414851,2019/05/26,20:10:00,COLISIÓN POR CORTE DE CIRCULACIÓN,ASFALTO,Bueno,Regular,1,ITALIKA,BLANCA,1,,35,MASCULINO,SIN DATOS,0,0,Morelia,Granjas de La Huerta,mayo,domingo,20,-101.23640869,19.6661302299991
23231,23235,2019,,2019/05/26,20:23:00,COLISIÓN POR CORTE DE CIRCULACIÓN,ASFALTO,Bueno,Bueno,2,TOYOTA,BLANCO,4,MINISTERIO PÚBLICO,66,MASCULINO,SIN DATOS,2,0,Zitácuaro,Sin datos,mayo,domingo,20,-100.38978908211,19.4849003117565
23232,23236,2019,,2019/05/26,22:20:00,COLISIÓN POR ALCANCE,ASFALTO,Bueno,Bueno,2,CHEVROLET,PLATA,2,,30,FEMENINO,SIN DATOS,0,0,Charo,Sin datos,mayo,domingo,22,-100.932222,19.621389
23233,23237,2019,MOR190412394,2019/05/26,22:25:00,COLISIÓN POR ALCANCE,ASFALTO,Bueno,Bueno,2,PLYMOUYH,AZUL,2,MINISTERIO PÚBLICO,0,MASCULINO,ALIENTO ETÍLICO,0,0,Morelia,Centro,mayo,domingo,22,-101.177877746522,19.7048371803614
23234,23238,2019,MOR 190412394,2019/05/26,22:45:00,COLISIÓN POR ALCANCE,CONCRETO,Bueno,Bueno,2,PLYMOUTH,AZUL,2,MINISTERIO PÚBLICO,0,FEMENINO,ALIENTO ETÍLICO,0,0,Morelia,Centro,mayo,domingo,23,-101.177895851433,19.7048292892849
23235,23239,2019,MOR190412346,2019/05/26,23:15:00,CAIDA ACUATICA DE VEHÍCULO,CONCRETO,Bueno,Bueno,1,VOLKSWAGEN,NEGRO,1,,0,,SIN DATOS,0,0,Morelia,La Aldea,mayo,domingo,23,-101.134153716266,19.7413500711463
23237,23241,2019,MOR 190415713,2019/05/27,"08:15:00",COLISIÓN POR CORTE DE CIRCULACIÓN,CONCRETO,Bueno,Regular,2,PONTIAC,NEGRO,2,,48,MASCULINO,SIN DATOS,0,0,Morelia,Gral Gertrudis Sanchez,mayo,lunes,8,-101.2094753,19.7439916449991