fid,id_accidente,anio_origen,folio_c5i,dia_incidente,hora_ocurrencia,tipo_incidente_vial,superficie_ocurrencia,condiciones_climaticas,condiciones_via,numero_vehiculos_involucrados,marca_vehiculo_ocasiona_siniestro,color_vehiculo_ocasiona_siniestro,numero_personas_involucradas,lugar_remite_presunto_responsable,edad_presunto_responsable,sexo_presunto_responsable,resultados_toxicologia,numero_personas_lesionadas,numero_personas_fallecidas,municipio,colonia,mes,dia_semana,hora_redondeada,lon,lat
23239,23243,2019,,2019/05/27,10:15:00,COLISIÓN POR ALCANCE,ASFALTO,Bueno,Bueno,2,HUNDAI,NARANJA,1,,,MASCULINO,SIN DATOS,0,0,Morelia,Pascual Ortiz de Ayala,mayo,lunes,10,-101.151504422657,19.696032531912
23241,23245,2019,,2019/05/27,11:50:00,VOLCADURA,ASFALTO,Bueno,Bueno,1,VOLSWAGUEN,ARENA,1,,19,MASCULINO,SIN DATOS,0,0,Tuxpan,Tuxpan,mayo,lunes,12,-100.463554859161,19.5691666136098
23242,23246,2019,,2019/05/27,12:20:00,COLISIÓN CONTRA OBJETO FIJO,ASFALTO,Bueno,Bueno,1,NISSAN,PLATA,1,,34,MASCULINO,SIN DATOS,0,0,Morelia,Club de Golf Tres Marias,mayo,lunes,12,-101.107,19.7091
23243,23247,2019,,2019/05/27,13:15:00,COLISIÓN POR CAMBIO DE CARRIL,ASFALTO,Bueno,Bueno,2,NISSAN,BLANCO Y ROJO,2,,30,MASCULINO,SIN DATOS,0,0,Morelia,Adolfo Lopez Mateos,mayo,lunes,13,-101.226139622885,19.6981067844139
23244,23248,2019,MOR190416744,2019/05/27,14:40:00,COLISIÓN POR ALCANCE,CONCRETO,Bueno,Bueno,2,PONTIAC,GRIS,2,,22,MASCULINO,SIN DATOS,0,0,Morelia,Insurgentes,mayo,lunes,15,-101.155416805,19.6953315299991
23245,23249,2019,MOR190416908,2019/05/27,14:45:00,COLISIÓN POR ALCANCE,CONCRETO,Bueno,Bueno,3,HONDA,BLANCO,3,,34,FEMENINO,SIN DATOS,0,0,Morelia,Fuentes de Morelia,mayo,lunes,15,-101.20316769,19.6693875049992
23246,23250,2019,,2019/05/27,15:20:00,COLISIÓN POR ALCANCE,CONCRETO,Bueno,Bueno,2,FORD,ROJO,2,,68,FEMENINO,SIN DATOS,0,0,Morelia,Camelinas,mayo,lunes,15,-101.17262119,19.6818144849991
23248,23252,2019,,2019/05/27,19:30:00,COLISIÓN POR ALCANCE,ASFALTO,Bueno,Bueno,2,NISSAN,BLANCO,2,,29,MASCULINO,SIN DATOS,0,0,Morelia,Centro,mayo,lunes,20,-101.190943355,19.7061794949992
23249,23253,2019,"1901002321",2019/05/27,20:00:00,COLISIÓN CONTRA OBJETO FIJO,ASFALTO,Bueno,Bueno,2,NISSAN,BLANCO,2,,28,MASCULINO,SIN DATOS,0,0,Morelia,Sin datos,mayo,lunes,20,-101.14566457,19.7028765899991
23250,23254,2019,,2019/05/27,20:10:00,COLISIÓN POR INVASIÓN DE CARRIL,ASFALTO,Bueno,Bueno,2,HONDA,VERDE,0,MINISTERIO PÚBLICO,,,,0,0,Charo,De Santiago,mayo,lunes,20,-101.044372,19.745476
23253,23257,2019,"190418250",2019/05/27,23:20:00,SALIDA DE SUPERFICIE DE RODAMIENTO,ASFALTO,Bueno,Bueno,1,DATSUN,ROJO,1,,58,MASCULINO,ALIENTO ETÍLICO,0,0,Charo,Sin datos,mayo,lunes,23,-101.08326,19.678806
23254,23258,2019,,2019/05/28,"00:00:00",COLISIÓN POR ALCANCE,ASFALTO,Bueno,Bueno,2,DODGE,BLANCO,2,,42,MASCULINO,SIN DATOS,0,0,Morelia,Isaac Arriaga,mayo,martes,0,-101.173878539064,19.7098514781792
23255,23259,2019,"190418463",2019/05/28,"04:20:00",COLISIÓN CONTRA OBJETO FIJO,ASFALTO,Lluvioso,Bueno,5,VOLVO,"CREMA, NARANJA Y AZUL",0,MINISTERIO PÚBLICO,,,,0,0,Morelia,Tenencia Morelos,mayo,martes,4,-101.239818462811,19.6436992669296
23256,23260,2019,MOR190418519,2019/05/28,"04:40:00",COLISIÓN POR ALCANCE,ASFALTO,Lluvioso,Bueno,3,INTERNATIONAL,BLANCO,3,,31,MASCULINO,SIN DATOS,0,0,Morelia,El Eden,mayo,martes,5,-101.254646,19.642139
23258,23262,2019,MOR190418537,2019/05/28,"06:13:00",COLISIÓN POR ALCANCE,ASFALTO,Lluvioso,Bueno,2,DINA,BLANCO,2,MINISTERIO PÚBLICO,,MASCULINO,SIN DATOS,0,0,Morelia,Sin datos,mayo,martes,6,-101.277978,19.618804
23259,23263,2019,MOR 190 418809,2019/05/28,"09:30:00",COLISIÓN POR INVASIÓN DE CARRIL,ASFALTO,Nublado,Regular,1,TOYOTA,GRIS,2,,,MASCULINO,SIN DATOS,0,0,Morelia,Cuauhtemoc,mayo,martes,10,-101.184476133246,19.6987068511391
23260,23264,2019,,2019/05/28,10:02:00,COLISIÓN POR INVASIÓN DE CARRIL,ASFALTO,Lluvioso,Regular,2,FORD,AZUL,2,MINISTERIO PÚBLICO,24,MASCULINO,SIN DATOS,1,0,Jungapeo,Sin datos,mayo,martes,10,-100.479085184634,19.4850668830229
23261,23265,2019,MOR 190419073,2019/05/28,11:50:00,COLISIÓN CON PEATÓN,CONCRETO,Bueno,Bueno,1,S/D,S/D,1,,,,,1,0,Morelia,Juarez,mayo,martes,12,-101.197780834577,19.6952286274879
23263,23267,2019,,2019/05/28,13:30:00,COLISIÓN CON PEATÓN,CONCRETO,Bueno,Bueno,1,TOYOTA,GRIS,1,MINISTERIO PÚBLICO,,,,1,0,Morelia,Las Flores,mayo,martes,14,-101.206263914811,19.7056150121759
23264,23268,2019,MOR190419593,2019/05/28,14:40:00,COLISIÓN POR ALCANCE,ASFALTO,Bueno,Bueno,2,DINAMO,BLANCO,2,,24,FEMENINO,SIN DATOS,0,0,Morelia,Centro,mayo,martes,15,-101.18754847,19.7028479949991
23265,23269,2019,,2019/05/28,15:00:00,COLISIÓN POR ALCANCE,ASFALTO,Bueno,Bueno,1,VOLKSWAGEN,BLANCO,1,,32,MASCULINO,SIN DATOS,0,0,Morelia,Sin datos,mayo,martes,15,-101.11455884192,19.7372316661679
23267,23271,2019,MOR 190421892,2019/05/28,16:26:00,COLISIÓN POR ALCANCE,CONCRETO,Nublado,Bueno,2,ITALIKA,NEGRO Y GRIS,2,,58,MASCULINO,SIN DATOS,0,0,Morelia,Ferrocarrilero,mayo,martes,16,-101.223609235,19.6918737849991
23268,23272,2019,MOR190419939,2019/05/28,16:40:00,COLISIÓN POR CORTE DE CIRCULACIÓN,CONCRETO,Bueno,Bueno,2,NISSAN,ROJO,2,,55,FEMENINO,SIN DATOS,0,0,Morelia,Lomas del Tecnologico,mayo,martes,17,-101.190983165,19.7203156949991
23271,23275,2019,,2019/05/28,18:15:00,COLISIÓN POR CORTE DE CIRCULACIÓN,CONCRETO,Nublado,Bueno,2,ITALIKA,ROJO,2,,22,MASCULINO,SIN DATOS,0,0,Morelia,Vasco de Quiroga,mayo,martes,18,-101.16716515,19.6992678299991
23272,23276,2019,,2019/05/28,18:15:00,COLISIÓN POR ALCANCE,ASFALTO,Lluvioso,Bueno,2,NISSAN,BLANCO,2,,34,MASCULINO,SIN DATOS,0,0,Tarímbaro,Sin datos,mayo,martes,18,-101.158266805995,19.766484
23273,23277,2019,,2019/05/28,18:20:00,COLISIÓN CON PEATÓN,SIN_DATOS,Bueno,Bueno,1,HONDA,BLANCO,1,,,MASCULINO,SIN DATOS,0,0,Morelia,Insurgentes,mayo,martes,18,-101.155416805,19.6953315299991
23274,23278,2019,,2019/05/28,19:00:00,COLISIÓN POR ALCANCE,ASFALTO,Lluvioso,Bueno,2,VOLKSWAGEN CROSSFOX,NEGRO,2,,22,MASCULINO,SIN DATOS,0,0,Morelia,Tzindurio de Morelos,mayo,martes,19,-101.245748363435,19.699642242624
23275,23279,2019,MOR190420478,2019/05/28,19:15:00,COLISIÓN CON PEATÓN,CONCRETO,Bueno,Bueno,1,CHEVROLET,AMARILLO,2,,,,SIN DATOS,1,0,Morelia,Loma Bonita,mayo,martes,19,-101.257609015,19.7022630949991
23276,23280,2019,,2019/05/28,19:40:00,COLISIÓN CON PEATÓN,SIN_DATOS,Bueno,Bueno,2,SEAT,BLANCO,2,,,MASCULINO,SIN DATOS,0,0,Morelia,Chapultepec Norte,mayo,martes,20,-101.17747677,19.6964021849991
23277,23281,2019,MOR 190420910,2019/05/28,20:50:00,COLISIÓN POR CAMBIO DE CARRIL,ASFALTO,Lluvioso,Bueno,2,ITALIKA,NEGRO Y NARANJA,2,,19,MASCULINO,SIN DATOS,0,0,Morelia,Irrigacion,mayo,martes,21,-101.22520209,19.7051928999992
23278,23282,2019,,2019/05/28,21:30:00,SALIDA DE SUPERFICIE DE RODAMIENTO,TERRACERIA,Bueno,Regular,1,INFINITY,BLANCO,1,,,,SIN DATOS,0,0,Queréndaro,Sin datos,mayo,martes,22,-100.847251564264,19.6342596295018
23279,23283,2019,,2019/05/28,21:50:00,SALIDA DE SUPERFICIE DE RODAMIENTO,ASFALTO,Bueno,Bueno,1,NISSAN SENTRA,GUINDA,0,MINISTERIO PÚBLICO,,,,0,0,Coalcomán de Vázquez Pallares,Sin datos,mayo,martes,22,-103.144874051213,18.8831812503767
23281,23285,2019,,2019/05/28,23:50:00,COLISIÓN POR CORTE DE CIRCULACIÓN,ASFALTO,Bueno,Bueno,2,NISSAN,ROJO,2,,,MASCULINO,SIN DATOS,0,0,Álvaro Obregón,Sin datos,mayo,martes,0,-101.047178059816,19.8217552570445
23282,23286,2019,MOR190347654,2019/05/28,23:59:00,COLISIÓN POR INVASIÓN DE CARRIL,ASFALTO,Bueno,Bueno,2,TOYOTA,AZUL,2,MINISTERIO PÚBLICO,34,MASCULINO,SIN DATOS,0,0,Morelia,Torreon Nuevo,mayo,martes,0,-101.20358663,19.7462449699991
23283,23287,2019,MOR 190480460,2019/05/29,"02:15:00",COLISIÓN POR CORTE DE CIRCULACIÓN,CONCRETO,Lluvioso,Bueno,1,VOLKSWAGEN ATLANTIC,AZUL,1,,,,SIN DATOS,0,0,Morelia,Infonavit Cepamisa,mayo,miércoles,2,-101.216146095,19.6970854099991
23286,23290,2019,,2019/05/29,"07:51:00",COLISIÓN CONTRA OBJETO FIJO,ASFALTO,Bueno,Bueno,1,JEEP,VERDE,1,,78,MASCULINO,SIN DATOS,0,0,Morelia,Vista Bella,mayo,miércoles,8,-101.195925675947,19.6790442736003
23287,23291,2019,MOR190421531,2019/05/29,"08:40:00",COLISIÓN POR CORTE DE CIRCULACIÓN,ASFALTO,Bueno,Bueno,2,NISSAN,PLATA,2,MINISTERIO PÚBLICO,28,MASCULINO,SIN DATOS,0,0,Morelia,Insurgentes,mayo,miércoles,9,-101.155416805,19.6953315299991
23288,23292,2019,MOR190421527,2019/05/29,"08:41:00",COLISIÓN POR CAMBIO DE CARRIL,CONCRETO,Bueno,Bueno,2,NISSAN,BLANCO,2,,53,MASCULINO,SIN DATOS,0,0,Morelia,Lomas del Punhuato,mayo,miércoles,9,-101.146986725494,19.6985048820112
23289,23293,2019,MOR190421563,2019/05/29,"09:13:00",COLISIÓN POR CAMBIO DE CARRIL,ASFALTO,Bueno,Bueno,2,CHEVROLET,GRIS,2,,43,MASCULINO,SIN DATOS,0,0,Morelia,Camelinas,mayo,miércoles,9,-101.17262119,19.6818144849991
23293,23297,2019,,2019/05/29,10:00:00,COLISIÓN POR ALCANCE,ASFALTO,Nublado,Bueno,2,SEAT,NEGRO,2,,39,FEMENINO,SIN DATOS,0,0,Morelia,Rey Tariacuri (Eucaliptos),mayo,miércoles,10,-101.198902538624,19.6789772554094
23294,23298,2019,,2019/05/29,13:30:00,COLISIÓN CON PEATÓN,SIN_DATOS,Bueno,Bueno,2,JEEP,BLANCO,2,,,MASCULINO,SIN DATOS,0,0,Morelia,Isaac Arriaga,mayo,miércoles,14,-101.173878539064,19.7098514781792
23295,23299,2019,,2019/05/29,14:50:00,SALIDA DE SUPERFICIE DE RODAMIENTO,ASFALTO,Bueno,Bueno,1,ITALIKA,NEGRO,0,MINISTERIO PÚBLICO,,,,0,0,Coalcomán de Vázquez Pallares,Sin datos,mayo,miércoles,15,-103.193418346345,18.7623927638553
23297,23301,2019,MOR190423017,2019/05/29,17:45:00,COLISIÓN POR CORTE DE CIRCULACIÓN,ASFALTO,Bueno,Bueno,2,RENAULT,GRIS,2,,39,MASCULINO,SIN DATOS,0,0,Morelia,Centro,mayo,miércoles,18,-101.179312185,19.7035132699991
23298,23302,2019,MOR 190423379,2019/05/29,19:37:00,COLISIÓN POR CAMBIO DE CARRIL,CONCRETO,Bueno,Bueno,2,VOLKSWAGEN,AMARRILLO,2,,63,MASCULINO,SIN DATOS,0,0,Morelia,Vasco de Quiroga,mayo,miércoles,20,-101.171026988099,19.6976785913658
23299,23303,2019,MOR190423419,2019/05/29,19:45:00,COLISIÓN POR CORTE DE CIRCULACIÓN,CONCRETO,Bueno,Bueno,2,JEEP,NEGRO,2,,,MASCULINO,SIN DATOS,0,0,Morelia,Del Empleado,mayo,miércoles,20,-101.18002517,19.6886070099991
23302,23306,2019,,2019/05/30,"00:00:00",VOLCADURA,ASFALTO,Bueno,Bueno,1,DODGE,VERDE METALICO,1,MINISTERIO PÚBLICO,,,,0,1,Chucándiro,Sin datos,mayo,jueves,0,-101.306619085371,19.8923350150009
23303,23307,2019,,2019/05/30,"00:00:00",COLISIÓN CON PEATÓN,SIN_DATOS,Bueno,Bueno,2,VOLKSWAGEN,GRIS,2,,,MASCULINO,SIN DATOS,0,0,Morelia,Felix Ireta,mayo,jueves,0,-101.1919749,19.6869904499991
23304,23308,2019,,2019/05/30,"01:15:00",VOLCADURA,TERRACERIA,Lluvioso,Malo,1,NISSAN,NEGRO,1,,67,MASCULINO,SIN DATOS,0,0,Tuxpan,Sin datos,mayo,jueves,1,-100.512765347958,19.5136833047339
23305,23309,2019,,2019/05/30,"03:30:00",VOLCADURA,ASFALTO,Bueno,Bueno,1,ISUZU,BLANCO,1,,,MASCULINO,SIN DATOS,0,0,Morelia,Elias Perez Avalos,mayo,jueves,4,-101.167813022979,19.7136335493406
23306,23310,2019,MOR190424203,2019/05/30,"04:45:00",COLISIÓN CONTRA OBJETO FIJO,ASFALTO,Bueno,Bueno,1,CADILLAC,ROJO,5,MINISTERIO PÚBLICO,,,,2,3,Morelia,Camelinas,mayo,jueves,5,-101.17262119,19.6818144849991
23307,23311,2019,MOR 190424235,2019/05/30,"06:10:00",COLISIÓN CONTRA OBJETO FIJO,ASFALTO,Bueno,Bueno,1,HONDA,GRIS,1,,30,MASCULINO,SIN DATOS,0,0,Morelia,Ciudad Industrial,mayo,jueves,6,-101.14554366932,19.7284851395985
23309,23313,2019,MOR 190424374,2019/05/30,"08:25:00",COLISIÓN POR CAMBIO DE CARRIL,ASFALTO,Bueno,Bueno,2,NISSAN,BLANCO,2,,79,MASCULINO,SIN DATOS,0,0,Morelia,Chapultepec Oriente,mayo,jueves,8,-101.162603260887,19.6920128556805
23312,23316,2019,MOR 190424409,2019/05/30,"09:25:00",COLISIÓN POR CAMBIO DE CARRIL,ASFALTO,Bueno,Bueno,2,FAMSA,BLANCO,2,,52,MASCULINO,SIN DATOS,0,0,Morelia,Campestre Los Manantiales,mayo,jueves,9,-101.237776589126,19.6908906678032
23313,23317,2019,,2019/05/30,10:30:00,COLISIÓN POR ALCANCE,ASFALTO,Bueno,Bueno,2,GENERAL MOTORS,NEGRO,2,,,MASCULINO,SIN DATOS,0,0,Morelia,Lomas de Morelia (Dr Ignacio Chavez),mayo,jueves,11,-101.175452644618,19.7162004988672
23314,23318,2019,,2019/05/30,11:10:00,COLISIÓN POR CAMBIO DE CARRIL,ASFALTO,Bueno,Bueno,2,TOYOTA,GRIS,2,,75,MASCULINO,SIN DATOS,0,0,Morelia,Camelinas,mayo,jueves,11,-101.17262119,19.6818144849991
23316,23320,2019,,2019/05/30,13:40:00,COLISIÓN CON PEATÓN,SIN_DATOS,Bueno,Bueno,2,NISSAN,NEGRO,2,,,MASCULINO,SIN DATOS,0,0,Morelia,Camelinas,mayo,jueves,14,-101.17262119,19.6818144849991
23317,23321,2019,,2019/05/30,15:15:00,COLISIÓN CONTRA OBJETO FIJO,CONCRETO,Bueno,Bueno,1,CHEVROLET,BLANCO,2,,46,MASCULINO,SIN DATOS,1,0,Morelia,Mirador Poniente,mayo,jueves,15,-101.24828804,19.7111450849991
23318,23322,2019,MOR 190427050,2019/05/30,16:00:00,COLISIÓN POR CAMBIO DE CARRIL,CONCRETO,Bueno,Regular,2,NISSAN,GRIS,2,,21,MASCULINO,SIN DATOS,0,0,Morelia,Mirador Poniente,mayo,jueves,16,-101.243117145,19.7126780099991
23319,23323,2019,,2019/05/30,16:30:00,COLISIÓN POR ALCANCE,ASFALTO,Bueno,Bueno,2,CHEVROLET,AMARILLO,2,,,MASCULINO,SIN DATOS,0,0,Morelia,Elias Perez Avalos,mayo,jueves,17,-101.167813022979,19.7136335493406
23320,23324,2019,MOR190425429,2019/05/30,18:10:00,COLISIÓN POR CORTE DE CIRCULACIÓN,CONCRETO,Bueno,Bueno,2,HONDA,ROJO,2,,24,MASCULINO,SIN DATOS,0,0,Morelia,Club Campestre,mayo,jueves,18,-101.159612285105,19.6806944782374
23321,23325,2019,,2019/05/30,18:20:00,COLISIÓN POR ALCANCE,ASFALTO,Bueno,Bueno,2,TOYOTA,GUINDA,2,,39,MASCULINO,SIN DATOS,0,0,Morelia,Americas Britania,mayo,jueves,18,-101.146081774315,19.6917604454174
23322,23326,2019,MOR 190426691,2019/05/30,20:30:00,SUBIDA AL CAMELLÓN,ASFALTO,Lluvioso,Regular,1,CHEVROLET,AZUL,1,,34,MASCULINO,SIN DATOS,0,0,Morelia,Jardines de Sindurio,mayo,jueves,21,-101.25724950047,19.6993034103532
23323,23327,2019,,2019/05/30,20:45:00,COLISIÓN POR ALCANCE,ASFALTO,Lluvioso,Bueno,2,FORD FIGO,ORO,2,,20,FEMENINO,SIN DATOS,0,0,Morelia,Enrique Arreguin Robles,mayo,jueves,21,-101.17940323,19.7207785399991
23324,23328,2019,,2019/05/30,20:50:00,COLISIÓN POR CAMBIO DE CARRIL,ASFALTO,Lluvioso,Bueno,2,FORD,BLANCO Y AZUL,2,,,MASCULINO,SIN DATOS,0,0,Morelia,Eduardo Ruiz,mayo,jueves,21,-101.221859682349,19.7216992118204
23325,23329,2019,,2019/05/30,20:55:00,COLISIÓN POR INVASIÓN DE CARRIL,ASFALTO,Bueno,Bueno,3,ITALIKA,NEGRO CON ROJO,8,MINISTERIO PÚBLICO,18,MASCULINO,SIN DATOS,4,0,Jungapeo,Sin datos,mayo,jueves,21,-100.487570688128,19.472268527098
23326,23330,2019,MOR 190426901,2019/05/30,21:20:00,COLISIÓN POR ALCANCE,ASFALTO,Lluvioso,Regular,2,VOLKSWAGEN,BLANCO,2,,36,MASCULINO,SIN DATOS,0,0,Morelia,Morelos,mayo,jueves,21,-101.20619815,19.7022964949991
23327,23331,2019,,2019/05/30,21:56:00,COLISIÓN POR CORTE DE CIRCULACIÓN,ASFALTO,Bueno,Bueno,2,CHEVROLET,BLANCO,2,,45,MASCULINO,SIN DATOS,0,0,Morelia,Popular Pogreso,mayo,jueves,22,-101.200145965135,19.7202451059807
23328,23332,2019,,2019/05/31,"00:00:00",COLISIÓN POR CORTE DE CIRCULACIÓN,ASFALTO,Bueno,Bueno,2,NISSAN,GRIS,2,MINISTERIO PÚBLICO,59,MASCULINO,CON CERTIFICADO,0,0,Zacapu,Zacapu,mayo,viernes,0,-101.77897721529,19.8037726183916
23329,23333,2019,,2019/05/31,"00:00:00",SALIDA DE SUPERFICIE DE RODAMIENTO,CONCRETO,Bueno,Bueno,1,NISSAN,BLANCO,1,,0,MASCULINO,SIN DATOS,0,0,Morelia,Arboledas(5 de Mayo),mayo,viernes,0,-101.24466240406,19.6763229191579
23330,23334,2019,MOR190429923,2019/05/31,"00:01:00",COLISIÓN CONTRA OBJETO FIJO,ASFALTO,Nublado,Malo,1,AUDI,GRIS,1,,67,MASCULINO,SIN DATOS,0,0,Morelia,Lomas de San Juan,mayo,viernes,0,-101.182436496019,19.7292544097169
23331,23335,2019,MOR190430015,2019/05/31,"00:45:00",COLISIÓN CONTRA OBJETO FIJO,CONCRETO,Lluvioso,Regular,1,VW,AZUL,1,,0,MASCULINO,ALIENTO ETÍLICO,0,0,Morelia,Alberto Oviedo Mota,mayo,viernes,1,-101.197820305824,19.6812325990642
23332,23336,2019,MOR190427082,2019/05/31,"02:40:00",COLISIÓN CONTRA OBJETO FIJO,CONCRETO,Bueno,Bueno,1,DODGE,ARENA,1,,19,MASCULINO,SIN DATOS,0,0,Morelia,Camelinas,mayo,viernes,3,-101.17262119,19.6818144849991
23333,23337,2019,,2019/05/31,"02:40:00",SUBIDA AL CAMELLÓN,ASFALTO,Nublado,Bueno,1,FORD,GRIS,1,,26,MASCULINO,SIN DATOS,0,0,Morelia,Camelinas,mayo,viernes,3,-101.17110856,19.6815556899992
23335,23339,2019,LEG24483,2019/05/31,"04:10:00",SUBIDA AL CAMELLÓN,CONCRETO,Nublado,Regular,1,VOLKSWAGEN,GRIS,1,,22,MASCULINO,SIN DATOS,0,0,Tarímbaro,Club Erandeni,mayo,viernes,4,-101.183801,19.757131
23336,23340,2019,MOR190427137,2019/05/31,"05:30:00",COLISIÓN CON PEATÓN,TERRACERIA,Bueno,Regular,2,CHEVROLET,BLANCO,2,,30,MASCULINO,ALIENTO ETÍLICO,0,0,Morelia,Agustin Arriaga Rivera,mayo,viernes,6,-101.22142091,19.6887455599992
23337,23341,2019,MOR 190424316,2019/05/31,"07:40:00",COLISIÓN POR CORTE DE CIRCULACIÓN,ASFALTO,Nublado,Bueno,2,VOLKSWAGEN,ROJO,2,,37,FEMENINO,SIN DATOS,0,0,Morelia,Gertrudis Sanchez,mayo,viernes,8,-101.205776745,19.7441101549991
23338,23342,2019,,2019/05/31,"08:20:00",COLISIÓN POR ALCANCE,ASFALTO,Nublado,Bueno,2,Ford,Verde,2,,43,MASCULINO,SIN DATOS,0,0,Morelia,Agustin Arriaga Rivera,mayo,viernes,8,-101.224540807307,19.6910710789707
23339,23343,2019,,2019/05/31,"09:00:00",COLISIÓN POR ALCANCE,ASFALTO,Bueno,Bueno,2,NISSAN,BLANCO Y AZUL,2,,30,MASCULINO,SIN DATOS,0,0,Morelia,Santillan La Huerta,mayo,viernes,9,-101.22020535171,19.6751456722345
23340,23344,2019,MOR190543123,2019/05/31,"09:36:00",COLISIÓN POR ALCANCE,ASFALTO,Bueno,Bueno,2,CHEVROLET,AZUL,2,,41,MASCULINO,SIN DATOS,0,0,Morelia,Rafael Carrillo,mayo,viernes,10,-101.236671768129,19.7076539541852
23341,23345,2019,,2019/05/31,"09:40:00",COLISIÓN POR ALCANCE,ASFALTO,Bueno,Bueno,2,International,Blanco,2,,47,MASCULINO,SIN DATOS,0,0,Morelia,Sentimientos de La Nacion,mayo,viernes,10,-101.235211975873,19.6810741228061
23342,23346,2019,,2019/05/31,10:50:00,COLISIÓN POR INVASIÓN DE CARRIL,ASFALTO,Bueno,Bueno,2,Chevrolet,Beige,2,,60,FEMENINO,SIN DATOS,0,0,Morelia,Felix Ireta,mayo,viernes,11,-101.187630258501,19.6899283487436
23343,23347,2019,,2019/05/31,11:10:00,COLISIÓN POR ALCANCE,ASFALTO,Bueno,Bueno,2,NISSAN,PLATA,2,,29,MASCULINO,SIN DATOS,0,0,Morelia,Cinco de Diciembre,mayo,viernes,11,-101.159170344472,19.6878013335804
23344,23348,2019,,2019/05/31,14:40:00,COLISIÓN POR ALCANCE,ASFALTO,Bueno,Bueno,2,Nissan,Blanco,2,,0,FEMENINO,SIN DATOS,0,0,Tarímbaro,Sin datos,mayo,viernes,15,-101.127031445503,19.7729684097487
23345,23349,2019,,2019/05/31,14:50:00,COLISIÓN POR CORTE DE CIRCULACIÓN,ASFALTO,Bueno,Bueno,3,SE DESCONOCE,SE DESCONOCE,2,,17,MASCULINO,SIN DATOS,0,0,Morelia,Villas Lomas del Paraiso,mayo,viernes,15,-101.175569705665,19.6734184594996
23346,23350,2019,MOR190428121,2019/05/31,14:56:00,COLISIÓN POR CORTE DE CIRCULACIÓN,ASFALTO,Bueno,Bueno,2,VOLKSWAGEN,GRIS,1,,31,FEMENINO,SIN DATOS,0,0,Morelia,Plan de La Garita,mayo,viernes,15,-101.187307722867,19.7110801625182
23347,23351,2019,MOR190428524,2019/05/31,15:00:00,COLISIÓN POR CAMBIO DE CARRIL,ASFALTO,Bueno,Bueno,2,SEAT,GRIS,2,,29,FEMENINO,SIN DATOS,0,0,Morelia,Comision Federal de Electricidad,mayo,viernes,15,-101.178475879133,19.6815621786685
23348,23352,2019,,2019/05/31,15:40:00,COLISIÓN POR ALCANCE,ASFALTO,Bueno,Bueno,2,Nissan,Blanco,2,,24,MASCULINO,SIN DATOS,0,0,Morelia,Villa Universidad,mayo,viernes,16,-101.214077174664,19.6879235003986
23349,23353,2019,,2019/05/31,16:35:00,COLISIÓN POR ALCANCE,ASFALTO,Bueno,Bueno,2,VOLKSWAGEN,NEGRO,2,,50,MASCULINO,SIN DATOS,0,0,Morelia,Lomas de Huerta,mayo,viernes,17,-101.210173554718,19.6721856267412
23350,23354,2019,,2019/05/31,16:45:00,COLISIÓN POR CAMBIO DE CARRIL,ASFALTO,Bueno,Bueno,2,CHEVOLET,GRIS ACERO,2,,40,MASCULINO,SIN DATOS,0,0,Morelia,Ana Maria Gallaga (Riviera Norte),mayo,viernes,17,-101.221838817,19.6768046755282
23351,23355,2019,,2019/05/31,19:20:00,COLISIÓN POR ALCANCE,ASFALTO,Nublado,Bueno,2,NISSAN,GRIS,2,,,MASCULINO,SIN DATOS,0,0,Morelia,Lancaster,mayo,viernes,19,-101.150404717445,19.7006777834338
23352,23356,2019,MOR 190429290,2019/05/31,20:00:00,SUBIDA AL CAMELLÓN,ASFALTO,Bueno,Regular,1,CHEVROLET,GRIS,1,,0,,SIN DATOS,0,0,Morelia,Chapultepec Oriente,mayo,viernes,20,-101.159311160445,19.695448733545
23353,23357,2019,MOR190429310,2019/05/31,20:00:00,COLISIÓN POR NO RESPETAR SEMÁFORO,CONCRETO,Bueno,Bueno,2,HONDA,BLANCO,2,,19,MASCULINO,SIN DATOS,0,0,Morelia,Ejidal Ocolusen,mayo,viernes,20,-101.153442151845,19.6873338157742
23354,23358,2019,MOR 190429609,2019/05/31,21:09:00,COLISIÓN POR CORTE DE CIRCULACIÓN,ASFALTO,Lluvioso,Bueno,2,HYUNDAI,ROJO,2,,26,MASCULINO,SIN DATOS,0,0,Morelia,Ventura Puente,mayo,viernes,21,-101.184166185558,19.6893370931343
23355,23359,2019,,2019/05/31,21:10:00,COLISIÓN CONTRA OBJETO FIJO,ASFALTO,Lluvioso,Regular,1,VOLKSWAGEN,BLANCO,2,,65,FEMENINO,SIN DATOS,1,0,Morelia,Mirador de Morelia,mayo,viernes,21,-101.230479,19.737421
23356,23360,2019,,2019/05/31,21:10:00,COLISIÓN CONTRA OBJETO FIJO,ASFALTO,Lluvioso,Regular,1,VOLKSWAGEN,BLANCO,1,,65,FEMENINO,SIN DATOS,0,0,Morelia,Ejidal Ocolusen,mayo,viernes,21,-101.152120828629,19.6836949590249
23357,23361,2019,,2019/05/31,21:15:00,COLISIÓN POR CORTE DE CIRCULACIÓN,CONCRETO,Lluvioso,Bueno,1,FORD,BLANCO,1,,42,MASCULINO,SIN DATOS,0,0,Morelia,Leandro Valle,mayo,viernes,21,-101.22810093,19.7255006449992
23358,23362,2019,MOR 1900428524,2019/05/31,21:45:00,COLISIÓN POR ALCANCE,ASFALTO,Lluvioso,Regular,1,DODGE,SIN DATO,0,,,,,0,0,Morelia,Villa Universidad,mayo,viernes,22,-101.212069541216,19.6921733955384
23359,23363,2019,MOR190429585,2019/05/31,21:50:00,COLISIÓN POR ALCANCE,ASFALTO,Lluvioso,Regular,2,DODGE,NEGRO,2,,46,,SIN DATOS,0,0,Morelia,Villa Universidad,mayo,viernes,22,-101.208161227405,19.6916635908527