fid,id_accidente,anio_origen,folio_c5i,dia_incidente,hora_ocurrencia,tipo_incidente_vial,superficie_ocurrencia,condiciones_climaticas,condiciones_via,numero_vehiculos_involucrados,marca_vehiculo_ocasiona_siniestro,color_vehiculo_ocasiona_siniestro,numero_personas_involucradas,lugar_remite_presunto_responsable,edad_presunto_responsable,sexo_presunto_responsable,resultados_toxicologia,numero_personas_lesionadas,numero_personas_fallecidas,municipio,colonia,mes,dia_semana,hora_redondeada,lon,lat
23360,23364,2019,MOR190429665,2019/05/31,21:50:00,COLISIÓN POR ALCANCE,ASFALTO,Lluvioso,Bueno,2,CHEVROLET,BLANCO,2,,20,FEMENINO,ALIENTO ETÍLICO,0,0,Morelia,Niño Artillero,mayo,viernes,22,-101.256266646087,19.6974298133263
23361,23365,2019,,2019/05/31,22:12:00,SALIDA DE SUPERFICIE DE RODAMIENTO,ASFALTO,Lluvioso,Regular,1,RENOULT,ROJO,1,,25,MASCULINO,SIN DATOS,0,0,Morelia,Colinas del Sol,mayo,viernes,22,-101.13610804081,19.7292736610016
23362,23366,2019,,2019/05/31,23:05:00,SUBIDA AL CAMELLÓN,ASFALTO,Lluvioso,Regular,1,NISSAN,GRIS,1,,57,FEMENINO,SIN DATOS,0,0,Morelia,El Lago 1,mayo,viernes,23,-101.220589913428,19.7276615945678
23363,23367,2019,,2019/05/31,23:45:00,COLISIÓN POR ALCANCE,ASFALTO,Bueno,Bueno,2,VOLKSWAGEN,BLANCO,2,,21,MASCULINO,SIN DATOS,0,0,Morelia,Felix Ireta,mayo,viernes,0,-101.194499535,19.6818799749991
23364,23368,2019,MOR190429979,2019/05/31,23:50:00,COLISIÓN POR ALCANCE,ASFALTO,Nublado,Bueno,2,CHEVROLET,AZUL,2,,0,FEMENINO,SIN DATOS,0,0,Morelia,Arcos del Valle,mayo,viernes,0,-101.236250326037,19.7076302813711
23365,23369,2019,MOR190429959,2019/06/01,"00:30:00",COLISIÓN POR MANIOBRA DE REVERSA,CONCRETO,Bueno,Bueno,2,INTERNATIONAL,BLANCO,2,,41,MASCULINO,ALIENTO ETÍLICO,0,0,Morelia,Indeco Expropiacion Petrolera,junio,sábado,1,-101.227254867554,19.6817929656956
23366,23370,2019,,2019/06/01,"02:10:00",COLISIÓN CONTRA OBJETO FIJO,ASFALTO,Lluvioso,Malo,1,NISSAN,PLATA,3,MINISTERIO PÚBLICO,19,MASCULINO,SIN DATOS,2,0,Tuxpan,Tuxpan,junio,sábado,2,-100.464763194323,19.5700375747207
23367,23371,2019,,2019/06/01,"02:43:00",COLISIÓN POR CORTE DE CIRCULACIÓN,SIN_DATOS,Bueno,Bueno,1,Nissan,GRIS,1,,0,MASCULINO,ALIENTO ETÍLICO,0,0,Morelia,Indeco Santiaguito,junio,sábado,3,-101.17881283164,19.7202432914726
23368,23372,2019,,2019/06/01,"03:10:00",SUBIDA AL CAMELLÓN,ASFALTO,Bueno,Bueno,1,CHEVROLET,GRIS,1,,24,MASCULINO,ALIENTO ETÍLICO,0,0,Morelia,Mirador de Morelia,junio,sábado,3,-101.230450049043,19.7374186398551
23369,23373,2019,MOR 190430157,2019/06/01,"03:46:00",SALIDA DE SUPERFICIE DE RODAMIENTO,ASFALTO,Bueno,Bueno,1,NISSAN,GRIS,0,,,,,0,0,Morelia,Tenencia Morelos,junio,sábado,4,-101.24781601131,19.6483435235593
23370,23374,2019,,2019/06/01,10:50:00,COLISIÓN POR CAMBIO DE CARRIL,ASFALTO,Bueno,Bueno,2,VW,BLANCO CON ROSA,2,,38,MASCULINO,SIN DATOS,0,0,Morelia,Eva Samano,junio,sábado,11,-101.199436336756,19.7314383111537
23371,23375,2019,,2019/06/01,14:30:00,COLISIÓN POR ALCANCE,ASFALTO,Bueno,Bueno,2,NISSAN,BLANCO,2,,20,MASCULINO,SIN DATOS,0,0,Morelia,Las Americas,junio,sábado,15,-101.153632253408,19.6874427245005
23372,23376,2019,,2019/06/01,15:20:00,COLISIÓN POR ALCANCE,ASFALTO,Bueno,Bueno,2,VOLKSWAGEN POINTER,NEGRO,2,,35,MASCULINO,SIN DATOS,0,0,Morelia,Lomas del Tecnologico,junio,sábado,15,-101.188395023346,19.7212115881401
23373,23377,2019,,2019/06/01,15:40:00,COLISIÓN POR ALCANCE,ASFALTO,Bueno,Bueno,2,FORD,ROJO,2,,51,MASCULINO,SIN DATOS,0,0,Zitácuaro,Sin datos,junio,sábado,16,-100.411508604884,19.3615394381953
23374,23378,2019,MOR 190 432145,2019/06/01,16:05:00,COLISIÓN POR CORTE DE CIRCULACIÓN,CONCRETO,Bueno,Bueno,2,MITSUBISHI,ROJO,2,MINISTERIO PÚBLICO,31,MASCULINO,SIN DATOS,0,0,Morelia,Industrial,junio,sábado,16,-101.20031375438,19.7108336547237
23375,23379,2019,,2019/06/01,16:45:00,CAIDA DE MOTOCICLETA,ASFALTO,Bueno,Bueno,1,HONDA 125,BLANCO,1,,,,,1,0,Morelia,Jesus Romero Flores,junio,sábado,17,-101.176393814385,19.7320925289952
23376,23380,2019,,2019/06/01,16:45:00,COLISIÓN POR NO RESPETAR SEMÁFORO,CONCRETO,Bueno,Bueno,2,BAJAJ,ROJO,2,,35,MASCULINO,SIN DATOS,0,0,Morelia,Ventura Puente,junio,sábado,17,-101.188106350601,19.6903747089798
23377,23381,2019,,2019/06/01,17:20:00,COLISIÓN POR CAMBIO DE CARRIL,ASFALTO,Bueno,Bueno,2,ITALIKA RC 150,BLANCO,2,,50,MASCULINO,SIN DATOS,0,0,Morelia,Molino de Parras,junio,sábado,17,-101.20589710772,19.7023827211379
23378,23382,2019,,2019/06/01,17:40:00,COLISIÓN POR CORTE DE CIRCULACIÓN,ASFALTO,Bueno,Bueno,2,S/D,BLANCO,1,,0,MASCULINO,SIN DATOS,0,0,Morelia,De Dolores,junio,sábado,18,-101.37731038034,19.6723115939548
23379,23383,2019,MOR190654387,2019/06/01,18:25:00,SALIDA DE SUPERFICIE DE RODAMIENTO,ASFALTO,Nublado,Regular,1,NISSAN,BLANCO Y ROJO,1,,45,MASCULINO,SIN DATOS,0,0,Tzitzio,Tzitzio,junio,sábado,18,-100.931844078004,19.5864462718852
23380,23384,2019,,2019/06/01,19:30:00,COLISIÓN POR ALCANCE,ASFALTO,Bueno,Bueno,2,BMW,BLANCO,2,,0,MASCULINO,SIN DATOS,0,0,Morelia,Elias Perez Avalos,junio,sábado,20,-101.171431392431,19.7147073497939
23381,23385,2019,MOR190432357,2019/06/01,19:30:00,COLISIÓN POR ALCANCE,ASFALTO,Bueno,Regular,2,BMW,BLANCO,2,,,MASCULINO,ALIENTO ETÍLICO,0,0,Morelia,Elias Perez Avalos,junio,sábado,20,-101.17131203413,19.7145798378183
23382,23386,2019,MOR 190 432661,2019/06/01,21:17:00,COLISIÓN POR MANIOBRA DE REVERSA,ASFALTO,Bueno,Regular,3,INTERNACIONAL,AMARILLO/ROJO,2,,22,MASCULINO,SIN DATOS,0,0,Morelia,Tres Puentes,junio,sábado,21,-101.21195755899,19.7088492689201
23383,23387,2019,,2019/06/01,22:50:00,COLISIÓN POR ALCANCE,ASFALTO,Bueno,Bueno,2,MAZDA,BLANCO,2,,21,MASCULINO,SIN DATOS,0,0,Morelia,Rincon de La Montaña,junio,sábado,23,-101.160875558853,19.6562330839225
23384,23388,2019,,2019/06/01,23:20:00,COLISIÓN POR CORTE DE CIRCULACIÓN,ASFALTO,Nublado,Bueno,1,FORD,PLATA,1,,28,MASCULINO,SIN DATOS,0,0,Morelia,Enrique Arreguin Robles,junio,sábado,23,-101.183792352676,19.7193583111612
23385,23389,2019,MOR190433063,2019/06/01,23:58:00,COLISIÓN POR NO RESPETAR SEMÁFORO,ASFALTO,Bueno,Bueno,2,VOLKSWAGEN,GRIS,2,,0,MASCULINO,SIN DATOS,0,0,Morelia,Vasco de Quiroga,junio,sábado,0,-101.17596834898,19.6983026043967
23386,23390,2019,,2019/06/02,"00:00:00",VOLCADURA,TERRACERIA,Bueno,Bueno,1,DODGE,ROJO,2,MINISTERIO PÚBLICO,,,,0,2,Lázaro Cárdenas,La Orillita,junio,domingo,0,-102.226230874658,17.9910414419175
23387,23391,2019,,2019/06/02,"00:10:00",COLISIÓN CONTRA OBJETO FIJO,ASFALTO,Bueno,Bueno,1,CHEVROLET,ROJO,0,MINISTERIO PÚBLICO,,,,0,0,Lázaro Cárdenas,600 Casas,junio,domingo,0,-102.216300331056,17.9654948537114
23388,23392,2019,MOR 190433066,2019/06/02,"00:30:00",COLISIÓN POR INVASIÓN DE CARRIL,ASFALTO,Bueno,Bueno,2,PONTIAC,GRIS,2,,43,MASCULINO,ALIENTO ETÍLICO,0,0,Charo,San Juan,junio,domingo,1,-101.054940372705,19.7465758405412
23389,23393,2019,,2019/06/02,"01:55:00",SUBIDA AL CAMELLÓN,ASFALTO,Bueno,Bueno,1,FORD EXPLORER,BLANCO,1,,49,MASCULINO,ALIENTO ETÍLICO,0,0,Morelia,Reforma,junio,domingo,2,-101.242423430085,19.7055978783154
23390,23394,2019,,2019/06/02,"02:45:00",COLISIÓN POR ALCANCE,CONCRETO,Nublado,Bueno,2,NISSAN,ROJO,2,,22,MASCULINO,SIN DATOS,0,0,Morelia,Molino de Parras,junio,domingo,3,-101.205522939563,19.6985065180078
23391,23395,2019,,2019/06/02,"05:25:00",COLISIÓN POR CORTE DE CIRCULACIÓN,CONCRETO,Bueno,Bueno,1,FORD F450,BLANCO,1,,0,,SIN DATOS,0,0,Morelia,Lomas de Vista Bella,junio,domingo,5,-101.200857739896,19.6701868705611
23392,23396,2019,,2019/06/02,"05:50:00",SALIDA DE SUPERFICIE DE RODAMIENTO,ASFALTO,Bueno,Bueno,1,SEAT,GRIS,1,,,,SIN DATOS,0,0,Zitácuaro,Sin datos,junio,domingo,6,-100.41151933372,19.3620085322562
23393,23397,2019,,2019/06/02,"07:35:00",VOLCADURA,ASFALTO,Bueno,Bueno,1,DINA,ROJO,0,,,,,0,0,Tuxpan,Sin datos,junio,domingo,8,-100.485547631979,19.5400235079311
23394,23398,2019,MOR 190433860,2019/06/02,11:25:00,SUBIDA AL CAMELLÓN,ASFALTO,Bueno,Bueno,1,RENAULT,GRIS,1,,29,MASCULINO,SIN DATOS,0,0,Morelia,Sin datos,junio,domingo,11,-101.118752807379,19.701192408489
23395,23399,2019,,2019/06/02,13:30:00,COLISIÓN POR MANIOBRA DE REVERSA,ASFALTO,Bueno,Bueno,2,CHEVROLET,GRIS,2,,62,MASCULINO,SIN DATOS,0,0,Ixtlán,Sin datos,junio,domingo,14,-102.41659026593,20.1456911631996
23396,23400,2019,,2019/06/02,14:40:00,COLISIÓN POR CORTE DE CIRCULACIÓN,ASFALTO,Bueno,Bueno,2,FORD,GRIS,2,,,MASCULINO,SIN DATOS,1,0,Lázaro Cárdenas,Centro,junio,domingo,15,-102.191852,17.955388
23397,23401,2019,LEG24545,2019/06/02,15:00:00,COLISIÓN POR ALCANCE,ASFALTO,Bueno,Bueno,2,CHEVROLET,ROJO,2,,36,FEMENINO,SIN DATOS,0,0,Morelia,Jardines de Sindurio,junio,domingo,15,-101.256414502859,19.6975346116376
23398,23402,2019,MOR 190434465,2019/06/02,15:20:00,COLISIÓN POR ALCANCE,ASFALTO,Bueno,Bueno,2,HONDA,ROJO,0,MINISTERIO PÚBLICO,,,,0,0,Morelia,Paseo de Las Lomas,junio,domingo,15,-101.150383092463,19.6971772869932
23399,23403,2019,,2019/06/02,16:15:00,COLISIÓN POR CAMBIO DE CARRIL,CONCRETO,Bueno,Bueno,2,CHEVROLET,ORO,2,,43,MASCULINO,SIN DATOS,0,0,Morelia,Jardines de Sindurio,junio,domingo,16,-101.257280185819,19.7013644377804
23400,23404,2019,,2019/06/02,17:30:00,COLISIÓN CON PEATÓN,ASFALTO,Bueno,Bueno,1,NISSAN,BLANCO Y ROJO,1,MINISTERIO PÚBLICO,,,,1,0,Morelia,Barrio Alto,junio,domingo,18,-101.194576844573,19.7243247421084
23401,23405,2019,MOR190435072,2019/06/02,18:50:00,COLISIÓN POR CORTE DE CIRCULACIÓN,ASFALTO,Bueno,Bueno,1,HONDA,BLANCO,0,,,,,0,0,Morelia,Fray Antonio de Lisboa,junio,domingo,19,-101.146882474422,19.6942315378857
23402,23406,2019,MOR190435359,2019/06/02,20:50:00,COLISIÓN POR CORTE DE CIRCULACIÓN,CONCRETO,Bueno,Bueno,2,CHEVROLET,ROJO,2,MINISTERIO PÚBLICO,,MASCULINO,SIN DATOS,0,0,Morelia,Chapultepec Sur,junio,domingo,21,-101.177113149315,19.6919656858376
23403,23407,2019,,2019/06/02,23:15:00,COLISIÓN POR CAMBIO DE CARRIL,CONCRETO,Bueno,Bueno,2,MERCEDES BENZ,PLATA,2,,32,MASCULINO,SIN DATOS,0,0,Morelia,Cinco de Diciembre,junio,domingo,23,-101.165065504611,19.6849763182908
23404,23408,2019,MOR 190435773,2019/06/02,23:22:00,COLISIÓN POR CAMBIO DE CARRIL,ASFALTO,Bueno,Bueno,2,VOLKSWAGEN,GRIS,2,,23,MASCULINO,SIN DATOS,0,0,Morelia,Victor Manuel Tinoco Rubi,junio,domingo,23,-101.244557903055,19.7038574213186
23405,23409,2019,,2019/06/03,"01:15:00",COLISIÓN POR CAMBIO DE CARRIL,SIN_DATOS,Bueno,Bueno,2,CHEVROLET,AZUL OCEANO,2,,27,MASCULINO,SIN DATOS,0,0,Morelia,Cosmos,junio,lunes,1,-101.220190264285,19.6842382515545
23406,23410,2019,MOR190435907,2019/06/03,"02:35:00",COLISIÓN CONTRA OBJETO FIJO,CONCRETO,Bueno,Bueno,1,PONTIAC,NEGRO,1,,18,MASCULINO,SIN DATOS,0,0,Morelia,Ampliacion La Soledad,junio,lunes,3,-101.182769425213,19.7392180595759
23407,23411,2019,MOR190435999,2019/06/03,"05:10:00",COLISIÓN POR ALCANCE,ASFALTO,Bueno,Bueno,2,VOLKSWAGEN,BLANCO,2,,30,MASCULINO,ALIENTO ETÍLICO,0,0,Morelia,Libertad,junio,lunes,5,-101.238109767437,19.6873688559812
23409,23413,2019,,2019/06/03,"07:40:00",VOLCADURA,ASFALTO,Bueno,Bueno,1,VOLKSWAGEN,AZUL,0,MINISTERIO PÚBLICO,,,,0,0,Zamora,Valle Esmeralda,junio,lunes,8,-102.29479148984,19.9734978329792
23411,23415,2019,MOR 190438764,2019/06/03,13:45:00,COLISIÓN POR CORTE DE CIRCULACIÓN,ASFALTO,Bueno,Regular,3,NISSAN,GRIS,3,,66,MASCULINO,SIN DATOS,0,0,Morelia,Nueva Valladolid,junio,lunes,14,-101.21281435,19.7007192549992
23412,23416,2019,,2019/06/03,14:00:00,COLISIÓN CON PEATÓN,SIN_DATOS,Bueno,Bueno,2,VOLKSWAGEN,ARENA,2,,41,MASCULINO,SIN DATOS,0,0,Morelia,Ventura Puente,junio,lunes,14,-101.193225725,19.6917077449992
23414,23418,2019,MOR190387312,2019/06/03,14:50:00,COLISIÓN POR CORTE DE CIRCULACIÓN,ASFALTO,Bueno,Bueno,2,NISSAN,ROJO,2,,45,MASCULINO,SIN DATOS,0,0,Morelia,Camelinas,junio,lunes,15,-101.17262119,19.6818144849991
23415,23419,2019,,2019/06/03,15:30:00,CAIDA DE MOTOCICLETA,ASFALTO,Nublado,Bueno,1,ITALIKA,NEGRO Y ROJO,1,MINISTERIO PÚBLICO,,,,1,0,Tacámbaro,Sin datos,junio,lunes,16,-101.457243561745,19.2156083252799
23416,23420,2019,,2019/06/03,15:40:00,COLISIÓN POR ALCANCE,CONCRETO,Bueno,Bueno,2,DODGE,BLANCO,2,,26,MASCULINO,ALIENTO ETÍLICO,0,0,Morelia,Elias Perez Avalos,junio,lunes,16,-101.167813022979,19.7136335493406
23417,23421,2019,MOR190752961,2019/06/03,15:55:00,COLISIÓN POR CORTE DE CIRCULACIÓN,ASFALTO,Bueno,Bueno,2,KENWORTH,BLANCO,2,,45,MASCULINO,SIN DATOS,0,0,Morelia,Articulo Constitucional,junio,lunes,16,-101.172246765224,19.7144412230034
23418,23422,2019,MOR1908765,2019/06/03,16:00:00,COLISIÓN POR ALCANCE,ASFALTO,Bueno,Bueno,2,AUDI,GRIS,2,,34,MASCULINO,SIN DATOS,0,0,Morelia,Lazaro Cardenas,junio,lunes,16,-101.165468506515,19.7099893389761
23419,23423,2019,LEG24547,2019/06/03,16:44:00,COLISIÓN POR NO RESPETAR SEMÁFORO,ASFALTO,Bueno,Bueno,2,BAJAJ,BLANCO Y  NEGRO,1,MINISTERIO PÚBLICO,0,,SIN DATOS,0,0,Morelia,Jardines de Guadalupe,junio,lunes,17,-101.226544752717,19.7105966155004
23421,23425,2019,,2019/06/03,18:16:00,SALIDA DE SUPERFICIE DE RODAMIENTO,ASFALTO,Bueno,Bueno,1,TOYOTA,BLANCO,1,,26,MASCULINO,SIN DATOS,0,0,Los Reyes,Los Manantiales,junio,lunes,18,-102.452033981681,19.579190437392
23422,23426,2019,MOR190437930,2019/06/03,18:20:00,COLISIÓN POR CORTE DE CIRCULACIÓN,ASFALTO,Nublado,Bueno,2,FORD,BLANCO,2,,21,MASCULINO,SIN DATOS,0,0,Morelia,Los Angeles,junio,lunes,18,-101.172693695,19.7488773499992
23423,23427,2019,,2019/06/03,18:43:00,COLISIÓN POR INVASIÓN DE CARRIL,ASFALTO,Nublado,Regular,2,V .W,ROJO,0,MINISTERIO PÚBLICO,,,,0,0,Chinicuila,Sin datos,junio,lunes,19,-103.287137746811,18.7141675503517
23424,23428,2019,MOR19098776,2019/06/03,19:37:00,COLISIÓN POR CORTE DE CIRCULACIÓN,ASFALTO,Bueno,Bueno,2,KIA,BLANCO,2,,67,MASCULINO,SIN DATOS,0,0,Morelia,Felix Ireta,junio,lunes,20,-101.1919749,19.6869904499991
23425,23429,2019,MOR 190438347,2019/06/03,20:00:00,COLISIÓN CONTRA OBJETO FIJO,ASFALTO,Bueno,Regular,1,NISSAN,ROJO,1,,50,MASCULINO,SIN DATOS,0,0,Morelia,Pascual Ortiz de Ayala,junio,lunes,20,-101.149821521984,19.69504229591
23426,23430,2019,MOR190438147,2019/06/03,20:25:00,COLISIÓN CONTRA OBJETO FIJO,CONCRETO,Bueno,Bueno,1,CHEVROLET,BLANCO,1,,22,MASCULINO,SIN DATOS,0,0,Tarímbaro,Cuto del Porvenir,junio,lunes,20,-101.141592,19.872705
23427,23431,2019,MOR190438377,2019/06/03,21:10:00,COLISIÓN POR CORTE DE CIRCULACIÓN,ASFALTO,Bueno,Bueno,2,YAMAHA,BLANCO,2,,29,MASCULINO,SIN DATOS,0,0,Morelia,Union Popular Solidaria,junio,lunes,21,-101.220220133013,19.7056458409566
23428,23432,2019,,2019/06/03,21:20:00,COLISIÓN POR CAMBIO DE CARRIL,ASFALTO,Bueno,Bueno,2,NISSAN,NEGRO,2,,31,MASCULINO,SIN DATOS,0,0,Morelia,Mariano Escobedo,junio,lunes,21,-101.209748685,19.7223888749991
23429,23433,2019,MOR190438471,2019/06/03,22:00:00,COLISIÓN POR ALCANCE,ASFALTO,Bueno,Bueno,2,SCANIA,BLANCO,2,,38,MASCULINO,SIN DATOS,0,0,Morelia,Lomas de San Juan,junio,lunes,22,-101.183039681886,19.7298664251429
23430,23434,2019,MOR190765423,2019/06/03,22:10:00,COLISIÓN CONTRA OBJETO FIJO,ASFALTO,Bueno,Bueno,1,VOLKSWAGEN,ROJO,1,,47,MASCULINO,SIN DATOS,0,0,Tarímbaro,Centro,junio,lunes,22,-101.176869,19.792979
23431,23435,2019,MOR190438797,2019/06/03,22:50:00,COLISIÓN POR CAMBIO DE CARRIL,ASFALTO,Bueno,Bueno,2,MERCEDES BENZ,BLANCO,2,,24,MASCULINO,SIN DATOS,0,0,Morelia,Lomas del Tecnologico,junio,lunes,23,-101.192321777344,19.7231077661869
23432,23436,2019,,2019/06/04,"00:00:00",VOLCADURA,ASFALTO,Bueno,Bueno,1,DINA,BLANCO,2,,31,MASCULINO,SIN DATOS,1,0,Santa Ana Maya,Sin datos,junio,martes,0,-101.063326634467,20.0428422596524
23433,23437,2019,,2019/06/04,"00:00:00",COLISIÓN POR CORTE DE CIRCULACIÓN,ASFALTO,Bueno,Bueno,1,CHRYSLER,BLANCO,0,MINISTERIO PÚBLICO,,,,0,0,Lázaro Cárdenas,600 Casas,junio,martes,0,-102.214811705053,17.9633857644291
23434,23438,2019,MOR19044430,2019/06/04,"00:00:00",COLISIÓN POR CAMBIO DE CARRIL,ASFALTO,Bueno,Bueno,2,INTERNATIONAL,BLANCO,2,,38,MASCULINO,SIN DATOS,0,0,Morelia,Ana Maria Gallaga (Riviera Norte),junio,martes,0,-101.222817488015,19.6767500597084
23437,23441,2019,MOR190435678,2019/06/04,"06:20:00",COLISIÓN CON PEATÓN,ASFALTO,Bueno,Bueno,1,S/D,NEGRO,1,,,,,1,0,Morelia,Praderas del Indio,junio,martes,6,-101.223494028547,19.6450845894654
23438,23442,2019,MOR 190438971,2019/06/04,"07:32:00",COLISIÓN POR CAMBIO DE CARRIL,ASFALTO,Nublado,Bueno,2,VOLKSWAGEN,AZUL,2,,43,FEMENINO,SIN DATOS,0,0,Morelia,Enrique Ramirez,junio,martes,8,-101.165651847052,19.7086881668769
23439,23443,2019,,2019/06/04,"08:10:00",COLISIÓN POR ALCANCE,ASFALTO,Nublado,Bueno,2,CHEVROLET,BLANCO,2,,42,MASCULINO,SIN DATOS,0,0,Morelia,Praderas del Indio,junio,martes,8,-101.223494028547,19.6450845894654
23440,23444,2019,,2019/06/04,"08:20:00",COLISIÓN POR CAMBIO DE CARRIL,SIN_DATOS,Bueno,Regular,2,NISSAN,ROJO,2,,34,MASCULINO,SIN DATOS,0,0,Morelia,Dr Miguel Silva,junio,martes,8,-101.185227946917,19.717204814836
23441,23445,2019,,2019/06/04,"08:25:00",VOLCADURA,ASFALTO,Nublado,Bueno,1,PEUGEOT,GRIS,1,,21,MASCULINO,SIN DATOS,0,0,Morelia,Bosques Tres Marias,junio,martes,8,-101.102,19.7232
23442,23446,2019,"190234123",2019/06/04,"08:30:00",VOLCADURA,ASFALTO,Bueno,Bueno,1,CHEVROLET,GRIS,1,,41,MASCULINO,SIN DATOS,0,0,Morelia,Ana Maria Gallaga (Riviera Norte),junio,martes,9,-101.22460476,19.6777109999991
23444,23448,2019,MOR190439173,2019/06/04,"09:18:00",CAIDA DE MOTOCICLETA,SIN_DATOS,Lluvioso,Regular,1,ITALIKA,NEGRO Y  AMARILLO,1,,19,MASCULINO,SIN DATOS,0,0,Morelia,Industrial,junio,martes,9,-101.194894015789,19.7073373694623
23445,23449,2019,,2019/06/04,"09:35:00",COLISIÓN POR MANIOBRA DE REVERSA,ASFALTO,Bueno,Bueno,1,NISSAN,BLANCO Y AMARILLO,1,,38,MASCULINO,CON CERTIFICADO,0,0,Morelia,Los Encinos,junio,martes,10,-101.1800675,19.6601945
23446,23450,2019,,2019/06/04,"09:40:00",COLISIÓN POR ALCANCE,ASFALTO,Lluvioso,Regular,2,MAZDA,GRIS,2,,28,FEMENINO,SIN DATOS,0,0,Morelia,Camelinas,junio,martes,10,-101.17262119,19.6818144849991
23447,23451,2019,,2019/06/04,10:00:00,COLISIÓN POR CORTE DE CIRCULACIÓN,ASFALTO,Bueno,Bueno,2,CHEVROLET,AZUL OPALO,2,,30,MASCULINO,SIN DATOS,0,0,Hidalgo,Plan de Ayala,junio,martes,10,-100.569050163031,19.7055126550731
23448,23452,2019,,2019/06/04,10:20:00,VOLCADURA,ASFALTO,Bueno,Bueno,1,HINO,BLANCO,1,,25,MASCULINO,SIN DATOS,0,0,Morelia,Praderas del Indio,junio,martes,10,-101.223494028547,19.6450845894654
23449,23453,2019,190 439 588,2019/06/04,13:00:00,COLISIÓN POR ALCANCE,SIN_DATOS,Bueno,Bueno,2,CHEVROLET,VERDE,2,,18,MASCULINO,SIN DATOS,0,0,Morelia,Elias Perez Avalos,junio,martes,13,-101.167813022979,19.7136335493406
23450,23454,2019,,2019/06/04,15:20:00,COLISIÓN CON PEATÓN,ASFALTO,Bueno,Bueno,1,SUZUKI,NEGRO Y  ROJO,2,,19,MASCULINO,SIN DATOS,1,0,Morelia,Gral Gertrudis Sanchez,junio,martes,15,-101.2094753,19.7439916449991
23452,23456,2019,,2019/06/04,19:00:00,COLISIÓN POR INVASIÓN DE CARRIL,ASFALTO,Nublado,Regular,2,NISSAN,BLANCO Y AZUL,2,MINISTERIO PÚBLICO,33,MASCULINO,SIN DATOS,0,0,Pajacuarán,Sin datos,junio,martes,19,-102.548089250922,20.1334101669446
23453,23457,2019,MOR 190441022,2019/06/04,20:10:00,COLISIÓN CONTRA OBJETO FIJO,CONCRETO,Bueno,Regular,1,FIAT,AZUL,1,,,,SIN DATOS,0,0,Morelia,Barrio Alto,junio,martes,20,-101.193237080364,19.7249066840676
23454,23458,2019,,2019/06/04,20:20:00,COLISIÓN POR CORTE DE CIRCULACIÓN,ASFALTO,Bueno,Bueno,2,FORD,GRIS,2,,34,MASCULINO,SIN DATOS,0,0,Morelia,Francisco J Mujica,junio,martes,20,-101.192928291857,19.7235612927887
23455,23459,2019,,2019/06/04,22:00:00,COLISIÓN POR CORTE DE CIRCULACIÓN,ASFALTO,Bueno,Bueno,2,CHEVROLET,BLANCO,1,,47,MASCULINO,SIN DATOS,0,0,Morelia,Las Flores,junio,martes,22,-101.204808466136,19.7066868379706
23456,23460,2019,"190441621",2019/06/05,"04:00:00",COLISIÓN CONTRA OBJETO FIJO,ASFALTO,Bueno,Bueno,1,NISSAN,NEGRO,0,,,,,0,0,Morelia,Elias Perez Avalos,junio,miércoles,4,-101.167813022979,19.7136335493406
23457,23461,2019,,2019/06/05,"06:50:00",COLISIÓN CON PEATÓN,ASFALTO,Nublado,Regular,1,S/D,S/D,1,,,,,1,0,Morelia,Centro,junio,miércoles,7,-101.18754847,19.7028479949991
23458,23462,2019,,2019/06/05,"07:25:00",SALIDA DE SUPERFICIE DE RODAMIENTO,ASFALTO,Lluvioso,Bueno,1,VOLKSWAGEN,ROJO,1,,48,MASCULINO,SIN DATOS,0,0,Morelia,Ana Maria Gallaga (Riviera Norte),junio,miércoles,7,-101.22460476,19.6777109999991
23459,23463,2019,MOR190432851,2019/06/05,"08:20:00",COLISIÓN POR CAMBIO DE CARRIL,ASFALTO,Lluvioso,Bueno,2,TOYOTA,BLANCO,2,,23,MASCULINO,SIN DATOS,0,0,Morelia,Alberto Oviedo Mota,junio,miércoles,8,-101.196140686849,19.6817272495021
23461,23465,2019,,2019/06/05,"09:00:00",COLISIÓN POR INVASIÓN DE CARRIL,ASFALTO,Lluvioso,Bueno,2,DODGE,ROJO,0,MINISTERIO PÚBLICO,,,,0,0,Hidalgo,Sin datos,junio,miércoles,9,-100.513453669846,19.6873789576611
23463,23467,2019,,2019/06/05,"09:40:00",COLISIÓN POR ALCANCE,ASFALTO,Lluvioso,Regular,2,CHEVROLET,BLANCO Y AZUL,2,,41,MASCULINO,SIN DATOS,0,0,Morelia,Dr Miguel Silva,junio,miércoles,10,-101.187926534241,19.7194292610832
23464,23468,2019,MOR190298305,2019/06/05,11:00:00,SALIDA DE SUPERFICIE DE RODAMIENTO,ASFALTO,Lluvioso,Bueno,1,CHEVROLET,ROJO,1,,36,MASCULINO,SIN DATOS,0,0,Morelia,Sin datos,junio,miércoles,11,-101.11455884192,19.7372316661679
23465,23469,2019,MOR190389571,2019/06/05,14:00:00,COLISIÓN POR CORTE DE CIRCULACIÓN,CONCRETO,Bueno,Bueno,2,NISSAN,BLANCO,2,,47,MASCULINO,SIN DATOS,0,0,Morelia,Arcos del Valle,junio,miércoles,14,-101.233766945,19.7055497149991