fid,id_accidente,anio_origen,folio_c5i,dia_incidente,hora_ocurrencia,tipo_incidente_vial,superficie_ocurrencia,condiciones_climaticas,condiciones_via,numero_vehiculos_involucrados,marca_vehiculo_ocasiona_siniestro,color_vehiculo_ocasiona_siniestro,numero_personas_involucradas,lugar_remite_presunto_responsable,edad_presunto_responsable,sexo_presunto_responsable,resultados_toxicologia,numero_personas_lesionadas,numero_personas_fallecidas,municipio,colonia,mes,dia_semana,hora_redondeada,lon,lat
23468,23472,2019,LEG24643,2019/06/05,16:30:00,VOLCADURA,ASFALTO,Bueno,Regular,1,NISSAN,AMARILLO,1,,17,MASCULINO,SIN DATOS,0,0,Arteaga,Centro,junio,miércoles,17,-102.305885441601,18.3620410706127
23470,23474,2019,MOR 190 443287,2019/06/05,17:25:00,COLISIÓN POR CAMBIO DE CARRIL,ASFALTO,Lluvioso,Bueno,2,VOLKSWAGEN,BLANCO,2,,,MASCULINO,SIN DATOS,0,0,Morelia,Felix Ireta,junio,miércoles,17,-101.1919749,19.6869904499991
23471,23475,2019,MOR190443220,2019/06/05,17:30:00,COLISIÓN POR ALCANCE,CONCRETO,Lluvioso,Bueno,2,CHEVROLET,ROJO,2,,41,MASCULINO,SIN DATOS,0,0,Morelia,Lazaro Cardenas,junio,miércoles,18,-101.162058507071,19.7101112773308
23473,23477,2019,,2019/06/05,18:00:00,COLISIÓN POR CORTE DE CIRCULACIÓN,CONCRETO,Lluvioso,Regular,2,HONDA,BLANCA,2,,20,MASCULINO,SIN DATOS,0,0,Morelia,Infonavit Colonial Universidad,junio,miércoles,18,-101.207,19.6853
23475,23479,2019,MOR190443393,2019/06/05,18:20:00,COLISIÓN POR ALCANCE,ASFALTO,Lluvioso,Bueno,2,NISSAN,BLANCO,2,,32,MASCULINO,SIN DATOS,0,0,Morelia,Camelinas,junio,miércoles,18,-101.17262119,19.6818144849991
23476,23480,2019,,2019/06/05,19:30:00,COLISIÓN POR INVASIÓN DE CARRIL,ASFALTO,Nublado,Regular,2,NISSAN,BLANCO,2,,23,MASCULINO,SIN DATOS,0,0,Zinapécuaro,Sin datos,junio,miércoles,20,-100.911111608148,19.8797927058132
23477,23481,2019,MOR190357456,2019/06/05,19:50:00,COLISIÓN POR CAMBIO DE CARRIL,ASFALTO,Bueno,Bueno,2,VOLKSWAGEN,BLANCO,2,,55,MASCULINO,SIN DATOS,0,0,Morelia,Santillan La Huerta,junio,miércoles,20,-101.219553885717,19.6760966650679
23478,23482,2019,,2019/06/05,20:40:00,VOLCADURA,ASFALTO,Lluvioso,Bueno,1,CHEVROLET,ARENA,1,,,MASCULINO,SIN DATOS,0,0,Tuxpan,Sin datos,junio,miércoles,21,-100.476283282042,19.6213960477342
23479,23483,2019,,2019/06/05,23:40:00,SALIDA DE SUPERFICIE DE RODAMIENTO,ASFALTO,Lluvioso,Malo,1,NISSAN,GUINDA,1,,31,MASCULINO,SIN DATOS,0,0,Tuxpan,Sin datos,junio,miércoles,0,-100.474915020168,19.5307458203376
23480,23484,2019,,2019/06/06,"02:50:00",CAIDA DE MOTOCICLETA,ASFALTO,Bueno,Bueno,1,BMW,BLANCO Y NEGRO,1,,,,,1,0,Morelia,Alberto Oviedo Mota,junio,jueves,3,-101.197147071362,19.6810946426492
23481,23485,2019,MOR190444366,2019/06/06,"05:20:00",COLISIÓN POR CORTE DE CIRCULACIÓN,CONCRETO,Lluvioso,Bueno,4,S/D,GUINDA,3,,,,SIN DATOS,0,0,Morelia,Ventura Puente,junio,jueves,5,-101.193205035,19.6924290599991
23483,23487,2019,,2019/06/06,"07:20:00",COLISIÓN CON PEATÓN,ASFALTO,Nublado,Bueno,3,FORD,BLANCO Y ROSA,3,,,,SIN DATOS,1,0,Morelia,Torreon Nuevo,junio,jueves,7,-101.20358663,19.7462449699991
23484,23488,2019,,2019/06/06,"07:30:00",COLISIÓN CONTRA OBJETO FIJO,ASFALTO,Bueno,Bueno,1,CHEVROLET,TERRACOTA,1,,30,FEMENINO,SIN DATOS,0,0,Morelia,Insurgentes,junio,jueves,8,-101.155416805,19.6953315299991
23485,23489,2019,,2019/06/06,"08:05:00",COLISIÓN CON PEATÓN,SIN_DATOS,Bueno,Bueno,1,TVS,BLANCO,1,,40,FEMENINO,SIN DATOS,0,0,Morelia,Torreon Nuevo,junio,jueves,8,-101.2042995,19.7459522399991
23486,23490,2019,,2019/06/06,"09:10:00",COLISIÓN POR CAMBIO DE CARRIL,ASFALTO,Bueno,Bueno,2,NISSAN,BLANCO,2,,56,MASCULINO,SIN DATOS,0,0,Morelia,Santiaguito,junio,jueves,9,-101.19072544,19.7172895799992
23487,23491,2019,,2019/06/06,"09:25:00",COLISIÓN POR CORTE DE CIRCULACIÓN,CONCRETO,Bueno,Bueno,2,NISSAN,VERDE /AZUL,2,,71,MASCULINO,SIN DATOS,0,0,Zacapu,Centro,junio,jueves,9,-101.790442317724,19.8101902659233
23488,23492,2019,MOR190444845,2019/06/06,11:40:00,COLISIÓN CON PEATÓN,SIN_DATOS,Bueno,Bueno,4,FORD,PLATA,2,MINISTERIO PÚBLICO,76,MASCULINO,SIN DATOS,0,0,Morelia,Ventura Puente,junio,jueves,12,-101.19277574122,19.6924420288094
23489,23493,2019,,2019/06/06,12:58:00,COLISIÓN POR CORTE DE CIRCULACIÓN,CONCRETO,Bueno,Bueno,2,CHEVROLET,GRIS,0,MINISTERIO PÚBLICO,,,,0,0,Pátzcuaro,Sin Nombre,junio,jueves,13,-101.621087640524,19.5045883539608
23490,23494,2019,,2019/06/06,14:00:00,COLISIÓN CONTRA OBJETO FIJO,ASFALTO,Bueno,Bueno,1,TOYOTA,GRIS,1,,40,MASCULINO,SIN DATOS,0,0,Morelia,Sin datos,junio,jueves,14,-101.28809440881,19.6887237381048
23491,23495,2019,,2019/06/06,14:10:00,VOLCADURA,ASFALTO,Bueno,Bueno,1,NISSAN,BLANCO,1,,37,MASCULINO,SIN DATOS,0,0,Tzitzio,Sin datos,junio,jueves,14,-100.907794050872,19.4244157272151
23492,23496,2019,MOR 190445331,2019/06/06,14:30:00,COLISIÓN POR CORTE DE CIRCULACIÓN,CONCRETO,Bueno,Regular,2,NISSAN,BLANCO,2,,67,FEMENINO,SIN DATOS,0,0,Morelia,Cuauhtemoc,junio,jueves,15,-101.18254498,19.6966379399991
23493,23497,2019,MOR19044563,2019/06/06,16:25:00,COLISIÓN POR CORTE DE CIRCULACIÓN,ASFALTO,Bueno,Bueno,2,KURAZAI,NEGRA,2,,19,MASCULINO,SIN DATOS,0,0,Morelia,Centro,junio,jueves,16,-101.195288300514,19.6992596703628
23494,23498,2019,,2019/06/06,18:00:00,COLISIÓN POR CAMBIO DE CARRIL,ASFALTO,Lluvioso,Regular,2,VOLKSWAGEN,ROJO,2,,,MASCULINO,SIN DATOS,0,0,Morelia,Infonavit Colonial Universidad,junio,jueves,18,-101.207209378481,19.6865992323722
23495,23499,2019,,2019/06/06,18:10:00,COLISIÓN POR ALCANCE,ASFALTO,Nublado,Regular,2,CHEVROLET,GRIS,2,,43,FEMENINO,ALIENTO ETÍLICO,0,0,Morelia,Santiaguito,junio,jueves,18,-101.188623011112,19.7197635595296
23496,23500,2019,"190231233",2019/06/06,18:30:00,COLISIÓN POR ALCANCE,ASFALTO,Bueno,Bueno,2,TOYOTA,BLANCO Y GRIS,2,,28,MASCULINO,SIN DATOS,0,0,Morelia,Barrio Alto,junio,jueves,19,-101.196039654315,19.7247138820905
23497,23501,2019,,2019/06/06,22:20:00,COLISIÓN POR ALCANCE,ASFALTO,Nublado,Bueno,2,CHEVROLET,BLANCO,2,,38,MASCULINO,ALIENTO ETÍLICO,0,0,Morelia,Morelia 450,junio,jueves,22,-101.215599328279,19.674960986695
23498,23502,2019,,2019/06/07,"00:00:00",COLISIÓN CON PEATÓN,ASFALTO,Bueno,Bueno,2,Volkswagen,negro,2,,0,MASCULINO,ALIENTO ETÍLICO,0,0,Morelia,Villas del Real,junio,viernes,0,-101.198959909379,19.7333548809812
23499,23503,2019,,2019/06/07,"03:20:00",COLISIÓN CONTRA OBJETO FIJO,ASFALTO,Bueno,Bueno,1,MAZDA,ROJO,1,,29,MASCULINO,ALIENTO ETÍLICO,0,0,Morelia,Vista Bella,junio,viernes,3,-101.194079630077,19.6784990194869
23500,23504,2019,,2019/06/07,"06:30:00",SUBIDA AL CAMELLÓN,ASFALTO,Bueno,Bueno,1,VOLKSWAGEN,NEGRO,1,,32,FEMENINO,SIN DATOS,0,0,Morelia,Chapultepec Oriente,junio,viernes,7,-101.161038167775,19.688228127847
23501,23505,2019,,2019/06/07,"08:15:00",COLISIÓN POR ALCANCE,CONCRETO,Bueno,Bueno,2,SEAT,NEGRO,2,,40,FEMENINO,SIN DATOS,0,0,Morelia,Cinco de Diciembre,junio,viernes,8,-101.158809922636,19.6868729258514
23502,23506,2019,,2019/06/07,"08:20:00",COLISIÓN POR CORTE DE CIRCULACIÓN,ASFALTO,Bueno,Bueno,2,GMC,ROJO,2,,45,MASCULINO,SIN DATOS,0,0,Morelia,Las Americas,junio,viernes,8,-101.157654896379,19.6878284817703
23503,23507,2019,MOR 190446378,2019/06/07,"09:38:00",COLISIÓN POR CORTE DE CIRCULACIÓN,ASFALTO,Bueno,Regular,1,MAZDA,AMARILLO,1,,0,MASCULINO,SIN DATOS,0,0,Morelia,Canteras de Morelia,junio,viernes,10,-101.17167647928,19.7148553771826
23504,23508,2019,"190447795",2019/06/07,12:15:00,COLISIÓN POR CORTE DE CIRCULACIÓN,ASFALTO,Bueno,Bueno,2,CHRYSLER,ROJO,2,,55,MASCULINO,SIN DATOS,0,0,Morelia,Ventura Puente,junio,viernes,12,-101.186658963561,19.6900006377206
23505,23509,2019,MOR190376309,2019/06/07,13:00:00,CAIDA DE MOTOCICLETA,ASFALTO,Bueno,Bueno,1,VENTO,NEGRO,1,,23,MASCULINO,SIN DATOS,0,0,Morelia,Montaña Monarca,junio,viernes,13,-101.159888505936,19.673807407585
23506,23510,2019,"190448016",2019/06/07,13:50:00,COLISIÓN POR CORTE DE CIRCULACIÓN,ASFALTO,Bueno,Bueno,2,VOLKSWAGEN,ROJO,2,,48,MASCULINO,SIN DATOS,0,0,Morelia,Prados del Campestre,junio,viernes,14,-101.166063956916,19.6840633627019
23507,23511,2019,,2019/06/07,14:10:00,COLISIÓN POR ALCANCE,ASFALTO,Bueno,Bueno,3,Dodge,ROJO,3,MINISTERIO PÚBLICO,0,MASCULINO,ALIENTO ETÍLICO,0,0,Morelia,Rafael Carrillo,junio,viernes,14,-101.236434057355,19.7077363355507
23508,23512,2019,,2019/06/07,14:40:00,COLISIÓN CONTRA OBJETO FIJO,CONCRETO,Bueno,Bueno,3,NISSAN,BLANCO,3,,65,FEMENINO,SIN DATOS,0,0,Morelia,Felix Ireta,junio,viernes,15,-101.183009147644,19.6865525118699
23509,23513,2019,MOR 190460635,2019/06/07,16:25:00,COLISIÓN POR CAMBIO DE CARRIL,ASFALTO,Bueno,Bueno,2,VOLKSWAGEN,BLANCO Y VERDE,2,,28,MASCULINO,SIN DATOS,0,0,Morelia,Santa Maria de Guido,junio,viernes,16,-101.190508268774,19.6768109894946
23510,23514,2019,,2019/06/07,17:40:00,COLISIÓN POR CORTE DE CIRCULACIÓN,ASFALTO,Bueno,Bueno,2,CHEVROLET,GRIS,2,,34,MASCULINO,SIN DATOS,0,0,Morelia,Chapultepec Sur,junio,viernes,18,-101.173659302294,19.6913302440008
23511,23515,2019,,2019/06/08,"00:40:00",COLISIÓN CONTRA OBJETO FIJO,ASFALTO,Lluvioso,Regular,1,ITALIKA,GUINDA,1,,,MASCULINO,SIN DATOS,0,0,Tuxpan,Sin datos,junio,sábado,1,-100.470416285098,19.5542988945139
23512,23516,2019,MOR 190449963,2019/06/08,"00:40:00",SUBIDA AL CAMELLÓN,ASFALTO,Bueno,Bueno,1,VOLKSWAGEN,ROJO,1,,26,MASCULINO,ALIENTO ETÍLICO,0,0,Morelia,Villas de La Esperanza,junio,sábado,1,-101.272329390049,19.6936526091088
23513,23517,2019,LEG24685,2019/06/08,"01:10:00",COLISIÓN POR CORTE DE CIRCULACIÓN,ASFALTO,Bueno,Bueno,1,AUDI,BLANCO,1,,47,MASCULINO,SIN DATOS,0,0,Morelia,Comision Federal de Electricidad,junio,sábado,1,-101.181297060102,19.6813834986223
23514,23518,2019,,2019/06/08,"01:20:00",COLISIÓN POR CAMBIO DE CARRIL,ASFALTO,Bueno,Bueno,2,CHEVROLET,GRIS,1,,30,MASCULINO,ALIENTO ETÍLICO,0,0,Morelia,La Calera,junio,sábado,1,-101.235397048295,19.6809222758859
23515,23519,2019,LEG24679,2019/06/08,"02:00:00",COLISIÓN POR ALCANCE,ASFALTO,Bueno,Bueno,2,VOLKSWAGEN,AZUL,2,,26,MASCULINO,SIN DATOS,0,0,Morelia,Indeco El Vivero,junio,sábado,2,-101.230001114309,19.6769328489974
23516,23520,2019,"190453014",2019/06/08,"02:30:00",COLISIÓN POR NO RESPETAR SEMÁFORO,ASFALTO,Bueno,Bueno,2,VOLKSWAGEN,GRIS,2,,29,MASCULINO,ALIENTO ETÍLICO,0,0,Morelia,Jardines de Torremolinos,junio,sábado,3,-101.225748807192,19.6768479261931
23517,23521,2019,MOR190453057,2019/06/08,"02:30:00",COLISIÓN CONTRA OBJETO FIJO,ASFALTO,Bueno,Bueno,1,FORD,AZUL,1,,0,MASCULINO,ALIENTO ETÍLICO,0,0,Morelia,Sentimientos de La Nacion,junio,sábado,3,-101.233229823411,19.6782123681815
23518,23522,2019,MOR190450016,2019/06/08,"02:50:00",COLISIÓN CONTRA OBJETO FIJO,CONCRETO,Bueno,Bueno,2,VOLKWAGEN,NEGRO,0,,,,,0,0,Morelia,Leandro Valle,junio,sábado,3,-101.230519115925,19.7208246489108
23519,23523,2019,MOR190450046,2019/06/08,"04:00:00",VOLCADURA,ASFALTO,Bueno,Bueno,1,VW,BLANCO,1,,23,MASCULINO,CON CERTIFICADO,0,0,Morelia,Isaac Arriaga,junio,sábado,4,-101.167692728341,19.7093950011431
23520,23524,2019,,2019/06/08,"04:00:00",CAIDA DE MOTOCICLETA,CONCRETO,Bueno,Bueno,1,LIFAN,NEGRO,1,,24,MASCULINO,SIN DATOS,0,0,Morelia,Indeco Santiaguito,junio,sábado,4,-101.178787685931,19.720223092262
23521,23525,2019,MOR 190450095,2019/06/08,"05:00:00",SUBIDA AL CAMELLÓN,ASFALTO,Bueno,Bueno,1,NISSAN,BLACO Y ROJA,1,,38,MASCULINO,ALIENTO ETÍLICO,0,0,Morelia,Los Manantiales de Morelia,junio,sábado,5,-101.242823414505,19.6992022213139
23522,23526,2019,,2019/06/08,"05:10:00",COLISIÓN POR NO RESPETAR SEMÁFORO,ASFALTO,Bueno,Bueno,2,ZUSUKI,BLANCO,2,MINISTERIO PÚBLICO,0,FEMENINO,SIN DATOS,0,0,Morelia,Vasco de Quiroga,junio,sábado,5,-101.167745701969,19.6966097326054
23523,23527,2019,MOR190450102,2019/06/08,"06:00:00",COLISIÓN CONTRA OBJETO FIJO,ASFALTO,Bueno,Bueno,1,CHRYSLER,ROJO,1,,0,,SIN DATOS,0,0,Morelia,Montaña Monarca,junio,sábado,6,-101.160443723202,19.673226510746
23524,23528,2019,,2019/06/08,"07:20:00",COLISIÓN CONTRA OBJETO FIJO,CONCRETO,Bueno,Bueno,2,International,Blanco,2,,0,,SIN DATOS,0,0,Morelia,Rincon del Punhuato,junio,sábado,7,-101.142072938383,19.6967726127135
23525,23529,2019,MOR 190450267,2019/06/08,"08:45:00",COLISIÓN POR ALCANCE,ASFALTO,Bueno,Bueno,2,FORD,ROJO,2,MINISTERIO PÚBLICO,0,FEMENINO,SIN DATOS,0,0,Morelia,Lomas de Morelia (Dr Ignacio Chavez),junio,sábado,9,-101.175325959921,19.7173582502335
23526,23530,2019,LEG24689,2019/06/08,"08:45:00",COLISIÓN POR ALCANCE,ASFALTO,Bueno,Bueno,2,DATSUN,VERDE,2,,0,MASCULINO,SIN DATOS,0,0,Morelia,Lomas de Morelia (Dr Ignacio Chavez),junio,sábado,9,-101.175506003201,19.7175062751678
23527,23531,2019,,2019/06/08,11:20:00,COLISIÓN POR ALCANCE,ASFALTO,Lluvioso,Bueno,2,FORD FIESTA,GRIS,2,MINISTERIO PÚBLICO,26,FEMENINO,ALIENTO ETÍLICO,0,0,Morelia,Prados Verdes,junio,sábado,11,-101.193852648139,19.7138766263835
23528,23532,2019,MOR190949642,2019/06/08,13:00:00,COLISIÓN POR CORTE DE CIRCULACIÓN,ASFALTO,Bueno,Bueno,1,NISSAN,ROJO,1,,52,MASCULINO,CON CERTIFICADO,0,0,Morelia,Comision Federal de Electricidad,junio,sábado,13,-101.179371066391,19.6815347137274
23529,23533,2019,,2019/06/08,13:15:00,COLISIÓN POR CORTE DE CIRCULACIÓN,CONCRETO,Bueno,Bueno,1,Chevrolet,Blanco,1,,0,,SIN DATOS,0,0,Morelia,Cayetano Andrade,junio,sábado,13,-101.193699748523,19.6692476793228
23530,23534,2019,MOR190945732,2019/06/08,15:10:00,COLISIÓN POR CORTE DE CIRCULACIÓN,ASFALTO,Bueno,Bueno,2,CRYISLER,ROJO,2,,32,MASCULINO,SIN DATOS,0,0,Tarímbaro,Sin datos,junio,sábado,15,-101.13563362509,19.7749466351802
23531,23535,2019,"190243344",2019/06/08,20:30:00,COLISIÓN POR CAMBIO DE CARRIL,TERRACERIA,Bueno,Bueno,2,JEEP,VERDE,2,MINISTERIO PÚBLICO,35,MASCULINO,ALIENTO ETÍLICO,0,0,Tarímbaro,Sin datos,junio,sábado,21,-101.190605163574,19.7626648342457
23532,23536,2019,,2019/06/08,21:05:00,CAIDA DE MOTOCICLETA,ASFALTO,Bueno,Bueno,1,KURAZAI,ROJO,3,,38,MASCULINO,SIN DATOS,2,0,Cuitzeo,El Embarcadero,junio,sábado,21,-101.136233769357,19.9594874417798
23533,23537,2019,,2019/06/08,23:20:00,COLISIÓN CONTRA OBJETO FIJO,CONCRETO,Bueno,Bueno,1,KIA,MINERAL SILVER,2,,21,MASCULINO,SIN DATOS,1,0,Morelia,Barrio Alto,junio,sábado,23,-101.194740459323,19.7243370506869
23534,23538,2019,,2019/06/09,"00:05:00",COLISIÓN CONTRA OBJETO FIJO,ASFALTO,Bueno,Bueno,2,VOLKSWAGEN,NEGRO,2,MINISTERIO PÚBLICO,,MASCULINO,SIN DATOS,0,0,Lázaro Cárdenas,Centro,junio,domingo,0,-102.195646986365,17.9584696675992
23535,23539,2019,MOR 190455390,2019/06/09,"01:00:00",COLISIÓN POR CORTE DE CIRCULACIÓN,ASFALTO,Bueno,Malo,2,INTERNATIONAL,VERDE,2,,26,MASCULINO,SIN DATOS,0,0,Tarímbaro,Club Erandeni,junio,domingo,1,-101.18631362915,19.7535369559866
23536,23540,2019,M0R 190452918,2019/06/09,"01:35:00",COLISIÓN POR CAMBIO DE CARRIL,ASFALTO,Bueno,Bueno,2,MAZDA,GRIS,2,,32,MASCULINO,SIN DATOS,0,0,Tarímbaro,Sin datos,junio,domingo,2,-101.135695651174,19.7749280204142
23537,23541,2019,,2019/06/09,"03:15:00",COLISIÓN POR CAMBIO DE CARRIL,CONCRETO,Bueno,Bueno,4,Bajaj,Rojo,4,,0,MASCULINO,SIN DATOS,0,0,Morelia,Jacarandas,junio,domingo,3,-101.210497766733,19.7065741546632
23538,23542,2019,MOR 190453133,2019/06/09,"04:34:00",COLISIÓN POR CORTE DE CIRCULACIÓN,CONCRETO,Bueno,Regular,2,BMW,BLANCO,2,,25,FEMENINO,SIN DATOS,0,0,Morelia,Chapultepec Oriente,junio,domingo,5,-101.164247095585,19.6891820973091
23539,23543,2019,MOR190453177,2019/06/09,"05:29:00",COLISIÓN CONTRA OBJETO FIJO,SIN_DATOS,Bueno,Bueno,1,BMW,BLANCO,1,,0,,SIN DATOS,0,0,Morelia,La Huerta,junio,domingo,5,-101.214809417725,19.6737404782739
23540,23544,2019,MOR190450529,2019/06/09,11:00:00,SUBIDA AL CAMELLÓN,ASFALTO,Bueno,Bueno,1,PLYMOUTH,AZUL,1,,73,FEMENINO,SIN DATOS,0,0,Morelia,La Colina,junio,domingo,11,-101.215697228909,19.7054492110744
23541,23545,2019,MOR190450644,2019/06/09,11:20:00,COLISIÓN POR NO RESPETAR SEMÁFORO,ASFALTO,Bueno,Bueno,2,TOYOTA,VERDE,2,,54,MASCULINO,SIN DATOS,0,0,Morelia,Vasco de Quiroga,junio,domingo,11,-101.17810305208,19.6991608706122
23542,23546,2019,,2019/06/09,11:40:00,SALIDA DE SUPERFICIE DE RODAMIENTO,ASFALTO,Bueno,Bueno,3,TOYOTA,AZUL,0,MINISTERIO PÚBLICO,,,,0,0,Hidalgo,Sin datos,junio,domingo,12,-100.591439567506,19.699659919208
23543,23547,2019,,2019/06/09,11:40:00,COLISIÓN POR CORTE DE CIRCULACIÓN,ASFALTO,Bueno,Bueno,3,TOYOTA,AZUL,0,MINISTERIO PÚBLICO,,,,0,0,Hidalgo,Sin datos,junio,domingo,12,-100.591227337718,19.6996835932014
23544,23548,2019,MOR190453654,2019/06/09,11:40:00,COLISIÓN CON PEATÓN,ASFALTO,Bueno,Bueno,1,VOLKSWAGEN,ROJO,2,,45,MASCULINO,SIN DATOS,1,0,Morelia,Agustin Arriaga Rivera,junio,domingo,12,-101.222336366773,19.6928735457054
23545,23549,2019,,2019/06/09,12:00:00,COLISIÓN POR CORTE DE CIRCULACIÓN,ASFALTO,Bueno,Bueno,2,DODGE,NEGRO,2,MINISTERIO PÚBLICO,49,MASCULINO,SIN DATOS,0,0,Hidalgo,Sin datos,junio,domingo,12,-100.622053965926,19.7082710243016
23546,23550,2019,"190451042",2019/06/09,13:45:00,COLISIÓN POR ALCANCE,CONCRETO,Bueno,Bueno,2,CHRYSLER,GRIS,2,,26,MASCULINO,SIN DATOS,0,0,Morelia,Elias Perez Avalos,junio,domingo,14,-101.166526973248,19.710966535413
23547,23551,2019,LEG24708,2019/06/09,14:20:00,COLISIÓN CON PEATÓN,CONCRETO,Bueno,Bueno,1,NISSAN,BLANCO Y ROJO,2,,23,MASCULINO,SIN DATOS,1,0,Morelia,Centro,junio,domingo,14,-101.194361429662,19.7019436543101
23548,23552,2019,,2019/06/09,15:30:00,COLISIÓN POR INVASIÓN DE CARRIL,ASFALTO,Bueno,Bueno,2,ITALIKA,ROJO,2,,35,MASCULINO,SIN DATOS,0,0,Juárez,Sin datos,junio,domingo,16,-100.441198647022,19.2774131675081
23549,23553,2019,,2019/06/09,15:38:00,COLISIÓN POR INVASIÓN DE CARRIL,ASFALTO,Lluvioso,Regular,3,JEEP,NEGRO,2,MINISTERIO PÚBLICO,49,FEMENINO,SIN DATOS,1,0,Hidalgo,Sin datos,junio,domingo,16,-100.591584742069,19.6996428739306
23550,23554,2019,MOR190473209,2019/06/09,16:25:00,COLISIÓN POR ALCANCE,ASFALTO,Bueno,Bueno,2,FORD,ROJO,2,,64,MASCULINO,ALIENTO ETÍLICO,0,0,Morelia,Los Manantiales de Morelia,junio,domingo,16,-101.240232400596,19.6927387559879
23551,23555,2019,MOR 190454376,2019/06/09,16:40:00,COLISIÓN POR INVASIÓN DE CARRIL,CONCRETO,Bueno,Bueno,2,NISSAN,GRIS,2,,39,MASCULINO,ALIENTO ETÍLICO,0,0,Morelia,Torreon Nuevo,junio,domingo,17,-101.203367796161,19.7459224785457
23552,23556,2019,,2019/06/09,18:00:00,COLISIÓN POR INVASIÓN DE CARRIL,ASFALTO,Lluvioso,Malo,2,DODGE,ROJO,0,MINISTERIO PÚBLICO,,,,0,0,Morelia,Nueva Valladolid,junio,domingo,18,-101.2082862854,19.7016677770529
23553,23557,2019,,2019/06/09,19:30:00,VOLCADURA,ASFALTO,Bueno,Bueno,1,NISSAN NP 300,GRIS,2,MINISTERIO PÚBLICO,55,MASCULINO,SIN DATOS,0,1,Salvador Escalante,Bicentenario,junio,domingo,20,-101.654726229608,19.3962044769656
23554,23558,2019,,2019/06/09,20:50:00,COLISIÓN POR ALCANCE,ASFALTO,Bueno,Bueno,2,FORD,BLANCO,2,,25,MASCULINO,SIN DATOS,0,0,Peribán,Sin datos,junio,domingo,21,-102.457116767764,19.5698259161241
23555,23559,2019,,2019/06/09,21:20:00,COLISIÓN POR INVASIÓN DE CARRIL,ASFALTO,Bueno,Bueno,2,CHEVROLET,ROJO,2,,39,MASCULINO,ALIENTO ETÍLICO,0,0,Zitácuaro,Sin datos,junio,domingo,21,-100.357872471213,19.4805137680539
23556,23560,2019,,2019/06/09,22:15:00,COLISIÓN POR INVASIÓN DE CARRIL,TERRACERIA,Bueno,Regular,2,CHEVROLET,PLATA,0,,,,,0,0,Maravatío,Sin Nombre,junio,domingo,22,-100.455750972033,19.9053334374894
23557,23561,2019,,2019/06/09,23:20:00,COLISIÓN CONTRA OBJETO FIJO,CONCRETO,Bueno,Bueno,1,KIA,MINERAL SILVER,2,,21,MASCULINO,SIN DATOS,1,0,Morelia,Barrio Alto,junio,domingo,23,-101.194736771286,19.7243780792748
23558,23562,2019,,2019/06/09,23:40:00,VOLCADURA,ASFALTO,Bueno,Bueno,1,FORD,ROJO,1,,,,SIN DATOS,0,0,Morelia,Colinas Altozano,junio,domingo,0,-101.157223731279,19.6512882217539
23559,23563,2019,,2019/06/10,"00:25:00",VOLCADURA,ASFALTO,Bueno,Bueno,1,CHEVROLET,ROJO,0,,,,,0,0,Pátzcuaro,Sin datos,junio,lunes,0,-101.632915511727,19.5381403340333
23561,23565,2019,"190456970",2019/06/10,10:00:00,COLISIÓN POR ALCANCE,ASFALTO,Bueno,Bueno,3,NISSAN,NEGRO,3,,45,MASCULINO,SIN DATOS,0,0,Morelia,Elias Perez Avalos,junio,lunes,10,-101.167813022979,19.7136335493406
23562,23566,2019,,2019/06/10,11:00:00,COLISIÓN POR CORTE DE CIRCULACIÓN,ASFALTO,Bueno,Bueno,2,FORD,BEIGE,2,,,,SIN DATOS,0,0,Zitácuaro,Sin datos,junio,lunes,11,-100.417742058635,19.4850950136373
23563,23567,2019,,2019/06/10,12:35:00,COLISIÓN POR CAMBIO DE CARRIL,ASFALTO,Bueno,Bueno,2,FORD,AZUL,2,,,MASCULINO,SIN DATOS,0,0,Hidalgo,Sin datos,junio,lunes,13,-100.534985773265,19.7073294785091
23564,23568,2019,MOR190456317,2019/06/10,13:00:00,COLISIÓN POR CORTE DE CIRCULACIÓN,CONCRETO,Bueno,Bueno,2,VOLKSWAGEN,NEGRO,2,,70,MASCULINO,SIN DATOS,0,0,Morelia,Gral Gertrudis Sanchez,junio,lunes,13,-101.2094753,19.7439916449991
23565,23569,2019,,2019/06/10,13:10:00,VOLCADURA,ASFALTO,Bueno,Regular,1,CHEVROLET,BLANCO,1,,22,,SIN DATOS,0,0,Morelia,Sin datos,junio,lunes,13,-101.284089,19.59408
23568,23572,2019,"190455960",2019/06/10,14:40:00,SALIDA DE SUPERFICIE DE RODAMIENTO,ASFALTO,Bueno,Bueno,1,VOLKSWAGEN,GUINDA,1,,54,MASCULINO,ALIENTO ETÍLICO,0,0,Tarímbaro,Club Erandeni,junio,lunes,15,-101.183801,19.757131
23569,23573,2019,MOR 190456652,2019/06/10,15:02:00,COLISIÓN POR CORTE DE CIRCULACIÓN,ASFALTO,Bueno,Bueno,2,NISSAN,BLANCO,2,,71,MASCULINO,SIN DATOS,0,0,Morelia,Del Empleado,junio,lunes,15,-101.18002517,19.6886070099991
23570,23574,2019,MOR 190456746,2019/06/10,15:31:00,COLISIÓN POR CAMBIO DE CARRIL,ASFALTO,Bueno,Bueno,2,MAZDA,ROJO,2,,26,MASCULINO,SIN DATOS,0,0,Morelia,Santillan La Huerta,junio,lunes,16,-101.219553885717,19.6760966650679
23571,23575,2019,,2019/06/10,16:10:00,SALIDA DE SUPERFICIE DE RODAMIENTO,SIN_DATOS,Bueno,Bueno,1,FORD,ROJO,3,MINISTERIO PÚBLICO,,MASCULINO,SIN DATOS,1,1,Tlalpujahua,Ramon Rayon,junio,lunes,16,-100.168941020966,19.8101738633203