fid,id_accidente,anio_origen,folio_c5i,dia_incidente,hora_ocurrencia,tipo_incidente_vial,superficie_ocurrencia,condiciones_climaticas,condiciones_via,numero_vehiculos_involucrados,marca_vehiculo_ocasiona_siniestro,color_vehiculo_ocasiona_siniestro,numero_personas_involucradas,lugar_remite_presunto_responsable,edad_presunto_responsable,sexo_presunto_responsable,resultados_toxicologia,numero_personas_lesionadas,numero_personas_fallecidas,municipio,colonia,mes,dia_semana,hora_redondeada,lon,lat
23575,23579,2019,,2019/06/10,20:30:00,COLISIÓN POR CORTE DE CIRCULACIÓN,ASFALTO,Bueno,Bueno,1,NAVISTAR,VERDE,1,,25,MASCULINO,SIN DATOS,0,0,Morelia,Mision del Valle,junio,lunes,21,-101.117413805995,19.764624
23576,23580,2019,,2019/06/10,21:50:00,COLISIÓN POR CAMBIO DE CARRIL,ASFALTO,Bueno,Bueno,2,NISSAN URVAN,BCO/MORADO,2,,49,MASCULINO,SIN DATOS,0,0,Tarímbaro,Centro,junio,lunes,22,-101.176869,19.792979
23577,23581,2019,,2019/06/10,22:05:00,SALIDA DE SUPERFICIE DE RODAMIENTO,ASFALTO,Bueno,Bueno,1,NISSAN,TURQUESA,1,,29,MASCULINO,SIN DATOS,0,0,Morelia,Praderas de Morelia,junio,lunes,22,-101.228509930187,19.6729981698732
23579,23583,2019,,2019/06/11,"09:00:00",COLISIÓN POR CORTE DE CIRCULACIÓN,ASFALTO,Bueno,Bueno,2,CHEVROLET,NEGRO,2,,25,MASCULINO,SIN DATOS,0,0,Morelia,Prados Verdes,junio,martes,9,-101.194705141708,19.7138933089827
23580,23584,2019,,2019/06/11,"09:40:00",COLISIÓN POR ALCANCE,CONCRETO,Bueno,Bueno,2,HONDA,BLANCO,2,,34,FEMENINO,SIN DATOS,0,0,Morelia,Insurgentes,junio,martes,10,-101.155416805,19.6953315299991
23581,23585,2019,,2019/06/11,12:00:00,COLISIÓN POR CORTE DE CIRCULACIÓN,ASFALTO,Bueno,Bueno,1,TOYOTA,BLANCO,1,MINISTERIO PÚBLICO,29,,SIN DATOS,0,0,Hidalgo,Sin datos,junio,martes,12,-100.634372346103,19.7118843876101
23582,23586,2019,MOR190459334,2019/06/11,13:20:00,COLISIÓN POR MANIOBRA DE REVERSA,ADOQUIN_EMPEDRADO,Bueno,Bueno,2,SEAT,ROJO,2,,31,FEMENINO,SIN DATOS,0,0,Morelia,Elias Perez Avalos,junio,martes,13,-101.166988648474,19.7113288793444
23583,23587,2019,MOR 190459110,2019/06/11,13:40:00,COLISIÓN POR CORTE DE CIRCULACIÓN,ASFALTO,Bueno,Bueno,2,DODGE,GRIS,2,,,MASCULINO,SIN DATOS,0,0,Morelia,Centro,junio,martes,14,-101.188596983302,19.6971317447776
23586,23590,2019,MOR 190460091,2019/06/11,19:05:00,COLISIÓN CONTRA OBJETO FIJO,ASFALTO,Bueno,Regular,1,PONTIAC,ROJO,0,MINISTERIO PÚBLICO,,,,0,0,Morelia,Rincon de Ocolusen,junio,martes,19,-101.14532545663,19.6876370998945
23587,23591,2019,MOR190476290,2019/06/11,20:20:00,VOLCADURA,ASFALTO,Bueno,Bueno,1,HONDA,NEGRO,1,,37,MASCULINO,SIN DATOS,0,0,Charo,Sin datos,junio,martes,20,-101.009095,19.699919
23588,23592,2019,,2019/06/12,"01:05:00",COLISIÓN CONTRA OBJETO FIJO,ASFALTO,Lluvioso,Regular,1,VOLKSWAGEN,AZUL,1,,25,MASCULINO,ALIENTO ETÍLICO,0,0,Morelia,Obrera,junio,miércoles,1,-101.185875205,19.7082882199991
23589,23593,2019,,2019/06/12,"02:00:00",COLISIÓN CON PEATÓN,SIN_DATOS,Bueno,Bueno,1,SEAT,NEGRO,0,,,,,0,0,Morelia,Camelinas,junio,miércoles,2,-101.17262119,19.6818144849991
23590,23594,2019,MOR190765439,2019/06/12,"06:40:00",SALIDA DE SUPERFICIE DE RODAMIENTO,CONCRETO,Bueno,Bueno,1,NISSAN,BLANCO Y ROJO,1,,40,MASCULINO,SIN DATOS,0,0,Tarímbaro,Centro,junio,miércoles,7,-101.176869,19.792979
23591,23595,2019,,2019/06/12,"07:25:00",SALIDA DE SUPERFICIE DE RODAMIENTO,ASFALTO,Bueno,Bueno,1,CHEVROLET,BLANCO,1,,22,MASCULINO,SIN DATOS,0,0,Peribán,Sin datos,junio,miércoles,7,-102.457096986473,19.569749782143
23592,23596,2019,MOR190461203,2019/06/12,"08:30:00",COLISIÓN POR ALCANCE,ASFALTO,Bueno,Bueno,2,FORD,BLANCO,2,,32,MASCULINO,SIN DATOS,0,0,Morelia,Enrique Ramirez,junio,miércoles,9,-101.166016211543,19.7096478904883
23593,23597,2019,"190234756",2019/06/12,"08:30:00",SUBIDA AL CAMELLÓN,ASFALTO,Bueno,Bueno,2,ESTERLING,BLANCO,2,,56,MASCULINO,SIN DATOS,0,0,Morelia,Alfonso Garcia Robles,junio,miércoles,9,-101.183464855,19.7183028099991
23594,23598,2019,,2019/06/12,"09:00:00",COLISIÓN POR CORTE DE CIRCULACIÓN,ASFALTO,Bueno,Bueno,2,S/D,S/D,1,,28,MASCULINO,SIN DATOS,0,0,Morelia,La Colina,junio,miércoles,9,-101.218223605,19.7105425599991
23595,23599,2019,,2019/06/12,12:00:00,COLISIÓN CONTRA OBJETO FIJO,ASFALTO,Bueno,Bueno,1,CHEVROLET,BLANCO,1,,34,MASCULINO,SIN DATOS,0,0,Morelia,Chapultepec Sur,junio,miércoles,12,-101.176351915,19.6910920199992
23596,23600,2019,MOR 190462081,2019/06/12,14:20:00,COLISIÓN POR CORTE DE CIRCULACIÓN,CONCRETO,Bueno,Regular,2,TOYOTA,BLANCO Y ROJO,2,,51,MASCULINO,SIN DATOS,0,0,Morelia,Jardines de Guadalupe,junio,miércoles,14,-101.2236207,19.7125579899991
23597,23601,2019,,2019/06/12,15:40:00,COLISIÓN POR INVASIÓN DE CARRIL,ASFALTO,Bueno,Bueno,2,VOLKSWAGEN,BLANCO,2,,28,MASCULINO,SIN DATOS,0,0,Morelia,El Lago 2,junio,miércoles,16,-101.210890935,19.7236361699991
23600,23604,2019,MOR 190462942,2019/06/12,19:51:00,COLISIÓN POR CORTE DE CIRCULACIÓN,ASFALTO,Nublado,Bueno,2,VOLKSWAGEN,GRIS,2,,50,FEMENINO,SIN DATOS,0,0,Morelia,Chapultepec Sur,junio,miércoles,20,-101.171596915,19.6909445849991
23601,23605,2019,,2019/06/13,"00:00:00",COLISIÓN POR CORTE DE CIRCULACIÓN,ASFALTO,Lluvioso,Bueno,2,NISSAN,GUINDA,2,,33,MASCULINO,CON CERTIFICADO,0,0,Morelia,Gral Gertrudis Sanchez,junio,jueves,0,-101.2094753,19.7439916449991
23602,23606,2019,MOR 190 567 890,2019/06/13,"00:00:00",COLISIÓN POR NO RESPETAR SEMÁFORO,ASFALTO,Bueno,Bueno,2,CHEVROLET,BLANCO,2,,38,MASCULINO,SIN DATOS,0,0,Morelia,Felix Ireta,junio,jueves,0,-101.194499535,19.6818799749991
23603,23607,2019,MOR190876543,2019/06/13,"07:47:00",COLISIÓN CONTRA OBJETO FIJO,ASFALTO,Nublado,Bueno,1,NISSAN,GRIS,1,,28,MASCULINO,SIN DATOS,0,0,Morelia,San Pascual,junio,jueves,8,-101.270379408044,19.6970457415879
23604,23608,2019,,2019/06/13,"08:14:00",COLISIÓN POR CORTE DE CIRCULACIÓN,ASFALTO,Lluvioso,Regular,2,FAMSA,AZUL,2,MINISTERIO PÚBLICO,52,MASCULINO,SIN DATOS,0,0,Pátzcuaro,Centro,junio,jueves,8,-101.61768257618,19.5162104845354
23605,23609,2019,MOR190464490,2019/06/13,"08:20:00",COLISIÓN POR ALCANCE,CONCRETO,Bueno,Bueno,2,NISSAN,BLANCO,2,,34,MASCULINO,SIN DATOS,0,0,Morelia,Buenavista,junio,jueves,8,-101.164379245,19.7054418449992
23606,23610,2019,MOR190463812,2019/06/13,"09:05:00",COLISIÓN POR CAMBIO DE CARRIL,ASFALTO,Bueno,Bueno,2,MAZDA,GRIS,2,,28,MASCULINO,SIN DATOS,0,0,Morelia,Cañada del Bosque,junio,jueves,9,-101.097469366718,19.7282996448773
23607,23611,2019,,2019/06/13,"09:20:00",VOLCADURA,ASFALTO,Bueno,Bueno,1,KENWORTH,BLANCO,1,,,MASCULINO,SIN DATOS,0,0,Juárez,Sin datos,junio,jueves,9,-100.422186478972,19.3263861266744
23608,23612,2019,MOR190463815,2019/06/13,"09:20:00",COLISIÓN CON PEATÓN,SIN_DATOS,Bueno,Bueno,2,Mercedes Benz,SIN DATO,1,,30,,SIN DATOS,0,0,Morelia,Chapultepec Norte,junio,jueves,9,-101.171450503171,19.6942198583182
23610,23614,2019,,2019/06/13,12:40:00,COLISIÓN POR ALCANCE,ASFALTO,Bueno,Bueno,3,VOLKSWAGEN,PLATA,3,,44,MASCULINO,SIN DATOS,0,0,Morelia,Aquiles Serdan,junio,jueves,13,-101.168634865,19.7217552149991
23611,23615,2019,MOR190464487,2019/06/13,12:40:00,COLISIÓN POR ALCANCE,ASFALTO,Bueno,Bueno,2,NISSAN,BLANCO,2,,29,MASCULINO,SIN DATOS,0,0,Morelia,Canteras de Morelia,junio,jueves,13,-101.173168652105,19.7180886357371
23612,23616,2019,,2019/06/13,14:00:00,COLISIÓN POR CORTE DE CIRCULACIÓN,CONCRETO,Bueno,Bueno,2,VOLKSWAGEN,CAFE,2,,36,MASCULINO,SIN DATOS,0,0,Morelia,Ferrocarrilero,junio,jueves,14,-101.223609235,19.6918737849991
23613,23617,2019,,2019/06/13,15:20:00,COLISIÓN POR CAMBIO DE CARRIL,ASFALTO,Bueno,Bueno,2,FORD,ROJO,2,,28,MASCULINO,SIN DATOS,0,0,Morelia,Tzindurio Norte,junio,jueves,15,-101.2467545,19.704421
23615,23619,2019,MOR190464947,2019/06/13,17:00:00,COLISIÓN POR CORTE DE CIRCULACIÓN,ASFALTO,Bueno,Bueno,2,VOLKSWAGEN,NEGRO,2,,47,MASCULINO,SIN DATOS,0,0,Morelia,Benito Juarez,junio,jueves,17,-101.250692026236,19.6858653522379
23616,23620,2019,MOR190675432,2019/06/13,18:18:00,COLISIÓN POR MANIOBRA DE REVERSA,CONCRETO,Bueno,Bueno,2,CHEVROLET,ROJO,2,,67,MASCULINO,SIN DATOS,0,0,Morelia,Gertrudis Bocanegra,junio,jueves,18,-101.21080654,19.7043690749991
23617,23621,2019,MOR190465188,2019/06/13,18:30:00,COLISIÓN POR CORTE DE CIRCULACIÓN,ASFALTO,Bueno,Bueno,2,TOYOTA,BLANCO CON MORADO,2,,19,MASCULINO,SIN DATOS,0,0,Morelia,Centro,junio,jueves,19,-101.18754847,19.7028479949991
23618,23622,2019,MOR190465308,2019/06/13,18:50:00,COLISIÓN POR ALCANCE,ASFALTO,Bueno,Bueno,3,CHEVROLET,GRIS,3,,30,MASCULINO,SIN DATOS,0,0,Morelia,Nueva Valladolid,junio,jueves,19,-101.21281435,19.7007192549992
23620,23624,2019,,2019/06/13,21:03:00,COLISIÓN POR INVASIÓN DE CARRIL,ASFALTO,Bueno,Bueno,2,NISSAN,AZUL,2,MINISTERIO PÚBLICO,21,MASCULINO,CON CERTIFICADO,0,0,Zacapu,Sin datos,junio,jueves,21,-101.811224408448,19.8219650056962
23621,23625,2019,MOR190465683,2019/06/13,22:10:00,COLISIÓN POR CAMBIO DE CARRIL,ASFALTO,Nublado,Regular,2,INTERNATIONAL,BLANCO,2,,41,MASCULINO,SIN DATOS,0,0,Morelia,Lomas de San Juan,junio,jueves,22,-101.183039681886,19.7298664251429
23622,23626,2019,MOR190465709,2019/06/13,23:00:00,COLISIÓN CONTRA OBJETO FIJO,ASFALTO,Bueno,Bueno,1,INTERNATIONAL,VERDE,1,,23,MASCULINO,SIN DATOS,0,0,Morelia,Popular Pogreso,junio,jueves,23,-101.202,19.7221
23624,23628,2019,,2019/06/14,"00:01:00",COLISIÓN POR CORTE DE CIRCULACIÓN,ASFALTO,Bueno,Bueno,2,KURAZAI,ROJO Y NEGRO,2,,27,MASCULINO,SIN DATOS,0,0,Morelia,La Colina,junio,viernes,0,-101.218223605,19.7105425599991
23625,23629,2019,,2019/06/14,"02:25:00",COLISIÓN POR CAMBIO DE CARRIL,ASFALTO,Bueno,Bueno,2,KENWORTH,ROJO,2,,71,MASCULINO,SIN DATOS,0,0,Morelia,Centro,junio,viernes,2,-101.18754847,19.7028479949991
23626,23630,2019,MOR190466017,2019/06/14,"02:25:00",COLISIÓN POR ALCANCE,ASFALTO,Bueno,Bueno,2,VOLVO,GRIS,0,,,,,0,0,Morelia,Pascual Ortiz de Ayala,junio,viernes,2,-101.149821521984,19.69504229591
23627,23631,2019,MOR190467066,2019/06/14,"04:20:00",COLISIÓN CONTRA OBJETO FIJO,ASFALTO,Bueno,Bueno,1,AUDI,GRIS,1,,23,MASCULINO,SIN DATOS,0,0,Morelia,Del Empleado,junio,viernes,4,-101.18002517,19.6886070099991
23629,23633,2019,MOR 190428930,2019/06/14,"05:16:00",COLISIÓN CONTRA OBJETO FIJO,ASFALTO,Bueno,Bueno,1,CHEVROLET,ROJO,1,,22,MASCULINO,SIN DATOS,0,0,Morelia,Isaac Arriaga,junio,viernes,5,-101.172064445,19.7106964549991
23630,23634,2019,MOR 190466284,2019/06/14,"08:36:00",COLISIÓN CONTRA OBJETO FIJO,ASFALTO,Bueno,Bueno,1,HONDA,BLANCO,1,,42,FEMENINO,SIN DATOS,0,0,Morelia,Villas Lomas del Paraiso,junio,viernes,9,-101.183243326701,19.6753951296653
23631,23635,2019,,2019/06/14,"08:40:00",COLISIÓN POR CORTE DE CIRCULACIÓN,CONCRETO,Bueno,Regular,2,NISSAN,BLANCO,2,,26,MASCULINO,SIN DATOS,0,0,Morelia,Margarita Maza de Juarez,junio,viernes,9,-101.253173388541,19.6942387981569
23632,23636,2019,,2019/06/14,10:00:00,COLISIÓN CON PEATÓN,SIN_DATOS,Bueno,Bueno,2,VOLKSWAGEN,BLANCO,2,,35,MASCULINO,SIN DATOS,0,0,Morelia,Centro,junio,viernes,10,-101.18754847,19.7028479949991
23633,23637,2019,,2019/06/14,12:10:00,COLISIÓN POR CORTE DE CIRCULACIÓN,CONCRETO,Bueno,Bueno,2,NISSAN,BLANCO Y ROJO,2,,33,MASCULINO,SIN DATOS,0,0,Morelia,Ventura Puente,junio,viernes,12,-101.193477585,19.6956553449991
23634,23638,2019,MOR190468785,2019/06/14,12:47:00,COLISIÓN CONTRA OBJETO FIJO,ASFALTO,Bueno,Bueno,1,CHEVROLET,BLANCO,0,,,,,0,0,Morelia,Lomas de San Juan,junio,viernes,13,-101.183039681886,19.7298664251429
23636,23640,2019,MOR 190467389,2019/06/14,15:03:00,COLISIÓN POR ALCANCE,ASFALTO,Bueno,Bueno,2,MAZDA,AZUL,2,,46,FEMENINO,SIN DATOS,0,0,Morelia,Vasco de Quiroga,junio,viernes,15,-101.171026988099,19.6976785913658
23637,23641,2019,,2019/06/14,15:15:00,COLISIÓN POR ALCANCE,ASFALTO,Bueno,Bueno,2,NISSAN,"BLANCO, CAFE Y ORO",2,,48,MASCULINO,SIN DATOS,0,0,Morelia,Santillan La Huerta,junio,viernes,15,-101.219553885717,19.6760966650679
23638,23642,2019,,2019/06/14,15:15:00,COLISIÓN POR CORTE DE CIRCULACIÓN,CONCRETO,Bueno,Bueno,2,TOYOTA,BLANCO,2,,30,MASCULINO,SIN DATOS,0,0,Morelia,Centro,junio,viernes,15,-101.187350844018,19.7076474690722
23639,23643,2019,,2019/06/14,16:30:00,COLISIÓN POR ALCANCE,ASFALTO,Bueno,Bueno,2,CHEVROLET,CAFE,2,,49,MASCULINO,SIN DATOS,0,0,Morelia,Centro,junio,viernes,17,-101.18754847,19.7028479949991
23640,23644,2019,MOR190467757,2019/06/14,17:45:00,COLISIÓN POR ALCANCE,ASFALTO,Bueno,Bueno,2,NISSAN,ROJO,2,,26,MASCULINO,SIN DATOS,0,0,Morelia,Ventura Puente,junio,viernes,18,-101.193225725,19.6917077449992
23642,23646,2019,,2019/06/14,21:30:00,COLISIÓN POR CAMBIO DE CARRIL,CONCRETO,Nublado,Bueno,3,CHEVROLET,CAFE,3,MINISTERIO PÚBLICO,65,MASCULINO,SIN DATOS,0,0,Morelia,Santillan La Huerta,junio,viernes,22,-101.219553885717,19.6760966650679
23643,23647,2019,,2019/06/14,22:20:00,COLISIÓN POR ALCANCE,CONCRETO,Bueno,Bueno,3,HONDA,PLATA,3,,25,MASCULINO,ALIENTO ETÍLICO,0,0,Morelia,Centro,junio,viernes,22,-101.193740005,19.7039288799991
23644,23648,2019,,2019/06/14,22:40:00,COLISIÓN POR CAMBIO DE CARRIL,ASFALTO,Bueno,Bueno,2,MAZDA,NEGRO,2,,22,FEMENINO,SIN DATOS,0,0,Morelia,Torremolinos,junio,viernes,23,-101.223247745,19.6809317649991
23645,23649,2019,,2019/06/15,"02:00:00",COLISIÓN POR ALCANCE,ASFALTO,Bueno,Bueno,2,DODGE,ROJO,2,,33,MASCULINO,SIN DATOS,0,0,Morelia,Las Margaritas,junio,sábado,2,-101.208293551831,19.7110706214167
23646,23650,2019,,2019/06/15,"02:40:00",COLISIÓN POR MANIOBRA DE REVERSA,ASFALTO,Bueno,Regular,2,FORD,ROJO,2,,0,FEMENINO,SIN DATOS,0,0,Morelia,Guadalupe,junio,sábado,3,-101.393089533049,19.6666434319386
23647,23651,2019,MOR 190471942,2019/06/15,"04:10:00",COLISIÓN CONTRA OBJETO FIJO,ASFALTO,Bueno,Bueno,1,FORD,ROJO,1,,69,MASCULINO,SIN DATOS,0,0,Morelia,Ciudad Industrial,junio,sábado,4,-101.14554366932,19.7284851395985
23648,23652,2019,MOR190049289,2019/06/15,"08:06:00",COLISIÓN POR CAMBIO DE CARRIL,CONCRETO,Bueno,Bueno,2,NISSAN,PLATA,1,,48,MASCULINO,SIN DATOS,0,0,Morelia,Camelinas,junio,sábado,8,-101.17262119,19.6818144849991
23649,23653,2019,,2019/06/15,"08:40:00",COLISIÓN CONTRA OBJETO FIJO,ASFALTO,Bueno,Bueno,1,Audi,GRIS,1,,30,MASCULINO,ALIENTO ETÍLICO,0,0,Morelia,Vistas de Altozano,junio,sábado,9,-101.167,19.6551
23650,23654,2019,,2019/06/15,10:35:00,COLISIÓN CONTRA OBJETO FIJO,CONCRETO,Bueno,Bueno,3,CHEVROLET,PLATA,3,,,MASCULINO,SIN DATOS,0,0,Morelia,Club Campestre La Huerta,junio,sábado,11,-101.2331799,19.6709192599991
23651,23655,2019,MOR 190496361,2019/06/15,11:00:00,COLISIÓN POR ALCANCE,ASFALTO,Bueno,Regular,1,NISSAN,ARENA,1,,,,SIN DATOS,0,0,Morelia,Nueva Valladolid,junio,sábado,11,-101.211565695,19.7001366799992
23653,23657,2019,MOR190469517,2019/06/15,11:40:00,COLISIÓN CON PEATÓN,ASFALTO,Bueno,Malo,2,CHRYSLER,BLANCO,2,,32,MASCULINO,SIN DATOS,0,0,Morelia,Loma Dorada,junio,sábado,12,-101.254364289343,19.6977331600572
23654,23658,2019,,2019/06/15,11:50:00,COLISIÓN POR CAMBIO DE CARRIL,ASFALTO,Bueno,Bueno,2,OJEDA MOTORS,AZUL,2,,60,MASCULINO,SIN DATOS,0,0,Cuitzeo,Sin datos,junio,sábado,12,-101.15333084017,20.0256250194124
23655,23659,2019,MOR190432476,2019/06/15,12:20:00,COLISIÓN POR CORTE DE CIRCULACIÓN,ASFALTO,Bueno,Bueno,2,HONDA,BLANCO,2,,29,MASCULINO,SIN DATOS,0,0,Morelia,Elias Perez Avalos,junio,sábado,12,-101.167813022979,19.7136335493406
23656,23660,2019,,2019/06/15,12:30:00,COLISIÓN POR INVASIÓN DE CARRIL,ASFALTO,Bueno,Bueno,2,VOLKSWAGEN,BLANCO,6,MINISTERIO PÚBLICO,54,MASCULINO,ALIENTO ETÍLICO,4,0,Epitacio Huerta,Centro,junio,sábado,13,-100.289665326322,20.1333348969604
23657,23661,2019,MOR190469776,2019/06/15,13:10:00,COLISIÓN POR CAMBIO DE CARRIL,ASFALTO,Bueno,Bueno,2,FREIGHTLINER,BLANCO,2,,49,MASCULINO,SIN DATOS,0,0,Morelia,Francisco J Mujica,junio,sábado,13,-101.189190012973,19.7239867530705
23658,23662,2019,,2019/06/15,14:40:00,COLISIÓN POR CORTE DE CIRCULACIÓN,ASFALTO,Bueno,Bueno,2,VOLKSWAGEN,NEGRO,2,,0,MASCULINO,SIN DATOS,0,0,Morelia,Ventura Puente,junio,sábado,15,-101.187182954235,19.6926426896116
23659,23663,2019,,2019/06/15,15:00:00,COLISIÓN POR CORTE DE CIRCULACIÓN,ASFALTO,Bueno,Bueno,2,DODGE,ROJO,2,,0,MASCULINO,SIN DATOS,0,0,Morelia,Centro,junio,sábado,15,-101.19118388321,19.702768457823
23660,23664,2019,MOR190654323,2019/06/15,16:35:00,COLISIÓN POR CAMBIO DE CARRIL,ASFALTO,Bueno,Bueno,2,KENWORT,BLANCO,2,,,,SIN DATOS,0,0,Morelia,Nueva Valladolid,junio,sábado,17,-101.208858601749,19.7020702294143
23662,23666,2019,,2019/06/15,17:45:00,COLISIÓN POR CAMBIO DE CARRIL,ASFALTO,Bueno,Bueno,2,INFINITI,GRIS,2,,,FEMENINO,SIN DATOS,0,0,Morelia,Centro,junio,sábado,18,-101.18754847,19.7028479949991
23664,23668,2019,,2019/06/15,18:10:00,COLISIÓN POR CORTE DE CIRCULACIÓN,ASFALTO,Bueno,Bueno,2,SUZUKI,BLANCO,2,,0,MASCULINO,SIN DATOS,0,0,Morelia,Ciudad Industrial,junio,sábado,18,-101.149630716328,19.7279208091222
23666,23670,2019,MOR 190470830,2019/06/15,19:10:00,COLISIÓN POR ALCANCE,ASFALTO,Bueno,Regular,2,GMC,BLANCO,2,,29,MASCULINO,SIN DATOS,0,0,Morelia,Rafael Carrillo,junio,sábado,19,-101.236069612205,19.7081586577467
23667,23671,2019,,2019/06/15,21:00:00,COLISIÓN POR ALCANCE,ASFALTO,Bueno,Bueno,2,VOLKSWAGEN,GUINDA,2,,36,MASCULINO,CON CERTIFICADO,0,0,Tarímbaro,Sin datos,junio,sábado,21,-101.157059445977,19.7730460247978
23669,23673,2019,,2019/06/16,"00:26:00",VOLCADURA,ASFALTO,Bueno,Bueno,1,FORD,AZUL ARENA,0,MINISTERIO PÚBLICO,,,,0,0,Zacapu,Los Corrales,junio,domingo,0,-101.773854196072,19.7909434872191
23670,23674,2019,,2019/06/16,"02:10:00",COLISIÓN POR INVASIÓN DE CARRIL,ASFALTO,Bueno,Bueno,2,NISSAN,AZUL,2,MINISTERIO PÚBLICO,,,SIN DATOS,0,0,Zitácuaro,Sin datos,junio,domingo,2,-100.251775346696,19.4445429818528
23671,23675,2019,,2019/06/16,"05:45:00",COLISIÓN CONTRA OBJETO FIJO,ADOQUIN_EMPEDRADO,Bueno,Bueno,1,NISSAN,GRIS,2,MINISTERIO PÚBLICO,16,MASCULINO,SIN DATOS,1,0,Pátzcuaro,Morelos,junio,domingo,6,-101.612064689398,19.5467885341505
23672,23676,2019,,2019/06/16,"07:30:00",COLISIÓN POR INVASIÓN DE CARRIL,ASFALTO,Bueno,Bueno,2,CHEVROLET,ROJO,0,MINISTERIO PÚBLICO,,,,0,0,Gabriel Zamora,Sin datos,junio,domingo,8,-102.064391747117,19.2651197674344
23673,23677,2019,MOR190472523,2019/06/16,10:15:00,COLISIÓN POR CORTE DE CIRCULACIÓN,CONCRETO,Bueno,Bueno,2,NISSAN,AZUL,2,,31,MASCULINO,SIN DATOS,0,0,Morelia,Rey Tariacuri (Eucaliptos),junio,domingo,10,-101.198902538624,19.6789772554094
23675,23679,2019,,2019/06/16,13:15:00,COLISIÓN CONTRA OBJETO FIJO,ASFALTO,Bueno,Bueno,1,NISSAN,ROJO,1,,72,MASCULINO,SIN DATOS,0,0,Morelia,Sin datos,junio,domingo,13,-101.344141177833,19.5549636287638
23676,23680,2019,,2019/06/16,13:40:00,COLISIÓN POR MANIOBRA DE REVERSA,ASFALTO,Bueno,Regular,2,FORD,CAFE,2,,43,MASCULINO,SIN DATOS,0,0,Morelia,Morelos,junio,domingo,14,-101.206952556968,19.6929635106762
23677,23681,2019,,2019/06/16,14:00:00,SALIDA DE SUPERFICIE DE RODAMIENTO,ASFALTO,Bueno,Bueno,1,GMC,GUINDA/GRIS,1,,28,MASCULINO,SIN DATOS,0,0,Los Reyes,Sin datos,junio,domingo,14,-102.458006590605,19.5726349505643
23678,23682,2019,,2019/06/16,14:10:00,COLISIÓN POR ALCANCE,ASFALTO,Bueno,Bueno,2,TOYOTA,GRIS,2,,51,MASCULINO,SIN DATOS,0,0,Morelia,Rinconada del Valle,junio,domingo,14,-101.218632906675,19.6788813256609
23680,23684,2019,,2019/06/16,15:00:00,VOLCADURA,ASFALTO,Bueno,Bueno,1,VW,NEGRO,0,MINISTERIO PÚBLICO,,,,0,0,Villamar,Centro,junio,domingo,15,-102.595468461514,20.0176788128147
23681,23685,2019,MOR 190473074,2019/06/16,15:30:00,COLISIÓN POR CORTE DE CIRCULACIÓN,CONCRETO,Bueno,Bueno,2,HONDA,NEGRO,2,,0,MASCULINO,SIN DATOS,0,0,Morelia,5 de Mayo,junio,domingo,16,-101.17543291,19.7031789799992
23682,23686,2019,,2019/06/16,16:15:00,COLISIÓN CONTRA OBJETO FIJO,ASFALTO,Bueno,Bueno,1,GMC,ROJO,1,MINISTERIO PÚBLICO,,,,0,1,Erongarícuaro,Ma Luisa Martinez,junio,domingo,16,-101.721293963492,19.5791319976941
23683,23687,2019,,2019/06/16,18:50:00,COLISIÓN POR CORTE DE CIRCULACIÓN,SIN_DATOS,Bueno,Bueno,2,NISSAN,BLANCO/VERDE,1,MINISTERIO PÚBLICO,,,,1,0,Lázaro Cárdenas,Las Torres,junio,domingo,19,-102.21409521997,17.9628333721495
23684,23688,2019,,2019/06/16,19:00:00,COLISIÓN CONTRA OBJETO FIJO,ASFALTO,Bueno,Bueno,1,CHEVROLET,CAFE,4,MINISTERIO PÚBLICO,0,,SIN DATOS,3,0,Morelia,Sin datos,junio,domingo,19,-101.290795058012,19.600149967594
23685,23689,2019,,2019/06/16,19:40:00,COLISIÓN POR MANIOBRA DE REVERSA,ASFALTO,Nublado,Regular,2,NISSAN,ROJO,2,MINISTERIO PÚBLICO,36,MASCULINO,SIN DATOS,0,0,Morelia,Sin datos,junio,domingo,20,-101.29609040916,19.5940839716906
23686,23690,2019,MOR 190474013,2019/06/16,20:31:00,COLISIÓN POR ALCANCE,CONCRETO,Bueno,Regular,2,DODGE,BLANCO,2,,22,MASCULINO,SIN DATOS,0,0,Morelia,Alberto Oviedo Mota,junio,domingo,21,-101.198588399856,19.6819449828305
23687,23691,2019,,2019/06/16,21:00:00,COLISIÓN POR ALCANCE,ASFALTO,Bueno,Bueno,2,VOLKSWAGEN,GUINDA,2,MINISTERIO PÚBLICO,34,MASCULINO,ALIENTO ETÍLICO,0,0,Tarímbaro,Sin datos,junio,domingo,21,-101.157300174236,19.7722332734661
23688,23692,2019,MOR190474292,2019/06/16,22:29:00,COLISIÓN POR INVASIÓN DE CARRIL,ASFALTO,Bueno,Bueno,2,NISSAN,ROJO,2,,25,MASCULINO,SIN DATOS,0,0,Tarímbaro,Sin datos,junio,domingo,22,-101.163876950741,19.8024105107688
23689,23693,2019,,2019/06/17,"01:40:00",SALIDA DE SUPERFICIE DE RODAMIENTO,ASFALTO,Bueno,Bueno,1,ITALIKA,NEGRO/VERDE,1,,20,MASCULINO,SIN DATOS,0,0,Los Reyes,San Juan de Dios,junio,lunes,2,-102.479457892478,19.6073533762878