fid,id_accidente,anio_origen,folio_c5i,dia_incidente,hora_ocurrencia,tipo_incidente_vial,superficie_ocurrencia,condiciones_climaticas,condiciones_via,numero_vehiculos_involucrados,marca_vehiculo_ocasiona_siniestro,color_vehiculo_ocasiona_siniestro,numero_personas_involucradas,lugar_remite_presunto_responsable,edad_presunto_responsable,sexo_presunto_responsable,resultados_toxicologia,numero_personas_lesionadas,numero_personas_fallecidas,municipio,colonia,mes,dia_semana,hora_redondeada,lon,lat
23690,23694,2019,,2019/06/17,"03:32:00",VOLCADURA,ASFALTO,Bueno,Bueno,1,LINCOLN,VERDE,0,MINISTERIO PÚBLICO,,,,0,0,Zacapu,Sin datos,junio,lunes,4,-101.756504327059,19.8396895012728
23692,23696,2019,,2019/06/17,"08:36:00",COLISIÓN POR CORTE DE CIRCULACIÓN,ASFALTO,Bueno,Bueno,2,NISSAN,GRIS,5,MINISTERIO PÚBLICO,77,MASCULINO,SIN DATOS,3,0,Epitacio Huerta,Palo Dulce,junio,lunes,9,-100.288154482841,20.1366672510893
23693,23697,2019,,2019/06/17,"09:00:00",COLISIÓN POR CORTE DE CIRCULACIÓN,ASFALTO,Bueno,Bueno,2,DODGE,NEGRO,2,MINISTERIO PÚBLICO,54,MASCULINO,SIN DATOS,0,0,Morelia,Morelos,junio,lunes,9,-101.207192511753,19.6997390618328
23694,23698,2019,,2019/06/17,10:57:00,COLISIÓN CON PEATÓN,SIN_DATOS,Bueno,Bueno,2,CHRYSLER,ARENA,2,,70,MASCULINO,SIN DATOS,0,0,Morelia,Cuauhtemoc,junio,lunes,11,-101.182606932687,19.697549348141
23695,23699,2019,,2019/06/17,11:00:00,COLISIÓN POR CORTE DE CIRCULACIÓN,ASFALTO,Bueno,Bueno,2,NISSAN MEXICANA,BLANCO/VERDE,3,,21,MASCULINO,SIN DATOS,1,0,Salvador Escalante,Cuirinditzio,junio,lunes,11,-101.626881882548,19.4098585186801
23696,23700,2019,MOR190475107,2019/06/17,11:20:00,COLISIÓN POR CORTE DE CIRCULACIÓN,ASFALTO,Bueno,Bueno,1,HONDA ACURA,ARENA,1,,,,SIN DATOS,0,0,Morelia,Comision Federal de Electricidad,junio,lunes,11,-101.181304370054,19.681701101233
23697,23701,2019,MOR190475052,2019/06/17,11:30:00,COLISIÓN POR CORTE DE CIRCULACIÓN,CONCRETO,Bueno,Bueno,2,ITALIKA,NEGRO CON VERDE,2,,,MASCULINO,SIN DATOS,0,0,Morelia,Ferrocarrilero,junio,lunes,12,-101.223609235,19.6918737849991
23698,23702,2019,,2019/06/17,12:25:00,COLISIÓN POR CORTE DE CIRCULACIÓN,ASFALTO,Bueno,Bueno,4,NISSAN,ARENA,4,,67,FEMENINO,SIN DATOS,0,0,Acuitzio,Sin datos,junio,lunes,12,-101.281313,19.491575
23699,23703,2019,,2019/06/17,12:55:00,COLISIÓN POR ALCANCE,ASFALTO,Bueno,Bueno,2,NISSAN,BLANCO,2,MINISTERIO PÚBLICO,,MASCULINO,SIN DATOS,0,0,Morelia,La Soledad,junio,lunes,13,-101.185166715661,19.7274533823308
23700,23704,2019,,2019/06/17,13:50:00,COLISIÓN POR CAMBIO DE CARRIL,SIN_DATOS,Bueno,Bueno,3,CHRYSLEY,GRIS,3,,,MASCULINO,SIN DATOS,0,0,Morelia,Felix Ireta,junio,lunes,14,-101.1919749,19.6869904499991
23701,23705,2019,,2019/06/17,14:26:00,SALIDA DE SUPERFICIE DE RODAMIENTO,CONCRETO,Bueno,Bueno,1,CHECROLET,AZUL,1,,22,FEMENINO,SIN DATOS,0,0,Morelia,Trincheras de Morelos,junio,lunes,14,-101.186720445,19.6654532349991
23702,23706,2019,,2019/06/17,14:45:00,COLISIÓN POR ALCANCE,ASFALTO,Bueno,Bueno,1,KIA,GUINDA,2,,,FEMENINO,SIN DATOS,0,0,Morelia,Camelinas,junio,lunes,15,-101.17262119,19.6818144849991
23703,23707,2019,,2019/06/17,15:00:00,COLISIÓN CONTRA OBJETO FIJO,ASFALTO,Bueno,Bueno,1,NISSAN,BLANCO,1,,86,MASCULINO,SIN DATOS,0,0,Morelia,Ciudad Industrial,junio,lunes,15,-101.14554366932,19.7284851395985
23704,23708,2019,,2019/06/17,15:45:00,COLISIÓN POR CAMBIO DE CARRIL,ASFALTO,Bueno,Bueno,2,VOLKSWAGEN,BLANCO,2,,,FEMENINO,SIN DATOS,0,0,Morelia,Camelinas,junio,lunes,16,-101.17262119,19.6818144849991
23707,23711,2019,MOR 190476617,2019/06/17,19:40:00,COLISIÓN POR CORTE DE CIRCULACIÓN,CONCRETO,Bueno,Regular,2,TOYOTA,BLANCO Y ROJA,2,,23,MASCULINO,SIN DATOS,0,0,Morelia,Sin datos,junio,lunes,20,-101.14566457,19.7028765899991
23708,23712,2019,,2019/06/17,20:00:00,VOLCADURA,ASFALTO,Bueno,Regular,1,VOLKSWAGEN,CAFE,1,,,,SIN DATOS,0,0,Zitácuaro,Sin datos,junio,lunes,20,-100.369033813477,19.5277594176839
23709,23713,2019,MOR190476628,2019/06/17,20:15:00,COLISIÓN POR NO RESPETAR SEMÁFORO,ASFALTO,Bueno,Bueno,2,CHRYSLER,ROJO,2,,31,FEMENINO,SIN DATOS,0,0,Morelia,Josefa Ortiz de Dominguez,junio,lunes,20,-101.214742697775,19.6742222424083
23710,23714,2019,MOR190476942,2019/06/17,21:20:00,COLISIÓN CON PEATÓN,ASFALTO,Bueno,Bueno,2,DODGE NEON,ROJO,2,,68,MASCULINO,CON CERTIFICADO,0,0,Morelia,Cinco de Diciembre,junio,lunes,21,-101.162210963666,19.6868972330928
23711,23715,2019,,2019/06/18,"06:50:00",COLISIÓN POR NO RESPETAR SEMÁFORO,ASFALTO,Nublado,Bueno,2,NISSAN,BLANCO,2,,38,MASCULINO,SIN DATOS,0,0,Morelia,Morelos,junio,martes,7,-101.20619815,19.7022964949991
23712,23716,2019,,2019/06/18,"06:55:00",COLISIÓN POR CORTE DE CIRCULACIÓN,ASFALTO,Bueno,Bueno,1,ITALIKA,NEGRO Y  VERDE,1,,23,MASCULINO,SIN DATOS,0,0,Morelia,Adolfo Lopez Mateos,junio,martes,7,-101.223653566477,19.6936604782947
23713,23717,2019,,2019/06/18,"08:10:00",COLISIÓN POR CORTE DE CIRCULACIÓN,ASFALTO,Nublado,Regular,3,KURAZAI,NEGRO Y ROJO,1,,,,,1,0,Morelia,Sin datos,junio,martes,8,-101.284089,19.59408
23715,23719,2019,"190545789",2019/06/18,"09:20:00",COLISIÓN POR ALCANCE,ASFALTO,Bueno,Bueno,2,NAVISTAR,BLANCO Y VERDE,2,,,MASCULINO,SIN DATOS,0,0,Morelia,Insurgentes,junio,martes,9,-101.155416805,19.6953315299991
23716,23720,2019,MOR 190477854,2019/06/18,12:00:00,COLISIÓN POR CORTE DE CIRCULACIÓN,TERRACERIA,Bueno,Regular,1,S/D,S/D,0,,,,,0,0,Morelia,Pastor Manuel Sanchez Camarena,junio,martes,12,-101.19636038,19.7384488849991
23718,23722,2019,MOR1901478356,2019/06/18,14:35:00,COLISIÓN POR CORTE DE CIRCULACIÓN,CONCRETO,Bueno,Bueno,2,NISSAN,BLANCO Y ROJO,2,,,MASCULINO,SIN DATOS,0,0,Morelia,Centro,junio,martes,15,-101.19118388321,19.702768457823
23719,23723,2019,,2019/06/18,14:50:00,COLISIÓN POR ALCANCE,ASFALTO,Bueno,Bueno,2,NISSAN,GRIS,2,,21,,SIN DATOS,0,0,Morelia,Felix Ireta,junio,martes,15,-101.195667162538,19.6814933584623
23720,23724,2019,,2019/06/18,15:00:00,COLISIÓN POR ALCANCE,ASFALTO,Bueno,Bueno,2,FORD,VERDE,2,,40,MASCULINO,SIN DATOS,0,0,Peribán,Sin datos,junio,martes,15,-102.457061447203,19.5696155208854
23721,23725,2019,MOR190478468,2019/06/18,15:15:00,COLISIÓN POR CAMBIO DE CARRIL,ASFALTO,Bueno,Bueno,3,FORD,BCO/AZUL,3,,31,MASCULINO,ALIENTO ETÍLICO,0,0,Morelia,Comision Federal de Electricidad,junio,martes,15,-101.181304370054,19.681701101233
23722,23726,2019,MOR190478239,2019/06/18,15:35:00,COLISIÓN POR ALCANCE,ASFALTO,Bueno,Bueno,2,NISSAN,BLANCO,2,,,MASCULINO,SIN DATOS,0,0,Morelia,Campamento Ferrocarrilero,junio,martes,16,-101.203038605,19.7048187049992
23723,23727,2019,"190567876",2019/06/18,16:40:00,COLISIÓN POR ALCANCE,ASFALTO,Bueno,Bueno,2,IZUZU,BLANCO,2,,41,MASCULINO,SIN DATOS,0,0,Morelia,Centro,junio,martes,17,-101.18754847,19.7028479949991
23724,23728,2019,MOR 190548895,2019/06/18,19:00:00,COLISIÓN POR CAMBIO DE CARRIL,ASFALTO,Bueno,Bueno,3,KENWORTH,BLANCO,3,,,MASCULINO,SIN DATOS,0,0,Morelia,Centro,junio,martes,19,-101.18754847,19.7028479949991
23727,23731,2019,,2019/06/18,22:00:00,VOLCADURA,ASFALTO,Bueno,Regular,1,FIAT,GRIS,1,MINISTERIO PÚBLICO,,,SIN DATOS,0,0,Morelia,Ario 1815,junio,martes,22,-101.278431515,19.6988924199991
23729,23733,2019,,2019/06/19,"06:20:00",COLISIÓN POR NO RESPETAR SEMÁFORO,SIN_DATOS,Bueno,Bueno,2,VOLKSWAGEN,GRIS,8,MINISTERIO PÚBLICO,,MASCULINO,SIN DATOS,7,0,Lázaro Cárdenas,Jose Green,junio,miércoles,6,-102.200845107436,17.9651048032583
23730,23734,2019,,2019/06/19,"07:20:00",COLISIÓN POR CORTE DE CIRCULACIÓN,ASFALTO,Bueno,Bueno,2,BAJAJ,GUINDA,2,,,MASCULINO,SIN DATOS,0,0,Morelia,Industrial,junio,miércoles,7,-101.197900101542,19.7068882157845
23731,23735,2019,,2019/06/19,"08:00:00",COLISIÓN POR CORTE DE CIRCULACIÓN,ASFALTO,Bueno,Bueno,2,TOYOTA,BLANCO y  ROJO,0,MINISTERIO PÚBLICO,,,,0,0,Morelia,Ciudad Industrial,junio,miércoles,8,-101.141564659774,19.7259816576007
23732,23736,2019,,2019/06/19,"08:20:00",COLISIÓN POR CORTE DE CIRCULACIÓN,ASFALTO,Bueno,Bueno,2,RENAULT,GRIS,2,,34,FEMENINO,SIN DATOS,0,0,Morelia,La Hacienda,junio,miércoles,8,-101.317806243896,19.6780706208157
23733,23737,2019,,2019/06/19,"08:20:00",COLISIÓN POR CORTE DE CIRCULACIÓN,ASFALTO,Bueno,Bueno,2,G M C,NEGRO,2,,58,MASCULINO,CON CERTIFICADO,0,0,Tarímbaro,Sin datos,junio,miércoles,8,-101.159538812935,19.7672314171523
23735,23739,2019,,2019/06/19,"09:40:00",VOLCADURA,ASFALTO,Bueno,Bueno,1,NISSAN,BLANCO,2,,29,FEMENINO,SIN DATOS,1,0,Huandacareo,Sin datos,junio,miércoles,10,-101.302597112954,19.9772384535879
23736,23740,2019,,2019/06/19,10:40:00,COLISIÓN POR ALCANCE,ASFALTO,Bueno,Bueno,2,VOLKSWAGEN,NEGRO,2,,29,MASCULINO,SIN DATOS,0,0,Morelia,Isaac Arriaga,junio,miércoles,11,-101.171456538141,19.7077019310775
23737,23741,2019,MOR 190671155,2019/06/19,12:30:00,COLISIÓN CONTRA OBJETO FIJO,ASFALTO,Lluvioso,Bueno,2,FORD,BLANCO,2,,34,MASCULINO,ALIENTO ETÍLICO,0,0,Morelia,La Colina,junio,miércoles,13,-101.214094186349,19.7057836087007
23738,23742,2019,MOR 190480741,2019/06/19,13:10:00,COLISIÓN POR ALCANCE,ASFALTO,Bueno,Bueno,2,NISSAN,BLANCO Y BEIGE,2,,29,MASCULINO,SIN DATOS,0,0,Morelia,Nueva Chapultepec,junio,miércoles,13,-101.17230633375,19.6903992841789
23739,23743,2019,,2019/06/19,13:20:00,COLISIÓN POR CAMBIO DE CARRIL,CONCRETO,Bueno,Bueno,2,FORD,BLANCO,2,,25,FEMENINO,SIN DATOS,0,0,Morelia,Indeco Expropiacion Petrolera,junio,miércoles,13,-101.226488091052,19.6826775038508
23740,23744,2019,,2019/06/19,15:05:00,COLISIÓN POR MANIOBRA DE REVERSA,ASFALTO,Bueno,Bueno,2,CHEVROLET,AZUL,2,,,MASCULINO,SIN DATOS,0,0,Morelia,Granjas del Maestro,junio,miércoles,15,-101.194718666375,19.7172193781023
23741,23745,2019,,2019/06/19,15:38:00,COLISIÓN POR INVASIÓN DE CARRIL,ASFALTO,Lluvioso,Bueno,3,JEEP,NEGRO,2,MINISTERIO PÚBLICO,,MASCULINO,SIN DATOS,1,0,Hidalgo,Sin datos,junio,miércoles,16,-100.591222979128,19.6996839088546
23742,23746,2019,,2019/06/19,16:13:00,COLISIÓN POR CORTE DE CIRCULACIÓN,ASFALTO,Bueno,Bueno,2,CHEVROLET,ARENA,2,,38,MASCULINO,ALIENTO ETÍLICO,0,0,Morelia,Campestre Los Manantiales,junio,miércoles,16,-101.238139271736,19.6877984924905
23743,23747,2019,,2019/06/19,16:39:00,COLISIÓN POR ALCANCE,ASFALTO,Bueno,Bueno,2,SUZUKI,ROJO,2,,,FEMENINO,SIN DATOS,0,0,Morelia,Santillan La Huerta,junio,miércoles,17,-101.22016210109,19.6752299645383
23744,23748,2019,,2019/06/19,17:05:00,COLISIÓN CONTRA OBJETO FIJO,ASFALTO,Bueno,Bueno,2,TOYOTA,BLANCO,2,,40,MASCULINO,SIN DATOS,0,0,Morelia,Isaac Arriaga,junio,miércoles,17,-101.173368953168,19.7068781153359
23745,23749,2019,MOR190482257,2019/06/19,22:30:00,COLISIÓN POR CORTE DE CIRCULACIÓN,ASFALTO,Bueno,Bueno,1,NISSAN,BLANCO,1,,50,MASCULINO,ALIENTO ETÍLICO,0,0,Morelia,Niño Artillero,junio,miércoles,23,-101.250703074038,19.6984856847406
23746,23750,2019,,2019/06/19,22:40:00,COLISIÓN POR CAMBIO DE CARRIL,ASFALTO,Nublado,Regular,2,NISSAN,BLANCO,2,,32,MASCULINO,SIN DATOS,0,0,Morelia,Niño Artillero,junio,miércoles,23,-101.256116107106,19.6974534876496
23747,23751,2019,LEG24922,2019/06/20,"00:30:00",COLISIÓN POR ALCANCE,ASFALTO,Bueno,Bueno,2,VOLKSWAGEN,ROJO,3,MINISTERIO PÚBLICO,,,,3,0,Morelia,Lomas de San Juan,junio,jueves,1,-101.183039681886,19.7298664251429
23748,23752,2019,,2019/06/20,"01:00:00",COLISIÓN CONTRA OBJETO FIJO,TERRACERIA,Bueno,Regular,1,PONTIAC,NEGRO,1,,17,MASCULINO,SIN DATOS,0,0,Senguio,Senguio,junio,jueves,1,-100.34925352782,19.7318002930884
23749,23753,2019,,2019/06/20,"05:15:00",SALIDA DE SUPERFICIE DE RODAMIENTO,ASFALTO,Bueno,Regular,1,NISSAN,BLANCO,1,,,MASCULINO,SIN DATOS,0,0,Charo,San Bartolo,junio,jueves,5,-101.045201942325,19.7528433824928
23750,23754,2019,MOR190482669,2019/06/20,"09:15:00",COLISIÓN POR ALCANCE,ASFALTO,Bueno,Bueno,2,SUZUKI,ARENA,2,,62,MASCULINO,SIN DATOS,0,0,Morelia,Carlos Salazar,junio,jueves,9,-101.2105793,19.7115518249992
23751,23755,2019,,2019/06/20,10:00:00,SALIDA DE SUPERFICIE DE RODAMIENTO,ASFALTO,Bueno,Bueno,1,HONDA,GRIS,1,MINISTERIO PÚBLICO,,,SIN DATOS,0,0,Venustiano Carranza,Sin datos,junio,jueves,10,-102.636408694088,20.1191341649463
23752,23756,2019,,2019/06/20,11:40:00,SALIDA DE SUPERFICIE DE RODAMIENTO,ASFALTO,Bueno,Bueno,1,JEEP,GRIS,1,,47,MASCULINO,SIN DATOS,0,0,Jacona,Sin datos,junio,jueves,12,-102.34639685601,19.9302188537701
23753,23757,2019,,2019/06/20,12:00:00,VOLCADURA,ASFALTO,Bueno,Bueno,1,ISUZU,ROJO,1,MINISTERIO PÚBLICO,35,MASCULINO,SIN DATOS,0,0,Venustiano Carranza,Primavera,junio,jueves,12,-102.66406,20.111331
23754,23758,2019,,2019/06/20,12:20:00,COLISIÓN POR INVASIÓN DE CARRIL,ASFALTO,Bueno,Bueno,2,INTERNATIONAL,BLANCO,2,,27,MASCULINO,SIN DATOS,0,0,Morelia,El Lago 1,junio,jueves,12,-101.216335622487,19.7307987163553
23755,23759,2019,MOR 190483393,2019/06/20,13:30:00,COLISIÓN POR CORTE DE CIRCULACIÓN,CONCRETO,Bueno,Bueno,2,NISSAN,GRIS,2,,44,FEMENINO,SIN DATOS,0,0,Morelia,Lomas de Huerta,junio,jueves,14,-101.212,19.6754
23757,23761,2019,"190404480",2019/06/20,21:00:00,COLISIÓN POR ALCANCE,ASFALTO,Bueno,Bueno,2,NISSAN,ROJO,2,MINISTERIO PÚBLICO,65,MASCULINO,ALIENTO ETÍLICO,0,0,Morelia,Elias Perez Avalos,junio,jueves,21,-101.167813022979,19.7136335493406
23758,23762,2019,MOR190484623,2019/06/20,22:00:00,COLISIÓN POR ALCANCE,ASFALTO,Bueno,Bueno,3,NISSAN,AZUL,3,,32,MASCULINO,SIN DATOS,0,0,Morelia,Lomas de Guayangareo,junio,jueves,22,-101.158011405,19.7017836999991
23760,23764,2019,"190485084",2019/06/21,"04:30:00",COLISIÓN POR ALCANCE,CONCRETO,Bueno,Bueno,2,VOLKSWAGEN,GRIS,2,MINISTERIO PÚBLICO,,MASCULINO,SIN DATOS,1,0,Morelia,Isaac Arriaga,junio,viernes,5,-101.173878539064,19.7098514781792
23761,23765,2019,MOR190485140,2019/06/21,"06:45:00",COLISIÓN POR CORTE DE CIRCULACIÓN,ASFALTO,Bueno,Bueno,2,KURAZAI,NEGRO,2,,18,MASCULINO,SIN DATOS,0,0,Morelia,Centro,junio,viernes,7,-101.18754847,19.7028479949991
23764,23768,2019,,2019/06/21,"08:30:00",COLISIÓN POR INVASIÓN DE CARRIL,ASFALTO,Bueno,Bueno,2,KENWORTH,ROJO,2,MINISTERIO PÚBLICO,,MASCULINO,CON CERTIFICADO,0,0,Zitácuaro,Sin datos,junio,viernes,9,-100.264234542847,19.4560717370772
23766,23770,2019,MOR 190485300,2019/06/21,"08:47:00",COLISIÓN CON PEATÓN,CONCRETO,Bueno,Bueno,1,NISSAN,GRIS,1,MINISTERIO PÚBLICO,,,,1,0,Morelia,Gertrudis Sanchez,junio,viernes,9,-101.205776745,19.7441101549991
23768,23772,2019,,2019/06/21,12:20:00,COLISIÓN POR CAMBIO DE CARRIL,ASFALTO,Bueno,Bueno,3,DINA,VERDE,5,MINISTERIO PÚBLICO,0,,SIN DATOS,2,0,Morelia,Tzindurio de Morelos,junio,viernes,12,-101.245044000887,19.6974820969065
23770,23774,2019,MOR 190483580,2019/06/21,14:33:00,COLISIÓN POR ALCANCE,ASFALTO,Bueno,Bueno,2,RENAULT,GRIS,2,,50,FEMENINO,SIN DATOS,0,0,Morelia,Centro,junio,viernes,15,-101.17789641,19.7013360799991
23773,23777,2019,,2019/06/21,17:00:00,COLISIÓN POR CORTE DE CIRCULACIÓN,ASFALTO,Bueno,Bueno,1,INTERNATIONAL,BLANCO Y GUINDA,2,,29,MASCULINO,SIN DATOS,1,0,Morelia,Centro,junio,viernes,17,-101.18218963,19.7028850649992
23774,23778,2019,MOR190486699,2019/06/21,17:10:00,COLISIÓN POR CORTE DE CIRCULACIÓN,ASFALTO,Bueno,Bueno,2,KENWORTH,BLANCO,2,,25,MASCULINO,SIN DATOS,0,0,Morelia,Tzindurio de Morelos,junio,viernes,17,-101.245044000887,19.6974820969065
23775,23779,2019,,2019/06/21,17:45:00,COLISIÓN POR ALCANCE,ASFALTO,Bueno,Bueno,2,HONDA,PLATA,2,,59,MASCULINO,SIN DATOS,0,0,Morelia,La Huerta,junio,viernes,18,-101.217084266245,19.6755131484698
23776,23780,2019,,2019/06/21,18:00:00,COLISIÓN POR CORTE DE CIRCULACIÓN,ASFALTO,Bueno,Bueno,1,INTERNACIONAL,BLANCO,1,,21,MASCULINO,SIN DATOS,0,0,Morelia,Felix Ireta,junio,viernes,18,-101.195533722639,19.6824325307429
23779,23783,2019,MOR 190487393,2019/06/21,20:30:00,COLISIÓN POR ALCANCE,CONCRETO,Bueno,Bueno,2,CHEVROLET,ROJO,2,,27,FEMENINO,SIN DATOS,0,0,Morelia,Centro,junio,viernes,21,-101.18223298341,19.7029887639532
23781,23785,2019,MOR190491144,2019/06/22,"07:00:00",COLISIÓN POR INVASIÓN DE CARRIL,ASFALTO,Lluvioso,Regular,3,VOLKSWAGEN,NEGRO,3,,47,MASCULINO,ALIENTO ETÍLICO,0,0,Morelia,Sin datos,junio,sábado,7,-101.375344991684,19.5510219421033
23783,23787,2019,"190491145",2019/06/22,"07:40:00",COLISIÓN CONTRA OBJETO FIJO,ASFALTO,Nublado,Regular,1,CHEVROLET,AZUL,1,MINISTERIO PÚBLICO,36,MASCULINO,SIN DATOS,0,0,Morelia,Sentimientos de La Nacion,junio,sábado,8,-101.233255304396,19.6782208919612
23784,23788,2019,MOR593574,2019/06/22,"08:30:00",COLISIÓN CONTRA OBJETO FIJO,ASFALTO,Bueno,Bueno,1,NISSAN,BLANCO,0,,,,,0,0,Morelia,Tierra Y Libertad,junio,sábado,9,-101.22977368,19.7151822499992
23786,23790,2019,,2019/06/22,12:29:00,COLISIÓN POR CAMBIO DE CARRIL,ASFALTO,Bueno,Bueno,2,HONDA,BLANCO,2,MINISTERIO PÚBLICO,25,MASCULINO,SIN DATOS,0,0,Zacapu,Centro,junio,sábado,12,-101.789982318878,19.8106583702641
23787,23791,2019,"190565765",2019/06/22,12:30:00,SUBIDA AL CAMELLÓN,SIN_DATOS,Bueno,Bueno,1,NISSAN,GRIS,0,,,,,0,0,Morelia,Eduardo Ruiz,junio,sábado,13,-101.221859682349,19.7216992118204
23788,23792,2019,MOR190488782,2019/06/22,13:15:00,COLISIÓN POR CORTE DE CIRCULACIÓN,ASFALTO,Bueno,Bueno,3,RENAULT,GRIS,3,MINISTERIO PÚBLICO,0,MASCULINO,SIN DATOS,0,0,Morelia,Chapultepec Sur,junio,sábado,13,-101.17660369724,19.69188392769
23789,23793,2019,,2019/06/22,13:25:00,COLISIÓN POR CORTE DE CIRCULACIÓN,CONCRETO,Bueno,Regular,2,ITALIKA,NEGRO,2,,27,MASCULINO,SIN DATOS,0,0,Morelia,Vasco de Quiroga,junio,sábado,13,-101.174078732729,19.6990810100662
23790,23794,2019,MOR190488892,2019/06/22,13:50:00,COLISIÓN POR CORTE DE CIRCULACIÓN,ASFALTO,Bueno,Bueno,2,DINA,NARANJA,2,,30,MASCULINO,SIN DATOS,0,0,Tarímbaro,Sin datos,junio,sábado,14,-101.157288104296,19.7785875154042
23791,23795,2019,,2019/06/22,14:25:00,COLISIÓN CONTRA OBJETO FIJO,ADOQUIN_EMPEDRADO,Bueno,Bueno,1,MERCEDEZ BENZ,ROJO,1,,30,MASCULINO,SIN DATOS,0,0,Salvador Escalante,Sin datos,junio,sábado,14,-101.732421778142,19.452675823384
23792,23796,2019,MOR190493519,2019/06/22,16:30:00,COLISIÓN POR CORTE DE CIRCULACIÓN,CONCRETO,Lluvioso,Bueno,1,MAZDA,AZUL,0,,,,,0,0,Morelia,Lomas de San Juan,junio,sábado,17,-101.183039681886,19.7298664251429
23793,23797,2019,MOR190492576,2019/06/22,18:10:00,COLISIÓN POR CORTE DE CIRCULACIÓN,ASFALTO,Nublado,Bueno,2,SMART,SILVER,2,MINISTERIO PÚBLICO,0,MASCULINO,SIN DATOS,0,0,Morelia,Lomas de San Juan,junio,sábado,18,-101.183039681886,19.7298664251429
23795,23799,2019,MOR 190490216,2019/06/22,20:59:00,CAIDA DE MOTOCICLETA,ASFALTO,Bueno,Bueno,1,ITALIKA,NARANJA/NEGRO,2,,0,,SIN DATOS,1,0,Morelia,Santillan La Huerta,junio,sábado,21,-101.217875015,19.6742008549991
23796,23800,2019,MOR 190487561,2019/06/22,22:20:00,COLISIÓN CON PEATÓN,ASFALTO,Bueno,Bueno,2,MERCEDES BENZ,BLANCO Y AZUL,2,,38,MASCULINO,SIN DATOS,0,0,Morelia,Cosmos,junio,sábado,22,-101.216412708163,19.6833439172005
23797,23801,2019,,2019/06/22,22:20:00,COLISIÓN POR INVASIÓN DE CARRIL,ASFALTO,Lluvioso,Regular,2,NISSAN,ROJO,2,,31,MASCULINO,SIN DATOS,0,0,Morelia,Tzindurio de Morelos,junio,sábado,22,-101.245044000887,19.6974820969065
23798,23802,2019,,2019/06/23,"00:10:00",COLISIÓN CONTRA OBJETO FIJO,ASFALTO,Lluvioso,Regular,1,GMC,GRIS,1,MINISTERIO PÚBLICO,23,MASCULINO,CON CERTIFICADO,0,0,Zacapu,Centro,junio,domingo,0,-101.793764233589,19.8116857345972
23799,23803,2019,,2019/06/23,"01:30:00",COLISIÓN CONTRA OBJETO FIJO,ASFALTO,Lluvioso,Regular,1,NISSAN,BEIGE,1,,20,MASCULINO,SIN DATOS,0,0,Morelia,Josefa Ortiz de Dominguez,junio,domingo,2,-101.209784969687,19.672167000002
23801,23805,2019,MOR190490940,2019/06/23,"03:30:00",COLISIÓN CONTRA OBJETO FIJO,ASFALTO,Lluvioso,Bueno,1,CHEVROLET CHEVY,ARENA,1,,23,,ALIENTO ETÍLICO,0,0,Morelia,Lomas de San Juan,junio,domingo,4,-101.183039681886,19.7298664251429
23804,23808,2019,,2019/06/23,11:00:00,COLISIÓN POR CAMBIO DE CARRIL,ASFALTO,Bueno,Bueno,2,ITALIKA,NEGRO CON AZUL,0,MINISTERIO PÚBLICO,,,,0,0,Pajacuarán,Centro,junio,domingo,11,-102.566393315792,20.1177700552577
23805,23809,2019,MOR190468427,2019/06/23,11:05:00,COLISIÓN CON PEATÓN,ASFALTO,Bueno,Bueno,1,DODGE,CAFE,2,,0,,SIN DATOS,1,0,Morelia,Barrio Alto,junio,domingo,11,-101.1910340912,19.7257911693587
23806,23810,2019,,2019/06/23,12:35:00,COLISIÓN POR CORTE DE CIRCULACIÓN,ASFALTO,Bueno,Bueno,1,FORD,GUINDA,10,MINISTERIO PÚBLICO,29,MASCULINO,SIN DATOS,9,0,Los Reyes,Sin datos,junio,domingo,13,-102.436976395547,19.6563682200887
23807,23811,2019,MOR1900488951,2019/06/23,13:20:00,COLISIÓN POR INVASIÓN DE CARRIL,CONCRETO,Bueno,Bueno,2,INTERNACIONAL,BLANCO,2,,42,MASCULINO,SIN DATOS,0,0,Morelia,Infonavit Benito Juarez,junio,domingo,13,-101.197176075,19.6854028399992
23808,23812,2019,MOR190491825,2019/06/23,13:20:00,VOLCADURA,ASFALTO,Bueno,Bueno,1,KIA,AZUL,1,MINISTERIO PÚBLICO,,,,1,0,Morelia,Sin datos,junio,domingo,13,-101.271984916253,19.6449319515432
23810,23814,2019,MOR 1900489554,2019/06/23,16:20:00,COLISIÓN POR CORTE DE CIRCULACIÓN,ASFALTO,Lluvioso,Regular,2,NISSAN,BLANCO,2,,40,MASCULINO,SIN DATOS,0,0,Morelia,Josefa Ortiz de Dominguez,junio,domingo,16,-101.208107583225,19.6723374819414
23811,23815,2019,MOR 190492306,2019/06/23,16:30:00,COLISIÓN POR CORTE DE CIRCULACIÓN,CONCRETO,Bueno,Bueno,2,ITALIKA,VERDE,3,,17,MASCULINO,SIN DATOS,1,0,Morelia,Felix Ireta,junio,domingo,17,-101.188195198774,19.687380220371
23812,23816,2019,,2019/06/23,17:00:00,COLISIÓN POR CORTE DE CIRCULACIÓN,ASFALTO,Lluvioso,Regular,1,TOYOTA,NEGRO,1,,43,MASCULINO,CON CERTIFICADO,0,0,Morelia,Pastor Manuel Sanchez Camarena,junio,domingo,17,-101.199521832168,19.7393483920652
23813,23817,2019,,2019/06/23,18:00:00,COLISIÓN POR INVASIÓN DE CARRIL,ADOQUIN_EMPEDRADO,Bueno,Regular,2,NISSAN KING KAB,GRIS,2,,48,MASCULINO,SIN DATOS,0,0,Salvador Escalante,Centro,junio,domingo,18,-101.64218287915,19.4061786147475