fid,id_accidente,anio_origen,folio_c5i,dia_incidente,hora_ocurrencia,tipo_incidente_vial,superficie_ocurrencia,condiciones_climaticas,condiciones_via,numero_vehiculos_involucrados,marca_vehiculo_ocasiona_siniestro,color_vehiculo_ocasiona_siniestro,numero_personas_involucradas,lugar_remite_presunto_responsable,edad_presunto_responsable,sexo_presunto_responsable,resultados_toxicologia,numero_personas_lesionadas,numero_personas_fallecidas,municipio,colonia,mes,dia_semana,hora_redondeada,lon,lat
23814,23818,2019,,2019/06/23,20:10:00,COLISIÓN POR CORTE DE CIRCULACIÓN,ASFALTO,Bueno,Bueno,2,JEEP,NEGRO,2,MINISTERIO PÚBLICO,31,,SIN DATOS,0,0,Lázaro Cárdenas,600 Casas,junio,domingo,20,-102.219327874482,17.9628314585474
23816,23820,2019,MOR 190490458,2019/06/23,22:40:00,COLISIÓN POR CAMBIO DE CARRIL,CONCRETO,Lluvioso,Malo,2,RENAULT,ROJO,2,,35,FEMENINO,SIN DATOS,0,0,Morelia,Centro,junio,domingo,23,-101.187783479691,19.7028574548714
23818,23822,2019,MOR190490695,2019/06/23,23:40:00,COLISIÓN POR CORTE DE CIRCULACIÓN,ASFALTO,Lluvioso,Bueno,2,KYMCO,PLATA,2,MINISTERIO PÚBLICO,24,MASCULINO,SIN DATOS,1,0,Morelia,Elias Perez Avalos,junio,domingo,0,-101.168528875,19.7137358349991
23820,23824,2019,LEG25009,2019/06/24,"00:00:00",COLISIÓN CON PEATÓN,ASFALTO,Bueno,Regular,1,DINA,BLANCO,2,,29,MASCULINO,SIN DATOS,1,0,Morelia,Torreon Nuevo,junio,lunes,0,-101.20358663,19.7462449699991
23821,23825,2019,,2019/06/24,"07:30:00",COLISIÓN CONTRA OBJETO FIJO,ASFALTO,Bueno,Bueno,1,VOLKSWAGEN,PLATA,0,,,,,0,0,Senguio,Senguio,junio,lunes,8,-100.355604663491,19.7368969873797
23823,23827,2019,,2019/06/24,"08:15:00",COLISIÓN CONTRA OBJETO FIJO,ASFALTO,Nublado,Regular,1,VOLKSWAGEN,PLATA,1,,20,MASCULINO,SIN DATOS,0,0,Morelia,Alberto Oviedo Mota,junio,lunes,8,-101.198908182011,19.681555672698
23824,23828,2019,,2019/06/24,10:35:00,COLISIÓN POR CORTE DE CIRCULACIÓN,ASFALTO,Bueno,Bueno,2,FORD,VERDE,2,MINISTERIO PÚBLICO,29,FEMENINO,SIN DATOS,0,0,Morelia,Insurgentes,junio,lunes,11,-101.155416805,19.6953315299991
23825,23829,2019,,2019/06/24,11:40:00,COLISIÓN CONTRA OBJETO FIJO,ASFALTO,Bueno,Bueno,2,S/D,S/D,1,,34,MASCULINO,SIN DATOS,0,0,Morelia,Benito Juarez,junio,lunes,12,-101.250692026236,19.6858653522379
23826,23830,2019,MOR190 494 489,2019/06/24,12:40:00,COLISIÓN POR CORTE DE CIRCULACIÓN,ASFALTO,Bueno,Bueno,2,STERLING,BLANCO,2,,29,MASCULINO,SIN DATOS,0,0,Morelia,Juarez,junio,lunes,13,-101.19601149112,19.6924211947528
23827,23831,2019,MOR190483393,2019/06/24,13:40:00,COLISIÓN POR CORTE DE CIRCULACIÓN,CONCRETO,Bueno,Bueno,2,NISSAN,BLANCO,2,,36,MASCULINO,SIN DATOS,0,0,Morelia,Tzindurio de Morelos,junio,lunes,14,-101.244526617229,19.6998322657999
23828,23832,2019,,2019/06/24,16:10:00,COLISIÓN POR CORTE DE CIRCULACIÓN,ASFALTO,Bueno,Bueno,2,MERCEDES BENZ,BLANCO,2,,40,MASCULINO,SIN DATOS,0,0,Morelia,El Lago 1,junio,lunes,16,-101.21449559927,19.726990316219
23829,23833,2019,,2019/06/24,16:55:00,COLISIÓN POR CORTE DE CIRCULACIÓN,ASFALTO,Bueno,Bueno,2,NISSAN,ROJO,1,,60,MASCULINO,SIN DATOS,0,0,Morelia,Nueva Chapultepec,junio,lunes,17,-101.175761148334,19.687055703589
23830,23834,2019,LEG24989,2019/06/24,18:40:00,SUBIDA AL CAMELLÓN,ASFALTO,Bueno,Bueno,1,CHEVROLET,BLANCO,1,,39,MASCULINO,SIN DATOS,0,0,Morelia,Villas de La Esperanza,junio,lunes,19,-101.273965872824,19.693117555842
23831,23835,2019,,2019/06/24,19:50:00,COLISIÓN POR CAMBIO DE CARRIL,ASFALTO,Bueno,Bueno,2,DINA,ROJO,2,MINISTERIO PÚBLICO,25,MASCULINO,SIN DATOS,0,0,Pátzcuaro,Santa Maria Huiramangaro,junio,lunes,20,-101.769149936736,19.5187000198048
23833,23837,2019,MOR190496495,2019/06/24,23:10:00,SALIDA DE SUPERFICIE DE RODAMIENTO,ASFALTO,Bueno,Bueno,1,RAM,ROJO,1,,41,MASCULINO,ALIENTO ETÍLICO,0,0,Morelia,Clara Cordova Moran,junio,lunes,23,-101.180799007416,19.7374606118193
23834,23838,2019,MOR190123465,2019/06/25,"09:27:00",COLISIÓN POR ALCANCE,ASFALTO,Bueno,Bueno,4,FORD,GRIS,4,,49,FEMENINO,SIN DATOS,0,0,Morelia,Las Americas,junio,martes,9,-101.155203357339,19.6875333238773
23835,23839,2019,,2019/06/25,"09:40:00",COLISIÓN POR CORTE DE CIRCULACIÓN,ASFALTO,Bueno,Bueno,2,CHEVROLET,GRIS,2,,29,MASCULINO,SIN DATOS,0,0,Morelia,Ventura Puente,junio,martes,10,-101.193225725,19.6917077449992
23836,23840,2019,MOR190096360,2019/06/25,10:48:00,COLISIÓN POR ALCANCE,ASFALTO,Bueno,Bueno,2,NISSAN,BLANCO Y ROJO,2,,,MASCULINO,SIN DATOS,0,0,Morelia,Chapultepec Norte,junio,martes,11,-101.166834756732,19.6953167869525
23837,23841,2019,MOR190384596,2019/06/25,11:30:00,COLISIÓN POR ALCANCE,ASFALTO,Bueno,Bueno,2,NISSAN,BLANCO,2,,29,MASCULINO,SIN DATOS,0,0,Morelia,Valle de Las Flores,junio,martes,12,-101.12527359277,19.6878436342463
23838,23842,2019,MOR190497448,2019/06/25,12:40:00,COLISIÓN POR CORTE DE CIRCULACIÓN,ASFALTO,Lluvioso,Bueno,2,NISSAN,BLANCO,2,,42,MASCULINO,SIN DATOS,0,0,Morelia,La Colina,junio,martes,13,-101.216588295,19.7100196999992
23839,23843,2019,,2019/06/25,13:40:00,COLISIÓN POR ALCANCE,ASFALTO,Bueno,Bueno,2,SUZUKI,NEGRO,2,,21,MASCULINO,SIN DATOS,0,0,Morelia,Felix Ireta,junio,martes,14,-101.194499535,19.6818799749991
23840,23844,2019,,2019/06/25,14:25:00,COLISIÓN POR INVASIÓN DE CARRIL,ASFALTO,Bueno,Bueno,2,FORD,BLANCO,2,,,MASCULINO,SIN DATOS,0,0,Morelia,Rey Tariacuri (Eucaliptos),junio,martes,14,-101.198902538624,19.6789772554094
23841,23845,2019,,2019/06/25,14:31:00,COLISIÓN POR ALCANCE,ASFALTO,Bueno,Bueno,4,NISSAN,NEGRO,4,,39,MASCULINO,SIN DATOS,0,0,Morelia,Lomas de San Juan,junio,martes,15,-101.183039681886,19.7298664251429
23842,23846,2019,,2019/06/25,17:35:00,COLISIÓN POR CAMBIO DE CARRIL,ASFALTO,Nublado,Regular,2,KENWORTH,AMARILLO,2,,33,MASCULINO,SIN DATOS,0,0,Morelia,Lomas del Tecnologico,junio,martes,18,-101.188597616708,19.7211460756005
23843,23847,2019,MOR 190465731,2019/06/25,18:05:00,COLISIÓN POR CAMBIO DE CARRIL,ASFALTO,Bueno,Bueno,2,FREIGHTLINER,BLANCO,2,,30,MASCULINO,SIN DATOS,0,0,Morelia,Industrial,junio,martes,18,-101.189085515637,19.7123104021622
23844,23848,2019,MOR 190655721,2019/06/25,21:30:00,COLISIÓN POR ALCANCE,ASFALTO,Bueno,Bueno,2,FORD,BLANCO,2,MINISTERIO PÚBLICO,26,FEMENINO,SIN DATOS,0,0,Morelia,Elias Perez Avalos,junio,martes,22,-101.167860031128,19.7136266510171
23845,23849,2019,MOR190496412,2019/06/25,22:25:00,COLISIÓN CONTRA OBJETO FIJO,CONCRETO,Bueno,Bueno,2,PEUGEOT,PLATA,2,MINISTERIO PÚBLICO,0,FEMENINO,SIN DATOS,0,0,Morelia,Fray Antonio de San Miguel Iglesias,junio,martes,22,-101.148838730334,19.6870264198328
23846,23850,2019,MOR190498894,2019/06/25,22:25:00,COLISIÓN POR INVASIÓN DE CARRIL,ASFALTO,Bueno,Bueno,2,BAJAJ PULSAR,NEGRO,2,,22,MASCULINO,SIN DATOS,0,0,Morelia,5 de Mayo,junio,martes,22,-101.17543291,19.7031789799992
23847,23851,2019,,2019/06/26,"01:40:00",COLISIÓN CONTRA OBJETO FIJO,ASFALTO,Bueno,Bueno,1,NISSAN,GRIS,0,,,,,0,0,Morelia,Melchor Ocampo,junio,miércoles,2,-101.201937888211,19.7065671597378
23849,23853,2019,,2019/06/26,10:00:00,COLISIÓN POR ALCANCE,ASFALTO,Bueno,Bueno,3,VOLKSWAGEN,AZUL,3,,54,FEMENINO,SIN DATOS,0,0,Morelia,Centro,junio,miércoles,10,-101.18754847,19.7028479949991
23850,23854,2019,MOR190499629,2019/06/26,10:25:00,COLISIÓN CONTRA OBJETO FIJO,CONCRETO,Bueno,Bueno,1,FREIGHTLINER,BLANCO,1,,24,MASCULINO,SIN DATOS,0,0,Morelia,Tierra Y Libertad,junio,miércoles,10,-101.22236244,19.7154703049992
23851,23855,2019,,2019/06/26,12:45:00,COLISIÓN POR ALCANCE,ASFALTO,Bueno,Bueno,2,ITALIKA,BLANCO Y VERDE,2,,30,MASCULINO,ALIENTO ETÍLICO,0,0,Morelia,Centro,junio,miércoles,13,-101.18754847,19.7028479949991
23852,23856,2019,,2019/06/26,14:05:00,SALIDA DE SUPERFICIE DE RODAMIENTO,ASFALTO,Lluvioso,Bueno,1,LIFAN,NEGRO,1,,20,MASCULINO,SIN DATOS,0,0,Zitácuaro,Sin datos,junio,miércoles,14,-100.33411,19.351567
23853,23857,2019,,2019/06/26,14:15:00,COLISIÓN POR CORTE DE CIRCULACIÓN,ASFALTO,Bueno,Bueno,2,NISSAN,BLANCO Y ROSA,2,,61,MASCULINO,SIN DATOS,0,0,Morelia,Centro,junio,miércoles,14,-101.188668077245,19.7104293072089
23854,23858,2019,MOR190500898,2019/06/26,17:15:00,COLISIÓN POR ALCANCE,ASFALTO,Bueno,Bueno,2,NISSAN,BLANCO,2,,34,MASCULINO,SIN DATOS,0,0,Morelia,Insurgentes,junio,miércoles,17,-101.155416805,19.6953315299991
23855,23859,2019,MOR 190501123,2019/06/26,18:57:00,COLISIÓN CONTRA OBJETO FIJO,ASFALTO,Bueno,Regular,2,FORD,BLANCO Y ROSA,2,,54,MASCULINO,SIN DATOS,0,0,Morelia,3 de Agosto,junio,miércoles,19,-101.172784715,19.7287054299992
23856,23860,2019,,2019/06/26,19:00:00,COLISIÓN POR CORTE DE CIRCULACIÓN,CONCRETO,Bueno,Regular,2,ITALIKA,ROJO Y NEGRO,2,,,MASCULINO,SIN DATOS,0,0,Morelia,Centro,junio,miércoles,19,-101.1912811,19.7009677199991
23858,23862,2019,,2019/06/26,21:20:00,SUBIDA AL CAMELLÓN,ASFALTO,Bueno,Bueno,1,VOLKSWAGEN,BLANCO,1,,26,MASCULINO,ALIENTO ETÍLICO,0,0,Morelia,Ventura Puente,junio,miércoles,21,-101.193225725,19.6917077449992
23859,23863,2019,MOR 190493509,2019/06/27,"00:20:00",COLISIÓN POR NO RESPETAR SEMÁFORO,ASFALTO,Bueno,Bueno,2,HYUNDAY,BLANCO,2,,20,MASCULINO,SIN DATOS,0,0,Morelia,Felix Ireta,junio,jueves,0,-101.194499535,19.6818799749991
23860,23864,2019,,2019/06/27,"03:50:00",COLISIÓN CONTRA OBJETO FIJO,ASFALTO,Lluvioso,Regular,1,SUZUKI,AZUL,1,,47,,SIN DATOS,0,0,Morelia,Vista Bella,junio,jueves,4,-101.197552937502,19.6803113485704
23861,23865,2019,"190502101",2019/06/27,"03:50:00",COLISIÓN CONTRA OBJETO FIJO,ASFALTO,Lluvioso,Bueno,1,SUZUKI,AZUL,1,,47,MASCULINO,SIN DATOS,0,0,Morelia,Felix Ireta,junio,jueves,4,-101.190105135,19.6853188699992
23862,23866,2019,,2019/06/27,"07:10:00",COLISIÓN POR INVASIÓN DE CARRIL,CONCRETO,Bueno,Bueno,2,FIAT,PLATA,2,,44,MASCULINO,SIN DATOS,0,0,Morelia,Centro,junio,jueves,7,-101.1912811,19.7009677199991
23864,23868,2019,,2019/06/27,"09:10:00",COLISIÓN POR ALCANCE,CONCRETO,Nublado,Bueno,3,CHEVROLET,BLANCO,3,,29,MASCULINO,SIN DATOS,0,0,Morelia,Alfonso Garcia Robles,junio,jueves,9,-101.183094056834,19.7185941431338
23866,23870,2019,MOR190502445,2019/06/27,"09:54:00",COLISIÓN POR ALCANCE,ASFALTO,Bueno,Bueno,2,JEEP,VERDE OLIVO,2,,48,MASCULINO,SIN DATOS,0,0,Morelia,Nueva Valladolid,junio,jueves,10,-101.211483945359,19.6992598320994
23867,23871,2019,MOR190503890,2019/06/27,11:20:00,CAIDA DE MOTOCICLETA,ASFALTO,Bueno,Bueno,1,CFMOTO,NEGRO,1,,,MASCULINO,SIN DATOS,0,0,Morelia,Buenavista,junio,jueves,11,-101.167648381005,19.7070362533738
23868,23872,2019,,2019/06/27,12:20:00,COLISIÓN CONTRA OBJETO FIJO,CONCRETO,Bueno,Bueno,1,ISUZU,BLANCO,0,,,,,0,0,Huaniqueo,Alto,junio,jueves,12,-101.506496630609,19.8995671763195
23869,23873,2019,,2019/06/27,12:30:00,CAIDA DE MOTOCICLETA,ASFALTO,Bueno,Bueno,1,ZUZUKI,NEGRO,2,,30,MASCULINO,SIN DATOS,1,0,Pátzcuaro,San Nicolas (La Valenciana),junio,jueves,13,-101.615078151226,19.5239102863406
23870,23874,2019,MOR190503430,2019/06/27,14:30:00,COLISIÓN POR CORTE DE CIRCULACIÓN,CONCRETO,Bueno,Bueno,3,KENWORTH,BLANCO,3,,32,MASCULINO,SIN DATOS,0,0,Morelia,Elias Perez Avalos,junio,jueves,15,-101.167886855,19.7156043599992
23871,23875,2019,,2019/06/27,15:28:00,VOLCADURA,ASFALTO,Lluvioso,Bueno,1,FORD,BLANCO,1,,28,MASCULINO,SIN DATOS,0,0,Los Reyes,San Juan de Dios,junio,jueves,15,-102.478693127632,19.6059292702518
23873,23877,2019,MOR190503731,2019/06/27,17:10:00,COLISIÓN POR CORTE DE CIRCULACIÓN,ASFALTO,Bueno,Bueno,2,VOLKSWAGEN,BLANCO,2,,49,MASCULINO,SIN DATOS,0,0,Morelia,Union Popular Solidaria,junio,jueves,17,-101.220220133013,19.7056458409566
23875,23879,2019,MOR190500837,2019/06/27,17:20:00,COLISIÓN POR CAMBIO DE CARRIL,CONCRETO,Lluvioso,Regular,2,MERCEDEZ BENZ,BLANCO,2,,36,MASCULINO,SIN DATOS,0,0,Morelia,Centro,junio,jueves,17,-101.1928864,19.7010106049991
23876,23880,2019,MOR190590385,2019/06/27,17:40:00,SALIDA DE SUPERFICIE DE RODAMIENTO,ASFALTO,Bueno,Bueno,2,FORD,BLANCO,2,,25,MASCULINO,SIN DATOS,0,0,Morelia,Vasco de Quiroga,junio,jueves,18,-101.171026988099,19.6976785913658
23877,23881,2019,,2019/06/27,18:05:00,VOLCADURA,ASFALTO,Bueno,Bueno,1,RENAULT,BLANCO/NARANJA,1,,,,SIN DATOS,0,0,Zitácuaro,Sin datos,junio,jueves,18,-100.410636886954,19.3596674769132
23878,23882,2019,,2019/06/27,19:00:00,COLISIÓN POR CAMBIO DE CARRIL,ASFALTO,Bueno,Bueno,2,FREIGHTTLINER,BLANCO,2,,58,MASCULINO,SIN DATOS,0,0,Morelia,Lomas de San Juan,junio,jueves,19,-101.183039681886,19.7298664251429
23879,23883,2019,MOR190653498,2019/06/27,20:05:00,COLISIÓN POR CORTE DE CIRCULACIÓN,ASFALTO,Bueno,Bueno,2,TOYOTA,BLANCO Y GRIS,2,,38,MASCULINO,SIN DATOS,0,0,Morelia,Del Empleado,junio,jueves,20,-101.18002517,19.6886070099991
23880,23884,2019,,2019/06/27,20:10:00,CAIDA DE MOTOCICLETA,CONCRETO,Lluvioso,Regular,1,S/D,S/D,1,,,,,1,0,Morelia,Campamento Ferrocarrilero,junio,jueves,20,-101.203038605,19.7048187049992
23881,23885,2019,MOR190504491,2019/06/27,20:50:00,COLISIÓN POR ALCANCE,ASFALTO,Nublado,Bueno,2,MAZDA,AZUL OBSCURO,2,,57,MASCULINO,ALIENTO ETÍLICO,0,0,Morelia,Dr Miguel Silva,junio,jueves,21,-101.188063389708,19.7172237342298
23883,23887,2019,MOR190502442,2019/06/27,90:30:00,COLISIÓN POR CAMBIO DE CARRIL,ADOQUIN_EMPEDRADO,Bueno,Bueno,2,CHEVROLET,BLANCO,2,,42,MASCULINO,SIN DATOS,0,0,Morelia,Felix Ireta,junio,jueves,,-101.1919749,19.6869904499991
23884,23888,2019,,2019/06/28,"00:00:00",COLISIÓN CONTRA OBJETO FIJO,ASFALTO,Bueno,Bueno,2,VOLKSWAGEN,BLANCO,0,MINISTERIO PÚBLICO,,,,0,0,Lázaro Cárdenas,Pie de Casa,junio,viernes,0,-102.223946973681,17.9650276222817
23885,23889,2019,,2019/06/28,"00:00:00",COLISIÓN POR CORTE DE CIRCULACIÓN,ASFALTO,Bueno,Bueno,2,KENWOORTH,AZUL,2,,51,MASCULINO,SIN DATOS,0,0,Morelia,Tenencia Morelos,junio,viernes,0,-101.246881261468,19.6498556640916
23886,23890,2019,,2019/06/28,"01:30:00",VOLCADURA,ASFALTO,Bueno,Bueno,1,DINA,NARANJA,1,,42,MASCULINO,SIN DATOS,0,0,Zitácuaro,Sin datos,junio,viernes,2,-100.203102976084,19.4467373875294
23887,23891,2019,,2019/06/28,"03:20:00",SUBIDA AL CAMELLÓN,CONCRETO,Bueno,Bueno,1,HONDA,VERDE,1,,22,MASCULINO,ALIENTO ETÍLICO,0,0,Morelia,Montaña Monarca,junio,viernes,3,-101.165131339569,19.6698293896465
23888,23892,2019,MOR190505044,2019/06/28,"04:00:00",SALIDA DE SUPERFICIE DE RODAMIENTO,ASFALTO,Bueno,Bueno,1,GMC,BLANCO,1,,,,SIN DATOS,0,0,Morelia,Poblado de Ocolusen,junio,viernes,4,-101.155088675,19.6951327349991
23891,23895,2019,,2019/06/28,"07:35:00",COLISIÓN POR CORTE DE CIRCULACIÓN,ASFALTO,Bueno,Regular,2,HONDA,GRIS,2,,22,MASCULINO,SIN DATOS,0,0,Morelia,Jardines de La Loma,junio,viernes,8,-101.225630119443,19.6768425593229
23892,23896,2019,,2019/06/28,"08:50:00",COLISIÓN POR MANIOBRA DE REVERSA,ASFALTO,Bueno,Bueno,2,VOLKSWAGEN GOL,AZUL,1,,66,MASCULINO,SIN DATOS,0,0,Morelia,Lomas del Valle,junio,viernes,9,-101.231110207736,19.688742362919
23893,23897,2019,,2019/06/28,"09:00:00",COLISIÓN POR CORTE DE CIRCULACIÓN,ASFALTO,Bueno,Bueno,2,HONDA,VERDE,2,,42,FEMENINO,SIN DATOS,0,0,Morelia,Obrera,junio,viernes,9,-101.182819381356,19.7098873895207
23894,23898,2019,MOR 190505275,2019/06/28,"09:30:00",COLISIÓN POR CORTE DE CIRCULACIÓN,ASFALTO,Bueno,Bueno,2,CHEVROLET,NARANJA,2,,59,MASCULINO,SIN DATOS,0,0,Morelia,Vasco de Quiroga,junio,viernes,10,-101.175591833889,19.7023243262662
23895,23899,2019,MOR 190455786,2019/06/28,10:10:00,COLISIÓN CONTRA OBJETO FIJO,ASFALTO,Bueno,Bueno,2,SEAT,ROJO,2,,38,FEMENINO,SIN DATOS,0,0,Morelia,Vasco de Quiroga,junio,viernes,10,-101.17579869926,19.7000286018011
23896,23900,2019,,2019/06/28,10:30:00,COLISIÓN POR CAMBIO DE CARRIL,ASFALTO,Bueno,Bueno,2,TOYOTA AVANZA,NEGRO,2,,43,MASCULINO,SIN DATOS,0,0,Morelia,Nueva Valladolid,junio,viernes,11,-101.210816949606,19.7019910016176
23897,23901,2019,,2019/06/28,10:45:00,COLISIÓN POR ALCANCE,ASFALTO,Bueno,Bueno,2,DODGE,AZUL Y BLANCO,2,,40,MASCULINO,SIN DATOS,0,0,Morelia,Trinidad Salgado,junio,viernes,11,-101.231458224356,19.7030935586239
23898,23902,2019,MOR190505683,2019/06/28,10:50:00,COLISIÓN POR INVASIÓN DE CARRIL,ASFALTO,Bueno,Bueno,3,FORD,GUINDA,3,,43,MASCULINO,SIN DATOS,0,0,Morelia,Ejidal Ocolusen,junio,viernes,11,-101.153434440494,19.6873360255172
23899,23903,2019,MOR 190455766,2019/06/28,11:09:00,COLISIÓN POR ALCANCE,ADOQUIN_EMPEDRADO,Bueno,Bueno,2,NISSAN,BCO/ROJO,2,,19,MASCULINO,SIN DATOS,0,0,Morelia,Centro,junio,viernes,11,-101.191575787961,19.7029303693027
23900,23904,2019,,2019/06/28,12:05:00,COLISIÓN POR CORTE DE CIRCULACIÓN,ASFALTO,Bueno,Bueno,2,NISSAN,BLANCO,2,,37,MASCULINO,SIN DATOS,0,0,Morelia,Agustin Arriaga Rivera,junio,viernes,12,-101.226033456624,19.6899128807923
23901,23905,2019,MOR 190 566786,2019/06/28,12:30:00,COLISIÓN POR ALCANCE,ASFALTO,Bueno,Regular,2,HONDA,BLANCO,2,MINISTERIO PÚBLICO,54,MASCULINO,SIN DATOS,0,0,Tarímbaro,Centro,junio,viernes,13,-101.086965613067,19.7911674727551
23902,23906,2019,MOR 190506045,2019/06/28,13:49:00,COLISIÓN CON PEATÓN,ASFALTO,Bueno,Bueno,1,CHEVROLET,NEGRO,2,,29,MASCULINO,SIN DATOS,1,0,Morelia,Central de Abastos,junio,viernes,14,-101.169913932681,19.715953742438
23903,23907,2019,,2019/06/28,15:10:00,COLISIÓN POR ALCANCE,ASFALTO,Bueno,Bueno,2,HONDA,GRIS,2,,46,MASCULINO,SIN DATOS,0,0,Morelia,Balcones de Santa Maria,junio,viernes,15,-101.184860542417,19.675750555349
23904,23908,2019,,2019/06/28,15:20:00,COLISIÓN CONTRA OBJETO FIJO,ASFALTO,Bueno,Bueno,1,NISSAN,GUINDA,1,,59,FEMENINO,SIN DATOS,0,0,Cuitzeo,La Concepcion,junio,viernes,15,-101.143747642636,19.9705439687622
23905,23909,2019,,2019/06/28,17:15:00,COLISIÓN POR CAMBIO DE CARRIL,ASFALTO,Bueno,Bueno,2,INTERNACIONAL,AZUL Y BLANCO,2,,40,MASCULINO,SIN DATOS,0,0,Morelia,Sin datos,junio,viernes,17,-101.26151740551,19.6397560381048
23906,23910,2019,,2019/06/28,20:15:00,COLISIÓN POR ALCANCE,CONCRETO,Bueno,Bueno,2,DODGE,ROJO,2,,48,MASCULINO,SIN DATOS,0,0,Morelia,Morelia 450,junio,viernes,20,-101.216533742845,19.6754181224794
23907,23911,2019,"190507421",2019/06/28,21:30:00,COLISIÓN POR ALCANCE,ASFALTO,Lluvioso,Regular,4,JEEP,AZUL,6,MINISTERIO PÚBLICO,20,MASCULINO,CON CERTIFICADO,2,0,Morelia,Los Pinos de Michoacan,junio,viernes,22,-101.216332577169,19.6832703624762
23908,23912,2019,MOR190506466,2019/06/28,21:40:00,SUBIDA AL CAMELLÓN,ASFALTO,Lluvioso,Bueno,1,VOLKSWAGEN,BLANCO,1,,67,MASCULINO,ALIENTO ETÍLICO,0,0,Morelia,La Quemada,junio,viernes,22,-101.239945739508,19.7059933766938
23910,23914,2019,,2019/06/29,"00:00:00",VOLCADURA,ASFALTO,Bueno,Bueno,1,mercedez benz,BLANCO,3,MINISTERIO PÚBLICO,38,MASCULINO,SIN DATOS,2,0,Contepec,Cuarto,junio,sábado,0,-100.191535949707,19.9343005883148
23911,23915,2019,MOR 190505579,2019/06/29,"00:00:00",COLISIÓN POR CORTE DE CIRCULACIÓN,SIN_DATOS,Nublado,Bueno,2,BAJAJ,AZUL,1,,0,MASCULINO,SIN DATOS,0,0,Morelia,Centro,junio,sábado,0,-101.187837459147,19.7028574548714
23912,23916,2019,MOR190507864,2019/06/29,"01:25:00",CAIDA DE MOTOCICLETA,CONCRETO,Nublado,Regular,1,ITALIKA,AZUL,1,,0,MASCULINO,ALIENTO ETÍLICO,0,0,Morelia,Canteras de Morelia,junio,sábado,1,-101.174104213715,19.7167831925784
23913,23917,2019,,2019/06/29,"04:50:00",COLISIÓN CONTRA OBJETO FIJO,SIN_DATOS,Bueno,Bueno,1,VOLKSWAGEN,ARENA,1,MINISTERIO PÚBLICO,,,SIN DATOS,0,0,Lázaro Cárdenas,600 Casas,junio,sábado,5,-102.217359462378,17.9653385784902
23914,23918,2019,,2019/06/29,"08:40:00",COLISIÓN CON PEATÓN,SIN_DATOS,Bueno,Bueno,2,RAM 2500,BLANCO,2,,28,MASCULINO,SIN DATOS,0,0,Morelia,Los Manantiales de Morelia,junio,sábado,9,-101.242967247963,19.7004304269818
23915,23919,2019,MOR190508262,2019/06/29,"09:40:00",COLISIÓN POR CORTE DE CIRCULACIÓN,CONCRETO,Bueno,Bueno,2,BAJAG,NEGRO,2,,28,MASCULINO,SIN DATOS,0,0,Morelia,Vasco de Quiroga,junio,sábado,10,-101.169034168124,19.7035591365268
23916,23920,2019,,2019/06/29,"09:50:00",COLISIÓN POR CORTE DE CIRCULACIÓN,CONCRETO,Bueno,Bueno,2,VOLKSWAGEN,BLANCO,2,,0,MASCULINO,SIN DATOS,0,0,Morelia,Centro,junio,sábado,10,-101.190579012036,19.6998082761755
23917,23921,2019,,2019/06/29,12:40:00,COLISIÓN POR ALCANCE,CONCRETO,Bueno,Bueno,2,NISSAN,BLANCA,2,,0,MASCULINO,SIN DATOS,0,0,Morelia,Chapultepec Norte,junio,sábado,13,-101.168339811265,19.6949626139821
23918,23922,2019,,2019/06/29,13:22:00,COLISIÓN POR ALCANCE,ASFALTO,Bueno,Bueno,2,CHEVROLET,BLANCO,3,MINISTERIO PÚBLICO,65,MASCULINO,SIN DATOS,1,0,Zacapu,Centro,junio,sábado,13,-101.790467,19.816037
23919,23923,2019,MOR190508993,2019/06/29,14:40:00,COLISIÓN POR ALCANCE,ASFALTO,Bueno,Bueno,2,VOLKSWAGEN,GRIS,1,,34,MASCULINO,SIN DATOS,0,0,Morelia,Villas de La Esperanza,junio,sábado,15,-101.276130750775,19.6925452520498
23920,23924,2019,,2019/06/29,14:50:00,COLISIÓN POR CORTE DE CIRCULACIÓN,CONCRETO,Bueno,Bueno,2,MERCURY VILLAGER,ARENA,2,,64,MASCULINO,SIN DATOS,0,0,Morelia,Isaac Arriaga,junio,sábado,15,-101.171426028013,19.7077170816721
23921,23925,2019,LEG25117,2019/06/29,14:50:00,COLISIÓN CON PEATÓN,ASFALTO,Bueno,Bueno,2,VW,GRIS,3,MINISTERIO PÚBLICO,20,FEMENINO,SIN DATOS,1,0,Morelia,Sin datos,junio,sábado,15,-101.284100264311,19.6903756559945
23922,23926,2019,MOR190509433,2019/06/29,16:30:00,COLISIÓN CONTRA OBJETO FIJO,ASFALTO,Bueno,Bueno,1,OLDMOBILLE,VERDE,1,,42,MASCULINO,SIN DATOS,0,0,Morelia,Elias Perez Avalos,junio,sábado,17,-101.171443294734,19.7147070341703
23923,23927,2019,MOR190509483,2019/06/29,17:00:00,COLISIÓN POR CORTE DE CIRCULACIÓN,CONCRETO,Bueno,Regular,2,VW,NEGRO,3,MINISTERIO PÚBLICO,44,MASCULINO,SIN DATOS,1,0,Morelia,Jardines de Guadalupe,junio,sábado,17,-101.222481206059,19.7130512643138