fid,id_accidente,anio_origen,folio_c5i,dia_incidente,hora_ocurrencia,tipo_incidente_vial,superficie_ocurrencia,condiciones_climaticas,condiciones_via,numero_vehiculos_involucrados,marca_vehiculo_ocasiona_siniestro,color_vehiculo_ocasiona_siniestro,numero_personas_involucradas,lugar_remite_presunto_responsable,edad_presunto_responsable,sexo_presunto_responsable,resultados_toxicologia,numero_personas_lesionadas,numero_personas_fallecidas,municipio,colonia,mes,dia_semana,hora_redondeada,lon,lat
23924,23928,2019,MOR190506691,2019/06/29,17:10:00,COLISIÓN POR INVASIÓN DE CARRIL,CONCRETO,Bueno,Bueno,2,VOLKSWAGEN,AZUL,2,,20,MASCULINO,SIN DATOS,0,0,Morelia,Prados del Campestre,junio,sábado,17,-101.165783666074,19.6840901958415
23925,23929,2019,MOR190519314,2019/06/29,17:10:00,COLISIÓN POR ALCANCE,ASFALTO,Bueno,Bueno,2,CHRYSLER,BLANCO,2,,54,MASCULINO,SIN DATOS,0,0,Morelia,Morelia 450,junio,sábado,17,-101.214811764657,19.6743968263013
23926,23930,2019,,2019/06/29,20:00:00,SALIDA DE SUPERFICIE DE RODAMIENTO,ASFALTO,Bueno,Bueno,1,ITALIKA,ROJO Y NEGRO,2,MINISTERIO PÚBLICO,48,,SIN DATOS,1,0,Coeneo,Sin datos,junio,sábado,20,-101.631330661476,19.8497348587953
23927,23931,2019,,2019/06/29,21:30:00,VOLCADURA,ASFALTO,Bueno,Bueno,1,VOLKSWAGEN,ROJO,1,,,,SIN DATOS,0,0,Zitácuaro,Sin datos,junio,sábado,22,-100.264127254486,19.4561931312979
23928,23932,2019,,2019/06/29,21:50:00,COLISIÓN POR MANIOBRA DE REVERSA,ASFALTO,Bueno,Bueno,2,FORD,AZUL,2,,0,MASCULINO,SIN DATOS,0,0,Morelia,Tlalpujahua,junio,sábado,22,-101.217649206519,19.680123893349
23929,23933,2019,,2019/06/29,21:50:00,COLISIÓN POR CORTE DE CIRCULACIÓN,ASFALTO,Bueno,Bueno,2,TOYOTA,GRIA CON BLANCO,2,,34,MASCULINO,SIN DATOS,0,0,Morelia,Tres Puentes,junio,sábado,22,-101.213741898537,19.7026728012927
23930,23934,2019,MOR190507528,2019/06/29,22:10:00,COLISIÓN POR ALCANCE,ASFALTO,Bueno,Bueno,2,GMC TRAX,BLANCO,2,,40,FEMENINO,SIN DATOS,0,0,Morelia,Ana Maria Gallaga (Riviera Norte),junio,sábado,22,-101.22357018292,19.6767898377061
23931,23935,2019,MOR 190506668,2019/06/29,22:59:00,COLISIÓN CONTRA OBJETO FIJO,ASFALTO,Bueno,Bueno,1,RENAULT,BLANCO,3,MINISTERIO PÚBLICO,0,,SIN DATOS,1,1,Morelia,Sin datos,junio,sábado,23,-101.174147464335,19.7464679187729
23932,23936,2019,MOR 190510836,2019/06/30,"00:00:00",SALIDA DE SUPERFICIE DE RODAMIENTO,ASFALTO,Bueno,Bueno,1,NISSAN,GRIS,1,,22,MASCULINO,SIN DATOS,0,0,Morelia,La Huerta,junio,domingo,0,-101.231217831373,19.6628568322501
23933,23937,2019,MOR190511674,2019/06/30,"00:00:00",COLISIÓN POR CORTE DE CIRCULACIÓN,CONCRETO,Bueno,Bueno,2,CHEVROLET,NEGRO,2,,,MASCULINO,SIN DATOS,0,0,Morelia,Granjas Unidas de Morelia,junio,domingo,0,-101.275146380067,19.6927403343225
23934,23938,2019,MOR 190512829,2019/06/30,"00:00:00",SUBIDA AL CAMELLÓN,ASFALTO,Bueno,Bueno,1,MAZDA,ROJO,1,,25,MASCULINO,SIN DATOS,0,0,Morelia,Libertad,junio,domingo,0,-101.237635686994,19.6866219612602
23935,23939,2019,MOR190510449,2019/06/30,"00:10:00",COLISIÓN POR CORTE DE CIRCULACIÓN,CONCRETO,Bueno,Bueno,1,DODGE,MORADO,1,,38,MASCULINO,SIN DATOS,0,0,Tarímbaro,Sin datos,junio,domingo,0,-101.144366562366,19.7682003753963
23936,23940,2019,MOR190510736,2019/06/30,"01:10:00",SUBIDA AL CAMELLÓN,ASFALTO,Bueno,Bueno,2,CHEVROLET,NEGRO,2,,28,MASCULINO,ALIENTO ETÍLICO,0,0,Morelia,Quinceo,junio,domingo,1,-101.224196143448,19.7252680814349
23937,23941,2019,,2019/06/30,"03:56:00",COLISIÓN POR ALCANCE,ASFALTO,Bueno,Bueno,2,CHEVROLET,GRIS,3,MINISTERIO PÚBLICO,30,MASCULINO,SIN DATOS,1,0,Zacapu,Centro,junio,domingo,4,-101.790467,19.816037
23938,23942,2019,MOR190510898,2019/06/30,"04:25:00",SUBIDA AL CAMELLÓN,CONCRETO,Bueno,Bueno,1,VOLKSWAGEN,BLANCO,1,,23,MASCULINO,ALIENTO ETÍLICO,0,0,Morelia,Clara Cordova Moran,junio,domingo,4,-101.182895824313,19.7324002282113
23939,23943,2019,MOR 190510876,2019/06/30,"04:40:00",COLISIÓN POR ALCANCE,ASFALTO,Bueno,Bueno,2,SEAT,NEGRO,1,MINISTERIO PÚBLICO,45,MASCULINO,SIN DATOS,0,0,Morelia,Matamoros,junio,domingo,5,-101.163164824247,19.7000380713771
23940,23944,2019,,2019/06/30,"04:55:00",COLISIÓN CONTRA OBJETO FIJO,ASFALTO,Bueno,Bueno,1,FORD,ARENA,1,,23,MASCULINO,SIN DATOS,0,0,Morelia,Quinceo,junio,domingo,5,-101.221564561129,19.7277004131167
23941,23945,2019,MOR190510976,2019/06/30,"07:40:00",COLISIÓN CONTRA OBJETO FIJO,SIN_DATOS,Bueno,Bueno,2,VOLKSWAGEN SEAT,BLANCO,2,,26,MASCULINO,SIN DATOS,0,0,Morelia,Independencia,junio,domingo,8,-101.176381073892,19.7103393754663
23942,23946,2019,MOR 190508287,2019/06/30,10:00:00,COLISIÓN POR CORTE DE CIRCULACIÓN,ASFALTO,Bueno,Regular,2,NISSAN,BLANCO,2,,47,MASCULINO,SIN DATOS,0,0,Morelia,Industrial,junio,domingo,10,-101.193980723619,19.7107740004117
23943,23947,2019,,2019/06/30,12:40:00,COLISIÓN POR INVASIÓN DE CARRIL,ASFALTO,Bueno,Regular,2,NISSAN,GRIS,2,,22,MASCULINO,SIN DATOS,0,0,Lagunillas,El Pedregal,junio,domingo,13,-101.415569074452,19.5591778664325
23944,23948,2019,,2019/06/30,14:15:00,COLISIÓN POR CAMBIO DE CARRIL,ASFALTO,Bueno,Regular,2,PONTIAC,NEGRO,2,MINISTERIO PÚBLICO,32,FEMENINO,SIN DATOS,0,0,Morelia,Arcos del Valle,junio,domingo,14,-101.236244626343,19.7076271249957
23945,23949,2019,,2019/06/30,15:40:00,COLISIÓN POR ALCANCE,ASFALTO,Bueno,Bueno,3,CHEVROLET,ROJO,3,,34,MASCULINO,SIN DATOS,0,0,Morelia,Los Manantiales de Morelia,junio,domingo,16,-101.241671070456,19.6958865555501
23946,23950,2019,MOR 190511969,2019/06/30,16:10:00,COLISIÓN POR ALCANCE,ASFALTO,Bueno,Bueno,2,FORD,GRIS,1,,,MASCULINO,SIN DATOS,0,0,Morelia,Eva Samano,junio,domingo,16,-101.202376037836,19.7307452728333
23947,23951,2019,MOR 190509475,2019/06/30,17:10:00,VOLCADURA,CONCRETO,Bueno,Bueno,2,FORD,CAFE,2,,30,MASCULINO,SIN DATOS,0,0,Morelia,Centro,junio,domingo,17,-101.187440492213,19.7049290324641
23948,23952,2019,,2019/06/30,20:50:00,COLISIÓN POR CORTE DE CIRCULACIÓN,CONCRETO,Bueno,Bueno,1,CHEVROLET,PLATA,1,,,MASCULINO,ALIENTO ETÍLICO,0,0,Morelia,Industrial,junio,domingo,21,-101.201677657664,19.7139792045458
23949,23953,2019,,2019/06/30,22:40:00,COLISIÓN POR CORTE DE CIRCULACIÓN,ASFALTO,Bueno,Bueno,2,VW,GRIS,2,,29,MASCULINO,SIN DATOS,0,0,Morelia,Lomas del Tecnologico,junio,domingo,23,-101.188388317823,19.7211800270635
23950,23954,2019,MOR 190510384,2019/06/30,22:40:00,COLISIÓN POR CAMBIO DE CARRIL,CONCRETO,Bueno,Regular,2,VOLKSWAGEN,BLANCO,2,,25,MASCULINO,SIN DATOS,0,0,Morelia,Centro,junio,domingo,23,-101.193531453609,19.7047863618215
23951,23955,2019,MOR 190510477,2019/06/30,23:40:00,COLISIÓN POR CORTE DE CIRCULACIÓN,CONCRETO,Bueno,Regular,2,VOLKSWAGEN,ROJO,2,MINISTERIO PÚBLICO,47,MASCULINO,SIN DATOS,0,0,Morelia,Centro,junio,domingo,0,-101.195159625,19.7014915399992
23952,23956,2019,,2019/06/30,23:45:00,COLISIÓN POR CORTE DE CIRCULACIÓN,TERRACERIA,Nublado,Bueno,2,CHEVROLET CENTURY,BLANCO,2,,0,MASCULINO,ALIENTO ETÍLICO,0,0,Morelia,Adolfo Lopez Mateos,junio,domingo,0,-101.225666329265,19.6942328005416
23953,23957,2019,MOR 190513809,2019/07/01,"00:00:00",CAIDA DE MOTOCICLETA,ASFALTO,Bueno,Bueno,1,ITALIKA,NEGRO,1,,65,MASCULINO,SIN DATOS,0,0,Morelia,Los Angeles,julio,lunes,0,-101.172693695,19.7488773499992
23954,23958,2019,MOR 190513289,2019/07/01,"00:20:00",SUBIDA AL CAMELLÓN,ASFALTO,Bueno,Regular,1,NISSAN,GRIS,1,,59,MASCULINO,ALIENTO ETÍLICO,0,0,Morelia,Fidel Velazquez,julio,lunes,0,-101.236954070628,19.7070883307904
23955,23959,2019,,2019/07/01,"00:25:00",VOLCADURA,ASFALTO,Bueno,Bueno,1,NISSAN,GRIS,1,,,,SIN DATOS,0,0,Zitácuaro,Sin datos,julio,lunes,0,-100.370982438326,19.4897712652579
23956,23960,2019,,2019/07/01,"02:47:00",SALIDA DE SUPERFICIE DE RODAMIENTO,ASFALTO,Lluvioso,Bueno,1,JEEP,NEGRO,1,,48,MASCULINO,SIN DATOS,0,0,Los Reyes,San Juan de Dios,julio,lunes,3,-102.478493973613,19.6055467903018
23957,23961,2019,,2019/07/01,"02:50:00",COLISIÓN CONTRA OBJETO FIJO,ASFALTO,Lluvioso,Regular,1,CHEVROLET,NEGRO,1,,,MASCULINO,ALIENTO ETÍLICO,0,0,Morelia,El Lago 1,julio,lunes,3,-101.219324581325,19.7276003685447
23959,23963,2019,MOR 190513664,2019/07/01,"09:00:00",COLISIÓN POR CORTE DE CIRCULACIÓN,ASFALTO,Nublado,Bueno,2,VOLKSWAGEN,BLANCO,2,,,MASCULINO,SIN DATOS,0,0,Tarímbaro,Sin datos,julio,lunes,9,-101.158266805995,19.766484
23960,23964,2019,MOR1905513673,2019/07/01,"09:30:00",COLISIÓN POR ALCANCE,ASFALTO,Bueno,Bueno,2,SEAT,BLANCO,2,,36,FEMENINO,SIN DATOS,0,0,Morelia,Ferrocarrilero,julio,lunes,10,-101.223609235,19.6918737849991
23961,23965,2019,LEG25163,2019/07/01,"09:49:00",COLISIÓN POR CORTE DE CIRCULACIÓN,ASFALTO,Bueno,Bueno,2,NISSAN,BLANCO,2,,34,MASCULINO,SIN DATOS,0,0,Morelia,Camelinas,julio,lunes,10,-101.17262119,19.6818144849991
23962,23966,2019,MOR190514060,2019/07/01,11:35:00,COLISIÓN POR ALCANCE,ASFALTO,Bueno,Bueno,2,CHEVROLET,ROJO,2,,40,MASCULINO,SIN DATOS,0,0,Morelia,Ferrocarrilero,julio,lunes,12,-101.223609235,19.6918737849991
23963,23967,2019,MOR190514001,2019/07/01,12:20:00,COLISIÓN CON PEATÓN,ASFALTO,Bueno,Bueno,1,TOYOTA,BLANCO,2,,43,MASCULINO,SIN DATOS,1,0,Morelia,Union Popular Solidaria,julio,lunes,12,-101.220220133013,19.7056458409566
23964,23968,2019,MOR190514135,2019/07/01,12:50:00,COLISIÓN POR CORTE DE CIRCULACIÓN,ASFALTO,Bueno,Bueno,2,HONDA,BLANCO,2,,25,MASCULINO,SIN DATOS,0,0,Morelia,Centro,julio,lunes,13,-101.18754847,19.7028479949991
23965,23969,2019,MOR190387645,2019/07/01,15:00:00,COLISIÓN POR CORTE DE CIRCULACIÓN,CONCRETO,Bueno,Bueno,2,FORD,BLANCO,2,,40,MASCULINO,SIN DATOS,0,0,Morelia,Lomas de San Juan,julio,lunes,15,-101.183039681886,19.7298664251429
23966,23970,2019,MOR190511783,2019/07/01,15:05:00,COLISIÓN CONTRA OBJETO FIJO,ASFALTO,Bueno,Bueno,1,INTERNATIONAL,BLANCO,1,MINISTERIO PÚBLICO,51,MASCULINO,SIN DATOS,0,0,Morelia,Villas Insurgentes,julio,lunes,15,-101.258042603731,19.6912462758397
23967,23971,2019,MOR 190514712,2019/07/01,15:20:00,COLISIÓN POR CORTE DE CIRCULACIÓN,ASFALTO,Bueno,Bueno,2,DODGE,GRIS,2,,24,MASCULINO,SIN DATOS,0,0,Morelia,Jardin de La Montaña,julio,lunes,15,-101.316,19.6906
23968,23972,2019,,2019/07/01,15:50:00,COLISIÓN POR CAMBIO DE CARRIL,SIN_DATOS,Bueno,Bueno,2,CHEVROLET,VERDE,2,,,MASCULINO,SIN DATOS,0,0,Morelia,Centro,julio,lunes,16,-101.194753669183,19.6962580231882
23970,23974,2019,MOR 190514895,2019/07/01,17:00:00,COLISIÓN POR INVASIÓN DE CARRIL,ASFALTO,Bueno,Bueno,2,MAZDA,ROJO,2,,67,MASCULINO,SIN DATOS,0,0,Morelia,Lomas de San Juan,julio,lunes,17,-101.183039681886,19.7298664251429
23971,23975,2019,MOR190515265,2019/07/01,18:20:00,COLISIÓN POR CAMBIO DE CARRIL,ASFALTO,Bueno,Bueno,2,MERCEDES BENZ,NEGRO,2,,48,MASCULINO,SIN DATOS,0,0,Morelia,Gertrudis Sanchez,julio,lunes,18,-101.205776745,19.7441101549991
23972,23976,2019,MOR 190515459,2019/07/01,19:00:00,COLISIÓN POR CORTE DE CIRCULACIÓN,ASFALTO,Bueno,Bueno,2,HONDA,NEGRO,2,,26,MASCULINO,SIN DATOS,0,0,Morelia,Centro,julio,lunes,19,-101.18754847,19.7028479949991
23973,23977,2019,,2019/07/01,19:00:00,COLISIÓN POR CORTE DE CIRCULACIÓN,ASFALTO,Bueno,Bueno,2,S/D,S/D,1,,,,,1,0,Morelia,Ampliacion La Soledad,julio,lunes,19,-101.183554405,19.7349146049992
23974,23978,2019,,2019/07/01,19:05:00,SALIDA DE SUPERFICIE DE RODAMIENTO,ASFALTO,Lluvioso,Regular,1,NISSAN,PLATA,5,MINISTERIO PÚBLICO,,,,3,2,Morelia,Sin datos,julio,lunes,19,-101.342827565968,19.5551882602984
23975,23979,2019,MOR190515333,2019/07/01,19:30:00,COLISIÓN CON PEATÓN,CONCRETO,Bueno,Bueno,2,SEAT,AMARILLO,2,MINISTERIO PÚBLICO,28,MASCULINO,SIN DATOS,0,0,Morelia,Gertrudis Bocanegra,julio,lunes,20,-101.21080654,19.7043690749991
23976,23980,2019,MOR190515514,2019/07/01,20:30:00,COLISIÓN POR ALCANCE,ASFALTO,Bueno,Bueno,2,NISSAN,BLANCO,2,,38,MASCULINO,SIN DATOS,0,0,Morelia,Centro,julio,lunes,21,-101.18754847,19.7028479949991
23977,23981,2019,MOR190505532,2019/07/01,20:40:00,COLISIÓN POR ALCANCE,ASFALTO,Bueno,Bueno,2,DODGE,BLANCO,2,,,MASCULINO,SIN DATOS,0,0,Morelia,Eduardo Ruiz,julio,lunes,21,-101.22322338,19.7220409149991
23978,23982,2019,,2019/07/01,22:30:00,VOLCADURA,ASFALTO,Bueno,Bueno,1,TOYOTA,GRIS,3,,22,MASCULINO,SIN DATOS,2,0,Zitácuaro,Sin datos,julio,lunes,23,-100.387477017939,19.4008437604256
23979,23983,2019,MOR190513126,2019/07/01,23:00:00,VOLCADURA,ASFALTO,Bueno,Bueno,1,MERCEDES BENZ,PLATA,1,,43,MASCULINO,ALIENTO ETÍLICO,0,0,Morelia,Ciudad Industrial,julio,lunes,23,-101.14554366932,19.7284851395985
23980,23984,2019,,2019/07/02,"00:00:00",COLISIÓN POR CORTE DE CIRCULACIÓN,ASFALTO,Bueno,Bueno,2,NISSAN,BLANCO,2,,30,MASCULINO,SIN DATOS,0,0,Cuitzeo,Sin datos,julio,martes,0,-101.145758,20.05827
23981,23985,2019,MOR 190516009,2019/07/02,"01:35:00",COLISIÓN CONTRA OBJETO FIJO,ASFALTO,Bueno,Bueno,1,VOLKSWAGEN,GRIS,1,MINISTERIO PÚBLICO,,,,1,0,Morelia,Cumbres de Morelia,julio,martes,2,-101.136906615417,19.6898799855315
23983,23987,2019,,2019/07/02,"07:23:00",COLISIÓN POR CORTE DE CIRCULACIÓN,ADOQUIN_EMPEDRADO,Nublado,Bueno,2,YAMAHA,AZUL,2,,27,MASCULINO,SIN DATOS,0,0,Pátzcuaro,Centro,julio,martes,7,-101.615711152554,19.5156587240033
23984,23988,2019,,2019/07/02,"09:55:00",CAIDA DE MOTOCICLETA,ASFALTO,Bueno,Bueno,1,HUSQVARNA,BLANCO,1,,27,MASCULINO,SIN DATOS,0,0,Morelia,Virrey Antonio de Mendoza,julio,martes,10,-101.160937349749,19.707873673805
23985,23989,2019,MOR190516430,2019/07/02,10:15:00,COLISIÓN POR ALCANCE,CONCRETO,Bueno,Bueno,2,NISSAN,ROJO,2,,49,MASCULINO,SIN DATOS,0,0,Morelia,Nueva Esperanza,julio,martes,10,-101.25111614,19.6871719849991
23986,23990,2019,MOR 190516747,2019/07/02,10:45:00,COLISIÓN POR ALCANCE,ASFALTO,Bueno,Bueno,2,DODGE,ROJO,2,,55,MASCULINO,SIN DATOS,0,0,Morelia,Irrigacion,julio,martes,11,-101.22520209,19.7051928999992
23987,23991,2019,,2019/07/02,11:30:00,COLISIÓN POR CORTE DE CIRCULACIÓN,ASFALTO,Bueno,Bueno,2,TOYOTA,AZUL,2,MINISTERIO PÚBLICO,45,MASCULINO,SIN DATOS,0,0,Morelia,Chapultepec Norte,julio,martes,12,-101.173778799073,19.6957366970635
23989,23993,2019,,2019/07/02,13:40:00,COLISIÓN POR ALCANCE,ASFALTO,Nublado,Regular,2,DODGE,ROJO,2,,68,MASCULINO,ALIENTO ETÍLICO,0,0,Morelia,Manantiales de Morelia,julio,martes,14,-101.236682703995,19.6965927119959
23990,23994,2019,MOR190517030,2019/07/02,13:50:00,COLISIÓN POR MANIOBRA DE REVERSA,CONCRETO,Bueno,Bueno,2,FORD,BLANCO,2,,36,MASCULINO,SIN DATOS,0,0,Morelia,Centro,julio,martes,14,-101.196055985,19.7004583099992
23991,23995,2019,MOR 190517334,2019/07/02,14:54:00,COLISIÓN POR ALCANCE,ASFALTO,Bueno,Bueno,2,NISSAN,PLATA,2,,26,FEMENINO,SIN DATOS,0,0,Morelia,Camelinas,julio,martes,15,-101.17262119,19.6818144849991
23992,23996,2019,MOR 190517976,2019/07/02,18:20:00,COLISIÓN POR INVASIÓN DE CARRIL,ASFALTO,Nublado,Bueno,2,FORD,BLANCO,2,,73,MASCULINO,SIN DATOS,0,0,Morelia,Las Cruces,julio,martes,18,-101.267965395205,19.6977083674228
23996,24000,2019,MOR190516215,2019/07/03,"08:19:00",COLISIÓN POR ALCANCE,CONCRETO,Bueno,Bueno,2,HONDA,ROJO,2,,0,FEMENINO,SIN DATOS,0,0,Morelia,Gertrudis Sanchez,julio,miércoles,8,-101.205776745,19.7441101549991
23998,24002,2019,,2019/07/03,"08:30:00",COLISIÓN POR CAMBIO DE CARRIL,ASFALTO,Bueno,Bueno,3,TOYOTA,BLANCO,3,,,MASCULINO,SIN DATOS,0,0,Morelia,Santillan La Huerta,julio,miércoles,9,-101.219553885717,19.6760966650679
24000,24004,2019,,2019/07/03,"09:40:00",SALIDA DE SUPERFICIE DE RODAMIENTO,ASFALTO,Nublado,Bueno,1,MERCURY,BLANCA,1,,20,MASCULINO,SIN DATOS,0,0,Morelia,Diego Rivera,julio,miércoles,10,-101.175290114293,19.7197431909038
24002,24006,2019,MOR190516848,2019/07/03,12:41:00,COLISIÓN POR ALCANCE,CONCRETO,Nublado,Bueno,2,MAZDA,GRIS,2,,,FEMENINO,SIN DATOS,0,0,Morelia,Vasco de Quiroga,julio,miércoles,13,-101.171026988099,19.6976785913658
24004,24008,2019,MOR 190 519689,2019/07/03,13:09:00,COLISIÓN POR MANIOBRA DE REVERSA,CONCRETO,Bueno,Bueno,2,NISSAN,AZUL,2,MINISTERIO PÚBLICO,,,SIN DATOS,0,0,Morelia,Ventura Puente,julio,miércoles,13,-101.18154606,19.6913819699992
24005,24009,2019,,2019/07/03,14:30:00,CAIDA DE MOTOCICLETA,ASFALTO,Bueno,Bueno,1,VENTO,ROJO /NEGRO,2,MINISTERIO PÚBLICO,57,MASCULINO,SIN DATOS,0,1,Zamora,Centro,julio,miércoles,15,-102.280623726547,19.9874357707141
24006,24010,2019,,2019/07/03,16:00:00,COLISIÓN POR CAMBIO DE CARRIL,ASFALTO,Bueno,Bueno,2,TOYOTA,BLANCO Y GRIS,2,,44,MASCULINO,SIN DATOS,0,0,Morelia,Camelinas,julio,miércoles,16,-101.17262119,19.6818144849991
24007,24011,2019,,2019/07/03,16:05:00,COLISIÓN POR ALCANCE,ASFALTO,Bueno,Bueno,2,VOLKSWAGEN,NEGRO,2,,43,MASCULINO,SIN DATOS,0,0,Morelia,Mirador del Punhuato,julio,miércoles,16,-101.157403069452,19.7043089194707
24008,24012,2019,MOR190517551,2019/07/03,16:25:00,COLISIÓN POR CORTE DE CIRCULACIÓN,CONCRETO,Bueno,Bueno,2,NISSAN,BLANCO Y CAFE,2,MINISTERIO PÚBLICO,,MASCULINO,SIN DATOS,0,0,Morelia,Del Empleado,julio,miércoles,16,-101.18002517,19.6886070099991
24009,24013,2019,,2019/07/03,16:40:00,COLISIÓN POR CORTE DE CIRCULACIÓN,CONCRETO,Bueno,Bueno,2,FORD,BLANCO,2,MINISTERIO PÚBLICO,42,MASCULINO,SIN DATOS,0,0,Morelia,Villas Morelianas,julio,miércoles,17,-101.22226644,19.6805358499992
24010,24014,2019,,2019/07/03,16:45:00,COLISIÓN POR CORTE DE CIRCULACIÓN,CONCRETO,Bueno,Bueno,2,VOLKSWAGEN,MARRON Y CAFE,2,MINISTERIO PÚBLICO,,FEMENINO,SIN DATOS,0,0,Morelia,Agustin Arriaga Rivera,julio,miércoles,17,-101.222556760867,19.6902345684813
24011,24015,2019,,2019/07/03,16:50:00,COLISIÓN POR CORTE DE CIRCULACIÓN,ASFALTO,Bueno,Bueno,0,,,0,,,,,0,0,Morelia,Fidel Velazquez,julio,miércoles,17,-101.23761691153,19.7067168237113
24012,24016,2019,,2019/07/03,18:31:00,COLISIÓN POR ALCANCE,ASFALTO,Bueno,Bueno,2,CHEVROLET,NEGRO,2,,61,MASCULINO,SIN DATOS,0,0,Los Reyes,Carlos Galvez Betancourt,julio,miércoles,19,-102.459337301552,19.5745733200473
24013,24017,2019,,2019/07/03,19:20:00,COLISIÓN POR INVASIÓN DE CARRIL,ASFALTO,Bueno,Bueno,2,CHEVROLET,ROJO,0,MINISTERIO PÚBLICO,,,,0,0,Morelia,Nueva Valladolid,julio,miércoles,19,-101.2082862854,19.7016677770529
24014,24018,2019,,2019/07/03,20:05:00,COLISIÓN POR ALCANCE,ASFALTO,Bueno,Bueno,2,TOYOTA,GRIS,2,,,FEMENINO,SIN DATOS,0,0,Morelia,Tlalpujahua,julio,miércoles,20,-101.217055045,19.6776276649991
24016,24020,2019,MOR 190521519,2019/07/03,21:05:00,COLISIÓN POR ALCANCE,ASFALTO,Bueno,Bueno,2,DODGE,BLANCO,2,,37,MASCULINO,SIN DATOS,0,0,Morelia,Irrigacion,julio,miércoles,21,-101.22520209,19.7051928999992
24017,24021,2019,MOR190521407,2019/07/03,21:30:00,COLISIÓN POR INVASIÓN DE CARRIL,ASFALTO,Bueno,Bueno,4,ITALKIKA,ROJO,4,MINISTERIO PÚBLICO,,MASCULINO,SIN DATOS,0,0,Morelia,Ejidal Ocolusen,julio,miércoles,22,-101.1526575,19.6836425
24018,24022,2019,,2019/07/03,23:50:00,COLISIÓN CONTRA OBJETO FIJO,ASFALTO,Bueno,Bueno,1,HYUNDAI,GRIS,1,MINISTERIO PÚBLICO,22,MASCULINO,SIN DATOS,0,0,Zacapu,Zacapu,julio,miércoles,0,-101.768259443343,19.8452100641523
24019,24023,2019,MOR190523626,2019/07/04,"00:00:00",COLISIÓN POR CORTE DE CIRCULACIÓN,ASFALTO,Bueno,Bueno,2,SEAT,ROJO|,2,,20,FEMENINO,SIN DATOS,0,0,Morelia,Centro,julio,jueves,0,-101.18754847,19.7028479949991
24020,24024,2019,,2019/07/04,"00:00:00",COLISIÓN POR INVASIÓN DE CARRIL,ASFALTO,Bueno,Bueno,2,ITALIKA,BLANCO,1,,,,,1,0,Tzitzio,Sin datos,julio,jueves,0,-100.90771,19.41796
24022,24026,2019,,2019/07/04,11:20:00,COLISIÓN POR ALCANCE,CONCRETO,Bueno,Bueno,2,YAMAHA,NEGRO,2,,39,MASCULINO,SIN DATOS,0,0,Morelia,Vasco de Quiroga,julio,jueves,11,-101.168940545,19.7037102349991
24025,24029,2019,,2019/07/04,14:00:00,COLISIÓN CONTRA OBJETO FIJO,ASFALTO,Bueno,Bueno,1,NISSAN,NEGRO,1,,,FEMENINO,SIN DATOS,0,0,Morelia,Bosques Tres Marias,julio,jueves,14,-101.102,19.7232
24026,24030,2019,,2019/07/04,14:31:00,COLISIÓN POR ALCANCE,ASFALTO,Bueno,Bueno,2,FORD,AZUL,2,MINISTERIO PÚBLICO,25,FEMENINO,SIN DATOS,0,0,Zacapu,Ignacio Zaragoza,julio,jueves,15,-101.769173406065,19.8507499870202
24028,24032,2019,,2019/07/04,15:10:00,COLISIÓN POR ALCANCE,ASFALTO,Bueno,Bueno,2,TOYOTA,GRIS,2,,24,MASCULINO,SIN DATOS,0,0,Morelia,Nueva Chapultepec,julio,jueves,15,-101.17081558,19.6897813199992
24029,24033,2019,MOR190522312,2019/07/04,15:50:00,COLISIÓN POR CORTE DE CIRCULACIÓN,CONCRETO,Bueno,Bueno,2,VOLKSWAGEN,BLANCO,2,,,MASCULINO,SIN DATOS,0,0,Morelia,Chapultepec Sur,julio,jueves,16,-101.16573325,19.6894483899991
24031,24035,2019,MOR 190523860,2019/07/04,19:51:00,COLISIÓN POR MANIOBRA DE REVERSA,ASFALTO,Bueno,Bueno,2,FORD,ROJO,2,,23,FEMENINO,SIN DATOS,0,0,Morelia,Santiaguito,julio,jueves,20,-101.193826625,19.7196182149991
24032,24036,2019,MOR190524197,2019/07/04,21:40:00,COLISIÓN POR CORTE DE CIRCULACIÓN,ASFALTO,Lluvioso,Bueno,2,ITALIKA,VERDE,2,,23,MASCULINO,SIN DATOS,0,0,Morelia,Torreon Nuevo,julio,jueves,22,-101.20358663,19.7462449699991
24033,24037,2019,,2019/07/04,22:20:00,VOLCADURA,ASFALTO,Lluvioso,Bueno,1,TOYOTA,AZUL,0,MINISTERIO PÚBLICO,,,,0,0,Morelia,Insurgentes,julio,jueves,22,-101.155416805,19.6953315299991
24035,24039,2019,MOR190521814,2019/07/04,23:40:00,COLISIÓN CON PEATÓN,CONCRETO,Bueno,Bueno,2,TOYOTA,NEGRO,1,,,,SIN DATOS,0,0,Morelia,Fovissste Acueducto,julio,jueves,0,-101.1563397,19.6974513249991
24036,24040,2019,MOR190123456,2019/07/05,"00:56:00",SALIDA DE SUPERFICIE DE RODAMIENTO,ASFALTO,Lluvioso,Regular,1,NISSAN,ROJO,1,,44,MASCULINO,SIN DATOS,0,0,Morelia,Ciudad Industrial,julio,viernes,1,-101.14554366932,19.7284851395985
24038,24042,2019,,2019/07/05,"09:30:00",COLISIÓN POR NO RESPETAR SEMÁFORO,ASFALTO,Bueno,Bueno,2,General motors,Blanco,2,,52,MASCULINO,SIN DATOS,0,0,Morelia,Felix Ireta,julio,viernes,10,-101.195666827261,19.6814930427732
24039,24043,2019,MOR190524956,2019/07/05,11:00:00,COLISIÓN POR CORTE DE CIRCULACIÓN,ASFALTO,Bueno,Bueno,1,RAM,plata,1,,38,MASCULINO,SIN DATOS,0,0,Tarímbaro,Sin datos,julio,viernes,11,-101.157288439572,19.778587199907