fid,id_accidente,anio_origen,folio_c5i,dia_incidente,hora_ocurrencia,tipo_incidente_vial,superficie_ocurrencia,condiciones_climaticas,condiciones_via,numero_vehiculos_involucrados,marca_vehiculo_ocasiona_siniestro,color_vehiculo_ocasiona_siniestro,numero_personas_involucradas,lugar_remite_presunto_responsable,edad_presunto_responsable,sexo_presunto_responsable,resultados_toxicologia,numero_personas_lesionadas,numero_personas_fallecidas,municipio,colonia,mes,dia_semana,hora_redondeada,lon,lat
24040,24044,2019,,2019/07/05,12:00:00,COLISIÓN CON PEATÓN,SIN_DATOS,Bueno,Bueno,2,CHEVROLET 3500,BCO/ROJO,2,,0,MASCULINO,SIN DATOS,0,0,Morelia,El Lago 1,julio,viernes,12,-101.21220767498,19.7266362133868
24041,24045,2019,MOR190752983,2019/07/05,13:05:00,SUBIDA AL CAMELLÓN,ASFALTO,Bueno,Bueno,1,HONDA,NEGRO,1,,49,MASCULINO,SIN DATOS,0,0,Morelia,Molino de Parras,julio,viernes,13,-101.205503493547,19.7022940240541
24042,24046,2019,,2019/07/05,13:30:00,COLISIÓN POR CORTE DE CIRCULACIÓN,ASFALTO,Bueno,Bueno,2,VOLKSWAGEN,NEGRO,2,,26,MASCULINO,SIN DATOS,0,0,Morelia,Vista Bella,julio,viernes,14,-101.197579912841,19.6758623132528
24043,24047,2019,,2019/07/05,14:20:00,COLISIÓN CONTRA OBJETO FIJO,ASFALTO,Bueno,Bueno,2,GMC,BLANCO,2,,32,MASCULINO,SIN DATOS,0,0,Morelia,Centro,julio,viernes,14,-101.187980286777,19.701345183135
24044,24048,2019,,2019/07/05,14:30:00,COLISIÓN POR ALCANCE,ASFALTO,Bueno,Bueno,2,ITALIKA FT50,GRIS,2,,,MASCULINO,SIN DATOS,0,0,Morelia,Tres Puentes,julio,viernes,15,-101.211828477681,19.7090702133643
24045,24049,2019,,2019/07/05,15:30:00,COLISIÓN POR CORTE DE CIRCULACIÓN,ASFALTO,Bueno,Bueno,2,CHEVROLET,GRIS,2,MINISTERIO PÚBLICO,60,FEMENINO,SIN DATOS,0,0,Pátzcuaro,Centro,julio,viernes,16,-101.617949455976,19.5162670509439
24046,24050,2019,,2019/07/05,15:55:00,COLISIÓN POR ALCANCE,ASFALTO,Bueno,Bueno,2,ITALIKA,VERDE/NEGRO,2,,19,MASCULINO,SIN DATOS,0,0,Zamora,Jardines de Catedral,julio,viernes,16,-102.287453636527,19.981762623629
24047,24051,2019,,2019/07/05,17:30:00,COLISIÓN POR CAMBIO DE CARRIL,SIN_DATOS,Bueno,Bueno,2,FORD,VERDE,2,,27,MASCULINO,SIN DATOS,0,0,Peribán,Sin datos,julio,viernes,18,-102.457235455513,19.5702716624866
24048,24052,2019,,2019/07/05,17:45:00,COLISIÓN POR CAMBIO DE CARRIL,ASFALTO,Bueno,Bueno,2,TOYOTA HIACE,BCO/GUINDA,2,,35,MASCULINO,SIN DATOS,0,0,Morelia,Centro,julio,viernes,18,-101.194057166576,19.7072316306566
24049,24053,2019,,2019/07/05,20:40:00,COLISIÓN POR ALCANCE,ASFALTO,Lluvioso,Bueno,2,TOYOTA,BLANCO Y ROSA,2,,29,MASCULINO,SIN DATOS,0,0,Morelia,Centro,julio,viernes,21,-101.195294335485,19.6968837246301
24050,24054,2019,MOR 190 526989,2019/07/05,21:15:00,COLISIÓN POR ALCANCE,ASFALTO,Nublado,Bueno,2,CHEVROLET,AZUL,2,,19,MASCULINO,SIN DATOS,0,0,Morelia,Lomas de Huerta,julio,viernes,21,-101.214299462736,19.6743358955972
24051,24055,2019,,2019/07/05,22:25:00,COLISIÓN POR CAMBIO DE CARRIL,ASFALTO,Lluvioso,Regular,2,SUZUKI,ROJO,2,,53,MASCULINO,SIN DATOS,0,0,Morelia,Felix Ireta,julio,viernes,22,-101.180536150932,19.6869979344821
24052,24056,2019,MOR 190527134,2019/07/05,22:45:00,COLISIÓN CONTRA OBJETO FIJO,ASFALTO,Bueno,Regular,1,INTERNATIONAL,CREMA Y NARANJA,1,,18,MASCULINO,ALIENTO ETÍLICO,0,0,Morelia,Ario 1815,julio,viernes,23,-101.27875328064,19.6983761522152
24053,24057,2019,,2019/07/06,"00:15:00",COLISIÓN CONTRA OBJETO FIJO,ASFALTO,Bueno,Bueno,1,SEAT,AMARILLO,1,,48,MASCULINO,ALIENTO ETÍLICO,0,0,Morelia,Sin datos,julio,sábado,0,-101.354728527367,19.6784538750973
24054,24058,2019,MOR190527268,2019/07/06,"00:20:00",SALIDA DE SUPERFICIE DE RODAMIENTO,ASFALTO,Bueno,Bueno,1,VW,GRIS,1,,0,,SIN DATOS,0,0,Morelia,Vicente Guerrero,julio,sábado,0,-101.228807531297,19.7037182218182
24055,24059,2019,MOR190527376,2019/07/06,"02:50:00",COLISIÓN CONTRA OBJETO FIJO,ASFALTO,Bueno,Bueno,1,DODGE,ARENA,1,,29,,ALIENTO ETÍLICO,0,0,Morelia,El Lago 1,julio,sábado,3,-101.216551847756,19.727165158148
24056,24060,2019,MOR190527411,2019/07/06,"03:50:00",COLISIÓN POR CORTE DE CIRCULACIÓN,CONCRETO,Bueno,Bueno,1,NISSAN,BLANCO,1,,48,FEMENINO,SIN DATOS,0,0,Morelia,Jardines de Torremolinos,julio,sábado,4,-101.225723661482,19.6786145638108
24057,24061,2019,,2019/07/06,"05:00:00",COLISIÓN CONTRA OBJETO FIJO,ADOQUIN_EMPEDRADO,Bueno,Regular,1,VOLKSWAGEN,VERDE,0,,,,,0,0,Morelia,Cosmos,julio,sábado,5,-101.217956319451,19.6843203292895
24058,24062,2019,,2019/07/06,"05:00:00",SALIDA DE SUPERFICIE DE RODAMIENTO,SIN_DATOS,Bueno,Bueno,1,FORD,BLANCO,1,,49,MASCULINO,ALIENTO ETÍLICO,0,0,Morelia,Ampliacion La Soledad,julio,sábado,5,-101.1830406636,19.737350790416
24059,24063,2019,MOR190527428,2019/07/06,"05:10:00",COLISIÓN CONTRA OBJETO FIJO,ASFALTO,Bueno,Bueno,2,CHEVROLET,GRIS,2,,46,FEMENINO,ALIENTO ETÍLICO,0,0,Morelia,Prados Verdes,julio,sábado,5,-101.202688850462,19.7164713602298
24060,24064,2019,MOR 190527595,2019/07/06,"09:20:00",COLISIÓN POR CORTE DE CIRCULACIÓN,ASFALTO,Bueno,Bueno,2,CHEVROLET,BLANCO,2,MINISTERIO PÚBLICO,20,MASCULINO,SIN DATOS,0,0,Morelia,Balcones de Santa Maria,julio,sábado,9,-101.185673251748,19.6753691888079
24061,24065,2019,,2019/07/06,11:40:00,SUBIDA AL CAMELLÓN,CONCRETO,Bueno,Bueno,1,HONDA,BLANCO,1,,,,SIN DATOS,0,0,Zitácuaro,Sin datos,julio,sábado,12,-100.322341918945,19.4358988025174
24062,24066,2019,,2019/07/06,14:40:00,COLISIÓN POR CAMBIO DE CARRIL,ASFALTO,Bueno,Bueno,2,Toyota,Blanco rojo,2,,25,MASCULINO,SIN DATOS,0,0,Morelia,Vasco de Quiroga,julio,sábado,15,-101.17594756186,19.6992047465473
24063,24067,2019,MOR190528472,2019/07/06,14:50:00,COLISIÓN POR ALCANCE,ASFALTO,Bueno,Bueno,2,DODGE,BLANCO,2,,45,MASCULINO,SIN DATOS,0,0,Morelia,Tzindurio de Morelos,julio,sábado,15,-101.24363142997,19.6999430599395
24064,24068,2019,MOR190528696,2019/07/06,16:25:00,COLISIÓN POR CAMBIO DE CARRIL,ASFALTO,Bueno,Bueno,2,HONDA,NEGRO,2,,56,MASCULINO,SIN DATOS,1,0,Morelia,Jardines de Torremolinos,julio,sábado,16,-101.225757524371,19.6767121758919
24065,24069,2019,,2019/07/06,17:00:00,COLISIÓN POR CORTE DE CIRCULACIÓN,CONCRETO,Bueno,Bueno,1,Italika,Negro,2,,0,MASCULINO,SIN DATOS,1,0,Morelia,Ampliacion La Soledad,julio,sábado,17,-101.183808110654,19.7339970987252
24066,24070,2019,,2019/07/06,17:15:00,COLISIÓN POR CORTE DE CIRCULACIÓN,ASFALTO,Bueno,Bueno,2,FORD,Gris,2,,,MASCULINO,SIN DATOS,0,0,Morelia,Isaac Arriaga,julio,sábado,17,-101.166250370443,19.7101594650125
24067,24071,2019,,2019/07/06,18:05:00,COLISIÓN POR CAMBIO DE CARRIL,ASFALTO,Nublado,Regular,2,VOLKSWAGEN,ROJO,2,MINISTERIO PÚBLICO,27,MASCULINO,SIN DATOS,0,0,Morelia,Ana Maria Gallaga (Riviera Norte),julio,sábado,18,-101.220028347617,19.6771114931382
24068,24072,2019,,2019/07/06,19:35:00,COLISIÓN CONTRA OBJETO FIJO,ASFALTO,Lluvioso,Bueno,1,TOYOTA,NEGRO,0,,,,,0,0,Los Reyes,Los Manantiales,julio,sábado,20,-102.452887259424,19.5788982386906
24069,24073,2019,,2019/07/06,22:00:00,COLISIÓN POR ALCANCE,ASFALTO,Bueno,Bueno,2,NISSAN SENTRA,GRIS,2,,35,FEMENINO,SIN DATOS,0,0,Morelia,Loma Real,julio,sábado,22,-101.198505274951,19.7290827260261
24070,24074,2019,,2019/07/06,22:25:00,SALIDA DE SUPERFICIE DE RODAMIENTO,ASFALTO,Bueno,Bueno,1,MAZDA,ROJO,1,,20,MASCULINO,SIN DATOS,0,0,Zitácuaro,Sin datos,julio,sábado,22,-100.202846489847,19.4468202185701
24071,24075,2019,MOR190527138,2019/07/06,23:20:00,COLISIÓN POR CAMBIO DE CARRIL,CONCRETO,Bueno,Bueno,2,NISSAN,GRIS,2,,26,MASCULINO,SIN DATOS,0,0,Morelia,La Loma,julio,sábado,23,-101.187593713403,19.6792727860334
24072,24076,2019,MOR190529834,2019/07/07,"00:29:00",COLISIÓN POR CAMBIO DE CARRIL,ASFALTO,Lluvioso,Regular,2,JEEP,NARANJA,2,,50,MASCULINO,SIN DATOS,0,0,Morelia,La Esperanza,julio,domingo,0,-101.254317015409,19.6977416827978
24073,24077,2019,PAT190143948,2019/07/07,"02:30:00",COLISIÓN POR CORTE DE CIRCULACIÓN,ASFALTO,Bueno,Bueno,2,DODGE,GRIS,6,MINISTERIO PÚBLICO,56,MASCULINO,ALIENTO ETÍLICO,4,0,Zacapu,Villa Guzman,julio,domingo,3,-101.78203124553,19.8068466234265
24074,24078,2019,,2019/07/07,"03:10:00",COLISIÓN POR ALCANCE,ASFALTO,Lluvioso,Bueno,2,Chrysler,PLATA,2,,30,MASCULINO,ALIENTO ETÍLICO,0,0,Morelia,Tinijaro,julio,domingo,3,-101.261878497899,19.6965286081486
24075,24079,2019,MOR190530039,2019/07/07,"04:25:00",COLISIÓN CONTRA OBJETO FIJO,ASFALTO,Nublado,Bueno,1,MITSUBISHI,BLANCO,1,,20,MASCULINO,SIN DATOS,0,0,Morelia,Montaña Monarca,julio,domingo,4,-101.165707055479,19.6730595025151
24076,24080,2019,,2019/07/07,"04:40:00",COLISIÓN CONTRA OBJETO FIJO,ASFALTO,Lluvioso,Regular,1,NISSAN,GRIS,1,,28,MASCULINO,ALIENTO ETÍLICO,0,0,Morelia,Barrio Alto,julio,domingo,5,-101.196972057223,19.7247523857517
24077,24081,2019,"190530078",2019/07/07,"05:10:00",COLISIÓN CONTRA OBJETO FIJO,ASFALTO,Bueno,Bueno,2,DODGE,PLATA,1,,56,MASCULINO,SIN DATOS,0,0,Morelia,Felix Arreguin,julio,domingo,5,-101.224330924451,19.7201486076506
24078,24082,2019,MOR190530097,2019/07/07,"05:18:00",COLISIÓN CONTRA OBJETO FIJO,ASFALTO,Lluvioso,Regular,1,FORD,ROJO,1,,22,MASCULINO,SIN DATOS,0,0,Morelia,Lomas de Huerta,julio,domingo,5,-101.210146062076,19.6723235908272
24079,24083,2019,MOR 190530095,2019/07/07,"05:22:00",COLISIÓN POR ALCANCE,ASFALTO,Nublado,Regular,2,CHEVROLET,BLANCO,2,,38,MASCULINO,SIN DATOS,0,0,Morelia,Los Manantiales de Morelia,julio,domingo,5,-101.240674294531,19.6937526749195
24080,24084,2019,"190530231",2019/07/07,"08:10:00",SALIDA DE SUPERFICIE DE RODAMIENTO,ASFALTO,Bueno,Bueno,1,NISSAN,ROJO,1,,40,MASCULINO,SIN DATOS,0,0,Charo,San Juan,julio,domingo,8,-101.054996028543,19.7465780494656
24082,24086,2019,MOR 190530371,2019/07/07,10:30:00,COLISIÓN POR INVASIÓN DE CARRIL,CONCRETO,Bueno,Bueno,2,HONDA,GRIS,1,,,,,1,0,Morelia,Hermosa Provincia,julio,domingo,11,-101.245986575,19.7087690499991
24084,24088,2019,,2019/07/07,15:20:00,COLISIÓN POR MANIOBRA DE REVERSA,CONCRETO,Bueno,Bueno,2,HONDA,BLANCO,2,,46,FEMENINO,SIN DATOS,0,0,Morelia,San Jose del Cerrito,julio,domingo,15,-101.222373722911,19.6615895379848
24085,24089,2019,MOR190528967,2019/07/07,18:22:00,COLISIÓN POR MANIOBRA DE REVERSA,ASFALTO,Bueno,Bueno,2,CHEVROLET,AZUL,2,,28,FEMENINO,SIN DATOS,0,0,Morelia,La Colina,julio,domingo,18,-101.215925216675,19.7046187552182
24086,24090,2019,MOR190531762,2019/07/07,19:20:00,SALIDA DE SUPERFICIE DE RODAMIENTO,ASFALTO,Bueno,Bueno,1,CHEVROLET,GRIS,1,,23,MASCULINO,SIN DATOS,0,0,Morelia,Sin datos,julio,domingo,19,-101.347496292429,19.5497852349665
24089,24093,2019,MOR 190529559,2019/07/07,22:36:00,COLISIÓN POR ALCANCE,ASFALTO,Lluvioso,Bueno,2,SEAT,BLANCO,2,,0,,SIN DATOS,0,0,Morelia,Jardines de Torremolinos,julio,domingo,23,-101.225681751966,19.6768441378141
24090,24094,2019,LEG25272,2019/07/07,22:50:00,COLISIÓN CONTRA OBJETO FIJO,ASFALTO,Lluvioso,Bueno,1,NISSAN,PLATA,1,,39,MASCULINO,CON CERTIFICADO,0,0,Morelia,Molino de Parras,julio,domingo,23,-101.206585094333,19.7016898725029
24092,24096,2019,MOR 190533089,2019/07/08,10:00:00,COLISIÓN POR ALCANCE,ASFALTO,Bueno,Bueno,3,NISSAN,GRIS,3,,35,MASCULINO,SIN DATOS,0,0,Morelia,Alberto Oviedo Mota,julio,lunes,10,-101.198146116833,19.6816049122462
24093,24097,2019,,2019/07/08,11:39:00,COLISIÓN POR CAMBIO DE CARRIL,ASFALTO,Bueno,Bueno,2,FORD,NEGRO,2,MINISTERIO PÚBLICO,36,FEMENINO,SIN DATOS,0,0,Morelia,5 de Mayo,julio,lunes,12,-101.176833595,19.7041851299991
24094,24098,2019,,2019/07/08,11:50:00,COLISIÓN POR CORTE DE CIRCULACIÓN,ASFALTO,Bueno,Bueno,2,NISSAN,BLANCO,2,,45,MASCULINO,SIN DATOS,0,0,Morelia,Felix Ireta,julio,lunes,12,-101.189356363636,19.6828651153009
24095,24099,2019,MOR190533238,2019/07/08,12:00:00,COLISIÓN CONTRA OBJETO FIJO,ASFALTO,Bueno,Bueno,2,FORD,BLANCO Y ROJO,2,,27,MASCULINO,ALIENTO ETÍLICO,0,0,Morelia,Sin datos,julio,lunes,12,-101.242502715,19.7322897349992
24096,24100,2019,MOR190533469,2019/07/08,13:00:00,COLISIÓN POR CORTE DE CIRCULACIÓN,CONCRETO,Bueno,Bueno,2,ITALIKA,NEGRO,2,,28,MASCULINO,SIN DATOS,0,0,Morelia,Adolfo Lopez Mateos,julio,lunes,13,-101.226056765,19.6946028749991
24097,24101,2019,,2019/07/08,14:40:00,VOLCADURA,ASFALTO,Bueno,Bueno,1,JEEP,ROJO,0,MINISTERIO PÚBLICO,,,,0,0,Múgica,Benito Juarez,julio,lunes,15,-102.084979712963,19.0392931697273
24098,24102,2019,,2019/07/08,14:40:00,COLISIÓN POR MANIOBRA DE REVERSA,ASFALTO,Bueno,Bueno,2,FORD,ROJO Y AZUL,2,,44,MASCULINO,SIN DATOS,0,0,Morelia,Villas Lomas del Paraiso,julio,lunes,15,-101.183243326701,19.6753951296653
24099,24103,2019,,2019/07/08,16:20:00,COLISIÓN POR ALCANCE,ASFALTO,Bueno,Bueno,2,CHEVROLET,BLANCO,2,,22,MASCULINO,SIN DATOS,0,0,Morelia,Centro,julio,lunes,16,-101.18754847,19.7028479949991
24101,24105,2019,,2019/07/08,19:18:00,CAIDA DE MOTOCICLETA,ASFALTO,Nublado,Regular,1,ITALIKA,ROJO CON NEGRO,2,,32,MASCULINO,SIN DATOS,1,0,Tuxpan,Tuxpan,julio,lunes,19,-100.44963285327,19.567054742409
24102,24106,2019,,2019/07/08,19:50:00,COLISIÓN POR CORTE DE CIRCULACIÓN,ASFALTO,Bueno,Bueno,2,VOLKSWAGEN,GRIS,2,,,MASCULINO,SIN DATOS,0,0,Morelia,Lomas del Tecnologico,julio,lunes,20,-101.190983165,19.7203156949991
24103,24107,2019,,2019/07/09,"05:20:00",COLISIÓN POR CAMBIO DE CARRIL,CONCRETO,Bueno,Bueno,2,PHANTHOM,NEGRO,2,,58,MASCULINO,SIN DATOS,0,0,Morelia,Benito Juarez,julio,martes,5,-101.250692026236,19.6858653522379
24104,24108,2019,,2019/07/09,12:40:00,COLISIÓN POR CORTE DE CIRCULACIÓN,ASFALTO,Bueno,Bueno,5,FORD,ROJO,5,,38,FEMENINO,SIN DATOS,0,0,Morelia,Sentimientos de La Nacion,julio,martes,13,-101.23238114692,19.6786225833358
24105,24109,2019,,2019/07/09,14:20:00,COLISIÓN POR ALCANCE,ASFALTO,Bueno,Bueno,2,FORD,BLANCO,2,,35,MASCULINO,SIN DATOS,0,0,Morelia,Chapultepec Oriente,julio,martes,14,-101.160950606856,19.6901665093695
24107,24111,2019,MOR 190536550,2019/07/09,14:50:00,COLISIÓN POR ALCANCE,CONCRETO,Bueno,Bueno,2,VOLKSWAGEN,BLANCO,2,,46,MASCULINO,SIN DATOS,0,0,Morelia,Ferrocarrilero,julio,martes,15,-101.223609235,19.6918737849991
24108,24112,2019,,2019/07/09,15:20:00,COLISIÓN POR CAMBIO DE CARRIL,ASFALTO,Bueno,Bueno,2,NISSAN,BLANCO,2,,38,MASCULINO,SIN DATOS,0,0,Morelia,Buenavista,julio,martes,15,-101.164379245,19.7054418449992
24109,24113,2019,,2019/07/09,16:20:00,COLISIÓN CONTRA OBJETO FIJO,ASFALTO,Lluvioso,Bueno,1,NISSAN,BLANCO,1,,42,MASCULINO,SIN DATOS,0,0,Los Reyes,Los Manantiales,julio,martes,16,-102.452886924148,19.5788985545814
24110,24114,2019,MOR190533982,2019/07/09,16:23:00,COLISIÓN POR CORTE DE CIRCULACIÓN,ASFALTO,Bueno,Bueno,2,S/D,S/D,0,,,,,0,0,Morelia,Lomas de Santiaguito,julio,martes,16,-101.179130512196,19.7211547451152
24111,24115,2019,,2019/07/09,16:55:00,COLISIÓN POR CORTE DE CIRCULACIÓN,ASFALTO,Bueno,Bueno,2,NISSAN,BLANCO Y AMARILLO,2,,51,MASCULINO,SIN DATOS,0,0,Morelia,Centro,julio,martes,17,-101.1939565,19.7056311549991
24112,24116,2019,,2019/07/09,16:56:00,SALIDA DE SUPERFICIE DE RODAMIENTO,ASFALTO,Bueno,Bueno,1,TOYOTA,GRIS,1,,,MASCULINO,SIN DATOS,0,0,Tuxpan,Sin datos,julio,martes,17,-100.476282946765,19.6213954161195
24113,24117,2019,MOR190537155,2019/07/09,17:40:00,COLISIÓN POR CAMBIO DE CARRIL,ASFALTO,Bueno,Bueno,2,NISSAN,BLANCO Y MORADO,2,,18,MASCULINO,SIN DATOS,0,0,Morelia,Centro,julio,martes,18,-101.18754847,19.7028479949991
24114,24118,2019,,2019/07/09,18:05:00,COLISIÓN POR CORTE DE CIRCULACIÓN,CONCRETO,Bueno,Bueno,2,S/D,ROJO,3,,6,MASCULINO,SIN DATOS,1,0,Cuitzeo,Genovebo Figueroa,julio,martes,18,-101.147349138191,19.9730851986101
24115,24119,2019,,2019/07/09,18:10:00,COLISIÓN POR CAMBIO DE CARRIL,ASFALTO,Bueno,Bueno,2,SUZUKI,GRIS,2,,,FEMENINO,SIN DATOS,0,0,Morelia,Camelinas,julio,martes,18,-101.17262119,19.6818144849991
24116,24120,2019,,2019/07/09,18:30:00,COLISIÓN CON PEATÓN,SIN_DATOS,Bueno,Bueno,2,FORD,AZUL,2,,45,MASCULINO,SIN DATOS,0,0,Morelia,Irrigacion,julio,martes,19,-101.22520209,19.7051928999992
24117,24121,2019,MOR190534555,2019/07/09,19:12:00,COLISIÓN POR CORTE DE CIRCULACIÓN,ASFALTO,Bueno,Bueno,2,TOYOTA,GRIS,2,,27,MASCULINO,SIN DATOS,0,0,Morelia,Reforma,julio,martes,19,-101.240003975,19.7075803849992
24118,24122,2019,,2019/07/09,19:20:00,SALIDA DE SUPERFICIE DE RODAMIENTO,ASFALTO,Bueno,Bueno,1,VOLKSWAGEN,BLANCO,1,,,,,0,1,Cotija,Sin datos,julio,martes,19,-102.621335014701,19.8298630237668
24119,24123,2019,,2019/07/09,20:25:00,COLISIÓN POR NO RESPETAR SEMÁFORO,ASFALTO,Bueno,Bueno,2,TOYOTA,BLANCO,2,MINISTERIO PÚBLICO,,MASCULINO,SIN DATOS,0,0,Morelia,Santillan La Huerta,julio,martes,20,-101.219553885717,19.6760966650679
24121,24125,2019,,2019/07/09,21:40:00,COLISIÓN CON PEATÓN,SIN_DATOS,Bueno,Bueno,1,FORD,GRIS,1,,42,MASCULINO,SIN DATOS,0,0,Morelia,Buenavista,julio,martes,22,-101.167648381005,19.7070362533738
24123,24127,2019,LEG25351,2019/07/10,"00:00:00",COLISIÓN CONTRA OBJETO FIJO,SIN_DATOS,Bueno,Bueno,1,MERCEDES-BENZ,BLANCO,1,,57,MASCULINO,ALIENTO ETÍLICO,0,0,Morelia,Ocolusen Iii,julio,miércoles,0,-101.152391731739,19.6846849433346
24124,24128,2019,MOR 190538021,2019/07/10,"00:00:00",COLISIÓN CON PEATÓN,CONCRETO,Bueno,Regular,2,VOLKSWAGEN,GRIS,2,,50,MASCULINO,ALIENTO ETÍLICO,0,0,Morelia,Las Flores,julio,miércoles,0,-101.204355279893,19.7044827008671
24125,24129,2019,,2019/07/10,"09:10:00",COLISIÓN POR INVASIÓN DE CARRIL,ASFALTO,Bueno,Bueno,2,Nissan,Cafe,2,,,MASCULINO,SIN DATOS,0,0,Morelia,Villas Lomas del Paraiso,julio,miércoles,9,-101.182472035289,19.6753644532906
24126,24130,2019,MOR190538379,2019/07/10,"09:45:00",COLISIÓN CON PEATÓN,ASFALTO,Bueno,Bueno,1,CHEVROLET,ROJO,3,,28,MASCULINO,SIN DATOS,2,0,Morelia,Tres Puentes,julio,miércoles,10,-101.211827471852,19.7090702133643
24127,24131,2019,MOR 190538474,2019/07/10,10:42:00,COLISIÓN POR CORTE DE CIRCULACIÓN,CONCRETO,Bueno,Bueno,2,CHEVROLET,NEGRO,2,,30,FEMENINO,SIN DATOS,0,0,Morelia,Nueva Chapultepec,julio,miércoles,11,-101.164419092238,19.6884137451169
24128,24132,2019,MOR190538510,2019/07/10,10:50:00,CAIDA ACUATICA DE VEHÍCULO,ASFALTO,Bueno,Bueno,1,CHEVROLET,GUINDA,1,,67,MASCULINO,SIN DATOS,0,0,Morelia,Jacarandas,julio,miércoles,11,-101.21210038662,19.7078329205459
24129,24133,2019,,2019/07/10,13:33:00,COLISIÓN POR ALCANCE,ASFALTO,Bueno,Bueno,2,DODGE,BLANCO,2,,27,,SIN DATOS,0,0,Morelia,Ciudad Industrial,julio,miércoles,14,-101.137935295701,19.7286055453871
24130,24134,2019,MOR190539081,2019/07/10,14:00:00,COLISIÓN POR ALCANCE,ASFALTO,Bueno,Bueno,2,INTERNATIONAL,BLANCO,2,,53,MASCULINO,SIN DATOS,0,0,Morelia,Francisco J Mujica,julio,miércoles,14,-101.1855475232,19.7240264954953
24131,24135,2019,MOR 190639156,2019/07/10,14:50:00,COLISIÓN CON PEATÓN,CONCRETO,Bueno,Bueno,1,GENERAL MOTORS,AZUL,2,,49,MASCULINO,SIN DATOS,1,0,Morelia,Los Manantiales de Morelia,julio,miércoles,15,-101.237375177443,19.6971460368317
24132,24136,2019,,2019/07/10,17:20:00,COLISIÓN POR ALCANCE,ASFALTO,Bueno,Bueno,2,Honda,Blanco,2,,0,FEMENINO,SIN DATOS,0,0,Morelia,Prados del Campestre,julio,miércoles,17,-101.166018694639,19.6840968252048
24133,24137,2019,MOR190987651,2019/07/10,17:22:00,COLISIÓN POR CAMBIO DE CARRIL,CONCRETO,Bueno,Bueno,2,GMC,GRIS,2,,30,MASCULINO,SIN DATOS,0,0,Morelia,Centro,julio,miércoles,17,-101.196039989591,19.7030203286203
24134,24138,2019,,2019/07/10,17:49:00,SALIDA DE SUPERFICIE DE RODAMIENTO,ASFALTO,Lluvioso,Regular,1,NISSAN,BLANCO,1,,40,MASCULINO,SIN DATOS,0,0,Tuxpan,Tuxpan,julio,miércoles,18,-100.462441,19.566022
24135,24139,2019,,2019/07/10,18:00:00,COLISIÓN POR INVASIÓN DE CARRIL,ASFALTO,Bueno,Bueno,2,GENERAL MOTORS,NEGRO,2,,50,MASCULINO,SIN DATOS,0,0,Morelia,Montaña Monarca,julio,miércoles,18,-101.160406172276,19.673208831244
24136,24140,2019,,2019/07/10,18:00:00,COLISIÓN POR MANIOBRA DE REVERSA,ASFALTO,Bueno,Bueno,2,Toyota,Gris,2,,43,,SIN DATOS,0,0,Morelia,Felix Ireta,julio,miércoles,18,-101.181454472244,19.6814147518604
24137,24141,2019,MOR190539953,2019/07/10,19:00:00,COLISIÓN POR CAMBIO DE CARRIL,ASFALTO,Nublado,Bueno,2,NISSAN,GUINDA,2,,45,FEMENINO,SIN DATOS,0,0,Morelia,Fidel Velazquez,julio,miércoles,19,-101.23548053205,19.7055934593336
24138,24142,2019,,2019/07/10,19:00:00,COLISIÓN POR CORTE DE CIRCULACIÓN,CONCRETO,Nublado,Regular,2,NISSAN,BLANCO,2,,,MASCULINO,SIN DATOS,0,0,Morelia,Villa Universidad,julio,miércoles,19,-101.199902370572,19.6861613849685
24139,24143,2019,,2019/07/10,19:30:00,COLISIÓN POR CORTE DE CIRCULACIÓN,ASFALTO,Lluvioso,Regular,1,NISSAN,BLANCO,1,,24,FEMENINO,SIN DATOS,0,0,Morelia,Virrey Antonio de Mendoza,julio,miércoles,20,-101.162357144058,19.7065353309842
24140,24144,2019,MOR 190540235,2019/07/10,21:25:00,CAIDA DE MOTOCICLETA,ASFALTO,Lluvioso,Bueno,1,KAWASAKI,NEGRO/ROJO,1,,27,MASCULINO,SIN DATOS,0,0,Morelia,Felix Ireta,julio,miércoles,21,-101.195665821433,19.6814930427732
24141,24145,2019,,2019/07/10,22:30:00,COLISIÓN POR INVASIÓN DE CARRIL,ASFALTO,Bueno,Regular,2,CHEVROLET,ROJO,2,,,MASCULINO,ALIENTO ETÍLICO,0,0,Morelia,Melchor Ocampo,julio,miércoles,23,-101.201937888211,19.7065671597378
24142,24146,2019,MOR190540539,2019/07/10,23:39:00,COLISIÓN POR ALCANCE,ASFALTO,Bueno,Bueno,2,TOYOTA,BLANCO,2,,34,MASCULINO,SIN DATOS,0,0,Morelia,Ana Maria Gallaga (Riviera Norte),julio,miércoles,0,-101.222759485245,19.6768482418913
24143,24147,2019,,2019/07/11,"00:00:00",CAIDA DE MOTOCICLETA,ASFALTO,Bueno,Bueno,0,,,0,MINISTERIO PÚBLICO,,,,0,0,Lázaro Cárdenas,600 Casas,julio,jueves,0,-102.216344922781,17.9655994623536
24144,24148,2019,,2019/07/11,"01:30:00",COLISIÓN CONTRA OBJETO FIJO,ASFALTO,Bueno,Bueno,0,,,0,,,,,0,0,Pátzcuaro,Centro,julio,jueves,2,-101.610234417021,19.529836728687