fid,id_accidente,anio_origen,folio_c5i,dia_incidente,hora_ocurrencia,tipo_incidente_vial,superficie_ocurrencia,condiciones_climaticas,condiciones_via,numero_vehiculos_involucrados,marca_vehiculo_ocasiona_siniestro,color_vehiculo_ocasiona_siniestro,numero_personas_involucradas,lugar_remite_presunto_responsable,edad_presunto_responsable,sexo_presunto_responsable,resultados_toxicologia,numero_personas_lesionadas,numero_personas_fallecidas,municipio,colonia,mes,dia_semana,hora_redondeada,lon,lat
24145,24149,2019,"190540610",2019/07/11,"02:00:00",COLISIÓN CONTRA OBJETO FIJO,ASFALTO,Bueno,Bueno,1,MAZDA,AZUL,1,,18,MASCULINO,ALIENTO ETÍLICO,0,0,Morelia,Santa Maria de Guido,julio,jueves,2,-101.190572977066,19.6715327424535
24146,24150,2019,,2019/07/11,"08:07:00",COLISIÓN POR CORTE DE CIRCULACIÓN,ASFALTO,Bueno,Bueno,2,NISSAN,ROJO,2,,77,MASCULINO,SIN DATOS,0,0,Morelia,Ciudad Industrial,julio,jueves,8,-101.143152192235,19.7251112268041
24147,24151,2019,,2019/07/11,"09:45:00",COLISIÓN POR ALCANCE,ASFALTO,Bueno,Bueno,2,FORD,BLANCO,2,,33,MASCULINO,SIN DATOS,0,0,Morelia,Tlalpujahua,julio,jueves,10,-101.217992864549,19.6761480216637
24148,24152,2019,,2019/07/11,"09:45:00",COLISIÓN POR CORTE DE CIRCULACIÓN,CONCRETO,Bueno,Bueno,2,Mazda,Gris,2,,42,,SIN DATOS,0,0,Morelia,Ventura Puente,julio,jueves,10,-101.18156477809,19.6916796899728
24149,24153,2019,,2019/07/11,10:00:00,COLISIÓN POR ALCANCE,ASFALTO,Bueno,Bueno,2,CHEVROLET,NEGRO,2,,,MASCULINO,SIN DATOS,0,0,Morelia,Francisco J Mujica,julio,jueves,10,-101.18553981185,19.7240347012297
24150,24154,2019,MOR 190540890,2019/07/11,10:00:00,COLISIÓN POR ALCANCE,ASFALTO,Bueno,Bueno,2,NISSAN,BLANCA Y NARANJA,2,,37,MASCULINO,SIN DATOS,0,0,Morelia,Lomas del Tecnologico,julio,jueves,10,-101.188600212336,19.7199743892714
24151,24155,2019,,2019/07/11,11:35:00,COLISIÓN POR CORTE DE CIRCULACIÓN,ASFALTO,Bueno,Bueno,1,NISSAN,BLANCO,1,,0,MASCULINO,SIN DATOS,0,0,Morelia,Tierra Y Libertad,julio,jueves,12,-101.229050606489,19.7177057456514
24152,24156,2019,,2019/07/11,14:40:00,COLISIÓN POR ALCANCE,ASFALTO,Bueno,Bueno,2,KENWORTH,AMARILLO,2,,,MASCULINO,SIN DATOS,0,0,Morelia,Indeco El Vivero,julio,jueves,15,-101.229799948633,19.6769593676334
24153,24157,2019,,2019/07/11,15:12:00,COLISIÓN POR CAMBIO DE CARRIL,ASFALTO,Bueno,Bueno,2,FORD,BLANCO,2,,28,MASCULINO,SIN DATOS,0,0,Morelia,Granjas Unidas de Morelia,julio,jueves,15,-101.279523409903,19.6912967830096
24154,24158,2019,,2019/07/11,16:00:00,COLISIÓN CONTRA OBJETO FIJO,ASFALTO,Bueno,Bueno,1,CHRYSLER,GRIS,0,MINISTERIO PÚBLICO,,,,0,0,Lázaro Cárdenas,Las Torres,julio,jueves,16,-102.213690876961,17.9628228473376
24155,24159,2019,,2019/07/11,16:30:00,COLISIÓN POR CAMBIO DE CARRIL,ASFALTO,Bueno,Bueno,2,YAMAHA,ROJO,2,MINISTERIO PÚBLICO,30,,SIN DATOS,0,0,Zamora,La Lima,julio,jueves,17,-102.266253121197,19.9702389367467
24156,24160,2019,,2019/07/11,17:06:00,COLISIÓN POR ALCANCE,ASFALTO,Lluvioso,Regular,2,VOLKSWAGEN,BLANCO,2,,32,MASCULINO,SIN DATOS,0,0,Morelia,Ignacio Zaragoza,julio,jueves,17,-101.204616688192,19.7253390920321
24157,24161,2019,MOR 190542263,2019/07/11,17:35:00,COLISIÓN POR CAMBIO DE CARRIL,ASFALTO,Bueno,Bueno,2,CHEVROLET,BLANCO,2,,63,MASCULINO,SIN DATOS,0,0,Morelia,Elias Perez Avalos,julio,jueves,18,-101.171407335062,19.7146605209846
24158,24162,2019,,2019/07/11,21:30:00,COLISIÓN POR MANIOBRA DE REVERSA,SIN_DATOS,Bueno,Bueno,2,CHEVROLET,ARENA,1,,58,MASCULINO,SIN DATOS,0,0,Morelia,Hacienda de Tinijaro (Villas de Tinijaro),julio,jueves,22,-101.257671453059,19.6844841689501
24159,24163,2019,MOR190542950,2019/07/11,22:00:00,COLISIÓN POR ALCANCE,ASFALTO,Bueno,Bueno,2,CHRYSLER,ROJO,2,MINISTERIO PÚBLICO,26,FEMENINO,SIN DATOS,0,0,Morelia,La Camelina,julio,jueves,22,-101.223178915679,19.6689881100309
24160,24164,2019,MOR190543460,2019/07/12,"07:20:00",COLISIÓN POR ALCANCE,ASFALTO,Bueno,Bueno,2,DODGE,BLANCO,2,,28,MASCULINO,SIN DATOS,0,0,Tarímbaro,Sin datos,julio,viernes,7,-101.157138571143,19.772610307305
24161,24165,2019,,2019/07/12,10:03:00,COLISIÓN CONTRA OBJETO FIJO,ASFALTO,Bueno,Bueno,1,NISSAN,ROJO,1,,,MASCULINO,SIN DATOS,0,0,Morelia,Francisco J Mujica,julio,viernes,10,-101.188239455223,19.7221101293764
24162,24166,2019,,2019/07/12,11:40:00,COLISIÓN POR CORTE DE CIRCULACIÓN,ASFALTO,Bueno,Bueno,2,Toyota,Blanco y cafe,2,,20,MASCULINO,SIN DATOS,0,0,Morelia,Infonavit  Las  Camelinas,julio,viernes,12,-101.175972037017,19.6841031388837
24163,24167,2019,,2019/07/12,12:13:00,COLISIÓN POR ALCANCE,ASFALTO,Bueno,Bueno,1,TVS,Azul/negro,2,,0,,SIN DATOS,1,0,Morelia,Felix Arreguin,julio,viernes,12,-101.228059530258,19.7193078128502
24164,24168,2019,,2019/07/12,12:20:00,COLISIÓN POR ALCANCE,ASFALTO,Bueno,Bueno,2,VOLKSWAGEN,GRIS,2,,38,FEMENINO,SIN DATOS,0,0,Morelia,Centro,julio,viernes,12,-101.191536560655,19.703880463401
24165,24169,2019,,2019/07/12,15:00:00,COLISIÓN POR CORTE DE CIRCULACIÓN,ASFALTO,Bueno,Regular,2,SE DESCONOCE,SE DESCONOCE,1,,55,MASCULINO,SIN DATOS,0,0,Morelia,Sentimientos de La Nacion,julio,viernes,15,-101.233259662986,19.6782240489165
24166,24170,2019,,2019/07/12,16:28:00,COLISIÓN POR INVASIÓN DE CARRIL,ASFALTO,Bueno,Bueno,2,FORD,GRIS,2,,26,MASCULINO,SIN DATOS,0,0,Huandacareo,Sin datos,julio,viernes,16,-101.226401254535,19.9625288045234
24167,24171,2019,,2019/07/12,16:30:00,COLISIÓN POR ALCANCE,ASFALTO,Bueno,Regular,2,NISSAN,BLANCO,2,,47,MASCULINO,SIN DATOS,0,0,Morelia,Sentimientos de La Nacion,julio,viernes,17,-101.23554289341,19.6818327238713
24168,24172,2019,,2019/07/12,19:46:00,COLISIÓN POR ALCANCE,ASFALTO,Nublado,Bueno,2,HAWK,VERDE/NEGRO,3,MINISTERIO PÚBLICO,19,MASCULINO,SIN DATOS,1,0,Zacapu,Centro,julio,viernes,20,-101.792766451836,19.8111690566494
24169,24173,2019,MOR190544293,2019/07/13,"01:20:00",COLISIÓN POR CORTE DE CIRCULACIÓN,ASFALTO,Bueno,Bueno,2,DODGE,GRIS,2,,0,MASCULINO,SIN DATOS,0,0,Morelia,Comision Federal de Electricidad,julio,sábado,1,-101.176130957901,19.6868280995004
24170,24174,2019,"190453167",2019/07/13,"01:30:00",COLISIÓN POR CORTE DE CIRCULACIÓN,ASFALTO,Bueno,Bueno,2,SE DESCONOCE,X,1,,53,MASCULINO,SIN DATOS,0,0,Morelia,Morelia 450,julio,sábado,2,-101.214814782143,19.6744059816901
24171,24175,2019,MOR190546063,2019/07/13,"02:57:00",COLISIÓN POR CORTE DE CIRCULACIÓN,ASFALTO,Bueno,Bueno,2,VOLKSWAGEN,GRIS,2,,23,FEMENINO,SIN DATOS,0,0,Morelia,Centro,julio,sábado,3,-101.2002081424,19.7020812771119
24172,24176,2019,MOR190546097,2019/07/13,"04:20:00",COLISIÓN POR MANIOBRA DE REVERSA,ASFALTO,Bueno,Bueno,2,RENAULT,GUINDA,2,MINISTERIO PÚBLICO,35,MASCULINO,ALIENTO ETÍLICO,0,0,Morelia,Fidel Velazquez,julio,sábado,4,-101.235277354717,19.7047844679626
24173,24177,2019,,2019/07/13,"05:20:00",VOLCADURA,ASFALTO,Bueno,Bueno,1,VOLKSWAGEN,Gris,1,MINISTERIO PÚBLICO,,,SIN DATOS,0,0,Morelia,Club Campestre,julio,sábado,5,-101.157586500049,19.6804717853192
24174,24178,2019,,2019/07/13,"08:00:00",COLISIÓN POR CORTE DE CIRCULACIÓN,CONCRETO,Bueno,Bueno,4,honda,Gris,4,MINISTERIO PÚBLICO,30,FEMENINO,SIN DATOS,0,0,Morelia,Ejidal Ocolusen,julio,sábado,8,-101.156530715525,19.6820808547759
24175,24179,2019,MOR 190546262,2019/07/13,"09:05:00",COLISIÓN CONTRA OBJETO FIJO,CONCRETO,Bueno,Bueno,1,CHEVROLET,BLANCO,1,,28,MASCULINO,ALIENTO ETÍLICO,0,0,Morelia,Bonanza,julio,sábado,9,-101.202010922134,19.6578300830204
24176,24180,2019,MOR 190546284,2019/07/13,"09:30:00",COLISIÓN POR CORTE DE CIRCULACIÓN,ASFALTO,Bueno,Bueno,2,RAMBLER,NARANjA,2,,30,MASCULINO,SIN DATOS,0,0,Morelia,Ventura Puente,julio,sábado,10,-101.191865131259,19.694918736884
24177,24181,2019,,2019/07/13,10:20:00,SUBIDA AL CAMELLÓN,ASFALTO,Bueno,Bueno,1,CHEVROLET,GRIS,1,,34,MASCULINO,SIN DATOS,0,0,Morelia,Jose Ma Pino Suarez,julio,sábado,10,-101.164593435824,19.7273055996311
24178,24182,2019,MOR190546531,2019/07/13,10:35:00,COLISIÓN POR CORTE DE CIRCULACIÓN,ASFALTO,Bueno,Bueno,2,NISSAN,BLANCO CON AMARILLO,2,,61,MASCULINO,SIN DATOS,0,0,Morelia,Felix Ireta,julio,sábado,11,-101.180403716862,19.6877445117727
24179,24183,2019,,2019/07/13,11:03:00,COLISIÓN POR CORTE DE CIRCULACIÓN,CONCRETO,Bueno,Bueno,1,SE DESCONOCEN POR RETIRARSE,SIN DATOS,2,,0,,SIN DATOS,1,0,Morelia,Matamoros,julio,sábado,11,-101.165078580379,19.696210423112
24180,24184,2019,,2019/07/13,12:50:00,COLISIÓN POR ALCANCE,ASFALTO,Bueno,Bueno,2,CHEVROLET,ROJO,2,,36,FEMENINO,SIN DATOS,0,0,Morelia,Jardines de Torremolinos,julio,sábado,13,-101.225694157183,19.6768457163054
24181,24185,2019,,2019/07/13,14:00:00,COLISIÓN CON PEATÓN,SIN_DATOS,Bueno,Bueno,2,FORD,GRIS,2,,18,MASCULINO,SIN DATOS,0,0,Morelia,Ventura Puente,julio,sábado,14,-101.180633381009,19.6894204309498
24182,24186,2019,,2019/07/13,15:48:00,COLISIÓN POR CORTE DE CIRCULACIÓN,SIN_DATOS,Bueno,Bueno,2,VOLKSWAGEN,AZUL,2,,25,MASCULINO,SIN DATOS,0,0,Morelia,Jardines de La Loma,julio,sábado,16,-101.225320994854,19.6767876278176
24183,24187,2019,,2019/07/13,16:00:00,COLISIÓN POR CAMBIO DE CARRIL,ASFALTO,Bueno,Bueno,2,FORD,BLANCO,2,,27,MASCULINO,SIN DATOS,0,0,Morelia,Lomas de Huerta,julio,sábado,16,-101.210146732628,19.67232327512
24184,24188,2019,,2019/07/13,16:11:00,CAIDA DE MOTOCICLETA,ASFALTO,Bueno,Bueno,1,BAJAJ,AZUL/NEGRO,1,,24,MASCULINO,SIN DATOS,0,0,Morelia,Montaña Monarca,julio,sábado,16,-101.160484291613,19.6731775764053
24185,24189,2019,,2019/07/13,17:10:00,COLISIÓN POR CORTE DE CIRCULACIÓN,SIN_DATOS,Bueno,Bueno,2,Chrysler,Gris,2,,46,FEMENINO,SIN DATOS,0,0,Morelia,Ventura Puente,julio,sábado,17,-101.192758977413,19.6924537085066
24186,24190,2019,MOR 190547535,2019/07/13,17:10:00,COLISIÓN POR CAMBIO DE CARRIL,ASFALTO,Bueno,Bueno,2,CHEVROLET,GRIS,2,,39,MASCULINO,SIN DATOS,0,0,Morelia,Leandro Valle,julio,sábado,17,-101.230425238609,19.7162576852835
24187,24191,2019,"190545157",2019/07/13,19:00:00,COLISIÓN POR CORTE DE CIRCULACIÓN,ASFALTO,Bueno,Bueno,2,VOLKSWAGEN,ROJO,2,,31,MASCULINO,SIN DATOS,0,0,Morelia,Americas Britania,julio,sábado,19,-101.150000207126,19.6918173216007
24188,24192,2019,MOR 190 548113,2019/07/13,19:46:00,COLISIÓN POR CORTE DE CIRCULACIÓN,ASFALTO,Lluvioso,Bueno,2,BMW,NEGRO,2,,30,MASCULINO,SIN DATOS,0,0,Morelia,Indeco Santiaguito,julio,sábado,20,-101.178771257401,19.7202161487827
24189,24193,2019,MOR190548286,2019/07/13,21:00:00,COLISIÓN POR ALCANCE,ASFALTO,Bueno,Bueno,2,CHEVROLET,CAFE,2,,19,MASCULINO,SIN DATOS,0,0,Morelia,Jardines del Rincon,julio,sábado,21,-101.153423041105,19.6873385509377
24190,24194,2019,MOR190545400,2019/07/13,21:10:00,COLISIÓN CONTRA OBJETO FIJO,ASFALTO,Bueno,Bueno,2,HONDA,PLATINO,2,,28,MASCULINO,SIN DATOS,0,0,Morelia,Ario 1815,julio,sábado,21,-101.276898533106,19.6990907953526
24191,24195,2019,,2019/07/13,21:45:00,COLISIÓN POR NO RESPETAR SEMÁFORO,CONCRETO,Nublado,Bueno,2,Sin datos,ROJO,2,,29,MASCULINO,SIN DATOS,1,0,Morelia,Juarez,julio,sábado,22,-101.195387542248,19.6955412223597
24192,24196,2019,,2019/07/14,"00:20:00",COLISIÓN CON PEATÓN,ASFALTO,Bueno,Bueno,1,MERCURY,VERDE,1,,32,MASCULINO,ALIENTO ETÍLICO,0,0,Morelia,Justo Mendoza,julio,domingo,0,-101.232595145702,19.7124373689217
24193,24197,2019,,2019/07/14,"01:30:00",COLISIÓN CONTRA OBJETO FIJO,ASFALTO,Bueno,Bueno,1,NISSAN,AZUL,1,,35,MASCULINO,SIN DATOS,0,0,Los Reyes,Carlos Galvez Betancourt,julio,domingo,2,-102.458787448704,19.5738448547202
24194,24198,2019,,2019/07/14,"03:48:00",COLISIÓN CONTRA OBJETO FIJO,ASFALTO,Nublado,Regular,1,NISSAN,BLANCO,1,,44,MASCULINO,ALIENTO ETÍLICO,0,0,Morelia,Francisco J Mujica,julio,domingo,4,-101.18824146688,19.7214890097352
24195,24199,2019,,2019/07/14,"06:30:00",VOLCADURA,ASFALTO,Bueno,Bueno,1,NISSAN,GUINDA,0,,,,,0,0,Los Reyes,Sin datos,julio,domingo,7,-102.44860779494,19.5800076432701
24196,24200,2019,MOR190549130,2019/07/14,"08:50:00",COLISIÓN CONTRA OBJETO FIJO,ASFALTO,Bueno,Bueno,3,NISSAN,BLANCO Y ROJO,3,MINISTERIO PÚBLICO,41,MASCULINO,SIN DATOS,0,0,Morelia,Solidaridad,julio,domingo,9,-101.208963543177,19.7263086202283
24197,24201,2019,LEG25406,2019/07/14,11:26:00,VOLCADURA,CONCRETO,Bueno,Regular,2,CHEVROLET,ROJO,1,,30,FEMENINO,ALIENTO ETÍLICO,0,0,Morelia,Guadalupe,julio,domingo,11,-101.220619082451,19.7100379464336
24198,24202,2019,MOR190390478,2019/07/14,12:40:00,VOLCADURA,ASFALTO,Bueno,Bueno,1,NISSAN,BLANCO,1,,25,MASCULINO,SIN DATOS,0,0,Charo,San Bartolo,julio,domingo,13,-101.043279804289,19.7489885988
24199,24203,2019,,2019/07/14,15:00:00,COLISIÓN POR CORTE DE CIRCULACIÓN,ASFALTO,Bueno,Bueno,2,TOYOTA,BLANCO Y CAFE,2,,,MASCULINO,SIN DATOS,0,0,Morelia,Nueva Chapultepec,julio,domingo,15,-101.173128224909,19.6863545809423
24200,24204,2019,,2019/07/14,16:20:00,COLISIÓN POR MANIOBRA DE REVERSA,ASFALTO,Lluvioso,Bueno,2,VOLKSWAGEN,BLANCO,2,,,MASCULINO,SIN DATOS,0,0,Morelia,Comision Federal de Electricidad,julio,domingo,16,-101.18130594492,19.6814235911589
24201,24205,2019,MOR 190675176,2019/07/14,16:43:00,COLISIÓN POR MANIOBRA DE REVERSA,CONCRETO,Nublado,Bueno,2,NISSAN,AZUL,2,,,MASCULINO,SIN DATOS,0,0,Morelia,Las Americas,julio,domingo,17,-101.152736730874,19.688978487494
24202,24206,2019,MOR190547333,2019/07/14,17:10:00,COLISIÓN CONTRA OBJETO FIJO,ASFALTO,Bueno,Bueno,1,CHEVROLET,BLANCO,0,,,,,0,0,Morelia,Cumbres de Morelia,julio,domingo,17,-101.140433102846,19.6911856672148
24203,24207,2019,,2019/07/14,18:00:00,COLISIÓN POR CORTE DE CIRCULACIÓN,CONCRETO,Bueno,Bueno,2,HONDA,BLANCO Y ROJO,2,,18,MASCULINO,SIN DATOS,0,0,Morelia,Villas Oriente,julio,domingo,18,-101.142049469054,19.753544529111
24204,24208,2019,MOR 190550866,2019/07/14,21:13:00,COLISIÓN CONTRA OBJETO FIJO,ASFALTO,Bueno,Bueno,6,NISSAN,NEGRO,0,,,,,0,0,Morelia,El Porvenir,julio,domingo,21,-101.202151738107,19.7096980095549
24205,24209,2019,,2019/07/14,22:30:00,VOLCADURA,ASFALTO,Bueno,Bueno,1,NISSAN,BLANCO,3,,,,,3,0,Tuzantla,Sin datos,julio,domingo,23,-100.586691722274,19.2850356693097
24206,24210,2019,MOR 190548542,2019/07/14,23:20:00,COLISIÓN CON PEATÓN,ADOQUIN_EMPEDRADO,Nublado,Malo,1,SIN DATOS,SIN DATOS,1,,,,,1,0,Morelia,Puerto de Buenavista,julio,domingo,23,-101.13104134798,19.6856244125817
24207,24211,2019,,2019/07/14,23:25:00,COLISIÓN POR ALCANCE,ASFALTO,Nublado,Regular,2,TOYOTA,BLANCO,2,,51,MASCULINO,SIN DATOS,0,0,Morelia,Campestre Los Manantiales,julio,domingo,23,-101.240329295397,19.692688249273
24208,24212,2019,MOR190550888,2019/07/15,"00:00:00",CAIDA DE MOTOCICLETA,ASFALTO,Lluvioso,Bueno,1,ITALIKA,ROJO CON BLANCO,1,,23,MASCULINO,SIN DATOS,0,0,Morelia,Alberto Oviedo Mota,julio,lunes,0,-101.202130615711,19.6771216363343
24209,24213,2019,,2019/07/15,"06:10:00",COLISIÓN POR INVASIÓN DE CARRIL,ASFALTO,Bueno,Bueno,1,NISSAN,GRIS,2,MINISTERIO PÚBLICO,35,MASCULINO,SIN DATOS,0,1,Zitácuaro,Sin datos,julio,lunes,6,-100.419385246933,19.4842845971253
24210,24214,2019,MOR190551538,2019/07/15,"08:05:00",COLISIÓN POR CORTE DE CIRCULACIÓN,ASFALTO,Bueno,Bueno,2,NISSAN,BLANCO,2,,29,MASCULINO,SIN DATOS,0,0,Morelia,Lomas de Hidalgo,julio,lunes,8,-101.15894202143,19.6955203887064
24211,24215,2019,,2019/07/15,10:30:00,COLISIÓN POR CORTE DE CIRCULACIÓN,CONCRETO,Nublado,Regular,2,YAMAHA,ROJO,2,,16,MASCULINO,SIN DATOS,0,0,Pátzcuaro,Centro,julio,lunes,11,-101.615275293589,19.5169265695655
24212,24216,2019,,2019/07/15,13:15:00,COLISIÓN POR CAMBIO DE CARRIL,ASFALTO,Bueno,Bueno,2,MERCEDES BENZ,BLANCO Y NARANJA,2,,26,MASCULINO,SIN DATOS,0,0,Morelia,Nueva Valladolid,julio,lunes,13,-101.20880831033,19.6992745061029
24213,24217,2019,MOR 190552323,2019/07/15,13:56:00,COLISIÓN POR INVASIÓN DE CARRIL,ASFALTO,Bueno,Bueno,3,CHEVROLET,BLANCO,3,,,MASCULINO,SIN DATOS,0,0,Morelia,Lomas de Guayangareo,julio,lunes,14,-101.160872876644,19.7049795353159
24214,24218,2019,,2019/07/15,14:00:00,COLISIÓN POR ALCANCE,ASFALTO,Bueno,Bueno,3,CHEVROLET,blanco,3,,16,MASCULINO,SIN DATOS,0,0,Morelia,Campestre Los Manantiales,julio,lunes,14,-101.238368600607,19.6883032586726
24215,24219,2019,MOR190552463,2019/07/15,14:05:00,COLISIÓN CONTRA OBJETO FIJO,TERRACERIA,Bueno,Bueno,2,NISSAN,BLANCO,2,,23,MASCULINO,SIN DATOS,0,0,Morelia,Plan de La Garita,julio,lunes,14,-101.182990372181,19.7139526920425
24216,24220,2019,,2019/07/15,17:00:00,COLISIÓN POR CORTE DE CIRCULACIÓN,CONCRETO,Bueno,Bueno,2,MAZDA,BLANCO,2,,25,FEMENINO,SIN DATOS,0,0,Morelia,Centro,julio,lunes,17,-101.20166759938,19.7028328344065
24217,24221,2019,"190550605",2019/07/15,19:50:00,VOLCADURA,ASFALTO,Bueno,Bueno,1,NISSAN,AZUL,1,,32,,SIN DATOS,0,0,Morelia,Colinas del Sol,julio,lunes,20,-101.136306524277,19.7292203254695
24218,24222,2019,,2019/07/15,20:30:00,COLISIÓN CON PEATÓN,SIN_DATOS,Bueno,Bueno,2,TOYOTA,BEIGE,2,,,MASCULINO,SIN DATOS,0,0,Morelia,Ferrocarrilero,julio,lunes,21,-101.215069927275,19.6996731766448
24219,24223,2019,MOR1905511215,2019/07/15,22:48:00,COLISIÓN POR CORTE DE CIRCULACIÓN,ASFALTO,Lluvioso,Regular,2,KURAZAI,ROJA,2,,17,MASCULINO,SIN DATOS,0,0,Tarímbaro,Sin datos,julio,lunes,23,-101.153720766306,19.7694895760946
24220,24224,2019,MOR 190554229,2019/07/16,"04:30:00",COLISIÓN CONTRA OBJETO FIJO,ASFALTO,Bueno,Regular,1,VOLKSWAGEN,BLANCO,0,,,,,0,0,Morelia,Dr Miguel Silva,julio,martes,5,-101.178206987679,19.7195713507353
24221,24225,2019,MOR 190554444,2019/07/16,"09:05:00",COLISIÓN POR CORTE DE CIRCULACIÓN,CONCRETO,Bueno,Bueno,3,NISSAN,ROJO,3,,63,FEMENINO,SIN DATOS,0,0,Morelia,Nueva Chapultepec,julio,martes,9,-101.165767237544,19.6889664918689
24222,24226,2019,MOR190554450,2019/07/16,"09:40:00",COLISIÓN CONTRA OBJETO FIJO,ASFALTO,Bueno,Bueno,2,NISSAN,BLANCO,2,,0,,SIN DATOS,0,0,Morelia,Lomas del Valle,julio,martes,10,-101.231114901602,19.6903813380829
24223,24227,2019,MOR190554529,2019/07/16,10:26:00,COLISIÓN POR CORTE DE CIRCULACIÓN,CONCRETO,Bueno,Bueno,2,NISSAN,GRIS,2,,23,MASCULINO,SIN DATOS,0,0,Morelia,Prados del Campestre,julio,martes,10,-101.166782798274,19.6826522665011
24224,24228,2019,,2019/07/16,10:27:00,COLISIÓN POR CAMBIO DE CARRIL,ADOQUIN_EMPEDRADO,Bueno,Bueno,2,CHEVROLET,ROJO,2,,52,MASCULINO,SIN DATOS,0,0,Cuitzeo,El Embarcadero,julio,martes,10,-101.140232272446,19.9652987854656
24225,24229,2019,,2019/07/16,11:10:00,COLISIÓN POR CAMBIO DE CARRIL,ASFALTO,Bueno,Bueno,2,NISSAN,BLANCO,2,,42,MASCULINO,SIN DATOS,0,0,Morelia,Morelos,julio,martes,11,-101.212016902864,19.6922952433529
24226,24230,2019,MOR190554790,2019/07/16,11:44:00,COLISIÓN POR ALCANCE,ASFALTO,Bueno,Bueno,2,NISSAN,BLANCO,2,,43,MASCULINO,SIN DATOS,0,0,Morelia,Morelia 450,julio,martes,12,-101.216587722301,19.6754452727682
24227,24231,2019,MOR190554862,2019/07/16,12:45:00,COLISIÓN POR CORTE DE CIRCULACIÓN,ASFALTO,Bueno,Bueno,2,YAMAHA,BLANCO,1,,39,MASCULINO,SIN DATOS,0,0,Morelia,Prados de La Huerta,julio,martes,13,-101.223509497941,19.6683759399497
24228,24232,2019,,2019/07/16,13:45:00,COLISIÓN POR NO RESPETAR SEMÁFORO,ASFALTO,Bueno,Bueno,2,MERCEDES BENZ,BLANCO,2,,25,MASCULINO,SIN DATOS,0,0,Morelia,Centro,julio,martes,14,-101.194393783808,19.6966946449305
24229,24233,2019,,2019/07/16,14:00:00,COLISIÓN POR CORTE DE CIRCULACIÓN,ASFALTO,Bueno,Bueno,2,VOLKSWAGEN,NEGRO,2,,,MASCULINO,SIN DATOS,0,0,Morelia,Vasco de Quiroga,julio,martes,14,-101.168210059404,19.6966949605896
24230,24234,2019,,2019/07/16,14:20:00,COLISIÓN CONTRA OBJETO FIJO,ASFALTO,Bueno,Bueno,1,VOLKSWAGEN,GRIS,0,,,,,0,0,Morelia,Praderas del Indio,julio,martes,14,-101.226396560669,19.6467101179136
24231,24235,2019,,2019/07/16,20:00:00,COLISIÓN POR ALCANCE,ASFALTO,Bueno,Bueno,3,MAZDA,GRIS,3,,35,FEMENINO,SIN DATOS,0,0,Morelia,Las Americas,julio,martes,20,-101.152201630175,19.6885324390406
24232,24236,2019,MOR190556355,2019/07/16,20:05:00,COLISIÓN CONTRA OBJETO FIJO,ASFALTO,Bueno,Regular,2,NISSAN,BLANCO,2,,79,MASCULINO,SIN DATOS,0,0,Morelia,Jardines de Guadalupe,julio,martes,20,-101.228266730905,19.7108140855868
24233,24237,2019,LEG25447,2019/07/17,"04:34:00",COLISIÓN POR ALCANCE,ASFALTO,Bueno,Bueno,2,VOLKSWAGEN,BLANCO,0,,,,,0,0,Morelia,Clara Cordova Moran,julio,miércoles,5,-101.18087310344,19.7374170619615
24234,24238,2019,MOR190551085,2019/07/17,"08:20:00",COLISIÓN POR CORTE DE CIRCULACIÓN,CONCRETO,Bueno,Bueno,2,HONDA,NEGRO,2,,26,FEMENINO,SIN DATOS,0,0,Morelia,Lomas de Santa Maria,julio,miércoles,8,-101.185102444142,19.6749452015963
24235,24239,2019,,2019/07/17,10:25:00,COLISIÓN POR ALCANCE,ASFALTO,Bueno,Bueno,2,TOYOTA,BLANCO,2,,50,MASCULINO,SIN DATOS,0,0,Morelia,Santiaguito,julio,miércoles,10,-101.188605241478,19.7198882268507
24236,24240,2019,,2019/07/17,13:25:00,COLISIÓN CON PEATÓN,SIN_DATOS,Bueno,Bueno,2,MAZDA,AZUL,2,,21,MASCULINO,SIN DATOS,0,0,Morelia,Villa Universidad,julio,miércoles,13,-101.200984306633,19.6850280901669
24237,24241,2019,,2019/07/17,15:10:00,COLISIÓN POR CORTE DE CIRCULACIÓN,CONCRETO,Lluvioso,Regular,2,KURAZAI,ROJO Y NEGRO,2,,24,MASCULINO,SIN DATOS,0,0,Morelia,Barrio Alto,julio,miércoles,15,-101.196946576238,19.7248464356393
24238,24242,2019,MOR190558227,2019/07/17,16:20:00,COLISIÓN POR ALCANCE,ASFALTO,Bueno,Bueno,2,HONDA,BLANCO,2,,46,FEMENINO,SIN DATOS,0,0,Morelia,Lomas de Hidalgo,julio,miércoles,16,-101.15870565176,19.695619822027
24239,24243,2019,MOR190324357,2019/07/17,20:10:00,COLISIÓN CON PEATÓN,ASFALTO,Bueno,Bueno,2,DINA,AZUL,2,,52,MASCULINO,SIN DATOS,0,0,Morelia,3 de Agosto,julio,miércoles,20,-101.1719205603,19.7308664600789
24240,24244,2019,,2019/07/17,21:13:00,COLISIÓN POR CORTE DE CIRCULACIÓN,ASFALTO,Bueno,Bueno,1,SUZUKI,BLANCO,1,,36,MASCULINO,SIN DATOS,0,0,Morelia,Alberto Oviedo Mota,julio,miércoles,21,-101.197278164327,19.6810883288516