fid,id_accidente,anio_origen,folio_c5i,dia_incidente,hora_ocurrencia,tipo_incidente_vial,superficie_ocurrencia,condiciones_climaticas,condiciones_via,numero_vehiculos_involucrados,marca_vehiculo_ocasiona_siniestro,color_vehiculo_ocasiona_siniestro,numero_personas_involucradas,lugar_remite_presunto_responsable,edad_presunto_responsable,sexo_presunto_responsable,resultados_toxicologia,numero_personas_lesionadas,numero_personas_fallecidas,municipio,colonia,mes,dia_semana,hora_redondeada,lon,lat
24241,24245,2019,,2019/07/18,"09:20:00",COLISIÓN CON PEATÓN,SIN_DATOS,Bueno,Bueno,2,KURAZAI,ROJO Y NEGRO,2,,,MASCULINO,SIN DATOS,0,0,Morelia,Club de Golf Tres Marias,julio,jueves,9,-101.11462187022,19.7038179656902
24242,24246,2019,MOR190560035,2019/07/18,12:45:00,COLISIÓN CONTRA OBJETO FIJO,ASFALTO,Bueno,Bueno,2,NISSAN,BLANCO,2,,0,MASCULINO,SIN DATOS,0,0,Morelia,Rafael Carrillo,julio,jueves,13,-101.233446076512,19.7119585604427
24243,24247,2019,,2019/07/18,16:15:00,COLISIÓN POR CAMBIO DE CARRIL,ASFALTO,Bueno,Bueno,2,MAZDA,CAFE,2,,48,MASCULINO,SIN DATOS,0,0,Morelia,El Lago 1,julio,jueves,16,-101.217330358922,19.7299828009709
24244,24248,2019,,2019/07/18,16:40:00,COLISIÓN POR CAMBIO DE CARRIL,ASFALTO,Bueno,Bueno,2,ISUZU,BLANCO Y AZUL,2,,32,,SIN DATOS,0,0,Morelia,Barrio Alto,julio,jueves,17,-101.19694724679,19.7247492297143
24245,24249,2019,MOR190560932,2019/07/18,16:55:00,COLISIÓN POR CAMBIO DE CARRIL,ASFALTO,Bueno,Bueno,2,DINA,NARANJA,2,,0,MASCULINO,SIN DATOS,0,0,Morelia,Los Manantiales de Morelia,julio,jueves,17,-101.24296054244,19.7004146443936
24246,24250,2019,MOR190560737,2019/07/18,17:02:00,COLISIÓN POR NO RESPETAR SEMÁFORO,ASFALTO,Bueno,Bueno,2,FORD,GRIS,2,,37,,SIN DATOS,0,0,Morelia,Santiaguito,julio,jueves,17,-101.188608144195,19.7198684318206
24247,24251,2019,,2019/07/18,18:30:00,VOLCADURA,ASFALTO,Bueno,Bueno,1,FRAIHLINER,BLANCO,1,,50,MASCULINO,SIN DATOS,0,0,Los Reyes,Carlos Galvez Betancourt,julio,jueves,19,-102.459642738104,19.5749783023825
24248,24252,2019,MOR190561075,2019/07/18,19:30:00,COLISIÓN POR INVASIÓN DE CARRIL,ASFALTO,Bueno,Bueno,2,FIAT,NEGRO,2,,,MASCULINO,SIN DATOS,0,0,Morelia,Rinconada del Valle,julio,jueves,20,-101.221700012684,19.6775017359165
24249,24253,2019,,2019/07/18,19:40:00,VOLCADURA,ASFALTO,Bueno,Bueno,1,NISSAN,BLANCO,1,,56,MASCULINO,SIN DATOS,0,0,Morelia,Sin datos,julio,jueves,20,-101.114527322352,19.7368098873448
24250,24254,2019,MOR190561399,2019/07/18,21:02:00,COLISIÓN POR INVASIÓN DE CARRIL,ASFALTO,Bueno,Bueno,2,ITALIKA,NEGRA,2,MINISTERIO PÚBLICO,,MASCULINO,SIN DATOS,0,0,Morelia,La Capilla,julio,jueves,21,-101.160354875028,19.6621811776168
24251,24255,2019,MOR190561812,2019/07/18,23:16:00,COLISIÓN POR ALCANCE,ASFALTO,Nublado,Bueno,2,NISSAN,AZUL,2,,,MASCULINO,SIN DATOS,0,0,Morelia,Los Manantiales de Morelia,julio,jueves,23,-101.241382062435,19.6953969650384
24252,24256,2019,,2019/07/19,"00:00:00",COLISIÓN CON PEATÓN,SIN_DATOS,Bueno,Bueno,0,,,0,,,,,0,0,Morelia,Bello Horizonte,julio,viernes,0,-101.2410553,19.6785187
24253,24257,2019,,2019/07/19,"00:00:00",COLISIÓN POR CORTE DE CIRCULACIÓN,ASFALTO,Bueno,Bueno,1,TOYOTA,BLANCO Y GRIS,2,,,MASCULINO,SIN DATOS,0,0,Morelia,Ventura Puente,julio,viernes,0,-101.190753355622,19.6910644498962
24254,24258,2019,MOR190561965,2019/07/19,"04:06:00",COLISIÓN CONTRA OBJETO FIJO,TERRACERIA,Bueno,Bueno,1,ITALIKA,ROJO CON GRIS,1,MINISTERIO PÚBLICO,,,,1,0,Morelia,El Comal,julio,viernes,4,-101.133783906698,19.7400928315328
24255,24259,2019,MOR190562069,2019/07/19,"07:35:00",SALIDA DE SUPERFICIE DE RODAMIENTO,ASFALTO,Nublado,Bueno,1,VW,ARENA,1,,0,,SIN DATOS,0,0,Morelia,Sin datos,julio,viernes,8,-101.383974328637,19.6691219725943
24256,24260,2019,,2019/07/19,"08:05:00",COLISIÓN POR CORTE DE CIRCULACIÓN,ASFALTO,Bueno,Bueno,2,FORD,ROJO,3,,62,MASCULINO,SIN DATOS,1,0,Los Reyes,Carlos Galvez Betancourt,julio,viernes,8,-102.45878778398,19.5738454865216
24257,24261,2019,,2019/07/19,11:10:00,COLISIÓN POR CORTE DE CIRCULACIÓN,ASFALTO,Bueno,Bueno,2,Chevrolet,Blanco,2,,27,FEMENINO,SIN DATOS,0,0,Morelia,Santiaguito,julio,viernes,11,-101.195198111236,19.7191156035079
24258,24262,2019,,2019/07/19,11:20:00,COLISIÓN POR CAMBIO DE CARRIL,ASFALTO,Bueno,Bueno,2,JEEP,VERDE CLARO,2,,18,FEMENINO,SIN DATOS,0,0,Morelia,Central de Abastos,julio,viernes,11,-101.171418651938,19.716126387095
24259,24263,2019,,2019/07/19,11:30:00,COLISIÓN POR MANIOBRA DE REVERSA,ASFALTO,Bueno,Bueno,2,RENAULT,GUINDA,2,MINISTERIO PÚBLICO,45,FEMENINO,SIN DATOS,0,0,Morelia,Villas Valladolid,julio,viernes,12,-101.216526702046,19.6966943292714
24260,24264,2019,,2019/07/19,13:55:00,COLISIÓN POR ALCANCE,ASFALTO,Bueno,Bueno,3,Nissan,blanco y guinda,3,,48,FEMENINO,SIN DATOS,0,0,Morelia,Vicente Lombardo Toledano (Ejidal Isacc Arriaga) (Etnias de Mexico),julio,viernes,14,-101.153450198472,19.7170300068199
24261,24265,2019,,2019/07/19,14:41:00,COLISIÓN POR MANIOBRA DE REVERSA,CONCRETO,Bueno,Bueno,2,CHEVROLET,BLANCO,2,,21,FEMENINO,SIN DATOS,0,0,Cuitzeo,De Los Cerritos,julio,viernes,15,-101.13606646657,19.9749778953987
24262,24266,2019,,2019/07/19,16:38:00,COLISIÓN POR CORTE DE CIRCULACIÓN,ASFALTO,Lluvioso,Malo,1,VOLKSWAGEN,BLANCO,2,,56,MASCULINO,SIN DATOS,1,0,Morelia,Felix Ireta,julio,viernes,17,-101.192177608609,19.6823633952233
24263,24267,2019,MOR190563645,2019/07/19,18:05:00,COLISIÓN POR CORTE DE CIRCULACIÓN,ASFALTO,Nublado,Bueno,2,FORD,ROJO,2,,57,MASCULINO,SIN DATOS,0,0,Morelia,Guadalupe,julio,viernes,18,-101.225793734193,19.707856908967
24264,24268,2019,,2019/07/19,19:00:00,COLISIÓN POR ALCANCE,ASFALTO,Lluvioso,Bueno,4,Renault,Plata,4,,32,MASCULINO,SIN DATOS,0,0,Morelia,Loma Real,julio,viernes,19,-101.198506616056,19.7290918782864
24265,24269,2019,,2019/07/19,19:45:00,COLISIÓN POR ALCANCE,ASFALTO,Bueno,Bueno,2,NISSAN,BLANCO Y ROJO,2,,22,MASCULINO,SIN DATOS,0,0,Morelia,Irrigacion,julio,viernes,20,-101.223506145179,19.7049583872486
24266,24270,2019,MOR190563959,2019/07/19,19:55:00,COLISIÓN POR ALCANCE,ASFALTO,Bueno,Bueno,2,NISSAN,NEGRO,2,,22,FEMENINO,SIN DATOS,0,0,Morelia,Comision Federal de Electricidad,julio,viernes,20,-101.181345172226,19.6815085115378
24267,24271,2019,,2019/07/19,21:34:00,VOLCADURA,ASFALTO,Lluvioso,Bueno,1,ISUZU,BLANCO,1,,25,MASCULINO,SIN DATOS,0,0,Ixtlán,Sin datos,julio,viernes,22,-102.409746274352,20.1733721937429
24268,24272,2019,MOR190364419,2019/07/20,"00:20:00",COLISIÓN POR ALCANCE,ASFALTO,Lluvioso,Bueno,2,MAZDA,GRIS,2,,22,MASCULINO,SIN DATOS,0,0,Morelia,Cinco de Diciembre,julio,sábado,0,-101.1609043926,19.6878641532221
24269,24273,2019,,2019/07/20,"00:50:00",COLISIÓN POR INVASIÓN DE CARRIL,ASFALTO,Lluvioso,Bueno,2,FORD,CREMA,2,,28,MASCULINO,SIN DATOS,0,0,Peribán,Sin datos,julio,sábado,1,-102.457179799676,19.5700577928407
24270,24274,2019,LEG25492,2019/07/20,"01:50:00",COLISIÓN CONTRA OBJETO FIJO,ASFALTO,Lluvioso,Bueno,1,HONDA,PLATA,1,,0,MASCULINO,SIN DATOS,0,0,Morelia,Alberto Oviedo Mota,julio,sábado,2,-101.202031373978,19.6774183918993
24271,24275,2019,MOR190564495,2019/07/20,"01:55:00",COLISIÓN POR ALCANCE,ASFALTO,Bueno,Bueno,3,NISSAN,ROJO,3,,70,MASCULINO,SIN DATOS,0,0,Morelia,La Loma,julio,sábado,2,-101.179311722517,19.6814845191676
24272,24276,2019,,2019/07/20,"06:00:00",SUBIDA AL CAMELLÓN,ASFALTO,Nublado,Malo,1,FORD,GRIS,1,,28,FEMENINO,ALIENTO ETÍLICO,0,0,Morelia,Felix Ireta,julio,sábado,6,-101.195667497814,19.6814943055296
24273,24277,2019,,2019/07/20,"07:00:00",COLISIÓN POR CORTE DE CIRCULACIÓN,SIN_DATOS,Bueno,Bueno,2,VOLKSWAGEN BORA,BLANCO,2,,27,MASCULINO,SIN DATOS,0,0,Morelia,Isaac Arriaga,julio,sábado,7,-101.167693734169,19.7093934229727
24274,24278,2019,MOR190564709,2019/07/20,"08:30:00",COLISIÓN CONTRA OBJETO FIJO,ASFALTO,Bueno,Bueno,2,VW,VERDE,2,,22,MASCULINO,ALIENTO ETÍLICO,0,0,Morelia,Agustin Arriaga Rivera,julio,sábado,9,-101.225342452526,19.690387020171
24275,24279,2019,MOR190564714,2019/07/20,"08:34:00",COLISIÓN POR CORTE DE CIRCULACIÓN,CONCRETO,Bueno,Bueno,2,ITALIKA,ROJO,2,,34,MASCULINO,SIN DATOS,0,0,Morelia,Sin datos,julio,sábado,9,-101.124273128808,19.7641039546006
24276,24280,2019,,2019/07/20,"08:44:00",COLISIÓN POR CAMBIO DE CARRIL,ASFALTO,Bueno,Bueno,2,TOYOTA,BLANCO/GUINDA,2,,,MASCULINO,SIN DATOS,0,0,Morelia,Loma de Los Piñones,julio,sábado,9,-101.204703117879,19.6743826645804
24277,24281,2019,,2019/07/20,"09:15:00",COLISIÓN POR ALCANCE,ASFALTO,Lluvioso,Regular,2,CHEVROLET,ROJO TINTO,2,MINISTERIO PÚBLICO,62,MASCULINO,CON CERTIFICADO,0,0,Zacapu,Zacapu,julio,sábado,9,-101.777796708047,19.8025016758163
24278,24282,2019,,2019/07/20,"09:20:00",COLISIÓN POR CORTE DE CIRCULACIÓN,CONCRETO,Bueno,Bueno,1,HONDA,PLATA,1,,0,,SIN DATOS,0,0,Morelia,Felix Ireta,julio,sábado,9,-101.189655661583,19.683758095962
24279,24283,2019,,2019/07/20,12:25:00,COLISIÓN POR CORTE DE CIRCULACIÓN,CONCRETO,Bueno,Bueno,2,FORD,BLANCO,2,,0,MASCULINO,SIN DATOS,0,0,Morelia,Del Empleado,julio,sábado,12,-101.179812289774,19.6901493193131
24280,24284,2019,MOR190565202,2019/07/20,12:37:00,COLISIÓN POR ALCANCE,CONCRETO,Bueno,Bueno,2,NISSAN,BLANCO,2,,30,MASCULINO,SIN DATOS,0,0,Tarímbaro,Sin datos,julio,sábado,13,-101.17835316807,19.7589513325857
24281,24285,2019,MOR190562709,2019/07/20,13:10:00,COLISIÓN CONTRA OBJETO FIJO,ASFALTO,Bueno,Bueno,2,NISSAN TSURU,BLANCO,1,,0,,SIN DATOS,0,0,Morelia,Obrera,julio,sábado,13,-101.185402348638,19.7090121365685
24282,24286,2019,,2019/07/20,15:10:00,COLISIÓN POR CORTE DE CIRCULACIÓN,ASFALTO,Bueno,Regular,1,Yamaha,Negro,2,,,MASCULINO,SIN DATOS,1,0,Morelia,Ricardo Flores Magon,julio,sábado,15,-101.2432409,19.7070488
24283,24287,2019,,2019/07/20,15:40:00,COLISIÓN POR ALCANCE,ASFALTO,Bueno,Bueno,2,Mazda,Negro,2,,33,MASCULINO,SIN DATOS,0,0,Morelia,Alberto Oviedo Mota,julio,sábado,16,-101.197517216206,19.6811249488741
24284,24288,2019,MOR190565944,2019/07/20,16:29:00,COLISIÓN POR CAMBIO DE CARRIL,ASFALTO,Bueno,Bueno,2,FORD,ROJO,2,,30,MASCULINO,SIN DATOS,0,0,Morelia,La Soledad,julio,sábado,16,-101.18340946734,19.7280756586028
24285,24289,2019,,2019/07/20,17:30:00,COLISIÓN POR CORTE DE CIRCULACIÓN,CONCRETO,Bueno,Bueno,2,NISSAN FRONTIER,RJO,2,,0,,SIN DATOS,0,0,Morelia,Centro,julio,sábado,18,-101.178200282156,19.6990797474485
24286,24290,2019,,2019/07/20,18:15:00,COLISIÓN CONTRA OBJETO FIJO,ASFALTO,Bueno,Bueno,2,CHRYSLER,AZUL,2,,0,MASCULINO,ALIENTO ETÍLICO,0,0,Morelia,La Colina,julio,sábado,18,-101.216137111187,19.7038801477561
24287,24291,2019,MOR190566627,2019/07/20,20:09:00,COLISIÓN POR MANIOBRA DE REVERSA,CONCRETO,Bueno,Bueno,2,NISSAN,ROJO,2,,45,MASCULINO,SIN DATOS,0,0,Morelia,Industrial,julio,sábado,20,-101.188292428851,19.7115330919823
24288,24292,2019,,2019/07/20,21:30:00,COLISIÓN POR ALCANCE,ASFALTO,Lluvioso,Regular,2,SE DESCONOCE,SE DESCONOCE,1,,31,MASCULINO,ALIENTO ETÍLICO,0,0,Tarímbaro,Campestre,julio,sábado,22,-101.162915043533,19.7983812158651
24289,24293,2019,,2019/07/20,22:20:00,COLISIÓN POR INVASIÓN DE CARRIL,ASFALTO,Lluvioso,Bueno,2,FORD,ROJO,2,MINISTERIO PÚBLICO,40,MASCULINO,SIN DATOS,0,0,Tlalpujahua,Sin datos,julio,sábado,22,-100.180160701275,19.7954449050778
24290,24294,2019,MOR190564225,2019/07/20,22:40:00,COLISIÓN CONTRA OBJETO FIJO,ASFALTO,Bueno,Bueno,2,VOLKSWAGEN GOLF,GRIS,2,,,,SIN DATOS,0,0,Morelia,Molino de Parras,julio,sábado,23,-101.20012935251,19.6983237533437
24291,24295,2019,MOR190567306,2019/07/21,"03:57:00",SALIDA DE SUPERFICIE DE RODAMIENTO,ASFALTO,Bueno,Bueno,1,TOYOTA,BLANCO,0,,,,,0,0,Tarímbaro,Sin datos,julio,domingo,4,-101.157190874219,19.808282821121
24292,24296,2019,,2019/07/21,"08:20:00",COLISIÓN CON PEATÓN,SIN_DATOS,Bueno,Bueno,2,S/D,S/D,2,,,,SIN DATOS,0,0,Morelia,Junta de Jaujilla,julio,domingo,8,-101.225774288177,19.6914170531437
24293,24297,2019,MOR190567853,2019/07/21,12:05:00,COLISIÓN POR INVASIÓN DE CARRIL,ASFALTO,Bueno,Bueno,3,NISSAN,ROJO,3,,42,MASCULINO,SIN DATOS,0,0,Morelia,Residencial Alborada,julio,domingo,12,-101.234587356448,19.7023505250491
24294,24298,2019,,2019/07/21,13:15:00,COLISIÓN POR INVASIÓN DE CARRIL,ASFALTO,Bueno,Bueno,2,FREIGHTLINER,BLANCO,1,,36,MASCULINO,SIN DATOS,0,0,Morelia,Cinco de Diciembre,julio,domingo,13,-101.160220764577,19.6880898617816
24295,24299,2019,LEG25515,2019/07/21,16:00:00,COLISIÓN POR CORTE DE CIRCULACIÓN,CONCRETO,Bueno,Bueno,2,CHEVROLET,AZUL,2,,,FEMENINO,SIN DATOS,0,0,Morelia,Nueva Chapultepec,julio,domingo,16,-101.165758855641,19.6889475514064
24296,24300,2019,MOR190568521,2019/07/21,16:20:00,COLISIÓN POR CORTE DE CIRCULACIÓN,ASFALTO,Nublado,Bueno,2,NISSAN,BLANCO,2,,29,MASCULINO,SIN DATOS,0,0,Morelia,Cuauhtemoc,julio,domingo,16,-101.181538291275,19.6966703391766
24297,24301,2019,,2019/07/21,17:45:00,COLISIÓN POR ALCANCE,ASFALTO,Bueno,Bueno,2,FORD,BLANCO,2,,36,MASCULINO,SIN DATOS,0,0,Morelia,Alberto Oviedo Mota,julio,domingo,18,-101.201450005174,19.6795591197485
24298,24302,2019,,2019/07/21,19:40:00,COLISIÓN POR CAMBIO DE CARRIL,ASFALTO,Lluvioso,Regular,2,DODGE,BLANCO,2,,49,MASCULINO,SIN DATOS,0,0,Morelia,Loma de Los Piñones,julio,domingo,20,-101.204916760325,19.6740924882525
24299,24303,2019,MOR190569424,2019/07/21,19:40:00,SALIDA DE SUPERFICIE DE RODAMIENTO,ASFALTO,Bueno,Bueno,1,NISSAN,AZUL,1,,30,FEMENINO,SIN DATOS,0,0,Morelia,Los Encinos,julio,domingo,20,-101.181954704225,19.6666072951527
24300,24304,2019,MOR 190569396,2019/07/21,21:55:00,VOLCADURA,ASFALTO,Nublado,Regular,1,DODGE,AZUL,0,MINISTERIO PÚBLICO,,,,0,0,Morelia,Ciudad Industrial,julio,domingo,22,-101.138876080513,19.7279686711234
24301,24305,2019,,2019/07/21,22:00:00,CAIDA DE MOTOCICLETA,ASFALTO,Lluvioso,Regular,1,ITÁLIKA 150,BCO/ROJO,1,,,,,1,0,Morelia,Diego Rivera,julio,domingo,22,-101.175932809711,19.7181697029338
24302,24306,2019,,2019/07/22,"06:30:00",VOLCADURA,CONCRETO,Nublado,Regular,2,FORD,VERDE,2,,27,MASCULINO,SIN DATOS,0,0,Morelia,Industrial,julio,lunes,7,-101.191496327519,19.7107913601344
24303,24307,2019,,2019/07/22,"08:30:00",COLISIÓN CONTRA OBJETO FIJO,ASFALTO,Bueno,Bueno,1,DODGE,GRIS,0,,,,,0,0,Copándaro,Sin datos,julio,lunes,9,-101.166160851717,19.892334384458
24304,24308,2019,MOE190569990,2019/07/22,"09:00:00",COLISIÓN POR CORTE DE CIRCULACIÓN,CONCRETO,Bueno,Bueno,2,SCANIA,AZUL,2,,,MASCULINO,SIN DATOS,0,0,Morelia,Independencia,julio,lunes,9,-101.176189631224,19.7055890403517
24305,24309,2019,MOR190570060,2019/07/22,"09:58:00",COLISIÓN POR ALCANCE,ASFALTO,Bueno,Bueno,2,HONDA,ROJO,2,,20,MASCULINO,SIN DATOS,0,0,Morelia,Jardines de Guadalupe,julio,lunes,10,-101.22286375612,19.7146533781533
24306,24310,2019,,2019/07/22,11:20:00,COLISIÓN POR ALCANCE,ASFALTO,Bueno,Bueno,3,NISSAN,ROJO,2,,,FEMENINO,SIN DATOS,0,0,Morelia,Morelos,julio,lunes,11,-101.183226249653,19.7280249414801
24307,24311,2019,MOR190570348,2019/07/22,12:26:00,COLISIÓN POR CAMBIO DE CARRIL,CONCRETO,Bueno,Bueno,2,CHEVROLET,AZUL,2,,48,MASCULINO,SIN DATOS,0,0,Morelia,Rafael Carrillo,julio,lunes,12,-101.234601438046,19.7123032269413
24308,24312,2019,MOR190570401,2019/07/22,12:37:00,COLISIÓN POR INVASIÓN DE CARRIL,ASFALTO,Bueno,Bueno,2,NISSAN,BLANCO,2,,57,MASCULINO,SIN DATOS,0,0,Morelia,Ventura Puente,julio,lunes,13,-101.179484054446,19.6923331234836
24309,24313,2019,MOR190570753,2019/07/22,15:25:00,COLISIÓN POR NO RESPETAR SEMÁFORO,ASFALTO,Bueno,Bueno,3,DODGE,BLANCO,3,,,MASCULINO,SIN DATOS,0,0,Tarímbaro,Sin datos,julio,lunes,15,-101.137266084552,19.7745756014677
24310,24314,2019,MOR19071561,2019/07/22,19:50:00,COLISIÓN CON PEATÓN,ASFALTO,Bueno,Bueno,2,HONDA,BLANCO,1,,,FEMENINO,SIN DATOS,0,0,Morelia,Lazaro Cardenas,julio,lunes,20,-101.165337413549,19.7101405270582
24311,24315,2019,MOR190571726,2019/07/22,20:37:00,COLISIÓN POR ALCANCE,ASFALTO,Bueno,Bueno,3,MERCEDES BENZ,BLANCO,3,,19,MASCULINO,SIN DATOS,0,0,Morelia,Ejidal Ocolusen,julio,lunes,21,-101.153434105217,19.6873366568723
24312,24316,2019,,2019/07/22,21:15:00,COLISIÓN POR ALCANCE,ASFALTO,Lluvioso,Regular,2,CHEVROLET,ROJO TINTO,2,MINISTERIO PÚBLICO,62,MASCULINO,CON CERTIFICADO,0,0,Zacapu,Zacapu,julio,lunes,21,-101.777760498226,19.8024546737741
24313,24317,2019,,2019/07/22,21:15:00,COLISIÓN POR INVASIÓN DE CARRIL,ASFALTO,Bueno,Bueno,2,NISSAN,AZUL,4,,18,MASCULINO,SIN DATOS,2,0,Peribán,Sin datos,julio,lunes,21,-102.457102350891,19.5697718957512
24314,24318,2019,MOR190572667,2019/07/22,23:50:00,COLISIÓN CONTRA OBJETO FIJO,ASFALTO,Nublado,Bueno,1,SEAT,BLANCO,1,,34,FEMENINO,ALIENTO ETÍLICO,0,0,Morelia,Eduardo Ruiz,julio,lunes,0,-101.224042586982,19.7248082476044
24315,24319,2019,,2019/07/23,"00:52:00",COLISIÓN CONTRA OBJETO FIJO,CONCRETO,Bueno,Bueno,1,FORD,ROJO,0,,,,,0,0,Morelia,Ejidal Ocolusen,julio,martes,1,-101.153323128819,19.6868978644496
24316,24320,2019,,2019/07/23,"08:00:00",COLISIÓN POR ALCANCE,ASFALTO,Bueno,Bueno,2,FORD,AZUL,1,MINISTERIO PÚBLICO,,,SIN DATOS,0,0,Lázaro Cárdenas,Segundo Sector de Fidelac,julio,martes,8,-102.204657196999,17.9616389614621
24317,24321,2019,,2019/07/23,"08:15:00",COLISIÓN POR CAMBIO DE CARRIL,ASFALTO,Bueno,Bueno,2,MAZDA,GRIS,2,,55,FEMENINO,SIN DATOS,0,0,Morelia,Chapultepec Norte,julio,martes,8,-101.170445010066,19.6944641820661
24318,24322,2019,,2019/07/23,"08:30:00",COLISIÓN POR INVASIÓN DE CARRIL,ASFALTO,Bueno,Bueno,2,NISSAN,BLANCO,2,,42,MASCULINO,SIN DATOS,0,0,Los Reyes,Carlos Galvez Betancourt,julio,martes,9,-102.458786778152,19.5738439070182
24319,24323,2019,,2019/07/23,"08:34:00",COLISIÓN POR INVASIÓN DE CARRIL,ASFALTO,Lluvioso,Bueno,2,TOYOTA,BCO,3,MINISTERIO PÚBLICO,,,,2,1,Morelia,Nueva Valladolid,julio,martes,9,-101.2082862854,19.7016677770529
24320,24324,2019,MOR 190572305,2019/07/23,"08:35:00",SALIDA DE SUPERFICIE DE RODAMIENTO,ASFALTO,Bueno,Bueno,1,HYUNDAI,BLANCO,0,,,,,0,0,Morelia,Emiliano Zapata,julio,martes,9,-101.231655031443,19.6542000286544
24321,24325,2019,,2019/07/23,10:00:00,COLISIÓN POR CAMBIO DE CARRIL,CONCRETO,Bueno,Bueno,2,INTERNATIONAL,BLANCO,2,,47,MASCULINO,SIN DATOS,0,0,Morelia,Loma de Los Piñones,julio,martes,10,-101.204333044589,19.6744413404281
24322,24326,2019,MOR 1905,2019/07/23,10:40:00,COLISIÓN POR ALCANCE,ASFALTO,Bueno,Bueno,2,VELOCI,ROJO Y NEGRO,2,,,MASCULINO,SIN DATOS,0,0,Morelia,Fuentes de Valladolid,julio,martes,11,-101.222442984581,19.6705723536726
24323,24327,2019,MOR190572527,2019/07/23,10:40:00,COLISIÓN CON PEATÓN,ASFALTO,Bueno,Bueno,1,FORD,NEGRO,2,,22,MASCULINO,SIN DATOS,1,0,Morelia,Pascual Ortiz de Ayala,julio,martes,11,-101.150789782405,19.69482403807
24324,24328,2019,LEG25543,2019/07/23,11:20:00,COLISIÓN POR ALCANCE,ASFALTO,Bueno,Bueno,2,TOYOTA,ROJO,2,MINISTERIO PÚBLICO,53,MASCULINO,SIN DATOS,0,0,Morelia,Hospitales de Don Vasco,julio,martes,11,-101.155505776405,19.7011008698916
24325,24329,2019,,2019/07/23,11:30:00,CAIDA DE MOTOCICLETA,ASFALTO,Lluvioso,Regular,2,VOLKSWAGEN,PLATA,2,,41,MASCULINO,SIN DATOS,0,0,Tarímbaro,Sin datos,julio,martes,12,-101.15372043103,19.769486736457
24326,24330,2019,,2019/07/23,11:45:00,COLISIÓN POR CAMBIO DE CARRIL,ASFALTO,Bueno,Bueno,1,HONDA,GRIS,1,,67,MASCULINO,SIN DATOS,0,0,Morelia,Lazaro Cardenas,julio,martes,12,-101.164845030455,19.7094154606786
24327,24331,2019,,2019/07/23,12:30:00,COLISIÓN CON PEATÓN,SIN_DATOS,Bueno,Bueno,1,VOLKSWAGEN,ROJO,1,,37,MASCULINO,SIN DATOS,0,0,Morelia,Clara Cordova Moran,julio,martes,13,-101.180796325207,19.7374615585552
24328,24332,2019,,2019/07/23,15:30:00,COLISIÓN POR CAMBIO DE CARRIL,ASFALTO,Lluvioso,Regular,2,JEEP,GRIS,0,,,,,0,0,Morelia,Cuauhtemoc,julio,martes,16,-101.183950267732,19.6999010781236
24329,24333,2019,,2019/07/23,16:00:00,COLISIÓN POR ALCANCE,CONCRETO,Lluvioso,Regular,2,HONDA,AZUL,2,,37,MASCULINO,SIN DATOS,0,0,Morelia,Ferrocarrilero,julio,martes,16,-101.224147193134,19.6913914839101
24330,24334,2019,,2019/07/23,16:50:00,COLISIÓN POR CAMBIO DE CARRIL,ASFALTO,Lluvioso,Regular,2,DINA,AZUL,2,,22,MASCULINO,SIN DATOS,0,0,Morelia,Tzindurio de Morelos,julio,martes,17,-101.243876516819,19.700074371413
24331,24335,2019,,2019/07/23,18:30:00,COLISIÓN POR ALCANCE,ASFALTO,Nublado,Bueno,2,ITALIKA,NEGRO,0,MINISTERIO PÚBLICO,,,,0,0,Maravatío,Sin datos,julio,martes,19,-100.451547279954,19.8563083217548
24332,24336,2019,,2019/07/23,18:40:00,COLISIÓN POR MANIOBRA DE REVERSA,CONCRETO,Lluvioso,Bueno,2,NISSAN,BLANCO,2,,,FEMENINO,SIN DATOS,0,0,Morelia,Indeco El Vivero,julio,martes,19,-101.231018342078,19.6781735376238
24333,24337,2019,,2019/07/23,19:45:00,COLISIÓN POR MANIOBRA DE REVERSA,ASFALTO,Bueno,Bueno,2,GENERAL MOTORS,BLANCO,2,,26,FEMENINO,SIN DATOS,0,0,Peribán,Sin datos,julio,martes,20,-102.451019436121,19.5581627819928
24334,24338,2019,,2019/07/23,20:15:00,COLISIÓN POR CAMBIO DE CARRIL,ASFALTO,Lluvioso,Malo,2,NISSAN,BLANCO Y GUINDA,2,,30,MASCULINO,SIN DATOS,0,0,Morelia,Loma de Los Piñones,julio,martes,20,-101.203478090465,19.6749701420516
24335,24339,2019,LEG25568,2019/07/24,"00:00:00",COLISIÓN POR ALCANCE,CONCRETO,Bueno,Bueno,2,ITALIKA,ROJO Y  NEGRO,0,,,,,0,0,Morelia,Santa Cecilia,julio,miércoles,0,-101.184812262654,19.6662376937037
24336,24340,2019,PAT19056181,2019/07/24,"00:05:00",CAIDA DE MOTOCICLETA,ASFALTO,Bueno,Bueno,1,ATEM150,GRIS/ROJO,3,,17,MASCULINO,SIN DATOS,2,0,Pátzcuaro,Centro,julio,miércoles,0,-101.606860030442,19.5191392712232
24337,24341,2019,,2019/07/24,"07:30:00",COLISIÓN POR NO RESPETAR SEMÁFORO,ASFALTO,Bueno,Bueno,2,VOLKSWAGEN,PLATA,2,,,MASCULINO,SIN DATOS,0,0,Lázaro Cárdenas,Centro,julio,miércoles,8,-102.195644304156,17.9584690297161