fid,id_accidente,anio_origen,folio_c5i,dia_incidente,hora_ocurrencia,tipo_incidente_vial,superficie_ocurrencia,condiciones_climaticas,condiciones_via,numero_vehiculos_involucrados,marca_vehiculo_ocasiona_siniestro,color_vehiculo_ocasiona_siniestro,numero_personas_involucradas,lugar_remite_presunto_responsable,edad_presunto_responsable,sexo_presunto_responsable,resultados_toxicologia,numero_personas_lesionadas,numero_personas_fallecidas,municipio,colonia,mes,dia_semana,hora_redondeada,lon,lat
24338,24342,2019,,2019/07/24,10:50:00,COLISIÓN POR CORTE DE CIRCULACIÓN,SIN_DATOS,Bueno,Bueno,2,Nissan,blanco y rojo,2,,,,SIN DATOS,0,0,Morelia,Lomas de Morelia (Dr Ignacio Chavez),julio,miércoles,11,-101.175904981792,19.7178152649408
24339,24343,2019,,2019/07/24,13:50:00,COLISIÓN CON PEATÓN,ASFALTO,Bueno,Bueno,1,CHRYSLER JEEP,NEGRO,2,,36,FEMENINO,SIN DATOS,1,0,Pátzcuaro,Centro,julio,miércoles,14,-101.606879979372,19.5191474874254
24340,24344,2019,"190575846",2019/07/24,14:20:00,COLISIÓN POR ALCANCE,ASFALTO,Nublado,Regular,2,DODGE,AZUL,2,,18,MASCULINO,SIN DATOS,0,0,Morelia,Hermanos Lopez Rayon,julio,miércoles,14,-101.220240220428,19.6753193080178
24341,24345,2019,,2019/07/24,15:10:00,COLISIÓN POR ALCANCE,CONCRETO,Bueno,Bueno,2,NISSAN,BLANCO,2,,,MASCULINO,SIN DATOS,0,0,Morelia,Alberto Oviedo Mota,julio,miércoles,15,-101.197126619518,19.6810959054087
24342,24346,2019,,2019/07/24,16:00:00,COLISIÓN POR INVASIÓN DE CARRIL,ASFALTO,Lluvioso,Bueno,2,CHEVROLET,GUINDA,2,MINISTERIO PÚBLICO,53,MASCULINO,SIN DATOS,0,0,Morelia,Nueva Valladolid,julio,miércoles,16,-101.2082862854,19.7016677770529
24343,24347,2019,,2019/07/24,16:40:00,COLISIÓN POR CAMBIO DE CARRIL,ASFALTO,Bueno,Bueno,2,Nissan,BLANCO Y GRIS,2,,,MASCULINO,SIN DATOS,0,0,Morelia,San Rafael,julio,miércoles,17,-101.154764816165,19.7005112338091
24344,24348,2019,MOR190576176,2019/07/24,17:37:00,COLISIÓN POR ALCANCE,ASFALTO,Bueno,Bueno,2,HONDA,NEGRO,2,,39,MASCULINO,SIN DATOS,0,0,Morelia,Ventura Puente,julio,miércoles,18,-101.188011467457,19.69289280137
24345,24349,2019,,2019/07/24,20:08:00,COLISIÓN POR CORTE DE CIRCULACIÓN,ASFALTO,Lluvioso,Regular,3,FORD,BLANCO,2,,18,MASCULINO,SIN DATOS,0,0,Pátzcuaro,La Virgen,julio,miércoles,20,-101.614500470459,19.5237684029716
24346,24350,2019,,2019/07/24,23:45:00,COLISIÓN POR CORTE DE CIRCULACIÓN,ASFALTO,Lluvioso,Malo,2,ITALIKA,ROJO,4,MINISTERIO PÚBLICO,16,FEMENINO,SIN DATOS,2,0,Zamora,Sin datos,julio,miércoles,0,-102.279018089175,20.0363458552373
24347,24351,2019,,2019/07/25,"01:10:00",SALIDA DE SUPERFICIE DE RODAMIENTO,CONCRETO,Bueno,Bueno,1,VOLKSWAGEN,BEIGE,1,,49,MASCULINO,SIN DATOS,0,0,Morelia,Ampliacion La Soledad,julio,jueves,1,-101.183396726847,19.7357968725805
24348,24352,2019,MOR190577334,2019/07/25,"07:40:00",COLISIÓN POR ALCANCE,ASFALTO,Bueno,Bueno,2,VOLKSWAGEN,NEGRO,2,,34,MASCULINO,SIN DATOS,0,0,Morelia,El Lago 1,julio,jueves,8,-101.219332963228,19.727598474956
24349,24353,2019,MOR 190571777,2019/07/25,"08:05:00",COLISIÓN POR NO RESPETAR SEMÁFORO,ASFALTO,Bueno,Bueno,2,GENERAL MOTORS,BLANCO Y ROJO,2,,39,MASCULINO,SIN DATOS,0,0,Morelia,Vista Bella,julio,jueves,8,-101.192172579467,19.6822323849102
24350,24354,2019,,2019/07/25,"08:28:00",COLISIÓN POR ALCANCE,ASFALTO,Bueno,Bueno,2,ROKETA,NEGRO Y ROJO,0,MINISTERIO PÚBLICO,,,,0,0,Charo,San Pedro Y San Pablo,julio,jueves,8,-101.0471136868,19.7533842312359
24351,24355,2019,MOR 190 577,2019/07/25,10:01:00,COLISIÓN CONTRA OBJETO FIJO,ASFALTO,Bueno,Bueno,1,NISSAN,BLANCO,1,,,MASCULINO,SIN DATOS,0,0,Morelia,Ocolusen Iii,julio,jueves,10,-101.147920489311,19.6857819372957
24352,24356,2019,,2019/07/25,10:20:00,COLISIÓN POR CAMBIO DE CARRIL,ASFALTO,Bueno,Bueno,2,FORD,NEGRO,2,,42,MASCULINO,SIN DATOS,0,0,Morelia,Primo Tapia Oriente,julio,jueves,10,-101.156956851482,19.7146095064554
24353,24357,2019,MOR190577621,2019/07/25,11:20:00,COLISIÓN POR CAMBIO DE CARRIL,ASFALTO,Bueno,Bueno,2,KAWASAKI,OFICIAL,3,MINISTERIO PÚBLICO,23,MASCULINO,SIN DATOS,1,0,Morelia,Victor Manuel Tinoco Rubi,julio,jueves,11,-101.244587637484,19.7036531988809
24354,24358,2019,MOR 190 577701,2019/07/25,11:50:00,COLISIÓN POR ALCANCE,ASFALTO,Bueno,Bueno,2,VOLKSWAGEN,BLANCO,2,,37,MASCULINO,SIN DATOS,0,0,Morelia,Canteras de Morelia,julio,jueves,12,-101.171662565321,19.714844014744
24355,24359,2019,MOR190568162,2019/07/25,15:00:00,COLISIÓN POR ALCANCE,ASFALTO,Bueno,Bueno,2,FORD,GRIS,2,,45,MASCULINO,ALIENTO ETÍLICO,0,0,Morelia,Lomas de Huerta,julio,jueves,15,-101.210146062076,19.67232327512
24356,24360,2019,LEG25578,2019/07/25,16:40:00,COLISIÓN CONTRA OBJETO FIJO,ASFALTO,Bueno,Bueno,1,INTERNACIONAL,VERDE,1,MINISTERIO PÚBLICO,,MASCULINO,SIN DATOS,0,0,Tarímbaro,Sin datos,julio,jueves,17,-101.124206167097,19.7787740020887
24357,24361,2019,MOR 190 5778669,2019/07/25,18:49:00,VOLCADURA,ASFALTO,Nublado,Bueno,1,FORD,BLANCO,0,MINISTERIO PÚBLICO,,,,0,0,Tarímbaro,Sin datos,julio,jueves,19,-101.144309565425,19.7723717822352
24358,24362,2019,,2019/07/25,18:50:00,COLISIÓN POR CAMBIO DE CARRIL,ASFALTO,Lluvioso,Malo,2,FORD,GRIS,2,,44,MASCULINO,SIN DATOS,0,0,Morelia,Loma de Los Piñones,julio,jueves,19,-101.203534081578,19.6749328892182
24359,24363,2019,,2019/07/25,19:47:00,COLISIÓN CONTRA OBJETO FIJO,CONCRETO,Lluvioso,Malo,1,VOLKSWAGEN,BLANCO,1,,65,MASCULINO,SIN DATOS,0,0,Morelia,Jardines del Rincon,julio,jueves,20,-101.153392195702,19.6872302734961
24360,24364,2019,,2019/07/25,22:00:00,COLISIÓN POR CAMBIO DE CARRIL,ASFALTO,Bueno,Bueno,2,NISSAN,BLANCO/AZUL,2,MINISTERIO PÚBLICO,,MASCULINO,SIN DATOS,0,0,Lázaro Cárdenas,Renovacion Sindical,julio,jueves,22,-102.22966209054,17.987771906884
24361,24365,2019,,2019/07/25,22:50:00,COLISIÓN POR CAMBIO DE CARRIL,ASFALTO,Bueno,Regular,2,NISSAN,BLANCO,2,,51,MASCULINO,SIN DATOS,0,0,Morelia,Elias Perez Avalos,julio,jueves,23,-101.165472194552,19.7104318556734
24362,24366,2019,,2019/07/26,"00:00:00",SALIDA DE SUPERFICIE DE RODAMIENTO,ASFALTO,Bueno,Bueno,2,DODGE,BLANCO,0,MINISTERIO PÚBLICO,,,,0,0,Tacámbaro,Sin datos,julio,viernes,0,-101.469026841223,19.300947597874
24363,24367,2019,LEG25594,2019/07/26,"00:00:00",COLISIÓN POR CAMBIO DE CARRIL,ASFALTO,Bueno,Bueno,2,CHEVROLET,BLANCO,2,,35,MASCULINO,SIN DATOS,0,0,Morelia,Los Laureles,julio,viernes,0,-101.231814622879,19.7142175012534
24365,24369,2019,,2019/07/26,"07:15:00",COLISIÓN CON PEATÓN,SIN_DATOS,Bueno,Bueno,1,Vw,Negro,1,,25,MASCULINO,ALIENTO ETÍLICO,0,0,Morelia,Ampliacion La Soledad,julio,viernes,7,-101.182838827372,19.7381839164164
24366,24370,2019,MOR190579421,2019/07/26,"08:28:00",COLISIÓN POR CORTE DE CIRCULACIÓN,SIN_DATOS,Bueno,Bueno,1,JEEP,ROJO,1,,27,FEMENINO,ALIENTO ETÍLICO,0,0,Morelia,Comision Federal de Electricidad,julio,viernes,8,-101.178696155548,19.6815463942201
24367,24371,2019,MOR190058066,2019/07/26,15:58:00,COLISIÓN POR CORTE DE CIRCULACIÓN,CONCRETO,Bueno,Bueno,2,VENTO,NEGRO,2,,0,MASCULINO,SIN DATOS,0,0,Morelia,Chapultepec Oriente,julio,viernes,16,-101.159409061074,19.6940531876405
24368,24372,2019,MOR190580842,2019/07/26,16:25:00,COLISIÓN POR NO RESPETAR SEMÁFORO,ASFALTO,Nublado,Bueno,2,VW,AZUL,2,MINISTERIO PÚBLICO,40,FEMENINO,SIN DATOS,0,0,Morelia,La Huerta,julio,viernes,16,-101.216526031494,19.6752621660808
24369,24373,2019,,2019/07/26,19:50:00,COLISIÓN POR ALCANCE,CONCRETO,Bueno,Regular,2,CHEVROLET,BLANCO,2,,59,FEMENINO,SIN DATOS,0,0,Morelia,Sentimientos de La Nacion,julio,viernes,20,-101.233258321881,19.6782215233523
24370,24374,2019,,2019/07/26,19:50:00,COLISIÓN POR CORTE DE CIRCULACIÓN,ASFALTO,Bueno,Bueno,2,SUZUKI,PLATA,2,,0,FEMENINO,SIN DATOS,0,0,Morelia,Adolfo Lopez Mateos,julio,viernes,20,-101.226846501231,19.6947568018781
24371,24375,2019,MOR190581767,2019/07/26,22:30:00,COLISIÓN POR CAMBIO DE CARRIL,ASFALTO,Bueno,Bueno,2,CHEVROLET,BLANCO,2,,35,MASCULINO,SIN DATOS,0,0,Morelia,Nicolaitas Ilustres,julio,viernes,23,-101.228315010667,19.7194454207103
24372,24376,2019,MOR190581913,2019/07/27,"00:00:00",COLISIÓN POR CORTE DE CIRCULACIÓN,CONCRETO,Bueno,Bueno,1,SD,BLANCO,2,,0,,SIN DATOS,1,0,Morelia,Peña Blanca,julio,sábado,0,-101.193714179099,19.6649646038305
24373,24377,2019,MOR190587150,2019/07/27,"00:00:00",COLISIÓN CONTRA OBJETO FIJO,ASFALTO,Bueno,Bueno,1,SEAT,BLANCO,1,,23,MASCULINO,SIN DATOS,0,0,Morelia,Felix Ireta,julio,sábado,0,-101.195666156709,19.6814949369077
24374,24378,2019,,2019/07/27,"03:30:00",COLISIÓN POR NO RESPETAR SEMÁFORO,ASFALTO,Bueno,Bueno,2,Nissan,Cafe,0,,,,,0,0,Morelia,Adolfo Lopez Mateos,julio,sábado,4,-101.229655779898,19.7035181025966
24375,24379,2019,MOR190582089,2019/07/27,"03:54:00",COLISIÓN POR ALCANCE,ASFALTO,Bueno,Bueno,2,FORD,BLANCO,2,,0,,ALIENTO ETÍLICO,0,0,Morelia,Arcos del Valle,julio,sábado,4,-101.236249990761,19.7076242842577
24376,24380,2019,,2019/07/27,"06:40:00",CAIDA DE MOTOCICLETA,ASFALTO,Bueno,Bueno,1,ITALIKA,AZUL CON NEGRO,1,,0,MASCULINO,SIN DATOS,0,0,Morelia,Tierra Y Libertad,julio,sábado,7,-101.230464801192,19.715639067876
24377,24381,2019,MOR190582224,2019/07/27,"07:06:00",SUBIDA AL CAMELLÓN,ASFALTO,Bueno,Bueno,1,TOYOTA,ROJO,1,,,,SIN DATOS,0,0,Morelia,Niño Artillero,julio,sábado,7,-101.256836950779,19.6973366942873
24378,24382,2019,,2019/07/27,"09:00:00",COLISIÓN POR INVASIÓN DE CARRIL,ASFALTO,Bueno,Bueno,2,FREIGHTLINER,BLANCO/AZUL,3,MINISTERIO PÚBLICO,54,MASCULINO,SIN DATOS,1,1,Los Reyes,Sin datos,julio,sábado,9,-102.425524704158,19.5825435769792
24379,24383,2019,MOR 190582481,2019/07/27,10:12:00,VOLCADURA,ASFALTO,Lluvioso,Bueno,1,TOYOTA,BLANCO,1,,30,MASCULINO,SIN DATOS,0,0,Morelia,Felix Ireta,julio,sábado,10,-101.195669174194,19.6814914643278
24380,24384,2019,,2019/07/27,12:20:00,COLISIÓN POR CAMBIO DE CARRIL,CONCRETO,Nublado,Bueno,2,NISSAN,CHAMPAGNE,2,,28,MASCULINO,SIN DATOS,0,0,Morelia,Vasco de Quiroga,julio,sábado,12,-101.169665828347,19.7081419290112
24381,24385,2019,MOR190582832,2019/07/27,13:05:00,CAIDA DE MOTOCICLETA,ASFALTO,Bueno,Bueno,1,ITALIKA,VERDE,1,,47,MASCULINO,SIN DATOS,0,0,Morelia,Enrique Ramirez,julio,sábado,13,-101.165747791529,19.7098728703979
24382,24386,2019,MOR 190583259,2019/07/27,14:05:00,COLISIÓN POR MANIOBRA DE REVERSA,CONCRETO,Bueno,Bueno,2,HONDA,GRIS,2,,44,FEMENINO,SIN DATOS,0,0,Morelia,Felix Ireta,julio,sábado,14,-101.187359858304,19.6872050192718
24383,24387,2019,,2019/07/27,16:45:00,COLISIÓN POR INVASIÓN DE CARRIL,ASFALTO,Bueno,Bueno,2,NISSAN,AZUL,2,,71,MASCULINO,SIN DATOS,0,0,Los Reyes,Los Manantiales,julio,sábado,17,-102.452674023807,19.5789620486144
24384,24388,2019,MOR190583485,2019/07/27,17:05:00,COLISIÓN CONTRA OBJETO FIJO,ASFALTO,Bueno,Bueno,1,PORSCHE,ROJO,1,,55,MASCULINO,SIN DATOS,0,0,Morelia,Americas Britania,julio,sábado,17,-101.14918615669,19.6946535800638
24385,24389,2019,MOR 190583679,2019/07/27,18:20:00,COLISIÓN POR INVASIÓN DE CARRIL,ASFALTO,Bueno,Bueno,2,BAJAN,AZUL/NEGRO,2,,18,MASCULINO,SIN DATOS,0,0,Morelia,Lomas de Hidalgo,julio,sábado,18,-101.158396527171,19.698836693366
24386,24390,2019,,2019/07/27,19:20:00,COLISIÓN POR CORTE DE CIRCULACIÓN,ASFALTO,Lluvioso,Bueno,2,JEEP,GRIS,2,MINISTERIO PÚBLICO,,,SIN DATOS,0,0,Zitácuaro,Sin datos,julio,sábado,19,-100.20041976124,19.445447494112
24387,24391,2019,MOR190769748,2019/07/27,21:00:00,COLISIÓN POR MANIOBRA DE REVERSA,TERRACERIA,Bueno,Bueno,2,NISSAN,GRIS,2,,47,MASCULINO,SIN DATOS,0,0,Morelia,Jacarandas,julio,sábado,21,-101.211154915901,19.7088157004117
24388,24392,2019,MOR190584199,2019/07/27,21:20:00,VOLCADURA,ASFALTO,Bueno,Bueno,1,NISSAN,BLANCO CON NEGRO,1,,0,,SIN DATOS,0,0,Morelia,Diego Rivera,julio,sábado,21,-101.175930798054,19.7181655999162
24389,24393,2019,,2019/07/27,22:40:00,COLISIÓN POR CORTE DE CIRCULACIÓN,ASFALTO,Bueno,Bueno,1,VW,GRIS,1,,0,MASCULINO,SIN DATOS,0,0,Morelia,El Lago 1,julio,sábado,23,-101.219348050654,19.7276032089278
24390,24394,2019,,2019/07/28,"00:00:00",COLISIÓN CONTRA OBJETO FIJO,ASFALTO,Bueno,Bueno,2,CHEVROLET,AZUL Y BLANCO,2,,,MASCULINO,SIN DATOS,0,0,Morelia,Colinas del Sur,julio,domingo,0,-101.197799853981,19.6615475120161
24391,24395,2019,MOR190564329,2019/07/28,"01:30:00",COLISIÓN POR INVASIÓN DE CARRIL,CONCRETO,Bueno,Regular,2,CHEVROLET,GRIS,0,MINISTERIO PÚBLICO,,,,0,0,Morelia,12 de Diciembre,julio,domingo,2,-101.152908727527,19.701568978789
24392,24396,2019,MOR 190584679,2019/07/28,"02:11:00",COLISIÓN POR ALCANCE,ASFALTO,Bueno,Bueno,2,CHEVROLET,GRIS,2,,22,MASCULINO,ALIENTO ETÍLICO,0,0,Morelia,Centro,julio,domingo,2,-101.191568411887,19.7029411012941
24393,24397,2019,LEG25613,2019/07/28,"03:40:00",CAIDA DE MOTOCICLETA,ASFALTO,Bueno,Bueno,1,ITALIKA,ROJO,1,,30,MASCULINO,ALIENTO ETÍLICO,0,0,Morelia,Campestre Los Manantiales,julio,domingo,4,-101.236926242709,19.6934843595132
24394,24398,2019,MOR190584806,2019/07/28,"04:50:00",COLISIÓN POR CORTE DE CIRCULACIÓN,CONCRETO,Bueno,Bueno,1,ITALIKA,ROJO,2,,27,MASCULINO,SIN DATOS,1,0,Morelia,Isaac Arriaga,julio,domingo,5,-101.171383222541,19.7087741157701
24395,24399,2019,MOR190764543,2019/07/28,"05:00:00",COLISIÓN POR CORTE DE CIRCULACIÓN,ASFALTO,Bueno,Bueno,1,MAZDA,GRIS,1,,28,FEMENINO,SIN DATOS,0,0,Morelia,Felix Ireta,julio,domingo,5,-101.195668503642,19.6814971467313
24396,24400,2019,,2019/07/28,"08:35:00",COLISIÓN CONTRA OBJETO FIJO,ASFALTO,Bueno,Bueno,2,FORD,GRIS,3,MINISTERIO PÚBLICO,30,MASCULINO,SIN DATOS,0,1,Peribán,Sin datos,julio,domingo,9,-102.457170411944,19.570026202027
24397,24401,2019,LEG25617,2019/07/28,10:32:00,COLISIÓN POR INVASIÓN DE CARRIL,CONCRETO,Bueno,Bueno,2,BMW,BLANCO,0,,,,,0,0,Morelia,Quinceo,julio,domingo,11,-101.224226653576,19.7253649714418
24398,24402,2019,,2019/07/28,11:20:00,COLISIÓN POR CAMBIO DE CARRIL,ASFALTO,Bueno,Bueno,2,VOLKSWAGEN,VERDE,2,,,MASCULINO,SIN DATOS,0,0,Morelia,Granjas Unidas de Morelia,julio,domingo,11,-101.279492899776,19.6913097254693
24399,24403,2019,MOR190585548,2019/07/28,13:45:00,COLISIÓN POR NO RESPETAR SEMÁFORO,CONCRETO,Bueno,Bueno,2,VOLKSWAGEN,BLANCO,3,MINISTERIO PÚBLICO,26,MASCULINO,SIN DATOS,1,0,Morelia,Felicitas del Rio,julio,domingo,14,-101.195526346564,19.690210875346
24400,24404,2019,,2019/07/28,19:40:00,COLISIÓN POR ALCANCE,ASFALTO,Bueno,Bueno,1,NISSAN,BLANCO,2,,,MASCULINO,SIN DATOS,0,0,Morelia,Lomas de Morelia (Dr Ignacio Chavez),julio,domingo,20,-101.176007241011,19.717902690948
24401,24405,2019,,2019/07/28,20:20:00,SALIDA DE SUPERFICIE DE RODAMIENTO,ASFALTO,Bueno,Bueno,1,FORD,VERDE,1,,,MASCULINO,SIN DATOS,0,0,Los Reyes,Carlos Galvez Betancourt,julio,domingo,20,-102.459159940481,19.5743373431316
24402,24406,2019,,2019/07/28,21:30:00,COLISIÓN POR INVASIÓN DE CARRIL,ASFALTO,Bueno,Bueno,2,TOYOTA,AZUL,0,MINISTERIO PÚBLICO,,,,0,0,Tacámbaro,Sin datos,julio,domingo,22,-101.495438553393,19.3821862066375
24403,24407,2019,MOR190586843,2019/07/28,22:54:00,COLISIÓN CONTRA OBJETO FIJO,CONCRETO,Bueno,Bueno,1,RENAULT,GRIS,1,,60,MASCULINO,SIN DATOS,0,0,Morelia,Balcones de Santa Maria,julio,domingo,23,-101.1856514588,19.6754077043442
24404,24408,2019,,2019/07/28,23:45:00,VOLCADURA,ASFALTO,Bueno,Bueno,1,NISSAN MARCH,AZUL,1,,35,MASCULINO,SIN DATOS,0,0,Morelia,Loma de La Virgen,julio,domingo,0,-101.1997246,19.6601764
24405,24409,2019,LEG25637,2019/07/29,"00:00:00",COLISIÓN POR CAMBIO DE CARRIL,ASFALTO,Bueno,Bueno,2,HONDA,PLATA,2,,62,MASCULINO,SIN DATOS,0,0,Morelia,Morelos,julio,lunes,0,-101.206943181225,19.7013739021134
24406,24410,2019,MOR190586958,2019/07/29,"00:30:00",COLISIÓN POR CAMBIO DE CARRIL,ASFALTO,Bueno,Regular,2,CHEVROLET,NEGRO,2,,38,MASCULINO,ALIENTO ETÍLICO,0,0,Morelia,Alberto Oviedo Mota,julio,lunes,1,-101.20219130069,19.6773028467127
24407,24411,2019,MOR 190587231,2019/07/29,"09:07:00",COLISIÓN POR CORTE DE CIRCULACIÓN,ASFALTO,Bueno,Bueno,2,YAMAHA,ROJO Y NEGRO,2,,30,MASCULINO,SIN DATOS,0,0,Morelia,Centro,julio,lunes,9,-101.179312185,19.7035132699991
24409,24413,2019,MOR 190587654,2019/07/29,10:23:00,COLISIÓN POR ALCANCE,ASFALTO,Bueno,Bueno,2,FREIGHTLINER,BLANCO Y  VERDE,2,,46,MASCULINO,SIN DATOS,0,0,Morelia,Centro,julio,lunes,10,-101.18754847,19.7028479949991
24410,24414,2019,LEG25635,2019/07/29,10:55:00,COLISIÓN POR INVASIÓN DE CARRIL,ASFALTO,Bueno,Bueno,2,CHEVROLET,GRIS,2,,31,MASCULINO,ALIENTO ETÍLICO,0,0,Morelia,La Palma,julio,lunes,11,-101.25220483,19.7148683399991
24411,24415,2019,AAT190160949,2019/07/29,13:00:00,COLISIÓN POR ALCANCE,ADOQUIN_EMPEDRADO,Bueno,Bueno,2,MAZDA,ROJO,2,,70,FEMENINO,SIN DATOS,0,0,Pátzcuaro,Centro,julio,lunes,13,-101.609821021557,19.5142138395895
24412,24416,2019,,2019/07/29,13:20:00,COLISIÓN CONTRA OBJETO FIJO,ASFALTO,Bueno,Bueno,2,NISSAN,PLATA,2,,72,MASCULINO,SIN DATOS,0,0,Jacona,Sin datos,julio,lunes,13,-102.349714413285,19.9295292035749
24413,24417,2019,,2019/07/29,16:00:00,COLISIÓN POR CAMBIO DE CARRIL,ASFALTO,Bueno,Bueno,2,FIAT,GRIS,2,,37,MASCULINO,SIN DATOS,0,0,Morelia,Sin datos,julio,lunes,16,-101.290676370263,19.5998508582375
24415,24419,2019,MOR190588734,2019/07/29,17:50:00,COLISIÓN POR CORTE DE CIRCULACIÓN,CONCRETO,Bueno,Bueno,2,NISSAN,BLANCO,2,,52,MASCULINO,SIN DATOS,0,0,Morelia,Centro,julio,lunes,18,-101.18316102773,19.7029729816174
24417,24421,2019,,2019/07/29,19:45:00,COLISIÓN POR CORTE DE CIRCULACIÓN,ASFALTO,Bueno,Bueno,2,NISSAN,BLANCO Y GUINDA,2,,29,MASCULINO,SIN DATOS,0,0,Morelia,Los Angeles,julio,lunes,20,-101.172693695,19.7488773499992
24418,24422,2019,,2019/07/29,22:20:00,COLISIÓN POR CORTE DE CIRCULACIÓN,ASFALTO,Bueno,Bueno,2,NISSAN,AZUL,2,MINISTERIO PÚBLICO,,,SIN DATOS,0,0,Zitácuaro,Sin datos,julio,lunes,22,-100.373914763331,19.4902153362031
24419,24423,2019,MOR190590121,2019/07/30,"00:00:00",COLISIÓN POR CORTE DE CIRCULACIÓN,ASFALTO,Bueno,Bueno,2,S/D,BLANCO,2,,19,MASCULINO,SIN DATOS,1,0,Morelia,Sin datos,julio,martes,0,-101.263396963477,19.6391715444409
24420,24424,2019,,2019/07/30,"03:00:00",COLISIÓN POR ALCANCE,ASFALTO,Bueno,Bueno,2,HONDA,GRAFITO ACERO,2,,37,MASCULINO,SIN DATOS,0,0,Salvador Escalante,Sin datos,julio,martes,3,-101.649809405208,19.3833355446559
24421,24425,2019,MOR190589737,2019/07/30,"09:54:00",COLISIÓN POR CAMBIO DE CARRIL,ASFALTO,Bueno,Bueno,2,FREIGHLINER,BLANCO,2,,22,MASCULINO,SIN DATOS,0,0,Morelia,Primo Tapia Oriente,julio,martes,10,-101.158752925694,19.7134981913018
24422,24426,2019,,2019/07/30,11:20:00,COLISIÓN POR CAMBIO DE CARRIL,CONCRETO,Bueno,Bueno,2,TOYOTA,BLANCO Y AMARILLO,2,,,MASCULINO,SIN DATOS,0,0,Morelia,Felix Ireta,julio,martes,11,-101.1919749,19.6869904499991
24423,24427,2019,MOR190589930,2019/07/30,11:39:00,COLISIÓN POR CORTE DE CIRCULACIÓN,ASFALTO,Bueno,Bueno,2,KIA,AZUL,2,,52,MASCULINO,SIN DATOS,0,0,Morelia,Rinconada del Valle,julio,martes,12,-101.221702024341,19.6775029987043
24424,24428,2019,,2019/07/30,13:20:00,COLISIÓN POR CORTE DE CIRCULACIÓN,SIN_DATOS,Bueno,Bueno,2,sin datos,blanco,2,,,,SIN DATOS,0,0,Tarímbaro,Sin datos,julio,martes,13,-101.097474843264,19.7869255748487
24425,24429,2019,MOR190590253,2019/07/30,13:49:00,COLISIÓN CON PEATÓN,CONCRETO,Bueno,Bueno,1,NISSAN,GRIS,0,,,,,0,0,Morelia,Felix Ireta,julio,martes,14,-101.189597994089,19.6823299323583
24426,24430,2019,,2019/07/30,14:40:00,COLISIÓN CON PEATÓN,SIN_DATOS,Bueno,Bueno,2,CHEVROLET,ROJO,2,,,MASCULINO,SIN DATOS,0,0,Morelia,Alberto Oviedo Mota,julio,martes,15,-101.196663938463,19.6812142890663
24427,24431,2019,,2019/07/30,14:55:00,COLISIÓN POR ALCANCE,ASFALTO,Bueno,Bueno,2,VENTO,ROJO Y NEGRO,2,,54,MASCULINO,SIN DATOS,0,0,Morelia,Alberto Oviedo Mota,julio,martes,15,-101.197557114065,19.681129999911
24428,24432,2019,MOR190590655,2019/07/30,17:30:00,COLISIÓN POR INVASIÓN DE CARRIL,ASFALTO,Bueno,Bueno,2,INTERNACIONAL,BLANCO,2,MINISTERIO PÚBLICO,,,,2,0,Tzitzio,Sin datos,julio,martes,18,-101.014651,19.381847
24429,24433,2019,,2019/07/30,19:50:00,CAIDA ACUATICA DE VEHÍCULO,CONCRETO,Bueno,Bueno,1,DODGE,NEGRO,1,,19,MASCULINO,SIN DATOS,0,0,Morelia,Jacarandas,julio,martes,20,-101.209355816245,19.7083429893571
24430,24434,2019,,2019/07/30,21:45:00,COLISIÓN POR ALCANCE,ASFALTO,Bueno,Bueno,2,DODGE,GRIS,2,,,,,2,0,Morelia,Tinijaro,julio,martes,22,-101.260677203536,19.6967214759532
24431,24435,2019,,2019/07/30,22:15:00,COLISIÓN POR CAMBIO DE CARRIL,ASFALTO,Lluvioso,Regular,2,NISSAN,BLANCO,2,,30,MASCULINO,SIN DATOS,0,0,Morelia,Jardines de Torremolinos,julio,martes,22,-101.22574813664,19.6768472947966
24432,24436,2019,LEG25659,2019/07/31,"00:17:00",VOLCADURA,ASFALTO,Nublado,Regular,1,NISSAN,BLANCO,1,,25,MASCULINO,SIN DATOS,0,0,Morelia,Praderas del Indio,julio,miércoles,0,-101.223494028547,19.6450845894654
24433,24437,2019,,2019/07/31,"02:45:00",CAIDA DE MOTOCICLETA,ASFALTO,Bueno,Bueno,1,ITALIKA,NEGRO Y  VERDE,0,,,,,0,0,Morelia,El Lago 2,julio,miércoles,3,-101.214435013967,19.7262881110028
24434,24438,2019,,2019/07/31,"08:40:00",COLISIÓN POR ALCANCE,ASFALTO,Bueno,Bueno,2,NISSAN,BLANCO,2,,19,MASCULINO,SIN DATOS,0,0,Morelia,Ventura Puente,julio,miércoles,9,-101.193225725,19.6917077449992
24435,24439,2019,MOR 108589656,2019/07/31,"09:20:00",COLISIÓN POR CORTE DE CIRCULACIÓN,SIN_DATOS,Bueno,Bueno,1,CHEVROLET,ROJO  Y NEGRO,1,,45,MASCULINO,SIN DATOS,0,0,Morelia,Arcos del Valle,julio,miércoles,9,-101.236248649657,19.7076255468079
24436,24440,2019,,2019/07/31,12:05:00,COLISIÓN POR CAMBIO DE CARRIL,ASFALTO,Bueno,Bueno,2,FORD,BLANCO,2,,44,MASCULINO,SIN DATOS,0,0,Morelia,Gral Gertrudis Sanchez,julio,miércoles,12,-101.2094753,19.7439916449991