fid,id_accidente,anio_origen,folio_c5i,dia_incidente,hora_ocurrencia,tipo_incidente_vial,superficie_ocurrencia,condiciones_climaticas,condiciones_via,numero_vehiculos_involucrados,marca_vehiculo_ocasiona_siniestro,color_vehiculo_ocasiona_siniestro,numero_personas_involucradas,lugar_remite_presunto_responsable,edad_presunto_responsable,sexo_presunto_responsable,resultados_toxicologia,numero_personas_lesionadas,numero_personas_fallecidas,municipio,colonia,mes,dia_semana,hora_redondeada,lon,lat
24540,24545,2019,MOR190608971,2019/08/06,15:50:00,COLISIÓN POR CORTE DE CIRCULACIÓN,ASFALTO,Bueno,Bueno,2,BMW,BLANCO,2,MINISTERIO PÚBLICO,39,MASCULINO,SIN DATOS,0,0,Morelia,Felix Ireta,agosto,martes,16,-101.180859692395,19.6849248620803
24541,24546,2019,MOR190675329,2019/08/06,16:36:00,COLISIÓN POR CAMBIO DE CARRIL,ASFALTO,Nublado,Regular,2,CHEVROLET,GRIS,2,,36,MASCULINO,SIN DATOS,0,0,Morelia,Ventura Puente,agosto,martes,17,-101.189458854496,19.6959537912674
24542,24547,2019,"190608442",2019/08/06,18:20:00,COLISIÓN POR ALCANCE,ASFALTO,Bueno,Bueno,3,NISSAN,ROJO,3,,,MASCULINO,SIN DATOS,0,0,Morelia,Centenario (Alamos),agosto,martes,18,-101.168703250587,19.7291714082498
24543,24548,2019,MOR190609902,2019/08/06,21:00:00,COLISIÓN POR CORTE DE CIRCULACIÓN,ASFALTO,Nublado,Bueno,2,CHEVROLET,ROJO,2,,48,FEMENINO,SIN DATOS,0,0,Morelia,Centro,agosto,martes,21,-101.181264035404,19.7042200969988
24544,24549,2019,,2019/08/06,21:05:00,COLISIÓN POR CORTE DE CIRCULACIÓN,ASFALTO,Bueno,Bueno,2,NISSAN VERSA,AZUL,2,,28,MASCULINO,SIN DATOS,0,0,Morelia,Poblado de Ocolusen,agosto,martes,21,-101.149480864406,19.6946813584179
24545,24550,2019,MOR190564321,2019/08/06,21:26:00,SUBIDA AL CAMELLÓN,ASFALTO,Lluvioso,Malo,1,DODGE,GUINDA,1,,,MASCULINO,SIN DATOS,0,0,Morelia,Los Laureles,agosto,martes,21,-101.2325572595,19.7131093396427
24546,24551,2019,MOR-19022965,2019/08/07,"00:20:00",VOLCADURA,ASFALTO,Lluvioso,Regular,1,NISSAN,BLANCO,1,,52,MASCULINO,ALIENTO ETÍLICO,0,0,Tarímbaro,Sin datos,agosto,miércoles,0,-101.159367486835,19.7673929631885
24547,24552,2019,MOR190765429,2019/08/07,"01:20:00",COLISIÓN POR CORTE DE CIRCULACIÓN,ASFALTO,Lluvioso,Regular,1,CHEVROLET,BLANCO,1,,39,MASCULINO,SIN DATOS,0,0,Morelia,Lomas de Huerta,agosto,miércoles,1,-101.210146732628,19.67232327512
24548,24553,2019,,2019/08/07,"08:10:00",COLISIÓN POR CAMBIO DE CARRIL,ASFALTO,Bueno,Bueno,3,NISSAN,BLANCO Y ROJO,1,MINISTERIO PÚBLICO,,,SIN DATOS,0,0,Morelia,Praderas del Indio,agosto,miércoles,8,-101.223494028547,19.6450845894654
24549,24554,2019,,2019/08/07,"08:30:00",COLISIÓN POR CORTE DE CIRCULACIÓN,ASFALTO,Bueno,Bueno,2,ITALIKA,VERDE,2,,23,MASCULINO,SIN DATOS,0,0,Morelia,Torreon Nuevo,agosto,miércoles,9,-101.20358663,19.7462449699991
24550,24555,2019,MOR190610563,2019/08/07,"09:55:00",COLISIÓN POR INVASIÓN DE CARRIL,ASFALTO,Bueno,Bueno,2,CHEVROLET,ROJO,2,,,FEMENINO,SIN DATOS,0,0,Morelia,Jardines de Torremolinos,agosto,miércoles,10,-101.226202580319,19.6783745439089
24551,24556,2019,MOR190611077,2019/08/07,13:05:00,COLISIÓN POR CORTE DE CIRCULACIÓN,ASFALTO,Bueno,Bueno,2,BAJAJ,NEGRO,2,,,MASCULINO,SIN DATOS,0,0,Morelia,Alcaide Ignacio Perez,agosto,miércoles,13,-101.21852744,19.6945423049991
24552,24557,2019,,2019/08/07,17:00:00,COLISIÓN POR CORTE DE CIRCULACIÓN,ASFALTO,Bueno,Bueno,1,CHEVROLET,GUINDA,0,MINISTERIO PÚBLICO,,,,0,0,Múgica,Centro,agosto,miércoles,17,-102.094631977379,19.0203951697522
24553,24558,2019,,2019/08/07,18:20:00,COLISIÓN POR ALCANCE,ASFALTO,Bueno,Bueno,2,JEEP,GRIS,2,,20,MASCULINO,SIN DATOS,0,0,Morelia,San Isidro Itzicuaro,agosto,miércoles,18,-101.2774995,19.690198
24554,24559,2019,,2019/08/07,21:10:00,COLISIÓN POR CAMBIO DE CARRIL,ASFALTO,Bueno,Bueno,2,ITALIKA,NEGRO,2,,35,MASCULINO,ALIENTO ETÍLICO,0,0,Morelia,El Lago 2,agosto,miércoles,21,-101.214435013967,19.7262881110028
24555,24560,2019,MOR190612449,2019/08/07,22:49:00,COLISIÓN POR CORTE DE CIRCULACIÓN,ASFALTO,Bueno,Bueno,2,FORD,GRIS,2,,42,MASCULINO,ALIENTO ETÍLICO,0,0,Morelia,Gral Gertrudis Sanchez,agosto,miércoles,23,-101.210861225724,19.743174252879
24556,24561,2019,MOR190612655,2019/08/07,23:36:00,COLISIÓN CONTRA OBJETO FIJO,CONCRETO,Bueno,Bueno,2,SEAT,AZUL,0,,,,,0,0,Morelia,Agustin Arriaga Rivera,agosto,miércoles,0,-101.220842975,19.6919314699992
24557,24562,2019,,2019/08/08,"00:00:00",COLISIÓN POR CAMBIO DE CARRIL,ASFALTO,Bueno,Bueno,2,FORD,AZUL,2,,,MASCULINO,SIN DATOS,0,0,Morelia,Nueva Valladolid,agosto,jueves,0,-101.2082862854,19.7016677770529
24559,24564,2019,MOR190612856,2019/08/08,"04:45:00",COLISIÓN POR CORTE DE CIRCULACIÓN,ASFALTO,Bueno,Bueno,1,FORD,ROJO,0,,,,,0,0,Morelia,Sin datos,agosto,jueves,5,-101.347977,19.546023
24562,24567,2019,,2019/08/08,"09:15:00",COLISIÓN CON PEATÓN,ASFALTO,Bueno,Bueno,1,VOLKSWAGEN,BLANCO,2,,,MASCULINO,SIN DATOS,1,0,Morelia,Camelinas,agosto,jueves,9,-101.17262119,19.6818144849991
24564,24569,2019,MOR190613335,2019/08/08,11:05:00,COLISIÓN POR CORTE DE CIRCULACIÓN,ASFALTO,Bueno,Bueno,1,SEAT,ROJO,1,,43,FEMENINO,SIN DATOS,0,0,Morelia,Morelos,agosto,jueves,11,-101.20773215,19.7006130699992
24566,24571,2019,,2019/08/08,13:00:00,COLISIÓN POR CORTE DE CIRCULACIÓN,ASFALTO,Bueno,Bueno,2,FORD,ROJO,2,,38,MASCULINO,SIN DATOS,0,0,Los Reyes,Sin Nombre,agosto,jueves,13,-102.479095458984,19.6053986619844
24568,24573,2019,MOR190876981,2019/08/08,13:45:00,COLISIÓN POR MANIOBRA DE REVERSA,ASFALTO,Bueno,Bueno,2,CHEVROLET,GRIS,2,,35,MASCULINO,SIN DATOS,0,0,Morelia,Hacienda del Quinceo,agosto,jueves,14,-101.234705320459,19.7288475922644
24571,24576,2019,,2019/08/08,18:16:00,COLISIÓN POR INVASIÓN DE CARRIL,ASFALTO,Bueno,Bueno,2,MITSUBISHI,BLANCO,1,MINISTERIO PÚBLICO,35,MASCULINO,SIN DATOS,0,0,Los Reyes,Sin datos,agosto,jueves,18,-102.388114929199,19.5769352814595
24572,24577,2019,MOR190675981,2019/08/08,18:50:00,COLISIÓN POR CORTE DE CIRCULACIÓN,ASFALTO,Bueno,Bueno,2,CHEVROLET,ARENA,2,MINISTERIO PÚBLICO,30,MASCULINO,SIN DATOS,0,0,Morelia,Nueva Chapultepec,agosto,jueves,19,-101.174621209502,19.6892726957017
24573,24578,2019,,2019/08/08,20:10:00,SUBIDA AL CAMELLÓN,CONCRETO,Bueno,Bueno,1,CHEVROLET,TURQUESA,2,,51,MASCULINO,SIN DATOS,1,0,Morelia,Insurgentes,agosto,jueves,20,-101.155416805,19.6953315299991
24574,24579,2019,MOR 190614963,2019/08/08,20:10:00,COLISIÓN POR CAMBIO DE CARRIL,ASFALTO,Bueno,Bueno,3,NISSAN,GRIS,2,,,MASCULINO,SIN DATOS,0,0,Morelia,Villas Lomas del Paraiso,agosto,jueves,20,-101.183243326701,19.6753951296653
24575,24580,2019,,2019/08/08,21:15:00,COLISIÓN CONTRA OBJETO FIJO,ASFALTO,Lluvioso,Regular,1,FORD,BLANCO,0,,,,,0,0,Copándaro,Sin datos,agosto,jueves,21,-101.194091,19.880205
24576,24581,2019,MOR190615237,2019/08/08,21:35:00,COLISIÓN POR ALCANCE,CONCRETO,Bueno,Bueno,2,HONDA,NEGRO,2,,39,MASCULINO,SIN DATOS,0,0,Morelia,Los Manantiales de Morelia,agosto,jueves,22,-101.24046146,19.6969507749992
24577,24582,2019,,2019/08/09,"01:00:00",COLISIÓN POR CAMBIO DE CARRIL,ASFALTO,Bueno,Bueno,2,FORD,ROJO,1,MINISTERIO PÚBLICO,,,SIN DATOS,0,0,Lázaro Cárdenas,Lirios,agosto,viernes,1,-102.210565768182,17.9664860818959
24581,24586,2019,MOR 190 615611,2019/08/09,"07:16:00",COLISIÓN POR CAMBIO DE CARRIL,CONCRETO,Bueno,Bueno,2,ITALIKA,NEGRO Y GRIS,1,,46,MASCULINO,SIN DATOS,0,0,Morelia,Elias Perez Avalos,agosto,viernes,7,-101.167813022979,19.7136335493406
24582,24587,2019,,2019/08/09,"09:40:00",COLISIÓN POR CAMBIO DE CARRIL,ASFALTO,Bueno,Bueno,2,DAIMLER,BLANCO,2,,0,MASCULINO,SIN DATOS,0,0,Morelia,Sentimientos de La Nacion,agosto,viernes,10,-101.235218010843,19.6810883288516
24583,24588,2019,,2019/08/09,10:10:00,COLISIÓN POR ALCANCE,CONCRETO,Bueno,Bueno,2,Nissan,Negro,2,,32,FEMENINO,SIN DATOS,0,0,Morelia,Centro,agosto,viernes,10,-101.197696667758,19.7063194797888
24584,24589,2019,,2019/08/09,11:00:00,COLISIÓN POR ALCANCE,CONCRETO,Bueno,Bueno,2,MAZDA,NEGRO,2,,0,MASCULINO,SIN DATOS,0,0,Morelia,Sin datos,agosto,viernes,11,-101.1231394,19.6971186
24585,24590,2019,,2019/08/09,15:10:00,COLISIÓN POR CAMBIO DE CARRIL,ASFALTO,Bueno,Bueno,2,FREIGHTLINER,BLANCO,2,,42,MASCULINO,SIN DATOS,0,0,Morelia,El Lago 1,agosto,viernes,15,-101.216982007027,19.7273071776246
24586,24591,2019,,2019/08/09,15:40:00,COLISIÓN POR ALCANCE,ASFALTO,Bueno,Regular,2,Chevrolet,Blanco,2,,48,MASCULINO,SIN DATOS,0,0,Morelia,Los Angeles,agosto,viernes,16,-101.177262179553,19.7402026510503
24587,24592,2019,,2019/08/09,15:50:00,COLISIÓN POR ALCANCE,ASFALTO,Bueno,Bueno,3,sin datos,arena,3,,,,SIN DATOS,0,0,Morelia,Nueva Valladolid,agosto,viernes,16,-101.20931725949,19.6981870742788
24588,24593,2019,,2019/08/09,16:15:00,COLISIÓN POR ALCANCE,ASFALTO,Bueno,Bueno,2,NISSAN,BLANCO,2,,63,MASCULINO,SIN DATOS,0,0,Zacapu,Sin datos,agosto,viernes,16,-101.782579421997,19.7793036926236
24589,24594,2019,,2019/08/09,16:40:00,COLISIÓN POR CAMBIO DE CARRIL,CONCRETO,Bueno,Bueno,2,NISSAN,BLANCO/Rojo,1,,65,MASCULINO,SIN DATOS,0,0,Morelia,Centro,agosto,viernes,17,-101.185880452394,19.6990557577114
24590,24595,2019,,2019/08/09,19:00:00,COLISIÓN POR ALCANCE,ASFALTO,Bueno,Bueno,2,Toyota,blanco,2,,,MASCULINO,SIN DATOS,0,0,Morelia,Centro,agosto,viernes,19,-101.178698837757,19.7044912351991
24591,24596,2019,,2019/08/09,19:10:00,COLISIÓN POR CORTE DE CIRCULACIÓN,ASFALTO,Lluvioso,Bueno,2,RENAULT,BLANCO,2,,0,FEMENINO,SIN DATOS,0,0,Morelia,Pascual Ortiz de Ayala,agosto,viernes,19,-101.15081358701,19.6948256163841
24592,24597,2019,LEG25829,2019/08/09,20:30:00,COLISIÓN POR CORTE DE CIRCULACIÓN,SIN_DATOS,Bueno,Bueno,2,SEAT,ROJO,2,,0,MASCULINO,SIN DATOS,0,0,Morelia,Granjas del Maestro,agosto,viernes,21,-101.188381277025,19.7128716725381
24593,24598,2019,,2019/08/09,21:00:00,VOLCADURA,ASFALTO,Bueno,Bueno,1,FORD,GRIS,0,,,,,0,0,Ixtlán,Rancho Nuevo,agosto,viernes,21,-102.390657663345,20.1712224080645
24594,24599,2019,,2019/08/09,22:40:00,COLISIÓN POR ALCANCE,ASFALTO,Bueno,Bueno,2,KENWORTH,BLANCO,2,,0,MASCULINO,SIN DATOS,0,0,Morelia,Vicente Lombardo Toledano (Ejidal Isacc Arriaga) (Etnias de Mexico),agosto,viernes,23,-101.149423196912,19.7201179932028
24595,24600,2019,MOR190618343,2019/08/10,"00:00:00",SUBIDA AL CAMELLÓN,ASFALTO,Bueno,Bueno,1,NISSAN,BLANCO,0,,,,,0,0,Morelia,Francisco J Mujica,agosto,sábado,0,-101.18466373533,19.7249900351932
24596,24601,2019,MOR190618514,2019/08/10,"00:00:00",SALIDA DE SUPERFICIE DE RODAMIENTO,SIN_DATOS,Bueno,Bueno,1,NISSAN,BLANCO,0,,,,,0,0,Morelia,Arkos San Pedro,agosto,sábado,0,-101.279196515679,19.627862388983
24597,24602,2019,,2019/08/10,"00:00:00",SUBIDA AL CAMELLÓN,ASFALTO,Bueno,Bueno,1,VOLKSWAGEN,VERDE,1,,0,MASCULINO,SIN DATOS,0,0,Morelia,Rafael Carrillo,agosto,sábado,0,-101.233400814235,19.7120229487461
24598,24603,2019,MOR190618263,2019/08/10,"01:01:00",COLISIÓN POR CAMBIO DE CARRIL,ASFALTO,Bueno,Bueno,2,HONDA,BLANCO,2,MINISTERIO PÚBLICO,25,MASCULINO,SIN DATOS,0,0,Morelia,Isaac Arriaga,agosto,sábado,1,-101.169542782009,19.7085443650859
24599,24604,2019,MOR190618409,2019/08/10,"05:18:00",COLISIÓN CONTRA OBJETO FIJO,ASFALTO,Lluvioso,Regular,2,CHEVROLET,BLANCO,2,,34,MASCULINO,ALIENTO ETÍLICO,0,0,Morelia,Obrera,agosto,sábado,5,-101.182818375528,19.7090140303774
24600,24605,2019,MOR-190618618,2019/08/10,"09:15:00",COLISIÓN POR CAMBIO DE CARRIL,ASFALTO,Bueno,Bueno,2,CHEVROLET,AZUL,2,,43,MASCULINO,ALIENTO ETÍLICO,0,0,Morelia,Los Angeles,agosto,sábado,9,-101.176134645939,19.742393976435
24601,24606,2019,,2019/08/10,"09:40:00",COLISIÓN POR CAMBIO DE CARRIL,ASFALTO,Bueno,Bueno,2,DAIMLER,BLANCO,2,,45,MASCULINO,SIN DATOS,0,0,Morelia,Sentimientos de La Nacion,agosto,sábado,10,-101.235219016671,19.6810902229909
24602,24607,2019,MOR190618660,2019/08/10,"09:50:00",COLISIÓN POR ALCANCE,ASFALTO,Bueno,Bueno,2,GENERAL MOTORS,ROJO,2,,22,MASCULINO,SIN DATOS,0,0,Morelia,Comision Federal de Electricidad,agosto,sábado,10,-101.18130594492,19.6814220127128
24603,24608,2019,,2019/08/10,12:02:00,COLISIÓN POR ALCANCE,ASFALTO,Bueno,Bueno,2,FORD,AZUL,2,,56,FEMENINO,SIN DATOS,0,0,Morelia,Fovissste La Huerta,agosto,sábado,12,-101.212324351072,19.692085639801
24604,24609,2019,,2019/08/10,13:00:00,COLISIÓN POR CAMBIO DE CARRIL,ASFALTO,Bueno,Bueno,2,FORD,AZUL,0,MINISTERIO PÚBLICO,,,,0,0,Tacámbaro,Centro,agosto,sábado,13,-101.456587,19.234897
24605,24610,2019,MOR190619202,2019/08/10,14:00:00,COLISIÓN CONTRA OBJETO FIJO,ASFALTO,Bueno,Bueno,1,SEAT,ROJO,1,,39,FEMENINO,SIN DATOS,0,0,Morelia,Periodistas,agosto,sábado,14,-101.143407672644,19.6857276402174
24606,24611,2019,,2019/08/10,14:00:00,COLISIÓN POR ALCANCE,ASFALTO,Bueno,Bueno,2,NISSAN ESTACAS,BLANCO,2,,39,FEMENINO,SIN DATOS,0,0,Morelia,Jardines de Guadalupe,agosto,sábado,14,-101.227120757103,19.7126797710856
24607,24612,2019,,2019/08/10,14:10:00,COLISIÓN POR ALCANCE,ASFALTO,Bueno,Bueno,2,TOYOTA HILUX,AZUL,2,,47,MASCULINO,SIN DATOS,0,0,Tarímbaro,Campestre Tarimbaro,agosto,sábado,14,-101.130164936185,19.7767882242488
24608,24613,2019,,2019/08/10,15:00:00,COLISIÓN POR CAMBIO DE CARRIL,ASFALTO,Bueno,Bueno,2,FREIGHTLINER,AMARILLO,2,,42,MASCULINO,SIN DATOS,0,0,Morelia,El Lago 1,agosto,sábado,15,-101.217229440808,19.7273381062939
24609,24614,2019,,2019/08/10,15:00:00,COLISIÓN POR CORTE DE CIRCULACIÓN,CONCRETO,Bueno,Bueno,2,Jeep,Blanco,2,,32,MASCULINO,SIN DATOS,0,0,Morelia,Isaac Arriaga,agosto,sábado,15,-101.171785611659,19.7114832224595
24611,24616,2019,MOR 190 611607,2019/08/10,18:18:00,COLISIÓN POR CAMBIO DE CARRIL,CONCRETO,Bueno,Bueno,2,FORD,ROJO,0,,,,,0,0,Morelia,Las Flores,agosto,sábado,18,-101.206260882318,19.7076066085536
24612,24617,2019,,2019/08/10,18:35:00,COLISIÓN POR CAMBIO DE CARRIL,ASFALTO,Bueno,Bueno,2,NISSAN VERSA,PLATA,2,,52,MASCULINO,SIN DATOS,0,0,Morelia,Francisco J Mujica,agosto,sábado,19,-101.187155842781,19.7228278225412
24613,24618,2019,LEG25824,2019/08/10,18:36:00,SUBIDA AL CAMELLÓN,ASFALTO,Bueno,Bueno,1,NISSAN,BLANCO,1,,52,MASCULINO,SIN DATOS,0,0,Morelia,Virrey Antonio de Mendoza,agosto,sábado,19,-101.158933639526,19.7078493336765
24614,24619,2019,MOR 190 620 150,2019/08/10,19:03:00,COLISIÓN CON PEATÓN,ASFALTO,Bueno,Bueno,1,TOYOTA,GRIS,2,,,MASCULINO,SIN DATOS,1,0,Morelia,Centro,agosto,sábado,19,-101.1924796924,19.7029723503239
24615,24620,2019,,2019/08/10,21:30:00,COLISIÓN POR ALCANCE,ASFALTO,Bueno,Bueno,2,CHEVROLET,NEGRO,2,,46,MASCULINO,SIN DATOS,0,0,Cuitzeo,Centro,agosto,sábado,22,-101.139360889792,19.9710383840711
24616,24621,2019,MOR190345345,2019/08/10,21:50:00,COLISIÓN POR CORTE DE CIRCULACIÓN,ASFALTO,Bueno,Bueno,1,RENAULT,ROJO,1,,20,MASCULINO,SIN DATOS,0,0,Tarímbaro,Sin datos,agosto,sábado,22,-101.168304942548,19.757560758733
24617,24622,2019,MOR190765941,2019/08/10,22:00:00,COLISIÓN POR CORTE DE CIRCULACIÓN,CONCRETO,Bueno,Bueno,2,ITALIKA,NEGRO NARANJA,2,,55,MASCULINO,SIN DATOS,0,0,Morelia,Indeco Expropiacion Petrolera,agosto,sábado,22,-101.225694157183,19.6858390754803
24618,24623,2019,MOR190618081,2019/08/10,22:20:00,SUBIDA AL CAMELLÓN,ASFALTO,Lluvioso,Bueno,1,FORD,ARENA,1,,0,MASCULINO,SIN DATOS,0,0,Morelia,Tierra Y Libertad,agosto,sábado,22,-101.230344101787,19.7155696310787
24619,24624,2019,,2019/08/10,22:40:00,COLISIÓN POR ALCANCE,ASFALTO,Lluvioso,Regular,2,KENWORTH,BLANCO,2,,0,MASCULINO,SIN DATOS,0,0,Morelia,Ciudad Industrial,agosto,sábado,23,-101.146924383938,19.7220085032588
24620,24625,2019,MOR190620852,2019/08/10,23:50:00,COLISIÓN CONTRA OBJETO FIJO,ASFALTO,Lluvioso,Bueno,2,SD,SD,1,,31,MASCULINO,SIN DATOS,0,0,Morelia,Chapultepec Sur,agosto,sábado,0,-101.169835813344,19.6906840668293
24621,24626,2019,,2019/08/10,23:50:00,SALIDA DE SUPERFICIE DE RODAMIENTO,ASFALTO,Bueno,Bueno,1,VOLKSWAGEN BORA,NEGRO,1,,,,SIN DATOS,0,0,Morelia,Lomas de Huerta,agosto,sábado,0,-101.210144385695,19.6723248536558
24622,24627,2019,,2019/08/11,"01:45:00",COLISIÓN POR NO RESPETAR SEMÁFORO,ASFALTO,Bueno,Bueno,2,SEAT,BLANCO,2,MINISTERIO PÚBLICO,48,MASCULINO,CON CERTIFICADO,0,0,Morelia,Los Pinos de Michoacan,agosto,domingo,2,-101.216326542199,19.6830989451119
24623,24628,2019,,2019/08/11,"02:00:00",SUBIDA AL CAMELLÓN,ASFALTO,Bueno,Bueno,1,FORD F-150,ROJO,1,,,MASCULINO,SIN DATOS,0,0,Morelia,Los Pinos de Michoacan,agosto,domingo,2,-101.214117072523,19.6878452126292
24624,24629,2019,MOR 190 621132,2019/08/11,"02:53:00",COLISIÓN POR CORTE DE CIRCULACIÓN,ADOQUIN_EMPEDRADO,Lluvioso,Bueno,2,HONDA,GRIS,2,,,MASCULINO,SIN DATOS,0,0,Morelia,Centro,agosto,domingo,3,-101.200207136571,19.7020740171964
24625,24630,2019,MOR 190 521024,2019/08/11,"02:54:00",COLISIÓN POR INVASIÓN DE CARRIL,ASFALTO,Lluvioso,Bueno,2,MERCEDES BENZ,BLANCO,2,,37,MASCULINO,SIN DATOS,0,0,Morelia,Nueva Jacarndas,agosto,domingo,3,-101.192016005516,19.6822601654193
24626,24631,2019,LEG25853,2019/08/11,"09:10:00",COLISIÓN POR ALCANCE,ASFALTO,Bueno,Bueno,2,NISSAN,NARANJA,1,,,MASCULINO,SIN DATOS,0,0,Morelia,Avicola Benito Juarez,agosto,domingo,9,-101.278513893485,19.6917930151062
24627,24632,2019,,2019/08/11,10:40:00,COLISIÓN POR CAMBIO DE CARRIL,CONCRETO,Bueno,Bueno,2,VOLKSWAGEN,ROJO,1,MINISTERIO PÚBLICO,,,SIN DATOS,0,0,Morelia,Guadalupe,agosto,domingo,11,-101.220074258745,19.7101458928121
24628,24633,2019,MOR190621783,2019/08/11,12:47:00,CAIDA DE MOTOCICLETA,CONCRETO,Bueno,Bueno,1,S/D,BLANCO,1,,,,,1,0,Morelia,Centro,agosto,domingo,13,-101.183160692453,19.7029748754977
24629,24634,2019,,2019/08/11,15:40:00,COLISIÓN POR CORTE DE CIRCULACIÓN,ASFALTO,Bueno,Bueno,1,NISSAN,BLANCO,1,,54,MASCULINO,SIN DATOS,0,0,Morelia,Sin datos,agosto,domingo,16,-101.47771820426,19.7877250011078
24630,24635,2019,,2019/08/11,16:49:00,COLISIÓN POR CORTE DE CIRCULACIÓN,ASFALTO,Bueno,Bueno,2,FORD,NEGRO,2,MINISTERIO PÚBLICO,,MASCULINO,SIN DATOS,0,0,Morelia,Lomas de La Maestranza,agosto,domingo,17,-101.331514343619,19.6843698915937
24631,24636,2019,MOR190622464,2019/08/11,17:37:00,CAIDA DE MOTOCICLETA,CONCRETO,Bueno,Bueno,2,S//D,S/D,1,,25,MASCULINO,SIN DATOS,0,0,Morelia,Vasco de Quiroga,agosto,domingo,18,-101.171941012144,19.7025661124612
24632,24637,2019,MOR190123789,2019/08/11,19:21:00,COLISIÓN POR MANIOBRA DE REVERSA,CONCRETO,Bueno,Bueno,2,FORD,GUINDA,2,,44,MASCULINO,SIN DATOS,0,0,Morelia,Centro,agosto,domingo,19,-101.192833408713,19.7029821353723
24633,24638,2019,,2019/08/11,19:50:00,COLISIÓN POR CORTE DE CIRCULACIÓN,CONCRETO,Bueno,Bueno,1,NISSAN,Amarillo,0,,,,,0,0,Morelia,Sin datos,agosto,domingo,20,-101.252991333604,19.7898172453123
24634,24639,2019,,2019/08/11,23:00:00,SALIDA DE SUPERFICIE DE RODAMIENTO,ASFALTO,Lluvioso,Bueno,1,VOLKSWAGEN,ROJO,1,,0,MASCULINO,SIN DATOS,0,0,Morelia,Lazaro Cardenas,agosto,domingo,23,-101.165426261723,19.7100190084649
24635,24640,2019,,2019/08/12,"00:00:00",COLISIÓN POR ALCANCE,ADOQUIN_EMPEDRADO,Bueno,Bueno,5,FORD,BLANCO,6,,49,MASCULINO,SIN DATOS,0,0,Pátzcuaro,Centro,agosto,lunes,0,-101.609361,19.515744
24639,24644,2019,MOR190654983,2019/08/12,13:23:00,COLISIÓN POR ALCANCE,ASFALTO,Bueno,Bueno,2,VOLKSWAGEN,ROJO,2,,,MASCULINO,SIN DATOS,0,0,Morelia,Lomas del Tecnologico,agosto,lunes,13,-101.194542646408,19.7231936686483
24640,24645,2019,LEG25882,2019/08/12,14:25:00,COLISIÓN POR CAMBIO DE CARRIL,ASFALTO,Bueno,Bueno,2,FORD,NEGRO,2,,,FEMENINO,SIN DATOS,0,0,Morelia,Agustin Arriaga Rivera,agosto,lunes,14,-101.222967356443,19.6906562877815
24641,24646,2019,,2019/08/12,15:30:00,COLISIÓN POR CAMBIO DE CARRIL,CONCRETO,Bueno,Bueno,2,VOLKSWAGEN,ROJO,2,,,MASCULINO,SIN DATOS,0,0,Morelia,Morelia 450,agosto,lunes,16,-101.214810758829,19.6743946163798
24642,24647,2019,,2019/08/12,16:50:00,SALIDA DE SUPERFICIE DE RODAMIENTO,ASFALTO,Lluvioso,Bueno,1,FORD,ROJO,1,,55,MASCULINO,SIN DATOS,0,0,Los Reyes,Jardin,agosto,lunes,17,-102.476692199707,19.5887417262013
24643,24648,2019,MOR190624719,2019/08/12,17:30:00,COLISIÓN POR ALCANCE,ASFALTO,Bueno,Bueno,2,NISSAN,BCO/ROJO,1,,42,MASCULINO,SIN DATOS,0,0,Morelia,Los Angeles,agosto,lunes,18,-101.167963479351,19.7444751194994
24644,24649,2019,LEG25883,2019/08/12,18:00:00,COLISIÓN CONTRA OBJETO FIJO,ASFALTO,Bueno,Bueno,2,HECHIZO,ROJO,0,,,,,0,0,Tarímbaro,Sin datos,agosto,lunes,18,-101.172420792282,19.7495685893965
24646,24651,2019,MOR190622774,2019/08/12,20:03:00,COLISIÓN POR ALCANCE,CONCRETO,Bueno,Bueno,2,FORD,ROJO,2,,40,MASCULINO,SIN DATOS,0,0,Morelia,Villas Oriente,agosto,lunes,20,-101.142301261425,19.7532769451666
24647,24652,2019,MOR190565234,2019/08/12,20:31:00,COLISIÓN POR ALCANCE,ASFALTO,Bueno,Bueno,2,HONDA,GRIS,1,MINISTERIO PÚBLICO,0,,SIN DATOS,0,0,Morelia,Felix Ireta,agosto,lunes,21,-101.195666156709,19.6814949369077
24648,24653,2019,LEG25885,2019/08/12,21:00:00,COLISIÓN POR CORTE DE CIRCULACIÓN,ASFALTO,Lluvioso,Regular,2,VOLKSWAGEN,BLANCO,2,,,MASCULINO,SIN DATOS,0,0,Morelia,Chapultepec Norte,agosto,lunes,21,-101.172286011279,19.6967113748628
24649,24654,2019,,2019/08/12,21:30:00,COLISIÓN CONTRA OBJETO FIJO,SIN_DATOS,Bueno,Bueno,2,CHEVROLET,AZUL,1,MINISTERIO PÚBLICO,,,SIN DATOS,0,0,Lázaro Cárdenas,Infonavit Nuevo Horizonte,agosto,lunes,22,-102.207354493439,17.9575396315658
24650,24655,2019,,2019/08/12,21:30:00,COLISIÓN CONTRA OBJETO FIJO,ASFALTO,Bueno,Bueno,1,VOLKSWAGEN,ROJO,1,MINISTERIO PÚBLICO,,,,1,0,Morelia,Country Club  Las Huertas,agosto,lunes,22,-101.22927993536,19.6636985550211
24651,24656,2019,MOR190789539,2019/08/12,21:35:00,COLISIÓN POR ALCANCE,ASFALTO,Lluvioso,Malo,2,TOYOTA,BLANCO Y MORADO,2,,30,MASCULINO,SIN DATOS,0,0,Morelia,Tierra Y Libertad,agosto,lunes,22,-101.229045912623,19.7174384172725