fid,id_accidente,anio_origen,folio_c5i,dia_incidente,hora_ocurrencia,tipo_incidente_vial,superficie_ocurrencia,condiciones_climaticas,condiciones_via,numero_vehiculos_involucrados,marca_vehiculo_ocasiona_siniestro,color_vehiculo_ocasiona_siniestro,numero_personas_involucradas,lugar_remite_presunto_responsable,edad_presunto_responsable,sexo_presunto_responsable,resultados_toxicologia,numero_personas_lesionadas,numero_personas_fallecidas,municipio,colonia,mes,dia_semana,hora_redondeada,lon,lat
24652,24657,2019,MOR190598129,2019/08/12,22:16:00,COLISIÓN CON PEATÓN,ASFALTO,Lluvioso,Malo,1,INTERNATIONAL,ROJO,2,MINISTERIO PÚBLICO,59,MASCULINO,SIN DATOS,0,1,Morelia,Tierra Y Libertad,agosto,lunes,22,-101.229091845453,19.7176306286314
24653,24658,2019,,2019/08/13,"00:00:00",COLISIÓN POR INVASIÓN DE CARRIL,ASFALTO,Nublado,Bueno,2,FORD,GRIS,3,MINISTERIO PÚBLICO,35,MASCULINO,SIN DATOS,1,0,Tuxpan,Tuxpan,agosto,martes,0,-100.463814027607,19.5684166418744
24654,24659,2019,,2019/08/13,"08:40:00",COLISIÓN CONTRA OBJETO FIJO,ASFALTO,Bueno,Bueno,1,VOLKSWAGEN,GRIS,1,,,MASCULINO,SIN DATOS,0,0,Morelia,Vasco de Quiroga,agosto,martes,9,-101.172714125,19.7032647549991
24655,24660,2019,MOR190345876,2019/08/13,"09:29:00",CAIDA DE MOTOCICLETA,ASFALTO,Bueno,Bueno,1,SUZUKI,ROJO,2,MINISTERIO PÚBLICO,,,,2,0,Morelia,Jesus del Monte,agosto,martes,9,-101.154211082822,19.6509234359309
24656,24661,2019,,2019/08/13,"09:55:00",COLISIÓN POR INVASIÓN DE CARRIL,ASFALTO,Bueno,Regular,2,VOLKSWAGEN,NEGRO,2,,34,MASCULINO,SIN DATOS,0,0,Morelia,Hacienda La Trinidad,agosto,martes,10,-101.227628705227,19.6719256059271
24657,24662,2019,,2019/08/13,11:30:00,COLISIÓN POR CORTE DE CIRCULACIÓN,ASFALTO,Bueno,Bueno,2,TOYOTA,ROJO,1,MINISTERIO PÚBLICO,21,MASCULINO,SIN DATOS,0,0,Múgica,Lazaro Cardenas,agosto,martes,12,-102.095809131861,19.0170111536497
24658,24663,2019,MOR190062637,2019/08/13,12:00:00,COLISIÓN POR MANIOBRA DE REVERSA,ASFALTO,Bueno,Bueno,2,NISSAN,BLANCO,2,,37,MASCULINO,SIN DATOS,0,0,Morelia,Ventura Puente,agosto,martes,12,-101.19120822,19.6929872049991
24659,24664,2019,,2019/08/13,15:00:00,COLISIÓN POR ALCANCE,ASFALTO,Bueno,Bueno,2,MAZDA,GRIS,2,,28,FEMENINO,SIN DATOS,0,0,Morelia,Tzindurio de Morelos,agosto,martes,15,-101.244048914656,19.6997484196341
24662,24667,2019,MOR 190 628875,2019/08/14,"00:00:00",COLISIÓN POR ALCANCE,ASFALTO,Bueno,Bueno,2,VOLKSWAGEN,VERDE,2,,0,MASCULINO,SIN DATOS,0,0,Morelia,Vasco de Quiroga,agosto,miércoles,0,-101.17372814,19.7021216199992
24663,24668,2019,MOR190628473,2019/08/14,"06:43:00",COLISIÓN CONTRA OBJETO FIJO,ASFALTO,Bueno,Bueno,2,LUFK,BLANCO,1,,25,MASCULINO,SIN DATOS,0,0,Morelia,Sentimientos de La Nacion,agosto,miércoles,7,-101.236870922148,19.6848039557047
24664,24669,2019,,2019/08/14,"06:50:00",COLISIÓN CON PEATÓN,ASFALTO,Bueno,Bueno,1,NISSAN,BLANCO Y AZUL,1,MINISTERIO PÚBLICO,,,,1,0,Morelia,Lomas de Las Americas Sur,agosto,miércoles,7,-101.143795251846,19.6921778148908
24665,24670,2019,,2019/08/14,"09:10:00",COLISIÓN POR CORTE DE CIRCULACIÓN,ASFALTO,Bueno,Bueno,3,NISSAN,BLANCA,3,,23,MASCULINO,SIN DATOS,0,0,Morelia,Lomas de Hidalgo,agosto,miércoles,9,-101.163480405,19.6959576599991
24666,24671,2019,,2019/08/14,"09:20:00",COLISIÓN POR CORTE DE CIRCULACIÓN,CONCRETO,Bueno,Bueno,2,TRACKER,AZUL,2,,37,FEMENINO,SIN DATOS,0,0,Morelia,Ejidal Ocolusen,agosto,miércoles,9,-101.154042631388,19.685432162771
24667,24672,2019,,2019/08/14,10:10:00,COLISIÓN POR CORTE DE CIRCULACIÓN,ASFALTO,Bueno,Bueno,2,NISSAN,NEGRO,0,,,,,0,0,Morelia,Balcones de Santa Maria,agosto,miércoles,10,-101.187061965466,19.6758484224441
24668,24673,2019,,2019/08/14,10:30:00,COLISIÓN POR CAMBIO DE CARRIL,ASFALTO,Bueno,Bueno,2,NISSAN,BLANCO,2,,24,MASCULINO,SIN DATOS,0,0,Morelia,Centro,agosto,miércoles,11,-101.186651587486,19.7019045138586
24669,24674,2019,LEG25926,2019/08/14,11:10:00,COLISIÓN CONTRA OBJETO FIJO,ASFALTO,Bueno,Bueno,1,MITSUBISHI,MERCURY GRAY,1,,,MASCULINO,SIN DATOS,0,0,Morelia,Ejidal San Isidro,agosto,miércoles,11,-101.279508614475,19.6906503850057
24670,24675,2019,,2019/08/14,13:20:00,COLISIÓN POR CORTE DE CIRCULACIÓN,ASFALTO,Bueno,Bueno,3,MAZDA,GRIS/NARANJA,4,,43,FEMENINO,SIN DATOS,1,0,Tingüindín,Sin datos,agosto,miércoles,13,-102.428062290301,19.7461782720834
24671,24676,2019,,2019/08/14,13:25:00,COLISIÓN POR CAMBIO DE CARRIL,ASFALTO,Bueno,Bueno,3,CHEVROLET,BLANCO,3,,,MASCULINO,SIN DATOS,0,0,Morelia,Los Manantiales de Morelia,agosto,miércoles,13,-101.242822408676,19.6992028526223
24673,24678,2019,LEG25927,2019/08/14,14:40:00,COLISIÓN CON PEATÓN,ASFALTO,Bueno,Bueno,3,NISSAN,BLANCO,3,MINISTERIO PÚBLICO,42,MASCULINO,SIN DATOS,0,0,Morelia,Ferrocarrilero,agosto,miércoles,15,-101.223609235,19.6918737849991
24674,24679,2019,LEG25930,2019/08/14,15:00:00,COLISIÓN POR CAMBIO DE CARRIL,CONCRETO,Bueno,Bueno,2,DODGE,BLANCO,2,,42,MASCULINO,SIN DATOS,0,0,Morelia,Gral Gertrudis Sanchez,agosto,miércoles,15,-101.2094753,19.7439916449991
24675,24680,2019,MOR190698858,2019/08/14,15:40:00,COLISIÓN POR CORTE DE CIRCULACIÓN,ASFALTO,Bueno,Bueno,2,HONDA,PLATA,2,,35,MASCULINO,SIN DATOS,0,0,Morelia,Tinijaro,agosto,miércoles,16,-101.26316,19.6963297049991
24677,24682,2019,,2019/08/14,16:30:00,COLISIÓN CON PEATÓN,SIN_DATOS,Bueno,Bueno,1,SIN DATO,SIN DATO,0,,,,,0,0,Morelia,Granjas del Maestro,agosto,miércoles,17,-101.188594512641,19.7132917717888
24678,24683,2019,LEG25931,2019/08/14,16:30:00,COLISIÓN POR CORTE DE CIRCULACIÓN,ASFALTO,Bueno,Bueno,2,NISSAN,BLANCO Y NARANJA,2,,,MASCULINO,SIN DATOS,0,0,Morelia,Lomas de San Juan,agosto,miércoles,17,-101.183039681886,19.7298664251429
24679,24684,2019,MOR 190 630240,2019/08/14,18:10:00,COLISIÓN POR CORTE DE CIRCULACIÓN,ASFALTO,Bueno,Bueno,2,HONDA,BLANCO,2,,,MASCULINO,SIN DATOS,0,0,Morelia,Nueva Valladolid,agosto,miércoles,18,-101.21061145,19.7013961799992
24680,24685,2019,MOR19027587,2019/08/14,18:22:00,COLISIÓN POR ALCANCE,ASFALTO,Bueno,Bueno,2,NISSAN,GRIS,2,,,MASCULINO,SIN DATOS,0,0,Morelia,Centro,agosto,miércoles,18,-101.18754847,19.7028479949991
24681,24686,2019,,2019/08/14,19:00:00,COLISIÓN POR INVASIÓN DE CARRIL,ASFALTO,Bueno,Bueno,2,VOLKSWAGEN,ROJO,2,,,MASCULINO,SIN DATOS,0,0,Morelia,Lic Daniel Espinoza Galindo,agosto,miércoles,19,-101.226569735,19.7060046549991
24683,24688,2019,,2019/08/14,19:30:00,COLISIÓN POR CORTE DE CIRCULACIÓN,ASFALTO,Bueno,Bueno,2,Nissan,Blanco/cafe,2,,43,MASCULINO,SIN DATOS,0,0,Morelia,Cuauhtemoc,agosto,miércoles,20,-101.182449222821,19.6968549996818
24684,24689,2019,,2019/08/14,22:40:00,COLISIÓN CONTRA OBJETO FIJO,CONCRETO,Bueno,Bueno,1,HUMMER,NEGRO,2,,,MASCULINO,SIN DATOS,0,0,Morelia,Lomas de Huerta,agosto,miércoles,23,-101.210020718825,19.6732228500697
24687,24692,2019,,2019/08/15,"04:00:00",SALIDA DE SUPERFICIE DE RODAMIENTO,ASFALTO,Bueno,Regular,1,CHEVROLET,BLANCO,1,,0,,SIN DATOS,0,0,Morelia,Dr Miguel Silva,agosto,jueves,4,-101.187927793444,19.7204887484457
24688,24693,2019,,2019/08/15,"06:40:00",COLISIÓN CONTRA OBJETO FIJO,CONCRETO,Bueno,Bueno,1,FORD,AZUL,1,,,,,1,0,Morelia,La Quemada,agosto,jueves,7,-101.240059827697,19.7032952648833
24689,24694,2019,,2019/08/15,10:30:00,COLISIÓN POR ALCANCE,ASFALTO,Bueno,Bueno,2,VOLKSWAGEN,PLATA,2,,0,FEMENINO,SIN DATOS,0,0,Morelia,Lomas de Guayangareo,agosto,jueves,11,-101.160303242505,19.7044233717811
24690,24695,2019,,2019/08/15,11:49:00,COLISIÓN POR CORTE DE CIRCULACIÓN,ASFALTO,Nublado,Bueno,2,BMW,NEGRO,1,,31,FEMENINO,SIN DATOS,0,0,Los Reyes,Carlos Galvez Betancourt,agosto,jueves,12,-102.459075786173,19.5742248827931
24691,24696,2019,MOR190631534,2019/08/15,12:00:00,COLISIÓN POR ALCANCE,ASFALTO,Bueno,Bueno,2,FREIGHTLINER,BLANCO,2,,40,MASCULINO,SIN DATOS,0,0,Morelia,Francisco J Mujica,agosto,jueves,12,-101.188242472708,19.7214864848537
24692,24697,2019,MOR190631851,2019/08/15,12:08:00,COLISIÓN POR CAMBIO DE CARRIL,ASFALTO,Bueno,Bueno,2,KEMWORTH,ROJO,2,,34,MASCULINO,SIN DATOS,0,0,Morelia,Francisco J Mujica,agosto,jueves,12,-101.188166700304,19.7214565018826
24693,24698,2019,,2019/08/15,12:40:00,COLISIÓN POR MANIOBRA DE REVERSA,ASFALTO,Bueno,Bueno,2,NISSAN,BLANCO,2,,,MASCULINO,SIN DATOS,0,0,Morelia,Nueva Chapultepec,agosto,jueves,13,-101.169227873596,19.6894425808976
24694,24699,2019,,2019/08/15,13:30:00,COLISIÓN POR CORTE DE CIRCULACIÓN,ASFALTO,Bueno,Bueno,2,CHEVROLET,AZUL,2,,,FEMENINO,SIN DATOS,0,0,Morelia,Gertrudis Bocanegra,agosto,jueves,14,-101.212682425976,19.7020288794536
24695,24700,2019,,2019/08/15,14:00:00,COLISIÓN CONTRA OBJETO FIJO,CONCRETO,Bueno,Regular,1,CHEVROLET,BLANCO,1,MINISTERIO PÚBLICO,,MASCULINO,SIN DATOS,0,0,Tarímbaro,Sin datos,agosto,jueves,14,-101.207496710122,19.7883911417695
24696,24701,2019,MOR 190632117,2019/08/15,15:30:00,COLISIÓN POR INVASIÓN DE CARRIL,ASFALTO,Bueno,Bueno,2,CHEVROLET,PLATA,3,,44,MASCULINO,SIN DATOS,1,0,Morelia,Indeco Santiaguito,agosto,jueves,16,-101.17882758379,19.7202354011563
24697,24702,2019,,2019/08/15,16:00:00,COLISIÓN POR INVASIÓN DE CARRIL,SIN_DATOS,Bueno,Bueno,2,CHEVROLET,VERDE,2,,52,MASCULINO,SIN DATOS,0,0,Morelia,Francisco J Mujica,agosto,jueves,16,-101.185541297722,19.7240351029489
24698,24703,2019,,2019/08/15,18:10:00,COLISIÓN POR CORTE DE CIRCULACIÓN,ASFALTO,Bueno,Bueno,2,HONDA,ROJO,2,MINISTERIO PÚBLICO,,MASCULINO,SIN DATOS,0,0,Acuitzio,Sin datos,agosto,jueves,18,-101.34104155004,19.4490446271924
24699,24704,2019,MOR190632762,2019/08/15,19:56:00,COLISIÓN POR ALCANCE,ASFALTO,Bueno,Bueno,2,FORD,NEGRO,2,,39,MASCULINO,SIN DATOS,0,0,Morelia,Nueva Valladolid,agosto,jueves,20,-101.210659369826,19.7020553939334
24700,24705,2019,MOR 190632978,2019/08/15,21:10:00,COLISIÓN POR CAMBIO DE CARRIL,ASFALTO,Lluvioso,Bueno,2,VOLKSWAGEN,NARANJA,2,,20,MASCULINO,SIN DATOS,0,0,Morelia,Alfonso Espinoza Guerrero (Barranca Seca),agosto,jueves,21,-101.175193861127,19.6729433227736
24701,24706,2019,,2019/08/15,23:20:00,CAIDA DE MOTOCICLETA,ASFALTO,Bueno,Malo,2,SUZUKI,AZUL,3,,0,MASCULINO,SIN DATOS,1,0,Morelia,Nicolaitas Ilustres,agosto,jueves,23,-101.228315345943,19.7194451050961
24702,24707,2019,,2019/08/16,"00:00:00",COLISIÓN CONTRA OBJETO FIJO,ASFALTO,Bueno,Bueno,1,DODGE,BLANCO,1,,19,MASCULINO,ALIENTO ETÍLICO,0,0,Morelia,Felix Arreguin,agosto,viernes,0,-101.227815113962,19.7191433776143
24703,24708,2019,,2019/08/16,"00:00:00",COLISIÓN POR MANIOBRA DE REVERSA,ASFALTO,Bueno,Bueno,2,HONDA,BLANCO,2,,33,FEMENINO,SIN DATOS,0,0,Morelia,Isaac Arriaga,agosto,viernes,0,-101.167706474662,19.709432245958
24704,24709,2019,,2019/08/16,"01:00:00",COLISIÓN POR NO RESPETAR SEMÁFORO,ASFALTO,Bueno,Bueno,2,TOYOTA,BLANCO,2,MINISTERIO PÚBLICO,32,MASCULINO,SIN DATOS,0,0,Morelia,Comision Federal de Electricidad,agosto,viernes,1,-101.177011728287,19.6816701442535
24705,24710,2019,MOR190633577,2019/08/16,"07:00:00",COLISIÓN POR ALCANCE,ASFALTO,Bueno,Bueno,2,NISSAN,BLANCO,2,,0,MASCULINO,SIN DATOS,0,0,Morelia,Sentimientos de La Nacion,agosto,viernes,7,-101.234297845513,19.6788860610744
24708,24713,2019,,2019/08/16,10:20:00,COLISIÓN POR ALCANCE,CONCRETO,Bueno,Bueno,2,Chrysler,Blanco,2,,59,MASCULINO,SIN DATOS,0,0,Morelia,Isaac Arriaga,agosto,viernes,10,-101.170414938894,19.7086848229285
24709,24714,2019,,2019/08/16,10:20:00,COLISIÓN POR CAMBIO DE CARRIL,CONCRETO,Bueno,Bueno,2,CHEVROLET,ROJO,2,,44,MASCULINO,SIN DATOS,0,0,Morelia,Felix Ireta,agosto,viernes,10,-101.188407763839,19.6816815090477
24710,24715,2019,MOR190633931,2019/08/16,10:30:00,COLISIÓN POR ALCANCE,ASFALTO,Bueno,Bueno,2,NISSAN,BLANCON CON CAFE,2,,43,MASCULINO,SIN DATOS,0,0,Morelia,Jardines de Guadalupe,agosto,viernes,11,-101.227122433484,19.7126889242851
24711,24716,2019,MOR190634034,2019/08/16,11:50:00,COLISIÓN CONTRA OBJETO FIJO,CONCRETO,Bueno,Bueno,2,FREIGHTLINER,BLANCO,2,,48,MASCULINO,SIN DATOS,0,0,Morelia,Chapultepec Sur,agosto,viernes,12,-101.17461003,19.6919523499992
24712,24717,2019,LEG25968,2019/08/16,14:30:00,COLISIÓN POR ALCANCE,CONCRETO,Bueno,Bueno,3,AUDI,BLANCO CON ROJO,3,MINISTERIO PÚBLICO,23,MASCULINO,SIN DATOS,0,0,Morelia,Las Americas,agosto,viernes,15,-101.159017123282,19.6879676950903
24713,24718,2019,,2019/08/16,15:05:00,COLISIÓN POR MANIOBRA DE REVERSA,ASFALTO,Bueno,Bueno,2,GM,BLANCON CON MORADO,2,,35,MASCULINO,SIN DATOS,0,0,Morelia,Reforma,agosto,viernes,15,-101.242409013212,19.7057146656478
24715,24720,2019,,2019/08/16,15:45:00,COLISIÓN POR ALCANCE,ASFALTO,Bueno,Bueno,2,VOLKSWAGEN,AZUL,2,,23,MASCULINO,SIN DATOS,0,0,Morelia,Jardines del Toreo,agosto,viernes,16,-101.214185804129,19.687967379414
24716,24721,2019,,2019/08/16,15:55:00,COLISIÓN POR CORTE DE CIRCULACIÓN,CONCRETO,Bueno,Bueno,2,Toyota,BLANCO/ROSA,2,,,MASCULINO,SIN DATOS,0,0,Morelia,El Realito,agosto,viernes,16,-101.202589273453,19.7282782718631
24719,24724,2019,MOR190675392,2019/08/16,19:30:00,COLISIÓN POR ALCANCE,ASFALTO,Bueno,Bueno,2,NISSAN,BLANCO Y ROJO,2,,39,MASCULINO,SIN DATOS,0,0,Morelia,Centro,agosto,viernes,20,-101.18754847,19.7028479949991
24720,24725,2019,MOR190765985,2019/08/16,19:30:00,COLISIÓN POR CAMBIO DE CARRIL,ASFALTO,Bueno,Bueno,2,VOLKSWAGEN,AZUL,2,,89,MASCULINO,SIN DATOS,0,0,Morelia,Prados Verdes,agosto,viernes,20,-101.19738008827,19.7135303851468
24721,24726,2019,,2019/08/16,21:45:00,COLISIÓN CON PEATÓN,ASFALTO,Bueno,Bueno,2,RAM 700,BLANCO,2,,,MASCULINO,ALIENTO ETÍLICO,0,0,Morelia,Vasco de Quiroga,agosto,viernes,22,-101.173263005912,19.6977558873645
24722,24727,2019,,2019/08/16,22:25:00,COLISIÓN POR CAMBIO DE CARRIL,ASFALTO,Bueno,Bueno,2,VOLKSWAGEN,ROJO,1,,49,MASCULINO,SIN DATOS,0,0,Morelia,Barrio Alto,agosto,viernes,22,-101.196629405022,19.7248041447571
24723,24728,2019,MOR190635762,2019/08/16,23:00:00,COLISIÓN CONTRA OBJETO FIJO,ASFALTO,Bueno,Bueno,1,NISSAN,ROJO,0,,,,,0,0,Morelia,Cuauhtemoc,agosto,viernes,23,-101.181596964598,19.6963335304929
24724,24729,2019,MOR190635907,2019/08/17,"00:05:00",COLISIÓN CONTRA OBJETO FIJO,ASFALTO,Bueno,Bueno,1,CHEVROLET,VERDE,1,,36,MASCULINO,SIN DATOS,0,0,Morelia,Melchor Ocampo,agosto,sábado,0,-101.203949656337,19.7042917482326
24725,24730,2019,MOR190765987,2019/08/17,"01:34:00",SALIDA DE SUPERFICIE DE RODAMIENTO,ASFALTO,Bueno,Bueno,1,VOLKSWAGEN,GRIS,0,MINISTERIO PÚBLICO,,,,0,0,Morelia,La Soledad,agosto,sábado,2,-101.185166715661,19.7274533823308
24726,24731,2019,MOR190636075,2019/08/17,"02:40:00",SALIDA DE SUPERFICIE DE RODAMIENTO,CONCRETO,Bueno,Bueno,1,AUDI,BLANCO,1,,26,MASCULINO,SIN DATOS,0,0,Morelia,Sin datos,agosto,sábado,3,-101.14292755723,19.7489822876829
24727,24732,2019,MOR 190 6,2019/08/17,"03:30:00",COLISIÓN POR CAMBIO DE CARRIL,ASFALTO,Bueno,Bueno,2,PEUGEOT,BLANCO,2,,,,ALIENTO ETÍLICO,0,0,Morelia,La Loma,agosto,sábado,4,-101.183008141816,19.6796885537848
24728,24733,2019,,2019/08/17,"04:15:00",COLISIÓN POR ALCANCE,ASFALTO,Bueno,Bueno,2,VOLKSWAGEN,NEGRO,3,MINISTERIO PÚBLICO,,,SIN DATOS,0,1,Morelia,Vista Hermosa 1A Etapa,agosto,sábado,4,-101.2130555,19.676808
24730,24735,2019,,2019/08/17,"09:30:00",SUBIDA AL CAMELLÓN,ASFALTO,Bueno,Bueno,1,NISSAN,GRIS,1,,21,MASCULINO,SIN DATOS,0,0,Morelia,Nueva Chapultepec,agosto,sábado,10,-101.17081558,19.6897813199992
24731,24736,2019,LEG25980,2019/08/17,18:30:00,COLISIÓN POR ALCANCE,ASFALTO,Bueno,Bueno,2,NISSAN,TITANIO,2,MINISTERIO PÚBLICO,46,MASCULINO,SIN DATOS,0,0,Morelia,Felix Ireta,agosto,sábado,19,-101.195668503642,19.6814993565548
24732,24737,2019,,2019/08/17,19:00:00,COLISIÓN POR MANIOBRA DE REVERSA,ASFALTO,Bueno,Regular,2,CHEVROLET,ARENA,2,MINISTERIO PÚBLICO,48,FEMENINO,SIN DATOS,0,0,Morelia,Lomas del Valle,agosto,sábado,19,-101.232903264463,19.6873754852087
24733,24738,2019,,2019/08/17,21:40:00,COLISIÓN POR CORTE DE CIRCULACIÓN,ASFALTO,Bueno,Bueno,2,Nissan,blanco,2,,,,SIN DATOS,1,0,Morelia,Santiaguito,agosto,sábado,22,-101.188785284758,19.7172682989805
24734,24739,2019,MOR190638378,2019/08/17,22:31:00,COLISIÓN POR CAMBIO DE CARRIL,ASFALTO,Bueno,Bueno,2,VOLKSWAGEN,BLANCO,2,,32,MASCULINO,SIN DATOS,0,0,Morelia,Sentimientos de La Nacion,agosto,sábado,23,-101.233194944297,19.682432823539
24736,24741,2019,,2019/08/18,"00:00:00",SALIDA DE SUPERFICIE DE RODAMIENTO,ASFALTO,Nublado,Regular,1,NISSAN,PLATA,3,MINISTERIO PÚBLICO,38,MASCULINO,SIN DATOS,2,0,Tuxpan,Sin datos,agosto,domingo,0,-100.475291535258,19.5400348827402
24737,24742,2019,MOR190638761,2019/08/18,"00:00:00",COLISIÓN CONTRA OBJETO FIJO,ASFALTO,Bueno,Bueno,1,CHEVROLET,AZUL,1,,49,,CON CERTIFICADO,0,0,Morelia,Sentimientos de La Nacion,agosto,domingo,0,-101.235267296433,19.681200083032
24738,24743,2019,,2019/08/18,"02:30:00",COLISIÓN POR CORTE DE CIRCULACIÓN,ASFALTO,Lluvioso,Regular,3,FORD,GRIS,2,,27,MASCULINO,ALIENTO ETÍLICO,0,0,Morelia,Centro,agosto,domingo,3,-101.186596602201,19.7008234129264
24739,24744,2019,,2019/08/18,"08:40:00",COLISIÓN POR NO RESPETAR SEMÁFORO,ASFALTO,Bueno,Bueno,2,NISSAN,AZUL,3,MINISTERIO PÚBLICO,38,MASCULINO,SIN DATOS,1,0,Morelia,Bosques de Oriente,agosto,domingo,9,-101.155500076711,19.7156674738298
24742,24747,2019,,2019/08/18,18:10:00,COLISIÓN POR ALCANCE,ASFALTO,Bueno,Bueno,2,CHRYSLER,GRIS,2,,23,,SIN DATOS,0,0,Morelia,Loma de Los Piñones,agosto,domingo,18,-101.204989179969,19.6740539724001
24743,24748,2019,MOR 190  6,2019/08/18,21:00:00,COLISIÓN POR CAMBIO DE CARRIL,ASFALTO,Lluvioso,Bueno,2,VOLKSWAGEN,BLANCO,2,,0,MASCULINO,ALIENTO ETÍLICO,0,0,Morelia,Ejidal Ocolusen,agosto,domingo,21,-101.155585494629,19.6843663227041
24744,24749,2019,LEG25992,2019/08/18,23:00:00,CAIDA DE MOTOCICLETA,ASFALTO,Bueno,Bueno,1,ITALIKA,NEGRO,1,MINISTERIO PÚBLICO,,,,1,0,Morelia,Granjas Unidas de Morelia,agosto,domingo,23,-101.276323869824,19.6923571142284
24745,24750,2019,LEG25993,2019/08/19,"00:00:00",COLISIÓN POR CORTE DE CIRCULACIÓN,ASFALTO,Lluvioso,Malo,1,VOLKSWAGEN,ROJO,1,,,MASCULINO,ALIENTO ETÍLICO,0,0,Morelia,Tzindurio Norte,agosto,lunes,0,-101.244388483465,19.7001703297294
24746,24751,2019,,2019/08/19,"00:05:00",COLISIÓN CONTRA OBJETO FIJO,SIN_DATOS,Bueno,Bueno,1,CHEVROLET,GRIS,0,MINISTERIO PÚBLICO,,,,0,0,Lázaro Cárdenas,Lomas de Bella Vista,agosto,lunes,0,-102.221235595644,17.9687290819016
24748,24753,2019,,2019/08/19,"02:00:00",SALIDA DE SUPERFICIE DE RODAMIENTO,ASFALTO,Bueno,Bueno,1,FORD,NEGRO,1,,41,MASCULINO,ALIENTO ETÍLICO,0,0,Morelia,Clara Cordova Moran,agosto,lunes,2,-101.180806718767,19.7374546158251
24750,24755,2019,MOR190641808,2019/08/19,10:10:00,COLISIÓN POR ALCANCE,ASFALTO,Bueno,Bueno,2,VW,ROJO,2,,23,MASCULINO,SIN DATOS,0,0,Morelia,Felix Ireta,agosto,lunes,10,-101.195818372071,19.6823974894559
24751,24756,2019,MOR190642103,2019/08/19,12:08:00,COLISIÓN POR ALCANCE,ASFALTO,Bueno,Bueno,2,INTERNATIONAL,BLANCO,2,,23,MASCULINO,SIN DATOS,0,0,Morelia,La Loma,agosto,lunes,12,-101.1827400344,19.6793921923496
24752,24757,2019,,2019/08/19,12:50:00,COLISIÓN POR CORTE DE CIRCULACIÓN,CONCRETO,Bueno,Regular,2,DODGE,BLANCO,2,,,MASCULINO,SIN DATOS,0,0,Morelia,Centro,agosto,lunes,13,-101.200256422162,19.7058112518637
24753,24758,2019,,2019/08/19,13:20:00,COLISIÓN POR ALCANCE,ASFALTO,Bueno,Bueno,2,RENAULT,BLANCO,2,,20,FEMENINO,SIN DATOS,0,0,Morelia,Felix Ireta,agosto,lunes,13,-101.188097968698,19.6900451475112
24754,24759,2019,,2019/08/19,13:30:00,COLISIÓN CONTRA OBJETO FIJO,CONCRETO,Bueno,Bueno,2,DODGE,GRIS,1,MINISTERIO PÚBLICO,29,MASCULINO,SIN DATOS,0,0,Pajacuarán,Centro,agosto,lunes,14,-102.562726879758,20.1172786202578
24755,24760,2019,,2019/08/19,14:20:00,COLISIÓN POR ALCANCE,ASFALTO,Bueno,Bueno,2,DODGE,NEGRO,2,,19,MASCULINO,SIN DATOS,0,0,Morelia,Plan de La Garita,agosto,lunes,14,-101.186689138412,19.7114298809907
24756,24761,2019,MOR190643631,2019/08/19,21:10:00,COLISIÓN POR ALCANCE,ASFALTO,Bueno,Bueno,2,NISSAN,BLANCO,2,,25,MASCULINO,SIN DATOS,0,0,Tarímbaro,Sin datos,agosto,lunes,21,-101.153721772134,19.7694876830029
24757,24762,2019,MOR190643541,2019/08/19,21:40:00,COLISIÓN CONTRA OBJETO FIJO,ASFALTO,Bueno,Bueno,3,NISSAN,AZUL,3,,,MASCULINO,ALIENTO ETÍLICO,0,0,Morelia,Felicitas del Rio,agosto,lunes,22,-101.199765577912,19.6902058245955
24758,24763,2019,,2019/08/19,22:15:00,SALIDA DE SUPERFICIE DE RODAMIENTO,ASFALTO,Lluvioso,Regular,1,DODGE,NEGRO,1,,31,MASCULINO,SIN DATOS,0,0,Peribán,Sin datos,agosto,lunes,22,-102.456673197448,19.5611988543055
24760,24765,2019,LEG26023,2019/08/20,"07:40:00",COLISIÓN POR ALCANCE,ASFALTO,Bueno,Bueno,2,VOLKSWAGEN,PLATA,2,,0,MASCULINO,SIN DATOS,0,0,Morelia,Ferrocarrilero,agosto,martes,8,-101.223609235,19.6918737849991
24761,24766,2019,MOR190644090,2019/08/20,"08:40:00",COLISIÓN CONTRA OBJETO FIJO,ASFALTO,Bueno,Bueno,2,ITALIKA,NEGRO,1,,,,SIN DATOS,0,0,Morelia,Ventura Puente,agosto,martes,9,-101.187182954235,19.6926426896116
24763,24768,2019,MOR190645294,2019/08/20,14:28:00,COLISIÓN POR CAMBIO DE CARRIL,CONCRETO,Bueno,Bueno,2,VOLKSWAGEN,GRIS,2,,30,MASCULINO,SIN DATOS,0,0,Morelia,Cumbres de Morelia,agosto,martes,14,-101.139895677106,19.6896194784866
24764,24769,2019,,2019/08/20,15:40:00,COLISIÓN POR CAMBIO DE CARRIL,ASFALTO,Bueno,Bueno,2,Nissan,Azul,2,,37,MASCULINO,SIN DATOS,0,0,Morelia,Granjas del Maestro,agosto,martes,16,-101.18860758841,19.7133062906012
24765,24770,2019,MOR190645698,2019/08/20,15:53:00,COLISIÓN POR ALCANCE,ASFALTO,Bueno,Bueno,2,IZUZU,ROJO,2,,62,MASCULINO,SIN DATOS,0,0,Morelia,Jardines del Rincon,agosto,martes,16,-101.149283382681,19.68870732649