fid,id_accidente,anio_origen,folio_c5i,dia_incidente,hora_ocurrencia,tipo_incidente_vial,superficie_ocurrencia,condiciones_climaticas,condiciones_via,numero_vehiculos_involucrados,marca_vehiculo_ocasiona_siniestro,color_vehiculo_ocasiona_siniestro,numero_personas_involucradas,lugar_remite_presunto_responsable,edad_presunto_responsable,sexo_presunto_responsable,resultados_toxicologia,numero_personas_lesionadas,numero_personas_fallecidas,municipio,colonia,mes,dia_semana,hora_redondeada,lon,lat
24768,24773,2019,,2019/08/20,19:30:00,COLISIÓN POR CORTE DE CIRCULACIÓN,ASFALTO,Bueno,Bueno,1,FREIGHTLINER,AMARILLO,1,,45,MASCULINO,SIN DATOS,0,0,Morelia,Los Angeles,agosto,martes,20,-101.167963479351,19.7444751194994
24769,24774,2019,,2019/08/20,19:45:00,VOLCADURA,ASFALTO,Bueno,Bueno,1,CHEVROLET,BLANCO,1,,,,SIN DATOS,0,0,Angangueo,Sin datos,agosto,martes,20,-100.326311923563,19.6137334312969
24770,24775,2019,MOR190648621,2019/08/21,"00:00:00",COLISIÓN POR ALCANCE,ASFALTO,Bueno,Bueno,2,CHEVROLET,ROJO,2,,24,MASCULINO,SIN DATOS,0,0,Morelia,Chapultepec Oriente,agosto,miércoles,0,-101.159731261432,19.6880557687609
24771,24776,2019,,2019/08/21,"00:00:00",COLISIÓN POR CORTE DE CIRCULACIÓN,ASFALTO,Bueno,Bueno,3,VOLKSWAGEN,BLANCO,4,,0,MASCULINO,SIN DATOS,1,0,Morelia,Chapultepec Sur,agosto,miércoles,0,-101.176599338651,19.6918997111194
24772,24777,2019,,2019/08/21,"09:00:00",COLISIÓN POR CORTE DE CIRCULACIÓN,CONCRETO,Bueno,Bueno,2,NISSAN,AZUL,2,,40,FEMENINO,SIN DATOS,0,0,Morelia,Industrial,agosto,miércoles,9,-101.196189005906,19.710209818625
24773,24778,2019,MOR190647063,2019/08/21,"09:09:00",COLISIÓN POR ALCANCE,ASFALTO,Bueno,Bueno,1,NISSAN,ROJO,1,,38,FEMENINO,SIN DATOS,0,0,Morelia,Jardines del Rincon,agosto,miércoles,9,-101.153386160731,19.6873486526196
24774,24779,2019,,2019/08/21,"09:10:00",COLISIÓN POR ALCANCE,CONCRETO,Bueno,Bueno,2,NISSAN,ARENA,2,,0,FEMENINO,SIN DATOS,0,0,Morelia,Nueva Valladolid,agosto,miércoles,9,-101.2082862854,19.7016677770529
24775,24780,2019,,2019/08/21,"09:40:00",COLISIÓN POR ALCANCE,ASFALTO,Bueno,Bueno,4,Chevrolet,gris,4,MINISTERIO PÚBLICO,,,SIN DATOS,0,0,Tarímbaro,Sin datos,agosto,miércoles,10,-101.170946247876,19.7523785792785
24776,24781,2019,,2019/08/21,10:10:00,COLISIÓN POR ALCANCE,ASFALTO,Bueno,Bueno,2,TOYOTA,ARENA,2,,55,MASCULINO,SIN DATOS,0,0,Morelia,Industrial,agosto,miércoles,10,-101.191460452974,19.7089341747498
24777,24782,2019,,2019/08/21,10:55:00,COLISIÓN POR CORTE DE CIRCULACIÓN,ASFALTO,Bueno,Regular,2,Nissan,ROJO,2,MINISTERIO PÚBLICO,38,FEMENINO,SIN DATOS,0,0,Morelia,Mision del Valle,agosto,miércoles,11,-101.115147583187,19.7682773617316
24778,24783,2019,MR,2019/08/21,10:55:00,SALIDA DE SUPERFICIE DE RODAMIENTO,ASFALTO,Bueno,Bueno,1,TOYOTA,Blanco,1,,31,MASCULINO,SIN DATOS,0,0,Morelia,Centro,agosto,miércoles,11,-101.195196434855,19.7030058088742
24779,24784,2019,MOR190647234,2019/08/21,11:06:00,COLISIÓN POR CORTE DE CIRCULACIÓN,ASFALTO,Bueno,Bueno,2,SEAT,AZUL,2,,26,MASCULINO,SIN DATOS,0,0,Morelia,Chapultepec Norte,agosto,miércoles,11,-101.176475380356,19.6955573168701
24780,24785,2019,,2019/08/21,11:50:00,COLISIÓN POR CORTE DE CIRCULACIÓN,ASFALTO,Bueno,Bueno,2,ITALIKA,ROJO,3,MINISTERIO PÚBLICO,0,MASCULINO,SIN DATOS,1,0,Morelia,Chapultepec Sur,agosto,miércoles,12,-101.171017996967,19.6916951577534
24781,24786,2019,,2019/08/21,12:50:00,COLISIÓN POR CAMBIO DE CARRIL,ASFALTO,Bueno,Bueno,2,NISSAN,BLANCO,2,,20,MASCULINO,SIN DATOS,0,0,Morelia,Cosmos,agosto,miércoles,13,-101.21583675832,19.684982529829
24782,24787,2019,MOR190647681,2019/08/21,13:52:00,COLISIÓN POR CAMBIO DE CARRIL,ASFALTO,Bueno,Bueno,2,NISSA,BCO. ROJO,2,,34,MASCULINO,SIN DATOS,0,0,Morelia,Centro,agosto,miércoles,14,-101.195215210319,19.7021466163364
24783,24788,2019,,2019/08/21,20:05:00,COLISIÓN POR ALCANCE,ASFALTO,Bueno,Bueno,2,NISSAN,NEGRO,2,,40,MASCULINO,SIN DATOS,0,0,Morelia,San Rafael,agosto,miércoles,20,-101.155137307942,19.700808892981
24784,24789,2019,MOR190649280,2019/08/21,23:46:00,COLISIÓN POR NO RESPETAR SEMÁFORO,ASFALTO,Lluvioso,Bueno,2,VOLKSWAGEN,BLANCO,2,MINISTERIO PÚBLICO,29,MASCULINO,ALIENTO ETÍLICO,0,0,Morelia,Felix Ireta,agosto,miércoles,0,-101.195673532784,19.6814886231259
24787,24792,2019,,2019/08/22,"08:40:00",COLISIÓN POR CORTE DE CIRCULACIÓN,CONCRETO,Bueno,Bueno,1,NISSAN,BLANCO,2,,22,MASCULINO,SIN DATOS,0,0,Morelia,Felicitas del Rio,agosto,jueves,9,-101.199315807371,19.6912362607314
24788,24793,2019,MOR190649651,2019/08/22,"09:45:00",COLISIÓN POR ALCANCE,ASFALTO,Bueno,Bueno,2,NISSAN,BLANCO Y ROJO,2,,33,MASCULINO,SIN DATOS,0,0,Morelia,Centro,agosto,jueves,10,-101.18754847,19.7028479949991
24790,24795,2019,,2019/08/22,15:50:00,COLISIÓN POR ALCANCE,ASFALTO,Bueno,Bueno,2,MERCEDES BENZ,PLATA,2,MINISTERIO PÚBLICO,23,FEMENINO,SIN DATOS,0,0,Morelia,Hermanos Lopez Rayon,agosto,jueves,16,-101.220159754157,19.6754992576309
24791,24796,2019,MOR 190 650855,2019/08/22,16:30:00,VOLCADURA,ASFALTO,Bueno,Bueno,1,CHEVROLET,ROJO,1,,0,MASCULINO,SIN DATOS,0,0,Tarímbaro,Club Erandeni,agosto,jueves,17,-101.183801,19.757131
24792,24797,2019,,2019/08/22,16:50:00,COLISIÓN POR CAMBIO DE CARRIL,ASFALTO,Bueno,Bueno,2,INTERNATIONAL,GRIS,2,,43,MASCULINO,SIN DATOS,0,0,Morelia,Las Flores,agosto,jueves,17,-101.206152252853,19.7023707265173
24793,24798,2019,LEG26060,2019/08/22,17:25:00,CAIDA DE MOTOCICLETA,ASFALTO,Bueno,Bueno,1,ITALIKA,NEGRO,1,,0,MASCULINO,SIN DATOS,0,0,Morelia,La Colina,agosto,jueves,17,-101.215724765043,19.709174233954
24795,24800,2019,,2019/08/22,18:55:00,COLISIÓN CONTRA OBJETO FIJO,ASFALTO,Bueno,Bueno,2,MACK,BLANCO,2,,41,MASCULINO,SIN DATOS,0,0,Morelia,Torreon Nuevo,agosto,jueves,19,-101.195396259427,19.7339469206259
24797,24802,2019,,2019/08/23,"00:00:00",CAIDA DE MOTOCICLETA,ASFALTO,Bueno,Bueno,1,ITALIKA,"NEGRO, AMARILLO Y BLANCO",3,,15,FEMENINO,SIN DATOS,2,0,Tuxpan,Sin datos,agosto,viernes,0,-100.469199903309,19.5567897382216
24798,24803,2019,,2019/08/23,"00:00:00",COLISIÓN POR CAMBIO DE CARRIL,ASFALTO,Bueno,Bueno,2,FORD,BLANCO,2,,18,MASCULINO,SIN DATOS,0,0,Tuxpan,Sin datos,agosto,viernes,0,-100.474686026573,19.5428769800747
24799,24804,2019,,2019/08/23,"00:00:00",COLISIÓN POR CORTE DE CIRCULACIÓN,ASFALTO,Bueno,Bueno,2,CHEVROLET,blanco,2,,,FEMENINO,SIN DATOS,0,0,Morelia,Independencia,agosto,viernes,0,-101.177832819521,19.7192794075432
24800,24805,2019,,2019/08/23,"00:00:00",COLISIÓN POR ALCANCE,CONCRETO,Bueno,Bueno,1,ITALIKA,NEGRA,2,,0,MASCULINO,SIN DATOS,1,0,Morelia,Libertad,agosto,viernes,0,-101.237803325057,19.687016559497
24801,24806,2019,,2019/08/23,"00:10:00",COLISIÓN CONTRA OBJETO FIJO,ASFALTO,Bueno,Bueno,1,VOLKSWAGEN,BLANCO,0,MINISTERIO PÚBLICO,,,,0,0,Lázaro Cárdenas,Lomas del Rio (Unidad 512 5To Sector),agosto,viernes,0,-102.22424570471,17.9723137405443
24802,24807,2019,,2019/08/23,"02:00:00",COLISIÓN CONTRA OBJETO FIJO,SIN_DATOS,Bueno,Bueno,3,FORD,ROJO,3,MINISTERIO PÚBLICO,,MASCULINO,SIN DATOS,0,0,Lázaro Cárdenas,1Er Sect de Fidelac,agosto,viernes,2,-102.19111405313,17.9598822541214
24804,24809,2019,,2019/08/23,10:40:00,COLISIÓN POR CAMBIO DE CARRIL,ASFALTO,Bueno,Bueno,2,KENWORTH,NARANJA,2,,0,MASCULINO,SIN DATOS,0,0,Morelia,Francisco J Mujica,agosto,viernes,11,-101.184679493308,19.7249761486485
24805,24810,2019,MOR190652542,2019/08/23,11:11:00,COLISIÓN POR CORTE DE CIRCULACIÓN,ASFALTO,Bueno,Bueno,2,TOYOTA,ROJO,2,,41,MASCULINO,SIN DATOS,0,0,Morelia,Felix Ireta,agosto,viernes,11,-101.180438920856,19.6875863576351
24806,24811,2019,,2019/08/23,11:55:00,COLISIÓN POR MANIOBRA DE REVERSA,ASFALTO,Bueno,Bueno,2,NISSAN,GRIS,2,,,MASCULINO,SIN DATOS,0,0,Morelia,Real Santa Rita,agosto,viernes,12,-101.222464442253,19.6741515248279
24807,24812,2019,,2019/08/23,14:30:00,COLISIÓN POR CORTE DE CIRCULACIÓN,ASFALTO,Bueno,Bueno,2,ITALIKA,GRIS,2,,0,MASCULINO,SIN DATOS,0,0,Morelia,Isaac Arriaga,agosto,viernes,15,-101.171402223408,19.7077300228039
24808,24813,2019,MOR190653290,2019/08/23,15:02:00,COLISIÓN POR CAMBIO DE CARRIL,ASFALTO,Bueno,Bueno,2,FORD,GRIS,2,,58,MASCULINO,SIN DATOS,0,0,Morelia,Comision Federal de Electricidad,agosto,viernes,15,-101.181441061199,19.6814147518604
24809,24814,2019,,2019/08/23,17:06:00,COLISIÓN POR CAMBIO DE CARRIL,ASFALTO,Lluvioso,Regular,2,CHEVROLET,GRIS,2,,49,MASCULINO,SIN DATOS,0,0,Los Reyes,Sin datos,agosto,viernes,17,-102.32666015625,19.7330983087478
24810,24815,2019,,2019/08/23,18:20:00,COLISIÓN POR ALCANCE,ASFALTO,Bueno,Bueno,3,NISSAN,azul,3,MINISTERIO PÚBLICO,0,,SIN DATOS,0,0,Morelia,Los Angeles,agosto,viernes,18,-101.175483204424,19.7436448865995
24811,24816,2019,,2019/08/23,20:40:00,COLISIÓN POR CORTE DE CIRCULACIÓN,ASFALTO,Lluvioso,Regular,2,CHEVROLET,BLANCO/ROJO,2,,0,MASCULINO,SIN DATOS,0,0,Morelia,Ignaci0 Ramirez,agosto,viernes,21,-101.223849803209,19.7251115424071
24812,24817,2019,,2019/08/23,20:45:00,COLISIÓN POR CORTE DE CIRCULACIÓN,ASFALTO,Lluvioso,Regular,2,Chevrolet,NEGRO,1,,,,SIN DATOS,0,0,Morelia,La Esperanza,agosto,viernes,21,-101.251336075366,19.6983303821175
24813,24818,2019,,2019/08/23,21:00:00,COLISIÓN POR ALCANCE,CONCRETO,Lluvioso,Malo,3,NISSAN,BLANCO,3,MINISTERIO PÚBLICO,0,MASCULINO,SIN DATOS,0,0,Tarímbaro,Sin datos,agosto,viernes,21,-101.172736957669,19.749179194419
24814,24819,2019,MOR 190348786,2019/08/23,22:10:00,COLISIÓN POR MANIOBRA DE REVERSA,ASFALTO,Bueno,Bueno,2,FORD,BLANCO Y ROJO,2,,26,MASCULINO,ALIENTO ETÍLICO,0,0,Morelia,Fovissste La Huerta,agosto,viernes,22,-101.212260983884,19.6922065406784
24815,24820,2019,,2019/08/24,"00:20:00",COLISIÓN POR ALCANCE,ASFALTO,Bueno,Bueno,3,VOLKSWAGEN,BLANCO,3,,0,MASCULINO,ALIENTO ETÍLICO,0,0,Morelia,Los Manantiales de Morelia,agosto,sábado,0,-101.240233071148,19.6927387559879
24816,24821,2019,,2019/08/24,"01:44:00",SUBIDA AL CAMELLÓN,ASFALTO,Bueno,Bueno,1,NISSAN,BLANCO,1,,52,MASCULINO,SIN DATOS,0,0,Cuitzeo,Centro,agosto,sábado,2,-101.139647,19.968544
24817,24822,2019,,2019/08/24,"03:40:00",COLISIÓN CONTRA OBJETO FIJO,ASFALTO,Bueno,Bueno,1,VOLKSWAGEN,GRIS,1,,,MASCULINO,ALIENTO ETÍLICO,0,0,Morelia,La Quemada,agosto,sábado,4,-101.241566799581,19.7055852526528
24818,24823,2019,,2019/08/24,"04:30:00",COLISIÓN CONTRA OBJETO FIJO,CONCRETO,Nublado,Regular,1,MINI,NEGRO,1,,27,MASCULINO,ALIENTO ETÍLICO,0,0,Morelia,Lomas de Las Americas Norte,agosto,sábado,5,-101.147688142955,19.6945835028308
24819,24824,2019,MOR190654616,2019/08/24,"04:57:00",SALIDA DE SUPERFICIE DE RODAMIENTO,ASFALTO,Bueno,Bueno,1,CHRYSLER,BLANCO,1,MINISTERIO PÚBLICO,,,,1,0,Morelia,Tenencia Morelos,agosto,sábado,5,-101.247183680534,19.6494233998562
24820,24825,2019,MOR190654659,2019/08/24,"06:40:00",COLISIÓN CONTRA OBJETO FIJO,ASFALTO,Bueno,Bueno,2,CHEVROLET,ROJO,0,,,,,0,0,Morelia,Centro,agosto,sábado,7,-101.200225241482,19.7012053501486
24821,24826,2019,,2019/08/24,"08:20:00",COLISIÓN POR CORTE DE CIRCULACIÓN,TERRACERIA,Bueno,Malo,1,CHEVROLET,BLANCO,0,,,,,0,0,Morelia,Rafael Carrillo,agosto,sábado,8,-101.236682161689,19.7076388035846
24822,24827,2019,MOR 190655056,2019/08/24,10:03:00,COLISIÓN POR CORTE DE CIRCULACIÓN,ASFALTO,Bueno,Bueno,2,VOLKSWAGEN,AZUL,2,,0,,SIN DATOS,0,0,Morelia,Francisco J Mujica,agosto,sábado,10,-101.191198267043,19.7228682203016
24823,24828,2019,,2019/08/24,11:10:00,COLISIÓN POR CORTE DE CIRCULACIÓN,CONCRETO,Bueno,Bueno,2,VOLKSWAGEN,BLANCO,2,,31,MASCULINO,SIN DATOS,0,0,Morelia,Peña Blanca,agosto,sábado,11,-101.194132938981,19.664451239608
24824,24829,2019,,2019/08/24,11:40:00,COLISIÓN POR CORTE DE CIRCULACIÓN,ASFALTO,Bueno,Bueno,2,ITALIKA,NEGRO,2,,26,MASCULINO,SIN DATOS,0,0,Morelia,Chapultepec Sur,agosto,sábado,12,-101.174634955823,19.6923760542875
24825,24830,2019,,2019/08/24,15:05:00,COLISIÓN POR CORTE DE CIRCULACIÓN,ASFALTO,Bueno,Bueno,2,VOLKSWAGEN,BLANCO,2,MINISTERIO PÚBLICO,27,MASCULINO,SIN DATOS,0,0,Zitácuaro,Sin datos,agosto,sábado,15,-100.373436659575,19.4901296827561
24826,24831,2019,,2019/08/24,15:30:00,COLISIÓN POR INVASIÓN DE CARRIL,ASFALTO,Nublado,Bueno,2,TOYOTA,VERDE,0,MINISTERIO PÚBLICO,,,,0,0,Tacámbaro,Sin datos,agosto,sábado,16,-101.458339244127,19.2162947057158
24827,24832,2019,,2019/08/24,16:03:00,COLISIÓN POR CORTE DE CIRCULACIÓN,ASFALTO,Bueno,Bueno,2,FORD,BLANCO,2,,34,MASCULINO,SIN DATOS,0,0,Peribán,Sin datos,agosto,sábado,16,-102.447161749005,19.5550464044149
24828,24833,2019,MOR190653369,2019/08/24,16:12:00,COLISIÓN POR MANIOBRA DE REVERSA,CONCRETO,Bueno,Bueno,2,VOLKSWAGEN,GRIS,1,,0,FEMENINO,SIN DATOS,0,0,Morelia,Prados del Campestre,agosto,sábado,16,-101.167145892978,19.6833054035722
24829,24834,2019,,2019/08/24,20:45:00,COLISIÓN POR ALCANCE,ASFALTO,Bueno,Bueno,2,FORD,BLANCO,2,,46,MASCULINO,ALIENTO ETÍLICO,0,0,Morelia,Loma Bonita,agosto,sábado,21,-101.196585148573,19.7230039314533
24830,24835,2019,LEG26087,2019/08/24,21:00:00,COLISIÓN POR CAMBIO DE CARRIL,ASFALTO,Bueno,Bueno,2,VOLKSWAGEN,BLANCO,2,,28,MASCULINO,SIN DATOS,0,0,Morelia,Gertrudis Bocanegra,agosto,sábado,21,-101.211740970612,19.7020001554288
24831,24836,2019,MOR 190 655,2019/08/24,21:28:00,COLISIÓN POR CORTE DE CIRCULACIÓN,ASFALTO,Bueno,Bueno,2,SAVERIO,ROJO,2,,0,MASCULINO,SIN DATOS,0,0,Tarímbaro,Sin datos,agosto,sábado,21,-101.157307550311,19.7721799522906
24832,24837,2019,,2019/08/24,21:40:00,COLISIÓN POR ALCANCE,CONCRETO,Bueno,Bueno,2,NISSAN,NARANJA,2,,0,FEMENINO,SIN DATOS,0,0,Morelia,Las Americas,agosto,sábado,22,-101.155751533806,19.6876441265298
24834,24839,2019,MOR190456789,2019/08/24,21:40:00,SUBIDA AL CAMELLÓN,ASFALTO,Bueno,Bueno,1,FORD,VERDE,1,,56,MASCULINO,SIN DATOS,0,0,Morelia,Tierra Y Libertad,agosto,sábado,22,-101.230039335787,19.7160389601165
24835,24840,2019,LEG26090,2019/08/24,21:43:00,COLISIÓN POR CAMBIO DE CARRIL,ASFALTO,Bueno,Bueno,2,FORD,GRIS,1,,33,MASCULINO,ALIENTO ETÍLICO,0,0,Morelia,Matamoros,agosto,sábado,22,-101.166186332703,19.7009809226847
24836,24841,2019,,2019/08/24,23:00:00,SALIDA DE SUPERFICIE DE RODAMIENTO,ASFALTO,Nublado,Bueno,1,CHEVROLET,BLANCO,1,,31,MASCULINO,SIN DATOS,0,0,Peribán,Sin datos,agosto,sábado,23,-102.448393218219,19.5564024025451
24837,24842,2019,MOR190567945,2019/08/24,23:20:00,COLISIÓN POR INVASIÓN DE CARRIL,ASFALTO,Bueno,Bueno,2,ITALIKA,GRIS,2,MINISTERIO PÚBLICO,0,MASCULINO,SIN DATOS,0,0,Morelia,Las Higueras,agosto,sábado,23,-101.235580444336,19.6904975051773
24838,24843,2019,LEG26092,2019/08/24,23:45:00,COLISIÓN POR INVASIÓN DE CARRIL,ASFALTO,Bueno,Regular,2,CHEVROLET,OCRE,1,MINISTERIO PÚBLICO,,,,1,0,Morelia,Tierra Y Libertad,agosto,sábado,0,-101.230027936399,19.7153543768158
24839,24844,2019,MOR190656894,2019/08/25,"01:00:00",COLISIÓN CONTRA OBJETO FIJO,ASFALTO,Bueno,Bueno,1,FORD,ROJO,1,,46,MASCULINO,SIN DATOS,0,0,Morelia,La Calera,agosto,domingo,1,-101.235396713018,19.6809229072663
24840,24845,2019,LEG26094,2019/08/25,"01:10:00",COLISIÓN POR CORTE DE CIRCULACIÓN,CONCRETO,Nublado,Bueno,1,MITSUBISHI,GRIS,0,,,,,0,0,Tarímbaro,Sin datos,agosto,domingo,1,-101.182622909546,19.7812610911699
24841,24846,2019,MOR190876540,2019/08/25,"07:24:00",VOLCADURA,ASFALTO,Bueno,Bueno,1,NISSAN,ARENA,1,MINISTERIO PÚBLICO,0,MASCULINO,SIN DATOS,0,0,Charo,Sin datos,agosto,domingo,7,-101.003858372569,19.7817396175622
24842,24847,2019,,2019/08/25,"09:40:00",COLISIÓN POR CORTE DE CIRCULACIÓN,ASFALTO,Bueno,Bueno,2,VOLKSWAGEN,GRIS,2,MINISTERIO PÚBLICO,0,FEMENINO,SIN DATOS,0,0,Morelia,Sin datos,agosto,domingo,10,-101.104641370475,19.7347545020828
24843,24848,2019,,2019/08/25,13:00:00,COLISIÓN CONTRA OBJETO FIJO,ASFALTO,Bueno,Regular,2,HONDA,GUINDA,1,,,,SIN DATOS,0,0,Morelia,Del Empleado,agosto,domingo,13,-101.180168353021,19.688209502973
24844,24849,2019,MOR190658463,2019/08/25,16:30:00,SALIDA DE SUPERFICIE DE RODAMIENTO,ASFALTO,Lluvioso,Bueno,1,NISSAN,BLANCO/ ROJO,1,,58,MASCULINO,ALIENTO ETÍLICO,0,0,Morelia,Loma Real,agosto,domingo,17,-101.197984926403,19.7314017026473
24845,24850,2019,MOR190658756,2019/08/25,18:11:00,COLISIÓN POR CAMBIO DE CARRIL,ASFALTO,Bueno,Bueno,2,NISSAN,BLANCO,2,,0,MASCULINO,SIN DATOS,0,0,Morelia,Cinco de Diciembre,agosto,domingo,18,-101.160215064883,19.6880889147534
24846,24851,2019,,2019/08/25,18:40:00,COLISIÓN POR CORTE DE CIRCULACIÓN,ASFALTO,Bueno,Bueno,2,SIN DATOS,BLANCO,2,,,,SIN DATOS,0,0,Tarímbaro,Sin datos,agosto,domingo,19,-101.146612912416,19.8547637637607
24847,24852,2019,MOR190659037,2019/08/25,20:30:00,COLISIÓN POR CORTE DE CIRCULACIÓN,ASFALTO,Bueno,Bueno,2,JEEP,GRIS,2,,34,MASCULINO,SIN DATOS,0,0,Morelia,Torreon Nuevo,agosto,domingo,21,-101.199063174427,19.7361493772009
24848,24853,2019,,2019/08/25,22:55:00,VOLCADURA,CONCRETO,Bueno,Bueno,1,NISSAN,ARENA,2,,31,MASCULINO,ALIENTO ETÍLICO,1,0,Morelia,Nicolaitas Ilustres,agosto,domingo,23,-101.228341497481,19.7194056533133
24849,24854,2019,,2019/08/26,"07:50:00",COLISIÓN POR CAMBIO DE CARRIL,ASFALTO,Bueno,Regular,2,INTERNATIONAL,VERDE,2,,,MASCULINO,SIN DATOS,0,0,Morelia,Ventura Puente,agosto,lunes,8,-101.186070218682,19.695266281051
24850,24855,2019,,2019/08/26,"08:00:00",COLISIÓN POR CORTE DE CIRCULACIÓN,ASFALTO,Bueno,Bueno,2,FORD,ROJO,2,MINISTERIO PÚBLICO,,,SIN DATOS,0,0,Lázaro Cárdenas,Las Torres,agosto,lunes,8,-102.213733792305,17.9627884024942
24851,24856,2019,MOR 190659787,2019/08/26,"08:23:00",COLISIÓN POR CORTE DE CIRCULACIÓN,ASFALTO,Bueno,Bueno,2,DODGE,BLANCO,3,,39,MASCULINO,ALIENTO ETÍLICO,1,0,Tarímbaro,Infonavit Puerta del Sol,agosto,lunes,8,-101.19382917881,19.7491356477579
24853,24858,2019,LEG26134,2019/08/26,10:00:00,COLISIÓN POR CORTE DE CIRCULACIÓN,ASFALTO,Bueno,Bueno,2,INTERNATIONAL,BLANCO,2,,0,MASCULINO,SIN DATOS,0,0,Morelia,Centro,agosto,lunes,10,-101.18754847,19.7028479949991
24854,24859,2019,MOR190659920,2019/08/26,10:05:00,COLISIÓN CONTRA OBJETO FIJO,ASFALTO,Bueno,Bueno,1,CHEVROLET,ROJO,1,,48,FEMENINO,SIN DATOS,0,0,Morelia,Lomas de Las Americas Sur,agosto,lunes,10,-101.143801957369,19.6921803402349
24855,24860,2019,MOR 190 670086,2019/08/26,11:32:00,SALIDA DE SUPERFICIE DE RODAMIENTO,CONCRETO,Bueno,Bueno,1,ISUZU,BLANCO,1,,,MASCULINO,SIN DATOS,0,0,Morelia,Sin datos,agosto,lunes,12,-101.354478746653,19.6785249064738
24856,24861,2019,,2019/08/26,12:45:00,COLISIÓN POR ALCANCE,ASFALTO,Bueno,Bueno,2,INTERNATIONAL,BLANCO,2,,32,MASCULINO,SIN DATOS,0,0,Morelia,Adolfo Lopez Mateos,agosto,lunes,13,-101.229667514563,19.7035162087226
24857,24862,2019,LEG26132,2019/08/26,12:50:00,COLISIÓN POR ALCANCE,ASFALTO,Bueno,Bueno,3,NISSAN,GRIS,3,,25,MASCULINO,SIN DATOS,0,0,Morelia,Rafael Carrillo,agosto,lunes,13,-101.23583894223,19.7085086982433
24858,24863,2019,,2019/08/26,13:55:00,SUBIDA AL CAMELLÓN,ASFALTO,Bueno,Regular,1,NISSAN,PLATA,1,,,MASCULINO,SIN DATOS,0,0,Morelia,Victor Manuel Tinoco Rubi,agosto,lunes,14,-101.24218672514,19.7054438451629
24860,24865,2019,MOR190658057,2019/08/26,14:33:00,COLISIÓN POR INVASIÓN DE CARRIL,CONCRETO,Bueno,Bueno,2,VENTO,NEGRA,2,,23,MASCULINO,SIN DATOS,0,0,Morelia,Las Aguilas,agosto,lunes,15,-101.22944355011,19.6986223635505
24861,24866,2019,MOR190660738,2019/08/26,15:10:00,COLISIÓN POR CORTE DE CIRCULACIÓN,CONCRETO,Bueno,Bueno,2,VOLKSWAGEN,VERDE,2,,22,MASCULINO,SIN DATOS,0,0,Morelia,Vasco de Quiroga,agosto,lunes,15,-101.173526197672,19.704950496178
24862,24867,2019,MOR190660927,2019/08/26,16:50:00,COLISIÓN POR CAMBIO DE CARRIL,ASFALTO,Bueno,Bueno,2,YAMAHA,BLANCO,2,,39,MASCULINO,SIN DATOS,0,0,Morelia,Primo Tapia Oriente,agosto,lunes,17,-101.158156469464,19.7137857262955
24863,24868,2019,LEG26135,2019/08/26,18:20:00,VOLCADURA,ASFALTO,Bueno,Bueno,1,INTERNATIONAL,BLANCO,0,,,,,0,0,Charo,Sin datos,agosto,lunes,18,-100.979869365692,19.6508471203937
24864,24869,2019,,2019/08/26,19:24:00,COLISIÓN POR CAMBIO DE CARRIL,ASFALTO,Bueno,Bueno,2,CARABELA,VERDE,1,MINISTERIO PÚBLICO,38,MASCULINO,SIN DATOS,0,0,Pátzcuaro,Centro,agosto,lunes,19,-101.609996035695,19.5134127927134
24865,24870,2019,,2019/08/26,19:45:00,COLISIÓN CONTRA OBJETO FIJO,CONCRETO,Bueno,Bueno,2,VOLKSWAGEN,ROJO,2,,67,MASCULINO,ALIENTO ETÍLICO,0,0,Morelia,Granjas Unidas de Morelia,agosto,lunes,20,-101.279527433217,19.6912986770281
24866,24871,2019,MOR 190661472,2019/08/26,20:11:00,COLISIÓN POR ALCANCE,ASFALTO,Bueno,Bueno,3,CHEVROLET,GRIS,2,,,MASCULINO,SIN DATOS,0,0,Morelia,Chapultepec Norte,agosto,lunes,20,-101.164487823844,19.6959380082377
24867,24872,2019,LEG26109,2019/08/26,22:10:00,CAIDA DE MOTOCICLETA,ASFALTO,Nublado,Bueno,1,ITALIKA,NEGRO,1,,0,,SIN DATOS,0,0,Morelia,Puerto de Buenavista,agosto,lunes,22,-101.128268614411,19.686956896306
24869,24874,2019,,2019/08/27,"00:15:00",COLISIÓN POR CORTE DE CIRCULACIÓN,CONCRETO,Bueno,Bueno,2,CHEVROLET,AZUL,2,,18,MASCULINO,SIN DATOS,0,0,Morelia,Adolfo Lopez Mateos,agosto,martes,0,-101.226139622885,19.6981067844139
24870,24875,2019,,2019/08/27,"03:45:00",COLISIÓN POR INVASIÓN DE CARRIL,ASFALTO,Bueno,Bueno,2,VOLVO,BLANCO,2,MINISTERIO PÚBLICO,,,SIN DATOS,0,0,Juárez,Sin datos,agosto,martes,4,-100.401373207569,19.3392617688585
24871,24876,2019,,2019/08/27,"08:20:00",COLISIÓN POR ALCANCE,ASFALTO,Bueno,Bueno,2,VOLKSWAGEN,PLATA,2,,65,FEMENINO,SIN DATOS,0,0,Morelia,Lomas de San Juan,agosto,martes,8,-101.183039681886,19.7298664251429
24872,24877,2019,,2019/08/27,15:15:00,VOLCADURA,ASFALTO,Bueno,Bueno,1,ISUZU,ROJO,0,MINISTERIO PÚBLICO,,,,0,0,Morelia,Centro,agosto,martes,15,-101.18754847,19.7028479949991
24873,24878,2019,MOR190662915,2019/08/27,15:15:00,COLISIÓN POR INVASIÓN DE CARRIL,ASFALTO,Bueno,Bueno,2,SUZUKI,AZUL,2,,19,MASCULINO,SIN DATOS,0,0,Morelia,Jose Maria Cabrera,agosto,martes,15,-101.224498809946,19.7258750421186