fid,id_accidente,anio_origen,folio_c5i,dia_incidente,hora_ocurrencia,tipo_incidente_vial,superficie_ocurrencia,condiciones_climaticas,condiciones_via,numero_vehiculos_involucrados,marca_vehiculo_ocasiona_siniestro,color_vehiculo_ocasiona_siniestro,numero_personas_involucradas,lugar_remite_presunto_responsable,edad_presunto_responsable,sexo_presunto_responsable,resultados_toxicologia,numero_personas_lesionadas,numero_personas_fallecidas,municipio,colonia,mes,dia_semana,hora_redondeada,lon,lat
24874,24879,2019,MOR190663267,2019/08/27,17:50:00,COLISIÓN POR CORTE DE CIRCULACIÓN,ASFALTO,Bueno,Bueno,2,CHEVROLET,AZUL,2,,63,FEMENINO,SIN DATOS,0,0,Morelia,Gertrudis Sanchez,agosto,martes,18,-101.21614357,19.7458535649992
24875,24880,2019,,2019/08/27,19:25:00,COLISIÓN POR CORTE DE CIRCULACIÓN,ASFALTO,Nublado,Regular,2,KENWORTH,VERDE,3,MINISTERIO PÚBLICO,44,MASCULINO,SIN DATOS,1,0,Los Reyes,La Libertad,agosto,martes,19,-102.483640126884,19.6152398971201
24876,24881,2019,MOR190663646,2019/08/27,19:36:00,COLISIÓN POR CORTE DE CIRCULACIÓN,ASFALTO,Bueno,Bueno,2,NISSAN,ROJO,2,,23,MASCULINO,SIN DATOS,0,0,Morelia,Villa Universidad,agosto,martes,20,-101.197503085,19.6875319899992
24877,24882,2019,MOR 190664597,2019/08/28,"00:00:00",COLISIÓN POR CORTE DE CIRCULACIÓN,SIN_DATOS,Bueno,Bueno,2,VOLKSWAGEN,ROJO,2,,18,MASCULINO,SIN DATOS,0,0,Morelia,Chapultepec Sur,agosto,miércoles,0,-101.177093200386,19.6919821005958
24878,24883,2019,MOR 190665969,2019/08/28,"00:00:00",COLISIÓN POR NO RESPETAR SEMÁFORO,ASFALTO,Bueno,Bueno,2,CHEVROLET,GRIS,2,MINISTERIO PÚBLICO,,MASCULINO,SIN DATOS,0,0,Morelia,Cosmos,agosto,miércoles,0,-101.218920954689,19.6840718148917
24879,24884,2019,,2019/08/28,"07:15:00",COLISIÓN POR CAMBIO DE CARRIL,ASFALTO,Bueno,Bueno,2,CHEVROLET,BLANCO,2,,36,FEMENINO,SIN DATOS,0,0,Morelia,Lomas del Tecnologico,agosto,miércoles,7,-101.192971737429,19.7218067072296
24880,24885,2019,LEG26167,2019/08/28,"07:40:00",CAIDA DE MOTOCICLETA,ASFALTO,Bueno,Bueno,1,SUZUKI,NEGRO,1,,,MASCULINO,SIN DATOS,0,0,Morelia,Las Americas,agosto,miércoles,8,-101.159020140767,19.6879692734719
24881,24886,2019,LEG26165,2019/08/28,"09:50:00",COLISIÓN POR CAMBIO DE CARRIL,ASFALTO,Bueno,Bueno,2,NISSAN,GUINDA,2,,,FEMENINO,SIN DATOS,0,0,Morelia,Sentimientos de La Nacion,agosto,miércoles,10,-101.232707127929,19.6779102472528
24882,24887,2019,MOR190664467,2019/08/28,10:00:00,COLISIÓN POR CORTE DE CIRCULACIÓN,ASFALTO,Bueno,Bueno,2,VOLKSWAGEN,ROJO,2,,47,MASCULINO,SIN DATOS,0,0,Morelia,Las Flores,agosto,miércoles,10,-101.205303945246,19.7071860322314
24883,24888,2019,LEG26164,2019/08/28,10:04:00,COLISIÓN POR CAMBIO DE CARRIL,ASFALTO,Bueno,Bueno,2,NISSAN,BLANCO,2,,,MASCULINO,SIN DATOS,0,0,Morelia,Lomas de Huerta,agosto,miércoles,10,-101.214275993407,19.6743270559076
24884,24889,2019,LEG26154,2019/08/28,10:15:00,COLISIÓN POR MANIOBRA DE REVERSA,ASFALTO,Bueno,Bueno,2,NISSAN,BLANCO Y CAFE,2,,20,MASCULINO,SIN DATOS,0,0,Morelia,Reforma,agosto,miércoles,10,-101.242423430085,19.7057134030825
24885,24890,2019,,2019/08/28,10:50:00,COLISIÓN POR ALCANCE,ASFALTO,Bueno,Bueno,2,TOYOTA,NEGRA,0,MINISTERIO PÚBLICO,,,,0,0,Uruapan,Tenencia de Jicalan,agosto,miércoles,11,-102.068832814693,19.3965321089589
24886,24891,2019,MOR190664716,2019/08/28,11:45:00,COLISIÓN POR CAMBIO DE CARRIL,ASFALTO,Bueno,Bueno,3,HONDA,GRIS,3,,62,FEMENINO,SIN DATOS,0,0,Morelia,Mirador de Morelia,agosto,miércoles,12,-101.230479,19.737421
24887,24892,2019,MOR190665217,2019/08/28,14:05:00,COLISIÓN POR ALCANCE,ASFALTO,Bueno,Bueno,2,SCANIA,CREMA,2,,48,MASCULINO,SIN DATOS,0,0,Morelia,El Lago 2,agosto,miércoles,14,-101.212803795934,19.7264468532615
24888,24893,2019,MOR190662887,2019/08/28,14:40:00,COLISIÓN POR CAMBIO DE CARRIL,ASFALTO,Bueno,Bueno,2,NISSAN,BLANCO,5,MINISTERIO PÚBLICO,,,,4,1,Tzitzio,Tzitzio,agosto,miércoles,15,-100.922727249563,19.5829551728173
24889,24894,2019,LEG26166,2019/08/28,15:00:00,SUBIDA AL CAMELLÓN,ASFALTO,Bueno,Bueno,1,NISSAN,BLANCO,1,,,MASCULINO,SIN DATOS,0,0,Morelia,Alberto Oviedo Mota,agosto,miércoles,15,-101.202082671225,19.6776520075956
24890,24895,2019,,2019/08/28,16:45:00,COLISIÓN POR CAMBIO DE CARRIL,ASFALTO,Bueno,Bueno,2,TOYOTA,BLANCO Y GRIS,0,,,,,0,0,Morelia,Los Laureles,agosto,miércoles,17,-101.231781765819,19.714256638692
24891,24896,2019,MOR 190 665614,2019/08/28,17:28:00,COLISIÓN POR CORTE DE CIRCULACIÓN,ASFALTO,Bueno,Bueno,2,SEAT,VERDE,2,,,MASCULINO,SIN DATOS,0,0,Morelia,Comision Federal de Electricidad,agosto,miércoles,17,-101.18,19.682
24892,24897,2019,,2019/08/28,19:00:00,COLISIÓN POR CORTE DE CIRCULACIÓN,CONCRETO,Bueno,Bueno,2,MERCEDES BENZ,GRIS,2,,40,MASCULINO,SIN DATOS,0,0,Morelia,Camelinas,agosto,miércoles,19,-101.174,19.6806
24893,24898,2019,LEG26163,2019/08/28,19:45:00,COLISIÓN POR CORTE DE CIRCULACIÓN,CONCRETO,Bueno,Regular,2,FORD,VERDE,2,,34,FEMENINO,SIN DATOS,0,0,Tarímbaro,Infonavit Puerta del Sol,agosto,miércoles,20,-101.194712,19.750465
24894,24899,2019,,2019/08/28,20:15:00,COLISIÓN POR CORTE DE CIRCULACIÓN,CONCRETO,Bueno,Bueno,1,S/D,S/D,2,,,,SIN DATOS,1,0,Morelia,Tzindurio de Morelos,agosto,miércoles,20,-101.244576908648,19.6983265942468
24895,24900,2019,MOR 190 66186,2019/08/28,21:11:00,COLISIÓN POR CORTE DE CIRCULACIÓN,ASFALTO,Bueno,Bueno,2,ITALIKA,AZUL,2,,,MASCULINO,SIN DATOS,0,0,Tarímbaro,Sin datos,agosto,miércoles,21,-101.131165400147,19.7766156451936
24896,24901,2019,,2019/08/29,"00:00:00",VOLCADURA,ASFALTO,Bueno,Bueno,1,NISSAN,BLANCO,2,MINISTERIO PÚBLICO,,MASCULINO,SIN DATOS,1,0,Jungapeo,Sin datos,agosto,jueves,0,-100.463245734572,19.4397285269956
24897,24902,2019,,2019/08/29,"07:40:00",COLISIÓN POR INVASIÓN DE CARRIL,ASFALTO,Bueno,Regular,2,ITALIKA,VERDE Y NEGRO,2,,0,MASCULINO,SIN DATOS,0,0,Morelia,Centro,agosto,jueves,8,-101.18754847,19.7028479949991
24898,24903,2019,MOR190666771,2019/08/29,"07:45:00",COLISIÓN POR CAMBIO DE CARRIL,ASFALTO,Bueno,Bueno,2,BMW,GRIS,2,,0,MASCULINO,SIN DATOS,0,0,Morelia,Vista Bella,agosto,jueves,8,-101.194996275008,19.6784702912404
24899,24904,2019,MOR190666755,2019/08/29,"08:12:00",COLISIÓN POR ALCANCE,ASFALTO,Bueno,Bueno,2,CHEVROLET,ROJO,2,,0,,CON CERTIFICADO,0,0,Morelia,Bosques de Oriente,agosto,jueves,8,-101.155544668436,19.7155358595347
24900,24905,2019,MOR190666786,2019/08/29,"08:40:00",CAIDA DE MOTOCICLETA,CONCRETO,Bueno,Bueno,1,DINAMO,NEGRO,1,MINISTERIO PÚBLICO,,,,1,0,Morelia,Villa Universidad,agosto,jueves,9,-101.212999597192,19.6902029835482
24901,24906,2019,,2019/08/29,"08:50:00",COLISIÓN POR ALCANCE,ASFALTO,Bueno,Regular,2,NISSAN,BLANCO,2,,0,MASCULINO,SIN DATOS,0,0,Morelia,Primo Tapia Oriente,agosto,jueves,9,-101.16069752723,19.7125787702286
24902,24907,2019,MOR190666839,2019/08/29,"09:00:00",COLISIÓN POR CORTE DE CIRCULACIÓN,ASFALTO,Bueno,Bueno,2,NISSAN,BLANCO,2,,54,MASCULINO,SIN DATOS,0,0,Morelia,Pascual Ortiz de Ayala,agosto,jueves,9,-101.150861866772,19.6948325609656
24903,24908,2019,,2019/08/29,11:30:00,COLISIÓN POR CAMBIO DE CARRIL,ASFALTO,Bueno,Bueno,2,CHEVROLET,BLANCO,2,,0,FEMENINO,SIN DATOS,0,0,Morelia,Ejidal Ocolusen,agosto,jueves,12,-101.15218698,19.6838212849992
24904,24909,2019,MOR190677070,2019/08/29,12:20:00,COLISIÓN POR ALCANCE,CONCRETO,Bueno,Bueno,2,HONDA,BLANCO,2,,23,FEMENINO,SIN DATOS,0,0,Morelia,Granjas del Maestro,agosto,jueves,12,-101.188432238996,19.7128590474496
24905,24910,2019,,2019/08/29,12:30:00,COLISIÓN POR CAMBIO DE CARRIL,ASFALTO,Bueno,Bueno,2,DODGE,GRIS,2,,35,MASCULINO,SIN DATOS,0,0,Morelia,Nueva Chapultepec,agosto,jueves,13,-101.174648031592,19.6867024593795
24906,24911,2019,,2019/08/29,12:50:00,VOLCADURA,ASFALTO,Bueno,Bueno,1,NISSAN,BLANCO,1,,0,MASCULINO,SIN DATOS,0,0,Morelia,Colinas del Sol,agosto,jueves,13,-101.136108711362,19.7292742921913
24907,24912,2019,MOR1904468866,2019/08/29,13:40:00,COLISIÓN POR ALCANCE,CONCRETO,Bueno,Bueno,2,TOYOTA,VERDE,2,,30,FEMENINO,SIN DATOS,0,0,Morelia,Centro,agosto,jueves,14,-101.19424726814,19.7030001272341
24908,24913,2019,,2019/08/29,14:00:00,COLISIÓN POR CORTE DE CIRCULACIÓN,CONCRETO,Bueno,Bueno,2,CHEVROLET,AZUL,2,,34,MASCULINO,SIN DATOS,0,0,Morelia,Chapultepec Norte,agosto,jueves,14,-101.164489164948,19.6959373769165
24909,24914,2019,MOR190667575,2019/08/29,14:44:00,COLISIÓN POR CAMBIO DE CARRIL,ASFALTO,Bueno,Bueno,2,HONDA,GRIS,2,,19,MASCULINO,SIN DATOS,0,0,Morelia,Centro,agosto,jueves,15,-101.186580173671,19.7008054208199
24910,24915,2019,,2019/08/29,15:30:00,COLISIÓN CON PEATÓN,ASFALTO,Bueno,Bueno,1,HONDA,NEGRO,3,,18,MASCULINO,SIN DATOS,2,0,Morelia,Jardines del Rincon,agosto,jueves,16,-101.153395883739,19.6873413920358
24911,24916,2019,,2019/08/29,15:39:00,SALIDA DE SUPERFICIE DE RODAMIENTO,ASFALTO,Bueno,Bueno,1,CHEVROLET,GUINDA,2,MINISTERIO PÚBLICO,38,MASCULINO,ALIENTO ETÍLICO,1,0,Zacapu,Villa Guzman,agosto,jueves,16,-101.781910210848,19.8067352726134
24912,24917,2019,,2019/08/29,15:50:00,COLISIÓN POR CAMBIO DE CARRIL,ASFALTO,Bueno,Bueno,2,NISSAN,GRIS,2,,60,MASCULINO,SIN DATOS,0,0,Morelia,Cuauhtemoc,agosto,jueves,16,-101.183937862515,19.6998827702605
24913,24918,2019,MOR 190667913,2019/08/29,16:37:00,COLISIÓN POR CAMBIO DE CARRIL,ASFALTO,Bueno,Bueno,2,CHEVROLET,BLANCO,2,,0,MASCULINO,SIN DATOS,0,0,Morelia,Felix Ireta,agosto,jueves,17,-101.181463859975,19.6814150675496
24914,24919,2019,,2019/08/29,18:00:00,COLISIÓN CONTRA OBJETO FIJO,ASFALTO,Bueno,Bueno,2,VOLKSWAGEN,BLANCO,2,,0,MASCULINO,SIN DATOS,0,0,Morelia,Villas de La Esperanza,agosto,jueves,18,-101.273968555033,19.6931166088435
24915,24920,2019,,2019/08/29,20:10:00,COLISIÓN POR ALCANCE,ASFALTO,Bueno,Bueno,2,HONDA,NEGRO,2,,24,MASCULINO,SIN DATOS,0,0,Morelia,Tres Puentes,agosto,jueves,20,-101.211828142405,19.7090711602684
24916,24921,2019,,2019/08/29,23:10:00,COLISIÓN POR ALCANCE,ASFALTO,Bueno,Bueno,2,FORD,GRIS,2,,0,FEMENINO,SIN DATOS,0,0,Morelia,Lomas de Huerta,agosto,jueves,23,-101.21424715966,19.6743103236367
24917,24922,2019,LEG26210,2019/08/30,"00:00:00",COLISIÓN POR CAMBIO DE CARRIL,ASFALTO,Bueno,Bueno,2,CHEVROLET,ROJO,2,,,,SIN DATOS,0,0,Morelia,Nueva Valladolid,agosto,viernes,0,-101.210559457541,19.700774171367
24918,24923,2019,,2019/08/30,"01:28:00",COLISIÓN CONTRA OBJETO FIJO,CONCRETO,Nublado,Bueno,1,DATSUN,VERDE,1,,0,MASCULINO,CON CERTIFICADO,0,0,Morelia,Centro,agosto,viernes,1,-101.198508292437,19.7020228821302
24919,24924,2019,LEG26209,2019/08/30,"02:25:00",VOLCADURA,ASFALTO,Bueno,Bueno,1,CHEVROLET,ROJO,0,,,,,0,0,Morelia,Ejidal Ocolusen,agosto,viernes,2,-101.151952520013,19.6834102111292
24920,24925,2019,,2019/08/30,"08:20:00",COLISIÓN POR ALCANCE,ASFALTO,Bueno,Bueno,2,Nissan,Azul,2,,35,FEMENINO,ALIENTO ETÍLICO,0,0,Morelia,Las Americas,agosto,viernes,8,-101.156515628099,19.6877164165381
24921,24926,2019,,2019/08/30,"09:50:00",COLISIÓN POR CAMBIO DE CARRIL,ASFALTO,Bueno,Bueno,2,JEEP,VERDE,2,,74,MASCULINO,SIN DATOS,0,0,Morelia,Comision Federal de Electricidad,agosto,viernes,10,-101.181310974061,19.6814239068481
24922,24927,2019,LEG26200,2019/08/30,"09:50:00",SUBIDA AL CAMELLÓN,ASFALTO,Bueno,Bueno,1,NISSAN,BLANCO,0,MINISTERIO PÚBLICO,,,,0,0,Tarímbaro,Real Hacienda,agosto,viernes,10,-101.195090822875,19.7517010938249
24923,24928,2019,"19076936",2019/08/30,15:36:00,COLISIÓN POR CAMBIO DE CARRIL,ASFALTO,Bueno,Bueno,0,,,0,,,,,0,0,Morelia,Los Manantiales de Morelia,agosto,viernes,16,-101.240336000919,19.6926980349502
24924,24929,2019,,2019/08/30,15:36:00,COLISIÓN POR CAMBIO DE CARRIL,ASFALTO,Bueno,Bueno,2,MERCEDEZ BENZ,BLANCO,2,,51,MASCULINO,SIN DATOS,0,0,Morelia,Los Manantiales de Morelia,agosto,viernes,16,-101.240329630673,19.692690458942
24925,24930,2019,,2019/08/30,15:36:00,COLISIÓN POR CAMBIO DE CARRIL,ASFALTO,Bueno,Bueno,2,MERCEDEZ BENZ,BLANCO,2,,0,MASCULINO,SIN DATOS,0,0,Morelia,Los Manantiales de Morelia,agosto,viernes,16,-101.240329295397,19.692689827608
24926,24931,2019,,2019/08/30,16:35:00,COLISIÓN POR INVASIÓN DE CARRIL,ASFALTO,Bueno,Bueno,2,MERCEDES BENZ,AMARILLO,2,,49,MASCULINO,SIN DATOS,0,0,Morelia,Villas de La Esperanza,agosto,viernes,17,-101.274005100131,19.6932299329597
24927,24932,2019,LEG26211,2019/08/30,18:20:00,COLISIÓN POR CAMBIO DE CARRIL,ASFALTO,Bueno,Bueno,2,NISSAN,BLANCO,2,,,MASCULINO,SIN DATOS,0,0,Morelia,Santiaguito,agosto,viernes,18,-101.194460168481,19.7181624437486
24928,24933,2019,LEG26202,2019/08/30,18:40:00,COLISIÓN POR INVASIÓN DE CARRIL,ASFALTO,Bueno,Bueno,2,CHEVROLET,BLANCO,2,,,,SIN DATOS,0,0,Morelia,Rafael Carrillo,agosto,viernes,19,-101.237379200757,19.7082167348523
24929,24934,2019,MOR190667585,2019/08/30,19:30:00,CAIDA DE MOTOCICLETA,CONCRETO,Bueno,Bueno,1,ITALIKA,NARANJA,2,MINISTERIO PÚBLICO,0,,SIN DATOS,1,0,Morelia,Villas Oriente,agosto,viernes,20,-101.141917705536,19.7531482017882
24930,24935,2019,LEG26198,2019/08/30,19:30:00,COLISIÓN POR INVASIÓN DE CARRIL,SIN_DATOS,Bueno,Regular,2,CHEVROLET,AZUL,2,MINISTERIO PÚBLICO,,MASCULINO,SIN DATOS,0,0,Morelia,Santa Maria de Guido,agosto,viernes,20,-101.191230118275,19.6733812063056
24931,24936,2019,MOR190671212,2019/08/30,21:16:00,COLISIÓN CONTRA OBJETO FIJO,ASFALTO,Bueno,Bueno,2,VOLKSWAGEN,GRIS,2,,,FEMENINO,SIN DATOS,0,0,Morelia,Los Manantiales de Morelia,agosto,viernes,21,-101.237376853824,19.6971447741988
24932,24937,2019,,2019/08/30,21:25:00,COLISIÓN POR CORTE DE CIRCULACIÓN,ASFALTO,Bueno,Bueno,2,Italika,Rojo,2,,23,MASCULINO,SIN DATOS,0,0,Morelia,El Lago 1,agosto,viernes,21,-101.219359114766,19.7275189442097
24933,24938,2019,LEG26205,2019/08/30,21:45:00,COLISIÓN POR CORTE DE CIRCULACIÓN,CONCRETO,Bueno,Bueno,1,NISSAN,BALNCO Y CORAL,2,MINISTERIO PÚBLICO,,,,2,0,Morelia,Las Margaritas,agosto,viernes,22,-101.209093630314,19.7083505646242
24934,24939,2019,LEG26204,2019/08/30,21:58:00,COLISIÓN POR ALCANCE,ASFALTO,Bueno,Bueno,2,CHRYSLER,AZUL,2,,,MASCULINO,SIN DATOS,0,0,Morelia,Los Manantiales de Morelia,agosto,viernes,22,-101.241652965546,19.6958319462378
24935,24940,2019,,2019/08/31,"00:00:00",COLISIÓN CONTRA OBJETO FIJO,ASFALTO,Bueno,Bueno,1,DODGE,AZUL Y BLANCO,2,MINISTERIO PÚBLICO,,MASCULINO,SIN DATOS,1,0,Tuxpan,Sin datos,agosto,sábado,0,-100.471688657999,19.5515716861632
24936,24941,2019,,2019/08/31,"00:00:00",COLISIÓN POR CORTE DE CIRCULACIÓN,CONCRETO,Bueno,Bueno,2,Chevrolet,Gris,2,,,MASCULINO,SIN DATOS,0,0,Tarímbaro,Sin datos,agosto,sábado,0,-101.172451637685,19.749502954005
24937,24942,2019,MOR190671559,2019/08/31,"00:10:00",VOLCADURA,CONCRETO,Bueno,Bueno,3,NISSAN,BLANCON CON VERDE,3,,24,MASCULINO,SIN DATOS,0,0,Morelia,Camponubes,agosto,sábado,0,-101.291605420411,19.6971024759905
24938,24943,2019,,2019/08/31,"01:15:00",COLISIÓN POR CORTE DE CIRCULACIÓN,SIN_DATOS,Bueno,Bueno,1,Seat,Rojo,1,,34,MASCULINO,SIN DATOS,0,0,Morelia,Tierra Y Libertad,agosto,sábado,1,-101.230044700205,19.7160288602458
24939,24944,2019,,2019/08/31,"04:50:00",COLISIÓN POR CORTE DE CIRCULACIÓN,CONCRETO,Bueno,Bueno,1,Nissan,Blanco,1,,,,SIN DATOS,0,0,Morelia,Buenavista,agosto,sábado,5,-101.16531226784,19.7057506487547
24940,24945,2019,MOR 190 676829,2019/08/31,"06:50:00",COLISIÓN POR INVASIÓN DE CARRIL,CONCRETO,Bueno,Bueno,3,SEAT,BLANCO,3,MINISTERIO PÚBLICO,,MASCULINO,ALIENTO ETÍLICO,0,0,Morelia,Ignacio Lopez Rayon,agosto,sábado,7,-101.250591165,19.6897065849991
24941,24946,2019,,2019/08/31,11:10:00,COLISIÓN CONTRA OBJETO FIJO,CONCRETO,Bueno,Bueno,1,FORD,PLATA,1,,0,,SIN DATOS,0,0,Morelia,Unidos Santa Cruz,agosto,sábado,11,-101.216665095,19.7226518849991
24942,24947,2019,,2019/08/31,12:50:00,COLISIÓN CONTRA OBJETO FIJO,CONCRETO,Bueno,Bueno,2,NISSAN,AZUL,2,MINISTERIO PÚBLICO,73,FEMENINO,SIN DATOS,0,0,Morelia,Morelos,agosto,sábado,13,-101.208942756057,19.6981046879962
24943,24948,2019,MOR190672346,2019/08/31,13:00:00,COLISIÓN POR CORTE DE CIRCULACIÓN,ASFALTO,Bueno,Bueno,2,CHEVROLET,VINO,2,,44,MASCULINO,SIN DATOS,0,0,Morelia,Ana Maria Gallaga (Riviera Norte),agosto,sábado,13,-101.223966144025,19.6766436693008
24944,24949,2019,,2019/08/31,15:30:00,COLISIÓN POR CORTE DE CIRCULACIÓN,CONCRETO,Bueno,Bueno,1,CHEVROLET,Guinda,1,,35,,SIN DATOS,0,0,Morelia,Cuauhtemoc,agosto,sábado,16,-101.183968037367,19.7006782134127
24945,24950,2019,MOR190672777,2019/08/31,15:45:00,COLISIÓN POR INVASIÓN DE CARRIL,ASFALTO,Bueno,Bueno,2,NISSAN,CAPUCHINO,2,,,MASCULINO,SIN DATOS,0,0,Morelia,Canteras de Morelia,agosto,sábado,16,-101.172228008509,19.7179377244609
24946,24951,2019,LEG26253,2019/08/31,19:30:00,COLISIÓN CONTRA OBJETO FIJO,ASFALTO,Bueno,Bueno,1,CHEVROLET,AZUL,1,,45,FEMENINO,SIN DATOS,0,0,Tarímbaro,Club Erandeni,agosto,sábado,20,-101.181738115847,19.7592823296585
24947,24952,2019,,2019/08/31,21:10:00,COLISIÓN CON PEATÓN,ASFALTO,Bueno,Bueno,2,CHEVROLET,BLANCO,0,MINISTERIO PÚBLICO,,,,0,0,Uruapan,Sin datos,agosto,sábado,21,-102.078266143799,19.4618985571778
24948,24953,2019,MOR190673814,2019/08/31,21:16:00,COLISIÓN POR MANIOBRA DE REVERSA,ASFALTO,Bueno,Bueno,2,NISSAN,ROJO,2,,38,FEMENINO,SIN DATOS,0,0,Morelia,Ana Maria Gallaga (Riviera Norte),agosto,sábado,21,-101.223135329783,19.6767724742956
24949,24954,2019,,2019/08/31,21:50:00,COLISIÓN POR INVASIÓN DE CARRIL,ASFALTO,Bueno,Bueno,2,MERCEDES- BENZ,BLANCO,0,,,,,0,0,Morelia,Ignacio Lopez Rayon,agosto,sábado,22,-101.250591165,19.6897065849991
24950,24955,2019,,2019/08/31,22:10:00,VOLCADURA,ASFALTO,Bueno,Bueno,1,Volkswagen,Azul,1,,56,,SIN DATOS,0,0,Morelia,Xangari,agosto,sábado,22,-101.22069016099,19.674125952838
24951,24956,2019,,2019/09/01,"00:00:00",SALIDA DE SUPERFICIE DE RODAMIENTO,ASFALTO,Bueno,Regular,1,FORD,BLANCO,0,,,,,0,0,Peribán,La Noria,septiembre,domingo,0,-102.413209676743,19.538042699083
24952,24957,2019,"1906775404",2019/09/01,"00:00:00",COLISIÓN POR CORTE DE CIRCULACIÓN,CONCRETO,Bueno,Bueno,2,VOLKWAGEN,ROJO,2,,26,MASCULINO,SIN DATOS,0,0,Morelia,Nueva Chapultepec,septiembre,domingo,0,-101.17081558,19.6897813199992
24953,24958,2019,MOR190674475,2019/09/01,"00:00:00",COLISIÓN POR ALCANCE,CONCRETO,Bueno,Bueno,2,NISSAN,ROJO,2,,36,,ALIENTO ETÍLICO,0,0,Morelia,Villa Universidad,septiembre,domingo,0,-101.199907399714,19.6856259909864
24954,24959,2019,,2019/09/01,"00:00:00",COLISIÓN POR ALCANCE,CONCRETO,Bueno,Bueno,4,KENWORTH,BLANCO,2,,,MASCULINO,SIN DATOS,0,0,Morelia,La Huerta,septiembre,domingo,0,-101.232666365845,19.6599222920998
24955,24960,2019,MOR190675009,2019/09/01,"00:10:00",COLISIÓN POR CORTE DE CIRCULACIÓN,CONCRETO,Bueno,Bueno,2,CHEVROLET,BLANCO CON ROSA,2,,58,MASCULINO,SIN DATOS,0,0,Morelia,Centro,septiembre,domingo,0,-101.194574832916,19.7010361615412
24956,24961,2019,,2019/09/01,"00:30:00",COLISIÓN POR CORTE DE CIRCULACIÓN,ASFALTO,Bueno,Bueno,2,Totota,Blanco,2,,,MASCULINO,SIN DATOS,0,0,Morelia,Prados Verdes,septiembre,domingo,1,-101.199204325676,19.7144475913797
24957,24962,2019,,2019/09/01,"00:50:00",COLISIÓN POR CAMBIO DE CARRIL,ASFALTO,Bueno,Bueno,2,FORD,BLANCO,1,,0,,SIN DATOS,0,0,Morelia,Tierra Y Libertad,septiembre,domingo,1,-101.220483295619,19.7162996628065
24958,24963,2019,MOR190674319,2019/09/01,"01:56:00",COLISIÓN CONTRA OBJETO FIJO,ASFALTO,Bueno,Bueno,1,KIA,ROJO,1,,,MASCULINO,SIN DATOS,0,0,Morelia,Tzindurio de Morelos,septiembre,domingo,2,-101.243646517396,19.6999316964415
24959,24964,2019,MOR190674412,2019/09/01,"03:42:00",COLISIÓN POR ALCANCE,ASFALTO,Bueno,Bueno,2,HONDA,GRIS,1,,18,MASCULINO,ALIENTO ETÍLICO,0,0,Morelia,Lomas de Huerta,septiembre,domingo,4,-101.214673966169,19.674332422862
24960,24965,2019,MOR190674494,2019/09/01,"05:31:00",COLISIÓN POR ALCANCE,ASFALTO,Bueno,Bueno,2,FORD,BLANCO,2,MINISTERIO PÚBLICO,,MASCULINO,ALIENTO ETÍLICO,0,0,Morelia,Lomas de San Juan,septiembre,domingo,6,-101.183039681886,19.7298664251429
24961,24966,2019,,2019/09/01,"06:10:00",COLISIÓN CONTRA OBJETO FIJO,SIN_DATOS,Bueno,Bueno,1,ITALIKA,NEGRO/VERDE,1,MINISTERIO PÚBLICO,,,,0,1,Lázaro Cárdenas,600 Casas,septiembre,domingo,6,-102.215719968081,17.9641652342005
24963,24968,2019,,2019/09/01,10:30:00,COLISIÓN CON PEATÓN,ASFALTO,Nublado,Regular,1,VOLKWAGEN,NEGRO,0,,,,,0,0,Copándaro,Sin datos,septiembre,domingo,11,-101.261121109128,19.9066766930204
24965,24970,2019,MOR190675535,2019/09/01,16:30:00,COLISIÓN POR ALCANCE,CONCRETO,Bueno,Bueno,2,JEEP,BLANCO,2,,42,MASCULINO,SIN DATOS,0,0,Morelia,Eduardo Ruiz,septiembre,domingo,17,-101.221859682349,19.7216992118204
24967,24972,2019,"190675986",2019/09/01,17:00:00,SALIDA DE SUPERFICIE DE RODAMIENTO,ASFALTO,Bueno,Bueno,1,CHEVROLET,AZUL,0,,,,,0,0,Álvaro Obregón,Sin datos,septiembre,domingo,17,-101.025900766253,19.8381476199735
24968,24973,2019,MOR190665964,2019/09/01,17:50:00,COLISIÓN POR CAMBIO DE CARRIL,CONCRETO,Bueno,Bueno,3,ITALIKA,NEG,3,,16,,SIN DATOS,0,0,Morelia,Los Manantiales de Morelia,septiembre,domingo,18,-101.240313537419,19.692928156027
24969,24974,2019,MOR19676308,2019/09/01,18:50:00,COLISIÓN POR NO RESPETAR SEMÁFORO,ASFALTO,Bueno,Bueno,2,CHEVROLET,BLANCO,2,,,MASCULINO,SIN DATOS,0,0,Morelia,Lomas de Huerta,septiembre,domingo,19,-101.210146397352,19.6723229594128
24971,24976,2019,,2019/09/01,19:50:00,COLISIÓN POR CORTE DE CIRCULACIÓN,ASFALTO,Bueno,Bueno,1,SEAT,NEGRO,1,,0,,SIN DATOS,0,0,Morelia,Las Americas,septiembre,domingo,20,-101.15379486233,19.6880219914091
24972,24977,2019,MOR190676290,2019/09/01,21:00:00,CAIDA DE MOTOCICLETA,CONCRETO,Bueno,Bueno,1,ITALIKA,NEGRO/ROJO,1,,0,MASCULINO,SIN DATOS,0,0,Morelia,Lomas de Vista Bella,septiembre,domingo,21,-101.2,19.6754