fid,id_accidente,anio_origen,folio_c5i,dia_incidente,hora_ocurrencia,tipo_incidente_vial,superficie_ocurrencia,condiciones_climaticas,condiciones_via,numero_vehiculos_involucrados,marca_vehiculo_ocasiona_siniestro,color_vehiculo_ocasiona_siniestro,numero_personas_involucradas,lugar_remite_presunto_responsable,edad_presunto_responsable,sexo_presunto_responsable,resultados_toxicologia,numero_personas_lesionadas,numero_personas_fallecidas,municipio,colonia,mes,dia_semana,hora_redondeada,lon,lat
24974,24979,2019,MOR190676601,2019/09/01,22:20:00,COLISIÓN POR CORTE DE CIRCULACIÓN,CONCRETO,Bueno,Bueno,2,NISSAN,BLANCO/CREMA,2,MINISTERIO PÚBLICO,0,MASCULINO,SIN DATOS,0,0,Morelia,Ignacio Zaragoza,septiembre,domingo,22,-101.204222336317,19.723849518802
24975,24980,2019,,2019/09/02,"00:30:00",COLISIÓN POR ALCANCE,ASFALTO,Bueno,Bueno,2,BUICK,ROJO,2,,,MASCULINO,SIN DATOS,0,0,Morelia,Fidel Velazquez,septiembre,lunes,1,-101.23628821224,19.7075914579485
24976,24981,2019,MOR190677216,2019/09/02,"08:25:00",COLISIÓN POR ALCANCE,CONCRETO,Bueno,Bueno,2,CHEVROLET,GRIS,2,,31,FEMENINO,SIN DATOS,0,0,Morelia,Elias Perez Avalos,septiembre,lunes,8,-101.165607646108,19.7114077868861
24977,24982,2019,,2019/09/02,"08:25:00",COLISIÓN POR ALCANCE,ASFALTO,Bueno,Bueno,2,MITSUBISHI,BLANCO,1,MINISTERIO PÚBLICO,,,,1,0,Morelia,Dr Miguel Silva,septiembre,lunes,8,-101.186612024903,19.7203774267912
24978,24983,2019,,2019/09/02,"09:20:00",COLISIÓN POR CAMBIO DE CARRIL,ASFALTO,Bueno,Bueno,2,INTERNTIONAL,BLANCO,2,,43,MASCULINO,SIN DATOS,0,0,Cotija,Sin datos,septiembre,lunes,9,-102.754440307617,19.7835035181981
24979,24984,2019,MOR190677178,2019/09/02,10:00:00,COLISIÓN POR CAMBIO DE CARRIL,ASFALTO,Bueno,Bueno,2,NISSAN,AZUL,2,,35,MASCULINO,SIN DATOS,0,0,Morelia,Ciudad Industrial,septiembre,lunes,10,-101.145390160382,19.7230111904186
24980,24985,2019,LEG26232,2019/09/02,10:10:00,COLISIÓN POR CORTE DE CIRCULACIÓN,CONCRETO,Bueno,Bueno,2,YAMAHA,NEGRO,2,,32,MASCULINO,SIN DATOS,0,0,Morelia,Ferrocarrilero,septiembre,lunes,10,-101.22020535171,19.6947706910469
24981,24986,2019,,2019/09/02,10:27:00,COLISIÓN POR INVASIÓN DE CARRIL,ASFALTO,Bueno,Bueno,2,CHEVROLET,BLANCO,2,,59,FEMENINO,SIN DATOS,0,0,Peribán,Sin datos,septiembre,lunes,10,-102.455222792923,19.5603967175511
24982,24987,2019,,2019/09/02,12:20:00,COLISIÓN POR ALCANCE,ASFALTO,Bueno,Bueno,2,MERCEDEZ BENZ,BLANCO Y AZUL,2,,31,MASCULINO,SIN DATOS,0,0,Morelia,Nueva Valladolid,septiembre,lunes,12,-101.207396127284,19.7020718076568
24983,24988,2019,,2019/09/02,12:47:00,COLISIÓN POR CAMBIO DE CARRIL,ASFALTO,Bueno,Bueno,2,FREIGHLINER,BLANCO,2,,0,MASCULINO,SIN DATOS,0,0,Morelia,Lomas del Tecnologico,septiembre,lunes,13,-101.188374906778,19.7212134818045
24984,24989,2019,MOR190677736,2019/09/02,13:25:00,COLISIÓN POR ALCANCE,ASFALTO,Bueno,Bueno,2,DINA,BLANCO,2,,56,MASCULINO,SIN DATOS,0,0,Morelia,Sentimientos de La Nacion,septiembre,lunes,13,-101.236871927977,19.6848036400221
24985,24990,2019,,2019/09/02,16:00:00,COLISIÓN POR CORTE DE CIRCULACIÓN,ASFALTO,Bueno,Bueno,2,VOLKSWAGEN,AZUL,1,MINISTERIO PÚBLICO,0,MASCULINO,SIN DATOS,0,0,Morelia,Prados Verdes,septiembre,lunes,16,-101.201112046838,19.7152852555174
24986,24991,2019,,2019/09/02,16:30:00,VOLCADURA,ASFALTO,Bueno,Bueno,1,CHEVROLET,NEGRO,5,MINISTERIO PÚBLICO,33,MASCULINO,SIN DATOS,4,0,Puruándiro,Los Angeles,septiembre,lunes,17,-101.532033272088,20.0774785969939
24987,24992,2019,,2019/09/02,17:20:00,COLISIÓN POR CORTE DE CIRCULACIÓN,CONCRETO,Bueno,Bueno,2,NISSAN,BLANCO,2,,0,MASCULINO,SIN DATOS,0,0,Morelia,Felix Ireta,septiembre,lunes,17,-101.188169717789,19.687826272034
24988,24993,2019,,2019/09/02,20:36:00,COLISIÓN POR CORTE DE CIRCULACIÓN,ASFALTO,Bueno,Bueno,2,FORD,ROJO,2,,21,MASCULINO,ALIENTO ETÍLICO,0,0,Morelia,Eva Samano,septiembre,lunes,21,-101.199438321556,19.7314341452765
24989,24994,2019,,2019/09/02,20:50:00,COLISIÓN POR ALCANCE,ASFALTO,Bueno,Bueno,2,CHRYSLER,PLATA,2,MINISTERIO PÚBLICO,31,MASCULINO,SIN DATOS,0,0,Morelia,Villas del Real,septiembre,lunes,21,-101.198724880815,19.7347942656598
24990,24995,2019,,2019/09/02,22:02:00,COLISIÓN CONTRA OBJETO FIJO,ASFALTO,Bueno,Bueno,1,NISSAN,ROJO,1,,0,MASCULINO,SIN DATOS,0,0,Morelia,Sin datos,septiembre,lunes,22,-101.119943372905,19.6993095436963
24991,24996,2019,MOR 190680784,2019/09/03,"00:00:00",COLISIÓN CON PEATÓN,ASFALTO,Bueno,Bueno,3,S/D,AMARILLO,1,MINISTERIO PÚBLICO,,,,0,1,Morelia,Los Angeles,septiembre,martes,0,-101.167963479351,19.7444751194994
24993,24998,2019,MOR190679510,2019/09/03,"08:10:00",VOLCADURA,ASFALTO,Bueno,Bueno,1,NISSAN,BLANCO,1,,28,FEMENINO,SIN DATOS,0,0,Morelia,Colinas del Sur,septiembre,martes,8,-101.199421622198,19.6652855893338
24994,24999,2019,,2019/09/03,"09:00:00",COLISIÓN POR CAMBIO DE CARRIL,ASFALTO,Bueno,Bueno,2,NISSAN,GRIS,2,,31,FEMENINO,SIN DATOS,0,0,Morelia,Centro,septiembre,martes,9,-101.18218963,19.7028850649992
24995,25000,2019,,2019/09/03,"09:00:00",COLISIÓN POR CORTE DE CIRCULACIÓN,ASFALTO,Bueno,Malo,2,CHEVROLET,ROJO,0,,,,,0,0,Morelia,Tres Puentes,septiembre,martes,9,-101.212261348208,19.7081255919614
24996,25001,2019,LEG26292,2019/09/03,"09:20:00",COLISIÓN POR CORTE DE CIRCULACIÓN,ASFALTO,Bueno,Bueno,1,CHEVROLET,BLANCO,4,MINISTERIO PÚBLICO,,,,4,0,Tarímbaro,Sin datos,septiembre,martes,9,-101.144926,19.85326
24997,25002,2019,,2019/09/03,"09:45:00",COLISIÓN POR ALCANCE,ASFALTO,Bueno,Bueno,2,MAZDA,ROJO,2,,66,MASCULINO,SIN DATOS,0,0,Morelia,Camelinas,septiembre,martes,10,-101.17262119,19.6818144849991
24998,25003,2019,,2019/09/03,10:25:00,COLISIÓN POR CORTE DE CIRCULACIÓN,CONCRETO,Bueno,Regular,2,CHEVROLET,BLANCO,2,,,MASCULINO,SIN DATOS,0,0,Morelia,Centro,septiembre,martes,10,-101.199426655,19.7051880499991
24999,25004,2019,MOR190679811,2019/09/03,10:35:00,COLISIÓN POR ALCANCE,ASFALTO,Bueno,Bueno,2,TOYOTA,BLANCO Y ROSA,2,,47,MASCULINO,SIN DATOS,0,0,Morelia,Granjas del Maestro,septiembre,martes,11,-101.190610395,19.7131013799991
25000,25005,2019,LEG26274,2019/09/03,11:20:00,COLISIÓN CONTRA OBJETO FIJO,ASFALTO,Bueno,Bueno,1,FORD,BLANCO,1,,,MASCULINO,SIN DATOS,0,0,Morelia,Emiliano Zapata,septiembre,martes,11,-101.232768396902,19.6530668887289
25001,25006,2019,MOR190675987,2019/09/03,12:26:00,COLISIÓN POR ALCANCE,ASFALTO,Bueno,Bueno,2,NISSAN,BLANCO,2,,48,MASCULINO,SIN DATOS,0,0,Morelia,Gral Gertrudis Sanchez,septiembre,martes,12,-101.2094753,19.7439916449991
25002,25007,2019,,2019/09/03,12:35:00,COLISIÓN POR CAMBIO DE CARRIL,ASFALTO,Bueno,Bueno,2,TOYOTA,DORADO,2,,,MASCULINO,SIN DATOS,0,0,Morelia,Centro,septiembre,martes,13,-101.19118388321,19.702768457823
25003,25008,2019,MOR190680330,2019/09/03,14:33:00,COLISIÓN POR NO RESPETAR SEMÁFORO,ASFALTO,Bueno,Bueno,2,VOLKSWAGEN,NEGRO,2,MINISTERIO PÚBLICO,52,FEMENINO,SIN DATOS,0,0,Morelia,Camelinas,septiembre,martes,15,-101.17262119,19.6818144849991
25004,25009,2019,LEG26293,2019/09/03,15:32:00,COLISIÓN POR CAMBIO DE CARRIL,ASFALTO,Bueno,Bueno,2,TOYOTA,BLANCO Y GRIS,2,,,MASCULINO,SIN DATOS,0,0,Morelia,Pascual Ortiz de Ayala,septiembre,martes,16,-101.149821521984,19.69504229591
25005,25010,2019,LEG26275,2019/09/03,15:56:00,COLISIÓN POR CAMBIO DE CARRIL,CONCRETO,Bueno,Bueno,2,NISSAN,BLANCO,2,,,MASCULINO,SIN DATOS,0,0,Morelia,Fuentes de Morelia,septiembre,martes,16,-101.203908950441,19.6711852824231
25006,25011,2019,MOR 190680709,2019/09/03,17:20:00,COLISIÓN POR ALCANCE,ASFALTO,Bueno,Bueno,2,HUNDAI,NEGRO,2,,22,FEMENINO,SIN DATOS,0,0,Morelia,Camelinas,septiembre,martes,17,-101.17262119,19.6818144849991
25008,25013,2019,MOR190680986,2019/09/03,19:51:00,COLISIÓN POR CORTE DE CIRCULACIÓN,ASFALTO,Bueno,Bueno,2,NISSAN,GRIS,2,,,FEMENINO,SIN DATOS,0,0,Morelia,Lomas del Valle,septiembre,martes,20,-101.230037015,19.6880963799991
25009,25014,2019,,2019/09/03,20:00:00,COLISIÓN POR CORTE DE CIRCULACIÓN,ASFALTO,Bueno,Bueno,2,DODGE RAM,ROJO,2,MINISTERIO PÚBLICO,,,SIN DATOS,0,0,Lázaro Cárdenas,San Felipe de Jesus,septiembre,martes,20,-102.230070456862,17.9903867744361
25010,25015,2019,,2019/09/03,20:00:00,COLISIÓN POR ALCANCE,SIN_DATOS,Bueno,Bueno,2,ITALIKA,ROJO,1,MINISTERIO PÚBLICO,,,,1,0,Lázaro Cárdenas,El Palmar 77,septiembre,martes,20,-102.216283231974,17.9742345646133
25011,25016,2019,,2019/09/03,20:25:00,VOLCADURA,ASFALTO,Lluvioso,Bueno,1,GMC,GRIS,1,,16,MASCULINO,SIN DATOS,0,0,Peribán,Sin datos,septiembre,martes,20,-102.456910572946,19.5689003013838
25012,25017,2019,LEG26294,2019/09/03,21:03:00,COLISIÓN POR ALCANCE,ASFALTO,Bueno,Bueno,2,VOLKSWAGEN,ROJO,2,,,FEMENINO,SIN DATOS,0,0,Morelia,Morelos,septiembre,martes,21,-101.20619815,19.7022964949991
25013,25018,2019,,2019/09/04,"01:00:00",COLISIÓN POR CORTE DE CIRCULACIÓN,ASFALTO,Bueno,Regular,2,CHEVROLET,ROJO,0,MINISTERIO PÚBLICO,,,,0,0,Maravatío,Sin datos,septiembre,miércoles,1,-100.414347723126,19.8958452081432
25015,25020,2019,,2019/09/04,"08:00:00",COLISIÓN POR CAMBIO DE CARRIL,ASFALTO,Bueno,Bueno,2,TOYOTA,PLATA,2,,23,MASCULINO,SIN DATOS,0,0,Morelia,Villas Lomas del Paraiso,septiembre,miércoles,8,-101.183243326701,19.6753951296653
25016,25021,2019,,2019/09/04,"08:35:00",COLISIÓN POR ALCANCE,ASFALTO,Bueno,Bueno,2,VOLKSWAGEN,BLANCO,2,,18,MASCULINO,SIN DATOS,0,0,Morelia,San Isidro Itzicuaro,septiembre,miércoles,9,-101.2774995,19.690198
25017,25022,2019,,2019/09/04,"08:40:00",COLISIÓN POR ALCANCE,CONCRETO,Nublado,Bueno,2,NISSAN,PLATA,2,,0,FEMENINO,SIN DATOS,0,0,Morelia,Morelos,septiembre,miércoles,9,-101.20619815,19.7022964949991
25018,25023,2019,,2019/09/04,10:02:00,COLISIÓN CONTRA OBJETO FIJO,ASFALTO,Bueno,Bueno,1,DINA,BLANCO,1,,40,MASCULINO,SIN DATOS,0,0,Morelia,Primo Tapia Oriente,septiembre,miércoles,10,-101.159684322774,19.7130591549847
25019,25024,2019,,2019/09/04,10:45:00,VOLCADURA,ASFALTO,Bueno,Bueno,1,CHEVROLET,NARANJA,0,MINISTERIO PÚBLICO,,,,0,0,Tacámbaro,Sin datos,septiembre,miércoles,11,-101.496625095606,19.2250321921391
25020,25025,2019,,2019/09/04,11:00:00,COLISIÓN POR MANIOBRA DE REVERSA,CONCRETO,Bueno,Bueno,2,TOYOTA,BLANCO,2,,49,FEMENINO,SIN DATOS,0,0,Morelia,Camelinas,septiembre,miércoles,11,-101.169276475247,19.6814280484255
25021,25026,2019,,2019/09/04,13:20:00,COLISIÓN POR CORTE DE CIRCULACIÓN,ASFALTO,Bueno,Bueno,2,HONDA,GRIS,2,,25,MASCULINO,SIN DATOS,0,0,Morelia,Lomas de San Juan,septiembre,miércoles,13,-101.183039681886,19.7298664251429
25023,25028,2019,LEG26312,2019/09/04,14:45:00,COLISIÓN CONTRA OBJETO FIJO,ASFALTO,Bueno,Bueno,2,NISSAN,ROJO,2,,,MASCULINO,SIN DATOS,0,0,Morelia,Insurgentes,septiembre,miércoles,15,-101.155416805,19.6953315299991
25024,25029,2019,MOR190683052,2019/09/04,16:00:00,COLISIÓN CONTRA OBJETO FIJO,CONCRETO,Bueno,Bueno,3,CHEVROLET,BLANCO,1,MINISTERIO PÚBLICO,26,MASCULINO,SIN DATOS,0,0,Morelia,Villas Oriente,septiembre,miércoles,16,-101.144168047381,19.7544730091077
25025,25030,2019,,2019/09/04,16:00:00,COLISIÓN POR CAMBIO DE CARRIL,ASFALTO,Bueno,Bueno,2,GMC,BLANCO,2,,0,MASCULINO,SIN DATOS,0,0,Morelia,Rafael Carrillo,septiembre,miércoles,16,-101.235012151301,19.7096976939214
25026,25031,2019,,2019/09/04,17:40:00,COLISIÓN POR ALCANCE,CONCRETO,Bueno,Bueno,2,NISSAN,BLANCO,2,,,MASCULINO,SIN DATOS,0,0,Morelia,Lomas de Morelia (Dr Ignacio Chavez),septiembre,miércoles,18,-101.175452644618,19.7162004988672
25027,25032,2019,,2019/09/04,18:10:00,COLISIÓN CONTRA OBJETO FIJO,CONCRETO,Nublado,Bueno,2,HONDA,ROJO  Y NEGRO,2,,30,MASCULINO,SIN DATOS,0,0,Morelia,Adolfo Lopez Mateos,septiembre,miércoles,18,-101.226139622885,19.6981067844139
25028,25033,2019,,2019/09/04,19:55:00,COLISIÓN CONTRA OBJETO FIJO,CONCRETO,Bueno,Bueno,2,MERCEDES BENZ,BLANCO,2,MINISTERIO PÚBLICO,,MASCULINO,SIN DATOS,0,0,Morelia,Balcones de Santa Maria,septiembre,miércoles,20,-101.1846909,19.6760627699991
25029,25034,2019,,2019/09/04,21:00:00,COLISIÓN POR NO RESPETAR SEMÁFORO,ASFALTO,Bueno,Bueno,2,DODGE,PLATA,2,,54,MASCULINO,SIN DATOS,0,0,Morelia,Rafael Carrillo,septiembre,miércoles,21,-101.236565150321,19.7077432795719
25030,25035,2019,MOR190684052,2019/09/04,22:41:00,COLISIÓN CON PEATÓN,ASFALTO,Bueno,Bueno,1,YAMAHA,BLANCO,3,MINISTERIO PÚBLICO,0,,SIN DATOS,2,0,Tarímbaro,Centro,septiembre,miércoles,23,-101.176869,19.792979
25031,25036,2019,MOR190684138,2019/09/04,23:00:00,COLISIÓN POR CAMBIO DE CARRIL,ASFALTO,Bueno,Bueno,2,HIACE,BLANCO Y GRIS,2,,,MASCULINO,SIN DATOS,0,0,Morelia,Camelinas,septiembre,miércoles,23,-101.17262119,19.6818144849991
25032,25037,2019,LEG26330,2019/09/05,"00:19:00",VOLCADURA,ASFALTO,Bueno,Bueno,1,ACURA,NEGRO,1,MINISTERIO PÚBLICO,,,,1,0,Morelia,Camelinas,septiembre,jueves,0,-101.17262119,19.6818144849991
25033,25038,2019,,2019/09/05,"01:35:00",COLISIÓN CONTRA OBJETO FIJO,ASFALTO,Bueno,Bueno,1,FORD,GRIS,1,,0,MASCULINO,SIN DATOS,0,0,Morelia,Torreon Nuevo,septiembre,jueves,2,-101.20358663,19.7462449699991
25034,25039,2019,,2019/09/05,"03:40:00",SALIDA DE SUPERFICIE DE RODAMIENTO,ASFALTO,Lluvioso,Bueno,1,VW,AZUL,4,,,,,3,1,Coeneo,Sin datos,septiembre,jueves,4,-101.573348343372,19.8482861059952
25036,25041,2019,MOR190786359,2019/09/05,10:35:00,COLISIÓN POR CORTE DE CIRCULACIÓN,ASFALTO,Bueno,Bueno,2,NISSAN,BLANCO Y ROJO,2,,58,MASCULINO,SIN DATOS,0,0,Morelia,Del Empleado,septiembre,jueves,11,-101.18002517,19.6886070099991
25037,25042,2019,,2019/09/05,11:50:00,COLISIÓN POR CAMBIO DE CARRIL,CONCRETO,Bueno,Bueno,2,VOLKSWAGEN,BLANCO,2,,27,MASCULINO,SIN DATOS,0,0,Morelia,Ferrocarrilero,septiembre,jueves,12,-101.223609235,19.6918737849991
25038,25043,2019,MOR190685208,2019/09/05,12:45:00,COLISIÓN POR ALCANCE,CONCRETO,Bueno,Bueno,2,NISSAN,BLANCO,2,,46,MASCULINO,SIN DATOS,0,0,Morelia,Elias Perez Avalos,septiembre,jueves,13,-101.167813022979,19.7136335493406
25039,25044,2019,,2019/09/05,13:30:00,COLISIÓN POR CAMBIO DE CARRIL,CONCRETO,Bueno,Bueno,2,CHEVROLET,BLANCO,2,,28,MASCULINO,SIN DATOS,0,0,Morelia,Ventura Puente,septiembre,jueves,14,-101.193225725,19.6917077449992
25040,25045,2019,MOR190546892,2019/09/05,13:33:00,COLISIÓN POR CORTE DE CIRCULACIÓN,ASFALTO,Bueno,Bueno,2,TOYOTA,BLANCO Y CREMA,2,MINISTERIO PÚBLICO,,MASCULINO,SIN DATOS,0,0,Morelia,Isaac Arriaga,septiembre,jueves,14,-101.175320145,19.7090182249991
25041,25046,2019,LEG26323,2019/09/05,14:10:00,COLISIÓN POR CORTE DE CIRCULACIÓN,ASFALTO,Bueno,Bueno,2,NISSAN,BLANCO,2,,,MASCULINO,SIN DATOS,0,0,Morelia,Quinceo,septiembre,jueves,14,-101.225583814256,19.7338910364515
25044,25049,2019,LEG26324,2019/09/05,19:00:00,COLISIÓN POR CAMBIO DE CARRIL,ASFALTO,Bueno,Bueno,2,AUDI,NEGRO,2,,,MASCULINO,SIN DATOS,0,0,Morelia,Melchor Ocampo,septiembre,jueves,19,-101.201937888211,19.7065671597378
25045,25050,2019,LEG26322,2019/09/05,19:30:00,SALIDA DE SUPERFICIE DE RODAMIENTO,ASFALTO,Bueno,Bueno,1,NISSAN,GRIS,1,,,MASCULINO,SIN DATOS,0,0,Morelia,Ventura Puente,septiembre,jueves,20,-101.193225725,19.6917077449992
25046,25051,2019,LEG26329,2019/09/05,19:30:00,COLISIÓN POR CORTE DE CIRCULACIÓN,ASFALTO,Bueno,Bueno,2,DODGE,BLANCO,2,,,MASCULINO,SIN DATOS,0,0,Morelia,Santillan La Huerta,septiembre,jueves,20,-101.219553885717,19.6760966650679
25047,25052,2019,,2019/09/06,"00:55:00",COLISIÓN CONTRA OBJETO FIJO,CONCRETO,Bueno,Bueno,1,CHEVROLET,GUINDA,1,,21,MASCULINO,ALIENTO ETÍLICO,0,0,Morelia,Insurgentes,septiembre,viernes,1,-101.155416805,19.6953315299991
25049,25054,2019,,2019/09/06,"04:25:00",COLISIÓN CONTRA OBJETO FIJO,ASFALTO,Lluvioso,Regular,1,CHEVROLET,GRIS,1,,26,FEMENINO,SIN DATOS,0,0,Morelia,Camelinas,septiembre,viernes,4,-101.17262119,19.6818144849991
25050,25055,2019,MOR190686724,2019/09/06,"05:05:00",SALIDA DE SUPERFICIE DE RODAMIENTO,ASFALTO,Bueno,Bueno,1,FORD,ROJO,1,,20,MASCULINO,ALIENTO ETÍLICO,0,0,Morelia,Los Angeles,septiembre,viernes,5,-101.16920202,19.7458363549992
25051,25056,2019,LEG26352,2019/09/06,"06:15:00",COLISIÓN POR CORTE DE CIRCULACIÓN,CONCRETO,Bueno,Bueno,2,FORD,BLANCO,2,,,MASCULINO,SIN DATOS,0,0,Morelia,Elias Perez Avalos,septiembre,viernes,6,-101.167886855,19.7156043599992
25053,25058,2019,MOR190686799,2019/09/06,"08:00:00",SALIDA DE SUPERFICIE DE RODAMIENTO,ASFALTO,Nublado,Regular,1,TOYOTA,GRIS,1,,23,MASCULINO,SIN DATOS,0,0,Morelia,Praderas del Indio,septiembre,viernes,8,-101.223494028547,19.6450845894654
25054,25059,2019,,2019/09/06,"09:30:00",COLISIÓN POR CORTE DE CIRCULACIÓN,ASFALTO,Bueno,Bueno,2,NISSAN,GRIS,2,,31,MASCULINO,SIN DATOS,0,0,Morelia,Rector Diaz Rubio,septiembre,viernes,10,-101.19879316,19.6689606349991
25055,25060,2019,,2019/09/06,"09:40:00",COLISIÓN POR CAMBIO DE CARRIL,CONCRETO,Bueno,Bueno,2,HONDA,BLANCO,1,MINISTERIO PÚBLICO,0,MASCULINO,SIN DATOS,0,0,Morelia,Del Empleado,septiembre,viernes,10,-101.18002517,19.6886070099991
25057,25062,2019,,2019/09/06,12:55:00,COLISIÓN POR CORTE DE CIRCULACIÓN,ASFALTO,Nublado,Bueno,2,DiNA,BLANCO,2,,,MASCULINO,SIN DATOS,0,0,Morelia,Los Angeles,septiembre,viernes,13,-101.167963479351,19.7444751194994
25058,25063,2019,MOR190687545,2019/09/06,14:00:00,VOLCADURA,ASFALTO,Bueno,Bueno,1,CHEVROLET,PLATA,1,,,,SIN DATOS,0,0,Morelia,Praderas del Indio,septiembre,viernes,14,-101.223494028547,19.6450845894654
25059,25064,2019,MOR190687803,2019/09/06,14:20:00,COLISIÓN POR ALCANCE,ASFALTO,Bueno,Bueno,1,NISSAN,AZUL,1,,23,FEMENINO,SIN DATOS,0,0,Morelia,Mirador del Punhuato,septiembre,viernes,14,-101.157403069452,19.7043089194707
25061,25066,2019,,2019/09/06,15:38:00,COLISIÓN POR CAMBIO DE CARRIL,ASFALTO,Bueno,Bueno,2,TOYOTA,BLANCO,2,,,FEMENINO,SIN DATOS,0,0,Morelia,Camelinas,septiembre,viernes,16,-101.17262119,19.6818144849991
25062,25067,2019,,2019/09/06,17:04:00,COLISIÓN POR CAMBIO DE CARRIL,ASFALTO,Bueno,Bueno,2,NISSAN,AMARIILO,2,,,MASCULINO,SIN DATOS,0,0,Morelia,Centro,septiembre,viernes,17,-101.18754847,19.7028479949991
25063,25068,2019,MOR190688084,2019/09/06,17:30:00,COLISIÓN POR CORTE DE CIRCULACIÓN,ASFALTO,Bueno,Bueno,2,NISSAN,ZUL,2,,28,FEMENINO,SIN DATOS,0,0,Morelia,Division del Norte,septiembre,viernes,18,-101.164562825,19.7136650749991
25064,25069,2019,,2019/09/06,18:00:00,COLISIÓN POR CAMBIO DE CARRIL,ASFALTO,Bueno,Bueno,2,HONDA,NEGRO,2,,69,MASCULINO,SIN DATOS,0,0,Morelia,Camelinas,septiembre,viernes,18,-101.17262119,19.6818144849991
25065,25070,2019,,2019/09/06,18:00:00,COLISIÓN POR CAMBIO DE CARRIL,ASFALTO,Lluvioso,Regular,2,FORD,NEGRO,2,,35,MASCULINO,SIN DATOS,0,0,Morelia,Mariano Escobedo,septiembre,viernes,18,-101.209748685,19.7223888749991
25067,25072,2019,,2019/09/06,20:00:00,COLISIÓN POR ALCANCE,SIN_DATOS,Bueno,Bueno,2,YAMAHA,AZUL/GRIS,0,MINISTERIO PÚBLICO,,,,0,0,Lázaro Cárdenas,Jose Green,septiembre,viernes,20,-102.200830355287,17.9650869432006
25068,25073,2019,,2019/09/06,20:24:00,COLISIÓN POR CORTE DE CIRCULACIÓN,SIN_DATOS,Bueno,Bueno,1,Bajaj,negro,1,,34,MASCULINO,SIN DATOS,0,0,Morelia,Felix Ireta,septiembre,viernes,20,-101.184986270964,19.6811508354367
25069,25074,2019,,2019/09/06,20:24:00,COLISIÓN CONTRA OBJETO FIJO,CONCRETO,Nublado,Bueno,2,BAJAJ,NEGRO,2,,34,MASCULINO,SIN DATOS,0,0,Morelia,Camelinas,septiembre,viernes,20,-101.17262119,19.6818144849991
25070,25075,2019,,2019/09/06,21:15:00,COLISIÓN POR CORTE DE CIRCULACIÓN,ASFALTO,Bueno,Bueno,2,NISSAN,BLANCO Y GUINDA,2,,28,MASCULINO,SIN DATOS,0,0,Morelia,Comision Federal de Electricidad,septiembre,viernes,21,-101.18,19.682
25072,25077,2019,,2019/09/07,"00:00:00",SALIDA DE SUPERFICIE DE RODAMIENTO,ASFALTO,Bueno,Bueno,1,FORD,VERDE,1,,,,,1,0,Jungapeo,El Guayabal,septiembre,sábado,0,-100.487714186311,19.4718673965647
25073,25078,2019,,2019/09/07,"00:00:00",SALIDA DE SUPERFICIE DE RODAMIENTO,ASFALTO,Lluvioso,Regular,1,CHEVROLET,AZUL Y GRIS,3,,24,MASCULINO,SIN DATOS,2,0,Tuxpan,Sin datos,septiembre,sábado,0,-100.470947697759,19.6114951823206
25074,25079,2019,,2019/09/07,"00:00:00",COLISIÓN POR ALCANCE,ASFALTO,Bueno,Bueno,2,CHRYSLER,BLANCO/NARANJA,2,MINISTERIO PÚBLICO,,MASCULINO,SIN DATOS,0,0,Lázaro Cárdenas,Segundo Sector de Fidelac,septiembre,sábado,0,-102.204416804016,17.9589662589096
25077,25082,2019,,2019/09/07,"02:08:00",COLISIÓN CONTRA OBJETO FIJO,ASFALTO,Bueno,Bueno,2,HONDA,NEGRA,1,MINISTERIO PÚBLICO,16,MASCULINO,ALIENTO ETÍLICO,0,0,Zacapu,Centro,septiembre,sábado,2,-101.792505271733,19.8111324664503
25078,25083,2019,MOR190689323,2019/09/07,"04:30:00",COLISIÓN CONTRA OBJETO FIJO,ASFALTO,Bueno,Bueno,1,PONTIAC,ROJO,1,,58,MASCULINO,ALIENTO ETÍLICO,0,0,Morelia,Praderas del Indio,septiembre,sábado,5,-101.223494028547,19.6450845894654
25082,25087,2019,,2019/09/07,"08:20:00",COLISIÓN CONTRA OBJETO FIJO,ASFALTO,Bueno,Bueno,1,FORD,GRIS,1,,0,,SIN DATOS,0,0,Morelia,Centro,septiembre,sábado,8,-101.19118388321,19.702768457823
25085,25090,2019,LEG26358,2019/09/07,10:19:00,COLISIÓN POR NO RESPETAR SEMÁFORO,ASFALTO,Bueno,Bueno,2,NISSAN,ROJO,2,,0,MASCULINO,SIN DATOS,0,0,Morelia,Ventura Puente,septiembre,sábado,10,-101.193225725,19.6917077449992
25086,25091,2019,LEG26360,2019/09/07,11:41:00,COLISIÓN CONTRA OBJETO FIJO,ASFALTO,Bueno,Bueno,2,CHEVROLET,BLANCO,2,,0,MASCULINO,SIN DATOS,0,0,Morelia,Centro,septiembre,sábado,12,-101.182549655,19.7039158799991
25087,25092,2019,,2019/09/07,14:40:00,COLISIÓN CONTRA OBJETO FIJO,ASFALTO,Nublado,Bueno,1,Nissan,Blanco,0,,,,,0,0,Morelia,El Durazno,septiembre,sábado,15,-101.181001514196,19.6567227941143
25088,25093,2019,,2019/09/07,15:46:00,COLISIÓN POR CORTE DE CIRCULACIÓN,ASFALTO,Bueno,Bueno,2,DATSUN,BLANCO,5,MINISTERIO PÚBLICO,,,SIN DATOS,3,0,Zacapu,Zacapu,septiembre,sábado,16,-101.780438960141,19.8052913738529