fid,id_accidente,anio_origen,folio_c5i,dia_incidente,hora_ocurrencia,tipo_incidente_vial,superficie_ocurrencia,condiciones_climaticas,condiciones_via,numero_vehiculos_involucrados,marca_vehiculo_ocasiona_siniestro,color_vehiculo_ocasiona_siniestro,numero_personas_involucradas,lugar_remite_presunto_responsable,edad_presunto_responsable,sexo_presunto_responsable,resultados_toxicologia,numero_personas_lesionadas,numero_personas_fallecidas,municipio,colonia,mes,dia_semana,hora_redondeada,lon,lat
25090,25095,2019,LEG26367,2019/09/07,17:14:00,COLISIÓN CONTRA OBJETO FIJO,CONCRETO,Bueno,Bueno,1,JEEP,BLANCO,1,,0,MASCULINO,SIN DATOS,0,0,Morelia,Jacarandas,septiembre,sábado,17,-101.210895875,19.7052847949991
25092,25097,2019,LEG26362,2019/09/07,19:32:00,COLISIÓN POR CORTE DE CIRCULACIÓN,ASFALTO,Bueno,Bueno,2,MAZDA,GRIS,1,,0,MASCULINO,SIN DATOS,0,0,Morelia,Ario 1815,septiembre,sábado,20,-101.276815905,19.7001169749992
25093,25098,2019,,2019/09/07,20:50:00,COLISIÓN POR INVASIÓN DE CARRIL,ASFALTO,Bueno,Bueno,2,CHRYSLER,GRIS,3,MINISTERIO PÚBLICO,19,MASCULINO,SIN DATOS,2,0,Puruándiro,Sin datos,septiembre,sábado,21,-101.523594707251,20.1230633514025
25094,25099,2019,,2019/09/07,20:50:00,COLISIÓN POR CORTE DE CIRCULACIÓN,ASFALTO,Lluvioso,Bueno,2,CHEVROLET,ROJO,2,,40,MASCULINO,SIN DATOS,0,0,Morelia,Plan de Ayala,septiembre,sábado,21,-101.180417122829,19.7060573619129
25096,25101,2019,M0R190875643,2019/09/07,21:27:00,COLISIÓN CONTRA OBJETO FIJO,CONCRETO,Lluvioso,Malo,1,NISSAN,GRIS,1,MINISTERIO PÚBLICO,55,MASCULINO,SIN DATOS,0,0,Morelia,La Floresta,septiembre,sábado,21,-101.204400720377,19.6659776131012
25097,25102,2019,,2019/09/07,22:00:00,COLISIÓN POR CORTE DE CIRCULACIÓN,ASFALTO,Bueno,Bueno,2,NISSAN,NEGRO,2,MINISTERIO PÚBLICO,,MASCULINO,SIN DATOS,0,0,Morelia,Chapultepec Sur,septiembre,sábado,22,-101.177102923393,19.6919612664793
25098,25103,2019,LEG26363,2019/09/07,22:24:00,COLISIÓN POR CORTE DE CIRCULACIÓN,ASFALTO,Bueno,Bueno,2,FORD,AZUL,2,,0,MASCULINO,ALIENTO ETÍLICO,0,0,Morelia,Obrera,septiembre,sábado,22,-101.180176695,19.7105239149991
25099,25104,2019,,2019/09/08,"00:00:00",COLISIÓN POR ALCANCE,ASFALTO,Bueno,Bueno,2,VOLKSWAGEN,GRIS,2,,0,MASCULINO,CON CERTIFICADO,0,0,Morelia,San Rafael,septiembre,domingo,0,-101.152337704762,19.6999683672239
25100,25105,2019,,2019/09/08,"05:05:00",COLISIÓN POR ALCANCE,ASFALTO,Bueno,Bueno,2,VOLKSWAGEN,NEGRO,2,,21,MASCULINO,SIN DATOS,0,0,Morelia,Pascual Ortiz de Ayala,septiembre,domingo,5,-101.149821521984,19.69504229591
25101,25106,2019,,2019/09/08,"08:25:00",SUBIDA AL CAMELLÓN,ASFALTO,Bueno,Bueno,1,FREIGHTLINER,BLANCO,1,,45,MASCULINO,SIN DATOS,0,0,Zacapu,Garcia Padilla,septiembre,domingo,8,-101.797990053892,19.8140259050895
25102,25107,2019,,2019/09/08,"09:05:00",COLISIÓN POR CORTE DE CIRCULACIÓN,ASFALTO,Bueno,Bueno,2,KIA,GUINDA,3,MINISTERIO PÚBLICO,23,MASCULINO,SIN DATOS,2,0,Morelia,Arcos del Valle,septiembre,domingo,9,-101.236251667142,19.7076223904323
25103,25108,2019,,2019/09/08,11:30:00,SUBIDA AL CAMELLÓN,ASFALTO,Bueno,Bueno,1,NISSAN,AZUL,1,,27,MASCULINO,SIN DATOS,0,0,Morelia,Santiaguito,septiembre,domingo,12,-101.191834108722,19.7181820570845
25104,25109,2019,,2019/09/08,12:15:00,COLISIÓN POR CAMBIO DE CARRIL,CONCRETO,Bueno,Bueno,2,NISSAN,BLANCO Y GUINDA,2,MINISTERIO PÚBLICO,0,MASCULINO,SIN DATOS,0,0,Morelia,Balcones de Morelia,septiembre,domingo,12,-101.201869405085,19.6735302099086
25105,25110,2019,,2019/09/08,13:00:00,COLISIÓN POR INVASIÓN DE CARRIL,ASFALTO,Bueno,Bueno,2,ITALIKA,NEGRO,0,MINISTERIO PÚBLICO,,,,0,0,Hidalgo,Sin datos,septiembre,domingo,13,-100.527978166938,19.6998376318996
25106,25111,2019,,2019/09/08,18:57:00,COLISIÓN POR INVASIÓN DE CARRIL,ASFALTO,Lluvioso,Malo,2,ITALIKA,NEGRO,3,MINISTERIO PÚBLICO,20,MASCULINO,SIN DATOS,1,0,Zacapu,Zacapu,septiembre,domingo,19,-101.78112834692,19.8059987149887
25108,25113,2019,,2019/09/08,21:42:00,COLISIÓN CONTRA OBJETO FIJO,ASFALTO,Nublado,Regular,1,FORD,GUINDA,0,,,,,0,0,Cuitzeo,El Embarcadero,septiembre,domingo,22,-101.140417680144,19.9642005678973
25109,25114,2019,,2019/09/09,"00:00:00",COLISIÓN POR INVASIÓN DE CARRIL,ASFALTO,Bueno,Bueno,2,JEEP,NEGRO,1,MINISTERIO PÚBLICO,,,SIN DATOS,0,0,Lázaro Cárdenas,Segundo Sector de Fidelac,septiembre,lunes,0,-102.20774356051,17.9589940013978
25110,25115,2019,,2019/09/09,"00:00:00",COLISIÓN POR CORTE DE CIRCULACIÓN,ASFALTO,Bueno,Bueno,1,NISSAN,BLANCO,2,,0,,SIN DATOS,1,0,Morelia,Camelinas,septiembre,lunes,0,-101.175640113652,19.6817032915676
25112,25117,2019,LEG26417,2019/09/09,"04:22:00",COLISIÓN POR CORTE DE CIRCULACIÓN,ASFALTO,Bueno,Regular,1,ITALIKA,NEGRO,1,,,MASCULINO,SIN DATOS,0,0,Morelia,Torreon Nuevo,septiembre,lunes,4,-101.20358663,19.7462449699991
25113,25118,2019,,2019/09/09,"06:28:00",COLISIÓN POR ALCANCE,CONCRETO,Bueno,Bueno,2,CHEVROLET,CAFE,2,,31,MASCULINO,SIN DATOS,0,0,Morelia,Centro,septiembre,lunes,6,-101.195159625,19.7014915399992
25114,25119,2019,,2019/09/09,"07:30:00",COLISIÓN POR CORTE DE CIRCULACIÓN,ASFALTO,Bueno,Bueno,2,ITALIKA,NEGRO,3,,0,MASCULINO,SIN DATOS,1,0,Morelia,Primo Tapia Oriente,septiembre,lunes,8,-101.160671657864,19.7148130515494
25115,25120,2019,,2019/09/09,"07:45:00",COLISIÓN POR CORTE DE CIRCULACIÓN,ASFALTO,Bueno,Bueno,2,TOYOTA,BLANCO,2,,,MASCULINO,SIN DATOS,0,0,Morelia,Felix Ireta,septiembre,lunes,8,-101.19509802191,19.6821447479733
25116,25121,2019,,2019/09/09,"07:59:00",COLISIÓN POR INVASIÓN DE CARRIL,ASFALTO,Bueno,Bueno,2,IZUKA,NEGRA ROJO,3,MINISTERIO PÚBLICO,18,MASCULINO,SIN DATOS,1,0,Zacapu,Zacapu,septiembre,lunes,8,-101.779867038131,19.8046473515755
25117,25122,2019,,2019/09/09,"08:20:00",COLISIÓN POR CORTE DE CIRCULACIÓN,ASFALTO,Bueno,Bueno,2,FORD,BLANCO,2,,,MASCULINO,SIN DATOS,0,0,Morelia,Alberto Oviedo Mota,septiembre,lunes,8,-101.196140686849,19.6817272495021
25119,25124,2019,,2019/09/09,"08:40:00",SALIDA DE SUPERFICIE DE RODAMIENTO,ASFALTO,Nublado,Bueno,1,NISSAN,BLANCO,1,,54,MASCULINO,SIN DATOS,0,0,Cuitzeo,Los Granados,septiembre,lunes,9,-101.140371747315,19.9749290538757
25121,25126,2019,,2019/09/09,11:20:00,COLISIÓN POR MANIOBRA DE REVERSA,CONCRETO,Bueno,Bueno,2,TOYOTA,BLANCO,2,,49,MASCULINO,SIN DATOS,0,0,Morelia,Insurgentes,septiembre,lunes,11,-101.155416805,19.6953315299991
25123,25128,2019,LEG26410,2019/09/09,14:00:00,COLISIÓN POR ALCANCE,ASFALTO,Bueno,Regular,2,FIAT,BLANCO,2,,,MASCULINO,SIN DATOS,0,0,Morelia,Tzindurio de Morelos,septiembre,lunes,14,-101.244267185,19.6989302849992
25124,25129,2019,MOR190695685,2019/09/09,14:30:00,SALIDA DE SUPERFICIE DE RODAMIENTO,ASFALTO,Bueno,Bueno,1,VOLKSWAGEN,NEGRO,1,,45,MASCULINO,SIN DATOS,0,0,Morelia,Sin datos,septiembre,lunes,15,-101.11455884192,19.7372316661679
25125,25130,2019,,2019/09/09,14:30:00,COLISIÓN POR CAMBIO DE CARRIL,ASFALTO,Bueno,Bueno,2,INTERNATIONAL,AMARILLO,2,,34,MASCULINO,SIN DATOS,0,0,Morelia,Felix Ireta,septiembre,lunes,15,-101.19088511914,19.6835604772658
25126,25131,2019,MOR190654987,2019/09/09,14:38:00,COLISIÓN POR ALCANCE,ASFALTO,Bueno,Bueno,2,FREIGHTLINER,BLANCO,2,,,MASCULINO,SIN DATOS,0,0,Morelia,Indeco Santiaguito,septiembre,lunes,15,-101.17575391358,19.7230270449021
25129,25134,2019,MOR190674992,2019/09/09,16:19:00,COLISIÓN POR ALCANCE,ASFALTO,Bueno,Bueno,2,VOLKSWAGEN,BALNCO,1,MINISTERIO PÚBLICO,34,MASCULINO,ALIENTO ETÍLICO,0,0,Morelia,Isaac Arriaga,septiembre,lunes,16,-101.17249594,19.7108901399992
25132,25137,2019,,2019/09/09,18:50:00,COLISIÓN POR ALCANCE,ASFALTO,Bueno,Bueno,2,JEEP,GRIS,2,MINISTERIO PÚBLICO,44,FEMENINO,SIN DATOS,0,0,Morelia,Felix Ireta,septiembre,lunes,19,-101.1919749,19.6869904499991
25133,25138,2019,LEG26418,2019/09/09,20:00:00,COLISIÓN POR CORTE DE CIRCULACIÓN,ASFALTO,Bueno,Bueno,2,ITALIKA,BLANCO,2,MINISTERIO PÚBLICO,,MASCULINO,SIN DATOS,0,0,Morelia,Leandro Valle,septiembre,lunes,20,-101.23158913,19.7244475849991
25137,25142,2019,MOR190697458,2019/09/10,"03:25:00",COLISIÓN CONTRA OBJETO FIJO,ASFALTO,Bueno,Bueno,1,FORD,ARENA,1,,41,MASCULINO,SIN DATOS,0,0,Morelia,Lomas de San Juan,septiembre,martes,3,-101.183039681886,19.7298664251429
25138,25143,2019,,2019/09/10,"08:13:00",COLISIÓN POR ALCANCE,ASFALTO,Bueno,Bueno,2,NISSAN,BLANCO/ROJO,2,MINISTERIO PÚBLICO,24,MASCULINO,CON CERTIFICADO,0,0,Múgica,Sin datos,septiembre,martes,8,-102.070963829756,18.95203776259
25139,25144,2019,LEG26456,2019/09/10,"08:20:00",COLISIÓN POR ALCANCE,ASFALTO,Bueno,Bueno,2,HYUNDAI,BLANCO,2,,,MASCULINO,SIN DATOS,0,0,Morelia,Indeco El Vivero,septiembre,martes,8,-101.229853592813,19.6769101187345
25140,25145,2019,,2019/09/10,"09:00:00",COLISIÓN POR CORTE DE CIRCULACIÓN,CONCRETO,Bueno,Regular,2,NISSAN,PLATA,2,,65,MASCULINO,SIN DATOS,0,0,Morelia,Plan de La Garita,septiembre,martes,9,-101.1839633,19.7134606199992
25141,25146,2019,,2019/09/10,"09:00:00",COLISIÓN POR ALCANCE,CONCRETO,Bueno,Bueno,3,HUNDAI,BLANCO,3,,39,FEMENINO,SIN DATOS,0,0,Morelia,Ferrocarrilero,septiembre,martes,9,-101.223609235,19.6918737849991
25142,25147,2019,LEG26457,2019/09/10,14:15:00,COLISIÓN CONTRA OBJETO FIJO,ASFALTO,Bueno,Bueno,2,DODGE,BLANCO,2,,,,SIN DATOS,0,0,Morelia,Agustin Arriaga Rivera,septiembre,martes,14,-101.22551839,19.6905302549992
25143,25148,2019,,2019/09/10,14:20:00,COLISIÓN CON PEATÓN,CONCRETO,Bueno,Bueno,1,YAMAHA,BLANCO Y GRIS,1,,26,MASCULINO,SIN DATOS,0,0,Morelia,Camelinas,septiembre,martes,14,-101.17262119,19.6818144849991
25144,25149,2019,,2019/09/10,20:30:00,COLISIÓN POR INVASIÓN DE CARRIL,ASFALTO,Bueno,Bueno,2,NISSAN,BLANCO,2,,28,MASCULINO,SIN DATOS,0,0,Morelia,Adolfo Lopez Mateos,septiembre,martes,21,-101.225586564199,19.7004748024809
25145,25150,2019,MOR190699669,2019/09/10,20:40:00,COLISIÓN POR NO RESPETAR SEMÁFORO,CONCRETO,Bueno,Bueno,3,NISSAN,BLANCO Y  NEGRO,3,,0,MASCULINO,SIN DATOS,0,0,Morelia,Centro,septiembre,martes,21,-101.18754847,19.7028479949991
25146,25151,2019,LEG26458,2019/09/10,21:00:00,COLISIÓN POR CORTE DE CIRCULACIÓN,ASFALTO,Bueno,Bueno,2,NISSAN,BLANCO Y NEGRO,1,,,MASCULINO,SIN DATOS,0,0,Morelia,Granjas del Maestro,septiembre,martes,21,-101.19589813093,19.7164699984943
25147,25152,2019,LEG26454,2019/09/11,"00:00:00",COLISIÓN POR CAMBIO DE CARRIL,ASFALTO,Bueno,Bueno,2,KIA,IRON GREY,2,,,MASCULINO,SIN DATOS,0,0,Morelia,Alberto Oviedo Mota,septiembre,miércoles,0,-101.196140686849,19.6817272495021
25148,25153,2019,MOR19070005,2019/09/11,"00:10:00",SALIDA DE SUPERFICIE DE RODAMIENTO,CONCRETO,Bueno,Bueno,1,TOYOTA,GRIS,0,MINISTERIO PÚBLICO,,,,0,0,Morelia,Cañada del Bosque,septiembre,miércoles,0,-101.097469366718,19.7282996448773
25153,25158,2019,LEG26443,2019/09/11,"09:40:00",COLISIÓN POR CORTE DE CIRCULACIÓN,ASFALTO,Lluvioso,Regular,1,CHEVROLET,BLANCO,1,,,FEMENINO,SIN DATOS,0,0,Morelia,Sin datos,septiembre,miércoles,10,-101.275924408994,19.6208266134515
25154,25159,2019,,2019/09/11,11:30:00,COLISIÓN POR CAMBIO DE CARRIL,ASFALTO,Bueno,Bueno,2,MAZDA,BLANCO,2,,60,MASCULINO,SIN DATOS,0,0,Morelia,Torreon Nuevo,septiembre,miércoles,12,-101.20358663,19.7462449699991
25156,25161,2019,,2019/09/11,13:00:00,COLISIÓN POR CAMBIO DE CARRIL,CONCRETO,Bueno,Bueno,2,NISSAN,BLANCO,2,,31,MASCULINO,SIN DATOS,0,0,Morelia,Centro,septiembre,miércoles,13,-101.197995319963,19.703057890566
25157,25162,2019,LEG26444,2019/09/11,13:40:00,COLISIÓN POR CAMBIO DE CARRIL,ASFALTO,Bueno,Bueno,2,HONDA,BLANCO,2,,,MASCULINO,SIN DATOS,0,0,Morelia,Tinijaro,septiembre,miércoles,14,-101.26316,19.6963297049991
25158,25163,2019,LEG26445,2019/09/11,14:19:00,COLISIÓN POR MANIOBRA DE REVERSA,ASFALTO,Bueno,Bueno,2,CHEVROLET,GRIS,2,,,MASCULINO,SIN DATOS,0,0,Morelia,Lomas de San Juan,septiembre,miércoles,14,-101.183039681886,19.7298664251429
25159,25164,2019,,2019/09/11,14:30:00,VOLCADURA,ASFALTO,Bueno,Regular,1,NISSAN,PLATA,0,MINISTERIO PÚBLICO,,,,0,0,Puruándiro,Sin datos,septiembre,miércoles,15,-101.536716409028,20.0916094638895
25161,25166,2019,,2019/09/11,17:00:00,COLISIÓN POR ALCANCE,ASFALTO,Bueno,Bueno,2,DODGE,BLANCO,2,,48,MASCULINO,ALIENTO ETÍLICO,0,0,Morelia,Rinconada del Valle,septiembre,miércoles,17,-101.218631900847,19.6788832198264
25162,25167,2019,,2019/09/11,18:10:00,COLISIÓN POR CORTE DE CIRCULACIÓN,ASFALTO,Bueno,Bueno,2,CHEVROLET,BLANCO,1,,28,MASCULINO,SIN DATOS,0,0,Morelia,Lomas del Valle,septiembre,miércoles,18,-101.230037015,19.6880963799991
25163,25168,2019,LEG26446,2019/09/11,18:14:00,COLISIÓN POR CORTE DE CIRCULACIÓN,ASFALTO,Lluvioso,Bueno,2,HONDA,ARENA,2,,,MASCULINO,SIN DATOS,0,0,Morelia,Ferrocarrilero,septiembre,miércoles,18,-101.223609235,19.6918737849991
25165,25170,2019,MOR190702358,2019/09/11,22:10:00,COLISIÓN POR CORTE DE CIRCULACIÓN,ASFALTO,Bueno,Bueno,1,NISSAN,BLANCO Y ROJO,1,,34,MASCULINO,SIN DATOS,0,0,Morelia,Los Pirules,septiembre,miércoles,22,-101.118486,19.687152
25166,25171,2019,,2019/09/11,22:50:00,VOLCADURA,ASFALTO,Bueno,Bueno,2,PLYMOUTH,GUINDA,2,MINISTERIO PÚBLICO,20,MASCULINO,ALIENTO ETÍLICO,0,0,Morelia,Praderas del Indio,septiembre,miércoles,23,-101.223494028547,19.6450845894654
25169,25174,2019,MOR190879456,2019/09/12,"00:00:00",COLISIÓN POR CORTE DE CIRCULACIÓN,ASFALTO,Bueno,Bueno,2,FORD,BLANCO,2,,25,FEMENINO,SIN DATOS,0,0,Morelia,Camelinas,septiembre,jueves,0,-101.17075869981,19.6837967780615
25170,25175,2019,,2019/09/12,"05:15:00",VOLCADURA,ASFALTO,Bueno,Bueno,1,VW,ROJO,0,,,,,0,0,Peribán,Sin datos,septiembre,jueves,5,-102.488499954343,19.5561022641464
25171,25176,2019,,2019/09/12,"07:50:00",COLISIÓN CON PEATÓN,ASFALTO,Bueno,Bueno,1,Nissan,blanco y rojo,1,,26,FEMENINO,SIN DATOS,0,0,Morelia,Felix Ireta,septiembre,jueves,8,-101.180701106787,19.686162647688
25172,25177,2019,,2019/09/12,"08:10:00",COLISIÓN POR INVASIÓN DE CARRIL,ASFALTO,Bueno,Bueno,2,NISSAN,GRIS,2,,,MASCULINO,SIN DATOS,0,0,Tarímbaro,Sin datos,septiembre,jueves,8,-101.201312541962,19.7546488649814
25173,25178,2019,MOR190702806,2019/09/12,"08:14:00",COLISIÓN POR ALCANCE,ASFALTO,Bueno,Bueno,2,NISSAN,BLANCO,2,,32,FEMENINO,SIN DATOS,0,0,Morelia,San Pascual,septiembre,jueves,8,-101.267320029438,19.6952359775024
25174,25179,2019,,2019/09/12,14:25:00,COLISIÓN CON PEATÓN,CONCRETO,Bueno,Bueno,1,TOYOTA,BLANCO Y GRIS,2,,,MASCULINO,SIN DATOS,1,0,Morelia,Tzindurio de Morelos,septiembre,jueves,14,-101.243743412197,19.700013766131
25175,25180,2019,MOR190704189,2019/09/12,18:23:00,COLISIÓN POR CAMBIO DE CARRIL,ASFALTO,Bueno,Bueno,2,VENTO,VERDE,1,MINISTERIO PÚBLICO,,,,1,0,Morelia,Popular Pogreso,septiembre,jueves,18,-101.200145965135,19.7202451059807
25176,25181,2019,MOR190705234,2019/09/13,"00:00:00",VOLCADURA,ASFALTO,Bueno,Bueno,1,NISSAN,BLANCO,0,,,,,0,0,Morelia,Mirador del Valle de Mil Cumbres,septiembre,viernes,0,-101.107378229499,19.6882508565038
25177,25182,2019,,2019/09/13,"00:15:00",COLISIÓN CON PEATÓN,SIN_DATOS,Bueno,Bueno,1,Ford,rojo,1,,,,SIN DATOS,0,0,Huaniqueo,Lindavista,septiembre,viernes,0,-101.499154083431,19.8964722678646
25178,25183,2019,MOR190875760,2019/09/13,"01:15:00",VOLCADURA,ASFALTO,Bueno,Bueno,1,JEEP,AZUL,1,,30,,CON CERTIFICADO,0,0,Morelia,Ferrocarrilero,septiembre,viernes,1,-101.217431612313,19.6975926925998
25179,25184,2019,,2019/09/13,"01:30:00",COLISIÓN CONTRA OBJETO FIJO,ASFALTO,Bueno,Bueno,2,VOLKSWAGEN,VINO,2,,26,MASCULINO,ALIENTO ETÍLICO,0,0,Morelia,Division del Norte,septiembre,viernes,2,-101.1641743,19.7114455449992
25180,25185,2019,LEG26491,2019/09/13,"02:15:00",COLISIÓN POR CORTE DE CIRCULACIÓN,ASFALTO,Bueno,Bueno,1,SUZUKI,PLATA,0,,,,,0,0,Morelia,Centro,septiembre,viernes,2,-101.185586079955,19.7044394696178
25181,25186,2019,,2019/09/13,"03:05:00",VOLCADURA,ASFALTO,Bueno,Bueno,1,Teresa vs cf,cromado,1,,36,,SIN DATOS,0,0,Morelia,Los Angeles,septiembre,viernes,3,-101.175674647093,19.7432630507823
25183,25188,2019,,2019/09/13,"03:40:00",CAIDA DE MOTOCICLETA,CONCRETO,Nublado,Regular,1,HONDA,NEGRO,2,MINISTERIO PÚBLICO,,,,2,0,Morelia,Industrial,septiembre,viernes,4,-101.188331991434,19.711490166318
25184,25189,2019,MOR190707587,2019/09/13,"05:20:00",SALIDA DE SUPERFICIE DE RODAMIENTO,ASFALTO,Bueno,Bueno,1,VW,GRIS,1,MINISTERIO PÚBLICO,0,,SIN DATOS,0,0,Morelia,Ciudad Industrial,septiembre,viernes,5,-101.138875745237,19.7279509976686
25185,25190,2019,,2019/09/13,"06:15:00",COLISIÓN POR ALCANCE,ASFALTO,Bueno,Bueno,2,Seat,Blanco,2,,29,MASCULINO,ALIENTO ETÍLICO,0,0,Morelia,Felix Ireta,septiembre,viernes,6,-101.181513145566,19.6814122263464
25186,25191,2019,MOR190875987,2019/09/13,"08:15:00",COLISIÓN CON PEATÓN,ASFALTO,Bueno,Bueno,1,VOLKSWAGEN,ROJO,1,,,,,1,0,Morelia,Ventura Puente,septiembre,viernes,8,-101.182028464973,19.6940323537936
25187,25192,2019,MOR190705303,2019/09/13,"09:25:00",SALIDA DE SUPERFICIE DE RODAMIENTO,TERRACERIA,Bueno,Bueno,1,JEEP,ARENA,1,,0,,SIN DATOS,0,0,Morelia,Sin datos,septiembre,viernes,9,-101.118277050555,19.7224320501919
25188,25193,2019,,2019/09/13,"09:45:00",COLISIÓN POR CORTE DE CIRCULACIÓN,CONCRETO,Bueno,Regular,2,FORD,BLANCO/ROSA,2,,45,MASCULINO,SIN DATOS,0,0,Morelia,El Realito,septiembre,viernes,10,-101.202806197107,19.7274640300998
25189,25194,2019,LEG26487,2019/09/13,10:10:00,COLISIÓN POR CAMBIO DE CARRIL,ASFALTO,Bueno,Bueno,2,NISSAN,BLANCO CON AZUL,2,,,MASCULINO,SIN DATOS,0,0,Morelia,Santillan La Huerta,septiembre,viernes,10,-101.220097057521,19.6753426699087
25190,25195,2019,,2019/09/13,10:15:00,COLISIÓN POR ALCANCE,ASFALTO,Bueno,Bueno,2,Dodge,Azul,2,,,,SIN DATOS,0,0,Morelia,Justo Mendoza,septiembre,viernes,10,-101.23048491776,19.7156056119683
25191,25196,2019,,2019/09/13,10:50:00,VOLCADURA,ASFALTO,Bueno,Bueno,1,NISSAN,BLANCO,1,,34,MASCULINO,SIN DATOS,0,0,Ixtlán,Santa Cruz,septiembre,viernes,11,-102.397954,20.169389
25192,25197,2019,,2019/09/13,13:37:00,COLISIÓN CONTRA OBJETO FIJO,ASFALTO,Bueno,Regular,2,ITALIKA,NEGRO,2,,16,MASCULINO,SIN DATOS,0,0,Cotija,Sin datos,septiembre,viernes,14,-102.807998657227,19.7679959197022
25193,25198,2019,,2019/09/13,13:50:00,COLISIÓN CONTRA OBJETO FIJO,TERRACERIA,Bueno,Malo,2,CHEVROLET,BLANCO,2,,25,MASCULINO,SIN DATOS,0,0,Morelia,Las Aguilas,septiembre,viernes,14,-101.228227168322,19.6978306980618
25194,25199,2019,LEG26481,2019/09/13,14:00:00,COLISIÓN POR ALCANCE,ASFALTO,Bueno,Bueno,2,TOYOTA,BLANCO,2,,,MASCULINO,SIN DATOS,0,0,Tarímbaro,Sin datos,septiembre,viernes,14,-101.17093116045,19.7523965655788
25195,25200,2019,MOR190705982,2019/09/13,14:00:00,COLISIÓN POR ALCANCE,ASFALTO,Bueno,Bueno,2,NISSAN,BLANCO,2,,45,MASCULINO,SIN DATOS,0,0,Tarímbaro,Sin datos,septiembre,viernes,14,-101.171013303101,19.7524158140733
25196,25201,2019,,2019/09/13,14:15:00,COLISIÓN POR CORTE DE CIRCULACIÓN,CONCRETO,Bueno,Bueno,2,Bajaj,Negro,2,MINISTERIO PÚBLICO,,MASCULINO,SIN DATOS,0,0,Morelia,La Soledad,septiembre,viernes,14,-101.185466386378,19.7268296760831
25197,25202,2019,MOR190706207,2019/09/13,16:00:00,COLISIÓN POR INVASIÓN DE CARRIL,CONCRETO,Bueno,Bueno,3,SEAT,NEGRO,4,MINISTERIO PÚBLICO,40,FEMENINO,SIN DATOS,1,0,Morelia,Ignacio Lopez Rayon,septiembre,viernes,16,-101.250591165,19.6897065849991
25198,25203,2019,LEG26484,2019/09/13,16:04:00,COLISIÓN POR CORTE DE CIRCULACIÓN,ASFALTO,Bueno,Bueno,2,FREIGHTLINER,NARANJA,2,,,MASCULINO,SIN DATOS,0,0,Morelia,Sentimientos de La Nacion,septiembre,viernes,16,-101.233236528933,19.6782148937459
25200,25205,2019,LEG26482,2019/09/13,19:00:00,COLISIÓN CONTRA OBJETO FIJO,ASFALTO,Lluvioso,Bueno,2,NISSAN,ROJO,2,MINISTERIO PÚBLICO,0,,SIN DATOS,0,0,Morelia,La Loma,septiembre,viernes,19,-101.185646874886,19.6795838417908
25201,25206,2019,LEG26488,2019/09/13,19:30:00,COLISIÓN POR CAMBIO DE CARRIL,ASFALTO,Bueno,Bueno,3,INTERNATIONAL,AZUL,3,,,MASCULINO,SIN DATOS,0,0,Morelia,Centro,septiembre,viernes,20,-101.190549843013,19.6959323263467
25202,25207,2019,LEG26490,2019/09/13,21:10:00,COLISIÓN POR CORTE DE CIRCULACIÓN,ASFALTO,Bueno,Bueno,2,VOLKSWAGEN,AZUL,2,,,MASCULINO,SIN DATOS,0,0,Morelia,Las Flores,septiembre,viernes,21,-101.206542178988,19.7046755710356
25203,25208,2019,,2019/09/13,22:10:00,COLISIÓN POR INVASIÓN DE CARRIL,ASFALTO,Bueno,Bueno,2,CHEVROLET,NEGRO,4,MINISTERIO PÚBLICO,30,MASCULINO,SIN DATOS,1,1,Puruándiro,Sin datos,septiembre,viernes,22,-101.521298065782,20.1306724261405
25204,25209,2019,,2019/09/14,"00:00:00",COLISIÓN POR INVASIÓN DE CARRIL,ASFALTO,Bueno,Bueno,2,NISSAN,ROJO,2,MINISTERIO PÚBLICO,30,,SIN DATOS,0,0,Lázaro Cárdenas,600 Casas,septiembre,sábado,0,-102.219784936647,17.9636181546368
25205,25210,2019,MOR190708287,2019/09/14,"00:00:00",CAIDA DE MOTOCICLETA,ASFALTO,Bueno,Bueno,1,ITALIKA,NEGRO,0,,,,,0,0,Morelia,Los Angeles,septiembre,sábado,0,-101.167963479351,19.7444751194994
25206,25211,2019,,2019/09/14,"05:00:00",COLISIÓN POR ALCANCE,ASFALTO,Lluvioso,Malo,2,NISSAN,VERDE,2,,25,MASCULINO,SIN DATOS,0,0,Morelia,Libertad,septiembre,sábado,5,-101.23719278723,19.6855587509318
25207,25212,2019,"190706695",2019/09/14,"08:35:00",COLISIÓN POR CORTE DE CIRCULACIÓN,CONCRETO,Bueno,Bueno,2,VOLKSWAGEN,BLANCO,2,,,FEMENINO,SIN DATOS,0,0,Morelia,Rafael Carrillo,septiembre,sábado,9,-101.236674450338,19.7102866648806
25208,25213,2019,,2019/09/14,"09:00:00",COLISIÓN POR CAMBIO DE CARRIL,CONCRETO,Bueno,Bueno,2,KENWORTH,BLANCO,2,,32,MASCULINO,SIN DATOS,0,0,Morelia,Elias Perez Avalos,septiembre,sábado,9,-101.167886855,19.7156043599992
25209,25214,2019,,2019/09/14,10:10:00,COLISIÓN POR CORTE DE CIRCULACIÓN,ASFALTO,Bueno,Bueno,2,CHEVROLET,ARENA,3,MINISTERIO PÚBLICO,41,MASCULINO,SIN DATOS,1,0,Zitácuaro,Sin datos,septiembre,sábado,10,-100.389622449875,19.4849518319198