fid,id_accidente,anio_origen,folio_c5i,dia_incidente,hora_ocurrencia,tipo_incidente_vial,superficie_ocurrencia,condiciones_climaticas,condiciones_via,numero_vehiculos_involucrados,marca_vehiculo_ocasiona_siniestro,color_vehiculo_ocasiona_siniestro,numero_personas_involucradas,lugar_remite_presunto_responsable,edad_presunto_responsable,sexo_presunto_responsable,resultados_toxicologia,numero_personas_lesionadas,numero_personas_fallecidas,municipio,colonia,mes,dia_semana,hora_redondeada,lon,lat
25210,25215,2019,,2019/09/14,11:04:00,COLISIÓN POR CAMBIO DE CARRIL,ASFALTO,Bueno,Bueno,1,CHEVROLET,GUINDA,1,,38,MASCULINO,SIN DATOS,0,0,Tocumbo,Sin datos,septiembre,sábado,11,-102.46919756002,19.6444174701115
25211,25216,2019,,2019/09/14,13:20:00,COLISIÓN POR CORTE DE CIRCULACIÓN,ASFALTO,Bueno,Bueno,3,JEEP,GRIS,0,MINISTERIO PÚBLICO,,,,0,0,Morelia,Sin datos,septiembre,sábado,13,-101.275153085589,19.5648423815432
25212,25217,2019,MOR19070850,2019/09/14,14:21:00,COLISIÓN POR CAMBIO DE CARRIL,SIN_DATOS,Bueno,Bueno,2,NISSAN,BLANCO,2,,43,FEMENINO,SIN DATOS,0,0,Morelia,Arboledas de La Huerta,septiembre,sábado,14,-101.223548145,19.6683762899991
25213,25218,2019,,2019/09/14,14:30:00,COLISIÓN POR ALCANCE,ASFALTO,Bueno,Bueno,3,MITSUBISHI,BLANCO,3,MINISTERIO PÚBLICO,40,,SIN DATOS,0,0,Lázaro Cárdenas,Sin datos,septiembre,sábado,15,-102.224138081074,17.9817237611234
25214,25219,2019,,2019/09/14,15:24:00,COLISIÓN POR CAMBIO DE CARRIL,CONCRETO,Bueno,Bueno,2,KENWORTH,BLANCO,2,,,MASCULINO,SIN DATOS,0,0,Morelia,Elias Perez Avalos,septiembre,sábado,15,-101.165098361671,19.7106218660335
25216,25221,2019,,2019/09/14,18:40:00,VOLCADURA,ASFALTO,Lluvioso,Bueno,1,FORD,AZUL,1,,,MASCULINO,SIN DATOS,0,0,Charo,De Santiago,septiembre,sábado,19,-101.044372,19.745476
25217,25222,2019,,2019/09/14,20:20:00,COLISIÓN POR NO RESPETAR SEMÁFORO,ASFALTO,Lluvioso,Regular,2,GM,AZUL,2,,27,MASCULINO,SIN DATOS,0,0,Pátzcuaro,Centro,septiembre,sábado,20,-101.617678888142,19.5162066923732
25218,25223,2019,,2019/09/14,22:30:00,COLISIÓN CONTRA OBJETO FIJO,ASFALTO,Nublado,Bueno,1,VOLKSWAGEN,NE,1,,48,FEMENINO,SIN DATOS,0,0,Morelia,Real Punhuato,septiembre,sábado,23,-101.148831099272,19.6964806279058
25219,25224,2019,LEG26517,2019/09/15,"00:02:00",SUBIDA AL CAMELLÓN,ASFALTO,Bueno,Bueno,1,NISSAN,BLANCO Y MORADO,1,,,MASCULINO,ALIENTO ETÍLICO,0,0,Tarímbaro,Sin datos,septiembre,domingo,0,-101.172149553895,19.75008104941
25224,25229,2019,MOR190710413,2019/09/15,"06:33:00",SALIDA DE SUPERFICIE DE RODAMIENTO,CONCRETO,Bueno,Bueno,0,,,0,,,,,0,0,Morelia,Ventura Puente,septiembre,domingo,7,-101.18806309998,19.691410108414
25225,25230,2019,,2019/09/15,"07:00:00",COLISIÓN CONTRA OBJETO FIJO,ASFALTO,Bueno,Bueno,1,JEEP,ARENA,0,MINISTERIO PÚBLICO,,,,0,0,Tacámbaro,Sin datos,septiembre,domingo,7,-101.442797519267,19.2339028029562
25227,25232,2019,LEG26507,2019/09/15,11:20:00,COLISIÓN POR CORTE DE CIRCULACIÓN,ASFALTO,Bueno,Bueno,2,JEEP,NEGRO,2,MINISTERIO PÚBLICO,,,,2,0,Morelia,El Lago 2,septiembre,domingo,11,-101.214435013967,19.7262881110028
25229,25234,2019,,2019/09/15,13:20:00,CAIDA DE MOTOCICLETA,ASFALTO,Bueno,Bueno,1,KEEWAY,NEGRO,1,,21,MASCULINO,SIN DATOS,0,0,Charo,San Bartolo,septiembre,domingo,13,-101.040771603584,19.7550080286408
25230,25235,2019,LEG26511,2019/09/15,14:18:00,CAIDA DE MOTOCICLETA,ASFALTO,Bueno,Bueno,1,ITALIKA,GRAFITO,1,,,MASCULINO,SIN DATOS,0,0,Morelia,La Floresta,septiembre,domingo,14,-101.150495929978,19.6841052995759
25231,25236,2019,MOR190711631,2019/09/15,15:49:00,COLISIÓN POR NO RESPETAR SEMÁFORO,ASFALTO,Bueno,Bueno,2,BAJAJ,NEGRO,2,MINISTERIO PÚBLICO,,,,2,0,Morelia,Campestre Los Manantiales,septiembre,domingo,16,-101.238138601184,19.6877981768138
25232,25237,2019,LEG26512,2019/09/15,16:19:00,COLISIÓN CONTRA OBJETO FIJO,ASFALTO,Bueno,Bueno,1,ISUZU,ROJO,1,,,MASCULINO,SIN DATOS,0,0,Morelia,Cumbres de Morelia,septiembre,domingo,16,-101.139895677106,19.6896194784866
25233,25238,2019,,2019/09/15,16:25:00,COLISIÓN CONTRA OBJETO FIJO,ASFALTO,Bueno,Bueno,2,SEAT,AMARILLO,2,,43,FEMENINO,SIN DATOS,0,0,Morelia,Independencia,septiembre,domingo,16,-101.177325168862,19.712097629132
25234,25239,2019,,2019/09/15,17:00:00,SALIDA DE SUPERFICIE DE RODAMIENTO,ASFALTO,Bueno,Regular,3,CHEVROLET,ROJO,2,MINISTERIO PÚBLICO,16,MASCULINO,SIN DATOS,1,0,Huaniqueo,Sin datos,septiembre,domingo,17,-101.469659171999,19.8285121785703
25235,25240,2019,,2019/09/15,17:30:00,COLISIÓN CON PEATÓN,ASFALTO,Bueno,Bueno,1,MAZDA,GRIS GALACTICO,2,,36,MASCULINO,SIN DATOS,1,0,Zacapu,Tierras Blancas (El Jabali),septiembre,domingo,18,-101.804418303072,19.8180311473105
25237,25242,2019,MOR190346549,2019/09/15,21:05:00,COLISIÓN CON PEATÓN,ASFALTO,Lluvioso,Malo,1,FORD,NEGRO,1,,47,MASCULINO,SIN DATOS,0,0,Sin datos,Sin datos,septiembre,domingo,21,-0.01583280599508,-0.030976
25239,25244,2019,MOR190712877,2019/09/15,23:40:00,COLISIÓN POR CORTE DE CIRCULACIÓN,CONCRETO,Bueno,Bueno,2,NISSAN,BLANCO,2,,46,MASCULINO,ALIENTO ETÍLICO,0,0,Morelia,Bonanza,septiembre,domingo,0,-101.203786879778,19.6571379888827
25240,25245,2019,,2019/09/16,"08:50:00",COLISIÓN POR MANIOBRA DE REVERSA,ASFALTO,Bueno,Bueno,2,CHEVROLET,BLANCO Y ROSA,2,,64,MASCULINO,SIN DATOS,0,0,Morelia,Centro,septiembre,lunes,9,-101.198428565665,19.7035391005434
25241,25246,2019,,2019/09/16,15:16:00,COLISIÓN POR ALCANCE,ASFALTO,Bueno,Bueno,4,DODGE,VERDE,4,MINISTERIO PÚBLICO,0,,SIN DATOS,0,0,Morelia,Gertrudis Sanchez,septiembre,lunes,15,-101.205776745,19.7441101549991
25242,25247,2019,,2019/09/16,15:30:00,COLISIÓN POR CORTE DE CIRCULACIÓN,CONCRETO,Bueno,Bueno,2,MITSUBISHI,NARANJA,2,MINISTERIO PÚBLICO,26,FEMENINO,SIN DATOS,0,0,Morelia,Ana Maria Gallaga (Riviera),septiembre,lunes,16,-101.226628085,19.6761850599991
25243,25248,2019,,2019/09/16,16:50:00,COLISIÓN CON PEATÓN,ASFALTO,Bueno,Bueno,1,CHEVROLET,AZUL,1,,0,MASCULINO,SIN DATOS,0,0,Morelia,Centro,septiembre,lunes,17,-101.196055985,19.7004583099992
25244,25249,2019,,2019/09/16,16:50:00,COLISIÓN POR CORTE DE CIRCULACIÓN,ASFALTO,Bueno,Bueno,2,VOLKSWAGEN,AZUL,3,MINISTERIO PÚBLICO,19,MASCULINO,SIN DATOS,2,0,Pátzcuaro,El Calvario,septiembre,lunes,17,-101.618185825646,19.5151755369735
25246,25251,2019,,2019/09/16,17:30:00,COLISIÓN POR ALCANCE,CONCRETO,Bueno,Bueno,2,VOLKSWAGEN,ARENA,2,,0,MASCULINO,SIN DATOS,0,0,Morelia,Arboledas de La Huerta,septiembre,lunes,18,-101.223548145,19.6683762899991
25247,25252,2019,,2019/09/16,19:25:00,COLISIÓN POR CAMBIO DE CARRIL,CONCRETO,Bueno,Bueno,2,NISSAN,BLANCO Y ROJO,2,,74,MASCULINO,ALIENTO ETÍLICO,0,0,Morelia,Buenavista,septiembre,lunes,19,-101.167648381005,19.7070362533738
25248,25253,2019,,2019/09/16,21:50:00,COLISIÓN POR CORTE DE CIRCULACIÓN,ASFALTO,Bueno,Bueno,2,TOYOTA,SIN DATOS,2,,0,MASCULINO,SIN DATOS,0,0,Morelia,Felix Ireta,septiembre,lunes,22,-101.195666156709,19.6814965153531
25249,25254,2019,,2019/09/16,23:30:00,COLISIÓN POR CORTE DE CIRCULACIÓN,ASFALTO,Bueno,Bueno,1,ITALIKA,ROJO,2,MINISTERIO PÚBLICO,57,MASCULINO,SIN DATOS,0,1,Morelia,Loma del Salto,septiembre,lunes,0,-101.200391538441,19.6592524660214
25250,25255,2019,,2019/09/17,"01:50:00",SALIDA DE SUPERFICIE DE RODAMIENTO,ASFALTO,Bueno,Bueno,1,VOLKSWAGEN,BLANCO,1,,35,MASCULINO,SIN DATOS,0,0,Morelia,La Aldea,septiembre,martes,2,-101.134675070643,19.7468346000394
25251,25256,2019,,2019/09/17,"07:55:00",COLISIÓN POR CORTE DE CIRCULACIÓN,ASFALTO,Bueno,Bueno,2,YAMAHA,AZUL/NEGRO,0,MINISTERIO PÚBLICO,,,,0,0,Gabriel Zamora,Las Crucitas,septiembre,martes,8,-102.056401781738,19.163397979222
25252,25257,2019,,2019/09/17,"08:20:00",COLISIÓN POR CORTE DE CIRCULACIÓN,CONCRETO,Bueno,Bueno,1,NISSAN,NEGR9,1,,37,FEMENINO,SIN DATOS,0,0,Morelia,Erendira,septiembre,martes,8,-101.16544702,19.7029864949991
25253,25258,2019,,2019/09/17,"08:45:00",COLISIÓN POR CAMBIO DE CARRIL,ASFALTO,Bueno,Bueno,2,CHEVROLET,AZUL,2,,43,MASCULINO,SIN DATOS,0,0,Morelia,Praderas del Indio,septiembre,martes,9,-101.223494028547,19.6450845894654
25254,25259,2019,MOR190675438,2019/09/17,14:00:00,COLISIÓN POR INVASIÓN DE CARRIL,ASFALTO,Bueno,Bueno,2,NISSAN,BLANCO Y ROJO,2,MINISTERIO PÚBLICO,41,MASCULINO,SIN DATOS,0,1,Álvaro Obregón,Centro,septiembre,martes,14,-101.037983,19.822702
25256,25261,2019,LEG26544,2019/09/17,14:40:00,COLISIÓN CONTRA OBJETO FIJO,ASFALTO,Bueno,Bueno,2,VOLKSWAGEN,NEGRO,2,,,,SIN DATOS,1,0,Morelia,Centro,septiembre,martes,15,-101.19857671,19.6984791499991
25257,25262,2019,LEG26546,2019/09/17,20:40:00,COLISIÓN POR CAMBIO DE CARRIL,ASFALTO,Bueno,Bueno,2,FREIGHTLINER,BLANCO,2,,,MASCULINO,SIN DATOS,0,0,Morelia,Insurgentes,septiembre,martes,21,-101.155416805,19.6953315299991
25259,25264,2019,,2019/09/17,22:50:00,COLISIÓN POR CORTE DE CIRCULACIÓN,ASFALTO,Bueno,Bueno,2,ITALIKA,ROJO/NEGRO,0,MINISTERIO PÚBLICO,,,,0,0,Hidalgo,Sin datos,septiembre,martes,23,-100.59120554477,19.699685802774
25260,25265,2019,MOR190718137,2019/09/18,"07:05:00",SALIDA DE SUPERFICIE DE RODAMIENTO,ASFALTO,Bueno,Bueno,1,MERCURY,BLANCO,1,,,,SIN DATOS,0,0,Álvaro Obregón,Centro,septiembre,miércoles,7,-101.037983,19.822702
25261,25266,2019,,2019/09/18,"08:10:00",COLISIÓN POR CAMBIO DE CARRIL,ASFALTO,Bueno,Bueno,2,ISUZU,BLANCO,2,,,MASCULINO,SIN DATOS,0,0,Morelia,Centro,septiembre,miércoles,8,-101.18754847,19.7028479949991
25262,25267,2019,,2019/09/18,"08:35:00",COLISIÓN POR CORTE DE CIRCULACIÓN,ASFALTO,Bueno,Regular,2,PEUGEOT,NARANJA,2,,27,MASCULINO,SIN DATOS,0,0,Morelia,Margarita Maza de Juarez,septiembre,miércoles,9,-101.255526905,19.6928898149991
25264,25269,2019,,2019/09/18,"09:30:00",COLISIÓN POR CAMBIO DE CARRIL,ASFALTO,Bueno,Bueno,2,NISSAN,BLANCO,2,,,MASCULINO,SIN DATOS,0,0,Morelia,Camelinas,septiembre,miércoles,10,-101.17262119,19.6818144849991
25265,25270,2019,MOR190720302,2019/09/18,10:53:00,SUBIDA AL CAMELLÓN,ASFALTO,Bueno,Bueno,1,CHRYSLER,AZUL,1,,54,MASCULINO,SIN DATOS,0,0,Morelia,Comision Federal de Electricidad,septiembre,miércoles,11,-101.18,19.682
25266,25271,2019,,2019/09/18,12:25:00,COLISIÓN POR ALCANCE,CONCRETO,Bueno,Bueno,2,KURAZAI,NEGRO,2,MINISTERIO PÚBLICO,60,MASCULINO,ALIENTO ETÍLICO,0,0,Morelia,Felix Ireta,septiembre,miércoles,12,-101.1919749,19.6869904499991
25268,25273,2019,,2019/09/18,13:30:00,VOLCADURA,ASFALTO,Bueno,Bueno,1,HONDA,BLANCO,2,MINISTERIO PÚBLICO,25,MASCULINO,SIN DATOS,1,0,Jiménez,Sin datos,septiembre,miércoles,14,-101.81510925293,19.9192918940151
25269,25274,2019,,2019/09/18,15:30:00,COLISIÓN POR INVASIÓN DE CARRIL,ASFALTO,Bueno,Bueno,2,NISSAN,LADRILLO,1,,,MASCULINO,SIN DATOS,0,0,Morelia,Jose Ma Pino Suarez,septiembre,miércoles,16,-101.164185295,19.7241075699991
25270,25275,2019,,2019/09/18,15:30:00,SUBIDA AL CAMELLÓN,ASFALTO,Bueno,Bueno,1,NISSAN,NARANJA Y AZUL,1,,,MASCULINO,SIN DATOS,0,0,Morelia,Morelos,septiembre,miércoles,16,-101.20619815,19.7022964949991
25271,25276,2019,,2019/09/18,17:20:00,COLISIÓN POR CAMBIO DE CARRIL,ASFALTO,Bueno,Bueno,2,Internacional,Blanco,2,,,,SIN DATOS,0,0,Morelia,San Guillermo,septiembre,miércoles,17,-101.177660152316,19.7394919785828
25272,25277,2019,,2019/09/18,18:03:00,COLISIÓN CON PEATÓN,ASFALTO,Lluvioso,Regular,1,VOLKSWAGEN,BLANCO,2,MINISTERIO PÚBLICO,34,MASCULINO,SIN DATOS,1,0,Zacapu,Ignacio Zaragoza,septiembre,miércoles,18,-101.768844164908,19.8489247067587
25273,25278,2019,,2019/09/18,19:00:00,COLISIÓN POR CAMBIO DE CARRIL,ASFALTO,Bueno,Bueno,2,FORD,ROJO,1,,,MASCULINO,SIN DATOS,0,0,Morelia,Industrial,septiembre,miércoles,19,-101.196775515,19.7125267249992
25275,25280,2019,LEG26574,2019/09/19,"08:20:00",COLISIÓN POR CAMBIO DE CARRIL,ASFALTO,Bueno,Bueno,2,NISSAN,AZUL METALICO,2,,,,SIN DATOS,0,0,Morelia,La Huerta,septiembre,jueves,8,-101.217082589865,19.6755144112733
25277,25282,2019,LEG26575,2019/09/19,"08:30:00",COLISIÓN POR CAMBIO DE CARRIL,ASFALTO,Bueno,Bueno,3,VOLKSWAGEN,AZUL,3,,0,MASCULINO,SIN DATOS,0,0,Morelia,Lomas de San Juan,septiembre,jueves,9,-101.183039681886,19.7298664251429
25278,25283,2019,,2019/09/19,"08:50:00",COLISIÓN POR CORTE DE CIRCULACIÓN,ASFALTO,Bueno,Bueno,2,DODGE,ROJO,2,,38,FEMENINO,SIN DATOS,0,0,Morelia,Fovissste Acueducto,septiembre,jueves,9,-101.156939418806,19.6991058763665
25279,25284,2019,,2019/09/19,11:00:00,COLISIÓN POR CORTE DE CIRCULACIÓN,ASFALTO,Bueno,Bueno,2,Ford,Blanco,2,,51,,SIN DATOS,0,0,Morelia,Felix Ireta,septiembre,jueves,11,-101.180775538087,19.6857396360851
25280,25285,2019,,2019/09/19,15:17:00,COLISIÓN CON PEATÓN,ASFALTO,Lluvioso,Bueno,1,ITALIKA,NEGRO  - VERDE,2,MINISTERIO PÚBLICO,39,MASCULINO,SIN DATOS,1,0,Zacapu,San Miguel,septiembre,jueves,15,-101.801391765475,19.8161733179373
25281,25286,2019,MOR190567432,2019/09/19,15:20:00,COLISIÓN POR ALCANCE,ASFALTO,Bueno,Bueno,2,PONTIAC,BLANCO,1,,,,SIN DATOS,0,0,Morelia,Mariano Escobedo,septiembre,jueves,15,-101.209748685,19.7223888749991
25282,25287,2019,,2019/09/19,17:45:00,COLISIÓN POR CORTE DE CIRCULACIÓN,ASFALTO,Bueno,Bueno,2,Carabela,Blanco,2,,42,MASCULINO,SIN DATOS,0,0,Morelia,Ciudad Industrial,septiembre,jueves,18,-101.138009056449,19.7285645178847
25283,25288,2019,LEG26579,2019/09/19,22:03:00,COLISIÓN CONTRA OBJETO FIJO,ASFALTO,Bueno,Bueno,2,BMW,PLATA,2,,,MASCULINO,SIN DATOS,0,0,Morelia,Centro,septiembre,jueves,22,-101.201404025,19.7044224649991
25284,25289,2019,LEG26578,2019/09/19,22:50:00,COLISIÓN POR INVASIÓN DE CARRIL,ASFALTO,Bueno,Malo,2,RENAULT,NARANJA,2,,,FEMENINO,SIN DATOS,0,0,Morelia,Campestre Los Manantiales,septiembre,jueves,23,-101.238140948117,19.6878010179037
25286,25291,2019,,2019/09/20,"02:50:00",SUBIDA AL CAMELLÓN,ASFALTO,Bueno,Bueno,1,VOLKSWAGEN,BLANCO,1,MINISTERIO PÚBLICO,,,,1,0,Morelia,Praderas del Indio,septiembre,viernes,3,-101.223494028547,19.6450845894654
25287,25292,2019,,2019/09/20,"03:45:00",COLISIÓN CONTRA OBJETO FIJO,CONCRETO,Bueno,Bueno,1,VOLKSWAGEN,ROJO,1,,26,FEMENINO,SIN DATOS,0,0,Morelia,Ventura Puente,septiembre,viernes,4,-101.193225725,19.6917077449992
25289,25294,2019,LEG26584,2019/09/20,"08:00:00",COLISIÓN CON PEATÓN,ASFALTO,Bueno,Bueno,1,TOYOTA,ROJO,1,,,,,1,0,Morelia,Santillan La Huerta,septiembre,viernes,8,-101.21769233,19.6738010899992
25290,25295,2019,,2019/09/20,"08:50:00",COLISIÓN CON PEATÓN,ASFALTO,Bueno,Bueno,1,NISSAN,ARENA,2,,36,MASCULINO,SIN DATOS,1,0,Morelia,La Colina,septiembre,viernes,9,-101.216588295,19.7100196999992
25292,25297,2019,,2019/09/20,10:00:00,COLISIÓN POR CORTE DE CIRCULACIÓN,ASFALTO,Bueno,Bueno,2,VOLKSWAGEN,NEGRO,2,,,MASCULINO,SIN DATOS,0,0,Morelia,Melchor Ocampo,septiembre,viernes,10,-101.201937888211,19.7065671597378
25293,25298,2019,,2019/09/20,10:50:00,COLISIÓN POR ALCANCE,ASFALTO,Bueno,Bueno,3,NISSAN,BLANCO Y ROJO,3,,,MASCULINO,SIN DATOS,0,0,Morelia,Camelinas,septiembre,viernes,11,-101.17262119,19.6818144849991
25294,25299,2019,,2019/09/20,12:00:00,COLISIÓN POR CORTE DE CIRCULACIÓN,ASFALTO,Bueno,Bueno,2,NISSAN,BLANCO,2,,,MASCULINO,SIN DATOS,0,0,Morelia,Camelinas,septiembre,viernes,12,-101.17262119,19.6818144849991
25295,25300,2019,MOR190723030,2019/09/20,12:30:00,COLISIÓN POR INVASIÓN DE CARRIL,ASFALTO,Bueno,Bueno,2,FORD,BLANCO,2,,34,MASCULINO,SIN DATOS,0,0,Morelia,Sin datos,septiembre,viernes,13,-101.14566457,19.7028765899991
25296,25301,2019,,2019/09/20,13:40:00,COLISIÓN POR CORTE DE CIRCULACIÓN,CONCRETO,Bueno,Bueno,2,NISSAN,ARENA,2,,40,FEMENINO,SIN DATOS,0,0,Morelia,Ventura Puente,septiembre,viernes,14,-101.193477585,19.6956553449991
25297,25302,2019,,2019/09/20,14:30:00,COLISIÓN POR MANIOBRA DE REVERSA,ASFALTO,Bueno,Bueno,2,TOYOTA,GRIS,2,,43,FEMENINO,SIN DATOS,0,0,Morelia,Chapultepec Oriente,septiembre,viernes,15,-101.160950606856,19.6901665093695
25299,25304,2019,,2019/09/21,"00:28:00",COLISIÓN CONTRA OBJETO FIJO,ADOQUIN_EMPEDRADO,Bueno,Bueno,1,FIAT,NEGRO,1,,0,,SIN DATOS,0,0,Morelia,Centro,septiembre,sábado,0,-101.195102892816,19.7048210825648
25300,25305,2019,,2019/09/21,"02:30:00",COLISIÓN CONTRA OBJETO FIJO,CONCRETO,Bueno,Bueno,1,Toyota,Gris,0,,,,,0,0,Morelia,Andres Quintana Roo,septiembre,sábado,3,-101.207985877991,19.6714838075956
25301,25306,2019,,2019/09/21,"03:10:00",COLISIÓN CONTRA OBJETO FIJO,ASFALTO,Bueno,Bueno,1,Nissan,verde metálico,1,,21,FEMENINO,SIN DATOS,0,0,Morelia,Vicente Lombardo Toledano (Ejidal Isacc Arriaga) (Etnias de Mexico),septiembre,sábado,3,-101.149425879121,19.7201164151383
25302,25307,2019,MOR190723037,2019/09/21,"03:10:00",CAIDA DE MOTOCICLETA,CONCRETO,Bueno,Bueno,1,VENTO,ROJO,1,,44,MASCULINO,SIN DATOS,0,0,Morelia,San Juanito Itzicuaro,septiembre,sábado,3,-101.252282895148,19.6796566688246
25303,25308,2019,MOR190724528,2019/09/21,"06:28:00",COLISIÓN CONTRA OBJETO FIJO,ASFALTO,Bueno,Bueno,1,NISSAN,GRIS,1,,0,MASCULINO,SIN DATOS,0,0,Morelia,Ana Maria Gallaga (Riviera Norte),septiembre,sábado,6,-101.221837811172,19.6768046755282
25304,25309,2019,,2019/09/21,"06:50:00",COLISIÓN CON PEATÓN,SIN_DATOS,Bueno,Bueno,2,Volkswagen,blanco,2,,,,ALIENTO ETÍLICO,0,0,Morelia,Fovissste La Huerta,septiembre,sábado,7,-101.214319914579,19.6944973267319
25305,25310,2019,MOR190724767,2019/09/21,"08:40:00",COLISIÓN POR CAMBIO DE CARRIL,CONCRETO,Bueno,Bueno,4,NISSAN,BLANCO,4,,28,MASCULINO,SIN DATOS,0,0,Morelia,Nueva Valladolid,septiembre,sábado,9,-101.213476359844,19.701121387168
25306,25311,2019,,2019/09/21,"09:40:00",COLISIÓN POR CAMBIO DE CARRIL,CONCRETO,Bueno,Bueno,2,Toyota,Blanco,2,,29,MASCULINO,SIN DATOS,0,0,Morelia,Vasco de Quiroga,septiembre,sábado,10,-101.175987794995,19.698306392268
25307,25312,2019,,2019/09/21,12:10:00,COLISIÓN POR ALCANCE,ASFALTO,Bueno,Bueno,2,Ford,Blanco,2,,68,MASCULINO,SIN DATOS,0,0,Morelia,Campestre Los Manantiales,septiembre,sábado,12,-101.238338090479,19.6882350727147
25308,25313,2019,MOR190725160,2019/09/21,12:20:00,COLISIÓN CON PEATÓN,SIN_DATOS,Bueno,Bueno,1,NISSAN,ROJO,1,,54,MASCULINO,SIN DATOS,0,0,Morelia,San Jose Itzicuaro,septiembre,sábado,12,-101.304405927658,19.6878114352329
25310,25315,2019,LEG26611,2019/09/21,15:10:00,COLISIÓN POR CAMBIO DE CARRIL,ASFALTO,Bueno,Bueno,2,NISSAN,ROJO,2,,59,MASCULINO,SIN DATOS,0,0,Morelia,Centro,septiembre,sábado,15,-101.1904631,19.7026851599992
25311,25316,2019,,2019/09/21,15:55:00,COLISIÓN POR CORTE DE CIRCULACIÓN,ASFALTO,Bueno,Bueno,2,NISSAN TSURU,BLANCO,2,,57,MASCULINO,SIN DATOS,0,0,Morelia,Ventura Puente,septiembre,sábado,16,-101.193225725,19.6917077449992
25313,25318,2019,LEG26610,2019/09/21,16:00:00,COLISIÓN POR ALCANCE,ASFALTO,Bueno,Bueno,3,JEEP,NEGRO,3,,15,FEMENINO,SIN DATOS,0,0,Morelia,Pascual Ortiz de Ayala,septiembre,sábado,16,-101.149759814143,19.696254931176
25314,25319,2019,LEG26614,2019/09/22,"00:30:00",COLISIÓN CONTRA OBJETO FIJO,CONCRETO,Bueno,Bueno,2,FIAT,BLANCO,2,,,MASCULINO,CON CERTIFICADO,0,0,Morelia,Benito Juarez,septiembre,domingo,1,-101.250692026236,19.6858653522379
25315,25320,2019,MOR190727084,2019/09/22,"00:30:00",SALIDA DE SUPERFICIE DE RODAMIENTO,CONCRETO,Bueno,Bueno,1,CHEVROLET,GRIS,1,,22,MASCULINO,SIN DATOS,0,0,Morelia,La Aldea,septiembre,domingo,1,-101.135663645255,19.7450724546328
25316,25321,2019,MOR190675430,2019/09/22,"00:42:00",COLISIÓN POR ALCANCE,ASFALTO,Bueno,Regular,2,NISSAN,BLANCO Y ROJO,2,,55,MASCULINO,SIN DATOS,0,0,Morelia,Articulo Constitucional,septiembre,domingo,1,-101.172246765224,19.7144412230034
25317,25322,2019,MOR190765093,2019/09/22,"08:00:00",SALIDA DE SUPERFICIE DE RODAMIENTO,TERRACERIA,Bueno,Malo,1,FORD,NEGRO,1,,,,SIN DATOS,0,0,Tarímbaro,Centro,septiembre,domingo,8,-101.176869,19.792979
25318,25323,2019,LEG26622,2019/09/22,14:35:00,SALIDA DE SUPERFICIE DE RODAMIENTO,ASFALTO,Bueno,Bueno,1,CHEVROLET,NEGRO,0,,,,,0,0,Álvaro Obregón,Centro,septiembre,domingo,15,-101.037983,19.822702
25319,25324,2019,,2019/09/22,17:35:00,COLISIÓN POR ALCANCE,ASFALTO,Bueno,Bueno,3,DODGE,NEGRO,3,,,MASCULINO,SIN DATOS,0,0,Tarímbaro,Centro,septiembre,domingo,18,-101.176869,19.792979
25320,25325,2019,MOR190728905,2019/09/22,19:10:00,COLISIÓN POR CAMBIO DE CARRIL,ASFALTO,Bueno,Bueno,2,HONDA,GRIS,2,,29,FEMENINO,SIN DATOS,0,0,Morelia,Pascual Ortiz de Ayala,septiembre,domingo,19,-101.149821521984,19.69504229591
25321,25326,2019,,2019/09/22,19:45:00,COLISIÓN CONTRA OBJETO FIJO,CONCRETO,Bueno,Bueno,1,NISSAN,BLANCO Y ROJO,1,,28,FEMENINO,ALIENTO ETÍLICO,0,0,Álvaro Obregón,Centro,septiembre,domingo,20,-101.037983,19.822702
25322,25327,2019,MOR190724382,2019/09/22,21:15:00,COLISIÓN POR ALCANCE,ASFALTO,Bueno,Bueno,2,CHEVROLET,NEGRO,2,,,MASCULINO,SIN DATOS,0,0,Morelia,Loma Bonita,septiembre,domingo,21,-101.196416606159,19.72054417099
25323,25328,2019,,2019/09/23,"00:00:00",COLISIÓN POR INVASIÓN DE CARRIL,ASFALTO,Bueno,Bueno,2,NISSAN,ROJO,2,,45,MASCULINO,SIN DATOS,0,0,Zamora,Centro,septiembre,lunes,0,-102.28268,19.984936
25324,25329,2019,,2019/09/23,"00:18:00",COLISIÓN POR INVASIÓN DE CARRIL,ASFALTO,Nublado,Bueno,3,NISSAN,BLANCO,0,MINISTERIO PÚBLICO,,,,0,0,Pátzcuaro,Sin datos,septiembre,lunes,0,-101.651032492518,19.5228997201183
25325,25330,2019,MOR190729500,2019/09/23,"00:30:00",COLISIÓN POR CORTE DE CIRCULACIÓN,ASFALTO,Bueno,Bueno,2,CHEVROLET,AZUL,2,,,MASCULINO,SIN DATOS,0,0,Morelia,Camelinas,septiembre,lunes,1,-101.17262119,19.6818144849991
25326,25331,2019,MOR190872655,2019/09/23,"01:50:00",COLISIÓN POR CORTE DE CIRCULACIÓN,ASFALTO,Bueno,Bueno,2,VOLKSWAGEN,BLANCO,2,,,MASCULINO,SIN DATOS,0,0,Morelia,Chapultepec Sur,septiembre,lunes,2,-101.16997927,19.6916553849992
25327,25332,2019,,2019/09/23,"05:15:00",COLISIÓN POR INVASIÓN DE CARRIL,ASFALTO,Bueno,Regular,2,KENWOORTH,BLANCO,2,,35,MASCULINO,SIN DATOS,0,0,Acuitzio,Sin datos,septiembre,lunes,5,-101.296562477946,19.4249823432839