fid,id_accidente,anio_origen,folio_c5i,dia_incidente,hora_ocurrencia,tipo_incidente_vial,superficie_ocurrencia,condiciones_climaticas,condiciones_via,numero_vehiculos_involucrados,marca_vehiculo_ocasiona_siniestro,color_vehiculo_ocasiona_siniestro,numero_personas_involucradas,lugar_remite_presunto_responsable,edad_presunto_responsable,sexo_presunto_responsable,resultados_toxicologia,numero_personas_lesionadas,numero_personas_fallecidas,municipio,colonia,mes,dia_semana,hora_redondeada,lon,lat
25329,25334,2019,LEG26629,2019/09/23,"09:41:00",COLISIÓN CONTRA OBJETO FIJO,ASFALTO,Bueno,Bueno,2,NISSAN,ROJO,2,,,FEMENINO,SIN DATOS,0,0,Morelia,Villas Lomas del Paraiso,septiembre,lunes,10,-101.183243326701,19.6753951296653
25330,25335,2019,MOR190730155,2019/09/23,11:15:00,COLISIÓN POR ALCANCE,ASFALTO,Bueno,Bueno,2,MERCEDEZ BENS,GRIS Y VERDE,2,,28,MASCULINO,SIN DATOS,0,0,Morelia,Santillan La Huerta,septiembre,lunes,11,-101.219553885717,19.6760966650679
25331,25336,2019,,2019/09/23,11:30:00,COLISIÓN POR CAMBIO DE CARRIL,ASFALTO,Bueno,Bueno,2,FORD,ROJO,2,MINISTERIO PÚBLICO,65,MASCULINO,SIN DATOS,0,0,Lázaro Cárdenas,Bassols,septiembre,lunes,12,-102.229653038085,17.9741028534523
25332,25337,2019,,2019/09/23,16:50:00,COLISIÓN POR CORTE DE CIRCULACIÓN,ASFALTO,Bueno,Regular,2,MAZDA,ARENA,2,,58,MASCULINO,SIN DATOS,0,0,Morelia,Praderas del Indio,septiembre,lunes,17,-101.223494028547,19.6450845894654
25333,25338,2019,,2019/09/23,17:30:00,SALIDA DE SUPERFICIE DE RODAMIENTO,ASFALTO,Bueno,Regular,1,TOYOTA,ROJO RADIANTE,1,,24,MASCULINO,SIN DATOS,0,0,Acuitzio,Sin datos,septiembre,lunes,18,-101.331920027733,19.4659391468247
25335,25340,2019,LEG26630,2019/09/23,18:45:00,COLISIÓN POR ALCANCE,ASFALTO,Bueno,Bueno,2,BMW,BLANCO,2,,,FEMENINO,SIN DATOS,0,0,Morelia,Ejidal San Isidro,septiembre,lunes,19,-101.279508614475,19.6906503850057
25336,25341,2019,LEG26632,2019/09/23,19:30:00,COLISIÓN POR ALCANCE,ASFALTO,Bueno,Bueno,2,VOLKSWAGEN,VERDE,2,,,MASCULINO,SIN DATOS,0,0,Morelia,Camelinas,septiembre,lunes,20,-101.17262119,19.6818144849991
25337,25342,2019,LEG26631,2019/09/23,22:25:00,COLISIÓN POR CAMBIO DE CARRIL,ASFALTO,Bueno,Regular,2,FIAT,ROJO,2,,60,FEMENINO,SIN DATOS,0,0,Morelia,Nueva Valladolid,septiembre,lunes,22,-101.21281435,19.7007192549992
25339,25344,2019,,2019/09/24,10:40:00,COLISIÓN POR ALCANCE,ASFALTO,Bueno,Bueno,2,NISSAN,BLANCO,2,,,MASCULINO,SIN DATOS,0,0,Morelia,Vicente Lombardo Toledano (Ejidal Isacc Arriaga) (Etnias de Mexico),septiembre,martes,11,-101.142894975,19.7122317999991
25340,25345,2019,MOR190732451,2019/09/24,11:05:00,COLISIÓN POR CORTE DE CIRCULACIÓN,ASFALTO,Bueno,Bueno,2,DODGE,PLATA,2,,,MASCULINO,SIN DATOS,0,0,Morelia,Lomas del Valle,septiembre,martes,11,-101.230037015,19.6880963799991
25343,25348,2019,,2019/09/24,16:40:00,COLISIÓN POR ALCANCE,ASFALTO,Bueno,Bueno,2,FORD,BLANCO,2,,46,MASCULINO,SIN DATOS,0,0,Pátzcuaro,Juventino Rosas,septiembre,martes,17,-101.613871827722,19.5082707661312
25345,25350,2019,,2019/09/24,20:55:00,SALIDA DE SUPERFICIE DE RODAMIENTO,ASFALTO,Bueno,Regular,1,S/D,GRIS,1,MINISTERIO PÚBLICO,,,,0,1,Morelia,Ciudad Industrial,septiembre,martes,21,-101.14554366932,19.7284851395985
25346,25351,2019,,2019/09/25,"06:30:00",COLISIÓN CONTRA OBJETO FIJO,ASFALTO,Bueno,Bueno,1,CHEVROLET,BLANCO,1,,,MASCULINO,ALIENTO ETÍLICO,0,0,Morelia,Puebla,septiembre,miércoles,7,-101.200689438156,19.7477637431428
25347,25352,2019,LEG26654,2019/09/25,"06:50:00",CAIDA DE MOTOCICLETA,CONCRETO,Bueno,Bueno,1,SUZUKI,GRIS CON ROJO,2,MINISTERIO PÚBLICO,0,MASCULINO,SIN DATOS,0,1,Morelia,Infonavit  Las  Camelinas,septiembre,miércoles,7,-101.176624819636,19.681692873841
25348,25353,2019,,2019/09/25,"08:00:00",COLISIÓN CON PEATÓN,SIN_DATOS,Bueno,Bueno,2,PONTIAC,ROJO,2,,46,FEMENINO,SIN DATOS,0,0,Morelia,Felix Ireta,septiembre,miércoles,8,-101.1927328,19.6901125899992
25349,25354,2019,,2019/09/25,"09:00:00",COLISIÓN POR INVASIÓN DE CARRIL,ASFALTO,Bueno,Bueno,2,KEEWAY,AZUL,2,MINISTERIO PÚBLICO,85,MASCULINO,SIN DATOS,1,0,Morelia,Del Empleado,septiembre,miércoles,9,-101.18002517,19.6886070099991
25350,25355,2019,,2019/09/25,"09:50:00",COLISIÓN POR ALCANCE,CONCRETO,Bueno,Regular,2,TOYOTA,BLANCO,2,MINISTERIO PÚBLICO,42,MASCULINO,SIN DATOS,0,0,Tarímbaro,Campestre Tarimbaro,septiembre,miércoles,10,-101.128815,19.774367
25351,25356,2019,,2019/09/25,10:00:00,COLISIÓN CON PEATÓN,SIN_DATOS,Bueno,Bueno,2,CHEVROLET,BLANCO,2,,45,MASCULINO,SIN DATOS,0,0,Morelia,Lomas del Valle,septiembre,miércoles,10,-101.230037015,19.6880963799991
25352,25357,2019,LEG26656,2019/09/25,10:37:00,COLISIÓN POR ALCANCE,ASFALTO,Bueno,Bueno,2,HYUNDAI,PLATA,2,MINISTERIO PÚBLICO,,MASCULINO,SIN DATOS,0,0,Morelia,Emiliano Zapata,septiembre,miércoles,11,-101.232768396902,19.6530668887289
25354,25359,2019,,2019/09/25,11:00:00,COLISIÓN POR ALCANCE,ASFALTO,Bueno,Bueno,2,ITALIKA,BLANCO/AMARILLO,2,,25,MASCULINO,SIN DATOS,0,0,Peribán,Sin datos,septiembre,miércoles,11,-102.446599490941,19.5544514929704
25356,25361,2019,,2019/09/25,15:40:00,COLISIÓN CON PEATÓN,SIN_DATOS,Bueno,Bueno,2,GM,BLANCO,2,,33,MASCULINO,SIN DATOS,0,0,Morelia,Lomas de Santiaguito,septiembre,miércoles,16,-101.179519891941,19.7229539949395
25357,25362,2019,,2019/09/25,16:27:00,VOLCADURA,ASFALTO,Bueno,Bueno,1,WHITE,ROJO,1,,29,MASCULINO,SIN DATOS,0,0,Peribán,Los Cerritos,septiembre,miércoles,16,-102.432718724012,19.5367424739703
25358,25363,2019,,2019/09/25,17:00:00,COLISIÓN POR INVASIÓN DE CARRIL,ASFALTO,Bueno,Bueno,2,NISSAN,BLANCO,2,,28,MASCULINO,SIN DATOS,0,0,Morelia,Santillan La Huerta,septiembre,miércoles,17,-101.219553885717,19.6760966650679
25359,25364,2019,,2019/09/25,17:05:00,COLISIÓN POR CORTE DE CIRCULACIÓN,SIN_DATOS,Bueno,Bueno,0,,,0,,,,,0,0,Morelia,Centro,septiembre,miércoles,17,-101.186643540859,19.7038056555321
25360,25365,2019,,2019/09/25,17:05:00,COLISIÓN POR ALCANCE,CONCRETO,Bueno,Bueno,2,CHEVROLET,ROJO,2,,39,FEMENINO,SIN DATOS,0,0,Morelia,Centro,septiembre,miércoles,17,-101.190959615713,19.7038724375015
25361,25366,2019,LEG26659,2019/09/25,20:10:00,COLISIÓN POR INVASIÓN DE CARRIL,ASFALTO,Lluvioso,Bueno,2,NISSAN,BLANCO,6,MINISTERIO PÚBLICO,,,,4,2,Morelia,Del Prendimiento,septiembre,miércoles,20,-101.392976,19.672974
25362,25367,2019,,2019/09/25,20:40:00,COLISIÓN POR CAMBIO DE CARRIL,ASFALTO,Bueno,Bueno,2,ITALIKA,AMARILLO,2,MINISTERIO PÚBLICO,21,MASCULINO,ALIENTO ETÍLICO,0,0,Morelia,Villa Universidad,septiembre,miércoles,21,-101.20959864,19.6918456199992
25363,25368,2019,,2019/09/25,22:10:00,COLISIÓN POR ALCANCE,ASFALTO,Bueno,Bueno,2,HYUNDAI,ROJO,2,,37,MASCULINO,SIN DATOS,0,0,Morelia,Centro,septiembre,miércoles,22,-101.18754847,19.7028479949991
25364,25369,2019,,2019/09/26,"00:00:00",COLISIÓN POR CAMBIO DE CARRIL,ADOQUIN_EMPEDRADO,Bueno,Bueno,2,ISUZU,VERDE,2,,56,MASCULINO,SIN DATOS,0,0,Cuitzeo,Centro,septiembre,jueves,0,-101.139647,19.968544
25365,25370,2019,,2019/09/26,"06:15:00",COLISIÓN POR ALCANCE,CONCRETO,Bueno,Bueno,1,BMW,ROJO,1,MINISTERIO PÚBLICO,,,SIN DATOS,0,0,Morelia,Ferrocarrilero,septiembre,jueves,6,-101.223609235,19.6918737849991
25366,25371,2019,MOR190736712,2019/09/26,"08:47:00",COLISIÓN POR CORTE DE CIRCULACIÓN,ASFALTO,Bueno,Bueno,1,DODGE,AZUL,1,,35,MASCULINO,SIN DATOS,0,0,Morelia,Quinceo,septiembre,jueves,9,-101.221447214484,19.7277165086098
25367,25372,2019,,2019/09/26,10:50:00,COLISIÓN POR ALCANCE,CONCRETO,Bueno,Bueno,2,SUZUKI,GRIS,2,,60,FEMENINO,SIN DATOS,0,0,Morelia,Cinco de Diciembre,septiembre,jueves,11,-101.1588216573,19.6869303793251
25368,25373,2019,,2019/09/26,14:02:00,COLISIÓN POR CORTE DE CIRCULACIÓN,ASFALTO,Bueno,Bueno,1,NISSAN,BLANCO,1,,54,MASCULINO,SIN DATOS,0,0,Huandacareo,Sin datos,septiembre,jueves,14,-101.251418218017,19.9758803579782
25369,25374,2019,,2019/09/26,14:05:00,COLISIÓN POR CAMBIO DE CARRIL,ASFALTO,Bueno,Bueno,2,VOLKSWAGEN,PLATA,2,,,FEMENINO,SIN DATOS,0,0,Morelia,Ferrocarrilero,septiembre,jueves,14,-101.212719641626,19.701949020339
25370,25375,2019,MOR190737319,2019/09/26,14:10:00,COLISIÓN POR NO RESPETAR SEMÁFORO,ASFALTO,Bueno,Bueno,2,HONDA,NEGRO,2,,64,MASCULINO,SIN DATOS,0,0,Morelia,Felix Ireta,septiembre,jueves,14,-101.192055568099,19.6823807580278
25371,25376,2019,,2019/09/26,16:04:00,COLISIÓN POR CORTE DE CIRCULACIÓN,ASFALTO,Bueno,Bueno,2,CHEVROLET,NEGRO,2,MINISTERIO PÚBLICO,38,MASCULINO,SIN DATOS,0,0,Zacapu,Los Corrales,septiembre,jueves,16,-101.775649264455,19.7964029660228
25372,25377,2019,,2019/09/26,16:30:00,COLISIÓN POR ALCANCE,ASFALTO,Bueno,Bueno,2,TOYOTA,BLANCO Y ROJO,2,MINISTERIO PÚBLICO,61,MASCULINO,SIN DATOS,0,0,Morelia,Balcones de Santa Maria,septiembre,jueves,17,-101.186413541436,19.6755895480624
25373,25378,2019,MOR190737791,2019/09/26,17:25:00,COLISIÓN POR CORTE DE CIRCULACIÓN,ASFALTO,Bueno,Bueno,2,VOLKSWAGEN,BLANCO,2,,45,FEMENINO,SIN DATOS,0,0,Morelia,El Realito,septiembre,jueves,17,-101.205191016197,19.7257654705539
25374,25379,2019,MOR190876320,2019/09/26,17:45:00,COLISIÓN POR INVASIÓN DE CARRIL,ASFALTO,Bueno,Bueno,2,DODGE,BLANCO,2,,55,FEMENINO,SIN DATOS,0,0,Morelia,Ciudad Industrial,septiembre,jueves,18,-101.137432046235,19.7289141981061
25375,25380,2019,,2019/09/27,"02:00:00",CAIDA DE MOTOCICLETA,ASFALTO,Bueno,Bueno,1,ITALIKA,NEGRO Y VERDE,0,,,,,0,0,Morelia,Vasco de Quiroga,septiembre,viernes,2,-101.1677326262,19.6967012737718
25376,25381,2019,,2019/09/27,"08:40:00",VOLCADURA,CONCRETO,Bueno,Bueno,1,Ford,Gris,1,,24,MASCULINO,SIN DATOS,0,0,Morelia,Montaña Monarca,septiembre,viernes,9,-101.160703897476,19.6724334568794
25377,25382,2019,MOR190739136,2019/09/27,"09:10:00",COLISIÓN POR CAMBIO DE CARRIL,ASFALTO,Bueno,Bueno,2,FREYGHTLINER,BLANCO,2,,28,MASCULINO,SIN DATOS,0,0,Morelia,Lomas de Morelia (Dr Ignacio Chavez),septiembre,viernes,9,-101.175329312682,19.7173674031652
25378,25383,2019,,2019/09/27,"09:38:00",COLISIÓN POR CORTE DE CIRCULACIÓN,ASFALTO,Bueno,Bueno,2,NISSAN,VERDE,2,,25,FEMENINO,SIN DATOS,0,0,Morelia,Poblado de Ocolusen,septiembre,viernes,10,-101.149506345391,19.6946845150488
25379,25384,2019,LEG26688,2019/09/27,10:00:00,COLISIÓN POR INVASIÓN DE CARRIL,ASFALTO,Bueno,Bueno,2,NISSAN,NEGRO,2,,59,MASCULINO,SIN DATOS,0,0,Morelia,Sentimientos de La Nacion,septiembre,viernes,10,-101.235388666391,19.6855145555752
25380,25385,2019,LEG26690,2019/09/27,10:20:00,COLISIÓN CONTRA OBJETO FIJO,CONCRETO,Bueno,Bueno,1,KENWORTH,BLANCO,1,,37,FEMENINO,SIN DATOS,0,0,Morelia,Los Manantiales de Morelia,septiembre,viernes,10,-101.241506114602,19.7006602212899
25381,25386,2019,,2019/09/27,13:07:00,COLISIÓN POR ALCANCE,ASFALTO,Bueno,Bueno,3,VW,ROJO,3,,28,MASCULINO,SIN DATOS,0,0,Morelia,Vicente Lombardo Toledano (Ejidal Isacc Arriaga) (Etnias de Mexico),septiembre,viernes,13,-101.151404343545,19.7185222464447
25382,25387,2019,,2019/09/27,14:05:00,COLISIÓN POR ALCANCE,ASFALTO,Bueno,Bueno,3,VOLKSWAGEN,PLATA,3,,67,MASCULINO,SIN DATOS,0,0,Morelia,Fracc Heroes Republicanos,septiembre,viernes,14,-101.277776956558,19.6919126535304
25383,25388,2019,,2019/09/27,17:40:00,COLISIÓN CONTRA OBJETO FIJO,ASFALTO,Bueno,Bueno,2,Toyota,Rojo,2,MINISTERIO PÚBLICO,,,SIN DATOS,0,0,Morelia,Nueva Chapultepec,septiembre,viernes,18,-101.166348606348,19.686299652699
25384,25389,2019,,2019/09/27,19:30:00,COLISIÓN POR CORTE DE CIRCULACIÓN,CONCRETO,Lluvioso,Bueno,2,CHEVROLET,ROJO,2,,67,MASCULINO,SIN DATOS,0,0,Los Reyes,Independencia,septiembre,viernes,20,-102.470736354589,19.5843441035801
25385,25390,2019,,2019/09/27,20:47:00,COLISIÓN POR INVASIÓN DE CARRIL,ASFALTO,Lluvioso,Bueno,2,DODGE,CAFE,2,,44,MASCULINO,SIN DATOS,0,0,Peribán,Sin datos,septiembre,viernes,21,-102.446174360812,19.5540000159595
25386,25391,2019,,2019/09/28,"07:25:00",COLISIÓN POR CAMBIO DE CARRIL,ASFALTO,Bueno,Bueno,2,International,Blanco naranja,2,,25,MASCULINO,SIN DATOS,0,0,Morelia,Villas del Pedregal,septiembre,sábado,7,-101.303482577205,19.6848598315084
25387,25392,2019,LEG26703,2019/09/28,"09:05:00",COLISIÓN POR CORTE DE CIRCULACIÓN,ASFALTO,Bueno,Bueno,2,MERCEDES BENZ,VERDE,2,,25,MASCULINO,SIN DATOS,0,0,Morelia,Centro,septiembre,sábado,9,-101.18423525244,19.7058806928979
25388,25393,2019,,2019/09/28,10:40:00,COLISIÓN POR ALCANCE,ASFALTO,Bueno,Bueno,2,DODGE,ROJO,2,,35,MASCULINO,SIN DATOS,0,0,Tarímbaro,Sin datos,septiembre,sábado,11,-101.155557073653,19.768891673494
25389,25394,2019,,2019/09/28,11:00:00,COLISIÓN CONTRA OBJETO FIJO,SIN_DATOS,Bueno,Bueno,1,Ford,Blanco,1,,33,,SIN DATOS,0,0,Morelia,Lomas del Sur,septiembre,sábado,11,-101.197618804872,19.6517166919929
25390,25395,2019,,2019/09/28,11:20:00,COLISIÓN CONTRA OBJETO FIJO,ASFALTO,Bueno,Bueno,1,DINA,AZUL/BLANCO,1,MINISTERIO PÚBLICO,19,MASCULINO,SIN DATOS,0,0,Los Reyes,Sin datos,septiembre,sábado,11,-102.442139312625,19.5814866269002
25391,25396,2019,MOR190742681,2019/09/28,11:20:00,COLISIÓN POR CORTE DE CIRCULACIÓN,ASFALTO,Bueno,Bueno,2,NISSAN,BLANCO Y AMARILLO,2,,50,MASCULINO,SIN DATOS,0,0,Morelia,Jardines de Guadalupe,septiembre,sábado,11,-101.21900908649,19.711870499927
25392,25397,2019,,2019/09/28,11:50:00,COLISIÓN POR ALCANCE,ASFALTO,Bueno,Bueno,2,Volkswagen,Verde,2,,,FEMENINO,SIN DATOS,0,0,Morelia,Isaac Arriaga,septiembre,sábado,12,-101.170455403626,19.7082015843051
25393,25398,2019,,2019/09/28,13:30:00,COLISIÓN POR CORTE DE CIRCULACIÓN,ASFALTO,Bueno,Bueno,1,Volkswagen,Rojo,1,,,MASCULINO,SIN DATOS,0,0,Morelia,Cuauhtemoc,septiembre,sábado,14,-101.178547292948,19.6977884000347
25394,25399,2019,,2019/09/28,14:42:00,VOLCADURA,ASFALTO,Nublado,Bueno,1,TOYOTA,VERDE,0,,,,,0,0,Peribán,Sin datos,septiembre,sábado,15,-102.456950470805,19.5691738795362
25395,25400,2019,LEG26702,2019/09/28,15:50:00,COLISIÓN CON PEATÓN,ASFALTO,Bueno,Bueno,2,Volkswagen,blanco,2,,41,,SIN DATOS,0,0,Tarímbaro,Sin datos,septiembre,sábado,16,-101.155774332583,19.7688004892063
25396,25401,2019,,2019/09/28,16:05:00,COLISIÓN POR ALCANCE,ASFALTO,Nublado,Bueno,2,CHEVROLET,BLANCO,2,,47,MASCULINO,SIN DATOS,0,0,Morelia,Lomas de Huerta,septiembre,sábado,16,-101.210081353784,19.672146163308
25397,25402,2019,,2019/09/28,17:30:00,COLISIÓN POR ALCANCE,ASFALTO,Bueno,Bueno,2,ITALIKA,BLACO/NARANJA,2,,18,MASCULINO,SIN DATOS,0,0,Santa Ana Maya,Sin datos,septiembre,sábado,18,-100.984087474644,19.9928594926956
25398,25403,2019,,2019/09/28,17:30:00,COLISIÓN POR CAMBIO DE CARRIL,ASFALTO,Bueno,Bueno,2,NISSAN,Plata,2,,,MASCULINO,SIN DATOS,0,0,Morelia,Isaac Arriaga,septiembre,sábado,18,-101.16716299206,19.7111009941454
25399,25404,2019,,2019/09/28,18:00:00,COLISIÓN POR CORTE DE CIRCULACIÓN,ASFALTO,Bueno,Bueno,2,FORD,BLANCO,2,,32,MASCULINO,SIN DATOS,0,0,Morelia,Centro,septiembre,sábado,18,-101.186529882252,19.7057190846263
25400,25405,2019,,2019/09/28,18:40:00,COLISIÓN POR CAMBIO DE CARRIL,CONCRETO,Nublado,Regular,2,MASCOTT,BLANCO/VERDE,2,,42,,SIN DATOS,0,0,Morelia,Nueva Valladolid,septiembre,sábado,19,-101.207962073386,19.7010825621659
25401,25406,2019,,2019/09/28,20:15:00,COLISIÓN POR INVASIÓN DE CARRIL,ASFALTO,Lluvioso,Regular,2,NISSAN,ROJO,2,MINISTERIO PÚBLICO,44,MASCULINO,SIN DATOS,0,1,Hidalgo,Sin datos,septiembre,sábado,20,-100.537147633731,19.7100215335275
25402,25407,2019,,2019/09/28,20:20:00,COLISIÓN POR CORTE DE CIRCULACIÓN,ASFALTO,Nublado,Bueno,1,HONDA,GRIS,1,,30,MASCULINO,SIN DATOS,0,0,Morelia,Alberto Oviedo Mota,septiembre,sábado,20,-101.20223723352,19.6771664654017
25403,25408,2019,,2019/09/28,20:40:00,COLISIÓN POR ALCANCE,ASFALTO,Lluvioso,Regular,2,SEAT,Amarillo,1,,18,MASCULINO,SIN DATOS,0,0,Morelia,Cuauhtemoc,septiembre,sábado,21,-101.185390949249,19.6990349245156
25404,25409,2019,,2019/09/28,21:20:00,COLISIÓN POR CORTE DE CIRCULACIÓN,ASFALTO,Bueno,Bueno,1,SIN DATOS,SIN DATOS,1,,,,,1,0,Morelia,Vasco de Quiroga,septiembre,sábado,21,-101.174634955823,19.702808529585
25405,25410,2019,MOR190567892,2019/09/28,21:30:00,COLISIÓN POR CAMBIO DE CARRIL,ASFALTO,Bueno,Bueno,2,Chevrolet,rojo,2,,23,,CON CERTIFICADO,0,0,Morelia,Felix Ireta,septiembre,sábado,22,-101.195674203336,19.6814898858823
25406,25411,2019,,2019/09/28,21:50:00,SUBIDA AL CAMELLÓN,ASFALTO,Lluvioso,Regular,1,NISSAN,BLANCO,1,,24,MASCULINO,SIN DATOS,0,0,Morelia,Nicolaitas Ilustres,septiembre,sábado,22,-101.228314675391,19.7194454207103
25407,25412,2019,LEG26720,2019/09/28,22:00:00,COLISIÓN POR CAMBIO DE CARRIL,ASFALTO,Lluvioso,Regular,2,VOLKSWAGEN,ROJO,2,MINISTERIO PÚBLICO,45,MASCULINO,ALIENTO ETÍLICO,0,0,Morelia,Ignacio Zaragoza,septiembre,sábado,22,-101.202959753573,19.7252283154868
25408,25413,2019,,2019/09/28,22:15:00,COLISIÓN POR MANIOBRA DE REVERSA,ADOQUIN_EMPEDRADO,Lluvioso,Bueno,2,JEEP,AZUL,2,,48,MASCULINO,SIN DATOS,0,0,Los Reyes,Obrera,septiembre,sábado,22,-102.463099770248,19.5791695886373
25409,25414,2019,,2019/09/28,22:40:00,COLISIÓN POR ALCANCE,ASFALTO,Lluvioso,Regular,2,VOLKSWAGEN,GRIS,2,,0,MASCULINO,ALIENTO ETÍLICO,0,0,Morelia,Sentimientos de La Nacion,septiembre,sábado,23,-101.236882656813,19.6848137418638
25410,25415,2019,,2019/09/28,22:58:00,COLISIÓN POR CORTE DE CIRCULACIÓN,ASFALTO,Bueno,Bueno,2,DODGE,BLANCO/AZUL,0,MINISTERIO PÚBLICO,,,,0,0,Múgica,Lazaro Cardenas,septiembre,sábado,23,-102.096382789314,19.0158586198875
25411,25416,2019,MOR190786540,2019/09/28,23:00:00,COLISIÓN CON PEATÓN,ASFALTO,Lluvioso,Regular,1,NISSAN,ROJO,2,,30,MASCULINO,SIN DATOS,1,0,Morelia,Eduardo Ruiz,septiembre,sábado,23,-101.223934292793,19.7249793046815
25412,25417,2019,LEG26693,2019/09/28,23:13:00,COLISIÓN CONTRA OBJETO FIJO,ASFALTO,Bueno,Bueno,2,GMC,BLANCO,1,,,MASCULINO,ALIENTO ETÍLICO,0,0,Morelia,Ventura Puente,septiembre,sábado,23,-101.181040741503,19.6913542348959
25413,25418,2019,LEG26721,2019/09/28,23:50:00,COLISIÓN CONTRA OBJETO FIJO,ASFALTO,Lluvioso,Regular,2,VOLKSWAGEN,guinda,2,,17,MASCULINO,SIN DATOS,0,0,Morelia,23 de Marzo,septiembre,sábado,0,-101.249643936753,19.7039391733496
25414,25419,2019,,2019/09/29,"00:00:00",CAIDA DE MOTOCICLETA,ASFALTO,Bueno,Regular,1,ITALICA,ROJO /NEGRO,0,MINISTERIO PÚBLICO,,,,0,0,Ixtlán,Santa Cruz,septiembre,domingo,0,-102.397954,20.169389
25415,25420,2019,LEG26722,2019/09/29,"01:10:00",COLISIÓN CONTRA OBJETO FIJO,ASFALTO,Lluvioso,Regular,1,FORD,ROJO,0,,,,,0,0,Morelia,La Hacienda,septiembre,domingo,1,-101.31657846272,19.6767674231214
25416,25421,2019,,2019/09/29,"04:00:00",COLISIÓN POR CORTE DE CIRCULACIÓN,ASFALTO,Bueno,Bueno,2,Chevrolet,Guinda,2,MINISTERIO PÚBLICO,,MASCULINO,SIN DATOS,0,0,Morelia,Juarez,septiembre,domingo,4,-101.200193054974,19.6954787213918
25417,25422,2019,LEG26723,2019/09/29,"07:20:00",COLISIÓN POR CORTE DE CIRCULACIÓN,ASFALTO,Lluvioso,Regular,2,NISSAN,BLANCO,2,,60,MASCULINO,SIN DATOS,0,0,Morelia,Las Flores,septiembre,domingo,7,-101.209051050246,19.7083354140896
25418,25423,2019,,2019/09/29,10:15:00,COLISIÓN CON PEATÓN,CONCRETO,Lluvioso,Bueno,1,SEAT IBIZA,ROJO,0,,,,,0,0,Morelia,Sin datos,septiembre,domingo,10,-101.304403580725,19.6876747471923
25419,25424,2019,,2019/09/29,11:40:00,COLISIÓN CONTRA OBJETO FIJO,ASFALTO,Lluvioso,Bueno,1,FORD,BLANCO,1,,53,MASCULINO,SIN DATOS,0,0,Cotija,Sin datos,septiembre,domingo,12,-102.656798176467,19.7995007726131
25420,25425,2019,,2019/09/29,11:40:00,VOLCADURA,ASFALTO,Lluvioso,Regular,1,FORD,ROJO,1,,25,MASCULINO,SIN DATOS,0,0,Madero,Sin datos,septiembre,domingo,12,-101.266697756946,19.3827188122753
25421,25426,2019,MOR190741583,2019/09/29,13:00:00,COLISIÓN CONTRA OBJETO FIJO,CONCRETO,Bueno,Bueno,2,HINO,BLANCO,2,,23,MASCULINO,SIN DATOS,0,0,Morelia,Juarez,septiembre,domingo,13,-101.196964681149,19.6974067703149
25422,25427,2019,MOR190744424,2019/09/29,15:30:00,COLISIÓN POR ALCANCE,ASFALTO,Bueno,Bueno,2,NISSAN,BLANCO,2,,22,MASCULINO,SIN DATOS,0,0,Morelia,La Esperanza,septiembre,domingo,16,-101.15387968719,19.6993871945515
25424,25429,2019,,2019/09/29,16:40:00,COLISIÓN CON PEATÓN,SIN_DATOS,Bueno,Bueno,1,BMW,GRIS,1,MINISTERIO PÚBLICO,0,,SIN DATOS,0,0,Morelia,Cañada del Bosque,septiembre,domingo,17,-101.09782285392,19.7291919219244
25425,25430,2019,,2019/09/29,17:00:00,COLISIÓN POR CORTE DE CIRCULACIÓN,TERRACERIA,Lluvioso,Regular,2,ITALIKA,AMARILLO,2,,18,MASCULINO,SIN DATOS,0,0,Acuitzio,Las Peñas,septiembre,domingo,17,-101.338343918324,19.5094173153853
25426,25431,2019,MOR1900742191,2019/09/29,17:00:00,COLISIÓN POR INVASIÓN DE CARRIL,ASFALTO,Lluvioso,Regular,3,GMC,NEGRO,3,,,,SIN DATOS,0,0,Morelia,Alberto Oviedo Mota,septiembre,domingo,17,-101.197746880352,19.6811596747498
25427,25432,2019,MOR190744661,2019/09/29,18:05:00,COLISIÓN POR CAMBIO DE CARRIL,ASFALTO,Nublado,Bueno,2,FORD,VERDE,2,,30,MASCULINO,ALIENTO ETÍLICO,0,0,Morelia,Tinijaro,septiembre,domingo,18,-101.26316,19.6963297049991
25428,25433,2019,,2019/09/29,19:00:00,COLISIÓN POR CORTE DE CIRCULACIÓN,ASFALTO,Lluvioso,Regular,2,CHEVROLET,GRIS,2,MINISTERIO PÚBLICO,24,MASCULINO,SIN DATOS,0,1,Santa Ana Maya,Centro,septiembre,domingo,19,-101.009270399809,20.0021695593115
25429,25434,2019,,2019/09/29,19:03:00,COLISIÓN CONTRA OBJETO FIJO,CONCRETO,Bueno,Bueno,1,NISSAN,GRIS,1,,28,MASCULINO,SIN DATOS,0,0,Morelia,Sin datos,septiembre,domingo,19,-101.121020279825,19.7190679456549
25430,25435,2019,,2019/09/29,20:15:00,COLISIÓN POR CORTE DE CIRCULACIÓN,ASFALTO,Lluvioso,Regular,2,HYUNDAI,ROJO,2,,61,MASCULINO,ALIENTO ETÍLICO,0,0,Morelia,Tinijaro,septiembre,domingo,20,-101.26316,19.6963297049991