fid,id_accidente,anio_origen,folio_c5i,dia_incidente,hora_ocurrencia,tipo_incidente_vial,superficie_ocurrencia,condiciones_climaticas,condiciones_via,numero_vehiculos_involucrados,marca_vehiculo_ocasiona_siniestro,color_vehiculo_ocasiona_siniestro,numero_personas_involucradas,lugar_remite_presunto_responsable,edad_presunto_responsable,sexo_presunto_responsable,resultados_toxicologia,numero_personas_lesionadas,numero_personas_fallecidas,municipio,colonia,mes,dia_semana,hora_redondeada,lon,lat
25432,25437,2019,,2019/09/29,21:40:00,COLISIÓN POR INVASIÓN DE CARRIL,CONCRETO,Lluvioso,Regular,2,FORD,BLANCO,2,,25,MASCULINO,SIN DATOS,0,0,Morelia,Valle Quieto,septiembre,domingo,22,-101.203828118741,19.680416223676
25433,25438,2019,,2019/09/29,22:00:00,COLISIÓN POR INVASIÓN DE CARRIL,ASFALTO,Lluvioso,Regular,2,NISSAN,PLATA,2,,72,MASCULINO,SIN DATOS,0,0,Huandacareo,Sin datos,septiembre,domingo,22,-101.238071881235,19.9651762014448
25434,25439,2019,,2019/09/29,23:00:00,VOLCADURA,CONCRETO,Nublado,Regular,1,HUNDAI,GRIS,1,MINISTERIO PÚBLICO,0,,SIN DATOS,0,0,Morelia,Sin datos,septiembre,domingo,23,-101.124344207346,19.7176584029959
25435,25440,2019,MOR190745375,2019/09/29,23:10:00,COLISIÓN CONTRA OBJETO FIJO,ASFALTO,Bueno,Bueno,1,FORD,GRIS,1,,24,MASCULINO,ALIENTO ETÍLICO,0,0,Morelia,Nicolas Bravo(Los Ejidos),septiembre,domingo,23,-101.213734857738,19.7023123316413
25436,25441,2019,,2019/09/30,"00:00:00",COLISIÓN POR INVASIÓN DE CARRIL,ASFALTO,Bueno,Bueno,2,FORD,AZUL METALICO CLARO,5,,35,FEMENINO,SIN DATOS,4,0,Cotija,Sin datos,septiembre,lunes,0,-102.622947357595,19.7711507554544
25437,25442,2019,LEG26735,2019/09/30,"00:10:00",COLISIÓN POR CORTE DE CIRCULACIÓN,ASFALTO,Bueno,Bueno,2,FORD,GUINDA,2,,38,MASCULINO,ALIENTO ETÍLICO,0,0,Morelia,Valerio Trujano,septiembre,lunes,0,-101.232142704694,19.6906454337858
25438,25443,2019,,2019/09/30,"01:25:00",COLISIÓN POR ALCANCE,CONCRETO,Lluvioso,Regular,2,NISSAN,ROJO,2,,19,MASCULINO,SIN DATOS,0,0,Morelia,Tinijaro,septiembre,lunes,1,-101.26316,19.6963297049991
25439,25444,2019,LEG26737,2019/09/30,"02:10:00",SUBIDA AL CAMELLÓN,ASFALTO,Bueno,Bueno,1,DODGE,ROJO,1,,41,MASCULINO,SIN DATOS,0,0,Morelia,Felipe Carrillo Puerto,septiembre,lunes,2,-101.177427865661,19.7308068402022
25440,25445,2019,,2019/09/30,"03:00:00",COLISIÓN POR ALCANCE,ASFALTO,Lluvioso,Regular,2,VOLKSWAGEN JETTA,BLANCO,2,,38,FEMENINO,ALIENTO ETÍLICO,0,0,Morelia,Nueva Chapultepec,septiembre,lunes,3,-101.17081558,19.6897813199992
25443,25448,2019,,2019/09/30,10:00:00,COLISIÓN POR CAMBIO DE CARRIL,ASFALTO,Nublado,Regular,2,DODGE,BLANCO,2,,54,MASCULINO,SIN DATOS,0,0,Morelia,Tinijaro,septiembre,lunes,10,-101.26316,19.6963297049991
25444,25449,2019,MOR190746113,2019/09/30,11:49:00,COLISIÓN POR INVASIÓN DE CARRIL,ASFALTO,Nublado,Bueno,2,CHEVROLET,NEGRO,1,MINISTERIO PÚBLICO,,,,1,0,Morelia,Sin datos,septiembre,lunes,12,-101.358725689352,19.5289219441244
25445,25450,2019,,2019/09/30,11:57:00,COLISIÓN POR CORTE DE CIRCULACIÓN,CONCRETO,Bueno,Bueno,2,ITALIKA,NEGRO,2,,,MASCULINO,SIN DATOS,0,0,Morelia,Chapultepec Norte,septiembre,lunes,12,-101.176881305873,19.69335398963
25446,25451,2019,MOR190765982,2019/09/30,13:40:00,COLISIÓN POR CORTE DE CIRCULACIÓN,CONCRETO,Bueno,Regular,2,HONDA,BLANCO,2,,39,MASCULINO,SIN DATOS,0,0,Morelia,Indeco Expropiacion Petrolera,septiembre,lunes,14,-101.225747801363,19.6834610364558
25447,25452,2019,MOR190746530,2019/09/30,13:45:00,COLISIÓN POR ALCANCE,CONCRETO,Bueno,Bueno,2,KIA,BLANCO,2,,27,FEMENINO,SIN DATOS,0,0,Morelia,Indeco Expropiacion Petrolera,septiembre,lunes,14,-101.225751154125,19.6834241012821
25448,25453,2019,,2019/09/30,14:25:00,COLISIÓN CONTRA OBJETO FIJO,CONCRETO,Bueno,Bueno,1,CHEVROLET,ARENA,1,MINISTERIO PÚBLICO,,,SIN DATOS,0,0,Zitácuaro,Loma de Oriente ( Pueblo Nuevo ),septiembre,lunes,14,-100.324821956456,19.4322011499177
25449,25454,2019,,2019/09/30,14:45:00,COLISIÓN POR CORTE DE CIRCULACIÓN,ASFALTO,Bueno,Bueno,2,HONDA,ROJO,2,,,FEMENINO,SIN DATOS,0,0,Morelia,Rinconada del Valle,septiembre,lunes,15,-101.219192482531,19.6779099315566
25450,25455,2019,MOR190746925,2019/09/30,16:45:00,COLISIÓN POR ALCANCE,ASFALTO,Bueno,Bueno,2,FORD,ROJO,2,,65,FEMENINO,SIN DATOS,0,0,Morelia,Santiaguito,septiembre,lunes,17,-101.194494701922,19.7171183801129
25451,25456,2019,,2019/09/30,18:50:00,COLISIÓN POR MANIOBRA DE REVERSA,ASFALTO,Nublado,Bueno,2,VOLKSWAGEN,NEGRO,2,,30,MASCULINO,SIN DATOS,0,0,Morelia,Elias Perez Avalos,septiembre,lunes,19,-101.165064163506,19.710556214639
25452,25457,2019,,2019/09/30,20:00:00,COLISIÓN POR CORTE DE CIRCULACIÓN,ASFALTO,Nublado,Regular,2,TOYOTA,PLATA,2,,50,MASCULINO,SIN DATOS,0,0,Morelia,Ciudad Industrial,septiembre,lunes,20,-101.142959073186,19.7252627161885
25453,25458,2019,LEG26759,2019/09/30,21:48:00,COLISIÓN POR ALCANCE,ASFALTO,Nublado,Regular,2,ITALIKA,BLANCO,3,MINISTERIO PÚBLICO,32,MASCULINO,SIN DATOS,1,0,Morelia,Villas del Real,septiembre,lunes,22,-101.199042722583,19.7331409130217
25454,25459,2019,,2019/10/01,"00:00:00",COLISIÓN POR CORTE DE CIRCULACIÓN,ASFALTO,Nublado,Regular,2,KENWORTH,ROJO,2,,37,MASCULINO,SIN DATOS,0,0,Coalcomán de Vázquez Pallares,Sin datos,octubre,martes,0,-103.123353011906,18.9255545517841
25455,25460,2019,,2019/10/01,"00:00:00",COLISIÓN POR CORTE DE CIRCULACIÓN,ASFALTO,Nublado,Regular,1,KENWORTH,ROJO,1,,37,FEMENINO,SIN DATOS,0,0,Coalcomán de Vázquez Pallares,Sin datos,octubre,martes,0,-103.123381845653,18.9254578205896
25456,25461,2019,LEG26761,2019/10/01,"07:20:00",COLISIÓN POR CORTE DE CIRCULACIÓN,CONCRETO,Bueno,Bueno,2,VOLKSWAGEN,ROJO,2,,30,MASCULINO,SIN DATOS,0,0,Morelia,Vasco de Quiroga,octubre,martes,7,-101.178164407611,19.6990390280241
25457,25462,2019,MOR190748054,2019/10/01,"07:45:00",COLISIÓN POR CORTE DE CIRCULACIÓN,ASFALTO,Bueno,Bueno,1,CHEVROLET,ROJO,1,,36,FEMENINO,SIN DATOS,0,0,Morelia,Poblado de Ocolusen,octubre,martes,8,-101.153176233214,19.6939479390376
25458,25463,2019,,2019/10/01,"08:15:00",SALIDA DE SUPERFICIE DE RODAMIENTO,ASFALTO,Bueno,Bueno,1,CHEVROLET,BLANCO,1,,54,MASCULINO,SIN DATOS,0,0,Morelia,Sin datos,octubre,martes,8,-101.35505206883,19.6783623234988
25460,25465,2019,,2019/10/01,11:15:00,COLISIÓN POR ALCANCE,ASFALTO,Bueno,Bueno,3,MITSUBISHI,AZUL,3,,24,MASCULINO,SIN DATOS,0,0,Morelia,Lomas del Valle,octubre,martes,11,-101.230037015,19.6880963799991
25461,25466,2019,MOR190748463,2019/10/01,11:20:00,COLISIÓN POR CAMBIO DE CARRIL,ASFALTO,Bueno,Bueno,2,NISSAN,PLATA,2,,33,FEMENINO,SIN DATOS,0,0,Morelia,Barrio Alto,octubre,martes,11,-101.1882827,19.7276714
25462,25467,2019,LEG26781,2019/10/01,11:39:00,COLISIÓN POR ALCANCE,ASFALTO,Bueno,Bueno,2,INTERNATIONAL,BLANCO,2,,,MASCULINO,SIN DATOS,0,0,Morelia,Ana Maria Gallaga (Riviera Norte),octubre,martes,12,-101.222734674811,19.6768037284332
25463,25468,2019,,2019/10/01,13:05:00,COLISIÓN POR CORTE DE CIRCULACIÓN,CONCRETO,Bueno,Bueno,2,NISSAN,BLANCO,2,,42,MASCULINO,SIN DATOS,0,0,Morelia,Ferrocarrilero,octubre,martes,13,-101.223609235,19.6918737849991
25464,25469,2019,,2019/10/01,13:33:00,COLISIÓN POR CORTE DE CIRCULACIÓN,ASFALTO,Bueno,Bueno,1,NISSAN,BLANCO Y ROJO,2,,32,MASCULINO,SIN DATOS,1,0,Morelia,La Colina,octubre,martes,14,-101.215604022145,19.7092895793319
25465,25470,2019,,2019/10/01,13:40:00,COLISIÓN CONTRA OBJETO FIJO,ASFALTO,Bueno,Bueno,2,HONDA,BLANCO,2,,19,MASCULINO,SIN DATOS,0,0,Morelia,Margarita Maza de Juarez,octubre,martes,14,-101.255526905,19.6928898149991
25466,25471,2019,LEG26785,2019/10/01,14:02:00,SUBIDA AL CAMELLÓN,ASFALTO,Bueno,Bueno,1,NISSAN,ROJO,1,,,MASCULINO,SIN DATOS,0,0,Morelia,Rey Tariacuri (Eucaliptos),octubre,martes,14,-101.198578700423,19.6777896512789
25467,25472,2019,LEG26786,2019/10/01,14:31:00,COLISIÓN POR CAMBIO DE CARRIL,ASFALTO,Bueno,Bueno,2,FORD,AZUL,2,MINISTERIO PÚBLICO,,MASCULINO,ALIENTO ETÍLICO,0,0,Morelia,Ventura Puente,octubre,martes,15,-101.19537178427,19.6922608355597
25468,25473,2019,,2019/10/01,14:35:00,COLISIÓN POR ALCANCE,ASFALTO,Bueno,Bueno,2,RENAULT,GRIS,2,,40,FEMENINO,SIN DATOS,0,0,Morelia,Sentimientos de La Nacion,octubre,martes,15,-101.234726496041,19.6858296050643
25469,25474,2019,,2019/10/01,15:00:00,COLISIÓN POR ALCANCE,ASFALTO,Lluvioso,Regular,2,TOYOTA,BLANCO,2,,58,MASCULINO,SIN DATOS,0,0,Morelia,Primaveras,octubre,martes,15,-101.225659959018,19.678740210276
25470,25475,2019,,2019/10/01,16:00:00,COLISIÓN CONTRA OBJETO FIJO,ASFALTO,Bueno,Bueno,1,MERCEDES BENZ,VERDE,1,,24,MASCULINO,SIN DATOS,0,0,Tarímbaro,Sin datos,octubre,martes,16,-101.127005964518,19.7729116182254
25471,25476,2019,,2019/10/01,16:25:00,COLISIÓN POR CAMBIO DE CARRIL,ASFALTO,Bueno,Regular,2,YAMAHA,GRIS,2,MINISTERIO PÚBLICO,,,,2,0,Morelia,Lomas del Tecnologico,octubre,martes,16,-101.192800551653,19.7231538448009
25472,25477,2019,,2019/10/01,17:10:00,COLISIÓN POR CAMBIO DE CARRIL,ASFALTO,Bueno,Bueno,2,FORD,GRIS,2,,32,MASCULINO,SIN DATOS,0,0,Morelia,Americas Britania,octubre,martes,17,-101.150097437203,19.6918608838802
25473,25478,2019,MOR190749505,2019/10/01,18:30:00,COLISIÓN POR CAMBIO DE CARRIL,ASFALTO,Bueno,Bueno,2,NISSAN,BLANCO,2,,30,FEMENINO,SIN DATOS,0,0,Morelia,Ejidal Ocolusen,octubre,martes,19,-101.153481379151,19.687327186545
25474,25479,2019,LEG26787,2019/10/01,19:16:00,COLISIÓN POR CAMBIO DE CARRIL,ASFALTO,Bueno,Bueno,2,CHEVROLET,NEGRO,2,,,FEMENINO,SIN DATOS,0,0,Morelia,Hacienda La Trinidad,octubre,martes,19,-101.22814770788,19.6727359038408
25475,25480,2019,,2019/10/01,20:50:00,COLISIÓN POR ALCANCE,ASFALTO,Bueno,Bueno,2,PEUGEOT,ROJO,2,,33,MASCULINO,SIN DATOS,0,0,Morelia,Loma de Los Piñones,octubre,martes,21,-101.205085739493,19.6739930415656
25476,25481,2019,,2019/10/02,"00:30:00",VOLCADURA,ASFALTO,Nublado,Bueno,1,V W.,GRIS,0,MINISTERIO PÚBLICO,,,,0,0,Zamora,La Lima,octubre,miércoles,1,-102.263764031231,19.9671551811885
25477,25482,2019,,2019/10/02,"08:00:00",COLISIÓN POR ALCANCE,ASFALTO,Bueno,Regular,2,yoyota,blanco,3,MINISTERIO PÚBLICO,59,FEMENINO,SIN DATOS,1,0,Huandacareo,Sin datos,octubre,miércoles,8,-101.227903626859,19.9625325861005
25478,25483,2019,MOR190750333,2019/10/02,"08:00:00",COLISIÓN POR CORTE DE CIRCULACIÓN,ASFALTO,Bueno,Bueno,2,NISSAN,BLANCO,2,,42,MASCULINO,SIN DATOS,0,0,Morelia,Ciudad Jardin,octubre,miércoles,8,-101.255161911249,19.7060224156424
25479,25484,2019,,2019/10/02,"08:10:00",COLISIÓN POR CORTE DE CIRCULACIÓN,ASFALTO,Bueno,Bueno,2,NISSAN,BLANCO,2,,65,MASCULINO,SIN DATOS,0,0,Morelia,Isaac Arriaga,octubre,miércoles,8,-101.17331597954,19.7069043133731
25480,25485,2019,,2019/10/02,"08:30:00",COLISIÓN POR INVASIÓN DE CARRIL,ASFALTO,Bueno,Bueno,2,CHEVROLET,ARENA,2,,40,MASCULINO,SIN DATOS,0,0,Huiramba,Sin datos,octubre,miércoles,9,-101.445305049419,19.5084875619
25481,25486,2019,MOR190750418,2019/10/02,"08:40:00",CAIDA DE MOTOCICLETA,ASFALTO,Bueno,Bueno,1,YAMAHA,BLANCO,1,,30,MASCULINO,SIN DATOS,0,0,Morelia,El Lago 2,octubre,miércoles,9,-101.214599534869,19.7266702981855
25482,25487,2019,LEG26794,2019/10/02,"09:00:00",COLISIÓN POR INVASIÓN DE CARRIL,ASFALTO,Bueno,Bueno,2,VOLKSWAGEN,VERDE,3,MINISTERIO PÚBLICO,0,,SIN DATOS,1,0,Morelia,Sin datos,octubre,miércoles,9,-101.114946082234,19.7368064159656
25483,25488,2019,MOR1907504313,2019/10/02,"09:08:00",SALIDA DE SUPERFICIE DE RODAMIENTO,ASFALTO,Bueno,Bueno,1,NISSAN,BLANCO,1,,33,MASCULINO,SIN DATOS,0,0,Morelia,La Colina,octubre,miércoles,9,-101.21405573,19.7118730949991
25484,25489,2019,,2019/10/02,"09:40:00",COLISIÓN POR CORTE DE CIRCULACIÓN,CONCRETO,Bueno,Bueno,2,FORD,ROJO,2,,0,MASCULINO,SIN DATOS,0,0,Morelia,Felix Ireta,octubre,miércoles,10,-101.188582604864,19.6860148664875
25485,25490,2019,,2019/10/02,"09:40:00",COLISIÓN POR CORTE DE CIRCULACIÓN,ASFALTO,Bueno,Regular,2,TOYOTA,BLANCO Y ROSA,2,,25,MASCULINO,SIN DATOS,0,0,Morelia,Lomas del Tecnologico,octubre,miércoles,10,-101.192971737429,19.7218067072296
25486,25491,2019,,2019/10/02,11:20:00,COLISIÓN POR ALCANCE,ASFALTO,Bueno,Bueno,2,NISSAN,BLANCO,2,,,MASCULINO,SIN DATOS,0,0,Morelia,El Lago 1,octubre,miércoles,11,-101.220290847123,19.7276325595495
25487,25492,2019,,2019/10/02,12:50:00,CAIDA DE MOTOCICLETA,ASFALTO,Bueno,Bueno,1,HONDA,ROJO,1,,19,MASCULINO,SIN DATOS,0,0,Morelia,Nueva Chapultepec,octubre,miércoles,13,-101.170656534483,19.6877951794071
25488,25493,2019,,2019/10/02,14:05:00,COLISIÓN POR CORTE DE CIRCULACIÓN,ASFALTO,Nublado,Regular,2,NISSAN,AZUL,2,,48,MASCULINO,SIN DATOS,0,0,Peribán,Sin datos,octubre,miércoles,14,-102.445359639823,19.5531084320346
25489,25494,2019,MOR190751065,2019/10/02,14:29:00,COLISIÓN POR CORTE DE CIRCULACIÓN,ASFALTO,Bueno,Bueno,2,VOLKSWAGEN,ROJO,2,,20,MASCULINO,SIN DATOS,0,0,Morelia,Alberto Oviedo Mota,octubre,miércoles,14,-101.195869334042,19.6824931426808
25491,25496,2019,MOR190678459,2019/10/02,14:35:00,VOLCADURA,ASFALTO,Bueno,Bueno,1,JEEP,NEGRO,1,,55,MASCULINO,SIN DATOS,0,0,Tzitzio,Tzitzio,octubre,miércoles,15,-100.92870220542,19.5874687591555
25492,25497,2019,MOR190751282,2019/10/02,15:32:00,COLISIÓN POR ALCANCE,ASFALTO,Bueno,Bueno,2,KENWORTH,BLANCO,2,,56,MASCULINO,SIN DATOS,0,0,Morelia,Felix Ireta,octubre,miércoles,16,-101.180320903659,19.6879837945821
25493,25498,2019,MOR190750686,2019/10/02,15:40:00,COLISIÓN POR CAMBIO DE CARRIL,ASFALTO,Bueno,Bueno,2,CHEVROLET,BLANCO Y ROJO,2,,30,MASCULINO,SIN DATOS,0,0,Morelia,Los Manantiales de Morelia,octubre,miércoles,16,-101.242450587451,19.6976728695456
25494,25499,2019,,2019/10/02,16:15:00,COLISIÓN POR CAMBIO DE CARRIL,ASFALTO,Bueno,Bueno,2,TOYOTA,GRIS,2,,23,FEMENINO,SIN DATOS,0,0,Morelia,Vistas de Altozano,octubre,miércoles,16,-101.166430413723,19.6532284849919
25496,25501,2019,,2019/10/02,17:15:00,COLISIÓN POR CAMBIO DE CARRIL,ASFALTO,Nublado,Bueno,2,RENAULT,BLANCO,2,MINISTERIO PÚBLICO,,FEMENINO,SIN DATOS,0,0,Morelia,Jacarandas,octubre,miércoles,17,-101.1746605,19.7393815
25497,25502,2019,MOR190751612,2019/10/02,18:14:00,SALIDA DE SUPERFICIE DE RODAMIENTO,ASFALTO,Bueno,Bueno,1,MAZDA,GRIS,0,,,,,0,0,Morelia,Sin datos,octubre,miércoles,18,-101.277190223336,19.6274622766707
25498,25503,2019,,2019/10/02,18:40:00,COLISIÓN POR CORTE DE CIRCULACIÓN,ASFALTO,Bueno,Bueno,2,NISSAN,BLANCO,2,,33,MASCULINO,SIN DATOS,0,0,Morelia,Tres Puentes,octubre,miércoles,19,-101.215743161738,19.7037377918234
25499,25504,2019,,2019/10/02,22:30:00,COLISIÓN POR INVASIÓN DE CARRIL,ASFALTO,Bueno,Bueno,2,FORD,VERDE,2,,23,MASCULINO,SIN DATOS,0,0,Morelia,Centro,octubre,miércoles,23,-101.18754847,19.7028479949991
25500,25505,2019,,2019/10/03,"00:00:00",COLISIÓN CON PEATÓN,ASFALTO,Bueno,Bueno,1,DODGE,BLANCO,2,MINISTERIO PÚBLICO,47,MASCULINO,SIN DATOS,1,0,Tuxpan,Sin datos,octubre,jueves,0,-100.475495,19.541298
25501,25506,2019,MOR190753718,2019/10/03,"00:00:00",COLISIÓN CONTRA OBJETO FIJO,ASFALTO,Bueno,Bueno,3,JEEP,GRIS,3,,41,MASCULINO,ALIENTO ETÍLICO,0,0,Morelia,Eduardo Ruiz,octubre,jueves,0,-101.224042922258,19.7248104568298
25502,25507,2019,MOR190752725,2019/10/03,"08:08:00",COLISIÓN POR CORTE DE CIRCULACIÓN,ASFALTO,Bueno,Bueno,2,CHEVROLET,BLANCO Y ROJO,2,MINISTERIO PÚBLICO,,MASCULINO,SIN DATOS,0,0,Morelia,Sentimientos de La Nacion,octubre,jueves,8,-101.236870922148,19.6848036400221
25503,25508,2019,MOR190752537,2019/10/03,"08:30:00",COLISIÓN POR MANIOBRA DE REVERSA,ASFALTO,Bueno,Bueno,2,FORD,NEGRO,2,,40,FEMENINO,SIN DATOS,0,0,Morelia,Sentimientos de La Nacion,octubre,jueves,9,-101.235698796809,19.68218345332
25504,25509,2019,,2019/10/03,"08:40:00",COLISIÓN POR ALCANCE,ASFALTO,Bueno,Bueno,2,HONDA,GRIS,2,,42,FEMENINO,SIN DATOS,0,0,Morelia,Justo Mendoza,octubre,jueves,9,-101.230789998878,19.7149835215075
25505,25510,2019,MOR190754481,2019/10/03,11:50:00,SUBIDA AL CAMELLÓN,ASFALTO,Bueno,Bueno,1,VOLKSWAGEN,GRIS,1,,38,MASCULINO,ALIENTO ETÍLICO,0,0,Morelia,Torreon Nuevo,octubre,jueves,12,-101.203162260354,19.7455259669078
25506,25511,2019,MOR190752995,2019/10/03,13:15:00,COLISIÓN POR CAMBIO DE CARRIL,ASFALTO,Bueno,Bueno,2,FREIGHTLINER,AMARILLO,2,,,MASCULINO,SIN DATOS,0,0,Morelia,San Guillermo,octubre,jueves,13,-101.177868023515,19.7391868176317
25507,25512,2019,MOR190753438,2019/10/03,15:15:00,COLISIÓN POR CAMBIO DE CARRIL,ASFALTO,Bueno,Bueno,2,NISSAN,BLANCO Y ROJO,2,,55,MASCULINO,SIN DATOS,0,0,Morelia,Indeco Santiaguito,octubre,jueves,15,-101.178839318454,19.7202407665715
25508,25513,2019,"752725",2019/10/03,15:15:00,COLISIÓN POR CORTE DE CIRCULACIÓN,ASFALTO,Bueno,Bueno,3,JEEP,AZUL,3,,21,FEMENINO,SIN DATOS,0,0,Morelia,Sentimientos de La Nacion,octubre,jueves,15,-101.236871257424,19.6848033243396
25509,25514,2019,MOR190464879,2019/10/03,16:46:00,COLISIÓN POR CORTE DE CIRCULACIÓN,CONCRETO,Bueno,Bueno,2,NISSAN,GRIS,2,,,MASCULINO,SIN DATOS,0,0,Morelia,Villa Universidad,octubre,jueves,17,-101.199906058609,19.6861594908892
25510,25515,2019,MOR190753736,2019/10/03,18:15:00,COLISIÓN POR CORTE DE CIRCULACIÓN,ASFALTO,Bueno,Bueno,2,NISSAN,AZUL,2,,52,FEMENINO,SIN DATOS,0,0,Morelia,Del Empleado,octubre,jueves,18,-101.17857310921,19.6904593089409
25511,25516,2019,,2019/10/03,19:50:00,COLISIÓN POR NO RESPETAR SEMÁFORO,ASFALTO,Bueno,Bueno,2,NISSAN,BLANCO,2,MINISTERIO PÚBLICO,35,MASCULINO,SIN DATOS,0,0,Morelia,Chapultepec Oriente,octubre,jueves,20,-101.159144863486,19.6890779248779
25512,25517,2019,MOR190645531,2019/10/03,21:00:00,COLISIÓN POR ALCANCE,ASFALTO,Lluvioso,Regular,2,BMW,AZUL,2,,79,MASCULINO,SIN DATOS,0,0,Morelia,Valle de Altozano,octubre,jueves,21,-101.163894385099,19.6648512597186
25513,25518,2019,MOR190754358,2019/10/03,22:15:00,COLISIÓN POR ALCANCE,ASFALTO,Lluvioso,Regular,2,RENAULT,ROJO,2,,33,FEMENINO,SIN DATOS,0,0,Morelia,Virrey Antonio de Mendoza,octubre,jueves,22,-101.162374913692,19.7065343840651
25514,25519,2019,LEG26835,2019/10/03,23:25:00,COLISIÓN POR ALCANCE,ASFALTO,Bueno,Bueno,2,VOLKSWAGEN,GRIS,2,,55,MASCULINO,SIN DATOS,0,0,Morelia,Hermanos Lopez Rayon,octubre,jueves,23,-101.220248937607,19.6753019444479
25515,25520,2019,,2019/10/04,"00:00:00",COLISIÓN CON PEATÓN,ASFALTO,Bueno,Bueno,1,VOLKSWAGEN,GRIS,2,MINISTERIO PÚBLICO,21,,SIN DATOS,1,0,Tuxpan,Sin datos,octubre,viernes,0,-100.475240238011,19.5402848123724
25516,25521,2019,MOR190754943,2019/10/04,"00:00:00",COLISIÓN POR ALCANCE,SIN_DATOS,Bueno,Bueno,2,DINA,BLANCO Y ROJO,2,,44,MASCULINO,SIN DATOS,0,0,Tarímbaro,Cuto del Porvenir,octubre,viernes,0,-101.142554394901,19.868442890548
25517,25522,2019,,2019/10/04,"00:00:00",COLISIÓN POR ALCANCE,ASFALTO,Bueno,Bueno,2,NISSAN,BLANCO,2,,43,MASCULINO,SIN DATOS,0,0,Morelia,Centro,octubre,viernes,0,-101.179097145796,19.7043233126426
25518,25523,2019,MOR790754575,2019/10/04,"00:50:00",COLISIÓN POR ALCANCE,SIN_DATOS,Lluvioso,Bueno,1,FORD,AZUL,1,,65,MASCULINO,ALIENTO ETÍLICO,0,0,Morelia,Cumbres de Morelia,octubre,viernes,1,-101.14043712616,19.6911897709245
25519,25524,2019,MOR790754592,2019/10/04,"02:20:00",COLISIÓN CONTRA OBJETO FIJO,ASFALTO,Bueno,Bueno,1,FORD,BLANCO,1,,26,MASCULINO,SIN DATOS,0,0,Morelia,Felix Ireta,octubre,viernes,2,-101.195910405368,19.6821973435794
25520,25525,2019,LEG26838,2019/10/04,"04:00:00",COLISIÓN POR ALCANCE,ASFALTO,Bueno,Bueno,2,VOLKSWAGEN,GRIS,2,,29,MASCULINO,ALIENTO ETÍLICO,0,0,Morelia,Francisco J Mujica,octubre,viernes,4,-101.184685528278,19.7249733082188
25521,25526,2019,MOR190754662,2019/10/04,"05:35:00",COLISIÓN POR CORTE DE CIRCULACIÓN,ASFALTO,Bueno,Bueno,2,VOLKSWAGEN,BLANCO,2,,25,MASCULINO,SIN DATOS,0,0,Morelia,5 de Mayo,octubre,viernes,6,-101.175497956574,19.7028786032164
25522,25527,2019,,2019/10/04,"06:45:00",COLISIÓN POR ALCANCE,ASFALTO,Bueno,Bueno,2,CHRYSLER,BLANCO Y ROJO,2,,0,MASCULINO,SIN DATOS,0,0,Morelia,Centro,octubre,viernes,7,-101.18754847,19.7028479949991
25523,25528,2019,LEG26842,2019/10/04,"08:09:00",CAIDA DE MOTOCICLETA,CONCRETO,Bueno,Bueno,1,BAJAJ,VERDE,1,,27,MASCULINO,ALIENTO ETÍLICO,0,0,Morelia,Tierra Y Libertad,octubre,viernes,8,-101.229275241494,19.7173648782186
25524,25529,2019,,2019/10/04,"08:30:00",COLISIÓN POR ALCANCE,ASFALTO,Nublado,Regular,2,NISSAN,"BLANCO, AMARILLO",3,MINISTERIO PÚBLICO,35,MASCULINO,SIN DATOS,1,0,Zacapu,Centro,octubre,viernes,9,-101.790599226952,19.8101789102752
25525,25530,2019,,2019/10/04,"08:30:00",COLISIÓN POR CAMBIO DE CARRIL,ASFALTO,Bueno,Bueno,2,VOLKSWAGEN,AZUL,2,,40,MASCULINO,SIN DATOS,0,0,Morelia,La Colina,octubre,viernes,9,-101.214094186349,19.7057836087007
25526,25531,2019,LEG26923,2019/10/04,"08:40:00",COLISIÓN POR ALCANCE,ASFALTO,Bueno,Bueno,2,ISUZU,ROJO,2,,,MASCULINO,SIN DATOS,0,0,Morelia,Reforma,octubre,viernes,9,-101.239022425,19.7073076099991
25527,25532,2019,,2019/10/04,"09:05:00",COLISIÓN POR ALCANCE,CONCRETO,Bueno,Bueno,2,Dina,blanco y rojo,2,,44,,SIN DATOS,0,0,Tarímbaro,Cuto del Porvenir,octubre,viernes,9,-101.143310777843,19.8751372862255
25528,25533,2019,,2019/10/04,"09:17:00",SALIDA DE SUPERFICIE DE RODAMIENTO,ASFALTO,Bueno,Bueno,1,RENAULT,AZUL,1,,45,MASCULINO,SIN DATOS,0,0,Los Reyes,San Juan de Dios,octubre,viernes,9,-102.481677085161,19.6115315023989
25529,25534,2019,,2019/10/04,11:40:00,SALIDA DE SUPERFICIE DE RODAMIENTO,ASFALTO,Bueno,Bueno,1,KENWORTH,BLANCO,1,,30,MASCULINO,SIN DATOS,0,0,Morelia,Consuelo Alfaro de Vazquez,octubre,viernes,12,-101.137877963483,19.7285250683532
25530,25535,2019,,2019/10/04,11:50:00,COLISIÓN POR CORTE DE CIRCULACIÓN,ASFALTO,Bueno,Bueno,1,Kenworth,blanco,1,,,MASCULINO,SIN DATOS,0,0,Morelia,Consuelo Alfaro de Vazquez,octubre,viernes,12,-101.137323081493,19.7288327744406