fid,id_accidente,anio_origen,folio_c5i,dia_incidente,hora_ocurrencia,tipo_incidente_vial,superficie_ocurrencia,condiciones_climaticas,condiciones_via,numero_vehiculos_involucrados,marca_vehiculo_ocasiona_siniestro,color_vehiculo_ocasiona_siniestro,numero_personas_involucradas,lugar_remite_presunto_responsable,edad_presunto_responsable,sexo_presunto_responsable,resultados_toxicologia,numero_personas_lesionadas,numero_personas_fallecidas,municipio,colonia,mes,dia_semana,hora_redondeada,lon,lat
25531,25536,2019,,2019/10/04,13:00:00,COLISIÓN CON PEATÓN,ASFALTO,Bueno,Bueno,1,NISSAN,ROJO,1,MINISTERIO PÚBLICO,,,,1,0,Irimbo,Sin datos,octubre,viernes,13,-100.464440658689,19.7592069166585
25532,25537,2019,,2019/10/04,15:20:00,COLISIÓN POR ALCANCE,ASFALTO,Bueno,Bueno,2,NISSAN,GUINDA,2,,45,MASCULINO,SIN DATOS,0,0,Peribán,Sin datos,octubre,viernes,15,-102.454326935112,19.5598991316987
25533,25538,2019,,2019/10/04,16:50:00,COLISIÓN POR CORTE DE CIRCULACIÓN,CONCRETO,Bueno,Bueno,2,CHEVROLET,ARENA,2,MINISTERIO PÚBLICO,,,,2,0,Huaniqueo,Centro,octubre,viernes,17,-101.504434011877,19.8991441008286
25534,25539,2019,MOR190756073,2019/10/04,16:50:00,COLISIÓN POR ALCANCE,ASFALTO,Bueno,Bueno,1,HONDA,ROJO,1,,45,,SIN DATOS,0,0,Morelia,Jardines de Guadalupe,octubre,viernes,17,-101.221884079278,19.7103466350066
25535,25540,2019,LEG26935,2019/10/04,16:50:00,COLISIÓN CON PEATÓN,ASFALTO,Bueno,Bueno,2,HONDA,BLANCO,2,MINISTERIO PÚBLICO,20,MASCULINO,SIN DATOS,0,0,Morelia,Jardines de Guadalupe,octubre,viernes,17,-101.226241663098,19.7095016854202
25536,25541,2019,MOR190753670,2019/10/04,17:26:00,COLISIÓN POR CAMBIO DE CARRIL,ASFALTO,Bueno,Bueno,2,FREIGHTLINER,BLANCO,2,,0,MASCULINO,SIN DATOS,0,0,Morelia,Las Flores,octubre,viernes,17,-101.206150241196,19.7023710421653
25537,25542,2019,,2019/10/04,17:40:00,COLISIÓN POR ALCANCE,CONCRETO,Bueno,Bueno,2,Nissan,blanco,2,,,,SIN DATOS,0,0,Morelia,Centro,octubre,viernes,18,-101.178795062006,19.7044505171518
25538,25543,2019,LEG26921,2019/10/04,19:00:00,COLISIÓN POR ALCANCE,ASFALTO,Bueno,Bueno,2,CHRYSLER,BLANCO/ROJO,3,,,MASCULINO,SIN DATOS,1,0,Morelia,Isaac Arriaga,octubre,viernes,19,-101.173617057502,19.7069021039003
25539,25544,2019,,2019/10/04,20:00:00,COLISIÓN POR ALCANCE,ASFALTO,Bueno,Bueno,2,FORD,PLATA,2,,48,FEMENINO,SIN DATOS,0,0,Morelia,Quinceo,octubre,viernes,20,-101.224677139991,19.7335753309229
25540,25545,2019,,2019/10/04,20:15:00,COLISIÓN POR CAMBIO DE CARRIL,ASFALTO,Nublado,Malo,1,YAMAHA,ROJO,2,MINISTERIO PÚBLICO,,,SIN DATOS,0,1,Hidalgo,Sin datos,octubre,viernes,20,-100.591410733759,19.6996624444342
25541,25546,2019,MOR190756623,2019/10/04,21:13:00,COLISIÓN POR CAMBIO DE CARRIL,CONCRETO,Bueno,Bueno,2,VOLKSWAGEN,ROJO,2,,0,MASCULINO,SIN DATOS,0,0,Morelia,Centro,octubre,viernes,21,-101.190548501909,19.7018584291212
25542,25547,2019,LEG26874,2019/10/04,21:45:00,COLISIÓN POR ALCANCE,ASFALTO,Bueno,Bueno,2,NISSAN,BLANCON CON GUINDA,2,,,,SIN DATOS,0,0,Morelia,Elias Perez Avalos,octubre,viernes,22,-101.171428374946,19.7146931467323
25543,25548,2019,"190756834",2019/10/04,23:07:00,COLISIÓN POR CORTE DE CIRCULACIÓN,ASFALTO,Bueno,Bueno,2,SEAT,GRIS,2,,0,MASCULINO,ALIENTO ETÍLICO,0,0,Morelia,Centro,octubre,viernes,23,-101.198458001018,19.7030645191437
25544,25549,2019,,2019/10/05,"05:13:00",COLISIÓN CONTRA OBJETO FIJO,CONCRETO,Bueno,Bueno,1,MINI COOPER,NEGRO Y ROJO,0,,,,,0,0,Morelia,Infonavit  Las  Camelinas,octubre,sábado,5,-101.176476627588,19.6816998189922
25545,25550,2019,,2019/10/05,"05:25:00",COLISIÓN CONTRA OBJETO FIJO,ASFALTO,Bueno,Bueno,1,PEUGEOT,ROJO,1,,0,MASCULINO,ALIENTO ETÍLICO,0,0,Morelia,Jardines del Rincon,octubre,sábado,5,-101.15038510412,19.6906919586033
25546,25551,2019,MOR19757230,2019/10/05,"07:30:00",SUBIDA AL CAMELLÓN,ASFALTO,Bueno,Bueno,1,FORD,GRIS,1,,23,MASCULINO,ALIENTO ETÍLICO,0,0,Morelia,Comision Federal de Electricidad,octubre,sábado,8,-101.181308627129,19.6814216970235
25547,25552,2019,,2019/10/05,"07:50:00",COLISIÓN POR INVASIÓN DE CARRIL,ASFALTO,Bueno,Bueno,1,TOYOTA,BLANCO,1,MINISTERIO PÚBLICO,30,MASCULINO,SIN DATOS,0,0,Zamora,Centro,octubre,sábado,8,-102.28268,19.984936
25548,25553,2019,MOR190757390,2019/10/05,"08:52:00",COLISIÓN POR ALCANCE,ASFALTO,Bueno,Bueno,2,NISSAN,GRIS,2,,,MASCULINO,SIN DATOS,0,0,Morelia,Jardines del Toreo,octubre,sábado,9,-101.214214973152,19.6878995089895
25549,25554,2019,,2019/10/05,"09:50:00",COLISIÓN POR ALCANCE,CONCRETO,Bueno,Bueno,3,CHEVROLET,PLATA,3,,45,FEMENINO,SIN DATOS,0,0,Morelia,Comision Federal de Electricidad,octubre,sábado,10,-101.181308962405,19.6814232754697
25550,25555,2019,LEG26924,2019/10/05,12:10:00,COLISIÓN POR ALCANCE,ASFALTO,Bueno,Bueno,2,NISSAN,GRIS,2,,53,MASCULINO,SIN DATOS,0,0,Morelia,Infonavit Colonial Universidad,octubre,sábado,12,-101.207269392908,19.6866121752116
25551,25556,2019,MOR190757826,2019/10/05,12:25:00,COLISIÓN POR CORTE DE CIRCULACIÓN,ASFALTO,Bueno,Bueno,2,KENWORTH,BLANCO,2,,40,MASCULINO,SIN DATOS,0,0,Morelia,La Esperanza,octubre,sábado,12,-101.253493241966,19.6978723647641
25554,25559,2019,,2019/10/05,15:45:00,COLISIÓN POR ALCANCE,CONCRETO,Bueno,Bueno,3,CHEVROLET,BLANCO,3,,33,MASCULINO,ALIENTO ETÍLICO,0,0,Morelia,Nueva Chapultepec,octubre,sábado,16,-101.17081558,19.6897813199992
25555,25560,2019,,2019/10/05,15:45:00,COLISIÓN POR CORTE DE CIRCULACIÓN,ASFALTO,Bueno,Bueno,2,CHEVROLET,ROJO,2,,25,MASCULINO,SIN DATOS,0,0,Morelia,Nueva Valladolid,octubre,sábado,16,-101.2082862854,19.7016677770529
25556,25561,2019,MOR190540359,2019/10/05,16:30:00,COLISIÓN POR CAMBIO DE CARRIL,CONCRETO,Bueno,Bueno,2,DODGE,GRIS,2,MINISTERIO PÚBLICO,,FEMENINO,SIN DATOS,0,0,Morelia,Loma Bonita,octubre,sábado,17,-101.196562349796,19.7229755268032
25557,25562,2019,MOR190756321,2019/10/05,17:25:00,COLISIÓN POR CAMBIO DE CARRIL,ASFALTO,Bueno,Bueno,2,TOYOTA,BLANCO/ROJO,2,,28,MASCULINO,SIN DATOS,0,0,Morelia,Ferrocarrilero,octubre,sábado,17,-101.212774626911,19.7018559039298
25558,25563,2019,,2019/10/05,17:30:00,COLISIÓN POR ALCANCE,ASFALTO,Bueno,Bueno,2,HONDA,BLANCO,2,MINISTERIO PÚBLICO,,MASCULINO,SIN DATOS,0,0,Tarímbaro,Puebla,octubre,sábado,18,-101.197,19.7499
25559,25564,2019,LEG26919,2019/10/05,18:20:00,COLISIÓN POR CORTE DE CIRCULACIÓN,ASFALTO,Bueno,Bueno,2,KENWORTH,AMARILLO,2,,0,MASCULINO,SIN DATOS,0,0,Morelia,La Huerta,octubre,sábado,18,-101.217123828828,19.675532090521
25560,25565,2019,,2019/10/05,19:30:00,COLISIÓN POR INVASIÓN DE CARRIL,ASFALTO,Bueno,Bueno,2,FORD,GRIS,2,,40,MASCULINO,SIN DATOS,0,0,Peribán,Sin datos,octubre,sábado,20,-102.446432523429,19.4499203453593
25561,25566,2019,,2019/10/05,22:45:00,COLISIÓN CON PEATÓN,ASFALTO,Bueno,Bueno,1,MAZDA,GRIS,1,,0,FEMENINO,ALIENTO ETÍLICO,0,0,Morelia,Los Manantiales de Morelia,octubre,sábado,23,-101.241552047431,19.6955910968518
25562,25567,2019,MOR190759449,2019/10/06,"00:15:00",COLISIÓN POR CORTE DE CIRCULACIÓN,ASFALTO,Bueno,Bueno,1,NISSAN,VERDE,1,,63,MASCULINO,SIN DATOS,0,0,Morelia,Sin datos,octubre,domingo,0,-101.118640489876,19.6882458056915
25563,25568,2019,,2019/10/06,"00:30:00",COLISIÓN CONTRA OBJETO FIJO,ASFALTO,Bueno,Bueno,1,PLIMOUTH,VERDE Y NEGRO,0,MINISTERIO PÚBLICO,,,,0,0,Zacapu,Zacapu,octubre,domingo,1,-101.769239455462,19.8511807601915
25564,25569,2019,MOR190759547,2019/10/06,"01:10:00",COLISIÓN POR ALCANCE,ASFALTO,Bueno,Bueno,2,CHEVROLET,NEGRO,2,MINISTERIO PÚBLICO,0,,SIN DATOS,0,0,Morelia,Pascual Ortiz de Ayala,octubre,domingo,1,-101.150843426585,19.6948284573493
25565,25570,2019,"190759597",2019/10/06,"01:58:00",COLISIÓN POR ALCANCE,ASFALTO,Bueno,Bueno,1,CHEVROLET,ROJO-NEGRO,1,,0,,SIN DATOS,0,0,Morelia,Lomas de Santa Maria,octubre,domingo,2,-101.18688762188,19.6756157512201
25566,25571,2019,"190767321",2019/10/06,"02:45:00",COLISIÓN CON PEATÓN,ASFALTO,Bueno,Bueno,2,NISSAN,NEGRO,2,,38,MASCULINO,ALIENTO ETÍLICO,0,0,Morelia,Tenencia Morelos,octubre,domingo,3,-101.239021383226,19.6498957645131
25567,25572,2019,,2019/10/06,"03:50:00",COLISIÓN POR CORTE DE CIRCULACIÓN,ASFALTO,Bueno,Bueno,2,CHRYSLER,BLANCO,2,,53,MASCULINO,ALIENTO ETÍLICO,0,0,Morelia,Lomas de Huerta,octubre,domingo,4,-101.214277334511,19.6743257930948
25568,25573,2019,,2019/10/06,"05:16:00",COLISIÓN CONTRA OBJETO FIJO,ASFALTO,Bueno,Bueno,1,HUMMER,NEGRO,1,,0,,SIN DATOS,0,0,Morelia,Montaña Monarca,octubre,domingo,5,-101.165347471833,19.6715737845809
25569,25574,2019,MOR190761298,2019/10/06,"09:05:00",COLISIÓN CON PEATÓN,ASFALTO,Bueno,Bueno,1,ITALIKA,BLANCO,1,,16,MASCULINO,SIN DATOS,0,0,Morelia,Sin datos,octubre,domingo,9,-101.125931739807,19.7307198724646
25570,25575,2019,MOR190760169,2019/10/06,11:37:00,COLISIÓN CON PEATÓN,ASFALTO,Bueno,Bueno,1,VOLKSWAGEN,GRIS,2,,37,MASCULINO,SIN DATOS,1,0,Morelia,Guadalupe,octubre,domingo,12,-101.229361742735,19.705800835706
25571,25576,2019,,2019/10/06,12:44:00,COLISIÓN POR CORTE DE CIRCULACIÓN,ASFALTO,Bueno,Bueno,1,YAMAHA,NEGRO Y  ROJO,0,,,,,0,0,Morelia,Industrial,octubre,domingo,13,-101.197597514838,19.7069961642888
25572,25577,2019,"196727287",2019/10/06,13:47:00,COLISIÓN POR ALCANCE,ASFALTO,Bueno,Bueno,2,MERCEDES BENZ,BLANCO,2,,28,MASCULINO,SIN DATOS,0,0,Morelia,Centro,octubre,domingo,14,-101.182373128831,19.7061287865284
25573,25578,2019,MOR190760606,2019/10/06,14:30:00,COLISIÓN POR ALCANCE,ASFALTO,Nublado,Bueno,2,CHEVROLET,AZUL,2,,,MASCULINO,SIN DATOS,0,0,Morelia,Los Manantiales de Morelia,octubre,domingo,15,-101.240232735872,19.692738440321
25574,25579,2019,MOR190170430,2019/10/06,15:40:00,COLISIÓN POR MANIOBRA DE REVERSA,ASFALTO,Bueno,Bueno,2,CHEVROLET,BLANCO,2,,42,FEMENINO,SIN DATOS,0,0,Tarímbaro,Sin datos,octubre,domingo,16,-101.125717163086,19.7707421668849
25575,25580,2019,"23818",2019/10/06,16:30:00,COLISIÓN POR ALCANCE,CONCRETO,Bueno,Bueno,2,CHEVROLET,GRIS/BLANCO,2,,,MASCULINO,SIN DATOS,0,0,Morelia,Chapultepec Sur,octubre,domingo,17,-101.170999221504,19.691707468843
25576,25581,2019,"190761006",2019/10/06,16:45:00,COLISIÓN POR CAMBIO DE CARRIL,ASFALTO,Bueno,Bueno,1,TOYOTA,BLANCO,1,,38,FEMENINO,SIN DATOS,0,0,Morelia,Las Americas,octubre,domingo,17,-101.158956103027,19.687959803182
25577,25582,2019,MOR140771437,2019/10/06,19:30:00,COLISIÓN POR ALCANCE,ASFALTO,Bueno,Bueno,2,VOLKSWAGEN,BLANCO,2,,26,MASCULINO,SIN DATOS,0,0,Morelia,Elias Perez Avalos,octubre,domingo,20,-101.165461800992,19.7104271211931
25578,25583,2019,MOR190761735,2019/10/06,21:20:00,COLISIÓN POR CAMBIO DE CARRIL,ASFALTO,Bueno,Bueno,2,CHRYSLER,CAFE,2,MINISTERIO PÚBLICO,0,MASCULINO,SIN DATOS,0,0,Morelia,Ventura Puente,octubre,domingo,21,-101.185366809368,19.6896515037568
25579,25584,2019,MUR140761738,2019/10/07,"02:05:00",CAIDA DE MOTOCICLETA,ASFALTO,Bueno,Bueno,1,SUZUKI,ROJO,0,,,,,0,0,Morelia,Nueva Jacarndas,octubre,lunes,2,-101.192005947232,19.6822500634166
25580,25585,2019,LEG26858,2019/10/07,"05:06:00",SALIDA DE SUPERFICIE DE RODAMIENTO,ASFALTO,Bueno,Bueno,1,NISSAN,BLANCO,1,,,MASCULINO,SIN DATOS,0,0,Morelia,El Realito,octubre,lunes,5,-101.20426196605,19.7256540631003
25581,25586,2019,,2019/10/07,"06:00:00",COLISIÓN POR CORTE DE CIRCULACIÓN,ASFALTO,Bueno,Bueno,2,NISSAN,AZUL,2,MINISTERIO PÚBLICO,52,FEMENINO,SIN DATOS,0,0,Morelia,Felix Ireta,octubre,lunes,6,-101.190865002573,19.6850568172372
25582,25587,2019,,2019/10/07,"06:30:00",COLISIÓN POR CORTE DE CIRCULACIÓN,ASFALTO,Bueno,Bueno,2,FORD,VERDE,2,,0,,SIN DATOS,0,0,Morelia,Carlos Salazar,octubre,lunes,7,-101.210413947701,19.7114791192702
25583,25588,2019,MOR190762251,2019/10/07,"07:20:00",COLISIÓN POR CORTE DE CIRCULACIÓN,ASFALTO,Bueno,Bueno,2,HYUNDAI,NEGRO,2,,52,MASCULINO,SIN DATOS,0,0,Morelia,Isaac Arriaga,octubre,lunes,7,-101.170412320644,19.7081674955684
25584,25589,2019,MOR190762295,2019/10/07,"07:50:00",COLISIÓN POR ALCANCE,ASFALTO,Bueno,Bueno,3,NISSAN,GRIS,3,,0,MASCULINO,SIN DATOS,0,0,Morelia,Primo Tapia Oriente,octubre,lunes,8,-101.161850877106,19.7120475677965
25585,25590,2019,MOR190762601,2019/10/07,"08:30:00",COLISIÓN POR ALCANCE,ASFALTO,Bueno,Bueno,2,TOYOTA,BLANCO Y GRIS,4,MINISTERIO PÚBLICO,,MASCULINO,SIN DATOS,2,0,Morelia,Ana Maria Gallaga (Riviera Norte),octubre,lunes,9,-101.222761161625,19.6768012028466
25586,25591,2019,LEG26894,2019/10/07,"08:59:00",COLISIÓN POR CORTE DE CIRCULACIÓN,ASFALTO,Bueno,Bueno,2,NISSAN,ROJO,2,,25,MASCULINO,SIN DATOS,0,0,Morelia,Jardines de Guadalupe,octubre,lunes,9,-101.225513108075,19.7107882038213
25587,25592,2019,MOR190762423,2019/10/07,"09:40:00",COLISIÓN POR ALCANCE,ASFALTO,Bueno,Bueno,2,RAM,BLANCO Y AZUL,2,,23,MASCULINO,SIN DATOS,0,0,Morelia,Ventura Puente,octubre,lunes,10,-101.189133301377,19.695951897304
25588,25593,2019,MOR190772509,2019/10/07,10:06:00,COLISIÓN POR ALCANCE,ASFALTO,Bueno,Bueno,2,FORD,ARENA,2,,42,MASCULINO,SIN DATOS,0,0,Morelia,Ignaci0 Ramirez,octubre,lunes,10,-101.223808564246,19.7251778190304
25589,25594,2019,MOR1907467,2019/10/07,12:35:00,COLISIÓN POR CAMBIO DE CARRIL,ASFALTO,Bueno,Bueno,2,VOLKSWAGEN,GRIS,2,,27,MASCULINO,SIN DATOS,0,0,Morelia,Irrigacion,octubre,lunes,13,-101.225070543587,19.7046891437002
25590,25595,2019,,2019/10/07,12:40:00,COLISIÓN POR CORTE DE CIRCULACIÓN,ASFALTO,Bueno,Bueno,2,VOLKSWAGEN,BLANCO,3,MINISTERIO PÚBLICO,72,MASCULINO,SIN DATOS,1,0,Pátzcuaro,Centro,octubre,lunes,13,-101.610027551651,19.5294755552973
25591,25596,2019,,2019/10/07,13:00:00,COLISIÓN POR ALCANCE,ASFALTO,Bueno,Bueno,2,DODGE,AZUL,5,MINISTERIO PÚBLICO,19,MASCULINO,SIN DATOS,2,1,Erongarícuaro,Sin datos,octubre,lunes,13,-101.710655651987,19.5672269154425
25592,25597,2019,MOR190762867,2019/10/07,13:50:00,COLISIÓN POR CORTE DE CIRCULACIÓN,ASFALTO,Bueno,Bueno,2,CHEVROLET,BLANCO,2,,78,FEMENINO,SIN DATOS,0,0,Morelia,Felix Ireta,octubre,lunes,14,-101.192102506757,19.6823734972189
25593,25598,2019,,2019/10/07,17:50:00,COLISIÓN POR CORTE DE CIRCULACIÓN,ASFALTO,Bueno,Bueno,2,TOYOTA,NEGRO,2,,21,MASCULINO,SIN DATOS,0,0,Coalcomán de Vázquez Pallares,Sin datos,octubre,lunes,18,-103.243753351271,18.7307574748218
25594,25599,2019,,2019/10/07,18:40:00,COLISIÓN POR ALCANCE,ASFALTO,Bueno,Bueno,2,VOLKSWAGEN,ROJO,2,,56,MASCULINO,SIN DATOS,0,0,Morelia,La Huerta,octubre,lunes,19,-101.217148303986,19.6755466127587
25595,25600,2019,MOR190763837,2019/10/07,20:00:00,COLISIÓN POR MANIOBRA DE REVERSA,ASFALTO,Bueno,Bueno,2,DODGE,BLANCO,2,,,FEMENINO,SIN DATOS,0,0,Morelia,Felix Ireta,octubre,lunes,20,-101.190823428333,19.6870948476716
25596,25601,2019,MOR190764056,2019/10/07,21:00:00,COLISIÓN POR ALCANCE,ASFALTO,Bueno,Bueno,2,MERCEDES BENZ,BLANCO Y ROSA,2,,26,MASCULINO,SIN DATOS,0,0,Morelia,Ventura Puente,octubre,lunes,21,-101.19528695941,19.6955724728344
25597,25602,2019,MOR190764393,2019/10/08,"00:40:00",SALIDA DE SUPERFICIE DE RODAMIENTO,ASFALTO,Bueno,Bueno,1,FREIGHTLINER,BLANCO,1,,39,MASCULINO,SIN DATOS,0,0,Morelia,Fracc Rio Florido,octubre,martes,1,-101.279244124889,19.6837233706496
25598,25603,2019,MOR190764548,2019/10/08,"07:30:00",COLISIÓN POR ALCANCE,ASFALTO,Bueno,Bueno,3,FORD,ROJO,3,,18,FEMENINO,SIN DATOS,0,0,Morelia,Loma de Los Piñones,octubre,martes,8,-101.205085739493,19.6739933572695
25599,25604,2019,,2019/10/08,"08:50:00",COLISIÓN POR CORTE DE CIRCULACIÓN,ADOQUIN_EMPEDRADO,Bueno,Regular,1,DODGE,BLANCO,1,MINISTERIO PÚBLICO,29,MASCULINO,SIN DATOS,0,0,Acuitzio,Centro,octubre,martes,9,-101.330301985145,19.4961689298613
25600,25605,2019,,2019/10/08,11:35:00,COLISIÓN POR CAMBIO DE CARRIL,ASFALTO,Bueno,Bueno,2,FORD,BLANCO Y GRIS,2,,50,MASCULINO,SIN DATOS,0,0,Morelia,Poblado de Ocolusen,octubre,martes,12,-101.149481870234,19.6946810427548
25601,25606,2019,,2019/10/08,13:30:00,COLISIÓN POR CORTE DE CIRCULACIÓN,ASFALTO,Bueno,Bueno,2,MAZDA,BLANCO Y ROJO,2,,31,MASCULINO,SIN DATOS,0,0,Morelia,Santillan La Huerta,octubre,martes,14,-101.220124550164,19.6752943676168
25602,25607,2019,,2019/10/08,13:40:00,COLISIÓN POR CAMBIO DE CARRIL,ASFALTO,Bueno,Bueno,2,NISSAN,BLANCO,2,MINISTERIO PÚBLICO,38,MASCULINO,SIN DATOS,0,0,Tacámbaro,Sin datos,octubre,martes,14,-101.455790139735,19.2143694773218
25603,25608,2019,LEG26912,2019/10/08,13:50:00,COLISIÓN POR ALCANCE,ASFALTO,Bueno,Bueno,3,VOLKSWAGEN,ROJO,3,,37,MASCULINO,SIN DATOS,0,0,Morelia,Tzindurio de Morelos,octubre,martes,14,-101.250172331929,19.6984998892413
25604,25609,2019,,2019/10/08,14:10:00,COLISIÓN POR CORTE DE CIRCULACIÓN,ASFALTO,Bueno,Regular,2,INTERNATIONAL,BLANCO,2,,45,MASCULINO,SIN DATOS,0,0,Morelia,Tzindurio de Morelos,octubre,martes,14,-101.245802342892,19.699543758763
25605,25610,2019,MOR190675188,2019/10/08,14:20:00,COLISIÓN POR CORTE DE CIRCULACIÓN,ASFALTO,Bueno,Bueno,2,RENAULT,BLANCO,2,,,MASCULINO,SIN DATOS,0,0,Morelia,Industrial,octubre,martes,14,-101.197658367455,19.7107686346788
25606,25611,2019,MOR190765902,2019/10/08,15:20:00,COLISIÓN POR CAMBIO DE CARRIL,ASFALTO,Bueno,Bueno,2,VOLKSWAGEN,BLANCO,2,,,MASCULINO,SIN DATOS,0,0,Morelia,San Rafael,octubre,martes,15,-101.154730953276,19.700488506893
25607,25612,2019,MOR190765447,2019/10/08,15:25:00,COLISIÓN POR CAMBIO DE CARRIL,ASFALTO,Bueno,Bueno,2,KENWORTH,ROJO,2,,,MASCULINO,SIN DATOS,0,0,Morelia,Sentimientos de La Nacion,octubre,martes,15,-101.234326176345,19.6789403604719
25608,25613,2019,,2019/10/08,16:30:00,COLISIÓN POR CAMBIO DE CARRIL,ASFALTO,Bueno,Bueno,2,KTM,NARANJA,2,,,MASCULINO,SIN DATOS,0,0,Morelia,Chapultepec Oriente,octubre,martes,17,-101.160697191954,19.6901622618656
25609,25614,2019,LEG26911,2019/10/08,17:20:00,COLISIÓN POR INVASIÓN DE CARRIL,ASFALTO,Bueno,Bueno,2,NISSAN,BLANCO,2,,,MASCULINO,SIN DATOS,0,0,Álvaro Obregón,Sin datos,octubre,martes,17,-101.029762476683,19.8353984359149
25610,25615,2019,,2019/10/08,17:40:00,COLISIÓN POR CORTE DE CIRCULACIÓN,ASFALTO,Bueno,Regular,2,NISSAN,NEGRO,2,,37,MASCULINO,SIN DATOS,0,0,Morelia,Tenencia Morelos,octubre,martes,18,-101.246771626174,19.6498806084494
25611,25616,2019,,2019/10/08,18:10:00,COLISIÓN POR ALCANCE,ASFALTO,Bueno,Bueno,3,FORD,AZUL,3,,31,MASCULINO,SIN DATOS,0,0,Cuitzeo,Los Granados,octubre,martes,18,-101.140198744833,19.9746697208903
25612,25617,2019,MOR190765914,2019/10/08,19:40:00,COLISIÓN POR ALCANCE,ASFALTO,Bueno,Bueno,2,MITSUBISHI,GRIS,2,,,MASCULINO,SIN DATOS,0,0,Morelia,Vasco de Quiroga,octubre,martes,20,-101.167186349094,19.6999097056325
25613,25618,2019,,2019/10/08,20:00:00,COLISIÓN POR NO RESPETAR SEMÁFORO,ASFALTO,Bueno,Bueno,2,NISSAN,PLATA,2,,35,FEMENINO,SIN DATOS,0,0,Morelia,Chapultepec Oriente,octubre,martes,20,-101.159444600344,19.6899728585542
25614,25619,2019,MOR190766237,2019/10/08,21:18:00,COLISIÓN POR CORTE DE CIRCULACIÓN,ASFALTO,Bueno,Bueno,2,VOLKSWAGEN,GRIS,2,,,MASCULINO,SIN DATOS,0,0,Morelia,Elias Perez Avalos,octubre,martes,21,-101.171284826558,19.7145874768873
25615,25620,2019,,2019/10/08,23:30:00,CAIDA DE MOTOCICLETA,CONCRETO,Bueno,Bueno,1,Bajaj,Negro,2,MINISTERIO PÚBLICO,20,MASCULINO,SIN DATOS,0,1,Purépero,Centro,octubre,martes,0,-102.007102444768,19.9074657439331
25616,25621,2019,,2019/10/09,"04:40:00",COLISIÓN CONTRA OBJETO FIJO,ASFALTO,Bueno,Bueno,1,NISSAN,ARENA,0,MINISTERIO PÚBLICO,,,,0,0,Morelia,Lomas del Tecnologico,octubre,miércoles,5,-101.188394017518,19.7211784490095
25617,25622,2019,MOR190766755,2019/10/09,10:15:00,COLISIÓN POR ALCANCE,ASFALTO,Bueno,Bueno,3,CHEVROLET,AZUL,3,,46,MASCULINO,SIN DATOS,0,0,Morelia,Country Club  Las Huertas,octubre,miércoles,10,-101.229234383098,19.6632240100227
25618,25623,2019,LEG26938,2019/10/09,11:45:00,COLISIÓN POR CORTE DE CIRCULACIÓN,ASFALTO,Bueno,Bueno,2,FORD,BLANCO,2,MINISTERIO PÚBLICO,,MASCULINO,SIN DATOS,0,0,Morelia,Praderas del Indio,octubre,miércoles,12,-101.223494028547,19.6450845894654
25619,25624,2019,,2019/10/09,12:00:00,COLISIÓN CONTRA OBJETO FIJO,TERRACERIA,Bueno,Bueno,1,VOLKSWAGEN,GRIS,0,MINISTERIO PÚBLICO,,,,0,0,Nuevo Parangaricutiro,Sin datos,octubre,miércoles,12,-102.108596898615,19.4008459740944
25620,25625,2019,,2019/10/09,13:10:00,COLISIÓN POR INVASIÓN DE CARRIL,ASFALTO,Bueno,Bueno,2,TOYOTA,AZUL,0,MINISTERIO PÚBLICO,,,,0,0,Gabriel Zamora,Sin datos,octubre,miércoles,13,-102.060809321702,19.1901377232593
25621,25626,2019,LEG26941,2019/10/09,13:20:00,COLISIÓN POR CAMBIO DE CARRIL,ASFALTO,Bueno,Bueno,2,DODGE,PLATA,2,,,MASCULINO,SIN DATOS,0,0,Morelia,Camelinas,octubre,miércoles,13,-101.17262119,19.6818144849991
25622,25627,2019,,2019/10/09,13:50:00,COLISIÓN POR MANIOBRA DE REVERSA,ASFALTO,Bueno,Bueno,2,NISSAN,NEGRO,2,,52,MASCULINO,SIN DATOS,0,0,Morelia,Juarez,octubre,miércoles,14,-101.197780834577,19.6952286274879
25624,25629,2019,,2019/10/09,15:10:00,VOLCADURA,ASFALTO,Nublado,Regular,1,FREYGHTLINER,BLANCO,1,,43,MASCULINO,SIN DATOS,0,0,Morelia,La Luz,octubre,miércoles,15,-101.294999905396,19.6875346244188
25625,25630,2019,,2019/10/09,15:10:00,COLISIÓN CON PEATÓN,ASFALTO,Bueno,Bueno,2,HONDA,GRIS,2,,32,MASCULINO,SIN DATOS,0,0,Morelia,Lomas de San Juan,octubre,miércoles,15,-101.183039681886,19.7298664251429
25626,25631,2019,,2019/10/09,17:00:00,COLISIÓN CON PEATÓN,ASFALTO,Bueno,Bueno,1,KURAZAI,AZUL,2,,38,FEMENINO,SIN DATOS,1,0,Morelia,Lomas de San Juan,octubre,miércoles,17,-101.183039681886,19.7298664251429
25627,25632,2019,LEG26939,2019/10/09,18:30:00,COLISIÓN POR ALCANCE,ASFALTO,Bueno,Bueno,2,FORD,GRIS,2,,,MASCULINO,SIN DATOS,0,0,Morelia,Ventura Puente,octubre,miércoles,19,-101.193225725,19.6917077449992
25628,25633,2019,MOR19086752,2019/10/10,"00:00:00",COLISIÓN POR CORTE DE CIRCULACIÓN,SIN_DATOS,Bueno,Bueno,2,FORD,ROJO,2,,71,FEMENINO,SIN DATOS,0,0,Morelia,Heroes de Mexico,octubre,jueves,0,-101.241610465,19.7202915699992