fid,id_accidente,anio_origen,folio_c5i,dia_incidente,hora_ocurrencia,tipo_incidente_vial,superficie_ocurrencia,condiciones_climaticas,condiciones_via,numero_vehiculos_involucrados,marca_vehiculo_ocasiona_siniestro,color_vehiculo_ocasiona_siniestro,numero_personas_involucradas,lugar_remite_presunto_responsable,edad_presunto_responsable,sexo_presunto_responsable,resultados_toxicologia,numero_personas_lesionadas,numero_personas_fallecidas,municipio,colonia,mes,dia_semana,hora_redondeada,lon,lat
25631,25636,2019,,2019/10/10,16:25:00,COLISIÓN POR CORTE DE CIRCULACIÓN,ASFALTO,Nublado,Regular,2,TOYOTA,BLANCO Y NARANJA,2,,28,MASCULINO,SIN DATOS,0,0,Morelia,Camelinas,octubre,jueves,16,-101.17262119,19.6818144849991
25632,25637,2019,MOR190770110,2019/10/10,16:30:00,COLISIÓN POR ALCANCE,CONCRETO,Bueno,Bueno,2,CHRYSLER,VERDE,3,MINISTERIO PÚBLICO,,MASCULINO,SIN DATOS,1,0,Morelia,Carmen Serdan,octubre,jueves,17,-101.219556395,19.7139125899991
25633,25638,2019,LEG26948,2019/10/10,17:40:00,COLISIÓN POR CORTE DE CIRCULACIÓN,CONCRETO,Bueno,Bueno,2,TOYOTA,BLANCO,2,,,MASCULINO,SIN DATOS,0,0,Morelia,El Lago 2,octubre,jueves,18,-101.21308714929,19.7249514326746
25634,25639,2019,,2019/10/10,20:00:00,COLISIÓN POR ALCANCE,ASFALTO,Bueno,Bueno,2,VOLKSWAGEN,BLANCO,2,,43,MASCULINO,SIN DATOS,0,0,Huandacareo,Sin datos,octubre,jueves,20,-101.252400912344,19.9769586427349
25635,25640,2019,,2019/10/10,21:00:00,COLISIÓN POR CORTE DE CIRCULACIÓN,ASFALTO,Bueno,Bueno,2,FORD,BLANCO,3,MINISTERIO PÚBLICO,45,MASCULINO,CON CERTIFICADO,1,0,Puruándiro,La Loma,octubre,jueves,21,-101.519359499216,20.0962490451941
25636,25641,2019,LEG26950,2019/10/11,"04:10:00",COLISIÓN POR CORTE DE CIRCULACIÓN,CONCRETO,Bueno,Bueno,2,MINI,NEGRO,2,,24,FEMENINO,ALIENTO ETÍLICO,0,0,Morelia,Chapultepec Norte,octubre,viernes,4,-101.174699355,19.6965978599991
25637,25642,2019,LEG26952,2019/10/11,"06:40:00",COLISIÓN CON PEATÓN,ASFALTO,Bueno,Bueno,1,FORD,BLANCO Y AZUL,1,,,MASCULINO,SIN DATOS,0,0,Morelia,Lomas de Morelia (Dr Ignacio Chavez),octubre,viernes,7,-101.175452644618,19.7162004988672
25638,25643,2019,,2019/10/11,"07:20:00",COLISIÓN CONTRA OBJETO FIJO,ASFALTO,Bueno,Bueno,1,FORD,ROJO/BLANCO,0,MINISTERIO PÚBLICO,,,,0,0,Múgica,El Carriel,octubre,viernes,7,-102.099125683308,19.0102676400325
25640,25645,2019,LEG26953,2019/10/11,"07:50:00",COLISIÓN POR CORTE DE CIRCULACIÓN,ASFALTO,Bueno,Bueno,2,FORD,BLANCO,2,,40,MASCULINO,SIN DATOS,0,0,Morelia,Las Margaritas,octubre,viernes,8,-101.2081665,19.708992
25641,25646,2019,,2019/10/11,"08:20:00",VOLCADURA,ASFALTO,Bueno,Bueno,1,TOYOTA,ORO,0,,,,,0,0,Peribán,Sin datos,octubre,viernes,8,-102.445629201829,19.5534022571892
25643,25648,2019,MOR190771384,2019/10/11,"08:30:00",COLISIÓN POR CORTE DE CIRCULACIÓN,ASFALTO,Bueno,Regular,1,HONDA,BLANCO,1,MINISTERIO PÚBLICO,,,,1,0,Morelia,Prados Verdes,octubre,viernes,9,-101.204211615,19.7179058599992
25645,25650,2019,MOR 190 771598,2019/10/11,10:40:00,COLISIÓN POR ALCANCE,ASFALTO,Bueno,Bueno,2,CHEVROLET,ROJO,2,,52,MASCULINO,SIN DATOS,0,0,Morelia,Villas del Real,octubre,viernes,11,-101.20228235,19.7342552749991
25646,25651,2019,,2019/10/11,11:15:00,VOLCADURA,ASFALTO,Bueno,Bueno,1,FREIGHTLINER,BLANCO,4,,0,MASCULINO,SIN DATOS,3,0,Morelia,El Lago 2,octubre,viernes,11,-101.21308714929,19.7249514326746
25647,25652,2019,,2019/10/11,12:15:00,COLISIÓN POR ALCANCE,ASFALTO,Bueno,Bueno,2,NISSAN,BLANCO,2,,22,MASCULINO,SIN DATOS,0,0,Morelia,Tierra Y Libertad,octubre,viernes,12,-101.230055093765,19.7160146573017
25648,25653,2019,MOR 190772607,2019/10/11,16:30:00,COLISIÓN POR CORTE DE CIRCULACIÓN,ASFALTO,Bueno,Bueno,2,RAM,PLATA,2,MINISTERIO PÚBLICO,29,MASCULINO,ALIENTO ETÍLICO,0,0,Morelia,Lomas de San Juan,octubre,viernes,17,-101.183039681886,19.7298664251429
25649,25654,2019,MOR190772799,2019/10/11,18:13:00,COLISIÓN CONTRA OBJETO FIJO,ASFALTO,Bueno,Bueno,2,DODGE,SIN DATOS,2,,28,MASCULINO,SIN DATOS,0,0,Morelia,Insurgentes,octubre,viernes,18,-101.155416805,19.6953315299991
25657,25662,2019,MOR190774087,2019/10/12,11:00:00,COLISIÓN POR CAMBIO DE CARRIL,ASFALTO,Bueno,Bueno,2,CHEVROLET,GRIS,2,,0,MASCULINO,SIN DATOS,0,0,Morelia,Xangari,octubre,sábado,11,-101.219623120327,19.6720670459846
25659,25664,2019,,2019/10/12,14:30:00,COLISIÓN POR CORTE DE CIRCULACIÓN,ASFALTO,Bueno,Bueno,1,FORD,ROJO,1,,25,MASCULINO,SIN DATOS,0,0,Morelia,Santiaguito,octubre,sábado,15,-101.191834108722,19.7181820570845
25660,25665,2019,MOR190774530,2019/10/12,14:40:00,COLISIÓN POR CORTE DE CIRCULACIÓN,ASFALTO,Bueno,Bueno,2,HONDA,ROJO,1,MINISTERIO PÚBLICO,,,,1,0,Morelia,Santa Maria de Guido,octubre,sábado,15,-101.192589716623,19.6781013218638
25661,25666,2019,LEG26980,2019/10/12,15:50:00,COLISIÓN CONTRA OBJETO FIJO,CONCRETO,Bueno,Bueno,1,FREIGHTLINER,BLANCO,1,MINISTERIO PÚBLICO,21,MASCULINO,SIN DATOS,0,0,Morelia,Loma Larga,octubre,sábado,16,-101.20236903,19.6564358099991
25662,25667,2019,,2019/10/12,16:00:00,CAIDA DE MOTOCICLETA,ASFALTO,Bueno,Bueno,1,VENTO,NEGRO/ROJO,1,MINISTERIO PÚBLICO,,,SIN DATOS,0,0,Tuzantla,Sin datos,octubre,sábado,16,-100.561431348324,19.2276391966297
25663,25668,2019,LEG26985,2019/10/12,16:50:00,COLISIÓN POR CORTE DE CIRCULACIÓN,CONCRETO,Bueno,Bueno,2,CHEVROLET,AZUL,2,,25,MASCULINO,SIN DATOS,0,0,Morelia,Ventura Puente,octubre,sábado,17,-101.193205035,19.6924290599991
25665,25670,2019,,2019/10/12,21:00:00,COLISIÓN POR INVASIÓN DE CARRIL,ASFALTO,Bueno,Bueno,2,GMC,VERDE,0,,,,,0,0,Uruapan,Sin datos,octubre,sábado,21,-102.061392702162,19.3615947932626
25666,25671,2019,LEG26986,2019/10/12,21:00:00,COLISIÓN POR ALCANCE,ASFALTO,Bueno,Bueno,2,FORD,NEGRO,2,,17,MASCULINO,SIN DATOS,0,0,Morelia,Felix Ireta,octubre,sábado,21,-101.19191005826,19.6824019090781
25667,25672,2019,,2019/10/13,"00:00:00",COLISIÓN CON PEATÓN,ASFALTO,Nublado,Regular,1,VENTO,NEGRO Y ROJO,2,MINISTERIO PÚBLICO,27,MASCULINO,SIN DATOS,0,1,Tuxpan,Sin datos,octubre,domingo,0,-100.475019626319,19.5414263950135
25668,25673,2019,,2019/10/13,"01:30:00",COLISIÓN CONTRA OBJETO FIJO,ASFALTO,Bueno,Bueno,1,CHEVROLET,BLANCO,1,MINISTERIO PÚBLICO,26,MASCULINO,CON CERTIFICADO,0,0,Zacapu,Sin datos,octubre,domingo,2,-101.770802512765,19.861515496811
25669,25674,2019,,2019/10/13,"02:00:00",COLISIÓN POR ALCANCE,ASFALTO,Bueno,Bueno,2,FORD,ROJO,2,,0,,SIN DATOS,0,0,Morelia,Niño Artillero,octubre,domingo,2,-101.254207380116,19.6969234976269
25670,25675,2019,,2019/10/13,"02:00:00",COLISIÓN CONTRA OBJETO FIJO,CONCRETO,Bueno,Bueno,1,SUZUKI,GRIS,1,,20,MASCULINO,ALIENTO ETÍLICO,0,0,Morelia,Rinconada del Valle,octubre,domingo,2,-101.222,19.6779
25671,25676,2019,,2019/10/13,"04:50:00",COLISIÓN POR ALCANCE,CONCRETO,Bueno,Bueno,2,PLYMOUTH,AZUL,2,,,MASCULINO,SIN DATOS,0,0,Morelia,Obrera,octubre,domingo,5,-101.182860991234,19.7107343876966
25672,25677,2019,,2019/10/13,"07:30:00",COLISIÓN CONTRA OBJETO FIJO,CONCRETO,Bueno,Bueno,1,Chevrolet,Rojo,1,MINISTERIO PÚBLICO,,,SIN DATOS,0,0,Morelia,Balcones de Santa Maria,octubre,domingo,8,-101.184250675142,19.6755093600593
25673,25678,2019,,2019/10/13,12:55:00,COLISIÓN POR INVASIÓN DE CARRIL,ASFALTO,Nublado,Regular,2,HYUNDAI,BLANCO Y ROJO,2,,35,MASCULINO,SIN DATOS,0,0,Tacámbaro,Sin datos,octubre,domingo,13,-101.3850716874,19.311779975513
25674,25679,2019,,2019/10/13,14:09:00,CAIDA DE MOTOCICLETA,ASFALTO,Bueno,Bueno,1,ITALIKA,NEGRA,1,,24,MASCULINO,SIN DATOS,0,0,Morelia,Praderas del Indio,octubre,domingo,14,-101.223494028547,19.6450845894654
25675,25680,2019,LEG26990,2019/10/13,17:27:00,COLISIÓN CONTRA OBJETO FIJO,CONCRETO,Bueno,Bueno,2,VOLKSWAGEN,ROJO,2,,,MASCULINO,ALIENTO ETÍLICO,0,0,Morelia,Torreon Nuevo,octubre,domingo,17,-101.205260009554,19.7486841224081
25676,25681,2019,LEG26988,2019/10/13,17:45:00,COLISIÓN CONTRA OBJETO FIJO,ASFALTO,Bueno,Bueno,2,INTERNATIONAL,BLANCO,2,,,MASCULINO,SIN DATOS,0,0,Morelia,Gertrudis Bocanegra,octubre,domingo,18,-101.209872129455,19.7038111996348
25677,25682,2019,MOR-190160759,2019/10/13,19:45:00,VOLCADURA,ASFALTO,Lluvioso,Bueno,1,NISSAN,S/D,1,,,,SIN DATOS,0,0,Tzitzio,Tzitzio,octubre,domingo,20,-100.922709,19.584913
25678,25683,2019,LEG26989,2019/10/13,21:02:00,COLISIÓN POR CORTE DE CIRCULACIÓN,ASFALTO,Bueno,Bueno,2,NISSAN,NEGRO,2,,,MASCULINO,SIN DATOS,0,0,Morelia,Villas del Pedregal,octubre,domingo,21,-101.302209,19.685042
25680,25685,2019,,2019/10/13,22:16:00,COLISIÓN CONTRA OBJETO FIJO,ASFALTO,Lluvioso,Regular,1,NISSAN,BLANCO Y ROJO,1,MINISTERIO PÚBLICO,,,,0,1,Morelia,Santillan La Huerta,octubre,domingo,22,-101.219553885717,19.6760966650679
25683,25688,2019,LEG27019,2019/10/14,"07:20:00",COLISIÓN CONTRA OBJETO FIJO,ASFALTO,Nublado,Regular,1,AUDI,ROJO,1,,34,MASCULINO,SIN DATOS,0,0,Morelia,La Quemada,octubre,lunes,7,-101.240717209876,19.7057995731413
25684,25689,2019,,2019/10/14,"08:20:00",VOLCADURA,ASFALTO,Bueno,Bueno,1,FORD,GRIS,1,,,FEMENINO,SIN DATOS,0,0,Morelia,La Aldea,octubre,lunes,8,-101.135663645255,19.7450724546328
25685,25690,2019,,2019/10/14,10:20:00,COLISIÓN POR CAMBIO DE CARRIL,CONCRETO,Bueno,Bueno,2,FORD,BLANCO,2,,21,MASCULINO,SIN DATOS,0,0,Morelia,Ejidal Ocolusen,octubre,lunes,10,-101.157357255,19.6836125749992
25687,25692,2019,,2019/10/14,11:18:00,COLISIÓN POR INVASIÓN DE CARRIL,ASFALTO,Bueno,Bueno,2,NISSAN,BLANCO,2,,38,MASCULINO,SIN DATOS,0,0,Morelia,El Eden,octubre,lunes,11,-101.250772476196,19.6464676159095
25688,25693,2019,LEG27005,2019/10/14,11:18:00,COLISIÓN CON PEATÓN,CONCRETO,Bueno,Bueno,1,NISSAN,ARENA,2,MINISTERIO PÚBLICO,35,FEMENINO,SIN DATOS,1,0,Morelia,Torreon Nuevo,octubre,lunes,11,-101.20358663,19.7462449699991
25689,25694,2019,,2019/10/14,12:10:00,COLISIÓN CON PEATÓN,ASFALTO,Bueno,Bueno,1,YAMAHA,BLANCO Y ROJO,2,,32,MASCULINO,SIN DATOS,1,0,Morelia,Centro,octubre,lunes,12,-101.194753669183,19.6962580231882
25691,25696,2019,,2019/10/14,14:35:00,COLISIÓN POR ALCANCE,ASFALTO,Bueno,Bueno,2,GMC,AZUL,2,,19,MASCULINO,SIN DATOS,0,0,Peribán,Sin datos,octubre,lunes,15,-102.446418441832,19.55425813838
25692,25697,2019,LEG27018,2019/10/14,14:50:00,COLISIÓN POR MANIOBRA DE REVERSA,ASFALTO,Bueno,Bueno,2,NISSAN,ROJO,2,,,MASCULINO,SIN DATOS,0,0,Morelia,Colinas del Sur,octubre,lunes,15,-101.198607198894,19.6670433016891
25693,25698,2019,LEG27020,2019/10/14,14:50:00,COLISIÓN POR CORTE DE CIRCULACIÓN,CONCRETO,Bueno,Bueno,2,HONDA,ROJO,2,MINISTERIO PÚBLICO,23,MASCULINO,SIN DATOS,0,0,Morelia,Nueva Valladolid,octubre,lunes,15,-101.211483945359,19.6992598320994
25694,25699,2019,,2019/10/14,15:40:00,COLISIÓN POR CAMBIO DE CARRIL,CONCRETO,Bueno,Bueno,2,INTERNATIONAL,BLANCON Y  CAFE,2,MINISTERIO PÚBLICO,,MASCULINO,SIN DATOS,0,0,Morelia,Alberto Oviedo Mota,octubre,lunes,16,-101.196140686849,19.6817272495021
25696,25701,2019,,2019/10/14,18:10:00,COLISIÓN POR CORTE DE CIRCULACIÓN,CONCRETO,Bueno,Bueno,2,NISSAN,PLATA,2,,38,FEMENINO,SIN DATOS,0,0,Morelia,Jose Ma Pino Suarez,octubre,lunes,18,-101.163732815,19.7239767749991
25697,25702,2019,,2019/10/14,18:50:00,COLISIÓN POR CORTE DE CIRCULACIÓN,ASFALTO,Bueno,Bueno,2,CHEVROLET,BLANCO,2,MINISTERIO PÚBLICO,62,MASCULINO,SIN DATOS,0,0,Morelia,San Jose del Cerrito,octubre,lunes,19,-101.222508805174,19.6597366652037
25698,25703,2019,,2019/10/14,19:30:00,COLISIÓN POR CAMBIO DE CARRIL,CONCRETO,Bueno,Bueno,2,VOLKSWAGEN,CAFE,2,,,FEMENINO,SIN DATOS,0,0,Morelia,Bonanza,octubre,lunes,20,-101.202173461392,19.657362292034
25700,25705,2019,LEG27015,2019/10/14,23:20:00,SALIDA DE SUPERFICIE DE RODAMIENTO,ASFALTO,Bueno,Bueno,1,HONDA,NEGRO,1,,32,MASCULINO,ALIENTO ETÍLICO,0,0,Morelia,Ciudad Industrial,octubre,lunes,23,-101.14554366932,19.7284851395985
25702,25707,2019,,2019/10/15,"08:38:00",COLISIÓN POR CORTE DE CIRCULACIÓN,ASFALTO,Bueno,Bueno,2,MERCEDES BENZ,GRIS,2,,41,FEMENINO,SIN DATOS,0,0,Morelia,Lomas de Vista Bella,octubre,martes,9,-101.196624040604,19.671356261186
25703,25708,2019,,2019/10/15,"09:00:00",COLISIÓN CONTRA OBJETO FIJO,ASFALTO,Bueno,Bueno,1,TOYOTA,PLATA,0,,,,,0,0,Los Reyes,Carlos Galvez Betancourt,octubre,martes,9,-102.459063380957,19.5742078241956
25704,25709,2019,MOR 190781036,2019/10/15,11:06:00,CAIDA DE MOTOCICLETA,ASFALTO,Nublado,Bueno,1,ITALIKA,ROJO,2,,28,MASCULINO,SIN DATOS,1,0,Morelia,Vistas de Altozano,octubre,martes,11,-101.167,19.6551
25705,25710,2019,,2019/10/15,14:00:00,COLISIÓN POR CORTE DE CIRCULACIÓN,ASFALTO,Bueno,Bueno,2,MAZDA,GRIS,2,,46,FEMENINO,SIN DATOS,0,0,Morelia,Felix Ireta,octubre,martes,14,-101.180825829506,19.6853816537512
25706,25711,2019,LEG27027,2019/10/15,14:18:00,COLISIÓN CON PEATÓN,CONCRETO,Bueno,Bueno,1,DODGE,BLANCO,2,,,MASCULINO,SIN DATOS,1,0,Morelia,Indeco Expropiacion Petrolera,octubre,martes,14,-101.225692816079,19.6848964506686
25707,25712,2019,LEG27028,2019/10/15,15:08:00,COLISIÓN POR CORTE DE CIRCULACIÓN,ASFALTO,Bueno,Bueno,2,FORD,ROJO,2,,,MASCULINO,SIN DATOS,0,0,Morelia,Sentimientos de La Nacion,octubre,martes,15,-101.236873269081,19.6848001675139
25708,25713,2019,,2019/10/15,15:20:00,COLISIÓN POR CORTE DE CIRCULACIÓN,ASFALTO,Bueno,Bueno,2,ITALIKA,AZUL,2,,49,MASCULINO,SIN DATOS,0,0,Tarímbaro,Campestre Tarimbaro,octubre,martes,15,-101.12798396498,19.7718155378618
25709,25714,2019,,2019/10/15,17:35:00,COLISIÓN POR INVASIÓN DE CARRIL,ASFALTO,Nublado,Regular,2,DODGE,BLANCO/VERDE,2,,19,MASCULINO,SIN DATOS,0,0,Madero,Sin datos,octubre,martes,18,-101.296905130148,19.4228787079404
25710,25715,2019,MOR 190782160,2019/10/15,19:05:00,COLISIÓN POR CAMBIO DE CARRIL,ASFALTO,Bueno,Bueno,2,NISSAN,BLANCO,2,,41,MASCULINO,SIN DATOS,0,0,Morelia,Sentimientos de La Nacion,octubre,martes,19,-101.235520094633,19.6817806352739
25711,25716,2019,LEG27029,2019/10/15,21:11:00,COLISIÓN POR CORTE DE CIRCULACIÓN,ASFALTO,Bueno,Bueno,2,INTERNATIONAL,BLANCO Y NARANJA,2,,,MASCULINO,SIN DATOS,0,0,Morelia,Tzindurio de Morelos,octubre,martes,21,-101.243681721389,19.6999591582269
25712,25717,2019,LEG27040,2019/10/16,"08:30:00",COLISIÓN POR INVASIÓN DE CARRIL,ASFALTO,Bueno,Bueno,2,KIA,ROJO,2,,38,MASCULINO,ALIENTO ETÍLICO,0,0,Morelia,La Hacienda,octubre,miércoles,9,-101.317806243896,19.6780706208157
25713,25718,2019,,2019/10/16,"09:25:00",COLISIÓN POR ALCANCE,ASFALTO,Bueno,Bueno,2,VOLKSWAGEN,ROJO,2,,,FEMENINO,SIN DATOS,0,0,Morelia,Centro,octubre,miércoles,9,-101.18754847,19.7028479949991
25715,25720,2019,,2019/10/16,12:18:00,VOLCADURA,ASFALTO,Bueno,Bueno,1,CHEVROLET,BEIGE,1,,,MASCULINO,SIN DATOS,0,0,Morelia,Centro,octubre,miércoles,12,-101.18754847,19.7028479949991
25716,25721,2019,,2019/10/16,12:40:00,COLISIÓN CONTRA OBJETO FIJO,ASFALTO,Bueno,Bueno,1,DODGE,BLANCO,1,,21,MASCULINO,SIN DATOS,0,0,Morelia,Centro,octubre,miércoles,13,-101.1904631,19.7026851599992
25720,25725,2019,,2019/10/16,19:20:00,COLISIÓN POR CORTE DE CIRCULACIÓN,ASFALTO,Bueno,Bueno,2,YAMAHA,BLANCO,2,,22,MASCULINO,SIN DATOS,0,0,Morelia,Arboledas,octubre,miércoles,19,-101.192758,19.744639
25721,25726,2019,LEG27043,2019/10/16,19:40:00,VOLCADURA,CONCRETO,Bueno,Bueno,1,VOLKSWAGEN,ROJO,1,MINISTERIO PÚBLICO,,,SIN DATOS,0,0,Tzitzio,Tzitzio,octubre,miércoles,20,-100.922709,19.584913
25722,25727,2019,MOR190784713,2019/10/16,20:05:00,COLISIÓN POR NO RESPETAR SEMÁFORO,ASFALTO,Lluvioso,Bueno,2,TOYOTA,BLANCO Y GRIS,2,,,MASCULINO,SIN DATOS,0,0,Morelia,Camelinas,octubre,miércoles,20,-101.17262119,19.6818144849991
25723,25728,2019,,2019/10/16,20:05:00,COLISIÓN POR CAMBIO DE CARRIL,ASFALTO,Bueno,Bueno,2,VOLKSWAGEN,VERDE,2,,35,MASCULINO,SIN DATOS,0,0,Morelia,Praderas del Indio,octubre,miércoles,20,-101.223494028547,19.6450845894654
25724,25729,2019,LEG27042,2019/10/16,21:00:00,CAIDA DE MOTOCICLETA,CONCRETO,Bueno,Regular,1,ITALIKA,ROJO,2,MINISTERIO PÚBLICO,,,,2,0,Morelia,Gral Gertrudis Sanchez,octubre,miércoles,21,-101.2094753,19.7439916449991
25725,25730,2019,,2019/10/16,21:40:00,COLISIÓN POR CORTE DE CIRCULACIÓN,ASFALTO,Bueno,Bueno,2,FORD,BLANCO Y ROJO,2,,39,MASCULINO,SIN DATOS,0,0,Morelia,Camelinas,octubre,miércoles,22,-101.17262119,19.6818144849991
25726,25731,2019,,2019/10/16,23:10:00,COLISIÓN CONTRA OBJETO FIJO,CONCRETO,Bueno,Bueno,1,CHEVROLET,BLANCO,1,,22,FEMENINO,SIN DATOS,0,0,Morelia,Vista Bella,octubre,miércoles,23,-101.19864169,19.6798916999991
25727,25732,2019,LEG27046,2019/10/16,23:12:00,COLISIÓN POR CORTE DE CIRCULACIÓN,ASFALTO,Lluvioso,Bueno,2,PEUGIOT,AZUL,2,,,MASCULINO,SIN DATOS,0,0,Morelia,Gertrudis Bocanegra,octubre,miércoles,23,-101.21080654,19.7043690749991
25728,25733,2019,,2019/10/17,"05:44:00",VOLCADURA,ASFALTO,Lluvioso,Malo,1,NISSAN,BLANCO,1,,,MASCULINO,ALIENTO ETÍLICO,0,0,Morelia,Vista Bella,octubre,jueves,6,-101.192218177021,19.6822244927192
25729,25734,2019,,2019/10/17,"07:45:00",COLISIÓN POR ALCANCE,ASFALTO,Nublado,Bueno,2,FORD,VERDE,2,,,MASCULINO,SIN DATOS,0,0,Morelia,Lomas de San Juan,octubre,jueves,8,-101.183039681886,19.7298664251429
25730,25735,2019,LEG27055,2019/10/17,"08:07:00",COLISIÓN POR ALCANCE,ASFALTO,Lluvioso,Bueno,2,KENWORTH,BLANCO,2,,,MASCULINO,SIN DATOS,0,0,Morelia,La Soledad,octubre,jueves,8,-101.185166715661,19.7274533823308
25731,25736,2019,MOR 190 7689010,2019/10/17,"08:10:00",COLISIÓN CONTRA OBJETO FIJO,CONCRETO,Lluvioso,Bueno,1,NISSAN,BLANCA,1,,,MASCULINO,SIN DATOS,0,0,Morelia,Bosques Tres Marias,octubre,jueves,8,-101.102,19.7232
25732,25737,2019,LEG27063,2019/10/17,"08:40:00",COLISIÓN POR ALCANCE,ASFALTO,Bueno,Bueno,4,VOLKSWAGEN,AZUL,4,MINISTERIO PÚBLICO,28,MASCULINO,SIN DATOS,0,0,Morelia,Praderas del Indio,octubre,jueves,9,-101.223494028547,19.6450845894654
25733,25738,2019,LEG27065,2019/10/17,"08:54:00",COLISIÓN POR ALCANCE,ASFALTO,Bueno,Bueno,3,INTERNATIONAL,BLANCO Y VERDE,3,MINISTERIO PÚBLICO,,MASCULINO,SIN DATOS,0,0,Morelia,Los Angeles,octubre,jueves,9,-101.172693695,19.7488773499992
25734,25739,2019,,2019/10/17,10:00:00,COLISIÓN POR INVASIÓN DE CARRIL,ASFALTO,Bueno,Bueno,2,NISSAN,BLANCO,2,MINISTERIO PÚBLICO,,MASCULINO,SIN DATOS,0,0,Lázaro Cárdenas,Centro,octubre,jueves,10,-102.194373607636,17.9568223267699
25735,25740,2019,LEG27072,2019/10/17,10:30:00,COLISIÓN CONTRA OBJETO FIJO,ASFALTO,Lluvioso,Bueno,3,FORD,GRIS,3,,,MASCULINO,SIN DATOS,0,0,Morelia,La Soledad,octubre,jueves,11,-101.183411478996,19.7280737650197
25736,25741,2019,LEG27079,2019/10/17,11:00:00,COLISIÓN POR ALCANCE,ASFALTO,Bueno,Bueno,2,HONDA,BLANCO,2,,22,FEMENINO,SIN DATOS,0,0,Morelia,Nueva Chapultepec,octubre,jueves,11,-101.173078604043,19.6895154486335
25737,25742,2019,,2019/10/17,11:10:00,COLISIÓN POR CORTE DE CIRCULACIÓN,SIN_DATOS,Bueno,Regular,4,NISSAN,GRIS,4,MINISTERIO PÚBLICO,26,MASCULINO,SIN DATOS,0,0,Morelia,Chapultepec Sur,octubre,jueves,11,-101.16997927,19.6916553849992
25738,25743,2019,LEG27066,2019/10/17,12:00:00,COLISIÓN POR ALCANCE,ASFALTO,Bueno,Bueno,2,VOLKSWAGEN,BLANCO,2,,,MASCULINO,SIN DATOS,0,0,Morelia,Los Angeles,octubre,jueves,12,-101.167963479351,19.7444751194994
25739,25744,2019,,2019/10/17,12:50:00,COLISIÓN CONTRA OBJETO FIJO,ASFALTO,Lluvioso,Regular,1,VOLKSWAGEN,BLANCO,1,,32,MASCULINO,SIN DATOS,0,0,Morelia,Cundagua,octubre,jueves,13,-101.168410515522,19.6807547216546
25740,25745,2019,MOR190876098,2019/10/17,13:00:00,COLISIÓN POR CORTE DE CIRCULACIÓN,CONCRETO,Nublado,Regular,2,NISSAN,BLANCO Y NARANJA,2,,49,MASCULINO,SIN DATOS,0,0,Morelia,Ventura Puente,octubre,jueves,13,-101.183777265251,19.6945702449724
25741,25746,2019,,2019/10/17,14:50:00,COLISIÓN POR CORTE DE CIRCULACIÓN,ASFALTO,Lluvioso,Regular,3,S/D,S/D,2,,28,MASCULINO,SIN DATOS,0,0,Morelia,Lomas de San Juan,octubre,jueves,15,-101.183039681886,19.7298664251429
25742,25747,2019,LEG27054,2019/10/17,15:26:00,COLISIÓN POR ALCANCE,CONCRETO,Lluvioso,Bueno,2,DODGE,BLANCO,2,,,MASCULINO,ALIENTO ETÍLICO,0,0,Morelia,Elias Perez Avalos,octubre,jueves,15,-101.167813022979,19.7136335493406
25743,25748,2019,LEG27074,2019/10/17,15:30:00,COLISIÓN POR ALCANCE,ASFALTO,Lluvioso,Bueno,2,CHEVROLET,ROJO,2,,,FEMENINO,SIN DATOS,0,0,Morelia,Jardines de Torremolinos,octubre,jueves,16,-101.226522289217,19.6767405887551
25745,25750,2019,MOMR190564987,2019/10/17,15:50:00,COLISIÓN POR CORTE DE CIRCULACIÓN,CONCRETO,Nublado,Bueno,2,FORD,GRIS,2,,49,MASCULINO,SIN DATOS,0,0,Morelia,La Huerta,octubre,jueves,16,-101.217129528522,19.6755368260334
25748,25753,2019,,2019/10/17,17:40:00,COLISIÓN POR CAMBIO DE CARRIL,CONCRETO,Lluvioso,Bueno,2,NISSAN,BLANCO,2,,,FEMENINO,SIN DATOS,0,0,Morelia,Xangari,octubre,jueves,18,-101.21809779,19.6714067749991
25750,25755,2019,,2019/10/17,18:25:00,COLISIÓN POR ALCANCE,ASFALTO,Lluvioso,Regular,2,NISSAN,BLANCO,2,,47,MASCULINO,SIN DATOS,0,0,Morelia,Camelinas,octubre,jueves,18,-101.17262119,19.6818144849991
25751,25756,2019,,2019/10/17,19:10:00,COLISIÓN CONTRA OBJETO FIJO,ASFALTO,Lluvioso,Regular,1,RAM,VERDE,1,,47,MASCULINO,SIN DATOS,0,0,Morelia,Ana Maria Gallaga (Riviera Norte),octubre,jueves,19,-101.22460476,19.6777109999991
25752,25757,2019,,2019/10/17,19:45:00,COLISIÓN CONTRA OBJETO FIJO,ASFALTO,Lluvioso,Regular,1,NISSAN,BLANCO,1,,35,MASCULINO,SIN DATOS,0,0,Morelia,Bosques Tres Marias,octubre,jueves,20,-101.102,19.7232
25754,25759,2019,MOR190874329,2019/10/17,20:06:00,COLISIÓN CONTRA OBJETO FIJO,ASFALTO,Lluvioso,Malo,2,FIAT,BLANCO,1,,,,SIN DATOS,0,0,Morelia,Pascual Ortiz de Ayala,octubre,jueves,20,-101.149821521984,19.69504229591
25755,25760,2019,MOR190651093,2019/10/17,21:47:00,COLISIÓN POR CORTE DE CIRCULACIÓN,CONCRETO,Nublado,Malo,2,NISSAN,ROJO,1,,84,MASCULINO,SIN DATOS,0,0,Morelia,Chapultepec Sur,octubre,jueves,22,-101.165772601962,19.6889778561453