fid,id_accidente,anio_origen,folio_c5i,dia_incidente,hora_ocurrencia,tipo_incidente_vial,superficie_ocurrencia,condiciones_climaticas,condiciones_via,numero_vehiculos_involucrados,marca_vehiculo_ocasiona_siniestro,color_vehiculo_ocasiona_siniestro,numero_personas_involucradas,lugar_remite_presunto_responsable,edad_presunto_responsable,sexo_presunto_responsable,resultados_toxicologia,numero_personas_lesionadas,numero_personas_fallecidas,municipio,colonia,mes,dia_semana,hora_redondeada,lon,lat
25758,25763,2019,LEG27083,2019/10/18,"07:45:00",COLISIÓN POR CAMBIO DE CARRIL,ASFALTO,Bueno,Bueno,2,MAZDA,BLANCO,2,,45,MASCULINO,SIN DATOS,0,0,Morelia,Gertrudis Sanchez,octubre,viernes,8,-101.20030913,19.7417750149991
25759,25764,2019,MOR190787205,2019/10/18,"09:15:00",COLISIÓN POR CORTE DE CIRCULACIÓN,ASFALTO,Bueno,Bueno,2,VOLKSWAGEN,PLATA,2,,,FEMENINO,SIN DATOS,0,0,Morelia,Ventura Puente,octubre,viernes,9,-101.18344534,19.6930470199991
25760,25765,2019,LEG27092,2019/10/18,14:20:00,COLISIÓN POR CORTE DE CIRCULACIÓN,ASFALTO,Bueno,Bueno,2,JEEP,VERDE,1,MINISTERIO PÚBLICO,,,,1,0,Morelia,Ciudad Industrial,octubre,viernes,14,-101.141089573503,19.726620748985
25761,25766,2019,,2019/10/18,15:08:00,SALIDA DE SUPERFICIE DE RODAMIENTO,ASFALTO,Lluvioso,Bueno,1,FORD,AZUL,0,,,,,0,0,Los Reyes,Los Manantiales,octubre,viernes,15,-102.452886253595,19.5788982386906
25762,25767,2019,,2019/10/18,15:30:00,COLISIÓN POR CORTE DE CIRCULACIÓN,ASFALTO,Lluvioso,Regular,2,NISSAN,BLANCO Y ROJO,2,,36,MASCULINO,SIN DATOS,0,0,Morelia,Lomas del Tecnologico,octubre,viernes,16,-101.192971737429,19.7218067072296
25763,25768,2019,,2019/10/18,16:40:00,COLISIÓN POR ALCANCE,ASFALTO,Bueno,Bueno,2,DODGE,BLANCO,2,,,MASCULINO,SIN DATOS,0,0,Morelia,Ciudad Industrial,octubre,viernes,17,-101.14554366932,19.7284851395985
25764,25769,2019,,2019/10/18,17:30:00,COLISIÓN POR CAMBIO DE CARRIL,ASFALTO,Lluvioso,Bueno,2,CHEVROLET,PLATA,2,,0,MASCULINO,SIN DATOS,0,0,Morelia,Felix Ireta,octubre,viernes,18,-101.188582604864,19.6860148664875
25765,25770,2019,,2019/10/18,19:53:00,COLISIÓN POR CORTE DE CIRCULACIÓN,ASFALTO,Lluvioso,Bueno,2,CHEVROLET,BLANCO/ROJO,3,,48,MASCULINO,SIN DATOS,1,0,Peribán,Sin datos,octubre,viernes,20,-102.445174902678,19.5529040178748
25766,25771,2019,LEG27094,2019/10/18,20:20:00,COLISIÓN POR CORTE DE CIRCULACIÓN,ASFALTO,Nublado,Regular,2,NISSAN,BLANCO,2,,27,MASCULINO,SIN DATOS,0,0,Morelia,San Rafael,octubre,viernes,20,-101.152968146101,19.7007687948401
25767,25772,2019,,2019/10/18,22:00:00,COLISIÓN POR INVASIÓN DE CARRIL,ASFALTO,Lluvioso,Regular,1,MAZDA,GRIS,0,MINISTERIO PÚBLICO,,,,0,0,Morelia,Nueva Valladolid,octubre,viernes,22,-101.2082862854,19.7016677770529
25768,25773,2019,"190028485",2019/10/18,23:30:00,COLISIÓN POR INVASIÓN DE CARRIL,ASFALTO,Bueno,Bueno,2,FORD,ROJO,2,MINISTERIO PÚBLICO,0,MASCULINO,SIN DATOS,0,0,Tarímbaro,Cumbres del Campreste,octubre,viernes,0,-101.12761080265,19.7717316119965
25769,25774,2019,,2019/10/19,"00:20:00",COLISIÓN CONTRA OBJETO FIJO,ASFALTO,Bueno,Bueno,2,VOLKSWAGEN,GRIS,2,,,MASCULINO,ALIENTO ETÍLICO,0,0,Morelia,Tlalpujahua,octubre,sábado,0,-101.218199729919,19.6760870916255
25770,25775,2019,,2019/10/19,"01:50:00",COLISIÓN POR CAMBIO DE CARRIL,SIN_DATOS,Bueno,Bueno,2,VOLKSWAGEN,ROJO,2,,56,MASCULINO,SIN DATOS,0,0,Morelia,Poblado de Ocolusen,octubre,sábado,2,-101.150127649172,19.6944699261717
25771,25776,2019,,2019/10/19,"02:20:00",SALIDA DE SUPERFICIE DE RODAMIENTO,ASFALTO,Bueno,Regular,5,NISSAN,PLATA,6,MINISTERIO PÚBLICO,38,MASCULINO,SIN DATOS,1,0,Morelia,Puerto de Buenavista,octubre,sábado,2,-101.126352197769,19.6849018019943
25772,25777,2019,LEG27125,2019/10/19,"04:00:00",SALIDA DE SUPERFICIE DE RODAMIENTO,ASFALTO,Bueno,Bueno,1,CHEVROLET,ROJO,0,,,,,0,0,Morelia,Centro,octubre,sábado,4,-101.18015806,19.7039968049991
25773,25778,2019,,2019/10/19,"07:07:00",COLISIÓN POR MANIOBRA DE REVERSA,SIN_DATOS,Bueno,Bueno,2,RENAULT,GRIS,2,,,MASCULINO,SIN DATOS,0,0,Morelia,Tinijaro,octubre,sábado,7,-101.26316,19.6963297049991
25776,25781,2019,,2019/10/19,"08:45:00",COLISIÓN CONTRA OBJETO FIJO,ASFALTO,Bueno,Bueno,1,SEAT,ROJO,1,,,,SIN DATOS,0,0,Morelia,Nueva Chapultepec,octubre,sábado,9,-101.164462007582,19.687512489182
25778,25783,2019,,2019/10/19,13:10:00,COLISIÓN POR CAMBIO DE CARRIL,ASFALTO,Bueno,Bueno,2,FIAT,GRIS,2,,38,FEMENINO,SIN DATOS,0,0,Morelia,Indeco El Vivero,octubre,sábado,13,-101.231856197119,19.6775825543161
25780,25785,2019,MOR190790400,2019/10/19,15:27:00,COLISIÓN POR CAMBIO DE CARRIL,ASFALTO,Bueno,Bueno,2,NISSAN,GRIS,2,,53,MASCULINO,SIN DATOS,0,0,Morelia,Lomas de San Juan,octubre,sábado,15,-101.183039681886,19.7298664251429
25781,25786,2019,LEG27093,2019/10/19,17:19:00,COLISIÓN POR CAMBIO DE CARRIL,CONCRETO,Lluvioso,Regular,3,DODGE,BLANCO Y AZUL,3,MINISTERIO PÚBLICO,27,MASCULINO,SIN DATOS,0,0,Morelia,Independencia,octubre,sábado,17,-101.17615878582,19.7061010101615
25783,25788,2019,MOR190788784,2019/10/19,20:28:00,COLISIÓN CON PEATÓN,ASFALTO,Bueno,Bueno,2,VOLKSWAGEN,BLANCO,2,,35,MASCULINO,SIN DATOS,0,0,Morelia,Vasco de Quiroga,octubre,sábado,20,-101.17372814,19.7021216199992
25786,25791,2019,,2019/10/19,22:45:00,COLISIÓN POR ALCANCE,ASFALTO,Bueno,Bueno,2,RAM,BLANCO,2,,35,MASCULINO,SIN DATOS,0,0,Morelia,Tinijaro,octubre,sábado,23,-101.260931648241,19.6960863202958
25788,25793,2019,MOR190792998,2019/10/20,"00:00:00",COLISIÓN CONTRA OBJETO FIJO,CONCRETO,Bueno,Bueno,1,FOED,BLANCO,1,,20,MASCULINO,CON CERTIFICADO,0,0,Morelia,Ilustres Novohispanos,octubre,domingo,0,-101.152673110067,19.7108147396326
25789,25794,2019,,2019/10/20,"03:00:00",COLISIÓN CONTRA OBJETO FIJO,ASFALTO,Lluvioso,Bueno,1,Honda,Blanco,1,,17,MASCULINO,SIN DATOS,0,0,Morelia,Puerta Tres Marias Norte,octubre,domingo,3,-101.142467558384,19.6921834969151
25790,25795,2019,,2019/10/20,"03:35:00",SALIDA DE SUPERFICIE DE RODAMIENTO,ASFALTO,Lluvioso,Regular,1,CHEVROLET TORNADO,BLANCO,0,,,,,0,0,Morelia,San Guillermo,octubre,domingo,4,-101.177805326879,19.7392676048689
25791,25796,2019,LEG27110,2019/10/20,"03:51:00",VOLCADURA,ASFALTO,Bueno,Bueno,1,SEAT,ROJO,1,,21,MASCULINO,SIN DATOS,0,0,Morelia,Elias Perez Avalos,octubre,domingo,4,-101.168687157333,19.7126646209611
25792,25797,2019,MOR 190 792 061,2019/10/20,"05:50:00",COLISIÓN CONTRA OBJETO FIJO,ASFALTO,Bueno,Bueno,1,HONDA,AZUL,2,,28,MASCULINO,ALIENTO ETÍLICO,1,0,Morelia,Vasco de Quiroga,octubre,domingo,6,-101.175889894366,19.698133097064
25793,25798,2019,LEG27111,2019/10/20,"06:18:00",COLISIÓN POR CORTE DE CIRCULACIÓN,ASFALTO,Bueno,Bueno,2,CHEVROLET,GRIS,2,,0,MASCULINO,SIN DATOS,0,0,Morelia,Arcos del Valle,octubre,domingo,6,-101.236248649657,19.7076236529826
25796,25801,2019,MOR190792734,2019/10/20,12:10:00,COLISIÓN POR ALCANCE,CONCRETO,Bueno,Bueno,2,DODGE,GRIS,1,,52,FEMENINO,SIN DATOS,0,0,Morelia,Cuauhtemoc,octubre,domingo,12,-101.18200045,19.6990199049992
25797,25802,2019,,2019/10/20,12:20:00,COLISIÓN POR CAMBIO DE CARRIL,ASFALTO,Nublado,Bueno,2,MERCEDES BENZ,BLANCO Y ROJO,2,,32,MASCULINO,SIN DATOS,0,0,Morelia,Carlos Salazar,octubre,domingo,12,-101.209658559066,19.7124165765648
25798,25803,2019,,2019/10/20,13:40:00,COLISIÓN POR ALCANCE,ASFALTO,Bueno,Bueno,2,NISSAN,BLANCO Y ROJO,2,,35,MASCULINO,SIN DATOS,0,0,Morelia,Centro,octubre,domingo,14,-101.190959615713,19.7038724375015
25799,25804,2019,MOR190792731,2019/10/20,15:00:00,COLISIÓN POR ALCANCE,ASFALTO,Bueno,Bueno,2,VOLKSWAGEN,NEGRO,2,,52,MASCULINO,SIN DATOS,0,0,Morelia,Camelinas,octubre,domingo,15,-101.17262119,19.6818144849991
25801,25806,2019,,2019/10/20,18:30:00,SALIDA DE SUPERFICIE DE RODAMIENTO,ASFALTO,Lluvioso,Bueno,1,GMC,AZUL,1,,,MASCULINO,SIN DATOS,0,0,Charo,Sin datos,octubre,domingo,19,-101.08326,19.678806
25802,25807,2019,MOR 190 791 711,2019/10/20,23:30:00,COLISIÓN CONTRA OBJETO FIJO,ASFALTO,Lluvioso,Bueno,1,NISSAN,AZUL,1,MINISTERIO PÚBLICO,18,MASCULINO,ALIENTO ETÍLICO,0,0,Morelia,Vasco de Quiroga,octubre,domingo,0,-101.167778559029,19.6967094809083
25803,25808,2019,,2019/10/21,"07:20:00",COLISIÓN POR ALCANCE,ASFALTO,Bueno,Bueno,2,NISSAN,BLANCO,2,,59,MASCULINO,SIN DATOS,0,0,Morelia,Loma Bonita,octubre,lunes,7,-101.196416606159,19.72054417099
25804,25809,2019,,2019/10/21,"08:25:00",COLISIÓN POR CORTE DE CIRCULACIÓN,ASFALTO,Bueno,Bueno,2,MITSUBISHI,PLATA,2,,44,FEMENINO,SIN DATOS,0,0,Morelia,Comision Federal de Electricidad,octubre,lunes,8,-101.181304370054,19.681701101233
25805,25810,2019,LEG27138,2019/10/21,"08:29:00",COLISIÓN POR CAMBIO DE CARRIL,ASFALTO,Bueno,Bueno,2,DATSUN,AZUL,2,,,MASCULINO,SIN DATOS,0,0,Morelia,Praderas del Indio,octubre,lunes,8,-101.223494028547,19.6450845894654
25806,25811,2019,,2019/10/21,"08:45:00",COLISIÓN POR CAMBIO DE CARRIL,ASFALTO,Bueno,Bueno,2,FORD,AZUL,2,,32,MASCULINO,SIN DATOS,0,0,Morelia,Sin datos,octubre,lunes,9,-101.304399892688,19.6876750628692
25807,25812,2019,,2019/10/21,13:50:00,COLISIÓN POR ALCANCE,CONCRETO,Bueno,Bueno,2,NISSAN,BLANCO Y AMARILLO,2,,26,MASCULINO,SIN DATOS,0,0,Morelia,Nueva Chapultepec,octubre,lunes,14,-101.172229684889,19.690065981877
25808,25813,2019,MOR190436785,2019/10/21,14:12:00,COLISIÓN CONTRA OBJETO FIJO,ASFALTO,Nublado,Bueno,1,NISSAN,AZUL,1,MINISTERIO PÚBLICO,24,MASCULINO,SIN DATOS,0,0,Morelia,Montaña Monarca,octubre,lunes,14,-101.159816086292,19.6737269029857
25809,25814,2019,MOR190675498,2019/10/21,14:12:00,COLISIÓN CONTRA OBJETO FIJO,ASFALTO,Bueno,Bueno,1,NISSAN,AZUL,1,,24,MASCULINO,SIN DATOS,0,0,Morelia,Montaña Monarca,octubre,lunes,14,-101.159789599478,19.6738023563172
25810,25815,2019,MOR190795349,2019/10/21,14:30:00,COLISIÓN POR CAMBIO DE CARRIL,ASFALTO,Bueno,Regular,2,HONDA,BLANCO,2,,74,MASCULINO,SIN DATOS,0,0,Morelia,Sin datos,octubre,lunes,15,-101.142595811512,19.7066879563344
25812,25817,2019,MOR190796290,2019/10/21,19:30:00,COLISIÓN POR CAMBIO DE CARRIL,ASFALTO,Bueno,Bueno,2,INTERNATIONAL,AMARILLO,2,,42,MASCULINO,SIN DATOS,0,0,Morelia,Buenavista,octubre,lunes,20,-101.162220686674,19.7065359622637
25813,25818,2019,LEG27140,2019/10/21,20:00:00,COLISIÓN POR ALCANCE,ASFALTO,Bueno,Bueno,2,CHEVROLET,BLANCO,2,,,MASCULINO,SIN DATOS,0,0,Morelia,Avicola Benito Juarez,octubre,lunes,20,-101.279402039945,19.6914672445902
25814,25819,2019,MOR190776816,2019/10/21,21:37:00,COLISIÓN POR CORTE DE CIRCULACIÓN,ASFALTO,Bueno,Bueno,2,INTERNACIONAL,BLANCO Y AZUL,2,,35,MASCULINO,SIN DATOS,0,0,Morelia,Vista Bella,octubre,lunes,22,-101.19676887989,19.6785296418978
25816,25821,2019,LEG27144,2019/10/21,23:20:00,COLISIÓN POR CAMBIO DE CARRIL,ASFALTO,Nublado,Bueno,3,CARABELA,VERDE,3,MINISTERIO PÚBLICO,23,MASCULINO,ALIENTO ETÍLICO,0,0,Morelia,Morelos,octubre,lunes,23,-101.206009760499,19.7023760925319
25817,25822,2019,,2019/10/22,"01:15:00",COLISIÓN POR CORTE DE CIRCULACIÓN,ASFALTO,Bueno,Bueno,3,FORD,BLANCO,0,MINISTERIO PÚBLICO,,,,0,0,Múgica,Centro,octubre,martes,1,-102.093986570835,19.0228703773176
25819,25824,2019,LEG27147,2019/10/22,"06:30:00",COLISIÓN CONTRA OBJETO FIJO,ASFALTO,Bueno,Bueno,1,TOYOTA,BLANCO Y NARANJA,1,,,,,1,0,Morelia,Sin datos,octubre,martes,7,-101.386,19.5571
25821,25826,2019,MOR190797464,2019/10/22,"09:08:00",COLISIÓN POR CORTE DE CIRCULACIÓN,CONCRETO,Bueno,Bueno,2,NISSAN,S/D,1,,,,,1,0,Morelia,Colinas del Sur,octubre,martes,9,-101.198806775,19.6639406649991
25822,25827,2019,LEG27145,2019/10/22,"09:55:00",SUBIDA AL CAMELLÓN,ASFALTO,Bueno,Bueno,1,TOYOTA,BLANCO,1,,,MASCULINO,SIN DATOS,0,0,Morelia,Jesus Romero Flores,octubre,martes,10,-101.17340387,19.7267983999991
25824,25829,2019,,2019/10/22,18:07:00,COLISIÓN POR CORTE DE CIRCULACIÓN,ASFALTO,Lluvioso,Bueno,2,HONDA,PLATA,1,,50,FEMENINO,SIN DATOS,0,0,Los Reyes,Sin datos,octubre,martes,18,-102.451080791652,19.5794968505959
25825,25830,2019,,2019/10/22,19:42:00,COLISIÓN POR CORTE DE CIRCULACIÓN,CONCRETO,Bueno,Bueno,1,VOLKSWAGEN,GRIS,1,,38,MASCULINO,CON CERTIFICADO,0,0,Morelia,Ignacio Lopez Rayon,octubre,martes,20,-101.250591165,19.6897065849991
25827,25832,2019,,2019/10/22,21:55:00,COLISIÓN POR MANIOBRA DE REVERSA,ASFALTO,Bueno,Bueno,2,CHEVROLET,PLATA,2,,,FEMENINO,SIN DATOS,0,0,Morelia,Ventura Puente,octubre,martes,22,-101.18464305,19.6929413399991
25828,25833,2019,,2019/10/22,22:20:00,COLISIÓN POR CORTE DE CIRCULACIÓN,ASFALTO,Bueno,Regular,1,SEAT,ROJO,1,,47,FEMENINO,SIN DATOS,0,0,Morelia,Cañada del Bosque,octubre,martes,22,-101.097469366718,19.7282996448773
25829,25834,2019,,2019/10/22,23:40:00,COLISIÓN POR CORTE DE CIRCULACIÓN,ASFALTO,Bueno,Bueno,1,FORD,BLANCO/NARANJA,1,,43,MASCULINO,SIN DATOS,0,0,Peribán,Sin datos,octubre,martes,0,-102.444180138409,19.5518174906598
25830,25835,2019,MOR190799110,2019/10/23,"02:37:00",VOLCADURA,ASFALTO,Bueno,Bueno,1,FORD,NEGRO,1,,34,MASCULINO,SIN DATOS,0,0,Morelia,Centro,octubre,miércoles,3,-101.18754847,19.7028479949991
25831,25836,2019,,2019/10/23,"07:45:00",COLISIÓN POR CORTE DE CIRCULACIÓN,ASFALTO,Nublado,Bueno,1,INTERNATIONAL,BCO/VERDE,1,,76,MASCULINO,SIN DATOS,0,0,Peribán,Sin datos,octubre,miércoles,8,-102.444073520601,19.5516996435635
25832,25837,2019,MOR190799227,2019/10/23,"08:15:00",COLISIÓN POR NO RESPETAR SEMÁFORO,CONCRETO,Bueno,Bueno,2,TOYOTA,BLANCO Y ROJO,2,,32,MASCULINO,SIN DATOS,0,0,Morelia,Insurgentes,octubre,miércoles,8,-101.155416805,19.6953315299991
25833,25838,2019,,2019/10/23,"09:00:00",COLISIÓN POR CAMBIO DE CARRIL,ASFALTO,Bueno,Bueno,2,HINO MOTORS,BLANCO,2,,43,MASCULINO,SIN DATOS,0,0,Morelia,Jardines de Torremolinos,octubre,miércoles,9,-101.2271865,19.6774775
25834,25839,2019,,2019/10/23,"09:15:00",COLISIÓN POR CORTE DE CIRCULACIÓN,ASFALTO,Bueno,Bueno,2,VOLKSWAGEN,ARENA,2,,48,MASCULINO,SIN DATOS,0,0,Morelia,Chapultepec Sur,octubre,miércoles,9,-101.171596915,19.6909445849991
25835,25840,2019,LEG27171,2019/10/23,"09:24:00",COLISIÓN POR MANIOBRA DE REVERSA,ASFALTO,Bueno,Bueno,2,TOYOTA,GRIS,2,,,MASCULINO,SIN DATOS,0,0,Morelia,Centro,octubre,miércoles,9,-101.195985887066,19.7052613350512
25836,25841,2019,,2019/10/23,10:10:00,SUBIDA AL CAMELLÓN,ASFALTO,Bueno,Bueno,1,VOLKSWAGEN,NEGRO,1,,31,FEMENINO,SIN DATOS,0,0,Morelia,Santillan La Huerta,octubre,miércoles,10,-101.219553885717,19.6760966650679
25837,25842,2019,MOR190799408,2019/10/23,10:33:00,COLISIÓN POR CORTE DE CIRCULACIÓN,ASFALTO,Bueno,Regular,2,CHEVROLET,GRIS,2,,57,MASCULINO,SIN DATOS,0,0,Morelia,Pablo Galeana,octubre,miércoles,11,-101.23195962002,19.6384869212627
25838,25843,2019,,2019/10/23,13:00:00,COLISIÓN POR CORTE DE CIRCULACIÓN,ASFALTO,Bueno,Bueno,2,TOYOTA,BLANCO Y MORADO,2,,58,MASCULINO,SIN DATOS,0,0,Morelia,Indeco Santiaguito,octubre,miércoles,13,-101.178740076721,19.7202054179505
25839,25844,2019,,2019/10/23,13:00:00,COLISIÓN POR CORTE DE CIRCULACIÓN,ASFALTO,Bueno,Bueno,2,DINAMO,NEGRO,3,,,MASCULINO,SIN DATOS,1,0,Morelia,Santiaguito,octubre,miércoles,13,-101.19406267,19.7169238749991
25840,25845,2019,,2019/10/23,13:50:00,VOLCADURA,ASFALTO,Bueno,Bueno,1,FORD,BLANCO,2,,31,MASCULINO,SIN DATOS,1,0,Los Reyes,Sin datos,octubre,miércoles,14,-102.429470568895,19.5825878006807
25841,25846,2019,,2019/10/23,13:50:00,COLISIÓN POR CORTE DE CIRCULACIÓN,ASFALTO,Bueno,Bueno,3,NISSAN,BLANCO Y AMARILLO,3,,26,MASCULINO,SIN DATOS,0,0,Morelia,Ricardo Flores Magon,octubre,miércoles,14,-101.243502815,19.7067141299991
25842,25847,2019,,2019/10/23,16:20:00,COLISIÓN POR ALCANCE,ASFALTO,Bueno,Regular,4,JEEP,ROJO,4,,,MASCULINO,SIN DATOS,0,0,Morelia,Elias Perez Avalos,octubre,miércoles,16,-101.167813022979,19.7136335493406
25844,25849,2019,LEG27172,2019/10/23,19:00:00,COLISIÓN POR CORTE DE CIRCULACIÓN,ASFALTO,Bueno,Bueno,2,VOLKSWAGEN,AZUL,2,,,MASCULINO,SIN DATOS,0,0,Morelia,Melchor Ocampo,octubre,miércoles,19,-101.201937888211,19.7065671597378
25845,25850,2019,LEG27173,2019/10/23,19:10:00,COLISIÓN POR CORTE DE CIRCULACIÓN,ASFALTO,Bueno,Bueno,2,CARABELA,NEGRO,2,MINISTERIO PÚBLICO,,MASCULINO,SIN DATOS,0,0,Morelia,Del Empleado,octubre,miércoles,19,-101.178082775624,19.6887510019986
25846,25851,2019,,2019/10/23,21:10:00,COLISIÓN POR ALCANCE,ASFALTO,Bueno,Bueno,3,FORD,NEGRO,3,MINISTERIO PÚBLICO,,,SIN DATOS,2,0,Morelia,Ilustres Novohispanos,octubre,miércoles,21,-101.15306454,19.7086520799991
25847,25852,2019,,2019/10/23,22:45:00,CAIDA DE MOTOCICLETA,SIN_DATOS,Lluvioso,Bueno,1,ITALIKA,NEGRO,1,,27,MASCULINO,SIN DATOS,0,0,Morelia,Lomas de Morelia (Dr Ignacio Chavez),octubre,miércoles,23,-101.175549924374,19.7164710446097
25848,25853,2019,MOR190801228,2019/10/23,23:50:00,VOLCADURA,ASFALTO,Bueno,Bueno,1,CHEVROLET,BLANCO,1,,34,MASCULINO,SIN DATOS,0,0,Morelia,Cañada del Bosque,octubre,miércoles,0,-101.097469366718,19.7282996448773
25849,25854,2019,MOR1908033507,2019/10/24,"00:00:00",SALIDA DE SUPERFICIE DE RODAMIENTO,CONCRETO,Nublado,Bueno,1,FORD,PLATA,1,,,MASCULINO,SIN DATOS,0,0,Morelia,Poblado de Ocolusen,octubre,jueves,0,-101.155088675,19.6951327349991
25851,25856,2019,,2019/10/24,"06:00:00",COLISIÓN CONTRA OBJETO FIJO,ASFALTO,Bueno,Bueno,1,VOLKSWAGEN JETTA,GRIS,1,,70,MASCULINO,SIN DATOS,0,0,Morelia,Alberto Oviedo Mota,octubre,jueves,6,-101.198908182011,19.681555672698
25852,25857,2019,MOR190801457,2019/10/24,"07:50:00",COLISIÓN POR CORTE DE CIRCULACIÓN,ASFALTO,Nublado,Bueno,2,TOYOTA,GRIS,2,,80,MASCULINO,SIN DATOS,0,0,Morelia,Centro,octubre,jueves,8,-101.18754847,19.7028479949991
25853,25858,2019,,2019/10/24,"08:15:00",COLISIÓN POR CORTE DE CIRCULACIÓN,ASFALTO,Bueno,Bueno,2,SUZUKI,BLANCO,2,,33,MASCULINO,SIN DATOS,0,0,Morelia,Campestre Los Manantiales,octubre,jueves,8,-101.238139271736,19.6877991238438
25854,25859,2019,,2019/10/24,"09:00:00",COLISIÓN CON PEATÓN,SIN_DATOS,Bueno,Bueno,2,VOLKSWAGEN,GUINDA,2,,36,MASCULINO,ALIENTO ETÍLICO,0,0,Morelia,Prados Verdes,octubre,jueves,9,-101.19721026,19.7150711099991
25855,25860,2019,MOR190801816,2019/10/24,11:20:00,COLISIÓN POR ALCANCE,ASFALTO,Bueno,Bueno,2,Chevrolet,Beige,2,,21,,SIN DATOS,0,0,Morelia,Elias Perez Avalos,octubre,jueves,11,-101.167813022979,19.7136335493406
25856,25861,2019,,2019/10/24,11:50:00,COLISIÓN POR CORTE DE CIRCULACIÓN,ASFALTO,Bueno,Bueno,2,ITALIKA,BLANCO,2,,24,MASCULINO,SIN DATOS,0,0,Morelia,Vasco de Quiroga,octubre,jueves,12,-101.17442446,19.7044803449992
25857,25862,2019,LEG27187,2019/10/24,11:55:00,COLISIÓN CONTRA OBJETO FIJO,ASFALTO,Bueno,Bueno,1,CHEVROLET,ROJO,3,,,,,3,0,Morelia,Villas Lomas del Paraiso,octubre,jueves,12,-101.183243326701,19.6753951296653
25858,25863,2019,,2019/10/24,14:20:00,COLISIÓN POR MANIOBRA DE REVERSA,ASFALTO,Bueno,Bueno,2,NISSAN,BLANCO,2,,,MASCULINO,SIN DATOS,0,0,Morelia,Chapultepec Norte,octubre,jueves,14,-101.165929435,19.6958408999991
25859,25864,2019,,2019/10/24,19:00:00,VOLCADURA,ASFALTO,Bueno,Bueno,1,CHEVROLET,VERDE PERLA,4,MINISTERIO PÚBLICO,23,MASCULINO,SIN DATOS,3,0,Puruándiro,Sin datos,octubre,jueves,19,-101.524232067168,20.1119498671862
25860,25865,2019,,2019/10/24,21:00:00,COLISIÓN POR CAMBIO DE CARRIL,ASFALTO,Bueno,Bueno,2,HONDA,BLANCO,2,,,MASCULINO,SIN DATOS,0,0,Morelia,Camponubes,octubre,jueves,21,-101.2902890993,19.6979150011112
25861,25866,2019,MOR190789678,2019/10/24,21:40:00,COLISIÓN CONTRA OBJETO FIJO,ASFALTO,Bueno,Bueno,1,CHEVROLET,NEGRO,1,,25,,SIN DATOS,0,0,Morelia,Los Manantiales de Morelia,octubre,jueves,22,-101.24312248081,19.69992001729
25863,25868,2019,,2019/10/24,22:00:00,COLISIÓN POR CAMBIO DE CARRIL,ASFALTO,Bueno,Bueno,2,NISSAN,BLANCO/NARANJA,0,MINISTERIO PÚBLICO,,,,0,0,Lázaro Cárdenas,82 Batallon de Infanteria,octubre,jueves,22,-102.234983593225,17.97473143053
25864,25869,2019,LEG27200,2019/10/24,22:00:00,COLISIÓN CONTRA OBJETO FIJO,ASFALTO,Nublado,Regular,2,DODGE,GRIS,2,,25,MASCULINO,SIN DATOS,0,0,Morelia,Cuauhtemoc,octubre,jueves,22,-101.181637305,19.6957826149991
25865,25870,2019,,2019/10/24,22:50:00,COLISIÓN POR CORTE DE CIRCULACIÓN,ASFALTO,Bueno,Bueno,2,NISSAN,BLANCO,2,,,MASCULINO,ALIENTO ETÍLICO,0,0,Morelia,Ventura Puente,octubre,jueves,23,-101.18464305,19.6929413399991
25866,25871,2019,LEG27201,2019/10/25,"03:35:00",VOLCADURA,CONCRETO,Bueno,Bueno,2,HONDA,GRIS,2,,22,MASCULINO,SIN DATOS,0,0,Morelia,Insurgentes,octubre,viernes,4,-101.155416805,19.6953315299991
25867,25872,2019,,2019/10/25,"03:55:00",COLISIÓN POR CORTE DE CIRCULACIÓN,CONCRETO,Bueno,Bueno,2,S/D,S/D,2,,,,SIN DATOS,0,0,Morelia,Chapultepec Sur,octubre,viernes,4,-101.176351915,19.6910920199992
25870,25875,2019,,2019/10/25,"08:00:00",COLISIÓN POR CORTE DE CIRCULACIÓN,ADOQUIN_EMPEDRADO,Bueno,Bueno,2,TOYOTA,NEGRO,2,,37,FEMENINO,SIN DATOS,0,0,Cuitzeo,El Embarcadero,octubre,viernes,8,-101.141227707267,19.9654078189877
25871,25876,2019,MOR190801735,2019/10/25,"08:02:00",COLISIÓN CONTRA OBJETO FIJO,ASFALTO,Bueno,Bueno,1,HONDA,ROJO,1,,24,FEMENINO,SIN DATOS,0,0,Morelia,Buenos Aires,octubre,viernes,8,-101.192694267462,19.6588330609221
25873,25878,2019,,2019/10/25,11:30:00,COLISIÓN POR ALCANCE,CONCRETO,Bueno,Bueno,2,KENWORTH,BLANCO,2,,28,MASCULINO,SIN DATOS,0,0,Morelia,Sentimientos de La Nacion,octubre,viernes,12,-101.235647164285,19.6820773822086
25874,25879,2019,MOR-190804168,2019/10/25,11:35:00,COLISIÓN CON PEATÓN,ASFALTO,Bueno,Bueno,1,FREIGHTLINER,BLANCO,2,,29,MASCULINO,SIN DATOS,1,0,Morelia,Elias Perez Avalos,octubre,viernes,12,-101.167813022979,19.7136335493406
25875,25880,2019,,2019/10/25,12:35:00,COLISIÓN POR ALCANCE,ASFALTO,Bueno,Bueno,3,NISSAN,ROJO,3,,34,MASCULINO,SIN DATOS,0,0,Los Reyes,La Libertad,octubre,viernes,13,-102.483063451946,19.6141335777885