fid,id_accidente,anio_origen,folio_c5i,dia_incidente,hora_ocurrencia,tipo_incidente_vial,superficie_ocurrencia,condiciones_climaticas,condiciones_via,numero_vehiculos_involucrados,marca_vehiculo_ocasiona_siniestro,color_vehiculo_ocasiona_siniestro,numero_personas_involucradas,lugar_remite_presunto_responsable,edad_presunto_responsable,sexo_presunto_responsable,resultados_toxicologia,numero_personas_lesionadas,numero_personas_fallecidas,municipio,colonia,mes,dia_semana,hora_redondeada,lon,lat
25877,25882,2019,,2019/10/25,13:30:00,COLISIÓN CON PEATÓN,SIN_DATOS,Bueno,Bueno,2,NISSAN URVAN,BCO/GRIS,2,MINISTERIO PÚBLICO,72,MASCULINO,SIN DATOS,0,0,Morelia,Cinco de Diciembre,octubre,viernes,14,-101.16566799581,19.6844330282648
25878,25883,2019,LEG27221,2019/10/25,13:30:00,COLISIÓN POR ALCANCE,ASFALTO,Bueno,Bueno,0,,,0,,,,,0,0,Morelia,Gertrudis Sanchez,octubre,viernes,14,-101.205776745,19.7441101549991
25879,25884,2019,LEG27235,2019/10/25,13:30:00,COLISIÓN POR ALCANCE,ASFALTO,Bueno,Bueno,3,BAJAJ,ROJO,3,,30,MASCULINO,SIN DATOS,0,0,Morelia,Cuauhtemoc,octubre,viernes,14,-101.17854569,19.6974281599991
25880,25885,2019,MOR190804873,2019/10/25,14:00:00,COLISIÓN POR CORTE DE CIRCULACIÓN,ASFALTO,Bueno,Regular,1,INTERNATIONAL,BLANCO,1,,36,MASCULINO,SIN DATOS,0,0,Morelia,Barrio Alto,octubre,viernes,14,-101.1882827,19.7276714
25881,25886,2019,,2019/10/25,14:10:00,COLISIÓN POR CAMBIO DE CARRIL,ASFALTO,Bueno,Bueno,1,MAZDA,ROJO,2,,45,FEMENINO,SIN DATOS,0,0,Morelia,Mariano Michelena,octubre,viernes,14,-101.230040341616,19.6769401100529
25883,25888,2019,,2019/10/25,14:50:00,COLISIÓN POR CAMBIO DE CARRIL,ASFALTO,Bueno,Bueno,2,NISSAN,BLANCO,2,,29,MASCULINO,SIN DATOS,0,0,Morelia,Cuauhtemoc,octubre,viernes,15,-101.17854569,19.6974281599991
25884,25889,2019,LEG27234,2019/10/25,15:40:00,COLISIÓN POR CORTE DE CIRCULACIÓN,ASFALTO,Bueno,Bueno,2,ITALIKA,BLANCO,2,,0,MASCULINO,SIN DATOS,0,0,Morelia,Centro,octubre,viernes,16,-101.18218963,19.7028850649992
25885,25890,2019,LEG27225,2019/10/25,15:45:00,COLISIÓN POR CAMBIO DE CARRIL,ASFALTO,Bueno,Bueno,2,TOYOTA,BLANCO CON ROJO,2,,0,MASCULINO,SIN DATOS,0,0,Morelia,Chapultepec Norte,octubre,viernes,16,-101.17763888,19.6945706899991
25886,25891,2019,,2019/10/25,16:00:00,COLISIÓN CON PEATÓN,ASFALTO,Bueno,Bueno,1,NISSAN,BLANCO,2,MINISTERIO PÚBLICO,35,MASCULINO,SIN DATOS,1,0,Morelia,Gertrudis Sanchez,octubre,viernes,16,-101.205776745,19.7441101549991
25887,25892,2019,MOR190805056,2019/10/25,16:00:00,COLISIÓN POR CORTE DE CIRCULACIÓN,ASFALTO,Bueno,Regular,1,NISSAN,AZUL,1,,,,,1,0,Tarímbaro,Real Hacienda,octubre,viernes,16,-101.200892440975,19.7531967961148
25888,25893,2019,,2019/10/25,16:40:00,COLISIÓN POR MANIOBRA DE REVERSA,ASFALTO,Bueno,Bueno,2,VOLKSWAGEN,BLANCO Y VERDE,2,,37,MASCULINO,SIN DATOS,0,0,Morelia,Xangari,octubre,viernes,17,-101.219623120327,19.6720670459846
25890,25895,2019,,2019/10/25,18:00:00,COLISIÓN POR CAMBIO DE CARRIL,ASFALTO,Lluvioso,Regular,2,TOYOTA,BLANCO,2,,43,FEMENINO,SIN DATOS,0,0,Morelia,Centro,octubre,viernes,18,-101.18754847,19.7028479949991
25892,25897,2019,,2019/10/25,18:10:00,COLISIÓN POR CAMBIO DE CARRIL,ASFALTO,Lluvioso,Malo,2,NISSAN,BLNACO Y NARANJA,2,,34,MASCULINO,SIN DATOS,0,0,Morelia,Lomas de San Juan,octubre,viernes,18,-101.183039681886,19.7298664251429
25894,25899,2019,,2019/10/25,20:20:00,COLISIÓN POR CORTE DE CIRCULACIÓN,CONCRETO,Lluvioso,Bueno,2,NISSAN,BLANCO,2,,40,MASCULINO,SIN DATOS,0,0,Morelia,Ferrocarrilero,octubre,viernes,20,-101.223609235,19.6918737849991
25895,25900,2019,MOR190803220,2019/10/25,20:34:00,COLISIÓN POR CORTE DE CIRCULACIÓN,ASFALTO,Bueno,Bueno,1,ITALIKA,NEGRO Y NARANJA,1,,21,MASCULINO,SIN DATOS,0,0,Morelia,Tinijaro,octubre,viernes,21,-101.260931648241,19.6960863202958
25899,25904,2019,,2019/10/26,"00:02:00",COLISIÓN CON PEATÓN,SIN_DATOS,Bueno,Bueno,2,FORD,VERDE,2,MINISTERIO PÚBLICO,0,,SIN DATOS,0,0,Morelia,Independencia,octubre,sábado,0,-101.17664987,19.7115731999992
25900,25905,2019,MOR190716549,2019/10/26,"00:10:00",SUBIDA AL CAMELLÓN,CONCRETO,Lluvioso,Malo,1,CHEVROLET,BLANCO,1,,0,MASCULINO,ALIENTO ETÍLICO,0,0,Morelia,Ampliacion La Soledad,octubre,sábado,0,-101.183554405,19.7349146049992
25901,25906,2019,MOR190808869,2019/10/26,"01:59:00",COLISIÓN POR CORTE DE CIRCULACIÓN,ASFALTO,Bueno,Bueno,1,CHEVROLET,AZUL,1,,21,MASCULINO,SIN DATOS,0,0,Morelia,Vista Bella,octubre,sábado,2,-101.195925675947,19.6790442736003
25902,25907,2019,,2019/10/26,"02:00:00",COLISIÓN POR ALCANCE,CONCRETO,Nublado,Bueno,2,VOLKSWAGEN,NEGRO,2,,34,MASCULINO,ALIENTO ETÍLICO,0,0,Morelia,El Lago 2,octubre,sábado,2,-101.214435013967,19.7262881110028
25903,25908,2019,MOR190806310,2019/10/26,"04:40:00",COLISIÓN POR NO RESPETAR SEMÁFORO,ASFALTO,Bueno,Regular,2,VENTO,NEGRO CON ROJO,2,,18,MASCULINO,SIN DATOS,0,0,Morelia,Vasco de Quiroga,octubre,sábado,5,-101.167736649513,19.6966940136122
25905,25910,2019,MOR190804627,2019/10/26,11:55:00,COLISIÓN POR CORTE DE CIRCULACIÓN,ASFALTO,Bueno,Bueno,2,NISSAN,AZUL,2,,0,MASCULINO,SIN DATOS,0,0,Morelia,Morelos,octubre,sábado,12,-101.20619815,19.7022964949991
25907,25912,2019,,2019/10/26,13:00:00,COLISIÓN POR ALCANCE,ASFALTO,Nublado,Bueno,2,CHEVROLET,BLANCO,2,,0,MASCULINO,SIN DATOS,0,0,Morelia,Elias Perez Avalos,octubre,sábado,13,-101.167813022979,19.7136335493406
25908,25913,2019,MOR190806722,2019/10/26,15:45:00,COLISIÓN POR CORTE DE CIRCULACIÓN,ASFALTO,Bueno,Bueno,2,DODGE,AZUL,2,,62,MASCULINO,SIN DATOS,0,0,Morelia,Asociacion Zirahuen,octubre,sábado,16,-101.249304285,19.7000309749992
25909,25914,2019,,2019/10/26,16:20:00,COLISIÓN POR CORTE DE CIRCULACIÓN,ASFALTO,Bueno,Bueno,2,ITALIKA,NEGRA ROJO,3,MINISTERIO PÚBLICO,48,FEMENINO,SIN DATOS,1,0,Zacapu,Centro,octubre,sábado,16,-101.790467,19.816037
25913,25918,2019,,2019/10/26,21:50:00,COLISIÓN CON PEATÓN,CONCRETO,Lluvioso,Regular,1,HONDA,AZUL,2,,23,MASCULINO,SIN DATOS,1,0,Cuitzeo,La Cantera,octubre,sábado,22,-101.137071289122,19.9703101529519
25915,25920,2019,MOR190785678,2019/10/27,"00:00:00",COLISIÓN CONTRA OBJETO FIJO,CONCRETO,Bueno,Bueno,1,FORD,ROJO,0,,,,,0,0,Morelia,Sin datos,octubre,domingo,0,-101.142595811512,19.7066879563344
25917,25922,2019,,2019/10/27,"01:00:00",COLISIÓN POR ALCANCE,ASFALTO,Bueno,Bueno,2,FORD,PLATA,2,MINISTERIO PÚBLICO,0,MASCULINO,SIN DATOS,0,0,Morelia,Cosmos,octubre,domingo,1,-101.21802604,19.6832439899991
25918,25923,2019,,2019/10/27,"01:00:00",VOLCADURA,ASFALTO,Bueno,Bueno,1,FORD,NEGRO,1,,27,MASCULINO,ALIENTO ETÍLICO,0,0,Morelia,Sin datos,octubre,domingo,1,-101.189797445925,19.5825662106129
25919,25924,2019,,2019/10/27,"02:55:00",COLISIÓN POR CORTE DE CIRCULACIÓN,ASFALTO,Nublado,Bueno,2,TOYOTA,NEGRO,4,MINISTERIO PÚBLICO,0,MASCULINO,SIN DATOS,2,0,Morelia,Gertrudis Bocanegra,octubre,domingo,3,-101.21080654,19.7043690749991
25920,25925,2019,MOR190567896,2019/10/27,"03:15:00",COLISIÓN CONTRA OBJETO FIJO,ASFALTO,Bueno,Bueno,1,FORD,ROJO,0,,,,,0,0,Morelia,Ilustres Novohispanos,octubre,domingo,3,-101.152,19.7108
25921,25926,2019,,2019/10/27,"06:10:00",SUBIDA AL CAMELLÓN,CONCRETO,Bueno,Bueno,1,SEAT,BLANCO,1,,,MASCULINO,SIN DATOS,0,0,Morelia,Fuentes de Morelia,octubre,domingo,6,-101.20316769,19.6693875049992
25922,25927,2019,MOR190809127,2019/10/27,"07:17:00",COLISIÓN CONTRA OBJETO FIJO,ASFALTO,Bueno,Bueno,1,CHEVROLET,GRIS,1,,25,MASCULINO,SIN DATOS,0,0,Morelia,Indeco Expropiacion Petrolera,octubre,domingo,7,-101.226771235,19.6843153299991
25923,25928,2019,,2019/10/27,"08:30:00",COLISIÓN POR CORTE DE CIRCULACIÓN,CONCRETO,Bueno,Bueno,2,HONDA,PLATA,2,,36,MASCULINO,SIN DATOS,0,0,Morelia,Ilustres Novohispanos,octubre,domingo,9,-101.151605509222,19.7089455376083
25924,25929,2019,,2019/10/27,11:10:00,COLISIÓN POR CAMBIO DE CARRIL,ASFALTO,Bueno,Bueno,2,CHEVROLET,VERDE,2,,48,MASCULINO,SIN DATOS,0,0,Morelia,Asociacion Zirahuen,octubre,domingo,11,-101.247644349933,19.6993145941595
25925,25930,2019,,2019/10/27,11:20:00,COLISIÓN POR MANIOBRA DE REVERSA,ASFALTO,Bueno,Regular,2,FREIGHLINER,AMARILLO,2,,57,MASCULINO,ALIENTO ETÍLICO,0,0,Morelia,Nueva Esperanza,octubre,domingo,11,-101.252367675,19.6874248999991
25926,25931,2019,,2019/10/27,11:30:00,COLISIÓN CONTRA OBJETO FIJO,ASFALTO,Bueno,Bueno,1,FEDERTRAC,BLANCO,1,,25,MASCULINO,SIN DATOS,0,0,Morelia,Isaac Arriaga,octubre,domingo,12,-101.168706938624,19.7123117489057
25927,25932,2019,MOR190143011,2019/10/27,11:30:00,COLISIÓN POR CORTE DE CIRCULACIÓN,ASFALTO,Bueno,Regular,2,HONDA,AZUL,2,,33,MASCULINO,SIN DATOS,0,0,Morelia,Tierra Y Libertad,octubre,domingo,12,-101.22977368,19.7151822499992
25928,25933,2019,,2019/10/27,12:00:00,COLISIÓN POR CAMBIO DE CARRIL,ASFALTO,Bueno,Bueno,2,INTERNATIONAL,BLANCO,2,MINISTERIO PÚBLICO,19,MASCULINO,SIN DATOS,0,0,Morelia,Praderas del Indio,octubre,domingo,12,-101.223494028547,19.6450845894654
25930,25935,2019,,2019/10/27,13:20:00,COLISIÓN POR ALCANCE,CONCRETO,Bueno,Bueno,2,NISSAN,GRIS,2,,27,FEMENINO,SIN DATOS,0,0,Morelia,Lomas de Huerta,octubre,domingo,13,-101.214279681444,19.6743248459851
25931,25936,2019,,2019/10/27,17:20:00,COLISIÓN POR CAMBIO DE CARRIL,ASFALTO,Bueno,Bueno,2,FORD,NEGRO,2,,46,MASCULINO,SIN DATOS,0,0,Morelia,Alberto Oviedo Mota,octubre,domingo,17,-101.202128604054,19.6771197421481
25932,25937,2019,MOR 190810569,2019/10/27,18:27:00,COLISIÓN CONTRA OBJETO FIJO,ASFALTO,Bueno,Regular,1,SUZUKI,GRIS,1,,40,MASCULINO,SIN DATOS,0,0,Morelia,Poblado de Ocolusen,octubre,domingo,18,-101.150146052241,19.6917895427496
25934,25939,2019,LEG27269,2019/10/27,22:08:00,SUBIDA AL CAMELLÓN,ASFALTO,Bueno,Bueno,1,RENAUL,BLANCO,1,,,MASCULINO,SIN DATOS,0,0,Morelia,Leandro Valle,octubre,domingo,22,-101.232048030624,19.7256268631921
25935,25940,2019,,2019/10/27,22:50:00,COLISIÓN POR NO RESPETAR SEMÁFORO,ASFALTO,Lluvioso,Regular,2,FORD,VERDE,3,MINISTERIO PÚBLICO,0,FEMENINO,SIN DATOS,1,0,Morelia,Jacarandas,octubre,domingo,23,-101.210895875,19.7052847949991
25937,25942,2019,,2019/10/28,"01:35:00",SALIDA DE SUPERFICIE DE RODAMIENTO,ASFALTO,Nublado,Regular,1,NISSAN,BLANCO,1,,33,MASCULINO,SIN DATOS,0,0,Acuitzio,Sin datos,octubre,lunes,2,-101.323122046888,19.5051246665448
25938,25943,2019,,2019/10/28,"08:15:00",COLISIÓN POR CORTE DE CIRCULACIÓN,CONCRETO,Bueno,Bueno,2,MAZDA,ARENA,2,,39,MASCULINO,SIN DATOS,0,0,Morelia,Jardines de Guadalupe,octubre,lunes,8,-101.222369559109,19.7127337433924
25939,25944,2019,,2019/10/28,"09:00:00",CAIDA ACUATICA DE VEHÍCULO,ASFALTO,Bueno,Bueno,1,FORD,NEGRO,0,,,,,0,0,Los Reyes,Los Manantiales,octubre,lunes,9,-102.452762536705,19.5789348820163
25940,25945,2019,"190811853",2019/10/28,11:01:00,COLISIÓN POR CORTE DE CIRCULACIÓN,ASFALTO,Bueno,Bueno,2,INTERNATIONAL,BLANCO Y VERDE,2,,42,MASCULINO,SIN DATOS,0,0,Morelia,Santillan La Huerta,octubre,lunes,11,-101.219553885717,19.6760966650679
25941,25946,2019,,2019/10/28,11:50:00,COLISIÓN POR CORTE DE CIRCULACIÓN,ASFALTO,Bueno,Bueno,2,CHEVROLET,AZUL,0,MINISTERIO PÚBLICO,,,,0,0,Uruapan,Sin datos,octubre,lunes,12,-102.093404866755,19.3842331233012
25942,25947,2019,,2019/10/28,13:05:00,COLISIÓN CONTRA OBJETO FIJO,ASFALTO,Bueno,Bueno,1,FIAT,BLANCO,1,,33,MASCULINO,SIN DATOS,0,0,Los Reyes,Los Manantiales,octubre,lunes,13,-102.45277762413,19.578929827765
25944,25949,2019,MOR190812555,2019/10/28,14:44:00,COLISIÓN POR ALCANCE,ASFALTO,Bueno,Bueno,2,FORD,BLANCO,2,,,MASCULINO,SIN DATOS,0,0,Morelia,Camelinas,octubre,lunes,15,-101.17262119,19.6818144849991
25945,25950,2019,,2019/10/28,15:00:00,SALIDA DE SUPERFICIE DE RODAMIENTO,ASFALTO,Bueno,Bueno,1,VOLKSWAGEN,ROJO,1,,,FEMENINO,SIN DATOS,0,0,Morelia,Ana Maria Gallaga (Riviera Norte),octubre,lunes,15,-101.22460476,19.6777109999991
25946,25951,2019,,2019/10/28,15:20:00,COLISIÓN POR CORTE DE CIRCULACIÓN,ASFALTO,Bueno,Bueno,2,CHRYSLER,ROJO,2,,,MASCULINO,SIN DATOS,0,0,Morelia,Bosques de Oriente,octubre,lunes,15,-101.156914300786,19.7151617669505
25947,25952,2019,MOR190812408,2019/10/28,15:20:00,SALIDA DE SUPERFICIE DE RODAMIENTO,TERRACERIA,Bueno,Bueno,1,INTERNACIONAL,BLANCO,1,,,MASCULINO,SIN DATOS,0,0,Morelia,San Juanito Itzicuaro,octubre,lunes,15,-101.255134727027,19.6751284703389
25948,25953,2019,,2019/10/28,15:30:00,COLISIÓN POR CORTE DE CIRCULACIÓN,ASFALTO,Bueno,Bueno,2,NISSAN,NEGRO,2,,,MASCULINO,SIN DATOS,0,0,Morelia,Camelinas,octubre,lunes,16,-101.17262119,19.6818144849991
25949,25954,2019,,2019/10/28,16:00:00,COLISIÓN CONTRA OBJETO FIJO,ADOQUIN_EMPEDRADO,Bueno,Bueno,2,MERCEDES BENZ,BLANCO Y AMARILLO,2,,53,MASCULINO,SIN DATOS,0,0,Cuitzeo,Centro,octubre,lunes,16,-101.139499023557,19.9701642542314
25950,25955,2019,,2019/10/28,16:00:00,COLISIÓN POR ALCANCE,ASFALTO,Bueno,Bueno,2,FORD,GRIS,2,,,MASCULINO,SIN DATOS,0,0,Morelia,Fovissste La Huerta,octubre,lunes,16,-101.212283545,19.6922831999991
25951,25956,2019,MOR190836231,2019/10/28,19:40:00,COLISIÓN POR CORTE DE CIRCULACIÓN,ASFALTO,Bueno,Bueno,2,MITSUBISHI,ROJO,2,MINISTERIO PÚBLICO,24,MASCULINO,SIN DATOS,0,0,Morelia,Ventura Puente,octubre,lunes,20,-101.193477585,19.6956553449991
25952,25957,2019,,2019/10/28,21:00:00,VOLCADURA,ASFALTO,Bueno,Regular,1,NISSAN,PLATA,1,,42,MASCULINO,SIN DATOS,0,0,Los Reyes,Sin datos,octubre,lunes,21,-102.445173561573,19.6554055302906
25953,25958,2019,LEG27297,2019/10/29,"08:42:00",COLISIÓN POR CORTE DE CIRCULACIÓN,ASFALTO,Bueno,Bueno,2,NISSAN,BLANCO Y NARANJA,2,,,MASCULINO,SIN DATOS,0,0,Morelia,Centro,octubre,martes,9,-101.186540611088,19.7007751183202
25954,25959,2019,,2019/10/29,"09:30:00",COLISIÓN POR CAMBIO DE CARRIL,CONCRETO,Bueno,Bueno,2,CHEVROLET,BEIGE,1,,25,MASCULINO,SIN DATOS,0,0,Morelia,Balcones de Santa Maria,octubre,martes,10,-101.184865571558,19.6757376116319
25955,25960,2019,MOR190814336,2019/10/29,12:30:00,COLISIÓN POR CORTE DE CIRCULACIÓN,ASFALTO,Bueno,Bueno,3,FORD,AZUL,3,,26,MASCULINO,SIN DATOS,0,0,Morelia,Chapultepec Sur,octubre,martes,13,-101.177111640573,19.6919435890451
25956,25961,2019,,2019/10/29,13:00:00,COLISIÓN CON PEATÓN,ASFALTO,Bueno,Bueno,1,JEEP,NEGRO,1,,,,,1,0,Morelia,Indeco El Vivero,octubre,martes,13,-101.231740862131,19.6776640040681
25957,25962,2019,,2019/10/29,13:40:00,VOLCADURA,ASFALTO,Bueno,Bueno,1,NISSAN,BLANCO,1,,24,MASCULINO,SIN DATOS,0,0,Morelia,Sentimientos de La Nacion,octubre,martes,14,-101.235217005014,19.6810870660921
25958,25963,2019,,2019/10/29,14:00:00,COLISIÓN POR CORTE DE CIRCULACIÓN,ASFALTO,Bueno,Bueno,2,NISSAN,AMARILLO,2,MINISTERIO PÚBLICO,,,SIN DATOS,0,0,Lázaro Cárdenas,El Palmar 77,octubre,martes,14,-102.214760743082,17.9752758128274
25959,25964,2019,,2019/10/29,15:15:00,COLISIÓN POR ALCANCE,ASFALTO,Bueno,Bueno,3,NISSAN,BLANCO,3,MINISTERIO PÚBLICO,,MASCULINO,SIN DATOS,0,0,Morelia,Independencia,octubre,martes,15,-101.176891699433,19.7052670856247
25960,25965,2019,,2019/10/29,19:05:00,COLISIÓN POR CAMBIO DE CARRIL,CONCRETO,Bueno,Bueno,2,HYUNDAI,NEGRO,2,,33,FEMENINO,SIN DATOS,0,0,Morelia,Centro,octubre,martes,19,-101.187832094729,19.6970832208322
25961,25966,2019,LEG27301,2019/10/29,20:10:00,COLISIÓN CON PEATÓN,ASFALTO,Bueno,Bueno,1,HONDA,BLANCO,2,MINISTERIO PÚBLICO,,MASCULINO,SIN DATOS,1,0,Morelia,Prados Verdes,octubre,martes,20,-101.203944124281,19.7171953910856
25962,25967,2019,,2019/10/29,20:15:00,COLISIÓN POR CAMBIO DE CARRIL,ASFALTO,Bueno,Bueno,2,RAM,BLANCO,2,,21,MASCULINO,SIN DATOS,0,0,Morelia,Lomas del Tecnologico,octubre,martes,20,-101.190345659852,19.7220662597249
25963,25968,2019,LEG27299,2019/10/29,21:10:00,COLISIÓN POR NO RESPETAR SEMÁFORO,ASFALTO,Bueno,Bueno,2,VOLKSWAGEN,PLATA,2,,,MASCULINO,SIN DATOS,0,0,Morelia,Plan de La Garita,octubre,martes,21,-101.188160330057,19.711843987074
25964,25969,2019,LEG27298,2019/10/29,21:21:00,COLISIÓN POR CORTE DE CIRCULACIÓN,ASFALTO,Bueno,Bueno,2,TOYOTA,BLANCO Y GRIS,2,,,MASCULINO,SIN DATOS,0,0,Morelia,Gustavo Diaz Ordaz,octubre,martes,21,-101.204866804183,19.692665205579
25965,25970,2019,MOR190815895,2019/10/30,"03:15:00",COLISIÓN POR ALCANCE,ASFALTO,Bueno,Bueno,1,NISSAN,BLANCO Y NARANJA,1,MINISTERIO PÚBLICO,37,MASCULINO,ALIENTO ETÍLICO,0,0,Tarímbaro,Centro,octubre,miércoles,3,-101.087910421193,19.7907415844942
25967,25972,2019,MOR190816356,2019/10/30,10:18:00,COLISIÓN POR CORTE DE CIRCULACIÓN,ASFALTO,Bueno,Bueno,2,FORD,ROJO,2,,,MASCULINO,SIN DATOS,0,0,Morelia,Ferrocarrilero,octubre,miércoles,10,-101.223609235,19.6918737849991
25969,25974,2019,,2019/10/30,12:53:00,COLISIÓN POR CORTE DE CIRCULACIÓN,CONCRETO,Bueno,Bueno,2,NISSAN,BLANCO,2,,,MASCULINO,SIN DATOS,0,0,Morelia,El Lago 2,octubre,miércoles,13,-101.213871495,19.7259109099992
25970,25975,2019,,2019/10/30,13:15:00,COLISIÓN POR CORTE DE CIRCULACIÓN,ASFALTO,Lluvioso,Regular,2,FORD,ROJO,2,,,MASCULINO,SIN DATOS,0,0,Morelia,Praderas del Indio,octubre,miércoles,13,-101.223494028547,19.6450845894654
25972,25977,2019,,2019/10/30,14:30:00,COLISIÓN POR CAMBIO DE CARRIL,ASFALTO,Bueno,Bueno,2,RENAULT,GRIS,2,,,FEMENINO,SIN DATOS,0,0,Morelia,Granjas del Maestro,octubre,miércoles,15,-101.1912905,19.7148465
25973,25978,2019,,2019/10/30,15:30:00,COLISIÓN POR CAMBIO DE CARRIL,SIN_DATOS,Bueno,Bueno,2,TOYOTA,BLANCO Y GRIS,2,,23,MASCULINO,SIN DATOS,0,0,Morelia,Felix Arreguin,octubre,miércoles,16,-101.227841936052,19.7191623145023
25974,25979,2019,,2019/10/30,15:40:00,COLISIÓN POR ALCANCE,ASFALTO,Bueno,Bueno,2,MITSUBISHI,BLANCO,2,MINISTERIO PÚBLICO,56,MASCULINO,SIN DATOS,0,0,Morelia,Infonavit Cepamisa,octubre,miércoles,16,-101.216,19.6974
25975,25980,2019,,2019/10/30,19:40:00,COLISIÓN POR INVASIÓN DE CARRIL,ASFALTO,Bueno,Bueno,2,FORD,BLANCO,3,,,,,3,0,Coeneo,Sin datos,octubre,miércoles,20,-101.574938558042,19.8428539536542
25976,25981,2019,,2019/10/30,20:25:00,COLISIÓN POR CORTE DE CIRCULACIÓN,ASFALTO,Bueno,Bueno,2,NISSAN,BLANCO,2,,,MASCULINO,SIN DATOS,0,0,Morelia,Los Encinos,octubre,miércoles,20,-101.180319425,19.6679350849991
25977,25982,2019,,2019/10/30,22:00:00,COLISIÓN POR CORTE DE CIRCULACIÓN,ASFALTO,Bueno,Bueno,4,NISSAN,BLANCO,2,,68,MASCULINO,CON CERTIFICADO,0,0,Morelia,Felicitas del Rio,octubre,miércoles,22,-101.200257123757,19.6935246012511
25978,25983,2019,,2019/10/31,"00:00:00",COLISIÓN CONTRA OBJETO FIJO,ASFALTO,Nublado,Bueno,1,FORD,NEGRO,0,MINISTERIO PÚBLICO,,,,0,0,Tacámbaro,Sin datos,octubre,jueves,0,-101.426742821932,19.2463881489847
25979,25984,2019,,2019/10/31,"02:40:00",SUBIDA AL CAMELLÓN,ASFALTO,Bueno,Bueno,1,CHEVROLET,BLANCO,1,,,MASCULINO,SIN DATOS,0,0,Morelia,Fidel Velazquez,octubre,jueves,3,-101.236643529545,19.7030707982529
25982,25987,2019,LEG27324,2019/10/31,"07:50:00",COLISIÓN POR ALCANCE,ASFALTO,Bueno,Bueno,2,FORD,ROJO,2,,,,SIN DATOS,0,0,Morelia,Felix Ireta,octubre,jueves,8,-101.195677220821,19.6814879917477
25983,25988,2019,LEG27327,2019/10/31,"08:00:00",COLISIÓN POR CORTE DE CIRCULACIÓN,CONCRETO,Lluvioso,Bueno,2,HONDA,GRIS,2,,,MASCULINO,SIN DATOS,0,0,Morelia,Campestre del Vergel,octubre,jueves,8,-101.241004373878,19.6743488394275
25984,25989,2019,LEG27329,2019/10/31,12:40:00,COLISIÓN CON PEATÓN,ASFALTO,Bueno,Regular,1,HONDA,GRIS,1,MINISTERIO PÚBLICO,,MASCULINO,SIN DATOS,0,0,Morelia,El Porvenir,octubre,jueves,13,-101.20495095849,19.7085500465291
25985,25990,2019,LEG27338,2019/10/31,13:00:00,COLISIÓN CONTRA OBJETO FIJO,ASFALTO,Bueno,Bueno,1,CHEVROLET,BLANCO CON AZUL,0,,,,,0,0,Morelia,Leandro Valle,octubre,jueves,13,-101.228913813829,19.72460531434
25986,25991,2019,LEG27326,2019/10/31,13:14:00,COLISIÓN POR MANIOBRA DE REVERSA,ASFALTO,Bueno,Bueno,2,VOLVO,BLANCO,2,,,MASCULINO,SIN DATOS,0,0,Morelia,Sentimientos de La Nacion,octubre,jueves,13,-101.2368715927,19.6848049027524
25987,25992,2019,LEG27331,2019/10/31,14:00:00,COLISIÓN POR CAMBIO DE CARRIL,ASFALTO,Bueno,Bueno,2,FORD,GRIS,2,,,FEMENINO,SIN DATOS,0,0,Morelia,Ventura Puente,octubre,jueves,14,-101.189959086478,19.690874416311
25988,25993,2019,MOR190819418,2019/10/31,14:10:00,COLISIÓN POR ALCANCE,ASFALTO,Bueno,Bueno,2,CHEVROLET,BLANCO,2,,19,MASCULINO,SIN DATOS,0,0,Morelia,Lomas del Tecnologico,octubre,jueves,14,-101.193063743412,19.723273459771
25989,25994,2019,MOR190819636,2019/10/31,15:00:00,COLISIÓN POR ALCANCE,ASFALTO,Bueno,Bueno,2,INTERNATIONAL,BLANCO,2,,29,MASCULINO,SIN DATOS,0,0,Morelia,Felix Ireta,octubre,jueves,15,-101.192182973027,19.6823627638485
25990,25995,2019,LEG27333,2019/10/31,16:26:00,COLISIÓN CONTRA OBJETO FIJO,ASFALTO,Bueno,Bueno,2,TOYOTA,BLANCO CON GRIS,2,,,MASCULINO,SIN DATOS,0,0,Morelia,Ventura Puente,octubre,jueves,16,-101.188120096922,19.6903766030093
25991,25996,2019,,2019/10/31,17:25:00,COLISIÓN POR INVASIÓN DE CARRIL,ASFALTO,Bueno,Bueno,2,CHEVROLET,BLANCO,3,MINISTERIO PÚBLICO,34,FEMENINO,SIN DATOS,1,0,Puruándiro,Tenerias,octubre,jueves,17,-101.510410308165,20.0952305792359
25992,25997,2019,MOR190820258,2019/10/31,17:40:00,VOLCADURA,TERRACERIA,Nublado,Regular,1,FREYGHTLINER,AZUL,1,,47,MASCULINO,SIN DATOS,0,0,Tzitzio,Sin datos,octubre,jueves,18,-100.923920497298,19.5778144137978
25993,25998,2019,,2019/10/31,17:50:00,COLISIÓN CON PEATÓN,CONCRETO,Bueno,Bueno,1,DODGE DAKOTA,BLANCO,1,MINISTERIO PÚBLICO,,,,1,0,Morelia,San Juanito Itzicuaro,octubre,jueves,18,-101.254757638673,19.6736553213142
25994,25999,2019,LEG27335,2019/10/31,18:22:00,SUBIDA AL CAMELLÓN,ASFALTO,Bueno,Bueno,1,HONDA,GRIS,1,,,MASCULINO,SIN DATOS,0,0,Morelia,Cumbres de Morelia,octubre,jueves,18,-101.140420362353,19.6911752501051
25995,26000,2019,MOR190820488,2019/10/31,20:20:00,COLISIÓN POR ALCANCE,ASFALTO,Bueno,Bueno,2,VOLKSWAGEN,BLANCO,2,,42,FEMENINO,SIN DATOS,0,0,Morelia,Jardines de Torremolinos,octubre,jueves,20,-101.2257585302,19.6767124915904