fid,id_accidente,anio_origen,folio_c5i,dia_incidente,hora_ocurrencia,tipo_incidente_vial,superficie_ocurrencia,condiciones_climaticas,condiciones_via,numero_vehiculos_involucrados,marca_vehiculo_ocasiona_siniestro,color_vehiculo_ocasiona_siniestro,numero_personas_involucradas,lugar_remite_presunto_responsable,edad_presunto_responsable,sexo_presunto_responsable,resultados_toxicologia,numero_personas_lesionadas,numero_personas_fallecidas,municipio,colonia,mes,dia_semana,hora_redondeada,lon,lat
25996,26001,2019,LEG27339,2019/10/31,20:28:00,COLISIÓN POR CORTE DE CIRCULACIÓN,ASFALTO,Bueno,Regular,2,VOLKSWAGEN,ROJO,2,MINISTERIO PÚBLICO,,MASCULINO,SIN DATOS,0,0,Tarímbaro,Sin datos,octubre,jueves,20,-101.132783442736,19.7759556153459
25997,26002,2019,,2019/10/31,21:15:00,COLISIÓN POR ALCANCE,ASFALTO,Bueno,Bueno,2,Nissan,Blanco,2,,,MASCULINO,SIN DATOS,0,0,Tarímbaro,Sin datos,octubre,jueves,21,-101.157265640795,19.768302603145
25998,26003,2019,LEG27330,2019/10/31,31:54:00,COLISIÓN POR CORTE DE CIRCULACIÓN,CONCRETO,Bueno,Bueno,2,CHEVROLET,CAFÉ,2,MINISTERIO PÚBLICO,,MASCULINO,SIN DATOS,0,0,Morelia,Industrial,octubre,jueves,,-101.188852339983,19.7110315553775
25999,26004,2019,,2019/11/01,"05:45:00",COLISIÓN CONTRA OBJETO FIJO,ASFALTO,Bueno,Bueno,1,NISSAN,GRIS,1,,,MASCULINO,SIN DATOS,0,0,Morelia,Lomas del Tecnologico,noviembre,viernes,6,-101.192971737429,19.7218067072296
26000,26005,2019,,2019/11/01,12:10:00,COLISIÓN POR ALCANCE,ASFALTO,Bueno,Bueno,2,NISSAN,BLANCO Y AZUL,2,,0,MASCULINO,SIN DATOS,0,0,Morelia,Elias Perez Avalos,noviembre,viernes,12,-101.167813022979,19.7136335493406
26001,26006,2019,MOR190821932,2019/11/01,12:48:00,COLISIÓN POR CAMBIO DE CARRIL,ASFALTO,Bueno,Bueno,2,FORD,GRIS,2,,55,MASCULINO,SIN DATOS,0,0,Morelia,Union Antorchista,noviembre,viernes,13,-101.268784945772,19.7002996149795
26003,26008,2019,,2019/11/01,15:35:00,COLISIÓN POR CORTE DE CIRCULACIÓN,ASFALTO,Bueno,Regular,2,NISSAN,PLATA,2,,37,FEMENINO,SIN DATOS,0,0,Morelia,Santiaguito,noviembre,viernes,16,-101.195830609649,19.7180327252096
26004,26009,2019,,2019/11/01,16:10:00,COLISIÓN POR ALCANCE,ASFALTO,Bueno,Bueno,2,CHEVROLET,BLANCO,2,,32,MASCULINO,SIN DATOS,0,0,Morelia,Dr Miguel Silva,noviembre,viernes,16,-101.187927793444,19.7204887484457
26005,26010,2019,,2019/11/01,17:35:00,COLISIÓN POR ALCANCE,ASFALTO,Bueno,Bueno,2,INTERNATIONAL,BLANCO,2,,27,MASCULINO,SIN DATOS,0,0,Morelia,La Quemada,noviembre,viernes,18,-101.237715482712,19.7015958089945
26006,26011,2019,,2019/11/01,18:13:00,COLISIÓN POR CAMBIO DE CARRIL,ASFALTO,Bueno,Bueno,2,TOYOTA,BLANCO Y GRIS,2,,44,MASCULINO,SIN DATOS,0,0,Morelia,La Quemada,noviembre,viernes,18,-101.240059827697,19.7032952648833
26007,26012,2019,MOR190822667,2019/11/01,18:21:00,COLISIÓN POR ALCANCE,ASFALTO,Bueno,Bueno,2,CHEVROLET,AZUL,2,,21,MASCULINO,SIN DATOS,0,0,Morelia,Tzindurio de Morelos,noviembre,viernes,18,-101.245044000887,19.6974820969065
26008,26013,2019,LEG27359,2019/11/01,19:10:00,COLISIÓN POR INVASIÓN DE CARRIL,ASFALTO,Nublado,Regular,2,YAMAHA,AZUL Y GRIS,2,,0,MASCULINO,SIN DATOS,0,0,Morelia,Asociacion Zirahuen,noviembre,viernes,19,-101.246157735586,19.6996132025175
26009,26014,2019,LEG27360,2019/11/01,20:00:00,COLISIÓN POR ALCANCE,CONCRETO,Nublado,Bueno,3,MAZDA,GRIS,3,,54,FEMENINO,SIN DATOS,0,0,Morelia,Agustin Arriaga Rivera,noviembre,viernes,20,-101.224532425404,19.691072972992
26010,26015,2019,MOR190823034,2019/11/01,21:04:00,COLISIÓN POR CORTE DE CIRCULACIÓN,ASFALTO,Lluvioso,Bueno,2,VOLKSWAGEN,BLANCO,2,,38,MASCULINO,SIN DATOS,0,0,Morelia,Eduardo Ruiz,noviembre,viernes,21,-101.21265151,19.7159304249991
26011,26016,2019,,2019/11/01,21:20:00,COLISIÓN POR ALCANCE,ASFALTO,Nublado,Regular,2,HONDA,BLANCO,2,,20,MASCULINO,SIN DATOS,0,0,Morelia,Josefa Ortiz de Dominguez,noviembre,viernes,21,-101.210028273306,19.7251863412066
26013,26018,2019,MOR190897867,2019/11/02,"00:00:00",COLISIÓN CON PEATÓN,ASFALTO,Lluvioso,Bueno,1,FORD,GRIS,2,,25,MASCULINO,SIN DATOS,1,0,Morelia,Carlos Salazar,noviembre,sábado,0,-101.209658559066,19.7124165765648
26014,26019,2019,LEG27358,2019/11/02,"02:30:00",SALIDA DE SUPERFICIE DE RODAMIENTO,ASFALTO,Nublado,Regular,1,HONDA,AZUL,1,,47,MASCULINO,ALIENTO ETÍLICO,0,0,Morelia,Felix Ireta,noviembre,sábado,3,-101.195666827261,19.6814939898405
26015,26020,2019,,2019/11/02,"03:10:00",COLISIÓN POR CORTE DE CIRCULACIÓN,CONCRETO,Bueno,Bueno,2,NISSAN,BLANCO,2,MINISTERIO PÚBLICO,,MASCULINO,SIN DATOS,0,0,Morelia,Santa Maria de Guido,noviembre,sábado,3,-101.19173425636,19.6770188028595
26018,26023,2019,,2019/11/02,"07:00:00",SALIDA DE SUPERFICIE DE RODAMIENTO,ASFALTO,Bueno,Bueno,1,VOLKSWAGEN,BLANCO,1,,0,MASCULINO,SIN DATOS,0,0,Tarímbaro,Puebla,noviembre,sábado,7,-101.197,19.7499
26020,26025,2019,,2019/11/02,11:00:00,COLISIÓN POR INVASIÓN DE CARRIL,ASFALTO,Bueno,Bueno,2,VOLKSWAGEN,PLATA,0,MINISTERIO PÚBLICO,,,,0,0,Tuxpan,Sin datos,noviembre,sábado,11,-100.469169728458,19.6080627399922
26022,26027,2019,MOR190824498,2019/11/02,13:57:00,COLISIÓN POR CAMBIO DE CARRIL,CONCRETO,Lluvioso,Bueno,2,NISSAN,GUINDA,2,MINISTERIO PÚBLICO,0,FEMENINO,SIN DATOS,0,0,Morelia,Rincon Campestre,noviembre,sábado,14,-101.143932085,19.6870753799991
26024,26029,2019,MOR 190825253,2019/11/02,16:33:00,COLISIÓN POR CAMBIO DE CARRIL,ASFALTO,Lluvioso,Bueno,2,SEAT,ROJO,2,,0,MASCULINO,SIN DATOS,0,0,Morelia,Tlalpujahua,noviembre,sábado,17,-101.219196444834,19.676604838363
26025,26030,2019,,2019/11/02,17:30:00,COLISIÓN POR CORTE DE CIRCULACIÓN,ASFALTO,Bueno,Bueno,2,NISSAN,BLANCO,2,MINISTERIO PÚBLICO,39,MASCULINO,SIN DATOS,0,0,Pátzcuaro,Sin datos,noviembre,sábado,18,-101.598837040365,19.5458018077619
26026,26031,2019,,2019/11/02,18:00:00,COLISIÓN POR ALCANCE,ASFALTO,Bueno,Bueno,3,NISSAN,ROJO,4,MINISTERIO PÚBLICO,86,MASCULINO,SIN DATOS,2,0,Puruándiro,Lomas de Agua Tibia,noviembre,sábado,18,-101.49074703455,20.0884597600715
26029,26034,2019,MOR190825743,2019/11/02,19:45:00,COLISIÓN POR ALCANCE,ASFALTO,Bueno,Bueno,2,VOLKSWAGEN,BLANCO,2,,20,MASCULINO,SIN DATOS,0,0,Morelia,Los Sauces,noviembre,sábado,20,-101.206,19.6795
26030,26035,2019,,2019/11/02,19:50:00,COLISIÓN POR INVASIÓN DE CARRIL,ASFALTO,Bueno,Bueno,3,VOLKSWAGEN,PLATA,3,MINISTERIO PÚBLICO,,,,3,0,Jungapeo,Sin datos,noviembre,sábado,20,-100.445525385439,19.4852366148581
26031,26036,2019,,2019/11/02,21:10:00,COLISIÓN POR ALCANCE,ASFALTO,Bueno,Bueno,1,TOYOTA HIACE,BCO/CORAL,1,,31,MASCULINO,SIN DATOS,0,0,Morelia,Centro,noviembre,sábado,21,-101.18754847,19.7028479949991
26032,26037,2019,LEG27368,2019/11/02,21:33:00,COLISIÓN CONTRA OBJETO FIJO,ASFALTO,Lluvioso,Bueno,2,FORD,ROJO,1,,0,MASCULINO,SIN DATOS,0,0,Morelia,Torreon Nuevo,noviembre,sábado,22,-101.20358663,19.7462449699991
26033,26038,2019,LEG27374,2019/11/02,23:00:00,COLISIÓN POR ALCANCE,ASFALTO,Nublado,Malo,2,CHEVROLET,ROJO,2,,0,MASCULINO,ALIENTO ETÍLICO,0,0,Morelia,Torreon Nuevo,noviembre,sábado,23,-101.209783385,19.7474967049991
26036,26041,2019,,2019/11/03,"00:40:00",SALIDA DE SUPERFICIE DE RODAMIENTO,ASFALTO,Lluvioso,Bueno,1,YAMAHA,BLANCO,1,MINISTERIO PÚBLICO,,,,1,0,Morelia,Adolfo Lopez Mateos,noviembre,domingo,1,-101.223528943956,19.694899481463
26037,26042,2019,MOR190826141,2019/11/03,"01:35:00",COLISIÓN POR CORTE DE CIRCULACIÓN,ASFALTO,Lluvioso,Bueno,2,VOLKSWAGEN,GRIS,2,,19,MASCULINO,SIN DATOS,0,0,Morelia,Lomas de Guayangareo,noviembre,domingo,2,-101.16046162,19.7015772199991
26038,26043,2019,LEG27375,2019/11/03,"04:45:00",COLISIÓN CONTRA OBJETO FIJO,ASFALTO,Lluvioso,Bueno,1,HONDA,AZUL,1,MINISTERIO PÚBLICO,59,MASCULINO,SIN DATOS,0,0,Morelia,Santa Maria,noviembre,domingo,5,-101.201897598803,19.6778287976259
26040,26045,2019,MOR190827393,2019/11/03,15:00:00,COLISIÓN POR CORTE DE CIRCULACIÓN,ASFALTO,Bueno,Bueno,2,BAJAJ,NEGRO,2,,,MASCULINO,SIN DATOS,0,0,Morelia,Jardines de Santiaguito,noviembre,domingo,15,-101.208770462447,19.7185335409359
26041,26046,2019,,2019/11/03,15:35:00,COLISIÓN POR INVASIÓN DE CARRIL,ASFALTO,Bueno,Bueno,2,NISSAN,ARENA,2,MINISTERIO PÚBLICO,50,MASCULINO,SIN DATOS,0,0,Zacapu,Villa Guzman,noviembre,domingo,16,-101.782072149217,19.8068876307884
26042,26047,2019,MOR190897674,2019/11/03,17:10:00,COLISIÓN POR CAMBIO DE CARRIL,CONCRETO,Bueno,Bueno,2,VOLVO,BLANCO,1,,24,MASCULINO,SIN DATOS,0,0,Morelia,Nueva Chapultepec,noviembre,domingo,17,-101.16916257,19.6880920949992
26044,26049,2019,MOR190897876,2019/11/03,19:20:00,SUBIDA AL CAMELLÓN,CONCRETO,Bueno,Bueno,1,FORD,GRIS,1,,48,MASCULINO,SIN DATOS,0,0,Morelia,San Isidro Itzicuaro Norte,noviembre,domingo,19,-101.27077885,19.7035375149991
26045,26050,2019,MOR190828000,2019/11/03,19:35:00,COLISIÓN POR CORTE DE CIRCULACIÓN,ASFALTO,Lluvioso,Bueno,1,SUZUKI,AZUL,1,MINISTERIO PÚBLICO,,,,1,0,Morelia,Del Prendimiento,noviembre,domingo,20,-101.392976,19.672974
26046,26051,2019,,2019/11/03,20:03:00,COLISIÓN POR INVASIÓN DE CARRIL,ASFALTO,Nublado,Malo,1,VOLKSWAGEN,BLANCO,1,,41,MASCULINO,SIN DATOS,0,0,Morelia,Sin datos,noviembre,domingo,20,-101.350952982903,19.5313544064667
26047,26052,2019,,2019/11/03,21:00:00,COLISIÓN POR ALCANCE,ASFALTO,Bueno,Bueno,2,ITALIKA,ROJO/NEGRO,4,MINISTERIO PÚBLICO,16,MASCULINO,SIN DATOS,2,0,Puruándiro,Adolfo Lopez  Mateos,noviembre,domingo,21,-101.505838818848,20.092050285124
26048,26053,2019,,2019/11/03,22:45:00,VOLCADURA,ASFALTO,Lluvioso,Regular,1,FORD,GRIS,1,,25,MASCULINO,SIN DATOS,0,0,Morelia,Isaac Arriaga,noviembre,domingo,23,-101.170068634056,19.7110391206767
26049,26054,2019,MOR 190828998,2019/11/04,"08:30:00",COLISIÓN POR NO RESPETAR SEMÁFORO,ASFALTO,Bueno,Bueno,2,CHEVROLET,GRIS,2,,30,MASCULINO,SIN DATOS,0,0,Morelia,Santillan La Huerta,noviembre,lunes,9,-101.219553885717,19.6760966650679
26050,26055,2019,,2019/11/04,10:30:00,COLISIÓN POR INVASIÓN DE CARRIL,ASFALTO,Bueno,Bueno,2,NISSAN,BLANCO,2,,30,MASCULINO,SIN DATOS,0,0,Morelia,Industrial,noviembre,lunes,11,-101.189085515637,19.7123104021622
26051,26056,2019,,2019/11/04,12:00:00,COLISIÓN POR ALCANCE,ASFALTO,Bueno,Bueno,2,NISSAN,BLANCO,2,,30,MASCULINO,SIN DATOS,0,0,Morelia,Articulo Constitucional,noviembre,lunes,12,-101.172246765224,19.7144412230034
26052,26057,2019,,2019/11/04,14:00:00,COLISIÓN POR CAMBIO DE CARRIL,ASFALTO,Bueno,Bueno,2,INTERNATIONAL,BLANCO,2,,41,MASCULINO,SIN DATOS,0,0,Morelia,Centro,noviembre,lunes,14,-101.18754847,19.7028479949991
26053,26058,2019,,2019/11/04,14:35:00,SALIDA DE SUPERFICIE DE RODAMIENTO,ASFALTO,Bueno,Bueno,2,S/D,BLANCO,1,,28,MASCULINO,SIN DATOS,0,0,Huandacareo,Sin datos,noviembre,lunes,15,-101.302333921194,19.9777378895177
26054,26059,2019,,2019/11/04,14:50:00,COLISIÓN POR CORTE DE CIRCULACIÓN,ASFALTO,Bueno,Bueno,2,FORD,ROJO,2,,32,MASCULINO,SIN DATOS,0,0,Morelia,San Rafael,noviembre,lunes,15,-101.152968146101,19.7007687948401
26055,26060,2019,,2019/11/04,15:10:00,COLISIÓN CONTRA OBJETO FIJO,ASFALTO,Bueno,Bueno,1,NISSAN,AZUL,0,MINISTERIO PÚBLICO,,,,0,0,Los Reyes,Sin datos,noviembre,lunes,15,-102.386229671538,19.6196088839895
26056,26061,2019,MOR190829882,2019/11/04,15:20:00,COLISIÓN POR ALCANCE,ASFALTO,Bueno,Bueno,2,KENWORTH,BLANCO,2,,41,MASCULINO,SIN DATOS,0,0,Morelia,Indeco El Vivero,noviembre,lunes,15,-101.229996755719,19.6769334803936
26057,26062,2019,LEG27412,2019/11/04,15:20:00,COLISIÓN POR CORTE DE CIRCULACIÓN,ASFALTO,Bueno,Bueno,1,HONDA,BLANCO,1,,19,MASCULINO,SIN DATOS,0,0,Morelia,Felix Ireta,noviembre,lunes,15,-101.195665486157,19.6814939898405
26058,26063,2019,MOR 190 829887,2019/11/04,15:22:00,COLISIÓN POR CAMBIO DE CARRIL,ASFALTO,Bueno,Bueno,2,VOLKSWAGEN,BLANCO,2,,,MASCULINO,SIN DATOS,0,0,Morelia,Gral Gertrudis Sanchez,noviembre,lunes,15,-101.2094753,19.7439916449991
26059,26064,2019,MOR190830034,2019/11/04,16:10:00,COLISIÓN POR INVASIÓN DE CARRIL,ASFALTO,Bueno,Bueno,2,MERCEDES BENZ,BLANCO Y AZUL,2,,21,MASCULINO,SIN DATOS,0,0,Morelia,Plan de La Garita,noviembre,lunes,16,-101.183957308531,19.7133239656754
26060,26065,2019,MOR190830525,2019/11/04,17:20:00,COLISIÓN POR CORTE DE CIRCULACIÓN,ASFALTO,Bueno,Bueno,2,INTERNATIONAL,BLANCO,2,,40,MASCULINO,SIN DATOS,0,0,Morelia,Veinte de Noviembre,noviembre,lunes,17,-101.16693748,19.7207979449991
26062,26067,2019,MOR190830219,2019/11/04,17:35:00,COLISIÓN POR CORTE DE CIRCULACIÓN,ASFALTO,Bueno,Bueno,2,VOLKSWAGEN,BLANCO,2,,43,MASCULINO,SIN DATOS,0,0,Morelia,Real San Diego,noviembre,lunes,18,-101.2202755,19.6650565
26063,26068,2019,MOR190190830363,2019/11/04,18:00:00,COLISIÓN POR CORTE DE CIRCULACIÓN,ASFALTO,Bueno,Bueno,2,NISSAN,CAFÉ,2,,73,MASCULINO,SIN DATOS,0,0,Morelia,Alberto Oviedo Mota,noviembre,lunes,18,-101.199272722006,19.6849873671682
26064,26069,2019,,2019/11/04,18:10:00,COLISIÓN POR CORTE DE CIRCULACIÓN,ADOQUIN_EMPEDRADO,Bueno,Bueno,2,FORD,AZUL,2,MINISTERIO PÚBLICO,34,MASCULINO,SIN DATOS,0,0,Pátzcuaro,Jacarandas,noviembre,lunes,18,-101.599957533181,19.5058938943359
26065,26070,2019,MOR190823284,2019/11/04,18:52:00,COLISIÓN POR CAMBIO DE CARRIL,ASFALTO,Bueno,Bueno,2,VOLKSWAGEN,NEGRO,2,,29,MASCULINO,SIN DATOS,0,0,Morelia,Tzindurio de Morelos,noviembre,lunes,19,-101.243792362511,19.7000768966326
26066,26071,2019,,2019/11/04,19:40:00,COLISIÓN POR ALCANCE,ASFALTO,Bueno,Bueno,2,CHEVROLET,ARENA,0,,,,,0,0,Coeneo,Sin datos,noviembre,lunes,20,-101.632302626967,19.8493942737796
26067,26072,2019,LEG27410,2019/11/04,20:10:00,COLISIÓN POR ALCANCE,ASFALTO,Bueno,Bueno,2,FORD,ROJO,2,,69,MASCULINO,SIN DATOS,0,0,Morelia,Tierra Y Libertad,noviembre,lunes,20,-101.230331361294,19.715584780928
26069,26074,2019,,2019/11/04,21:08:00,COLISIÓN POR CORTE DE CIRCULACIÓN,ASFALTO,Bueno,Bueno,2,NISSAN,CAFE,0,,,,,0,0,Morelia,Popular Pogreso,noviembre,lunes,21,-101.200145965135,19.7202451059807
26071,26076,2019,MOR19089952,2019/11/04,22:10:00,COLISIÓN POR CORTE DE CIRCULACIÓN,CONCRETO,Lluvioso,Bueno,2,DINAMO,ROJO Y NEGRO,2,,29,MASCULINO,SIN DATOS,0,0,Morelia,Villas del Real,noviembre,lunes,22,-101.19965834,19.7347633699991
26072,26077,2019,,2019/11/04,22:50:00,SALIDA DE SUPERFICIE DE RODAMIENTO,ASFALTO,Bueno,Bueno,1,NISSAN,BLANCO,0,,,,,0,0,Morelia,Los Angeles,noviembre,lunes,23,-101.172693695,19.7488773499992
26074,26079,2019,LEG27414,2019/11/05,"05:10:00",VOLCADURA,ASFALTO,Bueno,Bueno,1,NISSAN,BLANCO Y ROJO,1,,49,,SIN DATOS,0,0,Tarímbaro,Campestre Tarimbaro,noviembre,martes,5,-101.129,19.7744
26075,26080,2019,MOR1910831324,2019/11/05,"08:15:00",COLISIÓN POR CORTE DE CIRCULACIÓN,ASFALTO,Bueno,Bueno,2,JEEP,VERDE,1,,,FEMENINO,SIN DATOS,0,0,Morelia,Fuentes de Morelia,noviembre,martes,8,-101.203743293881,19.6707235789807
26076,26081,2019,,2019/11/05,"08:40:00",COLISIÓN POR CORTE DE CIRCULACIÓN,ASFALTO,Bueno,Bueno,2,GENERAL MOTORS,BLANCO Y VERDE,2,,30,MASCULINO,SIN DATOS,0,0,Morelia,Jardines del Quinceo,noviembre,martes,9,-101.206266085825,19.7227669102738
26077,26082,2019,MOR190831332,2019/11/05,"08:48:00",COLISIÓN POR CORTE DE CIRCULACIÓN,ASFALTO,Bueno,Bueno,2,NISSAN,MARRON,2,,47,MASCULINO,SIN DATOS,0,0,Morelia,Nueva Chapultepec,noviembre,martes,9,-101.16985257715,19.6870424451073
26079,26084,2019,,2019/11/05,11:00:00,COLISIÓN CONTRA OBJETO FIJO,ASFALTO,Bueno,Bueno,1,NISSAN,BLANCO Y AZUL,1,,,MASCULINO,SIN DATOS,0,0,Morelia,El Lago 2,noviembre,martes,11,-101.212028972805,19.726280847367
26080,26085,2019,MOR1901831681,2019/11/05,11:15:00,COLISIÓN POR INVASIÓN DE CARRIL,ASFALTO,Bueno,Bueno,2,VOLKSWAGEN,ROJO,2,MINISTERIO PÚBLICO,,MASCULINO,SIN DATOS,0,0,Morelia,Chapultepec Sur,noviembre,martes,11,-101.171449125214,19.6920309500482
26081,26086,2019,,2019/11/05,13:10:00,COLISIÓN POR CORTE DE CIRCULACIÓN,ASFALTO,Bueno,Bueno,2,FORD,BLANCO/ROJO,0,MINISTERIO PÚBLICO,,,,0,0,Hidalgo,Centro,noviembre,martes,13,-100.553271,19.691029
26082,26087,2019,,2019/11/05,13:40:00,COLISIÓN POR CAMBIO DE CARRIL,ASFALTO,Bueno,Bueno,2,NISSAN,BLANCO,2,,43,MASCULINO,SIN DATOS,0,0,Morelia,Libertad,noviembre,martes,14,-101.238000132144,19.6874742922335
26083,26088,2019,,2019/11/05,18:30:00,COLISIÓN POR CAMBIO DE CARRIL,ASFALTO,Bueno,Bueno,2,GMC,BLANCO,2,,,MASCULINO,SIN DATOS,0,0,Morelia,Jesus Romero Flores,noviembre,martes,19,-101.173563748598,19.7286951746635
26084,26089,2019,,2019/11/05,20:25:00,COLISIÓN POR INVASIÓN DE CARRIL,CONCRETO,Bueno,Bueno,2,TOYOTA,BLANCO Y ROJO,2,MINISTERIO PÚBLICO,,MASCULINO,SIN DATOS,0,0,Morelia,Jardines de Guadalupe,noviembre,martes,20,-101.225039362907,19.7125863452951
26085,26090,2019,,2019/11/06,"00:00:00",VOLCADURA,ASFALTO,Bueno,Bueno,1,CHEVROLET,GRIS,0,MINISTERIO PÚBLICO,,,,0,0,Jacona,Lazaro Cardenas,noviembre,miércoles,0,-102.328080218285,19.9343384108445
26086,26091,2019,MOR190833241,2019/11/06,"02:20:00",COLISIÓN CONTRA OBJETO FIJO,ASFALTO,Bueno,Bueno,1,CHEVROLET,AZUL,1,,25,MASCULINO,ALIENTO ETÍLICO,0,0,Tarímbaro,Sin datos,noviembre,miércoles,2,-101.142059527338,19.7940909283121
26087,26092,2019,,2019/11/06,"08:10:00",COLISIÓN POR CORTE DE CIRCULACIÓN,ASFALTO,Bueno,Regular,2,FORD,BLANCO,2,,39,MASCULINO,SIN DATOS,0,0,Morelia,Primo Tapia Oriente,noviembre,miércoles,8,-101.162342695,19.7138835499992
26088,26093,2019,,2019/11/06,"08:30:00",COLISIÓN CONTRA OBJETO FIJO,ASFALTO,Bueno,Bueno,2,DODGE,ALMENDRA,2,,28,MASCULINO,SIN DATOS,0,0,Morelia,Industrial,noviembre,miércoles,9,-101.196786649525,19.709542086548
26089,26094,2019,LEG27442,2019/11/06,"08:50:00",SUBIDA AL CAMELLÓN,ASFALTO,Bueno,Bueno,1,CHEVROLET,BLANCO Y AZUL,1,,43,MASCULINO,SIN DATOS,0,0,Morelia,Tenencia Morelos,noviembre,miércoles,9,-101.246911101043,19.6496797904708
26090,26095,2019,,2019/11/06,10:30:00,COLISIÓN POR CORTE DE CIRCULACIÓN,ASFALTO,Bueno,Bueno,2,NISSAN,NEGRO,2,,57,MASCULINO,SIN DATOS,0,0,Morelia,Chapultepec Norte,noviembre,miércoles,11,-101.176202945,19.6965285599991
26091,26096,2019,,2019/11/06,11:58:00,COLISIÓN POR CORTE DE CIRCULACIÓN,ASFALTO,Bueno,Bueno,2,TOYOTA,PLATA,3,MINISTERIO PÚBLICO,47,MASCULINO,SIN DATOS,1,0,Zacapu,Garcia Padilla,noviembre,miércoles,12,-101.797245740891,19.8134417331224
26093,26098,2019,,2019/11/06,13:00:00,COLISIÓN POR CORTE DE CIRCULACIÓN,ASFALTO,Bueno,Bueno,2,YAMAHA,NEGRO,2,,25,MASCULINO,CON CERTIFICADO,0,0,Morelia,Irrigacion,noviembre,miércoles,13,-101.225130222738,19.7046727302453
26094,26099,2019,LEG27447,2019/11/06,13:38:00,COLISIÓN POR ALCANCE,ASFALTO,Bueno,Bueno,2,TOYOTA,BLANCO Y GRIS,2,,,MASCULINO,SIN DATOS,0,0,Morelia,Martires de Uruapan,noviembre,miércoles,14,-101.197014302015,19.7247653255047
26095,26100,2019,,2019/11/06,15:30:00,COLISIÓN POR CORTE DE CIRCULACIÓN,ASFALTO,Bueno,Bueno,2,NISSAN,BLANCO Y AMARILLO,2,,21,MASCULINO,SIN DATOS,0,0,Morelia,Ventura Puente,noviembre,miércoles,16,-101.18414003402,19.6893285699462
26096,26101,2019,MOR190834541,2019/11/06,15:32:00,COLISIÓN POR ALCANCE,ASFALTO,Bueno,Bueno,2,DODGE,BLANCO,2,MINISTERIO PÚBLICO,40,FEMENINO,SIN DATOS,0,0,Morelia,Rafael Carrillo,noviembre,miércoles,16,-101.237213909626,19.7072811858668
26097,26102,2019,MOR190190835225,2019/11/06,17:30:00,COLISIÓN CONTRA OBJETO FIJO,ASFALTO,Bueno,Bueno,2,FORD,NEGRO,2,,,FEMENINO,SIN DATOS,0,0,Morelia,San Isidro Itzicuaro Norte,noviembre,miércoles,18,-101.264176480472,19.7035787065513
26098,26103,2019,MOR190834749,2019/11/06,20:10:00,COLISIÓN POR NO RESPETAR SEMÁFORO,ASFALTO,Bueno,Bueno,2,INTERNATIONAL,ROJO,2,,,MASCULINO,SIN DATOS,0,0,Morelia,Centenario (Los Alamos Poniente),noviembre,miércoles,20,-101.175265610218,19.7347892163172
26099,26104,2019,,2019/11/06,21:45:00,COLISIÓN POR CAMBIO DE CARRIL,ASFALTO,Bueno,Bueno,2,TOYOTA,BLANCO,2,,23,MASCULINO,SIN DATOS,0,0,Morelia,Los Manantiales de Morelia,noviembre,miércoles,22,-101.240234076977,19.6927371776533
26100,26105,2019,MOR 190835855,2019/11/07,"00:00:00",COLISIÓN POR CORTE DE CIRCULACIÓN,ASFALTO,Bueno,Malo,2,CHEVROLET,CAFE,2,,43,MASCULINO,SIN DATOS,0,0,Morelia,Mision del Valle,noviembre,jueves,0,-101.117413805995,19.764624
26102,26107,2019,MOR190835655,2019/11/07,"07:00:00",COLISIÓN CONTRA OBJETO FIJO,ASFALTO,Bueno,Bueno,1,NISSAN,BLANCO,1,MINISTERIO PÚBLICO,,,,1,0,Morelia,Bosques Tres Marias,noviembre,jueves,7,-101.105249226093,19.7292626151828
26104,26109,2019,MOR190835742,2019/11/07,"08:32:00",COLISIÓN POR ALCANCE,ASFALTO,Bueno,Bueno,2,JEEP,BLANCO,2,,52,MASCULINO,SIN DATOS,0,0,Tarímbaro,Sin datos,noviembre,jueves,9,-101.158266805995,19.766484
26105,26110,2019,MOR190836058,2019/11/07,10:40:00,SUBIDA AL CAMELLÓN,ASFALTO,Bueno,Bueno,1,MINI,ROJO,1,,28,MASCULINO,SIN DATOS,0,0,Morelia,Camelinas,noviembre,jueves,11,-101.17262119,19.6818144849991
26106,26111,2019,MOR190836212,2019/11/07,12:10:00,COLISIÓN CONTRA OBJETO FIJO,ASFALTO,Bueno,Bueno,1,CHEVROLET,GRIS,1,,20,MASCULINO,SIN DATOS,0,0,Morelia,Santillan La Huerta,noviembre,jueves,12,-101.219553885717,19.6760966650679
26107,26112,2019,,2019/11/07,14:15:00,COLISIÓN CON PEATÓN,SIN_DATOS,Bueno,Bueno,1,CHEVROLET SONIC,ROJO,1,,64,MASCULINO,SIN DATOS,0,0,Morelia,Ciudad Industrial,noviembre,jueves,14,-101.137937642634,19.7286061765794
26108,26113,2019,MOR190836692,2019/11/07,14:57:00,COLISIÓN POR CORTE DE CIRCULACIÓN,CONCRETO,Bueno,Bueno,2,NISSAN,BLANCO Y NARANJA,2,,36,MASCULINO,SIN DATOS,0,0,Morelia,Cosmos,noviembre,jueves,15,-101.219087485,19.6861478699992
26109,26114,2019,MOR 190836756,2019/11/07,15:30:00,COLISIÓN POR ALCANCE,ASFALTO,Bueno,Bueno,2,CHEVROLET,BLANCO,2,,,MASCULINO,SIN DATOS,0,0,Morelia,Insurgentes,noviembre,jueves,16,-101.155416805,19.6953315299991