fid,id_accidente,anio_origen,folio_c5i,dia_incidente,hora_ocurrencia,tipo_incidente_vial,superficie_ocurrencia,condiciones_climaticas,condiciones_via,numero_vehiculos_involucrados,marca_vehiculo_ocasiona_siniestro,color_vehiculo_ocasiona_siniestro,numero_personas_involucradas,lugar_remite_presunto_responsable,edad_presunto_responsable,sexo_presunto_responsable,resultados_toxicologia,numero_personas_lesionadas,numero_personas_fallecidas,municipio,colonia,mes,dia_semana,hora_redondeada,lon,lat
26110,26115,2019,MOR 190837109,2019/11/07,16:55:00,COLISIÓN POR INVASIÓN DE CARRIL,ASFALTO,Bueno,Bueno,2,NISSAN,BLANCO,2,,20,MASCULINO,SIN DATOS,0,0,Morelia,Villas Lomas del Paraiso,noviembre,jueves,17,-101.183243326701,19.6753951296653
26111,26116,2019,,2019/11/07,19:05:00,COLISIÓN POR CORTE DE CIRCULACIÓN,CONCRETO,Bueno,Bueno,2,AUDI,GRIS,2,,58,FEMENINO,SIN DATOS,0,0,Morelia,Esther Tapia,noviembre,jueves,19,-101.218421855,19.7116238699991
26112,26117,2019,,2019/11/07,23:25:00,COLISIÓN CONTRA OBJETO FIJO,ASFALTO,Bueno,Bueno,2,MITSUBISHI OUTLANDER,PLATA,2,,21,MASCULINO,SIN DATOS,0,0,Morelia,Alberto Oviedo Mota,noviembre,jueves,23,-101.196676008403,19.6812108164802
26113,26118,2019,LEG27465,2019/11/08,"07:20:00",COLISIÓN POR CORTE DE CIRCULACIÓN,ASFALTO,Bueno,Bueno,2,ITALIKA,NEGRO Y VERDE,2,,20,MASCULINO,SIN DATOS,0,0,Morelia,Trincheras de Morelos,noviembre,viernes,7,-101.18986177,19.6645994449991
26114,26119,2019,MOR190835759,2019/11/08,"08:47:00",COLISIÓN POR CORTE DE CIRCULACIÓN,CONCRETO,Bueno,Bueno,3,CHEVROLET,NEGRO,3,,,MASCULINO,SIN DATOS,0,0,Morelia,Ventura Puente,noviembre,viernes,9,-101.193225725,19.6917077449992
26115,26120,2019,,2019/11/08,"09:20:00",COLISIÓN POR CAMBIO DE CARRIL,ASFALTO,Bueno,Bueno,2,FORD,BLANCO,2,,26,MASCULINO,SIN DATOS,0,0,Morelia,Francisco J Mujica,noviembre,viernes,9,-101.189190012973,19.7239867530705
26117,26122,2019,MOR190836838,2019/11/08,13:05:00,COLISIÓN CONTRA OBJETO FIJO,ASFALTO,Bueno,Bueno,2,FORD,BLANCO,2,,18,MASCULINO,SIN DATOS,0,0,Morelia,Felix Ireta,noviembre,viernes,13,-101.18752846,19.6840413749991
26118,26123,2019,,2019/11/08,14:00:00,COLISIÓN POR CORTE DE CIRCULACIÓN,ASFALTO,Bueno,Bueno,2,MAZDA,ROJO,2,MINISTERIO PÚBLICO,81,MASCULINO,SIN DATOS,0,0,Puruándiro,Sin datos,noviembre,viernes,14,-101.520434394479,20.1398181879576
26119,26124,2019,MOR190837112,2019/11/08,14:24:00,COLISIÓN CONTRA OBJETO FIJO,ASFALTO,Bueno,Bueno,2,CHEVROLET,AZUL Y BLANCO,2,,,MASCULINO,SIN DATOS,0,0,Morelia,Lomas de Morelia (Dr Ignacio Chavez),noviembre,viernes,14,-101.1764091,19.7168225299992
26120,26125,2019,,2019/11/08,16:00:00,CAIDA DE MOTOCICLETA,ASFALTO,Bueno,Regular,1,HONDA,GRIS/NEGRO,2,MINISTERIO PÚBLICO,,,SIN DATOS,0,1,Peribán,Sin datos,noviembre,viernes,16,-102.42785051465,19.561061426669
26124,26129,2019,,2019/11/08,20:10:00,COLISIÓN POR CORTE DE CIRCULACIÓN,ASFALTO,Bueno,Bueno,1,MERCEDES BENZ,AZUL,1,,56,MASCULINO,SIN DATOS,0,0,Morelia,Cañada del Bosque,noviembre,viernes,20,-101.097469366718,19.7282996448773
26125,26130,2019,,2019/11/08,20:15:00,COLISIÓN POR CORTE DE CIRCULACIÓN,ASFALTO,Bueno,Bueno,2,NISSAN,BLANCO,2,,87,MASCULINO,SIN DATOS,0,0,Zamora,San Francisco,noviembre,viernes,20,-102.283422611654,20.0028831508363
26127,26132,2019,,2019/11/08,20:40:00,COLISIÓN CON PEATÓN,ASFALTO,Bueno,Bueno,1,CHEVROLET,VERDE,2,,0,,SIN DATOS,1,0,Morelia,Ignacio Lopez Rayon,noviembre,viernes,21,-101.250591165,19.6897065849991
26130,26135,2019,,2019/11/09,"01:03:00",COLISIÓN POR INVASIÓN DE CARRIL,ASFALTO,Bueno,Regular,2,NISSAN,BLANCO,3,MINISTERIO PÚBLICO,28,MASCULINO,SIN DATOS,1,0,Acuitzio,Sin datos,noviembre,sábado,1,-101.33221808821,19.4685432537977
26131,26136,2019,MOR190840695,2019/11/09,"04:30:00",COLISIÓN CONTRA OBJETO FIJO,CONCRETO,Bueno,Bueno,2,NISSAN,BLANCO,2,,0,,SIN DATOS,0,0,Morelia,Sin datos,noviembre,sábado,5,-101.352599859238,19.5470248673371
26132,26137,2019,MOR190659365,2019/11/09,"06:50:00",COLISIÓN CONTRA OBJETO FIJO,ASFALTO,Bueno,Bueno,1,CHEVROLET,GRIS,1,MINISTERIO PÚBLICO,29,MASCULINO,SIN DATOS,0,0,Morelia,Articulo Constitucional,noviembre,sábado,7,-101.171615123749,19.7144245508196
26133,26138,2019,MOR190740921,2019/11/09,"08:30:00",SUBIDA AL CAMELLÓN,ASFALTO,Bueno,Bueno,1,CHEVROLET,BLANCO,1,,29,MASCULINO,ALIENTO ETÍLICO,0,0,Morelia,Tzindurio de Morelos,noviembre,sábado,9,-101.245044000887,19.6974820969065
26134,26139,2019,LEG27482,2019/11/09,"08:37:00",COLISIÓN CONTRA OBJETO FIJO,ASFALTO,Bueno,Bueno,1,CHRYSLER,AZUL,1,,23,MASCULINO,SIN DATOS,0,0,Morelia,Vistas de Altozano,noviembre,sábado,9,-101.164367459714,19.6584505024621
26135,26140,2019,,2019/11/09,10:50:00,COLISIÓN POR CORTE DE CIRCULACIÓN,ASFALTO,Bueno,Bueno,2,NISSAN,BLANCO/ROJO,3,,31,MASCULINO,SIN DATOS,1,0,Peribán,Sin datos,noviembre,sábado,11,-102.456925660372,19.5690001290314
26136,26141,2019,MOR190841306,2019/11/09,12:09:00,COLISIÓN POR CORTE DE CIRCULACIÓN,CONCRETO,Bueno,Bueno,2,FORD,NEGRO,2,,25,FEMENINO,SIN DATOS,0,0,Morelia,Vasco de Quiroga,noviembre,sábado,12,-101.168940545,19.7037102349991
26137,26142,2019,MOR190841612,2019/11/09,13:13:00,COLISIÓN POR CORTE DE CIRCULACIÓN,ASFALTO,Bueno,Bueno,2,FORD,PLATA,2,,65,MASCULINO,SIN DATOS,0,0,Morelia,Centro,noviembre,sábado,13,-101.187350844018,19.7076474690722
26139,26144,2019,MOR190842114,2019/11/09,16:23:00,COLISIÓN POR CAMBIO DE CARRIL,ASFALTO,Bueno,Bueno,2,INTERNATIONAL,VERDE,2,,28,MASCULINO,SIN DATOS,0,0,Morelia,Poblado de Ocolusen,noviembre,sábado,16,-101.150127649172,19.6944699261717
26140,26145,2019,,2019/11/09,19:01:00,COLISIÓN CONTRA OBJETO FIJO,ASFALTO,Bueno,Bueno,1,WOLKSWAGEN,BLANCO,0,,,,,0,0,Tangancícuaro,Sin datos,noviembre,sábado,19,-102.242704331875,19.9408393387743
26141,26146,2019,,2019/11/09,19:45:00,COLISIÓN POR INVASIÓN DE CARRIL,ASFALTO,Bueno,Bueno,2,CHEVROLET,NEGRA,1,MINISTERIO PÚBLICO,68,MASCULINO,SIN DATOS,0,0,Zacapu,El Borrego,noviembre,sábado,20,-101.777413487434,19.8019004271691
26142,26147,2019,,2019/11/09,23:30:00,COLISIÓN POR INVASIÓN DE CARRIL,CONCRETO,Bueno,Bueno,2,CHEVROLET,GUINDA,1,,31,MASCULINO,SIN DATOS,0,0,Cuitzeo,Los Granados,noviembre,sábado,0,-101.144046708941,19.9739657699067
26143,26148,2019,MOR190843410,2019/11/10,"02:55:00",CAIDA DE MOTOCICLETA,ASFALTO,Bueno,Bueno,1,ITALIKA,AMARILLO Y NEGRO,1,,0,,SIN DATOS,0,0,Tarímbaro,Centro,noviembre,domingo,3,-101.176869,19.792979
26145,26150,2019,,2019/11/10,"04:15:00",COLISIÓN CONTRA OBJETO FIJO,ASFALTO,Bueno,Bueno,1,MAZDA,BLANCO,1,,48,MASCULINO,SIN DATOS,0,0,Morelia,Sin datos,noviembre,domingo,4,-101.242740936577,19.6833877974706
26146,26151,2019,MOR190843576,2019/11/10,"06:42:00",COLISIÓN CON PEATÓN,ASFALTO,Bueno,Bueno,1,PEUGEOT,BLANCO,2,MINISTERIO PÚBLICO,0,,SIN DATOS,1,0,Morelia,Dr Miguel Silva,noviembre,domingo,7,-101.187927793444,19.7204887484457
26148,26153,2019,MOR190490458,2019/11/10,10:43:00,CAIDA DE MOTOCICLETA,CONCRETO,Bueno,Bueno,1,ITALIKA,ROJO CON NEGRO,1,,49,MASCULINO,SIN DATOS,0,0,Morelia,Martires de Uruapan,noviembre,domingo,11,-101.20071106,19.7275296449991
26149,26154,2019,LEG27499,2019/11/10,11:50:00,COLISIÓN CONTRA OBJETO FIJO,ASFALTO,Bueno,Bueno,2,SEAT,ROJO,2,MINISTERIO PÚBLICO,25,MASCULINO,SIN DATOS,0,0,Morelia,Union Popular Solidaria,noviembre,domingo,12,-101.220220133013,19.7056458409566
26150,26155,2019,MOR1907654374,2019/11/10,13:48:00,COLISIÓN POR CORTE DE CIRCULACIÓN,ASFALTO,Bueno,Bueno,2,TOYOTA,VERDE,1,,20,MASCULINO,SIN DATOS,0,0,Morelia,Terrazas,noviembre,domingo,14,-101.181873303614,19.7202700365792
26151,26156,2019,,2019/11/10,14:00:00,COLISIÓN POR ALCANCE,ASFALTO,Bueno,Bueno,2,CHEVROLET,GRIS CLARO,2,MINISTERIO PÚBLICO,38,MASCULINO,SIN DATOS,0,0,Pátzcuaro,Vuelta de Los Reyes,noviembre,domingo,14,-101.604049243033,19.5036904925549
26153,26158,2019,,2019/11/10,14:45:00,COLISIÓN POR INVASIÓN DE CARRIL,ASFALTO,Bueno,Bueno,2,CHEVROLET,ROJO,2,,,MASCULINO,ALIENTO ETÍLICO,0,0,Morelia,Del Empleado,noviembre,domingo,15,-101.18002517,19.6886070099991
26154,26159,2019,MOR190844646,2019/11/10,15:40:00,VOLCADURA,ASFALTO,Bueno,Bueno,1,HONDA,BLANCO,1,,30,FEMENINO,SIN DATOS,0,0,Morelia,Adolfo Lopez Mateos,noviembre,domingo,16,-101.223653566477,19.6936604782947
26156,26161,2019,MOR190842099,2019/11/10,16:35:00,COLISIÓN POR CORTE DE CIRCULACIÓN,ASFALTO,Bueno,Bueno,2,HONDA,BLANCO,2,,22,MASCULINO,ALIENTO ETÍLICO,0,0,Morelia,Industrial,noviembre,domingo,17,-101.189085515637,19.7123104021622
26157,26162,2019,MOR190763424,2019/11/10,17:50:00,COLISIÓN POR CAMBIO DE CARRIL,CONCRETO,Bueno,Bueno,2,FORD,ROJO,2,MINISTERIO PÚBLICO,24,MASCULINO,ALIENTO ETÍLICO,0,0,Morelia,Felix Ireta,noviembre,domingo,18,-101.19214836,19.6911467449992
26158,26163,2019,MOR190844951,2019/11/10,18:00:00,VOLCADURA,ASFALTO,Bueno,Bueno,1,NISSAN,ROJO,0,,,,,0,0,Charo,De Santiago,noviembre,domingo,18,-101.044372,19.745476
26160,26165,2019,,2019/11/10,20:00:00,COLISIÓN POR INVASIÓN DE CARRIL,ASFALTO,Bueno,Bueno,2,CHEVROLET,BLANCO,2,,31,MASCULINO,SIN DATOS,0,0,Peribán,Sin datos,noviembre,domingo,20,-102.428531460464,19.4994782835379
26161,26166,2019,MOR1908762345,2019/11/10,20:32:00,SUBIDA AL CAMELLÓN,ASFALTO,Bueno,Bueno,1,VOLKSWAGEN,VERDE,1,MINISTERIO PÚBLICO,,,SIN DATOS,0,0,Morelia,Ocolusen Iii,noviembre,domingo,21,-101.152424577973,19.6851388744544
26162,26167,2019,MOR190845754,2019/11/10,21:56:00,COLISIÓN POR CORTE DE CIRCULACIÓN,ASFALTO,Bueno,Bueno,2,MAZDA,ROJO,2,,44,MASCULINO,SIN DATOS,0,0,Tarímbaro,Sin datos,noviembre,domingo,22,-101.158266805995,19.766484
26163,26168,2019,,2019/11/10,22:50:00,VOLCADURA,ASFALTO,Bueno,Bueno,1,FORD,BLANCO,0,,,,,0,0,Maravatío,Sin datos,noviembre,domingo,23,-100.454748496413,19.8394964909747
26164,26169,2019,LEG27507,2019/11/10,23:40:00,COLISIÓN POR NO RESPETAR SEMÁFORO,ASFALTO,Bueno,Bueno,2,NISSAN,BLANCO,2,MINISTERIO PÚBLICO,25,MASCULINO,SIN DATOS,0,0,Morelia,Irrigacion,noviembre,domingo,0,-101.22520209,19.7051928999992
26165,26170,2019,,2019/11/11,"00:00:00",COLISIÓN POR CORTE DE CIRCULACIÓN,SIN_DATOS,Bueno,Bueno,1,Chevrolet,Rojo,1,,45,MASCULINO,SIN DATOS,0,0,Morelia,Sentimientos de La Nacion,noviembre,lunes,0,-101.2341166,19.6807231
26166,26171,2019,,2019/11/11,"01:03:00",COLISIÓN POR INVASIÓN DE CARRIL,ASFALTO,Bueno,Regular,2,TOYOTA,ROJO,1,,,MASCULINO,SIN DATOS,0,0,Madero,Sin Nombre,noviembre,lunes,1,-101.281677223742,19.397628216605
26167,26172,2019,,2019/11/11,"05:20:00",SALIDA DE SUPERFICIE DE RODAMIENTO,ASFALTO,Bueno,Bueno,1,VOLKSWAGEN,AZUL,1,,21,MASCULINO,SIN DATOS,0,0,Morelia,Praderas del Indio,noviembre,lunes,5,-101.223494028547,19.6450845894654
26168,26173,2019,,2019/11/11,"06:15:00",COLISIÓN POR INVASIÓN DE CARRIL,ASFALTO,Bueno,Bueno,2,ITALIKA,NEGRA/VERDE,4,MINISTERIO PÚBLICO,20,MASCULINO,SIN DATOS,2,0,Zacapu,Moderna,noviembre,lunes,6,-101.78306825459,19.8074128395282
26169,26174,2019,,2019/11/11,"07:50:00",COLISIÓN POR CORTE DE CIRCULACIÓN,CONCRETO,Bueno,Regular,2,MITSUBISHI,BLANCO,2,,45,FEMENINO,SIN DATOS,0,0,Morelia,Primo Tapia Oriente,noviembre,lunes,8,-101.161873825,19.7185602599991
26170,26175,2019,MOR190846240,2019/11/11,"09:00:00",COLISIÓN POR CORTE DE CIRCULACIÓN,ASFALTO,Bueno,Bueno,2,CHEVROLET,ROJO,2,,25,MASCULINO,SIN DATOS,0,0,Morelia,La Colina,noviembre,lunes,9,-101.214366863246,19.7085313453046
26171,26176,2019,MOR190846422,2019/11/11,10:39:00,COLISIÓN POR ALCANCE,CONCRETO,Bueno,Bueno,2,HONDA,BLANCO,2,,44,MASCULINO,SIN DATOS,0,0,Morelia,Ferrocarrilero,noviembre,lunes,11,-101.223609235,19.6918737849991
26172,26177,2019,MOR190846577,2019/11/11,11:54:00,COLISIÓN CON PEATÓN,ASFALTO,Bueno,Bueno,1,HYUNDAI,AZUL,0,,,,,0,0,Morelia,Chapultepec Sur,noviembre,lunes,12,-101.176351915,19.6910920199992
26174,26179,2019,,2019/11/11,12:45:00,COLISIÓN CONTRA OBJETO FIJO,ASFALTO,Bueno,Bueno,2,HONDA,BLANCO,1,,27,MASCULINO,SIN DATOS,0,0,Tocumbo,Sin datos,noviembre,lunes,13,-102.495260462165,19.6781722748413
26175,26180,2019,,2019/11/11,13:00:00,COLISIÓN POR ALCANCE,ASFALTO,Bueno,Bueno,2,KENWORTH,VERDE,2,,43,MASCULINO,SIN DATOS,0,0,Morelia,Lomas de San Juan,noviembre,lunes,13,-101.183039681886,19.7298664251429
26176,26181,2019,,2019/11/11,15:15:00,COLISIÓN POR CORTE DE CIRCULACIÓN,CONCRETO,Bueno,Bueno,2,TOYOTA,BLANCO Y NARANJA,2,,39,MASCULINO,SIN DATOS,0,0,Morelia,La Colina,noviembre,lunes,15,-101.214413045,19.7111350549991
26178,26183,2019,,2019/11/11,16:00:00,COLISIÓN POR MANIOBRA DE REVERSA,ASFALTO,Bueno,Bueno,2,DINA,BLANCO/AZUL,2,,46,MASCULINO,SIN DATOS,0,0,Tangamandapio,Sin datos,noviembre,lunes,16,-102.385840751231,19.9150726485673
26179,26184,2019,MOR190847679,2019/11/11,18:38:00,COLISIÓN POR CORTE DE CIRCULACIÓN,ASFALTO,Bueno,Bueno,2,JEEP,VERDE,2,MINISTERIO PÚBLICO,33,MASCULINO,SIN DATOS,0,0,Morelia,Poblado de Ocolusen,noviembre,lunes,19,-101.150127649172,19.6944699261717
26180,26185,2019,MOR190847863,2019/11/11,20:07:00,COLISIÓN POR ALCANCE,CONCRETO,Bueno,Bueno,2,NISSAN,BLANCO,2,,25,MASCULINO,SIN DATOS,0,0,Morelia,Justo Mendoza,noviembre,lunes,20,-101.232603035,19.7126100599992
26181,26186,2019,,2019/11/11,20:17:00,COLISIÓN POR CAMBIO DE CARRIL,ASFALTO,Bueno,Bueno,2,CHEVROLET,AZUL,2,,17,MASCULINO,SIN DATOS,0,0,Pátzcuaro,Centro,noviembre,lunes,20,-101.617276221514,19.5174830659354
26182,26187,2019,,2019/11/11,21:51:00,COLISIÓN POR ALCANCE,ASFALTO,Bueno,Bueno,2,CHEVROLET,NEGRO,2,,41,MASCULINO,ALIENTO ETÍLICO,0,0,Peribán,Sin datos,noviembre,lunes,22,-102.446049302816,19.5538625821888
26183,26188,2019,MOR 190849879,2019/11/12,"00:00:00",COLISIÓN POR ALCANCE,ASFALTO,Bueno,Bueno,2,FORD,AZUL,2,,32,MASCULINO,SIN DATOS,0,0,Morelia,Centro,noviembre,martes,0,-101.18754847,19.7028479949991
26185,26190,2019,MOR190848365,2019/11/12,"07:05:00",COLISIÓN POR ALCANCE,ASFALTO,Nublado,Bueno,2,FIAT,ROJO,2,,34,MASCULINO,SIN DATOS,0,0,Morelia,Vista Hermosa  2A Etapa,noviembre,martes,7,-101.21258054,19.6774701299992
26187,26192,2019,LEG27547,2019/11/12,12:18:00,COLISIÓN POR CAMBIO DE CARRIL,ASFALTO,Bueno,Bueno,2,VOLKSWAGEN,BLANCO,2,,38,MASCULINO,SIN DATOS,0,0,Morelia,Gertrudis Sanchez,noviembre,martes,12,-101.205776745,19.7441101549991
26188,26193,2019,MOR190850283,2019/11/12,14:50:00,COLISIÓN CONTRA OBJETO FIJO,ASFALTO,Bueno,Bueno,1,CHEVROLET,BLANCO,1,,36,MASCULINO,SIN DATOS,0,0,Morelia,Comision Federal de Electricidad,noviembre,martes,15,-101.17996237,19.6852654699991
26189,26194,2019,MOR190849619,2019/11/12,14:50:00,COLISIÓN POR CORTE DE CIRCULACIÓN,ASFALTO,Bueno,Bueno,2,CHEVROLET,BLANCO,2,,27,MASCULINO,SIN DATOS,0,0,Morelia,Nicolas Romero,noviembre,martes,15,-101.149728703579,19.7051879535665
26190,26195,2019,,2019/11/12,19:45:00,COLISIÓN POR CORTE DE CIRCULACIÓN,CONCRETO,Bueno,Bueno,2,FORD,NEGRO,2,,60,MASCULINO,SIN DATOS,0,0,Morelia,Torrecillas,noviembre,martes,20,-101.18707984,19.6705668549992
26191,26196,2019,,2019/11/12,20:50:00,COLISIÓN POR INVASIÓN DE CARRIL,ASFALTO,Nublado,Bueno,3,GENERAL MOTORS,VERDE,3,,28,MASCULINO,SIN DATOS,0,0,Salvador Escalante,Sin datos,noviembre,martes,21,-101.62043184042,19.4117061867428
26192,26197,2019,LEG27546,2019/11/12,21:24:00,COLISIÓN POR ALCANCE,ASFALTO,Bueno,Bueno,2,CHEVROLET,BLANCO,2,,17,MASCULINO,SIN DATOS,0,0,Morelia,Camelinas,noviembre,martes,21,-101.17262119,19.6818144849991
26194,26199,2019,,2019/11/12,23:30:00,CAIDA DE MOTOCICLETA,ASFALTO,Bueno,Bueno,1,KURAZAI,ROJO,1,,29,MASCULINO,SIN DATOS,0,0,Morelia,Lomas de San Juan,noviembre,martes,0,-101.183039681886,19.7298664251429
26195,26200,2019,MOR190850833,2019/11/13,"09:10:00",CAIDA DE MOTOCICLETA,ASFALTO,Bueno,Bueno,1,ITALIKA,ROJO Y NEGRO,1,,,,,1,0,Morelia,Montaña Monarca,noviembre,miércoles,9,-101.159732937813,19.6738910691845
26196,26201,2019,MOR190456237,2019/11/13,"09:24:00",COLISIÓN POR CAMBIO DE CARRIL,ASFALTO,Bueno,Bueno,2,KIA,BLANCO,2,,52,MASCULINO,SIN DATOS,0,0,Morelia,Dr Miguel Silva,noviembre,miércoles,9,-101.187927793444,19.7204887484457
26197,26202,2019,,2019/11/13,"09:50:00",COLISIÓN POR CAMBIO DE CARRIL,ASFALTO,Nublado,Bueno,2,SUZUKI,GRIS,2,,48,FEMENINO,SIN DATOS,0,0,Morelia,Hermanos Lopez Rayon,noviembre,miércoles,10,-101.220244243741,19.6753082584735
26198,26203,2019,MOR190850937,2019/11/13,10:00:00,COLISIÓN CON PEATÓN,ASFALTO,Nublado,Bueno,1,MAZDA,NEGRO,2,,41,FEMENINO,SIN DATOS,1,0,Morelia,Gral Gertrudis Sanchez,noviembre,miércoles,10,-101.2094753,19.7439916449991
26199,26204,2019,,2019/11/13,11:00:00,COLISIÓN POR CORTE DE CIRCULACIÓN,CONCRETO,Bueno,Bueno,2,ITALIKA,AMARILLO CON NEGRO,2,MINISTERIO PÚBLICO,23,MASCULINO,SIN DATOS,0,0,Pátzcuaro,Centro,noviembre,miércoles,11,-101.613292805851,19.5164070448198
26200,26205,2019,MOR190564895,2019/11/13,11:55:00,COLISIÓN POR ALCANCE,ASFALTO,Bueno,Bueno,2,NISSAN,BLANCO,2,,25,MASCULINO,SIN DATOS,0,0,Morelia,Chapultepec Norte,noviembre,miércoles,12,-101.176202945,19.6965285599991
26201,26206,2019,,2019/11/13,13:00:00,COLISIÓN CONTRA OBJETO FIJO,CONCRETO,Bueno,Bueno,2,INTERNATIONAL,BLANCO,4,MINISTERIO PÚBLICO,30,MASCULINO,SIN DATOS,2,0,Purépero,Centro,noviembre,miércoles,13,-102.008265326187,19.9087706574618
26202,26207,2019,LEG27555,2019/11/13,13:30:00,COLISIÓN POR CORTE DE CIRCULACIÓN,ASFALTO,Bueno,Bueno,2,HONDA,PLATA,2,,24,MASCULINO,SIN DATOS,0,0,Morelia,Alfonso Espinoza Guerrero (Barranca Seca),noviembre,miércoles,14,-101.17572594434,19.6733913088675
26203,26208,2019,,2019/11/13,13:45:00,COLISIÓN POR ALCANCE,ASFALTO,Nublado,Bueno,2,DODGE,BLANCO,2,,46,MASCULINO,SIN DATOS,0,0,Morelia,Juarez,noviembre,miércoles,14,-101.200186684728,19.6954815623454
26204,26209,2019,MOR190951743,2019/11/13,15:00:00,COLISIÓN POR CORTE DE CIRCULACIÓN,ASFALTO,Bueno,Bueno,2,NISSAN,AZUL,2,,72,MASCULINO,SIN DATOS,0,0,Morelia,Sin datos,noviembre,miércoles,15,-101.2766,19.639004
26206,26211,2019,MOR190852462,2019/11/13,19:30:00,COLISIÓN POR MANIOBRA DE REVERSA,CONCRETO,Bueno,Bueno,2,VOLKSWAGEN,GRIS,2,,54,MASCULINO,SIN DATOS,0,0,Morelia,Villas Lomas del Paraiso,noviembre,miércoles,20,-101.183243326701,19.6753951296653
26207,26212,2019,MOR190852561,2019/11/13,20:40:00,COLISIÓN CONTRA OBJETO FIJO,ASFALTO,Bueno,Bueno,2,CHEVROLET,BLANCO Y ROJO,2,,35,MASCULINO,SIN DATOS,0,0,Morelia,Camelinas,noviembre,miércoles,21,-101.174310415,19.6807072799992
26209,26214,2019,LEG27576,2019/11/14,"01:50:00",SUBIDA AL CAMELLÓN,ASFALTO,Bueno,Bueno,1,CHEVROLET,GRIS,1,,39,MASCULINO,ALIENTO ETÍLICO,0,0,Morelia,Gertrudis Sanchez,noviembre,jueves,2,-101.205776745,19.7441101549991
26210,26215,2019,MOR190852905,2019/11/14,"04:13:00",COLISIÓN POR CORTE DE CIRCULACIÓN,CONCRETO,Bueno,Bueno,1,SUZUKI,GRIS,1,,24,MASCULINO,ALIENTO ETÍLICO,0,0,Morelia,Ventura Puente,noviembre,jueves,4,-101.193205035,19.6924290599991
26211,26216,2019,MUR190852900,2019/11/14,"04:20:00",COLISIÓN POR MANIOBRA DE REVERSA,ASFALTO,Bueno,Bueno,2,SEAT,ROJO,2,,37,FEMENINO,SIN DATOS,0,0,Morelia,Ana Maria Gallaga (Riviera Norte),noviembre,jueves,4,-101.221213527024,19.6769420042413
26212,26217,2019,,2019/11/14,"09:00:00",COLISIÓN POR ALCANCE,ASFALTO,Bueno,Bueno,2,CHEVROLET,NEGRO,2,,38,MASCULINO,SIN DATOS,0,0,Morelia,Alberto Oviedo Mota,noviembre,jueves,9,-101.198908182011,19.681555672698
26213,26218,2019,MOR190853274,2019/11/14,10:30:00,COLISIÓN POR ALCANCE,ASFALTO,Bueno,Bueno,2,VOLKSWAGEN,AZUL,2,,39,MASCULINO,SIN DATOS,0,0,Morelia,San Rafael,noviembre,jueves,11,-101.152968146101,19.7007687948401
26214,26219,2019,,2019/11/14,12:45:00,COLISIÓN CONTRA OBJETO FIJO,CONCRETO,Bueno,Bueno,2,HONDA BRV,PLATA,2,,75,MASCULINO,ALIENTO ETÍLICO,0,0,Morelia,Nueva Chapultepec,noviembre,jueves,13,-101.164523625,19.6877866949992
26215,26220,2019,,2019/11/14,13:10:00,COLISIÓN POR ALCANCE,ASFALTO,Bueno,Bueno,2,SEAT,ROJO,2,,45,FEMENINO,SIN DATOS,0,0,Morelia,Sentimientos de La Nacion,noviembre,jueves,13,-101.233256645501,19.6782212076567
26216,26221,2019,LEG27570,2019/11/14,14:45:00,CAIDA DE MOTOCICLETA,ASFALTO,Bueno,Bueno,1,YAMAHA,ROJO,1,,0,MASCULINO,SIN DATOS,0,0,Morelia,Obrera,noviembre,jueves,15,-101.18686632,19.7101999049992
26218,26223,2019,,2019/11/14,17:40:00,COLISIÓN POR NO RESPETAR SEMÁFORO,CONCRETO,Bueno,Bueno,2,NISSAN,GRIS,2,,38,FEMENINO,SIN DATOS,0,0,Morelia,Sentimientos de La Nacion,noviembre,jueves,18,-101.233194944297,19.682432823539
26220,26225,2019,MOR190855030,2019/11/14,22:30:00,COLISIÓN POR ALCANCE,ASFALTO,Bueno,Bueno,2,MAZDA,BLANCO,2,,71,FEMENINO,SIN DATOS,0,0,Morelia,Nueva Chapultepec,noviembre,jueves,23,-101.17081558,19.6897813199992
26221,26226,2019,,2019/11/15,"00:00:00",COLISIÓN POR CORTE DE CIRCULACIÓN,ASFALTO,Bueno,Bueno,2,CHEVROLET,BLANCO,2,,35,FEMENINO,SIN DATOS,0,0,Morelia,Lomas del Tecnologico,noviembre,viernes,0,-101.194411888719,19.7201795377053
26222,26227,2019,,2019/11/15,"00:00:00",COLISIÓN POR CORTE DE CIRCULACIÓN,ASFALTO,Nublado,Regular,2,PEUGEOT,CAFE,2,,35,FEMENINO,SIN DATOS,0,0,Morelia,Ignacio Zaragoza,noviembre,viernes,0,-101.205414645374,19.7249815139046
26224,26229,2019,MOR190855329,2019/11/15,"05:55:00",COLISIÓN CONTRA OBJETO FIJO,ASFALTO,Bueno,Bueno,2,SEAT,AMARILLO,2,,32,MASCULINO,SIN DATOS,0,0,Morelia,Congreso Constituyente de Michoacan,noviembre,viernes,6,-101.17152552,19.7190278049992
26225,26230,2019,MOR190855310,2019/11/15,"06:20:00",COLISIÓN CONTRA OBJETO FIJO,ASFALTO,Bueno,Bueno,1,BMW,BLANCO,1,,0,,SIN DATOS,0,0,Morelia,Faldas del Punhuato,noviembre,viernes,6,-101.143520507871,19.6970050613183