fid,id_accidente,anio_origen,folio_c5i,dia_incidente,hora_ocurrencia,tipo_incidente_vial,superficie_ocurrencia,condiciones_climaticas,condiciones_via,numero_vehiculos_involucrados,marca_vehiculo_ocasiona_siniestro,color_vehiculo_ocasiona_siniestro,numero_personas_involucradas,lugar_remite_presunto_responsable,edad_presunto_responsable,sexo_presunto_responsable,resultados_toxicologia,numero_personas_lesionadas,numero_personas_fallecidas,municipio,colonia,mes,dia_semana,hora_redondeada,lon,lat
26227,26232,2019,MOR190855603,2019/11/15,10:07:00,COLISIÓN POR CORTE DE CIRCULACIÓN,CONCRETO,Bueno,Bueno,2,JEEP,BLANCO,2,,25,MASCULINO,SIN DATOS,0,0,Morelia,Lomas de Vista Bella,noviembre,viernes,10,-101.196593044237,19.6746539144371
26229,26234,2019,MOR190855773,2019/11/15,11:15:00,COLISIÓN POR CORTE DE CIRCULACIÓN,CONCRETO,Bueno,Bueno,2,DODGE,ROJO,2,,32,MASCULINO,SIN DATOS,0,0,Morelia,Gral Gertrudis Sanchez,noviembre,viernes,11,-101.20881156,19.7438012549991
26230,26235,2019,,2019/11/15,11:15:00,COLISIÓN POR CORTE DE CIRCULACIÓN,ASFALTO,Bueno,Bueno,2,CHEVROLET,BLANCO,2,,35,FEMENINO,SIN DATOS,0,0,Morelia,Santiaguito,noviembre,viernes,11,-101.191249556942,19.7200710936732
26231,26236,2019,MOR190857506,2019/11/15,11:54:00,COLISIÓN POR CORTE DE CIRCULACIÓN,ASFALTO,Bueno,Bueno,2,INTERNATIONAL,BLANCO Y AZUL,2,,26,MASCULINO,SIN DATOS,0,0,Morelia,Centro,noviembre,viernes,12,-101.190523356199,19.7029256346004
26232,26237,2019,LEG27595,2019/11/15,14:30:00,COLISIÓN POR CORTE DE CIRCULACIÓN,SIN_DATOS,Bueno,Bueno,2,INTERNACIONAL,BLANCO Y NARANJA,2,,28,MASCULINO,SIN DATOS,0,0,Morelia,Villas de La Loma,noviembre,viernes,15,-101.296124272048,19.6896862277837
26233,26238,2019,,2019/11/15,15:40:00,CAIDA DE MOTOCICLETA,SIN_DATOS,Bueno,Bueno,1,KTM,NEGRO/NARANJA,0,,,,,0,0,Morelia,Ferrocarrilero,noviembre,viernes,16,-101.223609235,19.6918737849991
26234,26239,2019,MOR190490459,2019/11/15,16:15:00,COLISIÓN POR CORTE DE CIRCULACIÓN,ASFALTO,Bueno,Bueno,1,INTERNACIONAL,BLANCO,1,,21,MASCULINO,SIN DATOS,0,0,Morelia,Ana Maria Gallaga (Riviera Norte),noviembre,viernes,16,-101.222513057292,19.6768315098837
26235,26240,2019,MOR190856656,2019/11/15,17:00:00,COLISIÓN POR CAMBIO DE CARRIL,ASFALTO,Bueno,Bueno,2,MERCEDEZ BENS,BLANCO CON ROJO,2,MINISTERIO PÚBLICO,31,MASCULINO,SIN DATOS,0,0,Morelia,La Loma,noviembre,viernes,17,-101.183414161205,19.6812253382032
26236,26241,2019,LEG27590,2019/11/15,18:15:00,COLISIÓN POR CORTE DE CIRCULACIÓN,ASFALTO,Bueno,Bueno,2,DINA,ROJO,2,,0,MASCULINO,SIN DATOS,0,0,Morelia,San Rafael,noviembre,viernes,18,-101.155154407024,19.7008224659735
26238,26243,2019,MOR190857507,2019/11/16,"00:00:00",COLISIÓN CONTRA OBJETO FIJO,ASFALTO,Bueno,Bueno,1,JEEP,GRIS,1,MINISTERIO PÚBLICO,0,MASCULINO,ALIENTO ETÍLICO,0,0,Morelia,Los Pinos de Michoacan,noviembre,sábado,0,-101.217114105821,19.6814665248877
26239,26244,2019,MOR190857722,2019/11/16,"06:30:00",COLISIÓN POR NO RESPETAR SEMÁFORO,ASFALTO,Bueno,Bueno,2,VOLKSWAGEN,BLANCO,2,,44,MASCULINO,SIN DATOS,0,0,Morelia,San Rafael,noviembre,sábado,7,-101.152337704762,19.6999683672239
26240,26245,2019,MOR190857725,2019/11/16,"06:40:00",CAIDA ACUATICA DE VEHÍCULO,ASFALTO,Bueno,Bueno,1,MAZDA,ROJO,1,,28,MASCULINO,SIN DATOS,0,0,Morelia,Adolfo Lopez Mateos,noviembre,sábado,7,-101.223653566477,19.6936604782947
26242,26247,2019,LEG27603,2019/11/16,11:30:00,COLISIÓN CONTRA OBJETO FIJO,ASFALTO,Bueno,Bueno,2,CHEVROLET,BLANCO,2,,38,MASCULINO,SIN DATOS,0,0,Morelia,Centro,noviembre,sábado,12,-101.198428565665,19.7035391005434
26243,26248,2019,MOR190855789,2019/11/16,12:56:00,COLISIÓN POR CAMBIO DE CARRIL,CONCRETO,Bueno,Bueno,2,RENAULT,ROJO,2,,36,FEMENINO,SIN DATOS,0,0,Morelia,Insurgentes,noviembre,sábado,13,-101.155416805,19.6953315299991
26245,26250,2019,,2019/11/16,16:00:00,COLISIÓN POR CAMBIO DE CARRIL,CONCRETO,Bueno,Bueno,2,FORD,BLANCO Y VERDE,2,,51,MASCULINO,SIN DATOS,0,0,Morelia,Gustavo Diaz Ordaz,noviembre,sábado,16,-101.205198046847,19.692756460765
26247,26252,2019,,2019/11/16,17:00:00,COLISIÓN POR ALCANCE,ASFALTO,Bueno,Bueno,3,GMC,BLANCO,3,,0,,SIN DATOS,0,0,Morelia,Santiaguito,noviembre,sábado,17,-101.191834108722,19.7181820570845
26249,26254,2019,MOR190855951,2019/11/16,19:40:00,COLISIÓN POR ALCANCE,ASFALTO,Bueno,Bueno,2,CHEVROLET,GRIS,2,,58,FEMENINO,SIN DATOS,0,0,Morelia,Pascual Ortiz de Ayala,noviembre,sábado,20,-101.151504422657,19.696032531912
26250,26255,2019,MOR190859673,2019/11/16,22:50:00,COLISIÓN POR ALCANCE,ASFALTO,Bueno,Bueno,3,CHEVROLET,AZUL,3,,37,MASCULINO,ALIENTO ETÍLICO,0,0,Morelia,Los Sauces,noviembre,sábado,23,-101.204487870544,19.6795160280379
26252,26257,2019,,2019/11/17,"01:56:00",COLISIÓN CONTRA OBJETO FIJO,SIN_DATOS,Bueno,Regular,1,FORD,GUINDA,0,,,,,0,0,Cuitzeo,San Agustin del Pulque,noviembre,domingo,2,-101.070283949375,19.9652707392585
26253,26258,2019,,2019/11/17,"05:40:00",COLISIÓN CONTRA OBJETO FIJO,ASFALTO,Bueno,Bueno,1,CHEVROLET,GRIS,3,MINISTERIO PÚBLICO,24,MASCULINO,CON CERTIFICADO,2,0,Morelia,Americas Britania,noviembre,domingo,6,-101.146081774315,19.6917604454174
26255,26260,2019,MOR190862457,2019/11/17,"06:45:00",COLISIÓN POR CORTE DE CIRCULACIÓN,ASFALTO,Bueno,Bueno,0,,,0,,,,,0,0,Morelia,Centro,noviembre,domingo,7,-101.1904631,19.7026851599992
26256,26261,2019,,2019/11/17,"07:44:00",COLISIÓN POR CORTE DE CIRCULACIÓN,ASFALTO,Bueno,Bueno,1,NISSAN,BLANCO,1,,27,MASCULINO,SIN DATOS,0,0,Peribán,Sin datos,noviembre,domingo,8,-102.447102405131,19.5549835328365
26257,26262,2019,MOR190860451,2019/11/17,10:10:00,COLISIÓN POR CORTE DE CIRCULACIÓN,CONCRETO,Nublado,Regular,2,PEUGEOT,PLATA,3,,0,MASCULINO,SIN DATOS,1,0,Morelia,Chapultepec Sur,noviembre,domingo,10,-101.165843680501,19.6900470415445
26258,26263,2019,,2019/11/17,12:30:00,COLISIÓN POR MANIOBRA DE REVERSA,CONCRETO,Bueno,Bueno,2,VOLKSWAGEN,ROJO,2,,31,MASCULINO,SIN DATOS,0,0,Morelia,Vista Bella,noviembre,domingo,13,-101.195925675947,19.6790442736003
26259,26264,2019,LEG27611,2019/11/17,13:20:00,COLISIÓN CONTRA OBJETO FIJO,ASFALTO,Nublado,Regular,2,MERCEDES BENZ,BLANCO Y NARANJA,2,,33,MASCULINO,SIN DATOS,0,0,Morelia,Nueva Valladolid,noviembre,domingo,13,-101.207940615714,19.7010749865546
26260,26265,2019,LEG27612,2019/11/17,13:31:00,CAIDA DE MOTOCICLETA,ASFALTO,Nublado,Regular,1,ITALIKA,ROJO NEGRO,1,,23,MASCULINO,SIN DATOS,0,0,Morelia,Montaña Monarca,noviembre,domingo,14,-101.159795969725,19.6737913066683
26261,26266,2019,LEG27614,2019/11/17,14:41:00,COLISIÓN POR CORTE DE CIRCULACIÓN,ASFALTO,Nublado,Regular,2,BAJAJ,NEGRO,2,,,MASCULINO,SIN DATOS,0,0,Morelia,Ignacio Lopez Rayon,noviembre,domingo,15,-101.250591165,19.6897065849991
26262,26267,2019,LEG27615,2019/11/17,18:24:00,COLISIÓN POR CAMBIO DE CARRIL,ASFALTO,Bueno,Bueno,2,YAMAHA,ROJO NEGRO,2,,0,MASCULINO,SIN DATOS,0,0,Morelia,Libertad,noviembre,domingo,18,-101.237846240401,19.686765595131
26263,26268,2019,MOR190862433,2019/11/18,"06:20:00",COLISIÓN CONTRA OBJETO FIJO,ASFALTO,Bueno,Regular,1,FORD,BLANCO,1,,50,MASCULINO,SIN DATOS,0,0,Morelia,Centro,noviembre,lunes,6,-101.1904631,19.7026851599992
26264,26269,2019,LEG27622,2019/11/18,"06:45:00",COLISIÓN POR CORTE DE CIRCULACIÓN,ASFALTO,Bueno,Bueno,2,RAM,BLANCO,2,,0,MASCULINO,SIN DATOS,0,0,Morelia,Felix Ireta,noviembre,lunes,7,-101.19214836,19.6911467449992
26265,26270,2019,,2019/11/18,"07:40:00",SALIDA DE SUPERFICIE DE RODAMIENTO,ASFALTO,Bueno,Bueno,1,TOYOTA,BEIGE,1,,34,MASCULINO,SIN DATOS,0,0,Peribán,Sin datos,noviembre,lunes,8,-102.453083060682,19.5591927151148
26266,26271,2019,,2019/11/18,"08:05:00",COLISIÓN POR CAMBIO DE CARRIL,ASFALTO,Bueno,Bueno,2,CHEVROLET,AZUL,2,,53,FEMENINO,SIN DATOS,0,0,Morelia,Santa Maria,noviembre,lunes,8,-101.200954146074,19.6778661944957
26267,26272,2019,,2019/11/18,"09:15:00",COLISIÓN POR CORTE DE CIRCULACIÓN,CONCRETO,Bueno,Bueno,2,FORD,VERDE,2,,36,FEMENINO,SIN DATOS,0,0,Morelia,Centro,noviembre,lunes,9,-101.198428565665,19.7035391005434
26268,26273,2019,MOR190862965,2019/11/18,12:10:00,COLISIÓN CON PEATÓN,ASFALTO,Bueno,Bueno,2,HONDA,GRIS,3,MINISTERIO PÚBLICO,37,MASCULINO,SIN DATOS,1,0,Morelia,Los Angeles,noviembre,lunes,12,-101.175690405071,19.743240961079
26269,26274,2019,,2019/11/18,13:20:00,COLISIÓN POR CORTE DE CIRCULACIÓN,ASFALTO,Bueno,Bueno,2,CHEVROLET,ROJO,2,,38,MASCULINO,SIN DATOS,0,0,Morelia,Infonavit Colonial Universidad,noviembre,lunes,13,-101.204939035,19.6864075999991
26270,26275,2019,,2019/11/18,16:08:00,COLISIÓN CONTRA OBJETO FIJO,CONCRETO,Bueno,Bueno,3,DODGE,PLATA,0,,,,,0,0,Morelia,Vista Bella,noviembre,lunes,16,-101.195925675947,19.6790442736003
26271,26276,2019,MOR190866280,2019/11/18,18:00:00,CAIDA DE MOTOCICLETA,SIN_DATOS,Bueno,Bueno,1,CROSSDM,NEGRO Y AZUL,1,,26,MASCULINO,SIN DATOS,0,0,Morelia,Centro,noviembre,lunes,18,-101.19976649815,19.7059246020193
26273,26278,2019,MOR190864079,2019/11/18,18:32:00,COLISIÓN POR ALCANCE,ASFALTO,Bueno,Bueno,2,CHEVROLET,PLATA,2,MINISTERIO PÚBLICO,53,MASCULINO,SIN DATOS,0,0,Morelia,Canteras de Morelia,noviembre,lunes,19,-101.172140396271,19.7152306401038
26274,26279,2019,,2019/11/18,20:55:00,COLISIÓN POR CORTE DE CIRCULACIÓN,ASFALTO,Bueno,Bueno,2,TOYOTA,BLANCO,2,,38,MASCULINO,SIN DATOS,0,0,Morelia,Lomas de Guayangareo,noviembre,lunes,21,-101.158011405,19.7017836999991
26275,26280,2019,MOR190869381,2019/11/18,21:18:00,CAIDA DE MOTOCICLETA,ASFALTO,Bueno,Bueno,1,ITALIKA,NEGRO,1,,43,MASCULINO,ALIENTO ETÍLICO,0,0,Morelia,Torremolinos,noviembre,lunes,21,-101.225,19.68
26276,26281,2019,,2019/11/18,22:10:00,COLISIÓN POR CORTE DE CIRCULACIÓN,ASFALTO,Bueno,Bueno,2,V.W.,BLANCO,0,MINISTERIO PÚBLICO,,,,0,0,Cuitzeo,Sin datos,noviembre,lunes,22,-101.15084476769,20.0496168176663
26278,26283,2019,,2019/11/18,23:10:00,SALIDA DE SUPERFICIE DE RODAMIENTO,ASFALTO,Bueno,Regular,1,FORD,BLANCO,1,,26,MASCULINO,SIN DATOS,0,0,Santa Ana Maya,Sin datos,noviembre,lunes,23,-101.06228761375,20.0420510513359
26279,26284,2019,,2019/11/19,"00:00:00",COLISIÓN POR ALCANCE,ASFALTO,Bueno,Bueno,2,FORD,BLANCO,2,,,MASCULINO,SIN DATOS,0,0,Cuitzeo,Sin datos,noviembre,martes,0,-101.150249317288,20.0581670396491
26280,26285,2019,MOR190865341,2019/11/19,"00:00:00",COLISIÓN POR INVASIÓN DE CARRIL,ASFALTO,Bueno,Bueno,2,NISSAN,BLANCO,2,,29,FEMENINO,SIN DATOS,0,0,Morelia,La Soledad,noviembre,martes,0,-101.185166715661,19.7274533823308
26282,26287,2019,,2019/11/19,"08:15:00",COLISIÓN POR ALCANCE,ASFALTO,Bueno,Bueno,2,NISSAN,BLANCO Y NARANJA,2,,27,MASCULINO,SIN DATOS,0,0,Morelia,Lomas de San Juan,noviembre,martes,8,-101.183039681886,19.7298664251429
26283,26288,2019,MOR190864853,2019/11/19,"08:21:00",COLISIÓN POR CORTE DE CIRCULACIÓN,CONCRETO,Bueno,Bueno,2,NISSAN,GRIS,2,MINISTERIO PÚBLICO,24,FEMENINO,SIN DATOS,0,0,Morelia,Gral Gertrudis Sanchez,noviembre,martes,8,-101.2094753,19.7439916449991
26284,26289,2019,MOR190864937,2019/11/19,"08:37:00",COLISIÓN POR CAMBIO DE CARRIL,ASFALTO,Bueno,Bueno,2,KIA,BLANCO,2,,61,FEMENINO,SIN DATOS,0,0,Morelia,Lomas del Valle,noviembre,martes,9,-101.230037015,19.6880963799991
26285,26290,2019,,2019/11/19,"08:40:00",COLISIÓN POR CORTE DE CIRCULACIÓN,ASFALTO,Bueno,Bueno,2,FORD,AMARILLO,3,,28,,SIN DATOS,1,0,Lázaro Cárdenas,Centro,noviembre,martes,9,-102.191852,17.955388
26286,26291,2019,MOR10864920,2019/11/19,"08:40:00",COLISIÓN POR CORTE DE CIRCULACIÓN,ASFALTO,Bueno,Bueno,2,FORD,VERDE,2,,45,MASCULINO,SIN DATOS,0,0,Tarímbaro,Centro,noviembre,martes,9,-101.176869,19.792979
26287,26292,2019,,2019/11/19,"08:48:00",COLISIÓN POR ALCANCE,CONCRETO,Bueno,Bueno,2,Honda,Blanco,2,,33,MASCULINO,CON CERTIFICADO,0,0,Morelia,Sentimientos de La Nacion,noviembre,martes,9,-101.233016587794,19.6780210565624
26288,26293,2019,,2019/11/19,"09:00:00",COLISIÓN POR CAMBIO DE CARRIL,ASFALTO,Bueno,Bueno,2,TOYOTA,ROJO,3,,59,MASCULINO,SIN DATOS,1,0,Santa Ana Maya,Sin datos,noviembre,martes,9,-101.042740680277,20.0255497331551
26289,26294,2019,,2019/11/19,"09:10:00",SALIDA DE SUPERFICIE DE RODAMIENTO,ASFALTO,Bueno,Bueno,1,FORD,NEGRO,1,,26,MASCULINO,SIN DATOS,0,0,Zamora,Nuevo Mexico,noviembre,martes,9,-102.255717404187,19.957232301677
26291,26296,2019,,2019/11/19,13:16:00,COLISIÓN POR CORTE DE CIRCULACIÓN,ASFALTO,Bueno,Bueno,5,FORD,PLATA,5,,23,MASCULINO,SIN DATOS,0,0,Morelia,Elias Perez Avalos,noviembre,martes,13,-101.167886855,19.7156043599992
26292,26297,2019,MOR1909789546,2019/11/19,13:21:00,COLISIÓN POR CORTE DE CIRCULACIÓN,ASFALTO,Bueno,Bueno,2,NISSAN,BLANCO,2,,42,MASCULINO,SIN DATOS,0,0,Morelia,Chapultepec Norte,noviembre,martes,13,-101.176202945,19.6965285599991
26293,26298,2019,MOR190876546,2019/11/19,13:50:00,COLISIÓN POR CORTE DE CIRCULACIÓN,ASFALTO,Bueno,Bueno,2,FORD,GUINDA,2,,25,MASCULINO,SIN DATOS,0,0,Morelia,Los Angeles,noviembre,martes,14,-101.168957045,19.7489187349991
26294,26299,2019,MOR190865684,2019/11/19,14:10:00,COLISIÓN POR CORTE DE CIRCULACIÓN,ASFALTO,Bueno,Bueno,2,MERCEDEZ BENZ,NEGRO,2,,68,MASCULINO,SIN DATOS,0,0,Morelia,Nuevo Amanecer,noviembre,martes,14,-101.150469645,19.7066005499991
26295,26300,2019,,2019/11/19,14:30:00,COLISIÓN POR CORTE DE CIRCULACIÓN,ASFALTO,Bueno,Bueno,2,CHEVROLET,BLANCO,2,,30,MASCULINO,SIN DATOS,0,0,Zamora,La Rinconada,noviembre,martes,15,-102.284920960665,20.0403769648686
26296,26301,2019,,2019/11/19,17:30:00,COLISIÓN POR CORTE DE CIRCULACIÓN,ASFALTO,Nublado,Bueno,2,FREIGHTLINER,NEGRO,2,,36,FEMENINO,SIN DATOS,0,0,Zamora,La Rinconada,noviembre,martes,18,-102.28551004082,20.0405624853957
26299,26304,2019,,2019/11/19,19:28:00,COLISIÓN POR ALCANCE,ASFALTO,Bueno,Bueno,3,VOLKSWAGEN,BLANCO,3,,38,MASCULINO,SIN DATOS,0,0,Morelia,Canteras de Morelia,noviembre,martes,19,-101.173168652105,19.7180886357371
26300,26305,2019,MOR190866587,2019/11/19,19:40:00,COLISIÓN POR CORTE DE CIRCULACIÓN,ASFALTO,Bueno,Bueno,2,HONDA,GRIS,2,,,,SIN DATOS,0,0,Morelia,Jesus Romero Flores,noviembre,martes,20,-101.178306817326,19.7315900393729
26301,26306,2019,,2019/11/19,19:50:00,COLISIÓN POR CORTE DE CIRCULACIÓN,ASFALTO,Lluvioso,Regular,2,VOLKSWAGEN,PLATA,2,,39,MASCULINO,SIN DATOS,0,0,Morelia,Felix Ireta,noviembre,martes,20,-101.180535145104,19.6869881484564
26302,26307,2019,,2019/11/19,20:30:00,COLISIÓN POR ALCANCE,ASFALTO,Bueno,Bueno,2,ITALIKA,NEGRO/ FRANJAS ROJAS Y BLANCAS,3,MINISTERIO PÚBLICO,18,MASCULINO,SIN DATOS,0,1,Santa Ana Maya,Sin datos,noviembre,martes,21,-101.033723093569,20.0177849748913
26303,26308,2019,MOR190866915,2019/11/19,21:25:00,CAIDA DE MOTOCICLETA,ASFALTO,Lluvioso,Bueno,1,ITALIKA,AZUL,1,,23,MASCULINO,SIN DATOS,0,0,Morelia,Lomas de San Juan,noviembre,martes,21,-101.183089278638,19.729818376719
26304,26309,2019,MOR190867416,2019/11/20,"08:15:00",COLISIÓN POR CAMBIO DE CARRIL,ASFALTO,Bueno,Bueno,2,DODGE,ROJO,2,,49,MASCULINO,SIN DATOS,0,0,Morelia,Gral Gertrudis Sanchez,noviembre,miércoles,8,-101.2094753,19.7439916449991
26306,26311,2019,,2019/11/20,"08:50:00",COLISIÓN CON PEATÓN,CONCRETO,Bueno,Bueno,1,KEEWAY,NEGRO Y NARANJA,1,,,,,1,0,Morelia,El Lago 2,noviembre,miércoles,9,-101.214435013967,19.7262881110028
26307,26312,2019,LEG27667,2019/11/20,"09:00:00",COLISIÓN POR CORTE DE CIRCULACIÓN,ASFALTO,Bueno,Bueno,2,VOLKSWAGEN,ROJO,2,,23,MASCULINO,SIN DATOS,0,0,Morelia,Irrigacion,noviembre,miércoles,9,-101.22520209,19.7051928999992
26309,26314,2019,MOR190867700,2019/11/20,10:50:00,COLISIÓN POR CORTE DE CIRCULACIÓN,ASFALTO,Bueno,Bueno,2,MERCEDES BENZ,BLANCO,2,,31,MASCULINO,SIN DATOS,0,0,Morelia,Tzindurio de Morelos,noviembre,miércoles,11,-101.245044000887,19.6974820969065
26310,26315,2019,MOR190868044,2019/11/20,12:55:00,COLISIÓN POR CORTE DE CIRCULACIÓN,ASFALTO,Bueno,Bueno,2,HONDA,NEGRO,2,MINISTERIO PÚBLICO,,MASCULINO,SIN DATOS,0,0,Morelia,Camelinas,noviembre,miércoles,13,-101.17262119,19.6818144849991
26313,26318,2019,,2019/11/20,20:50:00,COLISIÓN CON PEATÓN,ASFALTO,Bueno,Bueno,1,TOYOTA,VERDE,2,MINISTERIO PÚBLICO,30,MASCULINO,SIN DATOS,1,0,Pátzcuaro,Centro,noviembre,miércoles,21,-101.617120988667,19.5105234053632
26314,26319,2019,,2019/11/21,"04:05:00",SALIDA DE SUPERFICIE DE RODAMIENTO,SIN_DATOS,Bueno,Regular,1,SEAT,ROJO,0,,,,,0,0,Morelia,La Quemada,noviembre,jueves,4,-101.24171503,19.7033192299991
26315,26320,2019,MOR190845367,2019/11/21,"08:40:00",COLISIÓN POR ALCANCE,ASFALTO,Bueno,Bueno,2,FORD,ROJO,2,,26,MASCULINO,SIN DATOS,0,0,Morelia,Loma Bonita,noviembre,jueves,9,-101.190957522864,19.6570761275094
26317,26322,2019,,2019/11/21,11:30:00,COLISIÓN POR CORTE DE CIRCULACIÓN,ASFALTO,Bueno,Bueno,2,SEAT,NEGRO,2,,25,FEMENINO,SIN DATOS,0,0,Morelia,Lomas de Vista Bella,noviembre,jueves,12,-101.196593044237,19.6746539144371
26318,26323,2019,MOR190756456,2019/11/21,12:46:00,COLISIÓN POR CAMBIO DE CARRIL,ASFALTO,Bueno,Bueno,2,SEAT,AZUL,2,,20,MASCULINO,SIN DATOS,0,0,Morelia,Virreyes,noviembre,jueves,13,-101.15684973,19.6972733399992
26320,26325,2019,,2019/11/21,13:35:00,COLISIÓN POR ALCANCE,ASFALTO,Bueno,Bueno,5,VOLKSWAGEN,PLATA,5,,,FEMENINO,SIN DATOS,0,0,Morelia,Elias Perez Avalos,noviembre,jueves,14,-101.167813022979,19.7136335493406
26321,26326,2019,,2019/11/21,14:50:00,COLISIÓN POR ALCANCE,ASFALTO,Bueno,Bueno,2,VOLKSWAGEN,PLATA,2,,28,MASCULINO,SIN DATOS,0,0,Morelia,5 de Mayo,noviembre,jueves,15,-101.17543291,19.7031789799992
26324,26329,2019,,2019/11/21,17:00:00,COLISIÓN POR CAMBIO DE CARRIL,ASFALTO,Bueno,Bueno,2,INTERNACIONAL,BLANCO,2,,27,MASCULINO,SIN DATOS,0,0,Morelia,Elias Perez Avalos,noviembre,jueves,17,-101.167813022979,19.7136335493406
26325,26330,2019,MOR190737110,2019/11/21,17:46:00,COLISIÓN POR ALCANCE,CONCRETO,Bueno,Bueno,2,JEEP,ROJO,2,,26,FEMENINO,SIN DATOS,0,0,Morelia,Centro,noviembre,jueves,18,-101.183389954654,19.7044140305875
26326,26331,2019,MOR19871252,2019/11/21,19:00:00,COLISIÓN CON PEATÓN,ASFALTO,Bueno,Bueno,1,INTERNATIONAL,BLANCO Y AZUL,2,,25,MASCULINO,SIN DATOS,1,0,Morelia,Centro,noviembre,jueves,19,-101.204140260816,19.7025171870857
26327,26332,2019,LEG27688,2019/11/21,19:00:00,COLISIÓN CON PEATÓN,ASFALTO,Bueno,Bueno,1,INTERNATIONAL,BLANCO Y AZUL,2,,25,MASCULINO,SIN DATOS,1,0,Morelia,Centro,noviembre,jueves,19,-101.190505586565,19.7029231094258
26328,26333,2019,MOR190871496,2019/11/21,20:10:00,COLISIÓN POR CORTE DE CIRCULACIÓN,SIN_DATOS,Bueno,Bueno,2,TOYOTA,BLANCO,2,,22,FEMENINO,SIN DATOS,0,0,Morelia,Jardines del Toreo,noviembre,jueves,20,-101.218347004354,19.6880252784484
26329,26334,2019,,2019/11/21,20:20:00,COLISIÓN CONTRA OBJETO FIJO,ASFALTO,Bueno,Bueno,3,MITSUBISHI,PLATA,2,,17,MASCULINO,SIN DATOS,0,0,Peribán,Sin datos,noviembre,jueves,20,-102.447829283774,19.5557740068793
26330,26335,2019,,2019/11/21,22:20:00,COLISIÓN POR ALCANCE,ASFALTO,Bueno,Bueno,2,TOYOTA,BLANCO Y AMARILLO,2,,23,MASCULINO,SIN DATOS,0,0,Morelia,Insurgentes,noviembre,jueves,22,-101.155416805,19.6953315299991
26331,26336,2019,MOR190872117,2019/11/22,"00:00:00",COLISIÓN CONTRA OBJETO FIJO,ASFALTO,Bueno,Bueno,1,MAZDA,GRIS,1,MINISTERIO PÚBLICO,,,SIN DATOS,0,0,Morelia,Santillan La Huerta,noviembre,viernes,0,-101.219553885717,19.6760966650679
26332,26337,2019,,2019/11/22,"00:00:00",COLISIÓN POR CORTE DE CIRCULACIÓN,ASFALTO,Bueno,Bueno,1,VOLKSWAGEN,NEGRO,1,,26,MASCULINO,SIN DATOS,0,0,Morelia,Granjas del Maestro,noviembre,viernes,0,-101.192220620922,19.7145416939872
26333,26338,2019,MOR190872086,2019/11/22,"02:05:00",COLISIÓN POR CORTE DE CIRCULACIÓN,ASFALTO,Bueno,Bueno,1,VOLKSWAGEN,VERDE,0,MINISTERIO PÚBLICO,,,,0,0,Morelia,Los Angeles,noviembre,viernes,2,-101.172693695,19.7488773499992
26335,26340,2019,,2019/11/22,"09:00:00",COLISIÓN POR CAMBIO DE CARRIL,ASFALTO,Bueno,Bueno,2,NISSAN,NARANJA,2,,33,MASCULINO,SIN DATOS,0,0,Morelia,Gertrudis Sanchez,noviembre,viernes,9,-101.205776745,19.7441101549991
26336,26341,2019,,2019/11/22,10:15:00,COLISIÓN POR INVASIÓN DE CARRIL,ASFALTO,Bueno,Bueno,2,JEEP,ROJO CEREZA,2,,32,FEMENINO,SIN DATOS,0,0,Los Reyes,Los Manantiales,noviembre,viernes,10,-102.4528875947,19.5788979227999
26337,26342,2019,,2019/11/22,12:00:00,COLISIÓN POR ALCANCE,ASFALTO,Bueno,Bueno,2,VOLKSWAGEN,BLANCO,2,,22,MASCULINO,SIN DATOS,0,0,Morelia,Lomas de San Juan,noviembre,viernes,12,-101.183039681886,19.7298664251429
26338,26343,2019,LEG27718,2019/11/22,12:00:00,COLISIÓN CONTRA OBJETO FIJO,ASFALTO,Bueno,Bueno,1,SEAT,GRIS,1,,46,MASCULINO,SIN DATOS,0,0,Morelia,Felipe Carrillo Puerto,noviembre,viernes,12,-101.177427865661,19.7308068402022
26339,26344,2019,,2019/11/22,12:15:00,COLISIÓN POR CAMBIO DE CARRIL,CONCRETO,Bueno,Bueno,2,FREIGHLINER,BLANCO,2,,46,MASCULINO,SIN DATOS,0,0,Morelia,Lomas de Vista Bella,noviembre,viernes,12,-101.198675533477,19.6730743205663
26340,26345,2019,MOR190873007,2019/11/22,13:10:00,COLISIÓN POR CORTE DE CIRCULACIÓN,CONCRETO,Bueno,Bueno,2,HONDA,PLATA,2,,57,MASCULINO,SIN DATOS,0,0,Morelia,Primo Tapia Oriente,noviembre,viernes,13,-101.160671657864,19.7148130515494
26341,26346,2019,,2019/11/22,13:10:00,SALIDA DE SUPERFICIE DE RODAMIENTO,ASFALTO,Bueno,Bueno,1,SIN DATOS,SIN DATOS,1,,0,MASCULINO,SIN DATOS,0,0,Morelia,Sin datos,noviembre,viernes,13,-101.282074861228,19.6177477997923
26342,26347,2019,,2019/11/22,14:30:00,COLISIÓN POR CORTE DE CIRCULACIÓN,ASFALTO,Bueno,Bueno,2,NISSAN,GUINDA,0,MINISTERIO PÚBLICO,,,,0,0,Múgica,Benito Juarez,noviembre,viernes,15,-102.084928750992,19.0393106011444
26343,26348,2019,LEG27702,2019/11/22,15:10:00,COLISIÓN POR MANIOBRA DE REVERSA,ASFALTO,Bueno,Bueno,2,NISSAN,AMARILLO,2,,22,MASCULINO,SIN DATOS,0,0,Morelia,Ignacio Lopez Rayon,noviembre,viernes,15,-101.253761947012,19.6905504800735