fid,id_accidente,anio_origen,folio_c5i,dia_incidente,hora_ocurrencia,tipo_incidente_vial,superficie_ocurrencia,condiciones_climaticas,condiciones_via,numero_vehiculos_involucrados,marca_vehiculo_ocasiona_siniestro,color_vehiculo_ocasiona_siniestro,numero_personas_involucradas,lugar_remite_presunto_responsable,edad_presunto_responsable,sexo_presunto_responsable,resultados_toxicologia,numero_personas_lesionadas,numero_personas_fallecidas,municipio,colonia,mes,dia_semana,hora_redondeada,lon,lat
26344,26349,2019,,2019/11/22,15:20:00,COLISIÓN POR ALCANCE,ASFALTO,Bueno,Bueno,2,FREGHTLINER,BLANCO,2,,29,MASCULINO,SIN DATOS,0,0,Jacona,Sin datos,noviembre,viernes,15,-102.360446602106,19.9285807720425
26345,26350,2019,MOR190873382,2019/11/22,15:30:00,SUBIDA AL CAMELLÓN,CONCRETO,Bueno,Bueno,1,CHEVROLET,ROJO,1,,30,MASCULINO,SIN DATOS,0,0,Morelia,Alfonso Garcia Robles,noviembre,viernes,16,-101.183094056834,19.7185941431338
26346,26351,2019,LEG27719,2019/11/22,15:40:00,COLISIÓN CON PEATÓN,ASFALTO,Bueno,Bueno,1,NISSAN,PLATA,2,,0,MASCULINO,SIN DATOS,1,0,Morelia,Vasco de Quiroga,noviembre,viernes,16,-101.172084441176,19.7019638559701
26347,26352,2019,,2019/11/22,16:05:00,COLISIÓN CON PEATÓN,SIN_DATOS,Bueno,Bueno,1,HONDA,BLANCO,2,,22,MASCULINO,SIN DATOS,1,0,Morelia,Carmen Serdan,noviembre,viernes,16,-101.219556395,19.7139125899991
26348,26353,2019,,2019/11/22,16:50:00,VOLCADURA,ASFALTO,Bueno,Malo,1,DINA,BLANCO,3,,24,MASCULINO,SIN DATOS,2,0,Acuitzio,Sin datos,noviembre,viernes,17,-101.381487250328,19.4976445730533
26349,26354,2019,,2019/11/22,17:10:00,COLISIÓN POR CORTE DE CIRCULACIÓN,CONCRETO,Bueno,Bueno,2,CHEVROLET,CAFE,1,MINISTERIO PÚBLICO,,,,1,0,Morelia,Ventura Puente,noviembre,viernes,17,-101.193225725,19.6917077449992
26350,26355,2019,LEG27720,2019/11/22,17:26:00,COLISIÓN POR ALCANCE,ASFALTO,Bueno,Bueno,2,CHEVROLET,BLANCO,2,,0,MASCULINO,SIN DATOS,0,0,Morelia,Villas del Pedregal,noviembre,viernes,17,-101.302209,19.685042
26351,26356,2019,,2019/11/22,17:30:00,COLISIÓN POR CORTE DE CIRCULACIÓN,ASFALTO,Bueno,Bueno,2,NISSAN,BLANCO,2,MINISTERIO PÚBLICO,41,MASCULINO,SIN DATOS,0,0,Morelia,Ricardo Flores Magon,noviembre,viernes,18,-101.2442053369,19.7070098191619
26352,26357,2019,,2019/11/22,18:01:00,COLISIÓN POR CORTE DE CIRCULACIÓN,ASFALTO,Bueno,Bueno,2,CHEVROLET,AMARILLO,2,,30,MASCULINO,SIN DATOS,0,0,Jacona,Sin datos,noviembre,viernes,18,-102.360635697842,19.9285505129168
26353,26358,2019,,2019/11/22,18:07:00,COLISIÓN POR CORTE DE CIRCULACIÓN,ASFALTO,Bueno,Bueno,2,FORD,VERDE,2,,38,FEMENINO,SIN DATOS,0,0,Morelia,Chapultepec Sur,noviembre,viernes,18,-101.171449125214,19.6920309500482
26354,26359,2019,,2019/11/22,18:30:00,COLISIÓN POR ALCANCE,ASFALTO,Bueno,Bueno,3,JEEP,ROJO,3,,44,MASCULINO,SIN DATOS,0,0,Los Reyes,Los Manantiales,noviembre,viernes,19,-102.452886588871,19.5788982386906
26356,26361,2019,,2019/11/22,21:40:00,COLISIÓN POR CAMBIO DE CARRIL,CONCRETO,Bueno,Bueno,2,HONDA,ARENA,2,,0,MASCULINO,ALIENTO ETÍLICO,0,0,Morelia,Villa Universidad,noviembre,viernes,22,-101.200576,19.6852265
26357,26362,2019,,2019/11/22,23:00:00,CAIDA DE MOTOCICLETA,ASFALTO,Bueno,Bueno,1,ITALIKA,AZUL Y BLANCO,0,,,,,0,0,Tuxpan,Sin datos,noviembre,viernes,23,-100.475017614663,19.5414387176163
26359,26364,2019,,2019/11/23,"03:45:00",COLISIÓN CONTRA OBJETO FIJO,ASFALTO,Bueno,Bueno,1,Honda,Gris,1,MINISTERIO PÚBLICO,0,MASCULINO,ALIENTO ETÍLICO,0,0,Morelia,Lomas de La Maestranza,noviembre,sábado,4,-101.331548206508,19.6843534760552
26360,26365,2019,LEG27723,2019/11/23,"08:21:00",COLISIÓN POR CORTE DE CIRCULACIÓN,ASFALTO,Bueno,Bueno,1,NISSAN,BLANCO,1,,60,MASCULINO,SIN DATOS,0,0,Morelia,Lomas de San Juan,noviembre,sábado,8,-101.183039681886,19.7298664251429
26361,26366,2019,LEG27727,2019/11/23,10:30:00,COLISIÓN CONTRA OBJETO FIJO,ASFALTO,Bueno,Bueno,2,FORD,NEGRO,2,,38,MASCULINO,SIN DATOS,0,0,Morelia,Xangari,noviembre,sábado,11,-101.220695525408,19.6741158503224
26362,26367,2019,,2019/11/23,11:45:00,COLISIÓN POR INVASIÓN DE CARRIL,ASFALTO,Bueno,Bueno,2,NISSAN,BLANCO,5,MINISTERIO PÚBLICO,33,FEMENINO,SIN DATOS,3,0,Jacona,Sin datos,noviembre,sábado,12,-102.35682696104,19.9290791011844
26363,26368,2019,MOR190657898,2019/11/23,12:20:00,COLISIÓN CONTRA OBJETO FIJO,CONCRETO,Bueno,Bueno,3,VOLKSWAGEN,NEGRO,3,,18,MASCULINO,ALIENTO ETÍLICO,0,0,Morelia,Dr Miguel Silva,noviembre,sábado,12,-101.185227946917,19.717204814836
26364,26369,2019,"190345728",2019/11/23,12:55:00,COLISIÓN POR ALCANCE,ASFALTO,Bueno,Bueno,2,NISSAN,ROJO,2,,27,MASCULINO,SIN DATOS,0,0,Morelia,Solidaridad,noviembre,sábado,13,-101.208884142523,19.7313398185398
26365,26370,2019,,2019/11/23,13:10:00,COLISIÓN POR CORTE DE CIRCULACIÓN,ASFALTO,Bueno,Bueno,2,DINA,BLANCO,2,MINISTERIO PÚBLICO,36,MASCULINO,SIN DATOS,0,0,Pátzcuaro,Centro,noviembre,sábado,13,-101.61727655679,19.5174833819464
26366,26371,2019,MOR190875780,2019/11/23,13:24:00,COLISIÓN POR ALCANCE,ASFALTO,Bueno,Bueno,2,HYUNDAI,BLANCO/VERDE,2,MINISTERIO PÚBLICO,30,MASCULINO,SIN DATOS,0,0,Morelia,Isaac Arriaga,noviembre,sábado,13,-101.173878539064,19.7098514781792
26367,26372,2019,,2019/11/23,13:50:00,COLISIÓN POR ALCANCE,CONCRETO,Bueno,Bueno,2,VOLKSWAGEN,GRIS,2,,23,MASCULINO,SIN DATOS,0,0,Morelia,Chapultepec Oriente,noviembre,sábado,14,-101.15913378,19.6947918299991
26368,26373,2019,LEG27714,2019/11/23,17:00:00,COLISIÓN POR ALCANCE,ASFALTO,Bueno,Bueno,2,CHEVROLET,PLATA,2,,43,MASCULINO,SIN DATOS,0,0,Morelia,Dr Miguel Silva,noviembre,sábado,17,-101.187927793444,19.7204887484457
26369,26374,2019,MOR190564123,2019/11/23,18:53:00,COLISIÓN POR ALCANCE,ASFALTO,Bueno,Bueno,2,FORD,CAFE,2,,0,,SIN DATOS,0,0,Morelia,Felicitas del Rio,noviembre,sábado,19,-101.200257123757,19.6935246012511
26371,26376,2019,,2019/11/23,19:40:00,VOLCADURA,ASFALTO,Bueno,Bueno,1,CHEVROLET,BLANCO,1,MINISTERIO PÚBLICO,,,,1,0,Pátzcuaro,Centro,noviembre,sábado,20,-101.61573227495,19.5096404301443
26372,26377,2019,MOR190876638,2019/11/23,19:50:00,COLISIÓN POR CORTE DE CIRCULACIÓN,ASFALTO,Bueno,Bueno,2,CHEVROLET,PLATA,2,,62,FEMENINO,SIN DATOS,0,0,Morelia,Villa Universidad,noviembre,sábado,20,-101.20959864,19.6918456199992
26373,26378,2019,MOR190874689,2019/11/23,21:49:00,COLISIÓN POR CORTE DE CIRCULACIÓN,ASFALTO,Bueno,Bueno,2,ITALIKA,ROJO,2,,22,MASCULINO,SIN DATOS,0,0,Morelia,Vasco de Quiroga,noviembre,sábado,22,-101.172084441176,19.7019638559701
26374,26379,2019,LEG27717,2019/11/23,21:50:00,COLISIÓN POR CAMBIO DE CARRIL,ASFALTO,Bueno,Bueno,2,NISSAN,ARENA,2,,35,MASCULINO,ALIENTO ETÍLICO,0,0,Morelia,San Jose Itzicuaro,noviembre,sábado,22,-101.304396034018,19.6887087599518
26375,26380,2019,,2019/11/23,23:10:00,CAIDA DE MOTOCICLETA,ASFALTO,Bueno,Bueno,1,ITALIKA,BLANCO/NEGRO,1,MINISTERIO PÚBLICO,,,,0,1,Pátzcuaro,Centro,noviembre,sábado,23,-101.61767821759,19.5162063763597
26376,26381,2019,MOR190875324,2019/11/24,"00:00:00",COLISIÓN POR ALCANCE,ASFALTO,Bueno,Regular,2,RENAULT,NEGRO,2,,60,MASCULINO,SIN DATOS,0,0,Morelia,Vista Bella,noviembre,domingo,0,-101.195925675947,19.6790442736003
26377,26382,2019,,2019/11/24,"00:50:00",COLISIÓN POR ALCANCE,ASFALTO,Bueno,Bueno,2,FORD,AZUL,2,MINISTERIO PÚBLICO,,,SIN DATOS,0,0,Morelia,Felix Ireta,noviembre,domingo,1,-101.191785335541,19.6824176934421
26378,26383,2019,MOR190877648,2019/11/24,"01:22:00",COLISIÓN POR ALCANCE,ASFALTO,Bueno,Bueno,2,NISSAN,BLANCO,2,,0,MASCULINO,SIN DATOS,0,0,Morelia,Tenencia Morelos,noviembre,domingo,1,-101.243929623155,19.6466055443724
26379,26384,2019,MOR 190877645,2019/11/24,"02:30:00",COLISIÓN CONTRA OBJETO FIJO,ASFALTO,Bueno,Regular,1,KIA,PLATA,1,,25,FEMENINO,ALIENTO ETÍLICO,0,0,Morelia,Gertrudis Sanchez,noviembre,domingo,3,-101.205776745,19.7441101549991
26380,26385,2019,,2019/11/24,"02:50:00",COLISIÓN CONTRA OBJETO FIJO,ASFALTO,Bueno,Bueno,1,CHEVROLET,PLATA,1,,0,MASCULINO,SIN DATOS,0,0,Morelia,Villa Magna,noviembre,domingo,3,-101.325926520286,19.6784028338708
26381,26386,2019,MOR190877742,2019/11/24,"03:52:00",SUBIDA AL CAMELLÓN,ASFALTO,Bueno,Bueno,1,NISSAN,BLANCO/ROJO,1,,49,MASCULINO,SIN DATOS,0,0,Morelia,Lomas de Santiaguito,noviembre,domingo,4,-101.179519891941,19.7229539949395
26382,26387,2019,MOR190125689,2019/11/24,"04:46:00",COLISIÓN POR ALCANCE,ASFALTO,Bueno,Bueno,2,FORD,NEGRO,2,,25,MASCULINO,ALIENTO ETÍLICO,0,0,Morelia,Lomas de San Juan,noviembre,domingo,5,-101.183039681886,19.7298664251429
26383,26388,2019,,2019/11/24,"06:00:00",SALIDA DE SUPERFICIE DE RODAMIENTO,ASFALTO,Bueno,Bueno,1,MAZDA,GRIS,1,,0,,SIN DATOS,0,0,Morelia,La Huerta,noviembre,domingo,6,-101.229455848635,19.6607307983846
26384,26389,2019,LEG27746,2019/11/24,10:50:00,COLISIÓN CONTRA OBJETO FIJO,ASFALTO,Bueno,Bueno,2,FORD,NEGRO,1,,,,SIN DATOS,0,0,Morelia,Lazaro Cardenas,noviembre,domingo,11,-101.164917983115,19.7093656471727
26385,26390,2019,LEG27741,2019/11/24,10:50:00,COLISIÓN POR CORTE DE CIRCULACIÓN,ASFALTO,Bueno,Bueno,2,NISSAN,PLATA,2,,40,MASCULINO,SIN DATOS,0,0,Morelia,Nueva Chapultepec,noviembre,domingo,11,-101.163789108396,19.6882710597517
26386,26391,2019,,2019/11/24,11:00:00,COLISIÓN CONTRA OBJETO FIJO,CONCRETO,Bueno,Bueno,2,VOLKSWAGEN,ROJO,2,,28,MASCULINO,SIN DATOS,0,0,Morelia,Los Encinos,noviembre,domingo,11,-101.17781643,19.6599953349991
26387,26392,2019,MOR190878723,2019/11/24,15:45:00,VOLCADURA,CONCRETO,Lluvioso,Bueno,1,FORD,BLANCO Y VERDE,1,,52,MASCULINO,SIN DATOS,0,0,Morelia,La Aldea,noviembre,domingo,16,-101.134939938784,19.7418183777488
26388,26393,2019,,2019/11/24,17:00:00,COLISIÓN POR ALCANCE,ASFALTO,Bueno,Bueno,2,MERCEDES BENZ,BLANCO Y  NARANJA,2,,29,MASCULINO,SIN DATOS,0,0,Morelia,Nueva Valladolid,noviembre,domingo,17,-101.209127157927,19.6986173130653
26389,26394,2019,,2019/11/24,17:15:00,COLISIÓN CONTRA OBJETO FIJO,ASFALTO,Bueno,Regular,1,FORD,BLANCO,0,,,,,0,0,Madero,Sin datos,noviembre,domingo,17,-101.3467271626,19.3645880510027
26390,26395,2019,,2019/11/24,18:50:00,COLISIÓN POR ALCANCE,ASFALTO,Bueno,Bueno,1,FIAT,BLANCO,1,,75,MASCULINO,SIN DATOS,0,0,Morelia,Niño Artillero,noviembre,domingo,19,-101.256095990539,19.6973477423117
26391,26396,2019,,2019/11/24,19:35:00,COLISIÓN POR INVASIÓN DE CARRIL,ASFALTO,Bueno,Bueno,2,DODGE,AZUL,3,,20,MASCULINO,SIN DATOS,2,0,Peribán,Sin datos,noviembre,domingo,20,-102.447322681546,19.5552170105848
26392,26397,2019,,2019/11/24,20:50:00,COLISIÓN POR INVASIÓN DE CARRIL,ASFALTO,Bueno,Bueno,2,VW,GRIS,1,,30,,SIN DATOS,0,0,Peribán,Sin datos,noviembre,domingo,21,-102.445924915373,19.5537267280016
26393,26398,2019,,2019/11/24,21:00:00,COLISIÓN CONTRA OBJETO FIJO,ASFALTO,Bueno,Bueno,1,FORD,BLANCO,1,,31,MASCULINO,SIN DATOS,0,0,Morelia,La Hacienda,noviembre,domingo,21,-101.314941979945,19.6868801864563
26394,26399,2019,LEG27742,2019/11/24,22:00:00,COLISIÓN CONTRA OBJETO FIJO,ASFALTO,Bueno,Bueno,2,VOLKSWAGEN,PLATA,1,,,MASCULINO,SIN DATOS,0,0,Charo,Sin datos,noviembre,domingo,22,-101.079731360078,19.6867255039317
26395,26400,2019,LEG27743,2019/11/24,22:30:00,COLISIÓN CONTRA OBJETO FIJO,ASFALTO,Bueno,Bueno,2,NISSAN,BLANCO,2,,27,MASCULINO,SIN DATOS,0,0,Morelia,Villas del Real,noviembre,domingo,23,-101.202325746417,19.7326082009867
26396,26401,2019,MOR190877351,2019/11/24,23:25:00,COLISIÓN POR INVASIÓN DE CARRIL,ASFALTO,Bueno,Bueno,2,VOLKSWAGEN,ROJO,2,,21,MASCULINO,ALIENTO ETÍLICO,0,0,Morelia,Rey Tariacuri (Eucaliptos),noviembre,domingo,23,-101.198902538624,19.6789772554094
26397,26402,2019,MOR190877396,2019/11/24,23:35:00,COLISIÓN POR MANIOBRA DE REVERSA,ASFALTO,Bueno,Bueno,2,NISSAN,BLANCO,2,,43,FEMENINO,SIN DATOS,0,0,Morelia,Camelinas,noviembre,domingo,0,-101.17075869981,19.6837967780615
26399,26404,2019,MOR190880005,2019/11/25,"07:50:00",COLISIÓN POR CORTE DE CIRCULACIÓN,CONCRETO,Bueno,Bueno,2,VOLKSWAGEN,BLANCO,1,MINISTERIO PÚBLICO,,,,1,0,Morelia,Centro,noviembre,lunes,8,-101.185462655,19.7024696749991
26401,26406,2019,MOR190880132,2019/11/25,"08:51:00",COLISIÓN POR CORTE DE CIRCULACIÓN,ASFALTO,Bueno,Bueno,2,FORD,BLANCO Y AZUL,2,,20,MASCULINO,SIN DATOS,0,0,Morelia,Vista Bella,noviembre,lunes,9,-101.195925675947,19.6790442736003
26402,26407,2019,MOR190880325,2019/11/25,10:25:00,COLISIÓN POR INVASIÓN DE CARRIL,CONCRETO,Bueno,Bueno,2,KENWORTH,BLANCO,1,MINISTERIO PÚBLICO,,,,1,0,Morelia,Club de Golf Tres Marias,noviembre,lunes,10,-101.112436037511,19.7052417599774
26403,26408,2019,,2019/11/25,15:40:00,COLISIÓN POR CORTE DE CIRCULACIÓN,ASFALTO,Bueno,Bueno,3,ITALIKA,NEGRO/GRIS,3,,21,MASCULINO,SIN DATOS,0,0,Los Reyes,Los Manantiales,noviembre,lunes,16,-102.452886588871,19.5788979227999
26405,26410,2019,,2019/11/25,17:20:00,COLISIÓN POR CAMBIO DE CARRIL,ASFALTO,Bueno,Bueno,2,KENWORTH,VERDE,2,,52,MASCULINO,SIN DATOS,0,0,Morelia,Niño Artillero,noviembre,lunes,17,-101.250201836228,19.6986097373373
26406,26411,2019,MOR190881585,2019/11/25,17:30:00,COLISIÓN POR CORTE DE CIRCULACIÓN,ASFALTO,Bueno,Bueno,2,CHEVROLET,BLANCO,2,,22,FEMENINO,SIN DATOS,0,0,Morelia,Las Americas,noviembre,lunes,18,-101.157750397493,19.6913098349318
26407,26412,2019,,2019/11/25,18:07:00,VOLCADURA,ASFALTO,Bueno,Bueno,1,CHEVROLET,ROJO,0,MINISTERIO PÚBLICO,,,,0,0,Hidalgo,Centro,noviembre,lunes,18,-100.553271,19.691029
26408,26413,2019,MOR190881677,2019/11/25,18:55:00,COLISIÓN POR ALCANCE,ASFALTO,Bueno,Bueno,2,TOYOTA,BLANCO Y GRIS,2,,31,MASCULINO,SIN DATOS,0,0,Morelia,Pascual Ortiz de Ayala,noviembre,lunes,19,-101.149821521984,19.69504229591
26409,26414,2019,,2019/11/25,22:20:00,SALIDA DE SUPERFICIE DE RODAMIENTO,ASFALTO,Bueno,Bueno,1,NISSAN,AZUL,1,,20,MASCULINO,SIN DATOS,0,0,Peribán,Sin datos,noviembre,lunes,22,-102.452629244372,19.5589662441895
26411,26416,2019,,2019/11/26,"00:00:00",COLISIÓN POR MANIOBRA DE REVERSA,SIN_DATOS,Bueno,Bueno,2,NISSAN,BLANCO,2,,36,MASCULINO,SIN DATOS,0,0,Morelia,Campamento Ferrocarrilero,noviembre,martes,0,-101.203038605,19.7048187049992
26413,26418,2019,,2019/11/26,"08:25:00",COLISIÓN POR CORTE DE CIRCULACIÓN,ASFALTO,Bueno,Bueno,2,FORD,BLANCO,2,,56,MASCULINO,SIN DATOS,0,0,Morelia,Sentimientos de La Nacion,noviembre,martes,8,-101.236874610186,19.6848023772919
26414,26419,2019,LEG27793,2019/11/26,"08:47:00",COLISIÓN POR CORTE DE CIRCULACIÓN,ASFALTO,Bueno,Bueno,2,RENAULT,GRIS,2,,,FEMENINO,SIN DATOS,0,0,Morelia,Centro,noviembre,martes,9,-101.190646067262,19.6959342203104
26415,26420,2019,,2019/11/26,"09:56:00",COLISIÓN POR CORTE DE CIRCULACIÓN,ASFALTO,Bueno,Bueno,2,FORD,ROJO,3,,43,MASCULINO,SIN DATOS,1,0,Zacapu,Centro,noviembre,martes,10,-101.787787266076,19.8092029523855
26416,26421,2019,LEG27794,2019/11/26,11:11:00,COLISIÓN POR CAMBIO DE CARRIL,ASFALTO,Bueno,Bueno,2,NISSAN,BLANCO Y ROJO,2,,47,MASCULINO,SIN DATOS,0,0,Morelia,Felix Ireta,noviembre,martes,11,-101.180339964394,19.6879062230969
26417,26422,2019,LEG27781,2019/11/26,11:20:00,CAIDA DE MOTOCICLETA,CONCRETO,Bueno,Bueno,1,BAJAJ,ROJO,1,,22,MASCULINO,SIN DATOS,0,0,Morelia,Camelinas,noviembre,martes,11,-101.171111539006,19.6819432147796
26418,26423,2019,LEG27782,2019/11/26,13:00:00,COLISIÓN CONTRA OBJETO FIJO,ASFALTO,Bueno,Bueno,2,MAZDA,GRIS,2,,28,MASCULINO,SIN DATOS,0,0,Morelia,Ventura Puente,noviembre,martes,13,-101.184901110828,19.6949206308597
26419,26424,2019,,2019/11/26,14:45:00,COLISIÓN POR CORTE DE CIRCULACIÓN,ASFALTO,Bueno,Bueno,2,HONDA,GRIS,2,MINISTERIO PÚBLICO,31,MASCULINO,SIN DATOS,0,0,Morelia,Sin datos,noviembre,martes,15,-101.263347677886,19.6391870172882
26420,26425,2019,,2019/11/26,16:30:00,COLISIÓN CONTRA OBJETO FIJO,CONCRETO,Bueno,Bueno,2,V.W.,BLANCO,1,,,MASCULINO,SIN DATOS,0,0,Cuitzeo,El Embarcadero,noviembre,martes,17,-101.140117608011,19.9660913251007
26421,26426,2019,MOR190256784,2019/11/26,17:25:00,COLISIÓN POR CAMBIO DE CARRIL,ASFALTO,Bueno,Bueno,2,TOYOTA,BLANCO,2,,26,MASCULINO,SIN DATOS,0,0,Morelia,Club Campestre,noviembre,martes,17,-101.161448081288,19.6825881034747
26422,26427,2019,,2019/11/26,19:00:00,COLISIÓN POR CORTE DE CIRCULACIÓN,ASFALTO,Bueno,Bueno,2,NISSAN,PLATA,1,MINISTERIO PÚBLICO,,,SIN DATOS,0,0,Hidalgo,Vasco de Quiroga,noviembre,martes,19,-100.549449920654,19.6899504458143
26423,26428,2019,,2019/11/26,19:40:00,SALIDA DE SUPERFICIE DE RODAMIENTO,ASFALTO,Bueno,Regular,1,CHEVROLET,VERDE,1,,,MASCULINO,SIN DATOS,0,0,Huandacareo,Sin datos,noviembre,martes,20,-101.328528374434,19.9973548585718
26424,26429,2019,MOR190882283,2019/11/26,23:40:00,COLISIÓN CONTRA OBJETO FIJO,ASFALTO,Bueno,Bueno,1,NISSAN,NEGRO,1,,21,MASCULINO,SIN DATOS,0,0,Morelia,Trincheras de Morelos,noviembre,martes,0,-101.186697645,19.6652836249992
26426,26431,2019,MOR190896339,2019/11/27,"00:00:00",COLISIÓN POR CORTE DE CIRCULACIÓN,SIN_DATOS,Bueno,Bueno,1,FORD,AZUL,1,,56,MASCULINO,SIN DATOS,0,0,Morelia,Las Americas,noviembre,miércoles,0,-101.154053996688,19.6911415696954
26427,26432,2019,,2019/11/27,"00:00:00",COLISIÓN CON PEATÓN,CONCRETO,Bueno,Bueno,1,ITALIKA,Negro/Naranja,1,,42,MASCULINO,SIN DATOS,0,0,Morelia,Ricardo Flores Magon,noviembre,miércoles,0,-101.243542917073,19.7053554654182
26428,26433,2019,,2019/11/27,"02:30:00",COLISIÓN CONTRA OBJETO FIJO,ASFALTO,Bueno,Bueno,1,FORD,AZUL,0,,,,,0,0,Lagunillas,Francisco Villa (Ferrocarriles),noviembre,miércoles,3,-101.417450979352,19.5657569625066
26429,26434,2019,MOR190885045,2019/11/27,"07:30:00",COLISIÓN POR CORTE DE CIRCULACIÓN,ASFALTO,Bueno,Bueno,2,TOYOTA,BLANCO,2,,24,MASCULINO,SIN DATOS,0,0,Morelia,Felix Ireta,noviembre,miércoles,8,-101.181268393993,19.6830970509963
26430,26435,2019,,2019/11/27,"08:20:00",COLISIÓN POR CAMBIO DE CARRIL,ASFALTO,Bueno,Bueno,2,VOLKSWAGEN,AZUL,2,,,MASCULINO,SIN DATOS,0,0,Morelia,Josefa Ortiz de Dominguez,noviembre,miércoles,8,-101.211334951222,19.7261962663506
26431,26436,2019,MOR1900885213,2019/11/27,"09:20:00",COLISIÓN CON PEATÓN,SIN_DATOS,Bueno,Bueno,1,TOYOTA,BLANCO Y NARANJA,1,,40,MASCULINO,SIN DATOS,0,0,Morelia,Centro,noviembre,miércoles,9,-101.190567277372,19.7009547236776
26432,26437,2019,,2019/11/27,"09:35:00",COLISIÓN CONTRA OBJETO FIJO,ASFALTO,Bueno,Bueno,1,MERCEDES BENZ,BLANCO,1,,44,MASCULINO,SIN DATOS,0,0,Morelia,Centro,noviembre,miércoles,10,-101.188743039966,19.7094666500589
26433,26438,2019,"190885280",2019/11/27,10:35:00,COLISIÓN CONTRA OBJETO FIJO,ASFALTO,Bueno,Bueno,1,MERCEDES BENZ,BLANCO,1,,42,MASCULINO,SIN DATOS,0,0,Morelia,Centro,noviembre,miércoles,11,-101.188429221511,19.7107193961806
26434,26439,2019,,2019/11/27,11:25:00,COLISIÓN CONTRA OBJETO FIJO,ASFALTO,Bueno,Bueno,1,CHEVROLET,BLANCO,1,,,FEMENINO,SIN DATOS,0,0,Morelia,Bosques Tres Marias,noviembre,miércoles,11,-101.103615760803,19.7220599475438
26435,26440,2019,MOR190885521,2019/11/27,11:52:00,COLISIÓN POR CAMBIO DE CARRIL,ASFALTO,Bueno,Bueno,2,ITALIKA,NEGRO Y NARANJA,2,,27,MASCULINO,SIN DATOS,0,0,Morelia,Lomas del Valle,noviembre,miércoles,12,-101.230037015,19.6880963799991
26436,26441,2019,"190886074",2019/11/27,15:20:00,COLISIÓN CON PEATÓN,CONCRETO,Bueno,Bueno,1,ITALIKA,NEGRO Y NARANJA,1,,42,MASCULINO,SIN DATOS,0,0,Morelia,Ricardo Flores Magon,noviembre,miércoles,15,-101.243803426623,19.7050672839831
26437,26442,2019,MOR190886238,2019/11/27,16:45:00,COLISIÓN CONTRA OBJETO FIJO,SIN_DATOS,Bueno,Bueno,1,CHRYSLER,NEGRO,0,,,,,0,0,Morelia,Unidos Santa Cruz,noviembre,miércoles,17,-101.213270500302,19.7201243054605
26438,26443,2019,,2019/11/27,17:17:00,COLISIÓN POR CORTE DE CIRCULACIÓN,ASFALTO,Nublado,Bueno,2,TOYOTA,BLANCO/GRIS,2,,,MASCULINO,SIN DATOS,0,0,Morelia,Ana Maria Gallaga (Riviera Norte),noviembre,miércoles,17,-101.223844103515,19.6766376710265
26439,26444,2019,,2019/11/27,19:10:00,COLISIÓN POR CAMBIO DE CARRIL,ASFALTO,Bueno,Bueno,2,DINA,PLATA,2,,35,MASCULINO,SIN DATOS,0,0,Morelia,Fuentes de Morelia,noviembre,miércoles,19,-101.202960759401,19.6732397703713
26440,26445,2019,MOR1900885490,2019/11/27,20:00:00,COLISIÓN CON PEATÓN,SIN_DATOS,Bueno,Bueno,2,FORD,ROJO,2,,33,FEMENINO,SIN DATOS,0,0,Morelia,Alfonso Espinoza Guerrero (Barranca Seca),noviembre,miércoles,20,-101.175797022879,19.6734503457012
26441,26446,2019,,2019/11/27,20:00:00,COLISIÓN POR CORTE DE CIRCULACIÓN,CONCRETO,Bueno,Bueno,2,VOLKSWAGEN,ROJO,2,,23,MASCULINO,SIN DATOS,0,0,Morelia,Las Americas,noviembre,miércoles,20,-101.159105636179,19.6879777967324
26442,26447,2019,,2019/11/27,21:30:00,COLISIÓN POR CORTE DE CIRCULACIÓN,CONCRETO,Bueno,Bueno,2,VOLKSWAGEN,GRIS,2,,,MASCULINO,SIN DATOS,0,0,Morelia,Ventura Puente,noviembre,miércoles,22,-101.191933527589,19.6913719123953
26443,26448,2019,,2019/11/27,21:40:00,COLISIÓN POR INVASIÓN DE CARRIL,ASFALTO,Bueno,Bueno,2,DINA,GRIS,2,,46,MASCULINO,SIN DATOS,0,0,Gabriel Zamora,Sin datos,noviembre,miércoles,22,-102.055752016604,19.1177033278437
26444,26449,2019,MOR190887072,2019/11/27,22:00:00,COLISIÓN CONTRA OBJETO FIJO,ASFALTO,Bueno,Bueno,2,S/D,S/D,1,,56,MASCULINO,SIN DATOS,0,0,Morelia,Jardines de Guadalupe,noviembre,miércoles,22,-101.226237304509,19.7094896913334
26445,26450,2019,MOR190887175,2019/11/27,22:30:00,COLISIÓN POR CORTE DE CIRCULACIÓN,ASFALTO,Bueno,Bueno,2,TOYOTA,BLANCO Y GRIS,2,,44,MASCULINO,SIN DATOS,0,0,Morelia,Eduardo Ruiz,noviembre,miércoles,23,-101.22407913208,19.725146258737
26446,26451,2019,MOR190887210,2019/11/27,23:10:00,SUBIDA AL CAMELLÓN,ASFALTO,Bueno,Bueno,1,NISSAN,NEGRO,1,,57,MASCULINO,SIN DATOS,0,0,Morelia,Comision Federal de Electricidad,noviembre,miércoles,23,-101.181330084801,19.6814213813343