fid,id_accidente,anio_origen,folio_c5i,dia_incidente,hora_ocurrencia,tipo_incidente_vial,superficie_ocurrencia,condiciones_climaticas,condiciones_via,numero_vehiculos_involucrados,marca_vehiculo_ocasiona_siniestro,color_vehiculo_ocasiona_siniestro,numero_personas_involucradas,lugar_remite_presunto_responsable,edad_presunto_responsable,sexo_presunto_responsable,resultados_toxicologia,numero_personas_lesionadas,numero_personas_fallecidas,municipio,colonia,mes,dia_semana,hora_redondeada,lon,lat
26447,26452,2019,"190887208",2019/11/28,"00:30:00",COLISIÓN POR CAMBIO DE CARRIL,ASFALTO,Bueno,Bueno,2,NISSAN,VERDE,2,,38,MASCULINO,SIN DATOS,0,0,Morelia,San Jose Itzicuaro,noviembre,jueves,1,-101.304402239621,19.6878108038797
26448,26453,2019,MOR190887268,2019/11/28,"01:15:00",COLISIÓN CONTRA OBJETO FIJO,CONCRETO,Bueno,Bueno,1,VOLKSWAGEN,ROJO,1,,0,,SIN DATOS,0,0,Morelia,Ferrocarrilero,noviembre,jueves,1,-101.213143765926,19.702140303369
26449,26454,2019,MOR190887327,2019/11/28,"04:10:00",COLISIÓN CONTRA OBJETO FIJO,CONCRETO,Bueno,Bueno,2,NISSAN,PLATA,2,,0,,SIN DATOS,0,0,Morelia,Hacienda del Quinceo,noviembre,jueves,4,-101.234796736389,19.7282744847016
26450,26455,2019,,2019/11/28,"08:00:00",COLISIÓN POR CORTE DE CIRCULACIÓN,ASFALTO,Bueno,Bueno,2,CHEVROLET,CREMA,2,,29,MASCULINO,SIN DATOS,0,0,Morelia,Carlos Salazar,noviembre,jueves,8,-101.209658559066,19.7124165765648
26451,26456,2019,,2019/11/28,"08:30:00",COLISIÓN POR ALCANCE,ASFALTO,Bueno,Bueno,3,NISSAN,AZUL,3,,72,MASCULINO,SIN DATOS,0,0,Morelia,Eva Samano,noviembre,jueves,9,-101.202054,19.729452
26452,26457,2019,LEG27836,2019/11/28,10:00:00,COLISIÓN POR CAMBIO DE CARRIL,ASFALTO,Bueno,Bueno,2,NISSAN,ROJO,2,,,FEMENINO,SIN DATOS,0,0,Morelia,Lomas de San Juan,noviembre,jueves,10,-101.183039681886,19.7298664251429
26453,26458,2019,,2019/11/28,10:30:00,COLISIÓN POR CORTE DE CIRCULACIÓN,CONCRETO,Bueno,Bueno,2,ITALIKA,VERDE Y NEGRO,3,,30,MASCULINO,SIN DATOS,1,0,Morelia,Gertrudis Sanchez,noviembre,jueves,11,-101.212796836302,19.7430112041845
26454,26459,2019,,2019/11/28,11:31:00,COLISIÓN CONTRA OBJETO FIJO,ASFALTO,Bueno,Regular,1,KENWORTH,ROJO,1,,26,MASCULINO,SIN DATOS,0,0,Acuitzio,Sin datos,noviembre,jueves,12,-101.348065920174,19.5199207565868
26455,26460,2019,,2019/11/28,12:00:00,COLISIÓN POR ALCANCE,ASFALTO,Bueno,Bueno,2,VOLKSWAGEN,AZUL,2,,,MASCULINO,SIN DATOS,0,0,Morelia,Torreon Nuevo,noviembre,jueves,12,-101.209681806823,19.74825979587
26457,26462,2019,,2019/11/28,14:35:00,COLISIÓN POR CORTE DE CIRCULACIÓN,CONCRETO,Bueno,Bueno,2,HONDA,NEGRO,2,,30,MASCULINO,SIN DATOS,0,0,Morelia,Benito Juarez,noviembre,jueves,15,-101.250692026236,19.6858653522379
26458,26463,2019,,2019/11/28,15:45:00,COLISIÓN POR CAMBIO DE CARRIL,CONCRETO,Bueno,Bueno,2,XROAD,ROJO Y  NEGRO,2,,31,MASCULINO,SIN DATOS,0,0,Morelia,La Colina,noviembre,jueves,16,-101.214094186349,19.7057836087007
26460,26465,2019,,2019/11/28,17:45:00,COLISIÓN CONTRA OBJETO FIJO,ASFALTO,Bueno,Bueno,1,DODGE,GRIS,0,,,,,0,0,Tuxpan,Sin datos,noviembre,jueves,18,-100.476283617318,19.6213963635416
26462,26467,2019,,2019/11/28,17:56:00,COLISIÓN POR ALCANCE,ASFALTO,Bueno,Bueno,2,NISSAN,NEGRO,4,MINISTERIO PÚBLICO,54,MASCULINO,SIN DATOS,2,0,Zacapu,Centro,noviembre,jueves,18,-101.790467,19.816037
26464,26469,2019,LEG27839,2019/11/28,18:42:00,COLISIÓN POR MANIOBRA DE REVERSA,ASFALTO,Bueno,Bueno,2,NISSAN,ROJO,2,,,MASCULINO,SIN DATOS,0,0,Morelia,Jardines de Santiaguito,noviembre,jueves,19,-101.208770462447,19.7185335409359
26465,26470,2019,,2019/11/28,20:40:00,COLISIÓN POR CAMBIO DE CARRIL,ASFALTO,Nublado,Regular,2,HONDA,BLANCO,2,,19,FEMENINO,SIN DATOS,0,0,Morelia,Montaña Monarca,noviembre,jueves,21,-101.165131339569,19.6698293896465
26466,26471,2019,LEG27840,2019/11/28,23:42:00,COLISIÓN CONTRA OBJETO FIJO,ASFALTO,Bueno,Bueno,1,FORD,NEGRO,1,,,MASCULINO,SIN DATOS,0,0,Morelia,Santa Cecilia,noviembre,jueves,0,-101.18735815,19.6665344449992
26468,26473,2019,MOR190889589,2019/11/29,"06:20:00",SALIDA DE SUPERFICIE DE RODAMIENTO,ASFALTO,Bueno,Bueno,3,KENWORTH,ROJO,1,,36,MASCULINO,SIN DATOS,0,0,Morelia,La Soledad,noviembre,viernes,6,-101.185166715661,19.7274533823308
26469,26474,2019,MOR190691659,2019/11/29,"07:20:00",COLISIÓN POR ALCANCE,ASFALTO,Bueno,Bueno,3,NISSAN,VERDE,3,,47,MASCULINO,SIN DATOS,0,0,Morelia,Centro,noviembre,viernes,7,-101.190697025138,19.7095019973639
26470,26475,2019,MOR190890204,2019/11/29,"07:25:00",COLISIÓN CONTRA OBJETO FIJO,ASFALTO,Bueno,Bueno,2,VOLKSWAGEN,PLATA,1,,45,MASCULINO,SIN DATOS,0,0,Morelia,Felix Ireta,noviembre,viernes,7,-101.19214836,19.6911467449992
26472,26477,2019,,2019/11/29,"09:25:00",COLISIÓN POR CAMBIO DE CARRIL,ASFALTO,Bueno,Bueno,2,TOYOTA,BLANCO/GUINDA,2,,0,MASCULINO,SIN DATOS,0,0,Morelia,Dr Miguel Silva,noviembre,viernes,9,-101.187927793444,19.7204887484457
26474,26479,2019,,2019/11/29,"09:45:00",COLISIÓN POR CORTE DE CIRCULACIÓN,ASFALTO,Bueno,Bueno,2,FORD,BLANCO,2,,27,MASCULINO,SIN DATOS,0,0,Morelia,El Lago 2,noviembre,viernes,10,-101.214444972575,19.7266923901808
26475,26480,2019,,2019/11/29,11:30:00,COLISIÓN CONTRA OBJETO FIJO,CONCRETO,Bueno,Bueno,3,CHEVROLET,GUINDA,3,MINISTERIO PÚBLICO,37,MASCULINO,ALIENTO ETÍLICO,0,0,Morelia,Nueva Chapultepec,noviembre,viernes,12,-101.17081558,19.6897813199992
26476,26481,2019,,2019/11/29,13:00:00,COLISIÓN POR ALCANCE,CONCRETO,Bueno,Bueno,3,NISSAN,PLATA,3,,22,MASCULINO,SIN DATOS,0,0,Morelia,Dr Miguel Silva,noviembre,viernes,13,-101.18400156498,19.7193305370921
26477,26482,2019,,2019/11/29,13:10:00,COLISIÓN CON PEATÓN,ASFALTO,Bueno,Bueno,1,CHEVROLET,AZUL,3,,21,FEMENINO,SIN DATOS,2,0,Morelia,Felix Ireta,noviembre,viernes,13,-101.181325558573,19.68271507057
26478,26483,2019,,2019/11/29,16:56:00,COLISIÓN POR ALCANCE,ASFALTO,Bueno,Bueno,2,KENWORTH,ROJO,2,,23,MASCULINO,SIN DATOS,0,0,Peribán,Sin datos,noviembre,viernes,17,-102.452645860612,19.5589750396136
26479,26484,2019,,2019/11/29,17:00:00,COLISIÓN CON PEATÓN,ASFALTO,Bueno,Bueno,1,CHEVROLET,GRIS,2,,49,MASCULINO,SIN DATOS,1,0,Morelia,Central de Abastos,noviembre,viernes,17,-101.169513985,19.7167281249991
26480,26485,2019,,2019/11/29,17:50:00,COLISIÓN POR ALCANCE,ASFALTO,Bueno,Bueno,2,TOYOTA,GRIS,2,,35,MASCULINO,SIN DATOS,0,0,Morelia,Libertad,noviembre,viernes,18,-101.235485247231,19.6875403386505
26481,26486,2019,MOR190891154,2019/11/29,18:10:00,COLISIÓN POR INVASIÓN DE CARRIL,CONCRETO,Bueno,Bueno,2,NISSAN,BLANCON Y  CAFE,2,,45,MASCULINO,SIN DATOS,0,0,Morelia,Guadalupe,noviembre,viernes,18,-101.22195826,19.7086433849991
26482,26487,2019,,2019/11/29,19:00:00,COLISIÓN POR CORTE DE CIRCULACIÓN,ASFALTO,Bueno,Bueno,2,INTERNATIONAL,BLANCO,2,,32,MASCULINO,SIN DATOS,0,0,Peribán,Sin datos,noviembre,viernes,19,-102.452254258096,19.5587791630043
26483,26488,2019,MOR190891363,2019/11/29,20:15:00,COLISIÓN POR CORTE DE CIRCULACIÓN,ASFALTO,Bueno,Bueno,2,CHEVROLET,CAFE,1,,32,MASCULINO,SIN DATOS,0,0,Morelia,Chapultepec Oriente,noviembre,viernes,20,-101.165054440498,19.6908842020992
26484,26489,2019,,2019/11/29,21:00:00,COLISIÓN CONTRA OBJETO FIJO,ASFALTO,Bueno,Bueno,1,MAZDA,GRIS,0,,,,,0,0,Peribán,Sin datos,noviembre,viernes,21,-102.447085306048,19.5549648925146
26485,26490,2019,MOR190891687,2019/11/29,22:00:00,COLISIÓN CON PEATÓN,CONCRETO,Bueno,Bueno,2,Chevrolet,gris plata,2,MINISTERIO PÚBLICO,41,,SIN DATOS,0,0,Morelia,Granjas del Maestro,noviembre,viernes,22,-101.193770170212,19.7135827790375
26486,26491,2019,,2019/11/29,22:30:00,COLISIÓN POR CAMBIO DE CARRIL,ASFALTO,Nublado,Regular,2,NISSAN,BLANCO,2,,61,MASCULINO,SIN DATOS,0,0,Madero,Sin datos,noviembre,viernes,23,-101.290006153286,19.3981383184247
26487,26492,2019,,2019/11/30,"03:30:00",COLISIÓN POR INVASIÓN DE CARRIL,ASFALTO,Bueno,Bueno,2,KIA,GRIS,2,,44,MASCULINO,SIN DATOS,1,0,Coeneo,Sin datos,noviembre,sábado,4,-101.653564833105,19.7341971797946
26488,26493,2019,,2019/11/30,10:30:00,COLISIÓN POR CORTE DE CIRCULACIÓN,ASFALTO,Bueno,Bueno,2,ITALIKA,NEGRO,1,MINISTERIO PÚBLICO,22,MASCULINO,SIN DATOS,0,0,Pátzcuaro,Sin Nombre,noviembre,sábado,11,-101.592353135347,19.4940665338396
26489,26494,2019,MOR190456126,2019/11/30,11:44:00,COLISIÓN POR ALCANCE,CONCRETO,Bueno,Bueno,2,NISSAN,BLANCO,2,,45,MASCULINO,SIN DATOS,0,0,Morelia,Campamento Ferrocarrilero,noviembre,sábado,12,-101.203038605,19.7048187049992
26491,26496,2019,,2019/11/30,13:15:00,COLISIÓN POR ALCANCE,CONCRETO,Bueno,Bueno,3,NISSAN,NEGRO,3,,35,MASCULINO,SIN DATOS,0,0,Morelia,Ana Maria Gallaga (Riviera Norte),noviembre,sábado,13,-101.222596630066,19.6770860362183
26492,26497,2019,MOR190254632,2019/11/30,16:00:00,COLISIÓN POR CORTE DE CIRCULACIÓN,ASFALTO,Bueno,Bueno,2,VOLKSWAGEN,CAFE,1,,52,MASCULINO,SIN DATOS,0,0,Morelia,Gertrudis Sanchez,noviembre,sábado,16,-101.21614357,19.7458535649992
26493,26498,2019,MOR1900890925,2019/11/30,17:10:00,COLISIÓN POR ALCANCE,ASFALTO,Bueno,Bueno,2,CHEVROLET,NARANJA,2,,0,MASCULINO,SIN DATOS,0,0,Morelia,Cuauhtemoc,noviembre,sábado,17,-101.17854569,19.6974281599991
26494,26499,2019,,2019/11/30,18:20:00,COLISIÓN POR CORTE DE CIRCULACIÓN,ASFALTO,Bueno,Bueno,2,NISSAN,ROJO,2,,18,MASCULINO,SIN DATOS,0,0,Peribán,Sin datos,noviembre,sábado,18,-102.451889142394,19.5585971871025
26495,26500,2019,,2019/11/30,18:20:00,COLISIÓN CONTRA OBJETO FIJO,ASFALTO,Bueno,Bueno,1,VOLKSWAGEN,ROJO,1,,41,MASCULINO,SIN DATOS,0,0,Morelia,El Lago 2,noviembre,sábado,18,-101.215572841465,19.726790541723
26496,26501,2019,LEG27865,2019/11/30,19:05:00,COLISIÓN POR ALCANCE,ASFALTO,Bueno,Bueno,3,NISSAN,BLANCO/ROJO,3,,47,MASCULINO,SIN DATOS,0,0,Morelia,Libertad,noviembre,sábado,19,-101.233674055,19.6868048449991
26497,26502,2019,,2019/11/30,19:37:00,COLISIÓN POR ALCANCE,ASFALTO,Nublado,Regular,2,VOLVO,BLANCO,1,,55,MASCULINO,SIN DATOS,0,0,Acuitzio,Sin datos,noviembre,sábado,20,-101.331965625286,19.4663475625805
26499,26504,2019,,2019/11/30,21:30:00,COLISIÓN POR ALCANCE,ASFALTO,Bueno,Bueno,2,VOLKSWAGEN,ROJO,2,,,MASCULINO,ALIENTO ETÍLICO,0,0,Morelia,Poblado de Ocolusen,noviembre,sábado,22,-101.150127649172,19.6944699261717
26500,26505,2019,LEG27869,2019/12/01,"01:40:00",COLISIÓN POR ALCANCE,ASFALTO,Bueno,Bueno,2,CHEVROLET,BLANCO,2,,0,MASCULINO,SIN DATOS,0,0,Morelia,Centro,diciembre,domingo,2,-101.18754847,19.7028479949991
26501,26506,2019,,2019/12/01,"01:55:00",VOLCADURA,ASFALTO,Bueno,Bueno,1,VOLKSWAGEN JETTA,ROJO,0,,,,,0,0,Morelia,Tierra Y Libertad,diciembre,domingo,2,-101.228567138314,19.7184676448596
26502,26507,2019,MOR190894663,2019/12/01,"03:20:00",COLISIÓN POR NO RESPETAR SEMÁFORO,ASFALTO,Bueno,Bueno,2,CHEVROLET,ROJO,3,MINISTERIO PÚBLICO,25,MASCULINO,SIN DATOS,1,0,Morelia,Sentimientos de La Nacion,diciembre,domingo,3,-101.234297677875,19.6788863767686
26503,26508,2019,LEG27868,2019/12/01,"05:35:00",COLISIÓN POR ALCANCE,ASFALTO,Bueno,Bueno,2,SE DESCONOCE,SIN DATOS,2,,0,,SIN DATOS,0,0,Morelia,Felix Ireta,diciembre,domingo,6,-101.188360286832,19.6822150088707
26504,26509,2019,,2019/12/01,"07:02:00",VOLCADURA,ASFALTO,Nublado,Regular,1,DODGE,AZUL,0,,,,,0,0,Acuitzio,Sin datos,diciembre,domingo,7,-101.344098597765,19.5158429604041
26505,26510,2019,MOR190895728,2019/12/01,15:50:00,COLISIÓN POR CAMBIO DE CARRIL,SIN_DATOS,Bueno,Bueno,2,NISSAN,BLANCO,2,,33,MASCULINO,SIN DATOS,0,0,Morelia,Centro,diciembre,domingo,16,-101.194753669183,19.6962580231882
26506,26511,2019,,2019/12/01,17:05:00,CAIDA DE MOTOCICLETA,ASFALTO,Bueno,Bueno,1,ITALIKA,ROJO,0,,,,,0,0,Tuxpan,Sin datos,diciembre,domingo,17,-100.475029349327,19.5413736289858
26507,26512,2019,,2019/12/01,18:10:00,COLISIÓN POR INVASIÓN DE CARRIL,ASFALTO,Bueno,Bueno,2,CAN-AN,VERDE/NEGRO,0,MINISTERIO PÚBLICO,,,,0,0,Tacámbaro,Sin datos,diciembre,domingo,18,-101.497839130461,19.2244734298733
26508,26513,2019,,2019/12/01,19:57:00,COLISIÓN POR CORTE DE CIRCULACIÓN,ADOQUIN_EMPEDRADO,Bueno,Bueno,2,HONDA,AMARILLO,2,,19,MASCULINO,SIN DATOS,0,0,Cuitzeo,Centro,diciembre,domingo,20,-101.140498146415,19.9691139685303
26509,26514,2019,,2019/12/01,20:20:00,COLISIÓN POR CAMBIO DE CARRIL,ASFALTO,Bueno,Bueno,2,MAZDA,BLANCO,2,,29,MASCULINO,SIN DATOS,0,0,Morelia,Alberto Oviedo Mota,diciembre,domingo,20,-101.195682585239,19.6814860976131
26510,26515,2019,"190896445",2019/12/01,20:35:00,COLISIÓN POR CORTE DE CIRCULACIÓN,CONCRETO,Bueno,Regular,2,HONDA,PLATA CELTA,2,,53,MASCULINO,SIN DATOS,0,0,Morelia,Ejidal Ocolusen,diciembre,domingo,21,-101.15551315248,19.6843743111615
26511,26516,2019,,2019/12/01,21:22:00,VOLCADURA,ASFALTO,Nublado,Regular,1,NISSAN,BLANCO,1,,24,MASCULINO,SIN DATOS,0,0,Madero,Sin datos,diciembre,domingo,21,-101.293848417699,19.4061511029067
26512,26517,2019,MOR 190896709,2019/12/01,22:05:00,COLISIÓN CONTRA OBJETO FIJO,ASFALTO,Bueno,Regular,1,DODGE,ROJO,0,,,,,0,0,Morelia,El Lago 2,diciembre,domingo,22,-101.216416396201,19.7268921647995
26513,26518,2019,,2019/12/02,"07:35:00",COLISIÓN POR CORTE DE CIRCULACIÓN,ASFALTO,Bueno,Bueno,1,FORD,SIN DATOS,1,,0,MASCULINO,ALIENTO ETÍLICO,0,0,Morelia,Elias Perez Avalos,diciembre,lunes,8,-101.167813022979,19.7136335493406
26514,26519,2019,,2019/12/02,"08:20:00",SUBIDA AL CAMELLÓN,ASFALTO,Bueno,Bueno,1,VOLKSWAGEN,PLATA,1,,23,MASCULINO,SIN DATOS,0,0,Tarímbaro,Sin datos,diciembre,lunes,8,-101.158266805995,19.766484
26515,26520,2019,,2019/12/02,"09:15:00",VOLCADURA,ASFALTO,Bueno,Bueno,1,CHEVROLET,ROJO,0,,,,,0,0,Morelia,Praderas del Indio,diciembre,lunes,9,-101.223494028547,19.6450845894654
26519,26524,2019,,2019/12/02,10:40:00,COLISIÓN POR ALCANCE,CONCRETO,Bueno,Bueno,0,,,0,,,,,0,0,Morelia,Ferrocarrilero,diciembre,lunes,11,-101.223609235,19.6918737849991
26520,26525,2019,,2019/12/02,10:40:00,COLISIÓN POR ALCANCE,CONCRETO,Bueno,Bueno,2,NISSAN,AMARILLO,2,,44,MASCULINO,SIN DATOS,0,0,Morelia,Ferrocarrilero,diciembre,lunes,11,-101.223609235,19.6918737849991
26521,26526,2019,LEG27898,2019/12/02,11:40:00,COLISIÓN POR ALCANCE,ASFALTO,Bueno,Bueno,3,NISSAN,BLANCO,3,,26,MASCULINO,SIN DATOS,0,0,Morelia,Santillan La Huerta,diciembre,lunes,12,-101.219553885717,19.6760966650679
26523,26528,2019,,2019/12/02,13:20:00,VOLCADURA,ASFALTO,Bueno,Bueno,1,FORD,NEGRO,0,MINISTERIO PÚBLICO,,,,0,0,Tacámbaro,Sin datos,diciembre,lunes,13,-101.447560787201,19.1912972761909
26525,26530,2019,LEG27899,2019/12/02,15:15:00,COLISIÓN POR ALCANCE,ASFALTO,Bueno,Bueno,3,VOLKSWAGEN,ROJO,2,,23,MASCULINO,SIN DATOS,0,0,Morelia,Club Campestre La Huerta,diciembre,lunes,15,-101.234607455135,19.6701415630564
26526,26531,2019,,2019/12/02,17:00:00,COLISIÓN POR CORTE DE CIRCULACIÓN,CONCRETO,Bueno,Bueno,2,HONDA,PLATA,2,,29,MASCULINO,SIN DATOS,0,0,Morelia,El Porvenir,diciembre,lunes,17,-101.201642655,19.7131902799991
26527,26532,2019,,2019/12/02,17:05:00,COLISIÓN POR CORTE DE CIRCULACIÓN,ASFALTO,Bueno,Bueno,1,NISSAN,GRIS,1,,,MASCULINO,ALIENTO ETÍLICO,0,0,Morelia,Centro,diciembre,lunes,17,-101.18218963,19.7028850649992
26528,26533,2019,MOR190895957,2019/12/02,17:20:00,COLISIÓN POR ALCANCE,ASFALTO,Bueno,Bueno,2,VOLKSWAGEN,ROJO,2,MINISTERIO PÚBLICO,43,FEMENINO,SIN DATOS,0,0,Morelia,Cuauhtemoc,diciembre,lunes,17,-101.18200045,19.6990199049992
26529,26534,2019,MOR190898874,2019/12/02,18:25:00,COLISIÓN POR CORTE DE CIRCULACIÓN,ASFALTO,Bueno,Bueno,2,DODGE,GRIS OBSCURO,2,,47,MASCULINO,SIN DATOS,0,0,Morelia,Irrigacion,diciembre,lunes,18,-101.22520209,19.7051928999992
26530,26535,2019,,2019/12/02,20:50:00,COLISIÓN CONTRA OBJETO FIJO,ASFALTO,Bueno,Bueno,1,NISSAN,ROJO,1,,57,MASCULINO,CON CERTIFICADO,0,0,Tarímbaro,Club Erandeni,diciembre,lunes,21,-101.183801,19.757131
26533,26538,2019,MOR190896954,2019/12/02,23:00:00,COLISIÓN CONTRA OBJETO FIJO,CONCRETO,Bueno,Bueno,1,NISSAN,BLANCO,0,,,,,0,0,Morelia,Morelos,diciembre,lunes,23,-101.18131852377,19.7261651713381
26534,26539,2019,NOR-190901026,2019/12/03,"00:00:00",COLISIÓN POR INVASIÓN DE CARRIL,CONCRETO,Bueno,Bueno,2,INTERNATIONAL,AZUL,2,,37,MASCULINO,SIN DATOS,0,0,Morelia,Jardines del Rincon,diciembre,martes,0,-101.150378063321,19.6906828041454
26535,26540,2019,MOR-190899827,2019/12/03,"08:23:00",COLISIÓN POR ALCANCE,CONCRETO,Bueno,Bueno,2,CHRYSLER,BLANCO,2,,44,FEMENINO,SIN DATOS,0,0,Morelia,Morelos,diciembre,martes,8,-101.207096390426,19.7023117003452
26536,26541,2019,MOR-19099781,2019/12/03,"08:45:00",COLISIÓN POR CORTE DE CIRCULACIÓN,ASFALTO,Bueno,Bueno,1,INTERNATIONAL,BLANCO Y NARANJA,1,,23,MASCULINO,SIN DATOS,0,0,Morelia,Praderas del Indio,diciembre,martes,9,-101.223494028547,19.6450845894654
26537,26542,2019,MOR190899928,2019/12/03,"09:30:00",COLISIÓN POR NO RESPETAR SEMÁFORO,ASFALTO,Bueno,Bueno,2,NISSAN,PLATA,1,,23,MASCULINO,SIN DATOS,0,0,Morelia,Nueva Chapultepec,diciembre,martes,10,-101.170656534483,19.6877951794071
26539,26544,2019,MOR-1909000900,2019/12/03,11:20:00,COLISIÓN POR CORTE DE CIRCULACIÓN,ASFALTO,Bueno,Bueno,2,INTERNATIONAL,BLANCO Y NARANJA,2,,,MASCULINO,SIN DATOS,0,0,Morelia,Nueva Valladolid,diciembre,martes,11,-101.210571527481,19.7008884370138
26540,26545,2019,MOR-190899973,2019/12/03,12:00:00,COLISIÓN POR ALCANCE,ASFALTO,Bueno,Bueno,2,VOLKSWAGEN,BLANCO,2,,27,MASCULINO,SIN DATOS,0,0,Morelia,Morelia 450,diciembre,martes,12,-101.217492967844,19.6757196167065
26541,26546,2019,,2019/12/03,14:40:00,COLISIÓN CON PEATÓN,SIN_DATOS,Bueno,Bueno,2,DODGE,AZUL,2,,48,MASCULINO,SIN DATOS,0,0,Morelia,Felipe Carrillo Puerto,diciembre,martes,15,-101.181366826592,19.7316849085643
26542,26547,2019,MOR190899121,2019/12/03,14:42:00,COLISIÓN POR ALCANCE,ASFALTO,Bueno,Bueno,2,VOLKSWAGEN,BLANCO,2,,18,MASCULINO,SIN DATOS,0,0,Morelia,Infonavit Colonial Universidad,diciembre,martes,15,-101.210189647973,19.6871434620833
26543,26548,2019,,2019/12/03,15:03:00,COLISIÓN POR INVASIÓN DE CARRIL,ASFALTO,Bueno,Bueno,2,INTERNACIONAL,BLANCO,2,,22,MASCULINO,SIN DATOS,0,0,Morelia,Presa de Los Reyes,diciembre,martes,15,-101.21320953,19.7342015699991
26544,26549,2019,MOR190901026,2019/12/03,16:20:00,COLISIÓN POR ALCANCE,ADOQUIN_EMPEDRADO,Bueno,Bueno,3,VOLKSWAGEN,ROJO,3,,26,MASCULINO,SIN DATOS,0,0,Morelia,Jardines del Rincon,diciembre,martes,16,-101.150387451053,19.6907026914154
26545,26550,2019,MOR190900900,2019/12/03,16:34:00,COLISIÓN POR CAMBIO DE CARRIL,ASFALTO,Bueno,Bueno,2,FREIGHTLINER,BLANCO,15,,,MASCULINO,SIN DATOS,13,0,Morelia,Lomas de San Juan,diciembre,martes,17,-101.183039681886,19.7298664251429
26546,26551,2019,,2019/12/03,18:00:00,COLISIÓN POR ALCANCE,ASFALTO,Bueno,Bueno,1,CHEVROLET,GRIS,1,,44,MASCULINO,SIN DATOS,0,0,Cuitzeo,Sin datos,diciembre,martes,18,-101.155738793314,20.002760596054
26547,26552,2019,,2019/12/03,21:20:00,COLISIÓN POR CAMBIO DE CARRIL,ASFALTO,Bueno,Bueno,2,HYUNDAI,BLANCO,2,,37,MASCULINO,SIN DATOS,0,0,Morelia,San Pascual,diciembre,martes,21,-101.266018152237,19.6956678025279
26549,26554,2019,MOR190521489,2019/12/04,"02:52:00",COLISIÓN CONTRA OBJETO FIJO,ASFALTO,Bueno,Bueno,2,FREIGHTLINER,BLANCO,2,,32,MASCULINO,SIN DATOS,0,0,Morelia,Salvador Alcaraz Romero,diciembre,miércoles,3,-101.16767495,19.7180133849991
26550,26555,2019,MOR190456123,2019/12/04,"07:38:00",COLISIÓN POR CORTE DE CIRCULACIÓN,CONCRETO,Bueno,Bueno,3,AUDI,GRIS,3,MINISTERIO PÚBLICO,17,MASCULINO,SIN DATOS,0,0,Morelia,Vasco de Quiroga,diciembre,miércoles,8,-101.173184425,19.7002587049991
26551,26556,2019,,2019/12/04,"07:50:00",COLISIÓN POR CORTE DE CIRCULACIÓN,CONCRETO,Bueno,Bueno,2,CHEVROLET,ROJO,2,,70,MASCULINO,SIN DATOS,0,0,Morelia,Molino de Parras,diciembre,miércoles,8,-101.20546813,19.6976603549991
26552,26557,2019,,2019/12/04,"08:15:00",COLISIÓN POR ALCANCE,ASFALTO,Bueno,Bueno,2,AUDI,GRIS,2,,,FEMENINO,SIN DATOS,0,0,Morelia,Montaña Monarca,diciembre,miércoles,8,-101.165131339569,19.6698293896465
26554,26559,2019,,2019/12/04,"08:50:00",COLISIÓN POR ALCANCE,ASFALTO,Bueno,Bueno,2,CHEVROLET,BLANCO,2,,26,MASCULINO,SIN DATOS,0,0,Morelia,Centro,diciembre,miércoles,9,-101.18754847,19.7028479949991
26555,26560,2019,MOR190235658,2019/12/04,11:16:00,COLISIÓN CONTRA OBJETO FIJO,ASFALTO,Bueno,Bueno,1,CHEVROLET,ROJO,1,,25,MASCULINO,SIN DATOS,0,0,Morelia,Central de Abastos,diciembre,miércoles,11,-101.169164089063,19.7171265444097
26556,26561,2019,,2019/12/04,13:00:00,COLISIÓN CONTRA OBJETO FIJO,CONCRETO,Bueno,Bueno,0,,,0,MINISTERIO PÚBLICO,,,,0,0,Purépero,Centro,diciembre,miércoles,13,-102.008260153234,19.908769261291
26557,26562,2019,MOR190902637,2019/12/04,14:00:00,COLISIÓN CON PEATÓN,ASFALTO,Bueno,Bueno,1,DODGE,NEGRO,2,MINISTERIO PÚBLICO,19,MASCULINO,SIN DATOS,1,0,Morelia,Centro,diciembre,miércoles,14,-101.18754847,19.7028479949991
26558,26563,2019,,2019/12/04,16:45:00,COLISIÓN POR CORTE DE CIRCULACIÓN,CONCRETO,Bueno,Bueno,3,JEEP,BLANCO,3,,19,MASCULINO,SIN DATOS,0,0,Morelia,Vasco de Quiroga,diciembre,miércoles,17,-101.170137515,19.7028348899991
26559,26564,2019,,2019/12/04,17:12:00,COLISIÓN POR CORTE DE CIRCULACIÓN,CONCRETO,Bueno,Bueno,2,VOLKSWAGEN,BLANCO,2,,48,MASCULINO,SIN DATOS,0,0,Morelia,Chapultepec Sur,diciembre,miércoles,17,-101.171596915,19.6909445849991
26560,26565,2019,,2019/12/04,18:15:00,COLISIÓN CONTRA OBJETO FIJO,CONCRETO,Bueno,Regular,2,HONDA,ROJO,2,MINISTERIO PÚBLICO,22,MASCULINO,SIN DATOS,1,0,Purépero,Centro,diciembre,miércoles,18,-102.003769464791,19.9039201854363
26562,26567,2019,,2019/12/04,19:00:00,SALIDA DE SUPERFICIE DE RODAMIENTO,ASFALTO,Bueno,Bueno,1,HONDA,GRIS,1,,31,MASCULINO,SIN DATOS,0,0,Los Reyes,Sin datos,diciembre,miércoles,19,-102.528205029666,19.5458343511876
26563,26568,2019,,2019/12/04,19:20:00,SALIDA DE SUPERFICIE DE RODAMIENTO,ASFALTO,Bueno,Bueno,1,CHEVROLET,BLANCO,1,,48,FEMENINO,SIN DATOS,0,0,Morelia,Los Angeles,diciembre,miércoles,19,-101.167963479351,19.7444751194994