fid,id_accidente,anio_origen,folio_c5i,dia_incidente,hora_ocurrencia,tipo_incidente_vial,superficie_ocurrencia,condiciones_climaticas,condiciones_via,numero_vehiculos_involucrados,marca_vehiculo_ocasiona_siniestro,color_vehiculo_ocasiona_siniestro,numero_personas_involucradas,lugar_remite_presunto_responsable,edad_presunto_responsable,sexo_presunto_responsable,resultados_toxicologia,numero_personas_lesionadas,numero_personas_fallecidas,municipio,colonia,mes,dia_semana,hora_redondeada,lon,lat
26564,26569,2019,,2019/12/04,19:20:00,COLISIÓN POR ALCANCE,ASFALTO,Bueno,Bueno,2,VOLKSWAGEN,ROJO,2,,60,MASCULINO,SIN DATOS,0,0,Peribán,Sin datos,diciembre,miércoles,19,-102.45702791959,19.5677102626091
26565,26570,2019,MOR190903751,2019/12/04,21:00:00,COLISIÓN POR CORTE DE CIRCULACIÓN,SIN_DATOS,Bueno,Bueno,2,NISSAN,ROJO,2,,46,MASCULINO,SIN DATOS,0,0,Morelia,Carlos Salazar,diciembre,miércoles,21,-101.209658559066,19.7124165765648
26566,26571,2019,,2019/12/04,23:10:00,COLISIÓN CONTRA OBJETO FIJO,ASFALTO,Bueno,Bueno,1,CHEVROLET,BLANCO,1,,42,MASCULINO,SIN DATOS,0,0,Salvador Escalante,Cuirinditzio,diciembre,miércoles,23,-101.622911207378,19.4110886132228
26567,26572,2019,MOR190905501,2019/12/05,"00:00:00",COLISIÓN POR CORTE DE CIRCULACIÓN,ASFALTO,Bueno,Regular,2,NISSAN,BLANCO,2,,27,MASCULINO,SIN DATOS,0,0,Morelia,Sin datos,diciembre,jueves,0,-101.284089,19.59408
26569,26574,2019,MOR190904289,2019/12/05,"08:45:00",COLISIÓN POR NO RESPETAR SEMÁFORO,ASFALTO,Bueno,Bueno,2,VOLKSWAGEN,BLANCO,2,,21,MASCULINO,SIN DATOS,0,0,Morelia,Josefa Ortiz de Dominguez,diciembre,jueves,9,-101.209457740188,19.6720763919344
26570,26575,2019,MOR190904445,2019/12/05,10:40:00,COLISIÓN POR CORTE DE CIRCULACIÓN,ASFALTO,Bueno,Bueno,2,FORD,ROJO,1,MINISTERIO PÚBLICO,,,,1,0,Morelia,Santillan La Huerta,diciembre,jueves,11,-101.220116168261,19.6753073113697
26571,26576,2019,,2019/12/05,11:10:00,COLISIÓN CON PEATÓN,ASFALTO,Bueno,Bueno,1,NISSAN,AZUL,1,,,,,1,0,Morelia,Guadalupe,diciembre,jueves,11,-101.225497014821,19.706742074857
26572,26577,2019,"190011789",2019/12/05,11:15:00,COLISIÓN POR CAMBIO DE CARRIL,ASFALTO,Bueno,Bueno,2,LG BELICA,BLANCO,2,,49,MASCULINO,SIN DATOS,0,0,Morelia,Ventura Puente,diciembre,jueves,11,-101.193225725,19.6917077449992
26573,26578,2019,,2019/12/05,13:30:00,COLISIÓN POR CORTE DE CIRCULACIÓN,ASFALTO,Bueno,Bueno,2,BAJAJ,NEGRO/AZUL,3,MINISTERIO PÚBLICO,33,MASCULINO,SIN DATOS,1,0,Pátzcuaro,Niños Heroes,diciembre,jueves,14,-101.611919514835,19.5203584246605
26574,26579,2019,,2019/12/05,14:20:00,COLISIÓN POR CORTE DE CIRCULACIÓN,ASFALTO,Bueno,Bueno,2,FORD,BLANCO Y ROJO,2,,0,MASCULINO,SIN DATOS,0,0,Tarímbaro,Infonavit Puerta del Sol,diciembre,jueves,14,-101.192085072398,19.7516203128802
26575,26580,2019,,2019/12/05,16:00:00,COLISIÓN POR ALCANCE,ASFALTO,Bueno,Bueno,4,FAMSA,BLANCO,4,,66,MASCULINO,SIN DATOS,0,0,Tocumbo,Sin datos,diciembre,jueves,16,-102.487195394933,19.7079020450654
26576,26581,2019,MOR190256897,2019/12/05,16:01:00,COLISIÓN POR ALCANCE,ASFALTO,Bueno,Bueno,4,MAZDA,NEGRO,4,,25,MASCULINO,SIN DATOS,0,0,Morelia,Del Empleado,diciembre,jueves,16,-101.18002517,19.6886070099991
26577,26582,2019,,2019/12/05,17:30:00,COLISIÓN POR CORTE DE CIRCULACIÓN,ASFALTO,Bueno,Bueno,2,NISSAN,BLANCO,3,,46,MASCULINO,SIN DATOS,1,0,Tarímbaro,Infonavit Puerta del Sol,diciembre,jueves,18,-101.193826831877,19.7490930477519
26578,26583,2019,,2019/12/05,18:17:00,COLISIÓN POR CAMBIO DE CARRIL,ASFALTO,Bueno,Bueno,2,ITALIKA,BLANCO,2,,,MASCULINO,SIN DATOS,0,0,Morelia,Lomas de Guayangareo,diciembre,jueves,18,-101.160960056503,19.7026870450485
26579,26584,2019,,2019/12/05,18:50:00,COLISIÓN POR CORTE DE CIRCULACIÓN,CONCRETO,Bueno,Bueno,2,ITALIKA,AZUL-GRIS,3,MINISTERIO PÚBLICO,19,FEMENINO,SIN DATOS,0,1,Huandacareo,La Nopalera,diciembre,jueves,19,-101.283000223339,19.99274606717
26580,26585,2019,,2019/12/05,19:00:00,COLISIÓN POR ALCANCE,ASFALTO,Bueno,Bueno,2,NISSAN,BLANCO Y ROJO,2,,30,MASCULINO,SIN DATOS,0,0,Morelia,Comision Federal de Electricidad,diciembre,jueves,19,-101.177091188729,19.6817313878571
26581,26586,2019,,2019/12/05,19:35:00,COLISIÓN CON PEATÓN,ASFALTO,Bueno,Bueno,1,NISSAN,BLANCO Y DORADO,2,,60,MASCULINO,SIN DATOS,1,0,Morelia,Chapultepec Norte,diciembre,jueves,20,-101.176202945,19.6965285599991
26582,26587,2019,,2019/12/05,20:00:00,COLISIÓN POR ALCANCE,ASFALTO,Bueno,Bueno,2,MERCEDES BENZ,GRIS,2,,,MASCULINO,SIN DATOS,0,0,Morelia,Camelinas,diciembre,jueves,20,-101.17262119,19.6818144849991
26583,26588,2019,,2019/12/05,21:15:00,COLISIÓN POR CAMBIO DE CARRIL,ASFALTO,Bueno,Bueno,2,MAZDA,ROJO,2,,59,MASCULINO,SIN DATOS,0,0,Morelia,Libertad,diciembre,jueves,21,-101.238109432161,19.6873679089487
26585,26590,2019,,2019/12/05,22:00:00,COLISIÓN POR CAMBIO DE CARRIL,ASFALTO,Bueno,Bueno,2,NISSAN,BLANCO,2,MINISTERIO PÚBLICO,,MASCULINO,SIN DATOS,0,0,Lázaro Cárdenas,Bassols,diciembre,jueves,22,-102.229622863233,17.9738560143535
26586,26591,2019,,2019/12/05,22:00:00,COLISIÓN POR CORTE DE CIRCULACIÓN,ASFALTO,Bueno,Bueno,2,NISSAN,BLANCO,2,,,MASCULINO,SIN DATOS,0,0,Morelia,La Colina,diciembre,jueves,22,-101.218223605,19.7105425599991
26588,26593,2019,LEG27963,2019/12/06,"01:20:00",COLISIÓN POR CORTE DE CIRCULACIÓN,ASFALTO,Bueno,Bueno,2,DODGE,GRIS,2,MINISTERIO PÚBLICO,30,MASCULINO,SIN DATOS,0,0,Morelia,Cuauhtemoc,diciembre,viernes,1,-101.17854569,19.6974281599991
26589,26594,2019,MOR190256894,2019/12/06,"03:02:00",COLISIÓN CONTRA OBJETO FIJO,ASFALTO,Bueno,Bueno,2,VELOCI,ROJO,1,,0,,SIN DATOS,0,0,Morelia,Centro,diciembre,viernes,3,-101.1928864,19.7010106049991
26590,26595,2019,MOR 190906361,2019/12/06,"04:50:00",COLISIÓN CONTRA OBJETO FIJO,CONCRETO,Bueno,Bueno,1,SEAT,ROJO,1,,21,MASCULINO,ALIENTO ETÍLICO,0,0,Morelia,Nueva Chapultepec,diciembre,viernes,5,-101.17081558,19.6897813199992
26592,26597,2019,MOR190306384,2019/12/06,"06:10:00",COLISIÓN POR INVASIÓN DE CARRIL,ASFALTO,Bueno,Bueno,2,ITALIKA,NEGRO,2,MINISTERIO PÚBLICO,,,,2,0,Morelia,La Esperanza,diciembre,viernes,6,-101.25058224,19.6988265849992
26593,26598,2019,,2019/12/06,"06:40:00",COLISIÓN CONTRA OBJETO FIJO,ASFALTO,Bueno,Bueno,1,CHEVROLET,ROJO,1,MINISTERIO PÚBLICO,0,,SIN DATOS,0,0,Morelia,Pascual Ortiz de Ayala,diciembre,viernes,7,-101.152037512511,19.6980239851725
26594,26599,2019,,2019/12/06,"07:40:00",COLISIÓN POR ALCANCE,ASFALTO,Bueno,Bueno,3,FREIGHTLINER,BLANCO Y ROJO,3,MINISTERIO PÚBLICO,,,,3,0,Morelia,Lomas de San Juan,diciembre,viernes,8,-101.183039681886,19.7298664251429
26595,26600,2019,MOR190762310,2019/12/06,"09:00:00",COLISIÓN CON PEATÓN,CONCRETO,Bueno,Bueno,1,FORD,BLANCO,2,,36,MASCULINO,SIN DATOS,1,0,Morelia,Centro,diciembre,viernes,9,-101.18754847,19.7028479949991
26598,26603,2019,,2019/12/06,10:00:00,COLISIÓN POR NO RESPETAR SEMÁFORO,CONCRETO,Bueno,Bueno,2,PEUGEOT,BLANCO,2,,52,MASCULINO,SIN DATOS,0,0,Morelia,Villas Valladolid,diciembre,viernes,10,-101.217425955374,19.6959783054702
26599,26604,2019,,2019/12/06,10:02:00,COLISIÓN POR ALCANCE,CONCRETO,Bueno,Bueno,2,CHEVROLET,GRIS,2,,24,,CON CERTIFICADO,0,0,Morelia,Gertrudis Sanchez,diciembre,viernes,10,-101.205776745,19.7441101549991
26600,26605,2019,,2019/12/06,12:22:00,COLISIÓN POR ALCANCE,ASFALTO,Bueno,Regular,2,TOYOTA,SUPER WHITE,2,,38,MASCULINO,SIN DATOS,0,0,Nocupétaro,Sin datos,diciembre,viernes,12,-101.226781792939,19.0393733542309
26601,26606,2019,,2019/12/06,13:10:00,COLISIÓN POR CAMBIO DE CARRIL,CONCRETO,Bueno,Bueno,2,CHEVROLET,BLANCO,2,,58,MASCULINO,SIN DATOS,0,0,Morelia,Lomas de Morelia (Dr Ignacio Chavez),diciembre,viernes,13,-101.1764091,19.7168225299992
26603,26608,2019,MOR190907287,2019/12/06,14:20:00,COLISIÓN POR ALCANCE,ASFALTO,Bueno,Bueno,2,NISSAN,BLANCO,2,,46,MASCULINO,SIN DATOS,0,0,Morelia,Lomas de Guayangareo,diciembre,viernes,14,-101.160960056503,19.7026870450485
26604,26609,2019,MOR190907473,2019/12/06,15:05:00,COLISIÓN POR CORTE DE CIRCULACIÓN,ASFALTO,Bueno,Bueno,2,S/D,NEGRO,2,,17,MASCULINO,SIN DATOS,0,0,Morelia,Centro,diciembre,viernes,15,-101.18754847,19.7028479949991
26606,26611,2019,LEG27961,2019/12/06,16:50:00,COLISIÓN POR ALCANCE,ASFALTO,Bueno,Bueno,2,VOLKSWAGEN,AZUL,2,,29,MASCULINO,SIN DATOS,0,0,Morelia,Camelinas,diciembre,viernes,17,-101.17262119,19.6818144849991
26608,26613,2019,,2019/12/06,17:30:00,COLISIÓN POR ALCANCE,ASFALTO,Bueno,Bueno,2,V.W.,ROJO,2,,29,FEMENINO,SIN DATOS,0,0,Salvador Escalante,Cuirinditzio,diciembre,viernes,18,-101.623783931136,19.4108720034193
26609,26614,2019,,2019/12/06,19:35:00,COLISIÓN POR ALCANCE,ASFALTO,Bueno,Bueno,2,NISSAN,PLATA,2,,18,MASCULINO,SIN DATOS,0,0,Morelia,Camelinas,diciembre,viernes,20,-101.17262119,19.6818144849991
26610,26615,2019,,2019/12/06,21:50:00,COLISIÓN POR CAMBIO DE CARRIL,SIN_DATOS,Bueno,Bueno,2,NISSAN,GUINDA,2,,26,MASCULINO,ALIENTO ETÍLICO,0,0,Morelia,Lomas del Valle,diciembre,viernes,22,-101.230037015,19.6880963799991
26611,26616,2019,,2019/12/06,23:20:00,COLISIÓN POR CORTE DE CIRCULACIÓN,ASFALTO,Bueno,Bueno,1,FORD,PLATA,1,,41,MASCULINO,SIN DATOS,0,0,Tangamandapio,Sin datos,diciembre,viernes,23,-102.379922121763,19.9233918777116
26612,26617,2019,MOR190236789,2019/12/07,"00:00:00",COLISIÓN POR CAMBIO DE CARRIL,ASFALTO,Bueno,Bueno,2,PEUGEOT,BLANCO,2,,45,FEMENINO,SIN DATOS,0,0,Morelia,Gral Gertrudis Sanchez,diciembre,sábado,0,-101.2094753,19.7439916449991
26613,26618,2019,LEG28003,2019/12/07,"00:25:00",COLISIÓN CONTRA OBJETO FIJO,ASFALTO,Bueno,Bueno,3,VOLKSWAGEN,AMARILLO,3,,32,MASCULINO,SIN DATOS,0,0,Morelia,Mariano Ontiveros,diciembre,sábado,0,-101.23008753,19.6735255349991
26614,26619,2019,MOR190908749,2019/12/07,"01:00:00",VOLCADURA,ASFALTO,Bueno,Bueno,1,NISSAN,GRIS,1,,0,,SIN DATOS,0,0,Morelia,Puerto de Buenavista,diciembre,sábado,1,-101.126352197769,19.6849018019943
26615,26620,2019,,2019/12/07,"02:30:00",COLISIÓN POR CORTE DE CIRCULACIÓN,CONCRETO,Bueno,Bueno,1,VOLKSWAGEN,BLANCO,1,,,,SIN DATOS,0,0,Morelia,Ventura Puente,diciembre,sábado,3,-101.193225725,19.6917077449992
26616,26621,2019,MOR190908864,2019/12/07,"04:35:00",SUBIDA AL CAMELLÓN,ASFALTO,Bueno,Regular,1,JEEP,GRIS,1,MINISTERIO PÚBLICO,0,,SIN DATOS,0,0,Morelia,Vistas de Altozano,diciembre,sábado,5,-101.167,19.6551
26617,26622,2019,,2019/12/07,"06:43:00",COLISIÓN POR CORTE DE CIRCULACIÓN,ASFALTO,Bueno,Bueno,2,DODGE,AZUL,2,,25,MASCULINO,SIN DATOS,0,0,Morelia,Primo Tapia,diciembre,sábado,7,-101.212715520993,19.7126109857935
26618,26623,2019,MOR908870,2019/12/07,"07:00:00",COLISIÓN CONTRA OBJETO FIJO,CONCRETO,Bueno,Bueno,1,CHEVROLET,BLANCO,1,MINISTERIO PÚBLICO,0,,SIN DATOS,0,0,Morelia,La Aldea,diciembre,sábado,7,-101.135663645255,19.7450724546328
26619,26624,2019,,2019/12/07,"07:20:00",SUBIDA AL CAMELLÓN,ASFALTO,Bueno,Bueno,1,CHEVROLET,BLANCO,0,,,,,0,0,Morelia,Elias Perez Avalos,diciembre,sábado,7,-101.17092807,19.7143453899991
26620,26625,2019,,2019/12/07,"08:50:00",COLISIÓN POR CORTE DE CIRCULACIÓN,ADOQUIN_EMPEDRADO,Bueno,Bueno,2,NISSAN,BLANCO,2,,23,MASCULINO,SIN DATOS,0,0,Cuitzeo,Centro,diciembre,sábado,9,-101.140498481691,19.9691212162504
26621,26626,2019,,2019/12/07,"09:30:00",COLISIÓN POR INVASIÓN DE CARRIL,CONCRETO,Bueno,Bueno,2,DODGE,AZUL,2,,51,MASCULINO,SIN DATOS,0,0,Morelia,Melchor Ocampo,diciembre,sábado,10,-101.202484873104,19.7067874132292
26622,26627,2019,MOR190456236,2019/12/07,10:26:00,COLISIÓN POR CORTE DE CIRCULACIÓN,CONCRETO,Bueno,Bueno,2,DODGE,BLANCO,2,,39,MASCULINO,SIN DATOS,0,0,Morelia,Ferrocarrilero,diciembre,sábado,10,-101.223609235,19.6918737849991
26623,26628,2019,,2019/12/07,10:50:00,COLISIÓN POR ALCANCE,ASFALTO,Bueno,Bueno,2,CHEVROLET,BLANCO,2,,34,MASCULINO,SIN DATOS,0,0,Morelia,Vistas de Altozano,diciembre,sábado,11,-101.164323203266,19.6583759891089
26624,26629,2019,,2019/12/07,11:03:00,COLISIÓN POR MANIOBRA DE REVERSA,ASFALTO,Bueno,Bueno,2,VOLKSWAGEN,ROJO,2,,40,FEMENINO,SIN DATOS,0,0,Morelia,Felix Ireta,diciembre,sábado,11,-101.189356363636,19.6828651153009
26625,26630,2019,,2019/12/07,11:50:00,COLISIÓN POR CORTE DE CIRCULACIÓN,ASFALTO,Bueno,Bueno,1,BUICK,BLANCO,1,,,FEMENINO,SIN DATOS,0,0,Morelia,Chapultepec Sur,diciembre,sábado,12,-101.17334847,19.6935323249991
26626,26631,2019,,2019/12/07,12:27:00,SALIDA DE SUPERFICIE DE RODAMIENTO,ASFALTO,Bueno,Regular,1,DINA,AZUL,1,,24,MASCULINO,SIN DATOS,0,0,Acuitzio,Sin datos,diciembre,sábado,12,-101.303287446499,19.4365988018336
26627,26632,2019,MOR190906686,2019/12/07,14:15:00,SUBIDA AL CAMELLÓN,ASFALTO,Bueno,Bueno,1,HONDA,GRIS,1,,36,MASCULINO,ALIENTO ETÍLICO,0,0,Morelia,La Loma,diciembre,sábado,14,-101.186187,19.6783885
26628,26633,2019,,2019/12/07,14:45:00,COLISIÓN POR CORTE DE CIRCULACIÓN,CONCRETO,Bueno,Bueno,2,S/D,S/D,2,MINISTERIO PÚBLICO,38,MASCULINO,SIN DATOS,0,0,Morelia,Ciudad Industrial,diciembre,sábado,15,-101.16412207,19.7247848449991
26629,26634,2019,,2019/12/07,15:40:00,COLISIÓN POR INVASIÓN DE CARRIL,CONCRETO,Bueno,Bueno,2,SUZUKI,PLAT,2,,54,FEMENINO,SIN DATOS,0,0,Morelia,Granjas de La Huerta,diciembre,sábado,16,-101.2347878,19.6667451999992
26630,26635,2019,,2019/12/07,16:10:00,COLISIÓN POR CORTE DE CIRCULACIÓN,ASFALTO,Bueno,Bueno,2,FORD,BLANCO,0,MINISTERIO PÚBLICO,,,,0,0,Juárez,Sin datos,diciembre,sábado,16,-100.400436781347,19.340237413764
26631,26636,2019,MOR190910475,2019/12/07,17:15:00,COLISIÓN POR CORTE DE CIRCULACIÓN,ASFALTO,Bueno,Bueno,2,FIAT,BLANCO,2,,22,FEMENINO,SIN DATOS,0,0,Morelia,Felix Ireta,diciembre,sábado,17,-101.1919749,19.6869904499991
26633,26638,2019,MOR190909514,2019/12/07,17:30:00,COLISIÓN POR CAMBIO DE CARRIL,CONCRETO,Bueno,Bueno,2,NISSAN,BLANCO,2,,37,FEMENINO,SIN DATOS,0,0,Morelia,Sin datos,diciembre,sábado,18,-101.142595811512,19.7066879563344
26636,26641,2019,,2019/12/07,20:50:00,COLISIÓN POR CORTE DE CIRCULACIÓN,CONCRETO,Bueno,Bueno,2,NISSAN,ROJO,2,,40,FEMENINO,SIN DATOS,0,0,Morelia,Montaña Monarca,diciembre,sábado,21,-101.161894798279,19.6731406388607
26637,26642,2019,MOR190911529,2019/12/08,"04:10:00",COLISIÓN CONTRA OBJETO FIJO,ASFALTO,Bueno,Bueno,1,SEAT,PLATA,0,,,,,0,0,Morelia,Campamento Ferrocarrilero,diciembre,domingo,4,-101.203038605,19.7048187049992
26638,26643,2019,,2019/12/08,"08:50:00",VOLCADURA,ASFALTO,Bueno,Bueno,1,CHEVROLET,NEGRO,0,,,,,0,0,Morelia,Sin datos,diciembre,domingo,9,-101.339922,19.730198
26640,26645,2019,,2019/12/08,13:05:00,COLISIÓN CON PEATÓN,ASFALTO,Bueno,Bueno,1,FORD,BLANCO,1,MINISTERIO PÚBLICO,,,,1,0,Pátzcuaro,La Era,diciembre,domingo,13,-101.601982265711,19.5001925463897
26642,26647,2019,LEG28033,2019/12/08,15:00:00,COLISIÓN POR CORTE DE CIRCULACIÓN,ASFALTO,Bueno,Bueno,2,NISSAN,BLANCO,2,,54,MASCULINO,SIN DATOS,0,0,Morelia,Prados Verdes,diciembre,domingo,15,-101.19721026,19.7150711099991
26643,26648,2019,,2019/12/08,15:25:00,COLISIÓN CON PEATÓN,ADOQUIN_EMPEDRADO,Bueno,Bueno,1,NISSAN,BLANCO/AMARILLO,2,MINISTERIO PÚBLICO,50,MASCULINO,SIN DATOS,1,0,Pátzcuaro,Centro,diciembre,domingo,15,-101.608043387532,19.5164086248854
26646,26651,2019,MOR190912940,2019/12/08,17:00:00,COLISIÓN POR CORTE DE CIRCULACIÓN,ASFALTO,Bueno,Bueno,2,MITSUBISHI,PLATA,2,,29,MASCULINO,SIN DATOS,0,0,Morelia,Elias Perez Avalos,diciembre,domingo,17,-101.168528875,19.7137358349991
26648,26653,2019,MOR190913391,2019/12/08,19:00:00,COLISIÓN POR ALCANCE,CONCRETO,Bueno,Bueno,2,KTM,NEGRO CON NARANJA,3,MINISTERIO PÚBLICO,54,MASCULINO,SIN DATOS,2,0,Morelia,Ferrocarrilero,diciembre,domingo,19,-101.223609235,19.6918737849991
26650,26655,2019,LEG28031,2019/12/08,20:15:00,COLISIÓN CONTRA OBJETO FIJO,ASFALTO,Bueno,Bueno,3,NISSAN,BLANCO,3,,37,MASCULINO,SIN DATOS,0,0,Morelia,Granjas del Maestro,diciembre,domingo,20,-101.19589813093,19.7164699984943
26652,26657,2019,MOR190913758,2019/12/08,22:00:00,COLISIÓN POR CORTE DE CIRCULACIÓN,ASFALTO,Bueno,Bueno,2,GMC,BLANCO,2,,50,MASCULINO,SIN DATOS,0,0,Morelia,Cuauhtemoc,diciembre,domingo,22,-101.17854569,19.6974281599991
26653,26658,2019,,2019/12/08,22:15:00,COLISIÓN POR CORTE DE CIRCULACIÓN,CONCRETO,Bueno,Bueno,2,VOLKSWAGEN,GRIS,2,MINISTERIO PÚBLICO,36,MASCULINO,SIN DATOS,0,0,Morelia,Centro,diciembre,domingo,22,-101.19118388321,19.702768457823
26654,26659,2019,MOR190913885,2019/12/08,22:45:00,COLISIÓN POR CORTE DE CIRCULACIÓN,ASFALTO,Bueno,Bueno,2,CHEVROLET,GRIS,1,MINISTERIO PÚBLICO,0,,SIN DATOS,0,0,Morelia,Juarez,diciembre,domingo,23,-101.198044775,19.6955076749991
26655,26660,2019,,2019/12/08,22:50:00,COLISIÓN POR INVASIÓN DE CARRIL,ASFALTO,Bueno,Bueno,2,CHEVROLET,AZUL,4,MINISTERIO PÚBLICO,,,SIN DATOS,0,3,Peribán,Sin datos,diciembre,domingo,23,-102.445360310376,19.5531090639173
26656,26661,2019,,2019/12/08,23:30:00,COLISIÓN CONTRA OBJETO FIJO,ASFALTO,Bueno,Bueno,2,GENERAL MOTORS,ROJO,2,,41,MASCULINO,SIN DATOS,0,0,Morelia,Nueva Chapultepec,diciembre,domingo,0,-101.165831275284,19.6889466043832
26658,26663,2019,,2019/12/09,"06:30:00",COLISIÓN POR CORTE DE CIRCULACIÓN,ASFALTO,Bueno,Bueno,1,TOYOTA,BLANCO,4,,,,,4,0,Morelia,Fovissste Acueducto,diciembre,lunes,7,-101.156939418806,19.6991058763665
26659,26664,2019,MOR190915902,2019/12/09,"08:15:00",COLISIÓN POR CORTE DE CIRCULACIÓN,ASFALTO,Bueno,Bueno,2,RENAULT,GRIS,2,,45,MASCULINO,SIN DATOS,0,0,Morelia,Lomas de Hidalgo,diciembre,lunes,8,-101.162959255,19.7000147999991
26660,26665,2019,,2019/12/09,"09:30:00",SALIDA DE SUPERFICIE DE RODAMIENTO,ASFALTO,Bueno,Regular,1,TOYOTA,MORADA,1,,32,MASCULINO,SIN DATOS,0,0,Acuitzio,Sin datos,diciembre,lunes,10,-101.298741437495,19.4216505998027
26661,26666,2019,,2019/12/09,"09:30:00",COLISIÓN POR ALCANCE,ASFALTO,Bueno,Bueno,2,FORD,BLANCO,2,,,FEMENINO,SIN DATOS,0,0,Morelia,Camelinas,diciembre,lunes,10,-101.17262119,19.6818144849991
26663,26668,2019,,2019/12/09,10:30:00,COLISIÓN POR CORTE DE CIRCULACIÓN,ADOQUIN_EMPEDRADO,Bueno,Bueno,2,FORD,BLANCO,2,,47,MASCULINO,SIN DATOS,0,0,Cuitzeo,Centro,diciembre,lunes,11,-101.141386292875,19.9692182726437
26664,26669,2019,,2019/12/09,10:45:00,COLISIÓN CON PEATÓN,CONCRETO,Bueno,Bueno,1,BAJAJ,ROJO Y NEGRO,0,MINISTERIO PÚBLICO,,,,0,0,Morelia,Agustin Arriaga Rivera,diciembre,lunes,11,-101.22454315424,19.6909883733551
26665,26670,2019,,2019/12/09,12:40:00,COLISIÓN CON PEATÓN,SIN_DATOS,Bueno,Bueno,1,VOLKSWAGEN,BLANCO,0,,,,,0,0,Morelia,Felicitas del Rio,diciembre,lunes,13,-101.200257123757,19.6935246012511
26666,26671,2019,MOR190915145,2019/12/09,13:30:00,COLISIÓN POR MANIOBRA DE REVERSA,ASFALTO,Bueno,Bueno,2,NISSAN,GRIS,2,,,MASCULINO,SIN DATOS,0,0,Morelia,Los Llanos,diciembre,lunes,14,-101.249473180305,19.7163801578225
26667,26672,2019,MOR190916449,2019/12/09,15:00:00,COLISIÓN POR CAMBIO DE CARRIL,CONCRETO,Bueno,Bueno,6,DODGE,BLANCO,6,,37,MASCULINO,SIN DATOS,0,0,Morelia,Alfonso Garcia Robles,diciembre,lunes,15,-101.183094056834,19.7185941431338
26668,26673,2019,MOR190563256,2019/12/09,15:28:00,COLISIÓN POR MANIOBRA DE REVERSA,ASFALTO,Bueno,Bueno,2,FORD,AZUL,2,,45,MASCULINO,SIN DATOS,0,0,Morelia,Prados Verdes,diciembre,lunes,15,-101.19377628,19.7139633849992
26669,26674,2019,MO19091524,2019/12/09,16:05:00,COLISIÓN POR CORTE DE CIRCULACIÓN,CONCRETO,Bueno,Bueno,2,NISSAN,BLANCO Y GUINDA,4,,47,MASCULINO,SIN DATOS,2,0,Morelia,Colinas del Sur,diciembre,lunes,16,-101.199421622198,19.6652855893338
26670,26675,2019,LEG28063,2019/12/09,18:16:00,COLISIÓN CON PEATÓN,ASFALTO,Bueno,Bueno,1,VOLKSWAGEN,AZUL,1,,,,,1,0,Morelia,Sin datos,diciembre,lunes,18,-101.284089,19.59408
26671,26676,2019,MOR190916296,2019/12/09,19:30:00,COLISIÓN POR CORTE DE CIRCULACIÓN,ASFALTO,Bueno,Bueno,2,NISSAN,NARANJA,2,,,MASCULINO,SIN DATOS,0,0,Morelia,Felix Ireta,diciembre,lunes,20,-101.1927328,19.6901125899992
26672,26677,2019,MOR 190916506,2019/12/09,20:50:00,COLISIÓN POR INVASIÓN DE CARRIL,TERRACERIA,Bueno,Malo,2,VOLKSWAGEN,GRIS Y  NEGRO,1,,42,MASCULINO,ALIENTO ETÍLICO,0,0,Morelia,Heroes de Mexico,diciembre,lunes,21,-101.24105451,19.7180367449991
26673,26678,2019,,2019/12/09,23:00:00,COLISIÓN CONTRA OBJETO FIJO,ASFALTO,Bueno,Bueno,1,TOYOTA,PLATA,0,,,,,0,0,Peribán,Sin datos,diciembre,lunes,23,-102.45461627841,19.560059938977
26674,26679,2019,,2019/12/10,"08:25:00",COLISIÓN POR CORTE DE CIRCULACIÓN,ASFALTO,Bueno,Bueno,2,FIAT,GRIS,2,,27,FEMENINO,SIN DATOS,0,0,Morelia,Gustavo Diaz Ordaz,diciembre,martes,8,-101.20526233,19.6927175549991
26675,26680,2019,,2019/12/10,"09:17:00",COLISIÓN POR CORTE DE CIRCULACIÓN,ASFALTO,Bueno,Bueno,2,HYUNDAY,BLANCO,2,MINISTERIO PÚBLICO,,FEMENINO,SIN DATOS,0,0,Morelia,Carlos Salazar,diciembre,martes,9,-101.209658559066,19.7124165765648
26676,26681,2019,,2019/12/10,"09:25:00",COLISIÓN POR INVASIÓN DE CARRIL,ASFALTO,Bueno,Bueno,2,FORD,BLANCO,2,,39,MASCULINO,SIN DATOS,0,0,Morelia,Sin datos,diciembre,martes,9,-101.277424,19.561024
26678,26683,2019,MOR190917264,2019/12/10,10:00:00,COLISIÓN CONTRA OBJETO FIJO,ASFALTO,Bueno,Bueno,1,MAZDA,ROJO,1,,27,MASCULINO,SIN DATOS,0,0,Morelia,Camponubes,diciembre,martes,10,-101.2902890993,19.6979150011112
26681,26686,2019,,2019/12/10,11:50:00,COLISIÓN POR CORTE DE CIRCULACIÓN,ASFALTO,Bueno,Bueno,2,KAWASAKI,AZUL,3,,21,MASCULINO,SIN DATOS,1,0,Morelia,Eduardo Ruiz,diciembre,martes,12,-101.221859682349,19.7216992118204
26682,26687,2019,,2019/12/10,13:00:00,COLISIÓN POR CORTE DE CIRCULACIÓN,CONCRETO,Bueno,Bueno,2,VOLKSWAGEN,AZUL,1,MINISTERIO PÚBLICO,55,MASCULINO,SIN DATOS,0,0,Morelia,Division del Norte,diciembre,martes,13,-101.164562825,19.7136650749991