fid,id_accidente,anio_origen,folio_c5i,dia_incidente,hora_ocurrencia,tipo_incidente_vial,superficie_ocurrencia,condiciones_climaticas,condiciones_via,numero_vehiculos_involucrados,marca_vehiculo_ocasiona_siniestro,color_vehiculo_ocasiona_siniestro,numero_personas_involucradas,lugar_remite_presunto_responsable,edad_presunto_responsable,sexo_presunto_responsable,resultados_toxicologia,numero_personas_lesionadas,numero_personas_fallecidas,municipio,colonia,mes,dia_semana,hora_redondeada,lon,lat
26684,26689,2019,,2019/12/10,14:40:00,COLISIÓN POR NO RESPETAR SEMÁFORO,ASFALTO,Bueno,Bueno,2,SEAT,GRIS,2,,26,MASCULINO,SIN DATOS,0,0,Morelia,Gral Gertrudis Sanchez,diciembre,martes,15,-101.2094753,19.7439916449991
26686,26691,2019,MOR190783421,2019/12/10,15:48:00,COLISIÓN POR CAMBIO DE CARRIL,ASFALTO,Bueno,Bueno,2,INTERNATIONAL,BLANCO,2,,53,MASCULINO,SIN DATOS,0,0,Morelia,Los Angeles,diciembre,martes,16,-101.17706051,19.7405553549992
26687,26692,2019,MOR190913754,2019/12/10,16:07:00,COLISIÓN POR CORTE DE CIRCULACIÓN,ASFALTO,Bueno,Bueno,2,TOYOTA,BLANCO,2,,32,MASCULINO,SIN DATOS,0,0,Morelia,Ventura Puente,diciembre,martes,16,-101.193225725,19.6917077449992
26688,26693,2019,MOR190918573,2019/12/10,17:15:00,COLISIÓN POR CORTE DE CIRCULACIÓN,ASFALTO,Bueno,Bueno,2,FORD,ARENA,2,,58,MASCULINO,SIN DATOS,0,0,Morelia,Ventura Puente,diciembre,martes,17,-101.193168915,19.6930481499991
26689,26694,2019,LEG28088,2019/12/10,17:28:00,COLISIÓN CONTRA OBJETO FIJO,ASFALTO,Bueno,Bueno,2,TOYOTA,ROJO,2,,37,MASCULINO,SIN DATOS,0,0,Morelia,Melchor Ocampo,diciembre,martes,17,-101.201937888211,19.7065671597378
26690,26695,2019,MR19087469,2019/12/10,18:06:00,COLISIÓN POR ALCANCE,ASFALTO,Bueno,Bueno,2,INTERNATIONAL,ROJO,2,,32,MASCULINO,SIN DATOS,0,0,Tarímbaro,Centro,diciembre,martes,18,-101.176869,19.792979
26691,26696,2019,,2019/12/10,18:30:00,SALIDA DE SUPERFICIE DE RODAMIENTO,CONCRETO,Bueno,Bueno,1,KIA,GRIS,1,,60,FEMENINO,SIN DATOS,0,0,Morelia,La Huare,diciembre,martes,19,-101.257025,19.716022
26692,26697,2019,,2019/12/10,19:25:00,COLISIÓN CONTRA OBJETO FIJO,ASFALTO,Bueno,Bueno,1,NISSAN,BLANCO,1,,,,SIN DATOS,0,0,Morelia,Eduardo Ruiz,diciembre,martes,19,-101.221859682349,19.7216992118204
26693,26698,2019,MOR190691623,2019/12/10,20:00:00,CAIDA DE MOTOCICLETA,ASFALTO,Bueno,Bueno,1,BAJAJ,NEGRO,1,,,MASCULINO,ALIENTO ETÍLICO,0,0,Morelia,Pedro Ma Anaya,diciembre,martes,20,-101.2057212837,19.7153977451711
26694,26699,2019,MOR190919233,2019/12/10,21:00:00,COLISIÓN POR CAMBIO DE CARRIL,CONCRETO,Bueno,Bueno,2,CADILLAC,GRIS,2,,53,FEMENINO,SIN DATOS,0,0,Morelia,Los Sauces,diciembre,martes,21,-101.183497633961,19.659382569336
26695,26700,2019,,2019/12/11,"02:15:00",SUBIDA AL CAMELLÓN,ASFALTO,Bueno,Bueno,1,TOYOTA,GRIS,1,,38,MASCULINO,SIN DATOS,0,0,Morelia,Adolfo Lopez Mateos,diciembre,miércoles,2,-101.223653566477,19.6936604782947
26696,26701,2019,MOR190919808,2019/12/11,"07:35:00",COLISIÓN POR CORTE DE CIRCULACIÓN,ASFALTO,Bueno,Bueno,2,TOYOTA,BLANCO Y NARANJA,2,,32,MASCULINO,SIN DATOS,0,0,Morelia,Centro,diciembre,miércoles,8,-101.191632114351,19.6998025944219
26697,26702,2019,,2019/12/11,"08:10:00",COLISIÓN POR ALCANCE,ASFALTO,Bueno,Regular,2,NISSAN,BCO.-AZUL,2,,29,MASCULINO,SIN DATOS,0,0,Cuitzeo,Sin datos,diciembre,miércoles,8,-101.16499107331,19.9689992654377
26698,26703,2019,,2019/12/11,"08:20:00",COLISIÓN POR CAMBIO DE CARRIL,ASFALTO,Bueno,Bueno,2,VOLKSWAGEN,GRIS,2,,22,MASCULINO,SIN DATOS,0,0,Tarímbaro,Sin datos,diciembre,miércoles,8,-101.172681301832,19.7490709588554
26699,26704,2019,MOR190920290,2019/12/11,11:15:00,COLISIÓN POR CAMBIO DE CARRIL,ASFALTO,Bueno,Bueno,2,ITALIKA,ROJO,2,,26,MASCULINO,SIN DATOS,0,0,Morelia,Centro,diciembre,miércoles,11,-101.18754847,19.7028479949991
26700,26705,2019,MOR190920459,2019/12/11,12:00:00,COLISIÓN POR INVASIÓN DE CARRIL,ASFALTO,Bueno,Bueno,2,CHEVROLET,PLATA,2,,38,FEMENINO,SIN DATOS,0,0,Morelia,Industrial,diciembre,miércoles,12,-101.196775515,19.7125267249992
26701,26706,2019,MOR190920575,2019/12/11,13:00:00,COLISIÓN POR CAMBIO DE CARRIL,CONCRETO,Bueno,Bueno,2,DODGE,ROJO,2,,62,MASCULINO,SIN DATOS,0,0,Morelia,Vasco de Quiroga,diciembre,miércoles,13,-101.171026988099,19.6976785913658
26702,26707,2019,MOR190921010,2019/12/11,14:35:00,COLISIÓN POR ALCANCE,ASFALTO,Bueno,Bueno,2,RENAULT,BLANCO,2,,59,MASCULINO,SIN DATOS,0,0,Morelia,Poblado de Ocolusen,diciembre,miércoles,15,-101.153176233214,19.6939479390376
26703,26708,2019,MOR190921181,2019/12/11,15:30:00,COLISIÓN POR ALCANCE,ASFALTO,Bueno,Bueno,3,HONDA,GRIS,3,,59,MASCULINO,SIN DATOS,0,0,Morelia,Camelinas,diciembre,miércoles,16,-101.17262119,19.6818144849991
26705,26710,2019,MOR190921367,2019/12/11,16:00:00,COLISIÓN POR ALCANCE,ASFALTO,Bueno,Bueno,2,HONDA,BLANCO,2,,21,MASCULINO,SIN DATOS,0,0,Morelia,Las Americas,diciembre,miércoles,16,-101.153628565371,19.68744398721
26706,26711,2019,MOR190921249,2019/12/11,16:00:00,COLISIÓN POR CORTE DE CIRCULACIÓN,ASFALTO,Bueno,Bueno,2,NISSAN,BLANCO,2,,26,MASCULINO,SIN DATOS,0,0,Morelia,Reforma,diciembre,miércoles,16,-101.242167949677,19.7057762156941
26707,26712,2019,,2019/12/11,18:00:00,COLISIÓN POR CAMBIO DE CARRIL,ASFALTO,Bueno,Bueno,2,NISSAN,BLANCO,2,,28,MASCULINO,SIN DATOS,0,0,Morelia,Las Americas,diciembre,miércoles,18,-101.152993485,19.6887652749991
26709,26714,2019,,2019/12/11,20:30:00,COLISIÓN CONTRA OBJETO FIJO,ASFALTO,Bueno,Bueno,1,MERCURY,GUINDA,0,MINISTERIO PÚBLICO,,,,0,0,Senguio,Sin datos,diciembre,miércoles,21,-100.355271734297,19.7457654788135
26710,26715,2019,,2019/12/11,21:00:00,COLISIÓN POR INVASIÓN DE CARRIL,ASFALTO,Bueno,Bueno,2,CHEVROLET,GUINDA,4,MINISTERIO PÚBLICO,60,MASCULINO,SIN DATOS,2,0,Puruándiro,Sin datos,diciembre,miércoles,21,-101.54901266098,20.0934627939518
26711,26716,2019,,2019/12/11,21:10:00,COLISIÓN CONTRA OBJETO FIJO,ASFALTO,Bueno,Bueno,1,MITSUBISHI,GUINDA,1,,21,MASCULINO,SIN DATOS,0,0,Morelia,Granjas Unidas de Morelia,diciembre,miércoles,21,-101.276068724692,19.6924391878018
26712,26717,2019,,2019/12/11,21:15:00,SALIDA DE SUPERFICIE DE RODAMIENTO,ASFALTO,Bueno,Regular,1,VOLKSWAGEN,NEGRO,2,MINISTERIO PÚBLICO,,,SIN DATOS,0,1,Susupuato,Sin datos,diciembre,miércoles,21,-100.438095666468,19.2537446315885
26714,26719,2019,,2019/12/12,"05:00:00",COLISIÓN CONTRA OBJETO FIJO,ASFALTO,Bueno,Bueno,1,AUDI,GRIS,0,,,,,0,0,Morelia,Lomas de San Juan,diciembre,jueves,5,-101.183039681886,19.7298664251429
26715,26720,2019,MOR190922682,2019/12/12,"06:00:00",COLISIÓN POR CORTE DE CIRCULACIÓN,ASFALTO,Bueno,Bueno,2,VOLKSWAGEN,PLATA,2,,24,MASCULINO,SIN DATOS,0,0,Morelia,3 de Agosto,diciembre,jueves,6,-101.172784715,19.7287054299992
26716,26721,2019,,2019/12/12,"08:00:00",COLISIÓN POR CORTE DE CIRCULACIÓN,ASFALTO,Bueno,Bueno,2,FIAT,GRIS,2,,60,MASCULINO,SIN DATOS,0,0,Morelia,Ventura Puente,diciembre,jueves,8,-101.183854435,19.6923547149992
26717,26722,2019,MOR190922910,2019/12/12,"09:00:00",COLISIÓN POR CAMBIO DE CARRIL,CONCRETO,Bueno,Bueno,2,NISSAN,BLANCO Y  ROSA,2,,38,MASCULINO,SIN DATOS,0,0,Morelia,Gral Gertrudis Sanchez,diciembre,jueves,9,-101.20881156,19.7438012549991
26718,26723,2019,,2019/12/12,10:20:00,COLISIÓN POR CORTE DE CIRCULACIÓN,ASFALTO,Bueno,Bueno,2,ITALIKA,NEGRO,2,MINISTERIO PÚBLICO,20,MASCULINO,SIN DATOS,0,0,Morelia,Torreon Nuevo,diciembre,jueves,10,-101.199067533016,19.7361506395258
26719,26724,2019,,2019/12/12,12:25:00,COLISIÓN POR ALCANCE,ASFALTO,Bueno,Bueno,2,HYUNDAI,BLANCO,2,,22,MASCULINO,SIN DATOS,0,0,Morelia,Sin datos,diciembre,jueves,12,-101.168881617486,19.6688368830854
26720,26725,2019,,2019/12/12,15:00:00,COLISIÓN POR CORTE DE CIRCULACIÓN,CONCRETO,Bueno,Bueno,2,MITSUBISHI,GRIS,2,,46,MASCULINO,SIN DATOS,0,0,Morelia,Cuauhtemoc,diciembre,jueves,15,-101.180256865919,19.6937324723634
26721,26726,2019,MOR190923877,2019/12/12,15:15:00,COLISIÓN POR ALCANCE,ASFALTO,Bueno,Bueno,2,VOLKSWAGEN,BLANCO,2,,27,FEMENINO,SIN DATOS,0,0,Morelia,Cosmos,diciembre,jueves,15,-101.216809004545,19.6827545314
26722,26727,2019,LEG28136,2019/12/12,16:20:00,COLISIÓN POR CORTE DE CIRCULACIÓN,ASFALTO,Bueno,Bueno,2,KENWORTH,S/D,2,,,MASCULINO,SIN DATOS,0,0,Morelia,Quinceo,diciembre,jueves,16,-101.22144754976,19.7277180865992
26723,26728,2019,,2019/12/12,16:30:00,VOLCADURA,ASFALTO,Bueno,Bueno,1,NISSAN,BLANCO,0,,,,,0,0,Tuxpan,Sin datos,diciembre,jueves,17,-100.476251430809,19.6214655253368
26724,26729,2019,MOR190924305,2019/12/12,18:40:00,SALIDA DE SUPERFICIE DE RODAMIENTO,ASFALTO,Bueno,Bueno,1,FORD,BLANCO,2,MINISTERIO PÚBLICO,21,MASCULINO,SIN DATOS,1,0,Morelia,Puerto de Buenavista,diciembre,jueves,19,-101.129386425018,19.6861926372742
26725,26730,2019,,2019/12/12,20:00:00,COLISIÓN POR CORTE DE CIRCULACIÓN,ADOQUIN_EMPEDRADO,Bueno,Bueno,1,CHEVROLET CHEVY,BLANCO,1,,,,SIN DATOS,0,0,Salvador Escalante,Sin datos,diciembre,jueves,20,-101.733801439404,19.453992846946
26726,26731,2019,,2019/12/12,20:40:00,COLISIÓN CON PEATÓN,SIN_DATOS,Bueno,Bueno,2,MAZDA,GUINDA,2,,,FEMENINO,CON CERTIFICADO,0,0,Morelia,Chapultepec Norte,diciembre,jueves,21,-101.174161881208,19.6943183454553
26727,26732,2019,MOR190786320,2019/12/12,21:10:00,COLISIÓN POR ALCANCE,CONCRETO,Bueno,Bueno,2,NISSAN,BLANCO Y AZUL,2,,30,MASCULINO,SIN DATOS,0,0,Morelia,Chapultepec Oriente,diciembre,jueves,21,-101.164384223521,19.6951580089709
26728,26733,2019,LEG28135,2019/12/12,21:50:00,COLISIÓN POR ALCANCE,ASFALTO,Bueno,Bueno,2,HONDA,ARENA,2,,36,MASCULINO,ALIENTO ETÍLICO,0,0,Morelia,Articulo Constitucional,diciembre,jueves,22,-101.170178297907,19.7133691002309
26729,26734,2019,,2019/12/12,23:15:00,COLISIÓN POR CORTE DE CIRCULACIÓN,ASFALTO,Bueno,Bueno,2,FORD,BLANCO,2,,34,MASCULINO,SIN DATOS,0,0,Tocumbo,Sin datos,diciembre,jueves,23,-102.491861097515,19.6697562396827
26730,26735,2019,MOR1904587621,2019/12/13,"00:00:00",COLISIÓN POR CAMBIO DE CARRIL,ASFALTO,Bueno,Bueno,2,KENWORTH,AZUL,2,,0,MASCULINO,SIN DATOS,0,0,Morelia,Cinco de Diciembre,diciembre,viernes,0,-101.165967732668,19.6841337602233
26731,26736,2019,LEG28137,2019/12/13,"03:00:00",CAIDA DE MOTOCICLETA,ASFALTO,Bueno,Bueno,1,ITALIKA,NARANJA,1,,19,MASCULINO,ALIENTO ETÍLICO,0,0,Morelia,Jose Maria Morelos,diciembre,viernes,3,-101.218551769853,19.7172140125857
26732,26737,2019,LEG28139,2019/12/13,"03:50:00",COLISIÓN POR CORTE DE CIRCULACIÓN,ASFALTO,Bueno,Bueno,2,FORD,CAFÉ,2,,,MASCULINO,SIN DATOS,0,0,Morelia,Centro,diciembre,viernes,4,-101.191566197202,19.7027842247597
26733,26738,2019,,2019/12/13,"07:30:00",COLISIÓN CON PEATÓN,ASFALTO,Bueno,Bueno,1,VOLKSWAGEN,BLANCO,1,,32,FEMENINO,SIN DATOS,0,0,Morelia,Morelia 450,diciembre,viernes,8,-101.217516437173,19.6757322447245
26734,26739,2019,LEG28155,2019/12/13,"07:58:00",VOLCADURA,ASFALTO,Bueno,Bueno,1,CHEVROLET,BLANCO,1,,26,MASCULINO,SIN DATOS,0,0,Morelia,Jardines de Torremolinos,diciembre,viernes,8,-101.228074617684,19.6769315862051
26735,26740,2019,LEG28154,2019/12/13,"08:00:00",COLISIÓN POR CAMBIO DE CARRIL,SIN_DATOS,Bueno,Bueno,2,CHRYSLER,ROJO,1,MINISTERIO PÚBLICO,,,,1,0,Morelia,Indeco El Vivero,diciembre,viernes,8,-101.231737844646,19.6776617941917
26737,26742,2019,,2019/12/13,"08:40:00",CAIDA DE MOTOCICLETA,ASFALTO,Bueno,Bueno,1,HONDA,ROJO,2,MINISTERIO PÚBLICO,23,MASCULINO,SIN DATOS,1,0,Zacapu,Moderna,diciembre,viernes,9,-101.784152537584,19.8079115496454
26738,26743,2019,,2019/12/13,"09:00:00",COLISIÓN POR CAMBIO DE CARRIL,ASFALTO,Bueno,Regular,2,INTERNACIONAL,BLANCO,2,,38,MASCULINO,SIN DATOS,0,0,Morelia,Mariano Michelena,diciembre,viernes,9,-101.230040341616,19.676940425751
26739,26744,2019,,2019/12/13,"09:35:00",VOLCADURA,ASFALTO,Bueno,Bueno,1,VOLKSWAGEN,BLANCO,1,MINISTERIO PÚBLICO,28,FEMENINO,SIN DATOS,0,0,Jungapeo,Sin datos,diciembre,viernes,10,-100.445006876918,19.4847163561931
26740,26745,2019,"190925756",2019/12/13,10:00:00,COLISIÓN CON PEATÓN,ASFALTO,Bueno,Bueno,1,YAMAHA,NEGRO,2,,43,MASCULINO,SIN DATOS,1,0,Morelia,Sentimientos de La Nacion,diciembre,viernes,10,-101.233253292739,19.6782208919612
26741,26746,2019,MOR190925812,2019/12/13,10:54:00,COLISIÓN POR CORTE DE CIRCULACIÓN,CONCRETO,Bueno,Bueno,2,FORD,BLANCO,2,,29,MASCULINO,SIN DATOS,0,0,Morelia,Ilustres Novohispanos,diciembre,viernes,11,-101.153141073883,19.7088341184327
26742,26747,2019,MOR190926023,2019/12/13,12:10:00,COLISIÓN POR CAMBIO DE CARRIL,ASFALTO,Bueno,Bueno,2,VOLKSWAGEN,PLATA,2,,24,MASCULINO,SIN DATOS,0,0,Morelia,Villa Universidad,diciembre,viernes,12,-101.200576,19.6852265
26743,26748,2019,,2019/12/13,14:40:00,COLISIÓN POR CORTE DE CIRCULACIÓN,ASFALTO,Bueno,Bueno,2,SIN DATOS,ROJO,2,,0,,SIN DATOS,0,0,Morelia,Club de Golf Tres Marias,diciembre,viernes,15,-101.112395469099,19.7052888100412
26744,26749,2019,MOR190526321,2019/12/13,15:00:00,COLISIÓN POR CORTE DE CIRCULACIÓN,CONCRETO,Bueno,Bueno,2,DODGE,AZUL,1,,0,MASCULINO,SIN DATOS,0,0,Morelia,Chapultepec Sur,diciembre,viernes,15,-101.16573325,19.6894483899991
26745,26750,2019,,2019/12/13,15:40:00,COLISIÓN CON PEATÓN,CONCRETO,Bueno,Bueno,1,YAMAHA,BLANCO,2,,31,MASCULINO,SIN DATOS,1,0,Morelia,Ventura Puente,diciembre,viernes,16,-101.187886795,19.6936008749991
26746,26751,2019,MOR190926822,2019/12/13,16:15:00,COLISIÓN POR ALCANCE,ASFALTO,Bueno,Bueno,3,HONDA,AZUL,3,,43,MASCULINO,SIN DATOS,0,0,Morelia,La Loma,diciembre,viernes,16,-101.186187,19.6783885
26747,26752,2019,,2019/12/13,17:20:00,COLISIÓN POR CAMBIO DE CARRIL,ASFALTO,Bueno,Bueno,2,FORD,BLANCO Y ANARANJADO,2,,25,MASCULINO,SIN DATOS,0,0,Morelia,Tzindurio de Morelos,diciembre,viernes,17,-101.243639811873,19.6998947650676
26748,26753,2019,MOR190235478,2019/12/13,17:38:00,COLISIÓN POR CAMBIO DE CARRIL,ASFALTO,Bueno,Bueno,2,KENWORTH,AZUL,2,,,MASCULINO,SIN DATOS,0,0,Morelia,Camelinas,diciembre,viernes,18,-101.17262119,19.6818144849991
26749,26754,2019,MOR1909227050,2019/12/13,18:00:00,COLISIÓN POR CORTE DE CIRCULACIÓN,CONCRETO,Bueno,Bueno,2,INTERNATIONAL,BLANCO Y NARANJA,2,,26,,SIN DATOS,0,0,Morelia,Villas del Pedregal,diciembre,viernes,18,-101.302209,19.685042
26750,26755,2019,,2019/12/13,21:30:00,COLISIÓN POR ALCANCE,ASFALTO,Bueno,Bueno,2,DODGE,GRIS,4,MINISTERIO PÚBLICO,35,MASCULINO,SIN DATOS,2,0,Puruándiro,Los Lemus,diciembre,viernes,22,-101.527298502624,20.0945015434297
26751,26756,2019,,2019/12/14,"01:55:00",COLISIÓN CON PEATÓN,SIN_DATOS,Bueno,Bueno,1,ITALIKA,NEGRO,3,,17,MASCULINO,SIN DATOS,2,0,Morelia,Niño Artillero,diciembre,sábado,2,-101.250372018017,19.6985676179301
26752,26757,2019,MOR190928090,2019/12/14,"02:00:00",COLISIÓN POR NO RESPETAR SEMÁFORO,ASFALTO,Bueno,Bueno,2,KIA,ROJO,2,MINISTERIO PÚBLICO,26,MASCULINO,CON CERTIFICADO,0,0,Morelia,Jardines de Guadalupe,diciembre,sábado,2,-101.226540058851,19.7105855683908
26753,26758,2019,,2019/12/14,"02:20:00",COLISIÓN POR CAMBIO DE CARRIL,CONCRETO,Bueno,Bueno,2,SEAT,Gris,2,MINISTERIO PÚBLICO,28,,SIN DATOS,0,0,Morelia,Sentimientos de La Nacion,diciembre,sábado,2,-101.233940608799,19.6862068428657
26754,26759,2019,MOR190928155,2019/12/14,"03:15:00",COLISIÓN CONTRA OBJETO FIJO,ASFALTO,Bueno,Bueno,1,SEAT,BLANCO,1,,23,MASCULINO,ALIENTO ETÍLICO,0,0,Morelia,Campestre Los Manantiales,diciembre,sábado,3,-101.238138601184,19.6877984924905
26755,26760,2019,,2019/12/14,"03:38:00",COLISIÓN POR CORTE DE CIRCULACIÓN,ASFALTO,Bueno,Bueno,1,BENELLI,ROJO,1,MINISTERIO PÚBLICO,,,,1,0,Morelia,Loma de Los Piñones,diciembre,sábado,4,-101.203724853694,19.6749480429142
26756,26761,2019,LEG28185,2019/12/14,"05:20:00",SUBIDA AL CAMELLÓN,ASFALTO,Bueno,Bueno,1,NISSAN,ROJO,1,,36,MASCULINO,ALIENTO ETÍLICO,0,0,Morelia,La Palma,diciembre,sábado,5,-101.250555217266,19.7142604261855
26757,26762,2019,,2019/12/14,"06:20:00",COLISIÓN CON PEATÓN,SIN_DATOS,Bueno,Bueno,1,MARCH,TURQUESA,1,,30,MASCULINO,ALIENTO ETÍLICO,0,0,Morelia,Melchor Ocampo,diciembre,sábado,6,-101.20393909514,19.7042983767592
26758,26763,2019,,2019/12/14,"09:15:00",COLISIÓN POR CORTE DE CIRCULACIÓN,ASFALTO,Bueno,Bueno,2,GENERAL MOTORS PONTIAC,GRIS,2,,35,FEMENINO,SIN DATOS,0,0,Morelia,Eduardo Ruiz,diciembre,sábado,9,-101.218497790396,19.7179434055704
26759,26764,2019,MOR190930595,2019/12/14,"09:25:00",COLISIÓN CONTRA OBJETO FIJO,ASFALTO,Bueno,Bueno,1,VOLKSWAGEN,PLATA,1,,25,MASCULINO,SIN DATOS,0,0,Morelia,Martires de Uruapan,diciembre,sábado,9,-101.202637217939,19.7254580741619
26760,26765,2019,,2019/12/14,"09:40:00",COLISIÓN POR MANIOBRA DE REVERSA,CONCRETO,Bueno,Bueno,2,Mazda,Gris,2,,38,,SIN DATOS,0,0,Morelia,Obrera,diciembre,sábado,10,-101.18157248944,19.7098760267291
26761,26766,2019,MO190915256,2019/12/14,12:09:00,COLISIÓN POR CORTE DE CIRCULACIÓN,CONCRETO,Bueno,Bueno,1,CHEVROLET,GUINDA,1,,0,FEMENINO,SIN DATOS,0,0,Morelia,Ejidal Ocolusen,diciembre,sábado,12,-101.152002811432,19.6834357816371
26762,26767,2019,MOR190929715,2019/12/14,15:40:00,COLISIÓN POR ALCANCE,ASFALTO,Bueno,Bueno,2,NISSAN,BLANCO CON ROJO,2,,52,MASCULINO,SIN DATOS,0,0,Morelia,Campestre Los Manantiales,diciembre,sábado,16,-101.238140612841,19.6877994395204
26763,26768,2019,LEG28179,2019/12/14,15:45:00,COLISIÓN POR CORTE DE CIRCULACIÓN,ASFALTO,Bueno,Bueno,2,CHRYSLER,AZUL,2,,23,MASCULINO,SIN DATOS,0,0,Morelia,Bosques Tres Marias,diciembre,sábado,16,-101.103630512953,19.7208593661719
26764,26769,2019,LEG28181,2019/12/14,16:00:00,COLISIÓN POR CORTE DE CIRCULACIÓN,ASFALTO,Bueno,Bueno,2,NISSAN,PLATA,2,,46,MASCULINO,SIN DATOS,0,0,Morelia,Poblado de Ocolusen,diciembre,sábado,16,-101.150808893144,19.6947991007064
26765,26770,2019,MOR190265309,2019/12/14,16:40:00,COLISIÓN POR CORTE DE CIRCULACIÓN,ASFALTO,Bueno,Bueno,2,TOYOTA,BLANCO,2,,45,MASCULINO,SIN DATOS,0,0,Morelia,Centro,diciembre,sábado,17,-101.18218963,19.7028850649992
26766,26771,2019,MOR190929930,2019/12/14,16:45:00,COLISIÓN POR MANIOBRA DE REVERSA,ASFALTO,Bueno,Bueno,2,SEAT,BLANCO,2,,29,MASCULINO,SIN DATOS,0,0,Morelia,Infonavit Manantiales,diciembre,sábado,17,-101.23968154192,19.6928612347055
26767,26772,2019,,2019/12/14,17:10:00,VOLCADURA,ASFALTO,Bueno,Bueno,1,NISSAN,BLANCO/ROJO,2,MINISTERIO PÚBLICO,49,MASCULINO,SIN DATOS,1,0,Morelos,Sin datos,diciembre,sábado,17,-101.466751657426,19.9802174000471
26768,26773,2019,LEG28180,2019/12/14,19:40:00,COLISIÓN POR INVASIÓN DE CARRIL,ASFALTO,Bueno,Bueno,2,FREIGHTLINER,BLANCO,2,,48,MASCULINO,SIN DATOS,0,0,Morelia,Sin datos,diciembre,sábado,20,-101.118642836809,19.6882451743399
26769,26774,2019,LEG28206,2019/12/14,21:45:00,COLISIÓN POR ALCANCE,SIN_DATOS,Bueno,Bueno,2,MERCEDES BENZ,BLANCO Y NARANJA,2,,0,MASCULINO,SIN DATOS,0,0,Morelia,Felix Ireta,diciembre,sábado,22,-101.1919749,19.6869904499991
26770,26775,2019,LEG28183,2019/12/14,22:20:00,COLISIÓN CONTRA OBJETO FIJO,ASFALTO,Bueno,Bueno,1,VELOCI,NEGRO,1,MINISTERIO PÚBLICO,,MASCULINO,SIN DATOS,0,0,Morelia,Alberto Oviedo Mota,diciembre,sábado,22,-101.198908182011,19.681555672698
26772,26777,2019,LEG28184,2019/12/14,23:40:00,COLISIÓN POR ALCANCE,ASFALTO,Bueno,Bueno,2,FORD,BLANCO,2,,27,FEMENINO,SIN DATOS,0,0,Morelia,La Huerta,diciembre,sábado,0,-101.216158176792,19.6721810649028
26775,26780,2019,,2019/12/15,"00:35:00",COLISIÓN CONTRA OBJETO FIJO,ASFALTO,Bueno,Bueno,1,FORD,VERDE,0,,,,,0,0,Pátzcuaro,Centro,diciembre,domingo,1,-101.610234752297,19.5298458923058
26777,26782,2019,LEG28189,2019/12/15,"02:00:00",COLISIÓN POR ALCANCE,ASFALTO,Bueno,Bueno,2,CHEVROLET,ARENA,2,,31,MASCULINO,ALIENTO ETÍLICO,0,0,Morelia,Irrigacion,diciembre,domingo,2,-101.22520209,19.7051928999992
26778,26783,2019,,2019/12/15,"03:40:00",COLISIÓN CONTRA OBJETO FIJO,CONCRETO,Bueno,Bueno,1,FORD,GRIS,0,,,,,0,0,Morelia,San Jose Itzicuaro,diciembre,domingo,4,-101.30439016968,19.6878130136161
26779,26784,2019,,2019/12/15,"04:10:00",SALIDA DE SUPERFICIE DE RODAMIENTO,ASFALTO,Bueno,Bueno,1,JEEP,VINO,2,MINISTERIO PÚBLICO,,MASCULINO,SIN DATOS,1,0,Jungapeo,Sin datos,diciembre,domingo,4,-100.479106,19.484629
26780,26785,2019,LEG28192,2019/12/15,"06:53:00",COLISIÓN CONTRA OBJETO FIJO,ASFALTO,Bueno,Bueno,1,VOLKSWAGEN,BLANCO,1,,0,MASCULINO,SIN DATOS,0,0,Morelia,Prados Verdes,diciembre,domingo,7,-101.19721026,19.7150711099991
26781,26786,2019,LEG28187,2019/12/15,"07:10:00",COLISIÓN POR ALCANCE,ASFALTO,Bueno,Bueno,2,AUDI,PLATA,2,,0,MASCULINO,ALIENTO ETÍLICO,0,0,Tarímbaro,Centro,diciembre,domingo,7,-101.176869,19.792979
26782,26787,2019,,2019/12/15,11:00:00,COLISIÓN CONTRA OBJETO FIJO,CONCRETO,Bueno,Bueno,1,MAZDA,GRIS,1,,29,FEMENINO,SIN DATOS,0,0,Morelia,Santa Maria de Guido,diciembre,domingo,11,-101.190304756165,19.6749792974076
26784,26789,2019,,2019/12/15,15:00:00,COLISIÓN POR INVASIÓN DE CARRIL,SIN_DATOS,Bueno,Bueno,2,MAZDA,GRIS,2,MINISTERIO PÚBLICO,28,MASCULINO,SIN DATOS,0,0,Lázaro Cárdenas,Nuevo Infonavit(11 de Julio),diciembre,domingo,15,-102.21889509673,17.9676392644513
26786,26791,2019,,2019/12/15,17:30:00,COLISIÓN POR CORTE DE CIRCULACIÓN,CONCRETO,Bueno,Regular,2,FORD,ARENA,2,,,FEMENINO,SIN DATOS,0,0,Huandacareo,Sin datos,diciembre,domingo,18,-101.304625868797,19.9765562562118
26787,26792,2019,,2019/12/15,18:10:00,COLISIÓN POR ALCANCE,ASFALTO,Bueno,Bueno,2,VOLKSWAGEN,CAFE,2,,29,FEMENINO,SIN DATOS,0,0,Morelia,Fuentes de Morelia,diciembre,domingo,18,-101.203908950441,19.6711852824231
26788,26793,2019,MOR190933056,2019/12/15,18:30:00,COLISIÓN POR CAMBIO DE CARRIL,ASFALTO,Bueno,Bueno,2,SAPRISSA,NEGRO,2,,56,MASCULINO,SIN DATOS,0,0,Morelia,Dr Miguel Silva,diciembre,domingo,19,-101.185227946917,19.717204814836