fid,id_accidente,anio_origen,folio_c5i,dia_incidente,hora_ocurrencia,tipo_incidente_vial,superficie_ocurrencia,condiciones_climaticas,condiciones_via,numero_vehiculos_involucrados,marca_vehiculo_ocasiona_siniestro,color_vehiculo_ocasiona_siniestro,numero_personas_involucradas,lugar_remite_presunto_responsable,edad_presunto_responsable,sexo_presunto_responsable,resultados_toxicologia,numero_personas_lesionadas,numero_personas_fallecidas,municipio,colonia,mes,dia_semana,hora_redondeada,lon,lat
26789,26794,2019,MOR190933243,2019/12/15,19:00:00,COLISIÓN POR CORTE DE CIRCULACIÓN,CONCRETO,Bueno,Bueno,2,DODGE,ROJO,2,,,MASCULINO,SIN DATOS,0,0,Morelia,Felix Ireta,diciembre,domingo,19,-101.188582604864,19.6860148664875
26790,26795,2019,MOR 190933155,2019/12/15,19:30:00,COLISIÓN POR CAMBIO DE CARRIL,ASFALTO,Bueno,Regular,2,ITALIKA,NEGRO,2,,22,MASCULINO,SIN DATOS,0,0,Morelia,Villas del Pedregal,diciembre,domingo,20,-101.303075551987,19.6786868578945
26791,26796,2019,MOR190786456,2019/12/15,20:30:00,COLISIÓN POR NO RESPETAR SEMÁFORO,CONCRETO,Bueno,Bueno,2,TOYOTA,BLANCO Y AZUL,2,,24,MASCULINO,SIN DATOS,0,0,Morelia,Union Popular Solidaria,diciembre,domingo,21,-101.220220133013,19.7056458409566
26792,26797,2019,,2019/12/15,21:00:00,COLISIÓN POR CORTE DE CIRCULACIÓN,ASFALTO,Bueno,Bueno,2,CHEVROLET,AZUL,2,,0,,SIN DATOS,0,0,Morelia,Sin datos,diciembre,domingo,21,-101.409215927124,19.649040391931
26793,26798,2019,MOR190897654,2019/12/15,21:30:00,COLISIÓN CON PEATÓN,ASFALTO,Bueno,Bueno,1,VOLKSWAGEN,BLANCO,1,,54,,SIN DATOS,0,0,Charo,Sin datos,diciembre,domingo,22,-101.079731360078,19.6867261352892
26794,26799,2019,,2019/12/16,"01:25:00",COLISIÓN POR NO RESPETAR SEMÁFORO,ASFALTO,Bueno,Bueno,2,RSK,NEGRO,2,,20,MASCULINO,SIN DATOS,0,0,Morelia,Centro,diciembre,lunes,1,-101.200130023062,19.6983578441777
26796,26801,2019,,2019/12/16,"08:40:00",COLISIÓN CONTRA OBJETO FIJO,ASFALTO,Bueno,Bueno,1,CHEVROLET,BLANCO,1,,45,FEMENINO,SIN DATOS,0,0,Morelia,Tenencia Morelos,diciembre,lunes,9,-101.243929623155,19.6466055443724
26797,26802,2019,MOR190931699,2019/12/16,"08:47:00",COLISIÓN POR CAMBIO DE CARRIL,ASFALTO,Bueno,Bueno,2,CHEVROLET,MARRON,2,,50,MASCULINO,SIN DATOS,0,0,Morelia,Hermanos Lopez Rayon,diciembre,lunes,9,-101.220990833954,19.6763501570814
26798,26803,2019,,2019/12/16,"09:00:00",COLISIÓN POR CORTE DE CIRCULACIÓN,ASFALTO,Bueno,Regular,2,PLYMOUTH,VERDE,2,,30,MASCULINO,SIN DATOS,0,0,Cuitzeo,Sin datos,diciembre,lunes,9,-101.128790974617,19.9568739848055
26799,26804,2019,LEG28244,2019/12/16,"09:10:00",COLISIÓN POR CORTE DE CIRCULACIÓN,ASFALTO,Bueno,Bueno,2,NISSAN,BLANCO,2,,56,MASCULINO,SIN DATOS,0,0,Morelia,Valle del Punhuato,diciembre,lunes,9,-101.146097386799,19.6981970300138
26800,26805,2019,,2019/12/16,"09:10:00",COLISIÓN POR CORTE DE CIRCULACIÓN,CONCRETO,Bueno,Regular,2,FORD,BLANCO,1,,,MASCULINO,SIN DATOS,0,0,Morelia,Esther Tapia,diciembre,lunes,9,-101.218421855,19.7116238699991
26802,26807,2019,,2019/12/16,11:05:00,COLISIÓN POR CORTE DE CIRCULACIÓN,ASFALTO,Bueno,Bueno,2,TOYOTA,BLANCO,2,,51,FEMENINO,SIN DATOS,0,0,Morelia,Chapultepec Oriente,diciembre,lunes,11,-101.15913378,19.6947918299991
26804,26809,2019,,2019/12/16,12:40:00,COLISIÓN POR MANIOBRA DE REVERSA,CONCRETO,Bueno,Bueno,2,NP300,BLANCO,2,,83,MASCULINO,SIN DATOS,0,0,Morelia,Vasco de Quiroga,diciembre,lunes,13,-101.172714125,19.7032647549991
26805,26810,2019,MOR190452980,2019/12/16,13:00:00,COLISIÓN CONTRA OBJETO FIJO,ASFALTO,Bueno,Bueno,1,CHEVROLET,ROJO,1,MINISTERIO PÚBLICO,85,FEMENINO,SIN DATOS,0,0,Morelia,Centro,diciembre,lunes,13,-101.18754847,19.7028479949991
26806,26811,2019,MOR190937930,2019/12/16,14:00:00,COLISIÓN POR CORTE DE CIRCULACIÓN,SIN_DATOS,Bueno,Bueno,2,PONTIAC,ROJO,2,,45,MASCULINO,SIN DATOS,0,0,Morelia,El Centenario,diciembre,lunes,14,-101.168480220003,19.7322459810786
26807,26812,2019,MICH190341048,2019/12/16,14:36:00,COLISIÓN POR CORTE DE CIRCULACIÓN,ASFALTO,Bueno,Bueno,2,KTM,BLANCO/NARANJA,0,MINISTERIO PÚBLICO,,,,0,0,Hidalgo,Sin datos,diciembre,lunes,15,-100.641482211649,19.6811514668162
26808,26813,2019,,2019/12/16,14:40:00,COLISIÓN POR CORTE DE CIRCULACIÓN,CONCRETO,Bueno,Bueno,2,PEUGEOT,ROJO,2,,39,MASCULINO,SIN DATOS,0,0,Morelia,Centro,diciembre,lunes,15,-101.188596983302,19.6971317447776
26809,26814,2019,,2019/12/16,15:10:00,COLISIÓN POR CORTE DE CIRCULACIÓN,ADOQUIN_EMPEDRADO,Bueno,Bueno,2,CHEVROLET,GUINDA,2,,41,MASCULINO,SIN DATOS,0,0,Pátzcuaro,Centro,diciembre,lunes,15,-101.604631952941,19.5146436819545
26810,26815,2019,,2019/12/16,15:10:00,COLISIÓN POR CORTE DE CIRCULACIÓN,ASFALTO,Bueno,Bueno,2,FORD,TITANIO,2,,32,MASCULINO,SIN DATOS,0,0,Puruándiro,Centro,diciembre,lunes,15,-101.515472,20.087439
26811,26816,2019,,2019/12/16,17:00:00,COLISIÓN POR ALCANCE,ASFALTO,Bueno,Bueno,2,KENWORTH,BLANCO,2,,29,MASCULINO,SIN DATOS,0,0,Cuitzeo,Los Granados,diciembre,lunes,17,-101.140226908028,19.9747119452451
26814,26819,2019,,2019/12/16,18:25:00,COLISIÓN POR CORTE DE CIRCULACIÓN,ASFALTO,Bueno,Bueno,2,NISSAN,ROJA,2,,51,MASCULINO,SIN DATOS,0,0,Morelia,Gral Gertrudis Sanchez,diciembre,lunes,18,-101.2094753,19.7439916449991
26815,26820,2019,LEG28245,2019/12/16,19:00:00,COLISIÓN POR CORTE DE CIRCULACIÓN,ASFALTO,Bueno,Bueno,2,DINA,AMARILLO,2,,32,MASCULINO,SIN DATOS,0,0,Morelia,Ventura Puente,diciembre,lunes,19,-101.179285906255,19.6935695891616
26816,26821,2019,,2019/12/16,19:00:00,COLISIÓN CON PEATÓN,SIN_DATOS,Bueno,Bueno,2,CHEVROLET,BLANCO Y ROSA,2,,38,MASCULINO,SIN DATOS,0,0,Morelia,Mariano Ontiveros,diciembre,lunes,19,-101.23008753,19.6735255349991
26818,26823,2019,MOR190933307,2019/12/16,19:40:00,COLISIÓN POR CAMBIO DE CARRIL,ASFALTO,Bueno,Bueno,2,VOLKSWAGEN,ROJO,2,MINISTERIO PÚBLICO,15,MASCULINO,SIN DATOS,0,0,Morelia,Rey Tariacuri (Eucaliptos),diciembre,lunes,20,-101.200421378016,19.6778411097815
26819,26824,2019,MOR190835478,2019/12/16,20:35:00,COLISIÓN POR NO RESPETAR SEMÁFORO,ASFALTO,Bueno,Bueno,2,VENTO,NEGRO,2,,17,MASCULINO,SIN DATOS,0,0,Morelia,Alberto Oviedo Mota,diciembre,lunes,21,-101.196140686849,19.6817272495021
26820,26825,2019,MOR190941799,2019/12/16,21:00:00,COLISIÓN POR ALCANCE,CONCRETO,Bueno,Bueno,2,BMW,BLANCO,2,,28,MASCULINO,SIN DATOS,0,0,Morelia,Puerta Blanca,diciembre,lunes,21,-101.19445961016,19.6631606652137
26821,26826,2019,LEG28242,2019/12/16,21:50:00,CAIDA DE MOTOCICLETA,ASFALTO,Bueno,Bueno,1,ITALIKA,NEGRO Y VERDE,1,,39,MASCULINO,ALIENTO ETÍLICO,0,0,Morelia,Centro,diciembre,lunes,22,-101.198674752632,19.7015897968917
26822,26827,2019,LEG28246,2019/12/16,22:15:00,COLISIÓN POR CAMBIO DE CARRIL,ASFALTO,Bueno,Bueno,3,KENWORTH,VERDE,2,,32,MASCULINO,SIN DATOS,0,0,Morelia,Villas Lomas del Paraiso,diciembre,lunes,22,-101.176987253129,19.6744893272743
26823,26828,2019,LEG28243,2019/12/16,22:30:00,COLISIÓN POR CAMBIO DE CARRIL,ASFALTO,Bueno,Bueno,2,INTERNATIONAL,AZUL,2,,30,MASCULINO,SIN DATOS,0,0,Morelia,Sentimientos de La Nacion,diciembre,lunes,23,-101.233262345195,19.678223733221
26825,26830,2019,LEG28203,2019/12/16,23:20:00,SALIDA DE SUPERFICIE DE RODAMIENTO,ASFALTO,Bueno,Regular,1,ITALIKA,GRIS,0,MINISTERIO PÚBLICO,,,,0,0,Morelia,Dr Miguel Silva,diciembre,lunes,23,-101.179630234838,19.7200943222339
26826,26831,2019,MOR190876567,2019/12/17,"00:00:00",COLISIÓN CON PEATÓN,ASFALTO,Bueno,Bueno,1,SEAT,GRIS,1,MINISTERIO PÚBLICO,,,,0,1,Morelia,Los Angeles,diciembre,martes,0,-101.172761736177,19.7487535095194
26827,26832,2019,MOR190936056,2019/12/17,"02:00:00",COLISIÓN POR CAMBIO DE CARRIL,ASFALTO,Bueno,Bueno,2,NISSAN,GRIS,0,MINISTERIO PÚBLICO,,,,0,0,Tarímbaro,Club Erandeni,diciembre,martes,2,-101.183801,19.757131
26828,26833,2019,,2019/12/17,"02:20:00",COLISIÓN CONTRA OBJETO FIJO,ASFALTO,Bueno,Bueno,1,NISSAN,PLATA,1,,,FEMENINO,SIN DATOS,0,0,Morelia,Las Americas,diciembre,martes,2,-101.15892726928,19.6879550680368
26829,26834,2019,MOR19065432,2019/12/17,"06:50:00",COLISIÓN CON PEATÓN,ASFALTO,Bueno,Bueno,1,SEAT,GRIS,0,MINISTERIO PÚBLICO,,,,0,0,Morelia,Sin datos,diciembre,martes,7,-101.17379039526,19.746959877353
26830,26835,2019,,2019/12/17,"07:00:00",COLISIÓN POR INVASIÓN DE CARRIL,ASFALTO,Bueno,Regular,4,FORD,ROJO Y GRIS,2,,42,MASCULINO,SIN DATOS,0,0,Morelia,Ciudad Industrial,diciembre,martes,7,-101.149630716328,19.7279208091222
26831,26836,2019,,2019/12/17,"07:45:00",COLISIÓN CON PEATÓN,ASFALTO,Bueno,Bueno,2,DODGE,VINO,1,,,MASCULINO,SIN DATOS,0,0,Morelia,Tzindurio Norte,diciembre,martes,8,-101.248198226094,19.7036670872775
26832,26837,2019,MOR190937044,2019/12/17,"08:50:00",COLISIÓN POR CORTE DE CIRCULACIÓN,ASFALTO,Bueno,Bueno,2,FREIGHTLINER,BLANCO,2,,49,MASCULINO,SIN DATOS,0,0,Morelia,Elias Perez Avalos,diciembre,martes,9,-101.165822222829,19.7104283837212
26833,26838,2019,,2019/12/17,"09:25:00",COLISIÓN POR INVASIÓN DE CARRIL,ASFALTO,Bueno,Bueno,2,FORD,GRIS,2,,26,FEMENINO,SIN DATOS,0,0,Morelia,Union,diciembre,martes,9,-101.15784392,19.7118910899991
26834,26839,2019,MOR190937174,2019/12/17,10:23:00,COLISIÓN POR ALCANCE,ASFALTO,Bueno,Bueno,3,FORD,GRIS,3,,66,MASCULINO,SIN DATOS,0,0,Morelia,La Soledad,diciembre,martes,10,-101.183785311878,19.72640929681
26835,26840,2019,,2019/12/17,10:40:00,COLISIÓN POR ALCANCE,ASFALTO,Bueno,Bueno,0,,,0,,,,,0,0,Morelia,Dr Miguel Silva,diciembre,martes,11,-101.187927793444,19.7204887484457
26836,26841,2019,,2019/12/17,10:50:00,COLISIÓN POR CORTE DE CIRCULACIÓN,ASFALTO,Bueno,Bueno,2,NISSAN,GRIS,2,,36,MASCULINO,SIN DATOS,0,0,Morelia,Felix Ireta,diciembre,martes,11,-101.180552076548,19.6869846759956
26837,26842,2019,,2019/12/17,13:00:00,COLISIÓN POR CORTE DE CIRCULACIÓN,ASFALTO,Bueno,Bueno,2,TOYOTA,BLANCO/AZUL,2,,34,MASCULINO,SIN DATOS,0,0,Pátzcuaro,2A de San Lazaro,diciembre,martes,13,-101.607996113598,19.5063293881521
26838,26843,2019,,2019/12/17,15:15:00,COLISIÓN POR CORTE DE CIRCULACIÓN,ASFALTO,Bueno,Bueno,2,RENAULT,BLANCO Y GRIS,2,,40,FEMENINO,SIN DATOS,0,0,Morelia,El Lago 1,diciembre,martes,15,-101.21287432,19.7281117699991
26839,26844,2019,MOR190938244,2019/12/17,15:15:00,COLISIÓN CON PEATÓN,SIN_DATOS,Bueno,Bueno,2,RENAULT,GRIS,2,MINISTERIO PÚBLICO,40,FEMENINO,SIN DATOS,0,0,Morelia,El Lago 1,diciembre,martes,15,-101.212257295847,19.726712272974
26840,26845,2019,MOR19098312,2019/12/17,15:45:00,COLISIÓN POR CORTE DE CIRCULACIÓN,ASFALTO,Bueno,Bueno,2,CHEVROLET,BLANCO,2,,0,MASCULINO,SIN DATOS,0,0,Morelia,Nueva Chapultepec,diciembre,martes,16,-101.174925304949,19.6908886214872
26841,26846,2019,,2019/12/17,17:20:00,COLISIÓN POR MANIOBRA DE REVERSA,TERRACERIA,Bueno,Bueno,2,CHEVROLET,ROJO,2,,31,MASCULINO,SIN DATOS,0,0,Morelia,Sin datos,diciembre,martes,17,-101.336985020264,19.6895878765073
26842,26847,2019,,2019/12/17,17:30:00,COLISIÓN CON PEATÓN,SIN_DATOS,Bueno,Bueno,1,FREIGHTLINER,BLANCO,1,,45,MASCULINO,SIN DATOS,0,0,Morelia,Vista Bella,diciembre,martes,18,-101.199591904879,19.6777928082427
26843,26848,2019,MOR190938726,2019/12/17,17:40:00,COLISIÓN CON PEATÓN,CONCRETO,Bueno,Bueno,1,FREIGHTLINER,BLANCO,1,,39,MASCULINO,ALIENTO ETÍLICO,0,0,Morelia,Vista Bella,diciembre,martes,18,-101.199566434395,19.676122886046
26844,26849,2019,,2019/12/17,17:45:00,COLISIÓN CONTRA OBJETO FIJO,ASFALTO,Bueno,Bueno,1,MAZDA,PLATA,1,,32,MASCULINO,SIN DATOS,0,0,Morelia,Los Laureles,diciembre,martes,18,-101.232922377234,19.7146136650311
26845,26850,2019,,2019/12/17,17:50:00,SUBIDA AL CAMELLÓN,CONCRETO,Bueno,Bueno,1,MAZDA,GRIS,1,,32,MASCULINO,SIN DATOS,0,0,Morelia,Justo Mendoza,diciembre,martes,18,-101.232991442084,19.7120040110125
26846,26851,2019,,2019/12/17,19:35:00,COLISIÓN POR ALCANCE,ASFALTO,Bueno,Bueno,4,FORD,ARENA,4,,24,MASCULINO,SIN DATOS,0,0,Morelia,Las Americas,diciembre,martes,20,-101.159017458558,19.687966432385
26847,26852,2019,MOR190938916,2019/12/17,20:43:00,COLISIÓN POR ALCANCE,ASFALTO,Bueno,Bueno,2,VOLKSWAGEN,GRIS,2,,22,MASCULINO,SIN DATOS,0,0,Morelia,Lomas del Tecnologico,diciembre,martes,21,-101.188379265368,19.7211718211825
26848,26853,2019,,2019/12/17,21:35:00,VOLCADURA,CONCRETO,Bueno,Bueno,2,FORD,NEGRO,2,MINISTERIO PÚBLICO,39,FEMENINO,SIN DATOS,0,0,Morelia,Las Americas,diciembre,martes,22,-101.153804585338,19.6880582941701
26849,26854,2019,,2019/12/17,22:10:00,COLISIÓN POR CORTE DE CIRCULACIÓN,ASFALTO,Bueno,Bueno,3,S/D,BLANCO,1,,21,FEMENINO,SIN DATOS,0,0,Morelia,Jardines de La Loma,diciembre,martes,22,-101.225632801652,19.6767064933186
26850,26855,2019,,2019/12/17,23:40:00,COLISIÓN CON PEATÓN,ASFALTO,Bueno,Bueno,1,ITALIKA,AMARILLO,1,MINISTERIO PÚBLICO,,,SIN DATOS,0,0,Tuzantla,Tuzantla,diciembre,martes,0,-100.571879558265,19.2105142037982
26851,26856,2019,,2019/12/18,"03:45:00",VOLCADURA,ASFALTO,Bueno,Bueno,1,VOLKSWAGEN,BLANCO,1,,42,MASCULINO,SIN DATOS,0,0,Los Reyes,Sin datos,diciembre,miércoles,4,-102.436976395547,19.6563682200887
26853,26858,2019,MOR190939429,2019/12/18,"09:00:00",COLISIÓN POR CORTE DE CIRCULACIÓN,ASFALTO,Bueno,Bueno,2,ITALIKA,GRAFITO,2,,,MASCULINO,SIN DATOS,0,0,Morelia,Felicitas del Rio,diciembre,miércoles,9,-101.200257123757,19.6935246012511
26854,26859,2019,MOR190937108,2019/12/18,"09:21:00",COLISIÓN POR CORTE DE CIRCULACIÓN,ASFALTO,Bueno,Bueno,2,CHEVROLET,AZUL,2,MINISTERIO PÚBLICO,56,MASCULINO,SIN DATOS,0,0,Morelia,Santillan La Huerta,diciembre,miércoles,9,-101.219553885717,19.6760966650679
26855,26860,2019,MOR190691645,2019/12/18,"09:45:00",COLISIÓN POR INVASIÓN DE CARRIL,ASFALTO,Bueno,Bueno,2,CHRYSLER,MORA,2,,30,FEMENINO,SIN DATOS,0,0,Morelia,Lomas del Tecnologico,diciembre,miércoles,10,-101.188369877636,19.7212204252404
26857,26862,2019,,2019/12/18,10:20:00,COLISIÓN POR MANIOBRA DE REVERSA,CONCRETO,Bueno,Regular,2,VOLKSWAGEN,BLANCO,2,,50,MASCULINO,SIN DATOS,0,0,Morelia,Ventura Puente,diciembre,miércoles,10,-101.187182954235,19.6926426896116
26858,26863,2019,,2019/12/18,11:25:00,COLISIÓN POR CORTE DE CIRCULACIÓN,ASFALTO,Bueno,Bueno,2,NISSAN,BLANCO,2,,24,MASCULINO,SIN DATOS,0,0,Salvador Escalante,El Artesano,diciembre,miércoles,11,-101.633876748383,19.4067234747276
26859,26864,2019,,2019/12/18,11:30:00,COLISIÓN POR CORTE DE CIRCULACIÓN,CONCRETO,Bueno,Bueno,2,Nissan,Rojo,2,,28,MASCULINO,SIN DATOS,0,0,Morelia,Sentimientos de La Nacion,diciembre,miércoles,12,-101.231887042522,19.6777176724868
26860,26865,2019,LEG28302,2019/12/18,11:45:00,COLISIÓN POR CAMBIO DE CARRIL,ASFALTO,Bueno,Bueno,3,NISSAN,ROJO,3,,,MASCULINO,SIN DATOS,0,0,Morelia,Sentimientos de La Nacion,diciembre,miércoles,12,-101.236870922148,19.684803008657
26861,26866,2019,,2019/12/18,13:00:00,COLISIÓN POR CORTE DE CIRCULACIÓN,ASFALTO,Bueno,Bueno,2,ITALIKA,NEGRO,0,MINISTERIO PÚBLICO,,,,0,0,Hidalgo,El Jaral,diciembre,miércoles,13,-100.531269572675,19.7028972263835
26862,26867,2019,LEG28295,2019/12/18,15:15:00,COLISIÓN POR CORTE DE CIRCULACIÓN,ASFALTO,Bueno,Bueno,2,NISSAN,BLANCO,2,,21,MASCULINO,SIN DATOS,0,0,Morelia,Isaac Arriaga,diciembre,miércoles,15,-101.169422417879,19.7085693003075
26863,26868,2019,MOR190273546,2019/12/18,15:40:00,VOLCADURA,ASFALTO,Bueno,Bueno,1,FORD,BLANCO,1,,52,MASCULINO,SIN DATOS,0,0,Charo,Sin datos,diciembre,miércoles,16,-100.989651,19.675751
26864,26869,2019,,2019/12/18,16:19:00,SUBIDA AL CAMELLÓN,ASFALTO,Bueno,Regular,1,KAWASAKI,NEGRO Y VERDE,1,,19,MASCULINO,SIN DATOS,0,0,Morelia,Dr Miguel Silva,diciembre,miércoles,16,-101.185227946917,19.717204814836
26865,26870,2019,MOR190941622,2019/12/18,19:50:00,COLISIÓN POR CORTE DE CIRCULACIÓN,ASFALTO,Bueno,Bueno,2,KENWORTH,AMARILLO,2,,40,MASCULINO,SIN DATOS,0,0,Morelia,Tinijaro,diciembre,miércoles,20,-101.264483258128,19.696214842353
26866,26871,2019,LEG28297,2019/12/18,20:20:00,VOLCADURA,ASFALTO,Bueno,Bueno,1,NISSAN,GRIS,1,,,MASCULINO,SIN DATOS,0,0,Morelia,Quinceo,diciembre,miércoles,20,-101.222059428692,19.7275451388646
26868,26873,2019,,2019/12/19,"02:00:00",COLISIÓN CONTRA OBJETO FIJO,ASFALTO,Bueno,Bueno,1,VOLKSWAGEN,GRIS,1,,26,MASCULINO,ALIENTO ETÍLICO,0,0,Tarímbaro,Galaxias Tarimbaro,diciembre,jueves,2,-101.198931685,19.7629395549991
26869,26874,2019,LEG28301,2019/12/19,"04:25:00",COLISIÓN POR INVASIÓN DE CARRIL,ASFALTO,Bueno,Bueno,2,FORD,PLATA,2,,,MASCULINO,ALIENTO ETÍLICO,0,0,Morelia,Gertrudis Sanchez,diciembre,jueves,4,-101.205776745,19.7441101549991
26870,26875,2019,,2019/12/19,"08:40:00",COLISIÓN POR ALCANCE,ASFALTO,Bueno,Bueno,5,VOLKSWAGEN,NEGRO,5,,28,MASCULINO,SIN DATOS,0,0,Morelia,Elias Perez Avalos,diciembre,jueves,9,-101.167813022979,19.7136335493406
26871,26876,2019,,2019/12/19,"09:15:00",COLISIÓN CONTRA OBJETO FIJO,ADOQUIN_EMPEDRADO,Bueno,Bueno,2,VOLKSWAGEN,AZUL,2,MINISTERIO PÚBLICO,45,FEMENINO,SIN DATOS,0,0,Pátzcuaro,Centro,diciembre,jueves,9,-101.617330871522,19.5121332268005
26872,26877,2019,MOR190096374,2019/12/19,"09:15:00",COLISIÓN POR ALCANCE,CONCRETO,Bueno,Bueno,2,S/D,S/D,1,,45,FEMENINO,SIN DATOS,0,0,Morelia,Elias Perez Avalos,diciembre,jueves,9,-101.167813022979,19.7136335493406
26873,26878,2019,MOR190942284,2019/12/19,"09:30:00",COLISIÓN POR CORTE DE CIRCULACIÓN,CONCRETO,Bueno,Bueno,2,DODGE,BLANCO,2,,20,MASCULINO,SIN DATOS,0,0,Morelia,Ventura Puente,diciembre,jueves,10,-101.190734915435,19.6923836303105
26875,26880,2019,LEG28311,2019/12/19,13:35:00,COLISIÓN POR MANIOBRA DE REVERSA,ASFALTO,Bueno,Bueno,2,CHEVROLET,GRIS,2,,66,MASCULINO,SIN DATOS,0,0,Morelia,Centro,diciembre,jueves,14,-101.184245981276,19.7058803772569
26877,26882,2019,MOR190943859,2019/12/19,15:08:00,COLISIÓN POR NO RESPETAR SEMÁFORO,ASFALTO,Bueno,Bueno,2,FREIGHTLINER,CREMA,2,,45,MASCULINO,SIN DATOS,0,0,Morelia,Tzindurio de Morelos,diciembre,jueves,15,-101.250125393271,19.6986277296907
26878,26883,2019,MOR190 875647,2019/12/19,15:40:00,COLISIÓN POR ALCANCE,ASFALTO,Bueno,Bueno,2,NISSAN,BLANCO,1,,23,FEMENINO,SIN DATOS,0,0,Morelia,San Pascual,diciembre,jueves,16,-101.267319358885,19.6952375558124
26879,26884,2019,MOR 190943983,2019/12/19,20:50:00,COLISIÓN POR ALCANCE,CONCRETO,Bueno,Bueno,2,CHEVROLET,AZUL,2,,47,MASCULINO,CON CERTIFICADO,0,0,Morelia,Nueva Chapultepec,diciembre,jueves,21,-101.17081558,19.6897813199992
26880,26885,2019,MOR190944349,2019/12/19,21:19:00,SALIDA DE SUPERFICIE DE RODAMIENTO,ASFALTO,Bueno,Bueno,1,NISSAN,PLATA,1,,38,MASCULINO,SIN DATOS,0,0,Morelia,Clara Cordova Moran,diciembre,jueves,21,-101.180798001587,19.7374602962407
26881,26886,2019,,2019/12/19,22:01:00,COLISIÓN POR CORTE DE CIRCULACIÓN,ASFALTO,Bueno,Regular,2,VOLSKWAGEN,GRIS,2,,38,MASCULINO,SIN DATOS,0,0,Acuitzio,Las Peñas,diciembre,jueves,22,-101.33705444634,19.506860322423
26882,26887,2019,,2019/12/19,23:35:00,SALIDA DE SUPERFICIE DE RODAMIENTO,ASFALTO,Bueno,Bueno,1,FORD,GRIS,1,,28,MASCULINO,ALIENTO ETÍLICO,0,0,Salvador Escalante,Cuirinditzio,diciembre,jueves,0,-101.624571494758,19.410674998924
26883,26888,2019,LEG28316,2019/12/20,"00:00:00",COLISIÓN CON PEATÓN,ASFALTO,Bueno,Bueno,2,NISSAN,BLANCO,0,,,,,0,0,Morelia,Ejidal San Isidro,diciembre,viernes,0,-101.279583089054,19.6912765801435
26887,26892,2019,MOR190944658,2019/12/20,"03:31:00",COLISIÓN CONTRA OBJETO FIJO,SIN_DATOS,Bueno,Bueno,1,NISSAN,BLANCO,0,,,,,0,0,Morelia,Isaac Arriaga,diciembre,viernes,4,-101.174234394298,19.7119311670291
26888,26893,2019,MOR190691625,2019/12/20,"06:47:00",COLISIÓN POR NO RESPETAR SEMÁFORO,ASFALTO,Bueno,Bueno,2,HONDA,BLANCO,2,MINISTERIO PÚBLICO,37,MASCULINO,SIN DATOS,0,0,Morelia,Nueva Valladolid,diciembre,viernes,7,-101.207341477275,19.7021768443062
26890,26895,2019,MOR190944984,2019/12/20,"09:00:00",COLISIÓN POR ALCANCE,ASFALTO,Bueno,Bueno,2,NISSAN,NEGRO,2,,33,MASCULINO,SIN DATOS,0,0,Morelia,Bosques de Oriente,diciembre,viernes,9,-101.155454143882,19.7155992995322
26891,26896,2019,LEG28345,2019/12/20,"09:00:00",COLISIÓN POR CORTE DE CIRCULACIÓN,ASFALTO,Bueno,Bueno,2,CHEVROLET,NEGRO,2,,21,FEMENINO,SIN DATOS,0,0,Morelia,Indeco Expropiacion Petrolera,diciembre,viernes,9,-101.225691139698,19.6837066393601
26892,26897,2019,,2019/12/20,"09:06:00",COLISIÓN CONTRA OBJETO FIJO,ASFALTO,Bueno,Bueno,1,ITALIKA,NEGRO,2,MINISTERIO PÚBLICO,26,MASCULINO,SIN DATOS,0,1,Jungapeo,Jungapeo de Juarez,diciembre,viernes,9,-100.493829,19.457683
26893,26898,2019,,2019/12/20,"09:30:00",CAIDA DE MOTOCICLETA,ASFALTO,Bueno,Bueno,1,ITALIKA,ROJO,1,,0,MASCULINO,SIN DATOS,0,0,Morelia,San Pascual,diciembre,viernes,10,-101.267357580364,19.695356244677
26894,26899,2019,MOR190944955,2019/12/20,"09:30:00",COLISIÓN POR ALCANCE,SIN_DATOS,Bueno,Bueno,2,NISSAN,ROJO,2,,25,MASCULINO,ALIENTO ETÍLICO,0,0,Morelia,Melchor Ocampo,diciembre,viernes,10,-101.204034648836,19.7052326806205
26895,26900,2019,LEG28338,2019/12/20,11:35:00,COLISIÓN POR CAMBIO DE CARRIL,ASFALTO,Bueno,Bueno,2,NISSAN,GRIS,2,,27,FEMENINO,SIN DATOS,0,0,Morelia,Independencia,diciembre,viernes,12,-101.17790389806,19.7193349556943
26896,26901,2019,,2019/12/20,12:20:00,COLISIÓN POR ALCANCE,ASFALTO,Bueno,Bueno,2,Renault,Blanca,2,,0,MASCULINO,SIN DATOS,0,0,Morelia,Centro,diciembre,viernes,12,-101.202268414199,19.702167449127
26897,26902,2019,,2019/12/20,13:00:00,COLISIÓN POR MANIOBRA DE REVERSA,ASFALTO,Nublado,Bueno,2,FORD,VERDE,3,MINISTERIO PÚBLICO,28,MASCULINO,SIN DATOS,1,0,Zacapu,Naranja de Tapia,diciembre,viernes,13,-101.752889379859,19.772201091457
26898,26903,2019,,2019/12/20,13:10:00,COLISIÓN POR CAMBIO DE CARRIL,ASFALTO,Bueno,Bueno,2,Dina,Blanco azul,2,,37,MASCULINO,SIN DATOS,0,0,Morelia,Sentimientos de La Nacion,diciembre,viernes,13,-101.232420131564,19.6779156140872