fid,id_accidente,anio_origen,folio_c5i,dia_incidente,hora_ocurrencia,tipo_incidente_vial,superficie_ocurrencia,condiciones_climaticas,condiciones_via,numero_vehiculos_involucrados,marca_vehiculo_ocasiona_siniestro,color_vehiculo_ocasiona_siniestro,numero_personas_involucradas,lugar_remite_presunto_responsable,edad_presunto_responsable,sexo_presunto_responsable,resultados_toxicologia,numero_personas_lesionadas,numero_personas_fallecidas,municipio,colonia,mes,dia_semana,hora_redondeada,lon,lat
26899,26904,2019,LEG28347,2019/12/20,13:30:00,COLISIÓN POR CAMBIO DE CARRIL,ASFALTO,Nublado,Bueno,2,FORD,AZUL,2,,49,MASCULINO,SIN DATOS,0,0,Morelia,Ana Maria Gallaga (Riviera Norte),diciembre,viernes,14,-101.222830228508,19.6766443006981
26900,26905,2019,,2019/12/20,13:40:00,COLISIÓN POR CORTE DE CIRCULACIÓN,ASFALTO,Bueno,Bueno,2,FREIGHTLINER,BLANCO,2,,32,MASCULINO,SIN DATOS,0,0,Morelia,Sentimientos de La Nacion,diciembre,viernes,14,-101.232993453741,19.6780112699883
26901,26906,2019,LEG28337,2019/12/20,14:18:00,COLISIÓN POR CAMBIO DE CARRIL,ASFALTO,Bueno,Bueno,2,INTERNATIONAL,VERDE,2,,44,MASCULINO,SIN DATOS,0,0,Morelia,Poblado de Ocolusen,diciembre,viernes,14,-101.149481199682,19.6946819897441
26902,26907,2019,,2019/12/20,15:00:00,COLISIÓN CONTRA OBJETO FIJO,CONCRETO,Bueno,Bueno,1,MERCEDES BENZ,BLANCO,1,,17,MASCULINO,SIN DATOS,0,0,Morelia,Cumbres de Altozano,diciembre,viernes,15,-101.167192161083,19.6487309536982
26903,26908,2019,MOR190946018,2019/12/20,17:10:00,COLISIÓN POR ALCANCE,ASFALTO,Bueno,Bueno,2,CHRYSLER,BLANCO,2,,58,MASCULINO,ALIENTO ETÍLICO,0,0,Morelia,Jardines del Quinceo,diciembre,viernes,17,-101.205208450556,19.7218626917598
26904,26909,2019,,2019/12/20,17:50:00,COLISIÓN POR CORTE DE CIRCULACIÓN,ASFALTO,Bueno,Bueno,2,NISSAN,BLANCO y verde,1,,7,,SIN DATOS,0,0,Morelia,Fidel Velazquez,diciembre,viernes,18,-101.237146519125,19.7047573226486
26905,26910,2019,LEG28342,2019/12/20,18:42:00,COLISIÓN POR ALCANCE,ASFALTO,Bueno,Bueno,2,KIA,BLANCO,2,,32,MASCULINO,SIN DATOS,0,0,Tarímbaro,Campestre,diciembre,viernes,19,-101.162761822343,19.7974657539171
26906,26911,2019,LEG28346,2019/12/20,18:50:00,COLISIÓN CON PEATÓN,ASFALTO,Bueno,Bueno,1,NISSAN,BLANCO/VERDE,2,,0,MASCULINO,ALIENTO ETÍLICO,1,0,Morelia,Santa Cecilia,diciembre,viernes,19,-101.186676062644,19.6668668154787
26907,26912,2019,,2019/12/20,19:00:00,COLISIÓN CONTRA OBJETO FIJO,CONCRETO,Bueno,Bueno,2,SUNL LIFAN,ROJO,2,,35,MASCULINO,SIN DATOS,0,0,Morelia,Centro,diciembre,viernes,19,-101.18470530957,19.7020320359395
26908,26913,2019,,2019/12/20,19:45:00,COLISIÓN CONTRA OBJETO FIJO,ASFALTO,Bueno,Bueno,1,Volkswagen,Negro,1,,62,MASCULINO,SIN DATOS,0,0,Morelia,Independencia,diciembre,viernes,20,-101.177931390703,19.7193403211397
26909,26914,2019,MOR190691664,2019/12/20,20:30:00,COLISIÓN POR ALCANCE,ASFALTO,Bueno,Bueno,2,NISSAN,GUINDA,2,,0,FEMENINO,SIN DATOS,0,0,Morelia,Arcos del Valle,diciembre,viernes,21,-101.236185282469,19.7075671538499
26910,26915,2019,,2019/12/20,21:30:00,COLISIÓN POR ALCANCE,ASFALTO,Bueno,Bueno,2,GMC,Rojo,2,MINISTERIO PÚBLICO,27,MASCULINO,SIN DATOS,0,0,Morelia,Jardines de Guadalupe,diciembre,viernes,22,-101.226263791323,19.7095843814677
26911,26916,2019,MOR190691656,2019/12/21,"04:00:00",COLISIÓN POR ALCANCE,ASFALTO,Bueno,Bueno,2,VOLKSWAGEN,GRIS,2,,27,FEMENINO,SIN DATOS,0,0,Morelia,Jardines del Toreo,diciembre,sábado,4,-101.213843803795,19.6888833028584
26912,26917,2019,LEG28351,2019/12/21,"04:10:00",VOLCADURA,ASFALTO,Bueno,Bueno,1,NISSAN,NEGRO,0,MINISTERIO PÚBLICO,,,,0,0,Morelia,Villas del Pedregal,diciembre,sábado,4,-101.298111782409,19.6855229446345
26913,26918,2019,,2019/12/21,"06:15:00",COLISIÓN POR CORTE DE CIRCULACIÓN,CONCRETO,Bueno,Bueno,2,Chevrolet,Rojo,2,,0,MASCULINO,SIN DATOS,0,0,Morelia,Felix Arreguin,diciembre,sábado,6,-101.224814392626,19.7172196937209
26914,26919,2019,"190947378",2019/12/21,"08:00:00",COLISIÓN POR CORTE DE CIRCULACIÓN,ASFALTO,Bueno,Bueno,2,NAVISTAR,AMARILLO Y GUINDA,0,MINISTERIO PÚBLICO,,,,0,0,Morelia,Centro,diciembre,sábado,8,-101.190478917382,19.7029143913229
26915,26920,2019,"19098424",2019/12/21,15:35:00,COLISIÓN POR CORTE DE CIRCULACIÓN,CONCRETO,Nublado,Bueno,2,SE DESCONOCE,SE DESCONOCE,1,,34,MASCULINO,SIN DATOS,0,0,Morelia,La Huerta,diciembre,sábado,16,-101.217147298157,19.6755456656562
26916,26921,2019,,2019/12/21,16:07:00,COLISIÓN POR CORTE DE CIRCULACIÓN,ASFALTO,Bueno,Regular,1,FORD,ROJO,1,,59,MASCULINO,CON CERTIFICADO,0,0,Acuitzio,Sin datos,diciembre,sábado,16,-101.349852606654,19.5254747871221
26917,26922,2019,"190984240",2019/12/21,16:10:00,COLISIÓN POR CORTE DE CIRCULACIÓN,CONCRETO,Bueno,Bueno,2,ITALIKA,ROJO,2,,25,MASCULINO,SIN DATOS,0,0,Morelia,Torremolinos,diciembre,sábado,16,-101.225663982332,19.681399598776
26918,26923,2019,MOR190949094,2019/12/21,17:30:00,COLISIÓN POR ALCANCE,ASFALTO,Bueno,Bueno,2,NISSAN,BLANCO Y VERDE,2,,39,MASCULINO,SIN DATOS,0,0,Morelia,Tzindurio de Morelos,diciembre,sábado,18,-101.243638806045,19.699965786933
26919,26924,2019,MOR190948982,2019/12/21,19:28:00,COLISIÓN POR ALCANCE,ASFALTO,Bueno,Bueno,2,PONTIAC,NARANJA Y NEGRO,2,,22,MASCULINO,ALIENTO ETÍLICO,0,0,Morelia,Residencial Alborada,diciembre,sábado,19,-101.234587691724,19.7023517876409
26920,26925,2019,MOR190564456,2019/12/21,19:36:00,COLISIÓN CON PEATÓN,ASFALTO,Lluvioso,Regular,1,FORD,ROJO,2,,0,,SIN DATOS,1,0,Morelia,Valle de Las Flores,diciembre,sábado,20,-101.130309104919,19.686005754709
26921,26926,2019,MOR190949289,2019/12/21,21:15:00,COLISIÓN POR ALCANCE,ASFALTO,Lluvioso,Malo,4,FORD,NEGRO,4,MINISTERIO PÚBLICO,0,MASCULINO,SIN DATOS,0,0,Morelia,Sin datos,diciembre,sábado,21,-101.263334266841,19.639191122329
26922,26927,2019,"190949382",2019/12/21,21:30:00,COLISIÓN POR INVASIÓN DE CARRIL,ASFALTO,Lluvioso,Regular,2,HONDA,VERDE,2,,38,MASCULINO,ALIENTO ETÍLICO,0,0,Morelia,Nueva Valladolid,diciembre,sábado,22,-101.210650652647,19.7020544469878
26923,26928,2019,MOR190949356,2019/12/21,21:35:00,SUBIDA AL CAMELLÓN,CONCRETO,Lluvioso,Malo,1,CHEVROLET,BLANCO,1,,58,MASCULINO,SIN DATOS,0,0,Morelia,Cosmos,diciembre,sábado,22,-101.216413378716,19.6833420230878
26924,26929,2019,,2019/12/21,23:20:00,CAIDA DE MOTOCICLETA,ASFALTO,Bueno,Bueno,0,,,0,,,,,0,0,Morelia,La Colina,diciembre,sábado,23,-101.216133758426,19.7122142481544
26925,26930,2019,,2019/12/22,"00:00:00",CAIDA DE MOTOCICLETA,CONCRETO,Bueno,Bueno,1,ITALIKA,NEGRO,0,,,,,0,0,Salvador Escalante,4 Caminos,diciembre,domingo,0,-101.644536852837,19.4010404605912
26926,26931,2019,,2019/12/22,"00:00:00",SALIDA DE SUPERFICIE DE RODAMIENTO,ASFALTO,Lluvioso,Bueno,1,VOLKSWAGEN,ROJO,1,,0,MASCULINO,SIN DATOS,0,0,Morelia,San Guillermo,diciembre,domingo,0,-101.178631782532,19.7385686045687
26927,26932,2019,,2019/12/22,"00:00:00",SALIDA DE SUPERFICIE DE RODAMIENTO,ASFALTO,Lluvioso,Bueno,1,CHEVROLET,ROJO,0,,,,,0,0,Morelia,San Guillermo,diciembre,domingo,0,-101.178633123636,19.7385676578394
26928,26933,2019,"190949580",2019/12/22,"00:05:00",SALIDA DE SUPERFICIE DE RODAMIENTO,CONCRETO,Lluvioso,Regular,1,CHEVROLET,ROJO,0,,,,,0,0,Morelia,Indeco Santiaguito,diciembre,domingo,0,-101.17869079113,19.7202041554997
26929,26934,2019,,2019/12/22,"01:26:00",SALIDA DE SUPERFICIE DE RODAMIENTO,ASFALTO,Bueno,Bueno,1,TOYOTA,GRIS,0,,,,,0,0,Apatzingán,Sin datos,diciembre,domingo,1,-102.35248842124,18.7970688155627
26930,26935,2019,MOR190939754,2019/12/22,"02:15:00",COLISIÓN CONTRA OBJETO FIJO,CONCRETO,Nublado,Bueno,2,VOLKSWAGEN,BLANCO,2,,26,MASCULINO,ALIENTO ETÍLICO,0,0,Morelia,Sentimientos de La Nacion,diciembre,domingo,2,-101.231460946362,19.6846830117665
26931,26936,2019,,2019/12/22,"02:40:00",COLISIÓN CONTRA OBJETO FIJO,CONCRETO,Nublado,Regular,1,DODGE,BLANCO,1,MINISTERIO PÚBLICO,20,MASCULINO,SIN DATOS,0,0,Morelia,La Floresta,diciembre,domingo,3,-101.151833832264,19.6831769195158
26932,26937,2019,MOR190256789,2019/12/22,"02:59:00",COLISIÓN POR ALCANCE,ASFALTO,Lluvioso,Bueno,2,NISSAN,ROJO,2,,69,MASCULINO,SIN DATOS,0,0,Morelia,Alberto Oviedo Mota,diciembre,domingo,3,-101.202006840785,19.6778056212687
26933,26938,2019,MOR190949891,2019/12/22,"03:44:00",COLISIÓN CONTRA OBJETO FIJO,ASFALTO,Lluvioso,Bueno,1,CHEVROLET,NEGRO,0,,,,,0,0,Morelia,Ignacio Zaragoza,diciembre,domingo,4,-101.20295137167,19.7252181348558
26934,26939,2019,,2019/12/22,"04:00:00",COLISIÓN CONTRA OBJETO FIJO,CONCRETO,Lluvioso,Malo,1,NISSAN,ROJO,0,MINISTERIO PÚBLICO,,,,0,0,Morelia,Ocolusen Iii,diciembre,domingo,4,-101.152385744423,19.6847486663771
26935,26940,2019,MOR190949894,2019/12/22,"04:46:00",SALIDA DE SUPERFICIE DE RODAMIENTO,ASFALTO,Lluvioso,Bueno,1,VOLKSWAGEN,ROJO,1,,42,MASCULINO,SIN DATOS,0,0,Morelia,Sin datos,diciembre,domingo,5,-101.173975467682,19.7465944586167
26936,26941,2019,MOR190949923,2019/12/22,"05:40:00",COLISIÓN POR CORTE DE CIRCULACIÓN,CONCRETO,Bueno,Bueno,2,TOYOTA,NARANJA,2,,0,FEMENINO,SIN DATOS,0,0,Morelia,Villa Universidad,diciembre,domingo,6,-101.200416013598,19.6902070872831
26937,26942,2019,,2019/12/22,"05:40:00",COLISIÓN CONTRA OBJETO FIJO,ASFALTO,Bueno,Bueno,1,Ford,Blanco,1,,0,,SIN DATOS,0,0,Morelia,Ana Maria Gallaga (Riviera Norte),diciembre,domingo,6,-101.224331779468,19.6768026917537
26938,26943,2019,"190949958",2019/12/22,"06:30:00",COLISIÓN POR CAMBIO DE CARRIL,ASFALTO,Nublado,Regular,2,NISSAN,BLANCO,2,MINISTERIO PÚBLICO,40,MASCULINO,SIN DATOS,0,0,Morelia,Elias Perez Avalos,diciembre,domingo,7,-101.171445138752,19.7147524839589
26939,26944,2019,MOR190123654,2019/12/22,"07:40:00",COLISIÓN POR INVASIÓN DE CARRIL,CONCRETO,Bueno,Bueno,2,BMW,NEGRO,2,,0,MASCULINO,ALIENTO ETÍLICO,0,0,Morelia,Vasco de Quiroga,diciembre,domingo,8,-101.173968690871,19.7002901666465
26940,26945,2019,,2019/12/22,"08:50:00",COLISIÓN CONTRA OBJETO FIJO,CONCRETO,Bueno,Bueno,2,Nissan,Blanco Rojo,1,,0,,SIN DATOS,0,0,Morelia,Eva Samano,diciembre,domingo,9,-101.199442707002,19.7314335772956
26941,26946,2019,LEG28389,2019/12/22,"09:00:00",COLISIÓN CONTRA OBJETO FIJO,ASFALTO,Nublado,Regular,2,TOYOTA,ROJO,2,,0,MASCULINO,SIN DATOS,0,0,Morelia,Sin datos,diciembre,domingo,9,-101.239146441221,19.7308169121797
26942,26947,2019,,2019/12/22,10:10:00,VOLCADURA,ASFALTO,Bueno,Bueno,2,DINA,AMARILLO,2,,21,MASCULINO,SIN DATOS,0,0,Tangamandapio,Sin datos,diciembre,domingo,10,-102.383590042591,19.9182478894861
26943,26948,2019,,2019/12/22,10:50:00,COLISIÓN POR ALCANCE,CONCRETO,Bueno,Bueno,2,AUDI A 3,ROJO,2,,32,MASCULINO,SIN DATOS,0,0,Morelia,Comision Federal de Electricidad,diciembre,domingo,11,-101.178378984332,19.6815612316016
26944,26949,2019,LEG28390,2019/12/22,11:50:00,COLISIÓN POR CORTE DE CIRCULACIÓN,ASFALTO,Nublado,Bueno,2,NISSAN,BLANCO CON ROJO,2,,0,MASCULINO,SIN DATOS,0,0,Morelia,Loma de Los Piñones,diciembre,domingo,12,-101.20508570224,19.6739905159347
26945,26950,2019,,2019/12/22,14:20:00,COLISIÓN POR CAMBIO DE CARRIL,ASFALTO,Bueno,Bueno,2,International,Blanco,2,,,,SIN DATOS,0,0,Morelia,Ventura Puente,diciembre,domingo,14,-101.194486990571,19.692483381247
26946,26951,2019,,2019/12/22,16:45:00,COLISIÓN POR MANIOBRA DE REVERSA,CONCRETO,Bueno,Bueno,2,CHEVROLET OPTRA,NEGRO,1,,41,MASCULINO,SIN DATOS,0,0,Morelia,Santa Maria,diciembre,domingo,17,-101.20046280143,19.6778474078766
26947,26952,2019,,2019/12/22,17:00:00,COLISIÓN CON PEATÓN,CONCRETO,Bueno,Bueno,1,Nissan,Azul,2,,49,,ALIENTO ETÍLICO,1,0,Morelia,Centro,diciembre,domingo,17,-101.192497120795,19.7029594088073
26948,26953,2019,,2019/12/22,17:10:00,SALIDA DE SUPERFICIE DE RODAMIENTO,ASFALTO,Nublado,Regular,1,ITALIKA,NEGRO,1,MINISTERIO PÚBLICO,35,MASCULINO,ALIENTO ETÍLICO,0,0,Maravatío,Balbuena,diciembre,domingo,17,-100.444797519652,19.8959077969059
26949,26954,2019,,2019/12/22,18:20:00,COLISIÓN POR INVASIÓN DE CARRIL,ASFALTO,Bueno,Bueno,2,ALESSIA,NEGRO/NARANJA,2,MINISTERIO PÚBLICO,,,SIN DATOS,0,0,Juárez,Sin datos,diciembre,domingo,18,-100.401558950543,19.338895109619
26950,26955,2019,LEG28394,2019/12/22,19:00:00,COLISIÓN POR ALCANCE,ASFALTO,Bueno,Bueno,3,NISSAN,BLANCO/ROJO,3,,47,MASCULINO,ALIENTO ETÍLICO,0,0,Morelia,Los Pinos de Michoacan,diciembre,domingo,19,-101.214117407799,19.6878452126292
26951,26956,2019,,2019/12/22,19:30:00,SALIDA DE SUPERFICIE DE RODAMIENTO,ASFALTO,Bueno,Bueno,1,CHEVROLET,PLATA,1,,,FEMENINO,SIN DATOS,0,0,Cuitzeo,Sin datos,diciembre,domingo,20,-101.155310980976,20.069909135338
26952,26957,2019,MOR190948999,2019/12/22,19:30:00,COLISIÓN CONTRA OBJETO FIJO,ASFALTO,Lluvioso,Regular,2,CHEVROLET,GUINDA,1,,43,MASCULINO,SIN DATOS,0,0,Morelia,Gertrudis Sanchez,diciembre,domingo,20,-101.1996056512,19.7398432127509
26953,26958,2019,MOR190190517435,2019/12/22,20:00:00,COLISIÓN POR CAMBIO DE CARRIL,ASFALTO,Bueno,Bueno,2,NISSAN,BLANCO,2,,46,MASCULINO,SIN DATOS,0,0,Morelia,Ventura Puente,diciembre,domingo,20,-101.179760933823,19.6908229525783
26954,26959,2019,,2019/12/22,20:30:00,SALIDA DE SUPERFICIE DE RODAMIENTO,ASFALTO,Bueno,Bueno,1,DINAMO,ROJO/NEGRO,2,,31,MASCULINO,SIN DATOS,1,0,Huandacareo,Sin datos,diciembre,domingo,21,-101.302507929504,19.9774095538985
26955,26960,2019,,2019/12/22,20:48:00,COLISIÓN POR INVASIÓN DE CARRIL,ASFALTO,Nublado,Regular,2,CHEVROLET,VINO,2,,56,MASCULINO,SIN DATOS,0,0,Acuitzio,Sin datos,diciembre,domingo,21,-101.299339234829,19.4341478425038
26956,26961,2019,LEG28392,2019/12/22,21:50:00,COLISIÓN CONTRA OBJETO FIJO,ASFALTO,Bueno,Bueno,2,DODGE,NEGRO,2,MINISTERIO PÚBLICO,40,MASCULINO,ALIENTO ETÍLICO,0,0,Morelia,Nueva Esperanza,diciembre,domingo,22,-101.250668049511,19.6876935188304
26957,26962,2019,MOR190943388,2019/12/22,22:25:00,COLISIÓN CONTRA OBJETO FIJO,ASFALTO,Lluvioso,Regular,2,JEEP,VERDE,1,,28,MASCULINO,SIN DATOS,0,0,Morelia,Melchor Ocampo,diciembre,domingo,22,-101.204258948565,19.7067534378713
26958,26963,2019,,2019/12/22,22:40:00,COLISIÓN POR CORTE DE CIRCULACIÓN,ASFALTO,Lluvioso,Regular,3,Chevrolet,Azul,3,,47,MASCULINO,SIN DATOS,0,0,Morelia,Cuauhtemoc,diciembre,domingo,23,-101.179091111328,19.6947643812608
26959,26964,2019,MOR190154126,2019/12/22,23:24:00,COLISIÓN POR INVASIÓN DE CARRIL,ASFALTO,Bueno,Bueno,2,NISSAN,BLANCO,2,,0,,SIN DATOS,0,0,Morelia,Sin datos,diciembre,domingo,23,-101.114759836346,19.7367960337044
26960,26965,2019,,2019/12/22,23:30:00,COLISIÓN POR INVASIÓN DE CARRIL,ADOQUIN_EMPEDRADO,Bueno,Bueno,2,CHEVROLET,VERDE,2,,17,MASCULINO,SIN DATOS,0,0,Salvador Escalante,Centro,diciembre,domingo,0,-101.644932180643,19.4051258882343
26961,26966,2019,,2019/12/23,"00:25:00",COLISIÓN POR NO RESPETAR SEMÁFORO,ASFALTO,Bueno,Bueno,2,HONDA,PLATA,2,MINISTERIO PÚBLICO,38,FEMENINO,SIN DATOS,0,0,Morelia,San Rafael,diciembre,lunes,0,-101.153862456913,19.69979817528
26962,26967,2019,,2019/12/23,"00:40:00",COLISIÓN POR CORTE DE CIRCULACIÓN,ASFALTO,Bueno,Bueno,1,NISSAN,BLANCO,1,MINISTERIO PÚBLICO,22,MASCULINO,SIN DATOS,0,0,Tarímbaro,Metropolis,diciembre,lunes,1,-101.204176638275,19.7562165573731
26963,26968,2019,,2019/12/23,"08:05:00",SALIDA DE SUPERFICIE DE RODAMIENTO,ASFALTO,Bueno,Bueno,1,NISSAN,BLANCO,2,,49,MASCULINO,SIN DATOS,1,0,Peribán,Sin datos,diciembre,lunes,8,-102.43003886193,19.4974969777346
26964,26969,2019,,2019/12/23,"09:00:00",COLISIÓN POR CORTE DE CIRCULACIÓN,ASFALTO,Bueno,Bueno,2,Chevrole,Azul y blanco,2,,19,MASCULINO,SIN DATOS,0,0,Morelia,Infonavit Cepamisa,diciembre,lunes,9,-101.216273233294,19.6964601100344
26965,26970,2019,,2019/12/23,11:15:00,COLISIÓN CONTRA OBJETO FIJO,ASFALTO,Bueno,Bueno,1,Chevrolet,gris,1,,57,MASCULINO,SIN DATOS,0,0,Morelia,Vista Bella,diciembre,lunes,11,-101.197615975999,19.6803226860442
26966,26971,2019,MOR190953298,2019/12/23,12:24:00,COLISIÓN POR MANIOBRA DE REVERSA,ASFALTO,Bueno,Bueno,2,NISSAN,NEGRO,2,,67,MASCULINO,SIN DATOS,0,0,Morelia,Chapultepec Norte,diciembre,lunes,12,-101.166021041572,19.6955225983364
26967,26972,2019,MOR190096870,2019/12/23,12:50:00,COLISIÓN POR INVASIÓN DE CARRIL,CONCRETO,Bueno,Regular,2,MERCEDES BENZ,BLANCO Y AZUL,2,,47,MASCULINO,SIN DATOS,0,0,Morelia,Nueva Valladolid,diciembre,lunes,13,-101.207894337633,19.7010658196233
26968,26973,2019,,2019/12/23,13:10:00,COLISIÓN POR CORTE DE CIRCULACIÓN,ASFALTO,Bueno,Bueno,1,CARABELA,NEGRO/GRIS,2,,29,MASCULINO,SIN DATOS,1,0,Peribán,Sin datos,diciembre,lunes,13,-102.447602301836,19.5555234693626
26969,26974,2019,,2019/12/23,13:35:00,COLISIÓN POR ALCANCE,ASFALTO,Bueno,Regular,2,FORD,BLANCO,2,,20,MASCULINO,SIN DATOS,0,0,Morelia,La Esperanza,diciembre,lunes,14,-101.253781579435,19.6978272258361
26970,26975,2019,,2019/12/23,13:40:00,COLISIÓN POR CAMBIO DE CARRIL,ASFALTO,Bueno,Bueno,2,Dodge,blanco y rojo,2,,50,MASCULINO,ALIENTO ETÍLICO,0,0,Morelia,Irrigacion,diciembre,lunes,14,-101.225012540817,19.7047121856628
26971,26976,2019,LEG28415,2019/12/23,14:00:00,COLISIÓN CON PEATÓN,ASFALTO,Bueno,Bueno,2,Kenworth,blanco,2,,28,MASCULINO,SIN DATOS,0,0,Morelia,Industrial,diciembre,lunes,14,-101.188366835336,19.7115656018526
26972,26977,2019,,2019/12/23,14:00:00,COLISIÓN POR INVASIÓN DE CARRIL,ASFALTO,Bueno,Bueno,2,NISSAN,GUINDA,2,,0,MASCULINO,SIN DATOS,0,0,Morelia,Los Manantiales de Morelia,diciembre,lunes,14,-101.241345517337,19.6953953867301
26973,26978,2019,,2019/12/23,14:55:00,COLISIÓN CON PEATÓN,ASFALTO,Bueno,Bueno,1,Chrysler,Gris,1,,,,SIN DATOS,0,0,Morelia,Sin datos,diciembre,lunes,15,-101.116582900286,19.7031368021879
26974,26979,2019,MOR1909533569,2019/12/23,15:25:00,COLISIÓN POR CORTE DE CIRCULACIÓN,CONCRETO,Bueno,Bueno,2,SUZUKI,AZUL,2,,20,MASCULINO,SIN DATOS,0,0,Morelia,Las Flores,diciembre,lunes,15,-101.205371951952,19.707720523837
26975,26980,2019,LEG28423,2019/12/23,16:00:00,COLISIÓN POR CORTE DE CIRCULACIÓN,ASFALTO,Bueno,Bueno,2,NISSAN,ROJO,2,,25,MASCULINO,SIN DATOS,0,0,Morelia,Las Americas,diciembre,lunes,16,-101.153630912304,19.6874430401779
26976,26981,2019,,2019/12/23,17:55:00,COLISIÓN POR ALCANCE,ASFALTO,Bueno,Bueno,2,VOLVO,BLANCO,2,,22,MASCULINO,SIN DATOS,0,0,Morelia,Sentimientos de La Nacion,diciembre,lunes,18,-101.236862046069,19.6848087567607
26977,26982,2019,MOR190954056,2019/12/23,18:13:00,COLISIÓN POR ALCANCE,ASFALTO,Bueno,Bueno,2,NISSAN,PLATA,2,,43,MASCULINO,SIN DATOS,0,0,Morelia,San Rafael,diciembre,lunes,18,-101.153823696077,19.699767592009
26978,26983,2019,MOR190953188,2019/12/23,19:50:00,COLISIÓN POR CAMBIO DE CARRIL,ASFALTO,Bueno,Bueno,2,MERCEDES BENZ,GRIS,2,,35,MASCULINO,SIN DATOS,0,0,Morelia,Sentimientos de La Nacion,diciembre,lunes,20,-101.233229488134,19.6782123681815
26979,26984,2019,,2019/12/23,20:10:00,VOLCADURA,ASFALTO,Bueno,Bueno,1,FORD,NEGRO/BLANCO,1,,29,MASCULINO,SIN DATOS,0,0,Tangamandapio,Sin datos,diciembre,lunes,20,-102.385534644127,19.9155073448017
26980,26985,2019,MOR190458621,2019/12/23,20:16:00,COLISIÓN POR ALCANCE,ASFALTO,Bueno,Bueno,2,DODGE,ROJO,1,,28,MASCULINO,SIN DATOS,0,0,Morelia,Loma de Los Piñones,diciembre,lunes,20,-101.205659396946,19.6737925694854
26981,26986,2019,MOR190953570,2019/12/23,20:30:00,COLISIÓN POR CAMBIO DE CARRIL,CONCRETO,Bueno,Bueno,2,MERCEDEZ BENZ,BLANCO/NARANJA,2,,58,MASCULINO,SIN DATOS,0,0,Morelia,Morelos,diciembre,lunes,21,-101.206184774637,19.7022602497068
26982,26987,2019,,2019/12/23,22:52:00,VOLCADURA,ASFALTO,Nublado,Regular,1,VOLSKWAGEN,AZUL,2,,30,MASCULINO,ALIENTO ETÍLICO,1,0,Acuitzio,Las Peñas,diciembre,lunes,23,-101.337633132935,19.5074222259614
26983,26988,2019,,2019/12/23,23:20:00,COLISIÓN POR ALCANCE,ASFALTO,Bueno,Bueno,1,YAMAHA,NEGRO,0,MINISTERIO PÚBLICO,,,,0,0,Zamora,Sin datos,diciembre,lunes,23,-102.276906428656,20.0348364387431
26984,26989,2019,,2019/12/24,10:20:00,COLISIÓN POR CORTE DE CIRCULACIÓN,ASFALTO,Bueno,Bueno,2,HYUNDAI,PLATA,2,,28,FEMENINO,SIN DATOS,0,0,Morelia,Felix Ireta,diciembre,martes,10,-101.191985791655,19.6896433883106
26985,26990,2019,MOR190955755,2019/12/24,11:40:00,COLISIÓN POR CORTE DE CIRCULACIÓN,ASFALTO,Bueno,Bueno,2,CHEVROLET,AZUL,2,,57,MASCULINO,SIN DATOS,0,0,Morelia,Vasco de Quiroga,diciembre,martes,12,-101.17159601301,19.7067499658392
26986,26991,2019,,2019/12/24,12:40:00,COLISIÓN POR CORTE DE CIRCULACIÓN,ASFALTO,Bueno,Bueno,2,FORD,BLANCO,2,,47,MASCULINO,SIN DATOS,0,0,Tuxpan,Tuxpan,diciembre,martes,13,-100.464848354459,19.5662763284537
26987,26992,2019,LEG28438,2019/12/24,12:50:00,COLISIÓN POR ALCANCE,ASFALTO,Bueno,Bueno,2,DINA,BLANCO,2,,59,MASCULINO,SIN DATOS,0,0,Morelia,Americas Britania,diciembre,martes,13,-101.149996751649,19.6918105958482
26988,26993,2019,,2019/12/24,14:00:00,COLISIÓN CONTRA OBJETO FIJO,CONCRETO,Bueno,Bueno,1,Chevrolet,Blanco,1,,0,,SIN DATOS,0,0,Morelia,Eva Samano,diciembre,martes,14,-101.201621666551,19.7314654519375
26989,26994,2019,,2019/12/24,15:00:00,COLISIÓN POR CORTE DE CIRCULACIÓN,ASFALTO,Bueno,Bueno,1,Chevrolet,BLANCO,1,,0,MASCULINO,SIN DATOS,0,0,Morelia,Martires de Uruapan,diciembre,martes,15,-101.19701717868,19.7248090618573
26990,26995,2019,MOR190956551,2019/12/24,16:50:00,COLISIÓN POR CORTE DE CIRCULACIÓN,CONCRETO,Bueno,Bueno,2,YAMAHA,AZUL,2,MINISTERIO PÚBLICO,30,MASCULINO,SIN DATOS,0,0,Morelia,3 de Agosto,diciembre,martes,17,-101.173209834579,19.7301857274056
26991,26996,2019,,2019/12/24,17:10:00,COLISIÓN POR CORTE DE CIRCULACIÓN,CONCRETO,Bueno,Bueno,2,Nissan,Rojo,2,,54,MASCULINO,SIN DATOS,0,0,Morelia,Guadalupe,diciembre,martes,17,-101.221440353158,19.7093063541783
26992,26997,2019,,2019/12/24,17:35:00,COLISIÓN POR CORTE DE CIRCULACIÓN,ASFALTO,Bueno,Bueno,1,KENWORTH,AMARILLO,1,,39,MASCULINO,SIN DATOS,0,0,Peribán,Sin datos,diciembre,martes,18,-102.445050515234,19.5527684788223