fid,id_accidente,anio_origen,folio_c5i,dia_incidente,hora_ocurrencia,tipo_incidente_vial,superficie_ocurrencia,condiciones_climaticas,condiciones_via,numero_vehiculos_involucrados,marca_vehiculo_ocasiona_siniestro,color_vehiculo_ocasiona_siniestro,numero_personas_involucradas,lugar_remite_presunto_responsable,edad_presunto_responsable,sexo_presunto_responsable,resultados_toxicologia,numero_personas_lesionadas,numero_personas_fallecidas,municipio,colonia,mes,dia_semana,hora_redondeada,lon,lat
26993,26998,2019,,2019/12/24,17:40:00,COLISIÓN POR CORTE DE CIRCULACIÓN,ASFALTO,Bueno,Bueno,2,Italika,Verde y negro,2,,0,MASCULINO,SIN DATOS,0,0,Morelia,Felipe Carrillo Puerto,diciembre,martes,18,-101.175621713078,19.7297365415316
26994,26999,2019,,2019/12/24,18:11:00,VOLCADURA,ASFALTO,Bueno,Regular,1,NISSAN,GRIS,1,,26,MASCULINO,SIN DATOS,0,0,Madero,Sin datos,diciembre,martes,18,-101.346643678844,19.3647481031816
26995,27000,2019,MOR190365147,2019/12/24,19:09:00,COLISIÓN POR ALCANCE,ASFALTO,Bueno,Bueno,2,PEUGEOT,NEGRO,2,,0,MASCULINO,SIN DATOS,0,0,Morelia,Country Club  Las Huertas,diciembre,martes,19,-101.226571910083,19.661928911442
26996,27001,2019,,2019/12/24,19:30:00,COLISIÓN POR CORTE DE CIRCULACIÓN,ASFALTO,Bueno,Bueno,5,FORD,BLANCO,6,MINISTERIO PÚBLICO,65,MASCULINO,SIN DATOS,1,0,Zamora,Chaparaco,diciembre,martes,20,-102.259664274752,19.9621178726042
26997,27002,2019,MOR190096390,2019/12/24,21:41:00,COLISIÓN POR CORTE DE CIRCULACIÓN,ASFALTO,Bueno,Regular,1,NISSAN,NARANJA,1,,0,MASCULINO,SIN DATOS,0,0,Morelia,Sin datos,diciembre,martes,22,-101.118485927582,19.6882574856948
26998,27003,2019,,2019/12/24,22:20:00,COLISIÓN POR CORTE DE CIRCULACIÓN,ASFALTO,Bueno,Bueno,2,VOLKSWAGEN CROSSFOX,BLANCO,2,,24,MASCULINO,ALIENTO ETÍLICO,0,0,Morelia,Agustin Arriaga Rivera,diciembre,martes,22,-101.21987251239,19.6950328973697
26999,27004,2019,MOR190125789,2019/12/24,22:59:00,COLISIÓN CONTRA OBJETO FIJO,ASFALTO,Bueno,Bueno,1,KENWORTH,ROJO,1,,52,MASCULINO,SIN DATOS,0,0,Morelia,Ciudad Industrial,diciembre,martes,23,-101.142799146473,19.724983091921
27000,27005,2019,,2019/12/25,"00:00:00",COLISIÓN POR CORTE DE CIRCULACIÓN,ASFALTO,Bueno,Bueno,2,JEEP,NEGRO,2,,26,FEMENINO,SIN DATOS,0,0,Morelia,Arboledas de Valladolid,diciembre,miércoles,0,-101.250227810786,19.6977808066765
27001,27006,2019,MOR190958008,2019/12/25,"02:00:00",COLISIÓN POR CORTE DE CIRCULACIÓN,CONCRETO,Bueno,Bueno,1,RENAULT,NEGRO,0,MINISTERIO PÚBLICO,,,,0,0,Morelia,El Durazno,diciembre,miércoles,2,-101.180960275233,19.6566378606034
27002,27007,2019,MOR190958355,2019/12/25,"06:30:00",SALIDA DE SUPERFICIE DE RODAMIENTO,ASFALTO,Bueno,Bueno,1,TOYOTA,BLANCO NARANJA,1,,47,MASCULINO,SIN DATOS,0,0,Morelia,Ampliacion La Soledad,diciembre,miércoles,7,-101.182925999165,19.7378699167865
27003,27008,2019,,2019/12/25,"06:45:00",COLISIÓN POR INVASIÓN DE CARRIL,ASFALTO,Bueno,Bueno,2,Chevrolet,Blanco,2,,0,MASCULINO,ALIENTO ETÍLICO,0,0,Morelia,Centro,diciembre,miércoles,7,-101.177699261319,19.7032506975597
27004,27009,2019,,2019/12/25,"07:30:00",COLISIÓN CONTRA OBJETO FIJO,ASFALTO,Bueno,Bueno,1,VOLKSWAGEN POINTER,NARANJA,1,,32,MASCULINO,SIN DATOS,0,0,Morelia,La Colina,diciembre,miércoles,8,-101.216142213523,19.7038816037238
27005,27010,2019,,2019/12/25,10:50:00,COLISIÓN POR ALCANCE,ASFALTO,Bueno,Bueno,2,IITALIKA,BLANCO,2,,,MASCULINO,SIN DATOS,0,0,Morelia,Obrera,diciembre,miércoles,11,-101.186447069049,19.7082735493918
27006,27011,2019,,2019/12/25,11:10:00,COLISIÓN CONTRA OBJETO FIJO,ASFALTO,Bueno,Bueno,1,Nissan,Azul,1,,,,SIN DATOS,0,0,Morelia,Vista Bella,diciembre,miércoles,11,-101.197584483233,19.6803655690903
27007,27012,2019,LEG28466,2019/12/25,12:50:00,COLISIÓN CONTRA OBJETO FIJO,ASFALTO,Bueno,Bueno,2,VOLKSWAGEN,NEGRO,2,,28,MASCULINO,SIN DATOS,0,0,Morelia,Ventura Puente,diciembre,miércoles,13,-101.184031702578,19.6910559268001
27008,27013,2019,LEG28463,2019/12/25,14:20:00,SUBIDA AL CAMELLÓN,ASFALTO,Bueno,Bueno,1,NISSAN,CAFÉ,1,MINISTERIO PÚBLICO,0,,SIN DATOS,0,0,Morelia,La Hacienda,diciembre,miércoles,14,-101.314943656325,19.6868795550994
27009,27014,2019,LEG28460,2019/12/25,15:00:00,COLISIÓN POR CORTE DE CIRCULACIÓN,ASFALTO,Bueno,Bueno,2,FORD,BLANCO,2,,47,MASCULINO,SIN DATOS,0,0,Morelia,Granjas del Maestro,diciembre,miércoles,15,-101.189135586153,19.7152519138064
27010,27015,2019,,2019/12/25,16:35:00,COLISIÓN POR CAMBIO DE CARRIL,ASFALTO,Bueno,Bueno,2,Mercedes Benz,Blanco morado,2,MINISTERIO PÚBLICO,50,MASCULINO,SIN DATOS,0,0,Morelia,Santiaguito,diciembre,miércoles,17,-101.188726276159,19.717992326227
27011,27016,2019,MOR190959282,2019/12/25,17:00:00,COLISIÓN CONTRA OBJETO FIJO,ASFALTO,Bueno,Bueno,1,CHEVROLET,NEGRO,1,,0,,SIN DATOS,0,0,Morelia,Sin datos,diciembre,miércoles,17,-101.354728192091,19.6784538750973
27012,27017,2019,,2019/12/25,17:55:00,VOLCADURA,ASFALTO,Bueno,Bueno,1,CHEVROLET,BLANCO,1,,24,MASCULINO,SIN DATOS,0,0,Tocumbo,Sin datos,diciembre,miércoles,18,-102.49735705001,19.6877674064986
27013,27018,2019,,2019/12/25,18:50:00,COLISIÓN POR ALCANCE,ASFALTO,Bueno,Bueno,2,FORD,Gris,3,,,MASCULINO,SIN DATOS,1,0,Morelia,Elias Perez Avalos,diciembre,miércoles,19,-101.171452179551,19.7147259715838
27014,27019,2019,,2019/12/25,19:15:00,COLISIÓN POR INVASIÓN DE CARRIL,ASFALTO,Bueno,Bueno,1,NISSAN,BLANCO,1,MINISTERIO PÚBLICO,70,MASCULINO,ALIENTO ETÍLICO,0,0,Coeneo,Sin datos,diciembre,miércoles,19,-101.629682444036,19.7914226896931
27015,27020,2019,LEG28449,2019/12/25,21:00:00,COLISIÓN POR ALCANCE,ASFALTO,Bueno,Bueno,3,HONDA,ROJO,3,,24,FEMENINO,SIN DATOS,0,0,Morelia,La Colina,diciembre,miércoles,21,-101.216137111187,19.70388551372
27016,27021,2019,MOR190959959,2019/12/25,21:25:00,COLISIÓN CONTRA OBJETO FIJO,ASFALTO,Bueno,Bueno,1,FORD,ROJO,1,,20,MASCULINO,ALIENTO ETÍLICO,0,0,Morelia,Mariano Escobedo,diciembre,miércoles,21,-101.205641292036,19.7199683926209
27017,27022,2019,,2019/12/25,21:40:00,COLISIÓN CONTRA OBJETO FIJO,CONCRETO,Bueno,Bueno,1,Chevrolet,Azul,1,MINISTERIO PÚBLICO,0,MASCULINO,ALIENTO ETÍLICO,0,0,Morelia,Arboledas de Valladolid,diciembre,miércoles,22,-101.250770529875,19.6921752694047
27018,27023,2019,MOR190970024,2019/12/25,22:20:00,COLISIÓN POR ALCANCE,ASFALTO,Bueno,Bueno,2,VW,BLANCO,2,,23,MASCULINO,SIN DATOS,0,0,Morelia,Villas del Pedregal,diciembre,miércoles,22,-101.307773776352,19.6805866968385
27019,27024,2019,,2019/12/26,"00:15:00",COLISIÓN POR CORTE DE CIRCULACIÓN,ASFALTO,Bueno,Bueno,2,NISSAN,ROJO,2,,45,MASCULINO,ALIENTO ETÍLICO,0,0,Morelia,Eduardo Ruiz,diciembre,jueves,0,-101.224052980542,19.7248552725387
27020,27025,2019,MOR190960406,2019/12/26,"03:30:00",COLISIÓN CONTRA OBJETO FIJO,ASFALTO,Bueno,Bueno,1,HONDA,AZUL,1,,0,MASCULINO,SIN DATOS,0,0,Morelia,Tanganxoan (Guadalupe Victoria),diciembre,jueves,4,-101.285690143704,19.6900262071763
27021,27026,2019,MOR190950633,2019/12/26,10:50:00,COLISIÓN CONTRA OBJETO FIJO,ASFALTO,Bueno,Bueno,1,VOLKSWAGEN,ROJO,1,MINISTERIO PÚBLICO,0,MASCULINO,SIN DATOS,0,0,Morelia,Las Aguilas,diciembre,jueves,11,-101.228884485457,19.698170090911
27022,27027,2019,,2019/12/26,11:20:00,COLISIÓN CON PEATÓN,ASFALTO,Bueno,Bueno,1,HONDA,PLATA,1,,23,FEMENINO,SIN DATOS,0,0,Morelia,Ciudad Industrial,diciembre,jueves,11,-101.147982515395,19.7215849552033
27023,27028,2019,,2019/12/26,13:35:00,COLISIÓN POR CAMBIO DE CARRIL,ASFALTO,Bueno,Bueno,2,KIA,VERDE,2,,,FEMENINO,SIN DATOS,0,0,Morelia,Sentimientos de La Nacion,diciembre,jueves,14,-101.233242228627,19.6782167879192
27024,27029,2019,MOR190961636,2019/12/26,15:50:00,COLISIÓN POR ALCANCE,ASFALTO,Bueno,Bueno,3,ISUZU,BLANCO,3,,27,MASCULINO,SIN DATOS,0,0,Morelia,Cinco de Diciembre,diciembre,jueves,16,-101.163229591071,19.6860650825106
27025,27030,2019,,2019/12/26,17:00:00,COLISIÓN POR ALCANCE,SIN_DATOS,Bueno,Bueno,2,BMW,ROJO,2,,28,MASCULINO,SIN DATOS,0,0,Salvador Escalante,Opopeo,diciembre,jueves,17,-101.605330333114,19.4160269222375
27026,27031,2019,LEG28477,2019/12/26,17:00:00,COLISIÓN POR ALCANCE,ASFALTO,Bueno,Bueno,2,MAZDA,PLATA,2,,18,MASCULINO,SIN DATOS,0,0,Morelia,Nueva Valladolid,diciembre,jueves,17,-101.207337453961,19.7021778655213
27027,27032,2019,,2019/12/26,17:15:00,COLISIÓN CON PEATÓN,SIN_DATOS,Bueno,Bueno,2,Chevrolet,Verde,1,,48,MASCULINO,SIN DATOS,0,0,Tarímbaro,Centro,diciembre,jueves,17,-101.181340162618,19.7927587135342
27028,27033,2019,,2019/12/26,17:25:00,COLISIÓN POR CORTE DE CIRCULACIÓN,ASFALTO,Bueno,Bueno,2,Chevrolet,Blanco,2,,41,MASCULINO,SIN DATOS,0,0,Morelia,Morelos,diciembre,jueves,17,-101.207707622875,19.7007432602195
27029,27034,2019,,2019/12/26,19:40:00,COLISIÓN POR INVASIÓN DE CARRIL,ASFALTO,Bueno,Bueno,2,NISSAN,BLANCO CON AZUL Y VERDE,5,,66,MASCULINO,SIN DATOS,3,0,Coeneo,Sin datos,diciembre,jueves,20,-101.641988171652,19.7883140823943
27030,27035,2019,,2019/12/26,20:00:00,COLISIÓN POR CORTE DE CIRCULACIÓN,ASFALTO,Bueno,Bueno,2,VW,BLANCO,2,,,MASCULINO,SIN DATOS,0,0,Morelia,Villa Magna,diciembre,jueves,20,-101.326395281775,19.6765647158763
27031,27036,2019,LEG28479,2019/12/26,20:51:00,COLISIÓN POR ALCANCE,ASFALTO,Bueno,Bueno,3,DODGE,PLATA,3,,27,MASCULINO,SIN DATOS,0,0,Morelia,Sentimientos de La Nacion,diciembre,jueves,21,-101.236997163471,19.6847537621694
27032,27037,2019,,2019/12/27,"08:30:00",COLISIÓN POR NO RESPETAR SEMÁFORO,ASFALTO,Bueno,Bueno,2,NISSAN NP300,AZUL,2,,54,,SIN DATOS,0,0,Morelia,Ana Maria Gallaga (Riviera Norte),diciembre,viernes,9,-101.220008544624,19.6771453136603
27033,27038,2019,MOR190963461,2019/12/27,12:05:00,COLISIÓN POR ALCANCE,ASFALTO,Bueno,Bueno,3,FORD,ROJO,3,MINISTERIO PÚBLICO,18,MASCULINO,SIN DATOS,0,0,Morelia,Santa Maria,diciembre,viernes,12,-101.201897519463,19.6778212787512
27034,27039,2019,,2019/12/27,13:00:00,COLISIÓN POR ALCANCE,ASFALTO,Bueno,Bueno,2,Mercedes Benz,Verde,2,,0,,SIN DATOS,0,0,Morelia,Clara Cordova Moran,diciembre,viernes,13,-101.180811483683,19.7374501479835
27035,27040,2019,LEG28515,2019/12/27,15:00:00,COLISIÓN POR CORTE DE CIRCULACIÓN,ASFALTO,Bueno,Bueno,2,VOLKSWAGEN,BLANCO,2,,46,MASCULINO,SIN DATOS,0,0,Morelia,Adolfo Lopez Mateos,diciembre,viernes,15,-101.22608140111,19.6978754394058
27036,27041,2019,,2019/12/27,15:50:00,COLISIÓN POR ALCANCE,ASFALTO,Bueno,Bueno,3,Nissan,Blanco,3,,46,MASCULINO,SIN DATOS,0,0,Morelia,El Lago 2,diciembre,viernes,16,-101.217734366655,19.7270474396862
27037,27042,2019,LEG28494,2019/12/27,16:20:00,COLISIÓN POR CAMBIO DE CARRIL,ADOQUIN_EMPEDRADO,Bueno,Bueno,2,CHEVROLET,BLANCO,2,,26,MASCULINO,SIN DATOS,0,0,Morelia,Centro,diciembre,viernes,16,-101.194584723562,19.6962527215561
27038,27043,2019,,2019/12/27,16:45:00,COLISIÓN POR CORTE DE CIRCULACIÓN,SIN_DATOS,Bueno,Bueno,0,,,0,,,,,0,0,Morelia,Centro,diciembre,viernes,17,-101.195000298321,19.6968019689944
27039,27044,2019,,2019/12/27,17:50:00,SALIDA DE SUPERFICIE DE RODAMIENTO,CONCRETO,Bueno,Bueno,1,FREIGHTLINER,BLANCO,2,,38,MASCULINO,SIN DATOS,1,0,Tarímbaro,Cumbres del Campreste,diciembre,viernes,18,-101.12626299262,19.7691128503902
27040,27045,2019,,2019/12/27,18:00:00,COLISIÓN POR CORTE DE CIRCULACIÓN,CONCRETO,Bueno,Bueno,2,Nissan,gris,2,,,,SIN DATOS,0,0,Morelia,Ilustres Novohispanos,diciembre,viernes,18,-101.152135994886,19.7102044286987
27041,27046,2019,MOR190458974,2019/12/27,19:35:00,COLISIÓN POR CORTE DE CIRCULACIÓN,ASFALTO,Bueno,Bueno,1,VOLKSWAGEN,BLANCO,1,,30,MASCULINO,SIN DATOS,0,0,Morelia,El Lago 2,diciembre,viernes,20,-101.215173192322,19.7267394145606
27042,27047,2019,,2019/12/27,20:50:00,COLISIÓN POR CORTE DE CIRCULACIÓN,CONCRETO,Bueno,Bueno,2,Ford,gris,1,MINISTERIO PÚBLICO,37,MASCULINO,SIN DATOS,0,0,Morelia,Centro,diciembre,viernes,21,-101.200152486563,19.7039997771448
27043,27048,2019,MOR190965116,2019/12/27,21:50:00,COLISIÓN POR ALCANCE,ASFALTO,Bueno,Bueno,2,VW,NEGRO,2,,37,MASCULINO,SIN DATOS,0,0,Morelia,Nueva Jacarndas,diciembre,viernes,22,-101.192010962949,19.6822617564983
27044,27049,2019,LEG28516,2019/12/27,22:35:00,COLISIÓN POR CAMBIO DE CARRIL,CONCRETO,Bueno,Bueno,2,BMW,ROJO,2,,23,MASCULINO,SIN DATOS,0,0,Morelia,Primaveras,diciembre,viernes,23,-101.22573338449,19.6819798346067
27045,27050,2019,,2019/12/27,23:00:00,COLISIÓN CONTRA OBJETO FIJO,CONCRETO,Bueno,Bueno,3,FORD,BLANCO,3,,52,MASCULINO,SIN DATOS,0,0,Copándaro,Centro,diciembre,viernes,23,-101.214006738314,19.8928131670509
27046,27051,2019,MOR 190965464,2019/12/28,"05:00:00",COLISIÓN POR INVASIÓN DE CARRIL,ASFALTO,Bueno,Bueno,2,FORD,PLATA,2,,24,MASCULINO,CON CERTIFICADO,0,0,Morelia,Santa Maria,diciembre,sábado,5,-101.200461611152,19.6778597358611
27047,27052,2019,MOR190966264,2019/12/28,12:30:00,COLISIÓN POR CORTE DE CIRCULACIÓN,ASFALTO,Bueno,Bueno,2,VW,PLATA,2,,24,FEMENINO,SIN DATOS,0,0,Morelia,Vista Bella,diciembre,sábado,13,-101.192188337445,19.6822292280339
27048,27053,2019,,2019/12/28,12:40:00,COLISIÓN POR ALCANCE,ASFALTO,Bueno,Bueno,2,NISSAN,BLANCO,2,MINISTERIO PÚBLICO,43,MASCULINO,SIN DATOS,0,0,Jungapeo,Jungapeo de Juarez,diciembre,sábado,13,-100.493829,19.457683
27049,27054,2019,MOR190687341,2019/12/28,14:00:00,COLISIÓN POR ALCANCE,ASFALTO,Bueno,Bueno,2,NISSAN,BLANCO,2,,35,MASCULINO,SIN DATOS,0,0,Morelia,Vicente Guerrero,diciembre,sábado,14,-101.228807531297,19.7037191687541
27050,27055,2019,,2019/12/28,15:10:00,COLISIÓN CONTRA OBJETO FIJO,ADOQUIN_EMPEDRADO,Bueno,Bueno,2,VOLKSWAGEN,GRIS,2,MINISTERIO PÚBLICO,0,FEMENINO,SIN DATOS,0,0,Pátzcuaro,Niños Heroes,diciembre,sábado,15,-101.613736724891,19.5215350324129
27051,27056,2019,,2019/12/28,15:30:00,COLISIÓN CON PEATÓN,SIN_DATOS,Bueno,Bueno,2,TOYOTA,ROJO,2,MINISTERIO PÚBLICO,62,MASCULINO,SIN DATOS,0,0,Morelia,Central de Abastos,diciembre,sábado,16,-101.171729365314,19.7161346568561
27052,27057,2019,MOR190966846,2019/12/28,15:39:00,COLISIÓN POR CAMBIO DE CARRIL,ASFALTO,Bueno,Bueno,2,CHEVROLET,GRIS PLATINO,2,,66,MASCULINO,SIN DATOS,0,0,Morelia,Nicolas Bravo(Los Ejidos),diciembre,sábado,16,-101.213881063265,19.7025430465257
27053,27058,2019,MOR190966832,2019/12/28,15:56:00,COLISIÓN CONTRA OBJETO FIJO,ASFALTO,Bueno,Bueno,1,VOLKSWAGEN,BLANCO,1,,36,FEMENINO,SIN DATOS,0,0,Morelia,Tres Puentes,diciembre,sábado,16,-101.214794330299,19.7030954525029
27054,27059,2019,,2019/12/28,16:10:00,COLISIÓN POR CORTE DE CIRCULACIÓN,ASFALTO,Bueno,Bueno,2,ITALIKA,NEGRA/ROJA,2,,22,MASCULINO,SIN DATOS,0,0,Morelia,El Realito,diciembre,sábado,16,-101.205191351473,19.72583648093
27055,27060,2019,MOR190967512,2019/12/28,19:40:00,COLISIÓN POR ALCANCE,ASFALTO,Bueno,Bueno,2,RENAULT,GRIS OBSCURO,2,,38,FEMENINO,ALIENTO ETÍLICO,0,0,Morelia,Ventura Puente,diciembre,sábado,20,-101.190681103617,19.6929846603286
27056,27061,2019,,2019/12/28,20:10:00,COLISIÓN CON PEATÓN,ASFALTO,Bueno,Bueno,1,CHEVROLET TRACKER,PLATA,2,,,,,2,0,Morelia,Tres Puentes,diciembre,sábado,20,-101.216148355381,19.7037884907819
27057,27062,2019,MOR190967963,2019/12/28,21:30:00,COLISIÓN CONTRA OBJETO FIJO,ASFALTO,Nublado,Bueno,1,FORD,GRIS,1,MINISTERIO PÚBLICO,0,FEMENINO,SIN DATOS,0,0,Morelia,Las Americas,diciembre,sábado,22,-101.158950792579,19.6880196853624
27058,27063,2019,MOR190396724,2019/12/28,22:00:00,COLISIÓN POR CORTE DE CIRCULACIÓN,ASFALTO,Bueno,Bueno,1,VOLKSWAGUEN,AZUL,1,,61,MASCULINO,ALIENTO ETÍLICO,0,0,Morelia,Jardines de La Loma,diciembre,sábado,22,-101.225630322429,19.6768447692106
27059,27064,2019,,2019/12/28,22:35:00,COLISIÓN POR CORTE DE CIRCULACIÓN,TERRACERIA,Nublado,Regular,2,TOYOTA,GRIS,2,,23,MASCULINO,ALIENTO ETÍLICO,0,0,Acuitzio,Sin datos,diciembre,sábado,23,-101.32516220212,19.5042296524482
27060,27065,2019,,2019/12/28,23:30:00,VOLCADURA,CONCRETO,Bueno,Bueno,0,,,0,,,,,0,0,Morelia,Cundagua,diciembre,sábado,0,-101.168410515522,19.6807547216546
27061,27066,2019,MOR190968169,2019/12/28,23:30:00,VOLCADURA,ASFALTO,Bueno,Bueno,1,CHEVROLET,ROJO,1,,0,MASCULINO,SIN DATOS,0,0,Morelia,Villas Lomas del Paraiso,diciembre,sábado,0,-101.166744232178,19.6725142778352
27062,27067,2019,,2019/12/28,23:35:00,COLISIÓN CONTRA OBJETO FIJO,ASFALTO,Bueno,Bueno,1,DODGE,VERDE,1,,19,MASCULINO,SIN DATOS,0,0,Copándaro,Sin datos,diciembre,sábado,0,-101.149181462824,19.9124155852072
27063,27068,2019,,2019/12/29,"00:00:00",COLISIÓN CONTRA OBJETO FIJO,ADOQUIN_EMPEDRADO,Nublado,Bueno,2,CHRYSLER,BLANCO,2,,0,MASCULINO,SIN DATOS,0,0,Cuitzeo,Centro,diciembre,domingo,0,-101.143519990146,19.9714319614974
27064,27069,2019,,2019/12/29,"02:25:00",SALIDA DE SUPERFICIE DE RODAMIENTO,ASFALTO,Bueno,Bueno,1,Volkswagen,Negro,1,MINISTERIO PÚBLICO,0,,SIN DATOS,0,0,Tarímbaro,De La Cruz,diciembre,domingo,2,-101.162647674438,19.7972259072455
27065,27070,2019,,2019/12/29,"03:45:00",VOLCADURA,ASFALTO,Bueno,Bueno,1,FORD,NARANJA,1,,28,MASCULINO,SIN DATOS,0,0,Tangamandapio,Sin datos,diciembre,domingo,4,-102.388390190899,19.9057202432904
27067,27072,2019,LEG28529,2019/12/29,11:09:00,COLISIÓN POR CORTE DE CIRCULACIÓN,ASFALTO,Bueno,Bueno,1,CHEVROLET,NEGRO,2,,44,MASCULINO,SIN DATOS,0,0,Morelia,Villas de La Loma,diciembre,domingo,11,-101.297880915925,19.6900334676382
27068,27073,2019,MOR190969630,2019/12/29,14:50:00,COLISIÓN CONTRA OBJETO FIJO,ASFALTO,Bueno,Bueno,1,ITALIKA,BLANCO CON AMARILLO,1,,,,,1,0,Morelia,Lomas de Morelia (Dr Ignacio Chavez),diciembre,domingo,15,-101.174412332475,19.7163833021994
27069,27074,2019,,2019/12/29,15:25:00,COLISIÓN POR CORTE DE CIRCULACIÓN,ASFALTO,Nublado,Bueno,2,TOYOTA,BLANCO/GRIS,2,,,MASCULINO,SIN DATOS,0,0,Morelia,Lindavista,diciembre,domingo,15,-101.216158568859,19.7039076088638
27070,27075,2019,,2019/12/29,17:00:00,COLISIÓN POR CORTE DE CIRCULACIÓN,SIN_DATOS,Bueno,Bueno,2,Volkswagen,Verde,2,,,,SIN DATOS,0,0,Morelia,Indeco El Vivero,diciembre,domingo,17,-101.231880337,19.6777179881833
27071,27076,2019,,2019/12/29,17:30:00,COLISIÓN POR CORTE DE CIRCULACIÓN,ASFALTO,Bueno,Bueno,2,NISSAN,AZUL,2,,21,MASCULINO,SIN DATOS,0,0,Salvador Escalante,Centro,diciembre,domingo,18,-101.642128229141,19.4061982208841
27072,27077,2019,LEG28528,2019/12/29,18:00:00,COLISIÓN POR INVASIÓN DE CARRIL,ASFALTO,Bueno,Bueno,2,GMC,ROJO,2,MINISTERIO PÚBLICO,0,MASCULINO,ALIENTO ETÍLICO,0,0,Tarímbaro,Galaxias Tarimbaro,diciembre,domingo,18,-101.195187047124,19.7626433782859
27073,27078,2019,MOR190970267,2019/12/29,19:18:00,COLISIÓN POR CORTE DE CIRCULACIÓN,ASFALTO,Bueno,Bueno,2,ITALIKA,NEGRO/ROJO,2,,19,MASCULINO,SIN DATOS,0,0,Morelia,Ejidal Tres Puentes,diciembre,domingo,19,-101.226755641401,19.6924464481544
27074,27079,2019,MOR190970391,2019/12/29,20:00:00,COLISIÓN POR CAMBIO DE CARRIL,ASFALTO,Bueno,Regular,2,FORD,GRIS,2,,24,MASCULINO,SIN DATOS,0,0,Morelia,3 de Agosto,diciembre,domingo,20,-101.171920225024,19.7308449998442
27075,27080,2019,,2019/12/29,20:30:00,COLISIÓN CON PEATÓN,SIN_DATOS,Bueno,Bueno,1,BUICK,Arena,1,,,,SIN DATOS,0,0,Tarímbaro,Centro,diciembre,domingo,21,-101.086992770433,19.7911558002772
27076,27081,2019,MOR190915430,2019/12/29,21:19:00,COLISIÓN CONTRA OBJETO FIJO,ASFALTO,Bueno,Bueno,2,GENERAL MOTORS,PLATA,2,,0,MASCULINO,ALIENTO ETÍLICO,0,0,Morelia,Chapultepec Sur,diciembre,domingo,21,-101.173758544028,19.6906783847517
27077,27082,2019,MOR190970733,2019/12/29,22:10:00,VOLCADURA,CONCRETO,Bueno,Bueno,1,NISSAN,BLANCO,1,,0,MASCULINO,SIN DATOS,0,0,Morelia,Lomas de Vista Bella,diciembre,domingo,22,-101.196155995131,19.6700375390166
27078,27083,2019,,2019/12/29,22:40:00,COLISIÓN CON PEATÓN,ASFALTO,Bueno,Bueno,1,TOYOTA YARYS,GRIS,1,MINISTERIO PÚBLICO,41,MASCULINO,SIN DATOS,0,0,Angamacutiro,Sin datos,diciembre,domingo,23,-101.701169013977,20.0799883390633
27079,27084,2019,,2019/12/30,"00:00:00",COLISIÓN POR CORTE DE CIRCULACIÓN,SIN_DATOS,Bueno,Bueno,2,NISSAN,ROJO,2,,28,MASCULINO,SIN DATOS,0,0,Morelia,Felix Ireta,diciembre,lunes,0,-101.190826613456,19.6853794439812
27080,27085,2019,MOR190798345,2019/12/30,"01:10:00",COLISIÓN CONTRA OBJETO FIJO,ASFALTO,Bueno,Bueno,1,Ford,BLANCO,0,,,,,0,0,Morelia,Los Angeles,diciembre,lunes,1,-101.176208741963,19.7422336673603
27081,27086,2019,,2019/12/30,"02:05:00",COLISIÓN POR NO RESPETAR SEMÁFORO,CONCRETO,Bueno,Bueno,2,Mazda,blanco,2,,36,MASCULINO,SIN DATOS,0,0,Morelia,Centro,diciembre,lunes,2,-101.190463006496,19.7047292304002
27083,27088,2019,,2019/12/30,"08:50:00",COLISIÓN POR ALCANCE,ASFALTO,Bueno,Bueno,3,NISSAN,ROJO,3,,,MASCULINO,SIN DATOS,0,0,Morelia,Alberto Oviedo Mota,diciembre,lunes,9,-101.20215408504,19.6774363866339
27084,27089,2019,,2019/12/30,10:20:00,COLISIÓN POR ALCANCE,ASFALTO,Bueno,Bueno,3,Chevrolet,Roja,3,MINISTERIO PÚBLICO,29,MASCULINO,SIN DATOS,0,0,Morelia,Alberto Oviedo Mota,diciembre,lunes,10,-101.196518093348,19.6812767956022
27085,27090,2019,MOR190765098,2019/12/30,10:28:00,COLISIÓN POR ALCANCE,ASFALTO,Bueno,Bueno,4,DODGE,ROJO,4,,0,MASCULINO,SIN DATOS,0,0,Morelia,Alberto Oviedo Mota,diciembre,lunes,10,-101.202128939331,19.6774992103409
27086,27091,2019,LEG28561,2019/12/30,11:15:00,COLISIÓN POR ALCANCE,ASFALTO,Bueno,Bueno,2,NISSAN,BLANCO,2,,0,MASCULINO,SIN DATOS,0,0,Morelia,Independencia,diciembre,lunes,11,-101.17782946676,19.7192828793032
27087,27092,2019,MOR190971592,2019/12/30,11:30:00,COLISIÓN POR CORTE DE CIRCULACIÓN,ASFALTO,Bueno,Bueno,2,NISSAN,BLANCO,2,,32,MASCULINO,SIN DATOS,0,0,Morelia,Los Manantiales de Morelia,diciembre,lunes,12,-101.239327520374,19.6932320579708
27088,27093,2019,MOR190971788,2019/12/30,12:15:00,COLISIÓN POR CAMBIO DE CARRIL,ASFALTO,Bueno,Bueno,2,CHEVROLET,PLATA,2,MINISTERIO PÚBLICO,51,MASCULINO,SIN DATOS,0,0,Tarímbaro,El Trebol,diciembre,lunes,12,-101.153740882874,19.7672487707383