fid,id_accidente,anio_origen,folio_c5i,dia_incidente,hora_ocurrencia,tipo_incidente_vial,superficie_ocurrencia,condiciones_climaticas,condiciones_via,numero_vehiculos_involucrados,marca_vehiculo_ocasiona_siniestro,color_vehiculo_ocasiona_siniestro,numero_personas_involucradas,lugar_remite_presunto_responsable,edad_presunto_responsable,sexo_presunto_responsable,resultados_toxicologia,numero_personas_lesionadas,numero_personas_fallecidas,municipio,colonia,mes,dia_semana,hora_redondeada,lon,lat
27089,27094,2019,,2019/12/30,13:40:00,COLISIÓN POR ALCANCE,ASFALTO,Bueno,Bueno,2,DODGE,BLANCO,2,,,FEMENINO,SIN DATOS,0,0,Morelia,Vasco de Quiroga,diciembre,lunes,14,-101.167461723089,19.6982663039588
27090,27095,2019,,2019/12/30,14:15:00,COLISIÓN POR CORTE DE CIRCULACIÓN,ASFALTO,Bueno,Bueno,2,HONDA CBR,BCO/MORADO,2,MINISTERIO PÚBLICO,47,MASCULINO,SIN DATOS,0,0,Morelia,Quinceo,diciembre,lunes,14,-101.224232017994,19.7253659182495
27091,27096,2019,,2019/12/30,14:50:00,COLISIÓN POR CAMBIO DE CARRIL,ASFALTO,Bueno,Bueno,2,KEENWORTH,BLANCO,2,,42,MASCULINO,SIN DATOS,0,0,Morelia,Industrial,diciembre,lunes,15,-101.188652515411,19.7108794212444
27092,27097,2019,,2019/12/30,15:35:00,COLISIÓN POR CAMBIO DE CARRIL,ASFALTO,Bueno,Bueno,2,FREIGHTLINER,BLANCO Y ANARANJADO,2,,20,MASCULINO,SIN DATOS,0,0,Morelia,La Colina,diciembre,lunes,16,-101.21614381671,19.7038883545244
27093,27098,2019,LEG28552,2019/12/30,16:10:00,COLISIÓN CONTRA OBJETO FIJO,ASFALTO,Bueno,Bueno,2,VENTO,NEGRO/VERDE,1,,0,,SIN DATOS,0,0,Tarímbaro,Sin datos,diciembre,lunes,16,-101.135881058872,19.7748743846355
27094,27099,2019,MOR190972315,2019/12/30,17:30:00,COLISIÓN POR ALCANCE,ASFALTO,Bueno,Bueno,3,DODGE,BLANCO,3,,37,MASCULINO,SIN DATOS,0,0,Morelia,San Pascual,diciembre,lunes,18,-101.267706267536,19.6952492353056
27095,27100,2019,MOR190972533,2019/12/30,18:40:00,COLISIÓN POR MANIOBRA DE REVERSA,ASFALTO,Bueno,Bueno,2,VW,ROJO,2,,58,FEMENINO,SIN DATOS,0,0,Morelia,Rinconada del Valle,diciembre,lunes,19,-101.219138503075,19.6783585351557
27096,27101,2019,LEG28563,2019/12/30,18:42:00,COLISIÓN POR ALCANCE,ASFALTO,Bueno,Bueno,2,SEAT,BLANCO,2,,29,FEMENINO,SIN DATOS,0,0,Morelia,Tierra Y Libertad,diciembre,lunes,19,-101.230051405728,19.7160174978906
27097,27102,2019,LEG28562,2019/12/30,19:15:00,COLISIÓN POR ALCANCE,ASFALTO,Bueno,Bueno,2,NISSAN,BLANCO,2,,0,FEMENINO,SIN DATOS,0,0,Morelia,La Camelina,diciembre,lunes,19,-101.223084032536,19.6691930081073
27098,27103,2019,,2019/12/30,23:00:00,COLISIÓN POR ALCANCE,ASFALTO,Bueno,Bueno,2,FORD,PLATA,2,,,FEMENINO,SIN DATOS,0,0,Morelia,Centro,diciembre,lunes,23,-101.185901239514,19.7029022767335
27099,27104,2019,,2019/12/31,"00:00:00",COLISIÓN POR CORTE DE CIRCULACIÓN,CONCRETO,Bueno,Bueno,1,Hyundai,blanco,0,,,,,0,0,Morelia,Chapultepec Sur,diciembre,martes,0,-101.169851571321,19.6906929056162
27100,27105,2019,,2019/12/31,"00:00:00",COLISIÓN POR CORTE DE CIRCULACIÓN,SIN_DATOS,Bueno,Bueno,1,Dodge,Blanco,2,,18,MASCULINO,SIN DATOS,0,0,Morelia,Centro,diciembre,martes,0,-101.186159737408,19.7028915447395
27101,27106,2019,,2019/12/31,"01:45:00",COLISIÓN CONTRA OBJETO FIJO,ASFALTO,Bueno,Bueno,1,Fiat,Azul,1,,17,MASCULINO,SIN DATOS,0,0,Morelia,Alberto Oviedo Mota,diciembre,martes,2,-101.197308003902,19.6810908543707
27102,27107,2019,"190973515",2019/12/31,"08:10:00",COLISIÓN POR ALCANCE,ASFALTO,Bueno,Bueno,2,NISSAN,BLANCO Y ROJO,2,,44,MASCULINO,SIN DATOS,0,0,Morelia,Primo Tapia,diciembre,martes,8,-101.21179562062,19.7090825231172
27103,27108,2019,,2019/12/31,"08:30:00",COLISIÓN CONTRA OBJETO FIJO,ASFALTO,Bueno,Regular,2,VOLKSWAGEN,BLANCO,1,,0,,SIN DATOS,0,0,Morelia,Ignacio Zaragoza,diciembre,martes,9,-101.20759896934,19.7257743074025
27104,27109,2019,LEG28593,2019/12/31,12:56:00,COLISIÓN POR NO RESPETAR SEMÁFORO,ASFALTO,Bueno,Bueno,2,DINA,GOLDEN,2,,31,MASCULINO,SIN DATOS,0,0,Morelia,Sentimientos de La Nacion,diciembre,martes,13,-101.233226805925,19.6782114210949
27105,27110,2019,"190974197",2019/12/31,14:00:00,COLISIÓN POR CORTE DE CIRCULACIÓN,ASFALTO,Bueno,Bueno,2,ITALIKA,NEGRO,2,,54,MASCULINO,SIN DATOS,0,0,Morelia,Jardines del Rincon,diciembre,martes,14,-101.150440424681,19.6908078098017
27106,27111,2019,,2019/12/31,15:00:00,COLISIÓN CONTRA OBJETO FIJO,ASFALTO,Bueno,Bueno,1,CHEVROLET,BLANCO,1,,,,SIN DATOS,0,0,Lázaro Cárdenas,Sin datos,diciembre,martes,15,-102.224178314209,17.9339888897554
27107,27112,2019,LEG28575,2019/12/31,15:40:00,COLISIÓN POR ALCANCE,ASFALTO,Bueno,Bueno,2,NISSAN,TITANIO,2,,36,MASCULINO,SIN DATOS,0,0,Morelia,Americas Britania,diciembre,martes,16,-101.149549492665,19.6932721348898
27108,27113,2019,LEG28591,2019/12/31,15:45:00,COLISIÓN POR CAMBIO DE CARRIL,ASFALTO,Bueno,Bueno,2,CHEVROLET,BLANCO Y ROJO,2,,40,MASCULINO,SIN DATOS,0,0,Morelia,Real Punhuato,diciembre,martes,16,-101.149681359529,19.6966895943845
27109,27114,2019,,2019/12/31,20:00:00,COLISIÓN POR ALCANCE,ASFALTO,Bueno,Regular,3,MAZDA,BLANCO,3,,34,MASCULINO,SIN DATOS,0,0,Morelia,Mariano Michelena,diciembre,martes,20,-101.230039671063,19.6769268507339
27110,27115,2019,LEG28576,2019/12/31,20:09:00,SUBIDA AL CAMELLÓN,ASFALTO,Bueno,Bueno,1,BUICK,BLANCO,1,,62,MASCULINO,SIN DATOS,0,0,Morelia,Nueva Chapultepec,diciembre,martes,20,-101.169224604964,19.6894425280906
27111,27116,2019,LEG28592,2019/12/31,22:30:00,COLISIÓN POR CAMBIO DE CARRIL,CONCRETO,Bueno,Bueno,2,NISSAN,BLANCO,1,,31,MASCULINO,SIN DATOS,0,0,Morelia,Obrera,diciembre,martes,23,-101.183569394052,19.7090162398211
27112,27117,2020,MOR190758675,2020/01/01,"00:00:00",COLISIÓN POR CAMBIO DE CARRIL,ASFALTO,Bueno,Bueno,2,VOLKSWAGEN,GRIS,2,,37,MASCULINO,ALIENTO ETÍLICO,0,0,Morelia,Lomas del Valle,enero,miércoles,0,-101.230637468398,19.6877880751604
27113,27118,2020,LEG28580,2020/01/01,"01:00:00",COLISIÓN POR ALCANCE,CONCRETO,Bueno,Bueno,3,NISSAN,BLANCO CON ROSA,3,,0,MASCULINO,SIN DATOS,0,0,Morelia,Fidel Velazquez,enero,miércoles,1,-101.236279159784,19.7075993488889
27114,27119,2020,MOR2000000351,2020/01/01,"04:10:00",SUBIDA AL CAMELLÓN,ASFALTO,Bueno,Bueno,1,CHEVROLET,BLANCO,1,,0,,SIN DATOS,0,0,Morelia,Eduardo Ruiz,enero,miércoles,4,-101.22405230999,19.7248540101245
27115,27120,2020,,2020/01/01,"05:30:00",COLISIÓN CONTRA OBJETO FIJO,TERRACERIA,Bueno,Bueno,1,ISUZU RODEO,VERDE,0,MINISTERIO PÚBLICO,,,,0,0,Zacapu,Villa Guzman,enero,miércoles,6,-101.781666964027,19.8065535782014
27116,27121,2020,MOR200000397,2020/01/01,"06:06:00",COLISIÓN POR ALCANCE,ASFALTO,Bueno,Bueno,2,NISSAN,BLANCO/AZUL,2,MINISTERIO PÚBLICO,28,MASCULINO,SIN DATOS,0,0,Morelia,Centro,enero,miércoles,6,-101.201579004442,19.6989491744242
27117,27122,2020,MOR 200000447,2020/01/01,"07:00:00",COLISIÓN POR CORTE DE CIRCULACIÓN,CONCRETO,Bueno,Regular,2,PEGEOT,GRIS,4,,0,MASCULINO,SIN DATOS,2,0,Morelia,Villa Universidad,enero,miércoles,7,-101.200397908688,19.6902092969865
27118,27123,2020,LEG28595,2020/01/01,"08:09:00",COLISIÓN POR INVASIÓN DE CARRIL,CONCRETO,Bueno,Bueno,1,PONTIAC,ROJO,1,,0,MASCULINO,SIN DATOS,0,0,Morelia,Santa Maria de Guido,enero,miércoles,8,-101.188536509871,19.6763772194241
27119,27124,2020,,2020/01/01,"09:00:00",COLISIÓN CONTRA OBJETO FIJO,SIN_DATOS,Bueno,Bueno,1,NISSAN,GRIS,1,MINISTERIO PÚBLICO,,MASCULINO,SIN DATOS,0,0,Morelia,Ampliacion La Soledad,enero,miércoles,9,-101.183554405,19.7349146049992
27120,27125,2020,,2020/01/01,11:10:00,SUBIDA AL CAMELLÓN,ASFALTO,Bueno,Bueno,1,NISSAN,BLANCO,1,,29,MASCULINO,SIN DATOS,0,0,Morelia,San Guillermo,enero,miércoles,11,-101.17862675339,19.7385711291802
27121,27126,2020,,2020/01/01,14:40:00,COLISIÓN POR CAMBIO DE CARRIL,ASFALTO,Bueno,Bueno,2,CHRYSLER,AZUL,2,,68,MASCULINO,SIN DATOS,0,0,Morelia,Sentimientos de La Nacion,enero,miércoles,15,-101.236870922148,19.6848036400221
27122,27127,2020,,2020/01/01,15:00:00,COLISIÓN CONTRA OBJETO FIJO,ASFALTO,Bueno,Bueno,1,JEEP,BLANCO,0,,,,,0,0,Tarímbaro,Metropolis,enero,miércoles,15,-101.204363889992,19.758130620961
27123,27128,2020,,2020/01/01,15:30:00,VOLCADURA,TERRACERIA,Bueno,Bueno,1,CHEVROLET,BLANCO,6,MINISTERIO PÚBLICO,0,,SIN DATOS,5,0,Morelia,Sin datos,enero,miércoles,16,-101.188201904297,19.5740239703076
27124,27129,2020,,2020/01/01,15:30:00,COLISIÓN POR CAMBIO DE CARRIL,ASFALTO,Bueno,Bueno,2,NISSAN,GRIS,3,MINISTERIO PÚBLICO,,,SIN DATOS,0,1,Juárez,Sin datos,enero,miércoles,16,-100.411728210747,19.3322957352488
27125,27130,2020,"200001855",2020/01/01,16:21:00,COLISIÓN CONTRA OBJETO FIJO,SIN_DATOS,Bueno,Bueno,1,SUZUKI,GRIS,0,,,,,0,0,Morelia,Vistas de Altozano,enero,miércoles,16,-101.167,19.6551
27126,27131,2020,,2020/01/01,17:20:00,COLISIÓN POR CORTE DE CIRCULACIÓN,ASFALTO,Bueno,Bueno,2,CHEVROLET,BLANCO,2,,27,MASCULINO,SIN DATOS,0,0,Morelia,Melchor Ocampo,enero,miércoles,17,-101.201937888211,19.7065671597378
27127,27132,2020,,2020/01/01,17:30:00,COLISIÓN POR CAMBIO DE CARRIL,ASFALTO,Bueno,Bueno,2,FORD,BLANCO,2,,40,MASCULINO,SIN DATOS,0,0,Morelia,El Lago 2,enero,miércoles,18,-101.2163419649,19.7268871152072
27128,27133,2020,"200001852",2020/01/01,17:40:00,COLISIÓN POR NO RESPETAR SEMÁFORO,ASFALTO,Bueno,Bueno,2,NISSAN,BLANCO,2,,39,MASCULINO,SIN DATOS,0,0,Morelia,Comision Federal de Electricidad,enero,miércoles,18,-101.181339472532,19.6815145096297
27129,27134,2020,,2020/01/01,18:20:00,COLISIÓN POR INVASIÓN DE CARRIL,ASFALTO,Lluvioso,Regular,2,MITSUBISHI,CAFE,5,MINISTERIO PÚBLICO,,,,5,0,Hidalgo,Sin datos,enero,miércoles,18,-100.572312369275,19.6629875139745
27130,27135,2020,,2020/01/01,20:00:00,COLISIÓN POR CORTE DE CIRCULACIÓN,ASFALTO,Bueno,Bueno,1,MERCEDES BENZ,NEGRO,0,,,,,0,0,Pátzcuaro,Centro,enero,miércoles,20,-101.609701663256,19.5421398405694
27131,27136,2020,,2020/01/01,20:12:00,COLISIÓN POR CORTE DE CIRCULACIÓN,ASFALTO,Bueno,Bueno,2,NISSAN,CAFE,0,,,,,0,0,Morelia,Zimpanio Norte,enero,miércoles,20,-101.220798564809,19.6575793886823
27132,27137,2020,"200002852",2020/01/01,22:50:00,SALIDA DE SUPERFICIE DE RODAMIENTO,ASFALTO,Bueno,Bueno,1,FORD,AZUL Y GRIS,0,,,,,0,0,Morelia,Sin datos,enero,miércoles,23,-101.348794810474,19.543798004773
27133,27138,2020,"200002821",2020/01/01,23:30:00,COLISIÓN POR ALCANCE,ASFALTO,Bueno,Regular,2,VOLKSWAGEN,NEGRO,2,,41,MASCULINO,ALIENTO ETÍLICO,0,0,Morelia,Francisco J Mujica,enero,miércoles,0,-101.189900077879,19.7222676181701
27134,27139,2020,,2020/01/02,"00:50:00",COLISIÓN CONTRA OBJETO FIJO,ASFALTO,Bueno,Bueno,1,VOLKSWAGEN,GRIS,1,,38,MASCULINO,SIN DATOS,0,0,Morelia,Centro,enero,jueves,1,-101.203463338315,19.7015607719017
27135,27140,2020,,2020/01/02,"08:40:00",COLISIÓN CONTRA OBJETO FIJO,ASFALTO,Bueno,Bueno,2,HYUNDAI,GRIS,2,,,FEMENINO,SIN DATOS,0,0,Morelia,Martires de Uruapan,enero,jueves,9,-101.202577874064,19.725522457028
27136,27141,2020,MOR200003444,2020/01/02,10:45:00,COLISIÓN POR CORTE DE CIRCULACIÓN,ASFALTO,Bueno,Bueno,2,NISSAN,BLANCO,2,,28,MASCULINO,SIN DATOS,0,0,Morelia,Santiaguito,enero,jueves,11,-101.188636086881,19.7196035433574
27137,27142,2020,,2020/01/02,11:30:00,COLISIÓN POR ALCANCE,ASFALTO,Lluvioso,Bueno,3,NISSAN,BLANCO POLAR,3,,35,MASCULINO,SIN DATOS,0,0,Salvador Escalante,Cuirinditzio,enero,jueves,12,-101.627174578607,19.4097067325903
27138,27143,2020,,2020/01/02,12:21:00,SALIDA DE SUPERFICIE DE RODAMIENTO,CONCRETO,Nublado,Bueno,1,MERCEDES BENZ,BLANCO,1,,39,MASCULINO,SIN DATOS,0,0,Santa Ana Maya,Centro,enero,jueves,12,-101.020872294903,20.0074399786486
27139,27144,2020,,2020/01/02,12:45:00,CAIDA DE MOTOCICLETA,ASFALTO,Nublado,Regular,1,ITALIKA,GRIS,1,,24,,SIN DATOS,0,0,Morelia,Molino de Parras,enero,jueves,13,-101.205358654261,19.7023158037697
27140,27145,2020,,2020/01/02,16:30:00,COLISIÓN POR CORTE DE CIRCULACIÓN,TERRACERIA,Bueno,Regular,1,NISSAN,BLANCO,0,MINISTERIO PÚBLICO,,,,0,0,Pátzcuaro,Michoacan Seccion-A,enero,jueves,17,-101.597847640514,19.5138349935193
27141,27146,2020,MOR200104853,2020/01/02,18:30:00,COLISIÓN POR MANIOBRA DE REVERSA,CONCRETO,Bueno,Bueno,2,VOLKSWAGEN,NEGRO,2,,35,MASCULINO,SIN DATOS,0,0,Morelia,Jacarandas,enero,jueves,19,-101.2092714,19.7065851249992
27142,27147,2020,MOR190345758,2020/01/02,20:20:00,VOLCADURA,ASFALTO,Bueno,Bueno,1,HONDA,PLATA,1,,42,,SIN DATOS,0,0,Morelia,Sin datos,enero,jueves,20,-101.124340184033,19.7176587186136
27143,27148,2020,MOR20005066,2020/01/02,20:31:00,COLISIÓN POR CORTE DE CIRCULACIÓN,CONCRETO,Bueno,Bueno,2,BMW,BLANCO,2,,53,FEMENINO,SIN DATOS,0,0,Morelia,Nueva Chapultepec,enero,jueves,21,-101.172535456717,19.6888077075889
27144,27149,2020,MOR200005594,2020/01/03,"03:10:00",CAIDA ACUATICA DE VEHÍCULO,ASFALTO,Bueno,Regular,1,VW,GRIS,0,,,,,0,0,Morelia,Sin datos,enero,viernes,3,-101.24208714813,19.6839718143095
27145,27150,2020,,2020/01/03,"04:40:00",COLISIÓN CONTRA OBJETO FIJO,ASFALTO,Bueno,Bueno,1,SEAT,NEGRO,0,,,,,0,0,Morelia,Centro,enero,viernes,5,-101.195263154805,19.7010465780091
27146,27151,2020,MOR190724539,2020/01/03,"08:20:00",COLISIÓN POR CORTE DE CIRCULACIÓN,CONCRETO,Bueno,Bueno,2,ITALIKA,ROJO,2,,24,MASCULINO,SIN DATOS,0,0,Morelia,Sin datos,enero,viernes,8,-101.167700104415,19.6557398990977
27147,27152,2020,MOR20005818,2020/01/03,"09:30:00",COLISIÓN POR ALCANCE,ASFALTO,Bueno,Bueno,2,FORD,BLANCO,2,,39,MASCULINO,SIN DATOS,0,0,Morelia,Independencia,enero,viernes,10,-101.177907586098,19.7193418992119
27148,27153,2020,MOR190379356,2020/01/03,11:54:00,SALIDA DE SUPERFICIE DE RODAMIENTO,ASFALTO,Bueno,Bueno,1,CHEVROLET,BLANCO,0,MINISTERIO PÚBLICO,,,,0,0,Tzitzio,Tzitzio,enero,viernes,12,-100.922709,19.584913
27149,27154,2020,LEG28619,2020/01/03,12:36:00,COLISIÓN POR CORTE DE CIRCULACIÓN,CONCRETO,Bueno,Bueno,3,CHEVROLET,ROJO,2,MINISTERIO PÚBLICO,22,MASCULINO,SIN DATOS,1,0,Morelia,Tenencia Morelos,enero,viernes,13,-101.243929623155,19.6466055443724
27150,27155,2020,,2020/01/03,13:40:00,COLISIÓN POR MANIOBRA DE REVERSA,CONCRETO,Bueno,Bueno,2,TOYOTA,GRIS,2,,42,FEMENINO,SIN DATOS,0,0,Morelia,La Loma,enero,viernes,14,-101.181507781148,19.6798407175668
27151,27156,2020,,2020/01/03,13:50:00,COLISIÓN POR ALCANCE,ASFALTO,Bueno,Regular,2,FORD,AZUL PROFUNDO,2,,29,MASCULINO,SIN DATOS,0,0,Madero,Sin datos,enero,viernes,14,-101.31928447634,19.2451925825765
27152,27157,2020,,2020/01/03,16:00:00,COLISIÓN CON PEATÓN,SIN_DATOS,Bueno,Bueno,2,STERLING,BLANCO,2,,26,MASCULINO,SIN DATOS,0,0,Morelia,Isaac Arriaga,enero,viernes,16,-101.166257411242,19.7101149608164
27153,27158,2020,MOR200006914,2020/01/03,17:00:00,COLISIÓN POR ALCANCE,ASFALTO,Bueno,Bueno,2,JEEP,PLATA,2,,40,FEMENINO,SIN DATOS,0,0,Morelia,La Colina,enero,viernes,17,-101.21613945812,19.7038820416257
27154,27159,2020,,2020/01/03,17:20:00,SUBIDA AL CAMELLÓN,ASFALTO,Bueno,Bueno,1,CHEVROLET,PLATA,1,,45,MASCULINO,SIN DATOS,0,0,Morelia,Comision Federal de Electricidad,enero,viernes,17,-101.181277446449,19.6815167194531
27155,27160,2020,,2020/01/03,17:55:00,COLISIÓN POR CORTE DE CIRCULACIÓN,SIN_DATOS,Bueno,Bueno,2,Chevrolet,Blanco,2,,0,MASCULINO,SIN DATOS,0,0,Morelia,Isaac Arriaga,enero,viernes,18,-101.175188831985,19.706049245101
27156,27161,2020,,2020/01/03,18:50:00,COLISIÓN POR CAMBIO DE CARRIL,ASFALTO,Bueno,Bueno,2,Nissan,Gris,2,,0,MASCULINO,SIN DATOS,0,0,Morelia,Enrique Arreguin Robles,enero,viernes,19,-101.183190867305,19.7236165238457
27157,27162,2020,,2020/01/03,18:50:00,COLISIÓN POR ALCANCE,ASFALTO,Bueno,Bueno,3,VOLKSWAGEN JETTA,BLANCO,3,,19,MASCULINO,SIN DATOS,0,0,Morelia,Diego Rivera,enero,viernes,19,-101.175936497748,19.7181722278678
27158,27163,2020,,2020/01/03,19:00:00,COLISIÓN CON PEATÓN,SIN_DATOS,Bueno,Bueno,3,NISSAN,BLANCO,3,,31,MASCULINO,SIN DATOS,0,0,Morelia,Indeco Santiaguito,enero,viernes,19,-101.178013198078,19.7197566160304
27159,27164,2020,MOR200007532,2020/01/03,20:15:00,COLISIÓN POR ALCANCE,ASFALTO,Bueno,Bueno,2,CHEVROLET,ROJO,2,MINISTERIO PÚBLICO,32,MASCULINO,SIN DATOS,0,0,Morelia,Lomas de Hidalgo,enero,viernes,20,-101.158747561276,19.6956090895446
27160,27165,2020,MOR200,2020/01/03,21:15:00,COLISIÓN POR CORTE DE CIRCULACIÓN,ASFALTO,Bueno,Bueno,2,MT2602H,AZUL,2,MINISTERIO PÚBLICO,0,MASCULINO,SIN DATOS,1,0,Morelia,Hospitales de Don Vasco,enero,viernes,21,-101.153913885355,19.7013647534304
27161,27166,2020,LEG28630,2020/01/03,21:49:00,COLISIÓN POR INVASIÓN DE CARRIL,ASFALTO,Bueno,Bueno,2,DODGE,PLATA,1,,0,MASCULINO,SIN DATOS,0,0,Tzitzio,Tzitzio,enero,viernes,22,-100.921611785889,19.5817683966968
27162,27167,2020,,2020/01/04,"00:00:00",COLISIÓN CON PEATÓN,SIN_DATOS,Bueno,Bueno,0,,,0,,,,,0,0,Morelia,Sentimientos de La Nacion,enero,sábado,0,-101.2340868,19.6808411
27163,27168,2020,MOR200008166,2020/01/04,"07:40:00",COLISIÓN POR NO RESPETAR SEMÁFORO,ASFALTO,Bueno,Bueno,2,CHEVROLET,VERDE,2,,40,FEMENINO,SIN DATOS,0,0,Morelia,Primo Tapia Oriente,enero,sábado,8,-101.159638725221,19.7129846670356
27164,27169,2020,,2020/01/04,"07:50:00",COLISIÓN CON PEATÓN,ASFALTO,Bueno,Bueno,1,International,Blanco,2,,36,MASCULINO,SIN DATOS,1,0,Morelia,Jesus del Monte,enero,sábado,8,-101.1554819718,19.6553515386615
27165,27170,2020,MOR20008395,2020/01/04,11:04:00,COLISIÓN CONTRA OBJETO FIJO,TERRACERIA,Bueno,Bueno,1,DODGE,GRIS,1,,50,FEMENINO,SIN DATOS,0,0,Morelia,Hacienda de Tinijaro (Villas de Tinijaro),enero,sábado,11,-101.255849227309,19.6829755118686
27166,27171,2020,MOR20008586,2020/01/04,11:10:00,COLISIÓN POR ALCANCE,ASFALTO,Bueno,Bueno,2,NISSAN,ROJO,2,,22,MASCULINO,SIN DATOS,0,0,Morelia,El Lago 3,enero,sábado,11,-101.219369508326,19.7272598378131
27167,27172,2020,MOR2000875,2020/01/04,11:31:00,COLISIÓN POR ALCANCE,ASFALTO,Bueno,Bueno,2,VOLKSWAGEN,ROJO,2,,23,MASCULINO,SIN DATOS,0,0,Morelia,El Lago 1,enero,sábado,12,-101.217073872685,19.7273141207958
27168,27173,2020,,2020/01/04,12:29:00,COLISIÓN POR CAMBIO DE CARRIL,ASFALTO,Bueno,Bueno,2,NISSAN,GRIS,2,,59,MASCULINO,SIN DATOS,0,0,Morelia,Nicolas Bravo(Los Ejidos),enero,sábado,12,-101.216001659632,19.7035951201185
27169,27174,2020,,2020/01/04,12:45:00,COLISIÓN POR INVASIÓN DE CARRIL,ASFALTO,Bueno,Bueno,2,ITALIKA,NEGRO/ROJO,2,MINISTERIO PÚBLICO,,,SIN DATOS,0,0,Juárez,Sin datos,enero,sábado,13,-100.447310060263,19.3182947510301
27170,27175,2020,,2020/01/04,14:11:00,COLISIÓN POR ALCANCE,ASFALTO,Bueno,Bueno,3,CHEVROLET,AZUL,3,,20,FEMENINO,SIN DATOS,0,0,Morelia,Felix Ireta,enero,sábado,14,-101.18597432971,19.6812234440655
27171,27176,2020,"200009224",2020/01/04,14:45:00,COLISIÓN POR CORTE DE CIRCULACIÓN,CONCRETO,Bueno,Bueno,2,NISSAN,NARANJA,2,,28,,SIN DATOS,0,0,Morelia,Las Americas,enero,sábado,15,-101.159018464386,19.6879680107666
27172,27177,2020,MOR 200009171,2020/01/04,14:49:00,COLISIÓN POR CORTE DE CIRCULACIÓN,ASFALTO,Bueno,Bueno,2,INTERNATIONAL,BLANCO/NARANJA,2,,0,MASCULINO,SIN DATOS,0,0,Morelia,Ricardo Flores Magon,enero,sábado,15,-101.243114434183,19.7055293840835
27173,27178,2020,,2020/01/04,15:40:00,COLISIÓN POR ALCANCE,CONCRETO,Bueno,Bueno,2,Italika,negro/amarillo,2,,47,MASCULINO,SIN DATOS,0,0,Tarímbaro,Real Hacienda,enero,sábado,16,-101.200265809894,19.7531355798827
27174,27179,2020,MOR200009586,2020/01/04,16:28:00,COLISIÓN POR CAMBIO DE CARRIL,ASFALTO,Bueno,Bueno,2,MERCEDES BENZ,AMARILLO/NARANJA,2,,26,MASCULINO,SIN DATOS,0,0,Morelia,Tzindurio de Morelos,enero,sábado,16,-101.245846264064,19.6996116242506
27175,27180,2020,LEG28641,2020/01/04,17:25:00,COLISIÓN POR CORTE DE CIRCULACIÓN,ASFALTO,Bueno,Bueno,2,FORD,BLANCO,2,,22,MASCULINO,SIN DATOS,0,0,Morelia,Ciudad Industrial,enero,sábado,17,-101.142806522548,19.7250531558353
27176,27181,2020,,2020/01/04,18:30:00,COLISIÓN POR ALCANCE,ASFALTO,Bueno,Bueno,2,VOLKSWAGEN,ROJO,2,MINISTERIO PÚBLICO,32,MASCULINO,SIN DATOS,0,0,Pátzcuaro,Centro,enero,sábado,19,-101.609825849395,19.5142338079386
27177,27182,2020,,2020/01/04,19:14:00,VOLCADURA,ASFALTO,Bueno,Regular,1,CHEVROLET,GRIS,0,,,,,0,0,Madero,Sin datos,enero,sábado,19,-101.26049682498,19.3803413661621
27178,27183,2020,,2020/01/04,19:20:00,SUBIDA AL CAMELLÓN,ASFALTO,Bueno,Bueno,1,GMC,Rojo,1,,30,MASCULINO,SIN DATOS,0,0,Morelia,La Esperanza,enero,sábado,19,-101.153775081038,19.6992972331914
27179,27184,2020,MOR200009855,2020/01/04,19:25:00,COLISIÓN POR ALCANCE,ASFALTO,Bueno,Bueno,2,VENTO,NEGRO Y ROJO,2,,38,MASCULINO,SIN DATOS,0,0,Morelia,Lomas del Tecnologico,enero,sábado,19,-101.192309036851,19.7229310261745
27180,27185,2020,,2020/01/04,21:20:00,COLISIÓN POR INVASIÓN DE CARRIL,ASFALTO,Bueno,Regular,2,CHEVROLET,NEGRO,3,MINISTERIO PÚBLICO,0,MASCULINO,ALIENTO ETÍLICO,1,0,Madero,Sin datos,enero,sábado,21,-101.298548653722,19.4134029998111
27181,27186,2020,MOR20001055,2020/01/05,"00:05:00",SUBIDA AL CAMELLÓN,ASFALTO,Bueno,Bueno,1,VOLKWAGEN,VERDE,1,MINISTERIO PÚBLICO,0,MASCULINO,SIN DATOS,0,0,Morelia,Tzindurio de Morelos,enero,domingo,0,-101.243895292282,19.7002018949525
27182,27187,2020,"200010550",2020/01/05,"00:40:00",COLISIÓN CONTRA OBJETO FIJO,ASFALTO,Bueno,Regular,1,CHEVROLET,BLANCO,1,,59,MASCULINO,ALIENTO ETÍLICO,0,0,Tarímbaro,Real Hacienda,enero,domingo,1,-101.196038648486,19.7534833130123
27183,27188,2020,,2020/01/05,"00:40:00",SALIDA DE SUPERFICIE DE RODAMIENTO,ASFALTO,Bueno,Regular,1,CHEVROLET,BLANCO,0,,,,,0,0,Senguio,Sin datos,enero,domingo,1,-100.374907180667,19.8079424626816
27184,27189,2020,MOR200010825,2020/01/05,"06:50:00",COLISIÓN CONTRA OBJETO FIJO,CONCRETO,Bueno,Bueno,2,NISSAN,AZUL,1,,34,MASCULINO,SIN DATOS,0,0,Morelia,Agustin Arriaga Rivera,enero,domingo,7,-101.224068403244,19.6892029317872