fid,id_accidente,anio_origen,folio_c5i,dia_incidente,hora_ocurrencia,tipo_incidente_vial,superficie_ocurrencia,condiciones_climaticas,condiciones_via,numero_vehiculos_involucrados,marca_vehiculo_ocasiona_siniestro,color_vehiculo_ocasiona_siniestro,numero_personas_involucradas,lugar_remite_presunto_responsable,edad_presunto_responsable,sexo_presunto_responsable,resultados_toxicologia,numero_personas_lesionadas,numero_personas_fallecidas,municipio,colonia,mes,dia_semana,hora_redondeada,lon,lat
27185,27190,2020,MOR200006912,2020/01/05,"08:40:00",COLISIÓN POR CORTE DE CIRCULACIÓN,ASFALTO,Bueno,Bueno,2,VOLKSWAGEN,ROJO,2,MINISTERIO PÚBLICO,60,MASCULINO,SIN DATOS,0,0,Morelia,Centro,enero,domingo,9,-101.188872791827,19.7046528447111
27186,27191,2020,,2020/01/05,12:20:00,COLISIÓN POR CAMBIO DE CARRIL,ASFALTO,Bueno,Bueno,2,FORD (F-150),GUINDA,2,,52,MASCULINO,SIN DATOS,0,0,Morelia,La Quemada,enero,domingo,12,-101.237687654793,19.7016002280867
27187,27192,2020,,2020/01/05,13:30:00,COLISIÓN POR CORTE DE CIRCULACIÓN,SIN_DATOS,Bueno,Bueno,2,Italika,Negra y verde,2,,17,MASCULINO,SIN DATOS,0,0,Morelia,Juarez,enero,domingo,14,-101.19535535574,19.6937144794597
27188,27193,2020,LEG28653,2020/01/05,13:45:00,SUBIDA AL CAMELLÓN,SIN_DATOS,Bueno,Bueno,1,CHEVROLET,BLANCO,1,,82,MASCULINO,SIN DATOS,0,0,Morelia,Cinco de Diciembre,enero,domingo,14,-101.160903051496,19.687870782429
27189,27194,2020,,2020/01/05,15:35:00,COLISIÓN POR CORTE DE CIRCULACIÓN,ASFALTO,Bueno,Bueno,2,HONDA,ARENA,2,,40,MASCULINO,SIN DATOS,0,0,Morelia,Hospitales de Don Vasco,enero,domingo,16,-101.155454479158,19.7010601509815
27190,27195,2020,MOR200011800,2020/01/05,15:40:00,COLISIÓN POR ALCANCE,ASFALTO,Bueno,Bueno,2,PULZAR,BLANCO CON NEGRO,2,,0,,SIN DATOS,0,0,Morelia,Loma de Los Piñones,enero,domingo,16,-101.20508339256,19.6739943043811
27191,27196,2020,MOR200006916,2020/01/05,15:40:00,COLISIÓN POR CAMBIO DE CARRIL,ASFALTO,Bueno,Bueno,2,NAVISTAR,VERDE,2,MINISTERIO PÚBLICO,44,MASCULINO,SIN DATOS,0,0,Morelia,Los Angeles,enero,domingo,16,-101.167963479351,19.7444751194994
27192,27197,2020,,2020/01/05,16:50:00,COLISIÓN POR ALCANCE,ASFALTO,Bueno,Bueno,3,NISSAN,NEGRO,3,MINISTERIO PÚBLICO,60,MASCULINO,SIN DATOS,0,0,Pátzcuaro,Centro,enero,domingo,17,-101.609361,19.515744
27193,27198,2020,,2020/01/05,19:10:00,COLISIÓN POR CORTE DE CIRCULACIÓN,ASFALTO,Bueno,Bueno,2,CHEVROLET,BLANCO,0,MINISTERIO PÚBLICO,,,,0,0,Hidalgo,Corros,enero,domingo,19,-100.554469004273,19.7072786607609
27194,27199,2020,,2020/01/05,20:30:00,COLISIÓN POR CORTE DE CIRCULACIÓN,ASFALTO,Bueno,Bueno,1,FORD,BLANCO,1,,24,MASCULINO,CON CERTIFICADO,0,0,Morelia,Lomas del Durazno,enero,domingo,21,-101.190605163574,19.6610170874655
27195,27200,2020,,2020/01/05,21:15:00,COLISIÓN POR INVASIÓN DE CARRIL,ASFALTO,Nublado,Regular,2,MAZDA,VERDE/NEGRO,2,,29,MASCULINO,ALIENTO ETÍLICO,0,0,Acuitzio,Sin datos,enero,domingo,21,-101.331939809024,19.4661139564808
27196,27201,2020,,2020/01/05,22:50:00,COLISIÓN POR CAMBIO DE CARRIL,ASFALTO,Bueno,Bueno,2,Volkswagen,Rojo,2,,,,CON CERTIFICADO,0,0,Morelia,Tzindurio Norte,enero,domingo,23,-101.244758963585,19.7037065429431
27197,27202,2020,LEG28662,2020/01/05,23:26:00,COLISIÓN CONTRA OBJETO FIJO,ASFALTO,Bueno,Bueno,7,FORD,BLANCO,7,,27,MASCULINO,CON CERTIFICADO,0,0,Morelia,Martires de Uruapan,enero,domingo,23,-101.202578879893,19.7255230882325
27198,27203,2020,"200013329",2020/01/06,"03:40:00",COLISIÓN CONTRA OBJETO FIJO,ASFALTO,Bueno,Bueno,1,VW,GRIS,0,,,,,0,0,Morelia,Sin datos,enero,lunes,4,-101.288570165634,19.6881589948292
27199,27204,2020,LEG28665,2020/01/06,"07:00:00",COLISIÓN POR CORTE DE CIRCULACIÓN,ASFALTO,Bueno,Bueno,2,NISSAN,GRIS,0,MINISTERIO PÚBLICO,,,,0,0,Morelia,Sin datos,enero,lunes,7,-101.355056,19.6696905
27200,27205,2020,,2020/01/06,"07:30:00",COLISIÓN POR CORTE DE CIRCULACIÓN,ASFALTO,Bueno,Bueno,2,NISSAN,BLANCO AMARILLO,2,,35,MASCULINO,SIN DATOS,0,0,Morelia,Nueva Valladolid,enero,lunes,8,-101.207341141999,19.702177549873
27201,27206,2020,,2020/01/06,11:45:00,COLISIÓN POR ALCANCE,ASFALTO,Bueno,Bueno,2,NISSAN,BLANCO,2,,24,MASCULINO,SIN DATOS,0,0,Morelia,Felix Ireta,enero,lunes,12,-101.191864125431,19.6822854204233
27202,27207,2020,MOR190876345,2020/01/06,16:30:00,COLISIÓN POR CAMBIO DE CARRIL,CONCRETO,Bueno,Bueno,2,FORD,PLATA,2,,39,MASCULINO,SIN DATOS,0,0,Morelia,Centro,enero,lunes,17,-101.192118935287,19.7009935487107
27203,27208,2020,,2020/01/06,18:00:00,COLISIÓN POR CORTE DE CIRCULACIÓN,ASFALTO,Bueno,Bueno,2,FREIGTHLINER,BLANCO,2,,36,MASCULINO,SIN DATOS,0,0,Santa Ana Maya,Centro,enero,lunes,18,-101.014391742647,20.0048156601598
27204,27209,2020,MOR200015173,2020/01/06,20:43:00,COLISIÓN CONTRA OBJETO FIJO,TERRACERIA,Bueno,Bueno,2,DATSUN,AZUL,2,,0,,SIN DATOS,0,0,Morelia,Torreon Nuevo,enero,lunes,21,-101.208591721952,19.7465692137681
27205,27210,2020,MOR200006908,2020/01/06,22:16:00,COLISIÓN POR ALCANCE,CONCRETO,Bueno,Bueno,2,HONDA,PLATA,2,MINISTERIO PÚBLICO,39,MASCULINO,SIN DATOS,0,0,Morelia,Enrique Ramirez,enero,lunes,22,-101.16523951292,19.7093369244653
27206,27211,2020,"2000015588",2020/01/06,23:10:00,COLISIÓN CONTRA OBJETO FIJO,ASFALTO,Bueno,Bueno,1,FORD,ROJO,1,,72,MASCULINO,CON CERTIFICADO,0,0,Morelia,Barrio Alto,enero,lunes,23,-101.196620687842,19.7248038291535
27207,27212,2020,MOR190384730,2020/01/06,23:40:00,COLISIÓN POR ALCANCE,ASFALTO,Bueno,Bueno,2,CHEVROLET,GRIS,2,,35,FEMENINO,SIN DATOS,0,0,Morelia,Tres Puentes,enero,lunes,0,-101.214772537351,19.7032340212526
27208,27213,2020,,2020/01/07,"00:00:00",COLISIÓN POR CORTE DE CIRCULACIÓN,SIN_DATOS,Bueno,Bueno,0,,,0,,,,,0,0,Morelia,Francisco J Mujica,enero,martes,0,-101.19062,19.7229028
27209,27214,2020,,2020/01/07,"02:28:00",COLISIÓN CONTRA OBJETO FIJO,ASFALTO,Bueno,Bueno,1,CHEVROLET SILVERADO,ROJO,0,,,,,0,0,Salvador Escalante,Sin datos,enero,martes,2,-101.586565598845,19.4092374596998
27210,27215,2020,LEG28674,2020/01/07,"06:30:00",CAIDA DE MOTOCICLETA,ASFALTO,Bueno,Bueno,1,ITALIKA,PLATA,1,,24,MASCULINO,ALIENTO ETÍLICO,0,0,Morelia,Bosques de Oriente,enero,martes,7,-101.155456490815,19.7155999307758
27211,27216,2020,,2020/01/07,"07:55:00",VOLCADURA,ASFALTO,Bueno,Bueno,3,KENWORTH,ROJO,1,,28,MASCULINO,SIN DATOS,0,0,Peribán,Sin datos,enero,martes,8,-102.45162025094,19.5584629165572
27212,27217,2020,LEG28687,2020/01/07,"09:10:00",COLISIÓN POR CORTE DE CIRCULACIÓN,ASFALTO,Bueno,Bueno,3,CHEVROLET,ARENA,3,MINISTERIO PÚBLICO,60,MASCULINO,SIN DATOS,0,0,Morelia,Molino de Parras,enero,martes,9,-101.201344393194,19.6986476159737
27213,27218,2020,MOR190125632,2020/01/07,10:06:00,COLISIÓN POR CAMBIO DE CARRIL,ASFALTO,Bueno,Bueno,2,VOLKSWAGEN,BLANCO,2,,40,MASCULINO,SIN DATOS,0,0,Morelia,Bosques de Oriente,enero,martes,10,-101.152243539691,19.7183407671159
27214,27219,2020,,2020/01/07,10:45:00,COLISIÓN POR INVASIÓN DE CARRIL,ASFALTO,Bueno,Bueno,2,INTERNATIONAL,BLANCO,1,,41,FEMENINO,SIN DATOS,0,0,Los Reyes,Sin datos,enero,martes,11,-102.362463958561,19.6182426803847
27215,27220,2020,,2020/01/07,11:30:00,COLISIÓN POR INVASIÓN DE CARRIL,ASFALTO,Bueno,Bueno,2,FORD,ROJO Y AZUL,2,MINISTERIO PÚBLICO,32,MASCULINO,SIN DATOS,0,0,Tacámbaro,Sin datos,enero,martes,12,-101.451536156237,19.172284580505
27216,27221,2020,,2020/01/07,12:15:00,COLISIÓN POR CAMBIO DE CARRIL,ASFALTO,Bueno,Bueno,2,NISSAN VERSA,ROJO,2,MINISTERIO PÚBLICO,31,FEMENINO,SIN DATOS,0,0,Morelia,Gertrudis Bocanegra,enero,martes,12,-101.209872129455,19.7038111996348
27217,27222,2020,,2020/01/07,13:30:00,COLISIÓN POR ALCANCE,ASFALTO,Bueno,Bueno,3,TOYOTA,BLANCO Y GRIS,3,,55,MASCULINO,SIN DATOS,0,0,Morelia,Libertad,enero,martes,14,-101.237655803561,19.6863094387667
27218,27223,2020,,2020/01/07,14:33:00,COLISIÓN CON PEATÓN,CONCRETO,Bueno,Bueno,1,TOYOTA,AZUL VERDE,1,,21,MASCULINO,SIN DATOS,0,0,Salvador Escalante,Sin datos,enero,martes,15,-101.604107581079,19.4314126015671
27219,27224,2020,,2020/01/07,14:50:00,COLISIÓN POR ALCANCE,ASFALTO,Bueno,Bueno,2,VOLKSWAGEN,NEGRO,2,,,MASCULINO,SIN DATOS,0,0,Morelia,Vasco de Quiroga,enero,martes,15,-101.175860054791,19.6981267839382
27220,27225,2020,MOR200016548,2020/01/07,15:15:00,COLISIÓN POR CORTE DE CIRCULACIÓN,ASFALTO,Bueno,Bueno,2,YAMAHA,BLANCO,2,,25,MASCULINO,SIN DATOS,0,0,Tarímbaro,El Trebol,enero,martes,15,-101.157087609172,19.7683524549246
27221,27226,2020,,2020/01/07,18:45:00,COLISIÓN POR ALCANCE,ASFALTO,Bueno,Bueno,2,SHIMANO,AZUL,1,MINISTERIO PÚBLICO,,,,1,0,Morelia,Cinco de Diciembre,enero,martes,19,-101.160271391273,19.6881081709935
27222,27227,2020,,2020/01/07,19:10:00,COLISIÓN POR INVASIÓN DE CARRIL,ASFALTO,Bueno,Bueno,2,GMC,BLANCO,4,MINISTERIO PÚBLICO,,,,4,0,Morelia,Ejidal San Isidro,enero,martes,19,-101.279492229223,19.6899403442966
27223,27228,2020,,2020/01/08,"07:35:00",COLISIÓN POR CORTE DE CIRCULACIÓN,ASFALTO,Bueno,Bueno,2,VENTO,AZUL,2,,25,MASCULINO,SIN DATOS,0,0,Peribán,Sin datos,enero,miércoles,8,-102.44486309588,19.5525646961166
27224,27229,2020,,2020/01/08,"08:35:00",COLISIÓN POR CAMBIO DE CARRIL,ASFALTO,Bueno,Bueno,2,FORD,GRIS,2,,30,MASCULINO,SIN DATOS,0,0,Peribán,Sin datos,enero,miércoles,9,-102.450802512467,19.5580550493446
27225,27230,2020,MOR200018086,2020/01/08,"08:40:00",COLISIÓN POR ALCANCE,ASFALTO,Bueno,Bueno,2,NISSAN,CAFE,2,,51,MASCULINO,SIN DATOS,0,0,Morelia,Rafael Carrillo,enero,miércoles,9,-101.236859187484,19.7074516304216
27226,27231,2020,,2020/01/08,"09:00:00",COLISIÓN POR CORTE DE CIRCULACIÓN,ASFALTO,Bueno,Bueno,2,VOLKSWAGEN,ROJO,2,,35,FEMENINO,SIN DATOS,0,0,Cuitzeo,San Agustin del Pulque,enero,miércoles,9,-101.082426980138,19.9595079257162
27227,27232,2020,MOR200018258,2020/01/08,"09:33:00",COLISIÓN POR CORTE DE CIRCULACIÓN,CONCRETO,Bueno,Bueno,2,CHRYSLER,AZUL,2,MINISTERIO PÚBLICO,0,MASCULINO,SIN DATOS,0,0,Morelia,Leona Vicario,enero,miércoles,10,-101.212667003274,19.6691879566941
27228,27233,2020,"200018224",2020/01/08,"09:40:00",COLISIÓN POR INVASIÓN DE CARRIL,ASFALTO,Bueno,Regular,2,KENWORTH,AMARILLO,2,,30,MASCULINO,SIN DATOS,0,0,Morelia,Libertad,enero,miércoles,10,-101.238109096885,19.6873675932712
27229,27234,2020,LEG28706,2020/01/08,10:10:00,COLISIÓN POR ALCANCE,ASFALTO,Bueno,Bueno,4,ISUZU,BLANCO,3,MINISTERIO PÚBLICO,29,MASCULINO,SIN DATOS,0,0,Morelia,Rafael Carrillo,enero,miércoles,10,-101.236669421196,19.7076517447227
27230,27235,2020,MOR 200018596,2020/01/08,12:30:00,VOLCADURA,ASFALTO,Bueno,Bueno,1,CHEVROLET,AZUL,1,,25,FEMENINO,SIN DATOS,0,0,Morelia,Bosques Tres Marias,enero,miércoles,13,-101.103868223727,19.7243487280553
27231,27236,2020,LEG28697,2020/01/08,12:57:00,COLISIÓN POR ALCANCE,CONCRETO,Bueno,Bueno,2,YAMAHA,CYAN,2,,59,MASCULINO,SIN DATOS,0,0,Morelia,Comision Federal de Electricidad,enero,miércoles,13,-101.181312985718,19.6815138782517
27232,27237,2020,MOR200018984,2020/01/08,14:35:00,COLISIÓN CONTRA OBJETO FIJO,ASFALTO,Bueno,Bueno,1,CHEVROLET,AZUL,1,,34,MASCULINO,SIN DATOS,0,0,Morelia,Consuelo Alfaro de Vazquez,enero,miércoles,15,-101.136614307761,19.7291231222053
27233,27238,2020,MOR200019268,2020/01/08,15:45:00,COLISIÓN POR ALCANCE,ASFALTO,Bueno,Bueno,2,RENAULT,ROJO,2,,23,MASCULINO,SIN DATOS,0,0,Morelia,La Huerta,enero,miércoles,16,-101.217148303986,19.675545981357
27234,27239,2020,MOR200019334,2020/01/08,15:50:00,COLISIÓN POR ALCANCE,ASFALTO,Bueno,Bueno,1,NISSAN,BLANCO,1,,53,MASCULINO,CON CERTIFICADO,0,0,Morelia,Dr Miguel Silva,enero,miércoles,16,-101.178444698453,19.7197515662126
27235,27240,2020,"200018250",2020/01/08,18:35:00,COLISIÓN POR INVASIÓN DE CARRIL,CONCRETO,Bueno,Bueno,2,MERCEDES BENZ,BLANCO,2,,66,MASCULINO,SIN DATOS,0,0,Morelia,Francisco J Mujica,enero,miércoles,19,-101.191908717155,19.7255240350391
27236,27241,2020,MOR200020155,2020/01/08,20:15:00,COLISIÓN POR CAMBIO DE CARRIL,ASFALTO,Bueno,Bueno,2,VOLKSWAGEN,NEGRO,2,,42,MASCULINO,SIN DATOS,0,0,Morelia,Centro,enero,miércoles,20,-101.191562712193,19.7029385761198
27237,27242,2020,,2020/01/08,22:20:00,COLISIÓN CON PEATÓN,ASFALTO,Bueno,Bueno,1,Nissan,blanco,2,,35,MASCULINO,SIN DATOS,1,0,Morelia,Villa Magna,enero,miércoles,22,-101.327729411423,19.685157204102
27238,27243,2020,"200020313",2020/01/08,22:40:00,COLISIÓN POR CORTE DE CIRCULACIÓN,ASFALTO,Bueno,Malo,2,CARABELA,GRIS Y NEGRO,1,MINISTERIO PÚBLICO,,,,1,0,Morelia,Eduardo Ruiz,enero,miércoles,23,-101.216184720397,19.7171445764725
27239,27244,2020,MOR190456231,2020/01/08,23:15:00,COLISIÓN POR ALCANCE,SIN_DATOS,Bueno,Bueno,2,CHEVROLET,VERDE,0,,,,,0,0,Morelia,Eduardo Ruiz,enero,miércoles,23,-101.219011098146,19.7199728112055
27242,27247,2020,,2020/01/09,"08:15:00",COLISIÓN POR CORTE DE CIRCULACIÓN,CONCRETO,Bueno,Bueno,2,CHYSLER,BLANCO,2,,,MASCULINO,SIN DATOS,0,0,Morelia,Adolfo Lopez Mateos,enero,jueves,8,-101.224390268326,19.6961138311007
27243,27248,2020,LEG28721,2020/01/09,"08:41:00",COLISIÓN POR CORTE DE CIRCULACIÓN,ASFALTO,Bueno,Bueno,1,NISSAN,AMARILLO,1,,60,MASCULINO,SIN DATOS,0,0,Morelia,El Lago 2,enero,jueves,9,-101.216396950185,19.7268940583966
27244,27249,2020,,2020/01/09,10:00:00,COLISIÓN POR CORTE DE CIRCULACIÓN,CONCRETO,Bueno,Bueno,2,RENAUL DUSTER,ARENA,2,,49,FEMENINO,SIN DATOS,0,0,Morelia,Nueva Chapultepec,enero,jueves,10,-101.165788695216,19.6889447103368
27245,27250,2020,,2020/01/09,10:00:00,COLISIÓN POR CAMBIO DE CARRIL,ASFALTO,Bueno,Bueno,2,NISSAN,BLANCO,2,MINISTERIO PÚBLICO,,MASCULINO,SIN DATOS,0,0,Lázaro Cárdenas,1Er Sect de Fidelac,enero,jueves,10,-102.195688560605,17.9620692053875
27246,27251,2020,LEG28725,2020/01/09,11:20:00,COLISIÓN POR CORTE DE CIRCULACIÓN,ASFALTO,Bueno,Bueno,2,NISSAN,BLANCO,2,,47,FEMENINO,SIN DATOS,0,0,Morelia,Cuauhtemoc,enero,jueves,11,-101.18200045,19.6990199049992
27247,27252,2020,,2020/01/09,13:00:00,COLISIÓN POR MANIOBRA DE REVERSA,ASFALTO,Bueno,Bueno,2,VOLVO,BLANCO,2,,24,MASCULINO,SIN DATOS,0,0,Morelia,Ciudad Industrial,enero,jueves,13,-101.14554366932,19.7284851395985
27248,27253,2020,,2020/01/09,13:20:00,COLISIÓN POR CORTE DE CIRCULACIÓN,ASFALTO,Bueno,Bueno,2,NISSAN,BLANCO Y ROJO,2,,62,MASCULINO,SIN DATOS,0,0,Morelia,Cosmos,enero,jueves,13,-101.218920954689,19.6840718148917
27249,27254,2020,,2020/01/09,14:40:00,COLISIÓN POR CAMBIO DE CARRIL,CONCRETO,Bueno,Bueno,3,FORD,BLANCO,3,,50,MASCULINO,SIN DATOS,0,0,Morelia,Nueva Valladolid,enero,jueves,15,-101.210617795587,19.6955399597141
27251,27256,2020,MOR200021905,2020/01/09,16:30:00,COLISIÓN POR ALCANCE,ASFALTO,Bueno,Bueno,2,NISSAN,BLANCO,2,,21,MASCULINO,SIN DATOS,0,0,Morelia,Centro,enero,jueves,17,-101.18754847,19.7028479949991
27252,27257,2020,LEG28726,2020/01/09,17:00:00,COLISIÓN POR CORTE DE CIRCULACIÓN,ASFALTO,Bueno,Bueno,2,SEAT,BLANCO,2,,0,FEMENINO,SIN DATOS,0,0,Morelia,Gral Gertrudis Sanchez,enero,jueves,17,-101.2094753,19.7439916449991
27253,27258,2020,LEG28722,2020/01/09,17:26:00,SALIDA DE SUPERFICIE DE RODAMIENTO,ASFALTO,Bueno,Bueno,1,FORD,AZUL,1,MINISTERIO PÚBLICO,17,MASCULINO,SIN DATOS,0,0,Morelia,Ampliacion La Soledad,enero,jueves,17,-101.183554405,19.7349146049992
27254,27259,2020,,2020/01/09,17:45:00,COLISIÓN POR ALCANCE,ASFALTO,Bueno,Bueno,1,VOLKSWAGEN,BLANCO,1,,21,MASCULINO,SIN DATOS,0,0,Peribán,Sin datos,enero,jueves,18,-102.446501255035,19.5543456534766
27255,27260,2020,MOR200202287,2020/01/09,21:45:00,COLISIÓN POR ALCANCE,ASFALTO,Bueno,Bueno,3,FORD,AZUL,3,,16,MASCULINO,SIN DATOS,0,0,Morelia,Santiaguito,enero,jueves,22,-101.19072544,19.7172895799992
27256,27261,2020,,2020/01/09,23:20:00,COLISIÓN POR MANIOBRA DE REVERSA,SIN_DATOS,Bueno,Bueno,2,GMC,BLANCO,2,,19,MASCULINO,CON CERTIFICADO,0,0,Morelia,Prados del Campestre,enero,jueves,23,-101.167300790548,19.6831743940296
27257,27262,2020,,2020/01/10,"00:00:00",COLISIÓN POR ALCANCE,ASFALTO,Bueno,Bueno,2,DODGE,VERDE Y BLANCO,2,,31,MASCULINO,SIN DATOS,0,0,Salvador Escalante,Centro,enero,viernes,0,-101.638871021569,19.406952422892
27258,27263,2020,,2020/01/10,"05:50:00",COLISIÓN CONTRA OBJETO FIJO,ASFALTO,Bueno,Bueno,1,VOLKSWAGEN,AZUL,1,,30,MASCULINO,SIN DATOS,0,0,Morelia,Elias Perez Avalos,enero,viernes,6,-101.16890642792,19.712925329153
27259,27264,2020,,2020/01/10,"09:10:00",COLISIÓN POR CAMBIO DE CARRIL,ASFALTO,Bueno,Bueno,2,FORD,GRIS,2,,0,FEMENINO,SIN DATOS,0,0,Morelia,Sentimientos de La Nacion,enero,viernes,9,-101.23686991632,19.6848039557047
27260,27265,2020,LEG28736,2020/01/10,"09:15:00",COLISIÓN POR ALCANCE,CONCRETO,Bueno,Bueno,2,CHEVROLET,BLANCO,2,,22,MASCULINO,SIN DATOS,0,0,Morelia,Jardines de Guadalupe,enero,viernes,9,-101.227281354368,19.7132371684174
27261,27266,2020,,2020/01/10,"09:15:00",COLISIÓN POR CORTE DE CIRCULACIÓN,ASFALTO,Bueno,Bueno,2,SUZUKI,ROJO,2,,,FEMENINO,SIN DATOS,0,0,Morelia,Chapultepec Norte,enero,viernes,9,-101.171452179551,19.6942214366382
27262,27267,2020,MOR200023431,2020/01/10,"09:35:00",COLISIÓN POR ALCANCE,ASFALTO,Bueno,Bueno,2,YAMAHA,BLANCO Y NEGRO,2,,24,MASCULINO,SIN DATOS,0,0,Morelia,Niño Artillero,enero,viernes,10,-101.256286762655,19.6974253941189
27263,27268,2020,MOR200023487,2020/01/10,10:10:00,COLISIÓN POR CAMBIO DE CARRIL,ASFALTO,Bueno,Bueno,2,ITALIKA,NEGRO/ROJO,2,,29,MASCULINO,SIN DATOS,0,0,Morelia,La Colina,enero,viernes,10,-101.216140463948,19.7038829885606
27264,27269,2020,,2020/01/10,11:15:00,COLISIÓN POR CAMBIO DE CARRIL,ASFALTO,Bueno,Bueno,2,ford,Gris,2,,,,SIN DATOS,0,0,Morelia,Felix Ireta,enero,viernes,11,-101.189350560308,19.6898560597339
27265,27270,2020,"200023845",2020/01/10,12:45:00,COLISIÓN POR INVASIÓN DE CARRIL,ASFALTO,Bueno,Regular,2,NISSAN,BLANCO,2,,36,MASCULINO,SIN DATOS,0,0,Morelia,Ciudad Industrial,enero,viernes,13,-101.138206534088,19.7289012586892
27266,27271,2020,MOR200078654,2020/01/10,13:00:00,COLISIÓN POR ALCANCE,SIN_DATOS,Bueno,Bueno,0,,,0,,,,,0,0,Morelia,Felix Ireta,enero,viernes,13,-101.195354685187,19.6919843102747
27267,27272,2020,MOR202087546,2020/01/10,13:00:00,COLISIÓN POR ALCANCE,ASFALTO,Bueno,Bueno,2,TOYOTA,BLANCO Y ORO,2,,24,MASCULINO,SIN DATOS,0,0,Morelia,Felix Ireta,enero,viernes,13,-101.195358037949,19.6919849416115
27268,27273,2020,,2020/01/10,13:25:00,COLISIÓN POR CAMBIO DE CARRIL,ASFALTO,Bueno,Bueno,2,TRIAL KING,BLANCO,2,,,MASCULINO,SIN DATOS,0,0,Morelia,Isaac Arriaga,enero,viernes,13,-101.166257075965,19.7101206422038
27269,27274,2020,MOR200023956,2020/01/10,13:34:00,CAIDA DE MOTOCICLETA,ASFALTO,Bueno,Bueno,1,BAJAJ,NEGRO,1,,28,MASCULINO,SIN DATOS,0,0,Morelia,Tierra Y Libertad,enero,viernes,14,-101.227857358754,19.7190770984887
27270,27275,2020,,2020/01/10,13:40:00,COLISIÓN POR INVASIÓN DE CARRIL,ASFALTO,Bueno,Bueno,2,VOLKSWAGEN,NEGRO,1,,31,MASCULINO,SIN DATOS,0,0,Pátzcuaro,Centro,enero,viernes,14,-101.611949746446,19.5401794835637
27271,27276,2020,MOR2000,2020/01/10,14:35:00,COLISIÓN POR CAMBIO DE CARRIL,ASFALTO,Bueno,Bueno,2,DINA,ROJO,0,,,,,0,0,Morelia,Los Manantiales de Morelia,enero,viernes,15,-101.24023642391,19.6927371776533
27272,27277,2020,MOR200024228,2020/01/10,14:48:00,COLISIÓN POR CAMBIO DE CARRIL,ASFALTO,Bueno,Bueno,2,KENWORTH,ROJO,2,,32,MASCULINO,SIN DATOS,0,0,Morelia,La Luz,enero,viernes,15,-101.299782134593,19.6873379195826
27273,27278,2020,MOR200063258,2020/01/10,16:13:00,COLISIÓN POR CORTE DE CIRCULACIÓN,ASFALTO,Bueno,Bueno,2,CHEVROLET,BLANCO,2,,45,MASCULINO,SIN DATOS,0,0,Morelia,Lomas del Tecnologico,enero,viernes,16,-101.190629303455,19.7203319786018
27274,27279,2020,MOR200024609,2020/01/10,16:50:00,COLISIÓN POR CORTE DE CIRCULACIÓN,CONCRETO,Bueno,Bueno,2,SEAT,ROJO,2,,21,MASCULINO,SIN DATOS,0,0,Morelia,Eucaliptos (Gigantes de Michoacan),enero,viernes,17,-101.151330918074,19.6978322763462
27275,27280,2020,MOR200076543,2020/01/10,17:50:00,COLISIÓN POR CAMBIO DE CARRIL,ASFALTO,Bueno,Bueno,2,NISSAN,GRIS,2,,25,MASCULINO,SIN DATOS,0,0,Morelia,Felix Ireta,enero,viernes,18,-101.191720962524,19.6824498935399
27276,27281,2020,MOR200024931,2020/01/10,18:30:00,COLISIÓN POR ALCANCE,ASFALTO,Bueno,Bueno,2,NISSAN,ROJO,2,,58,MASCULINO,SIN DATOS,0,0,Morelia,Barrio Alto,enero,viernes,19,-101.196633428335,19.7248069851899
27277,27282,2020,MOR200024797,2020/01/10,18:45:00,COLISIÓN POR CORTE DE CIRCULACIÓN,ADOQUIN_EMPEDRADO,Bueno,Bueno,2,YAMAHA,NEGRO Y ROJO,1,MINISTERIO PÚBLICO,,,,1,0,Morelia,Cosmos,enero,viernes,19,-101.217528507113,19.6840927213133
27278,27283,2020,,2020/01/10,19:10:00,COLISIÓN POR ALCANCE,ASFALTO,Bueno,Bueno,2,FORD,ROJO,2,,26,MASCULINO,SIN DATOS,0,0,Morelia,Santa Maria,enero,viernes,19,-101.200447010796,19.677850092206
27279,27284,2020,,2020/01/10,20:15:00,COLISIÓN CONTRA OBJETO FIJO,ASFALTO,Bueno,Bueno,1,NISSAN,BLANCO,0,,,,,0,0,Tuxpan,Sin datos,enero,viernes,20,-100.470948703587,19.611494550667
27280,27285,2020,,2020/01/10,21:55:00,COLISIÓN POR CORTE DE CIRCULACIÓN,ASFALTO,Bueno,Bueno,2,CHEVROLET,GRIS,2,,22,MASCULINO,SIN DATOS,0,0,Morelia,Felicitas del Rio,enero,viernes,22,-101.200253739953,19.6933584089498
27281,27286,2020,"200025675",2020/01/11,"00:00:00",COLISIÓN POR CORTE DE CIRCULACIÓN,ASFALTO,Bueno,Bueno,2,CHEVROLET,AZUL COBALTO,2,,38,MASCULINO,SIN DATOS,0,0,Morelia,Chapultepec Sur,enero,sábado,0,-101.176584586501,19.6918883470504
27282,27287,2020,,2020/01/11,"00:00:00",COLISIÓN POR CORTE DE CIRCULACIÓN,ASFALTO,Bueno,Bueno,2,TOYOTA,PLATA,8,MINISTERIO PÚBLICO,0,MASCULINO,SIN DATOS,6,0,Morelia,Sin datos,enero,sábado,0,-101.355056,19.6696905
27283,27288,2020,LEG28751,2020/01/11,"01:40:00",COLISIÓN POR CORTE DE CIRCULACIÓN,CONCRETO,Bueno,Bueno,2,KEEWAY,NARANJA,2,,30,MASCULINO,ALIENTO ETÍLICO,0,0,Morelia,Alberto Oviedo Mota,enero,sábado,2,-101.199270710349,19.6849879985326