fid,id_accidente,anio_origen,folio_c5i,dia_incidente,hora_ocurrencia,tipo_incidente_vial,superficie_ocurrencia,condiciones_climaticas,condiciones_via,numero_vehiculos_involucrados,marca_vehiculo_ocasiona_siniestro,color_vehiculo_ocasiona_siniestro,numero_personas_involucradas,lugar_remite_presunto_responsable,edad_presunto_responsable,sexo_presunto_responsable,resultados_toxicologia,numero_personas_lesionadas,numero_personas_fallecidas,municipio,colonia,mes,dia_semana,hora_redondeada,lon,lat
27284,27289,2020,MOR200078546,2020/01/11,"03:40:00",COLISIÓN CON PEATÓN,ASFALTO,Bueno,Bueno,2,VOKSWAGEN,GRIS,2,,27,,CON CERTIFICADO,0,0,Morelia,Niño Artillero,enero,sábado,4,-101.250198483467,19.698609421682
27285,27290,2020,,2020/01/11,"05:05:00",COLISIÓN CONTRA OBJETO FIJO,ASFALTO,Bueno,Bueno,1,GMC,NEGRO,2,MINISTERIO PÚBLICO,20,MASCULINO,SIN DATOS,0,1,Puruándiro,Lomas de Agua Tibia,enero,sábado,5,-101.498659551144,20.0911421920264
27286,27291,2020,MOR:200025892,2020/01/11,"06:10:00",COLISIÓN CONTRA OBJETO FIJO,ASFALTO,Bueno,Bueno,1,MAZDA,ROJO,1,,27,MASCULINO,SIN DATOS,0,0,Morelia,Villa Universidad,enero,sábado,6,-101.199999935925,19.6818803928154
27287,27292,2020,,2020/01/11,"07:20:00",COLISIÓN POR INVASIÓN DE CARRIL,ASFALTO,Bueno,Bueno,2,FORD,BLANCO Y ROJO,2,MINISTERIO PÚBLICO,35,MASCULINO,SIN DATOS,0,0,Tacámbaro,Sin datos,enero,sábado,7,-101.438819468021,19.3178748896439
27288,27293,2020,MOR200025954,2020/01/11,"08:05:00",COLISIÓN POR CORTE DE CIRCULACIÓN,CONCRETO,Bueno,Bueno,2,ITALIKA,GRIS,2,,21,MASCULINO,SIN DATOS,0,0,Morelia,Agustin Arriaga Rivera,enero,sábado,8,-101.22438121587,19.6910944385643
27289,27294,2020,MOR20023251,2020/01/11,"09:06:00",COLISIÓN POR CORTE DE CIRCULACIÓN,ASFALTO,Bueno,Bueno,2,ITALIKA,NEGRO CON VERDE,2,,17,,SIN DATOS,0,0,Morelia,El Porvenir,enero,sábado,9,-101.201659217477,19.7130500018064
27290,27295,2020,,2020/01/11,"09:55:00",COLISIÓN POR ALCANCE,ASFALTO,Bueno,Bueno,2,VOLKSWAGEN PASSAT,PLATA,2,,27,MASCULINO,CON CERTIFICADO,0,0,Morelia,Alberto Oviedo Mota,enero,sábado,10,-101.200451217592,19.6778155383804
27291,27296,2020,,2020/01/11,13:40:00,COLISIÓN POR CORTE DE CIRCULACIÓN,ASFALTO,Bueno,Bueno,2,HYUNDAI,BLANCO,2,MINISTERIO PÚBLICO,50,MASCULINO,SIN DATOS,0,0,Morelia,Felix Ireta,enero,sábado,14,-101.188293099403,19.6841233426548
27292,27297,2020,,2020/01/11,13:45:00,COLISIÓN POR ALCANCE,ASFALTO,Bueno,Bueno,2,HONDA,ROJO,2,MINISTERIO PÚBLICO,0,MASCULINO,SIN DATOS,0,0,Morelia,Villa Universidad,enero,sábado,14,-101.211989074945,19.6921727642023
27293,27298,2020,,2020/01/11,13:59:00,COLISIÓN POR ALCANCE,ASFALTO,Bueno,Bueno,3,Mazda,Azul,3,,27,MASCULINO,SIN DATOS,0,0,Morelia,Trinidad Salgado,enero,sábado,14,-101.231454201043,19.7030935586239
27294,27299,2020,,2020/01/11,14:45:00,COLISIÓN POR CAMBIO DE CARRIL,ASFALTO,Bueno,Bueno,3,TOYOTA,TOJO,3,,0,FEMENINO,SIN DATOS,0,0,Morelia,Rinconada del Valle,enero,sábado,15,-101.219122409821,19.6790707420897
27295,27300,2020,MOR 200020284,2020/01/11,15:00:00,COLISIÓN POR CORTE DE CIRCULACIÓN,ASFALTO,Bueno,Bueno,2,ITALIKA,VERDE,2,MINISTERIO PÚBLICO,,,,2,0,Morelia,Virreyes,enero,sábado,15,-101.157558001578,19.6955137598162
27296,27301,2020,LEG28767,2020/01/11,16:48:00,COLISIÓN POR CORTE DE CIRCULACIÓN,ASFALTO,Bueno,Bueno,2,VOLKSWAGEN,BLANCO/ROJO,2,,0,MASCULINO,SIN DATOS,0,0,Morelia,Montaña Monarca,enero,sábado,17,-101.164686307311,19.665591941519
27297,27302,2020,,2020/01/11,16:55:00,SALIDA DE SUPERFICIE DE RODAMIENTO,ASFALTO,Bueno,Bueno,1,NISSAN,GRIS,1,,53,MASCULINO,SIN DATOS,0,0,Santa Ana Maya,Sin datos,enero,sábado,17,-100.98010070622,19.9912208009869
27298,27303,2020,MOR200027410,2020/01/11,17:00:00,COLISIÓN POR CORTE DE CIRCULACIÓN,ASFALTO,Bueno,Bueno,2,HYUNDAI,BLANCO,2,,26,MASCULINO,SIN DATOS,0,0,Morelia,Vasco de Quiroga,enero,sábado,17,-101.178156025708,19.6990308210071
27299,27304,2020,MOR20027605,2020/01/11,17:40:00,COLISIÓN POR ALCANCE,ASFALTO,Bueno,Bueno,2,CHRYSLER,PLATA,2,,24,MASCULINO,SIN DATOS,0,0,Morelia,Arcos del Valle,enero,sábado,18,-101.236248314381,19.7076245998952
27300,27305,2020,MOR200027833,2020/01/11,20:00:00,COLISIÓN POR ALCANCE,ASFALTO,Bueno,Bueno,2,NISSAN,GRIS,2,,36,MASCULINO,SIN DATOS,0,0,Morelia,Lomas del Valle,enero,sábado,20,-101.230634786189,19.6877934416638
27302,27307,2020,,2020/01/11,20:45:00,COLISIÓN CONTRA OBJETO FIJO,ASFALTO,Bueno,Bueno,1,VOLVO,BLANCO,1,,58,,ALIENTO ETÍLICO,0,0,Morelia,La Huerta,enero,sábado,21,-101.217081584036,19.6755134641707
27303,27308,2020,,2020/01/11,20:55:00,SUBIDA AL CAMELLÓN,CONCRETO,Bueno,Bueno,1,MERCEDES BENZ,BLANCO AZUL,1,,37,MASCULINO,SIN DATOS,0,0,Morelia,Rafael Carrillo,enero,sábado,21,-101.233604326844,19.7116148400903
27304,27309,2020,,2020/01/11,23:30:00,COLISIÓN CONTRA OBJETO FIJO,ASFALTO,Bueno,Bueno,1,BMW,ROJO,1,,,,,1,0,Zacapu,Centro,enero,sábado,0,-101.790467,19.816037
27305,27310,2020,LEG28773,2020/01/11,23:50:00,COLISIÓN POR ALCANCE,ASFALTO,Bueno,Bueno,2,HONDA,GRIS,2,,0,FEMENINO,ALIENTO ETÍLICO,0,0,Morelia,San Pascual,enero,sábado,0,-101.264441348612,19.6960917348808
27306,27311,2020,,2020/01/12,"01:30:00",COLISIÓN POR CORTE DE CIRCULACIÓN,CONCRETO,Bueno,Bueno,2,VOLKSWAGEN,GRIS,4,,36,MASCULINO,SIN DATOS,2,0,Morelia,Centro,enero,domingo,2,-101.192505173385,19.6998237431706
27307,27312,2020,LEG28777,2020/01/12,"01:35:00",COLISIÓN CONTRA OBJETO FIJO,ASFALTO,Bueno,Bueno,1,NISSAN,BLANCO/ROSA,0,,,,,0,0,Morelia,Eva Samano,enero,domingo,2,-101.199368275702,19.7312704169003
27308,27313,2020,,2020/01/12,"03:15:00",SALIDA DE SUPERFICIE DE RODAMIENTO,ASFALTO,Bueno,Bueno,1,Renault,Blanco,1,,,,SIN DATOS,0,0,Morelia,Trinidad Salgado,enero,domingo,3,-101.231466606259,19.7030900865124
27309,27314,2020,,2020/01/12,"07:10:00",COLISIÓN POR CORTE DE CIRCULACIÓN,CONCRETO,Bueno,Bueno,2,BAJAJ PULSAR,NEGRO,2,MINISTERIO PÚBLICO,26,MASCULINO,SIN DATOS,0,0,Morelia,Centro,enero,domingo,7,-101.19053106755,19.7018555882808
27310,27315,2020,LEG28786,2020/01/12,"09:16:00",COLISIÓN CONTRA OBJETO FIJO,ASFALTO,Bueno,Bueno,1,CHEVROLET,GRIS,0,MINISTERIO PÚBLICO,,,,0,0,Morelia,Torreon Nuevo,enero,domingo,9,-101.203869022429,19.7467405630996
27311,27316,2020,"200029157",2020/01/12,10:20:00,COLISIÓN POR CORTE DE CIRCULACIÓN,ASFALTO,Bueno,Regular,2,HONDA,BLANCO,2,,42,MASCULINO,SIN DATOS,0,0,Morelia,Centro,enero,domingo,10,-101.193310506642,19.7047702640198
27312,27317,2020,MOR200029561,2020/01/12,13:15:00,COLISIÓN POR CORTE DE CIRCULACIÓN,CONCRETO,Bueno,Bueno,1,NISSAN,BLANCO,1,,43,MASCULINO,SIN DATOS,0,0,Tarímbaro,Metropolis,enero,domingo,13,-101.203882098198,19.755819290061
27313,27318,2020,,2020/01/12,14:15:00,VOLCADURA,ASFALTO,Bueno,Bueno,1,NISSAN,BLANCO/ROJO,1,,27,MASCULINO,SIN DATOS,0,0,Tocumbo,Sin datos,enero,domingo,14,-102.493966966867,19.6750964227782
27314,27319,2020,LEG28787,2020/01/12,14:32:00,COLISIÓN POR CAMBIO DE CARRIL,ASFALTO,Bueno,Bueno,2,CHEVROLET,GRIS,0,MINISTERIO PÚBLICO,,,,0,0,Tarímbaro,Centro,enero,domingo,15,-101.176869,19.792979
27315,27320,2020,MOR00030024,2020/01/12,15:20:00,COLISIÓN POR CAMBIO DE CARRIL,CONCRETO,Bueno,Bueno,2,NISSAN,BLANCO Y GUINDA,2,,45,MASCULINO,SIN DATOS,0,0,Morelia,Nueva Valladolid,enero,domingo,15,-101.207356229424,19.7021526136552
27316,27321,2020,MOR200030015,2020/01/12,16:00:00,COLISIÓN POR ALCANCE,ASFALTO,Bueno,Bueno,2,FORD,VERDE,2,MINISTERIO PÚBLICO,35,MASCULINO,SIN DATOS,0,0,Morelia,La Huare,enero,domingo,16,-101.257025,19.716022
27317,27322,2020,MOR200030229,2020/01/12,16:40:00,COLISIÓN POR CORTE DE CIRCULACIÓN,ASFALTO,Bueno,Bueno,2,YAMAHA,BLANCO,2,MINISTERIO PÚBLICO,,,,2,0,Morelia,Chapultepec Sur,enero,domingo,17,-101.172861680388,19.6920146144388
27318,27323,2020,,2020/01/12,19:00:00,SALIDA DE SUPERFICIE DE RODAMIENTO,ASFALTO,Bueno,Bueno,1,FORD,GUINDA,3,,26,MASCULINO,SIN DATOS,2,0,Copándaro,Sin datos,enero,domingo,19,-101.165078245103,19.8988956774351
27319,27324,2020,MOR1904562326,2020/01/12,20:28:00,COLISIÓN CONTRA OBJETO FIJO,CONCRETO,Bueno,Bueno,2,GMC,BLANCO,2,,27,MASCULINO,SIN DATOS,0,0,Morelia,Solidaridad,enero,domingo,20,-101.204454414546,19.7287065361175
27320,27325,2020,,2020/01/12,20:45:00,COLISIÓN POR INVASIÓN DE CARRIL,ASFALTO,Bueno,Bueno,2,FORD,VERDE,3,MINISTERIO PÚBLICO,27,MASCULINO,SIN DATOS,0,1,Peribán,Sin datos,enero,domingo,21,-102.443067021668,19.5506001544427
27321,27326,2020,MOR200031409,2020/01/12,22:45:00,COLISIÓN CONTRA OBJETO FIJO,CONCRETO,Bueno,Bueno,1,NISSAN,BLANCO Y ROJO,1,,48,MASCULINO,SIN DATOS,0,0,Morelia,Adolfo Lopez Mateos,enero,domingo,23,-101.226871646941,19.6944029433323
27322,27327,2020,MOR200031854,2020/01/13,"08:00:00",COLISIÓN POR CAMBIO DE CARRIL,ASFALTO,Bueno,Regular,2,INTERNATIONAL,BLANCO/VERDE,2,,37,MASCULINO,SIN DATOS,0,0,Morelia,Niño Artillero,enero,lunes,8,-101.25019647181,19.6986109999587
27323,27328,2020,,2020/01/13,"08:45:00",COLISIÓN POR ALCANCE,ASFALTO,Bueno,Bueno,2,VENTO,ROJA Y NEGRO,2,,47,MASCULINO,SIN DATOS,0,0,Morelia,Niño Artillero,enero,lunes,9,-101.250203177333,19.6986091060267
27324,27329,2020,,2020/01/13,"09:00:00",COLISIÓN POR CAMBIO DE CARRIL,ASFALTO,Bueno,Bueno,2,NISSAN,BEIGE,1,,,,SIN DATOS,0,0,Morelia,Molino de Parras,enero,lunes,9,-101.20543140918,19.6985096745632
27325,27330,2020,,2020/01/13,"09:00:00",COLISIÓN POR CAMBIO DE CARRIL,ASFALTO,Bueno,Bueno,2,NISSAN,ROJO,2,,70,MASCULINO,SIN DATOS,0,0,Morelia,Sin datos,enero,lunes,9,-101.116118878126,19.7367890590685
27326,27331,2020,MOR200032022,2020/01/13,"09:35:00",COLISIÓN POR ALCANCE,ASFALTO,Bueno,Bueno,2,FORD,BLANCO,2,,43,MASCULINO,SIN DATOS,0,0,Morelia,Los Laureles,enero,lunes,10,-101.231975220144,19.713902192024
27327,27332,2020,LEG28807,2020/01/13,10:09:00,COLISIÓN POR ALCANCE,CONCRETO,Bueno,Bueno,2,HONDA,AZUL,2,,26,MASCULINO,SIN DATOS,0,0,Morelia,Indeco Expropiacion Petrolera,enero,lunes,10,-101.227507665753,19.6836381357602
27328,27333,2020,,2020/01/13,11:00:00,COLISIÓN POR ALCANCE,ASFALTO,Bueno,Bueno,2,NISSAN,NEGRO,2,,45,MASCULINO,SIN DATOS,0,0,Salvador Escalante,Corcuvi,enero,lunes,11,-101.650161109865,19.399931410085
27329,27334,2020,,2020/01/13,13:15:00,COLISIÓN POR CORTE DE CIRCULACIÓN,ASFALTO,Bueno,Bueno,2,VOLKSWAGEN (POLO),NEGRO,0,,,,,0,0,Morelia,Clara Cordova Moran,enero,lunes,13,-101.180807389319,19.7374574560329
27330,27335,2020,,2020/01/13,14:00:00,COLISIÓN POR CORTE DE CIRCULACIÓN,CONCRETO,Bueno,Bueno,2,HONDA,GRIS,2,MINISTERIO PÚBLICO,63,MASCULINO,SIN DATOS,0,0,Morelia,Centro,enero,lunes,14,-101.191538907588,19.7029319475368
27331,27336,2020,,2020/01/13,14:20:00,COLISIÓN POR ALCANCE,ASFALTO,Bueno,Bueno,2,JEEP,GRIS,2,,25,MASCULINO,SIN DATOS,0,0,Morelia,Comision Federal de Electricidad,enero,lunes,14,-101.181287504733,19.681387286894
27332,27337,2020,,2020/01/13,15:10:00,COLISIÓN POR CORTE DE CIRCULACIÓN,ASFALTO,Bueno,Regular,2,FORD,BLANCO,2,,,MASCULINO,SIN DATOS,0,0,Morelia,Ejidal Tres Puentes,enero,lunes,15,-101.225933879614,19.6924451854844
27333,27338,2020,LEG28810,2020/01/13,16:40:00,COLISIÓN POR ALCANCE,ASFALTO,Bueno,Bueno,2,MERCEDES BENZ,ROJO,2,,32,MASCULINO,CON CERTIFICADO,0,0,Morelia,Loma Larga,enero,lunes,17,-101.203418076038,19.6551005247086
27334,27339,2020,,2020/01/13,17:45:00,COLISIÓN POR CAMBIO DE CARRIL,ASFALTO,Bueno,Bueno,2,NISSAN,ROJO,2,MINISTERIO PÚBLICO,,MASCULINO,SIN DATOS,0,0,Morelia,Mariano Escobedo,enero,lunes,18,-101.210451498628,19.7200362494423
27335,27340,2020,,2020/01/13,18:40:00,COLISIÓN POR CAMBIO DE CARRIL,ASFALTO,Bueno,Bueno,2,FORD,AZUL,2,,19,MASCULINO,SIN DATOS,0,0,Morelia,Sin datos,enero,lunes,19,-101.294033825397,19.6864158227547
27336,27341,2020,,2020/01/13,19:50:00,COLISIÓN CONTRA OBJETO FIJO,ASFALTO,Bueno,Bueno,1,NISSAN,GRIS,1,MINISTERIO PÚBLICO,47,MASCULINO,SIN DATOS,0,0,Zacapu,San Miguel,enero,lunes,20,-101.801365070968,19.8161641204318
27337,27342,2020,,2020/01/13,20:25:00,COLISIÓN CONTRA OBJETO FIJO,ASFALTO,Bueno,Bueno,3,BMW,NEGRO,3,,33,MASCULINO,SIN DATOS,0,0,Morelia,Primo Tapia Oriente,enero,lunes,20,-101.159986406565,19.7193352713088
27338,27343,2020,MOR200034518,2020/01/13,20:40:00,SALIDA DE SUPERFICIE DE RODAMIENTO,TERRACERIA,Bueno,Bueno,1,INTERNATIONAL,BLANCO,1,,0,,SIN DATOS,0,0,Morelia,Villas Insurgentes,enero,lunes,21,-101.258793286979,19.6887259478287
27339,27344,2020,"200034513",2020/01/13,22:10:00,SALIDA DE SUPERFICIE DE RODAMIENTO,ASFALTO,Bueno,Bueno,1,CHEVROLET,GRIS,1,,52,MASCULINO,SIN DATOS,0,0,Morelia,Rey Tariacuri (Eucaliptos),enero,lunes,22,-101.200432106853,19.6778351115519
27340,27345,2020,MOR200036454,2020/01/14,"00:00:00",COLISIÓN POR CORTE DE CIRCULACIÓN,ASFALTO,Bueno,Bueno,2,YAMAHA,NEGRO/ROJO,2,,24,MASCULINO,SIN DATOS,0,0,Morelia,Lomas del Valle,enero,martes,0,-101.229469701648,19.6856348300526
27341,27346,2020,MOR200034971,2020/01/14,"07:25:00",COLISIÓN POR CORTE DE CIRCULACIÓN,SIN_DATOS,Bueno,Bueno,2,NISSAN,BLANCO,2,,52,MASCULINO,SIN DATOS,0,0,Morelia,La Colina,enero,martes,7,-101.216142810881,19.7038839354954
27342,27347,2020,MOR200035258,2020/01/14,"09:50:00",COLISIÓN POR CAMBIO DE CARRIL,ASFALTO,Bueno,Bueno,2,NISSAN,BLANCO,2,,48,MASCULINO,SIN DATOS,0,0,Morelia,Alfonso Garcia Robles,enero,martes,10,-101.183907017112,19.7191553709769
27343,27348,2020,LEG28819,2020/01/14,"09:58:00",CAIDA DE MOTOCICLETA,ASFALTO,Bueno,Bueno,1,ITALIKA,NEGRO Y VERDE,1,,,,,1,0,Morelia,Vasco de Quiroga,enero,martes,10,-101.174999065697,19.6991523479471
27344,27349,2020,,2020/01/14,10:00:00,COLISIÓN CON PEATÓN,CONCRETO,Bueno,Bueno,1,HONDA,GRIS,1,,,,,1,0,Morelia,Centro,enero,martes,10,-101.190411038697,19.7078341830944
27345,27350,2020,LEG28822,2020/01/14,10:23:00,COLISIÓN CON PEATÓN,ASFALTO,Bueno,Bueno,1,BENNOTTO,NEGRO Y ROJO,2,MINISTERIO PÚBLICO,0,MASCULINO,SIN DATOS,1,0,Morelia,Alberto Oviedo Mota,enero,martes,10,-101.195863634348,19.6824461052935
27346,27351,2020,MOR200035272,2020/01/14,11:00:00,COLISIÓN POR INVASIÓN DE CARRIL,ASFALTO,Bueno,Bueno,2,RENAULT,NARANJA,2,,32,,SIN DATOS,0,0,Morelia,Quinceo,enero,martes,11,-101.225604303181,19.7286645618529
27347,27352,2020,MOR200035811,2020/01/14,13:01:00,COLISIÓN POR ALCANCE,ASFALTO,Bueno,Bueno,2,GMC,AZUL,2,,47,MASCULINO,SIN DATOS,0,0,Morelia,Tinijaro,enero,martes,13,-101.26316,19.6963297049991
27348,27353,2020,,2020/01/14,13:45:00,CAIDA DE MOTOCICLETA,ASFALTO,Bueno,Bueno,1,VENTO,NEGRO Y GRIS,1,,33,MASCULINO,SIN DATOS,0,0,Salvador Escalante,Sin Nombre,enero,martes,14,-101.656523309648,19.3949296786379
27349,27354,2020,MOR200035986,2020/01/14,13:45:00,COLISIÓN POR CORTE DE CIRCULACIÓN,ASFALTO,Bueno,Bueno,2,VOLKSWAGEN,GRIS,2,,33,FEMENINO,SIN DATOS,0,0,Morelia,Felicitas del Rio,enero,martes,14,-101.195527687669,19.6902115066898
27350,27355,2020,LEG28837,2020/01/14,14:58:00,COLISIÓN POR CAMBIO DE CARRIL,ASFALTO,Bueno,Bueno,2,PETERBILL,BLANCO,2,,53,MASCULINO,SIN DATOS,0,0,Morelia,Enrique Ramirez,enero,martes,15,-101.165651847052,19.7086881668769
27351,27356,2020,MOR200036069,2020/01/14,15:00:00,COLISIÓN POR CAMBIO DE CARRIL,ASFALTO,Bueno,Bueno,2,TOYOTA,BLANCO,2,,33,FEMENINO,SIN DATOS,0,0,Morelia,Las Americas,enero,martes,15,-101.155185252428,19.6875506861214
27352,27357,2020,MOR200036328,2020/01/14,16:33:00,COLISIÓN POR ALCANCE,ASFALTO,Bueno,Bueno,2,NISSAN,ROJO,2,,32,MASCULINO,SIN DATOS,0,0,Morelia,Sentimientos de La Nacion,enero,martes,17,-101.23686991632,19.6848033243396
27353,27358,2020,LEG28833,2020/01/14,17:18:00,COLISIÓN POR ALCANCE,ASFALTO,Bueno,Bueno,2,CHEVROLET,BLANCO,2,,21,MASCULINO,SIN DATOS,0,0,Morelia,Sin datos,enero,martes,17,-101.280661001801,19.6698692646147
27355,27360,2020,MOR200067458,2020/01/14,19:06:00,COLISIÓN POR CORTE DE CIRCULACIÓN,ASFALTO,Bueno,Bueno,2,NISSAN,BLANCO,2,MINISTERIO PÚBLICO,76,MASCULINO,SIN DATOS,0,0,Morelia,Tinijaro,enero,martes,19,-101.26316,19.6963297049991
27356,27361,2020,MOR200037376,2020/01/14,22:40:00,COLISIÓN POR CORTE DE CIRCULACIÓN,CONCRETO,Bueno,Bueno,2,CHEVROLET,BLANCO,2,,20,FEMENINO,SIN DATOS,0,0,Morelia,Chapultepec Sur,enero,martes,23,-101.171714365482,19.6930831482256
27357,27362,2020,MOR200036450,2020/01/14,22:50:00,COLISIÓN POR CORTE DE CIRCULACIÓN,ASFALTO,Bueno,Bueno,2,S/D,S/D,1,MINISTERIO PÚBLICO,,,,1,0,Morelia,Las Flores,enero,martes,23,-101.204330027103,19.7075157049017
27358,27363,2020,"200037597",2020/01/15,"02:57:00",COLISIÓN CONTRA OBJETO FIJO,TERRACERIA,Bueno,Malo,2,VOLKSWAGEN,ROJO,1,,0,MASCULINO,SIN DATOS,0,0,Morelia,Tierra Y Libertad,enero,miércoles,3,-101.223759949207,19.7170644092862
27359,27364,2020,,2020/01/15,"03:00:00",COLISIÓN CONTRA OBJETO FIJO,CONCRETO,Bueno,Bueno,1,RENAULT,BLANCO,1,MINISTERIO PÚBLICO,0,,SIN DATOS,0,0,Morelia,Colinas del Sur,enero,miércoles,3,-101.199614802575,19.6605414587362
27360,27365,2020,,2020/01/15,"07:15:00",VOLCADURA,ASFALTO,Bueno,Bueno,1,VOLKSWAGEN,PLATA,1,,28,FEMENINO,SIN DATOS,0,0,Peribán,Sin datos,enero,miércoles,7,-102.403103448451,19.5495543690448
27361,27366,2020,,2020/01/15,"08:00:00",COLISIÓN POR CAMBIO DE CARRIL,ASFALTO,Bueno,Bueno,2,ITALIKA,BLANCO Y ROJO,2,,50,MASCULINO,SIN DATOS,0,0,Morelia,Molino de Parras,enero,miércoles,8,-101.205897778273,19.7023849306732
27362,27367,2020,,2020/01/15,10:50:00,COLISIÓN POR CORTE DE CIRCULACIÓN,CONCRETO,Bueno,Bueno,2,NISSAN,GRIS,2,,37,FEMENINO,SIN DATOS,0,0,Morelia,Centro,enero,miércoles,11,-101.181364416938,19.7033435504527
27363,27368,2020,,2020/01/15,11:10:00,CAIDA DE MOTOCICLETA,ASFALTO,Bueno,Bueno,1,ITALIKA,ROJO/NEGRO,0,MINISTERIO PÚBLICO,,,,0,0,Pátzcuaro,Sin datos,enero,miércoles,11,-101.587406806648,19.5447774763873
27364,27369,2020,,2020/01/15,11:45:00,COLISIÓN POR CAMBIO DE CARRIL,ASFALTO,Bueno,Bueno,2,NISSAN,BLANCA,2,,0,MASCULINO,SIN DATOS,0,0,Morelia,Elias Perez Avalos,enero,miércoles,12,-101.165461311824,19.7103303372592
27365,27370,2020,,2020/01/15,12:00:00,COLISIÓN POR CAMBIO DE CARRIL,ASFALTO,Bueno,Bueno,2,International,Blanco,2,,26,MASCULINO,SIN DATOS,0,0,Morelia,Villa Universidad,enero,miércoles,12,-101.200397908688,19.6902064559393
27366,27371,2020,,2020/01/15,12:10:00,COLISIÓN POR CAMBIO DE CARRIL,TERRACERIA,Bueno,Regular,2,KENWORTH,ROJO,2,,0,MASCULINO,SIN DATOS,0,0,Morelia,Fidel Velazquez,enero,miércoles,12,-101.236876621842,19.7017971932167
27367,27372,2020,,2020/01/15,12:35:00,COLISIÓN POR CORTE DE CIRCULACIÓN,ASFALTO,Bueno,Bueno,2,FORD,ROJO,2,,45,MASCULINO,SIN DATOS,0,0,Salvador Escalante,Centro,enero,miércoles,13,-101.644535176456,19.4041158462385
27368,27373,2020,,2020/01/15,13:00:00,COLISIÓN POR CORTE DE CIRCULACIÓN,ASFALTO,Bueno,Bueno,1,HONDA,NEGRO,1,,0,,SIN DATOS,0,0,Morelia,Sin datos,enero,miércoles,13,-101.097942888737,19.7303135425237
27369,27374,2020,,2020/01/15,13:30:00,VOLCADURA,ASFALTO,Bueno,Regular,1,CHEVROLET,NEGRO,2,MINISTERIO PÚBLICO,,,SIN DATOS,0,1,Tuzantla,Sin datos,enero,miércoles,14,-100.576605,19.233506
27370,27375,2020,,2020/01/15,13:45:00,COLISIÓN POR CAMBIO DE CARRIL,ASFALTO,Bueno,Bueno,2,KENWORTH,AZUL,2,,40,MASCULINO,SIN DATOS,0,0,Morelia,Nueva Valladolid,enero,miércoles,14,-101.207885965705,19.7010670952925
27371,27376,2020,MOR2003,2020/01/15,14:50:00,COLISIÓN POR CAMBIO DE CARRIL,ASFALTO,Bueno,Bueno,2,HONDA,GRIS,2,,60,MASCULINO,SIN DATOS,0,0,Morelia,Ventura Puente,enero,miércoles,15,-101.179514229298,19.6923268101291
27372,27377,2020,,2020/01/15,15:10:00,COLISIÓN POR ALCANCE,ASFALTO,Bueno,Bueno,2,ITALKA,ROJO,2,,26,MASCULINO,SIN DATOS,0,0,Morelia,San Jose Itzicuaro,enero,miércoles,15,-101.301388442516,19.6876738001616
27373,27378,2020,,2020/01/15,16:10:00,COLISIÓN POR ALCANCE,ASFALTO,Bueno,Bueno,2,CHEVROLET,BLANCO,2,,26,MASCULINO,SIN DATOS,0,0,Morelia,Las Americas,enero,miércoles,16,-101.15527803761,19.6905832056681
27374,27379,2020,,2020/01/15,16:30:00,COLISIÓN CON PEATÓN,SIN_DATOS,Bueno,Bueno,2,MERCEDES,BCO/NARANJA,1,,38,MASCULINO,SIN DATOS,0,0,Morelia,La Hacienda,enero,miércoles,17,-101.314941979945,19.6868801864563
27375,27380,2020,,2020/01/15,16:40:00,COLISIÓN POR CAMBIO DE CARRIL,ASFALTO,Bueno,Bueno,2,CHEVROLET,AZUL,2,,32,MASCULINO,SIN DATOS,0,0,Morelia,La Colina,enero,miércoles,17,-101.216087825596,19.7038627872833
27378,27383,2020,MOR200028928,2020/01/15,18:36:00,COLISIÓN POR MANIOBRA DE REVERSA,ASFALTO,Bueno,Bueno,2,DINA,BLANCO,2,,35,MASCULINO,SIN DATOS,0,0,Morelia,Mariano Michelena,enero,miércoles,19,-101.229971274734,19.676908855942
27379,27384,2020,MOR2000039289,2020/01/15,18:45:00,VOLCADURA,ASFALTO,Bueno,Bueno,1,TOYOTA,BLANCO,1,,32,MASCULINO,SIN DATOS,0,0,Morelia,Justo Mendoza,enero,miércoles,19,-101.232196167111,19.7131188084443
27380,27385,2020,,2020/01/15,19:00:00,COLISIÓN POR INVASIÓN DE CARRIL,CONCRETO,Bueno,Bueno,2,SEAT,GRIS,2,,47,FEMENINO,SIN DATOS,0,0,Morelia,Vasco de Quiroga,enero,miércoles,19,-101.172084441176,19.7019638559701
27381,27386,2020,LEG28862,2020/01/15,21:38:00,COLISIÓN POR CAMBIO DE CARRIL,ASFALTO,Bueno,Bueno,2,VOLKSWAGEN,NEGRO,1,,,,,0,1,Morelia,Fray Antonio de San Miguel Iglesias,enero,miércoles,22,-101.148838730334,19.6870264198328
27382,27387,2020,MOR200040204,2020/01/16,"00:00:00",COLISIÓN POR ALCANCE,CONCRETO,Bueno,Bueno,2,NISSAN,BLANCO,2,,24,MASCULINO,ALIENTO ETÍLICO,0,0,Morelia,Tres Puentes,enero,jueves,0,-101.213524742681,19.7058468756013
27383,27388,2020,,2020/01/16,"00:00:00",COLISIÓN CONTRA OBJETO FIJO,CONCRETO,Bueno,Bueno,1,HONDA,NEGRO,1,,0,,SIN DATOS,0,0,Morelia,Balcones de Santa Maria,enero,jueves,0,-101.186211705208,19.6772330775843