fid,id_accidente,anio_origen,folio_c5i,dia_incidente,hora_ocurrencia,tipo_incidente_vial,superficie_ocurrencia,condiciones_climaticas,condiciones_via,numero_vehiculos_involucrados,marca_vehiculo_ocasiona_siniestro,color_vehiculo_ocasiona_siniestro,numero_personas_involucradas,lugar_remite_presunto_responsable,edad_presunto_responsable,sexo_presunto_responsable,resultados_toxicologia,numero_personas_lesionadas,numero_personas_fallecidas,municipio,colonia,mes,dia_semana,hora_redondeada,lon,lat
27384,27389,2020,,2020/01/16,"03:00:00",VOLCADURA,ASFALTO,Bueno,Bueno,1,HONDA,AZUL MARINO,1,,22,MASCULINO,SIN DATOS,0,0,Tocumbo,Sin datos,enero,jueves,3,-102.56372988224,19.7270060961843
27385,27390,2020,,2020/01/16,"08:15:00",COLISIÓN POR CAMBIO DE CARRIL,ASFALTO,Bueno,Bueno,2,CHEVROLET,ROJO,2,,,MASCULINO,SIN DATOS,0,0,Morelia,Vista Bella,enero,jueves,8,-101.195925675947,19.6790442736003
27386,27391,2020,MOR200040576,2020/01/16,"08:20:00",COLISIÓN POR CORTE DE CIRCULACIÓN,ASFALTO,Bueno,Bueno,2,NISSAN,BLANCO CON ROJO,2,MINISTERIO PÚBLICO,31,MASCULINO,SIN DATOS,0,0,Morelia,Tinijaro,enero,jueves,8,-101.260931648241,19.6960863202958
27388,27393,2020,MOR200037600,2020/01/16,10:16:00,COLISIÓN POR ALCANCE,ASFALTO,Bueno,Bueno,3,VOLKSWAGEN,PLATA,3,,27,MASCULINO,SIN DATOS,0,0,Morelia,Lomas de Morelia (Dr Ignacio Chavez),enero,jueves,10,-101.175452644618,19.7162004988672
27389,27394,2020,,2020/01/16,13:10:00,VOLCADURA,ASFALTO,Bueno,Bueno,1,VOLKSWAGEN,PLATA,0,,,,,0,0,Peribán,Sin datos,enero,jueves,13,-102.429017610848,19.4986467638301
27390,27395,2020,MOR20041991,2020/01/16,15:10:00,COLISIÓN POR CORTE DE CIRCULACIÓN,ASFALTO,Bueno,Bueno,2,MITSUBISHI,PLATA,2,,19,MASCULINO,SIN DATOS,0,0,Morelia,El Lago 3,enero,jueves,15,-101.219665798708,19.7255458202325
27391,27396,2020,MOR200041698,2020/01/16,15:17:00,COLISIÓN POR ALCANCE,ASFALTO,Bueno,Bueno,2,NISSAN,BLANCO,2,,22,FEMENINO,SIN DATOS,0,0,Morelia,Jardines de Torremolinos,enero,jueves,15,-101.228,19.6773
27392,27397,2020,MOR200041911,2020/01/16,16:10:00,COLISIÓN POR ALCANCE,CONCRETO,Bueno,Bueno,2,TOYOTA,PLATA,2,,60,MASCULINO,SIN DATOS,0,0,Morelia,Comision Federal de Electricidad,enero,jueves,16,-101.18,19.682
27393,27398,2020,MOR200041868,2020/01/16,16:34:00,COLISIÓN CON PEATÓN,ASFALTO,Bueno,Bueno,1,NISSAN,BLANCO,2,,39,MASCULINO,SIN DATOS,1,0,Morelia,Eduardo Ruiz,enero,jueves,17,-101.218978555514,19.7196729565452
27394,27399,2020,,2020/01/16,18:20:00,SALIDA DE SUPERFICIE DE RODAMIENTO,ASFALTO,Bueno,Bueno,2,DODGE,ROJO,2,MINISTERIO PÚBLICO,35,MASCULINO,SIN DATOS,0,0,Zacapu,Sin datos,enero,jueves,18,-101.810364760458,19.821719300105
27395,27400,2020,MOR200042624,2020/01/16,20:14:00,COLISIÓN POR CAMBIO DE CARRIL,ASFALTO,Bueno,Bueno,2,HONDA,BLANCO,2,,43,MASCULINO,CON CERTIFICADO,0,0,Morelia,Nueva Valladolid,enero,jueves,20,-101.214162415,19.7004326249991
27396,27401,2020,,2020/01/16,20:47:00,COLISIÓN POR ALCANCE,ASFALTO,Bueno,Bueno,2,CHRTSLER,GRIS,2,,22,FEMENINO,SIN DATOS,0,0,Morelia,Las Americas,enero,jueves,21,-101.159017123282,19.6879670637376
27397,27402,2020,MOR200042698,2020/01/16,20:54:00,COLISIÓN POR CORTE DE CIRCULACIÓN,ASFALTO,Bueno,Bueno,2,RENAULT,NEGRO,2,,27,FEMENINO,SIN DATOS,0,0,Morelia,Centro,enero,jueves,21,-101.18218963,19.7028850649992
27398,27403,2020,,2020/01/17,"00:00:00",COLISIÓN POR MANIOBRA DE REVERSA,ASFALTO,Bueno,Bueno,2,CATERPILLAR,AMARILLO,2,,47,MASCULINO,SIN DATOS,0,0,Morelia,Residencial Los Duraznos,enero,viernes,0,-101.225,19.6625
27399,27404,2020,,2020/01/17,"02:45:00",COLISIÓN CONTRA OBJETO FIJO,ASFALTO,Bueno,Bueno,1,SATURN,CAFE,0,,,,,0,0,Los Reyes,Sin datos,enero,viernes,3,-102.503273892532,19.6130056318782
27400,27405,2020,"200043165",2020/01/17,"03:10:00",COLISIÓN CONTRA OBJETO FIJO,ASFALTO,Bueno,Regular,1,FORD,ARENA,1,,34,MASCULINO,ALIENTO ETÍLICO,0,0,Morelia,Dr Miguel Silva,enero,viernes,3,-101.185227946917,19.717204814836
27401,27406,2020,,2020/01/17,"09:46:00",COLISIÓN POR ALCANCE,ASFALTO,Bueno,Bueno,2,VOLKSWAGEN,NEGRO,2,,,MASCULINO,SIN DATOS,0,0,Morelia,Ignaci0 Ramirez,enero,viernes,10,-101.222825928467,19.725923569034
27402,27407,2020,,2020/01/17,10:20:00,COLISIÓN POR ALCANCE,ASFALTO,Bueno,Bueno,2,NISSAN,GRIS,2,,46,MASCULINO,SIN DATOS,0,0,Morelia,Elias Perez Avalos,enero,viernes,10,-101.165514104068,19.7104094457988
27403,27408,2020,,2020/01/17,11:00:00,COLISIÓN POR ALCANCE,SIN_DATOS,Bueno,Bueno,2,DODGE,AZUL,2,,37,MASCULINO,SIN DATOS,0,0,Morelia,Cosmos,enero,viernes,11,-101.218864325,19.6866183099992
27404,27409,2020,,2020/01/17,13:20:00,COLISIÓN POR CORTE DE CIRCULACIÓN,ASFALTO,Bueno,Bueno,2,NISSAN,PLATA,2,,64,MASCULINO,SIN DATOS,0,0,Morelia,San Rafael,enero,viernes,13,-101.152337704762,19.6999683672239
27405,27410,2020,MOR200044065,2020/01/17,13:25:00,COLISIÓN POR CORTE DE CIRCULACIÓN,ASFALTO,Bueno,Bueno,2,NISSAN,BLANCO,2,,27,MASCULINO,SIN DATOS,0,0,Morelia,Felix Ireta,enero,viernes,13,-101.1919749,19.6869904499991
27406,27411,2020,,2020/01/17,14:20:00,COLISIÓN POR CAMBIO DE CARRIL,ASFALTO,Bueno,Bueno,2,TOYOTA,BLANCO,2,,50,MASCULINO,SIN DATOS,0,0,Morelia,Dr Miguel Silva,enero,viernes,14,-101.185227946917,19.717204814836
27407,27412,2020,,2020/01/17,14:20:00,COLISIÓN POR CORTE DE CIRCULACIÓN,ASFALTO,Bueno,Bueno,2,RENAULT,GRIS,2,,60,MASCULINO,SIN DATOS,0,0,Morelia,Centro,enero,viernes,14,-101.18754847,19.7028479949991
27410,27415,2020,MOR200044542,2020/01/17,16:00:00,COLISIÓN POR CAMBIO DE CARRIL,ASFALTO,Bueno,Bueno,2,MERCEDES BENZ,BLANCO,2,MINISTERIO PÚBLICO,31,MASCULINO,SIN DATOS,0,0,Morelia,Centro,enero,viernes,16,-101.18754847,19.7028479949991
27411,27416,2020,,2020/01/17,16:15:00,COLISIÓN POR CAMBIO DE CARRIL,ASFALTO,Bueno,Bueno,2,NISSAN,AZUL,2,,22,FEMENINO,SIN DATOS,0,0,Morelia,Vista Bella,enero,viernes,16,-101.195925675947,19.6790442736003
27412,27417,2020,MOR200044985,2020/01/17,17:30:00,COLISIÓN POR ALCANCE,ASFALTO,Bueno,Bueno,3,CHEVROLET,VINO,3,MINISTERIO PÚBLICO,19,MASCULINO,SIN DATOS,0,0,Morelia,Felix Ireta,enero,viernes,18,-101.194584220648,19.6819062792559
27413,27418,2020,,2020/01/17,17:35:00,COLISIÓN POR CAMBIO DE CARRIL,ASFALTO,Bueno,Bueno,2,FREIGHTLINER,AMARILLO,2,,59,MASCULINO,SIN DATOS,0,0,Morelia,Prados Verdes,enero,viernes,18,-101.19377628,19.7139633849992
27414,27419,2020,,2020/01/17,18:30:00,COLISIÓN POR CAMBIO DE CARRIL,ASFALTO,Bueno,Bueno,2,FREIGHLINER,BLANCO,2,,58,MASCULINO,SIN DATOS,0,0,Morelia,Indeco El Vivero,enero,viernes,19,-101.230286120312,19.6793258035144
27415,27420,2020,MOR200345360,2020/01/17,19:40:00,COLISIÓN POR ALCANCE,ASFALTO,Bueno,Bueno,2,CHEVROLET,PLATA,2,,49,MASCULINO,SIN DATOS,0,0,Morelia,Campamento Ferrocarrilero,enero,viernes,20,-101.203038605,19.7048187049992
27416,27421,2020,,2020/01/17,20:35:00,COLISIÓN POR CORTE DE CIRCULACIÓN,ASFALTO,Bueno,Bueno,2,FORD,GRIS,2,,17,MASCULINO,SIN DATOS,0,0,Morelia,Ventura Puente,enero,viernes,21,-101.193225725,19.6917077449992
27417,27422,2020,LEG28897,2020/01/17,22:00:00,COLISIÓN POR ALCANCE,CONCRETO,Bueno,Bueno,2,HYUNDAI,GRIS,2,,,FEMENINO,SIN DATOS,0,0,Morelia,Jardines de Torremolinos,enero,viernes,22,-101.227770565645,19.6784160171512
27418,27423,2020,,2020/01/18,"00:00:00",COLISIÓN POR INVASIÓN DE CARRIL,ASFALTO,Bueno,Bueno,2,HONDA,NEGRO,6,MINISTERIO PÚBLICO,31,MASCULINO,SIN DATOS,4,0,Zacapu,Villa Guzman,enero,sábado,0,-101.781795211136,19.8066179283294
27419,27424,2020,,2020/01/18,"00:00:00",SALIDA DE SUPERFICIE DE RODAMIENTO,ASFALTO,Bueno,Bueno,1,VENTO,NEGRO/AMARILLO,0,MINISTERIO PÚBLICO,,,,0,0,Pátzcuaro,Juventino Rosas,enero,sábado,0,-101.61350402981,19.5081415102066
27420,27425,2020,MOR200046059,2020/01/18,"01:55:00",COLISIÓN CONTRA OBJETO FIJO,ASFALTO,Bueno,Bueno,2,FORD,BLANCO,2,,0,,SIN DATOS,0,0,Morelia,Centro,enero,sábado,2,-101.190363525,19.7062042149992
27422,27427,2020,,2020/01/18,"03:10:00",COLISIÓN CONTRA OBJETO FIJO,ASFALTO,Bueno,Bueno,1,DODGE,ROJO,1,,33,MASCULINO,SIN DATOS,0,0,Morelia,Sentimientos de La Nacion,enero,sábado,3,-101.232740990818,19.677922243706
27423,27428,2020,,2020/01/18,"03:10:00",COLISIÓN CONTRA OBJETO FIJO,ASFALTO,Bueno,Bueno,1,CHEVROLET,ROJO,1,,27,MASCULINO,ALIENTO ETÍLICO,0,0,Morelia,Loma Real,enero,sábado,3,-101.19842145592,19.7291774045549
27424,27429,2020,,2020/01/18,"03:55:00",VOLCADURA,ASFALTO,Bueno,Bueno,1,NISSAN SENTRA,BLANCO,0,,,,,0,0,Morelia,Enrique Arreguin Robles,enero,sábado,4,-101.187260113657,19.7210749286335
27425,27430,2020,,2020/01/18,"04:00:00",COLISIÓN CONTRA OBJETO FIJO,ASFALTO,Bueno,Bueno,1,PONTIAC (G3),GRIS,1,,0,,SIN DATOS,0,0,Morelia,Enrique Arreguin Robles,enero,sábado,4,-101.183605700198,19.7205627691397
27426,27431,2020,,2020/01/18,"05:05:00",COLISIÓN POR ALCANCE,ASFALTO,Bueno,Bueno,2,FORD EXPLORER,NEGRO,2,,22,MASCULINO,SIN DATOS,0,0,Tarímbaro,Campestre Tarimbaro,enero,sábado,5,-101.130171641707,19.7767847537395
27427,27432,2020,LEG28907,2020/01/18,"07:00:00",COLISIÓN POR ALCANCE,ASFALTO,Bueno,Bueno,2,VOLKSWAGEN,VERDE,2,,28,MASCULINO,CON CERTIFICADO,0,0,Morelia,Articulo Constitucional,enero,sábado,7,-101.171571202576,19.714461163215
27428,27433,2020,,2020/01/18,"07:20:00",COLISIÓN POR CORTE DE CIRCULACIÓN,ASFALTO,Bueno,Bueno,2,ITALIKA,AZUL,2,,45,MASCULINO,SIN DATOS,0,0,Peribán,Sin datos,enero,sábado,7,-102.446443922818,19.5542862569541
27429,27434,2020,"200046333",2020/01/18,"08:30:00",COLISIÓN POR CORTE DE CIRCULACIÓN,CONCRETO,Bueno,Regular,2,CHEVROLET,GRIS,0,MINISTERIO PÚBLICO,,,,0,0,Morelia,Vasco de Quiroga,enero,sábado,9,-101.173186898232,19.6990002025167
27430,27435,2020,MOR200046411,2020/01/18,"08:45:00",COLISIÓN CONTRA OBJETO FIJO,ASFALTO,Bueno,Bueno,1,CHEVROLET,NEGRO,0,,,,,0,0,Morelia,Sentimientos de La Nacion,enero,sábado,9,-101.233244240284,19.6781025060915
27431,27436,2020,,2020/01/18,"09:30:00",SALIDA DE SUPERFICIE DE RODAMIENTO,ASFALTO,Bueno,Bueno,1,YAMAHA,NARANJA,2,,,FEMENINO,SIN DATOS,1,0,Cuitzeo,El Embarcadero,enero,sábado,10,-101.135752983391,19.9582921206952
27432,27437,2020,LEG28909,2020/01/18,"09:40:00",COLISIÓN POR CAMBIO DE CARRIL,ASFALTO,Bueno,Bueno,2,TOYOTA,BLANCO CON GRIS,2,,23,MASCULINO,SIN DATOS,0,0,Morelia,Camelinas,enero,sábado,10,-101.169737505232,19.682129334734
27433,27438,2020,,2020/01/18,"09:42:00",COLISIÓN POR CORTE DE CIRCULACIÓN,ASFALTO,Bueno,Bueno,2,FREIGHTLINER,BLANCO,2,MINISTERIO PÚBLICO,23,MASCULINO,SIN DATOS,0,0,Morelia,Tenencia Morelos,enero,sábado,10,-101.249412657187,19.6458547283517
27434,27439,2020,LEG28919,2020/01/18,10:30:00,COLISIÓN POR CORTE DE CIRCULACIÓN,ASFALTO,Bueno,Bueno,1,TOYOTA,GRIS,0,,,,,0,0,Morelia,El Lago 3,enero,sábado,11,-101.221018061042,19.7274138499484
27436,27441,2020,MOR200047134,2020/01/18,13:50:00,COLISIÓN CONTRA OBJETO FIJO,ASFALTO,Bueno,Bueno,1,CHRYSLER,PLATA,1,,49,MASCULINO,SIN DATOS,0,0,Morelia,La Calera,enero,sábado,14,-101.235750764608,19.6727611603462
27437,27442,2020,MOR 200046608,2020/01/18,16:20:00,SUBIDA AL CAMELLÓN,CONCRETO,Bueno,Bueno,1,NISSAN,BLANCO,1,,24,MASCULINO,ALIENTO ETÍLICO,0,0,Morelia,Indeco Santiaguito,enero,sábado,16,-101.178560368717,19.7201400861038
27438,27443,2020,,2020/01/18,16:45:00,COLISIÓN POR ALCANCE,ASFALTO,Bueno,Bueno,2,CHRYSLER,AZUL,2,,55,MASCULINO,SIN DATOS,0,0,Morelia,Eduardo Ruiz,enero,sábado,17,-101.221859682349,19.7216992118204
27439,27444,2020,MOR200047716,2020/01/18,16:50:00,COLISIÓN POR CAMBIO DE CARRIL,ASFALTO,Bueno,Bueno,2,DODGE,AZUL,2,,62,MASCULINO,SIN DATOS,0,0,Morelia,Arboledas de Valladolid,enero,sábado,17,-101.250261515379,19.6973022875779
27440,27445,2020,LEG28918,2020/01/18,23:14:00,COLISIÓN POR ALCANCE,ASFALTO,Bueno,Bueno,2,SIN DATOS,SIN DATOS,1,MINISTERIO PÚBLICO,,,,1,0,Morelia,Jardines del Rincon,enero,sábado,23,-101.150493733585,19.6906584974787
27441,27446,2020,LEG28920,2020/01/19,"01:18:00",COLISIÓN POR CAMBIO DE CARRIL,CONCRETO,Bueno,Bueno,2,VOLVO,AZUL,2,,39,MASCULINO,CON CERTIFICADO,0,0,Morelia,Loma Bonita,enero,domingo,1,-101.196718253195,19.7207959282618
27442,27447,2020,,2020/01/19,"03:45:00",COLISIÓN CONTRA OBJETO FIJO,ASFALTO,Bueno,Bueno,1,CHEVROLET,NEGRO,0,,,,,0,0,Salvador Escalante,Opopeo,enero,domingo,4,-101.606964804232,19.4122911876577
27443,27448,2020,,2020/01/19,"05:45:00",COLISIÓN CONTRA OBJETO FIJO,ASFALTO,Bueno,Bueno,1,JEEP,BLANCO,1,,37,MASCULINO,ALIENTO ETÍLICO,0,0,Salvador Escalante,Centro,enero,domingo,6,-101.640629209578,19.4054272552167
27444,27449,2020,,2020/01/19,"08:30:00",COLISIÓN CONTRA OBJETO FIJO,ASFALTO,Bueno,Bueno,1,Volkswagen,Rojo,1,,0,,SIN DATOS,0,0,Morelia,Sentimientos de La Nacion,enero,domingo,9,-101.233105771244,19.6780497848894
27445,27450,2020,,2020/01/19,"08:40:00",COLISIÓN POR CORTE DE CIRCULACIÓN,ASFALTO,Bueno,Bueno,2,Volkswagen,Blanco,2,,38,FEMENINO,SIN DATOS,0,0,Morelia,Vasco de Quiroga,enero,domingo,9,-101.171907819808,19.7025724254118
27446,27451,2020,,2020/01/19,"09:30:00",VOLCADURA,CONCRETO,Bueno,Bueno,1,CHEVROLET,BLANCO,2,MINISTERIO PÚBLICO,,MASCULINO,SIN DATOS,0,1,Lázaro Cárdenas,Sin datos,enero,domingo,10,-102.223454788327,17.9327190031323
27447,27452,2020,,2020/01/19,10:15:00,COLISIÓN POR CAMBIO DE CARRIL,ASFALTO,Bueno,Bueno,2,ITALIKA,NEGRO Y  VERDE,2,,0,MASCULINO,SIN DATOS,0,0,Morelia,Sentimientos de La Nacion,enero,domingo,10,-101.233194944297,19.682432823539
27448,27453,2020,,2020/01/19,10:30:00,COLISIÓN POR CORTE DE CIRCULACIÓN,ASFALTO,Bueno,Bueno,1,CHYSLER,Roja,1,,,MASCULINO,SIN DATOS,0,0,Morelia,Fidel Velazquez,enero,domingo,11,-101.236731112003,19.7072319462949
27449,27454,2020,LEG28931,2020/01/19,12:26:00,COLISIÓN POR CORTE DE CIRCULACIÓN,ASFALTO,Bueno,Malo,2,ITALIKA,NEGRO/VERDE,2,,0,MASCULINO,SIN DATOS,0,0,Morelia,Defensores De Puebla,enero,domingo,12,-101.233457140625,19.7165228062968
27452,27457,2020,,2020/01/19,16:25:00,COLISIÓN POR CORTE DE CIRCULACIÓN,TERRACERIA,Bueno,Bueno,2,FORD,ROJO,4,MINISTERIO PÚBLICO,53,MASCULINO,SIN DATOS,3,0,Morelia,Sin datos,enero,domingo,16,-101.1145266518,19.736808940605
27453,27458,2020,,2020/01/19,17:10:00,SUBIDA AL CAMELLÓN,ASFALTO,Lluvioso,Bueno,1,TOYOTA,CAFE,1,,59,MASCULINO,SIN DATOS,0,0,Morelia,Los Manantiales de Morelia,enero,domingo,17,-101.242941766977,19.7002934340642
27454,27459,2020,,2020/01/19,17:10:00,COLISIÓN CONTRA OBJETO FIJO,CONCRETO,Lluvioso,Regular,1,PONTIAC,NEGRO,0,,,,,0,0,Tarímbaro,San Carlos,enero,domingo,17,-101.08158711344,19.7890752462915
27456,27461,2020,LEG28932,2020/01/19,17:30:00,COLISIÓN POR CAMBIO DE CARRIL,ASFALTO,Lluvioso,Bueno,2,NISSAN,GRIS,2,,0,MASCULINO,SIN DATOS,0,0,Morelia,La Floresta,enero,domingo,18,-101.150495929978,19.6841052995759
27457,27462,2020,,2020/01/19,17:35:00,COLISIÓN POR ALCANCE,ASFALTO,Lluvioso,Bueno,2,Ford,Gris,2,,19,MASCULINO,SIN DATOS,0,0,Morelia,Felix Ireta,enero,domingo,18,-101.195666156709,19.681496199664
27458,27463,2020,,2020/01/19,17:40:00,COLISIÓN POR CAMBIO DE CARRIL,ASFALTO,Lluvioso,Bueno,2,PONTIAC (G2),BLANCO,2,,26,MASCULINO,SIN DATOS,0,0,Morelia,Prados de La Huerta,enero,domingo,18,-101.223478652537,19.6682303953007
27459,27464,2020,,2020/01/19,18:20:00,COLISIÓN POR ALCANCE,ASFALTO,Lluvioso,Regular,2,PONTIAC,GRIS,2,MINISTERIO PÚBLICO,0,,SIN DATOS,0,0,Morelia,Morelos,enero,domingo,18,-101.206943181225,19.7013739021134
27460,27465,2020,,2020/01/19,20:06:00,COLISIÓN POR INVASIÓN DE CARRIL,ASFALTO,Nublado,Bueno,2,VOLKSWAGEN,PLATA,7,MINISTERIO PÚBLICO,44,MASCULINO,SIN DATOS,5,0,Erongarícuaro,Sin datos,enero,domingo,20,-101.742182672024,19.6037057572407
27461,27466,2020,,2020/01/19,20:45:00,SALIDA DE SUPERFICIE DE RODAMIENTO,ASFALTO,Bueno,Bueno,1,VOLKSWAGEN,GRIS,1,,0,FEMENINO,SIN DATOS,0,0,Morelia,Sin datos,enero,domingo,21,-101.098808906972,19.7304151633595
27462,27467,2020,,2020/01/19,21:00:00,COLISIÓN POR ALCANCE,ASFALTO,Bueno,Bueno,2,HYUNDAI,GRIS,2,,30,MASCULINO,SIN DATOS,0,0,Morelia,Tzindurio de Morelos,enero,domingo,21,-101.245044000887,19.6974820969065
27463,27468,2020,LEG28937,2020/01/19,21:20:00,COLISIÓN POR CORTE DE CIRCULACIÓN,ASFALTO,Bueno,Bueno,2,VOLKSWAGEN,PLATA,2,MINISTERIO PÚBLICO,0,MASCULINO,SIN DATOS,0,0,Morelia,Centro,enero,domingo,21,-101.18754847,19.7028479949991
27464,27469,2020,,2020/01/19,21:30:00,COLISIÓN CONTRA OBJETO FIJO,CONCRETO,Lluvioso,Regular,1,VOLKSWAGEN,BLANCO,0,,,,,0,0,Morelia,Centro,enero,domingo,22,-101.18754847,19.7028479949991
27465,27470,2020,,2020/01/19,22:00:00,VOLCADURA,ASFALTO,Bueno,Bueno,1,VOLKSWAGEN,BLANCO,1,,20,MASCULINO,SIN DATOS,0,0,Peribán,Sin datos,enero,domingo,22,-102.445387132466,19.5531378145742
27466,27471,2020,,2020/01/19,22:40:00,COLISIÓN POR CORTE DE CIRCULACIÓN,SIN_DATOS,Bueno,Bueno,1,Dodge,Verde,1,,30,MASCULINO,SIN DATOS,0,0,Morelia,Indeco El Vivero,enero,domingo,23,-101.231717392802,19.6776561926
27467,27472,2020,,2020/01/19,23:15:00,COLISIÓN POR ALCANCE,ASFALTO,Bueno,Bueno,2,CHEVROLET,BLANCO,11,MINISTERIO PÚBLICO,31,MASCULINO,SIN DATOS,10,0,Peribán,Sin datos,enero,domingo,23,-102.444834597409,19.552533417818
27468,27473,2020,,2020/01/19,23:55:00,SALIDA DE SUPERFICIE DE RODAMIENTO,ASFALTO,Bueno,Bueno,1,HONDA,PLATA,0,,,,,0,0,Peribán,Sin datos,enero,domingo,0,-102.447176165879,19.5550609375402
27469,27474,2020,MOR200052348,2020/01/20,"07:40:00",COLISIÓN POR ALCANCE,ASFALTO,Bueno,Bueno,2,HYUNDAI,PLATA,2,,34,MASCULINO,SIN DATOS,0,0,Morelia,Fracc Heroes Republicanos,enero,lunes,8,-101.277236426629,19.6932194221955
27470,27475,2020,LEG28946,2020/01/20,"08:32:00",COLISIÓN POR ALCANCE,ASFALTO,Bueno,Bueno,2,CHEVROLET,ROJO,2,,38,MASCULINO,SIN DATOS,0,0,Morelia,Alberto Oviedo Mota,enero,lunes,9,-101.198908182011,19.681555672698
27471,27476,2020,,2020/01/20,10:20:00,SALIDA DE SUPERFICIE DE RODAMIENTO,ASFALTO,Bueno,Regular,1,CHEVROLET,BLANCO,1,,23,MASCULINO,SIN DATOS,0,0,Santa Ana Maya,Sin datos,enero,lunes,10,-101.059818640351,20.0620675221422
27472,27477,2020,,2020/01/20,15:40:00,SALIDA DE SUPERFICIE DE RODAMIENTO,ASFALTO,Bueno,Bueno,1,NISSAN,BLANCO,0,MINISTERIO PÚBLICO,,,,0,0,Erongarícuaro,Sin datos,enero,lunes,16,-101.742204464972,19.6036675403421
27474,27479,2020,"200054230",2020/01/20,19:15:00,COLISIÓN POR ALCANCE,ASFALTO,Bueno,Regular,2,DODGE,ROJO,2,,45,MASCULINO,SIN DATOS,0,0,Morelia,Loma Larga,enero,lunes,19,-101.20236903,19.6564358099991
27475,27480,2020,MOR200789563,2020/01/20,19:51:00,COLISIÓN POR CORTE DE CIRCULACIÓN,ASFALTO,Bueno,Bueno,2,ITALIKA,NEGRO,1,,0,MASCULINO,SIN DATOS,0,0,Morelia,Irrigacion,enero,lunes,20,-101.22520209,19.7051928999992
27476,27481,2020,MOR200054881,2020/01/20,20:26:00,VOLCADURA,ASFALTO,Bueno,Bueno,1,VOLKSWAGEN,GRIS,1,,0,MASCULINO,SIN DATOS,0,0,Morelia,Sin datos,enero,lunes,20,-101.420884430346,19.6295864097509
27477,27482,2020,MOR200054490,2020/01/20,20:40:00,COLISIÓN POR CORTE DE CIRCULACIÓN,CONCRETO,Bueno,Bueno,2,YAHAMA,BLANCO Y AZUL,3,MINISTERIO PÚBLICO,0,,SIN DATOS,1,0,Morelia,Jesus del Monte,enero,lunes,21,-101.154211082822,19.6509234359309
27478,27483,2020,,2020/01/20,22:20:00,CAIDA ACUATICA DE VEHÍCULO,CONCRETO,Bueno,Bueno,1,FORD,AZUL,0,,,,,0,0,Morelia,Ignacio Lopez Rayon,enero,lunes,22,-101.250591165,19.6897065849991
27479,27484,2020,MOR20054833,2020/01/20,23:50:00,COLISIÓN CONTRA OBJETO FIJO,CONCRETO,Bueno,Bueno,2,NISSAN,ROJO,2,,0,MASCULINO,SIN DATOS,0,0,Morelia,Prados Verdes,enero,lunes,0,-101.19721026,19.7150711099991
27480,27485,2020,,2020/01/21,"07:40:00",COLISIÓN CONTRA OBJETO FIJO,CONCRETO,Nublado,Bueno,2,CHEVROLET (AVEO),ARENA,2,,22,MASCULINO,SIN DATOS,0,0,Morelia,Ventura Puente,enero,martes,8,-101.187886795,19.6936008749991
27482,27487,2020,MOR200029284,2020/01/21,"09:28:00",COLISIÓN POR CORTE DE CIRCULACIÓN,ASFALTO,Bueno,Bueno,2,TOYOTA,BLANCO,2,,37,MASCULINO,SIN DATOS,0,0,Morelia,Cosmos,enero,martes,9,-101.219087485,19.6861478699992
27483,27488,2020,,2020/01/21,10:47:00,COLISIÓN POR INVASIÓN DE CARRIL,ASFALTO,Bueno,Bueno,2,JEEP,GRIS,2,,35,FEMENINO,SIN DATOS,0,0,Morelia,Lomas de Hidalgo,enero,martes,11,-101.158573945,19.6964721499991
27484,27489,2020,,2020/01/21,14:40:00,COLISIÓN POR CORTE DE CIRCULACIÓN,ASFALTO,Bueno,Bueno,2,VOLKSWAGEN,GRIS,4,,35,FEMENINO,SIN DATOS,2,0,Pátzcuaro,Centro,enero,martes,15,-101.609478585764,19.5308228296489
27486,27491,2020,,2020/01/21,19:20:00,COLISIÓN POR CORTE DE CIRCULACIÓN,ASFALTO,Bueno,Bueno,2,FORD,VERDE PINO,2,,70,MASCULINO,SIN DATOS,0,0,Pátzcuaro,Centro,enero,martes,19,-101.617757342756,19.5162379777085
27487,27492,2020,LEG28967,2020/01/21,19:35:00,COLISIÓN POR ALCANCE,ASFALTO,Bueno,Bueno,2,CHEVROLET,AZUL,2,MINISTERIO PÚBLICO,33,MASCULINO,SIN DATOS,0,0,Tarímbaro,Sin datos,enero,martes,20,-101.116748191416,19.7809433161885
27488,27493,2020,,2020/01/21,19:40:00,COLISIÓN POR ALCANCE,CONCRETO,Bueno,Regular,2,VOLKSWAGEN EURO V,BCO/ROSA,2,,28,MASCULINO,SIN DATOS,0,0,Morelia,Prados Verdes,enero,martes,20,-101.199782310949,19.7166640281338
27489,27494,2020,,2020/01/21,20:30:00,COLISIÓN CONTRA OBJETO FIJO,CONCRETO,Bueno,Bueno,2,CHEVROLET,ARENA,2,MINISTERIO PÚBLICO,0,,SIN DATOS,0,0,Morelia,Ejidal Ocolusen,enero,martes,21,-101.155585494629,19.6843663227041
27490,27495,2020,LEG28971,2020/01/21,21:16:00,COLISIÓN POR ALCANCE,ASFALTO,Bueno,Bueno,3,NISSAN,BLANCO,3,MINISTERIO PÚBLICO,40,MASCULINO,SIN DATOS,0,0,Morelia,Ana Maria Gallaga (Riviera),enero,martes,21,-101.226587956851,19.6753457891374
27491,27496,2020,LEG28969,2020/01/21,21:19:00,COLISIÓN CONTRA OBJETO FIJO,ASFALTO,Bueno,Bueno,1,VOLKSWAGEN,BLANCO,1,MINISTERIO PÚBLICO,0,,SIN DATOS,0,0,Morelia,La Joya,enero,martes,21,-101.19704041,19.6637516349991