fid,id_accidente,anio_origen,folio_c5i,dia_incidente,hora_ocurrencia,tipo_incidente_vial,superficie_ocurrencia,condiciones_climaticas,condiciones_via,numero_vehiculos_involucrados,marca_vehiculo_ocasiona_siniestro,color_vehiculo_ocasiona_siniestro,numero_personas_involucradas,lugar_remite_presunto_responsable,edad_presunto_responsable,sexo_presunto_responsable,resultados_toxicologia,numero_personas_lesionadas,numero_personas_fallecidas,municipio,colonia,mes,dia_semana,hora_redondeada,lon,lat
27492,27497,2020,,2020/01/21,22:40:00,COLISIÓN POR CORTE DE CIRCULACIÓN,ASFALTO,Bueno,Bueno,2,NISSAN,GRIS,2,MINISTERIO PÚBLICO,25,MASCULINO,SIN DATOS,0,0,Morelia,Gustavo Diaz Ordaz,enero,martes,23,-101.20526233,19.6927175549991
27493,27498,2020,LEG28972,2020/01/22,"07:13:00",COLISIÓN POR ALCANCE,ASFALTO,Bueno,Bueno,2,ITALIKA,NEGRO,2,,,MASCULINO,SIN DATOS,0,0,Tarímbaro,Sin datos,enero,miércoles,7,-101.172770820558,19.7489056075902
27494,27499,2020,,2020/01/22,"08:20:00",CAIDA DE MOTOCICLETA,ASFALTO,Bueno,Bueno,1,ITALIKA,NEGRO,2,,27,MASCULINO,SIN DATOS,1,0,Morelia,Bosques de Oriente,enero,miércoles,8,-101.155759245157,19.7153862546648
27495,27500,2020,MOR200057873,2020/01/22,"08:20:00",CAIDA DE MOTOCICLETA,ASFALTO,Bueno,Bueno,1,ITALIKA,NEGRO,2,,27,MASCULINO,SIN DATOS,1,0,Morelia,Bosques de Oriente,enero,miércoles,8,-101.155555061996,19.715527337742
27496,27501,2020,MOR200057951,2020/01/22,"08:35:00",COLISIÓN POR CORTE DE CIRCULACIÓN,ASFALTO,Bueno,Bueno,2,KENWORTH,ROJO,2,,34,MASCULINO,SIN DATOS,0,0,Morelia,Felipe Carrillo Puerto,enero,miércoles,9,-101.177427865661,19.7308068402022
27497,27502,2020,MOR200058895,2020/01/22,14:00:00,COLISIÓN POR CORTE DE CIRCULACIÓN,CONCRETO,Bueno,Bueno,2,NISSAN,BLANCO,2,,0,MASCULINO,SIN DATOS,0,0,Morelia,Campestre Los Manantiales,enero,miércoles,14,-101.237464360893,19.6889109331725
27498,27503,2020,MOR200058939,2020/01/22,14:10:00,COLISIÓN POR CORTE DE CIRCULACIÓN,ASFALTO,Bueno,Bueno,2,TOYOTA,BLANCO Y MORADO,2,,59,MASCULINO,SIN DATOS,0,0,Morelia,Lazaro Cardenas,enero,miércoles,14,-101.165203973651,19.7102216446132
27499,27504,2020,,2020/01/22,15:00:00,COLISIÓN POR INVASIÓN DE CARRIL,ASFALTO,Bueno,Bueno,2,NISSAN,GRIS,3,MINISTERIO PÚBLICO,,,SIN DATOS,1,0,Zacapu,Anahuac,enero,miércoles,15,-101.779696047306,19.8150841593166
27500,27505,2020,MOR200059377,2020/01/22,16:30:00,COLISIÓN POR ALCANCE,ASFALTO,Bueno,Bueno,2,NISSAN,ARENA,2,,37,MASCULINO,SIN DATOS,0,0,Morelia,Tzindurio de Morelos,enero,miércoles,17,-101.243239156902,19.695872982139
27501,27506,2020,MOR200059482,2020/01/22,17:30:00,COLISIÓN POR ALCANCE,ASFALTO,Bueno,Bueno,2,BAJAJ,NEGRO,2,,56,MASCULINO,SIN DATOS,0,0,Morelia,Ventura Puente,enero,miércoles,18,-101.17973651737,19.6908431649191
27502,27507,2020,MOR200190127,2020/01/22,18:07:00,COLISIÓN CON PEATÓN,ASFALTO,Bueno,Bueno,1,NISSAN,ROJO,1,,,,,1,0,Morelia,Centro,enero,miércoles,18,-101.198631338775,19.6979831602606
27503,27508,2020,MOR200059759,2020/01/22,19:10:00,COLISIÓN CON PEATÓN,ASFALTO,Bueno,Bueno,1,VOLKSWAGEN,AZUL,2,MINISTERIO PÚBLICO,34,MASCULINO,SIN DATOS,0,1,Morelia,Vasco de Quiroga,enero,miércoles,19,-101.170376264184,19.697173714014
27504,27509,2020,MOR200060223,2020/01/22,20:20:00,COLISIÓN POR CORTE DE CIRCULACIÓN,CONCRETO,Bueno,Bueno,2,NISSAN,AZUL,2,,56,MASCULINO,SIN DATOS,0,0,Morelia,Jose Ma Pino Suarez,enero,miércoles,20,-101.163260377944,19.7206699992016
27505,27510,2020,,2020/01/22,22:10:00,COLISIÓN POR INVASIÓN DE CARRIL,ASFALTO,Bueno,Bueno,2,VOLKSWAGEN,NEGRO,1,MINISTERIO PÚBLICO,26,MASCULINO,SIN DATOS,0,0,Salvador Escalante,Sin datos,enero,miércoles,22,-101.561891958117,19.4036082930245
27506,27511,2020,MOR200060298,2020/01/22,22:40:00,COLISIÓN POR CAMBIO DE CARRIL,ASFALTO,Bueno,Bueno,2,CHEVROLET,NEGRO,2,,29,FEMENINO,SIN DATOS,0,0,Morelia,Centro,enero,miércoles,23,-101.19049821049,19.7102216446132
27507,27512,2020,LEG28995,2020/01/23,"00:20:00",COLISIÓN POR CORTE DE CIRCULACIÓN,ASFALTO,Bueno,Bueno,2,SIN DATOS,SIN DATOS,2,,0,,SIN DATOS,0,0,Tarímbaro,Sin datos,enero,jueves,0,-101.162257902324,19.7647876978698
27508,27513,2020,MOR200060464,2020/01/23,"01:30:00",COLISIÓN POR CORTE DE CIRCULACIÓN,ASFALTO,Bueno,Bueno,2,SIN DATOS,SIN DATOS,2,,0,,SIN DATOS,0,0,Morelia,Niño Artillero,enero,jueves,2,-101.2502008304,19.6986119469247
27509,27514,2020,,2020/01/23,"08:15:00",COLISIÓN POR CORTE DE CIRCULACIÓN,ASFALTO,Bueno,Bueno,2,CHEVROLET,ROJO,2,,33,MASCULINO,SIN DATOS,0,0,Morelia,Tinijaro,enero,jueves,8,-101.26316,19.6963297049991
27510,27515,2020,,2020/01/23,"08:15:00",COLISIÓN POR CAMBIO DE CARRIL,ASFALTO,Bueno,Bueno,2,NISSAN,CAFE,2,,46,MASCULINO,SIN DATOS,0,0,Los Reyes,San Juan de Dios,enero,jueves,8,-102.480757087469,19.6097969726329
27511,27516,2020,MOR 200061086,2020/01/23,11:30:00,COLISIÓN POR CORTE DE CIRCULACIÓN,CONCRETO,Bueno,Bueno,2,VOLKSWAGEN,VERDE,2,,29,FEMENINO,SIN DATOS,0,0,Morelia,Rector Hidalgo,enero,jueves,12,-101.224853614648,19.6856513102425
27512,27517,2020,,2020/01/23,12:15:00,SALIDA DE SUPERFICIE DE RODAMIENTO,ASFALTO,Bueno,Bueno,1,FREIGHTLINER,NARANJA,1,,23,MASCULINO,SIN DATOS,0,0,Tuxpan,Sin datos,enero,jueves,12,-100.476283282042,19.6213957319269
27514,27519,2020,,2020/01/23,14:30:00,COLISIÓN POR CAMBIO DE CARRIL,ASFALTO,Bueno,Bueno,2,KENWORTH,BLANCO,2,,49,MASCULINO,SIN DATOS,0,0,Morelia,Carlos Salazar,enero,jueves,15,-101.209658559066,19.7124165765648
27515,27520,2020,,2020/01/23,15:00:00,COLISIÓN POR CAMBIO DE CARRIL,CONCRETO,Bueno,Bueno,2,CHEVROLET SILVERADO,BLANCO,2,,44,MASCULINO,SIN DATOS,0,0,Morelia,Centro,enero,jueves,15,-101.19118388321,19.702768457823
27516,27521,2020,,2020/01/23,15:10:00,COLISIÓN CONTRA OBJETO FIJO,ASFALTO,Bueno,Bueno,1,MERCEDES BENZ,BLANCO Y NEGRO,1,,0,MASCULINO,SIN DATOS,0,0,Morelia,Vistas de Altozano,enero,jueves,15,-101.167,19.6551
27517,27522,2020,LEG28999,2020/01/23,16:00:00,COLISIÓN CONTRA OBJETO FIJO,ASFALTO,Bueno,Bueno,2,NISSAN,GUINDA,2,,37,FEMENINO,SIN DATOS,0,0,Morelia,Centro,enero,jueves,16,-101.201579004442,19.6989491744242
27518,27523,2020,LEG28998,2020/01/23,16:20:00,COLISIÓN CONTRA OBJETO FIJO,CONCRETO,Bueno,Bueno,2,CHEVROLET,BLANCO,2,,18,MASCULINO,SIN DATOS,0,0,Morelia,Buenavista,enero,jueves,16,-101.1588617,19.7063529849992
27519,27524,2020,,2020/01/23,17:00:00,COLISIÓN CONTRA OBJETO FIJO,ASFALTO,Bueno,Bueno,1,CHEVROLET,GUINDA,0,,,,,0,0,Erongarícuaro,Sin datos,enero,jueves,17,-101.693915650249,19.5976430539205
27520,27525,2020,MOR200062591,2020/01/23,21:10:00,COLISIÓN POR CORTE DE CIRCULACIÓN,ASFALTO,Bueno,Bueno,1,CHEVROLET,ROJO,1,,64,MASCULINO,SIN DATOS,0,0,Morelia,Sin datos,enero,jueves,21,-101.114527322352,19.7368092561849
27521,27526,2020,MOR200063111,2020/01/24,"01:15:00",COLISIÓN CONTRA OBJETO FIJO,ASFALTO,Bueno,Bueno,2,MAZDA,GRIS,2,,24,MASCULINO,ALIENTO ETÍLICO,0,0,Morelia,Los Pinos de Michoacan,enero,viernes,1,-101.214303150773,19.685752578994
27522,27527,2020,,2020/01/24,"01:20:00",COLISIÓN POR CORTE DE CIRCULACIÓN,ASFALTO,Bueno,Bueno,2,CHEVROLET,BLANCO,2,,27,MASCULINO,CON CERTIFICADO,0,0,Morelia,Camelinas,enero,viernes,1,-101.17262119,19.6818144849991
27523,27528,2020,,2020/01/24,"02:00:00",COLISIÓN CON PEATÓN,ASFALTO,Bueno,Bueno,2,NISSAN,NEGRO,2,MINISTERIO PÚBLICO,,MASCULINO,SIN DATOS,0,0,Lázaro Cárdenas,Segundo Sector de Fidelac,enero,viernes,2,-102.205620780587,17.9615860181046
27524,27529,2020,LEG29002,2020/01/24,"06:00:00",COLISIÓN POR CORTE DE CIRCULACIÓN,ASFALTO,Bueno,Bueno,2,CHEVROLET,BLANCO,2,,40,MASCULINO,SIN DATOS,0,0,Morelia,Centro,enero,viernes,6,-101.18754847,19.7028479949991
27526,27531,2020,MOR200063491,2020/01/24,11:20:00,COLISIÓN POR ALCANCE,ASFALTO,Bueno,Bueno,2,VOLKSWAGUEN,ROJO Y NEGRO,2,MINISTERIO PÚBLICO,28,MASCULINO,SIN DATOS,0,0,Morelia,Irrigacion,enero,viernes,11,-101.22520209,19.7051928999992
27528,27533,2020,,2020/01/24,13:30:00,COLISIÓN POR ALCANCE,ASFALTO,Bueno,Bueno,2,NISSAN,ROJO,2,,31,MASCULINO,SIN DATOS,0,0,Morelia,Centro,enero,viernes,14,-101.18754847,19.7028479949991
27529,27534,2020,LEG29020,2020/01/24,13:35:00,COLISIÓN POR CAMBIO DE CARRIL,ASFALTO,Bueno,Bueno,2,FORD,AMARILLO,2,,35,FEMENINO,SIN DATOS,0,0,Morelia,Chapultepec Norte,enero,viernes,14,-101.173281495,19.6959951749992
27530,27535,2020,MOR200064240,2020/01/24,15:10:00,COLISIÓN POR CORTE DE CIRCULACIÓN,CONCRETO,Bueno,Bueno,2,CHEVROLET,BLANCO Y  ROSA,2,,47,MASCULINO,SIN DATOS,0,0,Morelia,Centro,enero,viernes,15,-101.1928864,19.7010106049991
27532,27537,2020,MOR200064355,2020/01/24,15:52:00,COLISIÓN POR CORTE DE CIRCULACIÓN,CONCRETO,Bueno,Bueno,2,BAJAJ,BLANCO,2,,20,MASCULINO,SIN DATOS,0,0,Morelia,Ventura Puente,enero,viernes,16,-101.186301223934,19.6953499314417
27533,27538,2020,MOR200064597,2020/01/24,16:30:00,COLISIÓN POR CORTE DE CIRCULACIÓN,CONCRETO,Bueno,Bueno,2,HONDA,PLATA,2,,17,MASCULINO,SIN DATOS,0,0,Morelia,Fidel Velazquez,enero,viernes,17,-101.235323515,19.7049865749991
27534,27539,2020,MOR200098256,2020/01/24,17:20:00,COLISIÓN CON PEATÓN,ASFALTO,Bueno,Bueno,1,BAJAJ,AMARILLO,2,,24,MASCULINO,SIN DATOS,1,0,Morelia,Villa Universidad,enero,viernes,17,-101.20959864,19.6918456199992
27535,27540,2020,"200065108",2020/01/24,17:20:00,COLISIÓN POR CORTE DE CIRCULACIÓN,ASFALTO,Bueno,Regular,2,FORD,BLANCO,2,,38,MASCULINO,SIN DATOS,0,0,Morelia,Torreon Nuevo,enero,viernes,17,-101.20358663,19.7462449699991
27537,27542,2020,LEG29021,2020/01/24,19:22:00,COLISIÓN POR CORTE DE CIRCULACIÓN,ASFALTO,Bueno,Bueno,2,SEAT,GRIS,1,,,,,1,0,Morelia,Centro,enero,viernes,19,-101.18754847,19.7028479949991
27539,27544,2020,LEG29023,2020/01/24,21:48:00,COLISIÓN CONTRA OBJETO FIJO,ASFALTO,Bueno,Bueno,1,VOLKSWAGEN,PLATA,0,,,,,0,0,Morelia,Montaña Monarca,enero,viernes,22,-101.161811649799,19.6724574506049
27540,27545,2020,LEG29022,2020/01/24,23:32:00,COLISIÓN CONTRA OBJETO FIJO,ASFALTO,Bueno,Bueno,1,FORD,GUINDA Y CAFE,1,,,MASCULINO,SIN DATOS,0,0,Morelia,Ignacio Lopez Rayon,enero,viernes,0,-101.255329864001,19.690777388982
27541,27546,2020,,2020/01/25,"00:00:00",COLISIÓN CONTRA OBJETO FIJO,ASFALTO,Bueno,Bueno,1,DODGE,BLANCO,1,,18,MASCULINO,SIN DATOS,0,0,Morelia,Ejidal Ocolusen,enero,sábado,0,-101.1549859,19.6874149
27542,27547,2020,,2020/01/25,"09:00:00",VOLCADURA,ASFALTO,Bueno,Bueno,1,NISSAN,GUINDA,1,MINISTERIO PÚBLICO,,,,0,1,Morelia,Sin datos,enero,sábado,9,-101.370692364872,19.7714119991801
27544,27549,2020,MOR200875987,2020/01/25,13:07:00,COLISIÓN POR MANIOBRA DE REVERSA,ASFALTO,Bueno,Bueno,2,MERCEDES BENZ,BLANCO,2,,0,MASCULINO,SIN DATOS,0,0,Morelia,Lomas de Santiaguito,enero,sábado,13,-101.179519891941,19.7229539949395
27546,27551,2020,LEG29029,2020/01/25,14:10:00,COLISIÓN POR CORTE DE CIRCULACIÓN,CONCRETO,Bueno,Bueno,2,NISSAN,ROJO,2,,50,MASCULINO,SIN DATOS,0,0,Morelia,El Lago 1,enero,sábado,14,-101.21066412,19.7283048699991
27547,27552,2020,LEG29030,2020/01/25,14:10:00,COLISIÓN POR CORTE DE CIRCULACIÓN,CONCRETO,Bueno,Bueno,2,VOLKSWAGEN,ROJO,2,,39,MASCULINO,SIN DATOS,0,0,Morelia,El Lago 2,enero,sábado,14,-101.214435013967,19.7262881110028
27548,27553,2020,,2020/01/25,14:30:00,COLISIÓN POR CORTE DE CIRCULACIÓN,ASFALTO,Bueno,Bueno,2,FORD,GRIS,2,MINISTERIO PÚBLICO,26,FEMENINO,SIN DATOS,0,0,Morelia,Lomas de San Juan,enero,sábado,15,-101.183039681886,19.7298664251429
27549,27554,2020,,2020/01/25,16:20:00,COLISIÓN CONTRA OBJETO FIJO,ASFALTO,Bueno,Bueno,1,DODGE,BLANCO,1,,18,MASCULINO,SIN DATOS,0,0,Morelia,Camelinas,enero,sábado,16,-101.17262119,19.6818144849991
27550,27555,2020,,2020/01/25,19:30:00,COLISIÓN POR CAMBIO DE CARRIL,ASFALTO,Bueno,Bueno,2,NISSAN,ROJO,2,,32,MASCULINO,SIN DATOS,0,0,Morelia,Torrecillas,enero,sábado,20,-101.185847845,19.6697235799992
27551,27556,2020,,2020/01/25,19:40:00,COLISIÓN POR ALCANCE,ASFALTO,Bueno,Bueno,2,MAZDA 3,GRIS,2,,,MASCULINO,SIN DATOS,0,0,Morelia,Camelinas,enero,sábado,20,-101.17262119,19.6818144849991
27552,27557,2020,,2020/01/25,19:48:00,COLISIÓN POR INVASIÓN DE CARRIL,ASFALTO,Bueno,Bueno,2,CHEVROLET,BLANCO,7,MINISTERIO PÚBLICO,,,,7,0,Charo,Sin datos,enero,sábado,20,-100.95547568053,19.6279864962302
27553,27558,2020,,2020/01/25,20:30:00,COLISIÓN POR CAMBIO DE CARRIL,ASFALTO,Bueno,Bueno,2,CHEVROLET,PLATA,2,,21,MASCULINO,SIN DATOS,0,0,Morelia,Felix Ireta,enero,sábado,21,-101.19509802191,19.6821447479733
27555,27560,2020,,2020/01/25,21:50:00,COLISIÓN CON PEATÓN,SIN_DATOS,Bueno,Bueno,1,Honda,Azul,1,,,FEMENINO,SIN DATOS,0,0,Morelia,Las Americas,enero,sábado,22,-101.156244724989,19.687656122254
27556,27561,2020,LEG29017,2020/01/25,22:20:00,COLISIÓN POR NO RESPETAR SEMÁFORO,ASFALTO,Bueno,Bueno,3,HONDA,GRIS,3,,19,MASCULINO,ALIENTO ETÍLICO,0,0,Morelia,Morelos,enero,sábado,22,-101.20619815,19.7022964949991
27557,27562,2020,MOR200067859,2020/01/25,22:30:00,COLISIÓN CONTRA OBJETO FIJO,ASFALTO,Bueno,Bueno,1,VOLKSWAGEN,BLANCO,1,MINISTERIO PÚBLICO,24,,SIN DATOS,0,0,Charo,Sin datos,enero,sábado,23,-100.946899652481,19.6098032892355
27558,27563,2020,,2020/01/26,"00:00:00",COLISIÓN CONTRA OBJETO FIJO,ASFALTO,Bueno,Bueno,1,VOLKSWAGEN,ROJO,0,MINISTERIO PÚBLICO,,,,0,0,Lázaro Cárdenas,Segundo Sector de Fidelac,enero,domingo,0,-102.209916673601,17.9615471079161
27559,27564,2020,,2020/01/26,"04:40:00",COLISIÓN CONTRA OBJETO FIJO,ASFALTO,Bueno,Bueno,1,VOLKSWAGEN JETTA,NEGRO,0,,,,,0,0,Morelia,Lomas de San Juan,enero,domingo,5,-101.183039681886,19.7298664251429
27562,27567,2020,LEG29047,2020/01/26,"08:30:00",COLISIÓN POR CAMBIO DE CARRIL,ASFALTO,Bueno,Bueno,2,VOLKSWAGEN,GRIS,2,,19,MASCULINO,SIN DATOS,0,0,Morelia,Comision Federal de Electricidad,enero,domingo,9,-101.181251965463,19.6815148253188
27563,27568,2020,LEG29045,2020/01/26,10:15:00,VOLCADURA,ASFALTO,Nublado,Bueno,1,TOYOTA,NEGRO,1,,0,MASCULINO,SIN DATOS,0,0,Morelia,Nicolas Bravo(Los Ejidos),enero,domingo,10,-101.215666383505,19.7035057924154
27564,27569,2020,,2020/01/26,11:35:00,COLISIÓN POR CORTE DE CIRCULACIÓN,CONCRETO,Bueno,Bueno,1,FORD,GRIS,1,,28,FEMENINO,ALIENTO ETÍLICO,0,0,Morelia,Cuauhtemoc,enero,domingo,12,-101.17854569,19.6974281599991
27565,27570,2020,LEG29044,2020/01/26,12:30:00,COLISIÓN POR CORTE DE CIRCULACIÓN,CONCRETO,Bueno,Bueno,2,TOYOTA,BLANCO,2,,51,FEMENINO,SIN DATOS,0,0,Morelia,Adolfo Lopez Mateos,enero,domingo,13,-101.226139622885,19.6981067844139
27567,27572,2020,MOR200069327,2020/01/26,13:20:00,COLISIÓN POR CAMBIO DE CARRIL,ASFALTO,Bueno,Bueno,2,KENWORTH,ROJO,2,,41,MASCULINO,SIN DATOS,0,0,Morelia,Los Pinos de Michoacan,enero,domingo,13,-101.217466816306,19.6808446160748
27568,27573,2020,,2020/01/26,14:30:00,COLISIÓN POR ALCANCE,ADOQUIN_EMPEDRADO,Bueno,Bueno,3,FORD,NEGRO,3,,2,MASCULINO,SIN DATOS,0,0,Cuitzeo,Centro,enero,domingo,15,-101.139499358833,19.9701661449285
27569,27574,2020,MOR200070248,2020/01/26,15:20:00,CAIDA DE MOTOCICLETA,ASFALTO,Bueno,Bueno,1,VENTO,NEGRO/ROJO,1,,18,MASCULINO,SIN DATOS,0,0,Morelia,Vistas de Altozano,enero,domingo,15,-101.167,19.6551
27571,27576,2020,LEG29056,2020/01/26,17:40:00,COLISIÓN POR ALCANCE,ASFALTO,Bueno,Bueno,2,NISSAN,BLANCO,2,,22,MASCULINO,SIN DATOS,0,0,Morelia,Ignacio Lopez Rayon,enero,domingo,18,-101.250591165,19.6897065849991
27572,27577,2020,,2020/01/26,18:30:00,COLISIÓN CON PEATÓN,ASFALTO,Bueno,Bueno,1,CHEVROLET,AZUL,1,MINISTERIO PÚBLICO,,,,1,0,Zacapu,Anahuac,enero,domingo,19,-101.778532639146,19.8195337968178
27573,27578,2020,MOR200071255,2020/01/26,20:40:00,COLISIÓN POR CORTE DE CIRCULACIÓN,CONCRETO,Bueno,Bueno,2,JEEP,NEGRO,2,,57,MASCULINO,ALIENTO ETÍLICO,0,0,Morelia,San Jose del Cerrito,enero,domingo,21,-101.222373722911,19.6615895379848
27574,27579,2020,"200071372",2020/01/26,21:30:00,COLISIÓN CON PEATÓN,CONCRETO,Bueno,Bueno,1,VENTO,NEGRO Y VERDE,2,,15,MASCULINO,SIN DATOS,1,0,Tarímbaro,Centro,enero,domingo,22,-101.176869,19.792979
27575,27580,2020,,2020/01/26,21:45:00,VOLCADURA,ASFALTO,Bueno,Bueno,1,TOYOTA,BLANCO,0,MINISTERIO PÚBLICO,,,,0,0,Ario,Sin datos,enero,domingo,22,-101.638568602502,19.2150935380722
27576,27581,2020,"200071708",2020/01/26,23:25:00,COLISIÓN POR INVASIÓN DE CARRIL,CONCRETO,Bueno,Bueno,2,ITALIKA,VERDE CON NEGRO,2,,28,MASCULINO,ALIENTO ETÍLICO,0,0,Morelia,Ferrocarrilero,enero,domingo,23,-101.223609235,19.6918737849991
27577,27582,2020,,2020/01/27,"00:00:00",COLISIÓN POR ALCANCE,ASFALTO,Bueno,Regular,2,ITALIKA,AZUL/BLANCO,0,MINISTERIO PÚBLICO,,,,0,0,Maravatío,Sin datos,enero,lunes,0,-100.385783538222,19.9049551423929
27579,27584,2020,,2020/01/27,"09:45:00",COLISIÓN POR CAMBIO DE CARRIL,ASFALTO,Bueno,Bueno,2,VOLKSWAGEN,BLANCO,2,,70,MASCULINO,SIN DATOS,0,0,Morelia,Camelinas,enero,lunes,10,-101.17262119,19.6818144849991
27580,27585,2020,,2020/01/27,10:15:00,COLISIÓN POR CORTE DE CIRCULACIÓN,ASFALTO,Bueno,Bueno,2,KIA,BLANCO,3,MINISTERIO PÚBLICO,30,FEMENINO,SIN DATOS,1,0,Tuxpan,Sin datos,enero,lunes,10,-100.476283617318,19.6213963635416
27581,27586,2020,,2020/01/27,12:00:00,COLISIÓN POR ALCANCE,ASFALTO,Bueno,Bueno,3,HONDA,GRIS,3,,,MASCULINO,SIN DATOS,0,0,Morelia,Fuentes de Morelia,enero,lunes,12,-101.20316769,19.6693875049992
27583,27588,2020,LEG29070,2020/01/27,13:20:00,COLISIÓN POR ALCANCE,ASFALTO,Bueno,Bueno,2,NISSAN,ROJO,2,,,MASCULINO,SIN DATOS,0,0,Álvaro Obregón,Centro,enero,lunes,13,-101.037983,19.822702
27584,27589,2020,MOR2004569,2020/01/27,13:50:00,COLISIÓN POR CORTE DE CIRCULACIÓN,ASFALTO,Bueno,Bueno,2,NISSAN,BLANCO,2,,52,MASCULINO,SIN DATOS,0,0,Morelia,Popular Pogreso,enero,lunes,14,-101.200145965135,19.7202451059807
27585,27590,2020,MOR200078345,2020/01/27,15:30:00,COLISIÓN POR CAMBIO DE CARRIL,ASFALTO,Bueno,Bueno,2,HONDA,NEGRO,2,MINISTERIO PÚBLICO,49,MASCULINO,SIN DATOS,0,0,Morelia,Nueva Jacarndas,enero,lunes,16,-101.191648494512,19.6821387685254
27586,27591,2020,,2020/01/27,19:09:00,SALIDA DE SUPERFICIE DE RODAMIENTO,ASFALTO,Bueno,Bueno,1,CHRYSLER,BLANCO,1,,35,FEMENINO,SIN DATOS,0,0,Huandacareo,Sin datos,enero,lunes,19,-101.306239888072,19.9895972159397
27588,27593,2020,,2020/01/27,22:25:00,COLISIÓN POR INVASIÓN DE CARRIL,ASFALTO,Bueno,Bueno,2,CHEVROLET,VERDE,2,,31,MASCULINO,SIN DATOS,0,0,Morelia,Puerto de Buenavista,enero,lunes,22,-101.126352197769,19.6849018019943
27589,27594,2020,,2020/01/27,22:45:00,COLISIÓN POR INVASIÓN DE CARRIL,ASFALTO,Bueno,Regular,2,NISSAN,GRIS,2,MINISTERIO PÚBLICO,,,SIN DATOS,0,0,Tuzantla,Sin datos,enero,lunes,23,-100.548856817186,19.2370696541956
27590,27595,2020,,2020/01/27,23:00:00,COLISIÓN POR CORTE DE CIRCULACIÓN,ASFALTO,Bueno,Bueno,2,NISSAN,BLANCO,0,MINISTERIO PÚBLICO,,,,0,0,Lázaro Cárdenas,Centro,enero,lunes,23,-102.199280876666,17.959441798799
27591,27596,2020,MOR200075063,2020/01/28,"09:22:00",COLISIÓN POR ALCANCE,ASFALTO,Bueno,Bueno,2,HONDA,ARENA,2,,,MASCULINO,SIN DATOS,0,0,Morelia,Valle de Las Flores,enero,martes,9,-101.126623414457,19.6877189419526
27592,27597,2020,,2020/01/28,"09:30:00",COLISIÓN POR ALCANCE,ASFALTO,Bueno,Bueno,2,NISSAN,PLATA,2,,34,FEMENINO,SIN DATOS,0,0,Peribán,Sin datos,enero,martes,10,-102.449881508946,19.5575463986256
27593,27598,2020,,2020/01/28,10:05:00,COLISIÓN POR NO RESPETAR SEMÁFORO,CONCRETO,Bueno,Bueno,2,HONDA,BLANCO,1,MINISTERIO PÚBLICO,,,,1,0,Morelia,Vasco de Quiroga,enero,martes,10,-101.178082600236,19.6991368808871
27594,27599,2020,MOR 20007511,2020/01/28,11:20:00,COLISIÓN POR CORTE DE CIRCULACIÓN,CONCRETO,Bueno,Bueno,2,FORD,ROJO,2,,38,MASCULINO,SIN DATOS,0,0,Morelia,Camelinas,enero,martes,11,-101.172570995986,19.6818617672032
27595,27600,2020,MOR200075617,2020/01/28,13:20:00,COLISIÓN POR CORTE DE CIRCULACIÓN,ASFALTO,Bueno,Bueno,2,FIAT,GRIS,2,,23,MASCULINO,SIN DATOS,0,0,Morelia,Loma de Los Piñones,enero,martes,13,-101.205085068941,19.6739914630462
27596,27601,2020,MOR200076487,2020/01/28,17:40:00,COLISIÓN POR INVASIÓN DE CARRIL,ASFALTO,Bueno,Bueno,2,CHEVROLET,AZUL,2,,39,MASCULINO,SIN DATOS,0,0,Morelia,Campestre del Vergel,enero,martes,18,-101.240888871253,19.6743816725532
27597,27602,2020,LEG29084,2020/01/28,18:00:00,COLISIÓN POR ALCANCE,ASFALTO,Bueno,Bueno,4,VOLKSWAGEN,AZUL,4,,,MASCULINO,SIN DATOS,0,0,Morelia,La Esperanza,enero,martes,18,-101.251957342029,19.6981810768113
27598,27603,2020,LEG29087,2020/01/28,18:00:00,COLISIÓN POR ALCANCE,ASFALTO,Bueno,Bueno,2,CHEVROLET,GRIS,2,,75,MASCULINO,SIN DATOS,0,0,Morelia,La Esperanza,enero,martes,18,-101.252313740551,19.6982003318375
27600,27605,2020,MOR200077185,2020/01/28,21:30:00,COLISIÓN CONTRA OBJETO FIJO,ASFALTO,Bueno,Bueno,4,GMC,BLANCO,3,MINISTERIO PÚBLICO,31,MASCULINO,SIN DATOS,0,0,Morelia,Lomas de Las Americas Norte,enero,martes,22,-101.147073342989,19.6958984278863
27601,27606,2020,MOR 20077414,2020/01/29,"02:10:00",COLISIÓN CONTRA OBJETO FIJO,ASFALTO,Bueno,Regular,1,GMC,BLANCO,1,,,,SIN DATOS,0,0,Morelia,Union,enero,miércoles,2,-101.155,19.7081
27602,27607,2020,MOR200077623,2020/01/29,"07:00:00",COLISIÓN POR ALCANCE,CONCRETO,Bueno,Bueno,1,FORD,BLANCO,1,,19,MASCULINO,SIN DATOS,0,0,Morelia,La Floresta,enero,miércoles,7,-101.151911281049,19.683365383809
27603,27608,2020,MOR200876098,2020/01/29,"07:15:00",COLISIÓN POR ALCANCE,ASFALTO,Bueno,Bueno,2,NISSAN,NEGRO,2,,26,MASCULINO,SIN DATOS,0,0,Morelia,Lomas de Santiaguito,enero,miércoles,7,-101.179519891941,19.7229539949395
27604,27609,2020,,2020/01/29,"08:40:00",COLISIÓN POR CORTE DE CIRCULACIÓN,ASFALTO,Bueno,Bueno,2,INTERNATIONAL,AZUL,2,,24,MASCULINO,SIN DATOS,0,0,Morelia,Lomas de Guayangareo,enero,miércoles,9,-101.16216414,19.7015764249991
27605,27610,2020,,2020/01/29,"09:15:00",COLISIÓN POR CORTE DE CIRCULACIÓN,CONCRETO,Bueno,Bueno,3,HONDA,ROJO,2,,44,FEMENINO,SIN DATOS,0,0,Morelia,Fovissste Acueducto,enero,miércoles,9,-101.1563397,19.6974513249991