fid,id_accidente,anio_origen,folio_c5i,dia_incidente,hora_ocurrencia,tipo_incidente_vial,superficie_ocurrencia,condiciones_climaticas,condiciones_via,numero_vehiculos_involucrados,marca_vehiculo_ocasiona_siniestro,color_vehiculo_ocasiona_siniestro,numero_personas_involucradas,lugar_remite_presunto_responsable,edad_presunto_responsable,sexo_presunto_responsable,resultados_toxicologia,numero_personas_lesionadas,numero_personas_fallecidas,municipio,colonia,mes,dia_semana,hora_redondeada,lon,lat
27606,27611,2020,,2020/01/29,"09:40:00",COLISIÓN POR MANIOBRA DE REVERSA,CONCRETO,Bueno,Bueno,2,CHEVROLET SILVERADO,GRIS,2,,39,MASCULINO,SIN DATOS,0,0,Morelia,Chapultepec Norte,enero,miércoles,10,-101.173778799073,19.6957366970635
27607,27612,2020,,2020/01/29,10:00:00,COLISIÓN CON PEATÓN,ASFALTO,Bueno,Bueno,1,BAJAJ BOXER 150,BLANCO,1,,,,,1,0,Morelia,Morelia 450,enero,miércoles,10,-101.217527501285,19.675736980231
27608,27613,2020,,2020/01/29,10:00:00,COLISIÓN POR CAMBIO DE CARRIL,ASFALTO,Bueno,Bueno,2,KIA,BLANCO,2,,30,MASCULINO,SIN DATOS,0,0,Morelia,Tinijaro,enero,miércoles,10,-101.26316,19.6963297049991
27609,27614,2020,MOR200987652,2020/01/29,10:50:00,COLISIÓN POR INVASIÓN DE CARRIL,ASFALTO,Bueno,Bueno,2,FRHIGTLINER,BLACO Y AZUL,4,MINISTERIO PÚBLICO,27,MASCULINO,SIN DATOS,1,1,Charo,De Santiago,enero,miércoles,11,-101.044372,19.745476
27610,27615,2020,,2020/01/29,11:50:00,COLISIÓN POR CAMBIO DE CARRIL,CONCRETO,Bueno,Bueno,2,FORD,BLANCO,2,,60,MASCULINO,SIN DATOS,1,0,Morelia,Nueva Valladolid,enero,miércoles,12,-101.21281435,19.7007192549992
27611,27616,2020,,2020/01/29,12:10:00,COLISIÓN POR ALCANCE,ASFALTO,Bueno,Bueno,2,TOYOTA HIGHLANDER,GRIS,2,,42,FEMENINO,SIN DATOS,0,0,Morelia,Margarita Maza de Juarez,enero,miércoles,12,-101.255526905,19.6928898149991
27612,27617,2020,,2020/01/29,12:15:00,COLISIÓN POR CAMBIO DE CARRIL,ASFALTO,Bueno,Bueno,2,JEEP,VERDE,2,,,MASCULINO,SIN DATOS,0,0,Morelia,Cuauhtemoc,enero,miércoles,12,-101.182606932687,19.697549348141
27615,27620,2020,MOR200078799,2020/01/29,14:30:00,SALIDA DE SUPERFICIE DE RODAMIENTO,ASFALTO,Bueno,Bueno,1,CHEVROLET,BLANCO,1,,50,MASCULINO,SIN DATOS,0,0,Indaparapeo,Centro,enero,miércoles,15,-100.968263,19.787145
27616,27621,2020,,2020/01/29,14:43:00,COLISIÓN POR INVASIÓN DE CARRIL,ASFALTO,Bueno,Bueno,1,ITALIKA,AZUL Y BLANCO,1,,32,MASCULINO,SIN DATOS,0,0,Jungapeo,Sin datos,enero,miércoles,15,-100.489290989935,19.4756311567709
27618,27623,2020,,2020/01/29,18:30:00,COLISIÓN POR CORTE DE CIRCULACIÓN,ASFALTO,Bueno,Bueno,2,CHEVROLET,BLANCO,1,MINISTERIO PÚBLICO,,,,1,0,Zacapu,Sin datos,enero,miércoles,19,-101.773306690156,19.8795568639376
27619,27624,2020,,2020/01/29,18:40:00,COLISIÓN CONTRA OBJETO FIJO,ASFALTO,Bueno,Bueno,1,NISSAN,BLANCO,1,,30,MASCULINO,SIN DATOS,0,0,Morelia,Bosques Tres Marias,enero,miércoles,19,-101.102,19.7232
27620,27625,2020,MOR200080050,2020/01/29,21:26:00,COLISIÓN POR CAMBIO DE CARRIL,ASFALTO,Bueno,Bueno,2,VOLKSWAGEN,BLANCO,2,,,MASCULINO,SIN DATOS,0,0,Morelia,Ciudad Industrial,enero,miércoles,21,-101.13630015403,19.7294832158196
27621,27626,2020,,2020/01/29,21:50:00,COLISIÓN CONTRA OBJETO FIJO,CONCRETO,Bueno,Bueno,3,KENWORTH,AMARILLO,3,,59,MASCULINO,SIN DATOS,0,0,Tocumbo,Sin Nombre,enero,miércoles,22,-102.492411620915,19.6483760462556
27622,27627,2020,MOR200769845,2020/01/30,"00:00:00",COLISIÓN CONTRA OBJETO FIJO,CONCRETO,Bueno,Bueno,1,HONDA,AZUL,1,,33,MASCULINO,CON CERTIFICADO,0,0,Morelia,Colinas del Sur,enero,jueves,0,-101.20040013,19.6641245949991
27624,27629,2020,LEG29133,2020/01/30,"02:30:00",COLISIÓN POR CORTE DE CIRCULACIÓN,ASFALTO,Bueno,Bueno,1,VOLKSWAGEN,PLATA,1,,26,MASCULINO,SIN DATOS,0,0,Morelia,Centro,enero,jueves,3,-101.1904631,19.7026851599992
27625,27630,2020,,2020/01/30,"08:00:00",COLISIÓN POR NO RESPETAR SEMÁFORO,ASFALTO,Bueno,Bueno,2,S/D,S/D,1,,59,FEMENINO,SIN DATOS,0,0,Morelia,Prados Verdes,enero,jueves,8,-101.197389140725,19.7135303851468
27626,27631,2020,MOR200080528,2020/01/30,"09:30:00",COLISIÓN CONTRA OBJETO FIJO,ASFALTO,Bueno,Bueno,2,HONDA,BLANCO,2,,70,FEMENINO,SIN DATOS,0,0,Morelia,Infonavit  Las  Camelinas,enero,jueves,10,-101.17564385,19.6840468999992
27627,27632,2020,MOR200080966,2020/01/30,12:20:00,COLISIÓN POR ALCANCE,ASFALTO,Bueno,Bueno,2,FREIGHTLINER,BLANCO,2,MINISTERIO PÚBLICO,33,MASCULINO,CON CERTIFICADO,0,0,Morelia,Mariano Ontiveros,enero,jueves,12,-101.23008753,19.6735255349991
27628,27633,2020,,2020/01/30,16:22:00,COLISIÓN POR CORTE DE CIRCULACIÓN,ASFALTO,Nublado,Regular,2,NISSAN,PLATA,2,,56,MASCULINO,SIN DATOS,0,0,Acuitzio,Sin datos,enero,jueves,16,-101.296607740223,19.4250512730057
27629,27634,2020,LEG29119,2020/01/30,17:30:00,COLISIÓN CONTRA OBJETO FIJO,ASFALTO,Bueno,Bueno,1,DINAMO,GRIS,1,,0,MASCULINO,SIN DATOS,0,0,Morelia,Cumbres de Morelia,enero,jueves,18,-101.139895677106,19.6896194784866
27630,27635,2020,LEG29132,2020/01/30,17:30:00,COLISIÓN POR CAMBIO DE CARRIL,ASFALTO,Bueno,Bueno,2,HYUNDAI,NEGRO,2,MINISTERIO PÚBLICO,35,MASCULINO,SIN DATOS,0,0,Morelia,Gral Gertrudis Sanchez,enero,jueves,18,-101.2094753,19.7439916449991
27631,27636,2020,,2020/01/30,17:30:00,COLISIÓN POR CORTE DE CIRCULACIÓN,ADOQUIN_EMPEDRADO,Nublado,Regular,2,SCANIA,CREMA-NARANJA,2,,29,MASCULINO,SIN DATOS,0,0,Cuitzeo,Centro,enero,jueves,18,-101.139361560345,19.9710402747576
27632,27637,2020,MOR200082072,2020/01/30,19:40:00,COLISIÓN POR INVASIÓN DE CARRIL,ASFALTO,Bueno,Bueno,2,SCHWINN,ROJO,2,,24,FEMENINO,SIN DATOS,0,0,Morelia,Emiliano Zapata,enero,jueves,20,-101.21625852933,19.7152451011907
27633,27638,2020,LEG29134,2020/01/31,"07:30:00",COLISIÓN POR NO RESPETAR SEMÁFORO,CONCRETO,Bueno,Bueno,2,VOLKSWAGEN,CAFE,0,,,,,0,0,Morelia,Chapultepec Sur,enero,viernes,8,-101.176906539514,19.6931397352609
27634,27639,2020,,2020/01/31,"08:30:00",COLISIÓN POR ALCANCE,ASFALTO,Bueno,Bueno,2,HINO,BLANCO,2,,28,MASCULINO,SIN DATOS,0,0,Cuitzeo,Sin datos,enero,viernes,9,-101.156062334776,20.0824432498915
27635,27640,2020,MOR200080513,2020/01/31,"08:38:00",COLISIÓN POR ALCANCE,CONCRETO,Bueno,Bueno,2,GENERAL MOTORS,CAFE,2,,38,MASCULINO,SIN DATOS,0,0,Morelia,Valle de Las Rosas,enero,viernes,9,-101.24212402,19.6919068449992
27636,27641,2020,,2020/01/31,"09:45:00",COLISIÓN POR ALCANCE,ASFALTO,Bueno,Bueno,2,FORD EXPLORER,BLANCO,2,,56,MASCULINO,SIN DATOS,0,0,Salvador Escalante,Centro,enero,viernes,10,-101.646191775799,19.4035232263184
27637,27642,2020,MOR200021445,2020/01/31,"09:55:00",COLISIÓN POR NO RESPETAR SEMÁFORO,SIN_DATOS,Bueno,Bueno,2,NISSAN,ROJO,2,,,MASCULINO,SIN DATOS,0,0,Morelia,Lazaro Cardenas,enero,viernes,10,-101.164947152138,19.7105183388221
27638,27643,2020,,2020/01/31,12:05:00,COLISIÓN POR ALCANCE,ASFALTO,Bueno,Bueno,2,PEUGEOT PARTNER,BLANCO,2,,31,MASCULINO,SIN DATOS,0,0,Morelia,Arcos del Valle,enero,viernes,12,-101.236248649657,19.707623337345
27639,27644,2020,MOR200080858,2020/01/31,12:10:00,COLISIÓN POR CORTE DE CIRCULACIÓN,ASFALTO,Bueno,Bueno,2,SEAT,BLANCO,2,,26,FEMENINO,SIN DATOS,0,0,Morelia,Cuauhtemoc,enero,viernes,12,-101.17854569,19.6974281599991
27640,27645,2020,,2020/01/31,12:30:00,COLISIÓN CON PEATÓN,SIN_DATOS,Bueno,Bueno,2,Volkswagen,Negro,2,MINISTERIO PÚBLICO,70,MASCULINO,SIN DATOS,0,0,Morelia,Gertrudis Sanchez,enero,viernes,13,-101.19990773499,19.7430992713379
27641,27646,2020,,2020/01/31,12:40:00,COLISIÓN POR CAMBIO DE CARRIL,ASFALTO,Bueno,Bueno,2,FORD,AZUL,2,,,MASCULINO,SIN DATOS,0,0,Morelia,Industrial,enero,viernes,13,-101.197769343853,19.7094603373804
27642,27647,2020,,2020/01/31,12:45:00,COLISIÓN POR CORTE DE CIRCULACIÓN,ASFALTO,Bueno,Bueno,2,Italika,Rojo,2,,22,MASCULINO,SIN DATOS,0,0,Morelia,Loma Larga,enero,viernes,13,-101.202508807182,19.654622492019
27643,27648,2020,,2020/01/31,13:10:00,COLISIÓN POR CORTE DE CIRCULACIÓN,CONCRETO,Bueno,Bueno,2,Nissan,Rojo,2,,,,SIN DATOS,0,0,Morelia,Vasco de Quiroga,enero,viernes,13,-101.175826862454,19.6998029100749
27644,27649,2020,LEG29360,2020/01/31,13:20:00,COLISIÓN POR ALCANCE,ASFALTO,Bueno,Bueno,2,CHEVROLET,GRIS,2,MINISTERIO PÚBLICO,0,FEMENINO,SIN DATOS,0,0,Morelia,Enrique Arreguin Robles,enero,viernes,13,-101.179459579289,19.7203351347265
27645,27650,2020,MOR200081393,2020/01/31,14:20:00,COLISIÓN POR CORTE DE CIRCULACIÓN,ASFALTO,Bueno,Bueno,1,NISSAN,BLANCO,0,MINISTERIO PÚBLICO,,,,0,0,Morelia,Felicitas del Rio,enero,viernes,14,-101.199713610113,19.6918807710039
27646,27651,2020,LEG29127,2020/01/31,14:20:00,COLISIÓN POR CORTE DE CIRCULACIÓN,ASFALTO,Bueno,Bueno,2,NISSAN,BLANCO,2,MINISTERIO PÚBLICO,24,,SIN DATOS,0,0,Morelia,Gustavo Diaz Ordaz,enero,viernes,14,-101.20526233,19.6927175549991
27647,27652,2020,LEG29155,2020/01/31,15:00:00,COLISIÓN POR CAMBIO DE CARRIL,ASFALTO,Bueno,Bueno,2,GENERAL MOTORS,BLANCO,2,,,,SIN DATOS,0,0,Morelia,Tzindurio de Morelos,enero,viernes,15,-101.243675276851,19.6999845448066
27648,27653,2020,,2020/01/31,15:30:00,COLISIÓN POR ALCANCE,ASFALTO,Bueno,Bueno,2,HYUNDAI,ARENA,2,,72,,SIN DATOS,0,0,Morelia,Independencia,enero,viernes,16,-101.177820414305,19.7192885603649
27649,27654,2020,,2020/01/31,16:27:00,COLISIÓN CON PEATÓN,SIN_DATOS,Bueno,Bueno,2,Freighliner,Blanco,2,,28,MASCULINO,SIN DATOS,0,0,Morelia,Ana Maria Gallaga (Riviera Norte),enero,viernes,16,-101.223945356905,19.6767901534045
27650,27655,2020,LEG29145,2020/01/31,17:00:00,COLISIÓN POR CAMBIO DE CARRIL,ASFALTO,Bueno,Bueno,2,MAZDA,GRIS,2,,37,MASCULINO,ALIENTO ETÍLICO,0,0,Morelia,5 de Mayo,enero,viernes,17,-101.175408102572,19.7040752162121
27652,27657,2020,MOR200087456,2020/01/31,19:30:00,SUBIDA AL CAMELLÓN,ASFALTO,Bueno,Bueno,1,CHEVROLET,BLANCO,1,,46,,SIN DATOS,0,0,Morelia,Nueva Jacarndas,enero,viernes,20,-101.188645139337,19.681659410836
27653,27658,2020,,2020/01/31,19:30:00,COLISIÓN POR CORTE DE CIRCULACIÓN,CONCRETO,Bueno,Bueno,2,Dodge,Gris,2,MINISTERIO PÚBLICO,38,,SIN DATOS,0,0,Morelia,Primo Tapia Oriente,enero,viernes,20,-101.160546448234,19.7141780481807
27654,27659,2020,MOR200082452,2020/01/31,20:50:00,SUBIDA AL CAMELLÓN,CONCRETO,Bueno,Bueno,1,NISSAN,GRIS,1,,60,FEMENINO,SIN DATOS,0,0,Morelia,Camelinas,enero,viernes,21,-101.17262119,19.6818144849991
27655,27660,2020,,2020/01/31,21:00:00,COLISIÓN CON PEATÓN,CONCRETO,Bueno,Bueno,1,Nissan,Azul,2,,51,MASCULINO,SIN DATOS,1,0,Morelia,Elias Perez Avalos,enero,viernes,21,-101.165445037186,19.7104179678641
27656,27661,2020,,2020/01/31,21:10:00,COLISIÓN CON PEATÓN,SIN_DATOS,Bueno,Bueno,2,SEAT,PLATA,2,MINISTERIO PÚBLICO,38,FEMENINO,SIN DATOS,0,0,Morelia,Rincon de La Santa Cruz,enero,viernes,21,-101.231728121638,19.6741840422906
27657,27662,2020,LEG29182,2020/01/31,21:10:00,COLISIÓN POR CORTE DE CIRCULACIÓN,ASFALTO,Bueno,Bueno,2,SEAT,GRIS,2,,38,FEMENINO,SIN DATOS,0,0,Morelia,Independencia,enero,viernes,21,-101.17810305208,19.7107231837579
27658,27663,2020,LEG29153,2020/01/31,22:10:00,VOLCADURA,ASFALTO,Bueno,Bueno,1,VOLKSWAGEN,BLANCO,2,MINISTERIO PÚBLICO,0,MASCULINO,SIN DATOS,1,0,Morelia,Francisco J Mujica,enero,viernes,22,-101.188238114119,19.7214953219388
27659,27664,2020,,2020/02/01,"00:00:00",COLISIÓN CONTRA OBJETO FIJO,ASFALTO,Bueno,Bueno,1,FORD,AZUL,0,MINISTERIO PÚBLICO,,,,0,0,Lázaro Cárdenas,Sin datos,febrero,sábado,0,-102.282191812992,17.9618523294107
27660,27665,2020,,2020/02/01,"02:20:00",COLISIÓN CON PEATÓN,SIN_DATOS,Bueno,Bueno,1,PULSAR,AMARILLO,0,MINISTERIO PÚBLICO,,,,0,0,Morelia,Chapultepec Norte,febrero,sábado,2,-101.171901285,19.6961973649992
27661,27666,2020,,2020/02/01,"05:05:00",COLISIÓN CONTRA OBJETO FIJO,ASFALTO,Bueno,Bueno,1,FORD,NEGRO,1,,21,MASCULINO,SIN DATOS,0,0,Morelia,Felix Ireta,febrero,sábado,5,-101.185557855,19.6863670399991
27662,27667,2020,MOR200086445,2020/02/01,11:20:00,COLISIÓN POR CAMBIO DE CARRIL,ASFALTO,Bueno,Bueno,2,CHEVROLET,BLANCO,2,,0,MASCULINO,SIN DATOS,0,0,Morelia,Country Club  Las Huertas,febrero,sábado,11,-101.229234383098,19.6632240100227
27663,27668,2020,LEG29172,2020/02/01,12:20:00,COLISIÓN POR CAMBIO DE CARRIL,ASFALTO,Bueno,Bueno,2,NISSAN,BLANCO,2,MINISTERIO PÚBLICO,49,MASCULINO,SIN DATOS,0,0,Morelia,Sentimientos de La Nacion,febrero,sábado,12,-101.234624924257,19.6829366820977
27664,27669,2020,,2020/02/01,14:30:00,COLISIÓN POR CAMBIO DE CARRIL,ASFALTO,Bueno,Bueno,2,FORD,BLANCO,2,,24,MASCULINO,SIN DATOS,0,0,Tangamandapio,Sin datos,febrero,sábado,15,-102.37772975117,19.9248191400806
27665,27670,2020,LEG29160,2020/02/01,15:00:00,COLISIÓN POR CORTE DE CIRCULACIÓN,ASFALTO,Bueno,Bueno,2,JEEP,BLANCO,2,,,FEMENINO,SIN DATOS,0,0,Morelia,Independencia,febrero,sábado,15,-101.175636485,19.7094595949991
27666,27671,2020,LEG29171,2020/02/01,15:25:00,COLISIÓN CONTRA OBJETO FIJO,ASFALTO,Bueno,Bueno,1,KIA,PLATA,1,,35,MASCULINO,SIN DATOS,0,0,Morelia,Vicente Lombardo Toledano (Ejidal Isacc Arriaga) (Etnias de Mexico),febrero,sábado,15,-101.153310388327,19.7149611109478
27668,27673,2020,,2020/02/01,17:30:00,COLISIÓN POR INVASIÓN DE CARRIL,ASFALTO,Bueno,Bueno,1,MERCURY,GRIS,0,,,,,0,0,Salvador Escalante,Centro,febrero,sábado,18,-101.637971,19.404628
27669,27674,2020,MOR200087390,2020/02/01,18:25:00,COLISIÓN POR CORTE DE CIRCULACIÓN,ASFALTO,Bueno,Bueno,2,DODGE,GUINDA,1,,45,MASCULINO,SIN DATOS,0,0,Morelia,Centro,febrero,sábado,18,-101.201579004442,19.6989491744242
27670,27675,2020,"200087405",2020/02/01,18:30:00,SALIDA DE SUPERFICIE DE RODAMIENTO,ASFALTO,Bueno,Regular,2,SE DESCONOCE,SE DESCONOCE,2,,,,SIN DATOS,0,0,Morelia,Eva Samano,febrero,sábado,19,-101.202977885,19.7308296449992
27671,27676,2020,,2020/02/01,19:15:00,COLISIÓN POR CAMBIO DE CARRIL,ASFALTO,Bueno,Bueno,2,CHRYSLER,ARENA,2,,26,FEMENINO,CON CERTIFICADO,0,0,Morelia,Colinas del Sur,febrero,sábado,19,-101.199643390538,19.6659820497613
27673,27678,2020,LEG29173,2020/02/01,20:38:00,COLISIÓN POR MANIOBRA DE REVERSA,ASFALTO,Bueno,Bueno,2,NISSAN,BLANCO,2,,45,MASCULINO,SIN DATOS,0,0,Morelia,Margarita Maza de Juarez,febrero,sábado,21,-101.254840335609,19.6932223891268
27674,27679,2020,,2020/02/01,21:20:00,COLISIÓN POR CORTE DE CIRCULACIÓN,ADOQUIN_EMPEDRADO,Bueno,Bueno,2,TOYOTA,NEGRO,2,,62,MASCULINO,SIN DATOS,0,0,Cuitzeo,Centro,febrero,sábado,21,-101.139360889792,19.9710412201009
27675,27680,2020,,2020/02/01,21:30:00,COLISIÓN CONTRA OBJETO FIJO,ASFALTO,Bueno,Bueno,2,VOLKSWAGEN GOLF,PLATA,2,,36,FEMENINO,SIN DATOS,0,0,Morelia,Nueva Valladolid,febrero,sábado,22,-101.214162415,19.7004326249991
27676,27681,2020,,2020/02/01,21:50:00,COLISIÓN POR CORTE DE CIRCULACIÓN,ASFALTO,Bueno,Bueno,2,MERCEDES VENZ,GRIS /AZUL,3,,27,MASCULINO,SIN DATOS,1,0,Sin datos,Sin datos,febrero,sábado,22,-100.979734249413,19.9910676749148
27677,27682,2020,,2020/02/01,22:00:00,COLISIÓN POR CORTE DE CIRCULACIÓN,ASFALTO,Bueno,Bueno,1,CHEVROLET,VERDE,1,,19,MASCULINO,SIN DATOS,0,0,Huandacareo,Sin datos,febrero,sábado,22,-101.315597780049,19.9624270170389
27678,27683,2020,,2020/02/01,22:40:00,COLISIÓN POR CORTE DE CIRCULACIÓN,CONCRETO,Bueno,Bueno,2,NISSAN SENTRA,BLANCO,0,MINISTERIO PÚBLICO,,,,0,0,Morelia,Vasco de Quiroga,febrero,sábado,23,-101.170137515,19.7028348899991
27679,27684,2020,,2020/02/01,23:45:00,COLISIÓN CONTRA OBJETO FIJO,CONCRETO,Bueno,Bueno,1,FORD,GUINDA,0,MINISTERIO PÚBLICO,,,,0,0,Morelia,Tinijaro,febrero,sábado,0,-101.26316,19.6963297049991
27680,27685,2020,,2020/02/02,"00:00:00",COLISIÓN POR ALCANCE,SIN_DATOS,Bueno,Bueno,2,FORD,GRIS,2,MINISTERIO PÚBLICO,30,MASCULINO,ALIENTO ETÍLICO,0,0,Morelia,Vasco de Quiroga,febrero,domingo,0,-101.172084441176,19.7019638559701
27681,27686,2020,,2020/02/02,"01:20:00",COLISIÓN POR INVASIÓN DE CARRIL,ADOQUIN_EMPEDRADO,Bueno,Regular,2,CHEVROLET,GUINDA,1,,30,MASCULINO,SIN DATOS,0,0,Salvador Escalante,Corcuvi,febrero,domingo,1,-101.652383990586,19.4013671341349
27682,27687,2020,,2020/02/02,"08:50:00",COLISIÓN CONTRA OBJETO FIJO,CONCRETO,Nublado,Bueno,2,VOLKSWAGEN,BLANCO,2,,29,MASCULINO,SIN DATOS,0,0,Morelia,Vasco de Quiroga,febrero,domingo,9,-101.171160345,19.7053607799992
27683,27688,2020,,2020/02/02,"09:20:00",COLISIÓN POR CORTE DE CIRCULACIÓN,ASFALTO,Bueno,Bueno,2,VENTO RIDER 2.0,NEGRO/AMARILLO,2,MINISTERIO PÚBLICO,,,,2,0,Morelia,El Parian,febrero,domingo,9,-101.267307288945,19.6951176042109
27684,27689,2020,,2020/02/02,10:30:00,COLISIÓN POR CAMBIO DE CARRIL,ASFALTO,Bueno,Bueno,2,NISSAN,BLANCO,2,,30,MASCULINO,SIN DATOS,0,0,Morelia,Hacienda del Quinceo,febrero,domingo,11,-101.235026,19.727338
27685,27690,2020,LEG29180,2020/02/02,11:05:00,COLISIÓN POR ALCANCE,ASFALTO,Bueno,Bueno,2,TOYOTA,BLANCO,2,,0,,SIN DATOS,0,0,Morelia,Centro,febrero,domingo,11,-101.18218963,19.7028850649992
27686,27691,2020,,2020/02/02,11:35:00,COLISIÓN POR CAMBIO DE CARRIL,ASFALTO,Bueno,Bueno,2,NISSAN,VERDE,2,,27,MASCULINO,SIN DATOS,0,0,Jacona,Sin datos,febrero,domingo,12,-102.361865825951,19.9283119069002
27687,27692,2020,,2020/02/02,17:45:00,COLISIÓN CONTRA OBJETO FIJO,CONCRETO,Bueno,Bueno,2,TOYOTA,BAIGE,2,,0,MASCULINO,SIN DATOS,0,0,Morelia,Eduardo Ruiz,febrero,domingo,18,-101.218978555514,19.7196729565452
27688,27693,2020,,2020/02/02,18:40:00,COLISIÓN POR CORTE DE CIRCULACIÓN,CONCRETO,Bueno,Bueno,2,VOLKSWAGEN,ROJO,2,,0,MASCULINO,SIN DATOS,0,0,Morelia,Villas del Parian (Arkos San Jose),febrero,domingo,19,-101.261457237941,19.6900296091065
27689,27694,2020,LEG29179,2020/02/02,20:20:00,COLISIÓN POR CAMBIO DE CARRIL,CONCRETO,Bueno,Bueno,2,NISSAN,BLANCO,2,,0,FEMENINO,SIN DATOS,0,0,Morelia,Buenavista,febrero,domingo,20,-101.167648381005,19.7070362533738
27690,27695,2020,,2020/02/02,21:00:00,COLISIÓN CONTRA OBJETO FIJO,TERRACERIA,Bueno,Regular,1,CHEVROLET,GRIS,1,,31,MASCULINO,SIN DATOS,0,0,Tocumbo,Sin datos,febrero,domingo,21,-102.54785656929,19.7204130909864
27691,27696,2020,,2020/02/02,21:05:00,VOLCADURA,ASFALTO,Bueno,Bueno,1,CHEVROLET,BLANCO,1,,30,MASCULINO,SIN DATOS,0,0,Peribán,Sin datos,febrero,domingo,21,-102.443291656673,19.5508446966364
27692,27697,2020,,2020/02/02,22:30:00,COLISIÓN POR ALCANCE,ASFALTO,Bueno,Bueno,2,FORD,NARANJA,4,MINISTERIO PÚBLICO,29,MASCULINO,SIN DATOS,2,0,Tangamandapio,Sin datos,febrero,domingo,23,-102.384640797973,19.9167701321612
27693,27698,2020,,2020/02/03,"02:10:00",COLISIÓN POR ALCANCE,CONCRETO,Bueno,Bueno,2,TOYOTA,AZUL,2,,29,MASCULINO,CON CERTIFICADO,0,0,Morelia,Gral Gertrudis Sanchez,febrero,lunes,2,-101.210861225724,19.743174252879
27694,27699,2020,,2020/02/03,"06:10:00",COLISIÓN POR ALCANCE,ASFALTO,Bueno,Bueno,2,JEEP GRAN CHEROKEE,BLANCO,2,,21,FEMENINO,SIN DATOS,0,0,Morelia,Lomas de Morelia (Dr Ignacio Chavez),febrero,lunes,6,-101.175452644618,19.7162004988672
27695,27700,2020,MOR 200091396,2020/02/03,"08:25:00",COLISIÓN POR CORTE DE CIRCULACIÓN,ASFALTO,Bueno,Regular,2,NISSAN,GRIS,2,,45,MASCULINO,SIN DATOS,0,0,Morelia,Sentimientos de La Nacion,febrero,lunes,8,-101.235264614224,19.6811726180288
27696,27701,2020,LEG29191,2020/02/03,"09:00:00",COLISIÓN POR CAMBIO DE CARRIL,ASFALTO,Nublado,Regular,2,MERCEDES BENZ,VERDE,2,,54,MASCULINO,SIN DATOS,0,0,Morelia,Sentimientos de La Nacion,febrero,lunes,9,-101.236878633499,19.684815004594
27698,27703,2020,,2020/02/03,10:30:00,COLISIÓN POR CORTE DE CIRCULACIÓN,ASFALTO,Bueno,Bueno,1,NISSAN,DORADO,1,MINISTERIO PÚBLICO,,MASCULINO,SIN DATOS,0,0,Múgica,Lazaro Cardenas,febrero,lunes,11,-102.099895477295,19.0087974328021
27700,27705,2020,MOR200091989,2020/02/03,12:45:00,COLISIÓN POR ALCANCE,ASFALTO,Nublado,Bueno,2,FORD,VERDE MILITAR,2,,35,FEMENINO,SIN DATOS,0,0,Morelia,Valle de Las Flores,febrero,lunes,13,-101.126357875764,19.6877533507218
27701,27706,2020,LEG29204,2020/02/03,17:00:00,COLISIÓN POR CAMBIO DE CARRIL,ASFALTO,Nublado,Regular,2,FIAT,GRIS,2,,54,MASCULINO,SIN DATOS,0,0,Morelia,Sin datos,febrero,lunes,17,-101.243140250444,19.6552823914608
27702,27707,2020,MOR200093062,2020/02/03,17:12:00,COLISIÓN POR ALCANCE,ASFALTO,Bueno,Bueno,2,MAZDA,ROJO,1,,0,MASCULINO,SIN DATOS,0,0,Morelia,Sentimientos de La Nacion,febrero,lunes,17,-101.236871257424,19.6848011145616
27703,27708,2020,,2020/02/03,17:40:00,VOLCADURA,ASFALTO,Lluvioso,Bueno,1,HONDA,AZUL MARINO,1,,41,FEMENINO,SIN DATOS,0,0,Peribán,Sin datos,febrero,lunes,18,-102.443545125425,19.5511220967641
27704,27709,2020,LEG29203,2020/02/03,17:55:00,COLISIÓN POR CORTE DE CIRCULACIÓN,ASFALTO,Nublado,Regular,2,CHEVROLET,ROJO,2,,32,MASCULINO,SIN DATOS,0,0,Morelia,Guadalupe,febrero,lunes,18,-101.224664188921,19.7077839967811
27705,27710,2020,LEG29202,2020/02/03,19:00:00,CAIDA DE MOTOCICLETA,ASFALTO,Lluvioso,Regular,1,ITALIKA,GRIS,1,,43,MASCULINO,SIN DATOS,0,0,Morelia,Felix Ireta,febrero,lunes,19,-101.195666491985,19.6815018820674
27706,27711,2020,,2020/02/03,19:00:00,CAIDA DE MOTOCICLETA,ASFALTO,Lluvioso,Malo,1,ITALIKA,GRIS,1,,43,MASCULINO,SIN DATOS,0,0,Morelia,Felix Ireta,febrero,lunes,19,-101.188582604864,19.6860148664875
27707,27712,2020,MOR200093420,2020/02/03,20:08:00,COLISIÓN POR NO RESPETAR SEMÁFORO,ASFALTO,Lluvioso,Regular,2,ITALIKA,ROJO,0,MINISTERIO PÚBLICO,,,,0,0,Morelia,Irrigacion,febrero,lunes,20,-101.22520209,19.7051928999992
27708,27713,2020,MICH200025798,2020/02/03,20:18:00,COLISIÓN POR INVASIÓN DE CARRIL,ASFALTO,Bueno,Bueno,2,VOLKSWAGEN,GRIS,1,MINISTERIO PÚBLICO,,,,0,1,Hidalgo,Sin datos,febrero,lunes,20,-100.520141758025,19.6733587912439
27709,27714,2020,,2020/02/03,23:20:00,COLISIÓN CONTRA OBJETO FIJO,SIN_DATOS,Bueno,Bueno,1,TOYOTA,ROJO,0,MINISTERIO PÚBLICO,,,,0,0,Morelia,Sin datos,febrero,lunes,23,-101.389060467482,19.5566712628892