fid,id_accidente,anio_origen,folio_c5i,dia_incidente,hora_ocurrencia,tipo_incidente_vial,superficie_ocurrencia,condiciones_climaticas,condiciones_via,numero_vehiculos_involucrados,marca_vehiculo_ocasiona_siniestro,color_vehiculo_ocasiona_siniestro,numero_personas_involucradas,lugar_remite_presunto_responsable,edad_presunto_responsable,sexo_presunto_responsable,resultados_toxicologia,numero_personas_lesionadas,numero_personas_fallecidas,municipio,colonia,mes,dia_semana,hora_redondeada,lon,lat
27710,27715,2020,LEG29235,2020/02/04,"00:05:00",COLISIÓN CONTRA OBJETO FIJO,CONCRETO,Bueno,Bueno,2,ISUZU,BLANCO,1,,0,,SIN DATOS,0,0,Morelia,Puerta Nogal,febrero,martes,0,-101.2408935,19.671449
27711,27716,2020,LEG29198,2020/02/04,"00:10:00",COLISIÓN CONTRA OBJETO FIJO,ASFALTO,Bueno,Bueno,1,VW,GRIS,1,,27,MASCULINO,ALIENTO ETÍLICO,0,0,Morelia,Josefa Ortiz de Dominguez,febrero,martes,0,-101.209457404912,19.6720763919344
27712,27717,2020,MOR200094020,2020/02/04,"06:55:00",COLISIÓN POR ALCANCE,ASFALTO,Lluvioso,Malo,1,AUDI,NEGRO,1,,33,MASCULINO,SIN DATOS,0,0,Morelia,Alberto Oviedo Mota,febrero,martes,7,-101.202147714794,19.6774480674255
27713,27718,2020,MOR200094063,2020/02/04,"07:40:00",COLISIÓN POR CORTE DE CIRCULACIÓN,ASFALTO,Bueno,Bueno,2,NISSAN,GUINDA,1,,34,,SIN DATOS,0,0,Morelia,Ciudad Industrial,febrero,martes,8,-101.136296130717,19.7294841626027
27714,27719,2020,,2020/02/04,"07:40:00",COLISIÓN POR ALCANCE,ASFALTO,Nublado,Regular,2,NISSAN,PLATA,2,,42,MASCULINO,SIN DATOS,0,0,Morelia,Bosques de Oriente,febrero,martes,8,-101.155495047569,19.7156794674532
27715,27720,2020,MOR200094041,2020/02/04,"07:55:00",SALIDA DE SUPERFICIE DE RODAMIENTO,ASFALTO,Lluvioso,Regular,1,NISSAN,BLANCO,1,,,MASCULINO,SIN DATOS,0,0,Morelia,Bosques Tres Marias,febrero,martes,8,-101.104184389114,19.7244232107093
27717,27722,2020,MOR200047639,2020/02/04,"09:20:00",COLISIÓN CONTRA OBJETO FIJO,CONCRETO,Lluvioso,Bueno,1,CHEVROLET,RASTROS DE PINTURA BLANCA,1,,0,,SIN DATOS,0,0,Morelia,Periodistas,febrero,martes,9,-101.14720694,19.6844362649991
27718,27723,2020,,2020/02/04,"09:30:00",COLISIÓN POR CAMBIO DE CARRIL,ASFALTO,Nublado,Regular,2,RENAULT,GRIS,2,,,FEMENINO,SIN DATOS,0,0,Morelia,Tenencia Morelos,febrero,martes,10,-101.243929623155,19.6466055443724
27719,27724,2020,,2020/02/04,"09:30:00",COLISIÓN POR CAMBIO DE CARRIL,ASFALTO,Lluvioso,Bueno,2,NISSAN,BLANCO,2,,35,FEMENINO,SIN DATOS,0,0,Morelia,Vasco de Quiroga,febrero,martes,10,-101.16716515,19.6992678299991
27720,27725,2020,,2020/02/04,"09:40:00",COLISIÓN POR CORTE DE CIRCULACIÓN,ASFALTO,Nublado,Bueno,3,VOLKSWAGEN,PLATA,3,,38,MASCULINO,SIN DATOS,0,0,Peribán,Sin datos,febrero,martes,10,-102.446579039097,19.5544287453836
27721,27726,2020,,2020/02/04,"09:45:00",COLISIÓN POR ALCANCE,ASFALTO,Lluvioso,Regular,2,FORD,BLANCO,2,,,MASCULINO,SIN DATOS,0,0,Morelia,Centro,febrero,martes,10,-101.18754847,19.7028479949991
27723,27728,2020,MOR20057985,2020/02/04,10:21:00,COLISIÓN POR ALCANCE,ASFALTO,Lluvioso,Regular,2,VOLKSWAGEN,BALNCO,2,,23,MASCULINO,SIN DATOS,0,0,Morelia,Camelinas,febrero,martes,10,-101.17075869981,19.6837967780615
27725,27730,2020,,2020/02/04,11:20:00,COLISIÓN POR CAMBIO DE CARRIL,ASFALTO,Lluvioso,Bueno,2,CHEVROLET,ROJO,2,,56,MASCULINO,CON CERTIFICADO,0,0,Morelia,Sin datos,febrero,martes,11,-101.263402998447,19.6391949115974
27727,27732,2020,LEG29232,2020/02/04,14:43:00,COLISIÓN POR CORTE DE CIRCULACIÓN,CONCRETO,Bueno,Bueno,2,JEEP,VERDE,2,MINISTERIO PÚBLICO,,FEMENINO,SIN DATOS,0,0,Morelia,Los Sauces,febrero,martes,15,-101.18434054,19.6629919599991
27728,27733,2020,MOR2000365987,2020/02/04,15:15:00,COLISIÓN POR ALCANCE,ASFALTO,Lluvioso,Regular,2,NISSAN,GRIS,2,,38,FEMENINO,SIN DATOS,0,0,Morelia,Lomas de Santiaguito,febrero,martes,15,-101.179519891941,19.7229539949395
27729,27734,2020,,2020/02/04,16:45:00,COLISIÓN POR CORTE DE CIRCULACIÓN,ASFALTO,Bueno,Bueno,2,DINA,AZUL,2,,64,MASCULINO,SIN DATOS,0,0,Morelia,La Quemada,febrero,martes,17,-101.240059827697,19.7032952648833
27730,27735,2020,,2020/02/04,17:30:00,COLISIÓN POR CORTE DE CIRCULACIÓN,CONCRETO,Bueno,Bueno,2,NISSAN,NEGRO,2,,38,MASCULINO,SIN DATOS,0,0,Morelia,Poblado de Ocolusen,febrero,martes,18,-101.150127649172,19.6944699261717
27731,27736,2020,,2020/02/04,18:40:00,COLISIÓN POR CORTE DE CIRCULACIÓN,CONCRETO,Lluvioso,Regular,2,NISSAN,AZUL,2,,0,MASCULINO,SIN DATOS,0,0,Morelia,Centro,febrero,martes,19,-101.190518662333,19.7018568508766
27732,27737,2020,LEG29233,2020/02/04,18:40:00,COLISIÓN POR CORTE DE CIRCULACIÓN,ASFALTO,Lluvioso,Bueno,2,ITALIKA,NEGRO,2,,,MASCULINO,SIN DATOS,0,0,Morelia,Torreon Nuevo,febrero,martes,19,-101.209681806823,19.74825979587
27733,27738,2020,,2020/02/04,19:00:00,COLISIÓN POR CAMBIO DE CARRIL,CONCRETO,Bueno,Bueno,2,HONDA,BLANCO,2,MINISTERIO PÚBLICO,30,MASCULINO,SIN DATOS,0,0,Morelia,San Jose del Cerrito,febrero,martes,19,-101.222373722911,19.6615895379848
27734,27739,2020,MOR20009372,2020/02/04,19:10:00,CAIDA DE MOTOCICLETA,CONCRETO,Lluvioso,Regular,1,ITALIKA,AZUL,2,,0,,SIN DATOS,1,0,Morelia,Centro,febrero,martes,19,-101.187424063683,19.7028476698153
27735,27740,2020,MOR200096105,2020/02/04,19:18:00,COLISIÓN POR CORTE DE CIRCULACIÓN,ASFALTO,Nublado,Regular,2,CHEVROLET,AZUL,2,MINISTERIO PÚBLICO,0,MASCULINO,SIN DATOS,0,0,Morelia,Los Sauces,febrero,martes,19,-101.204487870544,19.6795160280379
27736,27741,2020,MOR200095969,2020/02/04,19:25:00,COLISIÓN CON PEATÓN,TERRACERIA,Nublado,Bueno,1,INTERNATIONAL,AMARILLO,1,MINISTERIO PÚBLICO,,,,0,1,Morelia,El Parian,febrero,martes,19,-101.268657688715,19.6893436540578
27737,27742,2020,,2020/02/04,19:40:00,COLISIÓN POR CORTE DE CIRCULACIÓN,ASFALTO,Bueno,Bueno,1,PIAGIOT,GRIS,1,,,,,1,0,Morelia,Industrial,febrero,martes,20,-101.188339032233,19.7114967945463
27738,27743,2020,,2020/02/04,21:10:00,COLISIÓN POR ALCANCE,CONCRETO,Nublado,Regular,2,INTERNATIONAL,BLANCO,2,MINISTERIO PÚBLICO,22,MASCULINO,SIN DATOS,0,0,Morelia,Independencia,febrero,martes,21,-101.176185705857,19.7055827275201
27739,27744,2020,MOR200093738,2020/02/04,21:40:00,COLISIÓN POR INVASIÓN DE CARRIL,ASFALTO,Bueno,Bueno,2,HONDA,GRIS,0,,,,,0,0,Morelia,Rafael Carrillo,febrero,martes,22,-101.236669756472,19.7076549010977
27740,27745,2020,LEG29199,2020/02/04,22:00:00,SUBIDA AL CAMELLÓN,ASFALTO,Nublado,Regular,1,CHEVROLET,GRIS,1,,0,MASCULINO,SIN DATOS,0,0,Morelia,Justo Mendoza,febrero,martes,22,-101.232585087419,19.712580979623
27741,27746,2020,,2020/02/05,"08:10:00",COLISIÓN POR CAMBIO DE CARRIL,ASFALTO,Lluvioso,Regular,2,MERCEDES BENZ,BLANCO Y NARANJA,2,,26,MASCULINO,SIN DATOS,0,0,Morelia,Loma Dorada,febrero,miércoles,8,-101.254326738417,19.6977407358266
27742,27747,2020,,2020/02/05,"09:25:00",COLISIÓN POR CAMBIO DE CARRIL,ASFALTO,Lluvioso,Regular,2,TOYOTA,GUINDA,2,,53,MASCULINO,SIN DATOS,0,0,Morelia,Loma Real,febrero,miércoles,9,-101.198264881968,19.728665824237
27743,27748,2020,,2020/02/05,"09:33:00",VOLCADURA,ASFALTO,Nublado,Bueno,1,MERCEDEZ BENZ,BLANCO,0,,,,,0,0,Salvador Escalante,Cuirinditzio,febrero,miércoles,10,-101.627115234733,19.4097247571959
27744,27749,2020,,2020/02/05,10:55:00,COLISIÓN POR NO RESPETAR SEMÁFORO,ASFALTO,Bueno,Bueno,2,VOLKSWAGEN,BLANCO,2,,39,MASCULINO,SIN DATOS,0,0,Morelia,Lomas de Guayangareo,febrero,miércoles,11,-101.160352528095,19.7044782938053
27745,27750,2020,MOR200097531,2020/02/05,13:14:00,COLISIÓN POR ALCANCE,ASFALTO,Lluvioso,Regular,2,NISSAN,BLANCO,2,MINISTERIO PÚBLICO,53,MASCULINO,SIN DATOS,0,0,Morelia,Pascual Ortiz de Ayala,febrero,miércoles,13,-101.151504422657,19.696032531912
27746,27751,2020,,2020/02/05,13:50:00,COLISIÓN POR CORTE DE CIRCULACIÓN,ASFALTO,Lluvioso,Regular,2,ITALIKA,AZUL,2,,24,MASCULINO,SIN DATOS,0,0,Morelia,Cuauhtemoc,febrero,miércoles,14,-101.17854569,19.6974281599991
27747,27752,2020,MOR200097886,2020/02/05,15:10:00,COLISIÓN POR ALCANCE,CONCRETO,Nublado,Bueno,3,DODGE,ARENA,3,,0,FEMENINO,SIN DATOS,0,0,Morelia,Isaac Arriaga,febrero,miércoles,15,-101.170068634056,19.7110391206767
27748,27753,2020,,2020/02/05,16:50:00,COLISIÓN POR CAMBIO DE CARRIL,CONCRETO,Lluvioso,Regular,2,KIA,GRIS,2,,37,MASCULINO,SIN DATOS,0,0,Morelia,Camelinas,febrero,miércoles,17,-101.168284155428,19.6827216999901
27749,27754,2020,MOR200087654,2020/02/05,17:00:00,COLISIÓN POR CORTE DE CIRCULACIÓN,ASFALTO,Bueno,Bueno,2,CHEVROLET,GRIS,2,,24,MASCULINO,SIN DATOS,0,0,Morelia,Ciudad Industrial,febrero,miércoles,17,-101.14554366932,19.7284851395985
27750,27755,2020,MOR200098154,2020/02/05,17:09:00,COLISIÓN POR CORTE DE CIRCULACIÓN,ASFALTO,Bueno,Bueno,2,FORD,BLANCO,2,,36,MASCULINO,SIN DATOS,0,0,Morelia,Gral Gertrudis Sanchez,febrero,miércoles,17,-101.2094753,19.7439916449991
27751,27756,2020,MOR200098457,2020/02/05,17:20:00,COLISIÓN POR CORTE DE CIRCULACIÓN,CONCRETO,Bueno,Bueno,2,NISSAN,VERDE,2,MINISTERIO PÚBLICO,56,MASCULINO,SIN DATOS,1,0,Morelia,Centro,febrero,miércoles,17,-101.194721195,19.6967728549991
27752,27757,2020,LEG29251,2020/02/05,17:25:00,COLISIÓN POR CAMBIO DE CARRIL,ASFALTO,Nublado,Regular,2,ITALIKA,ROJO Y BLANCO,2,,,MASCULINO,SIN DATOS,0,0,Morelia,Ignacio Zaragoza,febrero,miércoles,17,-101.204222336317,19.723849518802
27753,27758,2020,MOR200098292,2020/02/05,17:41:00,COLISIÓN POR CORTE DE CIRCULACIÓN,ASFALTO,Lluvioso,Regular,2,TOYOTA,ROJO,2,,45,FEMENINO,SIN DATOS,0,0,Morelia,San Rafael,febrero,miércoles,18,-101.152337704762,19.6999683672239
27754,27759,2020,,2020/02/05,20:14:00,VOLCADURA,ASFALTO,Lluvioso,Regular,1,SEAT,NEGRO,2,MINISTERIO PÚBLICO,28,MASCULINO,SIN DATOS,0,1,Morelia,Sin datos,febrero,miércoles,20,-101.348253339529,19.544787587031
27755,27760,2020,,2020/02/05,20:20:00,COLISIÓN POR ALCANCE,ASFALTO,Bueno,Bueno,2,CHEVROLET,BLANCO,2,,50,MASCULINO,SIN DATOS,0,0,Morelia,Rinconada del Valle,febrero,miércoles,20,-101.218544393778,19.6790679008449
27756,27761,2020,MOR200075432,2020/02/05,23:20:00,COLISIÓN CON PEATÓN,CONCRETO,Bueno,Bueno,2,NISSAN,BLANCO Y CAFE,2,,28,MASCULINO,SIN DATOS,0,0,Morelia,Gustavo Diaz Ordaz,febrero,miércoles,23,-101.20526233,19.6927175549991
27757,27762,2020,MOR200098227,2020/02/05,23:50:00,COLISIÓN CONTRA OBJETO FIJO,ASFALTO,Nublado,Bueno,1,NISSAN,PLATA,1,,,MASCULINO,SIN DATOS,0,0,Morelia,Alberto Oviedo Mota,febrero,miércoles,0,-101.198908182011,19.681555672698
27758,27763,2020,,2020/02/06,"00:00:00",VOLCADURA,CONCRETO,Bueno,Bueno,2,IZUSU,BLANCO,2,,30,MASCULINO,SIN DATOS,0,0,Morelia,La Loma,febrero,jueves,0,-101.186403483152,19.6795565942053
27759,27764,2020,,2020/02/06,"07:00:00",CAIDA DE MOTOCICLETA,ASFALTO,Lluvioso,Bueno,1,ITALIKA,NEGRO,0,,,,,0,0,Lázaro Cárdenas,El Sembrador,febrero,jueves,7,-102.203330122988,17.9704757819651
27760,27765,2020,,2020/02/06,"08:30:00",COLISIÓN POR CAMBIO DE CARRIL,ASFALTO,Bueno,Bueno,2,FORD,BLANCO Y ROSA,2,,20,MASCULINO,SIN DATOS,0,0,Morelia,Loma Bonita,febrero,jueves,9,-101.19716162,19.7216159299991
27761,27766,2020,,2020/02/06,"09:05:00",COLISIÓN POR CORTE DE CIRCULACIÓN,CONCRETO,Bueno,Bueno,2,DODGE,BLANCO,2,,50,MASCULINO,SIN DATOS,0,0,Morelia,Centro,febrero,jueves,9,-101.193410754204,19.703917393855
27762,27767,2020,,2020/02/06,"09:20:00",COLISIÓN POR CAMBIO DE CARRIL,ASFALTO,Bueno,Bueno,2,VOLKSWAGEN,BLANCO,2,,28,MASCULINO,SIN DATOS,0,0,Morelia,Tzindurio de Morelos,febrero,jueves,9,-101.245044000887,19.6974820969065
27763,27768,2020,,2020/02/06,"09:30:00",COLISIÓN POR CORTE DE CIRCULACIÓN,ASFALTO,Bueno,Bueno,2,CHRYSLER,AZUL,2,MINISTERIO PÚBLICO,70,MASCULINO,SIN DATOS,0,0,Morelia,San Isidro Itzicuaro Norte,febrero,jueves,10,-101.263650147838,19.7029457119738
27764,27769,2020,MOR200019876,2020/02/06,"09:57:00",COLISIÓN POR CAMBIO DE CARRIL,ASFALTO,Nublado,Regular,2,RENAULT,AZUL,2,,55,FEMENINO,SIN DATOS,0,0,Morelia,Montaña Monarca,febrero,jueves,10,-101.165388710797,19.6715930428063
27766,27771,2020,,2020/02/06,12:40:00,COLISIÓN POR CORTE DE CIRCULACIÓN,ASFALTO,Nublado,Bueno,2,KIA,BLANCO,2,MINISTERIO PÚBLICO,67,MASCULINO,SIN DATOS,0,0,Morelia,Centro,febrero,jueves,13,-101.185555569828,19.702916796489
27767,27772,2020,,2020/02/06,15:20:00,COLISIÓN POR ALCANCE,ASFALTO,Bueno,Bueno,2,TOYOTA,BLANCO,2,,,MASCULINO,SIN DATOS,0,0,Morelia,Alberto Oviedo Mota,febrero,jueves,15,-101.202109493315,19.6775639282042
27768,27773,2020,,2020/02/06,15:20:00,COLISIÓN POR CORTE DE CIRCULACIÓN,ASFALTO,Bueno,Bueno,1,NISSAN,BLANCO,1,,76,MASCULINO,SIN DATOS,0,0,Morelia,Nueva Chapultepec,febrero,jueves,15,-101.17081558,19.6897813199992
27769,27774,2020,,2020/02/06,16:14:00,COLISIÓN POR ALCANCE,ASFALTO,Bueno,Bueno,2,RENAULT,GRIS,2,,38,MASCULINO,SIN DATOS,0,0,Morelia,Felix Ireta,febrero,jueves,16,-101.192138381302,19.6823728658442
27770,27775,2020,LEG29268,2020/02/06,17:50:00,COLISIÓN POR ALCANCE,ASFALTO,Bueno,Bueno,2,VOLKSWAGEN,BLANCO,2,,22,FEMENINO,SIN DATOS,0,0,Morelia,Alberto Oviedo Mota,febrero,jueves,18,-101.197399869561,19.6811047447248
27771,27776,2020,,2020/02/06,18:45:00,COLISIÓN POR CAMBIO DE CARRIL,ASFALTO,Bueno,Bueno,2,MAZDA,ROJO,2,,22,MASCULINO,SIN DATOS,0,0,Morelia,Campestre Los Manantiales,febrero,jueves,19,-101.238335743547,19.6882350727147
27772,27777,2020,MOR200098859,2020/02/06,18:55:00,COLISIÓN CONTRA OBJETO FIJO,ASFALTO,Lluvioso,Bueno,2,FORD,ROJO,2,,26,MASCULINO,SIN DATOS,0,0,Morelia,Club Campestre,febrero,jueves,19,-101.164492275,19.6801500749992
27773,27778,2020,MOR200100772,2020/02/06,19:40:00,COLISIÓN POR CORTE DE CIRCULACIÓN,ASFALTO,Bueno,Bueno,2,HONDA,PLATA,2,,,MASCULINO,SIN DATOS,0,0,Morelia,Independencia,febrero,jueves,20,-101.17555505341,19.7098989202171
27774,27779,2020,MOR200101519,2020/02/07,"04:20:00",VOLCADURA,ASFALTO,Nublado,Regular,1,VOLKSWAGEN,BLANCO,1,,27,FEMENINO,SIN DATOS,0,0,Tarímbaro,Sin datos,febrero,viernes,4,-101.159352734685,19.7674055839657
27775,27780,2020,,2020/02/07,"08:10:00",COLISIÓN POR CORTE DE CIRCULACIÓN,CONCRETO,Bueno,Bueno,2,NISSAN MARCH,GRIS,2,MINISTERIO PÚBLICO,24,MASCULINO,SIN DATOS,0,0,Morelia,Independencia,febrero,viernes,8,-101.175636485,19.7094595949991
27776,27781,2020,MOR200101859,2020/02/07,"09:14:00",COLISIÓN POR ALCANCE,ASFALTO,Bueno,Bueno,2,NISSAN,BLANCO,2,,48,MASCULINO,SIN DATOS,0,0,Morelia,Camelinas,febrero,viernes,9,-101.174310415,19.6807072799992
27777,27782,2020,MOR2000.,2020/02/07,"09:36:00",COLISIÓN POR CORTE DE CIRCULACIÓN,ASFALTO,Bueno,Bueno,2,VOLKSWAGEN,ROJO,2,,0,MASCULINO,SIN DATOS,0,0,Morelia,Centro,febrero,viernes,10,-101.18743814528,19.7070144713379
27778,27783,2020,LEG29296,2020/02/07,10:10:00,COLISIÓN POR CAMBIO DE CARRIL,ASFALTO,Bueno,Bueno,2,NISSAN,AZUL,2,,44,MASCULINO,SIN DATOS,0,0,Morelia,Lomas de San Juan,febrero,viernes,10,-101.183039681886,19.7298664251429
27779,27784,2020,LEG29282,2020/02/07,10:50:00,COLISIÓN POR CORTE DE CIRCULACIÓN,ASFALTO,Bueno,Bueno,2,JEEP,PLATA,2,,34,MASCULINO,SIN DATOS,0,0,Morelia,Infonavit  Las  Camelinas,febrero,viernes,11,-101.173828616738,19.6835787869955
27780,27785,2020,LEG29295,2020/02/07,10:54:00,COLISIÓN CONTRA OBJETO FIJO,ASFALTO,Bueno,Bueno,1,CHEVROLET,BLANCO.,1,,43,MASCULINO,SIN DATOS,0,0,Morelia,El Realito,febrero,viernes,11,-101.204285770655,19.7257275983404
27781,27786,2020,MOR20012072,2020/02/07,11:21:00,COLISIÓN POR CORTE DE CIRCULACIÓN,ASFALTO,Bueno,Bueno,3,FORD,BLANCO,3,,64,MASCULINO,SIN DATOS,0,0,Morelia,Primo Tapia Oriente,febrero,viernes,11,-101.16191233,19.7156435699991
27782,27787,2020,MOR2000101788,2020/02/07,11:50:00,COLISIÓN POR ALCANCE,ASFALTO,Bueno,Bueno,2,TOYOTA,BLANCO Y MORADO,2,,31,MASCULINO,SIN DATOS,0,0,Morelia,Centro,febrero,viernes,12,-101.190697025138,19.7095019973639
27783,27788,2020,,2020/02/07,13:08:00,COLISIÓN POR CORTE DE CIRCULACIÓN,ASFALTO,Bueno,Bueno,1,CHEVROLET,BLANCO,1,,28,MASCULINO,SIN DATOS,0,0,Morelia,Loma del Salto,febrero,viernes,13,-101.202090382576,19.6578900727913
27784,27789,2020,MOR200087345,2020/02/07,13:50:00,COLISIÓN POR CAMBIO DE CARRIL,CONCRETO,Bueno,Bueno,2,CHEVROLET,AZUL,2,,47,MASCULINO,SIN DATOS,0,0,Morelia,El Parian,febrero,viernes,14,-101.268343813558,19.6893137954012
27785,27790,2020,,2020/02/07,16:30:00,COLISIÓN POR CORTE DE CIRCULACIÓN,ASFALTO,Bueno,Bueno,2,CHEVROLET,DORADO,2,,36,MASCULINO,SIN DATOS,0,0,Morelia,Torreon Nuevo,febrero,viernes,17,-101.20328292,19.7435930849991
27786,27791,2020,MOR200074562,2020/02/07,16:30:00,SALIDA DE SUPERFICIE DE RODAMIENTO,CONCRETO,Bueno,Bueno,1,NISSAN,BLANCO,1,,52,MASCULINO,SIN DATOS,0,0,Morelia,San Isidro Itzicuaro Norte,febrero,viernes,17,-101.269317365,19.7035444849991
27787,27792,2020,LEG29285,2020/02/07,17:50:00,COLISIÓN POR ALCANCE,SIN_DATOS,Bueno,Bueno,2,MERCEDES BENZ,PLATA,2,,45,FEMENINO,SIN DATOS,0,0,Morelia,Mariano Michelena,febrero,viernes,18,-101.229904554784,19.6768955966204
27788,27793,2020,MOR200103655,2020/02/07,19:12:00,COLISIÓN POR CAMBIO DE CARRIL,ASFALTO,Bueno,Bueno,2,NISSAN,PLATA,2,,25,MASCULINO,SIN DATOS,0,0,Morelia,Americas Britania,febrero,viernes,19,-101.146081774315,19.6917604454174
27789,27794,2020,MOR200103666,2020/02/07,19:30:00,COLISIÓN POR CAMBIO DE CARRIL,CONCRETO,Bueno,Bueno,2,MERCEDES BENZ,NEGRO,2,,33,FEMENINO,SIN DATOS,0,0,Morelia,Chapultepec Oriente,febrero,viernes,20,-101.15913378,19.6947918299991
27790,27795,2020,MOR200078453,2020/02/07,21:30:00,COLISIÓN POR CORTE DE CIRCULACIÓN,CONCRETO,Bueno,Bueno,2,HONDA,GRIS,2,,43,MASCULINO,CON CERTIFICADO,0,0,Morelia,Industrial,febrero,viernes,22,-101.20117651,19.7128375849991
27791,27796,2020,LEG29294,2020/02/07,21:44:00,COLISIÓN CONTRA OBJETO FIJO,ASFALTO,Bueno,Bueno,1,CHEVROLET,BLANCO,1,,42,MASCULINO,SIN DATOS,0,0,Morelia,Union Popular Solidaria,febrero,viernes,22,-101.2182453,19.7076625699991
27792,27797,2020,,2020/02/08,"08:30:00",COLISIÓN POR CORTE DE CIRCULACIÓN,CONCRETO,Bueno,Bueno,2,HONDA,NARANJA,2,,45,MASCULINO,SIN DATOS,0,0,Morelia,Chapultepec Norte,febrero,sábado,9,-101.176202945,19.6965285599991
27793,27798,2020,,2020/02/08,"09:10:00",COLISIÓN CONTRA OBJETO FIJO,CONCRETO,Bueno,Bueno,2,VOLKSWAGEN,ROJO,2,,,,SIN DATOS,0,0,Morelia,Villas del Real,febrero,sábado,9,-101.200348054572,19.7346478354124
27794,27799,2020,,2020/02/08,10:40:00,COLISIÓN POR CAMBIO DE CARRIL,CONCRETO,Bueno,Bueno,2,FORD,ROJO,2,,,MASCULINO,SIN DATOS,0,0,Morelia,Dr Miguel Silva,febrero,sábado,11,-101.185227946917,19.717204814836
27795,27800,2020,,2020/02/08,10:40:00,COLISIÓN POR INVASIÓN DE CARRIL,ASFALTO,Bueno,Bueno,2,NISSAN,BLANCO,2,,30,MASCULINO,SIN DATOS,0,0,Morelia,Hacienda San Jose,febrero,sábado,11,-101.216221587106,19.6953968891136
27797,27802,2020,MOR200105279,2020/02/08,11:57:00,COLISIÓN POR CAMBIO DE CARRIL,ASFALTO,Bueno,Bueno,2,FREIGHTLINER,BLANCO,2,,0,MASCULINO,SIN DATOS,0,0,Morelia,Lomas de Morelia (Dr Ignacio Chavez),febrero,sábado,12,-101.175452644618,19.7162004988672
27798,27803,2020,MOR200102582,2020/02/08,12:56:00,COLISIÓN POR CORTE DE CIRCULACIÓN,ASFALTO,Bueno,Bueno,2,FORD,BLANCO,2,,24,MASCULINO,SIN DATOS,0,0,Morelia,Lomas de San Juan,febrero,sábado,13,-101.183039681886,19.7298664251429
27799,27804,2020,MOR200106101,2020/02/08,16:48:00,COLISIÓN POR CORTE DE CIRCULACIÓN,ASFALTO,Bueno,Bueno,2,NISSAN,BLANCO/ROJO,2,MINISTERIO PÚBLICO,0,MASCULINO,SIN DATOS,0,0,Morelia,Eduardo Ruiz,febrero,sábado,17,-101.221859682349,19.7216992118204
27800,27805,2020,,2020/02/08,17:10:00,COLISIÓN CON PEATÓN,ASFALTO,Bueno,Bueno,1,TOYOTA,BLANCO,2,,47,MASCULINO,SIN DATOS,1,0,Morelia,Sentimientos de La Nacion,febrero,sábado,17,-101.2340757,19.680754
27801,27806,2020,MOR20018374,2020/02/08,18:20:00,COLISIÓN POR ALCANCE,ASFALTO,Nublado,Regular,2,ITALIKA,ROJO Y NEGRO,2,MINISTERIO PÚBLICO,33,MASCULINO,SIN DATOS,0,0,Morelia,Agustin Arriaga Rivera,febrero,sábado,18,-101.22188276,19.6924192649991
27802,27807,2020,,2020/02/08,19:10:00,COLISIÓN CON PEATÓN,ASFALTO,Bueno,Bueno,1,TOYOTA,BLANCO,2,,47,MASCULINO,SIN DATOS,1,0,Morelia,El Realito,febrero,sábado,19,-101.203137012728,19.7271577016115
27803,27808,2020,,2020/02/08,20:20:00,COLISIÓN POR ALCANCE,ASFALTO,Bueno,Bueno,2,CHEVROLET,ROJO,0,MINISTERIO PÚBLICO,,,,0,0,Erongarícuaro,Sin datos,febrero,sábado,20,-101.710880286992,19.5675210307865
27805,27810,2020,MOR200147598,2020/02/08,20:37:00,COLISIÓN POR INVASIÓN DE CARRIL,ASFALTO,Nublado,Regular,2,CHEVROLET,AZUL,2,MINISTERIO PÚBLICO,51,MASCULINO,CON CERTIFICADO,0,0,Morelia,Indeco La Huerta,febrero,sábado,21,-101.231224257897,19.6474928751085
27807,27812,2020,,2020/02/08,22:54:00,SALIDA DE SUPERFICIE DE RODAMIENTO,ASFALTO,Bueno,Bueno,2,TOYOTA,BLANCO,2,MINISTERIO PÚBLICO,,,,2,0,Pátzcuaro,Sin datos,febrero,sábado,23,-101.587762534618,19.5450700528843
27809,27814,2020,,2020/02/09,"05:20:00",COLISIÓN CONTRA OBJETO FIJO,CONCRETO,Bueno,Bueno,1,VOLKSWAGEN,BLANCO,1,,0,,SIN DATOS,0,0,Morelia,Ferrocarrilero,febrero,domingo,5,-101.223609235,19.6918737849991
27811,27816,2020,LEG29313,2020/02/09,"06:40:00",VOLCADURA,ASFALTO,Bueno,Bueno,1,NISSAN,BLANCO,1,,0,MASCULINO,SIN DATOS,0,0,Morelia,Las Flores,febrero,domingo,7,-101.206263914811,19.7056150121759
27812,27817,2020,,2020/02/09,"07:50:00",SALIDA DE SUPERFICIE DE RODAMIENTO,ASFALTO,Bueno,Bueno,1,MINI CUPER,BLANCO/NEGRO,0,,,,,0,0,Peribán,Sin datos,febrero,domingo,8,-102.443207837641,19.5507524404518
27814,27819,2020,MOR200107783,2020/02/09,"08:45:00",COLISIÓN POR CORTE DE CIRCULACIÓN,ASFALTO,Bueno,Bueno,2,NISSAN,BLANCO,2,,60,MASCULINO,SIN DATOS,0,0,Morelia,Popular Pogreso,febrero,domingo,9,-101.200145965135,19.7202451059807