fid,id_accidente,anio_origen,folio_c5i,dia_incidente,hora_ocurrencia,tipo_incidente_vial,superficie_ocurrencia,condiciones_climaticas,condiciones_via,numero_vehiculos_involucrados,marca_vehiculo_ocasiona_siniestro,color_vehiculo_ocasiona_siniestro,numero_personas_involucradas,lugar_remite_presunto_responsable,edad_presunto_responsable,sexo_presunto_responsable,resultados_toxicologia,numero_personas_lesionadas,numero_personas_fallecidas,municipio,colonia,mes,dia_semana,hora_redondeada,lon,lat
27815,27820,2020,,2020/02/09,18:20:00,SALIDA DE SUPERFICIE DE RODAMIENTO,ASFALTO,Bueno,Bueno,1,MAZDA,ROJO,1,,32,MASCULINO,SIN DATOS,0,0,Tuxpan,Sin datos,febrero,domingo,18,-100.462701916695,19.5537434728262
27816,27821,2020,LEG29317,2020/02/09,23:00:00,COLISIÓN CONTRA OBJETO FIJO,ASFALTO,Bueno,Bueno,1,FORD,GRIS,1,,48,MASCULINO,SIN DATOS,0,0,Morelia,Jardin de La Orquidea,febrero,domingo,23,-101.301537805995,19.691619
27818,27823,2020,,2020/02/10,"02:50:00",COLISIÓN POR INVASIÓN DE CARRIL,ASFALTO,Bueno,Bueno,2,TOYOTA,NEGRO,2,,37,MASCULINO,SIN DATOS,0,0,Peribán,Sin datos,febrero,lunes,3,-102.446657493711,19.5545121531863
27819,27824,2020,,2020/02/10,"07:50:00",COLISIÓN POR ALCANCE,ASFALTO,Bueno,Bueno,2,HONDA,BLANCO,2,,,FEMENINO,SIN DATOS,0,0,Morelia,Chapultepec Oriente,febrero,lunes,8,-101.15913378,19.6947918299991
27820,27825,2020,,2020/02/10,"08:20:00",COLISIÓN POR CORTE DE CIRCULACIÓN,ASFALTO,Bueno,Bueno,2,NISSAN,GRIS,2,,53,FEMENINO,SIN DATOS,0,0,Morelia,Elias Perez Avalos,febrero,lunes,8,-101.167813022979,19.7136335493406
27822,27827,2020,,2020/02/10,"08:50:00",COLISIÓN POR CORTE DE CIRCULACIÓN,ASFALTO,Bueno,Bueno,2,MAZDA,GRIS,2,,75,MASCULINO,SIN DATOS,0,0,Morelia,Del Empleado,febrero,lunes,9,-101.18002517,19.6886070099991
27824,27829,2020,,2020/02/10,"09:45:00",COLISIÓN POR ALCANCE,ASFALTO,Bueno,Bueno,3,NISSAN,BLANCO,3,,75,MASCULINO,SIN DATOS,0,0,Morelia,Dr Miguel Silva,febrero,lunes,10,-101.185227946917,19.717204814836
27825,27830,2020,,2020/02/10,10:20:00,COLISIÓN POR CORTE DE CIRCULACIÓN,ASFALTO,Bueno,Bueno,2,VOLKSWAGEN,GRIS,2,,27,FEMENINO,SIN DATOS,0,0,Morelia,Centro,febrero,lunes,10,-101.18754847,19.7028479949991
27827,27832,2020,,2020/02/10,12:45:00,COLISIÓN POR CAMBIO DE CARRIL,CONCRETO,Bueno,Bueno,2,NISSAN,BLANCO Y MORADO,2,,50,MASCULINO,SIN DATOS,0,0,Morelia,Centro,febrero,lunes,13,-101.183389954654,19.7044140305875
27830,27835,2020,,2020/02/10,15:20:00,COLISIÓN POR NO RESPETAR SEMÁFORO,ASFALTO,Bueno,Bueno,1,ITALIKA,NEGRA,1,,,MASCULINO,SIN DATOS,0,0,Morelia,Camelinas,febrero,lunes,15,-101.17262119,19.6818144849991
27832,27837,2020,,2020/02/10,15:45:00,COLISIÓN POR NO RESPETAR SEMÁFORO,ASFALTO,Bueno,Bueno,2,CHEVROLET,BLANCO Y ROJO,2,,75,MASCULINO,SIN DATOS,0,0,Morelia,Ventura Puente,febrero,lunes,16,-101.193225725,19.6917077449992
27833,27838,2020,,2020/02/10,16:02:00,COLISIÓN CON PEATÓN,ASFALTO,Bueno,Bueno,2,NISSAN,BLANCO,2,,,MASCULINO,SIN DATOS,0,0,Morelia,Centro,febrero,lunes,16,-101.179312185,19.7035132699991
27834,27839,2020,,2020/02/10,16:20:00,COLISIÓN POR INVASIÓN DE CARRIL,ASFALTO,Bueno,Bueno,2,MINI,ROJO,2,,,MASCULINO,SIN DATOS,0,0,Morelia,Del Empleado,febrero,lunes,16,-101.18002517,19.6886070099991
27835,27840,2020,,2020/02/10,17:05:00,COLISIÓN CONTRA OBJETO FIJO,CONCRETO,Bueno,Bueno,1,DODGE,BLANCO,0,,,,,0,0,Morelia,Primavera,febrero,lunes,17,-101.145409527041,19.7082185132563
27836,27841,2020,,2020/02/10,18:15:00,COLISIÓN POR CAMBIO DE CARRIL,ASFALTO,Bueno,Bueno,2,SUZUKI,NEGRO,2,,28,MASCULINO,SIN DATOS,0,0,Morelia,Tzindurio de Morelos,febrero,lunes,18,-101.245044000887,19.6974820969065
27837,27842,2020,LEG29337,2020/02/10,18:47:00,COLISIÓN CON PEATÓN,ASFALTO,Bueno,Bueno,1,SATURN,AZUL,2,MINISTERIO PÚBLICO,,MASCULINO,SIN DATOS,1,0,Morelia,Vicente Guerrero,febrero,lunes,19,-101.227650662298,19.7029463396077
27838,27843,2020,,2020/02/10,20:30:00,COLISIÓN POR CAMBIO DE CARRIL,CONCRETO,Bueno,Bueno,2,KENWORTH,VERDE,2,,24,MASCULINO,SIN DATOS,0,0,Morelia,Fuentes de Morelia,febrero,lunes,21,-101.203908950441,19.6711852824231
27839,27844,2020,,2020/02/10,20:30:00,COLISIÓN POR CAMBIO DE CARRIL,ASFALTO,Nublado,Bueno,2,KENWORTH,VERDE,2,,24,MASCULINO,SIN DATOS,0,0,Morelia,Fuentes de Morelia,febrero,lunes,21,-101.203029030934,19.6709799326011
27840,27845,2020,MOR200115156,2020/02/11,"00:00:00",COLISIÓN POR NO RESPETAR SEMÁFORO,ASFALTO,Bueno,Bueno,2,YAMAHA,NEGRO,2,MINISTERIO PÚBLICO,24,MASCULINO,SIN DATOS,0,0,Morelia,Felix Ireta,febrero,martes,0,-101.192047186196,19.6823829678392
27841,27846,2020,MOR200012345,2020/02/11,"08:15:00",COLISIÓN CON PEATÓN,ASFALTO,Bueno,Bueno,1,HONDA,BLANCO,1,,54,FEMENINO,SIN DATOS,0,0,Morelia,Praderas del Indio,febrero,martes,8,-101.223494028547,19.6450845894654
27842,27847,2020,MOR2OO567843,2020/02/11,"08:30:00",COLISIÓN POR ALCANCE,ASFALTO,Bueno,Bueno,2,NISSAN,BLANCO,2,,49,MASCULINO,SIN DATOS,0,0,Indaparapeo,Sin datos,febrero,martes,9,-100.903244018555,19.7899645720874
27843,27848,2020,MOR200113818,2020/02/11,"09:15:00",COLISIÓN POR CORTE DE CIRCULACIÓN,ASFALTO,Bueno,Bueno,2,DODGE,ROJO,2,,37,MASCULINO,SIN DATOS,0,0,Morelia,Sentimientos de La Nacion,febrero,martes,9,-101.236872933805,19.6848077438954
27844,27849,2020,MOR200078343,2020/02/11,13:00:00,COLISIÓN CONTRA OBJETO FIJO,CONCRETO,Bueno,Bueno,1,NISSAN,AZUL,0,MINISTERIO PÚBLICO,,,,0,0,Morelia,Puerta Tres Marias Norte,febrero,martes,13,-101.142472922802,19.6921834969151
27845,27850,2020,MOR20034675,2020/02/11,15:08:00,COLISIÓN POR ALCANCE,CONCRETO,Bueno,Bueno,2,JEEP,NEGRO,2,,,MASCULINO,SIN DATOS,0,0,Morelia,Cuauhtemoc,febrero,martes,15,-101.181972809136,19.6997533525483
27846,27851,2020,MOR200115144,2020/02/11,17:00:00,COLISIÓN CONTRA OBJETO FIJO,CONCRETO,Bueno,Bueno,2,RAM,BLANCO,2,,28,MASCULINO,SIN DATOS,0,0,Morelia,Felix Ireta,febrero,martes,17,-101.191952973604,19.6910152053343
27847,27852,2020,,2020/02/11,18:20:00,COLISIÓN CONTRA OBJETO FIJO,ASFALTO,Bueno,Bueno,1,CHEVROLET,BLANCO,1,,24,MASCULINO,SIN DATOS,0,0,Morelia,Lomas del Tecnologico,febrero,martes,18,-101.188370212913,19.7212232657368
27848,27853,2020,MOR200115809,2020/02/11,20:50:00,COLISIÓN POR CORTE DE CIRCULACIÓN,ASFALTO,Bueno,Bueno,2,KIA,TITANIUM,2,,37,FEMENINO,SIN DATOS,0,0,Morelia,Eduardo Ruiz,febrero,martes,21,-101.215930916369,19.7165076565365
27849,27854,2020,,2020/02/12,"08:30:00",COLISIÓN POR CORTE DE CIRCULACIÓN,ASFALTO,Bueno,Bueno,2,DODGE,BLANCO/AZUL,0,MINISTERIO PÚBLICO,,,,0,0,Lázaro Cárdenas,Sin datos,febrero,miércoles,9,-102.219031825662,17.9804998203029
27850,27855,2020,,2020/02/12,10:00:00,COLISIÓN POR ALCANCE,ASFALTO,Bueno,Bueno,2,HONDA,BLANCO,2,,33,MASCULINO,SIN DATOS,0,0,Morelia,Lomas de Guayangareo,febrero,miércoles,10,-101.160960056503,19.7026870450485
27851,27856,2020,,2020/02/12,11:59:00,VOLCADURA,ASFALTO,Bueno,Bueno,1,NISSAN,ROJO,0,,,,,0,0,Pátzcuaro,Sin datos,febrero,miércoles,12,-101.587418206036,19.544779372133
27852,27857,2020,,2020/02/12,14:35:00,COLISIÓN CONTRA OBJETO FIJO,ASFALTO,Bueno,Bueno,1,TOYOTA,S/D,1,,47,MASCULINO,SIN DATOS,0,0,Pátzcuaro,Sin datos,febrero,miércoles,15,-101.668680086732,19.5309142403006
27853,27858,2020,,2020/02/12,14:45:00,COLISIÓN POR CORTE DE CIRCULACIÓN,ASFALTO,Bueno,Bueno,1,TOYOTA,NEGRO,1,MINISTERIO PÚBLICO,,,SIN DATOS,0,0,Tacámbaro,Sin datos,febrero,miércoles,15,-101.471009999514,19.2684632533802
27854,27859,2020,,2020/02/12,16:30:00,COLISIÓN POR CAMBIO DE CARRIL,ASFALTO,Bueno,Bueno,2,NISSAN,BLANCO,2,,,MASCULINO,SIN DATOS,0,0,Morelia,Centro,febrero,miércoles,17,-101.18754847,19.7028479949991
27855,27860,2020,,2020/02/12,21:30:00,VOLCADURA,ASFALTO,Bueno,Bueno,1,VOLKSWAGEN,BLANCO,2,MINISTERIO PÚBLICO,53,MASCULINO,SIN DATOS,1,0,Tuxpan,Sin datos,febrero,miércoles,22,-100.476283952594,19.6213960477342
27856,27861,2020,LEG29379,2020/02/13,10:05:00,COLISIÓN POR CORTE DE CIRCULACIÓN,ASFALTO,Bueno,Bueno,2,NISSAN,BLANCO Y CORAL,2,,30,MASCULINO,SIN DATOS,0,0,Morelia,Melchor Ocampo,febrero,jueves,10,-101.201937888211,19.7065671597378
27857,27862,2020,MOR20019764,2020/02/13,11:10:00,COLISIÓN POR CORTE DE CIRCULACIÓN,CONCRETO,Bueno,Bueno,2,ISUZU,BLANCO,2,,45,MASCULINO,SIN DATOS,0,0,Morelia,Villa Universidad,febrero,jueves,11,-101.21407315135,19.6879235003986
27858,27863,2020,,2020/02/13,12:00:00,VOLCADURA,ASFALTO,Bueno,Bueno,1,kewwoorth,rojo,0,MINISTERIO PÚBLICO,,,,0,0,Uruapan,Sin datos,febrero,jueves,12,-102.073929682374,19.4700788923169
27859,27864,2020,,2020/02/13,13:00:00,COLISIÓN POR INVASIÓN DE CARRIL,ASFALTO,Bueno,Bueno,2,CHEVROLET,ROJO,2,MINISTERIO PÚBLICO,,,SIN DATOS,0,0,Tacámbaro,Sin datos,febrero,jueves,13,-101.335704959929,19.2134412058795
27860,27865,2020,LEG29368,2020/02/13,14:50:00,COLISIÓN POR INVASIÓN DE CARRIL,ASFALTO,Bueno,Bueno,2,FORD,BLANCO,2,,57,MASCULINO,SIN DATOS,0,0,Tarímbaro,Sin datos,febrero,jueves,15,-101.162258572876,19.7647876978698
27861,27866,2020,MOR200121666,2020/02/13,14:50:00,COLISIÓN POR MANIOBRA DE REVERSA,ASFALTO,Bueno,Bueno,2,VOLKSWAGEN,BLANCO,1,,43,FEMENINO,SIN DATOS,0,0,Morelia,Eduardo Ruiz,febrero,jueves,15,-101.221859682349,19.7216992118204
27864,27869,2020,MOR20078345,2020/02/13,17:25:00,COLISIÓN POR CAMBIO DE CARRIL,ASFALTO,Bueno,Bueno,2,MERCEDEZ BENZ,AMARILLO,2,,47,MASCULINO,SIN DATOS,0,0,Morelia,Santillan La Huerta,febrero,jueves,17,-101.219553885717,19.6760966650679
27865,27870,2020,LEG29375,2020/02/13,18:00:00,COLISIÓN POR CAMBIO DE CARRIL,ASFALTO,Bueno,Bueno,2,KTM,BLANCO,2,,20,MASCULINO,SIN DATOS,0,0,Morelia,Camelinas,febrero,jueves,18,-101.17262119,19.6818144849991
27866,27871,2020,MOR200120814,2020/02/13,18:40:00,COLISIÓN POR CORTE DE CIRCULACIÓN,CONCRETO,Bueno,Bueno,2,NISSAN,PLATA,2,,33,FEMENINO,SIN DATOS,0,0,Morelia,Lomas del Tecnologico,febrero,jueves,19,-101.19436035,19.7204595699992
27867,27872,2020,,2020/02/13,19:55:00,VOLCADURA,ASFALTO,Bueno,Bueno,1,DINA,AZUL,1,,59,MASCULINO,SIN DATOS,0,0,Peribán,Sin datos,febrero,jueves,20,-102.448414005339,19.5564251498536
27869,27874,2020,LEG29370,2020/02/13,21:00:00,COLISIÓN POR CAMBIO DE CARRIL,ASFALTO,Bueno,Bueno,3,HONDA,ROJO,3,,34,MASCULINO,ALIENTO ETÍLICO,0,0,Morelia,Barrio Alto,febrero,jueves,21,-101.196863427758,19.7248363363252
27870,27875,2020,,2020/02/14,"00:00:00",COLISIÓN CONTRA OBJETO FIJO,ASFALTO,Bueno,Bueno,1,VOLKSWAGEN,VERDE,0,MINISTERIO PÚBLICO,,,,0,0,Lázaro Cárdenas,Las Camelinas (Las Palmeras),febrero,viernes,0,-102.225070483983,17.9737000654426
27871,27876,2020,LEG29381,2020/02/14,"00:15:00",COLISIÓN CONTRA OBJETO FIJO,ASFALTO,Bueno,Bueno,1,FORD,ROJO,1,,21,MASCULINO,SIN DATOS,0,0,Morelia,Villas Lomas del Paraiso,febrero,viernes,0,-101.183243326701,19.6753951296653
27872,27877,2020,LEG29414,2020/02/14,"02:30:00",COLISIÓN POR CORTE DE CIRCULACIÓN,ASFALTO,Bueno,Bueno,2,NISSAN,BLANCO,2,,0,MASCULINO,SIN DATOS,0,0,Morelia,Poblado de Ocolusen,febrero,viernes,3,-101.149425585,19.6946948599991
27873,27878,2020,,2020/02/14,"08:50:00",COLISIÓN POR ALCANCE,ASFALTO,Bueno,Bueno,2,MINI,BLANCO,2,,,MASCULINO,SIN DATOS,0,0,Morelia,Felix Ireta,febrero,viernes,9,-101.188582604864,19.6860148664875
27874,27879,2020,,2020/02/14,"09:00:00",COLISIÓN CONTRA OBJETO FIJO,ASFALTO,Bueno,Bueno,1,FORD,AZUL,0,,,,,0,0,Morelia,Vasco de Quiroga,febrero,viernes,9,-101.176170115,19.7053081549991
27875,27880,2020,,2020/02/14,11:17:00,COLISIÓN CON PEATÓN,ASFALTO,Bueno,Bueno,1,NISSAN,BLANCO Y ROJO,2,,74,MASCULINO,SIN DATOS,1,0,Morelia,Melchor Ocampo,febrero,viernes,11,-101.202484873104,19.7067874132292
27876,27881,2020,MOR2000119634,2020/02/14,11:40:00,COLISIÓN CONTRA OBJETO FIJO,ASFALTO,Bueno,Bueno,2,ISUZU,BLANCO,2,,26,MASCULINO,SIN DATOS,0,0,Morelia,Poblado de Ocolusen,febrero,viernes,12,-101.150127649172,19.6944699261717
27877,27882,2020,,2020/02/14,11:40:00,COLISIÓN CONTRA OBJETO FIJO,ASFALTO,Bueno,Bueno,1,NISSAN,GRIS,1,,35,MASCULINO,SIN DATOS,0,0,Morelia,Paseos de La Hacienda,febrero,viernes,12,-101.213772104991,19.6782634103827
27878,27883,2020,,2020/02/14,13:10:00,COLISIÓN CONTRA OBJETO FIJO,CONCRETO,Bueno,Bueno,1,TOYOTA,GRIS,1,,28,MASCULINO,SIN DATOS,0,0,Morelia,La Aldea,febrero,viernes,13,-101.135663645255,19.7450724546328
27879,27884,2020,,2020/02/14,13:56:00,COLISIÓN POR CAMBIO DE CARRIL,ASFALTO,Bueno,Bueno,2,SEAT,VERDE,2,,27,MASCULINO,SIN DATOS,0,0,Morelia,Dr Miguel Silva,febrero,viernes,14,-101.185227946917,19.717204814836
27880,27885,2020,,2020/02/14,15:30:00,COLISIÓN POR ALCANCE,ASFALTO,Bueno,Bueno,2,VOLKSWAGEN VENTO,PLATA,2,MINISTERIO PÚBLICO,27,MASCULINO,SIN DATOS,0,0,Morelia,Tinijaro,febrero,viernes,16,-101.26316,19.6963297049991
27881,27886,2020,,2020/02/14,15:50:00,COLISIÓN POR CORTE DE CIRCULACIÓN,CONCRETO,Bueno,Bueno,2,NISSAN,BLANCO CAFE,2,,48,,SIN DATOS,0,0,Morelia,Gustavo Diaz Ordaz,febrero,viernes,16,-101.20526233,19.6927175549991
27882,27887,2020,MOR200120794,2020/02/14,16:40:00,COLISIÓN POR ALCANCE,ASFALTO,Bueno,Bueno,2,NISSAN,BLANCO,2,,21,MASCULINO,SIN DATOS,0,0,Morelia,Camelinas,febrero,viernes,17,-101.17262119,19.6818144849991
27883,27888,2020,LEG29399,2020/02/14,17:00:00,COLISIÓN POR ALCANCE,ASFALTO,Bueno,Bueno,2,ITALIKA,PLATA,2,,0,MASCULINO,SIN DATOS,0,0,Morelia,Faldas del Punhuato,febrero,viernes,17,-101.143520507871,19.6970050613183
27884,27889,2020,,2020/02/14,17:20:00,COLISIÓN POR MANIOBRA DE REVERSA,ASFALTO,Bueno,Bueno,2,TOYOTA,BLANCO,2,,,MASCULINO,SIN DATOS,0,0,Morelia,La Quemada,febrero,viernes,17,-101.240059827697,19.7032952648833
27886,27891,2020,,2020/02/14,17:30:00,COLISIÓN POR ALCANCE,ASFALTO,Nublado,Regular,2,HONDA,NEGRO,2,,67,MASCULINO,SIN DATOS,0,0,Morelia,Lomas de Huerta,febrero,viernes,18,-101.212,19.6754
27888,27893,2020,,2020/02/14,18:00:00,COLISIÓN POR ALCANCE,ASFALTO,Bueno,Bueno,2,CHEVROLET,BLANCO,2,,33,MASCULINO,SIN DATOS,0,0,Morelia,Dr Miguel Silva,febrero,viernes,18,-101.187927793444,19.7204887484457
27889,27894,2020,,2020/02/14,18:10:00,COLISIÓN POR CORTE DE CIRCULACIÓN,ASFALTO,Bueno,Bueno,3,FORD,VERDE,3,,51,MASCULINO,SIN DATOS,0,0,Morelia,Vicente Lombardo Toledano (Ejidal Isacc Arriaga) (Etnias de Mexico),febrero,viernes,18,-101.142894975,19.7122317999991
27891,27896,2020,,2020/02/14,18:11:00,COLISIÓN POR ALCANCE,ASFALTO,Bueno,Bueno,2,YAMAHA,BLANCO,2,,19,MASCULINO,SIN DATOS,0,0,Morelia,La Quemada,febrero,viernes,18,-101.240059827697,19.7032952648833
27893,27898,2020,,2020/02/14,19:20:00,COLISIÓN POR ALCANCE,ASFALTO,Bueno,Bueno,2,FORD,NEGRO,1,MINISTERIO PÚBLICO,,MASCULINO,SIN DATOS,0,0,Lázaro Cárdenas,Centro,febrero,viernes,19,-102.191587463021,17.955565999797
27894,27899,2020,,2020/02/14,19:40:00,COLISIÓN POR CORTE DE CIRCULACIÓN,ASFALTO,Bueno,Bueno,2,DODGE,AZUL,2,,41,MASCULINO,SIN DATOS,0,0,Peribán,Sin datos,febrero,viernes,20,-102.444239482284,19.5518825750781
27895,27900,2020,,2020/02/14,19:46:00,COLISIÓN POR INVASIÓN DE CARRIL,ASFALTO,Bueno,Bueno,2,GMC,GRIS,0,MINISTERIO PÚBLICO,,,,0,0,Pátzcuaro,Centro,febrero,viernes,20,-101.609418354928,19.5424197833583
27896,27901,2020,,2020/02/14,20:10:00,COLISIÓN POR ALCANCE,CONCRETO,Bueno,Bueno,2,MERCEDES BENZ,BLANCO,2,,,,SIN DATOS,0,0,Morelia,Gral Gertrudis Sanchez,febrero,viernes,20,-101.2094753,19.7439916449991
27897,27902,2020,MOR200121338,2020/02/14,21:30:00,COLISIÓN POR ALCANCE,ASFALTO,Bueno,Bueno,2,BMW,ROJO,2,,35,MASCULINO,SIN DATOS,0,0,Morelia,Chapultepec Oriente,febrero,viernes,22,-101.162603260887,19.6920128556805
27899,27904,2020,,2020/02/15,"00:01:00",COLISIÓN POR CORTE DE CIRCULACIÓN,ASFALTO,Bueno,Bueno,1,SEAT,GRIS,1,,29,MASCULINO,CON CERTIFICADO,0,0,Morelia,Rafael Carrillo,febrero,sábado,0,-101.235995011903,19.7102850991683
27900,27905,2020,,2020/02/15,"01:10:00",SUBIDA AL CAMELLÓN,ASFALTO,Bueno,Bueno,1,NISSAN,AZUL,1,,29,MASCULINO,SIN DATOS,0,0,Morelia,Isaac Arriaga,febrero,sábado,1,-101.173878539064,19.7098514781792
27901,27906,2020,,2020/02/15,"01:40:00",COLISIÓN CONTRA OBJETO FIJO,ASFALTO,Bueno,Bueno,1,CHEVROLET OPTRA,BLANCO,1,,23,MASCULINO,CON CERTIFICADO,0,0,Morelia,Centro,febrero,sábado,2,-101.18218963,19.7028850649992
27902,27907,2020,,2020/02/15,"05:25:00",SUBIDA AL CAMELLÓN,ASFALTO,Bueno,Bueno,1,CHRYSLER,PLATA,1,,56,MASCULINO,SIN DATOS,0,0,Morelia,Quinceo,febrero,sábado,5,-101.224233359098,19.7253665494545
27903,27908,2020,"200125406",2020/02/15,"09:00:00",COLISIÓN POR CAMBIO DE CARRIL,ASFALTO,Bueno,Bueno,2,NISSAN,CAFÉ,2,,27,MASCULINO,SIN DATOS,0,0,Morelia,Campestre Los Manantiales,febrero,sábado,9,-101.238343119621,19.6883038900239
27904,27909,2020,"200125245",2020/02/15,"09:15:00",COLISIÓN POR CORTE DE CIRCULACIÓN,ASFALTO,Bueno,Regular,2,KENWORT,BLANCO,2,,53,MASCULINO,SIN DATOS,0,0,Morelia,La Quemada,febrero,sábado,9,-101.238367930055,19.6879579091239
27905,27910,2020,LEG29431,2020/02/15,10:04:00,COLISIÓN CON PEATÓN,CONCRETO,Bueno,Bueno,1,FORD,NEGRO,2,,65,MASCULINO,SIN DATOS,1,0,Morelia,Nueva Valladolid,febrero,sábado,10,-101.214162415,19.7004326249991
27906,27911,2020,LEG29419,2020/02/15,11:00:00,COLISIÓN POR INVASIÓN DE CARRIL,CONCRETO,Bueno,Bueno,2,RAM,AZUL CON BLANCO,2,,28,MASCULINO,SIN DATOS,0,0,Morelia,Fidel Velazquez,febrero,sábado,11,-101.235323515,19.7049865749991
27907,27912,2020,MOR200126008,2020/02/15,13:30:00,COLISIÓN POR CORTE DE CIRCULACIÓN,CONCRETO,Bueno,Bueno,2,PONTIC,VERDE,2,,0,MASCULINO,SIN DATOS,0,0,Morelia,Nueva Valladolid,febrero,sábado,14,-101.214162415,19.7004326249991
27908,27913,2020,LEG29433,2020/02/15,14:30:00,COLISIÓN POR MANIOBRA DE REVERSA,ASFALTO,Bueno,Bueno,2,FORD,GRIS,2,,42,MASCULINO,CON CERTIFICADO,0,0,Morelia,Nueva Valladolid,febrero,sábado,15,-101.211483945359,19.6992598320994
27909,27914,2020,LEG29421,2020/02/15,14:40:00,COLISIÓN POR MANIOBRA DE REVERSA,TERRACERIA,Bueno,Bueno,2,NISSAN,VERDE,2,,46,FEMENINO,SIN DATOS,0,0,Morelia,Jorge Obispo,febrero,sábado,15,-101.240561435,19.7298531449991
27911,27916,2020,,2020/02/15,15:45:00,VOLCADURA,ASFALTO,Bueno,Bueno,1,INTERNATIONAL,BLANCO,1,,25,MASCULINO,SIN DATOS,0,0,Uruapan,Sin datos,febrero,sábado,16,-102.143054567277,19.505441965551
27912,27917,2020,MOR20056845,2020/02/15,16:00:00,COLISIÓN POR CAMBIO DE CARRIL,ASFALTO,Bueno,Bueno,2,FREIGHTLINER,AMARILLO,2,,45,,SIN DATOS,0,0,Morelia,Ignacio Zaragoza,febrero,sábado,16,-101.204222336317,19.723849518802
27913,27918,2020,LEG29432,2020/02/15,17:50:00,COLISIÓN POR CAMBIO DE CARRIL,ASFALTO,Bueno,Bueno,2,CHEVROLET,BLANCO Y VERDE,2,,35,MASCULINO,SIN DATOS,0,0,Morelia,Centro,febrero,sábado,18,-101.19118388321,19.702768457823
27914,27919,2020,MOR200126271,2020/02/15,18:40:00,COLISIÓN CONTRA OBJETO FIJO,TERRACERIA,Bueno,Bueno,0,,,0,,,,,0,0,Morelia,Jorge Obispo,febrero,sábado,19,-101.240561435,19.7298531449991
27915,27920,2020,LEG29426,2020/02/15,21:00:00,COLISIÓN POR CORTE DE CIRCULACIÓN,ASFALTO,Bueno,Bueno,2,NISSAN,BLANCO,0,MINISTERIO PÚBLICO,,,,0,0,Tarímbaro,Campestre Tarimbaro,febrero,sábado,21,-101.130022779107,19.7767137660322
27916,27921,2020,,2020/02/15,21:10:00,COLISIÓN POR INVASIÓN DE CARRIL,ASFALTO,Bueno,Bueno,2,GMC,ARENA,2,,42,MASCULINO,SIN DATOS,0,0,Peribán,Sin datos,febrero,sábado,21,-102.450518533587,19.5579030861612
27917,27922,2020,,2020/02/15,21:30:00,SALIDA DE SUPERFICIE DE RODAMIENTO,ASFALTO,Bueno,Regular,1,FORD,NEGRO,1,MINISTERIO PÚBLICO,,,SIN DATOS,0,0,Angangueo,Sin datos,febrero,sábado,22,-100.328109674156,19.6229248638565
27918,27923,2020,"200127890",2020/02/15,22:19:00,COLISIÓN POR ALCANCE,CONCRETO,Bueno,Bueno,2,DODGE,BLANCO,2,,28,MASCULINO,SIN DATOS,0,0,Morelia,La Quemada,febrero,sábado,22,-101.237739957869,19.7015866551602
27919,27924,2020,,2020/02/15,23:10:00,VOLCADURA,ASFALTO,Bueno,Bueno,1,MERCEDES BENZ,PLATA,1,,17,MASCULINO,ALIENTO ETÍLICO,0,0,Morelia,Jardines del Rincon,febrero,sábado,23,-101.15334123373,19.6872709959244
27920,27925,2020,LEG29435,2020/02/15,23:29:00,COLISIÓN POR CORTE DE CIRCULACIÓN,CONCRETO,Bueno,Bueno,1,NISSAN,BLANCO,1,,20,MASCULINO,SIN DATOS,0,0,Morelia,El Lago 2,febrero,sábado,23,-101.213803614148,19.7254245515972
27921,27926,2020,,2020/02/16,"00:00:00",COLISIÓN CON PEATÓN,SIN_DATOS,Bueno,Bueno,2,FORD,VERDE,2,,,MASCULINO,SIN DATOS,0,0,Morelia,Tenencia Morelos,febrero,domingo,0,-101.243929623155,19.6466055443724
27922,27927,2020,,2020/02/16,"01:09:00",COLISIÓN POR MANIOBRA DE REVERSA,ADOQUIN_EMPEDRADO,Bueno,Bueno,1,CHEVROLET,NEGRO,1,MINISTERIO PÚBLICO,,MASCULINO,SIN DATOS,0,0,Pátzcuaro,Centro,febrero,domingo,1,-101.608000909376,19.5113533587575
27923,27928,2020,,2020/02/16,"02:05:00",VOLCADURA,ASFALTO,Bueno,Regular,1,FORD,BLANCO,0,,,,,0,0,Morelia,Sin datos,febrero,domingo,2,-101.350940577686,19.5312823621224
27924,27929,2020,MOR2006234513,2020/02/16,"03:20:00",COLISIÓN POR CAMBIO DE CARRIL,ASFALTO,Bueno,Bueno,3,NISSAN,GRIS,3,,25,MASCULINO,SIN DATOS,0,0,Morelia,Carlos Salazar,febrero,domingo,3,-101.209658559066,19.7124165765648
27925,27930,2020,LEG29436,2020/02/16,"03:40:00",COLISIÓN POR CAMBIO DE CARRIL,ASFALTO,Bueno,Bueno,2,NISSAN,BLANCO Y NARANJA,2,,63,MASCULINO,SIN DATOS,0,0,Tarímbaro,Centro,febrero,domingo,4,-101.176869,19.792979
27926,27931,2020,,2020/02/16,"03:40:00",COLISIÓN CON PEATÓN,ASFALTO,Bueno,Bueno,2,NISSAN,BLANCO Y NARANJA,2,,63,MASCULINO,SIN DATOS,0,0,Tarímbaro,Galaxias Tarimbaro,febrero,domingo,4,-101.194819686989,19.7610330204857
27927,27932,2020,MOR200128455,2020/02/16,"04:00:00",COLISIÓN CONTRA OBJETO FIJO,ASFALTO,Bueno,Bueno,1,CHEVROLET,ROJO,1,,42,MASCULINO,SIN DATOS,0,0,Morelia,Centro,febrero,domingo,4,-101.17789641,19.7013360799991