fid,id_accidente,anio_origen,folio_c5i,dia_incidente,hora_ocurrencia,tipo_incidente_vial,superficie_ocurrencia,condiciones_climaticas,condiciones_via,numero_vehiculos_involucrados,marca_vehiculo_ocasiona_siniestro,color_vehiculo_ocasiona_siniestro,numero_personas_involucradas,lugar_remite_presunto_responsable,edad_presunto_responsable,sexo_presunto_responsable,resultados_toxicologia,numero_personas_lesionadas,numero_personas_fallecidas,municipio,colonia,mes,dia_semana,hora_redondeada,lon,lat
27929,27934,2020,MOR200128578,2020/02/16,"05:30:00",COLISIÓN POR ALCANCE,ASFALTO,Bueno,Bueno,2,VOLKSWAGEN,ROJO,2,,28,MASCULINO,SIN DATOS,0,0,Morelia,Los Manantiales de Morelia,febrero,domingo,6,-101.240268610418,19.6927251823098
27930,27935,2020,LEG29439,2020/02/16,"07:30:00",COLISIÓN POR INVASIÓN DE CARRIL,ASFALTO,Bueno,Bueno,3,VOLKSWAGEN,GRIS,0,MINISTERIO PÚBLICO,,,,0,0,Tarímbaro,Sin datos,febrero,domingo,8,-101.147172823548,19.7714675291923
27931,27936,2020,MOR200125153,2020/02/16,"08:20:00",COLISIÓN POR CAMBIO DE CARRIL,ASFALTO,Bueno,Bueno,2,NISSAN,VERDE,2,,56,MASCULINO,SIN DATOS,0,0,Morelia,Articulo Constitucional,febrero,domingo,8,-101.172246765224,19.7144412230034
27933,27938,2020,,2020/02/16,13:20:00,COLISIÓN POR NO RESPETAR SEMÁFORO,ASFALTO,Bueno,Bueno,2,FIAT,ROJO,2,,30,MASCULINO,SIN DATOS,0,0,Morelia,Alberto Oviedo Mota,febrero,domingo,13,-101.198908182011,19.681555672698
27934,27939,2020,MOR200126567,2020/02/16,15:17:00,COLISIÓN POR ALCANCE,ASFALTO,Bueno,Bueno,2,NISSAN,BLANCO,2,,36,MASCULINO,SIN DATOS,0,0,Morelia,Los Pirules,febrero,domingo,15,-101.118486,19.687152
27935,27940,2020,LEG29452,2020/02/16,16:10:00,COLISIÓN POR CAMBIO DE CARRIL,ASFALTO,Bueno,Bueno,2,KIA,ROJO,2,,48,MASCULINO,SIN DATOS,0,0,Morelia,Prados del Campestre,febrero,domingo,16,-101.167095936835,19.6833180309923
27936,27941,2020,MOR20002393,2020/02/16,16:40:00,COLISIÓN POR CORTE DE CIRCULACIÓN,ASFALTO,Bueno,Bueno,2,NISSAN,ROJO,2,,34,MASCULINO,SIN DATOS,0,0,Tarímbaro,Sin datos,febrero,domingo,17,-101.160998940468,19.7659362032691
27937,27942,2020,,2020/02/16,17:40:00,COLISIÓN POR CAMBIO DE CARRIL,ASFALTO,Bueno,Bueno,2,Dodge,BLANCO,2,,17,,SIN DATOS,0,0,Morelia,Sin datos,febrero,domingo,18,-101.240917034447,19.6583687272124
27938,27943,2020,MOR200127055,2020/02/16,18:27:00,COLISIÓN POR CORTE DE CIRCULACIÓN,CONCRETO,Bueno,Bueno,2,HONDA,PLATA,2,,21,MASCULINO,SIN DATOS,0,0,Morelia,Vistas de Altozano,febrero,domingo,18,-101.167,19.6551
27939,27944,2020,MOR200130887,2020/02/16,20:00:00,COLISIÓN POR ALCANCE,ASFALTO,Bueno,Bueno,3,CHEVROLET,NEGRO,3,,39,MASCULINO,ALIENTO ETÍLICO,0,0,Morelia,Santillan La Huerta,febrero,domingo,20,-101.219553885717,19.6760966650679
27940,27945,2020,MOR200130689,2020/02/16,21:05:00,COLISIÓN POR NO RESPETAR SEMÁFORO,ASFALTO,Bueno,Bueno,2,BAJAJ,NEGRO,2,,26,MASCULINO,SIN DATOS,0,0,Morelia,Poblado de Ocolusen,febrero,domingo,21,-101.155088675,19.6951327349991
27941,27946,2020,,2020/02/16,21:25:00,COLISIÓN CONTRA OBJETO FIJO,ASFALTO,Bueno,Bueno,1,VOLKSWAGEN,PLATA,1,MINISTERIO PÚBLICO,31,MASCULINO,CON CERTIFICADO,0,0,Morelia,Camelinas,febrero,domingo,21,-101.17262119,19.6818144849991
27942,27947,2020,,2020/02/16,21:40:00,COLISIÓN POR CAMBIO DE CARRIL,ASFALTO,Bueno,Regular,2,CHEVROLET,NEGRO,1,,33,MASCULINO,SIN DATOS,0,0,Morelia,Ejidal San Isidro,febrero,domingo,22,-101.279508614475,19.6906503850057
27943,27948,2020,MOOR20009761,2020/02/16,22:20:00,COLISIÓN POR CORTE DE CIRCULACIÓN,CONCRETO,Bueno,Bueno,2,KENWORT,VERDE,2,,28,MASCULINO,SIN DATOS,0,0,Morelia,Isaac Arriaga,febrero,domingo,22,-101.173878539064,19.7098514781792
27945,27950,2020,,2020/02/16,23:15:00,COLISIÓN POR CAMBIO DE CARRIL,CONCRETO,Nublado,Bueno,1,CHEVROLET,BLANCO,1,,45,MASCULINO,SIN DATOS,0,0,Morelia,Chapultepec Oriente,febrero,domingo,23,-101.15913378,19.6947918299991
27946,27951,2020,,2020/02/16,23:30:00,COLISIÓN POR CORTE DE CIRCULACIÓN,ASFALTO,Bueno,Regular,1,YAMAHA,NEGRO/AMARILLO,2,MINISTERIO PÚBLICO,36,MASCULINO,SIN DATOS,0,1,Santa Ana Maya,Sin datos,febrero,domingo,0,-100.981577932835,19.9918723728142
27947,27952,2020,MOR200131609,2020/02/17,"08:00:00",COLISIÓN POR CORTE DE CIRCULACIÓN,ASFALTO,Bueno,Bueno,2,NISSAN,BLANCO,2,,39,FEMENINO,SIN DATOS,0,0,Morelia,Santillan La Huerta,febrero,lunes,8,-101.219553885717,19.6760966650679
27948,27953,2020,LEG29473,2020/02/17,"08:30:00",COLISIÓN POR ALCANCE,ASFALTO,Bueno,Bueno,2,NISSAN,BLANCO,2,,30,MASCULINO,SIN DATOS,0,0,Morelia,Campestre Los Manantiales,febrero,lunes,9,-101.238338090479,19.6882338100115
27949,27954,2020,,2020/02/17,"08:30:00",COLISIÓN CON PEATÓN,ASFALTO,Bueno,Bueno,2,NISSAN,BLANCO,2,,30,MASCULINO,SIN DATOS,0,0,Morelia,Los Manantiales de Morelia,febrero,lunes,9,-101.242930367589,19.7001624384227
27950,27955,2020,MOOR200131542,2020/02/17,"08:40:00",COLISIÓN POR CORTE DE CIRCULACIÓN,ASFALTO,Bueno,Bueno,2,ITALIKA,NEGRO,1,,47,MASCULINO,SIN DATOS,0,0,Morelia,Centro,febrero,lunes,9,-101.18754847,19.7028479949991
27951,27956,2020,LEG29474,2020/02/17,"09:00:00",COLISIÓN POR CORTE DE CIRCULACIÓN,ASFALTO,Bueno,Bueno,2,NISSAN,BLANCO,2,,63,MASCULINO,SIN DATOS,0,0,Morelia,Nueva Valladolid,febrero,lunes,9,-101.21281435,19.7007192549992
27953,27958,2020,MOOR200132121,2020/02/17,"09:40:00",COLISIÓN POR CORTE DE CIRCULACIÓN,ASFALTO,Bueno,Bueno,2,NISSAN,BLANCO,2,,31,MASCULINO,SIN DATOS,0,0,Morelia,Centro,febrero,lunes,10,-101.18754847,19.7028479949991
27954,27959,2020,"20131244",2020/02/17,11:00:00,COLISIÓN POR CORTE DE CIRCULACIÓN,ASFALTO,Bueno,Bueno,2,FORD,NEGRO,2,,42,MASCULINO,SIN DATOS,0,0,Lagunillas,El Realengo,febrero,lunes,11,-101.423273384571,19.5564933917599
27955,27960,2020,MOR200132165,2020/02/17,13:00:00,COLISIÓN POR CORTE DE CIRCULACIÓN,CONCRETO,Bueno,Bueno,2,FORD,ROJO,2,,57,MASCULINO,SIN DATOS,0,0,Morelia,Vista Bella,febrero,lunes,13,-101.197597985,19.6798804949991
27957,27962,2020,MOR200135805,2020/02/17,16:00:00,COLISIÓN POR CAMBIO DE CARRIL,ASFALTO,Bueno,Bueno,2,NISSAN,BLANCO,2,,36,MASCULINO,SIN DATOS,0,0,Morelia,Villas Lomas del Paraiso,febrero,lunes,16,-101.183243326701,19.6753951296653
27958,27963,2020,LEG29472,2020/02/17,16:00:00,COLISIÓN CON PEATÓN,ASFALTO,Bueno,Bueno,1,JEEP,NEGRO,2,,43,,SIN DATOS,1,0,Morelia,Nueva Jacarndas,febrero,lunes,16,-101.191648494512,19.6821387685254
27959,27964,2020,,2020/02/17,16:00:00,COLISIÓN CON PEATÓN,ASFALTO,Bueno,Bueno,1,JEEP,NEGRO,1,,43,MASCULINO,SIN DATOS,0,0,Morelia,Nueva Jacarndas,febrero,lunes,16,-101.190406680107,19.6822841576732
27960,27965,2020,LEG29477,2020/02/17,16:20:00,COLISIÓN POR CAMBIO DE CARRIL,ASFALTO,Bueno,Bueno,2,KENWORTH,ROJO,2,,39,MASCULINO,SIN DATOS,0,0,Morelia,Tanganxoan (Guadalupe Victoria),febrero,lunes,16,-101.291293825,19.6932840899991
27961,27966,2020,MOR: 200131599,2020/02/17,18:35:00,COLISIÓN POR CAMBIO DE CARRIL,ASFALTO,Bueno,Bueno,2,VOLVO,BLANCO Y CREMA,2,,39,MASCULINO,SIN DATOS,0,0,Morelia,Fuentes de Valladolid,febrero,lunes,19,-101.221765056252,19.672028088658
27962,27967,2020,,2020/02/17,18:35:00,COLISIÓN CON PEATÓN,ASFALTO,Bueno,Bueno,2,VOLVO,BLANCO,2,,39,MASCULINO,SIN DATOS,0,0,Morelia,Nueva Valladolid,febrero,lunes,19,-101.209083907306,19.698583537942
27963,27968,2020,LEG29478,2020/02/17,19:25:00,COLISIÓN POR CAMBIO DE CARRIL,ASFALTO,Bueno,Bueno,2,CHEVROLET,VERDE,2,,,MASCULINO,SIN DATOS,0,0,Morelia,Morelos,febrero,lunes,19,-101.20619815,19.7022964949991
27964,27969,2020,,2020/02/17,22:00:00,SALIDA DE SUPERFICIE DE RODAMIENTO,ASFALTO,Bueno,Bueno,1,HONDA,NEGRO,3,MINISTERIO PÚBLICO,43,MASCULINO,SIN DATOS,1,1,Coeneo,Sin datos,febrero,lunes,22,-101.607588417828,19.8480814378488
27966,27971,2020,,2020/02/18,"07:20:00",COLISIÓN POR INVASIÓN DE CARRIL,CONCRETO,Bueno,Bueno,2,BAJAJ,NEGRO,3,,18,MASCULINO,SIN DATOS,1,0,Morelia,Vista Bella,febrero,martes,7,-101.195316025,19.6789278749992
27967,27972,2020,,2020/02/18,"09:20:00",COLISIÓN POR CORTE DE CIRCULACIÓN,ASFALTO,Bueno,Bueno,2,NISSAN,BLANCO,2,,,FEMENINO,SIN DATOS,0,0,Morelia,Chapultepec Norte,febrero,martes,9,-101.17763888,19.6945706899991
27968,27973,2020,,2020/02/18,10:00:00,COLISIÓN POR MANIOBRA DE REVERSA,ASFALTO,Bueno,Bueno,2,SUZUKI,AZUL,2,,60,MASCULINO,SIN DATOS,0,0,Morelia,Nueva Valladolid,febrero,martes,10,-101.211483945359,19.6992598320994
27969,27974,2020,,2020/02/18,10:12:00,COLISIÓN POR ALCANCE,ASFALTO,Bueno,Regular,2,AUDI,BLANCO,2,,22,MASCULINO,SIN DATOS,0,0,Tarímbaro,Sin datos,febrero,martes,10,-101.158266805995,19.766484
27970,27975,2020,,2020/02/18,11:30:00,COLISIÓN POR CORTE DE CIRCULACIÓN,ASFALTO,Bueno,Bueno,2,HONDA,GRIS,2,,23,MASCULINO,SIN DATOS,0,0,Morelia,Santillan La Huerta,febrero,martes,12,-101.219553885717,19.6760966650679
27971,27976,2020,,2020/02/18,14:30:00,COLISIÓN CON PEATÓN,SIN_DATOS,Bueno,Bueno,2,NISSAN,BLANCO,2,,28,MASCULINO,SIN DATOS,0,0,Morelia,Ilustres Novohispanos,febrero,martes,15,-101.152,19.7108
27972,27977,2020,,2020/02/18,16:15:00,COLISIÓN POR CAMBIO DE CARRIL,ASFALTO,Bueno,Bueno,2,VOLKSWAGEN,GRIS,2,,23,MASCULINO,SIN DATOS,0,0,Morelia,Camelinas,febrero,martes,16,-101.17262119,19.6818144849991
27973,27978,2020,,2020/02/18,17:00:00,COLISIÓN CONTRA OBJETO FIJO,ASFALTO,Bueno,Bueno,1,CHEVROLET,BLANCO,2,,,MASCULINO,SIN DATOS,1,0,Morelia,Praderas del Indio,febrero,martes,17,-101.223494028547,19.6450845894654
27974,27979,2020,MOR200112314,2020/02/18,18:34:00,COLISIÓN POR CORTE DE CIRCULACIÓN,ASFALTO,Bueno,Bueno,2,SUZUKI,ROJO,2,,,MASCULINO,SIN DATOS,0,0,Morelia,Centro,febrero,martes,19,-101.18754847,19.7028479949991
27975,27980,2020,,2020/02/18,18:40:00,COLISIÓN CONTRA OBJETO FIJO,TERRACERIA,Bueno,Regular,1,CHEVROLET,BLANCO,1,,24,MASCULINO,SIN DATOS,0,0,Morelia,Los Manantiales de Morelia,febrero,martes,19,-101.23975488,19.6974146749991
27976,27981,2020,,2020/02/18,19:30:00,COLISIÓN POR INVASIÓN DE CARRIL,ASFALTO,Bueno,Bueno,2,HAVRE,BLANCO,2,,23,MASCULINO,SIN DATOS,0,0,Morelia,Eduardo Ruiz,febrero,martes,20,-101.221859682349,19.7216992118204
27977,27982,2020,,2020/02/18,21:30:00,COLISIÓN POR MANIOBRA DE REVERSA,CONCRETO,Bueno,Bueno,2,NISSAN,BLANCO Y VERDE,2,,27,MASCULINO,SIN DATOS,0,0,Morelia,Dr Miguel Silva,febrero,martes,22,-101.188063389708,19.7172237342298
27978,27983,2020,MOR200137643,2020/02/19,"08:00:00",COLISIÓN POR ALCANCE,ASFALTO,Bueno,Bueno,2,VOLKSWAGEN,ROJO,2,,29,FEMENINO,SIN DATOS,0,0,Morelia,La Huerta,febrero,miércoles,8,-101.217147633433,19.6755450342546
27979,27984,2020,LEG29505,2020/02/19,12:30:00,COLISIÓN POR NO RESPETAR SEMÁFORO,ASFALTO,Bueno,Bueno,2,NISSAN,BLANCO,2,MINISTERIO PÚBLICO,31,MASCULINO,SIN DATOS,0,0,Morelia,Nueva Chapultepec,febrero,miércoles,13,-101.172588765621,19.688817809178
27980,27985,2020,LEG29507,2020/02/19,13:51:00,COLISIÓN POR ALCANCE,ASFALTO,Bueno,Bueno,2,CHEVROLET,AZUL,2,,,MASCULINO,SIN DATOS,0,0,Morelia,Tenencia Morelos,febrero,miércoles,14,-101.246775984764,19.6500160657176
27981,27986,2020,MOR2000138786,2020/02/19,14:30:00,COLISIÓN POR MANIOBRA DE REVERSA,ASFALTO,Bueno,Bueno,2,PEUGEOT,GRIS,2,,34,MASCULINO,SIN DATOS,0,0,Morelia,Bosques de Oriente,febrero,miércoles,15,-101.155453138053,19.7156052963465
27982,27987,2020,LEG29509,2020/02/19,14:40:00,COLISIÓN POR MANIOBRA DE REVERSA,ASFALTO,Bueno,Bueno,2,HONDA,BLANCO,2,,35,FEMENINO,SIN DATOS,0,0,Morelia,Jardines de Torremolinos,febrero,miércoles,15,-101.225710250437,19.6778363743371
27983,27988,2020,MOR200139128,2020/02/19,15:35:00,COLISIÓN POR INVASIÓN DE CARRIL,ASFALTO,Bueno,Bueno,2,NISSAN,BLANCO,2,,35,MASCULINO,SIN DATOS,0,0,Morelia,Ciudad Industrial,febrero,miércoles,16,-101.137929260731,19.7286093325407
27984,27989,2020,MOR200139169,2020/02/19,16:20:00,COLISIÓN CONTRA OBJETO FIJO,ASFALTO,Bueno,Bueno,1,VOLVO,BLANCO,1,,45,MASCULINO,SIN DATOS,0,0,Morelia,Ejidal Ocolusen,febrero,miércoles,16,-101.153475344181,19.6873322373863
27985,27990,2020,MOR200139150,2020/02/19,16:30:00,COLISIÓN POR ALCANCE,ASFALTO,Bueno,Bueno,2,CHEVROLET,GRIS,2,,23,MASCULINO,SIN DATOS,0,0,Tarímbaro,Sin datos,febrero,miércoles,17,-101.170901153237,19.7523741615904
27986,27991,2020,MOR/200139150,2020/02/19,16:30:00,COLISIÓN CON PEATÓN,ASFALTO,Bueno,Bueno,2,CHEVROLET,GRIS,2,,23,MASCULINO,SIN DATOS,0,0,Tarímbaro,Sin datos,febrero,miércoles,17,-101.171011291444,19.7524211784074
27987,27992,2020,MOR200139270,2020/02/19,16:38:00,COLISIÓN POR ALCANCE,ASFALTO,Bueno,Bueno,3,VOLKSWAGEN,ROJO,3,,61,MASCULINO,SIN DATOS,0,0,Morelia,Fidel Velazquez,febrero,miércoles,17,-101.239937022328,19.7059946392569
27988,27993,2020,"200139323",2020/02/19,16:55:00,COLISIÓN POR ALCANCE,CONCRETO,Bueno,Bueno,2,ITALIKA,NEGRO Y ROJO,2,,49,MASCULINO,SIN DATOS,0,0,Morelia,Camelinas,febrero,miércoles,17,-101.168631501496,19.6824521033503
27989,27994,2020,MOR200139828,2020/02/19,20:20:00,COLISIÓN POR ALCANCE,ASFALTO,Bueno,Bueno,2,FORD,ROJO,2,,37,MASCULINO,SIN DATOS,0,0,Morelia,Prados Verdes,febrero,miércoles,20,-101.20150398463,19.7145356504763
27990,27995,2020,MOR/200139828,2020/02/19,20:20:00,COLISIÓN CON PEATÓN,ASFALTO,Bueno,Bueno,2,FORD,ROJO,2,,37,MASCULINO,SIN DATOS,0,0,Morelia,El Porvenir,febrero,miércoles,20,-101.205903142691,19.7142888323842
27991,27996,2020,MICH200044875,2020/02/19,20:32:00,COLISIÓN POR INVASIÓN DE CARRIL,ASFALTO,Bueno,Bueno,2,NISSAN,BLANCO,2,MINISTERIO PÚBLICO,,,,2,0,Hidalgo,Sin datos,febrero,miércoles,21,-100.663052536547,19.673871179827
27992,27997,2020,"200139954",2020/02/19,20:40:00,COLISIÓN CON PEATÓN,ASFALTO,Bueno,Regular,1,BMW,NEGRO Y ROJO,1,,45,MASCULINO,SIN DATOS,0,0,Charo,Sin datos,febrero,miércoles,21,-101.06987323612,19.6820903254135
27993,27998,2020,LEG29504,2020/02/19,21:00:00,COLISIÓN POR INVASIÓN DE CARRIL,ASFALTO,Bueno,Regular,2,VOLKSWAGEN,GRIS,2,MINISTERIO PÚBLICO,19,MASCULINO,SIN DATOS,0,0,Morelia,Lomas del Tecnologico,febrero,miércoles,21,-101.188368871808,19.7212261062332
27994,27999,2020,,2020/02/20,"00:00:00",COLISIÓN POR ALCANCE,CONCRETO,Bueno,Bueno,2,NISSAN,BLANCO,2,,54,MASCULINO,SIN DATOS,0,0,Morelia,Sentimientos de La Nacion,febrero,jueves,0,-101.233194922654,19.6780838406074
27995,28000,2020,,2020/02/20,"02:20:00",COLISIÓN CONTRA OBJETO FIJO,ASFALTO,Bueno,Bueno,1,HONDA,BLANCO,1,,23,MASCULINO,SIN DATOS,0,0,Morelia,San Jose del Cerrito,febrero,jueves,2,-101.225526854396,19.6652702220951
27996,28001,2020,MOR200140647,2020/02/20,"05:50:00",VOLCADURA,ASFALTO,Bueno,Bueno,1,CHEVROLET,BLANCO,0,,,,,0,0,Morelia,Xangari,febrero,jueves,6,-101.220738776028,19.6741041692878
27997,28002,2020,LEG29515,2020/02/20,"07:05:00",COLISIÓN POR NO RESPETAR SEMÁFORO,ASFALTO,Bueno,Bueno,2,CHEVROLET,CAFE,2,,41,FEMENINO,SIN DATOS,0,0,Morelia,Vasco de Quiroga,febrero,jueves,7,-101.17062471807,19.6972211634721
27998,28003,2020,,2020/02/20,"07:20:00",COLISIÓN POR CORTE DE CIRCULACIÓN,ASFALTO,Bueno,Bueno,2,NISSAN,AZUL,2,,21,MASCULINO,SIN DATOS,0,0,Morelia,Adolfo Lopez Mateos,febrero,jueves,7,-101.229662820697,19.7035168400139
27999,28004,2020,,2020/02/20,"07:30:00",COLISIÓN POR ALCANCE,ASFALTO,Bueno,Bueno,2,NISSAN,ROJO,2,,47,MASCULINO,SIN DATOS,0,0,Morelia,Granjas del Maestro,febrero,jueves,8,-101.18842586875,19.7128539974139
28000,28005,2020,,2020/02/20,"08:15:00",COLISIÓN POR CORTE DE CIRCULACIÓN,SIN_DATOS,Bueno,Bueno,2,FORD,ROJO,2,,51,MASCULINO,SIN DATOS,0,0,Morelia,Lomas de Las Americas Norte,febrero,jueves,8,-101.147674899548,19.6945765582384
28001,28006,2020,,2020/02/20,"08:20:00",COLISIÓN POR CORTE DE CIRCULACIÓN,CONCRETO,Bueno,Bueno,2,CHEVROLET,PLATA,2,,27,FEMENINO,SIN DATOS,0,0,Morelia,Jacarandas,febrero,jueves,8,-101.209987476468,19.7065760485009
28002,28007,2020,,2020/02/20,"09:50:00",COLISIÓN POR ALCANCE,ASFALTO,Bueno,Bueno,2,SEAT,S/D,2,,,FEMENINO,SIN DATOS,0,0,Morelia,Comision Federal de Electricidad,febrero,jueves,10,-101.181285559737,19.6813900359335
28003,28008,2020,,2020/02/20,10:15:00,COLISIÓN POR CAMBIO DE CARRIL,ASFALTO,Bueno,Bueno,2,ITALIKA,AMARILLO y NEGRO,2,,29,MASCULINO,SIN DATOS,0,0,Morelia,Dr Miguel Silva,febrero,jueves,10,-101.183913052082,19.7191569490509
28004,28009,2020,,2020/02/20,11:25:00,COLISIÓN POR CORTE DE CIRCULACIÓN,ASFALTO,Bueno,Bueno,2,CHEVROLET,ROJO,2,,,MASCULINO,SIN DATOS,0,0,Morelia,Comision Federal de Electricidad,febrero,jueves,11,-101.181286498904,19.6813885496511
28005,28010,2020,,2020/02/20,12:30:00,COLISIÓN CON PEATÓN,ASFALTO,Bueno,Bueno,1,ITALIKA,ROJO,2,MINISTERIO PÚBLICO,,,,2,0,Morelia,Loma de Los Piñones,febrero,jueves,13,-101.203726194799,19.67495056853
28006,28011,2020,,2020/02/20,14:00:00,CAIDA DE MOTOCICLETA,CONCRETO,Bueno,Bueno,1,YAMAHA,BLANCO,1,,24,MASCULINO,SIN DATOS,0,0,Morelia,Elias Perez Avalos,febrero,jueves,14,-101.165056116879,19.7116135775716
28007,28012,2020,,2020/02/20,16:00:00,COLISIÓN POR CORTE DE CIRCULACIÓN,ASFALTO,Bueno,Bueno,3,RENAULT,GRIS,2,MINISTERIO PÚBLICO,68,MASCULINO,SIN DATOS,0,0,Morelia,Mirador del Punhuato,febrero,jueves,16,-101.15822768281,19.7032639816019
28008,28013,2020,,2020/02/20,16:18:00,CAIDA DE MOTOCICLETA,CONCRETO,Bueno,Bueno,1,VENTO,ROJO,1,,45,MASCULINO,ALIENTO ETÍLICO,0,0,Morelia,Centro,febrero,jueves,16,-101.180251501501,19.7009932330601
28009,28014,2020,,2020/02/20,17:50:00,COLISIÓN POR ALCANCE,ASFALTO,Bueno,Bueno,2,NISSAN,ROJO,2,,,MASCULINO,SIN DATOS,0,0,Morelia,Xangari,febrero,jueves,18,-101.220705583692,19.6741167974332
28010,28015,2020,,2020/02/20,18:30:00,COLISIÓN POR ALCANCE,ASFALTO,Nublado,Regular,2,HONDA,ROJO,2,MINISTERIO PÚBLICO,17,MASCULINO,SIN DATOS,0,0,Morelia,Lomas de Guayangareo,febrero,jueves,19,-101.161349974573,19.7052456219532
28011,28016,2020,,2020/02/20,19:58:00,COLISIÓN POR ALCANCE,ASFALTO,Bueno,Bueno,2,ITALIKA,AZUL,4,MINISTERIO PÚBLICO,40,MASCULINO,SIN DATOS,2,0,Zacapu,Sin datos,febrero,jueves,20,-101.769857034087,19.8919838022433
28012,28017,2020,,2020/02/20,21:20:00,COLISIÓN CONTRA OBJETO FIJO,ASFALTO,Bueno,Bueno,1,NISSAN,BLANCO Y ROJO,1,,30,MASCULINO,SIN DATOS,0,0,Morelia,Comision Federal de Electricidad,febrero,jueves,21,-101.181286498904,19.6813834986223
28013,28018,2020,,2020/02/20,22:20:00,COLISIÓN CONTRA OBJETO FIJO,CONCRETO,Bueno,Bueno,3,KIA,BLANCO,2,,,,SIN DATOS,0,0,Morelia,Vicente Guerrero,febrero,jueves,22,-101.229348888694,19.7021806281189
28014,28019,2020,MOR200143898,2020/02/21,"00:00:00",COLISIÓN POR CORTE DE CIRCULACIÓN,ASFALTO,Bueno,Bueno,3,FORD,GUINDA,3,,0,MASCULINO,ALIENTO ETÍLICO,0,0,Morelia,Sin datos,febrero,viernes,0,-101.263328231871,19.6391936485079
28015,28020,2020,MOR200145842,2020/02/21,"00:00:00",COLISIÓN POR CORTE DE CIRCULACIÓN,CONCRETO,Bueno,Bueno,2,VOLKSWAGEN,ROJO,2,,0,FEMENINO,SIN DATOS,0,0,Morelia,Sin datos,febrero,viernes,0,-101.271984916253,19.6449319515432
28016,28021,2020,,2020/02/21,"00:00:00",COLISIÓN CON PEATÓN,ASFALTO,Bueno,Bueno,2,NISSAN,VERDE,2,MINISTERIO PÚBLICO,,,SIN DATOS,0,0,Lázaro Cárdenas,Segundo Sector de Fidelac,febrero,viernes,0,-102.20472894609,17.961588888528
28018,28023,2020,MOR20046587,2020/02/21,"07:40:00",COLISIÓN POR CORTE DE CIRCULACIÓN,ASFALTO,Bueno,Bueno,2,KAWASAKI,AZUL,3,MINISTERIO PÚBLICO,0,MASCULINO,SIN DATOS,1,0,Morelia,Cosmos,febrero,viernes,8,-101.218920954689,19.6840718148917
28019,28024,2020,LEG29568,2020/02/21,"08:00:00",COLISIÓN POR NO RESPETAR SEMÁFORO,CONCRETO,Bueno,Bueno,2,MAZDA,ROJO,2,MINISTERIO PÚBLICO,49,FEMENINO,SIN DATOS,0,0,Morelia,Centro,febrero,viernes,8,-101.17789641,19.7013360799991
28020,28025,2020,MOR200143742,2020/02/21,"08:40:00",COLISIÓN POR CORTE DE CIRCULACIÓN,ASFALTO,Bueno,Bueno,2,CHEVROLET,ROJO,2,MINISTERIO PÚBLICO,,FEMENINO,SIN DATOS,0,0,Morelia,Morelos,febrero,viernes,9,-101.205880008638,19.6985415557693
28021,28026,2020,"200134860",2020/02/21,"09:30:00",COLISIÓN POR ALCANCE,CONCRETO,Bueno,Bueno,2,NISSAN,BLANCO,2,,52,MASCULINO,SIN DATOS,0,0,Morelia,Poblado de Ocolusen,febrero,viernes,10,-101.150127649172,19.6944699261717
28022,28027,2020,MOR200143276,2020/02/21,10:18:00,COLISIÓN POR ALCANCE,ASFALTO,Bueno,Bueno,2,VOLKSWAGEN,BLANCO,2,,23,MASCULINO,SIN DATOS,0,0,Morelia,Lomas de Guayangareo,febrero,viernes,10,-101.160960056503,19.7026870450485
28023,28028,2020,,2020/02/21,11:20:00,SALIDA DE SUPERFICIE DE RODAMIENTO,ASFALTO,Bueno,Bueno,1,JEEP,ROJO,2,MINISTERIO PÚBLICO,31,FEMENINO,SIN DATOS,1,0,Tuxpan,Tuxpan,febrero,viernes,11,-100.465140044689,19.5656002678291
28025,28030,2020,,2020/02/21,12:45:00,COLISIÓN POR ALCANCE,ASFALTO,Bueno,Bueno,2,FORD,BLANCO,2,,0,MASCULINO,SIN DATOS,0,0,Morelia,Sentimientos de La Nacion,febrero,viernes,13,-101.23397267,19.6796657999992
28026,28031,2020,MOR200144979,2020/02/21,15:15:00,COLISIÓN POR CORTE DE CIRCULACIÓN,CONCRETO,Bueno,Bueno,2,TOYOTA,BLANCO Y ROJO,2,,0,MASCULINO,SIN DATOS,0,0,Morelia,Margarita Maza de Juarez,febrero,viernes,15,-101.255526905,19.6928898149991
28027,28032,2020,MOR200145179,2020/02/21,16:00:00,COLISIÓN POR CORTE DE CIRCULACIÓN,ASFALTO,Bueno,Bueno,2,TOYOTA,VERDE,2,,63,MASCULINO,SIN DATOS,0,0,Morelia,Morelos,febrero,viernes,16,-101.206943181225,19.7013739021134
28028,28033,2020,MOR200145313,2020/02/21,17:00:00,COLISIÓN CONTRA OBJETO FIJO,ASFALTO,Bueno,Bueno,1,FORD,GRIS,1,,54,FEMENINO,SIN DATOS,0,0,Morelia,Montaña Monarca,febrero,viernes,17,-101.159947514534,19.673580100377
28029,28034,2020,LEG29567,2020/02/21,17:35:00,COLISIÓN POR ALCANCE,SIN_DATOS,Bueno,Bueno,2,DINA,ROJO,2,,35,MASCULINO,SIN DATOS,0,0,Morelia,Bosques de Oriente,febrero,viernes,18,-101.155518516898,19.7155551124719