fid,id_accidente,anio_origen,folio_c5i,dia_incidente,hora_ocurrencia,tipo_incidente_vial,superficie_ocurrencia,condiciones_climaticas,condiciones_via,numero_vehiculos_involucrados,marca_vehiculo_ocasiona_siniestro,color_vehiculo_ocasiona_siniestro,numero_personas_involucradas,lugar_remite_presunto_responsable,edad_presunto_responsable,sexo_presunto_responsable,resultados_toxicologia,numero_personas_lesionadas,numero_personas_fallecidas,municipio,colonia,mes,dia_semana,hora_redondeada,lon,lat
28030,28035,2020,LEG29569,2020/02/21,17:45:00,COLISIÓN POR CORTE DE CIRCULACIÓN,ASFALTO,Bueno,Bueno,2,ITALIKA,NEGRO Y AZUL,2,,40,FEMENINO,SIN DATOS,0,0,Morelia,Felix Ireta,febrero,viernes,18,-101.180308498442,19.6879608363045
28031,28036,2020,LEG29570,2020/02/21,18:46:00,COLISIÓN POR CORTE DE CIRCULACIÓN,ASFALTO,Bueno,Bueno,2,CHEVROLET,NEGRO,2,,49,MASCULINO,SIN DATOS,0,0,Tarímbaro,Galaxias Tarimbaro,febrero,viernes,19,-101.194091,19.761033
28032,28037,2020,,2020/02/21,19:35:00,VOLCADURA,ASFALTO,Bueno,Bueno,1,MITSUBISHI,NEGRO,0,MINISTERIO PÚBLICO,,,,0,0,Gabriel Zamora,Sin datos,febrero,viernes,20,-102.056780979037,19.1075459416269
28033,28038,2020,"200146242",2020/02/21,22:00:00,COLISIÓN POR CORTE DE CIRCULACIÓN,ASFALTO,Bueno,Regular,2,VOLKSWAGEN,VERDE,2,,23,MASCULINO,CON CERTIFICADO,0,0,Morelia,Villa Universidad,febrero,viernes,22,-101.200576,19.6852265
28034,28039,2020,LEG29571,2020/02/21,22:50:00,COLISIÓN POR CAMBIO DE CARRIL,ASFALTO,Bueno,Bueno,2,DODGE,GRIS,2,,71,MASCULINO,SIN DATOS,0,0,Morelia,Vista Bella,febrero,viernes,23,-101.19461050012,19.6815243521036
28035,28040,2020,,2020/02/22,"00:00:00",COLISIÓN CON PEATÓN,ASFALTO,Bueno,Bueno,2,DINA,ROJO,2,,30,MASCULINO,SIN DATOS,0,0,Morelia,Centro,febrero,sábado,0,-101.18218963,19.7028850649992
28036,28041,2020,"3164108",2020/02/22,"02:10:00",COLISIÓN POR CORTE DE CIRCULACIÓN,ASFALTO,Bueno,Bueno,3,BMW,GRIS,1,MINISTERIO PÚBLICO,,,SIN DATOS,0,0,Morelia,Centro,febrero,sábado,2,-101.19653442,19.6998781849992
28037,28042,2020,MOR146581,2020/02/22,"02:40:00",COLISIÓN CONTRA OBJETO FIJO,ASFALTO,Bueno,Bueno,2,VENTO,NEGRO NARANJA,2,,20,MASCULINO,SIN DATOS,0,0,Morelia,Mariano Escobedo,febrero,sábado,3,-101.209748685,19.7223888749991
28038,28043,2020,,2020/02/22,11:25:00,COLISIÓN POR CORTE DE CIRCULACIÓN,CONCRETO,Bueno,Bueno,2,NISSAN,BLANCO Y ROJO,2,,50,MASCULINO,SIN DATOS,0,0,Morelia,Zimpanio Norte,febrero,sábado,11,-101.218159685,19.6580480099991
28039,28044,2020,LEG29556,2020/02/22,13:25:00,COLISIÓN POR CORTE DE CIRCULACIÓN,ASFALTO,Bueno,Bueno,1,CHEVROLET,SIN DATOS,1,,45,MASCULINO,SIN DATOS,0,0,Morelia,Sin datos,febrero,sábado,13,-101.202592290938,19.6512351759852
28040,28045,2020,,2020/02/22,14:20:00,COLISIÓN CONTRA OBJETO FIJO,ASFALTO,Bueno,Bueno,1,HONDA,BLANCO,1,,50,MASCULINO,ALIENTO ETÍLICO,0,0,Morelia,Lomas del Punhuato,febrero,sábado,14,-101.145702685,19.6990217899992
28041,28046,2020,,2020/02/22,14:20:00,COLISIÓN POR CAMBIO DE CARRIL,ASFALTO,Bueno,Bueno,2,FORD,GRIS,2,MINISTERIO PÚBLICO,,MASCULINO,SIN DATOS,0,0,Lázaro Cárdenas,Lomas del Rio (Unidad 512 5To Sector),febrero,sábado,14,-102.222656495869,17.9705845664265
28042,28047,2020,,2020/02/22,15:10:00,COLISIÓN POR CORTE DE CIRCULACIÓN,ASFALTO,Bueno,Bueno,2,NISSAN,NEGOR OXIDADO,2,,32,FEMENINO,SIN DATOS,0,0,Morelia,Agustin Arriaga Rivera,febrero,sábado,15,-101.226622295,19.6899551849991
28043,28048,2020,,2020/02/22,16:00:00,COLISIÓN POR INVASIÓN DE CARRIL,ASFALTO,Bueno,Bueno,2,YAMAHA,NEGRO,2,MINISTERIO PÚBLICO,,,SIN DATOS,0,0,Tacámbaro,Sin datos,febrero,sábado,16,-101.569056808949,19.2279336098375
28044,28049,2020,,2020/02/22,17:10:00,COLISIÓN CONTRA OBJETO FIJO,ASFALTO,Bueno,Bueno,1,NISSAN,BLANCO,0,,,,,0,0,Tocumbo,Sin datos,febrero,sábado,17,-102.481693178415,19.7108393360857
28046,28051,2020,,2020/02/22,22:20:00,SUBIDA AL CAMELLÓN,ASFALTO,Bueno,Bueno,1,VOLKSWAGEN,NEGRO,0,,,,,0,0,Morelia,La Quemada,febrero,sábado,22,-101.240059827697,19.7032952648833
28047,28052,2020,,2020/02/22,23:00:00,SALIDA DE SUPERFICIE DE RODAMIENTO,ASFALTO,Bueno,Bueno,1,NISSAN,BLANCO,0,,,,,0,0,Uruapan,Sin datos,febrero,sábado,23,-102.242880351841,19.5662835945104
28048,28053,2020,,2020/02/23,"00:00:00",COLISIÓN CONTRA OBJETO FIJO,ASFALTO,Bueno,Bueno,1,NISSAN,BLANCO,1,,30,MASCULINO,SIN DATOS,0,0,Morelia,Balcones de Morelia,febrero,domingo,0,-101.202155428806,19.6717085494022
28049,28054,2020,,2020/02/23,"00:10:00",VOLCADURA,ASFALTO,Bueno,Bueno,1,VOLKSWAGEN,BLANCO,1,,,MASCULINO,SIN DATOS,0,0,Morelia,Club de Golf Tres Marias,febrero,domingo,0,-101.112534441054,19.7050821191846
28050,28055,2020,LEG29561,2020/02/23,"00:10:00",COLISIÓN CONTRA OBJETO FIJO,ASFALTO,Bueno,Bueno,2,NISSAN,BLANCO/ROJO,2,,0,,SIN DATOS,0,0,Morelia,Guadalupe,febrero,domingo,0,-101.221305392683,19.7087523689033
28052,28057,2020,,2020/02/23,"02:10:00",COLISIÓN CONTRA OBJETO FIJO,ASFALTO,Bueno,Bueno,1,HONDA,BLANCO,2,MINISTERIO PÚBLICO,41,MASCULINO,CON CERTIFICADO,1,0,Zacapu,Sin datos,febrero,domingo,2,-101.771350353956,19.8649393427804
28053,28058,2020,,2020/02/23,"03:50:00",SALIDA DE SUPERFICIE DE RODAMIENTO,ASFALTO,Bueno,Bueno,1,CHEVROLET,BLANCO,0,,,,,0,0,Tangamandapio,Sin datos,febrero,domingo,4,-102.436859048903,19.8570329785306
28054,28059,2020,,2020/02/23,"04:20:00",COLISIÓN POR ALCANCE,CONCRETO,Bueno,Bueno,2,NISSAN,NEGRO,2,,20,MASCULINO,SIN DATOS,0,0,Morelia,La Floresta,febrero,domingo,4,-101.204400720377,19.6659776131012
28055,28060,2020,,2020/02/23,"06:00:00",COLISIÓN CONTRA OBJETO FIJO,ASFALTO,Bueno,Bueno,1,NISSAN,BLANCO,0,,,,,0,0,Morelia,Tenencia Morelos,febrero,domingo,6,-101.243929623155,19.6466055443724
28056,28061,2020,,2020/02/23,12:10:00,COLISIÓN CONTRA OBJETO FIJO,CONCRETO,Bueno,Bueno,2,NISSAN,BLANCO Y ROJO,1,,,,SIN DATOS,0,0,Morelia,Guadalupe,febrero,domingo,12,-101.22120499,19.7082681849992
28057,28062,2020,,2020/02/23,14:05:00,COLISIÓN POR MANIOBRA DE REVERSA,ADOQUIN_EMPEDRADO,Bueno,Bueno,2,NISSAN SENTRA,NEGRO,1,,25,MASCULINO,SIN DATOS,0,0,Salvador Escalante,Centro,febrero,domingo,14,-101.643612496555,19.4061324454488
28058,28063,2020,MOR200150944,2020/02/23,14:48:00,CAIDA DE MOTOCICLETA,ASFALTO,Bueno,Bueno,1,ITALIKA,NEGRO,1,,37,MASCULINO,SIN DATOS,0,0,Morelia,Ejidal Ocolusen,febrero,domingo,15,-101.155585494629,19.6843663227041
28059,28064,2020,LEG29560,2020/02/23,15:10:00,COLISIÓN POR CORTE DE CIRCULACIÓN,ASFALTO,Bueno,Bueno,2,NISSAN,NEGRO,2,,32,FEMENINO,SIN DATOS,0,0,Morelia,Agustin Arriaga Rivera,febrero,domingo,15,-101.226622295,19.6899551849991
28060,28065,2020,LEG29576,2020/02/23,17:20:00,COLISIÓN POR CORTE DE CIRCULACIÓN,CONCRETO,Bueno,Bueno,2,S/D,S/D,2,,,,SIN DATOS,0,0,Morelia,Ciudad Industrial,febrero,domingo,17,-101.14554366932,19.7284851395985
28061,28066,2020,,2020/02/23,18:00:00,COLISIÓN CON PEATÓN,CONCRETO,Bueno,Bueno,1,ITALIKA,NEGRO,1,MINISTERIO PÚBLICO,,,SIN DATOS,0,0,Juárez,Benito Juarez,febrero,domingo,18,-100.433616545051,19.3129449971713
28062,28067,2020,LEG29578,2020/02/23,18:55:00,COLISIÓN CON PEATÓN,CONCRETO,Bueno,Bueno,1,FORD,ROJO,2,,53,MASCULINO,SIN DATOS,1,0,Morelia,Vicente Lombardo Toledano (Ejidal Isacc Arriaga) (Etnias de Mexico),febrero,domingo,19,-101.148963285,19.7114250249991
28063,28068,2020,MOR200152155,2020/02/23,20:52:00,COLISIÓN CONTRA OBJETO FIJO,ASFALTO,Bueno,Bueno,2,FORD,VERDE,2,MINISTERIO PÚBLICO,47,MASCULINO,SIN DATOS,0,0,Morelia,Chapultepec Oriente,febrero,domingo,21,-101.162603260887,19.6920128556805
28064,28069,2020,"200152235",2020/02/23,21:10:00,COLISIÓN CONTRA OBJETO FIJO,ASFALTO,Bueno,Regular,1,CHEVROLET,BLANCO Y AZUL,1,,69,MASCULINO,SIN DATOS,0,0,Morelia,Centro,febrero,domingo,21,-101.18754847,19.7028479949991
28065,28070,2020,,2020/02/23,22:42:00,COLISIÓN CONTRA OBJETO FIJO,ASFALTO,Bueno,Bueno,1,GMC,ROJO,1,,66,MASCULINO,SIN DATOS,0,0,Salvador Escalante,Sin datos,febrero,domingo,23,-101.588957123458,19.4100340211699
28066,28071,2020,,2020/02/23,23:30:00,COLISIÓN CONTRA OBJETO FIJO,ASFALTO,Bueno,Regular,1,VOLKSWAGEN,AZUL,1,,43,MASCULINO,SIN DATOS,0,0,Morelia,Tinijaro,febrero,domingo,0,-101.26316,19.6963297049991
28067,28072,2020,,2020/02/24,"00:00:00",COLISIÓN POR CORTE DE CIRCULACIÓN,ASFALTO,Bueno,Bueno,2,DODGE,BLANCO,0,MINISTERIO PÚBLICO,,,,0,0,Lázaro Cárdenas,Jose Green,febrero,lunes,0,-102.202140949667,17.966549548376
28070,28075,2020,,2020/02/24,"08:15:00",COLISIÓN POR CAMBIO DE CARRIL,ASFALTO,Bueno,Bueno,2,NISSAN,AZUL,2,,28,FEMENINO,SIN DATOS,0,0,Morelia,Articulo Constitucional,febrero,lunes,8,-101.172246765224,19.7144412230034
28071,28076,2020,,2020/02/24,"08:24:00",COLISIÓN POR ALCANCE,SIN_DATOS,Bueno,Regular,3,CHEVROLET,VERDE,3,,39,MASCULINO,SIN DATOS,0,0,Morelia,Santillan La Huerta,febrero,lunes,8,-101.219553885717,19.6760966650679
28072,28077,2020,,2020/02/24,"08:40:00",COLISIÓN POR ALCANCE,ASFALTO,Bueno,Bueno,2,VW POINTER,PLATA,2,,33,FEMENINO,SIN DATOS,0,0,Salvador Escalante,Cuirinditzio,febrero,lunes,9,-101.62409003824,19.410795162208
28073,28078,2020,,2020/02/24,"09:30:00",SUBIDA AL CAMELLÓN,ASFALTO,Bueno,Bueno,1,FORD,BLANCO,0,,,,,0,0,Morelia,Bosques Tres Marias,febrero,lunes,10,-101.102,19.7232
28074,28079,2020,,2020/02/24,"09:45:00",COLISIÓN CONTRA OBJETO FIJO,CONCRETO,Bueno,Bueno,1,NISSAN,GRIS,1,,,,SIN DATOS,0,0,Morelia,Ventura Puente,febrero,lunes,10,-101.181318847337,19.691029785231
28075,28080,2020,,2020/02/24,10:00:00,SALIDA DE SUPERFICIE DE RODAMIENTO,ASFALTO,Bueno,Bueno,1,VOLKSWAGEN,AZUL,1,,,,SIN DATOS,0,0,Morelia,Praderas del Indio,febrero,lunes,10,-101.223494028547,19.6450845894654
28076,28081,2020,MOR200152466,2020/02/24,11:00:00,COLISIÓN CONTRA OBJETO FIJO,CONCRETO,Bueno,Bueno,2,NISSAN,BLANCO,2,,55,MASCULINO,CON CERTIFICADO,0,0,Morelia,Vasco de Quiroga,febrero,lunes,11,-101.172084441176,19.7019638559701
28078,28083,2020,,2020/02/24,13:50:00,COLISIÓN POR CAMBIO DE CARRIL,ASFALTO,Bueno,Bueno,2,NISSAN,BLANCO,2,MINISTERIO PÚBLICO,37,MASCULINO,SIN DATOS,0,0,Morelia,Cinco de Diciembre,febrero,lunes,14,-101.162815939039,19.6862710903522
28080,28085,2020,,2020/02/24,15:40:00,COLISIÓN CONTRA OBJETO FIJO,ASFALTO,Bueno,Bueno,1,CHEVROLET,BLANCO Y ROSA,1,,33,MASCULINO,SIN DATOS,0,0,Tarímbaro,Galaxias Tarimbaro,febrero,lunes,16,-101.194091,19.761033
28081,28086,2020,MOR200154107,2020/02/24,15:40:00,COLISIÓN CONTRA OBJETO FIJO,ASFALTO,Bueno,Bueno,1,HONDA,ROJO,1,,22,MASCULINO,SIN DATOS,0,0,Morelia,Lazaro Cardenas,febrero,lunes,16,-101.162058507071,19.7101112773308
28082,28087,2020,MOR200154573,2020/02/24,17:52:00,COLISIÓN POR ALCANCE,ASFALTO,Bueno,Bueno,2,CHEVROLET,ROJO,2,,33,FEMENINO,SIN DATOS,0,0,Morelia,Del Empleado,febrero,lunes,18,-101.18002517,19.6886070099991
28083,28088,2020,,2020/02/24,18:30:00,COLISIÓN POR ALCANCE,ASFALTO,Bueno,Bueno,2,TOYOTA,BLANCO y GRIS,2,,20,MASCULINO,SIN DATOS,0,0,Morelia,Gertrudis Sanchez,febrero,lunes,19,-101.205776745,19.7441101549991
28084,28089,2020,LEG29606,2020/02/24,19:00:00,COLISIÓN POR MANIOBRA DE REVERSA,ASFALTO,Bueno,Bueno,2,FORD,ROJO,2,,,MASCULINO,SIN DATOS,0,0,Morelia,Arcos del Valle,febrero,lunes,19,-101.233766945,19.7055497149991
28085,28090,2020,,2020/02/24,19:45:00,COLISIÓN POR CORTE DE CIRCULACIÓN,ASFALTO,Bueno,Bueno,2,S/D,BLANCO,1,,33,MASCULINO,SIN DATOS,0,0,Morelia,Del Empleado,febrero,lunes,20,-101.18002517,19.6886070099991
28086,28091,2020,LEG29607,2020/02/24,23:00:00,COLISIÓN POR ALCANCE,ASFALTO,Bueno,Bueno,2,ITALIKA,AZUL,0,MINISTERIO PÚBLICO,,,,0,0,Morelia,Centro,febrero,lunes,23,-101.18754847,19.7028479949991
28087,28092,2020,,2020/02/25,"07:25:00",COLISIÓN POR CORTE DE CIRCULACIÓN,ASFALTO,Bueno,Bueno,2,CHEVROLETH,ROJO,3,MINISTERIO PÚBLICO,25,MASCULINO,SIN DATOS,1,0,Zacapu,Zacapu,febrero,martes,7,-101.769323945045,19.8517291586059
28088,28093,2020,MOR200155736,2020/02/25,"07:48:00",COLISIÓN CONTRA OBJETO FIJO,ASFALTO,Bueno,Bueno,1,CHEVROLET,ROJO,1,,33,MASCULINO,SIN DATOS,0,0,Morelia,Morelos,febrero,martes,8,-101.18131852377,19.7261651713381
28090,28095,2020,,2020/02/25,"08:10:00",COLISIÓN CON PEATÓN,ASFALTO,Bueno,Bueno,1,CHEVROLET,NEGRO,2,MINISTERIO PÚBLICO,32,FEMENINO,SIN DATOS,1,0,Peribán,Sin datos,febrero,martes,8,-102.447186894715,19.5550732591018
28091,28096,2020,MOR200155824,2020/02/25,"08:35:00",COLISIÓN POR ALCANCE,CONCRETO,Bueno,Bueno,2,MITSUBISHI,ROJO,2,,38,MASCULINO,SIN DATOS,0,0,Morelia,Rincon de Los Fresnos,febrero,martes,9,-101.245584367121,19.688279066863
28092,28097,2020,MOR200155894,2020/02/25,"09:20:00",COLISIÓN POR ALCANCE,ASFALTO,Bueno,Bueno,2,VOLKSWAGEN,BLANCO,2,,46,MASCULINO,SIN DATOS,0,0,Tarímbaro,Sin datos,febrero,martes,9,-101.158266805995,19.766484
28093,28098,2020,,2020/02/25,12:15:00,CAIDA DE MOTOCICLETA,ASFALTO,Bueno,Bueno,1,YAMAHA,NARANJA,1,,60,MASCULINO,SIN DATOS,0,0,Morelia,Union Popular Solidaria,febrero,martes,12,-101.220220133013,19.7056458409566
28094,28099,2020,MOR200156648,2020/02/25,13:31:00,COLISIÓN POR CORTE DE CIRCULACIÓN,ASFALTO,Bueno,Bueno,2,VOLKSWAGEN,BLANCO,2,MINISTERIO PÚBLICO,35,MASCULINO,SIN DATOS,0,0,Morelia,Josefa Ortiz de Dominguez,febrero,martes,14,-101.210532894023,19.6720411464155
28095,28100,2020,MOR200157097,2020/02/25,15:30:00,COLISIÓN POR CORTE DE CIRCULACIÓN,CONCRETO,Bueno,Bueno,2,ITALIKA,ROJO Y NEGRO,2,,34,FEMENINO,SIN DATOS,0,0,Morelia,Nueva Chapultepec,febrero,martes,16,-101.17081558,19.6897813199992
28096,28101,2020,,2020/02/25,16:40:00,COLISIÓN CON PEATÓN,ASFALTO,Bueno,Bueno,1,ITALIKA 125 CC,ROJO/NEGRO,1,,20,,SIN DATOS,0,0,Salvador Escalante,Centro,febrero,martes,17,-101.635606437922,19.4064474083495
28097,28102,2020,MOR200157283,2020/02/25,17:00:00,COLISIÓN CONTRA OBJETO FIJO,CONCRETO,Bueno,Bueno,1,DODGE,ARENA,1,,20,FEMENINO,SIN DATOS,0,0,Morelia,Cuauhtemoc,febrero,martes,17,-101.183930425,19.6983618999992
28098,28103,2020,MOR2002345675,2020/02/25,21:15:00,COLISIÓN POR INVASIÓN DE CARRIL,ASFALTO,Bueno,Bueno,2,SUBARU,BLANCO,2,MINISTERIO PÚBLICO,55,MASCULINO,SIN DATOS,0,0,Tarímbaro,Centro,febrero,martes,21,-101.176869,19.792979
28099,28104,2020,,2020/02/26,"08:00:00",COLISIÓN POR INVASIÓN DE CARRIL,ASFALTO,Bueno,Bueno,3,FORD,VERDE,3,MINISTERIO PÚBLICO,30,MASCULINO,SIN DATOS,0,0,Morelia,Praderas del Indio,febrero,miércoles,8,-101.223494028547,19.6450845894654
28100,28105,2020,,2020/02/26,"09:00:00",COLISIÓN POR CORTE DE CIRCULACIÓN,CONCRETO,Bueno,Bueno,2,FORD,ROJO,2,,30,MASCULINO,SIN DATOS,0,0,Morelia,Agustin Arriaga Rivera,febrero,miércoles,9,-101.222058275,19.6890422049991
28102,28107,2020,,2020/02/26,10:30:00,COLISIÓN CONTRA OBJETO FIJO,ASFALTO,Bueno,Bueno,1,NISSAN,AZUL,1,MINISTERIO PÚBLICO,,,,0,1,Morelia,Sin datos,febrero,miércoles,11,-101.436031,19.782979
28103,28108,2020,MOR200156170,2020/02/26,11:15:00,COLISIÓN POR ALCANCE,ASFALTO,Bueno,Bueno,2,FREIGHTLINER,BLANCO,2,,57,MASCULINO,SIN DATOS,0,0,Morelia,Tierra Y Libertad,febrero,miércoles,11,-101.22977368,19.7151822499992
28104,28109,2020,,2020/02/26,11:37:00,COLISIÓN POR INVASIÓN DE CARRIL,ASFALTO,Bueno,Bueno,2,FORD,VERDE,2,MINISTERIO PÚBLICO,28,MASCULINO,SIN DATOS,0,0,Tacámbaro,Sin datos,febrero,miércoles,12,-101.334193535149,19.2058141114676
28105,28110,2020,,2020/02/26,12:20:00,COLISIÓN POR MANIOBRA DE REVERSA,ASFALTO,Bueno,Bueno,2,NISSAN,BLANCO Y ROJO,2,,52,MASCULINO,SIN DATOS,0,0,Morelia,Eduardo Ruiz,febrero,miércoles,12,-101.222990326081,19.7216386663741
28106,28111,2020,,2020/02/26,13:00:00,COLISIÓN POR MANIOBRA DE REVERSA,ASFALTO,Bueno,Regular,2,VOLKSWAGEN,ROJO,2,,36,FEMENINO,SIN DATOS,0,0,Morelia,Sentimientos de La Nacion,febrero,miércoles,13,-101.232153785,19.6853844899992
28107,28112,2020,LEG29639,2020/02/26,15:40:00,COLISIÓN CONTRA OBJETO FIJO,ASFALTO,Bueno,Regular,2,MB,ROJO Y NEGRO,2,MINISTERIO PÚBLICO,46,MASCULINO,SIN DATOS,0,0,Morelia,Lomas de Guayangareo,febrero,miércoles,16,-101.161376461387,19.7052680325513
28108,28113,2020,,2020/02/26,16:30:00,COLISIÓN POR CORTE DE CIRCULACIÓN,ASFALTO,Bueno,Bueno,2,VENTO,NEGRO,2,,28,MASCULINO,SIN DATOS,0,0,Morelia,Chapultepec Sur,febrero,miércoles,17,-101.17461003,19.6919523499992
28109,28114,2020,,2020/02/26,18:00:00,COLISIÓN POR CORTE DE CIRCULACIÓN,ASFALTO,Bueno,Bueno,2,YAMAHA,ROJO,2,,37,MASCULINO,SIN DATOS,0,0,Morelia,Industrial,febrero,miércoles,18,-101.199851215,19.7095535149991
28110,28115,2020,,2020/02/26,18:10:00,COLISIÓN POR CAMBIO DE CARRIL,CONCRETO,Bueno,Bueno,2,NISSAN,BLANCO,2,,,MASCULINO,SIN DATOS,0,0,Morelia,El Lago 2,febrero,miércoles,18,-101.214435013967,19.7262881110028
28112,28117,2020,,2020/02/26,20:17:00,COLISIÓN POR ALCANCE,ASFALTO,Bueno,Bueno,2,NISSAN TSURU,BLANCO,2,,57,MASCULINO,SIN DATOS,0,0,Salvador Escalante,Cuirinditzio,febrero,miércoles,20,-101.6229698807,19.411073434735
28113,28118,2020,,2020/02/26,22:15:00,COLISIÓN CONTRA OBJETO FIJO,ASFALTO,Bueno,Bueno,2,FORD,CAFE,2,,27,MASCULINO,ALIENTO ETÍLICO,0,0,Morelia,Emiliano Zapata,febrero,miércoles,22,-101.232768396902,19.6530668887289
28114,28119,2020,MOR200011403,2020/02/26,22:40:00,COLISIÓN POR CAMBIO DE CARRIL,ASFALTO,Bueno,Regular,2,VOLKSWAGEN,PLATA,2,,50,MASCULINO,SIN DATOS,0,0,Morelia,Francisco J Mujica,febrero,miércoles,23,-101.188234090805,19.7221085513316
28115,28120,2020,,2020/02/27,"00:00:00",COLISIÓN POR CORTE DE CIRCULACIÓN,ASFALTO,Bueno,Bueno,2,YAMAHA,NEGRO,0,MINISTERIO PÚBLICO,,,,0,0,Lázaro Cárdenas,Valle del Tecnologico,febrero,jueves,0,-102.224914245307,17.9732775037958
28116,28121,2020,,2020/02/27,"09:15:00",COLISIÓN POR CORTE DE CIRCULACIÓN,ASFALTO,Bueno,Bueno,2,FORD,AZUL,3,MINISTERIO PÚBLICO,67,MASCULINO,SIN DATOS,1,0,Pátzcuaro,Sin datos,febrero,jueves,9,-101.586639359593,19.5445664165547
28117,28122,2020,MOR2000167232,2020/02/27,10:20:00,COLISIÓN POR CAMBIO DE CARRIL,ASFALTO,Bueno,Bueno,2,ITALIKA,NEGRO Y NARANJA,2,,,MASCULINO,SIN DATOS,0,0,Morelia,Nueva Valladolid,febrero,jueves,10,-101.209696792066,19.7020124657258
28118,28123,2020,,2020/02/27,10:40:00,COLISIÓN POR CORTE DE CIRCULACIÓN,CONCRETO,Bueno,Bueno,1,SIN DATOS,SIN DATOS,1,,,,SIN DATOS,0,0,Morelia,12 de Diciembre,febrero,jueves,11,-101.150899417698,19.7019578585038
28119,28124,2020,,2020/02/27,12:10:00,COLISIÓN POR CORTE DE CIRCULACIÓN,ASFALTO,Bueno,Bueno,2,FORD,BLANCO,2,MINISTERIO PÚBLICO,0,FEMENINO,SIN DATOS,0,0,Morelia,Molino de Parras,febrero,jueves,12,-101.202697567642,19.6951100283172
28120,28125,2020,LEG29646,2020/02/27,14:53:00,COLISIÓN POR INVASIÓN DE CARRIL,ASFALTO,Bueno,Bueno,2,HONDA,BLANCO,2,,39,MASCULINO,SIN DATOS,0,0,Morelia,Sentimientos de La Nacion,febrero,jueves,15,-101.234727166593,19.6858283423422
28121,28126,2020,MOR200162913,2020/02/27,16:10:00,COLISIÓN POR ALCANCE,ASFALTO,Bueno,Bueno,2,VOLKSWAGEN,BLANCO,2,,,MASCULINO,SIN DATOS,0,0,Morelia,Arcos del Valle,febrero,jueves,16,-101.236249655485,19.707626178083
28122,28127,2020,LEG29654,2020/02/27,16:30:00,COLISIÓN POR CORTE DE CIRCULACIÓN,ASFALTO,Bueno,Bueno,2,ITALIKA,NEGRO Y AMARILLO,2,,24,MASCULINO,SIN DATOS,0,0,Morelia,Solidaridad,febrero,jueves,17,-101.207043752074,19.7259851292152
28123,28128,2020,MOR2000163176,2020/02/27,16:37:00,COLISIÓN POR ALCANCE,ASFALTO,Bueno,Bueno,3,VOLKSWAGEN,GRIS,3,,,MASCULINO,SIN DATOS,0,0,Morelia,El Eden,febrero,jueves,17,-101.24921310693,19.6466040233319
28124,28129,2020,LEG29653,2020/02/27,16:45:00,COLISIÓN CONTRA OBJETO FIJO,ASFALTO,Bueno,Bueno,1,INTERNATIONAL,BLANCO Y NARANJA,1,,42,MASCULINO,SIN DATOS,0,0,Morelia,Tinijaro,febrero,jueves,17,-101.260873675346,19.6966911726801
28125,28130,2020,"200163512",2020/02/27,18:25:00,COLISIÓN POR CORTE DE CIRCULACIÓN,ASFALTO,Bueno,Regular,2,S/D,S/D,2,,,,SIN DATOS,0,0,Tarímbaro,Los Angeles,febrero,jueves,18,-101.171689555049,19.7508017724077
28126,28131,2020,MOR200163447,2020/02/27,18:37:00,COLISIÓN CONTRA OBJETO FIJO,ASFALTO,Bueno,Bueno,1,NISSAN,BLANCO,1,MINISTERIO PÚBLICO,60,MASCULINO,SIN DATOS,0,0,Morelia,Centro,febrero,jueves,19,-101.178218051791,19.6990898483895
28127,28132,2020,MOR200154495,2020/02/28,"00:00:00",COLISIÓN CON PEATÓN,SIN_DATOS,Bueno,Bueno,2,VOKSWAGEN,PLATA,1,,23,MASCULINO,SIN DATOS,0,0,Morelia,Morelos,febrero,viernes,0,-101.206943181225,19.7013739021134
28128,28133,2020,MOR200164917,2020/02/28,"00:00:00",COLISIÓN CON PEATÓN,SIN_DATOS,Bueno,Bueno,2,TOYOTA YARIS,AZUL,2,,22,MASCULINO,SIN DATOS,0,0,Morelia,Ferrocarrilero,febrero,viernes,0,-101.223609235,19.6918737849991
28129,28134,2020,MOR200164387,2020/02/28,"02:50:00",COLISIÓN CONTRA OBJETO FIJO,ASFALTO,Bueno,Bueno,2,FORD,BLANCO,2,,37,MASCULINO,SIN DATOS,0,0,Morelia,Erendira,febrero,viernes,3,-101.164882443845,19.7019332379006
28130,28135,2020,MOR200164441,2020/02/28,"05:35:00",COLISIÓN POR INVASIÓN DE CARRIL,ASFALTO,Bueno,Bueno,2,MERCEDEZ BENZ,NEGRO,2,,38,MASCULINO,SIN DATOS,0,0,Morelia,Vasco de Quiroga,febrero,viernes,6,-101.167762801051,19.6967069556356
28131,28136,2020,,2020/02/28,"07:26:00",COLISIÓN POR ALCANCE,ASFALTO,Bueno,Bueno,2,VOLKSWAGEN JETTA,PLATA,2,,23,MASCULINO,SIN DATOS,0,0,Morelia,Morelos,febrero,viernes,7,-101.209195889533,19.6981589808768
28132,28137,2020,,2020/02/28,"07:30:00",COLISIÓN CONTRA OBJETO FIJO,ASFALTO,Bueno,Bueno,1,CHEVROLET,ROJO,1,,46,FEMENINO,SIN DATOS,0,0,Morelia,Balcones de Morelia,febrero,viernes,8,-101.200841143727,19.6726285636484
28133,28138,2020,,2020/02/28,"07:30:00",COLISIÓN POR ALCANCE,ASFALTO,Bueno,Bueno,2,TOYOTA,BLANCO Y NARANJA,2,,,MASCULINO,SIN DATOS,0,0,Morelia,Dr Miguel Silva,febrero,viernes,8,-101.187927793444,19.7204887484457
28134,28139,2020,,2020/02/28,"08:00:00",COLISIÓN POR ALCANCE,ASFALTO,Bueno,Bueno,2,Seat,Rojo,2,,32,MASCULINO,SIN DATOS,0,0,Morelia,Reforma,febrero,viernes,8,-101.242407001555,19.7057354979738