fid,id_accidente,anio_origen,folio_c5i,dia_incidente,hora_ocurrencia,tipo_incidente_vial,superficie_ocurrencia,condiciones_climaticas,condiciones_via,numero_vehiculos_involucrados,marca_vehiculo_ocasiona_siniestro,color_vehiculo_ocasiona_siniestro,numero_personas_involucradas,lugar_remite_presunto_responsable,edad_presunto_responsable,sexo_presunto_responsable,resultados_toxicologia,numero_personas_lesionadas,numero_personas_fallecidas,municipio,colonia,mes,dia_semana,hora_redondeada,lon,lat
28135,28140,2020,,2020/02/28,"08:30:00",COLISIÓN POR ALCANCE,ASFALTO,Bueno,Bueno,2,NISSAN,GRIS,2,,32,MASCULINO,SIN DATOS,0,0,Morelia,Centro,febrero,viernes,9,-101.18218963,19.7028850649992
28136,28141,2020,,2020/02/28,10:35:00,COLISIÓN POR MANIOBRA DE REVERSA,CONCRETO,Bueno,Bueno,2,TOYOTA YARIS,AZUL,2,,39,MASCULINO,SIN DATOS,0,0,Morelia,Agustin Arriaga Rivera,febrero,viernes,11,-101.222035288811,19.6931424934677
28137,28142,2020,,2020/02/28,11:00:00,COLISIÓN POR CORTE DE CIRCULACIÓN,CONCRETO,Bueno,Bueno,2,Vento,Negro,2,,,,SIN DATOS,0,0,Morelia,Centro,febrero,viernes,11,-101.184010282159,19.7029401543538
28138,28143,2020,,2020/02/28,11:00:00,COLISIÓN POR ALCANCE,ASFALTO,Bueno,Bueno,3,FORD,BLANCO,3,,29,FEMENINO,SIN DATOS,0,0,Morelia,Felix Ireta,febrero,viernes,11,-101.19214836,19.6911467449992
28139,28144,2020,MOR200567459,2020/02/28,12:30:00,COLISIÓN POR CAMBIO DE CARRIL,CONCRETO,Bueno,Bueno,2,JEEP,GRIS,2,,45,MASCULINO,SIN DATOS,0,0,Morelia,Del Empleado,febrero,viernes,13,-101.178760528564,19.6894251660517
28140,28145,2020,,2020/02/28,14:30:00,COLISIÓN POR CORTE DE CIRCULACIÓN,ASFALTO,Bueno,Bueno,2,FORD,BLANCO Y ROSA,2,,0,MASCULINO,SIN DATOS,0,0,Morelia,Centro,febrero,viernes,15,-101.193318888545,19.7047718422357
28141,28146,2020,,2020/02/28,15:40:00,COLISIÓN POR CORTE DE CIRCULACIÓN,ASFALTO,Bueno,Bueno,2,MERCEDES BENZ,AMARILLO,2,,19,MASCULINO,SIN DATOS,0,0,Morelia,Gertrudis Bocanegra,febrero,viernes,16,-101.212649904191,19.7020686511717
28142,28147,2020,,2020/02/28,17:20:00,COLISIÓN CONTRA OBJETO FIJO,ASFALTO,Bueno,Bueno,2,CHEVROLET/CHEVY,ROJO,2,,32,MASCULINO,SIN DATOS,0,0,Morelia,Villa Magna,febrero,viernes,17,-101.32651001215,19.6787850388905
28143,28148,2020,,2020/02/28,18:00:00,COLISIÓN POR CORTE DE CIRCULACIÓN,ASFALTO,Bueno,Bueno,2,HONDA,NEGRA,2,,46,,SIN DATOS,0,0,Morelia,Centro,febrero,viernes,18,-101.190013736486,19.7086769320418
28144,28149,2020,,2020/02/28,18:30:00,COLISIÓN POR CORTE DE CIRCULACIÓN,ASFALTO,Bueno,Bueno,1,TOYOTA,BLANCO,1,,,MASCULINO,SIN DATOS,0,0,Morelia,Felix Ireta,febrero,viernes,19,-101.195409335196,19.6902092969865
28145,28150,2020,MOR200564893,2020/02/28,18:40:00,COLISIÓN POR CORTE DE CIRCULACIÓN,ASFALTO,Bueno,Bueno,2,BMW,GRIS,2,,33,MASCULINO,SIN DATOS,0,0,Morelia,Felix Ireta,febrero,viernes,19,-101.188276670873,19.6850984872642
28146,28151,2020,,2020/02/28,20:30:00,VOLCADURA,ASFALTO,Bueno,Bueno,1,VOLKSWAGEN,BLANCO,1,,,,SIN DATOS,0,0,Charo,San Pedro Y San Pablo,febrero,viernes,21,-101.049874182791,19.7463091915951
28147,28152,2020,,2020/02/28,21:50:00,COLISIÓN POR CORTE DE CIRCULACIÓN,ASFALTO,Bueno,Bueno,2,BAJAJ,NEGRA,2,,22,MASCULINO,SIN DATOS,0,0,Morelia,Centro,febrero,viernes,22,-101.18218963,19.7028850649992
28148,28153,2020,,2020/02/29,"00:00:00",COLISIÓN POR CAMBIO DE CARRIL,SIN_DATOS,Bueno,Bueno,2,NISSAN,BLANCO/AZUL,0,MINISTERIO PÚBLICO,,,,0,0,Lázaro Cárdenas,Lucio Cabañas,febrero,sábado,0,-102.224676534534,17.980365881501
28149,28154,2020,,2020/02/29,"00:30:00",COLISIÓN POR CORTE DE CIRCULACIÓN,ASFALTO,Bueno,Bueno,2,SIN DATO,SIN DATO,1,,21,MASCULINO,SIN DATOS,0,0,Morelia,Granjas del Maestro,febrero,sábado,1,-101.193796992302,19.7126829273613
28150,28155,2020,MOR2007494303,2020/02/29,"01:25:00",COLISIÓN POR CORTE DE CIRCULACIÓN,CONCRETO,Bueno,Regular,1,NISSAN,BALNCO,1,,0,MASCULINO,ALIENTO ETÍLICO,0,0,Morelia,Leandro Valle,febrero,sábado,1,-101.231980584562,19.7263285030692
28151,28156,2020,,2020/02/29,"04:20:00",COLISIÓN POR CORTE DE CIRCULACIÓN,CONCRETO,Bueno,Bueno,2,Mazda,Gris,2,,28,,SIN DATOS,0,0,Morelia,Vasco de Quiroga,febrero,sábado,4,-101.176498755813,19.703038951771
28152,28157,2020,MOR2000167283,2020/02/29,"04:30:00",COLISIÓN POR CAMBIO DE CARRIL,ASFALTO,Bueno,Bueno,2,NISSAN,GRIS,2,,39,MASCULINO,ALIENTO ETÍLICO,0,0,Morelia,Centro,febrero,sábado,5,-101.178128197789,19.6991832820626
28153,28158,2020,,2020/02/29,"05:00:00",VOLCADURA,ASFALTO,Bueno,Bueno,1,KIA,Rojo,1,,28,MASCULINO,CON CERTIFICADO,0,0,Morelia,Sin datos,febrero,sábado,5,-101.336891502142,19.5557341989266
28154,28159,2020,,2020/02/29,"06:30:00",COLISIÓN POR INVASIÓN DE CARRIL,ASFALTO,Bueno,Bueno,2,Ford,Rojo,2,,,,SIN DATOS,0,0,Tarímbaro,Sin datos,febrero,sábado,7,-101.132853515446,19.77606604118
28155,28160,2020,MOR200167557,2020/02/29,"09:32:00",COLISIÓN POR CORTE DE CIRCULACIÓN,ASFALTO,Bueno,Bueno,2,CHEVROLET,ARENA,2,,67,MASCULINO,SIN DATOS,0,0,Morelia,Centro,febrero,sábado,10,-101.185561940074,19.7029155339016
28156,28161,2020,,2020/02/29,10:20:00,COLISIÓN POR CORTE DE CIRCULACIÓN,ASFALTO,Bueno,Bueno,2,NISSAN,BLANCO Y ROJO,2,MINISTERIO PÚBLICO,,,SIN DATOS,0,0,Tacámbaro,Sin datos,febrero,sábado,10,-101.463779099286,19.2617838094812
28157,28162,2020,"200167661",2020/02/29,10:30:00,SALIDA DE SUPERFICIE DE RODAMIENTO,CONCRETO,Bueno,Bueno,1,CHEVROLET,BLANCO,1,,,,,1,0,Morelia,Cinco de Diciembre,febrero,sábado,11,-101.16363286972,19.685974818047
28158,28163,2020,MOR200168670,2020/02/29,10:40:00,COLISIÓN POR CORTE DE CIRCULACIÓN,ASFALTO,Bueno,Bueno,2,TOYOTA,GRIS,2,,33,MASCULINO,SIN DATOS,0,0,Tarímbaro,Sin datos,febrero,sábado,11,-101.160208024085,19.7665549413479
28159,28164,2020,MOR200168048,2020/02/29,12:00:00,COLISIÓN CON PEATÓN,SIN_DATOS,Bueno,Bueno,2,FORD,BLANCO,2,,64,MASCULINO,SIN DATOS,0,0,Morelia,La Floresta,febrero,sábado,12,-101.152343116701,19.684564983827
28160,28165,2020,LEG29724,2020/02/29,12:00:00,COLISIÓN POR ALCANCE,ASFALTO,Bueno,Bueno,2,FORD,BLANCO,2,,64,MASCULINO,SIN DATOS,0,0,Morelia,La Floresta,febrero,sábado,12,-101.151823103428,19.6845915011995
28161,28166,2020,,2020/02/29,12:45:00,COLISIÓN POR CORTE DE CIRCULACIÓN,ASFALTO,Bueno,Regular,2,SE DESCONOCE,SE DESCONOCE,1,MINISTERIO PÚBLICO,,,,1,0,Morelia,Eduardo Ruiz,febrero,sábado,13,-101.223662048578,19.7237522343619
28162,28167,2020,MOR200168443,2020/02/29,12:55:00,COLISIÓN POR CORTE DE CIRCULACIÓN,ASFALTO,Bueno,Bueno,2,ITALIKA,ROJO Y NEGRO,2,,35,MASCULINO,SIN DATOS,0,0,Morelia,Campestre Los Manantiales,febrero,sábado,13,-101.23756159097,19.6924470794894
28163,28168,2020,MOR200168625,2020/02/29,14:30:00,COLISIÓN POR ALCANCE,ASFALTO,Bueno,Bueno,3,CHEVROLET,BLANCO,3,,31,MASCULINO,SIN DATOS,0,0,Morelia,Francisco J Mujica,febrero,sábado,15,-101.185841225088,19.723774957972
28164,28169,2020,MOR200168306,2020/02/29,15:00:00,COLISIÓN POR CAMBIO DE CARRIL,ASFALTO,Bueno,Bueno,2,NISSAN,BLANCO,1,,59,MASCULINO,SIN DATOS,0,0,Morelia,Montaña Monarca,febrero,sábado,15,-101.164686642587,19.6655932044006
28165,28170,2020,,2020/02/29,16:30:00,COLISIÓN CON PEATÓN,ADOQUIN_EMPEDRADO,Bueno,Regular,1,CHEVROLET,BLANCO,2,,62,MASCULINO,SIN DATOS,1,0,Cuitzeo,Sin datos,febrero,sábado,17,-101.169671132489,20.0013818986718
28166,28171,2020,LEG29719,2020/02/29,22:00:00,COLISIÓN CON PEATÓN,ASFALTO,Bueno,Bueno,1,ITALIKA,SIN DATO,2,,31,MASCULINO,SIN DATOS,1,0,Morelia,El Parian,febrero,sábado,22,-101.269916323849,19.6880710777962
28167,28172,2020,,2020/02/29,22:00:00,COLISIÓN POR INVASIÓN DE CARRIL,ASFALTO,Bueno,Bueno,2,FORD,VERDE FRANJA BLANCA,1,,,,,1,0,Coeneo,Coeneo de La Libertad,febrero,sábado,22,-101.593827679753,19.80757434481
28168,28173,2020,"200170066",2020/02/29,23:20:00,COLISIÓN POR CORTE DE CIRCULACIÓN,ASFALTO,Bueno,Regular,3,JEEP,PLATA,3,MINISTERIO PÚBLICO,40,MASCULINO,SIN DATOS,0,0,Morelia,Guadalupe,febrero,sábado,23,-101.22384108603,19.7082451421246
28169,28174,2020,,2020/02/29,23:45:00,COLISIÓN CONTRA OBJETO FIJO,ASFALTO,Bueno,Regular,1,NISSAN,AZUL,1,,35,MASCULINO,SIN DATOS,0,0,Los Reyes,Sin datos,febrero,sábado,0,-102.440809942782,19.6554623635648
28170,28175,2020,,2020/03/01,"00:20:00",COLISIÓN POR INVASIÓN DE CARRIL,ASFALTO,Bueno,Bueno,2,CHEVROLET,PLATA OXIDO,0,,,,,0,0,Coeneo,Sin datos,marzo,domingo,0,-101.58253826201,19.8362165415477
28171,28176,2020,LEG29717,2020/03/01,"00:54:00",COLISIÓN CONTRA OBJETO FIJO,CONCRETO,Bueno,Bueno,1,CHEVROLET,ROJO,0,,,,,0,0,Morelia,Villas Lomas del Paraiso,marzo,domingo,1,-101.174581982195,19.6726588714747
28172,28177,2020,MOR1200170318,2020/03/01,"02:15:00",COLISIÓN CON PEATÓN,SIN_DATOS,Nublado,Regular,2,ITALIKA,BLANCO Y ROJO,0,,,,,0,0,Morelia,Centro,marzo,domingo,2,-101.195283606648,19.6998480484456
28173,28178,2020,LEG29695,2020/03/01,"02:30:00",SUBIDA AL CAMELLÓN,ASFALTO,Bueno,Bueno,1,VW,ROJO,1,,43,MASCULINO,SIN DATOS,0,0,Morelia,La Soledad,marzo,domingo,3,-101.183763518929,19.7264566368734
28174,28179,2020,,2020/03/01,"03:30:00",COLISIÓN POR CORTE DE CIRCULACIÓN,SIN_DATOS,Bueno,Bueno,1,Ford,Arena,1,,0,,SIN DATOS,0,0,Morelia,Primo Tapia,marzo,domingo,4,-101.211513485759,19.7096468769256
28175,28180,2020,MOR200170411,2020/03/01,"04:05:00",COLISIÓN CONTRA OBJETO FIJO,ASFALTO,Bueno,Bueno,1,AUDI,ROJO,1,,33,MASCULINO,SIN DATOS,0,0,Morelia,Villas Lomas del Paraiso,marzo,domingo,4,-101.175566352904,19.6734153024496
28176,28181,2020,MOR200170431,2020/03/01,"04:27:00",COLISIÓN CONTRA OBJETO FIJO,CONCRETO,Bueno,Bueno,1,VOLKSWAGEN,AMARILLO,0,,,,,0,0,Morelia,Elias Perez Avalos,marzo,domingo,4,-101.165883243084,19.7104009237329
28177,28182,2020,MOR200170474,2020/03/01,"05:25:00",COLISIÓN CONTRA OBJETO FIJO,CONCRETO,Bueno,Bueno,1,DODGE,BLANCO,1,,23,,SIN DATOS,0,0,Morelia,Villas Lomas del Paraiso,marzo,domingo,5,-101.175565018487,19.6734118319291
28178,28183,2020,MOR200170456,2020/03/01,"06:00:00",SUBIDA AL CAMELLÓN,ASFALTO,Bueno,Bueno,1,FORD,ROJO,1,,63,MASCULINO,SIN DATOS,0,0,Morelia,Arcos del Valle,marzo,domingo,6,-101.235420517623,19.7085099607866
28179,28184,2020,,2020/03/01,11:00:00,COLISIÓN POR ALCANCE,ASFALTO,Bueno,Bueno,3,Toyota,Rojo,3,,24,MASCULINO,SIN DATOS,0,0,Morelia,Comision Federal de Electricidad,marzo,domingo,11,-101.181329078972,19.6815107213611
28180,28185,2020,,2020/03/01,12:20:00,COLISIÓN CON PEATÓN,SIN_DATOS,Bueno,Bueno,2,CHEVROLET/TORNADO,BLANCO,2,,0,MASCULINO,SIN DATOS,0,0,Morelia,Francisco J Mujica,marzo,domingo,12,-101.188242472708,19.7214864848537
28181,28186,2020,,2020/03/01,12:40:00,COLISIÓN POR ALCANCE,ASFALTO,Bueno,Bueno,2,VOLKSWAGEN POINTER,BLANCO,2,,,,SIN DATOS,0,0,Morelia,Elias Perez Avalos,marzo,domingo,13,-101.17146089673,19.714796671241
28182,28187,2020,,2020/03/01,13:05:00,SALIDA DE SUPERFICIE DE RODAMIENTO,TERRACERIA,Bueno,Bueno,1,General Motors,Gris,1,,,MASCULINO,SIN DATOS,0,0,Morelia,Villas del Parian (Arkos San Jose),marzo,domingo,13,-101.26110477379,19.6914189471608
28183,28188,2020,,2020/03/01,13:35:00,COLISIÓN CON PEATÓN,CONCRETO,Bueno,Bueno,2,ITALIKADS150,NEGRO/VERDE,2,MINISTERIO PÚBLICO,,,SIN DATOS,1,0,Morelia,Nuevo Amanecer,marzo,domingo,14,-101.149571724236,19.7073064369234
28184,28189,2020,,2020/03/01,13:45:00,COLISIÓN POR CORTE DE CIRCULACIÓN,CONCRETO,Bueno,Bueno,2,CHEVROLET,BLANCO,2,MINISTERIO PÚBLICO,30,FEMENINO,SIN DATOS,0,0,Morelia,Camponubes,marzo,domingo,14,-101.291811672213,19.6971958255683
28185,28190,2020,,2020/03/01,15:40:00,COLISIÓN POR CORTE DE CIRCULACIÓN,ASFALTO,Bueno,Bueno,2,FORD,GRIS,0,MINISTERIO PÚBLICO,,,,0,0,Charo,Sin datos,marzo,domingo,16,-101.002720110118,19.6615080459642
28186,28191,2020,,2020/03/01,16:20:00,COLISIÓN POR CORTE DE CIRCULACIÓN,CONCRETO,Bueno,Bueno,2,Dodge,Oficial,2,,,MASCULINO,SIN DATOS,0,0,Morelia,Tenencia Morelos,marzo,domingo,16,-101.24435596168,19.6492112142101
28187,28192,2020,,2020/03/01,16:45:00,VOLCADURA,ASFALTO,Bueno,Bueno,1,FORD,GRIS,6,MINISTERIO PÚBLICO,,,,4,2,Zacapu,Tirindaro,marzo,domingo,17,-101.744900085032,19.7690210351966
28188,28193,2020,,2020/03/01,20:00:00,CAIDA ACUATICA DE VEHÍCULO,CONCRETO,Bueno,Bueno,1,CHEVROLET/SONIC,PLATA,1,,21,MASCULINO,SIN DATOS,0,0,Tarímbaro,Sin datos,marzo,domingo,20,-101.179708018899,19.7522277467157
28189,28194,2020,,2020/03/01,20:00:00,COLISIÓN POR ALCANCE,ASFALTO,Bueno,Bueno,2,Satur,Rojo,2,MINISTERIO PÚBLICO,53,MASCULINO,SIN DATOS,0,0,Morelia,Justo Mendoza,marzo,domingo,20,-101.232187785208,19.7131383772993
28190,28195,2020,,2020/03/01,20:30:00,CAIDA DE MOTOCICLETA,ASFALTO,Bueno,Bueno,1,Italika,Negro/naranja,1,,30,MASCULINO,CON CERTIFICADO,0,0,Tarímbaro,Sin datos,marzo,domingo,21,-101.132853515446,19.7760650946732
28191,28196,2020,LEG29751,2020/03/01,20:30:00,COLISIÓN POR ALCANCE,ASFALTO,Bueno,Bueno,2,VOLKSWAGEN,ROJO,2,,24,MASCULINO,CON CERTIFICADO,0,0,Morelia,Felix Ireta,marzo,domingo,21,-101.180782914162,19.6857478437836
28192,28197,2020,MOR20057463,2020/03/01,20:40:00,VOLCADURA,ASFALTO,Bueno,Bueno,1,CHEVROLET,AZUL,0,,,,,0,0,Morelia,Sin datos,marzo,domingo,21,-101.188785620034,19.5835717748982
28193,28198,2020,,2020/03/01,21:00:00,COLISIÓN CONTRA OBJETO FIJO,ASFALTO,Bueno,Bueno,1,Italika,Negro,2,MINISTERIO PÚBLICO,,,,2,0,Morelia,Sin datos,marzo,domingo,21,-101.282542571425,19.5939544686346
28194,28199,2020,,2020/03/01,22:20:00,COLISIÓN POR MANIOBRA DE REVERSA,ASFALTO,Bueno,Bueno,2,GMC,BLANCA,1,,0,,SIN DATOS,0,0,Morelia,La Hacienda,marzo,domingo,22,-101.315312124789,19.6769511594846
28195,28200,2020,LEG29728,2020/03/02,"07:43:00",COLISIÓN POR CORTE DE CIRCULACIÓN,ASFALTO,Bueno,Bueno,2,NISSAN,NEGRO,2,,45,FEMENINO,SIN DATOS,0,0,Morelia,Nueva Chapultepec,marzo,lunes,8,-101.173768602312,19.6903781813672
28196,28201,2020,MOR200173188,2020/03/02,"08:10:00",COLISIÓN POR CORTE DE CIRCULACIÓN,ASFALTO,Bueno,Bueno,2,KIA,ROJO,2,,44,FEMENINO,SIN DATOS,0,0,Morelia,Santiaguito,marzo,lunes,8,-101.191592216492,19.7166092861513
28197,28202,2020,MOR200173285,2020/03/02,"08:36:00",COLISIÓN POR CORTE DE CIRCULACIÓN,CONCRETO,Bueno,Bueno,2,NISSAN,ROJO,2,,45,MASCULINO,SIN DATOS,0,0,Morelia,Defensores De Puebla,marzo,lunes,9,-101.237373165786,19.7141130294955
28198,28203,2020,MOR200173251,2020/03/02,"09:15:00",COLISIÓN POR ALCANCE,ASFALTO,Bueno,Bueno,2,NISSAN,BLANCO,2,,25,MASCULINO,SIN DATOS,0,0,Morelia,Virrey Antonio de Mendoza,marzo,lunes,9,-101.162201911211,19.7065949868773
28199,28204,2020,MOR2000173589,2020/03/02,10:27:00,COLISIÓN POR ALCANCE,ASFALTO,Bueno,Bueno,2,NISSAN,BLANCO,2,,60,MASCULINO,SIN DATOS,0,0,Morelia,Los Pinos de Michoacan,marzo,lunes,10,-101.214097961783,19.6878865662541
28200,28205,2020,MOR200173415,2020/03/02,10:35:00,COLISIÓN CONTRA OBJETO FIJO,CONCRETO,Bueno,Bueno,2,VOLKSWAGEN,BLANCO,2,MINISTERIO PÚBLICO,24,FEMENINO,SIN DATOS,0,0,Morelia,La Capilla,marzo,lunes,11,-101.157576441765,19.6589458890869
28201,28206,2020,MOR20200173627,2020/03/02,11:00:00,COLISIÓN POR MANIOBRA DE REVERSA,CONCRETO,Bueno,Bueno,2,KENWORTH,BLANCO,2,,33,MASCULINO,SIN DATOS,0,0,Morelia,Tzindurio de Morelos,marzo,lunes,11,-101.243678033352,19.6999645243224
28202,28207,2020,,2020/03/02,11:25:00,SALIDA DE SUPERFICIE DE RODAMIENTO,ASFALTO,Bueno,Bueno,1,VOLKSWAGEN,NEGRO,1,,29,FEMENINO,SIN DATOS,0,0,Jungapeo,Sin datos,marzo,lunes,11,-100.49391143024,19.4872667455326
28203,28208,2020,,2020/03/02,15:00:00,COLISIÓN POR ALCANCE,ASFALTO,Bueno,Bueno,2,TOYOTA,AZUL,1,,40,MASCULINO,SIN DATOS,0,0,Salvador Escalante,Opopeo,marzo,lunes,15,-101.605324968696,19.4160266060286
28204,28209,2020,,2020/03/02,16:10:00,COLISIÓN POR ALCANCE,ASFALTO,Bueno,Bueno,2,FORD,ROJO,2,,30,MASCULINO,SIN DATOS,0,0,Peribán,Sin datos,marzo,lunes,16,-102.45144020766,19.5583735081085
28205,28210,2020,,2020/03/02,17:25:00,COLISIÓN CONTRA OBJETO FIJO,ASFALTO,Bueno,Bueno,1,CHEVROLET,NEGRO,2,MINISTERIO PÚBLICO,19,,SIN DATOS,1,0,Salvador Escalante,Cuirinditzio,marzo,lunes,17,-101.627129986882,19.4097193814366
28206,28211,2020,MOR200174847,2020/03/02,18:00:00,COLISIÓN POR ALCANCE,ASFALTO,Bueno,Bueno,2,TOYOTA,BLANCO/MORADO,2,,42,MASCULINO,SIN DATOS,0,0,Morelia,Centro,marzo,lunes,18,-101.188412457705,19.7107607438949
28207,28212,2020,,2020/03/03,"00:00:00",COLISIÓN POR MANIOBRA DE REVERSA,ASFALTO,Bueno,Bueno,2,CHEVROLET,GRIS,2,,,MASCULINO,SIN DATOS,0,0,Morelia,Sin datos,marzo,martes,0,-101.116593,19.739365
28208,28213,2020,MOR20012345,2020/03/03,"02:50:00",COLISIÓN CONTRA OBJETO FIJO,ASFALTO,Bueno,Bueno,1,CHEVROLET,BLANCO,0,,,,,0,0,Morelia,Niño Artillero,marzo,martes,3,-101.256120800972,19.697453171992
28209,28214,2020,,2020/03/03,"08:20:00",COLISIÓN POR CAMBIO DE CARRIL,ASFALTO,Bueno,Bueno,2,FORD,BLANCO Y ROJO,2,,,MASCULINO,SIN DATOS,0,0,Morelia,Las Americas,marzo,martes,8,-101.150487363338,19.691121901866
28210,28215,2020,,2020/03/03,"08:50:00",COLISIÓN POR CORTE DE CIRCULACIÓN,CONCRETO,Bueno,Bueno,2,ITALIKA,NEGRO Y AMARILLO,2,MINISTERIO PÚBLICO,,,,1,1,Morelia,Centro,marzo,martes,9,-101.187850534916,19.6958344715243
28211,28216,2020,,2020/03/03,"08:50:00",COLISIÓN POR CORTE DE CIRCULACIÓN,CONCRETO,Bueno,Bueno,1,CHEVROLET,BLANCO,1,,,MASCULINO,SIN DATOS,0,0,Morelia,Lazaro Cardenas,marzo,martes,9,-101.164861656725,19.7094161486238
28212,28217,2020,MOR2000173251,2020/03/03,"09:15:00",COLISIÓN POR CORTE DE CIRCULACIÓN,CONCRETO,Bueno,Bueno,2,VOLKSWAGEN,VERDE,2,,55,MASCULINO,SIN DATOS,0,0,Morelia,Independencia,marzo,martes,9,-101.17685565725,19.7090197118039
28213,28218,2020,,2020/03/03,10:10:00,COLISIÓN POR CORTE DE CIRCULACIÓN,ASFALTO,Bueno,Bueno,2,TOYOTA,AZUL,2,,45,MASCULINO,SIN DATOS,0,0,Morelia,Jardines del Quinceo,marzo,martes,10,-101.205215826631,19.7218636385882
28214,28219,2020,,2020/03/03,10:30:00,COLISIÓN POR CORTE DE CIRCULACIÓN,ASFALTO,Bueno,Bueno,2,YAMAHA,NEGRO,2,,,MASCULINO,SIN DATOS,0,0,Morelia,Juarez,marzo,martes,11,-101.195385530591,19.6922633609026
28215,28220,2020,,2020/03/03,11:20:00,COLISIÓN POR CAMBIO DE CARRIL,ASFALTO,Bueno,Bueno,2,NISSAN,BLANCO,2,MINISTERIO PÚBLICO,,MASCULINO,SIN DATOS,0,0,Morelia,Fracc Valle de Mil Cumbres,marzo,martes,11,-101.110402755439,19.6888269637426
28216,28221,2020,,2020/03/03,12:00:00,COLISIÓN POR ALCANCE,ASFALTO,Bueno,Bueno,2,CHEVROLET,ROJO,2,,36,MASCULINO,SIN DATOS,0,0,Morelia,Nueva Valladolid,marzo,martes,12,-101.213979944587,19.7006482265402
28217,28222,2020,,2020/03/03,13:00:00,COLISIÓN POR CORTE DE CIRCULACIÓN,CONCRETO,Bueno,Bueno,2,TOYOTA,BLANCO Y MORADO,2,,,MASCULINO,SIN DATOS,0,0,Morelia,Felix Ireta,marzo,martes,13,-101.190780512989,19.6877561918126
28218,28223,2020,,2020/03/03,13:20:00,COLISIÓN CONTRA OBJETO FIJO,ASFALTO,Bueno,Bueno,1,NISSAN,BLANCO,1,,33,MASCULINO,SIN DATOS,0,0,Morelia,Prados del Campestre,marzo,martes,13,-101.165189221501,19.6837015884044
28219,28224,2020,,2020/03/03,13:20:00,COLISIÓN POR CORTE DE CIRCULACIÓN,ASFALTO,Bueno,Bueno,2,S/D,NARANJA,1,,42,MASCULINO,SIN DATOS,0,0,Morelia,Xangari,marzo,martes,13,-101.220824606717,19.6738481334257
28220,28225,2020,,2020/03/03,13:35:00,COLISIÓN POR CAMBIO DE CARRIL,CONCRETO,Bueno,Bueno,3,FORD,ROJO,3,MINISTERIO PÚBLICO,,,SIN DATOS,0,0,Morelia,Eva Samano,marzo,martes,14,-101.200977933766,19.7297170710975
28221,28226,2020,,2020/03/03,14:00:00,COLISIÓN POR CAMBIO DE CARRIL,ASFALTO,Bueno,Bueno,2,ISUZU,BLANCO,2,,,MASCULINO,SIN DATOS,0,0,Morelia,Ampliacion La Soledad,marzo,martes,14,-101.183831747621,19.7339440803557
28222,28227,2020,,2020/03/03,15:00:00,COLISIÓN POR CORTE DE CIRCULACIÓN,ASFALTO,Bueno,Bueno,2,INTERNATIONAL,BLANCO,2,,52,MASCULINO,SIN DATOS,0,0,Morelia,Las Americas,marzo,martes,15,-101.153488755226,19.6873543348153
28223,28228,2020,,2020/03/03,15:10:00,COLISIÓN POR CAMBIO DE CARRIL,CONCRETO,Bueno,Bueno,1,He,SIN DATO,0,,,,,0,0,Morelia,Morelos,marzo,martes,15,-101.212015561759,19.6922901926681
28224,28229,2020,,2020/03/03,15:10:00,COLISIÓN POR CORTE DE CIRCULACIÓN,ASFALTO,Bueno,Regular,2,RENAULT,BLANCO,2,,,MASCULINO,SIN DATOS,0,0,Morelia,Jardines de La Loma,marzo,martes,15,-101.224350035191,19.6767945731814
28225,28230,2020,,2020/03/03,15:57:00,COLISIÓN POR CAMBIO DE CARRIL,ASFALTO,Bueno,Bueno,2,S/D,S/D,2,,,MASCULINO,SIN DATOS,0,0,Morelia,Las Americas,marzo,martes,16,-101.153633929789,19.6874458812741
28226,28231,2020,,2020/03/03,18:00:00,COLISIÓN POR CAMBIO DE CARRIL,ASFALTO,Bueno,Bueno,2,PEUGEOT,BLANCO,2,,,MASCULINO,SIN DATOS,0,0,Morelia,Villas Valladolid,marzo,martes,18,-101.217421889305,19.6975870107674
28227,28232,2020,,2020/03/03,18:05:00,COLISIÓN POR ALCANCE,ASFALTO,Bueno,Bueno,2,ITALIKA,AMARILLO/NEGRO,2,,24,MASCULINO,SIN DATOS,1,0,Peribán,Sin datos,marzo,martes,18,-102.448342591524,19.5563445864549
28228,28233,2020,,2020/03/03,18:20:00,COLISIÓN POR ALCANCE,ASFALTO,Bueno,Bueno,2,KENWORTH,BLANCO,2,,37,MASCULINO,SIN DATOS,0,0,Morelia,Lomas del Tecnologico,marzo,martes,18,-101.192336529493,19.7229445972896
28229,28234,2020,,2020/03/04,"08:00:00",SALIDA DE SUPERFICIE DE RODAMIENTO,ASFALTO,Bueno,Bueno,1,NISSAN,PLATA,0,MINISTERIO PÚBLICO,,,,0,0,Peribán,Sin datos,marzo,miércoles,8,-102.375355660915,19.5496854875252
28230,28235,2020,MOR 200-179-095,2020/03/04,"08:10:00",COLISIÓN POR CORTE DE CIRCULACIÓN,ASFALTO,Bueno,Bueno,2,CHEVROLET,ROJO,2,,37,MASCULINO,SIN DATOS,0,0,Morelia,Lomas del Valle,marzo,miércoles,8,-101.230624057353,19.6877981768138
28231,28236,2020,MOR200179380,2020/03/04,"08:40:00",COLISIÓN POR CORTE DE CIRCULACIÓN,CONCRETO,Bueno,Bueno,3,BAJAJ,NEGRO,3,,25,MASCULINO,SIN DATOS,0,0,Morelia,Agustin Arriaga Rivera,marzo,miércoles,9,-101.224924698472,19.6906780690807