fid,id_accidente,anio_origen,folio_c5i,dia_incidente,hora_ocurrencia,tipo_incidente_vial,superficie_ocurrencia,condiciones_climaticas,condiciones_via,numero_vehiculos_involucrados,marca_vehiculo_ocasiona_siniestro,color_vehiculo_ocasiona_siniestro,numero_personas_involucradas,lugar_remite_presunto_responsable,edad_presunto_responsable,sexo_presunto_responsable,resultados_toxicologia,numero_personas_lesionadas,numero_personas_fallecidas,municipio,colonia,mes,dia_semana,hora_redondeada,lon,lat
28232,28237,2020,MOR200179151,2020/03/04,"08:41:00",COLISIÓN POR CORTE DE CIRCULACIÓN,ASFALTO,Bueno,Bueno,2,FORD,BLANCO Y AZUL,2,,42,MASCULINO,SIN DATOS,0,0,Morelia,Chapultepec Norte,marzo,miércoles,9,-101.17669891566,19.694386844486
28233,28238,2020,MOR200179293,2020/03/04,"09:20:00",COLISIÓN POR CORTE DE CIRCULACIÓN,ASFALTO,Bueno,Bueno,2,HINO,BLANCO,2,,35,MASCULINO,SIN DATOS,0,0,Morelia,Primo Tapia,marzo,miércoles,9,-101.212568096817,19.7094098359433
28234,28239,2020,MOR200180002,2020/03/04,12:20:00,COLISIÓN POR ALCANCE,ASFALTO,Bueno,Bueno,2,DODGE,GRIS,2,,50,MASCULINO,SIN DATOS,0,0,Morelia,Los Manantiales de Morelia,marzo,miércoles,12,-101.240234747529,19.692738124654
28235,28240,2020,MOR200179679,2020/03/04,12:37:00,COLISIÓN POR CORTE DE CIRCULACIÓN,ASFALTO,Bueno,Bueno,2,NISSAN,ROJO,2,,31,FEMENINO,SIN DATOS,0,0,Morelia,Cuauhtemoc,marzo,miércoles,13,-101.178919449449,19.6958294209512
28236,28241,2020,MOR200179770,2020/03/04,13:00:00,COLISIÓN POR CAMBIO DE CARRIL,CONCRETO,Bueno,Bueno,2,CHEVROLET,PLATA,2,,38,MASCULINO,SIN DATOS,0,0,Morelia,Centro,marzo,miércoles,13,-101.184257380664,19.7058806928979
28237,28242,2020,MOR2000180241,2020/03/04,13:40:00,COLISIÓN POR CORTE DE CIRCULACIÓN,CONCRETO,Bueno,Bueno,2,CHEVROLET,PLATA,2,,46,MASCULINO,SIN DATOS,0,0,Morelia,Villa Universidad,marzo,miércoles,14,-101.198526732624,19.6870241357736
28238,28243,2020,MOR200-180042,2020/03/04,13:45:00,COLISIÓN POR CAMBIO DE CARRIL,CONCRETO,Bueno,Bueno,2,FORD,ROJO,2,,36,MASCULINO,SIN DATOS,0,0,Morelia,Felicitas del Rio,marzo,miércoles,14,-101.195443868637,19.6902118223617
28239,28244,2020,LEG29777,2020/03/04,17:35:00,COLISIÓN POR CAMBIO DE CARRIL,ASFALTO,Bueno,Bueno,2,FORD,GRIS,2,,18,MASCULINO,SIN DATOS,0,0,Morelia,Los Manantiales de Morelia,marzo,miércoles,18,-101.240234747529,19.6927403343225
28240,28245,2020,LEG29774,2020/03/04,20:20:00,SALIDA DE SUPERFICIE DE RODAMIENTO,ASFALTO,Bueno,Bueno,1,VOLKSWAGEN,ROJO,0,,,,,0,0,Tarímbaro,Sin datos,marzo,miércoles,20,-101.131752803922,19.776278374069
28241,28246,2020,LEG29778,2020/03/04,20:40:00,COLISIÓN POR ALCANCE,ASFALTO,Bueno,Bueno,2,NISSAN,BLANCO,2,,54,MASCULINO,SIN DATOS,0,0,Morelia,Jardines de Torremolinos,marzo,miércoles,21,-101.225749477744,19.6768463477018
28242,28247,2020,,2020/03/05,"00:00:00",COLISIÓN CON PEATÓN,ASFALTO,Bueno,Bueno,2,NISSAN,BLANCON Y  CAFE,2,,,MASCULINO,SIN DATOS,0,0,Morelia,Centro,marzo,jueves,0,-101.178216710687,19.6990876388087
28243,28248,2020,MOR200181766,2020/03/05,"06:40:00",COLISIÓN POR CORTE DE CIRCULACIÓN,ASFALTO,Bueno,Bueno,2,VOLKSWAGEN,ROJO,2,,20,MASCULINO,SIN DATOS,0,0,Morelia,Nueva Valladolid,marzo,jueves,7,-101.210334319621,19.6961706499379
28244,28249,2020,,2020/03/05,"08:30:00",COLISIÓN POR CORTE DE CIRCULACIÓN,ASFALTO,Bueno,Bueno,2,VOLKSWAGEN,BLANCO,2,,29,MASCULINO,SIN DATOS,0,0,Morelia,Sin datos,marzo,jueves,9,-101.310333274305,19.6512212830429
28245,28250,2020,,2020/03/05,10:00:00,COLISIÓN POR CAMBIO DE CARRIL,ASFALTO,Bueno,Bueno,2,NISSAN,BLANCO Y VERDE,2,,,MASCULINO,SIN DATOS,0,0,Morelia,Ventura Puente,marzo,jueves,10,-101.181185746424,19.693847690032
28246,28251,2020,LEG29788,2020/03/05,10:40:00,COLISIÓN POR ALCANCE,ASFALTO,Bueno,Bueno,2,INTERNATIONAL,BLANCO,2,,,MASCULINO,SIN DATOS,0,0,Morelia,Irrigacion,marzo,jueves,11,-101.223003901541,19.7051818622062
28247,28252,2020,,2020/03/05,11:40:00,COLISIÓN CONTRA OBJETO FIJO,ASFALTO,Bueno,Bueno,1,RAM,BLANCO,1,,,MASCULINO,SIN DATOS,0,0,Morelia,Centenario (Los Alamos Ii),marzo,jueves,12,-101.177506092936,19.7366454701205
28248,28253,2020,,2020/03/05,13:30:00,COLISIÓN POR CAMBIO DE CARRIL,ASFALTO,Bueno,Bueno,2,KENWORTH,BLANCO,1,,28,MASCULINO,SIN DATOS,0,0,Morelia,Pascual Ortiz de Ayala,marzo,jueves,14,-101.149567365646,19.6947119777345
28249,28254,2020,,2020/03/05,13:45:00,SALIDA DE SUPERFICIE DE RODAMIENTO,ASFALTO,Bueno,Bueno,0,,,0,MINISTERIO PÚBLICO,,,,0,0,Jungapeo,Sin datos,marzo,jueves,14,-100.479089543223,19.4850953297116
28250,28255,2020,,2020/03/05,14:40:00,COLISIÓN POR CORTE DE CIRCULACIÓN,ASFALTO,Bueno,Bueno,2,VOLKSWAGEN,PLATA,2,,,MASCULINO,SIN DATOS,0,0,Morelia,El Lago 2,marzo,jueves,15,-101.212027296424,19.726365112738
28251,28256,2020,,2020/03/05,15:10:00,COLISIÓN POR ALCANCE,ASFALTO,Bueno,Bueno,2,AUDI,NEGRO,2,,46,MASCULINO,SIN DATOS,0,0,Morelia,Bosques Tres Marias,marzo,jueves,15,-101.104036532342,19.7243392599188
28252,28257,2020,,2020/03/05,17:07:00,COLISIÓN POR CORTE DE CIRCULACIÓN,ASFALTO,Bueno,Bueno,2,NISSAN,S/D,2,,,MASCULINO,SIN DATOS,0,0,Morelia,Lomas del Durazno,marzo,jueves,17,-101.191428601742,19.6646529862605
28253,28258,2020,,2020/03/05,17:10:00,CAIDA DE MOTOCICLETA,ASFALTO,Bueno,Bueno,1,YAMAHA,ROJO,0,,,,,0,0,Morelia,Barrio Alto,marzo,jueves,17,-101.193464398384,19.723887944763
28254,28259,2020,LEG29789,2020/03/05,18:00:00,VOLCADURA,ASFALTO,Bueno,Bueno,1,CHEVROLET,AZUL,1,,19,MASCULINO,SIN DATOS,0,0,Morelia,Sin datos,marzo,jueves,18,-101.314860507846,19.6529607332181
28255,28260,2020,,2020/03/05,18:40:00,COLISIÓN POR CORTE DE CIRCULACIÓN,ASFALTO,Bueno,Bueno,2,MITSUBISHI,GRIS,2,,47,MASCULINO,SIN DATOS,0,0,Morelia,Camelinas,marzo,jueves,19,-101.166159510612,19.6841672227114
28256,28261,2020,,2020/03/05,19:20:00,COLISIÓN POR CORTE DE CIRCULACIÓN,ASFALTO,Bueno,Bueno,3,FORD,NEGRO Y CAFE,4,MINISTERIO PÚBLICO,64,MASCULINO,SIN DATOS,1,0,Morelia,Ana Maria Gallaga (Riviera Norte),marzo,jueves,19,-101.223752908409,19.6767888906111
28257,28262,2020,,2020/03/05,21:30:00,COLISIÓN POR CAMBIO DE CARRIL,ASFALTO,Bueno,Bueno,2,HONDA CRV,BLANCO,2,,48,FEMENINO,SIN DATOS,0,0,Morelia,Felix Ireta,marzo,jueves,22,-101.192030087113,19.6879544366841
28258,28263,2020,,2020/03/05,22:15:00,COLISIÓN POR CORTE DE CIRCULACIÓN,ASFALTO,Bueno,Regular,2,VOLKSWAGEN,NEGRO,2,,28,FEMENINO,SIN DATOS,0,0,Morelia,Virrey Antonio de Mendoza,marzo,jueves,22,-101.1623621732,19.706538803021
28259,28264,2020,,2020/03/05,23:00:00,COLISIÓN CONTRA OBJETO FIJO,CONCRETO,Bueno,Bueno,1,INTERNATIONAL,AMARILLO U ROJO,1,,38,MASCULINO,SIN DATOS,0,0,Morelia,Centro,marzo,jueves,23,-101.194311305881,19.7010295328794
28260,28265,2020,MOR200187440,2020/03/06,"00:00:00",COLISIÓN CON PEATÓN,SIN_DATOS,Bueno,Regular,2,VENTO,NEGRO,0,MINISTERIO PÚBLICO,,,,0,0,Morelia,Centro,marzo,viernes,0,-101.178559362888,19.7033710116525
28261,28266,2020,,2020/03/06,"00:55:00",COLISIÓN POR ALCANCE,ASFALTO,Bueno,Bueno,2,DODGE,ROJO,2,,59,MASCULINO,SIN DATOS,0,0,Morelia,La Esperanza,marzo,viernes,1,-101.253034248948,19.6979433875271
28262,28267,2020,,2020/03/06,"02:40:00",COLISIÓN CONTRA OBJETO FIJO,ASFALTO,Bueno,Regular,1,NISSAN,PLATA,1,,50,MASCULINO,CON CERTIFICADO,0,0,Morelia,Tzindurio de Morelos,marzo,viernes,3,-101.243688091636,19.6999427442868
28263,28268,2020,"1005202009198",2020/03/06,"03:00:00",COLISIÓN CONTRA OBJETO FIJO,ASFALTO,Bueno,Bueno,1,NISSAN,BLANCA,2,MINISTERIO PÚBLICO,,MASCULINO,SIN DATOS,0,1,Zacapu,Sin datos,marzo,viernes,3,-101.905983500183,19.8162840312976
28264,28269,2020,,2020/03/06,"06:50:00",COLISIÓN POR CORTE DE CIRCULACIÓN,ASFALTO,Bueno,Bueno,2,YAMAHA,AZUL,0,,,,,0,0,Morelia,Lomas del Valle,marzo,viernes,7,-101.228533610702,19.6890021630672
28265,28270,2020,LEG29804,2020/03/06,14:00:00,COLISIÓN POR CAMBIO DE CARRIL,ASFALTO,Bueno,Bueno,2,TOYOTA,BLANCO CON VERDE,2,,22,MASCULINO,SIN DATOS,0,0,Morelia,Lazaro Cardenas,marzo,viernes,14,-101.164932735264,19.7093842695846
28266,28271,2020,MOR200186318,2020/03/06,16:40:00,COLISIÓN POR NO RESPETAR SEMÁFORO,ASFALTO,Bueno,Bueno,0,,,0,,,,,0,0,Morelia,Comision Federal de Electricidad,marzo,viernes,17,-101.18134483695,19.6815104056721
28267,28272,2020,LEG29818,2020/03/06,17:00:00,COLISIÓN POR CORTE DE CIRCULACIÓN,ASFALTO,Bueno,Bueno,2,FORD,BLANCO,2,,61,MASCULINO,SIN DATOS,0,0,Morelia,Fidel Velazquez,marzo,viernes,17,-101.236942000687,19.7039858887771
28268,28273,2020,LEG29805,2020/03/06,19:00:00,COLISIÓN POR CAMBIO DE CARRIL,ASFALTO,Bueno,Bueno,2,KENWORH,BLANCO,2,,28,MASCULINO,SIN DATOS,0,0,Morelia,Francisco J Mujica,marzo,viernes,19,-101.186859458685,19.7229051463706
28269,28274,2020,LEG29811,2020/03/06,20:40:00,SUBIDA AL CAMELLÓN,ASFALTO,Bueno,Bueno,1,NISSAN,PLATA,1,,22,FEMENINO,SIN DATOS,0,0,Morelia,Sentimientos de La Nacion,marzo,viernes,21,-101.233253628016,19.6782196291791
28270,28275,2020,MOR2000187440,2020/03/06,22:00:00,COLISIÓN POR CORTE DE CIRCULACIÓN,ASFALTO,Bueno,Bueno,2,ITALIKA,NEGRO,0,,,,,0,0,Morelia,Centro,marzo,viernes,22,-101.178547628224,19.7033688021309
28271,28276,2020,MOR2000187757,2020/03/06,22:20:00,COLISIÓN CONTRA OBJETO FIJO,ASFALTO,Bueno,Bueno,2,HONDA,ROJO,2,,22,MASCULINO,SIN DATOS,0,0,Morelia,Ciudad Industrial,marzo,viernes,22,-101.14370405674,19.7296949795204
28272,28277,2020,LEG29819,2020/03/06,22:20:00,COLISIÓN POR INVASIÓN DE CARRIL,CONCRETO,Bueno,Bueno,2,HONDA,PLATA,0,,,,,0,0,Morelia,Primo Tapia,marzo,viernes,22,-101.211797297001,19.7090809449438
28274,28279,2020,,2020/03/07,"00:00:00",COLISIÓN POR CAMBIO DE CARRIL,ASFALTO,Bueno,Bueno,2,FORD,BLANCO,2,,38,MASCULINO,SIN DATOS,0,0,Morelia,Los Manantiales de Morelia,marzo,sábado,0,-101.237586736679,19.6984708489274
28275,28280,2020,LEG29820,2020/03/07,"00:50:00",VOLCADURA,ASFALTO,Bueno,Bueno,1,RENAULT,BLANCO,1,,0,MASCULINO,SIN DATOS,0,0,Morelia,Josefa Ortiz de Dominguez,marzo,sábado,1,-101.210028273306,19.7251863412066
28276,28281,2020,LEG29813,2020/03/07,"02:30:00",COLISIÓN POR ALCANCE,ASFALTO,Bueno,Bueno,2,VOLKSWAGEN,GRIS,2,,37,MASCULINO,ALIENTO ETÍLICO,0,0,Morelia,Elias Perez Avalos,marzo,sábado,3,-101.167813022979,19.7136335493406
28277,28282,2020,MOR200456873,2020/03/07,"02:55:00",COLISIÓN POR CORTE DE CIRCULACIÓN,CONCRETO,Bueno,Bueno,2,DODGE,BLANCO,1,,26,MASCULINO,SIN DATOS,0,0,Morelia,Felix Ireta,marzo,sábado,3,-101.19214836,19.6911467449992
28278,28283,2020,MOR200123456,2020/03/07,"04:50:00",COLISIÓN CONTRA OBJETO FIJO,ASFALTO,Bueno,Bueno,1,CHEVROLET,TERRACOTA,0,,,,,0,0,Morelia,Ciudad Industrial,marzo,sábado,5,-101.130662996164,19.736373286063
28279,28284,2020,,2020/03/07,"05:10:00",COLISIÓN CONTRA OBJETO FIJO,ASFALTO,Bueno,Bueno,1,FORD,BALCO/AZUL,3,,0,MASCULINO,SIN DATOS,2,0,Pátzcuaro,Centro,marzo,sábado,5,-101.607238724828,19.5237010952274
28280,28285,2020,LEG29830,2020/03/07,"09:30:00",COLISIÓN CONTRA OBJETO FIJO,ASFALTO,Bueno,Bueno,2,TOYOTA,BLANCO,2,MINISTERIO PÚBLICO,0,FEMENINO,SIN DATOS,0,0,Morelia,Dr Miguel Silva,marzo,sábado,10,-101.185227946917,19.717204814836
28281,28286,2020,,2020/03/07,"09:50:00",COLISIÓN POR CORTE DE CIRCULACIÓN,ASFALTO,Bueno,Bueno,2,SEAT,GRIS,2,,30,MASCULINO,SIN DATOS,0,0,Morelia,La Loma,marzo,sábado,10,-101.181522868574,19.6798391391051
28282,28287,2020,LEG29814,2020/03/07,10:30:00,COLISIÓN POR CORTE DE CIRCULACIÓN,ASFALTO,Bueno,Bueno,2,DODGE,AZUL,3,MINISTERIO PÚBLICO,,,,3,0,Morelia,Ciudad Jardin,marzo,sábado,11,-101.250469721854,19.7017700473959
28283,28288,2020,,2020/03/07,10:30:00,COLISIÓN POR ALCANCE,ASFALTO,Bueno,Bueno,2,CHEVROLET,GRIS,2,,42,FEMENINO,SIN DATOS,0,0,Morelia,Arboledas de La Huerta,marzo,sábado,11,-101.223548145,19.6683762899991
28284,28289,2020,,2020/03/07,10:30:00,COLISIÓN POR CORTE DE CIRCULACIÓN,ASFALTO,Bueno,Bueno,2,NISSAN,BLANCO,2,,,MASCULINO,SIN DATOS,0,0,Morelia,Jardines del Rincon,marzo,sábado,11,-101.150119733065,19.6915082816103
28285,28290,2020,,2020/03/07,12:10:00,COLISIÓN POR ALCANCE,ASFALTO,Bueno,Bueno,2,NISSAN,BLANCO,2,,50,MASCULINO,SIN DATOS,0,0,Morelia,Santillan La Huerta,marzo,sábado,12,-101.219553885717,19.6760966650679
28286,28291,2020,,2020/03/07,13:00:00,COLISIÓN POR CORTE DE CIRCULACIÓN,ASFALTO,Bueno,Bueno,2,CHEVROLET,GRIS,3,MINISTERIO PÚBLICO,32,MASCULINO,SIN DATOS,1,0,Zacapu,Centro,marzo,sábado,13,-101.786972880363,19.8090181064222
28287,28292,2020,LEG29815,2020/03/07,13:25:00,VOLCADURA,TERRACERIA,Bueno,Bueno,1,NISSAN,BLANCO,0,,,,,0,0,Morelia,Sin datos,marzo,sábado,13,-101.313914358616,19.6522964037742
28289,28294,2020,,2020/03/07,14:37:00,COLISIÓN CON PEATÓN,ASFALTO,Bueno,Bueno,1,MERCEDES BENZ,BLANCO CON FRANJAS,1,MINISTERIO PÚBLICO,,,,1,0,Pátzcuaro,Sin datos,marzo,sábado,15,-101.484896894825,19.5310659129125
28290,28295,2020,LEG29816,2020/03/07,14:40:00,COLISIÓN POR ALCANCE,ASFALTO,Bueno,Bueno,2,NISSAN,BLANCO,2,,61,MASCULINO,SIN DATOS,0,0,Morelia,Aquiles Serdan,marzo,sábado,15,-101.16781141609,19.7235903285467
28291,28296,2020,,2020/03/07,16:10:00,CAIDA DE MOTOCICLETA,ASFALTO,Bueno,Bueno,1,ITALIKA,NEGRO/VERDE,1,,30,MASCULINO,SIN DATOS,0,0,Morelia,Mariano Escobedo,marzo,sábado,16,-101.21103052,19.7211018149992
28292,28297,2020,,2020/03/07,16:10:00,COLISIÓN POR ALCANCE,CONCRETO,Bueno,Bueno,2,CHRYSLER,BLANCO,2,,32,MASCULINO,SIN DATOS,0,0,Morelia,Ferrocarrilero,marzo,sábado,16,-101.223609235,19.6918737849991
28293,28298,2020,LEG29806,2020/03/07,16:40:00,COLISIÓN POR NO RESPETAR SEMÁFORO,ASFALTO,Bueno,Bueno,2,VOLKSWAGEN,BLANCO,2,,55,FEMENINO,SIN DATOS,0,0,Morelia,Comision Federal de Electricidad,marzo,sábado,17,-101.181341148913,19.6815122998064
28294,28299,2020,,2020/03/07,17:10:00,COLISIÓN POR ALCANCE,ASFALTO,Bueno,Bueno,2,NISSAN,BLANCO,2,,,MASCULINO,SIN DATOS,0,0,Morelia,Solidaridad,marzo,sábado,17,-101.20569627732,19.7329133745085
28295,28300,2020,MOOR200186845,2020/03/07,18:05:00,COLISIÓN POR ALCANCE,ASFALTO,Bueno,Bueno,2,NISSAN,GRIS,2,,36,FEMENINO,SIN DATOS,0,0,Morelia,Fovissste La Huerta,marzo,sábado,18,-101.212283545,19.6922831999991
28296,28301,2020,,2020/03/07,18:26:00,COLISIÓN POR ALCANCE,ASFALTO,Bueno,Bueno,2,FORD,BLANCO,3,,43,MASCULINO,SIN DATOS,1,0,Tuxpan,Sin datos,marzo,sábado,18,-100.472690798342,19.5490535902534
28298,28303,2020,,2020/03/07,21:06:00,COLISIÓN POR INVASIÓN DE CARRIL,ASFALTO,Bueno,Bueno,2,ITALIKA,ROJO,1,MINISTERIO PÚBLICO,,,,0,1,Tzitzio,Sin datos,marzo,sábado,21,-100.816819891334,19.3376454882516
28299,28304,2020,,2020/03/07,21:30:00,COLISIÓN POR CAMBIO DE CARRIL,ASFALTO,Bueno,Bueno,2,VOLKSWAGEN,AZUL,2,,29,MASCULINO,ALIENTO ETÍLICO,0,0,Morelia,Campamento Ferrocarrilero,marzo,sábado,22,-101.203038605,19.7048187049992
28300,28305,2020,,2020/03/07,22:00:00,COLISIÓN POR CAMBIO DE CARRIL,CONCRETO,Bueno,Bueno,4,INTERNATIONAL,BLANCO,4,,45,MASCULINO,SIN DATOS,0,0,Tarímbaro,Sin datos,marzo,sábado,22,-101.126330718398,19.7746904453282
28301,28306,2020,,2020/03/07,22:00:00,COLISIÓN CONTRA OBJETO FIJO,CONCRETO,Bueno,Bueno,1,MAZDA/CX5,ROJO,1,,45,MASCULINO,CON CERTIFICADO,0,0,Morelia,Poblado de Ocolusen,marzo,sábado,22,-101.155088675,19.6951327349991
28302,28307,2020,,2020/03/08,"01:20:00",CAIDA DE MOTOCICLETA,ASFALTO,Bueno,Bueno,1,ITALIKA,AZUL,1,,35,MASCULINO,SIN DATOS,0,0,Morelia,Eduardo Ruiz,marzo,domingo,1,-101.221859682349,19.7216992118204
28304,28309,2020,,2020/03/08,"04:00:00",COLISIÓN POR NO RESPETAR SEMÁFORO,ASFALTO,Bueno,Bueno,2,VOLKSWAGEN,GRIS,2,MINISTERIO PÚBLICO,34,MASCULINO,SIN DATOS,0,0,Zacapu,Centro,marzo,domingo,4,-101.793765574694,19.8116838420071
28305,28310,2020,,2020/03/08,"04:12:00",CAIDA DE MOTOCICLETA,ASFALTO,Bueno,Bueno,1,HONDA,NEGRO,3,MINISTERIO PÚBLICO,,MASCULINO,SIN DATOS,2,0,Morelia,Sin datos,marzo,domingo,4,-101.347496292429,19.5497852349665
28306,28311,2020,,2020/03/08,"04:30:00",COLISIÓN POR CORTE DE CIRCULACIÓN,ASFALTO,Bueno,Regular,2,TOYOTA,GRIS,2,MINISTERIO PÚBLICO,26,MASCULINO,SIN DATOS,0,0,Múgica,Benito Juarez,marzo,domingo,5,-102.084489874542,19.0355345965256
28308,28313,2020,MOR203456343,2020/03/08,11:20:00,COLISIÓN POR CORTE DE CIRCULACIÓN,ASFALTO,Bueno,Bueno,2,NISSAN,GRIS,7,MINISTERIO PÚBLICO,,,,7,0,Morelia,Lomas de La Maestranza,marzo,domingo,11,-101.331423148513,19.6843822032466
28309,28314,2020,MOR200192083,2020/03/08,14:35:00,COLISIÓN POR CAMBIO DE CARRIL,ASFALTO,Bueno,Bueno,2,SEAT,GRIS,2,,35,MASCULINO,CON CERTIFICADO,0,0,Morelia,Los Pinos de Michoacan,marzo,domingo,15,-101.214119084179,19.6878436342463
28310,28315,2020,MOR/200192083,2020/03/08,14:35:00,COLISIÓN POR CAMBIO DE CARRIL,ASFALTO,Bueno,Bueno,2,SEAT,GRIS,2,,35,MASCULINO,CON CERTIFICADO,0,0,Morelia,Los Pinos de Michoacan,marzo,domingo,15,-101.214118748903,19.6878433185698
28311,28316,2020,MOR200191987,2020/03/08,15:15:00,CAIDA DE MOTOCICLETA,CONCRETO,Bueno,Bueno,1,YAMAHA,AZUL/ NEGRO,1,,32,MASCULINO,SIN DATOS,0,0,Morelia,Gertrudis Sanchez,marzo,domingo,15,-101.203569981092,19.7418391013384
28312,28317,2020,MOR200192594,2020/03/08,17:40:00,COLISIÓN POR CORTE DE CIRCULACIÓN,ASFALTO,Bueno,Bueno,2,HONDA,GRIS,2,,49,FEMENINO,SIN DATOS,0,0,Morelia,Exhacienda del Quinceo,marzo,domingo,18,-101.234,19.7301
28313,28318,2020,LEG29854,2020/03/08,17:40:00,COLISIÓN POR CORTE DE CIRCULACIÓN,ASFALTO,Bueno,Bueno,2,NISSAN,BLANCO,2,,22,MASCULINO,SIN DATOS,0,0,Tarímbaro,Sin datos,marzo,domingo,18,-101.13,19.7723
28314,28319,2020,LEG29844,2020/03/08,21:30:00,COLISIÓN POR ALCANCE,ASFALTO,Bueno,Bueno,2,VOLKSWAGEN,GRIS,2,,0,MASCULINO,CON CERTIFICADO,0,0,Morelia,Centro,marzo,domingo,22,-101.18218963,19.7028850649992
28315,28320,2020,LEG29853,2020/03/08,22:40:00,COLISIÓN POR NO RESPETAR SEMÁFORO,ASFALTO,Bueno,Bueno,2,PULSAR,ROJO Y NEGRO,2,,62,FEMENINO,SIN DATOS,1,0,Morelia,Pascual Ortiz de Ayala,marzo,domingo,23,-101.151504422657,19.696032531912
28316,28321,2020,,2020/03/09,"00:00:00",COLISIÓN POR CAMBIO DE CARRIL,ASFALTO,Bueno,Bueno,2,VOLKSWAGEN,PLATA,2,MINISTERIO PÚBLICO,,,SIN DATOS,0,0,Lázaro Cárdenas,Samuel Ruiz,marzo,lunes,0,-102.221752926707,17.9799723559572
28317,28322,2020,,2020/03/09,"06:25:00",COLISIÓN POR CAMBIO DE CARRIL,ASFALTO,Bueno,Bueno,2,CHEVROLET,PLATA,2,,62,MASCULINO,SIN DATOS,0,0,Morelia,Cuauhtemoc,marzo,lunes,6,-101.179086721755,19.6947889994947
28318,28323,2020,,2020/03/09,"08:40:00",COLISIÓN CONTRA OBJETO FIJO,ASFALTO,Bueno,Bueno,1,DINA,BLANCO,1,,,MASCULINO,SIN DATOS,0,0,Morelia,Tinijaro,marzo,lunes,9,-101.26316,19.6963297049991
28320,28325,2020,,2020/03/09,12:05:00,COLISIÓN POR MANIOBRA DE REVERSA,ASFALTO,Bueno,Bueno,2,FREIGHTLINER,BLANCO,1,,,MASCULINO,SIN DATOS,0,0,Morelia,Mariano Escobedo,marzo,lunes,12,-101.209748685,19.7223888749991
28322,28327,2020,,2020/03/09,15:03:00,COLISIÓN POR CAMBIO DE CARRIL,ASFALTO,Bueno,Bueno,2,YAMAHA,GRIS,2,,16,FEMENINO,SIN DATOS,0,0,Salvador Escalante,Centro,marzo,lunes,15,-101.63952883333,19.4056909903969
28323,28328,2020,,2020/03/09,17:00:00,COLISIÓN POR INVASIÓN DE CARRIL,ASFALTO,Bueno,Bueno,2,GMC,GRIS METALICO,2,,31,MASCULINO,SIN DATOS,0,0,Salvador Escalante,Centro,marzo,lunes,17,-101.639523133636,19.4056935202286
28324,28329,2020,,2020/03/09,19:50:00,VOLCADURA,ASFALTO,Bueno,Bueno,1,S/D,BLANCO,1,,26,MASCULINO,SIN DATOS,0,0,Tangamandapio,Sin datos,marzo,lunes,20,-102.385624498129,19.9153777871658
28326,28331,2020,LEG29865,2020/03/09,20:20:00,COLISIÓN POR INVASIÓN DE CARRIL,ASFALTO,Bueno,Bueno,3,CHEVROLET,NEGRO,3,,54,FEMENINO,SIN DATOS,0,0,Tarímbaro,Sin datos,marzo,lunes,20,-101.162260919809,19.7647848581484
28327,28332,2020,MOR200193445,2020/03/09,21:40:00,COLISIÓN POR INVASIÓN DE CARRIL,ASFALTO,Bueno,Bueno,2,GMC,GUINDA,2,,35,MASCULINO,SIN DATOS,0,0,Morelia,Sin datos,marzo,lunes,22,-101.409223973751,19.6490722829803
28328,28333,2020,LEG29870,2020/03/09,23:00:00,COLISIÓN CONTRA OBJETO FIJO,ASFALTO,Bueno,Bueno,1,FORD,NEGRO,1,,37,MASCULINO,SIN DATOS,0,0,Tarímbaro,Sin datos,marzo,lunes,23,-101.170937865973,19.7523861524578
28329,28334,2020,LEG29868,2020/03/09,23:20:00,COLISIÓN POR CORTE DE CIRCULACIÓN,CONCRETO,Bueno,Bueno,2,ITALIKA,AZUL,2,,22,MASCULINO,SIN DATOS,0,0,Morelia,Infonavit Colonial Universidad,marzo,lunes,23,-101.207692176104,19.6866951987664
28330,28335,2020,,2020/03/10,"00:00:00",COLISIÓN POR ALCANCE,CONCRETO,Bueno,Bueno,2,CHEVROLET CORSA,AZUL,2,,,FEMENINO,ALIENTO ETÍLICO,0,0,Morelia,Cuauhtemoc,marzo,martes,0,-101.180244460702,19.6937296313787
28331,28336,2020,,2020/03/10,12:40:00,COLISIÓN POR CORTE DE CIRCULACIÓN,SIN_DATOS,Bueno,Bueno,2,Toyota,Blanco,2,,26,MASCULINO,CON CERTIFICADO,0,0,Morelia,Centro,marzo,martes,13,-101.188824176788,19.7106117658208
28332,28337,2020,LEG29886,2020/03/10,14:00:00,COLISIÓN CON PEATÓN,ASFALTO,Bueno,Bueno,1,NISSAN,BLANCO Y AMARILLO,1,,34,MASCULINO,SIN DATOS,0,0,Morelia,Ciudad Jardin,marzo,martes,14,-101.25574455,19.7099354149991
28334,28339,2020,LEG29881,2020/03/10,14:50:00,COLISIÓN POR CAMBIO DE CARRIL,ASFALTO,Bueno,Bueno,2,SEAT,NEGRO,2,MINISTERIO PÚBLICO,35,MASCULINO,SIN DATOS,0,0,Tarímbaro,Centro,marzo,martes,15,-101.176869,19.792979
28335,28340,2020,LEG29883,2020/03/10,15:23:00,COLISIÓN POR CAMBIO DE CARRIL,ASFALTO,Bueno,Bueno,2,FORD,VERDE,1,,,,SIN DATOS,0,0,Morelia,Gertrudis Sanchez,marzo,martes,15,-101.200400065,19.7404854699991
28336,28341,2020,LEG29882,2020/03/10,16:20:00,COLISIÓN CON PEATÓN,ASFALTO,Nublado,Bueno,1,FORD,BLANCO,2,,34,MASCULINO,CON CERTIFICADO,1,0,Morelia,Elias Perez Avalos,marzo,martes,16,-101.167886855,19.7156043599992