fid,id_accidente,anio_origen,folio_c5i,dia_incidente,hora_ocurrencia,tipo_incidente_vial,superficie_ocurrencia,condiciones_climaticas,condiciones_via,numero_vehiculos_involucrados,marca_vehiculo_ocasiona_siniestro,color_vehiculo_ocasiona_siniestro,numero_personas_involucradas,lugar_remite_presunto_responsable,edad_presunto_responsable,sexo_presunto_responsable,resultados_toxicologia,numero_personas_lesionadas,numero_personas_fallecidas,municipio,colonia,mes,dia_semana,hora_redondeada,lon,lat
28337,28342,2020,MOR2003457865,2020/03/10,17:35:00,COLISIÓN POR CAMBIO DE CARRIL,ASFALTO,Bueno,Bueno,2,FORD,BLANCO Y ROSA,2,,36,MASCULINO,SIN DATOS,0,0,Morelia,Centro,marzo,martes,18,-101.198428565665,19.7035391005434
28339,28344,2020,LEG29884,2020/03/10,20:43:00,COLISIÓN POR CORTE DE CIRCULACIÓN,CONCRETO,Bueno,Bueno,2,RENAULT,BLANCO,2,,57,MASCULINO,SIN DATOS,0,0,Morelia,Ventura Puente,marzo,martes,21,-101.18400927633,19.6915546849973
28340,28345,2020,,2020/03/11,"07:00:00",COLISIÓN POR CORTE DE CIRCULACIÓN,ADOQUIN_EMPEDRADO,Bueno,Bueno,2,CHEVROLET,AZUL,2,,36,MASCULINO,SIN DATOS,0,0,Cuitzeo,El Embarcadero,marzo,miércoles,7,-101.141226030886,19.9654078189877
28341,28346,2020,,2020/03/11,"08:10:00",COLISIÓN POR INVASIÓN DE CARRIL,ASFALTO,Bueno,Bueno,2,NISSAN,GRIS,2,,46,MASCULINO,SIN DATOS,0,0,Morelia,Margarita Maza de Juarez,marzo,miércoles,8,-101.255526905,19.6928898149991
28342,28347,2020,,2020/03/11,"09:30:00",COLISIÓN POR MANIOBRA DE REVERSA,CONCRETO,Bueno,Bueno,2,MAZDA,BLANCO,2,,38,MASCULINO,SIN DATOS,0,0,Morelia,Centro,marzo,miércoles,10,-101.201835509332,19.7040812086815
28343,28348,2020,,2020/03/11,"09:55:00",COLISIÓN POR CORTE DE CIRCULACIÓN,ASFALTO,Bueno,Bueno,2,ITALIKA FT150,NEGRO,2,,18,MASCULINO,SIN DATOS,0,0,Morelia,Popular Pogreso,marzo,miércoles,10,-101.200145965135,19.7202451059807
28344,28349,2020,,2020/03/11,10:30:00,COLISIÓN POR CORTE DE CIRCULACIÓN,ASFALTO,Bueno,Bueno,1,FORD,BLANCO,0,,,,,0,0,Morelia,Fuentes de Morelia,marzo,miércoles,11,-101.203908950441,19.6711852824231
28345,28350,2020,,2020/03/11,11:20:00,COLISIÓN POR CORTE DE CIRCULACIÓN,ASFALTO,Bueno,Bueno,3,TOYOTA,ROJO,2,,20,MASCULINO,SIN DATOS,0,0,Morelia,Villas Lomas del Paraiso,marzo,miércoles,11,-101.183243326701,19.6753951296653
28346,28351,2020,LEG29897,2020/03/11,13:08:00,COLISIÓN POR CORTE DE CIRCULACIÓN,ASFALTO,Bueno,Bueno,2,CHEVROLET,ROJO,2,,,MASCULINO,SIN DATOS,0,0,Morelia,Ana Maria Gallaga (Riviera Norte),marzo,miércoles,13,-101.22460476,19.6777109999991
28347,28352,2020,LEG29901,2020/03/11,13:15:00,COLISIÓN CON PEATÓN,ASFALTO,Bueno,Bueno,1,DINAMO,ROJO,2,,56,MASCULINO,SIN DATOS,1,0,Morelia,Lomas del Tecnologico,marzo,miércoles,13,-101.188597865403,19.7199964821923
28349,28354,2020,,2020/03/11,14:40:00,COLISIÓN POR ALCANCE,CONCRETO,Bueno,Bueno,2,FORD,AZUL,2,,56,MASCULINO,SIN DATOS,0,0,Morelia,Ferrocarrilero,marzo,miércoles,15,-101.223609235,19.6918737849991
28350,28355,2020,,2020/03/11,15:20:00,COLISIÓN CON PEATÓN,ASFALTO,Bueno,Bueno,1,DODGE,BLANCO,0,MINISTERIO PÚBLICO,,,,0,0,Morelia,Centro,marzo,miércoles,15,-101.18754847,19.7028479949991
28352,28357,2020,,2020/03/11,17:25:00,COLISIÓN POR MANIOBRA DE REVERSA,CONCRETO,Bueno,Bueno,2,ITALIKA,GRIS,2,,29,MASCULINO,SIN DATOS,0,0,Morelia,Ferrocarrilero,marzo,miércoles,17,-101.223609235,19.6918737849991
28353,28358,2020,LEG29880,2020/03/11,22:30:00,COLISIÓN POR CORTE DE CIRCULACIÓN,CONCRETO,Bueno,Bueno,2,VOLKSWAGEN,GRIS,1,MINISTERIO PÚBLICO,21,MASCULINO,SIN DATOS,0,0,Morelia,Praderas del Sur,marzo,miércoles,23,-101.195863173853,19.659631752863
28354,28359,2020,,2020/03/12,"00:00:00",COLISIÓN POR CAMBIO DE CARRIL,ASFALTO,Bueno,Bueno,2,CHEVROLET,AZUL,0,MINISTERIO PÚBLICO,,,,0,0,Lázaro Cárdenas,Centro,marzo,jueves,0,-102.191690266086,17.9576613756506
28357,28362,2020,LEG29913,2020/03/12,"08:40:00",CAIDA DE MOTOCICLETA,ASFALTO,Bueno,Bueno,1,KURAZAI,ROJO Y NEGRO,1,,33,MASCULINO,SIN DATOS,0,0,Morelia,El Lago 1,marzo,jueves,9,-101.212717294693,19.7291344836288
28358,28363,2020,MOR200293098,2020/03/12,"09:10:00",COLISIÓN POR ALCANCE,ASFALTO,Bueno,Bueno,2,MERCEDEZ BENZ,"BLANCO, AMARILLO Y ROJO",2,,24,MASCULINO,SIN DATOS,0,0,Morelia,Praderas del Indio,marzo,jueves,9,-101.223494028547,19.6450845894654
28359,28364,2020,MOR200203044,2020/03/12,"09:15:00",COLISIÓN POR ALCANCE,ASFALTO,Bueno,Bueno,2,VOLKSWAGEN,BLANCO,2,,,MASCULINO,SIN DATOS,0,0,Morelia,Camelinas,marzo,jueves,9,-101.17262119,19.6818144849991
28360,28365,2020,LEG29906,2020/03/12,"09:40:00",COLISIÓN POR ALCANCE,ASFALTO,Bueno,Bueno,2,NISSAN,BLANCO,2,,40,MASCULINO,SIN DATOS,0,0,Morelia,Camelinas,marzo,jueves,10,-101.17262119,19.6818144849991
28361,28366,2020,MOR200213128,2020/03/12,"09:50:00",COLISIÓN POR CAMBIO DE CARRIL,ASFALTO,Bueno,Bueno,2,FREIGHTLINER,AZUL,2,,,MASCULINO,SIN DATOS,0,0,Morelia,Las Americas,marzo,jueves,10,-101.151733584702,19.6888607409246
28362,28367,2020,LEG29905,2020/03/12,10:20:00,COLISIÓN POR CORTE DE CIRCULACIÓN,CONCRETO,Bueno,Bueno,2,NISSAN,TURQUESA,2,,,FEMENINO,SIN DATOS,0,0,Morelia,Junta de Jaujilla,marzo,jueves,10,-101.22609319,19.6917637699991
28363,28368,2020,,2020/03/12,10:40:00,COLISIÓN POR INVASIÓN DE CARRIL,ASFALTO,Bueno,Bueno,2,FORD,ROJO,2,MINISTERIO PÚBLICO,37,MASCULINO,SIN DATOS,0,0,Pátzcuaro,Las Palmas,marzo,jueves,11,-101.617277227342,19.5104478754597
28364,28369,2020,,2020/03/12,12:05:00,COLISIÓN POR ALCANCE,ASFALTO,Bueno,Bueno,2,CHEVROLET,ROJO,0,,,,,0,0,Lázaro Cárdenas,Centro,marzo,jueves,12,-102.195543050766,17.9542343919017
28366,28371,2020,MOR2007863561,2020/03/12,14:10:00,COLISIÓN POR ALCANCE,ASFALTO,Bueno,Bueno,2,VOLKSWAGEN,NEGRO,2,,25,FEMENINO,SIN DATOS,0,0,Morelia,Ilustres Novohispanos,marzo,jueves,14,-101.152,19.7108
28367,28372,2020,LEG29917,2020/03/12,15:18:00,COLISIÓN CONTRA OBJETO FIJO,ASFALTO,Nublado,Regular,1,NISSAN,NEGRO,1,,25,MASCULINO,SIN DATOS,0,0,Morelia,Vicente Lombardo Toledano (Ejidal Isacc Arriaga) (Etnias de Mexico),marzo,jueves,15,-101.1441236,19.7129449399992
28368,28373,2020,MOR200204425,2020/03/12,16:10:00,COLISIÓN POR CAMBIO DE CARRIL,ASFALTO,Bueno,Bueno,2,NISSAN,GRIS,2,,,FEMENINO,SIN DATOS,0,0,Morelia,Vasco de Quiroga,marzo,jueves,16,-101.171026988099,19.6976785913658
28369,28374,2020,LEG29921,2020/03/12,16:55:00,COLISIÓN POR CAMBIO DE CARRIL,ASFALTO,Bueno,Bueno,2,VOLKSWAGEN,ROJO,2,,30,MASCULINO,SIN DATOS,0,0,Morelia,Vistas de Altozano,marzo,jueves,17,-101.167,19.6551
28370,28375,2020,LEG29914,2020/03/12,17:40:00,COLISIÓN CONTRA OBJETO FIJO,ASFALTO,Bueno,Bueno,1,NISSAN,BLANCO,1,,25,MASCULINO,SIN DATOS,0,0,Morelia,Santa Maria de Guido,marzo,jueves,18,-101.19434331,19.6762053849992
28371,28376,2020,MOR200204977,2020/03/12,18:30:00,COLISIÓN POR CORTE DE CIRCULACIÓN,ASFALTO,Nublado,Bueno,2,CHEVROLET,GRIS,2,,,MASCULINO,SIN DATOS,0,0,Morelia,Camelinas,marzo,jueves,19,-101.17262119,19.6818144849991
28373,28378,2020,,2020/03/12,21:47:00,COLISIÓN POR CAMBIO DE CARRIL,ASFALTO,Bueno,Bueno,2,HONDA,PLATA,2,MINISTERIO PÚBLICO,,,SIN DATOS,0,0,Tacámbaro,Sin datos,marzo,jueves,22,-101.449457444251,19.1945555065432
28374,28379,2020,,2020/03/12,23:00:00,COLISIÓN CON PEATÓN,SIN_DATOS,Bueno,Bueno,1,HONDA,BLANCO,1,MINISTERIO PÚBLICO,20,MASCULINO,SIN DATOS,0,0,Morelia,Poblado de Ocolusen,marzo,jueves,23,-101.155088675,19.6951327349991
28375,28380,2020,MOR200021,2020/03/12,70:50:00,COLISIÓN POR CORTE DE CIRCULACIÓN,ASFALTO,Bueno,Bueno,2,VOLKSWAGEN,BLANCO,2,,28,MASCULINO,SIN DATOS,0,0,Morelia,Elias Perez Avalos,marzo,jueves,,-101.167813022979,19.7136335493406
28377,28382,2020,,2020/03/13,"00:00:00",COLISIÓN POR CAMBIO DE CARRIL,ASFALTO,Bueno,Bueno,2,KENWORTH,AZUL,2,,0,MASCULINO,SIN DATOS,0,0,Morelia,Centro,marzo,viernes,0,-101.18754847,19.7028479949991
28378,28383,2020,MOR200205913,2020/03/13,"05:50:00",COLISIÓN CONTRA OBJETO FIJO,CONCRETO,Bueno,Bueno,1,NISSAN,GUINDA,1,,24,MASCULINO,SIN DATOS,0,0,Morelia,Vasco de Quiroga,marzo,viernes,6,-101.16716515,19.6992678299991
28379,28384,2020,LEG29952,2020/03/13,"06:30:00",COLISIÓN CONTRA OBJETO FIJO,ASFALTO,Bueno,Bueno,1,BMW,PLATA,0,MINISTERIO PÚBLICO,,,,0,0,Morelia,Los Angeles,marzo,viernes,7,-101.167963479351,19.7444751194994
28380,28385,2020,,2020/03/13,"07:50:00",COLISIÓN POR INVASIÓN DE CARRIL,ASFALTO,Bueno,Bueno,2,MAZDA,GRIS,2,,32,FEMENINO,SIN DATOS,0,0,Los Reyes,Sin datos,marzo,viernes,8,-102.442652620375,19.5811805333676
28381,28386,2020,,2020/03/13,"08:00:00",COLISIÓN POR CAMBIO DE CARRIL,ASFALTO,Bueno,Bueno,2,BMW,Blanco,2,,,,SIN DATOS,0,0,Morelia,Primo Tapia Oriente,marzo,viernes,8,-101.157636791468,19.7140303357898
28382,28387,2020,,2020/03/13,"08:40:00",CAIDA DE MOTOCICLETA,CONCRETO,Bueno,Bueno,1,KURAZAI,NEGRO Y ROJO,1,,33,MASCULINO,SIN DATOS,0,0,Morelia,Ignacio Zaragoza,marzo,viernes,9,-101.205409616232,19.7250080245787
28383,28388,2020,LEG29934,2020/03/13,"09:20:00",COLISIÓN POR CAMBIO DE CARRIL,ASFALTO,Bueno,Bueno,2,NISSAN,GRIS,2,,54,FEMENINO,SIN DATOS,0,0,Morelia,Xangari,marzo,viernes,9,-101.219623120327,19.6720670459846
28384,28389,2020,,2020/03/13,"09:20:00",COLISIÓN POR CAMBIO DE CARRIL,ASFALTO,Bueno,Bueno,2,NISSAN,GRIS,2,,54,FEMENINO,SIN DATOS,0,0,Morelia,Xangari,marzo,viernes,9,-101.219623120327,19.6720670459846
28385,28390,2020,,2020/03/13,12:13:00,COLISIÓN POR CORTE DE CIRCULACIÓN,ASFALTO,Bueno,Bueno,2,Nissan,Blanco,2,,,MASCULINO,SIN DATOS,0,0,Morelia,Prados Verdes,marzo,viernes,12,-101.197380423546,19.7135281757655
28386,28391,2020,MOR200203869,2020/03/13,13:00:00,COLISIÓN POR ALCANCE,ASFALTO,Bueno,Bueno,2,NISSAN,PLATA,2,,31,FEMENINO,SIN DATOS,0,0,Morelia,Lomas de Morelia (Dr Ignacio Chavez),marzo,viernes,13,-101.175452644618,19.7162004988672
28387,28392,2020,,2020/03/13,13:30:00,COLISIÓN CONTRA OBJETO FIJO,ASFALTO,Bueno,Bueno,2,NISSAN,NEGRO,1,,25,MASCULINO,SIN DATOS,0,0,Morelia,Martires de Uruapan,marzo,viernes,14,-101.198011413217,19.7277550115475
28388,28393,2020,,2020/03/13,15:00:00,COLISIÓN CONTRA OBJETO FIJO,ASFALTO,Bueno,Bueno,1,Nissan,Oro,1,,55,MASCULINO,SIN DATOS,0,0,Morelia,Obrera,marzo,viernes,15,-101.186696179211,19.7112310339386
28389,28394,2020,,2020/03/13,15:20:00,COLISIÓN POR CORTE DE CIRCULACIÓN,ASFALTO,Bueno,Bueno,2,Honda,Negro,2,,,,SIN DATOS,0,0,Morelia,Centro,marzo,viernes,15,-101.18787266314,19.6991277269121
28390,28395,2020,LEG29933,2020/03/13,15:20:00,COLISIÓN POR ALCANCE,ASFALTO,Lluvioso,Bueno,3,HYUNDAI,PLATA,3,,0,MASCULINO,SIN DATOS,0,0,Morelia,Cuauhtemoc,marzo,viernes,15,-101.17854569,19.6974281599991
28391,28396,2020,,2020/03/13,15:50:00,COLISIÓN POR CORTE DE CIRCULACIÓN,ASFALTO,Bueno,Bueno,2,ITALIKA Z125,NEGRO/ROJO,1,MINISTERIO PÚBLICO,,,,1,0,Morelia,Libertad,marzo,viernes,16,-101.237160935998,19.6854795149625
28392,28397,2020,,2020/03/13,17:00:00,COLISIÓN POR INVASIÓN DE CARRIL,ASFALTO,Bueno,Bueno,2,TOYOTA,BLANCO,2,,30,MASCULINO,SIN DATOS,0,0,Morelia,Fovissste La Huerta,marzo,viernes,17,-101.212283545,19.6922831999991
28393,28398,2020,,2020/03/13,17:01:00,COLISIÓN CONTRA OBJETO FIJO,ASFALTO,Lluvioso,Bueno,1,Volkswagen,Blanco,1,,,MASCULINO,SIN DATOS,0,0,Morelia,Club de Golf Tres Marias,marzo,viernes,17,-101.112488843501,19.7056802607398
28394,28399,2020,,2020/03/13,17:25:00,COLISIÓN POR ALCANCE,ASFALTO,Lluvioso,Bueno,2,VOLVO,BLANCO,1,,32,MASCULINO,SIN DATOS,0,0,Morelia,Jardines de La Loma,marzo,viernes,17,-101.225634142756,19.6767068090171
28396,28401,2020,,2020/03/13,19:30:00,COLISIÓN POR CORTE DE CIRCULACIÓN,ASFALTO,Lluvioso,Bueno,2,HYUNDAI,ROJO,2,,29,FEMENINO,SIN DATOS,0,0,Morelia,Molino de Parras,marzo,viernes,20,-101.20531916,19.6997615999991
28397,28402,2020,,2020/03/13,19:38:00,COLISIÓN CONTRA OBJETO FIJO,ASFALTO,Lluvioso,Bueno,1,Dodge,Negro,1,,,,SIN DATOS,0,0,Morelia,Montaña Monarca,marzo,viernes,20,-101.161372773349,19.6725992029362
28398,28403,2020,,2020/03/13,20:00:00,COLISIÓN POR ALCANCE,ASFALTO,Bueno,Bueno,2,NISSAN,VERDE,2,,49,MASCULINO,SIN DATOS,0,0,Salvador Escalante,Centro,marzo,viernes,20,-101.641676764731,19.4051710507473
28400,28405,2020,,2020/03/13,20:30:00,COLISIÓN CON PEATÓN,SIN_DATOS,Bueno,Bueno,2,Nissan,Blanco,2,MINISTERIO PÚBLICO,0,,SIN DATOS,0,0,Morelia,Ignaci0 Ramirez,marzo,viernes,21,-101.22249931097,19.7269426607142
28402,28407,2020,,2020/03/14,"00:00:00",COLISIÓN POR CORTE DE CIRCULACIÓN,CONCRETO,Bueno,Bueno,1,TOYOTA,BLANCO,2,,30,MASCULINO,SIN DATOS,1,0,Morelia,Jose Trinidad Guido,marzo,sábado,0,-101.186959245761,19.6681340067212
28403,28408,2020,,2020/03/14,"00:05:00",SALIDA DE SUPERFICIE DE RODAMIENTO,ASFALTO,Bueno,Bueno,1,NISSAN SENTRA,GUINDA,1,,29,MASCULINO,ALIENTO ETÍLICO,0,0,Tarímbaro,Sin datos,marzo,sábado,0,-101.181351,19.75099
28404,28409,2020,,2020/03/14,"00:15:00",COLISIÓN POR CORTE DE CIRCULACIÓN,ASFALTO,Nublado,Bueno,1,VOLKSWAGEN,GRIS,1,,,MASCULINO,SIN DATOS,0,0,Morelia,Alberto Oviedo Mota,marzo,sábado,0,-101.196140686849,19.6817272495021
28405,28410,2020,,2020/03/14,"01:30:00",COLISIÓN CONTRA OBJETO FIJO,ASFALTO,Bueno,Bueno,1,NISSAN,BLANCO,1,MINISTERIO PÚBLICO,,,SIN DATOS,0,0,Morelia,Cuauhtemoc,marzo,sábado,2,-101.17854569,19.6974281599991
28406,28411,2020,,2020/03/14,"04:30:00",VOLCADURA,ASFALTO,Bueno,Bueno,1,FORD,ROJO,2,,32,MASCULINO,SIN DATOS,1,0,Morelia,Sin datos,marzo,sábado,5,-101.313591805995,19.626744
28407,28412,2020,,2020/03/14,"07:55:00",COLISIÓN POR CAMBIO DE CARRIL,CONCRETO,Bueno,Bueno,2,NISSAN,AZUL,2,,78,MASCULINO,SIN DATOS,0,0,Morelia,Erendira,marzo,sábado,8,-101.16592641,19.7040698999991
28408,28413,2020,,2020/03/14,"08:45:00",VOLCADURA,ASFALTO,Bueno,Bueno,1,FORD,BLANCO,1,,39,MASCULINO,SIN DATOS,0,0,Tocumbo,Sin datos,marzo,sábado,9,-102.493451312184,19.6741366867602
28409,28414,2020,MOR200209553,2020/03/14,"09:00:00",COLISIÓN POR CORTE DE CIRCULACIÓN,CONCRETO,Bueno,Bueno,2,NISSAN,BLANCO,2,,35,FEMENINO,SIN DATOS,0,0,Morelia,Primo Tapia Oriente,marzo,sábado,9,-101.160671657864,19.7148130515494
28410,28415,2020,,2020/03/14,12:00:00,COLISIÓN POR CORTE DE CIRCULACIÓN,ASFALTO,Bueno,Bueno,2,ITALIKA,AZUL,4,MINISTERIO PÚBLICO,12,MASCULINO,SIN DATOS,2,0,Pátzcuaro,Centro,marzo,sábado,12,-101.617255434394,19.5174757976817
28413,28418,2020,,2020/03/14,15:56:00,COLISIÓN POR INVASIÓN DE CARRIL,ASFALTO,Lluvioso,Regular,2,FORD,ROJO,2,,24,MASCULINO,SIN DATOS,0,0,Morelia,Sin datos,marzo,sábado,16,-101.347977,19.546023
28414,28419,2020,LEG29954,2020/03/14,17:30:00,COLISIÓN POR CAMBIO DE CARRIL,ASFALTO,Bueno,Bueno,2,FORD,BLANCO,2,,24,MASCULINO,SIN DATOS,0,0,Morelia,Tzindurio Norte,marzo,sábado,18,-101.2467545,19.704421
28415,28420,2020,,2020/03/14,21:52:00,COLISIÓN POR CAMBIO DE CARRIL,CONCRETO,Bueno,Bueno,2,TOYOTA,BLANCO Y GUINDA,2,,30,MASCULINO,SIN DATOS,0,0,Morelia,Gustavo Diaz Ordaz,marzo,sábado,22,-101.20599683,19.6941365749992
28416,28421,2020,,2020/03/14,23:00:00,COLISIÓN CONTRA OBJETO FIJO,ASFALTO,Bueno,Bueno,1,FORD,ROJO,1,MINISTERIO PÚBLICO,33,MASCULINO,SIN DATOS,0,0,Zitácuaro,Sin datos,marzo,sábado,23,-100.263834,19.457128
28417,28422,2020,,2020/03/15,"00:00:00",COLISIÓN CONTRA OBJETO FIJO,CONCRETO,Bueno,Bueno,1,Seat,Gris,1,,28,MASCULINO,ALIENTO ETÍLICO,0,0,Morelia,Villas Lomas del Paraiso,marzo,domingo,0,-101.181654632092,19.6753158353039
28418,28423,2020,,2020/03/15,"00:00:00",COLISIÓN POR CORTE DE CIRCULACIÓN,ASFALTO,Bueno,Bueno,2,VOLKSWAGEN,NEGRO,0,MINISTERIO PÚBLICO,,,,0,0,Lázaro Cárdenas,Centro,marzo,domingo,0,-102.193349674344,17.9555098651516
28419,28424,2020,,2020/03/15,"00:00:00",COLISIÓN POR CORTE DE CIRCULACIÓN,SIN_DATOS,Bueno,Bueno,2,JEEP,NEGRO,1,MINISTERIO PÚBLICO,,MASCULINO,SIN DATOS,0,0,Lázaro Cárdenas,Sin datos,marzo,domingo,0,-102.228232137859,17.9353911453354
28420,28425,2020,LEG29953,2020/03/15,"04:00:00",COLISIÓN CONTRA OBJETO FIJO,ASFALTO,Bueno,Bueno,1,PEUGEOT,BLANCO Y AZUL,0,,,,,0,0,Morelia,Alberto Oviedo Mota,marzo,domingo,4,-101.201989799738,19.6775386724557
28421,28426,2020,,2020/03/15,10:00:00,SUBIDA AL CAMELLÓN,ASFALTO,Bueno,Bueno,1,Chevrolet,Gris,0,,,,,0,0,Morelia,Camelinas,marzo,domingo,10,-101.174210831523,19.681922379357
28422,28427,2020,MOR200873463,2020/03/15,11:00:00,COLISIÓN POR CORTE DE CIRCULACIÓN,CONCRETO,Bueno,Bueno,4,FORD,BLANCO Y ROSA,3,MINISTERIO PÚBLICO,45,,SIN DATOS,0,0,Morelia,Nueva Chapultepec,marzo,domingo,11,-101.169949136674,19.6895972079906
28423,28428,2020,,2020/03/15,12:00:00,COLISIÓN POR ALCANCE,ASFALTO,Bueno,Bueno,2,Mercedes Benz,Blanco y naranja,2,,36,,SIN DATOS,0,0,Morelia,Granjas Unidas de Morelia,marzo,domingo,12,-101.279533803463,19.6912955203305
28424,28429,2020,,2020/03/15,12:00:00,COLISIÓN POR CORTE DE CIRCULACIÓN,ASFALTO,Bueno,Bueno,2,NISSAN,GRIS,3,MINISTERIO PÚBLICO,0,MASCULINO,SIN DATOS,1,0,Pátzcuaro,Centro,marzo,domingo,12,-101.612009368837,19.5392740326287
28425,28430,2020,,2020/03/15,14:05:00,COLISIÓN POR CORTE DE CIRCULACIÓN,ASFALTO,Bueno,Bueno,1,CRYSLER,AZUL,1,,36,MASCULINO,SIN DATOS,0,0,Salvador Escalante,Centro,marzo,domingo,14,-101.640630215406,19.4054282039052
28426,28431,2020,MOR200210895,2020/03/15,16:00:00,COLISIÓN POR ALCANCE,ASFALTO,Nublado,Bueno,2,TOYOTA,BLANCO GRIS,2,,0,MASCULINO,SIN DATOS,0,0,Morelia,Enrique Ramirez,marzo,domingo,16,-101.16531830281,19.709431930324
28427,28432,2020,,2020/03/15,18:00:00,COLISIÓN POR INVASIÓN DE CARRIL,ASFALTO,Lluvioso,Regular,3,CHEVROLET SILVERADO,AZUL,2,MINISTERIO PÚBLICO,32,FEMENINO,SIN DATOS,0,0,Salvador Escalante,Cuirinditzio,marzo,domingo,18,-101.627128981054,19.4097193814366
28428,28433,2020,,2020/03/15,18:50:00,COLISIÓN POR ALCANCE,ASFALTO,Nublado,Bueno,2,ISUKA,AZUL Y NEGRO,3,MINISTERIO PÚBLICO,20,FEMENINO,ALIENTO ETÍLICO,1,0,Zacapu,Sin datos,marzo,domingo,19,-101.771688647568,19.8671718346906
28429,28434,2020,,2020/03/15,21:15:00,COLISIÓN POR INVASIÓN DE CARRIL,ASFALTO,Bueno,Bueno,2,KIA,ROJO,2,,53,MASCULINO,SIN DATOS,0,0,Peribán,Sin datos,marzo,domingo,21,-102.44525000453,19.5529871105244
28430,28435,2020,MOR200212068,2020/03/15,21:40:00,COLISIÓN POR ALCANCE,ASFALTO,Bueno,Bueno,3,FORD,BLANCO,3,,0,MASCULINO,SIN DATOS,0,0,Morelia,Insurgentes,marzo,domingo,22,-101.155046448112,19.6951753703881
28431,28436,2020,,2020/03/15,22:25:00,SALIDA DE SUPERFICIE DE RODAMIENTO,ASFALTO,Bueno,Bueno,1,NISSAN,BLANCO,0,,,,,0,0,Peribán,Sin datos,marzo,domingo,22,-102.437375374138,19.485174032191
28432,28437,2020,LEG29964,2020/03/16,"00:00:00",COLISIÓN CONTRA OBJETO FIJO,ASFALTO,Lluvioso,Bueno,2,JEEP,GRIS,2,MINISTERIO PÚBLICO,0,,SIN DATOS,0,0,Morelia,Villas Lancaster,marzo,lunes,0,-101.147437021136,19.7025579056251
28433,28438,2020,,2020/03/16,"02:00:00",COLISIÓN POR CAMBIO DE CARRIL,ASFALTO,Lluvioso,Malo,2,CHEVROLET,GRIS,2,,66,MASCULINO,SIN DATOS,0,0,Morelia,Lomas del Tecnologico,marzo,lunes,2,-101.188390664756,19.7211778177879
28434,28439,2020,,2020/03/16,"02:50:00",COLISIÓN CONTRA OBJETO FIJO,ASFALTO,Lluvioso,Bueno,1,AUDI,GRIS,1,,31,MASCULINO,SIN DATOS,0,0,Morelia,Sin datos,marzo,lunes,3,-101.151756048203,19.6694951454709
28435,28440,2020,,2020/03/16,"05:45:00",SUBIDA AL CAMELLÓN,ASFALTO,Bueno,Bueno,1,Dodge,Guinda,1,,,,SIN DATOS,0,0,Morelia,Sin datos,marzo,lunes,6,-101.304400227964,19.6876747471923
28436,28441,2020,,2020/03/16,"06:50:00",COLISIÓN POR ALCANCE,ASFALTO,Bueno,Bueno,2,NISSAN,GRIS,2,,32,MASCULINO,SIN DATOS,0,0,Salvador Escalante,Lazaro Cardenas,marzo,lunes,7,-101.65372107178,19.4007093590503
28437,28442,2020,LEG29970,2020/03/16,"08:30:00",COLISIÓN POR CORTE DE CIRCULACIÓN,ASFALTO,Bueno,Bueno,1,FORD,NEGRO,1,,32,MASCULINO,CON CERTIFICADO,0,0,Morelia,Niño Artillero,marzo,lunes,9,-101.255897171795,19.6974888412992
28438,28443,2020,LEG29973,2020/03/16,10:09:00,COLISIÓN POR CORTE DE CIRCULACIÓN,ASFALTO,Bueno,Bueno,2,DODGE,PLATA,2,,36,MASCULINO,SIN DATOS,0,0,Morelia,Comision Federal de Electricidad,marzo,lunes,10,-101.177836842835,19.6816006927159
28439,28444,2020,LEG29969,2020/03/16,11:30:00,COLISIÓN POR ALCANCE,ASFALTO,Bueno,Bueno,2,NISSAN,BLANCO,2,,40,MASCULINO,SIN DATOS,0,0,Morelia,Primo Tapia,marzo,lunes,12,-101.211796291173,19.7090831543865
28440,28445,2020,,2020/03/16,14:20:00,COLISIÓN POR CORTE DE CIRCULACIÓN,ASFALTO,Nublado,Regular,2,Italika,Naranja,2,,29,MASCULINO,SIN DATOS,0,0,Morelia,Eva Samano,marzo,lunes,14,-101.199439354241,19.7314348396578
28441,28446,2020,MOR200216523,2020/03/16,14:21:00,COLISIÓN POR CAMBIO DE CARRIL,ASFALTO,Bueno,Bueno,2,CHEVROLET,ROJO,2,,53,MASCULINO,SIN DATOS,0,0,Morelia,Poblado de Ocolusen,marzo,lunes,14,-101.150135993958,19.6918116395633
28442,28447,2020,LEG29968,2020/03/16,14:50:00,CAIDA DE MOTOCICLETA,ASFALTO,Bueno,Regular,1,YAMAHA,NEGRO,1,,30,,SIN DATOS,0,0,Morelia,Jose Ma Pino Suarez,marzo,lunes,15,-101.164571642876,19.7255511768277
28443,28448,2020,,2020/03/16,16:15:00,SALIDA DE SUPERFICIE DE RODAMIENTO,ASFALTO,Bueno,Bueno,1,CHEVROLET CORSA,BLANCO,1,,36,MASCULINO,SIN DATOS,0,0,Salvador Escalante,Cuirinditzio,marzo,lunes,16,-101.623716205359,19.4108878143636
28444,28449,2020,LEG29971,2020/03/16,16:30:00,COLISIÓN CONTRA OBJETO FIJO,CONCRETO,Bueno,Bueno,2,SUZUKI,GRIS,2,,70,MASCULINO,SIN DATOS,0,0,Morelia,Villa de Santa Maria,marzo,lunes,17,-101.167614273727,19.6559647056847
28445,28450,2020,,2020/03/17,"03:00:00",COLISIÓN CONTRA OBJETO FIJO,ASFALTO,Bueno,Bueno,1,DODGE,BLANCO/AZUL,1,MINISTERIO PÚBLICO,,,,0,1,Lázaro Cárdenas,Lirios,marzo,martes,3,-102.208041138947,17.9678899933805
28446,28451,2020,,2020/03/17,"08:50:00",COLISIÓN POR INVASIÓN DE CARRIL,ASFALTO,Bueno,Bueno,2,VOLKSWAGEN,AZUL,2,,47,FEMENINO,SIN DATOS,0,0,Morelia,Praderas del Indio,marzo,martes,9,-101.223494028547,19.6450845894654