fid,id_accidente,anio_origen,folio_c5i,dia_incidente,hora_ocurrencia,tipo_incidente_vial,superficie_ocurrencia,condiciones_climaticas,condiciones_via,numero_vehiculos_involucrados,marca_vehiculo_ocasiona_siniestro,color_vehiculo_ocasiona_siniestro,numero_personas_involucradas,lugar_remite_presunto_responsable,edad_presunto_responsable,sexo_presunto_responsable,resultados_toxicologia,numero_personas_lesionadas,numero_personas_fallecidas,municipio,colonia,mes,dia_semana,hora_redondeada,lon,lat
28447,28452,2020,MOR200012348,2020/03/17,"09:40:00",COLISIÓN POR CORTE DE CIRCULACIÓN,ASFALTO,Bueno,Bueno,2,CHEVROLET,ROJO,1,,28,MASCULINO,SIN DATOS,0,0,Morelia,Melchor Ocampo,marzo,martes,10,-101.201937888211,19.7065671597378
28448,28453,2020,,2020/03/17,10:23:00,SUBIDA AL CAMELLÓN,ASFALTO,Bueno,Bueno,1,KIA,BLANCO,1,,,MASCULINO,SIN DATOS,0,0,Morelia,Las Cumbres(Mil Cumbres),marzo,martes,10,-101.11101,19.68715
28449,28454,2020,,2020/03/17,12:00:00,COLISIÓN POR CORTE DE CIRCULACIÓN,ASFALTO,Bueno,Bueno,2,FORD,BLANCO,0,,,,,0,0,Pátzcuaro,Centro,marzo,martes,12,-101.607394628227,19.5260517936854
28452,28457,2020,,2020/03/17,14:10:00,COLISIÓN POR ALCANCE,ASFALTO,Bueno,Bueno,2,NISSAN,ROJO,2,,29,MASCULINO,SIN DATOS,0,0,Morelia,Carlos Salazar,marzo,martes,14,-101.209658559066,19.7124165765648
28453,28458,2020,,2020/03/17,14:26:00,SALIDA DE SUPERFICIE DE RODAMIENTO,ASFALTO,Bueno,Bueno,1,Mitsubishi,Blanco,1,,,MASCULINO,SIN DATOS,0,0,Morelia,Sin datos,marzo,martes,14,-101.119522601366,19.7305795869972
28455,28460,2020,LEG29998,2020/03/17,15:00:00,COLISIÓN POR CAMBIO DE CARRIL,ASFALTO,Bueno,Bueno,4,FORD,BLANCO,2,,,MASCULINO,SIN DATOS,0,0,Morelia,Praderas del Indio,marzo,martes,15,-101.223494028547,19.6450845894654
28456,28461,2020,,2020/03/17,15:10:00,COLISIÓN POR CAMBIO DE CARRIL,ASFALTO,Bueno,Bueno,2,DINA,AMARILLO,2,,44,MASCULINO,SIN DATOS,0,0,Morelia,El Parian,marzo,martes,15,-101.269916323849,19.6880710777962
28457,28462,2020,,2020/03/17,15:20:00,COLISIÓN POR CAMBIO DE CARRIL,ASFALTO,Bueno,Bueno,2,INTERNATIONAL,BLANCO,2,,38,MASCULINO,SIN DATOS,0,0,Morelia,Cosmos,marzo,martes,15,-101.216771118343,19.6827614765051
28458,28463,2020,LEG30010,2020/03/17,16:00:00,COLISIÓN POR CAMBIO DE CARRIL,ASFALTO,Bueno,Bueno,2,MERCEDES BENZ,"BLANCO, ROJO Y NEGRO",2,,,MASCULINO,SIN DATOS,0,0,Morelia,Prados Verdes,marzo,martes,16,-101.197062246501,19.7166743038213
28459,28464,2020,MOR200219628,2020/03/17,17:00:00,VOLCADURA,ASFALTO,Bueno,Bueno,1,FORD,AZUL,1,,53,,SIN DATOS,0,0,Charo,Sin datos,marzo,martes,17,-101.069174855948,19.7437846824595
28460,28465,2020,,2020/03/17,18:50:00,COLISIÓN CON PEATÓN,SIN_DATOS,Bueno,Bueno,2,SUZUKI,PLATA,2,,32,FEMENINO,SIN DATOS,0,0,Morelia,Chapultepec Oriente,marzo,martes,19,-101.159540464476,19.6909550571698
28461,28466,2020,MOR200059474,2020/03/17,20:40:00,VOLCADURA,ASFALTO,Bueno,Bueno,1,CHRYSLER,BLANCO Y ROJO,1,,77,MASCULINO,SIN DATOS,0,0,Morelia,Lomas de San Juan,marzo,martes,21,-101.183039681886,19.7298664251429
28462,28467,2020,,2020/03/17,20:55:00,COLISIÓN CON PEATÓN,ASFALTO,Bueno,Bueno,1,FORD,BLANCO,1,,,,,1,0,Morelia,Mariano Michelena,marzo,martes,21,-101.230036318302,19.6769281135262
28463,28468,2020,,2020/03/17,21:30:00,COLISIÓN POR CORTE DE CIRCULACIÓN,ASFALTO,Bueno,Bueno,2,ITALIKA,NEGRO/VERDE,2,,26,MASCULINO,SIN DATOS,0,0,Peribán,Sin datos,marzo,martes,22,-102.447962388396,19.5559231286465
28464,28469,2020,,2020/03/17,22:00:00,COLISIÓN CONTRA OBJETO FIJO,CONCRETO,Bueno,Bueno,1,VOLKSWAGEN,GRIS,0,,,,,0,0,Morelia,Ciudad Jardin,marzo,martes,22,-101.2510592,19.7030881249991
28465,28470,2020,,2020/03/18,"00:00:00",COLISIÓN POR CAMBIO DE CARRIL,ASFALTO,Bueno,Bueno,2,MAZDA,ROJO,2,,54,FEMENINO,SIN DATOS,0,0,Morelia,Camelinas,marzo,miércoles,0,-101.17262119,19.6818144849991
28467,28472,2020,,2020/03/18,11:30:00,COLISIÓN POR CAMBIO DE CARRIL,ASFALTO,Bueno,Bueno,2,MERCEDES BENZ,BLANCO Y VERDE,2,,0,MASCULINO,SIN DATOS,0,0,Morelia,Nueva Valladolid,marzo,miércoles,12,-101.209710203111,19.7020124657258
28468,28473,2020,LEG30025,2020/03/18,11:50:00,COLISIÓN POR CORTE DE CIRCULACIÓN,ASFALTO,Bueno,Bueno,2,RENAULT,GRIS,2,,32,MASCULINO,SIN DATOS,0,0,Morelia,Camelinas,marzo,miércoles,12,-101.17262119,19.6818144849991
28469,28474,2020,,2020/03/18,12:25:00,CAIDA DE MOTOCICLETA,ASFALTO,Bueno,Bueno,1,HONDA,BLANCO,3,,18,MASCULINO,SIN DATOS,2,0,Pátzcuaro,Centro,marzo,miércoles,12,-101.617677882314,19.5162060603461
28471,28476,2020,MOR200219239,2020/03/18,14:45:00,COLISIÓN POR CAMBIO DE CARRIL,ASFALTO,Bueno,Bueno,1,DINA,AMARILLO,1,,25,MASCULINO,SIN DATOS,0,0,Morelia,Alberto Oviedo Mota,marzo,miércoles,15,-101.202149391174,19.6774354395427
28472,28477,2020,,2020/03/18,16:55:00,COLISIÓN POR CAMBIO DE CARRIL,ASFALTO,Bueno,Bueno,2,NAVISTAR,BLANCO Y AZUL,2,,23,MASCULINO,SIN DATOS,0,0,Morelia,Tenencia Morelos,marzo,miércoles,17,-101.247159205377,19.6493226748598
28473,28478,2020,,2020/03/18,17:50:00,COLISIÓN CON PEATÓN,CONCRETO,Bueno,Bueno,1,FORD,ROJO,2,,33,FEMENINO,SIN DATOS,1,0,Los Reyes,Oasis de Itzicuaro,marzo,miércoles,18,-102.463096082211,19.5827375294085
28474,28479,2020,MOR200222871,2020/03/18,18:28:00,COLISIÓN POR CORTE DE CIRCULACIÓN,ASFALTO,Bueno,Bueno,2,DODGE,BLANCO,2,,22,MASCULINO,SIN DATOS,0,0,Morelia,Adolfo Lopez Mateos,marzo,miércoles,18,-101.225165915,19.6972738249991
28475,28480,2020,LEG30027,2020/03/18,20:00:00,COLISIÓN POR CAMBIO DE CARRIL,ASFALTO,Bueno,Bueno,2,FORD,GRIS,2,,62,MASCULINO,SIN DATOS,0,0,Morelia,Ejidal Ocolusen,marzo,miércoles,20,-101.15218698,19.6838212849992
28476,28481,2020,,2020/03/18,21:00:00,COLISIÓN POR ALCANCE,CONCRETO,Bueno,Bueno,2,NISSAN,MARRON,2,,20,FEMENINO,SIN DATOS,0,0,Morelia,Santa Maria de Guido,marzo,miércoles,21,-101.1923323094,19.6746220329022
28478,28483,2020,,2020/03/19,"07:30:00",COLISIÓN CONTRA OBJETO FIJO,ASFALTO,Bueno,Bueno,1,Va,BLANCO/AMARILLO,1,,37,MASCULINO,SIN DATOS,0,0,Los Reyes,Sin datos,marzo,jueves,8,-102.414031438529,19.5933312732029
28479,28484,2020,LEG30036,2020/03/19,"09:15:00",COLISIÓN POR CAMBIO DE CARRIL,ASFALTO,Bueno,Bueno,2,NISSAN,BLANCO/AZUL,2,,58,MASCULINO,SIN DATOS,0,0,Morelia,Vicente Lombardo Toledano (Ejidal Isacc Arriaga) (Etnias de Mexico),marzo,jueves,9,-101.148963285,19.7114250249991
28481,28486,2020,LEG30039,2020/03/19,11:05:00,COLISIÓN POR ALCANCE,ASFALTO,Bueno,Bueno,2,CHEVROLET,BLANCO,2,,41,MASCULINO,SIN DATOS,0,0,Morelia,Terrazas del Campestre,marzo,jueves,11,-101.157935179695,19.6864272393804
28482,28487,2020,LEG30022,2020/03/19,11:10:00,COLISIÓN POR CORTE DE CIRCULACIÓN,ASFALTO,Bueno,Bueno,2,FORD,ROJO/NEGRO,2,,49,MASCULINO,SIN DATOS,0,0,Tzitzio,Tzitzio,marzo,jueves,11,-100.922709,19.584913
28483,28488,2020,,2020/03/19,11:40:00,COLISIÓN CON PEATÓN,ASFALTO,Bueno,Bueno,1,HONDA,BLANCO,2,,35,MASCULINO,SIN DATOS,1,0,Morelia,La Loma,marzo,jueves,12,-101.1827400344,19.6793921923496
28484,28489,2020,,2020/03/19,12:41:00,COLISIÓN POR CORTE DE CIRCULACIÓN,ASFALTO,Bueno,Bueno,2,MITZUBISHI,ROJO,2,,,FEMENINO,SIN DATOS,0,0,Morelia,Tinijaro,marzo,jueves,13,-101.26316,19.6963297049991
28485,28490,2020,,2020/03/19,16:00:00,COLISIÓN POR CORTE DE CIRCULACIÓN,CONCRETO,Bueno,Bueno,2,NISSAN,BCO/ROSA,2,,22,MASCULINO,SIN DATOS,0,0,Morelia,Indeco Expropiacion Petrolera,marzo,jueves,16,-101.225876265,19.6858924999992
28487,28492,2020,,2020/03/19,19:12:00,COLISIÓN POR ALCANCE,ASFALTO,Bueno,Bueno,3,HONDA,ROJO,3,MINISTERIO PÚBLICO,,,SIN DATOS,0,0,Tacámbaro,Sin datos,marzo,jueves,19,-101.49916883558,19.2234999443331
28488,28493,2020,LEG30041,2020/03/19,19:52:00,COLISIÓN POR CAMBIO DE CARRIL,ASFALTO,Bueno,Bueno,2,JEEP,BLANCO,2,,0,MASCULINO,SIN DATOS,0,0,Morelia,Ciudad Industrial,marzo,jueves,20,-101.14554366932,19.7284851395985
28490,28495,2020,,2020/03/19,21:00:00,CAIDA DE MOTOCICLETA,ASFALTO,Bueno,Bueno,1,KEEWAY,NARANJA,1,,16,MASCULINO,SIN DATOS,0,0,Morelia,Vistas de Altozano,marzo,jueves,21,-101.167,19.6551
28491,28496,2020,,2020/03/19,21:10:00,COLISIÓN POR NO RESPETAR SEMÁFORO,ASFALTO,Bueno,Bueno,2,ITALIKA,GRIS,2,MINISTERIO PÚBLICO,31,MASCULINO,SIN DATOS,0,0,Morelia,Santillan La Huerta,marzo,jueves,21,-101.219553885717,19.6760966650679
28492,28497,2020,MOR200223659,2020/03/19,23:20:00,COLISIÓN POR CORTE DE CIRCULACIÓN,CONCRETO,Bueno,Bueno,2,VOLKSWAGEN,GRIS,2,MINISTERIO PÚBLICO,46,MASCULINO,SIN DATOS,0,0,Morelia,Leona Vicario,marzo,jueves,23,-101.21179193,19.6689065799991
28493,28498,2020,LEG30042,2020/03/20,"00:50:00",COLISIÓN POR ALCANCE,ASFALTO,Bueno,Bueno,2,FORD,AMARILLO,2,,29,MASCULINO,SIN DATOS,0,0,Morelia,Las Americas,marzo,viernes,1,-101.159016788006,19.6879667480613
28494,28499,2020,,2020/03/20,"03:00:00",COLISIÓN CONTRA OBJETO FIJO,ASFALTO,Bueno,Bueno,1,DODGE,BLANCO/ VERDE,0,MINISTERIO PÚBLICO,,,,0,0,Lázaro Cárdenas,Lirios,marzo,viernes,3,-102.20803909681,17.9678862822522
28495,28500,2020,,2020/03/20,"04:30:00",COLISIÓN CONTRA OBJETO FIJO,CONCRETO,Bueno,Bueno,1,MAGNO AICO,BLANCO,1,MINISTERIO PÚBLICO,,,SIN DATOS,0,0,Morelia,Obrera,marzo,viernes,5,-101.182860991234,19.7107343876966
28496,28501,2020,"200226934",2020/03/20,"08:50:00",COLISIÓN POR CORTE DE CIRCULACIÓN,ASFALTO,Bueno,Bueno,2,SUZUKI,PLATA,2,,35,FEMENINO,SIN DATOS,0,0,Morelia,Dr Miguel Silva,marzo,viernes,9,-101.187927793444,19.7204887484457
28497,28502,2020,,2020/03/20,11:50:00,COLISIÓN POR CORTE DE CIRCULACIÓN,ASFALTO,Bueno,Bueno,2,SIN DATOS,SIN DATOS,2,MINISTERIO PÚBLICO,,,SIN DATOS,0,0,Tarímbaro,Sin datos,marzo,viernes,12,-101.172620616853,19.7491832966401
28498,28503,2020,,2020/03/20,12:15:00,COLISIÓN POR CORTE DE CIRCULACIÓN,ASFALTO,Bueno,Bueno,2,CHEVROLET,AZUL,2,MINISTERIO PÚBLICO,33,MASCULINO,SIN DATOS,0,0,Múgica,Agrarista,marzo,viernes,12,-102.09454447031,19.0203656914531
28499,28504,2020,,2020/03/20,15:10:00,COLISIÓN CON PEATÓN,ASFALTO,Bueno,Bueno,1,NISSAN,GUINDA,1,MINISTERIO PÚBLICO,,,,1,0,Zacapu,Tirindaro,marzo,viernes,15,-101.743992827833,19.7686831169669
28500,28505,2020,LEG30053,2020/03/20,15:30:00,COLISIÓN CONTRA OBJETO FIJO,CONCRETO,Bueno,Bueno,2,CHEVROLET,AZUL,2,,0,,SIN DATOS,0,0,Morelia,Valle Quieto,marzo,viernes,16,-101.202369670517,19.6826225936215
28501,28506,2020,MOR200012145,2020/03/20,15:40:00,COLISIÓN POR CORTE DE CIRCULACIÓN,ASFALTO,Bueno,Bueno,1,DODGE,BLANCO,1,,63,MASCULINO,SIN DATOS,0,0,Morelia,Dr Miguel Silva,marzo,viernes,16,-101.187927793444,19.7204887484457
28502,28507,2020,LEG30080,2020/03/20,16:25:00,COLISIÓN POR NO RESPETAR SEMÁFORO,ASFALTO,Bueno,Bueno,2,TOYOTA,ROJO,2,,19,MASCULINO,SIN DATOS,0,0,Morelia,La Huerta,marzo,viernes,16,-101.214810758829,19.674249708603
28503,28508,2020,,2020/03/20,16:40:00,COLISIÓN CON PEATÓN,CONCRETO,Bueno,Regular,1,MERCEDES BENZ,BCO/AZUL,2,MINISTERIO PÚBLICO,38,MASCULINO,SIN DATOS,1,0,Cuitzeo,Sin datos,marzo,viernes,17,-101.12778914655,19.9180401595018
28505,28510,2020,LEG30051,2020/03/20,17:14:00,VOLCADURA,ASFALTO,Lluvioso,Regular,1,JEEP,BLANCO,0,,,,,0,0,Indaparapeo,Sin datos,marzo,viernes,17,-100.90956967324,19.6650056476396
28506,28511,2020,MOR200059345,2020/03/20,18:42:00,COLISIÓN POR CORTE DE CIRCULACIÓN,ASFALTO,Bueno,Bueno,2,ITALIKA,ROJO,2,,23,MASCULINO,SIN DATOS,0,0,Morelia,Torreon Nuevo,marzo,viernes,19,-101.20358663,19.7462449699991
28507,28512,2020,MOR200228740,2020/03/20,19:28:00,COLISIÓN POR CORTE DE CIRCULACIÓN,ASFALTO,Bueno,Bueno,2,DODGE,ROJO,2,,35,MASCULINO,SIN DATOS,0,0,Morelia,Tinijaro,marzo,viernes,19,-101.26316,19.6963297049991
28508,28513,2020,LEG30055,2020/03/20,21:57:00,COLISIÓN POR CORTE DE CIRCULACIÓN,ASFALTO,Bueno,Bueno,2,VOLKSWAGEN,AZUL,2,,24,MASCULINO,SIN DATOS,0,0,Morelia,Lomas del Valle,marzo,viernes,22,-101.230037015,19.6880963799991
28509,28514,2020,MOR20029252,2020/03/20,22:29:00,COLISIÓN POR CAMBIO DE CARRIL,ASFALTO,Bueno,Bueno,2,VOLKSWAGEN,BLANCO,0,MINISTERIO PÚBLICO,,,,0,0,Morelia,Francisco J Mujica,marzo,viernes,22,-101.188226044178,19.7215524473702
28510,28515,2020,MOR200223,2020/03/20,23:00:00,COLISIÓN POR CAMBIO DE CARRIL,ASFALTO,Bueno,Bueno,2,RENAULT,ROJO,2,,,MASCULINO,SIN DATOS,0,0,Morelia,Melchor Ocampo,marzo,viernes,23,-101.204327344894,19.7075144423506
28511,28516,2020,LEG30062,2020/03/20,23:10:00,COLISIÓN POR CAMBIO DE CARRIL,ASFALTO,Bueno,Regular,2,NISSAN,VERDE,2,,42,MASCULINO,SIN DATOS,0,0,Morelia,Clara Cordova Moran,marzo,viernes,23,-101.180787608027,19.737455562561
28512,28517,2020,MOR200229272,2020/03/21,"01:30:00",COLISIÓN POR ALCANCE,ASFALTO,Bueno,Bueno,2,NISSAN,AZUL,2,,34,MASCULINO,SIN DATOS,0,0,Morelia,Las Cruces,marzo,sábado,2,-101.2670525,19.698329
28513,28518,2020,LEG30079,2020/03/21,"02:10:00",COLISIÓN CONTRA OBJETO FIJO,ASFALTO,Lluvioso,Regular,1,VOLKSWAGEN,PLATA,1,,44,MASCULINO,SIN DATOS,0,0,Morelia,Sentimientos de La Nacion,marzo,sábado,2,-101.230340161671,19.6819369205883
28514,28519,2020,,2020/03/21,"02:30:00",VOLCADURA,CONCRETO,Bueno,Bueno,1,FORD,BLANCO,0,,,,,0,0,Salvador Escalante,Centro,marzo,sábado,3,-101.646164618433,19.403533029547
28516,28521,2020,MOR: 200229619,2020/03/21,"05:16:00",COLISIÓN CONTRA OBJETO FIJO,ASFALTO,Nublado,Regular,1,FIAT,AZUL,0,,,,,0,0,Morelia,Enrique Arreguin Robles,marzo,sábado,5,-101.180679984391,19.7217257172002
28517,28522,2020,MOR200065345,2020/03/21,"08:00:00",COLISIÓN POR CORTE DE CIRCULACIÓN,ASFALTO,Nublado,Regular,1,NISSAN,AZUL,1,,28,FEMENINO,SIN DATOS,0,0,Morelia,Alberto Oviedo Mota,marzo,sábado,8,-101.198908182011,19.681555672698
28518,28523,2020,,2020/03/21,11:30:00,SALIDA DE SUPERFICIE DE RODAMIENTO,ASFALTO,Bueno,Regular,1,CHEVROLET,GRIS,1,,,MASCULINO,SIN DATOS,0,0,Santa Ana Maya,Sin datos,marzo,sábado,12,-101.065214909613,20.04408323919
28519,28524,2020,,2020/03/21,11:35:00,COLISIÓN POR MANIOBRA DE REVERSA,CONCRETO,Bueno,Bueno,2,DODGE VISIÓN,BLANCO,2,,25,MASCULINO,SIN DATOS,0,0,Morelia,Morelos,marzo,sábado,12,-101.206943181225,19.7013739021134
28520,28525,2020,LEG30068,2020/03/21,14:40:00,COLISIÓN POR ALCANCE,ASFALTO,Bueno,Bueno,2,VOLKSWAGEN,ROJO,2,,43,MASCULINO,SIN DATOS,0,0,Morelia,Dr Miguel Silva,marzo,sábado,15,-101.187927793444,19.7204887484457
28521,28526,2020,,2020/03/21,14:50:00,COLISIÓN POR INVASIÓN DE CARRIL,ASFALTO,Bueno,Bueno,3,NISSAN,BLANCO,3,,,MASCULINO,SIN DATOS,0,0,Tzitzio,Tzitzio,marzo,sábado,15,-100.922709,19.584913
28524,28529,2020,,2020/03/21,16:00:00,COLISIÓN POR CAMBIO DE CARRIL,CONCRETO,Bueno,Bueno,2,FORD FIGO,BLANCO,2,,34,MASCULINO,SIN DATOS,0,0,Morelia,Lomas de Hidalgo,marzo,sábado,16,-101.160867959682,19.697918934297
28525,28530,2020,,2020/03/21,22:10:00,COLISIÓN POR CORTE DE CIRCULACIÓN,ASFALTO,Bueno,Bueno,2,SIN DATOS,SIN DATOS,2,,,,SIN DATOS,0,0,Morelia,Ejidal Ocolusen,marzo,sábado,22,-101.155585494629,19.6843663227041
28526,28531,2020,,2020/03/21,22:30:00,COLISIÓN POR NO RESPETAR SEMÁFORO,ASFALTO,Bueno,Bueno,2,VOLKSWAGEN,CAFE,0,MINISTERIO PÚBLICO,,,,0,0,Lázaro Cárdenas,Jose Green,marzo,sábado,23,-102.20265389165,17.9674103301933
28527,28532,2020,,2020/03/21,23:45:00,SALIDA DE SUPERFICIE DE RODAMIENTO,ASFALTO,Bueno,Bueno,1,NISSAN,BLANCO,1,,67,MASCULINO,SIN DATOS,0,0,Peribán,Sin datos,marzo,sábado,0,-102.448953129351,19.5569780348377
28528,28533,2020,,2020/03/22,"00:00:00",COLISIÓN POR CORTE DE CIRCULACIÓN,ASFALTO,Bueno,Bueno,2,VOLKSWAGEN,ROJO,1,,0,MASCULINO,SIN DATOS,0,0,Morelia,Lucio Cabañas(26 de Julio),marzo,domingo,0,-101.249885353437,19.7120565059368
28529,28534,2020,MOR200234338,2020/03/22,"00:00:00",COLISIÓN POR ALCANCE,ASFALTO,Bueno,Regular,2,NISSAN,ROJO,2,,27,MASCULINO,SIN DATOS,0,0,Morelia,Adolfo Lopez Mateos,marzo,domingo,0,-101.229658462107,19.7035181025966
28530,28535,2020,,2020/03/22,"01:10:00",COLISIÓN POR CAMBIO DE CARRIL,ASFALTO,Bueno,Bueno,2,NISSAN,GRIS,3,MINISTERIO PÚBLICO,21,FEMENINO,CON CERTIFICADO,1,0,Zacapu,Centro,marzo,domingo,1,-101.790446005762,19.8101908967926
28531,28536,2020,,2020/03/22,"05:10:00",COLISIÓN CONTRA OBJETO FIJO,CONCRETO,Bueno,Bueno,1,VOLKSWAGEN,GRIS,1,,29,,SIN DATOS,0,0,Morelia,Ampliacion La Soledad,marzo,domingo,5,-101.182846203446,19.7381507808062
28532,28537,2020,,2020/03/22,"05:40:00",COLISIÓN POR ALCANCE,ASFALTO,Bueno,Bueno,2,CHEVROLET,BLANCO,2,MINISTERIO PÚBLICO,,MASCULINO,SIN DATOS,0,0,Lázaro Cárdenas,Centro,marzo,domingo,6,-102.192403525114,17.9553066668641
28533,28538,2020,LEG30081,2020/03/22,10:00:00,COLISIÓN CONTRA OBJETO FIJO,ASFALTO,Bueno,Bueno,2,MAZDA,ARENA,1,,42,MASCULINO,SIN DATOS,0,0,Morelia,Martires de Uruapan,marzo,domingo,10,-101.202631518245,19.7254580741619
28534,28539,2020,,2020/03/22,11:40:00,COLISIÓN POR INVASIÓN DE CARRIL,ASFALTO,Bueno,Bueno,2,ITALIKA,NEGRO Y ROJO,2,MINISTERIO PÚBLICO,,,SIN DATOS,0,0,Tacámbaro,Sin datos,marzo,domingo,12,-101.450437121093,19.1977459133328
28535,28540,2020,MOR200232919,2020/03/22,12:27:00,COLISIÓN POR NO RESPETAR SEMÁFORO,ASFALTO,Bueno,Bueno,2,FORD,NEGRO,1,,26,MASCULINO,SIN DATOS,0,0,Morelia,Las Americas,marzo,domingo,12,-101.152188554406,19.6885450660486
28536,28541,2020,LEG30094,2020/03/22,12:30:00,COLISIÓN POR CAMBIO DE CARRIL,ASFALTO,Bueno,Bueno,2,RAM,BLANCO,2,MINISTERIO PÚBLICO,35,MASCULINO,SIN DATOS,0,0,Morelia,Chapultepec Sur,marzo,domingo,13,-101.176930358587,19.6931689627712
28537,28542,2020,LEG30088,2020/03/22,12:54:00,COLISIÓN POR INVASIÓN DE CARRIL,ASFALTO,Bueno,Bueno,2,NISSAN,BLANCO,1,,0,MASCULINO,SIN DATOS,0,0,Charo,La Goleta,marzo,domingo,13,-101.083284119074,19.7372673585336
28538,28543,2020,MOR200233477,2020/03/22,15:50:00,CAIDA DE MOTOCICLETA,ASFALTO,Bueno,Regular,1,ITALIKA,NEGRO,1,MINISTERIO PÚBLICO,27,MASCULINO,SIN DATOS,0,0,Morelia,San Pascual,marzo,domingo,16,-101.267319023609,19.6952369244884
28539,28544,2020,LEG30092,2020/03/22,17:15:00,CAIDA DE MOTOCICLETA,ASFALTO,Bueno,Bueno,1,YAMAHA,AZUL,1,,49,MASCULINO,SIN DATOS,0,0,Morelia,Felix Ireta,marzo,domingo,17,-101.188582604864,19.6860148664875
28540,28545,2020,MOR200233747,2020/03/22,17:57:00,COLISIÓN CONTRA OBJETO FIJO,ASFALTO,Bueno,Bueno,3,DODGE,ROJO,1,MINISTERIO PÚBLICO,26,FEMENINO,SIN DATOS,0,0,Morelia,Los Manantiales de Morelia,marzo,domingo,18,-101.237572655082,19.6984389677072
28541,28546,2020,MOR200234328,2020/03/22,19:10:00,COLISIÓN POR ALCANCE,ASFALTO,Bueno,Bueno,2,VOLKSWAGEN,PLATA,2,,30,MASCULINO,ALIENTO ETÍLICO,0,0,Tzitzio,Tzitzio,marzo,domingo,19,-100.929193384945,19.5895926816857
28542,28547,2020,,2020/03/22,19:10:00,CAIDA DE MOTOCICLETA,ASFALTO,Bueno,Bueno,1,ITALIKA,ROJO,2,MINISTERIO PÚBLICO,17,MASCULINO,SIN DATOS,1,0,Zacapu,Centro,marzo,domingo,19,-101.785986833274,19.8086805884949
28543,28548,2020,,2020/03/22,19:30:00,COLISIÓN POR ALCANCE,ASFALTO,Bueno,Bueno,2,FORD,VERDE,3,MINISTERIO PÚBLICO,,,SIN DATOS,0,2,Zitácuaro,Sin datos,marzo,domingo,20,-100.416896156967,19.4855100186506
28544,28549,2020,LEG30090,2020/03/22,20:28:00,COLISIÓN POR CAMBIO DE CARRIL,ASFALTO,Bueno,Bueno,2,MAZDA,PLATA,0,,,,,0,0,Charo,San Bartolo,marzo,domingo,20,-101.044964231551,19.7515382696915
28546,28551,2020,"200234351",2020/03/22,21:50:00,COLISIÓN POR CAMBIO DE CARRIL,ASFALTO,Bueno,Regular,2,NISSAN,BLANCO,2,,38,MASCULINO,CON CERTIFICADO,0,0,Morelia,Valle del Durazno,marzo,domingo,22,-101.187504194677,19.6562782345701
28547,28552,2020,,2020/03/22,22:15:00,COLISIÓN POR ALCANCE,ASFALTO,Bueno,Bueno,2,CHEVROLET,CAFE,2,,0,MASCULINO,SIN DATOS,0,0,Copándaro,Centro,marzo,domingo,22,-101.208097524941,19.8874428727248
28548,28553,2020,MOR200231939,2020/03/22,22:46:00,COLISIÓN CONTRA OBJETO FIJO,ASFALTO,Bueno,Bueno,1,VOLKSWAGEN,GRIS,1,,46,MASCULINO,ALIENTO ETÍLICO,0,0,Morelia,Isaac Arriaga,marzo,domingo,23,-101.169424429536,19.7085996013309
28549,28554,2020,,2020/03/23,"00:45:00",SALIDA DE SUPERFICIE DE RODAMIENTO,SIN_DATOS,Bueno,Bueno,1,VOLSKWAGEN,ROJO,0,MINISTERIO PÚBLICO,,,,0,0,Acuitzio,Sin datos,marzo,lunes,1,-101.381842914355,19.4984155491599
28550,28555,2020,MOR200234699,2020/03/23,"02:42:00",COLISIÓN CONTRA OBJETO FIJO,CONCRETO,Bueno,Bueno,1,SEAT,ROJO,0,,,,,0,0,Morelia,Jardines del Quinceo,marzo,lunes,3,-101.205855198205,19.723862696325
28551,28556,2020,,2020/03/23,"08:10:00",COLISIÓN POR CORTE DE CIRCULACIÓN,ASFALTO,Bueno,Bueno,2,CHRYSLER,BLANCO,2,,,MASCULINO,SIN DATOS,0,0,Morelia,Alberto Oviedo Mota,marzo,lunes,8,-101.198908182011,19.681555672698
28552,28557,2020,,2020/03/23,12:50:00,COLISIÓN POR ALCANCE,ASFALTO,Bueno,Bueno,2,NISSAN/NP300,ROJO,2,,26,FEMENINO,SIN DATOS,0,0,Morelia,Fray Antonio de Lisboa,marzo,lunes,13,-101.14681173116,19.6941873449231
28553,28558,2020,MOR20045839,2020/03/23,18:00:00,COLISIÓN POR ALCANCE,ASFALTO,Bueno,Bueno,2,VOLKSWAGEN,VERDE,2,,0,MASCULINO,SIN DATOS,0,0,Morelia,Ana Maria Gallaga (Riviera Norte),marzo,lunes,18,-101.22279368341,19.6767967830698
28554,28559,2020,,2020/03/23,18:20:00,COLISIÓN POR CORTE DE CIRCULACIÓN,CONCRETO,Bueno,Bueno,1,CHRYSLER,GRIS,1,,38,MASCULINO,SIN DATOS,0,0,Morelia,Felipe Carrillo Puerto,marzo,lunes,18,-101.176718696952,19.7305098410986
28555,28560,2020,LEG30104,2020/03/23,19:10:00,COLISIÓN POR ALCANCE,ASFALTO,Bueno,Bueno,2,SEAT,VERDE,2,,0,FEMENINO,SIN DATOS,0,0,Morelia,Felix Ireta,marzo,lunes,19,-101.188974034267,19.6850693586251
28556,28561,2020,,2020/03/23,20:00:00,COLISIÓN POR ALCANCE,ASFALTO,Bueno,Bueno,2,YAMAHA,ROJA,2,,32,MASCULINO,SIN DATOS,0,0,Morelia,Fracc Rio Florido,marzo,lunes,20,-101.279305815697,19.6847682835712