fid,id_accidente,anio_origen,folio_c5i,dia_incidente,hora_ocurrencia,tipo_incidente_vial,superficie_ocurrencia,condiciones_climaticas,condiciones_via,numero_vehiculos_involucrados,marca_vehiculo_ocasiona_siniestro,color_vehiculo_ocasiona_siniestro,numero_personas_involucradas,lugar_remite_presunto_responsable,edad_presunto_responsable,sexo_presunto_responsable,resultados_toxicologia,numero_personas_lesionadas,numero_personas_fallecidas,municipio,colonia,mes,dia_semana,hora_redondeada,lon,lat
28557,28562,2020,,2020/03/23,20:20:00,COLISIÓN POR ALCANCE,ASFALTO,Bueno,Bueno,2,CHEVROLET,BLANCO,3,MINISTERIO PÚBLICO,42,MASCULINO,SIN DATOS,2,0,Morelia,San Jose Itzicuaro,marzo,lunes,20,-101.303032971919,19.6878638375455
28558,28563,2020,LEG30106,2020/03/23,20:30:00,COLISIÓN POR CORTE DE CIRCULACIÓN,ASFALTO,Bueno,Bueno,1,FORD,ARENA,2,MINISTERIO PÚBLICO,0,MASCULINO,SIN DATOS,1,0,Morelia,El Lago 2,marzo,lunes,21,-101.214462071657,19.7266576741868
28559,28564,2020,MOR200237597,2020/03/24,"08:30:00",COLISIÓN POR CORTE DE CIRCULACIÓN,ASFALTO,Bueno,Bueno,3,SIN DATOS,SIN DATOS,3,,,,SIN DATOS,0,0,Tarímbaro,El Trebol,marzo,martes,9,-101.155943982303,19.7687266582916
28560,28565,2020,,2020/03/24,10:00:00,COLISIÓN POR INVASIÓN DE CARRIL,ASFALTO,Bueno,Bueno,2,TOYOTA,NEGRO,5,MINISTERIO PÚBLICO,50,,SIN DATOS,2,1,Zitácuaro,Sin datos,marzo,martes,10,-100.413927957416,19.4868492164548
28561,28566,2020,LEG30114,2020/03/24,10:55:00,COLISIÓN POR CAMBIO DE CARRIL,ASFALTO,Bueno,Bueno,2,DINA,CREMA,2,,51,MASCULINO,SIN DATOS,0,0,Morelia,Primo Tapia Oriente,marzo,martes,11,-101.160671657864,19.7148130515494
28562,28567,2020,LEG30115,2020/03/24,10:55:00,COLISIÓN POR ALCANCE,ASFALTO,Bueno,Bueno,2,VOLKSWAGEN,GRIS,2,MINISTERIO PÚBLICO,22,FEMENINO,SIN DATOS,0,0,Morelia,Club Campestre,marzo,martes,11,-101.161448081288,19.6825881034747
28563,28568,2020,LEG30117,2020/03/24,12:30:00,COLISIÓN POR ALCANCE,ASFALTO,Bueno,Bueno,2,FORD,NEGRO,2,,29,MASCULINO,SIN DATOS,0,0,Morelia,La Colina,marzo,martes,13,-101.215724765043,19.709174233954
28564,28569,2020,"200238235",2020/03/24,12:45:00,COLISIÓN CONTRA OBJETO FIJO,ASFALTO,Bueno,Regular,2,S/D,S/D,2,,0,,SIN DATOS,0,0,Morelia,Jacarandas,marzo,martes,13,-101.210895875,19.7052847949991
28566,28571,2020,LEG30118,2020/03/24,13:30:00,COLISIÓN POR CORTE DE CIRCULACIÓN,ASFALTO,Bueno,Bueno,2,NISSAN,AZUL,2,,23,MASCULINO,SIN DATOS,0,0,Morelia,Eduardo Ruiz,marzo,martes,14,-101.221859682349,19.7216992118204
28567,28572,2020,LEG30116,2020/03/24,15:50:00,COLISIÓN POR INVASIÓN DE CARRIL,ASFALTO,Bueno,Bueno,2,NISSAN,BLANCO,2,,30,MASCULINO,SIN DATOS,0,0,Morelia,Las Americas,marzo,martes,16,-101.15527803761,19.6905832056681
28568,28573,2020,MOR20023873,2020/03/24,15:55:00,COLISIÓN POR ALCANCE,ASFALTO,Bueno,Bueno,2,TOYOTA,BLANCO/GRIS,2,,40,MASCULINO,SIN DATOS,0,0,Morelia,Las Americas,marzo,martes,16,-101.15527803761,19.6905832056681
28569,28574,2020,MOR200239354,2020/03/24,17:30:00,COLISIÓN POR ALCANCE,ASFALTO,Bueno,Bueno,2,NISSAN,BLANCO,2,,25,MASCULINO,SIN DATOS,0,0,Morelia,El Realito,marzo,martes,18,-101.203137012728,19.7271577016115
28570,28575,2020,LEG30113,2020/03/24,18:30:00,COLISIÓN CON PEATÓN,ASFALTO,Bueno,Regular,1,PEUGEOT,AZUL,2,MINISTERIO PÚBLICO,,,,2,0,Morelia,Tinijaro,marzo,martes,19,-101.264497339726,19.6962157893331
28571,28576,2020,MOR200239098,2020/03/24,19:30:00,COLISIÓN POR CORTE DE CIRCULACIÓN,ASFALTO,Bueno,Bueno,2,NISSAN,GRIS,2,,0,MASCULINO,SIN DATOS,0,0,Morelia,Tenencia Morelos,marzo,martes,20,-101.243929623155,19.6466055443724
28572,28577,2020,,2020/03/24,20:25:00,COLISIÓN POR CAMBIO DE CARRIL,ASFALTO,Bueno,Bueno,5,FRGETHLINER,BLANCO,5,MINISTERIO PÚBLICO,25,MASCULINO,SIN DATOS,0,0,Morelia,El Lago 1,marzo,martes,20,-101.208962202072,19.7262461312836
28573,28578,2020,,2020/03/24,20:25:00,COLISIÓN POR ALCANCE,ASFALTO,Bueno,Bueno,2,NISSAN MARCH,NARANJA,2,,46,MASCULINO,SIN DATOS,0,0,Morelia,El Lago 2,marzo,martes,20,-101.213811635971,19.7265794053728
28574,28579,2020,MOR200239890,2020/03/25,"00:50:00",CAIDA DE MOTOCICLETA,ASFALTO,Bueno,Bueno,1,TOROMEX,NEGRO,1,,32,MASCULINO,ALIENTO ETÍLICO,0,0,Morelia,Villa Magna,marzo,miércoles,1,-101.325926520286,19.6784028338708
28575,28580,2020,,2020/03/25,"01:40:00",COLISIÓN POR CORTE DE CIRCULACIÓN,ASFALTO,Bueno,Bueno,2,TOYOTA,SILVER,2,MINISTERIO PÚBLICO,,MASCULINO,SIN DATOS,0,0,Múgica,Centro,marzo,miércoles,2,-102.09398355335,19.0228637210271
28576,28581,2020,,2020/03/25,"09:20:00",VOLCADURA,ASFALTO,Bueno,Bueno,1,NISSAN,BLANCO,0,MINISTERIO PÚBLICO,,,,0,0,Gabriel Zamora,Sin datos,marzo,miércoles,9,-102.064392417669,19.2651194509331
28577,28582,2020,LEG30127,2020/03/25,12:40:00,COLISIÓN POR MANIOBRA DE REVERSA,CONCRETO,Bueno,Bueno,2,DODGE,GRIS,2,MINISTERIO PÚBLICO,65,MASCULINO,SIN DATOS,0,0,Morelia,Sin datos,marzo,miércoles,13,-101.283998675644,19.6903987000181
28578,28583,2020,,2020/03/25,14:30:00,COLISIÓN POR CAMBIO DE CARRIL,ASFALTO,Bueno,Bueno,2,NISSAN,BLANCO,2,,57,MASCULINO,SIN DATOS,0,0,Morelia,San Rafael,marzo,miércoles,15,-101.153865605593,19.6998079605226
28579,28584,2020,,2020/03/25,16:40:00,COLISIÓN POR CORTE DE CIRCULACIÓN,ASFALTO,Bueno,Bueno,2,VOLKSWAGEN,GRIS,2,,,FEMENINO,SIN DATOS,0,0,Morelia,Prados de La Huerta,marzo,miércoles,17,-101.223455518484,19.668285014024
28580,28585,2020,,2020/03/25,20:00:00,COLISIÓN CONTRA OBJETO FIJO,ASFALTO,Bueno,Bueno,1,FORD,BLANCO,1,,41,MASCULINO,SIN DATOS,0,0,Morelia,Fidel Velazquez,marzo,miércoles,20,-101.236311346292,19.7020629694983
28581,28586,2020,,2020/03/25,21:30:00,COLISIÓN CONTRA OBJETO FIJO,ASFALTO,Bueno,Bueno,1,NISSAN,BLANCO,1,,,MASCULINO,SIN DATOS,0,0,Morelia,Ignacio Zaragoza,marzo,miércoles,22,-101.203693337739,19.7252267374727
28582,28587,2020,LEG30131,2020/03/26,12:36:00,COLISIÓN POR CORTE DE CIRCULACIÓN,CONCRETO,Bueno,Bueno,2,AUDI,GRIS,2,,45,MASCULINO,SIN DATOS,0,0,Morelia,22 de Octubre,marzo,jueves,13,-101.236778050661,19.6483779407814
28583,28588,2020,LEG30142,2020/03/26,15:40:00,COLISIÓN POR CAMBIO DE CARRIL,ASFALTO,Bueno,Bueno,2,GMC,AZUL,2,,26,MASCULINO,SIN DATOS,0,0,Morelia,Elias Perez Avalos,marzo,jueves,16,-101.165690124035,19.7103516851215
28584,28589,2020,MOR2000241815,2020/03/26,18:50:00,COLISIÓN POR ALCANCE,ASFALTO,Bueno,Bueno,2,INTERNATIONAL,BLANCO,2,,43,MASCULINO,SIN DATOS,0,0,Morelia,Niño Artillero,marzo,jueves,19,-101.250200495124,19.698610368648
28585,28590,2020,,2020/03/26,19:05:00,COLISIÓN POR CORTE DE CIRCULACIÓN,ASFALTO,Bueno,Regular,1,FORD,BLANCO,1,,,MASCULINO,SIN DATOS,0,0,Morelia,Felix Ireta,marzo,jueves,19,-101.186898350716,19.6812455423373
28586,28591,2020,"200244664",2020/03/26,19:35:00,COLISIÓN POR ALCANCE,ASFALTO,Bueno,Regular,2,FORD,BLANCO,2,MINISTERIO PÚBLICO,27,MASCULINO,SIN DATOS,0,0,Morelia,Centro,marzo,jueves,20,-101.18218963,19.7028850649992
28587,28592,2020,LEG30140,2020/03/26,19:40:00,COLISIÓN CONTRA OBJETO FIJO,ASFALTO,Bueno,Regular,2,SEAT,BLANCO,2,,20,FEMENINO,SIN DATOS,0,0,Morelia,Cuauhtemoc,marzo,jueves,20,-101.182826757431,19.6952486039817
28588,28593,2020,LEG30141,2020/03/26,21:20:00,COLISIÓN POR CAMBIO DE CARRIL,CONCRETO,Bueno,Bueno,2,NISSAN,BLANCO Y AZUL,2,,70,MASCULINO,SIN DATOS,0,0,Morelia,Martires de Uruapan,marzo,jueves,21,-101.20071106,19.7275296449991
28589,28594,2020,MOR: 200244992,2020/03/26,22:20:00,COLISIÓN POR INVASIÓN DE CARRIL,ASFALTO,Nublado,Regular,2,ITALIKA,NEGRO Y VERDE,2,,19,MASCULINO,SIN DATOS,0,0,Morelia,Tierra Y Libertad,marzo,jueves,22,-101.226013510377,19.7154664226926
28590,28595,2020,MOR200245294,2020/03/27,"01:25:00",COLISIÓN CONTRA OBJETO FIJO,ASFALTO,Bueno,Bueno,1,NISSAN,BLANCO,1,,37,MASCULINO,SIN DATOS,0,0,Morelia,Libertad,marzo,viernes,1,-101.237681980623,19.686727689651
28591,28596,2020,,2020/03/27,"06:54:00",COLISIÓN POR INVASIÓN DE CARRIL,ASFALTO,Bueno,Regular,3,DINA,VERDE PASTEL,8,MINISTERIO PÚBLICO,,,,8,0,Acuitzio,Sin datos,marzo,viernes,7,-101.344341672957,19.5160960876039
28592,28597,2020,MOR207812345,2020/03/27,"08:20:00",VOLCADURA,CONCRETO,Bueno,Bueno,1,FORD,VERDE,1,,48,MASCULINO,SIN DATOS,0,0,Morelia,La Aldea,marzo,viernes,8,-101.135477721691,19.745046942018
28593,28598,2020,,2020/03/27,10:30:00,COLISIÓN POR CORTE DE CIRCULACIÓN,ASFALTO,Lluvioso,Bueno,2,FORD,GRIS,2,,,MASCULINO,SIN DATOS,0,0,Morelia,Poblado de Ocolusen,marzo,viernes,11,-101.149480864406,19.6946810427548
28594,28599,2020,MOR200012785,2020/03/27,10:30:00,COLISIÓN POR MANIOBRA DE REVERSA,ASFALTO,Bueno,Bueno,2,CHEVROLET,BLANCO,2,,45,MASCULINO,SIN DATOS,0,0,Morelia,Central de Abastos,marzo,viernes,11,-101.168426647782,19.7174605105439
28595,28600,2020,,2020/03/27,11:00:00,COLISIÓN POR NO RESPETAR SEMÁFORO,ASFALTO,Bueno,Bueno,2,CHEVROLET,BLANCO,2,,20,MASCULINO,SIN DATOS,0,0,Morelia,Santillan La Huerta,marzo,viernes,11,-101.219553885717,19.6760966650679
28596,28601,2020,,2020/03/27,14:00:00,COLISIÓN POR ALCANCE,ASFALTO,Bueno,Bueno,2,NISSAN,AZUL,2,,62,FEMENINO,SIN DATOS,0,0,Morelia,Centro,marzo,viernes,14,-101.183287762105,19.7006529613099
28597,28602,2020,,2020/03/27,20:30:00,COLISIÓN POR CORTE DE CIRCULACIÓN,SIN_DATOS,Bueno,Bueno,1,DINAMO,NEGRO/NARANJA,1,,32,MASCULINO,SIN DATOS,0,0,Morelia,Nueva Valladolid,marzo,viernes,21,-101.211614906788,19.70081173384
28598,28603,2020,LEG30154,2020/03/27,23:50:00,COLISIÓN CONTRA OBJETO FIJO,CONCRETO,Bueno,Bueno,1,DODGE,ARENA,1,MINISTERIO PÚBLICO,34,MASCULINO,CON CERTIFICADO,0,0,Morelia,Matamoros,marzo,viernes,0,-101.166074685752,19.6963546797
28599,28604,2020,,2020/03/28,"04:00:00",COLISIÓN CONTRA OBJETO FIJO,ASFALTO,Bueno,Bueno,2,NISSAN,GRIS,2,,,MASCULINO,SIN DATOS,0,0,Morelia,Felix Ireta,marzo,sábado,4,-101.195408664644,19.6902102440022
28600,28605,2020,MOR200248302,2020/03/28,"08:08:00",COLISIÓN CONTRA OBJETO FIJO,ASFALTO,Bueno,Bueno,2,MAZDA,ROJO,2,,36,MASCULINO,SIN DATOS,0,0,Morelia,Isaac Arriaga,marzo,sábado,8,-101.172350049019,19.7078190325109
28601,28606,2020,,2020/03/28,12:20:00,CAIDA DE MOTOCICLETA,CONCRETO,Bueno,Bueno,1,HONDA|,ROJO,0,,,,,0,0,Pátzcuaro,La Era,marzo,sábado,12,-101.604223251343,19.5023195139937
28602,28607,2020,MOR200246289,2020/03/28,12:40:00,COLISIÓN POR CAMBIO DE CARRIL,ASFALTO,Bueno,Bueno,2,KENWORTH,AZUL,2,,41,MASCULINO,SIN DATOS,0,0,Morelia,Tinijaro,marzo,sábado,13,-101.259879916906,19.6968467925527
28603,28608,2020,MOR200-249-299,2020/03/28,12:50:00,VOLCADURA,ASFALTO,Bueno,Bueno,1,CHEVROLET,BLANCO,1,,37,MASCULINO,SIN DATOS,0,0,Morelia,Mirador Poniente,marzo,sábado,13,-101.247068010271,19.7114229371296
28604,28609,2020,,2020/03/28,13:30:00,COLISIÓN POR CAMBIO DE CARRIL,CONCRETO,Bueno,Bueno,2,WHITE,CAFE,2,,32,MASCULINO,SIN DATOS,0,0,Morelia,Solidaridad,marzo,sábado,14,-101.205790489912,19.7343101592151
28605,28610,2020,MOR200249039,2020/03/28,13:30:00,COLISIÓN POR ALCANCE,ASFALTO,Bueno,Bueno,2,NISSAN,AZUL,2,,21,MASCULINO,SIN DATOS,0,0,Morelia,Ignaci0 Ramirez,marzo,sábado,14,-101.222217343748,19.7269868446264
28606,28611,2020,MOR200249343,2020/03/28,15:50:00,VOLCADURA,ASFALTO,Bueno,Bueno,1,VOLKSWAGEN,GRIS,1,MINISTERIO PÚBLICO,0,FEMENINO,SIN DATOS,0,0,Morelia,Sin datos,marzo,sábado,16,-101.119769029319,19.7368136743038
28607,28612,2020,MOR20034567,2020/03/28,17:00:00,COLISIÓN POR MANIOBRA DE REVERSA,ASFALTO,Bueno,Bueno,2,DODGE,GRIS,1,,0,,SIN DATOS,0,0,Morelia,Prados Verdes,marzo,sábado,17,-101.196879521012,19.7186573300548
28608,28613,2020,,2020/03/28,18:10:00,COLISIÓN POR CORTE DE CIRCULACIÓN,ASFALTO,Bueno,Bueno,2,DODGE,VERDE,0,MINISTERIO PÚBLICO,,,,0,0,Gabriel Zamora,Benito Juarez,marzo,sábado,18,-102.054321393371,19.1583950372639
28609,28614,2020,,2020/03/28,18:49:00,COLISIÓN CONTRA OBJETO FIJO,ASFALTO,Bueno,Bueno,2,NISSAN,GRIS,1,MINISTERIO PÚBLICO,55,MASCULINO,SIN DATOS,0,0,Pátzcuaro,La Era,marzo,sábado,19,-101.601962484419,19.5002051881817
28610,28615,2020,,2020/03/29,"01:15:00",COLISIÓN POR CAMBIO DE CARRIL,ASFALTO,Bueno,Bueno,2,CHEVROLET,BLANCO,2,MINISTERIO PÚBLICO,,,SIN DATOS,0,0,Tacámbaro,Tecario,marzo,domingo,1,-101.535896994174,19.2290476266515
28611,28616,2020,,2020/03/29,"05:20:00",CAIDA DE MOTOCICLETA,ASFALTO,Bueno,Regular,1,ITALIKA,BLANCO,1,MINISTERIO PÚBLICO,,,,0,1,Huandacareo,Sin datos,marzo,domingo,5,-101.243726313114,19.9675106386136
28612,28617,2020,LEG30172,2020/03/29,10:40:00,COLISIÓN POR CORTE DE CIRCULACIÓN,ASFALTO,Bueno,Bueno,2,FUGA,FUGA,2,,,,SIN DATOS,0,0,Morelia,Industrial,marzo,domingo,11,-101.188695766032,19.7108402829793
28613,28618,2020,,2020/03/29,11:35:00,COLISIÓN POR CORTE DE CIRCULACIÓN,ASFALTO,Bueno,Bueno,1,HONDA,ANARANJADO/ NEGRO,1,,27,MASCULINO,SIN DATOS,0,0,Morelia,Sentimientos de La Nacion,marzo,domingo,12,-101.235867467353,19.6821926209648
28614,28619,2020,,2020/03/29,12:40:00,COLISIÓN POR ALCANCE,ASFALTO,Bueno,Bueno,2,NISSAN,AZUL,2,,66,MASCULINO,SIN DATOS,0,0,Morelia,Fidel Velazquez,marzo,domingo,13,-101.234997734427,19.7022514115587
28615,28620,2020,MOR 200251815,2020/03/29,14:15:00,COLISIÓN POR MANIOBRA DE REVERSA,ASFALTO,Bueno,Bueno,2,MITSUBISHI,ROJO,2,,0,,SIN DATOS,0,0,Morelia,Santa Maria de Guido,marzo,domingo,14,-101.189268752933,19.6715523163925
28616,28621,2020,,2020/03/29,15:30:00,COLISIÓN POR CAMBIO DE CARRIL,ASFALTO,Bueno,Bueno,2,NISSAN,BLANCO,2,,32,,SIN DATOS,0,0,Morelia,Felix Ireta,marzo,domingo,16,-101.192030738995,19.6879621962938
28617,28622,2020,,2020/03/29,15:50:00,COLISIÓN POR CORTE DE CIRCULACIÓN,CONCRETO,Bueno,Regular,2,FORD,GUINDA,2,,27,MASCULINO,SIN DATOS,0,0,Morelia,22 de Octubre,marzo,domingo,16,-101.236797573087,19.6483715310736
28618,28623,2020,,2020/03/29,16:00:00,COLISIÓN POR NO RESPETAR SEMÁFORO,ASFALTO,Bueno,Bueno,2,NISSAN,AZUL,2,,35,MASCULINO,SIN DATOS,0,0,Morelia,La Colina,marzo,domingo,16,-101.216139793396,19.7038861450099
28619,28624,2020,MOR200249657,2020/03/29,16:40:00,COLISIÓN POR ALCANCE,CONCRETO,Bueno,Bueno,2,NISSAN,GRIS,2,,46,MASCULINO,SIN DATOS,0,0,Morelia,Jardines del Rincon,marzo,domingo,17,-101.15033313632,19.6907730860181
28620,28625,2020,LEG30173,2020/03/29,18:10:00,COLISIÓN CONTRA OBJETO FIJO,ASFALTO,Bueno,Bueno,1,HONDA,VERDE,1,,0,MASCULINO,SIN DATOS,0,0,Morelia,Paseo de La Castellana,marzo,domingo,18,-101.223668083549,19.6678483794328
28621,28626,2020,,2020/03/29,21:35:00,SUBIDA AL CAMELLÓN,ASFALTO,Bueno,Bueno,1,HONDA,CHAMPAG,1,,23,MASCULINO,SIN DATOS,0,0,Morelia,Loma Bonita,marzo,domingo,22,-101.196976751089,19.7244241575224
28622,28627,2020,,2020/03/29,21:40:00,SALIDA DE SUPERFICIE DE RODAMIENTO,ASFALTO,Bueno,Bueno,1,CHEVROLET,GRIS,0,,,,,0,0,Charo,Sin datos,marzo,domingo,22,-101.006634458899,19.6736151435926
28623,28628,2020,,2020/03/30,"07:50:00",COLISIÓN POR CAMBIO DE CARRIL,ASFALTO,Bueno,Bueno,2,FORD,BLANCO,2,MINISTERIO PÚBLICO,23,MASCULINO,SIN DATOS,0,0,Irimbo,Sin datos,marzo,lunes,8,-100.502018406987,19.6892098766127
28624,28629,2020,LEG30180,2020/03/30,10:10:00,SUBIDA AL CAMELLÓN,ASFALTO,Bueno,Bueno,1,CHEVROLET,BLANCO,1,,28,MASCULINO,SIN DATOS,0,0,Morelia,Arcos del Valle,marzo,lunes,10,-101.236272454262,19.7076776269957
28625,28630,2020,MOR253816,2020/03/30,11:00:00,COLISIÓN POR CORTE DE CIRCULACIÓN,ASFALTO,Bueno,Bueno,2,FREIGHTLINER,BLANCO,2,,35,MASCULINO,SIN DATOS,0,0,Morelia,Francisco J Mujica,marzo,lunes,11,-101.188228055835,19.7215385605269
28626,28631,2020,,2020/03/30,13:40:00,COLISIÓN POR CORTE DE CIRCULACIÓN,ASFALTO,Bueno,Bueno,2,NISSAN,ROJO,2,MINISTERIO PÚBLICO,0,FEMENINO,SIN DATOS,0,0,Pátzcuaro,San Nicolas (La Valenciana),marzo,lunes,14,-101.615078151226,19.5239219782831
28627,28632,2020,LEG30181,2020/03/30,13:50:00,COLISIÓN POR CORTE DE CIRCULACIÓN,CONCRETO,Bueno,Bueno,2,OLDSMOBILE,GRIS,2,,48,MASCULINO,SIN DATOS,0,0,Morelia,Lomas de Santa Maria,marzo,lunes,14,-101.188892573118,19.6733995171986
28628,28633,2020,MOR200246589,2020/03/30,14:45:00,COLISIÓN POR CORTE DE CIRCULACIÓN,CONCRETO,Bueno,Bueno,2,NISSAN,GRIS,2,MINISTERIO PÚBLICO,22,MASCULINO,SIN DATOS,0,0,Morelia,Ricardo Flores Magon,marzo,lunes,15,-101.245180428035,19.7061778033766
28629,28634,2020,,2020/03/30,16:30:00,COLISIÓN POR INVASIÓN DE CARRIL,ASFALTO,Bueno,Bueno,2,ITALIKA,AMARILLO Y NEGRO,4,MINISTERIO PÚBLICO,22,MASCULINO,SIN DATOS,0,2,Tacámbaro,Sin datos,marzo,lunes,17,-101.491067223251,19.2266432529851
28630,28635,2020,MOR200252179,2020/03/30,16:40:00,COLISIÓN POR ALCANCE,ASFALTO,Bueno,Bueno,2,ITALIKA,ROJA,2,,26,MASCULINO,SIN DATOS,0,0,Morelia,Pastor Manuel Sanchez Camarena,marzo,lunes,17,-101.199331395328,19.738078198017
28631,28636,2020,,2020/03/30,18:00:00,COLISIÓN POR CORTE DE CIRCULACIÓN,ASFALTO,Bueno,Bueno,2,S/D,S/D,2,,17,MASCULINO,SIN DATOS,1,0,Tacámbaro,Sin datos,marzo,lunes,18,-101.514515765011,19.2142475865889
28632,28637,2020,MOR200255370,2020/03/30,19:05:00,COLISIÓN POR CORTE DE CIRCULACIÓN,ASFALTO,Bueno,Bueno,1,VOLVO,BLANCO,2,,24,MASCULINO,SIN DATOS,1,0,Morelia,Enrique Ramirez,marzo,lunes,19,-101.165843009949,19.7098820237581
28633,28638,2020,,2020/03/31,"07:40:00",SALIDA DE SUPERFICIE DE RODAMIENTO,ASFALTO,Bueno,Regular,1,NISSAN VERSA,AZUL,1,,27,MASCULINO,SIN DATOS,0,0,Morelia,Sin datos,marzo,martes,8,-101.322015300393,19.6865607195267
28634,28639,2020,,2020/03/31,"09:50:00",COLISIÓN POR CORTE DE CIRCULACIÓN,ASFALTO,Bueno,Bueno,2,VOLKSWAGEN,BLANCO,2,,0,MASCULINO,SIN DATOS,0,0,Morelia,Sentimientos de La Nacion,marzo,martes,10,-101.235606260598,19.6819880424978
28635,28640,2020,,2020/03/31,11:26:00,CAIDA ACUATICA DE VEHÍCULO,ASFALTO,Bueno,Bueno,1,FORD,ROJO,2,,,,,2,0,Morelia,La Colina,marzo,martes,11,-101.215111185,19.7122193749992
28636,28641,2020,,2020/03/31,11:30:00,COLISIÓN POR CORTE DE CIRCULACIÓN,ASFALTO,Bueno,Bueno,2,HONDA,BLANCO,2,,,MASCULINO,SIN DATOS,0,0,Morelia,Cuauhtemoc,marzo,martes,12,-101.17854569,19.6974281599991
28637,28642,2020,,2020/03/31,13:00:00,COLISIÓN POR CORTE DE CIRCULACIÓN,ASFALTO,Bueno,Bueno,2,NISSAN/TSURU,ORO,2,,56,MASCULINO,SIN DATOS,0,0,Morelia,El Eden,marzo,martes,13,-101.249844096601,19.6461682769928
28638,28643,2020,MOR200019045,2020/03/31,14:00:00,COLISIÓN CONTRA OBJETO FIJO,CONCRETO,Bueno,Bueno,1,CHEVROLET,BLANCO,1,MINISTERIO PÚBLICO,,MASCULINO,SIN DATOS,0,0,Morelia,Camponubes,marzo,martes,14,-101.291504837573,19.6975993214039
28639,28644,2020,MOR190934226,2020/03/31,15:00:00,COLISIÓN POR CAMBIO DE CARRIL,ASFALTO,Bueno,Bueno,2,FREIGHTLINER,GRIS/NEGRO,2,,37,MASCULINO,SIN DATOS,0,0,Morelia,Elias Perez Avalos,marzo,martes,15,-101.17092807,19.7143453899991
28640,28645,2020,,2020/03/31,15:23:00,CAIDA DE MOTOCICLETA,ASFALTO,Bueno,Regular,1,ITALIKA,AMARILLO/NEGRO,0,,,,,0,0,Huandacareo,Sin datos,marzo,martes,15,-101.251320317388,19.9757725921178
28641,28646,2020,,2020/03/31,18:00:00,COLISIÓN POR CORTE DE CIRCULACIÓN,SIN_DATOS,Bueno,Bueno,2,FORD,BLANCO,2,,0,MASCULINO,SIN DATOS,0,0,Morelia,Paseo de Las Lomas,marzo,martes,18,-101.150308661163,19.6971277286535
28642,28647,2020,,2020/03/31,19:49:00,COLISIÓN POR ALCANCE,ASFALTO,Bueno,Regular,1,ITALIKA,BCO/VERDE/AZUL,3,MINISTERIO PÚBLICO,42,MASCULINO,SIN DATOS,2,0,Puruándiro,Sin datos,marzo,martes,20,-101.596587002277,20.1262879116374
28643,28648,2020,,2020/04/01,"03:00:00",VOLCADURA,ASFALTO,Bueno,Bueno,1,NISSAN,ROJO,1,,,,SIN DATOS,0,0,Morelia,Carlos Salazar,abril,miércoles,3,-101.209345757961,19.7128372691696
28644,28649,2020,MOR200-259-541,2020/04/01,11:15:00,COLISIÓN POR CORTE DE CIRCULACIÓN,ASFALTO,Bueno,Bueno,2,VOLKSWAGEN,ARENA,0,MINISTERIO PÚBLICO,,,,0,0,Morelia,Vasco de Quiroga,abril,miércoles,11,-101.173550672829,19.6976782357177
28645,28650,2020,LEG30202,2020/04/01,11:45:00,COLISIÓN POR CORTE DE CIRCULACIÓN,ASFALTO,Bueno,Bueno,2,BMW,GRIS Y NEGRO,1,,29,MASCULINO,SIN DATOS,0,0,Morelia,Lomas del Tecnologico,abril,miércoles,12,-101.196103480315,19.7243060384086
28646,28651,2020,MOR200256763,2020/04/01,12:45:00,CAIDA DE MOTOCICLETA,CONCRETO,Bueno,Bueno,1,HONDA,BLANCO,1,,,MASCULINO,SIN DATOS,0,0,Morelia,Eva Samano,abril,miércoles,13,-101.19876511395,19.728980473152
28647,28652,2020,,2020/04/01,15:00:00,COLISIÓN POR INVASIÓN DE CARRIL,ASFALTO,Bueno,Regular,2,DINA,AMARILLO,0,MINISTERIO PÚBLICO,,,,0,0,Gabriel Zamora,Sin datos,abril,miércoles,15,-102.055907249451,19.1160899344826
28648,28653,2020,,2020/04/01,16:58:00,VOLCADURA,ASFALTO,Bueno,Bueno,1,ISUZU,AZUL,1,MINISTERIO PÚBLICO,30,MASCULINO,SIN DATOS,0,0,Tacámbaro,Sin datos,abril,miércoles,17,-101.44997946918,19.2019497719295
28649,28654,2020,,2020/04/01,22:30:00,COLISIÓN POR CORTE DE CIRCULACIÓN,SIN_DATOS,Bueno,Bueno,1,NISSAN,BLANCO Y ROJO,1,MINISTERIO PÚBLICO,49,MASCULINO,SIN DATOS,0,0,Morelia,Los Fresnos,abril,miércoles,23,-101.119376420975,19.7319217951232
28650,28655,2020,,2020/04/02,"08:50:00",COLISIÓN POR CORTE DE CIRCULACIÓN,ASFALTO,Bueno,Bueno,1,NISSAN/TSURU,ROJO,1,,41,MASCULINO,SIN DATOS,0,0,Morelia,Sin datos,abril,jueves,9,-101.355050057173,19.6783620078036
28651,28656,2020,,2020/04/02,"09:26:00",COLISIÓN POR CORTE DE CIRCULACIÓN,ASFALTO,Bueno,Bueno,2,VOLKSWAGEN,PLATA,2,,52,FEMENINO,SIN DATOS,0,0,Morelia,Los Girasoles,abril,jueves,9,-101.212972104549,19.69073583686
28652,28657,2020,,2020/04/02,10:40:00,COLISIÓN POR ALCANCE,CONCRETO,Bueno,Bueno,2,VOLKSWAGEN,GRIS,2,,27,MASCULINO,SIN DATOS,0,0,Morelia,Enrique Ramirez,abril,jueves,11,-101.165904700756,19.7100663533823
28653,28658,2020,,2020/04/02,11:50:00,COLISIÓN POR ALCANCE,ASFALTO,Bueno,Bueno,2,HYUNDAI/I10,BLANCO,2,,33,MASCULINO,SIN DATOS,0,0,Morelia,Campestre Los Manantiales,abril,jueves,12,-101.238339096308,19.6882458056915
28654,28659,2020,MOR200263103,2020/04/02,14:50:00,VOLCADURA,SIN_DATOS,Bueno,Bueno,1,NISSAN,AZUL,1,,0,,SIN DATOS,0,0,Tarímbaro,Club Erandeni,abril,jueves,15,-101.185834519565,19.7555832642157