fid,id_accidente,anio_origen,folio_c5i,dia_incidente,hora_ocurrencia,tipo_incidente_vial,superficie_ocurrencia,condiciones_climaticas,condiciones_via,numero_vehiculos_involucrados,marca_vehiculo_ocasiona_siniestro,color_vehiculo_ocasiona_siniestro,numero_personas_involucradas,lugar_remite_presunto_responsable,edad_presunto_responsable,sexo_presunto_responsable,resultados_toxicologia,numero_personas_lesionadas,numero_personas_fallecidas,municipio,colonia,mes,dia_semana,hora_redondeada,lon,lat
28655,28660,2020,,2020/04/02,15:00:00,COLISIÓN CONTRA OBJETO FIJO,ASFALTO,Bueno,Bueno,1,TOYOTA,BLANCO,1,,45,MASCULINO,SIN DATOS,0,0,Morelia,Sin datos,abril,jueves,15,-101.315571293235,19.6522143096405
28656,28661,2020,,2020/04/02,15:40:00,COLISIÓN POR CORTE DE CIRCULACIÓN,CONCRETO,Bueno,Bueno,2,JEPP,ROJO,3,MINISTERIO PÚBLICO,0,FEMENINO,SIN DATOS,1,0,Morelia,Vasco de Quiroga,abril,jueves,16,-101.171909539592,19.7025724458432
28657,28662,2020,,2020/04/02,17:20:00,COLISIÓN CONTRA OBJETO FIJO,ASFALTO,Bueno,Bueno,1,NISSAN,BLANCO,1,,0,MASCULINO,SIN DATOS,0,0,Morelia,Nueva Valladolid,abril,jueves,17,-101.216003336012,19.698842059499
28658,28663,2020,MOR 200017981,2020/04/02,20:13:00,COLISIÓN POR ALCANCE,CONCRETO,Bueno,Bueno,2,NISSAN,ROJO,2,,73,MASCULINO,ALIENTO ETÍLICO,0,0,Morelia,Articulo Constitucional,abril,jueves,20,-101.171576231718,19.7144725256808
28659,28664,2020,,2020/04/02,21:05:00,COLISIÓN POR CORTE DE CIRCULACIÓN,ASFALTO,Bueno,Bueno,2,HONDA,NEGRO,2,MINISTERIO PÚBLICO,37,FEMENINO,SIN DATOS,0,0,Morelia,5 de Mayo,abril,jueves,21,-101.17543291,19.7031789799992
28660,28665,2020,MOR200264408,2020/04/02,21:48:00,COLISIÓN POR ALCANCE,ASFALTO,Bueno,Bueno,1,VOLKSWAGEN,GRIS,2,,33,MASCULINO,ALIENTO ETÍLICO,0,0,Morelia,Eduardo Ruiz,abril,jueves,22,-101.218450181186,19.7194154373564
28661,28666,2020,,2020/04/03,"03:30:00",COLISIÓN CONTRA OBJETO FIJO,ASFALTO,Bueno,Bueno,1,VOLKSWAGEN,MORADO,1,,31,MASCULINO,CON CERTIFICADO,0,0,Morelia,Sin datos,abril,viernes,4,-101.336892843246,19.5557335670543
28663,28668,2020,,2020/04/03,10:31:00,COLISIÓN CON PEATÓN,ASFALTO,Bueno,Bueno,2,DODGE,GRIS,1,MINISTERIO PÚBLICO,20,MASCULINO,SIN DATOS,0,0,Hidalgo,Sin datos,abril,viernes,11,-100.619004629552,19.7073727209281
28664,28669,2020,,2020/04/03,13:40:00,COLISIÓN POR CAMBIO DE CARRIL,ASFALTO,Bueno,Bueno,2,TOYOTA PANEL,BLANCO Y GRIS,2,,25,MASCULINO,SIN DATOS,0,0,Morelia,Camelinas,abril,viernes,14,-101.17262119,19.6818144849991
28665,28670,2020,,2020/04/03,20:00:00,COLISIÓN POR CORTE DE CIRCULACIÓN,ASFALTO,Bueno,Bueno,2,VOLKSWAGEN,ROJO,2,,55,MASCULINO,CON CERTIFICADO,0,0,Morelia,Felix Ireta,abril,viernes,20,-101.19214836,19.6911467449992
28666,28671,2020,LEG30217,2020/04/03,20:20:00,COLISIÓN POR CAMBIO DE CARRIL,ASFALTO,Bueno,Bueno,2,MERCEDES BENZ,AMARILLO/GUINDA,2,,30,MASCULINO,SIN DATOS,0,0,Morelia,Centro,abril,viernes,20,-101.18218963,19.7028850649992
28667,28672,2020,LEG30222,2020/04/03,20:50:00,COLISIÓN POR INVASIÓN DE CARRIL,ASFALTO,Bueno,Bueno,2,NISSAN,NEGRO,2,,52,MASCULINO,CON CERTIFICADO,0,0,Tarímbaro,Galaxias Tarimbaro,abril,viernes,21,-101.194091,19.761033
28668,28673,2020,LEG30220,2020/04/03,22:30:00,COLISIÓN CONTRA OBJETO FIJO,ASFALTO,Nublado,Bueno,1,DINAMO,AZUL,1,,0,MASCULINO,SIN DATOS,0,0,Morelia,Ciudad Industrial,abril,viernes,23,-101.162973716855,19.7236575526186
28669,28674,2020,LEG30236,2020/04/04,"07:05:00",COLISIÓN POR CORTE DE CIRCULACIÓN,ASFALTO,Bueno,Bueno,2,YAMAHA,BLANCO,2,,39,MASCULINO,SIN DATOS,0,0,Morelia,Nueva Valladolid,abril,sábado,7,-101.210570186377,19.7008893839663
28670,28675,2020,,2020/04/04,"08:45:00",COLISIÓN POR CORTE DE CIRCULACIÓN,ASFALTO,Bueno,Bueno,2,SIN DATOS,SIN DATOS,2,,,,SIN DATOS,0,0,Morelia,Felix Ireta,abril,sábado,9,-101.19214836,19.6911467449992
28671,28676,2020,,2020/04/04,"08:53:00",COLISIÓN POR CORTE DE CIRCULACIÓN,ASFALTO,Bueno,Bueno,2,TOYOTA,BLANCO Y GRIS,2,,45,MASCULINO,SIN DATOS,0,0,Morelia,Dr Miguel Silva,abril,sábado,9,-101.187927793444,19.7204887484457
28672,28677,2020,,2020/04/04,"09:40:00",COLISIÓN POR MANIOBRA DE REVERSA,CONCRETO,Bueno,Bueno,2,CHEVROLET,BLANCO,2,,35,MASCULINO,SIN DATOS,0,0,Morelia,Tinijaro,abril,sábado,10,-101.26316,19.6963297049991
28673,28678,2020,,2020/04/04,11:30:00,COLISIÓN POR ALCANCE,ASFALTO,Bueno,Bueno,2,INTERNATIONAL,BLANCO Y VERDE,2,,30,MASCULINO,SIN DATOS,0,0,Morelia,Felix Ireta,abril,sábado,12,-101.195671856403,19.6815028291346
28675,28680,2020,,2020/04/04,14:35:00,CAIDA DE MOTOCICLETA,ASFALTO,Bueno,Bueno,1,ITALIKA,AZUL,1,,18,MASCULINO,SIN DATOS,0,0,Tarímbaro,Real Hacienda,abril,sábado,15,-101.196378953755,19.750774950463
28677,28682,2020,,2020/04/04,15:40:00,COLISIÓN POR CORTE DE CIRCULACIÓN,ASFALTO,Bueno,Bueno,2,NISSAN NP300,BLANCO,2,MINISTERIO PÚBLICO,,MASCULINO,SIN DATOS,0,0,Lázaro Cárdenas,Jose Green,abril,sábado,16,-102.200844101608,17.9651044553343
28678,28683,2020,,2020/04/04,16:00:00,COLISIÓN POR CORTE DE CIRCULACIÓN,ASFALTO,Bueno,Bueno,2,DODGE,NEGRO,2,,0,FEMENINO,SIN DATOS,0,0,Morelia,Camelinas,abril,sábado,16,-101.17422479,19.6818279999991
28679,28684,2020,,2020/04/04,17:00:00,COLISIÓN CONTRA OBJETO FIJO,ASFALTO,Bueno,Bueno,2,ITALIKA,GRIS Y  NEGRO,2,MINISTERIO PÚBLICO,17,MASCULINO,SIN DATOS,0,0,Morelia,Camelinas,abril,sábado,17,-101.175860725343,19.681582698449
28680,28685,2020,,2020/04/04,17:20:00,CAIDA DE MOTOCICLETA,ASFALTO,Bueno,Bueno,1,HONDA,BLANCO,1,,52,MASCULINO,ALIENTO ETÍLICO,0,0,Morelia,Colinas del Sur,abril,sábado,17,-101.19849641,19.6626675899991
28681,28686,2020,,2020/04/04,18:00:00,SALIDA DE SUPERFICIE DE RODAMIENTO,ASFALTO,Bueno,Bueno,1,ITALIKA,NEGRO/AZUL,2,MINISTERIO PÚBLICO,42,MASCULINO,SIN DATOS,1,0,Puruándiro,Sin datos,abril,sábado,18,-101.55251763761,20.0939473766358
28683,28688,2020,,2020/04/04,21:00:00,COLISIÓN POR ALCANCE,SIN_DATOS,Bueno,Bueno,2,VOLKSWAGEN,BLANCO,2,,,MASCULINO,SIN DATOS,0,0,Morelia,Sentimientos de La Nacion,abril,sábado,21,-101.233228482306,19.6782117367904
28685,28690,2020,,2020/04/05,16:00:00,COLISIÓN POR ALCANCE,ASFALTO,Bueno,Bueno,2,WOLKSWAGEN,NEGRO,2,,,,SIN DATOS,0,0,Morelia,Indeco Santiaguito,abril,domingo,16,-101.17860596627,19.7201643882915
28686,28691,2020,,2020/04/05,17:20:00,SALIDA DE SUPERFICIE DE RODAMIENTO,ASFALTO,Bueno,Bueno,1,TOYOTA,AZUL,2,MINISTERIO PÚBLICO,29,,SIN DATOS,0,1,Tacámbaro,Sin datos,abril,domingo,17,-101.494527608156,19.3837925576569
28687,28692,2020,"200271932",2020/04/05,17:30:00,COLISIÓN CONTRA OBJETO FIJO,ASFALTO,Bueno,Bueno,1,CHEVROLET,NEGRO,1,,72,MASCULINO,CON CERTIFICADO,0,0,Morelia,Dr Miguel Silva,abril,domingo,18,-101.187927793444,19.7204887484457
28688,28693,2020,LEG30241,2020/04/05,17:30:00,COLISIÓN CONTRA OBJETO FIJO,ASFALTO,Bueno,Bueno,2,NISSAN,BLANCO ORO Y VERDE,2,,53,MASCULINO,SIN DATOS,0,0,Morelia,Clara Cordova Moran,abril,domingo,18,-101.181711641348,19.7345365875832
28689,28694,2020,LEG30247,2020/04/05,17:43:00,COLISIÓN POR MANIOBRA DE REVERSA,ASFALTO,Bueno,Bueno,2,TOYOTA,BLANCO Y MORADO,2,,35,MASCULINO,SIN DATOS,0,0,Morelia,Francisco J Mujica,abril,domingo,18,-101.190876066685,19.7227306153883
28691,28696,2020,LEG30243,2020/04/05,18:45:00,COLISIÓN CONTRA OBJETO FIJO,ASFALTO,Bueno,Bueno,1,CHEVROLET,GRIS,1,,37,MASCULINO,SIN DATOS,0,0,Tarímbaro,Sin datos,abril,domingo,19,-101.123,19.7713
28692,28697,2020,LEG30244,2020/04/05,19:20:00,COLISIÓN POR CORTE DE CIRCULACIÓN,ASFALTO,Bueno,Bueno,1,HONDA,GRIS,1,MINISTERIO PÚBLICO,0,,SIN DATOS,0,0,Morelia,Sin datos,abril,domingo,19,-101.410783229763,19.6413670242569
28693,28698,2020,LEG30245,2020/04/05,21:50:00,COLISIÓN POR ALCANCE,ASFALTO,Bueno,Bueno,2,FORD,NARANJA,2,,48,MASCULINO,SIN DATOS,0,0,Morelia,Campestre Los Manantiales,abril,domingo,22,-101.238338761032,19.6882350727147
28694,28699,2020,"200272932",2020/04/05,23:25:00,SALIDA DE SUPERFICIE DE RODAMIENTO,ASFALTO,Bueno,Regular,2,SE DESCONOCE,SE DESCONOCE,2,MINISTERIO PÚBLICO,,,SIN DATOS,1,0,Morelia,Loma de Los Piñones,abril,domingo,23,-101.205085068941,19.6739924101579
28695,28700,2020,MOR200274317,2020/04/06,"00:00:00",COLISIÓN POR ALCANCE,CONCRETO,Bueno,Bueno,2,NISSAN,AZUL,2,,39,MASCULINO,SIN DATOS,0,0,Morelia,Montaña Monarca,abril,lunes,0,-101.165131339569,19.6698293896465
28696,28701,2020,,2020/04/06,"02:25:00",COLISIÓN CONTRA OBJETO FIJO,CONCRETO,Bueno,Bueno,2,HONDA,GRIS,2,,25,MASCULINO,SIN DATOS,0,0,Morelia,Dr Miguel Silva,abril,lunes,2,-101.17843799293,19.7197478075422
28697,28702,2020,,2020/04/06,"05:30:00",VOLCADURA,ASFALTO,Bueno,Regular,1,CHEVROLET,BLANCO,0,,,,,0,0,Huandacareo,Sin datos,abril,lunes,6,-101.244851499796,19.9686891885281
28699,28704,2020,,2020/04/06,10:00:00,COLISIÓN POR CORTE DE CIRCULACIÓN,CONCRETO,Bueno,Bueno,2,VOLKSWAGEN,ROJO,2,,27,MASCULINO,SIN DATOS,0,0,Morelia,Ignacio Lopez Rayon,abril,lunes,10,-101.250591165,19.6897065849991
28700,28705,2020,,2020/04/06,12:30:00,CAIDA DE MOTOCICLETA,ASFALTO,Bueno,Bueno,1,ITALIKA,VERDE,2,MINISTERIO PÚBLICO,20,MASCULINO,SIN DATOS,1,0,Zacapu,Sin datos,abril,lunes,13,-101.770191974938,19.785100192666
28701,28706,2020,MOR200272932,2020/04/06,12:31:00,COLISIÓN CONTRA OBJETO FIJO,ASFALTO,Bueno,Bueno,2,FORD,PLATA,2,,25,FEMENINO,SIN DATOS,0,0,Morelia,Indeco Santiaguito,abril,lunes,13,-101.1774522,19.7214697599991
28703,28708,2020,,2020/04/06,15:45:00,COLISIÓN POR ALCANCE,ASFALTO,Bueno,Bueno,2,NISSAN,ROJO,2,,28,MASCULINO,SIN DATOS,0,0,Morelia,Virrey Antonio de Mendoza,abril,lunes,16,-101.160937349749,19.707873673805
28704,28709,2020,,2020/04/06,16:28:00,COLISIÓN CONTRA OBJETO FIJO,ASFALTO,Bueno,Bueno,2,NISSAN,GRIS,2,,20,MASCULINO,ALIENTO ETÍLICO,0,0,Morelia,La Huerta,abril,lunes,16,-101.214827845,19.6719819599992
28705,28710,2020,,2020/04/06,18:50:00,COLISIÓN POR MANIOBRA DE REVERSA,ASFALTO,Bueno,Bueno,2,FORD,AMARILLO,2,,45,MASCULINO,SIN DATOS,0,0,Tarímbaro,Cumbres del Campreste,abril,lunes,19,-101.127068996429,19.7704075126096
28706,28711,2020,MOR200275098,2020/04/06,20:00:00,COLISIÓN POR ALCANCE,ASFALTO,Bueno,Bueno,2,CHEVROLET,GRIS,2,,46,MASCULINO,SIN DATOS,0,0,Morelia,Ilustres Novohispanos,abril,lunes,20,-101.15306454,19.7086520799991
28707,28712,2020,,2020/04/06,21:25:00,COLISIÓN POR CAMBIO DE CARRIL,ASFALTO,Bueno,Bueno,4,DINA,BLANCO,3,,38,MASCULINO,SIN DATOS,0,0,Tangamandapio,Sin datos,abril,lunes,21,-102.378219924867,19.9247100785257
28708,28713,2020,MOR200262477,2020/04/06,22:08:00,COLISIÓN POR CORTE DE CIRCULACIÓN,ASFALTO,Bueno,Bueno,2,NISSAN,AZUL,2,,33,MASCULINO,SIN DATOS,0,0,Morelia,Enrique Arreguin Robles,abril,lunes,22,-101.17940323,19.7207785399991
28709,28714,2020,,2020/04/07,"07:00:00",COLISIÓN POR CORTE DE CIRCULACIÓN,SIN_DATOS,Bueno,Bueno,1,ITALIKA,NEGRO,0,MINISTERIO PÚBLICO,,,,0,0,Hidalgo,Sin datos,abril,martes,7,-100.739353001118,19.6705979262295
28710,28715,2020,MOR200276527,2020/04/07,12:20:00,COLISIÓN POR CORTE DE CIRCULACIÓN,ASFALTO,Bueno,Bueno,2,ITALIKA,AZUL,2,,33,MASCULINO,SIN DATOS,0,0,Morelia,Del Empleado,abril,martes,12,-101.177286654711,19.6908472686376
28711,28716,2020,"200276758",2020/04/07,14:20:00,COLISIÓN POR MANIOBRA DE REVERSA,ASFALTO,Bueno,Regular,2,NISSAN,ROJO,2,MINISTERIO PÚBLICO,18,MASCULINO,SIN DATOS,0,0,Morelia,Central de Abastos,abril,martes,14,-101.16849568,19.7166130399991
28712,28717,2020,MOR200277092,2020/04/07,16:00:00,COLISIÓN POR NO RESPETAR SEMÁFORO,ASFALTO,Bueno,Bueno,2,ITALIKA,NARANJA,2,,,MASCULINO,SIN DATOS,0,0,Morelia,Jardines del Rincon,abril,martes,16,-101.149283382681,19.68870732649
28713,28718,2020,,2020/04/07,21:45:00,COLISIÓN CONTRA OBJETO FIJO,ASFALTO,Bueno,Bueno,2,NISSAN,BLANCO,2,,32,MASCULINO,SIN DATOS,0,0,Uruapan,Sin datos,abril,martes,22,-102.234938666224,19.5637328725599
28714,28719,2020,,2020/04/08,"08:20:00",COLISIÓN POR CORTE DE CIRCULACIÓN,ASFALTO,Bueno,Bueno,2,NISSAN,GRIS,3,,41,FEMENINO,SIN DATOS,1,0,Morelia,Union Popular Solidaria,abril,miércoles,8,-101.22034401,19.7064139049991
28716,28721,2020,,2020/04/08,10:20:00,COLISIÓN CONTRA OBJETO FIJO,CONCRETO,Bueno,Bueno,1,FORD,BLANCO,1,,39,MASCULINO,SIN DATOS,0,0,Morelia,Esther Tapia,abril,miércoles,10,-101.21852906,19.7136678999991
28717,28722,2020,,2020/04/08,14:25:00,COLISIÓN POR ALCANCE,ASFALTO,Bueno,Bueno,2,------------,------------,3,,14,MASCULINO,SIN DATOS,1,0,Morelia,Prados Verdes,abril,miércoles,14,-101.201404742897,19.7149267080288
28718,28723,2020,,2020/04/08,14:35:00,COLISIÓN CON PEATÓN,ASFALTO,Bueno,Bueno,1,FAMSA,ROJO,2,MINISTERIO PÚBLICO,40,MASCULINO,SIN DATOS,0,1,Tuxpan,El Mirador,abril,miércoles,15,-100.472268520865,19.5673926817165
28719,28724,2020,,2020/04/08,15:15:00,COLISIÓN POR ALCANCE,ASFALTO,Bueno,Bueno,2,VOLKSWAGEN /GOL,PLATA,2,,21,MASCULINO,SIN DATOS,0,0,Morelia,Lomas de Las Americas Norte,abril,miércoles,15,-101.148151829839,19.6946725198512
28720,28725,2020,MOR200279988,2020/04/08,15:46:00,COLISIÓN POR CORTE DE CIRCULACIÓN,ASFALTO,Bueno,Bueno,2,DODGE,PLATA,2,,0,MASCULINO,SIN DATOS,0,0,Morelia,Nueva Valladolid,abril,miércoles,16,-101.211483945359,19.6992598320994
28721,28726,2020,,2020/04/08,17:00:00,SALIDA DE SUPERFICIE DE RODAMIENTO,ASFALTO,Bueno,Bueno,1,CHEVROLET,GRIS,1,MINISTERIO PÚBLICO,,,SIN DATOS,0,0,Tarímbaro,Metropolis,abril,miércoles,17,-101.204266995192,19.7579368806534
28722,28727,2020,,2020/04/08,22:10:00,COLISIÓN CONTRA OBJETO FIJO,ASFALTO,Bueno,Bueno,1,JEEP GRAN CHEROKEE,GRANITO,1,,47,MASCULINO,ALIENTO ETÍLICO,0,0,Morelia,Felix Ireta,abril,miércoles,22,-101.190105135,19.6853188699992
28723,28728,2020,,2020/04/09,"02:40:00",COLISIÓN CONTRA OBJETO FIJO,ASFALTO,Bueno,Bueno,1,JEEP,GRIS,1,MINISTERIO PÚBLICO,30,MASCULINO,SIN DATOS,0,0,Morelia,Vista Bella,abril,jueves,3,-101.195925675947,19.6790442736003
28724,28729,2020,MOR200282639,2020/04/09,15:30:00,SALIDA DE SUPERFICIE DE RODAMIENTO,ASFALTO,Bueno,Bueno,1,BMW,BLANCO Y NEGRO,1,MINISTERIO PÚBLICO,19,MASCULINO,SIN DATOS,0,0,Morelia,Pascual Ortiz de Ayala,abril,jueves,16,-101.149527132511,19.6953571916623
28725,28730,2020,LEG30280,2020/04/09,15:30:00,COLISIÓN POR ALCANCE,ASFALTO,Bueno,Bueno,2,MAZDA,GRIS,2,,34,MASCULINO,SIN DATOS,0,0,Morelia,Centro,abril,jueves,16,-101.18218963,19.7028850649992
28726,28731,2020,,2020/04/09,17:20:00,COLISIÓN POR CORTE DE CIRCULACIÓN,ASFALTO,Bueno,Bueno,2,FREIGHTLINER,AMARILLO,2,MINISTERIO PÚBLICO,38,MASCULINO,SIN DATOS,0,0,Zacapu,Anahuac,abril,jueves,17,-101.779465377331,19.8178100383653
28727,28732,2020,LEG30284,2020/04/09,21:30:00,COLISIÓN CONTRA OBJETO FIJO,ASFALTO,Bueno,Bueno,1,GMC,BLANCO,0,,,,,0,0,Morelia,Tinijaro,abril,jueves,22,-101.26316,19.6963297049991
28728,28733,2020,LEG30285,2020/04/10,"00:20:00",COLISIÓN CONTRA OBJETO FIJO,TERRACERIA,Bueno,Bueno,1,NISSAN,GRIS,0,,,,,0,0,Morelia,Puebla,abril,viernes,0,-101.19895356296,19.7469169387801
28729,28734,2020,MOR200675436,2020/04/10,12:40:00,SALIDA DE SUPERFICIE DE RODAMIENTO,ASFALTO,Bueno,Bueno,2,FORD,ROJO,2,,0,MASCULINO,SIN DATOS,0,0,Morelia,Cundagua,abril,viernes,13,-101.168410515522,19.6807547216546
28730,28735,2020,,2020/04/10,15:42:00,COLISIÓN POR INVASIÓN DE CARRIL,ASFALTO,Bueno,Bueno,2,NISSAN,GRIS,3,,29,MASCULINO,SIN DATOS,1,0,Acuitzio,Sin datos,abril,viernes,16,-101.311192251742,19.4498820920652
28732,28737,2020,,2020/04/10,19:00:00,COLISIÓN POR CORTE DE CIRCULACIÓN,CONCRETO,Bueno,Bueno,2,VENTO,ROJO,2,,23,MASCULINO,SIN DATOS,0,0,Morelia,Villas Oriente,abril,viernes,19,-101.144168047381,19.7544730091077
28733,28738,2020,LEG30282,2020/04/10,22:25:00,COLISIÓN CONTRA OBJETO FIJO,CONCRETO,Bueno,Regular,4,FORD,VERDE,5,,65,MASCULINO,SIN DATOS,1,0,Morelia,Francisco Javier Clavijero,abril,viernes,22,-101.143446485,19.6990719899991
28734,28739,2020,,2020/04/11,"00:00:00",COLISIÓN POR CAMBIO DE CARRIL,ASFALTO,Bueno,Bueno,2,YAMAHA,NEGRO,2,MINISTERIO PÚBLICO,32,MASCULINO,SIN DATOS,1,0,Coeneo,Sin datos,abril,sábado,0,-101.705593653023,19.7559120594822
28735,28740,2020,,2020/04/11,"02:40:00",COLISIÓN CONTRA OBJETO FIJO,CONCRETO,Bueno,Bueno,1,NISSAN,TURQUESA,1,,27,MASCULINO,CON CERTIFICADO,0,0,Morelia,Indeco Expropiacion Petrolera,abril,sábado,3,-101.22780591,19.6867023449991
28736,28741,2020,LEG30300,2020/04/11,"08:50:00",COLISIÓN POR CORTE DE CIRCULACIÓN,ASFALTO,Bueno,Bueno,1,VOLKSWAGEN,GRIS,1,,29,MASCULINO,ALIENTO ETÍLICO,0,0,Morelia,Torreon Nuevo,abril,sábado,9,-101.20358663,19.7462449699991
28738,28743,2020,"200286905",2020/04/11,17:00:00,COLISIÓN POR CORTE DE CIRCULACIÓN,ASFALTO,Bueno,Bueno,2,VOLKSWAGEN,CAFE,2,,43,MASCULINO,SIN DATOS,0,0,Morelia,La Calera,abril,sábado,17,-101.239700185,19.6710505399991
28740,28745,2020,,2020/04/11,18:20:00,COLISIÓN POR CORTE DE CIRCULACIÓN,ASFALTO,Bueno,Bueno,2,SIN DATOS,SIN DATOS,2,,0,,SIN DATOS,0,0,Morelia,Felix Ireta,abril,sábado,18,-101.188582604864,19.6860148664875
28741,28746,2020,MOR200288239,2020/04/11,18:50:00,COLISIÓN CONTRA OBJETO FIJO,ASFALTO,Bueno,Bueno,1,HONDA,GRIS,1,,50,MASCULINO,ALIENTO ETÍLICO,0,0,Morelia,Sin datos,abril,sábado,19,-101.118806451559,19.6882458056915
28742,28747,2020,,2020/04/11,23:21:00,COLISIÓN POR CORTE DE CIRCULACIÓN,ASFALTO,Bueno,Bueno,1,VOLKSWAGEN,BLANCO,1,,28,MASCULINO,ALIENTO ETÍLICO,0,0,Tarímbaro,Sin datos,abril,sábado,23,-101.156855598092,19.7743332932709
28743,28748,2020,,2020/04/12,"00:20:00",VOLCADURA,ASFALTO,Bueno,Bueno,1,FORD,NEGRO,1,,36,MASCULINO,SIN DATOS,0,0,Peribán,Sin datos,abril,domingo,0,-102.447187900543,19.5550754706641
28744,28749,2020,,2020/04/12,"09:30:00",COLISIÓN POR ALCANCE,ASFALTO,Bueno,Bueno,2,VOLKSWAGEN,GRIS,5,MINISTERIO PÚBLICO,,,,5,0,Irimbo,Sin datos,abril,domingo,10,-100.468345955014,19.7037721971491
28745,28750,2020,,2020/04/12,"09:40:00",VOLCADURA,ASFALTO,Bueno,Bueno,1,CHRYSLER,GRIS,2,,24,,SIN DATOS,1,0,Cuitzeo,Mariano Escobedo,abril,domingo,10,-101.065781190991,19.9653832391829
28746,28751,2020,,2020/04/12,14:00:00,COLISIÓN POR CORTE DE CIRCULACIÓN,CONCRETO,Bueno,Bueno,2,NISSAN PLATINA,AZUL,2,,,MASCULINO,SIN DATOS,0,0,Morelia,Agustin Arriaga Rivera,abril,domingo,14,-101.222058275,19.6890422049991
28747,28752,2020,,2020/04/12,14:00:00,COLISIÓN POR CORTE DE CIRCULACIÓN,ASFALTO,Bueno,Bueno,2,VENTO,ROJO,2,,,MASCULINO,SIN DATOS,0,0,Morelia,Centro,abril,domingo,14,-101.18218963,19.7028850649992
28748,28753,2020,,2020/04/12,14:25:00,VOLCADURA,ASFALTO,Bueno,Bueno,1,S/D,GUINDA,0,,,,,0,0,Peribán,Sin datos,abril,domingo,14,-102.451230660081,19.46634376925
28749,28754,2020,,2020/04/12,14:30:00,COLISIÓN POR ALCANCE,ASFALTO,Bueno,Regular,2,JEEP,ROJO,0,MINISTERIO PÚBLICO,,,,0,0,Senguio,Sin datos,abril,domingo,15,-100.310694426298,19.7620451344819
28750,28755,2020,,2020/04/12,15:50:00,COLISIÓN POR CORTE DE CIRCULACIÓN,CONCRETO,Bueno,Bueno,2,MERCEDES BENZ,VERDE,2,,,MASCULINO,SIN DATOS,0,0,Tarímbaro,Cumbres del Campreste,abril,domingo,16,-101.127589344978,19.7716912266019
28752,28757,2020,,2020/04/12,20:00:00,SALIDA DE SUPERFICIE DE RODAMIENTO,ASFALTO,Bueno,Bueno,1,FORD,AMARILLO,0,MINISTERIO PÚBLICO,,,,0,0,Morelia,Los Angeles,abril,domingo,20,-101.167963479351,19.7444751194994
28753,28758,2020,,2020/04/12,20:00:00,COLISIÓN POR ALCANCE,ASFALTO,Bueno,Bueno,2,NISSAN,NEGRO,4,MINISTERIO PÚBLICO,,,SIN DATOS,1,1,Tacámbaro,Sin datos,abril,domingo,20,-101.499935947359,19.1163896156498
28754,28759,2020,,2020/04/12,20:00:00,COLISIÓN POR ALCANCE,ASFALTO,Bueno,Bueno,3,FORD,BLANCO,3,,17,MASCULINO,SIN DATOS,0,0,Tuxpan,Sin datos,abril,domingo,20,-100.474686331369,19.5428769513597
28755,28760,2020,,2020/04/12,21:25:00,COLISIÓN POR ALCANCE,ASFALTO,Bueno,Bueno,2,TOYOTA,BLANCO,2,,59,MASCULINO,SIN DATOS,0,0,Tarímbaro,Centro,abril,domingo,21,-101.176869,19.792979
28756,28761,2020,,2020/04/12,21:35:00,COLISIÓN POR ALCANCE,ASFALTO,Bueno,Bueno,2,DODGE/ATOS,GRIS,2,,31,MASCULINO,CON CERTIFICADO,0,0,Morelia,Centro,abril,domingo,22,-101.18218963,19.7028850649992
28757,28762,2020,,2020/04/12,23:57:00,COLISIÓN CONTRA OBJETO FIJO,ASFALTO,Bueno,Bueno,1,NISSAN,AZUL,0,,,,,0,0,Tuxpan,Sin datos,abril,domingo,0,-100.470946356654,19.6114942061278
28758,28763,2020,,2020/04/13,"02:30:00",VOLCADURA,ASFALTO,Bueno,Bueno,1,WOLKSWAGEN,ROJO,1,,27,MASCULINO,SIN DATOS,0,0,Morelia,Ciudad Industrial,abril,lunes,3,-101.130740424081,19.7365358564376
28759,28764,2020,,2020/04/13,"03:33:00",COLISIÓN POR CAMBIO DE CARRIL,CONCRETO,Bueno,Bueno,2,S/D,S/D,3,MINISTERIO PÚBLICO,,,SIN DATOS,1,0,Morelia,Colinas del Sur,abril,lunes,4,-101.198434196413,19.6667360795112
28760,28765,2020,MOR200292529,2020/04/13,10:15:00,COLISIÓN POR CORTE DE CIRCULACIÓN,ASFALTO,Bueno,Bueno,2,VENTO,NEGRO,2,,25,MASCULINO,SIN DATOS,0,0,Morelia,Tenencia Morelos,abril,lunes,10,-101.243929623155,19.6466055443724
28761,28766,2020,,2020/04/13,12:30:00,CAIDA DE MOTOCICLETA,CONCRETO,Bueno,Bueno,1,HONDA,NEGRO,1,MINISTERIO PÚBLICO,,,,1,0,Morelia,Puerta Madero,abril,lunes,13,-101.18280809,19.6710698349991
28762,28767,2020,LEG30327,2020/04/13,13:30:00,SALIDA DE SUPERFICIE DE RODAMIENTO,TERRACERIA,Bueno,Bueno,1,JEEP,ARENA,0,MINISTERIO PÚBLICO,,,,0,0,Charo,Sin datos,abril,lunes,14,-101.004412919283,19.5601752525454
28763,28768,2020,,2020/04/13,14:00:00,COLISIÓN POR MANIOBRA DE REVERSA,ASFALTO,Bueno,Bueno,2,WOLKSWAGEN,PLATA,2,,,MASCULINO,SIN DATOS,0,0,Morelia,La Colina,abril,lunes,14,-101.214980483583,19.7071787355346
28764,28769,2020,MOR200293325,2020/04/13,14:42:00,COLISIÓN POR ALCANCE,ASFALTO,Bueno,Bueno,2,DODGE,GRIS,0,,,,,0,0,Morelia,Elias Perez Avalos,abril,lunes,15,-101.167813022979,19.7136335493406