fid,id_accidente,anio_origen,folio_c5i,dia_incidente,hora_ocurrencia,tipo_incidente_vial,superficie_ocurrencia,condiciones_climaticas,condiciones_via,numero_vehiculos_involucrados,marca_vehiculo_ocasiona_siniestro,color_vehiculo_ocasiona_siniestro,numero_personas_involucradas,lugar_remite_presunto_responsable,edad_presunto_responsable,sexo_presunto_responsable,resultados_toxicologia,numero_personas_lesionadas,numero_personas_fallecidas,municipio,colonia,mes,dia_semana,hora_redondeada,lon,lat
28765,28770,2020,LEG30322,2020/04/13,16:07:00,VOLCADURA,ASFALTO,Bueno,Bueno,1,FORD,NEGRO,0,,,,,0,0,Tzitzio,Sin datos,abril,lunes,16,-100.905906446278,19.4518317340097
28766,28771,2020,MOR200294545,2020/04/13,16:33:00,COLISIÓN POR CORTE DE CIRCULACIÓN,ASFALTO,Bueno,Bueno,2,KIA,BLANCO,2,,,MASCULINO,SIN DATOS,0,0,Morelia,La Calera,abril,lunes,17,-101.239668130875,19.6719939922188
28767,28772,2020,,2020/04/13,17:25:00,CAIDA ACUATICA DE VEHÍCULO,ASFALTO,Bueno,Bueno,1,FORD,VERDE,1,,23,MASCULINO,SIN DATOS,0,0,Uruapan,Sin datos,abril,lunes,17,-102.312169186771,19.5520111641189
28769,28774,2020,MOR200294154,2020/04/13,19:10:00,COLISIÓN POR CORTE DE CIRCULACIÓN,ASFALTO,Bueno,Bueno,2,CHRYSLER,PLATA,2,,24,MASCULINO,SIN DATOS,0,0,Morelia,Torreon Nuevo,abril,lunes,19,-101.20358663,19.7462449699991
28770,28775,2020,MOR200294383,2020/04/13,19:29:00,COLISIÓN CONTRA OBJETO FIJO,ASFALTO,Bueno,Bueno,2,TOYOTA,BLANCO,2,,30,FEMENINO,SIN DATOS,0,0,Morelia,Poblado de Ocolusen,abril,lunes,19,-101.150127649172,19.6944699261717
28771,28776,2020,MOR200205046,2020/04/14,"00:00:00",COLISIÓN CONTRA OBJETO FIJO,ASFALTO,Bueno,Bueno,1,MAZDA,GRIS,1,,,,SIN DATOS,0,0,Morelia,Carlos Salazar,abril,martes,0,-101.209658559066,19.7124165765648
28772,28777,2020,,2020/04/14,"00:05:00",COLISIÓN CONTRA OBJETO FIJO,ASFALTO,Bueno,Bueno,1,NISSAN,BLANCO,1,,20,MASCULINO,SIN DATOS,0,0,Tangamandapio,Sin datos,abril,martes,0,-102.437097430229,19.8568595405261
28773,28778,2020,LEG30329,2020/04/14,"06:50:00",COLISIÓN CONTRA OBJETO FIJO,ASFALTO,Bueno,Bueno,1,VOLKSWAGEN,ARENA,0,,,,,0,0,Morelia,Alberto Oviedo Mota,abril,martes,7,-101.198908182011,19.681555672698
28774,28779,2020,MOR 200292229,2020/04/14,"09:01:00",COLISIÓN CONTRA OBJETO FIJO,TERRACERIA,Bueno,Bueno,1,VOLKSWAGEN,PLATA,1,,0,FEMENINO,SIN DATOS,0,0,Tarímbaro,Sin datos,abril,martes,9,-101.157288439572,19.7785865689124
28775,28780,2020,,2020/04/14,"09:26:00",COLISIÓN POR ALCANCE,ASFALTO,Bueno,Bueno,2,KIA,ROJO,2,,0,MASCULINO,SIN DATOS,0,0,Morelia,Prados del Campestre,abril,martes,9,-101.166126478092,19.681973228378
28776,28781,2020,,2020/04/14,13:00:00,SALIDA DE SUPERFICIE DE RODAMIENTO,ASFALTO,Bueno,Bueno,1,CHEVROLET,GRIS,1,,,MASCULINO,SIN DATOS,0,0,Morelia,Club de Golf Tres Marias,abril,martes,13,-101.107,19.7091
28778,28783,2020,,2020/04/14,15:00:00,COLISIÓN POR CORTE DE CIRCULACIÓN,ASFALTO,Bueno,Bueno,2,HONDA,GRIS,2,,26,MASCULINO,SIN DATOS,0,0,Morelia,Loma Bonita,abril,martes,15,-101.196434635,19.7196425599992
28779,28784,2020,,2020/04/14,15:10:00,COLISIÓN CONTRA OBJETO FIJO,ASFALTO,Bueno,Bueno,1,CHEVROLET,NEGRO,1,,23,FEMENINO,SIN DATOS,0,0,Morelia,Jesus Romero Flores,abril,martes,15,-101.178306817326,19.7315900393729
28780,28785,2020,,2020/04/14,15:30:00,COLISIÓN POR CORTE DE CIRCULACIÓN,ASFALTO,Bueno,Bueno,2,CHEVROLET,BLANCO,2,,40,FEMENINO,SIN DATOS,0,0,Morelia,Industrial,abril,martes,16,-101.189085515637,19.7123104021622
28781,28786,2020,,2020/04/14,15:40:00,CAIDA DE MOTOCICLETA,ASFALTO,Bueno,Bueno,1,DINAMO,VERDE,1,,0,MASCULINO,SIN DATOS,0,0,Morelia,Punta Alba,abril,martes,16,-101.136132851243,19.6880087330073
28783,28788,2020,MOR 200296664,2020/04/14,17:20:00,COLISIÓN POR CORTE DE CIRCULACIÓN,CONCRETO,Bueno,Bueno,2,NISSAN,BLANCO/AMARILLO,2,,0,MASCULINO,SIN DATOS,0,0,Morelia,Ignacio Lopez Rayon,abril,martes,17,-101.250808155,19.6897486449991
28784,28789,2020,,2020/04/14,18:25:00,COLISIÓN POR CORTE DE CIRCULACIÓN,ASFALTO,Bueno,Bueno,2,ITALIKA,NEGRO,2,,58,MASCULINO,SIN DATOS,0,0,Morelia,Union Popular Solidaria,abril,martes,18,-101.220220133013,19.7056458409566
28785,28790,2020,,2020/04/14,18:50:00,COLISIÓN POR CORTE DE CIRCULACIÓN,CONCRETO,Bueno,Bueno,2,TOYOTA/HI LUX,BLANCO,2,,40,MASCULINO,SIN DATOS,0,0,Morelia,Santillan La Huerta,abril,martes,19,-101.219553885717,19.6760966650679
28786,28791,2020,MOR 200296876,2020/04/14,19:25:00,COLISIÓN POR ALCANCE,CONCRETO,Bueno,Bueno,2,CHEVROLET,NEGRO,2,,0,MASCULINO,ALIENTO ETÍLICO,0,0,Morelia,Ampliacion La Soledad,abril,martes,19,-101.184743095,19.7297316299991
28787,28792,2020,,2020/04/14,21:30:00,COLISIÓN POR CORTE DE CIRCULACIÓN,ASFALTO,Bueno,Bueno,2,YAMAHA,ROJO,3,MINISTERIO PÚBLICO,35,MASCULINO,SIN DATOS,1,0,Morelia,Tinijaro,abril,martes,22,-101.26316,19.6963297049991
28788,28793,2020,MOR200290220,2020/04/15,"01:40:00",COLISIÓN CONTRA OBJETO FIJO,CONCRETO,Bueno,Bueno,1,BMW,NEGRO,1,,37,MASCULINO,SIN DATOS,0,0,Morelia,Bosques Tres Marias,abril,miércoles,2,-101.104066371918,19.7243929126847
28789,28794,2020,LEG30351,2020/04/15,"08:30:00",COLISIÓN CONTRA OBJETO FIJO,ASFALTO,Bueno,Bueno,1,NISSAN,BLANCO,1,,49,MASCULINO,SIN DATOS,0,0,Morelia,El Realito,abril,miércoles,9,-101.204248555005,19.7257263359332
28790,28795,2020,LEG30354,2020/04/15,12:50:00,COLISIÓN POR ALCANCE,CONCRETO,Bueno,Bueno,2,CHEVROLET,BEIGE,2,,34,,SIN DATOS,0,0,Morelia,Tres Puentes,abril,miércoles,13,-101.213739216328,19.7026709074088
28791,28796,2020,LEG30350,2020/04/15,13:20:00,COLISIÓN POR CAMBIO DE CARRIL,CONCRETO,Bueno,Bueno,2,FORD,GRIS,2,,41,MASCULINO,SIN DATOS,0,0,Morelia,Tinijaro,abril,miércoles,13,-101.26316,19.6963297049991
28792,28797,2020,LEG30355,2020/04/15,13:20:00,COLISIÓN POR CORTE DE CIRCULACIÓN,CONCRETO,Bueno,Bueno,1,NISSAN,BLANCO,0,,,,,0,0,Morelia,Tenencia Morelos,abril,miércoles,13,-101.249337355575,19.6459431877242
28793,28798,2020,MOR200298823,2020/04/15,14:30:00,COLISIÓN POR ALCANCE,ASFALTO,Bueno,Bueno,2,CHEVROLET,BLANCO,2,,0,MASCULINO,SIN DATOS,0,0,Morelia,Buenavista,abril,miércoles,15,-101.167648381005,19.7070362533738
28794,28799,2020,,2020/04/15,17:25:00,COLISIÓN POR CAMBIO DE CARRIL,ASFALTO,Bueno,Bueno,2,CHEVROLET,BLANCO,3,,33,MASCULINO,SIN DATOS,1,0,Peribán,Sin datos,abril,miércoles,17,-102.443881072104,19.5514901725071
28795,28800,2020,MOR200299430,2020/04/15,18:30:00,COLISIÓN CON PEATÓN,ASFALTO,Bueno,Bueno,1,CHEVROLET,ARENA,1,MINISTERIO PÚBLICO,,,,1,0,Morelia,Poblado de Ocolusen,abril,miércoles,19,-101.150127649172,19.6944699261717
28797,28802,2020,,2020/04/16,"09:00:00",COLISIÓN POR CORTE DE CIRCULACIÓN,CONCRETO,Bueno,Bueno,2,ITALIKA,BLANCO,3,MINISTERIO PÚBLICO,17,MASCULINO,SIN DATOS,1,0,Morelia,Guadalupe,abril,jueves,9,-101.22089894,19.7077912549992
28798,28803,2020,,2020/04/16,"09:30:00",SALIDA DE SUPERFICIE DE RODAMIENTO,ASFALTO,Bueno,Regular,1,NISSAN,GRIS,1,,38,MASCULINO,SIN DATOS,0,0,Chucándiro,Sin datos,abril,jueves,10,-101.294554173946,19.9051376698898
28799,28804,2020,,2020/04/16,10:11:00,COLISIÓN POR ALCANCE,ASFALTO,Bueno,Bueno,2,DODGE,BLANCO,2,,20,FEMENINO,SIN DATOS,0,0,Morelia,La Huerta,abril,jueves,10,-101.228095606748,19.6688894811145
28800,28805,2020,,2020/04/16,11:46:00,COLISIÓN POR CAMBIO DE CARRIL,ASFALTO,Bueno,Bueno,2,CHEVROLET,GRIS,2,,24,MASCULINO,SIN DATOS,0,0,Morelia,Jardines de Guadalupe,abril,jueves,12,-101.22803307,19.7122404199992
28801,28806,2020,,2020/04/16,14:05:00,COLISIÓN POR ALCANCE,CONCRETO,Bueno,Bueno,2,NISSAN,PLATA,2,,38,MASCULINO,SIN DATOS,0,0,Morelia,San Rafael,abril,jueves,14,-101.152337704762,19.6999683672239
28802,28807,2020,,2020/04/16,14:32:00,COLISIÓN POR CAMBIO DE CARRIL,ASFALTO,Bueno,Bueno,2,VOLKSWAGEN,GRIS,2,,0,MASCULINO,SIN DATOS,0,0,Morelia,Fovissste La Huerta,abril,jueves,15,-101.212213039398,19.692374791617
28803,28808,2020,MOR 200302180,2020/04/16,16:05:00,COLISIÓN POR MANIOBRA DE REVERSA,CONCRETO,Bueno,Bueno,2,DODGE,KHAKI,2,,49,MASCULINO,ALIENTO ETÍLICO,0,0,Morelia,La Colina,abril,jueves,16,-101.218261921124,19.7106687596334
28804,28809,2020,MOR200303854,2020/04/17,"00:00:00",COLISIÓN POR CORTE DE CIRCULACIÓN,ASFALTO,Bueno,Bueno,1,TOYOTA,NEGRO,0,,,,,0,0,Morelia,Sin datos,abril,viernes,0,-101.348329782486,19.5447815838364
28805,28810,2020,MOR200394670,2020/04/17,"00:00:00",COLISIÓN POR ALCANCE,ASFALTO,Bueno,Bueno,2,NISSA,GRIS,4,,0,MASCULINO,SIN DATOS,2,0,Morelia,Hacienda del Valle,abril,viernes,0,-101.22633740064,19.6660602146691
28806,28811,2020,LEG30367,2020/04/17,"06:30:00",COLISIÓN CONTRA OBJETO FIJO,ASFALTO,Bueno,Bueno,2,NISSAN,ARENA,2,,0,MASCULINO,SIN DATOS,0,0,Morelia,Lomas del Durazno,abril,viernes,7,-101.19300729,19.6648474299992
28807,28812,2020,MOR200304177,2020/04/17,"09:48:00",COLISIÓN POR CAMBIO DE CARRIL,ASFALTO,Bueno,Bueno,2,NISSAN,ROJO,2,,35,MASCULINO,SIN DATOS,0,0,Tarímbaro,Sin datos,abril,viernes,10,-101.170823369175,19.7524079253463
28808,28813,2020,MOR200304332,2020/04/17,11:10:00,COLISIÓN POR ALCANCE,ASFALTO,Bueno,Bueno,2,TOYOTA,PLATA,2,,20,MASCULINO,SIN DATOS,0,0,Morelia,Bosques de Oriente,abril,viernes,11,-101.154758629929,19.7162150912185
28809,28814,2020,MOR200304305,2020/04/17,11:35:00,COLISIÓN POR ALCANCE,ASFALTO,Bueno,Bueno,2,FORD,ROJO,2,,25,MASCULINO,SIN DATOS,0,0,Morelia,Elias Perez Avalos,abril,viernes,12,-101.16747379303,19.7117379356182
28810,28815,2020,MOR200304462,2020/04/17,12:08:00,COLISIÓN POR NO RESPETAR SEMÁFORO,ASFALTO,Bueno,Bueno,2,HONDA,BLANCO,2,,21,MASCULINO,SIN DATOS,0,0,Morelia,Tinijaro,abril,viernes,12,-101.26316,19.6963297049991
28811,28816,2020,LEG30378,2020/04/17,13:10:00,COLISIÓN POR ALCANCE,ASFALTO,Bueno,Bueno,2,NISSAN,AZUL,2,,55,MASCULINO,SIN DATOS,0,0,Morelia,Granjas del Maestro,abril,viernes,13,-101.188765715044,19.7137837901653
28812,28817,2020,"200304493",2020/04/17,13:30:00,COLISIÓN POR CORTE DE CIRCULACIÓN,ASFALTO,Bueno,Regular,2,NISSAN,ROJO,2,,45,MASCULINO,SIN DATOS,0,0,Morelia,Chapultepec Sur,abril,viernes,14,-101.171596915,19.6909445849991
28813,28818,2020,LEG30371,2020/04/17,14:45:00,COLISIÓN POR ALCANCE,ASFALTO,Bueno,Bueno,2,NISSAN,BRONCE,2,,28,FEMENINO,SIN DATOS,0,0,Morelia,Dr Miguel Silva,abril,viernes,15,-101.187927793444,19.7204887484457
28814,28819,2020,LEG30372,2020/04/17,18:10:00,COLISIÓN POR ALCANCE,ASFALTO,Bueno,Bueno,2,HONDA,AZUL,2,,38,MASCULINO,SIN DATOS,0,0,Morelia,Centro,abril,viernes,18,-101.18218963,19.7028850649992
28815,28820,2020,MOR 200302939,2020/04/17,20:44:00,COLISIÓN CON PEATÓN,ASFALTO,Bueno,Bueno,2,GMC,AZUL MARINO,3,MINISTERIO PÚBLICO,0,,SIN DATOS,1,0,Tarímbaro,Sin datos,abril,viernes,21,-101.170858740807,19.7524363247617
28816,28821,2020,,2020/04/17,21:00:00,COLISIÓN POR CORTE DE CIRCULACIÓN,ASFALTO,Bueno,Bueno,2,DOGDE,PLATA,2,MINISTERIO PÚBLICO,,MASCULINO,SIN DATOS,0,0,Lázaro Cárdenas,Sin datos,abril,viernes,21,-102.213640856048,17.9812855037796
28817,28822,2020,,2020/04/18,"00:00:00",COLISIÓN POR MANIOBRA DE REVERSA,ASFALTO,Bueno,Bueno,2,NISSAN,BLANCO,2,,,MASCULINO,SIN DATOS,0,0,Morelia,Lazaro Cardenas,abril,sábado,0,-101.164980132847,19.7101528819772
28818,28823,2020,,2020/04/18,"00:00:00",COLISIÓN POR CORTE DE CIRCULACIÓN,ASFALTO,Bueno,Bueno,2,DODGE,BLANCO,2,MINISTERIO PÚBLICO,,MASCULINO,SIN DATOS,0,0,Lázaro Cárdenas,Centro,abril,sábado,0,-102.195643633604,17.9584719291857
28819,28824,2020,,2020/04/18,"08:31:00",COLISIÓN CONTRA OBJETO FIJO,ASFALTO,Bueno,Bueno,1,VOLKSWAGEN,BEIGE,1,,27,MASCULINO,SIN DATOS,0,0,Morelia,Loma de Los Piñones,abril,sábado,9,-101.205083727837,19.6739933572695
28820,28825,2020,,2020/04/18,13:00:00,COLISIÓN POR CAMBIO DE CARRIL,CONCRETO,Bueno,Bueno,2,INTERNATIONAL,NARANJA/ BLANCO,2,,32,MASCULINO,SIN DATOS,0,0,Morelia,Elias Perez Avalos,abril,sábado,13,-101.16714598,19.7138443499991
28821,28826,2020,MOR200304493,2020/04/18,13:30:00,COLISIÓN POR CORTE DE CIRCULACIÓN,ASFALTO,Bueno,Bueno,2,CHEVROLET,PLATA,2,,71,FEMENINO,SIN DATOS,0,0,Morelia,Vista Bella,abril,sábado,14,-101.197597985,19.6798804949991
28822,28827,2020,,2020/04/18,17:30:00,COLISIÓN POR INVASIÓN DE CARRIL,ASFALTO,Bueno,Bueno,2,BMW,NEGRO/ROJO,2,,65,MASCULINO,SIN DATOS,0,0,Indaparapeo,La Paz,abril,sábado,18,-100.963078737259,19.791216370964
28823,28828,2020,,2020/04/18,18:00:00,COLISIÓN POR MANIOBRA DE REVERSA,CONCRETO,Nublado,Regular,2,VOLKSWAGEN,AZUL,2,,72,MASCULINO,SIN DATOS,0,0,Morelia,Ejidal San Isidro,abril,sábado,18,-101.279531121254,19.6898999382197
28824,28829,2020,,2020/04/18,18:40:00,SALIDA DE SUPERFICIE DE RODAMIENTO,ASFALTO,Lluvioso,Bueno,1,ZUSUKI,SIN DATO,1,,38,MASCULINO,SIN DATOS,0,0,Morelia,Sin datos,abril,sábado,19,-101.379593084106,19.6300481857396
28826,28831,2020,,2020/04/18,19:20:00,COLISIÓN POR ALCANCE,ASFALTO,Bueno,Regular,2,CHRYSLER,CAFE,2,,30,MASCULINO,SIN DATOS,0,0,Cuitzeo,Sin datos,abril,sábado,19,-101.151404343545,20.0440955229486
28827,28832,2020,,2020/04/18,20:50:00,COLISIÓN CONTRA OBJETO FIJO,ASFALTO,Bueno,Bueno,1,FORD,NEGRO,3,,37,MASCULINO,SIN DATOS,2,0,Peribán,Sin datos,abril,sábado,21,-102.451893165708,19.5585987667553
28828,28833,2020,MOR200308878,2020/04/18,21:00:00,COLISIÓN POR CORTE DE CIRCULACIÓN,ASFALTO,Bueno,Bueno,2,MERCEDES BENZ,ROJO,2,,31,MASCULINO,CON CERTIFICADO,0,0,Morelia,Centro,abril,sábado,21,-101.198203526437,19.7056319675996
28829,28834,2020,,2020/04/18,21:47:00,COLISIÓN POR ALCANCE,ASFALTO,Bueno,Bueno,1,ITALIKA,AZUL,2,MINISTERIO PÚBLICO,,,,2,0,Peribán,Sin datos,abril,sábado,22,-102.446404695511,19.5542448689388
28830,28835,2020,,2020/04/18,21:50:00,COLISIÓN POR INVASIÓN DE CARRIL,ASFALTO,Bueno,Bueno,2,VOLKSWAGEN,GRIS,0,MINISTERIO PÚBLICO,,,,0,0,Tzitzio,Sin datos,abril,sábado,22,-100.947455205023,19.601174262899
28831,28836,2020,LEG30390,2020/04/18,22:40:00,COLISIÓN POR CORTE DE CIRCULACIÓN,ASFALTO,Bueno,Bueno,2,VOLKSWAGEN,GRIS,2,,0,FEMENINO,SIN DATOS,0,0,Morelia,Ampliacion La Soledad,abril,sábado,23,-101.185729232954,19.7294008740402
28832,28837,2020,,2020/04/19,"00:00:00",COLISIÓN POR CORTE DE CIRCULACIÓN,ASFALTO,Bueno,Bueno,2,Ford,Rojo,2,,,,SIN DATOS,0,0,Morelia,Molino de Parras,abril,domingo,0,-101.205971203744,19.7022741382243
28833,28838,2020,MOR2003457634,2020/04/19,"00:00:00",COLISIÓN POR NO RESPETAR SEMÁFORO,CONCRETO,Bueno,Bueno,2,FORD,NEGRO,2,,28,MASCULINO,SIN DATOS,0,0,Morelia,Poblado de Ocolusen,abril,domingo,0,-101.150127649172,19.6944699261717
28834,28839,2020,MOR200309391,2020/04/19,"00:02:00",COLISIÓN POR ALCANCE,ASFALTO,Bueno,Bueno,2,NISSAN,BLANCO,2,,71,MASCULINO,ALIENTO ETÍLICO,0,0,Morelia,Ignaci0 Ramirez,abril,domingo,0,-101.223620474339,19.7254804819271
28835,28840,2020,,2020/04/19,"03:20:00",COLISIÓN CONTRA OBJETO FIJO,ASFALTO,Bueno,Bueno,1,PEUGEOT,GRIS,1,,24,,ALIENTO ETÍLICO,0,0,Morelia,Las Americas,abril,domingo,3,-101.153490096331,19.6873480212644
28836,28841,2020,,2020/04/19,"06:50:00",COLISIÓN CONTRA OBJETO FIJO,CONCRETO,Bueno,Bueno,3,CHEVROLET,GRIS,2,,40,MASCULINO,CON CERTIFICADO,0,0,Morelia,Ventura Puente,abril,domingo,7,-101.185866625,19.6909357049992
28837,28842,2020,,2020/04/19,"07:10:00",COLISIÓN CONTRA OBJETO FIJO,CONCRETO,Bueno,Bueno,1,VOLKSWAGEN JETTA,PLATA,1,,51,MASCULINO,SIN DATOS,0,0,Tarímbaro,Sin datos,abril,domingo,7,-101.129769980907,19.7730693724068
28838,28843,2020,,2020/04/19,"07:30:00",COLISIÓN POR CORTE DE CIRCULACIÓN,ASFALTO,Bueno,Bueno,2,KENWOTH,TOTALMENTE CALCINADO,0,MINISTERIO PÚBLICO,,,,0,0,Lázaro Cárdenas,Sin datos,abril,domingo,8,-102.277112714946,18.1398259525157
28839,28844,2020,,2020/04/19,"09:50:00",COLISIÓN POR MANIOBRA DE REVERSA,ASFALTO,Bueno,Bueno,2,NISSAN NP300,PLATA,2,,45,MASCULINO,SIN DATOS,0,0,Morelia,Bosques de Oriente,abril,domingo,10,-101.154703596536,19.7165522868878
28840,28845,2020,MOR200310206,2020/04/19,10:27:00,COLISIÓN CONTRA OBJETO FIJO,ASFALTO,Bueno,Bueno,2,TOYOTA,BLANCO Y NARANJA,2,MINISTERIO PÚBLICO,23,MASCULINO,SIN DATOS,0,0,Morelia,Santa Fe,abril,domingo,10,-101.172087361689,19.738721483098
28841,28846,2020,LEG30399,2020/04/19,14:40:00,COLISIÓN POR MANIOBRA DE REVERSA,ASFALTO,Bueno,Bueno,2,MITSUBISHI,GRIS,2,,0,MASCULINO,SIN DATOS,0,0,Morelia,Eduardo Ruiz,abril,domingo,15,-101.2197043,19.7214247299991
28842,28847,2020,LEG30401,2020/04/19,16:20:00,COLISIÓN POR INVASIÓN DE CARRIL,ASFALTO,Bueno,Bueno,2,ITALIKA,NEGRO Y GRIS,0,MINISTERIO PÚBLICO,,,,0,0,Tzitzio,Sin datos,abril,domingo,16,-100.910711288452,19.45535506674
28843,28848,2020,LEG30402,2020/04/19,18:20:00,COLISIÓN POR CORTE DE CIRCULACIÓN,CONCRETO,Bueno,Bueno,2,VENTO,NEGRO Y VERDE,1,MINISTERIO PÚBLICO,,,,1,0,Morelia,Independencia,abril,domingo,18,-101.176153773841,19.7081439566334
28844,28849,2020,MOR200311593,2020/04/19,20:06:00,COLISIÓN POR CAMBIO DE CARRIL,ASFALTO,Bueno,Bueno,2,DODGE,PLATA,2,,35,FEMENINO,SIN DATOS,0,0,Morelia,Ignacio Zaragoza,abril,domingo,20,-101.202964245185,19.7226135243994
28845,28850,2020,,2020/04/19,20:45:00,COLISIÓN POR ALCANCE,CONCRETO,Bueno,Bueno,3,CHRYSLER,AZUL,3,,52,MASCULINO,SIN DATOS,0,0,Los Reyes,San Jose,abril,domingo,21,-102.479867935181,19.5958979511069
28846,28851,2020,LEG30400,2020/04/19,21:00:00,COLISIÓN CONTRA OBJETO FIJO,ASFALTO,Bueno,Bueno,2,FORD,NEGRO,0,,,,,0,0,Tarímbaro,Cumbres del Campreste,abril,domingo,21,-101.126462817192,19.7656787368441
28847,28852,2020,,2020/04/19,22:00:00,COLISIÓN CONTRA OBJETO FIJO,ASFALTO,Bueno,Bueno,1,NISSAN,ROJO,1,,26,MASCULINO,SIN DATOS,0,0,Peribán,Sin datos,abril,domingo,22,-102.444825544953,19.5525226757747
28848,28853,2020,,2020/04/19,22:10:00,COLISIÓN CONTRA OBJETO FIJO,ASFALTO,Bueno,Regular,1,FORD,AZUL,0,MINISTERIO PÚBLICO,,,,0,0,Erongarícuaro,Sin datos,abril,domingo,22,-101.715095546097,19.5723705394909
28849,28854,2020,MOR312052,2020/04/20,"00:22:00",SALIDA DE SUPERFICIE DE RODAMIENTO,ASFALTO,Bueno,Bueno,1,HONDA,BLANCO,1,,25,,SIN DATOS,0,0,Tarímbaro,Centro,abril,lunes,0,-101.176869,19.792979
28850,28855,2020,MN/FC/072/20042,2020/04/20,"07:15:00",COLISIÓN CON PEATÓN,ASFALTO,Bueno,Bueno,3,FORD,GUINDA,5,MINISTERIO PÚBLICO,65,MASCULINO,SIN DATOS,2,0,Puruándiro,Sin datos,abril,lunes,7,-101.592997536063,20.1213092231526
28852,28857,2020,,2020/04/20,10:56:00,COLISIÓN POR ALCANCE,CONCRETO,Bueno,Bueno,2,JEEP,PLATA BRILLANTE,2,,47,MASCULINO,SIN DATOS,0,0,Morelia,Camelinas,abril,lunes,11,-101.174300685525,19.68100340825
28853,28858,2020,,2020/04/20,11:00:00,CAIDA DE MOTOCICLETA,CONCRETO,Bueno,Bueno,2,YAMAHA/YBR 126CBJ,BLANCO,2,,22,MASCULINO,SIN DATOS,0,0,Morelia,Valle Verde,abril,lunes,11,-101.193137852558,19.7309761310792
28854,28859,2020,,2020/04/20,14:33:00,COLISIÓN POR CORTE DE CIRCULACIÓN,ASFALTO,Bueno,Bueno,2,NISSAN,BEIGE,2,,42,FEMENINO,SIN DATOS,0,0,Morelia,Virrey Antonio de Mendoza,abril,lunes,15,-101.160937349749,19.707873673805
28855,28860,2020,,2020/04/20,15:05:00,SUBIDA AL CAMELLÓN,ASFALTO,Bueno,Bueno,1,FORD,AZUL,1,MINISTERIO PÚBLICO,28,MASCULINO,SIN DATOS,0,0,Morelia,Lomas de Morelia (Dr Ignacio Chavez),abril,lunes,15,-101.175452644618,19.7162004988672
28856,28861,2020,,2020/04/20,15:20:00,COLISIÓN POR CORTE DE CIRCULACIÓN,CONCRETO,Bueno,Bueno,2,CHEVROLET,NARANJA,2,,70,MASCULINO,SIN DATOS,0,0,Morelia,Vasco de Quiroga,abril,lunes,15,-101.167766824365,19.6967069556356
28858,28863,2020,,2020/04/20,17:30:00,COLISIÓN POR INVASIÓN DE CARRIL,ASFALTO,Bueno,Bueno,2,KENWORTH,GRIS/ROJO,2,,35,MASCULINO,SIN DATOS,0,0,Peribán,Sin datos,abril,lunes,18,-102.449766173959,19.5574825802234
28859,28864,2020,,2020/04/20,17:40:00,COLISIÓN POR CAMBIO DE CARRIL,ASFALTO,Bueno,Bueno,2,NISSAN,BLANCO,2,MINISTERIO PÚBLICO,38,MASCULINO,SIN DATOS,0,0,Tacámbaro,Sin datos,abril,lunes,18,-101.493990831077,19.2265957666465
28860,28865,2020,,2020/04/20,17:50:00,COLISIÓN POR CORTE DE CIRCULACIÓN,ASFALTO,Bueno,Bueno,2,CHEVROLET,ROJO,2,,,MASCULINO,SIN DATOS,0,0,Morelia,Lazaro Cardenas,abril,lunes,18,-101.162908673286,19.7091510158276
28861,28866,2020,,2020/04/20,18:45:00,COLISIÓN CONTRA OBJETO FIJO,SIN_DATOS,Bueno,Bueno,2,MERCEDES BENZ,BLANCO,2,MINISTERIO PÚBLICO,46,MASCULINO,SIN DATOS,0,0,Tacámbaro,Puente Alto,abril,lunes,19,-101.445754989982,19.2366647792786
28862,28867,2020,,2020/04/20,23:15:00,COLISIÓN POR CORTE DE CIRCULACIÓN,ASFALTO,Bueno,Bueno,1,KENWORTH,BLANCO,1,,25,MASCULINO,SIN DATOS,0,0,Peribán,Sin datos,abril,lunes,23,-102.447436340153,19.555338646355
28863,28868,2020,MOR200315679,2020/04/21,"08:00:00",COLISIÓN POR MANIOBRA DE REVERSA,ASFALTO,Bueno,Bueno,2,CHEVROLET,BLANCO/ROJO,2,,38,MASCULINO,SIN DATOS,0,0,Morelia,La Huerta,abril,martes,8,-101.21762573719,19.6726083584277
28864,28869,2020,MOR200315697,2020/04/21,"08:18:00",COLISIÓN CONTRA OBJETO FIJO,ASFALTO,Bueno,Bueno,1,TOYOTA,PLATA,1,,31,MASCULINO,SIN DATOS,0,0,Morelia,San Jose del Cerrito,abril,martes,8,-101.220622435212,19.6608181778068
28865,28870,2020,LEG30425,2020/04/21,10:30:00,COLISIÓN CONTRA OBJETO FIJO,CONCRETO,Bueno,Bueno,1,DODGE,ARENA,1,MINISTERIO PÚBLICO,0,FEMENINO,SIN DATOS,0,0,Morelia,Ilustres Novohispanos,abril,martes,11,-101.153303745,19.7078936699992
28866,28871,2020,,2020/04/21,11:50:00,COLISIÓN POR ALCANCE,ASFALTO,Bueno,Bueno,2,CHEVROLET,ROJO,2,,39,MASCULINO,SIN DATOS,0,0,Uruapan,Sin datos,abril,martes,12,-102.187453032865,19.5257027737172
28867,28872,2020,,2020/04/21,12:15:00,COLISIÓN CON PEATÓN,ASFALTO,Bueno,Bueno,1,CHRYSLER,ORO,2,,23,MASCULINO,SIN DATOS,1,0,Morelia,Prados Verdes,abril,martes,12,-101.19377628,19.7139633849992