fid,id_accidente,anio_origen,folio_c5i,dia_incidente,hora_ocurrencia,tipo_incidente_vial,superficie_ocurrencia,condiciones_climaticas,condiciones_via,numero_vehiculos_involucrados,marca_vehiculo_ocasiona_siniestro,color_vehiculo_ocasiona_siniestro,numero_personas_involucradas,lugar_remite_presunto_responsable,edad_presunto_responsable,sexo_presunto_responsable,resultados_toxicologia,numero_personas_lesionadas,numero_personas_fallecidas,municipio,colonia,mes,dia_semana,hora_redondeada,lon,lat
28868,28873,2020,,2020/04/21,12:20:00,COLISIÓN POR CAMBIO DE CARRIL,ASFALTO,Bueno,Bueno,2,FORD,VERDE,2,,0,MASCULINO,SIN DATOS,0,0,Morelia,Huertitas,abril,martes,12,-101.213583402735,19.722890282766
28869,28874,2020,LEG30427,2020/04/21,14:05:00,COLISIÓN CONTRA OBJETO FIJO,ASFALTO,Bueno,Bueno,2,NISSAN,BLANCO,3,,37,MASCULINO,SIN DATOS,1,0,Tarímbaro,Cuto del Porvenir,abril,martes,14,-101.139381676912,19.8712737989744
28871,28876,2020,,2020/04/21,14:30:00,CAIDA DE MOTOCICLETA,ASFALTO,Bueno,Bueno,1,ITALIKA,ROJO,3,MINISTERIO PÚBLICO,,,,3,0,Zacapu,Sin datos,abril,martes,15,-101.713236003701,19.8240296746446
28872,28877,2020,LEG30426,2020/04/21,15:20:00,COLISIÓN POR ALCANCE,ASFALTO,Bueno,Bueno,2,NISSAN,BLANCO Y CORAL,2,,0,MASCULINO,SIN DATOS,0,0,Morelia,Centro,abril,martes,15,-101.179312185,19.7035132699991
28873,28878,2020,LEG30428,2020/04/21,16:05:00,CAIDA DE MOTOCICLETA,ASFALTO,Bueno,Bueno,1,VENTO,ROJO Y NEGRO,1,,39,,SIN DATOS,0,0,Morelia,Alberto Oviedo Mota,abril,martes,16,-101.197763979435,19.6811622002677
28874,28879,2020,LEG30430,2020/04/21,19:33:00,COLISIÓN CONTRA OBJETO FIJO,ASFALTO,Bueno,Bueno,1,CHEVROLET,ROJO,1,,0,MASCULINO,SIN DATOS,0,0,Morelia,El Lago 3,abril,martes,20,-101.219665798708,19.7255458202325
28875,28880,2020,LEG30432,2020/04/21,22:14:00,COLISIÓN CONTRA OBJETO FIJO,CONCRETO,Bueno,Bueno,2,CHEVROLET,ARENA,2,,29,MASCULINO,SIN DATOS,0,0,Morelia,Industrial,abril,martes,22,-101.19787864387,19.7081902213937
28876,28881,2020,,2020/04/21,23:46:00,SUBIDA AL CAMELLÓN,ASFALTO,Bueno,Bueno,1,NISSAN,BLANCO,1,,35,MASCULINO,ALIENTO ETÍLICO,0,0,Tarímbaro,Sin datos,abril,martes,0,-101.170927123711,19.752409174907
28877,28882,2020,,2020/04/22,"09:10:00",COLISIÓN POR ALCANCE,ASFALTO,Bueno,Bueno,2,NISSAN,PLATA,2,,46,MASCULINO,SIN DATOS,0,0,Morelia,Centro,abril,miércoles,9,-101.18754847,19.7028479949991
28878,28883,2020,,2020/04/22,12:41:00,COLISIÓN POR ALCANCE,ASFALTO,Bueno,Bueno,2,NISSAN,GRIS,2,,20,FEMENINO,SIN DATOS,0,0,Morelia,Ana Maria Gallaga (Riviera Ii),abril,miércoles,13,-101.225,19.6762
28879,28884,2020,,2020/04/22,16:00:00,COLISIÓN POR INVASIÓN DE CARRIL,ASFALTO,Bueno,Bueno,2,DINA,BLANCO,0,MINISTERIO PÚBLICO,,,,0,0,Hidalgo,Sin datos,abril,miércoles,16,-100.59208765626,19.6995876345932
28880,28885,2020,,2020/04/22,16:50:00,COLISIÓN POR CAMBIO DE CARRIL,ASFALTO,Lluvioso,Bueno,2,FORD,ROJO,2,,23,MASCULINO,SIN DATOS,0,0,Morelia,Diego Rivera,abril,miércoles,17,-101.175290114293,19.7197431909038
28881,28886,2020,,2020/04/22,17:30:00,COLISIÓN CONTRA OBJETO FIJO,ASFALTO,Lluvioso,Bueno,1,HINO,BLANCO,1,,,MASCULINO,SIN DATOS,0,0,Morelia,Dr Miguel Silva,abril,miércoles,18,-101.185227946917,19.717204814836
28882,28887,2020,,2020/04/22,19:03:00,COLISIÓN POR ALCANCE,ASFALTO,Lluvioso,Bueno,2,FORD,NEGRO,2,,34,MASCULINO,SIN DATOS,0,0,Morelia,Sin datos,abril,miércoles,19,-101.304550096393,19.6876652768849
28883,28888,2020,MOR2003467845,2020/04/22,23:00:00,COLISIÓN POR CORTE DE CIRCULACIÓN,CONCRETO,Bueno,Bueno,1,KEMWORTH,BLANCO,1,MINISTERIO PÚBLICO,51,,SIN DATOS,0,0,Morelia,Unidos Santa Cruz,abril,miércoles,23,-101.216665095,19.7226518849991
28884,28889,2020,,2020/04/23,"06:10:00",SALIDA DE SUPERFICIE DE RODAMIENTO,ASFALTO,Bueno,Bueno,1,HONDA,PLATA DIAMANTE,0,MINISTERIO PÚBLICO,,,,0,0,Gabriel Zamora,Sin datos,abril,jueves,6,-102.058767490089,19.087991621038
28885,28890,2020,,2020/04/23,"08:50:00",COLISIÓN POR CORTE DE CIRCULACIÓN,ASFALTO,Bueno,Bueno,2,NISSAN,BLANCO,2,,35,MASCULINO,SIN DATOS,0,0,Morelia,San Pascual,abril,jueves,9,-101.266424506903,19.6955166007692
28886,28891,2020,LEG30444,2020/04/23,"09:48:00",COLISIÓN POR ALCANCE,ASFALTO,Bueno,Bueno,2,CHEVROLET,NEGRO,2,,0,MASCULINO,SIN DATOS,0,0,Morelia,Lomas de Guayangareo,abril,jueves,10,-101.160346157849,19.7044574613156
28887,28892,2020,LEG30445,2020/04/23,"09:51:00",COLISIÓN POR ALCANCE,SIN_DATOS,Bueno,Bueno,2,CHEVROLET,S/D,2,,50,MASCULINO,SIN DATOS,0,0,Morelia,Adolfo Lopez Mateos,abril,jueves,10,-101.224494203925,19.6928770180385
28888,28893,2020,LEG30450,2020/04/23,10:45:00,COLISIÓN POR CORTE DE CIRCULACIÓN,ASFALTO,Bueno,Bueno,1,HECHIZO,NEGRO,0,,,,,0,0,Morelia,El Realito,abril,jueves,11,-101.203628964722,19.7256486978668
28889,28894,2020,LEG30451,2020/04/23,14:10:00,COLISIÓN POR ALCANCE,ASFALTO,Bueno,Bueno,3,DODGE,PLATA,3,,0,MASCULINO,SIN DATOS,0,0,Morelia,El Lago 3,abril,jueves,14,-101.220815889537,19.7273368438993
28890,28895,2020,LEG30448,2020/04/23,14:40:00,COLISIÓN POR CORTE DE CIRCULACIÓN,CONCRETO,Bueno,Bueno,2,VOLKSWAGEN,AZUL,2,,0,MASCULINO,SIN DATOS,0,0,Morelia,Infonavit  Las  Camelinas,abril,jueves,15,-101.173305979748,19.6860398481662
28891,28896,2020,LEG30452,2020/04/23,15:55:00,COLISIÓN POR CORTE DE CIRCULACIÓN,ASFALTO,Bueno,Bueno,2,HONDA,BLANCO,2,,26,MASCULINO,SIN DATOS,0,0,Morelia,Jardines de Guadalupe,abril,jueves,16,-101.219433546066,19.7108996216356
28892,28897,2020,LEG30449,2020/04/23,19:00:00,COLISIÓN POR CORTE DE CIRCULACIÓN,ASFALTO,Bueno,Bueno,2,HONDA,"2005",2,,0,FEMENINO,SIN DATOS,0,0,Morelia,Villa Universidad,abril,jueves,19,-101.200425736606,19.6902080342988
28893,28898,2020,MOR 200321657,2020/04/23,19:45:00,VOLCADURA,ASFALTO,Bueno,Regular,1,CHEVROLET,ANARANJADO,1,,35,MASCULINO,SIN DATOS,0,0,Morelia,Sin datos,abril,jueves,20,-101.118400096893,19.6882631678583
28894,28899,2020,LEG30447,2020/04/23,20:10:00,COLISIÓN POR CORTE DE CIRCULACIÓN,ASFALTO,Bueno,Bueno,1,TOYOTA,BLANCO Y AZUL,1,,0,MASCULINO,SIN DATOS,0,0,Morelia,Elias Perez Avalos,abril,jueves,20,-101.165617369115,19.7114071556259
28895,28900,2020,,2020/04/23,20:50:00,COLISIÓN POR ALCANCE,ASFALTO,Bueno,Regular,2,VOLKSWAGEN,PLATA,0,MINISTERIO PÚBLICO,,,,0,0,Maravatío,Sin datos,abril,jueves,21,-100.291954837739,19.8817859970554
28896,28901,2020,,2020/04/24,"09:30:00",COLISIÓN POR ALCANCE,ASFALTO,Bueno,Bueno,2,CHEVROLET,ROJO,2,,31,MASCULINO,SIN DATOS,0,0,Morelia,El Lago 1,abril,viernes,10,-101.212059147656,19.7266071781821
28897,28902,2020,,2020/04/24,12:00:00,COLISIÓN POR CORTE DE CIRCULACIÓN,ASFALTO,Bueno,Regular,2,ITALIKA,VERDE,3,MINISTERIO PÚBLICO,45,MASCULINO,SIN DATOS,1,0,Cuitzeo,Sin datos,abril,viernes,12,-101.151347011328,20.044760104353
28898,28903,2020,,2020/04/24,14:10:00,COLISIÓN CONTRA OBJETO FIJO,ASFALTO,Bueno,Bueno,1,NISSAN,BLANCO,1,MINISTERIO PÚBLICO,42,MASCULINO,SIN DATOS,0,0,Pátzcuaro,Centro,abril,viernes,14,-101.606867909431,19.5179883667718
28899,28904,2020,,2020/04/24,14:20:00,COLISIÓN POR CORTE DE CIRCULACIÓN,CONCRETO,Bueno,Bueno,2,MAZDA,ROJO,2,,35,FEMENINO,SIN DATOS,0,0,Morelia,Centro,abril,viernes,14,-101.183988153934,19.7007132506987
28900,28905,2020,,2020/04/24,17:08:00,SUBIDA AL CAMELLÓN,CONCRETO,Bueno,Bueno,1,MITSUBISHI,TITANIO,1,,20,MASCULINO,ALIENTO ETÍLICO,0,0,Tarímbaro,Sin datos,abril,viernes,17,-101.179708689451,19.7522368976493
28901,28906,2020,,2020/04/24,17:40:00,COLISIÓN POR INVASIÓN DE CARRIL,CONCRETO,Bueno,Bueno,2,ITALIKA,NARANJA,2,,47,MASCULINO,SIN DATOS,0,0,Morelia,Congreso Constituyente de Michoacan,abril,viernes,18,-101.17245960045,19.7194273320968
28902,28907,2020,,2020/04/25,"00:00:00",COLISIÓN POR INVASIÓN DE CARRIL,ASFALTO,Bueno,Regular,2,NISSA,BLANCO,0,,,,,0,0,Madero,Sin datos,abril,sábado,0,-101.296775378287,19.4186947546281
28903,28908,2020,MOR200325502,2020/04/25,"04:35:00",SUBIDA AL CAMELLÓN,ASFALTO,Bueno,Bueno,1,Seat,Verde,0,,,,,0,0,Morelia,Chapultepec Sur,abril,sábado,5,-101.174934022129,19.6909173475061
28904,28909,2020,,2020/04/25,"06:20:00",COLISIÓN POR CORTE DE CIRCULACIÓN,ASFALTO,Bueno,Bueno,2,Volkwagen,Rojo,2,MINISTERIO PÚBLICO,27,MASCULINO,SIN DATOS,0,0,Morelia,Infonavit Cepamisa,abril,sábado,6,-101.216519325972,19.6967429407682
28905,28910,2020,MOR 200325597,2020/04/25,"08:10:00",COLISIÓN POR INVASIÓN DE CARRIL,ASFALTO,Bueno,Regular,2,CHEVROLET,GRIS,2,,25,MASCULINO,SIN DATOS,0,0,Tarímbaro,Sin datos,abril,sábado,8,-101.131580471992,19.7763313783716
28906,28911,2020,,2020/04/25,12:30:00,COLISIÓN POR INVASIÓN DE CARRIL,ASFALTO,Bueno,Bueno,2,NISSAN,BLANCO,2,,58,MASCULINO,SIN DATOS,0,0,Uruapan,Sin datos,abril,sábado,13,-102.172846198082,19.5167527628108
28907,28912,2020,MOR-200-311-502,2020/04/25,16:12:00,COLISIÓN CONTRA OBJETO FIJO,ASFALTO,Bueno,Bueno,1,CHEVROLET,BLANCO,1,,18,,SIN DATOS,0,0,Morelia,San Jose del Cerrito,abril,sábado,16,-101.226369738579,19.6573596361442
28908,28913,2020,,2020/04/25,17:00:00,COLISIÓN POR ALCANCE,ASFALTO,Bueno,Bueno,2,Nissan,Azul,2,,45,,SIN DATOS,0,0,Morelia,Xangari,abril,sábado,17,-101.220687478781,19.6741294255776
28909,28914,2020,,2020/04/25,18:00:00,COLISIÓN POR ALCANCE,ASFALTO,Bueno,Bueno,3,Peterbill,Azul,3,,45,,SIN DATOS,0,0,Morelia,Tenencia Morelos,abril,sábado,18,-101.247992366552,19.6479756693018
28910,28915,2020,LEG30503,2020/04/25,18:00:00,COLISIÓN CONTRA OBJETO FIJO,ASFALTO,Bueno,Bueno,1,MERCEDES BENZ,BLANCO,1,,0,MASCULINO,SIN DATOS,0,0,Morelia,Hospitales de Don Vasco,abril,sábado,18,-101.155461855233,19.7010674109429
28911,28916,2020,MOR 200327211,2020/04/25,18:50:00,VOLCADURA,ASFALTO,Bueno,Regular,1,VOLKSWAGEN,GRIS,1,,20,MASCULINO,SIN DATOS,0,0,Morelia,Montaña Monarca,abril,sábado,19,-101.161784492433,19.6724407181388
28912,28917,2020,MOR 200324339,2020/04/25,19:35:00,COLISIÓN POR ALCANCE,ASFALTO,Bueno,Bueno,2,ITALIKA,GRAFITO,2,,26,MASCULINO,SIN DATOS,0,0,Morelia,Infonavit Colonial Universidad,abril,sábado,20,-101.204672344029,19.6864142443577
28913,28918,2020,MOR 200324664,2020/04/25,21:09:00,COLISIÓN POR CORTE DE CIRCULACIÓN,CONCRETO,Bueno,Bueno,3,VOLKSWAGEN,GRIS,2,,20,MASCULINO,SIN DATOS,0,0,Morelia,Arboledas de Valladolid,abril,sábado,21,-101.250419095159,19.6931317608191
28914,28919,2020,,2020/04/25,21:10:00,SALIDA DE SUPERFICIE DE RODAMIENTO,ASFALTO,Bueno,Regular,1,NISSAN,GUINDA,1,,27,MASCULINO,SIN DATOS,0,0,Peribán,Sin datos,abril,sábado,21,-102.446067072451,19.5538824863973
28915,28920,2020,,2020/04/25,22:00:00,SALIDA DE SUPERFICIE DE RODAMIENTO,ASFALTO,Bueno,Bueno,1,BMW,GRIS,2,,17,MASCULINO,SIN DATOS,1,0,Charo,Sin datos,abril,sábado,22,-101.023198105395,19.7179781234573
28916,28921,2020,MOR 200325131,2020/04/25,22:58:00,COLISIÓN POR CAMBIO DE CARRIL,ASFALTO,Bueno,Bueno,2,VOLKSWAGEN,AZUL,2,,28,MASCULINO,CON CERTIFICADO,0,0,Morelia,Primaveras,abril,sábado,23,-101.225707568228,19.6791581892653
28917,28922,2020,MOR 200328167,2020/04/26,"00:10:00",COLISIÓN CONTRA OBJETO FIJO,ASFALTO,Bueno,Bueno,1,FORD,ROJO,0,,,,,0,0,Morelia,Trincheras de Morelos,abril,domingo,0,-101.186493001878,19.6653336820129
28918,28923,2020,LEG30504,2020/04/26,"00:25:00",COLISIÓN CON PEATÓN,ASFALTO,Bueno,Bueno,2,VOLKSWAGEN,BLANCO,1,MINISTERIO PÚBLICO,,,,1,0,Morelia,Jardines de Sindurio,abril,domingo,0,-101.256324648857,19.6974430709478
28919,28924,2020,,2020/04/26,"01:45:00",CAIDA DE MOTOCICLETA,ASFALTO,Bueno,Bueno,1,ITALIKA,"BLANCO, ROJO, AZUL,NEGRO",2,,20,MASCULINO,SIN DATOS,1,0,Peribán,Sin datos,abril,domingo,2,-102.444066815078,19.5516926927938
28920,28925,2020,,2020/04/26,"03:00:00",COLISIÓN POR CORTE DE CIRCULACIÓN,ASFALTO,Bueno,Bueno,1,HONDA,GRIS,0,MINISTERIO PÚBLICO,,,,0,0,Hidalgo,Sin datos,abril,domingo,3,-100.591260194778,19.6997082141509
28921,28926,2020,MOR200328561,2020/04/26,"03:30:00",SALIDA DE SUPERFICIE DE RODAMIENTO,CONCRETO,Bueno,Bueno,1,FORD,NEGRO,0,,,,,0,0,Morelia,Loma Real,abril,domingo,4,-101.194772645831,19.7312666298098
28922,28927,2020,MOR200328572,2020/04/26,"03:40:00",CAIDA DE MOTOCICLETA,CONCRETO,Bueno,Bueno,1,VENTO,NEGRO,0,,,,,0,0,Morelia,Camelinas,abril,domingo,4,-101.174179315567,19.6819277460571
28923,28928,2020,MOR200327806,2020/04/26,"09:55:00",COLISIÓN CONTRA OBJETO FIJO,ASFALTO,Bueno,Bueno,1,NISSAN,BLANCO,1,,24,MASCULINO,SIN DATOS,0,0,Morelia,Lomas de Vista Bella,abril,domingo,10,-101.200956311077,19.6709890911285
28924,28929,2020,MOR200325689,2020/04/26,10:30:00,COLISIÓN POR CORTE DE CIRCULACIÓN,ASFALTO,Bueno,Bueno,2,NISSAN,BLANCO,2,,45,MASCULINO,SIN DATOS,0,0,Lagunillas,El Pedregal,abril,domingo,11,-101.416857205331,19.5589993662081
28925,28930,2020,,2020/04/26,11:05:00,COLISIÓN POR CORTE DE CIRCULACIÓN,ASFALTO,Bueno,Bueno,2,KAWASAKI,AZUL/ BLANCO,3,,34,MASCULINO,SIN DATOS,1,0,Morelia,Ignacio Zaragoza,abril,domingo,11,-101.205326553583,19.7254672266297
28926,28931,2020,,2020/04/26,12:30:00,COLISIÓN POR CAMBIO DE CARRIL,ASFALTO,Bueno,Bueno,2,VOLKSWAGUEN,BLANCO,2,,41,MASCULINO,SIN DATOS,0,0,Jungapeo,Sin datos,abril,domingo,13,-100.462946363472,19.4405189319295
28927,28932,2020,,2020/04/26,13:00:00,COLISIÓN CONTRA OBJETO FIJO,CONCRETO,Bueno,Bueno,1,NISSAN,BLANCO,1,,65,FEMENINO,SIN DATOS,0,0,Morelia,Primaveras,abril,domingo,13,-101.225707568228,19.6791597677338
28928,28933,2020,MOR200220380,2020/04/26,15:00:00,COLISIÓN POR CAMBIO DE CARRIL,CONCRETO,Bueno,Bueno,2,FORD,Blanco,2,,0,MASCULINO,SIN DATOS,0,0,Morelia,Centro,abril,domingo,15,-101.200262121856,19.7058093580169
28929,28934,2020,MOR 200330586,2020/04/26,19:33:00,SUBIDA AL CAMELLÓN,ASFALTO,Bueno,Bueno,1,FORD,ORO SOLIDO,1,,25,MASCULINO,SIN DATOS,0,0,Morelia,La Soledad,abril,domingo,20,-101.183185167611,19.7289160916792
28930,28935,2020,,2020/04/26,20:00:00,COLISIÓN CONTRA OBJETO FIJO,ASFALTO,Bueno,Bueno,1,VOLKSWAGEN,ROJO,1,,,MASCULINO,SIN DATOS,0,0,Queréndaro,Sin datos,abril,domingo,20,-100.907151326537,19.8031622265379
28931,28936,2020,MOR200330761,2020/04/26,21:16:00,COLISIÓN POR INVASIÓN DE CARRIL,ASFALTO,Bueno,Bueno,2,ITALIKA,AZUL,0,,,,,0,0,Morelia,Sin datos,abril,domingo,21,-101.352018155158,19.5371349123979
28932,28937,2020,MOR 200330899,2020/04/26,21:35:00,COLISIÓN POR ALCANCE,ASFALTO,Bueno,Bueno,2,FORD,BLANCO,2,MINISTERIO PÚBLICO,35,MASCULINO,SIN DATOS,0,0,Morelia,Adolfo Lopez Mateos,abril,domingo,22,-101.229655444622,19.7035190495335
28933,28938,2020,,2020/04/26,22:25:00,COLISIÓN POR INVASIÓN DE CARRIL,ASFALTO,Bueno,Bueno,2,JEEP,BLANCO,0,,,,,0,0,Peribán,Sin datos,abril,domingo,22,-102.445090077817,19.5528130266354
28934,28939,2020,,2020/04/26,23:15:00,VOLCADURA,ASFALTO,Bueno,Bueno,1,VW,BLANCO,1,,20,MASCULINO,SIN DATOS,0,0,Peribán,Sin datos,abril,domingo,23,-102.446444258094,19.5542853091371
28935,28940,2020,,2020/04/27,"09:15:00",COLISIÓN CONTRA OBJETO FIJO,ASFALTO,Bueno,Bueno,1,ISUZU,BLANCO,1,,42,MASCULINO,SIN DATOS,0,0,Los Reyes,Centro,abril,lunes,9,-102.474846169353,19.5891346698273
28936,28941,2020,,2020/04/27,13:54:00,COLISIÓN POR INVASIÓN DE CARRIL,ASFALTO,Bueno,Bueno,2,FORD,BLANCO,2,,,MASCULINO,SIN DATOS,0,0,Jungapeo,Sin datos,abril,lunes,14,-100.444491393864,19.484310170534
28937,28942,2020,LEG30554,2020/04/27,14:50:00,COLISIÓN POR CORTE DE CIRCULACIÓN,CONCRETO,Bueno,Bueno,2,CHEVROLET,BLANCO,2,,30,MASCULINO,SIN DATOS,0,0,Morelia,Chapultepec Sur,abril,lunes,15,-101.175970360637,19.6917980658067
28938,28943,2020,MOR200332739,2020/04/27,15:42:00,COLISIÓN POR CORTE DE CIRCULACIÓN,CONCRETO,Bueno,Bueno,2,MITSUBISHI,PLATA,2,,45,FEMENINO,SIN DATOS,0,0,Morelia,Melchor Ocampo,abril,lunes,16,-101.202465891838,19.7069630222119
28939,28944,2020,MOR200333062,2020/04/27,17:25:00,COLISIÓN POR CORTE DE CIRCULACIÓN,CONCRETO,Bueno,Bueno,2,PLYMOUTH,GUINDA,2,,38,FEMENINO,SIN DATOS,0,0,Morelia,Centro,abril,lunes,17,-101.196044683456,19.7030339014252
28940,28945,2020,,2020/04/27,18:05:00,SUBIDA AL CAMELLÓN,ASFALTO,Bueno,Bueno,1,NISSAN,BLANCO,1,,62,MASCULINO,SIN DATOS,0,0,Morelia,Villa Universidad,abril,lunes,18,-101.212137937546,19.6920843771282
28941,28946,2020,MOR200333481,2020/04/27,20:35:00,COLISIÓN CONTRA OBJETO FIJO,ASFALTO,Nublado,Regular,1,CHEVROLET,BLANCO,1,,49,MASCULINO,SIN DATOS,0,0,Morelia,Sin datos,abril,lunes,21,-101.114389143037,19.7368095717649
28942,28947,2020,,2020/04/27,21:00:00,COLISIÓN POR INVASIÓN DE CARRIL,ASFALTO,Bueno,Bueno,2,INTERNATIONAL,CREMA/NARANJA,1,,74,,SIN DATOS,0,0,Morelia,Sin datos,abril,lunes,21,-101.262314021587,19.6402584293916
28943,28948,2020,,2020/04/27,21:00:00,COLISIÓN POR CAMBIO DE CARRIL,CONCRETO,Bueno,Bueno,2,CHEVROLET,BLANCO,2,,30,MASCULINO,SIN DATOS,0,0,Morelia,La Aldea,abril,lunes,21,-101.13477230072,19.7425908912986
28944,28949,2020,,2020/04/28,"08:30:00",COLISIÓN POR NO RESPETAR SEMÁFORO,ASFALTO,Bueno,Bueno,2,Toyota,Griz,2,,42,MASCULINO,SIN DATOS,0,0,Morelia,Poblado de Ocolusen,abril,martes,9,-101.149485893548,19.694685462038
28945,28950,2020,,2020/04/28,10:11:00,COLISIÓN POR CORTE DE CIRCULACIÓN,ASFALTO,Bueno,Bueno,2,NISSAN,BLANCO,2,,64,MASCULINO,SIN DATOS,0,0,Morelia,Nueva Chapultepec,abril,martes,10,-101.165781319141,19.6889567059635
28946,28951,2020,,2020/04/28,10:21:00,CAIDA DE MOTOCICLETA,ASFALTO,Bueno,Bueno,1,HONDA,AZUL,1,,34,MASCULINO,SIN DATOS,0,0,Morelia,Sentimientos de La Nacion,abril,martes,10,-101.235658563673,19.6820969548594
28947,28952,2020,,2020/04/28,13:25:00,COLISIÓN POR CORTE DE CIRCULACIÓN,ASFALTO,Bueno,Bueno,2,FORD,NEGRO,2,MINISTERIO PÚBLICO,27,MASCULINO,SIN DATOS,1,0,Zacapu,Centro,abril,martes,13,-101.791198030114,19.8103978217915
28948,28953,2020,LEG30598,2020/04/28,14:19:00,COLISIÓN POR CORTE DE CIRCULACIÓN,ASFALTO,Bueno,Bueno,2,NISSAN,BLANCO,2,,26,MASCULINO,SIN DATOS,0,0,Morelia,Cinco de Diciembre,abril,martes,14,-101.16597443819,19.6841545953582
28949,28954,2020,,2020/04/28,14:27:00,COLISIÓN CONTRA OBJETO FIJO,CONCRETO,Bueno,Bueno,1,PONTIAC,ROJO,1,,43,MASCULINO,SIN DATOS,0,0,Morelia,Vasco de Quiroga,abril,martes,14,-101.171491742134,19.69735089889
28950,28955,2020,MOR 200295367,2020/04/28,14:40:00,COLISIÓN CON PEATÓN,ASFALTO,Bueno,Bueno,1,NISSAN,ROJO,2,,64,MASCULINO,SIN DATOS,1,0,Morelia,Union Popular Solidaria,abril,martes,15,-101.219554245472,19.7056082944864
28951,28956,2020,,2020/04/28,15:20:00,COLISIÓN POR CORTE DE CIRCULACIÓN,ASFALTO,Bueno,Bueno,2,HYUNDAI,Plata,2,,47,FEMENINO,SIN DATOS,0,0,Morelia,San Rafael,abril,martes,15,-101.155427992344,19.7010566788259
28952,28957,2020,MOR 200295373,2020/04/28,16:58:00,COLISIÓN POR INVASIÓN DE CARRIL,ASFALTO,Bueno,Bueno,2,VOLKSWAGEN,AZUL,2,,34,FEMENINO,SIN DATOS,0,0,Morelia,Tres Puentes,abril,martes,17,-101.213132366538,19.7051910158348
28953,28958,2020,,2020/04/28,17:05:00,SALIDA DE SUPERFICIE DE RODAMIENTO,CONCRETO,Bueno,Bueno,1,VOLKSWAGEN,BLANCO,1,,21,MASCULINO,SIN DATOS,0,0,Morelia,Sin datos,abril,martes,17,-101.123968698084,19.7174614573983
28954,28959,2020,,2020/04/28,18:45:00,COLISIÓN POR CAMBIO DE CARRIL,ASFALTO,Bueno,Bueno,1,NISSAN,BLANCO CON FRANJAS AZUL Y VERD,1,,27,MASCULINO,SIN DATOS,0,0,Morelia,El Realito,abril,martes,19,-101.203617230058,19.7256477510609
28955,28960,2020,,2020/04/29,"06:40:00",COLISIÓN POR MANIOBRA DE REVERSA,CONCRETO,Bueno,Bueno,2,RENAULT/LOGAN,GRIS,2,,33,MASCULINO,SIN DATOS,0,0,Morelia,Tzindurio de Morelos,abril,miércoles,7,-101.250160932541,19.6985112528409
28956,28961,2020,,2020/04/29,"07:30:00",COLISIÓN POR ALCANCE,ASFALTO,Bueno,Bueno,3,NISSAN,AZUL,3,,45,MASCULINO,SIN DATOS,0,0,Morelia,Morelia 450,abril,miércoles,8,-101.216603815556,19.6754566380039
28957,28962,2020,LEG30609,2020/04/29,"07:50:00",SALIDA DE SUPERFICIE DE RODAMIENTO,ASFALTO,Bueno,Bueno,1,GENERAL MOTORS,PLATA,1,,22,FEMENINO,SIN DATOS,0,0,Morelia,Nicolas Bravo(Los Ejidos),abril,miércoles,8,-101.213634610176,19.7024303839633
28958,28963,2020,MOR200337137,2020/04/29,"09:10:00",COLISIÓN POR ALCANCE,CONCRETO,Bueno,Bueno,2,VOLKSWAGEN,BLANCO NARANJA,2,,51,MASCULINO,SIN DATOS,0,0,Morelia,Victor Manuel Tinoco Rubi,abril,miércoles,9,-101.243015527725,19.7004910321061
28959,28964,2020,LEG30614,2020/04/29,10:40:00,COLISIÓN POR ALCANCE,ASFALTO,Bueno,Bueno,2,VOLKSWAGEN,BLANCO,2,,53,MASCULINO,SIN DATOS,0,0,Morelia,Jardines del Rincon,abril,miércoles,11,-101.151133775711,19.6893292012935
28960,28965,2020,MOR200337703,2020/04/29,12:50:00,COLISIÓN POR CORTE DE CIRCULACIÓN,CONCRETO,Bueno,Bueno,2,MITSUBISHI,PLATA,2,,70,MASCULINO,SIN DATOS,0,0,Morelia,Chapultepec Norte,abril,miércoles,13,-101.17321908474,19.6959758875064
28961,28966,2020,LEG30615,2020/04/29,16:50:00,COLISIÓN POR CAMBIO DE CARRIL,ASFALTO,Bueno,Bueno,2,NISSAN,BLANCO,2,,40,MASCULINO,SIN DATOS,0,0,Morelia,Jardines de Torremolinos,abril,miércoles,17,-101.225709915161,19.6786300328533
28962,28967,2020,LEG30616,2020/04/29,19:10:00,COLISIÓN POR ALCANCE,ASFALTO,Bueno,Bueno,2,NISSAN,BLANCO,2,,25,FEMENINO,SIN DATOS,0,0,Morelia,Campestre Los Manantiales,abril,miércoles,19,-101.238353848457,19.688291262997
28963,28968,2020,"200339091",2020/04/29,20:10:00,COLISIÓN POR CORTE DE CIRCULACIÓN,ASFALTO,Bueno,Regular,2,CHEVROLET,GRIS,2,,39,MASCULINO,SIN DATOS,0,0,Tarímbaro,Galaxias Tarimbaro,abril,miércoles,20,-101.194666028023,19.7627683276579
28964,28969,2020,,2020/04/29,21:00:00,COLISIÓN POR ALCANCE,SIN_DATOS,Bueno,Bueno,2,JEEP,GRIS,2,,20,FEMENINO,SIN DATOS,0,0,Morelia,Centro,abril,miércoles,21,-101.185076124966,19.7029265815409
28965,28970,2020,LEG30617,2020/04/29,21:10:00,COLISIÓN POR CORTE DE CIRCULACIÓN,ASFALTO,Bueno,Bueno,2,CHEVROLET,BLANCO,2,,36,MASCULINO,SIN DATOS,0,0,Morelia,Sentimientos de La Nacion,abril,miércoles,21,-101.234715431929,19.6858340245919