fid,id_accidente,anio_origen,folio_c5i,dia_incidente,hora_ocurrencia,tipo_incidente_vial,superficie_ocurrencia,condiciones_climaticas,condiciones_via,numero_vehiculos_involucrados,marca_vehiculo_ocasiona_siniestro,color_vehiculo_ocasiona_siniestro,numero_personas_involucradas,lugar_remite_presunto_responsable,edad_presunto_responsable,sexo_presunto_responsable,resultados_toxicologia,numero_personas_lesionadas,numero_personas_fallecidas,municipio,colonia,mes,dia_semana,hora_redondeada,lon,lat
28966,28971,2020,MOR200339326,2020/04/29,22:30:00,SUBIDA AL CAMELLÓN,ASFALTO,Bueno,Bueno,1,NISSAN,BLANCO,1,,,,SIN DATOS,0,0,Morelia,El Eden,abril,miércoles,23,-101.24964594841,19.6461089143565
28967,28972,2020,LEG30618,2020/04/29,22:45:00,CAIDA DE MOTOCICLETA,ASFALTO,Bueno,Bueno,1,BAJAJ,AZUL Y GRIS,1,,44,MASCULINO,SIN DATOS,0,0,Morelia,Irrigacion,abril,miércoles,23,-101.221402287483,19.7054428982373
28968,28973,2020,MOR200336713,2020/04/29,23:34:00,VOLCADURA,ASFALTO,Bueno,Bueno,1,CHEVROLET,AZUL,1,,20,MASCULINO,ALIENTO ETÍLICO,0,0,Morelia,Dr Miguel Silva,abril,miércoles,0,-101.183915734291,19.7191790420848
28969,28974,2020,,2020/04/30,"00:00:00",COLISIÓN POR CAMBIO DE CARRIL,ASFALTO,Bueno,Bueno,2,CHEVROLET,BLANCO,2,,34,,SIN DATOS,0,0,Morelia,El Lago 2,abril,jueves,0,-101.21772095561,19.7269720114572
28970,28975,2020,,2020/04/30,14:50:00,COLISIÓN POR MANIOBRA DE REVERSA,ASFALTO,Bueno,Bueno,2,Toyota,Negro,2,,36,MASCULINO,SIN DATOS,0,0,Morelia,Hacienda del Valle,abril,jueves,15,-101.224595122039,19.6665687775016
28971,28976,2020,,2020/04/30,15:42:00,COLISIÓN POR CORTE DE CIRCULACIÓN,ASFALTO,Bueno,Bueno,2,Freightliner,Blanco,2,,20,MASCULINO,SIN DATOS,0,0,Morelia,Independencia,abril,jueves,16,-101.175627708435,19.7099236873219
28972,28977,2020,,2020/04/30,16:11:00,COLISIÓN CONTRA OBJETO FIJO,ASFALTO,Bueno,Bueno,1,Dodge,Plata,1,,,MASCULINO,SIN DATOS,0,0,Morelia,Loma de Los Piñones,abril,jueves,16,-101.20370708406,19.674961302397
28973,28978,2020,MOR200341141,2020/04/30,17:38:00,COLISIÓN POR ALCANCE,ASFALTO,Bueno,Bueno,2,Nissan,Café,2,,24,MASCULINO,SIN DATOS,0,0,Morelia,Fidel Velazquez,abril,jueves,18,-101.235178783536,19.7043968576937
28974,28979,2020,,2020/04/30,20:20:00,COLISIÓN POR CORTE DE CIRCULACIÓN,ASFALTO,Bueno,Bueno,2,RENAULT,Griz,2,,27,MASCULINO,SIN DATOS,0,0,Morelia,Nueva Chapultepec,abril,jueves,20,-101.164404004812,19.6883998553966
28975,28980,2020,LEG30654,2020/04/30,20:25:00,SUBIDA AL CAMELLÓN,ASFALTO,Bueno,Bueno,1,Volkswagen,Gris,1,,67,MASCULINO,ALIENTO ETÍLICO,0,0,Morelia,La Quemada,abril,jueves,20,-101.242150850594,19.702960987041
28976,28981,2020,,2020/04/30,22:40:00,COLISIÓN POR CORTE DE CIRCULACIÓN,ASFALTO,Bueno,Bueno,2,Nissan,Blanco,2,,41,MASCULINO,SIN DATOS,0,0,Morelia,Sentimientos de La Nacion,abril,jueves,23,-101.2341576,19.6808864
28977,28982,2020,,2020/05/01,"00:05:00",COLISIÓN CONTRA OBJETO FIJO,CONCRETO,Bueno,Bueno,1,NISSAN,BLANCO,1,,51,MASCULINO,SIN DATOS,0,0,Morelia,Centro,mayo,viernes,0,-101.188668077245,19.7104293072089
28978,28983,2020,,2020/05/01,"01:00:00",COLISIÓN CONTRA OBJETO FIJO,ASFALTO,Bueno,Bueno,1,VOLKSWAGEN,BLANCO,1,,26,MASCULINO,ALIENTO ETÍLICO,0,0,Morelia,Justo Mendoza,mayo,viernes,1,-101.230276318269,19.712793964837
28979,28984,2020,LEG30665,2020/05/01,"09:10:00",COLISIÓN POR CORTE DE CIRCULACIÓN,ASFALTO,Bueno,Bueno,2,NISSAN,ROJO,2,,35,,SIN DATOS,0,0,Morelia,Asociacion Zirahuen,mayo,viernes,9,-101.246210038662,19.6996324573713
28980,28985,2020,,2020/05/01,"09:25:00",COLISIÓN POR CAMBIO DE CARRIL,ASFALTO,Bueno,Bueno,2,VOLKSWAGEN,BLANCO,2,MINISTERIO PÚBLICO,36,FEMENINO,SIN DATOS,0,0,Morelia,Los Manantiales de Morelia,mayo,viernes,9,-101.240242123604,19.6927662190074
28981,28986,2020,MOR200342582,2020/05/01,11:20:00,COLISIÓN POR ALCANCE,ASFALTO,Bueno,Regular,2,NISSAN,BLANCO,2,,25,MASCULINO,SIN DATOS,0,0,Morelia,Adolfo Lopez Mateos,mayo,viernes,11,-101.22968763113,19.7035117896833
28982,28987,2020,MOR200342634,2020/05/01,11:30:00,COLISIÓN CON PEATÓN,CONCRETO,Bueno,Bueno,2,CHEVROLET,AZUL,3,,,FEMENINO,SIN DATOS,1,0,Morelia,Santiaguito,mayo,viernes,12,-101.190173327923,19.7167551024423
28983,28988,2020,,2020/05/01,12:15:00,VOLCADURA,ASFALTO,Bueno,Bueno,1,NISSAN,ROJO,1,MINISTERIO PÚBLICO,53,MASCULINO,SIN DATOS,0,0,Jungapeo,Sin datos,mayo,viernes,12,-100.479088171638,19.4850817385165
28985,28990,2020,MOR - 200 - 310,2020/05/01,13:40:00,COLISIÓN POR MANIOBRA DE REVERSA,ASFALTO,Bueno,Bueno,2,NISSAN,BLANCO,2,,34,MASCULINO,SIN DATOS,0,0,Morelia,Las Americas,mayo,viernes,14,-101.15584641695,19.6876472832994
28986,28991,2020,,2020/05/01,15:00:00,COLISIÓN POR CORTE DE CIRCULACIÓN,ASFALTO,Bueno,Bueno,2,CHEVROLET,NARANJA,1,MINISTERIO PÚBLICO,,MASCULINO,SIN DATOS,0,0,Lázaro Cárdenas,El Sembrador,mayo,viernes,15,-102.206927321173,17.9726664619209
28987,28992,2020,LEG30666,2020/05/01,16:10:00,COLISIÓN POR CORTE DE CIRCULACIÓN,ASFALTO,Bueno,Bueno,2,ITALIKA,BLANCO Y AMARILLO,2,,34,MASCULINO,SIN DATOS,0,0,Morelia,Prados Verdes,mayo,viernes,16,-101.197376400232,19.7135262820101
28988,28993,2020,MOR200343800,2020/05/01,17:40:00,COLISIÓN POR CORTE DE CIRCULACIÓN,CONCRETO,Bueno,Bueno,2,NISSAN,BLANCO,2,,34,MASCULINO,SIN DATOS,0,0,Morelia,Felicitas del Rio,mayo,viernes,18,-101.200321130455,19.6919899923059
28989,28994,2020,MOR 200343813,2020/05/01,18:30:00,COLISIÓN POR CORTE DE CIRCULACIÓN,ASFALTO,Bueno,Bueno,2,NISSAN,BLANCO,2,,25,MASCULINO,SIN DATOS,0,0,Morelia,Rinconada del Valle,mayo,viernes,19,-101.219159960747,19.6793485524466
28990,28995,2020,,2020/05/01,22:05:00,COLISIÓN POR CORTE DE CIRCULACIÓN,ASFALTO,Bueno,Bueno,2,NISSAN,BLANCO/ROJO,1,MINISTERIO PÚBLICO,,,,1,0,Coeneo,Sin datos,mayo,viernes,22,-101.708866618574,19.7569631269447
28991,28996,2020,MOR 200344567,2020/05/02,"02:00:00",COLISIÓN CONTRA OBJETO FIJO,TERRACERIA,Bueno,Bueno,1,CHEVROLET,BLANCO,0,,,,,0,0,Morelia,Ampliacion La Soledad,mayo,sábado,2,-101.183554405,19.7349146049992
28992,28997,2020,,2020/05/02,11:00:00,COLISIÓN POR ALCANCE,ASFALTO,Bueno,Bueno,2,VOLKSWAGEN,AMARILLO,2,,,,SIN DATOS,0,0,Morelia,Felix Ireta,mayo,sábado,11,-101.190811686667,19.6889579688458
28993,28998,2020,,2020/05/02,11:50:00,COLISIÓN POR ALCANCE,ASFALTO,Bueno,Bueno,2,TOYOTA,BLANCO Y NARANJA,2,,39,MASCULINO,SIN DATOS,0,0,Tarímbaro,Sin datos,mayo,sábado,12,-101.170907020569,19.7523770015328
28994,28999,2020,,2020/05/02,14:45:00,COLISIÓN CONTRA OBJETO FIJO,ASFALTO,Bueno,Bueno,3,VOLKSWAGEN,BLANCO,3,,49,MASCULINO,SIN DATOS,0,0,Morelia,Jardines de Torremolinos,mayo,sábado,15,-101.229715794325,19.6769833606813
28995,29000,2020,,2020/05/02,15:15:00,COLISIÓN CONTRA OBJETO FIJO,ASFALTO,Bueno,Bueno,2,FORD,AMARILLO,2,,35,MASCULINO,SIN DATOS,0,0,Morelia,Felix Ireta,mayo,sábado,15,-101.195665821433,19.6815012506893
28996,29001,2020,,2020/05/02,16:00:00,COLISIÓN POR CORTE DE CIRCULACIÓN,ASFALTO,Bueno,Bueno,2,INTERNATIONAL,BLANCO,2,,29,MASCULINO,SIN DATOS,0,0,Peribán,Sin datos,mayo,sábado,16,-102.446820437908,19.5546947655735
28997,29002,2020,MOR200345923,2020/05/02,16:18:00,COLISIÓN POR CORTE DE CIRCULACIÓN,ASFALTO,Bueno,Bueno,2,KAWASAKI,VERDE,2,,48,FEMENINO,SIN DATOS,0,0,Morelia,Irrigacion,mayo,sábado,16,-101.227150599122,19.705312639666
28998,29003,2020,,2020/05/02,21:10:00,COLISIÓN CONTRA OBJETO FIJO,ASFALTO,Bueno,Bueno,1,FORD,BLANCO,1,,48,MASCULINO,SIN DATOS,0,0,Tarímbaro,Campestre Tarimbaro,mayo,sábado,21,-101.130153872073,19.776672750898
28999,29004,2020,,2020/05/03,"00:13:00",COLISIÓN POR ALCANCE,CONCRETO,Bueno,Bueno,2,Ford,Rojo,2,,,MASCULINO,SIN DATOS,0,0,Morelia,Agustin Arriaga Rivera,mayo,domingo,0,-101.224176362157,19.6912680570587
29000,29005,2020,,2020/05/03,"01:00:00",COLISIÓN CONTRA OBJETO FIJO,ASFALTO,Bueno,Bueno,1,Volkswagen,Blanco,1,,24,MASCULINO,SIN DATOS,0,0,Morelia,Villa Universidad,mayo,domingo,1,-101.212069541216,19.6921771835547
29001,29006,2020,,2020/05/03,"03:00:00",COLISIÓN CONTRA OBJETO FIJO,CONCRETO,Bueno,Regular,1,VW,Azul,1,,0,,SIN DATOS,0,0,Morelia,Chapultepec Oriente,mayo,domingo,3,-101.163807213306,19.69534961578
29002,29007,2020,LEG30678,2020/05/03,"03:50:00",COLISIÓN CONTRA OBJETO FIJO,ASFALTO,Bueno,Bueno,1,VOLKSWAGEN,PLATA,0,MINISTERIO PÚBLICO,,,,0,0,Morelia,El Lago 3,mayo,domingo,4,-101.221909895539,19.7272225971515
29003,29008,2020,,2020/05/03,"08:45:00",SALIDA DE SUPERFICIE DE RODAMIENTO,ASFALTO,Bueno,Bueno,1,CHEVROLET,VERDE,0,,,,,0,0,Coeneo,Sin datos,mayo,domingo,9,-101.680536456406,19.7597083020015
29004,29009,2020,LEG30683,2020/05/03,16:20:00,COLISIÓN CONTRA OBJETO FIJO,CONCRETO,Bueno,Bueno,1,MAZDA,ROJO,0,MINISTERIO PÚBLICO,,,,0,0,Morelia,Poblado de Ocolusen,mayo,domingo,16,-101.155088675,19.6951327349991
29005,29010,2020,MOR200349349,2020/05/03,17:50:00,COLISIÓN POR INVASIÓN DE CARRIL,ASFALTO,Bueno,Bueno,2,VOLKSWAGEN,GRIS,2,,29,MASCULINO,SIN DATOS,0,0,Charo,La Goleta,mayo,domingo,18,-101.083278246224,19.7372658996818
29006,29011,2020,MOR200349571,2020/05/03,19:20:00,SALIDA DE SUPERFICIE DE RODAMIENTO,ASFALTO,Bueno,Bueno,1,NISSAN,GRIS,0,,,,,0,0,Morelia,Ciudad Industrial,mayo,domingo,19,-101.149052381516,19.7204339213976
29007,29012,2020,,2020/05/03,19:53:00,COLISIÓN CON PEATÓN,CONCRETO,Bueno,Bueno,1,FORD,BLANCO,2,,,MASCULINO,SIN DATOS,1,0,Los Reyes,Jardin,mayo,domingo,20,-102.475169375539,19.5931382811227
29008,29013,2020,MOR200349928,2020/05/03,21:30:00,COLISIÓN POR ALCANCE,ASFALTO,Bueno,Bueno,2,FORD,GRIS,2,,28,MASCULINO,SIN DATOS,0,0,Morelia,Isaac Arriaga,mayo,domingo,22,-101.173334419727,19.7068948442035
29009,29014,2020,,2020/05/03,21:30:00,COLISIÓN POR INVASIÓN DE CARRIL,ASFALTO,Bueno,Bueno,2,CHEVROLET,BLANCO,3,MINISTERIO PÚBLICO,0,MASCULINO,SIN DATOS,2,0,Erongarícuaro,Sin datos,mayo,domingo,22,-101.718057543039,19.5759746430458
29010,29015,2020,LEG30684,2020/05/03,22:00:00,COLISIÓN POR ALCANCE,ASFALTO,Bueno,Regular,2,NISSAN,BLANCO,2,,28,MASCULINO,SIN DATOS,0,0,Morelia,La Esperanza,mayo,domingo,22,-101.153886648601,19.6993881681228
29011,29016,2020,,2020/05/03,23:25:00,COLISIÓN POR ALCANCE,ASFALTO,Bueno,Bueno,2,NISSAN,Blanco,2,,19,MASCULINO,ALIENTO ETÍLICO,0,0,Morelia,Barrio Alto,mayo,domingo,23,-101.196656227112,19.7248372831359
29012,29017,2020,,2020/05/04,10:33:00,COLISIÓN POR ALCANCE,ASFALTO,Bueno,Bueno,2,MAZDA,NEGRO,2,,26,FEMENINO,SIN DATOS,0,0,Tarímbaro,Sin datos,mayo,lunes,11,-101.153721101582,19.7694876830029
29013,29018,2020,,2020/05/04,12:00:00,COLISIÓN POR CORTE DE CIRCULACIÓN,ASFALTO,Bueno,Bueno,2,DODGE,ROJO,2,MINISTERIO PÚBLICO,,MASCULINO,SIN DATOS,0,0,Morelia,Rinconada del Valle,mayo,lunes,12,-101.219058036804,19.6792677349379
29014,29019,2020,LEG30692,2020/05/04,12:36:00,COLISIÓN POR CORTE DE CIRCULACIÓN,ASFALTO,Bueno,Bueno,2,CHEVROLET,GRIS,2,,31,FEMENINO,SIN DATOS,0,0,Morelia,El Lago 2,mayo,lunes,13,-101.212068200111,19.7264039316019
29015,29020,2020,,2020/05/04,15:00:00,COLISIÓN POR CORTE DE CIRCULACIÓN,ASFALTO,Bueno,Regular,2,DATSUN,BLANCO,2,,,MASCULINO,SIN DATOS,0,0,Morelia,Jose Trinidad Guido,mayo,lunes,15,-101.186959245761,19.6681340067212
29016,29021,2020,MOR2000456879,2020/05/04,15:30:00,COLISIÓN POR CORTE DE CIRCULACIÓN,CONCRETO,Bueno,Bueno,1,ITALIKA,ROJO,1,,31,FEMENINO,SIN DATOS,0,0,Morelia,Primo Tapia,mayo,lunes,16,-101.212523169816,19.7152303372042
29017,29022,2020,,2020/05/04,19:22:00,CAIDA DE MOTOCICLETA,CONCRETO,Bueno,Bueno,1,ITALIKA,GRIS Y  NEGRO,4,,0,,SIN DATOS,3,0,Tarímbaro,De La Cruz,mayo,lunes,19,-101.175744719803,19.7958584776979
29019,29024,2020,LEG30705,2020/05/05,"08:59:00",COLISIÓN POR ALCANCE,CONCRETO,Bueno,Bueno,2,NISSAN,ROJO,2,MINISTERIO PÚBLICO,36,MASCULINO,SIN DATOS,0,0,Morelia,Barrio Alto,mayo,martes,9,-101.1882827,19.7276714
29020,29025,2020,MOR200353089,2020/05/05,"09:40:00",COLISIÓN POR CAMBIO DE CARRIL,CONCRETO,Bueno,Bueno,2,KIA,BLANCO,2,,30,MASCULINO,SIN DATOS,0,0,Morelia,Vasco de Quiroga,mayo,martes,10,-101.175891906023,19.698136569283
29021,29026,2020,,2020/05/05,10:30:00,CAIDA DE MOTOCICLETA,ASFALTO,Bueno,Bueno,1,HONDA,BLANCO,1,,47,MASCULINO,SIN DATOS,0,0,Morelia,Bosques de Oriente,mayo,martes,11,-101.156817376614,19.7147275497015
29022,29027,2020,MOR200354576,2020/05/05,12:10:00,COLISIÓN POR CAMBIO DE CARRIL,ASFALTO,Bueno,Regular,2,VOLKSWAGEN,ARENA,2,,53,FEMENINO,SIN DATOS,0,0,Morelia,Jardines de Torremolinos,mayo,martes,12,-101.225755512714,19.6768734977485
29023,29028,2020,MOR200354000,2020/05/05,13:25:00,COLISIÓN POR CORTE DE CIRCULACIÓN,ASFALTO,Bueno,Bueno,2,BENELLI,BLANCO,2,,21,MASCULINO,SIN DATOS,0,0,Morelia,Poblado de Ocolusen,mayo,martes,13,-101.149494946003,19.6946930379517
29024,29029,2020,MOR200354529,2020/05/05,16:01:00,COLISIÓN POR ALCANCE,ASFALTO,Bueno,Bueno,2,DODGE,NEGRO,2,,36,MASCULINO,SIN DATOS,0,0,Morelia,Torreon Nuevo,mayo,martes,16,-101.20358663,19.7462449699991
29025,29030,2020,MOR200354618,2020/05/05,16:10:00,COLISIÓN POR ALCANCE,ASFALTO,Lluvioso,Bueno,2,NISSAN,GRIS,2,,28,FEMENINO,SIN DATOS,0,0,Morelia,Morelia 450,mayo,martes,16,-101.216549552337,19.675423970274
29026,29031,2020,,2020/05/05,16:15:00,VOLCADURA,ASFALTO,Bueno,Bueno,2,FREIGHTLINER,BLANCO,1,,56,MASCULINO,SIN DATOS,0,0,Peribán,Sin datos,mayo,martes,16,-102.453006953001,19.4616241651824
29027,29032,2020,MOR200354701,2020/05/05,16:30:00,COLISIÓN CONTRA OBJETO FIJO,ASFALTO,Lluvioso,Regular,1,HONDA,GRIS,1,,49,MASCULINO,SIN DATOS,0,0,Morelia,Alberto Oviedo Mota,mayo,martes,17,-101.202150061727,19.6774370180281
29028,29033,2020,,2020/05/05,16:30:00,CAIDA DE MOTOCICLETA,ASFALTO,Bueno,Bueno,1,YAMAHA,BLANCO,1,,19,FEMENINO,SIN DATOS,0,0,Morelia,Indeco El Vivero,mayo,martes,17,-101.231760308146,19.6776715807871
29030,29035,2020,MOR200354884,2020/05/05,17:33:00,COLISIÓN POR CORTE DE CIRCULACIÓN,ASFALTO,Bueno,Bueno,2,CHEVROLET,GRIS,2,,26,MASCULINO,SIN DATOS,0,0,Morelia,Primo Tapia Oriente,mayo,martes,18,-101.164105115,19.7182365849992
29031,29036,2020,,2020/05/05,18:00:00,COLISIÓN POR INVASIÓN DE CARRIL,ASFALTO,Bueno,Bueno,2,ISUZU,BLANCO,2,,48,MASCULINO,SIN DATOS,0,0,Jacona,Sin datos,mayo,martes,18,-102.359291575849,19.9287654786629
29032,29037,2020,MOR200354933,2020/05/05,18:20:00,COLISIÓN CONTRA OBJETO FIJO,ASFALTO,Bueno,Bueno,1,CHEVROLET,BLANCO,1,,41,MASCULINO,SIN DATOS,0,0,Morelia,Lomas de Las Americas Norte,mayo,martes,18,-101.147764921188,19.6945970763513
29033,29038,2020,MOR200354874,2020/05/05,18:22:00,COLISIÓN CONTRA OBJETO FIJO,ASFALTO,Bueno,Bueno,1,NISSAN,CREMA,1,,65,FEMENINO,ALIENTO ETÍLICO,0,0,Morelia,La Colina,mayo,martes,18,-101.215386763215,19.7078755315546
29034,29039,2020,LEG30706,2020/05/05,18:45:00,COLISIÓN POR CORTE DE CIRCULACIÓN,ASFALTO,Lluvioso,Regular,2,TOYOTA,BLANCO Y ROJO,2,MINISTERIO PÚBLICO,62,MASCULINO,SIN DATOS,0,0,Morelia,Centro,mayo,martes,19,-101.20166759938,19.7028322031125
29035,29040,2020,MOR200355196,2020/05/05,19:00:00,VOLCADURA,CONCRETO,Bueno,Bueno,1,VOLKSWAGEN,BLANCO,1,,37,MASCULINO,SIN DATOS,0,0,Charo,Sin datos,mayo,martes,19,-101.034460868686,19.7594770149372
29036,29041,2020,,2020/05/05,19:40:00,SALIDA DE SUPERFICIE DE RODAMIENTO,ASFALTO,Bueno,Bueno,1,OLDSMOBILE,ROJO,1,,28,MASCULINO,SIN DATOS,0,0,Cuitzeo,Sin datos,mayo,martes,20,-101.151323541999,20.0450227864644
29037,29042,2020,LEG30707,2020/05/06,"05:00:00",COLISIÓN CONTRA OBJETO FIJO,ASFALTO,Nublado,Regular,1,MERCURY,VERDE Y CAFE,0,,,,,0,0,Morelia,Comision Federal de Electricidad,mayo,miércoles,5,-101.177090518177,19.6816486774178
29038,29043,2020,,2020/05/06,"07:30:00",SALIDA DE SUPERFICIE DE RODAMIENTO,ASFALTO,Bueno,Bueno,1,OLDSMOBILE,ROJO,1,,28,MASCULINO,SIN DATOS,0,0,Cuitzeo,Sin datos,mayo,miércoles,8,-101.155550032854,20.0045806350244
29039,29044,2020,,2020/05/06,"08:30:00",COLISIÓN POR CAMBIO DE CARRIL,ASFALTO,Bueno,Bueno,2,NISSAN,BLANCO,2,,0,MASCULINO,SIN DATOS,0,0,Charo,Sin datos,mayo,miércoles,9,-101.036448217928,19.7576077740215
29040,29045,2020,MOR200986759,2020/05/06,12:30:00,SUBIDA AL CAMELLÓN,ASFALTO,Bueno,Bueno,1,CHEVROLET,GRIS,1,MINISTERIO PÚBLICO,0,MASCULINO,SIN DATOS,0,0,Morelia,Los Pinos de Michoacan,mayo,miércoles,13,-101.214042976499,19.68780701576
29041,29046,2020,,2020/05/06,13:10:00,COLISIÓN POR ALCANCE,ASFALTO,Bueno,Bueno,2,HONDA,BLANCO,2,,40,MASCULINO,ALIENTO ETÍLICO,0,0,Morelia,Nueva Valladolid,mayo,miércoles,13,-101.214162415,19.7004326249991
29042,29047,2020,,2020/05/06,14:00:00,COLISIÓN CONTRA OBJETO FIJO,CONCRETO,Bueno,Bueno,1,Renault,Azul,1,,0,,SIN DATOS,0,0,Morelia,Trincheras de Morelos,mayo,miércoles,14,-101.187959164381,19.6661722345883
29043,29048,2020,,2020/05/06,15:00:00,COLISIÓN POR CAMBIO DE CARRIL,ASFALTO,Bueno,Bueno,2,KENWORTH,BLANCO,2,,0,MASCULINO,SIN DATOS,0,0,Tarímbaro,Club Erandeni,mayo,miércoles,15,-101.183801,19.757131
29045,29050,2020,,2020/05/06,17:51:00,COLISIÓN CONTRA OBJETO FIJO,CONCRETO,Bueno,Bueno,2,Dodge,Plata,2,,37,FEMENINO,SIN DATOS,0,0,Morelia,Morelos,mayo,miércoles,18,-101.206693723798,19.6992325241115
29048,29053,2020,,2020/05/06,23:20:00,SALIDA DE SUPERFICIE DE RODAMIENTO,ASFALTO,Bueno,Bueno,1,TOYOTA,BLANCO,0,MINISTERIO PÚBLICO,,,,0,0,Gabriel Zamora,Sin datos,mayo,miércoles,23,-102.0568294702,19.1970748314023
29049,29054,2020,,2020/05/07,"06:50:00",SUBIDA AL CAMELLÓN,ASFALTO,Bueno,Bueno,1,CHEVROLET,NARANJA,1,,24,FEMENINO,SIN DATOS,0,0,Tarímbaro,Sin datos,mayo,jueves,7,-101.170911379158,19.7523848902613
29050,29055,2020,LEG30737,2020/05/07,11:34:00,COLISIÓN POR CORTE DE CIRCULACIÓN,ASFALTO,Bueno,Bueno,1,DINA,BLANCO,1,,0,MASCULINO,SIN DATOS,0,0,Morelia,Lomas de Santiaguito,mayo,jueves,12,-101.179519891941,19.7229539949395
29051,29056,2020,,2020/05/07,11:55:00,VOLCADURA,ASFALTO,Bueno,Bueno,1,FREIGHTLINER,AZUL,2,,50,MASCULINO,SIN DATOS,1,0,Uruapan,Sin datos,mayo,jueves,12,-102.074738337135,19.5059902184246
29052,29057,2020,MOR200359493,2020/05/07,12:50:00,CAIDA DE MOTOCICLETA,CONCRETO,Bueno,Bueno,1,HONDA,AZUL,2,MINISTERIO PÚBLICO,25,MASCULINO,SIN DATOS,1,0,Tarímbaro,Galaxias Tarimbaro,mayo,jueves,13,-101.191674023867,19.760770388089
29053,29058,2020,,2020/05/07,13:45:00,COLISIÓN POR ALCANCE,ASFALTO,Bueno,Bueno,3,HINO,BLANCO,3,,43,MASCULINO,SIN DATOS,0,0,Uruapan,Sin datos,mayo,jueves,14,-102.078086771071,19.5100601125961
29055,29060,2020,LEG30738,2020/05/07,18:35:00,COLISIÓN POR INVASIÓN DE CARRIL,ASFALTO,Lluvioso,Regular,2,NISSAN,BLANCO,2,,32,MASCULINO,SIN DATOS,0,0,Morelia,Sin datos,mayo,jueves,19,-101.115916706622,19.7367953706677
29056,29061,2020,MOR 200360439,2020/05/07,20:30:00,COLISIÓN POR CAMBIO DE CARRIL,ASFALTO,Nublado,Regular,2,CHRYSLER,PLATA,2,,42,MASCULINO,SIN DATOS,0,0,Morelia,Sentimientos de La Nacion,mayo,jueves,21,-101.233194944297,19.682432823539
29058,29063,2020,LEG30753,2020/05/08,"00:00:00",SUBIDA AL CAMELLÓN,ASFALTO,Lluvioso,Bueno,1,CHEVROLET,AZUL,1,,52,MASCULINO,SIN DATOS,0,0,Morelia,Torreon Nuevo,mayo,viernes,0,-101.20358663,19.7462449699991
29059,29064,2020,,2020/05/08,"00:00:00",COLISIÓN POR ALCANCE,ASFALTO,Nublado,Regular,2,NISSAN,NEGRO,2,,,MASCULINO,SIN DATOS,0,0,Morelia,Cosmos,mayo,viernes,0,-101.218920954689,19.6840718148917
29060,29065,2020,LEG30736,2020/05/08,"00:50:00",COLISIÓN POR CORTE DE CIRCULACIÓN,ASFALTO,Nublado,Regular,2,DODGE,AZUL CON BLANCO,2,MINISTERIO PÚBLICO,0,MASCULINO,SIN DATOS,0,0,Morelia,Lomas de Las Americas Norte,mayo,viernes,1,-101.149194407712,19.6946998863198
29061,29066,2020,MOR200361192,2020/05/08,"02:30:00",VOLCADURA,ASFALTO,Nublado,Regular,1,NISSAN,ARENA,1,,28,FEMENINO,SIN DATOS,0,0,Morelia,Pascual Ortiz de Ayala,mayo,viernes,3,-101.149596869946,19.6959556852309
29063,29068,2020,,2020/05/08,12:40:00,COLISIÓN CON PEATÓN,ASFALTO,Bueno,Bueno,2,HYUNDAI,NEGRO,2,,25,FEMENINO,SIN DATOS,0,0,Morelia,Melchor Ocampo,mayo,viernes,13,-101.201937888211,19.7065671597378
29064,29069,2020,,2020/05/08,13:38:00,COLISIÓN POR CORTE DE CIRCULACIÓN,ASFALTO,Bueno,Bueno,2,NISSAN,NEGRO,2,,31,MASCULINO,SIN DATOS,0,0,Morelia,Chapultepec Sur,mayo,viernes,14,-101.171449125214,19.6920309500482
29065,29070,2020,MOR200359848,2020/05/08,14:20:00,COLISIÓN POR CAMBIO DE CARRIL,ASFALTO,Lluvioso,Regular,2,FORD,PLATA,2,,68,MASCULINO,SIN DATOS,0,0,Morelia,Chapultepec Oriente,mayo,viernes,14,-101.164522182838,19.6907772357068
29066,29071,2020,,2020/05/08,15:20:00,COLISIÓN POR ALCANCE,ASFALTO,Bueno,Bueno,2,Chevrolet,Negro,2,,,MASCULINO,SIN DATOS,0,0,Morelia,Gertrudis Sanchez,mayo,viernes,15,-101.205776745,19.7441101549991
29067,29072,2020,,2020/05/08,17:00:00,COLISIÓN CONTRA OBJETO FIJO,ASFALTO,Bueno,Bueno,2,NISSAN,BLANCO,2,,23,MASCULINO,SIN DATOS,0,0,Morelia,Lomas de Las Americas Sur,mayo,viernes,17,-101.142661345,19.6944295449991
29068,29073,2020,,2020/05/08,17:10:00,COLISIÓN POR ALCANCE,ASFALTO,Bueno,Bueno,2,CHEVROLET,BLANCO,2,,48,,SIN DATOS,0,0,Morelia,Arboledas de La Huerta,mayo,viernes,17,-101.224195370583,19.6690973722789
29069,29074,2020,,2020/05/08,17:30:00,CAIDA DE MOTOCICLETA,ASFALTO,Bueno,Bueno,1,HONDA,BLANCO,1,,,MASCULINO,SIN DATOS,0,0,Morelia,Torreon Nuevo,mayo,viernes,18,-101.20358663,19.7462449699991
29070,29075,2020,LEG30757,2020/05/08,17:50:00,COLISIÓN POR CORTE DE CIRCULACIÓN,ASFALTO,Bueno,Bueno,2,NISSAN,BLANCO,2,,23,MASCULINO,SIN DATOS,0,0,Morelia,Ciudad Industrial,mayo,viernes,18,-101.16412207,19.7247848449991
29071,29076,2020,MOR200360586,2020/05/08,19:20:00,COLISIÓN POR CAMBIO DE CARRIL,ASFALTO,Nublado,Regular,2,NISSAN,BLANCO,2,,33,MASCULINO,SIN DATOS,0,0,Morelia,Ana Maria Gallaga (Riviera Norte),mayo,viernes,19,-101.223090738058,19.6767693173117