fid,id_accidente,anio_origen,folio_c5i,dia_incidente,hora_ocurrencia,tipo_incidente_vial,superficie_ocurrencia,condiciones_climaticas,condiciones_via,numero_vehiculos_involucrados,marca_vehiculo_ocasiona_siniestro,color_vehiculo_ocasiona_siniestro,numero_personas_involucradas,lugar_remite_presunto_responsable,edad_presunto_responsable,sexo_presunto_responsable,resultados_toxicologia,numero_personas_lesionadas,numero_personas_fallecidas,municipio,colonia,mes,dia_semana,hora_redondeada,lon,lat
29072,29077,2020,MOR200040978,2020/05/08,19:40:00,COLISIÓN POR ALCANCE,ASFALTO,Nublado,Bueno,2,CHEVROLET,VERDE,2,,37,MASCULINO,SIN DATOS,0,0,Morelia,Alberto Oviedo Mota,mayo,viernes,20,-101.196140686849,19.6817272495021
29073,29078,2020,,2020/05/08,20:30:00,VOLCADURA,ASFALTO,Bueno,Bueno,1,GMC,BLANCO,1,MINISTERIO PÚBLICO,,,SIN DATOS,0,0,Tuzantla,Sin datos,mayo,viernes,21,-100.658646672964,19.0977459420788
29074,29079,2020,LEG30735,2020/05/08,21:30:00,COLISIÓN POR ALCANCE,ASFALTO,Bueno,Bueno,3,CHEVROLET,BLANCO,3,,45,MASCULINO,SIN DATOS,0,0,Morelia,Chapultepec Oriente,mayo,viernes,22,-101.160241443992,19.6881057758403
29076,29081,2020,,2020/05/09,"00:00:00",COLISIÓN CONTRA OBJETO FIJO,ASFALTO,Bueno,Bueno,1,FORD,ROJO,0,MINISTERIO PÚBLICO,,,,0,0,Lázaro Cárdenas,Ejidal,mayo,sábado,0,-102.204239107668,17.9570015445098
29077,29082,2020,,2020/05/09,"08:35:00",COLISIÓN CONTRA OBJETO FIJO,CONCRETO,Bueno,Bueno,1,VOLKSWAGEN,PLATA,1,,34,MASCULINO,SIN DATOS,0,0,Morelia,El Porvenir,mayo,sábado,9,-101.2032125,19.7124005
29078,29083,2020,LEG30762,2020/05/09,"09:20:00",COLISIÓN POR CORTE DE CIRCULACIÓN,CONCRETO,Bueno,Bueno,2,NISSAN,PLATA,2,,28,MASCULINO,SIN DATOS,0,0,Morelia,Ferrocarrilero,mayo,sábado,9,-101.223609235,19.6918737849991
29079,29084,2020,MU12200364228,2020/05/09,10:51:00,COLISIÓN POR CORTE DE CIRCULACIÓN,ASFALTO,Bueno,Bueno,2,LIFAN,NEGRO,2,,0,MASCULINO,SIN DATOS,0,0,Morelia,Centro,mayo,sábado,11,-101.18218963,19.7028850649992
29080,29085,2020,MOR200364426,2020/05/09,12:00:00,COLISIÓN POR ALCANCE,ASFALTO,Bueno,Bueno,2,NISSAN,ARENA,2,,27,MASCULINO,SIN DATOS,0,0,Morelia,Poblado de Ocolusen,mayo,sábado,12,-101.150127649172,19.6944699261717
29081,29086,2020,,2020/05/09,13:30:00,COLISIÓN POR CORTE DE CIRCULACIÓN,ADOQUIN_EMPEDRADO,Bueno,Bueno,2,NISSAN,BLANCO Y ROJO,2,,0,MASCULINO,SIN DATOS,0,0,Morelia,Centro,mayo,sábado,14,-101.193740005,19.7039288799991
29084,29089,2020,,2020/05/09,16:00:00,COLISIÓN POR CORTE DE CIRCULACIÓN,ASFALTO,Bueno,Bueno,2,ITALIKA,ROJO,2,,21,MASCULINO,SIN DATOS,0,0,Morelia,Gertrudis Sanchez,mayo,sábado,16,-101.199695595,19.7447301799991
29085,29090,2020,,2020/05/09,16:00:00,COLISIÓN POR CORTE DE CIRCULACIÓN,ASFALTO,Bueno,Bueno,2,JEEP,PLATA,2,MINISTERIO PÚBLICO,,MASCULINO,SIN DATOS,0,0,Lázaro Cárdenas,Solidaridad Nacional,mayo,sábado,16,-102.212383635342,17.9691911717939
29087,29092,2020,,2020/05/09,17:40:00,SUBIDA AL CAMELLÓN,CONCRETO,Nublado,Bueno,1,TOYOTA,BLANCO,1,,48,MASCULINO,SIN DATOS,0,0,Morelia,Valle Verde,mayo,sábado,18,-101.193137852558,19.7309761310792
29088,29093,2020,,2020/05/09,19:40:00,SALIDA DE SUPERFICIE DE RODAMIENTO,ASFALTO,Bueno,Regular,1,JEEP,GRIS PERLA,1,,27,MASCULINO,SIN DATOS,0,0,Tzitzio,Tzitzio,mayo,sábado,20,-100.922258533537,19.582736897642
29089,29094,2020,,2020/05/09,21:52:00,COLISIÓN POR ALCANCE,ASFALTO,Bueno,Bueno,2,VOLKSWAGEN,GRIS,0,,,,,0,0,Morelia,La Loma,mayo,sábado,22,-101.181617121518,19.6796993991945
29091,29096,2020,,2020/05/10,"00:10:00",CAIDA DE MOTOCICLETA,ASFALTO,Bueno,Bueno,1,ITALIKA,NEGRO/AZUL,3,,24,MASCULINO,SIN DATOS,2,0,Peribán,Sin datos,mayo,domingo,0,-102.447439022362,19.5553418057244
29092,29097,2020,,2020/05/10,10:45:00,COLISIÓN POR ALCANCE,ASFALTO,Bueno,Bueno,2,FORD,VERDE,2,,39,FEMENINO,SIN DATOS,0,0,Morelia,Rafael Carrillo,mayo,domingo,11,-101.233382038772,19.7120507240847
29094,29099,2020,,2020/05/10,15:00:00,COLISIÓN POR ALCANCE,ASFALTO,Bueno,Bueno,2,NISSAN,BLANCO,2,,27,MASCULINO,SIN DATOS,0,0,Morelia,Libertad,mayo,domingo,15,-101.238107420504,19.6873650678511
29095,29100,2020,,2020/05/10,17:00:00,COLISIÓN POR ALCANCE,ASFALTO,Bueno,Bueno,2,ITALIKA,ROJO,2,MINISTERIO PÚBLICO,23,MASCULINO,SIN DATOS,1,0,Pátzcuaro,Centro,mayo,domingo,17,-101.617677882314,19.5162063763597
29096,29101,2020,,2020/05/10,18:40:00,COLISIÓN POR ALCANCE,ASFALTO,Bueno,Bueno,1,CHEVROLET,ROJO,1,MINISTERIO PÚBLICO,0,MASCULINO,SIN DATOS,0,0,Morelia,Tlalpujahua,mayo,domingo,19,-101.218418329954,19.6763317587373
29097,29102,2020,,2020/05/10,21:45:00,COLISIÓN POR ALCANCE,ASFALTO,Bueno,Bueno,2,NISSAN,CAFE,1,,60,MASCULINO,SIN DATOS,0,0,Morelia,Las Flores,mayo,domingo,22,-101.208895006823,19.7083394412103
29098,29103,2020,,2020/05/10,22:02:00,COLISIÓN POR ALCANCE,ASFALTO,Bueno,Bueno,2,VOLKWAGEN,ROJO,2,,24,MASCULINO,SIN DATOS,0,0,Morelia,Dieciocho de Mayo,mayo,domingo,22,-101.155568665069,19.7048755053578
29100,29105,2020,MOR200369620,2020/05/11,"00:50:00",COLISIÓN CONTRA OBJETO FIJO,ASFALTO,Bueno,Bueno,1,RENAULT,BLANCO,1,,30,MASCULINO,SIN DATOS,0,0,Morelia,El Lago 1,mayo,lunes,1,-101.219280660152,19.7275946877785
29101,29106,2020,MOR200369674,2020/05/11,"04:42:00",COLISIÓN POR ALCANCE,ASFALTO,Bueno,Bueno,2,KENWORTH,BLANCO Y ROJO,2,,24,MASCULINO,SIN DATOS,0,0,Morelia,Campestre Los Manantiales,mayo,lunes,5,-101.238335743547,19.6882369667695
29102,29107,2020,,2020/05/11,"06:00:00",COLISIÓN POR CORTE DE CIRCULACIÓN,ASFALTO,Bueno,Bueno,2,SEAT,BLANCO,2,,32,MASCULINO,SIN DATOS,0,0,Morelia,Primo Tapia Oriente,mayo,lunes,6,-101.159503944218,19.7130440048962
29103,29108,2020,MOR200370102,2020/05/11,"09:32:00",COLISIÓN POR ALCANCE,ASFALTO,Bueno,Bueno,2,MAZDA,GRIS,2,,34,FEMENINO,SIN DATOS,0,0,Morelia,Cinco de Diciembre,mayo,lunes,10,-101.160787716508,19.6877501939544
29104,29109,2020,,2020/05/11,10:00:00,SALIDA DE SUPERFICIE DE RODAMIENTO,ASFALTO,Bueno,Bueno,1,FORD,ROJO,1,,26,MASCULINO,SIN DATOS,0,0,Charo,Sin datos,mayo,lunes,10,-101.03728774935,19.6861478107328
29105,29110,2020,,2020/05/11,10:00:00,COLISIÓN POR CORTE DE CIRCULACIÓN,ASFALTO,Bueno,Bueno,2,NISSAN,BLANCO,2,,40,MASCULINO,SIN DATOS,0,0,Tarímbaro,Sin datos,mayo,lunes,10,-101.128764152527,19.7772201443191
29106,29111,2020,,2020/05/11,11:15:00,SALIDA DE SUPERFICIE DE RODAMIENTO,CONCRETO,Bueno,Bueno,1,VOLKSWAGEN,BLANCO Y ROJO,0,,,,,0,0,Morelia,Villas Oriente,mayo,lunes,11,-101.144103705883,19.7543838814965
29107,29112,2020,MOR200370324,2020/05/11,11:30:00,COLISIÓN POR CORTE DE CIRCULACIÓN,ASFALTO,Bueno,Bueno,1,HONDA,BLANCO,1,,41,MASCULINO,SIN DATOS,0,0,Morelia,Sin datos,mayo,lunes,12,-101.304397881031,19.687675694223
29108,29113,2020,MOR200370438,2020/05/11,13:45:00,COLISIÓN POR INVASIÓN DE CARRIL,ASFALTO,Bueno,Bueno,2,YAMAHA,ROJO,2,,32,MASCULINO,SIN DATOS,0,0,Morelia,Chapultepec Oriente,mayo,lunes,14,-101.164497379214,19.6955124971704
29109,29114,2020,MOR124789,2020/05/11,15:30:00,COLISIÓN POR CORTE DE CIRCULACIÓN,CONCRETO,Bueno,Bueno,2,NISSAN,BLANCO,2,,38,MASCULINO,SIN DATOS,0,0,Morelia,Lomas de Hidalgo,mayo,lunes,16,-101.158428713679,19.6985633359956
29110,29115,2020,,2020/05/11,15:30:00,COLISIÓN POR CORTE DE CIRCULACIÓN,ASFALTO,Bueno,Bueno,4,NISSAN,BLANCO,4,,49,MASCULINO,SIN DATOS,0,0,Morelia,Elias Perez Avalos,mayo,lunes,16,-101.171206086874,19.7145236567671
29111,29116,2020,,2020/05/11,20:05:00,COLISIÓN CONTRA OBJETO FIJO,ASFALTO,Bueno,Bueno,1,MITSUBISHI,BLANCO,1,,31,MASCULINO,SIN DATOS,0,0,Los Reyes,Sin datos,mayo,lunes,20,-102.436930797994,19.6563644312258
29112,29117,2020,,2020/05/11,21:45:00,COLISIÓN POR CORTE DE CIRCULACIÓN,ASFALTO,Bueno,Bueno,2,HONDA,PLATA,2,,42,FEMENINO,SIN DATOS,0,0,Tarímbaro,Sin datos,mayo,lunes,22,-101.139124520123,19.7739966483286
29113,29118,2020,,2020/05/12,"05:30:00",COLISIÓN POR ALCANCE,ASFALTO,Bueno,Bueno,1,CHEVROLET,AZUL,0,MINISTERIO PÚBLICO,,,,0,0,Zacapu,Sin datos,mayo,martes,6,-101.7724493891,19.8721371245437
29114,29119,2020,,2020/05/12,"09:20:00",COLISIÓN POR ALCANCE,ASFALTO,Bueno,Bueno,2,NISSAN,AZUL,2,,,MASCULINO,SIN DATOS,0,0,Morelia,Ciudad Industrial,mayo,martes,9,-101.14554366932,19.7284851395985
29117,29122,2020,MOR200374109,2020/05/12,21:50:00,COLISIÓN POR INVASIÓN DE CARRIL,ASFALTO,Nublado,Bueno,3,DODGE,ROJO,2,MINISTERIO PÚBLICO,0,FEMENINO,SIN DATOS,0,0,Tarímbaro,Sin datos,mayo,martes,22,-101.158266805995,19.766484
29118,29123,2020,,2020/05/12,22:25:00,COLISIÓN POR CORTE DE CIRCULACIÓN,CONCRETO,Bueno,Bueno,2,AUDI/Q5,PLATA,2,,36,MASCULINO,SIN DATOS,0,0,Morelia,Nueva Valladolid,mayo,martes,22,-101.214162415,19.7004326249991
29119,29124,2020,,2020/05/12,22:40:00,COLISIÓN CON PEATÓN,SIN_DATOS,Bueno,Bueno,1,TOYOTA,ROJO,1,,22,MASCULINO,SIN DATOS,0,0,Morelia,La Hacienda,mayo,martes,23,-101.315313465893,19.6769435827316
29120,29125,2020,LEG30793,2020/05/13,"00:10:00",COLISIÓN POR INVASIÓN DE CARRIL,ASFALTO,Bueno,Bueno,2,VOLKSWAGEN,GRIS,2,MINISTERIO PÚBLICO,,,,0,2,Morelia,Sin datos,mayo,miércoles,0,-101.294853240252,19.686412034602
29121,29126,2020,MOR200369619,2020/05/13,"01:00:00",COLISIÓN CONTRA OBJETO FIJO,SIN_DATOS,Bueno,Bueno,1,CHEVROLET,AZUL,1,,18,FEMENINO,SIN DATOS,0,0,Morelia,Centro,mayo,miércoles,1,-101.190697025138,19.7095019973639
29122,29127,2020,MOR200369792,2020/05/13,"03:29:00",COLISIÓN POR ALCANCE,ASFALTO,Bueno,Bueno,2,FORD,PLATA,2,,51,MASCULINO,SIN DATOS,0,0,Morelia,Felicitas del Rio,mayo,miércoles,3,-101.200257123757,19.6935246012511
29123,29128,2020,,2020/05/13,"05:20:00",SUBIDA AL CAMELLÓN,ASFALTO,Bueno,Bueno,1,NISSAN,NEGRO,1,,35,MASCULINO,ALIENTO ETÍLICO,0,0,Morelia,Villas del Pedregal,mayo,miércoles,5,-101.304422356188,19.678928364095
29124,29129,2020,"200371937",2020/05/13,"06:30:00",COLISIÓN CON PEATÓN,SIN_DATOS,Bueno,Bueno,2,DODGE,ROJO,2,,0,FEMENINO,SIN DATOS,0,0,Morelia,Primo Tapia Oriente,mayo,miércoles,7,-101.158265769482,19.7165458465546
29125,29130,2020,,2020/05/13,"07:50:00",CAIDA DE MOTOCICLETA,ASFALTO,Bueno,Bueno,1,HONDA,NARANJA-ROJO-BLANCO,2,,21,MASCULINO,SIN DATOS,1,0,Peribán,Sin datos,mayo,miércoles,8,-102.443259805441,19.5508099426005
29126,29131,2020,MOR200375877,2020/05/13,13:20:00,COLISIÓN POR CORTE DE CIRCULACIÓN,ASFALTO,Bueno,Bueno,2,VW,NEGRO,2,,29,MASCULINO,SIN DATOS,0,0,Morelia,Nueva Valladolid,mayo,miércoles,13,-101.211483945359,19.6992598320994
29127,29132,2020,LEG30821,2020/05/13,13:31:00,COLISIÓN POR CAMBIO DE CARRIL,ASFALTO,Bueno,Bueno,2,FORD,BLANCO,2,,43,MASCULINO,SIN DATOS,0,0,Morelia,Indeco Expropiacion Petrolera,mayo,miércoles,14,-101.227372,19.6816635
29128,29133,2020,LEG30819,2020/05/13,14:15:00,COLISIÓN POR CORTE DE CIRCULACIÓN,ASFALTO,Bueno,Bueno,1,NISSAN,BLANCO,0,,,,,0,0,Morelia,Chapultepec Sur,mayo,miércoles,14,-101.175359487534,19.6916626438456
29129,29134,2020,,2020/05/13,16:20:00,COLISIÓN POR NO RESPETAR SEMÁFORO,ASFALTO,Bueno,Bueno,2,FORD,BLANCO,2,,,MASCULINO,SIN DATOS,0,0,Morelia,Enrique Ramirez,mayo,miércoles,16,-101.16562459,19.7097250899991
29130,29135,2020,MOR200375912,2020/05/13,16:20:00,COLISIÓN POR CAMBIO DE CARRIL,ASFALTO,Bueno,Bueno,2,INTERNATIONAL,AMARILLO ROJO,2,,36,MASCULINO,SIN DATOS,0,0,Morelia,Constituyentes de Queretaro,mayo,miércoles,16,-101.165403533035,19.7181143718297
29131,29136,2020,,2020/05/13,18:00:00,COLISIÓN POR CAMBIO DE CARRIL,CONCRETO,Bueno,Bueno,2,CHRYSLER,ARENA,2,,64,MASCULINO,SIN DATOS,0,0,Morelia,Felix Ireta,mayo,miércoles,18,-101.19214836,19.6911467449992
29132,29137,2020,,2020/05/13,18:20:00,COLISIÓN CONTRA OBJETO FIJO,ASFALTO,Bueno,Bueno,2,VOLKSWAGEN,NEGRO,2,,42,MASCULINO,CON CERTIFICADO,0,0,Morelia,Vicente Lombardo Toledano (Ejidal Isacc Arriaga) (Etnias de Mexico),mayo,miércoles,18,-101.147,19.7158
29133,29138,2020,LEG30822,2020/05/13,18:30:00,COLISIÓN POR INVASIÓN DE CARRIL,ASFALTO,Bueno,Bueno,3,FORD,BLANCO,4,MINISTERIO PÚBLICO,30,FEMENINO,SIN DATOS,0,1,Morelia,Tinijaro,mayo,miércoles,19,-101.26316,19.6963297049991
29134,29139,2020,LEG30820,2020/05/13,20:00:00,COLISIÓN POR CAMBIO DE CARRIL,ASFALTO,Bueno,Bueno,2,FREIGHTLINER,AZUL,2,,0,MASCULINO,SIN DATOS,0,0,Morelia,Ignaci0 Ramirez,mayo,miércoles,20,-101.222825928467,19.725923569034
29135,29140,2020,,2020/05/14,10:10:00,COLISIÓN POR ALCANCE,ASFALTO,Bueno,Bueno,2,ITALIKA,NARANJA NEGRO,2,,24,MASCULINO,SIN DATOS,0,0,Morelia,Junta de Jaujilla,mayo,jueves,10,-101.229396833407,19.6917550533197
29136,29141,2020,,2020/05/14,11:40:00,COLISIÓN POR ALCANCE,ASFALTO,Bueno,Bueno,2,TOYOTA,GUINDA,2,,25,MASCULINO,SIN DATOS,0,0,Morelia,Poblado de Ocolusen,mayo,jueves,12,-101.150127649172,19.6944699261717
29138,29143,2020,,2020/05/14,12:20:00,COLISIÓN POR CORTE DE CIRCULACIÓN,ASFALTO,Bueno,Bueno,2,FORD,AZUL,2,,71,MASCULINO,SIN DATOS,0,0,Peribán,Sin datos,mayo,jueves,12,-102.456934119766,19.5681238968716
29139,29144,2020,,2020/05/14,13:35:00,COLISIÓN POR CORTE DE CIRCULACIÓN,ASFALTO,Bueno,Bueno,2,GMC,NEGRO,2,,59,MASCULINO,SIN DATOS,0,0,Uruapan,Sin datos,mayo,jueves,14,-102.163254618645,19.5122909214426
29140,29145,2020,,2020/05/14,15:10:00,COLISIÓN POR CAMBIO DE CARRIL,ASFALTO,Bueno,Bueno,2,FORD,ROJO,2,,,MASCULINO,SIN DATOS,0,0,Morelia,Felix Ireta,mayo,jueves,15,-101.195668838918,19.6814955682859
29141,29146,2020,,2020/05/14,18:40:00,COLISIÓN POR CORTE DE CIRCULACIÓN,CONCRETO,Bueno,Bueno,2,FORD,NEGRO,2,,74,MASCULINO,SIN DATOS,0,0,Morelia,Centro,mayo,jueves,19,-101.182308420539,19.7029859231329
29142,29147,2020,,2020/05/14,21:10:00,COLISIÓN CONTRA OBJETO FIJO,ASFALTO,Bueno,Bueno,2,NISSAN,PLATA,2,,60,MASCULINO,SIN DATOS,0,0,Peribán,Sin datos,mayo,jueves,21,-102.444353140891,19.5520057930799
29143,29148,2020,,2020/05/14,21:10:00,COLISIÓN CONTRA OBJETO FIJO,ASFALTO,Bueno,Bueno,1,FORD,GRIS,1,,38,MASCULINO,SIN DATOS,0,0,Peribán,Sin datos,mayo,jueves,21,-102.442480288446,19.549962257751
29144,29149,2020,MOR200098456,2020/05/14,22:24:00,COLISIÓN POR MANIOBRA DE REVERSA,ASFALTO,Bueno,Regular,2,FORD,ROJO,2,,49,MASCULINO,ALIENTO ETÍLICO,0,0,Morelia,Central de Abastos,mayo,jueves,22,-101.169164089063,19.7171265444097
29145,29150,2020,LEG30848,2020/05/15,"08:45:00",COLISIÓN POR ALCANCE,ASFALTO,Bueno,Bueno,2,ITALIKA,ROJO Y NEGRO,2,,28,MASCULINO,SIN DATOS,0,0,Morelia,Ejidal Ocolusen,mayo,viernes,9,-101.158489733934,19.6877344101159
29146,29151,2020,LEG30847,2020/05/15,10:02:00,CAIDA DE MOTOCICLETA,CONCRETO,Bueno,Bueno,1,TRIUMPH,VERDE,1,,27,MASCULINO,SIN DATOS,0,0,Morelia,Alfonso Garcia Robles,mayo,viernes,10,-101.18180282414,19.7189934605052
29147,29152,2020,LEG30849,2020/05/15,18:37:00,COLISIÓN POR NO RESPETAR SEMÁFORO,ASFALTO,Bueno,Bueno,2,FORD,NEGRO,2,,0,MASCULINO,SIN DATOS,0,0,Morelia,Fovissste La Huerta,mayo,viernes,19,-101.212332732975,19.6920512319628
29150,29155,2020,,2020/05/15,20:30:00,VOLCADURA,ASFALTO,Bueno,Bueno,1,CHEVROLET,AZUL,3,MINISTERIO PÚBLICO,,,,3,0,Angamacutiro,Sin datos,mayo,viernes,21,-101.68700158596,20.1051679274377
29151,29156,2020,MOR200381909,2020/05/15,20:45:00,COLISIÓN POR CORTE DE CIRCULACIÓN,CONCRETO,Bueno,Regular,2,VOLKSWAGEN,GRIS,2,MINISTERIO PÚBLICO,30,MASCULINO,SIN DATOS,0,0,Morelia,El Realito,mayo,viernes,21,-101.203137012728,19.7271577016115
29152,29157,2020,LEG30850,2020/05/15,22:04:00,CAIDA DE MOTOCICLETA,CONCRETO,Bueno,Bueno,1,ITALIKA,NEGRO Y VERDE,1,,55,MASCULINO,SIN DATOS,0,0,Morelia,Los Manantiales de Morelia,mayo,viernes,22,-101.242566257715,19.6979784254119
29154,29159,2020,MOR2008976545,2020/05/16,"07:35:00",VOLCADURA,CONCRETO,Bueno,Bueno,1,CHEVROLET,VERDE,0,,,,,0,0,Morelia,Felix Ireta,mayo,sábado,8,-101.192175596952,19.6822503791041
29155,29160,2020,MOR200382731,2020/05/16,"07:45:00",COLISIÓN POR CORTE DE CIRCULACIÓN,ASFALTO,Bueno,Regular,2,SE DESCONOCE,SE DESCONOCE,1,,17,MASCULINO,SIN DATOS,0,0,Morelia,Ventura Puente,mayo,sábado,8,-101.190702058375,19.6923776326257
29156,29161,2020,LEG30852,2020/05/16,"08:02:00",COLISIÓN POR ALCANCE,ASFALTO,Bueno,Bueno,2,ITALIKA,AZUL Y NEGRO,2,,22,MASCULINO,SIN DATOS,0,0,Morelia,Irrigacion,mayo,sábado,8,-101.220997273922,19.7054075463451
29157,29162,2020,,2020/05/16,"08:45:00",COLISIÓN POR CORTE DE CIRCULACIÓN,ASFALTO,Bueno,Bueno,1,VOLKSWAGEN /POINTER,BLANCO,1,,50,MASCULINO,SIN DATOS,0,0,Morelia,Arcos del Valle,mayo,sábado,9,-101.23625099659,19.7076347002967
29158,29163,2020,,2020/05/16,10:40:00,COLISIÓN CON PEATÓN,SIN_DATOS,Bueno,Bueno,1,NISSAN/TSURU,BLANCO,0,MINISTERIO PÚBLICO,,,,0,0,Morelia,Camponubes,mayo,sábado,11,-101.289936751127,19.6959506346616
29159,29164,2020,,2020/05/16,11:40:00,COLISIÓN POR ALCANCE,ASFALTO,Bueno,Bueno,2,MITSUBISHI,GRIS,2,,50,MASCULINO,SIN DATOS,0,0,Morelia,Paseo de La Castellana,mayo,sábado,12,-101.223641932011,19.6679149954885
29160,29165,2020,,2020/05/16,13:21:00,COLISIÓN POR ALCANCE,CONCRETO,Bueno,Bueno,3,CHEVROLET,BLANCO,3,,50,MASCULINO,SIN DATOS,0,0,Morelia,Loma Real,mayo,sábado,13,-101.19842749089,19.7291890815696
29161,29166,2020,,2020/05/16,14:20:00,COLISIÓN POR CORTE DE CIRCULACIÓN,CONCRETO,Bueno,Bueno,1,SIN MARCA,NEGRO CON NARNJA,1,,22,,SIN DATOS,0,0,Morelia,Leandro Valle,mayo,sábado,14,-101.230707876384,19.7260943272304
29162,29167,2020,,2020/05/16,15:30:00,COLISIÓN POR CORTE DE CIRCULACIÓN,ASFALTO,Bueno,Bueno,2,HONDA,ACERO,2,,70,,SIN DATOS,0,0,Morelia,Torremolinos,mayo,sábado,16,-101.225631125271,19.6788014549997
29163,29168,2020,,2020/05/16,16:30:00,COLISIÓN POR CORTE DE CIRCULACIÓN,ASFALTO,Bueno,Bueno,2,CHRYSLER,NEGRO,2,,50,,CON CERTIFICADO,0,0,Morelia,Agustin Arriaga Rivera,mayo,sábado,17,-101.223842343315,19.691559420036
29164,29169,2020,,2020/05/16,19:30:00,VOLCADURA,ASFALTO,Bueno,Bueno,1,CHEVROLET,ROJO,0,MINISTERIO PÚBLICO,,,,0,0,Tangancícuaro,Sin datos,mayo,sábado,20,-102.230652496219,19.9248840726469
29165,29170,2020,,2020/05/16,31:10:00,COLISIÓN CONTRA OBJETO FIJO,CONCRETO,Bueno,Bueno,1,FORD,Negro,1,,54,,SIN DATOS,0,0,Tarímbaro,Hacienda del Sol,mayo,sábado,,-101.2034958601,19.7629324024421
29166,29171,2020,,2020/05/17,"00:02:00",COLISIÓN CON PEATÓN,SIN_DATOS,Bueno,Bueno,1,DATSUN,AZUL,0,,,,,0,0,Morelia,Jesus Romero Flores,mayo,domingo,0,-101.176113697166,19.7338185366227
29167,29172,2020,,2020/05/17,"07:20:00",COLISIÓN POR CORTE DE CIRCULACIÓN,ASFALTO,Bueno,Regular,1,JEEP,ARENA,0,,,,,0,0,Tarímbaro,Sin datos,mayo,domingo,7,-101.170789673924,19.7523770015328
29168,29173,2020,,2020/05/17,"07:40:00",COLISIÓN CONTRA OBJETO FIJO,CONCRETO,Bueno,Bueno,1,DINAMO,BLANCO Y NARANJA,1,MINISTERIO PÚBLICO,24,MASCULINO,ALIENTO ETÍLICO,0,0,Morelia,Vasco de Quiroga,mayo,domingo,8,-101.17681546174,19.699271731377
29169,29174,2020,MOR200386088,2020/05/17,10:36:00,COLISIÓN POR ALCANCE,ASFALTO,Bueno,Bueno,2,SUZUKI,AZUL,2,,23,MASCULINO,SIN DATOS,0,0,Morelia,Montaña Monarca,mayo,domingo,11,-101.165420562029,19.671411825971
29170,29175,2020,LEG30864,2020/05/17,13:00:00,COLISIÓN POR INVASIÓN DE CARRIL,CONCRETO,Bueno,Bueno,2,CHEVROLET,AZUL,3,,,MASCULINO,SIN DATOS,1,0,Morelia,Sin datos,mayo,domingo,13,-101.230489946902,19.7581656456495
29171,29176,2020,LEG30865,2020/05/17,16:00:00,COLISIÓN CONTRA OBJETO FIJO,ASFALTO,Bueno,Bueno,1,NISSAN,"BLANCO, GRIS Y NEGRO",4,,35,MASCULINO,SIN DATOS,3,0,Tarímbaro,Centro,mayo,domingo,16,-101.087000146508,19.7911508265754
29172,29177,2020,LEG30867,2020/05/17,18:20:00,SUBIDA AL CAMELLÓN,ASFALTO,Bueno,Bueno,1,VOLKSWAGEN,ROJO,1,,47,MASCULINO,SIN DATOS,0,0,Morelia,La Colina,mayo,domingo,18,-101.216142475605,19.7038886701693
29173,29178,2020,MOR200388038,2020/05/17,21:05:00,SALIDA DE SUPERFICIE DE RODAMIENTO,ASFALTO,Bueno,Bueno,1,CHRYSLER,ROJO,1,,66,MASCULINO,SIN DATOS,0,0,Morelia,Justo Mendoza,mayo,domingo,21,-101.231165863574,19.7143462760151
29174,29179,2020,,2020/05/17,23:30:00,SUBIDA AL CAMELLÓN,ASFALTO,Bueno,Bueno,1,CHEVROLET,Cruze,0,,,,,0,0,Morelia,Sin datos,mayo,domingo,0,-101.115794330835,19.7367975797273
29175,29180,2020,MOR200388558,2020/05/18,"04:15:00",VOLCADURA,ASFALTO,Bueno,Bueno,1,VOLKSWAGEN,NEGRO,1,,26,MASCULINO,SIN DATOS,0,0,Morelia,Justo Mendoza,mayo,lunes,4,-101.231166869402,19.7143431197722
29176,29181,2020,MOR200388629,2020/05/18,"07:00:00",COLISIÓN POR ALCANCE,ASFALTO,Bueno,Bueno,3,NISSAN,BLANCO,3,,54,MASCULINO,SIN DATOS,0,0,Morelia,Las Americas,mayo,lunes,7,-101.15222543478,19.688569057361
29177,29182,2020,,2020/05/18,"09:26:00",COLISIÓN POR CORTE DE CIRCULACIÓN,CONCRETO,Bueno,Bueno,2,DODGE,BLANCO,2,,56,MASCULINO,SIN DATOS,0,0,Morelia,Central de Abastos,mayo,lunes,9,-101.169524341822,19.7162103421991
29178,29183,2020,,2020/05/18,11:10:00,COLISIÓN POR INVASIÓN DE CARRIL,ASFALTO,Bueno,Bueno,2,NISSAN,ROJO,2,,55,MASCULINO,SIN DATOS,0,0,Morelia,Felix Arreguin,mayo,lunes,11,-101.227681338787,19.7196890747041
29179,29184,2020,,2020/05/18,11:10:00,COLISIÓN POR INVASIÓN DE CARRIL,ASFALTO,Bueno,Bueno,2,NISSAN,ROJO,2,,55,MASCULINO,SIN DATOS,0,0,Morelia,Agustin Arriaga Rivera,mayo,lunes,11,-101.222477588213,19.6905696933008
29180,29185,2020,,2020/05/18,11:50:00,COLISIÓN POR ALCANCE,ASFALTO,Bueno,Bueno,2,NISSAN,VERDE,2,,66,FEMENINO,SIN DATOS,0,0,Los Reyes,Sin datos,mayo,lunes,12,-102.466489076615,19.6110179673129
29181,29186,2020,,2020/05/18,13:28:00,COLISIÓN POR CORTE DE CIRCULACIÓN,ASFALTO,Bueno,Bueno,2,MERCEDEZ BENZ,BLANCO,2,MINISTERIO PÚBLICO,34,MASCULINO,SIN DATOS,0,0,Morelia,La Huare,mayo,lunes,13,-101.257025,19.716022
29182,29187,2020,MOR2000389629,2020/05/18,13:45:00,COLISIÓN POR ALCANCE,ASFALTO,Bueno,Bueno,2,MAZDA,BLANCO,2,,36,FEMENINO,SIN DATOS,0,0,Morelia,Gertrudis Sanchez,mayo,lunes,14,-101.205776745,19.7441101549991