fid,id_accidente,anio_origen,folio_c5i,dia_incidente,hora_ocurrencia,tipo_incidente_vial,superficie_ocurrencia,condiciones_climaticas,condiciones_via,numero_vehiculos_involucrados,marca_vehiculo_ocasiona_siniestro,color_vehiculo_ocasiona_siniestro,numero_personas_involucradas,lugar_remite_presunto_responsable,edad_presunto_responsable,sexo_presunto_responsable,resultados_toxicologia,numero_personas_lesionadas,numero_personas_fallecidas,municipio,colonia,mes,dia_semana,hora_redondeada,lon,lat
29183,29188,2020,,2020/05/18,15:00:00,COLISIÓN POR CORTE DE CIRCULACIÓN,CONCRETO,Bueno,Bueno,2,VOLKSWAGEN,NEGRO,2,,,MASCULINO,SIN DATOS,0,0,Morelia,Infonavit Colonial Universidad,mayo,lunes,15,-101.204939035,19.6864075999991
29184,29189,2020,,2020/05/18,18:00:00,VOLCADURA,ASFALTO,Bueno,Regular,1,PETERBILT,VERDE,1,,,,SIN DATOS,0,0,Zitácuaro,Sin datos,mayo,lunes,18,-100.20350933075,19.4456103121063
29185,29190,2020,,2020/05/18,18:20:00,COLISIÓN POR CORTE DE CIRCULACIÓN,ASFALTO,Bueno,Bueno,2,YAMAHA,ROJO,2,,19,MASCULINO,SIN DATOS,0,0,Morelia,Puerto de Buenavista,mayo,lunes,18,-101.126352197769,19.6849018019943
29187,29192,2020,,2020/05/18,21:30:00,COLISIÓN CONTRA OBJETO FIJO,CONCRETO,Bueno,Bueno,1,CHRYSLER,ROJO,1,,59,MASCULINO,ALIENTO ETÍLICO,0,0,Morelia,Ampliacion La Soledad,mayo,lunes,22,-101.183554405,19.7349146049992
29188,29193,2020,MOR2000391544,2020/05/19,"00:00:00",COLISIÓN POR CORTE DE CIRCULACIÓN,CONCRETO,Bueno,Bueno,2,DODGE,ROJO,2,,73,MASCULINO,SIN DATOS,0,0,Morelia,Cuauhtemoc,mayo,martes,0,-101.17854569,19.6974281599991
29189,29194,2020,"200391441",2020/05/19,"08:10:00",COLISIÓN POR CORTE DE CIRCULACIÓN,ASFALTO,Bueno,Bueno,2,MAZDA,BLANCO,1,MINISTERIO PÚBLICO,41,MASCULINO,SIN DATOS,0,0,Morelia,Cumbres de Morelia,mayo,martes,8,-101.138012941723,19.6900626624011
29190,29195,2020,,2020/05/19,"08:40:00",COLISIÓN POR CORTE DE CIRCULACIÓN,ASFALTO,Bueno,Bueno,2,MERCEDEZ BENZ,BLANCO,2,,28,MASCULINO,SIN DATOS,0,0,Morelia,Felix Ireta,mayo,martes,9,-101.1919749,19.6869904499991
29191,29196,2020,LEG30890,2020/05/19,10:01:00,COLISIÓN POR CORTE DE CIRCULACIÓN,ASFALTO,Bueno,Bueno,2,TOYOTA,PLATA,2,,33,MASCULINO,SIN DATOS,0,0,Morelia,Cuauhtemoc,mayo,martes,10,-101.181637305,19.6957826149991
29192,29197,2020,LEG30893,2020/05/19,14:20:00,COLISIÓN POR CAMBIO DE CARRIL,ASFALTO,Bueno,Bueno,2,MARQUESA,BLANCO,2,,41,MASCULINO,SIN DATOS,0,0,Morelia,Elias Perez Avalos,mayo,martes,14,-101.165395081043,19.7103769356934
29193,29198,2020,,2020/05/19,14:55:00,COLISIÓN POR CAMBIO DE CARRIL,ASFALTO,Bueno,Bueno,2,INTERNATIONAL,BLANCO,2,,27,MASCULINO,SIN DATOS,0,0,Morelia,Centro,mayo,martes,15,-101.18218963,19.7028850649992
29194,29199,2020,,2020/05/19,16:55:00,VOLCADURA,ASFALTO,Bueno,Bueno,1,FORD,ROJO,1,,32,MASCULINO,SIN DATOS,0,0,Tuxpan,Sin datos,mayo,martes,17,-100.476284958422,19.6213970238669
29195,29200,2020,MOR200391810,2020/05/19,18:06:00,COLISIÓN POR ALCANCE,ASFALTO,Bueno,Bueno,2,SEAT,ROJO,2,,32,FEMENINO,SIN DATOS,0,0,Morelia,Juana Pavon,mayo,martes,18,-101.205246816437,19.6694902246005
29196,29201,2020,MOR200392761,2020/05/19,20:20:00,COLISIÓN POR CORTE DE CIRCULACIÓN,CONCRETO,Bueno,Bueno,2,HONDA,BLANCO,2,,34,MASCULINO,SIN DATOS,0,0,Morelia,Tinijaro,mayo,martes,20,-101.26316,19.6963297049991
29197,29202,2020,MOR200392876,2020/05/19,21:35:00,COLISIÓN CONTRA OBJETO FIJO,ASFALTO,Bueno,Bueno,1,HONDA,GRIS,1,,0,FEMENINO,SIN DATOS,0,0,Morelia,Villas Lomas del Paraiso,mayo,martes,22,-101.183243326701,19.6753951296653
29198,29203,2020,LEG30891,2020/05/19,21:40:00,COLISIÓN POR CORTE DE CIRCULACIÓN,ASFALTO,Bueno,Bueno,2,NISSAN,GRIS,2,,48,MASCULINO,SIN DATOS,0,0,Morelia,Tinijaro,mayo,martes,22,-101.26316,19.6963297049991
29199,29204,2020,,2020/05/20,"09:40:00",COLISIÓN POR CORTE DE CIRCULACIÓN,ASFALTO,Bueno,Bueno,2,DODGE,ROJO,2,,34,MASCULINO,SIN DATOS,0,0,Morelia,Centro,mayo,miércoles,10,-101.177769117057,19.703280736886
29200,29205,2020,,2020/05/20,10:25:00,COLISIÓN POR ALCANCE,ASFALTO,Bueno,Bueno,2,RAM/700,NEGRO,2,,40,MASCULINO,SIN DATOS,0,0,Morelia,Centro,mayo,miércoles,10,-101.18218963,19.7028850649992
29201,29206,2020,,2020/05/20,10:35:00,COLISIÓN POR CAMBIO DE CARRIL,ASFALTO,Bueno,Bueno,3,FORD,NARANJA CON BLANCO,4,MINISTERIO PÚBLICO,59,MASCULINO,SIN DATOS,1,0,Zacapu,Centro,mayo,miércoles,11,-101.789070367813,19.8095404692044
29202,29207,2020,MOR20057896,2020/05/20,14:40:00,COLISIÓN POR ALCANCE,ASFALTO,Bueno,Bueno,2,NISSAN,BLANCO,2,,23,MASCULINO,SIN DATOS,0,0,Morelia,Morelia 450,mayo,miércoles,15,-101.216147363547,19.6764338115382
29203,29208,2020,,2020/05/20,18:10:00,COLISIÓN POR INVASIÓN DE CARRIL,ASFALTO,Bueno,Bueno,2,ITALIKA,GRIS,2,,20,MASCULINO,SIN DATOS,0,0,Morelia,Centro,mayo,miércoles,18,-101.188227050006,19.7028599800471
29204,29209,2020,,2020/05/20,20:50:00,COLISIÓN CONTRA OBJETO FIJO,CONCRETO,Bueno,Bueno,1,FORD,BLANCO,1,,32,MASCULINO,SIN DATOS,0,0,Morelia,Barrio Alto,mayo,miércoles,21,-101.19068339,19.7267287299992
29206,29211,2020,MOR200395914,2020/05/21,"07:50:00",COLISIÓN POR CAMBIO DE CARRIL,ASFALTO,Bueno,Bueno,2,TOYOTA,blanco y morado,2,,52,MASCULINO,SIN DATOS,0,0,Morelia,Lazaro Cardenas,mayo,jueves,8,-101.164657473564,19.7106294411928
29207,29212,2020,MOR200396096,2020/05/21,"09:10:00",COLISIÓN POR INVASIÓN DE CARRIL,ASFALTO,Bueno,Bueno,2,CHEVROLET,BLANCO,2,,27,FEMENINO,SIN DATOS,0,0,Morelia,Los Manantiales de Morelia,mayo,jueves,9,-101.242935061455,19.7003849731235
29208,29213,2020,MOOR200396520,2020/05/21,"09:50:00",COLISIÓN POR ALCANCE,ASFALTO,Bueno,Bueno,2,CHEVROLET,GRIS,2,,24,FEMENINO,SIN DATOS,0,0,Morelia,Las Americas,mayo,jueves,10,-101.153636276722,19.6874452499194
29209,29214,2020,LEG30904,2020/05/21,11:10:00,COLISIÓN POR CAMBIO DE CARRIL,ASFALTO,Bueno,Bueno,2,NISSAN,AZUL,2,,30,,SIN DATOS,0,0,Morelia,Sentimientos de La Nacion,mayo,jueves,11,-101.235240809619,19.6811056917943
29210,29215,2020,MOR200396508,2020/05/21,12:00:00,COLISIÓN POR CORTE DE CIRCULACIÓN,ASFALTO,Bueno,Bueno,2,RAM,BLANCO,2,,45,MASCULINO,SIN DATOS,0,0,Morelia,Vista Bella,mayo,jueves,12,-101.197690218687,19.6794445231853
29211,29216,2020,MOR200396520,2020/05/21,12:35:00,COLISIÓN POR CORTE DE CIRCULACIÓN,ASFALTO,Bueno,Bueno,2,VOLKSWAGEN,GRIS,2,,34,MASCULINO,SIN DATOS,0,0,Morelia,Loma del Salto,mayo,jueves,13,-101.201902627945,19.6579456422433
29212,29217,2020,,2020/05/21,13:10:00,COLISIÓN POR CAMBIO DE CARRIL,ASFALTO,Bueno,Bueno,2,FORD,VERDE,2,,65,MASCULINO,SIN DATOS,1,0,Coeneo,Sin datos,mayo,jueves,13,-101.565589047968,19.8620178210756
29213,29218,2020,LEG30903,2020/05/21,15:27:00,COLISIÓN POR CORTE DE CIRCULACIÓN,TERRACERIA,Bueno,Bueno,1,Ford,ROJO,0,,,,,0,0,Morelia,Sin datos,mayo,jueves,15,-101.287849992514,19.5944727960938
29214,29219,2020,,2020/05/21,15:45:00,COLISIÓN POR CORTE DE CIRCULACIÓN,ASFALTO,Bueno,Bueno,2,FORD,ROJO,2,,26,MASCULINO,SIN DATOS,0,0,Morelia,Chapultepec Sur,mayo,jueves,16,-101.168975830078,19.6944152542136
29215,29220,2020,MOR200397061,2020/05/21,16:07:00,COLISIÓN POR CORTE DE CIRCULACIÓN,ASFALTO,Bueno,Bueno,2,FREIGHTLINER,BLANCO/AZUL,2,,36,MASCULINO,SIN DATOS,0,0,Morelia,Arcos del Valle,mayo,jueves,16,-101.236252002418,19.7076214435197
29216,29221,2020,LEG30914,2020/05/21,20:05:00,COLISIÓN POR ALCANCE,ASFALTO,Bueno,Bueno,2,CHEVROLET,BLANCO Y ROSA,1,,26,MASCULINO,SIN DATOS,0,0,Morelia,Granjas del Maestro,mayo,jueves,20,-101.18843793869,19.7128464223601
29217,29222,2020,,2020/05/22,"08:55:00",COLISIÓN POR ALCANCE,ASFALTO,Bueno,Bueno,2,Wolkswagen,Blanco,2,,30,,SIN DATOS,0,0,Morelia,Rafael Carrillo,mayo,viernes,9,-101.236401870847,19.707767899281
29218,29223,2020,,2020/05/22,11:10:00,COLISIÓN CONTRA OBJETO FIJO,ASFALTO,Bueno,Bueno,1,DODGE ACTITUDE,BLANCO,1,,32,FEMENINO,SIN DATOS,0,0,Tarímbaro,Hacienda del Sol,mayo,viernes,11,-101.204476207495,19.7636565381749
29219,29224,2020,MOR2000374950,2020/05/22,12:15:00,COLISIÓN POR CORTE DE CIRCULACIÓN,ASFALTO,Bueno,Bueno,2,DODGE,AZUL,2,,25,MASCULINO,SIN DATOS,0,0,Morelia,Molino de Parras,mayo,viernes,12,-101.200123785064,19.698351215405
29220,29225,2020,,2020/05/22,14:30:00,COLISIÓN POR INVASIÓN DE CARRIL,ASFALTO,Bueno,Bueno,2,Nissan,Gris,2,,36,,SIN DATOS,0,0,Morelia,Industrial,mayo,viernes,15,-101.196786984801,19.7118812313186
29221,29226,2020,,2020/05/22,15:20:00,COLISIÓN POR ALCANCE,ASFALTO,Bueno,Bueno,2,Nissan,Rojo y blanco,2,,37,,SIN DATOS,0,0,Morelia,Prados Verdes,mayo,viernes,15,-101.201517395675,19.7145533254146
29222,29227,2020,,2020/05/22,16:00:00,COLISIÓN POR ALCANCE,CONCRETO,Bueno,Bueno,2,Zuzuki,Gris,2,,,FEMENINO,SIN DATOS,0,0,Morelia,Libertad,mayo,viernes,16,-101.238109432161,19.6873663305611
29223,29228,2020,MOR200009876,2020/05/22,16:40:00,COLISIÓN POR CAMBIO DE CARRIL,ASFALTO,Bueno,Bueno,2,NISSAN,BALNCO Y GRIS,2,,64,,SIN DATOS,0,0,Morelia,El Realito,mayo,viernes,17,-101.205198392272,19.7258374277348
29224,29229,2020,,2020/05/22,19:10:00,COLISIÓN CONTRA OBJETO FIJO,ASFALTO,Bueno,Bueno,2,BMW,Gris,2,,26,,SIN DATOS,0,0,Morelia,Torrecillas,mayo,viernes,19,-101.182292662561,19.6699573482355
29225,29230,2020,,2020/05/22,19:20:00,COLISIÓN POR ALCANCE,ASFALTO,Bueno,Bueno,1,Ford,Blanca,1,,31,MASCULINO,SIN DATOS,0,0,Morelia,Ocolusen Iii,mayo,viernes,19,-101.152417212725,19.6847064097633
29226,29231,2020,MOR2000460975,2020/05/22,21:14:00,COLISIÓN POR CORTE DE CIRCULACIÓN,ASFALTO,Bueno,Bueno,1,NISSAN,ARENA,1,,35,MASCULINO,SIN DATOS,0,0,Morelia,Campestre Los Manantiales,mayo,viernes,21,-101.23833540827,19.6882338100115
29227,29232,2020,,2020/05/23,"00:00:00",COLISIÓN POR CAMBIO DE CARRIL,CONCRETO,Bueno,Bueno,2,Kawasaki,Azul,2,,30,MASCULINO,SIN DATOS,0,0,Morelia,Ventura Puente,mayo,sábado,0,-101.190668866038,19.6910404589577
29228,29233,2020,,2020/05/23,"01:25:00",COLISIÓN CONTRA OBJETO FIJO,ASFALTO,Bueno,Bueno,1,YAMAHA,BLANCO,1,,29,MASCULINO,SIN DATOS,0,0,Morelia,Sin datos,mayo,sábado,1,-101.119940690696,19.6993145941595
29229,29234,2020,,2020/05/23,"03:21:00",COLISIÓN CONTRA OBJETO FIJO,ASFALTO,Bueno,Bueno,1,Chevrolet,Azul,1,MINISTERIO PÚBLICO,0,,SIN DATOS,0,0,Morelia,Enrique Arreguin Robles,mayo,sábado,3,-101.188040971756,19.7214161037654
29230,29235,2020,,2020/05/23,"07:00:00",COLISIÓN POR CORTE DE CIRCULACIÓN,CONCRETO,Bueno,Bueno,2,FORD,AZUL,2,MINISTERIO PÚBLICO,,MASCULINO,SIN DATOS,0,0,Morelia,Agustin Arriaga Rivera,mayo,sábado,7,-101.222030259669,19.6931418621354
29231,29236,2020,,2020/05/23,10:30:00,COLISIÓN POR CORTE DE CIRCULACIÓN,CONCRETO,Bueno,Bueno,2,Nissan,Blanco,2,,30,MASCULINO,SIN DATOS,0,0,Morelia,Ventura Puente,mayo,sábado,11,-101.190707422793,19.6910543484489
29232,29237,2020,LEG30940,2020/05/23,12:20:00,COLISIÓN POR CORTE DE CIRCULACIÓN,ASFALTO,Bueno,Bueno,2,RENAULT,BLANCO,2,,40,MASCULINO,SIN DATOS,0,0,Morelia,Americas Britania,mayo,sábado,12,-101.149364188313,19.6938615792796
29233,29238,2020,MOR200401930,2020/05/23,13:00:00,COLISIÓN POR ALCANCE,ASFALTO,Bueno,Bueno,2,NISSAN,BLANCO,2,,61,MASCULINO,SIN DATOS,0,0,Morelia,Nueva Valladolid,mayo,sábado,13,-101.210667081177,19.702049396611
29234,29239,2020,"200402048",2020/05/23,13:30:00,COLISIÓN POR CORTE DE CIRCULACIÓN,ASFALTO,Bueno,Bueno,2,INTERNACIONAL,BLANCO,2,,47,MASCULINO,SIN DATOS,0,0,Morelia,Jacarandas,mayo,sábado,14,-101.211538463831,19.7089771011
29235,29240,2020,LEG30941,2020/05/23,14:10:00,COLISIÓN POR ALCANCE,ASFALTO,Bueno,Bueno,3,VOLKSWAGEN,BLANCO,3,,32,MASCULINO,SIN DATOS,0,0,Morelia,Ferrocarrilero,mayo,sábado,14,-101.214816793799,19.6998944494148
29236,29241,2020,LEG30937,2020/05/23,15:15:00,COLISIÓN POR CORTE DE CIRCULACIÓN,ASFALTO,Bueno,Bueno,2,SEAT,rojo,2,,42,FEMENINO,SIN DATOS,0,0,Morelia,Lomas del Valle,mayo,sábado,15,-101.230628415942,19.6877947043705
29237,29242,2020,LEG30938,2020/05/23,17:25:00,COLISIÓN POR CAMBIO DE CARRIL,ASFALTO,Bueno,Bueno,2,FORD,GUINDA,2,,40,MASCULINO,SIN DATOS,0,0,Charo,Sin datos,mayo,sábado,17,-100.95441352576,19.6520883266383
29238,29243,2020,,2020/05/23,18:25:00,COLISIÓN POR CORTE DE CIRCULACIÓN,CONCRETO,Bueno,Bueno,2,Italika,Negro,2,MINISTERIO PÚBLICO,0,,SIN DATOS,1,0,Morelia,Fuentes de Morelia,mayo,sábado,18,-101.201114393771,19.6687888945468
29239,29244,2020,,2020/05/23,21:45:00,COLISIÓN CONTRA OBJETO FIJO,ASFALTO,Bueno,Bueno,1,GMC,Negro,1,MINISTERIO PÚBLICO,,,,1,0,Morelia,La Camelina,mayo,sábado,22,-101.223502457142,19.6684630772468
29240,29245,2020,,2020/05/23,22:00:00,COLISIÓN POR CORTE DE CIRCULACIÓN,ASFALTO,Bueno,Bueno,2,DODGE,BLANCO Y AZUL,1,MINISTERIO PÚBLICO,42,MASCULINO,CON CERTIFICADO,0,0,Morelia,Fidel Velazquez,mayo,sábado,22,-101.234773099422,19.7023066499765
29241,29246,2020,,2020/05/24,"00:00:00",COLISIÓN POR INVASIÓN DE CARRIL,CONCRETO,Bueno,Bueno,2,HONDA,BLANCO,2,,,MASCULINO,SIN DATOS,0,0,Tarímbaro,Hacienda del Sol,mayo,domingo,0,-101.205357439225,19.7638586127841
29242,29247,2020,MOR200404045,2020/05/24,"03:20:00",SUBIDA AL CAMELLÓN,ASFALTO,Bueno,Bueno,1,HONDA,AZUL,1,,30,MASCULINO,SIN DATOS,0,0,Morelia,Colinas del Sol,mayo,domingo,3,-101.134494947582,19.7294818182332
29243,29248,2020,,2020/05/24,"08:30:00",VOLCADURA,ASFALTO,Bueno,Bueno,1,MITSUBISHI,BLANCO,0,,,,,0,0,Uruapan,Sin datos,mayo,domingo,9,-102.180097550154,19.5203230320516
29244,29249,2020,,2020/05/24,13:51:00,COLISIÓN CON PEATÓN,ASFALTO,Bueno,Bueno,1,NISSAN,BLANCO,1,,26,FEMENINO,SIN DATOS,0,0,Morelia,Sin datos,mayo,domingo,14,-101.114257089794,19.7368073627054
29245,29250,2020,,2020/05/24,15:20:00,COLISIÓN POR MANIOBRA DE REVERSA,CONCRETO,Bueno,Bueno,2,TOYOTA,BLANCO,2,,40,MASCULINO,SIN DATOS,0,0,Morelia,Los Angeles,mayo,domingo,15,-101.174955144525,19.7446830967241
29246,29251,2020,,2020/05/24,16:10:00,COLISIÓN POR CORTE DE CIRCULACIÓN,ASFALTO,Bueno,Bueno,2,CHRYSLER,BLANCO,2,,39,MASCULINO,SIN DATOS,0,0,Morelia,Centro,mayo,domingo,16,-101.199402138591,19.6986299392778
29247,29252,2020,,2020/05/24,17:30:00,COLISIÓN POR INVASIÓN DE CARRIL,ASFALTO,Bueno,Bueno,2,NISSAN,PLATA,2,MINISTERIO PÚBLICO,44,MASCULINO,SIN DATOS,0,0,Tarímbaro,Sin datos,mayo,domingo,18,-101.190138794482,19.7729393829726
29248,29253,2020,,2020/05/24,17:30:00,COLISIÓN POR CAMBIO DE CARRIL,ASFALTO,Bueno,Bueno,2,FORD,BLANCO,2,,31,FEMENINO,ALIENTO ETÍLICO,0,0,Morelia,Eva Samano,mayo,domingo,18,-101.199439018965,19.7314433606022
29249,29254,2020,MOR200009769,2020/05/24,22:35:00,COLISIÓN POR CORTE DE CIRCULACIÓN,ASFALTO,Bueno,Bueno,2,CHEVROLET,BLANCO Y ROJO,2,,31,MASCULINO,SIN DATOS,0,0,Morelia,Eduardo Ruiz,mayo,domingo,23,-101.220028325915,19.7206769426611
29250,29255,2020,MOR200406354,2020/05/24,23:20:00,COLISIÓN CON PEATÓN,ASFALTO,Bueno,Bueno,1,KEEWAY,NARANJA,1,,20,MASCULINO,SIN DATOS,0,0,Morelia,Lomas de Huerta,mayo,domingo,23,-101.214278675616,19.6743257930948
29251,29256,2020,MOR200408583,2020/05/25,"00:00:00",COLISIÓN POR ALCANCE,ASFALTO,Bueno,Bueno,2,NISSAN,BLANCO Y CAFE,2,,24,MASCULINO,SIN DATOS,0,0,Morelia,Lomas de Las Americas Norte,mayo,lunes,0,-101.149076856673,19.6955494295557
29252,29257,2020,,2020/05/25,11:00:00,COLISIÓN CON PEATÓN,SIN_DATOS,Bueno,Bueno,2,BMW,AZUL,2,,40,MASCULINO,SIN DATOS,0,0,Morelia,Felix Ireta,mayo,lunes,11,-101.195671185851,19.6814905172605
29253,29258,2020,MOR200407348,2020/05/25,12:05:00,COLISIÓN POR MANIOBRA DE REVERSA,SIN_DATOS,Bueno,Bueno,2,NISSAN,BLANCO,2,,0,MASCULINO,SIN DATOS,0,0,Morelia,Isaac Arriaga,mayo,lunes,12,-101.170443333685,19.7081476104688
29254,29259,2020,LEG30957,2020/05/25,14:00:00,COLISIÓN CONTRA OBJETO FIJO,CONCRETO,Bueno,Bueno,1,VOLKSWAGEN,azul,1,,38,MASCULINO,SIN DATOS,0,0,Morelia,Trincheras de Morelos,mayo,lunes,14,-101.189191974699,19.6632985320346
29255,29260,2020,MOR20048145,2020/05/25,15:40:00,COLISIÓN CON PEATÓN,ASFALTO,Bueno,Bueno,2,HONDA,GRIS,2,,22,,SIN DATOS,0,0,Morelia,Lomas de Huerta,mayo,lunes,16,-101.214688718319,19.6743504179433
29256,29261,2020,LEG30960,2020/05/25,15:40:00,COLISIÓN POR CORTE DE CIRCULACIÓN,ASFALTO,Bueno,Bueno,2,FORD,BLANCO,2,,42,MASCULINO,SIN DATOS,0,0,Morelia,El Lago 1,mayo,lunes,16,-101.215134635568,19.7270711096251
29257,29262,2020,MOR200409174,2020/05/25,22:00:00,COLISIÓN POR CORTE DE CIRCULACIÓN,CONCRETO,Bueno,Bueno,2,BAJAJ,AMARILLO,3,MINISTERIO PÚBLICO,,,,3,0,Morelia,Tzindurio Norte,mayo,lunes,22,-101.247191727161,19.7041070963093
29258,29263,2020,,2020/05/25,22:27:00,COLISIÓN POR CORTE DE CIRCULACIÓN,CONCRETO,Bueno,Bueno,2,TOYOTA,BLANCO Y GRIS,2,,38,MASCULINO,SIN DATOS,0,0,Morelia,San Isidro Itzicuaro Norte,mayo,lunes,22,-101.26468475908,19.7043725531097
29259,29264,2020,MOR200409634,2020/05/26,"08:10:00",COLISIÓN POR CORTE DE CIRCULACIÓN,CONCRETO,Bueno,Bueno,1,ISUZU,BLANCO,1,MINISTERIO PÚBLICO,,,,1,0,Morelia,Salvador Alcaraz Romero,mayo,martes,8,-101.166528314352,19.7180630244398
29260,29265,2020,,2020/05/26,10:40:00,COLISIÓN POR CORTE DE CIRCULACIÓN,ASFALTO,Bueno,Bueno,2,YAMAHA,NEGRO,2,,36,MASCULINO,SIN DATOS,0,0,Morelia,Jardines de La Loma,mayo,martes,11,-101.224348023534,19.6767977301648
29261,29266,2020,,2020/05/26,11:11:00,COLISIÓN POR ALCANCE,ASFALTO,Bueno,Bueno,2,CHEVROLET,BLANCO,2,,21,MASCULINO,SIN DATOS,0,0,Morelia,Jardines de Torremolinos,mayo,martes,11,-101.225673705339,19.6768596070276
29262,29267,2020,,2020/05/26,17:20:00,COLISIÓN POR ALCANCE,ASFALTO,Bueno,Bueno,2,CHEVROLET,GRIS,2,,19,MASCULINO,SIN DATOS,0,0,Morelia,El Realito,mayo,martes,17,-101.203616559505,19.7255391839449
29263,29268,2020,,2020/05/27,"05:05:00",COLISIÓN POR NO RESPETAR SEMÁFORO,ASFALTO,Bueno,Bueno,2,VOLKSWAGEN,BLANCO,2,MINISTERIO PÚBLICO,26,MASCULINO,ALIENTO ETÍLICO,0,0,Morelia,San Pascual,mayo,miércoles,5,-101.267547346652,19.6951671631729
29264,29269,2020,MOR200035810,2020/05/27,10:35:00,COLISIÓN POR ALCANCE,ASFALTO,Bueno,Bueno,2,RENAULT,GRIS,2,,26,,SIN DATOS,0,0,Morelia,Lomas del Valle,mayo,miércoles,11,-101.230435632169,19.6878871976071
29265,29270,2020,LEG30969,2020/05/27,12:00:00,COLISIÓN POR CORTE DE CIRCULACIÓN,CONCRETO,Bueno,Bueno,2,HONDA,GRIS,2,,23,MASCULINO,SIN DATOS,0,0,Morelia,Nueva Chapultepec,mayo,miércoles,12,-101.164383552968,19.6883992240457
29266,29271,2020,MOR200412747,2020/05/27,13:35:00,COLISIÓN CON PEATÓN,ASFALTO,Bueno,Bueno,1,NISSAN,BLANCO,2,,25,MASCULINO,SIN DATOS,1,0,Morelia,Jose Maria Morelos,mayo,miércoles,14,-101.21712885797,19.7163441652814
29267,29272,2020,,2020/05/27,16:26:00,COLISIÓN POR CORTE DE CIRCULACIÓN,ASFALTO,Bueno,Regular,2,ITALIKA,ROJO,3,MINISTERIO PÚBLICO,54,FEMENINO,SIN DATOS,2,0,Acuitzio,Sin datos,mayo,miércoles,16,-101.331918686628,19.4659154384481
29268,29273,2020,,2020/05/27,16:40:00,COLISIÓN POR CORTE DE CIRCULACIÓN,ASFALTO,Bueno,Bueno,1,ITALIKA,ROJO,2,MINISTERIO PÚBLICO,32,MASCULINO,SIN DATOS,1,0,Zacapu,Moderna,mayo,miércoles,17,-101.784422434866,19.8080607523052
29269,29274,2020,LEG30974,2020/05/27,17:18:00,SALIDA DE SUPERFICIE DE RODAMIENTO,ASFALTO,Bueno,Bueno,1,NISSAN,BLANCO,2,MINISTERIO PÚBLICO,,,,1,1,Morelia,Sin datos,mayo,miércoles,17,-101.263400316238,19.6391699655788
29270,29275,2020,LEG30975,2020/05/27,18:45:00,COLISIÓN POR CAMBIO DE CARRIL,ASFALTO,Bueno,Bueno,2,NISSAN,TURQUEZA,2,,72,MASCULINO,SIN DATOS,0,0,Morelia,San Rafael,mayo,miércoles,19,-101.154533140361,19.7001779053835
29271,29276,2020,MOR2000414301,2020/05/27,22:17:00,COLISIÓN POR MANIOBRA DE REVERSA,ASFALTO,Bueno,Bueno,2,INTERNATIONAL,BLANCO,1,,20,MASCULINO,SIN DATOS,0,0,Morelia,Tres Puentes,mayo,miércoles,22,-101.214944534004,19.7042159936232
29272,29277,2020,,2020/05/27,22:24:00,COLISIÓN CONTRA OBJETO FIJO,ASFALTO,Bueno,Regular,1,DODGE,VINO,0,,,,,0,0,Acuitzio,Sin datos,mayo,miércoles,22,-101.347364857793,19.4822259818762
29273,29278,2020,"200414301",2020/05/27,22:30:00,COLISIÓN CONTRA OBJETO FIJO,ASFALTO,Bueno,Regular,1,FORD,BLANCO,1,,65,MASCULINO,SIN DATOS,0,0,Morelia,Ampliacion La Soledad,mayo,miércoles,23,-101.182751990855,19.7356977798255
29274,29279,2020,MOR200412478,2020/05/28,"00:00:00",COLISIÓN POR CORTE DE CIRCULACIÓN,CONCRETO,Bueno,Bueno,2,ITALIKA,VERDE,2,,0,MASCULINO,SIN DATOS,0,0,Morelia,Vistas de Altozano,mayo,jueves,0,-101.167491897941,19.655805257225
29275,29280,2020,MOR200414655,2020/05/28,"07:43:00",VOLCADURA,ASFALTO,Bueno,Bueno,1,CHEVROLET,PLATA,1,,24,MASCULINO,SIN DATOS,0,0,Morelia,Vicente Lombardo Toledano (Ejidal Isacc Arriaga) (Etnias de Mexico),mayo,jueves,8,-101.153075024486,19.7173001764478
29276,29281,2020,,2020/05/28,"09:00:00",COLISIÓN POR INVASIÓN DE CARRIL,CONCRETO,Bueno,Bueno,3,Nissan,Rojo,3,,36,,SIN DATOS,0,0,Morelia,Loma Real,mayo,jueves,9,-101.195194087923,19.7312896679421
29277,29282,2020,,2020/05/28,"09:35:00",COLISIÓN POR CORTE DE CIRCULACIÓN,ASFALTO,Bueno,Bueno,2,VLKSWAGEN SAVEIRO,GRIS,2,,58,,SIN DATOS,0,0,Morelia,Ignacio Zaragoza,mayo,jueves,10,-101.20533015579,19.725425882719
29278,29283,2020,,2020/05/28,11:33:00,COLISIÓN POR ALCANCE,ASFALTO,Bueno,Bueno,2,Toyota,Blanco,2,,55,MASCULINO,SIN DATOS,0,0,Morelia,Jardines de Torremolinos,mayo,jueves,12,-101.229706741869,19.6769906217345
29279,29284,2020,,2020/05/28,14:30:00,COLISIÓN POR CORTE DE CIRCULACIÓN,CONCRETO,Bueno,Bueno,2,GML,BLANCO,2,,46,MASCULINO,SIN DATOS,0,0,Morelia,Chapultepec Norte,mayo,jueves,15,-101.173412539065,19.6937147951247
29280,29285,2020,,2020/05/28,14:47:00,COLISIÓN POR INVASIÓN DE CARRIL,ASFALTO,Bueno,Bueno,2,Dina,Blanco,2,,36,MASCULINO,SIN DATOS,0,0,Morelia,Sentimientos de La Nacion,mayo,jueves,15,-101.233319342136,19.6832391096002