fid,id_accidente,anio_origen,folio_c5i,dia_incidente,hora_ocurrencia,tipo_incidente_vial,superficie_ocurrencia,condiciones_climaticas,condiciones_via,numero_vehiculos_involucrados,marca_vehiculo_ocasiona_siniestro,color_vehiculo_ocasiona_siniestro,numero_personas_involucradas,lugar_remite_presunto_responsable,edad_presunto_responsable,sexo_presunto_responsable,resultados_toxicologia,numero_personas_lesionadas,numero_personas_fallecidas,municipio,colonia,mes,dia_semana,hora_redondeada,lon,lat
29281,29286,2020,MOR200413257,2020/05/28,14:55:00,COLISIÓN POR CORTE DE CIRCULACIÓN,CONCRETO,Bueno,Bueno,2,KIA,BLANCO,2,,45,FEMENINO,SIN DATOS,0,0,Morelia,Chapultepec Norte,mayo,jueves,15,-101.16598315537,19.695532068179
29282,29287,2020,,2020/05/28,22:30:00,COLISIÓN POR INVASIÓN DE CARRIL,ASFALTO,Bueno,Bueno,2,NISSAN,BLANCO,2,,41,MASCULINO,SIN DATOS,0,0,Jungapeo,Sin datos,mayo,jueves,23,-100.482624999501,19.4880057156292
29283,29288,2020,,2020/05/29,"02:40:00",COLISIÓN CONTRA OBJETO FIJO,ASFALTO,Bueno,Bueno,1,Chevrolet,Cafe,1,,,MASCULINO,SIN DATOS,0,0,Morelia,Rey Tariacuri (Eucaliptos),mayo,viernes,3,-101.199591569602,19.6778073302755
29284,29289,2020,,2020/05/29,"03:35:00",COLISIÓN CONTRA OBJETO FIJO,ASFALTO,Bueno,Bueno,4,CHEVROLET,GRIS,1,,26,MASCULINO,SIN DATOS,0,0,Peribán,Sin datos,mayo,viernes,4,-102.444590181112,19.5522654984062
29285,29290,2020,MOR200098576,2020/05/29,"07:25:00",COLISIÓN CONTRA OBJETO FIJO,ASFALTO,Bueno,Bueno,1,VOLKSWAGEN,ROJO,1,,26,MASCULINO,SIN DATOS,0,0,Morelia,El Lago 1,mayo,viernes,7,-101.220030002296,19.7276022621335
29286,29291,2020,MOR200417153,2020/05/29,"07:45:00",COLISIÓN POR CORTE DE CIRCULACIÓN,ASFALTO,Bueno,Bueno,2,CHEVROLET,VERDE,2,,39,MASCULINO,SIN DATOS,0,0,Morelia,Sentimientos de La Nacion,mayo,viernes,8,-101.233010552824,19.6866547918706
29287,29292,2020,LEG30996,2020/05/29,"08:55:00",COLISIÓN POR CORTE DE CIRCULACIÓN,ASFALTO,Bueno,Bueno,2,ITALIKA,rojo,2,MINISTERIO PÚBLICO,0,MASCULINO,SIN DATOS,0,0,Morelia,Prados Verdes,mayo,viernes,9,-101.201516054571,19.7144933568661
29288,29293,2020,MOR200417292,2020/05/29,"09:10:00",COLISIÓN POR ALCANCE,ASFALTO,Bueno,Bueno,2,VOLKSWAGEN,BLANCO,2,,28,MASCULINO,SIN DATOS,0,0,Morelia,Rafael Carrillo,mayo,viernes,9,-101.236398853362,19.7077675836437
29289,29294,2020,MOR200417264,2020/05/29,"09:20:00",VOLCADURA,CONCRETO,Bueno,Bueno,1,NISSAN,BLANCO,4,,,,,4,0,Morelia,Cañada del Bosque,mayo,viernes,9,-101.097535192966,19.7288756954477
29290,29295,2020,,2020/05/29,11:26:00,COLISIÓN CON PEATÓN,SIN_DATOS,Bueno,Bueno,2,Toyota,Blanco,2,,,MASCULINO,SIN DATOS,0,0,Morelia,Primo Tapia,mayo,viernes,11,-101.214242130518,19.7095932192107
29291,29296,2020,MOR200417764,2020/05/29,12:00:00,COLISIÓN POR ALCANCE,ASFALTO,Bueno,Bueno,2,TOYOTA,BLANCO,2,,0,MASCULINO,SIN DATOS,0,0,Morelia,Loma Real,mayo,viernes,12,-101.198981702328,19.7302958693283
29292,29297,2020,MOR200417739,2020/05/29,12:00:00,COLISIÓN POR MANIOBRA DE REVERSA,ASFALTO,Bueno,Bueno,2,NISSAN,GRIS,2,,22,MASCULINO,SIN DATOS,0,0,Morelia,Camelinas,mayo,viernes,12,-101.171068623662,19.6821114765021
29293,29298,2020,MOR200417996,2020/05/29,12:52:00,COLISIÓN POR ALCANCE,ASFALTO,Bueno,Bueno,3,NISSAN,PLATQA,3,,77,MASCULINO,SIN DATOS,0,0,Tarímbaro,Sin datos,mayo,viernes,13,-101.170955300331,19.7523984588734
29294,29299,2020,LEG30998,2020/05/29,13:50:00,COLISIÓN POR CAMBIO DE CARRIL,ASFALTO,Bueno,Regular,2,INTERNATIONAL,BLANCO,2,,0,MASCULINO,SIN DATOS,0,0,Morelia,Enrique Arreguin Robles,mayo,viernes,14,-101.188109703362,19.7214457711338
29295,29300,2020,LEG30993,2020/05/29,14:00:00,COLISIÓN POR CORTE DE CIRCULACIÓN,ASFALTO,Bueno,Bueno,2,NISSAN,BLANCO,2,,60,MASCULINO,SIN DATOS,0,0,Morelia,Lomas de Guayangareo,mayo,viernes,14,-101.160304248333,19.7044227404934
29296,29301,2020,MOR200419236,2020/05/29,19:50:00,COLISIÓN CONTRA OBJETO FIJO,CONCRETO,Bueno,Bueno,1,YAMAHA,BLANCO,1,MINISTERIO PÚBLICO,,,,1,0,Morelia,Agustin Arriaga Rivera,mayo,viernes,20,-101.223768666387,19.6916276045782
29297,29302,2020,,2020/05/29,21:00:00,COLISIÓN POR INVASIÓN DE CARRIL,ASFALTO,Bueno,Bueno,2,FREIGHTLINER,BLANCO Y ROJO,2,,0,MASCULINO,SIN DATOS,0,0,Morelia,Fuentes de Valladolid,mayo,viernes,21,-101.22247248888,19.6705278384712
29298,29303,2020,MOR200417400,2020/05/29,90:40:00,COLISIÓN POR MANIOBRA DE REVERSA,ASFALTO,Bueno,Bueno,2,MERCEDES BENZ,BLANCO,2,,34,MASCULINO,SIN DATOS,0,0,Morelia,Isaac Arriaga,mayo,viernes,,-101.166240647435,19.710178718597
29299,29304,2020,MOR200419782,2020/05/30,"00:10:00",COLISIÓN POR CORTE DE CIRCULACIÓN,CONCRETO,Bueno,Bueno,2,NISSAN,GRIS,2,MINISTERIO PÚBLICO,,,SIN DATOS,0,0,Morelia,Guadalupe,mayo,sábado,0,-101.222825534642,19.7096096321607
29300,29305,2020,LEG31002,2020/05/30,"06:50:00",COLISIÓN POR INVASIÓN DE CARRIL,ASFALTO,Bueno,Bueno,2,TOYOTA,AZUL Y GRIS,9,MINISTERIO PÚBLICO,,,,8,1,Charo,La Goleta,mayo,sábado,7,-101.081706807017,19.7386222525557
29301,29306,2020,,2020/05/30,11:20:00,COLISIÓN POR CORTE DE CIRCULACIÓN,ASFALTO,Bueno,Bueno,2,NISSAN,ROJO,2,,60,,SIN DATOS,0,0,Morelia,Santa Maria de Guido,mayo,sábado,11,-101.193059384823,19.6773053722915
29302,29307,2020,,2020/05/30,12:02:00,COLISIÓN POR NO RESPETAR SEMÁFORO,ASFALTO,Bueno,Bueno,2,FORD,BLANCO,2,,38,MASCULINO,SIN DATOS,0,0,Morelia,Nueva Valladolid,mayo,sábado,12,-101.207884959877,19.7010702517974
29303,29308,2020,,2020/05/30,15:27:00,COLISIÓN POR ALCANCE,ASFALTO,Bueno,Bueno,3,SIN DATOS,SIN DATOS,2,,50,MASCULINO,SIN DATOS,0,0,Morelia,Lindavista,mayo,sábado,15,-101.216976307333,19.7041967393209
29304,29309,2020,,2020/05/30,17:37:00,COLISIÓN POR CORTE DE CIRCULACIÓN,CONCRETO,Bueno,Bueno,2,NISSAN,BLANCO,1,,,MASCULINO,SIN DATOS,0,0,Morelia,Tierra Y Libertad,mayo,sábado,18,-101.223008260131,19.7152375965226
29305,29310,2020,,2020/05/30,18:25:00,COLISIÓN POR CORTE DE CIRCULACIÓN,CONCRETO,Bueno,Bueno,2,VW,Gris,2,,65,,SIN DATOS,0,0,Morelia,Isaac Arriaga,mayo,sábado,18,-101.171570196748,19.7076561636476
29306,29311,2020,,2020/05/30,18:48:00,VOLCADURA,ASFALTO,Lluvioso,Bueno,1,Jeep,Gris,1,,38,MASCULINO,SIN DATOS,0,0,Morelia,Alberto Oviedo Mota,mayo,sábado,19,-101.197566837072,19.681136313707
29307,29312,2020,,2020/05/30,19:31:00,COLISIÓN POR CORTE DE CIRCULACIÓN,SIN_DATOS,Bueno,Bueno,1,HONDA ACCOR,GRIS,1,,,MASCULINO,SIN DATOS,0,0,Morelia,Santa Maria,mayo,sábado,20,-101.200161874294,19.6801996593597
29308,29313,2020,,2020/05/30,19:31:00,COLISIÓN POR ALCANCE,ASFALTO,Lluvioso,Regular,2,HONDA ACCORD,GRIS,2,,27,MASCULINO,SIN DATOS,0,0,Morelia,Santa Maria,mayo,sábado,20,-101.200133040547,19.6803354067059
29309,29314,2020,,2020/05/30,20:30:00,SALIDA DE SUPERFICIE DE RODAMIENTO,ASFALTO,Bueno,Bueno,1,Dodge,Blanco,1,,,,SIN DATOS,0,0,Morelia,Felix Ireta,mayo,sábado,21,-101.195632570395,19.6815709313281
29310,29315,2020,,2020/05/30,20:35:00,COLISIÓN POR CORTE DE CIRCULACIÓN,ASFALTO,Bueno,Bueno,2,Volkswagen,Gris plata,2,,20,MASCULINO,SIN DATOS,0,0,Morelia,Nueva Valladolid,mayo,sábado,21,-101.210570856929,19.7008868587595
29311,29316,2020,,2020/05/30,20:36:00,COLISIÓN CON PEATÓN,ASFALTO,Bueno,Bueno,1,ITALIKA,NEGRO/ROJO,2,,19,MASCULINO,SIN DATOS,1,0,Tangamandapio,Sin datos,mayo,sábado,21,-102.381979040802,19.9204972819742
29312,29317,2020,,2020/05/30,21:01:00,COLISIÓN CONTRA OBJETO FIJO,CONCRETO,Nublado,Bueno,1,Honda,Blanco,1,,30,MASCULINO,SIN DATOS,0,0,Morelia,Adolfo Lopez Mateos,mayo,sábado,21,-101.225892975926,19.6963540483805
29313,29318,2020,,2020/05/30,21:55:00,COLISIÓN POR NO RESPETAR SEMÁFORO,ASFALTO,Lluvioso,Regular,2,VMW 118I 1A,NEGRO,2,,28,MASCULINO,SIN DATOS,0,0,Morelia,Insurgentes,mayo,sábado,22,-101.153833586723,19.6951570619844
29314,29319,2020,LEG31016,2020/05/31,"00:20:00",COLISIÓN CONTRA OBJETO FIJO,ASFALTO,Bueno,Bueno,3,VOLKSWAGEN,GRIS,3,,0,FEMENINO,SIN DATOS,0,0,Morelia,Ricardo Flores Magon,mayo,domingo,0,-101.243346445262,19.7094549716035
29315,29320,2020,,2020/05/31,"01:52:00",SUBIDA AL CAMELLÓN,ASFALTO,Bueno,Bueno,1,Chevrolet,Gris,1,,46,,SIN DATOS,0,0,Morelia,Ana Maria Gallaga (Riviera Norte),mayo,domingo,2,-101.223956085742,19.6766414594103
29316,29321,2020,,2020/05/31,"04:30:00",COLISIÓN POR CORTE DE CIRCULACIÓN,ASFALTO,Bueno,Bueno,2,VW,Gris Obscuro,2,MINISTERIO PÚBLICO,26,FEMENINO,ALIENTO ETÍLICO,0,0,Morelia,Felix Ireta,mayo,domingo,5,-101.190700046718,19.6908024433992
29317,29322,2020,,2020/05/31,"05:15:00",COLISIÓN CONTRA OBJETO FIJO,ASFALTO,Bueno,Bueno,1,FORD,AZUL MARINO,0,,,,,0,0,Peribán,Sin datos,mayo,domingo,5,-102.447828613222,19.5557746387515
29318,29323,2020,,2020/05/31,"05:28:00",COLISIÓN CONTRA OBJETO FIJO,ASFALTO,Bueno,Bueno,1,VOLKSWAGEN,NEGRO,1,,,,SIN DATOS,0,0,Morelia,Nicolas Bravo(Los Ejidos),mayo,domingo,5,-101.217309571803,19.6998388945113
29319,29324,2020,,2020/05/31,"07:45:00",VOLCADURA,ASFALTO,Bueno,Bueno,1,FORD,ROJO,1,,25,MASCULINO,SIN DATOS,0,0,Peribán,Sin datos,mayo,domingo,8,-102.443072721362,19.5506061574208
29320,29325,2020,LEG31025,2020/05/31,10:37:00,COLISIÓN POR ALCANCE,ASFALTO,Bueno,Bueno,2,NISSAN,NEGRO,2,,22,MASCULINO,SIN DATOS,0,0,Morelia,Lomas de Hidalgo,mayo,domingo,11,-101.16164971143,19.6957953295786
29321,29326,2020,,2020/05/31,12:10:00,COLISIÓN POR CORTE DE CIRCULACIÓN,CONCRETO,Bueno,Bueno,1,ITALIKA,BLANCO,0,MINISTERIO PÚBLICO,,,,0,0,Gabriel Zamora,Benito Juarez,mayo,domingo,12,-102.056866038035,19.155458394773
29322,29327,2020,MOR200423940,2020/05/31,14:00:00,COLISIÓN POR CAMBIO DE CARRIL,ASFALTO,Bueno,Bueno,2,CHRYSLER,BLANCO,2,,62,MASCULINO,SIN DATOS,0,0,Morelia,El Lago 1,mayo,domingo,14,-101.214557960629,19.7269985218012
29323,29328,2020,LEG31026,2020/05/31,16:55:00,COLISIÓN POR INVASIÓN DE CARRIL,ASFALTO,Bueno,Bueno,2,NISSAN,AZUL,2,,47,MASCULINO,SIN DATOS,0,0,Morelia,Francisco J Mujica,mayo,domingo,17,-101.185531429946,19.7240312295729
29324,29329,2020,,2020/05/31,18:15:00,COLISIÓN CONTRA OBJETO FIJO,ASFALTO,Bueno,Bueno,2,ITALIKA,ROJO,2,,22,MASCULINO,SIN DATOS,0,0,Morelia,Industrial,mayo,domingo,18,-101.1887383461,19.7108693210479
29325,29330,2020,LEG31024,2020/05/31,19:00:00,SUBIDA AL CAMELLÓN,ASFALTO,Lluvioso,Regular,1,VOLKSWAGEN,PLATA,1,,25,MASCULINO,SIN DATOS,0,0,Morelia,Ricardo Flores Magon,mayo,domingo,19,-101.24435596168,19.7046859872666
29326,29331,2020,,2020/05/31,19:50:00,VOLCADURA,ASFALTO,Bueno,Bueno,1,NISSAN,ARENA,2,MINISTERIO PÚBLICO,18,MASCULINO,SIN DATOS,0,1,Tuxpan,Sin datos,mayo,domingo,20,-100.47094669193,19.611493890301
29327,29332,2020,,2020/05/31,21:00:00,COLISIÓN POR INVASIÓN DE CARRIL,ASFALTO,Bueno,Bueno,2,VOLKSWAGEN,VERDE,8,MINISTERIO PÚBLICO,0,MASCULINO,SIN DATOS,6,1,Pátzcuaro,Sin datos,mayo,domingo,21,-101.567504480481,19.5333302416788
29328,29333,2020,LEG31015,2020/05/31,21:20:00,COLISIÓN CONTRA OBJETO FIJO,ASFALTO,Bueno,Bueno,2,SUZUKI,BLANCO CON NEGRO,1,,0,,SIN DATOS,0,0,Morelia,La Colina,mayo,domingo,21,-101.216138787568,19.7038829885606
29329,29334,2020,MOR200425407,2020/06/01,"00:00:00",COLISIÓN CONTRA OBJETO FIJO,CONCRETO,Bueno,Bueno,1,TOYOTA,SILVER,1,,45,,SIN DATOS,0,0,Morelia,Jose Ma Pino Suarez,junio,lunes,0,-101.163732815,19.7239767749991
29330,29335,2020,"200425763",2020/06/01,"06:10:00",SUBIDA AL CAMELLÓN,ASFALTO,Bueno,Bueno,1,NISSAN,BLANCO,1,,50,FEMENINO,ALIENTO ETÍLICO,0,0,Morelia,Sentimientos de La Nacion,junio,lunes,6,-101.233194944297,19.682432823539
29332,29337,2020,,2020/06/01,11:45:00,CAIDA DE MOTOCICLETA,SIN_DATOS,Bueno,Bueno,1,ITALIKA,BLANCO,0,,,,,0,0,Tuxpan,Santa Ana,junio,lunes,12,-100.467222822754,19.5729142463582
29333,29338,2020,MOR200426306,2020/06/01,12:00:00,COLISIÓN POR ALCANCE,ASFALTO,Bueno,Bueno,2,NISSAN,BLANCO Y ROSA,2,,26,MASCULINO,SIN DATOS,0,0,Morelia,Lomas del Tecnologico,junio,lunes,12,-101.192971737429,19.7218067072296
29334,29339,2020,,2020/06/01,13:00:00,COLISIÓN POR CORTE DE CIRCULACIÓN,ASFALTO,Bueno,Bueno,2,ITALIKA FT150,NEGRO,0,MINISTERIO PÚBLICO,,,,0,0,Morelia,Torreon Nuevo,junio,lunes,13,-101.20358663,19.7462449699991
29335,29340,2020,,2020/06/01,13:40:00,COLISIÓN POR CORTE DE CIRCULACIÓN,ASFALTO,Bueno,Bueno,1,ITALIKA,ROJO,2,MINISTERIO PÚBLICO,39,MASCULINO,SIN DATOS,1,0,Zacapu,Villa Guzman,junio,lunes,14,-101.782139874995,19.8069362087266
29336,29341,2020,,2020/06/01,14:00:00,COLISIÓN POR ALCANCE,CONCRETO,Bueno,Bueno,2,CHEVROLET,BLANCO/ROJO,2,,45,MASCULINO,SIN DATOS,0,0,Morelia,Lindavista,junio,lunes,14,-101.216870474561,19.7058099416584
29337,29342,2020,,2020/06/01,14:05:00,COLISIÓN POR ALCANCE,ASFALTO,Bueno,Bueno,2,HONDA,AZUL,2,,,MASCULINO,SIN DATOS,0,0,Morelia,Eduardo Ruiz,junio,lunes,14,-101.221859682349,19.7216992118204
29338,29343,2020,MOR200426399,2020/06/01,14:27:00,COLISIÓN CONTRA OBJETO FIJO,CONCRETO,Bueno,Bueno,1,TOYOTA,ARENA,1,,40,FEMENINO,SIN DATOS,0,0,Morelia,Santiaguito,junio,lunes,14,-101.189666734559,19.7174986009697
29339,29344,2020,,2020/06/01,14:38:00,COLISIÓN POR CORTE DE CIRCULACIÓN,ASFALTO,Bueno,Bueno,2,NISSAN,BLANCO Y VERDE,2,,34,MASCULINO,SIN DATOS,0,0,Morelia,Indeco El Vivero,junio,lunes,15,-101.230027601123,19.6770515514292
29340,29345,2020,LEG31040,2020/06/01,15:00:00,COLISIÓN POR CORTE DE CIRCULACIÓN,ASFALTO,Bueno,Bueno,2,VOLKSWAGEN,AZUL,2,MINISTERIO PÚBLICO,0,MASCULINO,SIN DATOS,0,0,Morelia,Punta Monarca(Punta Altozano),junio,lunes,15,-101.173,19.6552
29341,29346,2020,,2020/06/01,15:39:00,COLISIÓN POR CAMBIO DE CARRIL,ASFALTO,Bueno,Bueno,2,SEAT,VERDE,2,,30,MASCULINO,SIN DATOS,0,0,Morelia,Nueva Valladolid,junio,lunes,16,-101.21292963,19.6987059149991
29343,29348,2020,,2020/06/01,18:45:00,COLISIÓN POR CORTE DE CIRCULACIÓN,CONCRETO,Bueno,Bueno,2,ITALIKA Z150,ROJO/NEGRO,2,,28,MASCULINO,SIN DATOS,0,0,Morelia,Solidaridad,junio,lunes,19,-101.20485696,19.7329003499991
29344,29349,2020,,2020/06/01,21:35:00,COLISIÓN CONTRA OBJETO FIJO,ASFALTO,Bueno,Bueno,1,SEAT,AZUL,1,,27,MASCULINO,ALIENTO ETÍLICO,0,0,Morelia,Tinijaro,junio,lunes,22,-101.26316,19.6963297049991
29345,29350,2020,,2020/06/01,22:00:00,COLISIÓN POR CAMBIO DE CARRIL,CONCRETO,Bueno,Bueno,2,NISSAN,BLANCO,2,,61,,ALIENTO ETÍLICO,0,0,Huiramba,Huiramba,junio,lunes,22,-101.439325399697,19.5457209231026
29346,29351,2020,,2020/06/02,"01:50:00",COLISIÓN CONTRA OBJETO FIJO,CONCRETO,Bueno,Regular,1,HONDA/CRV,PLATA,0,,,,,0,0,Morelia,Arcos del Valle,junio,martes,2,-101.235822178423,19.7071407267916
29347,29352,2020,,2020/06/02,"07:40:00",COLISIÓN POR ALCANCE,ASFALTO,Bueno,Bueno,2,DODGE,ROJO,2,,43,FEMENINO,SIN DATOS,0,0,Morelia,Felix Arreguin,junio,martes,8,-101.227870099247,19.7191534772882
29348,29353,2020,MOR200428255,2020/06/02,"07:45:00",COLISIÓN CONTRA OBJETO FIJO,ASFALTO,Bueno,Bueno,1,CHEVROLET,GRIS,1,,,MASCULINO,SIN DATOS,0,0,Morelia,Sin datos,junio,martes,8,-101.174198426306,19.6582509581503
29349,29354,2020,MOR 200428405,2020/06/02,"09:00:00",COLISIÓN POR CAMBIO DE CARRIL,ASFALTO,Bueno,Regular,2,ITALIKA,ROJO Y NEGRO,2,,19,MASCULINO,SIN DATOS,0,0,Morelia,Elias Perez Avalos,junio,martes,9,-101.169381514192,19.7132109714176
29350,29355,2020,MOR200428633,2020/06/02,11:00:00,COLISIÓN CONTRA OBJETO FIJO,ASFALTO,Bueno,Bueno,2,INTERNATIONAL,BLANCO,2,MINISTERIO PÚBLICO,,,SIN DATOS,0,0,Morelia,El Lago 3,junio,martes,11,-101.219304464757,19.7272525790407
29351,29356,2020,,2020/06/02,11:45:00,COLISIÓN POR ALCANCE,ASFALTO,Bueno,Bueno,4,MERCURY,ROJO,4,,70,MASCULINO,SIN DATOS,0,0,Morelia,Country Club  Las Huertas,junio,martes,12,-101.230606287718,19.6631173058228
29352,29357,2020,,2020/06/02,13:00:00,COLISIÓN POR INVASIÓN DE CARRIL,ASFALTO,Bueno,Bueno,2,NISSAN,BLANCO,1,MINISTERIO PÚBLICO,,,,0,1,Puruándiro,Adolfo Lopez  Mateos,junio,martes,13,-101.496402472258,20.0925685633602
29353,29358,2020,,2020/06/02,13:30:00,COLISIÓN POR CORTE DE CIRCULACIÓN,ASFALTO,Bueno,Bueno,2,ITALIKA,ROJO,2,MINISTERIO PÚBLICO,17,MASCULINO,SIN DATOS,1,0,Pátzcuaro,Centro,junio,martes,14,-101.610052362084,19.5169461623152
29354,29359,2020,MN/FC/072/02062,2020/06/02,14:06:00,COLISIÓN POR CORTE DE CIRCULACIÓN,ASFALTO,Bueno,Bueno,2,FORD,GUINDA,3,MINISTERIO PÚBLICO,41,MASCULINO,SIN DATOS,1,0,Puruándiro,Los Lemus,junio,martes,14,-101.528035104275,20.0942845999582
29355,29360,2020,LEG31059,2020/06/02,20:20:00,CAIDA DE MOTOCICLETA,ASFALTO,Bueno,Bueno,1,ITALIKA,NEGRO,1,,35,MASCULINO,SIN DATOS,0,0,Morelia,Villas Lomas del Paraiso,junio,martes,20,-101.176162306219,19.673874021164
29356,29361,2020,,2020/06/02,20:39:00,COLISIÓN POR INVASIÓN DE CARRIL,ASFALTO,Bueno,Bueno,2,NISSAN,ROJO,2,,44,MASCULINO,CON CERTIFICADO,0,0,Morelos,Sin datos,junio,martes,21,-101.440790221095,20.0025772362786
29357,29362,2020,MOR200430178,2020/06/02,20:50:00,COLISIÓN POR MANIOBRA DE REVERSA,CONCRETO,Bueno,Bueno,2,SEAT,NEGRO,3,,23,MASCULINO,SIN DATOS,1,0,Morelia,Solidaridad,junio,martes,21,-101.208407655358,19.7315850606855
29358,29363,2020,MOR 20043307,2020/06/02,21:35:00,VOLCADURA,CONCRETO,Bueno,Bueno,1,NISSAN,GRIS,1,,40,MASCULINO,ALIENTO ETÍLICO,0,0,Tarímbaro,Metropolis,junio,martes,22,-101.204154007137,19.7584622508111
29359,29364,2020,LEG31060,2020/06/02,22:19:00,COLISIÓN POR INVASIÓN DE CARRIL,CONCRETO,Bueno,Regular,2,CHEVROLET,BLANCO,2,MINISTERIO PÚBLICO,27,MASCULINO,SIN DATOS,0,0,Morelia,Trincheras de Morelos,junio,martes,22,-101.186632476747,19.6654928052786
29360,29365,2020,,2020/06/02,23:00:00,COLISIÓN CONTRA OBJETO FIJO,ASFALTO,Bueno,Bueno,1,JEEP,Gris,1,,40,FEMENINO,SIN DATOS,0,0,Morelia,Prados Verdes,junio,martes,23,-101.196885891259,19.7186601705968
29361,29366,2020,MOR200430535,2020/06/02,23:17:00,COLISIÓN POR CORTE DE CIRCULACIÓN,ASFALTO,Bueno,Bueno,2,FORD,BLANCO Y VERDE,2,,43,MASCULINO,ALIENTO ETÍLICO,0,0,Morelia,El Lago 3,junio,martes,23,-101.219447627664,19.7272702525728
29362,29367,2020,LEG31058,2020/06/03,"02:50:00",COLISIÓN POR INVASIÓN DE CARRIL,ASFALTO,Bueno,Bueno,2,SAEAT,ROJO,2,,,,SIN DATOS,0,0,Morelia,Campestre Los Manantiales,junio,miércoles,3,-101.239908523858,19.691946114393
29363,29368,2020,MOR200430784,2020/06/03,"03:05:00",COLISIÓN CONTRA OBJETO FIJO,ASFALTO,Bueno,Bueno,1,NISSAN,ROJO,1,,38,MASCULINO,SIN DATOS,0,0,Morelia,Jacarandas,junio,miércoles,3,-101.211537793279,19.7089789949093
29364,29369,2020,,2020/06/03,"09:35:00",CAIDA DE MOTOCICLETA,CONCRETO,Bueno,Bueno,1,ITALIKA,NEGRO ROJO,1,,28,MASCULINO,ALIENTO ETÍLICO,0,0,Morelia,Ciudad Industrial,junio,miércoles,10,-101.145599372685,19.7283211930192
29365,29370,2020,,2020/06/03,10:20:00,COLISIÓN POR ALCANCE,ASFALTO,Bueno,Bueno,3,FORD F350,ROJO,3,,,MASCULINO,SIN DATOS,0,0,Morelia,Los Pinos de Michoacan,junio,miércoles,10,-101.215326172788,19.6853982337621
29366,29371,2020,MOR200428552,2020/06/03,10:34:00,COLISIÓN POR CAMBIO DE CARRIL,ASFALTO,Bueno,Bueno,2,MITSUBISHI,ROJO,2,,67,FEMENINO,SIN DATOS,0,0,Morelia,Las Americas,junio,miércoles,11,-101.158206425607,19.6878830938127
29367,29372,2020,,2020/06/03,10:35:00,VOLCADURA,ASFALTO,Bueno,Bueno,1,FORD,NARANJA,3,,24,MASCULINO,SIN DATOS,2,0,Los Reyes,Sin datos,junio,miércoles,11,-102.335797771811,19.6778000692592
29368,29373,2020,MOR20048576,2020/06/03,11:30:00,COLISIÓN POR CORTE DE CIRCULACIÓN,CONCRETO,Bueno,Bueno,2,MAZDA,ROJO,2,,52,FEMENINO,SIN DATOS,0,0,Morelia,Nueva Chapultepec,junio,miércoles,12,-101.164432503283,19.6883979613438
29369,29374,2020,MOR200428967,2020/06/03,13:25:00,COLISIÓN POR ALCANCE,ASFALTO,Bueno,Bueno,3,MERCEDES BENZ,GRIS,3,,53,FEMENINO,SIN DATOS,0,0,Morelia,Jardines del Rincon,junio,miércoles,13,-101.153340147916,19.687389322751
29370,29375,2020,,2020/06/03,14:00:00,COLISIÓN POR CAMBIO DE CARRIL,ASFALTO,Bueno,Bueno,2,Italika,Rojo/Negro,2,,29,,SIN DATOS,0,0,Morelia,La Quemada,junio,miércoles,14,-101.241361275315,19.7008369859177
29371,29376,2020,MOR2005783,2020/06/03,14:37:00,COLISIÓN POR CORTE DE CIRCULACIÓN,ASFALTO,Bueno,Bueno,1,ITALIKA,NEGRO,1,,34,MASCULINO,ALIENTO ETÍLICO,0,0,Morelia,La Esperanza,junio,miércoles,15,-101.153860576451,19.6993692022835
29372,29377,2020,,2020/06/03,18:41:00,COLISIÓN POR NO RESPETAR SEMÁFORO,ASFALTO,Bueno,Bueno,2,PULSAR,NEGRO,1,,,,,1,0,Morelia,Felix Ireta,junio,miércoles,19,-101.19216889143,19.6822506947917
29373,29378,2020,,2020/06/03,21:42:00,COLISIÓN POR ALCANCE,ASFALTO,Bueno,Regular,2,VELOCI,ROJO,2,MINISTERIO PÚBLICO,32,MASCULINO,SIN DATOS,1,0,Acuitzio,Las Peñas,junio,miércoles,22,-101.337470859289,19.5078671965572
29374,29379,2020,,2020/06/04,"07:10:00",COLISIÓN CONTRA OBJETO FIJO,ASFALTO,Bueno,Bueno,1,Italika,Verde,1,,35,MASCULINO,SIN DATOS,0,0,Morelia,Centro,junio,jueves,7,-101.19691606611,19.7030398987108
29375,29380,2020,MOR 200433868,2020/06/04,"08:30:00",COLISIÓN POR CAMBIO DE CARRIL,ASFALTO,Bueno,Regular,2,NISSAN,BLANCO,2,,45,MASCULINO,SIN DATOS,0,0,Morelia,Infonavit  Las  Camelinas,junio,jueves,9,-101.173821911216,19.6836147750788
29376,29381,2020,LEG31094,2020/06/04,10:00:00,COLISIÓN POR CAMBIO DE CARRIL,ASFALTO,Bueno,Bueno,2,NISSAN,BLANCO,2,,55,MASCULINO,SIN DATOS,0,0,Morelia,Sin datos,junio,jueves,10,-101.334729976952,19.5568017437171
29377,29382,2020,MOR 200434059,2020/06/04,10:15:00,COLISIÓN POR ALCANCE,ASFALTO,Bueno,Bueno,2,VOLKSWAGEN,AZUL,2,,30,MASCULINO,SIN DATOS,0,0,Morelia,Ampliacion La Soledad,junio,jueves,10,-101.184964478016,19.7293841191477
29378,29383,2020,,2020/06/04,12:01:00,SALIDA DE SUPERFICIE DE RODAMIENTO,TERRACERIA,Bueno,Bueno,1,Nissan,Blanco naranja,1,,19,MASCULINO,SIN DATOS,0,0,Tarímbaro,Sin datos,junio,jueves,12,-101.178728342056,19.7733337680646
29379,29384,2020,,2020/06/04,12:30:00,COLISIÓN POR CORTE DE CIRCULACIÓN,SIN_DATOS,Bueno,Bueno,2,Audi,Negro,2,,,MASCULINO,SIN DATOS,0,0,Morelia,Ampliacion La Soledad,junio,jueves,13,-101.182928346097,19.7376897217452