fid,id_accidente,anio_origen,folio_c5i,dia_incidente,hora_ocurrencia,tipo_incidente_vial,superficie_ocurrencia,condiciones_climaticas,condiciones_via,numero_vehiculos_involucrados,marca_vehiculo_ocasiona_siniestro,color_vehiculo_ocasiona_siniestro,numero_personas_involucradas,lugar_remite_presunto_responsable,edad_presunto_responsable,sexo_presunto_responsable,resultados_toxicologia,numero_personas_lesionadas,numero_personas_fallecidas,municipio,colonia,mes,dia_semana,hora_redondeada,lon,lat
29380,29385,2020,LEG31089,2020/06/04,13:15:00,COLISIÓN POR CORTE DE CIRCULACIÓN,ASFALTO,Bueno,Bueno,2,HONDA,BLANCO,2,,22,MASCULINO,SIN DATOS,0,0,Morelia,Isaac Arriaga,junio,jueves,13,-101.175186820328,19.706047351257
29381,29386,2020,,2020/06/04,14:00:00,COLISIÓN POR CORTE DE CIRCULACIÓN,SIN_DATOS,Bueno,Bueno,2,Ford,Blanco rojo,2,,30,MASCULINO,SIN DATOS,0,0,Morelia,Vasco de Quiroga,junio,jueves,14,-101.17459371686,19.7031551096786
29382,29387,2020,LEG31090,2020/06/04,16:40:00,COLISIÓN POR MANIOBRA DE REVERSA,ASFALTO,Bueno,Bueno,2,FORD,BLANCO,2,,40,MASCULINO,SIN DATOS,0,0,Morelia,La Soledad,junio,jueves,17,-101.183433942497,19.7280570383682
29383,29388,2020,MOR200435301,2020/06/04,17:22:00,COLISIÓN POR NO RESPETAR SEMÁFORO,ASFALTO,Bueno,Bueno,2,CHEVROLET,ROJO,2,,49,MASCULINO,SIN DATOS,0,0,Morelia,Niño Artillero,junio,jueves,17,-101.254893019795,19.6976507735409
29384,29389,2020,LEG31095,2020/06/04,18:20:00,COLISIÓN POR CORTE DE CIRCULACIÓN,ASFALTO,Bueno,Bueno,2,JEEP,VERDE,2,,0,MASCULINO,SIN DATOS,0,0,Morelia,Real Santa Rita,junio,jueves,18,-101.220503412187,19.6747387323618
29385,29390,2020,LEG31092,2020/06/04,20:10:00,COLISIÓN CONTRA OBJETO FIJO,ASFALTO,Bueno,Bueno,1,SEAT,BLANCO,1,,0,MASCULINO,SIN DATOS,0,0,Morelia,Sin datos,junio,jueves,20,-101.121306270361,19.6527596033489
29386,29391,2020,MOR200435855,2020/06/04,20:15:00,COLISIÓN POR CORTE DE CIRCULACIÓN,ASFALTO,Bueno,Bueno,2,NISSAN,GRIS,2,,0,FEMENINO,SIN DATOS,0,0,Morelia,Valle del Durazno,junio,jueves,20,-101.183965355158,19.6577966150332
29387,29392,2020,,2020/06/04,20:50:00,CAIDA DE MOTOCICLETA,ASFALTO,Bueno,Bueno,1,VENTO,NARANJA,1,,24,MASCULINO,SIN DATOS,0,0,Morelia,De Dolores,junio,jueves,21,-101.377294957638,19.6723153824409
29388,29393,2020,,2020/06/04,22:00:00,COLISIÓN POR CORTE DE CIRCULACIÓN,SIN_DATOS,Bueno,Bueno,1,KENWORTH,AZUL/BLANCO,0,,,,,0,0,Morelia,Niño Artillero,junio,jueves,22,-101.250201165676,19.6986087903713
29389,29394,2020,,2020/06/04,23:00:00,COLISIÓN CONTRA OBJETO FIJO,CONCRETO,Bueno,Bueno,2,FORD,VERDE,1,,27,MASCULINO,SIN DATOS,0,0,Tocumbo,Sin Nombre,junio,jueves,23,-102.491561695933,19.6354438078894
29390,29395,2020,,2020/06/04,23:30:00,COLISIÓN CONTRA OBJETO FIJO,ASFALTO,Bueno,Bueno,1,NISSAN,BLANCO,1,MINISTERIO PÚBLICO,0,,SIN DATOS,0,0,Tarímbaro,Sin datos,junio,jueves,0,-101.145589984953,19.7873849141842
29391,29396,2020,,2020/06/05,"00:00:00",COLISIÓN POR MANIOBRA DE REVERSA,CONCRETO,Bueno,Bueno,2,Nissan,Blanco,2,,,,SIN DATOS,0,0,Morelia,Las Americas,junio,viernes,0,-101.156515292823,19.6877167322149
29392,29397,2020,,2020/06/05,"00:00:00",COLISIÓN POR CORTE DE CIRCULACIÓN,ASFALTO,Bueno,Bueno,2,DODGE,BLANCO,2,,29,MASCULINO,SIN DATOS,0,0,Morelia,San Pascual,junio,viernes,0,-101.267951354384,19.6950437392326
29393,29398,2020,,2020/06/05,"04:20:00",COLISIÓN POR CORTE DE CIRCULACIÓN,ASFALTO,Bueno,Bueno,1,CHEVROLET,BLANCO,0,,,,,0,0,Morelia,Reforma,junio,viernes,4,-101.239737533033,19.7064093906926
29394,29399,2020,,2020/06/05,"07:00:00",COLISIÓN POR ALCANCE,ASFALTO,Bueno,Bueno,2,VW,NEGRO,2,,22,MASCULINO,SIN DATOS,0,0,Los Reyes,Obrera,junio,viernes,7,-102.460892312229,19.5765903241615
29395,29400,2020,,2020/06/05,"09:55:00",COLISIÓN CONTRA OBJETO FIJO,CONCRETO,Bueno,Bueno,1,Chevrolet,Blanco,1,,28,MASCULINO,SIN DATOS,0,0,Morelia,Barrio Alto,junio,viernes,10,-101.19662001729,19.7248031979462
29396,29401,2020,LEG31086,2020/06/05,10:04:00,COLISIÓN POR CORTE DE CIRCULACIÓN,ASFALTO,Bueno,Bueno,2,VOLKSWAGEN,AZUL NOCHE,2,,58,MASCULINO,SIN DATOS,0,0,Morelia,Sentimientos de La Nacion,junio,viernes,10,-101.236872933805,19.6848049027524
29397,29402,2020,LEG31096,2020/06/05,11:33:00,COLISIÓN POR CORTE DE CIRCULACIÓN,ASFALTO,Bueno,Bueno,2,SUZUKI,BLANCO,2,,0,FEMENINO,SIN DATOS,0,0,Morelia,Campestre Los Manantiales,junio,viernes,12,-101.238229125738,19.6880055762449
29398,29403,2020,,2020/06/05,11:45:00,COLISIÓN POR ALCANCE,ASFALTO,Bueno,Regular,2,VENTO,BLANCO,2,,52,MASCULINO,SIN DATOS,0,0,Morelia,Sin datos,junio,viernes,12,-101.304398551583,19.6876750628692
29399,29404,2020,,2020/06/05,12:20:00,COLISIÓN CONTRA OBJETO FIJO,CONCRETO,Bueno,Bueno,2,Kiloton,Blanco,2,,52,MASCULINO,SIN DATOS,0,0,Morelia,Torreon Nuevo,junio,viernes,12,-101.206652260611,19.7484670315599
29400,29405,2020,,2020/06/05,12:46:00,COLISIÓN CONTRA OBJETO FIJO,ASFALTO,Bueno,Bueno,1,Dodge,Negro,1,,,MASCULINO,SIN DATOS,0,0,Morelia,Los Manantiales de Morelia,junio,viernes,13,-101.237727552652,19.7013903210707
29401,29406,2020,,2020/06/05,13:35:00,COLISIÓN POR CORTE DE CIRCULACIÓN,CONCRETO,Bueno,Bueno,2,Hiunday,Negro,2,MINISTERIO PÚBLICO,25,MASCULINO,ALIENTO ETÍLICO,0,0,Morelia,Lomas de Santa Maria,junio,viernes,14,-101.185816079378,19.6733638425257
29402,29407,2020,,2020/06/05,14:48:00,COLISIÓN CONTRA OBJETO FIJO,ASFALTO,Bueno,Bueno,1,Jeep,Negro,1,,34,MASCULINO,SIN DATOS,0,0,Tarímbaro,Cumbres del Campreste,junio,viernes,15,-101.127066984773,19.7704197124635
29403,29408,2020,,2020/06/05,15:25:00,COLISIÓN POR CORTE DE CIRCULACIÓN,ASFALTO,Bueno,Bueno,2,Italika,Negro naranja,2,,28,MASCULINO,SIN DATOS,0,0,Morelia,Felix Ireta,junio,viernes,15,-101.195670180023,19.6814911486387
29404,29409,2020,,2020/06/05,15:40:00,COLISIÓN POR CORTE DE CIRCULACIÓN,ASFALTO,Bueno,Bueno,2,Toyota,Blanco y rosa,2,,30,MASCULINO,SIN DATOS,0,0,Morelia,Felix Ireta,junio,viernes,16,-101.195665821433,19.6814939898405
29405,29410,2020,MOR20059587,2020/06/05,15:45:00,COLISIÓN POR CORTE DE CIRCULACIÓN,ASFALTO,Bueno,Bueno,2,ISUZU,BLANCO,2,,55,MASCULINO,SIN DATOS,0,0,Morelia,Ventura Puente,junio,viernes,16,-101.1852722615,19.6912488011986
29406,29411,2020,,2020/06/05,16:50:00,COLISIÓN POR CORTE DE CIRCULACIÓN,SIN_DATOS,Bueno,Bueno,1,NISSAN,ROJO,1,,,,SIN DATOS,0,0,Morelia,Obrera,junio,viernes,17,-101.18282340467,19.7090149772818
29407,29412,2020,,2020/06/05,17:00:00,COLISIÓN CON PEATÓN,SIN_DATOS,Bueno,Bueno,2,Mercedes Benz,Gris,2,,49,,SIN DATOS,0,0,Morelia,Jardines del Rincon,junio,viernes,17,-101.149201914668,19.691195452984
29408,29413,2020,,2020/06/05,17:41:00,COLISIÓN POR ALCANCE,ASFALTO,Bueno,Bueno,2,VOLKSWAGEN,NEGRO,2,,,MASCULINO,SIN DATOS,0,0,Morelia,Tinijaro,junio,viernes,18,-101.259462162852,19.6969118182559
29409,29414,2020,MOR200049587,2020/06/05,18:14:00,COLISIÓN CONTRA OBJETO FIJO,ASFALTO,Bueno,Bueno,1,FORD,BLANCO,1,,0,MASCULINO,SIN DATOS,0,0,Morelia,Vista Bella,junio,viernes,18,-101.195977292955,19.6760978254163
29410,29415,2020,LEG31108,2020/06/05,19:20:00,COLISIÓN POR ALCANCE,ASFALTO,Bueno,Bueno,2,SUZUKI,BLANCO,2,,51,MASCULINO,CON CERTIFICADO,0,0,Morelia,Alberto Oviedo Mota,junio,viernes,19,-101.202016957104,19.6778524748473
29411,29416,2020,,2020/06/05,19:30:00,COLISIÓN POR ALCANCE,ASFALTO,Bueno,Bueno,2,Hyundai,Blanco,2,,55,MASCULINO,SIN DATOS,0,0,Tarímbaro,El Trebol,junio,viernes,20,-101.155739799142,19.7675119139738
29412,29417,2020,LEG31087,2020/06/05,21:31:00,COLISIÓN POR CORTE DE CIRCULACIÓN,CONCRETO,Bueno,Bueno,2,CHEVROLET,GRIS,2,,45,MASCULINO,ALIENTO ETÍLICO,0,0,Morelia,Chapultepec Oriente,junio,viernes,22,-101.161546111107,19.6882821084017
29413,29418,2020,,2020/06/05,22:45:00,CAIDA DE MOTOCICLETA,ASFALTO,Bueno,Bueno,1,ITALIKA,AMARILLO/NEGRO,2,,35,FEMENINO,SIN DATOS,1,0,Peribán,Sin datos,junio,viernes,23,-102.441992126405,19.5494302013253
29414,29419,2020,,2020/06/05,22:50:00,VOLCADURA,ASFALTO,Bueno,Bueno,1,AUDI,GRIS,1,,33,MASCULINO,SIN DATOS,0,0,Morelia,Sin datos,junio,viernes,23,-101.148572601378,19.6746487571535
29415,29420,2020,MOR200873456,2020/06/06,"00:00:00",COLISIÓN CON PEATÓN,CONCRETO,Bueno,Bueno,1,ITALIKA,ROJO,1,,25,MASCULINO,SIN DATOS,0,0,Morelia,La Aldea,junio,sábado,0,-101.135259792209,19.7441867132121
29416,29421,2020,,2020/06/06,"00:40:00",COLISIÓN POR CORTE DE CIRCULACIÓN,ASFALTO,Bueno,Bueno,1,Honda,Plata,1,,0,,SIN DATOS,0,0,Morelia,Centro,junio,sábado,1,-101.199294179678,19.699071856088
29417,29422,2020,,2020/06/06,"00:50:00",SALIDA DE SUPERFICIE DE RODAMIENTO,ASFALTO,Bueno,Bueno,1,TOYOTA,ROJO,1,,33,MASCULINO,SIN DATOS,0,0,Tangamandapio,Sin datos,junio,sábado,1,-102.382344156504,19.9199875779884
29418,29423,2020,MOR-200439292,2020/06/06,"08:00:00",COLISIÓN POR CAMBIO DE CARRIL,ASFALTO,Bueno,Regular,1,NISSAN,BLANCO,1,MINISTERIO PÚBLICO,43,MASCULINO,SIN DATOS,0,0,Morelia,Sin datos,junio,sábado,8,-101.262388788164,19.6402268523614
29419,29424,2020,LEG31129,2020/06/06,"08:20:00",COLISIÓN POR CORTE DE CIRCULACIÓN,ASFALTO,Bueno,Bueno,2,PETERBILL,rojo,2,,41,MASCULINO,SIN DATOS,0,0,Morelia,Central de Abastos,junio,sábado,8,-101.170162037015,19.7159654204188
29420,29425,2020,,2020/06/06,10:41:00,COLISIÓN POR ALCANCE,ASFALTO,Bueno,Bueno,2,NISSAN,BLANCO,2,,,,SIN DATOS,0,0,Morelia,Felix Ireta,junio,sábado,11,-101.195667497814,19.6815028291346
29421,29426,2020,LEG31131,2020/06/06,10:41:00,COLISIÓN POR ALCANCE,ASFALTO,Bueno,Bueno,2,NISSAN,BLANCO,2,,61,MASCULINO,SIN DATOS,0,0,Morelia,Felix Ireta,junio,sábado,11,-101.195669174194,19.6814927270841
29422,29427,2020,,2020/06/06,11:05:00,COLISIÓN POR ALCANCE,ASFALTO,Bueno,Bueno,2,NISSAN,BLANCO,2,,27,MASCULINO,SIN DATOS,0,0,Morelia,Elias Perez Avalos,junio,sábado,11,-101.168486997485,19.7125058601953
29423,29428,2020,MOR2007563452,2020/06/06,11:05:00,COLISIÓN POR ALCANCE,ASFALTO,Bueno,Bueno,2,NISSAN,BLANCO,2,,33,,SIN DATOS,0,0,Morelia,Elias Perez Avalos,junio,sábado,11,-101.168615072966,19.7126087548647
29424,29429,2020,,2020/06/06,11:10:00,COLISIÓN CON PEATÓN,SIN_DATOS,Bueno,Bueno,0,,,0,,,,,0,0,Morelia,Felix Ireta,junio,sábado,11,-101.191798746586,19.6824233758128
29425,29430,2020,LEG31124,2020/06/06,11:10:00,COLISIÓN POR ALCANCE,ASFALTO,Bueno,Bueno,2,NISSAN,GRIS,2,,55,MASCULINO,SIN DATOS,0,0,Morelia,Felix Ireta,junio,sábado,11,-101.191886924207,19.6824044345764
29426,29431,2020,LEG31133,2020/06/06,15:15:00,COLISIÓN CONTRA OBJETO FIJO,CONCRETO,Bueno,Bueno,2,YAMAHA,BLANCO,2,,0,,SIN DATOS,1,0,Morelia,Ampliacion La Soledad,junio,sábado,15,-101.182704046369,19.7391483174495
29427,29432,2020,,2020/06/06,15:30:00,CAIDA DE MOTOCICLETA,CONCRETO,Bueno,Bueno,0,,,0,,,,,0,0,Morelia,Sentimientos de La Nacion,junio,sábado,16,-101.2340759,19.6807241
29428,29433,2020,,2020/06/06,17:20:00,COLISIÓN POR CORTE DE CIRCULACIÓN,ASFALTO,Bueno,Bueno,2,JEEP,NEGRO,1,MINISTERIO PÚBLICO,30,MASCULINO,SIN DATOS,0,0,Angamacutiro,Sin datos,junio,sábado,17,-101.69958550483,20.0827745150577
29429,29434,2020,,2020/06/06,17:40:00,COLISIÓN POR ALCANCE,ASFALTO,Lluvioso,Bueno,2,BMW,BLANCO,2,,50,MASCULINO,SIN DATOS,0,0,Zitácuaro,Sin datos,junio,sábado,18,-100.346865721725,19.4729778524192
29430,29435,2020,MOR200400933,2020/06/06,18:10:00,COLISIÓN POR ALCANCE,ASFALTO,Bueno,Bueno,2,MAZDA,BLANCO,2,,55,FEMENINO,SIN DATOS,0,0,Morelia,Campestre Los Manantiales,junio,sábado,18,-101.238138601184,19.6877978611371
29431,29436,2020,LEG31130,2020/06/06,19:04:00,COLISIÓN POR CORTE DE CIRCULACIÓN,ASFALTO,Bueno,Bueno,2,VOLKSWAGEN,rojo,2,,59,MASCULINO,SIN DATOS,0,0,Morelia,Jesus Romero Flores,junio,sábado,19,-101.173700876534,19.7289602750457
29432,29437,2020,LEG31135,2020/06/06,20:20:00,CAIDA DE MOTOCICLETA,ASFALTO,Bueno,Bueno,1,ITALIKA,NEGRO Y ROJO,1,MINISTERIO PÚBLICO,,,,1,0,Morelia,Nueva Valladolid,junio,sábado,20,-101.20903076604,19.702065179038
29433,29438,2020,,2020/06/06,22:00:00,COLISIÓN POR CAMBIO DE CARRIL,ASFALTO,Bueno,Bueno,2,ISUZU,BLANCO,2,,42,MASCULINO,SIN DATOS,0,0,Morelia,Campestre Los Manantiales,junio,sábado,22,-101.238138601184,19.6877975454605
29434,29439,2020,,2020/06/06,23:35:00,COLISIÓN CON PEATÓN,ASFALTO,Nublado,Regular,1,CHEVROLET,GRIS,5,MINISTERIO PÚBLICO,25,,SIN DATOS,4,0,Jungapeo,Sin datos,junio,sábado,0,-100.47223847228,19.4873043750389
29435,29440,2020,MOR: 200441968,2020/06/07,"01:54:00",COLISIÓN CONTRA OBJETO FIJO,ASFALTO,Nublado,Regular,1,VOLKSWAGEN,BLANCO,1,,19,MASCULINO,ALIENTO ETÍLICO,0,0,Morelia,Valle de Las Flores,junio,domingo,2,-101.122252754867,19.6880541903801
29436,29441,2020,,2020/06/07,"03:25:00",VOLCADURA,ASFALTO,Lluvioso,Bueno,1,VW,ROJO,1,,22,MASCULINO,SIN DATOS,0,0,Peribán,Sin datos,junio,domingo,3,-102.442351877689,19.5498222929587
29437,29442,2020,LEG31132,2020/06/07,"03:30:00",COLISIÓN CONTRA OBJETO FIJO,ASFALTO,Nublado,Bueno,1,FORD,BLANCO,1,,,,SIN DATOS,0,0,Morelia,Loma de Los Piñones,junio,domingo,4,-101.206102967262,19.6733865732917
29438,29443,2020,LEG31137,2020/06/07,"04:34:00",COLISIÓN CONTRA OBJETO FIJO,ASFALTO,Nublado,Regular,2,BMW,BLANCO Y NEGRO,2,MINISTERIO PÚBLICO,0,,SIN DATOS,0,0,Morelia,Vasco de Quiroga,junio,domingo,5,-101.169987022877,19.7049915297409
29439,29444,2020,,2020/06/07,"08:20:00",VOLCADURA,ASFALTO,Lluvioso,Bueno,1,CHEVROLET,PLATA,1,,54,MASCULINO,SIN DATOS,0,0,Uruapan,Sin datos,junio,domingo,8,-102.186453044415,19.5250083772439
29440,29445,2020,,2020/06/07,"08:50:00",CAIDA DE MOTOCICLETA,ASFALTO,Bueno,Bueno,1,DÍNAMO,AZUL CON GRIS,1,,0,,SIN DATOS,0,0,Morelia,Buenavista,junio,domingo,9,-101.166974902153,19.7096178386351
29441,29446,2020,,2020/06/07,"09:00:00",COLISIÓN CONTRA OBJETO FIJO,ASFALTO,Nublado,Bueno,1,Chevrolet,Blanco,1,,23,MASCULINO,SIN DATOS,0,0,Morelia,Diego Rivera,junio,domingo,9,-101.177797615528,19.7195224305619
29442,29447,2020,,2020/06/07,11:10:00,COLISIÓN CONTRA OBJETO FIJO,ASFALTO,Bueno,Bueno,1,Volkswagen,Verde,1,,27,MASCULINO,SIN DATOS,0,0,Morelia,Montaña Monarca,junio,domingo,11,-101.16049837321,19.6714456068251
29443,29448,2020,,2020/06/07,11:15:00,COLISIÓN POR ALCANCE,ASFALTO,Nublado,Bueno,2,FORD/EXPLORER,BLANCO,2,,26,MASCULINO,SIN DATOS,0,0,Morelia,Cosmos,junio,domingo,11,-101.21633303736,19.6833713702427
29444,29449,2020,MOR200440199,2020/06/07,14:43:00,COLISIÓN POR ALCANCE,ASFALTO,Bueno,Bueno,2,FORD,PLATA,2,,51,MASCULINO,SIN DATOS,0,0,Morelia,Loma Bonita,junio,domingo,15,-101.196543574333,19.7228335034769
29445,29450,2020,,2020/06/07,15:55:00,COLISIÓN CONTRA OBJETO FIJO,ASFALTO,Bueno,Bueno,1,NISSAN,NEGRO,0,MINISTERIO PÚBLICO,,,,0,0,Tuxpan,Sin datos,junio,domingo,16,-100.476299680081,19.6214071009912
29446,29451,2020,MOR200440395,2020/06/07,16:23:00,COLISIÓN POR CORTE DE CIRCULACIÓN,ASFALTO,Bueno,Bueno,2,CHEVROLET,AZUL,1,MINISTERIO PÚBLICO,0,MASCULINO,SIN DATOS,0,0,Morelia,Bonanza,junio,domingo,16,-101.202389448881,19.6566694344045
29447,29452,2020,MOR200440528,2020/06/07,16:59:00,COLISIÓN POR CORTE DE CIRCULACIÓN,TERRACERIA,Bueno,Bueno,1,CHEVROLET,PLATA,1,,24,FEMENINO,SIN DATOS,0,0,Morelia,Residencial Alborada,junio,domingo,17,-101.234630607069,19.7024695242862
29448,29453,2020,,2020/06/07,17:20:00,COLISIÓN POR CORTE DE CIRCULACIÓN,ASFALTO,Bueno,Bueno,2,FORD,NEGRO,0,MINISTERIO PÚBLICO,,,,0,0,Pátzcuaro,Centro,junio,domingo,17,-101.612087488174,19.5400724827981
29449,29454,2020,MOR200967554,2020/06/07,18:15:00,COLISIÓN POR ALCANCE,ASFALTO,Bueno,Bueno,2,DODGE,ALMENDRA,2,MINISTERIO PÚBLICO,0,MASCULINO,SIN DATOS,0,0,Morelia,Tinijaro,junio,domingo,18,-101.264479905367,19.6962145266929
29450,29455,2020,MOR200441245,2020/06/07,20:47:00,COLISIÓN POR ALCANCE,ASFALTO,Bueno,Bueno,2,CHEVROLET,AZUL,2,,31,MASCULINO,SIN DATOS,0,0,Morelia,Adolfo Lopez Mateos,junio,domingo,21,-101.229654438794,19.7035181025966
29451,29456,2020,,2020/06/07,21:06:00,COLISIÓN POR CAMBIO DE CARRIL,ASFALTO,Bueno,Bueno,2,CHEVROLET,PLATA,2,,35,MASCULINO,SIN DATOS,0,0,Morelia,Centro,junio,domingo,21,-101.177847236395,19.7048498060831
29452,29457,2020,,2020/06/07,22:18:00,COLISIÓN POR ALCANCE,ASFALTO,Bueno,Bueno,3,GENERAL MOTORS,ROJO,3,,51,MASCULINO,SIN DATOS,0,0,Morelia,Ejidal Ocolusen,junio,domingo,22,-101.153419353068,19.6872252226515
29453,29458,2020,,2020/06/08,"06:02:00",COLISIÓN POR CORTE DE CIRCULACIÓN,ASFALTO,Nublado,Bueno,2,Toyota,Blanco/Cafe,2,,52,MASCULINO,SIN DATOS,0,0,Morelia,Guadalupe,junio,lunes,6,-101.219395324588,19.710281930396
29454,29459,2020,,2020/06/08,"07:40:00",COLISIÓN POR ALCANCE,ASFALTO,Bueno,Bueno,2,Nissan,Rojo,2,,75,MASCULINO,SIN DATOS,0,0,Morelia,Vista Bella,junio,lunes,8,-101.19224332273,19.6822222829057
29455,29460,2020,LEG31160,2020/06/08,"09:15:00",COLISIÓN POR CORTE DE CIRCULACIÓN,CONCRETO,Bueno,Bueno,2,CHEVROLET,ROJO,2,,33,MASCULINO,SIN DATOS,0,0,Morelia,Ana Maria Gallaga (Riviera Norte),junio,lunes,9,-101.222778260708,19.6767989929582
29456,29461,2020,MOR200445017,2020/06/08,"09:31:00",COLISIÓN POR CAMBIO DE CARRIL,ASFALTO,Bueno,Bueno,3,CHEVROLET,GUINDA,3,,32,FEMENINO,SIN DATOS,0,0,Morelia,Primo Tapia Oriente,junio,lunes,10,-101.156868673861,19.7146732624441
29457,29462,2020,MN/FC/072/08062,2020/06/08,10:07:00,COLISIÓN POR CORTE DE CIRCULACIÓN,ASFALTO,Bueno,Bueno,2,CHEVROLET,BLANCO/ROJO,3,MINISTERIO PÚBLICO,53,MASCULINO,CON CERTIFICADO,1,0,Puruándiro,Sin datos,junio,lunes,10,-101.591930016875,20.1198154282893
29458,29463,2020,LEG31157,2020/06/08,11:50:00,COLISIÓN POR CORTE DE CIRCULACIÓN,TERRACERIA,Bueno,Bueno,1,VOLKSWAGEN,ROJO,1,,79,MASCULINO,SIN DATOS,0,0,Morelia,Ejidal Tres Puentes,junio,lunes,12,-101.225907057524,19.6924467638219
29459,29464,2020,MOR - 200- 445-,2020/06/08,13:30:00,COLISIÓN POR MANIOBRA DE REVERSA,CONCRETO,Bueno,Bueno,2,CHEVROLET,ROJO,1,,,,,1,0,Morelia,Independencia,junio,lunes,14,-101.17649640888,19.7098851800891
29460,29465,2020,,2020/06/08,13:30:00,COLISIÓN POR ALCANCE,ASFALTO,Bueno,Regular,2,S/D,GRIS,2,,,,SIN DATOS,0,0,Tangamandapio,Sin datos,junio,lunes,14,-102.385338842869,19.8959382111245
29461,29466,2020,LEG31163,2020/06/08,14:20:00,COLISIÓN POR CORTE DE CIRCULACIÓN,ASFALTO,Bueno,Bueno,1,TOYOTA,NEGRO,1,,52,MASCULINO,SIN DATOS,0,0,Morelia,El Lago 2,junio,lunes,14,-101.214486882091,19.7266078093823
29462,29467,2020,MOR200445976,2020/06/08,15:00:00,COLISIÓN POR ALCANCE,ASFALTO,Bueno,Bueno,2,NISSAN,AZUL,2,,47,MASCULINO,SIN DATOS,0,0,Morelia,Los Manantiales de Morelia,junio,lunes,15,-101.241383738816,19.6954020156252
29463,29468,2020,,2020/06/08,15:05:00,COLISIÓN POR CORTE DE CIRCULACIÓN,ASFALTO,Bueno,Bueno,2,HONDA,ROJO,1,MINISTERIO PÚBLICO,,,,1,0,Morelia,Del Empleado,junio,lunes,15,-101.18002517,19.6886070099991
29464,29469,2020,MOR200446538,2020/06/08,18:42:00,COLISIÓN POR ALCANCE,CONCRETO,Bueno,Bueno,1,CHEVROLET,BLANCO,2,,21,MASCULINO,SIN DATOS,0,0,Morelia,Elias Perez Avalos,junio,lunes,19,-101.165397763252,19.7103750419006
29465,29470,2020,LEG31162,2020/06/08,19:00:00,COLISIÓN POR CAMBIO DE CARRIL,ASFALTO,Bueno,Bueno,2,FORD,AZUL,2,,43,MASCULINO,SIN DATOS,0,0,Morelia,Elias Perez Avalos,junio,lunes,19,-101.168676949218,19.7135099500448
29466,29471,2020,MOR2000123675,2020/06/09,"09:24:00",COLISIÓN POR CORTE DE CIRCULACIÓN,ASFALTO,Bueno,Bueno,2,RENAULT,ROJO,2,,26,MASCULINO,SIN DATOS,0,0,Morelia,Tinijaro,junio,martes,9,-101.26316,19.6963297049991
29467,29472,2020,,2020/06/09,10:40:00,COLISIÓN POR ALCANCE,ASFALTO,Bueno,Bueno,2,TOYOTA,GUINDA,2,,50,MASCULINO,SIN DATOS,0,0,Morelia,Jardines de Torremolinos,junio,martes,11,-101.227651834488,19.6768002557515
29468,29473,2020,,2020/06/09,16:40:00,COLISIÓN POR CORTE DE CIRCULACIÓN,CONCRETO,Bueno,Regular,2,CHEVROLET,BLANCO,2,,,MASCULINO,SIN DATOS,0,0,Morelia,Central de Abastos,junio,martes,17,-101.168958060443,19.7157864631591
29469,29474,2020,,2020/06/09,16:50:00,COLISIÓN POR CORTE DE CIRCULACIÓN,ASFALTO,Nublado,Bueno,2,KURASAI,ROJO NEGRO,2,,24,MASCULINO,SIN DATOS,0,0,Morelia,Prados Verdes,junio,martes,17,-101.197436749935,19.7190338592347
29470,29475,2020,,2020/06/09,18:00:00,COLISIÓN POR CORTE DE CIRCULACIÓN,ASFALTO,Bueno,Bueno,2,ITALIKA,ROJO,2,,26,FEMENINO,SIN DATOS,0,0,Morelia,Felicitas del Rio,junio,martes,18,-101.200426071882,19.6902089813146
29471,29476,2020,,2020/06/09,19:10:00,COLISIÓN POR ALCANCE,ASFALTO,Lluvioso,Regular,2,Nissan,Azul,2,,15,MASCULINO,SIN DATOS,0,0,Morelia,Dr Miguel Silva,junio,martes,19,-101.188259908043,19.7211421547329
29473,29478,2020,MOR200449286,2020/06/09,20:22:00,COLISIÓN POR CAMBIO DE CARRIL,ASFALTO,Lluvioso,Malo,2,VOLKSWAGEN,NEGRO,2,,17,FEMENINO,SIN DATOS,0,0,Morelia,Ignacio Lopez Rayon,junio,martes,20,-101.253761947012,19.6905504800735
29474,29479,2020,,2020/06/10,"08:13:00",COLISIÓN CONTRA OBJETO FIJO,ASFALTO,Bueno,Bueno,1,NISSAN,BLANCO,1,,22,MASCULINO,SIN DATOS,0,0,Uruapan,Sin datos,junio,miércoles,8,-102.187329791486,19.5255585258804
29476,29481,2020,LEG31181,2020/06/10,10:20:00,COLISIÓN POR ALCANCE,CONCRETO,Bueno,Bueno,2,CHEVROLET,BLANCO,2,,32,MASCULINO,SIN DATOS,0,0,Morelia,Ferrocarrilero,junio,miércoles,10,-101.223609235,19.6918737849991
29477,29482,2020,LEG31183,2020/06/10,14:30:00,COLISIÓN POR INVASIÓN DE CARRIL,CONCRETO,Bueno,Bueno,2,MAZDA,GRIS,2,MINISTERIO PÚBLICO,46,MASCULINO,SIN DATOS,0,0,Morelia,Jacarandas,junio,miércoles,15,-101.210576762774,19.7076974518136
29478,29483,2020,MOR200-451356,2020/06/10,15:45:00,COLISIÓN POR CORTE DE CIRCULACIÓN,ASFALTO,Bueno,Bueno,3,NISSAN,NEGRO Y VERDE,3,,54,MASCULINO,SIN DATOS,0,0,Morelia,Eduardo Ruiz,junio,miércoles,16,-101.221859682349,19.7216992118204