fid,id_accidente,anio_origen,folio_c5i,dia_incidente,hora_ocurrencia,tipo_incidente_vial,superficie_ocurrencia,condiciones_climaticas,condiciones_via,numero_vehiculos_involucrados,marca_vehiculo_ocasiona_siniestro,color_vehiculo_ocasiona_siniestro,numero_personas_involucradas,lugar_remite_presunto_responsable,edad_presunto_responsable,sexo_presunto_responsable,resultados_toxicologia,numero_personas_lesionadas,numero_personas_fallecidas,municipio,colonia,mes,dia_semana,hora_redondeada,lon,lat
29480,29485,2020,MOR200451560,2020/06/10,17:00:00,COLISIÓN CONTRA OBJETO FIJO,CONCRETO,Bueno,Regular,2,NISSAN,BLANCO,2,,71,MASCULINO,ALIENTO ETÍLICO,0,0,Morelia,Buenavista,junio,miércoles,17,-101.164379245,19.7054418449992
29481,29486,2020,MN/FC/044/11062,2020/06/10,18:10:00,COLISIÓN POR INVASIÓN DE CARRIL,ASFALTO,Bueno,Bueno,2,MERCEDES BENZ,"BLANCO, VERDE, AZUL",3,MINISTERIO PÚBLICO,55,MASCULINO,SIN DATOS,0,1,Jiménez,Sin datos,junio,miércoles,18,-101.694816872478,19.9240547619915
29482,29487,2020,,2020/06/10,18:30:00,COLISIÓN POR CORTE DE CIRCULACIÓN,ASFALTO,Bueno,Bueno,2,NISSAN,BLANCO,0,,,,,0,0,Lázaro Cárdenas,600 Casas,junio,miércoles,19,-102.216347940266,17.9656332397975
29483,29488,2020,LEG31184,2020/06/10,22:00:00,COLISIÓN POR ALCANCE,ASFALTO,Bueno,Bueno,2,CHRYSLER,BLANCO,2,,,MASCULINO,SIN DATOS,0,0,Morelia,Tinijaro,junio,miércoles,22,-101.26316,19.6963297049991
29484,29489,2020,,2020/06/11,"00:00:00",COLISIÓN POR CORTE DE CIRCULACIÓN,ASFALTO,Bueno,Bueno,2,NISSAN/TSURU,BLANCO ROJO,2,,39,MASCULINO,SIN DATOS,0,0,Tarímbaro,Centro,junio,jueves,0,-101.176869,19.792979
29485,29490,2020,,2020/06/11,"09:00:00",COLISIÓN CONTRA OBJETO FIJO,ASFALTO,Bueno,Bueno,1,VOLKSWAGEN,BLANCO,1,,60,FEMENINO,SIN DATOS,0,0,Huandacareo,Sin datos,junio,jueves,9,-101.213741898537,19.9626198774802
29486,29491,2020,,2020/06/11,"09:38:00",COLISIÓN CONTRA OBJETO FIJO,ASFALTO,Bueno,Bueno,2,ISUZO,BLANCO,2,,,MASCULINO,SIN DATOS,0,0,Morelia,5 de Mayo,junio,jueves,10,-101.17543291,19.7031789799992
29487,29492,2020,,2020/06/11,10:40:00,COLISIÓN POR INVASIÓN DE CARRIL,ASFALTO,Bueno,Bueno,2,INTERNATIONAL,BLANCO/AZUL,2,,34,MASCULINO,SIN DATOS,0,0,Tancítaro,Sin datos,junio,jueves,11,-102.405421547592,19.4105526220146
29488,29493,2020,,2020/06/11,10:48:00,COLISIÓN POR MANIOBRA DE REVERSA,ASFALTO,Bueno,Bueno,2,CHRYSLER,BLANCO,2,,48,MASCULINO,SIN DATOS,0,0,Morelia,Cuauhtemoc,junio,jueves,11,-101.17854569,19.6974281599991
29489,29494,2020,NN/FC/108/11062,2020/06/11,11:25:00,COLISIÓN POR CAMBIO DE CARRIL,ASFALTO,Bueno,Bueno,2,NISSAN,"BLANCO,ROJO",3,MINISTERIO PÚBLICO,58,MASCULINO,SIN DATOS,1,0,Zacapu,Los Corrales,junio,jueves,11,-101.774659292706,19.7933804260536
29490,29495,2020,,2020/06/11,14:03:00,COLISIÓN POR ALCANCE,CONCRETO,Bueno,Bueno,2,VOLKSWAGEN,PLATA,2,,,MASCULINO,SIN DATOS,0,0,Morelia,Lomas de Huerta,junio,jueves,14,-101.212,19.6754
29491,29496,2020,,2020/06/11,14:40:00,COLISIÓN POR CORTE DE CIRCULACIÓN,ASFALTO,Bueno,Bueno,2,HONDA CRV EX,BLANCO,2,,21,MASCULINO,SIN DATOS,0,0,Morelia,Tinijaro,junio,jueves,15,-101.26316,19.6963297049991
29492,29497,2020,,2020/06/11,14:50:00,COLISIÓN CONTRA OBJETO FIJO,ASFALTO,Bueno,Bueno,1,INTERNATIONAL,BLANCO,1,,39,MASCULINO,SIN DATOS,0,0,Tingüindín,Sin datos,junio,jueves,15,-102.416936270893,19.7519484852136
29493,29498,2020,,2020/06/11,15:20:00,COLISIÓN POR CORTE DE CIRCULACIÓN,ASFALTO,Bueno,Bueno,2,ITALIKA,NEGRO,2,,24,MASCULINO,SIN DATOS,0,0,Morelia,Infonavit Colonial Universidad,junio,jueves,15,-101.204939035,19.6864075999991
29494,29499,2020,,2020/06/11,16:00:00,COLISIÓN POR CORTE DE CIRCULACIÓN,CONCRETO,Bueno,Bueno,2,SEAT,BLANCO,2,,,MASCULINO,SIN DATOS,0,0,Morelia,Ignacio Lopez Rayon,junio,jueves,16,-101.250591165,19.6897065849991
29495,29500,2020,,2020/06/11,17:45:00,COLISIÓN POR CORTE DE CIRCULACIÓN,ASFALTO,Nublado,Bueno,1,DODGE,NEGRO,1,,34,,SIN DATOS,0,0,Morelia,Villas del Pedregal,junio,jueves,18,-101.302209,19.685042
29496,29501,2020,,2020/06/11,20:03:00,COLISIÓN POR MANIOBRA DE REVERSA,ASFALTO,Bueno,Bueno,2,CHRYSLER,PLATA,1,,,MASCULINO,SIN DATOS,0,0,Morelia,Morelos,junio,jueves,20,-101.207151585,19.7006252299992
29498,29503,2020,MOR200456047,2020/06/12,"00:00:00",COLISIÓN POR CORTE DE CIRCULACIÓN,ASFALTO,Bueno,Bueno,2,NISSAN,BLANCO,2,,52,MASCULINO,SIN DATOS,0,0,Morelia,Nueva Chapultepec,junio,viernes,0,-101.174325495958,19.688012205446
29499,29504,2020,,2020/06/12,"00:02:00",COLISIÓN POR ALCANCE,ASFALTO,Bueno,Bueno,3,HONDA,AZUL,3,,42,FEMENINO,SIN DATOS,0,0,Morelia,Camelinas,junio,viernes,0,-101.171698272228,19.6820679115702
29500,29505,2020,,2020/06/12,"00:45:00",VOLCADURA,ASFALTO,Bueno,Bueno,1,CHRYSLER,BLANCO,2,MINISTERIO PÚBLICO,23,MASCULINO,SIN DATOS,0,1,Puruándiro,Sin datos,junio,viernes,1,-101.457626447082,20.0874911603873
29501,29506,2020,MOR2005960,2020/06/12,"03:20:00",SUBIDA AL CAMELLÓN,CONCRETO,Bueno,Bueno,1,CHEVROLET,PERLA,1,,26,MASCULINO,SIN DATOS,0,0,Morelia,Villas del Pedregal,junio,viernes,3,-101.302209,19.685042
29502,29507,2020,,2020/06/12,"05:00:00",COLISIÓN CONTRA OBJETO FIJO,CONCRETO,Bueno,Bueno,1,DODGE,NEGRO,0,,,,,0,0,Morelia,Leandro Valle,junio,viernes,5,-101.231682595409,19.7212022571141
29503,29508,2020,LEG31209,2020/06/12,"09:40:00",COLISIÓN POR CAMBIO DE CARRIL,ASFALTO,Bueno,Bueno,2,GENERAL MOTORS,BLANCO,2,,24,MASCULINO,SIN DATOS,0,0,Morelia,Morelos,junio,viernes,10,-101.206943181225,19.7013739021134
29504,29509,2020,"200456514",2020/06/12,13:05:00,COLISIÓN POR CORTE DE CIRCULACIÓN,ASFALTO,Bueno,Regular,2,NISSAN,BLANCO,2,MINISTERIO PÚBLICO,36,FEMENINO,SIN DATOS,0,0,Morelia,Chapultepec Oriente,junio,viernes,13,-101.16278236,19.6895735899991
29507,29512,2020,MOR200456957,2020/06/12,15:10:00,COLISIÓN POR ALCANCE,ASFALTO,Bueno,Bueno,2,FORD,ROJO,2,,51,MASCULINO,SIN DATOS,0,0,Morelia,Lazaro Cardenas,junio,viernes,15,-101.164980132847,19.7101528819772
29508,29513,2020,LEG31216,2020/06/12,16:15:00,COLISIÓN POR CORTE DE CIRCULACIÓN,ASFALTO,Bueno,Bueno,3,FREIGHTLINER,AMARILLO,3,,48,MASCULINO,SIN DATOS,0,0,Morelia,Centro,junio,viernes,16,-101.18218963,19.7028850649992
29509,29514,2020,LEG31220,2020/06/12,16:40:00,COLISIÓN POR CORTE DE CIRCULACIÓN,ASFALTO,Bueno,Bueno,2,DODGE,ROJO,2,MINISTERIO PÚBLICO,84,MASCULINO,SIN DATOS,0,0,Morelia,Lomas del Valle,junio,viernes,17,-101.230037015,19.6880963799991
29510,29515,2020,,2020/06/12,20:30:00,COLISIÓN POR ALCANCE,ASFALTO,Bueno,Bueno,2,AUDI,ROJO,2,,25,MASCULINO,SIN DATOS,0,0,Morelia,Americas Britania,junio,viernes,21,-101.149206608534,19.6946554740426
29511,29516,2020,MOR200457974,2020/06/12,21:40:00,COLISIÓN CONTRA OBJETO FIJO,ASFALTO,Bueno,Bueno,2,VOLKSWAGEN,PLATA,2,,22,MASCULINO,ALIENTO ETÍLICO,0,0,Morelia,Sin datos,junio,viernes,22,-101.139559459883,19.6261236041927
29512,29517,2020,"200458023",2020/06/12,22:00:00,COLISIÓN POR CORTE DE CIRCULACIÓN,CONCRETO,Bueno,Bueno,2,YAMAHA,BLANCO,2,,18,MASCULINO,SIN DATOS,0,0,Morelia,Lomas de Hidalgo,junio,viernes,22,-101.158890724182,19.6955169164306
29513,29518,2020,LEG31217,2020/06/12,22:00:00,COLISIÓN POR CAMBIO DE CARRIL,ASFALTO,Bueno,Bueno,2,HONDA,VERDE,2,,19,,SIN DATOS,0,0,Morelia,12 de Diciembre,junio,viernes,22,-101.1520975,19.7037785
29514,29519,2020,LEG31218,2020/06/12,22:30:00,COLISIÓN CONTRA OBJETO FIJO,ASFALTO,Bueno,Bueno,1,FORD,AZUL,1,,53,FEMENINO,SIN DATOS,0,0,Morelia,Elias Perez Avalos,junio,viernes,23,-101.167813022979,19.7136335493406
29515,29520,2020,,2020/06/12,23:30:00,SALIDA DE SUPERFICIE DE RODAMIENTO,ASFALTO,Bueno,Bueno,1,INTERNATIONAL,TINTO,1,,38,MASCULINO,SIN DATOS,0,0,Uruapan,Sin datos,junio,viernes,0,-102.192842066288,19.5298357807264
29516,29521,2020,,2020/06/12,23:55:00,COLISIÓN POR ALCANCE,ASFALTO,Bueno,Bueno,2,YAMAHA,BLANCO,2,MINISTERIO PÚBLICO,0,MASCULINO,SIN DATOS,0,0,Pátzcuaro,Centro,junio,viernes,0,-101.617677211761,19.5162060603461
29517,29522,2020,,2020/06/13,"00:00:00",COLISIÓN POR CAMBIO DE CARRIL,ASFALTO,Bueno,Bueno,2,PONTIAC/TANSPORT,BLANCO,2,,50,MASCULINO,SIN DATOS,0,0,Morelia,Alfonso Garcia Robles,junio,sábado,0,-101.183094056834,19.7185941431338
29518,29523,2020,,2020/06/13,"00:00:00",COLISIÓN POR NO RESPETAR SEMÁFORO,ASFALTO,Bueno,Bueno,2,FORD,VERDE,3,,48,FEMENINO,SIN DATOS,1,0,Morelia,Avicola Benito Juarez,junio,sábado,0,-101.278460919857,19.6918084828758
29519,29524,2020,MN/FC/108/14062,2020/06/13,"00:00:00",COLISIÓN POR CORTE DE CIRCULACIÓN,ASFALTO,Bueno,Bueno,2,FORD,BLANCO,4,MINISTERIO PÚBLICO,58,MASCULINO,SIN DATOS,2,0,Zacapu,San Miguel,junio,sábado,0,-101.802027449012,19.8165764277506
29520,29525,2020,LEG31221,2020/06/13,"00:10:00",COLISIÓN CONTRA OBJETO FIJO,ASFALTO,Nublado,Bueno,1,TOYOTA,BLANCO,1,,0,MASCULINO,SIN DATOS,0,0,Morelia,5 de Mayo,junio,sábado,0,-101.17543291,19.7031789799992
29521,29526,2020,MOR200458397,2020/06/13,"01:49:00",COLISIÓN POR NO RESPETAR SEMÁFORO,CONCRETO,Bueno,Bueno,2,SUZUKI,NEGRO/PLATA,1,,25,MASCULINO,SIN DATOS,0,0,Morelia,Lomas de Hidalgo,junio,sábado,2,-101.15875929594,19.6956005666904
29522,29527,2020,MOR200458552,2020/06/13,"06:45:00",COLISIÓN CONTRA OBJETO FIJO,CONCRETO,Bueno,Bueno,2,MITSUBISHI,ROJO,2,,33,MASCULINO,ALIENTO ETÍLICO,0,0,Morelia,Praderas de Morelia,junio,sábado,7,-101.228649365,19.6727859999991
29523,29528,2020,,2020/06/13,"08:10:00",COLISIÓN POR ALCANCE,ASFALTO,Bueno,Bueno,2,CHEVROLET,NEGRO,2,,24,MASCULINO,SIN DATOS,0,0,Morelia,Tinijaro,junio,sábado,8,-101.26316,19.6963297049991
29524,29529,2020,,2020/06/13,10:20:00,COLISIÓN POR ALCANCE,ASFALTO,Bueno,Bueno,2,NISSAN,AZUL,0,MINISTERIO PÚBLICO,,,,0,0,Morelia,Lomas del Valle,junio,sábado,10,-101.232373832978,19.6903386937174
29525,29530,2020,,2020/06/13,13:20:00,COLISIÓN POR ALCANCE,ASFALTO,Bueno,Bueno,2,VOLKSWAGEN,GRIS,2,,37,FEMENINO,SIN DATOS,0,0,Morelia,Infonavit  Las  Camelinas,junio,sábado,13,-101.17431845516,19.681820727711
29526,29531,2020,,2020/06/13,13:45:00,COLISIÓN POR ALCANCE,ASFALTO,Bueno,Bueno,2,TOYOTA,PLATA,2,,32,MASCULINO,SIN DATOS,0,0,Los Reyes,Sin datos,junio,sábado,14,-102.482200786471,19.6040645534652
29527,29532,2020,,2020/06/13,14:20:00,COLISIÓN POR CORTE DE CIRCULACIÓN,ASFALTO,Bueno,Bueno,2,RENAULT,ROJO,2,,44,MASCULINO,SIN DATOS,0,0,Morelia,Centro,junio,sábado,14,-101.1904631,19.7026851599992
29528,29533,2020,,2020/06/13,19:15:00,COLISIÓN POR CORTE DE CIRCULACIÓN,ASFALTO,Bueno,Bueno,2,DODGE,PLATA,0,MINISTERIO PÚBLICO,,,,0,0,Irimbo,Sin datos,junio,sábado,19,-100.494991324164,19.6918198469505
29529,29534,2020,MOR200461616,2020/06/14,"04:35:00",SUBIDA AL CAMELLÓN,SIN_DATOS,Bueno,Bueno,1,NISSAN,ROJO,0,,,,,0,0,Morelia,Unidos Santa Cruz,junio,domingo,5,-101.216665095,19.7226518849991
29530,29535,2020,,2020/06/14,"05:15:00",SALIDA DE SUPERFICIE DE RODAMIENTO,ASFALTO,Bueno,Bueno,1,MITSUBISHI,BLANCO,0,,,,,0,0,Morelia,Cumbres de Morelia,junio,domingo,5,-101.139895677106,19.6896194784866
29532,29537,2020,,2020/06/14,12:00:00,SALIDA DE SUPERFICIE DE RODAMIENTO,ASFALTO,Bueno,Bueno,1,NISSAN,ROJO,1,,35,MASCULINO,CON CERTIFICADO,0,0,Morelia,Valle de Las Flores,junio,domingo,12,-101.123572066426,19.687963591298
29533,29538,2020,,2020/06/14,14:50:00,COLISIÓN CONTRA OBJETO FIJO,ASFALTO,Bueno,Bueno,1,NISSAN,PLATA,1,,21,MASCULINO,SIN DATOS,0,0,Morelia,Los Angeles,junio,domingo,15,-101.167963479351,19.7444751194994
29534,29539,2020,LEG31244,2020/06/14,14:50:00,COLISIÓN POR CORTE DE CIRCULACIÓN,ASFALTO,Bueno,Bueno,2,TOYOTA,BLANCO Y  GRIS,2,,50,MASCULINO,SIN DATOS,0,0,Morelia,Eduardo Ruiz,junio,domingo,15,-101.224078126252,19.72493007056
29535,29540,2020,LEG31241,2020/06/14,15:20:00,COLISIÓN CONTRA OBJETO FIJO,ASFALTO,Bueno,Bueno,1,CHEVROLET,ROJO,1,,,,SIN DATOS,0,0,Morelia,Francisco J Mujica,junio,domingo,15,-101.191308908165,19.7230225522768
29537,29542,2020,MOR 200 -430 08,2020/06/14,17:00:00,COLISIÓN POR CAMBIO DE CARRIL,CONCRETO,Bueno,Bueno,2,NISSAN,ROJO,2,,60,MASCULINO,SIN DATOS,0,0,Morelia,Paseo de Las Lomas,junio,domingo,17,-101.147673726082,19.6991564514525
29538,29543,2020,,2020/06/14,17:20:00,COLISIÓN CONTRA OBJETO FIJO,CONCRETO,Bueno,Bueno,1,NISSAN,BLANCO,1,,,,SIN DATOS,0,0,Morelia,Arkos San Pedro,junio,domingo,17,-101.279091035422,19.6281849331561
29539,29544,2020,LEG31245,2020/06/14,18:30:00,COLISIÓN POR INVASIÓN DE CARRIL,CONCRETO,Bueno,Bueno,2,NISSAN,NEGRO,2,,46,MASCULINO,SIN DATOS,0,0,Morelia,Prados Verdes,junio,domingo,19,-101.200416013598,19.7190726798793
29540,29545,2020,LEG31246,2020/06/14,19:20:00,COLISIÓN POR CAMBIO DE CARRIL,ASFALTO,Bueno,Bueno,2,NISSAN,BLANCO Y ROSA,2,,49,MASCULINO,SIN DATOS,0,0,Morelia,Prados Verdes,junio,domingo,19,-101.197127625346,19.715997929388
29542,29547,2020,LEG31243,2020/06/14,21:00:00,COLISIÓN CONTRA OBJETO FIJO,ASFALTO,Bueno,Bueno,1,CHEVROLET,AZUL,1,,38,MASCULINO,SIN DATOS,0,0,Morelia,Sin datos,junio,domingo,21,-101.118996518831,19.6558002783949
29543,29548,2020,,2020/06/14,21:15:00,COLISIÓN POR ALCANCE,ASFALTO,Bueno,Bueno,2,HONDA,GRIS,2,,55,MASCULINO,SIN DATOS,0,0,Tuxpan,Tuxpan,junio,domingo,21,-100.463543600653,19.5692622824715
29544,29549,2020,,2020/06/14,22:32:00,COLISIÓN POR CORTE DE CIRCULACIÓN,ASFALTO,Bueno,Bueno,2,HONDA,AZUL,2,MINISTERIO PÚBLICO,44,FEMENINO,SIN DATOS,0,0,Morelia,Centro,junio,domingo,23,-101.19118388321,19.702768457823
29545,29550,2020,,2020/06/14,23:10:00,COLISIÓN POR CORTE DE CIRCULACIÓN,CONCRETO,Bueno,Bueno,2,NISSAN/SENTRA,NEGRO,2,,29,MASCULINO,ALIENTO ETÍLICO,0,0,Morelia,Jardines del Rincon,junio,domingo,23,-101.149142570794,19.6911799851551
29546,29551,2020,"200464277",2020/06/15,"01:45:00",COLISIÓN CONTRA OBJETO FIJO,ASFALTO,Bueno,Bueno,1,ITALIKA,"BLANCO, VERDE Y AZUL",1,,18,MASCULINO,SIN DATOS,0,0,Morelia,Montaña Monarca,junio,lunes,2,-101.161785833538,19.6724410338457
29547,29552,2020,LEG31250,2020/06/15,"05:40:00",COLISIÓN POR ALCANCE,ASFALTO,Bueno,Bueno,2,DODGE,AZUL,2,,,MASCULINO,SIN DATOS,0,0,Morelia,Carlos Salazar,junio,lunes,6,-101.209658559066,19.7124165765648
29548,29553,2020,LEG31252,2020/06/15,"07:00:00",COLISIÓN POR CORTE DE CIRCULACIÓN,ASFALTO,Bueno,Bueno,2,SIN DATOS,SIN DATOS,2,,,,SIN DATOS,0,0,Morelia,Isaac Arriaga,junio,lunes,7,-101.1749427,19.7124616449991
29549,29554,2020,,2020/06/15,"09:10:00",COLISIÓN POR CORTE DE CIRCULACIÓN,CONCRETO,Bueno,Bueno,1,NISSAN/ESTACAS,BLANCO,1,,0,,SIN DATOS,0,0,Morelia,Loma Bonita,junio,lunes,9,-101.19366102,19.6562758149991
29550,29555,2020,,2020/06/15,11:10:00,COLISIÓN POR ALCANCE,ASFALTO,Bueno,Bueno,2,NISSAN,ROJO,2,,26,MASCULINO,SIN DATOS,0,0,Morelia,Centro,junio,lunes,11,-101.18218963,19.7028850649992
29551,29556,2020,,2020/06/15,11:40:00,COLISIÓN POR ALCANCE,ASFALTO,Bueno,Bueno,2,FORD,BLANCO,2,,43,FEMENINO,SIN DATOS,0,0,Morelia,Americas Britania,junio,lunes,12,-101.146,19.6922
29552,29557,2020,,2020/06/15,12:25:00,COLISIÓN POR CORTE DE CIRCULACIÓN,CONCRETO,Bueno,Bueno,2,NISSAN,GRIS,2,,24,FEMENINO,SIN DATOS,0,0,Morelia,Adolfo Lopez Mateos,junio,lunes,12,-101.226139622885,19.6981067844139
29553,29558,2020,,2020/06/15,12:42:00,COLISIÓN POR ALCANCE,ASFALTO,Bueno,Bueno,2,MERCEDEZ BENZ,NEGRO,2,,0,MASCULINO,SIN DATOS,0,0,Morelia,Lomas de Morelia (Dr Ignacio Chavez),junio,lunes,13,-101.175452644618,19.7162004988672
29554,29559,2020,,2020/06/15,13:00:00,COLISIÓN POR ALCANCE,ASFALTO,Bueno,Bueno,3,FORD,ROJO,3,,,MASCULINO,SIN DATOS,0,0,Morelia,Lomas de Morelia (Dr Ignacio Chavez),junio,lunes,13,-101.175452644618,19.7162004988672
29555,29560,2020,,2020/06/15,13:20:00,COLISIÓN POR ALCANCE,ASFALTO,Bueno,Bueno,2,NISSAN,AZUL,2,,39,MASCULINO,SIN DATOS,0,0,Morelia,Poblado de Ocolusen,junio,lunes,13,-101.150127649172,19.6944699261717
29556,29561,2020,,2020/06/15,15:11:00,COLISIÓN POR CAMBIO DE CARRIL,ASFALTO,Bueno,Bueno,2,FORD,BLANCO,2,,33,MASCULINO,CON CERTIFICADO,0,0,Morelia,Nueva Valladolid,junio,lunes,15,-101.211483945359,19.6992598320994
29557,29562,2020,,2020/06/15,15:19:00,COLISIÓN POR ALCANCE,ASFALTO,Bueno,Bueno,2,TOYOTA,BLANCO /ROJO,2,,,MASCULINO,SIN DATOS,0,0,Morelia,Tinijaro,junio,lunes,15,-101.26316,19.6963297049991
29558,29563,2020,,2020/06/15,15:51:00,COLISIÓN CONTRA OBJETO FIJO,ASFALTO,Bueno,Bueno,1,PEUGEOT,NEGRO,1,,32,FEMENINO,SIN DATOS,0,0,Morelia,Los Angeles,junio,lunes,16,-101.167963479351,19.7444751194994
29559,29564,2020,,2020/06/15,16:00:00,COLISIÓN POR CORTE DE CIRCULACIÓN,ASFALTO,Bueno,Bueno,2,FREIGHTLINER,BLANCO,2,,0,MASCULINO,SIN DATOS,0,0,Morelia,Felix Ireta,junio,lunes,16,-101.19214836,19.6911467449992
29560,29565,2020,,2020/06/15,17:15:00,COLISIÓN POR CORTE DE CIRCULACIÓN,ASFALTO,Bueno,Bueno,2,ISUZU,BLANCO,2,,25,MASCULINO,SIN DATOS,0,0,Morelia,Central de Abastos,junio,lunes,17,-101.169164089063,19.7171265444097
29561,29566,2020,,2020/06/15,17:40:00,COLISIÓN POR CORTE DE CIRCULACIÓN,ASFALTO,Bueno,Bueno,2,VOLKSWAGEN,GRIS,3,MINISTERIO PÚBLICO,56,MASCULINO,SIN DATOS,1,0,Zacapu,Anahuac,junio,lunes,18,-101.779464036226,19.8178090921066
29562,29567,2020,MOR200463937,2020/06/15,22:40:00,COLISIÓN POR CORTE DE CIRCULACIÓN,ASFALTO,Bueno,Bueno,2,NISSAN,BLANCO,2,,32,MASCULINO,SIN DATOS,0,0,Morelia,Niño Artillero,junio,lunes,23,-101.256837286055,19.6973370099452
29563,29568,2020,MOR200463900,2020/06/15,23:25:00,SALIDA DE SUPERFICIE DE RODAMIENTO,ASFALTO,Bueno,Bueno,1,VOLKSWAGEN,ROJO,0,,,,,0,0,Tarímbaro,Centro,junio,lunes,23,-101.176869,19.792979
29564,29569,2020,MOR2004568923,2020/06/16,11:55:00,COLISIÓN POR CAMBIO DE CARRIL,ASFALTO,Bueno,Bueno,2,TOYOTA,BLANCO GRIS,2,,23,MASCULINO,SIN DATOS,0,0,Morelia,Dr Miguel Silva,junio,martes,12,-101.187927793444,19.7204887484457
29565,29570,2020,MOR2004552328,2020/06/16,11:55:00,COLISIÓN POR CAMBIO DE CARRIL,ASFALTO,Bueno,Bueno,2,MERCEDES BENZ,VERDE AMARILLO,2,,47,MASCULINO,SIN DATOS,0,0,Morelia,Dr Miguel Silva,junio,martes,12,-101.187927793444,19.7204887484457
29566,29571,2020,,2020/06/16,12:15:00,COLISIÓN POR CAMBIO DE CARRIL,ASFALTO,Bueno,Bueno,2,INTERNATIONAL,BLANCO,2,,62,MASCULINO,SIN DATOS,0,0,Morelia,Barrio Alto,junio,martes,12,-101.196967363358,19.7248852548721
29567,29572,2020,,2020/06/16,12:50:00,COLISIÓN CON PEATÓN,SIN_DATOS,Bueno,Bueno,1,VOLKSWAGEN,BLANCO,1,,30,MASCULINO,SIN DATOS,0,0,Morelia,Del Empleado,junio,martes,13,-101.179677539262,19.6908005493748
29568,29573,2020,,2020/06/16,20:00:00,VOLCADURA,ADOQUIN_EMPEDRADO,Bueno,Bueno,1,FORD,NEGRO,0,MINISTERIO PÚBLICO,,,,0,0,Pátzcuaro,Sin datos,junio,martes,20,-101.632579595529,19.5373683872438
29569,29574,2020,MOR200469770,2020/06/16,21:35:00,COLISIÓN CON PEATÓN,TERRACERIA,Bueno,Bueno,1,CHEVROLET,BLANCO,2,,35,MASCULINO,ALIENTO ETÍLICO,1,0,Morelia,Torreon Nuevo,junio,martes,22,-101.20267092,19.7462801999991
29570,29575,2020,,2020/06/17,"04:50:00",COLISIÓN CONTRA OBJETO FIJO,ASFALTO,Bueno,Bueno,1,LUFK,BLANCO,1,,32,MASCULINO,SIN DATOS,0,0,Morelia,Chapultepec Oriente,junio,miércoles,5,-101.15913378,19.6947918299991
29571,29576,2020,,2020/06/17,10:30:00,VOLCADURA,CONCRETO,Bueno,Bueno,1,FORD,BLANCO,1,,53,MASCULINO,SIN DATOS,0,0,Morelia,Los Angeles,junio,miércoles,11,-101.17187351,19.7461463999991
29572,29577,2020,,2020/06/17,12:50:00,COLISIÓN POR CORTE DE CIRCULACIÓN,ASFALTO,Bueno,Bueno,2,DODGE,BLANCO,2,MINISTERIO PÚBLICO,23,MASCULINO,SIN DATOS,0,0,Morelia,Camelinas,junio,miércoles,13,-101.17262119,19.6818144849991
29573,29578,2020,,2020/06/17,15:00:00,COLISIÓN POR ALCANCE,CONCRETO,Bueno,Regular,3,FORD,AZUL,4,MINISTERIO PÚBLICO,64,,SIN DATOS,1,0,Morelia,Club Campestre,junio,miércoles,15,-101.164410565,19.6818836499991
29574,29579,2020,,2020/06/17,15:50:00,COLISIÓN POR ALCANCE,ASFALTO,Bueno,Regular,3,MERCEDEZ BENZ,ROJO,3,,45,MASCULINO,SIN DATOS,0,0,Morelia,Indeco El Vivero,junio,miércoles,16,-101.23140049,19.6779195699991
29575,29580,2020,,2020/06/17,21:20:00,COLISIÓN POR ALCANCE,ASFALTO,Bueno,Bueno,2,CHEVROLET,PLATA,2,,67,MASCULINO,SIN DATOS,0,0,Morelia,Gertrudis Sanchez,junio,miércoles,21,-101.205776745,19.7441101549991
29576,29581,2020,,2020/06/17,21:50:00,COLISIÓN CON PEATÓN,ASFALTO,Lluvioso,Bueno,3,NISSAN,GRIS,2,,58,FEMENINO,SIN DATOS,0,0,Morelia,Hacienda La Trinidad,junio,miércoles,22,-101.228069627774,19.6733553828378
29577,29582,2020,,2020/06/18,"02:18:00",COLISIÓN POR MANIOBRA DE REVERSA,ASFALTO,Nublado,Regular,2,CHEVROLET,NEGRO,2,,31,MASCULINO,SIN DATOS,0,0,Morelia,Centro,junio,jueves,2,-101.18754847,19.7028479949991
29580,29585,2020,,2020/06/18,13:18:00,VOLCADURA,ASFALTO,Bueno,Regular,1,TOYOTA,GUINDA,3,,75,MASCULINO,SIN DATOS,2,0,Acuitzio,Sin datos,junio,jueves,13,-101.337144,19.467685
29581,29586,2020,,2020/06/18,13:20:00,COLISIÓN POR CAMBIO DE CARRIL,ASFALTO,Bueno,Bueno,2,KURAZAI,NEGRA,2,,22,MASCULINO,SIN DATOS,0,0,Morelia,Carlos Salazar,junio,jueves,13,-101.209658559066,19.7124165765648
29583,29588,2020,,2020/06/18,16:20:00,CAIDA DE MOTOCICLETA,ASFALTO,Bueno,Bueno,1,HONDA,BLANCO,2,,20,MASCULINO,SIN DATOS,1,0,Morelia,Camelinas,junio,jueves,16,-101.17262119,19.6818144849991
29584,29589,2020,MOR200474373,2020/06/18,17:00:00,COLISIÓN CONTRA OBJETO FIJO,CONCRETO,Bueno,Bueno,1,BMW,NEGRO,0,MINISTERIO PÚBLICO,,,,0,0,Morelia,Ana Maria Gallaga (Riviera Norte),junio,jueves,17,-101.22460476,19.6777109999991
29585,29590,2020,MOR200474493,2020/06/18,17:20:00,COLISIÓN POR CORTE DE CIRCULACIÓN,ASFALTO,Bueno,Bueno,2,FORD,ROJO,2,MINISTERIO PÚBLICO,33,FEMENINO,SIN DATOS,0,0,Morelia,Jose Trinidad Guido,junio,jueves,17,-101.187118627131,19.6698323263077