fid,id_accidente,anio_origen,folio_c5i,dia_incidente,hora_ocurrencia,tipo_incidente_vial,superficie_ocurrencia,condiciones_climaticas,condiciones_via,numero_vehiculos_involucrados,marca_vehiculo_ocasiona_siniestro,color_vehiculo_ocasiona_siniestro,numero_personas_involucradas,lugar_remite_presunto_responsable,edad_presunto_responsable,sexo_presunto_responsable,resultados_toxicologia,numero_personas_lesionadas,numero_personas_fallecidas,municipio,colonia,mes,dia_semana,hora_redondeada,lon,lat
29586,29591,2020,,2020/06/18,17:20:00,COLISIÓN POR CAMBIO DE CARRIL,ASFALTO,Bueno,Bueno,2,CHEVROLET,BLANCO,2,,52,MASCULINO,SIN DATOS,0,0,Peribán,Sin datos,junio,jueves,17,-102.443567253649,19.5511467404882
29587,29592,2020,MOR200474796,2020/06/18,20:20:00,SALIDA DE SUPERFICIE DE RODAMIENTO,ASFALTO,Nublado,Regular,1,NISSAN,BLANCO,1,,40,MASCULINO,SIN DATOS,0,0,Tzitzio,Sin datos,junio,jueves,20,-100.93598306179,19.5924001079707
29588,29593,2020,MOR200475334,2020/06/18,21:23:00,COLISIÓN POR CAMBIO DE CARRIL,ASFALTO,Lluvioso,Regular,2,MERCEDES BENZ,BLANCO,2,,18,MASCULINO,SIN DATOS,0,0,Morelia,Vista Bella,junio,jueves,21,-101.196128167212,19.6791597677338
29590,29595,2020,LEG31291,2020/06/18,23:15:00,SALIDA DE SUPERFICIE DE RODAMIENTO,ASFALTO,Nublado,Regular,1,TOYOTA,BLANCO,0,,,,,0,0,Morelia,Insurgentes,junio,jueves,23,-101.155416805,19.6953315299991
29592,29597,2020,,2020/06/19,"09:00:00",COLISIÓN POR ALCANCE,ASFALTO,Bueno,Bueno,2,VOLKSWAGEN,BLANCO,2,,27,MASCULINO,SIN DATOS,0,0,Maravatío,Sin datos,junio,viernes,9,-100.455472022295,19.7941593845433
29593,29598,2020,,2020/06/19,10:30:00,SALIDA DE SUPERFICIE DE RODAMIENTO,ASFALTO,Bueno,Bueno,1,JEEP,GRIS,1,,21,MASCULINO,SIN DATOS,0,0,Peribán,Sin datos,junio,viernes,11,-102.446729913354,19.5545895581161
29596,29601,2020,,2020/06/19,14:45:00,COLISIÓN POR ALCANCE,ASFALTO,Bueno,Bueno,2,CHEVROLET,GRIS,2,,54,MASCULINO,SIN DATOS,0,0,Morelia,Ventura Puente,junio,viernes,15,-101.193225725,19.6917077449992
29597,29602,2020,,2020/06/19,14:50:00,COLISIÓN POR ALCANCE,CONCRETO,Bueno,Bueno,2,NISSAN,BLANCO,2,,,MASCULINO,SIN DATOS,0,0,Morelia,Lomas de San Juan,junio,viernes,15,-101.1807761299,19.7294139423735
29598,29603,2020,,2020/06/19,17:00:00,COLISIÓN POR CORTE DE CIRCULACIÓN,CONCRETO,Bueno,Bueno,2,CHEVROLET,BLANCO,2,,27,FEMENINO,SIN DATOS,0,0,Morelia,Ventura Puente,junio,viernes,17,-101.187886795,19.6936008749991
29599,29604,2020,,2020/06/19,17:15:00,COLISIÓN POR CAMBIO DE CARRIL,ASFALTO,Bueno,Regular,3,CHEVROLET,GRIS,2,MINISTERIO PÚBLICO,,MASCULINO,SIN DATOS,0,1,Acuitzio,Sin datos,junio,viernes,17,-101.343923918903,19.5156622001638
29600,29605,2020,,2020/06/19,19:00:00,COLISIÓN POR ALCANCE,ASFALTO,Bueno,Bueno,2,NISSAN,BLANCO Y ROJO,1,,,MASCULINO,SIN DATOS,0,0,Morelia,Eduardo Ruiz,junio,viernes,19,-101.22322338,19.7220409149991
29601,29606,2020,,2020/06/19,19:40:00,COLISIÓN POR ALCANCE,ASFALTO,Bueno,Bueno,2,CHEVROLET,ROJO,2,,22,MASCULINO,SIN DATOS,0,0,Tarímbaro,Sin datos,junio,viernes,20,-101.144830919802,19.7722187600118
29602,29607,2020,,2020/06/19,21:30:00,COLISIÓN POR CORTE DE CIRCULACIÓN,ASFALTO,Bueno,Bueno,2,NISSAN,BLANCO,2,,22,MASCULINO,SIN DATOS,0,0,Morelia,Puerto de Buenavista,junio,viernes,22,-101.126352197769,19.6849018019943
29603,29608,2020,,2020/06/19,22:10:00,COLISIÓN POR ALCANCE,ASFALTO,Bueno,Bueno,2,CHEVROLET,ROJO,2,,36,MASCULINO,SIN DATOS,0,0,Morelia,Lomas de San Juan,junio,viernes,22,-101.183039681886,19.7298664251429
29604,29609,2020,,2020/06/20,"03:10:00",VOLCADURA,ASFALTO,Lluvioso,Regular,1,NISSAN,BLANCO/ROJO,1,,34,MASCULINO,SIN DATOS,0,0,Peribán,Sin datos,junio,sábado,3,-102.453070289708,19.4604039083512
29607,29612,2020,LEG31310,2020/06/20,"09:45:00",COLISIÓN POR CORTE DE CIRCULACIÓN,ASFALTO,Bueno,Bueno,1,TOYOTA,BLANCO Y NARANJA,1,,27,,SIN DATOS,0,0,Morelia,Lomas de San Juan,junio,sábado,10,-101.183039681886,19.7298664251429
29608,29613,2020,"200478910",2020/06/20,10:15:00,COLISIÓN POR CORTE DE CIRCULACIÓN,ASFALTO,Bueno,Regular,2,BAJAJ,BLANCO,2,,28,MASCULINO,SIN DATOS,0,0,Morelia,Del Empleado,junio,sábado,10,-101.18002517,19.6886070099991
29609,29614,2020,MOR200479037,2020/06/20,11:33:00,COLISIÓN POR CORTE DE CIRCULACIÓN,ASFALTO,Bueno,Regular,2,ITALIKA,NEGRO,2,MINISTERIO PÚBLICO,32,MASCULINO,SIN DATOS,0,0,Tarímbaro,Sin datos,junio,sábado,12,-101.146612241864,19.8547640504382
29610,29615,2020,MOR200479461,2020/06/20,11:40:00,COLISIÓN POR ALCANCE,ASFALTO,Bueno,Bueno,2,CHEVROLET,AZUL,2,,42,MASCULINO,SIN DATOS,0,0,Morelia,Lomas de San Juan,junio,sábado,12,-101.183039681886,19.7298664251429
29612,29617,2020,LEG31318,2020/06/20,13:20:00,COLISIÓN POR CAMBIO DE CARRIL,ASFALTO,Bueno,Bueno,2,DINA,AZUL,2,,34,MASCULINO,SIN DATOS,0,0,Morelia,La Huerta,junio,sábado,13,-101.21544764,19.6706777649991
29613,29618,2020,LEG31327,2020/06/20,14:00:00,COLISIÓN POR ALCANCE,ASFALTO,Bueno,Bueno,3,VOLKSWAGEN,VERDE,3,MINISTERIO PÚBLICO,17,MASCULINO,SIN DATOS,0,0,Morelia,Torreon Nuevo,junio,sábado,14,-101.20358663,19.7462449699991
29614,29619,2020,MOR200479858,2020/06/20,14:40:00,COLISIÓN POR CAMBIO DE CARRIL,ASFALTO,Bueno,Regular,2,FREIGHTLINER,BLANCO,2,,34,MASCULINO,SIN DATOS,0,0,Morelia,Lomas de San Juan,junio,sábado,15,-101.183039681886,19.7298664251429
29615,29620,2020,LEG31319,2020/06/20,14:40:00,COLISIÓN POR CORTE DE CIRCULACIÓN,ASFALTO,Bueno,Bueno,2,ITALIKA,NEGRO,2,,35,MASCULINO,SIN DATOS,0,0,Morelia,Ciudad Industrial,junio,sábado,15,-101.14554366932,19.7284851395985
29616,29621,2020,LEG31321,2020/06/20,14:50:00,COLISIÓN POR CORTE DE CIRCULACIÓN,ASFALTO,Bueno,Bueno,2,NISSAN,NEGRO,2,,41,FEMENINO,SIN DATOS,0,0,Morelia,Benito Juarez,junio,sábado,15,-101.250692026236,19.6858653522379
29617,29622,2020,MOR 200479778,2020/06/20,15:15:00,COLISIÓN CONTRA OBJETO FIJO,ASFALTO,Nublado,Regular,1,CHEVROLET,ROJO,2,,49,MASCULINO,SIN DATOS,1,0,Charo,Sin datos,junio,sábado,15,-100.954374,19.649917
29618,29623,2020,LEG31311,2020/06/20,16:00:00,COLISIÓN POR CORTE DE CIRCULACIÓN,ASFALTO,Bueno,Bueno,2,KIA,NEGRO,2,,,MASCULINO,ALIENTO ETÍLICO,0,0,Morelia,Valle del Real,junio,sábado,16,-101.19511945,19.7403154849992
29619,29624,2020,LEG31320,2020/06/20,16:28:00,COLISIÓN POR CORTE DE CIRCULACIÓN,ASFALTO,Bueno,Bueno,2,NISSAN,BLANCO,2,,30,MASCULINO,SIN DATOS,0,0,Morelia,5 de Mayo,junio,sábado,16,-101.17543291,19.7031789799992
29620,29625,2020,,2020/06/20,23:30:00,COLISIÓN POR CORTE DE CIRCULACIÓN,SIN_DATOS,Bueno,Bueno,2,AUDI,BLANCO,4,MINISTERIO PÚBLICO,27,MASCULINO,SIN DATOS,2,0,Zacapu,Centro,junio,sábado,0,-101.793801205405,19.8116194939285
29621,29626,2020,MOR200-481-271,2020/06/20,23:45:00,COLISIÓN POR CAMBIO DE CARRIL,ASFALTO,Bueno,Regular,2,FREIGHTLINER,ROJO,2,,33,MASCULINO,SIN DATOS,0,0,Morelia,Arboledas de La Huerta,junio,sábado,0,-101.223548145,19.6683762899991
29623,29628,2020,LEG31330,2020/06/21,"00:05:00",SUBIDA AL CAMELLÓN,ASFALTO,Nublado,Bueno,1,TOYOTA,NEGRO,1,,53,MASCULINO,SIN DATOS,0,0,Morelia,Arboledas de La Huerta,junio,domingo,0,-101.224195370583,19.6690973722789
29624,29629,2020,,2020/06/21,"00:30:00",SALIDA DE SUPERFICIE DE RODAMIENTO,ASFALTO,Nublado,Bueno,1,CHEVROLET,AZUL,0,MINISTERIO PÚBLICO,,,,0,0,Coeneo,Sin datos,junio,domingo,1,-101.694352850318,19.8175601972163
29625,29630,2020,MOR200481769,2020/06/21,"04:57:00",COLISIÓN CONTRA OBJETO FIJO,ASFALTO,Bueno,Bueno,1,HONDA,BLANCO,0,,,,,0,0,Morelia,Prados de La Huerta,junio,domingo,5,-101.2212595,19.6666605
29626,29631,2020,MOR200481857,2020/06/21,"07:00:00",VOLCADURA,ASFALTO,Bueno,Bueno,1,VOLKSWAGEN,PLATA,1,,,MASCULINO,SIN DATOS,0,0,Charo,De Santiago,junio,domingo,7,-101.044372,19.745476
29627,29632,2020,LEG31329,2020/06/21,"07:30:00",CAIDA ACUATICA DE VEHÍCULO,ASFALTO,Bueno,Bueno,1,MAZDA,ARENA,1,,0,MASCULINO,SIN DATOS,0,0,Morelia,Poblado de Ocolusen,junio,domingo,8,-101.155088675,19.6951327349991
29629,29634,2020,MOR20049576,2020/06/21,"09:46:00",COLISIÓN POR CORTE DE CIRCULACIÓN,SIN_DATOS,Bueno,Bueno,1,NISSAN,BLANCO,1,,49,MASCULINO,SIN DATOS,0,0,Morelia,Centro,junio,domingo,10,-101.182661801577,19.7035279163076
29630,29635,2020,,2020/06/21,10:50:00,COLISIÓN POR CORTE DE CIRCULACIÓN,ASFALTO,Bueno,Bueno,2,SUZUKI ERTIGA,BLANCO,2,,59,MASCULINO,SIN DATOS,0,0,Morelia,Ciudad Jardin,junio,domingo,11,-101.259657818063,19.7108161331312
29631,29636,2020,,2020/06/21,12:30:00,COLISIÓN POR MANIOBRA DE REVERSA,ASFALTO,Bueno,Bueno,2,NISSAN/DATSUN,AZUL,2,,42,MASCULINO,SIN DATOS,0,0,Morelia,Fracc Heroes Republicanos,junio,domingo,13,-101.277391206149,19.6921874572539
29632,29637,2020,,2020/06/21,17:25:00,COLISIÓN POR CORTE DE CIRCULACIÓN,ASFALTO,Bueno,Bueno,2,NISSAN,ROJO,2,,,,SIN DATOS,0,0,Los Reyes,La Paz,junio,domingo,17,-102.475658177661,19.5958840533795
29633,29638,2020,,2020/06/21,18:40:00,COLISIÓN POR CORTE DE CIRCULACIÓN,ASFALTO,Bueno,Bueno,2,FORD,AZUL,4,,,,SIN DATOS,2,0,Peribán,Sin datos,junio,domingo,19,-102.444799027659,19.5524948728357
29634,29639,2020,,2020/06/21,18:55:00,COLISIÓN POR CORTE DE CIRCULACIÓN,CONCRETO,Bueno,Bueno,2,CHEVROLET,BLANCO,2,,39,MASCULINO,SIN DATOS,0,0,Morelia,Centro,junio,domingo,19,-101.184257485839,19.7041707873842
29635,29640,2020,,2020/06/21,21:46:00,COLISIÓN POR CORTE DE CIRCULACIÓN,ASFALTO,Bueno,Bueno,2,VOLKSWAGEN,VERDE,2,MINISTERIO PÚBLICO,21,MASCULINO,SIN DATOS,0,0,Morelia,Ciudad Industrial,junio,domingo,22,-101.141558320008,19.7258563638297
29636,29641,2020,,2020/06/21,22:10:00,COLISIÓN CONTRA OBJETO FIJO,ASFALTO,Bueno,Bueno,1,RENAULT,GRIS,1,,34,MASCULINO,SIN DATOS,0,0,Morelia,Justo Mendoza,junio,domingo,22,-101.231069219935,19.7146954144531
29637,29642,2020,,2020/06/21,22:20:00,SALIDA DE SUPERFICIE DE RODAMIENTO,ASFALTO,Bueno,Bueno,1,TOYOTA,BLANCO,1,,43,MASCULINO,SIN DATOS,0,0,Uruapan,Sin datos,junio,domingo,22,-102.18726544895,19.5255174464949
29639,29644,2020,,2020/06/21,23:30:00,COLISIÓN POR CAMBIO DE CARRIL,ASFALTO,Bueno,Bueno,2,VOLKSWAGEN,NEGRO,2,,35,MASCULINO,SIN DATOS,0,0,Morelia,Villas del Pedregal,junio,domingo,0,-101.302209,19.685042
29640,29645,2020,,2020/06/22,"00:20:00",COLISIÓN CONTRA OBJETO FIJO,CONCRETO,Bueno,Bueno,2,DODGE,VERDE,2,,39,MASCULINO,SIN DATOS,0,0,Morelia,Prados Verdes,junio,lunes,0,-101.201500967145,19.7145532967206
29641,29646,2020,,2020/06/22,"04:33:00",VOLCADURA,ASFALTO,Bueno,Bueno,1,DODGE,GRIS,1,MINISTERIO PÚBLICO,30,MASCULINO,SIN DATOS,0,0,Zitácuaro,Sin datos,junio,lunes,5,-100.281899540938,19.4524529462794
29642,29647,2020,,2020/06/22,"05:45:00",COLISIÓN POR ALCANCE,ASFALTO,Lluvioso,Bueno,2,VOLKSWAGEN,AZUL,2,MINISTERIO PÚBLICO,,,,2,0,Morelia,Elias Perez Avalos,junio,lunes,6,-101.167813022979,19.7136335493406
29643,29648,2020,,2020/06/22,"06:00:00",SALIDA DE SUPERFICIE DE RODAMIENTO,ASFALTO,Bueno,Regular,1,JEEP,GRIS,1,MINISTERIO PÚBLICO,,,SIN DATOS,0,0,Tzitzio,Tzitzio,junio,lunes,6,-100.923574157059,19.5841030581707
29644,29649,2020,LEG31359,2020/06/22,"08:15:00",COLISIÓN POR INVASIÓN DE CARRIL,ASFALTO,Nublado,Regular,2,NISSAN,BLANCO,2,,44,MASCULINO,SIN DATOS,0,0,Morelia,Sin datos,junio,lunes,8,-101.114524944938,19.7368086250251
29645,29650,2020,,2020/06/22,"08:30:00",COLISIÓN CONTRA OBJETO FIJO,ASFALTO,Lluvioso,Regular,1,CHEVROLET,ROJO,1,,,MASCULINO,SIN DATOS,0,0,Morelia,Sin datos,junio,lunes,9,-101.124341525137,19.7176574274492
29646,29651,2020,"200484400",2020/06/22,"09:30:00",COLISIÓN CONTRA OBJETO FIJO,ASFALTO,Lluvioso,Regular,1,CHEVROLET,NEGRO,1,,23,MASCULINO,SIN DATOS,0,0,Morelia,Nueva Jacarndas,junio,lunes,10,-101.192010336302,19.6822614281696
29647,29652,2020,,2020/06/22,10:00:00,COLISIÓN POR INVASIÓN DE CARRIL,CONCRETO,Lluvioso,Bueno,2,Nissan,Verde,2,,35,,SIN DATOS,0,0,Morelia,Fuentes de Morelia,junio,lunes,10,-101.203731223941,19.670694878042
29648,29653,2020,LEG31360,2020/06/22,11:15:00,COLISIÓN CONTRA OBJETO FIJO,ASFALTO,Nublado,Regular,1,FORD,AZUL,1,,52,MASCULINO,SIN DATOS,0,0,Morelia,Bosques Tres Marias,junio,lunes,11,-101.102,19.7232
29649,29654,2020,MOR200484587,2020/06/22,11:40:00,COLISIÓN CONTRA OBJETO FIJO,ASFALTO,Nublado,Regular,1,RENAULT,VERDE,1,,37,MASCULINO,SIN DATOS,0,0,Tzitzio,Tzitzio,junio,lunes,12,-100.922709,19.584913
29650,29655,2020,,2020/06/22,12:00:00,COLISIÓN POR ALCANCE,ASFALTO,Lluvioso,Bueno,4,Toyota,Blanco,4,,30,,SIN DATOS,0,0,Morelia,Santa Maria,junio,lunes,12,-101.201895891942,19.6778275635412
29651,29656,2020,LEG31362,2020/06/22,13:25:00,COLISIÓN POR CORTE DE CIRCULACIÓN,ASFALTO,Bueno,Bueno,2,MERCEDES BENZ,BLANCO Y NEGRO,2,,29,MASCULINO,SIN DATOS,0,0,Morelia,Comision Federal de Electricidad,junio,lunes,13,-101.181304370054,19.681701101233
29652,29657,2020,LEG31363,2020/06/22,13:40:00,COLISIÓN POR CORTE DE CIRCULACIÓN,ASFALTO,Bueno,Bueno,2,JEEP,NEGRO,2,,0,,SIN DATOS,0,0,Morelia,Sin datos,junio,lunes,14,-101.271984916253,19.6449319515432
29653,29658,2020,,2020/06/22,14:13:00,COLISIÓN POR CORTE DE CIRCULACIÓN,ASFALTO,Nublado,Bueno,2,NISSAN,PLATA,2,MINISTERIO PÚBLICO,,,SIN DATOS,0,0,Salvador Escalante,Sin datos,junio,lunes,14,-101.573083139956,19.4058734256649
29654,29659,2020,LEG31364,2020/06/22,14:15:00,COLISIÓN POR CORTE DE CIRCULACIÓN,ASFALTO,Bueno,Bueno,2,JEEP,ROJO,2,,66,FEMENINO,SIN DATOS,0,0,Morelia,Prados Verdes,junio,lunes,14,-101.19721026,19.7150711099991
29655,29660,2020,LEG31365,2020/06/22,17:48:00,COLISIÓN POR CORTE DE CIRCULACIÓN,ASFALTO,Bueno,Bueno,2,NISSAN,GUINDA,2,,47,MASCULINO,SIN DATOS,0,0,Morelia,Nueva Chapultepec,junio,lunes,18,-101.16916257,19.6880920949992
29656,29661,2020,MOR200486392,2020/06/22,19:15:00,COLISIÓN POR ALCANCE,ASFALTO,Bueno,Bueno,2,FORD,NEGRO,2,MINISTERIO PÚBLICO,45,FEMENINO,SIN DATOS,0,0,Morelia,Sin datos,junio,lunes,19,-101.28401979804,19.6903930466287
29658,29663,2020,,2020/06/23,"00:00:00",COLISIÓN POR MANIOBRA DE REVERSA,CONCRETO,Bueno,Bueno,2,NISSAN,BLANCO,2,,21,MASCULINO,SIN DATOS,0,0,Morelia,Torrecillas,junio,martes,0,-101.182139106095,19.6699557409744
29659,29664,2020,,2020/06/23,"09:09:00",COLISIÓN POR ALCANCE,ASFALTO,Bueno,Bueno,2,Nissan,Blanco,2,,46,FEMENINO,SIN DATOS,0,0,Morelia,Sentimientos de La Nacion,junio,martes,9,-101.236870617342,19.6848045870698
29660,29665,2020,,2020/06/23,10:40:00,COLISIÓN POR CORTE DE CIRCULACIÓN,CONCRETO,Bueno,Bueno,2,TOYOTA,BLANCO / MORADO,2,,26,MASCULINO,SIN DATOS,0,0,Morelia,Las Flores,junio,martes,11,-101.20587028563,19.7026169604025
29661,29666,2020,LEG31358,2020/06/23,10:45:00,COLISIÓN CONTRA OBJETO FIJO,ASFALTO,Bueno,Bueno,1,VOLKSWAGEN,BLANCO,1,,38,FEMENINO,SIN DATOS,0,0,Morelia,La Luz,junio,martes,11,-101.299781098284,19.687337603905
29662,29667,2020,,2020/06/23,12:20:00,COLISIÓN POR ALCANCE,ASFALTO,Nublado,Regular,2,KIA,NARANJA,2,,28,FEMENINO,SIN DATOS,0,0,Morelia,Alberto Oviedo Mota,junio,martes,12,-101.200477704406,19.6778180352505
29663,29668,2020,,2020/06/23,12:36:00,COLISIÓN POR ALCANCE,CONCRETO,Bueno,Bueno,2,VENTO,NEGRO,2,,26,MASCULINO,SIN DATOS,0,0,Morelia,Loma Bonita,junio,martes,13,-101.196618645705,19.7232220158766
29664,29669,2020,,2020/06/23,15:10:00,COLISIÓN POR CORTE DE CIRCULACIÓN,ASFALTO,Bueno,Bueno,3,NISSAN VERSA,BLANCO,3,,28,MASCULINO,SIN DATOS,0,0,Morelia,Insurgentes,junio,martes,15,-101.152526512742,19.6984462564845
29665,29670,2020,,2020/06/23,15:45:00,COLISIÓN POR ALCANCE,ASFALTO,Bueno,Bueno,5,DODGE,VERDE,5,,45,MASCULINO,SIN DATOS,0,0,Peribán,Sin datos,junio,martes,16,-102.447249256074,19.5551376816192
29666,29671,2020,,2020/06/23,16:20:00,COLISIÓN POR INVASIÓN DE CARRIL,ASFALTO,Bueno,Bueno,2,VOLKSWAGEN,GRIS,1,MINISTERIO PÚBLICO,0,,SIN DATOS,0,0,Maravatío,Sin datos,junio,martes,16,-100.454748161137,19.8394911582456
29667,29672,2020,,2020/06/23,17:45:00,COLISIÓN CONTRA OBJETO FIJO,ASFALTO,Lluvioso,Bueno,1,Chevrolet,Blanco,1,,28,,SIN DATOS,0,0,Morelia,El Lago 1,junio,martes,18,-101.214558295906,19.7269978619204
29668,29673,2020,,2020/06/23,18:00:00,COLISIÓN POR ALCANCE,ASFALTO,Lluvioso,Bueno,2,Nissan,Blanco y naranja,2,,30,,SIN DATOS,0,0,Morelia,El Lago 1,junio,martes,18,-101.214493892409,19.726990316219
29669,29674,2020,MOR200486114,2020/06/23,19:10:00,COLISIÓN POR ALCANCE,ASFALTO,Bueno,Bueno,2,CHEVROLET,PLATA,0,,,,,0,0,Morelia,La Luz,junio,martes,19,-101.299781159245,19.6873379195826
29670,29675,2020,,2020/06/23,19:10:00,COLISIÓN POR CORTE DE CIRCULACIÓN,ASFALTO,Lluvioso,Regular,2,VOLKSWAGEN,ARENA,2,,0,MASCULINO,SIN DATOS,0,0,Morelia,Felicitas del Rio,junio,martes,19,-101.200257123757,19.6935246012511
29672,29677,2020,,2020/06/23,20:45:00,COLISIÓN POR CORTE DE CIRCULACIÓN,CONCRETO,Bueno,Regular,1,ITALIKA,GRIS,1,,17,MASCULINO,SIN DATOS,0,0,Morelia,Isaac Arriaga,junio,martes,21,-101.174667135,19.7107341549992
29673,29678,2020,,2020/06/23,21:20:00,COLISIÓN POR ALCANCE,ASFALTO,Lluvioso,Malo,2,TOYOTA,BLANCO Y GRIS,2,,,MASCULINO,SIN DATOS,0,0,Morelia,Josefa Ortiz de Dominguez,junio,martes,21,-101.209465756344,19.6720830217948
29674,29679,2020,,2020/06/23,21:30:00,COLISIÓN POR CAMBIO DE CARRIL,ASFALTO,Nublado,Bueno,2,Nissan,Gris,2,,49,MASCULINO,SIN DATOS,0,0,Morelia,Felix Ireta,junio,martes,22,-101.180548525668,19.6880415633334
29675,29680,2020,,2020/06/23,21:40:00,COLISIÓN POR CORTE DE CIRCULACIÓN,ASFALTO,Lluvioso,Regular,2,BAJAJ,NEGRO,2,,28,,SIN DATOS,0,0,Morelia,Isaac Arriaga,junio,martes,22,-101.174273497678,19.7064532646401
29676,29681,2020,,2020/06/24,"00:00:00",COLISIÓN POR ALCANCE,ASFALTO,Nublado,Regular,2,FORD,BLANCO/AZUL,1,,56,MASCULINO,SIN DATOS,0,0,Maravatío,Sin datos,junio,miércoles,0,-100.452086769723,19.8205573188393
29677,29682,2020,,2020/06/24,"00:35:00",COLISIÓN POR CORTE DE CIRCULACIÓN,CONCRETO,Nublado,Bueno,2,VOLKSWAGEN/ SEAT IBIZA,ROJO,2,,48,MASCULINO,SIN DATOS,0,0,Morelia,Balcones de Santa Maria,junio,miércoles,1,-101.18481259793,19.6757372672209
29678,29683,2020,LEG31395,2020/06/24,"08:00:00",COLISIÓN CONTRA OBJETO FIJO,ASFALTO,Bueno,Bueno,1,CHEVROLET,ROJO,1,,,FEMENINO,SIN DATOS,0,0,Morelia,Union Antorchista,junio,miércoles,8,-101.26917139374,19.6988849885572
29679,29684,2020,"200490752",2020/06/24,"08:20:00",COLISIÓN POR ALCANCE,ASFALTO,Bueno,Bueno,2,SEAT,AMARILLO,2,,34,FEMENINO,SIN DATOS,0,0,Morelia,Centro,junio,miércoles,8,-101.190492266961,19.7029239702878
29680,29685,2020,MOR200489257,2020/06/24,10:02:00,COLISIÓN POR INVASIÓN DE CARRIL,ASFALTO,Bueno,Bueno,2,VOLKSWAGEN,BLANCO,2,,50,MASCULINO,SIN DATOS,0,0,Morelia,Tres Puentes,junio,miércoles,10,-101.213738881052,19.7026687265735
29681,29686,2020,MOR200490198,2020/06/24,12:37:00,COLISIÓN POR CAMBIO DE CARRIL,ASFALTO,Bueno,Bueno,2,TOYOTA,PLATA,2,,32,MASCULINO,SIN DATOS,0,0,Morelia,Centro,junio,miércoles,13,-101.184285543859,19.7029379161301
29682,29687,2020,LEG31390,2020/06/24,12:50:00,COLISIÓN POR CORTE DE CIRCULACIÓN,CONCRETO,Bueno,Bueno,2,DODGE,BLANCO,2,MINISTERIO PÚBLICO,26,MASCULINO,SIN DATOS,0,0,Morelia,Adolfo Lopez Mateos,junio,miércoles,13,-101.22559659183,19.6945579054151
29683,29688,2020,MOR200490752,2020/06/24,15:03:00,COLISIÓN POR CORTE DE CIRCULACIÓN,ASFALTO,Bueno,Bueno,2,KIA,NEGRO,2,,62,FEMENINO,SIN DATOS,0,0,Morelia,Campestre Los Manantiales,junio,miércoles,15,-101.239648654379,19.6909839539699
29684,29689,2020,,2020/06/24,16:40:00,VOLCADURA,ASFALTO,Lluvioso,Regular,1,DINA,ROJO,1,,26,MASCULINO,SIN DATOS,0,0,Peribán,Sin datos,junio,miércoles,17,-102.445673427798,19.5534515439369
29685,29690,2020,LEG31392,2020/06/24,17:50:00,COLISIÓN POR CORTE DE CIRCULACIÓN,ASFALTO,Bueno,Bueno,2,NISSAN,ROJO,2,,29,MASCULINO,SIN DATOS,0,0,Morelia,Sin datos,junio,miércoles,18,-101.398480385542,19.6639624714832
29686,29691,2020,LEG31389,2020/06/24,18:20:00,COLISIÓN CONTRA OBJETO FIJO,CONCRETO,Bueno,Bueno,1,FORD,NEGRO,1,,0,,SIN DATOS,0,0,Morelia,Central de Abastos,junio,miércoles,18,-101.170847341418,19.7160922713637
29687,29692,2020,LEG31393,2020/06/24,19:25:00,COLISIÓN POR CORTE DE CIRCULACIÓN,CONCRETO,Nublado,Regular,1,CHEVROLET,BLANCO,1,,46,MASCULINO,SIN DATOS,0,0,Morelia,Adolfo Lopez Mateos,junio,miércoles,19,-101.228598959066,19.6985592324749
29688,29693,2020,LEG31394,2020/06/24,19:30:00,COLISIÓN POR ALCANCE,ASFALTO,Nublado,Regular,2,TOYOTA,BLANCO Y  GRIS,2,,51,MASCULINO,SIN DATOS,0,0,Morelia,Los Manantiales de Morelia,junio,miércoles,20,-101.240233406425,19.6927380672679
29689,29694,2020,,2020/06/25,"09:23:00",COLISIÓN POR CORTE DE CIRCULACIÓN,ASFALTO,Bueno,Bueno,2,TOYOTA,BLANCO Y NARANJA,2,,49,MASCULINO,SIN DATOS,0,0,Morelia,Ampliacion La Soledad,junio,jueves,9,-101.182944408871,19.7339497608961
29690,29695,2020,,2020/06/25,10:30:00,COLISIÓN POR CORTE DE CIRCULACIÓN,ASFALTO,Bueno,Bueno,2,CHEVROLET,GUINDA,2,,28,FEMENINO,SIN DATOS,0,0,Morelia,Ciudad Industrial,junio,jueves,11,-101.129936037839,19.7342075815145
29691,29696,2020,,2020/06/25,12:00:00,COLISIÓN POR ALCANCE,CONCRETO,Bueno,Bueno,2,HONDA CRV,NEGRO,2,,69,MASCULINO,SIN DATOS,0,0,Morelia,Las Flores,junio,jueves,12,-101.206885407831,19.7024943844258
29692,29697,2020,,2020/06/25,13:35:00,COLISIÓN POR CORTE DE CIRCULACIÓN,CONCRETO,Bueno,Bueno,2,CHEVROLET,BLANCO,2,,25,MASCULINO,SIN DATOS,0,0,Morelia,Congreso Constituyente de Michoacan,junio,jueves,14,-101.170723319732,19.7205532227913
29693,29698,2020,,2020/06/25,15:00:00,COLISIÓN POR CAMBIO DE CARRIL,ASFALTO,Bueno,Bueno,2,NAVISTAR,AMARILLO/ROJO,2,,27,MASCULINO,SIN DATOS,0,0,Morelia,Nueva Valladolid,junio,jueves,15,-101.208862960339,19.7021850967359
29694,29699,2020,MOR2000123789,2020/06/25,15:30:00,COLISIÓN POR ALCANCE,ASFALTO,Nublado,Bueno,2,NISSAN,BLANCO Y ROJO,2,,56,MASCULINO,SIN DATOS,0,0,Morelia,Cosmos,junio,jueves,16,-101.216467022896,19.6834119904043