fid,id_accidente,anio_origen,folio_c5i,dia_incidente,hora_ocurrencia,tipo_incidente_vial,superficie_ocurrencia,condiciones_climaticas,condiciones_via,numero_vehiculos_involucrados,marca_vehiculo_ocasiona_siniestro,color_vehiculo_ocasiona_siniestro,numero_personas_involucradas,lugar_remite_presunto_responsable,edad_presunto_responsable,sexo_presunto_responsable,resultados_toxicologia,numero_personas_lesionadas,numero_personas_fallecidas,municipio,colonia,mes,dia_semana,hora_redondeada,lon,lat
29695,29700,2020,,2020/06/25,16:45:00,COLISIÓN POR MANIOBRA DE REVERSA,CONCRETO,Bueno,Regular,2,RENAULT,GRIS,2,MINISTERIO PÚBLICO,35,FEMENINO,SIN DATOS,0,0,Morelia,Felix Ireta,junio,jueves,17,-101.191981674002,19.6891249262144
29696,29701,2020,,2020/06/25,17:08:00,COLISIÓN POR CORTE DE CIRCULACIÓN,ASFALTO,Bueno,Bueno,2,FREIGHTLINER,AMARILLO,2,,25,MASCULINO,SIN DATOS,0,0,Morelia,Joaquin Amaro,junio,jueves,17,-101.170721,19.7203345
29697,29702,2020,,2020/06/25,19:22:00,COLISIÓN POR ALCANCE,CONCRETO,Bueno,Regular,2,SUZUKI,AZUL,2,,20,MASCULINO,SIN DATOS,0,0,Morelia,Ejido La Huerta,junio,jueves,19,-101.211092912329,19.6689795570676
29698,29703,2020,,2020/06/25,20:56:00,COLISIÓN POR MANIOBRA DE REVERSA,ASFALTO,Nublado,Bueno,2,NISSAN,BLANCO,2,,52,,SIN DATOS,0,0,Morelia,Infonavit Colonial Universidad,junio,jueves,21,-101.204654208638,19.6862352540448
29699,29704,2020,MOR200236547,2020/06/26,"00:00:00",COLISIÓN POR CAMBIO DE CARRIL,ASFALTO,Bueno,Bueno,2,CHEVROLET,BLANCO,1,,0,MASCULINO,SIN DATOS,0,0,Morelia,San Pascual,junio,viernes,0,-101.267357580364,19.6953555846561
29700,29705,2020,,2020/06/26,"00:01:00",COLISIÓN CONTRA OBJETO FIJO,CONCRETO,Bueno,Bueno,1,VOLKSWAGEN,BLANCO,1,,21,MASCULINO,CON CERTIFICADO,0,0,Morelia,Loreto,junio,viernes,0,-101.239608421243,19.67384466068
29701,29706,2020,MOR200494645,2020/06/26,"08:15:00",COLISIÓN POR CORTE DE CIRCULACIÓN,ASFALTO,Bueno,Regular,1,CHEVROLET,BLANCO,1,,41,MASCULINO,SIN DATOS,0,0,Morelia,El Lago 3,junio,viernes,8,-101.219267218627,19.7271597929653
29702,29707,2020,,2020/06/26,"08:40:00",COLISIÓN POR CORTE DE CIRCULACIÓN,SIN_DATOS,Bueno,Bueno,2,CHEVROLET,BLANCO,2,,22,MASCULINO,SIN DATOS,0,0,Morelia,San Pascual,junio,viernes,9,-101.267319023609,19.695237211453
29703,29708,2020,"200494658",2020/06/26,"08:45:00",COLISIÓN POR CORTE DE CIRCULACIÓN,ASFALTO,Bueno,Regular,2,DODGE,NEGRO,2,,38,MASCULINO,SIN DATOS,0,0,Morelia,La Esperanza,junio,viernes,9,-101.153879717681,19.699389719782
29704,29709,2020,LEG31415,2020/06/26,"09:20:00",COLISIÓN POR CORTE DE CIRCULACIÓN,CONCRETO,Nublado,Regular,1,VOLKSWAGEN,BLANCO,1,,0,,SIN DATOS,0,0,Morelia,Felix Ireta,junio,viernes,9,-101.190803019445,19.6877753656709
29705,29710,2020,MOR200494831,2020/06/26,"09:40:00",COLISIÓN POR CORTE DE CIRCULACIÓN,ASFALTO,Nublado,Bueno,2,FORD,BLANCO Y MORADO,2,,45,MASCULINO,SIN DATOS,0,0,Morelia,Nueva Valladolid,junio,viernes,10,-101.209255507722,19.7021557701387
29706,29711,2020,LEG31424,2020/06/26,11:30:00,COLISIÓN POR CORTE DE CIRCULACIÓN,ASFALTO,Bueno,Bueno,2,NISSAN,BLANCO CON GRIS,2,,0,MASCULINO,SIN DATOS,0,0,Morelia,Arboledas de Valladolid,junio,viernes,12,-101.250225305557,19.6977814268845
29707,29712,2020,,2020/06/26,13:25:00,COLISIÓN POR ALCANCE,CONCRETO,Bueno,Bueno,2,BAJAJ,Negro,2,,22,,SIN DATOS,0,0,Morelia,Industrial,junio,viernes,13,-101.197902052238,19.7068993492257
29708,29713,2020,MOR200495786,2020/06/26,14:42:00,COLISIÓN POR ALCANCE,ASFALTO,Bueno,Bueno,2,INTERNATIONAL,BLANCO/AZUL,2,,28,MASCULINO,SIN DATOS,0,0,Morelia,Centro,junio,viernes,15,-101.192606426775,19.6960466241479
29709,29714,2020,MOR200595999,2020/06/26,15:15:00,COLISIÓN POR CORTE DE CIRCULACIÓN,ASFALTO,Bueno,Bueno,2,NISSAN,GRIS,2,,42,MASCULINO,SIN DATOS,0,0,Morelia,El Realito,junio,viernes,15,-101.205196380615,19.7258348742301
29710,29715,2020,LEG31416,2020/06/26,18:24:00,COLISIÓN POR CORTE DE CIRCULACIÓN,ASFALTO,Nublado,Regular,2,CHEVROLET,AZUL,2,,49,MASCULINO,SIN DATOS,0,0,Morelia,Mariano Michelena,junio,viernes,18,-101.229873374104,19.6768883068621
29711,29716,2020,LEG31417,2020/06/26,18:40:00,COLISIÓN POR CORTE DE CIRCULACIÓN,ASFALTO,Bueno,Regular,2,VOLKSWAGEN,NEGRO,2,,18,MASCULINO,SIN DATOS,0,0,Morelia,Nueva Valladolid,junio,viernes,19,-101.21075257659,19.6951552254064
29712,29717,2020,MOR200496726,2020/06/26,19:00:00,COLISIÓN POR CORTE DE CIRCULACIÓN,ASFALTO,Bueno,Bueno,2,NISSAN,GRIS,2,,61,MASCULINO,SIN DATOS,0,0,Morelia,Victor Manuel Tinoco Rubi,junio,viernes,19,-101.243180117833,19.7005967466705
29713,29718,2020,MOR200497166,2020/06/26,21:10:00,COLISIÓN POR CORTE DE CIRCULACIÓN,ASFALTO,Nublado,Regular,1,FORD,ROJO,1,,26,MASCULINO,SIN DATOS,0,0,Morelia,Sin datos,junio,viernes,21,-101.354728496897,19.6784535594022
29714,29719,2020,MOR200497058,2020/06/26,21:15:00,COLISIÓN POR CORTE DE CIRCULACIÓN,ASFALTO,Nublado,Bueno,2,FORD,GRIS,2,,44,MASCULINO,SIN DATOS,0,0,Tarímbaro,Sin datos,junio,viernes,21,-101.135702691972,19.775049776432
29715,29720,2020,LEG31425,2020/06/26,22:15:00,SUBIDA AL CAMELLÓN,ASFALTO,Bueno,Regular,1,NISSAN,GRIS,1,,28,MASCULINO,SIN DATOS,0,0,Morelia,Nicolaitas Ilustres,junio,viernes,22,-101.225995570421,19.7227586757818
29716,29721,2020,MOR200497335,2020/06/27,"00:30:00",COLISIÓN CONTRA OBJETO FIJO,ASFALTO,Bueno,Bueno,1,BMW,BLANCO,1,,0,MASCULINO,SIN DATOS,0,0,Morelia,Montaña Monarca,junio,sábado,1,-101.160621754825,19.6715538662341
29717,29722,2020,MOR200497526,2020/06/27,"02:53:00",COLISIÓN CONTRA OBJETO FIJO,ASFALTO,Bueno,Bueno,2,NISSAN,BLANCO,1,MINISTERIO PÚBLICO,25,MASCULINO,SIN DATOS,0,0,Morelia,Ana Maria Gallaga (Riviera Norte),junio,sábado,3,-101.222291775048,19.6767194082566
29718,29723,2020,,2020/06/27,"09:00:00",COLISIÓN POR ALCANCE,ASFALTO,Bueno,Bueno,2,CBEVROLET,BLANCO,2,,27,MASCULINO,SIN DATOS,0,0,Morelia,San Pascual,junio,sábado,9,-101.268627911128,19.6948202501163
29719,29724,2020,,2020/06/27,12:30:00,COLISIÓN POR CAMBIO DE CARRIL,ASFALTO,Bueno,Bueno,2,BAJAJA PULSAR,NEGRA,2,,20,MASCULINO,SIN DATOS,0,0,Morelia,Felix Arreguin,junio,sábado,13,-101.227248832583,19.7203739263525
29720,29725,2020,,2020/06/27,13:30:00,COLISIÓN CONTRA OBJETO FIJO,ASFALTO,Bueno,Bueno,1,FORD,NEGRO,1,,47,,ALIENTO ETÍLICO,0,0,Morelia,Camponubes,junio,sábado,14,-101.290570215623,19.6985548319653
29721,29726,2020,,2020/06/27,14:50:00,COLISIÓN POR CORTE DE CIRCULACIÓN,ASFALTO,Bueno,Bueno,2,NISSAN,ROJO,2,MINISTERIO PÚBLICO,51,,SIN DATOS,0,0,Morelia,Morelos,junio,sábado,15,-101.209174066104,19.6981479329084
29722,29727,2020,,2020/06/27,15:20:00,COLISIÓN POR ALCANCE,ASFALTO,Bueno,Bueno,2,DODGE/DURANGO,BLANCO,2,,38,FEMENINO,SIN DATOS,0,0,Morelia,Lazaro Cardenas,junio,sábado,15,-101.163662008263,19.7077821029576
29724,29729,2020,,2020/06/27,16:50:00,COLISIÓN POR ALCANCE,ASFALTO,Bueno,Bueno,3,NISSAN/TIIDA,BLANCO/ROJO,3,,43,MASCULINO,SIN DATOS,0,0,Tarímbaro,Sin datos,junio,sábado,17,-101.145092435181,19.7721373871133
29725,29730,2020,,2020/06/27,19:20:00,COLISIÓN POR CORTE DE CIRCULACIÓN,ASFALTO,Bueno,Regular,1,VW,Gris,1,,44,MASCULINO,SIN DATOS,0,0,Morelia,Tinijaro,junio,sábado,19,-101.261843598711,19.6966491613139
29726,29731,2020,,2020/06/27,21:40:00,COLISIÓN POR CAMBIO DE CARRIL,ASFALTO,Bueno,Bueno,2,CADILLAC,ROJO,2,,51,MASCULINO,SIN DATOS,0,0,Tangamandapio,Sin datos,junio,sábado,22,-102.403117499567,19.9553839829666
29727,29732,2020,MOR20057869,2020/06/27,21:50:00,COLISIÓN CONTRA OBJETO FIJO,ASFALTO,Bueno,Bueno,1,TOYOTA,CREMA,1,,56,,SIN DATOS,0,0,Morelia,De Dolores,junio,sábado,22,-101.377290568568,19.67231572684
29728,29733,2020,,2020/06/27,22:50:00,COLISIÓN CONTRA OBJETO FIJO,SIN_DATOS,Bueno,Bueno,1,VOLKSWAGEN,BLANCO,1,MINISTERIO PÚBLICO,28,MASCULINO,SIN DATOS,0,0,Morelia,Centro,junio,sábado,23,-101.193356774747,19.7029918630282
29729,29734,2020,,2020/06/28,"04:40:00",COLISIÓN CONTRA OBJETO FIJO,ADOQUIN_EMPEDRADO,Bueno,Bueno,1,FORD,VERDE,0,MINISTERIO PÚBLICO,,,,0,0,Pátzcuaro,El Calvario,junio,domingo,5,-101.618767529726,19.5136681071177
29730,29735,2020,,2020/06/28,"08:30:00",COLISIÓN POR CORTE DE CIRCULACIÓN,ASFALTO,Bueno,Bueno,2,ITALIKA/RT200,NEGRO,2,,29,MASCULINO,SIN DATOS,0,0,Tarímbaro,Sin datos,junio,domingo,9,-101.132809899069,19.7759467812758
29731,29736,2020,,2020/06/28,"09:50:00",COLISIÓN CONTRA OBJETO FIJO,ASFALTO,Bueno,Bueno,1,VOLKSWAGEN,ROJO,1,,22,MASCULINO,SIN DATOS,0,0,Morelia,Prados Verdes,junio,domingo,10,-101.19721026,19.7150711099991
29732,29737,2020,LEG31453,2020/06/28,11:30:00,CAIDA DE MOTOCICLETA,ASFALTO,Bueno,Bueno,1,IZUKA,ROJO / NEGRO,1,MINISTERIO PÚBLICO,,,,1,0,Zacapu,Moderna,junio,domingo,12,-101.78441606462,19.8080619853836
29733,29738,2020,,2020/06/28,12:00:00,COLISIÓN CONTRA OBJETO FIJO,ASFALTO,Bueno,Bueno,1,FORD KA,GRIS,1,,30,MASCULINO,SIN DATOS,0,0,Morelia,Cinco de Diciembre,junio,domingo,12,-101.164032549344,19.685603577638
29734,29739,2020,LEG31449,2020/06/28,14:10:00,COLISIÓN POR CAMBIO DE CARRIL,ASFALTO,Bueno,Bueno,2,SEAT,ROJO,2,,60,MASCULINO,SIN DATOS,0,0,Morelia,Alberto Oviedo Mota,junio,domingo,14,-101.196140686849,19.6817272495021
29735,29740,2020,LEG31446,2020/06/28,16:10:00,COLISIÓN POR CORTE DE CIRCULACIÓN,ASFALTO,Bueno,Bueno,2,FORD,BLANCO,2,MINISTERIO PÚBLICO,,,SIN DATOS,1,0,Morelia,El Lago 1,junio,domingo,16,-101.210240609944,19.7284626089668
29737,29742,2020,,2020/06/28,18:05:00,COLISIÓN POR MANIOBRA DE REVERSA,CONCRETO,Bueno,Bueno,2,NISSAN,BLANCO,2,,,MASCULINO,SIN DATOS,0,0,Tarímbaro,Sin datos,junio,domingo,18,-101.144515760243,19.7696365774691
29738,29743,2020,,2020/06/28,18:10:00,SALIDA DE SUPERFICIE DE RODAMIENTO,ASFALTO,Bueno,Regular,1,NISSAN,GRIS,0,MINISTERIO PÚBLICO,,,,0,0,Maravatío,Sin datos,junio,domingo,18,-100.464720980011,19.9591653709209
29739,29744,2020,"200502777",2020/06/28,18:45:00,COLISIÓN POR CORTE DE CIRCULACIÓN,ASFALTO,Bueno,Regular,2,JEEP,NEGRO,3,MINISTERIO PÚBLICO,38,MASCULINO,SIN DATOS,1,0,Morelia,Camelinas,junio,domingo,19,-101.17262119,19.6818144849991
29740,29745,2020,MOR200502949,2020/06/28,19:45:00,COLISIÓN CONTRA OBJETO FIJO,ASFALTO,Bueno,Bueno,1,HONDA,BLANCO,1,,34,MASCULINO,SIN DATOS,0,0,Morelia,Alfonso Garcia Robles,junio,domingo,20,-101.183094056834,19.7185941431338
29741,29746,2020,LEG31447,2020/06/28,21:10:00,COLISIÓN POR CORTE DE CIRCULACIÓN,ASFALTO,Bueno,Bueno,2,VOLKSWAGEN,AZUL,2,,24,MASCULINO,SIN DATOS,0,0,Morelia,Tenencia Morelos,junio,domingo,21,-101.236459904097,19.6523664707961
29742,29747,2020,LEG31450,2020/06/28,21:50:00,COLISIÓN CON PEATÓN,ASFALTO,Bueno,Bueno,2,QLINK,NEGRO,2,MINISTERIO PÚBLICO,21,MASCULINO,SIN DATOS,0,0,Morelia,Insurgentes,junio,domingo,22,-101.155416805,19.6953315299991
29743,29748,2020,LEG31448,2020/06/29,"03:00:00",COLISIÓN CONTRA OBJETO FIJO,ASFALTO,Bueno,Bueno,1,NISSAN,BLANCO,1,,21,MASCULINO,ALIENTO ETÍLICO,0,0,Morelia,Sentimientos de La Nacion,junio,lunes,3,-101.234725459732,19.6858295763749
29745,29750,2020,,2020/06/29,"09:45:00",COLISIÓN POR ALCANCE,ASFALTO,Bueno,Bueno,3,VOLKSWAGEN,AZUL,3,,35,FEMENINO,SIN DATOS,0,0,Morelia,Margarita Maza de Juarez,junio,lunes,10,-101.255526905,19.6928898149991
29747,29752,2020,,2020/06/29,10:45:00,COLISIÓN CONTRA OBJETO FIJO,ASFALTO,Bueno,Bueno,1,NISSAN/MARCH,BLANCO,1,,66,MASCULINO,SIN DATOS,0,0,Morelia,Virrey Antonio de Mendoza,junio,lunes,11,-101.160937349749,19.707873673805
29748,29753,2020,,2020/06/29,15:00:00,COLISIÓN POR ALCANCE,ASFALTO,Bueno,Bueno,4,FORD,GRIS,4,MINISTERIO PÚBLICO,52,MASCULINO,SIN DATOS,0,0,Tacámbaro,Sin datos,junio,lunes,15,-101.435054286636,19.325155392707
29749,29754,2020,,2020/06/29,17:08:00,COLISIÓN POR CORTE DE CIRCULACIÓN,ASFALTO,Bueno,Bueno,1,MAZDA,BLANCO,1,,41,MASCULINO,SIN DATOS,0,0,Tangamandapio,Sin datos,junio,lunes,17,-102.384871498429,19.9164410392727
29750,29755,2020,,2020/06/29,18:15:00,COLISIÓN POR CORTE DE CIRCULACIÓN,ASFALTO,Bueno,Bueno,2,KIA,AZUL,2,,47,FEMENINO,SIN DATOS,0,0,Morelia,Jardines de Guadalupe,junio,lunes,18,-101.225649548577,19.7117045865626
29751,29756,2020,,2020/06/29,19:40:00,CAIDA DE MOTOCICLETA,TERRACERIA,Lluvioso,Malo,1,IITALIKA,GRIS,1,,18,MASCULINO,SIN DATOS,0,0,Morelia,Sin datos,junio,lunes,20,-101.290676339783,19.5998489631395
29752,29757,2020,MOR200503090,2020/06/29,21:10:00,COLISIÓN POR ALCANCE,CONCRETO,Bueno,Bueno,3,DATSUN,AMARILLO,3,,67,MASCULINO,SIN DATOS,0,0,Morelia,Obrera,junio,lunes,21,-101.180248148739,19.7132866930727
29753,29758,2020,,2020/06/29,22:40:00,COLISIÓN POR CAMBIO DE CARRIL,ASFALTO,Lluvioso,Regular,2,MITSUBISHI,BLANCO,2,,32,FEMENINO,SIN DATOS,0,0,Morelia,Indeco El Vivero,junio,lunes,23,-101.231232865,19.6788478049992
29754,29759,2020,,2020/06/30,"00:25:00",SALIDA DE SUPERFICIE DE RODAMIENTO,ASFALTO,Lluvioso,Regular,1,SAAB,ROJO,1,,20,MASCULINO,SIN DATOS,0,0,Morelia,Vista Bella,junio,martes,0,-101.192219182849,19.6822241483415
29755,29760,2020,,2020/06/30,"01:35:00",SALIDA DE SUPERFICIE DE RODAMIENTO,ASFALTO,Bueno,Bueno,1,Chevrolet,Azul,1,,47,MASCULINO,SIN DATOS,0,0,Morelia,Alberto Oviedo Mota,junio,martes,2,-101.202127994453,19.6771187376537
29756,29761,2020,,2020/06/30,"06:43:00",SUBIDA AL CAMELLÓN,ASFALTO,Bueno,Bueno,1,Toyota,Blanco/Rojo,1,,67,MASCULINO,SIN DATOS,0,0,Morelia,Rafael Carrillo,junio,martes,7,-101.236401474609,19.7077646568227
29757,29762,2020,,2020/06/30,13:00:00,COLISIÓN POR CAMBIO DE CARRIL,ASFALTO,Bueno,Bueno,2,INTERNATIONAL,ROJO,2,,20,MASCULINO,SIN DATOS,0,0,Morelia,Jardines de Torremolinos,junio,martes,13,-101.228,19.6773
29758,29763,2020,MOR200506980,2020/06/30,13:00:00,COLISIÓN POR ALCANCE,ASFALTO,Bueno,Bueno,2,DODGE,TOJO,2,,70,MASCULINO,SIN DATOS,0,0,Morelia,Lomas de San Juan,junio,martes,13,-101.183039681886,19.7298664251429
29759,29764,2020,MOR200507323,2020/06/30,13:00:00,COLISIÓN POR ALCANCE,CONCRETO,Bueno,Bueno,2,NISSAN,GRIS,2,,20,MASCULINO,SIN DATOS,0,0,Morelia,Infonavit Colonial Universidad,junio,martes,13,-101.204939035,19.6864075999991
29760,29765,2020,MOR200137992,2020/06/30,15:20:00,COLISIÓN POR ALCANCE,ASFALTO,Bueno,Bueno,2,JEEP,BLANCO,2,,35,MASCULINO,SIN DATOS,0,0,Morelia,Elias Perez Avalos,junio,martes,15,-101.167813022979,19.7136335493406
29761,29766,2020,LEG31472,2020/06/30,16:20:00,COLISIÓN POR ALCANCE,ASFALTO,Bueno,Bueno,2,NISSAN,ROJO,2,,26,MASCULINO,SIN DATOS,0,0,Morelia,Lomas de San Juan,junio,martes,16,-101.183039681886,19.7298664251429
29763,29768,2020,,2020/06/30,18:30:00,CAIDA DE MOTOCICLETA,ASFALTO,Bueno,Bueno,1,ITALIKA,VERDE/NEGRO,3,MINISTERIO PÚBLICO,29,MASCULINO,SIN DATOS,2,0,Tacámbaro,Sin datos,junio,martes,19,-101.493972421371,19.226597982676
29764,29769,2020,,2020/06/30,20:50:00,COLISIÓN CONTRA OBJETO FIJO,ASFALTO,Bueno,Regular,1,Mitzibishi,Blanco,1,,31,FEMENINO,SIN DATOS,0,0,Morelia,Los Manantiales de Morelia,junio,martes,21,-101.242963529445,19.7004212443843
29765,29770,2020,MOR200508410,2020/06/30,21:32:00,COLISIÓN POR CORTE DE CIRCULACIÓN,ASFALTO,Bueno,Bueno,2,FORD,NEGRO,2,,44,FEMENINO,SIN DATOS,0,0,Morelia,Quinceo,junio,martes,22,-101.225583814256,19.7338910364515
29766,29771,2020,LEG31475,2020/06/30,22:20:00,COLISIÓN POR CORTE DE CIRCULACIÓN,CONCRETO,Nublado,Regular,2,VOLKSWAGEN,ROJO,2,,55,MASCULINO,SIN DATOS,0,0,Morelia,La Colina,junio,martes,22,-101.218223605,19.7105425599991
29767,29772,2020,,2020/07/01,"00:00:00",SUBIDA AL CAMELLÓN,CONCRETO,Nublado,Regular,1,FORD,NEGRO,1,,30,MASCULINO,ALIENTO ETÍLICO,0,0,Morelia,Clara Cordova Moran,julio,miércoles,0,-101.180793582037,19.7374568822553
29768,29773,2020,MOR200508652,2020/07/01,"00:15:00",COLISIÓN POR CORTE DE CIRCULACIÓN,ASFALTO,Nublado,Regular,2,VOLKSWAGEN,GRIS,2,,27,MASCULINO,ALIENTO ETÍLICO,0,0,Morelia,Melchor Ocampo,julio,miércoles,0,-101.201937888211,19.7065671597378
29769,29774,2020,MOR 200295357,2020/07/01,"08:47:00",COLISIÓN POR NO RESPETAR SEMÁFORO,ASFALTO,Nublado,Bueno,2,NISSAN,BLANCO,2,,40,MASCULINO,SIN DATOS,0,0,Morelia,Felix Ireta,julio,miércoles,9,-101.192051483835,19.6823814181022
29771,29776,2020,,2020/07/01,10:20:00,COLISIÓN CONTRA OBJETO FIJO,ASFALTO,Bueno,Bueno,1,DODGE,GUINDA,1,,65,MASCULINO,SIN DATOS,0,0,Morelia,Comision Federal de Electricidad,julio,miércoles,10,-101.181309297681,19.681382781144
29772,29777,2020,,2020/07/01,10:40:00,COLISIÓN POR CORTE DE CIRCULACIÓN,CONCRETO,Bueno,Bueno,2,FORD,PLATA,2,,32,MASCULINO,SIN DATOS,0,0,Morelia,Jacarandas,julio,miércoles,11,-101.210493377663,19.7065505390801
29773,29778,2020,,2020/07/01,11:07:00,COLISIÓN POR ALCANCE,ASFALTO,Bueno,Bueno,2,SEAT,BLANCO,2,,26,FEMENINO,ALIENTO ETÍLICO,0,0,Morelia,Morelia 450,julio,miércoles,11,-101.214743734084,19.6743614675536
29774,29779,2020,,2020/07/01,11:55:00,COLISIÓN CONTRA OBJETO FIJO,ASFALTO,Bueno,Bueno,1,TOYOTA,AMARILLO,2,,,,,2,0,Los Reyes,Sin datos,julio,miércoles,12,-102.445419288493,19.7001062523074
29775,29780,2020,MOR20049585,2020/07/01,12:10:00,COLISIÓN POR CORTE DE CIRCULACIÓN,ASFALTO,Bueno,Bueno,1,NISSAN,ROJO,1,,0,MASCULINO,SIN DATOS,0,0,Morelia,Enrique Arreguin Robles,julio,miércoles,12,-101.178954653442,19.7202628307626
29776,29781,2020,,2020/07/01,13:25:00,COLISIÓN POR CAMBIO DE CARRIL,ASFALTO,Bueno,Bueno,2,FORD,NEGRO,2,,57,MASCULINO,SIN DATOS,0,0,Morelia,Prados Verdes,julio,miércoles,13,-101.197063922882,19.7166433443948
29777,29782,2020,MOR20095768,2020/07/01,13:50:00,COLISIÓN POR CORTE DE CIRCULACIÓN,CONCRETO,Bueno,Bueno,2,NISSAN,ROJO,2,,17,MASCULINO,SIN DATOS,0,0,Morelia,Mariano Escobedo,julio,miércoles,14,-101.207165457308,19.7203085945842
29778,29783,2020,,2020/07/01,14:12:00,COLISIÓN POR CAMBIO DE CARRIL,ASFALTO,Bueno,Bueno,2,NISSAN,GRIS,2,,28,MASCULINO,SIN DATOS,0,0,Morelia,Americas Britania,julio,miércoles,14,-101.149981431663,19.6918270499351
29779,29784,2020,,2020/07/01,15:20:00,COLISIÓN CONTRA OBJETO FIJO,CONCRETO,Bueno,Bueno,1,NISSAN,BLANCO,0,,,,,0,0,Morelia,Centro,julio,miércoles,15,-101.194342791356,19.6982359148876
29780,29785,2020,,2020/07/01,16:15:00,COLISIÓN POR CAMBIO DE CARRIL,ASFALTO,Bueno,Bueno,2,FORD,BLANCO,2,,,MASCULINO,SIN DATOS,0,0,Morelia,Campestre Los Manantiales,julio,miércoles,16,-101.240329965949,19.6926841169134
29781,29786,2020,,2020/07/01,17:00:00,COLISIÓN POR ALCANCE,ASFALTO,Bueno,Bueno,2,NISSAN,BLANCO,2,,31,,SIN DATOS,0,0,Morelia,Fidel Velazquez,julio,miércoles,17,-101.239935681224,19.7059942949206
29782,29787,2020,MOR200488880,2020/07/01,17:30:00,COLISIÓN POR ALCANCE,ASFALTO,Bueno,Bueno,3,NISSAN,ARENA,0,MINISTERIO PÚBLICO,,,,0,0,Morelia,Centro,julio,miércoles,18,-101.19151607833,19.7038934048432
29783,29788,2020,,2020/07/01,18:45:00,COLISIÓN POR ALCANCE,ASFALTO,Bueno,Bueno,2,RAM 2500,AZUL,2,,42,MASCULINO,SIN DATOS,0,0,Morelia,Libertad,julio,miércoles,19,-101.23801857233,19.6875199793387
29784,29789,2020,MOR20095867,2020/07/01,20:00:00,COLISIÓN POR INVASIÓN DE CARRIL,TERRACERIA,Bueno,Bueno,2,FORD,GRIS,2,,57,FEMENINO,SIN DATOS,0,0,Tarímbaro,Sin datos,julio,miércoles,20,-101.13070808351,19.7723607107157
29785,29790,2020,,2020/07/01,21:50:00,COLISIÓN POR NO RESPETAR SEMÁFORO,ASFALTO,Bueno,Bueno,2,CHEVROLET,NEGRO,2,,45,MASCULINO,SIN DATOS,0,0,Morelia,Comision Federal de Electricidad,julio,miércoles,22,-101.181341819465,19.6815095160047
29786,29791,2020,,2020/07/01,22:30:00,COLISIÓN POR CAMBIO DE CARRIL,ASFALTO,Nublado,Bueno,2,ITALIKA,NEGRO,2,,41,MASCULINO,SIN DATOS,0,0,Tarímbaro,Puebla,julio,miércoles,23,-101.196891874794,19.7497469682011
29787,29792,2020,,2020/07/01,22:30:00,COLISIÓN CON PEATÓN,SIN_DATOS,Bueno,Bueno,1,NISSAN,ARENA,1,,31,MASCULINO,ALIENTO ETÍLICO,0,0,Morelia,La Quemada,julio,miércoles,23,-101.24102063477,19.7057367318434
29788,29793,2020,,2020/07/02,"01:56:00",COLISIÓN POR CORTE DE CIRCULACIÓN,ASFALTO,Bueno,Bueno,2,CHEVROLET,PLATA,2,,28,FEMENINO,SIN DATOS,0,0,Morelia,Centro,julio,jueves,2,-101.191528849304,19.7038908509879
29789,29794,2020,,2020/07/02,"03:00:00",COLISIÓN CONTRA OBJETO FIJO,ASFALTO,Lluvioso,Bueno,1,VOLKSWAGEN,PLATA,1,,31,MASCULINO,SIN DATOS,0,0,Morelia,Alberto Oviedo Mota,julio,jueves,3,-101.202117338684,19.6772828657596
29790,29795,2020,,2020/07/02,"05:00:00",COLISIÓN POR CORTE DE CIRCULACIÓN,ASFALTO,Bueno,Bueno,2,ITALIKA,GRIS,2,,27,MASCULINO,SIN DATOS,0,0,Morelia,Indeco Expropiacion Petrolera,julio,jueves,5,-101.225696534586,19.6845533035543
29791,29796,2020,MOR200512004,2020/07/02,11:41:00,COLISIÓN POR CORTE DE CIRCULACIÓN,ASFALTO,Bueno,Bueno,2,ITALIKA,NEGRO,2,,21,MASCULINO,SIN DATOS,0,0,Morelia,Lomas del Tecnologico,julio,jueves,12,-101.188598231159,19.7199721799791
29792,29797,2020,MOR200511972,2020/07/02,11:55:00,COLISIÓN CONTRA OBJETO FIJO,SIN_DATOS,Bueno,Bueno,1,CHEVROLET,PLATA,1,,24,MASCULINO,SIN DATOS,0,0,Morelia,Industrial,julio,jueves,12,-101.194031319834,19.7090358952629
29793,29798,2020,"200512544",2020/07/02,15:00:00,COLISIÓN CONTRA OBJETO FIJO,ASFALTO,Lluvioso,Regular,1,FORD,BLANCO,1,MINISTERIO PÚBLICO,43,MASCULINO,SIN DATOS,0,0,Morelia,Loma de Los Piñones,julio,jueves,15,-101.203537739135,19.6749303636021
29794,29799,2020,,2020/07/02,17:00:00,COLISIÓN POR CAMBIO DE CARRIL,CONCRETO,Bueno,Bueno,2,TOYOTA,BCO Y ROJO,2,,61,MASCULINO,SIN DATOS,0,0,Morelia,Virreyes,julio,jueves,17,-101.157521822237,19.6964838131984
29795,29800,2020,MOR-200-502-798,2020/07/02,18:00:00,COLISIÓN CONTRA OBJETO FIJO,ASFALTO,Bueno,Regular,1,INTERNATIONAL,BLANCO Y AZUL,1,,,,SIN DATOS,0,0,Morelia,Tlalpujahua,julio,jueves,18,-101.218318448159,19.676148653063