fid,id_accidente,anio_origen,folio_c5i,dia_incidente,hora_ocurrencia,tipo_incidente_vial,superficie_ocurrencia,condiciones_climaticas,condiciones_via,numero_vehiculos_involucrados,marca_vehiculo_ocasiona_siniestro,color_vehiculo_ocasiona_siniestro,numero_personas_involucradas,lugar_remite_presunto_responsable,edad_presunto_responsable,sexo_presunto_responsable,resultados_toxicologia,numero_personas_lesionadas,numero_personas_fallecidas,municipio,colonia,mes,dia_semana,hora_redondeada,lon,lat
29796,29801,2020,"200513324",2020/07/02,19:00:00,COLISIÓN CON PEATÓN,ASFALTO,Nublado,Regular,1,NISSAN,BLANCO,1,,44,MASCULINO,SIN DATOS,0,0,Morelia,Campestre Los Manantiales,julio,jueves,19,-101.238138905979,19.6877981768138
29797,29802,2020,MOR200513421,2020/07/02,19:50:00,COLISIÓN POR CORTE DE CIRCULACIÓN,CONCRETO,Lluvioso,Regular,2,NISSAN,BLANCO,2,MINISTERIO PÚBLICO,40,FEMENINO,SIN DATOS,0,0,Morelia,Jose Maria Morelos,julio,jueves,20,-101.218607059933,19.7153468018805
29798,29803,2020,MOR200513753,2020/07/02,21:15:00,COLISIÓN POR CAMBIO DE CARRIL,ASFALTO,Bueno,Bueno,2,NISSAN,BLANCO,2,,35,MASCULINO,ALIENTO ETÍLICO,0,0,Morelia,Nicolaitas Ilustres,julio,jueves,21,-101.228315071628,19.7194444738676
29799,29804,2020,MOR200513653,2020/07/02,21:20:00,COLISIÓN POR CORTE DE CIRCULACIÓN,CONCRETO,Bueno,Bueno,2,CHEVROLET,ROJO,2,,51,MASCULINO,SIN DATOS,0,0,Morelia,Villas del Real,julio,jueves,21,-101.198684281923,19.7341056600937
29800,29805,2020,,2020/07/02,23:12:00,COLISIÓN POR ALCANCE,ASFALTO,Lluvioso,Regular,1,DODGE,VERDE,1,,28,MASCULINO,ALIENTO ETÍLICO,0,0,Charo,Sin datos,julio,jueves,23,-101.07973038473,19.6867255039317
29801,29806,2020,MOR200513996,2020/07/02,23:40:00,SUBIDA AL CAMELLÓN,CONCRETO,Nublado,Regular,1,VOLKSWAGEN,VERDE,1,,23,MASCULINO,SIN DATOS,0,0,Tarímbaro,Club Erandeni,julio,jueves,0,-101.181983842768,19.7575711715162
29802,29807,2020,,2020/07/03,"05:25:00",CAIDA DE MOTOCICLETA,SIN_DATOS,Bueno,Bueno,1,DINAMO,AMARILLO,0,MINISTERIO PÚBLICO,,,,0,0,Zacapu,Centro,julio,viernes,5,-101.7890351943,19.8095000647215
29803,29808,2020,MOR20051894,2020/07/03,"07:34:00",COLISIÓN POR NO RESPETAR SEMÁFORO,ASFALTO,Bueno,Bueno,2,DODGE,NEGRO Y DORADO,3,MINISTERIO PÚBLICO,,,,3,0,Morelia,Centro,julio,viernes,8,-101.190697025138,19.7095019973639
29804,29809,2020,,2020/07/03,"08:50:00",COLISIÓN POR NO RESPETAR SEMÁFORO,CONCRETO,Bueno,Bueno,2,NISSAN NV2500,BCO/ROJO,3,,32,MASCULINO,SIN DATOS,1,0,Morelia,Poblado de Ocolusen,julio,viernes,9,-101.150127649172,19.6944699261717
29805,29810,2020,,2020/07/03,"08:59:00",COLISIÓN POR CORTE DE CIRCULACIÓN,CONCRETO,Nublado,Regular,2,MAZDA,BLANCO,2,,28,FEMENINO,SIN DATOS,0,0,Morelia,Dieciocho de Mayo,julio,viernes,9,-101.1532803,19.7060258249991
29806,29811,2020,,2020/07/03,"09:03:00",COLISIÓN POR CORTE DE CIRCULACIÓN,ASFALTO,Bueno,Bueno,1,FREIGHTLINER,BLANCO,1,,37,MASCULINO,SIN DATOS,0,0,Morelia,Tinijaro,julio,viernes,9,-101.26316,19.6963297049991
29809,29814,2020,,2020/07/03,11:30:00,COLISIÓN POR CAMBIO DE CARRIL,ASFALTO,Bueno,Bueno,2,MERCEDES BENZ,AMARILLO,2,,47,MASCULINO,SIN DATOS,0,0,Morelia,Ilustres Novohispanos,julio,viernes,12,-101.152,19.7108
29810,29815,2020,,2020/07/03,12:00:00,SALIDA DE SUPERFICIE DE RODAMIENTO,ASFALTO,Bueno,Bueno,1,VOLKSWAGEN /JETTA,GRIS,1,,64,MASCULINO,SIN DATOS,0,0,Charo,Sin datos,julio,viernes,12,-101.095229133285,19.6889143769027
29811,29816,2020,,2020/07/03,12:00:00,COLISIÓN POR ALCANCE,ASFALTO,Bueno,Bueno,2,GMC,VERDE,2,,42,MASCULINO,SIN DATOS,0,0,Tangamandapio,Sin datos,julio,viernes,12,-102.385503768243,19.9155486393057
29812,29817,2020,,2020/07/03,13:00:00,COLISIÓN POR CORTE DE CIRCULACIÓN,ASFALTO,Bueno,Bueno,2,FORD,AZUL,2,,73,MASCULINO,SIN DATOS,0,0,Morelia,Adolfo Lopez Mateos,julio,viernes,13,-101.225213135,19.6941093249991
29813,29818,2020,,2020/07/03,13:50:00,COLISIÓN POR CORTE DE CIRCULACIÓN,CONCRETO,Bueno,Bueno,2,SIN DATOS,GRIS,3,,0,MASCULINO,SIN DATOS,1,0,Morelia,Torreon Nuevo,julio,viernes,14,-101.20358663,19.7462449699991
29814,29819,2020,,2020/07/03,14:50:00,CAIDA DE MOTOCICLETA,CONCRETO,Bueno,Bueno,1,YAMAHA,NEGRO,1,,30,MASCULINO,CON CERTIFICADO,0,0,Morelia,Felix Ireta,julio,viernes,15,-101.19214836,19.6911467449992
29815,29820,2020,,2020/07/03,15:10:00,COLISIÓN POR CORTE DE CIRCULACIÓN,ASFALTO,Bueno,Bueno,2,HONDA,BLANCO,2,MINISTERIO PÚBLICO,33,,SIN DATOS,0,0,Morelia,Puerto de Buenavista,julio,viernes,15,-101.126352197769,19.6849018019943
29816,29821,2020,,2020/07/03,15:16:00,COLISIÓN POR CORTE DE CIRCULACIÓN,ASFALTO,Bueno,Bueno,2,NISSAN,GRIS,2,,60,MASCULINO,SIN DATOS,0,0,Morelia,Centro,julio,viernes,15,-101.18875609,19.7086253949991
29817,29822,2020,,2020/07/03,16:25:00,COLISIÓN CONTRA OBJETO FIJO,TERRACERIA,Bueno,Bueno,1,FORD/F450,BLANCO,1,,0,MASCULINO,SIN DATOS,0,0,Morelia,Buenos Aires,julio,viernes,16,-101.193236349935,19.6591413473943
29819,29824,2020,,2020/07/03,18:00:00,COLISIÓN POR ALCANCE,ASFALTO,Bueno,Bueno,2,NISSAN URVAN,BCO/MORADO,2,,22,MASCULINO,SIN DATOS,0,0,Morelia,Cosmos,julio,viernes,18,-101.218920954689,19.6840718148917
29821,29826,2020,,2020/07/03,18:40:00,COLISIÓN POR CAMBIO DE CARRIL,ASFALTO,Bueno,Bueno,2,NISSAN,BLANCO,2,,67,MASCULINO,SIN DATOS,0,0,Morelia,Lomas de Guayangareo,julio,viernes,19,-101.159134,19.7012507899992
29822,29827,2020,,2020/07/03,20:40:00,COLISIÓN POR ALCANCE,ASFALTO,Bueno,Bueno,2,VOLKSWAGEN,BLANCO,2,,24,FEMENINO,SIN DATOS,0,0,Morelia,Gertrudis Sanchez,julio,viernes,21,-101.205776745,19.7441101549991
29825,29830,2020,,2020/07/04,11:00:00,SALIDA DE SUPERFICIE DE RODAMIENTO,ASFALTO,Bueno,Bueno,1,NISSAN,GRIS,1,,24,MASCULINO,SIN DATOS,0,0,Morelia,Rinconada del Valle,julio,sábado,11,-101.222201261191,19.6773787628329
29826,29831,2020,MOR200517971,2020/07/04,12:25:00,COLISIÓN POR CORTE DE CIRCULACIÓN,CONCRETO,Bueno,Bueno,2,VOLKSWAGEN,AZUL,2,,24,MASCULINO,ALIENTO ETÍLICO,0,0,Morelia,Eucaliptos (Gigantes de Michoacan),julio,sábado,12,-101.151192445,19.6992030899991
29829,29834,2020,MOR200519330,2020/07/04,17:20:00,COLISIÓN CONTRA OBJETO FIJO,ASFALTO,Lluvioso,Regular,1,VOLKSWAGEN,ROJO,1,,0,FEMENINO,SIN DATOS,0,0,Morelia,Montaña Monarca,julio,sábado,17,-101.16069481453,19.6720574494748
29830,29835,2020,LEG31552,2020/07/04,18:40:00,COLISIÓN CONTRA OBJETO FIJO,ASFALTO,Bueno,Bueno,1,NISSAN,BLANCO,1,,39,MASCULINO,SIN DATOS,0,0,Morelia,Campestre Los Manantiales,julio,sábado,19,-101.238139302217,19.6877962540551
29832,29837,2020,,2020/07/04,20:30:00,COLISIÓN POR ALCANCE,SIN_DATOS,Bueno,Bueno,2,JEEP,NEGRO,2,,,MASCULINO,SIN DATOS,0,0,Morelia,Felix Ireta,julio,sábado,21,-101.1927328,19.6901125899992
29833,29838,2020,MOR200518764,2020/07/04,21:00:00,COLISIÓN POR CORTE DE CIRCULACIÓN,ASFALTO,Nublado,Regular,2,YAMAHA,BLANCO,2,,0,MASCULINO,SIN DATOS,0,0,Morelia,Villas del Pedregal,julio,sábado,21,-101.302209,19.685042
29836,29841,2020,,2020/07/04,22:10:00,COLISIÓN POR CAMBIO DE CARRIL,ASFALTO,Bueno,Bueno,2,SIN DATOS,SIN DATOS,2,MINISTERIO PÚBLICO,0,,SIN DATOS,0,0,Morelia,Poblado de Ocolusen,julio,sábado,22,-101.155088675,19.6951327349991
29838,29843,2020,,2020/07/05,"01:30:00",COLISIÓN POR ALCANCE,CONCRETO,Bueno,Bueno,2,NISSAN,BLANCO Y ROJO,2,,49,MASCULINO,ALIENTO ETÍLICO,0,0,Morelia,Vasco de Quiroga,julio,domingo,2,-101.172714125,19.7032647549991
29839,29844,2020,LEG31557,2020/07/05,"03:00:00",SUBIDA AL CAMELLÓN,CONCRETO,Nublado,Bueno,1,MITSUBISHI,GRIS,1,,38,FEMENINO,SIN DATOS,0,0,Morelia,Elias Perez Avalos,julio,domingo,3,-101.167813022979,19.7136335493406
29841,29846,2020,MOR200520259,2020/07/05,"07:00:00",COLISIÓN POR ALCANCE,ASFALTO,Bueno,Bueno,2,CHEVROLET,ROJO,2,,34,FEMENINO,SIN DATOS,0,0,Morelia,San Pascual,julio,domingo,7,-101.266919679261,19.6953584543093
29842,29847,2020,MOR200519604,2020/07/05,"07:15:00",CAIDA DE MOTOCICLETA,ASFALTO,Bueno,Bueno,1,ITALIKA,ROJO,0,,,,,0,0,Morelia,Lomas de La Maestranza,julio,domingo,7,-101.332535259426,19.6841239453233
29843,29848,2020,,2020/07/05,"08:50:00",SALIDA DE SUPERFICIE DE RODAMIENTO,ASFALTO,Bueno,Bueno,1,CHEVROLET,PLATA,0,,,,,0,0,Coeneo,Sin datos,julio,domingo,9,-101.609367392957,19.7977543707694
29844,29849,2020,MOR200517686,2020/07/05,11:02:00,COLISIÓN POR CORTE DE CIRCULACIÓN,ASFALTO,Bueno,Bueno,1,DODGE,ARENA,1,,0,,SIN DATOS,0,0,Morelia,Ejidal Ocolusen,julio,domingo,11,-101.155585494629,19.6843663227041
29845,29850,2020,,2020/07/05,12:25:00,COLISIÓN POR CAMBIO DE CARRIL,ASFALTO,Bueno,Bueno,2,VOLKSWAGEN,BLANCO,2,,31,MASCULINO,SIN DATOS,0,0,Morelia,Tzindurio de Morelos,julio,domingo,12,-101.243662976407,19.6999493729936
29846,29851,2020,,2020/07/05,12:59:00,COLISIÓN POR ALCANCE,ASFALTO,Bueno,Bueno,2,VolksWagen,BLANCO,2,,,,SIN DATOS,0,0,Morelia,Vicente Lombardo Toledano (Ejidal Isacc Arriaga) (Etnias de Mexico),julio,domingo,13,-101.149062775075,19.720271983528
29847,29852,2020,,2020/07/05,15:39:00,COLISIÓN POR INVASIÓN DE CARRIL,ASFALTO,Lluvioso,Bueno,2,S/D,NEGRO,1,,47,MASCULINO,SIN DATOS,0,0,Morelia,Centro,julio,domingo,16,-101.188885745673,19.7081361040876
29848,29853,2020,MOR200521437,2020/07/05,15:40:00,COLISIÓN POR ALCANCE,ASFALTO,Lluvioso,Regular,2,VOLKSWAGEN,GRIS,2,,30,MASCULINO,SIN DATOS,0,0,Morelia,Lomas de Guayangareo,julio,domingo,16,-101.160630167209,19.7048876832423
29849,29854,2020,MOR200523312,2020/07/05,15:47:00,COLISIÓN POR CORTE DE CIRCULACIÓN,ASFALTO,Bueno,Bueno,2,VOLKSWAGEN,BLANCO,2,,43,MASCULINO,SIN DATOS,0,0,Morelia,Poblado de Ocolusen,julio,domingo,16,-101.150127649172,19.6944699261717
29850,29855,2020,,2020/07/05,15:50:00,COLISIÓN CON PEATÓN,SIN_DATOS,Bueno,Bueno,2,VOLKSWAGEN,GRIS,2,,58,FEMENINO,SIN DATOS,0,0,Morelia,Alberto Oviedo Mota,julio,domingo,16,-101.202130646192,19.6771206892412
29851,29856,2020,,2020/07/05,16:00:00,COLISIÓN POR CAMBIO DE CARRIL,ASFALTO,Lluvioso,Regular,2,VOLKSWAGEN,PLATA,2,,29,FEMENINO,SIN DATOS,0,0,Morelia,Felix Ireta,julio,domingo,16,-101.195668198836,19.681492411395
29852,29857,2020,MOR 200518606,2020/07/05,16:20:00,COLISIÓN POR INVASIÓN DE CARRIL,ASFALTO,Bueno,Bueno,2,NISSAN,AZUL,2,,50,MASCULINO,SIN DATOS,0,0,Tarímbaro,Sin datos,julio,domingo,16,-101.153722473167,19.7694879985182
29853,29858,2020,,2020/07/05,17:15:00,COLISIÓN CON PEATÓN,SIN_DATOS,Bueno,Bueno,2,FORD,BLANCO,2,,41,MASCULINO,SIN DATOS,0,0,Morelia,Francisco J Mujica,julio,domingo,17,-101.188243478537,19.7214851937202
29854,29859,2020,,2020/07/05,17:55:00,COLISIÓN POR CAMBIO DE CARRIL,CONCRETO,Bueno,Bueno,2,JEEP,PLATA,2,,50,MASCULINO,ALIENTO ETÍLICO,0,0,Morelia,Sentimientos de La Nacion,julio,domingo,18,-101.235356175088,19.6809421643681
29855,29860,2020,,2020/07/05,18:00:00,COLISIÓN CONTRA OBJETO FIJO,ASFALTO,Bueno,Bueno,1,VOLKSWAGEN,NEGRO,1,MINISTERIO PÚBLICO,19,MASCULINO,ALIENTO ETÍLICO,0,0,Morelia,Americas Britania,julio,domingo,18,-101.143189407885,19.6919587124337
29856,29861,2020,MOR200519290,2020/07/05,20:00:00,COLISIÓN CONTRA OBJETO FIJO,ASFALTO,Bueno,Bueno,1,MAZDA,ROJO,1,,67,MASCULINO,SIN DATOS,0,0,Morelia,Ejidal Ocolusen,julio,domingo,20,-101.15218698,19.6838212849992
29857,29862,2020,,2020/07/05,21:30:00,SUBIDA AL CAMELLÓN,ASFALTO,Lluvioso,Regular,1,HONDA,NEGRO,1,,,MASCULINO,ALIENTO ETÍLICO,0,0,Morelia,Los Laureles,julio,domingo,22,-101.232101588763,19.7137304918418
29858,29863,2020,,2020/07/05,22:20:00,SUBIDA AL CAMELLÓN,ASFALTO,Bueno,Bueno,1,VOLKSWAGEN,GRIS,1,,30,MASCULINO,ALIENTO ETÍLICO,0,0,Morelia,Tierra Y Libertad,julio,domingo,22,-101.230042383743,19.7160307539716
29859,29864,2020,,2020/07/05,23:30:00,COLISIÓN CON PEATÓN,CONCRETO,Bueno,Bueno,1,JEEP,ROJO,0,MINISTERIO PÚBLICO,,,,0,0,Morelia,Granjas del Maestro,julio,domingo,0,-101.192423697476,19.715167497801
29860,29865,2020,,2020/07/06,"00:20:00",COLISIÓN POR CORTE DE CIRCULACIÓN,ASFALTO,Bueno,Regular,1,CHEVROLET,NARANJA,0,,,,,0,0,Morelia,Morelos,julio,lunes,0,-101.20758072,19.6954454849991
29861,29866,2020,,2020/07/06,"00:56:00",SALIDA DE SUPERFICIE DE RODAMIENTO,CONCRETO,Lluvioso,Bueno,1,VOLKSWAGEN,GRIS,1,,54,MASCULINO,ALIENTO ETÍLICO,0,0,Morelia,San Juanito Itzicuaro,julio,lunes,1,-101.253401376307,19.6754304061193
29862,29867,2020,MOR200523469,2020/07/06,12:10:00,COLISIÓN POR CAMBIO DE CARRIL,ASFALTO,Bueno,Bueno,2,DINA,ROJO,2,,,MASCULINO,SIN DATOS,0,0,Morelia,San Pascual,julio,lunes,12,-101.264437995851,19.6960929688247
29863,29868,2020,,2020/07/06,14:20:00,SALIDA DE SUPERFICIE DE RODAMIENTO,ASFALTO,Bueno,Bueno,1,NISSAN,BLANCO,1,,29,MASCULINO,SIN DATOS,0,0,Uruapan,Sin datos,julio,lunes,14,-102.140631861985,19.5048986725042
29864,29869,2020,MOR200516987,2020/07/06,15:04:00,COLISIÓN POR CORTE DE CIRCULACIÓN,ASFALTO,Bueno,Bueno,2,VOLKSWAGEN,PLATA,2,,43,MASCULINO,SIN DATOS,0,0,Morelia,Santillan La Huerta,julio,lunes,15,-101.219553885717,19.6760966650679
29865,29870,2020,LEG31589,2020/07/06,15:15:00,COLISIÓN POR ALCANCE,SIN_DATOS,Bueno,Bueno,2,SEAT,GRIS,2,,,FEMENINO,SIN DATOS,0,0,Morelia,Centro,julio,lunes,15,-101.190959615713,19.7038724375015
29866,29871,2020,,2020/07/06,15:15:00,COLISIÓN CON PEATÓN,SIN_DATOS,Bueno,Bueno,2,TOLEDO,ARENA,2,,,FEMENINO,SIN DATOS,0,0,Morelia,Centro,julio,lunes,15,-101.1866583235,19.7038062581264
29867,29872,2020,,2020/07/06,15:20:00,COLISIÓN POR CORTE DE CIRCULACIÓN,ASFALTO,Bueno,Bueno,0,,,0,,,,,0,0,Morelia,Centro,julio,lunes,15,-101.202468878843,19.7027359307453
29868,29873,2020,MOR200524027,2020/07/06,15:20:00,COLISIÓN POR CORTE DE CIRCULACIÓN,ASFALTO,Bueno,Bueno,2,SUZUKI,ROJO,2,,17,MASCULINO,SIN DATOS,0,0,Morelia,Centro,julio,lunes,15,-101.202729083598,19.7027043947086
29869,29874,2020,MOR200524293,2020/07/06,15:30:00,COLISIÓN POR MANIOBRA DE REVERSA,ASFALTO,Bueno,Bueno,2,NISSAN,BLANCO,2,,34,MASCULINO,SIN DATOS,0,0,Morelia,Centro,julio,lunes,16,-101.18754847,19.7028479949991
29870,29875,2020,LEG31594,2020/07/06,15:30:00,COLISIÓN POR MANIOBRA DE REVERSA,ASFALTO,Bueno,Bueno,2,NISSAN,BLANCO,1,,,MASCULINO,SIN DATOS,0,0,Morelia,Praderas del Indio,julio,lunes,16,-101.223494028547,19.6450845894654
29871,29876,2020,MOR 200524293,2020/07/06,16:15:00,COLISIÓN CONTRA OBJETO FIJO,ASFALTO,Bueno,Regular,2,SIN DATOS,SIN DATOS,2,,,,SIN DATOS,0,0,Morelia,Los Angeles,julio,lunes,16,-101.167963479351,19.7444751194994
29872,29877,2020,,2020/07/06,16:30:00,COLISIÓN POR ALCANCE,ASFALTO,Bueno,Bueno,2,CHEVROLET,PLATA,2,,49,MASCULINO,SIN DATOS,0,0,Morelia,Margarita Maza de Juarez,julio,lunes,17,-101.255526905,19.6928898149991
29874,29879,2020,MOR200524886,2020/07/06,18:20:00,COLISIÓN POR ALCANCE,SIN_DATOS,Nublado,Bueno,2,RENAULT,NEGRO,2,,61,MASCULINO,SIN DATOS,0,0,Morelia,Lomas de Morelia (Dr Ignacio Chavez),julio,lunes,18,-101.175046613946,19.7171414202849
29875,29880,2020,MOR200523308,2020/07/06,22:03:00,COLISIÓN POR ALCANCE,ASFALTO,Bueno,Bueno,0,,,0,,,,,0,0,Morelia,Josefa Ortiz de Dominguez,julio,lunes,22,-101.209368861533,19.6719295878138
29876,29881,2020,"200525437",2020/07/07,"00:05:00",COLISIÓN CONTRA OBJETO FIJO,ASFALTO,Lluvioso,Regular,1,MITSUBISHI,GRIS,1,,18,MASCULINO,SIN DATOS,0,0,Morelia,Felix Ireta,julio,martes,0,-101.195665790952,19.6814949369077
29877,29882,2020,,2020/07/07,"01:15:00",COLISIÓN CONTRA OBJETO FIJO,ASFALTO,Bueno,Bueno,1,CHEVROLET,NEGRO,1,,19,MASCULINO,ALIENTO ETÍLICO,0,0,Morelia,Francisco J Mujica,julio,martes,1,-101.188242167923,19.7214871160741
29878,29883,2020,,2020/07/07,"08:15:00",COLISIÓN POR CORTE DE CIRCULACIÓN,SIN_DATOS,Bueno,Bueno,2,NISSAN,BLANCO,2,,,MASCULINO,SIN DATOS,0,0,Morelia,Dr Miguel Silva,julio,martes,8,-101.187927793444,19.7204887484457
29879,29884,2020,,2020/07/07,13:05:00,COLISIÓN POR CAMBIO DE CARRIL,ASFALTO,Bueno,Bueno,2,CHEVROLET,GRIS,2,,22,MASCULINO,SIN DATOS,0,0,Morelia,Ampliacion La Soledad,julio,martes,13,-101.182413361967,19.7364829749004
29880,29885,2020,,2020/07/07,14:30:00,COLISIÓN CONTRA OBJETO FIJO,ASFALTO,Bueno,Bueno,2,ISUZU,BLANCO,2,,30,MASCULINO,SIN DATOS,0,0,Morelia,Primo Tapia Oriente,julio,martes,15,-101.161430675958,19.7136761705419
29881,29886,2020,,2020/07/07,15:00:00,COLISIÓN CON PEATÓN,SIN_DATOS,Bueno,Bueno,2,GMC,ROJO,1,,,MASCULINO,SIN DATOS,0,0,Morelia,Puerto de Buenavista,julio,martes,15,-101.128417111255,19.6864953452409
29882,29887,2020,MOR200526915,2020/07/07,15:30:00,COLISIÓN POR ALCANCE,ASFALTO,Bueno,Malo,2,FORD,AZUL,2,,49,MASCULINO,SIN DATOS,0,0,Morelia,Lazaro Cardenas,julio,martes,16,-101.163247972727,19.711267360139
29883,29888,2020,,2020/07/07,15:52:00,COLISIÓN POR CORTE DE CIRCULACIÓN,ASFALTO,Bueno,Bueno,2,NISSAN,ROJO,2,,33,MASCULINO,SIN DATOS,0,0,Morelia,Emiliano Zapata,julio,martes,16,-101.215700246394,19.7152224179466
29884,29889,2020,,2020/07/07,16:35:00,COLISIÓN CONTRA OBJETO FIJO,ASFALTO,Bueno,Bueno,1,DODGE,GUINDA,1,MINISTERIO PÚBLICO,41,FEMENINO,SIN DATOS,0,0,Morelia,Sin datos,julio,martes,17,-101.325915902853,19.6857437112353
29885,29890,2020,MOR200524322,2020/07/07,16:40:00,COLISIÓN POR ALCANCE,ASFALTO,Bueno,Bueno,2,NISSAN,BLANCO,2,,0,MASCULINO,SIN DATOS,0,0,Morelia,Centro,julio,martes,17,-101.18218963,19.7028850649992
29886,29891,2020,,2020/07/07,17:00:00,COLISIÓN POR CORTE DE CIRCULACIÓN,ASFALTO,Bueno,Bueno,2,CADILLAC,BLANCO,2,,,FEMENINO,SIN DATOS,0,0,Morelia,Santillan La Huerta,julio,martes,17,-101.219553885717,19.6760966650679
29887,29892,2020,,2020/07/07,17:05:00,CAIDA DE MOTOCICLETA,ASFALTO,Bueno,Bueno,1,YAMAHA,NARANJA,0,,,,,0,0,Morelia,Plan de La Garita,julio,martes,17,-101.184172525324,19.7147029310638
29888,29893,2020,,2020/07/07,20:25:00,COLISIÓN CONTRA OBJETO FIJO,ASFALTO,Lluvioso,Bueno,1,FORD,BLANCO Y VERDE,1,,33,MASCULINO,SIN DATOS,0,0,Morelia,Lomas de Morelia (Dr Ignacio Chavez),julio,martes,20,-101.175350099802,19.7173787367214
29889,29894,2020,,2020/07/07,20:50:00,COLISIÓN POR ALCANCE,ASFALTO,Bueno,Bueno,2,FORD,VERDE,2,,36,MASCULINO,SIN DATOS,0,0,Morelia,Bosques de Oriente,julio,martes,21,-101.154908131474,19.7161919214281
29890,29895,2020,,2020/07/07,21:00:00,COLISIÓN POR CORTE DE CIRCULACIÓN,ASFALTO,Nublado,Bueno,2,TOYOTA/T100,BLANCO,2,,38,MASCULINO,SIN DATOS,0,0,Morelia,Fovissste La Huerta,julio,martes,21,-101.212283545,19.6922831999991
29891,29896,2020,MOR200525308,2020/07/07,22:03:00,COLISIÓN POR ALCANCE,ASFALTO,Bueno,Bueno,1,AUDI,ROJO,0,,,,,0,0,Morelia,Josefa Ortiz de Dominguez,julio,martes,22,-101.209199608051,19.6722326671409
29892,29897,2020,,2020/07/07,23:45:00,SALIDA DE SUPERFICIE DE RODAMIENTO,ASFALTO,Bueno,Bueno,1,CHEVROLET,ROJO,1,,67,MASCULINO,SIN DATOS,0,0,Tangamandapio,Sin datos,julio,martes,0,-102.385914207183,19.9149695695896
29893,29898,2020,MOR200529144,2020/07/08,"00:00:00",COLISIÓN CONTRA OBJETO FIJO,CONCRETO,Nublado,Regular,1,CHEVROLET,BLANCO,1,,,,SIN DATOS,0,0,Morelia,Rector Diaz Rubio,julio,miércoles,0,-101.19844345,19.6682251049992
29894,29899,2020,,2020/07/08,"01:00:00",SUBIDA AL CAMELLÓN,ASFALTO,Lluvioso,Regular,1,FREIGHTLINER,BLANCO,1,,33,MASCULINO,SIN DATOS,0,0,Morelia,Barrio Alto,julio,miércoles,1,-101.19660523465,19.7248009887207
29895,29900,2020,,2020/07/08,"07:50:00",CAIDA DE MOTOCICLETA,ASFALTO,Bueno,Bueno,1,HONDA,BLANCO,2,,42,MASCULINO,SIN DATOS,1,0,Morelia,Dr Miguel Silva,julio,miércoles,8,-101.18391238153,19.7191569203674
29896,29901,2020,MOR200528454,2020/07/08,"08:30:00",COLISIÓN POR ALCANCE,ASFALTO,Bueno,Bueno,2,FORD,ROJO,2,,63,MASCULINO,SIN DATOS,0,0,Morelia,Felix Ireta,julio,miércoles,9,-101.188582604864,19.6860148664875
29897,29902,2020,MOR-200528524,2020/07/08,"09:10:00",COLISIÓN POR CORTE DE CIRCULACIÓN,ASFALTO,Bueno,Regular,3,PEUGEOT,CAFÉ,3,,35,FEMENINO,SIN DATOS,0,0,Morelia,Tzindurio de Morelos,julio,miércoles,9,-101.245044000887,19.6974820969065
29898,29903,2020,MOR200528574,2020/07/08,"09:27:00",COLISIÓN POR CORTE DE CIRCULACIÓN,ASFALTO,Bueno,Bueno,2,CHRYSLER,BLANCO,2,,42,MASCULINO,SIN DATOS,0,0,Morelia,Dr Miguel Silva,julio,miércoles,9,-101.187927793444,19.7204887484457
29899,29904,2020,LEG31624,2020/07/08,12:30:00,COLISIÓN POR CAMBIO DE CARRIL,ASFALTO,Bueno,Bueno,2,PLYMOUTH,BLANCA,2,,20,FEMENINO,SIN DATOS,0,0,Morelia,Felix Ireta,julio,miércoles,13,-101.19509802191,19.6821447479733
29900,29905,2020,,2020/07/08,13:00:00,COLISIÓN POR CORTE DE CIRCULACIÓN,ASFALTO,Bueno,Bueno,2,HONDA,ROJO,3,,16,MASCULINO,SIN DATOS,1,0,Morelia,Primo Tapia Oriente,julio,miércoles,13,-101.15972347,19.7180315899992
29901,29906,2020,MOR200529117,2020/07/08,14:00:00,SUBIDA AL CAMELLÓN,ASFALTO,Bueno,Bueno,1,TOYOTA,GRIS,1,,30,MASCULINO,SIN DATOS,0,0,Morelia,Los Angeles,julio,miércoles,14,-101.167963479351,19.7444751194994
29902,29907,2020,MOR2000529415,2020/07/08,15:33:00,COLISIÓN POR INVASIÓN DE CARRIL,ASFALTO,Bueno,Bueno,2,HONDA,BLANCO ROJO Y AZUL,2,MINISTERIO PÚBLICO,32,MASCULINO,SIN DATOS,0,0,Morelia,Tinijaro,julio,miércoles,16,-101.26316,19.6963297049991
29903,29908,2020,MOR200529510,2020/07/08,15:40:00,COLISIÓN CONTRA OBJETO FIJO,ASFALTO,Bueno,Bueno,1,VOLKSWAGEN,GRIS,1,,30,FEMENINO,SIN DATOS,0,0,Morelia,Bosques Tres Marias,julio,miércoles,16,-101.103995369572,19.7243717455719
29904,29909,2020,MOR 200529358,2020/07/08,15:50:00,COLISIÓN POR CAMBIO DE CARRIL,CONCRETO,Bueno,Bueno,2,NISSAN,BLANCO CON GRIS,2,,28,MASCULINO,SIN DATOS,0,0,Morelia,Felix Ireta,julio,miércoles,16,-101.19214836,19.6911467449992
29905,29910,2020,,2020/07/08,18:50:00,COLISIÓN POR CAMBIO DE CARRIL,ASFALTO,Lluvioso,Bueno,2,FORD,GRIS,2,,22,MASCULINO,SIN DATOS,0,0,Morelia,Central de Abastos,julio,miércoles,19,-101.169513985,19.7167281249991