fid,id_accidente,anio_origen,folio_c5i,dia_incidente,hora_ocurrencia,tipo_incidente_vial,superficie_ocurrencia,condiciones_climaticas,condiciones_via,numero_vehiculos_involucrados,marca_vehiculo_ocasiona_siniestro,color_vehiculo_ocasiona_siniestro,numero_personas_involucradas,lugar_remite_presunto_responsable,edad_presunto_responsable,sexo_presunto_responsable,resultados_toxicologia,numero_personas_lesionadas,numero_personas_fallecidas,municipio,colonia,mes,dia_semana,hora_redondeada,lon,lat
29906,29911,2020,MOR200529856,2020/07/08,19:05:00,VOLCADURA,ASFALTO,Nublado,Regular,1,VOLKSWAGEN,GRIS,1,,26,MASCULINO,SIN DATOS,0,0,Morelia,Cundagua,julio,miércoles,19,-101.168410515522,19.6807547216546
29907,29912,2020,,2020/07/08,23:30:00,COLISIÓN POR CORTE DE CIRCULACIÓN,CONCRETO,Nublado,Bueno,2,YAMAHA,ROJO,2,,24,MASCULINO,SIN DATOS,0,0,Morelia,Nueva Chapultepec,julio,miércoles,0,-101.165803209805,19.688961698363
29908,29913,2020,LEG31631,2020/07/09,"02:05:00",COLISIÓN CONTRA OBJETO FIJO,ASFALTO,Bueno,Bueno,1,NISSAN,AZUL,1,,0,MASCULINO,SIN DATOS,0,0,Morelia,El Porvenir,julio,jueves,2,-101.203842230809,19.7097740485066
29909,29914,2020,,2020/07/09,10:30:00,COLISIÓN POR CORTE DE CIRCULACIÓN,CONCRETO,Nublado,Bueno,2,YAMAHA,ROJO BLANCO,2,,23,MASCULINO,SIN DATOS,0,0,Morelia,Ferrocarrilero,julio,jueves,11,-101.223609235,19.6918737849991
29910,29915,2020,,2020/07/09,11:15:00,CAIDA DE MOTOCICLETA,ASFALTO,Bueno,Bueno,2,ITALIKA,GRIS,2,,40,MASCULINO,SIN DATOS,0,0,Morelia,Sin datos,julio,jueves,11,-101.286372735418,19.5943091517001
29911,29916,2020,,2020/07/09,13:16:00,COLISIÓN POR CAMBIO DE CARRIL,ASFALTO,Bueno,Bueno,2,VOLKSWAGEN,BLANCO,2,,62,MASCULINO,SIN DATOS,0,0,Morelia,Virrey Antonio de Mendoza,julio,jueves,13,-101.163245656275,19.7073395215387
29912,29917,2020,MOR20049534,2020/07/09,13:20:00,COLISIÓN POR CAMBIO DE CARRIL,ASFALTO,Bueno,Bueno,2,NISSAN,BLANCO,2,,34,MASCULINO,SIN DATOS,0,0,Morelia,Indeco El Vivero,julio,jueves,13,-101.230159699917,19.6802842359958
29913,29918,2020,,2020/07/09,14:20:00,COLISIÓN POR CAMBIO DE CARRIL,ASFALTO,Bueno,Bueno,2,FAMSA,BLANCO,2,,,MASCULINO,SIN DATOS,0,0,Morelia,Buenavista,julio,jueves,14,-101.161479726434,19.7058058572688
29914,29919,2020,,2020/07/09,18:40:00,COLISIÓN POR CORTE DE CIRCULACIÓN,ASFALTO,Lluvioso,Bueno,2,SIN DATOS,SIN DATOS,2,,,,SIN DATOS,0,0,Morelia,Bonanza,julio,jueves,19,-101.202392771162,19.6566340717469
29915,29920,2020,,2020/07/09,19:35:00,COLISIÓN POR INVASIÓN DE CARRIL,ASFALTO,Lluvioso,Regular,2,ITALIKA,ROJO,3,MINISTERIO PÚBLICO,27,MASCULINO,SIN DATOS,1,0,Jiménez,Sin datos,julio,jueves,20,-101.771323501385,19.9017900379824
29916,29921,2020,,2020/07/09,20:00:00,COLISIÓN CONTRA OBJETO FIJO,ASFALTO,Nublado,Bueno,1,VOLKSWAGEN,BLANCO,1,,40,MASCULINO,SIN DATOS,0,0,Charo,Sin datos,julio,jueves,20,-100.954424254596,19.6521318710128
29917,29922,2020,,2020/07/09,21:10:00,COLISIÓN CONTRA OBJETO FIJO,ASFALTO,Lluvioso,Bueno,1,NISSAN/XTRAIL,GRIS,1,,30,FEMENINO,ALIENTO ETÍLICO,0,0,Morelia,Jardin de La Montaña,julio,jueves,21,-101.313695157653,19.6905503950731
29918,29923,2020,,2020/07/09,22:32:00,COLISIÓN POR MANIOBRA DE REVERSA,ASFALTO,Lluvioso,Regular,2,JEEP,BLANCO,2,,70,MASCULINO,SIN DATOS,0,0,Morelia,Cundagua,julio,jueves,23,-101.167977408253,19.6826515888352
29919,29924,2020,LEG31643,2020/07/10,"08:45:00",COLISIÓN POR ALCANCE,ASFALTO,Bueno,Bueno,2,VOLKSWAGEN,BLANCO,2,,29,MASCULINO,SIN DATOS,0,0,Morelia,Jardines del Rincon,julio,viernes,9,-101.149283382681,19.68870732649
29920,29925,2020,"200533891",2020/07/10,12:10:00,COLISIÓN POR ALCANCE,ASFALTO,Bueno,Bueno,2,HONDA,GRIS,2,,38,MASCULINO,SIN DATOS,0,0,Morelia,Sin datos,julio,viernes,12,-101.309287883341,19.6872889608534
29921,29926,2020,LEG31647,2020/07/10,12:25:00,COLISIÓN POR CAMBIO DE CARRIL,ASFALTO,Bueno,Bueno,2,ALFA,BLANCO Y ROSA,2,,36,MASCULINO,SIN DATOS,0,0,Morelia,Centro,julio,viernes,12,-101.198281584814,19.7048983290153
29922,29927,2020,LEG31644,2020/07/10,13:00:00,COLISIÓN POR ALCANCE,ASFALTO,Bueno,Bueno,2,VOLKSWAGEN,GRIS,2,,37,MASCULINO,SIN DATOS,0,0,Morelia,Centro,julio,viernes,13,-101.18218963,19.7028850649992
29923,29928,2020,MOR200534460,2020/07/10,15:15:00,CAIDA DE MOTOCICLETA,ASFALTO,Bueno,Bueno,1,ITALIKA,NARANJA,2,,,,,2,0,Morelia,Vistas de Altozano,julio,viernes,15,-101.166184686792,19.6568730852725
29924,29929,2020,LEG31651,2020/07/10,16:00:00,COLISIÓN POR ALCANCE,ASFALTO,Bueno,Bueno,0,,,0,,,,,0,0,Morelia,Los Pinos de Michoacan,julio,viernes,16,-101.216325201094,19.6830951281812
29925,29930,2020,LEG31652,2020/07/10,16:30:00,COLISIÓN CONTRA OBJETO FIJO,ASFALTO,Bueno,Bueno,1,VOLKSWAGEN,BLANCO,1,,36,MASCULINO,SIN DATOS,0,0,Morelia,Tlalpujahua,julio,viernes,17,-101.218350634657,19.6773811396351
29926,29931,2020,LEG31649,2020/07/10,18:50:00,COLISIÓN POR ALCANCE,ASFALTO,Bueno,Bueno,2,CHEVROLET,BLANCO,2,,37,MASCULINO,SIN DATOS,0,0,Morelia,Infonavit  Las  Camelinas,julio,viernes,19,-101.17604442618,19.6817124465389
29927,29932,2020,,2020/07/10,18:50:00,COLISIÓN CONTRA OBJETO FIJO,ASFALTO,Bueno,Bueno,1,FORD,GRIS,0,MINISTERIO PÚBLICO,,,,0,0,Tuxpan,Sin datos,julio,viernes,19,-100.469339012421,19.5565850127924
29928,29933,2020,,2020/07/10,22:00:00,COLISIÓN POR CORTE DE CIRCULACIÓN,ASFALTO,Nublado,Bueno,1,SCANIA,DORADO,1,MINISTERIO PÚBLICO,,,SIN DATOS,0,0,Salvador Escalante,Sin datos,julio,viernes,22,-101.579541563988,19.4073793568875
29929,29934,2020,MOR200983689,2020/07/11,"00:00:00",COLISIÓN POR MANIOBRA DE REVERSA,ASFALTO,Bueno,Bueno,2,CHEVROLET,ROJO,2,MINISTERIO PÚBLICO,34,,SIN DATOS,0,0,Tarímbaro,Real Hacienda,julio,sábado,0,-101.200234293938,19.7520999204526
29930,29935,2020,,2020/07/11,"00:08:00",COLISIÓN CONTRA OBJETO FIJO,ASFALTO,Bueno,Bueno,2,HONDA,ROJO,1,,,MASCULINO,SIN DATOS,0,0,Buenavista,Sin datos,julio,sábado,0,-102.559482573785,19.288768622638
29931,29936,2020,LEG31650,2020/07/11,"02:00:00",SUBIDA AL CAMELLÓN,ASFALTO,Bueno,Bueno,1,MAZDA,BLANCO,0,,,,,0,0,Morelia,Torreon Nuevo,julio,sábado,2,-101.20358663,19.7462449699991
29932,29937,2020,,2020/07/11,"03:55:00",COLISIÓN CONTRA OBJETO FIJO,ASFALTO,Bueno,Bueno,1,NISSAN,NEGRO,1,,32,MASCULINO,SIN DATOS,0,0,Peribán,Sin datos,julio,sábado,4,-102.444337382913,19.5519890193519
29933,29938,2020,,2020/07/11,"07:10:00",CAIDA DE MOTOCICLETA,TERRACERIA,Bueno,Regular,1,ITALIKA,VERDE/NEGRO,1,,18,MASCULINO,SIN DATOS,0,0,Los Reyes,Centro,julio,sábado,7,-102.472911991867,19.5893722331321
29934,29939,2020,MOR200495859,2020/07/11,15:00:00,COLISIÓN POR CORTE DE CIRCULACIÓN,ASFALTO,Bueno,Bueno,2,NISSAN,BLANCO,2,MINISTERIO PÚBLICO,33,MASCULINO,SIN DATOS,0,0,Morelia,Fray Antonio de San Miguel Iglesias,julio,sábado,15,-101.148838730334,19.6870264198328
29935,29940,2020,,2020/07/11,15:15:00,COLISIÓN POR ALCANCE,ASFALTO,Bueno,Bueno,3,CHEVROLET,GRIS,3,,30,MASCULINO,SIN DATOS,0,0,Morelia,Dr Miguel Silva,julio,sábado,15,-101.187927793444,19.7204887484457
29936,29941,2020,,2020/07/11,15:30:00,COLISIÓN POR MANIOBRA DE REVERSA,ASFALTO,Bueno,Bueno,2,RENAULT,GRIS,2,,55,FEMENINO,SIN DATOS,0,0,Morelia,Josefa Ortiz de Dominguez,julio,sábado,16,-101.210532894023,19.6720411464155
29937,29942,2020,,2020/07/11,15:40:00,COLISIÓN CONTRA OBJETO FIJO,CONCRETO,Bueno,Bueno,2,CHEVROLET,BLANCO,2,,28,MASCULINO,SIN DATOS,0,0,Morelia,Centro,julio,sábado,16,-101.1939565,19.7056311549991
29938,29943,2020,,2020/07/11,16:01:00,COLISIÓN POR CORTE DE CIRCULACIÓN,CONCRETO,Bueno,Bueno,2,CHEVROLET,BLANCO Y AZUL,2,,51,MASCULINO,SIN DATOS,0,0,Morelia,Santa Maria de Guido,julio,sábado,16,-101.1923323094,19.6746220329022
29939,29944,2020,,2020/07/11,16:45:00,COLISIÓN POR ALCANCE,ASFALTO,Bueno,Bueno,2,HONDA,PLATA,2,,32,MASCULINO,SIN DATOS,0,0,Morelia,Morelos,julio,sábado,17,-101.206943181225,19.7013739021134
29941,29946,2020,,2020/07/11,18:18:00,COLISIÓN CONTRA OBJETO FIJO,ASFALTO,Bueno,Bueno,2,CHEVROLET,VERDE,2,,38,,SIN DATOS,0,0,Morelia,Lomas del Punhuato,julio,sábado,18,-101.146965145,19.7002362499991
29943,29948,2020,LEG31648,2020/07/11,21:35:00,COLISIÓN POR CORTE DE CIRCULACIÓN,ASFALTO,Bueno,Bueno,2,DODGE,AZUL,2,,34,MASCULINO,SIN DATOS,0,0,Morelia,La Colina,julio,sábado,22,-101.215538487631,19.7057864736237
29945,29950,2020,,2020/07/11,23:00:00,COLISIÓN POR INVASIÓN DE CARRIL,ASFALTO,Bueno,Bueno,2,ITALIKA,NEGRO Y ROJO,3,MINISTERIO PÚBLICO,13,MASCULINO,SIN DATOS,1,0,Tacámbaro,Sin datos,julio,sábado,23,-101.519055769526,19.2175715303319
29946,29951,2020,,2020/07/12,"00:00:00",COLISIÓN POR ALCANCE,ASFALTO,Lluvioso,Bueno,2,NISSAN,BLANCO,1,,22,MASCULINO,SIN DATOS,0,0,Morelia,Enrique Ramirez,julio,domingo,0,-101.165651847052,19.7086881668769
29947,29952,2020,LEG31668,2020/07/12,"00:00:00",COLISIÓN POR CORTE DE CIRCULACIÓN,ASFALTO,Lluvioso,Bueno,1,CHEVROLET,ROJO,1,,25,MASCULINO,SIN DATOS,0,0,Morelia,Elias Perez Avalos,julio,domingo,0,-101.171400315455,19.7146584135922
29948,29953,2020,MOR200203484,2020/07/12,"00:00:00",SUBIDA AL CAMELLÓN,ASFALTO,Lluvioso,Malo,1,NISSAN,VERDE,1,,37,MASCULINO,ALIENTO ETÍLICO,0,0,Morelia,Sin datos,julio,domingo,0,-101.294995,19.685888
29950,29955,2020,,2020/07/12,"02:00:00",COLISIÓN CONTRA OBJETO FIJO,ASFALTO,Bueno,Bueno,1,HONDA,BLANCO,1,,20,FEMENINO,ALIENTO ETÍLICO,0,0,Morelia,Hermanos Lopez Rayon,julio,domingo,2,-101.220990833954,19.6763501570814
29951,29956,2020,,2020/07/12,"04:20:00",COLISIÓN POR INVASIÓN DE CARRIL,ASFALTO,Nublado,Bueno,2,CHEVROLET/CORSA,GRIS,2,,24,MASCULINO,SIN DATOS,0,0,Morelia,Campestre Los Manantiales,julio,domingo,4,-101.237776589126,19.6908906678032
29952,29957,2020,,2020/07/12,"04:20:00",COLISIÓN POR CORTE DE CIRCULACIÓN,ASFALTO,Bueno,Bueno,2,DODGE,GRIS,2,,26,MASCULINO,ALIENTO ETÍLICO,0,0,Morelia,Centro,julio,domingo,4,-101.179312185,19.7035132699991
29954,29959,2020,,2020/07/12,"07:30:00",SALIDA DE SUPERFICIE DE RODAMIENTO,CONCRETO,Bueno,Regular,1,VOLKSWAGEN,ROJO,1,,40,MASCULINO,SIN DATOS,0,0,Tarímbaro,Sin datos,julio,domingo,8,-101.170868212512,19.7524097147434
29955,29960,2020,LEG31677,2020/07/12,12:55:00,SUBIDA AL CAMELLÓN,ASFALTO,Bueno,Bueno,1,CHEVROLET,ROJO,1,,35,FEMENINO,SIN DATOS,0,0,Morelia,Los Manantiales de Morelia,julio,domingo,13,-101.240233406425,19.6927374646223
29956,29961,2020,LEG31679,2020/07/12,14:55:00,COLISIÓN POR CORTE DE CIRCULACIÓN,ASFALTO,Bueno,Bueno,2,JEEP,VERDE,2,,74,MASCULINO,SIN DATOS,0,0,Morelia,El Realito,julio,domingo,15,-101.205197051167,19.7258358784188
29957,29962,2020,,2020/07/12,15:20:00,COLISIÓN POR CAMBIO DE CARRIL,ASFALTO,Bueno,Bueno,1,CHEVROLET,ROJO,1,,21,MASCULINO,SIN DATOS,0,0,Tuxpan,Sin datos,julio,domingo,15,-100.483161441304,19.6368534424578
29958,29963,2020,LEG31680,2020/07/12,15:55:00,COLISIÓN POR CORTE DE CIRCULACIÓN,CONCRETO,Bueno,Bueno,2,NISSAN,BLANCO,2,,53,MASCULINO,SIN DATOS,0,0,Morelia,Guadalupe,julio,domingo,16,-101.221570565618,19.7098574043744
29959,29964,2020,MOR: 200541029,2020/07/12,18:50:00,COLISIÓN POR INVASIÓN DE CARRIL,CONCRETO,Bueno,Bueno,2,KIA,GRIS,2,,59,MASCULINO,ALIENTO ETÍLICO,0,0,Morelia,Lomas del Valle,julio,domingo,19,-101.225985207342,19.6912857345675
29961,29966,2020,,2020/07/12,23:30:00,COLISIÓN POR CORTE DE CIRCULACIÓN,CONCRETO,Lluvioso,Regular,2,NISSAN TSURU,BLACO,2,,32,MASCULINO,SIN DATOS,0,0,Morelia,Poblado de Ocolusen,julio,domingo,0,-101.155088675,19.6951327349991
29962,29967,2020,"200541775",2020/07/12,23:40:00,COLISIÓN CON PEATÓN,ASFALTO,Bueno,Regular,1,FORD,BLANCO,1,,62,MASCULINO,SIN DATOS,0,0,Charo,Sin datos,julio,domingo,0,-101.079731024802,19.6867258483094
29963,29968,2020,,2020/07/13,"01:21:00",COLISIÓN POR MANIOBRA DE REVERSA,CONCRETO,Bueno,Bueno,1,FREIGHTLINER,BLANCO,1,,55,MASCULINO,SIN DATOS,0,0,Morelia,Centro,julio,lunes,1,-101.178623400629,19.7045244064742
29964,29969,2020,MOR 200542207,2020/07/13,"05:50:00",COLISIÓN POR NO RESPETAR SEMÁFORO,ASFALTO,Bueno,Bueno,2,ITALIKA,AZUL,2,,72,MASCULINO,SIN DATOS,0,0,Morelia,Tzindurio de Morelos,julio,lunes,6,-101.250142157078,19.6985061736554
29965,29970,2020,,2020/07/13,"09:45:00",COLISIÓN POR CORTE DE CIRCULACIÓN,ASFALTO,Bueno,Bueno,2,NISSAN URVAN,BLANCO/GRIS,2,,56,MASCULINO,SIN DATOS,0,0,Morelia,Felix Ireta,julio,lunes,10,-101.185051649809,19.6811480229287
29966,29971,2020,,2020/07/13,13:45:00,COLISIÓN POR ALCANCE,ASFALTO,Bueno,Bueno,2,NISSAN,BLANCO,2,,38,MASCULINO,SIN DATOS,0,0,Morelia,Loma de Los Piñones,julio,lunes,14,-101.203477084637,19.6749710604563
29967,29972,2020,,2020/07/13,13:50:00,SUBIDA AL CAMELLÓN,ASFALTO,Bueno,Bueno,1,DODGE,BLANCO,1,,30,MASCULINO,SIN DATOS,0,0,Morelia,Sentimientos de La Nacion,julio,lunes,14,-101.236870251596,19.6848036113132
29968,29973,2020,,2020/07/13,14:20:00,SALIDA DE SUPERFICIE DE RODAMIENTO,CONCRETO,Bueno,Bueno,1,ITALIKA/DT150,NEGRO ROJO,1,,52,MASCULINO,SIN DATOS,0,0,Morelia,Sin datos,julio,lunes,14,-101.13056796857,19.7610234449905
29969,29974,2020,,2020/07/13,15:40:00,COLISIÓN POR ALCANCE,ASFALTO,Bueno,Bueno,2,VOLKSWAGEN BEETLE,VERDE,2,,33,FEMENINO,SIN DATOS,0,0,Morelia,Pascual Ortiz de Ayala,julio,lunes,16,-101.150841079652,19.6948168065228
29970,29975,2020,,2020/07/13,18:40:00,COLISIÓN POR CAMBIO DE CARRIL,ASFALTO,Bueno,Bueno,2,SIN DATOS,AMARILLO,2,MINISTERIO PÚBLICO,45,MASCULINO,ALIENTO ETÍLICO,0,0,Morelia,Nueva Valladolid,julio,lunes,19,-101.213983632624,19.7006469352385
29971,29976,2020,,2020/07/13,20:03:00,COLISIÓN POR CORTE DE CIRCULACIÓN,ASFALTO,Bueno,Bueno,2,NISSAN,BLANCO,2,,31,MASCULINO,SIN DATOS,0,0,Morelia,Adolfo Lopez Mateos,julio,lunes,20,-101.225537918508,19.6955655569824
29972,29977,2020,,2020/07/13,21:17:00,COLISIÓN POR ALCANCE,ASFALTO,Bueno,Bueno,2,FORD,BLANCO FRANJA AZUL/ROJO,2,,38,MASCULINO,SIN DATOS,0,0,Morelia,Ventura Puente,julio,lunes,21,-101.183770498777,19.6892303093178
29973,29978,2020,,2020/07/13,22:44:00,COLISIÓN POR ALCANCE,SIN_DATOS,Bueno,Bueno,2,SEAT,BLANCO,2,,19,MASCULINO,SIN DATOS,0,0,Morelia,Ferrocarrilero,julio,lunes,23,-101.217983172022,19.6971043699403
29974,29979,2020,,2020/07/13,22:44:00,SALIDA DE SUPERFICIE DE RODAMIENTO,ASFALTO,Bueno,Bueno,1,NISSAN,BLANCO,1,,54,MASCULINO,CON CERTIFICADO,0,0,Morelia,Sin datos,julio,lunes,23,-101.263292357326,19.6392071980116
29975,29980,2020,,2020/07/13,23:30:00,COLISIÓN POR ALCANCE,ASFALTO,Bueno,Regular,2,TOYOTA,NEGRO,2,,21,MASCULINO,SIN DATOS,1,0,Tuxpan,Valle del Jornal,julio,lunes,0,-100.466233715415,19.5633234103492
29976,29981,2020,MOR-200545297,2020/07/14,10:30:00,COLISIÓN CON PEATÓN,ASFALTO,Bueno,Regular,2,NISSAN,BLANCO Y ROJO,2,,64,MASCULINO,SIN DATOS,0,0,Morelia,Ventura Puente,julio,martes,11,-101.190046258271,19.692978318302
29977,29982,2020,MOR200545288,2020/07/14,14:00:00,COLISIÓN POR NO RESPETAR SEMÁFORO,ASFALTO,Bueno,Bueno,2,VOLKSWAGEN,AZUL MARINO,2,MINISTERIO PÚBLICO,33,MASCULINO,ALIENTO ETÍLICO,0,0,Morelia,Tzindurio de Morelos,julio,martes,14,-101.249471239067,19.6987858442234
29978,29983,2020,MOR200545893,2020/07/14,14:10:00,COLISIÓN CONTRA OBJETO FIJO,ASFALTO,Bueno,Bueno,2,ITALIKA,ROJO Y NEGRO,3,,23,MASCULINO,SIN DATOS,1,0,Morelia,Nueva Valladolid,julio,martes,14,-101.209718585014,19.7020105431378
29979,29984,2020,MOR200546117,2020/07/14,14:35:00,COLISIÓN POR ALCANCE,ASFALTO,Bueno,Bueno,2,JEEP,BLANCO,2,MINISTERIO PÚBLICO,26,MASCULINO,SIN DATOS,0,0,Morelia,Lomas de Morelia (Dr Ignacio Chavez),julio,martes,15,-101.175341016876,19.7173752936231
29980,29985,2020,MOR200546284,2020/07/14,16:00:00,COLISIÓN POR CORTE DE CIRCULACIÓN,ASFALTO,Bueno,Bueno,2,FREIGHTLINER,BLANCO,2,,56,MASCULINO,SIN DATOS,0,0,Morelia,Leandro Valle,julio,martes,16,-101.229101202694,19.7181078420406
29981,29986,2020,MOR200546420,2020/07/14,16:30:00,COLISIÓN POR CAMBIO DE CARRIL,ASFALTO,Bueno,Bueno,2,VOLKSWAGEN,AZUL,2,,23,MASCULINO,SIN DATOS,0,0,Morelia,Niño Artillero,julio,martes,17,-101.256836920309,19.6973366942873
29982,29987,2020,,2020/07/14,18:00:00,COLISIÓN POR CORTE DE CIRCULACIÓN,ASFALTO,Lluvioso,Bueno,1,HONDA,BCO Y NEGRO,1,,26,MASCULINO,SIN DATOS,0,0,Morelia,Primo Tapia,julio,martes,18,-101.21241618625,19.7143759446955
29983,29988,2020,MOR2002546858,2020/07/14,20:00:00,COLISIÓN POR CORTE DE CIRCULACIÓN,ASFALTO,Bueno,Bueno,2,TOYOTA,BLANCO Y GUINDA,2,,23,MASCULINO,SIN DATOS,0,0,Morelia,Francisco J Mujica,julio,martes,20,-101.190089813687,19.7222215966858
29984,29989,2020,,2020/07/14,22:00:00,COLISIÓN POR ALCANCE,ASFALTO,Bueno,Bueno,2,CHEVROLET,BBLANO,2,MINISTERIO PÚBLICO,39,MASCULINO,SIN DATOS,0,0,Zacapu,Sin datos,julio,martes,22,-101.723008900881,19.7622442051176
29985,29990,2020,MOR200546858,2020/07/14,23:40:00,COLISIÓN CONTRA OBJETO FIJO,ASFALTO,Bueno,Regular,1,NISSAN,BLANCO,1,,27,MASCULINO,SIN DATOS,0,0,Morelia,Lomas de Hidalgo,julio,martes,0,-101.161272861063,19.6971359070711
29986,29991,2020,,2020/07/15,"05:40:00",COLISIÓN POR CAMBIO DE CARRIL,ASFALTO,Bueno,Bueno,2,MERCEDES BENZ,BLANCO,2,,48,MASCULINO,SIN DATOS,0,0,Morelia,Centro,julio,miércoles,6,-101.194721195,19.6967728549991
29987,29992,2020,,2020/07/15,"08:30:00",SALIDA DE SUPERFICIE DE RODAMIENTO,ASFALTO,Bueno,Bueno,1,NISSAN,PLATA,1,,28,MASCULINO,SIN DATOS,0,0,Morelos,Sin datos,julio,miércoles,9,-101.340922527015,19.9972729138406
29988,29993,2020,,2020/07/15,10:45:00,COLISIÓN POR ALCANCE,ASFALTO,Bueno,Bueno,2,NISSAN,SANDSTONE,2,MINISTERIO PÚBLICO,43,MASCULINO,SIN DATOS,0,0,Morelia,Josefa Ortiz de Dominguez,julio,miércoles,11,-101.210532894023,19.6720411464155
29989,29994,2020,,2020/07/15,12:00:00,COLISIÓN POR INVASIÓN DE CARRIL,ASFALTO,Bueno,Bueno,2,DODGE,BLANCO,2,,38,MASCULINO,SIN DATOS,0,0,Morelia,5 de Mayo,julio,miércoles,12,-101.17543291,19.7031789799992
29991,29996,2020,,2020/07/15,14:45:00,COLISIÓN POR INVASIÓN DE CARRIL,ASFALTO,Bueno,Malo,2,FREIGHTLINER,BLANCO,2,MINISTERIO PÚBLICO,19,MASCULINO,SIN DATOS,1,0,Tacámbaro,Sin datos,julio,miércoles,15,-101.357162200762,19.3013719826181
29993,29998,2020,,2020/07/15,15:30:00,VOLCADURA,ASFALTO,Bueno,Bueno,1,KINWORTH,BLANCO,1,MINISTERIO PÚBLICO,,,SIN DATOS,0,0,Salvador Escalante,Sin datos,julio,miércoles,16,-101.524637080729,19.4053516476022
29995,30000,2020,,2020/07/15,17:45:00,COLISIÓN POR CORTE DE CIRCULACIÓN,ASFALTO,Bueno,Bueno,2,NISSAN,BLANCO,2,,40,MASCULINO,SIN DATOS,0,0,Morelia,Torreon Nuevo,julio,miércoles,18,-101.20358663,19.7462449699991
29996,30001,2020,,2020/07/15,18:10:00,COLISIÓN CON PEATÓN,ASFALTO,Lluvioso,Bueno,1,HONDA,VERDE,1,MINISTERIO PÚBLICO,39,MASCULINO,SIN DATOS,0,0,Coeneo,Sin datos,julio,miércoles,18,-101.669493832372,19.7466837622366
29997,30002,2020,,2020/07/15,19:30:00,COLISIÓN POR ALCANCE,ASFALTO,Bueno,Bueno,2,MAZDA,ROJO,2,,,FEMENINO,SIN DATOS,0,0,Morelia,Camelinas,julio,miércoles,20,-101.17262119,19.6818144849991
29998,30003,2020,,2020/07/15,20:20:00,COLISIÓN POR CORTE DE CIRCULACIÓN,ASFALTO,Bueno,Bueno,2,VOLKSWAGEN,GRIS,0,,,,,0,0,Lázaro Cárdenas,Sin datos,julio,miércoles,20,-102.227732942187,17.9354712100936
29999,30004,2020,MOR200549876,2020/07/15,20:50:00,COLISIÓN POR CORTE DE CIRCULACIÓN,ASFALTO,Nublado,Regular,2,MAZDA,VERDE,2,,61,MASCULINO,ALIENTO ETÍLICO,0,0,Morelia,La Floresta,julio,miércoles,21,-101.204400720377,19.6659776131012
30000,30005,2020,,2020/07/15,21:23:00,SUBIDA AL CAMELLÓN,ASFALTO,Bueno,Bueno,1,CHEVROLET,AZUL,1,,19,MASCULINO,ALIENTO ETÍLICO,0,0,Morelia,Jardines del Rincon,julio,miércoles,21,-101.149283382681,19.68870732649
30001,30006,2020,,2020/07/16,"03:00:00",COLISIÓN POR CORTE DE CIRCULACIÓN,SIN_DATOS,Bueno,Bueno,2,VOLKSWAGEN,GRIS,2,,25,MASCULINO,ALIENTO ETÍLICO,0,0,Morelia,Felix Ireta,julio,jueves,3,-101.1927328,19.6901125899992
30002,30007,2020,,2020/07/16,"09:15:00",CAIDA DE MOTOCICLETA,ASFALTO,Bueno,Bueno,1,HONDA,BLANCO Y NEGRO,1,,34,MASCULINO,SIN DATOS,0,0,Morelia,Montaña Monarca,julio,jueves,9,-101.160690486431,19.6720668920129
30003,30008,2020,,2020/07/16,12:05:00,COLISIÓN POR CORTE DE CIRCULACIÓN,CONCRETO,Bueno,Bueno,2,HONDA,ROJO,2,,29,FEMENINO,SIN DATOS,0,0,Morelia,Industrial,julio,jueves,12,-101.193254850805,19.7095805651782
30004,30009,2020,MOR200550961,2020/07/16,12:15:00,COLISIÓN POR MANIOBRA DE REVERSA,ASFALTO,Bueno,Bueno,1,VOLKSWAGEN,ROJO,2,,40,MASCULINO,SIN DATOS,0,0,Morelia,Eva Samano,julio,jueves,12,-101.199160404503,19.7306786542364
30005,30010,2020,MOR200550880,2020/07/16,12:32:00,COLISIÓN POR CORTE DE CIRCULACIÓN,SIN_DATOS,Bueno,Bueno,3,S/D,S/D,2,,66,MASCULINO,SIN DATOS,0,0,Morelia,Industrial,julio,jueves,13,-101.194035708904,19.7090329397701
30006,30011,2020,MOR 200551181,2020/07/16,14:10:00,SALIDA DE SUPERFICIE DE RODAMIENTO,ASFALTO,Bueno,Bueno,1,NISSAN,BLANCO Y ROJO,1,,0,,SIN DATOS,0,0,Morelia,Xangari,julio,jueves,14,-101.220042041756,19.6741537347528
30007,30012,2020,,2020/07/16,14:10:00,COLISIÓN POR ALCANCE,CONCRETO,Bueno,Bueno,2,FREIGHTLINER,BLANCO,5,MINISTERIO PÚBLICO,32,MASCULINO,SIN DATOS,0,4,Zitácuaro,Sin datos,julio,jueves,14,-100.296995013274,19.4519423826797
30008,30013,2020,,2020/07/16,17:40:00,SALIDA DE SUPERFICIE DE RODAMIENTO,ASFALTO,Bueno,Bueno,1,FORD,AZUL,1,,0,MASCULINO,SIN DATOS,0,0,Charo,Sin datos,julio,jueves,18,-100.950622558594,19.6760942343319
30009,30014,2020,MOR200552220,2020/07/16,20:00:00,COLISIÓN POR CORTE DE CIRCULACIÓN,CONCRETO,Bueno,Bueno,2,NISSAN,BLANCO,2,MINISTERIO PÚBLICO,26,MASCULINO,SIN DATOS,1,0,Morelia,Adolfo Lopez Mateos,julio,jueves,20,-101.225604607977,19.6945554087963
30010,30015,2020,,2020/07/16,21:00:00,SALIDA DE SUPERFICIE DE RODAMIENTO,ASFALTO,Bueno,Bueno,1,JEEP,VERDE,1,,,MASCULINO,SIN DATOS,0,0,Morelia,Sin datos,julio,jueves,21,-101.277424,19.561024