fid,id_accidente,anio_origen,folio_c5i,dia_incidente,hora_ocurrencia,tipo_incidente_vial,superficie_ocurrencia,condiciones_climaticas,condiciones_via,numero_vehiculos_involucrados,marca_vehiculo_ocasiona_siniestro,color_vehiculo_ocasiona_siniestro,numero_personas_involucradas,lugar_remite_presunto_responsable,edad_presunto_responsable,sexo_presunto_responsable,resultados_toxicologia,numero_personas_lesionadas,numero_personas_fallecidas,municipio,colonia,mes,dia_semana,hora_redondeada,lon,lat
30011,30016,2020,MOR200551773,2020/07/16,21:10:00,SALIDA DE SUPERFICIE DE RODAMIENTO,ASFALTO,Bueno,Bueno,1,VOLKSWAGEN,BLANCO,1,,35,MASCULINO,SIN DATOS,0,0,Tzitzio,Sin datos,julio,jueves,21,-100.909825488925,19.5290944451102
30012,30017,2020,MOR200550423,2020/07/17,"00:20:00",COLISIÓN POR CORTE DE CIRCULACIÓN,ASFALTO,Lluvioso,Regular,1,MAZDA,ROJO,1,,0,,SIN DATOS,0,0,Morelia,Residencial Alborada,julio,viernes,0,-101.234630972825,19.7024701555816
30013,30018,2020,,2020/07/17,"02:40:00",COLISIÓN CONTRA OBJETO FIJO,ASFALTO,Bueno,Bueno,1,HONDA,BLANCO,0,,,,,0,0,Morelia,Felix Arreguin,julio,viernes,3,-101.22627787292,19.7217758704451
30014,30019,2020,,2020/07/17,"08:00:00",COLISIÓN POR ALCANCE,ASFALTO,Bueno,Bueno,1,italika,negra,1,,,MASCULINO,SIN DATOS,0,0,Morelia,Ilustres Novohispanos,julio,viernes,8,-101.152060814202,19.7062827903357
30015,30020,2020,MOR200018958,2020/07/17,"08:00:00",COLISIÓN POR ALCANCE,ASFALTO,Bueno,Bueno,2,ITALIKA,GRIS,2,,43,MASCULINO,SIN DATOS,0,0,Morelia,La Aldea,julio,viernes,8,-101.135108216919,19.7436379441382
30016,30021,2020,,2020/07/17,"08:54:00",COLISIÓN POR CORTE DE CIRCULACIÓN,ASFALTO,Bueno,Bueno,2,Alfa Romero,Negro,2,,47,FEMENINO,SIN DATOS,0,0,Morelia,Felix Ireta,julio,viernes,9,-101.187073730611,19.6811369737865
30017,30022,2020,,2020/07/17,10:35:00,COLISIÓN CON PEATÓN,CONCRETO,Bueno,Bueno,1,Ford,Blanco,2,MINISTERIO PÚBLICO,56,MASCULINO,SIN DATOS,1,0,Morelia,Colinas del Sur,julio,viernes,11,-101.199515766717,19.6680144172445
30018,30023,2020,,2020/07/17,12:05:00,COLISIÓN POR INVASIÓN DE CARRIL,ASFALTO,Bueno,Bueno,2,FORD,NEGRO,2,,,MASCULINO,SIN DATOS,0,0,Morelia,Sentimientos de La Nacion,julio,viernes,12,-101.235264248468,19.6811710395802
30019,30024,2020,,2020/07/17,13:00:00,COLISIÓN POR CORTE DE CIRCULACIÓN,ASFALTO,Bueno,Bueno,2,LINCOLN,NEGRO,2,,53,MASCULINO,SIN DATOS,0,0,Morelia,San Rafael,julio,viernes,13,-101.153861887075,19.6998022787689
30020,30025,2020,,2020/07/17,13:35:00,COLISIÓN POR CAMBIO DE CARRIL,ASFALTO,Bueno,Bueno,2,NISSAN VERSA,ROJO,2,,37,FEMENINO,SIN DATOS,0,0,Morelia,San Pascual,julio,viernes,14,-101.269089921631,19.6948088575571
30021,30026,2020,LEG31756,2020/07/17,13:45:00,COLISIÓN POR CORTE DE CIRCULACIÓN,SIN_DATOS,Bueno,Bueno,1,FORD,BALNCO,0,,,,,0,0,Morelia,Popular Pogreso,julio,viernes,14,-101.200635284185,19.7249376163491
30022,30027,2020,,2020/07/17,14:03:00,COLISIÓN POR CORTE DE CIRCULACIÓN,ASFALTO,Bueno,Bueno,2,Chrysler,Blanco,2,,26,MASCULINO,SIN DATOS,0,0,Morelia,Jesus del Monte,julio,viernes,14,-101.153804920614,19.6524747717917
30023,30028,2020,,2020/07/17,14:15:00,COLISIÓN CONTRA OBJETO FIJO,ASFALTO,Bueno,Bueno,1,FORD FOCUD,BLANCO,1,,49,MASCULINO,SIN DATOS,0,0,Morelia,Rinconada del Valle,julio,viernes,14,-101.218681186438,19.6782451718055
30024,30029,2020,,2020/07/17,15:00:00,COLISIÓN CONTRA OBJETO FIJO,ASFALTO,Bueno,Bueno,1,Honda,Azul,1,,,FEMENINO,SIN DATOS,0,0,Morelia,Tlalpujahua,julio,viernes,15,-101.218434728004,19.678609168309
30025,30030,2020,,2020/07/17,17:25:00,COLISIÓN POR CORTE DE CIRCULACIÓN,CONCRETO,Bueno,Bueno,1,ZUZUKI,BLANCO,1,,33,FEMENINO,SIN DATOS,0,0,Morelia,Fuentes de Morelia,julio,viernes,17,-101.204321309924,19.6720397411422
30026,30031,2020,,2020/07/17,17:31:00,COLISIÓN POR ALCANCE,ASFALTO,Bueno,Bueno,2,GML,Blanco,2,,49,MASCULINO,SIN DATOS,0,0,Morelia,Nueva Valladolid,julio,viernes,18,-101.210571497001,19.6955201017327
30027,30032,2020,,2020/07/17,17:40:00,COLISIÓN POR CAMBIO DE CARRIL,ASFALTO,Bueno,Bueno,2,ITALIKA,AMARILLO,2,,40,FEMENINO,SIN DATOS,0,0,Morelia,Centro,julio,viernes,18,-101.182763995434,19.7067718407559
30028,30033,2020,MOR200552048,2020/07/17,18:25:00,COLISIÓN POR MANIOBRA DE REVERSA,CONCRETO,Bueno,Bueno,2,FORD,ROJO,2,,40,MASCULINO,SIN DATOS,0,0,Morelia,Sin datos,julio,viernes,18,-101.116771630265,19.7030502863426
30029,30034,2020,,2020/07/17,20:23:00,COLISIÓN POR ALCANCE,CONCRETO,Bueno,Bueno,2,Italika,Amarillo,2,,30,MASCULINO,SIN DATOS,0,0,Morelia,Indeco Expropiacion Petrolera,julio,viernes,20,-101.225691474974,19.6853664723526
30030,30035,2020,,2020/07/17,21:00:00,COLISIÓN POR INVASIÓN DE CARRIL,ASFALTO,Bueno,Bueno,2,JEEP,AZUL,2,MINISTERIO PÚBLICO,,,SIN DATOS,0,0,Tacámbaro,Centro,julio,viernes,21,-101.456587,19.234897
30031,30036,2020,,2020/07/18,"00:07:00",SALIDA DE SUPERFICIE DE RODAMIENTO,ASFALTO,Nublado,Regular,1,PEUGEOT,GRIS,1,,45,MASCULINO,SIN DATOS,0,0,Morelia,Morelia 450,julio,sábado,0,-101.217039705001,19.675598732084
30032,30037,2020,,2020/07/18,"01:18:00",COLISIÓN POR MANIOBRA DE REVERSA,ASFALTO,Bueno,Bueno,2,Ford,Negro,2,,30,MASCULINO,SIN DATOS,0,0,Morelia,Lomas de Hidalgo,julio,sábado,1,-101.159034914956,19.6959715697976
30033,30038,2020,,2020/07/18,"02:15:00",COLISIÓN POR INVASIÓN DE CARRIL,ASFALTO,Bueno,Bueno,2,JEEP,ROJO,2,MINISTERIO PÚBLICO,,,SIN DATOS,0,0,Salvador Escalante,Sin datos,julio,sábado,2,-101.520822674714,19.4065432252555
30034,30039,2020,"200556291",2020/07/18,"08:20:00",COLISIÓN POR ALCANCE,CONCRETO,Bueno,Bueno,2,NISSAN,GRIS,2,,32,MASCULINO,CON CERTIFICADO,0,0,Morelia,Reforma,julio,sábado,8,-101.242171607233,19.7057929446769
30035,30040,2020,MOR200556310,2020/07/18,"09:00:00",COLISIÓN POR CORTE DE CIRCULACIÓN,ASFALTO,Bueno,Bueno,2,TOYOTA,BLANCO Y GRIS,2,,33,MASCULINO,SIN DATOS,0,0,Morelia,Emiliano Zapata,julio,sábado,9,-101.215722069823,19.7152593744756
30036,30041,2020,MOR20056592,2020/07/18,10:50:00,COLISIÓN POR ALCANCE,ASFALTO,Bueno,Bueno,2,NISSAN,AZUL,2,,50,MASCULINO,SIN DATOS,0,0,Morelia,Sin datos,julio,sábado,11,-101.287936829031,19.6888787056752
30037,30042,2020,,2020/07/18,12:15:00,SALIDA DE SUPERFICIE DE RODAMIENTO,ASFALTO,Bueno,Bueno,1,CHEVROLET,ROJO,1,,40,MASCULINO,SIN DATOS,0,0,Tarímbaro,Sin datos,julio,sábado,12,-101.178051419556,19.7589389979896
30038,30043,2020,MOR200559140,2020/07/18,15:00:00,COLISIÓN POR ALCANCE,ASFALTO,Bueno,Bueno,2,CHRYSLER,NEGRO,2,,62,MASCULINO,SIN DATOS,0,0,Morelia,Lomas de Huerta,julio,sábado,15,-101.213159493424,19.6737827539517
30039,30044,2020,MOR 200556291,2020/07/18,16:25:00,SALIDA DE SUPERFICIE DE RODAMIENTO,ASFALTO,Bueno,Regular,2,S/D,S/D,1,,27,FEMENINO,SIN DATOS,0,0,Morelia,El Lago 2,julio,sábado,16,-101.213347644292,19.7265140761317
30040,30045,2020,LEG31777,2020/07/18,16:35:00,COLISIÓN POR ALCANCE,ASFALTO,Bueno,Bueno,2,SEAT,VERDE,2,,68,MASCULINO,SIN DATOS,0,0,Morelia,Primaveras,julio,sábado,17,-101.22573338449,19.681301677672
30041,30046,2020,MOR200557744,2020/07/18,16:45:00,COLISIÓN POR CORTE DE CIRCULACIÓN,ASFALTO,Bueno,Bueno,2,FORD,BLANCO,2,,26,MASCULINO,SIN DATOS,0,0,Tarímbaro,Sin datos,julio,sábado,17,-101.132802248679,19.7759502804863
30042,30047,2020,MOR200557922,2020/07/18,17:50:00,COLISIÓN POR CAMBIO DE CARRIL,SIN_DATOS,Bueno,Bueno,2,KIA,NEGRO,2,,47,MASCULINO,SIN DATOS,0,0,Morelia,Poblado de Ocolusen,julio,sábado,18,-101.149489947331,19.6946857777011
30043,30048,2020,,2020/07/18,19:00:00,COLISIÓN POR CAMBIO DE CARRIL,ASFALTO,Bueno,Bueno,2,VOLKSWAGEN,ROJO,2,,24,MASCULINO,SIN DATOS,0,0,Morelia,Jardines del Rincon,julio,sábado,19,-101.147624410011,19.6894402896782
30044,30049,2020,MOR200557061,2020/07/18,20:30:00,COLISIÓN POR ALCANCE,ASFALTO,Bueno,Bueno,2,DODGE,AZUL,2,,19,MASCULINO,SIN DATOS,0,0,Morelia,Poblado de Ocolusen,julio,sábado,21,-101.149481870234,19.6946807557893
30045,30050,2020,MOR 200558181,2020/07/18,21:00:00,CAIDA ACUATICA DE VEHÍCULO,TERRACERIA,Lluvioso,Malo,1,FORD,BLANCO,1,,44,MASCULINO,SIN DATOS,0,0,Morelia,Puebla,julio,sábado,21,-101.198967220694,19.7469087548466
30046,30051,2020,LEG31768,2020/07/18,21:45:00,COLISIÓN POR INVASIÓN DE CARRIL,CONCRETO,Bueno,Bueno,2,CHEVROLET,CAFE,2,,,MASCULINO,SIN DATOS,0,0,Morelia,Lucio Cabañas(26 de Julio),julio,sábado,22,-101.248049028218,19.7115690450856
30047,30052,2020,,2020/07/18,23:40:00,VOLCADURA,CONCRETO,Bueno,Bueno,1,GMC,BLANCO/ROJO,1,,43,MASCULINO,SIN DATOS,0,0,Cuitzeo,San Agustin del Pulque,julio,sábado,0,-101.072427,19.96132
30048,30053,2020,MOR200558903,2020/07/19,"00:15:00",COLISIÓN CONTRA OBJETO FIJO,ASFALTO,Bueno,Regular,1,HONDA,ROJO,1,MINISTERIO PÚBLICO,,,,1,0,Morelia,Granjas Unidas de Morelia,julio,domingo,0,-101.27948988229,19.6913087497523
30049,30054,2020,MOR200558938,2020/07/19,"00:25:00",COLISIÓN CONTRA OBJETO FIJO,ASFALTO,Bueno,Bueno,2,HONDA,GRIS,1,,28,MASCULINO,SIN DATOS,0,0,Morelia,La Hacienda,julio,domingo,0,-101.315603540684,19.6791092567361
30050,30055,2020,,2020/07/19,"01:00:00",SALIDA DE SUPERFICIE DE RODAMIENTO,ASFALTO,Bueno,Bueno,1,JEEP,GRIS,1,,0,,SIN DATOS,0,0,Tarímbaro,Sin datos,julio,domingo,1,-101.088069037281,19.7945821090057
30051,30056,2020,LEG31783,2020/07/19,"02:25:00",SUBIDA AL CAMELLÓN,ASFALTO,Bueno,Bueno,1,VOLKSWAGEN,PLATA,1,,0,,SIN DATOS,0,0,Morelia,San Rafael,julio,domingo,2,-101.154690384865,19.7004604998979
30052,30057,2020,MOR 200559140,2020/07/19,"02:50:00",COLISIÓN CONTRA OBJETO FIJO,CONCRETO,Bueno,Bueno,1,VOLKSWAGEN,AZUL,1,,67,MASCULINO,SIN DATOS,0,0,Morelia,Centro,julio,domingo,3,-101.191585510969,19.7019023904054
30053,30058,2020,MOR200557071,2020/07/19,"03:15:00",COLISIÓN CONTRA OBJETO FIJO,ASFALTO,Bueno,Bueno,1,DODGE,BLANCO,1,,56,MASCULINO,ALIENTO ETÍLICO,0,0,Morelia,Villas del Real,julio,domingo,3,-101.199265254489,19.7324519560484
30054,30059,2020,LEG31782,2020/07/19,"03:35:00",COLISIÓN POR MANIOBRA DE REVERSA,CONCRETO,Bueno,Bueno,2,VOKSWAGEN,BLANCO,2,,28,MASCULINO,SIN DATOS,0,0,Morelia,Chapultepec Sur,julio,domingo,4,-101.171594671905,19.6902528310053
30055,30060,2020,,2020/07/19,"04:24:00",COLISIÓN POR INVASIÓN DE CARRIL,ASFALTO,Bueno,Regular,1,HONDA,VINO,2,MINISTERIO PÚBLICO,26,MASCULINO,SIN DATOS,0,1,Acuitzio,Las Peñas,julio,domingo,4,-101.341003023766,19.5126897109406
30056,30061,2020,MOR200559305,2020/07/19,"06:00:00",CAIDA DE MOTOCICLETA,ASFALTO,Bueno,Regular,1,ITALIKA,NEGRO Y AZUL,1,,20,MASCULINO,SIN DATOS,0,0,Morelia,Comision Federal de Electricidad,julio,domingo,6,-101.178277761422,19.6815725964035
30057,30062,2020,,2020/07/19,"07:30:00",COLISIÓN POR CORTE DE CIRCULACIÓN,ASFALTO,Bueno,Bueno,1,FORD,GRIS,0,MINISTERIO PÚBLICO,,,,0,0,Lázaro Cárdenas,600 Casas,julio,domingo,8,-102.216192036867,17.96534356534
30058,30063,2020,MOR200556286,2020/07/19,"08:35:00",COLISIÓN POR CORTE DE CIRCULACIÓN,ASFALTO,Bueno,Bueno,2,KAWASAKI,AZUL,2,,27,MASCULINO,SIN DATOS,0,0,Morelia,Central de Abastos,julio,domingo,9,-101.169363409281,19.7158441931796
30059,30064,2020,,2020/07/19,"09:15:00",COLISIÓN POR INVASIÓN DE CARRIL,ASFALTO,Bueno,Bueno,2,SUZUKI,ROJO,1,MINISTERIO PÚBLICO,59,MASCULINO,SIN DATOS,0,0,Charo,Sin datos,julio,domingo,9,-101.006007187736,19.6814261166727
30060,30065,2020,LEG31771,2020/07/19,13:30:00,COLISIÓN CONTRA OBJETO FIJO,CONCRETO,Bueno,Bueno,2,KENWORT,AZUL,2,,45,MASCULINO,SIN DATOS,0,0,Morelia,Elias Perez Avalos,julio,domingo,14,-101.169389793226,19.71583635463
30061,30066,2020,,2020/07/19,14:45:00,COLISIÓN POR ALCANCE,ASFALTO,Bueno,Bueno,2,TOYOTA,GRIS,2,,29,FEMENINO,SIN DATOS,0,0,Morelia,Bosques de Oriente,julio,domingo,15,-101.156744987441,19.7148834963463
30062,30067,2020,,2020/07/19,15:15:00,COLISIÓN POR CORTE DE CIRCULACIÓN,CONCRETO,Bueno,Bueno,1,ITALIKA,BLANCO,1,,42,MASCULINO,SIN DATOS,0,0,Morelia,Agustin Arriaga Rivera,julio,domingo,15,-101.220193586565,19.69475456354
30063,30068,2020,,2020/07/19,16:50:00,COLISIÓN POR CORTE DE CIRCULACIÓN,ASFALTO,Nublado,Bueno,2,FORD,NEGRO,4,MINISTERIO PÚBLICO,44,MASCULINO,SIN DATOS,2,0,Coeneo,Sin datos,julio,domingo,17,-101.702548004687,19.7546028410141
30064,30069,2020,,2020/07/19,17:05:00,CAIDA DE MOTOCICLETA,ASFALTO,Lluvioso,Regular,1,BAJAJ PULSAR,NEGRO Y ROJO,2,,29,MASCULINO,SIN DATOS,1,0,Morelia,Cinco de Diciembre,julio,domingo,17,-101.165862120688,19.6844257962483
30065,30070,2020,,2020/07/19,18:00:00,COLISIÓN CONTRA OBJETO FIJO,ASFALTO,Bueno,Bueno,1,CHEVROLET,BLANCO,1,,21,MASCULINO,ALIENTO ETÍLICO,0,0,Morelia,San Isidro Itzicuaro Norte,julio,domingo,18,-101.27349615097,19.6993831197487
30066,30071,2020,,2020/07/19,19:55:00,COLISIÓN POR CORTE DE CIRCULACIÓN,CONCRETO,Bueno,Bueno,2,CHEVROLET,BLANCO,2,,,MASCULINO,SIN DATOS,0,0,Morelia,Villa Universidad,julio,domingo,20,-101.200984276153,19.6850262534726
30067,30072,2020,MOR20058960,2020/07/19,20:48:00,COLISIÓN POR CORTE DE CIRCULACIÓN,CONCRETO,Nublado,Regular,2,AUDI,GRIS,1,MINISTERIO PÚBLICO,,,,1,0,Morelia,Centro,julio,domingo,21,-101.178216710687,19.6990885570752
30068,30073,2020,,2020/07/19,20:57:00,COLISIÓN POR CORTE DE CIRCULACIÓN,ASFALTO,Bueno,Bueno,2,ITALIKA,BLANCO,0,MINISTERIO PÚBLICO,,,,0,0,Pátzcuaro,Centro,julio,domingo,21,-101.61767824807,19.5162032162245
30069,30074,2020,MOR200558463,2020/07/19,21:00:00,COLISIÓN CONTRA OBJETO FIJO,CONCRETO,Bueno,Bueno,2,FORD,BLANCO,2,,55,MASCULINO,SIN DATOS,0,0,Morelia,Sin datos,julio,domingo,21,-101.103968304024,19.7329033437949
30070,30075,2020,,2020/07/19,21:11:00,COLISIÓN POR ALCANCE,ASFALTO,Bueno,Bueno,2,VOLKSWAGEN,NEGRO,1,,49,MASCULINO,SIN DATOS,0,0,Tarímbaro,Sin datos,julio,domingo,21,-101.157254607164,19.7718571852672
30071,30076,2020,MOR200558414,2020/07/19,22:15:00,COLISIÓN CONTRA OBJETO FIJO,ASFALTO,Bueno,Bueno,1,NISSAN,AZUL,0,,,,,0,0,Morelia,Ciudad Industrial,julio,domingo,22,-101.130738563168,19.7337973329911
30072,30077,2020,,2020/07/20,"01:00:00",COLISIÓN CONTRA OBJETO FIJO,ASFALTO,Bueno,Bueno,1,MERCURY,BLANCO,1,,24,FEMENINO,SIN DATOS,0,0,Tarímbaro,Los Angeles,julio,lunes,1,-101.171810589731,19.750607736335
30074,30079,2020,,2020/07/20,11:40:00,COLISIÓN CON PEATÓN,ASFALTO,Bueno,Bueno,1,CHEVROLET,BLANCO,1,MINISTERIO PÚBLICO,,MASCULINO,SIN DATOS,0,0,Morelia,Lomas del Tecnologico,julio,lunes,12,-101.195361155,19.7230174649991
30075,30080,2020,,2020/07/20,11:50:00,COLISIÓN POR ALCANCE,ASFALTO,Bueno,Bueno,2,TOYOTA,ROJO,2,,33,MASCULINO,SIN DATOS,0,0,Morelia,Praderas del Indio,julio,lunes,12,-101.223494028547,19.6450845894654
30076,30081,2020,,2020/07/20,13:20:00,COLISIÓN POR INVASIÓN DE CARRIL,SIN_DATOS,Bueno,Bueno,2,ITALIKA,NEGRO/ROJO,2,,53,MASCULINO,SIN DATOS,0,0,Jacona,Sin datos,julio,lunes,13,-102.358534522355,19.9288757695585
30077,30082,2020,MOR200563147,2020/07/20,14:24:00,COLISIÓN CON PEATÓN,ASFALTO,Bueno,Bueno,1,ITALIKA,S/D,2,,41,MASCULINO,SIN DATOS,1,0,Morelia,Ciudad Jardin,julio,lunes,14,-101.251418735,19.7032794499992
30078,30083,2020,,2020/07/20,14:30:00,VOLCADURA,ASFALTO,Nublado,Regular,1,GMC,ROJO,0,MINISTERIO PÚBLICO,,,,0,0,Erongarícuaro,Sin datos,julio,lunes,15,-101.747469641268,19.5804353271472
30079,30084,2020,,2020/07/20,16:20:00,CAIDA DE MOTOCICLETA,ASFALTO,Bueno,Bueno,1,ITALIKA,ROJO Y NEGRO,1,MINISTERIO PÚBLICO,,,,1,0,Morelia,Pablo Galeana,julio,lunes,16,-101.23195962002,19.6384869212627
30080,30085,2020,,2020/07/20,18:00:00,COLISIÓN POR CORTE DE CIRCULACIÓN,ASFALTO,Bueno,Bueno,1,FORD,NEGRO,0,,,,,0,0,Morelia,Villas del Sol,julio,lunes,18,-101.229143505648,19.6949544757896
30081,30086,2020,,2020/07/20,18:15:00,COLISIÓN CON PEATÓN,SIN_DATOS,Bueno,Bueno,2,NISSAN,BLANCON Y  CAFE,2,,35,MASCULINO,SIN DATOS,0,0,Morelia,Ventura Puente,julio,lunes,18,-101.193225725,19.6917077449992
30082,30087,2020,,2020/07/20,19:40:00,COLISIÓN POR INVASIÓN DE CARRIL,SIN_DATOS,Bueno,Bueno,3,FORD,AZUL,3,MINISTERIO PÚBLICO,38,FEMENINO,SIN DATOS,2,0,Morelia,San Juanito Itzicuaro,julio,lunes,20,-101.255134727027,19.6751284703389
30083,30088,2020,,2020/07/20,20:20:00,COLISIÓN CONTRA OBJETO FIJO,ASFALTO,Bueno,Bueno,3,TOYOTA,BLANCO,3,,52,MASCULINO,SIN DATOS,0,0,Morelia,El Lago 2,julio,lunes,20,-101.214435013967,19.7262881110028
30084,30089,2020,,2020/07/20,40:45:00,COLISIÓN POR ALCANCE,SIN_DATOS,Bueno,Bueno,2,VOLKSWAGEN,GRIS,2,,54,MASCULINO,SIN DATOS,0,0,Morelia,Las Cruces,julio,lunes,,-101.26793826,19.6974939549992
30085,30090,2020,,2020/07/21,"00:00:00",COLISIÓN CONTRA OBJETO FIJO,ASFALTO,Nublado,Bueno,1,DODGE,ROJO,1,,36,FEMENINO,SIN DATOS,0,0,Morelia,Ana Maria Gallaga (Riviera Norte),julio,martes,0,-101.222777925432,19.6767980171625
30086,30091,2020,,2020/07/21,"00:00:00",COLISIÓN POR CAMBIO DE CARRIL,ASFALTO,Bueno,Bueno,2,INTERNATIONAL,BLANCO,2,,50,MASCULINO,SIN DATOS,0,0,Morelia,Libertad,julio,martes,0,-101.238108792089,19.6873682246262
30087,30092,2020,,2020/07/21,"00:00:00",COLISIÓN POR ALCANCE,ASFALTO,Bueno,Bueno,2,CHEVROLET,NEGRO,2,,27,MASCULINO,SIN DATOS,0,0,Morelia,Sin datos,julio,martes,0,-101.236908107318,19.6604509836139
30088,30093,2020,,2020/07/21,"00:50:00",COLISIÓN POR CORTE DE CIRCULACIÓN,SIN_DATOS,Bueno,Bueno,2,NISSAN,SN DATO,2,MINISTERIO PÚBLICO,0,FEMENINO,SIN DATOS,0,0,Morelia,Centro,julio,martes,1,-101.19604260322,19.7029959628325
30089,30094,2020,MOR2005564956,2020/07/21,"07:25:00",COLISIÓN POR CORTE DE CIRCULACIÓN,ASFALTO,Bueno,Bueno,2,TOYOTA,GRIS,2,,55,MASCULINO,SIN DATOS,0,0,Morelia,Isaac Arriaga,julio,martes,7,-101.171476624228,19.7076918019851
30090,30095,2020,,2020/07/21,"08:33:00",CAIDA DE MOTOCICLETA,CONCRETO,Bueno,Bueno,1,ITALIKA,NEGRO Y VERDE,1,,63,MASCULINO,SIN DATOS,0,0,Morelia,Tzindurio Norte,julio,martes,9,-101.243799708105,19.7004101965721
30091,30096,2020,,2020/07/21,"08:35:00",COLISIÓN POR CORTE DE CIRCULACIÓN,ASFALTO,Lluvioso,Regular,1,DINAMO 250,BLANCO/NEGRO,1,,17,MASCULINO,SIN DATOS,0,0,Morelia,Nicolas Bravo(Los Ejidos),julio,martes,9,-101.217532896184,19.6997161341863
30092,30097,2020,,2020/07/21,"09:00:00",COLISIÓN POR ALCANCE,ASFALTO,Bueno,Bueno,2,ITALIKA,AMARILLO Y NEGRO,2,,21,MASCULINO,SIN DATOS,0,0,Morelia,Torreon Nuevo,julio,martes,9,-101.210140027106,19.7477980021409
30093,30098,2020,,2020/07/21,10:35:00,COLISIÓN CONTRA OBJETO FIJO,ASFALTO,Bueno,Bueno,1,NISSAN MARCH,BLANCO,2,,56,FEMENINO,SIN DATOS,1,0,Morelia,San Jose del Cerrito,julio,martes,11,-101.227562986314,19.6644212172496
30094,30099,2020,,2020/07/21,10:40:00,COLISIÓN POR CAMBIO DE CARRIL,CONCRETO,Bueno,Bueno,2,NISSAN,ARENA,2,,,MASCULINO,SIN DATOS,0,0,Morelia,Ventura Puente,julio,martes,11,-101.195197105408,19.6922153506833
30095,30100,2020,,2020/07/21,11:30:00,COLISIÓN CONTRA OBJETO FIJO,ASFALTO,Bueno,Bueno,1,SEAT IBIZA,GRIS,1,,35,MASCULINO,SIN DATOS,0,0,Morelia,Rinconada del Valle,julio,martes,12,-101.21867417612,19.6782660364165
30096,30101,2020,,2020/07/21,13:30:00,COLISIÓN POR ALCANCE,ASFALTO,Bueno,Bueno,2,FORD,Blanco,2,,38,MASCULINO,SIN DATOS,0,0,Morelia,Barrio Alto,julio,martes,14,-101.196619682014,19.7248031692541
30097,30102,2020,,2020/07/21,13:45:00,COLISIÓN POR MANIOBRA DE REVERSA,ASFALTO,Bueno,Bueno,4,INTERNACIONAL,VERDE,4,,59,MASCULINO,SIN DATOS,0,0,Morelia,Los Pinos de Michoacan,julio,martes,14,-101.215229579673,19.6853500856058
30098,30103,2020,,2020/07/21,14:00:00,SALIDA DE SUPERFICIE DE RODAMIENTO,ASFALTO,Bueno,Regular,1,NISSAN,GRIS,1,,27,FEMENINO,SIN DATOS,0,0,Morelia,Barrio Alto,julio,martes,14,-101.196623370051,19.7248029110347
30099,30104,2020,,2020/07/21,14:45:00,COLISIÓN POR ALCANCE,CONCRETO,Bueno,Bueno,2,VOLKSWAGEN GOLF,AZUL,0,,,,,0,0,Morelia,Union,julio,martes,15,-101.156922348522,19.7101686183562
30100,30105,2020,,2020/07/21,15:30:00,COLISIÓN POR ALCANCE,ASFALTO,Bueno,Bueno,2,AUDI,GRIS,2,,,MASCULINO,SIN DATOS,0,0,Morelia,Americas Britania,julio,martes,16,-101.150030351507,19.6917349320395
30101,30106,2020,,2020/07/21,15:50:00,COLISIÓN POR CORTE DE CIRCULACIÓN,CONCRETO,Bueno,Bueno,2,FORD,GUINDA,2,,75,MASCULINO,SIN DATOS,0,0,Morelia,El Comal,julio,martes,16,-101.133818716996,19.7401038856791
30102,30107,2020,,2020/07/21,16:50:00,COLISIÓN POR CORTE DE CIRCULACIÓN,ASFALTO,Bueno,Bueno,4,NISSAN,AZUL,0,MINISTERIO PÚBLICO,,,,0,0,Lázaro Cárdenas,Del Carmen,julio,martes,17,-102.207950248636,17.9722958812154
30103,30108,2020,MOR200563724,2020/07/21,17:40:00,COLISIÓN POR INVASIÓN DE CARRIL,ASFALTO,Bueno,Bueno,2,RENAULT,BLANCO/ROJO,2,,21,MASCULINO,SIN DATOS,0,0,Morelia,Chapultepec Oriente,julio,martes,18,-101.164067021824,19.6958770570408
30104,30109,2020,,2020/07/21,17:40:00,COLISIÓN POR MANIOBRA DE REVERSA,TERRACERIA,Nublado,Malo,2,FREIGHTLINER,BLANCO,2,,40,MASCULINO,SIN DATOS,0,0,Morelia,Arcos del Valle,julio,martes,18,-101.236248619176,19.7076236529826
30105,30110,2020,,2020/07/21,18:25:00,COLISIÓN POR ALCANCE,ASFALTO,Lluvioso,Regular,2,NISSAN,ROJO,2,,,FEMENINO,SIN DATOS,0,0,Morelia,Indeco El Vivero,julio,martes,18,-101.231822639025,19.6776939665449
30106,30111,2020,,2020/07/21,20:30:00,SUBIDA AL CAMELLÓN,ASFALTO,Lluvioso,Bueno,1,NISSAN/VERSA,GRIS,1,,32,FEMENINO,SIN DATOS,0,0,Morelia,Campestre Los Manantiales,julio,martes,21,-101.238231777467,19.6880125211222
30107,30112,2020,MOR200169806,2020/07/21,21:05:00,COLISIÓN POR ALCANCE,ASFALTO,Bueno,Bueno,2,VOLKSWAGEN,VERDE,2,,54,MASCULINO,ALIENTO ETÍLICO,0,0,Morelia,Felix Arreguin,julio,martes,21,-101.227815113962,19.7191420864619
30108,30113,2020,,2020/07/21,22:00:00,COLISIÓN POR CORTE DE CIRCULACIÓN,TERRACERIA,Lluvioso,Regular,1,CHEVROLET,ROJO,1,,0,MASCULINO,SIN DATOS,0,0,Morelia,Adolfo Lopez Mateos,julio,martes,22,-101.229656115174,19.7035177582646