fid,id_accidente,anio_origen,folio_c5i,dia_incidente,hora_ocurrencia,tipo_incidente_vial,superficie_ocurrencia,condiciones_climaticas,condiciones_via,numero_vehiculos_involucrados,marca_vehiculo_ocasiona_siniestro,color_vehiculo_ocasiona_siniestro,numero_personas_involucradas,lugar_remite_presunto_responsable,edad_presunto_responsable,sexo_presunto_responsable,resultados_toxicologia,numero_personas_lesionadas,numero_personas_fallecidas,municipio,colonia,mes,dia_semana,hora_redondeada,lon,lat
30109,30114,2020,,2020/07/22,"00:00:00",COLISIÓN POR CORTE DE CIRCULACIÓN,ASFALTO,Bueno,Bueno,2,NISSAN,NEGRO,0,MINISTERIO PÚBLICO,,,,0,0,Pátzcuaro,Centro,julio,miércoles,0,-101.609961959452,19.529858847766
30110,30115,2020,LEG31843,2020/07/22,"07:50:00",COLISIÓN POR CORTE DE CIRCULACIÓN,ASFALTO,Bueno,Bueno,2,KAWASAKI,AZUL,2,,35,MASCULINO,SIN DATOS,0,0,Morelia,Arboledas de Valladolid,julio,miércoles,8,-101.250439547002,19.6926070941308
30111,30116,2020,,2020/07/22,"09:30:00",COLISIÓN POR CORTE DE CIRCULACIÓN,ASFALTO,Bueno,Bueno,2,NISSAN,BLANCO,2,,33,MASCULINO,SIN DATOS,0,0,Morelia,Niño Artillero,julio,miércoles,10,-101.250204518437,19.6986097086405
30112,30117,2020,LEG31845,2020/07/22,"09:50:00",COLISIÓN POR CAMBIO DE CARRIL,ASFALTO,Bueno,Bueno,2,ITALIKA,ROJO Y NEGRO,2,,25,MASCULINO,SIN DATOS,0,0,Morelia,Loma Bonita,julio,miércoles,10,-101.196276023984,19.7243000675643
30113,30118,2020,MOR200568187,2020/07/22,11:35:00,COLISIÓN POR CORTE DE CIRCULACIÓN,CONCRETO,Bueno,Bueno,2,HONDA,BLANCO,2,,27,MASCULINO,SIN DATOS,0,0,Morelia,Molino de Parras,julio,miércoles,12,-101.202002875507,19.6979272316526
30114,30119,2020,MOR 200568230,2020/07/22,11:50:00,COLISIÓN POR ALCANCE,ASFALTO,Nublado,Regular,2,DINAMO,NEGRO,2,,33,MASCULINO,SIN DATOS,0,0,Morelia,Villas Lomas del Paraiso,julio,miércoles,12,-101.175571717322,19.6734162208633
30116,30121,2020,MOR200568743,2020/07/22,14:30:00,COLISIÓN POR CORTE DE CIRCULACIÓN,ASFALTO,Bueno,Bueno,2,MITSUBISHI,AZUL,2,,22,MASCULINO,SIN DATOS,0,0,Morelia,Chapultepec Sur,julio,miércoles,15,-101.17117521098,19.6908283283976
30117,30122,2020,MOR200568788,2020/07/22,15:40:00,SALIDA DE SUPERFICIE DE RODAMIENTO,ASFALTO,Bueno,Bueno,1,NISSAN,BLANCO,1,,39,MASCULINO,SIN DATOS,0,0,Morelia,Villas del Pedregal,julio,miércoles,16,-101.307319293846,19.6770199816421
30118,30123,2020,MOR 200569068,2020/07/22,17:00:00,CAIDA DE MOTOCICLETA,CONCRETO,Nublado,Bueno,1,ITALIKA,NEGRO,1,,16,MASCULINO,SIN DATOS,0,0,Morelia,Montaña Monarca,julio,miércoles,17,-101.165410503745,19.6715062516211
30119,30124,2020,MOR200569901,2020/07/22,21:00:00,COLISIÓN POR CAMBIO DE CARRIL,CONCRETO,Bueno,Bueno,2,CHEVROLET,ROJO,2,,26,,SIN DATOS,0,0,Morelia,Camponubes,julio,miércoles,21,-101.290247216821,19.6988067093262
30120,30125,2020,,2020/07/22,22:00:00,COLISIÓN POR CORTE DE CIRCULACIÓN,TERRACERIA,Bueno,Regular,1,Chevrolet,rojo,1,,41,,SIN DATOS,0,0,Morelia,Adolfo Lopez Mateos,julio,miércoles,22,-101.22965312817,19.7035181025966
30121,30126,2020,,2020/07/22,22:30:00,COLISIÓN CONTRA OBJETO FIJO,ASFALTO,Bueno,Bueno,1,RAM,AZUL,1,,,,,1,0,Morelia,Los Manantiales de Morelia,julio,miércoles,23,-101.24239390693,19.7003734803374
30122,30127,2020,LEG31846,2020/07/23,"00:50:00",SUBIDA AL CAMELLÓN,ASFALTO,Bueno,Bueno,1,DODGE,BLANCO,1,,39,MASCULINO,CON CERTIFICADO,0,0,Morelia,Lomas del Tecnologico,julio,jueves,1,-101.192981631242,19.7233829752456
30123,30128,2020,LEG31847,2020/07/23,"01:00:00",COLISIÓN CONTRA OBJETO FIJO,ASFALTO,Bueno,Bueno,1,HONDA,PLATA,1,,38,MASCULINO,CON CERTIFICADO,0,0,Morelia,Lomas de La Maestranza,julio,jueves,1,-101.330704682254,19.6845558290187
30124,30129,2020,LEG31849,2020/07/23,"06:20:00",COLISIÓN POR CORTE DE CIRCULACIÓN,ASFALTO,Lluvioso,Regular,2,NISSAN,BLANCO Y ROJO,2,MINISTERIO PÚBLICO,50,MASCULINO,SIN DATOS,0,0,Morelia,Nueva Valladolid,julio,jueves,6,-101.210651993752,19.7020553652372
30125,30130,2020,,2020/07/23,"08:20:00",SALIDA DE SUPERFICIE DE RODAMIENTO,CONCRETO,Bueno,Bueno,1,Volkswagen,ROJO,1,,0,,SIN DATOS,0,0,Morelia,Cuauhtemoc,julio,jueves,8,-101.182358041406,19.6997965683184
30126,30131,2020,,2020/07/23,"08:46:00",COLISIÓN POR ALCANCE,ASFALTO,Bueno,Bueno,2,Toyota,Gray,2,,42,,SIN DATOS,0,0,Morelia,Felix Ireta,julio,jueves,9,-101.195677220821,19.681548058755
30127,30132,2020,,2020/07/23,"09:30:00",CAIDA DE MOTOCICLETA,ASFALTO,Bueno,Bueno,1,italika,azul,2,,,,SIN DATOS,1,0,Morelia,La Floresta,julio,jueves,10,-101.151912317358,19.684542254647
30128,30133,2020,,2020/07/23,"09:35:00",COLISIÓN POR ALCANCE,ASFALTO,Nublado,Regular,2,SEAT,ROJO,2,,37,MASCULINO,SIN DATOS,0,0,Morelia,Jardines del Rincon,julio,jueves,10,-101.153375401415,19.6873467585542
30129,30134,2020,,2020/07/23,10:00:00,COLISIÓN POR CAMBIO DE CARRIL,ASFALTO,Bueno,Bueno,2,FORD,BLANCO,2,,46,MASCULINO,SIN DATOS,0,0,Peribán,Sin datos,julio,jueves,10,-102.446543530308,19.5543917805481
30130,30135,2020,,2020/07/23,11:00:00,COLISIÓN POR ALCANCE,ASFALTO,Bueno,Bueno,2,CHEVROLET MONZA,NARANJA,2,,51,MASCULINO,SIN DATOS,0,0,Morelia,Tzindurio Norte,julio,jueves,11,-101.244581572033,19.7000828653325
30131,30136,2020,,2020/07/23,11:40:00,COLISIÓN POR CAMBIO DE CARRIL,ASFALTO,Bueno,Bueno,2,CHEVROLET,BLANCO,2,,65,MASCULINO,SIN DATOS,0,0,Morelia,Felix Ireta,julio,jueves,12,-101.180632710457,19.6861506805511
30132,30137,2020,,2020/07/23,11:55:00,COLISIÓN CON PEATÓN,SIN_DATOS,Bueno,Bueno,2,FREIGHTLINER,BLANCO,2,,47,MASCULINO,SIN DATOS,0,0,Morelia,Jose Maria Cabrera,julio,jueves,12,-101.224780529737,19.7263464636122
30133,30138,2020,MOR200568702,2020/07/23,14:40:00,COLISIÓN POR CORTE DE CIRCULACIÓN,CONCRETO,Bueno,Bueno,2,CHEVROLET,GRIS,2,MINISTERIO PÚBLICO,,MASCULINO,SIN DATOS,0,0,Morelia,Felix Ireta,julio,jueves,15,-101.18862834505,19.6874297817283
30134,30139,2020,,2020/07/23,14:49:00,COLISIÓN POR ALCANCE,ASFALTO,Bueno,Bueno,2,CVEVROLET,BLANCO,2,,54,MASCULINO,SIN DATOS,0,0,Morelia,Sin datos,julio,jueves,15,-101.118540943347,19.688253668887
30135,30140,2020,,2020/07/23,14:50:00,SALIDA DE SUPERFICIE DE RODAMIENTO,ASFALTO,Bueno,Bueno,1,NISSAN/TIIDA,ROJO,1,,65,FEMENINO,SIN DATOS,0,0,Morelia,Centro,julio,jueves,15,-101.200218962678,19.7010711126693
30136,30141,2020,,2020/07/23,15:30:00,COLISIÓN POR CORTE DE CIRCULACIÓN,CONCRETO,Bueno,Bueno,2,NISSAN/TIIDA,BLANCO,2,,39,MASCULINO,SIN DATOS,0,0,Morelia,Centro,julio,jueves,16,-101.186702884734,19.7017501328048
30137,30142,2020,,2020/07/23,15:34:00,COLISIÓN POR MANIOBRA DE REVERSA,CONCRETO,Bueno,Bueno,2,CHEVROLET,AZUL,2,,33,MASCULINO,SIN DATOS,0,0,Morelia,Cinco de Diciembre,julio,jueves,16,-101.166272498667,19.6845668492258
30138,30143,2020,,2020/07/23,16:00:00,COLISIÓN POR ALCANCE,ASFALTO,Bueno,Regular,3,CHRYSLER,BLANCO,3,,24,MASCULINO,SIN DATOS,0,0,Cuitzeo,Sin datos,julio,jueves,16,-101.150650612332,19.9901681350037
30139,30144,2020,,2020/07/23,16:30:00,COLISIÓN POR INVASIÓN DE CARRIL,ASFALTO,Bueno,Bueno,2,VOLKSWAGEN,PLATA,2,,40,MASCULINO,SIN DATOS,0,0,Morelia,Mariano Ontiveros,julio,jueves,17,-101.22997328639,19.674142656427
30140,30145,2020,,2020/07/23,16:30:00,VOLCADURA,ASFALTO,Bueno,Regular,1,NISSAN,S/D,2,MINISTERIO PÚBLICO,,,,0,2,Tacámbaro,Sin datos,julio,jueves,17,-101.358599290252,19.3026483827753
30141,30146,2020,,2020/07/23,18:20:00,COLISIÓN POR CAMBIO DE CARRIL,ASFALTO,Bueno,Bueno,2,CHEVROLET TRAX,NEGRO,2,,35,FEMENINO,SIN DATOS,0,0,Morelia,Bosques de Oriente,julio,jueves,18,-101.155226796197,19.7161349088557
30142,30147,2020,,2020/07/23,18:50:00,COLISIÓN CONTRA OBJETO FIJO,ASFALTO,Bueno,Bueno,1,Ford f150,AZUL,1,MINISTERIO PÚBLICO,49,MASCULINO,SIN DATOS,0,0,Morelia,Bosques de Oriente,julio,jueves,19,-101.155623366884,19.7156819350485
30143,30148,2020,,2020/07/23,19:26:00,COLISIÓN POR CAMBIO DE CARRIL,CONCRETO,Bueno,Bueno,1,RAM,Blanco,2,,36,MASCULINO,SIN DATOS,0,0,Morelia,La Colina,julio,jueves,19,-101.216257079079,19.709901879957
30144,30149,2020,,2020/07/24,"05:15:00",COLISIÓN POR INVASIÓN DE CARRIL,ASFALTO,Bueno,Bueno,2,CHEVROLET,BCO/AZUL,2,,29,MASCULINO,SIN DATOS,0,0,Peribán,Sin datos,julio,viernes,5,-102.442725405775,19.5502289171998
30145,30150,2020,MOR200573410,2020/07/24,"09:00:00",COLISIÓN POR INVASIÓN DE CARRIL,ASFALTO,Bueno,Bueno,2,CHEVROLET,ROJO,2,,38,MASCULINO,SIN DATOS,0,0,Morelia,La Huerta,julio,viernes,9,-101.231215850197,19.6628606209597
30146,30151,2020,LEG31905,2020/07/24,"09:00:00",COLISIÓN CON PEATÓN,SIN_DATOS,Bueno,Bueno,2,CHEVROLET,ROJO,2,,38,MASCULINO,SIN DATOS,0,0,Morelia,La Huerta,julio,viernes,9,-101.228330098093,19.6583469702251
30147,30152,2020,MOR573054,2020/07/24,12:01:00,COLISIÓN CON PEATÓN,SIN_DATOS,Bueno,Bueno,1,MAZDA,GRIS,1,,23,FEMENINO,SIN DATOS,0,0,Morelia,Coto del Alce,julio,viernes,12,-101.163488700986,19.6528871071411
30148,30153,2020,LEG31886,2020/07/24,13:40:00,COLISIÓN POR CORTE DE CIRCULACIÓN,ASFALTO,Bueno,Bueno,2,CHRYSLER,BLANCO,2,,35,MASCULINO,SIN DATOS,0,0,Morelia,La Esperanza,julio,viernes,14,-101.250636689365,19.6985983450479
30149,30154,2020,MOR200574229,2020/07/24,14:10:00,COLISIÓN POR ALCANCE,ASFALTO,Bueno,Bueno,2,CHEVROLET,AZUL,2,,62,MASCULINO,SIN DATOS,0,0,Morelia,Centro,julio,viernes,14,-101.189728081226,19.7047071066742
30150,30155,2020,,2020/07/24,14:15:00,COLISIÓN POR CORTE DE CIRCULACIÓN,ASFALTO,Bueno,Bueno,2,ITALIKA,BLANCO,2,MINISTERIO PÚBLICO,17,MASCULINO,SIN DATOS,0,0,Pátzcuaro,2A de San Lazaro,julio,viernes,14,-101.60963272159,19.5019544640527
30151,30156,2020,MOR200574511,2020/07/24,14:55:00,COLISIÓN POR CORTE DE CIRCULACIÓN,ASFALTO,Bueno,Bueno,2,BMW,GRAFITO,2,,46,MASCULINO,SIN DATOS,0,0,Morelia,Paseo de Las Lomas,julio,viernes,15,-101.148284599185,19.7005245198717
30152,30157,2020,LEG31884,2020/07/24,14:56:00,COLISIÓN POR ALCANCE,ASFALTO,Bueno,Bueno,2,NISSAN,azul,2,,31,MASCULINO,SIN DATOS,0,0,Morelia,Jardines del Rincon,julio,viernes,15,-101.153359338641,19.6873533590838
30153,30158,2020,MOR200574391,2020/07/24,15:10:00,COLISIÓN POR CORTE DE CIRCULACIÓN,CONCRETO,Bueno,Bueno,2,VELOCI,NEGRO,1,,,,,1,0,Morelia,Vista Bella,julio,viernes,15,-101.194105812095,19.678506251771
30154,30159,2020,LEG31879,2020/07/24,18:00:00,COLISIÓN POR CORTE DE CIRCULACIÓN,ASFALTO,Bueno,Regular,1,NISSAN,GRIS,1,,0,MASCULINO,SIN DATOS,0,0,Morelia,Terrazas,julio,viernes,18,-101.181712604391,19.7194406864969
30155,30160,2020,MOR200574939,2020/07/24,18:20:00,COLISIÓN POR ALCANCE,ASFALTO,Bueno,Bueno,2,NISSAN,ROJO,2,,64,MASCULINO,SIN DATOS,0,0,Morelia,Sentimientos de La Nacion,julio,viernes,18,-101.23686991632,19.6848036113228
30156,30161,2020,MOR 200575014,2020/07/24,18:25:00,COLISIÓN POR ALCANCE,ASFALTO,Nublado,Regular,2,FORD,GRIS,2,,54,MASCULINO,SIN DATOS,0,0,Morelia,Campestre Los Manantiales,julio,viernes,18,-101.238336444579,19.6882347570389
30157,30162,2020,MOR200575026,2020/07/24,18:40:00,COLISIÓN POR INVASIÓN DE CARRIL,CONCRETO,Bueno,Bueno,3,ITALIKA,BLANCO,3,,0,MASCULINO,SIN DATOS,0,0,Morelia,Jacarandas,julio,viernes,19,-101.210621148348,19.7085771625045
30158,30163,2020,LEG31880,2020/07/24,19:45:00,COLISIÓN POR CORTE DE CIRCULACIÓN,ASFALTO,Bueno,Bueno,2,VENTO,BLANCO,2,,26,MASCULINO,SIN DATOS,0,0,Tarímbaro,Sin datos,julio,viernes,20,-101.153722808443,19.7694879985182
30159,30164,2020,MOR200575292,2020/07/24,20:15:00,CAIDA DE MOTOCICLETA,CONCRETO,Bueno,Bueno,1,ITALIKA,ROJO/NEGRO,1,,22,FEMENINO,SIN DATOS,0,0,Morelia,Molino de Parras,julio,viernes,20,-101.202028326012,19.6946109655339
30160,30165,2020,LEG31889,2020/07/24,21:40:00,COLISIÓN POR CAMBIO DE CARRIL,ASFALTO,Nublado,Bueno,2,TOYOTA,BLANCO Y MORADO,2,,0,MASCULINO,SIN DATOS,0,0,Morelia,Elias Perez Avalos,julio,viernes,22,-101.165381334722,19.7103544971163
30161,30166,2020,LEG31881,2020/07/24,22:40:00,COLISIÓN POR CORTE DE CIRCULACIÓN,CONCRETO,Bueno,Bueno,2,JEEP,PLATA,2,,35,MASCULINO,SIN DATOS,0,0,Morelia,Centro,julio,viernes,23,-101.18557266891,19.7029170547438
30162,30167,2020,MOR2004749,2020/07/25,"00:00:00",COLISIÓN POR CORTE DE CIRCULACIÓN,ASFALTO,Bueno,Bueno,1,CHEVROLET,BLANCO,0,,,,,0,0,Morelia,Morelos,julio,sábado,0,-101.209003745842,19.6986438281104
30163,30168,2020,MOR2000575919,2020/07/25,"00:30:00",COLISIÓN POR NO RESPETAR SEMÁFORO,CONCRETO,Lluvioso,Regular,2,NISSAN,BLANCO,2,,49,MASCULINO,SIN DATOS,0,0,Morelia,Morelos,julio,sábado,1,-101.209191530943,19.698157689555
30164,30169,2020,LEG31893,2020/07/25,"00:30:00",COLISIÓN POR CAMBIO DE CARRIL,ASFALTO,Nublado,Regular,4,MERCURY,VERDE,4,,0,,SIN DATOS,0,0,Morelia,Solidaridad,julio,sábado,1,-101.206178739667,19.730716209694
30165,30170,2020,MOR200576987,2020/07/25,"02:40:00",SUBIDA AL CAMELLÓN,ASFALTO,Lluvioso,Regular,1,VOLKSWAGEN,PLATA,1,,32,MASCULINO,SIN DATOS,0,0,Morelia,El Lago 1,julio,sábado,3,-101.219347410582,19.7276025777315
30166,30171,2020,MOR200576087,2020/07/25,"03:30:00",COLISIÓN CONTRA OBJETO FIJO,CONCRETO,Lluvioso,Malo,2,CHEVROLET,BLANCO,1,,40,MASCULINO,SIN DATOS,0,0,Morelia,Arkos San Pedro,julio,sábado,4,-101.27940725195,19.6307395682211
30167,30172,2020,MOR200576122,2020/07/25,"04:00:00",SUBIDA AL CAMELLÓN,ASFALTO,Nublado,Regular,1,MERCEDES BENZ,NEGRO,1,,0,MASCULINO,SIN DATOS,0,0,Morelia,Alberto Oviedo Mota,julio,sábado,4,-101.196683689274,19.6812079752734
30168,30173,2020,MOR200576145,2020/07/25,"04:30:00",SALIDA DE SUPERFICIE DE RODAMIENTO,ASFALTO,Lluvioso,Regular,1,FORD,GRIS,1,,0,MASCULINO,SIN DATOS,0,0,Morelia,Niño Artillero,julio,sábado,5,-101.256668642163,19.6973638121632
30169,30174,2020,,2020/07/25,"06:35:00",SALIDA DE SUPERFICIE DE RODAMIENTO,ASFALTO,Bueno,Bueno,1,DATSUN,BLANCO,1,,42,MASCULINO,SIN DATOS,0,0,Peribán,Sin datos,julio,sábado,7,-102.442113526844,19.5495619518032
30170,30175,2020,MOR573264,2020/07/25,"07:00:00",COLISIÓN CON PEATÓN,SIN_DATOS,Bueno,Bueno,2,MAZDA,BLANCO,2,,39,FEMENINO,SIN DATOS,0,0,Morelia,Morelia 450,julio,sábado,7,-101.214812069453,19.6743958791921
30171,30176,2020,MOR200570440,2020/07/25,"08:20:00",COLISIÓN CON PEATÓN,SIN_DATOS,Bueno,Bueno,2,VOLKSWAGEN,ROJO,0,,,,,0,0,Morelia,Cuauhtemoc,julio,sábado,8,-101.182369440794,19.6997981465834
30172,30177,2020,,2020/07/25,"08:30:00",SALIDA DE SUPERFICIE DE RODAMIENTO,CONCRETO,Bueno,Bueno,1,NISSAN/DATSUN,NEGRO BLANCO,1,,58,MASCULINO,SIN DATOS,0,0,Morelia,Alfonso Garcia Robles,julio,sábado,9,-101.181194633245,19.7193368206879
30173,30178,2020,LEG31896,2020/07/25,"08:44:00",COLISIÓN CON PEATÓN,SIN_DATOS,Bueno,Bueno,2,TOYOTA,ARENA,2,,42,FEMENINO,SIN DATOS,0,0,Morelia,Vista Bella,julio,sábado,9,-101.192219822921,19.6822235169565
30174,30179,2020,,2020/07/25,"09:30:00",COLISIÓN POR CORTE DE CIRCULACIÓN,ASFALTO,Bueno,Bueno,1,Honda,GRIS,1,,25,MASCULINO,SIN DATOS,0,0,Morelia,Buenavista,julio,sábado,10,-101.162673218004,19.7063291894291
30175,30180,2020,MOR200574643,2020/07/25,11:40:00,COLISIÓN CON PEATÓN,SIN_DATOS,Bueno,Bueno,2,CHEVROLET,BLANCO,2,,65,,SIN DATOS,0,0,Morelia,Felix Ireta,julio,sábado,12,-101.180673614144,19.6861588308303
30176,30181,2020,,2020/07/25,11:48:00,COLISIÓN POR ALCANCE,CONCRETO,Bueno,Bueno,3,VOLKSWAGEN,BLANCO,3,,34,MASCULINO,CON CERTIFICADO,0,0,Morelia,Valle Quieto,julio,sábado,12,-101.203352697194,19.6858706148302
30177,30182,2020,,2020/07/25,13:10:00,COLISIÓN POR ALCANCE,ASFALTO,Bueno,Bueno,3,NISSAN,ARENA,3,MINISTERIO PÚBLICO,,MASCULINO,SIN DATOS,0,0,Morelia,Isaac Arriaga,julio,sábado,13,-101.172385557808,19.7072991485498
30178,30183,2020,,2020/07/25,15:00:00,COLISIÓN POR ALCANCE,ASFALTO,Bueno,Bueno,2,CHEVROLET CHEVY,NEGRO,1,,65,MASCULINO,SIN DATOS,0,0,Morelia,Barrio Alto,julio,sábado,15,-101.197145059705,19.7253930887568
30179,30184,2020,,2020/07/25,15:15:00,COLISIÓN POR CAMBIO DE CARRIL,ASFALTO,Bueno,Bueno,2,VOLKSWAGEN,ROJO,2,,40,MASCULINO,SIN DATOS,0,0,Morelia,Eduardo Ruiz,julio,sábado,15,-101.224052614796,19.7248596622961
30180,30185,2020,LEG31882,2020/07/25,15:20:00,COLISIÓN POR INVASIÓN DE CARRIL,CONCRETO,Bueno,Bueno,2,FREIGTHLINER,BLANCO,2,,19,MASCULINO,SIN DATOS,0,0,Morelia,El Lago 2,julio,sábado,15,-101.21498918669,19.7251122309973
30182,30187,2020,,2020/07/25,17:25:00,COLISIÓN POR CORTE DE CIRCULACIÓN,ASFALTO,Bueno,Bueno,2,IITALIKA,AZUL,2,MINISTERIO PÚBLICO,21,MASCULINO,SIN DATOS,0,0,Morelia,Isaac Arriaga,julio,sábado,17,-101.175228394568,19.7060299049329
30183,30188,2020,,2020/07/25,17:30:00,COLISIÓN POR CAMBIO DE CARRIL,ASFALTO,Bueno,Bueno,2,MAZDA,GRIS,1,,40,FEMENINO,SIN DATOS,0,0,Morelia,Defensores De Puebla,julio,sábado,18,-101.237416751683,19.7141084959728
30184,30189,2020,,2020/07/25,18:30:00,COLISIÓN CONTRA OBJETO FIJO,CONCRETO,Bueno,Bueno,1,VOLKSWAGEN,ROJO,1,,86,MASCULINO,SIN DATOS,0,0,Morelia,La Loma,julio,sábado,19,-101.187290288508,19.6786479987514
30185,30190,2020,,2020/07/25,20:00:00,COLISIÓN CON PEATÓN,SIN_DATOS,Bueno,Bueno,2,ITALIKA,NEGRO,2,MINISTERIO PÚBLICO,,,,2,0,Morelia,Sin datos,julio,sábado,20,-101.130966611885,19.6199120334224
30186,30191,2020,,2020/07/25,22:15:00,COLISIÓN POR INVASIÓN DE CARRIL,ASFALTO,Bueno,Bueno,3,NISSAN,BLANCO,4,MINISTERIO PÚBLICO,19,MASCULINO,SIN DATOS,2,0,Zacapu,Sin datos,julio,sábado,22,-101.728064895344,19.763891289968
30187,30192,2020,,2020/07/25,22:35:00,SALIDA DE SUPERFICIE DE RODAMIENTO,ASFALTO,Bueno,Bueno,1,NISSAN/TSURU,BLANCO/ROJO,1,,46,MASCULINO,SIN DATOS,0,0,Morelia,San Guillermo,julio,sábado,23,-101.178436712777,19.7386859989638
30188,30193,2020,,2020/07/25,23:05:00,COLISIÓN POR ALCANCE,CONCRETO,Bueno,Regular,2,ITALIKA,NEGRO/AMARILLO,0,,,,,0,0,Copándaro,Sin datos,julio,sábado,23,-101.261980421841,19.9070839576129
30189,30194,2020,,2020/07/26,"04:05:00",SALIDA DE SUPERFICIE DE RODAMIENTO,ASFALTO,Lluvioso,Regular,1,CHEVROLET,ARENA,1,,25,MASCULINO,SIN DATOS,0,0,Tarímbaro,Galaxias Tarimbaro,julio,domingo,4,-101.197034083307,19.7612342776288
30190,30195,2020,LEG31930,2020/07/26,10:20:00,COLISIÓN CONTRA OBJETO FIJO,ASFALTO,Bueno,Bueno,1,VOLKSWAGEN,NEGRO,1,,21,MASCULINO,SIN DATOS,0,0,Morelia,El Lago 3,julio,domingo,10,-101.221762343563,19.7272636249985
30191,30196,2020,,2020/07/26,10:26:00,CAIDA DE MOTOCICLETA,ASFALTO,Bueno,Bueno,1,Yamaha,Blanco,2,,36,,SIN DATOS,1,0,Morelia,Sentimientos de La Nacion,julio,domingo,10,-101.232828497887,19.6780661723735
30192,30197,2020,,2020/07/26,10:40:00,COLISIÓN POR INVASIÓN DE CARRIL,ASFALTO,Lluvioso,Bueno,2,TOYOTA,GRIS,2,,22,MASCULINO,SIN DATOS,0,0,Peribán,Sin datos,julio,domingo,11,-102.446781850683,19.5546438995141
30193,30198,2020,,2020/07/26,12:12:00,COLISIÓN CON PEATÓN,ASFALTO,Bueno,Bueno,1,CHEVROLET,GUINDA,1,,0,MASCULINO,SIN DATOS,0,0,Morelia,Jesus del Monte,julio,domingo,12,-101.157259148627,19.6525023565225
30194,30199,2020,,2020/07/26,12:50:00,COLISIÓN POR CORTE DE CIRCULACIÓN,ASFALTO,Bueno,Bueno,1,VOLKSWAGEN,NEGRO,1,,22,MASCULINO,SIN DATOS,0,0,Morelia,Los Manantiales de Morelia,julio,domingo,13,-101.240892254494,19.6941860535692
30195,30200,2020,,2020/07/26,12:50:00,COLISIÓN CONTRA OBJETO FIJO,ASFALTO,Bueno,Bueno,1,NISSAN TSURU,ROJO,1,,0,,SIN DATOS,0,0,Morelia,Constitucion de 1857,julio,domingo,13,-101.227517724037,19.7323567056643
30196,30201,2020,,2020/07/26,13:37:00,COLISIÓN POR ALCANCE,ASFALTO,Bueno,Bueno,2,Mercedes Benz,Blanco y amarillo,2,MINISTERIO PÚBLICO,46,MASCULINO,SIN DATOS,0,0,Morelia,Niño Artillero,julio,domingo,14,-101.256115467035,19.6974519093615
30197,30202,2020,LEG31928,2020/07/26,14:30:00,COLISIÓN POR CORTE DE CIRCULACIÓN,CONCRETO,Bueno,Bueno,1,NISSAN,ROJO,1,,0,,SIN DATOS,0,0,Morelia,Primo Tapia,julio,domingo,15,-101.21211681515,19.710980279692
30198,30203,2020,,2020/07/26,15:00:00,CAIDA DE MOTOCICLETA,ASFALTO,Bueno,Bueno,1,italika,rojo,1,,,,,1,0,Morelia,Felix Ireta,julio,domingo,15,-101.192053556442,19.6823816763901
30199,30204,2020,MOR 200580452,2020/07/26,15:20:00,COLISIÓN CONTRA OBJETO FIJO,ASFALTO,Nublado,Regular,2,FORD,GRIS,1,MINISTERIO PÚBLICO,0,,SIN DATOS,0,0,Morelia,Centro,julio,domingo,15,-101.195308051325,19.6987391559745
30200,30205,2020,MOR200580706,2020/07/26,16:30:00,COLISIÓN POR CORTE DE CIRCULACIÓN,TERRACERIA,Lluvioso,Malo,1,FORD,GRIS,1,,,MASCULINO,SIN DATOS,0,0,Morelia,Residencial Alborada,julio,domingo,17,-101.234631582416,19.7024698399339
30201,30206,2020,LEG31929,2020/07/26,16:46:00,COLISIÓN POR CORTE DE CIRCULACIÓN,ASFALTO,Nublado,Regular,1,VOLKSWAGEN,NEGRO,1,,24,MASCULINO,CON CERTIFICADO,0,0,Morelia,Vistas de Altozano,julio,domingo,17,-101.164304427803,19.6584410017235
30202,30207,2020,MOR200580908,2020/07/26,17:30:00,COLISIÓN CONTRA OBJETO FIJO,CONCRETO,Nublado,Regular,1,SEAT,ROJO,1,,32,MASCULINO,SIN DATOS,0,0,Morelia,Asociacion Zirahuen,julio,domingo,18,-101.246330402792,19.6995703023513
30203,30208,2020,LEG31933,2020/07/26,18:50:00,COLISIÓN POR INVASIÓN DE CARRIL,ASFALTO,Nublado,Regular,2,NISSAN,BLANCO,2,,38,FEMENINO,SIN DATOS,0,0,Charo,La Goleta,julio,domingo,19,-101.082312346173,19.7381226944265
30204,30209,2020,,2020/07/26,19:50:00,COLISIÓN POR CORTE DE CIRCULACIÓN,ASFALTO,Bueno,Bueno,2,CHEVROLET,ARENA,1,MINISTERIO PÚBLICO,,MASCULINO,SIN DATOS,0,0,Lázaro Cárdenas,Las Torres,julio,domingo,20,-102.213821969926,17.9628177733931
30205,30210,2020,,2020/07/26,20:00:00,COLISIÓN CON PEATÓN,ASFALTO,Bueno,Regular,2,PONTIAC,NEGRO,6,MINISTERIO PÚBLICO,31,MASCULINO,SIN DATOS,4,0,Contepec,Sin datos,julio,domingo,20,-100.163408995363,19.9603518615878
30206,30211,2020,,2020/07/26,22:35:00,COLISIÓN POR NO RESPETAR SEMÁFORO,ASFALTO,Bueno,Bueno,2,Toyota,Gris,2,,34,MASCULINO,CON CERTIFICADO,0,0,Morelia,Sentimientos de La Nacion,julio,domingo,23,-101.235265315267,19.6811716709596