fid,id_accidente,anio_origen,folio_c5i,dia_incidente,hora_ocurrencia,tipo_incidente_vial,superficie_ocurrencia,condiciones_climaticas,condiciones_via,numero_vehiculos_involucrados,marca_vehiculo_ocasiona_siniestro,color_vehiculo_ocasiona_siniestro,numero_personas_involucradas,lugar_remite_presunto_responsable,edad_presunto_responsable,sexo_presunto_responsable,resultados_toxicologia,numero_personas_lesionadas,numero_personas_fallecidas,municipio,colonia,mes,dia_semana,hora_redondeada,lon,lat
30207,30212,2020,,2020/07/26,23:00:00,COLISIÓN POR CAMBIO DE CARRIL,ASFALTO,Bueno,Bueno,3,MITSUBISHI,BLANCO,3,,54,MASCULINO,SIN DATOS,0,0,Morelia,Barrio Alto,julio,domingo,23,-101.196619346738,19.7248031692541
30208,30213,2020,MOR2000581754,2020/07/26,23:15:00,COLISIÓN CONTRA OBJETO FIJO,ASFALTO,Nublado,Regular,1,DODGE,ARENA,1,,62,MASCULINO,SIN DATOS,0,0,Morelia,Lomas de Hidalgo,julio,domingo,23,-101.158818975091,19.6955093118585
30209,30214,2020,,2020/07/27,"00:00:00",COLISIÓN POR INVASIÓN DE CARRIL,CONCRETO,Bueno,Bueno,2,NISSAN,Blanco,2,,54,MASCULINO,SIN DATOS,0,0,Morelia,Centro,julio,lunes,0,-101.189899742603,19.6983859088478
30211,30216,2020,LEG31935,2020/07/27,"00:20:00",COLISIÓN POR CORTE DE CIRCULACIÓN,ASFALTO,Lluvioso,Regular,2,VOLKSWAGEN,ROJO,2,,0,MASCULINO,SIN DATOS,0,0,Morelia,Residencial Alborada,julio,lunes,0,-101.234631277621,19.7024713894764
30212,30217,2020,LEG31936,2020/07/27,"06:35:00",COLISIÓN POR NO RESPETAR SEMÁFORO,CONCRETO,Bueno,Bueno,2,ITALIKA,AZUL Y BLANCO,2,,22,MASCULINO,CON CERTIFICADO,0,0,Morelia,Obrera,julio,lunes,7,-101.185429871761,19.7082735207063
30213,30218,2020,,2020/07/27,"08:00:00",COLISIÓN CONTRA OBJETO FIJO,ASFALTO,Bueno,Bueno,1,Nissan,Blanco,1,,,FEMENINO,SIN DATOS,0,0,Morelia,Morelia 450,julio,lunes,8,-101.217396408319,19.6758591849518
30214,30219,2020,,2020/07/27,"08:40:00",CAIDA DE MOTOCICLETA,ASFALTO,Bueno,Bueno,1,VENTO,GRIS,1,MINISTERIO PÚBLICO,,,,1,0,Morelia,Morelia 450,julio,lunes,9,-101.21653072536,19.6754143053657
30215,30220,2020,,2020/07/27,10:35:00,COLISIÓN POR MANIOBRA DE REVERSA,CONCRETO,Bueno,Bueno,2,DODGE/ATTITUDE,BLANCO,2,,58,MASCULINO,SIN DATOS,0,0,Morelia,La Esperanza,julio,lunes,11,-101.152204342865,19.6985080675983
30216,30221,2020,,2020/07/27,14:38:00,COLISIÓN POR ALCANCE,ASFALTO,Bueno,Bueno,2,Chevrolet,Rojo,2,,23,,SIN DATOS,0,0,Morelia,Rafael Carrillo,julio,lunes,15,-101.236400224936,19.7077660054574
30217,30222,2020,,2020/07/27,14:44:00,COLISIÓN POR ALCANCE,CONCRETO,Bueno,Bueno,3,Nissan,Blanco/Rojo,3,,61,MASCULINO,SIN DATOS,0,0,Morelia,Primaveras,julio,lunes,15,-101.225707263433,19.6791578735717
30218,30223,2020,,2020/07/27,15:30:00,COLISIÓN CON PEATÓN,ASFALTO,Bueno,Bueno,2,JEEP,GRIS,2,,58,FEMENINO,SIN DATOS,0,0,Morelia,Las Americas,julio,lunes,16,-101.156514256514,19.6877161008613
30219,30224,2020,,2020/07/27,15:40:00,COLISIÓN POR INVASIÓN DE CARRIL,ASFALTO,Bueno,Bueno,2,NISSAN,BLANCO,0,MINISTERIO PÚBLICO,,,,0,0,Gabriel Zamora,Sin datos,julio,lunes,16,-102.056658603251,19.1087031951033
30220,30225,2020,,2020/07/27,16:20:00,COLISIÓN POR CORTE DE CIRCULACIÓN,CONCRETO,Bueno,Bueno,2,YAMAHA,ROJO,2,MINISTERIO PÚBLICO,19,MASCULINO,SIN DATOS,0,0,Morelia,Fuentes de Morelia,julio,lunes,16,-101.204644851387,19.672848582264
30221,30226,2020,LEG31957,2020/07/27,16:55:00,COLISIÓN POR CORTE DE CIRCULACIÓN,SIN_DATOS,Bueno,Regular,2,DATSUN,AZUL MARINO,2,MINISTERIO PÚBLICO,38,MASCULINO,SIN DATOS,0,0,Morelia,Centro,julio,lunes,17,-101.191523454405,19.7038981395168
30222,30227,2020,,2020/07/27,18:00:00,COLISIÓN POR CAMBIO DE CARRIL,ASFALTO,Bueno,Bueno,2,INTERNACIONAL,BLANCO,2,,18,MASCULINO,SIN DATOS,0,0,Morelia,Lomas del Tecnologico,julio,lunes,18,-101.188597895873,19.7199800703085
30223,30228,2020,,2020/07/27,18:25:00,COLISIÓN POR MANIOBRA DE REVERSA,SIN_DATOS,Bueno,Bueno,2,NISSAN,BLANCO Y ROJO,2,,35,MASCULINO,SIN DATOS,0,0,Morelia,Jardines de La Loma,julio,lunes,18,-101.224349059843,19.6767970987682
30224,30229,2020,,2020/07/27,20:15:00,COLISIÓN POR INVASIÓN DE CARRIL,CONCRETO,Bueno,Bueno,3,HONDA HRV,GRIS,3,,44,FEMENINO,CON CERTIFICADO,0,0,Morelia,Felix Ireta,julio,lunes,20,-101.184319071472,19.686747572755
30225,30230,2020,,2020/07/27,20:45:00,COLISIÓN POR CORTE DE CIRCULACIÓN,ASFALTO,Bueno,Bueno,2,MAZDA,ROJO,2,,28,MASCULINO,SIN DATOS,0,0,Morelia,Industrial,julio,lunes,21,-101.188525110483,19.7107997674395
30226,30231,2020,,2020/07/27,21:30:00,COLISIÓN CONTRA OBJETO FIJO,CONCRETO,Bueno,Bueno,1,VOLKSWAGEN TIGUAN,BLANCO,1,,,FEMENINO,SIN DATOS,0,0,Morelia,La Floresta,julio,lunes,22,-101.151936396278,19.6834537756959
30227,30232,2020,,2020/07/27,21:35:00,VOLCADURA,ASFALTO,Lluvioso,Bueno,1,NISSAN/JUKE,PLATA,1,,70,FEMENINO,SIN DATOS,0,0,Morelia,Fracc Valle de Mil Cumbres,julio,lunes,22,-101.111342534423,19.6887581179596
30228,30233,2020,LEG31968,2020/07/27,21:45:00,COLISIÓN CONTRA OBJETO FIJO,ASFALTO,Bueno,Bueno,1,VW,Arena,1,,21,,ALIENTO ETÍLICO,0,0,Morelia,Niño Artillero,julio,lunes,22,-101.256623715162,19.697371072302
30229,30234,2020,,2020/07/27,21:50:00,COLISIÓN POR CORTE DE CIRCULACIÓN,ASFALTO,Bueno,Bueno,2,HYUNDAI,PLATA,2,,32,MASCULINO,SIN DATOS,0,0,Morelia,Torreon Nuevo,julio,lunes,22,-101.199063844979,19.7361493485109
30230,30235,2020,MOR 200581645,2020/07/27,22:15:00,COLISIÓN CONTRA OBJETO FIJO,ASFALTO,Nublado,Regular,1,NISSAN,GRIS,1,,41,MASCULINO,SIN DATOS,0,0,Morelia,Sin datos,julio,lunes,22,-101.180779896677,19.7475164952875
30232,30237,2020,,2020/07/28,10:10:00,COLISIÓN CON PEATÓN,ASFALTO,Bueno,Bueno,2,DODGE,BLANCO,2,,42,MASCULINO,SIN DATOS,0,0,Morelia,Cuauhtemoc,julio,martes,10,-101.18076427,19.6956664699991
30233,30238,2020,MOR200585259,2020/07/28,10:30:00,COLISIÓN POR CORTE DE CIRCULACIÓN,ASFALTO,Bueno,Bueno,2,TOYOTA,BLANCO Y ROSA,2,,28,MASCULINO,SIN DATOS,0,0,Morelia,Centro,julio,martes,11,-101.196055985,19.7004583099992
30234,30239,2020,MOR 200585484,2020/07/28,11:30:00,COLISIÓN POR CORTE DE CIRCULACIÓN,ASFALTO,Bueno,Regular,2,S/D,S/D,1,,36,MASCULINO,SIN DATOS,0,0,Morelia,El Porvenir,julio,martes,12,-101.20441615,19.7107176299992
30236,30241,2020,,2020/07/28,13:20:00,COLISIÓN POR ALCANCE,ASFALTO,Bueno,Bueno,2,FORD,BLANCO,2,,40,MASCULINO,SIN DATOS,0,0,Morelia,Jardines del Rincon,julio,martes,13,-101.152642518282,19.6879213193625
30239,30244,2020,MOR200586274,2020/07/28,16:00:00,COLISIÓN POR CORTE DE CIRCULACIÓN,CONCRETO,Bueno,Bueno,2,TOYOTA,ROJO,2,MINISTERIO PÚBLICO,57,FEMENINO,SIN DATOS,0,0,Morelia,Centro,julio,martes,16,-101.177778474308,19.7032681110405
30240,30245,2020,LEG31976,2020/07/28,16:35:00,COLISIÓN POR ALCANCE,ASFALTO,Bueno,Bueno,2,MAZDA,ROJO,2,,29,MASCULINO,SIN DATOS,0,0,Morelia,Camelinas,julio,martes,17,-101.17262119,19.6818144849991
30241,30246,2020,,2020/07/28,18:35:00,COLISIÓN POR ALCANCE,ASFALTO,Bueno,Bueno,2,ITALIKA,NEGRO Y NARANJA,2,,18,MASCULINO,SIN DATOS,0,0,Morelia,Cuauhtemoc,julio,martes,19,-101.17854569,19.6974281599991
30242,30247,2020,,2020/07/28,21:45:00,COLISIÓN POR CAMBIO DE CARRIL,ASFALTO,Bueno,Regular,2,Kenworth,Blanco,2,,48,MASCULINO,SIN DATOS,0,0,Morelia,Industrial,julio,martes,22,-101.18862398646,19.7108115605367
30244,30249,2020,MOR 200 589724,2020/07/29,"01:45:00",COLISIÓN POR CORTE DE CIRCULACIÓN,ASFALTO,Lluvioso,Regular,2,DODGE,GRIS,2,,25,MASCULINO,SIN DATOS,0,0,Morelia,Lomas de Morelia (Dr Ignacio Chavez),julio,miércoles,2,-101.175452644618,19.7162004988672
30245,30250,2020,LEG31982,2020/07/29,"07:25:00",COLISIÓN POR CAMBIO DE CARRIL,ASFALTO,Bueno,Bueno,2,CHEVROLET,BLANCO AZUL Y MORADO,2,,47,MASCULINO,SIN DATOS,0,0,Morelia,Hacienda del Quinceo,julio,miércoles,7,-101.23481847,19.7275532849991
30246,30251,2020,,2020/07/29,"08:22:00",COLISIÓN POR ALCANCE,ASFALTO,Nublado,Regular,2,NISSAN,BLANCO Y ROJO,2,,38,MASCULINO,SIN DATOS,0,0,Morelia,Alberto Oviedo Mota,julio,miércoles,8,-101.202108792282,19.6775614026295
30247,30252,2020,MOR200587966,2020/07/29,"08:30:00",COLISIÓN POR INVASIÓN DE CARRIL,ASFALTO,Bueno,Bueno,2,FORD,ROJO,2,,54,MASCULINO,SIN DATOS,0,0,Morelia,Francisco J Mujica,julio,miércoles,9,-101.188237778842,19.7221101867616
30248,30253,2020,,2020/07/29,"08:35:00",COLISIÓN POR CORTE DE CIRCULACIÓN,ASFALTO,Bueno,Bueno,2,DODGE/RAM,ROJO,2,,66,MASCULINO,SIN DATOS,0,0,Morelia,Irrigacion,julio,miércoles,9,-101.225047409534,19.7045891134236
30249,30254,2020,,2020/07/29,13:10:00,COLISIÓN POR CAMBIO DE CARRIL,ASFALTO,Bueno,Bueno,2,VOLKSWAGEN,ROJO,2,,33,MASCULINO,SIN DATOS,0,0,Morelia,Primo Tapia Oriente,julio,miércoles,13,-101.158604733646,19.7134218384947
30250,30255,2020,,2020/07/29,13:11:00,COLISIÓN POR CORTE DE CIRCULACIÓN,CONCRETO,Bueno,Bueno,2,FORD,GRIS,2,MINISTERIO PÚBLICO,46,MASCULINO,SIN DATOS,0,0,Morelia,Primo Tapia,julio,miércoles,13,-101.212389729917,19.7132238834106
30251,30256,2020,,2020/07/29,14:10:00,COLISIÓN CONTRA OBJETO FIJO,ASFALTO,Bueno,Bueno,1,VOLKSWAGEN,BLANCO,1,,22,FEMENINO,SIN DATOS,0,0,Tarímbaro,Sin datos,julio,miércoles,14,-101.184769012034,19.7482843052789
30252,30257,2020,MOR200588948,2020/07/29,15:10:00,COLISIÓN POR ALCANCE,ASFALTO,Bueno,Regular,2,OLDSMOBILE,BLANCO,2,,28,MASCULINO,SIN DATOS,0,0,Morelia,Canteras de Morelia,julio,miércoles,15,-101.171692206777,19.7148698671591
30253,30258,2020,,2020/07/29,15:30:00,COLISIÓN POR CAMBIO DE CARRIL,ASFALTO,Bueno,Bueno,2,NISSAN,AZUL,2,,37,MASCULINO,SIN DATOS,0,0,Morelia,Villa Universidad,julio,miércoles,16,-101.214006797157,19.6878856192246
30254,30259,2020,,2020/07/29,16:41:00,SUBIDA AL CAMELLÓN,ASFALTO,Bueno,Bueno,1,NISSAN,TURQUESA,1,,29,MASCULINO,SIN DATOS,0,0,Morelia,Lomas del Tecnologico,julio,miércoles,17,-101.19226246395,19.7230560353245
30255,30260,2020,,2020/07/29,17:30:00,COLISIÓN POR CORTE DE CIRCULACIÓN,ASFALTO,Bueno,Bueno,1,NISSAN,BLANCO/ROJO,0,,,,,0,0,Morelia,Centro,julio,miércoles,18,-101.201667142182,19.7028318874655
30256,30261,2020,,2020/07/29,17:40:00,COLISIÓN POR ALCANCE,ASFALTO,Bueno,Bueno,2,HONDA,BLANCO,2,,24,MASCULINO,SIN DATOS,0,0,Morelia,Lomas del Tecnologico,julio,miércoles,18,-101.196125454522,19.7242938128559
30257,30262,2020,,2020/07/29,18:30:00,CAIDA DE MOTOCICLETA,CONCRETO,Bueno,Bueno,1,ITALIKA,ROJO,1,,38,FEMENINO,SIN DATOS,0,0,Morelia,Union Popular Solidaria,julio,miércoles,19,-101.220520568422,19.7054542595425
30258,30263,2020,MOR200589338,2020/07/29,18:50:00,COLISIÓN CON PEATÓN,ASFALTO,Bueno,Bueno,1,NISSAN,PLATA,1,MINISTERIO PÚBLICO,,MASCULINO,SIN DATOS,0,0,Morelia,Sin datos,julio,miércoles,19,-101.172966957092,19.7485199689885
30259,30264,2020,,2020/07/29,19:30:00,COLISIÓN CON PEATÓN,ASFALTO,Bueno,Bueno,1,TOYOTA,GRIS,0,,,,,0,0,Morelia,Comision Federal de Electricidad,julio,miércoles,20,-101.177070371128,19.6816489357069
30260,30265,2020,,2020/07/29,19:50:00,COLISIÓN POR INVASIÓN DE CARRIL,ASFALTO,Nublado,Regular,2,GENERAL MOTORS,NARANJA,2,,24,MASCULINO,SIN DATOS,0,0,Morelia,Tlalpujahua,julio,miércoles,20,-101.217654906213,19.6771405494947
30261,30266,2020,,2020/07/29,22:59:00,SUBIDA AL CAMELLÓN,CONCRETO,Lluvioso,Bueno,1,CHEVROLET,BLANCO,1,,19,MASCULINO,SIN DATOS,0,0,Morelia,Eduardo Ruiz,julio,miércoles,23,-101.223415620625,19.7227145480855
30262,30267,2020,MOR200590382,2020/07/30,"08:12:00",COLISIÓN CONTRA OBJETO FIJO,ASFALTO,Bueno,Bueno,1,NISSAN,PLATA,1,,26,MASCULINO,SIN DATOS,0,0,Morelia,Alberto Oviedo Mota,julio,jueves,8,-101.198908182011,19.681555672698
30263,30268,2020,LEG32019,2020/07/30,12:30:00,COLISIÓN POR CAMBIO DE CARRIL,ASFALTO,Bueno,Bueno,2,NISSAN,BLANCO,2,,39,FEMENINO,SIN DATOS,0,0,Morelia,La Soledad,julio,jueves,13,-101.185166715661,19.7274533823308
30264,30269,2020,"200590859",2020/07/30,13:05:00,COLISIÓN POR INVASIÓN DE CARRIL,ASFALTO,Nublado,Regular,2,HONDA,BLANCO,2,,39,MASCULINO,SIN DATOS,0,0,Morelia,Lomas de Guayangareo,julio,jueves,13,-101.160960056503,19.7026870450484
30265,30270,2020,MOR200590221,2020/07/30,15:02:00,COLISIÓN POR CORTE DE CIRCULACIÓN,ASFALTO,Bueno,Bueno,2,SEAT,GRIS,2,,30,MASCULINO,SIN DATOS,0,0,Morelia,Ana Maria Gallaga (Riviera Norte),julio,jueves,15,-101.22313734144,19.6767711828014
30266,30271,2020,,2020/07/30,15:10:00,COLISIÓN POR CORTE DE CIRCULACIÓN,ASFALTO,Bueno,Bueno,2,FORD,NEGRO,2,,0,MASCULINO,SIN DATOS,0,0,Morelia,Fracc Heroes Republicanos,julio,jueves,15,-101.27744872123,19.6921209659382
30267,30272,2020,"200591533",2020/07/30,16:20:00,COLISIÓN CON PEATÓN,ASFALTO,Nublado,Bueno,2,VOLKSWAGEN,VERDE,2,,46,MASCULINO,SIN DATOS,0,0,Morelia,Jardines del Rincon,julio,jueves,16,-101.149283382681,19.68870732649
30268,30273,2020,LEG32009,2020/07/30,16:40:00,COLISIÓN POR CAMBIO DE CARRIL,SIN_DATOS,Bueno,Bueno,2,ITALIKA,MORADO,3,,35,MASCULINO,SIN DATOS,1,0,Morelia,Tres Puentes,julio,jueves,17,-101.213524742681,19.7058468756013
30269,30274,2020,LEG32018,2020/07/30,17:08:00,COLISIÓN POR CORTE DE CIRCULACIÓN,ASFALTO,Bueno,Bueno,2,NISSAN,BLANCO Y AMARILLO,2,,40,MASCULINO,SIN DATOS,0,0,Morelia,Articulo Constitucional,julio,jueves,17,-101.1724615,19.7144985
30270,30275,2020,MOR200591584,2020/07/30,17:20:00,COLISIÓN POR ALCANCE,CONCRETO,Bueno,Bueno,2,TOYOTA,GRIS,2,,22,MASCULINO,SIN DATOS,0,0,Morelia,Infonavit Colonial Universidad,julio,jueves,17,-101.207,19.6853
30271,30276,2020,MOR200591642,2020/07/30,17:40:00,COLISIÓN POR CORTE DE CIRCULACIÓN,ASFALTO,Bueno,Bueno,2,VENTO,ROJO/NEGRO,3,,19,MASCULINO,SIN DATOS,1,0,Morelia,Comision Federal de Electricidad,julio,jueves,18,-101.18,19.682
30272,30277,2020,,2020/07/31,"00:00:00",COLISIÓN POR INVASIÓN DE CARRIL,ASFALTO,Lluvioso,Malo,2,CHEVROLET,BLANCO,1,,25,MASCULINO,SIN DATOS,0,0,Morelia,Insurgentes,julio,viernes,0,-101.154540928257,19.6969391869908
30273,30278,2020,,2020/07/31,"00:00:00",COLISIÓN POR CAMBIO DE CARRIL,ASFALTO,Bueno,Bueno,2,FREIGHTLINER,ROJO,2,,40,MASCULINO,SIN DATOS,0,0,Morelia,Hermanos Lopez Rayon,julio,viernes,0,-101.220990833954,19.6763501570814
30274,30279,2020,,2020/07/31,"00:00:00",COLISIÓN POR ALCANCE,ASFALTO,Bueno,Bueno,2,Volkswagen,BLANCO,2,,32,MASCULINO,SIN DATOS,0,0,Morelia,Indeco Santiaguito,julio,viernes,0,-101.178013533354,19.7197566447234
30275,30280,2020,,2020/07/31,"00:00:00",COLISIÓN POR CAMBIO DE CARRIL,ASFALTO,Bueno,Bueno,2,HONDA,GUINDA,2,MINISTERIO PÚBLICO,37,MASCULINO,SIN DATOS,0,0,Morelia,Libertad,julio,viernes,0,-101.237453632057,19.6858352586149
30276,30281,2020,,2020/07/31,"00:00:00",COLISIÓN POR ALCANCE,ASFALTO,Bueno,Bueno,2,MITSUBICHI,GRIS,2,MINISTERIO PÚBLICO,42,MASCULINO,SIN DATOS,0,0,Morelia,Ana Maria Gallaga (Riviera Norte),julio,viernes,0,-101.222820840776,19.6766451903925
30277,30282,2020,MOR200592604,2020/07/31,"01:20:00",COLISIÓN CONTRA OBJETO FIJO,CONCRETO,Lluvioso,Bueno,1,HONDA,GRIS,1,MINISTERIO PÚBLICO,0,,SIN DATOS,0,0,Morelia,Ejidal Ocolusen,julio,viernes,1,-101.153445809401,19.6873262395122
30278,30283,2020,LEG32017,2020/07/31,"02:20:00",COLISIÓN POR NO RESPETAR SEMÁFORO,CONCRETO,Lluvioso,Regular,2,VOLKSWAGEN,GRIS,2,,26,MASCULINO,SIN DATOS,0,0,Morelia,Vasco de Quiroga,julio,viernes,2,-101.172084441176,19.7019638559701
30279,30284,2020,LEG32015,2020/07/31,"03:16:00",COLISIÓN POR CORTE DE CIRCULACIÓN,CONCRETO,Lluvioso,Regular,1,NISSAN,BLANCO,1,,0,,SIN DATOS,0,0,Morelia,Gildardo Magaña,julio,viernes,3,-101.230566606569,19.7268409572897
30280,30285,2020,MOR200592715,2020/07/31,"04:03:00",COLISIÓN CONTRA OBJETO FIJO,ASFALTO,Lluvioso,Regular,1,CHEVROLET,AZUL,1,,35,MASCULINO,SIN DATOS,0,0,Morelia,Lomas del Tecnologico,julio,viernes,4,-101.192971737429,19.7218067072296
30281,30286,2020,MOR200592744,2020/07/31,"06:50:00",COLISIÓN POR CORTE DE CIRCULACIÓN,CONCRETO,Lluvioso,Regular,2,FORD,ARENA,2,,35,MASCULINO,SIN DATOS,0,0,Morelia,La Floresta,julio,viernes,7,-101.150495929978,19.6841052995759
30282,30287,2020,"200592763",2020/07/31,"06:55:00",COLISIÓN CONTRA OBJETO FIJO,ASFALTO,Nublado,Regular,1,TOYOTA,GRIS,1,,36,MASCULINO,CON CERTIFICADO,0,0,Morelia,Sentimientos de La Nacion,julio,viernes,7,-101.233194944297,19.682432823539
30283,30288,2020,,2020/07/31,11:45:00,COLISIÓN POR MANIOBRA DE REVERSA,ASFALTO,Bueno,Bueno,2,HONDA,NEGRO,2,,66,MASCULINO,SIN DATOS,0,0,Morelia,Lazaro Cardenas,julio,viernes,12,-101.164008013226,19.7082183130343
30284,30289,2020,MOR200592610,2020/07/31,12:50:00,SUBIDA AL CAMELLÓN,ASFALTO,Lluvioso,Malo,1,NISSAN,BLANCO,1,,0,FEMENINO,SIN DATOS,0,0,Morelia,La Soledad,julio,viernes,13,-101.185166715661,19.7274533823308
30285,30290,2020,,2020/07/31,13:15:00,COLISIÓN POR CORTE DE CIRCULACIÓN,CONCRETO,Bueno,Bueno,2,NISSAN,BLANCO CON VERDE,2,MINISTERIO PÚBLICO,,MASCULINO,SIN DATOS,0,0,Morelia,Felix Ireta,julio,viernes,13,-101.188165359199,19.68852583855
30286,30291,2020,,2020/07/31,15:35:00,COLISIÓN POR ALCANCE,ASFALTO,Bueno,Bueno,3,NISSAN TIIDA,BLANCO,3,,37,MASCULINO,SIN DATOS,0,0,Morelia,Elias Perez Avalos,julio,viernes,16,-101.165467195891,19.7104267768664
30287,30292,2020,,2020/07/31,15:35:00,COLISIÓN POR CORTE DE CIRCULACIÓN,ASFALTO,Bueno,Bueno,2,DODGE,AZUL,2,,27,MASCULINO,SIN DATOS,0,0,Morelia,Centro,julio,viernes,16,-101.19845863728,19.7030655216741
30288,30293,2020,,2020/07/31,15:40:00,COLISIÓN POR ALCANCE,ASFALTO,Bueno,Bueno,2,FORD,NEGRO,2,MINISTERIO PÚBLICO,,FEMENINO,SIN DATOS,0,0,Morelia,Ana Maria Gallaga (Riviera Norte),julio,viernes,16,-101.221874325789,19.6767983615615
30289,30294,2020,,2020/07/31,16:00:00,COLISIÓN POR MANIOBRA DE REVERSA,ASFALTO,Bueno,Bueno,2,CHEVROLET,AZUL,2,,19,FEMENINO,SIN DATOS,0,0,Morelia,Las Margaritas,julio,viernes,16,-101.208932728254,19.7083672933378
30290,30295,2020,,2020/07/31,17:00:00,VOLCADURA,ASFALTO,Bueno,Bueno,1,MERCEDES BENZ - L1217/46,BLANCO,1,,50,MASCULINO,SIN DATOS,0,0,Morelia,Sin datos,julio,viernes,17,-101.358520195566,19.6991946456137
30291,30296,2020,,2020/07/31,17:04:00,COLISIÓN CONTRA OBJETO FIJO,CONCRETO,Nublado,Bueno,1,Ford,Plata,1,,31,MASCULINO,SIN DATOS,0,0,Morelia,Colinas del Sol,julio,viernes,17,-101.136110052466,19.7292732593329
30292,30297,2020,,2020/07/31,17:17:00,COLISIÓN POR CORTE DE CIRCULACIÓN,CONCRETO,Lluvioso,Regular,2,GENERAL MOTORS,BLANCO Y ROJO,2,,37,MASCULINO,SIN DATOS,0,0,Morelia,Los Manantiales de Morelia,julio,viernes,17,-101.237731545485,19.7014749152095
30293,30298,2020,,2020/07/31,17:25:00,COLISIÓN POR CAMBIO DE CARRIL,ASFALTO,Nublado,Bueno,2,KTM,NARANJA,2,,19,MASCULINO,SIN DATOS,0,0,Morelia,Felix Ireta,julio,viernes,17,-101.195668168366,19.6815034892126
30294,30299,2020,,2020/07/31,17:30:00,COLISIÓN POR ALCANCE,ASFALTO,Bueno,Bueno,2,Nissan,Blanco,2,,,MASCULINO,SIN DATOS,0,0,Morelia,La Soledad,julio,viernes,18,-101.183326632786,19.7289913566079
30295,30300,2020,,2020/07/31,19:30:00,COLISIÓN POR ALCANCE,CONCRETO,Bueno,Bueno,2,NISSAN DRONTIER,BLANCO,2,,37,MASCULINO,SIN DATOS,0,0,Morelia,Villas del Pedregal,julio,viernes,20,-101.300903938032,19.6719554758621
30296,30301,2020,,2020/07/31,20:30:00,COLISIÓN POR ALCANCE,ASFALTO,Bueno,Bueno,2,BMW,ROJO,2,,36,MASCULINO,SIN DATOS,0,0,Morelia,Erendira,julio,viernes,21,-101.166656450794,19.7021072750612
30297,30302,2020,,2020/07/31,23:40:00,COLISIÓN POR INVASIÓN DE CARRIL,ASFALTO,Lluvioso,Bueno,2,CHEVROLET,BLANCO,2,,22,MASCULINO,SIN DATOS,0,0,Peribán,Sin datos,julio,viernes,0,-102.44550993497,19.5532721182751
30298,30303,2020,,2020/07/31,23:40:00,COLISIÓN POR INVASIÓN DE CARRIL,ASFALTO,Lluvioso,Bueno,2,CHEVROLET,BLANCO,2,,22,MASCULINO,SIN DATOS,0,0,Buenavista,Sin datos,julio,viernes,0,-102.545015774667,19.3021680431536
30299,30304,2020,MOR200597618,2020/08/01,"04:20:00",COLISIÓN POR CORTE DE CIRCULACIÓN,ASFALTO,Bueno,Bueno,3,VOLKSWAGEN,NEGRO,3,,37,MASCULINO,SIN DATOS,0,0,Morelia,Lomas de Hidalgo,agosto,sábado,4,-101.160867959682,19.697918934297
30300,30305,2020,,2020/08/01,"04:26:00",COLISIÓN CONTRA OBJETO FIJO,CONCRETO,Nublado,Regular,1,VOLKSWAGEN,ROJO,1,,28,MASCULINO,SIN DATOS,0,0,Morelia,Infonavit Manantiales,agosto,sábado,4,-101.238972415,19.6930406099991
30301,30306,2020,,2020/08/01,"05:02:00",SUBIDA AL CAMELLÓN,CONCRETO,Bueno,Bueno,1,VOLKSWAGEN,NEGRO,1,,26,FEMENINO,CON CERTIFICADO,0,0,Morelia,Ocolusen Iii,agosto,sábado,5,-101.152362897992,19.6846135703073
30302,30307,2020,MOR200595543,2020/08/01,"08:30:00",SALIDA DE SUPERFICIE DE RODAMIENTO,CONCRETO,Bueno,Regular,1,NISSAN,ROJO,1,MINISTERIO PÚBLICO,,,,0,1,Morelia,Ampliacion La Soledad,agosto,sábado,9,-101.183554405,19.7349146049992
30304,30309,2020,LEG32067,2020/08/01,11:08:00,COLISIÓN POR CAMBIO DE CARRIL,ASFALTO,Bueno,Bueno,2,NISSAN,BLANCO/ROJO,2,MINISTERIO PÚBLICO,56,MASCULINO,SIN DATOS,0,0,Morelia,Libertad,agosto,sábado,11,-101.233674055,19.6868048449991
30305,30310,2020,LEG32056,2020/08/01,12:45:00,COLISIÓN POR CORTE DE CIRCULACIÓN,ASFALTO,Bueno,Bueno,2,HONDA,ROJO,1,,21,MASCULINO,SIN DATOS,0,0,Morelia,Chapultepec Sur,agosto,sábado,13,-101.171596915,19.6909445849991
30306,30311,2020,LEG32068,2020/08/01,13:15:00,COLISIÓN POR ALCANCE,ASFALTO,Bueno,Bueno,2,CHEVROLET,GRIS,2,,0,FEMENINO,SIN DATOS,0,0,Morelia,Torreon Nuevo,agosto,sábado,13,-101.20358663,19.7462449699991
30308,30313,2020,MOR20034294,2020/08/01,15:00:00,COLISIÓN POR ALCANCE,ASFALTO,Bueno,Bueno,2,VOLKSWAGEN,GRIS,2,,56,,SIN DATOS,0,0,Morelia,Jardines del Toreo,agosto,sábado,15,-101.215393804014,19.6854163213056
30309,30314,2020,"200596600",2020/08/01,15:50:00,CAIDA DE MOTOCICLETA,ASFALTO,Bueno,Bueno,1,HONDA,BLANCO,1,,26,MASCULINO,SIN DATOS,0,0,Morelia,Tinijaro,agosto,sábado,16,-101.26316,19.6963297049991