fid,id_accidente,anio_origen,folio_c5i,dia_incidente,hora_ocurrencia,tipo_incidente_vial,superficie_ocurrencia,condiciones_climaticas,condiciones_via,numero_vehiculos_involucrados,marca_vehiculo_ocasiona_siniestro,color_vehiculo_ocasiona_siniestro,numero_personas_involucradas,lugar_remite_presunto_responsable,edad_presunto_responsable,sexo_presunto_responsable,resultados_toxicologia,numero_personas_lesionadas,numero_personas_fallecidas,municipio,colonia,mes,dia_semana,hora_redondeada,lon,lat
30311,30316,2020,,2020/08/01,17:40:00,COLISIÓN POR CORTE DE CIRCULACIÓN,ASFALTO,Bueno,Bueno,2,YAMAHA,NEGRO/AMARILLO,3,,37,MASCULINO,SIN DATOS,1,0,Charapan,Sin datos,agosto,sábado,18,-102.271109230138,19.6635047002809
30313,30318,2020,,2020/08/01,20:00:00,VOLCADURA,ASFALTO,Bueno,Bueno,1,MERCEDEZ BENZ,BLANCO/ROJO,1,,52,MASCULINO,SIN DATOS,0,0,Peribán,Sin datos,agosto,sábado,20,-102.429318353534,19.4983859666941
30314,30319,2020,MOR200384250,2020/08/01,20:35:00,COLISIÓN POR CORTE DE CIRCULACIÓN,ASFALTO,Bueno,Bueno,1,TOYOTA,GRIS,1,,64,,SIN DATOS,0,0,Morelia,Barrio Alto,agosto,sábado,21,-101.196623034775,19.7248025380468
30316,30321,2020,LEG32059,2020/08/02,"00:00:00",COLISIÓN CONTRA OBJETO FIJO,CONCRETO,Nublado,Regular,3,CHEVROLET,BLANCO,3,MINISTERIO PÚBLICO,0,MASCULINO,ALIENTO ETÍLICO,0,0,Morelia,Buenavista,agosto,domingo,0,-101.167863719165,19.7049931366503
30317,30322,2020,,2020/08/02,"01:00:00",COLISIÓN POR ALCANCE,ASFALTO,Bueno,Regular,2,Nissan,cafe,2,,25,,SIN DATOS,0,0,Morelia,Josefa Ortiz de Dominguez,agosto,domingo,1,-101.209720901467,19.6724592874432
30318,30323,2020,MOR200598231,2020/08/02,"01:00:00",COLISIÓN CON PEATÓN,SIN_DATOS,Bueno,Bueno,1,DODGE,ROJO,1,,34,MASCULINO,SIN DATOS,0,0,Morelia,Los Manantiales de Morelia,agosto,domingo,1,-101.242962889373,19.7004196661255
30319,30324,2020,MOR200598185,2020/08/02,"01:15:00",COLISIÓN POR CAMBIO DE CARRIL,CONCRETO,Nublado,Bueno,2,HONDA,AZUL,2,,,MASCULINO,ALIENTO ETÍLICO,0,0,Morelia,Juarez,agosto,domingo,1,-101.197025396608,19.6926718345871
30320,30325,2020,,2020/08/02,"01:35:00",COLISIÓN CON PEATÓN,SIN_DATOS,Bueno,Bueno,1,NISSAN,ROJO,1,,23,MASCULINO,ALIENTO ETÍLICO,0,0,Morelia,Ana Maria Gallaga (Riviera Norte),agosto,domingo,2,-101.222732998431,19.6768018055425
30321,30326,2020,LEG32063,2020/08/02,"02:30:00",COLISIÓN CONTRA OBJETO FIJO,ASFALTO,Nublado,Regular,1,VOLKSWAGEN,BLANCO,1,,0,FEMENINO,SIN DATOS,0,0,Morelia,Alberto Oviedo Mota,agosto,domingo,3,-101.202113120391,19.6775503245489
30322,30327,2020,MOR 200598370,2020/08/02,"02:50:00",COLISIÓN CONTRA OBJETO FIJO,ASFALTO,Nublado,Regular,1,FORD,GRIS,2,MINISTERIO PÚBLICO,0,,SIN DATOS,1,0,Morelia,Buenavista,agosto,domingo,3,-101.161412122578,19.7057609501335
30323,30328,2020,LEG32060,2020/08/02,"03:30:00",COLISIÓN CONTRA OBJETO FIJO,ASFALTO,Nublado,Bueno,1,VW,GRIS,1,,24,MASCULINO,ALIENTO ETÍLICO,0,0,Morelia,Jardines del Rincon,agosto,domingo,4,-101.153387501836,19.6873407319915
30324,30329,2020,LEG32070,2020/08/02,"03:35:00",SALIDA DE SUPERFICIE DE RODAMIENTO,ASFALTO,Nublado,Regular,1,SEAT,ROJO,0,,,,,0,0,Tarímbaro,Sin datos,agosto,domingo,4,-101.156501851298,19.781506154022
30325,30330,2020,,2020/08/02,"03:40:00",COLISIÓN CON PEATÓN,SIN_DATOS,Bueno,Bueno,1,Ford,cafe,1,,,,SIN DATOS,0,0,Morelia,San Pascual,agosto,domingo,4,-101.264439001679,19.6960940018878
30327,30332,2020,MOR200598636,2020/08/02,"07:30:00",SUBIDA AL CAMELLÓN,ASFALTO,Bueno,Bueno,1,CHEVROLET,AZUL,1,,0,MASCULINO,SIN DATOS,0,0,Morelia,Ciudad Industrial,agosto,domingo,8,-101.137410923839,19.7289277400216
30328,30333,2020,,2020/08/02,10:50:00,COLISIÓN POR ALCANCE,ASFALTO,Bueno,Bueno,2,VOLKSWAGEN,BLANCO,2,,28,MASCULINO,SIN DATOS,0,0,Morelia,Melchor Ocampo,agosto,domingo,11,-101.200462037859,19.705937823908
30329,30334,2020,,2020/08/02,12:20:00,COLISIÓN CONTRA OBJETO FIJO,ASFALTO,Bueno,Bueno,1,CHEVROLET,BLANCO,1,,43,MASCULINO,SIN DATOS,0,0,Peribán,Sin datos,agosto,domingo,12,-102.450783706523,19.5580452554639
30330,30335,2020,,2020/08/02,14:30:00,COLISIÓN POR CORTE DE CIRCULACIÓN,CONCRETO,Bueno,Bueno,1,FORD,Blanco,1,,30,MASCULINO,SIN DATOS,0,0,Morelia,Popular Pogreso,agosto,domingo,15,-101.199579834938,19.7218257941427
30331,30336,2020,,2020/08/02,17:07:00,COLISIÓN POR CAMBIO DE CARRIL,ASFALTO,Bueno,Bueno,2,NISSAN,BLANCO Y ROJO,2,,44,MASCULINO,CON CERTIFICADO,0,0,Morelia,Jesus Romero Flores,agosto,domingo,17,-101.178306817326,19.7315900393729
30332,30337,2020,LEG32064,2020/08/02,17:40:00,COLISIÓN POR CORTE DE CIRCULACIÓN,CONCRETO,Bueno,Bueno,2,FORD,BLANCO,2,MINISTERIO PÚBLICO,0,MASCULINO,SIN DATOS,0,0,Morelia,Loma de La Floresta,agosto,domingo,18,-101.201247163117,19.6664699862865
30333,30338,2020,,2020/08/02,18:25:00,COLISIÓN POR CAMBIO DE CARRIL,ASFALTO,Bueno,Bueno,2,FORD RANGER,GRIS,2,,29,FEMENINO,SIN DATOS,0,0,Morelia,Ignacio Zaragoza,agosto,domingo,18,-101.204222336317,19.723849518802
30334,30339,2020,MOR200597022,2020/08/02,18:45:00,COLISIÓN POR ALCANCE,ASFALTO,Bueno,Bueno,2,YAMAHA,BLANCO,2,,18,MASCULINO,SIN DATOS,0,0,Morelia,Fidel Velazquez,agosto,domingo,19,-101.236145171256,19.7021147358485
30335,30340,2020,,2020/08/02,20:10:00,COLISIÓN POR INVASIÓN DE CARRIL,ASFALTO,Bueno,Bueno,3,TOYOTA,BLANCO,3,,75,MASCULINO,SIN DATOS,0,0,Tingüindín,Sin datos,agosto,domingo,20,-102.547004602171,19.7274592961239
30336,30341,2020,MOR200597589,2020/08/02,21:10:00,COLISIÓN POR ALCANCE,ASFALTO,Lluvioso,Malo,2,NISSAN,GRIS,2,,28,MASCULINO,ALIENTO ETÍLICO,0,0,Morelia,Torreon Nuevo,agosto,domingo,21,-101.19905845008,19.7361181346563
30337,30342,2020,,2020/08/02,22:19:00,COLISIÓN POR CORTE DE CIRCULACIÓN,TERRACERIA,Lluvioso,Regular,1,GMC,DORADO,1,,65,MASCULINO,ALIENTO ETÍLICO,0,0,Morelia,Sin datos,agosto,domingo,22,-101.11455884192,19.7372316661679
30338,30343,2020,,2020/08/02,22:55:00,COLISIÓN POR ALCANCE,ASFALTO,Nublado,Bueno,2,Italika,Rojo,1,,32,FEMENINO,SIN DATOS,0,0,Morelia,Sentimientos de La Nacion,agosto,domingo,23,-101.2340663,19.6807615
30339,30344,2020,,2020/08/03,"00:00:00",CAIDA DE MOTOCICLETA,ASFALTO,Lluvioso,Regular,1,ITALIKA Z125,AZUL Y BLANCO,0,MINISTERIO PÚBLICO,,,,0,0,Morelia,Buenos Aires,agosto,lunes,0,-101.192694267462,19.6588330609221
30340,30345,2020,MOR200602132,2020/08/03,"00:00:00",COLISIÓN POR ALCANCE,CONCRETO,Lluvioso,Regular,2,NISSAN,BLANCA,2,,29,MASCULINO,SIN DATOS,0,0,Morelia,Villas Valladolid,agosto,lunes,0,-101.217440664768,19.697555731989
30341,30346,2020,,2020/08/03,"00:11:00",COLISIÓN CONTRA OBJETO FIJO,ASFALTO,Lluvioso,Bueno,1,Chrysler,Negro,1,,28,,CON CERTIFICADO,0,0,Morelia,San Rafael,agosto,lunes,0,-101.153862557637,19.6998019631159
30342,30347,2020,,2020/08/03,10:24:00,COLISIÓN POR ALCANCE,ASFALTO,Bueno,Bueno,2,AUDI,ROJO,2,,31,MASCULINO,SIN DATOS,0,0,Morelia,Morelos,agosto,lunes,10,-101.207870543003,19.7002426427776
30343,30348,2020,MOR200601701,2020/08/03,10:24:00,COLISIÓN POR ALCANCE,ASFALTO,Nublado,Bueno,2,NISSAN,BLANCO,2,,24,,SIN DATOS,0,0,Morelia,La Soledad,agosto,lunes,10,-101.183409436859,19.7280715558394
30344,30349,2020,MOR200601967,2020/08/03,12:00:00,SALIDA DE SUPERFICIE DE RODAMIENTO,ASFALTO,Bueno,Bueno,1,TOYOTA,ROJO,1,,35,MASCULINO,SIN DATOS,0,0,Morelia,Cumbres de Morelia,agosto,lunes,12,-101.140434474431,19.6911863272433
30345,30350,2020,,2020/08/03,12:10:00,COLISIÓN CONTRA OBJETO FIJO,ASFALTO,Bueno,Bueno,1,CHEVROLET,GRIS,0,,,,,0,0,Morelia,Tzindurio de Morelos,agosto,lunes,12,-101.243351169609,19.6995482353052
30346,30351,2020,,2020/08/03,12:40:00,COLISIÓN POR INVASIÓN DE CARRIL,ASFALTO,Bueno,Bueno,3,NISSAN,PLATA,3,,24,MASCULINO,SIN DATOS,0,0,Coeneo,Sin datos,agosto,lunes,13,-101.697195626127,19.7523618551729
30347,30352,2020,,2020/08/03,12:50:00,COLISIÓN POR INVASIÓN DE CARRIL,ASFALTO,Bueno,Bueno,2,NISSAN,BLANCO/AMARILLO,4,MINISTERIO PÚBLICO,69,MASCULINO,SIN DATOS,2,0,Peribán,Sin datos,agosto,lunes,13,-102.435022071004,19.4880800204699
30348,30353,2020,MN/FC/108/03082,2020/08/03,15:30:00,SALIDA DE SUPERFICIE DE RODAMIENTO,ASFALTO,Nublado,Bueno,2,CHEVROLET,GRIS,4,MINISTERIO PÚBLICO,47,MASCULINO,SIN DATOS,2,0,Zacapu,Los Corrales,agosto,lunes,16,-101.774685010314,19.7934533977747
30349,30354,2020,,2020/08/03,17:00:00,SALIDA DE SUPERFICIE DE RODAMIENTO,CONCRETO,Lluvioso,Bueno,1,FORD/EXPLORER,BLANCO,0,,,,,0,0,Morelia,Sentimientos de La Nacion,agosto,lunes,17,-101.2340522,19.6807561
30350,30355,2020,,2020/08/03,17:00:00,COLISIÓN POR CORTE DE CIRCULACIÓN,SIN_DATOS,Bueno,Bueno,2,NISSAN,BLANCO MORADO,2,,43,MASCULINO,SIN DATOS,0,0,Morelia,Ejido La Huerta,agosto,lunes,17,-101.21173158288,19.6682884007834
30351,30356,2020,LEG32092,2020/08/03,17:15:00,COLISIÓN POR CORTE DE CIRCULACIÓN,CONCRETO,Lluvioso,Regular,2,TOYOTA,BLANCO CON GRIS,2,,,MASCULINO,SIN DATOS,0,0,Morelia,Alberto Oviedo Mota,agosto,lunes,17,-101.202150427483,19.6774338897482
30352,30357,2020,,2020/08/04,"09:15:00",COLISIÓN POR CORTE DE CIRCULACIÓN,ASFALTO,Bueno,Bueno,2,ITALIKA,GRIS,2,,24,MASCULINO,SIN DATOS,0,0,Morelia,Avicola Benito Juarez,agosto,martes,9,-101.281260810792,19.6909644111034
30353,30358,2020,,2020/08/04,10:46:00,COLISIÓN POR CORTE DE CIRCULACIÓN,ASFALTO,Bueno,Bueno,2,FORD,BLANCO,2,,50,MASCULINO,SIN DATOS,0,0,Morelia,Centro,agosto,martes,11,-101.185570017182,19.7029161078032
30354,30359,2020,,2020/08/04,11:20:00,COLISIÓN POR ALCANCE,ASFALTO,Bueno,Bueno,3,CHEVROLET,GRIS,3,,38,MASCULINO,SIN DATOS,0,0,Morelia,Tres Puentes,agosto,martes,11,-101.215078644454,19.7032365177263
30355,30360,2020,,2020/08/04,12:40:00,COLISIÓN POR CORTE DE CIRCULACIÓN,ASFALTO,Bueno,Bueno,2,FORD,BLANCO Y VERDE,2,,40,MASCULINO,SIN DATOS,0,0,Morelia,Centro,agosto,martes,13,-101.19428280741,19.7030057801782
30356,30361,2020,,2020/08/04,13:55:00,COLISIÓN POR CORTE DE CIRCULACIÓN,ASFALTO,Bueno,Bueno,2,INTERNATIONAL,AMARILLO,2,,31,MASCULINO,SIN DATOS,0,0,Morelia,Lazaro Cardenas,agosto,martes,14,-101.165378957319,19.7103510538571
30357,30362,2020,,2020/08/04,15:00:00,COLISIÓN POR ALCANCE,ASFALTO,Nublado,Bueno,2,NISSAN,PLATA,2,MINISTERIO PÚBLICO,37,MASCULINO,SIN DATOS,0,0,Morelia,Valle de Altozano,agosto,martes,15,-101.164238713682,19.665070973288
30358,30363,2020,,2020/08/04,15:23:00,COLISIÓN POR CORTE DE CIRCULACIÓN,CONCRETO,Bueno,Bueno,2,SUZUKI,ROJO,2,,27,MASCULINO,SIN DATOS,0,0,Morelia,Vasco de Quiroga,agosto,martes,15,-101.174852519549,19.7003760774788
30359,30364,2020,,2020/08/04,15:50:00,COLISIÓN POR CORTE DE CIRCULACIÓN,ASFALTO,Bueno,Bueno,2,SUZUKI,AZUL,2,,15,MASCULINO,SIN DATOS,0,0,Morelia,Obrera,agosto,martes,16,-101.188377253711,19.7107458805253
30360,30365,2020,,2020/08/04,16:40:00,COLISIÓN POR MANIOBRA DE REVERSA,ASFALTO,Bueno,Bueno,2,TOYOTA,GRIS,2,,39,MASCULINO,SIN DATOS,0,0,Morelia,Rinconada del Valle,agosto,martes,17,-101.221700267944,19.6775022722095
30361,30366,2020,,2020/08/04,16:53:00,COLISIÓN POR INVASIÓN DE CARRIL,ASFALTO,Bueno,Bueno,2,NISSAN,BLANCO,2,MINISTERIO PÚBLICO,38,MASCULINO,SIN DATOS,0,0,Morelia,Bosques Tres Marias,agosto,martes,17,-101.105251908302,19.7292591149483
30362,30367,2020,,2020/08/04,17:30:00,COLISIÓN POR CORTE DE CIRCULACIÓN,ASFALTO,Bueno,Bueno,2,HONDA,PLATA,2,,27,MASCULINO,SIN DATOS,0,0,Morelia,Juarez,agosto,martes,18,-101.200184368275,19.6962293627152
30363,30368,2020,,2020/08/04,17:45:00,COLISIÓN POR CORTE DE CIRCULACIÓN,ASFALTO,Bueno,Bueno,2,BMW,GRIS,2,,33,FEMENINO,SIN DATOS,0,0,Morelia,Jardines del Rincon,agosto,martes,18,-101.150364957072,19.690637978861
30364,30369,2020,,2020/08/04,19:50:00,VOLCADURA,ASFALTO,Bueno,Bueno,1,SEAT,BLANCO,1,MINISTERIO PÚBLICO,,,,1,0,Tuxpan,Sin datos,agosto,martes,20,-100.476284958422,19.621396334831
30365,30370,2020,,2020/08/04,22:30:00,COLISIÓN POR CAMBIO DE CARRIL,ASFALTO,Bueno,Regular,2,CHEVROLET,BLANCO,2,,34,MASCULINO,SIN DATOS,0,0,Morelia,Libertad,agosto,martes,23,-101.238109096885,19.68736762197
30366,30371,2020,,2020/08/04,23:30:00,COLISIÓN POR CAMBIO DE CARRIL,ASFALTO,Bueno,Bueno,2,CHEDODGE,BALNCO,2,,26,MASCULINO,SIN DATOS,0,0,Morelia,El Lago 1,agosto,martes,0,-101.217859119845,19.7274144524538
30367,30372,2020,,2020/08/05,"07:10:00",COLISIÓN CONTRA OBJETO FIJO,ASFALTO,Bueno,Bueno,1,CHEVROLET,BLANCO,1,,23,MASCULINO,SIN DATOS,0,0,Tangamandapio,Sin datos,agosto,miércoles,7,-102.385821945287,19.9150997580121
30368,30373,2020,LEG32128,2020/08/05,"09:45:00",COLISIÓN POR ALCANCE,ASFALTO,Bueno,Bueno,3,NISSAN,GRIS,3,,44,FEMENINO,SIN DATOS,0,0,Morelia,Ciudad Industrial,agosto,miércoles,10,-101.142956726253,19.7252585559689
30369,30374,2020,,2020/08/05,10:00:00,COLISIÓN POR ALCANCE,ASFALTO,Bueno,Bueno,2,HONDA,GRIS,1,,45,,SIN DATOS,0,0,Morelia,Morelos,agosto,miércoles,10,-101.20924883268,19.6981835733639
30370,30375,2020,,2020/08/05,11:20:00,COLISIÓN POR CORTE DE CIRCULACIÓN,ASFALTO,Bueno,Bueno,2,NISSAN,BLANCO/MORADO,2,,0,MASCULINO,SIN DATOS,0,0,Morelia,Centro,agosto,miércoles,11,-101.194907426834,19.7072180295126
30371,30376,2020,MOR200607918,2020/08/05,13:18:00,COLISIÓN POR ALCANCE,CONCRETO,Bueno,Bueno,2,VOLKSWAGEN,ROJO,2,,32,MASCULINO,SIN DATOS,0,0,Morelia,Vasco de Quiroga,agosto,miércoles,13,-101.168221458793,19.6966463203714
30372,30377,2020,LEG32129,2020/08/05,13:20:00,COLISIÓN POR ALCANCE,ASFALTO,Bueno,Bueno,3,FORD,ROJO,3,,41,MASCULINO,SIN DATOS,0,0,Morelia,Bosques de Oriente,agosto,miércoles,13,-101.156394380064,19.715174271157
30373,30378,2020,MOR200708430,2020/08/05,16:00:00,COLISIÓN POR CORTE DE CIRCULACIÓN,CONCRETO,Bueno,Bueno,2,CHEVROLET,BLANCO,2,,24,MASCULINO,SIN DATOS,0,0,Morelia,Jose Ma Pino Suarez,agosto,miércoles,16,-101.163192438812,19.7202256458564
30374,30379,2020,,2020/08/05,16:30:00,COLISIÓN POR ALCANCE,SIN_DATOS,Bueno,Bueno,2,DODGE,SN DATO,2,,0,,SIN DATOS,0,0,Morelia,Sentimientos de La Nacion,agosto,miércoles,17,-101.233229457664,19.6782113923944
30375,30380,2020,LEG32127,2020/08/05,17:40:00,COLISIÓN POR ALCANCE,ASFALTO,Bueno,Bueno,2,DODGE,BLANCO,2,,37,MASCULINO,SIN DATOS,0,0,Morelia,Vista Bella,agosto,miércoles,18,-101.195443533361,19.6789349362712
30376,30381,2020,MOR200608724,2020/08/05,17:40:00,SALIDA DE SUPERFICIE DE RODAMIENTO,ASFALTO,Bueno,Regular,1,CHEVROLET,SN DATO,1,,0,MASCULINO,SIN DATOS,0,0,Morelia,Justo Mendoza,agosto,miércoles,18,-101.231162846088,19.7143504365188
30377,30382,2020,,2020/08/05,19:00:00,COLISIÓN POR CORTE DE CIRCULACIÓN,ASFALTO,Bueno,Bueno,2,TOYOTA,BLANCO CON AZUL,0,,,,,0,0,Lázaro Cárdenas,Lomas de Bella Vista,agosto,miércoles,19,-102.222099602222,17.9698210420351
30378,30383,2020,"200608845",2020/08/05,19:15:00,COLISIÓN POR INVASIÓN DE CARRIL,ASFALTO,Nublado,Regular,2,IZUZU,BLANCO,2,,24,MASCULINO,SIN DATOS,0,0,Morelia,Centro,agosto,miércoles,19,-101.191528178751,19.7029215024956
30379,30384,2020,LEG32136,2020/08/05,19:35:00,COLISIÓN POR ALCANCE,ASFALTO,Bueno,Regular,2,FORD,OCRE,2,,,MASCULINO,SIN DATOS,0,0,Morelia,Tierra Y Libertad,agosto,miércoles,20,-101.22983917594,19.7162955310568
30380,30385,2020,LEG32134,2020/08/05,20:00:00,COLISIÓN CONTRA OBJETO FIJO,CONCRETO,Bueno,Regular,2,MAZDA,BLANCO,2,,55,MASCULINO,CON CERTIFICADO,0,0,Morelia,Adolfo Lopez Mateos,agosto,miércoles,20,-101.225918822669,19.6995920824375
30381,30386,2020,MOR200609490,2020/08/05,22:35:00,COLISIÓN POR CORTE DE CIRCULACIÓN,ASFALTO,Bueno,Bueno,2,CHRYSLER,ROJO,2,,47,MASCULINO,SIN DATOS,0,0,Morelia,Felix Ireta,agosto,miércoles,23,-101.192026848652,19.6879437287931
30382,30387,2020,MOR200609685,2020/08/06,"00:40:00",COLISIÓN POR CAMBIO DE CARRIL,CONCRETO,Bueno,Bueno,2,TOYOTA,NEGRO,2,,25,MASCULINO,ALIENTO ETÍLICO,0,0,Morelia,Vasco de Quiroga,agosto,jueves,1,-101.167751401663,19.6965532582806
30383,30388,2020,LEG32137,2020/08/06,"06:20:00",COLISIÓN CONTRA OBJETO FIJO,ASFALTO,Nublado,Regular,1,CHEVROLET,BLANCO,1,,22,MASCULINO,ALIENTO ETÍLICO,0,0,Morelia,Lomas de Santa Maria,agosto,jueves,6,-101.187224239111,19.6759036125696
30384,30389,2020,,2020/08/06,"09:23:00",COLISIÓN POR ALCANCE,ASFALTO,Bueno,Bueno,2,ITALIKA,NEGRO,2,,21,MASCULINO,SIN DATOS,0,0,Morelia,Centro,agosto,jueves,9,-101.177878447545,19.7025692115443
30385,30390,2020,,2020/08/06,10:25:00,COLISIÓN POR ALCANCE,CONCRETO,Bueno,Bueno,2,JEEP PATRIOT,VERDE,2,,42,FEMENINO,SIN DATOS,0,0,Morelia,Colinas del Sur,agosto,jueves,10,-101.197448381731,19.6637096657842
30386,30391,2020,,2020/08/06,12:30:00,COLISIÓN CON PEATÓN,ASFALTO,Bueno,Bueno,1,CHEVROLET SPARK,GRIS,2,MINISTERIO PÚBLICO,61,MASCULINO,SIN DATOS,0,1,Morelia,La Soledad,agosto,jueves,13,-101.183411478996,19.7280734781141
30387,30392,2020,,2020/08/06,13:10:00,COLISIÓN POR ALCANCE,ASFALTO,Bueno,Bueno,2,NISSAN/QUEST,BLANCO,2,,66,MASCULINO,SIN DATOS,0,0,Morelia,Granjas Unidas de Morelia,agosto,jueves,13,-101.279512681067,19.6913002266788
30388,30393,2020,,2020/08/06,14:05:00,COLISIÓN POR ALCANCE,ASFALTO,Bueno,Bueno,2,NISSAN,GRIS,2,,20,FEMENINO,SIN DATOS,0,0,Tarímbaro,Sin datos,agosto,jueves,14,-101.172163635492,19.7500579853014
30389,30394,2020,,2020/08/06,14:30:00,COLISIÓN POR MANIOBRA DE REVERSA,ASFALTO,Bueno,Bueno,2,NISSAN,BLANCO Y ROJO,2,,42,MASCULINO,SIN DATOS,0,0,Morelia,Cañada del Bosque,agosto,jueves,15,-101.095157079399,19.729577607208
30390,30395,2020,,2020/08/06,14:50:00,COLISIÓN CON PEATÓN,ASFALTO,Bueno,Bueno,1,HONDA,ROJO,2,,35,MASCULINO,SIN DATOS,1,0,Morelia,Centro,agosto,jueves,15,-101.18787266314,19.6958446013673
30391,30396,2020,,2020/08/06,15:17:00,COLISIÓN POR CAMBIO DE CARRIL,ASFALTO,Bueno,Bueno,2,FORD,BLANCO,2,,20,MASCULINO,SIN DATOS,0,0,Morelia,Centro,agosto,jueves,15,-101.189729818568,19.7046954565669
30392,30397,2020,,2020/08/06,15:50:00,COLISIÓN POR CORTE DE CIRCULACIÓN,ASFALTO,Bueno,Bueno,2,FORD,GRIS,2,,65,MASCULINO,SIN DATOS,0,0,Morelia,Morelos,agosto,jueves,16,-101.205878332257,19.6985422157771
30393,30398,2020,,2020/08/06,16:40:00,COLISIÓN POR CORTE DE CIRCULACIÓN,ASFALTO,Bueno,Bueno,2,FORD,BLANCO,2,,42,MASCULINO,SIN DATOS,0,0,Morelia,Del Empleado,agosto,jueves,17,-101.176109195434,19.6908747606798
30394,30399,2020,,2020/08/06,17:50:00,COLISIÓN POR MANIOBRA DE REVERSA,ASFALTO,Bueno,Bueno,2,CHEVROLET,AZUL,2,,62,MASCULINO,SIN DATOS,0,0,Morelia,Centro,agosto,jueves,18,-101.190758384764,19.6959278784006
30395,30400,2020,,2020/08/06,18:08:00,COLISIÓN POR CORTE DE CIRCULACIÓN,ASFALTO,Bueno,Bueno,2,YAMAHA,ROJO,2,,36,MASCULINO,SIN DATOS,0,0,Morelia,Villa Universidad,agosto,jueves,18,-101.203623996531,19.6909770379196
30396,30401,2020,,2020/08/06,20:20:00,COLISIÓN POR MANIOBRA DE REVERSA,ASFALTO,Nublado,Regular,2,FREIGHTLINER,BLANCO,2,,25,MASCULINO,SIN DATOS,0,0,Morelia,Elias Perez Avalos,agosto,jueves,20,-101.168659969486,19.7130247516566
30397,30402,2020,,2020/08/06,23:15:00,COLISIÓN POR CORTE DE CIRCULACIÓN,ASFALTO,Nublado,Bueno,2,ISUZU,BLANCO,2,,29,MASCULINO,SIN DATOS,0,0,Morelia,Sin datos,agosto,jueves,23,-101.304399191655,19.6876750628692
30398,30403,2020,,2020/08/07,"02:20:00",COLISIÓN POR CORTE DE CIRCULACIÓN,CONCRETO,Bueno,Bueno,2,NISSAN,BLANCO,2,MINISTERIO PÚBLICO,,MASCULINO,ALIENTO ETÍLICO,0,0,Morelia,Centro,agosto,viernes,2,-101.191607170215,19.7010990958922
30399,30404,2020,,2020/08/07,"02:59:00",VOLCADURA,ASFALTO,Bueno,Bueno,1,VOLKSWAGEN,BLANCO,1,,45,MASCULINO,CON CERTIFICADO,0,0,Morelia,San Rafael,agosto,viernes,3,-101.155037730932,19.7007358627971
30400,30405,2020,,2020/08/07,"03:10:00",SUBIDA AL CAMELLÓN,ASFALTO,Bueno,Bueno,1,KIA,BLANCO,1,,38,MASCULINO,ALIENTO ETÍLICO,0,0,Morelia,Los Laureles,agosto,viernes,3,-101.232415315776,19.7138324388472
30401,30406,2020,LEG32163,2020/08/07,"08:35:00",COLISIÓN POR CORTE DE CIRCULACIÓN,CONCRETO,Bueno,Bueno,2,SUZUKI,BLANCO,2,,44,MASCULINO,SIN DATOS,0,0,Morelia,Veinte de Noviembre,agosto,viernes,9,-101.166593357921,19.7221208313977
30402,30407,2020,LEG32175,2020/08/07,"09:06:00",COLISIÓN POR CAMBIO DE CARRIL,ASFALTO,Bueno,Bueno,2,FORD,BLANCO,2,,37,MASCULINO,SIN DATOS,0,0,Morelia,Sentimientos de La Nacion,agosto,viernes,9,-101.233781657435,19.6830149726345
30403,30408,2020,,2020/08/07,11:40:00,COLISIÓN CON PEATÓN,SIN_DATOS,Bueno,Bueno,2,International,Amarillo,2,,42,,SIN DATOS,0,0,Morelia,Tinijaro,agosto,viernes,12,-101.259813867509,19.696855917961
30404,30409,2020,LEG32177,2020/08/07,12:00:00,COLISIÓN POR CORTE DE CIRCULACIÓN,CONCRETO,Bueno,Bueno,2,FORD,NEGRO,2,,30,MASCULINO,SIN DATOS,0,0,Morelia,Elias Perez Avalos,agosto,viernes,12,-101.165380994104,19.7103532751151
30405,30410,2020,LEG32168,2020/08/07,13:20:00,COLISIÓN POR CORTE DE CIRCULACIÓN,CONCRETO,Bueno,Bueno,2,FORD,BLANCO Y ROJO,2,,45,MASCULINO,SIN DATOS,0,0,Morelia,Solidaridad,agosto,viernes,13,-101.206271580674,19.7304920244791
30406,30411,2020,LEG32170,2020/08/07,13:35:00,COLISIÓN POR CORTE DE CIRCULACIÓN,ASFALTO,Bueno,Bueno,2,NISSAN,BLANCO,2,,51,MASCULINO,SIN DATOS,0,0,Morelia,Cuauhtemoc,agosto,viernes,14,-101.179062551394,19.6947759999213
30407,30412,2020,MOR 200613146,2020/08/07,13:50:00,COLISIÓN POR NO RESPETAR SEMÁFORO,ASFALTO,Bueno,Regular,2,ITALIKA,ROJO,3,,24,MASCULINO,SIN DATOS,1,0,Morelia,Jardines del Rincon,agosto,viernes,14,-101.150391809642,19.6906991903369
30408,30413,2020,MOR200613441,2020/08/07,14:33:00,COLISIÓN POR CORTE DE CIRCULACIÓN,ASFALTO,Bueno,Bueno,2,VOLKSWAGEN,GRIS,2,,33,FEMENINO,SIN DATOS,0,0,Morelia,Felix Ireta,agosto,viernes,15,-101.180733963847,19.6857569698245
30409,30414,2020,LEG32167,2020/08/07,14:40:00,COLISIÓN POR CAMBIO DE CARRIL,ASFALTO,Bueno,Bueno,2,MARK,BLANCO,2,,43,MASCULINO,SIN DATOS,0,0,Morelia,Enrique Arreguin Robles,agosto,viernes,15,-101.179760291494,19.7203843415706