fid,id_accidente,anio_origen,folio_c5i,dia_incidente,hora_ocurrencia,tipo_incidente_vial,superficie_ocurrencia,condiciones_climaticas,condiciones_via,numero_vehiculos_involucrados,marca_vehiculo_ocasiona_siniestro,color_vehiculo_ocasiona_siniestro,numero_personas_involucradas,lugar_remite_presunto_responsable,edad_presunto_responsable,sexo_presunto_responsable,resultados_toxicologia,numero_personas_lesionadas,numero_personas_fallecidas,municipio,colonia,mes,dia_semana,hora_redondeada,lon,lat
30410,30415,2020,MOR200613331,2020/08/07,14:45:00,COLISIÓN POR CAMBIO DE CARRIL,CONCRETO,Bueno,Bueno,2,KENWORTH,BLANCO,2,,42,MASCULINO,SIN DATOS,0,0,Morelia,Hacienda del Monte,agosto,viernes,15,-101.15291017343,19.6561368075829
30411,30416,2020,,2020/08/07,15:39:00,COLISIÓN POR ALCANCE,ASFALTO,Bueno,Bueno,2,VOLKSWAGUEN,GRIS,2,MINISTERIO PÚBLICO,,MASCULINO,SIN DATOS,0,0,Tuxpan,Sin datos,agosto,viernes,16,-100.476284592665,19.6213966219373
30412,30417,2020,,2020/08/07,16:00:00,COLISIÓN POR MANIOBRA DE REVERSA,ASFALTO,Bueno,Bueno,2,Nissan,blanco,2,,,,SIN DATOS,0,0,Tarímbaro,Sin datos,agosto,viernes,16,-101.126056797802,19.7779252565613
30413,30418,2020,LEG32174,2020/08/07,17:25:00,COLISIÓN POR CORTE DE CIRCULACIÓN,ASFALTO,Bueno,Bueno,2,NISSAN,BLANCO,2,,35,MASCULINO,SIN DATOS,0,0,Morelia,Comision Federal de Electricidad,agosto,viernes,17,-101.181287169456,19.6813847326797
30414,30419,2020,MOR200613819,2020/08/07,17:52:00,COLISIÓN POR ALCANCE,ASFALTO,Bueno,Bueno,2,MITSUBISHI,BLANCO,2,,64,FEMENINO,SIN DATOS,0,0,Morelia,Hermanos Lopez Rayon,agosto,viernes,18,-101.220238879323,19.6753211735339
30415,30420,2020,,2020/08/07,18:20:00,COLISIÓN POR CAMBIO DE CARRIL,ASFALTO,Bueno,Bueno,2,Freightliner,azul,2,,,,SIN DATOS,0,0,Morelia,Fidel Velazquez,agosto,viernes,18,-101.239826716483,19.7058797172794
30416,30421,2020,,2020/08/07,21:35:00,SALIDA DE SUPERFICIE DE RODAMIENTO,CONCRETO,Bueno,Bueno,1,NISSAN,ROJO,1,,60,MASCULINO,SIN DATOS,0,0,Tarímbaro,Puebla,agosto,viernes,22,-101.195092834532,19.7491930501714
30417,30422,2020,MOR200614474,2020/08/07,21:35:00,COLISIÓN POR ALCANCE,ASFALTO,Bueno,Bueno,2,JEEP,BLANCO,2,,0,MASCULINO,SIN DATOS,0,0,Morelia,Irrigacion,agosto,viernes,22,-101.225011839784,19.7047096605164
30418,30423,2020,MOR200614873,2020/08/08,"01:45:00",COLISIÓN POR ALCANCE,ASFALTO,Bueno,Bueno,2,CHEVROLET,GRIS,2,,29,FEMENINO,SIN DATOS,0,0,Morelia,Consuelo Alfaro de Vazquez,agosto,sábado,2,-101.138873002067,19.7279485015807
30419,30424,2020,MOR20085695,2020/08/08,"07:35:00",CAIDA DE MOTOCICLETA,ASFALTO,Bueno,Bueno,1,ITALIKA,ROJA,1,,,,,1,0,Tarímbaro,Sin datos,agosto,sábado,8,-101.132804229856,19.7759489611105
30420,30425,2020,MOR200613268,2020/08/08,13:40:00,COLISIÓN POR MANIOBRA DE REVERSA,ASFALTO,Bueno,Bueno,2,FIAT,GRIS,2,,22,FEMENINO,SIN DATOS,0,0,Morelia,Jardines del Rincon,agosto,sábado,14,-101.150373034179,19.6907168679085
30421,30426,2020,,2020/08/08,15:52:00,COLISIÓN POR ALCANCE,ASFALTO,Lluvioso,Bueno,2,TOYOTA,BLANCO,2,,21,MASCULINO,SIN DATOS,0,0,Morelia,Villas Lomas del Paraiso,agosto,sábado,16,-101.171367659487,19.6704444908268
30422,30427,2020,,2020/08/08,20:45:00,COLISIÓN POR CORTE DE CIRCULACIÓN,CONCRETO,Bueno,Bueno,1,Dodge,BLANCO,1,,0,,SIN DATOS,0,0,Morelia,Granjas del Maestro,agosto,sábado,21,-101.188583082773,19.7132933786149
30423,30428,2020,,2020/08/08,23:15:00,CAIDA DE MOTOCICLETA,ASFALTO,Lluvioso,Regular,1,VENTO,BLANCO,0,MINISTERIO PÚBLICO,,,,0,0,Pátzcuaro,Centro,agosto,sábado,23,-101.618883565746,19.5116298037977
30424,30429,2020,,2020/08/09,"00:20:00",SUBIDA AL CAMELLÓN,CONCRETO,Bueno,Bueno,1,CHEVROLET/SILVERADO,BLANCO,1,,40,MASCULINO,CON CERTIFICADO,0,0,Morelia,Niño Artillero,agosto,domingo,0,-101.250201470472,19.6986097086405
30425,30430,2020,,2020/08/09,"00:55:00",COLISIÓN CONTRA OBJETO FIJO,ASFALTO,Bueno,Regular,1,VW,BLANCO,0,,,,,0,0,Cotija,Sin datos,agosto,domingo,1,-102.63157133013,19.7784096035206
30426,30431,2020,,2020/08/09,"01:00:00",COLISIÓN POR CORTE DE CIRCULACIÓN,ASFALTO,Lluvioso,Bueno,2,CHEVROLET,GRIS,2,,26,MASCULINO,SIN DATOS,0,0,Morelia,Independencia,agosto,domingo,1,-101.178435036406,19.7056609779182
30427,30432,2020,,2020/08/09,"01:15:00",COLISIÓN POR INVASIÓN DE CARRIL,ASFALTO,Lluvioso,Bueno,3,LINCOLN MKX,NEGRO,3,,24,FEMENINO,SIN DATOS,0,0,Morelia,Sin datos,agosto,domingo,1,-101.151597493065,19.6697761295508
30428,30433,2020,,2020/08/09,"02:20:00",COLISIÓN CONTRA OBJETO FIJO,ASFALTO,Lluvioso,Regular,1,VOLKSWAGEN,BLANCO,1,,23,MASCULINO,CON CERTIFICADO,0,0,Morelia,Felix Ireta,agosto,domingo,2,-101.195668168366,19.681496544053
30429,30434,2020,,2020/08/09,"02:25:00",COLISIÓN POR ALCANCE,ASFALTO,Bueno,Bueno,3,Hyundai,Azul,3,,39,,ALIENTO ETÍLICO,0,0,Morelia,Lomas de Huerta,agosto,domingo,2,-101.212959699333,19.6736833070823
30430,30435,2020,,2020/08/09,"07:00:00",COLISIÓN POR CORTE DE CIRCULACIÓN,ASFALTO,Bueno,Bueno,2,CHEVROLET,ROJO,2,,,MASCULINO,SIN DATOS,0,0,Morelia,Lomas del Tecnologico,agosto,domingo,7,-101.194472543217,19.7216007070193
30431,30436,2020,,2020/08/09,"08:00:00",COLISIÓN CONTRA OBJETO FIJO,ASFALTO,Nublado,Bueno,1,NISSAN,PLATA,1,,,FEMENINO,SIN DATOS,0,0,Morelia,Josefa Ortiz de Dominguez,agosto,domingo,8,-101.209147975527,19.672049241075
30432,30437,2020,,2020/08/09,"09:30:00",COLISIÓN CON PEATÓN,SIN_DATOS,Bueno,Bueno,1,VOLKSWAGEN,GRUS,1,,0,,SIN DATOS,0,0,Morelia,Carlos Salazar,agosto,domingo,10,-101.20896589011,19.7131746456684
30433,30438,2020,LEG32192,2020/08/09,"09:30:00",CAIDA ACUATICA DE VEHÍCULO,TERRACERIA,Bueno,Bueno,1,VOLKSWAGEN,GRIS,1,,,,SIN DATOS,0,0,Morelia,Carlos Salazar,agosto,domingo,10,-101.208958148288,19.7131797243881
30434,30439,2020,LEG32194,2020/08/09,10:50:00,COLISIÓN CONTRA OBJETO FIJO,ASFALTO,Bueno,Bueno,1,HONDA,BLANCO,1,,23,MASCULINO,CON CERTIFICADO,0,0,Morelia,Primo Tapia Oriente,agosto,domingo,11,-101.163103163921,19.7114933226173
30435,30440,2020,,2020/08/09,12:10:00,VOLCADURA,ASFALTO,Bueno,Bueno,1,KEENWORTH,BLANCO,1,,35,MASCULINO,SIN DATOS,0,0,Tuxpan,Sin datos,agosto,domingo,12,-100.476283922113,19.6213973109636
30436,30441,2020,MOR200618694,2020/08/09,13:28:00,COLISIÓN CONTRA OBJETO FIJO,ASFALTO,Bueno,Bueno,1,CHEVROLET,AZUL,1,,35,MASCULINO,SIN DATOS,0,0,Morelia,La Soledad,agosto,domingo,13,-101.1837668412,19.726448115663
30437,30442,2020,LEG32197,2020/08/09,13:55:00,COLISIÓN CONTRA OBJETO FIJO,CONCRETO,Bueno,Bueno,2,RENAULT,GRIS,2,,43,FEMENINO,SIN DATOS,0,0,Morelia,Union,agosto,domingo,14,-101.156587681986,19.7079361338586
30438,30443,2020,MOR20618818,2020/08/09,14:35:00,COLISIÓN POR CORTE DE CIRCULACIÓN,CONCRETO,Bueno,Bueno,2,CHEVROLET,COBRE,2,,32,MASCULINO,SIN DATOS,0,0,Morelia,Eduardo Ruiz,agosto,domingo,15,-101.218439147544,19.7194384198207
30439,30444,2020,MOR200618860,2020/08/09,15:05:00,COLISIÓN CON PEATÓN,CONCRETO,Bueno,Bueno,1,VOLKSWAGEN,BLANCO,2,,34,MASCULINO,SIN DATOS,1,0,Morelia,El Lago 1,agosto,domingo,15,-101.212956681514,19.7283571707245
30440,30445,2020,LEG32199,2020/08/09,15:15:00,COLISIÓN POR MANIOBRA DE REVERSA,ASFALTO,Bueno,Bueno,2,VOLKSWAGEN,GRIS,2,,26,MASCULINO,SIN DATOS,0,0,Morelia,Jardines del Rincon,agosto,domingo,15,-101.151450276375,19.6891517639103
30441,30446,2020,MOR200619493,2020/08/09,18:50:00,COLISIÓN POR CORTE DE CIRCULACIÓN,ASFALTO,Bueno,Bueno,2,DODGE,ROJO,2,,19,MASCULINO,SIN DATOS,0,0,Morelia,Villas Lomas del Paraiso,agosto,domingo,19,-101.182246406348,19.6753516729921
30442,30447,2020,LEG32198,2020/08/09,20:45:00,COLISIÓN POR ALCANCE,ASFALTO,Bueno,Bueno,2,VOLKSWAGEN,GRIS,2,,38,MASCULINO,SIN DATOS,0,0,Morelia,Bosques de Oriente,agosto,domingo,21,-101.156389229,19.7151759927298
30443,30448,2020,,2020/08/09,22:00:00,COLISIÓN CON PEATÓN,ASFALTO,Lluvioso,Bueno,1,JEEP,ROJO,0,MINISTERIO PÚBLICO,,,,0,0,Senguio,Sin datos,agosto,domingo,22,-100.367221981287,19.7381757400985
30444,30449,2020,MOR200617590,2020/08/09,23:10:00,COLISIÓN POR ALCANCE,CONCRETO,Bueno,Bueno,2,VOLKSWAGEN,NEGRO,2,,32,MASCULINO,ALIENTO ETÍLICO,0,0,Morelia,Jardines del Quinceo,agosto,domingo,23,-101.205209151589,19.7218629786863
30445,30450,2020,,2020/08/09,23:50:00,COLISIÓN POR INVASIÓN DE CARRIL,ASFALTO,Lluvioso,Malo,2,VOLKSWAGEN,BLANCO,1,MINISTERIO PÚBLICO,35,MASCULINO,SIN DATOS,0,0,Charo,San Juan,agosto,domingo,0,-101.05506811291,19.7465786518986
30446,30451,2020,,2020/08/10,"00:00:00",COLISIÓN POR CAMBIO DE CARRIL,ASFALTO,Bueno,Bueno,2,NISSAN,BLANCO,2,,28,MASCULINO,SIN DATOS,0,0,Morelia,Centro,agosto,lunes,0,-101.193356408991,19.7029937282123
30447,30452,2020,,2020/08/10,"08:15:00",COLISIÓN POR CORTE DE CIRCULACIÓN,CONCRETO,Bueno,Bueno,2,ITALIKA,BLANCO,2,,26,MASCULINO,SIN DATOS,1,0,Morelia,Ventura Puente,agosto,lunes,8,-101.190701387823,19.6929771130318
30448,30453,2020,,2020/08/10,10:50:00,COLISIÓN POR CORTE DE CIRCULACIÓN,ASFALTO,Bueno,Bueno,2,PULSAR,NEGRO,2,,,MASCULINO,SIN DATOS,0,0,Morelia,Felix Ireta,agosto,lunes,11,-101.180774898015,19.6857319736503
30449,30454,2020,,2020/08/10,11:10:00,SUBIDA AL CAMELLÓN,ASFALTO,Lluvioso,Bueno,1,FIAT,BLANCO,1,,25,MASCULINO,SIN DATOS,0,0,Morelia,Union,agosto,lunes,11,-101.159752719104,19.7128504681354
30450,30455,2020,,2020/08/10,13:01:00,COLISIÓN POR ALCANCE,ASFALTO,Nublado,Bueno,2,ZUSUKI,GRIS,2,,24,MASCULINO,CON CERTIFICADO,0,0,Morelia,Ejidal Ocolusen,agosto,lunes,13,-101.159003376961,19.6877907322017
30451,30456,2020,,2020/08/10,13:05:00,COLISIÓN POR ALCANCE,CONCRETO,Bueno,Bueno,2,CHEVROLET,BLANCO,2,,,MASCULINO,SIN DATOS,0,0,Morelia,Vasco de Quiroga,agosto,lunes,13,-101.16776984185,19.6967075582566
30452,30457,2020,,2020/08/10,13:10:00,COLISIÓN POR CORTE DE CIRCULACIÓN,ASFALTO,Bueno,Bueno,2,NISSAN,BLANCO Y GRIS,2,,44,FEMENINO,SIN DATOS,0,0,Morelia,Lomas del Tecnologico,agosto,lunes,13,-101.188378625296,19.7212046447038
30453,30458,2020,,2020/08/10,13:30:00,COLISIÓN POR CAMBIO DE CARRIL,ASFALTO,Bueno,Bueno,2,AUDI,ROJO,2,,30,MASCULINO,SIN DATOS,0,0,Morelia,Morelos,agosto,lunes,14,-101.207705149004,19.7006305733577
30454,30459,2020,,2020/08/10,17:10:00,COLISIÓN POR ALCANCE,ASFALTO,Bueno,Bueno,2,INTERNATIONAL,BLANCO Y  NARANJA,2,,28,MASCULINO,SIN DATOS,0,0,Morelia,Union Popular Solidaria,agosto,lunes,17,-101.220549345016,19.7054501293043
30455,30460,2020,,2020/08/10,20:45:00,SUBIDA AL CAMELLÓN,ASFALTO,Bueno,Bueno,1,VOLKSWAGEN,ROJO,1,,2,MASCULINO,SIN DATOS,0,0,Morelia,Clara Cordova Moran,agosto,lunes,21,-101.180841892279,19.7374769932274
30456,30461,2020,,2020/08/10,20:50:00,COLISIÓN POR CORTE DE CIRCULACIÓN,ASFALTO,Lluvioso,Regular,1,VOLKSWAGEN,NEGRO,0,,,,,0,0,Morelia,Valle de Las Flores,agosto,lunes,21,-101.127064302564,19.6875945365401
30457,30462,2020,,2020/08/11,"07:12:00",SUBIDA AL CAMELLÓN,CONCRETO,Bueno,Bueno,1,PONTIAC,BLANCO,1,,34,MASCULINO,SIN DATOS,0,0,Morelia,Reforma,agosto,martes,7,-101.239746250212,19.7064066073239
30458,30463,2020,MOR 200622989,2020/08/11,"08:45:00",COLISIÓN POR NO RESPETAR SEMÁFORO,ASFALTO,Bueno,Regular,2,DINA,BLANCO,4,MINISTERIO PÚBLICO,52,MASCULINO,SIN DATOS,2,0,Morelia,Nicolaitas Ilustres,agosto,martes,9,-101.227538541648,19.7207668919961
30459,30464,2020,M0R200623035,2020/08/11,"09:00:00",COLISIÓN POR NO RESPETAR SEMÁFORO,ASFALTO,Bueno,Bueno,2,JEEP,BEIGE,2,,60,MASCULINO,SIN DATOS,0,0,Morelia,Virrey Antonio de Mendoza,agosto,martes,9,-101.162357479334,19.706536249208
30460,30465,2020,,2020/08/11,10:25:00,SALIDA DE SUPERFICIE DE RODAMIENTO,ASFALTO,Bueno,Bueno,1,Mitsubishi,BLANCO,1,,56,FEMENINO,SIN DATOS,0,0,Tarímbaro,El Trebol,agosto,martes,10,-101.157099374317,19.7683492710745
30461,30466,2020,LEG32216,2020/08/11,11:00:00,COLISIÓN POR CAMBIO DE CARRIL,ASFALTO,Bueno,Bueno,2,CHYSLER,BLANCO,2,MINISTERIO PÚBLICO,26,MASCULINO,SIN DATOS,0,0,Morelia,La Esperanza,agosto,martes,11,-101.153881394051,19.6993877971625
30462,30467,2020,LEG32230,2020/08/11,11:15:00,COLISIÓN POR ALCANCE,ASFALTO,Bueno,Regular,2,NISSAN,ROJO,2,,63,MASCULINO,SIN DATOS,0,0,Morelia,Indeco El Vivero,agosto,martes,11,-101.229846552014,19.6770145860866
30463,30468,2020,,2020/08/11,11:50:00,COLISIÓN POR CAMBIO DE CARRIL,ASFALTO,Bueno,Bueno,2,CHEVROLET,AZUL,2,,33,MASCULINO,SIN DATOS,0,0,Peribán,Sin datos,agosto,martes,12,-102.446048327469,19.5538609737766
30464,30469,2020,MOR200623734,2020/08/11,13:52:00,COLISIÓN CONTRA OBJETO FIJO,CONCRETO,Bueno,Regular,1,NISSAN,BLANCO,1,,19,FEMENINO,SIN DATOS,0,0,Morelia,Enrique Arreguin Robles,agosto,martes,14,-101.184209801925,19.7196616449993
30465,30470,2020,,2020/08/11,14:00:00,COLISIÓN POR CORTE DE CIRCULACIÓN,ASFALTO,Bueno,Bueno,2,CHEVROLET,AZUL,2,,0,MASCULINO,SIN DATOS,0,0,Morelia,Ventura Puente,agosto,martes,14,-101.181144707583,19.6885062379958
30466,30471,2020,,2020/08/11,15:20:00,COLISIÓN POR MANIOBRA DE REVERSA,ASFALTO,Bueno,Bueno,2,CHEVROLET,BLANCO,2,,33,MASCULINO,SIN DATOS,0,0,Morelia,Vasco de Quiroga,agosto,martes,15,-101.175635816023,19.7018178251888
30467,30472,2020,LEG32226,2020/08/11,16:00:00,COLISIÓN POR CORTE DE CIRCULACIÓN,CONCRETO,Bueno,Bueno,4,JEEP,NEGRO,4,,69,FEMENINO,SIN DATOS,0,0,Morelia,Vasco de Quiroga,agosto,martes,16,-101.16695009172,19.7007403680024
30468,30473,2020,,2020/08/11,17:00:00,COLISIÓN POR ALCANCE,ASFALTO,Bueno,Bueno,2,RENAULT,GRIS,2,,40,FEMENINO,SIN DATOS,0,0,Morelia,Nueva Jacarndas,agosto,martes,17,-101.192008964717,19.6822623465325
30469,30474,2020,LEG32237,2020/08/11,17:06:00,SUBIDA AL CAMELLÓN,ASFALTO,Bueno,Bueno,1,CHEVROLET,ROJO Y NEGRO,1,MINISTERIO PÚBLICO,0,,SIN DATOS,0,0,Morelia,Clara Cordova Moran,agosto,martes,17,-101.180826134301,19.737447615715
30470,30475,2020,MOR200624552,2020/08/11,18:35:00,COLISIÓN POR ALCANCE,ASFALTO,Bueno,Regular,2,VOLKSWAGEN,GRIS,2,,19,MASCULINO,SIN DATOS,0,0,Morelia,Rafael Carrillo,agosto,martes,19,-101.236401840376,19.7077666367319
30471,30476,2020,LEG32232,2020/08/11,21:40:00,COLISIÓN POR ALCANCE,ASFALTO,Lluvioso,Malo,2,CHEVROLET,BLANCO,2,,33,FEMENINO,SIN DATOS,0,0,Morelia,Fovissste La Huerta,agosto,martes,22,-101.212266561697,19.6922207457364
30472,30477,2020,,2020/08/11,22:30:00,COLISIÓN CONTRA OBJETO FIJO,ASFALTO,Lluvioso,Bueno,1,CHEVROLET,BLANCO,1,,35,FEMENINO,ALIENTO ETÍLICO,0,0,Morelia,Martires de Uruapan,agosto,martes,23,-101.19757384739,19.7249307017668
30473,30478,2020,MOR 200625262,2020/08/11,22:50:00,SUBIDA AL CAMELLÓN,ASFALTO,Nublado,Regular,1,DODGE,GRIS,1,,35,FEMENINO,SIN DATOS,0,0,Morelia,Rafael Carrillo,agosto,martes,23,-101.236401870847,19.7077650298504
30474,30479,2020,MOR200625142,2020/08/11,23:20:00,SALIDA DE SUPERFICIE DE RODAMIENTO,ASFALTO,Nublado,Regular,1,NISSAN,BLANCO Y ROJO,1,,40,MASCULINO,SIN DATOS,0,0,Tarímbaro,Sin datos,agosto,martes,23,-101.170948960565,19.752397196677
30475,30480,2020,,2020/08/12,"00:00:00",COLISIÓN POR ALCANCE,CONCRETO,Lluvioso,Bueno,2,CHEVROLET,ROJO,2,MINISTERIO PÚBLICO,28,FEMENINO,SIN DATOS,0,0,Morelia,Las Americas,agosto,miércoles,0,-101.156516298652,19.6877167035161
30476,30481,2020,MOR 200624446,2020/08/12,"04:55:00",SUBIDA AL CAMELLÓN,CONCRETO,Nublado,Bueno,1,TOYOTA,GUINDA,1,,41,MASCULINO,SIN DATOS,0,0,Morelia,Comision Federal de Electricidad,agosto,miércoles,5,-101.180462725461,19.6814330331354
30477,30482,2020,"200625448",2020/08/12,"06:45:00",SALIDA DE SUPERFICIE DE RODAMIENTO,ASFALTO,Nublado,Regular,1,NISSAN,BLANCO,1,,0,,SIN DATOS,0,0,Tarímbaro,Sin datos,agosto,miércoles,7,-101.149270646274,19.7900747014166
30478,30483,2020,MOR200625475,2020/08/12,"06:52:00",CAIDA DE MOTOCICLETA,ASFALTO,Nublado,Regular,1,ITALIKA,ROJO Y NEGRO,2,,0,,SIN DATOS,1,0,Morelia,Lomas de Hidalgo,agosto,miércoles,7,-101.158904470503,19.6956106965482
30479,30484,2020,,2020/08/12,"08:15:00",SUBIDA AL CAMELLÓN,ASFALTO,Bueno,Bueno,1,VOLKSWAGEN,BLANCO,1,,33,MASCULINO,SIN DATOS,0,0,Morelia,Felix Arreguin,agosto,miércoles,8,-101.227817095138,19.7191440375371
30480,30485,2020,,2020/08/12,11:00:00,COLISIÓN POR CAMBIO DE CARRIL,ASFALTO,Bueno,Bueno,2,BAJAJ,ROJO,2,,25,MASCULINO,SIN DATOS,0,0,Morelia,Comision Federal de Electricidad,agosto,miércoles,11,-101.180208525205,19.687955641992
30481,30486,2020,,2020/08/12,11:45:00,COLISIÓN POR ALCANCE,ASFALTO,Nublado,Bueno,2,NISSAN/TSURU,BLANCO/ROJO,2,,29,MASCULINO,SIN DATOS,0,0,Morelia,Bosques de Oriente,agosto,miércoles,12,-101.155454143882,19.7155996438477
30482,30487,2020,,2020/08/12,14:20:00,COLISIÓN POR ALCANCE,ASFALTO,Bueno,Bueno,2,NISSAN,BLANCO,2,,58,MASCULINO,SIN DATOS,0,0,Morelia,Diego Rivera,agosto,miércoles,14,-101.177700415932,19.7195170651226
30483,30488,2020,,2020/08/12,18:20:00,COLISIÓN CONTRA OBJETO FIJO,ASFALTO,Lluvioso,Bueno,2,CARABELA,BLANCO AZUL Y ROJO,2,MINISTERIO PÚBLICO,21,MASCULINO,SIN DATOS,0,0,Morelia,Lomas de Hidalgo,agosto,miércoles,18,-101.158945709467,19.6955197286862
30484,30489,2020,,2020/08/12,18:20:00,COLISIÓN POR CORTE DE CIRCULACIÓN,ASFALTO,Bueno,Bueno,2,CHEVROLET,AZUL,0,MINISTERIO PÚBLICO,,,,0,0,Hidalgo,Sin datos,agosto,miércoles,18,-100.573048577073,19.6614327769503
30485,30490,2020,,2020/08/12,21:20:00,COLISIÓN CON PEATÓN,ADOQUIN_EMPEDRADO,Bueno,Bueno,1,HYUNDAI,AZUL,2,,22,MASCULINO,SIN DATOS,1,0,Morelia,Centro,agosto,miércoles,21,-101.193316754966,19.7039171642978
30486,30491,2020,,2020/08/13,"03:20:00",COLISIÓN CONTRA OBJETO FIJO,ASFALTO,Lluvioso,Regular,1,Honda CRV,GRIS,2,MINISTERIO PÚBLICO,,,SIN DATOS,1,0,Morelia,Paseo de Las Lomas,agosto,jueves,3,-101.150308996439,19.6971267529816
30487,30492,2020,,2020/08/13,"07:10:00",COLISIÓN POR ALCANCE,ASFALTO,Nublado,Bueno,2,Honda,Guinda,2,,48,MASCULINO,SIN DATOS,0,0,Morelia,Solidaridad,agosto,jueves,7,-101.208359345105,19.7261466596193
30488,30493,2020,MOR200628510,2020/08/13,10:35:00,COLISIÓN POR MANIOBRA DE REVERSA,ASFALTO,Bueno,Bueno,2,NISSAN,BLANCO,2,,36,MASCULINO,SIN DATOS,0,0,Morelia,Felix Ireta,agosto,jueves,11,-101.195665821433,19.6814930714731
30489,30494,2020,MOR200628579,2020/08/13,11:13:00,COLISIÓN POR CAMBIO DE CARRIL,ASFALTO,Bueno,Regular,2,VOLKSWAGEN,BLANCO,2,,54,FEMENINO,SIN DATOS,1,0,Morelia,Las Americas,agosto,jueves,11,-101.158922240138,19.6879537766326
30490,30495,2020,MOR 200628570,2020/08/13,11:30:00,COLISIÓN POR MANIOBRA DE REVERSA,ASFALTO,Nublado,Malo,2,DODGE,BLANCO,2,,20,MASCULINO,SIN DATOS,0,0,Morelia,Ciudad Industrial,agosto,jueves,12,-101.14628370174,19.7287589250337
30491,30496,2020,,2020/08/13,12:00:00,COLISIÓN POR CORTE DE CIRCULACIÓN,ASFALTO,Bueno,Bueno,2,NISSAN,AZUL,0,,,,,0,0,Lázaro Cárdenas,1Er Sect de Fidelac,agosto,jueves,12,-102.189303897321,17.9594924812254
30492,30497,2020,MOR200629284,2020/08/13,15:00:00,COLISIÓN POR CORTE DE CIRCULACIÓN,ASFALTO,Bueno,Regular,2,MAZDA,ROJO,2,,32,MASCULINO,SIN DATOS,0,0,Morelia,Indeco Santiaguito,agosto,jueves,15,-101.178158677436,19.7197572185646
30493,30498,2020,"200629645",2020/08/13,15:35:00,COLISIÓN POR CORTE DE CIRCULACIÓN,ASFALTO,Bueno,Bueno,1,SEAT,GRIS,1,,,MASCULINO,SIN DATOS,0,0,Morelia,Tlalpujahua,agosto,jueves,16,-101.218297600068,19.6761379192756
30494,30499,2020,MOR200629783,2020/08/13,17:10:00,COLISIÓN POR INVASIÓN DE CARRIL,ASFALTO,Lluvioso,Regular,4,NISSAN,GRIS,4,,0,FEMENINO,SIN DATOS,0,0,Morelia,La Esperanza,agosto,jueves,17,-101.25166464597,19.6982501768042
30495,30500,2020,,2020/08/13,18:00:00,COLISIÓN POR CAMBIO DE CARRIL,ASFALTO,Bueno,Regular,2,NISSAN,BLANCO,1,,33,MASCULINO,SIN DATOS,0,0,Morelia,Felicitas del Rio,agosto,jueves,18,-101.197799518704,19.6901973301519
30496,30501,2020,,2020/08/13,19:50:00,COLISIÓN CONTRA OBJETO FIJO,ASFALTO,Bueno,Bueno,1,DODGE,GRIS,0,,,,,0,0,Tarímbaro,De La Cruz,agosto,jueves,20,-101.162558279253,19.7972821561593
30497,30502,2020,MOR200630464,2020/08/13,21:12:00,COLISIÓN CONTRA OBJETO FIJO,CONCRETO,Nublado,Regular,1,MITSUBISHI,GRIS,1,MINISTERIO PÚBLICO,70,MASCULINO,SIN DATOS,0,0,Morelia,La Loma,agosto,jueves,21,-101.178490966558,19.6811369163866
30498,30503,2020,MOR200630468,2020/08/13,22:00:00,COLISIÓN CONTRA OBJETO FIJO,ASFALTO,Nublado,Regular,1,FORD,VERDE,1,,60,MASCULINO,SIN DATOS,0,0,Morelia,Sin datos,agosto,jueves,22,-101.118622019209,19.6882476710475
30499,30504,2020,LEG32259,2020/08/14,"05:35:00",COLISIÓN CONTRA OBJETO FIJO,ASFALTO,Bueno,Regular,1,NISSAN,BLANCO,1,,25,MASCULINO,CON CERTIFICADO,0,0,Morelia,Prados Verdes,agosto,viernes,6,-101.197380393065,19.7135284913914
30500,30505,2020,,2020/08/14,"08:50:00",COLISIÓN POR CAMBIO DE CARRIL,ASFALTO,Bueno,Bueno,2,KENWORTH T-800,BLANCO,2,,56,MASCULINO,SIN DATOS,0,0,Morelia,Comision Federal de Electricidad,agosto,viernes,9,-101.178460121155,19.6815548891322
30501,30506,2020,,2020/08/14,10:12:00,COLISIÓN POR CORTE DE CIRCULACIÓN,CONCRETO,Bueno,Bueno,2,TOYOTA,BLANCO Y GRIS,2,,43,MASCULINO,SIN DATOS,0,0,Morelia,Arboledas de Valladolid,agosto,viernes,10,-101.250396357343,19.6940200428828
30502,30507,2020,MOR200631393,2020/08/14,11:45:00,COLISIÓN POR ALCANCE,ASFALTO,Bueno,Regular,2,VOLKSWAGEN,NEGRO,2,,23,MASCULINO,SIN DATOS,0,0,Morelia,Indeco Santiaguito,agosto,viernes,12,-101.178854162035,19.7202571784285
30503,30508,2020,,2020/08/14,12:00:00,COLISIÓN POR ALCANCE,ASFALTO,Bueno,Bueno,2,NISSAN NP300,BLANCO,2,,57,MASCULINO,SIN DATOS,0,0,Morelia,Elias Perez Avalos,agosto,viernes,12,-101.171457239174,19.7147928837602
30504,30509,2020,,2020/08/14,12:44:00,COLISIÓN POR ALCANCE,SIN_DATOS,Bueno,Bueno,2,NISSAN,ROJO,2,,22,MASCULINO,SIN DATOS,0,0,Morelia,Cosmos,agosto,viernes,13,-101.216881424189,19.6841517255042