fid,id_accidente,anio_origen,folio_c5i,dia_incidente,hora_ocurrencia,tipo_incidente_vial,superficie_ocurrencia,condiciones_climaticas,condiciones_via,numero_vehiculos_involucrados,marca_vehiculo_ocasiona_siniestro,color_vehiculo_ocasiona_siniestro,numero_personas_involucradas,lugar_remite_presunto_responsable,edad_presunto_responsable,sexo_presunto_responsable,resultados_toxicologia,numero_personas_lesionadas,numero_personas_fallecidas,municipio,colonia,mes,dia_semana,hora_redondeada,lon,lat
30505,30510,2020,,2020/08/14,13:00:00,COLISIÓN POR CORTE DE CIRCULACIÓN,ASFALTO,Bueno,Bueno,2,BAJAJ,NEGRO/ROJO,3,,17,MASCULINO,SIN DATOS,1,0,Peribán,Sin datos,agosto,viernes,13,-102.447155683554,19.5550407175395
30506,30511,2020,,2020/08/14,14:30:00,COLISIÓN POR CORTE DE CIRCULACIÓN,ASFALTO,Bueno,Bueno,2,VOLKSWAGEN POINTER,ROJO,2,,37,MASCULINO,SIN DATOS,0,0,Morelia,Felix Ireta,agosto,viernes,15,-101.190784505832,19.689596547946
30507,30512,2020,,2020/08/14,14:30:00,SALIDA DE SUPERFICIE DE RODAMIENTO,ASFALTO,Bueno,Bueno,1,SEAT,ROJO,1,,,MASCULINO,SIN DATOS,0,0,Morelia,Bosques Tres Marias,agosto,viernes,15,-101.105251603507,19.729262299588
30508,30513,2020,,2020/08/14,16:08:00,SUBIDA AL CAMELLÓN,ASFALTO,Bueno,Bueno,1,NISSAN,BLANCO,1,,38,MASCULINO,SIN DATOS,0,0,Morelia,Campestre Los Manantiales,agosto,viernes,16,-101.238139241256,19.6877978611371
30509,30514,2020,,2020/08/14,19:40:00,COLISIÓN POR CORTE DE CIRCULACIÓN,ASFALTO,Lluvioso,Bueno,2,PULSAR,NEGRO Y AZUL,2,,28,MASCULINO,SIN DATOS,0,0,Morelia,Libertad,agosto,viernes,20,-101.23731315136,19.6858418879058
30510,30515,2020,,2020/08/14,19:50:00,COLISIÓN CONTRA OBJETO FIJO,CONCRETO,Lluvioso,Bueno,1,NISSAN,GRIS,1,,,MASCULINO,ALIENTO ETÍLICO,0,0,Morelia,Rector Diaz Rubio,agosto,viernes,20,-101.197311356664,19.6687138119737
30511,30516,2020,,2020/08/14,22:10:00,COLISIÓN POR ALCANCE,ASFALTO,Lluvioso,Regular,3,NISSAN,GRIS,3,,30,MASCULINO,SIN DATOS,0,0,Morelia,Chapultepec Oriente,agosto,viernes,22,-101.158954731452,19.6954083288584
30512,30517,2020,,2020/08/14,22:10:00,COLISIÓN POR CORTE DE CIRCULACIÓN,ASFALTO,Bueno,Bueno,2,DODGE,ARENA,2,,,MASCULINO,SIN DATOS,0,0,Morelia,Isaac Arriaga,agosto,viernes,22,-101.174308793113,19.7064355888066
30513,30518,2020,,2020/08/14,22:30:00,COLISIÓN CONTRA OBJETO FIJO,ASFALTO,Bueno,Bueno,1,CHEVROLET,GRIS,0,MINISTERIO PÚBLICO,,,,0,0,Maravatío,Centro,agosto,viernes,23,-100.436121469202,19.8918981341015
30514,30519,2020,,2020/08/14,23:20:00,COLISIÓN POR CORTE DE CIRCULACIÓN,ASFALTO,Bueno,Bueno,2,SUZUKI,AZUL,2,,40,MASCULINO,SIN DATOS,0,0,Morelia,5 de Mayo,agosto,viernes,23,-101.176497963338,19.703057890566
30515,30520,2020,,2020/08/14,23:28:00,COLISIÓN CON PEATÓN,ASFALTO,Lluvioso,Regular,1,NISSAN,BLANCO Y ROJO,1,,46,MASCULINO,SIN DATOS,0,0,Morelia,Arcos del Valle,agosto,viernes,23,-101.236248314381,19.7076229930123
30516,30521,2020,,2020/08/15,"00:01:00",SUBIDA AL CAMELLÓN,ASFALTO,Lluvioso,Bueno,2,VOLKSWAGEN,VERDE,2,,27,MASCULINO,ALIENTO ETÍLICO,0,0,Morelia,Barrio Alto,agosto,sábado,0,-101.196629405022,19.7248038004614
30517,30522,2020,,2020/08/15,"00:20:00",COLISIÓN POR ALCANCE,ASFALTO,Bueno,Bueno,2,NISSAN,BLANCO,2,,0,MASCULINO,ALIENTO ETÍLICO,0,0,Morelia,Elias Perez Avalos,agosto,sábado,0,-101.171442395582,19.7147016685694
30518,30523,2020,MOR20059678,2020/08/15,"02:28:00",COLISIÓN POR ALCANCE,ASFALTO,Bueno,Bueno,2,MAZDA,GRIS,2,,36,MASCULINO,CON CERTIFICADO,0,0,Morelia,Sentimientos de La Nacion,agosto,sábado,2,-101.233274415135,19.678227808572
30519,30524,2020,,2020/08/15,"05:20:00",COLISIÓN POR CORTE DE CIRCULACIÓN,ASFALTO,Bueno,Bueno,3,NISSAN VERSA,GRIS,3,,27,MASCULINO,ALIENTO ETÍLICO,0,0,Morelia,Loma Bonita,agosto,sábado,5,-101.196698837661,19.7209871887501
30520,30525,2020,MOR20095860,2020/08/15,"07:20:00",COLISIÓN CONTRA OBJETO FIJO,ASFALTO,Lluvioso,Regular,1,VOLKSWAGEN,GRIS,1,,29,MASCULINO,SIN DATOS,0,0,Morelia,Villa Universidad,agosto,sábado,7,-101.214076138355,19.6879222089942
30521,30526,2020,LEG32298,2020/08/15,"07:35:00",COLISIÓN POR CORTE DE CIRCULACIÓN,ASFALTO,Bueno,Bueno,1,NISSAN,GRIS,1,,24,FEMENINO,SIN DATOS,0,0,Morelia,Lomas de La Maestranza,agosto,sábado,8,-101.330705352806,19.6845555133357
30522,30527,2020,LEG32291,2020/08/15,12:10:00,COLISIÓN POR CORTE DE CIRCULACIÓN,ASFALTO,Bueno,Bueno,2,MERCEDES BENZ,BLANCO,2,,33,MASCULINO,SIN DATOS,0,0,Morelia,Articulo Constitucional,agosto,sábado,12,-101.171632893384,19.7144639751376
30523,30528,2020,LEG32290,2020/08/15,14:45:00,COLISIÓN POR ALCANCE,ASFALTO,Bueno,Bueno,2,CHEVROLET,AZUL,2,,38,MASCULINO,SIN DATOS,0,0,Morelia,Articulo Constitucional,agosto,sábado,15,-101.171617246291,19.7144855706338
30524,30529,2020,LEG32292,2020/08/15,14:58:00,COLISIÓN POR CORTE DE CIRCULACIÓN,CONCRETO,Bueno,Bueno,2,HONDA,NEGRO,2,,0,MASCULINO,SIN DATOS,0,0,Morelia,San Juanito Itzicuaro,agosto,sábado,15,-101.253151930869,19.6779989865463
30525,30530,2020,MOR 200634333,2020/08/15,15:00:00,COLISIÓN POR INVASIÓN DE CARRIL,ASFALTO,Bueno,Regular,2,DINA,VERDE AMARILLO,2,,39,MASCULINO,SIN DATOS,0,0,Morelia,Central de Abastos,agosto,sábado,15,-101.172068081796,19.7179301783413
30526,30531,2020,LEG32302,2020/08/15,16:16:00,COLISIÓN POR ALCANCE,ASFALTO,Bueno,Bueno,2,FIGO,GRIS,2,MINISTERIO PÚBLICO,34,MASCULINO,SIN DATOS,0,0,Morelia,Ignacio Zaragoza,agosto,sábado,16,-101.202990934253,19.7252017761571
30527,30532,2020,,2020/08/15,16:20:00,COLISIÓN CONTRA OBJETO FIJO,ASFALTO,Bueno,Bueno,1,FORD,AZUL,1,,35,MASCULINO,SIN DATOS,0,0,Morelia,Ventura Puente,agosto,sábado,16,-101.191852360286,19.6913526565477
30528,30533,2020,LEG32300,2020/08/15,17:00:00,COLISIÓN POR INVASIÓN DE CARRIL,ASFALTO,Bueno,Bueno,2,HINO,BLANCO,2,,31,MASCULINO,SIN DATOS,0,0,Morelia,Tres Puentes,agosto,sábado,17,-101.213743574917,19.7026708787126
30529,30534,2020,,2020/08/15,17:20:00,COLISIÓN POR INVASIÓN DE CARRIL,ASFALTO,Lluvioso,Regular,2,ITALIKA,AZUL,2,,34,MASCULINO,CON CERTIFICADO,0,0,Morelia,Jardines del Rincon,agosto,sábado,17,-101.150364286519,19.6907061350974
30530,30535,2020,,2020/08/15,18:30:00,COLISIÓN POR CAMBIO DE CARRIL,ASFALTO,Bueno,Bueno,2,NISSAN,BLANCO,2,MINISTERIO PÚBLICO,38,MASCULINO,SIN DATOS,0,0,Morelia,La Hacienda,agosto,sábado,19,-101.314942620016,19.6868785506661
30531,30536,2020,LEG32299,2020/08/15,18:30:00,COLISIÓN POR ALCANCE,ASFALTO,Lluvioso,Regular,3,NISSAN,AZUL,3,MINISTERIO PÚBLICO,60,MASCULINO,SIN DATOS,0,0,Morelia,Jacarandas,agosto,sábado,19,-101.211536086417,19.7089783636395
30532,30537,2020,,2020/08/15,18:30:00,COLISIÓN CONTRA OBJETO FIJO,ASFALTO,Bueno,Bueno,2,DODGE,AZUL,2,,28,MASCULINO,SIN DATOS,0,0,Peribán,Sin datos,agosto,sábado,19,-102.447684139681,19.555613798478
30533,30538,2020,MOR200635294,2020/08/15,20:21:00,COLISIÓN POR CAMBIO DE CARRIL,ASFALTO,Nublado,Bueno,2,TOYOTA,ROJO,2,,0,FEMENINO,SIN DATOS,0,0,Morelia,La Huerta,agosto,sábado,20,-101.217145377932,19.6755526110738
30534,30539,2020,,2020/08/15,22:00:00,COLISIÓN POR CORTE DE CIRCULACIÓN,ASFALTO,Bueno,Regular,2,RENAULT,GRIS,2,MINISTERIO PÚBLICO,40,MASCULINO,SIN DATOS,0,0,Morelia,Adolfo Lopez Mateos,agosto,sábado,22,-101.226878017187,19.6982908964294
30535,30540,2020,,2020/08/15,23:00:00,SALIDA DE SUPERFICIE DE RODAMIENTO,ASFALTO,Bueno,Bueno,1,JEEP,NEGRO,2,MINISTERIO PÚBLICO,19,MASCULINO,SIN DATOS,0,1,Peribán,Sin datos,agosto,sábado,23,-102.447311282158,19.5328591434937
30536,30541,2020,,2020/08/16,"01:10:00",SALIDA DE SUPERFICIE DE RODAMIENTO,ASFALTO,Lluvioso,Bueno,1,VENTO,NEGRO CON AMARILLO,0,MINISTERIO PÚBLICO,,,,0,0,Tuxpan,Sin datos,agosto,domingo,1,-100.465862259947,19.5965037357934
30537,30542,2020,,2020/08/16,"03:30:00",COLISIÓN POR CORTE DE CIRCULACIÓN,ASFALTO,Bueno,Bueno,1,BMW,ROJO,1,,0,MASCULINO,SIN DATOS,0,0,Morelia,Morelos,agosto,domingo,4,-101.20626155287,19.7022573801774
30538,30543,2020,LEG32286,2020/08/16,"03:35:00",COLISIÓN CONTRA OBJETO FIJO,CONCRETO,Bueno,Bueno,1,BMW,ROJO,1,,28,MASCULINO,SIN DATOS,0,0,Morelia,Morelos,agosto,domingo,4,-101.206897205926,19.7014212260668
30539,30544,2020,MOR635958,2020/08/16,"07:00:00",COLISIÓN POR INVASIÓN DE CARRIL,ASFALTO,Nublado,Regular,2,FORD,AZUL,2,,38,MASCULINO,SIN DATOS,0,0,Morelia,Fracc Rio Florido,agosto,domingo,7,-101.279172010052,19.6810270850022
30540,30545,2020,LEG32288,2020/08/16,"07:20:00",COLISIÓN POR CORTE DE CIRCULACIÓN,ASFALTO,Bueno,Bueno,1,TOYOTA,GRIS,1,,34,FEMENINO,SIN DATOS,0,0,Morelia,Tres Puentes,agosto,domingo,7,-101.21373991736,19.7026699604668
30541,30546,2020,MOR200635957,2020/08/16,"07:20:00",COLISIÓN POR ALCANCE,CONCRETO,Nublado,Regular,2,NISSAN,BLANCO,2,,24,FEMENINO,SIN DATOS,0,0,Morelia,Sentimientos de La Nacion,agosto,domingo,7,-101.236872232772,19.684801774626
30542,30547,2020,LEG32295,2020/08/16,"07:20:00",COLISIÓN POR CORTE DE CIRCULACIÓN,SIN_DATOS,Bueno,Bueno,2,JEEP,granito,2,,50,MASCULINO,SIN DATOS,0,0,Morelia,Centro,agosto,domingo,7,-101.19045499035,19.7059583405641
30543,30548,2020,MOR200635979,2020/08/16,"08:06:00",SALIDA DE SUPERFICIE DE RODAMIENTO,ASFALTO,Bueno,Bueno,1,MAZDA,AZUL,1,,29,FEMENINO,SIN DATOS,0,0,Morelia,Sin datos,agosto,domingo,8,-101.104437888347,19.7295280015265
30544,30549,2020,,2020/08/16,10:30:00,COLISIÓN POR ALCANCE,ASFALTO,Bueno,Bueno,2,VOLKSWAGEN,PLATA,2,,56,MASCULINO,SIN DATOS,0,0,Morelia,Sin datos,agosto,domingo,11,-101.284022541211,19.6903930179304
30545,30550,2020,,2020/08/16,10:45:00,COLISIÓN POR CORTE DE CIRCULACIÓN,ASFALTO,Bueno,Bueno,2,NISSAN,BLANCO,2,,36,MASCULINO,SIN DATOS,0,0,Morelia,Prados de La Huerta,agosto,domingo,11,-101.223449453033,19.6682963510653
30546,30551,2020,,2020/08/16,11:20:00,COLISIÓN POR ALCANCE,ASFALTO,Bueno,Bueno,2,VOLVO,BLANCO,2,,,MASCULINO,SIN DATOS,0,0,Morelia,Vista Bella,agosto,domingo,11,-101.19208574295,19.6822478823031
30547,30552,2020,,2020/08/16,12:30:00,COLISIÓN POR CAMBIO DE CARRIL,ASFALTO,Bueno,Bueno,2,MAZDA,CRMA,2,,56,MASCULINO,SIN DATOS,0,0,Morelia,Ventura Puente,agosto,domingo,13,-101.190025135875,19.692388967962
30548,30553,2020,,2020/08/16,13:15:00,COLISIÓN POR ALCANCE,ASFALTO,Bueno,Bueno,2,NISSAN,GUINDA,1,,32,MASCULINO,SIN DATOS,0,0,Morelia,Americas Britania,agosto,domingo,13,-101.149187497795,19.6946513417242
30549,30554,2020,MOR200634491,2020/08/16,15:45:00,COLISIÓN POR ALCANCE,CONCRETO,Bueno,Bueno,2,NISSAN,PLATA,2,,26,MASCULINO,SIN DATOS,0,0,Morelia,Jardines de Torremolinos,agosto,domingo,16,-101.225703544915,19.6786208490054
30550,30555,2020,,2020/08/16,17:00:00,COLISIÓN POR CORTE DE CIRCULACIÓN,ASFALTO,Bueno,Bueno,2,RENAULT,NEGRO,2,,29,FEMENINO,SIN DATOS,0,0,Morelia,Adolfo Lopez Mateos,agosto,domingo,17,-101.229508288873,19.7028129486437
30551,30556,2020,MOR20048597,2020/08/16,17:21:00,COLISIÓN POR CORTE DE CIRCULACIÓN,CONCRETO,Bueno,Regular,2,HONDA,ROJO,2,MINISTERIO PÚBLICO,19,MASCULINO,SIN DATOS,0,0,Morelia,Jose Ma Pino Suarez,agosto,domingo,17,-101.162582480096,19.7217541220724
30552,30557,2020,,2020/08/16,18:00:00,VOLCADURA,ASFALTO,Bueno,Regular,1,VOLKSWAGEN,AZUL,1,MINISTERIO PÚBLICO,,,SIN DATOS,0,0,Juárez,Sin datos,agosto,domingo,18,-100.433178238247,19.2853883860221
30553,30558,2020,,2020/08/16,18:30:00,COLISIÓN POR ALCANCE,CONCRETO,Bueno,Bueno,1,CHEVROLET,BLANCO,2,,28,MASCULINO,SIN DATOS,1,0,Morelia,Lomas de Guayangareo,agosto,domingo,19,-101.156048253179,19.7010538092748
30554,30559,2020,,2020/08/16,19:30:00,COLISIÓN POR INVASIÓN DE CARRIL,ASFALTO,Bueno,Bueno,2,CAN-AM,GRIS,2,,43,MASCULINO,SIN DATOS,1,0,Peribán,Sin datos,agosto,domingo,20,-102.388696328484,19.5542590574746
30555,30560,2020,MOR200637821,2020/08/16,19:44:00,COLISIÓN POR INVASIÓN DE CARRIL,CONCRETO,Bueno,Regular,2,CHRYSLER,BLANCO,2,,36,MASCULINO,SIN DATOS,0,0,Morelia,12 de Diciembre,agosto,domingo,20,-101.153154820204,19.7052272860061
30556,30561,2020,,2020/08/16,20:00:00,COLISIÓN POR CORTE DE CIRCULACIÓN,CONCRETO,Bueno,Bueno,2,NISSAN,VERDE,2,,28,MASCULINO,ALIENTO ETÍLICO,0,0,Tarímbaro,Campestre Tarimbaro,agosto,domingo,20,-101.130273260854,19.7767478401356
30557,30562,2020,,2020/08/16,20:15:00,COLISIÓN CONTRA OBJETO FIJO,ASFALTO,Lluvioso,Regular,1,Nissan,Blanco,1,,32,MASCULINO,SIN DATOS,0,0,Morelia,Josefa Ortiz de Dominguez,agosto,domingo,20,-101.209321953356,19.6706758780058
30558,30563,2020,,2020/08/16,20:40:00,COLISIÓN POR CORTE DE CIRCULACIÓN,ASFALTO,Bueno,Bueno,2,CHEVROLET,BLANCO,2,,18,FEMENINO,SIN DATOS,0,0,Morelia,Felix Ireta,agosto,domingo,21,-101.190654083408,19.6908005493748
30559,30564,2020,,2020/08/16,21:10:00,COLISIÓN CONTRA OBJETO FIJO,ASFALTO,Bueno,Bueno,1,GMC,GUINDA,1,,50,MASCULINO,SIN DATOS,0,0,Morelia,Tierra Y Libertad,agosto,domingo,21,-101.229698695242,19.7164823782391
30560,30565,2020,LEG32322,2020/08/17,10:00:00,COLISIÓN POR CORTE DE CIRCULACIÓN,ASFALTO,Bueno,Bueno,2,CHEVROLET,NEGRO,2,,25,MASCULINO,CON CERTIFICADO,0,0,Morelia,Chapultepec Sur,agosto,lunes,10,-101.172135777093,19.6910237284327
30561,30566,2020,,2020/08/17,10:30:00,COLISIÓN CON PEATÓN,SIN_DATOS,Bueno,Bueno,2,GMC,BLANCO,1,,,MASCULINO,SIN DATOS,0,0,Tarímbaro,Tejaro,agosto,lunes,11,-101.096171655439,19.8310876715788
30562,30567,2020,LEG32330,2020/08/17,12:00:00,COLISIÓN POR CAMBIO DE CARRIL,ASFALTO,Bueno,Bueno,2,HONDA,ROJO,2,,,MASCULINO,SIN DATOS,0,0,Morelia,Felix Ireta,agosto,lunes,12,-101.181467445144,19.6817647206293
30563,30568,2020,MOR 200638892,2020/08/17,12:10:00,COLISIÓN POR ALCANCE,ASFALTO,Bueno,Bueno,2,NISSAN,CAPUCHINO,2,,35,FEMENINO,SIN DATOS,0,0,Morelia,Granjas Unidas de Morelia,agosto,lunes,12,-101.276384554803,19.6923375141336
30564,30569,2020,"200638833",2020/08/17,13:30:00,COLISIÓN POR CORTE DE CIRCULACIÓN,ASFALTO,Bueno,Bueno,2,NISSAN,BLANCO Y MORADO,2,,44,MASCULINO,SIN DATOS,0,0,Morelia,Lazaro Cardenas,agosto,lunes,14,-101.162069507621,19.7117928551309
30565,30570,2020,MOR200639436,2020/08/17,14:26:00,COLISIÓN POR ALCANCE,ASFALTO,Bueno,Bueno,2,INTERNATIONAL,BLANCO,2,,22,MASCULINO,SIN DATOS,0,0,Morelia,El Lago 1,agosto,lunes,14,-101.221343614161,19.7277291038332
30566,30571,2020,MOR200639460,2020/08/17,14:45:00,COLISIÓN POR CORTE DE CIRCULACIÓN,ASFALTO,Bueno,Bueno,2,MERCEDES BENZ,BLANCO,2,,47,MASCULINO,SIN DATOS,0,0,Morelia,Elias Perez Avalos,agosto,lunes,15,-101.165559440588,19.7103849176788
30567,30572,2020,,2020/08/17,15:00:00,COLISIÓN CON PEATÓN,ASFALTO,Bueno,Bueno,1,NISSAN,BLANCO,2,,49,MASCULINO,SIN DATOS,1,0,Morelia,El Porvenir,agosto,lunes,15,-101.206278316677,19.7079007538222
30568,30573,2020,,2020/08/17,15:15:00,COLISIÓN POR CORTE DE CIRCULACIÓN,ASFALTO,Bueno,Bueno,2,MERCEDES BENZ,BLANCO,2,MINISTERIO PÚBLICO,35,MASCULINO,SIN DATOS,0,0,Morelia,Chapultepec Sur,agosto,lunes,15,-101.177083632842,19.6919657564141
30569,30574,2020,,2020/08/17,16:50:00,COLISIÓN POR ALCANCE,ASFALTO,Bueno,Bueno,2,NISSAN,ROJO,2,,45,FEMENINO,SIN DATOS,0,0,Morelia,Francisco J Mujica,agosto,lunes,17,-101.18555352768,19.724017342945
30570,30575,2020,LEG32336,2020/08/17,18:40:00,COLISIÓN POR MANIOBRA DE REVERSA,ASFALTO,Lluvioso,Malo,2,NISSAN,BLANCO,2,,55,MASCULINO,SIN DATOS,0,0,Morelia,Prados Verdes,agosto,lunes,19,-101.196885921739,19.7186604862126
30571,30576,2020,"200640450",2020/08/17,20:10:00,COLISIÓN POR CAMBIO DE CARRIL,ASFALTO,Lluvioso,Malo,2,MERCEDES BENZ,GRIS,2,,,MASCULINO,SIN DATOS,0,0,Morelia,Barrio Alto,agosto,lunes,20,-101.195783137597,19.7246659103029
30572,30577,2020,MOR200640503,2020/08/17,20:24:00,COLISIÓN CONTRA OBJETO FIJO,ASFALTO,Lluvioso,Regular,1,NISSAN,BLANCO,1,,42,MASCULINO,SIN DATOS,0,0,Morelia,Ignacio Zaragoza,agosto,lunes,20,-101.202950701118,19.725221400917
30573,30578,2020,MOR200638624,2020/08/17,20:25:00,COLISIÓN POR CAMBIO DE CARRIL,ASFALTO,Bueno,Bueno,2,VOLKSWAGEN,GRIS,2,,31,FEMENINO,SIN DATOS,0,0,Morelia,Los Manantiales de Morelia,agosto,lunes,20,-101.24163184315,19.6957870936979
30574,30579,2020,,2020/08/17,21:30:00,COLISIÓN POR MANIOBRA DE REVERSA,ASFALTO,Bueno,Bueno,2,NISSAN,AZUL,2,,55,MASCULINO,SIN DATOS,0,0,Morelia,Buenavista,agosto,lunes,22,-101.165970445358,19.7051551473846
30575,30580,2020,"200640786",2020/08/17,22:15:00,SUBIDA AL CAMELLÓN,ASFALTO,Nublado,Regular,1,NISSAN,BLANCO,1,,63,MASCULINO,CON CERTIFICADO,0,0,Morelia,Arcos del Valle,agosto,lunes,22,-101.236248954452,19.7076236529826
30576,30581,2020,,2020/08/18,"03:00:00",COLISIÓN CONTRA OBJETO FIJO,ASFALTO,Bueno,Bueno,2,VOLKSWAGEN,BLANCO,1,MINISTERIO PÚBLICO,,,,1,0,Pátzcuaro,Centro,agosto,martes,3,-101.617676510739,19.5162108005489
30577,30582,2020,LEG32339,2020/08/18,"06:25:00",COLISIÓN POR CORTE DE CIRCULACIÓN,ASFALTO,Bueno,Bueno,1,DINAMO,NEGRO Y AZUL,1,,22,MASCULINO,SIN DATOS,0,0,Morelia,Residencial Alborada,agosto,martes,6,-101.234586685896,19.7023508693932
30578,30583,2020,LEG32338,2020/08/18,"07:25:00",COLISIÓN POR ALCANCE,TERRACERIA,Bueno,Bueno,2,NISSAN,AZUL,2,,56,MASCULINO,SIN DATOS,0,0,Morelia,Lazaro Cardenas,agosto,martes,7,-101.164907223798,19.7093517592708
30579,30584,2020,,2020/08/18,"08:30:00",COLISIÓN CON PEATÓN,ASFALTO,Nublado,Bueno,2,NISSAN,PLATA,2,,58,FEMENINO,SIN DATOS,0,0,Morelia,Morelos,agosto,martes,9,-101.205884462857,19.698547221773
30580,30585,2020,,2020/08/18,"09:30:00",COLISIÓN POR ALCANCE,ASFALTO,Bueno,Bueno,3,VOLKSWAGEN VENTO,PLATA,3,,34,MASCULINO,SIN DATOS,0,0,Morelia,Jardines del Rincon,agosto,martes,10,-101.153344891287,19.6872507925504
30581,30586,2020,,2020/08/18,10:50:00,COLISIÓN POR CORTE DE CIRCULACIÓN,ASFALTO,Bueno,Bueno,2,ITALIKA,NEGRO,2,,,MASCULINO,SIN DATOS,0,0,Morelia,Sin datos,agosto,martes,11,-101.118535213172,19.6882520905082
30582,30587,2020,,2020/08/18,13:05:00,COLISIÓN CON PEATÓN,ASFALTO,Bueno,Bueno,1,CHEVROLET,BLANCO,2,,76,MASCULINO,SIN DATOS,1,0,Morelia,Juarez,agosto,martes,13,-101.195391565561,19.6922649105439
30583,30588,2020,,2020/08/18,15:00:00,COLISIÓN POR ALCANCE,ASFALTO,Bueno,Bueno,2,TOYOTA,BLANCO/GRIS,2,,42,MASCULINO,SIN DATOS,0,0,Morelia,Los Manantiales de Morelia,agosto,martes,15,-101.241640895605,19.6957886720024
30584,30589,2020,,2020/08/18,18:00:00,COLISIÓN POR CORTE DE CIRCULACIÓN,ASFALTO,Bueno,Bueno,2,VOLKSWAGEN,GUINDA,2,,33,MASCULINO,SIN DATOS,0,0,Morelia,Sin datos,agosto,martes,18,-101.293936085993,19.6864165865242
30585,30590,2020,,2020/08/18,18:40:00,COLISIÓN POR CORTE DE CIRCULACIÓN,ASFALTO,Bueno,Bueno,2,ITALIKA,NEGRO,2,,30,MASCULINO,SIN DATOS,0,0,Morelia,Ventura Puente,agosto,martes,19,-101.184380396533,19.6947559122843
30586,30591,2020,,2020/08/18,19:50:00,COLISIÓN POR ALCANCE,ASFALTO,Bueno,Bueno,2,NISSAN,ROJO,2,,17,MASCULINO,SIN DATOS,0,0,Morelia,Valle Dorado del Sur (El Rosario),agosto,martes,20,-101.189331449568,19.6562210571417
30587,30592,2020,,2020/08/18,21:30:00,CAIDA DE MOTOCICLETA,ASFALTO,Bueno,Bueno,1,LIFAN,NEGRO VERDE,0,,,,,0,0,Lázaro Cárdenas,Sin datos,agosto,martes,22,-102.187762632966,18.0443761050357
30588,30593,2020,MOR 200643720,2020/08/19,"09:15:00",COLISIÓN POR ALCANCE,ASFALTO,Nublado,Bueno,2,DODGE,ROJO,2,,55,MASCULINO,ALIENTO ETÍLICO,0,0,Morelia,Rafael Carrillo,agosto,miércoles,9,-101.236401566041,19.7077679279762
30589,30594,2020,,2020/08/19,12:00:00,COLISIÓN POR MANIOBRA DE REVERSA,ASFALTO,Bueno,Bueno,2,NISSAN,BLANCO Y MORADO,2,,35,MASCULINO,SIN DATOS,0,0,Morelia,La Loma,agosto,miércoles,12,-101.183618039571,19.6804793332151
30590,30595,2020,LEG32354,2020/08/19,12:25:00,COLISIÓN POR ALCANCE,ASFALTO,Bueno,Regular,2,NISSAN,BLANCO,2,,50,MASCULINO,SIN DATOS,0,0,Morelia,Alberto Oviedo Mota,agosto,miércoles,12,-101.202088096594,19.6776271249589
30591,30596,2020,,2020/08/19,12:30:00,COLISIÓN CONTRA OBJETO FIJO,ASFALTO,Bueno,Bueno,2,CHEVROLET,BLANCO,2,MINISTERIO PÚBLICO,51,MASCULINO,SIN DATOS,0,0,Pátzcuaro,El Calvario,agosto,miércoles,13,-101.618216335773,19.5146475028927
30592,30597,2020,MOR200644191,2020/08/19,12:41:00,COLISIÓN POR ALCANCE,ASFALTO,Bueno,Bueno,2,ITALIKA,AMARILLO Y NEGRO,2,,22,MASCULINO,SIN DATOS,0,0,Morelia,Infonavit  Las  Camelinas,agosto,miércoles,13,-101.173378830876,19.6858431784315
30593,30598,2020,LEG32355,2020/08/19,13:00:00,CAIDA DE MOTOCICLETA,TERRACERIA,Bueno,Malo,1,ITALIKA,BLANCO,1,,,,,1,0,Acuitzio,Sin datos,agosto,miércoles,13,-101.271693340756,19.5052741511143
30594,30599,2020,MOR200644519,2020/08/19,15:00:00,COLISIÓN POR CORTE DE CIRCULACIÓN,CONCRETO,Bueno,Bueno,2,YAMAHA,BLANCO,2,,40,MASCULINO,SIN DATOS,0,0,Morelia,Ilustres Novohispanos,agosto,miércoles,15,-101.151453946923,19.7085794691174
30595,30600,2020,"200644866",2020/08/19,17:15:00,COLISIÓN POR CORTE DE CIRCULACIÓN,ASFALTO,Lluvioso,Malo,2,SIN DATOS,AMARILLO/ROJO,2,,,,,2,0,Morelia,Gertrudis Bocanegra,agosto,miércoles,17,-101.209872129455,19.7038111996348
30596,30601,2020,LEG32356,2020/08/19,17:45:00,CAIDA DE MOTOCICLETA,ASFALTO,Lluvioso,Malo,1,HONDA,BLANCO,1,,,,,1,0,Morelia,Primo Tapia,agosto,miércoles,18,-101.211794950068,19.7090805719289
30597,30602,2020,MOR200645688,2020/08/19,22:20:00,COLISIÓN CONTRA OBJETO FIJO,CONCRETO,Nublado,Bueno,2,FORD,ROJO,2,,34,MASCULINO,ALIENTO ETÍLICO,0,0,Morelia,Tierra Y Libertad,agosto,miércoles,22,-101.224533126436,19.7171411046661
30598,30603,2020,MOR200645778,2020/08/19,23:45:00,COLISIÓN CONTRA OBJETO FIJO,CONCRETO,Lluvioso,Regular,1,VOLKSWAGEN,GRIS,1,,50,FEMENINO,SIN DATOS,0,0,Morelia,Loma Larga Etapa Ii,agosto,miércoles,0,-101.206636055,19.6550998249991
30599,30604,2020,,2020/08/20,"04:20:00",VOLCADURA,ASFALTO,Bueno,Bueno,1,JEEP,NEGRO,0,,,,,0,0,Pátzcuaro,El Calvario,agosto,jueves,4,-101.618906669319,19.5130641946729