fid,id_accidente,anio_origen,folio_c5i,dia_incidente,hora_ocurrencia,tipo_incidente_vial,superficie_ocurrencia,condiciones_climaticas,condiciones_via,numero_vehiculos_involucrados,marca_vehiculo_ocasiona_siniestro,color_vehiculo_ocasiona_siniestro,numero_personas_involucradas,lugar_remite_presunto_responsable,edad_presunto_responsable,sexo_presunto_responsable,resultados_toxicologia,numero_personas_lesionadas,numero_personas_fallecidas,municipio,colonia,mes,dia_semana,hora_redondeada,lon,lat
30602,30607,2020,,2020/08/20,14:10:00,COLISIÓN POR CORTE DE CIRCULACIÓN,ASFALTO,Bueno,Bueno,2,TOYOTA,BLANCO,2,MINISTERIO PÚBLICO,51,FEMENINO,SIN DATOS,0,0,Morelia,Ejidal Tres Puentes,agosto,jueves,14,-101.22488080778,19.6926920946729
30603,30608,2020,MOR200646966,2020/08/20,15:30:00,COLISIÓN POR CAMBIO DE CARRIL,ASFALTO,Bueno,Bueno,2,ISUZU,BLANCO,2,,27,MASCULINO,SIN DATOS,0,0,Morelia,Los Angeles,agosto,jueves,16,-101.177650398828,19.7395083884623
30604,30609,2020,,2020/08/20,16:40:00,COLISIÓN POR ALCANCE,ASFALTO,Nublado,Bueno,2,RENAULT/CLIO,ROJO,2,,29,MASCULINO,SIN DATOS,0,0,Morelia,Sin datos,agosto,jueves,17,-101.118113801551,19.6882833998032
30605,30610,2020,,2020/08/20,23:30:00,COLISIÓN POR CORTE DE CIRCULACIÓN,ASFALTO,Bueno,Bueno,2,GMC,NEGRO,2,,40,MASCULINO,SIN DATOS,0,0,Morelia,Primo Tapia Oriente,agosto,jueves,0,-101.158688872476,19.7134613337492
30606,30611,2020,,2020/08/21,"02:00:00",COLISIÓN CONTRA OBJETO FIJO,ASFALTO,Bueno,Bueno,2,SIN DATOS,SIN DATOS,1,,29,MASCULINO,CON CERTIFICADO,0,0,Morelia,Agustin Arriaga Rivera,agosto,viernes,2,-101.226151504301,19.6895010998433
30607,30612,2020,,2020/08/21,"03:30:00",COLISIÓN POR CORTE DE CIRCULACIÓN,ASFALTO,Bueno,Bueno,2,CHEVROLET,ROJO,1,,23,MASCULINO,SIN DATOS,0,0,Morelia,Vista Bella,agosto,viernes,4,-101.197579638526,19.6795540112616
30608,30613,2020,,2020/08/21,"08:10:00",COLISIÓN POR ALCANCE,CONCRETO,Bueno,Bueno,2,SUZUKI,NEGRO,1,MINISTERIO PÚBLICO,,,,1,0,Tarímbaro,Club Erandeni,agosto,viernes,8,-101.181713934798,19.7592374848684
30609,30614,2020,,2020/08/21,10:10:00,COLISIÓN POR INVASIÓN DE CARRIL,CONCRETO,Bueno,Bueno,2,BAJAJ,NEGRO,2,,23,MASCULINO,SIN DATOS,0,0,Morelia,La Hacienda,agosto,viernes,10,-101.315950490534,19.6777738951594
30610,30615,2020,,2020/08/21,10:30:00,COLISIÓN POR ALCANCE,ASFALTO,Bueno,Bueno,2,VOLKSWAGEN,VERDE,2,,33,MASCULINO,SIN DATOS,0,0,Morelia,Enrique Arreguin Robles,agosto,viernes,11,-101.188165603033,19.7214495010812
30611,30616,2020,,2020/08/21,14:15:00,COLISIÓN POR CORTE DE CIRCULACIÓN,ASFALTO,Bueno,Bueno,1,NISSAN,ARENA,1,,68,MASCULINO,SIN DATOS,0,0,Morelia,Gustavo Diaz Ordaz,agosto,viernes,14,-101.203267567538,19.693883044478
30612,30617,2020,MOR200649760,2020/08/21,15:10:00,COLISIÓN POR CORTE DE CIRCULACIÓN,CONCRETO,Bueno,Bueno,2,CHEVROLET,BLANCO,2,,45,MASCULINO,SIN DATOS,0,0,Morelia,Chapultepec Sur,agosto,viernes,15,-101.177099265836,19.6919653701692
30613,30618,2020,,2020/08/21,15:15:00,COLISIÓN POR CORTE DE CIRCULACIÓN,SIN_DATOS,Bueno,Bueno,2,DODGE,ROJO,2,,,MASCULINO,SIN DATOS,0,0,Morelia,Tenencia Morelos,agosto,viernes,15,-101.246785982087,19.6500018856241
30614,30619,2020,MOR200650057,2020/08/21,17:05:00,COLISIÓN CONTRA OBJETO FIJO,CONCRETO,Bueno,Bueno,1,NISSAN,ARENA,1,,46,MASCULINO,SIN DATOS,0,0,Morelia,Peña Blanca,agosto,viernes,17,-101.19482732632,19.6681514377747
30615,30620,2020,,2020/08/21,18:50:00,COLISIÓN POR CORTE DE CIRCULACIÓN,ASFALTO,Bueno,Bueno,2,VOLSKWAGEN,NEGRO,0,MINISTERIO PÚBLICO,,,,0,0,Lázaro Cárdenas,Centro,agosto,viernes,19,-102.195639244524,17.9584731759564
30616,30621,2020,,2020/08/21,19:40:00,COLISIÓN POR CAMBIO DE CARRIL,ASFALTO,Bueno,Bueno,1,INTERNATIONAL,BLANCO,4,MINISTERIO PÚBLICO,30,MASCULINO,SIN DATOS,2,0,Tacámbaro,Centro,agosto,viernes,20,-101.456587,19.234897
30617,30622,2020,MOR200650514,2020/08/21,19:45:00,COLISIÓN POR CORTE DE CIRCULACIÓN,ASFALTO,Lluvioso,Regular,3,FORD,ROJO,3,,23,MASCULINO,ALIENTO ETÍLICO,0,0,Morelia,Ejidal Ocolusen,agosto,viernes,20,-101.153474003077,19.6873271578461
30618,30623,2020,,2020/08/21,19:45:00,COLISIÓN POR ALCANCE,ASFALTO,Bueno,Bueno,2,CHEVROLET,COBRE,2,MINISTERIO PÚBLICO,44,MASCULINO,SIN DATOS,0,0,Maravatío,Sin datos,agosto,viernes,20,-100.452832649468,19.849560099261
30619,30624,2020,MOR200650549,2020/08/21,19:57:00,COLISIÓN CONTRA OBJETO FIJO,ASFALTO,Bueno,Bueno,1,SEAT,GRIS,1,,30,MASCULINO,SIN DATOS,0,0,Morelia,Tlalpujahua,agosto,viernes,20,-101.217995882034,19.6761483086625
30620,30625,2020,,2020/08/21,20:48:00,COLISIÓN POR CORTE DE CIRCULACIÓN,ASFALTO,Bueno,Bueno,2,VENTO,NEGRO,2,,0,MASCULINO,SIN DATOS,0,0,Morelia,Eduardo Ruiz,agosto,viernes,21,-101.218921975658,19.7198834926504
30621,30626,2020,,2020/08/21,21:30:00,COLISIÓN POR ALCANCE,ASFALTO,Bueno,Bueno,2,BAJAJ,GRIS,2,,,MASCULINO,SIN DATOS,0,0,Morelia,Asociacion Zirahuen,agosto,viernes,22,-101.246088668704,19.6996311373648
30622,30627,2020,MOR 200651070,2020/08/21,23:10:00,COLISIÓN POR CORTE DE CIRCULACIÓN,ASFALTO,Bueno,Regular,2,VOLKSWAGEN,AZUL,2,,24,MASCULINO,ALIENTO ETÍLICO,0,0,Morelia,Cuauhtemoc,agosto,viernes,23,-101.183782294393,19.6983524493315
30623,30628,2020,MOR200651312,2020/08/22,"01:40:00",COLISIÓN CONTRA OBJETO FIJO,CONCRETO,Bueno,Bueno,2,SEAT,GRIS,2,,36,MASCULINO,SIN DATOS,0,0,Morelia,Prados Verdes,agosto,sábado,2,-101.20080624453,19.7174412578361
30624,30629,2020,,2020/08/22,"04:20:00",COLISIÓN POR ALCANCE,ASFALTO,Bueno,Bueno,2,TOYOTA,BLANCO Y GUINDA,2,MINISTERIO PÚBLICO,26,MASCULINO,ALIENTO ETÍLICO,0,0,Tarímbaro,Infonavit Puerta del Sol,agosto,sábado,4,-101.19208242066,19.7516221774968
30625,30630,2020,LEG32383,2020/08/22,"04:20:00",COLISIÓN CONTRA OBJETO FIJO,ASFALTO,Bueno,Regular,1,FIAT,AMDA,1,,23,MASCULINO,SIN DATOS,0,0,Morelia,Tzindurio de Morelos,agosto,sábado,4,-101.243674680591,19.6999099450981
30626,30631,2020,,2020/08/22,"06:50:00",COLISIÓN POR CAMBIO DE CARRIL,ASFALTO,Bueno,Bueno,2,FORD,ARENA,2,,24,MASCULINO,ALIENTO ETÍLICO,0,0,Morelia,Praderas del Indio,agosto,sábado,7,-101.230491989039,19.6541390902746
30627,30632,2020,,2020/08/22,"07:15:00",COLISIÓN POR MANIOBRA DE REVERSA,ASFALTO,Bueno,Bueno,2,CHEVROLET,AMARILLO,2,,48,MASCULINO,SIN DATOS,0,0,Morelia,Elias Perez Avalos,agosto,sábado,7,-101.167694404721,19.7155747097128
30628,30633,2020,,2020/08/22,"08:00:00",COLISIÓN POR CORTE DE CIRCULACIÓN,CONCRETO,Bueno,Bueno,2,NISSAN,BLANCO,2,,32,MASCULINO,SIN DATOS,0,0,Morelia,Eva Samano,agosto,sábado,8,-101.203212216496,19.7302200983489
30629,30634,2020,,2020/08/22,"09:30:00",COLISIÓN POR CAMBIO DE CARRIL,ASFALTO,Bueno,Bueno,2,MAZDA,ROJO,2,,45,MASCULINO,SIN DATOS,0,0,Morelia,Las Americas,agosto,sábado,10,-101.156514317476,19.6877154695076
30630,30635,2020,,2020/08/22,10:10:00,COLISIÓN POR CORTE DE CIRCULACIÓN,ASFALTO,Bueno,Bueno,2,DINA,BLANCO,1,MINISTERIO PÚBLICO,,,,0,1,Morelia,Sin datos,agosto,sábado,10,-101.294414699078,19.6864142156588
30631,30636,2020,,2020/08/22,11:52:00,COLISIÓN POR CORTE DE CIRCULACIÓN,ASFALTO,Bueno,Bueno,2,VOLKSWAGEN,BLANCO,2,,48,MASCULINO,SIN DATOS,0,0,Morelia,Tanganxoan (Guadalupe Victoria),agosto,sábado,12,-101.289188719608,19.6952735412753
30632,30637,2020,,2020/08/22,13:30:00,VOLCADURA,ASFALTO,Bueno,Bueno,1,JEEP,GRIS,1,,,,SIN DATOS,0,0,Zitácuaro,Sin datos,agosto,sábado,14,-100.2375023067,19.4513612895094
30633,30638,2020,,2020/08/22,15:00:00,COLISIÓN POR ALCANCE,ASFALTO,Bueno,Bueno,2,VOLKSWAGEN POINTER,BLANCO,2,,24,MASCULINO,SIN DATOS,0,0,Morelia,Ampliacion La Soledad,agosto,sábado,15,-101.180698881766,19.7376491269135
30634,30639,2020,,2020/08/22,16:00:00,COLISIÓN POR CORTE DE CIRCULACIÓN,CONCRETO,Bueno,Bueno,2,ITALIKA,ROJO,2,,27,MASCULINO,SIN DATOS,0,0,Morelia,Jardines de Santiaguito,agosto,sábado,16,-101.213087317615,19.7187523303758
30635,30640,2020,,2020/08/22,16:00:00,COLISIÓN POR CORTE DE CIRCULACIÓN,ASFALTO,Bueno,Bueno,2,ITALIKA,ROJO,2,,,MASCULINO,SIN DATOS,0,0,Morelia,Eduardo Ruiz,agosto,sábado,16,-101.213026053525,19.7183114147877
30636,30641,2020,,2020/08/22,17:30:00,CAIDA DE MOTOCICLETA,ASFALTO,Bueno,Bueno,1,HONDA 150,NEGRO,1,,18,MASCULINO,SIN DATOS,0,0,Morelia,Bosques Tres Marias,agosto,sábado,18,-101.105250201441,19.729262299588
30637,30642,2020,,2020/08/22,18:40:00,COLISIÓN CONTRA OBJETO FIJO,ASFALTO,Bueno,Bueno,1,CHEVROLET,GRIS,0,,,,,0,0,Los Reyes,Sin datos,agosto,sábado,19,-102.428817816757,19.5825167268688
30638,30643,2020,,2020/08/22,18:50:00,COLISIÓN POR CORTE DE CIRCULACIÓN,ASFALTO,Bueno,Bueno,2,CHEVROLET,AZUL,0,MINISTERIO PÚBLICO,,,,0,0,Lázaro Cárdenas,Lucio Cabañas,agosto,sábado,19,-102.22410452298,17.9809705187149
30639,30644,2020,MOR200653198,2020/08/22,19:00:00,COLISIÓN POR CAMBIO DE CARRIL,ASFALTO,Bueno,Bueno,2,NISSAN,BLANCO,2,,32,FEMENINO,SIN DATOS,0,0,Morelia,Loma Bonita,agosto,sábado,19,-101.19758085777,19.7233425776153
30640,30645,2020,,2020/08/22,19:15:00,COLISIÓN POR ALCANCE,ASFALTO,Bueno,Bueno,3,FIAT/MOBI,ROJO,3,,23,MASCULINO,SIN DATOS,0,0,Morelia,Fidel Velazquez,agosto,sábado,19,-101.239935650743,19.7059940079754
30641,30646,2020,,2020/08/22,19:15:00,CAIDA DE MOTOCICLETA,ASFALTO,Bueno,Bueno,1,ITALIKA,NEGRO Y AMARILLO,1,,,MASCULINO,SIN DATOS,0,0,Charo,Sin datos,agosto,sábado,19,-101.002425280603,19.6970103320965
30642,30647,2020,,2020/08/22,20:30:00,COLISIÓN CON PEATÓN,SIN_DATOS,Bueno,Bueno,2,TOYOTA,GUINDA,2,MINISTERIO PÚBLICO,0,,SIN DATOS,0,0,Morelia,Industrial,agosto,sábado,21,-101.193811744452,19.7123467549494
30643,30648,2020,,2020/08/22,21:00:00,COLISIÓN POR ALCANCE,ASFALTO,Bueno,Bueno,2,FORD,BLANCO,2,,,MASCULINO,SIN DATOS,0,0,Morelia,Chapultepec Oriente,agosto,sábado,21,-101.159543141044,19.6936140692622
30644,30649,2020,,2020/08/22,21:30:00,COLISIÓN POR CORTE DE CIRCULACIÓN,SIN_DATOS,Bueno,Bueno,2,MERCURY,GUINDA,2,,28,MASCULINO,SIN DATOS,0,0,Morelia,Ventura Puente,agosto,sábado,22,-101.188035302532,19.6922806939358
30645,30650,2020,,2020/08/22,23:20:00,COLISIÓN CONTRA OBJETO FIJO,ASFALTO,Bueno,Bueno,3,FORD WINSTAR,ARENA,3,MINISTERIO PÚBLICO,,MASCULINO,SIN DATOS,0,0,Tarímbaro,Sin datos,agosto,sábado,23,-101.135881394148,19.7748743559428
30646,30651,2020,MOR200653881,2020/08/22,23:20:00,COLISIÓN POR CORTE DE CIRCULACIÓN,ASFALTO,Bueno,Bueno,2,CHEVROLET,NEGRO,1,,26,MASCULINO,SIN DATOS,0,0,Morelia,Torreon Nuevo,agosto,sábado,23,-101.20761972598,19.7505313438886
30647,30652,2020,MOR200651365,2020/08/22,30:05:00,SALIDA DE SUPERFICIE DE RODAMIENTO,CONCRETO,Bueno,Bueno,1,FORD,BLANCO,1,,42,MASCULINO,SIN DATOS,0,0,Morelia,Sin datos,agosto,sábado,,-101.180780597709,19.7475162084168
30648,30653,2020,,2020/08/23,"00:00:00",COLISIÓN POR ALCANCE,CONCRETO,Bueno,Bueno,1,FORD MUSTANG,GRIS,2,,35,MASCULINO,SIN DATOS,0,0,Morelia,Centro,agosto,domingo,0,-101.193319284772,19.7049264786254
30649,30654,2020,,2020/08/23,"00:00:00",COLISIÓN CONTRA OBJETO FIJO,ASFALTO,Bueno,Bueno,1,MINI COOPER,AMARILLO,1,,26,MASCULINO,SIN DATOS,0,0,Morelia,Ricardo Flores Magon,agosto,domingo,0,-101.242479726004,19.7057181377023
30650,30655,2020,,2020/08/23,"01:00:00",COLISIÓN POR CORTE DE CIRCULACIÓN,ASFALTO,Bueno,Bueno,2,FORD,NEGRO,0,MINISTERIO PÚBLICO,,,,0,0,Lázaro Cárdenas,La Orilla,agosto,domingo,1,-102.222957269036,17.9974033567616
30651,30656,2020,,2020/08/23,"01:50:00",COLISIÓN POR ALCANCE,ASFALTO,Bueno,Bueno,2,CHEVROLET,NEGRO,2,,48,MASCULINO,ALIENTO ETÍLICO,0,0,Morelia,Residencial Alborada,agosto,domingo,2,-101.234588331796,19.7023517015525
30652,30657,2020,,2020/08/23,"02:00:00",COLISIÓN POR ALCANCE,ASFALTO,Bueno,Bueno,2,ITALIKA,NEGRO,0,MINISTERIO PÚBLICO,,,,0,0,Morelia,Residencial Alborada,agosto,domingo,2,-101.23458635062,19.7023508693932
30653,30658,2020,,2020/08/23,"02:30:00",COLISIÓN CONTRA OBJETO FIJO,ASFALTO,Bueno,Bueno,1,HYUNDAI,ROJO,1,,29,MASCULINO,SIN DATOS,0,0,Morelia,Chapultepec Oriente,agosto,domingo,3,-101.159318109812,19.6902935813632
30654,30659,2020,,2020/08/23,"03:00:00",SALIDA DE SUPERFICIE DE RODAMIENTO,TERRACERIA,Bueno,Bueno,1,HUMMER,NEGRO,1,,35,MASCULINO,ALIENTO ETÍLICO,0,0,Morelia,Residencial Alborada,agosto,domingo,3,-101.234587021172,19.7023508120009
30655,30660,2020,,2020/08/23,"03:00:00",COLISIÓN POR ALCANCE,ASFALTO,Bueno,Bueno,2,NISSAN,BLANCO,2,,,MASCULINO,SIN DATOS,0,0,Morelia,Residencial Alborada,agosto,domingo,3,-101.234586294738,19.7023505489711
30656,30661,2020,,2020/08/23,"05:00:00",COLISIÓN CONTRA OBJETO FIJO,ASFALTO,Bueno,Bueno,1,DODGE,GRIS,1,,32,MASCULINO,SIN DATOS,0,0,Morelia,El Lago 2,agosto,domingo,5,-101.215054839849,19.726725183886
30657,30662,2020,,2020/08/23,12:38:00,COLISIÓN POR CORTE DE CIRCULACIÓN,ASFALTO,Bueno,Bueno,1,FORD,GRIS,1,,36,MASCULINO,SIN DATOS,0,0,Morelia,Rafael Carrillo,agosto,domingo,13,-101.234046220779,19.7110905496376
30658,30663,2020,,2020/08/23,15:20:00,COLISIÓN POR ALCANCE,ASFALTO,Bueno,Bueno,3,MAZDA,ROJO,3,,32,FEMENINO,SIN DATOS,0,0,Morelia,Mirador del Punhuato,agosto,domingo,15,-101.156641124698,19.7019419337856
30659,30664,2020,,2020/08/23,17:30:00,COLISIÓN CON PEATÓN,ASFALTO,Bueno,Bueno,2,ITALIKA,ROJO/NEGRO,2,,16,MASCULINO,SIN DATOS,0,0,Angangueo,Sin datos,agosto,domingo,18,-100.326311923563,19.6137321967192
30660,30665,2020,MOR200656032,2020/08/23,18:25:00,COLISIÓN POR NO RESPETAR SEMÁFORO,ASFALTO,Bueno,Bueno,2,CHRYSLER,ARENA,2,MINISTERIO PÚBLICO,56,FEMENINO,SIN DATOS,0,0,Morelia,Rinconada del Valle,agosto,domingo,18,-101.218469627202,19.6786315826265
30661,30666,2020,LEG32421,2020/08/23,20:30:00,COLISIÓN POR CORTE DE CIRCULACIÓN,ASFALTO,Bueno,Regular,4,SIN DATOS,SIN DATOS,3,,,,SIN DATOS,2,0,Morelia,La Soledad,agosto,domingo,21,-101.183311231434,19.7291423448145
30662,30667,2020,LEG32422,2020/08/23,22:00:00,COLISIÓN POR CORTE DE CIRCULACIÓN,ASFALTO,Bueno,Bueno,2,NISSAN,ROJO,2,,0,MASCULINO,SIN DATOS,0,0,Morelia,Jardines de Guadalupe,agosto,domingo,22,-101.22472484342,19.7115034227744
30664,30669,2020,,2020/08/24,12:15:00,COLISIÓN POR CAMBIO DE CARRIL,CONCRETO,Bueno,Bueno,2,PLYMOUT GRAN VOYAGER,CAFÉ,2,,19,MASCULINO,SIN DATOS,0,0,Morelia,Infonavit Benito Juarez,agosto,lunes,12,-101.197176075,19.6854028399992
30665,30670,2020,,2020/08/24,13:10:00,COLISIÓN POR ALCANCE,ASFALTO,Bueno,Bueno,3,RENAULT,AZUL,3,MINISTERIO PÚBLICO,43,FEMENINO,SIN DATOS,0,0,Tarímbaro,Sin datos,agosto,lunes,13,-101.158266805995,19.766484
30666,30671,2020,,2020/08/24,13:20:00,COLISIÓN POR CAMBIO DE CARRIL,CONCRETO,Bueno,Bueno,2,SUZUKI,BLANCO,2,,35,MASCULINO,SIN DATOS,0,0,Morelia,Tinijaro,agosto,lunes,13,-101.26316,19.6963297049991
30667,30672,2020,,2020/08/24,15:00:00,COLISIÓN POR MANIOBRA DE REVERSA,ASFALTO,Bueno,Bueno,2,MAZDA CX3,PLATA,2,,26,FEMENINO,SIN DATOS,0,0,Morelia,Camelinas,agosto,lunes,15,-101.17075869981,19.6837967780615
30668,30673,2020,,2020/08/24,15:00:00,COLISIÓN POR ALCANCE,ASFALTO,Bueno,Bueno,2,NISSAN,BLANCO Y ROSA,2,,38,MASCULINO,SIN DATOS,0,0,Morelia,Martires de Uruapan,agosto,lunes,15,-101.197572506286,19.7249307304589
30670,30675,2020,,2020/08/24,17:20:00,COLISIÓN POR ALCANCE,ASFALTO,Bueno,Bueno,2,HONDA,AZUL,2,,,MASCULINO,SIN DATOS,0,0,Morelia,Fovissste La Huerta,agosto,lunes,17,-101.21346889,19.6934575449991
30671,30676,2020,,2020/08/24,18:00:00,COLISIÓN POR ALCANCE,ASFALTO,Nublado,Bueno,2,VOLKSWAGEN,BLANCO,0,MINISTERIO PÚBLICO,,,,0,0,Maravatío,Loma Alta,agosto,lunes,18,-100.46099648,19.9140028699991
30672,30677,2020,,2020/08/24,20:00:00,COLISIÓN CONTRA OBJETO FIJO,ASFALTO,Lluvioso,Bueno,1,NISSAN,BLANCO,1,,19,MASCULINO,SIN DATOS,0,0,Morelia,Valle Quieto,agosto,lunes,20,-101.201861,19.6825365
30673,30678,2020,,2020/08/24,20:25:00,COLISIÓN POR CORTE DE CIRCULACIÓN,CONCRETO,Bueno,Bueno,2,CARGO,AMARILLO,2,MINISTERIO PÚBLICO,40,MASCULINO,SIN DATOS,0,0,Morelia,Ampliacion La Soledad,agosto,lunes,20,-101.183554405,19.7349146049992
30674,30679,2020,,2020/08/25,"09:40:00",COLISIÓN POR ALCANCE,ASFALTO,Bueno,Bueno,2,BMW,ROJO,2,,40,MASCULINO,SIN DATOS,0,0,Morelia,Felix Ireta,agosto,martes,10,-101.19214836,19.6911467449992
30675,30680,2020,LEG32456,2020/08/25,10:00:00,COLISIÓN POR CAMBIO DE CARRIL,ASFALTO,Bueno,Bueno,2,VOLVO,AZUL,2,,45,MASCULINO,SIN DATOS,0,0,Morelia,Elias Perez Avalos,agosto,martes,10,-101.164974279023,19.7106720227714
30676,30681,2020,MOR200660430,2020/08/25,10:25:00,COLISIÓN POR CORTE DE CIRCULACIÓN,ASFALTO,Bueno,Bueno,2,HONDA,ROJO,2,,35,MASCULINO,SIN DATOS,0,0,Tarímbaro,Sin datos,agosto,martes,10,-101.153726100243,19.7694876830029
30677,30682,2020,MOR200660643,2020/08/25,11:20:00,COLISIÓN CONTRA OBJETO FIJO,CONCRETO,Bueno,Bueno,1,CHEVROLET,NEGRO,1,,60,MASCULINO,SIN DATOS,0,0,Morelia,Melchor Ocampo,agosto,martes,11,-101.200444146313,19.7059113100716
30678,30683,2020,,2020/08/25,11:30:00,COLISIÓN POR ALCANCE,ASFALTO,Bueno,Bueno,2,TOYOTA,GRIS,2,,,MASCULINO,SIN DATOS,0,0,Tarímbaro,Sin datos,agosto,martes,12,-101.153722137891,19.7694873674876
30679,30684,2020,,2020/08/25,13:00:00,COLISIÓN POR CORTE DE CIRCULACIÓN,ASFALTO,Bueno,Bueno,2,DINAMO,NEGRO Y AZUL,2,,,MASCULINO,SIN DATOS,0,0,Morelia,Obrera,agosto,martes,13,-101.184126653455,19.7107617194836
30680,30685,2020,LEG32446,2020/08/25,14:35:00,COLISIÓN POR MANIOBRA DE REVERSA,ASFALTO,Bueno,Bueno,2,FORD,BLANCO,2,,58,MASCULINO,SIN DATOS,0,0,Morelia,Eduardo Ruiz,agosto,martes,15,-101.22405230999,19.7248662899701
30681,30686,2020,MOR 200661565,2020/08/25,16:40:00,COLISIÓN POR CORTE DE CIRCULACIÓN,TERRACERIA,Nublado,Malo,2,FORD,GRIS,2,,27,MASCULINO,SIN DATOS,0,0,Morelia,Nueva Valladolid,agosto,martes,17,-101.213984272696,19.7006479108889
30682,30687,2020,LEG32455,2020/08/25,17:55:00,COLISIÓN POR CORTE DE CIRCULACIÓN,ASFALTO,Bueno,Bueno,2,INTERNATIONAL,AMARILLO Y GUINDA,2,,0,MASCULINO,SIN DATOS,0,0,Morelia,Independencia,agosto,martes,18,-101.176183321928,19.7055909915922
30683,30688,2020,LEG32453,2020/08/25,18:40:00,COLISIÓN POR NO RESPETAR SEMÁFORO,ASFALTO,Bueno,Bueno,3,NISSAN,BLANCO Y ROJO,3,MINISTERIO PÚBLICO,0,MASCULINO,SIN DATOS,0,0,Morelia,Las Americas,agosto,martes,19,-101.156514622271,19.6877129153942
30684,30689,2020,MOR200661923,2020/08/25,19:00:00,COLISIÓN POR ALCANCE,ASFALTO,Lluvioso,Malo,4,HONDA,GRIS,4,,50,MASCULINO,ALIENTO ETÍLICO,0,0,Morelia,Guadalupe,agosto,martes,19,-101.226093775846,19.7089827538329
30685,30690,2020,LEG32452,2020/08/25,20:25:00,COLISIÓN POR CORTE DE CIRCULACIÓN,ASFALTO,Bueno,Regular,2,SEAT,PLATA,2,,0,FEMENINO,SIN DATOS,0,0,Morelia,Nueva Chapultepec,agosto,martes,20,-101.170865812086,19.6857282715789
30686,30691,2020,,2020/08/25,20:55:00,SALIDA DE SUPERFICIE DE RODAMIENTO,ASFALTO,Lluvioso,Bueno,1,NISSAN,ROJO,1,,44,,SIN DATOS,0,0,Charo,Sin datos,agosto,martes,21,-100.950901813127,19.6174458808269
30687,30692,2020,MOR200622327,2020/08/25,21:10:00,SUBIDA AL CAMELLÓN,ASFALTO,Lluvioso,Regular,1,CHEVROLET,NEGRO,1,,58,MASCULINO,CON CERTIFICADO,0,0,Morelia,Francisco J Mujica,agosto,martes,21,-101.188246861778,19.721485882326
30688,30693,2020,,2020/08/25,22:20:00,SALIDA DE SUPERFICIE DE RODAMIENTO,ASFALTO,Bueno,Bueno,1,BMW,GRIS,1,,,MASCULINO,SIN DATOS,0,0,Morelia,Americas Britania,agosto,martes,22,-101.146081774315,19.6917604454174
30689,30694,2020,LEG32451,2020/08/25,22:25:00,COLISIÓN POR ALCANCE,ASFALTO,Bueno,Bueno,2,VOLKSWAGEN,BLANCO,2,,59,MASCULINO,CON CERTIFICADO,0,0,Morelia,Sentimientos de La Nacion,agosto,martes,22,-101.236872933805,19.6848007701797
30690,30695,2020,LEG32454,2020/08/25,23:30:00,COLISIÓN CONTRA OBJETO FIJO,ASFALTO,Bueno,Regular,1,VOLKSWAGEN,ROJO,1,,23,MASCULINO,CON CERTIFICADO,0,0,Morelia,Lomas del Tecnologico,agosto,martes,0,-101.188350736417,19.7212557162513
30691,30696,2020,,2020/08/25,23:30:00,COLISIÓN POR CORTE DE CIRCULACIÓN,ASFALTO,Bueno,Bueno,2,VOLSKWAGEN,ROJO,0,MINISTERIO PÚBLICO,,,,0,0,Lázaro Cárdenas,Centro,agosto,martes,0,-102.190144434571,17.956545453704
30693,30698,2020,LEG32458,2020/08/26,"06:50:00",COLISIÓN POR CORTE DE CIRCULACIÓN,ASFALTO,Bueno,Bueno,2,TOYOTA,BLANCO Y GRIS,2,,19,MASCULINO,SIN DATOS,0,0,Morelia,Ignacio Lopez Rayon,agosto,miércoles,7,-101.250591165,19.6897065849991
30694,30699,2020,,2020/08/26,"09:16:00",COLISIÓN POR ALCANCE,ASFALTO,Bueno,Bueno,2,PONTIAC,GRIS,2,,78,MASCULINO,SIN DATOS,0,0,Morelia,Fuentes de Morelia,agosto,miércoles,9,-101.203908950441,19.6711852824231
30695,30700,2020,,2020/08/26,"09:35:00",COLISIÓN POR CAMBIO DE CARRIL,ASFALTO,Bueno,Bueno,2,BAJAJ,NEGRO,1,MINISTERIO PÚBLICO,,,,0,1,Morelia,Justo Mendoza,agosto,miércoles,10,-101.23024643,19.7154641149991
30696,30701,2020,,2020/08/26,10:00:00,COLISIÓN POR ALCANCE,ASFALTO,Bueno,Bueno,2,VOLKSWAGEN,BLANCO,2,,45,FEMENINO,SIN DATOS,0,0,Morelia,Los Angeles,agosto,miércoles,10,-101.167963479351,19.7444751194994
30697,30702,2020,,2020/08/26,10:27:00,SUBIDA AL CAMELLÓN,ASFALTO,Nublado,Bueno,1,HINO,BLANCO,1,,0,,SIN DATOS,0,0,Morelia,Alberto Oviedo Mota,agosto,miércoles,10,-101.198908182011,19.681555672698
30698,30703,2020,LEG32450,2020/08/26,12:50:00,COLISIÓN CONTRA OBJETO FIJO,CONCRETO,Bueno,Bueno,2,NISSAN,BLANCO,2,,65,MASCULINO,SIN DATOS,0,0,Morelia,Vasco de Quiroga,agosto,miércoles,13,-101.171525745,19.7013305049991
30699,30704,2020,,2020/08/26,13:30:00,COLISIÓN POR ALCANCE,ASFALTO,Bueno,Bueno,2,NISSAN,ROJO,2,,22,MASCULINO,SIN DATOS,0,0,Morelia,Ana Maria Gallaga (Riviera Norte),agosto,miércoles,14,-101.223762631416,19.6767879722167
30701,30706,2020,,2020/08/26,14:15:00,COLISIÓN POR CORTE DE CIRCULACIÓN,CONCRETO,Nublado,Bueno,2,HONDA/150,NEGRO ROJO,2,,21,MASCULINO,SIN DATOS,0,0,Morelia,El Lago 3,agosto,miércoles,14,-101.219665798708,19.7255458202325