fid,id_accidente,anio_origen,folio_c5i,dia_incidente,hora_ocurrencia,tipo_incidente_vial,superficie_ocurrencia,condiciones_climaticas,condiciones_via,numero_vehiculos_involucrados,marca_vehiculo_ocasiona_siniestro,color_vehiculo_ocasiona_siniestro,numero_personas_involucradas,lugar_remite_presunto_responsable,edad_presunto_responsable,sexo_presunto_responsable,resultados_toxicologia,numero_personas_lesionadas,numero_personas_fallecidas,municipio,colonia,mes,dia_semana,hora_redondeada,lon,lat
30702,30707,2020,,2020/08/26,15:30:00,COLISIÓN POR ALCANCE,CONCRETO,Bueno,Bueno,2,NISSAN,BLANCO,2,,35,MASCULINO,SIN DATOS,0,0,Morelia,Centro,agosto,miércoles,16,-101.190697025138,19.7095019973639
30703,30708,2020,,2020/08/26,17:51:00,COLISIÓN CONTRA OBJETO FIJO,ASFALTO,Lluvioso,Bueno,1,FREIGHTLINER,BLANCO,1,,24,MASCULINO,SIN DATOS,0,0,Morelia,Chapultepec Sur,agosto,miércoles,18,-101.168581415,19.6926116249992
30704,30709,2020,,2020/08/26,18:15:00,COLISIÓN POR CORTE DE CIRCULACIÓN,ASFALTO,Bueno,Bueno,2,ITALIKA FT150,ROJO,2,,19,MASCULINO,SIN DATOS,0,0,Morelia,Felix Ireta,agosto,miércoles,18,-101.19214836,19.6911467449992
30705,30710,2020,,2020/08/26,18:35:00,COLISIÓN POR ALCANCE,ASFALTO,Nublado,Regular,4,FORD,NEGRO,4,,28,MASCULINO,SIN DATOS,0,0,Morelia,Arboledas de La Huerta,agosto,miércoles,19,-101.223548145,19.6683762899991
30706,30711,2020,,2020/08/26,19:40:00,COLISIÓN CONTRA OBJETO FIJO,ASFALTO,Bueno,Malo,1,NISSAN,BLANCO,1,,35,MASCULINO,SIN DATOS,0,0,Morelia,Sin datos,agosto,miércoles,20,-101.355048716068,19.6783616634079
30707,30712,2020,,2020/08/26,20:15:00,COLISIÓN POR CORTE DE CIRCULACIÓN,ASFALTO,Lluvioso,Regular,1,VOLKSWAGEN,AZUL,1,,29,MASCULINO,SIN DATOS,0,0,Morelia,Alberto Oviedo Mota,agosto,miércoles,20,-101.198908182011,19.681555672698
30708,30713,2020,,2020/08/26,21:00:00,SALIDA DE SUPERFICIE DE RODAMIENTO,ASFALTO,Lluvioso,Bueno,1,PONTIAC,PLATA,1,,21,MASCULINO,SIN DATOS,0,0,Morelia,Ejidal San Isidro,agosto,miércoles,21,-101.279508614475,19.6906503850057
30709,30714,2020,,2020/08/26,21:10:00,COLISIÓN POR CORTE DE CIRCULACIÓN,ASFALTO,Bueno,Bueno,2,DODGE,ROJO,2,,28,MASCULINO,SIN DATOS,0,0,Morelia,Loma Larga,agosto,miércoles,21,-101.20236903,19.6564358099991
30710,30715,2020,,2020/08/26,21:30:00,COLISIÓN POR ALCANCE,ASFALTO,Lluvioso,Regular,2,CHEVROLET CHEVY,BLANCO,2,,55,MASCULINO,SIN DATOS,0,0,Morelia,Tinijaro,agosto,miércoles,22,-101.26316,19.6963297049991
30711,30716,2020,,2020/08/26,21:50:00,COLISIÓN CONTRA OBJETO FIJO,ASFALTO,Lluvioso,Regular,1,VOLKSWAGEN JETTA,ROJO,0,MINISTERIO PÚBLICO,,,,0,0,Morelia,Nueva Valladolid,agosto,miércoles,22,-101.211483945359,19.6992598320994
30713,30718,2020,,2020/08/27,"00:05:00",SUBIDA AL CAMELLÓN,ASFALTO,Lluvioso,Regular,1,NISSAN,BLANCO,1,,55,MASCULINO,SIN DATOS,0,0,Morelia,Tinijaro,agosto,jueves,0,-101.26316,19.6963297049991
30714,30719,2020,,2020/08/27,"00:10:00",COLISIÓN POR INVASIÓN DE CARRIL,CONCRETO,Lluvioso,Regular,1,HONDA,NEGRO,0,MINISTERIO PÚBLICO,,,,0,0,Pátzcuaro,Centro,agosto,jueves,0,-101.60762301223,19.5152115627404
30715,30720,2020,,2020/08/27,"06:25:00",COLISIÓN POR NO RESPETAR SEMÁFORO,ASFALTO,Lluvioso,Bueno,2,FORD,NEGRO,2,,28,MASCULINO,SIN DATOS,0,0,Morelia,Poblado de Ocolusen,agosto,jueves,6,-101.155088675,19.6951327349991
30716,30721,2020,LEG32494,2020/08/27,"08:45:00",COLISIÓN POR CAMBIO DE CARRIL,ASFALTO,Bueno,Bueno,2,ITALIKA,ROJO Y NEGRO,2,,42,MASCULINO,SIN DATOS,0,0,Morelia,Los Girasoles,agosto,jueves,9,-101.212696812369,19.6912936263119
30717,30722,2020,MOR200665677,2020/08/27,"09:00:00",CAIDA DE MOTOCICLETA,SIN_DATOS,Nublado,Malo,1,YAMAHA,NEGRA,1,,32,FEMENINO,SIN DATOS,0,0,Morelia,Industrial,agosto,jueves,9,-101.194893375717,19.7072729792726
30718,30723,2020,LEG32490,2020/08/27,"09:20:00",COLISIÓN CONTRA OBJETO FIJO,ASFALTO,Bueno,Regular,1,CHEVROLET,ROJO,1,,26,MASCULINO,SIN DATOS,0,0,Tarímbaro,Sin datos,agosto,jueves,9,-101.169260814786,19.7557880800528
30719,30724,2020,MOR200665969,2020/08/27,10:20:00,COLISIÓN CONTRA OBJETO FIJO,CONCRETO,Nublado,Bueno,1,KENWORTH,BLANCO,1,,35,MASCULINO,SIN DATOS,0,0,Morelia,El Lago 1,agosto,jueves,10,-101.215259358287,19.7292819052197
30720,30725,2020,LEG32487,2020/08/27,11:20:00,COLISIÓN CONTRA OBJETO FIJO,ASFALTO,Bueno,Bueno,2,MERCEDES BENZ,AZUL MARINO,2,,48,MASCULINO,SIN DATOS,0,0,Morelia,Lomas del Tecnologico,agosto,jueves,11,-101.191467629516,19.720305357755
30721,30726,2020,LEG32491,2020/08/27,15:20:00,COLISIÓN POR CORTE DE CIRCULACIÓN,ASFALTO,Bueno,Bueno,2,NISSAN,BLANCO Y NARANJA,2,,29,MASCULINO,SIN DATOS,0,0,Morelia,Elias Perez Avalos,agosto,jueves,15,-101.165395385839,19.7103687292579
30722,30727,2020,MOR200666655,2020/08/27,15:25:00,COLISIÓN POR INVASIÓN DE CARRIL,ASFALTO,Bueno,Bueno,3,CHEVROLET,ROJO,5,,19,MASCULINO,SIN DATOS,2,0,Morelia,Punta Alba,agosto,jueves,15,-101.135443157769,19.6874894447431
30723,30728,2020,LEG32493,2020/08/27,17:20:00,COLISIÓN POR NO RESPETAR SEMÁFORO,ASFALTO,Bueno,Bueno,2,CHEVROLET,ROJO,2,,43,MASCULINO,SIN DATOS,0,0,Morelia,Poblado de Ocolusen,agosto,jueves,17,-101.154207556762,19.6947659848006
30724,30729,2020,LEG32496,2020/08/27,18:10:00,COLISIÓN POR CORTE DE CIRCULACIÓN,ASFALTO,Bueno,Bueno,2,DODGE,AZUL,2,,55,MASCULINO,SIN DATOS,0,0,Morelia,Sentimientos de La Nacion,agosto,jueves,18,-101.236876743765,19.6848093797067
30725,30730,2020,LEG32495,2020/08/27,18:30:00,COLISIÓN POR CAMBIO DE CARRIL,CONCRETO,Bueno,Regular,2,CHEVROLET,BLANCO Y GUINDA,2,,20,MASCULINO,SIN DATOS,0,0,Morelia,Felicitas del Rio,agosto,jueves,19,-101.2003345415,19.6913621840332
30726,30731,2020,MOR200667187,2020/08/27,18:45:00,COLISIÓN POR ALCANCE,ASFALTO,Nublado,Regular,2,KURAZAI,NEGRO,1,MINISTERIO PÚBLICO,37,MASCULINO,SIN DATOS,0,0,Morelia,Lomas del Tecnologico,agosto,jueves,19,-101.196094609119,19.7242925504373
30727,30732,2020,MOR200665989,2020/08/27,21:00:00,COLISIÓN POR ALCANCE,CONCRETO,Nublado,Regular,2,FORD,BLANCO,2,,37,MASCULINO,SIN DATOS,0,0,Morelia,Loma Bonita,agosto,jueves,21,-101.196838586844,19.7194612014206
30728,30733,2020,LEG32497,2020/08/27,22:30:00,SALIDA DE SUPERFICIE DE RODAMIENTO,ASFALTO,Lluvioso,Regular,1,VOLKSWAGEN,PLATA,1,,43,MASCULINO,SIN DATOS,0,0,Morelia,Alberto Oviedo Mota,agosto,jueves,23,-101.196624040604,19.6812268879513
30729,30734,2020,LEG32498,2020/08/27,22:30:00,SUBIDA AL CAMELLÓN,ASFALTO,Nublado,Regular,1,FORD,BLANCO,1,,0,MASCULINO,SIN DATOS,0,0,Morelia,Campestre Los Manantiales,agosto,jueves,23,-101.238137961112,19.6877978611371
30730,30735,2020,LEG32499,2020/08/28,"00:30:00",SUBIDA AL CAMELLÓN,ASFALTO,Lluvioso,Regular,1,CHEVROLET,BLANCO,1,,60,MASCULINO,SIN DATOS,0,0,Morelia,El Lago 1,agosto,viernes,1,-101.216150186956,19.7271977222227
30731,30736,2020,MOR200667959,2020/08/28,"01:15:00",COLISIÓN POR CORTE DE CIRCULACIÓN,ASFALTO,Lluvioso,Regular,2,CHEVROLET,BLANCO,2,MINISTERIO PÚBLICO,25,MASCULINO,SIN DATOS,0,0,Morelia,El Lago 2,agosto,viernes,1,-101.212623386897,19.7263512263129
30732,30737,2020,MOR200667995,2020/08/28,"01:15:00",COLISIÓN POR ALCANCE,ASFALTO,Lluvioso,Bueno,2,CHEVROLET,ROJO,2,,60,MASCULINO,ALIENTO ETÍLICO,0,0,Morelia,Arcos del Valle,agosto,viernes,1,-101.23625703156,19.7076246572856
30733,30738,2020,LEG32501,2020/08/28,"01:30:00",COLISIÓN POR ALCANCE,ASFALTO,Lluvioso,Regular,2,HONDA,ROJO,2,MINISTERIO PÚBLICO,0,FEMENINO,SIN DATOS,0,0,Morelia,Jardines del Rincon,agosto,viernes,2,-101.150440058924,19.6908077811035
30734,30739,2020,,2020/08/28,"03:26:00",COLISIÓN CONTRA OBJETO FIJO,ASFALTO,Bueno,Bueno,1,DINA PLATAFORMA,BLANCO,1,,0,MASCULINO,SIN DATOS,0,0,Morelia,Las Americas,agosto,viernes,3,-101.153803549029,19.6880592411985
30735,30740,2020,MOR200667952,2020/08/28,"05:15:00",COLISIÓN CONTRA OBJETO FIJO,ASFALTO,Lluvioso,Malo,1,SEAT,BLANCO,0,,,,,0,0,Morelia,Centro,agosto,viernes,5,-101.195274889469,19.6968771819551
30736,30741,2020,LEG32503,2020/08/28,"07:30:00",VOLCADURA,ASFALTO,Nublado,Malo,1,CHEVROLET,BLANCO,1,,43,MASCULINO,SIN DATOS,0,0,Morelia,Alberto Oviedo Mota,agosto,viernes,8,-101.199368580498,19.6810501303709
30737,30742,2020,,2020/08/28,"08:00:00",SUBIDA AL CAMELLÓN,ASFALTO,Lluvioso,Bueno,1,PONTIAC,BLANCO,1,,41,MASCULINO,SIN DATOS,0,0,Morelia,Sentimientos de La Nacion,agosto,viernes,8,-101.233251951635,19.6782196004786
30738,30743,2020,,2020/08/28,"08:23:00",COLISIÓN POR ALCANCE,ASFALTO,Bueno,Bueno,3,CHEVROLET,GRIS,3,,44,MASCULINO,SIN DATOS,0,0,Morelia,Molino de Parras,agosto,viernes,8,-101.205513887107,19.7022996770232
30739,30744,2020,,2020/08/28,"08:25:00",COLISIÓN POR ALCANCE,ASFALTO,Nublado,Bueno,2,VOLKSWAGEN,NEGRO,2,,40,MASCULINO,SIN DATOS,0,0,Morelia,Rey Tariacuri (Eucaliptos),agosto,viernes,8,-101.200146451592,19.6801345981789
30740,30745,2020,,2020/08/28,"08:40:00",COLISIÓN POR ALCANCE,ASFALTO,Bueno,Bueno,2,TOYOTA RAV 4,GRIS,2,,47,FEMENINO,SIN DATOS,0,0,Morelia,Alberto Oviedo Mota,agosto,viernes,9,-101.202216812156,19.6772290022177
30741,30746,2020,MOR200668251,2020/08/28,"08:40:00",COLISIÓN POR ALCANCE,ASFALTO,Lluvioso,Regular,2,RENAULT,ROJO,2,,0,MASCULINO,SIN DATOS,0,0,Morelia,Alberto Oviedo Mota,agosto,viernes,9,-101.202214068976,19.6772339959761
30742,30747,2020,,2020/08/28,"09:30:00",COLISIÓN POR ALCANCE,ASFALTO,Bueno,Bueno,2,VOLKSWAGEN,ROJO,2,,32,MASCULINO,SIN DATOS,0,0,Morelia,Felix Ireta,agosto,viernes,10,-101.195667497814,19.6814961709642
30743,30748,2020,,2020/08/28,"09:30:00",SALIDA DE SUPERFICIE DE RODAMIENTO,ASFALTO,Nublado,Bueno,1,ZUSUKI,NEGRO/AZUL,1,,32,MASCULINO,SIN DATOS,0,0,Morelia,Alberto Oviedo Mota,agosto,viernes,10,-101.199512474917,19.681021373882
30744,30749,2020,,2020/08/28,"09:35:00",COLISIÓN POR INVASIÓN DE CARRIL,ASFALTO,Bueno,Bueno,2,VW,ROJO,2,,30,MASCULINO,SIN DATOS,0,0,Los Reyes,Camelinas,agosto,viernes,10,-102.460554658688,19.5761790279562
30745,30750,2020,,2020/08/28,11:15:00,COLISIÓN POR CAMBIO DE CARRIL,ASFALTO,Bueno,Bueno,2,DINA,AZUL,2,,45,MASCULINO,SIN DATOS,0,0,Morelia,Elias Perez Avalos,agosto,viernes,11,-101.171450807976,19.7147872025387
30746,30751,2020,,2020/08/28,14:28:00,COLISIÓN CONTRA OBJETO FIJO,CONCRETO,Bueno,Bueno,2,FORD,AZUL,2,,25,FEMENINO,SIN DATOS,0,0,Morelia,Felix Ireta,agosto,viernes,14,-101.188247197055,19.6851028494134
30747,30752,2020,,2020/08/28,15:00:00,VOLCADURA,ASFALTO,Bueno,Bueno,1,NISSAN,VERDE,1,MINISTERIO PÚBLICO,,,SIN DATOS,0,0,Tacámbaro,Sin datos,agosto,viernes,15,-101.535569094121,19.228840876946
30748,30753,2020,,2020/08/28,15:45:00,COLISIÓN POR ALCANCE,ASFALTO,Bueno,Bueno,3,VOLKSWAGEN,NEGRO,3,,40,MASCULINO,SIN DATOS,0,0,Morelia,Ciudad Industrial,agosto,viernes,16,-101.141569688916,19.7259727920718
30749,30754,2020,,2020/08/28,16:39:00,COLISIÓN POR ALCANCE,CONCRETO,Bueno,Bueno,2,VOLKSWAGEN,BLANCO,2,,50,MASCULINO,ALIENTO ETÍLICO,0,0,Morelia,Prados Verdes,agosto,viernes,17,-101.197032772683,19.7183941062791
30750,30755,2020,,2020/08/28,17:20:00,COLISIÓN POR ALCANCE,CONCRETO,Nublado,Bueno,4,HIUNDAY,BLANCO,4,MINISTERIO PÚBLICO,35,MASCULINO,SIN DATOS,0,0,Morelia,La Floresta,agosto,viernes,17,-101.151965199545,19.6835291670474
30751,30756,2020,,2020/08/28,18:35:00,COLISIÓN POR ALCANCE,ASFALTO,Bueno,Bueno,2,NISSAN,BLANCO,2,,0,MASCULINO,SIN DATOS,0,0,Morelia,Camelinas,agosto,viernes,19,-101.166125983,19.6841738807708
30752,30757,2020,,2020/08/28,19:40:00,CAIDA DE MOTOCICLETA,ASFALTO,Bueno,Bueno,1,YAMAHA,GUINDA,1,,28,MASCULINO,SIN DATOS,0,0,Morelia,Montaña Monarca,agosto,viernes,20,-101.164685301483,19.6655909656646
30753,30758,2020,,2020/08/28,21:00:00,COLISIÓN POR ALCANCE,ASFALTO,Nublado,Bueno,2,KENWORTH,BLANCO,2,,45,MASCULINO,SIN DATOS,0,0,Morelia,Lomas del Tecnologico,agosto,viernes,21,-101.18859990754,19.7199551368664
30754,30759,2020,,2020/08/28,21:00:00,COLISIÓN POR CAMBIO DE CARRIL,ASFALTO,Bueno,Bueno,2,FORD VOLLAGER,AZUL,2,,58,MASCULINO,SIN DATOS,0,0,Morelia,El Porvenir,agosto,viernes,21,-101.204397051848,19.7084332612669
30755,30760,2020,,2020/08/28,21:04:00,COLISIÓN POR CAMBIO DE CARRIL,ASFALTO,Lluvioso,Regular,2,FREIGHTLINER,ROJO,2,,39,MASCULINO,SIN DATOS,0,0,Morelia,Tlalpujahua,agosto,viernes,21,-101.218355999075,19.6761640936427
30756,30761,2020,,2020/08/28,21:30:00,VOLCADURA,ASFALTO,Lluvioso,Regular,1,FORD,BLANCO,1,,0,MASCULINO,ALIENTO ETÍLICO,0,0,Morelia,Jardines del Toreo,agosto,viernes,22,-101.214182420887,19.687967379414
30757,30762,2020,,2020/08/28,22:37:00,COLISIÓN POR CORTE DE CIRCULACIÓN,CONCRETO,Lluvioso,Bueno,2,FORD,BLANCO,2,,61,MASCULINO,SIN DATOS,0,0,Morelia,Alberto Oviedo Mota,agosto,viernes,23,-101.197741515934,19.6839358550058
30758,30763,2020,MOR200670812,2020/08/29,"00:00:00",COLISIÓN CONTRA OBJETO FIJO,ASFALTO,Bueno,Bueno,2,NISSAN,BLANCO,2,,32,FEMENINO,SIN DATOS,0,0,Morelia,Loma Bonita,agosto,sábado,0,-101.196549274027,19.7228054430966
30759,30764,2020,,2020/08/29,"00:01:00",COLISIÓN CON PEATÓN,ASFALTO,Lluvioso,Bueno,1,RENAULT,BLANCO,1,,26,FEMENINO,SIN DATOS,0,0,Morelia,Las Americas,agosto,sábado,0,-101.158967502415,19.6879595162043
30760,30765,2020,,2020/08/29,"06:15:00",SUBIDA AL CAMELLÓN,ASFALTO,Bueno,Bueno,1,VOLKSWAGEN,ROJO,1,,23,MASCULINO,SIN DATOS,0,0,Morelia,Los Manantiales de Morelia,agosto,sábado,6,-101.242823749781,19.6992031969732
30761,30766,2020,,2020/08/29,"06:45:00",COLISIÓN POR CORTE DE CIRCULACIÓN,SIN_DATOS,Bueno,Bueno,2,JEEP WRANGLER,VERDE,2,MINISTERIO PÚBLICO,31,MASCULINO,SIN DATOS,0,0,Morelia,Santa Maria de Guido,agosto,sábado,7,-101.190565631472,19.6715156941821
30762,30767,2020,LEG32531,2020/08/29,"09:15:00",COLISIÓN POR CORTE DE CIRCULACIÓN,CONCRETO,Bueno,Bueno,2,ITALIKA,NARANJA Y NEGRO,2,,30,MASCULINO,SIN DATOS,0,0,Morelia,Jacarandas,agosto,sábado,9,-101.210621849381,19.7085759573519
30763,30768,2020,LEG32532,2020/08/29,"09:44:00",COLISIÓN POR NO RESPETAR SEMÁFORO,ASFALTO,Bueno,Bueno,2,MERCEDES BENZ,NARANJA Y CREMA,2,,23,MASCULINO,SIN DATOS,0,0,Morelia,San Pascual,agosto,sábado,10,-101.264439641751,19.6960907878999
30764,30769,2020,,2020/08/29,13:30:00,COLISIÓN POR CORTE DE CIRCULACIÓN,ASFALTO,Bueno,Bueno,2,FREIGHTLINER,BLANCO/AZUL,3,MINISTERIO PÚBLICO,21,MASCULINO,SIN DATOS,1,0,Pátzcuaro,Sin datos,agosto,sábado,14,-101.588630869317,19.4916433083952
30765,30770,2020,LEG32530,2020/08/29,14:50:00,COLISIÓN POR CORTE DE CIRCULACIÓN,CONCRETO,Bueno,Bueno,2,SEAT,GRIS,2,,44,MASCULINO,SIN DATOS,0,0,Morelia,Felix Ireta,agosto,sábado,15,-101.188302151859,19.6841161106243
30766,30771,2020,,2020/08/29,15:00:00,COLISIÓN POR ALCANCE,CONCRETO,Bueno,Bueno,2,NISSAN,BLANCO,2,,46,MASCULINO,SIN DATOS,0,0,Morelia,Camelinas,agosto,sábado,15,-101.166124702836,19.68417290502
30767,30772,2020,LEG32529,2020/08/29,15:50:00,COLISIÓN POR ALCANCE,ASFALTO,Bueno,Bueno,2,VOLVO,BLANCO,2,,41,MASCULINO,SIN DATOS,0,0,Morelia,Los Manantiales de Morelia,agosto,sábado,16,-101.241348169066,19.6953354109997
30768,30773,2020,,2020/08/29,19:25:00,COLISIÓN POR CORTE DE CIRCULACIÓN,ASFALTO,Bueno,Bueno,2,CHEVROLET,VERDE,0,,,,,0,0,Coeneo,Centro,agosto,sábado,19,-101.588199094616,19.8183708533219
30769,30774,2020,MOR200672869,2020/08/29,21:50:00,COLISIÓN POR CORTE DE CIRCULACIÓN,ASFALTO,Lluvioso,Regular,2,HONDA,BLANCO,2,,22,FEMENINO,SIN DATOS,0,0,Morelia,Centro,agosto,sábado,22,-101.181231483139,19.706132258574
30770,30775,2020,LEG32540,2020/08/29,22:00:00,VOLCADURA,ASFALTO,Bueno,Regular,2,CHEVROLET,GRIS,4,MINISTERIO PÚBLICO,0,,SIN DATOS,2,0,Morelia,Ejidal Ocolusen,agosto,sábado,22,-101.15218698,19.6838212849992
30771,30776,2020,LEG32539,2020/08/29,23:40:00,COLISIÓN POR CORTE DE CIRCULACIÓN,ASFALTO,Nublado,Regular,1,VOLKSWAGEN,BLANCO,1,,28,MASCULINO,SIN DATOS,0,0,Morelia,Fracc Heroes Republicanos,agosto,sábado,0,-101.276209540665,19.692514574923
30772,30777,2020,,2020/08/30,"00:00:00",COLISIÓN CON PEATÓN,ASFALTO,Bueno,Bueno,1,KURAZAI,ROJO,2,,21,MASCULINO,SIN DATOS,1,0,Morelia,Centro,agosto,domingo,0,-101.18218963,19.7028850649992
30774,30779,2020,MOR200673134,2020/08/30,"00:30:00",COLISIÓN CONTRA OBJETO FIJO,CONCRETO,Lluvioso,Regular,1,NISSAN,ROJO,1,,44,MASCULINO,SIN DATOS,0,0,Tarímbaro,Club Erandeni,agosto,domingo,1,-101.181714676999,19.7592349993279
30775,30780,2020,LEG32536,2020/08/30,"01:40:00",COLISIÓN POR CORTE DE CIRCULACIÓN,CONCRETO,Bueno,Regular,2,FORD,NEGRO,2,,54,MASCULINO,SIN DATOS,0,0,Morelia,Centro,agosto,domingo,2,-101.19814593,19.7060302899991
30776,30781,2020,MOR200673387,2020/08/30,"03:10:00",COLISIÓN POR NO RESPETAR SEMÁFORO,ASFALTO,Nublado,Regular,2,CHRYSLER,GRIS,2,,21,MASCULINO,SIN DATOS,0,0,Morelia,Vista Bella,agosto,domingo,3,-101.195925675947,19.6790442736003
30777,30782,2020,LEG32541,2020/08/30,"03:30:00",COLISIÓN POR CORTE DE CIRCULACIÓN,CONCRETO,Lluvioso,Regular,2,NISSAN,BLANCO,2,,44,MASCULINO,SIN DATOS,0,0,Morelia,Centro,agosto,domingo,4,-101.198674752632,19.7015897968917
30778,30783,2020,MOR200673454,2020/08/30,"04:20:00",COLISIÓN POR CORTE DE CIRCULACIÓN,ASFALTO,Nublado,Regular,1,VOLKSWAGEN,NEGRO,1,MINISTERIO PÚBLICO,27,MASCULINO,SIN DATOS,0,0,Morelia,La Loma,agosto,domingo,4,-101.1827400344,19.6793921923496
30779,30784,2020,,2020/08/30,"06:15:00",COLISIÓN CONTRA OBJETO FIJO,ASFALTO,Nublado,Bueno,1,NISSAN,BLANCO,2,MINISTERIO PÚBLICO,,,,2,0,Pátzcuaro,Centro,agosto,domingo,6,-101.608795411885,19.542825823053
30782,30787,2020,,2020/08/30,10:30:00,COLISIÓN POR ALCANCE,CONCRETO,Bueno,Bueno,2,NISSAN FRONTIER,AZUL,2,,33,MASCULINO,ALIENTO ETÍLICO,0,0,Morelia,Margarita Maza de Juarez,agosto,domingo,11,-101.255526905,19.6928898149991
30783,30788,2020,MOR200673074,2020/08/30,12:00:00,COLISIÓN POR INVASIÓN DE CARRIL,CONCRETO,Nublado,Regular,2,FORD,AZUL,2,,23,MASCULINO,SIN DATOS,0,0,Morelia,Chapultepec Sur,agosto,domingo,12,-101.17461003,19.6919523499992
30784,30789,2020,,2020/08/30,13:17:00,COLISIÓN POR CORTE DE CIRCULACIÓN,CONCRETO,Bueno,Bueno,2,BMW,GRIS,2,,28,MASCULINO,SIN DATOS,0,0,Morelia,Rey Tariacuri (Eucaliptos),agosto,domingo,13,-101.198902538624,19.6789772554094
30785,30790,2020,,2020/08/30,14:50:00,COLISIÓN POR ALCANCE,ASFALTO,Bueno,Bueno,3,TOYOTA,DESERT,3,MINISTERIO PÚBLICO,0,FEMENINO,SIN DATOS,0,0,Pátzcuaro,Sin datos,agosto,domingo,15,-101.604155556046,19.5446469571104
30786,30791,2020,,2020/08/30,17:00:00,COLISIÓN POR CORTE DE CIRCULACIÓN,ASFALTO,Bueno,Bueno,2,CHEVROLET,BLANCO,2,MINISTERIO PÚBLICO,,,SIN DATOS,0,0,Lázaro Cárdenas,1Er Sect de Fidelac,agosto,domingo,17,-102.194979146801,17.962566076534
30787,30792,2020,MOR200673563,2020/08/30,17:10:00,COLISIÓN POR ALCANCE,ASFALTO,Bueno,Regular,2,NISSAN,BLANCO Y CAFE,2,,26,MASCULINO,SIN DATOS,0,0,Morelia,Lazaro Cardenas,agosto,domingo,17,-101.162058507071,19.7101112773308
30788,30793,2020,,2020/08/30,18:00:00,COLISIÓN CONTRA OBJETO FIJO,ASFALTO,Bueno,Bueno,1,FORD/ESCAPE,GRIS,0,,,,,0,0,Morelia,Lazaro Cardenas,agosto,domingo,18,-101.164980132847,19.7101528819772
30789,30794,2020,,2020/08/30,20:20:00,COLISIÓN POR ALCANCE,ASFALTO,Bueno,Bueno,2,NISSAN,SN DATO,2,,50,MASCULINO,SIN DATOS,0,0,Morelia,Arboledas de La Huerta,agosto,domingo,20,-101.223548145,19.6683762899991
30790,30795,2020,,2020/08/30,21:50:00,COLISIÓN CONTRA OBJETO FIJO,ASFALTO,Bueno,Bueno,2,TOYOTA,AZUL,2,,35,FEMENINO,SIN DATOS,0,0,Morelia,Los Pinos de Michoacan,agosto,domingo,22,-101.214891455879,19.6814427744832
30791,30796,2020,,2020/08/31,"01:40:00",SALIDA DE SUPERFICIE DE RODAMIENTO,ASFALTO,Bueno,Bueno,1,FORD,VERDE,1,,,MASCULINO,SIN DATOS,0,0,Morelia,Sin datos,agosto,lunes,2,-101.27899300307,19.670434474175
30793,30798,2020,,2020/08/31,"09:50:00",SALIDA DE SUPERFICIE DE RODAMIENTO,ASFALTO,Bueno,Regular,1,CHEVROLET,BLANCO,1,,27,MASCULINO,SIN DATOS,0,0,Uruapan,Sin datos,agosto,lunes,10,-102.194116450846,19.5318160295515
30794,30799,2020,,2020/08/31,12:00:00,COLISIÓN POR ALCANCE,ASFALTO,Bueno,Bueno,1,NISSAN,BLANCO,2,,70,MASCULINO,ALIENTO ETÍLICO,0,0,Morelia,Tinijaro,agosto,lunes,12,-101.26316,19.6963297049991
30796,30801,2020,MOR200676629,2020/08/31,12:45:00,COLISIÓN POR CAMBIO DE CARRIL,ASFALTO,Bueno,Regular,2,CHEVROLET,BLANCO,2,,18,MASCULINO,SIN DATOS,0,0,Morelia,Centro,agosto,lunes,13,-101.18218963,19.7028850649992
30797,30802,2020,LEG32561,2020/08/31,14:40:00,COLISIÓN POR CAMBIO DE CARRIL,CONCRETO,Bueno,Bueno,2,PLYMOUTH,GUINDA,2,MINISTERIO PÚBLICO,35,FEMENINO,SIN DATOS,0,0,Morelia,Loma Real,agosto,lunes,15,-101.198869384825,19.7314086169496
30798,30803,2020,LEG32562,2020/08/31,16:10:00,COLISIÓN POR ALCANCE,CONCRETO,Bueno,Bueno,2,HONDA,NEGRO,2,,23,MASCULINO,SIN DATOS,0,0,Morelia,Irrigacion,agosto,lunes,16,-101.223472617567,19.7069637395756
30799,30804,2020,MOR200677687,2020/08/31,16:30:00,COLISIÓN POR ALCANCE,ASFALTO,Bueno,Bueno,2,TOYOTA,BLANCO,2,,19,MASCULINO,SIN DATOS,0,0,Morelia,Felix Ireta,agosto,lunes,17,-101.191874823786,19.6824059843131
30801,30806,2020,,2020/08/31,23:15:00,VOLCADURA,ASFALTO,Bueno,Bueno,1,INTERNATIONAL,BLANCO,1,,41,MASCULINO,SIN DATOS,0,0,Peribán,Sin datos,agosto,lunes,23,-102.43534524671,19.4876997321912
30802,30807,2020,,2020/09/01,"08:30:00",COLISIÓN POR ALCANCE,ASFALTO,Bueno,Bueno,2,TOYOTA,BLANCO,2,,47,MASCULINO,SIN DATOS,0,0,Morelia,Arboledas de La Huerta,septiembre,martes,9,-101.223548145,19.6683762899991
30803,30808,2020,,2020/09/01,"09:50:00",COLISIÓN POR CAMBIO DE CARRIL,ASFALTO,Bueno,Bueno,2,FORD,ROJO,2,,38,MASCULINO,SIN DATOS,0,0,Tuxpan,Rio Grande,septiembre,martes,10,-100.46749342406,19.560552605911