fid,id_accidente,anio_origen,folio_c5i,dia_incidente,hora_ocurrencia,tipo_incidente_vial,superficie_ocurrencia,condiciones_climaticas,condiciones_via,numero_vehiculos_involucrados,marca_vehiculo_ocasiona_siniestro,color_vehiculo_ocasiona_siniestro,numero_personas_involucradas,lugar_remite_presunto_responsable,edad_presunto_responsable,sexo_presunto_responsable,resultados_toxicologia,numero_personas_lesionadas,numero_personas_fallecidas,municipio,colonia,mes,dia_semana,hora_redondeada,lon,lat
30804,30809,2020,,2020/09/01,10:25:00,COLISIÓN POR CORTE DE CIRCULACIÓN,ASFALTO,Bueno,Bueno,2,HONDA/CIVIC,BLANCO,2,,61,FEMENINO,SIN DATOS,0,0,Morelia,Centro,septiembre,martes,10,-101.190447553324,19.7078382863772
30805,30810,2020,,2020/09/01,11:35:00,SUBIDA AL CAMELLÓN,ASFALTO,Bueno,Bueno,1,NISSAN,GUINDA,1,,30,MASCULINO,SIN DATOS,0,0,Morelia,San Guillermo,septiembre,martes,12,-101.178640499711,19.7385641578087
30806,30811,2020,,2020/09/01,15:05:00,COLISIÓN POR CORTE DE CIRCULACIÓN,ASFALTO,Bueno,Bueno,2,FORD,AZUL,2,,39,MASCULINO,SIN DATOS,0,0,Morelia,Alberto Oviedo Mota,septiembre,martes,15,-101.197501488708,19.6811195821472
30807,30812,2020,,2020/09/01,15:25:00,COLISIÓN POR CORTE DE CIRCULACIÓN,ASFALTO,Bueno,Bueno,2,FORD,PLATA,2,,35,MASCULINO,SIN DATOS,0,0,Morelia,Centro,septiembre,martes,15,-101.198534474455,19.6988916173078
30808,30813,2020,,2020/09/01,18:12:00,COLISIÓN POR ALCANCE,CONCRETO,Bueno,Bueno,2,ITALIKA,NEGRO Y NARANJA,2,,35,MASCULINO,SIN DATOS,0,0,Morelia,Lindavista,septiembre,martes,18,-101.215560619122,19.7064475257316
30809,30814,2020,,2020/09/01,18:30:00,COLISIÓN POR CAMBIO DE CARRIL,ASFALTO,Bueno,Bueno,2,CHEVROLET,BCO/ROSA,2,,21,MASCULINO,SIN DATOS,0,0,Morelia,Torreon Nuevo,septiembre,martes,19,-101.19906116277,19.7361449303736
30810,30815,2020,,2020/09/01,18:58:00,COLISIÓN CONTRA OBJETO FIJO,CONCRETO,Bueno,Bueno,1,VOLKSWAGEN,ROJO,1,,48,MASCULINO,SIN DATOS,0,0,Tarímbaro,Sin datos,septiembre,martes,19,-101.18477538228,19.7482845634603
30811,30816,2020,,2020/09/01,19:00:00,COLISIÓN POR CORTE DE CIRCULACIÓN,CONCRETO,Bueno,Bueno,2,TOYOTA,BLANCO/GRIS,2,,48,MASCULINO,SIN DATOS,0,0,Morelia,San Rafael,septiembre,martes,19,-101.153096177362,19.7015071114745
30812,30817,2020,,2020/09/01,19:30:00,COLISIÓN POR CORTE DE CIRCULACIÓN,ASFALTO,Bueno,Bueno,2,CHEVROLET,GRIZ,0,MINISTERIO PÚBLICO,,,,0,0,Lázaro Cárdenas,Valle del Tecnologico,septiembre,martes,20,-102.229102976981,17.9740581088717
30813,30818,2020,,2020/09/02,"01:10:00",COLISIÓN CONTRA OBJETO FIJO,ASFALTO,Bueno,Bueno,1,JEEP,GUINDA,1,,40,MASCULINO,SIN DATOS,0,0,Morelia,Jardines del Rincon,septiembre,miércoles,1,-101.150371327318,19.6907216029721
30814,30819,2020,,2020/09/02,"06:43:00",SUBIDA AL CAMELLÓN,ASFALTO,Lluvioso,Bueno,1,NISSAN,ROJO,1,,23,MASCULINO,CON CERTIFICADO,0,0,Morelia,Alberto Oviedo Mota,septiembre,miércoles,7,-101.197183585979,19.6810905386808
30815,30820,2020,,2020/09/02,"07:20:00",SUBIDA AL CAMELLÓN,ASFALTO,Bueno,Bueno,1,TOYOTA COROLLA,BLANCO Y ROSA,1,,25,MASCULINO,SIN DATOS,0,0,Morelia,Felix Arreguin,septiembre,miércoles,7,-101.225954331458,19.722270745564
30816,30821,2020,MOR200681164,2020/09/02,"09:00:00",COLISIÓN POR ALCANCE,ASFALTO,Bueno,Bueno,2,TOYOTA,BLANCO/GUINDA,2,,27,MASCULINO,SIN DATOS,0,0,Morelia,Loma de Los Piñones,septiembre,miércoles,9,-101.205087050117,19.6739933572695
30817,30822,2020,,2020/09/02,"09:30:00",COLISIÓN POR MANIOBRA DE REVERSA,ASFALTO,Bueno,Bueno,2,HONDA,GRIS,2,,36,FEMENINO,SIN DATOS,0,0,Morelia,Ciudad Industrial,septiembre,miércoles,10,-101.142938895657,19.725253563709
30818,30823,2020,MOR200681490,2020/09/02,11:00:00,COLISIÓN POR ALCANCE,CONCRETO,Bueno,Bueno,2,NISSAN,ROJO,2,,27,MASCULINO,SIN DATOS,0,0,Morelia,La Quemada,septiembre,miércoles,11,-101.240880093112,19.7057695585332
30819,30824,2020,LEG32598,2020/09/02,11:00:00,COLISIÓN POR CORTE DE CIRCULACIÓN,ASFALTO,Bueno,Bueno,2,BAJAJ,NEGRO,2,,35,MASCULINO,SIN DATOS,0,0,Morelia,Lomas de Morelia (Dr Ignacio Chavez),septiembre,miércoles,11,-101.175183802843,19.7172537518344
30820,30825,2020,,2020/09/02,11:00:00,SALIDA DE SUPERFICIE DE RODAMIENTO,ASFALTO,Bueno,Bueno,1,FORD,ROJO,0,MINISTERIO PÚBLICO,,,,0,0,Gabriel Zamora,Sin datos,septiembre,miércoles,11,-102.054809921168,19.1268765303452
30821,30826,2020,MOR200681624,2020/09/02,12:00:00,SUBIDA AL CAMELLÓN,ASFALTO,Bueno,Bueno,1,FORD,ROJO,1,,56,MASCULINO,SIN DATOS,0,0,Morelia,Fidel Velazquez,septiembre,miércoles,12,-101.239934644925,19.7059940079754
30822,30827,2020,LEG32601,2020/09/02,12:00:00,COLISIÓN POR ALCANCE,ASFALTO,Bueno,Bueno,3,GMC,NEGRO,3,,18,MASCULINO,SIN DATOS,0,0,Morelia,Virreyes,septiembre,miércoles,12,-101.157526820898,19.6955130710986
30823,30828,2020,,2020/09/02,13:40:00,COLISIÓN POR CAMBIO DE CARRIL,ASFALTO,Bueno,Bueno,2,INTERNATIONAL,BLANCO,2,,32,MASCULINO,SIN DATOS,0,0,Morelia,Francisco J Mujica,septiembre,miércoles,14,-101.188243448066,19.7214883785149
30824,30829,2020,MOR 200581829,2020/09/02,13:45:00,COLISIÓN POR ALCANCE,ASFALTO,Bueno,Regular,2,DINA,CAFE,2,,59,MASCULINO,SIN DATOS,0,0,Morelia,Sentimientos de La Nacion,septiembre,miércoles,14,-101.233262680471,19.6782228148349
30825,30830,2020,MOR200681814,2020/09/02,13:50:00,COLISIÓN CONTRA OBJETO FIJO,CONCRETO,Bueno,Bueno,2,NISSAN,PLATA,2,,21,MASCULINO,SIN DATOS,0,0,Morelia,Centro,septiembre,miércoles,14,-101.200179003857,19.7030219068535
30826,30831,2020,LEG32603,2020/09/02,14:00:00,COLISIÓN POR ALCANCE,ASFALTO,Bueno,Bueno,2,JEEP,BLANCO,2,,0,MASCULINO,SIN DATOS,0,0,Morelia,Centro,septiembre,miércoles,14,-101.19424452497,19.7029987211769
30827,30832,2020,LEG32604,2020/09/02,16:00:00,SUBIDA AL CAMELLÓN,ASFALTO,Bueno,Bueno,1,FORD,BLANCO,1,,20,MASCULINO,SIN DATOS,0,0,Morelia,Hacienda del Quinceo,septiembre,miércoles,16,-101.233939602971,19.7270402956518
30828,30833,2020,LEG32602,2020/09/02,18:20:00,COLISIÓN POR CORTE DE CIRCULACIÓN,ASFALTO,Bueno,Bueno,2,VOLKSWAGEN,BLANCO Y NEGRO,2,,41,MASCULINO,SIN DATOS,0,0,Morelia,Chapultepec Sur,septiembre,miércoles,18,-101.172854974866,19.6920174267559
30829,30834,2020,MOR200682655,2020/09/02,19:00:00,COLISIÓN POR INVASIÓN DE CARRIL,ASFALTO,Bueno,Bueno,3,VOLKSWAGEN,GRIS,3,,47,MASCULINO,SIN DATOS,0,0,Morelia,Jardines del Toreo,septiembre,miércoles,19,-101.213394247674,19.6899918275938
30830,30835,2020,MOR200-682-892,2020/09/02,19:00:00,COLISIÓN POR CORTE DE CIRCULACIÓN,ASFALTO,Bueno,Bueno,2,NISSAN,ROJO,2,,58,MASCULINO,SIN DATOS,0,0,Morelia,Diego Rivera,septiembre,miércoles,19,-101.176021871238,19.7181337226213
30831,30836,2020,MOR20683022,2020/09/02,21:24:00,COLISIÓN POR CORTE DE CIRCULACIÓN,ASFALTO,Bueno,Bueno,2,KENWORTH,CAFE,3,,48,MASCULINO,SIN DATOS,1,0,Tarímbaro,Sin datos,septiembre,miércoles,21,-101.153720735825,19.7694898916099
30832,30837,2020,LEG32605,2020/09/02,21:28:00,COLISIÓN POR CORTE DE CIRCULACIÓN,ASFALTO,Bueno,Bueno,2,CHEVROLET,BLANCO Y ROSA,2,MINISTERIO PÚBLICO,28,MASCULINO,SIN DATOS,0,0,Tarímbaro,Real Hacienda,septiembre,miércoles,21,-101.195866651833,19.7517693100897
30833,30838,2020,MOR200683126,2020/09/02,21:55:00,COLISIÓN POR CORTE DE CIRCULACIÓN,ASFALTO,Bueno,Bueno,2,HONDA,NEGRO,3,,21,MASCULINO,SIN DATOS,1,0,Morelia,Alberto Oviedo Mota,septiembre,miércoles,22,-101.195871311409,19.6824704401049
30834,30839,2020,,2020/09/03,"08:40:00",COLISIÓN POR CAMBIO DE CARRIL,ASFALTO,Bueno,Bueno,2,NISSAN,BLANCO,2,,45,FEMENINO,SIN DATOS,0,0,Morelia,Nicolas Bravo(Los Ejidos),septiembre,jueves,9,-101.213951750901,19.7024158928599
30835,30840,2020,,2020/09/03,"08:50:00",COLISIÓN POR ALCANCE,CONCRETO,Bueno,Bueno,2,TOYOTA/SIENA,GRIS,2,,40,FEMENINO,SIN DATOS,0,0,Morelia,Comision Federal de Electricidad,septiembre,jueves,9,-101.181341209874,19.6815122998064
30836,30841,2020,,2020/09/03,13:20:00,COLISIÓN POR CORTE DE CIRCULACIÓN,SIN_DATOS,Bueno,Bueno,2,NISSAN,GRIS,2,,,,SIN DATOS,0,0,Morelia,Rinconada del Valle,septiembre,jueves,13,-101.218397512354,19.6793611801787
30837,30842,2020,,2020/09/03,16:40:00,COLISIÓN POR NO RESPETAR SEMÁFORO,ASFALTO,Bueno,Bueno,2,FORD,BLANCO,2,,50,MASCULINO,SIN DATOS,0,0,Morelia,Industrial,septiembre,jueves,17,-101.188263896091,19.7121791831616
30838,30843,2020,,2020/09/03,17:10:00,COLISIÓN POR CAMBIO DE CARRIL,ASFALTO,Bueno,Bueno,2,TRAIL KING,AZUL,2,,45,MASCULINO,SIN DATOS,0,0,Morelia,El Lago 1,septiembre,jueves,17,-101.215180050248,19.7270782823306
30839,30844,2020,,2020/09/03,17:25:00,COLISIÓN POR ALCANCE,CONCRETO,Bueno,Bueno,2,JEEP PATRIOT,BLANCO,2,,39,FEMENINO,SIN DATOS,0,0,Morelia,Campestre Los Manantiales,septiembre,jueves,17,-101.237796070905,19.688663759875
30840,30845,2020,,2020/09/03,19:10:00,COLISIÓN CONTRA OBJETO FIJO,ASFALTO,Bueno,Bueno,1,FORD,GUINDA,0,,,,,0,0,Los Reyes,Sin datos,septiembre,jueves,19,-102.443159192122,19.580881072878
30841,30846,2020,,2020/09/03,19:20:00,COLISIÓN POR ALCANCE,CONCRETO,Bueno,Bueno,2,NISSAN,BLANCO Y ROJO,2,,68,MASCULINO,ALIENTO ETÍLICO,0,0,Morelia,El Lago 1,septiembre,jueves,19,-101.214826516807,19.7270319466324
30842,30847,2020,,2020/09/03,20:27:00,COLISIÓN POR CAMBIO DE CARRIL,ASFALTO,Bueno,Bueno,2,ITALIKA,ROJO,2,,,,SIN DATOS,0,0,Morelia,Las Flores,septiembre,jueves,20,-101.20891995728,19.708340492963
30843,30848,2020,,2020/09/04,"00:20:00",COLISIÓN POR CAMBIO DE CARRIL,ASFALTO,Bueno,Bueno,2,AUDI,BLANCO,2,,38,MASCULINO,SIN DATOS,0,0,Morelia,Bosques Tres Marias,septiembre,viernes,0,-101.105249866165,19.7292619553018
30844,30849,2020,MOR 200686211,2020/09/04,"08:15:00",COLISIÓN POR CORTE DE CIRCULACIÓN,ASFALTO,Bueno,Regular,2,FORD,BLANCO Y AMARILLO,2,,53,MASCULINO,SIN DATOS,0,0,Morelia,Industrial,septiembre,viernes,8,-101.197806254708,19.7090089802203
30845,30850,2020,LEG32633,2020/09/04,10:00:00,COLISIÓN POR CORTE DE CIRCULACIÓN,ASFALTO,Bueno,Bueno,2,MERCEDES BENZ,NEGRO,2,MINISTERIO PÚBLICO,57,MASCULINO,SIN DATOS,0,0,Morelia,Rinconada del Valle,septiembre,viernes,10,-101.219551563263,19.6787566550613
30846,30851,2020,MOR 200686438,2020/09/04,10:30:00,COLISIÓN POR ALCANCE,ASFALTO,Bueno,Regular,2,CHEVROLET,BLANCO,2,,40,MASCULINO,SIN DATOS,0,0,Morelia,Tzindurio de Morelos,septiembre,viernes,11,-101.249956048347,19.698668076171
30847,30852,2020,LEG32634,2020/09/04,12:00:00,COLISIÓN POR CORTE DE CIRCULACIÓN,CONCRETO,Bueno,Bueno,2,NISSAN,GRIS Y AZUL,2,,54,MASCULINO,SIN DATOS,0,0,Morelia,Sin datos,septiembre,viernes,12,-101.358165802971,19.6656265592237
30848,30853,2020,MOR200686774,2020/09/04,12:30:00,COLISIÓN POR ALCANCE,ASFALTO,Bueno,Bueno,2,CHEVROLET,PLATA,2,,28,MASCULINO,SIN DATOS,0,0,Morelia,Diego Rivera,septiembre,viernes,13,-101.17593494329,19.7181804339027
30849,30854,2020,LEG32630,2020/09/04,13:40:00,COLISIÓN POR CAMBIO DE CARRIL,ASFALTO,Bueno,Bueno,2,JEEP,NEGRO,2,,45,FEMENINO,SIN DATOS,0,0,Morelia,Poblado de Ocolusen,septiembre,viernes,14,-101.155494346536,19.6939514862998
30850,30855,2020,LEG32629,2020/09/04,14:12:00,COLISIÓN CONTRA OBJETO FIJO,CONCRETO,Bueno,Bueno,2,CHEVROLET,NEGRO Y VERDE,2,,45,MASCULINO,SIN DATOS,0,0,Morelia,Diego Rivera,septiembre,viernes,14,-101.174653426491,19.7183581260171
30851,30856,2020,MOR200687226,2020/09/04,15:50:00,COLISIÓN POR ALCANCE,ASFALTO,Bueno,Bueno,2,ITALIKA,MORADO/NEGRO,2,,30,MASCULINO,SIN DATOS,0,0,Morelia,Tzindurio de Morelos,septiembre,viernes,16,-101.250225976109,19.6977985297541
30852,30857,2020,LEG32635,2020/09/04,16:00:00,COLISIÓN POR CORTE DE CIRCULACIÓN,ASFALTO,Bueno,Bueno,2,MERCEDES BENZ,BLANCO,2,,57,MASCULINO,SIN DATOS,0,0,Morelia,Nueva Valladolid,septiembre,viernes,16,-101.20763015002,19.7016251356943
30853,30858,2020,LEG32638,2020/09/04,16:00:00,COLISIÓN POR CAMBIO DE CARRIL,ASFALTO,Bueno,Bueno,2,CHEVROLET,GRIS,2,,35,MASCULINO,SIN DATOS,0,0,Morelia,Nueva Valladolid,septiembre,viernes,16,-101.20787855915,19.7010721457002
30854,30859,2020,LEG32622,2020/09/04,16:40:00,COLISIÓN POR CORTE DE CIRCULACIÓN,CONCRETO,Bueno,Bueno,2,NISSAN,BLANCO,2,,60,MASCULINO,SIN DATOS,0,0,Morelia,Quinceo,septiembre,viernes,17,-101.228504075922,19.728666455429
30855,30860,2020,LEG32637,2020/09/04,16:40:00,COLISIÓN POR CAMBIO DE CARRIL,ASFALTO,Bueno,Bueno,2,TOYOTA,BLANCO Y ROJO,2,,48,MASCULINO,SIN DATOS,0,0,Morelia,Nueva Valladolid,septiembre,viernes,17,-101.207351870835,19.7021298582857
30856,30861,2020,LEG32639,2020/09/04,18:00:00,VOLCADURA,ASFALTO,Bueno,Bueno,1,HONDA,BLANCO,1,,0,,SIN DATOS,0,0,Morelia,Sin datos,septiembre,viernes,18,-101.416992961682,19.632715447768
30857,30862,2020,LEG32628,2020/09/04,18:19:00,COLISIÓN POR MANIOBRA DE REVERSA,ASFALTO,Bueno,Regular,2,MERCEDES BENZ,BLANCO Y ROJO,2,,29,MASCULINO,SIN DATOS,0,0,Morelia,San Rafael,septiembre,viernes,18,-101.151423484765,19.7012160822557
30858,30863,2020,LEG32631,2020/09/04,19:29:00,COLISIÓN POR MANIOBRA DE REVERSA,SIN_DATOS,Bueno,Bueno,2,VOLKSWAGEN,GRIS,2,,34,MASCULINO,SIN DATOS,0,0,Morelia,Jardines del Rincon,septiembre,viernes,19,-101.15244763141,19.6880673339832
30859,30864,2020,LEG32632,2020/09/04,19:45:00,COLISIÓN POR CAMBIO DE CARRIL,ASFALTO,Bueno,Bueno,2,MAZDA,NEGRO,2,,16,MASCULINO,SIN DATOS,0,0,Morelia,Felix Ireta,septiembre,viernes,20,-101.18240095675,19.681344324444
30860,30865,2020,MOR 200687804,2020/09/04,19:50:00,COLISIÓN POR CAMBIO DE CARRIL,ASFALTO,Bueno,Bueno,2,SCANIA,BLANCO,2,,29,MASCULINO,SIN DATOS,0,0,Morelia,Tzindurio de Morelos,septiembre,viernes,20,-101.250167607583,19.6985001762096
30861,30866,2020,,2020/09/04,22:30:00,COLISIÓN POR CORTE DE CIRCULACIÓN,ASFALTO,Bueno,Bueno,2,CHEVROLET,VERDE,2,MINISTERIO PÚBLICO,,,SIN DATOS,0,0,Lázaro Cárdenas,Victor Manuel Tinoco Rubi,septiembre,viernes,23,-102.218934290789,17.9779788546765
30862,30867,2020,,2020/09/05,"00:00:00",COLISIÓN CONTRA OBJETO FIJO,SIN_DATOS,Bueno,Bueno,1,VOLKSWAGEN/POLO,ROJO,1,,26,FEMENINO,SIN DATOS,0,0,Morelia,Rincon Campestre,septiembre,sábado,0,-101.142259321429,19.6876387600213
30863,30868,2020,LEG32626,2020/09/05,"01:00:00",COLISIÓN CONTRA OBJETO FIJO,CONCRETO,Bueno,Bueno,1,HIUNDAY,GRIS,1,MINISTERIO PÚBLICO,20,MASCULINO,ALIENTO ETÍLICO,0,0,Morelia,Nueva Jacarndas,septiembre,sábado,1,-101.188432818117,19.678290344964
30864,30869,2020,,2020/09/05,"01:09:00",COLISIÓN CONTRA OBJETO FIJO,ASFALTO,Bueno,Bueno,2,CHEVROLET,ARENA,0,MINISTERIO PÚBLICO,,,,0,0,Pátzcuaro,Sin datos,septiembre,sábado,1,-101.493398062885,19.480436614991
30865,30870,2020,,2020/09/05,"09:02:00",COLISIÓN POR CORTE DE CIRCULACIÓN,ASFALTO,Bueno,Bueno,2,VOLKSWAGEN,NEGRO,2,,35,FEMENINO,SIN DATOS,0,0,Morelia,Campestre Los Manantiales,septiembre,sábado,9,-101.239657737315,19.6909823469198
30866,30871,2020,,2020/09/05,"09:16:00",COLISIÓN CON PEATÓN,ASFALTO,Bueno,Bueno,1,VENTO,NEGRO,3,MINISTERIO PÚBLICO,32,MASCULINO,SIN DATOS,2,0,Morelia,San Rafael,septiembre,sábado,9,-101.153327822685,19.6993827467015
30867,30872,2020,MOR200686448,2020/09/05,10:45:00,COLISIÓN POR NO RESPETAR SEMÁFORO,ASFALTO,Bueno,Bueno,2,HONDA,BLANCO,2,MINISTERIO PÚBLICO,26,MASCULINO,SIN DATOS,0,0,Morelia,Mirador del Punhuato,septiembre,sábado,11,-101.16038672626,19.7051055341245
30868,30873,2020,,2020/09/05,10:55:00,COLISIÓN POR ALCANCE,CONCRETO,Bueno,Bueno,2,HONDA CGL125,GRIS,2,,31,MASCULINO,SIN DATOS,0,0,Morelia,Centro,septiembre,sábado,11,-101.192454912447,19.7029505706978
30869,30874,2020,,2020/09/05,11:20:00,COLISIÓN POR ALCANCE,ASFALTO,Bueno,Bueno,2,NISSAN/ESTACAS,BLANCO,2,,29,MASCULINO,SIN DATOS,0,0,Morelia,Industrial,septiembre,sábado,11,-101.194928854026,19.7090307590216
30870,30875,2020,,2020/09/05,14:06:00,COLISIÓN POR ALCANCE,ASFALTO,Bueno,Bueno,2,NISSAN,BLANCO,2,,58,FEMENINO,SIN DATOS,0,0,Tarímbaro,Sin datos,septiembre,sábado,14,-101.170999509154,19.7524385327045
30871,30876,2020,,2020/09/05,14:10:00,COLISIÓN POR CORTE DE CIRCULACIÓN,ASFALTO,Bueno,Bueno,2,SCANIA,ARENA,2,,,MASCULINO,SIN DATOS,0,0,Morelia,Nicolaitas Ilustres,septiembre,sábado,14,-101.226384826005,19.7221902653397
30872,30877,2020,,2020/09/05,14:26:00,COLISIÓN POR CORTE DE CIRCULACIÓN,ASFALTO,Bueno,Bueno,2,HONDA,AZUL,2,,19,MASCULINO,SIN DATOS,0,0,Morelia,Lomas del Tecnologico,septiembre,sábado,14,-101.193064993085,19.7234839692767
30873,30878,2020,,2020/09/05,15:05:00,COLISIÓN POR CORTE DE CIRCULACIÓN,ASFALTO,Bueno,Bueno,2,NISSAN,BLANCO/CAFÉ,2,MINISTERIO PÚBLICO,38,MASCULINO,SIN DATOS,0,0,Morelia,Centro,septiembre,sábado,15,-101.188896261156,19.7020506878918
30874,30879,2020,,2020/09/05,16:00:00,COLISIÓN POR CORTE DE CIRCULACIÓN,ASFALTO,Bueno,Bueno,2,CHEVROLET,GRIS,2,,56,FEMENINO,SIN DATOS,0,0,Morelia,Puerto de Buenavista,septiembre,sábado,16,-101.128290742636,19.6869372955501
30875,30880,2020,,2020/09/05,18:38:00,COLISIÓN POR ALCANCE,ASFALTO,Bueno,Bueno,2,CHEVROLET,VERDE,2,,29,MASCULINO,SIN DATOS,0,0,Morelia,Independencia,septiembre,sábado,19,-101.176787729544,19.7184415042925
30876,30881,2020,,2020/09/05,18:40:00,CAIDA ACUATICA DE VEHÍCULO,ASFALTO,Lluvioso,Bueno,1,TOYOTA,NEGRO,0,,,,,0,0,Los Reyes,Sin datos,septiembre,sábado,19,-102.444027222015,19.580669112638
30877,30882,2020,,2020/09/05,20:06:00,COLISIÓN CONTRA OBJETO FIJO,ASFALTO,Bueno,Bueno,1,SUZUKI,AZUL,1,,59,MASCULINO,CON CERTIFICADO,0,0,Morelia,La Calera,septiembre,sábado,20,-101.237838132813,19.6695863864228
30878,30883,2020,,2020/09/05,22:00:00,SUBIDA AL CAMELLÓN,ASFALTO,Lluvioso,Regular,1,VOLKSWAGEN,ROJO,1,,53,MASCULINO,ALIENTO ETÍLICO,0,0,Morelia,Libertad,septiembre,sábado,22,-101.237312785603,19.6858447577296
30879,30884,2020,,2020/09/05,22:03:00,COLISIÓN CONTRA OBJETO FIJO,ASFALTO,Lluvioso,Regular,1,HONDA,BLANCO,1,,23,MASCULINO,CON CERTIFICADO,0,0,Morelia,Lomas del Tecnologico,septiembre,sábado,22,-101.196119450033,19.7242969402101
30880,30885,2020,,2020/09/05,23:20:00,COLISIÓN POR CAMBIO DE CARRIL,ASFALTO,Bueno,Regular,2,VOLKSWAGEN,GRIS,1,MINISTERIO PÚBLICO,,MASCULINO,SIN DATOS,0,0,Morelia,Sin datos,septiembre,sábado,23,-101.307958513498,19.6873773505748
30881,30886,2020,MOR200688367,2020/09/05,23:45:00,CAIDA DE MOTOCICLETA,ASFALTO,Bueno,Bueno,1,ITALIKA,BLANCO/NARANJA,0,,,,,0,0,Morelia,Centro,septiembre,sábado,0,-101.198376437477,19.6979212915598
30882,30887,2020,,2020/09/06,"00:00:00",SUBIDA AL CAMELLÓN,ASFALTO,Nublado,Bueno,1,NISSA,BLANCO,1,,73,MASCULINO,SIN DATOS,0,0,Morelia,La Quemada,septiembre,domingo,0,-101.241266056895,19.7056764443572
30883,30888,2020,,2020/09/06,"00:01:00",COLISIÓN CONTRA OBJETO FIJO,ASFALTO,Lluvioso,Bueno,1,DODGE,ROJO,0,,,,,0,0,Morelia,Vicente Guerrero,septiembre,domingo,0,-101.229626245118,19.7034148864332
30884,30889,2020,,2020/09/06,"00:50:00",SALIDA DE SUPERFICIE DE RODAMIENTO,ASFALTO,Lluvioso,Regular,1,VOLKSWAGEN,ROJO,1,,0,MASCULINO,ALIENTO ETÍLICO,0,0,Morelia,Los Manantiales de Morelia,septiembre,domingo,1,-101.240265562452,19.6927333896502
30885,30890,2020,,2020/09/06,"01:00:00",COLISIÓN POR CORTE DE CIRCULACIÓN,ASFALTO,Bueno,Bueno,2,ITALIKA,GRIS,2,,26,MASCULINO,SIN DATOS,0,0,Morelia,Centro,septiembre,domingo,1,-101.1942630185,19.7031822516618
30886,30891,2020,,2020/09/06,"01:20:00",COLISIÓN POR CORTE DE CIRCULACIÓN,ASFALTO,Nublado,Bueno,1,CHEVROLET,AZUL,1,,35,MASCULINO,SIN DATOS,0,0,Morelia,La Quemada,septiembre,domingo,1,-101.241265691149,19.7056761287062
30887,30892,2020,,2020/09/06,"02:00:00",COLISIÓN CONTRA OBJETO FIJO,CONCRETO,Bueno,Bueno,1,Ford,Verde,1,,33,MASCULINO,SIN DATOS,0,0,Morelia,Popular Pogreso,septiembre,domingo,2,-101.200711727142,19.7213710751501
30888,30893,2020,MOR2002691632,2020/09/06,"02:31:00",COLISIÓN POR CORTE DE CIRCULACIÓN,ASFALTO,Bueno,Bueno,1,CHRYSLER,GRIS,1,,0,MASCULINO,ALIENTO ETÍLICO,0,0,Morelia,Enrique Arreguin Robles,septiembre,domingo,3,-101.180003366686,19.7212131661937
30889,30894,2020,,2020/09/06,"07:40:00",CAIDA ACUATICA DE VEHÍCULO,CONCRETO,Bueno,Bueno,1,VOLKSWAGEN,BLANCO,1,,27,MASCULINO,CON CERTIFICADO,0,0,Morelia,Infonavit Jose Sixtos Verduzco,septiembre,domingo,8,-101.235672858625,19.6923949943444
30890,30895,2020,LEG32668,2020/09/06,"08:25:00",SUBIDA AL CAMELLÓN,ASFALTO,Bueno,Bueno,1,VOLKSWAGEN,BLANCO,1,,49,MASCULINO,SIN DATOS,0,0,Morelia,Arcos del Valle,septiembre,domingo,8,-101.236248954452,19.7076217591572
30891,30896,2020,LEG32667,2020/09/06,"08:45:00",COLISIÓN POR NO RESPETAR SEMÁFORO,ASFALTO,Bueno,Bueno,2,TOYOTA,BLANCO Y GRIS,2,,49,MASCULINO,SIN DATOS,0,0,Morelia,Americas Britania,septiembre,domingo,9,-101.149189478971,19.6946558184033
30892,30897,2020,LEG32669,2020/09/06,10:00:00,COLISIÓN POR CORTE DE CIRCULACIÓN,ASFALTO,Bueno,Bueno,2,FORD,ROJO,2,MINISTERIO PÚBLICO,49,FEMENINO,SIN DATOS,0,0,Morelia,Santiaguito,septiembre,domingo,10,-101.193411729552,19.71711990082
30893,30898,2020,,2020/09/06,10:20:00,SUBIDA AL CAMELLÓN,ASFALTO,Lluvioso,Bueno,1,FORD,BLANCO,1,,27,MASCULINO,SIN DATOS,0,0,Morelia,Tzindurio de Morelos,septiembre,domingo,10,-101.250127709724,19.6985102484903
30894,30899,2020,,2020/09/06,10:40:00,COLISIÓN CON PEATÓN,CONCRETO,Lluvioso,Bueno,1,ITALIKA,NEGRO,2,MINISTERIO PÚBLICO,,,,2,0,Pátzcuaro,Sin Nombre,septiembre,domingo,11,-101.620845601641,19.5067541357082
30895,30900,2020,MOR200692340,2020/09/06,13:00:00,COLISIÓN POR CAMBIO DE CARRIL,CONCRETO,Bueno,Bueno,2,FORD,AZUL,2,,24,MASCULINO,ALIENTO ETÍLICO,0,0,Morelia,Loma Real,septiembre,domingo,13,-101.198056340218,19.7287779655971
30896,30901,2020,MOR 200693134,2020/09/06,15:25:00,COLISIÓN POR CORTE DE CIRCULACIÓN,ASFALTO,Nublado,Regular,2,TOYOTA,BEIGE,2,,28,MASCULINO,ALIENTO ETÍLICO,0,0,Morelia,Virrey Antonio de Mendoza,septiembre,domingo,15,-101.160113445736,19.7080276685451