fid,id_accidente,anio_origen,folio_c5i,dia_incidente,hora_ocurrencia,tipo_incidente_vial,superficie_ocurrencia,condiciones_climaticas,condiciones_via,numero_vehiculos_involucrados,marca_vehiculo_ocasiona_siniestro,color_vehiculo_ocasiona_siniestro,numero_personas_involucradas,lugar_remite_presunto_responsable,edad_presunto_responsable,sexo_presunto_responsable,resultados_toxicologia,numero_personas_lesionadas,numero_personas_fallecidas,municipio,colonia,mes,dia_semana,hora_redondeada,lon,lat
30897,30902,2020,MOR 200692873,2020/09/06,15:50:00,COLISIÓN POR ALCANCE,ASFALTO,Nublado,Regular,2,NISSAN,BLANCO,2,,30,MASCULINO,SIN DATOS,0,0,Morelia,Canteras de Morelia,septiembre,domingo,16,-101.173502697862,19.7163283842633
30898,30903,2020,,2020/09/06,16:00:00,COLISIÓN CON PEATÓN,ASFALTO,Nublado,Bueno,2,NISSAN/TSURU,BLANCO,1,,54,MASCULINO,SIN DATOS,0,0,Morelia,Obrera,septiembre,domingo,16,-101.188344731927,19.7107433554741
30899,30904,2020,LEG32677,2020/09/06,18:03:00,SALIDA DE SUPERFICIE DE RODAMIENTO,ASFALTO,Lluvioso,Regular,1,TOYOTA,BLANCO,1,,0,MASCULINO,SIN DATOS,0,0,Morelia,El Lago 1,septiembre,domingo,18,-101.221338889815,19.7277326041013
30900,30905,2020,MOR200693409,2020/09/06,18:50:00,COLISIÓN CONTRA OBJETO FIJO,ASFALTO,Bueno,Bueno,1,FORD,VERDE,1,MINISTERIO PÚBLICO,34,MASCULINO,SIN DATOS,0,0,Morelia,Vista Bella,septiembre,domingo,19,-101.193819630994,19.6798350617346
30901,30906,2020,MOR200693664,2020/09/06,21:00:00,COLISIÓN CONTRA OBJETO FIJO,ASFALTO,Lluvioso,Malo,2,FORD,GRIS,2,,0,MASCULINO,ALIENTO ETÍLICO,0,0,Morelia,Santa Cecilia,septiembre,domingo,21,-101.189353577793,19.6658773238255
30902,30907,2020,MOR200693841,2020/09/06,21:15:00,SUBIDA AL CAMELLÓN,ASFALTO,Lluvioso,Regular,1,FORD,ROJO,1,,46,MASCULINO,SIN DATOS,0,0,Morelia,La Quemada,septiembre,domingo,21,-101.24183706262,19.7055372751256
30903,30908,2020,LEG32674,2020/09/06,21:30:00,COLISIÓN CONTRA OBJETO FIJO,ASFALTO,Bueno,Bueno,1,CHEVROLET,NEGRO,1,,31,MASCULINO,SIN DATOS,0,0,Morelia,Felix Arreguin,septiembre,domingo,22,-101.226304725491,19.7213936954303
30904,30909,2020,MOR 200693916,2020/09/06,22:15:00,COLISIÓN CONTRA OBJETO FIJO,CONCRETO,Lluvioso,Regular,1,NISSAN,ACERO,1,,40,MASCULINO,SIN DATOS,0,0,Morelia,Balcones de Morelia,septiembre,domingo,22,-101.200841113257,19.6726273008222
30905,30910,2020,,2020/09/06,22:45:00,COLISIÓN POR CORTE DE CIRCULACIÓN,ASFALTO,Bueno,Bueno,2,TOYOTA CRUCIER,PLATA,2,,15,MASCULINO,SIN DATOS,1,0,Morelia,Justo Mendoza,septiembre,domingo,23,-101.229177706622,19.7147837306811
30906,30911,2020,,2020/09/06,23:00:00,SALIDA DE SUPERFICIE DE RODAMIENTO,CONCRETO,Bueno,Bueno,1,Nissan,Gris,1,,,MASCULINO,SIN DATOS,0,0,Morelia,Solidaridad,septiembre,domingo,23,-101.203060671687,19.7368259532301
30907,30912,2020,MOR200694021,2020/09/06,23:30:00,COLISIÓN CONTRA OBJETO FIJO,ASFALTO,Lluvioso,Regular,2,HONDA,ROJO,2,,30,MASCULINO,SIN DATOS,0,0,Morelia,Torreon Nuevo,septiembre,domingo,0,-101.203446905976,19.746069391831
30908,30913,2020,MOR200694183,2020/09/07,"00:19:00",SALIDA DE SUPERFICIE DE RODAMIENTO,ASFALTO,Lluvioso,Regular,1,MAZDA,ROJO,1,,29,MASCULINO,SIN DATOS,0,0,Tarímbaro,Sin datos,septiembre,lunes,0,-101.157200018116,19.7718973124668
30909,30914,2020,MOR200694150,2020/09/07,"00:45:00",SALIDA DE SUPERFICIE DE RODAMIENTO,ASFALTO,Lluvioso,Malo,1,AUDI,AZUL,1,,26,MASCULINO,SIN DATOS,0,0,Morelia,Nueva Chapultepec,septiembre,lunes,1,-101.16921890527,19.6894425567891
30910,30915,2020,MOR200694242,2020/09/07,"02:45:00",COLISIÓN CONTRA OBJETO FIJO,ASFALTO,Lluvioso,Malo,1,CHEVROLET,BLANCO,1,,25,MASCULINO,ALIENTO ETÍLICO,0,0,Morelia,Felix Arreguin,septiembre,lunes,3,-101.227048306979,19.7206563992005
30911,30916,2020,MOR200694306,2020/09/07,"06:30:00",SUBIDA AL CAMELLÓN,ASFALTO,Bueno,Bueno,1,VOLKSWAGEN,AZUL,1,,35,MASCULINO,SIN DATOS,0,0,Morelia,El Lago 1,septiembre,lunes,7,-101.221369095147,19.727725374042
30912,30917,2020,,2020/09/07,"08:10:00",COLISIÓN POR ALCANCE,ASFALTO,Lluvioso,Bueno,2,Chrysler,Morado,2,,49,MASCULINO,SIN DATOS,0,0,Morelia,Independencia,septiembre,lunes,8,-101.177820383824,19.7192872405302
30913,30918,2020,,2020/09/07,"09:06:00",COLISIÓN CONTRA OBJETO FIJO,CONCRETO,Bueno,Bueno,1,Ford,Blanco,1,,51,MASCULINO,ALIENTO ETÍLICO,0,0,Morelia,Vasco de Quiroga,septiembre,lunes,9,-101.170095892369,19.7037415490591
30914,30919,2020,,2020/09/07,10:00:00,COLISIÓN POR ALCANCE,ASFALTO,Nublado,Regular,2,CHEVROLET,AZUL,2,MINISTERIO PÚBLICO,24,MASCULINO,SIN DATOS,0,0,Morelia,Tinijaro,septiembre,lunes,10,-101.259461461819,19.6969124495732
30915,30920,2020,,2020/09/07,12:40:00,COLISIÓN POR ALCANCE,ASFALTO,Lluvioso,Bueno,2,Seat,Blanco,2,,30,FEMENINO,SIN DATOS,0,0,Morelia,Isaac Arriaga,septiembre,lunes,13,-101.169279895045,19.7086687255191
30916,30921,2020,,2020/09/07,13:25:00,COLISIÓN POR CORTE DE CIRCULACIÓN,ASFALTO,Nublado,Bueno,2,INTERNATIONAL,BLANCO NARANJA,2,,33,MASCULINO,SIN DATOS,0,0,Morelia,Fovissste La Huerta,septiembre,lunes,13,-101.212197586216,19.6923422778471
30917,30922,2020,,2020/09/07,13:30:00,COLISIÓN POR CORTE DE CIRCULACIÓN,ASFALTO,Nublado,Bueno,2,VOLKSWAGEN,BLANCO,2,,45,MASCULINO,SIN DATOS,0,0,Morelia,Del Empleado,septiembre,lunes,14,-101.176280948212,19.6908658932047
30918,30923,2020,,2020/09/07,14:00:00,COLISIÓN POR ALCANCE,ASFALTO,Bueno,Bueno,2,ITALIKA,AZUL,2,,23,,SIN DATOS,0,0,Morelia,Tinijaro,septiembre,lunes,14,-101.264492341064,19.6962132353554
30919,30924,2020,,2020/09/07,14:10:00,COLISIÓN POR INVASIÓN DE CARRIL,ASFALTO,Bueno,Bueno,3,KENWORTH,BLANCO CON DORADO,3,,0,,SIN DATOS,0,0,Morelia,La Quemada,septiembre,lunes,14,-101.240929073907,19.7057607492744
30920,30925,2020,,2020/09/07,14:20:00,COLISIÓN POR ALCANCE,CONCRETO,Bueno,Bueno,3,NISSAN TSURU,BLANCO/ROJO,3,,38,MASCULINO,SIN DATOS,0,0,Morelia,Diego Rivera,septiembre,lunes,14,-101.175765141167,19.7180421937197
30921,30926,2020,,2020/09/07,14:37:00,COLISIÓN CON PEATÓN,ASFALTO,Nublado,Bueno,1,DODGE,ROJO,1,MINISTERIO PÚBLICO,0,,SIN DATOS,0,0,Morelia,Fovissste Acueducto,septiembre,lunes,15,-101.156510045,19.6972736149992
30922,30927,2020,,2020/09/07,17:40:00,COLISIÓN POR CORTE DE CIRCULACIÓN,ASFALTO,Bueno,Bueno,2,DODGE,ROJO,2,,29,MASCULINO,SIN DATOS,0,0,Morelia,Santiaguito,septiembre,lunes,18,-101.188615635037,19.7197591696323
30923,30928,2020,,2020/09/07,21:00:00,COLISIÓN POR CORTE DE CIRCULACIÓN,ASFALTO,Bueno,Bueno,2,VOLKSWAGEN KROSFOX,BLANCO,2,,22,MASCULINO,SIN DATOS,0,0,Morelia,Jose Maria Cabrera,septiembre,lunes,21,-101.224395632744,19.7250925200804
30924,30929,2020,,2020/09/07,22:12:00,COLISIÓN POR CORTE DE CIRCULACIÓN,ASFALTO,Bueno,Bueno,2,MITSUBISHI,BLANCO,2,,57,FEMENINO,SIN DATOS,0,0,Morelia,Villas Valladolid,septiembre,lunes,22,-101.217444688082,19.6975576833275
30925,30930,2020,,2020/09/08,"00:00:00",COLISIÓN CON PEATÓN,ASFALTO,Nublado,Bueno,2,NISSAN,TIFANI,2,,30,MASCULINO,SIN DATOS,0,0,Morelia,Margarita Maza de Juarez,septiembre,martes,0,-101.253969669342,19.6947605318796
30926,30931,2020,,2020/09/08,"00:00:00",COLISIÓN CON PEATÓN,CONCRETO,Nublado,Bueno,1,FORD,ROJO,1,,23,,SIN DATOS,0,0,Morelia,Lomas de La Maestranza,septiembre,martes,0,-101.331651136279,19.6843285083613
30927,30932,2020,MOR2006991925,2020/09/08,"00:00:00",COLISIÓN CON PEATÓN,SIN_DATOS,Bueno,Bueno,2,MAZDA,GRIS,2,,23,MASCULINO,SIN DATOS,0,0,Morelia,Pascual Ortiz de Ayala,septiembre,martes,0,-101.152401093944,19.6963571120485
30928,30933,2020,MOR200699322,2020/09/08,"00:00:00",COLISIÓN CON PEATÓN,ASFALTO,Nublado,Bueno,2,VOLKSWAGEN,BLANCO,2,,0,MASCULINO,SIN DATOS,0,0,Morelia,Comision Federal de Electricidad,septiembre,martes,0,-101.179320439696,19.6846662893492
30929,30934,2020,MOR200698936,2020/09/08,"00:00:00",COLISIÓN CON PEATÓN,ASFALTO,Bueno,Bueno,3,FORD,VERDE,3,MINISTERIO PÚBLICO,,,SIN DATOS,0,0,Morelia,Los Manantiales de Morelia,septiembre,martes,0,-101.240233375944,19.6927355993186
30930,30935,2020,,2020/09/08,"06:25:00",SALIDA DE SUPERFICIE DE RODAMIENTO,ASFALTO,Bueno,Bueno,1,NISSAN,GRIS,2,MINISTERIO PÚBLICO,32,MASCULINO,SIN DATOS,1,0,Tuxpan,Sin datos,septiembre,martes,6,-100.472866117276,19.5486501225509
30931,30936,2020,,2020/09/08,"06:55:00",COLISIÓN CON PEATÓN,SIN_DATOS,Bueno,Bueno,2,DODGE JOURNEY,GRIS,2,,56,MASCULINO,SIN DATOS,0,0,Morelia,Campestre Los Manantiales,septiembre,martes,7,-101.238142624497,19.6878013622791
30932,30937,2020,MOR200696449,2020/09/08,"08:20:00",COLISIÓN POR ALCANCE,ASFALTO,Bueno,Bueno,2,NISSAN,GRIS,2,,47,MASCULINO,SIN DATOS,0,0,Morelia,Los Angeles,septiembre,martes,8,-101.176440417767,19.7417757470912
30933,30938,2020,,2020/09/08,"08:25:00",COLISIÓN POR CORTE DE CIRCULACIÓN,ASFALTO,Bueno,Bueno,2,NISSAN,VERDE,2,,42,MASCULINO,SIN DATOS,0,0,Tuxpan,Tuxpan,septiembre,martes,8,-100.463482744314,19.5691994682311
30934,30939,2020,MOR200697022,2020/09/08,"08:50:00",COLISIÓN POR CORTE DE CIRCULACIÓN,ASFALTO,Bueno,Bueno,2,VOLKSWAGEN,GRIS,2,,49,FEMENINO,SIN DATOS,0,0,Morelia,Tzindurio de Morelos,septiembre,martes,9,-101.250231340528,19.6978038385281
30935,30940,2020,MOR 200696972,2020/09/08,"09:10:00",COLISIÓN POR CORTE DE CIRCULACIÓN,CONCRETO,Bueno,Regular,2,CHRYSLER,BLANCO,2,MINISTERIO PÚBLICO,46,FEMENINO,SIN DATOS,0,0,Morelia,Alberto Oviedo Mota,septiembre,martes,9,-101.200472065673,19.6778221680033
30936,30941,2020,MOR200696959,2020/09/08,"09:30:00",COLISIÓN POR CORTE DE CIRCULACIÓN,ASFALTO,Bueno,Bueno,2,HONDA,BLANCO,2,,32,FEMENINO,SIN DATOS,0,0,Morelia,Ventura Puente,septiembre,martes,10,-101.179792142726,19.6904277130982
30937,30942,2020,,2020/09/08,11:00:00,COLISIÓN POR CORTE DE CIRCULACIÓN,ASFALTO,Bueno,Bueno,2,MAZDA,GRIS,2,MINISTERIO PÚBLICO,,FEMENINO,SIN DATOS,0,0,Morelia,El Lago 3,septiembre,martes,11,-101.219193122603,19.7271519029904
30938,30943,2020,MOR200697334,2020/09/08,12:22:00,COLISIÓN POR CAMBIO DE CARRIL,ASFALTO,Bueno,Bueno,2,NISSAN,ROJO,2,,76,MASCULINO,SIN DATOS,0,0,Morelia,Ana Maria Gallaga (Riviera Norte),septiembre,martes,12,-101.223125942051,19.676774971182
30939,30944,2020,,2020/09/08,12:50:00,COLISIÓN POR ALCANCE,ASFALTO,Bueno,Bueno,2,NISSAN,BLANCO,2,,36,MASCULINO,SIN DATOS,0,0,Morelia,Torremolinos,septiembre,martes,13,-101.225670322098,19.681363610195
30940,30945,2020,,2020/09/08,13:20:00,COLISIÓN POR ALCANCE,ASFALTO,Bueno,Bueno,2,SEAT,ROJO,2,,42,MASCULINO,SIN DATOS,0,0,Morelia,La Soledad,septiembre,martes,13,-101.183419190347,19.7280684285494
30941,30946,2020,,2020/09/08,14:38:00,COLISIÓN POR ALCANCE,ASFALTO,Bueno,Bueno,2,FORD,NEGRO,1,,44,MASCULINO,SIN DATOS,0,0,Morelia,Industrial,septiembre,martes,15,-101.199990456752,19.7099017619221
30942,30947,2020,,2020/09/08,14:40:00,COLISIÓN POR CORTE DE CIRCULACIÓN,ASFALTO,Bueno,Bueno,2,ITALIKA,ROJO Y NEGRO,2,,,MASCULINO,SIN DATOS,0,0,Morelia,Irrigacion,septiembre,martes,15,-101.225492656231,19.7067224765337
30943,30948,2020,,2020/09/08,15:00:00,COLISIÓN POR CAMBIO DE CARRIL,ASFALTO,Bueno,Bueno,2,FORD,BLANCO,2,,25,MASCULINO,SIN DATOS,0,0,Morelia,Los Manantiales de Morelia,septiembre,martes,15,-101.237731575966,19.7014729065261
30944,30949,2020,MOR200697876,2020/09/08,15:00:00,COLISIÓN POR ALCANCE,ASFALTO,Bueno,Bueno,2,DINA,BLANCO,2,,33,MASCULINO,SIN DATOS,0,0,Morelia,Xangari,septiembre,martes,15,-101.220689429476,19.6741328983172
30945,30950,2020,MOR200697841,2020/09/08,15:30:00,COLISIÓN POR CORTE DE CIRCULACIÓN,ASFALTO,Bueno,Bueno,2,NISSAN,ROJO,2,,78,MASCULINO,SIN DATOS,0,0,Morelia,Villas del Real,septiembre,martes,16,-101.199042692102,19.7331402818474
30946,30951,2020,,2020/09/08,17:27:00,COLISIÓN POR ALCANCE,ASFALTO,Bueno,Bueno,4,CHEVROLET,GRIS,4,,31,MASCULINO,SIN DATOS,0,0,Morelia,La Calera,septiembre,martes,17,-101.235736378205,19.6730995971346
30947,30952,2020,,2020/09/08,18:10:00,COLISIÓN POR ALCANCE,ASFALTO,Bueno,Bueno,2,ITALIKA,NEGRO Y ROJO,2,,27,MASCULINO,SIN DATOS,0,0,Morelia,Vasco de Quiroga,septiembre,martes,18,-101.166780441999,19.7015349747279
30948,30953,2020,,2020/09/08,18:30:00,CAIDA DE MOTOCICLETA,ASFALTO,Bueno,Bueno,1,SUZUKI,ROJO,1,,0,MASCULINO,SIN DATOS,0,0,Morelia,Centro,septiembre,martes,19,-101.19814593,19.7060302899991
30949,30954,2020,MOR200698430,2020/09/08,18:45:00,COLISIÓN POR CORTE DE CIRCULACIÓN,ASFALTO,Bueno,Bueno,2,NISSAN,BLANCO,2,MINISTERIO PÚBLICO,50,MASCULINO,SIN DATOS,0,0,Morelia,Loma Bonita,septiembre,martes,19,-101.196545250714,19.7228107510405
30950,30955,2020,,2020/09/08,20:50:00,COLISIÓN POR INVASIÓN DE CARRIL,ASFALTO,Lluvioso,Regular,2,CHEVROLET,AZUL/BLANCO,2,,45,MASCULINO,SIN DATOS,0,0,Los Reyes,Sin datos,septiembre,martes,21,-102.436505332589,19.6562267404412
30951,30956,2020,,2020/09/08,22:15:00,COLISIÓN POR ALCANCE,ASFALTO,Bueno,Bueno,2,CHEVROLET,BLANCO,2,,43,MASCULINO,SIN DATOS,0,0,Morelia,Alberto Oviedo Mota,septiembre,martes,22,-101.202004490926,19.6779061432028
30952,30957,2020,,2020/09/08,23:40:00,COLISIÓN POR CORTE DE CIRCULACIÓN,ASFALTO,Bueno,Bueno,2,HONDA,BLANCO,2,MINISTERIO PÚBLICO,20,MASCULINO,SIN DATOS,0,0,Pátzcuaro,Centro,septiembre,martes,0,-101.607297459111,19.5222990021801
30953,30958,2020,,2020/09/09,11:19:00,COLISIÓN POR CORTE DE CIRCULACIÓN,ASFALTO,Bueno,Bueno,2,VOLKSWAGEN,GRIS,3,,48,MASCULINO,SIN DATOS,1,0,Morelia,Lazaro Cardenas,septiembre,miércoles,11,-101.162753409959,19.7092066535822
30954,30959,2020,,2020/09/09,12:00:00,COLISIÓN CONTRA OBJETO FIJO,ASFALTO,Bueno,Bueno,1,CEVROLET,NEGRO,1,,51,MASCULINO,SIN DATOS,0,0,Morelia,Comision Federal de Electricidad,septiembre,miércoles,12,-101.181285828352,19.6813844169904
30955,30960,2020,,2020/09/09,12:20:00,COLISIÓN POR CAMBIO DE CARRIL,CONCRETO,Bueno,Bueno,2,CHEVROLET,ROJO,2,,34,MASCULINO,SIN DATOS,0,0,Morelia,Agustin Arriaga Rivera,septiembre,miércoles,12,-101.224478678356,19.6910849630548
30956,30961,2020,,2020/09/09,13:15:00,COLISIÓN POR CORTE DE CIRCULACIÓN,CONCRETO,Bueno,Bueno,2,NISSAN,BLANCO/VERDE,2,,36,MASCULINO,SIN DATOS,0,0,Morelia,Villa Universidad,septiembre,miércoles,13,-101.199961013414,19.6832062782896
30957,30962,2020,,2020/09/09,13:40:00,COLISIÓN POR CORTE DE CIRCULACIÓN,ASFALTO,Bueno,Bueno,2,NISSAN,BLANCO,2,,33,MASCULINO,SIN DATOS,0,0,Morelia,Centro,septiembre,miércoles,14,-101.189080293461,19.7101689321875
30958,30963,2020,,2020/09/09,17:50:00,COLISIÓN CONTRA OBJETO FIJO,ASFALTO,Bueno,Bueno,1,KENWORTH,Blanco,1,,,MASCULINO,SIN DATOS,0,0,Morelia,Felix Arreguin,septiembre,miércoles,18,-101.22691754929,19.720847774627
30959,30964,2020,,2020/09/09,18:00:00,COLISIÓN POR ALCANCE,ASFALTO,Bueno,Bueno,2,CHEVROLET,ROJO,2,,30,MASCULINO,SIN DATOS,0,0,Morelia,El Lago 1,septiembre,miércoles,18,-101.216792667446,19.7271990133004
30960,30965,2020,,2020/09/09,18:08:00,COLISIÓN POR CORTE DE CIRCULACIÓN,CONCRETO,Bueno,Bueno,2,VOLKSWAGEN,BLANCO,2,,67,MASCULINO,SIN DATOS,0,0,Morelia,Residencial Alborada,septiembre,miércoles,18,-101.234632618725,19.7024682903914
30961,30966,2020,,2020/09/09,19:08:00,COLISIÓN POR ALCANCE,ASFALTO,Bueno,Bueno,3,NISSAN,BLANCO Y VERDE,3,MINISTERIO PÚBLICO,,MASCULINO,SIN DATOS,0,0,Morelia,Campestre Los Manantiales,septiembre,miércoles,19,-101.238826557316,19.6890476201579
30962,30967,2020,,2020/09/09,19:10:00,COLISIÓN POR INVASIÓN DE CARRIL,CONCRETO,Nublado,Bueno,2,FORD/F-150,BLANCO,2,MINISTERIO PÚBLICO,43,FEMENINO,SIN DATOS,0,0,Morelia,Loma de La Floresta,septiembre,miércoles,19,-101.201475181354,19.6666170824232
30963,30968,2020,,2020/09/09,19:40:00,COLISIÓN POR CAMBIO DE CARRIL,ASFALTO,Bueno,Bueno,2,ITALIKA ZW125,NEGRO/ROJO,3,,18,MASCULINO,SIN DATOS,1,0,Morelia,Lomas de Huerta,septiembre,miércoles,20,-101.210493804381,19.6723336360528
30964,30969,2020,,2020/09/09,20:00:00,COLISIÓN POR CORTE DE CIRCULACIÓN,CONCRETO,Bueno,Bueno,2,DODGE,BLANCO,2,,49,MASCULINO,SIN DATOS,0,0,Morelia,Indeco Expropiacion Petrolera,septiembre,miércoles,20,-101.225739998571,19.6836226385018
30965,30970,2020,,2020/09/10,"00:40:00",COLISIÓN POR MANIOBRA DE REVERSA,ASFALTO,Bueno,Bueno,2,CHEVROLET ASTRA,NEGRO,2,,31,MASCULINO,SIN DATOS,0,0,Morelia,La Hacienda,septiembre,jueves,1,-101.31432168864,19.6778032262229
30966,30971,2020,,2020/09/10,"02:46:00",COLISIÓN POR CORTE DE CIRCULACIÓN,ASFALTO,Nublado,Regular,2,NISSAN,BLANCO,2,,19,MASCULINO,SIN DATOS,0,0,Morelia,La Esperanza,septiembre,jueves,3,-101.250636354089,19.6985945571835
30967,30972,2020,,2020/09/10,"07:25:00",CAIDA ACUATICA DE VEHÍCULO,CONCRETO,Nublado,Bueno,1,FORD/RANGER,ROJO,1,,25,MASCULINO,SIN DATOS,0,0,Tarímbaro,Sin datos,septiembre,jueves,7,-101.189971491694,19.750663818634
30968,30973,2020,LEG32745,2020/09/10,14:20:00,COLISIÓN POR CAMBIO DE CARRIL,ASFALTO,Bueno,Bueno,2,MAZDA,ROJO,2,,29,MASCULINO,SIN DATOS,0,0,Morelia,El Realito,septiembre,jueves,14,-101.204254224218,19.7257225487113
30969,30974,2020,LEG32740,2020/09/10,14:30:00,COLISIÓN POR MANIOBRA DE REVERSA,ASFALTO,Bueno,Bueno,2,YAMAHA,NEGRA,2,MINISTERIO PÚBLICO,25,MASCULINO,SIN DATOS,0,1,Morelia,Vicente Lombardo Toledano (Ejidal Isacc Arriaga) (Etnias de Mexico),septiembre,jueves,15,-101.149434962047,19.7201101028802
30970,30975,2020,MOR200702943,2020/09/10,15:30:00,COLISIÓN CONTRA OBJETO FIJO,ASFALTO,Bueno,Bueno,1,NISSAN,VERDE,1,,0,,SIN DATOS,0,0,Morelia,Los Manantiales de Morelia,septiembre,jueves,16,-101.240237765014,19.6927320408888
30971,30976,2020,MOR200703059,2020/09/10,16:30:00,COLISIÓN POR CAMBIO DE CARRIL,ASFALTO,Lluvioso,Bueno,2,FORD,PLATA,2,,27,MASCULINO,SIN DATOS,0,0,Morelia,Rafael Carrillo,septiembre,jueves,17,-101.23640150509,19.7077653741828
30972,30977,2020,LEG32742,2020/09/10,16:50:00,COLISIÓN POR INVASIÓN DE CARRIL,ASFALTO,Bueno,Bueno,2,DODGE,NARANJA CON AZUL,2,,32,MASCULINO,SIN DATOS,0,0,Morelia,Loma Dorada,septiembre,jueves,17,-101.25440187075,19.6978382738266
30973,30978,2020,LEG32744,2020/09/10,17:50:00,COLISIÓN POR ALCANCE,ASFALTO,Bueno,Regular,3,NISSAN,BLANCO,3,,27,MASCULINO,SIN DATOS,0,0,Morelia,Vista Bella,septiembre,jueves,18,-101.192166544497,19.682239157849
30974,30979,2020,LEG32746,2020/09/10,17:50:00,COLISIÓN POR CORTE DE CIRCULACIÓN,CONCRETO,Bueno,Bueno,2,NISSAN,BLANCO,2,,23,MASCULINO,SIN DATOS,0,0,Morelia,Mariano Escobedo,septiembre,jueves,18,-101.210586645387,19.7195126178324
30975,30980,2020,LEG32748,2020/09/10,19:50:00,COLISIÓN CON PEATÓN,ASFALTO,Bueno,Bueno,1,NISSAN,BLANCO Y ROJO,2,,34,MASCULINO,SIN DATOS,1,0,Tarímbaro,Sin datos,septiembre,jueves,20,-101.103011928499,19.7627367174248
30976,30981,2020,MOR 200704094,2020/09/11,"00:05:00",COLISIÓN POR CAMBIO DE CARRIL,ASFALTO,Lluvioso,Regular,2,MERCEDES BENZ,NEGRO,2,,28,MASCULINO,ALIENTO ETÍLICO,0,0,Morelia,Los Angeles,septiembre,viernes,0,-101.175132475115,19.7443479670207
30977,30982,2020,,2020/09/11,"08:30:00",COLISIÓN CONTRA OBJETO FIJO,CONCRETO,Bueno,Bueno,1,FREIGHTLINER,BLANCO,0,,,,,0,0,Morelia,Hospitales de Don Vasco,septiembre,viernes,9,-101.155469871379,19.701062991836
30978,30983,2020,,2020/09/11,"09:10:00",COLISIÓN POR CORTE DE CIRCULACIÓN,CONCRETO,Bueno,Bueno,2,VOLKSWAGEN JETTA,ROJO,2,,24,MASCULINO,SIN DATOS,0,0,Morelia,Tanganxoan (Guadalupe Victoria),septiembre,viernes,9,-101.288020952858,19.6922826166407
30979,30984,2020,,2020/09/11,10:15:00,COLISIÓN POR CORTE DE CIRCULACIÓN,ASFALTO,Bueno,Bueno,2,NISSAN,ROJO,2,,34,MASCULINO,SIN DATOS,0,0,Morelia,Central de Abastos,septiembre,viernes,10,-101.170317300342,19.7177045692513
30980,30985,2020,,2020/09/11,12:35:00,COLISIÓN POR ALCANCE,ASFALTO,Bueno,Bueno,2,NISSAN,BLANCO,2,,48,MASCULINO,SIN DATOS,0,0,Morelia,Vasco de Quiroga,septiembre,viernes,13,-101.168568103827,19.7089256239103
30981,30986,2020,,2020/09/11,13:30:00,COLISIÓN POR CORTE DE CIRCULACIÓN,CONCRETO,Bueno,Bueno,2,CHEVROLET/CHEVY,BLANCO,2,,35,FEMENINO,SIN DATOS,0,0,Morelia,Guadalupe,septiembre,viernes,14,-101.221590651705,19.7098535306922
30982,30987,2020,,2020/09/11,13:59:00,COLISIÓN POR CAMBIO DE CARRIL,ASFALTO,Bueno,Bueno,2,TOYOTA,BLANCO,2,,64,MASCULINO,SIN DATOS,0,0,Morelia,Centro,septiembre,viernes,14,-101.178177757695,19.6990490428677
30983,30988,2020,,2020/09/11,15:11:00,COLISIÓN POR CORTE DE CIRCULACIÓN,CONCRETO,Bueno,Bueno,2,MAZDA,BLANCO,2,,37,FEMENINO,SIN DATOS,0,0,Morelia,Felix Ireta,septiembre,viernes,15,-101.180728203192,19.6861604379288
30984,30989,2020,,2020/09/11,15:30:00,CAIDA DE MOTOCICLETA,ASFALTO,Bueno,Bueno,1,HONDA,ROJO,2,MINISTERIO PÚBLICO,0,MASCULINO,SIN DATOS,1,0,Morelia,Justo Mendoza,septiembre,viernes,16,-101.231168180026,19.7143408530141
30985,30990,2020,,2020/09/11,15:40:00,COLISIÓN POR ALCANCE,ASFALTO,Bueno,Bueno,2,TOYOTA,ROJO,2,,50,FEMENINO,SIN DATOS,0,0,Morelia,Chapultepec Norte,septiembre,viernes,16,-101.164332377633,19.6959102014044
30986,30991,2020,,2020/09/11,18:00:00,COLISIÓN POR ALCANCE,ASFALTO,Lluvioso,Regular,3,NISSAN,ARENA,3,MINISTERIO PÚBLICO,20,MASCULINO,SIN DATOS,0,0,Morelia,Enrique Ramirez,septiembre,viernes,18,-101.165362650772,19.709382060146
30987,30992,2020,,2020/09/11,18:20:00,COLISIÓN POR CAMBIO DE CARRIL,ASFALTO,Lluvioso,Regular,2,NISSAN NP 300,BLANCO,2,,54,MASCULINO,SIN DATOS,0,0,Morelia,Felicitas del Rio,septiembre,viernes,18,-101.195489130914,19.6920205260433
30988,30993,2020,,2020/09/11,20:30:00,COLISIÓN CONTRA OBJETO FIJO,CONCRETO,Bueno,Bueno,1,KENWORTH,AZUL,1,,,MASCULINO,SIN DATOS,0,0,Morelia,Centro,septiembre,viernes,21,-101.19167804718,19.7024398634969
30989,30994,2020,,2020/09/11,21:17:00,COLISIÓN POR CORTE DE CIRCULACIÓN,CONCRETO,Nublado,Bueno,2,CHEVROLET,VERDE,2,,25,MASCULINO,SIN DATOS,0,0,Morelia,Vasco de Quiroga,septiembre,viernes,21,-101.175333244554,19.704968401741