fid,id_accidente,anio_origen,folio_c5i,dia_incidente,hora_ocurrencia,tipo_incidente_vial,superficie_ocurrencia,condiciones_climaticas,condiciones_via,numero_vehiculos_involucrados,marca_vehiculo_ocasiona_siniestro,color_vehiculo_ocasiona_siniestro,numero_personas_involucradas,lugar_remite_presunto_responsable,edad_presunto_responsable,sexo_presunto_responsable,resultados_toxicologia,numero_personas_lesionadas,numero_personas_fallecidas,municipio,colonia,mes,dia_semana,hora_redondeada,lon,lat
30990,30995,2020,,2020/09/11,22:30:00,COLISIÓN POR INVASIÓN DE CARRIL,ASFALTO,Bueno,Bueno,2,ITALIKA,ROJO/NEGRO,2,MINISTERIO PÚBLICO,,,SIN DATOS,0,0,Tuzantla,Tuzantla,septiembre,viernes,23,-100.573438592255,19.2067069364251
30991,30996,2020,,2020/09/12,"00:14:00",COLISIÓN CONTRA OBJETO FIJO,CONCRETO,Lluvioso,Bueno,1,CHEVROLET,NEGRO,1,,47,MASCULINO,CON CERTIFICADO,0,0,Morelia,La Floresta,septiembre,sábado,0,-101.152028292418,19.6836937249853
30992,30997,2020,,2020/09/12,"00:50:00",COLISIÓN POR CAMBIO DE CARRIL,ASFALTO,Bueno,Bueno,2,VW,Negro,2,MINISTERIO PÚBLICO,33,,ALIENTO ETÍLICO,0,0,Morelia,Francisco J Mujica,septiembre,sábado,1,-101.18555185131,19.7240198964788
30993,30998,2020,,2020/09/12,"02:40:00",COLISIÓN POR ALCANCE,ASFALTO,Lluvioso,Bueno,2,NISSAN/KICKS,ROJO,2,MINISTERIO PÚBLICO,38,MASCULINO,ALIENTO ETÍLICO,0,0,Morelia,Villas Lomas del Paraiso,septiembre,sábado,3,-101.172746680677,19.6713540799243
30994,30999,2020,,2020/09/12,"05:00:00",COLISIÓN POR CORTE DE CIRCULACIÓN,ASFALTO,Bueno,Bueno,2,JEEP,NARANJA,0,MINISTERIO PÚBLICO,,,,0,0,Morelia,Centro,septiembre,sábado,5,-101.200181665568,19.7030181970496
30995,31000,2020,LEG32790,2020/09/12,"08:05:00",COLISIÓN POR MANIOBRA DE REVERSA,ASFALTO,Bueno,Bueno,2,DODGE,GRIS,2,,41,MASCULINO,SIN DATOS,0,0,Morelia,Chapultepec Oriente,septiembre,sábado,8,-101.159651130438,19.6914011548742
30996,31001,2020,LEG32786,2020/09/12,"08:50:00",COLISIÓN POR CORTE DE CIRCULACIÓN,CONCRETO,Bueno,Bueno,2,HONDA,BLANCO,2,MINISTERIO PÚBLICO,25,MASCULINO,SIN DATOS,0,0,Morelia,Independencia,septiembre,sábado,9,-101.175607287072,19.7099034868075
30997,31002,2020,MOR2000704439,2020/09/12,"09:30:00",COLISIÓN POR CORTE DE CIRCULACIÓN,ASFALTO,Bueno,Malo,2,ITALIKA,AMARILLO,2,,26,MASCULINO,SIN DATOS,0,0,Morelia,Pastor Manuel Sanchez Camarena,septiembre,sábado,10,-101.199300184178,19.7386131008415
30998,31003,2020,MOR200707038,2020/09/12,"09:45:00",COLISIÓN CONTRA OBJETO FIJO,ASFALTO,Bueno,Regular,1,VOLKSWAGEN,GRIS OBSCURO,1,,25,MASCULINO,SIN DATOS,0,0,Tarímbaro,Sin datos,septiembre,sábado,10,-101.171766607597,19.7508064483167
30999,31004,2020,LEG32787,2020/09/12,10:38:00,COLISIÓN POR INVASIÓN DE CARRIL,ASFALTO,Bueno,Bueno,2,VOLKSWAGEN,AZUL,2,,0,FEMENINO,SIN DATOS,0,0,Morelia,San Rafael,septiembre,sábado,11,-101.153346262872,19.6993903797863
31000,31005,2020,LEG32788,2020/09/12,10:38:00,COLISIÓN POR CORTE DE CIRCULACIÓN,ASFALTO,Bueno,Bueno,2,NISSAN,AZUL,2,,53,MASCULINO,SIN DATOS,0,0,Morelia,Isaac Arriaga,septiembre,sábado,11,-101.174301660873,19.7064390608455
31001,31006,2020,,2020/09/12,12:20:00,VOLCADURA,CONCRETO,Bueno,Bueno,1,NISSAN,BLANCO,1,,27,MASCULINO,SIN DATOS,0,0,Morelia,Sin datos,septiembre,sábado,12,-101.126771819869,19.7090563254368
31002,31007,2020,,2020/09/12,13:40:00,COLISIÓN POR MANIOBRA DE REVERSA,ASFALTO,Bueno,Bueno,2,Nissan,Rojo,2,,30,MASCULINO,SIN DATOS,0,0,Morelia,Chapultepec Sur,septiembre,sábado,14,-101.173350413922,19.6906004103974
31003,31008,2020,MOR200707767,2020/09/12,14:45:00,COLISIÓN POR ALCANCE,ASFALTO,Bueno,Bueno,2,KAWASAKI,BLANCO Y AZUL,2,,21,MASCULINO,SIN DATOS,0,0,Morelia,Virreyes,septiembre,sábado,15,-101.157631396579,19.6955134441547
31004,31009,2020,LEG32789,2020/09/12,14:45:00,COLISIÓN POR ALCANCE,ASFALTO,Bueno,Bueno,3,INTERNATIONAL,BLANCO Y AMARILLO,3,MINISTERIO PÚBLICO,0,,SIN DATOS,0,0,Charo,La Goleta,septiembre,sábado,15,-101.080721826718,19.7393110968526
31005,31010,2020,MOR200708289,2020/09/12,18:10:00,COLISIÓN POR CORTE DE CIRCULACIÓN,CONCRETO,Bueno,Bueno,2,NISSAN,NEGRO,2,MINISTERIO PÚBLICO,25,MASCULINO,SIN DATOS,0,0,Morelia,Independencia,septiembre,sábado,18,-101.175575070083,19.7099031998692
31006,31011,2020,LEG32793,2020/09/12,18:30:00,COLISIÓN CONTRA OBJETO FIJO,CONCRETO,Nublado,Bueno,1,JEEP,VERDE,1,,26,MASCULINO,ALIENTO ETÍLICO,0,0,Morelia,Tzindurio de Morelos,septiembre,sábado,19,-101.24580499462,19.6995443613734
31007,31012,2020,LEG32794,2020/09/12,19:30:00,COLISIÓN POR ALCANCE,ASFALTO,Nublado,Regular,2,VOLKSWAGEN,BLANCO,2,,33,MASCULINO,SIN DATOS,0,0,Morelia,Junta de Jaujilla,septiembre,sábado,20,-101.225956983196,19.6921484577618
31008,31013,2020,LEG32791,2020/09/12,21:00:00,COLISIÓN CONTRA OBJETO FIJO,ASFALTO,Nublado,Regular,2,JEEP,rojo,2,,52,MASCULINO,CON CERTIFICADO,0,0,Morelia,Santa Cecilia,septiembre,sábado,21,-101.188072792507,19.6662420085319
31009,31014,2020,,2020/09/12,21:20:00,COLISIÓN POR CORTE DE CIRCULACIÓN,ASFALTO,Lluvioso,Regular,2,VOLVO,BLANCO,0,MINISTERIO PÚBLICO,,,,0,0,Hidalgo,Sin datos,septiembre,sábado,21,-100.591781183399,19.6996217538546
31010,31015,2020,MOR200706268,2020/09/12,21:30:00,COLISIÓN POR CORTE DE CIRCULACIÓN,ASFALTO,Lluvioso,Malo,2,ITALIKA,NEGRO,2,MINISTERIO PÚBLICO,0,MASCULINO,SIN DATOS,0,0,Morelia,Villas del Real,septiembre,sábado,22,-101.198668188669,19.7341567275177
31011,31016,2020,LEG32792,2020/09/12,22:30:00,COLISIÓN POR INVASIÓN DE CARRIL,ASFALTO,Nublado,Regular,2,NISSAN,BLANCO,2,,23,MASCULINO,SIN DATOS,0,0,Morelia,Sin datos,septiembre,sábado,23,-101.148567602717,19.642774524606
31012,31017,2020,LEG32798,2020/09/13,"00:38:00",CAIDA DE MOTOCICLETA,ASFALTO,Nublado,Regular,1,ITALIKA,NEGRO,1,MINISTERIO PÚBLICO,,,,1,0,Morelia,Clara Cordova Moran,septiembre,domingo,1,-101.180810406804,19.7374457509425
31013,31018,2020,LEG32797,2020/09/13,"03:10:00",COLISIÓN CONTRA OBJETO FIJO,ASFALTO,Nublado,Regular,1,NISSAN,BLANCO Y ROJO,1,,0,,SIN DATOS,0,0,Morelia,Los Manantiales de Morelia,septiembre,domingo,3,-101.242767728187,19.6984500156555
31014,31019,2020,,2020/09/13,"04:00:00",COLISIÓN CONTRA OBJETO FIJO,ASFALTO,Lluvioso,Bueno,1,CHEVROLET,BLANCO,1,MINISTERIO PÚBLICO,,,SIN DATOS,0,0,Tacámbaro,Sin datos,septiembre,domingo,4,-101.453915946186,19.2121599455083
31015,31020,2020,LEG32795,2020/09/13,"04:10:00",COLISIÓN CONTRA OBJETO FIJO,ASFALTO,Lluvioso,Malo,1,NISSAN,BLANCO,1,,32,MASCULINO,SIN DATOS,0,0,Morelia,El Realito,septiembre,domingo,4,-101.203580044888,19.7256388855134
31016,31021,2020,MOR200709641,2020/09/13,"04:30:00",SUBIDA AL CAMELLÓN,ASFALTO,Bueno,Bueno,1,NISSAN,BLANCO,1,,0,,SIN DATOS,0,0,Morelia,Martires de Uruapan,septiembre,domingo,5,-101.202598325908,19.725523690745
31017,31022,2020,LEG32799,2020/09/13,"04:30:00",COLISIÓN CONTRA OBJETO FIJO,ASFALTO,Nublado,Regular,1,CHEVROLET,GRIS,1,,25,MASCULINO,CON CERTIFICADO,0,0,Morelia,Pastor Manuel Sanchez Camarena,septiembre,domingo,5,-101.199419024319,19.7386601217121
31018,31023,2020,LEG32800,2020/09/13,"06:00:00",COLISIÓN POR CORTE DE CIRCULACIÓN,CONCRETO,Nublado,Regular,2,NISSAN,BLANCO Y ROJO,2,,43,MASCULINO,SIN DATOS,0,0,Morelia,Valle Verde,septiembre,domingo,6,-101.189131929782,19.7280848109207
31019,31024,2020,MOR200709250,2020/09/13,11:40:00,COLISIÓN POR CORTE DE CIRCULACIÓN,ASFALTO,Lluvioso,Bueno,1,CHEVROLET,NEGRO,1,,72,MASCULINO,SIN DATOS,0,0,Morelia,Sin datos,septiembre,domingo,12,-101.24599522002,19.5989329224603
31020,31025,2020,MOR 200707038,2020/09/13,12:05:00,COLISIÓN CONTRA OBJETO FIJO,ASFALTO,Bueno,Regular,1,IBIZA,NEGRO,1,,28,MASCULINO,SIN DATOS,0,0,Morelia,Lomas del Tecnologico,septiembre,domingo,12,-101.190644025124,19.7221899497309
31021,31026,2020,,2020/09/13,14:00:00,COLISIÓN POR CORTE DE CIRCULACIÓN,ASFALTO,Bueno,Bueno,2,FORD,GUINDA,2,,67,MASCULINO,SIN DATOS,0,0,Morelia,Granjas del Maestro,septiembre,domingo,14,-101.18854958564,19.7132996911421
31022,31027,2020,,2020/09/13,16:01:00,COLISIÓN POR CAMBIO DE CARRIL,ASFALTO,Bueno,Bueno,2,MAZDA,ROJO,2,,,,SIN DATOS,0,0,Morelia,Eduardo Ruiz,septiembre,domingo,16,-101.223550706424,19.7230863049101
31023,31028,2020,,2020/09/13,17:30:00,COLISIÓN CONTRA OBJETO FIJO,ASFALTO,Bueno,Bueno,1,NISSAN/TSURU,BLANCO,1,,27,MASCULINO,SIN DATOS,0,0,Morelia,El Lago 1,septiembre,domingo,18,-101.219345703721,19.7276051312081
31024,31029,2020,,2020/09/13,18:55:00,COLISIÓN POR MANIOBRA DE REVERSA,ASFALTO,Bueno,Bueno,2,FORD,NEGRO,2,,59,MASCULINO,SIN DATOS,0,0,Morelia,Tierra Y Libertad,septiembre,domingo,19,-101.221490373673,19.7164373019496
31025,31030,2020,,2020/09/13,19:35:00,COLISIÓN CONTRA OBJETO FIJO,CONCRETO,Bueno,Bueno,1,ITALIKA,BLANCO,1,,18,MASCULINO,SIN DATOS,0,0,Morelia,Torreon Nuevo,septiembre,domingo,20,-101.209606902826,19.7452173216403
31026,31031,2020,,2020/09/13,20:20:00,COLISIÓN POR MANIOBRA DE REVERSA,CONCRETO,Bueno,Bueno,2,KIA,BLANCO,2,,19,MASCULINO,SIN DATOS,0,0,Morelia,Centro,septiembre,domingo,20,-101.177905940198,19.7048097194133
31027,31032,2020,MOR200509650,2020/09/13,23:30:00,COLISIÓN POR ALCANCE,ASFALTO,Nublado,Regular,2,SEAT,BLANCO,2,,45,FEMENINO,SIN DATOS,0,0,Morelia,Fuentes de Morelia,septiembre,domingo,0,-101.204660975121,19.6728905998739
31028,31033,2020,,2020/09/14,"03:35:00",CAIDA DE MOTOCICLETA,ASFALTO,Bueno,Bueno,1,ITALIKA VORT-X30,BLANCO Y ROJO,2,,19,MASCULINO,SIN DATOS,1,0,Morelia,Sentimientos de La Nacion,septiembre,lunes,4,-101.235356083646,19.6809341286136
31029,31034,2020,,2020/09/14,"04:10:00",COLISIÓN CONTRA OBJETO FIJO,ASFALTO,Bueno,Bueno,1,CHEVROLET,ROJO,1,,31,MASCULINO,SIN DATOS,0,0,Morelia,La Colina,septiembre,lunes,4,-101.215743100787,19.7053190517979
31030,31035,2020,,2020/09/14,"08:50:00",COLISIÓN POR ALCANCE,ASFALTO,Bueno,Bueno,3,VOLKSWAGEN,GRIS,3,,27,FEMENINO,SIN DATOS,0,0,Morelia,Sentimientos de La Nacion,septiembre,lunes,9,-101.236875585533,19.6848033243396
31031,31036,2020,LEG32815,2020/09/14,"09:15:00",COLISIÓN POR CORTE DE CIRCULACIÓN,ASFALTO,Bueno,Bueno,2,FORD,GUINDA,2,,41,MASCULINO,SIN DATOS,0,0,Morelia,Elias Perez Avalos,septiembre,lunes,9,-101.165098696947,19.7106205748123
31032,31037,2020,LEG32819,2020/09/14,"09:20:00",COLISIÓN POR CAMBIO DE CARRIL,ASFALTO,Bueno,Bueno,2,NISSAN,BLANCO,2,,29,FEMENINO,SIN DATOS,0,0,Morelia,Industrial,septiembre,lunes,9,-101.201602220535,19.7141303601618
31033,31038,2020,LEG32817,2020/09/14,"09:30:00",COLISIÓN POR ALCANCE,ASFALTO,Bueno,Bueno,2,CHEVROLET,GRIS,2,,35,MASCULINO,SIN DATOS,0,0,Morelia,Sentimientos de La Nacion,septiembre,lunes,10,-101.232628002763,19.686844773066
31034,31039,2020,MOR200712614,2020/09/14,"09:40:00",VOLCADURA,ASFALTO,Bueno,Regular,1,FORD,VERDE,2,MINISTERIO PÚBLICO,,,,2,0,Morelia,Tlalpujahua,septiembre,lunes,10,-101.217714554883,19.6760229758645
31035,31040,2020,MOR200712758,2020/09/14,10:20:00,COLISIÓN POR CORTE DE CIRCULACIÓN,ASFALTO,Bueno,Bueno,2,CHEVROLET,BLANCO,2,,59,MASCULINO,SIN DATOS,0,0,Morelia,Indeco Santiaguito,septiembre,lunes,10,-101.17575391358,19.7230270449021
31036,31041,2020,LEG32816,2020/09/14,10:42:00,COLISIÓN POR CORTE DE CIRCULACIÓN,ASFALTO,Bueno,Bueno,2,CHEVROLET,NARANJA,2,,35,MASCULINO,SIN DATOS,0,0,Morelia,Morelos,septiembre,lunes,11,-101.209249198437,19.6981942195831
31037,31042,2020,,2020/09/14,15:25:00,COLISIÓN POR MANIOBRA DE REVERSA,ASFALTO,Bueno,Bueno,2,HONDA,Plata,2,,77,MASCULINO,SIN DATOS,0,0,Morelia,Villas Lomas del Paraiso,septiembre,lunes,15,-101.183243326701,19.6753951296653
31038,31043,2020,,2020/09/14,17:20:00,COLISIÓN POR ALCANCE,ASFALTO,Bueno,Regular,3,NISSAN,BLANCO,4,,21,MASCULINO,SIN DATOS,1,0,Los Reyes,San Juan de Dios,septiembre,lunes,17,-102.480902780171,19.6100932210299
31039,31044,2020,LEG32820,2020/09/14,18:05:00,COLISIÓN POR ALCANCE,ASFALTO,Bueno,Bueno,2,NISSAN,BLANCO Y ROJO,2,MINISTERIO PÚBLICO,52,MASCULINO,SIN DATOS,0,0,Morelia,Quinceo,septiembre,lunes,18,-101.221685230054,19.7276656973417
31040,31045,2020,LEG32822,2020/09/14,18:38:00,COLISIÓN POR MANIOBRA DE REVERSA,ASFALTO,Bueno,Bueno,2,FORD,BLANCO Y AZUL,2,,31,MASCULINO,SIN DATOS,0,0,Morelia,La Colina,septiembre,lunes,19,-101.215924546123,19.7046225142443
31041,31046,2020,LEG32821,2020/09/14,18:40:00,COLISIÓN POR ALCANCE,CONCRETO,Bueno,Bueno,2,FORD,BLANCO,2,,49,MASCULINO,SIN DATOS,0,0,Morelia,Los Manantiales de Morelia,septiembre,lunes,19,-101.237728223205,19.7014774117107
31042,31047,2020,LEG32823,2020/09/14,20:15:00,SALIDA DE SUPERFICIE DE RODAMIENTO,ASFALTO,Bueno,Bueno,1,NISSAN,BLANCO,1,MINISTERIO PÚBLICO,0,,SIN DATOS,0,0,Morelia,Sin datos,septiembre,lunes,20,-101.285938248038,19.7024221484241
31043,31048,2020,LEG32818,2020/09/14,22:19:00,COLISIÓN POR CAMBIO DE CARRIL,ASFALTO,Bueno,Bueno,2,NISSAN,NEGRO,2,,0,,SIN DATOS,0,0,Morelia,Juarez,septiembre,lunes,22,-101.200186318981,19.6954806153609
31044,31049,2020,LEG32824,2020/09/14,22:25:00,COLISIÓN POR CORTE DE CIRCULACIÓN,ASFALTO,Bueno,Regular,2,VOLKSWAGEN,GRIS,2,,24,MASCULINO,SIN DATOS,0,0,Morelia,Prados Verdes,septiembre,lunes,22,-101.197380423546,19.7135419485281
31045,31050,2020,,2020/09/14,22:30:00,COLISIÓN POR ALCANCE,CONCRETO,Bueno,Bueno,2,FORD,BLANCO,2,,,,SIN DATOS,0,0,Morelia,Centro,septiembre,lunes,23,-101.186637841165,19.7028675268777
31046,31051,2020,,2020/09/15,"09:10:00",COLISIÓN POR ALCANCE,ASFALTO,Bueno,Bueno,2,MAZDA/3 SPORT,GRIS,2,,39,MASCULINO,SIN DATOS,0,0,Morelia,Isaac Arriaga,septiembre,martes,9,-101.166629537262,19.7099700853688
31047,31052,2020,,2020/09/15,10:25:00,COLISIÓN POR CAMBIO DE CARRIL,ASFALTO,Bueno,Bueno,2,TOYOTA TACOMA,NEGRO,2,,51,MASCULINO,SIN DATOS,0,0,Morelia,Felix Arreguin,septiembre,martes,10,-101.22648470781,19.7214587111544
31048,31053,2020,LEG32844,2020/09/15,13:16:00,COLISIÓN POR ALCANCE,CONCRETO,Bueno,Bueno,2,HYUNDAI,BLANCO,2,,58,MASCULINO,SIN DATOS,0,0,Morelia,Agustin Arriaga Rivera,septiembre,martes,13,-101.225343793631,19.6903790709853
31049,31054,2020,,2020/09/15,13:30:00,COLISIÓN POR ALCANCE,ASFALTO,Bueno,Bueno,3,FORD,BLANCO,3,,45,MASCULINO,SIN DATOS,0,0,Morelia,Alberto Oviedo Mota,septiembre,martes,14,-101.198508597232,19.6821241040163
31050,31055,2020,,2020/09/15,15:20:00,COLISIÓN POR CAMBIO DE CARRIL,CONCRETO,Bueno,Bueno,2,VOLKSWAGEN,NEGRO,2,MINISTERIO PÚBLICO,52,MASCULINO,SIN DATOS,0,0,Morelia,Balcones de Santa Maria,septiembre,martes,15,-101.184761635959,19.6757451310402
31051,31056,2020,,2020/09/15,16:00:00,COLISIÓN POR CORTE DE CIRCULACIÓN,CONCRETO,Bueno,Bueno,2,NISSAN,BLANCO,2,,40,MASCULINO,SIN DATOS,0,0,Morelia,Loma Real,septiembre,martes,16,-101.196893937886,19.7303431795491
31052,31057,2020,,2020/09/15,16:45:00,COLISIÓN POR CORTE DE CIRCULACIÓN,ASFALTO,Bueno,Bueno,1,NISSAN,PLATA,1,,55,MASCULINO,SIN DATOS,0,0,Morelia,Lomas del Tecnologico,septiembre,martes,17,-101.193179413676,19.7233283466286
31053,31058,2020,,2020/09/15,18:40:00,CAIDA DE MOTOCICLETA,CONCRETO,Bueno,Bueno,1,HONDA,BLANCO,1,,34,MASCULINO,SIN DATOS,0,0,Morelia,Camponubes,septiembre,martes,19,-101.291122691365,19.698035806698
31054,31059,2020,,2020/09/15,19:05:00,COLISIÓN POR ALCANCE,CONCRETO,Bueno,Bueno,2,NISSAN,GRIS,2,,56,FEMENINO,SIN DATOS,0,0,Morelia,Jardines de Torremolinos,septiembre,martes,19,-101.225702874362,19.6786486014404
31055,31060,2020,,2020/09/15,19:40:00,COLISIÓN POR ALCANCE,ASFALTO,Bueno,Bueno,2,FORD F150,BLANCO,4,,,,SIN DATOS,2,0,Morelia,Lomas del Tecnologico,septiembre,martes,20,-101.192267127335,19.7202650400509
31056,31061,2020,,2020/09/15,20:58:00,SALIDA DE SUPERFICIE DE RODAMIENTO,CONCRETO,Lluvioso,Bueno,2,CHEVROLET,BLANCO,2,MINISTERIO PÚBLICO,50,MASCULINO,ALIENTO ETÍLICO,0,0,Morelia,Los Manantiales de Morelia,septiembre,martes,21,-101.237724870443,19.7014799369081
31057,31062,2020,,2020/09/15,22:30:00,COLISIÓN POR CORTE DE CIRCULACIÓN,ASFALTO,Bueno,Bueno,1,ITALIKA,GRIZ,1,MINISTERIO PÚBLICO,,,SIN DATOS,0,0,Lázaro Cárdenas,Popular Indeco,septiembre,martes,23,-102.220508046448,17.9619285259732
31058,31063,2020,LEG32864,2020/09/16,"00:00:00",COLISIÓN POR ALCANCE,ASFALTO,Lluvioso,Regular,2,FORD,BLANCO,2,,64,MASCULINO,SIN DATOS,0,0,Morelia,Fidel Velazquez,septiembre,miércoles,0,-101.23627178371,19.7076081580464
31059,31064,2020,,2020/09/16,"00:45:00",SUBIDA AL CAMELLÓN,ASFALTO,Nublado,Bueno,1,FORD/TOPAZ,AZUL,1,,0,,SIN DATOS,0,0,Morelia,Francisco J Mujica,septiembre,miércoles,1,-101.188235309987,19.7214981624304
31060,31065,2020,,2020/09/16,"01:30:00",CAIDA DE MOTOCICLETA,ASFALTO,Bueno,Bueno,1,ITALIKA,NEGRO Y VERDE,1,,30,MASCULINO,ALIENTO ETÍLICO,0,0,Morelia,Lomas del Valle,septiembre,miércoles,2,-101.230632774532,19.6878025675882
31061,31066,2020,,2020/09/16,"02:20:00",COLISIÓN POR CAMBIO DE CARRIL,ASFALTO,Lluvioso,Regular,2,CHEVROLET,GRIS,2,,65,MASCULINO,ALIENTO ETÍLICO,0,0,Morelia,Los Manantiales de Morelia,septiembre,miércoles,2,-101.237730539657,19.7014749152095
31062,31067,2020,,2020/09/16,"07:37:00",COLISIÓN CONTRA OBJETO FIJO,CONCRETO,Bueno,Bueno,1,MAZDA,BLANCO,1,,26,MASCULINO,ALIENTO ETÍLICO,0,0,Morelia,Lomas del Valle,septiembre,miércoles,8,-101.227704137564,19.6891333687222
31063,31068,2020,,2020/09/16,"08:20:00",COLISIÓN POR INVASIÓN DE CARRIL,ASFALTO,Bueno,Bueno,2,VOLKSWAGEN,ROJO,1,,35,MASCULINO,SIN DATOS,0,0,Morelia,Primo Tapia,septiembre,miércoles,8,-101.211796595958,19.7090781042316
31064,31069,2020,LEG32848,2020/09/16,"09:40:00",COLISIÓN POR INVASIÓN DE CARRIL,ASFALTO,Bueno,Bueno,2,NISSAN,BLANCO,7,MINISTERIO PÚBLICO,,,,7,0,Charo,Sin datos,septiembre,miércoles,10,-100.998167029835,19.6583766205781
31065,31070,2020,LEG32866,2020/09/16,10:15:00,COLISIÓN POR CORTE DE CIRCULACIÓN,CONCRETO,Bueno,Regular,2,DODGE,GRIS,2,,38,MASCULINO,SIN DATOS,0,0,Morelia,Melchor Ocampo,septiembre,miércoles,10,-101.150797798551,19.7062960759094
31066,31071,2020,MOR200715902,2020/09/16,12:45:00,COLISIÓN POR ALCANCE,ASFALTO,Bueno,Bueno,2,NISSAN,ROJO,2,,0,MASCULINO,SIN DATOS,0,0,Morelia,Articulo Constitucional,septiembre,miércoles,13,-101.172804713927,19.7151340722994
31067,31072,2020,LEG32861,2020/09/16,12:52:00,COLISIÓN POR ALCANCE,ASFALTO,Bueno,Bueno,2,FORD,BLANCO,2,,51,MASCULINO,SIN DATOS,0,0,Morelia,Tinijaro,septiembre,miércoles,13,-101.264382340014,19.6962337532584
31068,31073,2020,,2020/09/16,13:15:00,COLISIÓN POR CORTE DE CIRCULACIÓN,ASFALTO,Nublado,Regular,1,NISSAN,PLATA,0,,,,,0,0,Peribán,Sin datos,septiembre,miércoles,13,-102.455174513161,19.4553123601339
31069,31074,2020,MOR200718216,2020/09/16,15:50:00,COLISIÓN POR CORTE DE CIRCULACIÓN,ASFALTO,Bueno,Bueno,2,NISSAN,BLANCO ORO Y VERDE,2,,45,MASCULINO,SIN DATOS,0,0,Morelia,Lomas de Morelia (Dr Ignacio Chavez),septiembre,miércoles,16,-101.174418032169,19.7163814371617
31070,31075,2020,MOR200719327,2020/09/16,16:20:00,COLISIÓN CONTRA OBJETO FIJO,CONCRETO,Lluvioso,Regular,1,VOLKSWAGEN,BLANCO,1,,50,MASCULINO,SIN DATOS,0,0,Morelia,Ejidal Ocolusen,septiembre,miércoles,16,-101.152224733747,19.6841201858158
31071,31076,2020,MOR2000716767,2020/09/16,17:55:00,COLISIÓN POR CORTE DE CIRCULACIÓN,CONCRETO,Bueno,Bueno,2,MINI,BLANCO,2,,0,FEMENINO,SIN DATOS,0,0,Morelia,Ventura Puente,septiembre,miércoles,18,-101.191897988319,19.6924034886714
31072,31077,2020,LEG32862,2020/09/16,18:20:00,COLISIÓN CONTRA OBJETO FIJO,ASFALTO,Bueno,Regular,1,NISSAN,BLANCO Y ROJO,1,,55,MASCULINO,ALIENTO ETÍLICO,0,0,Morelia,San Jose del Cerrito,septiembre,miércoles,18,-101.221210814334,19.6580501506492
31073,31078,2020,MOR 20071990,2020/09/16,20:20:00,COLISIÓN POR ALCANCE,ASFALTO,Nublado,Bueno,2,MERCEDES BENS,PLATA,2,,54,MASCULINO,ALIENTO ETÍLICO,0,0,Morelia,Vasco de Quiroga,septiembre,miércoles,20,-101.177782528102,19.698760591822
31074,31079,2020,LEG32863,2020/09/16,20:25:00,COLISIÓN POR ALCANCE,ASFALTO,Nublado,Regular,2,VOLKSWAGEN,AZUL,2,,57,MASCULINO,SIN DATOS,0,0,Morelia,La Calera,septiembre,miércoles,20,-101.23576957858,19.6731390405715
31075,31080,2020,,2020/09/16,20:35:00,COLISIÓN POR CORTE DE CIRCULACIÓN,CONCRETO,Lluvioso,Bueno,2,PEUGEUT,ROJO,2,MINISTERIO PÚBLICO,36,MASCULINO,SIN DATOS,0,0,Pátzcuaro,Erendira 1,septiembre,miércoles,21,-101.614694595337,19.5061449110717
31076,31081,2020,MOR200717362,2020/09/16,22:03:00,COLISIÓN CONTRA OBJETO FIJO,CONCRETO,Bueno,Bueno,2,DODGE,ROJO,2,,28,MASCULINO,ALIENTO ETÍLICO,0,0,Morelia,Isaac Arriaga,septiembre,miércoles,22,-101.173956048338,19.7099344170429
31077,31082,2020,LEG32855,2020/09/16,23:20:00,COLISIÓN POR ALCANCE,ASFALTO,Bueno,Bueno,2,NISSAN,rojo,2,,55,FEMENINO,SIN DATOS,0,0,Morelia,Mirador del Punhuato,septiembre,miércoles,23,-101.158511191607,19.7034916170551
31078,31083,2020,LEG32865,2020/09/16,23:20:00,SUBIDA AL CAMELLÓN,ASFALTO,Lluvioso,Regular,1,CHEVROLET,ARENA,1,,52,MASCULINO,SIN DATOS,0,0,Morelia,Barrio Alto,septiembre,miércoles,23,-101.195098534226,19.7244828312362
31079,31084,2020,MOR200721784,2020/09/17,"00:00:00",COLISIÓN POR INVASIÓN DE CARRIL,ASFALTO,Bueno,Bueno,2,FREIGHTLINER,BLANCO,2,,45,MASCULINO,SIN DATOS,0,0,Morelia,Arcos del Valle,septiembre,jueves,0,-101.236245632172,19.7076302526759
31080,31085,2020,,2020/09/17,"00:01:00",COLISIÓN CONTRA OBJETO FIJO,ASFALTO,Nublado,Regular,1,GMC,ROJO,1,,20,MASCULINO,SIN DATOS,0,0,Peribán,Sin datos,septiembre,jueves,0,-102.442776672542,19.5502848110775
31081,31086,2020,MOR 200720402,2020/09/17,"00:40:00",COLISIÓN POR ALCANCE,CONCRETO,Lluvioso,Regular,2,RENAULT,CAFE,2,,42,MASCULINO,CON CERTIFICADO,0,0,Morelia,Centro,septiembre,jueves,1,-101.183176785707,19.7029723216279