fid,id_accidente,anio_origen,folio_c5i,dia_incidente,hora_ocurrencia,tipo_incidente_vial,superficie_ocurrencia,condiciones_climaticas,condiciones_via,numero_vehiculos_involucrados,marca_vehiculo_ocasiona_siniestro,color_vehiculo_ocasiona_siniestro,numero_personas_involucradas,lugar_remite_presunto_responsable,edad_presunto_responsable,sexo_presunto_responsable,resultados_toxicologia,numero_personas_lesionadas,numero_personas_fallecidas,municipio,colonia,mes,dia_semana,hora_redondeada,lon,lat
31082,31087,2020,MOR200720599,2020/09/17,"07:30:00",SALIDA DE SUPERFICIE DE RODAMIENTO,ASFALTO,Bueno,Bueno,1,NISSAN,BLANCO Y ROJO,1,,38,MASCULINO,SIN DATOS,0,0,Morelia,Ampliacion La Soledad,septiembre,jueves,8,-101.186913468591,19.73096744938
31083,31088,2020,MOR20058609,2020/09/17,10:50:00,COLISIÓN POR CORTE DE CIRCULACIÓN,ASFALTO,Bueno,Bueno,2,TOYOTA,ARENA,2,,28,FEMENINO,SIN DATOS,0,0,Morelia,Arcos del Valle,septiembre,jueves,11,-101.23625099659,19.7076255181223
31084,31089,2020,,2020/09/17,10:55:00,COLISIÓN POR ALCANCE,ASFALTO,Bueno,Bueno,2,MB,ROJO,2,,25,MASCULINO,SIN DATOS,0,0,Morelia,Prados Verdes,septiembre,jueves,11,-101.197193979539,19.7152846242725
31085,31090,2020,,2020/09/17,12:45:00,COLISIÓN CONTRA OBJETO FIJO,ASFALTO,Bueno,Bueno,1,NISSAN,PLATA,1,MINISTERIO PÚBLICO,25,MASCULINO,SIN DATOS,0,0,Tarímbaro,De La Cruz,septiembre,jueves,13,-101.162618628956,19.7972398844806
31086,31091,2020,,2020/09/17,13:15:00,SALIDA DE SUPERFICIE DE RODAMIENTO,TERRACERIA,Bueno,Bueno,1,DODGE/RAM 4000,BLANCO,1,,29,MASCULINO,SIN DATOS,0,0,Charo,La Goleta,septiembre,jueves,13,-101.083288639784,19.7372582971049
31087,31092,2020,,2020/09/17,13:40:00,SALIDA DE SUPERFICIE DE RODAMIENTO,ASFALTO,Bueno,Bueno,1,VOLKSWAGEN,AZUL,1,,38,,SIN DATOS,0,0,Morelia,El Durazno,septiembre,jueves,14,-101.180980056524,19.6566725056713
31088,31093,2020,,2020/09/17,13:50:00,COLISIÓN CONTRA OBJETO FIJO,ASFALTO,Bueno,Bueno,2,FORD,BLANCO Y AZUL,2,,31,MASCULINO,SIN DATOS,0,0,Morelia,Paseo de Las Lomas,septiembre,jueves,14,-101.148979961872,19.6993751710097
31089,31094,2020,,2020/09/17,15:50:00,COLISIÓN POR CORTE DE CIRCULACIÓN,ASFALTO,Bueno,Bueno,2,VOLKSWAGEN,PLATA,0,MINISTERIO PÚBLICO,,,,0,0,Lázaro Cárdenas,Centro,septiembre,jueves,16,-102.195321799003,17.9520288444298
31090,31095,2020,,2020/09/17,16:30:00,COLISIÓN POR CORTE DE CIRCULACIÓN,ASFALTO,Bueno,Bueno,2,NISSAN,AZUL,2,,,MASCULINO,SIN DATOS,0,0,Morelia,Chapultepec Oriente,septiembre,jueves,17,-101.159434237264,19.6899681234686
31091,31096,2020,MOR200719487,2020/09/17,16:40:00,COLISIÓN POR ALCANCE,CONCRETO,Lluvioso,Bueno,2,DODGE,ROJO,2,,31,MASCULINO,SIN DATOS,0,0,Morelia,Camelinas,septiembre,jueves,17,-101.17422927171,19.6819226663455
31092,31097,2020,,2020/09/17,17:00:00,COLISIÓN POR CORTE DE CIRCULACIÓN,ASFALTO,Bueno,Bueno,2,KENWORTH,ROJO,0,MINISTERIO PÚBLICO,,,,0,0,Hidalgo,Sin datos,septiembre,jueves,17,-100.51247164607,19.6875175113187
31093,31098,2020,,2020/09/17,19:30:00,COLISIÓN POR CORTE DE CIRCULACIÓN,CONCRETO,Bueno,Bueno,2,CHEVROLET,GRIS,2,,35,MASCULINO,SIN DATOS,0,0,Morelia,Centro,septiembre,jueves,20,-101.200152151287,19.7046244654967
31094,31099,2020,,2020/09/17,19:42:00,COLISIÓN CONTRA OBJETO FIJO,ASFALTO,Bueno,Bueno,2,DODGE,PLATA,2,,40,FEMENINO,SIN DATOS,0,0,Morelia,Juarez,septiembre,jueves,20,-101.196973063052,19.6955392996939
31095,31100,2020,,2020/09/17,20:50:00,COLISIÓN POR INVASIÓN DE CARRIL,ASFALTO,Bueno,Bueno,2,FORD,ARENA,3,MINISTERIO PÚBLICO,,,,3,0,Hidalgo,Sin datos,septiembre,jueves,21,-100.592707917094,19.699518162131
31096,31101,2020,,2020/09/17,21:10:00,VOLCADURA,ASFALTO,Bueno,Bueno,1,DODGE JOURNEY,ROJO,1,,30,MASCULINO,SIN DATOS,0,0,Tarímbaro,Sin datos,septiembre,jueves,21,-101.170930794693,19.7524025896893
31097,31102,2020,,2020/09/17,21:20:00,COLISIÓN POR INVASIÓN DE CARRIL,ASFALTO,Bueno,Bueno,1,VOLKSWAGEN,AZUL,8,MINISTERIO PÚBLICO,,,,8,0,Hidalgo,Sin datos,septiembre,jueves,21,-100.591815442525,19.6996179086211
31098,31103,2020,MOR200720164,2020/09/17,22:00:00,COLISIÓN CONTRA OBJETO FIJO,ASFALTO,Lluvioso,Bueno,1,MERCEDES BENZ,GRIS,1,,25,MASCULINO,SIN DATOS,0,0,Morelia,Ejidal Ocolusen,septiembre,jueves,22,-101.15227907896,19.6841116910494
31099,31104,2020,,2020/09/18,"00:00:00",COLISIÓN POR CORTE DE CIRCULACIÓN,ASFALTO,Bueno,Bueno,2,INTERNATIONAL,BLANCO,2,MINISTERIO PÚBLICO,38,MASCULINO,SIN DATOS,0,0,Jungapeo,Sin datos,septiembre,viernes,0,-100.479081191801,19.4850488667841
31100,31105,2020,,2020/09/18,"00:24:00",COLISIÓN CONTRA OBJETO FIJO,ASFALTO,Bueno,Bueno,2,JEEP,GRANITO,2,,23,FEMENINO,ALIENTO ETÍLICO,0,0,Tarímbaro,Sin datos,septiembre,viernes,0,-101.126926504076,19.777789964963
31101,31106,2020,,2020/09/18,"04:20:00",COLISIÓN POR CORTE DE CIRCULACIÓN,CONCRETO,Bueno,Bueno,1,NISSAN,AZUL,2,,33,MASCULINO,SIN DATOS,1,0,Morelia,Centro,septiembre,viernes,4,-101.200180985034,19.7030228250974
31102,31107,2020,LEG32915,2020/09/18,"05:10:00",COLISIÓN POR CORTE DE CIRCULACIÓN,ASFALTO,Bueno,Regular,2,SIN DATOS,SIN DATOS,3,MINISTERIO PÚBLICO,,,SIN DATOS,1,1,Morelia,Felix Ireta,septiembre,viernes,5,-101.1919749,19.6869904499991
31103,31108,2020,MOR2006892654,2020/09/18,"09:50:00",COLISIÓN CON PEATÓN,ASFALTO,Bueno,Bueno,1,BAJAJ,NEGRA,3,MINISTERIO PÚBLICO,22,MASCULINO,SIN DATOS,2,0,Morelia,Centro,septiembre,viernes,10,-101.194721195,19.6967728549991
31104,31109,2020,MOR200723170,2020/09/18,"09:59:00",COLISIÓN POR ALCANCE,ASFALTO,Bueno,Bueno,2,FORD,ARENA,2,,34,MASCULINO,SIN DATOS,0,0,Morelia,Francisco J Mujica,septiembre,viernes,10,-101.188181117177,19.7214615803393
31105,31110,2020,MOR200723668,2020/09/18,10:30:00,COLISIÓN POR CORTE DE CIRCULACIÓN,ASFALTO,Bueno,Bueno,3,CHRYSLER,AZUL,3,MINISTERIO PÚBLICO,52,MASCULINO,SIN DATOS,0,0,Morelia,Mariano Escobedo,septiembre,viernes,11,-101.209748685,19.7223888749991
31106,31111,2020,LEG32888,2020/09/18,10:54:00,COLISIÓN POR ALCANCE,ASFALTO,Bueno,Bueno,2,DODGE,AZUL Y NARANJA,2,,29,MASCULINO,SIN DATOS,0,0,Morelia,Elias Perez Avalos,septiembre,viernes,11,-101.165723651648,19.7103416996705
31107,31112,2020,LEG32889,2020/09/18,12:24:00,COLISIÓN POR ALCANCE,ASFALTO,Bueno,Bueno,2,NISSAN,GRIS,2,,28,MASCULINO,SIN DATOS,0,0,Morelia,Elias Perez Avalos,septiembre,viernes,12,-101.167813022979,19.7136335493406
31108,31113,2020,MOR200723616,2020/09/18,12:28:00,COLISIÓN POR ALCANCE,ASFALTO,Bueno,Bueno,2,NISSAN,BLANCO Y ROJO,2,MINISTERIO PÚBLICO,78,MASCULINO,SIN DATOS,0,0,Morelia,Tinijaro,septiembre,viernes,12,-101.26316,19.6963297049991
31109,31114,2020,,2020/09/18,12:45:00,COLISIÓN CON PEATÓN,ASFALTO,Bueno,Bueno,1,VOLKSWAGEN,ROJO,2,MINISTERIO PÚBLICO,39,MASCULINO,SIN DATOS,1,0,Salvador Escalante,Sin datos,septiembre,viernes,13,-101.577580869198,19.4059749925187
31110,31115,2020,MOR200723190,2020/09/18,13:20:00,COLISIÓN CON PEATÓN,CONCRETO,Bueno,Bueno,1,FORD,AZUL,2,MINISTERIO PÚBLICO,49,MASCULINO,SIN DATOS,1,0,Morelia,Tzindurio de Morelos,septiembre,viernes,13,-101.25023204156,19.6977972384293
31111,31116,2020,MOR200724263,2020/09/18,17:00:00,COLISIÓN CON PEATÓN,CONCRETO,Bueno,Bueno,1,FORD,BLANCO Y ROSA,2,,35,MASCULINO,SIN DATOS,1,0,Morelia,Eva Samano,septiembre,viernes,17,-101.199971965,19.7303259149991
31112,31117,2020,LEG32912,2020/09/18,19:20:00,COLISIÓN CONTRA OBJETO FIJO,ASFALTO,Nublado,Regular,1,DINA,BLANCO,1,,47,MASCULINO,SIN DATOS,0,0,Morelia,Cumbres de Altozano,septiembre,viernes,19,-101.167711821876,19.6542337497485
31113,31118,2020,LEG32911,2020/09/18,19:45:00,COLISIÓN POR NO RESPETAR SEMÁFORO,ASFALTO,Lluvioso,Regular,2,VOLKSWAGEN,NEGRO,2,,0,MASCULINO,SIN DATOS,0,0,Morelia,Chapultepec Sur,septiembre,viernes,20,-101.176872222937,19.6931257631623
31115,31120,2020,LEG32909,2020/09/18,20:15:00,COLISIÓN POR CORTE DE CIRCULACIÓN,ASFALTO,Nublado,Regular,1,NISSAN,BLANCO Y ROJO,1,,49,MASCULINO,SIN DATOS,0,0,Morelia,Adolfo Lopez Mateos,septiembre,viernes,20,-101.220479973339,19.6978370111992
31116,31121,2020,LEG32910,2020/09/18,20:35:00,COLISIÓN CONTRA OBJETO FIJO,ASFALTO,Nublado,Malo,1,FORD,NEGRO,1,,57,MASCULINO,CON CERTIFICADO,0,0,Morelia,Lomas del Durazno,septiembre,viernes,21,-101.191863115,19.6635738599992
31117,31122,2020,LEG32890,2020/09/18,20:40:00,COLISIÓN POR ALCANCE,ASFALTO,Lluvioso,Bueno,6,FORD,CAFE,6,MINISTERIO PÚBLICO,47,MASCULINO,SIN DATOS,0,0,Morelia,Centro,septiembre,viernes,21,-101.18875609,19.7086253949991
31118,31123,2020,MOR200725032,2020/09/18,21:00:00,COLISIÓN POR ALCANCE,ASFALTO,Lluvioso,Regular,2,NISSAN,ARENA,2,MINISTERIO PÚBLICO,26,MASCULINO,SIN DATOS,0,0,Morelia,Infonavit Cepamisa,septiembre,viernes,21,-101.21640064,19.6965741849992
31119,31124,2020,MOR200725190,2020/09/18,21:30:00,COLISIÓN POR CAMBIO DE CARRIL,ASFALTO,Lluvioso,Regular,2,FORD,PLATA,2,,26,MASCULINO,CON CERTIFICADO,0,0,Morelia,Infonavit Cepamisa,septiembre,viernes,22,-101.21640064,19.6965741849992
31120,31125,2020,LEG32913,2020/09/18,22:00:00,COLISIÓN POR CORTE DE CIRCULACIÓN,ASFALTO,Nublado,Regular,2,TOYOTA,BLANCO Y NARANJA,2,,29,MASCULINO,SIN DATOS,0,0,Morelia,Santa Fe,septiembre,viernes,22,-101.172087361689,19.738721483098
31121,31126,2020,LEG32908,2020/09/18,22:40:00,COLISIÓN POR MANIOBRA DE REVERSA,ASFALTO,Lluvioso,Regular,2,NISSAN,ROJO,2,,26,MASCULINO,SIN DATOS,0,0,Morelia,Adolfo Lopez Mateos,septiembre,viernes,23,-101.223653566477,19.6936604782947
31122,31127,2020,LEG32904,2020/09/18,23:00:00,COLISIÓN POR ALCANCE,ASFALTO,Nublado,Regular,2,CHRYSLER,BLANCO,2,,0,MASCULINO,CON CERTIFICADO,0,0,Morelia,Tinijaro,septiembre,viernes,23,-101.26316,19.6963297049991
31123,31128,2020,,2020/09/19,"00:00:00",COLISIÓN POR CAMBIO DE CARRIL,ASFALTO,Nublado,Bueno,3,Volkswagen,AZUL,3,,25,MASCULINO,SIN DATOS,0,0,Morelia,Los Angeles,septiembre,sábado,0,-101.175037957728,19.7445233350117
31124,31129,2020,,2020/09/19,"00:00:00",COLISIÓN POR ALCANCE,ASFALTO,Bueno,Bueno,2,VOLKSWAGEN,PLATA,2,,37,MASCULINO,SIN DATOS,0,0,Morelia,Centro,septiembre,sábado,0,-101.198428565665,19.7035391005434
31125,31130,2020,LEG32902,2020/09/19,"00:15:00",COLISIÓN CONTRA OBJETO FIJO,ASFALTO,Bueno,Bueno,1,CHEVROLET,BLANCO,1,,0,,SIN DATOS,0,0,Morelia,Adolfo Lopez Mateos,septiembre,sábado,0,-101.223653566477,19.6936604782947
31126,31131,2020,LEG32903,2020/09/19,"01:10:00",COLISIÓN POR NO RESPETAR SEMÁFORO,CONCRETO,Nublado,Regular,2,ITALIKA,NEGRO,2,,25,MASCULINO,SIN DATOS,0,0,Morelia,Poblado de Ocolusen,septiembre,sábado,1,-101.150127649172,19.6944699261717
31127,31132,2020,LEG32900,2020/09/19,"01:35:00",COLISIÓN CONTRA OBJETO FIJO,CONCRETO,Nublado,Regular,1,FORD,AZUL,1,,24,MASCULINO,SIN DATOS,0,0,Morelia,Villas Morelianas,septiembre,sábado,2,-101.220777445,19.6800705849992
31128,31133,2020,,2020/09/19,"01:50:00",COLISIÓN CONTRA OBJETO FIJO,CONCRETO,Bueno,Bueno,1,FORD,ARENA,1,,0,MASCULINO,SIN DATOS,0,0,Morelia,4 de Marzo,septiembre,sábado,2,-101.214731532901,19.7128874110446
31129,31134,2020,LEG32901,2020/09/19,"01:52:00",COLISIÓN POR ALCANCE,CONCRETO,Nublado,Regular,2,HONDA,GRIS,2,,25,MASCULINO,SIN DATOS,0,0,Morelia,Alberto Oviedo Mota,septiembre,sábado,2,-101.198908182011,19.681555672698
31131,31136,2020,LEG32914,2020/09/19,"03:30:00",SUBIDA AL CAMELLÓN,ASFALTO,Nublado,Regular,1,TOYOTA,BLANCO,1,,0,MASCULINO,SIN DATOS,0,0,Morelia,Alberto Oviedo Mota,septiembre,sábado,4,-101.20203369043,19.6778057230932
31133,31138,2020,LEG32905,2020/09/19,"04:00:00",COLISIÓN CONTRA OBJETO FIJO,ASFALTO,Nublado,Malo,1,HONDA,AZUL,1,,0,MASCULINO,SIN DATOS,0,0,Morelia,Adolfo Lopez Mateos,septiembre,sábado,4,-101.223653566477,19.6936604782947
31134,31139,2020,MOR200725487,2020/09/19,"07:00:00",COLISIÓN CONTRA OBJETO FIJO,ASFALTO,Nublado,Bueno,2,VW,CAFE,2,,22,FEMENINO,SIN DATOS,0,0,Morelia,Camelinas,septiembre,sábado,7,-101.17075869981,19.6837967780615
31135,31140,2020,,2020/09/19,"08:25:00",VOLCADURA,ASFALTO,Nublado,Bueno,1,FORD,TITANIO,1,MINISTERIO PÚBLICO,26,MASCULINO,SIN DATOS,0,0,Morelia,Sin datos,septiembre,sábado,8,-101.101428084075,19.7372740760463
31136,31141,2020,MOR200725309,2020/09/19,12:30:00,COLISIÓN POR ALCANCE,CONCRETO,Lluvioso,Regular,2,VOLKSWAGEN,AZUL,2,,35,MASCULINO,SIN DATOS,0,0,Morelia,Santa Maria de Guido,septiembre,sábado,13,-101.19173425636,19.6770188028595
31137,31142,2020,,2020/09/19,12:54:00,COLISIÓN POR INVASIÓN DE CARRIL,ASFALTO,Bueno,Bueno,2,Honda,Rojo,2,,32,MASCULINO,SIN DATOS,0,0,Morelia,Tinijaro,septiembre,sábado,13,-101.257434748113,19.697241394285
31138,31143,2020,,2020/09/19,13:06:00,COLISIÓN POR CORTE DE CIRCULACIÓN,CONCRETO,Bueno,Bueno,2,CHRYSLER,ARENA,2,,35,FEMENINO,SIN DATOS,0,0,Morelia,Jacarandas,septiembre,sábado,13,-101.210060445,19.7081551299991
31140,31145,2020,,2020/09/19,15:00:00,COLISIÓN POR ALCANCE,ASFALTO,Bueno,Bueno,2,NISSAN,NEGRO,2,,17,MASCULINO,SIN DATOS,0,0,Morelia,Lomas de Morelia (Dr Ignacio Chavez),septiembre,sábado,15,-101.175452644618,19.7162004988672
31141,31146,2020,MOR200726454,2020/09/19,15:06:00,COLISIÓN POR INVASIÓN DE CARRIL,ASFALTO,Bueno,Bueno,2,RENAULT,BLANCO,1,,0,MASCULINO,SIN DATOS,0,0,Morelia,Centro,septiembre,sábado,15,-101.194721195,19.6967728549991
31142,31147,2020,,2020/09/19,16:45:00,COLISIÓN POR ALCANCE,ASFALTO,Bueno,Bueno,2,NISSAN NP 300,BLANCO,2,,44,MASCULINO,SIN DATOS,0,0,Morelia,Poblado de Ocolusen,septiembre,sábado,17,-101.150127649172,19.6944699261717
31144,31149,2020,,2020/09/19,20:40:00,COLISIÓN POR CORTE DE CIRCULACIÓN,CONCRETO,Nublado,Bueno,2,TOYOTA/HIACE,BLANCO ROJO,2,,46,MASCULINO,SIN DATOS,0,0,Morelia,Insurgentes,septiembre,sábado,21,-101.15577525,19.6974293899991
31146,31151,2020,LEG32935,2020/09/20,"00:00:00",SUBIDA AL CAMELLÓN,CONCRETO,Nublado,Bueno,1,AUDI,BLANCO,1,,74,MASCULINO,SIN DATOS,0,0,Morelia,San Guillermo,septiembre,domingo,0,-101.178633489393,19.73856671111
31148,31153,2020,,2020/09/20,"03:30:00",COLISIÓN POR CORTE DE CIRCULACIÓN,ASFALTO,Lluvioso,Bueno,2,NISSAN,BLANCO,2,,25,MASCULINO,SIN DATOS,0,0,Morelia,Centro,septiembre,domingo,4,-101.18218963,19.7028850649992
31149,31154,2020,MOR200727847,2020/09/20,"04:00:00",COLISIÓN POR CORTE DE CIRCULACIÓN,ASFALTO,Lluvioso,Malo,2,VOLKSWAGEN,BLANCO,2,,32,MASCULINO,ALIENTO ETÍLICO,0,0,Morelia,Campestre del Vergel,septiembre,domingo,4,-101.241303401787,19.6753590950906
31150,31155,2020,,2020/09/20,"04:20:00",COLISIÓN CONTRA OBJETO FIJO,CONCRETO,Nublado,Bueno,3,CHEVROLET/SILVERADO,BLANCO,3,,23,MASCULINO,CON CERTIFICADO,0,0,Morelia,Vicente Guerrero,septiembre,domingo,4,-101.229036835,19.7017004399992
31151,31156,2020,,2020/09/20,"04:20:00",COLISIÓN CONTRA OBJETO FIJO,ASFALTO,Bueno,Bueno,1,VOLKSWAGEN,NEGRO,1,,24,,SIN DATOS,0,0,Morelia,Adolfo Lopez Mateos,septiembre,domingo,4,-101.225991528489,19.7009257355516
31152,31157,2020,,2020/09/20,"06:15:00",VOLCADURA,ASFALTO,Bueno,Bueno,1,FORD,VERDE,0,,,,,0,0,Tuxpan,Santa Ana,septiembre,domingo,6,-100.46632594683,19.5850150315023
31153,31158,2020,,2020/09/20,10:05:00,COLISIÓN POR CAMBIO DE CARRIL,ASFALTO,Bueno,Bueno,2,SUZUKI,BLANCO,2,,28,MASCULINO,SIN DATOS,0,0,Morelia,Morelos,septiembre,domingo,10,-101.211017505691,19.6943205551019
31154,31159,2020,,2020/09/20,13:30:00,COLISIÓN POR CORTE DE CIRCULACIÓN,ASFALTO,Bueno,Bueno,2,HONDA,GUINDA,2,,56,MASCULINO,SIN DATOS,0,0,Morelia,Ejidal Ocolusen,septiembre,domingo,14,-101.15286678753,19.6856651354184
31155,31160,2020,,2020/09/20,16:20:00,COLISIÓN POR CORTE DE CIRCULACIÓN,ASFALTO,Bueno,Bueno,2,NISSAN,HIERRO,2,MINISTERIO PÚBLICO,34,FEMENINO,SIN DATOS,0,0,Morelia,Junta de Jaujilla,septiembre,domingo,16,-101.225801110268,19.6914091901035
31156,31161,2020,,2020/09/20,19:20:00,COLISIÓN POR CAMBIO DE CARRIL,ASFALTO,Bueno,Bueno,2,VOLKSWAGEN,GRIS,2,MINISTERIO PÚBLICO,41,MASCULINO,SIN DATOS,0,0,Morelia,Sin datos,septiembre,domingo,19,-101.386366158046,19.6674572068694
31157,31162,2020,,2020/09/20,19:25:00,COLISIÓN POR INVASIÓN DE CARRIL,ASFALTO,Nublado,Bueno,2,DATSUN,BLANCO,4,MINISTERIO PÚBLICO,60,MASCULINO,SIN DATOS,1,1,Epitacio Huerta,Sin datos,septiembre,domingo,19,-100.292215652096,20.1564994666715
31158,31163,2020,,2020/09/20,20:20:00,COLISIÓN POR ALCANCE,ASFALTO,Bueno,Regular,2,NISSAN,VERDE,2,,20,MASCULINO,SIN DATOS,0,0,Morelia,Chapultepec Oriente,septiembre,domingo,20,-101.159318841316,19.6899579358666
31159,31164,2020,,2020/09/20,20:30:00,COLISIÓN POR INVASIÓN DE CARRIL,ASFALTO,Lluvioso,Bueno,2,MERCURY,GRIS,2,MINISTERIO PÚBLICO,,,,2,0,Coeneo,Sin datos,septiembre,domingo,21,-101.657328338109,19.7798838884599
31160,31165,2020,MOR200729674,2020/09/20,21:00:00,COLISIÓN POR CORTE DE CIRCULACIÓN,CONCRETO,Nublado,Regular,2,SE DESCONOCE,SE DESCONOCE,2,,0,,SIN DATOS,0,0,Morelia,Los Angeles,septiembre,domingo,21,-101.17187351,19.7461463999991
31161,31166,2020,MOR200730189,2020/09/21,"01:30:00",COLISIÓN POR CAMBIO DE CARRIL,ASFALTO,Lluvioso,Regular,2,FORD,AZUL,2,,46,MASCULINO,CON CERTIFICADO,0,0,Morelia,Sentimientos de La Nacion,septiembre,lunes,2,-101.235535182059,19.6818238558956
31162,31167,2020,MOR200730212,2020/09/21,"01:30:00",COLISIÓN POR ALCANCE,CONCRETO,Lluvioso,Regular,2,VOLKSWAGEN,AZUL,2,MINISTERIO PÚBLICO,32,MASCULINO,SIN DATOS,1,0,Morelia,Centro,septiembre,lunes,2,-101.189836405896,19.7028947012084
31163,31168,2020,,2020/09/21,"01:50:00",COLISIÓN POR CORTE DE CIRCULACIÓN,ASFALTO,Bueno,Bueno,2,FORD,ROJO,2,,29,MASCULINO,SIN DATOS,0,0,Morelia,Centro,septiembre,lunes,2,-101.19118388321,19.702768457823
31164,31169,2020,MOR200730252,2020/09/21,"02:25:00",COLISIÓN POR ALCANCE,ASFALTO,Lluvioso,Regular,2,NISSAN,ROJO,2,,71,MASCULINO,ALIENTO ETÍLICO,0,0,Morelia,La Quemada,septiembre,lunes,2,-101.239503479816,19.7012128970574
31165,31170,2020,,2020/09/21,"07:04:00",COLISIÓN POR CORTE DE CIRCULACIÓN,ASFALTO,Bueno,Bueno,1,RENAULT,BLANCO,1,,,MASCULINO,SIN DATOS,0,0,Morelia,Vista Bella,septiembre,lunes,7,-101.195925675947,19.6790442736003
31167,31172,2020,,2020/09/21,"08:20:00",COLISIÓN CONTRA OBJETO FIJO,ASFALTO,Lluvioso,Regular,1,CHEVROLET,BLANCO,1,,27,MASCULINO,SIN DATOS,0,0,Morelia,Fuentes de Morelia,septiembre,lunes,8,-101.20316769,19.6693875049992
31168,31173,2020,MOR200730660,2020/09/21,10:00:00,COLISIÓN POR CAMBIO DE CARRIL,ASFALTO,Bueno,Bueno,2,CHEVROLET,PLATA,1,,30,MASCULINO,SIN DATOS,0,0,Morelia,La Quemada,septiembre,lunes,10,-101.240275,19.687817
31169,31174,2020,,2020/09/21,11:00:00,COLISIÓN POR CORTE DE CIRCULACIÓN,ASFALTO,Bueno,Bueno,2,TOYOTA,AZUL,2,,31,MASCULINO,SIN DATOS,0,0,Morelia,Centro,septiembre,lunes,11,-101.18218963,19.7028850649992
31170,31175,2020,,2020/09/21,11:20:00,COLISIÓN CONTRA OBJETO FIJO,ASFALTO,Bueno,Bueno,2,FREIGHTLINER,GRIS,2,,57,MASCULINO,SIN DATOS,0,0,Morelia,Las Americas,septiembre,lunes,11,-101.15401504,19.6887917349991
31171,31176,2020,,2020/09/21,11:30:00,COLISIÓN POR CAMBIO DE CARRIL,ASFALTO,Bueno,Bueno,2,KURAZAI,NEGRO,2,,30,MASCULINO,SIN DATOS,0,0,Morelia,El Lago 3,septiembre,lunes,12,-101.219665798708,19.7255458202325
31172,31177,2020,MOR200730845,2020/09/21,11:30:00,COLISIÓN POR CORTE DE CIRCULACIÓN,CONCRETO,Bueno,Bueno,2,VOLKSWAGEN,BLANCO,2,,45,MASCULINO,SIN DATOS,0,0,Lagunillas,El Pedregal,septiembre,lunes,12,-101.415476,19.561857
31173,31178,2020,,2020/09/21,11:43:00,COLISIÓN POR ALCANCE,ASFALTO,Bueno,Bueno,2,PEUGEOT,BLANCO,2,,40,MASCULINO,SIN DATOS,0,0,Tarímbaro,Sin datos,septiembre,lunes,12,-101.158266805995,19.766484
31174,31179,2020,,2020/09/21,13:18:00,COLISIÓN POR ALCANCE,ASFALTO,Bueno,Bueno,2,NISSAN,ROJO,2,MINISTERIO PÚBLICO,31,MASCULINO,SIN DATOS,0,0,Tuxpan,Santa Ana,septiembre,lunes,13,-100.466426163912,19.5828743355131
31175,31180,2020,,2020/09/21,14:15:00,COLISIÓN POR CORTE DE CIRCULACIÓN,CONCRETO,Bueno,Bueno,2,SIN DATOS,SIN DATOS,1,,,,SIN DATOS,0,0,Morelia,La Loma,septiembre,lunes,14,-101.1827400344,19.6793921923496
31176,31181,2020,,2020/09/21,15:20:00,COLISIÓN POR CORTE DE CIRCULACIÓN,CONCRETO,Nublado,Bueno,2,SEAT/IBIZA,BLANCO,2,MINISTERIO PÚBLICO,24,MASCULINO,SIN DATOS,0,0,Morelia,Nueva Chapultepec,septiembre,lunes,15,-101.170656534483,19.6877951794071
31177,31182,2020,,2020/09/21,15:55:00,COLISIÓN CONTRA OBJETO FIJO,ASFALTO,Bueno,Bueno,2,FREIGHTLINER,BLANCO,2,,26,MASCULINO,SIN DATOS,0,0,Morelia,Guadalupe,septiembre,lunes,16,-101.221081763506,19.7077777127313
31178,31183,2020,,2020/09/21,18:08:00,COLISIÓN POR CAMBIO DE CARRIL,ASFALTO,Bueno,Bueno,2,FREIGHTLINER,BLANCO,2,,45,MASCULINO,SIN DATOS,0,0,Morelia,Primo Tapia Oriente,septiembre,lunes,18,-101.160671657864,19.7148130515494
31180,31185,2020,,2020/09/22,"08:00:00",COLISIÓN POR CORTE DE CIRCULACIÓN,ASFALTO,Bueno,Bueno,2,NISSAN,NEGRO,0,MINISTERIO PÚBLICO,,,,0,0,Gabriel Zamora,Benito Juarez,septiembre,martes,8,-102.052443481303,19.1497585613094
31181,31186,2020,LEG32975,2020/09/22,"09:05:00",COLISIÓN CONTRA OBJETO FIJO,ASFALTO,Bueno,Bueno,1,VOLKSWAGEN,AZUL,1,,27,MASCULINO,SIN DATOS,0,0,Morelia,Los Angeles,septiembre,martes,9,-101.174963831234,19.7446625850393
31182,31187,2020,LEG32969,2020/09/22,"09:50:00",COLISIÓN POR CAMBIO DE CARRIL,ASFALTO,Bueno,Bueno,2,VOLKSWAGEN,AZUL,2,,0,MASCULINO,SIN DATOS,0,0,Morelia,Rafael Carrillo,septiembre,martes,10,-101.234988316215,19.7097301754797
31183,31188,2020,LEG32979,2020/09/22,11:10:00,COLISIÓN POR CORTE DE CIRCULACIÓN,CONCRETO,Bueno,Bueno,2,HONDA,BLANCO,2,,20,MASCULINO,SIN DATOS,0,0,Morelia,Primaveras,septiembre,martes,11,-101.225720643997,19.6806707853891
31184,31189,2020,LEG32980,2020/09/22,12:00:00,COLISIÓN POR CAMBIO DE CARRIL,CONCRETO,Bueno,Bueno,2,NISSAN,GRIS,2,,24,FEMENINO,SIN DATOS,0,0,Morelia,Fidel Velazquez,septiembre,martes,12,-101.23535245657,19.7050790487591