fid,id_accidente,anio_origen,folio_c5i,dia_incidente,hora_ocurrencia,tipo_incidente_vial,superficie_ocurrencia,condiciones_climaticas,condiciones_via,numero_vehiculos_involucrados,marca_vehiculo_ocasiona_siniestro,color_vehiculo_ocasiona_siniestro,numero_personas_involucradas,lugar_remite_presunto_responsable,edad_presunto_responsable,sexo_presunto_responsable,resultados_toxicologia,numero_personas_lesionadas,numero_personas_fallecidas,municipio,colonia,mes,dia_semana,hora_redondeada,lon,lat
31185,31190,2020,LEG32982,2020/09/22,12:23:00,COLISIÓN POR ALCANCE,ASFALTO,Bueno,Bueno,2,NISSAN,AZUL,2,,58,MASCULINO,SIN DATOS,0,0,Morelia,Ana Maria Gallaga (Riviera Ii),septiembre,martes,12,-101.223447837614,19.6766265928724
31186,31191,2020,LEG32981,2020/09/22,12:24:00,COLISIÓN POR CORTE DE CIRCULACIÓN,ASFALTO,Bueno,Bueno,3,VOLKSWAGEN,ROSA,3,,27,MASCULINO,SIN DATOS,0,0,Morelia,Torreon Nuevo,septiembre,martes,12,-101.202780015088,19.7448910248142
31187,31192,2020,LEG32968,2020/09/22,12:55:00,COLISIÓN POR CAMBIO DE CARRIL,ASFALTO,Bueno,Bueno,2,NISSAN,ROJO,2,,49,MASCULINO,SIN DATOS,0,0,Morelia,Nueva Valladolid,septiembre,martes,13,-101.210651201151,19.7020218540493
31188,31193,2020,LEG32978,2020/09/22,14:40:00,COLISIÓN CONTRA OBJETO FIJO,ASFALTO,Bueno,Bueno,1,DODGE,BLANCO,1,,59,FEMENINO,SIN DATOS,0,0,Morelia,Campestre Los Manantiales,septiembre,martes,15,-101.238140277565,19.687798148115
31189,31194,2020,LEG32976,2020/09/22,15:16:00,COLISIÓN POR CORTE DE CIRCULACIÓN,ASFALTO,Bueno,Bueno,2,SUZUKI,BLANCO,2,,36,MASCULINO,SIN DATOS,0,0,Morelia,Ventura Puente,septiembre,martes,15,-101.180902150541,19.689540071147
31190,31195,2020,LEG32971,2020/09/22,16:00:00,COLISIÓN POR ALCANCE,ASFALTO,Bueno,Bueno,2,CHEVROLET,BLANCO,2,,48,MASCULINO,SIN DATOS,0,0,Morelia,Jardines de Torremolinos,septiembre,martes,16,-101.225712932646,19.6777334286118
31191,31196,2020,LEG32973,2020/09/22,18:20:00,COLISIÓN POR ALCANCE,ASFALTO,Bueno,Bueno,3,DODGE,BLANCO Y AZUL,3,,31,MASCULINO,SIN DATOS,0,0,Morelia,Sentimientos de La Nacion,septiembre,martes,18,-101.235202923417,19.6810008540199
31192,31197,2020,LEG32983,2020/09/22,18:20:00,COLISIÓN POR ALCANCE,ASFALTO,Bueno,Bueno,2,CARABELA,AZUL,2,,20,MASCULINO,SIN DATOS,0,0,Morelia,Ventura Puente,septiembre,martes,18,-101.190050952137,19.6929729519819
31193,31198,2020,LEG32984,2020/09/22,20:20:00,COLISIÓN POR ALCANCE,CONCRETO,Bueno,Regular,2,NISSAN,BLANCO,2,,18,MASCULINO,SIN DATOS,0,0,Morelia,Ventura Puente,septiembre,martes,20,-101.192761324346,19.6915890642441
31194,31199,2020,MOR 200634834,2020/09/22,21:15:00,COLISIÓN POR INVASIÓN DE CARRIL,ASFALTO,Nublado,Regular,2,RENAULT,GRIS,3,MINISTERIO PÚBLICO,,,,3,0,Morelia,Sin datos,septiembre,martes,21,-101.478110142052,19.7880338262488
31195,31200,2020,MOR200735486,2020/09/23,"01:20:00",COLISIÓN CONTRA OBJETO FIJO,CONCRETO,Lluvioso,Bueno,2,FORD,VERDE,2,,,,SIN DATOS,0,0,Morelia,San Rafael,septiembre,miércoles,1,-101.153091788292,19.7015070827782
31196,31201,2020,,2020/09/23,"02:30:00",COLISIÓN POR ALCANCE,ASFALTO,Bueno,Bueno,2,MERCEDES BENZ,BLANCO,2,,29,FEMENINO,ALIENTO ETÍLICO,0,0,Morelia,Centro,septiembre,miércoles,3,-101.188897937536,19.7028773119326
31197,31202,2020,MOR200735529,2020/09/23,"02:35:00",SALIDA DE SUPERFICIE DE RODAMIENTO,CONCRETO,Nublado,Bueno,2,VOLKSWAGEN,BLANCO,2,MINISTERIO PÚBLICO,24,MASCULINO,CON CERTIFICADO,0,0,Morelia,Terrazas,septiembre,miércoles,3,-101.182321526788,19.7192513178458
31198,31203,2020,MOR200737495,2020/09/23,"02:40:00",COLISIÓN CONTRA OBJETO FIJO,ASFALTO,Lluvioso,Bueno,1,VOLKSWAGEN,ARENA,1,,21,MASCULINO,SIN DATOS,0,0,Morelia,Clara Cordova Moran,septiembre,miércoles,3,-101.180823482573,19.7374411033224
31199,31204,2020,,2020/09/23,"06:33:00",COLISIÓN POR CAMBIO DE CARRIL,ASFALTO,Nublado,Bueno,2,NISSAN,BLANCO,2,,55,MASCULINO,SIN DATOS,0,0,Morelia,Los Manantiales de Morelia,septiembre,miércoles,7,-101.238710643217,19.7013536769869
31200,31205,2020,,2020/09/23,"08:40:00",COLISIÓN POR ALCANCE,ASFALTO,Bueno,Bueno,2,VOLKSWAGEN,PLATA,2,,34,MASCULINO,SIN DATOS,0,0,Morelia,Morelos,septiembre,miércoles,9,-101.206943181225,19.7013739021134
31201,31206,2020,,2020/09/23,10:05:00,COLISIÓN POR ALCANCE,ASFALTO,Bueno,Bueno,2,STERLING,BLANCO,2,,52,MASCULINO,SIN DATOS,0,0,Morelia,Dr Miguel Silva,septiembre,miércoles,10,-101.187927793444,19.7204887484457
31203,31208,2020,,2020/09/23,15:30:00,COLISIÓN POR CORTE DE CIRCULACIÓN,ASFALTO,Bueno,Bueno,2,FORD,GUINDA,2,MINISTERIO PÚBLICO,0,MASCULINO,SIN DATOS,0,0,Pátzcuaro,Popular Vasco de Quiroga,septiembre,miércoles,16,-101.603465893053,19.5028033427844
31204,31209,2020,,2020/09/23,17:30:00,COLISIÓN POR ALCANCE,ASFALTO,Bueno,Bueno,2,VOLKSWAGEN,BLANCO,2,,38,MASCULINO,SIN DATOS,0,0,Morelia,Tinijaro,septiembre,miércoles,18,-101.26316,19.6963297049991
31206,31211,2020,,2020/09/23,19:15:00,COLISIÓN POR ALCANCE,ASFALTO,Bueno,Bueno,2,VOLKSWAGEN,GRIS,2,,27,MASCULINO,SIN DATOS,0,0,Tarímbaro,Sin datos,septiembre,miércoles,19,-101.142257035457,19.7729968055027
31207,31212,2020,,2020/09/23,19:50:00,COLISIÓN POR INVASIÓN DE CARRIL,ASFALTO,Bueno,Bueno,2,VENTO,NEGRO,1,MINISTERIO PÚBLICO,,,,1,0,Morelia,Tinijaro,septiembre,miércoles,20,-101.26316,19.6963297049991
31209,31214,2020,,2020/09/23,21:35:00,COLISIÓN POR ALCANCE,CONCRETO,Bueno,Bueno,2,NISSAN,BLANCO,2,,46,MASCULINO,ALIENTO ETÍLICO,0,0,Morelia,Lancaster,septiembre,miércoles,22,-101.149112198738,19.702059308576
31210,31215,2020,,2020/09/24,"01:30:00",COLISIÓN POR CAMBIO DE CARRIL,TERRACERIA,Bueno,Bueno,2,CHEVROLET/CHEYENNE,AZUL,2,,28,MASCULINO,CON CERTIFICADO,0,0,Morelia,Tinijaro,septiembre,jueves,2,-101.26316,19.6963297049991
31211,31216,2020,,2020/09/24,"02:15:00",COLISIÓN CONTRA OBJETO FIJO,ASFALTO,Bueno,Bueno,1,CHEVROLET,GUINDA,1,,33,MASCULINO,SIN DATOS,0,0,Morelia,Los Llanos,septiembre,jueves,2,-101.249473180305,19.7163801578225
31212,31217,2020,,2020/09/24,"02:34:00",SALIDA DE SUPERFICIE DE RODAMIENTO,CONCRETO,Bueno,Bueno,1,NISSAN,BLANCO Y ROJO,1,,34,MASCULINO,SIN DATOS,0,0,Morelia,Cañada del Bosque,septiembre,jueves,3,-101.095475591719,19.7297612255513
31213,31218,2020,,2020/09/24,"03:05:00",COLISIÓN POR CORTE DE CIRCULACIÓN,ASFALTO,Bueno,Bueno,1,NISSAN,GRIS,1,,0,MASCULINO,ALIENTO ETÍLICO,0,0,Morelia,Cañada del Bosque,septiembre,jueves,3,-101.097469366718,19.7282996448773
31214,31219,2020,MOR200738417,2020/09/24,10:45:00,COLISIÓN POR CORTE DE CIRCULACIÓN,ASFALTO,Bueno,Bueno,2,TOYOTA,BLANCO/GRIS,2,MINISTERIO PÚBLICO,24,MASCULINO,SIN DATOS,0,0,Morelia,Camelinas,septiembre,jueves,11,-101.172338314354,19.6820240596383
31215,31220,2020,LEG33007,2020/09/24,11:30:00,SALIDA DE SUPERFICIE DE RODAMIENTO,ASFALTO,Bueno,Bueno,1,VOLKSWAGEN,PLATA,1,,30,MASCULINO,SIN DATOS,0,0,Morelia,Cumbres de Morelia,septiembre,jueves,12,-101.139167130672,19.6904356335831
31216,31221,2020,MOR200738593,2020/09/24,12:35:00,COLISIÓN POR ALCANCE,ASFALTO,Bueno,Bueno,2,INTERNATIONAL,BLANCO Y NARANJA,2,,50,MASCULINO,SIN DATOS,0,0,Morelia,Tres Puentes,septiembre,jueves,13,-101.213739551604,19.7026708787223
31217,31222,2020,LEG33002,2020/09/24,13:50:00,COLISIÓN POR CAMBIO DE CARRIL,ASFALTO,Bueno,Bueno,2,VOLKWAGEN,BLANCO,2,,42,MASCULINO,SIN DATOS,0,0,Morelia,Las Americas,septiembre,jueves,14,-101.156514317476,19.6877157851844
31218,31223,2020,MOR200738941,2020/09/24,14:20:00,COLISIÓN CONTRA OBJETO FIJO,CONCRETO,Bueno,Bueno,1,MAZDA,NEGRA,1,,35,MASCULINO,SIN DATOS,0,0,Morelia,Felix Ireta,septiembre,jueves,14,-101.195532046258,19.6824312966937
31219,31224,2020,LEG33012,2020/09/24,14:35:00,COLISIÓN POR CORTE DE CIRCULACIÓN,ASFALTO,Bueno,Bueno,2,SUZUKI,BLANCO,2,,38,MASCULINO,SIN DATOS,0,0,Morelia,Isaac Arriaga,septiembre,jueves,15,-101.170398071408,19.7081592603246
31220,31225,2020,MOR200739250,2020/09/24,16:00:00,COLISIÓN POR ALCANCE,ASFALTO,Bueno,Bueno,2,DODGE,ROJO,2,,66,MASCULINO,SIN DATOS,0,0,Morelia,Nueva Valladolid,septiembre,jueves,16,-101.207885295153,19.7010683291981
31221,31226,2020,MOR200739281,2020/09/24,16:45:00,COLISIÓN POR INVASIÓN DE CARRIL,ASFALTO,Bueno,Bueno,2,FORD,GRIS,2,,29,MASCULINO,SIN DATOS,0,0,Morelia,Fuentes de Morelia,septiembre,jueves,17,-101.203093162991,19.6692015323667
31222,31227,2020,"2007398287",2020/09/24,18:50:00,COLISIÓN POR ALCANCE,ASFALTO,Bueno,Bueno,2,VOLKSWAGEN,ROJO,2,,49,MASCULINO,SIN DATOS,0,0,Morelia,Campestre Los Manantiales,septiembre,jueves,19,-101.238138296388,19.6877994395204
31223,31228,2020,LEG33011,2020/09/24,18:50:00,COLISIÓN POR CAMBIO DE CARRIL,ASFALTO,Bueno,Bueno,2,NISSAN,BLANCO Y ROJO,2,,0,MASCULINO,ALIENTO ETÍLICO,0,0,Morelia,Terrazas,septiembre,jueves,19,-101.181734854517,19.7194616031044
31224,31229,2020,MOR200739761,2020/09/24,19:30:00,COLISIÓN POR CAMBIO DE CARRIL,CONCRETO,Bueno,Bueno,2,VOLKSWAGEN,GRIS,2,,60,FEMENINO,SIN DATOS,0,0,Morelia,Villa Universidad,septiembre,jueves,20,-101.199980794705,19.6821809278182
31225,31230,2020,LEG33008,2020/09/24,20:00:00,COLISIÓN POR NO RESPETAR SEMÁFORO,ASFALTO,Bueno,Bueno,2,VOLKSWAGEN,GRIS,2,,44,MASCULINO,SIN DATOS,0,0,Morelia,Indeco El Vivero,septiembre,jueves,20,-101.229754351079,19.6770010110662
31226,31231,2020,LEG33013,2020/09/25,"03:00:00",COLISIÓN POR ALCANCE,ASFALTO,Bueno,Bueno,2,DODGE,ROJO,2,,35,MASCULINO,ALIENTO ETÍLICO,0,0,Morelia,Arcos del Valle,septiembre,viernes,3,-101.236249960291,19.7076233086498
31227,31232,2020,,2020/09/25,"08:30:00",COLISIÓN POR CORTE DE CIRCULACIÓN,TERRACERIA,Nublado,Bueno,2,CHEVROLET MONZA,BLANCO,1,MINISTERIO PÚBLICO,29,MASCULINO,SIN DATOS,0,0,Morelia,Gertrudis Sanchez,septiembre,viernes,9,-101.20877277106,19.7401975731894
31228,31233,2020,,2020/09/25,"09:30:00",COLISIÓN POR ALCANCE,CONCRETO,Bueno,Bueno,2,VOLVO,BLANCO,2,,40,MASCULINO,SIN DATOS,0,0,Morelia,Division del Norte,septiembre,viernes,10,-101.163639239967,19.7112572025682
31229,31234,2020,,2020/09/25,"09:49:00",COLISIÓN POR ALCANCE,ASFALTO,Bueno,Bueno,2,VOLKSWAGEN,ROJO,2,,36,MASCULINO,SIN DATOS,0,0,Morelia,Division del Norte,septiembre,viernes,10,-101.16313431412,19.7114794062153
31230,31235,2020,MOR20059608,2020/09/25,13:01:00,COLISIÓN CON PEATÓN,ASFALTO,Bueno,Bueno,1,VOLKSWAGEN,GRIS,1,,0,MASCULINO,SIN DATOS,0,0,Morelia,Chapultepec Sur,septiembre,viernes,13,-101.172148517576,19.6910139139645
31231,31236,2020,MOR200738852,2020/09/25,14:10:00,COLISIÓN POR ALCANCE,CONCRETO,Bueno,Bueno,2,YAMAHA,AZUL,2,,35,MASCULINO,SIN DATOS,0,0,Morelia,Comision Federal de Electricidad,septiembre,viernes,14,-101.181340813637,19.6815122711065
31232,31237,2020,,2020/09/25,20:34:00,COLISIÓN POR CORTE DE CIRCULACIÓN,CONCRETO,Bueno,Bueno,2,CHEVROLET,VERDE,2,MINISTERIO PÚBLICO,46,MASCULINO,ALIENTO ETÍLICO,0,0,Morelia,Club Campestre,septiembre,viernes,21,-101.158535331488,19.6855107387118
31233,31238,2020,,2020/09/26,"00:10:00",COLISIÓN POR CORTE DE CIRCULACIÓN,ASFALTO,Bueno,Bueno,2,VOLKSWAGEN POINTER,PLATA,2,,44,MASCULINO,SIN DATOS,0,0,Morelia,Ventura Puente,septiembre,sábado,0,-101.190744638443,19.691061580166
31234,31239,2020,,2020/09/26,"05:00:00",COLISIÓN CONTRA OBJETO FIJO,ASFALTO,Bueno,Bueno,1,PONTIAC,ROJO,1,,22,MASCULINO,CON CERTIFICADO,0,0,Morelia,Villas Valladolid,septiembre,sábado,5,-101.217444322325,19.6975560763434
31235,31240,2020,,2020/09/26,"05:30:00",COLISIÓN CONTRA OBJETO FIJO,ASFALTO,Bueno,Bueno,2,OLDSMOBILE,NEGRO,2,,41,MASCULINO,SIN DATOS,0,0,Peribán,Sin datos,septiembre,sábado,6,-102.444247833706,19.5518914215019
31236,31241,2020,MOR200743458,2020/09/26,11:00:00,COLISIÓN POR ALCANCE,ASFALTO,Bueno,Bueno,2,TOYOTA,BLANCO,2,,32,MASCULINO,SIN DATOS,0,0,Morelia,Campestre Los Manantiales,septiembre,sábado,11,-101.238139271736,19.6878007309162
31237,31242,2020,LEG33029,2020/09/26,11:50:00,COLISIÓN POR CORTE DE CIRCULACIÓN,ASFALTO,Bueno,Bueno,1,VENTO,GRIS,1,,26,MASCULINO,SIN DATOS,0,0,Morelia,La Charca,septiembre,sábado,12,-101.199219382621,19.6587864435907
31238,31243,2020,LEG33031,2020/09/26,12:09:00,COLISIÓN POR ALCANCE,ASFALTO,Bueno,Bueno,3,RAM,BLANCO Y NARANJA,2,,31,MASCULINO,SIN DATOS,0,0,Morelia,Isaac Arriaga,septiembre,sábado,12,-101.169431927492,19.7085765599282
31239,31244,2020,LEG33032,2020/09/26,14:30:00,COLISIÓN POR CORTE DE CIRCULACIÓN,ASFALTO,Bueno,Bueno,2,YAMAHA,ROJO,2,,0,MASCULINO,SIN DATOS,0,0,Morelia,La Soledad,septiembre,sábado,15,-101.183391057633,19.7272412174834
31240,31245,2020,LEG33028,2020/09/26,14:50:00,COLISIÓN POR CAMBIO DE CARRIL,ASFALTO,Bueno,Regular,2,CHEVROLET,GRIS,2,,62,FEMENINO,SIN DATOS,0,0,Morelia,Camelinas,septiembre,sábado,15,-101.173790090464,19.6835721002118
31241,31246,2020,MOR200744214,2020/09/26,16:00:00,CAIDA DE MOTOCICLETA,ASFALTO,Bueno,Bueno,1,CARABELA,AZUL,2,,22,MASCULINO,SIN DATOS,1,0,Morelia,Sin datos,septiembre,sábado,16,-101.118182197891,19.7301901457076
31242,31247,2020,LEG33027,2020/09/26,18:00:00,COLISIÓN POR CORTE DE CIRCULACIÓN,ASFALTO,Nublado,Regular,2,SIN DATOS,SIN DATOS,3,,,,SIN DATOS,1,0,Morelia,Chapultepec Sur,septiembre,sábado,18,-101.171638593078,19.6932905695084
31243,31248,2020,LEG33026,2020/09/26,19:35:00,COLISIÓN POR CORTE DE CIRCULACIÓN,ASFALTO,Lluvioso,Malo,2,CHEVROLET,GRIS Y  NEGRO,2,,47,MASCULINO,SIN DATOS,0,0,Morelia,Montaña Monarca,septiembre,sábado,20,-101.162465926097,19.6728194623249
31244,31249,2020,MOR2007,2020/09/26,19:40:00,COLISIÓN CONTRA OBJETO FIJO,CONCRETO,Nublado,Regular,2,VOLKSWAGEN,ROJO,2,,56,MASCULINO,CON CERTIFICADO,0,0,Morelia,Prados Verdes,septiembre,sábado,20,-101.193807385862,19.7152037962145
31245,31250,2020,LEG33033,2020/09/26,19:40:00,COLISIÓN CONTRA OBJETO FIJO,ASFALTO,Lluvioso,Regular,1,FORD,BLANCO,1,,17,MASCULINO,SIN DATOS,0,0,Morelia,Pascual Ortiz de Ayala,septiembre,sábado,20,-101.151261515915,19.6974437309505
31246,31251,2020,MOR 200744928,2020/09/26,19:50:00,SUBIDA AL CAMELLÓN,ASFALTO,Bueno,Bueno,1,FORD,BLANCO,1,,42,MASCULINO,CON CERTIFICADO,0,0,Morelia,La Huerta,septiembre,sábado,20,-101.217082589865,19.6755140668715
31247,31252,2020,LEG33030,2020/09/26,20:20:00,COLISIÓN POR CORTE DE CIRCULACIÓN,ASFALTO,Lluvioso,Regular,2,JEEP,MARRON,2,,53,MASCULINO,SIN DATOS,0,0,Morelia,Poblado de Ocolusen,septiembre,sábado,20,-101.149481870234,19.6946819610466
31248,31253,2020,,2020/09/26,20:28:00,COLISIÓN POR CAMBIO DE CARRIL,ASFALTO,Bueno,Bueno,2,VOLKSWAGEN,VERDE,2,,,MASCULINO,ALIENTO ETÍLICO,0,0,Morelia,Las Americas,septiembre,sábado,20,-101.156424432993,19.6877050234733
31249,31254,2020,,2020/09/26,21:10:00,VOLCADURA,ASFALTO,Bueno,Regular,1,ITALIKA,NEGRO,0,MINISTERIO PÚBLICO,,,,0,0,Maravatío,Sin datos,septiembre,sábado,21,-100.462134659969,19.9387594869839
31250,31255,2020,,2020/09/27,"00:25:00",COLISIÓN POR ALCANCE,ASFALTO,Bueno,Bueno,2,VOLKSWAGEN,BEIGE,2,,,MASCULINO,SIN DATOS,0,0,Morelia,Americas Britania,septiembre,domingo,0,-101.15004912697,19.6920206121373
31251,31256,2020,,2020/09/27,"03:10:00",COLISIÓN CONTRA OBJETO FIJO,ASFALTO,Bueno,Bueno,1,FORD,ROJO,1,,,MASCULINO,SIN DATOS,0,0,Morelia,Lomas de Morelia (Dr Ignacio Chavez),septiembre,domingo,3,-101.174979284406,19.717087420782
31252,31257,2020,,2020/09/27,"03:40:00",COLISIÓN POR CORTE DE CIRCULACIÓN,ASFALTO,Bueno,Bueno,2,CHEVROLET,COLOR,2,MINISTERIO PÚBLICO,0,MASCULINO,SIN DATOS,0,0,Pátzcuaro,Centro,septiembre,domingo,4,-101.611131585446,19.540754653756
31253,31258,2020,,2020/09/27,"09:10:00",COLISIÓN CONTRA OBJETO FIJO,ASFALTO,Bueno,Regular,1,VENTO,NEGRO/AMARILLA,1,MINISTERIO PÚBLICO,35,MASCULINO,SIN DATOS,0,0,Maravatío,Sin datos,septiembre,domingo,9,-100.258373550392,19.8817941946582
31254,31259,2020,MOR20073456,2020/09/27,10:30:00,VOLCADURA,ASFALTO,Bueno,Bueno,1,SEAT,AMARILLO,1,,60,MASCULINO,SIN DATOS,0,0,Charo,Sin datos,septiembre,domingo,11,-100.989952459931,19.6501325491067
31255,31260,2020,,2020/09/27,11:40:00,COLISIÓN POR CORTE DE CIRCULACIÓN,ASFALTO,Bueno,Bueno,2,FORD,AZUL,2,,25,MASCULINO,SIN DATOS,0,0,Tarímbaro,Hacienda del Sol,septiembre,domingo,12,-101.203689619231,19.7632747502463
31256,31261,2020,,2020/09/27,13:00:00,COLISIÓN POR CORTE DE CIRCULACIÓN,CONCRETO,Bueno,Bueno,2,NISSAN,AZUL,2,,51,MASCULINO,SIN DATOS,0,0,Morelia,La Soledad,septiembre,domingo,13,-101.184828355908,19.7293291769973
31257,31262,2020,,2020/09/27,16:10:00,COLISIÓN POR CORTE DE CIRCULACIÓN,CONCRETO,Bueno,Bueno,2,FORD,BLANCO,2,MINISTERIO PÚBLICO,,,SIN DATOS,0,0,Morelia,Union,septiembre,domingo,16,-101.156428631565,19.7127272550939
31258,31263,2020,,2020/09/27,18:30:00,COLISIÓN POR ALCANCE,ASFALTO,Bueno,Bueno,2,NISSAN,GRIS,2,,20,MASCULINO,SIN DATOS,0,0,Morelia,Centro,septiembre,domingo,19,-101.178215735329,19.699090508395
31259,31264,2020,,2020/09/27,19:11:00,COLISIÓN POR INVASIÓN DE CARRIL,CONCRETO,Bueno,Bueno,2,CHEVROLET,PLATA,2,MINISTERIO PÚBLICO,52,MASCULINO,SIN DATOS,0,0,Morelia,La Loma,septiembre,domingo,19,-101.183789670467,19.6796654795199
31260,31265,2020,,2020/09/27,19:20:00,SALIDA DE SUPERFICIE DE RODAMIENTO,ASFALTO,Bueno,Bueno,1,DODGE/RAM,GRIS,1,,64,MASCULINO,SIN DATOS,0,0,Morelia,Sin datos,septiembre,domingo,19,-101.31390530616,19.6522736413132
31261,31266,2020,,2020/09/27,22:00:00,COLISIÓN POR MANIOBRA DE REVERSA,CONCRETO,Bueno,Bueno,2,TOYOTA,BLANCO/NARANJA,2,,55,MASCULINO,SIN DATOS,0,0,Morelia,Jose Ma Pino Suarez,septiembre,domingo,22,-101.1622582376,19.7199661546452
31262,31267,2020,,2020/09/27,22:20:00,COLISIÓN CONTRA OBJETO FIJO,ASFALTO,Bueno,Bueno,1,NISSAN,VERDE,0,,,,,0,0,Peribán,Sin datos,septiembre,domingo,22,-102.442017637871,19.5494589813613
31263,31268,2020,,2020/09/27,22:25:00,COLISIÓN CONTRA OBJETO FIJO,ASFALTO,Bueno,Bueno,1,NISSAN TSURU,BLANCO,2,,,,,2,0,Morelia,Tenencia Morelos,septiembre,domingo,22,-101.246638826348,19.6500710063952
31264,31269,2020,,2020/09/28,"01:35:00",VOLCADURA,ASFALTO,Bueno,Bueno,1,JEEP,GRIS,1,MINISTERIO PÚBLICO,,,SIN DATOS,0,0,Tacámbaro,Sin datos,septiembre,lunes,2,-101.455349221147,19.1678915349021
31265,31270,2020,,2020/09/28,"03:00:00",COLISIÓN CONTRA OBJETO FIJO,ASFALTO,Bueno,Bueno,1,DODGE,PLATA,1,,23,MASCULINO,SIN DATOS,0,0,Morelia,Fracc Valle de Mil Cumbres,septiembre,lunes,3,-101.111141805995,19.690336
31266,31271,2020,MOR200748843,2020/09/28,"09:30:00",COLISIÓN POR ALCANCE,ASFALTO,Bueno,Bueno,3,FORD,BLANCO,3,,49,MASCULINO,SIN DATOS,0,0,Morelia,Cosmos,septiembre,lunes,10,-101.218920954689,19.6840718148917
31267,31272,2020,MOR200748906,2020/09/28,10:00:00,COLISIÓN POR CAMBIO DE CARRIL,CONCRETO,Bueno,Bueno,3,NISSAN,BLANCO,3,,34,MASCULINO,SIN DATOS,0,0,Morelia,Nicolaitas Ilustres,septiembre,lunes,10,-101.226303384386,19.7223105409407
31268,31273,2020,LEG33056,2020/09/28,11:30:00,COLISIÓN POR CORTE DE CIRCULACIÓN,ASFALTO,Bueno,Bueno,2,JEEP,ROJO,2,,33,MASCULINO,SIN DATOS,0,0,Morelia,Jardines de Torremolinos,septiembre,lunes,12,-101.225710585713,19.6779421038697
31270,31275,2020,MOR200749419,2020/09/28,13:00:00,COLISIÓN POR ALCANCE,CONCRETO,Bueno,Bueno,2,CHEVROLET,ARENA,2,,35,MASCULINO,SIN DATOS,0,0,Morelia,Nueva Valladolid,septiembre,lunes,13,-101.214162415,19.7004326249991
31272,31277,2020,MOR200751037,2020/09/28,20:30:00,COLISIÓN CONTRA OBJETO FIJO,CONCRETO,Bueno,Bueno,2,MITSUBISHI,BLANCO,2,,38,MASCULINO,SIN DATOS,0,0,Morelia,Villas Oriente,septiembre,lunes,21,-101.144168047381,19.7544730091077
31274,31279,2020,,2020/09/29,11:00:00,COLISIÓN CON PEATÓN,CONCRETO,Bueno,Bueno,1,CHEVROLET AVEO,BLANCO,1,,,MASCULINO,SIN DATOS,0,0,Morelia,Puerto de Buenavista,septiembre,martes,11,-101.126352197769,19.6849018019943
31275,31280,2020,,2020/09/29,11:48:00,COLISIÓN POR CORTE DE CIRCULACIÓN,ASFALTO,Bueno,Bueno,3,FORD,BLANCO,3,,58,MASCULINO,SIN DATOS,0,0,Morelia,Del Empleado,septiembre,martes,12,-101.178082775624,19.6887510019986
31276,31281,2020,,2020/09/29,15:34:00,COLISIÓN POR ALCANCE,ASFALTO,Bueno,Bueno,2,RENAULT,AZUL,2,,51,FEMENINO,SIN DATOS,0,0,Morelia,Club Campestre,septiembre,martes,16,-101.15824796,19.6831940049991
31277,31282,2020,,2020/09/29,16:10:00,COLISIÓN CONTRA OBJETO FIJO,ASFALTO,Bueno,Bueno,1,NISSAN MARCH,AZUL,1,,26,FEMENINO,SIN DATOS,0,0,Morelia,Nueva Valladolid,septiembre,martes,16,-101.211171435,19.7020055149992
31278,31283,2020,,2020/09/29,16:50:00,COLISIÓN POR ALCANCE,ASFALTO,Bueno,Bueno,2,KENWORTH 17T,BLANCO,2,,28,MASCULINO,SIN DATOS,0,0,Morelia,Chapultepec Oriente,septiembre,martes,17,-101.162603260887,19.6920128556805
31279,31284,2020,MOR200750225,2020/09/29,17:00:00,COLISIÓN POR ALCANCE,ASFALTO,Bueno,Regular,4,TOYOTA,AZUL/BLANCO,3,MINISTERIO PÚBLICO,0,,SIN DATOS,0,0,Morelia,Ampliacion La Soledad,septiembre,martes,17,-101.183352470398,19.7320168072831
31280,31285,2020,,2020/09/29,17:10:00,COLISIÓN POR CORTE DE CIRCULACIÓN,ASFALTO,Bueno,Bueno,2,TOYOTA COROLLA,ARENA,2,,44,FEMENINO,SIN DATOS,0,0,Morelia,Primo Tapia,septiembre,martes,17,-101.211788435,19.7093359899992
31282,31287,2020,,2020/09/29,17:45:00,COLISIÓN POR CORTE DE CIRCULACIÓN,ASFALTO,Bueno,Bueno,2,VOLKSWAGEN,BLANCO,2,MINISTERIO PÚBLICO,,,SIN DATOS,0,0,Lázaro Cárdenas,Sin datos,septiembre,martes,18,-102.211902849376,17.9773706992355
31283,31288,2020,,2020/09/29,18:30:00,COLISIÓN POR ALCANCE,ASFALTO,Bueno,Bueno,2,SEAT,ROJO,2,,24,MASCULINO,SIN DATOS,0,0,Morelia,Felix Ireta,septiembre,martes,19,-101.188582604864,19.6860148664875
31284,31289,2020,,2020/09/29,21:32:00,COLISIÓN CONTRA OBJETO FIJO,ASFALTO,Bueno,Bueno,1,CHEVROLET,BLANCO,1,,51,MASCULINO,SIN DATOS,0,0,Morelia,Sin datos,septiembre,martes,22,-101.272597275674,19.6335377213646