fid,id_accidente,anio_origen,folio_c5i,dia_incidente,hora_ocurrencia,tipo_incidente_vial,superficie_ocurrencia,condiciones_climaticas,condiciones_via,numero_vehiculos_involucrados,marca_vehiculo_ocasiona_siniestro,color_vehiculo_ocasiona_siniestro,numero_personas_involucradas,lugar_remite_presunto_responsable,edad_presunto_responsable,sexo_presunto_responsable,resultados_toxicologia,numero_personas_lesionadas,numero_personas_fallecidas,municipio,colonia,mes,dia_semana,hora_redondeada,lon,lat
31285,31290,2020,,2020/09/30,"01:00:00",COLISIÓN POR ALCANCE,ASFALTO,Bueno,Bueno,2,NISSAN,GRIS,1,,40,MASCULINO,SIN DATOS,0,0,Morelia,Lomas del Durazno,septiembre,miércoles,1,-101.19300729,19.6648474299992
31286,31291,2020,,2020/09/30,"05:00:00",COLISIÓN POR CORTE DE CIRCULACIÓN,CONCRETO,Bueno,Bueno,1,LINCOLN,BLANCO,0,,,,,0,0,Morelia,Alberto Oviedo Mota,septiembre,miércoles,5,-101.196140686849,19.6817272495021
31287,31292,2020,,2020/09/30,"07:00:00",COLISIÓN CONTRA OBJETO FIJO,ASFALTO,Bueno,Bueno,2,CHEVROLET,BLANCO,2,,44,FEMENINO,SIN DATOS,0,0,Morelia,Nueva Valladolid,septiembre,miércoles,7,-101.20830254,19.7012062549991
31288,31293,2020,LEG33093,2020/09/30,"09:04:00",COLISIÓN POR CAMBIO DE CARRIL,ASFALTO,Bueno,Bueno,2,TVS,NEGRO,2,,46,MASCULINO,SIN DATOS,0,0,Morelia,Eduardo Ruiz,septiembre,miércoles,9,-101.2197043,19.7214247299991
31289,31294,2020,LEG33094,2020/09/30,10:20:00,COLISIÓN CON PEATÓN,ASFALTO,Bueno,Bueno,1,NISSAN,BLANCO Y ROJO,2,,,,,2,0,Morelia,El Parian,septiembre,miércoles,10,-101.269916323849,19.6880710777962
31290,31295,2020,,2020/09/30,10:25:00,COLISIÓN POR ALCANCE,ASFALTO,Bueno,Bueno,2,SUZUKI,BLANCO,2,MINISTERIO PÚBLICO,21,MASCULINO,SIN DATOS,0,0,Morelia,Centro,septiembre,miércoles,10,-101.18218963,19.7028850649992
31291,31296,2020,MOR 200754012,2020/09/30,10:45:00,COLISIÓN POR CORTE DE CIRCULACIÓN,ASFALTO,Bueno,Regular,2,SE DESCONOCE,SE DESCONOCE,2,,0,,SIN DATOS,0,0,Morelia,Diego Rivera,septiembre,miércoles,11,-101.175290114293,19.7197431909038
31293,31298,2020,MOR200754424,2020/09/30,13:00:00,COLISIÓN POR INVASIÓN DE CARRIL,CONCRETO,Bueno,Bueno,2,CHEVROLET,AZUL,2,,48,MASCULINO,CON CERTIFICADO,0,0,Morelia,Prados Verdes,septiembre,miércoles,13,-101.198402735,19.7137588449991
31294,31299,2020,LEG33089,2020/09/30,13:45:00,COLISIÓN POR ALCANCE,ASFALTO,Bueno,Bueno,2,NISSAN,BLANCO,2,,56,MASCULINO,SIN DATOS,0,0,Morelia,Lomas del Valle,septiembre,miércoles,14,-101.230037015,19.6880963799991
31295,31300,2020,MOR200755014,2020/09/30,15:00:00,COLISIÓN POR CAMBIO DE CARRIL,ASFALTO,Bueno,Bueno,2,NISSAN,BLANCO,2,,40,MASCULINO,SIN DATOS,0,0,Morelia,Elias Perez Avalos,septiembre,miércoles,15,-101.167813022979,19.7136335493406
31296,31301,2020,LEG33090,2020/09/30,17:50:00,COLISIÓN POR CAMBIO DE CARRIL,ASFALTO,Bueno,Bueno,3,DODGE,BLANCO,3,,58,FEMENINO,SIN DATOS,0,0,Morelia,Leona Vicario,septiembre,miércoles,18,-101.21361349,19.6694339199992
31297,31302,2020,LEG33097,2020/09/30,17:50:00,COLISIÓN POR CORTE DE CIRCULACIÓN,ASFALTO,Bueno,Bueno,2,NISSAN,BLANCO Y ROSA,2,MINISTERIO PÚBLICO,40,MASCULINO,SIN DATOS,0,0,Morelia,Torreon Nuevo,septiembre,miércoles,18,-101.20358663,19.7462449699991
31298,31303,2020,,2020/09/30,19:10:00,COLISIÓN POR ALCANCE,ASFALTO,Bueno,Bueno,2,NISSAN,NEGRO,2,,48,MASCULINO,SIN DATOS,0,0,Morelia,Las Americas,septiembre,miércoles,19,-101.15527803761,19.6905832056681
31299,31304,2020,MOR200755575,2020/09/30,20:00:00,COLISIÓN POR CORTE DE CIRCULACIÓN,ASFALTO,Bueno,Bueno,2,DODGE,BLANCO,2,,34,FEMENINO,SIN DATOS,0,0,Tarímbaro,Sin datos,septiembre,miércoles,20,-101.180456,19.755664
31302,31307,2020,,2020/10/01,"09:00:00",COLISIÓN POR NO RESPETAR SEMÁFORO,CONCRETO,Bueno,Bueno,2,MAZDA CX7,AZUL,2,MINISTERIO PÚBLICO,64,MASCULINO,SIN DATOS,0,0,Morelia,Dr Miguel Silva,octubre,jueves,9,-101.187927793444,19.7204887484457
31303,31308,2020,MOR20097504,2020/10/01,10:24:00,COLISIÓN CON PEATÓN,ASFALTO,Bueno,Bueno,1,HYUNDAI,NEGRO,2,,27,MASCULINO,SIN DATOS,1,0,Morelia,Tinijaro,octubre,jueves,10,-101.26316,19.6963297049991
31304,31309,2020,,2020/10/01,11:00:00,COLISIÓN POR CORTE DE CIRCULACIÓN,ASFALTO,Bueno,Bueno,2,HONDA,BLANCO,2,,21,MASCULINO,SIN DATOS,0,0,Morelia,Gral Gertrudis Sanchez,octubre,jueves,11,-101.20881156,19.7438012549991
31305,31310,2020,,2020/10/01,11:20:00,COLISIÓN CONTRA OBJETO FIJO,SIN_DATOS,Bueno,Bueno,1,VOLKSWAGEN,AZUL,1,MINISTERIO PÚBLICO,,MASCULINO,SIN DATOS,0,0,Morelia,Ejidal Ocolusen,octubre,jueves,11,-101.155585494629,19.6843663227041
31306,31311,2020,,2020/10/01,13:00:00,COLISIÓN POR ALCANCE,CONCRETO,Bueno,Bueno,2,NISSAN/SENTRA,BLANCO ROJO,2,,75,MASCULINO,SIN DATOS,0,0,Morelia,Enrique Arreguin Robles,octubre,jueves,13,-101.182,19.7217
31307,31312,2020,,2020/10/01,14:30:00,COLISIÓN POR CORTE DE CIRCULACIÓN,ASFALTO,Bueno,Bueno,2,NISSAN,BLANCO,2,MINISTERIO PÚBLICO,,,SIN DATOS,0,0,Lázaro Cárdenas,Pescadores,octubre,jueves,15,-102.216176884671,17.9776284034316
31309,31314,2020,,2020/10/01,15:30:00,COLISIÓN POR CORTE DE CIRCULACIÓN,ASFALTO,Bueno,Bueno,2,NISSAN,BLANCO,2,,35,FEMENINO,SIN DATOS,0,0,Morelia,Gral Gertrudis Sanchez,octubre,jueves,16,-101.2094753,19.7439916449991
31310,31315,2020,MOR200754974,2020/10/01,16:15:00,COLISIÓN POR CAMBIO DE CARRIL,ASFALTO,Bueno,Bueno,2,BAJAJ,CAFE,3,MINISTERIO PÚBLICO,39,MASCULINO,SIN DATOS,1,0,Morelia,Gral Gertrudis Sanchez,octubre,jueves,16,-101.2094753,19.7439916449991
31311,31316,2020,,2020/10/01,16:23:00,COLISIÓN CONTRA OBJETO FIJO,CONCRETO,Bueno,Bueno,3,KENWORTH,BLANCO,3,,57,MASCULINO,SIN DATOS,0,0,Morelia,Ventura Puente,octubre,jueves,16,-101.187886795,19.6936008749991
31312,31317,2020,,2020/10/01,16:30:00,COLISIÓN POR ALCANCE,ASFALTO,Bueno,Bueno,3,VOLKSWAGEN,ARENA,3,,59,FEMENINO,SIN DATOS,0,0,Morelia,Felix Ireta,octubre,jueves,17,-101.188582604864,19.6860148664875
31313,31318,2020,,2020/10/01,18:00:00,COLISIÓN POR CAMBIO DE CARRIL,ASFALTO,Bueno,Bueno,2,NISSAN,ROJO,2,,25,MASCULINO,SIN DATOS,0,0,Morelia,Centro,octubre,jueves,18,-101.18218963,19.7028850649992
31315,31320,2020,,2020/10/01,20:20:00,SUBIDA AL CAMELLÓN,ASFALTO,Bueno,Bueno,1,VOLKSWAGEN,BLANCO,1,,63,MASCULINO,SIN DATOS,0,0,Morelia,Dr Miguel Silva,octubre,jueves,20,-101.187927793444,19.7204887484457
31317,31322,2020,,2020/10/01,21:15:00,COLISIÓN POR CORTE DE CIRCULACIÓN,ASFALTO,Bueno,Bueno,2,DODGE,AZUL,0,MINISTERIO PÚBLICO,,,,0,0,Tarímbaro,Sin datos,octubre,jueves,21,-101.152583509684,19.7698277507614
31318,31323,2020,MOR200756069,2020/10/01,22:50:00,COLISIÓN POR ALCANCE,ASFALTO,Bueno,Bueno,2,VOLKSWAGEN,NEGRO,2,,42,MASCULINO,SIN DATOS,0,0,Morelia,Lomas de Hidalgo,octubre,jueves,23,-101.160867959682,19.697918934297
31319,31324,2020,,2020/10/02,"00:50:00",COLISIÓN POR CORTE DE CIRCULACIÓN,ASFALTO,Bueno,Bueno,2,Nissan,Blanco,2,,,MASCULINO,SIN DATOS,0,0,Morelia,Eva Samano,octubre,viernes,1,-101.199436672032,19.7314310238803
31320,31325,2020,,2020/10/02,"04:45:00",COLISIÓN CONTRA OBJETO FIJO,ASFALTO,Bueno,Bueno,1,VOLKSWAGEN,MARRÓN DAKAR,1,MINISTERIO PÚBLICO,31,MASCULINO,ALIENTO ETÍLICO,0,0,Morelia,Sentimientos de La Nacion,octubre,viernes,5,-101.23393189162,19.6784892042415
31321,31326,2020,,2020/10/02,"05:10:00",CAIDA DE MOTOCICLETA,ASFALTO,Bueno,Bueno,1,HONDA,BLANCO,1,,24,MASCULINO,SIN DATOS,0,0,Morelia,Sentimientos de La Nacion,octubre,viernes,5,-101.232635714114,19.6779948250976
31322,31327,2020,LEG33119,2020/10/02,"08:30:00",SUBIDA AL CAMELLÓN,ASFALTO,Bueno,Bueno,1,TOYOTA,ROJO,1,,26,MASCULINO,SIN DATOS,0,0,Morelia,El Realito,octubre,viernes,9,-101.204029619694,19.7256969562693
31323,31328,2020,LEG33124,2020/10/02,"09:30:00",COLISIÓN POR CORTE DE CIRCULACIÓN,ASFALTO,Bueno,Bueno,2,SUZUKI,ROJO,2,MINISTERIO PÚBLICO,25,FEMENINO,SIN DATOS,0,0,Morelia,La Huerta,octubre,viernes,10,-101.217084601521,19.6755150139741
31324,31329,2020,MOR200758838,2020/10/02,"09:50:00",COLISIÓN POR CORTE DE CIRCULACIÓN,CONCRETO,Bueno,Bueno,2,NISSAN,BLANCO Y VERDE,2,,47,MASCULINO,SIN DATOS,0,0,Morelia,Jardines de Torremolinos,octubre,viernes,10,-101.225704245948,19.678614248116
31325,31330,2020,LEG33134,2020/10/02,"09:50:00",COLISIÓN POR NO RESPETAR SEMÁFORO,ASFALTO,Bueno,Bueno,2,TOYOTA,BLANCO Y ROJO,2,,45,MASCULINO,SIN DATOS,0,0,Morelia,Las Americas,octubre,viernes,10,-101.15527803761,19.6905832056681
31326,31331,2020,LEG33125,2020/10/02,10:00:00,COLISIÓN POR CORTE DE CIRCULACIÓN,CONCRETO,Bueno,Bueno,2,NISSAN,ROJO,2,,31,MASCULINO,SIN DATOS,0,0,Morelia,Centro,octubre,viernes,10,-101.1912811,19.7009677199991
31327,31332,2020,MOR200760025,2020/10/02,10:35:00,COLISIÓN POR CORTE DE CIRCULACIÓN,ASFALTO,Bueno,Bueno,2,TOYOTA,ROJO,2,,58,FEMENINO,SIN DATOS,0,0,Morelia,Sentimientos de La Nacion,octubre,viernes,11,-101.235421157695,19.6811154781794
31329,31334,2020,LEG33135,2020/10/02,13:05:00,COLISIÓN POR CAMBIO DE CARRIL,CONCRETO,Bueno,Bueno,2,TOYOTA,BLANCO Y ROJO,2,,61,MASCULINO,SIN DATOS,0,0,Morelia,Centro,octubre,viernes,13,-101.181477911092,19.7020067840504
31331,31336,2020,LEG33120,2020/10/02,15:25:00,COLISIÓN POR CORTE DE CIRCULACIÓN,ASFALTO,Bueno,Bueno,2,DINA,ROJO,2,,26,MASCULINO,SIN DATOS,0,0,Morelia,Lomas de Morelia (Dr Ignacio Chavez),octubre,viernes,15,-101.176098100841,19.7179610514482
31332,31337,2020,LEG33121,2020/10/02,15:30:00,COLISIÓN POR CAMBIO DE CARRIL,ASFALTO,Bueno,Bueno,2,FORD,NEGRO,2,,0,,SIN DATOS,0,0,Morelia,Felipe Carrillo Puerto,octubre,viernes,16,-101.180536120452,19.7306897286483
31333,31338,2020,MOR200760041,2020/10/02,15:50:00,COLISIÓN POR CORTE DE CIRCULACIÓN,ASFALTO,Bueno,Bueno,2,BMW,NEGRO,2,MINISTERIO PÚBLICO,39,FEMENINO,SIN DATOS,0,0,Morelia,Quinta Cantera,octubre,viernes,16,-101.175414,19.666352
31334,31339,2020,LEG33137,2020/10/02,15:50:00,COLISIÓN POR CORTE DE CIRCULACIÓN,CONCRETO,Bueno,Bueno,2,VOLKSWAGEN,BLANCO,2,,30,FEMENINO,SIN DATOS,0,0,Morelia,Gertrudis Bocanegra,octubre,viernes,16,-101.209872129455,19.7038111996348
31335,31340,2020,MOR200759918,2020/10/02,16:19:00,COLISIÓN CON PEATÓN,ASFALTO,Bueno,Bueno,1,MERCEDES BENZ,BLANCO,2,MINISTERIO PÚBLICO,0,,SIN DATOS,1,0,Morelia,Lancaster,octubre,viernes,16,-101.149112198738,19.702059308576
31336,31341,2020,,2020/10/02,16:30:00,CAIDA DE MOTOCICLETA,ASFALTO,Bueno,Bueno,1,ITALIKA,NEGRO,1,,24,MASCULINO,SIN DATOS,0,0,Morelia,Ejidal Ocolusen,octubre,viernes,17,-101.152221746743,19.6841343628917
31337,31342,2020,LEG33123,2020/10/02,16:30:00,COLISIÓN POR CORTE DE CIRCULACIÓN,ASFALTO,Bueno,Bueno,2,NISSAN,VERDE,2,,52,MASCULINO,SIN DATOS,0,0,Morelia,Tierra Y Libertad,octubre,viernes,17,-101.227378493013,19.7134473755137
31338,31343,2020,LEG33130,2020/10/02,16:35:00,COLISIÓN POR CAMBIO DE CARRIL,ASFALTO,Bueno,Regular,2,NISSAN,ROJO,2,,71,FEMENINO,SIN DATOS,0,0,Morelia,Fovissste La Huerta,octubre,viernes,17,-101.212283545,19.6922831999991
31339,31344,2020,LEG33139,2020/10/02,19:30:00,COLISIÓN POR ALCANCE,ASFALTO,Bueno,Bueno,2,NISSAN,BEIGE,2,,28,MASCULINO,SIN DATOS,0,0,Morelia,Sin datos,octubre,viernes,20,-101.308208,19.686257
31340,31345,2020,LEG33138,2020/10/02,20:55:00,VOLCADURA,TERRACERIA,Bueno,Regular,1,TOYOTA,ROJO,1,,0,,SIN DATOS,0,0,Morelia,Sin datos,octubre,viernes,21,-101.18850595047,19.5831017001678
31341,31346,2020,MOR200761152,2020/10/03,"01:15:00",COLISIÓN POR CORTE DE CIRCULACIÓN,CONCRETO,Bueno,Bueno,3,FORD,ROJO,2,,28,MASCULINO,SIN DATOS,0,0,Morelia,Buenavista,octubre,sábado,1,-101.164379245,19.7054418449992
31342,31347,2020,MOR 200761162,2020/10/03,"01:45:00",VOLCADURA,CONCRETO,Bueno,Bueno,1,NISSAN,TITANIO,1,,28,MASCULINO,SIN DATOS,0,0,Morelia,Trinidad Salgado,octubre,sábado,2,-101.230920372766,19.704302543643
31346,31351,2020,,2020/10/03,"08:00:00",COLISIÓN CONTRA OBJETO FIJO,CONCRETO,Bueno,Bueno,1,DODGE,ROJO,0,,,,,0,0,Morelia,Agustin Arriaga Rivera,octubre,sábado,8,-101.224436170685,19.691115875426
31347,31352,2020,,2020/10/03,11:40:00,COLISIÓN POR INVASIÓN DE CARRIL,CONCRETO,Bueno,Bueno,2,ITALIKA DM200,VERDE,2,,49,MASCULINO,SIN DATOS,0,0,Morelia,Isaac Arriaga,octubre,sábado,12,-101.174859798031,19.7104826355152
31348,31353,2020,MOR200475959,2020/10/03,13:09:00,COLISIÓN POR ALCANCE,ASFALTO,Bueno,Bueno,2,FREIGHTLINER,BLANCO,2,,58,MASCULINO,SIN DATOS,0,0,Morelia,Sentimientos de La Nacion,octubre,sábado,13,-101.235263608396,19.6811706951905
31349,31354,2020,,2020/10/03,14:38:00,COLISIÓN POR CORTE DE CIRCULACIÓN,ASFALTO,Bueno,Bueno,2,TOYOTA,BLANCO,2,,,MASCULINO,SIN DATOS,0,0,Morelia,Morelos,octubre,sábado,15,-101.205880039118,19.6985418714248
31350,31355,2020,,2020/10/03,15:20:00,COLISIÓN POR CORTE DE CIRCULACIÓN,ASFALTO,Bueno,Bueno,2,DODGE,ARENA,2,,45,MASCULINO,SIN DATOS,0,0,Morelia,Ignacio Zaragoza,octubre,sábado,15,-101.2058313936,19.7254918723016
31351,31356,2020,,2020/10/03,15:47:00,COLISIÓN POR CORTE DE CIRCULACIÓN,ASFALTO,Bueno,Bueno,1,VENTO,NEGRO Y ROJO,2,,27,MASCULINO,SIN DATOS,1,0,Morelia,Villas del Real,octubre,sábado,16,-101.202220469713,19.7360246938772
31352,31357,2020,,2020/10/03,15:52:00,COLISIÓN POR INVASIÓN DE CARRIL,ASFALTO,Bueno,Bueno,2,MAZDA,ROJO,3,,48,MASCULINO,SIN DATOS,1,0,Morelia,Sin datos,octubre,sábado,16,-101.255125366151,19.5278706177249
31353,31358,2020,,2020/10/03,17:12:00,COLISIÓN POR CORTE DE CIRCULACIÓN,ASFALTO,Bueno,Bueno,1,GENERAL MOTORS,ROJO,1,,29,MASCULINO,ALIENTO ETÍLICO,0,0,Morelia,Centro,octubre,sábado,17,-101.195361055434,19.6968937970125
31354,31359,2020,,2020/10/03,17:30:00,COLISIÓN POR CORTE DE CIRCULACIÓN,ASFALTO,Bueno,Bueno,2,FORD RANGER,VERDE,2,MINISTERIO PÚBLICO,57,MASCULINO,SIN DATOS,0,0,Morelia,Lomas del Tecnologico,octubre,sábado,18,-101.19301543317,19.7233984399608
31355,31360,2020,,2020/10/03,19:00:00,COLISIÓN POR INVASIÓN DE CARRIL,CONCRETO,Bueno,Bueno,2,HONDA,BLANCO,3,MINISTERIO PÚBLICO,25,MASCULINO,SIN DATOS,1,0,Morelia,Arboledas de Valladolid,octubre,sábado,19,-101.250226311386,19.6977811112275
31356,31361,2020,,2020/10/03,19:30:00,COLISIÓN POR CORTE DE CIRCULACIÓN,SIN_DATOS,Bueno,Bueno,2,MERCEDES BENZ,GRIS,2,,,MASCULINO,SIN DATOS,0,0,Morelia,Cosmos,octubre,sábado,20,-101.219119727612,19.6861677272651
31357,31362,2020,,2020/10/03,21:15:00,COLISIÓN POR ALCANCE,ASFALTO,Bueno,Bueno,2,NISSAN,BLANCO,2,,57,MASCULINO,ALIENTO ETÍLICO,0,0,Morelia,Pascual Ortiz de Ayala,octubre,sábado,21,-101.150852783836,19.6948300356632
31358,31363,2020,MOR2004095495,2020/10/03,21:55:00,COLISIÓN CONTRA OBJETO FIJO,ASFALTO,Bueno,Bueno,1,VOLKSWAGEN,ROJO,3,,,MASCULINO,CON CERTIFICADO,2,0,Morelia,Eduardo Ruiz,octubre,sábado,22,-101.224204830147,19.7248211873528
31359,31364,2020,,2020/10/03,22:00:00,COLISIÓN CONTRA OBJETO FIJO,CONCRETO,Bueno,Bueno,2,VOLKSWAGEN,BLANCO,2,,29,MASCULINO,SIN DATOS,0,0,Morelia,Ciudad Industrial,octubre,sábado,22,-101.137409948491,19.728927137522
31360,31365,2020,,2020/10/03,22:33:00,VOLCADURA,ASFALTO,Bueno,Bueno,1,MAZDA,ARENA,1,MINISTERIO PÚBLICO,53,MASCULINO,SIN DATOS,0,0,Puruándiro,Sin datos,octubre,sábado,23,-101.608040065252,20.1353892306106
31361,31366,2020,,2020/10/04,"00:15:00",COLISIÓN POR NO RESPETAR SEMÁFORO,ASFALTO,Bueno,Bueno,2,MAZDA,BLANCO,2,,,MASCULINO,SIN DATOS,0,0,Morelia,Enrique Ramirez,octubre,domingo,0,-101.165208362721,19.7093094068998
31362,31367,2020,,2020/10/04,"01:40:00",COLISIÓN CONTRA OBJETO FIJO,ASFALTO,Bueno,Bueno,1,TOYOTA,BLANCO,1,,18,MASCULINO,CON CERTIFICADO,0,0,Morelia,Bosques Tres Marias,octubre,domingo,2,-101.104064695537,19.7243500191656
31363,31368,2020,,2020/10/04,"07:30:00",COLISIÓN POR ALCANCE,ASFALTO,Bueno,Bueno,2,TOYOTA,BLANCO,2,,36,MASCULINO,CON CERTIFICADO,0,0,Morelia,Jesus Romero Flores,octubre,domingo,8,-101.174067973412,19.7305233828788
31364,31369,2020,,2020/10/04,"07:32:00",COLISIÓN POR ALCANCE,ASFALTO,Bueno,Bueno,2,BMW,GRIS,2,,35,MASCULINO,ALIENTO ETÍLICO,0,0,Morelia,Sentimientos de La Nacion,octubre,domingo,8,-101.234727471389,19.6858302364254
31365,31370,2020,LEG33160,2020/10/04,"09:00:00",COLISIÓN POR ALCANCE,ASFALTO,Bueno,Bueno,2,NISSAN,AZUL,2,,28,MASCULINO,SIN DATOS,0,0,Morelia,Jardines de La Loma,octubre,domingo,9,-101.225631125271,19.6768422723253
31366,31371,2020,MOR200764356,2020/10/04,"09:40:00",COLISIÓN CONTRA OBJETO FIJO,CONCRETO,Bueno,Bueno,1,CHEVROLET,GRIS,0,,,,,0,0,Morelia,Adolfo Lopez Mateos,octubre,domingo,10,-101.225836314261,19.7002807792864
31367,31372,2020,LEG33163,2020/10/04,10:30:00,COLISIÓN POR CORTE DE CIRCULACIÓN,ASFALTO,Bueno,Bueno,3,TOYOTA,BLANCO CON GRIS,3,,54,MASCULINO,CON CERTIFICADO,0,0,Morelia,Lomas de Guayangareo,octubre,domingo,11,-101.157891601324,19.7025414632554
31368,31373,2020,LEG33164,2020/10/04,11:20:00,COLISIÓN CONTRA OBJETO FIJO,ASFALTO,Bueno,Bueno,1,VOLKSWAGEN,BLANCO,1,,,,SIN DATOS,0,0,Morelia,Centro,octubre,domingo,11,-101.193471774459,19.6971198084997
31369,31374,2020,,2020/10/04,14:20:00,COLISIÓN POR CORTE DE CIRCULACIÓN,ASFALTO,Bueno,Bueno,4,CHEVROLET,ARENA,4,MINISTERIO PÚBLICO,60,MASCULINO,SIN DATOS,0,0,Pátzcuaro,Sin datos,octubre,domingo,14,-101.560083478689,19.5307616483179
31370,31375,2020,,2020/10/04,16:00:00,COLISIÓN POR CORTE DE CIRCULACIÓN,ASFALTO,Bueno,Bueno,2,CHEVROLET,AMARILLO,2,MINISTERIO PÚBLICO,,,SIN DATOS,0,0,Zitácuaro,Sin datos,octubre,domingo,16,-100.41298150339,19.4868024379597
31371,31376,2020,LEG33162,2020/10/04,18:10:00,COLISIÓN POR CAMBIO DE CARRIL,CONCRETO,Bueno,Bueno,2,ITALIKA,GRIS,2,,29,MASCULINO,SIN DATOS,0,0,Morelia,Mariano Ontiveros,octubre,domingo,18,-101.230036318302,19.6738285310658
31372,31377,2020,MOR200765909,2020/10/04,19:00:00,COLISIÓN POR ALCANCE,ASFALTO,Bueno,Bueno,2,NISSAN,BLANCO Y ROJO,2,,58,MASCULINO,SIN DATOS,0,0,Morelia,Sin datos,octubre,domingo,19,-101.357099569656,19.669311400559
31373,31378,2020,,2020/10/04,19:00:00,COLISIÓN POR CORTE DE CIRCULACIÓN,ASFALTO,Bueno,Bueno,2,NISSAN,BLANCO,2,MINISTERIO PÚBLICO,,,SIN DATOS,0,0,Zitácuaro,Sin datos,octubre,domingo,19,-100.408908843316,19.4863798505361
31374,31379,2020,LEG33165,2020/10/04,19:45:00,COLISIÓN POR CORTE DE CIRCULACIÓN,ASFALTO,Bueno,Bueno,2,NISSAN,GRIS,2,,54,MASCULINO,SIN DATOS,0,0,Morelia,Lomas de Guayangareo,octubre,domingo,20,-101.160058155656,19.7031266728065
31375,31380,2020,LEG33166,2020/10/04,21:00:00,COLISIÓN POR INVASIÓN DE CARRIL,ASFALTO,Bueno,Regular,2,NISSAN,GUINDA,2,MINISTERIO PÚBLICO,,,SIN DATOS,0,0,Tarímbaro,Sin datos,octubre,domingo,21,-101.116656356238,19.7809732879842
31376,31381,2020,LEG33168,2020/10/04,23:08:00,COLISIÓN POR ALCANCE,ASFALTO,Bueno,Bueno,2,VOLKSWAGEN,BLANCO,2,,0,MASCULINO,CON CERTIFICADO,0,0,Morelia,Alberto Oviedo Mota,octubre,domingo,23,-101.202122233808,19.6775298042423
31377,31382,2020,,2020/10/05,"09:00:00",COLISIÓN POR ALCANCE,CONCRETO,Bueno,Bueno,2,NISSAN,BLANCO,2,,49,MASCULINO,SIN DATOS,0,0,Morelia,Lomas de Vista Bella,octubre,lunes,9,-101.200906187296,19.6702019098982
31378,31383,2020,,2020/10/05,"09:10:00",COLISIÓN POR CAMBIO DE CARRIL,ASFALTO,Bueno,Bueno,2,CHEVROLET/TRAX LT,GRIS,2,MINISTERIO PÚBLICO,39,FEMENINO,SIN DATOS,0,0,Morelia,Tenencia Morelos,octubre,lunes,9,-101.243929623155,19.6466055443724
31379,31384,2020,,2020/10/05,10:00:00,COLISIÓN POR MANIOBRA DE REVERSA,ASFALTO,Bueno,Bueno,0,,,0,,,,,0,0,Morelia,Xangari,octubre,lunes,10,-101.219623120327,19.6720670459846
31380,31385,2020,,2020/10/05,13:00:00,COLISIÓN POR MANIOBRA DE REVERSA,ASFALTO,Bueno,Bueno,2,VOLKSWAGEN,BLANCO,2,,,MASCULINO,SIN DATOS,0,0,Morelia,Fovissste La Huerta,octubre,lunes,13,-101.212283545,19.6922831999991
31381,31386,2020,,2020/10/05,15:27:00,COLISIÓN POR CORTE DE CIRCULACIÓN,CONCRETO,Bueno,Bueno,2,NISSAN,BLANCO Y ROJO,2,,56,MASCULINO,SIN DATOS,0,0,Morelia,Fovissste La Huerta,octubre,lunes,15,-101.21346889,19.6934575449991
31382,31387,2020,,2020/10/05,15:34:00,COLISIÓN POR ALCANCE,ASFALTO,Bueno,Bueno,2,CHEVROLET,ROJO,2,,26,FEMENINO,SIN DATOS,0,0,Morelia,Centro,octubre,lunes,16,-101.18218963,19.7028850649992
31383,31388,2020,,2020/10/05,18:00:00,COLISIÓN CONTRA OBJETO FIJO,ASFALTO,Bueno,Bueno,2,NISSAN,BLANCO,1,MINISTERIO PÚBLICO,0,,SIN DATOS,0,0,Morelia,Puerto de Buenavista,octubre,lunes,18,-101.126352197769,19.6849018019943
31385,31390,2020,,2020/10/05,19:00:00,COLISIÓN POR CORTE DE CIRCULACIÓN,ASFALTO,Bueno,Regular,2,FORD,BLANCO,0,MINISTERIO PÚBLICO,,,,0,0,Cuitzeo,San Agustin del Pulque,octubre,lunes,19,-101.080582290888,19.9599711771083
31386,31391,2020,,2020/10/05,21:05:00,COLISIÓN POR ALCANCE,CONCRETO,Bueno,Bueno,4,VOLKSWAGEN,BLANCO,3,MINISTERIO PÚBLICO,27,,SIN DATOS,0,0,Morelia,Camelinas,octubre,lunes,21,-101.17075869981,19.6837967780615
31387,31392,2020,,2020/10/05,21:40:00,COLISIÓN POR ALCANCE,ASFALTO,Bueno,Bueno,3,FORD,BLANCO,3,,57,MASCULINO,ALIENTO ETÍLICO,0,0,Morelia,Tinijaro,octubre,lunes,22,-101.26316,19.6963297049991
31388,31393,2020,,2020/10/05,22:05:00,COLISIÓN POR ALCANCE,ASFALTO,Bueno,Bueno,2,FORD,ROJO,2,MINISTERIO PÚBLICO,38,MASCULINO,SIN DATOS,0,0,Morelia,Fovissste La Huerta,octubre,lunes,22,-101.212283545,19.6922831999991
31389,31394,2020,,2020/10/06,"01:57:00",COLISIÓN CONTRA OBJETO FIJO,ASFALTO,Bueno,Bueno,1,NISSAN,AZUL,1,,23,MASCULINO,ALIENTO ETÍLICO,0,0,Morelia,Elias Perez Avalos,octubre,martes,2,-101.167813022979,19.7136335493406
31390,31395,2020,LEG33190,2020/10/06,"09:58:00",COLISIÓN POR MANIOBRA DE REVERSA,ASFALTO,Bueno,Bueno,2,FORD,BLANCO,2,,28,MASCULINO,SIN DATOS,0,0,Morelia,Ana Maria Gallaga (Riviera Norte),octubre,martes,10,-101.220010190524,19.6771446535739