fid,id_accidente,anio_origen,folio_c5i,dia_incidente,hora_ocurrencia,tipo_incidente_vial,superficie_ocurrencia,condiciones_climaticas,condiciones_via,numero_vehiculos_involucrados,marca_vehiculo_ocasiona_siniestro,color_vehiculo_ocasiona_siniestro,numero_personas_involucradas,lugar_remite_presunto_responsable,edad_presunto_responsable,sexo_presunto_responsable,resultados_toxicologia,numero_personas_lesionadas,numero_personas_fallecidas,municipio,colonia,mes,dia_semana,hora_redondeada,lon,lat
31391,31396,2020,,2020/10/06,10:00:00,COLISIÓN POR MANIOBRA DE REVERSA,ASFALTO,Bueno,Bueno,2,HONDA,GUINDA,2,,,MASCULINO,SIN DATOS,0,0,Morelia,Xangari,octubre,martes,10,-101.219623120327,19.6720670459846
31392,31397,2020,LEG33194,2020/10/06,12:25:00,SUBIDA AL CAMELLÓN,ASFALTO,Bueno,Bueno,1,NISSAN,BLANCO,1,,17,MASCULINO,SIN DATOS,0,0,Morelia,Los Manantiales de Morelia,octubre,martes,12,-101.240235113286,19.6927397029886
31393,31398,2020,,2020/10/06,14:00:00,SUBIDA AL CAMELLÓN,ASFALTO,Bueno,Bueno,1,NISSAN,BLANCO,1,,67,MASCULINO,SIN DATOS,0,0,Morelia,Pascual Ortiz de Ayala,octubre,martes,14,-101.151504422657,19.696032531912
31394,31399,2020,LEG33191,2020/10/06,15:23:00,COLISIÓN POR CORTE DE CIRCULACIÓN,ASFALTO,Bueno,Regular,2,HONDA,BLANCO,2,,32,MASCULINO,SIN DATOS,0,0,Morelia,La Hacienda,octubre,martes,15,-101.3189692863,19.675320886524
31395,31400,2020,LEG33198,2020/10/06,17:00:00,COLISIÓN POR CORTE DE CIRCULACIÓN,ASFALTO,Bueno,Bueno,2,RENAULT,BLANCO,2,MINISTERIO PÚBLICO,55,MASCULINO,SIN DATOS,0,0,Morelia,Real Universidad,octubre,martes,17,-101.211530721999,19.6873694873362
31396,31401,2020,LEG33193,2020/10/06,18:15:00,COLISIÓN POR CORTE DE CIRCULACIÓN,ASFALTO,Bueno,Bueno,2,FORD,AZUL Y GRIS,2,,32,MASCULINO,SIN DATOS,0,0,Morelia,Pastor Manuel Sanchez Camarena,octubre,martes,18,-101.199461116709,19.7389804313009
31397,31402,2020,,2020/10/06,18:30:00,COLISIÓN POR ALCANCE,ASFALTO,Bueno,Bueno,2,VOLKSWAGEN,ROJO,2,,27,MASCULINO,SIN DATOS,0,0,Morelia,Ejidal Ocolusen,octubre,martes,19,-101.155585494629,19.6843663227041
31398,31403,2020,,2020/10/06,19:00:00,COLISIÓN POR INVASIÓN DE CARRIL,ASFALTO,Bueno,Bueno,2,VOLVO,BLANCO,2,,26,MASCULINO,SIN DATOS,0,0,Morelia,Centro,octubre,martes,19,-101.18218963,19.7028850649992
31399,31404,2020,LEG33192,2020/10/06,19:10:00,COLISIÓN POR CAMBIO DE CARRIL,ASFALTO,Bueno,Bueno,2,VOLKSWAGEN,BLANCO,2,,79,MASCULINO,SIN DATOS,0,0,Morelia,Felix Ireta,octubre,martes,19,-101.194331391978,19.6819012282435
31400,31405,2020,LEG33196,2020/10/06,21:00:00,COLISIÓN POR CAMBIO DE CARRIL,ASFALTO,Bueno,Bueno,1,HYUNDAI,ROJO,1,MINISTERIO PÚBLICO,50,MASCULINO,SIN DATOS,0,0,Morelia,Obrera,octubre,martes,21,-101.187422052026,19.7082615265178
31401,31406,2020,LEG33197,2020/10/07,"06:00:00",VOLCADURA,ASFALTO,Bueno,Bueno,1,HONDA,ROJO,1,,23,FEMENINO,SIN DATOS,0,0,Morelia,Sin datos,octubre,miércoles,6,-101.164702766322,19.6588315935196
31403,31408,2020,,2020/10/07,13:50:00,COLISIÓN POR CORTE DE CIRCULACIÓN,ASFALTO,Bueno,Bueno,2,KENWORTH,BLANCO,2,,31,MASCULINO,SIN DATOS,0,0,Morelia,Sentimientos de La Nacion,octubre,miércoles,14,-101.233194944297,19.682432823539
31404,31409,2020,,2020/10/07,16:30:00,COLISIÓN POR CAMBIO DE CARRIL,ASFALTO,Bueno,Bueno,2,FORD,GRIS,2,MINISTERIO PÚBLICO,42,FEMENINO,SIN DATOS,0,0,Peribán,Sin datos,octubre,miércoles,17,-102.441378906369,19.5487635198534
31405,31410,2020,,2020/10/07,17:40:00,COLISIÓN POR CORTE DE CIRCULACIÓN,ASFALTO,Bueno,Bueno,2,FREIGHTLINER,AZUL,2,,34,MASCULINO,SIN DATOS,0,0,Morelia,Centro,octubre,miércoles,18,-101.18218963,19.7028850649992
31407,31412,2020,,2020/10/07,19:10:00,COLISIÓN POR ALCANCE,ASFALTO,Bueno,Bueno,2,CHEVROLET/SIERRA,AZUL,2,,56,MASCULINO,SIN DATOS,0,0,Tarímbaro,Sin datos,octubre,miércoles,19,-101.144830919802,19.7722187313186
31408,31413,2020,,2020/10/07,19:11:00,COLISIÓN POR CAMBIO DE CARRIL,ASFALTO,Bueno,Bueno,2,ITALIKA,GRIS Y NARANJA,2,,38,MASCULINO,SIN DATOS,0,0,Morelia,Ejidal San Isidro,octubre,miércoles,19,-101.279508614475,19.6906503850057
31411,31416,2020,,2020/10/07,21:20:00,COLISIÓN POR CORTE DE CIRCULACIÓN,ASFALTO,Bueno,Bueno,2,VOLKSWAGEN/POINTER,GRIS,2,,42,MASCULINO,SIN DATOS,0,0,Morelia,Ventura Puente,octubre,miércoles,21,-101.193225725,19.6917077449992
31412,31417,2020,,2020/10/07,21:20:00,COLISIÓN CONTRA OBJETO FIJO,ASFALTO,Bueno,Bueno,1,NISSAN,ROJO,1,,31,MASCULINO,CON CERTIFICADO,0,0,Tarímbaro,Centro,octubre,miércoles,21,-101.176869,19.792979
31413,31418,2020,,2020/10/07,21:30:00,COLISIÓN POR CORTE DE CIRCULACIÓN,ASFALTO,Bueno,Bueno,2,VOLKSWAGEN,BLANCO,3,,30,MASCULINO,SIN DATOS,1,0,Morelia,Mariano Escobedo,octubre,miércoles,22,-101.209748685,19.7223888749991
31414,31419,2020,,2020/10/07,21:38:00,COLISIÓN POR ALCANCE,ASFALTO,Bueno,Bueno,3,ACURA,BLANCO,3,MINISTERIO PÚBLICO,26,MASCULINO,CON CERTIFICADO,0,0,Morelia,Lomas de Huerta,octubre,miércoles,22,-101.212,19.6754
31415,31420,2020,MOR200774021,2020/10/08,11:14:00,COLISIÓN POR CORTE DE CIRCULACIÓN,ASFALTO,Bueno,Bueno,2,FIAT,PLATA,2,,32,MASCULINO,SIN DATOS,0,0,Morelia,Felix Ireta,octubre,jueves,11,-101.184589974582,19.6867611469302
31416,31421,2020,MOR200774420,2020/10/08,13:30:00,COLISIÓN POR CORTE DE CIRCULACIÓN,ASFALTO,Bueno,Bueno,2,FORD,AZUL,2,,57,MASCULINO,SIN DATOS,0,0,Morelia,Lomas de Hidalgo,octubre,jueves,14,-101.158891394734,19.6955134154574
31417,31422,2020,LEG33223,2020/10/08,15:45:00,COLISIÓN POR CORTE DE CIRCULACIÓN,ASFALTO,Bueno,Bueno,2,FORD,BLANCO Y ROSA,2,,21,MASCULINO,SIN DATOS,0,0,Morelia,Americas Britania,octubre,jueves,16,-101.149336451826,19.6946675552473
31418,31423,2020,LEG33221,2020/10/08,16:45:00,COLISIÓN POR CORTE DE CIRCULACIÓN,ASFALTO,Bueno,Bueno,2,MERCEDES BENZ,NEGRO,3,,47,MASCULINO,SIN DATOS,1,0,Morelia,Isaac Arriaga,octubre,jueves,17,-101.171431079106,19.7077125660198
31419,31424,2020,,2020/10/08,19:00:00,COLISIÓN POR ALCANCE,ASFALTO,Bueno,Bueno,3,TOYOTA,BLANCA,3,,24,MASCULINO,SIN DATOS,0,0,Morelia,Avicola Benito Juarez,octubre,jueves,19,-101.279541210018,19.6914138964484
31420,31425,2020,LEG33229,2020/10/08,19:02:00,COLISIÓN CON PEATÓN,CONCRETO,Bueno,Bueno,1,VOLKSWAGEN,BLANCO,2,,35,MASCULINO,SIN DATOS,1,0,Morelia,Quinceo,octubre,jueves,19,-101.22480363331,19.7307960831219
31421,31426,2020,LEG33225,2020/10/08,20:34:00,COLISIÓN POR ALCANCE,ASFALTO,Bueno,Bueno,2,VOLKSWAGEN,BLANCO,2,,26,MASCULINO,SIN DATOS,0,0,Morelia,Los Manantiales de Morelia,octubre,jueves,21,-101.240284341724,19.6927212239182
31422,31427,2020,,2020/10/08,22:30:00,CAIDA DE MOTOCICLETA,CONCRETO,Bueno,Bueno,1,BAJAJ,NEGRO,2,,19,MASCULINO,SIN DATOS,1,0,Tarímbaro,Sin datos,octubre,jueves,23,-101.179714053869,19.7522304719504
31423,31428,2020,LEG33228,2020/10/08,22:45:00,COLISIÓN POR MANIOBRA DE REVERSA,ASFALTO,Bueno,Bueno,2,CHEVROLET,BLANCO,2,,49,MASCULINO,ALIENTO ETÍLICO,0,0,Morelia,Los Manantiales de Morelia,octubre,jueves,23,-101.240240142428,19.6927352836517
31425,31430,2020,,2020/10/09,"00:00:00",COLISIÓN POR CAMBIO DE CARRIL,ASFALTO,Bueno,Bueno,2,FORD,BLANCO,2,MINISTERIO PÚBLICO,84,MASCULINO,SIN DATOS,0,0,Morelia,Centro,octubre,viernes,0,-101.18218963,19.7028850649992
31428,31433,2020,LEG33230,2020/10/09,"08:00:00",COLISIÓN POR MANIOBRA DE REVERSA,ASFALTO,Bueno,Bueno,3,NISSAN,BLANCO Y ROSA,3,,44,MASCULINO,SIN DATOS,0,0,Morelia,Morelos,octubre,viernes,8,-101.206943181225,19.7013739021134
31429,31434,2020,,2020/10/09,"08:50:00",COLISIÓN POR ALCANCE,ASFALTO,Bueno,Bueno,2,MERCEDES BENZ,BLANCO CON NARANJA,2,,,MASCULINO,SIN DATOS,0,0,Morelia,Tinijaro,octubre,viernes,9,-101.26316,19.6963297049991
31430,31435,2020,,2020/10/09,"09:00:00",COLISIÓN CON PEATÓN,SIN_DATOS,Bueno,Bueno,0,,,0,,,,,0,0,Morelia,Emiliano Zapata,octubre,viernes,9,-101.21625852933,19.7152451011907
31431,31436,2020,,2020/10/09,"09:00:00",COLISIÓN POR CORTE DE CIRCULACIÓN,ASFALTO,Bueno,Bueno,2,ITALIKA,NEGRO,1,,36,MASCULINO,SIN DATOS,0,0,Morelia,Emiliano Zapata,octubre,viernes,9,-101.21625852933,19.7152451011907
31434,31439,2020,,2020/10/09,13:00:00,COLISIÓN POR MANIOBRA DE REVERSA,ASFALTO,Bueno,Bueno,2,HONDA,NEGRO,2,,61,FEMENINO,SIN DATOS,0,0,Morelia,Dr Miguel Silva,octubre,viernes,13,-101.187927793444,19.7204887484457
31436,31441,2020,,2020/10/09,13:20:00,COLISIÓN POR MANIOBRA DE REVERSA,ASFALTO,Bueno,Bueno,2,FORD,BLANCO,2,,28,MASCULINO,SIN DATOS,0,0,Morelia,Asociacion Zirahuen,octubre,viernes,13,-101.24910007,19.7005277249992
31437,31442,2020,,2020/10/09,15:07:00,COLISIÓN POR CAMBIO DE CARRIL,ASFALTO,Bueno,Bueno,2,MAZDA,GRAFITO,2,,41,MASCULINO,SIN DATOS,0,0,Morelia,Prados Verdes,octubre,viernes,15,-101.19667004,19.7174463899991
31438,31443,2020,MOR200777027,2020/10/09,15:10:00,COLISIÓN POR MANIOBRA DE REVERSA,ASFALTO,Bueno,Regular,2,VOLKSWAGEN,GRIS,2,,55,FEMENINO,SIN DATOS,0,0,Morelia,Virreyes,octubre,viernes,15,-101.15717481,19.6962656999991
31439,31444,2020,,2020/10/09,16:50:00,COLISIÓN POR CORTE DE CIRCULACIÓN,ASFALTO,Bueno,Bueno,2,VOLKSWAGEN,ROJO,2,MINISTERIO PÚBLICO,26,MASCULINO,SIN DATOS,0,0,Morelia,Felicitas del Rio,octubre,viernes,17,-101.200257123757,19.6935246012511
31440,31445,2020,,2020/10/09,17:25:00,COLISIÓN POR ALCANCE,ASFALTO,Bueno,Bueno,4,FIAT,ROJO,4,,31,FEMENINO,SIN DATOS,0,0,Morelia,Tinijaro,octubre,viernes,17,-101.26316,19.6963297049991
31441,31446,2020,,2020/10/09,20:06:00,COLISIÓN CONTRA OBJETO FIJO,ASFALTO,Bueno,Bueno,1,NISSAN,AZUL Y VERDE,1,,54,MASCULINO,SIN DATOS,0,0,Tarímbaro,El Trebol,octubre,viernes,20,-101.15695450455,19.7683934435157
31442,31447,2020,,2020/10/09,20:30:00,COLISIÓN POR CAMBIO DE CARRIL,ASFALTO,Bueno,Bueno,2,VOLKSWAGEN,BLANCO/ ROJO,2,,46,MASCULINO,ALIENTO ETÍLICO,0,0,Morelia,Lomas de Morelia (Dr Ignacio Chavez),octubre,viernes,21,-101.175452644618,19.7162004988672
31443,31448,2020,,2020/10/09,21:30:00,SALIDA DE SUPERFICIE DE RODAMIENTO,ASFALTO,Bueno,Bueno,1,BMW,BLANCO/ NEGRO,1,,,,,1,0,Huandacareo,Sin datos,octubre,viernes,22,-101.311555536771,19.9683252962452
31444,31449,2020,,2020/10/10,"00:00:00",COLISIÓN POR ALCANCE,ASFALTO,Bueno,Regular,2,FORD,BLANCO,2,MINISTERIO PÚBLICO,40,MASCULINO,SIN DATOS,0,0,Maravatío,Sin datos,octubre,sábado,0,-100.454747825861,19.839490527483
31445,31450,2020,,2020/10/10,"01:10:00",COLISIÓN POR CORTE DE CIRCULACIÓN,ASFALTO,Bueno,Bueno,2,CHEVROLET,AZUL,2,,23,FEMENINO,CON CERTIFICADO,0,0,Morelia,Centro,octubre,sábado,1,-101.192887909528,19.6981992621584
31446,31451,2020,MOR20059596,2020/10/10,"01:24:00",COLISIÓN CONTRA OBJETO FIJO,CONCRETO,Bueno,Bueno,1,NISSAN,AZUL,1,,54,MASCULINO,SIN DATOS,0,0,Morelia,Prados del Campestre,octubre,sábado,1,-101.166126478092,19.681973228378
31447,31452,2020,,2020/10/10,"02:33:00",COLISIÓN CONTRA OBJETO FIJO,ASFALTO,Bueno,Bueno,2,NISSAN,ROJO,1,,,,SIN DATOS,0,0,Morelia,Chapultepec Oriente,octubre,sábado,3,-101.163287504829,19.6905729506093
31448,31453,2020,,2020/10/10,"03:05:00",COLISIÓN POR NO RESPETAR SEMÁFORO,ASFALTO,Bueno,Bueno,2,FORD,GRIS,2,MINISTERIO PÚBLICO,28,FEMENINO,SIN DATOS,0,0,Morelia,Camelinas,octubre,sábado,3,-101.169024445117,19.6823074898489
31449,31454,2020,,2020/10/10,"03:40:00",COLISIÓN CONTRA OBJETO FIJO,ASFALTO,Bueno,Bueno,1,FORD,BLANCO CON ROSA,1,,0,,SIN DATOS,0,0,Morelia,Jardines del Rincon,octubre,sábado,4,-101.149283382681,19.68870732649
31450,31455,2020,,2020/10/10,"04:31:00",SALIDA DE SUPERFICIE DE RODAMIENTO,ASFALTO,Bueno,Regular,1,VOLKSWAGEN,AZUL,1,,36,MASCULINO,CON CERTIFICADO,0,0,Morelia,Sin datos,octubre,sábado,5,-101.267030015588,19.6399884742904
31451,31456,2020,,2020/10/10,"05:00:00",COLISIÓN CONTRA OBJETO FIJO,CONCRETO,Bueno,Bueno,1,DODGE,AZUL,0,,,,,0,0,Morelia,Camelinas,octubre,sábado,5,-101.174,19.6806
31452,31457,2020,,2020/10/10,"06:00:00",COLISIÓN POR CAMBIO DE CARRIL,ASFALTO,Bueno,Bueno,2,FORD/ESCAPE,ARENA,2,,21,MASCULINO,CON CERTIFICADO,0,0,Morelia,Country Club  Las Huertas,octubre,sábado,6,-101.226765918963,19.6615306668176
31453,31458,2020,LEG33265,2020/10/10,11:35:00,COLISIÓN CON PEATÓN,ASFALTO,Bueno,Bueno,1,KENWORTH,BLANCO,2,MINISTERIO PÚBLICO,,,SIN DATOS,0,1,Morelia,Sin datos,octubre,sábado,12,-101.339840255678,19.6858633541795
31454,31459,2020,LEG33270,2020/10/10,13:20:00,COLISIÓN POR ALCANCE,ASFALTO,Bueno,Bueno,2,NISSAN,AZUL,2,,0,FEMENINO,SIN DATOS,0,0,Morelia,Lomas del Tecnologico,octubre,sábado,13,-101.196091286838,19.7242912593265
31455,31460,2020,,2020/10/10,13:40:00,COLISIÓN POR CAMBIO DE CARRIL,ASFALTO,Bueno,Regular,2,NISSAN,GUNDA,2,,35,MASCULINO,SIN DATOS,0,0,Morelia,Union,octubre,sábado,14,-101.15450900048,19.7129309530521
31456,31461,2020,LEG33268,2020/10/10,14:05:00,SALIDA DE SUPERFICIE DE RODAMIENTO,ASFALTO,Bueno,Bueno,1,CHEVROLET,BLANCO,1,,57,MASCULINO,SIN DATOS,0,0,Tarímbaro,Sin datos,octubre,sábado,14,-101.158112272078,19.7700126392906
31457,31462,2020,LEG33269,2020/10/10,15:00:00,COLISIÓN POR INVASIÓN DE CARRIL,ASFALTO,Bueno,Bueno,2,HONDA,BLANCO,2,,34,FEMENINO,SIN DATOS,0,0,Morelia,Nueva Valladolid,octubre,sábado,15,-101.211483945359,19.6992598320994
31458,31463,2020,,2020/10/10,15:00:00,COLISIÓN CON PEATÓN,ASFALTO,Bueno,Bueno,2,NISSAN,BLANCO,1,MINISTERIO PÚBLICO,,,SIN DATOS,0,0,Lázaro Cárdenas,1Er Sect de Fidelac,octubre,sábado,15,-102.197956466515,17.96487364937
31459,31464,2020,LEG33267,2020/10/10,16:45:00,COLISIÓN CONTRA OBJETO FIJO,ASFALTO,Bueno,Bueno,1,NISSAN,BLANCO,1,MINISTERIO PÚBLICO,35,MASCULINO,SIN DATOS,0,0,Morelia,Nueva Valladolid,octubre,sábado,17,-101.210632517266,19.7019872138336
31460,31465,2020,MOR200780132,2020/10/10,18:30:00,COLISIÓN POR CORTE DE CIRCULACIÓN,ASFALTO,Bueno,Bueno,2,TOYOTA,NEGRO,2,MINISTERIO PÚBLICO,36,MASCULINO,SIN DATOS,0,0,Morelia,La Hacienda,octubre,sábado,19,-101.315522038125,19.6791799721284
31461,31466,2020,LEG33280,2020/10/10,19:02:00,COLISIÓN POR ALCANCE,ASFALTO,Bueno,Bueno,2,FORD,ROJO,2,,0,MASCULINO,SIN DATOS,0,0,Morelia,El Realito,octubre,sábado,19,-101.203019454865,19.7255729482331
31462,31467,2020,MOR200780413,2020/10/10,21:10:00,COLISIÓN POR INVASIÓN DE CARRIL,CONCRETO,Lluvioso,Bueno,2,FORD,AMARILLO,2,,48,MASCULINO,ALIENTO ETÍLICO,0,0,Morelia,Santa Maria de Guido,octubre,sábado,21,-101.19173425636,19.6770188028595
31463,31468,2020,LEG33272,2020/10/10,21:15:00,COLISIÓN POR ALCANCE,ASFALTO,Bueno,Bueno,2,HYUNDAI,GRIS,2,,29,MASCULINO,SIN DATOS,0,0,Morelia,Alberto Oviedo Mota,octubre,sábado,21,-101.202093735337,19.677613779595
31465,31470,2020,LEG33279,2020/10/10,22:30:00,COLISIÓN POR CORTE DE CIRCULACIÓN,ASFALTO,Bueno,Bueno,2,VOLKSWAGEN,GRIS,2,MINISTERIO PÚBLICO,,,SIN DATOS,0,0,Morelia,Centro,octubre,sábado,23,-101.19118388321,19.702768457823
31466,31471,2020,,2020/10/10,23:00:00,COLISIÓN POR ALCANCE,ASFALTO,Bueno,Bueno,2,SEAT,NEGRO,2,,53,MASCULINO,SIN DATOS,0,0,Copándaro,Sin datos,octubre,sábado,23,-101.180780872035,19.8896681115546
31468,31473,2020,MOR200780855,2020/10/11,"00:40:00",CAIDA DE MOTOCICLETA,CONCRETO,Nublado,Bueno,1,YAMAHA,BLANCO,2,,24,MASCULINO,ALIENTO ETÍLICO,1,0,Morelia,Ferrocarrilero,octubre,domingo,1,-101.217866434969,19.6973035502095
31469,31474,2020,,2020/10/11,"06:20:00",SALIDA DE SUPERFICIE DE RODAMIENTO,ASFALTO,Bueno,Bueno,1,NISSAN,BLANCO,0,,,,,0,0,Morelia,San Guillermo,octubre,domingo,6,-101.178597584367,19.7385894039328
31470,31475,2020,LEG33281,2020/10/11,"07:20:00",COLISIÓN CONTRA OBJETO FIJO,ASFALTO,Bueno,Bueno,1,AUDI,AZUL,1,,32,MASCULINO,SIN DATOS,0,0,Morelia,Residencial Alborada,octubre,domingo,7,-101.234587661244,19.7023518163371
31471,31476,2020,,2020/10/11,"08:10:00",COLISIÓN CONTRA OBJETO FIJO,CONCRETO,Bueno,Bueno,2,KIA,ROJO,2,,,MASCULINO,SIN DATOS,0,0,Morelia,Centro,octubre,domingo,8,-101.201406741973,19.7007562897817
31472,31477,2020,,2020/10/11,14:15:00,COLISIÓN CONTRA OBJETO FIJO,ASFALTO,Bueno,Bueno,3,FORD,BLANCO,3,,45,MASCULINO,SIN DATOS,0,0,Morelia,Eduardo Ruiz,octubre,domingo,14,-101.216402985156,19.7188252088674
31473,31478,2020,,2020/10/11,15:00:00,COLISIÓN POR MANIOBRA DE REVERSA,ASFALTO,Bueno,Bueno,2,CHEVROLET,GRIS,2,,,FEMENINO,SIN DATOS,0,0,Morelia,Quinceo,octubre,domingo,15,-101.221447580241,19.7277184021971
31474,31479,2020,,2020/10/11,15:00:00,COLISIÓN POR CORTE DE CIRCULACIÓN,ASFALTO,Bueno,Bueno,2,NISSAN,ROJO,2,,22,FEMENINO,SIN DATOS,0,0,Morelia,Centro,octubre,domingo,15,-101.200225241482,19.701205005802
31475,31480,2020,,2020/10/11,16:35:00,SALIDA DE SUPERFICIE DE RODAMIENTO,ASFALTO,Bueno,Bueno,1,Ford,Azul,1,,48,MASCULINO,SIN DATOS,0,0,Morelia,Clara Cordova Moran,octubre,domingo,17,-101.180823482573,19.7374372303087
31476,31481,2020,,2020/10/11,20:00:00,COLISIÓN POR CORTE DE CIRCULACIÓN,ASFALTO,Bueno,Bueno,2,KURAZAI,ROJO,2,,22,FEMENINO,SIN DATOS,0,0,Morelia,Isaac Arriaga,octubre,domingo,20,-101.174597435378,19.706310365803
31477,31482,2020,MOR200780344,2020/10/11,20:40:00,COLISIÓN CONTRA OBJETO FIJO,CONCRETO,Lluvioso,Bueno,1,NISSAN,ROJO,0,MINISTERIO PÚBLICO,,,,0,0,Morelia,Primo Tapia,octubre,domingo,21,-101.211803636767,19.7090781042316
31478,31483,2020,,2020/10/11,21:05:00,COLISIÓN POR ALCANCE,CONCRETO,Bueno,Bueno,2,INTERNACIONAL,AMARILLO CON GUINDA,2,,,,SIN DATOS,0,0,Morelia,Tres Puentes,octubre,domingo,21,-101.216165944934,19.7037917384517
31479,31484,2020,,2020/10/11,21:15:00,COLISIÓN POR CAMBIO DE CARRIL,ASFALTO,Bueno,Bueno,2,NISSAN,BLANCO,2,MINISTERIO PÚBLICO,50,MASCULINO,SIN DATOS,0,0,Morelia,La Hacienda,octubre,domingo,21,-101.314941644669,19.6868802151552
31480,31485,2020,,2020/10/12,"02:10:00",COLISIÓN CONTRA OBJETO FIJO,ASFALTO,Bueno,Bueno,1,VOLKSWAGEN,GRIS,3,MINISTERIO PÚBLICO,21,MASCULINO,SIN DATOS,2,0,Morelia,Poblado de Ocolusen,octubre,lunes,2,-101.150127649172,19.6944699261717
31481,31486,2020,,2020/10/12,"02:38:00",COLISIÓN CONTRA OBJETO FIJO,ASFALTO,Bueno,Bueno,2,VOLKSWAGEN,ROJO,2,,28,MASCULINO,CON CERTIFICADO,0,0,Morelia,Nueva Jacarndas,octubre,lunes,3,-101.189273081042,19.6819615246942
31482,31487,2020,MOR20087465,2020/10/12,"05:25:00",CAIDA DE MOTOCICLETA,TERRACERIA,Nublado,Regular,1,ITALIKA,GRIS,0,,,,,0,0,Morelia,La Quemada,octubre,lunes,5,-101.237005703151,19.7017674935068
31484,31489,2020,MOR200784612,2020/10/12,"09:30:00",VOLCADURA,ASFALTO,Bueno,Bueno,1,NISSAN,BLANCO,1,,28,MASCULINO,SIN DATOS,0,0,Morelia,Dr Miguel Silva,octubre,lunes,10,-101.187927793444,19.7204887484457
31486,31491,2020,LEG33308,2020/10/12,10:15:00,COLISIÓN POR ALCANCE,ASFALTO,Bueno,Bueno,2,INTERNATIONAL,VERDE,2,,30,MASCULINO,SIN DATOS,0,0,Morelia,Centro,octubre,lunes,10,-101.188677661121,19.7107342021633
31488,31493,2020,LEG33306,2020/10/12,14:06:00,COLISIÓN POR NO RESPETAR SEMÁFORO,ASFALTO,Bueno,Bueno,2,DODGE,ROJO,2,,27,MASCULINO,SIN DATOS,0,0,Morelia,Sentimientos de La Nacion,octubre,lunes,14,-101.236871927977,19.6848061941819
31489,31494,2020,,2020/10/12,15:00:00,COLISIÓN POR CAMBIO DE CARRIL,ASFALTO,Bueno,Bueno,2,CHEVROLET,BLANCO,2,,48,MASCULINO,SIN DATOS,0,0,Morelia,Americas Britania,octubre,lunes,15,-101.149194233787,19.6946548427163
31490,31495,2020,MOR200784978,2020/10/12,15:40:00,COLISIÓN POR ALCANCE,ASFALTO,Bueno,Bueno,2,FORD,GRIS,2,,72,MASCULINO,SIN DATOS,0,0,Morelia,Dr Miguel Silva,octubre,lunes,16,-101.187927793444,19.7204887484457
31491,31496,2020,LEG33301,2020/10/12,17:00:00,COLISIÓN POR CORTE DE CIRCULACIÓN,ASFALTO,Bueno,Bueno,2,JEEP,NEGRO,2,,50,FEMENINO,SIN DATOS,0,0,Morelia,Centro,octubre,lunes,17,-101.198428565665,19.7035391005434
31492,31497,2020,LEG33300,2020/10/12,17:35:00,COLISIÓN CONTRA OBJETO FIJO,CONCRETO,Bueno,Bueno,1,CHYSLER,BLANCO/ROJO,1,,,MASCULINO,SIN DATOS,0,0,Morelia,Tinijaro,octubre,lunes,18,-101.26316,19.6963297049991
31493,31498,2020,LEG33312,2020/10/12,21:00:00,COLISIÓN POR MANIOBRA DE REVERSA,ASFALTO,Bueno,Bueno,2,DINA,GUINDA,2,,,,SIN DATOS,0,0,Morelia,Industrial,octubre,lunes,21,-101.195925629951,19.7102478421028
31494,31499,2020,,2020/10/12,21:45:00,COLISIÓN POR CORTE DE CIRCULACIÓN,ASFALTO,Bueno,Bueno,1,SIN DATOS,S/D,1,,,,,1,0,Charo,Sin datos,octubre,lunes,22,-101.079730689526,19.686726422269
31496,31501,2020,,2020/10/12,22:35:00,SALIDA DE SUPERFICIE DE RODAMIENTO,ASFALTO,Bueno,Bueno,1,NISSAN/SENTRA,GRIS,1,,28,MASCULINO,SIN DATOS,0,0,Morelia,El Eden,octubre,lunes,23,-101.249528629152,19.6460409062781
31498,31503,2020,,2020/10/13,"00:00:00",COLISIÓN POR CORTE DE CIRCULACIÓN,ASFALTO,Bueno,Bueno,2,VOLKSWAGEN,ROJO,2,,39,,SIN DATOS,0,0,Morelia,Sentimientos de La Nacion,octubre,martes,0,-101.233194944297,19.682432823539
31499,31504,2020,,2020/10/13,"08:20:00",COLISIÓN POR CORTE DE CIRCULACIÓN,CONCRETO,Bueno,Bueno,2,ITALIKA,AMARILLO,2,,27,MASCULINO,SIN DATOS,0,0,Morelia,Isaac Arriaga,octubre,martes,8,-101.173878539064,19.7098514781792
31500,31505,2020,,2020/10/13,"09:50:00",COLISIÓN POR CORTE DE CIRCULACIÓN,ASFALTO,Bueno,Bueno,2,VOLKSWAGEN,PLATA,2,,30,MASCULINO,SIN DATOS,0,0,Morelia,Las Americas,octubre,martes,10,-101.155799478292,19.6889288979175
31501,31506,2020,,2020/10/13,11:40:00,COLISIÓN POR CORTE DE CIRCULACIÓN,CONCRETO,Bueno,Bueno,2,FORD,GRIS,2,,31,MASCULINO,SIN DATOS,0,0,Morelia,Sin datos,octubre,martes,12,-101.119574805995,19.701086
31502,31507,2020,,2020/10/13,12:15:00,COLISIÓN CONTRA OBJETO FIJO,CONCRETO,Bueno,Bueno,1,CHRYSLER,BLANCO CON AZUL,1,,29,MASCULINO,SIN DATOS,0,0,Morelia,Lomas de Vista Bella,octubre,martes,12,-101.198675533477,19.6730743205663
31503,31508,2020,,2020/10/13,15:35:00,COLISIÓN POR CAMBIO DE CARRIL,ASFALTO,Bueno,Bueno,2,CHRYSLER,GRIS,2,,37,MASCULINO,SIN DATOS,0,0,Morelia,Lomas del Tecnologico,octubre,martes,16,-101.192331835628,19.7229429905605