fid,id_accidente,anio_origen,folio_c5i,dia_incidente,hora_ocurrencia,tipo_incidente_vial,superficie_ocurrencia,condiciones_climaticas,condiciones_via,numero_vehiculos_involucrados,marca_vehiculo_ocasiona_siniestro,color_vehiculo_ocasiona_siniestro,numero_personas_involucradas,lugar_remite_presunto_responsable,edad_presunto_responsable,sexo_presunto_responsable,resultados_toxicologia,numero_personas_lesionadas,numero_personas_fallecidas,municipio,colonia,mes,dia_semana,hora_redondeada,lon,lat
31504,31509,2020,,2020/10/13,18:16:00,VOLCADURA,ASFALTO,Bueno,Bueno,1,CHEVROLET,PLATA,0,,,,,0,0,Tarímbaro,Sin datos,octubre,martes,18,-101.191778660499,19.7909169875011
31505,31510,2020,,2020/10/13,19:00:00,COLISIÓN CONTRA OBJETO FIJO,CONCRETO,Lluvioso,Bueno,1,BMW/SPORT,NEGRO,1,,19,MASCULINO,SIN DATOS,0,0,Morelia,Club de Golf Tres Marias,octubre,martes,19,-101.114990308203,19.7037630434393
31506,31511,2020,,2020/10/13,20:32:00,SUBIDA AL CAMELLÓN,CONCRETO,Bueno,Bueno,1,CHEVROLET,GRIS,1,,65,MASCULINO,ALIENTO ETÍLICO,0,0,Morelia,Los Manantiales de Morelia,octubre,martes,21,-101.241280778564,19.6949259971241
31507,31512,2020,,2020/10/13,21:50:00,SUBIDA AL CAMELLÓN,ASFALTO,Nublado,Bueno,1,NISSAN,BLANCO,1,,65,MASCULINO,SIN DATOS,0,0,Morelia,Lomas del Tecnologico,octubre,martes,22,-101.196174100041,19.7243092487907
31508,31513,2020,,2020/10/13,22:20:00,COLISIÓN POR CAMBIO DE CARRIL,ASFALTO,Bueno,Bueno,2,FORD,BLANCO,2,,22,MASCULINO,SIN DATOS,0,0,Morelia,Tzindurio de Morelos,octubre,martes,22,-101.243783645332,19.7000648731427
31509,31514,2020,,2020/10/13,22:25:00,COLISIÓN POR ALCANCE,ASFALTO,Lluvioso,Bueno,2,MAZDA/3,GRIS,2,,38,MASCULINO,SIN DATOS,0,0,Morelia,Avicola Benito Juarez,octubre,martes,22,-101.279571354389,19.6914075543692
31510,31515,2020,MOR200685216,2020/10/13,22:46:00,COLISIÓN POR MANIOBRA DE REVERSA,CONCRETO,Bueno,Bueno,2,FORD,ROJO,2,,54,FEMENINO,SIN DATOS,0,0,Morelia,Elias Perez Avalos,octubre,martes,23,-101.167570017278,19.7138444039142
31511,31516,2020,MOR200786068,2020/10/13,23:30:00,SUBIDA AL CAMELLÓN,ASFALTO,Bueno,Bueno,1,TOYOTA,BLANCO/MORADO,1,,50,MASCULINO,SIN DATOS,0,0,Morelia,Quinceo,octubre,martes,0,-101.221448586069,19.7277174554034
31512,31517,2020,,2020/10/14,"02:05:00",COLISIÓN POR CORTE DE CIRCULACIÓN,CONCRETO,Bueno,Bueno,2,NISSAN,BLANCO CON ROJO,2,,45,MASCULINO,SIN DATOS,0,0,Morelia,Villas del Pedregal,octubre,miércoles,2,-101.302209,19.685042
31513,31518,2020,,2020/10/14,"03:10:00",COLISIÓN CONTRA OBJETO FIJO,ASFALTO,Nublado,Bueno,1,FORD/F450,BLANCO,0,,,,,0,0,Morelia,Tinijaro,octubre,miércoles,3,-101.26316,19.6963297049991
31514,31519,2020,MOR200788919,2020/10/14,"09:10:00",COLISIÓN POR ALCANCE,CONCRETO,Bueno,Bueno,2,DODGE,NEGRO Y GRIS,2,MINISTERIO PÚBLICO,53,MASCULINO,SIN DATOS,0,0,Morelia,Comision Federal de Electricidad,octubre,miércoles,9,-101.179988309741,19.6814642863638
31515,31520,2020,,2020/10/14,13:00:00,COLISIÓN POR ALCANCE,CONCRETO,Bueno,Bueno,1,CHEVROLET,GRIS,1,,,MASCULINO,SIN DATOS,0,0,Morelia,Ampliacion La Soledad,octubre,miércoles,13,-101.184743095,19.7297316299991
31516,31521,2020,LEG33340,2020/10/14,15:10:00,COLISIÓN POR ALCANCE,ASFALTO,Bueno,Bueno,2,DODGE,BLANCO,2,,25,MASCULINO,SIN DATOS,0,0,Morelia,Santillan La Huerta,octubre,miércoles,15,-101.219553885717,19.6760966650679
31517,31522,2020,MOR200789772,2020/10/14,15:15:00,COLISIÓN POR ALCANCE,CONCRETO,Bueno,Bueno,3,VOLKSWAGEN,ROJO,3,,37,MASCULINO,SIN DATOS,0,0,Morelia,Ferrocarrilero,octubre,miércoles,15,-101.223609235,19.6918737849991
31518,31523,2020,,2020/10/14,16:40:00,COLISIÓN POR CORTE DE CIRCULACIÓN,ASFALTO,Bueno,Bueno,2,NISSAN,BLANCO Y CORAL,2,,43,MASCULINO,SIN DATOS,0,0,Morelia,Centro,octubre,miércoles,17,-101.18218963,19.7028850649992
31519,31524,2020,LEG33337,2020/10/14,17:00:00,COLISIÓN POR CORTE DE CIRCULACIÓN,CONCRETO,Bueno,Bueno,2,MAZDA,GRIS,2,,35,MASCULINO,SIN DATOS,0,0,Morelia,Fuentes de Morelia,octubre,miércoles,17,-101.20316769,19.6693875049992
31520,31525,2020,LEG33342,2020/10/14,17:00:00,COLISIÓN POR CORTE DE CIRCULACIÓN,ASFALTO,Bueno,Bueno,2,NISSAN,BLANCO,2,,65,MASCULINO,SIN DATOS,0,0,Morelia,Eduardo Ruiz,octubre,miércoles,17,-101.223553053356,19.7230995317125
31522,31527,2020,,2020/10/14,21:30:00,CAIDA DE MOTOCICLETA,CONCRETO,Bueno,Bueno,2,ITALIKA,VERDE Y NEGRO,2,,,MASCULINO,CON CERTIFICADO,0,0,Morelia,Ignacio Lopez Rayon,octubre,miércoles,22,-101.250591165,19.6897065849991
31523,31528,2020,LEG33343,2020/10/15,"08:00:00",SALIDA DE SUPERFICIE DE RODAMIENTO,CONCRETO,Nublado,Regular,1,NISSAN,VERDE,1,,30,FEMENINO,SIN DATOS,0,0,Morelia,Jose Trinidad Guido,octubre,jueves,8,-101.186777655,19.6685183449991
31524,31529,2020,,2020/10/15,"09:50:00",COLISIÓN CONTRA OBJETO FIJO,ASFALTO,Bueno,Bueno,1,CHEVROLET,BLANCO,1,MINISTERIO PÚBLICO,38,MASCULINO,SIN DATOS,0,0,Tarímbaro,Sin datos,octubre,jueves,10,-101.157320260323,19.7721023368197
31525,31530,2020,,2020/10/15,11:30:00,COLISIÓN POR CORTE DE CIRCULACIÓN,ASFALTO,Bueno,Bueno,2,HYUNDAI,GRIS,2,,32,MASCULINO,SIN DATOS,0,0,Morelia,Comision Federal de Electricidad,octubre,jueves,12,-101.181304370054,19.681701101233
31526,31531,2020,,2020/10/15,11:32:00,COLISIÓN POR CORTE DE CIRCULACIÓN,ASFALTO,Bueno,Bueno,2,KIA,BLANCO,2,,38,FEMENINO,SIN DATOS,0,0,Morelia,Vasco de Quiroga,octubre,jueves,12,-101.172454959966,19.7068288469446
31527,31532,2020,,2020/10/15,12:14:00,COLISIÓN POR CORTE DE CIRCULACIÓN,ASFALTO,Bueno,Bueno,2,TOYOTA,BLANCO Y  NARANJA,2,,27,MASCULINO,SIN DATOS,0,0,Morelia,Granjas del Maestro,octubre,jueves,12,-101.189071275294,19.7131705425225
31528,31533,2020,,2020/10/15,13:10:00,COLISIÓN POR CORTE DE CIRCULACIÓN,ASFALTO,Bueno,Bueno,2,CHEVROLET,ROJO,2,,36,,SIN DATOS,0,0,Morelia,Industrial,octubre,jueves,13,-101.188614964485,19.710812163095
31529,31534,2020,LEG33361,2020/10/15,13:10:00,COLISIÓN POR CORTE DE CIRCULACIÓN,ASFALTO,Bueno,Bueno,2,CHEVROLET,ROJO,2,,0,MASCULINO,SIN DATOS,0,0,Morelia,Centro,octubre,jueves,13,-101.188436597586,19.7107016921142
31530,31535,2020,,2020/10/15,13:20:00,COLISIÓN POR ALCANCE,ASFALTO,Bueno,Bueno,2,FORD,AZUL,2,,20,MASCULINO,SIN DATOS,0,0,Morelia,Alberto Oviedo Mota,octubre,jueves,13,-101.202130585231,19.6771178479619
31531,31536,2020,,2020/10/15,14:27:00,COLISIÓN POR MANIOBRA DE REVERSA,ASFALTO,Bueno,Bueno,2,TOYOTA,BLANCO,2,,26,MASCULINO,SIN DATOS,0,0,Morelia,Comision Federal de Electricidad,octubre,jueves,14,-101.17843631655,19.6815605715239
31532,31537,2020,,2020/10/15,15:40:00,CAIDA DE MOTOCICLETA,ASFALTO,Bueno,Bueno,1,HONDA/CARGO,ROJO,1,,32,MASCULINO,SIN DATOS,0,0,Morelia,Alberto Oviedo Mota,octubre,jueves,16,-101.202150061727,19.6774325695683
31533,31538,2020,,2020/10/15,16:25:00,COLISIÓN POR CAMBIO DE CARRIL,ASFALTO,Bueno,Bueno,2,CHRYSLER,KHAKI,2,,48,MASCULINO,SIN DATOS,0,0,Morelia,Nueva Jacarndas,octubre,jueves,16,-101.19200963527,19.6822629492079
31534,31539,2020,,2020/10/15,17:20:00,COLISIÓN POR CORTE DE CIRCULACIÓN,ASFALTO,Bueno,Bueno,2,MAZDA,AZUL,2,,45,MASCULINO,SIN DATOS,0,0,Morelia,Isaac Arriaga,octubre,jueves,17,-101.17039871148,19.7081593464002
31535,31540,2020,,2020/10/15,21:05:00,COLISIÓN POR INVASIÓN DE CARRIL,ASFALTO,Bueno,Bueno,2,VOLKSWAGEN,AZUL,2,MINISTERIO PÚBLICO,28,MASCULINO,SIN DATOS,0,0,Morelia,Country Club  Las Huertas,octubre,jueves,21,-101.228304281831,19.6584002719688
31536,31541,2020,,2020/10/15,21:06:00,COLISIÓN POR CORTE DE CIRCULACIÓN,ASFALTO,Bueno,Regular,2,CARABELA,NEGRO Y AZUL,2,,21,MASCULINO,SIN DATOS,0,0,Morelia,Popular Pogreso,octubre,jueves,21,-101.198034547269,19.7194062558392
31537,31542,2020,,2020/10/15,21:20:00,COLISIÓN CONTRA OBJETO FIJO,ASFALTO,Bueno,Bueno,1,MERCEDEZ BENZ,PLATA,1,,38,FEMENINO,SIN DATOS,0,0,Morelia,Chapultepec Oriente,octubre,jueves,21,-101.163274093784,19.6905729506093
31538,31543,2020,,2020/10/15,21:45:00,SUBIDA AL CAMELLÓN,ASFALTO,Bueno,Bueno,1,NISSAN,BLANCO CON ROJO,1,,43,MASCULINO,SIN DATOS,0,0,Morelia,Sin datos,octubre,jueves,22,-101.294842176139,19.6864123215824
31539,31544,2020,,2020/10/15,23:40:00,COLISIÓN POR CORTE DE CIRCULACIÓN,ASFALTO,Bueno,Bueno,2,YAMAHA,BLANCO,2,,,MASCULINO,SIN DATOS,0,0,Morelia,Chapultepec Norte,octubre,jueves,0,-101.164319179952,19.695908364835
31540,31545,2020,,2020/10/16,"00:00:00",COLISIÓN POR ALCANCE,ASFALTO,Bueno,Bueno,2,HONDA,PLATA,2,,36,MASCULINO,SIN DATOS,0,0,Morelia,Felix Ireta,octubre,viernes,0,-101.190844520248,19.6854015416796
31541,31546,2020,,2020/10/16,"09:10:00",COLISIÓN POR ALCANCE,ASFALTO,Bueno,Bueno,3,JEEP,ROJO,3,,33,FEMENINO,SIN DATOS,0,0,Morelia,Vista Bella,octubre,viernes,9,-101.195925675947,19.6790442736003
31542,31547,2020,LEG33368,2020/10/16,12:15:00,COLISIÓN POR ALCANCE,ASFALTO,Bueno,Bueno,2,TOYOTA,PLATA,2,,30,MASCULINO,SIN DATOS,0,0,Morelia,Lomas de Morelia (Dr Ignacio Chavez),octubre,viernes,12,-101.175455346025,19.7174665072885
31543,31548,2020,,2020/10/16,12:43:00,CAIDA DE MOTOCICLETA,ASFALTO,Bueno,Bueno,1,ITALIKA,BLANCO,2,,30,MASCULINO,SIN DATOS,1,0,Morelia,Centro,octubre,viernes,13,-101.178215369582,19.6990879257664
31544,31549,2020,LEG33372,2020/10/16,13:38:00,COLISIÓN POR CORTE DE CIRCULACIÓN,ASFALTO,Bueno,Bueno,2,FORD,ROJO,2,,61,MASCULINO,SIN DATOS,0,0,Morelia,Arboledas de La Huerta,octubre,viernes,14,-101.223548145,19.6683762899991
31545,31550,2020,MOR200794612,2020/10/16,14:00:00,COLISIÓN POR CORTE DE CIRCULACIÓN,ASFALTO,Bueno,Bueno,2,NISSAN,BLANCO,2,,53,MASCULINO,SIN DATOS,0,0,Morelia,El Eden,octubre,viernes,14,-101.253746375442,19.6421226975382
31546,31551,2020,,2020/10/16,15:10:00,COLISIÓN POR ALCANCE,ASFALTO,Bueno,Bueno,2,NISSAN,BLANCO,2,,24,MASCULINO,SIN DATOS,0,0,Morelia,Paseo de Las Lomas,octubre,viernes,15,-101.150308661163,19.6971270686495
31547,31552,2020,LEG33369,2020/10/16,15:45:00,COLISIÓN POR ALCANCE,ASFALTO,Bueno,Bueno,2,YAMAHA,BLANCO,2,,23,MASCULINO,SIN DATOS,0,0,Tarímbaro,Sin datos,octubre,viernes,16,-101.142257004976,19.7729968341862
31548,31553,2020,LEG33375,2020/10/16,16:20:00,COLISIÓN POR ALCANCE,ASFALTO,Bueno,Bueno,2,HONDA,BLANCO,2,,40,MASCULINO,SIN DATOS,0,0,Morelia,Eduardo Ruiz,octubre,viernes,16,-101.221859682349,19.7216992118204
31549,31554,2020,LEG33371,2020/10/16,18:30:00,COLISIÓN POR CORTE DE CIRCULACIÓN,ASFALTO,Bueno,Bueno,2,NISSAN,BLANCO Y CAFE,2,,69,MASCULINO,SIN DATOS,0,0,Morelia,Jardines del Rincon,octubre,viernes,19,-101.150139346719,19.6915149393549
31550,31555,2020,LEG33373,2020/10/16,19:00:00,COLISIÓN CONTRA OBJETO FIJO,TERRACERIA,Bueno,Regular,1,CHEVROLET,ROJO,2,,66,FEMENINO,SIN DATOS,1,0,Morelia,San Jose del Cerrito,octubre,viernes,19,-101.222508805174,19.6597366652037
31551,31556,2020,LEG33370,2020/10/16,19:40:00,COLISIÓN POR CORTE DE CIRCULACIÓN,ASFALTO,Bueno,Bueno,2,NISSAN,BLANCO CON GRIS,2,,43,MASCULINO,SIN DATOS,0,0,Morelia,Elias Perez Avalos,octubre,viernes,20,-101.167813022979,19.7136335493406
31552,31557,2020,,2020/10/16,21:00:00,COLISIÓN POR ALCANCE,ASFALTO,Bueno,Bueno,2,PIAGGIO,NEGRA,2,,22,MASCULINO,SIN DATOS,0,0,Morelia,Lomas de Vista Bella,octubre,viernes,21,-101.19699454,19.6755543299991
31553,31558,2020,LEG33382,2020/10/16,22:00:00,COLISIÓN POR CAMBIO DE CARRIL,CONCRETO,Bueno,Bueno,2,MAZDA,ROJO,2,,42,MASCULINO,SIN DATOS,0,0,Morelia,Tzindurio de Morelos,octubre,viernes,22,-101.245044000887,19.6974820969065
31554,31559,2020,,2020/10/17,"00:00:00",COLISIÓN POR ALCANCE,ASFALTO,Bueno,Bueno,3,HONDA,NEGRO,3,,47,MASCULINO,SIN DATOS,0,0,Morelia,Poblado de Ocolusen,octubre,sábado,0,-101.150127649172,19.6944699261717
31555,31560,2020,,2020/10/17,"00:00:00",COLISIÓN CONTRA OBJETO FIJO,ASFALTO,Bueno,Bueno,2,MAZDA,ROJO,2,MINISTERIO PÚBLICO,49,FEMENINO,SIN DATOS,0,0,Morelia,Centro,octubre,sábado,0,-101.18218963,19.7028850649992
31556,31561,2020,MOR200796342,2020/10/17,"01:25:00",COLISIÓN POR ALCANCE,ASFALTO,Bueno,Bueno,2,VOLKSWAGEN,BLANCO,2,MINISTERIO PÚBLICO,25,MASCULINO,CON CERTIFICADO,0,0,Morelia,Prados Verdes,octubre,sábado,1,-101.19721026,19.7150711099991
31557,31562,2020,,2020/10/17,"02:50:00",SALIDA DE SUPERFICIE DE RODAMIENTO,CONCRETO,Bueno,Bueno,1,CHEVROLET,BLANCO,1,,,MASCULINO,SIN DATOS,0,0,Morelia,Ampliacion La Soledad,octubre,sábado,3,-101.183554405,19.7349146049992
31558,31563,2020,LEG33381,2020/10/17,"03:10:00",COLISIÓN CONTRA OBJETO FIJO,ASFALTO,Bueno,Bueno,1,VOLKSWAGEN,ROJO,1,,35,MASCULINO,ALIENTO ETÍLICO,0,0,Morelia,Leon Guzman,octubre,sábado,3,-101.205651617347,19.7276972981651
31559,31564,2020,MOR200796271,2020/10/17,"03:40:00",VOLCADURA,ASFALTO,Bueno,Bueno,1,FORD,VINO,1,,,,SIN DATOS,0,0,Morelia,Villas Lomas del Paraiso,octubre,sábado,4,-101.170106716454,19.6742774617855
31561,31566,2020,,2020/10/17,"08:30:00",VOLCADURA,ASFALTO,Bueno,Bueno,1,CHEVROLET,VERDE,1,,36,FEMENINO,SIN DATOS,0,0,Morelia,Industrial,octubre,sábado,9,-101.201629408382,19.7141376482241
31562,31567,2020,,2020/10/17,"09:30:00",COLISIÓN CONTRA OBJETO FIJO,ASFALTO,Bueno,Bueno,1,CHEVROLET,BLANCO,1,,40,FEMENINO,SIN DATOS,0,0,Morelia,Barrio Alto,octubre,sábado,10,-101.197085075759,19.7253807802597
31564,31569,2020,,2020/10/17,10:30:00,COLISIÓN CONTRA OBJETO FIJO,CONCRETO,Bueno,Bueno,2,DINAMO,AZUL,1,,40,MASCULINO,SIN DATOS,0,0,Morelia,Villas del Pedregal,octubre,sábado,11,-101.302209,19.685042
31565,31570,2020,,2020/10/17,10:38:00,COLISIÓN POR CORTE DE CIRCULACIÓN,ASFALTO,Bueno,Bueno,2,VENTO,ARENA,3,MINISTERIO PÚBLICO,21,MASCULINO,SIN DATOS,1,0,Morelia,Nueva Valladolid,octubre,sábado,11,-101.211565695,19.7001366799992
31566,31571,2020,,2020/10/17,10:55:00,COLISIÓN POR CORTE DE CIRCULACIÓN,ASFALTO,Bueno,Bueno,2,TOYOTA,BLANCO CON ROSA,2,,48,MASCULINO,SIN DATOS,0,0,Morelia,Loma Bonita,octubre,sábado,11,-101.196428232814,19.7230021138869
31567,31572,2020,,2020/10/17,12:10:00,COLISIÓN POR ALCANCE,ASFALTO,Bueno,Bueno,3,FORD,NEGRO,2,MINISTERIO PÚBLICO,42,MASCULINO,SIN DATOS,0,0,Morelia,El Realito,octubre,sábado,12,-101.203137012728,19.7271577016115
31568,31573,2020,,2020/10/17,13:00:00,COLISIÓN POR CAMBIO DE CARRIL,ASFALTO,Bueno,Bueno,2,VOLKSWAGEN,AZUL,2,,29,MASCULINO,SIN DATOS,0,0,Morelia,Sentimientos de La Nacion,octubre,sábado,13,-101.236996650696,19.6847537334702
31569,31574,2020,,2020/10/17,15:50:00,COLISIÓN POR ALCANCE,CONCRETO,Bueno,Bueno,2,CHEVROLET,PLATA,2,,80,MASCULINO,SIN DATOS,0,0,Morelia,Articulo Constitucional,octubre,sábado,16,-101.172246765224,19.7144412230034
31570,31575,2020,,2020/10/17,16:05:00,COLISIÓN POR CORTE DE CIRCULACIÓN,CONCRETO,Bueno,Bueno,2,CHEVROLET,GRIS,2,,41,MASCULINO,SIN DATOS,0,0,Morelia,Ilustres Novohispanos,octubre,sábado,16,-101.15295695,19.7076010449991
31571,31576,2020,,2020/10/17,19:00:00,SALIDA DE SUPERFICIE DE RODAMIENTO,ASFALTO,Bueno,Bueno,1,FORD,VERDE,0,,,,,0,0,Morelia,San Isidro Itzicuaro,octubre,sábado,19,-101.271888867699,19.6871851315673
31572,31577,2020,,2020/10/17,20:32:00,CAIDA DE MOTOCICLETA,ASFALTO,Bueno,Regular,1,SUZUKI,AMARILLO,2,,25,MASCULINO,SIN DATOS,1,0,Morelia,Poblado de Ocolusen,octubre,sábado,21,-101.155088675,19.6951327349991
31573,31578,2020,MOR200796051,2020/10/17,22:40:00,COLISIÓN POR CAMBIO DE CARRIL,CONCRETO,Bueno,Bueno,2,VOLKSWAGEN,BLANCO,2,,42,MASCULINO,SIN DATOS,0,0,Morelia,Alberto Oviedo Mota,octubre,sábado,23,-101.196140686849,19.6817272495021
31574,31579,2020,,2020/10/17,22:50:00,COLISIÓN POR CAMBIO DE CARRIL,ASFALTO,Bueno,Bueno,2,NISSAN,BLANCO,2,,43,MASCULINO,SIN DATOS,0,0,Morelia,Centro,octubre,sábado,23,-101.18218963,19.7028850649992
31575,31580,2020,,2020/10/17,23:17:00,COLISIÓN POR ALCANCE,ASFALTO,Bueno,Bueno,2,CHEVROLET,GRIS,2,,,MASCULINO,SIN DATOS,0,0,Morelia,Jesus Romero Flores,octubre,sábado,23,-101.181554785,19.7343679099992
31576,31581,2020,,2020/10/18,"00:10:00",COLISIÓN POR CORTE DE CIRCULACIÓN,ASFALTO,Bueno,Bueno,2,NISSAN,BLANCO,2,MINISTERIO PÚBLICO,31,MASCULINO,SIN DATOS,0,0,Morelia,Sin datos,octubre,domingo,0,-101.340341371727,19.7290916300045
31577,31582,2020,,2020/10/18,"02:15:00",COLISIÓN POR ALCANCE,ASFALTO,Bueno,Bueno,2,NISSAN,BLANCO,2,,36,MASCULINO,SIN DATOS,0,0,Morelia,Tinijaro,octubre,domingo,2,-101.26316,19.6963297049991
31579,31584,2020,,2020/10/18,"03:10:00",COLISIÓN CONTRA OBJETO FIJO,CONCRETO,Bueno,Bueno,2,CHEVROLET,MORADO,1,,29,MASCULINO,CON CERTIFICADO,0,0,Morelia,Villas Oriente,octubre,domingo,3,-101.144047379494,19.7540269134483
31581,31586,2020,,2020/10/18,"04:30:00",SALIDA DE SUPERFICIE DE RODAMIENTO,ASFALTO,Bueno,Bueno,1,FORD,AMARILLO,1,,49,MASCULINO,ALIENTO ETÍLICO,0,0,Morelia,Santillan La Huerta,octubre,domingo,5,-101.219553885717,19.6760966650679
31582,31587,2020,,2020/10/18,"08:10:00",COLISIÓN CONTRA OBJETO FIJO,CONCRETO,Bueno,Bueno,3,NISSAN,BLANCO,2,,32,MASCULINO,SIN DATOS,0,0,Morelia,Jose Ma Pino Suarez,octubre,domingo,8,-101.163713235627,19.7214509058311
31583,31588,2020,MOR200799554,2020/10/18,"09:45:00",COLISIÓN CON PEATÓN,ASFALTO,Bueno,Bueno,1,ITALIKA,NEGRO Y ROJO,2,,23,MASCULINO,SIN DATOS,1,0,Morelia,Fray Antonio de Lisboa,octubre,domingo,10,-101.146857328713,19.6942138320045
31584,31589,2020,,2020/10/18,12:45:00,COLISIÓN POR MANIOBRA DE REVERSA,ASFALTO,Bueno,Bueno,2,CHEVROLET,AZUL,2,,31,MASCULINO,SIN DATOS,0,0,Morelia,Lomas del Valle,octubre,domingo,13,-101.230222677688,19.687753554468
31585,31590,2020,LEG33419,2020/10/18,13:19:00,COLISIÓN CONTRA OBJETO FIJO,CONCRETO,Bueno,Bueno,2,KURAZAI,ROJO,2,,0,MASCULINO,CON CERTIFICADO,0,0,Morelia,Esther Tapia,octubre,domingo,13,-101.21852906,19.7136678999991
31586,31591,2020,LEG33420,2020/10/18,15:00:00,COLISIÓN CONTRA OBJETO FIJO,ASFALTO,Bueno,Bueno,1,FORD,ROJO,1,MINISTERIO PÚBLICO,,,SIN DATOS,0,0,Morelia,Sin datos,octubre,domingo,15,-101.326034255326,19.6857159313304
31587,31592,2020,LEG33421,2020/10/18,16:00:00,CAIDA DE MOTOCICLETA,ASFALTO,Bueno,Bueno,1,HONDA,BLANCO,1,,39,MASCULINO,SIN DATOS,0,0,Morelia,Ciudad Jardin,octubre,domingo,16,-101.25574455,19.7099354149991
31588,31593,2020,LEG33416,2020/10/18,16:30:00,COLISIÓN POR NO RESPETAR SEMÁFORO,ASFALTO,Bueno,Bueno,3,MAZDA,AZUL,3,,23,FEMENINO,SIN DATOS,0,0,Morelia,Rinconada del Valle,octubre,domingo,17,-101.217751160932,19.680165880351
31589,31594,2020,,2020/10/18,17:10:00,CAIDA DE MOTOCICLETA,ASFALTO,Bueno,Malo,1,VENTO,BLANCO Y NEGRO,0,MINISTERIO PÚBLICO,,,,0,0,Pátzcuaro,Jamuquen,octubre,domingo,17,-101.618512384593,19.5075900094385
31590,31595,2020,MOR200801228,2020/10/18,19:30:00,COLISIÓN POR INVASIÓN DE CARRIL,ASFALTO,Bueno,Bueno,2,NISSAN,ROJO,2,,30,FEMENINO,SIN DATOS,0,0,Morelia,Cinco de Diciembre,octubre,domingo,20,-101.160864128984,19.6878853035481
31591,31596,2020,MICH 200365474,2020/10/18,20:00:00,COLISIÓN POR ALCANCE,ASFALTO,Bueno,Bueno,1,VOLKSWAGEN,NEGRO,6,MINISTERIO PÚBLICO,,MASCULINO,SIN DATOS,5,0,Puruándiro,Sin datos,octubre,domingo,20,-101.447957754135,20.0888460876151
31592,31597,2020,,2020/10/18,20:20:00,COLISIÓN POR CORTE DE CIRCULACIÓN,CONCRETO,Bueno,Bueno,2,MAZDA,NEGRO,2,,33,MASCULINO,SIN DATOS,0,0,Morelia,Infonavit Colonial Universidad,octubre,domingo,20,-101.2057665,19.6851505
31593,31598,2020,LEG33418,2020/10/18,20:30:00,COLISIÓN POR CAMBIO DE CARRIL,ASFALTO,Bueno,Bueno,2,ITALIKA,GRAFITO,2,,19,MASCULINO,SIN DATOS,0,0,Morelia,Infonavit Colonial Universidad,octubre,domingo,21,-101.207211207254,19.6865995480512
31594,31599,2020,LEG33422,2020/10/18,21:20:00,COLISIÓN CONTRA OBJETO FIJO,ASFALTO,Bueno,Bueno,1,NISSAN,BLANCO,1,,71,MASCULINO,SIN DATOS,0,0,Morelia,Nueva Valladolid,octubre,domingo,21,-101.211171435,19.7020055149992
31596,31601,2020,LEG33414,2020/10/18,23:00:00,COLISIÓN CONTRA OBJETO FIJO,ASFALTO,Bueno,Bueno,2,FORD,VERDE,2,,41,MASCULINO,CON CERTIFICADO,0,0,Morelia,Cd Satelite,octubre,domingo,23,-101.166363724254,19.7337547002018
31597,31602,2020,LEG33425,2020/10/19,"04:30:00",COLISIÓN POR INVASIÓN DE CARRIL,ASFALTO,Bueno,Bueno,2,HYUNDAI,GRIS,2,,59,MASCULINO,ALIENTO ETÍLICO,0,0,Morelia,Felix Ireta,octubre,lunes,5,-101.19214836,19.6911467449992
31598,31603,2020,MOR200801958,2020/10/19,"04:40:00",COLISIÓN POR CORTE DE CIRCULACIÓN,ASFALTO,Bueno,Regular,1,VOLKSWAGEN,ARENA,1,,30,FEMENINO,SIN DATOS,0,0,Morelia,Sin datos,octubre,lunes,5,-101.282076232803,19.6177443258326
31599,31604,2020,LEG33423,2020/10/19,"05:20:00",COLISIÓN CONTRA OBJETO FIJO,ASFALTO,Bueno,Bueno,1,CHEVROLET,GRIS,1,,44,MASCULINO,SIN DATOS,0,0,Tarímbaro,Campestre Tarimbaro,octubre,lunes,5,-101.129990287803,19.7767248085665
31600,31605,2020,LEG33424,2020/10/19,"06:45:00",COLISIÓN POR INVASIÓN DE CARRIL,ASFALTO,Bueno,Bueno,3,FORD,VERDE,3,,26,MASCULINO,SIN DATOS,0,0,Morelia,Puerto de Buenavista,octubre,lunes,7,-101.126352197769,19.6849018019943
31601,31606,2020,,2020/10/19,"07:30:00",COLISIÓN POR INVASIÓN DE CARRIL,ASFALTO,Bueno,Bueno,1,FORD,GUINDA,0,,,,,0,0,Peribán,Sin datos,octubre,lunes,8,-102.349901185498,19.5347249678525
31602,31607,2020,,2020/10/19,"07:40:00",CAIDA DE MOTOCICLETA,ASFALTO,Bueno,Bueno,2,ITALIKA,AZUL,2,MINISTERIO PÚBLICO,25,MASCULINO,SIN DATOS,1,0,Tangancícuaro,Sin datos,octubre,lunes,8,-102.406240810033,19.8063472988014
31603,31608,2020,,2020/10/19,"09:50:00",SALIDA DE SUPERFICIE DE RODAMIENTO,ASFALTO,Bueno,Bueno,1,RAM,BLANCO,1,,27,MASCULINO,SIN DATOS,0,0,Charo,Sin datos,octubre,lunes,10,-100.998957306147,19.6587677865907
31604,31609,2020,,2020/10/19,"09:55:00",COLISIÓN CON PEATÓN,CONCRETO,Bueno,Bueno,1,NISSAN TSURU,BLANCO CON ROJO,2,,48,MASCULINO,SIN DATOS,1,0,Morelia,Elias Perez Avalos,octubre,lunes,10,-101.167886855,19.7156043599992