fid,id_accidente,anio_origen,folio_c5i,dia_incidente,hora_ocurrencia,tipo_incidente_vial,superficie_ocurrencia,condiciones_climaticas,condiciones_via,numero_vehiculos_involucrados,marca_vehiculo_ocasiona_siniestro,color_vehiculo_ocasiona_siniestro,numero_personas_involucradas,lugar_remite_presunto_responsable,edad_presunto_responsable,sexo_presunto_responsable,resultados_toxicologia,numero_personas_lesionadas,numero_personas_fallecidas,municipio,colonia,mes,dia_semana,hora_redondeada,lon,lat
31605,31610,2020,MOR200018945,2020/10/19,10:06:00,COLISIÓN POR CAMBIO DE CARRIL,ASFALTO,Bueno,Bueno,2,FIAT,BLANCO,2,,28,FEMENINO,SIN DATOS,0,0,Tarímbaro,Sin datos,octubre,lunes,10,-101.158266805995,19.766484
31607,31612,2020,,2020/10/19,13:19:00,CAIDA DE MOTOCICLETA,ASFALTO,Bueno,Bueno,1,ITALIKA,VERDE NEGRO,0,MINISTERIO PÚBLICO,,,,0,0,Lázaro Cárdenas,Segundo Sector de Fidelac,octubre,lunes,13,-102.204726629637,17.9614731147471
31608,31613,2020,,2020/10/19,13:40:00,COLISIÓN POR ALCANCE,ASFALTO,Bueno,Bueno,3,HONDA,ROJO,3,,35,MASCULINO,SIN DATOS,0,0,Morelia,Arboledas de La Huerta,octubre,lunes,14,-101.223548145,19.6683762899991
31609,31614,2020,MOR200786509,2020/10/19,14:11:00,COLISIÓN POR MANIOBRA DE REVERSA,ASFALTO,Bueno,Bueno,2,TOYOTA,BLANCO,2,,56,MASCULINO,SIN DATOS,0,0,Morelia,Lomas de Hidalgo,octubre,lunes,14,-101.163480405,19.6959576599991
31610,31615,2020,,2020/10/19,15:15:00,COLISIÓN POR CAMBIO DE CARRIL,ASFALTO,Bueno,Bueno,2,TOYOTA/HIACE,BLANCO/GRIS,2,MINISTERIO PÚBLICO,64,MASCULINO,SIN DATOS,0,0,Morelia,Jardines del Rincon,octubre,lunes,15,-101.149283382681,19.68870732649
31611,31616,2020,,2020/10/19,15:45:00,COLISIÓN POR CORTE DE CIRCULACIÓN,ASFALTO,Bueno,Bueno,2,CHEVROLET,BLUE ME AWAY,2,,34,MASCULINO,SIN DATOS,0,0,Morelia,La Colina,octubre,lunes,16,-101.218261921124,19.7106687596334
31612,31617,2020,,2020/10/19,18:30:00,COLISIÓN POR CORTE DE CIRCULACIÓN,CONCRETO,Bueno,Bueno,2,MITSUBISHI L200,NEGRO,2,,34,MASCULINO,SIN DATOS,0,0,Morelia,Rey Tariacuri (Eucaliptos),octubre,lunes,19,-101.198902538624,19.6789772554094
31613,31618,2020,,2020/10/19,19:48:00,COLISIÓN POR CAMBIO DE CARRIL,CONCRETO,Bueno,Bueno,2,INTERNATIONAL,AMARILLO Y ROJO,2,,53,MASCULINO,SIN DATOS,0,0,Morelia,Centro,octubre,lunes,20,-101.1912811,19.7009677199991
31615,31620,2020,,2020/10/19,20:20:00,COLISIÓN POR ALCANCE,ASFALTO,Bueno,Bueno,2,NISSAN,ROJO,2,,33,MASCULINO,SIN DATOS,0,0,Morelia,Centro,octubre,lunes,20,-101.18218963,19.7028850649992
31616,31621,2020,MOR200784038,2020/10/19,22:30:00,COLISIÓN CONTRA OBJETO FIJO,ASFALTO,Bueno,Bueno,1,SEAT,GRIS,1,,0,,SIN DATOS,0,0,Morelia,El Lago 2,octubre,lunes,23,-101.21674861,19.7263819649991
31617,31622,2020,,2020/10/20,"00:05:00",VOLCADURA,ASFALTO,Bueno,Bueno,1,FORD RANGER,AZUL,1,,41,MASCULINO,ALIENTO ETÍLICO,0,0,Morelia,Santillan La Huerta,octubre,martes,0,-101.219553885717,19.6760966650679
31618,31623,2020,,2020/10/20,"01:40:00",VOLCADURA,ASFALTO,Bueno,Bueno,2,MAZDA,BLANCO,2,MINISTERIO PÚBLICO,33,MASCULINO,SIN DATOS,1,0,Morelia,Adolfo Lopez Mateos,octubre,martes,2,-101.223653566477,19.6936604782947
31619,31624,2020,,2020/10/20,"05:30:00",COLISIÓN POR ALCANCE,ASFALTO,Bueno,Bueno,2,CHEVROLET,AZUL,0,,,,,0,0,Morelia,Lazaro Cardenas,octubre,martes,6,-101.164980132847,19.7101528819772
31620,31625,2020,,2020/10/20,"07:30:00",COLISIÓN POR CORTE DE CIRCULACIÓN,ASFALTO,Bueno,Bueno,2,INTERNATIONAL,BLANCO,2,,20,MASCULINO,SIN DATOS,0,0,Morelia,Centro,octubre,martes,8,-101.18218963,19.7028850649992
31621,31626,2020,LEG33452,2020/10/20,"08:19:00",COLISIÓN POR ALCANCE,ASFALTO,Bueno,Bueno,2,MERCEDES BENZ,BLANCO Y GUINDA,2,,62,MASCULINO,SIN DATOS,0,0,Morelia,El Realito,octubre,martes,8,-101.204289458692,19.7257297788612
31622,31627,2020,,2020/10/20,14:10:00,COLISIÓN CONTRA OBJETO FIJO,CONCRETO,Bueno,Bueno,2,NISSAN,BLANCO,1,,,MASCULINO,SIN DATOS,0,0,Morelia,Tzindurio Norte,octubre,martes,14,-101.248179450631,19.703663012574
31623,31628,2020,MOR200805473,2020/10/20,14:10:00,COLISIÓN POR CAMBIO DE CARRIL,ASFALTO,Bueno,Bueno,2,HYUNDAI,GRIS,2,,32,MASCULINO,SIN DATOS,0,0,Morelia,Isaac Arriaga,octubre,martes,14,-101.166009276427,19.7100776874753
31624,31629,2020,LEG33453,2020/10/20,15:25:00,COLISIÓN POR MANIOBRA DE REVERSA,ASFALTO,Bueno,Bueno,2,FREIGHTLINER,AZUL,2,,45,MASCULINO,SIN DATOS,0,0,Morelia,Chapultepec Norte,octubre,martes,15,-101.178154684603,19.6946125151524
31625,31630,2020,LEG33455,2020/10/20,19:45:00,COLISIÓN POR ALCANCE,ASFALTO,Bueno,Bueno,2,NISSAN,BEIGE,2,,33,MASCULINO,SIN DATOS,0,0,Morelia,La Colina,octubre,martes,20,-101.216141439296,19.7038851980751
31626,31631,2020,,2020/10/20,22:40:00,VOLCADURA,ASFALTO,Bueno,Bueno,2,HONDA/CRV,BLANCO,2,,27,,CON CERTIFICADO,0,0,Morelia,Vistas de Altozano,octubre,martes,23,-101.167,19.6551
31627,31632,2020,,2020/10/21,"09:10:00",COLISIÓN POR CORTE DE CIRCULACIÓN,ASFALTO,Bueno,Bueno,2,DINAMO,ROJO,2,,17,MASCULINO,SIN DATOS,0,0,Morelia,Cuauhtemoc,octubre,miércoles,9,-101.18195333264,19.6997744726069
31628,31633,2020,,2020/10/21,10:06:00,COLISIÓN POR CORTE DE CIRCULACIÓN,ASFALTO,Bueno,Bueno,3,TOYOTA,GRIS/PLATA,3,,23,MASCULINO,SIN DATOS,0,0,Morelia,Felix Ireta,octubre,miércoles,10,-101.180527738559,19.687000172919
31629,31634,2020,,2020/10/21,12:15:00,COLISIÓN POR MANIOBRA DE REVERSA,ASFALTO,Bueno,Bueno,2,NISSAN NP 300,BLANCO,2,,56,,SIN DATOS,0,0,Morelia,Primo Tapia Oriente,octubre,miércoles,12,-101.157872124828,19.7139621607942
31630,31635,2020,,2020/10/21,13:23:00,COLISIÓN POR CORTE DE CIRCULACIÓN,ASFALTO,Bueno,Bueno,2,MAZDA,ROJO,2,,62,MASCULINO,SIN DATOS,0,0,Morelia,Ventura Puente,octubre,miércoles,13,-101.17929928682,19.6935332876503
31631,31636,2020,,2020/10/21,13:40:00,SALIDA DE SUPERFICIE DE RODAMIENTO,ASFALTO,Bueno,Bueno,2,KENWORTH,BLANCO,2,,,MASCULINO,SIN DATOS,0,0,Morelia,Villas de La Esperanza,octubre,miércoles,14,-101.271061375737,19.6940474769849
31632,31637,2020,,2020/10/21,14:55:00,COLISIÓN POR CORTE DE CIRCULACIÓN,ASFALTO,Bueno,Bueno,2,HONDA/CRV,GRIS,2,,37,FEMENINO,SIN DATOS,0,0,Morelia,Chapultepec Sur,octubre,miércoles,15,-101.174209490418,19.6914328653076
31633,31638,2020,,2020/10/21,16:00:00,COLISIÓN POR INVASIÓN DE CARRIL,ASFALTO,Bueno,Bueno,2,ISUZU,BLANCO,2,,42,MASCULINO,SIN DATOS,0,0,Morelia,Lomas de Morelia (Dr Ignacio Chavez),octubre,miércoles,16,-101.176178231835,19.7179945642304
31634,31639,2020,,2020/10/21,18:50:00,COLISIÓN POR ALCANCE,CONCRETO,Bueno,Bueno,2,HONDA,AZUL,2,,46,FEMENINO,SIN DATOS,0,0,Morelia,Independencia,octubre,miércoles,19,-101.177812001921,19.7150270761568
31635,31640,2020,,2020/10/21,19:54:00,COLISIÓN POR CAMBIO DE CARRIL,ASFALTO,Bueno,Bueno,2,NISSAN,BLANCO Y ROSA,2,,49,MASCULINO,SIN DATOS,0,0,Morelia,Industrial,octubre,miércoles,20,-101.188504447737,19.7107933273989
31636,31641,2020,LEG33465,2020/10/21,20:30:00,COLISIÓN POR INVASIÓN DE CARRIL,ASFALTO,Bueno,Bueno,2,FREIGHTLINER,BLANCO CON AZUL,2,,0,MASCULINO,SIN DATOS,0,0,Morelia,Lomas del Tecnologico,octubre,miércoles,21,-101.188357441949,19.7212418580846
31637,31642,2020,,2020/10/22,"07:45:00",VOLCADURA,ASFALTO,Bueno,Bueno,1,TOYOTA,BLANCO,1,MINISTERIO PÚBLICO,,,SIN DATOS,0,0,Turicato,Sin datos,octubre,jueves,8,-101.42415546558,19.0711487508743
31638,31643,2020,,2020/10/22,11:20:00,COLISIÓN POR CORTE DE CIRCULACIÓN,CONCRETO,Bueno,Bueno,2,NISSAN,NEGRO,2,MINISTERIO PÚBLICO,24,MASCULINO,SIN DATOS,0,0,Morelia,Felicitas del Rio,octubre,jueves,11,-101.202072948217,19.692252972561
31639,31644,2020,MOR200810155,2020/10/22,13:00:00,COLISIÓN POR CORTE DE CIRCULACIÓN,ASFALTO,Bueno,Bueno,2,SEAT,AZUL,2,,26,MASCULINO,SIN DATOS,0,0,Morelia,Felix Ireta,octubre,jueves,13,-101.180665232241,19.6861560471094
31640,31645,2020,MOR200810220,2020/10/22,13:20:00,SALIDA DE SUPERFICIE DE RODAMIENTO,ASFALTO,Bueno,Bueno,1,DODGE,ROJO,1,,43,MASCULINO,SIN DATOS,0,0,Morelia,La Hacienda,octubre,jueves,13,-101.314941979945,19.6868795837983
31641,31646,2020,,2020/10/22,13:45:00,COLISIÓN POR CORTE DE CIRCULACIÓN,ASFALTO,Bueno,Bueno,2,MERCEDEZ BENZ,BLANCO,2,MINISTERIO PÚBLICO,33,MASCULINO,SIN DATOS,0,0,Puruándiro,Sin datos,octubre,jueves,14,-101.585378020324,20.1107254813476
31643,31648,2020,LEG33473,2020/10/22,18:20:00,COLISIÓN POR ALCANCE,ASFALTO,Bueno,Bueno,2,VOLKSWAGEN,BLANCO,2,,35,MASCULINO,SIN DATOS,0,0,Morelia,Chapultepec Oriente,octubre,jueves,18,-101.159148856319,19.6879837945821
31644,31649,2020,LEG33474,2020/10/22,19:40:00,COLISIÓN POR ALCANCE,ASFALTO,Bueno,Bueno,2,SEAT,AZUL,2,,50,MASCULINO,SIN DATOS,0,0,Morelia,Poblado de Ocolusen,octubre,jueves,20,-101.14963978529,19.6938624401903
31645,31650,2020,MOR 200822506,2020/10/22,22:15:00,COLISIÓN POR INVASIÓN DE CARRIL,CONCRETO,Bueno,Bueno,2,NISSAN,ROJO,2,,29,FEMENINO,SIN DATOS,0,0,Morelia,Sentimientos de La Nacion,octubre,jueves,22,-101.235356114126,19.6809421643681
31646,31651,2020,,2020/10/23,"00:00:00",SALIDA DE SUPERFICIE DE RODAMIENTO,ASFALTO,Bueno,Bueno,1,HONDA,AZUL,1,,20,MASCULINO,SIN DATOS,0,0,Peribán,Sin datos,octubre,viernes,0,-102.444238506936,19.5518806794158
31647,31652,2020,MOR200811746,2020/10/23,"01:40:00",COLISIÓN CONTRA OBJETO FIJO,ASFALTO,Bueno,Bueno,1,VOLKSWAGEN,AZUL,1,,23,MASCULINO,ALIENTO ETÍLICO,0,0,Morelia,Comision Federal de Electricidad,octubre,viernes,2,-101.181339442052,19.6815119841173
31649,31654,2020,,2020/10/23,12:25:00,COLISIÓN POR CORTE DE CIRCULACIÓN,ASFALTO,Bueno,Bueno,2,FORD FOCUS,PLATA,2,,41,MASCULINO,SIN DATOS,0,0,Morelia,Centro,octubre,viernes,12,-101.1904631,19.7026851599992
31650,31655,2020,,2020/10/23,14:00:00,COLISIÓN CONTRA OBJETO FIJO,CONCRETO,Bueno,Bueno,1,VOLKSWAGEN,BLANCO,1,,,FEMENINO,SIN DATOS,0,0,Morelia,Lomas de Santiaguito,octubre,viernes,14,-101.179519891941,19.7229539949395
31651,31656,2020,,2020/10/23,15:25:00,COLISIÓN POR CORTE DE CIRCULACIÓN,CONCRETO,Bueno,Bueno,2,VOLKSWAGEN,ROJO,2,MINISTERIO PÚBLICO,29,MASCULINO,SIN DATOS,0,0,Morelia,Ilustres Novohispanos,octubre,viernes,15,-101.151154785,19.7077943049992
31653,31658,2020,,2020/10/23,16:00:00,COLISIÓN POR ALCANCE,CONCRETO,Bueno,Bueno,2,GM,NEGRO,2,,30,MASCULINO,SIN DATOS,0,0,Morelia,Jose Ma Pino Suarez,octubre,viernes,16,-101.16370833733,19.724230376309
31654,31659,2020,,2020/10/23,16:00:00,COLISIÓN POR CAMBIO DE CARRIL,ASFALTO,Bueno,Bueno,2,FORD,BLANCO Y ROJO,2,,60,MASCULINO,SIN DATOS,0,0,Morelia,Barrio Alto,octubre,viernes,16,-101.194992617451,19.7243209548534
31655,31660,2020,,2020/10/23,16:30:00,COLISIÓN POR ALCANCE,ASFALTO,Bueno,Bueno,2,NISSAN,ROJO,2,,36,MASCULINO,SIN DATOS,0,0,Morelia,Campestre Los Manantiales,octubre,viernes,17,-101.239651062273,19.6909880576848
31656,31661,2020,,2020/10/23,17:20:00,COLISIÓN POR ALCANCE,ASFALTO,Bueno,Bueno,2,NISSAN,ROJO,2,,27,MASCULINO,SIN DATOS,0,0,Morelia,Montaña Monarca,octubre,viernes,17,-101.165354786947,19.6716157738234
31657,31662,2020,,2020/10/23,18:15:00,COLISIÓN POR CORTE DE CIRCULACIÓN,CONCRETO,Bueno,Bueno,2,CHEVROLET AVEO,PLATA,2,,65,MASCULINO,SIN DATOS,0,0,Morelia,Molino de Parras,octubre,viernes,18,-101.201339028776,19.6986457507389
31658,31663,2020,,2020/10/23,21:30:00,COLISIÓN POR CORTE DE CIRCULACIÓN,ASFALTO,Bueno,Bueno,2,DODGE,NEGRO,2,,44,MASCULINO,SIN DATOS,0,0,Morelia,Vista Bella,octubre,viernes,22,-101.1964459785,19.6792488220287
31659,31664,2020,MOR200811616,2020/10/23,23:20:00,COLISIÓN POR CAMBIO DE CARRIL,CONCRETO,Bueno,Bueno,2,VOLKSWAGEN,ROJO,2,,0,MASCULINO,SIN DATOS,0,0,Morelia,Vasco de Quiroga,octubre,viernes,23,-101.170029267669,19.6971448028863
31660,31665,2020,,2020/10/24,"00:30:00",SALIDA DE SUPERFICIE DE RODAMIENTO,CONCRETO,Bueno,Bueno,1,VOLKSWAGEN,BLANCO,1,,49,MASCULINO,SIN DATOS,0,0,Morelia,Ampliacion La Soledad,octubre,sábado,1,-101.186739765108,19.7308863710436
31661,31666,2020,,2020/10/24,"03:25:00",CAIDA DE MOTOCICLETA,ASFALTO,Bueno,Bueno,1,DODGE,Blanco,1,,0,,SIN DATOS,0,0,Morelia,Chapultepec Sur,octubre,sábado,3,-101.176714003086,19.6909915013606
31662,31667,2020,,2020/10/24,"03:55:00",COLISIÓN CONTRA OBJETO FIJO,ASFALTO,Bueno,Bueno,1,LINCOLN MKX,NEGRO,0,MINISTERIO PÚBLICO,,,,0,0,Morelia,Alberto Oviedo Mota,octubre,sábado,4,-101.197525293303,19.6811236861148
31663,31668,2020,MOR200814950,2020/10/24,10:25:00,COLISIÓN POR ALCANCE,ASFALTO,Bueno,Bueno,2,FORD,AZUL,2,,33,MASCULINO,SIN DATOS,0,0,Morelia,El Realito,octubre,sábado,10,-101.202898062766,19.7254877120879
31664,31669,2020,LEG33496,2020/10/24,10:40:00,COLISIÓN POR ALCANCE,ASFALTO,Bueno,Bueno,2,NISSAN,BLANCO,2,,28,MASCULINO,SIN DATOS,0,0,Morelia,Josefa Ortiz de Dominguez,octubre,sábado,11,-101.209991194986,19.672255685073
31665,31670,2020,LEG33506,2020/10/24,13:35:00,COLISIÓN POR ALCANCE,ASFALTO,Bueno,Bueno,2,CHEVROLET,PLATA,2,,36,MASCULINO,SIN DATOS,0,0,Morelia,La Esperanza,octubre,sábado,14,-101.154660880566,19.6999710669482
31666,31671,2020,MOR 20015303,2020/10/24,14:30:00,VOLCADURA,ASFALTO,Bueno,Bueno,1,TOYOTA,GRIS,2,,47,MASCULINO,SIN DATOS,1,0,Charo,San Juan,octubre,sábado,15,-101.054965183139,19.746576500341
31667,31672,2020,LEG33498,2020/10/24,15:26:00,COLISIÓN POR NO RESPETAR SEMÁFORO,ASFALTO,Bueno,Bueno,2,NISSAN,GRIS,2,MINISTERIO PÚBLICO,19,FEMENINO,SIN DATOS,0,0,Morelia,Morelos,octubre,sábado,15,-101.207075938582,19.7012707184368
31668,31673,2020,,2020/10/24,15:35:00,SALIDA DE SUPERFICIE DE RODAMIENTO,ASFALTO,Bueno,Bueno,1,TOYOTA,BLANCO,1,MINISTERIO PÚBLICO,,,,1,0,Hidalgo,Sin datos,octubre,sábado,16,-100.591778531671,19.6996227008146
31669,31674,2020,LEG33510,2020/10/24,16:42:00,COLISIÓN POR NO RESPETAR SEMÁFORO,ASFALTO,Bueno,Bueno,2,RENAULT,GRIS,2,MINISTERIO PÚBLICO,33,MASCULINO,SIN DATOS,0,0,Morelia,Sin datos,octubre,sábado,17,-101.288183958017,19.6886312453515
31670,31675,2020,LEG33507,2020/10/24,17:00:00,COLISIÓN POR CAMBIO DE CARRIL,ASFALTO,Bueno,Bueno,2,VOLKSWAGEN,PLATA,2,,29,FEMENINO,SIN DATOS,0,0,Morelia,Comision Federal de Electricidad,octubre,sábado,17,-101.181432618334,19.6815037188021
31671,31676,2020,,2020/10/24,17:05:00,COLISIÓN POR CORTE DE CIRCULACIÓN,ASFALTO,Bueno,Bueno,2,NISSAN,BLANCO,2,,25,MASCULINO,SIN DATOS,0,0,Morelia,Ventura Puente,octubre,sábado,17,-101.179447174072,19.6923271544851
31672,31677,2020,LEG33508,2020/10/24,18:38:00,SUBIDA AL CAMELLÓN,ASFALTO,Bueno,Bueno,1,CHEVROLET,PLATA,1,,49,FEMENINO,SIN DATOS,0,0,Morelia,Las Americas,octubre,sábado,19,-101.156575977802,19.6877214960659
31673,31678,2020,MOR 200816246,2020/10/24,19:00:00,COLISIÓN POR CAMBIO DE CARRIL,CONCRETO,Bueno,Bueno,2,HONDA,ROJO,2,,22,MASCULINO,SIN DATOS,0,0,Morelia,Insurgentes,octubre,sábado,19,-101.155088022351,19.6951775513254
31674,31679,2020,LEG33509,2020/10/24,19:00:00,COLISIÓN POR CORTE DE CIRCULACIÓN,ASFALTO,Bueno,Bueno,2,VOLKSWAGEN,BLANCO,2,,57,MASCULINO,SIN DATOS,0,0,Morelia,Chapultepec Norte,octubre,sábado,19,-101.170414804734,19.6944767799087
31675,31680,2020,MOR200816583,2020/10/24,20:20:00,COLISIÓN POR ALCANCE,ASFALTO,Bueno,Regular,2,NISSAN,BLANCO Y ROJO,2,,41,MASCULINO,SIN DATOS,0,0,Morelia,Lomas de Guayangareo,octubre,sábado,20,-101.160305924714,19.7044265569156
31676,31681,2020,,2020/10/24,20:50:00,VOLCADURA,ASFALTO,Bueno,Bueno,1,RENAULT,ROJO,1,MINISTERIO PÚBLICO,,,SIN DATOS,0,0,Tacámbaro,Sin datos,octubre,sábado,21,-101.534827493809,19.2283717463657
31677,31682,2020,LEG33499,2020/10/24,21:30:00,COLISIÓN CON PEATÓN,SIN_DATOS,Bueno,Bueno,1,NISSAN,BLANCO,2,,25,,ALIENTO ETÍLICO,1,0,Morelia,Elias Perez Avalos,octubre,sábado,22,-101.165394410491,19.7103712256203
31678,31683,2020,LEG33512,2020/10/24,21:40:00,COLISIÓN POR ALCANCE,ASFALTO,Bueno,Bueno,2,VOLKSWAGEN,ROJO,2,,31,MASCULINO,SIN DATOS,0,0,Morelia,Rector Diaz Rubio,octubre,sábado,22,-101.197971484887,19.6685085114634
31679,31684,2020,LEG33513,2020/10/24,22:00:00,COLISIÓN POR INVASIÓN DE CARRIL,CONCRETO,Bueno,Bueno,2,NISSAN,ROJO,2,,36,FEMENINO,SIN DATOS,0,0,Tarímbaro,Club Erandeni,octubre,sábado,22,-101.18171531707,19.759234970642
31680,31685,2020,MOR200817252,2020/10/25,"00:15:00",COLISIÓN POR CORTE DE CIRCULACIÓN,ASFALTO,Bueno,Bueno,2,VENTO,NEGRO,2,,18,MASCULINO,SIN DATOS,0,0,Morelia,Alberto Oviedo Mota,octubre,domingo,0,-101.195907890797,19.6822942883736
31681,31686,2020,MOR 200817369,2020/10/25,"00:40:00",COLISIÓN CONTRA OBJETO FIJO,ASFALTO,Bueno,Bueno,1,CHEVROLET,TERRACOTA,0,MINISTERIO PÚBLICO,,,,0,0,Morelia,Sin datos,octubre,domingo,1,-101.325933001935,19.6857408701088
31682,31687,2020,,2020/10/25,"01:10:00",VOLCADURA,ASFALTO,Bueno,Bueno,1,FORD,BLANCO,0,MINISTERIO PÚBLICO,,,,0,0,Puruándiro,Lomas de Agua Tibia,octubre,domingo,1,-101.49859149009,20.0911859308378
31683,31688,2020,LEG33505,2020/10/25,"01:30:00",VOLCADURA,SIN_DATOS,Bueno,Bueno,1,SEAT,GRIS,0,MINISTERIO PÚBLICO,,,,0,0,Charo,San Juan,octubre,domingo,2,-101.055720529762,19.7466547306766
31684,31689,2020,,2020/10/25,"05:50:00",COLISIÓN CONTRA OBJETO FIJO,ASFALTO,Bueno,Bueno,1,CHEVROLET,GRIS,1,,34,FEMENINO,SIN DATOS,0,0,Tarímbaro,Hacienda del Sol,octubre,domingo,6,-101.203798949718,19.763371387783
31685,31690,2020,,2020/10/25,10:00:00,COLISIÓN POR ALCANCE,ASFALTO,Bueno,Bueno,2,CHEVROLET,NARANJA,2,,35,FEMENINO,SIN DATOS,0,0,Tarímbaro,Centro,octubre,domingo,10,-101.084120795131,19.7929827190698
31686,31691,2020,MOR20004574904,2020/10/25,10:06:00,COLISIÓN POR ALCANCE,ASFALTO,Bueno,Bueno,2,FORD,GRIS,2,,39,MASCULINO,SIN DATOS,0,0,Morelia,Sin datos,octubre,domingo,10,-101.284130774438,19.6903686825214
31687,31692,2020,,2020/10/25,10:40:00,COLISIÓN POR ALCANCE,ASFALTO,Bueno,Bueno,2,FORD/RANGER,ROJO,2,,54,MASCULINO,SIN DATOS,0,0,Morelia,Irrigacion,octubre,domingo,11,-101.225012845613,19.7047090292298
31688,31693,2020,,2020/10/25,14:00:00,COLISIÓN POR ALCANCE,ASFALTO,Bueno,Bueno,2,SUZUKI,NEGRO,2,,27,MASCULINO,SIN DATOS,0,0,Morelia,Alberto Oviedo Mota,octubre,domingo,14,-101.202027106814,19.6778196424327
31689,31694,2020,,2020/10/25,14:05:00,COLISIÓN POR CAMBIO DE CARRIL,ASFALTO,Bueno,Bueno,2,NISSAN SENTRA,BLANCO,2,,46,MASCULINO,SIN DATOS,0,0,Morelia,Las Americas,octubre,domingo,14,-101.154828853905,19.687548189403
31690,31695,2020,,2020/10/25,14:45:00,COLISIÓN POR CORTE DE CIRCULACIÓN,ASFALTO,Bueno,Bueno,2,FORD RANGER,ROJO,2,,32,MASCULINO,SIN DATOS,0,0,Morelia,La Hacienda,octubre,domingo,15,-101.31494063884,19.6868801577574
31691,31696,2020,,2020/10/25,14:45:00,COLISIÓN CONTRA OBJETO FIJO,ASFALTO,Bueno,Bueno,2,DODGE,BLANCO,2,,46,MASCULINO,SIN DATOS,0,0,Morelia,Primo Tapia Oriente,octubre,domingo,15,-101.160695180297,19.7125841072064
31692,31697,2020,,2020/10/25,15:37:00,COLISIÓN POR ALCANCE,ASFALTO,Bueno,Bueno,2,TOYOTA,BLANCO Y ROJO,2,,29,MASCULINO,SIN DATOS,0,0,Morelia,Irrigacion,octubre,domingo,16,-101.220645660696,19.7054580490458
31693,31698,2020,,2020/10/25,19:20:00,COLISIÓN CONTRA OBJETO FIJO,ASFALTO,Bueno,Bueno,3,VW,GRIS,3,MINISTERIO PÚBLICO,25,FEMENINO,SIN DATOS,0,0,Morelia,Felicitas del Rio,octubre,domingo,19,-101.199170127511,19.68821670612
31694,31699,2020,,2020/10/25,19:20:00,COLISIÓN POR CORTE DE CIRCULACIÓN,ASFALTO,Bueno,Regular,2,HONDA,PLATA,8,MINISTERIO PÚBLICO,,,,6,2,Tangamandapio,Sin datos,octubre,domingo,19,-102.383942448281,19.9177555153928
31695,31700,2020,,2020/10/25,19:30:00,COLISIÓN POR ALCANCE,ASFALTO,Bueno,Bueno,2,BMW,BLANCO,2,MINISTERIO PÚBLICO,15,MASCULINO,SIN DATOS,0,1,Huandacareo,Sin datos,octubre,domingo,20,-101.228001192212,19.9625624949336
31696,31701,2020,,2020/10/25,22:45:00,COLISIÓN POR CORTE DE CIRCULACIÓN,ASFALTO,Bueno,Bueno,2,HONDA,NEGRO,3,,31,MASCULINO,SIN DATOS,1,0,Morelia,Felix Ireta,octubre,domingo,23,-101.180890937053,19.6849139531015
31697,31702,2020,,2020/10/25,23:00:00,SUBIDA AL CAMELLÓN,ASFALTO,Bueno,Bueno,1,VOLKSWAGEN,VERDE,1,,39,MASCULINO,CON CERTIFICADO,0,0,Morelia,Francisco Javier Clavijero,octubre,domingo,23,-101.143365923402,19.6984179512196
31698,31703,2020,,2020/10/26,"06:15:00",COLISIÓN POR NO RESPETAR SEMÁFORO,ASFALTO,Bueno,Bueno,2,STERLING,BLANCO,2,MINISTERIO PÚBLICO,19,MASCULINO,SIN DATOS,0,0,Morelia,Libertad,octubre,lunes,6,-101.237312115051,19.6858447577296
31699,31704,2020,LEG33534,2020/10/26,"08:30:00",COLISIÓN POR ALCANCE,ASFALTO,Bueno,Bueno,2,NISSAN,BLANCO,2,,27,MASCULINO,SIN DATOS,0,0,Tarímbaro,De La Cruz,octubre,lunes,9,-101.162619562396,19.7972806021459
31700,31705,2020,MOR200820855,2020/10/26,"09:25:00",COLISIÓN POR ALCANCE,ASFALTO,Bueno,Bueno,2,KIA,BLANCO,2,,45,MASCULINO,SIN DATOS,0,0,Morelia,La Capilla,octubre,lunes,9,-101.159988753498,19.6618641585621
31701,31706,2020,,2020/10/26,"09:30:00",COLISIÓN POR ALCANCE,ASFALTO,Bueno,Bueno,2,FORD,NEGRO,2,,0,MASCULINO,SIN DATOS,0,0,Morelia,Plan de La Garita,octubre,lunes,10,-101.183602555908,19.7151129255749
31702,31707,2020,LEG33537,2020/10/26,12:27:00,COLISIÓN POR CAMBIO DE CARRIL,ASFALTO,Bueno,Bueno,2,DINA,VERDE,2,,34,MASCULINO,SIN DATOS,0,0,Morelia,Tinijaro,octubre,lunes,12,-101.262195333838,19.6964771269536
31703,31708,2020,MOR200821328,2020/10/26,15:30:00,COLISIÓN POR CORTE DE CIRCULACIÓN,ASFALTO,Bueno,Regular,2,MAZDA,ROJO,2,,56,MASCULINO,SIN DATOS,0,0,Morelia,Ventura Puente,octubre,lunes,16,-101.188086538829,19.6908008363474
31704,31709,2020,,2020/10/26,15:35:00,COLISIÓN POR CORTE DE CIRCULACIÓN,CONCRETO,Bueno,Bueno,2,YAMAHA,VERDE,2,MINISTERIO PÚBLICO,27,MASCULINO,SIN DATOS,0,0,Morelia,Lomas de Huerta,octubre,lunes,16,-101.210167855024,19.6754263020154
31705,31710,2020,,2020/10/26,15:40:00,COLISIÓN POR ALCANCE,ASFALTO,Bueno,Bueno,2,NISSAN,AZUL,2,,28,MASCULINO,SIN DATOS,0,0,Morelia,Ampliacion La Soledad,octubre,lunes,16,-101.183253899217,19.7300648265456