fid,id_accidente,anio_origen,folio_c5i,dia_incidente,hora_ocurrencia,tipo_incidente_vial,superficie_ocurrencia,condiciones_climaticas,condiciones_via,numero_vehiculos_involucrados,marca_vehiculo_ocasiona_siniestro,color_vehiculo_ocasiona_siniestro,numero_personas_involucradas,lugar_remite_presunto_responsable,edad_presunto_responsable,sexo_presunto_responsable,resultados_toxicologia,numero_personas_lesionadas,numero_personas_fallecidas,municipio,colonia,mes,dia_semana,hora_redondeada,lon,lat
31706,31711,2020,LEG33535,2020/10/26,15:50:00,COLISIÓN POR CAMBIO DE CARRIL,ASFALTO,Bueno,Bueno,2,ITALIKA,SIN DATO,2,,,MASCULINO,SIN DATOS,0,0,Morelia,3 de Agosto,octubre,lunes,16,-101.172482483089,19.7314601155901
31707,31712,2020,LEG33543,2020/10/26,15:50:00,COLISIÓN POR CORTE DE CIRCULACIÓN,ASFALTO,Bueno,Bueno,2,NISSAN,BLANCO,2,,30,FEMENINO,SIN DATOS,0,0,Morelia,Eva Samano,octubre,lunes,16,-101.202341504395,19.7314796248176
31708,31713,2020,LEG33540,2020/10/26,17:15:00,COLISIÓN POR CAMBIO DE CARRIL,ASFALTO,Bueno,Bueno,2,VEHCOMMEX,AZUL,2,,35,MASCULINO,SIN DATOS,0,0,Morelia,Jesus Romero Flores,octubre,lunes,17,-101.178071536124,19.7316450515119
31709,31714,2020,MOR200821580,2020/10/26,19:00:00,COLISIÓN POR ALCANCE,ASFALTO,Bueno,Bueno,2,DODGE,BLANCO,2,,37,FEMENINO,SIN DATOS,0,0,Morelia,Lomas del Tecnologico,octubre,lunes,19,-101.19033459574,19.722188056078
31710,31715,2020,LEG33542,2020/10/26,20:20:00,VOLCADURA,ASFALTO,Bueno,Bueno,1,CHEVROLET,BLANCO,1,,27,FEMENINO,SIN DATOS,0,0,Morelia,Montaña Monarca,octubre,lunes,20,-101.160940419559,19.6723879950738
31711,31716,2020,LEG33541,2020/10/26,20:45:00,COLISIÓN POR ALCANCE,ASFALTO,Bueno,Regular,3,NISSAN,BLANCO,3,,54,MASCULINO,SIN DATOS,0,0,Morelia,Lomas de Guayangareo,octubre,lunes,21,-101.161281913519,19.7051868837885
31712,31717,2020,LEG33544,2020/10/27,"07:20:00",COLISIÓN CONTRA OBJETO FIJO,ASFALTO,Bueno,Bueno,1,HONDA,VERDE,1,,34,FEMENINO,ALIENTO ETÍLICO,0,0,Morelia,Los Manantiales de Morelia,octubre,martes,7,-101.243027597666,19.6996934071476
31713,31718,2020,,2020/10/27,"08:15:00",COLISIÓN POR ALCANCE,CONCRETO,Bueno,Bueno,3,PONTIAC,VERDE,3,MINISTERIO PÚBLICO,34,MASCULINO,SIN DATOS,0,0,Morelia,Elias Perez Avalos,octubre,martes,8,-101.16592298853,19.7103239094878
31714,31719,2020,,2020/10/27,"09:00:00",COLISIÓN POR CAMBIO DE CARRIL,ASFALTO,Bueno,Bueno,2,VOLKSWAGEN,GRIS,2,,30,FEMENINO,SIN DATOS,0,0,Morelia,Martires de Uruapan,octubre,martes,9,-101.197319408167,19.725017061641
31715,31720,2020,LEG33545,2020/10/27,12:15:00,COLISIÓN POR ALCANCE,ASFALTO,Bueno,Bueno,2,VOLKSWAGEN,BLANCO,2,,61,MASCULINO,SIN DATOS,0,0,Morelia,Isaac Arriaga,octubre,martes,12,-101.169629679487,19.7085049393086
31716,31721,2020,,2020/10/27,16:00:00,COLISIÓN POR CORTE DE CIRCULACIÓN,CONCRETO,Bueno,Bueno,1,DINA,BEIGE,2,MINISTERIO PÚBLICO,,,SIN DATOS,0,1,Morelia,Isaac Arriaga,octubre,martes,16,-101.170267618504,19.7102055186541
31717,31722,2020,,2020/10/27,18:10:00,COLISIÓN POR CORTE DE CIRCULACIÓN,CONCRETO,Bueno,Bueno,2,FORD,ROJO,2,,55,FEMENINO,SIN DATOS,0,0,Morelia,Industrial,octubre,martes,18,-101.196783296764,19.712227820449
31718,31723,2020,,2020/10/27,18:15:00,COLISIÓN POR ALCANCE,ASFALTO,Bueno,Bueno,2,FORD/F350,BLANCO,2,,31,MASCULINO,SIN DATOS,0,0,Morelia,Sin datos,octubre,martes,18,-101.288704946637,19.6879957615821
31719,31724,2020,,2020/10/27,18:30:00,COLISIÓN POR CORTE DE CIRCULACIÓN,ASFALTO,Bueno,Bueno,2,NISSAN,BLANCO,2,MINISTERIO PÚBLICO,,,SIN DATOS,0,0,Lázaro Cárdenas,Fovissste,octubre,martes,19,-102.219258081828,17.9727464327619
31720,31725,2020,,2020/10/27,19:30:00,COLISIÓN POR CORTE DE CIRCULACIÓN,ASFALTO,Bueno,Bueno,2,NISSAN,BLANCO,2,,37,MASCULINO,SIN DATOS,0,0,Morelia,Diego Rivera,octubre,martes,20,-101.175601861693,19.7179197342796
31721,31726,2020,,2020/10/27,19:50:00,COLISIÓN POR CORTE DE CIRCULACIÓN,SIN_DATOS,Bueno,Bueno,2,VOLKSWAGEN VIRTUS,NEGRO,2,,30,MASCULINO,SIN DATOS,0,0,Morelia,Santa Maria de Guido,octubre,martes,20,-101.190521344543,19.6739930128644
31722,31727,2020,,2020/10/27,21:42:00,COLISIÓN POR MANIOBRA DE REVERSA,CONCRETO,Bueno,Bueno,1,KENWORTH,BLANCO,1,,24,MASCULINO,SIN DATOS,0,0,Morelia,Guadalupe,octubre,martes,22,-101.223569847643,19.707367957662
31723,31728,2020,,2020/10/28,"00:05:00",COLISIÓN CONTRA OBJETO FIJO,CONCRETO,Bueno,Bueno,1,ITALIKA,BLANCO/NARANJA,2,MINISTERIO PÚBLICO,,,SIN DATOS,1,0,Morelia,Fuentes de Morelia,octubre,miércoles,0,-101.204463101245,19.6724776558446
31724,31729,2020,MOR200825072,2020/10/28,"08:15:00",COLISIÓN POR ALCANCE,CONCRETO,Bueno,Bueno,2,HONDA,BLANCO,2,,59,MASCULINO,SIN DATOS,0,0,Morelia,Vasco de Quiroga,octubre,miércoles,8,-101.175882183015,19.6992400711134
31725,31730,2020,MOR200825184,2020/10/28,"09:20:00",COLISIÓN POR CORTE DE CIRCULACIÓN,ASFALTO,Bueno,Bueno,2,YAMAHA,NEGRO,2,,16,MASCULINO,SIN DATOS,0,0,Morelia,Lomas del Valle,octubre,miércoles,9,-101.229423707857,19.6883809148671
31726,31731,2020,LEG33562,2020/10/28,10:00:00,VOLCADURA,ASFALTO,Bueno,Bueno,1,MERCEDES BENZ,BLANCO,1,,20,MASCULINO,SIN DATOS,0,0,Tarímbaro,Sin datos,octubre,miércoles,10,-101.124260723591,19.8470514992372
31727,31732,2020,LEG33565,2020/10/28,10:40:00,COLISIÓN POR CORTE DE CIRCULACIÓN,ASFALTO,Bueno,Bueno,2,FORD,VERDE,2,,22,MASCULINO,SIN DATOS,0,0,Morelia,Centro,octubre,miércoles,11,-101.185519817204,19.7020048901585
31728,31733,2020,,2020/10/28,12:25:00,COLISIÓN CON PEATÓN,ASFALTO,Bueno,Bueno,1,FORD,GRIS,2,MINISTERIO PÚBLICO,44,MASCULINO,SIN DATOS,1,0,Copándaro,Sin datos,octubre,miércoles,12,-101.195136389958,19.8823510000715
31729,31734,2020,,2020/10/28,12:50:00,COLISIÓN POR ALCANCE,CONCRETO,Bueno,Bueno,2,VOLKSWAGEN,GRIS,2,,20,MASCULINO,SIN DATOS,0,0,Morelia,Camelinas,octubre,miércoles,13,-101.171688854016,19.6820682272582
31730,31735,2020,LEG33566,2020/10/28,13:52:00,COLISIÓN POR ALCANCE,ASFALTO,Bueno,Bueno,2,VOLKSWAGEN,GRIS,2,,66,MASCULINO,SIN DATOS,0,0,Morelia,San Rafael,octubre,miércoles,14,-101.154918037355,19.700632415277
31731,31736,2020,LEG33567,2020/10/28,14:45:00,COLISIÓN POR MANIOBRA DE REVERSA,ASFALTO,Bueno,Bueno,2,MERCEDES BENZ,BLANCO,2,,56,MASCULINO,SIN DATOS,0,0,Morelia,Elias Perez Avalos,octubre,miércoles,15,-101.168690510094,19.7144216815084
31732,31737,2020,LEG33568,2020/10/28,15:10:00,COLISIÓN CONTRA OBJETO FIJO,ASFALTO,Bueno,Bueno,1,NISSAN,BLANCO,1,,64,FEMENINO,CON CERTIFICADO,0,0,Morelia,Las Americas,octubre,miércoles,15,-101.157655902207,19.6905814450329
31733,31738,2020,,2020/10/28,16:20:00,COLISIÓN POR ALCANCE,ASFALTO,Bueno,Bueno,2,CHEVROLET,BLANCO,2,,0,MASCULINO,SIN DATOS,0,0,Morelia,Lomas de Guayangareo,octubre,miércoles,16,-101.159954220057,19.704351433658
31734,31739,2020,LEG33563,2020/10/28,17:25:00,COLISIÓN POR CORTE DE CIRCULACIÓN,ASFALTO,Bueno,Bueno,2,CHEVROLET,ARENA,2,,30,FEMENINO,SIN DATOS,0,0,Morelia,El Lago 1,octubre,miércoles,17,-101.217856071889,19.7274150836507
31735,31740,2020,MOR200826589,2020/10/28,19:30:00,COLISIÓN POR ALCANCE,ASFALTO,Bueno,Bueno,2,CHEVROLET,NEGRO,2,,40,MASCULINO,SIN DATOS,0,0,Morelia,Isaac Arriaga,octubre,miércoles,20,-101.171402558684,19.7077253169388
31736,31741,2020,,2020/10/29,"00:00:00",COLISIÓN POR CORTE DE CIRCULACIÓN,ASFALTO,Bueno,Bueno,2,NISSAN,ROJO,2,MINISTERIO PÚBLICO,,,SIN DATOS,0,0,Lázaro Cárdenas,1Er Sect de Fidelac,octubre,jueves,0,-102.189304567873,17.9594915244063
31737,31742,2020,,2020/10/29,"08:53:00",COLISIÓN POR CORTE DE CIRCULACIÓN,ASFALTO,Bueno,Bueno,2,NISSAN,BLANCO Y ROJO,2,,0,,SIN DATOS,0,0,Morelia,El Lago 1,octubre,jueves,9,-101.210708198219,19.7265276469424
31738,31743,2020,,2020/10/29,10:00:00,COLISIÓN POR CAMBIO DE CARRIL,ASFALTO,Bueno,Bueno,2,BAJAJ,NEGRO Y AZUL,2,,31,MASCULINO,SIN DATOS,0,0,Morelia,Libertad,octubre,jueves,10,-101.237791590393,19.6869907025814
31739,31744,2020,,2020/10/29,10:30:00,SUBIDA AL CAMELLÓN,SIN_DATOS,Bueno,Bueno,1,RENAULT,NEGRO,0,,,,,0,0,Morelia,El Eden,octubre,jueves,11,-101.249640553511,19.6460334479946
31740,31745,2020,,2020/10/29,12:19:00,COLISIÓN POR CORTE DE CIRCULACIÓN,CONCRETO,Bueno,Bueno,2,NISSAN,BLANCO Y ROSA,2,,48,MASCULINO,SIN DATOS,0,0,Morelia,Granjas del Maestro,octubre,jueves,12,-101.190980733787,19.7131364835392
31741,31746,2020,,2020/10/29,13:58:00,COLISIÓN POR INVASIÓN DE CARRIL,CONCRETO,Bueno,Bueno,2,SIN DATOS,SIN DATOS,1,,31,MASCULINO,SIN DATOS,0,0,Morelia,Real Hacienda La Trinidad,octubre,jueves,14,-101.224864703787,19.6726900947324
31742,31747,2020,,2020/10/29,14:30:00,COLISIÓN CONTRA OBJETO FIJO,ASFALTO,Bueno,Bueno,2,NISSAN,GUINDA,2,,56,FEMENINO,SIN DATOS,0,0,Morelia,Chapultepec Norte,octubre,jueves,15,-101.171442456543,19.6942210922766
31743,31748,2020,,2020/10/29,16:25:00,COLISIÓN POR CAMBIO DE CARRIL,ASFALTO,Nublado,Bueno,2,NISSAN/XTRAIL,BLANCO,2,,62,MASCULINO,SIN DATOS,0,0,Morelia,Leandro Valle,octubre,jueves,16,-101.229202151299,19.7181056614159
31744,31749,2020,,2020/10/29,17:16:00,COLISIÓN POR CORTE DE CIRCULACIÓN,ASFALTO,Bueno,Bueno,2,MASA,AZUL,3,MINISTERIO PÚBLICO,29,MASCULINO,SIN DATOS,1,0,Puruándiro,Sin datos,octubre,jueves,17,-101.41282081604,20.2040447443156
31745,31750,2020,,2020/10/29,17:30:00,COLISIÓN CONTRA OBJETO FIJO,CONCRETO,Bueno,Bueno,1,CHEVROLET,BLANCO,1,,0,,SIN DATOS,0,0,Morelia,Residencial Alborada,octubre,jueves,18,-101.232770830393,19.7027851430049
31746,31751,2020,MOR200828510,2020/10/29,17:50:00,COLISIÓN CONTRA OBJETO FIJO,ASFALTO,Bueno,Regular,2,NISSAN,BLANCO/CAFE,2,,36,MASCULINO,ALIENTO ETÍLICO,0,0,Morelia,Mariano Escobedo,octubre,jueves,18,-101.207272075117,19.7198481152574
31747,31752,2020,,2020/10/29,19:00:00,COLISIÓN POR ALCANCE,ASFALTO,Bueno,Regular,3,VOLKSWAGEN,VERDE,5,MINISTERIO PÚBLICO,34,MASCULINO,SIN DATOS,2,0,Morelia,Indeco Expropiacion Petrolera,octubre,jueves,19,-101.225763681264,19.6852152895547
31748,31753,2020,,2020/10/29,19:20:00,COLISIÓN POR CORTE DE CIRCULACIÓN,CONCRETO,Bueno,Bueno,2,GMC PANEL,VERDE/BLANCO,2,,54,MASCULINO,SIN DATOS,0,0,Morelia,Centro,octubre,jueves,19,-101.187444820322,19.704629171453
31749,31754,2020,,2020/10/29,19:20:00,COLISIÓN POR ALCANCE,ASFALTO,Bueno,Bueno,2,NISSAN,AMARILLO,2,,21,,SIN DATOS,0,0,Morelia,La Esperanza,octubre,jueves,19,-101.152845025063,19.6985317417525
31750,31755,2020,,2020/10/29,20:00:00,COLISIÓN POR CORTE DE CIRCULACIÓN,ASFALTO,Bueno,Regular,2,NISSAN,BLANCO,2,,30,MASCULINO,SIN DATOS,0,0,Tarímbaro,Sin datos,octubre,jueves,20,-101.132808923721,19.775974316031
31751,31756,2020,,2020/10/29,20:40:00,COLISIÓN POR INVASIÓN DE CARRIL,ASFALTO,Bueno,Bueno,2,VENTO,NEGRO Y ROJO,3,MINISTERIO PÚBLICO,,,SIN DATOS,1,0,Tacámbaro,Sin datos,octubre,jueves,21,-101.417151882566,19.2486830008743
31752,31757,2020,,2020/10/30,"03:15:00",SUBIDA AL CAMELLÓN,ASFALTO,Bueno,Bueno,1,FORD,BLANCO,1,,60,MASCULINO,CON CERTIFICADO,0,0,Morelia,La Loma,octubre,viernes,3,-101.1827400344,19.6793921923496
31753,31758,2020,,2020/10/30,"09:10:00",COLISIÓN POR CORTE DE CIRCULACIÓN,ASFALTO,Bueno,Bueno,2,FORD,BLANCO,2,,31,MASCULINO,SIN DATOS,0,0,Morelia,Elias Perez Avalos,octubre,viernes,9,-101.167813022979,19.7136335493406
31754,31759,2020,,2020/10/30,"09:30:00",COLISIÓN POR MANIOBRA DE REVERSA,ASFALTO,Bueno,Bueno,2,FREIGHTLINER,BLANCO,2,,26,MASCULINO,SIN DATOS,0,0,Morelia,Elias Perez Avalos,octubre,viernes,10,-101.167886855,19.7156043599992
31755,31760,2020,MOR 200829768,2020/10/30,10:15:00,COLISIÓN POR ALCANCE,ASFALTO,Bueno,Regular,2,NUSSAN,BLOANCO Y ROJO,2,,25,MASCULINO,SIN DATOS,0,0,Morelia,Barrio Alto,octubre,viernes,10,-101.196336800394,19.7247792120676
31756,31761,2020,,2020/10/30,10:30:00,COLISIÓN POR ALCANCE,ASFALTO,Bueno,Bueno,2,VOLKSWAGEN,NEGRO,2,,50,MASCULINO,SIN DATOS,0,0,Morelia,Canteras de Morelia,octubre,viernes,11,-101.171883795,19.7163744999992
31757,31762,2020,,2020/10/30,10:30:00,COLISIÓN POR ALCANCE,ASFALTO,Bueno,Bueno,2,TOYOTA,BLANCO Y GRIS,2,,48,MASCULINO,SIN DATOS,0,0,Morelia,Canteras de Morelia,octubre,viernes,11,-101.173168652105,19.7180886357371
31758,31763,2020,,2020/10/30,10:30:00,COLISIÓN POR ALCANCE,ASFALTO,Bueno,Bueno,4,NISSAN,BLANCO,4,,37,MASCULINO,SIN DATOS,0,0,Morelia,Canteras de Morelia,octubre,viernes,11,-101.173168652105,19.7180886357371
31759,31764,2020,,2020/10/30,11:30:00,COLISIÓN POR CAMBIO DE CARRIL,ASFALTO,Bueno,Bueno,2,GMC,NEGRA,2,,49,MASCULINO,SIN DATOS,0,0,Morelia,Lomas de Huerta,octubre,viernes,12,-101.214282028377,19.6743277160152
31760,31765,2020,LEG33597,2020/10/30,12:57:00,COLISIÓN POR ALCANCE,ASFALTO,Bueno,Bueno,2,NISSAN,AZUL,2,,27,FEMENINO,SIN DATOS,0,0,Morelia,Tinijaro,octubre,viernes,13,-101.26316,19.6963297049991
31761,31766,2020,,2020/10/30,13:45:00,COLISIÓN POR ALCANCE,ASFALTO,Bueno,Bueno,2,CHEVROLET,GRIS,2,,28,MASCULINO,SIN DATOS,0,0,Morelia,Lazaro Cardenas,octubre,viernes,14,-101.162058507071,19.7101112773308
31762,31767,2020,MOR200830005,2020/10/30,13:52:00,COLISIÓN POR CORTE DE CIRCULACIÓN,ASFALTO,Bueno,Regular,2,JEEP,ROJO,2,,29,MASCULINO,SIN DATOS,0,0,Morelia,Camelinas,octubre,viernes,14,-101.174,19.6806
31763,31768,2020,MOR200134534,2020/10/30,16:20:00,COLISIÓN POR ALCANCE,ASFALTO,Bueno,Bueno,2,SMART,BLANCO CON NARANJA,2,,42,MASCULINO,SIN DATOS,0,0,Morelia,Cinco de Diciembre,octubre,viernes,16,-101.162815939039,19.6862710903522
31764,31769,2020,,2020/10/30,19:20:00,COLISIÓN POR ALCANCE,ASFALTO,Bueno,Bueno,3,CHEVROLET,BLANCO,3,,,MASCULINO,SIN DATOS,0,0,Morelia,Lomas de Las Americas Norte,octubre,viernes,19,-101.147692257782,19.6945715937086
31766,31771,2020,MOR200831059,2020/10/30,20:10:00,COLISIÓN POR CORTE DE CIRCULACIÓN,CONCRETO,Bueno,Regular,2,KTM,BLANCO/NARANJA,0,MINISTERIO PÚBLICO,,,,0,0,Morelia,Chapultepec Norte,octubre,viernes,20,-101.17763888,19.6945706899991
31768,31773,2020,,2020/10/30,21:10:00,COLISIÓN POR CAMBIO DE CARRIL,CONCRETO,Bueno,Bueno,2,NISSAN,BLANCO,2,,20,MASCULINO,SIN DATOS,0,0,Morelia,Leona Vicario,octubre,viernes,21,-101.212404125,19.6700389699992
31769,31774,2020,MOR200831416,2020/10/30,22:15:00,VOLCADURA,ASFALTO,Bueno,Bueno,1,PONTIAC,BLANCO,1,,47,MASCULINO,ALIENTO ETÍLICO,0,0,Morelia,Santa Fe,octubre,viernes,22,-101.172087361689,19.738721483098
31770,31775,2020,MOR200831575,2020/10/31,"00:10:00",COLISIÓN POR ALCANCE,ASFALTO,Bueno,Bueno,2,NISSSAN,GRIS PLATA,2,,33,MASCULINO,SIN DATOS,0,0,Morelia,Comision Federal de Electricidad,octubre,sábado,0,-101.181304370054,19.681701101233
31771,31776,2020,MOR200831622,2020/10/31,"01:15:00",COLISIÓN POR ALCANCE,SIN_DATOS,Bueno,Bueno,2,GENERAL MOTORS,NEGRO,2,,22,MASCULINO,CON CERTIFICADO,0,0,Morelia,Gertrudis Sanchez,octubre,sábado,1,-101.216367771762,19.7436047722994
31772,31777,2020,,2020/10/31,"02:35:00",COLISIÓN CONTRA OBJETO FIJO,ASFALTO,Bueno,Bueno,2,ITALIKA,ROJO,2,,26,MASCULINO,SIN DATOS,0,0,Morelia,Granjas del Maestro,octubre,sábado,3,-101.189681395702,19.7125407852901
31774,31779,2020,MOR20086932154,2020/10/31,"05:40:00",COLISIÓN POR CORTE DE CIRCULACIÓN,ASFALTO,Bueno,Bueno,1,MERCEDES BENZ,ROJO,0,,,,,0,0,Morelia,Vistas de Altozano,octubre,sábado,6,-101.167,19.6551
31775,31780,2020,,2020/10/31,"09:31:00",COLISIÓN POR CAMBIO DE CARRIL,ASFALTO,Bueno,Bueno,2,VOLKSWAGEN,GRIS,2,,42,MASCULINO,SIN DATOS,0,0,Tarímbaro,Sin datos,octubre,sábado,10,-101.125198460437,19.7783300694146
31776,31781,2020,,2020/10/31,10:00:00,COLISIÓN POR CORTE DE CIRCULACIÓN,ASFALTO,Bueno,Bueno,2,KIA,GRIS,2,,30,FEMENINO,SIN DATOS,0,0,Morelia,Nueva Valladolid,octubre,sábado,10,-101.214162415,19.7004326249991
31777,31782,2020,,2020/10/31,11:38:00,COLISIÓN POR ALCANCE,CONCRETO,Bueno,Bueno,2,HONDA,NEGRO,2,,34,MASCULINO,SIN DATOS,0,0,Morelia,Nicolaitas Ilustres,octubre,sábado,12,-101.227645435832,19.7225255945673
31778,31783,2020,,2020/10/31,12:10:00,COLISIÓN POR MANIOBRA DE REVERSA,CONCRETO,Bueno,Bueno,2,FORD,BLANCO,2,,36,MASCULINO,SIN DATOS,0,0,Morelia,Tinijaro,octubre,sábado,12,-101.26316,19.6963297049991
31779,31784,2020,,2020/10/31,12:10:00,COLISIÓN POR ALCANCE,ASFALTO,Bueno,Bueno,2,NISSAN,BLANCO,2,,30,MASCULINO,SIN DATOS,0,0,Morelia,Sentimientos de La Nacion,octubre,sábado,12,-101.233194944297,19.682432823539
31780,31785,2020,MOR200831602,2020/10/31,12:40:00,COLISIÓN POR CORTE DE CIRCULACIÓN,CONCRETO,Bueno,Bueno,2,DODGE,ROJO,2,MINISTERIO PÚBLICO,34,MASCULINO,SIN DATOS,0,0,Morelia,Arkos San Pedro,octubre,sábado,13,-101.286539615,19.6320040449991
31781,31786,2020,,2020/10/31,14:30:00,COLISIÓN POR CORTE DE CIRCULACIÓN,CONCRETO,Bueno,Bueno,2,NISSAN/LARGO,ROJO,2,,41,MASCULINO,SIN DATOS,0,0,Morelia,Elias Perez Avalos,octubre,sábado,15,-101.167886855,19.7156043599992
31782,31787,2020,MOR 200134534,2020/10/31,16:20:00,COLISIÓN POR ALCANCE,ASFALTO,Bueno,Bueno,2,SMART,BLANCO Y  NARANJA,2,,42,MASCULINO,SIN DATOS,0,0,Morelia,Cinco de Diciembre,octubre,sábado,16,-101.162815939039,19.6862710903522
31783,31788,2020,,2020/10/31,16:50:00,COLISIÓN CONTRA OBJETO FIJO,TERRACERIA,Bueno,Regular,1,CHEVROLET/CHEVY,NARANJA,0,,,,,0,0,Huiramba,Sin datos,octubre,sábado,17,-101.451715322523,19.4888354093378
31784,31789,2020,,2020/10/31,17:15:00,COLISIÓN POR ALCANCE,ASFALTO,Bueno,Bueno,2,NISSAN,GRIS,2,,40,FEMENINO,SIN DATOS,0,0,Morelia,Centro,octubre,sábado,17,-101.18218963,19.7028850649992
31787,31792,2020,,2020/10/31,19:20:00,COLISIÓN POR ALCANCE,ASFALTO,Lluvioso,Bueno,2,VOLKSWAGEN,NEGRO,2,,26,MASCULINO,SIN DATOS,0,0,Morelia,Nicolaitas Ilustres,octubre,sábado,19,-101.227645435832,19.7225255945673
31788,31793,2020,,2020/10/31,20:00:00,COLISIÓN POR INVASIÓN DE CARRIL,ASFALTO,Bueno,Bueno,1,FORD,NEGRO,2,,27,MASCULINO,SIN DATOS,1,0,Peribán,Sin datos,octubre,sábado,20,-102.448189400815,19.5561768248955
31789,31794,2020,,2020/10/31,20:20:00,COLISIÓN CONTRA OBJETO FIJO,ASFALTO,Bueno,Bueno,1,VOLKSWAGEN CARIBE,BLANCO,0,,,,,0,0,Charo,Sin datos,octubre,sábado,20,-101.006637445904,19.6736141964787
31790,31795,2020,,2020/10/31,21:05:00,COLISIÓN CONTRA OBJETO FIJO,ASFALTO,Bueno,Bueno,1,NISSAN,ROJO,1,,19,MASCULINO,SIN DATOS,0,0,Tarímbaro,Sin datos,octubre,sábado,21,-101.13556478,19.7795113699991
31791,31796,2020,,2020/10/31,22:20:00,COLISIÓN CONTRA OBJETO FIJO,ASFALTO,Bueno,Bueno,1,CHEVROLET,GRIS,1,,27,MASCULINO,ALIENTO ETÍLICO,0,0,Morelia,Tenencia Morelos,octubre,sábado,22,-101.243929623155,19.6466055443724
31793,31798,2020,,2020/11/01,"00:00:00",COLISIÓN POR ALCANCE,ASFALTO,Bueno,Bueno,2,HONDA,ROJO,2,,35,MASCULINO,SIN DATOS,0,0,Morelia,Lomas de Morelia (Dr Ignacio Chavez),noviembre,domingo,0,-101.175452644618,19.7162004988672
31794,31799,2020,,2020/11/01,"00:05:00",COLISIÓN POR INVASIÓN DE CARRIL,ASFALTO,Bueno,Bueno,2,MITSUBISHI,NEGRO,1,,83,MASCULINO,SIN DATOS,0,0,Peribán,Sin datos,noviembre,domingo,0,-102.431192577563,19.4453649497805
31796,31801,2020,,2020/11/01,"02:05:00",VOLCADURA,ASFALTO,Bueno,Bueno,1,MAZDA,GRIS,1,,41,MASCULINO,CON CERTIFICADO,0,0,Morelia,Los Angeles,noviembre,domingo,2,-101.172693695,19.7488773499992
31797,31802,2020,,2020/11/01,"02:15:00",COLISIÓN POR INVASIÓN DE CARRIL,SIN_DATOS,Bueno,Bueno,2,VOLKSWAGEN,GRIS,2,,,MASCULINO,SIN DATOS,0,0,Morelia,La Huerta,noviembre,domingo,2,-101.217213715,19.6720242049991
31798,31803,2020,,2020/11/01,"03:40:00",COLISIÓN CON PEATÓN,SIN_DATOS,Bueno,Bueno,1,TOYOTA,AZUL,1,,32,,SIN DATOS,0,0,Morelia,Emiliano Zapata,noviembre,domingo,4,-101.232768396902,19.6530668887289
31799,31804,2020,,2020/11/01,"03:45:00",CAIDA DE MOTOCICLETA,ASFALTO,Bueno,Bueno,1,ITALIKA,NEGRO,1,,20,MASCULINO,SIN DATOS,0,0,Morelia,Solidaridad,noviembre,domingo,4,-101.20584654,19.7357084299991
31800,31805,2020,,2020/11/01,"05:00:00",COLISIÓN CONTRA OBJETO FIJO,CONCRETO,Bueno,Bueno,1,MITSUBISHI,AZUL,2,,29,MASCULINO,ALIENTO ETÍLICO,1,0,Morelia,Santa Maria,noviembre,domingo,5,-101.200954146074,19.6778661944957
31802,31807,2020,,2020/11/01,"06:00:00",COLISIÓN POR INVASIÓN DE CARRIL,ASFALTO,Bueno,Bueno,2,CHEVROLET,GRIS OBSCURO,2,,27,MASCULINO,SIN DATOS,0,0,Morelia,Fidel Velazquez,noviembre,domingo,6,-101.2361285,19.7061695
31803,31808,2020,,2020/11/01,13:00:00,COLISIÓN POR CORTE DE CIRCULACIÓN,ASFALTO,Bueno,Bueno,2,MAZDA,ROJO,2,,36,MASCULINO,SIN DATOS,0,0,Morelia,Nueva Chapultepec,noviembre,domingo,13,-101.169888482176,19.6895838636144
31804,31809,2020,,2020/11/01,14:40:00,COLISIÓN POR ALCANCE,ASFALTO,Bueno,Bueno,2,Jeep,Rojo,2,,37,FEMENINO,SIN DATOS,0,0,Morelia,Felix Ireta,noviembre,domingo,15,-101.195665851924,19.681492411395
31806,31811,2020,,2020/11/01,19:00:00,COLISIÓN POR MANIOBRA DE REVERSA,ASFALTO,Bueno,Bueno,2,ITALIKA,GRIS,2,,65,MASCULINO,SIN DATOS,1,0,Coeneo,Centro,noviembre,domingo,19,-101.584927409209,19.8200677667408
31807,31812,2020,,2020/11/01,21:15:00,SALIDA DE SUPERFICIE DE RODAMIENTO,ASFALTO,Bueno,Regular,1,ITALIKA,GRIS,2,MINISTERIO PÚBLICO,21,MASCULINO,SIN DATOS,1,0,Peribán,Sin datos,noviembre,domingo,21,-102.444653182544,19.56064061304
31808,31813,2020,MOR200836653,2020/11/01,22:11:00,COLISIÓN POR ALCANCE,ASFALTO,Bueno,Bueno,2,CHEVROLET,PLATA,1,,33,MASCULINO,ALIENTO ETÍLICO,0,0,Morelia,Granjas Unidas de Morelia,noviembre,domingo,22,-101.279489547014,19.6913087497619
31809,31814,2020,MOR 200836690,2020/11/01,22:30:00,VOLCADURA,ASFALTO,Bueno,Bueno,1,SEAT,ROJO,1,,21,MASCULINO,CON CERTIFICADO,0,0,Tarímbaro,Sin datos,noviembre,domingo,23,-101.162259212948,19.764786751296
31811,31816,2020,,2020/11/02,11:50:00,COLISIÓN POR CORTE DE CIRCULACIÓN,CONCRETO,Bueno,Bueno,1,FREIGHTLINER 15 T,BLANCO,1,,,MASCULINO,SIN DATOS,0,0,Morelia,Sin datos,noviembre,lunes,12,-101.118717633866,19.7012394403687