fid,id_accidente,anio_origen,folio_c5i,dia_incidente,hora_ocurrencia,tipo_incidente_vial,superficie_ocurrencia,condiciones_climaticas,condiciones_via,numero_vehiculos_involucrados,marca_vehiculo_ocasiona_siniestro,color_vehiculo_ocasiona_siniestro,numero_personas_involucradas,lugar_remite_presunto_responsable,edad_presunto_responsable,sexo_presunto_responsable,resultados_toxicologia,numero_personas_lesionadas,numero_personas_fallecidas,municipio,colonia,mes,dia_semana,hora_redondeada,lon,lat
31812,31817,2020,,2020/11/02,13:39:00,COLISIÓN CONTRA OBJETO FIJO,ASFALTO,Bueno,Bueno,1,AUDI,BLANCO,1,,32,FEMENINO,SIN DATOS,0,0,Morelia,Club de Golf Tres Marias,noviembre,lunes,14,-101.109531368977,19.7081176518805
31813,31818,2020,,2020/11/02,13:50:00,COLISIÓN POR ALCANCE,ASFALTO,Bueno,Bueno,2,VOLKSWAGEN/POINTER,BLANCO,2,,44,MASCULINO,SIN DATOS,0,0,Morelia,Alberto Oviedo Mota,noviembre,lunes,14,-101.202233575963,19.6771740421443
31814,31819,2020,MOR200838129,2020/11/02,15:55:00,COLISIÓN POR CORTE DE CIRCULACIÓN,ASFALTO,Bueno,Bueno,2,HONDA,BLANCO,2,,0,MASCULINO,SIN DATOS,0,0,Morelia,Melchor Ocampo,noviembre,lunes,16,-101.202679764367,19.7070732640914
31815,31820,2020,,2020/11/02,16:40:00,COLISIÓN CONTRA OBJETO FIJO,ASFALTO,Bueno,Bueno,2,NISSAN,BLANCO  ROJO,2,,73,MASCULINO,ALIENTO ETÍLICO,0,0,Morelia,Santiaguito,noviembre,lunes,17,-101.190778836608,19.7170356592681
31816,31821,2020,,2020/11/02,16:45:00,COLISIÓN POR CORTE DE CIRCULACIÓN,CONCRETO,Bueno,Bueno,2,VOLKSWAGEN/POINTER,BLANCO,2,MINISTERIO PÚBLICO,41,FEMENINO,CON CERTIFICADO,0,0,Morelia,Centro,noviembre,lunes,17,-101.200173243202,19.703285787224
31817,31822,2020,,2020/11/02,17:10:00,SALIDA DE SUPERFICIE DE RODAMIENTO,CONCRETO,Bueno,Bueno,1,NISSAN,ROJO,1,,38,FEMENINO,SIN DATOS,0,0,Morelia,Rincon del Punhuato,noviembre,lunes,17,-101.141425550662,19.6959017072635
31818,31823,2020,,2020/11/02,17:45:00,COLISIÓN CONTRA OBJETO FIJO,ASFALTO,Bueno,Bueno,1,CHEVROLET,AZUL,1,,63,MASCULINO,SIN DATOS,0,0,Morelia,La Calera,noviembre,lunes,18,-101.235901334039,19.6694623400172
31819,31824,2020,MOR2003847464,2020/11/02,19:37:00,SUBIDA AL CAMELLÓN,ASFALTO,Bueno,Bueno,1,NISSAN,BLANCO,1,,55,MASCULINO,ALIENTO ETÍLICO,0,0,Morelia,Elias Perez Avalos,noviembre,lunes,20,-101.168611750685,19.7126017823604
31820,31825,2020,MOR200839345,2020/11/03,"08:40:00",COLISIÓN POR INVASIÓN DE CARRIL,ASFALTO,Bueno,Regular,2,NISSAN,PLATA,2,,37,MASCULINO,SIN DATOS,0,0,Morelia,Americas Britania,noviembre,martes,9,-101.149188168347,19.6946522887137
31821,31826,2020,LEG33676,2020/11/03,"08:45:00",COLISIÓN POR ALCANCE,ASFALTO,Bueno,Bueno,3,FORD,BLANCO,3,,22,MASCULINO,SIN DATOS,0,0,Morelia,Lomas del Tecnologico,noviembre,martes,9,-101.188340068542,19.7212188471868
31822,31827,2020,,2020/11/03,"09:34:00",COLISIÓN POR CAMBIO DE CARRIL,ASFALTO,Bueno,Bueno,2,CHEVROLET,PLATA,2,,28,FEMENINO,SIN DATOS,0,0,Morelia,La Pradera,noviembre,martes,10,-101.217611655593,19.6804913294662
31823,31828,2020,MOR200839539,2020/11/03,10:00:00,COLISIÓN POR ALCANCE,CONCRETO,Bueno,Bueno,2,NISSAN,BLANCO,2,,28,MASCULINO,SIN DATOS,0,0,Morelia,Comision Federal de Electricidad,noviembre,martes,10,-101.178818866611,19.6815412857966
31824,31829,2020,MOR200839503,2020/11/03,10:10:00,COLISIÓN POR ALCANCE,ASFALTO,Bueno,Bueno,2,PONTIAC,VINO Y GRIS,2,,35,MASCULINO,SIN DATOS,0,0,Morelia,Campestre Los Manantiales,noviembre,martes,10,-101.239652037621,19.6909855036236
31825,31830,2020,MOR200839365,2020/11/03,10:56:00,COLISIÓN POR INVASIÓN DE CARRIL,ASFALTO,Bueno,Bueno,2,ISUZU,BLANCO,2,,35,MASCULINO,SIN DATOS,0,0,Morelia,Primo Tapia Oriente,noviembre,martes,11,-101.158691905439,19.7134628698842
31826,31831,2020,MOR200839647,2020/11/03,11:20:00,COLISIÓN POR INVASIÓN DE CARRIL,ASFALTO,Bueno,Bueno,2,TOYOTA,BLANCO,2,,32,MASCULINO,SIN DATOS,0,0,Morelia,La Capilla,noviembre,martes,11,-101.156101544753,19.6600132192869
31827,31832,2020,MOR200840268,2020/11/03,14:40:00,COLISIÓN POR CORTE DE CIRCULACIÓN,CONCRETO,Bueno,Bueno,2,CHRYSLER,BLANCO,2,,38,MASCULINO,SIN DATOS,0,0,Morelia,Lomas de Huerta,noviembre,martes,15,-101.214357099749,19.6751077880387
31828,31833,2020,MOR200840241,2020/11/03,14:50:00,COLISIÓN POR CORTE DE CIRCULACIÓN,ASFALTO,Bueno,Regular,2,FORD,BLANCO/ROSA,2,,54,MASCULINO,SIN DATOS,0,0,Morelia,El Realito,noviembre,martes,15,-101.205192357302,19.7258355054333
31829,31834,2020,MOR 200840223,2020/11/03,15:10:00,COLISIÓN POR CORTE DE CIRCULACIÓN,ASFALTO,Bueno,Bueno,2,SEAT,NEGRO,2,,36,MASCULINO,SIN DATOS,0,0,Morelia,Ventura Puente,noviembre,martes,15,-101.179311417721,19.6935392852918
31830,31835,2020,MOR20084065,2020/11/03,15:35:00,COLISIÓN POR INVASIÓN DE CARRIL,ASFALTO,Bueno,Bueno,2,KENWORTH,BLANCO,2,,26,MASCULINO,SIN DATOS,0,0,Morelia,Arcos del Valle,noviembre,martes,16,-101.236252032899,19.7076265224158
31831,31836,2020,MOR200840392,2020/11/03,15:40:00,COLISIÓN CONTRA OBJETO FIJO,ASFALTO,Bueno,Bueno,3,MAZDA,GRIS,0,,,,,0,0,Morelia,Chapultepec Oriente,noviembre,martes,16,-101.163458190858,19.6933264980135
31832,31837,2020,MOR200840581,2020/11/03,17:10:00,COLISIÓN CONTRA OBJETO FIJO,ASFALTO,Bueno,Bueno,1,MERCEDES BENZ,BLANCO,1,,31,MASCULINO,SIN DATOS,0,0,Morelia,Fray Antonio de Lisboa,noviembre,martes,17,-101.146817461334,19.6941898702356
31833,31838,2020,,2020/11/04,"07:20:00",COLISIÓN POR ALCANCE,ASFALTO,Bueno,Bueno,2,MITZUBISHI,ROJO,2,,,MASCULINO,SIN DATOS,0,0,Morelia,Gertrudis Bocanegra,noviembre,miércoles,7,-101.21270016513,19.701979925208
31834,31839,2020,,2020/11/04,10:21:00,COLISIÓN POR CORTE DE CIRCULACIÓN,ASFALTO,Bueno,Bueno,2,CHEVROLET,ARENA,2,,34,FEMENINO,SIN DATOS,0,0,Morelia,Centro,noviembre,miércoles,10,-101.194110810757,19.7071194642289
31835,31840,2020,,2020/11/04,11:55:00,COLISIÓN POR ALCANCE,ASFALTO,Bueno,Bueno,3,VOLKSWAGEN,AZUL,3,,48,FEMENINO,SIN DATOS,0,0,Morelia,Jardines de La Loma,noviembre,miércoles,12,-101.225627071477,19.6768403494351
31836,31841,2020,,2020/11/04,13:05:00,COLISIÓN POR ALCANCE,ASFALTO,Bueno,Bueno,2,VOLKSWAGEN JETTA,BLANCO,2,,66,MASCULINO,SIN DATOS,0,0,Morelia,Loma de Los Piñones,noviembre,miércoles,13,-101.203478120946,19.6749710891574
31837,31842,2020,,2020/11/04,14:15:00,COLISIÓN CONTRA OBJETO FIJO,ASFALTO,Bueno,Bueno,1,FORD/ESCAPE,GRIS,1,,38,MASCULINO,SIN DATOS,0,0,Morelia,Centro,noviembre,miércoles,14,-101.178127862513,19.69918356902
31838,31843,2020,,2020/11/04,14:27:00,COLISIÓN POR CAMBIO DE CARRIL,ASFALTO,Bueno,Bueno,2,VOLKSWAGEN,BLANCO,2,,66,MASCULINO,SIN DATOS,0,0,Morelia,Morelos,noviembre,miércoles,14,-101.207682788372,19.7006194735712
31839,31844,2020,,2020/11/04,14:30:00,COLISIÓN POR CAMBIO DE CARRIL,CONCRETO,Bueno,Bueno,2,CHEVROLET,AZUL CON BLANCO,2,,23,MASCULINO,SIN DATOS,0,0,Morelia,Exhacienda del Quinceo,noviembre,miércoles,15,-101.233836277024,19.7297381298258
31840,31845,2020,,2020/11/04,16:05:00,SALIDA DE SUPERFICIE DE RODAMIENTO,ASFALTO,Bueno,Bueno,2,NISSAN,GRIS,2,,70,MASCULINO,SIN DATOS,0,0,Morelia,Valle de Las Flores,noviembre,miércoles,16,-101.124723130321,19.6878862505776
31841,31846,2020,,2020/11/04,16:25:00,COLISIÓN POR CORTE DE CIRCULACIÓN,CONCRETO,Bueno,Bueno,2,VOLKSWAGEN/BEATLE,AMARILLO,2,,52,MASCULINO,SIN DATOS,0,0,Morelia,Balcones de Santa Maria,noviembre,miércoles,16,-101.185610185547,19.675392835895
31842,31847,2020,,2020/11/04,17:29:00,CAIDA DE MOTOCICLETA,ASFALTO,Bueno,Bueno,1,ITALIKA,NEGRO,2,,55,MASCULINO,SIN DATOS,1,0,Morelia,El Lago 3,noviembre,miércoles,17,-101.221764720976,19.7272632807081
31843,31848,2020,MOR200842811,2020/11/04,17:40:00,COLISIÓN POR CAMBIO DE CARRIL,CONCRETO,Bueno,Bueno,2,INTERNATIONAL,VERDE,2,,34,MASCULINO,SIN DATOS,0,0,Morelia,Francisco J Mujica,noviembre,miércoles,18,-101.184680803932,19.7249717302023
31844,31849,2020,,2020/11/04,19:05:00,COLISIÓN POR ALCANCE,ASFALTO,Bueno,Bueno,2,YAMAHA,BLANCO,2,,33,MASCULINO,SIN DATOS,0,0,Morelia,Irrigacion,noviembre,miércoles,19,-101.225130862809,19.7046780961826
31845,31850,2020,,2020/11/04,19:30:00,COLISIÓN CONTRA OBJETO FIJO,ASFALTO,Bueno,Bueno,2,FORD,BLANCO,2,,24,MASCULINO,SIN DATOS,0,0,Morelia,Niño Artillero,noviembre,miércoles,20,-101.250202506781,19.6986100243055
31846,31851,2020,MOR2000845097,2020/11/05,"00:00:00",COLISIÓN POR CORTE DE CIRCULACIÓN,ASFALTO,Bueno,Bueno,2,KENWORHT,BLANCO,2,,50,MASCULINO,SIN DATOS,0,0,Morelia,Los Manantiales de Morelia,noviembre,jueves,0,-101.240232034839,19.692738440321
31847,31852,2020,MOR200845662,2020/11/05,"00:00:00",COLISIÓN POR MANIOBRA DE REVERSA,ASFALTO,Bueno,Bueno,1,HYUNDAI,BLANCO,1,,31,MASCULINO,CON CERTIFICADO,0,0,Morelia,Sin datos,noviembre,jueves,0,-101.16271457889,19.6767704086909
31848,31853,2020,MOR200012337,2020/11/05,"00:00:00",COLISIÓN POR INVASIÓN DE CARRIL,ASFALTO,Bueno,Bueno,2,KENWORHT,BLANCO,2,,48,MASCULINO,SIN DATOS,0,0,Morelia,Diego Rivera,noviembre,jueves,0,-101.177692369305,19.7195107241478
31849,31854,2020,,2020/11/05,"02:40:00",COLISIÓN POR CORTE DE CIRCULACIÓN,ASFALTO,Bueno,Bueno,2,FORD,GRIS,2,,30,FEMENINO,SIN DATOS,0,0,Morelia,Gertrudis Sanchez,noviembre,jueves,3,-101.199603304267,19.7398419217658
31850,31855,2020,,2020/11/05,"08:30:00",COLISIÓN POR CAMBIO DE CARRIL,ASFALTO,Bueno,Bueno,2,FREIGHTLINER,BLANCO,2,,22,MASCULINO,SIN DATOS,0,0,Morelia,Las Margaritas,noviembre,jueves,9,-101.208097189665,19.7133677229878
31851,31856,2020,MOR200001820,2020/11/05,"08:30:00",COLISIÓN POR CAMBIO DE CARRIL,ASFALTO,Bueno,Bueno,2,KENWORHT,BLANCO/NEGRO,2,,25,MASCULINO,SIN DATOS,0,0,Morelia,Quinceo,noviembre,jueves,9,-101.224188401607,19.7252478828593
31852,31857,2020,,2020/11/05,"09:35:00",COLISIÓN POR CORTE DE CIRCULACIÓN,ASFALTO,Bueno,Bueno,2,VOLKSWAGEN,GRIS,2,,35,MASCULINO,SIN DATOS,0,0,Morelia,El Lago 2,noviembre,jueves,10,-101.213366724551,19.7264398813608
31853,31858,2020,MOR200844350,2020/11/05,10:05:00,COLISIÓN POR NO RESPETAR SEMÁFORO,ASFALTO,Bueno,Bueno,2,CHEVROLET,AZUL,2,,35,FEMENINO,SIN DATOS,0,0,Morelia,Ejidal Ocolusen,noviembre,jueves,10,-101.153475008905,19.6873274735237
31854,31859,2020,LEG33703,2020/11/05,12:00:00,COLISIÓN POR ALCANCE,ASFALTO,Bueno,Bueno,2,NISSAN,GRIS,2,,30,MASCULINO,SIN DATOS,0,0,Morelia,Felix Ireta,noviembre,jueves,12,-101.195665486157,19.6814936454515
31855,31860,2020,,2020/11/05,14:20:00,COLISIÓN POR CAMBIO DE CARRIL,CONCRETO,Bueno,Bueno,2,CHEVROLET,AZUL CON BLANCO,2,,23,MASCULINO,SIN DATOS,0,0,Morelia,Hacienda del Quinceo,noviembre,jueves,14,-101.235176893802,19.728555049998
31856,31861,2020,MOR200845516,2020/11/05,20:15:00,COLISIÓN CONTRA OBJETO FIJO,ASFALTO,Bueno,Bueno,1,BMW,ROJO,1,,66,MASCULINO,SIN DATOS,0,0,Morelia,Sin datos,noviembre,jueves,20,-101.164615259253,19.6650028061455
31857,31862,2020,MOR2000845920,2020/11/05,20:35:00,COLISIÓN POR CORTE DE CIRCULACIÓN,ASFALTO,Bueno,Bueno,2,SUZUKI,GRIS,2,,39,MASCULINO,SIN DATOS,0,0,Morelia,Niño Artillero,noviembre,jueves,21,-101.250201500952,19.6986087616841
31858,31863,2020,,2020/11/05,20:45:00,COLISIÓN CONTRA OBJETO FIJO,ASFALTO,Bueno,Bueno,1,GMC,BLANCO/AZUL,1,,24,MASCULINO,SIN DATOS,0,0,Morelia,Las Americas,noviembre,jueves,21,-101.159017489039,19.6879670637376
31859,31864,2020,MOR200845951,2020/11/06,"01:15:00",COLISIÓN CONTRA OBJETO FIJO,CONCRETO,Bueno,Bueno,2,CHRYSLER,BLANCO,2,,25,MASCULINO,SIN DATOS,0,0,Tarímbaro,Sin datos,noviembre,viernes,1,-101.172968603003,19.748525993255
31860,31865,2020,,2020/11/06,"09:57:00",COLISIÓN POR ALCANCE,ASFALTO,Bueno,Bueno,2,RENAULT,GRIS,2,,55,FEMENINO,SIN DATOS,0,0,Morelia,Las Americas,noviembre,viernes,10,-101.159017458558,19.6879670350389
31861,31866,2020,,2020/11/06,10:30:00,COLISIÓN POR ALCANCE,CONCRETO,Bueno,Bueno,3,RAM,BLANCO,3,,30,MASCULINO,SIN DATOS,0,0,Morelia,Pascual Ortiz de Ayala,noviembre,viernes,11,-101.151435859501,19.6974288376563
31862,31867,2020,,2020/11/06,11:30:00,COLISIÓN POR CORTE DE CIRCULACIÓN,ASFALTO,Bueno,Bueno,2,NISSAN,BLANCO Y ROJO,2,MINISTERIO PÚBLICO,64,MASCULINO,SIN DATOS,0,0,Morelia,San Guillermo,noviembre,viernes,12,-101.178189858106,19.7388620903947
31863,31868,2020,,2020/11/06,14:09:00,COLISIÓN POR ALCANCE,ASFALTO,Bueno,Bueno,2,VOLVO,BLANCO,2,,30,MASCULINO,SIN DATOS,0,0,Morelia,Lomas del Tecnologico,noviembre,viernes,14,-101.193222969092,19.7233116481727
31864,31869,2020,,2020/11/06,15:00:00,COLISIÓN CONTRA OBJETO FIJO,ASFALTO,Bueno,Bueno,2,NISSAN,GRIS,2,,46,MASCULINO,SIN DATOS,0,0,Morelia,Villas del Real,noviembre,viernes,15,-101.199044063687,19.7331405687439
31865,31870,2020,,2020/11/06,19:55:00,COLISIÓN POR CAMBIO DE CARRIL,ASFALTO,Bueno,Bueno,2,CHEVROLET TRAX,NARANJA,2,,38,FEMENINO,SIN DATOS,0,0,Morelia,Insurgentes,noviembre,viernes,20,-101.153858259999,19.6950784620899
31866,31871,2020,,2020/11/07,"00:05:00",COLISIÓN CONTRA OBJETO FIJO,CONCRETO,Bueno,Bueno,1,CHEVROLET/BLAZER,ROJO,1,,0,,SIN DATOS,0,0,Morelia,Vista Hermosa 1A Etapa,noviembre,sábado,0,-101.212956346571,19.6775753219806
31867,31872,2020,,2020/11/07,"01:05:00",COLISIÓN POR NO RESPETAR SEMÁFORO,CONCRETO,Bueno,Bueno,2,VOLKSWAGEN GOLF,ROJO,2,,23,MASCULINO,CON CERTIFICADO,0,0,Morelia,Juarez,noviembre,sábado,1,-101.199674748563,19.6934518459688
31868,31873,2020,,2020/11/07,"03:40:00",COLISIÓN POR CAMBIO DE CARRIL,CONCRETO,Bueno,Bueno,2,VENTO CR200,NEGRO/AMARILLO,2,,0,,SIN DATOS,1,0,Morelia,Ventura Puente,noviembre,sábado,4,-101.18803460151,19.6922794025665
31869,31874,2020,,2020/11/07,"06:40:00",COLISIÓN CON PEATÓN,SIN_DATOS,Bueno,Bueno,2,VOLKSWAGEN,BLANCO,2,,40,MASCULINO,SIN DATOS,0,0,Morelia,Tinijaro,noviembre,sábado,7,-101.261214955963,19.6966349853462
31870,31875,2020,MOR200848373,2020/11/07,"08:35:00",COLISIÓN POR ALCANCE,ASFALTO,Bueno,Bueno,2,NISSAN,GRIS,2,,52,MASCULINO,SIN DATOS,0,0,Morelia,Sin datos,noviembre,sábado,9,-101.176323040642,19.6578348190558
31871,31876,2020,,2020/11/07,"09:50:00",COLISIÓN POR CORTE DE CIRCULACIÓN,ASFALTO,Bueno,Bueno,2,BMW,NEGRO Y  GRIS,2,,20,,SIN DATOS,0,0,Morelia,Poblado de Ocolusen,noviembre,sábado,10,-101.15257784046,19.6948587322775
31872,31877,2020,,2020/11/07,11:30:00,COLISIÓN POR CORTE DE CIRCULACIÓN,ASFALTO,Bueno,Bueno,2,DODGE,ROJO,1,MINISTERIO PÚBLICO,,,SIN DATOS,0,0,Lázaro Cárdenas,Sin datos,noviembre,sábado,12,-102.188937440515,17.9626030728838
31873,31878,2020,MOR200848822,2020/11/07,12:10:00,COLISIÓN CONTRA OBJETO FIJO,ASFALTO,Bueno,Bueno,2,TOYOTA,ROJO,2,,25,MASCULINO,SIN DATOS,0,0,Morelia,Poblado de Ocolusen,noviembre,sábado,12,-101.153898462653,19.6949783684201
31874,31879,2020,,2020/11/07,13:20:00,COLISIÓN POR CAMBIO DE CARRIL,ASFALTO,Bueno,Bueno,2,FORD,BLANCO,2,,29,FEMENINO,SIN DATOS,0,0,Morelia,Jose Ma Pino Suarez,noviembre,sábado,13,-101.162754080511,19.723136773335
31875,31880,2020,MOR200850420,2020/11/07,13:49:00,COLISIÓN POR CORTE DE CIRCULACIÓN,ASFALTO,Bueno,Bueno,2,FORD,VERDE,2,,0,FEMENINO,SIN DATOS,0,0,Morelia,El Lago 2,noviembre,sábado,14,-101.217160709202,19.7268993948965
31876,31881,2020,MOR200849187,2020/11/07,14:50:00,COLISIÓN CONTRA OBJETO FIJO,ASFALTO,Bueno,Bueno,1,NISSAN,ROJO,1,,40,FEMENINO,SIN DATOS,0,0,Morelia,Sin datos,noviembre,sábado,15,-101.304398521103,19.6876750628692
31877,31882,2020,MOR 200849442,2020/11/07,15:30:00,COLISIÓN POR ALCANCE,ASFALTO,Bueno,Bueno,2,TOYOTA,GRIS,2,,34,MASCULINO,SIN DATOS,0,0,Morelia,Villas de La Esperanza,noviembre,sábado,16,-101.276143460798,19.692539254371
31878,31883,2020,,2020/11/07,15:55:00,COLISIÓN POR CORTE DE CIRCULACIÓN,ASFALTO,Bueno,Bueno,2,DODGE,BLANCO,2,,22,MASCULINO,SIN DATOS,0,0,Morelia,El Realito,noviembre,sábado,16,-101.203874722123,19.7273778430253
31879,31884,2020,,2020/11/07,16:05:00,COLISIÓN POR CORTE DE CIRCULACIÓN,ASFALTO,Bueno,Bueno,2,PLYMOUTH,AZUL,2,,48,MASCULINO,SIN DATOS,0,0,Morelia,Prados Verdes,noviembre,sábado,16,-101.197279474951,19.714473788177
31880,31885,2020,,2020/11/07,17:40:00,COLISIÓN POR ALCANCE,ASFALTO,Bueno,Bueno,3,NISSAN,ROJO,3,,45,MASCULINO,SIN DATOS,0,0,Morelia,Elias Perez Avalos,noviembre,sábado,18,-101.171279512346,19.7146031652859
31881,31886,2020,MOR 200850508,2020/11/07,22:00:00,COLISIÓN POR INVASIÓN DE CARRIL,ASFALTO,Bueno,Regular,2,NISSAN,BLANCO,2,,27,MASCULINO,SIN DATOS,0,0,Morelia,El Porvenir,noviembre,sábado,22,-101.205110214651,19.7103181994129
31882,31887,2020,LEG33743,2020/11/07,22:30:00,COLISIÓN CONTRA OBJETO FIJO,ASFALTO,Bueno,Bueno,2,S/D,BLANCO,2,,,,SIN DATOS,0,0,Morelia,Leandro Valle,noviembre,sábado,23,-101.230699464011,19.7157997192593
31883,31888,2020,,2020/11/07,22:50:00,COLISIÓN CONTRA OBJETO FIJO,ASFALTO,Bueno,Bueno,1,VOLKSWAGEN,PLATA,1,,36,MASCULINO,SIN DATOS,0,0,Morelia,Juarez,noviembre,sábado,23,-101.196334727787,19.697158290108
31884,31889,2020,,2020/11/07,23:00:00,COLISIÓN POR ALCANCE,ASFALTO,Bueno,Bueno,2,CHEVROLET,GRIS,2,MINISTERIO PÚBLICO,0,FEMENINO,SIN DATOS,0,1,Morelia,El Realito,noviembre,sábado,23,-101.203637681901,19.7256499315828
31885,31890,2020,,2020/11/08,"00:00:00",COLISIÓN POR CORTE DE CIRCULACIÓN,ASFALTO,Bueno,Bueno,2,VOLKSWAGEN,NEGRO,2,,,MASCULINO,CON CERTIFICADO,0,0,Morelia,Eduardo Ruiz,noviembre,domingo,0,-101.22279971838,19.7223013595995
31886,31891,2020,MOR200850758,2020/11/08,"00:45:00",SUBIDA AL CAMELLÓN,ASFALTO,Bueno,Bueno,0,,,0,,,,,0,0,Morelia,Sentimientos de La Nacion,noviembre,domingo,1,-101.235265620053,19.68117129787
31887,31892,2020,LEG33737,2020/11/08,"00:45:00",SUBIDA AL CAMELLÓN,ASFALTO,Bueno,Bueno,1,NISSAN,ROJO,0,,,,,0,0,Morelia,Sentimientos de La Nacion,noviembre,domingo,1,-101.235212341629,19.6810239281021
31888,31893,2020,MOR2000850837,2020/11/08,"03:35:00",SALIDA DE SUPERFICIE DE RODAMIENTO,ASFALTO,Bueno,Bueno,1,ITALIKA,VERDE,1,,31,MASCULINO,SIN DATOS,0,0,Morelia,Ampliacion La Soledad,noviembre,domingo,4,-101.182611814953,19.739130014081
31889,31894,2020,MOR200850837,2020/11/08,"03:35:00",SALIDA DE SUPERFICIE DE RODAMIENTO,ASFALTO,Bueno,Bueno,1,ITALYKA,VERDE,1,,31,MASCULINO,SIN DATOS,0,0,Morelia,Ampliacion La Soledad,noviembre,domingo,4,-101.182612851262,19.7391303009668
31890,31895,2020,,2020/11/08,"08:40:00",COLISIÓN CONTRA OBJETO FIJO,ASFALTO,Bueno,Bueno,2,DODGE,AZUL,2,,27,MASCULINO,SIN DATOS,0,0,Morelia,Mariano Escobedo,noviembre,domingo,9,-101.213539391756,19.7227119658384
31891,31896,2020,MOR200848470,2020/11/08,"09:50:00",COLISIÓN POR ALCANCE,ASFALTO,Bueno,Bueno,2,AUDI,AMARILLO,2,,37,MASCULINO,SIN DATOS,0,0,Morelia,Rafael Carrillo,noviembre,domingo,10,-101.236754246056,19.7075806975835
31892,31897,2020,,2020/11/08,16:00:00,COLISIÓN POR CORTE DE CIRCULACIÓN,ASFALTO,Bueno,Bueno,2,BMW,NEGRO Y  GRIS,2,MINISTERIO PÚBLICO,,MASCULINO,SIN DATOS,0,0,Morelia,El Realito,noviembre,domingo,16,-101.203615888953,19.7256480379806
31893,31898,2020,MOR200849676,2020/11/08,17:15:00,COLISIÓN POR CORTE DE CIRCULACIÓN,ASFALTO,Bueno,Bueno,2,TOYOTA,VERTDE,2,,36,FEMENINO,SIN DATOS,0,0,Morelia,Sin datos,noviembre,domingo,17,-101.223007235436,19.6944598114304
31894,31899,2020,,2020/11/08,19:20:00,COLISIÓN POR ALCANCE,ASFALTO,Bueno,Bueno,2,NISSAN,NEGRO,2,,24,MASCULINO,SIN DATOS,0,0,Morelia,Mariano Michelena,noviembre,domingo,19,-101.230007515036,19.6759983799739
31895,31900,2020,,2020/11/08,19:30:00,COLISIÓN POR CAMBIO DE CARRIL,SIN_DATOS,Bueno,Bueno,2,NISSAN,BLANCO,2,,72,MASCULINO,SIN DATOS,0,0,Morelia,Centro,noviembre,domingo,20,-101.19529570707,19.6968824619951
31896,31901,2020,,2020/11/08,20:00:00,COLISIÓN POR ALCANCE,ASFALTO,Bueno,Bueno,2,NISSAN,ROJO,2,,28,MASCULINO,SIN DATOS,0,0,Tarímbaro,Sin datos,noviembre,domingo,20,-101.153728508148,19.7694864209417
31897,31902,2020,,2020/11/08,20:20:00,COLISIÓN POR INVASIÓN DE CARRIL,ASFALTO,Bueno,Regular,2,NISSAN,NEGRO,2,,37,MASCULINO,SIN DATOS,0,0,Peribán,Sin datos,noviembre,domingo,20,-102.430675581776,19.4967441446999
31898,31903,2020,,2020/11/08,23:25:00,CAIDA ACUATICA DE VEHÍCULO,ASFALTO,Bueno,Bueno,1,NISSAN,ROJO,1,,67,MASCULINO,SIN DATOS,0,0,Peribán,Sin datos,noviembre,domingo,23,-102.444091320716,19.5517195480389
31899,31904,2020,,2020/11/09,"00:00:00",COLISIÓN POR CORTE DE CIRCULACIÓN,ASFALTO,Bueno,Bueno,2,CHEVROLET,BLANCO ROSA,2,,36,,SIN DATOS,0,0,Morelia,Torreon Nuevo,noviembre,lunes,0,-101.20358663,19.7462449699991
31900,31905,2020,MOR200853571,2020/11/09,"09:35:00",COLISIÓN POR INVASIÓN DE CARRIL,ASFALTO,Bueno,Bueno,2,CHEVROLET,BLANCO,2,,30,MASCULINO,SIN DATOS,0,0,Morelia,Tinijaro,noviembre,lunes,10,-101.26316,19.6963297049991
31901,31906,2020,,2020/11/09,12:57:00,COLISIÓN POR NO RESPETAR SEMÁFORO,ASFALTO,Bueno,Bueno,2,FORD,PLATA,2,,21,MASCULINO,SIN DATOS,0,0,Morelia,Camelinas,noviembre,lunes,13,-101.17075869981,19.6837967780615
31902,31907,2020,,2020/11/09,16:15:00,COLISIÓN POR MANIOBRA DE REVERSA,CONCRETO,Bueno,Bueno,2,GMC,PLATA,2,,17,MASCULINO,SIN DATOS,0,0,Morelia,Vistas de Altozano,noviembre,lunes,16,-101.167,19.6551
31903,31908,2020,,2020/11/09,16:20:00,COLISIÓN POR ALCANCE,CONCRETO,Bueno,Bueno,2,GMC,PLATA,2,,17,MASCULINO,SIN DATOS,0,0,Morelia,Vistas de Altozano,noviembre,lunes,16,-101.167,19.6551
31904,31909,2020,MOR200854759,2020/11/09,17:40:00,COLISIÓN POR CORTE DE CIRCULACIÓN,ASFALTO,Bueno,Bueno,2,DODGE,BLANCO,2,,63,MASCULINO,SIN DATOS,0,0,Morelia,Sentimientos de La Nacion,noviembre,lunes,18,-101.230340161671,19.6819369205883
31905,31910,2020,,2020/11/09,17:55:00,CAIDA DE MOTOCICLETA,SIN_DATOS,Bueno,Regular,1,ITALIKA,NEGRO,2,,59,MASCULINO,SIN DATOS,1,0,Huandacareo,San Francisco,noviembre,lunes,18,-101.278862275851,19.9865654841738