fid,id_accidente,anio_origen,folio_c5i,dia_incidente,hora_ocurrencia,tipo_incidente_vial,superficie_ocurrencia,condiciones_climaticas,condiciones_via,numero_vehiculos_involucrados,marca_vehiculo_ocasiona_siniestro,color_vehiculo_ocasiona_siniestro,numero_personas_involucradas,lugar_remite_presunto_responsable,edad_presunto_responsable,sexo_presunto_responsable,resultados_toxicologia,numero_personas_lesionadas,numero_personas_fallecidas,municipio,colonia,mes,dia_semana,hora_redondeada,lon,lat
31906,31911,2020,MOR 200854925,2020/11/09,18:15:00,COLISIÓN POR ALCANCE,ASFALTO,Bueno,Bueno,3,CHEVROLET,ROJO,3,,23,FEMENINO,SIN DATOS,0,0,Tarímbaro,Sin datos,noviembre,lunes,18,-101.135880723596,19.7748743559524
31907,31912,2020,,2020/11/09,21:30:00,COLISIÓN POR CORTE DE CIRCULACIÓN,ASFALTO,Bueno,Bueno,2,DODGE,GUINDA,2,MINISTERIO PÚBLICO,,,SIN DATOS,0,0,Lázaro Cárdenas,1Er Sect de Fidelac,noviembre,lunes,22,-102.198999747634,17.9624780506721
31908,31913,2020,MOR200855531,2020/11/09,22:35:00,COLISIÓN CONTRA OBJETO FIJO,ASFALTO,Bueno,Bueno,2,FORD,GRIS,2,,36,MASCULINO,SIN DATOS,0,0,Morelia,Emiliano Zapata,noviembre,lunes,23,-101.232333839045,19.6558541289088
31909,31914,2020,MOR200855885,2020/11/10,"07:20:00",COLISIÓN POR CORTE DE CIRCULACIÓN,ASFALTO,Bueno,Bueno,2,MERCEDEZ BENZ,AMARILLO/CAFE,2,,54,MASCULINO,SIN DATOS,0,0,Morelia,Centro,noviembre,martes,7,-101.18218963,19.7028850649992
31910,31915,2020,,2020/11/10,"08:00:00",COLISIÓN POR CORTE DE CIRCULACIÓN,ASFALTO,Bueno,Bueno,2,FORD,AZUL,2,,36,FEMENINO,SIN DATOS,0,0,Morelia,Tinijaro,noviembre,martes,8,-101.26316,19.6963297049991
31911,31916,2020,,2020/11/10,"08:30:00",CAIDA DE MOTOCICLETA,ASFALTO,Bueno,Bueno,1,ITALIKA,NEGRO AMARILLO,0,MINISTERIO PÚBLICO,,,,0,0,Lázaro Cárdenas,El Sembrador,noviembre,martes,9,-102.207003459334,17.9727746033831
31912,31917,2020,,2020/11/10,"08:30:00",COLISIÓN POR CORTE DE CIRCULACIÓN,ASFALTO,Bueno,Bueno,0,,,0,,,,,0,0,Lázaro Cárdenas,El Sembrador,noviembre,martes,9,-102.20700211823,17.9727732987269
31913,31918,2020,,2020/11/10,"08:35:00",COLISIÓN CONTRA OBJETO FIJO,CONCRETO,Bueno,Bueno,1,INTERNATIONAL,BLANCO,1,,45,MASCULINO,SIN DATOS,0,0,Morelia,Nueva Valladolid,noviembre,martes,9,-101.214162415,19.7004326249991
31914,31919,2020,,2020/11/10,11:30:00,COLISIÓN POR ALCANCE,CONCRETO,Bueno,Bueno,2,VENTO,NEGRO,2,,,MASCULINO,SIN DATOS,0,0,Morelia,Colinas del Sur,noviembre,martes,12,-101.201236739076,19.666376820545
31915,31920,2020,,2020/11/10,11:30:00,COLISIÓN POR ALCANCE,ASFALTO,Bueno,Bueno,2,NISSAN,BLANCO,2,,25,MASCULINO,SIN DATOS,0,0,Morelia,Primo Tapia Oriente,noviembre,martes,12,-101.159681975842,19.7130591262905
31916,31921,2020,,2020/11/10,12:00:00,COLISIÓN POR CAMBIO DE CARRIL,ASFALTO,Bueno,Bueno,2,GMC,BLANCO,2,,28,MASCULINO,SIN DATOS,0,0,Morelia,Ventura Puente,noviembre,martes,12,-101.17970807986,19.69082861537
31917,31922,2020,,2020/11/10,12:00:00,COLISIÓN CONTRA OBJETO FIJO,ASFALTO,Bueno,Bueno,1,NISSAN,BLANCO/NARANJA,3,,54,MASCULINO,SIN DATOS,2,0,Uruapan,Sin datos,noviembre,martes,12,-102.191335304904,19.5284536482606
31918,31923,2020,,2020/11/10,12:54:00,COLISIÓN POR CORTE DE CIRCULACIÓN,ASFALTO,Bueno,Bueno,2,ITALIKA,ROJO Y NEGRO,2,,43,MASCULINO,SIN DATOS,0,0,Morelia,Libertad,noviembre,martes,13,-101.233158440066,19.6865831040518
31919,31924,2020,,2020/11/10,13:25:00,CAIDA DE MOTOCICLETA,ASFALTO,Bueno,Bueno,1,BAJAJ PULSAR,NEGRO,1,,24,MASCULINO,SIN DATOS,0,0,Morelia,La Floresta,noviembre,martes,13,-101.151875376023,19.683319006758
31920,31925,2020,,2020/11/10,14:30:00,COLISIÓN POR ALCANCE,ASFALTO,Bueno,Bueno,3,PEUGEOT,ARENA,3,,30,FEMENINO,SIN DATOS,0,0,Morelia,Sentimientos de La Nacion,noviembre,martes,15,-101.23526385223,19.6811684853624
31921,31926,2020,,2020/11/10,16:00:00,COLISIÓN POR CAMBIO DE CARRIL,ASFALTO,Bueno,Bueno,2,TOYOTA,BLANCO,2,,44,MASCULINO,SIN DATOS,0,0,Morelia,Indeco Santiaguito,noviembre,martes,16,-101.178804449737,19.7202186449914
31922,31927,2020,,2020/11/10,17:30:00,COLISIÓN POR NO RESPETAR SEMÁFORO,ASFALTO,Bueno,Bueno,2,VOLKSWAGEN,ROJO,3,,23,MASCULINO,SIN DATOS,1,0,Morelia,Ejidal Ocolusen,noviembre,martes,18,-101.153172254562,19.6864173724526
31923,31928,2020,,2020/11/10,18:00:00,COLISIÓN CONTRA OBJETO FIJO,ASFALTO,Bueno,Regular,1,FORD/FAIRMONT,BLANCO,1,,55,MASCULINO,CON CERTIFICADO,0,0,Morelia,Reforma,noviembre,martes,18,-101.241824626923,19.7058874361407
31924,31929,2020,,2020/11/10,18:49:00,COLISIÓN POR CORTE DE CIRCULACIÓN,ASFALTO,Bueno,Bueno,2,FORD,BLANCO,2,,52,MASCULINO,SIN DATOS,0,0,Morelia,Adolfo Lopez Mateos,noviembre,martes,19,-101.2254736636,19.6952242962068
31925,31930,2020,MOR200855134,2020/11/10,20:09:00,COLISIÓN POR INVASIÓN DE CARRIL,ASFALTO,Bueno,Bueno,2,KTM,NEGRO NARANJA,3,MINISTERIO PÚBLICO,0,,SIN DATOS,1,0,Morelia,Plan de La Garita,noviembre,martes,20,-101.18518628,19.7123802899991
31926,31931,2020,,2020/11/10,20:10:00,COLISIÓN CONTRA OBJETO FIJO,CONCRETO,Bueno,Bueno,2,CHEVROLET SILVERADO,BLANCO,2,,,FEMENINO,SIN DATOS,0,0,Morelia,Ejidal Tres Puentes,noviembre,martes,20,-101.229582781134,19.6932308799576
31927,31932,2020,,2020/11/10,21:16:00,COLISIÓN POR ALCANCE,ASFALTO,Bueno,Bueno,2,KENWORTH,ROJO,2,,42,MASCULINO,SIN DATOS,0,0,Morelia,Arcos del Valle,noviembre,martes,21,-101.236183331763,19.7075659199945
31928,31933,2020,MOR200668825,2020/11/10,22:00:00,COLISIÓN POR CAMBIO DE CARRIL,ASFALTO,Bueno,Bueno,2,FORD,NEGRO,2,,24,MASCULINO,SIN DATOS,0,0,Tarímbaro,Sin datos,noviembre,martes,22,-101.156857243992,19.7743146784332
31929,31934,2020,,2020/11/11,"00:00:00",COLISIÓN POR CAMBIO DE CARRIL,ASFALTO,Bueno,Bueno,2,FREIGHTLINER,BLANCO,2,,38,MASCULINO,SIN DATOS,0,0,Morelia,Isaac Arriaga,noviembre,miércoles,0,-101.166085414588,19.7101951888764
31930,31935,2020,LEG33809,2020/11/11,"00:00:00",SALIDA DE SUPERFICIE DE RODAMIENTO,CONCRETO,Bueno,Bueno,1,MERCEDEZ,GRIS,0,,,,,0,0,Morelia,Montaña Monarca,noviembre,miércoles,0,-101.161350309849,19.6725672017979
31931,31936,2020,MOR200858506,2020/11/11,"09:00:00",COLISIÓN POR CAMBIO DE CARRIL,ASFALTO,Bueno,Bueno,2,CHEVROLRT,AZUL,2,,27,FEMENINO,SIN DATOS,0,0,Morelia,Tres Puentes,noviembre,miércoles,9,-101.213737844753,19.7026699317707
31932,31937,2020,,2020/11/11,10:45:00,COLISIÓN POR CAMBIO DE CARRIL,ASFALTO,Bueno,Bueno,2,VOLKSWAGEN,BLANCO,2,,70,MASCULINO,SIN DATOS,0,0,Morelia,Residencial Alborada,noviembre,miércoles,11,-101.234586685896,19.7023511850412
31933,31938,2020,MOR200858525,2020/11/11,10:50:00,COLISIÓN POR CORTE DE CIRCULACIÓN,ASFALTO,Bueno,Bueno,2,TOYOTA,BLANCO MORADO,2,,54,MASCULINO,SIN DATOS,0,0,Morelia,Isaac Arriaga,noviembre,miércoles,11,-101.166159510612,19.7102375983831
31934,31939,2020,MOR200858662,2020/11/11,11:20:00,COLISIÓN POR CORTE DE CIRCULACIÓN,ASFALTO,Bueno,Bueno,2,ITALIKA,BLANCO,2,,56,FEMENINO,SIN DATOS,1,0,Morelia,Dr Miguel Silva,noviembre,miércoles,11,-101.188336654819,19.712885244507
31935,31940,2020,,2020/11/11,12:40:00,COLISIÓN POR ALCANCE,ASFALTO,Bueno,Bueno,2,NISSAN,ROJO,2,,78,MASCULINO,SIN DATOS,0,0,Morelia,Rinconada del Valle,noviembre,miércoles,13,-101.219143075018,19.6779192015275
31936,31941,2020,,2020/11/11,12:50:00,COLISIÓN POR ALCANCE,ASFALTO,Bueno,Bueno,3,NISSAN,BLANCO,3,,36,FEMENINO,SIN DATOS,0,0,Morelia,Sentimientos de La Nacion,noviembre,miércoles,13,-101.231884390794,19.6777173567903
31937,31942,2020,MOR200859172,2020/11/11,13:03:00,COLISIÓN POR ALCANCE,ASFALTO,Bueno,Bueno,2,YAMAHA,BLANCO,2,,24,MASCULINO,SIN DATOS,0,0,Morelia,Del Empleado,noviembre,miércoles,13,-101.180166006088,19.6882097899502
31938,31943,2020,MOR200859245,2020/11/11,13:45:00,SUBIDA AL CAMELLÓN,ASFALTO,Bueno,Bueno,1,NISSAN,PLATA,1,,59,MASCULINO,SIN DATOS,0,0,Morelia,Los Manantiales de Morelia,noviembre,miércoles,14,-101.242980323732,19.7002482671226
31939,31944,2020,,2020/11/11,16:30:00,COLISIÓN POR CORTE DE CIRCULACIÓN,ASFALTO,Bueno,Bueno,2,FORD,ROJO,3,MINISTERIO PÚBLICO,0,MASCULINO,SIN DATOS,1,0,Pátzcuaro,Sin datos,noviembre,miércoles,17,-101.603919537716,19.5446989087949
31940,31945,2020,,2020/11/11,17:00:00,COLISIÓN POR ALCANCE,ASFALTO,Bueno,Bueno,2,CHEVROLET,VERDE,2,,35,FEMENINO,SIN DATOS,0,0,Morelia,Primo Tapia Oriente,noviembre,miércoles,17,-101.159713126041,19.7129514974957
31941,31946,2020,MOR200850798,2020/11/11,18:00:00,COLISIÓN POR ALCANCE,ASFALTO,Bueno,Bueno,2,CADILAC,BLANCO,2,,45,MASCULINO,SIN DATOS,0,0,Morelia,Nueva Valladolid,noviembre,miércoles,18,-101.21057420969,19.7008962134991
31942,31947,2020,MOR200860057,2020/11/11,19:20:00,COLISIÓN POR ALCANCE,ASFALTO,Bueno,Bueno,2,CHEVROLET,BLANCO,2,,31,MASCULINO,SIN DATOS,0,0,Morelia,Industrial,noviembre,miércoles,19,-101.197807565331,19.7090039013681
31943,31948,2020,MOR200860300,2020/11/11,20:30:00,COLISIÓN POR ALCANCE,ASFALTO,Bueno,Bueno,2,CADILAC,BLANCO,2,,43,FEMENINO,SIN DATOS,0,0,Morelia,Las Americas,noviembre,miércoles,21,-101.159017428078,19.6879670637376
31944,31949,2020,LEG33803,2020/11/11,21:00:00,COLISIÓN POR CORTE DE CIRCULACIÓN,ASFALTO,Bueno,Bueno,2,FORD,BLANCO,2,,32,MASCULINO,SIN DATOS,0,0,Tarímbaro,Sin datos,noviembre,miércoles,21,-101.153264760293,19.7696249320977
31945,31950,2020,,2020/11/11,21:10:00,COLISIÓN POR CAMBIO DE CARRIL,ASFALTO,Bueno,Bueno,2,FORD,BLANCO,2,,37,MASCULINO,SIN DATOS,0,0,Morelia,Villas de La Esperanza,noviembre,miércoles,21,-101.274006014528,19.6932510825769
31947,31952,2020,MOR200860637,2020/11/12,"01:20:00",COLISIÓN CONTRA OBJETO FIJO,ASFALTO,Bueno,Bueno,1,RENAULT,GRIS,1,,26,MASCULINO,SIN DATOS,0,0,Tarímbaro,Sin datos,noviembre,jueves,1,-101.177101917565,19.7587559869063
31948,31953,2020,,2020/11/12,"06:45:00",COLISIÓN CONTRA OBJETO FIJO,ASFALTO,Bueno,Bueno,1,CHEVROLET,BLANCO,1,,43,MASCULINO,SIN DATOS,0,0,Morelia,Montaña Monarca,noviembre,jueves,7,-101.165679419395,19.6714150238958
31949,31954,2020,,2020/11/12,"09:10:00",COLISIÓN POR INVASIÓN DE CARRIL,ASFALTO,Bueno,Bueno,2,HONDA,BLANCO,2,,26,MASCULINO,SIN DATOS,0,0,Morelia,Nueva Chapultepec,noviembre,jueves,9,-101.17081558,19.6897813199992
31950,31955,2020,,2020/11/12,"09:25:00",COLISIÓN POR CORTE DE CIRCULACIÓN,ASFALTO,Bueno,Bueno,2,SIN DATOS,SIN DATOS,2,,,,SIN DATOS,0,0,Morelia,Centro,noviembre,jueves,9,-101.198428565665,19.7035391005434
31951,31956,2020,,2020/11/12,10:20:00,COLISIÓN CONTRA OBJETO FIJO,CONCRETO,Bueno,Bueno,2,DODGE,BLANCO,1,,0,,SIN DATOS,0,0,Morelia,23 de Marzo,noviembre,jueves,10,-101.249484725,19.7047948599991
31952,31957,2020,,2020/11/12,10:30:00,COLISIÓN CONTRA OBJETO FIJO,CONCRETO,Bueno,Bueno,1,JEEP,GRIS,1,,26,FEMENINO,SIN DATOS,0,0,Morelia,San Jose del Cerrito,noviembre,jueves,11,-101.222373722911,19.6615895379848
31953,31958,2020,MOR200861076,2020/11/12,10:30:00,COLISIÓN POR CORTE DE CIRCULACIÓN,CONCRETO,Bueno,Bueno,2,NISSAN / VERSA,BLANCO,2,,46,FEMENINO,SIN DATOS,0,0,Morelia,Nueva Valladolid,noviembre,jueves,11,-101.214162415,19.7004326249991
31954,31959,2020,,2020/11/12,10:35:00,COLISIÓN POR CORTE DE CIRCULACIÓN,ASFALTO,Bueno,Bueno,2,SUZUKI GD115,BLANCO,2,,27,MASCULINO,SIN DATOS,0,0,Morelia,Centro,noviembre,jueves,11,-101.18218963,19.7028850649992
31955,31960,2020,,2020/11/12,13:00:00,COLISIÓN POR CORTE DE CIRCULACIÓN,CONCRETO,Bueno,Bueno,2,ISUZU,BLANCO,2,,62,MASCULINO,SIN DATOS,0,0,Morelia,Ventura Puente,noviembre,jueves,13,-101.18154606,19.6913819699992
31956,31961,2020,,2020/11/12,15:00:00,COLISIÓN POR CORTE DE CIRCULACIÓN,ASFALTO,Bueno,Bueno,1,TOYOTA,BLANCO Y MORADO,1,,48,MASCULINO,SIN DATOS,0,0,Morelia,Xangari,noviembre,jueves,15,-101.219115235,19.6741043499992
31957,31962,2020,,2020/11/12,16:20:00,COLISIÓN POR CORTE DE CIRCULACIÓN,ASFALTO,Bueno,Bueno,2,VOLKSWAGEN,BLANCO,2,,27,MASCULINO,SIN DATOS,0,0,Morelia,Torreon Nuevo,noviembre,jueves,16,-101.20358663,19.7462449699991
31958,31963,2020,,2020/11/12,16:30:00,COLISIÓN POR CORTE DE CIRCULACIÓN,ASFALTO,Bueno,Bueno,2,VOLKSWAGEN TRANSPORTES CARGA,BLANCO,2,,27,MASCULINO,SIN DATOS,0,0,Morelia,Centro,noviembre,jueves,17,-101.18218963,19.7028850649992
31959,31964,2020,,2020/11/12,17:10:00,COLISIÓN POR CORTE DE CIRCULACIÓN,ASFALTO,Bueno,Bueno,2,ITALIKA FT125,BLANCO,3,MINISTERIO PÚBLICO,25,MASCULINO,SIN DATOS,1,0,Morelia,Mision de La Montaña,noviembre,jueves,17,-101.155892,19.660024
31962,31967,2020,,2020/11/12,18:00:00,COLISIÓN POR INVASIÓN DE CARRIL,ASFALTO,Bueno,Bueno,2,VOLKSWAGEN,GRIS,2,MINISTERIO PÚBLICO,27,MASCULINO,SIN DATOS,0,0,Morelia,Camelinas,noviembre,jueves,18,-101.17075869981,19.6837967780615
31963,31968,2020,,2020/11/12,22:00:00,COLISIÓN POR INVASIÓN DE CARRIL,ASFALTO,Bueno,Bueno,3,FORD,VERDE,3,,48,MASCULINO,SIN DATOS,0,0,Tangamandapio,Sin datos,noviembre,jueves,22,-102.384612299502,19.916811397678
31964,31969,2020,,2020/11/12,23:25:00,COLISIÓN POR CORTE DE CIRCULACIÓN,CONCRETO,Bueno,Bueno,2,NISSAN,ROJO,2,,22,MASCULINO,SIN DATOS,0,0,Morelia,San Isidro Itzicuaro Norte,noviembre,jueves,23,-101.265635265,19.7025637149992
31965,31970,2020,MOR200864997,2020/11/13,"00:00:00",SUBIDA AL CAMELLÓN,ASFALTO,Bueno,Bueno,1,CHEVROLET,PLATA,1,,36,MASCULINO,SIN DATOS,0,0,Morelia,Nueva Valladolid,noviembre,viernes,0,-101.207881942391,19.7010686448486
31966,31971,2020,,2020/11/13,"08:20:00",COLISIÓN POR ALCANCE,ASFALTO,Bueno,Bueno,3,MERCEDES BENZ,PLATA,3,,63,,SIN DATOS,0,0,Morelia,Fidel Velazquez,noviembre,viernes,8,-101.239934675395,19.7059952418429
31967,31972,2020,,2020/11/13,11:05:00,COLISIÓN POR INVASIÓN DE CARRIL,ASFALTO,Bueno,Bueno,2,TSURU,ROJO,2,,0,MASCULINO,SIN DATOS,0,0,Morelia,Sentimientos de La Nacion,noviembre,viernes,11,-101.234725185417,19.6858273953005
31968,31973,2020,LEG33859,2020/11/13,11:30:00,COLISIÓN POR MANIOBRA DE REVERSA,ASFALTO,Bueno,Bueno,2,AUDI,BLANCO Y NEGRO,2,,55,MASCULINO,SIN DATOS,0,0,Morelia,Articulo Constitucional,noviembre,viernes,12,-101.171860545874,19.7146868055662
31969,31974,2020,MOR200864053,2020/11/13,12:20:00,COLISIÓN POR CORTE DE CIRCULACIÓN,ASFALTO,Bueno,Bueno,2,NISSAN,BLANCO,2,,32,MASCULINO,SIN DATOS,0,0,Morelia,Jesus Romero Flores,noviembre,viernes,12,-101.180380436631,19.7315345009264
31970,31975,2020,,2020/11/13,13:00:00,COLISIÓN POR CAMBIO DE CARRIL,CONCRETO,Bueno,Bueno,2,KIA,GRIS,2,,0,FEMENINO,SIN DATOS,0,0,Morelia,Colinas del Sur,noviembre,viernes,13,-101.19820590004,19.6611097378752
31971,31976,2020,,2020/11/13,13:35:00,COLISIÓN POR CAMBIO DE CARRIL,ASFALTO,Bueno,Bueno,2,ITALIKA,GRIS,2,,31,MASCULINO,SIN DATOS,0,0,Morelia,Felicitas del Rio,noviembre,viernes,14,-101.196730323136,19.6901966414114
31972,31977,2020,MOR200874476,2020/11/13,14:00:00,COLISIÓN POR ALCANCE,ASFALTO,Bueno,Bueno,2,NISSAN,BLANCO/ROJO,2,,70,MASCULINO,SIN DATOS,0,0,Morelia,Industrial,noviembre,viernes,14,-101.188174274496,19.7118174096036
31973,31978,2020,LEG33858,2020/11/13,14:10:00,COLISIÓN POR CAMBIO DE CARRIL,ASFALTO,Bueno,Bueno,2,ITALIKA,NARNAJA Y NEGRO,2,MINISTERIO PÚBLICO,48,MASCULINO,SIN DATOS,1,0,Morelia,La Floresta,noviembre,viernes,14,-101.152270910411,19.6843741964026
31974,31979,2020,LEG33860,2020/11/13,14:17:00,COLISIÓN POR ALCANCE,SIN_DATOS,Bueno,Bueno,2,VOLVO,GRIS,2,,45,MASCULINO,SIN DATOS,0,0,Morelia,Jardines del Rincon,noviembre,viernes,14,-101.150357916273,19.6907519360734
31975,31980,2020,MOR200864623,2020/11/13,15:15:00,COLISIÓN POR CAMBIO DE CARRIL,ASFALTO,Bueno,Bueno,3,TOYOTA,ROJO,3,,0,MASCULINO,SIN DATOS,0,0,Morelia,San Pascual,noviembre,viernes,15,-101.266750395298,19.6954327208865
31976,31981,2020,MOR200864188,2020/11/13,15:45:00,COLISIÓN POR ALCANCE,ASFALTO,Bueno,Bueno,2,VOLKSWAGEN,AZUL,2,,17,FEMENINO,SIN DATOS,0,0,Morelia,Salvador Alcaraz Romero,noviembre,viernes,16,-101.166525632143,19.7180607864278
31977,31982,2020,LEG33846,2020/11/13,16:10:00,COLISIÓN POR CORTE DE CIRCULACIÓN,ASFALTO,Bueno,Bueno,1,NISSAN,ROJO,1,,48,MASCULINO,SIN DATOS,0,0,Morelia,Los Manantiales de Morelia,noviembre,viernes,16,-101.240233375944,19.6927399899673
31978,31983,2020,,2020/11/13,16:20:00,COLISIÓN POR CORTE DE CIRCULACIÓN,ASFALTO,Bueno,Bueno,2,NISSAN,GRIS,1,,40,MASCULINO,SIN DATOS,0,0,Morelia,Bello Horizonte,noviembre,viernes,16,-101.2359867,19.6808682
31979,31984,2020,MOR200864657,2020/11/13,16:40:00,COLISIÓN POR INVASIÓN DE CARRIL,ASFALTO,Bueno,Regular,3,HONDA,VERDE,3,,37,MASCULINO,SIN DATOS,0,0,Morelia,Fidel Velazquez,noviembre,viernes,17,-101.235684379935,19.7034632376346
31980,31985,2020,LEG33842,2020/11/13,17:20:00,COLISIÓN CONTRA OBJETO FIJO,ASFALTO,Bueno,Bueno,1,CHEVROLET,ROJO,1,,37,MASCULINO,SIN DATOS,0,0,Morelia,La Soledad,noviembre,viernes,17,-101.1832951077,19.7280440988818
31981,31986,2020,,2020/11/13,19:25:00,COLISIÓN CON PEATÓN,ASFALTO,Bueno,Bueno,1,CHEVROLET,PLATA,2,MINISTERIO PÚBLICO,50,MASCULINO,SIN DATOS,1,0,Pátzcuaro,El Calvario,noviembre,viernes,19,-101.618666215385,19.5132946015717
31982,31987,2020,MOR 200865130,2020/11/13,19:35:00,COLISIÓN POR INVASIÓN DE CARRIL,ASFALTO,Bueno,Bueno,2,VOLKSWAGEN,BLANCO,2,MINISTERIO PÚBLICO,33,MASCULINO,SIN DATOS,0,0,Morelia,Loma de Los Piñones,noviembre,viernes,20,-101.205660067499,19.6737912779767
31983,31988,2020,,2020/11/13,19:40:00,COLISIÓN POR INVASIÓN DE CARRIL,ASFALTO,Bueno,Bueno,2,VOLKSWAGEN,AZUL,0,MINISTERIO PÚBLICO,,,,0,0,Hidalgo,Sin datos,noviembre,viernes,20,-100.607038624585,19.6080731912119
31984,31989,2020,MOR200865239,2020/11/13,20:10:00,COLISIÓN POR CORTE DE CIRCULACIÓN,ASFALTO,Bueno,Bueno,2,ITALIKA,AZUL,2,,23,MASCULINO,SIN DATOS,0,0,Morelia,Obrera,noviembre,viernes,20,-101.180253177881,19.7132870087087
31985,31990,2020,,2020/11/13,23:55:00,COLISIÓN POR ALCANCE,ASFALTO,Bueno,Bueno,4,VOLKSWAGEN,ROJO,6,MINISTERIO PÚBLICO,,MASCULINO,SIN DATOS,3,0,Morelia,La Esperanza,noviembre,viernes,0,-101.252277195454,19.6981225943253
31987,31992,2020,,2020/11/14,"02:20:00",COLISIÓN CONTRA OBJETO FIJO,ASFALTO,Bueno,Bueno,1,CHEVROLET,VINO,1,,19,MASCULINO,ALIENTO ETÍLICO,0,0,Morelia,Loma Larga Etapa Ii,noviembre,sábado,2,-101.206636055,19.6550998249991
31988,31993,2020,MOR200866028,2020/11/14,"03:55:00",SUBIDA AL CAMELLÓN,CONCRETO,Bueno,Bueno,1,VOLKSWAGEN,PLATA,1,,30,MASCULINO,ALIENTO ETÍLICO,0,0,Morelia,Las Americas,noviembre,sábado,4,-101.159016757525,19.6879670637376
31989,31994,2020,MOR200866031,2020/11/14,"04:30:00",CAIDA DE MOTOCICLETA,ASFALTO,Bueno,Bueno,1,ITALIKA,ROJO/AMARILLO,1,,23,FEMENINO,SIN DATOS,0,0,Tarímbaro,Club Erandeni,noviembre,sábado,5,-101.181714311242,19.7592324463573
31990,31995,2020,,2020/11/14,11:00:00,COLISIÓN POR CORTE DE CIRCULACIÓN,ASFALTO,Bueno,Bueno,2,YAMAHA,BLANCO,2,,23,MASCULINO,SIN DATOS,0,0,Morelia,Isaac Arriaga,noviembre,sábado,11,-101.17139685899,19.7077277846472
31991,31996,2020,,2020/11/14,11:40:00,COLISIÓN POR ALCANCE,ASFALTO,Bueno,Bueno,2,VENTO,BLANCO,2,,38,MASCULINO,SIN DATOS,0,0,Morelia,Torreon Nuevo,noviembre,sábado,12,-101.20358663,19.7462449699991
31992,31997,2020,,2020/11/14,13:20:00,SALIDA DE SUPERFICIE DE RODAMIENTO,ASFALTO,Bueno,Bueno,1,CHEVROLET,BLANCO,1,,35,MASCULINO,SIN DATOS,0,0,Morelia,Quinceo,noviembre,sábado,13,-101.221239205,19.7285543549992
31993,31998,2020,,2020/11/14,14:25:00,COLISIÓN POR CORTE DE CIRCULACIÓN,ASFALTO,Bueno,Bueno,2,DODGE,ARENA,2,,36,MASCULINO,SIN DATOS,0,0,Tarímbaro,El Trebol,noviembre,sábado,14,-101.1561364308,19.7686442797103
31995,32000,2020,,2020/11/14,15:20:00,COLISIÓN POR ALCANCE,ASFALTO,Bueno,Bueno,4,VOLVO,ROJO,7,MINISTERIO PÚBLICO,29,MASCULINO,SIN DATOS,3,0,Morelia,Lomas del Pedregal,noviembre,sábado,15,-101.284884534717,19.6921578400803
31996,32001,2020,,2020/11/14,16:00:00,COLISIÓN CONTRA OBJETO FIJO,ASFALTO,Bueno,Bueno,1,NISSAN,BLANCO,1,,21,,SIN DATOS,0,0,Morelia,Cumbres de Morelia,noviembre,sábado,16,-101.139895677106,19.6896194784866
31997,32002,2020,,2020/11/14,16:00:00,COLISIÓN POR CORTE DE CIRCULACIÓN,ASFALTO,Bueno,Bueno,1,HONDA,ROJO,1,,17,MASCULINO,SIN DATOS,0,0,Morelia,Centro,noviembre,sábado,16,-101.18218963,19.7028850649992
31998,32003,2020,,2020/11/14,16:20:00,COLISIÓN POR NO RESPETAR SEMÁFORO,ASFALTO,Bueno,Bueno,2,HONDA,CHAMPAGNE,1,,67,MASCULINO,SIN DATOS,0,0,Morelia,Centro,noviembre,sábado,16,-101.18218963,19.7028850649992
31999,32004,2020,MOR200074980,2020/11/14,16:40:00,COLISIÓN POR CORTE DE CIRCULACIÓN,CONCRETO,Bueno,Bueno,1,CHEVFROLET,NEGRO,1,,30,MASCULINO,CON CERTIFICADO,0,0,Morelia,Articulo Constitucional,noviembre,sábado,17,-101.172246765224,19.7144412230034
32000,32005,2020,,2020/11/14,17:00:00,COLISIÓN POR CAMBIO DE CARRIL,ASFALTO,Bueno,Bueno,2,ITALIKA,ROJO,2,,40,MASCULINO,SIN DATOS,0,0,Tarímbaro,Sin datos,noviembre,sábado,17,-101.170911838859,19.7523940411859
32001,32006,2020,,2020/11/14,17:55:00,COLISIÓN POR CORTE DE CIRCULACIÓN,ASFALTO,Bueno,Bueno,2,FIAT UNO,GRIS,0,,,,,0,0,Morelia,Adolfo Lopez Mateos,noviembre,sábado,18,-101.223653566477,19.6936604782947
32002,32007,2020,,2020/11/14,18:30:00,COLISIÓN POR CAMBIO DE CARRIL,CONCRETO,Bueno,Regular,2,VOLKSWAGEN,BLANCO,2,MINISTERIO PÚBLICO,57,MASCULINO,SIN DATOS,0,0,Morelia,Juarez,noviembre,sábado,19,-101.197620875,19.6960646149991
32003,32008,2020,,2020/11/14,21:30:00,SALIDA DE SUPERFICIE DE RODAMIENTO,ASFALTO,Bueno,Bueno,1,JEEP,NEGRO,0,,,,,0,0,Morelia,Poblado de Ocolusen,noviembre,sábado,22,-101.155088675,19.6951327349991
32005,32010,2020,,2020/11/14,22:00:00,COLISIÓN POR ALCANCE,ASFALTO,Bueno,Bueno,1,VOLKSWAGEN,BLANCO,4,,,MASCULINO,SIN DATOS,2,0,Morelia,Nueva Chapultepec,noviembre,sábado,22,-101.170656534483,19.6877951794071