fid,id_accidente,anio_origen,folio_c5i,dia_incidente,hora_ocurrencia,tipo_incidente_vial,superficie_ocurrencia,condiciones_climaticas,condiciones_via,numero_vehiculos_involucrados,marca_vehiculo_ocasiona_siniestro,color_vehiculo_ocasiona_siniestro,numero_personas_involucradas,lugar_remite_presunto_responsable,edad_presunto_responsable,sexo_presunto_responsable,resultados_toxicologia,numero_personas_lesionadas,numero_personas_fallecidas,municipio,colonia,mes,dia_semana,hora_redondeada,lon,lat
32007,32012,2020,,2020/11/14,22:40:00,COLISIÓN POR INVASIÓN DE CARRIL,CONCRETO,Bueno,Bueno,2,HONDA,BLANCO,2,MINISTERIO PÚBLICO,23,MASCULINO,SIN DATOS,0,0,Morelia,San Jose Itzicuaro,noviembre,sábado,23,-101.302729512734,19.6877333647457
32008,32013,2020,MOR200778855,2020/11/14,23:17:00,COLISIÓN POR CAMBIO DE CARRIL,ASFALTO,Bueno,Bueno,2,FORD,NEGRO,2,,60,MASCULINO,ALIENTO ETÍLICO,0,0,Morelia,Paseo de Las Lomas,noviembre,sábado,23,-101.148935723665,19.6991751208894
32009,32014,2020,,2020/11/15,"00:30:00",COLISIÓN CONTRA OBJETO FIJO,ASFALTO,Bueno,Bueno,3,SATUR,GRIS,3,,26,MASCULINO,SIN DATOS,0,0,Morelia,Primo Tapia,noviembre,domingo,1,-101.212715520993,19.7126109857935
32010,32015,2020,,2020/11/15,"00:40:00",COLISIÓN POR CAMBIO DE CARRIL,ASFALTO,Bueno,Bueno,2,CHEVROLET,AZUL,2,,36,MASCULINO,SIN DATOS,0,0,Peribán,Sin datos,noviembre,domingo,1,-102.445854842663,19.5536506151415
32012,32017,2020,,2020/11/15,"03:50:00",COLISIÓN POR CORTE DE CIRCULACIÓN,ASFALTO,Bueno,Bueno,2,CHEVROLET,GRIS,2,,,MASCULINO,SIN DATOS,0,0,Morelia,Prados Verdes,noviembre,domingo,4,-101.199782310949,19.7166640281338
32013,32018,2020,,2020/11/15,"04:00:00",COLISIÓN CONTRA OBJETO FIJO,ASFALTO,Bueno,Bueno,1,LINCON,ROJO,1,,0,,SIN DATOS,0,0,Morelia,Vasco de Quiroga,noviembre,domingo,4,-101.172084441176,19.7019638559701
32014,32019,2020,,2020/11/15,"04:00:00",COLISIÓN CONTRA OBJETO FIJO,ASFALTO,Bueno,Bueno,1,VOLKSWAGEN,GRIS,1,,42,MASCULINO,SIN DATOS,0,0,Morelia,Los Angeles,noviembre,domingo,4,-101.167963479351,19.7444751194994
32015,32020,2020,,2020/11/15,"04:31:00",COLISIÓN POR NO RESPETAR SEMÁFORO,ASFALTO,Bueno,Bueno,2,RAM,Rojo,2,,0,,SIN DATOS,0,0,Morelia,Del Empleado,noviembre,domingo,5,-101.178121585234,19.6891958112743
32016,32021,2020,,2020/11/15,"05:00:00",COLISIÓN CONTRA OBJETO FIJO,ASFALTO,Bueno,Bueno,1,NISSAN QUEST,GRIS,1,,,,SIN DATOS,0,0,Morelia,Sin datos,noviembre,domingo,5,-101.339428231798,19.6856455632036
32019,32024,2020,,2020/11/15,"06:20:00",COLISIÓN CONTRA OBJETO FIJO,SIN_DATOS,Bueno,Bueno,2,SEAT,ROJO,2,,30,MASCULINO,SIN DATOS,0,0,Morelia,Ventura Puente,noviembre,domingo,6,-101.187182954235,19.6926426896116
32020,32025,2020,,2020/11/15,"06:30:00",COLISIÓN CONTRA OBJETO FIJO,ASFALTO,Bueno,Bueno,1,CHEVROLET,GRIS,1,,28,MASCULINO,SIN DATOS,0,0,Morelia,Cinco de Diciembre,noviembre,domingo,7,-101.162135523014,19.6868994682227
32021,32026,2020,,2020/11/15,"08:45:00",COLISIÓN CONTRA OBJETO FIJO,ASFALTO,Bueno,Bueno,1,FORD,PLATA,1,,30,MASCULINO,CON CERTIFICADO,0,0,Morelia,Bonanza,noviembre,domingo,9,-101.202721768484,19.6582844260427
32022,32027,2020,,2020/11/15,"09:30:00",COLISIÓN POR CORTE DE CIRCULACIÓN,ASFALTO,Bueno,Bueno,2,CHEVROLET,GRIS,2,,,MASCULINO,SIN DATOS,0,0,Morelia,Ignacio Lopez Rayon,noviembre,domingo,10,-101.251868024029,19.690731673268
32023,32028,2020,MOR 200869470,2020/11/15,"09:35:00",COLISIÓN POR ALCANCE,ASFALTO,Bueno,Bueno,3,GMC,BLANCO,3,,31,MASCULINO,SIN DATOS,0,0,Morelia,Ilustres Novohispanos,noviembre,domingo,10,-101.152,19.7108
32024,32029,2020,MOR200869456,2020/11/15,11:00:00,COLISIÓN POR INVASIÓN DE CARRIL,ASFALTO,Bueno,Bueno,3,NISSAN,ROJO,2,,40,FEMENINO,SIN DATOS,0,0,Tzitzio,Sin datos,noviembre,domingo,11,-100.919790261172,19.4796236752245
32025,32030,2020,,2020/11/15,11:30:00,COLISIÓN POR CORTE DE CIRCULACIÓN,ASFALTO,Bueno,Bueno,1,YAMAHA,"BLANCO, VERDE, NEGRO",4,MINISTERIO PÚBLICO,18,MASCULINO,SIN DATOS,3,0,Peribán,Sin datos,noviembre,domingo,12,-102.445604421866,19.5533760341058
32026,32031,2020,MOR200870239,2020/11/15,14:50:00,COLISIÓN CONTRA OBJETO FIJO,ASFALTO,Bueno,Bueno,1,CHRYSLER,ROJO,1,,33,MASCULINO,SIN DATOS,0,0,Morelia,Sin datos,noviembre,domingo,15,-101.179616085899,19.6474270653107
32027,32032,2020,MOR200870339,2020/11/15,14:52:00,COLISIÓN CONTRA OBJETO FIJO,TERRACERIA,Bueno,Bueno,1,CHEVROLET,BLANCO,1,,32,MASCULINO,SIN DATOS,0,0,Morelia,Los Manantiales de Morelia,noviembre,domingo,15,-101.235085,19.696481
32028,32033,2020,MOR200870454,2020/11/15,15:30:00,COLISIÓN POR ALCANCE,CONCRETO,Bueno,Bueno,2,CHEVROLET,ROJO,2,MINISTERIO PÚBLICO,26,MASCULINO,SIN DATOS,0,0,Morelia,Barrio Alto,noviembre,domingo,16,-101.195778138936,19.7246639879969
32029,32034,2020,,2020/11/15,15:30:00,COLISIÓN POR CORTE DE CIRCULACIÓN,ASFALTO,Bueno,Bueno,2,FORD,BEIGE,2,MINISTERIO PÚBLICO,,,SIN DATOS,0,0,Lázaro Cárdenas,Jose Green,noviembre,domingo,16,-102.20112274655,17.9652196178719
32030,32035,2020,MOR200870774,2020/11/15,18:00:00,VOLCADURA,ASFALTO,Bueno,Bueno,1,FORD,AZUL MARINO,1,MINISTERIO PÚBLICO,,,,1,0,Tarímbaro,Sin datos,noviembre,domingo,18,-101.162257506087,19.7647864070961
32031,32036,2020,,2020/11/15,18:30:00,COLISIÓN POR CAMBIO DE CARRIL,ASFALTO,Bueno,Bueno,2,VOLKSWAGEN,BLANCO,2,,23,FEMENINO,SIN DATOS,0,0,Morelia,Elias Perez Avalos,noviembre,domingo,19,-101.170021647749,19.7137074511783
32032,32037,2020,MOR200871119,2020/11/15,20:00:00,COLISIÓN POR ALCANCE,ASFALTO,Bueno,Bueno,2,MERCEDEZ BENZ,VERDE,2,MINISTERIO PÚBLICO,22,MASCULINO,SIN DATOS,0,0,Morelia,Isaac Arriaga,noviembre,domingo,20,-101.173300556839,19.7069102818182
32033,32038,2020,,2020/11/15,22:48:00,COLISIÓN CONTRA OBJETO FIJO,ASFALTO,Bueno,Bueno,2,NISSAN,ROJO,1,,21,MASCULINO,SIN DATOS,0,0,Morelia,3 de Agosto,noviembre,domingo,23,-101.170035806335,19.7307669082353
32036,32041,2020,,2020/11/16,"03:40:00",SALIDA DE SUPERFICIE DE RODAMIENTO,ASFALTO,Bueno,Bueno,1,MERCURY,VERDE,2,,26,,SIN DATOS,0,1,Coeneo,Sin datos,noviembre,lunes,4,-101.541020714425,19.8550715413184
32037,32042,2020,,2020/11/16,14:50:00,COLISIÓN CONTRA OBJETO FIJO,ASFALTO,Bueno,Bueno,1,DODGE/DAKOTA,PLATA,0,,,,,0,0,Charo,La Goleta,noviembre,lunes,15,-101.083719804883,19.7368938029018
32038,32043,2020,,2020/11/16,15:37:00,COLISIÓN POR ALCANCE,ASFALTO,Bueno,Bueno,2,CHEVROLET,ARENA,2,,27,MASCULINO,SIN DATOS,0,0,Morelia,Jardines del Rincon,noviembre,lunes,16,-101.149283382681,19.68870732649
32039,32044,2020,,2020/11/16,16:55:00,SALIDA DE SUPERFICIE DE RODAMIENTO,ASFALTO,Bueno,Bueno,1,CHEVROLET,GRIS,2,MINISTERIO PÚBLICO,24,MASCULINO,SIN DATOS,0,1,Coeneo,Sin datos,noviembre,lunes,17,-101.565547809005,19.8624151099184
32040,32045,2020,,2020/11/16,18:10:00,COLISIÓN POR INVASIÓN DE CARRIL,ASFALTO,Bueno,Bueno,2,FORD,CAFE,2,,,MASCULINO,SIN DATOS,0,0,Tarímbaro,Sin datos,noviembre,lunes,18,-101.124667,19.769498
32042,32047,2020,,2020/11/16,21:30:00,COLISIÓN POR MANIOBRA DE REVERSA,CONCRETO,Bueno,Bueno,2,MAZDA/3,GRIS,2,,30,FEMENINO,SIN DATOS,0,0,Morelia,Vicente Lombardo Toledano (Ejidal Isacc Arriaga) (Etnias de Mexico),noviembre,lunes,22,-101.148963285,19.7114250249991
32043,32048,2020,MOR200871486,2020/11/16,22:35:00,COLISIÓN CONTRA OBJETO FIJO,CONCRETO,Bueno,Bueno,1,FORD,NEGRO,1,,43,MASCULINO,SIN DATOS,0,0,Morelia,Tinijaro,noviembre,lunes,23,-101.26316,19.6963297049991
32046,32051,2020,MOR 200874303,2020/11/17,"08:20:00",COLISIÓN CONTRA OBJETO FIJO,CONCRETO,Bueno,Bueno,2,VOLKSWAGEN,BLANCO,2,,52,FEMENINO,SIN DATOS,0,0,Morelia,Lomas de Morelia (Dr Ignacio Chavez),noviembre,martes,8,-101.176099865,19.7164777599992
32047,32052,2020,,2020/11/17,"09:00:00",CAIDA DE MOTOCICLETA,ASFALTO,Bueno,Bueno,1,ITALIKA,BLANCO Y ROJO,1,,24,FEMENINO,SIN DATOS,0,0,Morelia,Poblado de Ocolusen,noviembre,martes,9,-101.150127649172,19.6944699261717
32048,32053,2020,MOR200874324,2020/11/17,"09:00:00",COLISIÓN POR ALCANCE,ASFALTO,Bueno,Bueno,2,NISSAN,ROJO,2,,30,MASCULINO,SIN DATOS,0,0,Morelia,Lomas de Santiaguito,noviembre,martes,9,-101.179519891941,19.7229539949395
32050,32055,2020,"200874476",2020/11/17,"09:40:00",COLISIÓN POR ALCANCE,ASFALTO,Bueno,Bueno,2,VOLKSWAGEN,GRIS,1,,38,MASCULINO,SIN DATOS,0,0,Morelia,Santiaguito,noviembre,martes,10,-101.191834108722,19.7181820570845
32051,32056,2020,MOR200874548,2020/11/17,10:50:00,COLISIÓN POR CORTE DE CIRCULACIÓN,ASFALTO,Bueno,Bueno,2,NISSAN,GRIS,2,MINISTERIO PÚBLICO,45,MASCULINO,SIN DATOS,0,0,Morelia,Centro,noviembre,martes,11,-101.198428565665,19.7035391005434
32052,32057,2020,,2020/11/17,11:30:00,COLISIÓN CON PEATÓN,ASFALTO,Bueno,Bueno,1,ITAL8KA,GRAFITO,2,,39,MASCULINO,SIN DATOS,1,0,Morelia,Carlos Salazar,noviembre,martes,12,-101.209658559066,19.7124165765648
32053,32058,2020,,2020/11/17,14:40:00,COLISIÓN CONTRA OBJETO FIJO,ASFALTO,Bueno,Bueno,1,ITALIKA,ROJO,1,,0,,SIN DATOS,0,0,Morelia,Santa Cecilia,noviembre,martes,15,-101.18781568,19.6670595149991
32054,32059,2020,,2020/11/17,16:30:00,COLISIÓN POR CORTE DE CIRCULACIÓN,CONCRETO,Bueno,Regular,2,FREIGHTLINER,ROJO,1,,36,MASCULINO,SIN DATOS,0,0,Morelia,Chapultepec Sur,noviembre,martes,17,-101.16573325,19.6894483899991
32058,32063,2020,,2020/11/18,"08:01:00",SUBIDA AL CAMELLÓN,ASFALTO,Bueno,Bueno,1,CHEVROLET,BLANCO,0,,,,,0,0,Morelia,Los Laureles,noviembre,miércoles,8,-101.232922377234,19.7146136650311
32059,32064,2020,,2020/11/18,"08:50:00",COLISIÓN POR CORTE DE CIRCULACIÓN,ASFALTO,Bueno,Bueno,2,DODGE,AZUL Y VERDE,2,,32,MASCULINO,SIN DATOS,0,0,Morelia,Santillan La Huerta,noviembre,miércoles,9,-101.219553885717,19.6760966650679
32060,32065,2020,,2020/11/18,"09:17:00",COLISIÓN CON PEATÓN,ASFALTO,Bueno,Bueno,1,GENERAL MOTORS,PLATINO,0,,,,,0,0,Charo,De Santiago,noviembre,miércoles,9,-101.044372,19.745476
32061,32066,2020,,2020/11/18,12:15:00,COLISIÓN POR CAMBIO DE CARRIL,ASFALTO,Bueno,Bueno,2,FREIGHTLINER,BLANCO,2,,40,MASCULINO,SIN DATOS,0,0,Tarímbaro,Centro,noviembre,miércoles,12,-101.176869,19.792979
32062,32067,2020,,2020/11/18,12:15:00,COLISIÓN POR CORTE DE CIRCULACIÓN,ASFALTO,Bueno,Bueno,2,CHEVROLET,AZUL MARINO,3,MINISTERIO PÚBLICO,39,MASCULINO,SIN DATOS,1,0,Pátzcuaro,Centro,noviembre,miércoles,12,-101.607239700176,19.5237004632296
32063,32068,2020,,2020/11/18,12:40:00,COLISIÓN POR ALCANCE,ASFALTO,Bueno,Bueno,2,NISSAN,BLANCO,2,,,MASCULINO,SIN DATOS,0,0,Morelia,Campestre Los Manantiales,noviembre,miércoles,13,-101.238338911256,19.6882337759356
32064,32069,2020,,2020/11/18,13:00:00,COLISIÓN POR ALCANCE,CONCRETO,Bueno,Bueno,2,VOLKSWAGEN,BLANCO,2,,23,MASCULINO,SIN DATOS,0,0,Morelia,Santa Fe,noviembre,miércoles,13,-101.171280705,19.7405857699991
32065,32070,2020,,2020/11/18,13:20:00,COLISIÓN POR CAMBIO DE CARRIL,ASFALTO,Bueno,Bueno,2,FIAT,BLANCO,2,,42,MASCULINO,SIN DATOS,0,0,Morelia,Dr Miguel Silva,noviembre,miércoles,13,-101.185227946917,19.717204814836
32067,32072,2020,MOR200877616,2020/11/18,15:20:00,COLISIÓN POR INVASIÓN DE CARRIL,ASFALTO,Bueno,Bueno,2,KENWORTH,ROJO,2,,35,MASCULINO,SIN DATOS,0,0,Morelia,Lomas del Tecnologico,noviembre,miércoles,15,-101.190330572426,19.722058972024
32069,32074,2020,,2020/11/18,18:19:00,COLISIÓN POR CORTE DE CIRCULACIÓN,ASFALTO,Bueno,Bueno,2,CHEVROLET,ARENA,2,,23,MASCULINO,SIN DATOS,0,0,Morelia,Ciudad Industrial,noviembre,miércoles,18,-101.141318932854,19.7264478000626
32070,32075,2020,,2020/11/18,19:00:00,COLISIÓN POR CORTE DE CIRCULACIÓN,ASFALTO,Bueno,Bueno,3,VW,GRIS,4,MINISTERIO PÚBLICO,22,MASCULINO,SIN DATOS,1,0,Peribán,Sin datos,noviembre,miércoles,19,-102.44531401179,19.5530585132992
32071,32076,2020,,2020/11/18,19:40:00,COLISIÓN POR CORTE DE CIRCULACIÓN,ASFALTO,Bueno,Bueno,2,CHRYSLER,BLANCO,2,,,MASCULINO,SIN DATOS,0,0,Morelia,La Esperanza,noviembre,miércoles,20,-101.254319027066,19.6977400758155
32072,32077,2020,,2020/11/18,20:45:00,COLISIÓN CONTRA OBJETO FIJO,ASFALTO,Bueno,Bueno,1,BMW,PLATA,1,,25,FEMENINO,SIN DATOS,0,0,Morelia,Las Americas,noviembre,miércoles,21,-101.159016788006,19.6879670924364
32073,32078,2020,,2020/11/18,20:50:00,COLISIÓN CONTRA OBJETO FIJO,ASFALTO,Bueno,Bueno,1,NISSAN,BLANCO,1,,29,MASCULINO,SIN DATOS,0,0,Tarímbaro,Sin datos,noviembre,miércoles,21,-101.15679860115,19.7743316870591
32074,32079,2020,,2020/11/18,21:36:00,COLISIÓN POR CAMBIO DE CARRIL,ASFALTO,Bueno,Bueno,2,CHEVROLET,BLANCO,2,,22,MASCULINO,SIN DATOS,0,0,Morelia,Eucaliptos (Gigantes de Michoacan),noviembre,miércoles,22,-101.151331558145,19.6978319606893
32075,32080,2020,MOR 200881334,2020/11/19,"00:30:00",COLISIÓN CONTRA OBJETO FIJO,CONCRETO,Bueno,Regular,1,NISSAN,BLANCO,1,,16,MASCULINO,SIN DATOS,0,0,Morelia,Tinijaro,noviembre,jueves,1,-101.259335794233,19.6961523416481
32076,32081,2020,MOR 200879132,2020/11/19,"09:30:00",COLISIÓN POR CAMBIO DE CARRIL,ASFALTO,Bueno,Bueno,2,ITALIKA,VERDE,2,,25,MASCULINO,SIN DATOS,0,0,Morelia,Poblado de Ocolusen,noviembre,jueves,10,-101.149481565438,19.6946803827311
32077,32082,2020,LEG33996,2020/11/19,10:10:00,COLISIÓN POR CORTE DE CIRCULACIÓN,CONCRETO,Bueno,Bueno,2,FORD,BLANCO,3,MINISTERIO PÚBLICO,,,SIN DATOS,1,0,Morelia,Gertrudis Sanchez,noviembre,jueves,10,-101.199915446341,19.7405340312742
32078,32083,2020,,2020/11/19,12:00:00,COLISIÓN POR CORTE DE CIRCULACIÓN,ASFALTO,Bueno,Bueno,2,ITALIKA,NEGRO/ROJO,3,MINISTERIO PÚBLICO,0,FEMENINO,SIN DATOS,1,0,Pátzcuaro,Juventino Rosas,noviembre,jueves,12,-101.613307588481,19.5069010905182
32079,32084,2020,"200879595",2020/11/19,12:25:00,COLISIÓN POR CORTE DE CIRCULACIÓN,ASFALTO,Bueno,Bueno,2,NISSAN,BLANCO,2,,32,MASCULINO,SIN DATOS,0,0,Morelia,Eduardo Ruiz,noviembre,jueves,12,-101.222916394472,19.720021386935
32080,32085,2020,,2020/11/19,12:30:00,COLISIÓN POR CORTE DE CIRCULACIÓN,ASFALTO,Bueno,Regular,1,Hyundai,Blanco,1,,40,MASCULINO,SIN DATOS,0,0,Morelia,Alberto Oviedo Mota,noviembre,jueves,13,-101.197446485449,19.6811085574398
32081,32086,2020,,2020/11/19,12:39:00,COLISIÓN CON PEATÓN,SIN_DATOS,Bueno,Bueno,3,NISSAN,ROJO,3,MINISTERIO PÚBLICO,64,MASCULINO,SIN DATOS,0,0,Morelia,Santa Maria,noviembre,jueves,13,-101.201940178871,19.6776939665449
32082,32087,2020,MOR200879696,2020/11/19,12:40:00,COLISIÓN POR CAMBIO DE CARRIL,ASFALTO,Bueno,Bueno,2,DINA,AMARILLO,2,,52,MASCULINO,SIN DATOS,0,0,Morelia,Sentimientos de La Nacion,noviembre,jueves,13,-101.235356144607,19.6809449768796
32083,32088,2020,,2020/11/19,12:40:00,COLISIÓN CONTRA OBJETO FIJO,ASFALTO,Bueno,Bueno,1,FORD,ROJO,2,MINISTERIO PÚBLICO,,,,2,0,Los Reyes,Sin datos,noviembre,jueves,13,-102.329277992249,19.5965053725048
32084,32089,2020,,2020/11/19,13:20:00,COLISIÓN POR ALCANCE,ASFALTO,Bueno,Bueno,3,TOYOTA,BLANCO,3,,26,MASCULINO,SIN DATOS,0,0,Morelia,Alberto Oviedo Mota,noviembre,jueves,13,-101.201971390032,19.6775926279126
32085,32090,2020,,2020/11/19,13:50:00,COLISIÓN CONTRA OBJETO FIJO,CONCRETO,Bueno,Bueno,1,IZUSU,ROJO,1,,50,MASCULINO,SIN DATOS,0,0,Morelia,Chapultepec Norte,noviembre,jueves,14,-101.172721910611,19.6967988059776
32086,32091,2020,MOR200880237,2020/11/19,15:00:00,COLISIÓN POR ALCANCE,ASFALTO,Bueno,Bueno,2,SEAT,NEGRO,2,,37,MASCULINO,SIN DATOS,0,0,Morelia,Justo Mendoza,noviembre,jueves,15,-101.232194490731,19.7131197840187
32087,32092,2020,,2020/11/19,15:35:00,COLISIÓN POR ALCANCE,ASFALTO,Bueno,Bueno,2,FORD,BLANCO,2,,66,MASCULINO,SIN DATOS,0,0,Morelia,El Lago 2,noviembre,jueves,16,-101.215747886084,19.7268116869026
32088,32093,2020,MOR200880457,2020/11/19,16:45:00,COLISIÓN POR CORTE DE CIRCULACIÓN,ASFALTO,Bueno,Bueno,2,TOYOTA,GRIS/BLANCO,2,,25,MASCULINO,SIN DATOS,0,0,Morelia,Ignaci0 Ramirez,noviembre,jueves,17,-101.223850138485,19.7251374505458
32089,32094,2020,,2020/11/19,17:50:00,COLISIÓN POR ALCANCE,ASFALTO,Bueno,Regular,2,DODGE,ROJO,2,,48,,SIN DATOS,0,0,Morelia,Sentimientos de La Nacion,noviembre,jueves,18,-101.234848871827,19.6857759967425
32090,32095,2020,MOR200880736,2020/11/19,19:10:00,COLISIÓN POR CORTE DE CIRCULACIÓN,ASFALTO,Bueno,Bueno,2,HONDA,GRIS PLATA,2,,39,MASCULINO,SIN DATOS,0,0,Morelia,Industrial,noviembre,jueves,19,-101.197548031129,19.7118241024314
32091,32096,2020,,2020/11/19,20:00:00,COLISIÓN POR CORTE DE CIRCULACIÓN,ASFALTO,Bueno,Bueno,2,DODGE,BLANCO,0,MINISTERIO PÚBLICO,,,,0,0,Lázaro Cárdenas,Bassols,noviembre,jueves,20,-102.229761606588,17.9741069703327
32092,32097,2020,MOR200874620,2020/11/19,21:30:00,CAIDA DE MOTOCICLETA,ASFALTO,Bueno,Bueno,1,ITALIKA,NEGRO/ROJO,2,,66,,SIN DATOS,1,0,Morelia,Industrial,noviembre,jueves,22,-101.197890896694,19.7068351884224
32093,32098,2020,,2020/11/19,21:45:00,COLISIÓN CONTRA OBJETO FIJO,ASFALTO,Bueno,Bueno,1,INTERNACIONAL,BLANCO,1,,36,MASCULINO,SIN DATOS,0,0,Morelia,Xangari,noviembre,jueves,22,-101.220694153823,19.674113640397
32094,32099,2020,LEG33995,2020/11/19,22:20:00,COLISIÓN POR CORTE DE CIRCULACIÓN,ASFALTO,Bueno,Bueno,2,VW,ROJO,0,MINISTERIO PÚBLICO,,,,0,0,Morelia,Los Pinos de Michoacan,noviembre,jueves,22,-101.216363056816,19.6832022030749
32095,32100,2020,,2020/11/19,22:30:00,COLISIÓN POR ALCANCE,CONCRETO,Bueno,Bueno,2,MAZDA,GRIS,1,,53,MASCULINO,SIN DATOS,0,0,Morelia,Cinco de Diciembre,noviembre,jueves,23,-101.165596185758,19.6843973273493
32096,32101,2020,,2020/11/19,22:40:00,COLISIÓN POR CORTE DE CIRCULACIÓN,ASFALTO,Bueno,Bueno,2,ITALIKA,NEGRO,2,,,MASCULINO,SIN DATOS,0,0,Morelia,Arboledas de Valladolid,noviembre,jueves,23,-101.250449940562,19.6921660777775
32097,32102,2020,LEG33987,2020/11/20,"00:00:00",COLISIÓN POR CORTE DE CIRCULACIÓN,SIN_DATOS,Bueno,Bueno,2,HONDA,ARENA,2,,59,MASCULINO,SIN DATOS,0,0,Morelia,Isaac Arriaga,noviembre,viernes,0,-101.175220347941,19.7060349551937
32098,32103,2020,,2020/11/20,"07:00:00",COLISIÓN POR INVASIÓN DE CARRIL,ASFALTO,Bueno,Bueno,2,NISSAN,ROJO,0,,,,,0,0,Gabriel Zamora,Sin datos,noviembre,viernes,7,-102.060153491127,19.1907909047291
32099,32104,2020,,2020/11/20,"08:15:00",COLISIÓN POR MANIOBRA DE REVERSA,ASFALTO,Bueno,Bueno,1,Nissan,Plata,2,,74,MASCULINO,SIN DATOS,1,0,Morelia,La Luz,noviembre,viernes,8,-101.299782134593,19.6873382065613
32100,32105,2020,MOR200879320,2020/11/20,10:00:00,COLISIÓN CONTRA OBJETO FIJO,CONCRETO,Bueno,Bueno,3,VOLKSWAGEN,BLANCO,3,MINISTERIO PÚBLICO,0,MASCULINO,SIN DATOS,0,0,Morelia,Santa Maria de Guido,noviembre,viernes,10,-101.190530396998,19.6743923777571
32101,32106,2020,,2020/11/20,10:53:00,COLISIÓN POR ALCANCE,ASFALTO,Bueno,Bueno,3,Ford,Plata,3,,48,MASCULINO,SIN DATOS,0,0,Morelia,Sentimientos de La Nacion,noviembre,viernes,11,-101.235355169259,19.6809434271287
32102,32107,2020,,2020/11/20,13:40:00,COLISIÓN POR CORTE DE CIRCULACIÓN,ASFALTO,Bueno,Bueno,2,Nissan,Gris,2,,30,MASCULINO,SIN DATOS,0,0,Morelia,Centro,noviembre,viernes,14,-101.188439279795,19.7107032415867
32103,32108,2020,LEG33992,2020/11/20,14:30:00,COLISIÓN POR CAMBIO DE CARRIL,ASFALTO,Bueno,Bueno,2,NISSAN,GRIS,2,,23,MASCULINO,SIN DATOS,0,0,Morelia,Felix Ireta,noviembre,viernes,15,-101.190872683443,19.6850624995143
32104,32109,2020,,2020/11/20,14:40:00,COLISIÓN POR MANIOBRA DE REVERSA,ASFALTO,Bueno,Bueno,2,Chevrolet,Blanco,2,MINISTERIO PÚBLICO,39,FEMENINO,SIN DATOS,0,0,Morelia,Las Americas,noviembre,viernes,15,-101.151961237192,19.6887812770102
32105,32110,2020,,2020/11/20,15:30:00,COLISIÓN POR CORTE DE CIRCULACIÓN,ASFALTO,Bueno,Bueno,2,HONDA CITY,BLANCO,2,,0,,SIN DATOS,0,0,Morelia,Del Empleado,noviembre,viernes,16,-101.177410402082,19.6908154432954
32106,32111,2020,MOR200123458,2020/11/20,15:54:00,COLISIÓN POR ALCANCE,CONCRETO,Bueno,Bueno,3,RENAULT,GRIS,3,,41,MASCULINO,SIN DATOS,0,0,Morelia,Fuentes de Morelia,noviembre,viernes,16,-101.204929470338,19.6736113551372
32107,32112,2020,,2020/11/20,16:00:00,COLISIÓN CONTRA OBJETO FIJO,ASFALTO,Bueno,Bueno,1,VOLKSWAGEN,AMARILLO,1,MINISTERIO PÚBLICO,28,MASCULINO,SIN DATOS,0,0,Tarímbaro,Sin datos,noviembre,viernes,16,-101.19592666626,19.7594484737983
32108,32113,2020,LEG34012,2020/11/20,17:00:00,COLISIÓN POR ALCANCE,ASFALTO,Bueno,Bueno,2,NISSAN,BLANCO,2,,29,MASCULINO,SIN DATOS,0,0,Morelia,Eduardo Ruiz,noviembre,viernes,17,-101.224066025831,19.7248937187817
32109,32114,2020,,2020/11/20,17:40:00,COLISIÓN POR ALCANCE,ASFALTO,Bueno,Bueno,2,FORD,ROJO,2,,27,MASCULINO,SIN DATOS,0,0,Morelia,Sin datos,noviembre,viernes,18,-101.286638274111,19.689707693542
32110,32115,2020,MOR200880510,2020/11/20,17:50:00,CAIDA DE MOTOCICLETA,CONCRETO,Bueno,Bueno,1,YAMAHA,BLANCO,1,,23,MASCULINO,SIN DATOS,0,0,Morelia,Montaña Monarca,noviembre,viernes,18,-101.161323487759,19.6724553841738
32111,32116,2020,,2020/11/20,19:00:00,COLISIÓN CON PEATÓN,ASFALTO,Bueno,Bueno,1,MERCEDES BENZ,BLANCO Y VERDE,2,,44,MASCULINO,SIN DATOS,1,0,Morelia,Vicente Guerrero,noviembre,viernes,19,-101.229011714458,19.7036696411363
32112,32117,2020,,2020/11/20,20:15:00,CAIDA DE MOTOCICLETA,CONCRETO,Bueno,Bueno,1,APRISSA MTX50,ROJO,2,,58,MASCULINO,SIN DATOS,1,0,Morelia,Plan de La Garita,noviembre,viernes,20,-101.18669718504,19.7113468415728
32113,32118,2020,LEG33993,2020/11/20,20:30:00,COLISIÓN POR ALCANCE,ASFALTO,Bueno,Bueno,2,JEPP,VERDE,2,,30,MASCULINO,SIN DATOS,0,0,Morelia,Ignacio Zaragoza,noviembre,viernes,21,-101.202932626687,19.7252235240606
32114,32119,2020,,2020/11/20,21:00:00,COLISIÓN POR INVASIÓN DE CARRIL,ASFALTO,Bueno,Bueno,2,VOLKSWAGEN,BLANCO,2,,35,MASCULINO,SIN DATOS,0,0,Morelia,Centro,noviembre,viernes,21,-101.191568076611,19.7030726685619
32115,32120,2020,,2020/11/20,22:00:00,COLISIÓN POR CORTE DE CIRCULACIÓN,ASFALTO,Bueno,Bueno,1,FORD,BLANCO,1,,28,MASCULINO,SIN DATOS,0,0,Morelia,Ciudad Industrial,noviembre,viernes,22,-101.142962090671,19.7252643802783