fid,id_accidente,anio_origen,folio_c5i,dia_incidente,hora_ocurrencia,tipo_incidente_vial,superficie_ocurrencia,condiciones_climaticas,condiciones_via,numero_vehiculos_involucrados,marca_vehiculo_ocasiona_siniestro,color_vehiculo_ocasiona_siniestro,numero_personas_involucradas,lugar_remite_presunto_responsable,edad_presunto_responsable,sexo_presunto_responsable,resultados_toxicologia,numero_personas_lesionadas,numero_personas_fallecidas,municipio,colonia,mes,dia_semana,hora_redondeada,lon,lat
32116,32121,2020,,2020/11/20,23:10:00,VOLCADURA,ASFALTO,Bueno,Bueno,1,VOLKSWAGEN GOLF,GRIS,1,,43,MASCULINO,CON CERTIFICADO,0,0,Morelia,Vista Bella,noviembre,viernes,23,-101.197581440283,19.6803191502054
32117,32122,2020,MOR200884950,2020/11/21,"00:00:00",COLISIÓN POR CORTE DE CIRCULACIÓN,ASFALTO,Bueno,Regular,3,DODGE,GRIS,3,MINISTERIO PÚBLICO,55,MASCULINO,SIN DATOS,0,0,Morelia,Juarez,noviembre,sábado,0,-101.200184307314,19.6962347289357
32118,32123,2020,,2020/11/21,"01:52:00",COLISIÓN CONTRA OBJETO FIJO,CONCRETO,Bueno,Bueno,1,FORD,BLANCO,1,,33,MASCULINO,SIN DATOS,0,0,Morelia,Felicitas del Rio,noviembre,sábado,2,-101.19795575738,19.6927163149468
32119,32124,2020,,2020/11/21,"03:10:00",COLISIÓN CONTRA OBJETO FIJO,ASFALTO,Bueno,Bueno,1,JEEP/LIBERTY,PLATA,1,,34,MASCULINO,ALIENTO ETÍLICO,0,0,Morelia,Barrio Alto,noviembre,sábado,3,-101.196617639877,19.7248028823426
32120,32125,2020,,2020/11/21,10:00:00,COLISIÓN POR CAMBIO DE CARRIL,ASFALTO,Bueno,Bueno,2,NISSAN,AZUL,2,MINISTERIO PÚBLICO,47,MASCULINO,SIN DATOS,0,0,Morelia,Vasco de Quiroga,noviembre,sábado,10,-101.175763099039,19.7004403843647
32121,32126,2020,MOR200884448,2020/11/21,10:40:00,COLISIÓN POR CORTE DE CIRCULACIÓN,ASFALTO,Bueno,Bueno,2,ITALIKA,NEGRO Y ROJO,2,,23,MASCULINO,SIN DATOS,0,0,Tarímbaro,Sin datos,noviembre,sábado,11,-101.135881759905,19.7748743846355
32122,32127,2020,LEG34032,2020/11/21,12:00:00,COLISIÓN POR ALCANCE,ASFALTO,Bueno,Bueno,4,FORD,GUINDA,4,,45,MASCULINO,SIN DATOS,0,0,Morelia,La Soledad,noviembre,sábado,12,-101.183771260751,19.7264342292451
32123,32128,2020,MOR200884803,2020/11/21,12:15:00,COLISIÓN POR INVASIÓN DE CARRIL,ASFALTO,Bueno,Bueno,2,FREIGHTLINER,BLANCO,2,,,MASCULINO,SIN DATOS,0,0,Morelia,Mariano Michelena,noviembre,sábado,12,-101.230040646411,19.6769265350358
32124,32129,2020,,2020/11/21,15:10:00,COLISIÓN POR CORTE DE CIRCULACIÓN,CONCRETO,Bueno,Bueno,2,HONDA,GRIS,2,,20,MASCULINO,SIN DATOS,0,0,Morelia,Isaac Arriaga,noviembre,sábado,15,-101.173302934242,19.7069084166797
32125,32130,2020,MOR200885752,2020/11/21,18:20:00,COLISIÓN CONTRA OBJETO FIJO,ASFALTO,Bueno,Bueno,3,ISUZU,BLANCO,2,,33,MASCULINO,SIN DATOS,0,0,Morelia,Solidaridad,noviembre,sábado,18,-101.20462098582,19.7297344287631
32126,32131,2020,MOR 200885791,2020/11/21,18:40:00,VOLCADURA,ASFALTO,Bueno,Regular,1,VOLKSWAGEN,GRIS,0,,,,,0,0,Morelia,Sin datos,noviembre,sábado,19,-101.282010457732,19.594722325476
32127,32132,2020,,2020/11/21,20:20:00,COLISIÓN POR ALCANCE,ASFALTO,Bueno,Bueno,2,CHEVROLET,AZUL,2,,27,MASCULINO,SIN DATOS,0,0,Morelia,La Colina,noviembre,sábado,20,-101.216139122844,19.7038832755096
32128,32133,2020,MOR200886160,2020/11/21,20:30:00,COLISIÓN POR CORTE DE CIRCULACIÓN,ASFALTO,Bueno,Bueno,2,SEAT,ROJO,1,MINISTERIO PÚBLICO,29,MASCULINO,SIN DATOS,0,0,Morelia,Independencia,noviembre,sábado,21,-101.176180548288,19.7133211250386
32129,32134,2020,LEG34033,2020/11/21,22:00:00,CAIDA ACUATICA DE VEHÍCULO,ASFALTO,Bueno,Regular,1,CHEVROLET,ROJO,1,,,,SIN DATOS,0,0,Morelia,3 de Agosto,noviembre,sábado,22,-101.171787150893,19.7310690697998
32130,32135,2020,,2020/11/21,23:00:00,COLISIÓN POR CAMBIO DE CARRIL,ASFALTO,Bueno,Bueno,2,Datsun,Gris,2,,26,MASCULINO,CON CERTIFICADO,0,0,Morelia,Barrio Alto,noviembre,sábado,23,-101.196830723101,19.7248273559643
32131,32136,2020,MOR200886483,2020/11/21,23:20:00,VOLCADURA,ASFALTO,Bueno,Bueno,1,CHEVROLET,GRIS,1,,,,SIN DATOS,0,0,Morelia,La Hacienda,noviembre,sábado,23,-101.314941979945,19.6868795837983
32132,32137,2020,,2020/11/21,23:30:00,VOLCADURA,ASFALTO,Bueno,Bueno,1,NISSAN,ROJO,1,MINISTERIO PÚBLICO,19,MASCULINO,SIN DATOS,0,0,Tacámbaro,Sin datos,noviembre,sábado,0,-101.454984166406,19.1665648922601
32133,32138,2020,LEG34028,2020/11/22,"00:00:00",COLISIÓN POR CAMBIO DE CARRIL,ASFALTO,Bueno,Bueno,2,CHEVROLET,BLANCO,2,,23,MASCULINO,SIN DATOS,0,0,Morelia,Centro,noviembre,domingo,0,-101.196916431867,19.703038951771
32134,32139,2020,LEG34035,2020/11/22,"00:00:00",SALIDA DE SUPERFICIE DE RODAMIENTO,CONCRETO,Bueno,Bueno,1,FORD,ROJO,1,,25,MASCULINO,SIN DATOS,0,0,Morelia,Sentimientos de La Nacion,noviembre,domingo,0,-101.235356144607,19.6809424513582
32135,32140,2020,,2020/11/22,"00:00:00",COLISIÓN POR CORTE DE CIRCULACIÓN,ASFALTO,Bueno,Bueno,2,ITALIKA,NEGRO CON AMARILLO,0,MINISTERIO PÚBLICO,,,,0,0,Gabriel Zamora,Centro,noviembre,domingo,0,-102.055161595345,19.1608817429879
32136,32141,2020,MOR200886750,2020/11/22,"00:15:00",COLISIÓN POR ALCANCE,ASFALTO,Bueno,Bueno,2,NISSAN,ROJO,3,MINISTERIO PÚBLICO,27,MASCULINO,ALIENTO ETÍLICO,1,0,Tarímbaro,De La Cruz,noviembre,domingo,0,-101.162622968605,19.7972360545303
32137,32142,2020,LEG34034,2020/11/22,"03:00:00",COLISIÓN CONTRA OBJETO FIJO,CONCRETO,Bueno,Bueno,1,VOLKSWAGEN,GRIS,1,,35,MASCULINO,SIN DATOS,0,0,Morelia,La Colina,noviembre,domingo,3,-101.216140433468,19.7038823572707
32138,32143,2020,,2020/11/22,"09:30:00",SUBIDA AL CAMELLÓN,ASFALTO,Bueno,Bueno,1,FORD,VERDE,1,,37,MASCULINO,SIN DATOS,0,0,Morelia,La Colina,noviembre,domingo,10,-101.216140829705,19.7038817259808
32139,32144,2020,,2020/11/22,13:00:00,COLISIÓN POR CORTE DE CIRCULACIÓN,ASFALTO,Bueno,Bueno,2,ITALIKA,NEGRO,2,,38,MASCULINO,SIN DATOS,0,0,Morelia,Centro,noviembre,domingo,13,-101.183160326707,19.7029707720902
32140,32145,2020,,2020/11/22,13:30:00,COLISIÓN POR CAMBIO DE CARRIL,CONCRETO,Bueno,Bueno,3,NISSAN,PLATA,3,,24,MASCULINO,SIN DATOS,0,0,Morelia,Club Campestre La Huerta,noviembre,domingo,14,-101.232128471814,19.66747824508
32141,32146,2020,,2020/11/22,15:20:00,COLISIÓN POR INVASIÓN DE CARRIL,CONCRETO,Bueno,Bueno,2,ITALIKA,GUINDA,2,MINISTERIO PÚBLICO,39,MASCULINO,SIN DATOS,0,0,Morelia,Eva Samano,noviembre,domingo,15,-101.202801533722,19.7301633203003
32142,32147,2020,,2020/11/22,15:30:00,COLISIÓN POR ALCANCE,ASFALTO,Bueno,Bueno,2,ITALIKA,BLANCO Y ROJO,2,,30,MASCULINO,SIN DATOS,0,0,Morelia,Union,noviembre,domingo,16,-101.157196878709,19.7143364342739
32143,32148,2020,,2020/11/22,16:10:00,COLISIÓN CON PEATÓN,SIN_DATOS,Bueno,Bueno,2,SEAT,NEGRO,2,,34,MASCULINO,CON CERTIFICADO,0,0,Morelia,Mariano Michelena,noviembre,domingo,16,-101.229916289449,19.6768980648041
32144,32149,2020,,2020/11/22,16:40:00,COLISIÓN CON PEATÓN,SIN_DATOS,Bueno,Bueno,1,Renault,Blanco,1,MINISTERIO PÚBLICO,25,MASCULINO,SIN DATOS,0,0,Morelia,Centro,noviembre,domingo,17,-101.196051358498,19.7056449089001
32145,32150,2020,,2020/11/22,17:12:00,COLISIÓN POR CAMBIO DE CARRIL,ASFALTO,Bueno,Bueno,2,ITALIKA,BLANCO,2,MINISTERIO PÚBLICO,19,MASCULINO,SIN DATOS,0,0,Morelia,Jardines de Guadalupe,noviembre,domingo,17,-101.226540424608,19.7105830433371
32146,32151,2020,,2020/11/22,17:12:00,COLISIÓN CONTRA OBJETO FIJO,ASFALTO,Bueno,Bueno,2,VOLKSWAGEN,PLATA,2,,26,MASCULINO,CON CERTIFICADO,0,0,Morelia,Fuentes de Morelia,noviembre,domingo,17,-101.204280375756,19.6720274572425
32147,32152,2020,,2020/11/22,17:55:00,COLISIÓN POR ALCANCE,ASFALTO,Bueno,Bueno,2,VOLKSWAGEN,AMARILLO,2,,29,MASCULINO,ALIENTO ETÍLICO,0,0,Morelia,Avicola Benito Juarez,noviembre,domingo,18,-101.279395974494,19.6914704012845
32148,32153,2020,,2020/11/22,18:25:00,COLISIÓN CONTRA OBJETO FIJO,ASFALTO,Bueno,Bueno,1,CHEVROLET,BLANCO,1,,48,MASCULINO,SIN DATOS,0,0,Tarímbaro,Sin datos,noviembre,domingo,18,-101.170928813517,19.752409847328
32149,32154,2020,,2020/11/22,19:00:00,SUBIDA AL CAMELLÓN,ASFALTO,Bueno,Bueno,1,JEEP,VERDE,1,,50,MASCULINO,ALIENTO ETÍLICO,0,0,Morelia,Arcos del Valle,noviembre,domingo,19,-101.2362482839,19.7076246285905
32150,32155,2020,,2020/11/22,20:30:00,SUBIDA AL CAMELLÓN,ASFALTO,Bueno,Bueno,1,TOYOTA,MORADO Y  BLANCO,1,,42,MASCULINO,SIN DATOS,0,0,Morelia,Lomas del Tecnologico,noviembre,domingo,21,-101.196082569659,19.7242897386876
32151,32156,2020,LEG34030,2020/11/22,22:15:00,COLISIÓN POR ALCANCE,CONCRETO,Bueno,Bueno,2,CHEVROLET,GRIS,2,,33,MASCULINO,SIN DATOS,0,0,Morelia,Primo Tapia Oriente,noviembre,domingo,22,-101.160675917165,19.7164286941242
32152,32157,2020,MOR200886424,2020/11/22,22:40:00,COLISIÓN POR CORTE DE CIRCULACIÓN,ASFALTO,Bueno,Bueno,2,NISSAN,BLANCO,2,,41,MASCULINO,SIN DATOS,0,0,Morelia,Ventura Puente,noviembre,domingo,23,-101.191881194032,19.6930099136413
32153,32158,2020,,2020/11/22,23:00:00,COLISIÓN POR ALCANCE,ASFALTO,Bueno,Bueno,2,NISSAN,BLANCO,2,,30,MASCULINO,SIN DATOS,0,0,Morelia,Elias Perez Avalos,noviembre,domingo,23,-101.168718212281,19.7126892094171
32154,32159,2020,,2020/11/22,23:15:00,COLISIÓN POR CAMBIO DE CARRIL,ASFALTO,Bueno,Bueno,2,CHEVROLET,ROJO,2,,,,SIN DATOS,0,0,Morelia,Camelinas,noviembre,domingo,23,-101.170606978916,19.6820388108762
32155,32160,2020,,2020/11/22,23:50:00,COLISIÓN CONTRA OBJETO FIJO,ASFALTO,Bueno,Bueno,1,BMW,AZUL,1,,56,MASCULINO,SIN DATOS,0,0,Morelia,Camelinas,noviembre,domingo,0,-101.17777749896,19.68146563522
32156,32161,2020,,2020/11/23,"01:03:00",SUBIDA AL CAMELLÓN,CONCRETO,Bueno,Bueno,1,NISSAN,BLANCO,1,,,,SIN DATOS,0,0,Morelia,Villas del Pedregal,noviembre,lunes,1,-101.309025122107,19.6733544449104
32157,32162,2020,,2020/11/23,"01:30:00",COLISIÓN CONTRA OBJETO FIJO,ASFALTO,Bueno,Bueno,1,CHEVROLET,BLANCO,0,,,,,0,0,Morelia,El Eden,noviembre,lunes,2,-101.250956878066,19.6449087395204
32158,32163,2020,,2020/11/23,"01:50:00",COLISIÓN CONTRA OBJETO FIJO,ASFALTO,Bueno,Bueno,1,VW,GRIS,0,,,,,0,0,Los Reyes,Sin datos,noviembre,lunes,2,-102.293774536873,19.7086742930951
32159,32164,2020,,2020/11/23,"03:50:00",COLISIÓN POR INVASIÓN DE CARRIL,ASFALTO,Bueno,Bueno,2,NISSAN,BLANCO,2,,,,SIN DATOS,0,0,Morelia,Vista Bella,noviembre,lunes,4,-101.197612769902,19.6803161495312
32160,32165,2020,MOR200288974,2020/11/23,"09:40:00",COLISIÓN POR CORTE DE CIRCULACIÓN,ASFALTO,Bueno,Bueno,2,KENWORTH,BLANCO,2,,20,MASCULINO,SIN DATOS,0,0,Morelia,Central de Abastos,noviembre,lunes,10,-101.169365116142,19.7158451687373
32161,32166,2020,MOR200890513,2020/11/23,13:10:00,COLISIÓN POR INVASIÓN DE CARRIL,ASFALTO,Bueno,Bueno,2,TOYOTA,GUINDA,2,,66,MASCULINO,SIN DATOS,0,0,Morelia,Centro,noviembre,lunes,13,-101.188755140387,19.6959414231098
32162,32167,2020,LEG34062,2020/11/23,15:10:00,COLISIÓN POR ALCANCE,ASFALTO,Bueno,Bueno,3,VOLKSWAGEN,PLATA,3,,29,MASCULINO,SIN DATOS,0,0,Morelia,Felix Ireta,noviembre,lunes,15,-101.194339895783,19.6818980426608
32163,32168,2020,,2020/11/23,16:40:00,COLISIÓN POR CORTE DE CIRCULACIÓN,ASFALTO,Bueno,Bueno,2,TOYOTA,GUINDA,1,MINISTERIO PÚBLICO,,FEMENINO,SIN DATOS,0,0,Hidalgo,Plan de Ayala,noviembre,lunes,17,-100.569049187693,19.7055101012437
32164,32169,2020,LEG34063,2020/11/23,22:18:00,COLISIÓN POR INVASIÓN DE CARRIL,ASFALTO,Bueno,Bueno,2,NISSAN,BLANCO Y CORAL,2,,29,MASCULINO,SIN DATOS,0,0,Morelia,Ocolusen Iii,noviembre,lunes,22,-101.152755292983,19.6857292186211
32165,32170,2020,,2020/11/24,"07:20:00",COLISIÓN POR INVASIÓN DE CARRIL,CONCRETO,Bueno,Bueno,2,VOLKSWAGEN,PLATA,2,MINISTERIO PÚBLICO,29,FEMENINO,SIN DATOS,0,0,Morelia,Colinas del Sur,noviembre,martes,7,-101.198576993562,19.6670063053259
32166,32171,2020,,2020/11/24,"08:00:00",COLISIÓN POR INVASIÓN DE CARRIL,CONCRETO,Bueno,Bueno,2,CHEVROLET/CHEVY,BLANCO,2,,33,MASCULINO,SIN DATOS,0,0,Morelia,Colinas del Sur,noviembre,martes,8,-101.201239482236,19.666378657453
32167,32172,2020,,2020/11/24,"09:10:00",COLISIÓN CONTRA OBJETO FIJO,CONCRETO,Bueno,Bueno,1,INTERNATIONAL,BLANCO/ ROJO,1,,47,MASCULINO,SIN DATOS,0,0,Morelia,Colinas del Sur,noviembre,martes,9,-101.198675960981,19.6669949681934
32168,32173,2020,,2020/11/24,10:05:00,COLISIÓN POR ALCANCE,ASFALTO,Bueno,Bueno,2,F,BLANCO,2,,28,MASCULINO,SIN DATOS,0,0,Morelia,La Huerta,noviembre,martes,10,-101.22832775116,19.6583494386945
32169,32174,2020,,2020/11/24,11:30:00,COLISIÓN POR CAMBIO DE CARRIL,ASFALTO,Bueno,Bueno,2,NISSAN,BLANCO,3,,70,MASCULINO,SIN DATOS,2,0,Tzitzio,Tzitzio,noviembre,martes,12,-100.923230381539,19.583541244829
32170,32175,2020,,2020/11/24,14:04:00,COLISIÓN POR MANIOBRA DE REVERSA,ASFALTO,Bueno,Bueno,2,FORD,BLANCO,2,,32,MASCULINO,SIN DATOS,0,0,Morelia,Ventura Puente,noviembre,martes,14,-101.188009791076,19.6928905630155
32171,32176,2020,,2020/11/24,16:20:00,COLISIÓN CON PEATÓN,ASFALTO,Bueno,Bueno,1,NISSAN,BLANCO y NARANJA,2,,45,MASCULINO,SIN DATOS,1,0,Tarímbaro,Sin datos,noviembre,martes,16,-101.17091563235,19.7523825266302
32172,32177,2020,,2020/11/24,16:30:00,COLISIÓN POR INVASIÓN DE CARRIL,ASFALTO,Bueno,Bueno,2,VOLKSWAGEN,BLANCO,2,MINISTERIO PÚBLICO,45,MASCULINO,SIN DATOS,0,0,Morelia,Ciudad Industrial,noviembre,martes,17,-101.142955324187,19.7252597896878
32173,32178,2020,,2020/11/24,17:20:00,COLISIÓN POR MANIOBRA DE REVERSA,CONCRETO,Bueno,Bueno,2,DODGE,ROJO,2,MINISTERIO PÚBLICO,42,MASCULINO,SIN DATOS,0,0,Morelia,Ejidal Ocolusen,noviembre,martes,17,-101.159000024199,19.6877820486046
32174,32179,2020,MOR2000890476,2020/11/24,17:30:00,COLISIÓN POR ALCANCE,ASFALTO,Bueno,Bueno,2,AUDI,ROJO,2,,20,MASCULINO,SIN DATOS,0,0,Morelia,Lomas del Valle,noviembre,martes,18,-101.230638108469,19.6877890508892
32175,32180,2020,,2020/11/24,18:35:00,COLISIÓN POR CORTE DE CIRCULACIÓN,ASFALTO,Bueno,Bueno,2,KENWORTH,BLANCO,2,,56,MASCULINO,SIN DATOS,0,0,Morelia,Plan de La Garita,noviembre,martes,19,-101.187562197447,19.7127764104839
32176,32181,2020,MOR2000891125,2020/11/24,20:10:00,COLISIÓN POR CORTE DE CIRCULACIÓN,ASFALTO,Bueno,Bueno,2,DODGE,BLANCO,2,,24,MASCULINO,SIN DATOS,0,0,Morelia,Nueva Valladolid,noviembre,martes,20,-101.208873353899,19.7010080973358
32177,32182,2020,MOR200891402,2020/11/24,22:20:00,COLISIÓN POR ALCANCE,ASFALTO,Bueno,Bueno,4,CHEVROLET,VERDE,4,,54,MASCULINO,SIN DATOS,0,0,Morelia,La Pradera,noviembre,martes,22,-101.216794946232,19.6782401510777
32178,32183,2020,MOR200891444,2020/11/24,22:20:00,COLISIÓN POR ALCANCE,ASFALTO,Bueno,Bueno,2,CHEVROLET,BLANCO,2,,44,MASCULINO,SIN DATOS,0,0,Morelia,Xangari,noviembre,martes,22,-101.220689155161,19.6741240873176
32179,32184,2020,,2020/11/25,"03:50:00",COLISIÓN CONTRA OBJETO FIJO,ASFALTO,Bueno,Bueno,1,VOLKSWAGEN,ROJO,1,,44,MASCULINO,SIN DATOS,0,0,Morelia,Alberto Oviedo Mota,noviembre,miércoles,4,-101.202129609883,19.6771181349589
32180,32185,2020,MOR2000187785,2020/11/25,"06:30:00",SALIDA DE SUPERFICIE DE RODAMIENTO,ASFALTO,Bueno,Bueno,1,FORD,ROJO,1,,37,MASCULINO,SIN DATOS,0,0,Charo,San Bartolo,noviembre,miércoles,7,-101.040531881154,19.7550947745251
32181,32186,2020,LEG34086,2020/11/25,"07:35:00",COLISIÓN CON PEATÓN,ASFALTO,Bueno,Bueno,1,NISSAN,BLANCO,2,,50,MASCULINO,SIN DATOS,1,0,Morelia,Jardines del Toreo,noviembre,miércoles,8,-101.214180104434,19.6879673507152
32182,32187,2020,LEG34087,2020/11/25,"09:45:00",COLISIÓN POR CORTE DE CIRCULACIÓN,ASFALTO,Bueno,Bueno,2,VENTO,NEGRO/ROJO,2,,30,MASCULINO,SIN DATOS,0,0,Morelia,Loma Real,noviembre,miércoles,10,-101.197935031221,19.727675796477
32183,32188,2020,MOR200896317,2020/11/25,10:50:00,COLISIÓN CONTRA OBJETO FIJO,ASFALTO,Bueno,Bueno,1,CRECER,NARNAJA Y NEGRO,1,,32,MASCULINO,SIN DATOS,0,0,Morelia,El Lago 2,noviembre,miércoles,11,-101.214462041177,19.7266529115049
32184,32189,2020,MOR200894724,2020/11/25,11:45:00,COLISIÓN POR CORTE DE CIRCULACIÓN,ASFALTO,Bueno,Bueno,2,BAJAJ,NEGRO,2,,33,MASCULINO,SIN DATOS,0,0,Morelia,Jardines de Guadalupe,noviembre,miércoles,12,-101.221713759005,19.7103841665373
32185,32190,2020,,2020/11/25,14:53:00,COLISIÓN POR CORTE DE CIRCULACIÓN,ASFALTO,Bueno,Regular,3,Volkswagen,Plata,3,,,MASCULINO,SIN DATOS,0,0,Morelia,Villa Universidad,noviembre,miércoles,15,-101.214004114959,19.6878811997538
32186,32191,2020,MOR200895740,2020/11/25,17:50:00,COLISIÓN POR ALCANCE,ASFALTO,Bueno,Bueno,2,FORD,ROJO,2,,41,MASCULINO,SIN DATOS,0,0,Morelia,Tierra Y Libertad,noviembre,miércoles,18,-101.229302033104,19.7170958850948
32187,32192,2020,LEG34089,2020/11/25,18:05:00,COLISIÓN POR INVASIÓN DE CARRIL,ASFALTO,Bueno,Bueno,2,NISSAN,ROJO,2,,34,MASCULINO,SIN DATOS,0,0,Morelia,La Loma,noviembre,miércoles,18,-101.187153160572,19.6786439808216
32188,32193,2020,LEG34092,2020/11/25,18:20:00,COLISIÓN CONTRA OBJETO FIJO,ASFALTO,Bueno,Bueno,1,VOLKSWAGEN,NEGRO,1,,0,,SIN DATOS,0,0,Morelia,Fray Antonio de Lisboa,noviembre,miércoles,18,-101.146876134657,19.6942233019245
32189,32194,2020,MOR 200895741,2020/11/25,18:30:00,COLISIÓN CONTRA OBJETO FIJO,ASFALTO,Bueno,Regular,2,KENWORTH,NARANJA/CREMA,2,,52,MASCULINO,SIN DATOS,0,0,Morelia,Dieciocho de Mayo,noviembre,miércoles,19,-101.154377572238,19.706165687768
32190,32195,2020,LEG34093,2020/11/25,19:00:00,COLISIÓN POR CORTE DE CIRCULACIÓN,ASFALTO,Bueno,Bueno,1,CHEVROLET,PLATA,1,,46,FEMENINO,SIN DATOS,0,0,Morelia,Mirador del Punhuato,noviembre,miércoles,19,-101.159853667689,19.7045474197745
32191,32196,2020,,2020/11/25,19:00:00,COLISIÓN POR CORTE DE CIRCULACIÓN,ASFALTO,Bueno,Bueno,2,NISSAN,BLANCO,1,MINISTERIO PÚBLICO,,MASCULINO,SIN DATOS,0,0,Lázaro Cárdenas,Lomas del Rio (Unidad 512 5To Sector),noviembre,miércoles,19,-102.223807498813,17.972044226842
32192,32197,2020,,2020/11/25,20:30:00,COLISIÓN CON PEATÓN,SIN_DATOS,Bueno,Bueno,1,NISSAN,NEGRO,2,MINISTERIO PÚBLICO,35,MASCULINO,CON CERTIFICADO,1,0,Morelia,Ejidal Ocolusen,noviembre,miércoles,21,-101.159000420437,19.68778144595
32193,32198,2020,LEG34094,2020/11/25,21:40:00,SUBIDA AL CAMELLÓN,ASFALTO,Bueno,Bueno,1,DODGE,AZUL,1,,41,FEMENINO,SIN DATOS,0,0,Morelia,Campestre Los Manantiales,noviembre,miércoles,22,-101.238138296388,19.6877984924905
32194,32199,2020,MOR200896637,2020/11/26,"03:35:00",COLISIÓN CONTRA OBJETO FIJO,ASFALTO,Bueno,Bueno,1,HONDA,GRIS,0,,,,,0,0,Morelia,Valle de Altozano,noviembre,jueves,4,-101.164420768619,19.6649753096634
32195,32200,2020,MOR200896632,2020/11/26,"04:30:00",VOLCADURA,ASFALTO,Bueno,Bueno,1,VOLKSWAGEN,GRIS,3,MINISTERIO PÚBLICO,,,SIN DATOS,2,0,Morelia,Justo Mendoza,noviembre,jueves,5,-101.23300817541,19.7119718168602
32196,32201,2020,,2020/11/26,"08:51:00",COLISIÓN POR ALCANCE,ASFALTO,Bueno,Bueno,3,CHEVROLET,BLANCO,3,MINISTERIO PÚBLICO,46,FEMENINO,SIN DATOS,0,0,Morelia,Colinas del Sur,noviembre,jueves,9,-101.198576688766,19.6670057025932
32197,32202,2020,,2020/11/26,"09:20:00",COLISIÓN POR ALCANCE,ASFALTO,Bueno,Bueno,2,NISSAN,PLATA,2,,24,FEMENINO,SIN DATOS,0,0,Morelia,Ana Maria Gallaga (Riviera Norte),noviembre,jueves,9,-101.223035783254,19.6766272529705
32198,32203,2020,,2020/11/26,10:30:00,COLISIÓN POR CAMBIO DE CARRIL,ASFALTO,Bueno,Bueno,2,NISSAN,BLANCO,2,,31,FEMENINO,SIN DATOS,0,0,Morelia,Las Americas,noviembre,jueves,11,-101.15892291069,19.6879610084899
32199,32204,2020,,2020/11/26,10:45:00,COLISIÓN CONTRA OBJETO FIJO,ASFALTO,Bueno,Bueno,1,MITSUBISHI,ROJO,0,,,,,0,0,Peribán,Sin datos,noviembre,jueves,11,-102.443175011061,19.5507176576728
32200,32205,2020,,2020/11/26,10:50:00,COLISIÓN POR CORTE DE CIRCULACIÓN,ASFALTO,Bueno,Bueno,2,HONDA/CARGI,BLANCO,2,,22,MASCULINO,SIN DATOS,0,0,Morelia,Villas Valladolid,noviembre,jueves,11,-101.217441701077,19.6975541823989
32201,32206,2020,,2020/11/26,11:40:00,COLISIÓN POR MANIOBRA DE REVERSA,CONCRETO,Bueno,Bueno,2,KENWORTH,VERDE,2,,32,MASCULINO,SIN DATOS,0,0,Morelia,Vasco de Quiroga,noviembre,jueves,12,-101.16971849718,19.7075848295584
32202,32207,2020,,2020/11/26,14:50:00,COLISIÓN POR CAMBIO DE CARRIL,CONCRETO,Bueno,Bueno,2,CHEVROLET,BLANCO,2,,60,MASCULINO,SIN DATOS,0,0,Morelia,Primo Tapia Oriente,noviembre,jueves,15,-101.159802705728,19.7129111546274
32203,32208,2020,,2020/11/26,15:30:00,COLISIÓN POR CAMBIO DE CARRIL,CONCRETO,Bueno,Bueno,2,VOLKSWAGEN/VENTO,PLATA,2,,28,MASCULINO,SIN DATOS,0,0,Morelia,Residencial Alborada,noviembre,jueves,16,-101.234587722205,19.7023492624573
32204,32209,2020,,2020/11/26,17:30:00,COLISIÓN POR CORTE DE CIRCULACIÓN,ASFALTO,Bueno,Bueno,1,CHEVROLET,BLANCO,1,,30,FEMENINO,SIN DATOS,0,0,Morelia,El Realito,noviembre,jueves,18,-101.203627288342,19.7256484109568
32205,32210,2020,,2020/11/26,19:00:00,COLISIÓN POR MANIOBRA DE REVERSA,CONCRETO,Bueno,Bueno,2,NISSAN,BLANCO,2,,51,MASCULINO,SIN DATOS,0,0,Morelia,Eva Samano,noviembre,jueves,19,-101.198893219911,19.7300272996357
32206,32211,2020,,2020/11/26,21:05:00,COLISIÓN POR CORTE DE CIRCULACIÓN,ASFALTO,Bueno,Bueno,2,MAZDA,NEGRO,2,,55,MASCULINO,SIN DATOS,0,0,Morelia,Ventura Puente,noviembre,jueves,21,-101.183720634066,19.6945544618063
32207,32212,2020,,2020/11/26,21:20:00,COLISIÓN CON PEATÓN,ASFALTO,Bueno,Bueno,1,AUDI,NEGRO,2,MINISTERIO PÚBLICO,,,,2,0,Pátzcuaro,Rincon Los Pinos,noviembre,jueves,21,-101.599147536539,19.4964079517027
32208,32213,2020,,2020/11/26,21:26:00,COLISIÓN CONTRA OBJETO FIJO,CONCRETO,Bueno,Bueno,3,NISSAN,BLANCO Y ROJO,3,,63,MASCULINO,ALIENTO ETÍLICO,0,0,Morelia,Villa Universidad,noviembre,jueves,21,-101.197104796089,19.6880689697613
32209,32214,2020,,2020/11/26,22:00:00,CAIDA DE MOTOCICLETA,ASFALTO,Bueno,Bueno,1,DINAMO,NEGRO,1,,40,MASCULINO,SIN DATOS,0,0,Morelia,Los Manantiales de Morelia,noviembre,jueves,22,-101.242763735354,19.6992079317857
32210,32215,2020,,2020/11/27,"00:00:00",VOLCADURA,ASFALTO,Bueno,Bueno,1,RENAULT CLIO,BLANCO,1,,25,MASCULINO,SIN DATOS,0,0,Morelia,Monte Rubio,noviembre,viernes,0,-101.25334620815,19.6411620468106