fid,id_accidente,anio_origen,folio_c5i,dia_incidente,hora_ocurrencia,tipo_incidente_vial,superficie_ocurrencia,condiciones_climaticas,condiciones_via,numero_vehiculos_involucrados,marca_vehiculo_ocasiona_siniestro,color_vehiculo_ocasiona_siniestro,numero_personas_involucradas,lugar_remite_presunto_responsable,edad_presunto_responsable,sexo_presunto_responsable,resultados_toxicologia,numero_personas_lesionadas,numero_personas_fallecidas,municipio,colonia,mes,dia_semana,hora_redondeada,lon,lat
32211,32216,2020,LEG34122,2020/11/27,"08:20:00",COLISIÓN CONTRA OBJETO FIJO,ASFALTO,Bueno,Bueno,1,HONDA,BLANCO,1,,25,FEMENINO,SIN DATOS,0,0,Morelia,Rafael Carrillo,noviembre,viernes,8,-101.235995011903,19.7102850991683
32212,32217,2020,MOR20078634514,2020/11/27,"08:30:00",COLISIÓN POR CORTE DE CIRCULACIÓN,CONCRETO,Bueno,Bueno,2,GMC,AZUL,2,,38,MASCULINO,SIN DATOS,0,0,Morelia,Centro,noviembre,viernes,9,-101.1904631,19.7026851599992
32214,32219,2020,MOR200900020,2020/11/27,13:40:00,COLISIÓN CONTRA OBJETO FIJO,CONCRETO,Bueno,Regular,1,FORD,NEGRO,0,,,,,0,0,Morelia,Felipe Carrillo Puerto,noviembre,viernes,14,-101.177427865661,19.7308068402022
32215,32220,2020,MOR200900172,2020/11/27,14:05:00,COLISIÓN POR CAMBIO DE CARRIL,ASFALTO,Bueno,Bueno,2,FORD,NEGRO,2,,66,MASCULINO,SIN DATOS,0,0,Morelia,Fovissste La Huerta,noviembre,viernes,14,-101.212283545,19.6922831999991
32216,32221,2020,MOR200900347,2020/11/27,15:20:00,COLISIÓN POR CORTE DE CIRCULACIÓN,ASFALTO,Bueno,Bueno,2,CHEVROLET,ROJO,2,,27,MASCULINO,SIN DATOS,0,0,Morelia,Fovissste La Huerta,noviembre,viernes,15,-101.212283545,19.6922831999991
32217,32222,2020,LEG34123,2020/11/27,15:20:00,COLISIÓN POR ALCANCE,ASFALTO,Bueno,Bueno,2,NISSAN,BLANCO Y NARANJA,2,,24,MASCULINO,SIN DATOS,0,0,Morelia,Felix Arreguin,noviembre,viernes,15,-101.226927942849,19.7208202016569
32218,32223,2020,MOR200900422,2020/11/27,16:20:00,COLISIÓN CONTRA OBJETO FIJO,ASFALTO,Bueno,Bueno,1,VOLKSWAGEN,GRIS,1,,41,MASCULINO,SIN DATOS,0,0,Morelia,Bosques Tres Marias,noviembre,viernes,16,-101.104121966855,19.7243121179245
32219,32224,2020,LEG34119,2020/11/27,16:25:00,COLISIÓN POR ALCANCE,CONCRETO,Bueno,Bueno,2,MAZDA,NEGRO,2,,32,MASCULINO,SIN DATOS,0,0,Morelia,Fuentes de Morelia,noviembre,viernes,16,-101.203901849009,19.6711020864893
32220,32225,2020,MOR2003465784,2020/11/27,16:30:00,COLISIÓN POR CORTE DE CIRCULACIÓN,CONCRETO,Bueno,Bueno,2,KURAZAI,NEGRO,0,MINISTERIO PÚBLICO,,,,0,0,Morelia,Centro,noviembre,viernes,17,-101.194753669183,19.6962580231882
32221,32226,2020,,2020/11/27,17:20:00,COLISIÓN POR INVASIÓN DE CARRIL,ASFALTO,Bueno,Bueno,2,MAZDA,BLANCO,2,,65,MASCULINO,SIN DATOS,0,0,Coeneo,Sin datos,noviembre,viernes,17,-101.688972979106,19.7297688284947
32222,32227,2020,LEG34124,2020/11/27,20:05:00,COLISIÓN CONTRA OBJETO FIJO,ASFALTO,Bueno,Regular,2,KENWORTH,ROJO,2,,45,MASCULINO,SIN DATOS,0,0,Morelia,El Realito,noviembre,viernes,20,-101.203137012728,19.7271577016115
32223,32228,2020,LEG34128,2020/11/28,"03:10:00",COLISIÓN POR MANIOBRA DE REVERSA,ASFALTO,Bueno,Bueno,1,LINCOLN,BLANCO,1,,66,FEMENINO,SIN DATOS,0,0,Morelia,Nueva Jacarndas,noviembre,sábado,3,-101.190418838529,19.6817648612125
32224,32229,2020,,2020/11/28,"04:10:00",COLISIÓN CONTRA OBJETO FIJO,ASFALTO,Bueno,Bueno,1,HONDA,GRIS,1,MINISTERIO PÚBLICO,46,MASCULINO,SIN DATOS,0,0,Morelia,Chapultepec Oriente,noviembre,sábado,4,-101.164247796607,19.6922096973581
32225,32230,2020,,2020/11/28,"09:30:00",COLISIÓN POR INVASIÓN DE CARRIL,ASFALTO,Bueno,Bueno,2,HINO,BLANCO,2,,38,MASCULINO,SIN DATOS,0,0,Morelia,Indeco Santiaguito,noviembre,sábado,10,-101.174300014973,19.7245673557848
32226,32231,2020,,2020/11/28,14:00:00,COLISIÓN POR ALCANCE,ASFALTO,Bueno,Bueno,2,JEEP,BLANCO,2,,28,FEMENINO,SIN DATOS,0,0,Morelia,Rector Diaz Rubio,noviembre,sábado,14,-101.199008859694,19.6683939069975
32227,32232,2020,,2020/11/28,14:48:00,COLISIÓN POR CORTE DE CIRCULACIÓN,ASFALTO,Bueno,Bueno,2,VOLKSWAGEN,PLATA,2,,31,MASCULINO,SIN DATOS,0,0,Morelia,Isaac Arriaga,noviembre,sábado,15,-101.17206829515,19.71149782751
32228,32233,2020,,2020/11/28,16:26:00,COLISIÓN POR CAMBIO DE CARRIL,ASFALTO,Bueno,Bueno,2,CHEVROLET,BLANCO Y ROSA,2,,38,MASCULINO,SIN DATOS,0,0,Morelia,Villas del Real,noviembre,sábado,16,-101.198824061587,19.7352029462945
32229,32234,2020,,2020/11/28,16:30:00,COLISIÓN POR INVASIÓN DE CARRIL,ASFALTO,Bueno,Bueno,2,TOYOTA,BLANCO YAMARILLO,2,,38,MASCULINO,SIN DATOS,0,0,Morelia,La Colina,noviembre,sábado,17,-101.214228353716,19.7095657590791
32230,32235,2020,,2020/11/28,17:42:00,CAIDA DE MOTOCICLETA,ASFALTO,Bueno,Bueno,2,ITALIKA,NEGRO Y ROJO,3,MINISTERIO PÚBLICO,26,MASCULINO,SIN DATOS,1,0,Morelia,Villas del Real,noviembre,sábado,18,-101.198838905178,19.7336730207984
32231,32236,2020,,2020/11/28,18:45:00,COLISIÓN POR NO RESPETAR SEMÁFORO,ASFALTO,Bueno,Bueno,3,NISSAN,NARANJA,3,MINISTERIO PÚBLICO,27,MASCULINO,SIN DATOS,1,0,Morelia,Sentimientos de La Nacion,noviembre,sábado,19,-101.235695108771,19.6821787466941
32232,32237,2020,,2020/11/28,19:20:00,COLISIÓN CONTRA OBJETO FIJO,ASFALTO,Bueno,Bueno,1,FIAT,AMARILLO,1,,72,MASCULINO,SIN DATOS,0,0,Morelia,Valle del Durazno,noviembre,sábado,19,-101.185972348534,19.6562232099146
32233,32238,2020,,2020/11/28,19:50:00,COLISIÓN POR CORTE DE CIRCULACIÓN,CONCRETO,Bueno,Bueno,2,HONDA,BLANCO,2,,23,MASCULINO,SIN DATOS,0,0,Morelia,Montaña Monarca,noviembre,sábado,20,-101.165471859276,19.6714184845605
32234,32239,2020,,2020/11/28,21:05:00,SUBIDA AL CAMELLÓN,ASFALTO,Bueno,Bueno,1,NISSAN,AZUL,1,,85,MASCULINO,SIN DATOS,0,0,Morelia,Las Americas,noviembre,sábado,21,-101.155010878361,19.6875701720166
32235,32240,2020,,2020/11/28,21:13:00,COLISIÓN POR CORTE DE CIRCULACIÓN,ASFALTO,Bueno,Bueno,2,NISSAN,BLANCO Y CAFE,2,,43,FEMENINO,SIN DATOS,0,0,Morelia,Ejidal Ocolusen,noviembre,sábado,21,-101.153452210128,19.6838795483975
32236,32241,2020,,2020/11/28,21:30:00,COLISIÓN CONTRA OBJETO FIJO,ASFALTO,Bueno,Bueno,2,CHEVROLET,GRIS,2,,37,MASCULINO,SIN DATOS,0,0,Morelia,Independencia,noviembre,sábado,22,-101.178904362023,19.7107228394318
32237,32242,2020,,2020/11/28,21:50:00,COLISIÓN POR INVASIÓN DE CARRIL,ASFALTO,Bueno,Bueno,3,FORD,AZUL,3,,68,MASCULINO,SIN DATOS,0,0,Morelia,Hacienda Cipres,noviembre,sábado,22,-101.275249132842,19.6997684907525
32238,32243,2020,LEG34121,2020/11/28,22:15:00,COLISIÓN POR INVASIÓN DE CARRIL,ASFALTO,Bueno,Bueno,2,HONDA,AZUL,1,MINISTERIO PÚBLICO,0,MASCULINO,SIN DATOS,0,0,Morelia,Libertad,noviembre,sábado,22,-101.238108426332,19.6873669332173
32239,32244,2020,,2020/11/28,22:20:00,COLISIÓN POR CAMBIO DE CARRIL,ASFALTO,Bueno,Bueno,2,CHEVROLET,BLANCO,2,,19,FEMENINO,SIN DATOS,0,0,Morelia,Tinijaro,noviembre,sábado,22,-101.257581934333,19.6971024472934
32240,32245,2020,,2020/11/28,22:35:00,COLISIÓN CON PEATÓN,ASFALTO,Bueno,Bueno,1,ITALIKA,NEGRO/AMARILLO,0,,,,,0,0,Coeneo,Sin datos,noviembre,sábado,23,-101.593101105916,19.8516569429368
32241,32246,2020,LEG34154,2020/11/29,"00:00:00",CAIDA DE MOTOCICLETA,CONCRETO,Bueno,Bueno,1,ITALIKA,NEGRO,1,,22,MASCULINO,SIN DATOS,0,0,Morelia,Agustin Arriaga Rivera,noviembre,domingo,0,-101.226148456335,19.6894943846181
32242,32247,2020,,2020/11/29,"01:36:00",COLISIÓN CONTRA OBJETO FIJO,CONCRETO,Bueno,Bueno,1,FORD,AZUL,0,,,,,0,0,Tarímbaro,De La Cruz,noviembre,domingo,2,-101.171903000213,19.7996429266276
32243,32248,2020,,2020/11/29,"01:55:00",COLISIÓN POR ALCANCE,ASFALTO,Bueno,Bueno,2,CHEVROLET,BLANCO,2,MINISTERIO PÚBLICO,54,FEMENINO,SIN DATOS,0,0,Morelia,Granjas Unidas de Morelia,noviembre,domingo,2,-101.279507956721,19.6913024650652
32244,32249,2020,,2020/11/29,"02:30:00",COLISIÓN CONTRA OBJETO FIJO,ASFALTO,Bueno,Bueno,1,SEAT,BLANCO,1,,28,MASCULINO,SIN DATOS,0,0,Morelia,Francisco J Mujica,noviembre,domingo,3,-101.18984375149,19.7222401315226
32245,32250,2020,,2020/11/29,"03:45:00",COLISIÓN CONTRA OBJETO FIJO,ASFALTO,Bueno,Bueno,1,VOLKSWAGEN,BLANCO,0,,,,,0,0,Morelia,Montaña Monarca,noviembre,domingo,4,-101.164683929898,19.6655906786373
32246,32251,2020,,2020/11/29,"04:32:00",COLISIÓN POR INVASIÓN DE CARRIL,ASFALTO,Bueno,Bueno,2,KENWORTH,BLANCO,2,MINISTERIO PÚBLICO,38,MASCULINO,SIN DATOS,0,0,Morelia,Francisco J Mujica,noviembre,domingo,5,-101.184676445332,19.7249742550287
32247,32252,2020,,2020/11/29,"05:23:00",SUBIDA AL CAMELLÓN,ASFALTO,Bueno,Bueno,1,VOLKSWAGEN,ROJO,1,,0,,SIN DATOS,0,0,Morelia,Sin datos,noviembre,domingo,5,-101.327756873585,19.6852655116445
32248,32253,2020,,2020/11/29,"07:20:00",COLISIÓN CONTRA OBJETO FIJO,ASFALTO,Bueno,Bueno,1,CHEVROLET,BLANCO,1,,63,MASCULINO,SIN DATOS,0,0,Morelia,Villas Lomas del Paraiso,noviembre,domingo,7,-101.175570040941,19.673416278266
32249,32254,2020,,2020/11/29,"08:20:00",COLISIÓN POR CORTE DE CIRCULACIÓN,CONCRETO,Bueno,Bueno,2,VOLKSWAGEN,NARANJA,2,,,MASCULINO,SIN DATOS,0,0,Morelia,Agustin Arriaga Rivera,noviembre,domingo,8,-101.221725828946,19.6934057301092
32250,32255,2020,LEG34156,2020/11/29,10:20:00,COLISIÓN CONTRA OBJETO FIJO,TERRACERIA,Bueno,Bueno,1,NISSAN,CAFE,1,,,,SIN DATOS,0,0,Morelia,Avicola Benito Juarez,noviembre,domingo,10,-101.280450631267,19.6912960655853
32251,32256,2020,MOR200835623,2020/11/29,11:57:00,COLISIÓN POR ALCANCE,ASFALTO,Bueno,Regular,2,NISSAN,NARANJA,2,,53,MASCULINO,SIN DATOS,0,0,Morelia,Tinijaro,noviembre,domingo,12,-101.264485208824,19.696211628377
32252,32257,2020,MOR200906141,2020/11/29,15:20:00,COLISIÓN CON PEATÓN,CONCRETO,Bueno,Bueno,1,VOLKSWAGEN,GRIS,2,MINISTERIO PÚBLICO,27,MASCULINO,SIN DATOS,1,0,Morelia,Fovissste La Huerta,noviembre,domingo,15,-101.212385188301,19.6931525947832
32253,32258,2020,,2020/11/29,15:30:00,COLISIÓN POR ALCANCE,ASFALTO,Bueno,Bueno,2,AUDI,ROJA,2,,39,MASCULINO,SIN DATOS,0,0,Morelia,Chapultepec Sur,noviembre,domingo,16,-101.177290647544,19.6908914625222
32254,32259,2020,,2020/11/29,19:30:00,COLISIÓN POR CAMBIO DE CARRIL,ASFALTO,Bueno,Bueno,3,FORD,ROJO,3,MINISTERIO PÚBLICO,,,SIN DATOS,0,0,Salvador Escalante,Sin datos,noviembre,domingo,20,-101.518925255681,19.4071418424695
32255,32260,2020,MOR200906796,2020/11/29,20:00:00,COLISIÓN POR CORTE DE CIRCULACIÓN,ASFALTO,Bueno,Bueno,2,SEAT,BLANCO,2,,31,MASCULINO,SIN DATOS,0,0,Morelia,Primo Tapia,noviembre,domingo,20,-101.212536276065,19.7094120166866
32256,32261,2020,LEG34162,2020/11/29,20:30:00,COLISIÓN POR ALCANCE,ASFALTO,Bueno,Bueno,3,RENAULT,BLANCO,3,,48,MASCULINO,SIN DATOS,0,0,Morelia,Indeco Expropiacion Petrolera,noviembre,domingo,21,-101.22573667629,19.6834710809831
32257,32262,2020,,2020/11/29,20:43:00,COLISIÓN POR INVASIÓN DE CARRIL,ASFALTO,Bueno,Bueno,2,NISSAN,GRIS,2,MINISTERIO PÚBLICO,,,SIN DATOS,0,0,Tacámbaro,Sin datos,noviembre,domingo,21,-101.498562991619,19.2239909328821
32258,32263,2020,MOR200907111,2020/11/29,21:40:00,COLISIÓN POR MANIOBRA DE REVERSA,ASFALTO,Bueno,Bueno,2,NISSAN,BLANCO,2,MINISTERIO PÚBLICO,28,MASCULINO,CON CERTIFICADO,0,0,Morelia,Eduardo Lecanda Lujambio,noviembre,domingo,22,-101.207986121917,19.6853112567783
32259,32264,2020,LEG34163,2020/11/29,23:20:00,COLISIÓN POR ALCANCE,ASFALTO,Bueno,Bueno,2,NISSAN,BLANCO,2,,25,MASCULINO,SIN DATOS,0,0,Morelia,Campestre Los Manantiales,noviembre,domingo,23,-101.23814000325,19.6878004439383
32260,32265,2020,,2020/11/29,23:40:00,COLISIÓN POR ALCANCE,ASFALTO,Bueno,Bueno,1,CHRYSLER STRATUS,PLATA,1,,39,MASCULINO,SIN DATOS,0,0,Morelia,Emiliano Zapata,noviembre,domingo,0,-101.228391453624,19.6581606292488
32261,32266,2020,MOR200907520,2020/11/30,"02:10:00",COLISIÓN CONTRA OBJETO FIJO,CONCRETO,Bueno,Bueno,3,VOLKSWAGEN,GRIS,3,,22,MASCULINO,CON CERTIFICADO,0,0,Morelia,Ventura Puente,noviembre,lunes,2,-101.18303462863,19.6919287239179
32262,32267,2020,,2020/11/30,"07:40:00",COLISIÓN POR CORTE DE CIRCULACIÓN,ASFALTO,Bueno,Bueno,2,CHEVROLET,AZUL,2,,53,MASCULINO,SIN DATOS,0,0,Morelia,Xangari,noviembre,lunes,8,-101.220727833797,19.6740612335861
32263,32268,2020,,2020/11/30,"08:10:00",COLISIÓN POR INVASIÓN DE CARRIL,ASFALTO,Bueno,Bueno,2,NISSAN,GRIS,3,MINISTERIO PÚBLICO,28,MASCULINO,SIN DATOS,1,1,Morelia,Sin datos,noviembre,lunes,8,-101.247854232788,19.6846902236225
32264,32269,2020,,2020/11/30,10:40:00,COLISIÓN POR ALCANCE,ASFALTO,Bueno,Bueno,2,NISSAN,VERDE,2,,59,MASCULINO,SIN DATOS,0,0,Morelia,Comision Federal de Electricidad,noviembre,lunes,11,-101.181339167737,19.6815085115378
32265,32270,2020,,2020/11/30,12:40:00,COLISIÓN POR CAMBIO DE CARRIL,ASFALTO,Bueno,Bueno,2,MERCEDES BENZ,BLANCO,2,,71,MASCULINO,SIN DATOS,0,0,Morelia,Los Angeles,noviembre,lunes,13,-101.175669953227,19.7432712842173
32266,32271,2020,,2020/11/30,13:00:00,COLISIÓN CONTRA OBJETO FIJO,CONCRETO,Bueno,Bueno,1,MAZDA,GRIS,1,,66,FEMENINO,SIN DATOS,0,0,Morelia,Chapultepec Oriente,noviembre,lunes,13,-101.161675862968,19.6934975887734
32267,32272,2020,,2020/11/30,13:00:00,COLISIÓN POR ALCANCE,ASFALTO,Bueno,Bueno,3,MAZDA,GRIS,3,MINISTERIO PÚBLICO,66,FEMENINO,SIN DATOS,0,0,Morelia,Lomas de Guayangareo,noviembre,lunes,13,-101.156047552146,19.7010569944764
32268,32273,2020,,2020/11/30,13:35:00,COLISIÓN CON PEATÓN,ASFALTO,Bueno,Bueno,1,HONDA,BLANCO,2,,32,MASCULINO,SIN DATOS,1,0,Morelia,Isaac Arriaga,noviembre,lunes,14,-101.174122958697,19.7065191759677
32269,32274,2020,,2020/11/30,14:30:00,COLISIÓN POR INVASIÓN DE CARRIL,ASFALTO,Bueno,Bueno,2,VOLKSWAGEN,ROJO,2,,27,MASCULINO,SIN DATOS,0,0,Morelia,Ventura Puente,noviembre,lunes,15,-101.187983304262,19.6932510251814
32270,32275,2020,,2020/11/30,14:56:00,COLISIÓN POR CORTE DE CIRCULACIÓN,ASFALTO,Bueno,Bueno,2,NISSAN,BLANCO  ROJO,2,,59,MASCULINO,SIN DATOS,0,0,Morelia,Quinceo,noviembre,lunes,15,-101.22419077903,19.7252520143776
32271,32276,2020,,2020/11/30,15:50:00,COLISIÓN POR CORTE DE CIRCULACIÓN,CONCRETO,Bueno,Bueno,2,MAZDA,AZUL,2,,31,MASCULINO,SIN DATOS,0,0,Morelia,De San Francisco,noviembre,lunes,16,-101.394198574126,19.6723847806004
32272,32277,2020,,2020/11/30,16:40:00,COLISIÓN POR ALCANCE,ASFALTO,Bueno,Bueno,2,CHEVROLET,BLANCO,2,,48,MASCULINO,SIN DATOS,0,0,Morelia,Primo Tapia Oriente,noviembre,lunes,17,-101.158597997643,19.7134221254267
32273,32278,2020,,2020/11/30,17:45:00,SALIDA DE SUPERFICIE DE RODAMIENTO,CONCRETO,Bueno,Bueno,1,NISSAN,AZUL,1,,39,MASCULINO,SIN DATOS,0,0,Morelia,Balcones de Morelia,noviembre,lunes,18,-101.200924975243,19.6721876836077
32274,32279,2020,,2020/11/30,18:15:00,COLISIÓN POR MANIOBRA DE REVERSA,CONCRETO,Bueno,Bueno,2,ISUZU,BLANCO,2,,41,MASCULINO,SIN DATOS,0,0,Morelia,Union,noviembre,lunes,18,-101.157905682921,19.7116011245507
32275,32280,2020,,2020/11/30,19:19:00,COLISIÓN POR ALCANCE,ASFALTO,Bueno,Bueno,2,CHEVROLET,BLANCO,2,,20,MASCULINO,SIN DATOS,0,0,Morelia,Solidaridad,noviembre,lunes,19,-101.207627803087,19.7261537462907
32277,32282,2020,,2020/11/30,20:50:00,COLISIÓN POR CORTE DE CIRCULACIÓN,ASFALTO,Bueno,Bueno,2,TOYOTA,NEGRO,2,,52,MASCULINO,SIN DATOS,0,0,Morelia,Santa Maria,noviembre,lunes,21,-101.201896257699,19.6778259276585
32278,32283,2020,,2020/11/30,22:49:00,COLISIÓN POR INVASIÓN DE CARRIL,ASFALTO,Bueno,Bueno,2,HYUNDAI,PLATA,2,,37,MASCULINO,SIN DATOS,0,0,Morelia,El Lago 2,noviembre,lunes,23,-101.212027906015,19.726287216765
32279,32284,2020,,2020/12/01,"06:17:00",COLISIÓN CONTRA OBJETO FIJO,CONCRETO,Bueno,Regular,1,DINA,ROJO,1,,,MASCULINO,SIN DATOS,0,0,Morelia,Barrio Alto,diciembre,martes,6,-101.188749379731,19.7260778872809
32280,32285,2020,,2020/12/01,"08:30:00",COLISIÓN POR ALCANCE,ASFALTO,Bueno,Bueno,4,NISSAN,BLANCO,4,,20,MASCULINO,SIN DATOS,0,0,Morelia,Niño Artillero,diciembre,martes,9,-101.254271387376,19.6976324654204
32281,32286,2020,MOR200910680,2020/12/01,11:15:00,COLISIÓN POR ALCANCE,ASFALTO,Bueno,Bueno,2,VOLKSWAGEN,BLANCO,2,,21,MASCULINO,SIN DATOS,0,0,Morelia,Virrey Antonio de Mendoza,diciembre,martes,11,-101.162449649798,19.7064996636937
32282,32287,2020,MOR200910614,2020/12/01,11:25:00,SALIDA DE SUPERFICIE DE RODAMIENTO,ASFALTO,Bueno,Bueno,1,CHEVROLET,BLANCO,1,,46,MASCULINO,SIN DATOS,0,0,Morelia,Morelia 450,diciembre,martes,11,-101.217003464699,19.6756761362067
32283,32288,2020,"200910576",2020/12/01,11:30:00,COLISIÓN POR ALCANCE,ASFALTO,Bueno,Bueno,2,GMC,BLANCO Y ROJO,2,,52,MASCULINO,SIN DATOS,0,0,Morelia,Lomas del Tecnologico,diciembre,martes,12,-101.196093664252,19.724291919228
32284,32289,2020,LEG34199,2020/12/01,12:20:00,COLISIÓN POR CORTE DE CIRCULACIÓN,ASFALTO,Bueno,Bueno,2,ITALIKA,ROJO Y NEGRO,2,,19,MASCULINO,SIN DATOS,0,0,Morelia,Villa Universidad,diciembre,martes,12,-101.200972267173,19.6850972245362
32285,32290,2020,LEG34198,2020/12/01,13:50:00,COLISIÓN POR CORTE DE CIRCULACIÓN,ASFALTO,Bueno,Bueno,2,FREIGHTLINER,BLANCO,2,MINISTERIO PÚBLICO,35,MASCULINO,SIN DATOS,0,0,Morelia,Lazaro Cardenas,diciembre,martes,14,-101.162998893045,19.7113796958057
32286,32291,2020,,2020/12/01,14:40:00,COLISIÓN POR ALCANCE,ASFALTO,Bueno,Bueno,2,MAZDA,GRIS,2,,66,MASCULINO,SIN DATOS,0,0,Morelia,Elias Perez Avalos,diciembre,martes,15,-101.171457208693,19.7147976468051
32287,32292,2020,,2020/12/01,15:00:00,SALIDA DE SUPERFICIE DE RODAMIENTO,ASFALTO,Bueno,Regular,1,NISSAN,GRIS-PLATA,1,,31,MASCULINO,SIN DATOS,0,0,Copándaro,Sin datos,diciembre,martes,15,-101.196061142467,19.8824484250531
32288,32293,2020,MOR200911409,2020/12/01,15:45:00,COLISIÓN POR CORTE DE CIRCULACIÓN,ASFALTO,Bueno,Bueno,2,NISSAN,ROJO,2,,27,MASCULINO,SIN DATOS,0,0,Morelia,Industrial,diciembre,martes,16,-101.197404807261,19.7131684766072
32289,32294,2020,MOR200910576,2020/12/01,17:00:00,COLISIÓN CONTRA OBJETO FIJO,ASFALTO,Bueno,Bueno,1,CHEVROLET,NEGRA,1,,28,MASCULINO,SIN DATOS,0,0,Morelia,El Lago 1,diciembre,martes,17,-101.218323111534,19.7273851591753
32290,32295,2020,LEG34200,2020/12/01,17:00:00,COLISIÓN POR ALCANCE,ASFALTO,Bueno,Bueno,2,FORD,GRIS,2,,35,FEMENINO,SIN DATOS,0,0,Morelia,Fuentes de Morelia,diciembre,martes,17,-101.204502907663,19.672553425471
32291,32296,2020,MOR 200911775,2020/12/01,17:20:00,COLISIÓN POR CORTE DE CIRCULACIÓN,ASFALTO,Bueno,Bueno,3,CHEVROLET,GRIS,3,,58,MASCULINO,SIN DATOS,0,0,Morelia,La Hacienda,diciembre,martes,17,-101.314941644669,19.68687981338
32292,32297,2020,LEG34201,2020/12/01,17:30:00,CAIDA DE MOTOCICLETA,ASFALTO,Bueno,Bueno,1,ITALIKA,NEGRO Y ROJO,1,,15,MASCULINO,SIN DATOS,0,0,Morelia,Molino de Parras,diciembre,martes,18,-101.204460784793,19.6968590458518
32293,32298,2020,,2020/12/01,17:30:00,COLISIÓN POR CORTE DE CIRCULACIÓN,ASFALTO,Bueno,Bueno,3,NISSAN,BLANCO,3,MINISTERIO PÚBLICO,58,MASCULINO,SIN DATOS,0,0,Zitácuaro,Sin datos,diciembre,martes,18,-100.39206993512,19.4846319641378
32294,32299,2020,LEG34202,2020/12/01,18:45:00,COLISIÓN POR ALCANCE,ASFALTO,Bueno,Bueno,2,CHEVROLET,GRIS,2,,22,MASCULINO,SIN DATOS,0,0,Morelia,Los Pinos de Michoacan,diciembre,martes,19,-101.21403974566,19.687816486059
32295,32300,2020,MOR200912105,2020/12/01,20:40:00,COLISIÓN POR ALCANCE,ASFALTO,Bueno,Bueno,2,MERCURY,PLATA,2,,24,FEMENINO,SIN DATOS,0,0,Morelia,Poblado de Ocolusen,diciembre,martes,21,-101.14948217503,19.6946816453835
32296,32301,2020,,2020/12/01,22:50:00,COLISIÓN POR CORTE DE CIRCULACIÓN,ASFALTO,Nublado,Bueno,1,FREIGHTLINER,NEGRO,1,,47,MASCULINO,SIN DATOS,0,0,Tangamandapio,Sin datos,diciembre,martes,23,-102.384882562551,19.9164233867612
32297,32302,2020,,2020/12/02,"00:00:00",COLISIÓN POR CORTE DE CIRCULACIÓN,SIN_DATOS,Bueno,Bueno,0,,,0,,,,,0,0,Morelia,Vasco de Quiroga,diciembre,miércoles,0,-101.170753128827,19.7057118535714
32298,32303,2020,,2020/12/02,"09:01:00",COLISIÓN POR CORTE DE CIRCULACIÓN,ASFALTO,Bueno,Bueno,2,DINA,ROJO,2,,30,MASCULINO,SIN DATOS,0,0,Morelia,Dr Miguel Silva,diciembre,miércoles,9,-101.178446584389,19.7197533720141
32299,32304,2020,,2020/12/02,"09:42:00",COLISIÓN POR CAMBIO DE CARRIL,ASFALTO,Bueno,Bueno,2,KENWORTH,ROJO,2,,52,MASCULINO,SIN DATOS,0,0,Morelia,Hermanos Lopez Rayon,diciembre,miércoles,10,-101.220244609498,19.6753044126562
32300,32305,2020,,2020/12/02,11:10:00,COLISIÓN POR ALCANCE,CONCRETO,Bueno,Bueno,2,NISSAN,ROJO,2,,35,FEMENINO,SIN DATOS,0,0,Morelia,Rector Diaz Rubio,diciembre,miércoles,11,-101.198807023466,19.6676519752772
32301,32306,2020,,2020/12/02,13:40:00,COLISIÓN CONTRA OBJETO FIJO,CONCRETO,Bueno,Bueno,1,INTERNACIONAL,BLANCO,1,,21,MASCULINO,SIN DATOS,0,0,Morelia,Adolfo Lopez Mateos,diciembre,miércoles,14,-101.229667514563,19.703515864381
32302,32307,2020,,2020/12/02,14:20:00,COLISIÓN POR CORTE DE CIRCULACIÓN,CONCRETO,Bueno,Bueno,1,ITALIKA,NARANJA,2,,62,MASCULINO,SIN DATOS,1,0,Morelia,Quinceo,diciembre,miércoles,14,-101.224769435145,19.7307787829538
32303,32308,2020,,2020/12/02,14:35:00,COLISIÓN POR CORTE DE CIRCULACIÓN,CONCRETO,Bueno,Bueno,2,VOLKSWAGEN,ROJO,2,,43,MASCULINO,SIN DATOS,0,0,Morelia,Vasco de Quiroga,diciembre,miércoles,15,-101.170743405819,19.705718682908
32304,32309,2020,,2020/12/02,14:45:00,COLISIÓN POR MANIOBRA DE REVERSA,CONCRETO,Bueno,Bueno,2,NISSAN,NARANJA,2,,52,FEMENINO,SIN DATOS,0,0,Morelia,Felicitas del Rio,diciembre,miércoles,15,-101.19974408976,19.688698484116
32305,32310,2020,,2020/12/02,15:00:00,COLISIÓN CONTRA OBJETO FIJO,CONCRETO,Bueno,Bueno,1,MAZDA,BLANCO,1,,76,MASCULINO,SIN DATOS,0,0,Morelia,Obrera,diciembre,miércoles,15,-101.181071922183,19.7132800649185
32306,32311,2020,,2020/12/02,16:55:00,COLISIÓN CONTRA OBJETO FIJO,ASFALTO,Bueno,Bueno,2,FORD,GRIS,2,,40,MASCULINO,CON CERTIFICADO,0,0,Morelia,Prados Verdes,diciembre,miércoles,17,-101.200501874767,19.7186986757164