fid,id_accidente,anio_origen,folio_c5i,dia_incidente,hora_ocurrencia,tipo_incidente_vial,superficie_ocurrencia,condiciones_climaticas,condiciones_via,numero_vehiculos_involucrados,marca_vehiculo_ocasiona_siniestro,color_vehiculo_ocasiona_siniestro,numero_personas_involucradas,lugar_remite_presunto_responsable,edad_presunto_responsable,sexo_presunto_responsable,resultados_toxicologia,numero_personas_lesionadas,numero_personas_fallecidas,municipio,colonia,mes,dia_semana,hora_redondeada,lon,lat
32307,32312,2020,,2020/12/02,17:35:00,COLISIÓN POR CORTE DE CIRCULACIÓN,CONCRETO,Bueno,Bueno,2,HONDA,BLANCO,2,,48,MASCULINO,SIN DATOS,0,0,Morelia,Piedra Lisa,diciembre,miércoles,18,-101.194820255041,19.6681580677974
32308,32313,2020,,2020/12/02,18:15:00,COLISIÓN POR CORTE DE CIRCULACIÓN,ASFALTO,Bueno,Bueno,2,VOLKSWAGEN,NEGRO,2,,,MASCULINO,SIN DATOS,1,0,Morelia,Felix Ireta,diciembre,miércoles,18,-101.181091032922,19.688185482908
32309,32314,2020,,2020/12/02,19:55:00,COLISIÓN POR ALCANCE,ASFALTO,Bueno,Bueno,2,KIA RÍO,BLANCO,2,,41,FEMENINO,SIN DATOS,0,0,Morelia,Jardines de Torremolinos,diciembre,miércoles,20,-101.226746253669,19.6768924109478
32310,32315,2020,,2020/12/02,21:35:00,COLISIÓN POR ALCANCE,CONCRETO,Bueno,Bueno,2,KENWORTH,BLANCO Y ROJO,2,,41,MASCULINO,SIN DATOS,0,0,Morelia,Industrial,diciembre,miércoles,22,-101.197455799713,19.7126996269275
32311,32316,2020,,2020/12/02,21:55:00,COLISIÓN POR NO RESPETAR SEMÁFORO,ASFALTO,Bueno,Bueno,1,DODGE,ROJO,2,,42,MASCULINO,ALIENTO ETÍLICO,0,0,Morelia,Granjas Unidas de Morelia,diciembre,miércoles,22,-101.2795374915,19.6912930236609
32312,32317,2020,,2020/12/02,23:20:00,SUBIDA AL CAMELLÓN,ASFALTO,Bueno,Bueno,1,SEAT,AZUL,1,,27,MASCULINO,CON CERTIFICADO,0,0,Morelia,Sin datos,diciembre,miércoles,23,-101.294563561678,19.6864135843
32313,32318,2020,,2020/12/03,"00:20:00",COLISIÓN CONTRA OBJETO FIJO,ASFALTO,Bueno,Bueno,1,FIAT,BLANCO,1,,44,FEMENINO,ALIENTO ETÍLICO,0,0,Morelia,Nueva Jacarndas,diciembre,jueves,0,-101.192007593132,19.6822621456343
32314,32319,2020,MOR200915120,2020/12/03,10:20:00,COLISIÓN POR CORTE DE CIRCULACIÓN,ASFALTO,Bueno,Bueno,2,KIA,VERDE,2,,53,MASCULINO,SIN DATOS,0,0,Morelia,Primo Tapia,diciembre,jueves,10,-101.21179562062,19.7090815475182
32315,32320,2020,MOR200915258,2020/12/03,10:20:00,COLISIÓN POR CORTE DE CIRCULACIÓN,ASFALTO,Bueno,Bueno,3,CHEVROLET,BLANCO,3,,53,MASCULINO,SIN DATOS,0,0,Morelia,La Quemada,diciembre,jueves,10,-101.237742304802,19.7015853351697
32316,32321,2020,,2020/12/03,10:50:00,COLISIÓN POR CORTE DE CIRCULACIÓN,ASFALTO,Bueno,Bueno,2,ITALIKA,GRIS,0,MINISTERIO PÚBLICO,,,,0,0,Pátzcuaro,Centro,diciembre,jueves,11,-101.602903604507,19.5158275044453
32317,32322,2020,MOR200915191,2020/12/03,11:10:00,COLISIÓN POR CORTE DE CIRCULACIÓN,ASFALTO,Bueno,Bueno,2,NISSAN,BLANCO/NARANJA,2,,64,MASCULINO,SIN DATOS,0,0,Morelia,Centro,diciembre,jueves,11,-101.185881793499,19.6990537489977
32318,32323,2020,LEG34238,2020/12/03,11:15:00,COLISIÓN POR CORTE DE CIRCULACIÓN,ASFALTO,Bueno,Bueno,2,ITALIKA,ROJO,1,MINISTERIO PÚBLICO,,,,1,0,Morelia,Industrial,diciembre,jueves,11,-101.191519461572,19.7096020856481
32319,32324,2020,MOR200915408,2020/12/03,12:00:00,COLISIÓN POR INVASIÓN DE CARRIL,ASFALTO,Bueno,Regular,2,VOLVO,BLANCO Y AZUL,2,,31,MASCULINO,SIN DATOS,0,0,Morelia,Elias Perez Avalos,diciembre,jueves,12,-101.165850934653,19.7104324869374
32320,32325,2020,,2020/12/03,14:50:00,COLISIÓN POR CORTE DE CIRCULACIÓN,CONCRETO,Bueno,Bueno,2,MAZDA,ROJO,2,,18,MASCULINO,SIN DATOS,0,0,Morelia,Vasco de Quiroga,diciembre,jueves,15,-101.166769347407,19.7015372990601
32321,32326,2020,MOR200916155,2020/12/03,17:00:00,COLISIÓN POR CAMBIO DE CARRIL,ASFALTO,Bueno,Bueno,2,ISUZU,BLANCO,2,,24,MASCULINO,SIN DATOS,0,0,Morelia,Agustin Arriaga Rivera,diciembre,jueves,17,-101.22490759939,19.6913497868226
32322,32327,2020,,2020/12/03,17:00:00,COLISIÓN POR CORTE DE CIRCULACIÓN,ASFALTO,Bueno,Bueno,2,PONTIAC,VERDE,0,MINISTERIO PÚBLICO,,,,0,0,Madero,Sin datos,diciembre,jueves,17,-101.331029442908,19.3802828259253
32323,32328,2020,"200916736",2020/12/03,19:20:00,COLISIÓN POR ALCANCE,CONCRETO,Bueno,Bueno,2,VOLKSWAGEN,BLANCO,2,MINISTERIO PÚBLICO,28,MASCULINO,SIN DATOS,0,0,Morelia,Ferrocarrilero,diciembre,jueves,19,-101.212775632739,19.7018539813399
32324,32329,2020,MOR200916677,2020/12/03,20:30:00,COLISIÓN POR CORTE DE CIRCULACIÓN,ASFALTO,Bueno,Bueno,2,NISSAN,BLANCO/NEGRO,2,,28,MASCULINO,SIN DATOS,0,0,Morelia,Prados Verdes,diciembre,jueves,21,-101.20430521667,19.7181555575665
32325,32330,2020,MOR200915704,2020/12/03,22:30:00,COLISIÓN CONTRA OBJETO FIJO,ASFALTO,Bueno,Regular,1,TOYOTA,GUINDA,1,,22,MASCULINO,SIN DATOS,0,0,Tarímbaro,Sin datos,diciembre,jueves,23,-101.153260432184,19.7696258499587
32326,32331,2020,,2020/12/04,"00:00:00",COLISIÓN POR CAMBIO DE CARRIL,ASFALTO,Bueno,Bueno,2,NISSAN,BLANCO,2,,48,MASCULINO,SIN DATOS,0,0,Morelia,Ventura Puente,diciembre,viernes,0,-101.18112318895,19.693876702487
32327,32332,2020,MOR200917130,2020/12/04,"03:40:00",COLISIÓN POR CORTE DE CIRCULACIÓN,ASFALTO,Bueno,Bueno,2,LINCOLN,BLANCO,2,,22,MASCULINO,ALIENTO ETÍLICO,0,0,Morelia,Centro,diciembre,viernes,4,-101.190459318459,19.7047320424939
32328,32333,2020,LEG34237,2020/12/04,"03:40:00",VOLCADURA,ASFALTO,Bueno,Bueno,1,SUZUKI,BLANCO,1,,40,MASCULINO,ALIENTO ETÍLICO,0,0,Morelia,Fracc Arkos San Juan,diciembre,viernes,4,-101.286728158593,19.6898903819488
32329,32334,2020,,2020/12/04,"08:40:00",COLISIÓN POR CORTE DE CIRCULACIÓN,CONCRETO,Bueno,Bueno,2,CHRYSLER,NEGRO,2,,57,,SIN DATOS,0,0,Morelia,Adolfo Lopez Mateos,diciembre,viernes,9,-101.228782720864,19.6992050335144
32330,32335,2020,,2020/12/04,"09:46:00",COLISIÓN POR CAMBIO DE CARRIL,ASFALTO,Bueno,Bueno,2,FREIGHTLINER,AMARILLO,2,,40,MASCULINO,SIN DATOS,0,0,Morelia,Elias Perez Avalos,diciembre,viernes,10,-101.168253310025,19.7123196109188
32331,32336,2020,,2020/12/04,10:40:00,COLISIÓN POR CORTE DE CIRCULACIÓN,ASFALTO,Bueno,Bueno,2,VOLKSWAGEN TRANSPORTER,AMARILLO,2,,36,MASCULINO,SIN DATOS,0,0,Morelia,La Colina,diciembre,viernes,11,-101.215289898895,19.7072496220404
32332,32337,2020,,2020/12/04,11:20:00,COLISIÓN POR ALCANCE,ASFALTO,Bueno,Bueno,2,VOLKSWAGEN,BLANCO,2,,34,FEMENINO,SIN DATOS,0,0,Morelia,Virrey Antonio de Mendoza,diciembre,viernes,11,-101.162338063799,19.7065113423649
32333,32338,2020,,2020/12/04,11:50:00,COLISIÓN POR CORTE DE CIRCULACIÓN,CONCRETO,Bueno,Bueno,2,FORD F150,BLANCO,2,MINISTERIO PÚBLICO,35,MASCULINO,SIN DATOS,0,0,Morelia,Industrial,diciembre,viernes,12,-101.193997822702,19.7102465508785
32334,32339,2020,,2020/12/04,12:40:00,COLISIÓN POR ALCANCE,ASFALTO,Bueno,Bueno,1,CHEVROLET,AZUL,1,,31,MASCULINO,SIN DATOS,0,0,Morelia,La Floresta,diciembre,viernes,13,-101.151926703751,19.684509710597
32335,32340,2020,,2020/12/04,13:00:00,SUBIDA AL CAMELLÓN,SIN_DATOS,Bueno,Bueno,1,CHEVROLET,AZUL,1,,0,,SIN DATOS,0,0,Morelia,Diego Rivera,diciembre,viernes,13,-101.175251193345,19.7189520862267
32336,32341,2020,,2020/12/04,13:02:00,COLISIÓN POR CAMBIO DE CARRIL,ASFALTO,Bueno,Bueno,2,VOLKSWAGEN,BLANCO,2,,33,MASCULINO,SIN DATOS,0,0,Morelia,Isaac Arriaga,diciembre,viernes,13,-101.170468174599,19.7081422446478
32337,32342,2020,,2020/12/04,14:30:00,COLISIÓN POR CORTE DE CIRCULACIÓN,ASFALTO,Bueno,Bueno,2,VOLKSWAGEN,BLANCO,2,MINISTERIO PÚBLICO,,,SIN DATOS,0,0,Juárez,Sin datos,diciembre,viernes,15,-100.431430742813,19.3212451982029
32338,32343,2020,,2020/12/04,15:00:00,COLISIÓN POR ALCANCE,ASFALTO,Bueno,Bueno,2,CHEVROLET,ROJO,2,,19,FEMENINO,SIN DATOS,0,0,Morelia,Insurgentes,diciembre,viernes,15,-101.152236864649,19.6981583495644
32339,32344,2020,,2020/12/04,15:20:00,COLISIÓN POR CORTE DE CIRCULACIÓN,ASFALTO,Bueno,Bueno,2,FORD,BLANCO,2,,62,MASCULINO,SIN DATOS,0,0,Tarímbaro,Sin datos,diciembre,viernes,15,-101.131166710782,19.7766137521865
32340,32345,2020,,2020/12/04,19:10:00,SUBIDA AL CAMELLÓN,ASFALTO,Bueno,Bueno,1,DINA,BCO/AZUL,1,,61,,SIN DATOS,0,0,Morelia,Fidel Velazquez,diciembre,viernes,19,-101.236880645156,19.7071330366957
32341,32346,2020,,2020/12/04,19:20:00,COLISIÓN CONTRA OBJETO FIJO,ASFALTO,Bueno,Bueno,1,SEAT,AZUL,1,,31,,SIN DATOS,0,0,Morelia,Sin datos,diciembre,viernes,19,-101.355049721897,19.6783626678946
32342,32347,2020,,2020/12/04,19:50:00,COLISIÓN POR ALCANCE,ASFALTO,Bueno,Bueno,3,FORD,BLANCO,3,,31,MASCULINO,SIN DATOS,0,0,Morelia,Vasco de Quiroga,diciembre,viernes,20,-101.175756728783,19.7004425939171
32343,32348,2020,,2020/12/04,21:00:00,COLISIÓN POR CORTE DE CIRCULACIÓN,ASFALTO,Bueno,Bueno,2,VOLSWAGEN,AZUL,2,MINISTERIO PÚBLICO,,MASCULINO,SIN DATOS,0,0,Lázaro Cárdenas,1Er Sect de Fidelac,diciembre,viernes,21,-102.197963043369,17.9648566758663
32344,32349,2020,,2020/12/04,21:30:00,COLISIÓN POR CORTE DE CIRCULACIÓN,ASFALTO,Bueno,Bueno,2,KAWASAKI,NEGRO,2,MINISTERIO PÚBLICO,26,MASCULINO,SIN DATOS,0,0,Morelia,Jardines de Guadalupe,diciembre,viernes,22,-101.226825592189,19.7111041504523
32345,32350,2020,,2020/12/04,22:10:00,COLISIÓN POR CAMBIO DE CARRIL,ASFALTO,Bueno,Bueno,3,FORD,AMARILLO,3,MINISTERIO PÚBLICO,,,SIN DATOS,0,0,Tacámbaro,Sin datos,diciembre,viernes,22,-101.4391280135,19.3175518168329
32346,32351,2020,,2020/12/05,"01:00:00",COLISIÓN POR CORTE DE CIRCULACIÓN,CONCRETO,Bueno,Bueno,2,RENAULT,PLATA,2,,32,MASCULINO,SIN DATOS,0,0,Morelia,Centro,diciembre,sábado,1,-101.188881539487,19.7081431915574
32347,32352,2020,,2020/12/05,"01:30:00",COLISIÓN POR CORTE DE CIRCULACIÓN,ASFALTO,Bueno,Bueno,2,FORD,BLANCO,0,MINISTERIO PÚBLICO,,,,0,0,Lázaro Cárdenas,Sin datos,diciembre,sábado,2,-102.231363921679,17.9901979950521
32348,32353,2020,MOR200191203,2020/12/05,"08:00:00",COLISIÓN POR CORTE DE CIRCULACIÓN,CONCRETO,Bueno,Bueno,2,NISSAN,BLANCO Y CAFE,2,,22,MASCULINO,SIN DATOS,0,0,Morelia,Vista Bella,diciembre,sábado,8,-101.196773208,19.6777090625786
32349,32354,2020,MOR200919351,2020/12/05,"08:35:00",COLISIÓN POR CORTE DE CIRCULACIÓN,SIN_DATOS,Bueno,Regular,2,FORD,GRIS,2,,56,MASCULINO,SIN DATOS,0,0,Morelia,Santa Maria de Guido,diciembre,sábado,9,-101.191222376443,19.6727342966076
32350,32355,2020,MOR200920527,2020/12/05,"08:45:00",COLISIÓN POR CORTE DE CIRCULACIÓN,ASFALTO,Bueno,Bueno,2,VENTO,NEGRO,2,,31,MASCULINO,SIN DATOS,0,0,Morelia,Chapultepec Sur,diciembre,sábado,9,-101.177107281983,19.6919445073622
32351,32356,2020,MOR200919405,2020/12/05,"09:15:00",COLISIÓN CON PEATÓN,ASFALTO,Bueno,Bueno,1,CHEVROLET,PLATA,2,,21,MASCULINO,SIN DATOS,1,0,Morelia,La Joya,diciembre,sábado,9,-101.197533004664,19.6641001556263
32352,32357,2020,LEG34257,2020/12/05,"09:20:00",COLISIÓN POR CORTE DE CIRCULACIÓN,ASFALTO,Bueno,Bueno,2,FORD,BLANCO-NARANJA,2,,56,MASCULINO,SIN DATOS,0,0,Morelia,Alberto Oviedo Mota,diciembre,sábado,9,-101.200472004712,19.6778186666432
32353,32358,2020,MOR200919366,2020/12/05,12:10:00,COLISIÓN POR ALCANCE,CONCRETO,Bueno,Bueno,2,NISSAN,BLANCO,2,,33,MASCULINO,SIN DATOS,0,0,Morelia,Canteras de Morelia,diciembre,sábado,12,-101.174034506761,19.7167320622147
32354,32359,2020,LEG34262,2020/12/05,12:25:00,COLISIÓN POR CORTE DE CIRCULACIÓN,ASFALTO,Bueno,Bueno,2,TOYOTA,GRIS/PLATA,2,,39,MASCULINO,SIN DATOS,0,0,Morelia,Indeco El Vivero,diciembre,sábado,12,-101.229733899236,19.6769997482744
32355,32360,2020,MOR200920202,2020/12/05,14:42:00,SUBIDA AL CAMELLÓN,ASFALTO,Bueno,Bueno,1,NISSAN,BLANCO,1,,20,MASCULINO,SIN DATOS,0,0,Morelia,Morelia 450,diciembre,sábado,15,-101.217537224293,19.6757429498382
32356,32361,2020,MOR200920265,2020/12/05,14:50:00,COLISIÓN POR ALCANCE,ASFALTO,Bueno,Bueno,2,HONDA,PLATA,2,MINISTERIO PÚBLICO,21,MASCULINO,SIN DATOS,0,0,Morelia,Balcones de Morelia,diciembre,sábado,15,-101.201000978998,19.6715846908743
32357,32362,2020,,2020/12/05,16:00:00,COLISIÓN POR CORTE DE CIRCULACIÓN,ASFALTO,Bueno,Bueno,2,NISSAN,BLANCO,0,MINISTERIO PÚBLICO,,,,0,0,Lázaro Cárdenas,Ejidal,diciembre,sábado,16,-102.204233407974,17.957003081249
32358,32363,2020,,2020/12/05,16:30:00,COLISIÓN POR CORTE DE CIRCULACIÓN,ASFALTO,Bueno,Bueno,2,HONDA,AMARILLO,2,,65,FEMENINO,SIN DATOS,0,0,Morelia,Centro,diciembre,sábado,17,-101.200129687786,19.6991574558088
32359,32364,2020,,2020/12/05,17:10:00,COLISIÓN POR INVASIÓN DE CARRIL,ASFALTO,Bueno,Bueno,2,NISSAN,BLANCO/ROJO,5,,35,MASCULINO,SIN DATOS,3,0,Coeneo,Sin datos,diciembre,sábado,17,-101.657485887408,19.7361534510668
32360,32365,2020,MOR200920496,2020/12/05,17:50:00,COLISIÓN POR CORTE DE CIRCULACIÓN,ASFALTO,Bueno,Bueno,3,KENWORTH,"AMARILLO, BLANCO Y CAFE",2,,50,MASCULINO,SIN DATOS,0,0,Morelia,Isaac Arriaga,diciembre,sábado,18,-101.171485707164,19.7076886456109
32361,32366,2020,MOR200920966,2020/12/05,18:42:00,COLISIÓN POR CORTE DE CIRCULACIÓN,ASFALTO,Bueno,Bueno,2,TOYOTA,BLANCO CON AZUL,2,,58,MASCULINO,SIN DATOS,0,0,Morelia,Ferrocarrilero,diciembre,sábado,19,-101.224206856918,19.6913418447777
32362,32367,2020,MOR200920848,2020/12/05,18:50:00,COLISIÓN POR ALCANCE,CONCRETO,Bueno,Bueno,2,GMC,NEGRO,2,,40,MASCULINO,SIN DATOS,0,0,Morelia,Buenavista,diciembre,sábado,19,-101.160590574145,19.7058241644541
32363,32368,2020,LEG34271,2020/12/05,18:50:00,COLISIÓN POR INVASIÓN DE CARRIL,ASFALTO,Bueno,Bueno,2,NISSAN,GRIS,2,,40,MASCULINO,SIN DATOS,0,0,Morelia,Victor Manuel Tinoco Rubi,diciembre,sábado,19,-101.243183470584,19.7005980092761
32364,32369,2020,,2020/12/05,21:32:00,CAIDA DE MOTOCICLETA,ASFALTO,Bueno,Bueno,1,ITALIKA,AMARILLO Y NEGRO,1,MINISTERIO PÚBLICO,,,SIN DATOS,0,0,Tacámbaro,Sin datos,diciembre,sábado,22,-101.528532654047,19.2426792086716
32365,32370,2020,,2020/12/05,22:50:00,SUBIDA AL CAMELLÓN,ASFALTO,Bueno,Bueno,1,Italika,Amarillo,1,,24,MASCULINO,SIN DATOS,0,0,Morelia,Tres Puentes,diciembre,sábado,23,-101.213739185837,19.7026705917614
32366,32371,2020,MOR200921527,2020/12/05,23:20:00,COLISIÓN CONTRA OBJETO FIJO,ASFALTO,Bueno,Bueno,1,NISSAN,GRIS,1,,24,MASCULINO,SIN DATOS,0,0,Morelia,Chapultepec Oriente,diciembre,sábado,23,-101.160806776118,19.6933666054922
32367,32372,2020,,2020/12/06,"04:00:00",CAIDA DE MOTOCICLETA,ASFALTO,Bueno,Bueno,1,VENTO,ROJO Y NEGRO,1,MINISTERIO PÚBLICO,,,SIN DATOS,0,0,Tacámbaro,Sin datos,diciembre,domingo,4,-101.513861001216,19.2151008198213
32368,32373,2020,MOR200922009,2020/12/06,"07:00:00",COLISIÓN POR CAMBIO DE CARRIL,ASFALTO,Bueno,Bueno,2,VOLKSWAGEN,PLATA,2,,28,MASCULINO,ALIENTO ETÍLICO,0,0,Morelia,Ventura Puente,diciembre,domingo,7,-101.189141012728,19.6959086231107
32369,32374,2020,,2020/12/06,"09:00:00",COLISIÓN POR ALCANCE,ASFALTO,Bueno,Bueno,2,ITALIKA,GRIS,2,,32,MASCULINO,SIN DATOS,0,0,Morelia,Ciudad Industrial,diciembre,domingo,9,-101.137413667009,19.7289274531175
32370,32375,2020,,2020/12/06,11:41:00,COLISIÓN POR ALCANCE,ASFALTO,Bueno,Bueno,2,ISUZU,BLANCO,2,,40,MASCULINO,SIN DATOS,0,0,Morelia,Sin datos,diciembre,domingo,12,-101.304398582064,19.6876747184935
32371,32376,2020,,2020/12/06,12:10:00,COLISIÓN POR ALCANCE,ASFALTO,Bueno,Bueno,2,NISSAN,GRIS,2,,60,MASCULINO,SIN DATOS,0,0,Morelia,Poblado de Ocolusen,diciembre,domingo,12,-101.150238253176,19.6915813159951
32372,32377,2020,,2020/12/06,12:40:00,SUBIDA AL CAMELLÓN,ASFALTO,Bueno,Bueno,1,SUSUKI,ROJO,2,MINISTERIO PÚBLICO,35,MASCULINO,SIN DATOS,0,1,Morelia,Sin datos,diciembre,domingo,13,-101.339425519109,19.6856449031427
32373,32378,2020,,2020/12/06,13:23:00,COLISIÓN POR ALCANCE,ASFALTO,Bueno,Bueno,2,NISSAN,BLANCO,2,,48,MASCULINO,SIN DATOS,0,0,Morelia,Felix Arreguin,diciembre,domingo,13,-101.22283422134,19.7210838805125
32374,32379,2020,,2020/12/06,13:50:00,COLISIÓN POR ALCANCE,ASFALTO,Bueno,Bueno,3,NISSAN,ROJO,3,,67,MASCULINO,SIN DATOS,0,0,Tarímbaro,Sin datos,diciembre,domingo,14,-101.135796234012,19.775019803522
32375,32380,2020,,2020/12/06,14:06:00,COLISIÓN POR CAMBIO DE CARRIL,ASFALTO,Bueno,Bueno,1,VOLKSWAGEN,NEGRO,1,,43,MASCULINO,ALIENTO ETÍLICO,0,0,Morelia,Ciudad Industrial,diciembre,domingo,14,-101.135080998602,19.7322234984775
32376,32381,2020,,2020/12/06,15:35:00,SALIDA DE SUPERFICIE DE RODAMIENTO,ASFALTO,Bueno,Bueno,1,HONDA,BLANCO,5,,38,MASCULINO,SIN DATOS,4,0,Morelia,Indeco La Huerta,diciembre,domingo,16,-101.231718063354,19.6490689823754
32377,32382,2020,,2020/12/06,16:00:00,COLISIÓN POR CORTE DE CIRCULACIÓN,ASFALTO,Bueno,Bueno,2,NISSAN,BLANCO,2,,43,MASCULINO,SIN DATOS,0,0,Morelia,Las Americas,diciembre,domingo,16,-101.159017123282,19.6879664036863
32378,32383,2020,,2020/12/06,16:18:00,COLISIÓN CONTRA OBJETO FIJO,TERRACERIA,Bueno,Regular,1,FORD,BEIGE,1,,49,MASCULINO,SIN DATOS,0,0,Morelia,Ignacio Lopez Rayon,diciembre,domingo,16,-101.255901530385,19.6900324919232
32379,32384,2020,,2020/12/06,16:20:00,COLISIÓN POR ALCANCE,ASFALTO,Bueno,Bueno,2,TOYOTA,GUINDA,2,,40,MASCULINO,SIN DATOS,0,0,Morelia,Enrique Arreguin Robles,diciembre,domingo,16,-101.183276162008,19.7214719277293
32380,32385,2020,,2020/12/06,21:32:00,COLISIÓN POR CORTE DE CIRCULACIÓN,CONCRETO,Bueno,Bueno,2,CHEVROLET,OCRE,2,MINISTERIO PÚBLICO,37,MASCULINO,SIN DATOS,0,0,Morelia,Guadalupe,diciembre,domingo,22,-101.219297088683,19.7103014709034
32381,32386,2020,LEG34279,2020/12/07,"00:00:00",COLISIÓN POR INVASIÓN DE CARRIL,ASFALTO,Bueno,Bueno,2,HONDA,AZUL,2,,18,MASCULINO,SIN DATOS,0,0,Charo,San Bartolo,diciembre,lunes,0,-101.043147034943,19.7491586546242
32382,32387,2020,MOR200921616,2020/12/07,"00:20:00",COLISIÓN POR ALCANCE,ASFALTO,Bueno,Bueno,2,CHEVROLET,PLATA,2,,35,MASCULINO,ALIENTO ETÍLICO,0,0,Morelia,La Hacienda,diciembre,lunes,0,-101.314942680967,19.6868805021348
32384,32389,2020,LEG34277,2020/12/07,"02:00:00",COLISIÓN POR CORTE DE CIRCULACIÓN,ASFALTO,Bueno,Bueno,2,MITSUBISHI,S/D,2,,24,MASCULINO,SIN DATOS,0,0,Morelia,La Quemada,diciembre,lunes,2,-101.237738647245,19.7015872864591
32385,32390,2020,MOR200921831,2020/12/07,"03:00:00",VOLCADURA,ASFALTO,Bueno,Bueno,1,VOLKSWAGEN,GRIS,1,,,,SIN DATOS,0,0,Morelia,Poblado de Ocolusen,diciembre,lunes,3,-101.155052513562,19.6950841440113
32386,32391,2020,,2020/12/07,"03:50:00",COLISIÓN CONTRA OBJETO FIJO,ASFALTO,Bueno,Bueno,1,NISSAN,BLANCO,1,,41,MASCULINO,SIN DATOS,0,0,Morelia,El Lago 1,diciembre,lunes,4,-101.219311109319,19.7275992782923
32387,32392,2020,,2020/12/07,"03:55:00",COLISIÓN POR ALCANCE,ASFALTO,Bueno,Bueno,1,NISSAN,BLANCO,1,MINISTERIO PÚBLICO,,,,0,1,Tarímbaro,Sin datos,diciembre,lunes,4,-101.17256023667,19.749251743483
32388,32393,2020,MOR200921908,2020/12/07,"03:55:00",COLISIÓN CONTRA OBJETO FIJO,ASFALTO,Bueno,Bueno,1,TOYOTA,GRIS,1,,47,MASCULINO,ALIENTO ETÍLICO,0,0,Morelia,Tierra Y Libertad,diciembre,lunes,4,-101.2298151275,19.716325801913
32389,32394,2020,MOR200921949,2020/12/07,"05:09:00",SALIDA DE SUPERFICIE DE RODAMIENTO,ASFALTO,Bueno,Bueno,2,S/D,S/D,1,,37,MASCULINO,SIN DATOS,0,0,Morelia,Chapultepec Norte,diciembre,lunes,5,-101.169607155025,19.6946554453451
32390,32395,2020,,2020/12/07,10:25:00,COLISIÓN POR INVASIÓN DE CARRIL,ASFALTO,Bueno,Bueno,2,KENWORTH,AZUL/BLANCO,2,,50,MASCULINO,SIN DATOS,0,0,Tarímbaro,Sin datos,diciembre,lunes,10,-101.144651608035,19.7705435084241
32391,32396,2020,MOR924888,2020/12/07,11:40:00,COLISIÓN POR INVASIÓN DE CARRIL,CONCRETO,Bueno,Bueno,2,KENWORTH,AZUL,2,,40,MASCULINO,SIN DATOS,0,0,Morelia,Morelos,diciembre,lunes,12,-101.210467134694,19.6954838867655
32392,32397,2020,MOR200925124,2020/12/07,14:00:00,COLISIÓN POR CORTE DE CIRCULACIÓN,ASFALTO,Bueno,Bueno,2,FORD,VERDE,2,,53,MASCULINO,SIN DATOS,0,0,Morelia,Chapultepec Sur,diciembre,lunes,14,-101.178373284638,19.6934085710996
32393,32398,2020,,2020/12/07,15:41:00,COLISIÓN POR ALCANCE,ASFALTO,Bueno,Bueno,2,ITALIKA,ROJO,1,,,MASCULINO,SIN DATOS,0,0,Morelia,Agustin Arriaga Rivera,diciembre,lunes,16,-101.22426956892,19.6912774697567
32395,32400,2020,MOR200925885,2020/12/07,18:50:00,VOLCADURA,ASFALTO,Lluvioso,Bueno,1,CHEVROLET,BLANCO,0,,,,,0,0,Morelia,Sin datos,diciembre,lunes,19,-101.354728862643,19.6784532150067
32396,32401,2020,MOR200925942,2020/12/07,19:00:00,COLISIÓN POR INVASIÓN DE CARRIL,ASFALTO,Bueno,Bueno,2,FORD,BLANCO,2,,24,MASCULINO,SIN DATOS,0,0,Morelia,Tlalpujahua,diciembre,lunes,19,-101.218008971227,19.6778404175684
32397,32402,2020,"200925885",2020/12/07,20:00:00,VOLCADURA,ASFALTO,Bueno,Bueno,1,CHEVROLET,BLANCO,1,,,MASCULINO,SIN DATOS,0,0,Morelia,Sin datos,diciembre,lunes,20,-101.355687386609,19.6730743406826
32398,32403,2020,,2020/12/07,23:10:00,COLISIÓN POR ALCANCE,ASFALTO,Bueno,Bueno,2,CHEVROLET,ROJO,2,,27,FEMENINO,SIN DATOS,0,0,Morelia,Jacarandas,diciembre,lunes,23,-101.209167365732,19.708133874562
32399,32404,2020,,2020/12/07,23:20:00,COLISIÓN POR CORTE DE CIRCULACIÓN,CONCRETO,Bueno,Bueno,2,DODGE,AMARILLO,2,,25,MASCULINO,SIN DATOS,0,0,Morelia,Montaña Monarca,diciembre,lunes,23,-101.161383166909,19.6725751805305
32400,32405,2020,,2020/12/07,23:40:00,COLISIÓN CONTRA OBJETO FIJO,ASFALTO,Bueno,Bueno,1,MAZDA,NEGRO,2,,23,FEMENINO,SIN DATOS,1,0,Morelia,Ejidal Tres Puentes,diciembre,lunes,0,-101.230409511112,19.6925326253573
32401,32406,2020,,2020/12/07,23:50:00,COLISIÓN POR NO RESPETAR SEMÁFORO,ASFALTO,Bueno,Bueno,2,HONDA,VERDE METALICO,2,MINISTERIO PÚBLICO,35,MASCULINO,ALIENTO ETÍLICO,0,0,Morelia,Granjas Unidas de Morelia,diciembre,lunes,0,-101.279498965226,19.6913046460553
32402,32407,2020,,2020/12/08,"00:45:00",COLISIÓN CON PEATÓN,ASFALTO,Bueno,Bueno,2,NISSAN,GRIS,2,,41,FEMENINO,SIN DATOS,0,0,Morelia,Nueva Valladolid,diciembre,martes,1,-101.214162415,19.7004326249991