fid,id_accidente,anio_origen,folio_c5i,dia_incidente,hora_ocurrencia,tipo_incidente_vial,superficie_ocurrencia,condiciones_climaticas,condiciones_via,numero_vehiculos_involucrados,marca_vehiculo_ocasiona_siniestro,color_vehiculo_ocasiona_siniestro,numero_personas_involucradas,lugar_remite_presunto_responsable,edad_presunto_responsable,sexo_presunto_responsable,resultados_toxicologia,numero_personas_lesionadas,numero_personas_fallecidas,municipio,colonia,mes,dia_semana,hora_redondeada,lon,lat
32403,32408,2020,,2020/12/08,"08:40:00",COLISIÓN POR CORTE DE CIRCULACIÓN,CONCRETO,Bueno,Bueno,2,FORD,MORADO,2,,45,MASCULINO,SIN DATOS,0,0,Morelia,Alberto Oviedo Mota,diciembre,martes,9,-101.1958643049,19.6824359746124
32404,32409,2020,,2020/12/08,"08:40:00",COLISIÓN POR ALCANCE,CONCRETO,Bueno,Malo,2,FORD,GRIS,2,,56,FEMENINO,SIN DATOS,0,0,Morelia,Colinas del Sur,diciembre,martes,9,-101.198585223073,19.6670618142139
32405,32410,2020,,2020/12/08,"09:40:00",COLISIÓN POR CAMBIO DE CARRIL,CONCRETO,Bueno,Bueno,2,FORD,BLANCO,2,,,MASCULINO,SIN DATOS,0,0,Morelia,Colinas del Sur,diciembre,martes,10,-101.198612776666,19.6670221486115
32406,32411,2020,,2020/12/08,"09:50:00",COLISIÓN POR ALCANCE,CONCRETO,Bueno,Bueno,2,NISSAN,ARENA,2,,62,FEMENINO,SIN DATOS,0,0,Morelia,Loma de La Floresta,diciembre,martes,10,-101.201243139803,19.6663796333026
32407,32412,2020,,2020/12/08,15:34:00,COLISIÓN POR ALCANCE,ASFALTO,Bueno,Bueno,2,NISSAN,BLANCO,2,,28,MASCULINO,SIN DATOS,0,0,Morelia,Jardines de Guadalupe,diciembre,martes,16,-101.220649927855,19.7123124088567
32408,32413,2020,,2020/12/08,15:44:00,COLISIÓN POR ALCANCE,ASFALTO,Bueno,Bueno,2,HONDA,BLANCO,2,,51,MASCULINO,SIN DATOS,0,0,Morelia,Americas Britania,diciembre,martes,16,-101.149221604528,19.6946599794865
32409,32414,2020,,2020/12/08,15:50:00,COLISIÓN POR ALCANCE,ASFALTO,Bueno,Bueno,2,NISSAN TIIDA,PLATA,2,,30,FEMENINO,SIN DATOS,0,0,Morelia,Elias Perez Avalos,diciembre,martes,16,-101.1714351719,19.7147346655634
32410,32415,2020,,2020/12/08,19:10:00,COLISIÓN POR CAMBIO DE CARRIL,ASFALTO,Lluvioso,Regular,2,S/D,BLANCO Y ROJO,1,,30,MASCULINO,SIN DATOS,0,0,Morelia,Ignacio Zaragoza,diciembre,martes,19,-101.205319518385,19.725460914583
32411,32416,2020,,2020/12/08,19:32:00,COLISIÓN POR ALCANCE,ASFALTO,Bueno,Bueno,2,JEEP,PLATA,2,,26,MASCULINO,SIN DATOS,0,0,Morelia,Las Americas,diciembre,martes,20,-101.156015731394,19.687640682782
32412,32417,2020,,2020/12/08,20:25:00,COLISIÓN POR ALCANCE,CONCRETO,Bueno,Bueno,2,NISSAN TSURU,BLANCO,2,,47,MASCULINO,ALIENTO ETÍLICO,0,0,Morelia,Villas Lomas del Paraiso,diciembre,martes,20,-101.1755808917,19.6734248883662
32413,32418,2020,,2020/12/08,20:30:00,COLISIÓN CON PEATÓN,ASFALTO,Lluvioso,Bueno,1,CHEVROLET,GRIS,0,,,,,0,0,Morelia,Sin datos,diciembre,martes,21,-101.106789819896,19.7364652450075
32414,32419,2020,,2020/12/08,20:30:00,COLISIÓN POR INVASIÓN DE CARRIL,ASFALTO,Nublado,Regular,3,FORD,NEGRO,3,,52,MASCULINO,SIN DATOS,0,0,Chucándiro,Sin datos,diciembre,martes,21,-101.323024176739,19.9422024349799
32415,32420,2020,,2020/12/08,22:35:00,COLISIÓN POR CORTE DE CIRCULACIÓN,CONCRETO,Bueno,Bueno,2,DINA,BLANCO,2,,35,MASCULINO,SIN DATOS,0,0,Morelia,Centro,diciembre,martes,23,-101.18982296437,19.7014076531154
32416,32421,2020,MOR200928962,2020/12/09,"09:25:00",COLISIÓN POR CORTE DE CIRCULACIÓN,ASFALTO,Bueno,Bueno,2,HONDA,BLANCO,1,MINISTERIO PÚBLICO,,,,1,0,Morelia,Chapultepec Sur,diciembre,miércoles,9,-101.177095878723,19.6919521157387
32417,32422,2020,MOR200929356,2020/12/09,11:10:00,COLISIÓN POR CAMBIO DE CARRIL,CONCRETO,Bueno,Bueno,2,INTERNATIONAL,BLANCO,2,,42,MASCULINO,SIN DATOS,0,0,Morelia,Morelos,diciembre,miércoles,11,-101.206003695038,19.7023770394756
32418,32423,2020,LEG34342,2020/12/09,11:25:00,COLISIÓN POR ALCANCE,ASFALTO,Bueno,Bueno,2,CHEVROLET,ROJO,2,,75,MASCULINO,SIN DATOS,0,0,Morelia,Alberto Oviedo Mota,diciembre,miércoles,11,-101.202115193009,19.6771484419361
32419,32424,2020,MOR200929174,2020/12/09,11:30:00,COLISIÓN POR CORTE DE CIRCULACIÓN,CONCRETO,Bueno,Bueno,2,ITALIKA,ROJO Y NEGRO,2,,20,MASCULINO,SIN DATOS,0,0,Morelia,Ana Maria Gallaga (Riviera Norte),diciembre,miércoles,12,-101.222266294062,19.6773770068806
32420,32425,2020,,2020/12/09,11:45:00,COLISIÓN POR CORTE DE CIRCULACIÓN,ASFALTO,Bueno,Bueno,2,NISSAN,BLANCO,2,,54,MASCULINO,SIN DATOS,0,0,Morelia,Lazaro Cardenas,diciembre,miércoles,12,-101.164315418245,19.7086549885115
32421,32426,2020,LEG34346,2020/12/09,14:15:00,COLISIÓN POR MANIOBRA DE REVERSA,ASFALTO,Bueno,Bueno,2,MERCURY,AZUL,2,MINISTERIO PÚBLICO,57,MASCULINO,SIN DATOS,0,0,Morelia,Irrigacion,diciembre,miércoles,14,-101.225012540817,19.7047083692474
32422,32427,2020,,2020/12/09,15:20:00,COLISIÓN POR ALCANCE,ASFALTO,Bueno,Bueno,2,VOLKSWAGEN,PLATA,2,,54,MASCULINO,SIN DATOS,0,0,Morelia,Tres Puentes,diciembre,miércoles,15,-101.21348980137,19.7025304442857
32423,32428,2020,,2020/12/09,16:05:00,COLISIÓN POR CAMBIO DE CARRIL,CONCRETO,Bueno,Bueno,2,INTERNATIONAL,VERDE,2,,30,MASCULINO,SIN DATOS,0,0,Morelia,Ventura Puente,diciembre,miércoles,16,-101.179276488043,19.6935509362113
32424,32429,2020,MOR200930602,2020/12/09,17:00:00,COLISIÓN POR CORTE DE CIRCULACIÓN,CONCRETO,Bueno,Bueno,2,MINI,ROJO,2,,19,MASCULINO,SIN DATOS,0,0,Morelia,Centro,diciembre,miércoles,17,-101.195314116776,19.6987413368632
32425,32430,2020,LEG34336,2020/12/09,17:30:00,COLISIÓN POR CORTE DE CIRCULACIÓN,SIN_DATOS,Bueno,Bueno,2,AUDI,PLATA,2,,35,MASCULINO,SIN DATOS,0,0,Morelia,Centro,diciembre,miércoles,18,-101.194399513982,19.6962142110328
32426,32431,2020,MOR2002930245,2020/12/09,17:47:00,COLISIÓN POR CORTE DE CIRCULACIÓN,ASFALTO,Bueno,Bueno,2,ITALIKA,AMARILLO,2,,24,MASCULINO,SIN DATOS,0,0,Morelia,Prados Verdes,diciembre,miércoles,18,-101.197310716582,19.7153322832534
32427,32432,2020,MOR 200930343,2020/12/09,18:40:00,COLISIÓN CONTRA OBJETO FIJO,CONCRETO,Bueno,Bueno,2,DINAMO,NEGRO,2,,15,MASCULINO,SIN DATOS,0,0,Morelia,Vista Hermosa  2A Etapa,diciembre,miércoles,19,-101.212176159024,19.6766623242205
32428,32433,2020,MOR200930451,2020/12/09,19:30:00,COLISIÓN CONTRA OBJETO FIJO,ASFALTO,Bueno,Bueno,1,SUZUKI,GRIS,1,,40,MASCULINO,SIN DATOS,0,0,Morelia,Los Manantiales de Morelia,diciembre,miércoles,20,-101.240233375944,19.6927362306525
32429,32434,2020,M0R950602,2020/12/09,20:30:00,COLISIÓN CONTRA OBJETO FIJO,ASFALTO,Bueno,Bueno,2,FORD,NEGRO,0,,,,,0,0,Morelia,Lomas del Valle,diciembre,miércoles,21,-101.2309297987,19.6883707845518
32430,32435,2020,MOR200930747,2020/12/09,22:05:00,CAIDA ACUATICA DE VEHÍCULO,ASFALTO,Bueno,Bueno,1,DODGE,PLATA,1,MINISTERIO PÚBLICO,49,MASCULINO,SIN DATOS,0,0,Morelia,Prados Verdes,diciembre,miércoles,22,-101.201529465616,19.7145532967206
32431,32436,2020,,2020/12/09,22:15:00,COLISIÓN POR CORTE DE CIRCULACIÓN,ASFALTO,Bueno,Bueno,2,VENTO,GRIS,2,,18,MASCULINO,SIN DATOS,0,0,Morelia,Loma Real,diciembre,miércoles,22,-101.198514997959,19.7291192777005
32432,32437,2020,LEG34352,2020/12/09,23:50:00,COLISIÓN POR CORTE DE CIRCULACIÓN,CONCRETO,Bueno,Bueno,2,VOLVO,BLANCO,2,,35,MASCULINO,SIN DATOS,0,0,Morelia,Ejidal Tres Puentes,diciembre,miércoles,0,-101.225919157945,19.6924457881215
32433,32438,2020,,2020/12/10,"00:00:00",COLISIÓN POR ALCANCE,ASFALTO,Bueno,Bueno,2,KENWORTH,BLANCO,2,MINISTERIO PÚBLICO,26,MASCULINO,SIN DATOS,0,0,Morelia,La Esperanza,diciembre,jueves,0,-101.253779903054,19.6978256188547
32434,32439,2020,,2020/12/10,"00:00:00",COLISIÓN CONTRA OBJETO FIJO,ASFALTO,Bueno,Bueno,2,FORD,GUINDA,2,,55,MASCULINO,SIN DATOS,0,0,Morelia,Huertitas,diciembre,jueves,0,-101.212205328047,19.7234343903958
32435,32440,2020,,2020/12/10,"00:00:00",COLISIÓN POR CAMBIO DE CARRIL,ASFALTO,Bueno,Bueno,2,NISSAN,BLANCO,2,,38,MASCULINO,SIN DATOS,0,0,Morelia,Industrial,diciembre,jueves,0,-101.193812384523,19.7123455211308
32436,32441,2020,MOR200930988,2020/12/10,"01:45:00",COLISIÓN POR CORTE DE CIRCULACIÓN,ASFALTO,Bueno,Bueno,2,TOYOTA,GRIS,2,MINISTERIO PÚBLICO,42,MASCULINO,SIN DATOS,0,0,Morelia,Lomas del Valle,diciembre,jueves,2,-101.230642162263,19.6877861524015
32437,32442,2020,"200932069",2020/12/10,"04:00:00",COLISIÓN POR NO RESPETAR SEMÁFORO,ASFALTO,Bueno,Bueno,2,FORD,ROJO,2,,25,MASCULINO,SIN DATOS,0,0,Morelia,Elias Perez Avalos,diciembre,jueves,4,-101.171453490175,19.7147682651325
32438,32443,2020,,2020/12/10,"09:28:00",COLISIÓN POR CAMBIO DE CARRIL,ASFALTO,Bueno,Bueno,2,VOLKSWAGEN,AZUL,2,,61,FEMENINO,SIN DATOS,0,0,Morelia,Ana Maria Gallaga (Riviera Norte),diciembre,jueves,9,-101.222930902777,19.6767421672474
32439,32444,2020,MOR200486754,2020/12/10,11:50:00,COLISIÓN POR CORTE DE CIRCULACIÓN,ASFALTO,Bueno,Bueno,2,NISSAN,BLANCO,2,,55,MASCULINO,SIN DATOS,0,0,Morelia,El Eden,diciembre,jueves,12,-101.249639212407,19.6460359740658
32440,32445,2020,,2020/12/10,11:51:00,COLISIÓN POR ALCANCE,ASFALTO,Bueno,Bueno,2,VOLVO,BLANCO,2,,36,,SIN DATOS,0,0,Morelia,Dr Miguel Silva,diciembre,jueves,12,-101.184420629658,19.7194750884444
32441,32446,2020,,2020/12/10,12:15:00,COLISIÓN POR CORTE DE CIRCULACIÓN,ASFALTO,Bueno,Bueno,2,NISSAN,ROJO,2,,32,MASCULINO,SIN DATOS,0,0,Morelia,Felix Ireta,diciembre,jueves,12,-101.180786266923,19.685744658287
32442,32447,2020,,2020/12/10,13:00:00,COLISIÓN POR ALCANCE,CONCRETO,Bueno,Bueno,2,CHEVOLET,AZUL,2,,23,MASCULINO,SIN DATOS,0,0,Morelia,Centro,diciembre,jueves,13,-101.195268183947,19.7010446554095
32443,32448,2020,,2020/12/10,13:40:00,COLISIÓN POR ALCANCE,ASFALTO,Bueno,Bueno,2,NISSAN,ROJO,2,,29,MASCULINO,SIN DATOS,0,0,Morelia,Francisco J Mujica,diciembre,jueves,14,-101.185557246208,19.7240180028476
32444,32449,2020,,2020/12/10,13:47:00,COLISIÓN POR CORTE DE CIRCULACIÓN,ASFALTO,Bueno,Bueno,2,NISSAN,ROJO,2,,25,MASCULINO,SIN DATOS,0,0,Morelia,Felix Ireta,diciembre,jueves,14,-101.186967752874,19.6812590882885
32445,32450,2020,,2020/12/10,14:20:00,COLISIÓN POR CORTE DE CIRCULACIÓN,ASFALTO,Bueno,Bueno,2,CHEVOLET,GRIS,2,MINISTERIO PÚBLICO,29,MASCULINO,SIN DATOS,0,0,Morelia,Villas de La Loma,diciembre,jueves,14,-101.299126852628,19.6905418426595
32446,32451,2020,,2020/12/10,15:20:00,COLISIÓN POR CORTE DE CIRCULACIÓN,ASFALTO,Bueno,Bueno,2,FORD,ARENA,2,,0,FEMENINO,SIN DATOS,0,0,Morelia,Prados Verdes,diciembre,jueves,15,-101.203074722804,19.7148490360229
32447,32452,2020,,2020/12/10,15:35:00,COLISIÓN POR CORTE DE CIRCULACIÓN,ASFALTO,Bueno,Bueno,2,NISSAN TSURU,BLANCO,2,,,MASCULINO,SIN DATOS,0,0,Tarímbaro,Sin datos,diciembre,jueves,16,-101.153721071101,19.7694883140335
32448,32453,2020,,2020/12/10,15:50:00,COLISIÓN POR ALCANCE,ASFALTO,Bueno,Bueno,2,MITSUBISHI,PLATA,2,,23,MASCULINO,SIN DATOS,0,0,Morelia,Las Americas,diciembre,jueves,16,-101.156515262343,19.6877170478917
32449,32454,2020,,2020/12/10,16:45:00,COLISIÓN POR CORTE DE CIRCULACIÓN,CONCRETO,Bueno,Bueno,2,VOLKSWAGEN POINTER,GRIS,2,,63,MASCULINO,SIN DATOS,0,0,Morelia,Del Empleado,diciembre,jueves,17,-101.180166341364,19.6882079532924
32450,32455,2020,,2020/12/10,18:00:00,COLISIÓN POR CORTE DE CIRCULACIÓN,ASFALTO,Bueno,Bueno,2,CHEVROLET,AZUL,2,MINISTERIO PÚBLICO,,,SIN DATOS,0,0,Lázaro Cárdenas,Lomas del Rio (Unidad 512 5To Sector),diciembre,jueves,18,-102.223770320214,17.9720085855893
32451,32456,2020,MOR2003749840,2020/12/10,18:30:00,COLISIÓN POR CORTE DE CIRCULACIÓN,ASFALTO,Bueno,Bueno,2,VOLKSWAGEN,ARENA,2,,,MASCULINO,SIN DATOS,0,0,Morelia,Sin datos,diciembre,jueves,19,-101.290677680887,19.5998479868664
32452,32457,2020,,2020/12/10,19:00:00,COLISIÓN POR CORTE DE CIRCULACIÓN,ASFALTO,Bueno,Bueno,1,HYUNDAI,NEGRO,1,,56,MASCULINO,SIN DATOS,0,0,Morelia,Sentimientos de La Nacion,diciembre,jueves,19,-101.233155026354,19.6865809229878
32453,32458,2020,,2020/12/10,19:00:00,COLISIÓN POR ALCANCE,ASFALTO,Bueno,Bueno,2,JEEP,GRIS,2,,34,MASCULINO,SIN DATOS,0,0,Morelia,Lomas del Valle,diciembre,jueves,19,-101.22748889029,19.6899327394596
32454,32459,2020,,2020/12/10,20:35:00,COLISIÓN POR ALCANCE,ASFALTO,Bueno,Bueno,5,KENWOTH,BLANCO,4,MINISTERIO PÚBLICO,0,MASCULINO,SIN DATOS,0,0,Huiramba,El Plan,diciembre,jueves,21,-101.437955126166,19.548273480925
32455,32460,2020,MOR200564789,2020/12/10,20:47:00,COLISIÓN POR ALCANCE,ASFALTO,Bueno,Bueno,2,HINO,ROJO,2,,23,MASCULINO,SIN DATOS,0,0,Morelia,Xangari,diciembre,jueves,21,-101.220689459957,19.6741253214308
32457,32462,2020,MOR200374932,2020/12/11,"04:30:00",COLISIÓN POR CORTE DE CIRCULACIÓN,ASFALTO,Bueno,Malo,1,TOYOTA,NEGRO,1,,31,MASCULINO,ALIENTO ETÍLICO,0,0,Morelia,Sentimientos de La Nacion,diciembre,viernes,5,-101.235262937844,19.6811694324316
32458,32463,2020,MOR200934544,2020/12/11,"09:45:00",COLISIÓN POR ALCANCE,ASFALTO,Bueno,Bueno,2,FORD,ROJO,2,,42,MASCULINO,SIN DATOS,0,0,Morelia,Dr Miguel Silva,diciembre,viernes,10,-101.17845548824,19.7197540911215
32459,32464,2020,LEG34385,2020/12/11,10:04:00,COLISIÓN POR ALCANCE,ASFALTO,Bueno,Bueno,2,DODGE,BLANCO,2,,21,MASCULINO,SIN DATOS,0,0,Morelia,Independencia,diciembre,viernes,10,-101.176818914033,19.7053043600964
32460,32465,2020,MOR200934613,2020/12/11,10:30:00,COLISIÓN POR CORTE DE CIRCULACIÓN,ASFALTO,Bueno,Bueno,2,INTERNATIONAL,AMARILLO/GUINDA,2,,38,MASCULINO,SIN DATOS,0,0,Morelia,Isaac Arriaga,diciembre,viernes,11,-101.16625405848,19.7101620187676
32461,32466,2020,,2020/12/11,13:30:00,COLISIÓN POR INVASIÓN DE CARRIL,CONCRETO,Bueno,Bueno,2,ITALIKA,NARANJA/BCO/NEGRO,2,MINISTERIO PÚBLICO,26,MASCULINO,SIN DATOS,0,0,Pátzcuaro,Centro,diciembre,viernes,14,-101.615711853586,19.5156565119012
32462,32467,2020,MOR200935257,2020/12/11,14:15:00,COLISIÓN POR MANIOBRA DE REVERSA,CONCRETO,Bueno,Bueno,2,TOYOTA,PLATA,2,,23,FEMENINO,SIN DATOS,0,0,Morelia,Centro,diciembre,viernes,14,-101.191833889618,19.7047619999053
32463,32468,2020,MOR200935513,2020/12/11,15:01:00,COLISIÓN POR ALCANCE,ASFALTO,Bueno,Bueno,2,NISSAN,BLANCO,2,,43,MASCULINO,SIN DATOS,0,0,Morelia,Nueva Jacarndas,diciembre,viernes,15,-101.19200963527,19.6822636092828
32464,32469,2020,MOR200935760,2020/12/11,15:37:00,COLISIÓN POR ALCANCE,ASFALTO,Bueno,Bueno,2,CHEVROLET,AZUL,2,,25,MASCULINO,CON CERTIFICADO,0,0,Morelia,Ricardo Flores Magon,diciembre,viernes,16,-101.24258567325,19.7056827858709
32465,32470,2020,MOR 200935749,2020/12/11,16:10:00,COLISIÓN POR INVASIÓN DE CARRIL,ASFALTO,Bueno,Bueno,2,NISSAN,BLANCO,2,,24,FEMENINO,SIN DATOS,0,0,Morelia,Lomas del Tecnologico,diciembre,viernes,16,-101.188385635614,19.7211784203263
32466,32471,2020,LEG34398,2020/12/11,18:20:00,COLISIÓN POR CAMBIO DE CARRIL,ASFALTO,Bueno,Bueno,2,FREIGHTLINER,BLANCO Y AZUL,2,,23,MASCULINO,SIN DATOS,0,0,Morelia,Jardines de Guadalupe,diciembre,viernes,18,-101.222573406994,19.713600425387
32467,32472,2020,LEG34382,2020/12/11,19:25:00,COLISIÓN CONTRA OBJETO FIJO,ASFALTO,Bueno,Bueno,1,CHEVROLET,BLANCO,1,,42,MASCULINO,SIN DATOS,0,0,Morelia,Nicolaitas Ilustres,diciembre,viernes,19,-101.224896870553,19.7244016922247
32468,32473,2020,MOR 200936194,2020/12/11,19:30:00,COLISIÓN POR ALCANCE,ASFALTO,Bueno,Regular,3,NISSAN,BLANCO,3,,47,MASCULINO,SIN DATOS,0,0,Morelia,El Lago 3,diciembre,viernes,20,-101.21920284561,19.7271522185894
32469,32474,2020,MOR200936811,2020/12/11,20:30:00,COLISIÓN POR ALCANCE,ASFALTO,Bueno,Bueno,3,NISSAN,BLANCO,3,,18,MASCULINO,SIN DATOS,0,0,Morelia,Lomas de Morelia (Dr Ignacio Chavez),diciembre,viernes,21,-101.175677085457,19.7176391790053
32470,32475,2020,MOR200936656,2020/12/11,22:05:00,COLISIÓN POR CORTE DE CIRCULACIÓN,ASFALTO,Bueno,Bueno,2,CHEVROLET,BLANCO,2,MINISTERIO PÚBLICO,64,MASCULINO,SIN DATOS,0,0,Morelia,Niño Artillero,diciembre,viernes,22,-101.256836554542,19.697337325603
32471,32476,2020,,2020/12/11,22:10:00,COLISIÓN POR CORTE DE CIRCULACIÓN,ASFALTO,Bueno,Bueno,2,ITALIKA,NEGRO,2,,18,MASCULINO,SIN DATOS,0,0,Morelia,Morelos,diciembre,viernes,22,-101.206117384136,19.6990529455179
32472,32477,2020,,2020/12/11,23:30:00,COLISIÓN CONTRA OBJETO FIJO,ASFALTO,Bueno,Bueno,1,FORD,AZUL,3,MINISTERIO PÚBLICO,19,MASCULINO,SIN DATOS,1,1,Chucándiro,Sin datos,diciembre,viernes,0,-101.332265666939,19.8940264371649
32473,32478,2020,,2020/12/12,"00:00:00",COLISIÓN POR CORTE DE CIRCULACIÓN,ASFALTO,Bueno,Bueno,2,TOYOTA,BLANCO Y GRIS,2,,26,MASCULINO,SIN DATOS,0,0,Morelia,Lazaro Cardenas,diciembre,sábado,0,-101.165183186531,19.7100220500141
32474,32479,2020,,2020/12/12,"00:00:00",COLISIÓN POR INVASIÓN DE CARRIL,ASFALTO,Bueno,Bueno,2,HONDA,PLATA,1,,28,MASCULINO,SIN DATOS,0,0,Morelia,Industrial,diciembre,sábado,0,-101.195062751112,19.7073872402778
32475,32480,2020,MOR200937116,2020/12/12,"03:20:00",COLISIÓN CONTRA OBJETO FIJO,ASFALTO,Bueno,Bueno,4,NISSAN,ROJO,1,MINISTERIO PÚBLICO,0,,SIN DATOS,0,0,Morelia,Ventura Puente,diciembre,sábado,3,-101.190049275756,19.6942933793152
32476,32481,2020,LEG34394,2020/12/12,"03:20:00",VOLCADURA,ASFALTO,Bueno,Bueno,1,VOLKSWAGEN,GRIS,1,,18,MASCULINO,ALIENTO ETÍLICO,0,0,Morelia,Ampliacion La Soledad,diciembre,sábado,3,-101.183212995529,19.7300458049145
32477,32482,2020,MOR200937127,2020/12/12,"03:25:00",COLISIÓN POR ALCANCE,CONCRETO,Bueno,Bueno,2,CHEVROLET,NEGRO,2,,25,MASCULINO,SIN DATOS,0,0,Morelia,Sentimientos de La Nacion,diciembre,sábado,3,-101.236871897496,19.6848026929744
32478,32483,2020,MOR200937136,2020/12/12,"03:40:00",COLISIÓN POR ALCANCE,ASFALTO,Bueno,Bueno,3,VW,VERDE,3,MINISTERIO PÚBLICO,40,MASCULINO,ALIENTO ETÍLICO,0,0,Morelia,San Pascual,diciembre,sábado,4,-101.268524676561,19.694854944315
32479,32484,2020,MOR 200937180,2020/12/12,"05:50:00",COLISIÓN POR ALCANCE,ASFALTO,Bueno,Regular,2,VOLKSWAGEN,BEIGE,1,MINISTERIO PÚBLICO,36,MASCULINO,CON CERTIFICADO,0,0,Morelia,Tinijaro,diciembre,sábado,6,-101.261910684407,19.6965239019541
32480,32485,2020,MOR200937199,2020/12/12,"06:10:00",COLISIÓN POR CAMBIO DE CARRIL,ASFALTO,Bueno,Bueno,2,NISSAN,BLANCO,2,,21,MASCULINO,SIN DATOS,0,0,Morelia,Avicola Benito Juarez,diciembre,sábado,6,-101.279539167881,19.6914176557846
32481,32486,2020,MOR200456897,2020/12/12,10:07:00,COLISIÓN POR ALCANCE,ASFALTO,Bueno,Bueno,2,CHEVROLET,ARENA,2,,33,MASCULINO,SIN DATOS,0,0,Morelia,Clara Cordova Moran,diciembre,sábado,10,-101.182863637805,19.7324002568924
32482,32487,2020,,2020/12/12,12:05:00,COLISIÓN CONTRA OBJETO FIJO,ASFALTO,Bueno,Bueno,1,PONTIAC,ROJO,0,,,,,0,0,Morelia,Cumbres de Morelia,diciembre,sábado,12,-101.140433407642,19.6911869298947
32483,32488,2020,,2020/12/12,12:55:00,COLISIÓN POR ALCANCE,ASFALTO,Bueno,Bueno,2,TOYOTA,BLANCO,2,,29,FEMENINO,SIN DATOS,0,0,Morelia,Montaña Monarca,diciembre,sábado,13,-101.164684295654,19.6655912813851
32484,32489,2020,,2020/12/12,12:55:00,COLISIÓN POR ALCANCE,ASFALTO,Bueno,Bueno,3,NISSAN,BLANCO,3,,71,MASCULINO,SIN DATOS,0,0,Morelia,El Lago 1,diciembre,sábado,13,-101.214980743825,19.7270518293833
32485,32490,2020,,2020/12/12,13:13:00,SALIDA DE SUPERFICIE DE RODAMIENTO,ASFALTO,Bueno,Bueno,1,GMC,BEIGE,1,,36,MASCULINO,ALIENTO ETÍLICO,0,0,Tarímbaro,La Doctrina,diciembre,sábado,13,-101.184889376163,19.7930800554898
32486,32491,2020,,2020/12/12,13:55:00,COLISIÓN POR CAMBIO DE CARRIL,ASFALTO,Bueno,Bueno,2,CHEVROLET,BLANCO,2,,27,MASCULINO,SIN DATOS,0,0,Morelia,Balcones de Santa Maria,diciembre,sábado,14,-101.185774535619,19.6753515095423
32487,32492,2020,,2020/12/12,14:15:00,COLISIÓN CONTRA OBJETO FIJO,CONCRETO,Bueno,Bueno,3,CHEVROLET,BLANCO,1,,,MASCULINO,SIN DATOS,0,0,Morelia,Felix Arreguin,diciembre,sábado,14,-101.222835227169,19.7210446299741
32488,32493,2020,,2020/12/12,14:27:00,CAIDA ACUATICA DE VEHÍCULO,TERRACERIA,Bueno,Bueno,1,FORD,BLANCO Y ROJO,1,,38,MASCULINO,ALIENTO ETÍLICO,0,0,Morelia,Tenencia Morelos,diciembre,sábado,14,-101.24151545159,19.6429461182488
32489,32494,2020,,2020/12/12,14:30:00,COLISIÓN POR ALCANCE,CONCRETO,Bueno,Bueno,2,CHEVROLET,NEGRO,2,,48,MASCULINO,SIN DATOS,0,0,Morelia,Lazaro Cardenas,diciembre,sábado,15,-101.164897805154,19.709450550927
32490,32495,2020,,2020/12/12,15:20:00,COLISIÓN POR ALCANCE,ASFALTO,Bueno,Bueno,2,NISSAN,BLANCO,2,,61,FEMENINO,SIN DATOS,0,0,Morelia,Vista Bella,diciembre,sábado,15,-101.192054897547,19.6822528759051
32491,32496,2020,,2020/12/12,16:10:00,COLISIÓN POR CAMBIO DE CARRIL,ASFALTO,Bueno,Bueno,2,INTERNATIONAL,BLANCO y NARANJA,2,,20,MASCULINO,SIN DATOS,0,0,Morelia,Vicente Guerrero,diciembre,sábado,16,-101.226899139583,19.7041910290272
32492,32497,2020,,2020/12/12,17:20:00,COLISIÓN POR CAMBIO DE CARRIL,ASFALTO,Bueno,Bueno,2,TOYOTA,BLANCO Y MORADO,2,,44,MASCULINO,SIN DATOS,0,0,Morelia,Cosmos,diciembre,sábado,17,-101.216744601048,19.6827422196221
32493,32498,2020,,2020/12/12,18:10:00,COLISIÓN POR CORTE DE CIRCULACIÓN,ASFALTO,Bueno,Bueno,2,TOYOTA,NEGRO,1,,48,FEMENINO,SIN DATOS,0,0,Morelia,El Realito,diciembre,sábado,18,-101.205182329498,19.7258336405156
32494,32499,2020,,2020/12/12,19:30:00,COLISIÓN POR INVASIÓN DE CARRIL,ASFALTO,Bueno,Bueno,4,CHEVROLET,GRIS,0,MINISTERIO PÚBLICO,,,,0,0,Pátzcuaro,Revolucion,diciembre,sábado,20,-101.611923568629,19.5347217830181
32495,32500,2020,,2020/12/12,19:40:00,COLISIÓN POR INVASIÓN DE CARRIL,ASFALTO,Bueno,Bueno,2,VOLKSWAGEN,BLANCO,2,,20,MASCULINO,SIN DATOS,0,0,Morelia,Sin datos,diciembre,sábado,20,-101.279689676381,19.6466551760854
32496,32501,2020,,2020/12/12,20:20:00,COLISIÓN POR CORTE DE CIRCULACIÓN,CONCRETO,Bueno,Bueno,2,CHEVROLET,AZUL,2,,44,MASCULINO,SIN DATOS,0,0,Morelia,Guadalupe,diciembre,sábado,20,-101.22131676159,19.7087516802523
32497,32502,2020,MOR200941651,2020/12/13,"00:00:00",COLISIÓN CONTRA OBJETO FIJO,ASFALTO,Bueno,Bueno,1,HONDA,NEGRO,1,,28,MASCULINO,SIN DATOS,0,0,Morelia,Torremolinos,diciembre,domingo,0,-101.225633136928,19.6787919554673