fid,id_accidente,anio_origen,folio_c5i,dia_incidente,hora_ocurrencia,tipo_incidente_vial,superficie_ocurrencia,condiciones_climaticas,condiciones_via,numero_vehiculos_involucrados,marca_vehiculo_ocasiona_siniestro,color_vehiculo_ocasiona_siniestro,numero_personas_involucradas,lugar_remite_presunto_responsable,edad_presunto_responsable,sexo_presunto_responsable,resultados_toxicologia,numero_personas_lesionadas,numero_personas_fallecidas,municipio,colonia,mes,dia_semana,hora_redondeada,lon,lat
32498,32503,2020,,2020/12/13,"02:25:00",COLISIÓN POR CORTE DE CIRCULACIÓN,ASFALTO,Bueno,Bueno,2,CHEVROLET,PLATA,2,,50,MASCULINO,SIN DATOS,0,0,Morelia,El Realito,diciembre,domingo,2,-101.202647611499,19.7255322693886
32499,32504,2020,,2020/12/13,"02:30:00",COLISIÓN POR CORTE DE CIRCULACIÓN,ASFALTO,Bueno,Bueno,2,NISSAN,BLANCO,0,MINISTERIO PÚBLICO,,,,0,0,Lázaro Cárdenas,Flor de Abril Sector 2 B,diciembre,domingo,3,-102.232227623463,17.9988420689403
32500,32505,2020,,2020/12/13,"02:55:00",COLISIÓN CONTRA OBJETO FIJO,CONCRETO,Bueno,Bueno,1,VOLKSWAGEN,GRIS,1,,38,MASCULINO,ALIENTO ETÍLICO,0,0,Morelia,Centro,diciembre,domingo,3,-101.177865676582,19.7025619803471
32501,32506,2020,,2020/12/13,"03:45:00",COLISIÓN POR ALCANCE,ASFALTO,Bueno,Bueno,2,NISSAN,ROJO,2,,51,MASCULINO,SIN DATOS,0,0,Morelia,Ferrocarrilero,diciembre,domingo,4,-101.21505212716,19.6996817279787
32502,32507,2020,,2020/12/13,"04:04:00",COLISIÓN CONTRA OBJETO FIJO,ASFALTO,Bueno,Bueno,1,CHEVROLET AVEO,ROJO,1,,49,,SIN DATOS,0,0,Morelia,Morelos,diciembre,domingo,4,-101.209312931381,19.6919372469772
32503,32508,2020,,2020/12/13,"05:12:00",COLISIÓN CONTRA OBJETO FIJO,ASFALTO,Bueno,Bueno,1,VOLKSWAGEN,ROJO,1,,0,MASCULINO,ALIENTO ETÍLICO,0,0,Morelia,Tres Puentes,diciembre,domingo,5,-101.213938675143,19.7027788874549
32504,32509,2020,,2020/12/13,"05:42:00",COLISIÓN CONTRA OBJETO FIJO,CONCRETO,Bueno,Bueno,1,VOLKSWAGEN,PLATA,1,,47,MASCULINO,CON CERTIFICADO,0,0,Morelia,Club Campestre La Huerta,diciembre,domingo,6,-101.235611990772,19.6685944145327
32505,32510,2020,MOR200940272,2020/12/13,"06:50:00",CAIDA DE MOTOCICLETA,ASFALTO,Bueno,Bueno,1,BAJAJ,NEGRO,1,MINISTERIO PÚBLICO,,,,0,1,Morelia,Leandro Valle,diciembre,domingo,7,-101.229345009409,19.7178862788492
32506,32511,2020,,2020/12/13,"07:57:00",COLISIÓN CONTRA OBJETO FIJO,TERRACERIA,Bueno,Regular,1,CHRYSLER,NEGRO,0,,,,,0,0,Morelia,Praderas del Indio,diciembre,domingo,8,-101.230137266897,19.6458910406627
32507,32512,2020,MOE200941651,2020/12/13,"08:25:00",COLISIÓN CONTRA OBJETO FIJO,SIN_DATOS,Bueno,Bueno,2,TOYOTA,NEGRO,2,,23,MASCULINO,ALIENTO ETÍLICO,0,0,Morelia,Club Campestre,diciembre,domingo,8,-101.158558160745,19.6849324384559
32508,32513,2020,MOR200940452,2020/12/13,12:40:00,COLISIÓN POR CAMBIO DE CARRIL,CONCRETO,Bueno,Bueno,2,NISSAN,BLANCO Y NARANJA,2,,43,MASCULINO,SIN DATOS,0,0,Morelia,Molino de Parras,diciembre,domingo,13,-101.200993359089,19.6940471613206
32509,32514,2020,MOR200940966,2020/12/13,13:30:00,COLISIÓN CONTRA OBJETO FIJO,ASFALTO,Bueno,Bueno,1,CHEVROLET,VERDE,1,,55,FEMENINO,SIN DATOS,0,0,Morelia,Bosques Tres Marias,diciembre,domingo,14,-101.105248586022,19.7292626151828
32510,32515,2020,MOR200941118,2020/12/13,15:52:00,COLISIÓN POR ALCANCE,ASFALTO,Bueno,Bueno,2,NISSAN,BLANCO/MORADO,2,,23,MASCULINO,SIN DATOS,0,0,Morelia,Primo Tapia Oriente,diciembre,domingo,16,-101.158603697347,19.7134233879311
32511,32516,2020,,2020/12/13,17:45:00,COLISIÓN POR INVASIÓN DE CARRIL,ASFALTO,Bueno,Bueno,2,FORD,ROJO,1,MINISTERIO PÚBLICO,23,MASCULINO,SIN DATOS,0,0,Peribán,Sin datos,diciembre,domingo,18,-102.445110499181,19.5528360903919
32512,32517,2020,MOR200941572,2020/12/13,19:30:00,COLISIÓN POR CAMBIO DE CARRIL,ASFALTO,Bueno,Bueno,2,NISSAN,ROJO,2,,31,MASCULINO,SIN DATOS,0,0,Morelia,La Hacienda,diciembre,domingo,20,-101.314942315221,19.6868798420886
32513,32518,2020,MOR200942225,2020/12/13,21:30:00,COLISIÓN POR ALCANCE,ASFALTO,Bueno,Bueno,2,HONDA,ACERO,2,,38,MASCULINO,SIN DATOS,0,0,Morelia,Balcones de Santa Maria,diciembre,domingo,22,-101.185773194514,19.6753502180366
32514,32519,2020,MOR200942106,2020/12/13,22:40:00,COLISIÓN CONTRA OBJETO FIJO,ASFALTO,Bueno,Bueno,1,HONDA,PLATA,0,,,,,0,0,Morelia,Guadalupe,diciembre,domingo,23,-101.225791692055,19.7078562776928
32516,32521,2020,MOR200942213,2020/12/14,"00:50:00",COLISIÓN CONTRA OBJETO FIJO,ASFALTO,Bueno,Bueno,1,FORD,NEGRO,1,,64,MASCULINO,SIN DATOS,0,0,Morelia,Sin datos,diciembre,lunes,1,-101.461992412806,19.7936435674155
32517,32522,2020,MOR200942424,2020/12/14,"03:44:00",COLISIÓN POR CORTE DE CIRCULACIÓN,ASFALTO,Bueno,Bueno,1,MITSUBISHI,BLANCO,1,,37,MASCULINO,SIN DATOS,0,0,Morelia,Sin datos,diciembre,lunes,4,-101.288557760417,19.6881750656127
32518,32523,2020,MOR200942480,2020/12/14,"05:30:00",COLISIÓN POR INVASIÓN DE CARRIL,ASFALTO,Bueno,Bueno,2,NISSAN,BLANCO,2,,56,MASCULINO,SIN DATOS,0,0,Morelia,Los Manantiales de Morelia,diciembre,lunes,6,-101.240230053663,19.6927349392869
32519,32524,2020,,2020/12/14,"08:20:00",COLISIÓN POR CORTE DE CIRCULACIÓN,ASFALTO,Bueno,Bueno,1,FORD  F450,ROJO,1,,,MASCULINO,SIN DATOS,0,0,Morelia,El Lago 2,diciembre,lunes,8,-101.21308714929,19.7249514326746
32520,32525,2020,,2020/12/14,"09:10:00",COLISIÓN POR ALCANCE,ASFALTO,Bueno,Bueno,2,NISSAN,NEGRO,2,,27,MASCULINO,SIN DATOS,0,0,Morelia,Tinijaro,diciembre,lunes,9,-101.26316,19.6963297049991
32521,32526,2020,,2020/12/14,"09:30:00",COLISIÓN POR CAMBIO DE CARRIL,ASFALTO,Bueno,Bueno,2,ITALIKA,NEGRO Y NARANJA,2,,43,MASCULINO,SIN DATOS,0,0,Morelia,Santillan La Huerta,diciembre,lunes,10,-101.219553885717,19.6760966650679
32522,32527,2020,,2020/12/14,10:30:00,COLISIÓN CON PEATÓN,CONCRETO,Bueno,Bueno,1,NISSAN,BLANCO,2,,,MASCULINO,SIN DATOS,1,0,Morelia,Felicitas del Rio,diciembre,lunes,11,-101.199315807371,19.6912362607314
32523,32528,2020,,2020/12/14,12:07:00,COLISIÓN POR CORTE DE CIRCULACIÓN,ASFALTO,Bueno,Bueno,2,TOYOTA,BLANCO Y ROJO,2,,34,MASCULINO,SIN DATOS,0,0,Morelia,Guadalupe,diciembre,lunes,12,-101.22195826,19.7086433849991
32525,32530,2020,,2020/12/14,14:00:00,COLISIÓN POR ALCANCE,CONCRETO,Bueno,Bueno,3,CHEVROLET CHEVY,ROJO,3,,50,FEMENINO,SIN DATOS,0,0,Morelia,Villas Valladolid,diciembre,lunes,14,-101.218465634369,19.696546600736
32526,32531,2020,,2020/12/14,16:17:00,COLISIÓN POR CAMBIO DE CARRIL,CONCRETO,Bueno,Bueno,2,NISSAN,BLANCO,2,,20,MASCULINO,SIN DATOS,1,0,Morelia,Agustin Arriaga Rivera,diciembre,lunes,16,-101.221731162883,19.6934180697554
32527,32532,2020,,2020/12/14,16:55:00,COLISIÓN POR ALCANCE,ASFALTO,Bueno,Bueno,2,CHEVROLET,ROJO,2,,,MASCULINO,SIN DATOS,0,0,Morelia,Jardines de La Loma,diciembre,lunes,17,-101.225628443062,19.6768437934151
32528,32533,2020,,2020/12/14,17:00:00,COLISIÓN CONTRA OBJETO FIJO,ASFALTO,Bueno,Bueno,2,NISSAN,BLANCO,2,MINISTERIO PÚBLICO,35,MASCULINO,SIN DATOS,0,0,Morelia,Felicitas del Rio,diciembre,lunes,17,-101.200257123757,19.6935246012511
32530,32535,2020,,2020/12/14,19:00:00,COLISIÓN CONTRA OBJETO FIJO,ASFALTO,Bueno,Bueno,2,FORD,VERDE,2,,49,MASCULINO,ALIENTO ETÍLICO,0,0,Tarímbaro,Galaxias Tarimbaro,diciembre,lunes,19,-101.193516590971,19.7605690405083
32531,32536,2020,,2020/12/14,19:40:00,COLISIÓN POR CORTE DE CIRCULACIÓN,ASFALTO,Bueno,Bueno,2,SUZUKI,AZUL,2,,24,MASCULINO,SIN DATOS,0,0,Morelia,Gral Gertrudis Sanchez,diciembre,lunes,20,-101.2094753,19.7439916449991
32532,32537,2020,,2020/12/14,20:50:00,COLISIÓN POR ALCANCE,ASFALTO,Bueno,Bueno,3,NISSAN/TIIDA,PLATA,3,,18,MASCULINO,SIN DATOS,0,0,Morelia,Centro,diciembre,lunes,21,-101.18218963,19.7028850649992
32534,32539,2020,MOR200946713,2020/12/15,"00:00:00",COLISIÓN POR CORTE DE CIRCULACIÓN,ASFALTO,Bueno,Bueno,2,FORD,VERDE,2,MINISTERIO PÚBLICO,50,FEMENINO,SIN DATOS,0,0,Morelia,Chapultepec Sur,diciembre,martes,0,-101.170991144396,19.6917058904983
32535,32540,2020,MOR200945304,2020/12/15,"08:20:00",COLISIÓN CONTRA OBJETO FIJO,ASFALTO,Bueno,Bueno,1,CHEVROLET,BLANCO,1,,26,MASCULINO,CON CERTIFICADO,0,0,Morelia,Sin datos,diciembre,martes,8,-101.267017275095,19.6399874695634
32536,32541,2020,LEG34465,2020/12/15,"09:15:00",COLISIÓN POR CORTE DE CIRCULACIÓN,CONCRETO,Bueno,Bueno,1,FORD,BLANCO,1,,37,MASCULINO,SIN DATOS,0,0,Morelia,Los Manantiales de Morelia,diciembre,martes,9,-101.243258267641,19.6999834347848
32537,32542,2020,MOR200945552,2020/12/15,"09:45:00",COLISIÓN POR CAMBIO DE CARRIL,ASFALTO,Bueno,Bueno,2,DODGE,NEGRO,2,,37,FEMENINO,SIN DATOS,0,0,Morelia,La Soledad,diciembre,martes,10,-101.183437996291,19.7280781833802
32538,32543,2020,MOR200945539,2020/12/15,"09:50:00",COLISIÓN POR ALCANCE,ASFALTO,Bueno,Bueno,2,NISSAN,BLANCO,2,,28,MASCULINO,SIN DATOS,0,0,Morelia,Cumbres de Morelia,diciembre,martes,10,-101.140403568066,19.6911626233045
32539,32544,2020,MOR200945524,2020/12/15,10:30:00,COLISIÓN POR CORTE DE CIRCULACIÓN,CONCRETO,Bueno,Bueno,2,DODGE,NARANJA,2,MINISTERIO PÚBLICO,44,FEMENINO,SIN DATOS,0,0,Morelia,Industrial,diciembre,martes,11,-101.199595928192,19.7118395395799
32540,32545,2020,MOR200945638,2020/12/15,11:15:00,COLISIÓN POR CORTE DE CIRCULACIÓN,ASFALTO,Bueno,Bueno,2,CHEVROLET,AZUL,2,MINISTERIO PÚBLICO,51,FEMENINO,SIN DATOS,0,0,Morelia,Enrique Ramirez,diciembre,martes,11,-101.165747761048,19.7098750798298
32541,32546,2020,MOR200945917,2020/12/15,13:30:00,SUBIDA AL CAMELLÓN,ASFALTO,Bueno,Bueno,1,NISSAN,GUINDA,1,,27,MASCULINO,ALIENTO ETÍLICO,0,0,Morelia,Hermanos Lopez Rayon,diciembre,martes,14,-101.220243207432,19.6753041543569
32542,32547,2020,MOR2009945675,2020/12/15,14:00:00,COLISIÓN POR CAMBIO DE CARRIL,ASFALTO,Bueno,Bueno,2,NISSAN,BLANCO/NEGRO,2,,37,MASCULINO,SIN DATOS,0,0,Morelia,Infonavit  Las  Camelinas,diciembre,martes,14,-101.173836663365,19.6835976993935
32543,32548,2020,MOR200946956,2020/12/15,16:04:00,COLISIÓN POR ALCANCE,ASFALTO,Bueno,Bueno,2,ITALIKA,ROJO Y NEGRO,2,,29,MASCULINO,SIN DATOS,0,0,Morelia,Jose Maria Morelos,diciembre,martes,16,-101.218636289917,19.714386675919
32544,32549,2020,MOR200946221,2020/12/15,16:30:00,COLISIÓN POR NO RESPETAR SEMÁFORO,ASFALTO,Bueno,Bueno,2,NISSAN,BLANCO,0,,,,,0,0,Morelia,Obrera,diciembre,martes,17,-101.188363842666,19.7107174736972
32545,32550,2020,LEG34464,2020/12/15,16:30:00,SUBIDA AL CAMELLÓN,CONCRETO,Bueno,Bueno,1,NISSAN,BLANCO,1,,27,MASCULINO,SIN DATOS,0,0,Tarímbaro,Sin datos,diciembre,martes,17,-101.179708018899,19.7522264558211
32546,32551,2020,MOR200947007,2020/12/15,20:20:00,COLISIÓN CONTRA OBJETO FIJO,ASFALTO,Bueno,Bueno,1,FORD,GUINDA,1,,40,FEMENINO,SIN DATOS,0,0,Morelia,Isaac Arriaga,diciembre,martes,20,-101.168716962619,19.7123244009306
32547,32552,2020,LEG34472,2020/12/16,"00:20:00",COLISIÓN POR CORTE DE CIRCULACIÓN,ASFALTO,Bueno,Bueno,1,ITALIKA,ROJO,0,MINISTERIO PÚBLICO,,,,0,0,Morelia,Centro,diciembre,miércoles,0,-101.190595410086,19.6959373769165
32548,32553,2020,MOR200947526,2020/12/16,"03:30:00",COLISIÓN POR MANIOBRA DE REVERSA,SIN_DATOS,Bueno,Bueno,2,NISSAN,AZUL,1,,41,MASCULINO,SIN DATOS,0,0,Morelia,Mirador de La Cantera,diciembre,miércoles,4,-101.197915379376,19.7217451957141
32549,32554,2020,MOR200947601,2020/12/16,"05:30:00",SUBIDA AL CAMELLÓN,CONCRETO,Bueno,Bueno,1,CHRYSLER,PLATA,0,,,,,0,0,Morelia,Rafael Carrillo,diciembre,miércoles,6,-101.236403181471,19.707764427271
32550,32555,2020,LEG34516,2020/12/16,"09:05:00",COLISIÓN POR CORTE DE CIRCULACIÓN,ASFALTO,Bueno,Bueno,2,HONDA,GRIS,2,MINISTERIO PÚBLICO,34,MASCULINO,SIN DATOS,0,0,Morelia,Vista Bella,diciembre,miércoles,9,-101.196787960149,19.6777119899492
32551,32556,2020,,2020/12/16,12:50:00,COLISIÓN POR MANIOBRA DE REVERSA,ASFALTO,Bueno,Bueno,2,CHEVROLET,BLANCO,2,,27,MASCULINO,SIN DATOS,0,0,Morelia,Campestre Los Manantiales,diciembre,miércoles,13,-101.239571205593,19.6910868624803
32552,32557,2020,,2020/12/16,15:00:00,VOLCADURA,ADOQUIN_EMPEDRADO,Bueno,Bueno,1,NISSAN,BCO/VDE/AZUL,1,,29,MASCULINO,SIN DATOS,0,0,Pátzcuaro,San Lazaro,diciembre,miércoles,15,-101.612206815995,19.5059067942536
32553,32558,2020,,2020/12/16,15:00:00,COLISIÓN POR MANIOBRA DE REVERSA,ASFALTO,Bueno,Bueno,2,NISSAN,AZUL,2,,35,MASCULINO,SIN DATOS,0,0,Morelia,Chapultepec Oriente,diciembre,miércoles,15,-101.159373521805,19.6901892087765
32554,32559,2020,,2020/12/16,15:05:00,COLISIÓN POR MANIOBRA DE REVERSA,ASFALTO,Bueno,Bueno,2,FORD,NEGRO,2,,42,MASCULINO,SIN DATOS,0,0,Morelia,Industrial,diciembre,miércoles,15,-101.188459396362,19.7107882898185
32555,32560,2020,MOR20020946221,2020/12/16,15:15:00,COLISIÓN CONTRA OBJETO FIJO,ASFALTO,Bueno,Bueno,1,VOLKSWAGEN,GRIS,1,,70,MASCULINO,SIN DATOS,0,0,Morelia,Sin datos,diciembre,miércoles,15,-101.4092162624,19.6452550716862
32556,32561,2020,,2020/12/16,15:16:00,COLISIÓN CONTRA OBJETO FIJO,CONCRETO,Bueno,Bueno,2,NISSAN,GRIS,1,,72,MASCULINO,SIN DATOS,0,0,Morelia,Solidaridad,diciembre,miércoles,15,-101.207633533252,19.7261583942392
32557,32562,2020,,2020/12/16,18:30:00,COLISIÓN POR CORTE DE CIRCULACIÓN,ASFALTO,Bueno,Bueno,3,VOLKSWAGEN,GRIS,2,MINISTERIO PÚBLICO,,,SIN DATOS,0,0,Lázaro Cárdenas,Segundo Sector de Fidelac,diciembre,miércoles,19,-102.204204574227,17.9632247323429
32558,32563,2020,LEG34468,2020/12/16,18:35:00,SUBIDA AL CAMELLÓN,ASFALTO,Bueno,Bueno,1,NISSAN,ROJO,1,,20,MASCULINO,SIN DATOS,0,0,Morelia,Rafael Carrillo,diciembre,miércoles,19,-101.233282461762,19.7121984096098
32559,32564,2020,,2020/12/16,18:36:00,COLISIÓN POR ALCANCE,ASFALTO,Bueno,Bueno,2,NISSAN,ROJO,2,,37,MASCULINO,SIN DATOS,0,0,Morelia,Sin datos,diciembre,miércoles,19,-101.308048672296,19.6873694873362
32560,32565,2020,,2020/12/16,18:40:00,COLISIÓN POR CORTE DE CIRCULACIÓN,ASFALTO,Bueno,Bueno,2,ITALIKA,ROJO,2,,24,MASCULINO,SIN DATOS,0,0,Morelia,Isaac Arriaga,diciembre,miércoles,19,-101.166248694062,19.7101704834567
32561,32566,2020,,2020/12/16,18:48:00,COLISIÓN CONTRA OBJETO FIJO,CONCRETO,Bueno,Bueno,1,GMC,BLANCO,1,,38,MASCULINO,SIN DATOS,0,0,Morelia,Los Manantiales de Morelia,diciembre,miércoles,19,-101.240165040575,19.7009790287807
32562,32567,2020,,2020/12/16,19:20:00,COLISIÓN POR CORTE DE CIRCULACIÓN,ASFALTO,Bueno,Bueno,2,FORD RANGER,BLANCO,2,,37,MASCULINO,SIN DATOS,0,0,Tarímbaro,Sin datos,diciembre,miércoles,19,-101.144222058356,19.7684391935411
32563,32568,2020,,2020/12/16,19:44:00,COLISIÓN POR CORTE DE CIRCULACIÓN,ASFALTO,Bueno,Bueno,2,OLDSMOVIL,VERDE,2,,22,FEMENINO,SIN DATOS,0,0,Morelia,El Realito,diciembre,miércoles,20,-101.204297840595,19.7257294632594
32564,32569,2020,,2020/12/16,21:00:00,COLISIÓN POR MANIOBRA DE REVERSA,ASFALTO,Bueno,Bueno,2,FORD,PLATA,2,,35,MASCULINO,SIN DATOS,0,0,Morelia,Nueva Chapultepec,diciembre,miércoles,21,-101.174942404032,19.6893332763523
32565,32570,2020,,2020/12/16,21:00:00,CAIDA DE MOTOCICLETA,ASFALTO,Bueno,Bueno,1,BAJAJ,BLANCO,1,MINISTERIO PÚBLICO,,,SIN DATOS,0,0,Lázaro Cárdenas,Centro,diciembre,miércoles,21,-102.193396613002,17.9555841507675
32566,32571,2020,,2020/12/16,21:05:00,COLISIÓN POR CAMBIO DE CARRIL,ASFALTO,Bueno,Bueno,2,KIA,BLANCO,2,,22,MASCULINO,SIN DATOS,0,0,Morelia,Centro,diciembre,miércoles,21,-101.191560670055,19.7029252615615
32567,32572,2020,,2020/12/16,22:40:00,COLISIÓN POR CORTE DE CIRCULACIÓN,ASFALTO,Bueno,Bueno,2,NISSAN,BLANCO,0,MINISTERIO PÚBLICO,,,,0,0,Lázaro Cárdenas,Segundo Sector de Fidelac,diciembre,miércoles,23,-102.211138080722,17.9615542386683
32568,32573,2020,LEG34507,2020/12/17,"00:00:00",COLISIÓN POR CORTE DE CIRCULACIÓN,ASFALTO,Bueno,Bueno,2,VOLKSWAGEN,PLATA,2,,24,MASCULINO,SIN DATOS,0,0,Morelia,Los Manantiales de Morelia,diciembre,jueves,0,-101.241650313817,19.6958174258395
32569,32574,2020,,2020/12/17,"00:15:00",COLISIÓN CONTRA OBJETO FIJO,ASFALTO,Bueno,Bueno,1,TOYOTA,CAFE,1,,58,MASCULINO,SIN DATOS,0,0,Morelia,Lomas del Tecnologico,diciembre,jueves,0,-101.193067766726,19.7232731154719
32570,32575,2020,,2020/12/17,"01:40:00",COLISIÓN POR ALCANCE,ASFALTO,Bueno,Bueno,2,VOLKSWAGEN JETTA,AZUL,2,,47,MASCULINO,ALIENTO ETÍLICO,0,0,Morelia,Enrique Arreguin Robles,diciembre,jueves,2,-101.185927756809,19.7203398689134
32571,32576,2020,,2020/12/17,"02:00:00",COLISIÓN CONTRA OBJETO FIJO,ASFALTO,Bueno,Bueno,2,VOLKSWAGEN,GRIS,2,,,MASCULINO,SIN DATOS,0,0,Morelia,Enrique Arreguin Robles,diciembre,jueves,2,-101.184273108152,19.7196856029529
32572,32577,2020,,2020/12/17,"03:39:00",COLISIÓN CONTRA OBJETO FIJO,ASFALTO,Bueno,Bueno,1,FORD,BLANCO,1,,47,MASCULINO,CON CERTIFICADO,0,0,Morelia,Nueva Chapultepec,diciembre,jueves,4,-101.168291165746,19.6878830938127
32573,32578,2020,,2020/12/17,"06:50:00",SALIDA DE SUPERFICIE DE RODAMIENTO,CONCRETO,Bueno,Regular,1,CHEVROLET/AVEO,PLATA,1,,0,,SIN DATOS,0,0,Morelia,Juarez,diciembre,jueves,7,-101.195384524763,19.6955446659376
32574,32579,2020,,2020/12/17,"07:10:00",COLISIÓN CONTRA OBJETO FIJO,ASFALTO,Bueno,Bueno,1,PONTIAC,AZUL,1,,0,,SIN DATOS,0,0,Morelia,Nicolaitas Ilustres,diciembre,jueves,7,-101.227337010205,19.7207173122723
32575,32580,2020,,2020/12/17,"08:45:00",COLISIÓN POR ALCANCE,ASFALTO,Bueno,Bueno,2,HONDA,BLANCO,2,,35,FEMENINO,SIN DATOS,0,0,Morelia,Diego Rivera,diciembre,jueves,9,-101.175783246077,19.7180532116207
32576,32581,2020,LEG34510,2020/12/17,"09:38:00",COLISIÓN POR CAMBIO DE CARRIL,ASFALTO,Bueno,Bueno,2,INTERNATIONAL,BLANCO,2,,39,MASCULINO,SIN DATOS,0,0,Morelia,Primo Tapia Oriente,diciembre,jueves,10,-101.158854880117,19.7134483510861
32577,32582,2020,MOR200949920,2020/12/17,"09:43:00",COLISIÓN POR INVASIÓN DE CARRIL,ASFALTO,Bueno,Bueno,2,HONDA,PLATA,2,,48,FEMENINO,SIN DATOS,0,0,Morelia,Sin datos,diciembre,jueves,10,-101.264925152063,19.6400844685854
32578,32583,2020,LEG34502,2020/12/17,10:45:00,SALIDA DE SUPERFICIE DE RODAMIENTO,CONCRETO,Bueno,Bueno,1,TOYOTA,BLANCA/ MORADA,1,,50,MASCULINO,SIN DATOS,0,0,Morelia,Industrial,diciembre,jueves,11,-101.196805089712,19.7072780007892
32579,32584,2020,LEG34512,2020/12/17,11:02:00,COLISIÓN POR CORTE DE CIRCULACIÓN,ASFALTO,Bueno,Bueno,2,FORD,ROJO,2,,66,MASCULINO,SIN DATOS,0,0,Morelia,Nueva Chapultepec,diciembre,jueves,11,-101.165779579895,19.6889500759008
32580,32585,2020,MOR200950721,2020/12/17,13:25:00,COLISIÓN POR CAMBIO DE CARRIL,ASFALTO,Bueno,Bueno,2,INTERNATIONAL,BLANCO,2,,67,MASCULINO,SIN DATOS,0,0,Morelia,Elias Perez Avalos,diciembre,jueves,13,-101.166495122015,19.7109412562397
32581,32586,2020,MOR200950758,2020/12/17,13:40:00,COLISIÓN POR CORTE DE CIRCULACIÓN,ASFALTO,Bueno,Bueno,2,INTERNATIONAL,BLANCO,2,,37,MASCULINO,SIN DATOS,0,0,Morelia,Primo Tapia,diciembre,jueves,14,-101.211796291173,19.7090822361678
32582,32587,2020,MOR200950962,2020/12/17,14:45:00,COLISIÓN POR CORTE DE CIRCULACIÓN,ASFALTO,Bueno,Bueno,2,VOLKSWAGEN,GRIS,2,,72,FEMENINO,SIN DATOS,0,0,Morelia,Industrial,diciembre,jueves,15,-101.194035708904,19.7090250202152
32583,32588,2020,LEG34509,2020/12/17,15:20:00,COLISIÓN POR CORTE DE CIRCULACIÓN,ASFALTO,Bueno,Bueno,2,VOLKSWAGEN,BLANCO,2,,44,FEMENINO,SIN DATOS,0,0,Morelia,Infonavit  Las  Camelinas,diciembre,jueves,15,-101.175384297967,19.6817553515
32584,32589,2020,MOR200951552,2020/12/17,18:20:00,COLISIÓN POR ALCANCE,ASFALTO,Bueno,Bueno,2,SUZUKI,ROJO,2,,80,MASCULINO,SIN DATOS,0,0,Morelia,Morelia 450,diciembre,jueves,18,-101.215905770659,19.6751036552159
32585,32590,2020,MOR200952070,2020/12/17,21:35:00,COLISIÓN POR CORTE DE CIRCULACIÓN,ASFALTO,Bueno,Bueno,2,HONDA,BLANCO,2,,44,MASCULINO,SIN DATOS,0,0,Morelia,Centro,diciembre,jueves,22,-101.18867069039,19.7107323970059
32586,32591,2020,LEG34517,2020/12/17,21:45:00,COLISIÓN POR INVASIÓN DE CARRIL,ASFALTO,Bueno,Bueno,2,INTERNACIONAL,AZUL,2,,27,MASCULINO,SIN DATOS,0,0,Morelia,Xangari,diciembre,jueves,22,-101.220701590848,19.6741016436587
32587,32592,2020,,2020/12/17,22:00:00,COLISIÓN POR CORTE DE CIRCULACIÓN,ASFALTO,Bueno,Bueno,2,SIN DATOS,SIN DATOS,2,,0,,SIN DATOS,0,0,Morelia,Santillan La Huerta,diciembre,jueves,22,-101.220348514616,19.6748504622702
32588,32593,2020,MOR952209,2020/12/17,23:00:00,SUBIDA AL CAMELLÓN,ASFALTO,Bueno,Bueno,1,SUZUKI,GRIS,1,,39,MASCULINO,CON CERTIFICADO,0,0,Morelia,La Quemada,diciembre,jueves,23,-101.24071855098,19.7058055416277
32589,32594,2020,MOR200979217,2020/12/17,23:45:00,COLISIÓN CONTRA OBJETO FIJO,SIN_DATOS,Bueno,Bueno,1,NISSAN,NEGRO,0,,,,,0,0,Morelia,La Loma,diciembre,jueves,0,-101.186464724564,19.6788173564633
32590,32595,2020,LEG34519,2020/12/18,"02:00:00",COLISIÓN CONTRA OBJETO FIJO,CONCRETO,Bueno,Regular,1,NISSAN,PLATA,1,,27,MASCULINO,SIN DATOS,0,0,Morelia,Infonavit Colonial Universidad,diciembre,viernes,2,-101.204136237502,19.6863826477169
32591,32596,2020,MOR200952462,2020/12/18,"05:11:00",COLISIÓN POR CORTE DE CIRCULACIÓN,ASFALTO,Bueno,Bueno,1,NISSAN,NEGRO,0,,,,,0,0,Morelia,Chapultepec Norte,diciembre,viernes,5,-101.16958335042,19.6946567653927
32592,32597,2020,,2020/12/18,"08:25:00",COLISIÓN POR ALCANCE,ASFALTO,Bueno,Bueno,2,HYUNDAI,GRIS,7,,40,MASCULINO,SIN DATOS,5,0,Morelia,La Quemada,diciembre,viernes,8,-101.240713857114,19.7058068041922
32593,32598,2020,,2020/12/18,10:19:00,COLISIÓN CONTRA OBJETO FIJO,ASFALTO,Bueno,Bueno,2,Ford,Azul marino,2,,55,MASCULINO,CON CERTIFICADO,0,0,Morelia,La Colina,diciembre,viernes,10,-101.216133118354,19.7122120103303
32594,32599,2020,,2020/12/18,10:30:00,COLISIÓN POR CAMBIO DE CARRIL,ASFALTO,Bueno,Bueno,2,CHEVROLET,ROJO,2,,69,MASCULINO,SIN DATOS,0,0,Morelia,Tenencia Morelos,diciembre,viernes,11,-101.247123970913,19.649352987091