fid,id_accidente,anio_origen,folio_c5i,dia_incidente,hora_ocurrencia,tipo_incidente_vial,superficie_ocurrencia,condiciones_climaticas,condiciones_via,numero_vehiculos_involucrados,marca_vehiculo_ocasiona_siniestro,color_vehiculo_ocasiona_siniestro,numero_personas_involucradas,lugar_remite_presunto_responsable,edad_presunto_responsable,sexo_presunto_responsable,resultados_toxicologia,numero_personas_lesionadas,numero_personas_fallecidas,municipio,colonia,mes,dia_semana,hora_redondeada,lon,lat
32595,32600,2020,,2020/12/18,11:08:00,COLISIÓN CONTRA OBJETO FIJO,CONCRETO,Bueno,Bueno,1,General Motors,Blanco,1,,22,MASCULINO,SIN DATOS,0,0,Morelia,Rafael Carrillo,diciembre,viernes,11,-101.237141825259,19.7072345000968
32596,32601,2020,,2020/12/18,13:10:00,COLISIÓN POR ALCANCE,ASFALTO,Bueno,Bueno,3,FORD,PLATA,3,,22,MASCULINO,SIN DATOS,0,0,Morelia,Felix Ireta,diciembre,viernes,13,-101.192805946552,19.6821335746513
32597,32602,2020,,2020/12/18,13:20:00,COLISIÓN POR ALCANCE,ASFALTO,Bueno,Bueno,2,Chrysler,Plata,2,,25,MASCULINO,SIN DATOS,0,0,Morelia,Enrique Arreguin Robles,diciembre,viernes,13,-101.184225194156,19.719658747089
32598,32603,2020,,2020/12/18,13:45:00,COLISIÓN POR ALCANCE,CONCRETO,Bueno,Bueno,2,HONDA CGL150,GRIS,2,MINISTERIO PÚBLICO,,MASCULINO,SIN DATOS,0,0,Morelia,Sin datos,diciembre,viernes,14,-101.180942139841,19.747461616742
32599,32604,2020,,2020/12/18,13:50:00,COLISIÓN POR CAMBIO DE CARRIL,ASFALTO,Bueno,Bueno,2,FORD,BLANCO,2,MINISTERIO PÚBLICO,27,MASCULINO,SIN DATOS,0,0,Morelia,Sin datos,diciembre,viernes,14,-101.196067115525,19.6443512187812
32600,32605,2020,,2020/12/18,14:35:00,COLISIÓN POR CORTE DE CIRCULACIÓN,CONCRETO,Bueno,Bueno,2,FORD,NARANJA,2,,67,MASCULINO,SIN DATOS,0,0,Morelia,Central de Abastos,diciembre,viernes,15,-101.168873170815,19.7175299734121
32601,32606,2020,,2020/12/18,14:40:00,COLISIÓN POR CORTE DE CIRCULACIÓN,ASFALTO,Bueno,Bueno,2,Ford,Azul,2,,30,MASCULINO,SIN DATOS,0,0,Morelia,Isaac Arriaga,diciembre,viernes,15,-101.17585069754,19.7057440202882
32602,32607,2020,,2020/12/18,16:20:00,SUBIDA AL CAMELLÓN,ASFALTO,Bueno,Bueno,1,Volkswagen,Negro,1,,28,FEMENINO,SIN DATOS,0,0,Morelia,Campestre Los Manantiales,diciembre,viernes,16,-101.238140643321,19.687798148115
32603,32608,2020,,2020/12/18,16:20:00,COLISIÓN POR CORTE DE CIRCULACIÓN,ASFALTO,Bueno,Bueno,2,Chevrolet,Blanco franjas rojas y Moradas,2,,18,MASCULINO,SIN DATOS,0,0,Morelia,Felix Ireta,diciembre,viernes,16,-101.195666126229,19.681492411395
32604,32609,2020,,2020/12/18,17:15:00,COLISIÓN POR ALCANCE,ASFALTO,Bueno,Bueno,2,NISSAN,GRIS,2,,24,MASCULINO,SIN DATOS,0,0,Morelia,Lazaro Cardenas,diciembre,viernes,17,-101.164269193329,19.7085500465291
32605,32610,2020,,2020/12/18,17:30:00,COLISIÓN POR CORTE DE CIRCULACIÓN,ASFALTO,Bueno,Bueno,2,FIAT,ROJO,2,,67,MASCULINO,SIN DATOS,0,0,Morelia,Centro,diciembre,viernes,18,-101.188896626912,19.702876078041
32606,32611,2020,,2020/12/18,19:20:00,COLISIÓN POR CAMBIO DE CARRIL,CONCRETO,Bueno,Bueno,2,Mercedes Benz,Blanco y naranja,2,,30,MASCULINO,SIN DATOS,0,0,Morelia,Niño Artillero,diciembre,viernes,19,-101.250202171504,19.6986087616745
32607,32612,2020,,2020/12/18,20:10:00,COLISIÓN POR ALCANCE,CONCRETO,Bueno,Bueno,3,SEAT IBIZA,ROJO,3,,24,MASCULINO,SIN DATOS,0,0,Morelia,Agustin Arriaga Rivera,diciembre,viernes,20,-101.22057851404,19.6944275363965
32608,32613,2020,,2020/12/18,21:00:00,COLISIÓN POR CORTE DE CIRCULACIÓN,ASFALTO,Bueno,Bueno,2,FORD,ROJO,2,,24,MASCULINO,SIN DATOS,0,0,Morelia,Centro,diciembre,viernes,21,-101.200179979205,19.7030212181682
32609,32614,2020,,2020/12/18,21:40:00,COLISIÓN CONTRA OBJETO FIJO,ASFALTO,Bueno,Bueno,1,VOLKSWAGEN,BLANCO,1,MINISTERIO PÚBLICO,25,MASCULINO,SIN DATOS,0,0,Morelia,Vista Bella,diciembre,viernes,22,-101.192258745432,19.6822093110117
32610,32615,2020,MOR200956721,2020/12/19,"00:00:00",COLISIÓN POR ALCANCE,CONCRETO,Bueno,Bueno,0,,,0,,,,,0,0,Morelia,Lomas del Tecnologico,diciembre,sábado,0,-101.188312423854,19.7211750565937
32611,32616,2020,,2020/12/19,"00:50:00",COLISIÓN POR ALCANCE,ASFALTO,Bueno,Bueno,2,CHEVROLET/ASTRA,PLATA,2,,26,MASCULINO,CON CERTIFICADO,0,0,Morelia,Rinconada del Valle,diciembre,sábado,1,-101.218527934777,19.6790937877399
32612,32617,2020,,2020/12/19,"01:18:00",COLISIÓN CONTRA OBJETO FIJO,CONCRETO,Bueno,Bueno,1,Chevrolet,Blanco,1,,46,MASCULINO,ALIENTO ETÍLICO,0,0,Morelia,Defensores De Puebla,diciembre,sábado,1,-101.235497996889,19.7166904004249
32613,32618,2020,,2020/12/19,"02:00:00",COLISIÓN POR NO RESPETAR SEMÁFORO,ASFALTO,Bueno,Bueno,2,CHEVROLET,NEGRO,2,MINISTERIO PÚBLICO,26,MASCULINO,SIN DATOS,0,0,Morelia,Comision Federal de Electricidad,diciembre,sábado,2,-101.181293234907,19.6813920222333
32614,32619,2020,,2020/12/19,"02:45:00",COLISIÓN CONTRA OBJETO FIJO,ASFALTO,Bueno,Bueno,1,DODGE,PLATA,0,,,,,0,0,Morelia,Las Americas,diciembre,sábado,3,-101.159014410592,19.6879642226507
32615,32620,2020,,2020/12/19,"03:00:00",COLISIÓN POR ALCANCE,CONCRETO,Bueno,Bueno,2,JEEP GRAN CHEROKEE,AZUL,2,,15,MASCULINO,ALIENTO ETÍLICO,0,0,Morelia,Lomas del Punhuato,diciembre,sábado,3,-101.144533529878,19.6989992268563
32616,32621,2020,,2020/12/19,"05:00:00",VOLCADURA,ASFALTO,Bueno,Bueno,1,CHEVROLET,ROJO,1,MINISTERIO PÚBLICO,21,MASCULINO,SIN DATOS,0,0,Morelia,Insurgentes,diciembre,sábado,5,-101.154409057714,19.6951204164735
32617,32622,2020,,2020/12/19,"06:19:00",SUBIDA AL CAMELLÓN,ASFALTO,Bueno,Bueno,1,Ford,Azul,1,,50,MASCULINO,ALIENTO ETÍLICO,0,0,Morelia,Los Manantiales de Morelia,diciembre,sábado,6,-101.241752877831,19.696055491336
32618,32623,2020,,2020/12/19,"06:25:00",COLISIÓN POR ALCANCE,ASFALTO,Bueno,Bueno,2,Hyundai,Azul,2,,29,MASCULINO,SIN DATOS,0,0,Morelia,Felix Ireta,diciembre,sábado,6,-101.192051544785,19.6823823077648
32619,32624,2020,MOR200955528,2020/12/19,"09:27:00",COLISIÓN POR CAMBIO DE CARRIL,ASFALTO,Bueno,Bueno,2,MAZDA,GRIS,2,MINISTERIO PÚBLICO,32,MASCULINO,SIN DATOS,0,0,Morelia,El Lago 1,diciembre,sábado,9,-101.221342577852,19.7277316573077
32620,32625,2020,,2020/12/19,10:15:00,COLISIÓN POR NO RESPETAR SEMÁFORO,CONCRETO,Bueno,Bueno,2,SUZUKI,NEGRO,2,,29,MASCULINO,SIN DATOS,0,0,Morelia,Centro,diciembre,sábado,10,-101.178154349327,19.6992084482397
32621,32626,2020,LEG34555,2020/12/19,11:45:00,SALIDA DE SUPERFICIE DE RODAMIENTO,ASFALTO,Bueno,Bueno,1,MERCEDES BENZ,BLANCO,1,,,MASCULINO,SIN DATOS,0,0,Morelia,Sin datos,diciembre,sábado,12,-101.267031691968,19.6399982057704
32622,32627,2020,MOR200957357,2020/12/19,14:20:00,COLISIÓN POR MANIOBRA DE REVERSA,ASFALTO,Bueno,Regular,2,FORD,NEGRO,2,,25,MASCULINO,SIN DATOS,0,0,Morelia,Comision Federal de Electricidad,diciembre,sábado,14,-101.177036562605,19.6820170335472
32623,32628,2020,,2020/12/19,14:20:00,COLISIÓN POR CORTE DE CIRCULACIÓN,ASFALTO,Bueno,Bueno,2,NISSAN,BCO/VDE,0,MINISTERIO PÚBLICO,,,,0,0,Pátzcuaro,Centro,diciembre,sábado,14,-101.606575213373,19.5188861200601
32624,32629,2020,,2020/12/19,14:30:00,COLISIÓN POR CORTE DE CIRCULACIÓN,ASFALTO,Bueno,Bueno,2,BAJAJ,ROJO Y NEGRO,2,,23,MASCULINO,SIN DATOS,0,0,Morelia,Felix Ireta,diciembre,sábado,15,-101.18064712733,19.6864170280838
32625,32630,2020,MOR 200,2020/12/19,14:45:00,COLISIÓN POR ALCANCE,ASFALTO,Bueno,Bueno,2,CHEVROLET,PLATA,2,,35,FEMENINO,SIN DATOS,0,0,Morelia,Lomas de Huerta,diciembre,sábado,15,-101.210122928023,19.6723140622188
32626,32631,2020,MOR200956940,2020/12/19,15:15:00,COLISIÓN POR CORTE DE CIRCULACIÓN,ASFALTO,Bueno,Bueno,2,CHEVROLET,ROJO,2,,53,MASCULINO,SIN DATOS,0,0,Morelia,San Rafael,diciembre,sábado,15,-101.154763139784,19.7005099998896
32627,32632,2020,,2020/12/19,15:17:00,COLISIÓN CONTRA OBJETO FIJO,CONCRETO,Bueno,Bueno,1,VOLKSWAGEN,BLANCO,1,,21,FEMENINO,SIN DATOS,0,0,Morelia,Solidaridad,diciembre,sábado,15,-101.20624783703,19.7304934302945
32628,32633,2020,LEG34567,2020/12/19,15:30:00,COLISIÓN POR CORTE DE CIRCULACIÓN,CONCRETO,Bueno,Bueno,2,VOLKSWAGEN,ROJO,2,,29,MASCULINO,SIN DATOS,0,0,Morelia,Ventura Puente,diciembre,sábado,16,-101.189152655951,19.6923591517241
32629,32634,2020,,2020/12/19,16:00:00,COLISIÓN POR CORTE DE CIRCULACIÓN,ASFALTO,Bueno,Bueno,2,SUZUKI,BLANCO,2,,25,MASCULINO,SIN DATOS,0,0,Morelia,San Rafael,diciembre,sábado,16,-101.15472622893,19.700480615602
32630,32635,2020,,2020/12/19,16:00:00,COLISIÓN POR CORTE DE CIRCULACIÓN,ASFALTO,Bueno,Bueno,2,NISSAN,PLATA,2,MINISTERIO PÚBLICO,,FEMENINO,SIN DATOS,0,0,Lázaro Cárdenas,Segundo Sector de Fidelac,diciembre,sábado,16,-102.202628441155,17.9614561821455
32631,32636,2020,LEG34562,2020/12/19,16:24:00,COLISIÓN POR ALCANCE,ASFALTO,Bueno,Bueno,2,NISSAN,AZUL,2,,24,MASCULINO,SIN DATOS,0,0,Morelia,Enrique Arreguin Robles,diciembre,sábado,16,-101.188078857958,19.7214151282417
32632,32637,2020,LEG34553,2020/12/19,17:15:00,COLISIÓN POR CORTE DE CIRCULACIÓN,ASFALTO,Bueno,Bueno,1,HONDA,BLANCO,2,MINISTERIO PÚBLICO,32,MASCULINO,SIN DATOS,1,0,Morelia,Nueva Valladolid,diciembre,sábado,17,-101.211683272637,19.7018208668939
32633,32638,2020,MOR200955771,2020/12/19,17:20:00,COLISIÓN POR INVASIÓN DE CARRIL,ASFALTO,Bueno,Regular,2,NISSAN,GRIS,2,,49,FEMENINO,SIN DATOS,0,0,Morelia,Clara Cordova Moran,diciembre,sábado,17,-101.182894788004,19.7324005437999
32634,32639,2020,MOR200956815,2020/12/19,18:00:00,COLISIÓN POR CORTE DE CIRCULACIÓN,ASFALTO,Bueno,Bueno,2,NISSAN,GRIS,2,,35,MASCULINO,ALIENTO ETÍLICO,0,0,Morelia,Felix Ireta,diciembre,sábado,18,-101.180812144136,19.6849108859596
32635,32640,2020,LEG34557,2020/12/19,19:00:00,COLISIÓN POR INVASIÓN DE CARRIL,CONCRETO,Bueno,Bueno,2,FORD,NEGRO,2,,,MASCULINO,SIN DATOS,0,0,Tarímbaro,Galaxias Tarimbaro,diciembre,sábado,19,-101.191665611483,19.7607937374957
32636,32641,2020,MOR200955505,2020/12/19,19:50:00,COLISIÓN CONTRA OBJETO FIJO,CONCRETO,Bueno,Bueno,3,RENAULT,GRIS,3,,54,MASCULINO,CON CERTIFICADO,0,0,Morelia,Centro,diciembre,sábado,20,-101.190502569079,19.703866861972
32637,32642,2020,LEG34554,2020/12/19,21:00:00,COLISIÓN POR CORTE DE CIRCULACIÓN,ASFALTO,Bueno,Bueno,2,KAWASAKI,AZUL COLORES OFICIALES,4,,49,MASCULINO,SIN DATOS,2,0,Morelia,Vasco de Quiroga,diciembre,sábado,21,-101.177798630313,19.6989164112658
32638,32643,2020,MOR200957657,2020/12/19,22:02:00,COLISIÓN CONTRA OBJETO FIJO,ASFALTO,Bueno,Bueno,1,FORD,ROJO,0,,,,,0,0,Morelia,Buenavista,diciembre,sábado,22,-101.160563752055,19.7058194298374
32639,32644,2020,MOR200958007,2020/12/19,23:44:00,COLISIÓN POR INVASIÓN DE CARRIL,ASFALTO,Bueno,Bueno,2,VOLKSWAGEN,BLANCO,2,,30,FEMENINO,SIN DATOS,0,0,Morelia,Enrique Ramirez,diciembre,sábado,0,-101.165858066894,19.7098510917113
32640,32645,2020,MOR200958115,2020/12/20,"01:15:00",COLISIÓN POR CORTE DE CIRCULACIÓN,ASFALTO,Bueno,Bueno,2,KIA,VERDE,2,,17,MASCULINO,SIN DATOS,0,0,Morelia,Adolfo Lopez Mateos,diciembre,domingo,1,-101.22542090714,19.6955547671016
32641,32646,2020,MOR200958134,2020/12/20,"01:15:00",COLISIÓN CONTRA OBJETO FIJO,ASFALTO,Bueno,Bueno,1,NISSAN,GRIS PLATA,0,,,,,0,0,Morelia,Chapultepec Sur,diciembre,domingo,1,-101.177864335477,19.6907345454783
32642,32647,2020,LEG34571,2020/12/20,"04:45:00",VOLCADURA,ASFALTO,Bueno,Regular,1,HYUNDAI,BLANCO,1,MINISTERIO PÚBLICO,,,,1,0,Morelia,Cinco de Diciembre,diciembre,domingo,5,-101.165962002493,19.6841328131717
32643,32648,2020,LEG34570,2020/12/20,"05:50:00",COLISIÓN POR ALCANCE,ASFALTO,Bueno,Bueno,2,FORD,AZUL,2,,51,MASCULINO,CON CERTIFICADO,0,0,Morelia,Centro,diciembre,domingo,6,-101.177833794879,19.7048551433189
32644,32649,2020,,2020/12/20,"06:00:00",COLISIÓN POR CORTE DE CIRCULACIÓN,ASFALTO,Bueno,Bueno,2,CHEVROLET,ROJO,2,,50,FEMENINO,SIN DATOS,0,0,Morelia,Felicitas del Rio,diciembre,domingo,6,-101.198407404803,19.6901871999515
32645,32650,2020,MOR200446589,2020/12/20,"09:33:00",COLISIÓN POR ALCANCE,ASFALTO,Bueno,Bueno,2,TOYOTA,GRIS,2,,50,MASCULINO,CON CERTIFICADO,0,0,Morelia,Prados Verdes,diciembre,domingo,10,-101.197191358291,19.7152839930277
32646,32651,2020,,2020/12/20,10:00:00,COLISIÓN POR CORTE DE CIRCULACIÓN,ASFALTO,Bueno,Bueno,2,ITALIKA,AMARILLO/NEGRO,1,,55,MASCULINO,SIN DATOS,0,0,Peribán,Sin datos,diciembre,domingo,10,-102.443949468434,19.5515643907205
32647,32652,2020,,2020/12/20,12:10:00,COLISIÓN CONTRA OBJETO FIJO,ASFALTO,Bueno,Bueno,2,VOLKSWAGEN,DORADO,1,,21,FEMENINO,SIN DATOS,0,0,Morelia,La Hacienda,diciembre,domingo,12,-101.315558583223,19.6791856259137
32648,32653,2020,MOR200955876,2020/12/20,12:14:00,COLISIÓN CONTRA OBJETO FIJO,ASFALTO,Bueno,Bueno,1,KIA,NEGRO,0,MINISTERIO PÚBLICO,,,,0,0,Morelia,San Juanito Itzicuaro,diciembre,domingo,12,-101.252072539791,19.6788466780776
32649,32654,2020,,2020/12/20,12:30:00,COLISIÓN POR CAMBIO DE CARRIL,ASFALTO,Bueno,Bueno,2,KENWORTH,AZUL CON GRIS,2,,37,MASCULINO,SIN DATOS,0,0,Morelia,Poblado de Ocolusen,diciembre,domingo,13,-101.149653226805,19.6939379701198
32650,32655,2020,,2020/12/20,12:40:00,COLISIÓN POR MANIOBRA DE REVERSA,ASFALTO,Bueno,Bueno,2,NISSAN,ROJO,1,,42,MASCULINO,SIN DATOS,0,0,Morelia,Gustavo Diaz Ordaz,diciembre,domingo,13,-101.205118596554,19.6913618396654
32651,32656,2020,,2020/12/20,12:58:00,COLISIÓN POR ALCANCE,ASFALTO,Bueno,Bueno,2,DODGE,ROJO,2,,35,MASCULINO,SIN DATOS,0,0,Morelia,Granjas de La Huerta,diciembre,domingo,13,-101.236290963048,19.6671579537081
32652,32657,2020,,2020/12/20,13:50:00,COLISIÓN POR MANIOBRA DE REVERSA,CONCRETO,Bueno,Bueno,2,CHEVROLET,GUINDA,4,,29,MASCULINO,SIN DATOS,2,0,Morelia,Chapultepec Oriente,diciembre,domingo,14,-101.163367300558,19.6941412292658
32653,32658,2020,,2020/12/20,15:25:00,COLISIÓN POR CORTE DE CIRCULACIÓN,CONCRETO,Bueno,Bueno,2,NISSAN,BLANCO/NARANJA,2,,29,MASCULINO,SIN DATOS,0,0,Morelia,Ventura Puente,diciembre,domingo,15,-101.191804111004,19.6959509216249
32654,32659,2020,,2020/12/20,16:00:00,COLISIÓN POR ALCANCE,ASFALTO,Bueno,Bueno,2,MAZDA,AZUL,2,,60,MASCULINO,SIN DATOS,0,0,Morelia,La Colina,diciembre,domingo,16,-101.215924850918,19.7046250680879
32655,32660,2020,,2020/12/20,16:25:00,COLISIÓN CON PEATÓN,ASFALTO,Bueno,Bueno,1,HYUNDAI,ROJO,2,MINISTERIO PÚBLICO,30,MASCULINO,SIN DATOS,1,0,Morelia,Martires de Uruapan,diciembre,domingo,16,-101.199201978743,19.7251273512501
32656,32661,2020,,2020/12/20,17:00:00,COLISIÓN CONTRA OBJETO FIJO,ASFALTO,Bueno,Bueno,1,NISSAN,BLANCO,1,,53,MASCULINO,SIN DATOS,0,0,Morelia,Tinijaro,diciembre,domingo,17,-101.260255426168,19.6967877356459
32657,32662,2020,,2020/12/20,17:15:00,COLISIÓN POR ALCANCE,CONCRETO,Bueno,Bueno,2,FORD,BLANCO,2,,23,MASCULINO,SIN DATOS,0,0,Morelia,Centro,diciembre,domingo,17,-101.192814267494,19.7029809014815
32658,32663,2020,,2020/12/20,20:36:00,COLISIÓN POR CORTE DE CIRCULACIÓN,ASFALTO,Bueno,Bueno,2,NISSAN,BLANCO,2,,46,MASCULINO,SIN DATOS,0,0,Morelia,Valle de Altozano,diciembre,domingo,21,-101.164416074753,19.6646286469319
32659,32664,2020,,2020/12/20,22:40:00,COLISIÓN CONTRA OBJETO FIJO,CONCRETO,Bueno,Bueno,1,VOLKSWAGEN,GRIS,1,,,MASCULINO,SIN DATOS,0,0,Charo,Sin datos,diciembre,domingo,23,-101.058315627955,19.6923037663831
32660,32665,2020,,2020/12/21,"00:00:00",COLISIÓN POR CORTE DE CIRCULACIÓN,CONCRETO,Bueno,Bueno,2,CHEVROLET,GRIS,2,MINISTERIO PÚBLICO,21,MASCULINO,SIN DATOS,0,0,Morelia,Nueva Chapultepec,diciembre,lunes,0,-101.164391934872,19.6884064558828
32661,32666,2020,,2020/12/21,"07:20:00",SALIDA DE SUPERFICIE DE RODAMIENTO,ASFALTO,Bueno,Bueno,1,FORD,COBRE METALICO,2,MINISTERIO PÚBLICO,20,FEMENINO,SIN DATOS,0,1,Coeneo,Sin datos,diciembre,lunes,7,-101.585215934289,19.8517796910057
32662,32667,2020,LEG34613,2020/12/21,"08:45:00",COLISIÓN POR CORTE DE CIRCULACIÓN,ASFALTO,Bueno,Bueno,2,NISSAN,BLANCO Y ROJO,2,,24,MASCULINO,SIN DATOS,0,0,Morelia,Jardines de Guadalupe,diciembre,lunes,9,-101.223815605044,19.7133491870934
32663,32668,2020,MOR200961166,2020/12/21,"09:40:00",COLISIÓN POR CORTE DE CIRCULACIÓN,ASFALTO,Bueno,Bueno,2,VOLKSWAGEN,NEGRO,2,,59,MASCULINO,SIN DATOS,0,0,Morelia,Chapultepec Sur,diciembre,lunes,10,-101.176596595481,19.6919031260873
32664,32669,2020,,2020/12/21,"09:40:00",COLISIÓN POR CORTE DE CIRCULACIÓN,CONCRETO,Bueno,Bueno,2,CHEVROLET,VERDE,2,MINISTERIO PÚBLICO,33,FEMENINO,SIN DATOS,0,0,Morelia,El Lago 3,diciembre,lunes,10,-101.219312602816,19.7272711993691
32665,32670,2020,MOR200956357,2020/12/21,10:21:00,COLISIÓN CONTRA OBJETO FIJO,ASFALTO,Bueno,Bueno,1,VOLKSWAGEN,GRIS,0,,,,,0,0,Morelia,Gertrudis Sanchez,diciembre,lunes,10,-101.199623237972,19.739854257838
32666,32671,2020,MOR200963086,2020/12/21,10:45:00,VOLCADURA,ASFALTO,Bueno,Bueno,1,FORD,GRIS,1,MINISTERIO PÚBLICO,0,MASCULINO,SIN DATOS,0,0,Morelia,Ampliacion La Soledad,diciembre,lunes,11,-101.182874701917,19.7348331111658
32667,32672,2020,,2020/12/21,11:09:00,COLISIÓN POR ALCANCE,ASFALTO,Bueno,Bueno,2,VOLKSWAGEN,GRIS,2,,44,MASCULINO,SIN DATOS,0,0,Morelia,Juarez,diciembre,lunes,11,-101.195388182319,19.6955453259577
32668,32673,2020,MOR 200956721,2020/12/21,11:20:00,SALIDA DE SUPERFICIE DE RODAMIENTO,ASFALTO,Bueno,Regular,1,NISSAN,BLANCO,1,,42,MASCULINO,SIN DATOS,0,0,Tzitzio,Sin datos,diciembre,lunes,11,-100.920603275299,19.5585659386666
32669,32674,2020,MOR200961522,2020/12/21,13:00:00,COLISIÓN POR CORTE DE CIRCULACIÓN,ASFALTO,Bueno,Bueno,2,FORD,BLANCO,2,,40,MASCULINO,SIN DATOS,0,0,Morelia,La Hacienda,diciembre,lunes,13,-101.320316761054,19.6759112180631
32670,32675,2020,LEG34597,2020/12/21,15:20:00,COLISIÓN POR ALCANCE,ASFALTO,Bueno,Bueno,2,NISSAN,BLANCO,2,,50,MASCULINO,SIN DATOS,0,0,Morelia,Francisco J Mujica,diciembre,lunes,15,-101.186460480094,19.7234164008331
32671,32676,2020,,2020/12/21,16:35:00,COLISIÓN POR ALCANCE,ASFALTO,Bueno,Bueno,2,ITALIKA,NEGRA,2,,38,FEMENINO,SIN DATOS,0,0,Morelia,Jardines de La Loma,diciembre,lunes,17,-101.22562941841,19.6768416122281
32672,32677,2020,MOR 200962363,2020/12/21,17:10:00,COLISIÓN POR ALCANCE,ASFALTO,Bueno,Regular,3,CHEVROLET,BLANCO,3,,33,MASCULINO,CON CERTIFICADO,0,0,Morelia,Ventura Puente,diciembre,lunes,17,-101.190781854093,19.6910723129534
32673,32678,2020,MOR200962737,2020/12/21,19:34:00,COLISIÓN POR CORTE DE CIRCULACIÓN,ASFALTO,Bueno,Bueno,2,ITALIKA,AMARILLO/NEGRO,2,,26,MASCULINO,SIN DATOS,0,0,Morelia,Independencia,diciembre,lunes,20,-101.17617957294,19.7055994852188
32674,32679,2020,LEG34602,2020/12/21,20:20:00,COLISIÓN POR CAMBIO DE CARRIL,CONCRETO,Bueno,Bueno,2,NISSAN,BLANCO/GUINDA,2,,43,MASCULINO,SIN DATOS,0,0,Morelia,Felix Ireta,diciembre,lunes,20,-101.195662773478,19.681496199664
32675,32680,2020,LEG34612,2020/12/21,21:00:00,COLISIÓN POR CORTE DE CIRCULACIÓN,ASFALTO,Bueno,Bueno,2,AUDI,GRIS,2,MINISTERIO PÚBLICO,39,MASCULINO,SIN DATOS,0,0,Morelia,Villa Universidad,diciembre,lunes,21,-101.203638382924,19.6911013546095
32676,32681,2020,LEG34606,2020/12/21,21:55:00,COLISIÓN POR CORTE DE CIRCULACIÓN,ASFALTO,Bueno,Bueno,2,FORD,BLANCO,2,,30,MASCULINO,SIN DATOS,0,0,Morelia,Sin datos,diciembre,lunes,22,-101.119929291308,19.736666585296
32677,32682,2020,MOR200962857,2020/12/22,"02:30:00",COLISIÓN CONTRA OBJETO FIJO,ASFALTO,Bueno,Bueno,1,G.M.C,PLATA,0,,,,,0,0,Morelia,Campos Eliseos,diciembre,martes,3,-101.242306753993,19.7006109509838
32678,32683,2020,,2020/12/22,"06:55:00",COLISIÓN POR ALCANCE,ASFALTO,Bueno,Bueno,2,VOLKSWAGEN,ROJO,2,,28,MASCULINO,SIN DATOS,0,0,Morelia,San Pascual,diciembre,martes,7,-101.267361938953,19.695356273384
32679,32684,2020,,2020/12/22,"08:05:00",COLISIÓN POR ALCANCE,ASFALTO,Bueno,Bueno,3,NISSAN,BLANCO CON ROJO,3,,42,MASCULINO,SIN DATOS,0,0,Morelia,Niño Artillero,diciembre,martes,8,-101.255662813783,19.6975282697912
32680,32685,2020,,2020/12/22,"09:00:00",COLISIÓN CON PEATÓN,ASFALTO,Bueno,Bueno,1,RAM,BLANCO,1,,37,MASCULINO,SIN DATOS,0,0,Morelia,La Campiña,diciembre,martes,9,-101.242238357663,19.6332605206407
32681,32686,2020,,2020/12/22,"09:50:00",COLISIÓN CONTRA OBJETO FIJO,CONCRETO,Bueno,Bueno,1,INTERNATINAL,BLANCO,1,,47,MASCULINO,SIN DATOS,0,0,Morelia,Tres Puentes,diciembre,martes,10,-101.21373988688,19.702670247418
32682,32687,2020,,2020/12/22,10:08:00,COLISIÓN CON PEATÓN,ASFALTO,Bueno,Bueno,1,Nissan,Blanco/Naranja,2,MINISTERIO PÚBLICO,0,,SIN DATOS,1,0,Morelia,Ventura Puente,diciembre,martes,10,-101.183200255036,19.6929891083564
32683,32688,2020,,2020/12/22,11:10:00,COLISIÓN POR INVASIÓN DE CARRIL,CONCRETO,Bueno,Bueno,2,CHRIYSLER,BLANCO,2,,36,FEMENINO,SIN DATOS,0,0,Morelia,Felix Ireta,diciembre,martes,11,-101.187671131707,19.6884897941923
32684,32689,2020,,2020/12/22,12:30:00,COLISIÓN POR CORTE DE CIRCULACIÓN,ASFALTO,Bueno,Bueno,2,NISSAN,ROJO,2,,33,MASCULINO,SIN DATOS,0,0,Morelia,Centro,diciembre,martes,13,-101.194395460188,19.6962138666755
32685,32690,2020,,2020/12/22,12:45:00,COLISIÓN POR CORTE DE CIRCULACIÓN,ASFALTO,Bueno,Bueno,2,VOLKSWAGEN,BLANCO,2,,48,MASCULINO,SIN DATOS,0,0,Morelia,Molino de Parras,diciembre,martes,13,-101.200128681958,19.6983565241606
32686,32691,2020,,2020/12/22,13:10:00,COLISIÓN POR CAMBIO DE CARRIL,ASFALTO,Bueno,Bueno,2,NISSAN,BLANCO,2,MINISTERIO PÚBLICO,58,MASCULINO,SIN DATOS,0,0,Morelia,Solidaridad,diciembre,martes,13,-101.20523734328,19.7257806220448
32687,32692,2020,,2020/12/22,14:18:00,COLISIÓN POR CAMBIO DE CARRIL,ASFALTO,Bueno,Bueno,3,GMC,BLANCO,3,,24,MASCULINO,SIN DATOS,0,0,Morelia,Indeco El Vivero,diciembre,martes,14,-101.229767792605,19.6770042254565
32688,32693,2020,,2020/12/22,15:00:00,COLISIÓN POR CAMBIO DE CARRIL,ASFALTO,Bueno,Regular,2,MERCEDEZ BENZ,AZUL Y GRIS,2,,38,MASCULINO,SIN DATOS,0,0,Morelia,Tierra Y Libertad,diciembre,martes,15,-101.227848976851,19.7190869112449