fid,id_accidente,anio_origen,folio_c5i,dia_incidente,hora_ocurrencia,tipo_incidente_vial,superficie_ocurrencia,condiciones_climaticas,condiciones_via,numero_vehiculos_involucrados,marca_vehiculo_ocasiona_siniestro,color_vehiculo_ocasiona_siniestro,numero_personas_involucradas,lugar_remite_presunto_responsable,edad_presunto_responsable,sexo_presunto_responsable,resultados_toxicologia,numero_personas_lesionadas,numero_personas_fallecidas,municipio,colonia,mes,dia_semana,hora_redondeada,lon,lat
32689,32694,2020,,2020/12/22,16:50:00,COLISIÓN POR ALCANCE,ASFALTO,Bueno,Bueno,1,NISSAN/MARCH,BLANCO,1,,43,MASCULINO,SIN DATOS,0,0,Tarímbaro,Sin datos,diciembre,martes,17,-101.153261742818,19.7696252476127
32690,32695,2020,,2020/12/22,17:10:00,COLISIÓN POR CAMBIO DE CARRIL,ASFALTO,Bueno,Bueno,2,ITALIKA,NEGRO/ AMARILLO,2,,22,FEMENINO,SIN DATOS,0,0,Morelia,Balcones de Morelia,diciembre,martes,17,-101.200995675541,19.6716432404648
32691,32696,2020,,2020/12/22,17:30:00,COLISIÓN POR MANIOBRA DE REVERSA,CONCRETO,Bueno,Bueno,2,NISSAN,BLANCO,2,,26,MASCULINO,SIN DATOS,0,0,Morelia,Centro,diciembre,martes,18,-101.20167031207,19.7028293048973
32692,32697,2020,,2020/12/22,18:00:00,COLISIÓN POR ALCANCE,ASFALTO,Bueno,Bueno,2,VOLKSWAGEN,GRIS,2,,49,MASCULINO,SIN DATOS,0,0,Morelia,Isaac Arriaga,diciembre,martes,18,-101.167738996446,19.7094135948567
32693,32698,2020,,2020/12/22,19:25:00,COLISIÓN POR ALCANCE,ASFALTO,Bueno,Bueno,2,NISSAN,BLANCO,2,,47,MASCULINO,SIN DATOS,0,0,Morelia,Elias Perez Avalos,diciembre,martes,19,-101.171455024608,19.7147593514305
32694,32699,2020,,2020/12/22,19:50:00,COLISIÓN POR CAMBIO DE CARRIL,ASFALTO,Bueno,Bueno,2,CHEVROLET,AZUL,2,,,FEMENINO,SIN DATOS,0,0,Morelia,Jardines de La Loma,diciembre,martes,20,-101.225630820476,19.6768409808316
32695,32700,2020,,2020/12/22,20:00:00,COLISIÓN POR CORTE DE CIRCULACIÓN,ASFALTO,Bueno,Bueno,2,VOLKSWAGEN,NEGRO,2,,35,FEMENINO,SIN DATOS,0,0,Morelia,Ventura Puente,diciembre,martes,20,-101.183343722748,19.6919581097948
32696,32701,2020,,2020/12/22,22:00:00,COLISIÓN CON PEATÓN,ASFALTO,Bueno,Bueno,1,ITALIKAW150,AZUL,1,,16,MASCULINO,SIN DATOS,0,0,Morelia,Gertrudis Sanchez,diciembre,martes,22,-101.199652894653,19.7401348027941
32697,32702,2020,,2020/12/23,"05:19:00",SUBIDA AL CAMELLÓN,ASFALTO,Bueno,Bueno,1,VOLKSWAGEN JETTA,BLANCO,1,,58,MASCULINO,SIN DATOS,0,0,Morelia,Rincon de Altozano,diciembre,miércoles,5,-101.164264278489,19.6597987224595
32698,32703,2020,,2020/12/23,"06:20:00",COLISIÓN CONTRA OBJETO FIJO,CONCRETO,Bueno,Bueno,1,RENAULT,BLANCO,1,,40,MASCULINO,SIN DATOS,0,0,Morelia,Vasco de Quiroga,diciembre,miércoles,6,-101.178156726741,19.6990314523161
32699,32704,2020,"200968595",2020/12/23,"08:19:00",COLISIÓN POR ALCANCE,ASFALTO,Bueno,Bueno,2,NISSAN,ROJO,2,,24,MASCULINO,SIN DATOS,0,0,Morelia,Francisco J Mujica,diciembre,miércoles,8,-101.190472699024,19.7223929147548
32700,32705,2020,MOR200966443,2020/12/23,11:00:00,COLISIÓN POR ALCANCE,ASFALTO,Bueno,Bueno,3,NISSAN,BLANCO,3,,38,MASCULINO,SIN DATOS,0,0,Morelia,Union,diciembre,miércoles,11,-101.15549672395,19.7154692345975
32701,32706,2020,MOR200967063,2020/12/23,15:00:00,CAIDA DE MOTOCICLETA,ASFALTO,Bueno,Bueno,1,VENTO,NEGRO,2,,18,MASCULINO,SIN DATOS,1,0,Morelia,San Jose Itzicuaro,diciembre,miércoles,15,-101.300227076493,19.6874269406317
32702,32707,2020,,2020/12/23,16:15:00,COLISIÓN POR CAMBIO DE CARRIL,ASFALTO,Bueno,Bueno,2,FIAT UNO,BLANCO,2,,19,FEMENINO,SIN DATOS,0,0,Morelia,Ejidal Ocolusen,diciembre,miércoles,16,-101.159000024199,19.6877814172608
32703,32708,2020,LEG34636,2020/12/23,19:00:00,COLISIÓN POR CAMBIO DE CARRIL,ASFALTO,Bueno,Bueno,2,KENWORTH,BLANCO,2,,53,MASCULINO,SIN DATOS,0,0,Morelia,Francisco J Mujica,diciembre,miércoles,19,-101.188244118608,19.7214883498221
32704,32709,2020,MOR200967898,2020/12/23,19:50:00,COLISIÓN POR ALCANCE,ASFALTO,Bueno,Bueno,5,VOLKSWAGEN,GRIS,5,,19,MASCULINO,SIN DATOS,0,0,Morelia,Loma de Los Piñones,diciembre,miércoles,20,-101.205084733665,19.6739930702572
32705,32710,2020,MOR200958087,2020/12/23,21:30:00,COLISIÓN POR CORTE DE CIRCULACIÓN,CONCRETO,Bueno,Bueno,2,FORD,BLANCO,2,,0,,SIN DATOS,0,0,Morelia,Barrio Alto,diciembre,miércoles,22,-101.197063892402,19.7253842231952
32706,32711,2020,MOR200983214,2020/12/23,22:40:00,COLISIÓN POR CORTE DE CIRCULACIÓN,ASFALTO,Bueno,Bueno,2,ITALIKA,AMARILLO/BLANCO,2,,18,MASCULINO,SIN DATOS,0,0,Morelia,Mariano Escobedo,diciembre,miércoles,23,-101.210302300751,19.7209574926038
32707,32712,2020,MOR200968302,2020/12/23,23:15:00,COLISIÓN POR CORTE DE CIRCULACIÓN,ASFALTO,Bueno,Bueno,2,CHEVROLET,PLATA,2,,34,FEMENINO,SIN DATOS,0,0,Tarímbaro,Sin datos,diciembre,miércoles,23,-101.135881394148,19.774874097814
32708,32713,2020,,2020/12/24,"00:00:00",COLISIÓN POR CORTE DE CIRCULACIÓN,ASFALTO,Bueno,Bueno,3,Nissan,Blanco,3,MINISTERIO PÚBLICO,33,,SIN DATOS,0,0,Morelia,Industrial,diciembre,jueves,0,-101.193809702314,19.7123379173585
32709,32714,2020,MOR200968510,2020/12/24,"00:56:00",COLISIÓN POR NO RESPETAR SEMÁFORO,ASFALTO,Bueno,Bueno,2,DODGE,AZUL/BLANCO,0,MINISTERIO PÚBLICO,,,,0,0,Morelia,Felix Ireta,diciembre,jueves,1,-101.195666491985,19.681496544053
32710,32715,2020,,2020/12/24,"03:00:00",COLISIÓN CONTRA OBJETO FIJO,ASFALTO,Bueno,Bueno,1,RENAULT,BLANCA,1,MINISTERIO PÚBLICO,0,,SIN DATOS,0,0,Morelia,Felix Ireta,diciembre,jueves,3,-101.195676245474,19.681488938815
32711,32716,2020,MOR200968611,2020/12/24,"04:00:00",COLISIÓN CONTRA OBJETO FIJO,ASFALTO,Bueno,Bueno,1,CHEVROLET,AZUL,1,,33,MASCULINO,SIN DATOS,0,0,Morelia,Villas del Pedregal,diciembre,jueves,4,-101.304739192128,19.6774477230278
32712,32717,2020,MOR200968620,2020/12/24,"04:30:00",COLISIÓN CONTRA OBJETO FIJO,ASFALTO,Bueno,Bueno,3,SEAT,VERDE,1,,33,MASCULINO,ALIENTO ETÍLICO,0,0,Morelia,Chapultepec Oriente,diciembre,jueves,5,-101.165050752461,19.6908908024829
32713,32718,2020,MOR200966159,2020/12/24,"08:30:00",COLISIÓN POR INVASIÓN DE CARRIL,ASFALTO,Bueno,Bueno,2,BAJAJ,AMARILLA,2,,23,MASCULINO,SIN DATOS,0,0,Morelia,El Eden,diciembre,jueves,9,-101.249643266201,19.6460312663788
32714,32719,2020,,2020/12/24,"08:40:00",COLISIÓN POR CORTE DE CIRCULACIÓN,ASFALTO,Bueno,Bueno,2,Volkswagen,Azul,2,,28,FEMENINO,SIN DATOS,0,0,Morelia,Molino de Parras,diciembre,jueves,9,-101.200192323461,19.6962353602557
32715,32720,2020,,2020/12/24,"08:57:00",COLISIÓN POR ALCANCE,ASFALTO,Bueno,Bueno,2,Dodge,Negro,2,,24,FEMENINO,SIN DATOS,0,0,Morelia,Fray Antonio de Lisboa,diciembre,jueves,9,-101.147049411443,19.6941709016934
32716,32721,2020,,2020/12/24,10:20:00,COLISIÓN POR CORTE DE CIRCULACIÓN,ASFALTO,Bueno,Bueno,2,FIAT,AZUL,2,,39,MASCULINO,SIN DATOS,0,0,Morelia,Nueva Valladolid,diciembre,jueves,10,-101.210572198033,19.7008881500497
32717,32722,2020,,2020/12/24,11:44:00,COLISIÓN POR CORTE DE CIRCULACIÓN,ASFALTO,Bueno,Bueno,2,NISSAN TSURU,BLANCO/ROJO,2,,65,MASCULINO,SIN DATOS,0,0,Morelia,Las Americas,diciembre,jueves,12,-101.156566590071,19.687715125132
32718,32723,2020,,2020/12/24,13:20:00,COLISIÓN POR CAMBIO DE CARRIL,CONCRETO,Bueno,Bueno,2,Volkswagen,Blanco,2,,27,MASCULINO,SIN DATOS,0,0,Morelia,Balcones de Morelia,diciembre,jueves,13,-101.201094598264,19.6716457994571
32719,32724,2020,MOR200966811,2020/12/24,13:38:00,COLISIÓN POR CORTE DE CIRCULACIÓN,ASFALTO,Bueno,Bueno,1,VW,BLANCO,1,,54,MASCULINO,SIN DATOS,0,0,Morelia,Francisco J Mujica,diciembre,jueves,14,-101.18824149736,19.7214843042751
32720,32725,2020,,2020/12/24,15:25:00,COLISIÓN POR CORTE DE CIRCULACIÓN,CONCRETO,Bueno,Bueno,2,NISSAN TSURU,BLANCO/ROJO,2,MINISTERIO PÚBLICO,43,MASCULINO,SIN DATOS,0,0,Morelia,Nueva Chapultepec,diciembre,jueves,15,-101.164395927705,19.688407689886
32721,32726,2020,,2020/12/24,16:15:00,COLISIÓN POR CAMBIO DE CARRIL,ASFALTO,Bueno,Bueno,2,TOYOTA,BLANCO CON GRIS,2,,37,MASCULINO,SIN DATOS,0,0,Morelia,Felix Arreguin,diciembre,jueves,16,-101.226484067738,19.7214600022881
32722,32727,2020,,2020/12/24,17:00:00,COLISIÓN POR ALCANCE,ASFALTO,Bueno,Bueno,2,Jeep,Rojo,2,,25,MASCULINO,SIN DATOS,0,0,Morelia,Tres Puentes,diciembre,jueves,17,-101.213741898537,19.7026715960956
32723,32728,2020,,2020/12/24,17:10:00,COLISIÓN POR CAMBIO DE CARRIL,ASFALTO,Bueno,Bueno,2,ITALIKA,AZUL/ VERDE,2,,22,MASCULINO,SIN DATOS,0,0,Morelia,Emiliano Zapata,diciembre,jueves,17,-101.215713992715,19.7142408287739
32724,32729,2020,,2020/12/24,17:35:00,COLISIÓN POR CAMBIO DE CARRIL,CONCRETO,Bueno,Bueno,2,INTERNACIONAL,AMARILLO/ROJO,2,,37,MASCULINO,SIN DATOS,0,0,Morelia,Nicolas Bravo(Los Ejidos),diciembre,jueves,18,-101.213737235151,19.7023113846972
32725,32730,2020,,2020/12/24,18:00:00,COLISIÓN POR CORTE DE CIRCULACIÓN,ASFALTO,Bueno,Bueno,2,AUDI,GRIS,2,,30,MASCULINO,SIN DATOS,0,0,Morelia,Nueva Valladolid,diciembre,jueves,18,-101.213982017205,19.7006466769801
32726,32731,2020,,2020/12/24,18:10:00,COLISIÓN CON PEATÓN,ASFALTO,Bueno,Bueno,4,Ford,WINSTAR,4,MINISTERIO PÚBLICO,60,MASCULINO,SIN DATOS,0,0,Tarímbaro,Sin datos,diciembre,jueves,18,-101.144830950283,19.7722184731759
32727,32732,2020,,2020/12/24,19:30:00,COLISIÓN POR CORTE DE CIRCULACIÓN,ASFALTO,Bueno,Regular,2,CHEVROLET/TRAVERSE,ROJO,2,,65,FEMENINO,SIN DATOS,0,0,Morelia,Centro,diciembre,jueves,20,-101.190143854104,19.6959298010617
32728,32733,2020,,2020/12/24,21:50:00,COLISIÓN POR INVASIÓN DE CARRIL,ASFALTO,Bueno,Bueno,1,VOLKSWAGEN,GRIS,2,,21,MASCULINO,SIN DATOS,0,0,Morelia,Nicolaitas Ilustres,diciembre,jueves,22,-101.225693517112,19.7230651592375
32729,32734,2020,,2020/12/24,22:55:00,COLISIÓN POR INVASIÓN DE CARRIL,ASFALTO,Bueno,Bueno,2,SATURN,ORO,3,MINISTERIO PÚBLICO,34,MASCULINO,ALIENTO ETÍLICO,1,0,Los Reyes,Sin datos,diciembre,jueves,23,-102.515086345375,19.5538571824888
32730,32735,2020,MOR200968545,2020/12/24,23:30:00,COLISIÓN POR INVASIÓN DE CARRIL,ASFALTO,Bueno,Bueno,2,VW,CAFE,2,,21,FEMENINO,ALIENTO ETÍLICO,0,0,Morelia,Sin datos,diciembre,jueves,0,-101.404317104021,19.6761452320049
32731,32736,2020,,2020/12/24,23:47:00,COLISIÓN POR CORTE DE CIRCULACIÓN,ASFALTO,Bueno,Bueno,2,VOLKSWAGEN,ROJO,2,,,MASCULINO,SIN DATOS,0,0,Morelia,Eva Samano,diciembre,jueves,0,-101.19943764738,19.7314348396578
32732,32737,2020,,2020/12/25,"00:40:00",VOLCADURA,ASFALTO,Bueno,Bueno,1,IBIZA,PLATA,1,MINISTERIO PÚBLICO,0,,SIN DATOS,0,0,Morelia,Sin datos,diciembre,viernes,1,-101.278506212625,19.6435424066181
32733,32738,2020,,2020/12/25,"02:30:00",COLISIÓN POR ALCANCE,ASFALTO,Bueno,Bueno,2,Mazda,Plata,2,,44,MASCULINO,SIN DATOS,0,0,Morelia,Felix Ireta,diciembre,viernes,3,-101.191857999019,19.682409686471
32734,32739,2020,,2020/12/25,"06:00:00",SUBIDA AL CAMELLÓN,CONCRETO,Bueno,Bueno,1,MAZDA,AZUL,1,,28,MASCULINO,SIN DATOS,0,0,Morelia,La Soledad,diciembre,viernes,6,-101.185002789671,19.7293379739947
32735,32740,2020,,2020/12/25,"07:20:00",COLISIÓN CONTRA OBJETO FIJO,ASFALTO,Bueno,Bueno,1,CHEVROLET BLAZER,GRIS,1,,50,MASCULINO,SIN DATOS,0,0,Morelia,Quinceo,diciembre,viernes,7,-101.221448890865,19.7277162790722
32736,32741,2020,,2020/12/25,"07:26:00",COLISIÓN CONTRA OBJETO FIJO,CONCRETO,Bueno,Bueno,2,Nissan,Blanco/Rojo,2,,30,MASCULINO,SIN DATOS,0,0,Morelia,Nueva Valladolid,diciembre,viernes,7,-101.210657297208,19.7020528974316
32737,32742,2020,,2020/12/25,"09:20:00",SALIDA DE SUPERFICIE DE RODAMIENTO,ASFALTO,Bueno,Bueno,1,VOLKSWAGEN/BORA,GRIS,0,,,,,0,0,Charo,Sin datos,diciembre,viernes,9,-101.070074737072,19.7437894446402
32738,32743,2020,,2020/12/25,11:10:00,VOLCADURA,ASFALTO,Bueno,Bueno,1,Nissan,Negro,1,,20,FEMENINO,ALIENTO ETÍLICO,0,0,Morelia,Sin datos,diciembre,viernes,11,-101.133001558335,19.6214501437563
32739,32744,2020,,2020/12/25,12:50:00,COLISIÓN CONTRA OBJETO FIJO,ASFALTO,Bueno,Bueno,1,MERCEDES BENZ/ML500,BLANCO,1,,27,MASCULINO,SIN DATOS,0,0,Morelia,Sin datos,diciembre,viernes,13,-101.12678666344,19.7090487502031
32740,32745,2020,,2020/12/25,14:21:00,COLISIÓN CONTRA OBJETO FIJO,ASFALTO,Bueno,Bueno,1,BMW,Gris,1,,24,MASCULINO,ALIENTO ETÍLICO,0,0,Morelia,Las Americas,diciembre,viernes,14,-101.159014075316,19.6879658010323
32741,32746,2020,,2020/12/25,16:00:00,COLISIÓN POR CORTE DE CIRCULACIÓN,ASFALTO,Bueno,Bueno,2,VELOCI,NEGRO,0,MINISTERIO PÚBLICO,,,,0,0,Lázaro Cárdenas,Las Camelinas,diciembre,viernes,16,-102.224518284202,17.9760111915944
32742,32747,2020,,2020/12/25,16:30:00,COLISIÓN CON PEATÓN,ASFALTO,Bueno,Bueno,1,JEEP,GRIS,2,,59,MASCULINO,SIN DATOS,1,0,Morelia,Isaac Arriaga,diciembre,viernes,17,-101.170399778269,19.708165917386
32743,32748,2020,,2020/12/25,19:00:00,SALIDA DE SUPERFICIE DE RODAMIENTO,ASFALTO,Bueno,Bueno,1,MITSUBISHI,GRIS,2,MINISTERIO PÚBLICO,,,,1,1,Huaniqueo,Sin datos,diciembre,viernes,19,-101.542556248605,19.8979987361965
32744,32749,2020,,2020/12/25,20:05:00,COLISIÓN POR INVASIÓN DE CARRIL,ASFALTO,Bueno,Bueno,4,VOLKSWAGEN,ROJO,6,MINISTERIO PÚBLICO,26,MASCULINO,SIN DATOS,2,0,Morelia,Sin datos,diciembre,viernes,20,-101.173783019185,19.746974421794
32745,32750,2020,,2020/12/25,22:00:00,COLISIÓN POR MANIOBRA DE REVERSA,CONCRETO,Bueno,Bueno,2,JEEP,GRIS,2,,,MASCULINO,SIN DATOS,0,0,Morelia,Villas Oriente,diciembre,viernes,22,-101.144142183243,19.7543516211626
32746,32751,2020,,2020/12/26,"05:55:00",COLISIÓN CONTRA OBJETO FIJO,ASFALTO,Bueno,Bueno,1,FORD ESCAPE,GRIS,1,,0,,SIN DATOS,0,0,Tarímbaro,Real Hacienda,diciembre,sábado,6,-101.194813854314,19.751707720385
32747,32752,2020,LEG34702,2020/12/26,10:00:00,SALIDA DE SUPERFICIE DE RODAMIENTO,ASFALTO,Bueno,Bueno,1,MAZDA,AZUL,0,,,,,0,0,Tarímbaro,Sin datos,diciembre,sábado,10,-101.157288470042,19.7785868844097
32748,32753,2020,,2020/12/26,12:00:00,SALIDA DE SUPERFICIE DE RODAMIENTO,ASFALTO,Bueno,Bueno,1,NISSAN,ROJO,1,,,MASCULINO,SIN DATOS,0,0,Tzitzio,Sin datos,diciembre,sábado,12,-100.906004712674,19.5051019120105
32749,32754,2020,,2020/12/26,12:55:00,COLISIÓN CON PEATÓN,ASFALTO,Bueno,Bueno,2,FORD,AZUL BRILLANTE,3,MINISTERIO PÚBLICO,,FEMENINO,SIN DATOS,1,1,Morelia,Ignaci0 Ramirez,diciembre,sábado,13,-101.223398186266,19.7258174300651
32750,32755,2020,,2020/12/26,13:10:00,COLISIÓN POR ALCANCE,CONCRETO,Bueno,Bueno,2,NISSAN,BLANCO,2,,30,FEMENINO,SIN DATOS,0,0,Morelia,Ignaci0 Ramirez,diciembre,sábado,13,-101.223157122731,19.7261517379269
32751,32756,2020,,2020/12/26,14:30:00,COLISIÓN POR ALCANCE,ASFALTO,Bueno,Bueno,3,Volkswagen,BLANCO,3,,36,,SIN DATOS,0,0,Morelia,Eduardo Ruiz,diciembre,sábado,15,-101.224259205841,19.724881381554
32752,32757,2020,,2020/12/26,17:00:00,COLISIÓN POR CORTE DE CIRCULACIÓN,CONCRETO,Bueno,Bueno,2,NISSAN,GRIS,2,,24,FEMENINO,SIN DATOS,0,0,Morelia,Lomas de Santa Maria,diciembre,sábado,17,-101.187251731753,19.6759193114713
32753,32758,2020,,2020/12/26,17:50:00,COLISIÓN POR CAMBIO DE CARRIL,ASFALTO,Bueno,Bueno,2,SEAT/IBIZA,ROJO,2,,16,MASCULINO,SIN DATOS,0,0,Morelia,Balcones de Santa Maria,diciembre,sábado,18,-101.185261166908,19.6755358502396
32754,32759,2020,,2020/12/26,18:00:00,SALIDA DE SUPERFICIE DE RODAMIENTO,ASFALTO,Bueno,Bueno,1,CHEVROLET,Blanco,1,,27,MASCULINO,SIN DATOS,0,0,Morelia,Campestre Los Manantiales,diciembre,sábado,18,-101.238146983087,19.687804203369
32755,32760,2020,,2020/12/26,18:10:00,SALIDA DE SUPERFICIE DE RODAMIENTO,ASFALTO,Bueno,Bueno,1,NISSAN,BLANCO,1,,17,MASCULINO,SIN DATOS,0,0,Tarímbaro,Sin datos,diciembre,sábado,18,-101.238434009932,19.7789910359163
32756,32761,2020,,2020/12/26,18:40:00,COLISIÓN POR ALCANCE,ASFALTO,Bueno,Bueno,2,DODGE,ROJO,2,MINISTERIO PÚBLICO,0,,SIN DATOS,0,0,Morelia,Elias Perez Avalos,diciembre,sábado,19,-101.171261072159,19.7146022184146
32757,32762,2020,,2020/12/26,19:20:00,COLISIÓN CON PEATÓN,SIN_DATOS,Bueno,Bueno,2,NISSAN,BLANCO,1,,22,MASCULINO,SIN DATOS,0,0,Morelia,La Floresta,diciembre,sábado,19,-101.151982694864,19.6835702348014
32758,32763,2020,,2020/12/26,21:30:00,COLISIÓN CONTRA OBJETO FIJO,CONCRETO,Bueno,Bueno,3,CHEVROLET,ROJO,3,,41,MASCULINO,SIN DATOS,0,0,Morelia,Nicandro Ortiz (Morelia 1981),diciembre,sábado,22,-101.142853796482,19.7549508291261
32759,32764,2020,,2020/12/26,21:45:00,COLISIÓN POR CAMBIO DE CARRIL,CONCRETO,Bueno,Bueno,2,VOLKSWAGEN,ROJO,2,,21,MASCULINO,SIN DATOS,0,0,Morelia,Sin datos,diciembre,sábado,22,-101.119848855518,19.6996280382247
32760,32765,2020,,2020/12/26,22:15:00,COLISIÓN POR INVASIÓN DE CARRIL,CONCRETO,Bueno,Bueno,2,NISSAN,BLANCO,4,MINISTERIO PÚBLICO,30,FEMENINO,SIN DATOS,1,1,Morelia,Francisco J Mujica,diciembre,sábado,22,-101.1930526793,19.7236409115818
32761,32766,2020,,2020/12/26,22:30:00,COLISIÓN POR MANIOBRA DE REVERSA,ASFALTO,Bueno,Bueno,1,CHEVROLET,NEGRO,1,,25,MASCULINO,CON CERTIFICADO,0,0,Morelia,Hospitales de Don Vasco,diciembre,sábado,23,-101.155455484986,19.701059806625
32762,32767,2020,,2020/12/27,"00:10:00",COLISIÓN POR INVASIÓN DE CARRIL,CONCRETO,Bueno,Bueno,2,TOYOTA,BLANCO/CAFE,2,,25,MASCULINO,SIN DATOS,0,0,Morelia,Jesus del Monte,diciembre,domingo,0,-101.157321967185,19.65836970313
32763,32768,2020,,2020/12/27,"04:20:00",COLISIÓN POR CORTE DE CIRCULACIÓN,CONCRETO,Bueno,Regular,2,CHEVROLET,PLATA,2,MINISTERIO PÚBLICO,33,MASCULINO,SIN DATOS,0,0,Morelia,Centro,diciembre,domingo,4,-101.189720430837,19.7047043519523
32764,32769,2020,,2020/12/27,"07:17:00",COLISIÓN POR CORTE DE CIRCULACIÓN,ASFALTO,Bueno,Bueno,1,CHEVROLET,ROJO,1,,30,MASCULINO,SIN DATOS,0,0,Morelia,La Soledad,diciembre,domingo,7,-101.183416172862,19.7280737937112
32765,32770,2020,200-,2020/12/27,10:00:00,COLISIÓN CONTRA OBJETO FIJO,ASFALTO,Bueno,Bueno,1,VOLKSWAGEN,BLANCO,1,,35,MASCULINO,ALIENTO ETÍLICO,0,0,Morelia,Los Manantiales de Morelia,diciembre,domingo,10,-101.24296490103,19.7004241426432
32766,32771,2020,"200977764",2020/12/27,12:20:00,COLISIÓN CONTRA OBJETO FIJO,CONCRETO,Bueno,Bueno,2,MERCEDES BENZ,BLANCO,1,,52,MASCULINO,SIN DATOS,0,0,Morelia,Centro,diciembre,domingo,12,-101.190650090575,19.6959414518071
32767,32772,2020,LEG34724,2020/12/27,12:30:00,CAIDA DE MOTOCICLETA,ASFALTO,Bueno,Bueno,1,BAJAJ,ROJO,2,,,,,2,0,Charo,San Pedro Y San Pablo,diciembre,domingo,13,-101.046878688716,19.7522182802321
32768,32773,2020,LEG34721,2020/12/27,12:40:00,COLISIÓN CON PEATÓN,CONCRETO,Bueno,Bueno,1,italika,NEGRO,1,MINISTERIO PÚBLICO,,,,1,0,Morelia,Nueva Valladolid,diciembre,domingo,13,-101.208903498269,19.7021813376526
32769,32774,2020,MOR200977897,2020/12/27,15:03:00,COLISIÓN POR CORTE DE CIRCULACIÓN,ASFALTO,Bueno,Bueno,2,HONDA,BLANCO,2,,43,FEMENINO,SIN DATOS,0,0,Morelia,Alberto Oviedo Mota,diciembre,domingo,15,-101.202149086379,19.6774351238456
32770,32775,2020,LEG34722,2020/12/27,21:25:00,COLISIÓN CONTRA OBJETO FIJO,CONCRETO,Bueno,Bueno,1,MITSUBISHI,ROJO,1,,41,MASCULINO,SIN DATOS,0,0,Morelia,Felix Ireta,diciembre,domingo,21,-101.188039295375,19.6900271828914
32771,32776,2020,,2020/12/27,22:00:00,COLISIÓN CONTRA OBJETO FIJO,CONCRETO,Bueno,Bueno,1,GMC,Azul,1,,37,MASCULINO,SIN DATOS,0,0,Tarímbaro,Sin datos,diciembre,domingo,22,-101.126468852162,19.7779303618942
32772,32777,2020,,2020/12/28,"00:00:00",COLISIÓN POR CAMBIO DE CARRIL,ASFALTO,Bueno,Bueno,2,VOLKSWAGEN,ROJO,2,,43,MASCULINO,SIN DATOS,0,0,Morelia,Josefa Ortiz de Dominguez,diciembre,lunes,0,-101.209892227567,19.6722099075097
32773,32778,2020,MOR200979282,2020/12/28,"01:20:00",VOLCADURA,ASFALTO,Bueno,Regular,1,CADILAC,GRIS,2,MINISTERIO PÚBLICO,,,,0,2,Morelia,Sin datos,diciembre,lunes,1,-101.399816826654,19.7604008990492
32774,32779,2020,,2020/12/28,10:00:00,COLISIÓN POR CAMBIO DE CARRIL,ASFALTO,Bueno,Bueno,2,KIA,Gris,2,,37,MASCULINO,SIN DATOS,0,0,Morelia,Prados del Campestre,diciembre,lunes,10,-101.167017482221,19.6833760884126
32775,32780,2020,,2020/12/28,14:30:00,COLISIÓN POR MANIOBRA DE REVERSA,ASFALTO,Bueno,Bueno,2,FORD,GUINDA,2,,29,FEMENINO,SIN DATOS,0,0,Morelia,Camelinas,diciembre,lunes,15,-101.173581487752,19.6818623698801
32776,32781,2020,,2020/12/28,14:50:00,COLISIÓN POR ALCANCE,ASFALTO,Bueno,Bueno,2,DODGE,BLANCO,2,,48,MASCULINO,SIN DATOS,0,0,Morelia,Plan de La Garita,diciembre,lunes,15,-101.182107894934,19.7162084197818
32777,32782,2020,,2020/12/28,14:50:00,COLISIÓN POR CAMBIO DE CARRIL,ASFALTO,Bueno,Bueno,2,BMW,Rojo,2,,40,MASCULINO,SIN DATOS,0,0,Morelia,Americas Britania,diciembre,lunes,15,-101.149993654006,19.691813189209
32778,32783,2020,,2020/12/28,15:20:00,COLISIÓN POR CORTE DE CIRCULACIÓN,CONCRETO,Bueno,Bueno,2,MAZDA/GRAND TOURING,ROJO,2,,38,FEMENINO,SIN DATOS,0,0,Morelia,Torremolinos,diciembre,lunes,15,-101.225631795824,19.6787922711617
32779,32784,2020,,2020/12/28,16:50:00,COLISIÓN POR CORTE DE CIRCULACIÓN,CONCRETO,Bueno,Bueno,3,VOLKSWAGEN/SAVEIRO,BLANCO,3,,22,MASCULINO,SIN DATOS,0,0,Morelia,Victor Manuel Tinoco Rubi,diciembre,lunes,17,-101.242975965142,19.7004408147927
32780,32785,2020,,2020/12/28,16:52:00,COLISIÓN POR ALCANCE,ASFALTO,Bueno,Bueno,3,DINA,BLANCO/AZUL,3,,35,MASCULINO,SIN DATOS,0,0,Morelia,Francisco J Mujica,diciembre,lunes,17,-101.185776181519,19.7240091085078
32781,32786,2020,,2020/12/28,17:30:00,VOLCADURA,ASFALTO,Bueno,Bueno,1,INTERNACIONAL,BLANCO,0,,,,,0,0,Puruándiro,Sin datos,diciembre,lunes,18,-101.465878903188,20.0630548025262
32782,32787,2020,,2020/12/28,18:00:00,COLISIÓN POR ALCANCE,ASFALTO,Bueno,Bueno,2,MERCEDES BENZ,NEGRO,2,,21,MASCULINO,SIN DATOS,0,0,Morelia,Melchor Ocampo,diciembre,lunes,18,-101.200449205935,19.7059109370397
32783,32788,2020,,2020/12/28,18:00:00,COLISIÓN POR CORTE DE CIRCULACIÓN,ASFALTO,Bueno,Bueno,2,HONDA,GRAFITO ESMERALDA,2,,20,MASCULINO,SIN DATOS,0,0,Huandacareo,Centro,diciembre,lunes,18,-101.274326817163,19.9890124844386