fid,id_accidente,anio_origen,folio_c5i,dia_incidente,hora_ocurrencia,tipo_incidente_vial,superficie_ocurrencia,condiciones_climaticas,condiciones_via,numero_vehiculos_involucrados,marca_vehiculo_ocasiona_siniestro,color_vehiculo_ocasiona_siniestro,numero_personas_involucradas,lugar_remite_presunto_responsable,edad_presunto_responsable,sexo_presunto_responsable,resultados_toxicologia,numero_personas_lesionadas,numero_personas_fallecidas,municipio,colonia,mes,dia_semana,hora_redondeada,lon,lat
32784,32789,2020,,2020/12/28,21:10:00,COLISIÓN POR CORTE DE CIRCULACIÓN,CONCRETO,Bueno,Bueno,1,MERSEDES BENZ,BLANCO,1,MINISTERIO PÚBLICO,44,MASCULINO,SIN DATOS,0,0,Morelia,Tanganxoan (Guadalupe Victoria),diciembre,lunes,21,-101.291088089347,19.6948423752093
32785,32790,2020,,2020/12/28,21:30:00,COLISIÓN POR CORTE DE CIRCULACIÓN,ASFALTO,Bueno,Bueno,2,HONDA,GUINDA,0,MINISTERIO PÚBLICO,,,,0,0,Lázaro Cárdenas,Lomas del Rio (Unidad 512 5To Sector),diciembre,lunes,22,-102.223799771859,17.9720303295556
32786,32791,2020,,2020/12/29,"04:25:00",COLISIÓN CONTRA OBJETO FIJO,ASFALTO,Bueno,Bueno,1,VOLKSWAGEN,ROJO,0,,,,,0,0,Morelia,Industrial,diciembre,martes,4,-101.19224932722,19.7078196637853
32787,32792,2020,,2020/12/29,"09:05:00",COLISIÓN POR CORTE DE CIRCULACIÓN,ASFALTO,Bueno,Bueno,2,NISSAN,PLATA,2,,51,MASCULINO,SIN DATOS,0,0,Morelia,Chapultepec Sur,diciembre,martes,9,-101.177091859281,19.6919684981556
32788,32793,2020,LEG34753,2020/12/29,10:49:00,COLISIÓN POR ALCANCE,ASFALTO,Bueno,Bueno,2,FORD,GUINDA,2,,29,MASCULINO,SIN DATOS,0,0,Morelia,Los Manantiales de Morelia,diciembre,martes,11,-101.240232735872,19.6927352549539
32789,32794,2020,MOR 200982446,2020/12/29,14:15:00,COLISIÓN POR CORTE DE CIRCULACIÓN,ASFALTO,Bueno,Regular,2,CHEVROLET,AZUL,2,,25,MASCULINO,CON CERTIFICADO,0,0,Charo,De Santiago,diciembre,martes,14,-101.044372,19.745476
32790,32795,2020,,2020/12/29,15:00:00,COLISIÓN POR CAMBIO DE CARRIL,ASFALTO,Bueno,Bueno,2,CHEVOLET,BLANCO,2,,37,MASCULINO,SIN DATOS,0,0,Morelia,Felix Ireta,diciembre,martes,15,-101.19566783309,19.6815189579762
32791,32796,2020,MOR200982672,2020/12/29,15:20:00,COLISIÓN POR CORTE DE CIRCULACIÓN,ASFALTO,Bueno,Bueno,3,IZUZU,NEGRO,2,MINISTERIO PÚBLICO,46,FEMENINO,SIN DATOS,0,0,Morelia,Elias Perez Avalos,diciembre,martes,15,-101.170695552775,19.7142007731517
32792,32797,2020,MOR200982771,2020/12/29,16:00:00,VOLCADURA,ASFALTO,Bueno,Bueno,1,ISUZU,ROJO,1,,32,MASCULINO,SIN DATOS,0,0,Morelia,Bosques de Oriente,diciembre,martes,16,-101.15685492754,19.7148046766015
32793,32798,2020,,2020/12/29,16:20:00,COLISIÓN POR CORTE DE CIRCULACIÓN,CONCRETO,Bueno,Bueno,2,KENWORTH,BLANCO,2,,25,MASCULINO,SIN DATOS,0,0,Morelia,Industrial,diciembre,martes,16,-101.196189005906,19.710209818625
32794,32799,2020,,2020/12/29,18:18:00,COLISIÓN POR CAMBIO DE CARRIL,ASFALTO,Bueno,Bueno,2,MITSUBISHI,ROJO,2,,42,FEMENINO,SIN DATOS,0,0,Morelia,Praderas de Morelia,diciembre,martes,18,-101.229299594348,19.6730115417616
32795,32800,2020,,2020/12/29,18:50:00,COLISIÓN POR ALCANCE,ASFALTO,Bueno,Bueno,2,Ford,PLATA,2,,51,FEMENINO,SIN DATOS,0,0,Morelia,Felicitas del Rio,diciembre,martes,19,-101.195500865579,19.6920218461126
32796,32801,2020,LEG34745,2020/12/29,20:00:00,SUBIDA AL CAMELLÓN,ASFALTO,Bueno,Bueno,1,NISSAN,GRIS,1,,65,MASCULINO,SIN DATOS,0,0,Morelia,Francisco J Mujica,diciembre,martes,20,-101.188240125775,19.721486456161
32797,32802,2020,MOR200983797,2020/12/29,23:00:00,COLISIÓN POR ALCANCE,ASFALTO,Bueno,Bueno,2,NISSAN,BLANCO,2,,36,MASCULINO,SIN DATOS,0,0,Morelia,Guadalupe,diciembre,martes,23,-101.225496344268,19.7067284736713
32798,32803,2020,,2020/12/30,"08:30:00",COLISIÓN POR ALCANCE,CONCRETO,Bueno,Regular,3,PONTIAC,VERDE,3,,43,MASCULINO,SIN DATOS,0,0,Morelia,Colinas del Sur,diciembre,miércoles,9,-101.199437982656,19.660387206033
32799,32804,2020,,2020/12/30,"08:42:00",COLISIÓN POR CORTE DE CIRCULACIÓN,ASFALTO,Bueno,Bueno,2,DODGE,BLANCO/VERDE,2,,26,MASCULINO,SIN DATOS,0,0,Morelia,Dr Miguel Silva,diciembre,miércoles,9,-101.186610653318,19.7203761356488
32800,32805,2020,,2020/12/30,"08:45:00",COLISIÓN POR ALCANCE,ASFALTO,Bueno,Bueno,2,DODGE,ROJO,2,,27,MASCULINO,SIN DATOS,0,0,Morelia,Alfonso Garcia Robles,diciembre,miércoles,9,-101.183173768222,19.7180182642083
32801,32806,2020,,2020/12/30,11:55:00,COLISIÓN POR ALCANCE,ASFALTO,Bueno,Bueno,3,CHEVROLET/AVEO,AZUL,3,,31,MASCULINO,SIN DATOS,0,0,Morelia,Josefa Ortiz de Dominguez,diciembre,miércoles,12,-101.209892593324,19.6722165373644
32802,32807,2020,,2020/12/30,12:21:00,COLISIÓN CON PEATÓN,ASFALTO,Bueno,Bueno,1,NAVISTAR,BLANCO/ROJO,0,,,,,0,0,Tarímbaro,Sin datos,diciembre,miércoles,12,-101.101035140455,19.7857923925806
32803,32808,2020,,2020/12/30,12:30:00,COLISIÓN POR CORTE DE CIRCULACIÓN,ASFALTO,Bueno,Bueno,2,KIA,GRIS,2,,55,FEMENINO,SIN DATOS,0,0,Morelia,Tzindurio de Morelos,diciembre,miércoles,13,-101.243647614651,19.6999651556277
32804,32809,2020,,2020/12/30,12:40:00,COLISIÓN POR MANIOBRA DE REVERSA,CONCRETO,Bueno,Bueno,2,DODGE,GRIS,2,,53,,SIN DATOS,0,0,Morelia,Tzindurio Sarh,diciembre,miércoles,13,-101.247830092907,19.6955702345077
32805,32810,2020,,2020/12/30,13:15:00,COLISIÓN POR ALCANCE,ASFALTO,Bueno,Bueno,3,FORD,ROJO,6,MINISTERIO PÚBLICO,,MASCULINO,SIN DATOS,3,0,Morelia,Francisco J Mujica,diciembre,miércoles,13,-101.193242140793,19.723788844621
32806,32811,2020,,2020/12/30,13:30:00,COLISIÓN POR INVASIÓN DE CARRIL,ASFALTO,Bueno,Bueno,2,CHRYSLER,BLANCO,2,,25,MASCULINO,SIN DATOS,0,0,Morelia,Canteras de Morelia,diciembre,miércoles,14,-101.171694218434,19.7148822051595
32807,32812,2020,,2020/12/30,14:10:00,COLISIÓN POR CORTE DE CIRCULACIÓN,ASFALTO,Bueno,Bueno,2,FORD,GRIS,2,,55,MASCULINO,SIN DATOS,0,0,Morelia,Chapultepec Oriente,diciembre,miércoles,14,-101.159432963028,19.689966731738
32808,32813,2020,,2020/12/30,14:50:00,COLISIÓN POR ALCANCE,ASFALTO,Bueno,Bueno,2,NISSAN,ROJO,2,,64,MASCULINO,SIN DATOS,0,0,Morelia,Bosques de Oriente,diciembre,miércoles,15,-101.155501753092,19.7156683919914
32809,32814,2020,,2020/12/30,15:40:00,COLISIÓN CON PEATÓN,CONCRETO,Bueno,Bueno,1,NISSAN,BLANCO CON ROJO,2,,,,SIN DATOS,1,0,Morelia,Rey Chimalpopoca,diciembre,miércoles,16,-101.152363568544,19.6967526688032
32810,32815,2020,LEG34752,2020/12/30,19:35:00,COLISIÓN POR CORTE DE CIRCULACIÓN,CONCRETO,Bueno,Bueno,2,CHRYSLER,GRIS,4,MINISTERIO PÚBLICO,0,,SIN DATOS,2,0,Morelia,Balcones de Morelia,diciembre,miércoles,20,-101.200960227713,19.6716360078612
32811,32816,2020,,2020/12/30,22:40:00,COLISIÓN POR NO RESPETAR SEMÁFORO,ASFALTO,Bueno,Bueno,2,YAMAHA,ROJO,2,,24,MASCULINO,SIN DATOS,0,0,Morelia,Vasco de Quiroga,diciembre,miércoles,23,-101.175861060619,19.6981254926161
32812,32817,2020,,2020/12/31,"00:30:00",COLISIÓN POR CORTE DE CIRCULACIÓN,CONCRETO,Bueno,Bueno,2,,,1,,37,MASCULINO,SIN DATOS,0,0,Morelia,Lomas del Durazno,diciembre,jueves,1,-101.1920260638,19.6646868259448
32813,32818,2020,,2020/12/31,"01:40:00",COLISIÓN CONTRA OBJETO FIJO,CONCRETO,Bueno,Bueno,2,CHEVROLET,GRIS,2,,32,MASCULINO,ALIENTO ETÍLICO,0,0,Morelia,Nueva Chapultepec,diciembre,jueves,2,-101.169129051268,19.6869114099132
32814,32819,2020,,2020/12/31,"05:55:00",COLISIÓN CONTRA OBJETO FIJO,CONCRETO,Bueno,Bueno,1,INTERNACIONAL,BLANCO CON AZUL,1,,0,,SIN DATOS,0,0,Morelia,Socialista,diciembre,jueves,6,-101.236572526395,19.6408855192172
32815,32820,2020,,2020/12/31,"06:10:00",SALIDA DE SUPERFICIE DE RODAMIENTO,ASFALTO,Bueno,Bueno,1,DODGE,BLANCO,1,,19,MASCULINO,SIN DATOS,0,0,Morelia,Alfonso Espinoza Guerrero (Barranca Seca),diciembre,jueves,6,-101.175570071422,19.6732388232552
32816,32821,2020,,2020/12/31,"06:30:00",COLISIÓN CON PEATÓN,ASFALTO,Nublado,Regular,1,FORD,BLANCO,2,MINISTERIO PÚBLICO,,,,2,0,Pátzcuaro,Sin datos,diciembre,jueves,7,-101.587408483028,19.5447778210596
32817,32822,2020,,2020/12/31,"08:30:00",CAIDA DE MOTOCICLETA,CONCRETO,Bueno,Bueno,1,ITALIKA,|,1,,20,MASCULINO,SIN DATOS,0,0,Morelia,Rector Hidalgo,diciembre,jueves,9,-101.224853614648,19.6856513102425
32818,32823,2020,MOR200986812,2020/12/31,"08:49:00",COLISIÓN POR ALCANCE,ASFALTO,Bueno,Bueno,2,NISSAN,GRIS,2,,47,MASCULINO,SIN DATOS,0,0,Morelia,Asociacion Zirahuen,diciembre,jueves,9,-101.25023201108,19.6986920946631
32819,32824,2020,"200986812",2020/12/31,"09:30:00",COLISIÓN POR CAMBIO DE CARRIL,CONCRETO,Bueno,Bueno,2,FORD,AZUL,2,,49,MASCULINO,SIN DATOS,0,0,Morelia,Los Pinos de Michoacan,diciembre,jueves,10,-101.214119480406,19.6878398748262
32820,32825,2020,MOR200987021,2020/12/31,10:50:00,COLISIÓN POR CORTE DE CIRCULACIÓN,ASFALTO,Bueno,Regular,2,FORD,BLANCO,2,,22,MASCULINO,SIN DATOS,0,0,Morelia,Chapultepec Norte,diciembre,jueves,11,-101.173778799073,19.6957366970635
32821,32826,2020,MOR200987266,2020/12/31,12:25:00,COLISIÓN POR ALCANCE,ASFALTO,Bueno,Bueno,3,VOLVO,BLANCO/NARANJA,3,,43,MASCULINO,SIN DATOS,0,0,Morelia,Xangari,diciembre,jueves,12,-101.219623120327,19.6720670459846
32822,32827,2020,,2020/12/31,12:32:00,COLISIÓN POR MANIOBRA DE REVERSA,ASFALTO,Bueno,Bueno,2,NISSAN,PLATA,2,,30,MASCULINO,SIN DATOS,0,0,Morelia,Ana Maria Gallaga (Riviera Norte),diciembre,jueves,13,-101.222820901737,19.6766459078921
32823,32828,2020,,2020/12/31,12:55:00,SALIDA DE SUPERFICIE DE RODAMIENTO,ASFALTO,Bueno,Bueno,1,NISSAN,BLANCO,1,MINISTERIO PÚBLICO,31,MASCULINO,SIN DATOS,0,0,Peribán,Sin datos,diciembre,jueves,13,-102.444121129811,19.4487828879973
32824,32829,2020,,2020/12/31,15:16:00,COLISIÓN POR ALCANCE,ASFALTO,Bueno,Bueno,3,YAMAHA,BLANCO,3,,31,MASCULINO,SIN DATOS,0,0,Morelia,Niño Artillero,diciembre,jueves,15,-101.250201500952,19.6986094249765
32825,32830,2020,,2020/12/31,16:07:00,COLISIÓN POR CORTE DE CIRCULACIÓN,ASFALTO,Bueno,Bueno,2,KENWORTH,AMARILLO,2,,36,MASCULINO,SIN DATOS,0,0,Tarímbaro,Sin datos,diciembre,jueves,16,-101.153264120221,19.7696242723932
32826,32831,2020,MOR200988203,2020/12/31,18:15:00,COLISIÓN POR ALCANCE,ASFALTO,Bueno,Bueno,3,MITSHUBISI,GRIS,3,,18,FEMENINO,SIN DATOS,0,0,Morelia,Felix Ireta,diciembre,jueves,18,-101.188582604864,19.6860148664875
32827,32832,2020,LEG34780,2020/12/31,19:00:00,COLISIÓN CONTRA OBJETO FIJO,ASFALTO,Bueno,Bueno,1,CHEVROLET,GUINDA,2,MINISTERIO PÚBLICO,,,,2,0,Morelia,Felipe Carrillo Puerto,diciembre,jueves,19,-101.177427865661,19.7308068402022
32828,32833,2020,,2020/12/31,19:16:00,COLISIÓN POR CAMBIO DE CARRIL,ASFALTO,Bueno,Bueno,2,KENWORTH,BLANCO,2,,35,MASCULINO,SIN DATOS,0,0,Morelia,Enrique Arreguin Robles,diciembre,jueves,19,-101.17908202789,19.7202912358948
32829,32834,2020,MOR200988673,2020/12/31,21:20:00,COLISIÓN CONTRA OBJETO FIJO,ASFALTO,Bueno,Bueno,2,NISSAN,PLATA,1,,25,MASCULINO,ALIENTO ETÍLICO,0,0,Morelia,Prados Verdes,diciembre,jueves,21,-101.199782310949,19.7166640281337
32830,32835,2020,,2020/12/31,22:06:00,COLISIÓN CONTRA OBJETO FIJO,ASFALTO,Bueno,Bueno,2,ITALIKA,NEGRO/VERDE,0,,,,,0,0,Morelia,Industrial,diciembre,jueves,22,-101.196189005906,19.710209818625
32831,32836,2021,MOR200989153,2021/01/01,"00:05:00",COLISIÓN POR CAMBIO DE CARRIL,ASFALTO,Bueno,Bueno,2,CHEVROLET,AZUL,2,,31,MASCULINO,SIN DATOS,0,0,Morelia,Mariano Michelena,enero,viernes,0,-101.230043389581,19.6769259036397
32832,32837,2021,,2021/01/01,"03:00:00",COLISIÓN CONTRA OBJETO FIJO,ASFALTO,Bueno,Bueno,1,FORD,GRIS,0,MINISTERIO PÚBLICO,,,,0,0,Lázaro Cárdenas,El Sembrador,enero,viernes,3,-102.20701086589,17.9727771257158
32833,32838,2021,,2021/01/01,"03:45:00",COLISIÓN CONTRA OBJETO FIJO,ASFALTO,Bueno,Bueno,1,SEAT,NEGRO,1,MINISTERIO PÚBLICO,,,,1,0,Pátzcuaro,Revolucion,enero,viernes,4,-101.61114435643,19.5313714408694
32834,32839,2021,"210000567",2021/01/01,"04:30:00",VOLCADURA,ASFALTO,Bueno,Bueno,1,MAZDA,NEGRO,0,,,,,0,0,Morelia,Dr Miguel Silva,enero,viernes,5,-101.178429550066,19.71973483869
32835,32840,2021,MOR2100,2021/01/01,"04:30:00",COLISIÓN CONTRA OBJETO FIJO,ASFALTO,Bueno,Bueno,1,AUDI,ROJO,1,,,,SIN DATOS,0,0,Morelia,Enrique Arreguin Robles,enero,viernes,5,-101.184187978506,19.7196521191991
32836,32841,2021,,2021/01/01,"06:15:00",COLISIÓN POR CORTE DE CIRCULACIÓN,ASFALTO,Bueno,Bueno,2,VOLKSWAGEN,VERDE,0,MINISTERIO PÚBLICO,,,,0,0,Lázaro Cárdenas,Sin Nombre,enero,viernes,6,-102.305869988419,18.0261073738934
32837,32842,2021,MOR210000752,2021/01/01,"07:35:00",COLISIÓN CONTRA OBJETO FIJO,CONCRETO,Bueno,Bueno,1,JEEP,GRIS,1,,,,,1,0,Morelia,5 de Mayo,enero,viernes,8,-101.17697037,19.7039541299991
32838,32843,2021,MOR210000785,2021/01/01,"08:15:00",COLISIÓN POR NO RESPETAR SEMÁFORO,ASFALTO,Bueno,Regular,2,GMC,GRIS,2,MINISTERIO PÚBLICO,,,SIN DATOS,0,0,Morelia,Centro,enero,viernes,8,-101.18218963,19.7028850649992
32839,32844,2021,MOR210000874,2021/01/01,"08:35:00",COLISIÓN CONTRA OBJETO FIJO,ASFALTO,Bueno,Bueno,1,NISSAN,GRIS,1,MINISTERIO PÚBLICO,,,,1,0,Morelia,Enrique Arreguin Robles,enero,viernes,9,-101.179738864303,19.7203332123587
32840,32845,2021,"2010000831",2021/01/01,"09:40:00",SALIDA DE SUPERFICIE DE RODAMIENTO,ASFALTO,Bueno,Bueno,1,CHEVROLET,NEGRO,0,,,,,0,0,Charo,San Bartolo,enero,viernes,10,-101.044567234146,19.7530554020825
32841,32846,2021,LEG34798,2021/01/01,10:45:00,COLISIÓN POR CAMBIO DE CARRIL,ASFALTO,Bueno,Bueno,2,CHEVROLET,BLANCO,2,,50,MASCULINO,SIN DATOS,0,0,Morelia,Bosques de Oriente,enero,viernes,11,-101.154034291482,19.7186977234725
32842,32847,2021,LEG34796,2021/01/01,11:25:00,COLISIÓN POR ALCANCE,ASFALTO,Bueno,Bueno,2,NISSAN,SABANA,2,,23,MASCULINO,CON CERTIFICADO,0,0,Tarímbaro,Sin datos,enero,viernes,11,-101.158266805995,19.766484
32843,32848,2021,MOR210001125,2021/01/01,11:40:00,COLISIÓN CONTRA OBJETO FIJO,ASFALTO,Bueno,Bueno,1,NISSAN,BLANCO,1,,23,FEMENINO,CON CERTIFICADO,0,0,Morelia,Ignacio Lopez Rayon,enero,viernes,12,-101.25515807,19.6894167999991
32844,32849,2021,,2021/01/01,12:37:00,COLISIÓN CONTRA OBJETO FIJO,ASFALTO,Bueno,Bueno,2,CHEVROLET,PLATA,2,,44,FEMENINO,SIN DATOS,0,0,Morelia,El Potrero San Lorenzo Itzicuaro,enero,viernes,13,-101.274680010974,19.6812234153656
32845,32850,2021,,2021/01/01,13:20:00,COLISIÓN POR INVASIÓN DE CARRIL,ASFALTO,Bueno,Bueno,2,NISSAN,GUINDA,1,MINISTERIO PÚBLICO,,,,1,0,Hidalgo,La Morita,enero,viernes,13,-100.548510473525,19.6851457090824
32846,32851,2021,,2021/01/01,14:00:00,COLISIÓN POR INVASIÓN DE CARRIL,ASFALTO,Bueno,Bueno,2,NISSAN,AZUL,2,MINISTERIO PÚBLICO,,,,2,0,Irimbo,Sin datos,enero,viernes,14,-100.494589663364,19.6922090660222
32848,32853,2021,LEG34786,2021/01/01,16:10:00,COLISIÓN POR ALCANCE,ASFALTO,Bueno,Bueno,2,NISSAN,BLANCO,2,,,MASCULINO,SIN DATOS,0,0,Morelia,Alberto Oviedo Mota,enero,viernes,16,-101.198908182011,19.681555672698
32849,32854,2021,"210000831",2021/01/01,17:30:00,COLISIÓN POR ALCANCE,ASFALTO,Bueno,Bueno,2,CHEVROLET,AZUL,2,MINISTERIO PÚBLICO,58,MASCULINO,SIN DATOS,0,0,Tarímbaro,Sin datos,enero,viernes,18,-101.155636534095,19.7688575690363
32850,32855,2021,,2021/01/01,17:34:00,COLISIÓN POR CORTE DE CIRCULACIÓN,ASFALTO,Bueno,Bueno,2,PLYMOUTH,BLANCO,0,MINISTERIO PÚBLICO,,,,0,0,Pátzcuaro,Sin datos,enero,viernes,18,-101.587408483028,19.5447777636206
32851,32856,2021,,2021/01/01,19:05:00,COLISIÓN CONTRA OBJETO FIJO,ASFALTO,Bueno,Bueno,1,VOLKSWAGEN,NEGRO,1,MINISTERIO PÚBLICO,,,SIN DATOS,0,0,Tacámbaro,Tecario,enero,viernes,19,-101.536703028453,19.2295547724684
32852,32857,2021,,2021/01/01,19:30:00,COLISIÓN POR CORTE DE CIRCULACIÓN,CONCRETO,Bueno,Bueno,2,BEM,AZUL,2,MINISTERIO PÚBLICO,33,MASCULINO,SIN DATOS,0,0,Morelia,Chapultepec Sur,enero,viernes,20,-101.171596915,19.6909445849991
32853,32858,2021,,2021/01/01,20:10:00,COLISIÓN CONTRA OBJETO FIJO,ASFALTO,Bueno,Bueno,1,MERCEDES BENZ,NEGRO,1,,30,MASCULINO,SIN DATOS,0,0,Morelia,Chapultepec Oriente,enero,viernes,20,-101.159540464476,19.6909550571698
32854,32859,2021,,2021/01/01,20:48:00,COLISIÓN POR ALCANCE,ASFALTO,Bueno,Bueno,2,HYUNDAI,NEGRO,2,,26,MASCULINO,SIN DATOS,0,0,Morelia,Emiliano Zapata,enero,viernes,21,-101.21625852933,19.7152451011907
32855,32860,2021,MOR200988676,2021/01/01,22:00:00,COLISIÓN POR NO RESPETAR SEMÁFORO,ASFALTO,Bueno,Bueno,3,NISSAN,NEGRO,3,MINISTERIO PÚBLICO,27,FEMENINO,SIN DATOS,0,0,Morelia,Felix Ireta,enero,viernes,22,-101.188582604864,19.6860148664875
32857,32862,2021,"210002936",2021/01/02,"06:20:00",COLISIÓN POR ALCANCE,ASFALTO,Bueno,Bueno,2,VOLKSWAGEN,BLANCO,2,,37,MASCULINO,SIN DATOS,0,0,Morelia,Los Manantiales de Morelia,enero,sábado,6,-101.240141876042,19.7009831035429
32858,32863,2021,MOR210002939,2021/01/02,"06:30:00",COLISIÓN POR ALCANCE,ASFALTO,Bueno,Bueno,2,FORD,NEGRO,2,,37,FEMENINO,SIN DATOS,0,0,Morelia,Comision Federal de Electricidad,enero,sábado,7,-101.180226355791,19.6814481862166
32859,32864,2021,MOR210003007,2021/01/02,"09:00:00",COLISIÓN POR CORTE DE CIRCULACIÓN,ASFALTO,Bueno,Bueno,2,ITALIKA,ROJO Y BLANCO,2,,21,MASCULINO,SIN DATOS,0,0,Morelia,Gertrudis Sanchez,enero,sábado,9,-101.200513609432,19.7412632891116
32860,32865,2021,,2021/01/02,"09:30:00",COLISIÓN POR CORTE DE CIRCULACIÓN,ASFALTO,Bueno,Bueno,1,VW,GRIS OBSCURO,0,MINISTERIO PÚBLICO,,,,0,0,Gabriel Zamora,Sin datos,enero,sábado,10,-102.054083042525,19.1340020573897
32861,32866,2021,MOR210003519,2021/01/02,12:30:00,COLISIÓN POR CAMBIO DE CARRIL,ADOQUIN_EMPEDRADO,Bueno,Bueno,2,TOYOTA,BLANCO/ROSA,2,,26,MASCULINO,SIN DATOS,0,0,Morelia,Centro,enero,sábado,13,-101.195163577795,19.6962558494587
32862,32867,2021,,2021/01/02,12:50:00,COLISIÓN CON PEATÓN,CONCRETO,Bueno,Bueno,1,TOYOTA,BLANCO Y ROSA,2,,26,MASCULINO,SIN DATOS,1,0,Morelia,Centro,enero,sábado,13,-101.196088269353,19.7030357666089
32863,32868,2021,,2021/01/02,13:45:00,COLISIÓN POR MANIOBRA DE REVERSA,ASFALTO,Bueno,Bueno,2,ISUZU,AZUL,2,,57,MASCULINO,SIN DATOS,0,0,Tangamandapio,Sin datos,enero,sábado,14,-102.383985546498,19.917709493152
32865,32870,2021,MOR210,2021/01/02,17:25:00,COLISIÓN POR CORTE DE CIRCULACIÓN,ASFALTO,Bueno,Bueno,2,FREIGHTLINER,ROJO,2,,33,MASCULINO,SIN DATOS,0,0,Morelia,Jardines de Torremolinos,enero,sábado,17,-101.225704520263,19.6786174050636
32866,32871,2021,"210004477",2021/01/02,17:50:00,COLISIÓN POR ALCANCE,ASFALTO,Bueno,Bueno,2,NISSAN,BLANCO,2,,56,MASCULINO,ALIENTO ETÍLICO,0,0,Morelia,Hermanos Lopez Rayon,enero,sábado,18,-101.220240250898,19.6753148882001
32867,32872,2021,,2021/01/02,18:34:00,COLISIÓN POR CORTE DE CIRCULACIÓN,ASFALTO,Bueno,Bueno,3,JEEP,PLATA,2,,38,MASCULINO,SIN DATOS,0,0,Morelia,Nicolaitas Ilustres,enero,sábado,19,-101.227397298946,19.720657059117
32868,32873,2021,LEG34816,2021/01/02,18:40:00,COLISIÓN CONTRA OBJETO FIJO,ASFALTO,Bueno,Bueno,1,NISSAN,BLANCO,1,,,,SIN DATOS,0,0,Morelia,Jardines del Quinceo,enero,sábado,19,-101.205209425904,19.7218607981031
32869,32874,2021,LEG34815,2021/01/02,22:40:00,COLISIÓN CONTRA OBJETO FIJO,CONCRETO,Bueno,Bueno,1,BMW,NEGRO,1,,23,MASCULINO,SIN DATOS,0,0,Morelia,Sin datos,enero,sábado,23,-101.116746819831,19.717735729326
32870,32875,2021,,2021/01/03,10:30:00,SALIDA DE SUPERFICIE DE RODAMIENTO,ASFALTO,Bueno,Regular,1,TOYOTA,GRIS OBSCURO,0,MINISTERIO PÚBLICO,,,,0,0,Nuevo Urecho,Sin datos,enero,domingo,11,-101.883761093699,19.1711749295207
32871,32876,2021,,2021/01/03,12:10:00,COLISIÓN POR CORTE DE CIRCULACIÓN,CONCRETO,Bueno,Bueno,2,HYUNDAI,GRIS,2,,66,MASCULINO,SIN DATOS,0,0,Morelia,Infonavit Colonial Universidad,enero,domingo,12,-101.205719076097,19.6864700909007
32872,32877,2021,,2021/01/03,13:19:00,COLISIÓN POR CORTE DE CIRCULACIÓN,ASFALTO,Bueno,Bueno,2,ITALIKA,NEGRO CON FRANJAS VERDES,0,MINISTERIO PÚBLICO,,,,0,0,Lázaro Cárdenas,Sin Nombre,enero,domingo,13,-102.303098656915,18.0250651794917
32873,32878,2021,,2021/01/03,13:40:00,COLISIÓN POR INVASIÓN DE CARRIL,ASFALTO,Bueno,Bueno,2,CHEVROLET,ROJO,5,,20,MASCULINO,SIN DATOS,3,0,Huaniqueo,Sin datos,enero,domingo,14,-101.560330607665,19.8736376854459
32874,32879,2021,,2021/01/03,16:25:00,COLISIÓN POR ALCANCE,ASFALTO,Bueno,Bueno,2,TOYOTA,BLANCO  Y GRIS,2,,56,MASCULINO,SIN DATOS,0,0,Morelia,Jardines de Torremolinos,enero,domingo,16,-101.225693486631,19.6767070960149
32875,32880,2021,,2021/01/03,19:30:00,COLISIÓN CON PEATÓN,ASFALTO,Bueno,Bueno,1,FORD,GRIS,2,MINISTERIO PÚBLICO,32,MASCULINO,SIN DATOS,1,0,Tarímbaro,Sin datos,enero,domingo,20,-101.144835278392,19.7722152607194
32876,32881,2021,,2021/01/03,19:51:00,COLISIÓN POR NO RESPETAR SEMÁFORO,ASFALTO,Bueno,Bueno,2,ITALIKA,NEGRO Y VERDE,3,,27,MASCULINO,SIN DATOS,1,0,Morelia,Insurgentes,enero,domingo,20,-101.155415800481,19.6952347148544
32877,32882,2021,,2021/01/03,23:20:00,COLISIÓN POR CORTE DE CIRCULACIÓN,CONCRETO,Bueno,Bueno,2,DODGE,NEGRO Y CAFE,2,,21,MASCULINO,SIN DATOS,0,0,Tarímbaro,Centro,enero,domingo,23,-101.177386536526,19.7940028844347
32878,32883,2021,,2021/01/04,"02:20:00",SUBIDA AL CAMELLÓN,ASFALTO,Bueno,Bueno,1,MAZDA,BLANCO,1,,28,FEMENINO,SIN DATOS,0,0,Morelia,Poblado de Ocolusen,enero,lunes,2,-101.149476841092,19.694683596757
32879,32884,2021,,2021/01/04,"05:30:00",COLISIÓN CONTRA OBJETO FIJO,ASFALTO,Bueno,Bueno,1,CHEVROLET,ROJO,1,,,MASCULINO,SIN DATOS,0,0,Morelia,Dr Miguel Silva,enero,lunes,6,-101.185227946917,19.717204814836
32880,32885,2021,,2021/01/04,"06:50:00",COLISIÓN POR CORTE DE CIRCULACIÓN,ASFALTO,Bueno,Bueno,1,INTERNATIONAL,SIN DATO,0,MINISTERIO PÚBLICO,,,,0,0,Lázaro Cárdenas,Jose Green,enero,lunes,7,-102.201114638962,17.9652192989426
32881,32886,2021,,2021/01/04,12:15:00,COLISIÓN POR ALCANCE,ASFALTO,Bueno,Bueno,2,NISSAN,BLANCO Y AZUL,2,,29,MASCULINO,SIN DATOS,0,0,Morelia,Centro,enero,lunes,12,-101.18875609,19.7086253949991