fid,id_accidente,anio_origen,folio_c5i,dia_incidente,hora_ocurrencia,tipo_incidente_vial,superficie_ocurrencia,condiciones_climaticas,condiciones_via,numero_vehiculos_involucrados,marca_vehiculo_ocasiona_siniestro,color_vehiculo_ocasiona_siniestro,numero_personas_involucradas,lugar_remite_presunto_responsable,edad_presunto_responsable,sexo_presunto_responsable,resultados_toxicologia,numero_personas_lesionadas,numero_personas_fallecidas,municipio,colonia,mes,dia_semana,hora_redondeada,lon,lat
32882,32887,2021,,2021/01/04,12:30:00,COLISIÓN POR CAMBIO DE CARRIL,ASFALTO,Bueno,Bueno,2,ITALIKA,ROJO Y NEGRO,2,,46,MASCULINO,SIN DATOS,0,0,Morelia,Alberto Oviedo Mota,enero,lunes,13,-101.202003210783,19.6778928552631
32883,32888,2021,"2010",2021/01/04,13:40:00,COLISIÓN POR ALCANCE,ASFALTO,Bueno,Bueno,3,NISSAN,AZUL,2,,22,MASCULINO,SIN DATOS,1,0,Morelia,Villa Universidad,enero,lunes,14,-101.20959864,19.6918456199992
32884,32889,2021,,2021/01/04,14:05:00,COLISIÓN POR MANIOBRA DE REVERSA,ASFALTO,Bueno,Bueno,2,VOLKSWAGEN,BLANCO,2,,24,MASCULINO,SIN DATOS,0,0,Morelia,Centro,enero,lunes,14,-101.18823319,19.7013495799992
32885,32890,2021,MOR210009187,2021/01/04,18:00:00,COLISIÓN POR CAMBIO DE CARRIL,ASFALTO,Bueno,Bueno,2,FORD,AZUL,2,,52,MASCULINO,SIN DATOS,0,0,Morelia,Centro,enero,lunes,18,-101.18218963,19.7028850649992
32886,32891,2021,LEG34827,2021/01/04,18:10:00,COLISIÓN POR ALCANCE,ASFALTO,Bueno,Bueno,4,MAN,AZUL/GRIS,4,,59,MASCULINO,SIN DATOS,0,0,Morelia,El Lago 2,enero,lunes,18,-101.21308714929,19.7249514326746
32887,32892,2021,MOR210009446,2021/01/04,20:10:00,SUBIDA AL CAMELLÓN,ASFALTO,Bueno,Bueno,1,VOLKSWAGEN,AZUL,1,,23,MASCULINO,SIN DATOS,0,0,Morelia,Ampliacion La Soledad,enero,lunes,20,-101.183554405,19.7349146049992
32888,32893,2021,MOR210009973,2021/01/04,23:40:00,COLISIÓN POR MANIOBRA DE REVERSA,CONCRETO,Bueno,Bueno,2,VOLKSWAGEN,BLANCO,2,,43,MASCULINO,ALIENTO ETÍLICO,0,0,Morelia,Jose Maria Morelos,enero,lunes,0,-101.21995691,19.7172741849991
32890,32895,2021,MOR210010054,2021/01/05,"02:10:00",SALIDA DE SUPERFICIE DE RODAMIENTO,CONCRETO,Bueno,Bueno,1,KIA,BLANCO,1,,30,MASCULINO,ALIENTO ETÍLICO,0,0,Morelia,Sin datos,enero,martes,2,-101.113935194231,19.7368061003856
32891,32896,2021,,2021/01/05,"07:40:00",COLISIÓN POR CORTE DE CIRCULACIÓN,ASFALTO,Bueno,Bueno,2,NISSAN,AZUL,2,,29,FEMENINO,SIN DATOS,0,0,Morelia,Granjas del Maestro,enero,martes,8,-101.192220620922,19.7145416939872
32892,32897,2021,,2021/01/05,"08:05:00",COLISIÓN POR NO RESPETAR SEMÁFORO,ASFALTO,Bueno,Bueno,2,CHEVROLET,NARANJA,2,MINISTERIO PÚBLICO,62,MASCULINO,SIN DATOS,0,0,Morelia,Comision Federal de Electricidad,enero,martes,8,-101.178445369005,19.681556783266
32893,32898,2021,,2021/01/05,10:25:00,COLISIÓN POR CORTE DE CIRCULACIÓN,ASFALTO,Bueno,Bueno,2,NISSAN,BLANCO,2,,52,MASCULINO,SIN DATOS,0,0,Morelia,Cosmos,enero,martes,10,-101.216770447791,19.6827355615032
32894,32899,2021,,2021/01/05,15:20:00,COLISIÓN POR ALCANCE,ASFALTO,Bueno,Bueno,3,NISSAN,BLANCO,3,MINISTERIO PÚBLICO,38,MASCULINO,SIN DATOS,0,0,Morelia,Felix Ireta,enero,martes,15,-101.19205559858,19.6823769697797
32895,32900,2021,,2021/01/05,15:50:00,COLISIÓN POR ALCANCE,ASFALTO,Bueno,Bueno,3,NISSAN,BLANCO  ROJO,3,,56,MASCULINO,SIN DATOS,0,0,Morelia,Adolfo Lopez Mateos,enero,martes,16,-101.229667849839,19.7035152330897
32896,32901,2021,,2021/01/05,16:40:00,COLISIÓN POR ALCANCE,CONCRETO,Bueno,Bueno,2,FREIGHTLINER,AMARILLO,2,,41,MASCULINO,SIN DATOS,0,0,Morelia,Ferrocarrilero,enero,martes,17,-101.212776303291,19.7018552439356
32897,32902,2021,,2021/01/05,18:49:00,COLISIÓN POR CORTE DE CIRCULACIÓN,CONCRETO,Bueno,Bueno,2,DODGE,BLANCO,2,,26,MASCULINO,SIN DATOS,0,0,Morelia,Felix Ireta,enero,martes,19,-101.189561113715,19.6852377316567
32898,32903,2021,,2021/01/05,20:00:00,COLISIÓN POR CORTE DE CIRCULACIÓN,CONCRETO,Bueno,Bueno,2,VOLKSWAGEN,GRIS,2,,33,MASCULINO,SIN DATOS,0,0,Morelia,Industrial,enero,martes,20,-101.197495392787,19.7122732135536
32899,32904,2021,MOR210012861,2021/01/06,10:20:00,COLISIÓN POR ALCANCE,ASFALTO,Bueno,Bueno,2,YAMAHA,BLANCO,2,,43,MASCULINO,SIN DATOS,0,0,Morelia,Indeco El Vivero,enero,miércoles,10,-101.231720897966,19.6776561116521
32900,32905,2021,MOR210012976,2021/01/06,11:00:00,COLISIÓN POR ALCANCE,ASFALTO,Bueno,Bueno,3,VOLKSWAGEN,BLANCO,3,,36,MASCULINO,SIN DATOS,0,0,Morelia,Valle de Altozano,enero,miércoles,11,-101.164805330336,19.6654507857294
32901,32906,2021,MOR210013358,2021/01/06,14:15:00,COLISIÓN POR CORTE DE CIRCULACIÓN,CONCRETO,Bueno,Bueno,2,RENAULT,ARENA,2,MINISTERIO PÚBLICO,32,FEMENINO,SIN DATOS,0,0,Morelia,Ventura Puente,enero,miércoles,14,-101.191868148744,19.6936314308469
32902,32907,2021,MOR210013001,2021/01/06,16:50:00,COLISIÓN POR CAMBIO DE CARRIL,ASFALTO,Bueno,Bueno,2,TOYOTA,BLANCO Y GRIS,2,,26,MASCULINO,SIN DATOS,0,0,Morelia,Felix Ireta,enero,miércoles,17,-101.180828542196,19.6881085153682
32903,32908,2021,MOR210013969,2021/01/06,18:40:00,COLISIÓN POR ALCANCE,ASFALTO,Bueno,Bueno,2,DODGE,GRIS,2,,32,MASCULINO,SIN DATOS,0,0,Morelia,Union,enero,miércoles,19,-101.155482002281,19.715477785087
32904,32909,2021,MOR210014343,2021/01/06,20:35:00,COLISIÓN POR ALCANCE,ASFALTO,Bueno,Bueno,2,VOLKSWAGEN,NEGRO,2,,39,MASCULINO,SIN DATOS,0,0,Morelia,Fracc Arkos San Juan,enero,miércoles,21,-101.286515563048,19.6899418939604
32905,32910,2021,,2021/01/06,21:30:00,COLISIÓN POR CORTE DE CIRCULACIÓN,ASFALTO,Bueno,Bueno,2,CHEVROLET,GRIS,2,,58,MASCULINO,SIN DATOS,0,0,Morelia,Juarez,enero,miércoles,22,-101.200188696384,19.6962321749583
32906,32911,2021,MOR210014480,2021/01/06,22:40:00,COLISIÓN POR CORTE DE CIRCULACIÓN,ASFALTO,Bueno,Bueno,2,S/D,S/D,1,,44,MASCULINO,SIN DATOS,0,0,Tarímbaro,Sin datos,enero,miércoles,23,-101.162257871854,19.7647880133944
32907,32912,2021,MOR 210014619,2021/01/07,"01:30:00",COLISIÓN CONTRA OBJETO FIJO,ASFALTO,Bueno,Bueno,1,FORD,AZGRIS,1,,31,MASCULINO,SIN DATOS,0,0,Morelia,Enrique Arreguin Robles,enero,jueves,2,-101.182,19.7217
32908,32913,2021,LEG34853,2021/01/07,"07:30:00",COLISIÓN POR CORTE DE CIRCULACIÓN,ASFALTO,Bueno,Bueno,1,DODGE,VERDE,1,,44,MASCULINO,SIN DATOS,0,0,Morelia,Cumbres de Morelia,enero,jueves,8,-101.140877038919,19.6916421253566
32909,32914,2021,,2021/01/07,10:20:00,COLISIÓN POR ALCANCE,CONCRETO,Bueno,Bueno,2,ISUZU,BLANCO,2,,15,MASCULINO,SIN DATOS,0,0,Morelia,Felicitas del Rio,enero,jueves,10,-101.200257123757,19.6935246012511
32911,32916,2021,,2021/01/07,13:00:00,COLISIÓN POR INVASIÓN DE CARRIL,ASFALTO,Bueno,Bueno,2,KENWORTH,BLANCO,2,,50,MASCULINO,SIN DATOS,0,0,Morelia,Ciudad Industrial,enero,jueves,13,-101.126177721128,19.7364646144314
32912,32917,2021,,2021/01/07,14:10:00,COLISIÓN POR ALCANCE,CONCRETO,Bueno,Bueno,2,VOLKSWAGEN,BLANCO,2,,48,MASCULINO,SIN DATOS,0,0,Morelia,Chapultepec Norte,enero,jueves,14,-101.169378740541,19.6947273304321
32913,32918,2021,,2021/01/07,14:20:00,COLISIÓN POR ALCANCE,ASFALTO,Bueno,Bueno,2,VOLKSWAGEN,BLANCO,2,,45,MASCULINO,SIN DATOS,0,0,Morelia,Los Pinos de Michoacan,enero,jueves,14,-101.215448393061,19.6849033956808
32914,32919,2021,,2021/01/07,14:30:00,COLISIÓN POR CORTE DE CIRCULACIÓN,CONCRETO,Bueno,Bueno,2,MAZDA CX,GRIS,2,,29,MASCULINO,SIN DATOS,0,0,Morelia,Tres Puentes,enero,jueves,15,-101.213524742681,19.7058468756013
32915,32920,2021,,2021/01/07,15:50:00,COLISIÓN POR CORTE DE CIRCULACIÓN,CONCRETO,Bueno,Bueno,2,CHEVROLET CHEVY,AZUL,2,,27,MASCULINO,SIN DATOS,0,0,Morelia,Villas del Sol,enero,jueves,16,-101.22690279714,19.6940569756124
32916,32921,2021,,2021/01/07,21:40:00,COLISIÓN POR CORTE DE CIRCULACIÓN,ASFALTO,Bueno,Bueno,2,CHEVROLET,BLANCO,2,,17,MASCULINO,SIN DATOS,0,0,Morelia,Jardines del Rincon,enero,jueves,22,-101.149283382681,19.68870732649
32917,32922,2021,MOR201,2021/01/08,"00:00:00",COLISIÓN POR ALCANCE,ASFALTO,Bueno,Bueno,2,CHEVROLET,BLANCO,2,MINISTERIO PÚBLICO,28,MASCULINO,SIN DATOS,0,0,Morelia,Dr Miguel Silva,enero,viernes,0,-101.187927793444,19.7204887484457
32918,32923,2021,,2021/01/08,"02:10:00",COLISIÓN CONTRA OBJETO FIJO,ASFALTO,Bueno,Bueno,1,HONDA,GRIS,1,,34,MASCULINO,CON CERTIFICADO,0,0,Morelia,Enrique Arreguin Robles,enero,viernes,2,-101.184337176383,19.7197070933697
32919,32924,2021,,2021/01/08,"03:30:00",COLISIÓN CONTRA OBJETO FIJO,ASFALTO,Bueno,Bueno,1,MAZDA,gris,0,MINISTERIO PÚBLICO,,,,0,0,Lázaro Cárdenas,Las Torres,enero,viernes,4,-102.214010760866,17.9626487094493
32921,32926,2021,,2021/01/08,11:20:00,SALIDA DE SUPERFICIE DE RODAMIENTO,CONCRETO,Bueno,Bueno,1,FORD,ROJO,1,,19,MASCULINO,SIN DATOS,0,0,Cuitzeo,Sin datos,enero,viernes,11,-101.150692521848,19.9902314653022
32922,32927,2021,MOR210017538,2021/01/08,12:00:00,COLISIÓN POR ALCANCE,ASFALTO,Bueno,Bueno,2,VOLKSWAGEN,BLANCO,2,,28,MASCULINO,SIN DATOS,0,0,Morelia,Lazaro Cardenas,enero,viernes,12,-101.164319484758,19.7086538906502
32923,32928,2021,,2021/01/08,12:46:00,COLISIÓN POR ALCANCE,ASFALTO,Bueno,Bueno,2,CHEVROLET,BLANCO,3,MINISTERIO PÚBLICO,,,SIN DATOS,1,1,Peribán,Sin datos,enero,viernes,13,-102.441894591533,19.54932372664
32924,32929,2021,MOR21008251,2021/01/08,15:30:00,COLISIÓN POR ALCANCE,CONCRETO,Lluvioso,Regular,2,CHRYSLER,GRIS,2,,31,MASCULINO,SIN DATOS,0,0,Morelia,Ferrocarrilero,enero,viernes,16,-101.223609235,19.6918737849991
32925,32930,2021,LEG34880,2021/01/08,16:00:00,COLISIÓN POR ALCANCE,ASFALTO,Bueno,Bueno,2,MAZDA,ROJO,2,,36,MASCULINO,SIN DATOS,0,0,Morelia,Indeco El Vivero,enero,viernes,16,-101.229742311619,19.6769994612771
32926,32931,2021,LEG34871,2021/01/08,16:15:00,COLISIÓN POR CORTE DE CIRCULACIÓN,ASFALTO,Nublado,Regular,2,ITALIKA,NEGRO Y ROJO,0,,,,,0,0,Morelia,Lomas de Hidalgo,enero,viernes,16,-101.159314985,19.6970058199992
32927,32932,2021,LEG34882,2021/01/08,18:50:00,COLISIÓN POR CAMBIO DE CARRIL,ASFALTO,Bueno,Bueno,2,DINA,AMARILLO,2,,44,MASCULINO,SIN DATOS,0,0,Morelia,Elias Perez Avalos,enero,viernes,19,-101.166492470287,19.7109377842985
32928,32933,2021,LEG34873,2021/01/08,19:00:00,COLISIÓN POR CORTE DE CIRCULACIÓN,ASFALTO,Bueno,Bueno,2,MAZDA,GRIS,2,,40,FEMENINO,SIN DATOS,0,0,Morelia,Isaac Arriaga,enero,viernes,19,-101.171425723218,19.7077284446171
32929,32934,2021,LEG34879,2021/01/08,19:15:00,COLISIÓN POR CORTE DE CIRCULACIÓN,ASFALTO,Nublado,Regular,2,NISSAN,BLANCO,2,,21,MASCULINO,SIN DATOS,0,0,Morelia,La Hacienda,enero,viernes,19,-101.314941949464,19.6868795550994
32930,32935,2021,MOR210018876,2021/01/08,19:25:00,COLISIÓN POR CORTE DE CIRCULACIÓN,ASFALTO,Lluvioso,Regular,2,NISSAN,AZUL MARINO,2,,37,MASCULINO,SIN DATOS,0,0,Morelia,Sin datos,enero,viernes,19,-101.340104422795,19.6856891271623
32931,32936,2021,LEG34868,2021/01/08,19:30:00,COLISIÓN POR INVASIÓN DE CARRIL,ASFALTO,Bueno,Bueno,2,JEEP,VERDE OSCURO,2,,18,MASCULINO,ALIENTO ETÍLICO,0,0,Morelia,Vistas de Altozano,enero,viernes,20,-101.167,19.6551
32932,32937,2021,MOE210018951,2021/01/08,20:45:00,COLISIÓN POR CAMBIO DE CARRIL,ASFALTO,Bueno,Bueno,2,CHEVROLET,BLANCO,2,,44,MASCULINO,SIN DATOS,0,0,Morelia,Torreon Nuevo,enero,viernes,21,-101.20358663,19.7462449699991
32933,32938,2021,MOR210019156,2021/01/08,22:15:00,COLISIÓN POR CAMBIO DE CARRIL,ASFALTO,Bueno,Regular,2,ITALIKA,ROJO,3,MINISTERIO PÚBLICO,18,MASCULINO,SIN DATOS,1,0,Morelia,Villas de La Loma,enero,viernes,22,-101.299373432994,19.6892761394145
32934,32939,2021,,2021/01/08,23:20:00,SUBIDA AL CAMELLÓN,CONCRETO,Bueno,Bueno,1,NISSAN,NEGRO,1,,46,MASCULINO,SIN DATOS,0,0,Morelia,Sin datos,enero,viernes,23,-101.304398185827,19.687675694223
32935,32940,2021,,2021/01/09,"03:20:00",COLISIÓN POR CORTE DE CIRCULACIÓN,ASFALTO,Bueno,Bueno,1,CHEVROLET,BLANCO,0,MINISTERIO PÚBLICO,,,,0,0,Lázaro Cárdenas,Sin datos,enero,sábado,3,-102.228231802583,17.9353927112519
32936,32941,2021,MOR210019521,2021/01/09,"06:50:00",SALIDA DE SUPERFICIE DE RODAMIENTO,ASFALTO,Bueno,Bueno,1,CHEVROLET,PLATA,1,,33,MASCULINO,SIN DATOS,0,0,Tzitzio,Sin datos,enero,sábado,7,-100.901856950737,19.4320190316331
32937,32942,2021,,2021/01/09,"07:00:00",SALIDA DE SUPERFICIE DE RODAMIENTO,ASFALTO,Bueno,Bueno,1,VOLKSWAGEN,PLATA,1,,0,,SIN DATOS,0,0,Charo,Sin datos,enero,sábado,7,-101.01167932829,19.6486842221581
32938,32943,2021,,2021/01/09,"08:13:00",COLISIÓN CONTRA OBJETO FIJO,ASFALTO,Bueno,Regular,1,HONDA,MERCURIO,1,,54,MASCULINO,SIN DATOS,0,0,Huandacareo,San Francisco,enero,sábado,8,-101.280282749379,19.9848920960927
32939,32944,2021,,2021/01/09,"09:40:00",COLISIÓN POR ALCANCE,ASFALTO,Bueno,Bueno,2,NISSAN,GRIS,2,,32,MASCULINO,SIN DATOS,0,0,Morelia,Vista Hermosa  2A Etapa,enero,sábado,10,-101.208733603253,19.6751809376094
32940,32945,2021,,2021/01/09,11:20:00,COLISIÓN POR ALCANCE,ASFALTO,Bueno,Bueno,2,HONDA,NEGRO,2,,25,MASCULINO,SIN DATOS,0,0,Morelia,Pascual Ortiz de Ayala,enero,sábado,11,-101.150692918085,19.6968767801375
32941,32946,2021,,2021/01/09,13:16:00,COLISIÓN POR CORTE DE CIRCULACIÓN,ASFALTO,Bueno,Bueno,2,DODGE,GRIS,2,,32,FEMENINO,SIN DATOS,0,0,Morelia,Gral Gertrudis Sanchez,enero,sábado,13,-101.2094753,19.7439916449991
32942,32947,2021,,2021/01/09,14:10:00,COLISIÓN POR ALCANCE,ASFALTO,Bueno,Bueno,2,VOLKSWAGEN,PLATA,2,MINISTERIO PÚBLICO,53,MASCULINO,ALIENTO ETÍLICO,0,0,Morelia,La Soledad,enero,sábado,14,-101.185166715661,19.7274533823308
32943,32948,2021,MOR210018237,2021/01/09,15:35:00,COLISIÓN POR CAMBIO DE CARRIL,ASFALTO,Bueno,Bueno,2,MAZDA,BLANCO,2,,72,MASCULINO,SIN DATOS,0,0,Morelia,Poblado de Ocolusen,enero,sábado,16,-101.153176233214,19.6939479390376
32944,32949,2021,,2021/01/09,18:10:00,COLISIÓN POR ALCANCE,ASFALTO,Bueno,Bueno,3,RENAULT,ROJO,3,,67,MASCULINO,SIN DATOS,0,0,Morelia,Sin datos,enero,sábado,18,-101.284409053624,19.6903083605377
32945,32950,2021,,2021/01/09,18:50:00,COLISIÓN POR CORTE DE CIRCULACIÓN,ASFALTO,Bueno,Bueno,2,HYUNDAI GRANDE 10 GL,NARANJA,2,,28,MASCULINO,SIN DATOS,0,0,Morelia,Tres Puentes,enero,sábado,19,-101.213524742681,19.7058468756013
32946,32951,2021,,2021/01/09,20:00:00,COLISIÓN POR CORTE DE CIRCULACIÓN,ASFALTO,Bueno,Bueno,2,DODGE,BLANCO,0,MINISTERIO PÚBLICO,,,,0,0,Pátzcuaro,Centro,enero,sábado,20,-101.609361,19.515744
32947,32952,2021,,2021/01/09,20:00:00,COLISIÓN POR CORTE DE CIRCULACIÓN,ASFALTO,Bueno,Bueno,2,CHRYSLER,GRIS,0,MINISTERIO PÚBLICO,,,,0,0,Lázaro Cárdenas,Centro,enero,sábado,20,-102.200079336762,17.9581462895579
32948,32953,2021,,2021/01/09,21:00:00,SUBIDA AL CAMELLÓN,ASFALTO,Bueno,Bueno,1,VOLKSWAGEN,ROJO,1,,20,MASCULINO,SIN DATOS,0,0,Tarímbaro,Sin datos,enero,sábado,21,-101.170896962285,19.7524114250734
32949,32954,2021,,2021/01/09,23:20:00,COLISIÓN POR NO RESPETAR SEMÁFORO,ASFALTO,Bueno,Bueno,5,SEAT CÓRDOBA,GRIS,6,MINISTERIO PÚBLICO,29,MASCULINO,ALIENTO ETÍLICO,1,0,Morelia,Comision Federal de Electricidad,enero,sábado,23,-101.181334108114,19.6814974337301
32951,32956,2021,,2021/01/09,23:40:00,COLISIÓN POR ALCANCE,CONCRETO,Bueno,Bueno,2,HIUNDAY,GRIS,2,MINISTERIO PÚBLICO,33,MASCULINO,SIN DATOS,0,0,Morelia,Indeco Expropiacion Petrolera,enero,sábado,0,-101.226771235,19.6843153299991
32952,32957,2021,,2021/01/09,23:50:00,COLISIÓN POR INVASIÓN DE CARRIL,ASFALTO,Bueno,Bueno,2,CHEVROLET,BLANCO,2,MINISTERIO PÚBLICO,33,MASCULINO,SIN DATOS,0,1,Peribán,Sin datos,enero,sábado,0,-102.449750751257,19.5574733894515
32954,32959,2021,LEG34897,2021/01/10,17:30:00,COLISIÓN POR ALCANCE,CONCRETO,Bueno,Bueno,2,HONDA,BLANCO,2,,0,,SIN DATOS,0,0,Morelia,San Juanito Itzicuaro,enero,domingo,18,-101.251249269319,19.6794884045236
32956,32961,2021,,2021/01/10,21:00:00,COLISIÓN CONTRA OBJETO FIJO,ASFALTO,Bueno,Bueno,1,VOLVO,GRIS,1,,29,FEMENINO,SIN DATOS,0,0,Morelia,Sin datos,enero,domingo,21,-101.263281933275,19.6392116188243
32957,32962,2021,,2021/01/11,"08:38:00",COLISIÓN POR CORTE DE CIRCULACIÓN,CONCRETO,Bueno,Bueno,2,NISSAN,PLATA,2,,19,MASCULINO,SIN DATOS,0,0,Morelia,Ilustres Novohispanos,enero,lunes,9,-101.152673110067,19.7108147396326
32958,32963,2021,,2021/01/11,10:00:00,COLISIÓN POR ALCANCE,ASFALTO,Bueno,Bueno,2,CHEVROLET,GRIS,2,,24,,SIN DATOS,0,0,Morelia,Alberto Oviedo Mota,enero,lunes,10,-101.200661100447,19.6753085167728
32959,32964,2021,,2021/01/11,10:45:00,COLISIÓN POR MANIOBRA DE REVERSA,ASFALTO,Bueno,Bueno,2,MAZDA 2,GRIS,2,,55,MASCULINO,SIN DATOS,0,0,Morelia,Vistas de Altozano,enero,lunes,11,-101.167,19.6551
32960,32965,2021,,2021/01/11,10:55:00,COLISIÓN POR CORTE DE CIRCULACIÓN,SIN_DATOS,Bueno,Bueno,1,NISSAN,BLANCO,1,,55,MASCULINO,SIN DATOS,0,0,Morelia,El Lago 2,enero,lunes,11,-101.21308714929,19.7249514326746
32961,32966,2021,,2021/01/11,11:40:00,COLISIÓN POR CAMBIO DE CARRIL,ASFALTO,Bueno,Bueno,2,TOYOTA/HIACE,BLANCO NARANJA,2,,39,MASCULINO,SIN DATOS,0,0,Tarímbaro,Sin datos,enero,lunes,12,-101.18201223456,19.7487885003753
32962,32967,2021,,2021/01/11,12:20:00,COLISIÓN POR CORTE DE CIRCULACIÓN,ASFALTO,Bueno,Bueno,2,VOLKSWAGEN DERBY,BLANCO/ROJO,2,,56,MASCULINO,SIN DATOS,0,0,Morelia,Rinconada del Valle,enero,lunes,12,-101.222201261191,19.6773787628329
32963,32968,2021,,2021/01/11,12:20:00,COLISIÓN POR CAMBIO DE CARRIL,ASFALTO,Bueno,Bueno,2,FORD,BLANCO,2,,25,MASCULINO,SIN DATOS,0,0,Morelia,Adolfo Lopez Mateos,enero,lunes,12,-101.223653566477,19.6936604782947
32964,32969,2021,,2021/01/11,14:50:00,COLISIÓN CONTRA OBJETO FIJO,CONCRETO,Bueno,Bueno,1,SUZUKI,ROJO,1,,0,,SIN DATOS,0,0,Morelia,Nueva Valladolid,enero,lunes,15,-101.214162415,19.7004326249991
32966,32971,2021,,2021/01/11,15:40:00,COLISIÓN POR ALCANCE,ASFALTO,Bueno,Bueno,2,DODGE,ROJO,2,,25,,SIN DATOS,0,0,Morelia,Tzindurio Norte,enero,lunes,16,-101.244758628309,19.7037080924736
32967,32972,2021,,2021/01/11,16:45:00,COLISIÓN POR CAMBIO DE CARRIL,CONCRETO,Bueno,Bueno,3,NISSAN,BLANCO,3,,31,MASCULINO,SIN DATOS,0,0,Morelia,Gral Gertrudis Sanchez,enero,lunes,17,-101.2094753,19.7439916449991
32968,32973,2021,,2021/01/11,18:20:00,COLISIÓN POR CORTE DE CIRCULACIÓN,ASFALTO,Bueno,Bueno,2,VENTO,ROJO/NEGRO,2,,23,MASCULINO,SIN DATOS,0,0,Morelia,Santa Maria de Guido,enero,lunes,18,-101.190126145,19.6721730049991
32969,32974,2021,,2021/01/11,20:10:00,COLISIÓN POR ALCANCE,ASFALTO,Bueno,Bueno,2,ITALIKA,BLANCO,2,,25,MASCULINO,SIN DATOS,0,0,Morelia,Irrigacion,enero,lunes,20,-101.225011199713,19.7047102631073
32970,32975,2021,,2021/01/11,20:37:00,COLISIÓN POR INVASIÓN DE CARRIL,ASFALTO,Bueno,Regular,2,FORD,GUINDA,0,MINISTERIO PÚBLICO,,,,0,0,Nuevo Urecho,Sin datos,enero,lunes,21,-101.817434476689,19.2712047090472
32971,32976,2021,,2021/01/11,21:36:00,VOLCADURA,TERRACERIA,Bueno,Bueno,1,VOLVO,NEGRO,2,MINISTERIO PÚBLICO,43,MASCULINO,SIN DATOS,0,1,Tacámbaro,Sin datos,enero,lunes,22,-101.446261897005,19.2051358905387
32972,32977,2021,,2021/01/12,"00:50:00",COLISIÓN POR INVASIÓN DE CARRIL,ASFALTO,Bueno,Regular,1,ITALIKA,BLANCO Y NEGRO,0,MINISTERIO PÚBLICO,,,,0,0,Erongarícuaro,Sin datos,enero,martes,1,-101.719644709743,19.5773516300352
32973,32978,2021,,2021/01/12,"01:15:00",VOLCADURA,ASFALTO,Bueno,Bueno,1,FREIGHTLINER,GUINDA,1,,28,MASCULINO,SIN DATOS,0,0,Morelia,Sin datos,enero,martes,1,-101.261924064971,19.6396527521627
32975,32980,2021,MOR210027344,2021/01/12,10:00:00,COLISIÓN CONTRA OBJETO FIJO,ASFALTO,Bueno,Bueno,1,NISSAN,GRIS,1,MINISTERIO PÚBLICO,,,SIN DATOS,0,0,Morelia,Bosques de Oriente,enero,martes,10,-101.154034291482,19.7186977234725
32976,32981,2021,MOR21000,2021/01/12,13:10:00,COLISIÓN CONTRA OBJETO FIJO,ASFALTO,Bueno,Bueno,2,GMC,AZUL,2,,53,MASCULINO,SIN DATOS,0,0,Morelia,Comision Federal de Electricidad,enero,martes,13,-101.180336692414,19.6822023945825
32977,32982,2021,LEG34929,2021/01/12,13:25:00,COLISIÓN POR CORTE DE CIRCULACIÓN,ASFALTO,Bueno,Bueno,2,KENWORTH,ROJO,2,,57,MASCULINO,SIN DATOS,0,0,Morelia,Tinijaro,enero,martes,13,-101.26316,19.6963297049991
32978,32983,2021,,2021/01/12,13:50:00,COLISIÓN POR CORTE DE CIRCULACIÓN,ASFALTO,Bueno,Bueno,2,DODGE,GRIS,2,,52,MASCULINO,SIN DATOS,0,0,Morelia,Industrial,enero,martes,14,-101.19403762913,19.7095836641158
32980,32985,2021,,2021/01/12,15:00:00,COLISIÓN POR CORTE DE CIRCULACIÓN,ASFALTO,Bueno,Bueno,1,TOYOTA,BLANCO CON AZUL,0,MINISTERIO PÚBLICO,,,,0,0,Lázaro Cárdenas,Centro,enero,martes,15,-102.192368961192,17.9578307975059
32981,32986,2021,MOR210028227,2021/01/12,16:30:00,COLISIÓN POR ALCANCE,ASFALTO,Bueno,Bueno,2,CHEVROLET,PLATA,2,,25,FEMENINO,SIN DATOS,0,0,Morelia,Morelos,enero,martes,17,-101.20921158656,19.6981660687982
32982,32987,2021,MOR210028450,2021/01/12,17:50:00,COLISIÓN POR CORTE DE CIRCULACIÓN,ASFALTO,Bueno,Bueno,2,MERCEDEZ BENZ,VERDE/BLANCO,3,,20,MASCULINO,SIN DATOS,1,0,Morelia,Morelos,enero,martes,18,-101.209216676652,19.6981627113577
32983,32988,2021,MOR210029063,2021/01/12,22:23:00,COLISIÓN POR ALCANCE,ASFALTO,Bueno,Bueno,2,NISSAN,GUINDA,2,,22,MASCULINO,SIN DATOS,0,0,Morelia,Felix Ireta,enero,martes,22,-101.188582604864,19.6860148664875
32984,32989,2021,LEG34932,2021/01/12,22:45:00,COLISIÓN POR CAMBIO DE CARRIL,ASFALTO,Bueno,Bueno,2,NISSAN,BLANCO,2,,28,MASCULINO,SIN DATOS,0,0,Morelia,El Durazno,enero,martes,23,-101.180963262237,19.6566283597576
32985,32990,2021,MOR210029331,2021/01/13,"07:20:00",SUBIDA AL CAMELLÓN,CONCRETO,Bueno,Bueno,1,PEUGEOT,NEGRO,0,,,,,0,0,Morelia,Vistas de Altozano,enero,miércoles,7,-101.167,19.6551
32986,32991,2021,,2021/01/13,13:00:00,COLISIÓN POR CORTE DE CIRCULACIÓN,ASFALTO,Bueno,Bueno,2,FORD,NEGRO,0,MINISTERIO PÚBLICO,,,,0,0,Lázaro Cárdenas,1Er Sect de Fidelac,enero,miércoles,13,-102.200392484665,17.9615585606169