fid,id_accidente,anio_origen,folio_c5i,dia_incidente,hora_ocurrencia,tipo_incidente_vial,superficie_ocurrencia,condiciones_climaticas,condiciones_via,numero_vehiculos_involucrados,marca_vehiculo_ocasiona_siniestro,color_vehiculo_ocasiona_siniestro,numero_personas_involucradas,lugar_remite_presunto_responsable,edad_presunto_responsable,sexo_presunto_responsable,resultados_toxicologia,numero_personas_lesionadas,numero_personas_fallecidas,municipio,colonia,mes,dia_semana,hora_redondeada,lon,lat
32987,32992,2021,,2021/01/13,14:00:00,COLISIÓN POR CORTE DE CIRCULACIÓN,ASFALTO,Bueno,Bueno,2,VOLKSWAGEN,BLANCO,2,,31,MASCULINO,SIN DATOS,0,0,Morelia,Felix Arreguin,enero,miércoles,14,-101.227354664444,19.7199813843192
32988,32993,2021,,2021/01/13,14:30:00,COLISIÓN POR CORTE DE CIRCULACIÓN,CONCRETO,Bueno,Bueno,2,NISSAN,BLANCO,2,,26,MASCULINO,SIN DATOS,0,0,Morelia,Gertrudis Sanchez,enero,miércoles,15,-101.199902949683,19.7428527555586
32989,32994,2021,,2021/01/13,15:00:00,COLISIÓN CONTRA OBJETO FIJO,ASFALTO,Bueno,Bueno,2,JEEP,ROJO,2,,60,MASCULINO,SIN DATOS,0,0,Morelia,Ventura Puente,enero,miércoles,15,-101.192738860846,19.6936456070999
32990,32995,2021,,2021/01/13,15:10:00,COLISIÓN POR CORTE DE CIRCULACIÓN,ASFALTO,Bueno,Bueno,2,TOYOTA,GRIS CON BLANCO,2,,,MASCULINO,SIN DATOS,0,0,Morelia,Eduardo Ruiz,enero,miércoles,15,-101.223200007605,19.7224746573101
32991,32996,2021,,2021/01/13,15:25:00,COLISIÓN POR CORTE DE CIRCULACIÓN,ASFALTO,Bueno,Bueno,2,TOYOTA HIACE,BCO/MORADO,2,,31,MASCULINO,SIN DATOS,0,0,Morelia,Industrial,enero,miércoles,15,-101.197891993954,19.7068446575955
32992,32997,2021,LEG34935,2021/01/13,16:30:00,COLISIÓN POR ALCANCE,ASFALTO,Bueno,Bueno,2,ITALIKA,GRIS,2,,23,MASCULINO,SIN DATOS,0,0,Morelia,Tinijaro,enero,miércoles,17,-101.26316,19.6963297049991
32993,32998,2021,,2021/01/13,17:35:00,COLISIÓN POR ALCANCE,ASFALTO,Bueno,Bueno,2,VOLKSWAGEN,BLANCO,2,,41,MASCULINO,SIN DATOS,0,0,Morelia,Rincon Campestre,enero,miércoles,18,-101.143780804492,19.686347004634
32994,32999,2021,,2021/01/13,19:00:00,COLISIÓN POR INVASIÓN DE CARRIL,ASFALTO,Bueno,Bueno,2,VOLVO T3,BLANCO Y AZUL,2,,21,MASCULINO,SIN DATOS,0,0,Morelia,Tzindurio Norte,enero,miércoles,19,-101.243725276795,19.700472753007
32995,33000,2021,,2021/01/13,20:15:00,COLISIÓN POR NO RESPETAR SEMÁFORO,ASFALTO,Bueno,Bueno,2,FIAT,BLANCO,2,MINISTERIO PÚBLICO,20,MASCULINO,SIN DATOS,0,0,Morelia,Santa Maria,enero,miércoles,20,-101.200454570353,19.6778335043699
32996,33001,2021,,2021/01/13,20:25:00,COLISIÓN POR ALCANCE,ASFALTO,Bueno,Bueno,2,VOLKSWAGEN,ROJO,2,,22,MASCULINO,SIN DATOS,0,0,Morelia,Union,enero,miércoles,20,-101.1547980096,19.7137975945246
32997,33002,2021,,2021/01/13,22:23:00,COLISIÓN POR ALCANCE,ASFALTO,Bueno,Bueno,2,FORD,GUINDA,2,,22,MASCULINO,SIN DATOS,0,0,Morelia,Felix Ireta,enero,miércoles,22,-101.188582604864,19.6860148664875
32998,33003,2021,,2021/01/14,"00:00:00",COLISIÓN POR CORTE DE CIRCULACIÓN,ASFALTO,Bueno,Bueno,2,ITALIKA,NEGRO,2,,25,MASCULINO,SIN DATOS,0,0,Morelia,Santiaguito,enero,jueves,0,-101.188690035867,19.7173607751802
32999,33004,2021,MOR210032260,2021/01/14,10:00:00,COLISIÓN POR CORTE DE CIRCULACIÓN,ASFALTO,Bueno,Bueno,2,NISSAN,ROJO,2,MINISTERIO PÚBLICO,32,MASCULINO,SIN DATOS,0,0,Morelia,Morelos,enero,jueves,10,-101.210461934077,19.6954827928996
33000,33005,2021,LEG34953,2021/01/14,11:30:00,COLISIÓN POR ALCANCE,ASFALTO,Bueno,Bueno,3,CHEVROLET,BLANCO,3,,33,MASCULINO,SIN DATOS,0,0,Morelia,Pascual Ortiz de Ayala,enero,jueves,12,-101.150579564273,19.6968865368713
33001,33006,2021,,2021/01/14,12:00:00,COLISIÓN POR ALCANCE,ASFALTO,Bueno,Bueno,2,CHEVROLET,AZUL,2,,25,MASCULINO,SIN DATOS,0,0,Morelia,Sentimientos de La Nacion,enero,jueves,12,-101.235355809331,19.6809411885975
33002,33007,2021,LEG34954,2021/01/14,12:10:00,COLISIÓN POR ALCANCE,ASFALTO,Bueno,Bueno,2,FORD,BLANCO,2,,51,FEMENINO,SIN DATOS,0,0,Morelia,La Huerta,enero,jueves,12,-101.217147267677,19.6755447185538
33003,33008,2021,MOR210032474,2021/01/14,13:00:00,COLISIÓN POR CORTE DE CIRCULACIÓN,ASFALTO,Bueno,Bueno,2,NISSAN,BLANCO,2,MINISTERIO PÚBLICO,71,MASCULINO,SIN DATOS,0,0,Morelia,El Lago 1,enero,jueves,13,-101.212209016085,19.7267046698851
33004,33009,2021,MOR210032510,2021/01/14,14:40:00,COLISIÓN POR CAMBIO DE CARRIL,ASFALTO,Bueno,Bueno,2,SEAT,BLANCO,2,MINISTERIO PÚBLICO,39,FEMENINO,SIN DATOS,0,0,Morelia,Felix Ireta,enero,jueves,15,-101.190779986845,19.6897279062684
33005,33010,2021,,2021/01/14,14:40:00,COLISIÓN POR CORTE DE CIRCULACIÓN,CONCRETO,Nublado,Bueno,2,YAMAHA,ROJA,2,,21,MASCULINO,SIN DATOS,0,0,Morelia,Primo Tapia Oriente,enero,jueves,15,-101.158605038431,19.7134227566789
33006,33011,2021,,2021/01/14,14:55:00,COLISIÓN POR MANIOBRA DE REVERSA,ASFALTO,Bueno,Bueno,2,JEEP,ROJO,2,,36,FEMENINO,SIN DATOS,0,0,Tarímbaro,Sin datos,enero,jueves,15,-101.12939578228,19.7771492428539
33007,33012,2021,MOR210032839,2021/01/14,15:50:00,COLISIÓN POR ALCANCE,CONCRETO,Bueno,Bueno,2,FORD,AMARILLO,2,,34,MASCULINO,SIN DATOS,0,0,Morelia,Felix Ireta,enero,jueves,16,-101.192050234151,19.6823765966929
33008,33013,2021,,2021/01/14,20:00:00,SUBIDA AL CAMELLÓN,ASFALTO,Bueno,Bueno,1,VOLKSWAGEN,NEGRO/ROJO,0,MINISTERIO PÚBLICO,,,,0,0,Lázaro Cárdenas,Lirios,enero,jueves,20,-102.211061306298,17.9658191750922
33009,33014,2021,MOR20067854685,2021/01/15,"06:45:00",COLISIÓN CONTRA OBJETO FIJO,CONCRETO,Bueno,Bueno,1,FORD,NEGRO,1,,26,MASCULINO,SIN DATOS,0,0,Morelia,Nueva Valladolid,enero,viernes,7,-101.21065299958,19.7020601860539
33010,33015,2021,,2021/01/15,"08:37:00",COLISIÓN POR CORTE DE CIRCULACIÓN,ASFALTO,Bueno,Bueno,3,PEUGEOT,PLATA,3,MINISTERIO PÚBLICO,28,MASCULINO,SIN DATOS,0,0,Morelia,Ampliacion La Soledad,enero,viernes,9,-101.182948462665,19.7339402646382
33011,33016,2021,,2021/01/15,10:00:00,COLISIÓN POR CORTE DE CIRCULACIÓN,ASFALTO,Bueno,Bueno,2,MAZDA,ROJO,2,,24,MASCULINO,SIN DATOS,0,0,Morelia,Centro,enero,viernes,10,-101.182248688055,19.7005739228787
33012,33017,2021,,2021/01/15,10:05:00,COLISIÓN CONTRA OBJETO FIJO,CONCRETO,Bueno,Bueno,1,VOLKSWAGEN,ROJO,1,,35,MASCULINO,SIN DATOS,0,0,Morelia,Sin datos,enero,viernes,10,-101.11570648849,19.7633038074672
33013,33018,2021,,2021/01/15,10:27:00,COLISIÓN POR CAMBIO DE CARRIL,ASFALTO,Bueno,Bueno,2,MITSUBISHI,ROJO,2,,31,MASCULINO,SIN DATOS,0,0,Morelia,Industrial,enero,viernes,10,-101.188341683971,19.7114778567504
33014,33019,2021,,2021/01/15,12:35:00,COLISIÓN POR CORTE DE CIRCULACIÓN,ASFALTO,Bueno,Bueno,2,VOLKSWAGEN,BLANCO,2,,38,MASCULINO,SIN DATOS,0,0,Morelia,Guadalupe,enero,viernes,13,-101.221316456795,19.7087665437975
33015,33020,2021,,2021/01/15,15:35:00,COLISIÓN POR CORTE DE CIRCULACIÓN,CONCRETO,Bueno,Bueno,2,MITSUBISHI,ROJO,2,,21,MASCULINO,SIN DATOS,0,0,Morelia,Jose Ma Pino Suarez,enero,viernes,16,-101.16242621094,19.7208479754672
33016,33021,2021,,2021/01/15,16:00:00,COLISIÓN POR CORTE DE CIRCULACIÓN,CONCRETO,Bueno,Bueno,2,ITALIKA,AZUL MARINO,2,,21,FEMENINO,SIN DATOS,0,0,Morelia,La Loma,enero,viernes,16,-101.183697343204,19.6796756243323
33017,33022,2021,,2021/01/15,16:34:00,COLISIÓN POR CORTE DE CIRCULACIÓN,ASFALTO,Bueno,Bueno,2,MAZDA,GRIS,2,MINISTERIO PÚBLICO,44,FEMENINO,SIN DATOS,0,0,Morelia,Juarez,enero,viernes,17,-101.19958047501,19.6954941888053
33018,33023,2021,,2021/01/15,20:00:00,COLISIÓN POR ALCANCE,ASFALTO,Bueno,Bueno,2,NISSAN,BLANCO,2,,,MASCULINO,SIN DATOS,0,0,Morelia,La Esperanza,enero,viernes,20,-101.252282194115,19.6981012444734
33019,33024,2021,,2021/01/15,21:00:00,COLISIÓN POR CORTE DE CIRCULACIÓN,ASFALTO,Bueno,Bueno,2,HONDA,NEGRO,2,,45,MASCULINO,SIN DATOS,0,0,Morelia,Eva Samano,enero,viernes,21,-101.199439354241,19.731436073329
33020,33025,2021,,2021/01/15,22:30:00,COLISIÓN POR CORTE DE CIRCULACIÓN,CONCRETO,Bueno,Bueno,2,FORD,ROJO,2,,38,MASCULINO,SIN DATOS,0,0,Morelia,Rector Diaz Rubio,enero,viernes,23,-101.19897633791,19.6681316051096
33021,33026,2021,,2021/01/15,23:15:00,SALIDA DE SUPERFICIE DE RODAMIENTO,ASFALTO,Bueno,Bueno,1,BMW,NEGRO,1,,28,FEMENINO,SIN DATOS,0,0,Charo,Sin datos,enero,viernes,23,-101.080665835605,19.6870654609213
33022,33027,2021,"210035467",2021/01/16,"00:00:00",COLISIÓN POR CORTE DE CIRCULACIÓN,ASFALTO,Bueno,Bueno,2,RAM,PLATA,2,,36,MASCULINO,SIN DATOS,0,0,Morelia,Sin datos,enero,sábado,0,-101.294442557477,19.6864142443577
33023,33028,2021,LEG34984,2021/01/16,"07:50:00",COLISIÓN POR CORTE DE CIRCULACIÓN,CONCRETO,Bueno,Bueno,2,FORD,BLANCO,1,,35,MASCULINO,SIN DATOS,0,0,Morelia,Elias Perez Avalos,enero,sábado,8,-101.171422749591,19.7147177558867
33024,33029,2021,MOR210037332,2021/01/16,"08:30:00",COLISIÓN POR CORTE DE CIRCULACIÓN,ASFALTO,Bueno,Bueno,2,CHEVROLET,ARENA,2,,66,MASCULINO,SIN DATOS,0,0,Morelia,La Colina,enero,sábado,9,-101.215387068011,19.7078755315546
33025,33030,2021,"210037332",2021/01/16,"08:30:00",VOLCADURA,ASFALTO,Bueno,Bueno,0,,,0,,,,,0,0,Tarímbaro,Sin datos,enero,sábado,9,-101.170916774047,19.7524043682545
33026,33031,2021,MOR210037300,2021/01/16,10:50:00,VOLCADURA,ASFALTO,Bueno,Bueno,1,NISSAN,BLANCO,1,,31,MASCULINO,SIN DATOS,0,0,Tarímbaro,Sin datos,enero,sábado,11,-101.170904883181,19.7524010675173
33027,33032,2021,,2021/01/16,10:55:00,COLISIÓN POR ALCANCE,ASFALTO,Bueno,Bueno,3,DODGE,VERDE,3,,36,MASCULINO,SIN DATOS,0,0,Morelia,Rafael Carrillo,enero,sábado,11,-101.235109046102,19.7095521581335
33028,33033,2021,MOR210038620,2021/01/16,11:37:00,COLISIÓN POR ALCANCE,ASFALTO,Bueno,Bueno,2,VOLKSWAGEN,PLATA,2,,28,MASCULINO,SIN DATOS,0,0,Morelia,Ciudad Industrial,enero,sábado,12,-101.142961023882,19.7252690282431
33029,33034,2021,MOR210037496,2021/01/16,16:50:00,COLISIÓN POR CORTE DE CIRCULACIÓN,ASFALTO,Bueno,Bueno,2,FORD,AZUL,3,,29,MASCULINO,SIN DATOS,1,0,Morelia,Sin datos,enero,sábado,17,-101.263326220214,19.6391936772154
33030,33035,2021,"210037552",2021/01/16,16:50:00,COLISIÓN POR CORTE DE CIRCULACIÓN,ASFALTO,Bueno,Bueno,2,CHEVROLET,ROJO,2,,29,FEMENINO,SIN DATOS,0,0,Morelia,Rinconada del Valle,enero,sábado,17,-101.218682497062,19.6782480130842
33031,33036,2021,MOR210037570,2021/01/16,17:02:00,COLISIÓN POR CAMBIO DE CARRIL,ASFALTO,Bueno,Bueno,2,MAZDA,ROJO,2,,26,MASCULINO,SIN DATOS,0,0,Morelia,Avicola Benito Juarez,enero,sábado,17,-101.279538497329,19.6914182584256
33032,33037,2021,"210037523",2021/01/16,17:25:00,COLISIÓN CONTRA OBJETO FIJO,ASFALTO,Bueno,Bueno,2,CHEVROLET,VERDE,0,,,,,0,0,Morelia,La Colina,enero,sábado,17,-101.216810010374,19.7115507385579
33033,33038,2021,LEG34987,2021/01/16,17:45:00,COLISIÓN POR CAMBIO DE CARRIL,ASFALTO,Bueno,Bueno,2,FREIGHTLINER,BLANCO,2,,39,MASCULINO,SIN DATOS,0,0,Tarímbaro,Sin datos,enero,sábado,18,-101.159705475651,19.7670629295105
33034,33039,2021,MOR 210038111,2021/01/16,20:55:00,COLISIÓN POR INVASIÓN DE CARRIL,ASFALTO,Bueno,Regular,2,NISSAN,BLANCO Y ROJO,1,MINISTERIO PÚBLICO,,,,0,1,Morelia,Sin datos,enero,sábado,21,-101.188521391965,19.5830874702289
33035,33040,2021,MOR210038263,2021/01/16,21:35:00,COLISIÓN CON PEATÓN,ASFALTO,Bueno,Bueno,1,SIN DATOS,SIN DATOS,2,,0,,SIN DATOS,1,0,Morelia,Felix Arreguin,enero,sábado,22,-101.226423687544,19.7215457908661
33036,33041,2021,LEG34988,2021/01/16,22:50:00,SUBIDA AL CAMELLÓN,ASFALTO,Bueno,Bueno,1,VOLKSWAGEN,AZUL,1,,32,FEMENINO,SIN DATOS,0,0,Tarímbaro,Sin datos,enero,sábado,23,-101.170924089161,19.7524123430335
33037,33042,2021,MOR210039015,2021/01/17,"07:10:00",COLISIÓN POR CAMBIO DE CARRIL,ASFALTO,Bueno,Bueno,2,NISSAN,AZUL,2,,22,MASCULINO,SIN DATOS,0,0,Morelia,El Realito,enero,domingo,7,-101.203679591417,19.725656014096
33038,33043,2021,,2021/01/17,10:00:00,COLISIÓN POR CORTE DE CIRCULACIÓN,ASFALTO,Bueno,Bueno,2,TOYOTA,BLANCO,2,,41,MASCULINO,SIN DATOS,0,0,Morelia,Eduardo Ruiz,enero,domingo,10,-101.223630532622,19.7237585177839
33039,33044,2021,,2021/01/17,10:15:00,COLISIÓN POR CORTE DE CIRCULACIÓN,ASFALTO,Bueno,Bueno,2,CHEVROLET,ARENA,2,,65,FEMENINO,SIN DATOS,0,0,Morelia,El Realito,enero,domingo,10,-101.205187297689,19.7258193810588
33040,33045,2021,,2021/01/17,11:00:00,COLISIÓN POR CORTE DE CIRCULACIÓN,CONCRETO,Bueno,Bueno,1,MITSUBISHI,NEGRO,1,,,,SIN DATOS,0,0,Morelia,Santa Maria de Guido,enero,domingo,11,-101.192297302187,19.6705480726656
33041,33046,2021,,2021/01/17,13:00:00,COLISIÓN POR CORTE DE CIRCULACIÓN,ASFALTO,Bueno,Bueno,2,CHEVROLET,gris,0,MINISTERIO PÚBLICO,,,,0,0,Lázaro Cárdenas,El Palmar 77,enero,domingo,13,-102.21628688953,17.9742313754822
33042,33047,2021,,2021/01/17,15:40:00,COLISIÓN POR CORTE DE CIRCULACIÓN,CONCRETO,Bueno,Bueno,2,VENTO,NEGRO,2,,41,MASCULINO,SIN DATOS,0,0,Morelia,Lomas del Punhuato,enero,domingo,16,-101.143664829433,19.7024372995187
33043,33048,2021,,2021/01/17,17:00:00,COLISIÓN POR CORTE DE CIRCULACIÓN,ASFALTO,Bueno,Bueno,2,FORD,ROJO,0,MINISTERIO PÚBLICO,,,,0,0,Lázaro Cárdenas,Valle del Tecnologico,enero,domingo,17,-102.226669446312,17.9739966262846
33044,33049,2021,,2021/01/17,17:45:00,COLISIÓN CONTRA OBJETO FIJO,CONCRETO,Bueno,Bueno,2,VOLKSWAGEN,ROJO,2,,42,MASCULINO,SIN DATOS,0,0,Morelia,Mariano Escobedo,enero,domingo,18,-101.208992041647,19.7191869611464
33045,33050,2021,,2021/01/17,18:20:00,COLISIÓN POR NO RESPETAR SEMÁFORO,ASFALTO,Bueno,Bueno,2,NISSAN,BLANCO,2,,34,MASCULINO,SIN DATOS,0,0,Morelia,Las Americas,enero,domingo,18,-101.159051991999,19.687968670818
33046,33051,2021,,2021/01/17,19:40:00,COLISIÓN POR INVASIÓN DE CARRIL,ASFALTO,Bueno,Bueno,2,CHEVROLET,BLANCO,0,MINISTERIO PÚBLICO,,,,0,0,Tarímbaro,Sin datos,enero,domingo,20,-101.130379147149,19.7766007879544
33047,33052,2021,,2021/01/17,21:42:00,COLISIÓN POR ALCANCE,ASFALTO,Bueno,Bueno,2,VOLKSWAGEN,BLANCO,1,,,,,1,0,Morelia,Fracc Arkos San Juan,enero,domingo,22,-101.286564574324,19.6899344326057
33048,33053,2021,,2021/01/17,22:20:00,SALIDA DE SUPERFICIE DE RODAMIENTO,ASFALTO,Bueno,Bueno,1,VOLKSWAGEN,PLATA,1,,,,SIN DATOS,0,0,Morelia,Torreon Nuevo,enero,domingo,22,-101.203781881117,19.7465780494656
33049,33054,2021,LEG34994,2021/01/17,22:30:00,COLISIÓN POR INVASIÓN DE CARRIL,ASFALTO,Bueno,Bueno,1,ITALIKA,NEGRO,1,MINISTERIO PÚBLICO,,,,1,0,Morelia,Granjas de La Huerta,enero,domingo,23,-101.235493882134,19.6677527174656
33050,33055,2021,,2021/01/17,23:30:00,COLISIÓN CONTRA OBJETO FIJO,ASFALTO,Bueno,Bueno,3,VOLKSWAGEN,NEGRO,3,,29,MASCULINO,SIN DATOS,0,0,Morelia,Diego Rivera,enero,domingo,0,-101.174651378779,19.7190029750716
33051,33056,2021,,2021/01/18,"04:30:00",VOLCADURA,ASFALTO,Bueno,Bueno,1,NISSAN,ROJO,0,,,,,0,0,Peribán,Sin datos,enero,lunes,5,-102.444440007888,19.552101523924
33052,33057,2021,,2021/01/18,"05:00:00",SALIDA DE SUPERFICIE DE RODAMIENTO,ASFALTO,Bueno,Bueno,1,VOLKSWAGEN /VENTO,ROJO,0,,,,,0,0,Morelia,Dr Miguel Silva,enero,lunes,5,-101.187927793444,19.7204887484457
33053,33058,2021,,2021/01/18,"09:00:00",COLISIÓN POR CAMBIO DE CARRIL,ASFALTO,Bueno,Regular,2,VOLKSWAGEN,BLANCO,3,MINISTERIO PÚBLICO,51,MASCULINO,SIN DATOS,2,0,Hidalgo,Corros,enero,lunes,9,-100.555440604008,19.7072045431388
33056,33061,2021,MOR21041949,2021/01/18,12:10:00,COLISIÓN POR ALCANCE,ASFALTO,Bueno,Bueno,2,VOLKSWAGEN,BLANCO,2,,25,MASCULINO,SIN DATOS,0,0,Morelia,Comision Federal de Electricidad,enero,lunes,12,-101.18,19.682
33057,33062,2021,MOR210041801,2021/01/18,12:20:00,COLISIÓN POR ALCANCE,CONCRETO,Bueno,Bueno,4,VOLKSWAGEN,BLANCO,3,,52,FEMENINO,SIN DATOS,0,0,Morelia,Felix Ireta,enero,lunes,12,-101.19214836,19.6911467449992
33058,33063,2021,,2021/01/18,16:00:00,COLISIÓN POR CAMBIO DE CARRIL,ASFALTO,Bueno,Bueno,2,TOYOTA,BLANCO Y MORADO,2,,44,MASCULINO,SIN DATOS,0,0,Morelia,Santillan La Huerta,enero,lunes,16,-101.219553885717,19.6760966650679
33060,33065,2021,MOR210042876,2021/01/18,19:40:00,COLISIÓN POR ALCANCE,ASFALTO,Bueno,Bueno,1,CHEVROLET,ROJO,1,,33,MASCULINO,ALIENTO ETÍLICO,0,0,Tarímbaro,Sin datos,enero,lunes,20,-101.16225656122,19.7647876691849
33061,33066,2021,MOR210042970,2021/01/18,19:50:00,COLISIÓN POR ALCANCE,ASFALTO,Bueno,Bueno,2,DODGE,GRIS,2,,39,MASCULINO,SIN DATOS,0,0,Morelia,Sentimientos de La Nacion,enero,lunes,20,-101.236869885839,19.6848049027524
33062,33067,2021,,2021/01/18,22:00:00,COLISIÓN POR CORTE DE CIRCULACIÓN,ASFALTO,Bueno,Bueno,2,VOLKSWAGEN,ROJO,0,MINISTERIO PÚBLICO,,,,0,0,Lázaro Cárdenas,Solidaridad Nacional,enero,lunes,22,-102.209850349889,17.9713659469424
33063,33068,2021,,2021/01/18,23:15:00,COLISIÓN POR ALCANCE,ASFALTO,Bueno,Bueno,3,HONDA,AZUL,4,,44,MASCULINO,ALIENTO ETÍLICO,1,0,Morelia,Lomas de Morelia (Dr Ignacio Chavez),enero,lunes,23,-101.175683333792,19.7176426221076
33064,33069,2021,,2021/01/19,"08:30:00",SUBIDA AL CAMELLÓN,ASFALTO,Bueno,Bueno,1,INTERNATIONAL,BLANCO,1,,18,MASCULINO,SIN DATOS,0,0,Morelia,Isaac Arriaga,enero,martes,9,-101.170068634056,19.7110391206767
33066,33071,2021,,2021/01/19,"09:00:00",COLISIÓN POR CORTE DE CIRCULACIÓN,ASFALTO,Bueno,Bueno,4,RAM,AZUL Y BLANCO,4,,55,MASCULINO,SIN DATOS,0,0,Morelia,Adolfo Lopez Mateos,enero,martes,9,-101.229662180625,19.7035146304943
33067,33072,2021,,2021/01/19,10:00:00,COLISIÓN CONTRA OBJETO FIJO,ASFALTO,Bueno,Bueno,1,CHEVROLET,BLANCO,1,,62,MASCULINO,SIN DATOS,0,0,Morelia,La Quemada,enero,martes,10,-101.24136097052,19.7008363546158
33068,33073,2021,,2021/01/19,10:10:00,COLISIÓN POR CORTE DE CIRCULACIÓN,ASFALTO,Bueno,Bueno,2,MERCEDEZ BENZ,BLANCO Y AZUL,2,,42,MASCULINO,SIN DATOS,0,0,Morelia,Dr Miguel Silva,enero,martes,10,-101.187927793444,19.7204887484457
33069,33074,2021,,2021/01/19,10:20:00,COLISIÓN CON PEATÓN,CONCRETO,Bueno,Bueno,1,NISSAN,BLANCO,1,MINISTERIO PÚBLICO,,,,0,1,Morelia,Infonavit Benito Juarez,enero,martes,10,-101.197176075,19.6854028399992
33070,33075,2021,,2021/01/19,11:10:00,COLISIÓN POR ALCANCE,ASFALTO,Bueno,Bueno,3,NISSAN/CHASIS,BLANCO ROJO,3,,34,MASCULINO,SIN DATOS,0,0,Morelia,Tinijaro,enero,martes,11,-101.26316,19.6963297049991
33071,33076,2021,,2021/01/19,11:30:00,COLISIÓN POR CORTE DE CIRCULACIÓN,ASFALTO,Bueno,Bueno,2,TOYOTA,BLANCO,2,,37,,SIN DATOS,0,0,Morelia,Elias Perez Avalos,enero,martes,12,-101.167097765618,19.7114207851082
33072,33077,2021,,2021/01/19,12:10:00,COLISIÓN POR CORTE DE CIRCULACIÓN,ASFALTO,Bueno,Bueno,2,FORD,PLATA,1,MINISTERIO PÚBLICO,,MASCULINO,SIN DATOS,0,0,Tarímbaro,Sin datos,enero,martes,12,-101.15372207693,19.7694883427176
33073,33078,2021,,2021/01/19,14:45:00,COLISIÓN POR ALCANCE,ASFALTO,Bueno,Bueno,2,NISSAN,BLANCO,2,,47,MASCULINO,SIN DATOS,0,0,Morelia,Dr Miguel Silva,enero,martes,15,-101.187927793444,19.7204887484457
33074,33079,2021,,2021/01/19,15:00:00,COLISIÓN POR ALCANCE,ASFALTO,Bueno,Bueno,2,CHEVROLET,AZUL,2,,30,MASCULINO,SIN DATOS,0,0,Morelia,Sentimientos de La Nacion,enero,martes,15,-101.236869855359,19.6848026355759
33075,33080,2021,,2021/01/19,15:15:00,COLISIÓN POR CORTE DE CIRCULACIÓN,ASFALTO,Bueno,Bueno,2,VOLKSWAGEN,ROJO,2,,33,MASCULINO,SIN DATOS,0,0,Morelia,Comision Federal de Electricidad,enero,martes,15,-101.180215291679,19.6879522556483
33076,33081,2021,,2021/01/19,16:00:00,COLISIÓN CONTRA OBJETO FIJO,ASFALTO,Bueno,Bueno,1,BMW,ROJO,1,,28,MASCULINO,SIN DATOS,0,0,Tangamandapio,Sin datos,enero,martes,16,-102.384799749337,19.9165412802825
33077,33082,2021,,2021/01/19,17:40:00,VOLCADURA,ASFALTO,Bueno,Bueno,1,CHEVROLET,ARENA,0,,,,,0,0,Tarímbaro,Sin datos,enero,martes,18,-101.162257932805,19.7647876978698
33078,33083,2021,,2021/01/19,18:40:00,COLISIÓN POR CORTE DE CIRCULACIÓN,ASFALTO,Bueno,Bueno,2,FORD,ROJO,2,,0,MASCULINO,SIN DATOS,0,0,Morelia,Isaac Arriaga,enero,martes,19,-101.172354773365,19.7073121184106
33079,33084,2021,,2021/01/19,21:05:00,COLISIÓN POR INVASIÓN DE CARRIL,ASFALTO,Bueno,Bueno,2,AUDI,GRIS,1,MINISTERIO PÚBLICO,20,FEMENINO,SIN DATOS,0,0,Morelia,Union,enero,martes,21,-101.157312183216,19.7083729173972
33080,33085,2021,,2021/01/19,21:10:00,SUBIDA AL CAMELLÓN,ASFALTO,Bueno,Bueno,1,CHEVROLET,ROJO,1,,65,MASCULINO,SIN DATOS,0,0,Morelia,Barrio Alto,enero,martes,21,-101.193298436701,19.7238147529741
33081,33086,2021,,2021/01/19,22:55:00,COLISIÓN POR CORTE DE CIRCULACIÓN,CONCRETO,Bueno,Bueno,2,TOYOTA,PLATA,2,,23,MASCULINO,SIN DATOS,0,0,Morelia,Isaac Arriaga,enero,martes,23,-101.172103499143,19.7107121079625
33082,33087,2021,,2021/01/20,"04:10:00",SALIDA DE SUPERFICIE DE RODAMIENTO,ASFALTO,Bueno,Bueno,1,CHRYSLER,BLANCO,1,,30,MASCULINO,SIN DATOS,0,0,Charo,Sin datos,enero,miércoles,4,-101.037286743522,19.686146834994
33083,33088,2021,,2021/01/20,"07:55:00",COLISIÓN POR CAMBIO DE CARRIL,CONCRETO,Bueno,Bueno,2,NISSAN,BLANCO,2,,45,MASCULINO,SIN DATOS,0,0,Morelia,Irrigacion,enero,miércoles,8,-101.224994131111,19.7046032312952
33084,33089,2021,LEG35045,2021/01/20,"09:20:00",SUBIDA AL CAMELLÓN,CONCRETO,Bueno,Bueno,1,NISSAN,BLANCO Y ROJO,1,,45,MASCULINO,SIN DATOS,0,0,Morelia,Agustin Arriaga Rivera,enero,miércoles,9,-101.225963353432,19.6899987149883
33085,33090,2021,MOR210046315,2021/01/20,11:20:00,CAIDA DE MOTOCICLETA,ASFALTO,Bueno,Bueno,1,ITALIKA,NEGRO/AZUL,0,,,,,0,0,Morelia,Cuauhtemoc,enero,miércoles,11,-101.178793416095,19.6962126040448
33086,33091,2021,,2021/01/20,11:45:00,COLISIÓN POR NO RESPETAR SEMÁFORO,ASFALTO,Bueno,Bueno,2,CHEVROLET,PLATA,2,,35,FEMENINO,SIN DATOS,0,0,Morelia,Morelia 450,enero,miércoles,12,-101.214809387244,19.6743936692706
33087,33092,2021,MOR210046413,2021/01/20,12:20:00,COLISIÓN POR ALCANCE,ASFALTO,Bueno,Bueno,2,DATSUN,NARANJA,2,,34,MASCULINO,ALIENTO ETÍLICO,0,0,Morelia,Solidaridad,enero,miércoles,12,-101.206903271377,19.7296965287991