fid,id_accidente,anio_origen,folio_c5i,dia_incidente,hora_ocurrencia,tipo_incidente_vial,superficie_ocurrencia,condiciones_climaticas,condiciones_via,numero_vehiculos_involucrados,marca_vehiculo_ocasiona_siniestro,color_vehiculo_ocasiona_siniestro,numero_personas_involucradas,lugar_remite_presunto_responsable,edad_presunto_responsable,sexo_presunto_responsable,resultados_toxicologia,numero_personas_lesionadas,numero_personas_fallecidas,municipio,colonia,mes,dia_semana,hora_redondeada,lon,lat
33088,33093,2021,MOR 210404661,2021/01/20,13:40:00,COLISIÓN POR INVASIÓN DE CARRIL,ASFALTO,Bueno,Bueno,2,INTERNANCIONAL,BLANCO,2,,25,MASCULINO,SIN DATOS,0,0,Morelia,Bosques de Oriente,enero,miércoles,14,-101.155593305034,19.7155428275804
33089,33094,2021,,2021/01/20,15:50:00,COLISIÓN POR CAMBIO DE CARRIL,CONCRETO,Bueno,Bueno,2,NISSAN,AZUL,2,,29,MASCULINO,SIN DATOS,0,0,Morelia,Primo Tapia Oriente,enero,miércoles,16,-101.157387346029,19.7142973255585
33090,33095,2021,MOR210047125,2021/01/20,17:30:00,COLISIÓN POR CORTE DE CIRCULACIÓN,ASFALTO,Bueno,Bueno,2,VOLKSWAGEN,VERDE,2,,49,FEMENINO,SIN DATOS,0,0,Morelia,Chapultepec Sur,enero,miércoles,18,-101.177078509197,19.6919711382951
33091,33096,2021,MOR210047889,2021/01/20,20:27:00,COLISIÓN POR CAMBIO DE CARRIL,ASFALTO,Bueno,Bueno,2,GENERAL MOTORS,BLANCO,2,MINISTERIO PÚBLICO,56,MASCULINO,SIN DATOS,0,0,Morelia,Jardines del Rincon,enero,miércoles,20,-101.151395626366,19.6892095322499
33092,33097,2021,,2021/01/20,23:30:00,COLISIÓN POR CORTE DE CIRCULACIÓN,CONCRETO,Bueno,Bueno,2,CHEVROLET AVEO,GRIS,2,,33,FEMENINO,SIN DATOS,0,0,Morelia,Guadalupe,enero,miércoles,0,-101.222851381394,19.7095919566761
33093,33098,2021,MOR210048058,2021/01/21,"01:37:00",COLISIÓN POR MANIOBRA DE REVERSA,ASFALTO,Bueno,Bueno,2,VOLKSWAGEN,NEGRO,1,,31,MASCULINO,SIN DATOS,0,0,Morelia,Felix Ireta,enero,jueves,2,-101.189647889271,19.6834081161205
33094,33099,2021,MOR2210048088,2021/01/21,"03:10:00",COLISIÓN CONTRA OBJETO FIJO,ASFALTO,Bueno,Bueno,1,VOLKSWAGEN,BLANCO,1,,22,MASCULINO,SIN DATOS,0,0,Morelia,El Lago 2,enero,jueves,3,-101.212019219327,19.7263423894963
33095,33100,2021,LEG35056,2021/01/21,"03:30:00",COLISIÓN CONTRA OBJETO FIJO,ASFALTO,Bueno,Bueno,1,VOLKSWAGEN,AZUL,0,,,,,0,0,Morelia,3 de Agosto,enero,jueves,4,-101.171962439336,19.7308913918186
33096,33101,2021,MOR20100,2021/01/21,"03:30:00",COLISIÓN CONTRA OBJETO FIJO,ASFALTO,Bueno,Bueno,1,VOLKSWAGEN,AZUL,0,MINISTERIO PÚBLICO,,,,0,0,Morelia,Clara Cordova Moran,enero,jueves,4,-101.180784590542,19.7374600093423
33097,33102,2021,,2021/01/21,"08:38:00",VOLCADURA,CONCRETO,Bueno,Bueno,1,ISUZU,BLANCO/ AZUL,1,,22,MASCULINO,SIN DATOS,0,0,Santa Ana Maya,Sin datos,enero,jueves,9,-101.075898788191,20.0461812282315
33098,33103,2021,,2021/01/21,10:30:00,COLISIÓN CONTRA OBJETO FIJO,ASFALTO,Bueno,Bueno,1,CHEVROLET,BLANCO,1,,36,MASCULINO,SIN DATOS,0,0,Morelia,Tres Puentes,enero,jueves,11,-101.216114647686,19.7037681224579
33099,33104,2021,,2021/01/21,10:40:00,COLISIÓN POR INVASIÓN DE CARRIL,ASFALTO,Bueno,Bueno,2,FORD,BLANCO,2,,28,MASCULINO,SIN DATOS,0,0,Morelia,Centro,enero,jueves,11,-101.187806644224,19.6983486901581
33100,33105,2021,,2021/01/21,14:11:00,COLISIÓN POR CAMBIO DE CARRIL,ASFALTO,Bueno,Bueno,2,NISSAN,NEGRO,2,,28,FEMENINO,SIN DATOS,0,0,Morelia,Cosmos,enero,jueves,14,-101.216482354166,19.6834222645695
33101,33106,2021,,2021/01/21,14:25:00,COLISIÓN CONTRA OBJETO FIJO,ASFALTO,Bueno,Bueno,1,VOLKSWAGEN,GRIS,1,,50,MASCULINO,SIN DATOS,0,0,Morelia,Ignaci0 Ramirez,enero,jueves,14,-101.22384983369,19.7251396310746
33102,33107,2021,,2021/01/21,15:40:00,COLISIÓN POR ALCANCE,ASFALTO,Bueno,Bueno,2,CHEVROLET AVEO,ROJO,2,,43,MASCULINO,SIN DATOS,0,0,Morelia,Mariano Michelena,enero,jueves,16,-101.230041621759,19.6769264776344
33103,33108,2021,,2021/01/21,15:40:00,COLISIÓN CONTRA OBJETO FIJO,ASFALTO,Bueno,Regular,1,TOYOTA CAB V2,AZUL,1,,41,MASCULINO,SIN DATOS,0,0,Morelia,Felix Arreguin,enero,jueves,16,-101.227210976862,19.7200580267416
33104,33109,2021,,2021/01/21,17:40:00,COLISIÓN POR CAMBIO DE CARRIL,ASFALTO,Bueno,Bueno,2,NISSAN,BLANCO,2,,24,MASCULINO,SIN DATOS,0,0,Morelia,Nueva Valladolid,enero,jueves,18,-101.210641935468,19.7019391204425
33105,33110,2021,,2021/01/21,18:00:00,COLISIÓN POR ALCANCE,ASFALTO,Bueno,Bueno,2,FORD,BLANCO,2,,43,MASCULINO,SIN DATOS,0,0,Morelia,Bosques de Oriente,enero,jueves,18,-101.155518486418,19.7155525588125
33106,33111,2021,,2021/01/21,20:50:00,COLISIÓN POR INVASIÓN DE CARRIL,ASFALTO,Bueno,Bueno,2,FORD,BLANCO,2,MINISTERIO PÚBLICO,29,MASCULINO,SIN DATOS,1,0,Charo,Sin datos,enero,jueves,21,-100.96263885498,19.6471877720804
33107,33112,2021,,2021/01/21,23:50:00,COLISIÓN CONTRA OBJETO FIJO,ASFALTO,Bueno,Bueno,1,NISSAN,BLANCO,1,,26,MASCULINO,SIN DATOS,0,0,Morelia,Quinceo,enero,jueves,0,-101.224192150605,19.7252557729282
33108,33113,2021,MOR210047543,2021/01/22,"04:10:00",COLISIÓN POR CORTE DE CIRCULACIÓN,CONCRETO,Bueno,Bueno,2,VOLKSWAGEN,BLANCO,2,,31,MASCULINO,SIN DATOS,0,0,Morelia,Alfonso Espinoza Guerrero (Barranca Seca),enero,viernes,4,-101.175542852798,19.6714130888068
33109,33114,2021,MOR2100508180,2021/01/22,"09:00:00",COLISIÓN POR ALCANCE,ASFALTO,Bueno,Bueno,2,CHEVROLET,PLATA,2,,25,MASCULINO,SIN DATOS,0,0,Morelia,La Esperanza,enero,viernes,9,-101.25378023833,19.6978241266611
33110,33115,2021,"210038379",2021/01/22,"09:27:00",SUBIDA AL CAMELLÓN,CONCRETO,Bueno,Bueno,1,CHEVROLET,ROJO,1,,29,MASCULINO,SIN DATOS,0,0,Morelia,Nueva Jacarndas,enero,viernes,9,-101.192010001037,19.6822598497317
33111,33116,2021,"2100",2021/01/22,11:00:00,COLISIÓN CONTRA OBJETO FIJO,ASFALTO,Bueno,Bueno,1,NISSAN,ROJO,1,,42,MASCULINO,SIN DATOS,0,0,Morelia,El Realito,enero,viernes,11,-101.203629604794,19.7256496159808
33112,33117,2021,MOR210050957,2021/01/22,11:20:00,COLISIÓN POR CORTE DE CIRCULACIÓN,ASFALTO,Bueno,Bueno,2,SEAT,VERDE,3,,61,MASCULINO,SIN DATOS,1,0,Morelia,Loma Bonita,enero,viernes,11,-101.196542263719,19.7229237672056
33113,33118,2021,"2101",2021/01/22,11:55:00,VOLCADURA,ASFALTO,Bueno,Bueno,1,FORD,BLANCO,1,,,,SIN DATOS,0,0,Morelia,Barrio Alto,enero,viernes,12,-101.196619011462,19.7248029110347
33114,33119,2021,MOR210050181,2021/01/22,13:30:00,SUBIDA AL CAMELLÓN,ASFALTO,Bueno,Bueno,1,VOLKSWAGEN,ROJO,1,,26,FEMENINO,SIN DATOS,0,0,Morelia,Campestre Los Manantiales,enero,viernes,14,-101.238139302227,19.6877991238438
33115,33120,2021,LEG35077,2021/01/22,14:05:00,COLISIÓN POR CAMBIO DE CARRIL,ASFALTO,Bueno,Bueno,2,KENWORTH,PLATA,2,,53,MASCULINO,SIN DATOS,0,0,Morelia,Sentimientos de La Nacion,enero,viernes,14,-101.236174919389,19.6832173272891
33116,33121,2021,MOR 2010,2021/01/22,14:20:00,COLISIÓN POR CAMBIO DE CARRIL,ASFALTO,Bueno,Bueno,2,VOLKSWAGEN,BLANCO,2,,22,FEMENINO,SIN DATOS,0,0,Morelia,La Esperanza,enero,viernes,14,-101.153875663877,19.6993812258258
33117,33122,2021,MOR210051676,2021/01/22,14:30:00,COLISIÓN POR ALCANCE,ASFALTO,Bueno,Bueno,2,KIA,ROJO,2,,32,FEMENINO,SIN DATOS,0,0,Morelia,Camelinas,enero,viernes,15,-101.170862428844,19.6829603876315
33118,33123,2021,MOR210051709,2021/01/22,15:24:00,COLISIÓN POR ALCANCE,ASFALTO,Bueno,Bueno,2,RENAULT,GRIS,2,,25,MASCULINO,SIN DATOS,0,0,Morelia,Del Empleado,enero,viernes,15,-101.180167042397,19.6882104500005
33119,33124,2021,LEG35090,2021/01/22,16:05:00,COLISIÓN POR INVASIÓN DE CARRIL,ASFALTO,Bueno,Bueno,2,VENTO,NEGRO/ROJO,1,,60,MASCULINO,SIN DATOS,0,0,Morelia,Eduardo Ruiz,enero,viernes,16,-101.223273676901,19.7224298983187
33120,33125,2021,MOR210052217,2021/01/22,18:30:00,SALIDA DE SUPERFICIE DE RODAMIENTO,ASFALTO,Bueno,Bueno,1,MITSUBISHI,BLANCO,0,,,,,0,0,Morelia,Lomas de Guayangareo,enero,viernes,19,-101.15946163812,19.7013587855654
33121,33126,2021,MOR210052509,2021/01/22,20:20:00,COLISIÓN CONTRA OBJETO FIJO,ASFALTO,Bueno,Bueno,3,AMERICAN,GRIS,0,MINISTERIO PÚBLICO,,,,0,0,Morelia,23 de Marzo,enero,viernes,20,-101.248516403139,19.7039369351399
33122,33127,2021,,2021/01/22,22:02:00,COLISIÓN POR ALCANCE,ASFALTO,Bueno,Bueno,2,CHEVROLET,PLATA,2,,55,MASCULINO,CON CERTIFICADO,0,0,Morelia,Granjas Unidas de Morelia,enero,viernes,22,-101.279492503538,19.6913109881482
33123,33128,2021,MOR210053147,2021/01/22,23:40:00,VOLCADURA,ASFALTO,Bueno,Bueno,1,TOYOTA,AZUL,1,,24,FEMENINO,SIN DATOS,0,0,Morelia,Melchor Ocampo,enero,viernes,0,-101.201264902271,19.7076113431174
33124,33129,2021,MOR 210053201,2021/01/23,"01:20:00",SALIDA DE SUPERFICIE DE RODAMIENTO,CONCRETO,Bueno,Bueno,2,MAZDA,ROJO,2,,37,MASCULINO,SIN DATOS,0,0,Morelia,La Loma,enero,sábado,1,-101.17911595174,19.6790972316715
33125,33130,2021,,2021/01/23,"08:45:00",COLISIÓN CON PEATÓN,ASFALTO,Bueno,Bueno,1,CHEVROLET,BLANCO,2,,33,FEMENINO,SIN DATOS,1,0,Morelia,Mariano Michelena,enero,sábado,9,-101.229870021343,19.6768883068621
33126,33131,2021,,2021/01/23,"09:15:00",COLISIÓN POR ALCANCE,ASFALTO,Bueno,Bueno,2,NISSAN,BLANCO Y NARANJA,2,,25,MASCULINO,SIN DATOS,0,0,Morelia,Granjas del Maestro,enero,sábado,9,-101.188782968305,19.7139318320927
33127,33132,2021,,2021/01/23,"09:25:00",COLISIÓN POR CORTE DE CIRCULACIÓN,ASFALTO,Bueno,Bueno,1,VOLKSWAGEN JETTA,NEGRO,1,,25,FEMENINO,SIN DATOS,0,0,Morelia,Tzindurio Norte,enero,sábado,9,-101.243840916588,19.7003871539899
33128,33133,2021,,2021/01/23,13:00:00,COLISIÓN POR CORTE DE CIRCULACIÓN,ASFALTO,Bueno,Bueno,2,ITALIKA,AMARILLO,0,MINISTERIO PÚBLICO,,,,0,0,Lázaro Cárdenas,Centro,enero,sábado,13,-102.197285115041,17.9546541285506
33129,33134,2021,,2021/01/23,13:32:00,COLISIÓN POR ALCANCE,ASFALTO,Bueno,Bueno,3,FORD,PLATA,3,MINISTERIO PÚBLICO,27,MASCULINO,SIN DATOS,0,0,Morelia,La Soledad,enero,sábado,14,-101.183309250258,19.7291436358861
33130,33135,2021,,2021/01/23,14:00:00,COLISIÓN POR CORTE DE CIRCULACIÓN,CONCRETO,Bueno,Bueno,2,FORD,BLANCO,2,,31,MASCULINO,SIN DATOS,0,0,Morelia,Vasco de Quiroga,enero,sábado,14,-101.171906783499,19.7025740036494
33131,33136,2021,,2021/01/23,14:20:00,COLISIÓN POR CAMBIO DE CARRIL,ASFALTO,Bueno,Bueno,2,HYUNDAI,GRIS,2,,21,MASCULINO,SIN DATOS,0,0,Morelia,La Loma,enero,sábado,14,-101.183545219881,19.6796960999062
33132,33137,2021,,2021/01/23,14:50:00,COLISIÓN POR CORTE DE CIRCULACIÓN,ASFALTO,Bueno,Bueno,1,DUCATI,ROJO,1,MINISTERIO PÚBLICO,,,,1,0,Charo,Sin datos,enero,sábado,15,-101.06746327132,19.6819308742395
33133,33138,2021,,2021/01/23,17:40:00,COLISIÓN CONTRA OBJETO FIJO,CONCRETO,Bueno,Bueno,1,CHEVROLET,NARANJA,1,,49,FEMENINO,ALIENTO ETÍLICO,0,0,Morelia,Buenavista,enero,sábado,18,-101.166818663478,19.7050108126431
33134,33139,2021,,2021/01/23,17:50:00,COLISIÓN CONTRA OBJETO FIJO,ASFALTO,Bueno,Bueno,2,VOLKSWAGEN,ROJO,2,,0,MASCULINO,SIN DATOS,0,0,Morelia,Buenavista,enero,sábado,18,-101.166832745075,19.7050041267547
33135,33140,2021,,2021/01/23,18:20:00,COLISIÓN POR CAMBIO DE CARRIL,ASFALTO,Bueno,Bueno,2,NISSAN,BLANCO,2,,37,MASCULINO,SIN DATOS,0,0,Morelia,Ana Maria Gallaga (Riviera Norte),enero,sábado,18,-101.22264743825,19.6768183061555
33136,33141,2021,,2021/01/23,19:30:00,COLISIÓN POR NO RESPETAR SEMÁFORO,CONCRETO,Bueno,Bueno,2,SUZUKI,ROJO,2,,25,MASCULINO,SIN DATOS,0,0,Morelia,Vasco de Quiroga,enero,sábado,20,-101.178155720912,19.69902892708
33137,33142,2021,MOR21005239,2021/01/23,20:40:00,CAIDA DE MOTOCICLETA,ASFALTO,Bueno,Bueno,1,ITALIKA,NEGRO,2,,29,MASCULINO,SIN DATOS,1,0,Morelia,Lomas del Tecnologico,enero,sábado,21,-101.188394322323,19.7211632423048
33138,33143,2021,,2021/01/23,20:50:00,VOLCADURA,ASFALTO,Bueno,Bueno,1,NISSAN,BLANCO,1,,26,MASCULINO,SIN DATOS,0,0,Los Reyes,Sin datos,enero,sábado,21,-102.508713081479,19.5575081420518
33139,33144,2021,MOR2010,2021/01/23,22:00:00,COLISIÓN CONTRA OBJETO FIJO,ASFALTO,Bueno,Bueno,1,NISSAN,BLANCO,1,,42,MASCULINO,SIN DATOS,0,0,Morelia,Hacienda del Valle,enero,sábado,22,-101.225556358695,19.6656153335306
33140,33145,2021,LEG35107,2021/01/23,22:05:00,COLISIÓN CONTRA OBJETO FIJO,CONCRETO,Bueno,Regular,2,VOLKSWAGEN,AZUL,2,,45,FEMENINO,SIN DATOS,0,0,Morelia,Vasco de Quiroga,enero,sábado,22,-101.170548275113,19.7076574548928
33141,33146,2021,MOR210053078,2021/01/23,22:50:00,COLISIÓN POR CAMBIO DE CARRIL,ASFALTO,Bueno,Bueno,2,DODGE,VERDE,2,,24,MASCULINO,SIN DATOS,0,0,Tarímbaro,Torreon Nuevo (La Reserva),enero,sábado,23,-101.193709115667,19.7482675215676
33142,33147,2021,,2021/01/23,23:25:00,COLISIÓN POR INVASIÓN DE CARRIL,ASFALTO,Bueno,Bueno,2,VOLKSWAGEN,ROJO,2,,25,MASCULINO,SIN DATOS,0,0,Morelia,Felix Ireta,enero,sábado,23,-101.192051544785,19.6823791221917
33143,33148,2021,,2021/01/24,"00:00:00",COLISIÓN POR CORTE DE CIRCULACIÓN,ASFALTO,Bueno,Bueno,2,ITALIKA,BLANCO,0,MINISTERIO PÚBLICO,,,,0,0,Lázaro Cárdenas,1Er Sect de Fidelac,enero,domingo,0,-102.193187735975,17.9602292304291
33144,33149,2021,,2021/01/24,"01:00:00",COLISIÓN POR CORTE DE CIRCULACIÓN,ASFALTO,Bueno,Bueno,2,VOLKSWAGEN,ROJO,0,MINISTERIO PÚBLICO,,,,0,0,Lázaro Cárdenas,Segundo Sector de Fidelac,enero,domingo,1,-102.202798822389,17.9614568200081
33145,33150,2021,,2021/01/24,"02:01:00",COLISIÓN POR INVASIÓN DE CARRIL,CONCRETO,Bueno,Bueno,2,NISSAN,BLANCO,3,MINISTERIO PÚBLICO,45,MASCULINO,SIN DATOS,1,0,Morelia,Valle Verde,enero,domingo,2,-101.191525657749,19.7307589462654
33146,33151,2021,,2021/01/24,"06:20:00",SALIDA DE SUPERFICIE DE RODAMIENTO,CONCRETO,Bueno,Bueno,1,NISSAN,ROJO,1,,,MASCULINO,SIN DATOS,0,0,Morelia,Ampliacion La Soledad,enero,domingo,6,-101.184975846934,19.729378438445
33147,33152,2021,LEG35113,2021/01/24,"08:15:00",COLISIÓN POR ALCANCE,ASFALTO,Bueno,Bueno,2,HONDA,CAFE COBRIZO,2,,36,MASCULINO,SIN DATOS,0,0,Morelia,Primo Tapia Oriente,enero,domingo,8,-101.156855963849,19.7146807513295
33148,33153,2021,MOR210056663,2021/01/24,"09:55:00",COLISIÓN POR NO RESPETAR SEMÁFORO,ASFALTO,Bueno,Bueno,2,DODGE,AZUL/ BLANCO,2,,29,MASCULINO,SIN DATOS,0,0,Morelia,Villas Valladolid,enero,domingo,10,-101.21744133532,19.6975567363553
33149,33154,2021,,2021/01/24,10:25:00,COLISIÓN POR ALCANCE,ASFALTO,Bueno,Bueno,2,DODGE,BLANCO,3,MINISTERIO PÚBLICO,0,,SIN DATOS,2,0,Pátzcuaro,Centro,enero,domingo,10,-101.609822595069,19.5296988380618
33150,33155,2021,MOR210056666,2021/01/24,12:00:00,VOLCADURA,ASFALTO,Bueno,Bueno,1,VOLKSWAGEN,GRIS,0,MINISTERIO PÚBLICO,,,,0,0,Tzitzio,Sin datos,enero,domingo,12,-100.81578053534,19.3318619607003
33151,33156,2021,,2021/01/24,13:00:00,COLISIÓN POR NO RESPETAR SEMÁFORO,CONCRETO,Bueno,Bueno,2,NISSAN,BLANCO,2,,29,MASCULINO,SIN DATOS,0,0,Morelia,Vasco de Quiroga,enero,domingo,13,-101.178154684603,19.6990282670839
33152,33157,2021,,2021/01/24,23:45:00,SALIDA DE SUPERFICIE DE RODAMIENTO,ASFALTO,Bueno,Bueno,1,DODGE,BLANCO,1,,20,MASCULINO,SIN DATOS,0,0,Peribán,Sin datos,enero,domingo,0,-102.445292584598,19.5530341570859
33153,33158,2021,MOR210058828,2021/01/25,"00:35:00",COLISIÓN CONTRA OBJETO FIJO,ASFALTO,Bueno,Bueno,2,SEAT,BLANCO,2,,24,FEMENINO,SIN DATOS,0,0,Morelia,Balcones de Morelia,enero,lunes,1,-101.201869405085,19.6735302099086
33154,33159,2021,MOR210058788,2021/01/25,"01:45:00",VOLCADURA,ASFALTO,Bueno,Bueno,1,SUZUKI,GRIS,1,,0,,SIN DATOS,0,0,Morelia,Josefa Ortiz de Dominguez,enero,lunes,2,-101.209148585128,19.6720489253673
33155,33160,2021,MOR210058805,2021/01/25,"03:30:00",SALIDA DE SUPERFICIE DE RODAMIENTO,ASFALTO,Bueno,Bueno,1,MERCEDEZ BENZ,BLANCO,1,,37,MASCULINO,ALIENTO ETÍLICO,0,0,Morelia,Nueva Valladolid,enero,lunes,4,-101.211171435,19.7020055149992
33156,33161,2021,MOR210053201,2021/01/25,"04:40:00",VOLCADURA,ASFALTO,Bueno,Bueno,1,FIAT,ROJO,0,,,,,0,0,Morelia,Nueva Valladolid,enero,lunes,5,-101.210751906037,19.6951567176249
33157,33162,2021,,2021/01/25,"08:30:00",COLISIÓN POR CAMBIO DE CARRIL,ASFALTO,Bueno,Bueno,2,FIAT,BLANCO,2,,26,MASCULINO,SIN DATOS,0,0,Morelia,La Colina,enero,lunes,9,-101.216139092353,19.7038804347148
33158,33163,2021,,2021/01/25,"08:40:00",COLISIÓN POR CORTE DE CIRCULACIÓN,CONCRETO,Bueno,Bueno,2,YAMAHA YB125,AZUL/GRIS,2,,31,MASCULINO,SIN DATOS,0,0,Morelia,La Colina,enero,lunes,9,-101.215538487631,19.7057864736237
33159,33164,2021,,2021/01/25,"08:50:00",COLISIÓN CONTRA OBJETO FIJO,TERRACERIA,Bueno,Bueno,2,CHEVROLET,AZUL,2,,30,FEMENINO,SIN DATOS,0,0,Morelia,La Palma,enero,lunes,9,-101.253176565,19.7125981599991
33160,33165,2021,,2021/01/25,"09:00:00",SALIDA DE SUPERFICIE DE RODAMIENTO,ASFALTO,Bueno,Bueno,1,HONDA,ROJO,1,,0,,SIN DATOS,0,0,Morelia,Dr Miguel Silva,enero,lunes,9,-101.187927793444,19.7204887484457
33161,33166,2021,,2021/01/25,"09:05:00",COLISIÓN POR CORTE DE CIRCULACIÓN,ASFALTO,Bueno,Bueno,2,VENTO,ROJO C/GRIS,2,MINISTERIO PÚBLICO,,,SIN DATOS,0,0,Tacámbaro,Sin datos,enero,lunes,9,-101.465846076608,19.2623418405038
33162,33167,2021,,2021/01/25,10:20:00,COLISIÓN POR ALCANCE,ASFALTO,Bueno,Bueno,2,FORD,BLANCO,2,,51,MASCULINO,SIN DATOS,0,0,Morelia,San Rafael,enero,lunes,10,-101.152337704762,19.6999683672239
33164,33169,2021,,2021/01/25,12:40:00,COLISIÓN POR ALCANCE,CONCRETO,Bueno,Bueno,2,HONDA CIVIC,GUINDA,2,,33,FEMENINO,SIN DATOS,0,0,Morelia,Nueva Valladolid,enero,lunes,13,-101.214162415,19.7004326249991
33166,33171,2021,,2021/01/25,14:10:00,COLISIÓN POR CORTE DE CIRCULACIÓN,CONCRETO,Bueno,Bueno,2,VOLKSWAGEN,AZUL,2,,25,MASCULINO,SIN DATOS,0,0,Morelia,Ejidal Ocolusen,enero,lunes,14,-101.15463354,19.6845198449991
33167,33172,2021,,2021/01/25,16:30:00,COLISIÓN POR INVASIÓN DE CARRIL,ASFALTO,Bueno,Bueno,2,JEEP,GRIS,2,MINISTERIO PÚBLICO,27,MASCULINO,SIN DATOS,0,0,Tacámbaro,Sin datos,enero,lunes,17,-101.44390691749,19.1833594631775
33168,33173,2021,,2021/01/25,16:50:00,COLISIÓN POR CORTE DE CIRCULACIÓN,ASFALTO,Bueno,Bueno,2,NISSAN,BLANCO,2,,0,MASCULINO,SIN DATOS,0,0,Morelia,Cuauhtemoc,enero,lunes,17,-101.17854569,19.6974281599991
33169,33174,2021,,2021/01/25,17:35:00,COLISIÓN POR CORTE DE CIRCULACIÓN,ASFALTO,Bueno,Bueno,2,HONDA/CARGO,BLANCO,2,MINISTERIO PÚBLICO,32,MASCULINO,SIN DATOS,0,0,Morelia,Industrial,enero,lunes,18,-101.189085515637,19.7123104021622
33170,33175,2021,,2021/01/25,23:25:00,COLISIÓN CONTRA OBJETO FIJO,SIN_DATOS,Bueno,Bueno,3,MITSUBISHI,NEGRO,3,MINISTERIO PÚBLICO,49,MASCULINO,SIN DATOS,0,0,Morelia,Santa Maria de Guido,enero,lunes,23,-101.192113936615,19.6748028199355
33171,33176,2021,"210107",2021/01/26,"09:37:00",COLISIÓN POR CORTE DE CIRCULACIÓN,CONCRETO,Bueno,Bueno,2,NISSAN,AZUL,2,,54,MASCULINO,SIN DATOS,0,0,Morelia,Ilustres Novohispanos,enero,martes,10,-101.150994331333,19.7106720801415
33172,33177,2021,MOR210061669,2021/01/26,10:45:00,COLISIÓN POR ALCANCE,ASFALTO,Bueno,Bueno,2,PULSAR,ROJO,2,,33,MASCULINO,SIN DATOS,0,0,Morelia,Independencia,enero,martes,11,-101.177836473269,19.7192722900728
33173,33178,2021,,2021/01/26,11:30:00,COLISIÓN POR ALCANCE,ASFALTO,Bueno,Bueno,2,FORD,BLANCO,2,MINISTERIO PÚBLICO,,,SIN DATOS,0,0,Tacámbaro,Sin datos,enero,martes,12,-101.425506323576,19.3293448836389
33174,33179,2021,MOR2100061949,2021/01/26,11:46:00,COLISIÓN POR CORTE DE CIRCULACIÓN,ASFALTO,Bueno,Regular,2,FORD,BLANCO,2,,32,MASCULINO,SIN DATOS,0,0,Morelia,Felix Ireta,enero,martes,12,-101.180515537388,19.6869864178168
33175,33180,2021,,2021/01/26,12:15:00,COLISIÓN POR ALCANCE,ASFALTO,Bueno,Bueno,2,VOLKSWAGEN,ROJO,2,,41,FEMENINO,SIN DATOS,0,0,Morelia,La Quemada,enero,martes,12,-101.241321377456,19.700843901542
33176,33181,2021,LEG35144,2021/01/26,13:00:00,COLISIÓN POR ALCANCE,ASFALTO,Bueno,Bueno,2,NISSAN,NEGRO,2,,43,MASCULINO,ALIENTO ETÍLICO,0,0,Morelia,Ana Maria Gallaga (Riviera Norte),enero,martes,13,-101.223123229362,19.676776894073
33177,33182,2021,MOR210062075,2021/01/26,13:15:00,COLISIÓN POR ALCANCE,ASFALTO,Bueno,Bueno,2,NISSAN,PLATA,2,,22,MASCULINO,SIN DATOS,0,0,Morelia,El Eden,enero,martes,13,-101.253779232502,19.642247109532
33178,33183,2021,"210156",2021/01/26,15:50:00,COLISIÓN POR CAMBIO DE CARRIL,ASFALTO,Bueno,Bueno,2,DODGE,ROJO,2,,64,MASCULINO,SIN DATOS,0,0,Morelia,Central de Abastos,enero,martes,16,-101.16869956255,19.7170107253764
33179,33184,2021,MOR2101,2021/01/26,16:50:00,COLISIÓN POR CORTE DE CIRCULACIÓN,ASFALTO,Bueno,Bueno,2,NISSAN,BLANCO,2,,59,MASCULINO,SIN DATOS,0,0,Morelia,Clara Cordova Moran,enero,martes,17,-101.182029108187,19.7324135589747
33180,33185,2021,LEG35145,2021/01/26,17:00:00,COLISIÓN POR CORTE DE CIRCULACIÓN,SIN_DATOS,Bueno,Bueno,2,NISSAN,BLANCO,2,MINISTERIO PÚBLICO,38,MASCULINO,SIN DATOS,0,0,Morelia,Sin datos,enero,martes,17,-101.340104788542,19.6856887827824
33181,33186,2021,MOR210062774,2021/01/26,17:20:00,COLISIÓN CONTRA OBJETO FIJO,CONCRETO,Bueno,Bueno,2,DODGE,ARENA,2,,,FEMENINO,SIN DATOS,0,0,Morelia,Felix Ireta,enero,martes,17,-101.187140506067,19.6873021752535
33182,33187,2021,MOR210452178,2021/01/27,"07:40:00",SUBIDA AL CAMELLÓN,ASFALTO,Bueno,Bueno,1,CHEVROLET,CAFE,1,,51,MASCULINO,SIN DATOS,0,0,Morelia,Peña Blanca,enero,miércoles,8,-101.192724413492,19.6669425877574
33183,33188,2021,,2021/01/27,"08:00:00",COLISIÓN CONTRA OBJETO FIJO,CONCRETO,Bueno,Bueno,1,NISSAN,BLANCO,1,,50,MASCULINO,SIN DATOS,0,0,Morelia,Mirador del Valle,enero,miércoles,8,-101.193846725882,19.6554145492529
33184,33189,2021,,2021/01/27,13:20:00,COLISIÓN POR ALCANCE,CONCRETO,Bueno,Bueno,2,FORD/LOBO,ROJO,2,MINISTERIO PÚBLICO,52,MASCULINO,SIN DATOS,0,0,Morelia,Americas Britania,enero,miércoles,13,-101.147006861866,19.6910530570697
33185,33190,2021,MOR210062355,2021/01/27,14:10:00,COLISIÓN POR ALCANCE,ASFALTO,Bueno,Bueno,2,VOLKSWAGEN,PLATA,2,,54,MASCULINO,SIN DATOS,0,0,Morelia,Ferrocarrilero,enero,miércoles,14,-101.218324452639,19.6967489095827
33186,33191,2021,,2021/01/27,14:20:00,COLISIÓN CON PEATÓN,ASFALTO,Bueno,Bueno,2,CADILLAC,NEGRO,2,,28,MASCULINO,SIN DATOS,0,0,Morelia,Loma de Los Piñones,enero,miércoles,14,-101.202687174082,19.6756791496401