fid,id_accidente,anio_origen,folio_c5i,dia_incidente,hora_ocurrencia,tipo_incidente_vial,superficie_ocurrencia,condiciones_climaticas,condiciones_via,numero_vehiculos_involucrados,marca_vehiculo_ocasiona_siniestro,color_vehiculo_ocasiona_siniestro,numero_personas_involucradas,lugar_remite_presunto_responsable,edad_presunto_responsable,sexo_presunto_responsable,resultados_toxicologia,numero_personas_lesionadas,numero_personas_fallecidas,municipio,colonia,mes,dia_semana,hora_redondeada,lon,lat
33187,33192,2021,,2021/01/27,14:40:00,COLISIÓN POR ALCANCE,ASFALTO,Bueno,Bueno,2,NISSAN NP 300,BLANCO,2,,69,MASCULINO,SIN DATOS,0,0,Morelia,Isaac Arriaga,enero,miércoles,15,-101.168722056531,19.7122842892409
33188,33193,2021,,2021/01/27,15:15:00,COLISIÓN CONTRA OBJETO FIJO,CONCRETO,Bueno,Bueno,1,KENWORTH,BLANCO,1,,27,MASCULINO,SIN DATOS,0,0,Morelia,Central de Abastos,enero,miércoles,15,-101.171474212504,19.7161136170036
33189,33194,2021,,2021/01/27,16:20:00,COLISIÓN POR INVASIÓN DE CARRIL,ASFALTO,Bueno,Bueno,2,CHEVROLET,ROJO,2,MINISTERIO PÚBLICO,0,,SIN DATOS,1,0,Morelia,Sin datos,enero,miércoles,16,-101.088613830507,19.7356807096999
33190,33195,2021,,2021/01/27,18:20:00,COLISIÓN POR CORTE DE CIRCULACIÓN,ASFALTO,Bueno,Bueno,2,VOLKSWAGEN,GRIS,2,,48,MASCULINO,SIN DATOS,0,0,Morelia,Ana Maria Gallaga (Riviera Norte),enero,miércoles,18,-101.222767867148,19.6767989642575
33191,33196,2021,,2021/01/27,18:40:00,COLISIÓN POR CORTE DE CIRCULACIÓN,ASFALTO,Bueno,Bueno,2,JEEP,NEGRO,2,MINISTERIO PÚBLICO,31,MASCULINO,SIN DATOS,0,0,Morelia,Comision Federal de Electricidad,enero,miércoles,19,-101.175830520011,19.6867586501995
33192,33197,2021,,2021/01/27,19:15:00,COLISIÓN POR CORTE DE CIRCULACIÓN,CONCRETO,Bueno,Bueno,2,CHEVROLET,NEGRO,2,,26,FEMENINO,SIN DATOS,0,0,Morelia,Villas del Pedregal,enero,miércoles,19,-101.309027008044,19.6733546870774
33193,33198,2021,,2021/01/27,19:40:00,COLISIÓN POR INVASIÓN DE CARRIL,ASFALTO,Bueno,Bueno,2,VOLKSWAGEN,NEGRO,2,,30,MASCULINO,SIN DATOS,0,0,Morelia,Cosmos,enero,miércoles,20,-101.216412982478,19.6833445485714
33194,33199,2021,,2021/01/27,21:00:00,COLISIÓN POR ALCANCE,ASFALTO,Bueno,Bueno,2,NISSAN,TITANIO,2,,57,MASCULINO,SIN DATOS,0,0,Morelia,Loma de Los Piñones,enero,miércoles,21,-101.203690655529,19.6749707447544
33195,33200,2021,MOR210063567,2021/01/27,22:20:00,COLISIÓN POR MANIOBRA DE REVERSA,CONCRETO,Bueno,Bueno,2,NISSAN,BLANCO,2,,27,MASCULINO,SIN DATOS,0,0,Morelia,Ferrocarrilero,enero,miércoles,22,-101.223609235,19.6918737849991
33196,33201,2021,,2021/01/28,"07:00:00",COLISIÓN CONTRA OBJETO FIJO,CONCRETO,Bueno,Bueno,1,NISSAN HURBAN,BLANCO/NARANJA,0,,,,,0,0,Morelia,Lomas de Vista Bella,enero,jueves,7,-101.197472319685,19.6709725881136
33197,33202,2021,LEG35169,2021/01/28,10:18:00,COLISIÓN POR ALCANCE,ASFALTO,Bueno,Bueno,2,TOYOTA,BLANCO Y ROSA,2,,26,MASCULINO,SIN DATOS,0,0,Morelia,Fracc Heroes Republicanos,enero,jueves,10,-101.278161183,19.6917967744335
33198,33203,2021,MOR210066912,2021/01/28,11:00:00,COLISIÓN POR CORTE DE CIRCULACIÓN,CONCRETO,Bueno,Bueno,2,TOYOTA,GRIS,2,,34,MASCULINO,SIN DATOS,0,0,Morelia,Cosmos,enero,jueves,11,-101.218271783806,19.6857074366487
33199,33204,2021,,2021/01/28,11:00:00,COLISIÓN POR ALCANCE,ASFALTO,Bueno,Regular,2,DODGE RAM,AZUL CON BLANCO,0,MINISTERIO PÚBLICO,,,,0,0,Nuevo Urecho,Sin datos,enero,jueves,11,-101.908311657608,19.2079325444301
33200,33205,2021,MOR 210067725,2021/01/28,14:15:00,COLISIÓN POR CORTE DE CIRCULACIÓN,ASFALTO,Bueno,Bueno,2,VOLKSWAGEN,NEGRO,2,MINISTERIO PÚBLICO,22,MASCULINO,SIN DATOS,0,0,Morelia,Isaac Arriaga,enero,jueves,14,-101.171408258378,19.7077325192074
33201,33206,2021,MOR210067397,2021/01/28,14:20:00,COLISIÓN POR CORTE DE CIRCULACIÓN,CONCRETO,Bueno,Bueno,2,HONDA,ROJO,2,,,,SIN DATOS,1,0,Morelia,Chapultepec Norte,enero,jueves,14,-101.173365265131,19.6937497478421
33202,33207,2021,LEG35166,2021/01/28,14:20:00,COLISIÓN POR CORTE DE CIRCULACIÓN,ASFALTO,Bueno,Bueno,2,TOYOTA,BLANCO,2,,49,MASCULINO,SIN DATOS,0,0,Morelia,Chapultepec Sur,enero,jueves,14,-101.176903769374,19.6931570715042
33203,33208,2021,LEG35172,2021/01/28,15:10:00,COLISIÓN POR ALCANCE,CONCRETO,Bueno,Bueno,2,FORD,GRIS,2,,48,MASCULINO,SIN DATOS,0,0,Morelia,Agustin Arriaga Rivera,enero,jueves,15,-101.222353435375,19.6928830157047
33204,33209,2021,MOR210067530,2021/01/28,15:10:00,COLISIÓN POR CORTE DE CIRCULACIÓN,ASFALTO,Bueno,Bueno,2,VOLKSWAGEN,ROJO,2,,56,MASCULINO,SIN DATOS,0,0,Morelia,Felix Ireta,enero,jueves,15,-101.184177523985,19.6890073573387
33205,33210,2021,LEG35167,2021/01/28,16:30:00,COLISIÓN POR MANIOBRA DE REVERSA,ASFALTO,Bueno,Bueno,2,CHEVROLET,GRIS,2,,21,MASCULINO,SIN DATOS,0,0,Morelia,Cuauhtemoc,enero,jueves,17,-101.179074253077,19.6947633637719
33206,33211,2021,MOR21067907,2021/01/28,16:30:00,COLISIÓN POR ALCANCE,CONCRETO,Bueno,Bueno,2,CHEVROLET,PLATA,2,,33,FEMENINO,SIN DATOS,0,0,Morelia,Vista Bella,enero,jueves,17,-101.197658001698,19.6777707094946
33207,33212,2021,MOR 210067968,2021/01/28,18:00:00,COLISIÓN CON PEATÓN,ASFALTO,Bueno,Bueno,1,SE DESCONOCE,SE DESCONOCE,2,,0,,SIN DATOS,1,0,Morelia,Clara Cordova Moran,enero,jueves,18,-101.180791753018,19.737450197724
33208,33213,2021,MOR210068372,2021/01/28,19:35:00,COLISIÓN POR CAMBIO DE CARRIL,ASFALTO,Bueno,Bueno,2,CHRYSLER,BLANCO,2,MINISTERIO PÚBLICO,52,MASCULINO,SIN DATOS,0,0,Morelia,Irrigacion,enero,jueves,20,-101.22501316721,19.7047074662051
33209,33214,2021,MOR210068381,2021/01/28,20:35:00,COLISIÓN POR CORTE DE CIRCULACIÓN,ASFALTO,Bueno,Bueno,2,ITALIKA,AZUL,1,MINISTERIO PÚBLICO,,,,1,0,Morelia,Granjas Unidas de Morelia,enero,jueves,21,-101.279490583323,19.691310041139
33210,33215,2021,,2021/01/29,"00:00:00",COLISIÓN POR ALCANCE,ASFALTO,Bueno,Bueno,2,HONDA CIVIC,VERDE,2,,63,FEMENINO,SIN DATOS,0,0,Morelia,Isaac Arriaga,enero,viernes,0,-101.173878539064,19.7098514781792
33211,33216,2021,MOR210068966,2021/01/29,"05:45:00",SALIDA DE SUPERFICIE DE RODAMIENTO,ASFALTO,Bueno,Bueno,1,TOYOTA,BLANCO,0,,,,,0,0,Morelia,Real Santa Rita,enero,viernes,6,-101.221828799181,19.6749232074263
33212,33217,2021,,2021/01/29,"08:37:00",COLISIÓN CONTRA OBJETO FIJO,ASFALTO,Bueno,Bueno,2,CHRYSLER,VINO,2,,34,MASCULINO,SIN DATOS,0,0,Morelia,Los Angeles,enero,viernes,9,-101.167963479351,19.7444751194994
33213,33218,2021,,2021/01/29,10:30:00,COLISIÓN POR CORTE DE CIRCULACIÓN,TERRACERIA,Bueno,Bueno,2,SIN MARCA,ROJO,2,MINISTERIO PÚBLICO,24,MASCULINO,SIN DATOS,0,0,Morelia,Independencia,enero,viernes,11,-101.177325168862,19.712097629132
33214,33219,2021,,2021/01/29,10:45:00,COLISIÓN POR CORTE DE CIRCULACIÓN,ASFALTO,Bueno,Bueno,2,CHEVROLET,AZUL,2,,37,MASCULINO,SIN DATOS,0,0,Morelia,Leandro Valle,enero,viernes,11,-101.23158913,19.7244475849991
33215,33220,2021,,2021/01/29,15:07:00,COLISIÓN POR CORTE DE CIRCULACIÓN,CONCRETO,Bueno,Bueno,2,NISSAN,BLANCO Y ROJO,2,,0,,SIN DATOS,0,0,Morelia,Ilustres Novohispanos,enero,viernes,15,-101.152,19.7108
33217,33222,2021,,2021/01/29,16:30:00,COLISIÓN POR CORTE DE CIRCULACIÓN,ASFALTO,Bueno,Bueno,2,ITALIKA SPTFIRE,VERDE,2,MINISTERIO PÚBLICO,29,MASCULINO,SIN DATOS,0,0,Morelia,Americas Britania,enero,viernes,17,-101.146,19.6922
33218,33223,2021,,2021/01/29,16:35:00,COLISIÓN POR CORTE DE CIRCULACIÓN,ASFALTO,Bueno,Regular,2,ITALIKA,AMARILLO,3,MINISTERIO PÚBLICO,26,MASCULINO,SIN DATOS,1,0,Lagunillas,Oriente,enero,viernes,17,-101.414146802641,19.559221148758
33219,33224,2021,MOR2100675880,2021/01/29,17:30:00,COLISIÓN POR ALCANCE,ASFALTO,Bueno,Bueno,2,CHEVROLET,AZUL,2,,30,MASCULINO,SIN DATOS,0,0,Morelia,Industrial,enero,viernes,18,-101.197897084057,19.7068320607265
33220,33225,2021,,2021/01/29,17:53:00,SALIDA DE SUPERFICIE DE RODAMIENTO,ASFALTO,Bueno,Bueno,1,HONDA,GRIS,1,MINISTERIO PÚBLICO,0,,SIN DATOS,0,0,Tarímbaro,Sin datos,enero,viernes,18,-101.088384135879,19.7964083288766
33221,33226,2021,,2021/01/29,19:05:00,COLISIÓN POR CAMBIO DE CARRIL,CONCRETO,Bueno,Bueno,2,NISSAN,BLANCO/ROSA,2,,54,MASCULINO,SIN DATOS,0,0,Morelia,Las Cruces,enero,viernes,19,-101.266517795,19.6973471099991
33223,33228,2021,,2021/01/29,20:30:00,COLISIÓN CON PEATÓN,ASFALTO,Bueno,Bueno,1,NISSAN,ARENA,2,,44,MASCULINO,SIN DATOS,1,0,Morelia,Cuauhtemoc,enero,viernes,21,-101.17854569,19.6974281599991
33224,33229,2021,,2021/01/29,22:30:00,COLISIÓN POR CAMBIO DE CARRIL,ASFALTO,Bueno,Bueno,2,HONDA/ACCORD,ARENA,2,,36,MASCULINO,SIN DATOS,0,0,Morelia,Villas Lomas del Paraiso,enero,viernes,23,-101.183243326701,19.6753951296653
33225,33230,2021,,2021/01/30,"03:40:00",SALIDA DE SUPERFICIE DE RODAMIENTO,ASFALTO,Bueno,Bueno,1,TOYOTA,BLANCO,1,,0,,SIN DATOS,0,0,Morelia,Sin datos,enero,sábado,4,-101.127314357593,19.7138753638827
33226,33231,2021,,2021/01/30,"08:10:00",COLISIÓN POR CORTE DE CIRCULACIÓN,ASFALTO,Bueno,Bueno,2,ITALIKA,NEGRO/VERDE,1,,31,MASCULINO,SIN DATOS,0,0,Jacona,Sin datos,enero,sábado,8,-102.337170392275,19.932486070469
33227,33232,2021,,2021/01/30,"09:30:00",VOLCADURA,ASFALTO,Bueno,Bueno,1,DODGE,BLANCO,1,,37,MASCULINO,SIN DATOS,0,0,Morelia,Clara Cordova Moran,enero,sábado,10,-101.18080199442,19.7374523493949
33228,33233,2021,,2021/01/30,10:15:00,COLISIÓN POR ALCANCE,ASFALTO,Bueno,Bueno,4,VOLKSWAGEN,BLANCO,4,,34,MASCULINO,SIN DATOS,0,0,Morelia,Lomas de Morelia (Dr Ignacio Chavez),enero,sábado,10,-101.174991720103,19.7170864739157
33229,33234,2021,MOR210072069,2021/01/30,11:02:00,COLISIÓN POR CORTE DE CIRCULACIÓN,ASFALTO,Bueno,Bueno,2,KENWORTH,AZUL,2,,45,MASCULINO,SIN DATOS,0,0,Morelia,Dr Miguel Silva,enero,sábado,11,-101.187927793444,19.7204887484457
33230,33235,2021,LEG35207,2021/01/30,12:00:00,COLISIÓN POR ALCANCE,ASFALTO,Bueno,Bueno,2,RENAULT,GRIS,2,,40,FEMENINO,SIN DATOS,0,0,Morelia,Santillan La Huerta,enero,sábado,12,-101.219553885717,19.6760966650679
33231,33236,2021,MOR210071815,2021/01/30,12:30:00,COLISIÓN POR INVASIÓN DE CARRIL,ASFALTO,Bueno,Bueno,2,VOLKSWAGEN,GRIS,2,,37,MASCULINO,SIN DATOS,0,0,Morelia,Clara Cordova Moran,enero,sábado,13,-101.180781207311,19.7374540133577
33232,33237,2021,MOR 210072305,2021/01/30,12:40:00,COLISIÓN CONTRA OBJETO FIJO,ASFALTO,Bueno,Bueno,1,PEUGEOT,NEGRO,1,,33,FEMENINO,SIN DATOS,0,0,Morelia,Vistas de Altozano,enero,sábado,13,-101.167,19.6551
33233,33238,2021,"210072568",2021/01/30,13:00:00,COLISIÓN POR ALCANCE,ASFALTO,Bueno,Bueno,1,VOLKSWAGEN,PLATA,2,,27,FEMENINO,SIN DATOS,0,0,Morelia,El Lago 1,enero,sábado,13,-101.216335622487,19.7307987163553
33234,33239,2021,MOR210072629,2021/01/30,14:40:00,COLISIÓN POR ALCANCE,ASFALTO,Bueno,Bueno,2,CHEVROLET,GRIS OSCURO,2,,48,MASCULINO,SIN DATOS,0,0,Morelia,Dr Miguel Silva,enero,sábado,15,-101.187927793444,19.7204887484457
33235,33240,2021,,2021/01/30,14:49:00,VOLCADURA,ASFALTO,Bueno,Bueno,1,ISUZU,BLANCO,1,,31,MASCULINO,SIN DATOS,0,0,Morelia,Clara Cordova Moran,enero,sábado,15,-101.180806749247,19.7374444886182
33236,33241,2021,,2021/01/30,17:00:00,COLISIÓN CON PEATÓN,SIN_DATOS,Bueno,Bueno,2,DODGE,GUINDA,0,MINISTERIO PÚBLICO,,,,0,0,Lázaro Cárdenas,El Sembrador,enero,sábado,17,-102.206933081828,17.9726667808368
33237,33242,2021,,2021/01/30,18:00:00,COLISIÓN POR CORTE DE CIRCULACIÓN,ASFALTO,Bueno,Bueno,2,NISSAN,BLANCO CON AZUL,0,MINISTERIO PÚBLICO,,,,0,0,Lázaro Cárdenas,El Sembrador,enero,sábado,18,-102.204903929747,17.9702975384686
33238,33243,2021,,2021/01/30,21:25:00,COLISIÓN POR CORTE DE CIRCULACIÓN,ASFALTO,Bueno,Bueno,2,SIN DATOS,SIN DATOS,1,MINISTERIO PÚBLICO,23,MASCULINO,SIN DATOS,0,0,Morelia,Valle de Altozano,enero,sábado,21,-101.164806336164,19.6654514171708
33239,33244,2021,MOR 210074054,2021/01/30,23:30:00,COLISIÓN CONTRA OBJETO FIJO,ASFALTO,Bueno,Regular,1,VOLKSWAGEN,GRIS PLATA,1,,30,MASCULINO,SIN DATOS,0,0,Morelia,Cañada del Bosque,enero,sábado,0,-101.09547620131,19.729760852575
33240,33245,2021,MOR200763456,2021/01/31,"00:00:00",COLISIÓN POR ALCANCE,ASFALTO,Bueno,Bueno,2,HONDA,BEIGE,2,MINISTERIO PÚBLICO,26,MASCULINO,SIN DATOS,0,0,Morelia,Cosmos,enero,domingo,0,-101.218920954689,19.6840718148917
33241,33246,2021,,2021/01/31,"08:16:00",COLISIÓN CONTRA OBJETO FIJO,CONCRETO,Bueno,Bueno,1,ITALIKA,VERDE,1,,27,MASCULINO,SIN DATOS,0,0,Morelia,Centenario (Alamos),enero,domingo,8,-101.168168860201,19.7262173773043
33242,33247,2021,,2021/01/31,13:50:00,COLISIÓN POR ALCANCE,ASFALTO,Bueno,Bueno,2,DODGE,ARENA,2,,51,MASCULINO,SIN DATOS,0,0,Morelia,Centro,enero,domingo,14,-101.18218963,19.7028850649992
33243,33248,2021,,2021/01/31,15:00:00,COLISIÓN POR CORTE DE CIRCULACIÓN,CONCRETO,Bueno,Bueno,2,MANDE ROVER,BLANCO,2,,36,,SIN DATOS,0,0,Morelia,Ilustres Novohispanos,enero,domingo,15,-101.152,19.7108
33244,33249,2021,,2021/01/31,16:30:00,COLISIÓN CONTRA OBJETO FIJO,ASFALTO,Bueno,Regular,1,NISSAN,PLATA,1,,36,,ALIENTO ETÍLICO,0,0,Morelia,Jesus del Monte,enero,domingo,17,-101.154211082822,19.6509234359309
33245,33250,2021,,2021/01/31,19:10:00,COLISIÓN POR MANIOBRA DE REVERSA,ASFALTO,Bueno,Bueno,2,NISSAN,PLATA,2,,45,MASCULINO,SIN DATOS,0,0,Morelia,Tinijaro,enero,domingo,19,-101.26316,19.6963297049991
33246,33251,2021,"210808401",2021/01/31,22:15:00,COLISIÓN CONTRA OBJETO FIJO,ASFALTO,Bueno,Bueno,2,NISSAN,BLANCO,1,,49,MASCULINO,ALIENTO ETÍLICO,0,0,Morelia,Indeco El Vivero,enero,domingo,22,-101.230286120312,19.6793258035144
33247,33252,2021,,2021/01/31,22:50:00,COLISIÓN POR CORTE DE CIRCULACIÓN,ASFALTO,Bueno,Bueno,1,CHEVROLET,GRIS,1,,23,MASCULINO,SIN DATOS,0,0,Morelia,Justo Mendoza,enero,domingo,23,-101.230276318269,19.712793964837
33248,33253,2021,LEG35208,2021/01/31,23:30:00,VOLCADURA,ASFALTO,Bueno,Bueno,1,NISSAN,BLANCO,1,,0,,SIN DATOS,0,0,Morelia,Bosques Tres Marias,enero,domingo,0,-101.102,19.7232
33249,33254,2021,MOR210074098,2021/01/31,23:56:00,SUBIDA AL CAMELLÓN,ASFALTO,Bueno,Bueno,1,CHEVROLET,BLANCO,0,,,,,0,0,Morelia,Tinijaro,enero,domingo,0,-101.26316,19.6963297049991
33250,33255,2021,,2021/02/01,"04:10:00",SALIDA DE SUPERFICIE DE RODAMIENTO,ASFALTO,Bueno,Bueno,1,VOLKSWAGEN,AZUL,0,,,,,0,0,Morelia,Clara Cordova Moran,febrero,lunes,4,-101.180806413971,19.7374384639335
33251,33256,2021,,2021/02/01,"08:31:00",COLISIÓN POR CORTE DE CIRCULACIÓN,ASFALTO,Bueno,Bueno,2,VOLKSWAGEN,GRIS,2,MINISTERIO PÚBLICO,38,FEMENINO,SIN DATOS,0,0,Tarímbaro,Centro,febrero,lunes,9,-101.176869,19.792979
33252,33257,2021,MOR210077562,2021/02/01,10:30:00,COLISIÓN CONTRA OBJETO FIJO,ASFALTO,Bueno,Bueno,1,CHEVROLET,AZUL,4,MINISTERIO PÚBLICO,,,,4,0,Morelia,Hacienda del Valle,febrero,lunes,11,-101.225663951861,19.6655382690397
33253,33258,2021,LEG35223,2021/02/01,11:55:00,COLISIÓN POR CORTE DE CIRCULACIÓN,ASFALTO,Bueno,Bueno,2,VOLKSWAGEN,AZUL,2,,34,MASCULINO,SIN DATOS,0,0,Morelia,Ciudad Industrial,febrero,lunes,12,-101.138929237086,19.7279522026559
33254,33259,2021,,2021/02/01,12:50:00,COLISIÓN POR MANIOBRA DE REVERSA,CONCRETO,Bueno,Bueno,2,FRAIGTHALINER,BLANCO,1,MINISTERIO PÚBLICO,37,MASCULINO,SIN DATOS,0,0,Pátzcuaro,Emiliano Zapata,febrero,lunes,13,-101.614050194621,19.5265946421978
33255,33260,2021,,2021/02/01,13:30:00,COLISIÓN CONTRA OBJETO FIJO,CONCRETO,Bueno,Bueno,1,POLARIS,BLANCO/ROJO/NEGRO,1,,16,MASCULINO,SIN DATOS,0,0,Huandacareo,Sin datos,febrero,lunes,14,-101.253749057651,19.9784433705068
33256,33261,2021,LEG35227,2021/02/01,14:15:00,COLISIÓN CON PEATÓN,SIN_DATOS,Bueno,Bueno,1,NISSAN,BLANCO,1,,58,MASCULINO,SIN DATOS,0,0,Morelia,Valle de Altozano,febrero,lunes,14,-101.164807006717,19.6654549762066
33257,33262,2021,MOR210078417,2021/02/01,15:20:00,COLISIÓN POR CAMBIO DE CARRIL,CONCRETO,Bueno,Bueno,2,ITALIKA,ROJO Y NEGRO,0,MINISTERIO PÚBLICO,,,,0,0,Morelia,Nueva Chapultepec,febrero,lunes,15,-101.170561046087,19.6872128251207
33258,33263,2021,MOR210078670,2021/02/01,16:25:00,COLISIÓN POR ALCANCE,ASFALTO,Bueno,Bueno,2,CHEVROLET,GRIS,2,,35,MASCULINO,SIN DATOS,0,0,Morelia,Felix Arreguin,febrero,lunes,16,-101.227941817857,19.7192207032261
33259,33264,2021,"210077730",2021/02/01,16:37:00,COLISIÓN POR CORTE DE CIRCULACIÓN,ASFALTO,Bueno,Bueno,2,NISSAN,GRIS,2,,26,MASCULINO,SIN DATOS,0,0,Morelia,Defensores De Puebla,febrero,lunes,17,-101.23945721172,19.7132592622694
33260,33265,2021,MOR210078693,2021/02/01,17:45:00,COLISIÓN CONTRA OBJETO FIJO,ASFALTO,Bueno,Bueno,1,FORD,BLANCO,1,,40,MASCULINO,SIN DATOS,0,0,Tarímbaro,Sin datos,febrero,lunes,18,-101.1622582376,19.7647874110301
33261,33266,2021,MOR210078952,2021/02/01,19:02:00,COLISIÓN POR ALCANCE,ASFALTO,Bueno,Bueno,2,NISSAN,GRIS,2,,34,MASCULINO,SIN DATOS,0,0,Morelia,Hacienda Corralejo,febrero,lunes,19,-101.235818771099,19.7312548005241
33262,33267,2021,"210",2021/02/01,20:45:00,CAIDA DE MOTOCICLETA,ASFALTO,Bueno,Bueno,1,ITALIKA,BLANCO Y ROJO,1,,,,,1,0,Morelia,Jardines del Rincon,febrero,lunes,21,-101.153343611144,19.6872424988325
33263,33268,2021,MOR210079249,2021/02/01,20:55:00,COLISIÓN CON PEATÓN,ASFALTO,Bueno,Bueno,1,VOLKSWAGEN,ROJO,1,,48,MASCULINO,SIN DATOS,0,0,Morelia,Sin datos,febrero,lunes,21,-101.167730614543,19.6558946402344
33264,33269,2021,MOR210079502,2021/02/01,22:15:00,COLISIÓN POR NO RESPETAR SEMÁFORO,ASFALTO,Bueno,Bueno,2,PEOGEOT,NEGRO,2,,40,MASCULINO,SIN DATOS,0,0,Morelia,Jardines de La Loma,febrero,lunes,22,-101.225631460547,19.6768384839463
33265,33270,2021,MOR210079497,2021/02/01,22:25:00,CAIDA DE MOTOCICLETA,ASFALTO,Bueno,Bueno,1,BAJAJ,NEGRO Y AZUL,1,MINISTERIO PÚBLICO,,,,0,1,Morelia,Sin datos,febrero,lunes,22,-101.313893906772,19.6522651161539
33266,33271,2021,MOR210079589,2021/02/01,23:24:00,COLISIÓN CONTRA OBJETO FIJO,ASFALTO,Bueno,Bueno,2,FIAT,BLANCO,2,,,MASCULINO,SIN DATOS,0,0,Morelia,Juarez,febrero,lunes,23,-101.195457980725,19.6933631439352
33267,33272,2021,,2021/02/02,"02:00:00",COLISIÓN POR CORTE DE CIRCULACIÓN,ASFALTO,Bueno,Bueno,2,ITALIKA,NEGRO,0,MINISTERIO PÚBLICO,,,,0,0,Lázaro Cárdenas,1Er Sect de Fidelac,febrero,martes,2,-102.197972065344,17.964970823787
33268,33273,2021,LEG35238,2021/02/02,"03:50:00",SALIDA DE SUPERFICIE DE RODAMIENTO,TERRACERIA,Bueno,Bueno,1,CHRYSLER,GRANITO,1,,42,MASCULINO,CON CERTIFICADO,0,0,Morelia,La Calera,febrero,martes,4,-101.238204681061,19.6741606802307
33269,33274,2021,,2021/02/02,"07:10:00",COLISIÓN CON PEATÓN,ASFALTO,Bueno,Bueno,1,FORD,BLANCO,2,,24,MASCULINO,SIN DATOS,1,0,Morelia,Primo Tapia,febrero,martes,7,-101.211713843721,19.7090478319841
33270,33275,2021,,2021/02/02,"07:40:00",COLISIÓN POR CAMBIO DE CARRIL,ASFALTO,Bueno,Bueno,2,KENWORTH,BLANCO,2,,45,MASCULINO,SIN DATOS,0,0,Morelia,Tzindurio de Morelos,febrero,martes,8,-101.24331895262,19.6995643049357
33271,33276,2021,,2021/02/02,"08:15:00",COLISIÓN POR CORTE DE CIRCULACIÓN,CONCRETO,Bueno,Bueno,2,CHEVROLET,ROJO,2,,45,MASCULINO,SIN DATOS,0,0,Morelia,Centro,febrero,martes,8,-101.177794933319,19.7032507218053
33272,33277,2021,,2021/02/02,"09:05:00",COLISIÓN POR CORTE DE CIRCULACIÓN,CONCRETO,Bueno,Bueno,2,HONDA,ROJO,2,,36,FEMENINO,SIN DATOS,0,0,Morelia,Felix Ireta,febrero,martes,9,-101.188376601034,19.682212950362
33273,33278,2021,,2021/02/02,10:35:00,COLISIÓN POR CORTE DE CIRCULACIÓN,ASFALTO,Bueno,Bueno,2,NISSAN,GRIS,2,,35,MASCULINO,SIN DATOS,0,0,Morelia,Villas del Real,febrero,martes,11,-101.199035681784,19.733135777555
33274,33279,2021,,2021/02/02,12:10:00,COLISIÓN POR ALCANCE,ASFALTO,Bueno,Bueno,2,CHEVROLET,BLANCO,2,,50,MASCULINO,SIN DATOS,0,0,Morelia,Felicitas del Rio,febrero,martes,12,-101.199091002345,19.6902013764903
33275,33280,2021,,2021/02/02,12:30:00,COLISIÓN CONTRA OBJETO FIJO,CONCRETO,Bueno,Bueno,2,NISSAN,BLANCO,2,,0,,SIN DATOS,0,0,Morelia,Obrera,febrero,martes,13,-101.180261895061,19.7115993455504
33276,33281,2021,,2021/02/02,13:40:00,COLISIÓN POR ALCANCE,ASFALTO,Bueno,Bueno,2,CHEVROLET,BLANCO,2,,42,FEMENINO,SIN DATOS,0,0,Morelia,Alberto Oviedo Mota,febrero,martes,14,-101.195878314109,19.6824578090148
33277,33282,2021,,2021/02/02,15:15:00,COLISIÓN POR CORTE DE CIRCULACIÓN,ASFALTO,Bueno,Bueno,2,VOLKSWAGEN,NEGRO,2,MINISTERIO PÚBLICO,24,FEMENINO,SIN DATOS,0,0,Morelia,Buenavista,febrero,martes,15,-101.167321242392,19.709477352917
33278,33283,2021,,2021/02/02,16:00:00,COLISIÓN POR CORTE DE CIRCULACIÓN,ASFALTO,Bueno,Bueno,1,INTERNATIONAL,BLANCO,1,,38,MASCULINO,SIN DATOS,0,0,Morelia,Fovissste La Huerta,febrero,martes,16,-101.210754131048,19.6951526427143
33279,33284,2021,,2021/02/02,16:55:00,COLISIÓN POR ALCANCE,ASFALTO,Bueno,Bueno,2,VOLKSWAGEN,VERDE,2,,44,MASCULINO,SIN DATOS,0,0,Morelia,Morelia 450,febrero,martes,17,-101.217508725822,19.6757259594165
33280,33285,2021,,2021/02/02,17:30:00,SALIDA DE SUPERFICIE DE RODAMIENTO,ASFALTO,Bueno,Bueno,1,NISSAN,BLANCO,1,,26,MASCULINO,ALIENTO ETÍLICO,0,0,Morelia,Sin datos,febrero,martes,18,-101.270379245579,19.6298995909826
33281,33286,2021,,2021/02/02,17:40:00,COLISIÓN POR CAMBIO DE CARRIL,ASFALTO,Bueno,Bueno,2,SEAT,BLANCO,2,,38,MASCULINO,SIN DATOS,0,0,Morelia,Jardines del Rincon,febrero,martes,18,-101.150378368117,19.690667967609
33282,33287,2021,,2021/02/02,17:43:00,COLISIÓN POR CORTE DE CIRCULACIÓN,ASFALTO,Bueno,Bueno,1,FORD,ROJO,1,,,MASCULINO,SIN DATOS,0,0,Morelia,El Eden,febrero,martes,18,-101.247654103421,19.6487584242593
33283,33288,2021,,2021/02/02,18:30:00,COLISIÓN POR INVASIÓN DE CARRIL,CONCRETO,Bueno,Bueno,2,CHEVROLET,BLANCO CON VERDE,2,,22,MASCULINO,SIN DATOS,0,0,Morelia,Colinas del Sur,febrero,martes,19,-101.199486323379,19.6603584745403