fid,id_accidente,anio_origen,folio_c5i,dia_incidente,hora_ocurrencia,tipo_incidente_vial,superficie_ocurrencia,condiciones_climaticas,condiciones_via,numero_vehiculos_involucrados,marca_vehiculo_ocasiona_siniestro,color_vehiculo_ocasiona_siniestro,numero_personas_involucradas,lugar_remite_presunto_responsable,edad_presunto_responsable,sexo_presunto_responsable,resultados_toxicologia,numero_personas_lesionadas,numero_personas_fallecidas,municipio,colonia,mes,dia_semana,hora_redondeada,lon,lat
33284,33289,2021,,2021/02/02,19:50:00,COLISIÓN CONTRA OBJETO FIJO,ASFALTO,Bueno,Bueno,1,CHEVROLET,VERDE,1,,27,MASCULINO,CON CERTIFICADO,0,0,Morelia,Irrigacion,febrero,martes,20,-101.22501049868,19.704709000534
33285,33290,2021,MOR210326745,2021/02/02,20:16:00,SALIDA DE SUPERFICIE DE RODAMIENTO,ASFALTO,Bueno,Bueno,1,FREIGHTLINER,ROJO,1,,52,MASCULINO,SIN DATOS,0,0,Morelia,Cosmos,febrero,martes,20,-101.219115777618,19.6861646472594
33286,33291,2021,NOR210079557,2021/02/02,22:50:00,COLISIÓN POR CORTE DE CIRCULACIÓN,ASFALTO,Bueno,Bueno,2,MISUBISHI,PLATA,2,,27,MASCULINO,ALIENTO ETÍLICO,0,0,Morelia,Primo Tapia,febrero,martes,23,-101.211796626449,19.7090815475182
33287,33292,2021,,2021/02/03,"00:20:00",SALIDA DE SUPERFICIE DE RODAMIENTO,ASFALTO,Bueno,Bueno,1,VOLKSWAGEN,BLANCO,1,,20,MASCULINO,SIN DATOS,0,0,Morelia,Centro,febrero,miércoles,0,-101.189483634449,19.6983567824227
33288,33293,2021,,2021/02/03,"02:00:00",COLISIÓN POR CORTE DE CIRCULACIÓN,ASFALTO,Bueno,Bueno,2,ITALIKA,NEGRO,0,MINISTERIO PÚBLICO,,,,0,0,Lázaro Cárdenas,Napoleon Gomez Sada,febrero,miércoles,2,-102.227403335273,17.9778803125894
33289,33294,2021,MOR210082306,2021/02/03,"09:10:00",COLISIÓN POR CORTE DE CIRCULACIÓN,CONCRETO,Bueno,Bueno,2,NISSAN,ROJO/BLANCO,2,,49,MASCULINO,SIN DATOS,0,0,Morelia,Fidel Velazquez,febrero,miércoles,9,-101.235177442431,19.7043949351344
33290,33295,2021,LEG35270,2021/02/03,10:30:00,COLISIÓN POR CORTE DE CIRCULACIÓN,ASFALTO,Bueno,Bueno,1,FORD,GUINDA,2,,41,MASCULINO,SIN DATOS,1,0,Tarímbaro,Sin datos,febrero,miércoles,11,-101.162258542396,19.7647873823452
33291,33296,2021,MOR210082772,2021/02/03,12:12:00,COLISIÓN POR CORTE DE CIRCULACIÓN,ASFALTO,Bueno,Bueno,2,TOYOTA,BLANCO/ROSA,2,,50,MASCULINO,SIN DATOS,0,0,Tarímbaro,Torreon Nuevo (La Reserva),febrero,miércoles,12,-101.191848702729,19.7481538940212
33292,33297,2021,,2021/02/03,13:15:00,VOLCADURA,ASFALTO,Bueno,Bueno,1,JEEP,VERDE,0,,,,,0,0,Morelia,La Joya,febrero,miércoles,13,-101.196752311887,19.6643824077274
33293,33298,2021,LEG35277,2021/02/03,13:30:00,COLISIÓN POR CORTE DE CIRCULACIÓN,ASFALTO,Bueno,Bueno,2,VOLKSWAGEN,BLANCO,2,,45,FEMENINO,SIN DATOS,0,0,Morelia,Enrique Ramirez,febrero,miércoles,14,-101.165854744613,19.7098520099256
33294,33299,2021,LEG35272,2021/02/03,15:25:00,COLISIÓN POR ALCANCE,CONCRETO,Bueno,Bueno,2,RENAULT,ROJO,2,,30,MASCULINO,SIN DATOS,0,0,Morelia,Jardines de Torremolinos,febrero,miércoles,15,-101.225701563739,19.6786082786062
33295,33300,2021,LEG35271,2021/02/03,16:15:00,CAIDA DE MOTOCICLETA,ASFALTO,Bueno,Bueno,1,HONDA,BLANCO,2,,,,SIN DATOS,1,0,Morelia,Praderas de La Loma,febrero,miércoles,16,-101.190884951689,19.6563109731063
33296,33301,2021,MOR210083420,2021/02/03,16:55:00,COLISIÓN POR ALCANCE,ASFALTO,Bueno,Bueno,2,HONDA,NARANJA,1,,46,FEMENINO,SIN DATOS,0,0,Morelia,Vasco de Quiroga,febrero,miércoles,17,-101.168318658389,19.6966662069102
33297,33302,2021,MOR210083604,2021/02/03,18:03:00,COLISIÓN POR MANIOBRA DE REVERSA,ASFALTO,Bueno,Bueno,2,HONDA,AZUL,2,,32,MASCULINO,SIN DATOS,0,0,Morelia,Centro,febrero,miércoles,18,-101.203714155339,19.7025861991178
33298,33303,2021,MOR210083724,2021/02/03,18:45:00,COLISIÓN CON PEATÓN,ASFALTO,Bueno,Bueno,1,ITALIKA,NEGRO,1,,40,MASCULINO,SIN DATOS,0,0,Morelia,Asociacion Zirahuen,febrero,miércoles,19,-101.250220276415,19.6986956816476
33299,33304,2021,MOR20001234,2021/02/03,20:20:00,COLISIÓN POR ALCANCE,ASFALTO,Bueno,Bueno,3,SE DESCONOCE,SE DESCONOCE,3,,0,,SIN DATOS,0,0,Morelia,Diego Rivera,febrero,miércoles,20,-101.175933419302,19.7181684404669
33300,33305,2021,,2021/02/04,"07:20:00",COLISIÓN POR CAMBIO DE CARRIL,ASFALTO,Bueno,Regular,2,TOYOTA,BLANCO,2,MINISTERIO PÚBLICO,27,MASCULINO,SIN DATOS,0,0,Tocumbo,Sin datos,febrero,jueves,7,-102.48012073338,19.7151337279828
33301,33306,2021,,2021/02/04,10:20:00,COLISIÓN POR CORTE DE CIRCULACIÓN,ASFALTO,Bueno,Bueno,2,NISSAN,NEGRO,2,MINISTERIO PÚBLICO,35,MASCULINO,SIN DATOS,0,0,Morelia,El Realito,febrero,jueves,10,-101.204297474839,19.7257304100648
33302,33307,2021,,2021/02/04,11:40:00,COLISIÓN POR ALCANCE,ASFALTO,Bueno,Bueno,2,FREIGHTLINER,AZUL,2,,,MASCULINO,SIN DATOS,0,0,Morelia,Enrique Ramirez,febrero,jueves,12,-101.165146001362,19.7092324495189
33303,33308,2021,,2021/02/04,12:24:00,COLISIÓN POR CAMBIO DE CARRIL,ASFALTO,Bueno,Bueno,2,FREIGHTLINER,BLANCO,2,,20,MASCULINO,SIN DATOS,0,0,Morelia,Division del Norte,febrero,jueves,12,-101.164559237659,19.7108564088648
33304,33309,2021,,2021/02/04,13:00:00,COLISIÓN POR ALCANCE,ASFALTO,Bueno,Bueno,2,NISSAN,BLANCO,2,,33,MASCULINO,SIN DATOS,0,0,Morelia,Industrial,febrero,jueves,13,-101.188636056401,19.710810527559
33305,33310,2021,,2021/02/04,15:30:00,COLISIÓN POR ALCANCE,ASFALTO,Bueno,Bueno,2,NISSAN,BLANCO,2,,33,MASCULINO,SIN DATOS,0,0,Morelia,Clara Cordova Moran,febrero,jueves,16,-101.181057174161,19.7373423832809
33306,33311,2021,,2021/02/04,15:40:00,COLISIÓN POR CORTE DE CIRCULACIÓN,CONCRETO,Bueno,Bueno,2,HONDA,ROJO,2,,19,MASCULINO,SIN DATOS,0,0,Morelia,Mariano Escobedo,febrero,jueves,16,-101.213369711555,19.7215581283512
33307,33312,2021,,2021/02/04,15:45:00,COLISIÓN POR CORTE DE CIRCULACIÓN,ASFALTO,Bueno,Bueno,2,VOLKSWAGEN,BLANCO,2,,56,MASCULINO,SIN DATOS,0,0,Morelia,Las Americas,febrero,jueves,16,-101.158965521239,19.6880076137959
33308,33313,2021,,2021/02/04,17:00:00,COLISIÓN POR INVASIÓN DE CARRIL,ASFALTO,Bueno,Bueno,2,CRRYSLER,BEIGE,2,MINISTERIO PÚBLICO,18,FEMENINO,SIN DATOS,0,0,Morelia,Tzindurio Norte,febrero,jueves,17,-101.24475762248,19.7037074611831
33309,33314,2021,,2021/02/04,17:20:00,COLISIÓN POR CORTE DE CIRCULACIÓN,CONCRETO,Bueno,Bueno,2,FORD,BLANCO,2,,47,FEMENINO,SIN DATOS,0,0,Morelia,Primavera,febrero,jueves,17,-101.149181127548,19.7063874106761
33310,33315,2021,,2021/02/04,18:00:00,COLISIÓN POR CORTE DE CIRCULACIÓN,ASFALTO,Bueno,Bueno,2,FORD,BLANCO AZUL,2,,58,MASCULINO,SIN DATOS,0,0,Morelia,Josefa Ortiz de Dominguez,febrero,jueves,18,-101.213116943836,19.673142934894
33311,33316,2021,,2021/02/04,19:10:00,COLISIÓN POR CORTE DE CIRCULACIÓN,ASFALTO,Bueno,Bueno,2,NISSAN,NEGRO,2,,38,MASCULINO,SIN DATOS,0,0,Morelia,Gertrudis Sanchez,febrero,jueves,19,-101.200378458668,19.7394165524615
33312,33317,2021,,2021/02/05,"00:00:00",COLISIÓN POR CORTE DE CIRCULACIÓN,ASFALTO,Bueno,Bueno,2,PONTIAC,gris,0,MINISTERIO PÚBLICO,,,,0,0,Lázaro Cárdenas,1Er Sect de Fidelac,febrero,viernes,0,-102.197937257588,17.9649223464465
33313,33318,2021,,2021/02/05,"03:00:00",SUBIDA AL CAMELLÓN,ASFALTO,Bueno,Bueno,1,NISSAN,BLANCO Y ROJO,1,,49,MASCULINO,SIN DATOS,0,0,Morelia,Felix Arreguin,febrero,viernes,3,-101.225685862916,19.7226897567313
33314,33319,2021,LEG35300,2021/02/05,10:00:00,CAIDA DE MOTOCICLETA,ASFALTO,Bueno,Bueno,1,SUZUKI,NEGRO,2,,42,MASCULINO,SIN DATOS,1,0,Tarímbaro,Sin datos,febrero,viernes,10,-101.162266619503,19.7646561527432
33315,33320,2021,LEG35296,2021/02/05,10:15:00,SALIDA DE SUPERFICIE DE RODAMIENTO,ASFALTO,Bueno,Bueno,1,FORD,GRIS,1,,20,MASCULINO,SIN DATOS,0,0,Morelia,Sin datos,febrero,viernes,10,-101.403003290974,19.7914241236517
33316,33321,2021,MOR210087877,2021/02/05,14:11:00,COLISIÓN POR NO RESPETAR SEMÁFORO,ASFALTO,Bueno,Bueno,2,HONDA,GRIS,2,,23,FEMENINO,SIN DATOS,0,0,Morelia,Avicola Benito Juarez,febrero,viernes,14,-101.279384605587,19.6914704299825
33317,33322,2021,LEG35297,2021/02/05,15:40:00,COLISIÓN POR MANIOBRA DE REVERSA,ADOQUIN_EMPEDRADO,Bueno,Bueno,2,HONDA,AZUL,2,,58,FEMENINO,SIN DATOS,0,0,Morelia,Centro,febrero,viernes,16,-101.196065318173,19.7048359177892
33318,33323,2021,MOR210088138,2021/02/05,15:46:00,COLISIÓN POR ALCANCE,ASFALTO,Bueno,Bueno,2,CHEVROLET,COBRE,2,,77,MASCULINO,SIN DATOS,0,0,Morelia,Granjas del Maestro,febrero,viernes,16,-101.188861666753,19.714292562489
33319,33324,2021,LEG35302,2021/02/05,15:50:00,COLISIÓN POR CAMBIO DE CARRIL,ASFALTO,Bueno,Bueno,2,TOYOTA,BLANCO/GRIS,2,,46,MASCULINO,SIN DATOS,0,0,Morelia,Cinco de Diciembre,febrero,viernes,16,-101.165739074349,19.6844998383116
33320,33325,2021,MOR210088276,2021/02/05,16:40:00,COLISIÓN POR CAMBIO DE CARRIL,ASFALTO,Bueno,Bueno,3,MERCEDES BENZ,PLATA/NARANJA,3,,38,MASCULINO,SIN DATOS,0,0,Morelia,Jardines de La Loma,febrero,viernes,17,-101.225633472204,19.6767048287237
33321,33326,2021,,2021/02/05,16:40:00,COLISIÓN POR CORTE DE CIRCULACIÓN,ASFALTO,Bueno,Bueno,2,SCHWINN,ROJO,4,MINISTERIO PÚBLICO,80,MASCULINO,SIN DATOS,1,1,Coeneo,Sin datos,febrero,viernes,17,-101.666174629197,19.774126665574
33322,33327,2021,LEG35305,2021/02/05,17:30:00,CAIDA DE MOTOCICLETA,ASFALTO,Bueno,Bueno,1,CARABELA,AZUL,1,,24,MASCULINO,ALIENTO ETÍLICO,0,0,Morelia,Sin datos,febrero,viernes,18,-101.167741038573,19.6558715625443
33323,33328,2021,,2021/02/05,19:45:00,COLISIÓN POR ALCANCE,ASFALTO,Bueno,Bueno,0,,,0,,,,,0,0,Morelia,Irrigacion,febrero,viernes,20,-101.225130527533,19.7046803056862
33324,33329,2021,MOR210088764,2021/02/05,19:45:00,COLISIÓN POR ALCANCE,ASFALTO,Bueno,Bueno,2,ITALIKA,BLANCO,2,,41,MASCULINO,SIN DATOS,0,0,Morelia,Tinijaro,febrero,viernes,20,-101.26316,19.6963297049991
33325,33330,2021,,2021/02/06,"02:00:00",COLISIÓN CONTRA OBJETO FIJO,ASFALTO,Bueno,Bueno,1,CHEVROLET,BLANCO,0,MINISTERIO PÚBLICO,,,,0,0,Lázaro Cárdenas,1Er Sect de Fidelac,febrero,sábado,2,-102.195736230766,17.9605233783607
33326,33331,2021,MOR210089286,2021/02/06,"06:40:00",COLISIÓN POR CAMBIO DE CARRIL,ASFALTO,Bueno,Bueno,2,FREIGHTLINER,BLANCO,2,MINISTERIO PÚBLICO,30,MASCULINO,SIN DATOS,0,0,Morelia,Canteras de Morelia,febrero,sábado,7,-101.173394595228,19.7162164079331
33327,33332,2021,,2021/02/06,"08:30:00",COLISIÓN POR ALCANCE,ASFALTO,Bueno,Bueno,2,VOLKSWAGEN,NEGRO,2,,30,MASCULINO,ALIENTO ETÍLICO,0,0,Morelia,Ana Maria Gallaga (Riviera Norte),febrero,sábado,9,-101.222812794149,19.6767935973857
33328,33333,2021,,2021/02/06,"08:40:00",COLISIÓN POR INVASIÓN DE CARRIL,CONCRETO,Bueno,Bueno,2,ITALIKA,GRAFITO,2,,42,MASCULINO,SIN DATOS,0,0,Tarímbaro,Club Erandeni,febrero,sábado,9,-101.181713305414,19.7592302376082
33329,33334,2021,,2021/02/06,"09:05:00",COLISIÓN POR ALCANCE,ASFALTO,Bueno,Bueno,2,FORD,ROJO,2,,42,MASCULINO,SIN DATOS,0,0,Morelia,Campestre Los Manantiales,febrero,sábado,9,-101.238337755203,19.6882344700521
33330,33335,2021,,2021/02/06,10:10:00,SALIDA DE SUPERFICIE DE RODAMIENTO,ASFALTO,Bueno,Bueno,1,RENAULT,BEIGE,1,,34,FEMENINO,SIN DATOS,0,0,Morelia,La Esperanza,febrero,sábado,10,-101.153385703543,19.6989729701311
33331,33336,2021,,2021/02/06,11:49:00,COLISIÓN POR CORTE DE CIRCULACIÓN,ASFALTO,Bueno,Bueno,2,CHEVROLET,ARENA METALICO,2,,32,FEMENINO,SIN DATOS,0,0,Morelia,Felix Ireta,febrero,sábado,12,-101.190807975161,19.6884524584071
33332,33337,2021,,2021/02/06,12:00:00,COLISIÓN POR ALCANCE,ASFALTO,Bueno,Bueno,2,VOLKSWAGEN,BLANCO,2,,29,FEMENINO,SIN DATOS,0,0,Morelia,Clara Cordova Moran,febrero,sábado,12,-101.182868910792,19.732397330532
33333,33338,2021,,2021/02/06,12:24:00,COLISIÓN POR ALCANCE,ASFALTO,Bueno,Bueno,2,VOLKSWAGEN,NEGRO,2,,55,FEMENINO,SIN DATOS,0,0,Morelia,Colinas del Sur,febrero,sábado,12,-101.200888478622,19.6663487215633
33334,33339,2021,,2021/02/06,12:30:00,COLISIÓN POR CAMBIO DE CARRIL,ASFALTO,Bueno,Bueno,2,CHRYSLER,GRIS,2,,86,MASCULINO,SIN DATOS,0,0,Morelia,Ventura Puente,febrero,sábado,13,-101.191924139857,19.69241912856
33335,33340,2021,,2021/02/06,13:20:00,COLISIÓN POR CAMBIO DE CARRIL,ASFALTO,Bueno,Bueno,2,IZUZU,BLANCO,2,,20,MASCULINO,SIN DATOS,0,0,Morelia,Nueva Valladolid,febrero,sábado,13,-101.210651993752,19.7020566278314
33337,33342,2021,,2021/02/06,16:48:00,COLISIÓN POR CAMBIO DE CARRIL,ASFALTO,Bueno,Bueno,2,HONDA,PLATA,2,MINISTERIO PÚBLICO,0,MASCULINO,SIN DATOS,0,0,Morelia,Independencia,febrero,sábado,17,-101.175420721142,19.7115701067529
33338,33343,2021,,2021/02/06,17:30:00,COLISIÓN POR CORTE DE CIRCULACIÓN,CONCRETO,Bueno,Bueno,2,NISSAN,BLANCO,2,MINISTERIO PÚBLICO,51,MASCULINO,SIN DATOS,0,0,Morelia,Americas Britania,febrero,sábado,18,-101.147512427784,19.69133492165
33339,33344,2021,,2021/02/06,18:00:00,COLISIÓN POR CORTE DE CIRCULACIÓN,ASFALTO,Bueno,Bueno,2,WOLKSWAGEN,GRIS,0,MINISTERIO PÚBLICO,,,,0,0,Lázaro Cárdenas,1Er Sect de Fidelac,febrero,sábado,18,-102.19568825581,17.9620682485823
33340,33345,2021,,2021/02/06,18:10:00,COLISIÓN CONTRA OBJETO FIJO,CONCRETO,Bueno,Bueno,1,TOYOTA,BLANCO,2,,22,MASCULINO,SIN DATOS,1,0,Tarímbaro,Club Erandeni,febrero,sábado,18,-101.181783890789,19.7592357793936
33341,33346,2021,,2021/02/06,19:20:00,COLISIÓN POR CORTE DE CIRCULACIÓN,CONCRETO,Bueno,Bueno,2,YAMAHA,BLANCO CON NEGRO,2,,29,MASCULINO,SIN DATOS,0,0,Morelia,Villas Valladolid,febrero,sábado,19,-101.218967847526,19.6958499962981
33342,33347,2021,,2021/02/06,19:40:00,COLISIÓN POR CORTE DE CIRCULACIÓN,ASFALTO,Bueno,Bueno,2,VW,ROJO,2,,20,FEMENINO,SIN DATOS,0,0,Morelia,Las Americas,febrero,sábado,20,-101.150976066391,19.6897100718398
33343,33348,2021,,2021/02/06,20:00:00,COLISIÓN CON PEATÓN,ASFALTO,Bueno,Bueno,1,GENERAL MOTORS,AZUL,2,,45,MASCULINO,SIN DATOS,1,0,Morelia,Sin datos,febrero,sábado,20,-101.270468973302,19.7929590302306
33344,33349,2021,,2021/02/06,22:00:00,COLISIÓN POR INVASIÓN DE CARRIL,ASFALTO,Bueno,Bueno,2,HONDA,VINO,2,,26,MASCULINO,ALIENTO ETÍLICO,0,0,Morelia,Comision Federal de Electricidad,febrero,sábado,22,-101.176469251513,19.6841627744385
33345,33350,2021,,2021/02/07,"00:05:00",COLISIÓN POR CORTE DE CIRCULACIÓN,CONCRETO,Bueno,Bueno,2,VOLKSWAGEN,AZUL,2,,31,FEMENINO,SIN DATOS,0,0,Morelia,Centro,febrero,domingo,0,-101.193555989728,19.6961364725462
33346,33351,2021,,2021/02/07,"00:25:00",SUBIDA AL CAMELLÓN,ASFALTO,Bueno,Regular,1,JEEP,GINDA,1,,0,,SIN DATOS,0,0,Tarímbaro,Sin datos,febrero,domingo,0,-101.177808344364,19.7522100472586
33347,33352,2021,,2021/02/07,"03:00:00",COLISIÓN POR CAMBIO DE CARRIL,ASFALTO,Nublado,Bueno,1,CHEVROLET,BLANCO,1,,28,MASCULINO,SIN DATOS,0,0,Morelia,Montaña Monarca,febrero,domingo,3,-101.16414450109,19.6652108378149
33348,33353,2021,,2021/02/07,"09:35:00",COLISIÓN CONTRA OBJETO FIJO,TERRACERIA,Bueno,Bueno,1,FORD,BLANCO,0,,,,,0,0,Morelia,Puerto de Buenavista,febrero,domingo,10,-101.124746508218,19.6866939647404
33349,33354,2021,LEG35334,2021/02/07,12:45:00,COLISIÓN POR CORTE DE CIRCULACIÓN,ASFALTO,Bueno,Bueno,2,NISSAN,BLANCO,2,,24,MASCULINO,SIN DATOS,0,0,Morelia,El Lago 1,febrero,domingo,13,-101.212174147367,19.7266017842889
33350,33355,2021,LEG35333,2021/02/07,16:20:00,COLISIÓN POR MANIOBRA DE REVERSA,ASFALTO,Bueno,Bueno,2,NISSAN,PLATA,2,,36,MASCULINO,SIN DATOS,0,0,Tarímbaro,Galaxias Tarimbaro,febrero,domingo,16,-101.196730323136,19.7628447142349
33351,33356,2021,,2021/02/07,16:20:00,VOLCADURA,ASFALTO,Bueno,Bueno,1,TOYOTA,NEGRO,1,MINISTERIO PÚBLICO,,,SIN DATOS,0,0,Tacámbaro,Sin datos,febrero,domingo,16,-101.421948708594,19.2479857346348
33352,33357,2021,,2021/02/07,19:50:00,COLISIÓN POR ALCANCE,ASFALTO,Bueno,Bueno,2,VOLKSWAGEN,BLANCO,2,,34,MASCULINO,SIN DATOS,0,0,Morelia,Irrigacion,febrero,domingo,20,-101.225515119731,19.7045915811804
33353,33358,2021,,2021/02/07,20:20:00,SALIDA DE SUPERFICIE DE RODAMIENTO,ASFALTO,Bueno,Bueno,1,HONDA,AZUL,1,MINISTERIO PÚBLICO,,,SIN DATOS,0,0,Tacámbaro,Sin datos,febrero,domingo,20,-101.439099758863,19.3175812420271
33354,33359,2021,,2021/02/07,21:35:00,COLISIÓN POR CORTE DE CIRCULACIÓN,ASFALTO,Bueno,Bueno,2,GENERAL MOTORS,AZUL,2,,28,MASCULINO,SIN DATOS,0,0,Morelia,Eduardo Ruiz,febrero,domingo,22,-101.223257705569,19.7223875781045
33355,33360,2021,MOR 210,2021/02/07,21:45:00,COLISIÓN CONTRA OBJETO FIJO,CONCRETO,Bueno,Bueno,2,JEEP,PLATA,2,,56,FEMENINO,CON CERTIFICADO,0,0,Morelia,Lomas de Morelia (Dr Ignacio Chavez),febrero,domingo,22,-101.175397343255,19.7145163687224
33356,33361,2021,,2021/02/08,11:55:00,COLISIÓN POR CORTE DE CIRCULACIÓN,ASFALTO,Bueno,Bueno,3,CHEVROLET,ROJO,6,MINISTERIO PÚBLICO,66,MASCULINO,SIN DATOS,3,0,Morelia,El Eden,febrero,lunes,12,-101.254533742186,19.6458726207089
33357,33362,2021,,2021/02/08,12:25:00,COLISIÓN POR CORTE DE CIRCULACIÓN,CONCRETO,Bueno,Bueno,2,VOLKSWAGEN GOL,ROJO,2,MINISTERIO PÚBLICO,30,MASCULINO,SIN DATOS,0,0,Morelia,Felix Ireta,febrero,lunes,12,-101.1919749,19.6869904499991
33358,33363,2021,,2021/02/08,15:24:00,COLISIÓN POR CORTE DE CIRCULACIÓN,ASFALTO,Bueno,Bueno,2,CHEVROLET,NEGRO,2,,23,MASCULINO,SIN DATOS,0,0,Morelia,Ventura Puente,febrero,lunes,15,-101.187182954235,19.6926426896116
33359,33364,2021,,2021/02/08,16:00:00,CAIDA DE MOTOCICLETA,ASFALTO,Bueno,Bueno,1,HONDA,BLANCO,1,,,MASCULINO,SIN DATOS,0,0,Morelia,Villas Lomas del Paraiso,febrero,lunes,16,-101.183243326701,19.6753951296653
33360,33365,2021,,2021/02/08,16:30:00,COLISIÓN POR CAMBIO DE CARRIL,CONCRETO,Bueno,Bueno,2,NISSAN/TSURU,BLANCO,2,,19,MASCULINO,SIN DATOS,0,0,Morelia,Francisco Javier Mina,febrero,lunes,17,-101.217034378109,19.7132463771981
33361,33366,2021,,2021/02/08,17:20:00,COLISIÓN POR CORTE DE CIRCULACIÓN,ASFALTO,Bueno,Bueno,2,NISSAN,BLANCO Y CAFE,2,,69,MASCULINO,SIN DATOS,0,0,Morelia,Enrique Ramirez,febrero,lunes,17,-101.165651847052,19.7086881668769
33362,33367,2021,,2021/02/08,17:20:00,COLISIÓN POR CORTE DE CIRCULACIÓN,ASFALTO,Bueno,Bueno,2,YAMAHA,COBRE,2,,19,MASCULINO,SIN DATOS,0,0,Tocumbo,Sector Cultural(Santa Clara),febrero,lunes,17,-102.49008181759,19.6325392395835
33363,33368,2021,,2021/02/08,17:30:00,COLISIÓN POR CAMBIO DE CARRIL,ASFALTO,Bueno,Bueno,2,NISSAN,AZUL,2,,41,MASCULINO,SIN DATOS,0,0,Morelia,Tinijaro,febrero,lunes,18,-101.26316,19.6963297049991
33364,33369,2021,,2021/02/08,17:41:00,COLISIÓN POR CORTE DE CIRCULACIÓN,ASFALTO,Bueno,Bueno,2,NISSAN,VERDE,2,MINISTERIO PÚBLICO,,,SIN DATOS,0,0,Tacámbaro,Sin datos,febrero,lunes,18,-101.449034020983,19.1930612882107
33365,33370,2021,,2021/02/08,19:11:00,COLISIÓN CON PEATÓN,ASFALTO,Bueno,Bueno,1,ITALIKA,ROJO Y NEGRO,2,MINISTERIO PÚBLICO,27,MASCULINO,SIN DATOS,1,0,Morelia,Buenos Aires,febrero,lunes,19,-101.194913076768,19.6573891928199
33366,33371,2021,,2021/02/08,20:41:00,COLISIÓN POR ALCANCE,ASFALTO,Bueno,Bueno,4,NISSAN,PLATA,4,,25,MASCULINO,ALIENTO ETÍLICO,0,0,Morelia,Santillan La Huerta,febrero,lunes,21,-101.219553885717,19.6760966650679
33367,33372,2021,,2021/02/08,21:00:00,COLISIÓN POR CORTE DE CIRCULACIÓN,ASFALTO,Bueno,Bueno,2,ITALIKA,NEGRO,0,MINISTERIO PÚBLICO,,,,0,0,Lázaro Cárdenas,Sin datos,febrero,lunes,21,-102.228231802583,17.9353915223173
33368,33373,2021,,2021/02/08,21:30:00,COLISIÓN CON PEATÓN,ASFALTO,Bueno,Regular,1,TOYOTA,BLANCO Y GUINDA,2,MINISTERIO PÚBLICO,30,MASCULINO,SIN DATOS,1,0,Morelia,Morelos,febrero,lunes,22,-101.206943181225,19.7013739021134
33369,33374,2021,,2021/02/09,"08:45:00",COLISIÓN POR CORTE DE CIRCULACIÓN,ASFALTO,Bueno,Bueno,2,FORD,BLANCO,2,,73,MASCULINO,SIN DATOS,0,0,Morelia,Las Americas,febrero,martes,9,-101.153636215761,19.6874452499194
33370,33375,2021,MOR 210097617,2021/02/09,"09:10:00",COLISIÓN POR ALCANCE,ASFALTO,Bueno,Bueno,3,NISSAN,BLANCO,3,,25,MASCULINO,SIN DATOS,0,0,Morelia,Josefa Ortiz de Dominguez,febrero,martes,9,-101.209146573461,19.6720478921491
33371,33376,2021,LEG35364,2021/02/09,10:55:00,COLISIÓN POR CORTE DE CIRCULACIÓN,ASFALTO,Bueno,Bueno,2,NISSAN,BLANCO GRIS,2,,20,MASCULINO,SIN DATOS,0,0,Morelia,Eduardo Ruiz,febrero,martes,11,-101.224289685488,19.7249830632289
33372,33377,2021,MOR210097811,2021/02/09,11:20:00,COLISIÓN POR CAMBIO DE CARRIL,ASFALTO,Bueno,Bueno,2,ITALIKA,NEGRO AMARILLO,2,,22,MASCULINO,SIN DATOS,0,0,Morelia,Bosques Tres Marias,febrero,martes,11,-101.105249561369,19.7292622708967
33373,33378,2021,,2021/02/09,12:40:00,COLISIÓN POR CAMBIO DE CARRIL,ASFALTO,Bueno,Bueno,2,KENWORTH,BLANCO,2,,44,MASCULINO,SIN DATOS,0,0,Morelia,Cinco de Diciembre,febrero,martes,13,-101.162815939039,19.6862710903522
33374,33379,2021,"210098431",2021/02/09,15:05:00,COLISIÓN CONTRA OBJETO FIJO,ASFALTO,Bueno,Bueno,1,KEMWORTH,BLANCO,1,,54,,SIN DATOS,0,0,Tarímbaro,Centro,febrero,martes,15,-101.08698874712,19.7911577217917
33375,33380,2021,MOR210098599,2021/02/09,15:06:00,COLISIÓN POR CAMBIO DE CARRIL,ASFALTO,Bueno,Bueno,2,HONDA,BLANCO,2,,40,FEMENINO,SIN DATOS,0,0,Morelia,Americas Britania,febrero,martes,15,-101.149191521108,19.6946548714139
33376,33381,2021,LEG35360,2021/02/09,15:11:00,COLISIÓN POR ALCANCE,ASFALTO,Bueno,Bueno,2,CHEVROLET,BLANCO,2,,41,MASCULINO,SIN DATOS,0,0,Morelia,El Eden,febrero,martes,15,-101.249573972939,19.6460305161214
33377,33382,2021,LEG35365,2021/02/09,16:00:00,COLISIÓN POR CORTE DE CIRCULACIÓN,ASFALTO,Bueno,Bueno,2,CHEVROLET,BLANCO,2,,30,MASCULINO,SIN DATOS,0,0,Morelia,Elias Perez Avalos,febrero,martes,16,-101.171168170191,19.7145283337478
33378,33383,2021,,2021/02/09,16:10:00,COLISIÓN CONTRA OBJETO FIJO,ASFALTO,Bueno,Bueno,2,NISSAN,BLANCO Y ROJO,2,,74,MASCULINO,SIN DATOS,0,0,Morelia,Erendira,febrero,martes,16,-101.166042939888,19.7029964262637
33379,33384,2021,,2021/02/09,16:40:00,COLISIÓN POR CORTE DE CIRCULACIÓN,CONCRETO,Bueno,Bueno,2,HONDA,ROJA,2,,42,MASCULINO,SIN DATOS,0,0,Morelia,La Colina,febrero,martes,17,-101.215538487631,19.7057864736237