fid,id_accidente,anio_origen,folio_c5i,dia_incidente,hora_ocurrencia,tipo_incidente_vial,superficie_ocurrencia,condiciones_climaticas,condiciones_via,numero_vehiculos_involucrados,marca_vehiculo_ocasiona_siniestro,color_vehiculo_ocasiona_siniestro,numero_personas_involucradas,lugar_remite_presunto_responsable,edad_presunto_responsable,sexo_presunto_responsable,resultados_toxicologia,numero_personas_lesionadas,numero_personas_fallecidas,municipio,colonia,mes,dia_semana,hora_redondeada,lon,lat
33380,33385,2021,,2021/02/10,"02:20:00",COLISIÓN CONTRA OBJETO FIJO,ASFALTO,Bueno,Bueno,1,NISSAN,BLANCO,1,,24,MASCULINO,SIN DATOS,0,0,Morelia,Tierra Y Libertad,febrero,miércoles,2,-101.229698695242,19.7164880594003
33381,33386,2021,,2021/02/10,"09:40:00",COLISIÓN POR CORTE DE CIRCULACIÓN,ASFALTO,Bueno,Bueno,2,JEEP,NEGRO,2,MINISTERIO PÚBLICO,21,MASCULINO,SIN DATOS,0,0,Morelia,Nueva Valladolid,febrero,miércoles,10,-101.210571192205,19.7008878344085
33382,33387,2021,,2021/02/10,12:10:00,COLISIÓN POR CAMBIO DE CARRIL,ASFALTO,Bueno,Bueno,2,TOYOTA,BLANCO Y GRIS,2,,54,MASCULINO,SIN DATOS,0,0,Morelia,La Colina,febrero,miércoles,12,-101.21613945812,19.7038807503501
33383,33388,2021,,2021/02/10,13:49:00,COLISIÓN POR ALCANCE,ASFALTO,Bueno,Bueno,2,KIA,AZUL,2,,,MASCULINO,SIN DATOS,0,0,Morelia,Elias Perez Avalos,febrero,miércoles,14,-101.170732653965,19.7141985819064
33384,33389,2021,,2021/02/10,17:09:00,COLISIÓN POR CAMBIO DE CARRIL,ASFALTO,Bueno,Bueno,2,ITALIKA,GRAFITO,2,,19,MASCULINO,SIN DATOS,0,0,Morelia,Lomas de Hidalgo,febrero,miércoles,17,-101.163485348225,19.696014025032
33385,33390,2021,,2021/02/10,18:10:00,COLISIÓN POR CAMBIO DE CARRIL,ASFALTO,Bueno,Bueno,2,ITALIKA,NEGRO,2,,31,MASCULINO,SIN DATOS,0,0,Morelia,Chapultepec Norte,febrero,miércoles,18,-101.170428886331,19.6944644403345
33386,33391,2021,LEG35388,2021/02/11,"00:00:00",COLISIÓN CON PEATÓN,ASFALTO,Bueno,Bueno,1,VENTO,NEGRO/ROJO,1,,46,MASCULINO,SIN DATOS,0,0,Morelia,Americas Britania,febrero,jueves,0,-101.149987880463,19.6918744243836
33387,33392,2021,MOR21013760,2021/02/11,"00:00:00",COLISIÓN POR CORTE DE CIRCULACIÓN,ASFALTO,Bueno,Bueno,2,SUZUKI,NEGRO,2,,24,MASCULINO,SIN DATOS,0,0,Morelia,Centro,febrero,jueves,0,-101.187843158841,19.6970875539578
33388,33393,2021,LEG35379,2021/02/11,"00:00:00",COLISIÓN POR CORTE DE CIRCULACIÓN,ASFALTO,Bueno,Bueno,2,DODGE,BLANCO,2,,35,FEMENINO,SIN DATOS,0,0,Morelia,Enrique Ramirez,febrero,jueves,0,-101.165830940008,19.7098535880818
33389,33394,2021,LEG35389,2021/02/11,"00:00:00",COLISIÓN POR CORTE DE CIRCULACIÓN,ASFALTO,Bueno,Bueno,2,NISSAN,ROJO,2,,63,MASCULINO,SIN DATOS,0,0,Morelia,Nueva Chapultepec,febrero,jueves,0,-101.16993575611,19.6895940225707
33390,33395,2021,,2021/02/11,"06:40:00",SUBIDA AL CAMELLÓN,ASFALTO,Bueno,Bueno,1,TOYOTA,BLANCO,1,,75,MASCULINO,SIN DATOS,0,0,Morelia,Eduardo Ruiz,febrero,jueves,7,-101.224086843431,19.7248675523842
33391,33396,2021,MOR210102271,2021/02/11,"09:30:00",SALIDA DE SUPERFICIE DE RODAMIENTO,ASFALTO,Bueno,Bueno,1,MITSUBISHI,BLANCO,1,,33,MASCULINO,SIN DATOS,0,0,Morelia,Indeco Santiaguito,febrero,jueves,10,-101.178612031721,19.7201665975811
33392,33397,2021,,2021/02/11,10:40:00,COLISIÓN POR CAMBIO DE CARRIL,ASFALTO,Bueno,Bueno,2,NISSAN,GRIS,2,,32,MASCULINO,SIN DATOS,0,0,Morelia,Primo Tapia Oriente,febrero,jueves,11,-101.16031829945,19.7125897885061
33393,33398,2021,MOR210102437,2021/02/11,11:02:00,COLISIÓN CONTRA OBJETO FIJO,ASFALTO,Bueno,Bueno,1,NISSAN,BLANCO,1,,46,MASCULINO,SIN DATOS,0,0,Morelia,Las Americas,febrero,jueves,11,-101.158966496587,19.6879606928232
33394,33399,2021,,2021/02/11,13:40:00,COLISIÓN POR MANIOBRA DE REVERSA,ASFALTO,Bueno,Bueno,0,,,0,,,,,0,0,Morelia,Chapultepec Norte,febrero,jueves,14,-101.164325519718,19.6959098857437
33395,33400,2021,LEG35390,2021/02/11,14:25:00,COLISIÓN POR CAMBIO DE CARRIL,ASFALTO,Bueno,Bueno,2,BMW,BLANCO,2,,55,MASCULINO,SIN DATOS,0,0,Morelia,Jardines del Rincon,febrero,jueves,14,-101.150975860655,19.6896593668834
33396,33401,2021,MOR210102774,2021/02/11,15:00:00,COLISIÓN POR CORTE DE CIRCULACIÓN,ASFALTO,Bueno,Bueno,2,NISSAN,BLANCO/NARANJA,2,,,MASCULINO,SIN DATOS,0,0,Tarímbaro,Sin datos,febrero,jueves,15,-101.209484562278,19.7643093331772
33397,33402,2021,MOR210103139,2021/02/11,15:22:00,COLISIÓN POR CAMBIO DE CARRIL,ASFALTO,Bueno,Bueno,2,HONDA,GRAFITO,2,,46,MASCULINO,SIN DATOS,0,0,Morelia,Ventura Puente,febrero,jueves,15,-101.179275847971,19.6935711387903
33398,33403,2021,LEG35387,2021/02/11,15:40:00,COLISIÓN POR ALCANCE,CONCRETO,Bueno,Bueno,2,VOLKSWAGEN,VERDE,2,,38,FEMENINO,SIN DATOS,0,0,Morelia,Loma Bonita,febrero,jueves,16,-101.196589110925,19.7230111904186
33399,33404,2021,MOR210103108,2021/02/11,15:50:00,COLISIÓN POR CORTE DE CIRCULACIÓN,ASFALTO,Bueno,Bueno,2,TOYOTA,BLANCO NARANJA,2,,19,MASCULINO,SIN DATOS,0,0,Morelia,Ventura Puente,febrero,jueves,16,-101.182274923397,19.6928214606992
33400,33405,2021,MOR210103674,2021/02/11,19:40:00,COLISIÓN POR INVASIÓN DE CARRIL,ASFALTO,Bueno,Regular,2,FORD,NEGRO,2,,25,MASCULINO,SIN DATOS,0,0,Morelia,Sin datos,febrero,jueves,20,-101.250270933581,19.7930281178859
33401,33406,2021,,2021/02/11,20:40:00,COLISIÓN POR MANIOBRA DE REVERSA,ASFALTO,Bueno,Bueno,1,NISSAN,GRIS,1,MINISTERIO PÚBLICO,30,MASCULINO,SIN DATOS,0,0,Tacámbaro,Sin datos,febrero,jueves,21,-101.413842097603,19.2520217863001
33402,33407,2021,"210104296",2021/02/12,"01:10:00",SALIDA DE SUPERFICIE DE RODAMIENTO,ASFALTO,Bueno,Bueno,1,FORD,VERDE,1,,30,MASCULINO,ALIENTO ETÍLICO,0,0,Morelia,Sin datos,febrero,viernes,1,-101.357159949839,19.6706834550649
33403,33408,2021,,2021/02/12,"06:40:00",COLISIÓN POR CORTE DE CIRCULACIÓN,ASFALTO,Bueno,Bueno,2,FORD,BLANCO,2,,30,MASCULINO,SIN DATOS,0,0,Morelia,Tres Puentes,febrero,viernes,7,-101.213524742681,19.7058468756013
33405,33410,2021,,2021/02/12,"09:20:00",COLISIÓN POR ALCANCE,ASFALTO,Bueno,Bueno,2,HONDA,GRIS,2,,0,MASCULINO,SIN DATOS,0,0,Morelia,Camelinas,febrero,viernes,9,-101.174,19.6806
33406,33411,2021,,2021/02/12,"09:30:00",COLISIÓN POR CORTE DE CIRCULACIÓN,ASFALTO,Bueno,Bueno,2,TOYOTA,BLANCO,2,,18,MASCULINO,SIN DATOS,0,0,Morelia,Comision Federal de Electricidad,febrero,viernes,10,-101.180054575,19.6847963099991
33407,33412,2021,,2021/02/12,12:10:00,COLISIÓN POR CAMBIO DE CARRIL,ASFALTO,Bueno,Bueno,2,HONDA,BLANCO,2,,24,MASCULINO,SIN DATOS,0,0,Morelia,Tinijaro,febrero,viernes,12,-101.26316,19.6963297049991
33408,33413,2021,,2021/02/12,16:31:00,COLISIÓN CONTRA OBJETO FIJO,CONCRETO,Bueno,Bueno,1,BMW,GRIS,1,,19,MASCULINO,SIN DATOS,0,0,Morelia,Bosques Tres Marias,febrero,viernes,17,-101.103871911764,19.7243484411429
33409,33414,2021,,2021/02/12,19:00:00,COLISIÓN POR CORTE DE CIRCULACIÓN,ASFALTO,Bueno,Bueno,2,NISSAN,ROJO,2,,30,MASCULINO,SIN DATOS,0,0,Morelia,Jacarandas,febrero,viernes,19,-101.210576762774,19.7076974518136
33410,33415,2021,,2021/02/12,20:30:00,COLISIÓN POR ALCANCE,ASFALTO,Bueno,Bueno,2,NISSAN CHASIS,BLANCO,2,,27,FEMENINO,SIN DATOS,0,0,Morelia,Vista Hermosa  2A Etapa,febrero,viernes,21,-101.21,19.6765
33411,33416,2021,,2021/02/12,21:50:00,COLISIÓN POR CORTE DE CIRCULACIÓN,CONCRETO,Bueno,Bueno,1,FORD ECO ESPORT,NEGRO,1,,0,,SIN DATOS,0,0,Morelia,Eduardo Ruiz,febrero,viernes,22,-101.2197043,19.7214247299991
33412,33417,2021,,2021/02/12,22:00:00,COLISIÓN POR CORTE DE CIRCULACIÓN,CONCRETO,Bueno,Bueno,2,NISSAN,BLANCO/ NARANJA,2,,30,MASCULINO,SIN DATOS,0,0,Morelia,Centro,febrero,viernes,22,-101.18875609,19.7086253949991
33413,33418,2021,,2021/02/13,"00:05:00",COLISIÓN POR CAMBIO DE CARRIL,CONCRETO,Bueno,Bueno,2,CHEVROLET,GUINDA,2,,24,MASCULINO,SIN DATOS,0,0,Morelia,Quinceo,febrero,sábado,0,-101.22856143862,19.7286771570016
33414,33419,2021,,2021/02/13,"02:40:00",COLISIÓN POR CAMBIO DE CARRIL,ASFALTO,Bueno,Regular,2,VOLKSWAGEN /JETTA,VERDE,2,MINISTERIO PÚBLICO,27,MASCULINO,SIN DATOS,0,0,Morelia,Gertrudis Sanchez,febrero,sábado,3,-101.197814941406,19.7407750419036
33415,33420,2021,MOR210032674,2021/02/13,"06:12:00",CAIDA DE MOTOCICLETA,ASFALTO,Bueno,Regular,1,ITALIKA,ROJO Y NEGRO,1,,26,MASCULINO,SIN DATOS,0,0,Morelia,La Huerta,febrero,sábado,6,-101.228330067622,19.6583500988679
33416,33421,2021,MOR210107022,2021/02/13,10:00:00,COLISIÓN POR CORTE DE CIRCULACIÓN,ASFALTO,Bueno,Bueno,2,CHEVROLET,BLANCO,3,MINISTERIO PÚBLICO,25,,SIN DATOS,1,0,Morelia,Isaac Arriaga,febrero,sábado,10,-101.170434982263,19.7086917669086
33417,33422,2021,MOR2101107503,2021/02/13,13:12:00,COLISIÓN POR ALCANCE,CONCRETO,Bueno,Bueno,2,HONDA,BLANCO,2,,23,MASCULINO,SIN DATOS,0,0,Morelia,Sentimientos de La Nacion,febrero,sábado,13,-101.236872263253,19.6848061941819
33418,33423,2021,,2021/02/13,13:20:00,COLISIÓN POR CAMBIO DE CARRIL,ASFALTO,Bueno,Bueno,2,TOYOTA,GRIS,2,MINISTERIO PÚBLICO,49,MASCULINO,SIN DATOS,0,0,Morelia,Ventura Puente,febrero,sábado,13,-101.191807799041,19.695949343322
33419,33424,2021,MOR2100165431,2021/02/13,13:40:00,COLISIÓN CONTRA OBJETO FIJO,CONCRETO,Bueno,Bueno,2,MAZDA,GRIS OSCURO,2,,48,FEMENINO,SIN DATOS,0,0,Morelia,Fuentes de Morelia,febrero,sábado,14,-101.204488243146,19.6725332471406
33420,33425,2021,LEG35410,2021/02/13,14:30:00,COLISIÓN POR CORTE DE CIRCULACIÓN,ASFALTO,Bueno,Regular,2,DODGE,BLANCO,2,MINISTERIO PÚBLICO,61,MASCULINO,SIN DATOS,0,0,Morelia,Erendira,febrero,sábado,15,-101.166377104819,19.7033728768323
33421,33426,2021,MOR210108002,2021/02/13,15:25:00,COLISIÓN POR CORTE DE CIRCULACIÓN,ASFALTO,Bueno,Bueno,2,CHEVROLET,PLATA,2,,62,MASCULINO,SIN DATOS,0,0,Morelia,Niño Artillero,febrero,sábado,15,-101.25628706745,19.6974319368389
33422,33427,2021,,2021/02/13,15:25:00,COLISIÓN POR MANIOBRA DE REVERSA,CONCRETO,Bueno,Bueno,2,NISSAN,BLANCO,2,,33,FEMENINO,SIN DATOS,0,0,Morelia,Villas del Pedregal,febrero,sábado,15,-101.304694265127,19.6763205083669
33423,33428,2021,LEG35420,2021/02/13,16:16:00,COLISIÓN POR ALCANCE,ASFALTO,Bueno,Bueno,2,VOLKSWAGEN,BLANCO,2,,26,FEMENINO,SIN DATOS,0,0,Morelia,Felix Ireta,febrero,sábado,16,-101.192052855409,19.6823794952785
33424,33429,2021,"210108222",2021/02/13,17:30:00,COLISIÓN CONTRA OBJETO FIJO,ASFALTO,Bueno,Bueno,2,MERCEDES BENZ,NARANJA/CREMA,2,MINISTERIO PÚBLICO,30,MASCULINO,SIN DATOS,0,0,Morelia,Las Flores,febrero,sábado,18,-101.206911988556,19.7023227767223
33425,33430,2021,MOR210108212,2021/02/13,17:41:00,VOLCADURA,ASFALTO,Bueno,Bueno,1,FORD,MARRON / ARENA,1,,24,MASCULINO,SIN DATOS,0,0,Morelia,Sin datos,febrero,sábado,18,-101.338163234972,19.5537520032079
33426,33431,2021,MOR210108699,2021/02/13,19:00:00,COLISIÓN CONTRA OBJETO FIJO,ASFALTO,Bueno,Bueno,2,CHEVROLET,BLANCO,0,MINISTERIO PÚBLICO,,,,0,0,Morelia,Tenencia Morelos,febrero,sábado,19,-101.240087862296,19.6510778451498
33428,33433,2021,LEG35423,2021/02/13,20:16:00,COLISIÓN POR CORTE DE CIRCULACIÓN,CONCRETO,Bueno,Regular,2,VENTO,ROJO,2,,20,MASCULINO,SIN DATOS,0,0,Morelia,Centro,febrero,sábado,20,-101.192541383207,19.6981961996107
33429,33434,2021,,2021/02/13,21:00:00,COLISIÓN POR MANIOBRA DE REVERSA,SIN_DATOS,Bueno,Bueno,2,FORD,GUINDA,2,,17,MASCULINO,SIN DATOS,0,0,Morelia,Jesus del Monte,febrero,sábado,21,-101.151429794061,19.6481089178942
33430,33435,2021,MOR 210109098,2021/02/13,23:00:00,COLISIÓN POR ALCANCE,ASFALTO,Bueno,Regular,2,FORD,NEGRO,1,,36,MASCULINO,SIN DATOS,0,0,Morelia,Primo Tapia Oriente,febrero,sábado,23,-101.160308911718,19.7125948672445
33431,33436,2021,MOR210109458,2021/02/14,"00:00:00",COLISIÓN CONTRA OBJETO FIJO,CONCRETO,Bueno,Bueno,1,DODGE,BLANCO,1,,0,,SIN DATOS,0,0,Morelia,Balcones de Morelia,febrero,domingo,0,-101.200979948044,19.671638447434
33432,33437,2021,,2021/02/14,"08:35:00",SALIDA DE SUPERFICIE DE RODAMIENTO,ASFALTO,Bueno,Bueno,1,TOYOTA,GRIS/AZUL,0,,,,,0,0,Peribán,Sin datos,febrero,domingo,9,-102.444326958872,19.5519779900518
33433,33438,2021,,2021/02/14,"09:15:00",COLISIÓN POR ALCANCE,ASFALTO,Bueno,Bueno,3,FORD,BLANCO,3,,58,MASCULINO,CON CERTIFICADO,0,0,Morelia,Lomas del Tecnologico,febrero,domingo,9,-101.188552907921,19.719987616341
33434,33439,2021,,2021/02/14,13:15:00,COLISIÓN POR CORTE DE CIRCULACIÓN,CONCRETO,Bueno,Bueno,2,CHEVROLET,ROJO,1,MINISTERIO PÚBLICO,0,MASCULINO,SIN DATOS,0,0,Pátzcuaro,Niños Heroes,febrero,domingo,13,-101.61191817373,19.5203603494215
33435,33440,2021,,2021/02/14,13:38:00,COLISIÓN POR ALCANCE,ASFALTO,Bueno,Bueno,2,HONDA,BLANCO,2,MINISTERIO PÚBLICO,21,MASCULINO,SIN DATOS,0,0,Morelia,Reforma,febrero,domingo,14,-101.237699389458,19.7070260638856
33436,33441,2021,,2021/02/14,16:00:00,COLISIÓN POR CORTE DE CIRCULACIÓN,CONCRETO,Bueno,Bueno,2,TOYOTA,NEGRO,1,MINISTERIO PÚBLICO,,MASCULINO,SIN DATOS,0,0,Gabriel Zamora,Benito Juarez,febrero,domingo,16,-102.054139033638,19.1537453986998
33437,33442,2021,,2021/02/14,18:45:00,COLISIÓN POR CORTE DE CIRCULACIÓN,CONCRETO,Bueno,Bueno,2,ITALIKA,NEGRO  Y NARANJA,2,MINISTERIO PÚBLICO,,MASCULINO,SIN DATOS,0,0,Morelia,El Lago 1,febrero,domingo,19,-101.215191998266,19.7284174499818
33438,33443,2021,MOR210108952,2021/02/14,21:50:00,SUBIDA AL CAMELLÓN,CONCRETO,Bueno,Bueno,1,FORD,GRIS,1,,29,MASCULINO,SIN DATOS,0,0,Morelia,Loma Real,febrero,domingo,22,-101.195826230317,19.7313200384987
33439,33444,2021,,2021/02/14,22:00:00,COLISIÓN POR INVASIÓN DE CARRIL,ASFALTO,Bueno,Bueno,2,TOYOTA,NEGRO,3,MINISTERIO PÚBLICO,20,MASCULINO,SIN DATOS,1,0,Tacámbaro,Sin datos,febrero,domingo,22,-101.447566151619,19.1913450605899
33440,33445,2021,,2021/02/14,22:30:00,COLISIÓN POR INVASIÓN DE CARRIL,ASFALTO,Bueno,Bueno,2,FORD,BLANCO,0,MINISTERIO PÚBLICO,,,,0,0,Hidalgo,Centro,febrero,domingo,23,-100.553271,19.691029
33441,33446,2021,,2021/02/15,"09:00:00",COLISIÓN POR ALCANCE,ASFALTO,Bueno,Bueno,2,NISSAN,GRIS,2,,35,FEMENINO,SIN DATOS,0,0,Morelia,Diego Rivera,febrero,lunes,9,-101.175928816878,19.7181526022423
33442,33447,2021,MOR210112177,2021/02/15,"09:35:00",COLISIÓN POR ALCANCE,ASFALTO,Bueno,Bueno,3,FORD,BLANCO,3,MINISTERIO PÚBLICO,26,MASCULINO,SIN DATOS,0,0,Morelia,Lomas de Morelia (Dr Ignacio Chavez),febrero,lunes,10,-101.175039329303,19.7171423671412
33443,33448,2021,MOR210112263,2021/02/15,10:30:00,COLISIÓN CON PEATÓN,CONCRETO,Bueno,Bueno,1,SEAT,BLANCO,2,,68,MASCULINO,SIN DATOS,1,0,Morelia,Centro,febrero,lunes,11,-101.186515191064,19.7057142926154
33444,33449,2021,MOR210113396,2021/02/15,16:15:00,SUBIDA AL CAMELLÓN,ASFALTO,Bueno,Bueno,1,DODGE,ROJO,1,,37,FEMENINO,SIN DATOS,0,0,Morelia,Campestre Los Manantiales,febrero,lunes,16,-101.238141222432,19.6878051217002
33445,33450,2021,,2021/02/15,16:30:00,COLISIÓN CONTRA OBJETO FIJO,ASFALTO,Bueno,Bueno,2,HECHIZO,NEGRO,2,MINISTERIO PÚBLICO,,,SIN DATOS,0,0,Morelia,Cosmos,febrero,lunes,17,-101.220306239344,19.6868217859288
33446,33451,2021,MOR210113334,2021/02/15,16:40:00,COLISIÓN POR CAMBIO DE CARRIL,ASFALTO,Bueno,Bueno,2,JEEP,ARENA,2,,38,MASCULINO,SIN DATOS,0,0,Morelia,Lomas de Las Americas Norte,febrero,lunes,17,-101.147898726844,19.694627695684
33447,33452,2021,MOR210113610,2021/02/15,18:15:00,COLISIÓN POR ALCANCE,ASFALTO,Bueno,Bueno,3,NISSAN,BLANCO,2,,22,MASCULINO,SIN DATOS,0,0,Morelia,Lomas de Guayangareo,febrero,lunes,18,-101.15795704113,19.7025878634436
33448,33453,2021,MOR 210113608,2021/02/15,18:40:00,COLISIÓN POR MANIOBRA DE REVERSA,ASFALTO,Bueno,Bueno,2,AUDI,NEGRO,2,,27,FEMENINO,SIN DATOS,0,0,Morelia,Santa Maria de Guido,febrero,lunes,19,-101.190528415822,19.6743838824749
33449,33454,2021,MOR210113676,2021/02/15,19:20:00,COLISIÓN POR CAMBIO DE CARRIL,ASFALTO,Bueno,Bueno,2,CHEVROLET,BLANCO/AZUL,2,,51,MASCULINO,SIN DATOS,0,0,Morelia,Ciudad Industrial,febrero,lunes,19,-101.142960749567,19.7252519570031
33450,33455,2021,MOR210178952,2021/02/15,21:30:00,COLISIÓN POR ALCANCE,ASFALTO,Bueno,Bueno,1,FORD,GRIS PLATA,1,,38,MASCULINO,SIN DATOS,0,0,Morelia,Villa Universidad,febrero,lunes,22,-101.203629665755,19.6910975952659
33451,33456,2021,,2021/02/15,21:50:00,COLISIÓN POR CAMBIO DE CARRIL,ASFALTO,Bueno,Bueno,2,NISSAN/MARCH,ROJO,2,,32,MASCULINO,SIN DATOS,0,0,Morelia,Isaac Arriaga,febrero,lunes,22,-101.166254088951,19.7101550461567
33452,33457,2021,LEG35442,2021/02/16,"00:00:00",COLISIÓN CONTRA OBJETO FIJO,ASFALTO,Bueno,Regular,1,TOYOTA,GRIS,1,,30,MASCULINO,SIN DATOS,0,0,Morelia,Sentimientos de La Nacion,febrero,martes,0,-101.23686991632,19.6848045583705
33453,33458,2021,LEG35443,2021/02/16,"05:05:00",COLISIÓN POR CORTE DE CIRCULACIÓN,ASFALTO,Bueno,Regular,2,VOLKSWAGEN,ROJO,2,,,,SIN DATOS,0,0,Morelia,Prados Verdes,febrero,martes,5,-101.197061911225,19.7166427131553
33454,33459,2021,,2021/02/16,"08:30:00",COLISIÓN CON PEATÓN,SIN_DATOS,Bueno,Bueno,1,CHEVROLET,BLANCO Y AZUL,2,MINISTERIO PÚBLICO,47,MASCULINO,SIN DATOS,1,0,Morelia,Centro,febrero,martes,9,-101.194400824606,19.6966898813465
33455,33460,2021,,2021/02/16,"09:00:00",COLISIÓN POR CAMBIO DE CARRIL,CONCRETO,Bueno,Bueno,2,TOYOTA,BLANCO GRIS,2,,27,MASCULINO,SIN DATOS,0,0,Morelia,Nueva Valladolid,febrero,martes,9,-101.213985309005,19.7006440943766
33456,33461,2021,,2021/02/16,"09:50:00",COLISIÓN POR CORTE DE CIRCULACIÓN,CONCRETO,Bueno,Bueno,2,YAMAHA,VERDE,3,,24,MASCULINO,SIN DATOS,1,0,Morelia,Ventura Puente,febrero,martes,10,-101.191819868982,19.6959556565336
33457,33462,2021,,2021/02/16,10:30:00,COLISIÓN POR ALCANCE,ASFALTO,Bueno,Bueno,2,VOLKSWAGEN,VERDE,2,,36,MASCULINO,SIN DATOS,0,0,Morelia,Colinas del Sur,febrero,martes,11,-101.198798580601,19.6676096979822
33458,33463,2021,,2021/02/16,10:40:00,COLISIÓN POR ALCANCE,ASFALTO,Bueno,Bueno,2,JEEP,NEGRO,2,MINISTERIO PÚBLICO,24,FEMENINO,SIN DATOS,0,0,Morelia,Virrey Antonio de Mendoza,febrero,martes,11,-101.162358820438,19.7065349866492
33459,33464,2021,,2021/02/16,13:25:00,COLISIÓN CONTRA OBJETO FIJO,ASFALTO,Bueno,Bueno,1,HYUNDAI,BLANCO,1,,47,MASCULINO,SIN DATOS,0,0,Morelia,Valle del Durazno,febrero,martes,13,-101.187588714741,19.6562788373432
33460,33465,2021,,2021/02/16,14:25:00,COLISIÓN CONTRA OBJETO FIJO,ASFALTO,Bueno,Bueno,1,BMW,GRIS,1,,,MASCULINO,SIN DATOS,0,0,Morelia,Sin datos,febrero,martes,14,-101.275312646545,19.5634602042157
33461,33466,2021,MOR210115441,2021/02/16,15:20:00,COLISIÓN POR MANIOBRA DE REVERSA,ASFALTO,Bueno,Bueno,2,NISSAN,BLANCO,2,,34,MASCULINO,SIN DATOS,0,0,Morelia,Alberto Oviedo Mota,febrero,martes,15,-101.197200715542,19.6810911987605
33462,33467,2021,,2021/02/16,16:40:00,COLISIÓN CON PEATÓN,ASFALTO,Bueno,Bueno,1,ISUZU,GRIS,2,,30,MASCULINO,SIN DATOS,1,0,Morelia,Isaac Arriaga,febrero,martes,17,-101.167941777521,19.7092835822807
33463,33468,2021,MOR210132674,2021/02/16,17:55:00,COLISIÓN POR ALCANCE,ASFALTO,Bueno,Bueno,5,FORD,ROJO,5,,31,MASCULINO,SIN DATOS,0,0,Morelia,San Pascual,febrero,martes,18,-101.267359592021,19.6953559003178
33464,33469,2021,MOR210132679,2021/02/16,19:31:00,COLISIÓN POR CORTE DE CIRCULACIÓN,SIN_DATOS,Nublado,Regular,2,JEEP,BLANCO,2,,42,MASCULINO,SIN DATOS,0,0,Morelia,San Pascual,febrero,martes,20,-101.267320029438,19.695232476523
33465,33470,2021,,2021/02/16,20:35:00,COLISIÓN POR CORTE DE CIRCULACIÓN,CONCRETO,Bueno,Bueno,2,NISSAN,BLANCO,2,MINISTERIO PÚBLICO,58,MASCULINO,SIN DATOS,0,0,Morelia,Barrio Alto,febrero,martes,21,-101.192814236992,19.7257923110313
33466,33471,2021,MOR210119246,2021/02/17,"00:00:00",COLISIÓN POR CORTE DE CIRCULACIÓN,ASFALTO,Bueno,Bueno,2,CHEVROLET,GRIS,2,,27,FEMENINO,SIN DATOS,0,0,Morelia,Arcos del Valle,febrero,miércoles,0,-101.236254225328,19.7076213599208
33467,33472,2021,,2021/02/17,"02:10:00",COLISIÓN CONTRA OBJETO FIJO,ASFALTO,Bueno,Bueno,1,CHEVROLET,GRIS,0,,,,,0,0,Morelia,Felix Ireta,febrero,miércoles,2,-101.19214836,19.6911467449992
33468,33473,2021,MOR210117601,2021/02/17,"08:20:00",COLISIÓN POR CORTE DE CIRCULACIÓN,CONCRETO,Bueno,Bueno,2,ITALIKA,NEGRO,2,,41,MASCULINO,SIN DATOS,0,0,Morelia,Nueva Chapultepec,febrero,miércoles,8,-101.172522716224,19.6887899724093
33469,33474,2021,MOR210117996,2021/02/17,10:26:00,COLISIÓN POR CORTE DE CIRCULACIÓN,ASFALTO,Bueno,Bueno,2,NISSAN,GRIS,2,MINISTERIO PÚBLICO,44,MASCULINO,SIN DATOS,0,0,Morelia,San Rafael,febrero,miércoles,10,-101.154756403781,19.7005077616415
33470,33475,2021,MOR210117947,2021/02/17,10:30:00,COLISIÓN POR CORTE DE CIRCULACIÓN,CONCRETO,Bueno,Bueno,2,ITALIKA,NEGRO Y NARANJA,2,,28,MASCULINO,SIN DATOS,0,0,Morelia,Lomas de Guayangareo,febrero,miércoles,11,-101.159140748741,19.70214977282
33471,33476,2021,"210119243",2021/02/17,13:30:00,COLISIÓN CONTRA OBJETO FIJO,ASFALTO,Bueno,Bueno,2,TOYOTA,BLANCO/ROSA,2,,56,MASCULINO,SIN DATOS,0,0,Morelia,Centro,febrero,miércoles,14,-101.198362691156,19.7048989603108
33472,33477,2021,,2021/02/17,14:15:00,COLISIÓN POR CORTE DE CIRCULACIÓN,ASFALTO,Bueno,Bueno,2,HONDA,AZUL,2,,23,MASCULINO,SIN DATOS,0,0,Morelia,Santa Maria de Guido,febrero,miércoles,14,-101.19173425636,19.6770188028595
33473,33478,2021,"210119780",2021/02/17,18:30:00,COLISIÓN POR CORTE DE CIRCULACIÓN,ASFALTO,Bueno,Bueno,2,VOLKSWAGEN,ROJO,2,,23,MASCULINO,SIN DATOS,0,0,Morelia,Lazaro Cardenas,febrero,miércoles,19,-101.165269013411,19.7101628490947
33474,33479,2021,MOR 210119785,2021/02/17,19:00:00,COLISIÓN POR INVASIÓN DE CARRIL,ASFALTO,Bueno,Regular,2,CHEVROLET,BLANCO,2,,54,MASCULINO,SIN DATOS,0,0,Morelia,Lomas del Valle,febrero,miércoles,19,-101.23033770106,19.6872785434998
33475,33480,2021,MOR210119767,2021/02/17,19:10:00,COLISIÓN POR ALCANCE,ASFALTO,Bueno,Bueno,2,MINI COOPER,BLANCO,2,,35,MASCULINO,SIN DATOS,0,0,Morelia,Cinco de Diciembre,febrero,miércoles,19,-101.161289929665,19.6876175809542