fid,id_accidente,anio_origen,folio_c5i,dia_incidente,hora_ocurrencia,tipo_incidente_vial,superficie_ocurrencia,condiciones_climaticas,condiciones_via,numero_vehiculos_involucrados,marca_vehiculo_ocasiona_siniestro,color_vehiculo_ocasiona_siniestro,numero_personas_involucradas,lugar_remite_presunto_responsable,edad_presunto_responsable,sexo_presunto_responsable,resultados_toxicologia,numero_personas_lesionadas,numero_personas_fallecidas,municipio,colonia,mes,dia_semana,hora_redondeada,lon,lat
33476,33481,2021,LEG35470,2021/02/17,19:20:00,COLISIÓN POR CORTE DE CIRCULACIÓN,ASFALTO,Bueno,Bueno,2,TOYOTA,BLANCO Y MORADO,0,MINISTERIO PÚBLICO,,,,0,0,Morelia,Isaac Arriaga,febrero,miércoles,19,-101.171496740795,19.7076839397446
33477,33482,2021,MOR210120254,2021/02/17,22:35:00,SALIDA DE SUPERFICIE DE RODAMIENTO,CONCRETO,Bueno,Bueno,1,NISSAN,ROJO,1,,25,MASCULINO,ALIENTO ETÍLICO,0,0,Morelia,Villas del Pedregal,febrero,miércoles,23,-101.302813030779,19.6800758794902
33478,33483,2021,,2021/02/18,"03:35:00",SUBIDA AL CAMELLÓN,CONCRETO,Bueno,Bueno,1,NISSAN,BLANCO,1,,0,MASCULINO,SIN DATOS,0,0,Morelia,Comision Federal de Electricidad,febrero,jueves,4,-101.181341788985,19.6815043501802
33479,33484,2021,MOR210120631,2021/02/18,"06:07:00",COLISIÓN POR CAMBIO DE CARRIL,ASFALTO,Bueno,Bueno,2,KENWORTH,BLANCO,0,MINISTERIO PÚBLICO,,,,0,0,Morelia,La Camelina,febrero,jueves,6,-101.223217106688,19.6688021545392
33480,33485,2021,,2021/02/18,"08:15:00",COLISIÓN POR CORTE DE CIRCULACIÓN,ASFALTO,Bueno,Bueno,2,CHEVROLET,BLANCO,2,MINISTERIO PÚBLICO,43,MASCULINO,SIN DATOS,0,0,Morelia,La Esperanza,febrero,jueves,8,-101.153877370738,19.6993865345472
33481,33486,2021,MOR210120709,2021/02/18,"08:15:00",COLISIÓN POR CAMBIO DE CARRIL,ASFALTO,Bueno,Bueno,2,CHEVROLET,BLANCO,2,,43,MASCULINO,SIN DATOS,0,0,Morelia,Insurgentes,febrero,jueves,8,-101.152627766132,19.6985247973315
33482,33487,2021,,2021/02/18,"09:00:00",COLISIÓN POR CAMBIO DE CARRIL,ASFALTO,Bueno,Bueno,2,CHEVROLET/CHEVY,BLANCO,2,,34,MASCULINO,SIN DATOS,0,0,Morelia,Centro,febrero,jueves,9,-101.187851205468,19.6963372897135
33483,33488,2021,,2021/02/18,11:13:00,COLISIÓN POR CAMBIO DE CARRIL,ASFALTO,Bueno,Bueno,2,FIAT,PLATA,2,,35,MASCULINO,SIN DATOS,0,0,Morelia,Eduardo Ruiz,febrero,jueves,11,-101.224101229824,19.7249944536389
33484,33489,2021,,2021/02/18,11:20:00,COLISIÓN POR CAMBIO DE CARRIL,ASFALTO,Bueno,Bueno,2,NISSAN,GUINDA,2,,21,MASCULINO,SIN DATOS,0,0,Morelia,Primo Tapia Oriente,febrero,jueves,11,-101.158680841327,19.713467288639
33485,33490,2021,,2021/02/18,13:30:00,COLISIÓN POR INVASIÓN DE CARRIL,CONCRETO,Bueno,Bueno,2,NISSAN,BLANCO Y CAFE,2,,50,MASCULINO,SIN DATOS,0,0,Morelia,Hacienda del Quinceo,febrero,jueves,14,-101.23462359675,19.7293115323746
33486,33491,2021,,2021/02/18,15:10:00,COLISIÓN POR ALCANCE,ASFALTO,Bueno,Bueno,2,VOLKSWAGEN,PLATA,2,,38,MASCULINO,SIN DATOS,0,0,Morelia,Indeco El Vivero,febrero,jueves,15,-101.231744489207,19.6776608184012
33487,33492,2021,,2021/02/18,15:48:00,COLISIÓN POR ALCANCE,ASFALTO,Bueno,Bueno,2,KENWORTH,AZUL,2,,37,MASCULINO,SIN DATOS,0,0,Morelia,Sentimientos de La Nacion,febrero,jueves,16,-101.236870221115,19.6848036400221
33488,33493,2021,,2021/02/18,17:25:00,COLISIÓN POR CORTE DE CIRCULACIÓN,SIN_DATOS,Bueno,Bueno,2,VOLKSWAGEN GEN,BLANCO,3,MINISTERIO PÚBLICO,45,MASCULINO,SIN DATOS,1,0,Morelia,Ilustres Novohispanos,febrero,jueves,17,-101.151901253246,19.7096976939214
33489,33494,2021,,2021/02/18,17:49:00,COLISIÓN POR CAMBIO DE CARRIL,ASFALTO,Bueno,Bueno,2,TOYOTA,BLANCO Y AZUL,2,,43,MASCULINO,SIN DATOS,0,0,Morelia,Jardines del Rincon,febrero,jueves,18,-101.152058436788,19.6884288688389
33490,33495,2021,,2021/02/18,18:50:00,COLISIÓN POR ALCANCE,ASFALTO,Bueno,Bueno,2,MAZDA,GRIS,2,,26,FEMENINO,SIN DATOS,0,0,Morelia,Cuauhtemoc,febrero,jueves,19,-101.18061591617,19.6965339169647
33491,33496,2021,,2021/02/18,19:55:00,COLISIÓN POR ALCANCE,ASFALTO,Bueno,Bueno,2,MAZDA,GRIS,2,,19,MASCULINO,SIN DATOS,0,0,Morelia,Las Americas,febrero,jueves,20,-101.159017123282,19.6879664610837
33492,33497,2021,,2021/02/18,23:00:00,SALIDA DE SUPERFICIE DE RODAMIENTO,ASFALTO,Bueno,Bueno,1,DINA,AZUL,1,,52,MASCULINO,SIN DATOS,0,0,Morelia,Indeco El Vivero,febrero,jueves,23,-101.229739934206,19.6769997482744
33493,33498,2021,,2021/02/19,"00:00:00",COLISIÓN POR CORTE DE CIRCULACIÓN,ASFALTO,Bueno,Bueno,1,INTERNATIONAL,AMARILLO/GUINDA,0,,,,,0,0,Morelia,Bosques de Oriente,febrero,viernes,0,-101.154034291482,19.7186977234725
33495,33500,2021,LEG35506,2021/02/19,10:30:00,COLISIÓN POR CORTE DE CIRCULACIÓN,ASFALTO,Bueno,Bueno,2,NISSAN,BLANCO Y GRIS,2,,45,MASCULINO,SIN DATOS,0,0,Morelia,Comision Federal de Electricidad,febrero,viernes,11,-101.18,19.682
33496,33501,2021,,2021/02/19,10:45:00,COLISIÓN POR ALCANCE,ASFALTO,Bueno,Bueno,2,NISSAN,BLANCO,2,MINISTERIO PÚBLICO,,MASCULINO,SIN DATOS,0,0,Morelia,La Huerta,febrero,viernes,11,-101.216158176792,19.6721810649028
33498,33503,2021,MOR210124114,2021/02/19,13:03:00,COLISIÓN POR CORTE DE CIRCULACIÓN,ASFALTO,Bueno,Bueno,2,KENWORTH,BLANCO Y VERDE,2,,55,MASCULINO,SIN DATOS,0,0,Morelia,Los Manantiales de Morelia,febrero,viernes,13,-101.235085,19.696481
33499,33504,2021,,2021/02/19,14:40:00,COLISIÓN POR MANIOBRA DE REVERSA,CONCRETO,Bueno,Bueno,2,INTERNATIONAL,BLANCO,2,,41,MASCULINO,SIN DATOS,0,0,Morelia,Elias Perez Avalos,febrero,viernes,15,-101.167691637626,19.7151169590557
33501,33506,2021,LEG35503,2021/02/19,15:50:00,COLISIÓN POR CAMBIO DE CARRIL,ASFALTO,Bueno,Bueno,2,HONDA,NEGRO,2,,35,FEMENINO,SIN DATOS,0,0,Morelia,Articulo Constitucional,febrero,viernes,16,-101.1724615,19.7144985
33504,33509,2021,LEG35505,2021/02/19,18:45:00,COLISIÓN POR ALCANCE,ASFALTO,Bueno,Bueno,2,ITALIKA,GRAFITO,2,,21,MASCULINO,SIN DATOS,0,0,Morelia,Centro,febrero,viernes,19,-101.19118388321,19.702768457823
33506,33511,2021,LEG35509,2021/02/19,20:13:00,COLISIÓN CONTRA OBJETO FIJO,ASFALTO,Bueno,Bueno,1,TOYOTA,BLANCO Y NARANJA,1,,49,MASCULINO,SIN DATOS,0,0,Morelia,Tinijaro,febrero,viernes,20,-101.26316,19.6963297049991
33507,33512,2021,LEG35497,2021/02/19,21:15:00,COLISIÓN POR CORTE DE CIRCULACIÓN,CONCRETO,Bueno,Bueno,2,CHEVROLET,NEGRO,2,,28,MASCULINO,SIN DATOS,0,0,Morelia,Felix Ireta,febrero,viernes,21,-101.188582604864,19.6860148664875
33508,33513,2021,,2021/02/19,23:15:00,COLISIÓN POR CAMBIO DE CARRIL,ASFALTO,Bueno,Bueno,2,DODGE,BLANCO,2,,,MASCULINO,SIN DATOS,0,0,Morelia,Tinijaro,febrero,viernes,23,-101.26316,19.6963297049991
33510,33515,2021,MOR210125761,2021/02/20,"00:20:00",COLISIÓN POR INVASIÓN DE CARRIL,ASFALTO,Bueno,Bueno,1,NISSAN,GUINDA,1,MINISTERIO PÚBLICO,,,,1,0,Morelia,Ejidal Ocolusen,febrero,sábado,0,-101.15332837,19.6868221449992
33511,33516,2021,MOR 210125989,2021/02/20,"04:35:00",SUBIDA AL CAMELLÓN,ASFALTO,Bueno,Regular,1,NISSAN,AZUL,1,,42,MASCULINO,CON CERTIFICADO,0,0,Morelia,Rinconada del Valle,febrero,sábado,5,-101.217753812671,19.6801548024409
33512,33517,2021,,2021/02/20,"08:25:00",COLISIÓN CONTRA OBJETO FIJO,CONCRETO,Bueno,Bueno,1,CHEVROLET,AMARILLO,1,MINISTERIO PÚBLICO,39,MASCULINO,SIN DATOS,0,0,Morelia,Balcones de Morelia,febrero,sábado,8,-101.200968213379,19.6716350033421
33513,33518,2021,,2021/02/20,"09:25:00",COLISIÓN POR CORTE DE CIRCULACIÓN,ASFALTO,Bueno,Bueno,2,CHEVROLET/CHEVY,PLATA,2,,44,MASCULINO,SIN DATOS,0,0,Morelia,Chapultepec Sur,febrero,sábado,9,-101.171449125214,19.6920309500482
33514,33519,2021,,2021/02/20,11:00:00,COLISIÓN POR CAMBIO DE CARRIL,ASFALTO,Bueno,Bueno,2,CHEVROLET,AZUL,2,,25,MASCULINO,SIN DATOS,0,0,Morelia,Felix Ireta,febrero,sábado,11,-101.188582604864,19.6860148664875
33515,33520,2021,,2021/02/20,11:20:00,COLISIÓN POR ALCANCE,ASFALTO,Bueno,Bueno,2,HONDA,ROJO,2,,38,MASCULINO,SIN DATOS,0,0,Morelia,San Rafael,febrero,sábado,11,-101.152337704762,19.6999683672239
33516,33521,2021,,2021/02/20,11:40:00,COLISIÓN CONTRA OBJETO FIJO,ASFALTO,Bueno,Bueno,1,NISSAN,BLANCO,1,,21,MASCULINO,SIN DATOS,0,0,Los Reyes,Sin datos,febrero,sábado,12,-102.286933663319,19.5651439379292
33518,33523,2021,,2021/02/20,12:25:00,COLISIÓN POR CORTE DE CIRCULACIÓN,CONCRETO,Bueno,Bueno,2,ITALIKA,NEGRO Y VERDE,2,MINISTERIO PÚBLICO,31,MASCULINO,SIN DATOS,0,0,Morelia,Adolfo Lopez Mateos,febrero,sábado,12,-101.226139622885,19.6981067844139
33519,33524,2021,,2021/02/20,14:30:00,COLISIÓN POR ALCANCE,ASFALTO,Bueno,Bueno,2,FORD/ECOSPORT,ROJO,2,,38,FEMENINO,SIN DATOS,0,0,Morelia,Terrazas del Campestre,febrero,sábado,15,-101.157935179695,19.6864272393804
33520,33525,2021,,2021/02/20,14:50:00,COLISIÓN POR INVASIÓN DE CARRIL,ASFALTO,Bueno,Bueno,3,VOLKSWAGEN,GRIS,3,,45,FEMENINO,SIN DATOS,0,0,Morelia,Santiaguito,febrero,sábado,15,-101.191834108722,19.7181820570845
33521,33526,2021,,2021/02/20,15:15:00,COLISIÓN CONTRA OBJETO FIJO,ASFALTO,Bueno,Bueno,2,NISSAN,BLANCO/MORADO,2,,62,MASCULINO,SIN DATOS,0,0,Morelia,Centro,febrero,sábado,15,-101.18218963,19.7028850649992
33523,33528,2021,,2021/02/20,15:38:00,COLISIÓN POR NO RESPETAR SEMÁFORO,CONCRETO,Bueno,Bueno,2,VOLKSWAGEN,BLANCO,2,,53,MASCULINO,SIN DATOS,0,0,Morelia,Lomas de Huerta,febrero,sábado,16,-101.214279346168,19.6743260800968
33525,33530,2021,MOR210124643,2021/02/20,16:02:00,COLISIÓN POR ALCANCE,ASFALTO,Bueno,Bueno,2,NISSAN,BLANCO,2,,21,FEMENINO,SIN DATOS,0,0,Morelia,Pascual Ortiz de Ayala,febrero,sábado,16,-101.15086339076,19.6948185283148
33526,33531,2021,,2021/02/20,16:40:00,COLISIÓN POR ALCANCE,SIN_DATOS,Bueno,Bueno,3,HYINDAI,PLATA,3,,19,MASCULINO,SIN DATOS,0,0,Morelia,Mirador del Punhuato,febrero,sábado,17,-101.15708636,19.7035810149991
33528,33533,2021,,2021/02/20,17:45:00,COLISIÓN POR CORTE DE CIRCULACIÓN,ASFALTO,Bueno,Bueno,2,NISSAN,BLANCO,2,,,MASCULINO,SIN DATOS,0,0,Morelia,Cruz del Barreno,febrero,sábado,18,-101.207734115,19.7238922449991
33529,33534,2021,MOR210125121,2021/02/20,18:40:00,COLISIÓN POR ALCANCE,ASFALTO,Bueno,Bueno,2,VOLKSWAGEN,GRIS,2,,33,MASCULINO,SIN DATOS,0,0,Morelia,Chapultepec Sur,febrero,sábado,19,-101.16586443714,19.6909981591363
33530,33535,2021,,2021/02/20,19:30:00,COLISIÓN POR CORTE DE CIRCULACIÓN,ASFALTO,Bueno,Bueno,2,VOLKSWAGEN /BORA,ROJO,2,,22,MASCULINO,SIN DATOS,0,0,Morelia,Chapultepec Sur,febrero,sábado,20,-101.171449125214,19.6920309500482
33531,33536,2021,,2021/02/20,19:50:00,COLISIÓN POR CAMBIO DE CARRIL,ASFALTO,Bueno,Regular,2,NISSAN,GRIS,2,,35,FEMENINO,SIN DATOS,0,0,Morelia,Sin datos,febrero,sábado,20,-101.281692484927,19.5954279319286
33534,33539,2021,,2021/02/20,22:00:00,COLISIÓN CONTRA OBJETO FIJO,CONCRETO,Bueno,Bueno,1,CHEVROLET,PLATA,1,,30,MASCULINO,SIN DATOS,0,0,Morelia,Mision del Valle,febrero,sábado,22,-101.118891430371,19.7661128229547
33535,33540,2021,MOR210125582,2021/02/20,22:50:00,COLISIÓN POR INVASIÓN DE CARRIL,CONCRETO,Bueno,Bueno,2,JEEP,BLANCO,2,,43,FEMENINO,SIN DATOS,0,0,Morelia,Valle Quieto,febrero,sábado,23,-101.202741372086,19.680733358466
33536,33541,2021,,2021/02/21,"01:10:00",COLISIÓN CONTRA OBJETO FIJO,ASFALTO,Bueno,Bueno,1,MAZDA,GRIS,1,,22,MASCULINO,CON CERTIFICADO,0,0,Morelia,Chapultepec Oriente,febrero,domingo,1,-101.162603260887,19.6920128556805
33538,33543,2021,,2021/02/21,"03:15:00",COLISIÓN CONTRA OBJETO FIJO,ASFALTO,Bueno,Bueno,1,FORD,NEGRO,1,,23,FEMENINO,CON CERTIFICADO,0,0,Morelia,Cinco de Diciembre,febrero,domingo,3,-101.162815939039,19.6862710903522
33540,33545,2021,,2021/02/21,"04:00:00",COLISIÓN POR CORTE DE CIRCULACIÓN,ASFALTO,Bueno,Bueno,2,KIA,GRIS,2,,,MASCULINO,SIN DATOS,0,0,Morelia,Colinas del Sur,febrero,domingo,4,-101.19849641,19.6626675899991
33541,33546,2021,,2021/02/21,"06:20:00",COLISIÓN POR CORTE DE CIRCULACIÓN,ASFALTO,Bueno,Bueno,1,NISSAN,ROJO,1,,0,,SIN DATOS,0,0,Morelia,Morelos,febrero,domingo,6,-101.211963258684,19.6922835349462
33542,33547,2021,MOR 210131152,2021/02/21,12:00:00,COLISIÓN POR ALCANCE,ASFALTO,Bueno,Regular,2,VOLKSWAGEN,BLANCO,2,,41,MASCULINO,SIN DATOS,0,0,Tarímbaro,Los Angeles,febrero,domingo,12,-101.172225455838,19.7498339311879
33543,33548,2021,MOR 210129664,2021/02/21,13:40:00,SALIDA DE SUPERFICIE DE RODAMIENTO,CONCRETO,Bueno,Bueno,1,VOLKSWAGEN,BLANCO,1,,29,MASCULINO,CON CERTIFICADO,0,0,Morelia,Bosques Tres Marias,febrero,domingo,14,-101.102,19.7232
33544,33549,2021,MOR210129862,2021/02/21,14:45:00,COLISIÓN POR ALCANCE,CONCRETO,Bueno,Bueno,2,MAZDA,BLANCO,2,,46,MASCULINO,SIN DATOS,0,0,Morelia,Industrial,febrero,domingo,15,-101.196189005906,19.710209818625
33545,33550,2021,,2021/02/21,18:16:00,COLISIÓN POR ALCANCE,ASFALTO,Bueno,Bueno,2,ITALIKA,NEGRO,2,,,MASCULINO,SIN DATOS,0,0,Morelia,La Colina,febrero,domingo,18,-101.215385726916,19.706845231483
33546,33551,2021,MOR210131249,2021/02/21,20:15:00,COLISIÓN CONTRA OBJETO FIJO,ASFALTO,Bueno,Regular,1,NISSAN,BLANCO,1,,66,MASCULINO,SIN DATOS,0,0,Morelia,Ampliacion La Soledad,febrero,domingo,20,-101.183816797363,19.7339668025162
33547,33552,2021,MOR2100130974,2021/02/21,20:40:00,COLISIÓN POR ALCANCE,ASFALTO,Bueno,Bueno,2,NISSAN,BLANCO,0,MINISTERIO PÚBLICO,,,,0,0,Morelia,Sin datos,febrero,domingo,21,-101.241169478081,19.6546204806303
33548,33553,2021,,2021/02/21,21:03:00,COLISIÓN POR ALCANCE,ASFALTO,Bueno,Bueno,2,VOLKSWAGEN,GRIS,2,,,MASCULINO,SIN DATOS,0,0,Morelia,Rinconada del Valle,febrero,domingo,21,-101.222201261191,19.6773787628329
33549,33554,2021,LEG35547,2021/02/21,23:00:00,COLISIÓN CONTRA OBJETO FIJO,ASFALTO,Bueno,Regular,1,CHEVROLET,ROJO,1,,24,MASCULINO,SIN DATOS,0,0,Morelia,Sin datos,febrero,domingo,23,-101.279486163783,19.6461569096811
33550,33555,2021,,2021/02/22,10:25:00,COLISIÓN POR CORTE DE CIRCULACIÓN,ASFALTO,Bueno,Bueno,2,FORD,BLANCO,2,,55,MASCULINO,SIN DATOS,0,0,Morelia,Sin datos,febrero,lunes,10,-101.114507876337,19.7368076495953
33551,33556,2021,,2021/02/22,11:10:00,COLISIÓN POR CORTE DE CIRCULACIÓN,CONCRETO,Bueno,Bueno,2,BMW,BLANCO Y  AZUL,2,MINISTERIO PÚBLICO,,MASCULINO,SIN DATOS,0,0,Morelia,Pastor Manuel Sanchez Camarena,febrero,lunes,11,-101.196827553213,19.7379532006216
33552,33557,2021,MOR210131403,2021/02/22,12:44:00,COLISIÓN CONTRA OBJETO FIJO,ASFALTO,Bueno,Bueno,2,FORD,BLANCO,1,,44,FEMENINO,SIN DATOS,0,0,Morelia,Jacarandas,febrero,lunes,13,-101.210021674633,19.7072227640878
33553,33558,2021,,2021/02/22,13:00:00,COLISIÓN POR CAMBIO DE CARRIL,CONCRETO,Bueno,Bueno,2,ITALIKA,NEGRO Y VERDE,2,,20,MASCULINO,SIN DATOS,0,0,Morelia,Vasco de Quiroga,febrero,lunes,13,-101.16963970729,19.6970582551235
33554,33559,2021,,2021/02/22,15:25:00,COLISIÓN POR CORTE DE CIRCULACIÓN,ASFALTO,Bueno,Bueno,2,CHEVROLET,BLANCO,2,,30,MASCULINO,SIN DATOS,0,0,Morelia,Mariano Michelena,febrero,lunes,15,-101.230039671063,19.6769242964485
33555,33560,2021,,2021/02/22,17:00:00,COLISIÓN POR ALCANCE,ASFALTO,Bueno,Bueno,2,Dina,AZUL,2,,36,MASCULINO,SIN DATOS,0,0,Morelia,La Quemada,febrero,lunes,17,-101.241262368858,19.7056758130647
33556,33561,2021,,2021/02/22,17:40:00,COLISIÓN CONTRA OBJETO FIJO,CONCRETO,Bueno,Bueno,1,DODGE,BLANCO,1,,33,MASCULINO,SIN DATOS,0,0,Morelia,Tzindurio Norte,febrero,lunes,18,-101.244756586182,19.7037065429431
33557,33562,2021,,2021/02/22,18:00:00,COLISIÓN POR CORTE DE CIRCULACIÓN,ASFALTO,Bueno,Bueno,2,HONDA,NEGRO,2,,46,FEMENINO,SIN DATOS,0,0,Morelia,La Esperanza,febrero,lunes,18,-101.15387968719,19.6993843249609
33558,33563,2021,,2021/02/22,18:00:00,COLISIÓN POR NO RESPETAR SEMÁFORO,ASFALTO,Bueno,Bueno,2,CHEVROLET,ROJO,2,,18,MASCULINO,SIN DATOS,0,0,Morelia,Las Americas,febrero,lunes,18,-101.153803579509,19.6880576341191
33559,33564,2021,,2021/02/22,20:00:00,COLISIÓN POR CORTE DE CIRCULACIÓN,CONCRETO,Bueno,Bueno,2,HONDA,BLANCO,1,MINISTERIO PÚBLICO,27,MASCULINO,SIN DATOS,0,0,Morelia,Centro,febrero,lunes,20,-101.181236878037,19.7061360175645
33560,33565,2021,MOR210132826,2021/02/22,20:03:00,COLISIÓN POR ALCANCE,ASFALTO,Bueno,Bueno,2,VOLKSWAGEN,ROJO,2,,38,MASCULINO,SIN DATOS,0,0,Tarímbaro,Sin datos,febrero,lunes,20,-101.177167601205,19.7587572777385
33561,33566,2021,,2021/02/22,20:34:00,COLISIÓN POR ALCANCE,ASFALTO,Bueno,Bueno,2,VOLKSWAGEN,BLANCA,2,,31,MASCULINO,SIN DATOS,0,0,Tarímbaro,Sin datos,febrero,lunes,21,-101.145162172616,19.7721155595606
33562,33567,2021,,2021/02/22,21:10:00,COLISIÓN POR CAMBIO DE CARRIL,ASFALTO,Bueno,Bueno,2,FORD,AMARILLO,2,,,MASCULINO,SIN DATOS,0,0,Morelia,El Lago 1,febrero,lunes,21,-101.219282671809,19.7275965526757
33563,33568,2021,,2021/02/22,22:40:00,SALIDA DE SUPERFICIE DE RODAMIENTO,ASFALTO,Bueno,Bueno,1,FORD,AMARILLO,1,,,,SIN DATOS,0,0,Morelia,Americas Britania,febrero,lunes,23,-101.149188168347,19.6946500790716
33564,33569,2021,MOR 2101313223,2021/02/22,23:00:00,COLISIÓN POR CORTE DE CIRCULACIÓN,CONCRETO,Bueno,Bueno,2,CHRYSLER,GRIS,2,,50,MASCULINO,SIN DATOS,0,0,Morelia,Sin datos,febrero,lunes,23,-101.11182667315,19.738374811823
33565,33570,2021,LEG35572,2021/02/23,"00:00:00",COLISIÓN POR CORTE DE CIRCULACIÓN,ASFALTO,Bueno,Bueno,2,FORD,NEGRA,2,,39,FEMENINO,SIN DATOS,0,0,Morelia,Arko San Antonio,febrero,martes,0,-101.270811259747,19.6670259659251
33566,33571,2021,,2021/02/23,"01:37:00",VOLCADURA,ASFALTO,Bueno,Bueno,1,NISSAN,AZUL,0,,,,,0,0,Peribán,Sin datos,febrero,martes,2,-102.435751266099,19.4871801135805
33567,33572,2021,,2021/02/23,"02:40:00",SUBIDA AL CAMELLÓN,ASFALTO,Bueno,Bueno,1,SATURN,GRIS,1,,41,MASCULINO,ALIENTO ETÍLICO,0,0,Morelia,Irrigacion,febrero,martes,3,-101.225011199713,19.7047112100372
33568,33573,2021,,2021/02/23,"06:30:00",COLISIÓN POR ALCANCE,ASFALTO,Bueno,Bueno,3,MERCURY,NEGRO,3,MINISTERIO PÚBLICO,28,MASCULINO,SIN DATOS,0,0,Morelia,Bosques de Oriente,febrero,martes,7,-101.155469200837,19.7155907777429
33569,33574,2021,,2021/02/23,"06:30:00",COLISIÓN POR NO RESPETAR SEMÁFORO,CONCRETO,Bueno,Bueno,2,CHEVROLET,PLATA,2,,41,MASCULINO,SIN DATOS,0,0,Morelia,Centro,febrero,martes,7,-101.190049611032,19.6959452971289
33570,33575,2021,,2021/02/23,"08:20:00",COLISIÓN CONTRA OBJETO FIJO,ASFALTO,Bueno,Bueno,1,PLYMOUTH,VERDE,1,,27,MASCULINO,SIN DATOS,0,0,Morelia,3 de Agosto,febrero,martes,8,-101.171848750248,19.7311041291174
33571,33576,2021,,2021/02/23,"09:00:00",COLISIÓN POR CORTE DE CIRCULACIÓN,ASFALTO,Bueno,Bueno,2,FORD,AZUL MARINO,2,MINISTERIO PÚBLICO,,,SIN DATOS,0,0,Tacámbaro,Sin datos,febrero,martes,9,-101.509417525756,19.2184484906629
33572,33577,2021,LEG35573,2021/02/23,"09:20:00",COLISIÓN CONTRA OBJETO FIJO,ASFALTO,Bueno,Bueno,1,NISSAN,GRIS,1,,30,MASCULINO,SIN DATOS,0,0,Morelia,Barrio Alto,febrero,martes,9,-101.196845962919,19.7248244294555
33573,33578,2021,LEG35578,2021/02/23,10:15:00,COLISIÓN POR CORTE DE CIRCULACIÓN,CONCRETO,Bueno,Bueno,2,JEEP,BLANCO,2,,29,FEMENINO,SIN DATOS,0,0,Morelia,La Loma,febrero,martes,10,-101.181453832172,19.6806277366469
33574,33579,2021,,2021/02/23,10:20:00,COLISIÓN POR ALCANCE,ASFALTO,Bueno,Bueno,2,TOYOTA,NEGRO,1,,37,MASCULINO,SIN DATOS,0,0,Morelia,Los Pinos de Michoacan,febrero,martes,10,-101.214687041938,19.6866759710554
33575,33580,2021,MOR210134488,2021/02/23,11:25:00,COLISIÓN CONTRA OBJETO FIJO,ASFALTO,Bueno,Bueno,2,DINA,ROJO/BLANCO,2,,55,MASCULINO,SIN DATOS,0,0,Morelia,Sin datos,febrero,martes,11,-101.173783659257,19.7469689712124
33576,33581,2021,"210134565",2021/02/23,11:30:00,COLISIÓN POR ALCANCE,ASFALTO,Bueno,Bueno,2,HONDA,BLANCO,2,,43,MASCULINO,SIN DATOS,0,0,Morelia,Sentimientos de La Nacion,febrero,martes,12,-101.235043027185,19.6806012186181
33577,33582,2021,,2021/02/23,13:58:00,COLISIÓN POR CAMBIO DE CARRIL,ASFALTO,Bueno,Bueno,2,NISSAN,BLANCO,2,,26,MASCULINO,SIN DATOS,0,0,Morelia,Central de Abastos,febrero,martes,14,-101.171391494572,19.716122570952
33578,33583,2021,LEG35580,2021/02/23,15:50:00,COLISIÓN POR CORTE DE CIRCULACIÓN,CONCRETO,Bueno,Bueno,2,VOLKSWAGEN,BLANCO,2,,36,MASCULINO,SIN DATOS,0,0,Morelia,Hacienda La Trinidad,febrero,martes,16,-101.227995355359,19.6739484627149
33579,33584,2021,,2021/02/23,16:05:00,COLISIÓN POR CORTE DE CIRCULACIÓN,ASFALTO,Bueno,Bueno,2,TOYOTA,BLANCO/ROJO,2,,51,MASCULINO,SIN DATOS,0,0,Morelia,Centro,febrero,martes,16,-101.19333226911,19.7039161312756
33580,33585,2021,,2021/02/23,16:15:00,COLISIÓN POR INVASIÓN DE CARRIL,ASFALTO,Bueno,Bueno,2,FREIGTHLINER,BLANCO,2,,39,MASCULINO,SIN DATOS,0,0,Charo,De Santiago,febrero,martes,16,-101.043186292731,19.7490472921771
33581,33586,2021,MOR210135568,2021/02/23,17:43:00,COLISIÓN CONTRA OBJETO FIJO,ASFALTO,Bueno,Bueno,1,NISSAN,BLANCO,1,,37,MASCULINO,SIN DATOS,0,0,Morelia,Tinijaro,febrero,martes,18,-101.259461827576,19.6969121626117
33582,33587,2021,MOR210135819,2021/02/23,19:39:00,COLISIÓN POR CORTE DE CIRCULACIÓN,ASFALTO,Bueno,Bueno,2,NISSAN,BLANCO/ROJO,2,,64,MASCULINO,SIN DATOS,0,0,Morelia,El Realito,febrero,martes,20,-101.205185987055,19.7258340134914
33583,33588,2021,MOR 210136115,2021/02/23,21:25:00,COLISIÓN POR CORTE DE CIRCULACIÓN,ASFALTO,Bueno,Bueno,2,HYUNDAI,GRIS,2,,68,MASCULINO,SIN DATOS,0,0,Morelia,Ana Maria Gallaga (Riviera Norte),febrero,martes,21,-101.224346011877,19.6767980171721
33584,33589,2021,MOR 210136285,2021/02/23,23:20:00,COLISIÓN POR CAMBIO DE CARRIL,ASFALTO,Bueno,Regular,2,ITALIKA,NEGRO,3,MINISTERIO PÚBLICO,26,MASCULINO,SIN DATOS,2,0,Morelia,Isaac Arriaga,febrero,martes,23,-101.169879734516,19.7084034767038
33585,33590,2021,MOR210136345,2021/02/24,"00:05:00",COLISIÓN CONTRA OBJETO FIJO,ASFALTO,Bueno,Bueno,1,CHEVROLET,ARENA,1,,19,MASCULINO,SIN DATOS,0,0,Morelia,Morelos,febrero,miércoles,0,-101.179694935308,19.7265293738586