fid,id_accidente,anio_origen,folio_c5i,dia_incidente,hora_ocurrencia,tipo_incidente_vial,superficie_ocurrencia,condiciones_climaticas,condiciones_via,numero_vehiculos_involucrados,marca_vehiculo_ocasiona_siniestro,color_vehiculo_ocasiona_siniestro,numero_personas_involucradas,lugar_remite_presunto_responsable,edad_presunto_responsable,sexo_presunto_responsable,resultados_toxicologia,numero_personas_lesionadas,numero_personas_fallecidas,municipio,colonia,mes,dia_semana,hora_redondeada,lon,lat
33586,33591,2021,MOR210136380,2021/02/24,"00:30:00",COLISIÓN CONTRA OBJETO FIJO,ASFALTO,Bueno,Bueno,1,FORD,BLANCO,1,,26,MASCULINO,SIN DATOS,0,0,Morelia,Clara Cordova Moran,febrero,miércoles,1,-101.18289783597,19.7323563326941
33587,33592,2021,MOR210136439,2021/02/24,"03:06:00",COLISIÓN CONTRA OBJETO FIJO,ASFALTO,Bueno,Bueno,3,JEEP,NEGRO,0,,,,,0,0,Morelia,Ejidal Ocolusen,febrero,miércoles,3,-101.153169237077,19.6864123215824
33588,33593,2021,MOR21010136484,2021/02/24,"05:56:00",COLISIÓN CONTRA OBJETO FIJO,SIN_DATOS,Bueno,Bueno,1,FORD,PLATA,0,,,,,0,0,Morelia,La Luz,febrero,miércoles,6,-101.299780823979,19.6873363411948
33589,33594,2021,,2021/02/24,"07:35:00",SALIDA DE SUPERFICIE DE RODAMIENTO,ASFALTO,Bueno,Bueno,1,RENAULT,BLANCO,1,,,,SIN DATOS,0,0,Tarímbaro,Sin datos,febrero,miércoles,8,-101.214295104146,19.7851512724466
33590,33595,2021,,2021/02/24,"08:20:00",COLISIÓN POR ALCANCE,ASFALTO,Bueno,Bueno,2,NISSAN,VERDE,2,,33,MASCULINO,SIN DATOS,0,0,Morelia,Sentimientos de La Nacion,febrero,miércoles,8,-101.236873269081,19.6848045009719
33591,33596,2021,,2021/02/24,"09:15:00",COLISIÓN POR CAMBIO DE CARRIL,ASFALTO,Bueno,Bueno,2,FORD,BLANCO,2,,,MASCULINO,SIN DATOS,0,0,Morelia,Santiaguito,febrero,miércoles,9,-101.18910446763,19.7152883830479
33592,33597,2021,,2021/02/24,"09:27:00",COLISIÓN POR ALCANCE,ASFALTO,Bueno,Bueno,2,RENAULT,BLANCO,2,,27,MASCULINO,SIN DATOS,0,0,Morelia,Sin datos,febrero,miércoles,9,-101.313858032227,19.8073493768976
33593,33598,2021,,2021/02/24,11:40:00,COLISIÓN POR ALCANCE,ASFALTO,Bueno,Bueno,2,NISSAN,AZUL,2,,32,MASCULINO,SIN DATOS,0,0,Morelia,Indeco El Vivero,febrero,miércoles,12,-101.231881647624,19.6777183038798
33594,33599,2021,,2021/02/24,12:06:00,COLISIÓN POR CORTE DE CIRCULACIÓN,CONCRETO,Bueno,Bueno,2,CHEVROLET,GRIS,2,,50,FEMENINO,SIN DATOS,0,0,Morelia,12 de Diciembre,febrero,miércoles,12,-101.151885800064,19.7017539205945
33595,33600,2021,,2021/02/24,14:10:00,COLISIÓN POR CORTE DE CIRCULACIÓN,ASFALTO,Bueno,Bueno,1,FORD,ARENA,1,,50,MASCULINO,SIN DATOS,0,0,Morelia,Sin datos,febrero,miércoles,14,-101.27906240142,19.6765909458171
33596,33601,2021,,2021/02/24,15:45:00,COLISIÓN POR CORTE DE CIRCULACIÓN,CONCRETO,Bueno,Bueno,2,DUNAMO,NARANJA,2,,26,MASCULINO,SIN DATOS,0,0,Morelia,Centro,febrero,miércoles,16,-101.177814686199,19.7018406610855
33597,33602,2021,LEG35587,2021/02/24,15:55:00,COLISIÓN POR CORTE DE CIRCULACIÓN,ASFALTO,Bueno,Bueno,2,NISSAN,BLANCO ORO VERDE,2,,38,MASCULINO,SIN DATOS,0,0,Morelia,Felix Ireta,febrero,miércoles,16,-101.195897832513,19.6822545117426
33598,33603,2021,MOR210159357,2021/02/24,15:56:00,COLISIÓN POR CORTE DE CIRCULACIÓN,ASFALTO,Bueno,Bueno,2,ITALIKA,NEGRO y  AMARILLO,0,,,,,0,0,Morelia,Enrique Ramirez,febrero,miércoles,16,-101.165869496763,19.7098507473833
33599,33604,2021,,2021/02/24,17:40:00,COLISIÓN POR CAMBIO DE CARRIL,ASFALTO,Bueno,Bueno,2,ITALIKA,ROJO,0,MINISTERIO PÚBLICO,,,,0,0,Tarímbaro,Galaxias Tarimbaro,febrero,miércoles,18,-101.195519336236,19.7627790556297
33600,33605,2021,,2021/02/24,20:30:00,COLISIÓN POR CORTE DE CIRCULACIÓN,ASFALTO,Bueno,Bueno,2,CHEVROLET,BLANCO,2,,62,FEMENINO,SIN DATOS,0,0,Morelia,Chapultepec Sur,febrero,miércoles,21,-101.177088171244,19.6919700764977
33601,33606,2021,MOR210138956,2021/02/24,23:04:00,CAIDA DE MOTOCICLETA,ASFALTO,Bueno,Malo,1,ITALIKA,NARANJA Y  NEGRO,1,,25,MASCULINO,SIN DATOS,0,0,Morelia,Independencia,febrero,miércoles,23,-101.175977736711,19.7090310172858
33602,33607,2021,LEG35624,2021/02/25,"00:00:00",COLISIÓN POR CAMBIO DE CARRIL,ASFALTO,Bueno,Bueno,2,FREIGHTLINER,BLANCO  AZUL,2,,51,MASCULINO,SIN DATOS,0,0,Morelia,Enrique Arreguin Robles,febrero,jueves,0,-101.187512572771,19.7221950550557
33603,33608,2021,MOR210139382,2021/02/25,"00:00:00",COLISIÓN POR CORTE DE CIRCULACIÓN,CONCRETO,Bueno,Bueno,2,GENERAL MOTORS,ROJO,2,,59,MASCULINO,SIN DATOS,0,0,Morelia,Jardin de La Montaña,febrero,jueves,0,-101.316,19.6906
33604,33609,2021,,2021/02/25,"00:10:00",COLISIÓN POR NO RESPETAR SEMÁFORO,ASFALTO,Bueno,Bueno,2,CHRYSLER,BLANCO,3,,26,MASCULINO,ALIENTO ETÍLICO,1,0,Morelia,Irrigacion,febrero,jueves,0,-101.223707615651,19.7049265073211
33605,33610,2021,,2021/02/25,"01:15:00",SUBIDA AL CAMELLÓN,ASFALTO,Bueno,Bueno,1,VOLKSWAGEN,AZUL,1,,30,MASCULINO,SIN DATOS,0,0,Morelia,Campestre Los Manantiales,febrero,jueves,1,-101.238338181921,19.6882346996416
33606,33611,2021,MOR210139063,2021/02/25,"08:30:00",COLISIÓN POR ALCANCE,ASFALTO,Bueno,Bueno,2,VOLKSWAGEN,VERDE,2,,21,MASCULINO,SIN DATOS,0,0,Morelia,Enrique Ramirez,febrero,jueves,9,-101.164282604374,19.7081232490644
33607,33612,2021,MOR210139067,2021/02/25,"08:45:00",COLISIÓN POR ALCANCE,ASFALTO,Bueno,Bueno,4,NISSAN,NEGRO,4,MINISTERIO PÚBLICO,44,MASCULINO,SIN DATOS,0,0,Morelia,Ciudad Industrial,febrero,jueves,9,-101.137933924116,19.7286080701562
33608,33613,2021,,2021/02/25,12:00:00,COLISIÓN POR CORTE DE CIRCULACIÓN,ASFALTO,Bueno,Bueno,2,HONDA,BLANCO,1,MINISTERIO PÚBLICO,,,,1,0,Pátzcuaro,Popular Vasco de Quiroga,febrero,jueves,12,-101.601818346176,19.5002759821986
33609,33614,2021,,2021/02/25,13:40:00,COLISIÓN CON PEATÓN,ASFALTO,Bueno,Bueno,1,NISSAN,GUINDA,2,,0,FEMENINO,SIN DATOS,1,0,Morelia,Eduardo Ruiz,febrero,jueves,14,-101.216194108129,19.7175337052424
33610,33615,2021,MOR210139983,2021/02/25,14:40:00,COLISIÓN POR CAMBIO DE CARRIL,ASFALTO,Bueno,Bueno,2,FORD,BLANCO,2,,20,MASCULINO,SIN DATOS,0,0,Morelia,Morelia 450,febrero,jueves,15,-101.217537193822,19.6757439256404
33611,33616,2021,MOR210140005,2021/02/25,16:00:00,COLISIÓN POR CORTE DE CIRCULACIÓN,ASFALTO,Bueno,Bueno,2,NISSAN,BLANCO,2,,30,MASCULINO,SIN DATOS,0,0,Morelia,Dr Miguel Silva,febrero,jueves,16,-101.188309497453,19.7211399444872
33612,33617,2021,MOR210140376,2021/02/25,16:46:00,COLISIÓN POR ALCANCE,ASFALTO,Bueno,Bueno,2,BMW,BLANCO,2,,24,FEMENINO,SIN DATOS,0,0,Morelia,Lomas de Hidalgo,febrero,jueves,17,-101.158696599305,19.6955954874125
33613,33618,2021,MOR210140435,2021/02/25,16:50:00,COLISIÓN POR ALCANCE,CONCRETO,Bueno,Bueno,2,CHEVROLET,VERDE,2,,27,MASCULINO,SIN DATOS,0,0,Morelia,Comision Federal de Electricidad,febrero,jueves,17,-101.175831861116,19.6867595972356
33614,33619,2021,MOR 210140571,2021/02/25,17:35:00,COLISIÓN POR CORTE DE CIRCULACIÓN,CONCRETO,Bueno,Bueno,2,CHEVROLET,ROJO,2,,48,FEMENINO,SIN DATOS,0,0,Morelia,Ferrocarrilero,febrero,jueves,18,-101.223855472423,19.6915508969662
33615,33620,2021,,2021/02/25,17:54:00,COLISIÓN POR CAMBIO DE CARRIL,ASFALTO,Bueno,Bueno,2,TOYOTA,BLANCO,2,,38,MASCULINO,SIN DATOS,0,0,Morelia,Ventura Puente,febrero,jueves,18,-101.179306175216,19.6935429871923
33616,33621,2021,LEG35622,2021/02/25,20:29:00,COLISIÓN POR ALCANCE,ASFALTO,Bueno,Bueno,2,VOLKSWAGEN,BLANCO,2,,47,FEMENINO,SIN DATOS,0,0,Morelia,Niño Artillero,febrero,jueves,20,-101.250212801281,19.6986147555327
33617,33622,2021,,2021/02/25,21:00:00,COLISIÓN POR CORTE DE CIRCULACIÓN,SIN_DATOS,Bueno,Bueno,2,DODGE,BLANCO Y AZUL,2,,32,MASCULINO,SIN DATOS,0,0,Morelia,Chapultepec Norte,febrero,jueves,21,-101.176202945,19.6965285599991
33618,33623,2021,LEG35619,2021/02/25,21:20:00,COLISIÓN POR MANIOBRA DE REVERSA,CONCRETO,Bueno,Bueno,2,FORD,NEGRO,2,,0,MASCULINO,ALIENTO ETÍLICO,0,0,Morelia,Ignacio Zaragoza,febrero,jueves,21,-101.203396394415,19.7244205182344
33619,33624,2021,LEG35623,2021/02/25,21:20:00,COLISIÓN POR ALCANCE,ASFALTO,Bueno,Regular,2,NISSAN,GRIS,2,,45,MASCULINO,SIN DATOS,0,0,Morelia,Lomas del Valle,febrero,jueves,21,-101.231573864139,19.6895741351533
33620,33625,2021,,2021/02/25,22:40:00,COLISIÓN POR CAMBIO DE CARRIL,CONCRETO,Bueno,Bueno,2,GENERAL MOTORS,GRIS,1,,38,MASCULINO,SIN DATOS,0,0,Morelia,Manuel Garcia Pueblita,febrero,jueves,23,-101.265574891764,19.6997006099547
33621,33626,2021,,2021/02/25,23:50:00,COLISIÓN CONTRA OBJETO FIJO,ASFALTO,Bueno,Bueno,1,VOLKSWAGEN,BLANCO,3,MINISTERIO PÚBLICO,24,MASCULINO,SIN DATOS,2,0,Morelia,2 de Octubre,febrero,jueves,0,-101.378386951983,19.6719734425086
33622,33627,2021,LEG35626,2021/02/26,"00:00:00",COLISIÓN POR ALCANCE,ASFALTO,Bueno,Bueno,2,PEUGEOT,AZUL,2,,51,MASCULINO,SIN DATOS,0,0,Morelia,Las Flores,febrero,viernes,0,-101.205303945246,19.7071860322314
33624,33629,2021,,2021/02/26,"09:30:00",COLISIÓN POR CORTE DE CIRCULACIÓN,ASFALTO,Bueno,Bueno,2,NISSAN,GRIS,2,,41,MASCULINO,SIN DATOS,0,0,Morelia,Felix Ireta,febrero,viernes,10,-101.1919749,19.6869904499991
33625,33630,2021,,2021/02/26,10:31:00,COLISIÓN POR CAMBIO DE CARRIL,ASFALTO,Bueno,Bueno,2,CHEVROLET,BLANCO,2,,52,MASCULINO,SIN DATOS,0,0,Morelia,Centro,febrero,viernes,11,-101.18218963,19.7028850649992
33626,33631,2021,,2021/02/26,11:20:00,COLISIÓN POR CAMBIO DE CARRIL,ASFALTO,Bueno,Bueno,2,NISSAN,BLANCO,2,,61,MASCULINO,SIN DATOS,1,0,Morelia,Torreon Nuevo,febrero,viernes,11,-101.207644850679,19.7494147681465
33627,33632,2021,,2021/02/26,14:00:00,COLISIÓN POR CAMBIO DE CARRIL,ASFALTO,Bueno,Bueno,2,NISSAN,ARENA,2,,71,MASCULINO,SIN DATOS,0,0,Morelia,Tinijaro,febrero,viernes,14,-101.26316,19.6963297049991
33628,33633,2021,,2021/02/26,15:20:00,COLISIÓN POR ALCANCE,ASFALTO,Bueno,Bueno,2,SEAT,AMARILLO,2,,20,MASCULINO,SIN DATOS,0,0,Morelia,Felix Ireta,febrero,viernes,15,-101.1919749,19.6869904499991
33629,33634,2021,,2021/02/26,16:00:00,COLISIÓN POR INVASIÓN DE CARRIL,ASFALTO,Bueno,Bueno,2,NISSAN,AZUL,3,MINISTERIO PÚBLICO,,,,2,1,Coeneo,Sin datos,febrero,viernes,16,-101.569969765842,19.8503450431177
33630,33635,2021,,2021/02/26,16:40:00,COLISIÓN CONTRA OBJETO FIJO,CONCRETO,Bueno,Bueno,2,MITSUBISHI,VERDE,2,,,,SIN DATOS,0,0,Morelia,Torreon Nuevo,febrero,viernes,17,-101.20358663,19.7462449699991
33631,33636,2021,,2021/02/26,17:30:00,VOLCADURA,TERRACERIA,Bueno,Bueno,1,NISSAN,BLANCO/ROJO,1,,24,MASCULINO,SIN DATOS,0,0,Santa Ana Maya,Sin datos,febrero,viernes,18,-100.993564991768,19.9898807545146
33632,33637,2021,,2021/02/26,18:45:00,COLISIÓN POR CAMBIO DE CARRIL,ASFALTO,Bueno,Bueno,2,CHEVROLET AVEO,AZUL,2,,22,FEMENINO,SIN DATOS,0,0,Morelia,Tinijaro,febrero,viernes,19,-101.26316,19.6963297049991
33633,33638,2021,,2021/02/26,19:15:00,COLISIÓN POR CAMBIO DE CARRIL,ASFALTO,Bueno,Bueno,2,KENWORTH,ROJO,2,,35,MASCULINO,SIN DATOS,0,0,Morelia,Ciudad Industrial,febrero,viernes,19,-101.14554366932,19.7284851395985
33636,33641,2021,,2021/02/26,21:00:00,COLISIÓN POR ALCANCE,ASFALTO,Bueno,Bueno,2,DODGE,ROJO,2,,23,MASCULINO,SIN DATOS,0,0,Morelia,Centro,febrero,viernes,21,-101.18218963,19.7028850649992
33637,33642,2021,MOR210141290,2021/02/26,22:57:00,COLISIÓN POR ALCANCE,ASFALTO,Bueno,Bueno,2,CHEVROLET,BLANCO,2,,56,MASCULINO,SIN DATOS,0,0,Morelia,Valerio Trujano,febrero,viernes,23,-101.232142704694,19.6906454337858
33638,33643,2021,LEG35658,2021/02/27,"00:00:00",COLISIÓN POR CORTE DE CIRCULACIÓN,ASFALTO,Bueno,Bueno,2,HONDA,ROJO,2,,36,MASCULINO,SIN DATOS,0,0,Morelia,Juarez,febrero,sábado,0,-101.19951043278,19.6981943056737
33639,33644,2021,MOR210145613,2021/02/27,"00:00:00",COLISIÓN POR CORTE DE CIRCULACIÓN,ASFALTO,Bueno,Bueno,2,FORD,BLANCO Y AZUL,2,,30,MASCULINO,SIN DATOS,0,0,Morelia,La Aurora,febrero,sábado,0,-101.225202977657,19.7267314958732
33640,33645,2021,,2021/02/27,"00:05:00",COLISIÓN POR CORTE DE CIRCULACIÓN,ASFALTO,Bueno,Bueno,2,VOLKSWAGEN,BLANCO,2,,16,MASCULINO,SIN DATOS,0,0,Morelia,Felix Ireta,febrero,sábado,0,-101.190105135,19.6853188699992
33641,33646,2021,,2021/02/27,"07:40:00",COLISIÓN CONTRA OBJETO FIJO,CONCRETO,Bueno,Bueno,1,JEEP LIBERTY,NEGRO,1,,35,MASCULINO,SIN DATOS,0,0,Morelia,Ampliacion La Soledad,febrero,sábado,8,-101.18688052012,19.7304200406937
33642,33647,2021,LEG35644,2021/02/27,"07:40:00",COLISIÓN POR NO RESPETAR SEMÁFORO,ASFALTO,Bueno,Bueno,2,FORD,BLANCO,2,,24,MASCULINO,SIN DATOS,0,0,Morelia,Nueva Valladolid,febrero,sábado,8,-101.208837448872,19.7020727546024
33645,33650,2021,LEG35648,2021/02/27,13:40:00,COLISIÓN POR CAMBIO DE CARRIL,ASFALTO,Bueno,Bueno,2,NISSAN,NEGRO,2,MINISTERIO PÚBLICO,27,FEMENINO,SIN DATOS,0,0,Morelia,Isaac Arriaga,febrero,sábado,14,-101.166255369094,19.7101575712171
33646,33651,2021,MOR 210145424,2021/02/27,14:50:00,COLISIÓN POR CORTE DE CIRCULACIÓN,ASFALTO,Bueno,Bueno,2,HONDA,NEGRO,2,,32,FEMENINO,SIN DATOS,0,0,Morelia,Jardines de Guadalupe,febrero,sábado,15,-101.22867996,19.7110228799992
33647,33652,2021,MOR210145136,2021/02/27,15:20:00,COLISIÓN CONTRA OBJETO FIJO,CONCRETO,Bueno,Bueno,1,KENWORTH,NEGRO,1,,26,MASCULINO,SIN DATOS,0,0,Morelia,Alfonso Garcia Robles,febrero,sábado,15,-101.181842081927,19.7190956910765
33648,33653,2021,,2021/02/27,17:28:00,COLISIÓN POR CORTE DE CIRCULACIÓN,ASFALTO,Bueno,Bueno,2,SEAT,BLANCO,2,MINISTERIO PÚBLICO,,MASCULINO,SIN DATOS,0,0,Morelia,Felix Ireta,febrero,sábado,17,-101.195907921277,19.6821866101972
33649,33654,2021,LEG35651,2021/02/27,17:30:00,COLISIÓN POR ALCANCE,ASFALTO,Bueno,Bueno,3,FORD,NEGRO,3,MINISTERIO PÚBLICO,71,MASCULINO,CON CERTIFICADO,0,0,Morelia,Eduardo Ruiz,febrero,sábado,18,-101.221859682349,19.7216992118204
33650,33655,2021,MOR210145932,2021/02/27,19:25:00,SALIDA DE SUPERFICIE DE RODAMIENTO,ASFALTO,Bueno,Bueno,1,VOLKSWAGEN,BLANCO,1,,,,SIN DATOS,0,0,Morelia,Valle de Las Flores,febrero,sábado,19,-101.126877553761,19.6876605130419
33651,33656,2021,,2021/02/27,19:55:00,COLISIÓN POR MANIOBRA DE REVERSA,CONCRETO,Bueno,Bueno,2,NISSAN,NEGRO,2,MINISTERIO PÚBLICO,28,MASCULINO,SIN DATOS,0,0,Morelia,Adolfo Lopez Mateos,febrero,sábado,20,-101.228369745,19.6980963249992
33652,33657,2021,,2021/02/27,20:50:00,COLISIÓN CONTRA OBJETO FIJO,SIN_DATOS,Bueno,Bueno,1,SEAT,ROJO,0,MINISTERIO PÚBLICO,,,,0,0,Pátzcuaro,Centro,febrero,sábado,21,-101.617680595014,19.5162073244002
33653,33658,2021,MOR210146290,2021/02/27,21:02:00,COLISIÓN POR NO RESPETAR SEMÁFORO,ASFALTO,Bueno,Bueno,2,ITALIKA,NEGRO,2,,25,MASCULINO,SIN DATOS,0,0,Morelia,Insurgentes,febrero,sábado,21,-101.155416805,19.6953315299991
33654,33659,2021,MOR 210147024,2021/02/28,"01:30:00",SUBIDA AL CAMELLÓN,ASFALTO,Bueno,Regular,1,CHEVROLET,ARENA,1,,25,MASCULINO,CON CERTIFICADO,0,0,Morelia,Nicolaitas Ilustres,febrero,domingo,2,-101.228142343462,19.7197014123325
33655,33660,2021,MOR210147174,2021/02/28,"03:18:00",COLISIÓN POR NO RESPETAR SEMÁFORO,ASFALTO,Bueno,Bueno,2,VOLKSWAGEN,GRIS OSCURO,2,,42,MASCULINO,SIN DATOS,0,0,Morelia,Centro,febrero,domingo,3,-101.18218963,19.7028850649992
33657,33662,2021,,2021/02/28,12:20:00,COLISIÓN POR ALCANCE,ASFALTO,Bueno,Bueno,2,ITALIKA,NEGRO CON AMARILLO,0,MINISTERIO PÚBLICO,,,,0,0,Morelia,Nueva Valladolid,febrero,domingo,12,-101.2082862854,19.7016677770529
33658,33663,2021,,2021/02/28,14:20:00,COLISIÓN POR CAMBIO DE CARRIL,ASFALTO,Bueno,Bueno,2,VOLKSWAGEN,BLANCO,2,,32,MASCULINO,SIN DATOS,0,0,Morelia,La Quemada,febrero,domingo,14,-101.240059827697,19.7032952648833
33659,33664,2021,,2021/02/28,16:10:00,COLISIÓN POR CORTE DE CIRCULACIÓN,CONCRETO,Bueno,Bueno,2,NISSAN,BLANCO,2,,58,MASCULINO,SIN DATOS,0,0,Morelia,Vasco de Quiroga,febrero,domingo,16,-101.172084441176,19.7019638559701
33661,33666,2021,"210145778",2021/02/28,17:35:00,COLISIÓN POR NO RESPETAR SEMÁFORO,ASFALTO,Bueno,Bueno,2,VOLKSWAGEN,AZUL,1,MINISTERIO PÚBLICO,27,MASCULINO,SIN DATOS,0,0,Morelia,Del Empleado,febrero,domingo,18,-101.18002517,19.6886070099991
33662,33667,2021,,2021/02/28,18:42:00,COLISIÓN CONTRA OBJETO FIJO,CONCRETO,Bueno,Bueno,1,BMW,BLANCO,1,,,,SIN DATOS,0,0,Morelia,Vistas de Altozano,febrero,domingo,19,-101.167,19.6551
33663,33668,2021,,2021/02/28,18:50:00,COLISIÓN POR CAMBIO DE CARRIL,ASFALTO,Bueno,Bueno,2,BAJAJ PULSAR,AZUL,2,,19,MASCULINO,SIN DATOS,0,0,Morelia,Eduardo Ruiz,febrero,domingo,19,-101.221859682349,19.7216992118204
33664,33669,2021,,2021/02/28,20:00:00,COLISIÓN POR INVASIÓN DE CARRIL,ADOQUIN_EMPEDRADO,Bueno,Regular,2,ITALIKA,AZUL/BLANCO,3,MINISTERIO PÚBLICO,30,,SIN DATOS,2,0,Pátzcuaro,Revolucion,febrero,domingo,20,-101.613437828011,19.5321600197573
33665,33670,2021,,2021/02/28,20:05:00,COLISIÓN POR ALCANCE,ASFALTO,Bueno,Bueno,2,NISSAN/MARCH,GRIS,2,,23,MASCULINO,SIN DATOS,0,0,Morelia,Ignacio Zaragoza,febrero,domingo,20,-101.20537203,19.7251967149991
33666,33671,2021,,2021/02/28,20:30:00,COLISIÓN POR CORTE DE CIRCULACIÓN,ASFALTO,Bueno,Bueno,2,CHEVROLET,BLANCO,2,,,FEMENINO,SIN DATOS,0,0,Morelia,Dr Miguel Silva,febrero,domingo,21,-101.187927793444,19.7204887484457
33667,33672,2021,,2021/03/01,"02:09:00",SUBIDA AL CAMELLÓN,ASFALTO,Bueno,Bueno,1,NISSAN,AZUL MARINO,1,,30,MASCULINO,CON CERTIFICADO,0,0,Morelia,Tinijaro,marzo,lunes,2,-101.26316,19.6963297049991
33668,33673,2021,LEG35673,2021/03/01,"09:05:00",COLISIÓN POR CORTE DE CIRCULACIÓN,CONCRETO,Bueno,Bueno,2,CHEVROLET,VERDE,2,,50,MASCULINO,SIN DATOS,0,0,Morelia,La Aldea,marzo,lunes,9,-101.133578717709,19.7494735787152
33669,33674,2021,MOR210150068,2021/03/01,"09:50:00",COLISIÓN POR CORTE DE CIRCULACIÓN,ASFALTO,Bueno,Bueno,2,NISSAN,GRIS,2,,46,FEMENINO,SIN DATOS,0,0,Morelia,Isaac Arriaga,marzo,lunes,10,-101.1714351719,19.707712433197
33670,33675,2021,NOR210145613,2021/03/01,10:15:00,COLISIÓN POR CORTE DE CIRCULACIÓN,ASFALTO,Bueno,Bueno,2,NISSAN,BLANCO Y ROJO,2,,60,MASCULINO,SIN DATOS,0,0,Morelia,Camelinas,marzo,lunes,10,-101.174177669667,19.6819230107335
33671,33676,2021,,2021/03/01,12:00:00,COLISIÓN POR CORTE DE CIRCULACIÓN,ASFALTO,Bueno,Bueno,2,FORD,AZUL/GRIZ,0,MINISTERIO PÚBLICO,,,,0,0,Lázaro Cárdenas,Centro,marzo,lunes,12,-102.196701399304,17.9598331085116
33672,33677,2021,MOR210053205,2021/03/01,12:10:00,COLISIÓN POR CORTE DE CIRCULACIÓN,ASFALTO,Bueno,Bueno,2,YAMAHA,BLANCA CON NEGRO,2,,29,MASCULINO,SIN DATOS,0,0,Morelia,Primaveras,marzo,lunes,12,-101.225706775764,19.679157557878
33673,33678,2021,,2021/03/01,14:30:00,CAIDA DE MOTOCICLETA,ASFALTO,Bueno,Bueno,1,ITALIKA,AMARILLO,1,,43,MASCULINO,SIN DATOS,0,0,Morelia,Lomas de Hidalgo,marzo,lunes,15,-101.158749207176,19.6956138244634
33674,33679,2021,MOR21015324,2021/03/01,14:40:00,COLISIÓN POR ALCANCE,CONCRETO,Bueno,Bueno,3,INTERNACIONAL,BLANCO,2,,35,FEMENINO,SIN DATOS,0,0,Morelia,Francisco J Mujica,marzo,lunes,15,-101.188228726387,19.721506884744
33675,33680,2021,,2021/03/01,14:45:00,COLISIÓN POR CORTE DE CIRCULACIÓN,ASFALTO,Bueno,Bueno,0,,,0,,,,,0,0,Morelia,Isaac Arriaga,marzo,lunes,15,-101.174243353307,19.7064661771883
33676,33681,2021,MOR210151186,2021/03/01,16:15:00,COLISIÓN POR CORTE DE CIRCULACIÓN,ASFALTO,Bueno,Bueno,2,HYUNDAI,NEGRO,2,,37,MASCULINO,SIN DATOS,0,0,Morelia,Bosques de Oriente,marzo,lunes,16,-101.155502454125,19.7156664408738
33677,33682,2021,MOR210151517,2021/03/01,16:34:00,COLISIÓN POR ALCANCE,ASFALTO,Bueno,Bueno,2,NISSAN,BLANCO,2,,30,MASCULINO,SIN DATOS,0,0,Morelia,Francisco J Mujica,marzo,lunes,17,-101.184676780629,19.7249755174419
33678,33683,2021,,2021/03/01,19:30:00,COLISIÓN POR NO RESPETAR SEMÁFORO,ASFALTO,Bueno,Bueno,2,RENAULT,BLANCO,2,,49,FEMENINO,SIN DATOS,0,0,Morelia,Comision Federal de Electricidad,marzo,lunes,20,-101.181341788985,19.6815094586049
33679,33684,2021,LEG35674,2021/03/01,20:10:00,COLISIÓN POR CORTE DE CIRCULACIÓN,ASFALTO,Bueno,Bueno,1,NISSAN,BLANCO,1,,30,MASCULINO,SIN DATOS,0,0,Morelia,Morelia 450,marzo,lunes,20,-101.216766424477,19.6755377444349
33680,33685,2021,,2021/03/01,20:55:00,COLISIÓN POR ALCANCE,SIN_DATOS,Bueno,Bueno,2,HONDA,GRIS,2,,43,MASCULINO,SIN DATOS,0,0,Morelia,Centro,marzo,lunes,21,-101.195271871984,19.696267844528
33681,33686,2021,,2021/03/02,"00:00:00",COLISIÓN POR MANIOBRA DE REVERSA,ASFALTO,Bueno,Bueno,2,KENWORTH,BLANCO,2,,30,MASCULINO,SIN DATOS,0,0,Morelia,Prados Verdes,marzo,martes,0,-101.197074011646,19.7179692861777
33682,33687,2021,LEG35688,2021/03/02,"00:35:00",COLISIÓN CONTRA OBJETO FIJO,ASFALTO,Bueno,Bueno,1,IBIZA,GRIS,1,MINISTERIO PÚBLICO,,,,1,0,Morelia,La Esperanza,marzo,martes,1,-101.252181641757,19.6981260665494
33683,33688,2021,MOR210152567,2021/03/02,"06:50:00",COLISIÓN POR NO RESPETAR SEMÁFORO,ASFALTO,Bueno,Bueno,2,HYUDAI,GRIS,2,MINISTERIO PÚBLICO,23,MASCULINO,SIN DATOS,0,0,Morelia,Comision Federal de Electricidad,marzo,martes,7,-101.181288876318,19.6813853927581
33684,33689,2021,,2021/03/02,"06:58:00",CAIDA DE MOTOCICLETA,ASFALTO,Bueno,Bueno,1,YAMAHA,AZUL,1,,49,MASCULINO,SIN DATOS,0,0,Morelia,Sin datos,marzo,martes,7,-101.118298843503,19.6882700840258
33685,33690,2021,,2021/03/02,10:10:00,COLISIÓN POR CORTE DE CIRCULACIÓN,ASFALTO,Bueno,Bueno,2,CHEVROLET,PLATA,2,,24,MASCULINO,SIN DATOS,0,0,Morelia,Chapultepec Sur,marzo,martes,10,-101.176731877947,19.6909935602552
33686,33691,2021,,2021/03/02,10:45:00,COLISIÓN POR CAMBIO DE CARRIL,ASFALTO,Bueno,Bueno,2,IZUZU,BLANCO,2,,22,MASCULINO,SIN DATOS,0,0,Morelia,Santa Maria,marzo,martes,11,-101.201899945736,19.6778158253762
33688,33693,2021,,2021/03/02,12:55:00,COLISIÓN CON PEATÓN,ASFALTO,Bueno,Bueno,1,SUZUKI,AZUL Y BLANCO,3,,21,MASCULINO,SIN DATOS,2,0,Morelia,Francisco J Mujica,marzo,martes,13,-101.188273653388,19.7214214404578