fid,id_accidente,anio_origen,folio_c5i,dia_incidente,hora_ocurrencia,tipo_incidente_vial,superficie_ocurrencia,condiciones_climaticas,condiciones_via,numero_vehiculos_involucrados,marca_vehiculo_ocasiona_siniestro,color_vehiculo_ocasiona_siniestro,numero_personas_involucradas,lugar_remite_presunto_responsable,edad_presunto_responsable,sexo_presunto_responsable,resultados_toxicologia,numero_personas_lesionadas,numero_personas_fallecidas,municipio,colonia,mes,dia_semana,hora_redondeada,lon,lat
33689,33694,2021,,2021/03/02,13:20:00,COLISIÓN POR CORTE DE CIRCULACIÓN,ASFALTO,Bueno,Bueno,2,ITALIKA,NEGRO,2,,,FEMENINO,SIN DATOS,0,0,Morelia,Independencia,marzo,martes,13,-101.176170916722,19.7056175054817
33690,33695,2021,,2021/03/02,13:30:00,COLISIÓN POR CORTE DE CIRCULACIÓN,CONCRETO,Bueno,Bueno,2,VOLKSWAGEN,MARRON,2,,41,FEMENINO,SIN DATOS,0,0,Morelia,Adolfo Lopez Mateos,marzo,martes,14,-101.229496859014,19.7028170233592
33691,33696,2021,LEG35689,2021/03/02,16:50:00,COLISIÓN POR CAMBIO DE CARRIL,CONCRETO,Bueno,Bueno,2,FORD,GUINDA,2,,50,MASCULINO,SIN DATOS,0,0,Morelia,La Quemada,marzo,martes,17,-101.238353452241,19.6879336020435
33692,33697,2021,,2021/03/02,17:30:00,SALIDA DE SUPERFICIE DE RODAMIENTO,TERRACERIA,Bueno,Bueno,1,PONTIAC,GRIS,1,,,,SIN DATOS,0,0,Morelia,Jose Ma Pino Suarez,marzo,martes,18,-101.164591728973,19.7273071776246
33693,33698,2021,MOR210151760,2021/03/02,18:20:00,COLISIÓN CON PEATÓN,CONCRETO,Bueno,Bueno,1,RAM,PLATA,2,,,,SIN DATOS,1,0,Morelia,Centro,marzo,martes,18,-101.178546012804,19.7055486382254
33694,33699,2021,,2021/03/02,18:45:00,COLISIÓN POR CORTE DE CIRCULACIÓN,ASFALTO,Bueno,Bueno,2,ITALIKA TC200,BLANCO,2,,22,FEMENINO,SIN DATOS,0,0,Tarímbaro,Sin datos,marzo,martes,19,-101.153264455497,19.7696249607818
33695,33700,2021,,2021/03/02,19:15:00,COLISIÓN CONTRA OBJETO FIJO,ASFALTO,Bueno,Bueno,1,DODGE,VERDE,1,,,,SIN DATOS,0,0,Morelia,Nueva Chapultepec,marzo,martes,19,-101.174914210357,19.6906127251742
33696,33701,2021,,2021/03/02,19:20:00,COLISIÓN CONTRA OBJETO FIJO,ASFALTO,Bueno,Bueno,2,FORD,BLANCO,2,,36,MASCULINO,SIN DATOS,0,0,Morelia,Solidaridad,marzo,martes,19,-101.206254512072,19.7360162305574
33697,33702,2021,,2021/03/02,19:36:00,SUBIDA AL CAMELLÓN,ASFALTO,Bueno,Bueno,1,NISSAN,BLANCO,1,,35,MASCULINO,CON CERTIFICADO,0,0,Morelia,Montaña Monarca,marzo,martes,20,-101.164684966207,19.665590965655
33698,33703,2021,MOR210151832,2021/03/02,20:30:00,COLISIÓN POR INVASIÓN DE CARRIL,ASFALTO,Bueno,Bueno,2,NISSAN,BLANCO,2,,62,MASCULINO,ALIENTO ETÍLICO,0,0,Lagunillas,Sin datos,marzo,martes,21,-101.424538015651,19.6221334562108
33699,33704,2021,,2021/03/02,21:45:00,COLISIÓN CONTRA OBJETO FIJO,ASFALTO,Bueno,Bueno,2,INTERNATINAL,BLANCO,2,,25,MASCULINO,SIN DATOS,0,0,Morelia,Jardines del Rincon,marzo,martes,22,-101.15012538268,19.6915005026029
33700,33705,2021,,2021/03/02,22:00:00,COLISIÓN POR CORTE DE CIRCULACIÓN,CONCRETO,Bueno,Bueno,2,VOLKSWAGEN,PLATA,2,,31,MASCULINO,SIN DATOS,0,0,Morelia,Indeco Expropiacion Petrolera,marzo,martes,22,-101.225703544915,19.6848980003813
33701,33706,2021,,2021/03/03,"00:00:00",COLISIÓN POR CORTE DE CIRCULACIÓN,CONCRETO,Bueno,Bueno,2,KENWORTH,ROJO/BLANCO,2,,45,MASCULINO,SIN DATOS,0,0,Morelia,Tinijaro,marzo,miércoles,0,-101.26316,19.6963297049991
33702,33707,2021,MOR210213782,2021/03/03,"06:30:00",VOLCADURA,ASFALTO,Bueno,Bueno,1,SEAT,ROJO,1,,20,MASCULINO,CON CERTIFICADO,0,0,Morelia,Lazaro Cardenas,marzo,miércoles,7,-101.164217896081,19.7085752973855
33703,33708,2021,MOR210156122,2021/03/03,"09:40:00",COLISIÓN POR ALCANCE,ASFALTO,Bueno,Bueno,2,VOLKSWAGEN,GRIS,2,,33,MASCULINO,SIN DATOS,0,0,Morelia,Leona Vicario,marzo,miércoles,10,-101.212414028084,19.6693185545024
33704,33709,2021,MOR 2101,2021/03/03,10:50:00,COLISIÓN POR CORTE DE CIRCULACIÓN,ASFALTO,Bueno,Bueno,2,FORD,AZUL,2,,80,MASCULINO,SIN DATOS,0,0,Morelia,Nueva Chapultepec,marzo,miércoles,11,-101.164523625,19.6877866949992
33705,33710,2021,MOR210155179,2021/03/03,13:34:00,COLISIÓN CONTRA OBJETO FIJO,ASFALTO,Bueno,Bueno,2,DODGE,NEGRO,2,,33,MASCULINO,SIN DATOS,0,0,Morelia,Sin datos,marzo,miércoles,14,-101.261161647059,19.6398438224908
33706,33711,2021,,2021/03/03,14:30:00,COLISIÓN CONTRA OBJETO FIJO,ASFALTO,Bueno,Bueno,1,NISSAN,BLANCO Y ROJO,1,MINISTERIO PÚBLICO,,,SIN DATOS,0,0,Tacámbaro,Sin datos,marzo,miércoles,15,-101.449448361325,19.1941391279305
33708,33713,2021,LEG35727,2021/03/03,15:00:00,COLISIÓN POR CAMBIO DE CARRIL,ASFALTO,Bueno,Bueno,2,INTERNACIONAL,BLANCO,2,,35,MASCULINO,SIN DATOS,0,0,Morelia,Las Cruces,marzo,miércoles,15,-101.267965395205,19.6977083674228
33709,33714,2021,,2021/03/03,16:50:00,COLISIÓN POR INVASIÓN DE CARRIL,ASFALTO,Bueno,Bueno,1,NISSAN,BLANCO,1,MINISTERIO PÚBLICO,,,SIN DATOS,0,0,Tacámbaro,Sin datos,marzo,miércoles,17,-101.495239429854,19.3825360060235
33710,33715,2021,MOR210156673,2021/03/03,17:45:00,COLISIÓN POR ALCANCE,ASFALTO,Bueno,Bueno,2,CHEVROLET,NARANJA,2,,42,MASCULINO,SIN DATOS,0,0,Morelia,Lazaro Cardenas,marzo,miércoles,18,-101.162058507071,19.7101112773308
33711,33716,2021,LEG35720,2021/03/03,18:35:00,COLISIÓN POR ALCANCE,ASFALTO,Bueno,Bueno,2,JEEP,AZUL,2,,33,FEMENINO,CON CERTIFICADO,0,0,Morelia,Centro,marzo,miércoles,19,-101.18218963,19.7028850649992
33712,33717,2021,,2021/03/03,19:47:00,COLISIÓN POR CORTE DE CIRCULACIÓN,ASFALTO,Bueno,Bueno,2,FORD,ROJO,2,,68,MASCULINO,SIN DATOS,0,0,Morelia,Ignacio Zaragoza,marzo,miércoles,20,-101.205923483038,19.7246627736082
33713,33718,2021,MOR210157255,2021/03/03,20:25:00,COLISIÓN POR CAMBIO DE CARRIL,ASFALTO,Bueno,Bueno,2,MAZDA,AZUL,2,,71,MASCULINO,SIN DATOS,0,0,Morelia,Santiaguito,marzo,miércoles,20,-101.191834108722,19.7181820570845
33714,33719,2021,,2021/03/03,21:30:00,COLISIÓN POR CORTE DE CIRCULACIÓN,ASFALTO,Bueno,Bueno,2,ITALIKA,NEGRO,1,,28,MASCULINO,SIN DATOS,0,0,Morelia,Prados Verdes,marzo,miércoles,22,-101.200503185391,19.7186979870986
33715,33720,2021,LEG35726,2021/03/04,"00:00:00",COLISIÓN CONTRA OBJETO FIJO,CONCRETO,Bueno,Bueno,3,CHEVROLET,NEGRO,3,,50,MASCULINO,SIN DATOS,0,0,Morelia,Lomas de Santa Maria,marzo,jueves,0,-101.18844830177,19.6723087525902
33716,33721,2021,,2021/03/04,"08:20:00",COLISIÓN POR ALCANCE,CONCRETO,Bueno,Bueno,2,SEAT,VERDE,2,,30,MASCULINO,SIN DATOS,0,0,Morelia,Centro,marzo,jueves,8,-101.185560903775,19.7029180303804
33717,33722,2021,,2021/03/04,"08:40:00",COLISIÓN POR ALCANCE,ASFALTO,Bueno,Bueno,2,NISSAN,VERDE,2,,31,MASCULINO,SIN DATOS,0,0,Morelia,Francisco J Mujica,marzo,jueves,9,-101.186530217528,19.7233571242073
33718,33723,2021,,2021/03/04,10:15:00,COLISIÓN POR ALCANCE,ASFALTO,Bueno,Bueno,2,JEEP,VERDE,2,,20,MASCULINO,SIN DATOS,0,0,Morelia,Jardines del Rincon,marzo,jueves,10,-101.150373674251,19.6907042697701
33719,33724,2021,,2021/03/04,11:40:00,COLISIÓN POR CORTE DE CIRCULACIÓN,ASFALTO,Bueno,Bueno,2,CHEVROLET,BLANCO,2,,31,MASCULINO,SIN DATOS,0,0,Morelia,Libertad,marzo,jueves,12,-101.234036162496,19.6861685882076
33720,33725,2021,,2021/03/04,12:00:00,COLISIÓN POR ALCANCE,ASFALTO,Bueno,Bueno,3,CHEVROLET,BLANCO,3,,30,MASCULINO,SIN DATOS,0,0,Morelia,Poblado de Ocolusen,marzo,jueves,12,-101.150146113202,19.6918033747893
33721,33726,2021,,2021/03/04,14:00:00,COLISIÓN POR NO RESPETAR SEMÁFORO,ASFALTO,Bueno,Bueno,2,PONTIAC,NEGRO,2,,31,FEMENINO,SIN DATOS,0,0,Morelia,Campestre Los Manantiales,marzo,jueves,14,-101.238338090479,19.6882344126644
33722,33727,2021,,2021/03/04,14:45:00,COLISIÓN POR CORTE DE CIRCULACIÓN,ASFALTO,Bueno,Bueno,2,NISSAN NP 300,BLANCO,2,,28,MASCULINO,SIN DATOS,0,0,Tarímbaro,Sin datos,marzo,jueves,15,-101.131498359832,19.7763578805163
33723,33728,2021,,2021/03/04,15:00:00,VOLCADURA,ASFALTO,Bueno,Bueno,1,NISSAN,BLANCO,1,MINISTERIO PÚBLICO,51,MASCULINO,SIN DATOS,0,0,Morelia,Sin datos,marzo,jueves,15,-101.114530035042,19.7368080225552
33724,33729,2021,,2021/03/04,15:25:00,COLISIÓN POR ALCANCE,CONCRETO,Bueno,Bueno,2,RENAULT,ROJO,2,,35,MASCULINO,SIN DATOS,0,0,Morelia,Agustin Arriaga Rivera,marzo,jueves,15,-101.224438212812,19.6911199791471
33725,33730,2021,,2021/03/04,17:45:00,SALIDA DE SUPERFICIE DE RODAMIENTO,ASFALTO,Bueno,Bueno,1,JEEP,GUINDA,1,,,MASCULINO,SIN DATOS,0,0,Morelia,La Colina,marzo,jueves,18,-101.216132386851,19.7122120103303
33726,33731,2021,,2021/03/04,19:40:00,COLISIÓN CONTRA OBJETO FIJO,CONCRETO,Bueno,Bueno,1,FORD,BLANCO,1,MINISTERIO PÚBLICO,47,MASCULINO,SIN DATOS,0,0,Morelia,Prados del Campestre,marzo,jueves,20,-101.166414320469,19.6821038712933
33727,33732,2021,,2021/03/04,21:00:00,SALIDA DE SUPERFICIE DE RODAMIENTO,ASFALTO,Bueno,Bueno,1,VW,NEGRO,2,MINISTERIO PÚBLICO,,,,1,1,Morelia,Sin datos,marzo,jueves,21,-101.354458630085,19.6785299288923
33728,33733,2021,,2021/03/04,21:30:00,COLISIÓN POR ALCANCE,ASFALTO,Bueno,Bueno,2,CHEVROLET,ROJO,2,,34,FEMENINO,CON CERTIFICADO,0,0,Morelia,Obrera,marzo,jueves,22,-101.185407042503,19.7082949839619
33729,33734,2021,MOR210160001,2021/03/05,"01:18:00",COLISIÓN POR CAMBIO DE CARRIL,ASFALTO,Bueno,Bueno,2,VOLKSWAGEN,BLANCO,2,,24,MASCULINO,SIN DATOS,0,0,Morelia,Ana Maria Gallaga (Riviera Norte),marzo,viernes,1,-101.223990619183,19.6767907561005
33730,33735,2021,,2021/03/05,"01:50:00",COLISIÓN POR NO RESPETAR SEMÁFORO,ASFALTO,Bueno,Bueno,2,NISSAN/SENTRA,GRIS,2,MINISTERIO PÚBLICO,45,MASCULINO,SIN DATOS,0,0,Morelia,Sentimientos de La Nacion,marzo,viernes,2,-101.236871897486,19.6848039270054
33731,33736,2021,,2021/03/05,"03:00:00",COLISIÓN POR ALCANCE,ASFALTO,Bueno,Bueno,2,FORD,ROJO,2,MINISTERIO PÚBLICO,,,SIN DATOS,0,0,Lázaro Cárdenas,Centro,marzo,viernes,3,-102.191852,17.955388
33732,33737,2021,,2021/03/05,"04:00:00",COLISIÓN CONTRA OBJETO FIJO,ASFALTO,Bueno,Bueno,1,VOLKSWAGEN,GRIS,1,,30,,ALIENTO ETÍLICO,0,0,Morelia,Huertitas,marzo,viernes,4,-101.213568560779,19.7228789222626
33733,33738,2021,,2021/03/05,"07:00:00",VOLCADURA,ASFALTO,Bueno,Bueno,1,JEEP,NEGRO,1,,35,FEMENINO,SIN DATOS,0,0,Peribán,Sin datos,marzo,viernes,7,-102.456758022308,19.5612465877652
33734,33739,2021,,2021/03/05,"07:30:00",COLISIÓN CON PEATÓN,ASFALTO,Bueno,Bueno,1,FORD,GRIS,1,,34,MASCULINO,SIN DATOS,0,0,Jacona,Sin datos,marzo,viernes,8,-102.35474422574,19.9291818271094
33735,33740,2021,,2021/03/05,"08:40:00",COLISIÓN POR CORTE DE CIRCULACIÓN,ASFALTO,Bueno,Bueno,2,HONDA,ROJO,2,,21,MASCULINO,SIN DATOS,0,0,Morelia,Independencia,marzo,viernes,9,-101.177685907617,19.7049343696971
33736,33741,2021,MOR2010160248,2021/03/05,"09:10:00",COLISIÓN POR CORTE DE CIRCULACIÓN,CONCRETO,Bueno,Bueno,2,CHEVROLET,GRIS,2,,37,FEMENINO,SIN DATOS,0,0,Morelia,Villas del Pedregal,marzo,viernes,9,-101.300508007407,19.6717558909594
33737,33742,2021,,2021/03/05,10:10:00,COLISIÓN POR CAMBIO DE CARRIL,ASFALTO,Bueno,Bueno,2,FORD,ROJO,2,,32,MASCULINO,SIN DATOS,0,0,Morelia,Industrial,marzo,viernes,10,-101.197963804007,19.7069642273767
33738,33743,2021,,2021/03/05,10:15:00,COLISIÓN POR CAMBIO DE CARRIL,ASFALTO,Bueno,Bueno,2,International,BLANCO,2,,21,MASCULINO,SIN DATOS,0,0,Tarímbaro,Sin datos,marzo,viernes,10,-101.159517019987,19.7672500615016
33739,33744,2021,,2021/03/05,10:50:00,COLISIÓN CON PEATÓN,SIN_DATOS,Bueno,Bueno,1,TOYOTA,BCP/ROJO,1,,28,,SIN DATOS,0,0,Morelia,Centro,marzo,viernes,11,-101.183202693357,19.7029700806561
33740,33745,2021,LEG35751,2021/03/05,11:10:00,COLISIÓN POR CORTE DE CIRCULACIÓN,ASFALTO,Bueno,Bueno,2,NISSAN,BLANCO Y ROSA,2,,34,MASCULINO,SIN DATOS,0,0,Tarímbaro,Real Hacienda,marzo,viernes,11,-101.196706518531,19.7518443249936
33741,33746,2021,MOR210160985,2021/03/05,13:46:00,COLISIÓN POR CORTE DE CIRCULACIÓN,ASFALTO,Bueno,Bueno,2,TOYOTA,VERDE,2,,45,FEMENINO,SIN DATOS,0,0,Morelia,Enrique Ramirez,marzo,viernes,14,-101.165879555047,19.7098475910517
33742,33747,2021,MOR210161269,2021/03/05,15:00:00,COLISIÓN POR CORTE DE CIRCULACIÓN,ASFALTO,Bueno,Bueno,2,NISSAN,PLATA,2,,20,MASCULINO,SIN DATOS,0,0,Morelia,Lomas del Tecnologico,marzo,viernes,15,-101.188373870459,19.7211677182419
33743,33748,2021,,2021/03/05,16:10:00,COLISIÓN POR ALCANCE,CONCRETO,Bueno,Bueno,2,VOLKSWAGEN,ARENA,2,,,MASCULINO,SIN DATOS,0,0,Morelia,Alberto Oviedo Mota,marzo,viernes,16,-101.195875003256,19.6824485733917
33744,33749,2021,MOR210161289,2021/03/05,16:45:00,COLISIÓN POR CORTE DE CIRCULACIÓN,ASFALTO,Bueno,Bueno,2,NISSAN,BLANCO,2,,59,MASCULINO,SIN DATOS,0,0,Morelia,Paraiso del Sur,marzo,viernes,17,-101.195507906377,19.6576649244722
33745,33750,2021,LEG35758,2021/03/05,16:45:00,COLISIÓN POR CORTE DE CIRCULACIÓN,ASFALTO,Bueno,Bueno,2,NISSAN,BLANCO,2,,59,MASCULINO,CON CERTIFICADO,0,0,Morelia,Paraiso del Sur,marzo,viernes,17,-101.195670881056,19.6577186282812
33746,33751,2021,MOR210109651,2021/03/05,18:35:00,COLISIÓN CONTRA OBJETO FIJO,ASFALTO,Bueno,Bueno,1,VOLKSWAGEN,BLANCO,1,,0,,SIN DATOS,0,0,Morelia,Las Americas,marzo,viernes,19,-101.159017793834,19.6879682977442
33747,33752,2021,,2021/03/05,19:05:00,COLISIÓN POR CAMBIO DE CARRIL,CONCRETO,Bueno,Bueno,2,VOLKSWAGEN,AZUL,2,,31,MASCULINO,SIN DATOS,0,0,Morelia,Centro,marzo,viernes,19,-101.194393113256,19.696693669256
33748,33753,2021,LEG35755,2021/03/05,19:28:00,COLISIÓN CONTRA OBJETO FIJO,CONCRETO,Bueno,Bueno,1,FREIGTLINER,BLANCO,1,,29,,SIN DATOS,0,0,Morelia,Martires de Uruapan,marzo,viernes,19,-101.202635876834,19.7255293715944
33749,33754,2021,LEG35761,2021/03/05,20:00:00,COLISIÓN POR ALCANCE,ASFALTO,Bueno,Bueno,2,FORD,GRIS,2,,,MASCULINO,SIN DATOS,0,0,Morelia,Enrique Ramirez,marzo,viernes,20,-101.165044930885,19.7086428976459
33750,33755,2021,MOR210161930,2021/03/05,20:50:00,COLISIÓN POR CORTE DE CIRCULACIÓN,CONCRETO,Bueno,Bueno,2,AUDI,PLATA,2,,36,MASCULINO,SIN DATOS,0,0,Morelia,Elias Perez Avalos,marzo,viernes,21,-101.165054440498,19.7116245959156
33751,33756,2021,MOR210161999,2021/03/05,21:11:00,COLISIÓN POR CORTE DE CIRCULACIÓN,ASFALTO,Bueno,Bueno,2,VOLKSWAGEN,MARFIL,2,,30,MASCULINO,SIN DATOS,0,0,Morelia,Nueva Chapultepec,marzo,viernes,21,-101.175762824714,19.6870594630276
33752,33757,2021,LEG35763,2021/03/05,22:00:00,COLISIÓN CONTRA OBJETO FIJO,CONCRETO,Bueno,Bueno,1,CHRISLER,GUINDA,1,,0,,SIN DATOS,0,0,Morelia,Union,marzo,viernes,22,-101.155164465308,19.7091365253329
33753,33758,2021,,2021/03/05,23:00:00,COLISIÓN POR CORTE DE CIRCULACIÓN,ASFALTO,Bueno,Bueno,2,CHRYSLER,NEGRO,2,MINISTERIO PÚBLICO,,MASCULINO,SIN DATOS,0,0,Lázaro Cárdenas,Centro,marzo,viernes,23,-102.191852,17.955388
33754,33759,2021,MOR201162696,2021/03/06,"05:00:00",VOLCADURA,CONCRETO,Bueno,Bueno,1,RENAULT,GRIS,1,,31,MASCULINO,SIN DATOS,0,0,Morelia,Club de Golf Tres Marias,marzo,sábado,5,-101.115697466505,19.7034934822334
33755,33760,2021,MOR210162737,2021/03/06,"06:30:00",COLISIÓN POR ALCANCE,ASFALTO,Bueno,Bueno,4,VOLKSWAGEN,BLANCO,4,MINISTERIO PÚBLICO,28,MASCULINO,SIN DATOS,0,0,Morelia,San Pascual,marzo,sábado,7,-101.267318688333,19.6952356905282
33756,33761,2021,,2021/03/06,10:35:00,VOLCADURA,ASFALTO,Bueno,Bueno,1,KENWORTH,AMARILLO,1,,30,MASCULINO,SIN DATOS,0,0,Morelia,Sin datos,marzo,sábado,11,-101.314676075496,19.5759174657679
33757,33762,2021,,2021/03/06,12:00:00,COLISIÓN POR ALCANCE,ASFALTO,Bueno,Bueno,2,FORD,ROJO,2,,,MASCULINO,SIN DATOS,0,0,Morelia,Industrial,marzo,sábado,12,-101.198070086539,19.7067685598604
33758,33763,2021,MOR210162455,2021/03/06,12:31:00,COLISIÓN CONTRA OBJETO FIJO,ASFALTO,Bueno,Bueno,1,VW,PLATA,1,,35,MASCULINO,SIN DATOS,0,0,Morelia,Las Americas,marzo,sábado,13,-101.156516329132,19.6877176792454
33759,33764,2021,MOR210160809,2021/03/06,12:45:00,COLISIÓN POR CAMBIO DE CARRIL,ASFALTO,Bueno,Bueno,2,MAZDA,PLATA,2,,26,MASCULINO,SIN DATOS,0,0,Morelia,Las Flores,marzo,sábado,13,-101.206148564816,19.702370984773
33760,33765,2021,,2021/03/06,13:30:00,COLISIÓN POR CORTE DE CIRCULACIÓN,SIN_DATOS,Bueno,Bueno,2,VOLKSWAGEN,PLATA,2,,31,MASCULINO,SIN DATOS,0,0,Morelia,Cosmos,marzo,sábado,14,-101.215934604406,19.6844728330541
33761,33766,2021,,2021/03/06,13:40:00,COLISIÓN CONTRA OBJETO FIJO,CONCRETO,Bueno,Bueno,1,MAZDA/3,ROJO,1,,49,MASCULINO,SIN DATOS,0,0,Morelia,Union Antorchista,marzo,sábado,14,-101.269909702241,19.7012984382497
33762,33767,2021,,2021/03/06,14:15:00,COLISIÓN POR CAMBIO DE CARRIL,ASFALTO,Bueno,Bueno,2,DODGE,BLANCO,2,,33,MASCULINO,SIN DATOS,0,0,Morelia,Fray Antonio de Lisboa,marzo,sábado,14,-101.147057488561,19.6941753209907
33763,33768,2021,,2021/03/06,15:09:00,COLISIÓN POR CAMBIO DE CARRIL,ASFALTO,Bueno,Bueno,2,TOYOTA,GRIS,2,,93,MASCULINO,SIN DATOS,0,0,Morelia,Chapultepec Oriente,marzo,sábado,15,-101.15939458324,19.6899176158796
33764,33769,2021,MOR210103458,2021/03/06,15:13:00,COLISIÓN POR CAMBIO DE CARRIL,ASFALTO,Bueno,Regular,2,MERCEDES BENZ,NEGRO,2,,34,MASCULINO,SIN DATOS,0,0,Morelia,Primo Tapia Oriente,marzo,sábado,15,-101.157628379084,19.7140357014132
33765,33770,2021,,2021/03/06,15:40:00,COLISIÓN POR NO RESPETAR SEMÁFORO,ASFALTO,Bueno,Bueno,2,NISSAN,GUINDA,2,MINISTERIO PÚBLICO,,MASCULINO,SIN DATOS,0,0,Morelia,Los Girasoles,marzo,sábado,16,-101.212697879158,19.6912854188977
33766,33771,2021,,2021/03/06,15:45:00,COLISIÓN POR ALCANCE,ASFALTO,Bueno,Bueno,2,ITALIKA,BLANCO ROJO,0,,,,,0,0,Morelia,Eduardo Ruiz,marzo,sábado,16,-101.220247931778,19.7208268294985
33767,33772,2021,MOR210161497,2021/03/06,17:12:00,COLISIÓN POR CAMBIO DE CARRIL,ASFALTO,Bueno,Bueno,2,VW,NEGRO,2,,47,FEMENINO,SIN DATOS,0,0,Morelia,Francisco J Mujica,marzo,sábado,17,-101.185556910932,19.7240201546898
33768,33773,2021,,2021/03/06,19:50:00,COLISIÓN POR ALCANCE,ASFALTO,Bueno,Bueno,2,CHEVROLET,PLATA,2,,34,MASCULINO,CON CERTIFICADO,0,0,Morelia,Santiaguito,marzo,sábado,20,-101.188605271948,19.7198964327975
33769,33774,2021,,2021/03/06,20:00:00,COLISIÓN POR CORTE DE CIRCULACIÓN,ASFALTO,Bueno,Bueno,2,NISSAN,BLANCO,0,MINISTERIO PÚBLICO,,,,0,0,Lázaro Cárdenas,Lirios,marzo,sábado,20,-102.206662148237,17.9676418409057
33770,33775,2021,,2021/03/06,20:10:00,COLISIÓN POR CORTE DE CIRCULACIÓN,ASFALTO,Bueno,Bueno,2,CHRYSLER,BLANCO,2,,32,MASCULINO,SIN DATOS,0,0,Morelia,Montaña Monarca,marzo,sábado,20,-101.164686307311,19.6655900184937
33771,33776,2021,,2021/03/06,22:15:00,COLISIÓN CONTRA OBJETO FIJO,ASFALTO,Bueno,Bueno,1,PEUGEOT,AZUL,0,,,,,0,0,Huandacareo,Centro,marzo,sábado,22,-101.269929818809,19.9869829691009
33772,33777,2021,,2021/03/06,22:50:00,COLISIÓN CONTRA OBJETO FIJO,ASFALTO,Bueno,Bueno,2,FORD,ROJO,2,,,FEMENINO,SIN DATOS,0,0,Morelia,Sentimientos de La Nacion,marzo,sábado,23,-101.233231499791,19.67821170809
33773,33778,2021,,2021/03/06,23:10:00,COLISIÓN CONTRA OBJETO FIJO,ASFALTO,Bueno,Bueno,1,SEAT,GRIS,1,,30,MASCULINO,SIN DATOS,0,0,Morelia,Fuentes de Valladolid,marzo,sábado,23,-101.222486539997,19.6704779561741
33774,33779,2021,MOR20087345132,2021/03/07,"00:00:00",COLISIÓN CONTRA OBJETO FIJO,ASFALTO,Bueno,Bueno,1,RENAULT,ROJO,1,,34,MASCULINO,SIN DATOS,0,0,Morelia,Alberto Oviedo Mota,marzo,domingo,0,-101.197420351886,19.6811091643827
33775,33780,2021,MOR210166055,2021/03/07,"00:00:00",COLISIÓN CONTRA OBJETO FIJO,ASFALTO,Bueno,Bueno,1,VOLKSWAGEN,PLATA,1,,0,MASCULINO,SIN DATOS,0,0,Morelia,Montaña Monarca,marzo,domingo,0,-101.159930845999,19.6709363693877
33776,33781,2021,,2021/03/07,"00:00:00",COLISIÓN POR ALCANCE,ASFALTO,Lluvioso,Regular,2,DODGE,BLANCO,2,,41,MASCULINO,SIN DATOS,0,0,Morelia,Alberto Oviedo Mota,marzo,domingo,0,-101.20212997564,19.6771235305206
33777,33782,2021,,2021/03/07,"00:05:00",COLISIÓN CONTRA OBJETO FIJO,CONCRETO,Bueno,Bueno,1,DODGE,PLATA,1,,32,MASCULINO,SIN DATOS,0,0,Morelia,Alberto Oviedo Mota,marzo,domingo,0,-101.195664114572,19.684770177667
33778,33783,2021,MOR210103784,2021/03/07,"00:17:00",VOLCADURA,ASFALTO,Bueno,Bueno,1,SEAT,BEIGE,1,,23,MASCULINO,CON CERTIFICADO,0,0,Morelia,Balcones de Morelia,marzo,domingo,0,-101.200726479292,19.6733641295198
33779,33784,2021,,2021/03/07,"03:45:00",COLISIÓN POR CORTE DE CIRCULACIÓN,ASFALTO,Bueno,Bueno,1,SEAT,NEGRO,1,MINISTERIO PÚBLICO,,,,1,0,Pátzcuaro,Centro,marzo,domingo,4,-101.607070416212,19.5195244555255
33780,33785,2021,,2021/03/07,"05:20:00",COLISIÓN POR NO RESPETAR SEMÁFORO,ASFALTO,Bueno,Bueno,2,TOYOTA/HIACE,BLANCO MORADO,1,MINISTERIO PÚBLICO,23,MASCULINO,SIN DATOS,0,0,Morelia,San Pascual,marzo,domingo,5,-101.267322406851,19.6952366088264
33781,33786,2021,,2021/03/07,12:10:00,COLISIÓN POR ALCANCE,ASFALTO,Bueno,Bueno,2,NISSAN,BLANCO,2,,44,MASCULINO,SIN DATOS,0,0,Morelia,Sentimientos de La Nacion,marzo,domingo,12,-101.233229152858,19.6782126551766
33782,33787,2021,,2021/03/07,13:40:00,COLISIÓN POR CAMBIO DE CARRIL,ASFALTO,Bueno,Bueno,2,DODGE,GRIS,2,,36,MASCULINO,SIN DATOS,0,0,Morelia,Poblado de Ocolusen,marzo,domingo,14,-101.149484582924,19.6946785174501
33783,33788,2021,LEG35799,2021/03/07,13:45:00,COLISIÓN CONTRA OBJETO FIJO,ASFALTO,Bueno,Bueno,1,CHEVROLET,GUINDA,2,MINISTERIO PÚBLICO,17,MASCULINO,SIN DATOS,1,0,Morelia,Lomas del Tecnologico,marzo,domingo,14,-101.196182146668,19.7243111424184
33784,33789,2021,,2021/03/07,16:20:00,COLISIÓN POR CORTE DE CIRCULACIÓN,ASFALTO,Lluvioso,Regular,2,VOLKSWAGEN,GRIS,2,,34,MASCULINO,SIN DATOS,0,0,Morelia,Granjas Unidas de Morelia,marzo,domingo,16,-101.273966512896,19.6931162931773
33785,33790,2021,,2021/03/07,17:15:00,COLISIÓN POR CAMBIO DE CARRIL,ASFALTO,Bueno,Bueno,2,CHEVROLET,GRIS,2,,48,MASCULINO,ALIENTO ETÍLICO,0,0,Los Reyes,Sin datos,marzo,domingo,17,-102.43753962896,19.7065119736444
33786,33791,2021,,2021/03/07,17:40:00,COLISIÓN POR CORTE DE CIRCULACIÓN,CONCRETO,Bueno,Bueno,2,ITALIKA,ROJO,2,,18,MASCULINO,SIN DATOS,0,0,Morelia,Balcones de Morelia,marzo,domingo,18,-101.20099503547,19.67164349877