fid,id_accidente,anio_origen,folio_c5i,dia_incidente,hora_ocurrencia,tipo_incidente_vial,superficie_ocurrencia,condiciones_climaticas,condiciones_via,numero_vehiculos_involucrados,marca_vehiculo_ocasiona_siniestro,color_vehiculo_ocasiona_siniestro,numero_personas_involucradas,lugar_remite_presunto_responsable,edad_presunto_responsable,sexo_presunto_responsable,resultados_toxicologia,numero_personas_lesionadas,numero_personas_fallecidas,municipio,colonia,mes,dia_semana,hora_redondeada,lon,lat
33787,33792,2021,,2021/03/07,17:40:00,COLISIÓN POR INVASIÓN DE CARRIL,ASFALTO,Lluvioso,Bueno,4,NISSAN,ARENA,4,,26,MASCULINO,CON CERTIFICADO,0,0,Morelia,La Colina,marzo,domingo,18,-101.216140463948,19.703886431959
33788,33793,2021,MOR207835423,2021/03/07,18:00:00,COLISIÓN POR ALCANCE,ASFALTO,Bueno,Bueno,2,JEEP,NEGRO,2,MINISTERIO PÚBLICO,52,MASCULINO,SIN DATOS,0,0,Morelia,Indeco El Vivero,marzo,domingo,18,-101.229875721037,19.6768918369433
33789,33794,2021,,2021/03/07,18:10:00,COLISIÓN POR INVASIÓN DE CARRIL,ASFALTO,Bueno,Bueno,3,MAZDA,GRIS,3,,45,MASCULINO,SIN DATOS,0,0,Morelia,Felix Ireta,marzo,domingo,18,-101.195671185851,19.681528112958
33790,33795,2021,MOR 210166699,2021/03/07,18:15:00,CAIDA DE MOTOCICLETA,ASFALTO,Lluvioso,Regular,1,ITALIKA,ROJO,1,,40,MASCULINO,SIN DATOS,0,0,Morelia,Las Flores,marzo,domingo,18,-101.205367005693,19.7077199224084
33791,33796,2021,,2021/03/07,18:30:00,COLISIÓN POR CORTE DE CIRCULACIÓN,ASFALTO,Bueno,Bueno,2,YAMAHA,ROJO,2,,26,MASCULINO,SIN DATOS,0,0,Morelia,Isaac Arriaga,marzo,domingo,19,-101.173297844149,19.7069077280112
33792,33797,2021,MOR 2100166884,2021/03/07,19:45:00,COLISIÓN CONTRA OBJETO FIJO,ASFALTO,Bueno,Bueno,2,DODGE,GRIS,2,MINISTERIO PÚBLICO,35,MASCULINO,ALIENTO ETÍLICO,0,0,Morelia,Melchor Ocampo,marzo,domingo,20,-101.201438941061,19.7080560471558
33793,33798,2021,,2021/03/07,20:40:00,COLISIÓN POR INVASIÓN DE CARRIL,ASFALTO,Bueno,Bueno,2,VOLKSWAGEN,GRIS,0,,,,,0,0,Morelia,Jardines de Torremolinos,marzo,domingo,21,-101.228,19.6773
33794,33799,2021,,2021/03/07,24:00:00,COLISIÓN CONTRA OBJETO FIJO,CONCRETO,Bueno,Bueno,1,CHRYSLER VOYAGER,PLATA,1,,0,,SIN DATOS,0,0,Morelia,Niño Artillero,marzo,domingo,0,-101.254614374853,19.6959063847791
33795,33800,2021,,2021/03/07,24:40:00,VOLCADURA,ASFALTO,Bueno,Bueno,1,JEEP,ROJO,0,,,,,0,0,Morelia,Sentimientos de La Nacion,marzo,domingo,1,-101.2340735,19.6807239
33796,33801,2021,,2021/03/08,"02:00:00",COLISIÓN POR CORTE DE CIRCULACIÓN,ASFALTO,Nublado,Regular,2,GMC,NEGRO,1,MINISTERIO PÚBLICO,,,,1,0,Tarímbaro,De La Cruz,marzo,lunes,2,-101.173315278508,19.7959060839348
33797,33802,2021,,2021/03/08,"06:45:00",SUBIDA AL CAMELLÓN,ASFALTO,Bueno,Bueno,1,JEEP,NEGRO,0,,,,,0,0,Morelia,Ciudad Industrial,marzo,lunes,7,-101.137938343667,19.7286049428863
33798,33803,2021,,2021/03/08,"08:00:00",COLISIÓN POR CAMBIO DE CARRIL,ASFALTO,Bueno,Bueno,2,FORD,BLANCO,2,,51,MASCULINO,SIN DATOS,0,0,Morelia,Santillan La Huerta,marzo,lunes,8,-101.219553885717,19.6760966650679
33799,33804,2021,MOR210165494,2021/03/08,"08:50:00",VOLCADURA,ASFALTO,Bueno,Bueno,1,RENAULT,AZUL,1,,24,FEMENINO,SIN DATOS,0,0,Morelia,Ciudad Industrial,marzo,lunes,9,-101.136302500963,19.7294819247507
33800,33805,2021,,2021/03/08,"09:30:00",COLISIÓN POR ALCANCE,ASFALTO,Bueno,Bueno,3,RAM,BLANCO,3,,42,,SIN DATOS,0,0,Morelia,Sentimientos de La Nacion,marzo,lunes,10,-101.233194944297,19.682432823539
33801,33806,2021,,2021/03/08,10:15:00,COLISIÓN POR CAMBIO DE CARRIL,CONCRETO,Bueno,Bueno,2,INTERNACIONAL,BLANCO y NARANJA,2,,31,MASCULINO,SIN DATOS,0,0,Morelia,Tinijaro,marzo,lunes,10,-101.26316,19.6963297049991
33803,33808,2021,,2021/03/08,12:00:00,COLISIÓN POR ALCANCE,ASFALTO,Bueno,Bueno,2,NISSAN,BLANCO Y  MORADO,2,,50,,CON CERTIFICADO,0,0,Morelia,Centro,marzo,lunes,12,-101.18218963,19.7028850649992
33804,33809,2021,,2021/03/08,13:20:00,COLISIÓN POR CAMBIO DE CARRIL,CONCRETO,Bueno,Bueno,2,NISSAN,BLANCO Y ROJO,2,MINISTERIO PÚBLICO,41,MASCULINO,ALIENTO ETÍLICO,0,0,Morelia,Tzindurio Norte,marzo,lunes,13,-101.2467545,19.704421
33805,33810,2021,,2021/03/08,15:00:00,COLISIÓN POR ALCANCE,ASFALTO,Bueno,Bueno,2,NISSAN,BLANCO,2,,61,MASCULINO,SIN DATOS,0,0,Tarímbaro,Sin datos,marzo,lunes,15,-101.152898303486,19.7697328381996
33806,33811,2021,,2021/03/08,16:30:00,COLISIÓN POR INVASIÓN DE CARRIL,CONCRETO,Bueno,Bueno,2,VOLKSWAGEN,BLANCO APERLADO,2,,46,FEMENINO,SIN DATOS,0,0,Tarímbaro,Club Erandeni,marzo,lunes,17,-101.184938570328,19.7596660203532
33807,33812,2021,MOR210102874,2021/03/08,17:00:00,COLISIÓN POR CORTE DE CIRCULACIÓN,ASFALTO,Bueno,Bueno,2,DODGE,NEGRO,2,,40,MASCULINO,SIN DATOS,0,0,Morelia,Vasco de Quiroga,marzo,lunes,17,-101.171525745,19.7013305049991
33808,33813,2021,,2021/03/08,19:00:00,CAIDA DE MOTOCICLETA,ASFALTO,Bueno,Regular,1,ITALIKA,ROJO Y NEGRO,2,,0,,SIN DATOS,1,0,Tarímbaro,Real Hacienda,marzo,lunes,19,-101.200293607332,19.7531087583304
33809,33814,2021,,2021/03/08,20:00:00,COLISIÓN POR CORTE DE CIRCULACIÓN,ASFALTO,Bueno,Bueno,2,VOLKSWAGEN,GRIS,2,MINISTERIO PÚBLICO,,MASCULINO,SIN DATOS,0,0,Lázaro Cárdenas,Centro,marzo,lunes,20,-102.191852,17.955388
33810,33815,2021,MOR210168811,2021/03/08,20:41:00,COLISIÓN POR CORTE DE CIRCULACIÓN,ASFALTO,Bueno,Bueno,3,FORD,PLATA,3,MINISTERIO PÚBLICO,30,MASCULINO,SIN DATOS,0,0,Morelia,Centro,marzo,lunes,21,-101.18218963,19.7028850649992
33811,33816,2021,MOR 210171289,2021/03/09,"00:00:00",COLISIÓN POR CORTE DE CIRCULACIÓN,CONCRETO,Bueno,Bueno,2,VENTO,NEGRO  Y ROJO,2,,23,MASCULINO,SIN DATOS,0,0,Morelia,La Soledad,marzo,martes,0,-101.184984636503,19.729331664068
33812,33817,2021,MOR210170886,2021/03/09,"00:00:00",COLISIÓN POR ALCANCE,ASFALTO,Bueno,Bueno,2,VOLKSWAGEN,NEGRO,2,,31,MASCULINO,SIN DATOS,0,0,Morelia,Cinco de Diciembre,marzo,martes,0,-101.165817193687,19.6844686717832
33813,33818,2021,,2021/03/09,"04:45:00",COLISIÓN CONTRA OBJETO FIJO,ASFALTO,Bueno,Bueno,1,CHEVROLET,BLANCO,1,,18,FEMENINO,SIN DATOS,0,0,Morelia,Chapultepec Oriente,marzo,martes,5,-101.162603260887,19.6920128556805
33814,33819,2021,MOR 201,2021/03/09,"09:25:00",COLISIÓN POR CORTE DE CIRCULACIÓN,CONCRETO,Bueno,Bueno,2,SEAT,GRIS Y  NARANJA,2,MINISTERIO PÚBLICO,57,FEMENINO,SIN DATOS,0,0,Morelia,Industrial,marzo,martes,9,-101.197501282971,19.7122603193708
33815,33820,2021,MOR210170958,2021/03/09,10:52:00,COLISIÓN POR ALCANCE,ASFALTO,Bueno,Bueno,2,VENTO,NEGRO Y VERDE,2,MINISTERIO PÚBLICO,19,MASCULINO,SIN DATOS,0,0,Morelia,Cinco de Diciembre,marzo,martes,11,-101.160867877973,19.687877124658
33816,33821,2021,MOR210171510,2021/03/09,16:29:00,COLISIÓN POR CORTE DE CIRCULACIÓN,ASFALTO,Bueno,Bueno,2,VOLKSWAGEN,AZUL,2,,43,FEMENINO,SIN DATOS,0,0,Morelia,Felix Ireta,marzo,martes,16,-101.192029416561,19.6879581961015
33817,33822,2021,,2021/03/09,16:35:00,COLISIÓN POR CORTE DE CIRCULACIÓN,ASFALTO,Bueno,Bueno,2,BAJAJ,AZUL/NEGRO,2,,19,MASCULINO,SIN DATOS,0,0,Charapan,Sin datos,marzo,martes,17,-102.237633703194,19.7264952413427
33818,33823,2021,,2021/03/09,17:22:00,COLISIÓN POR CORTE DE CIRCULACIÓN,ASFALTO,Bueno,Bueno,2,VOLKSWAGEN,NEGRO,2,,47,MASCULINO,SIN DATOS,0,0,Morelia,Ciudad Industrial,marzo,martes,17,-101.142970076337,19.7252718399755
33819,33824,2021,,2021/03/09,18:40:00,COLISIÓN POR CAMBIO DE CARRIL,ASFALTO,Bueno,Bueno,2,YAMAHA,ROJA,2,,45,MASCULINO,SIN DATOS,0,0,Morelia,Centro,marzo,martes,19,-101.195177324116,19.7030161678219
33820,33825,2021,MOR210172158,2021/03/09,20:25:00,COLISIÓN POR CORTE DE CIRCULACIÓN,CONCRETO,Bueno,Regular,2,TOYOTA,BLANCO Y NARANJA,2,,58,MASCULINO,SIN DATOS,0,0,Morelia,Ventura Puente,marzo,martes,20,-101.18807349354,19.6903650092554
33821,33826,2021,MOR2,2021/03/09,20:55:00,COLISIÓN CON PEATÓN,SIN_DATOS,Bueno,Bueno,3,CHRYSLER,BLANCO,3,,56,MASCULINO,CON CERTIFICADO,0,0,Morelia,Primo Tapia,marzo,martes,21,-101.21179559015,19.7090806006142
33822,33827,2021,,2021/03/09,22:00:00,COLISIÓN POR CORTE DE CIRCULACIÓN,ASFALTO,Bueno,Bueno,2,NISSAN,BLANCO,0,MINISTERIO PÚBLICO,,,,0,0,Lázaro Cárdenas,Sin datos,marzo,martes,22,-102.193821377364,18.0395448047545
33823,33828,2021,MOR210171289,2021/03/10,"00:00:00",COLISIÓN POR CORTE DE CIRCULACIÓN,CONCRETO,Bueno,Bueno,2,VENTO,ROJO NEGRO,2,,23,MASCULINO,SIN DATOS,0,0,Morelia,Ampliacion La Soledad,marzo,miércoles,0,-101.185729232954,19.7294008740402
33824,33829,2021,MOR210172647,2021/03/10,"06:55:00",COLISIÓN POR ALCANCE,ASFALTO,Bueno,Bueno,2,VOLKSWAGEN,ROJO,2,,41,MASCULINO,ALIENTO ETÍLICO,0,0,Morelia,Los Manantiales de Morelia,marzo,miércoles,7,-101.240276016963,19.6927160279681
33825,33830,2021,,2021/03/10,"08:20:00",COLISIÓN CONTRA OBJETO FIJO,ASFALTO,Bueno,Bueno,2,FORD,BLANCO,2,MINISTERIO PÚBLICO,,MASCULINO,SIN DATOS,0,0,Morelia,Centro,marzo,miércoles,8,-101.18875609,19.7086253949991
33826,33831,2021,,2021/03/10,"09:15:00",COLISIÓN CONTRA OBJETO FIJO,ASFALTO,Bueno,Bueno,1,FORD,BLANCO,1,,63,MASCULINO,SIN DATOS,0,0,Morelia,Fuentes de Morelia,marzo,miércoles,9,-101.20316769,19.6693875049992
33827,33832,2021,,2021/03/10,10:00:00,COLISIÓN POR CORTE DE CIRCULACIÓN,ASFALTO,Bueno,Bueno,2,YAMAHA,BLANCO,2,,23,MASCULINO,SIN DATOS,0,0,Morelia,Bello Horizonte,marzo,miércoles,10,-101.23923454369,19.681132754929
33828,33833,2021,,2021/03/10,10:00:00,COLISIÓN POR CORTE DE CIRCULACIÓN,ASFALTO,Bueno,Bueno,2,HYUNDAI,BLANCO,2,MINISTERIO PÚBLICO,40,MASCULINO,SIN DATOS,0,0,Morelia,Los Angeles,marzo,miércoles,10,-101.168957045,19.7489187349991
33829,33834,2021,,2021/03/10,12:10:00,COLISIÓN POR MANIOBRA DE REVERSA,CONCRETO,Bueno,Bueno,2,NISSAN,CAFE,2,,65,MASCULINO,SIN DATOS,0,0,Morelia,Centro,marzo,miércoles,12,-101.188596983302,19.6971317447776
33830,33835,2021,,2021/03/10,13:20:00,COLISIÓN POR CORTE DE CIRCULACIÓN,ASFALTO,Bueno,Bueno,2,JEEP,NEGRO,3,MINISTERIO PÚBLICO,45,FEMENINO,SIN DATOS,1,0,Morelia,Comision Federal de Electricidad,marzo,miércoles,13,-101.181304370054,19.681701101233
33831,33836,2021,,2021/03/10,13:20:00,COLISIÓN POR INVASIÓN DE CARRIL,CONCRETO,Bueno,Bueno,2,VOLKSWAGEN,BLANCO/NARANJA,2,,48,MASCULINO,SIN DATOS,0,0,Morelia,Centro,marzo,miércoles,13,-101.194753669183,19.6962580231882
33832,33837,2021,,2021/03/10,13:48:00,COLISIÓN POR ALCANCE,ASFALTO,Bueno,Bueno,2,PULSAR,NEGRO Y BLANCO,2,MINISTERIO PÚBLICO,29,MASCULINO,SIN DATOS,0,0,Morelia,Ejidal San Isidro,marzo,miércoles,14,-101.279508614475,19.6906503850057
33833,33838,2021,MOR 210171750,2021/03/10,17:45:00,COLISIÓN POR MANIOBRA DE REVERSA,CONCRETO,Bueno,Bueno,2,NISSAN,BLANCO,2,,23,MASCULINO,SIN DATOS,0,0,Morelia,Barrio Alto,marzo,miércoles,18,-101.1885651,19.7278884549992
33834,33839,2021,,2021/03/10,19:00:00,COLISIÓN POR ALCANCE,ASFALTO,Bueno,Bueno,2,ITALIKA,ROJO CON NEGRO,2,,,MASCULINO,SIN DATOS,0,0,Morelia,Dr Miguel Silva,marzo,miércoles,19,-101.185227946917,19.717204814836
33836,33841,2021,MOR210170431,2021/03/10,19:44:00,COLISIÓN CONTRA OBJETO FIJO,CONCRETO,Bueno,Bueno,2,CHEVROLET,ARENA,2,,60,MASCULINO,SIN DATOS,0,0,Morelia,Melchor Ocampo,marzo,miércoles,20,-101.203739140651,19.7047551352507
33838,33843,2021,LEG35873,2021/03/11,"00:00:00",SALIDA DE SUPERFICIE DE RODAMIENTO,ASFALTO,Bueno,Bueno,1,VOLKSWAGEN,GRIS,1,,26,MASCULINO,SIN DATOS,0,0,Morelia,Sin datos,marzo,jueves,0,-101.279928262519,19.6507343969075
33839,33844,2021,,2021/03/11,"02:50:00",COLISIÓN POR NO RESPETAR SEMÁFORO,CONCRETO,Bueno,Bueno,2,VOLKSWAGEN/GOL,PLATA,2,,54,MASCULINO,SIN DATOS,0,0,Morelia,Juarez,marzo,jueves,3,-101.195491142571,19.6922907953058
33840,33845,2021,,2021/03/11,"07:00:00",SUBIDA AL CAMELLÓN,CONCRETO,Bueno,Bueno,1,Nissan,Rojo,1,,,,SIN DATOS,0,0,Morelia,La Quemada,marzo,jueves,7,-101.241266696967,19.7056783668915
33841,33846,2021,MOR210175299,2021/03/11,"09:40:00",COLISIÓN POR CAMBIO DE CARRIL,ASFALTO,Bueno,Bueno,2,YAMAHA,NEGRO,2,,34,MASCULINO,SIN DATOS,0,0,Morelia,Bosques de Oriente,marzo,jueves,10,-101.156399245374,19.7151097926373
33842,33847,2021,,2021/03/11,10:15:00,COLISIÓN POR CAMBIO DE CARRIL,CONCRETO,Bueno,Bueno,2,CHEVROLET,AZUL,2,,35,MASCULINO,SIN DATOS,0,0,Morelia,Los Girasoles,marzo,jueves,10,-101.213740526952,19.6921023702151
33843,33848,2021,LEG35866,2021/03/11,11:00:00,COLISIÓN POR CORTE DE CIRCULACIÓN,ASFALTO,Bueno,Bueno,2,CARABELA,NEGRO,1,,24,FEMENINO,SIN DATOS,0,0,Morelia,Ejidal Ocolusen,marzo,jueves,11,-101.159000024199,19.6877823642813
33844,33849,2021,MOR210176049,2021/03/11,13:35:00,COLISIÓN CONTRA OBJETO FIJO,ASFALTO,Bueno,Bueno,1,VOLVO,BLANCO,1,MINISTERIO PÚBLICO,32,MASCULINO,SIN DATOS,0,0,Morelia,Solidaridad,marzo,jueves,14,-101.208696023308,19.7262849501763
33845,33850,2021,,2021/03/11,13:50:00,COLISIÓN POR CORTE DE CIRCULACIÓN,CONCRETO,Bueno,Bueno,2,S/D,S/D,0,,,,,0,0,Morelia,Granjas del Maestro,marzo,jueves,14,-101.192197447054,19.7160921834718
33846,33851,2021,MOR210176281,2021/03/11,14:30:00,COLISIÓN POR ALCANCE,ASFALTO,Bueno,Bueno,2,FORD,NEGRO,2,,38,MASCULINO,SIN DATOS,0,0,Morelia,Independencia,marzo,jueves,15,-101.177807643331,19.7192670698822
33847,33852,2021,LEG35865,2021/03/11,15:00:00,COLISIÓN POR CORTE DE CIRCULACIÓN,ASFALTO,Bueno,Bueno,1,FORD,BLANCO Y ROJO,1,,51,MASCULINO,SIN DATOS,0,0,Morelia,Solidaridad,marzo,jueves,15,-101.20869233526,19.7262846345756
33848,33853,2021,MOR210176460,2021/03/11,15:45:00,COLISIÓN POR CAMBIO DE CARRIL,ASFALTO,Bueno,Bueno,2,DODGE,BLANCO,2,,26,MASCULINO,SIN DATOS,0,0,Morelia,Felix Ireta,marzo,jueves,16,-101.180230074309,19.6879594875056
33849,33854,2021,LEG35868,2021/03/11,16:00:00,COLISIÓN POR CAMBIO DE CARRIL,ASFALTO,Bueno,Bueno,2,ITALIKA,NEGRO,2,MINISTERIO PÚBLICO,28,MASCULINO,SIN DATOS,0,0,Morelia,Ventura Puente,marzo,jueves,16,-101.190680905498,19.69386594119
33850,33855,2021,LEG35874,2021/03/11,16:20:00,COLISIÓN POR INVASIÓN DE CARRIL,ASFALTO,Bueno,Bueno,2,NAVISTAR,AZUL,2,,34,MASCULINO,SIN DATOS,0,0,Morelia,Campestre Los Manantiales,marzo,jueves,16,-101.238140277565,19.6877994108313
33851,33856,2021,MOR210176584,2021/03/11,17:20:00,COLISIÓN POR CORTE DE CIRCULACIÓN,ASFALTO,Bueno,Bueno,1,SUZUKI,GRIS Y VERDE,1,,,,,1,0,Charo,La Goleta,marzo,jueves,17,-101.080372438513,19.7394913474336
33852,33857,2021,MOR210176684,2021/03/11,17:36:00,COLISIÓN POR CORTE DE CIRCULACIÓN,ASFALTO,Bueno,Bueno,2,SEAT,NEGRO,2,,33,MASCULINO,SIN DATOS,0,0,Morelia,Felix Ireta,marzo,jueves,18,-101.18069473654,19.6861446252346
33853,33858,2021,,2021/03/12,"00:00:00",COLISIÓN POR CORTE DE CIRCULACIÓN,ASFALTO,Bueno,Bueno,2,VOLKSWAGEN,GRIS,2,MINISTERIO PÚBLICO,,FEMENINO,SIN DATOS,0,0,Lázaro Cárdenas,Centro,marzo,viernes,0,-102.201221434371,17.9564766894469
33854,33859,2021,MOR210177488,2021/03/12,"02:14:00",COLISIÓN CONTRA OBJETO FIJO,ASFALTO,Bueno,Bueno,1,CHEVROLET,BLANCO,1,,31,MASCULINO,SIN DATOS,0,0,Morelia,Del Empleado,marzo,viernes,2,-101.180166981436,19.688207293242
33855,33860,2021,LEG35882,2021/03/12,"09:21:00",COLISIÓN POR CORTE DE CIRCULACIÓN,ASFALTO,Bueno,Bueno,2,MERCEDES BENZ,BLANCO,2,,0,MASCULINO,SIN DATOS,0,0,Morelia,Centro,marzo,viernes,9,-101.1943172,19.6964404699991
33856,33861,2021,MOR210102923,2021/03/12,11:00:00,COLISIÓN CONTRA OBJETO FIJO,ASFALTO,Bueno,Bueno,1,MERCEDES BENZ,BLANCO,0,,,,,0,0,Morelia,Nueva Valladolid,marzo,viernes,11,-101.211171435,19.7020055149992
33857,33862,2021,MOR210102574,2021/03/12,11:00:00,COLISIÓN CONTRA OBJETO FIJO,ASFALTO,Bueno,Bueno,3,MERCEDES BENZ,BLANCO,2,,0,MASCULINO,SIN DATOS,0,0,Morelia,Tinijaro,marzo,viernes,11,-101.26316,19.6963297049991
33858,33863,2021,,2021/03/12,14:55:00,COLISIÓN POR ALCANCE,ASFALTO,Bueno,Bueno,2,ITALIKA,NEGRO,2,,28,MASCULINO,SIN DATOS,0,0,Morelia,San Rafael,marzo,viernes,15,-101.152337704762,19.6999683672239
33859,33864,2021,,2021/03/12,16:00:00,COLISIÓN POR CAMBIO DE CARRIL,ASFALTO,Bueno,Bueno,2,MAZDA,GRIS,2,,17,FEMENINO,SIN DATOS,0,0,Morelia,Puerta Blanca,marzo,viernes,16,-101.19445961016,19.6631606652137
33860,33865,2021,,2021/03/12,17:20:00,CAIDA DE MOTOCICLETA,ASFALTO,Bueno,Bueno,1,ITALIKA,AZUL,0,MINISTERIO PÚBLICO,,,,0,0,Gabriel Zamora,Centro,marzo,viernes,17,-102.054814584553,19.16006151141
33861,33866,2021,,2021/03/12,18:00:00,COLISIÓN POR ALCANCE,CONCRETO,Bueno,Bueno,2,VOLKSWAGEN,BLANCO,2,,42,MASCULINO,SIN DATOS,0,0,Morelia,Reforma,marzo,viernes,18,-101.238059110261,19.7068822186432
33862,33867,2021,MN/FC/016/04032,2021/03/12,18:15:00,COLISIÓN POR INVASIÓN DE CARRIL,ASFALTO,Nublado,Regular,3,NISSAN,BLANCO,6,MINISTERIO PÚBLICO,45,FEMENINO,SIN DATOS,3,0,Coeneo,Coeneo de La Libertad,marzo,viernes,18,-101.582474559546,19.831804874079
33863,33868,2021,,2021/03/12,18:30:00,SALIDA DE SUPERFICIE DE RODAMIENTO,ASFALTO,Bueno,Bueno,1,PARMANTE,BLANCO/GRIS,2,MINISTERIO PÚBLICO,55,MASCULINO,SIN DATOS,0,1,Coeneo,Coeneo de La Libertad,marzo,viernes,19,-101.582414514638,19.8320405002281
33864,33869,2021,,2021/03/12,18:35:00,COLISIÓN POR CORTE DE CIRCULACIÓN,ASFALTO,Bueno,Bueno,2,FORD/F150,VERDE,2,,46,MASCULINO,SIN DATOS,0,0,Morelia,Lazaro Cardenas,marzo,viernes,19,-101.164980132847,19.7101528819772
33865,33870,2021,,2021/03/12,20:00:00,COLISIÓN CON PEATÓN,SIN_DATOS,Bueno,Bueno,1,FORD,ROJO,3,,37,FEMENINO,SIN DATOS,2,0,Morelia,Centro,marzo,viernes,20,-101.18218963,19.7028850649992
33866,33871,2021,MOR210179776,2021/03/12,21:48:00,COLISIÓN POR ALCANCE,ASFALTO,Bueno,Bueno,2,HONDA,GRIS,2,,32,MASCULINO,ALIENTO ETÍLICO,0,0,Morelia,Centro,marzo,viernes,22,-101.18218963,19.7028850649992
33867,33872,2021,MOR210180078,2021/03/12,23:39:00,COLISIÓN POR ALCANCE,ASFALTO,Bueno,Bueno,2,CHRYSLER,NEGRO,2,MINISTERIO PÚBLICO,29,MASCULINO,CON CERTIFICADO,0,0,Morelia,Santillan La Huerta,marzo,viernes,0,-101.219553885717,19.6760966650679
33868,33873,2021,LEG35900,2021/03/13,"00:00:00",VOLCADURA,ASFALTO,Bueno,Bueno,1,VOLKSWAGEN,ARENA,1,,27,MASCULINO,SIN DATOS,0,0,Morelia,Tenencia Morelos,marzo,sábado,0,-101.251589574608,19.6436854475608
33869,33874,2021,MOR210180775,2021/03/13,"00:00:00",COLISIÓN POR ALCANCE,ASFALTO,Bueno,Bueno,2,JEEP,PLATA,2,,19,MASCULINO,SIN DATOS,0,0,Morelia,Dr Miguel Silva,marzo,sábado,0,-101.187927793444,19.7204887484457
33870,33875,2021,,2021/03/13,"03:20:00",VOLCADURA,ASFALTO,Bueno,Regular,3,FREIGHTLINER,BLANCO,0,,,,,0,0,Morelia,Dr Miguel Silva,marzo,sábado,3,-101.187927793444,19.7204887484457
33871,33876,2021,,2021/03/13,"05:00:00",SALIDA DE SUPERFICIE DE RODAMIENTO,ASFALTO,Bueno,Bueno,1,VOLKSWAGEN,GRIS,1,,,MASCULINO,SIN DATOS,0,0,Morelia,Sin datos,marzo,sábado,5,-101.281692484927,19.5954279319286
33872,33877,2021,,2021/03/13,"06:10:00",COLISIÓN CONTRA OBJETO FIJO,ASFALTO,Bueno,Bueno,1,NISSAN,GRIS,0,,,,,0,0,Morelia,Felix Ireta,marzo,sábado,6,-101.192048923538,19.6823833122262
33873,33878,2021,,2021/03/13,"07:40:00",COLISIÓN POR CORTE DE CIRCULACIÓN,ASFALTO,Bueno,Bueno,2,ITALIKA,NEGRO/AMARILLO,0,MINISTERIO PÚBLICO,,,,0,0,Peribán,Sin datos,marzo,sábado,8,-102.445728748359,19.5535118885883
33874,33879,2021,LEG35906,2021/03/13,"08:30:00",COLISIÓN POR CAMBIO DE CARRIL,ASFALTO,Bueno,Bueno,2,MAN,AZUL C0N GRIS,2,,48,,SIN DATOS,0,0,Morelia,Dr Miguel Silva,marzo,sábado,9,-101.187927793444,19.7204887484457
33875,33880,2021,,2021/03/13,10:00:00,COLISIÓN POR CORTE DE CIRCULACIÓN,ASFALTO,Bueno,Bueno,1,NISSAN,BLANCO NEGRO,1,,28,MASCULINO,SIN DATOS,0,0,Morelia,Poblado de Ocolusen,marzo,sábado,10,-101.155088675,19.6951327349991
33877,33882,2021,,2021/03/13,12:10:00,COLISIÓN CONTRA OBJETO FIJO,ASFALTO,Bueno,Bueno,2,FORD,GRIS,2,,37,MASCULINO,SIN DATOS,0,0,Morelia,Industrial,marzo,sábado,12,-101.196189005906,19.710209818625
33878,33883,2021,,2021/03/13,13:10:00,COLISIÓN POR CORTE DE CIRCULACIÓN,ASFALTO,Bueno,Bueno,2,AUDI,BLANCO,2,,54,MASCULINO,SIN DATOS,0,0,Morelia,Chapultepec Sur,marzo,sábado,13,-101.176351915,19.6910920199992
33879,33884,2021,MOR210180640,2021/03/13,13:35:00,COLISIÓN POR INVASIÓN DE CARRIL,ASFALTO,Bueno,Bueno,2,ISUZU,BLANCO,2,,26,MASCULINO,SIN DATOS,0,0,Morelia,La Huerta,marzo,sábado,14,-101.216158176792,19.6721810649028
33880,33885,2021,MOR210181554,2021/03/13,14:28:00,COLISIÓN CONTRA OBJETO FIJO,ASFALTO,Bueno,Bueno,1,VOLKSWAGEN,VINO,0,MINISTERIO PÚBLICO,,,,0,0,Morelia,Poblado de Ocolusen,marzo,sábado,14,-101.155088675,19.6951327349991
33881,33886,2021,,2021/03/13,14:45:00,COLISIÓN POR INVASIÓN DE CARRIL,CONCRETO,Bueno,Bueno,2,NISSAN,GRIS,2,,59,MASCULINO,SIN DATOS,0,0,Morelia,Los Encinos,marzo,sábado,15,-101.177441250223,19.6595863081089
33882,33887,2021,LEG35908,2021/03/13,15:05:00,COLISIÓN POR CORTE DE CIRCULACIÓN,ASFALTO,Bueno,Bueno,2,VOLKSWAGEN,BLANCO,2,,25,FEMENINO,SIN DATOS,0,0,Morelia,Poblado de Ocolusen,marzo,sábado,15,-101.153176233214,19.6939479390376
33883,33888,2021,MOR201181420,2021/03/13,15:20:00,COLISIÓN POR NO RESPETAR SEMÁFORO,ASFALTO,Bueno,Bueno,2,DODGE,GUINDA,2,,44,MASCULINO,SIN DATOS,0,0,Morelia,Irrigacion,marzo,sábado,15,-101.224794055804,19.7057244071144
33884,33889,2021,MOR210181392,2021/03/13,15:40:00,COLISIÓN POR CORTE DE CIRCULACIÓN,ASFALTO,Bueno,Bueno,2,VELOCI,NEGRO,0,,,,,0,0,Morelia,Villas Lomas del Paraiso,marzo,sábado,16,-101.17755856365,19.6746727218462
33885,33890,2021,LEG35904,2021/03/13,16:02:00,COLISIÓN CON PEATÓN,ASFALTO,Bueno,Bueno,1,VENTO,GRIS,2,MINISTERIO PÚBLICO,,,,2,0,Morelia,Centro,marzo,sábado,16,-101.18218963,19.7028850649992
33886,33891,2021,LEG35910,2021/03/13,17:05:00,COLISIÓN POR CORTE DE CIRCULACIÓN,ASFALTO,Bueno,Bueno,2,INTERNATIONAL,BLANCO,2,MINISTERIO PÚBLICO,27,MASCULINO,SIN DATOS,0,0,Charo,Sin datos,marzo,sábado,17,-101.079730689526,19.686726422269