fid,id_accidente,anio_origen,folio_c5i,dia_incidente,hora_ocurrencia,tipo_incidente_vial,superficie_ocurrencia,condiciones_climaticas,condiciones_via,numero_vehiculos_involucrados,marca_vehiculo_ocasiona_siniestro,color_vehiculo_ocasiona_siniestro,numero_personas_involucradas,lugar_remite_presunto_responsable,edad_presunto_responsable,sexo_presunto_responsable,resultados_toxicologia,numero_personas_lesionadas,numero_personas_fallecidas,municipio,colonia,mes,dia_semana,hora_redondeada,lon,lat
33887,33892,2021,,2021/03/13,17:25:00,COLISIÓN POR ALCANCE,ASFALTO,Bueno,Bueno,2,NISSAN,AZUL,2,,37,MASCULINO,SIN DATOS,0,0,Morelia,Ampliacion La Soledad,marzo,sábado,17,-101.183554405,19.7349146049992
33888,33893,2021,,2021/03/13,17:30:00,COLISIÓN POR CORTE DE CIRCULACIÓN,CONCRETO,Bueno,Bueno,2,TOYOTA,GRIS,2,,50,MASCULINO,SIN DATOS,0,0,Morelia,Adolfo Lopez Mateos,marzo,sábado,18,-101.22653466,19.6945043449992
33889,33894,2021,MOR210181934,2021/03/13,19:00:00,COLISIÓN POR INVASIÓN DE CARRIL,ASFALTO,Bueno,Bueno,2,DINA,BLANCO,2,,32,MASCULINO,SIN DATOS,0,0,Morelia,Sin datos,marzo,sábado,19,-101.114942729473,19.7368085963351
33890,33895,2021,LEG35912,2021/03/13,19:40:00,COLISIÓN POR CORTE DE CIRCULACIÓN,ASFALTO,Bueno,Bueno,2,NISSAN,ARENA,1,,37,MASCULINO,SIN DATOS,0,0,Morelia,5 de Mayo,marzo,sábado,20,-101.17543291,19.7031789799992
33891,33896,2021,MOR210050959,2021/03/13,20:30:00,COLISIÓN POR ALCANCE,CONCRETO,Bueno,Bueno,2,FORD,AZUL CON GRIS,2,,54,MASCULINO,SIN DATOS,0,0,Morelia,Centro,marzo,sábado,21,-101.19814593,19.7060302899991
33892,33897,2021,,2021/03/13,21:20:00,COLISIÓN POR CAMBIO DE CARRIL,ASFALTO,Bueno,Bueno,3,MERCEDES BENZ,GRIS,6,MINISTERIO PÚBLICO,54,MASCULINO,SIN DATOS,5,0,Hidalgo,Centro,marzo,sábado,21,-100.553271,19.691029
33893,33898,2021,MOR210183034,2021/03/14,"00:00:00",COLISIÓN CONTRA OBJETO FIJO,ASFALTO,Bueno,Bueno,1,HONDA,BLANCO,1,,24,FEMENINO,SIN DATOS,0,0,Morelia,Sin datos,marzo,domingo,0,-101.164614222944,19.6650046717721
33894,33899,2021,,2021/03/14,"00:10:00",VOLCADURA,ASFALTO,Bueno,Bueno,1,VOLKSWAGEN,ROJO,0,,,,,0,0,Morelia,Sin datos,marzo,domingo,0,-101.294535733759,19.6864138999794
33895,33900,2021,MOR210182955,2021/03/14,"01:30:00",COLISIÓN CONTRA OBJETO FIJO,ASFALTO,Bueno,Bueno,1,DODGE,AZUL Y BLANCO,0,,,,,0,0,Morelia,Jose Ma Pino Suarez,marzo,domingo,2,-101.161446743636,19.7206106336773
33896,33901,2021,,2021/03/14,"01:40:00",COLISIÓN CONTRA OBJETO FIJO,ASFALTO,Bueno,Bueno,1,DODGE,NEGRO,0,MINISTERIO PÚBLICO,,,,0,0,Pátzcuaro,Emiliano Zapata,marzo,domingo,2,-101.614625497974,19.5267839507448
33897,33902,2021,,2021/03/14,"04:20:00",VOLCADURA,ASFALTO,Bueno,Bueno,1,NISSAN,BLANCO,0,,,,,0,0,Tzitzio,Tzitzio,marzo,domingo,4,-100.922709,19.584913
33898,33903,2021,MOR210183202,2021/03/14,"06:31:00",SUBIDA AL CAMELLÓN,ASFALTO,Bueno,Bueno,1,CHEVROLET,GRIS,1,,28,MASCULINO,CON CERTIFICADO,0,0,Morelia,Comision Federal de Electricidad,marzo,domingo,7,-101.181340478361,19.6815148540187
33899,33904,2021,LEG35918,2021/03/14,"07:15:00",COLISIÓN CONTRA OBJETO FIJO,ASFALTO,Bueno,Bueno,2,NISSAN,AZUL,2,,20,MASCULINO,CON CERTIFICADO,0,0,Morelia,Morelos,marzo,domingo,7,-101.209172420204,19.6981469572428
33900,33905,2021,,2021/03/14,"09:15:00",COLISIÓN POR ALCANCE,ASFALTO,Bueno,Bueno,2,CHRYSLER,VINO,2,MINISTERIO PÚBLICO,21,MASCULINO,CON CERTIFICADO,0,0,Morelia,Centro,marzo,domingo,9,-101.198428565665,19.7035391005434
33901,33906,2021,,2021/03/14,"09:40:00",COLISIÓN POR ALCANCE,CONCRETO,Bueno,Bueno,2,ITALIKA,VERDE,2,MINISTERIO PÚBLICO,,MASCULINO,SIN DATOS,0,0,Morelia,Mision del Valle,marzo,domingo,10,-101.122560172605,19.7639932049535
33902,33907,2021,MOR210181301,2021/03/14,14:40:00,COLISIÓN POR ALCANCE,ASFALTO,Bueno,Bueno,2,CHEVROLET,ROJO,2,,63,MASCULINO,SIN DATOS,0,0,Morelia,Nueva Jacarndas,marzo,domingo,15,-101.192008629441,19.6822620308546
33903,33908,2021,,2021/03/14,15:15:00,COLISIÓN POR INVASIÓN DE CARRIL,ASFALTO,Bueno,Bueno,2,DINAMO,ROJO,3,,38,MASCULINO,SIN DATOS,1,0,Morelia,Sin datos,marzo,domingo,15,-101.251188046133,19.7935984169223
33904,33909,2021,,2021/03/14,16:58:00,COLISIÓN POR MANIOBRA DE REVERSA,CONCRETO,Bueno,Bueno,2,VOLKSWAGEN,VERDE,2,MINISTERIO PÚBLICO,24,MASCULINO,SIN DATOS,0,0,Morelia,Primaveras,marzo,domingo,17,-101.227593895,19.6809350299991
33905,33910,2021,,2021/03/15,"00:30:00",COLISIÓN CONTRA OBJETO FIJO,ASFALTO,Bueno,Bueno,1,FORD,BLANCO,1,,28,MASCULINO,SIN DATOS,0,0,Morelia,Tinijaro,marzo,lunes,1,-101.26316,19.6963297049991
33906,33911,2021,MOR210186006,2021/03/15,11:30:00,COLISIÓN POR CAMBIO DE CARRIL,ASFALTO,Bueno,Bueno,2,NISSAN,BLANCO,2,,39,MASCULINO,SIN DATOS,0,0,Morelia,Campestre del Vergel,marzo,lunes,12,-101.240888901733,19.6743813568502
33907,33912,2021,MOR210185954,2021/03/15,12:40:00,COLISIÓN CON PEATÓN,ASFALTO,Bueno,Bueno,1,DODGE,BLANCO,2,,24,MASCULINO,SIN DATOS,1,0,Morelia,Quinceo,marzo,lunes,13,-101.221239205,19.7285543549992
33908,33913,2021,,2021/03/15,13:10:00,COLISIÓN POR CAMBIO DE CARRIL,CONCRETO,Bueno,Bueno,2,MAZDA,GUINDA Y BLANCO,2,,26,MASCULINO,SIN DATOS,0,0,Morelia,Torreon Nuevo,marzo,lunes,13,-101.20358663,19.7462449699991
33910,33915,2021,MOR210187283,2021/03/15,17:30:00,COLISIÓN POR ALCANCE,ASFALTO,Bueno,Bueno,2,RAM,GRIS,2,,81,MASCULINO,SIN DATOS,0,0,Morelia,Alberto Oviedo Mota,marzo,lunes,18,-101.198908182011,19.681555672698
33911,33916,2021,MOR210187173,2021/03/15,17:50:00,COLISIÓN CONTRA OBJETO FIJO,ASFALTO,Bueno,Bueno,2,PONTIAC,GRIS,2,,62,MASCULINO,SIN DATOS,0,0,Morelia,Loma Larga,marzo,lunes,18,-101.2038375,19.653706
33912,33917,2021,MOR210187187,2021/03/15,18:20:00,COLISIÓN POR CORTE DE CIRCULACIÓN,ASFALTO,Bueno,Bueno,2,FAMSA,ROJO,2,,38,MASCULINO,SIN DATOS,0,0,Morelia,Dr Miguel Silva,marzo,lunes,18,-101.187927793444,19.7204887484457
33914,33919,2021,LEG35937,2021/03/15,20:20:00,COLISIÓN POR CORTE DE CIRCULACIÓN,CONCRETO,Bueno,Bueno,2,BAJAJ,ROJO,2,,29,MASCULINO,SIN DATOS,0,0,Morelia,Hacienda San Jose,marzo,lunes,20,-101.217218638664,19.6943514803995
33915,33920,2021,,2021/03/15,21:35:00,COLISIÓN POR CAMBIO DE CARRIL,ASFALTO,Bueno,Bueno,2,CHRYSLER,BLANCO,2,,17,MASCULINO,SIN DATOS,0,0,Morelia,Trinidad Salgado,marzo,lunes,22,-101.230920372766,19.704302543643
33916,33921,2021,MOR2100187920,2021/03/15,22:26:00,COLISIÓN CON PEATÓN,CONCRETO,Bueno,Bueno,1,CHEVROLET,GRIS,2,,53,MASCULINO,SIN DATOS,1,0,Morelia,Industrial,marzo,lunes,22,-101.193811378695,19.7123477018341
33917,33922,2021,,2021/03/16,"07:40:00",COLISIÓN POR NO RESPETAR SEMÁFORO,ASFALTO,Bueno,Bueno,2,NISSAN,GRIS,2,,32,MASCULINO,SIN DATOS,0,0,Morelia,Camelinas,marzo,martes,8,-101.17262119,19.6818144849991
33918,33923,2021,,2021/03/16,"09:00:00",COLISIÓN POR CORTE DE CIRCULACIÓN,ASFALTO,Bueno,Bueno,2,VOLKSWAGEN,BLANCO,2,,35,MASCULINO,SIN DATOS,0,0,Morelia,Guadalupe,marzo,martes,9,-101.22120499,19.7082681849992
33920,33925,2021,,2021/03/16,"09:35:00",COLISIÓN POR CAMBIO DE CARRIL,ASFALTO,Bueno,Bueno,2,KENWORTH,BLANCO,2,,48,MASCULINO,SIN DATOS,0,0,Morelia,Tzindurio Norte,marzo,martes,10,-101.246075196104,19.7034253027463
33921,33926,2021,,2021/03/16,10:46:00,COLISIÓN POR CORTE DE CIRCULACIÓN,ASFALTO,Bueno,Bueno,2,CHEVROLET,PLATA,2,,41,MASCULINO,SIN DATOS,0,0,Morelia,Comision Federal de Electricidad,marzo,martes,11,-101.18128683418,19.6813869425047
33922,33927,2021,,2021/03/16,12:20:00,COLISIÓN POR CORTE DE CIRCULACIÓN,ASFALTO,Bueno,Bueno,2,BAJAJ,NEGRO,2,,21,,SIN DATOS,0,0,Morelia,Torreon Nuevo,marzo,martes,12,-101.198955919741,19.7357404401585
33923,33928,2021,,2021/03/16,13:15:00,COLISIÓN POR CORTE DE CIRCULACIÓN,ASFALTO,Bueno,Bueno,2,YAMAHA,BLANCO,2,,23,MASCULINO,SIN DATOS,0,0,Morelia,Isaac Arriaga,marzo,martes,13,-101.172403022647,19.7072953608914
33924,33929,2021,,2021/03/16,13:50:00,COLISIÓN POR CORTE DE CIRCULACIÓN,CONCRETO,Bueno,Bueno,2,CHEVROLET,BLANCO,2,,28,MASCULINO,SIN DATOS,0,0,Morelia,Jardines de Torremolinos,marzo,martes,14,-101.225746795535,19.6768478974924
33925,33930,2021,,2021/03/16,14:55:00,COLISIÓN POR CAMBIO DE CARRIL,ASFALTO,Bueno,Bueno,2,NISSAN,BLANCO Y ROJO,2,,31,MASCULINO,SIN DATOS,0,0,Morelia,Nueva Valladolid,marzo,martes,15,-101.207339496109,19.7021768898802
33926,33931,2021,,2021/03/16,18:45:00,COLISIÓN POR CAMBIO DE CARRIL,ASFALTO,Bueno,Bueno,2,TOYOTA,GRIS,1,MINISTERIO PÚBLICO,27,MASCULINO,SIN DATOS,0,0,Morelia,Ciudad Industrial,marzo,martes,19,-101.137935600507,19.7286023894258
33927,33932,2021,,2021/03/16,18:50:00,COLISIÓN POR CORTE DE CIRCULACIÓN,ASFALTO,Bueno,Bueno,2,SUZUKI,BLANCO,2,,36,MASCULINO,SIN DATOS,0,0,Morelia,Nueva Valladolid,marzo,martes,19,-101.208855248988,19.7020743041487
33928,33933,2021,,2021/03/16,19:20:00,COLISIÓN POR CAMBIO DE CARRIL,CONCRETO,Bueno,Bueno,2,NISSAN,TITANIO,2,,43,MASCULINO,SIN DATOS,0,0,Morelia,Tzindurio Norte,marzo,martes,19,-101.243832687078,19.7003744418265
33929,33934,2021,,2021/03/16,20:00:00,COLISIÓN POR ALCANCE,ASFALTO,Bueno,Bueno,3,CHEVROLET,BLANCO,3,,38,MASCULINO,SIN DATOS,0,0,Morelia,La Soledad,marzo,martes,20,-101.183311261915,19.7291448982664
33930,33935,2021,MOR210190989,2021/03/17,"00:00:00",COLISIÓN POR CORTE DE CIRCULACIÓN,ASFALTO,Bueno,Bueno,2,CHEVROLET,BLANCO,2,MINISTERIO PÚBLICO,36,MASCULINO,SIN DATOS,0,0,Morelia,Adolfo Lopez Mateos,marzo,miércoles,0,-101.225794770502,19.6934783331815
33931,33936,2021,,2021/03/17,"07:00:00",COLISIÓN CON PEATÓN,ASFALTO,Bueno,Bueno,1,NISSAN,BLANCO,2,,70,MASCULINO,SIN DATOS,1,0,Coeneo,Sin datos,marzo,miércoles,7,-101.538620746948,19.8581010371173
33932,33937,2021,MOR210190855,2021/03/17,"08:19:00",COLISIÓN POR INVASIÓN DE CARRIL,ASFALTO,Bueno,Bueno,2,FREIGHTLINER,BLANCO,1,MINISTERIO PÚBLICO,49,MASCULINO,SIN DATOS,0,0,Charo,Sin datos,marzo,miércoles,8,-101.018696322369,19.7702492777503
33933,33938,2021,MOR210190902,2021/03/17,"08:20:00",COLISIÓN POR CAMBIO DE CARRIL,ASFALTO,Bueno,Bueno,2,FREIHHTLINER,BLANCO,2,,32,MASCULINO,SIN DATOS,0,0,Morelia,Francisco J Mujica,marzo,miércoles,8,-101.189190012973,19.7239867530705
33934,33939,2021,LEG35964,2021/03/17,"09:00:00",COLISIÓN POR INVASIÓN DE CARRIL,ASFALTO,Bueno,Bueno,2,MAZDA,GUINDA,2,,27,FEMENINO,SIN DATOS,0,0,Morelia,Francisco J Mujica,marzo,miércoles,9,-101.188243813813,19.7214845624998
33935,33940,2021,LEG35967,2021/03/17,"09:30:00",COLISIÓN CON PEATÓN,ASFALTO,Bueno,Bueno,1,KIA,NEGRO,2,,25,FEMENINO,SIN DATOS,1,0,Morelia,La Huerta,marzo,miércoles,10,-101.228328726497,19.6583485201945
33936,33941,2021,MOR 210191348,2021/03/17,11:37:00,COLISIÓN POR CAMBIO DE CARRIL,ASFALTO,Bueno,Regular,2,MERCEDES BENZ,BLANCO,2,,55,MASCULINO,SIN DATOS,0,0,Morelia,Primo Tapia Oriente,marzo,miércoles,12,-101.157873465933,19.7139602670439
33937,33942,2021,MOR210191744,2021/03/17,13:20:00,COLISIÓN POR ALCANCE,ASFALTO,Bueno,Bueno,2,ITALIKA,BLANCO,2,,26,MASCULINO,SIN DATOS,0,0,Morelia,Dr Miguel Silva,marzo,miércoles,13,-101.187927793444,19.7204887484457
33938,33943,2021,MOR210191619,2021/03/17,13:21:00,COLISIÓN POR ALCANCE,ASFALTO,Bueno,Bueno,2,CHEVROLET,BLANCO,2,,29,MASCULINO,SIN DATOS,0,0,Morelia,Indeco El Vivero,marzo,miércoles,13,-101.23174083164,19.6776636883715
33939,33944,2021,LEG35968,2021/03/17,15:30:00,COLISIÓN POR ALCANCE,ASFALTO,Bueno,Bueno,2,VOLKSWAGEN,BLANCO,2,MINISTERIO PÚBLICO,34,MASCULINO,SIN DATOS,0,0,Morelia,Villas Valladolid,marzo,miércoles,16,-101.217439669086,19.6975601798898
33940,33945,2021,,2021/03/17,15:40:00,COLISIÓN CON PEATÓN,SIN_DATOS,Bueno,Bueno,2,VOLKSWAGEN,GRIS,1,,34,MASCULINO,SIN DATOS,0,0,Morelia,Carlos Salazar,marzo,miércoles,16,-101.209658559066,19.7124165765648
33941,33946,2021,MOR210192243,2021/03/17,16:50:00,COLISIÓN POR ALCANCE,ASFALTO,Bueno,Bueno,2,NISSAN,GRIS,2,,29,MASCULINO,SIN DATOS,0,0,Morelia,Arcos del Valle,marzo,miércoles,17,-101.23618260026,19.7075687033527
33943,33948,2021,MOR210192631,2021/03/17,19:30:00,COLISIÓN CONTRA OBJETO FIJO,ASFALTO,Bueno,Bueno,2,NISSAN,PLATA,1,,74,MASCULINO,ALIENTO ETÍLICO,0,0,Morelia,Cuauhtemoc,marzo,miércoles,20,-101.183930425,19.6983618999992
33944,33949,2021,MOR 210192951,2021/03/17,21:25:00,SALIDA DE SUPERFICIE DE RODAMIENTO,ASFALTO,Bueno,Regular,1,CHEVROLET,ROJO,1,,41,MASCULINO,SIN DATOS,0,0,Morelia,Bosques Tres Marias,marzo,miércoles,21,-101.105249866175,19.7292626438741
33945,33950,2021,LEG35980,2021/03/18,"00:00:00",COLISIÓN POR CORTE DE CIRCULACIÓN,CONCRETO,Bueno,Bueno,2,RAM,BLANCO,2,,65,MASCULINO,SIN DATOS,0,0,Morelia,Nueva Chapultepec,marzo,jueves,0,-101.170656534483,19.6877951794071
33946,33951,2021,,2021/03/18,"00:00:00",COLISIÓN CONTRA OBJETO FIJO,CONCRETO,Bueno,Bueno,1,FORD,BLANCO,1,,0,MASCULINO,SIN DATOS,0,0,Huandacareo,Chapultepec,marzo,jueves,0,-101.26863297075,19.9866320240429
33947,33952,2021,LEG35979,2021/03/18,"00:00:00",COLISIÓN POR ALCANCE,CONCRETO,Bueno,Bueno,2,CHEVROLET,BLANCO,2,,31,MASCULINO,SIN DATOS,0,0,Morelia,Gral Gertrudis Sanchez,marzo,jueves,0,-101.2094753,19.7439916449991
33948,33953,2021,MOR210193339,2021/03/18,"01:45:00",SUBIDA AL CAMELLÓN,ASFALTO,Bueno,Regular,1,FORD,ROJO,1,,41,MASCULINO,ALIENTO ETÍLICO,0,0,Morelia,Elias Perez Avalos,marzo,jueves,2,-101.167813022979,19.7136335493406
33949,33954,2021,MOR210191000,2021/03/18,"08:20:00",COLISIÓN POR ALCANCE,ASFALTO,Bueno,Bueno,3,NISSAN,PLATA,3,,51,MASCULINO,SIN DATOS,0,0,Morelia,Centro,marzo,jueves,8,-101.18218963,19.7028850649992
33950,33955,2021,,2021/03/18,11:42:00,COLISIÓN POR CORTE DE CIRCULACIÓN,CONCRETO,Bueno,Bueno,2,MAZDA,BLANCO,2,,29,MASCULINO,SIN DATOS,0,0,Morelia,Las Americas,marzo,jueves,12,-101.157579184935,19.6938849671637
33951,33956,2021,,2021/03/18,12:40:00,COLISIÓN POR ALCANCE,ASFALTO,Bueno,Bueno,2,INTERNATIONAL,BLANCO,2,,45,MASCULINO,SIN DATOS,0,0,Morelia,Fidel Velazquez,marzo,jueves,13,-101.236256025732,19.707616364633
33952,33957,2021,,2021/03/18,13:40:00,COLISIÓN POR CAMBIO DE CARRIL,ASFALTO,Bueno,Bueno,2,FORD,BLANCO,2,,,MASCULINO,SIN DATOS,0,0,Morelia,Ciudad Industrial,marzo,jueves,14,-101.142962822184,19.7252618841388
33953,33958,2021,,2021/03/18,17:20:00,COLISIÓN POR CORTE DE CIRCULACIÓN,ASFALTO,Bueno,Bueno,2,INTERNATIONAL,BLANCO,2,,42,MASCULINO,SIN DATOS,0,0,Morelia,Francisco J Mujica,marzo,jueves,17,-101.18555953218,19.7240188062115
33954,33959,2021,,2021/03/18,17:20:00,COLISIÓN POR INVASIÓN DE CARRIL,ASFALTO,Bueno,Bueno,2,NISSAN,GRIS,2,MINISTERIO PÚBLICO,55,MASCULINO,SIN DATOS,0,0,Morelia,Francisco J Mujica,marzo,jueves,17,-101.188241832637,19.7221094694659
33955,33960,2021,,2021/03/18,17:30:00,SALIDA DE SUPERFICIE DE RODAMIENTO,ASFALTO,Bueno,Bueno,1,NISSAN,BLANCO,2,MINISTERIO PÚBLICO,62,MASCULINO,SIN DATOS,0,1,Hidalgo,Centro,marzo,jueves,18,-100.55586129485,19.6911076022317
33956,33961,2021,,2021/03/18,18:00:00,COLISIÓN POR ALCANCE,ASFALTO,Bueno,Bueno,2,DODGE,NEGRO,2,,45,MASCULINO,SIN DATOS,0,0,Morelia,Sin datos,marzo,jueves,18,-101.304550126873,19.6876643298542
33957,33962,2021,,2021/03/18,19:20:00,COLISIÓN POR CORTE DE CIRCULACIÓN,CONCRETO,Bueno,Bueno,2,FORD,PLATA,2,,25,MASCULINO,SIN DATOS,0,0,Morelia,Isaac Arriaga,marzo,jueves,19,-101.172401346266,19.7073058343423
33958,33963,2021,MOR210195039,2021/03/18,19:55:00,COLISIÓN POR ALCANCE,ASFALTO,Lluvioso,Bueno,2,FORD,PLATA,2,,34,MASCULINO,SIN DATOS,0,0,Morelia,Camelinas,marzo,jueves,20,-101.17234297774,19.6819665757047
33959,33964,2021,MOR210182437,2021/03/18,20:31:00,COLISIÓN POR CORTE DE CIRCULACIÓN,ASFALTO,Lluvioso,Bueno,2,NISSAN,BLANCO Y ROJO,2,,38,MASCULINO,SIN DATOS,0,0,Morelia,Americas Britania,marzo,jueves,21,-101.150003194131,19.6917911210935
33960,33965,2021,,2021/03/18,21:50:00,COLISIÓN POR ALCANCE,CONCRETO,Lluvioso,Bueno,2,DODGE,GRIS,2,,43,MASCULINO,SIN DATOS,0,0,Tarímbaro,Club Erandeni,marzo,jueves,22,-101.182791553438,19.7560666463777
33961,33966,2021,,2021/03/18,23:00:00,SUBIDA AL CAMELLÓN,ASFALTO,Bueno,Bueno,1,CHEVROLET,ROJO,1,,30,MASCULINO,SIN DATOS,0,0,Morelia,Campestre Los Manantiales,marzo,jueves,23,-101.238138601184,19.6877994108217
33962,33967,2021,,2021/03/18,23:10:00,COLISIÓN CONTRA OBJETO FIJO,ASFALTO,Bueno,Regular,1,FORD,ROJO,0,MINISTERIO PÚBLICO,,,,0,0,Pátzcuaro,Sin datos,marzo,jueves,23,-101.567506492138,19.5333315343253
33963,33968,2021,MOR210196943,2021/03/19,"00:00:00",COLISIÓN CONTRA OBJETO FIJO,CONCRETO,Bueno,Bueno,1,HONDA,BLANCO,1,,40,MASCULINO,SIN DATOS,0,0,Morelia,Felicitas del Rio,marzo,viernes,0,-101.198968291283,19.69297137364
33964,33969,2021,,2021/03/19,"07:16:00",COLISIÓN POR CORTE DE CIRCULACIÓN,ASFALTO,Bueno,Bueno,2,MERCURY,ROJO,2,,50,MASCULINO,SIN DATOS,0,0,Morelia,Praderas del Indio,marzo,viernes,7,-101.230492659581,19.6541400375035
33965,33970,2021,MOR210119567,2021/03/19,"08:45:00",VOLCADURA,ASFALTO,Bueno,Regular,1,CHEVROLET,BLANCO,0,,,,,0,0,Tzitzio,Tzitzio,marzo,viernes,9,-100.922709,19.584913
33966,33971,2021,MOR210196183,2021/03/19,12:25:00,COLISIÓN CONTRA OBJETO FIJO,CONCRETO,Bueno,Bueno,1,HONDA,GRIS,1,,30,MASCULINO,SIN DATOS,0,0,Morelia,Tzindurio de Morelos,marzo,viernes,12,-101.245649456978,19.6996794035907
33967,33972,2021,,2021/03/19,14:00:00,COLISIÓN POR ALCANCE,ASFALTO,Bueno,Bueno,2,FORD,GRIS,2,,42,MASCULINO,SIN DATOS,0,0,Morelia,Irrigacion,marzo,viernes,14,-101.225012571298,19.7047083979432
33968,33973,2021,MOR210196425,2021/03/19,14:05:00,COLISIÓN POR CORTE DE CIRCULACIÓN,ASFALTO,Bueno,Bueno,2,VOLKSWAGEN,PLATA,2,,28,MASCULINO,SIN DATOS,0,0,Morelia,Indeco Expropiacion Petrolera,marzo,viernes,14,-101.225769929588,19.6858936595117
33969,33974,2021,,2021/03/19,15:05:00,COLISIÓN CONTRA OBJETO FIJO,ASFALTO,Bueno,Bueno,1,DODGE,KHAKI,1,MINISTERIO PÚBLICO,49,MASCULINO,SIN DATOS,0,0,Los Reyes,La Paz,marzo,viernes,15,-102.476282827556,19.5944936141517
33970,33975,2021,,2021/03/19,15:25:00,COLISIÓN POR ALCANCE,ASFALTO,Bueno,Bueno,2,SUZUKY,BLANCO/NEGRO,2,MINISTERIO PÚBLICO,26,MASCULINO,SIN DATOS,0,0,Peribán,Sin datos,marzo,viernes,15,-102.45682705871,19.5612819426817
33971,33976,2021,MOR210088277,2021/03/19,16:20:00,COLISIÓN POR INVASIÓN DE CARRIL,ASFALTO,Bueno,Bueno,2,PONTIAC,AZUL,2,,30,FEMENINO,SIN DATOS,0,0,Morelia,Ventura Puente,marzo,viernes,16,-101.189116202295,19.6935086370532
33972,33977,2021,MOR210196984,2021/03/19,17:10:00,COLISIÓN POR CORTE DE CIRCULACIÓN,ASFALTO,Bueno,Bueno,2,HONDA,ROJO,2,,79,MASCULINO,SIN DATOS,0,0,Morelia,Nueva Chapultepec,marzo,viernes,17,-101.164417080581,19.6884130850673
33973,33978,2021,,2021/03/19,18:00:00,COLISIÓN POR CORTE DE CIRCULACIÓN,ASFALTO,Bueno,Bueno,1,ITALIKA,GUINDA,1,MINISTERIO PÚBLICO,,,,1,0,Pátzcuaro,Centro,marzo,viernes,18,-101.610232405365,19.5298461795657
33974,33979,2021,MOR 210198033,2021/03/19,23:30:00,COLISIÓN POR INVASIÓN DE CARRIL,ASFALTO,Bueno,Bueno,2,VOLKSWAGEN,ROJO Y NEGRO,2,,35,MASCULINO,SIN DATOS,0,0,Morelia,Jose Ma Pino Suarez,marzo,viernes,0,-101.161254207523,19.7192686766482
33975,33980,2021,MOR210198208,2021/03/20,"02:15:00",COLISIÓN CONTRA OBJETO FIJO,ASFALTO,Bueno,Bueno,2,CHEVROLET,GRIS,2,,26,MASCULINO,ALIENTO ETÍLICO,0,0,Morelia,Los Angeles,marzo,sábado,2,-101.167963479351,19.7444751194994
33976,33981,2021,LEG36011,2021/03/20,"03:00:00",COLISIÓN CON PEATÓN,ASFALTO,Bueno,Bueno,1,FIAT,ROJO,1,,36,MASCULINO,SIN DATOS,0,0,Morelia,Colinas del Sol,marzo,sábado,3,-101.129693927562,19.7277565426548
33977,33982,2021,MOR210198255,2021/03/20,"03:40:00",COLISIÓN POR ALCANCE,ASFALTO,Bueno,Bueno,2,NISSAN,NEGRO,1,MINISTERIO PÚBLICO,,,,0,1,Morelia,La Charca,marzo,sábado,4,-101.199007453821,19.6587995016905
33978,33983,2021,MOR 210198286,2021/03/20,"04:15:00",COLISIÓN CONTRA OBJETO FIJO,ASFALTO,Bueno,Bueno,1,ITALIKA,NEGRO VERDE,0,MINISTERIO PÚBLICO,,,,0,0,Morelia,El Lago 1,marzo,sábado,4,-101.21454320848,19.7269959683246
33979,33984,2021,,2021/03/20,"08:05:00",VOLCADURA,ASFALTO,Bueno,Bueno,1,RENAULT,ROJO,1,,27,MASCULINO,SIN DATOS,0,0,Morelia,Los Manantiales de Morelia,marzo,sábado,8,-101.241552077912,19.6955929908196
33980,33985,2021,,2021/03/20,"09:25:00",COLISIÓN POR ALCANCE,CONCRETO,Bueno,Bueno,2,NISSAN,NEGRO,2,,50,MASCULINO,CON CERTIFICADO,0,0,Morelia,Tres Puentes,marzo,sábado,9,-101.213739277289,19.7026702761141
33981,33986,2021,,2021/03/20,11:45:00,COLISIÓN POR CAMBIO DE CARRIL,ASFALTO,Bueno,Bueno,2,KEENWORTH,ROJO,2,,27,MASCULINO,SIN DATOS,0,0,Morelia,Francisco J Mujica,marzo,sábado,12,-101.188243478537,19.7214874029916
33982,33987,2021,,2021/03/20,12:31:00,COLISIÓN POR CORTE DE CIRCULACIÓN,ASFALTO,Bueno,Bueno,2,INTERNATIONAL,AMARILLO Y NARANJA,2,,35,MASCULINO,SIN DATOS,0,0,Morelia,Morelos,marzo,sábado,13,-101.207712627947,19.7007377464455
33983,33988,2021,,2021/03/20,13:43:00,COLISIÓN POR CAMBIO DE CARRIL,ASFALTO,Bueno,Bueno,2,CHEVROLET,NEGRO,2,,31,MASCULINO,SIN DATOS,0,0,Morelia,Felix Ireta,marzo,sábado,14,-101.192128292538,19.6823693932832
33984,33989,2021,,2021/03/20,14:23:00,COLISIÓN POR ALCANCE,ASFALTO,Bueno,Bueno,2,TOYOTA,BLANCO Y NARANJA,2,,44,MASCULINO,SIN DATOS,0,0,Morelia,Juarez,marzo,sábado,14,-101.197021312344,19.6926721215659
33985,33990,2021,,2021/03/20,14:35:00,COLISIÓN POR CORTE DE CIRCULACIÓN,ASFALTO,Bueno,Bueno,2,HONDA,ROJO,2,,20,MASCULINO,SIN DATOS,0,0,Morelia,La Esperanza,marzo,sábado,15,-101.252772063017,19.6979973934932
33986,33991,2021,,2021/03/20,15:25:00,COLISIÓN POR CORTE DE CIRCULACIÓN,ASFALTO,Bueno,Bueno,2,TOYOTA,BLANCO Y GRIS,2,,38,MASCULINO,SIN DATOS,0,0,Morelia,Americas Britania,marzo,sábado,15,-101.149964332581,19.6918030878089