fid,id_accidente,anio_origen,folio_c5i,dia_incidente,hora_ocurrencia,tipo_incidente_vial,superficie_ocurrencia,condiciones_climaticas,condiciones_via,numero_vehiculos_involucrados,marca_vehiculo_ocasiona_siniestro,color_vehiculo_ocasiona_siniestro,numero_personas_involucradas,lugar_remite_presunto_responsable,edad_presunto_responsable,sexo_presunto_responsable,resultados_toxicologia,numero_personas_lesionadas,numero_personas_fallecidas,municipio,colonia,mes,dia_semana,hora_redondeada,lon,lat
33987,33992,2021,,2021/03/20,15:30:00,COLISIÓN POR MANIOBRA DE REVERSA,ASFALTO,Bueno,Bueno,2,JEEP,BLANCO,2,,34,FEMENINO,SIN DATOS,0,0,Morelia,Centro,marzo,sábado,16,-101.195168271661,19.7030127244047
33988,33993,2021,,2021/03/20,15:50:00,COLISIÓN CONTRA OBJETO FIJO,ASFALTO,Bueno,Bueno,2,CHRYSLER,VERDE,2,,,,SIN DATOS,0,0,Morelia,Lomas de Hidalgo,marzo,sábado,16,-101.158371381462,19.6993445525853
33989,33994,2021,,2021/03/20,20:20:00,COLISIÓN POR CORTE DE CIRCULACIÓN,CONCRETO,Bueno,Bueno,2,MAZDA,GRIS,2,,34,MASCULINO,SIN DATOS,0,0,Morelia,Felix Arreguin,marzo,sábado,20,-101.224810399793,19.7172086757624
33990,33995,2021,,2021/03/20,22:00:00,COLISIÓN POR CORTE DE CIRCULACIÓN,ASFALTO,Bueno,Bueno,2,CHEVROLET,BLANCO,2,MINISTERIO PÚBLICO,,,SIN DATOS,0,0,Lázaro Cárdenas,El Sembrador,marzo,sábado,22,-102.204915329136,17.9703083817555
33991,33996,2021,MOR210200269,2021/03/20,22:03:00,COLISIÓN POR NO RESPETAR SEMÁFORO,ASFALTO,Bueno,Bueno,2,CHRYSLER,BLANCO,2,,27,FEMENINO,SIN DATOS,0,0,Morelia,Insurgentes,marzo,sábado,22,-101.155205368996,19.6973783324212
33992,33997,2021,,2021/03/20,22:40:00,COLISIÓN POR CORTE DE CIRCULACIÓN,ASFALTO,Bueno,Bueno,2,FORD,BLANCO,2,,43,MASCULINO,CON CERTIFICADO,0,0,Morelia,Villas del Real,marzo,sábado,23,-101.198642098092,19.7344771035199
33993,33998,2021,,2021/03/21,"00:30:00",COLISIÓN CONTRA OBJETO FIJO,ASFALTO,Bueno,Bueno,1,FORD,ROJO,1,,41,MASCULINO,SIN DATOS,0,0,Morelia,Tenencia Morelos,marzo,domingo,1,-101.240086525,19.6507773397525
33994,33999,2021,,2021/03/21,"00:45:00",SUBIDA AL CAMELLÓN,ASFALTO,Bueno,Bueno,1,VOLKSWAGEN,GRIS,0,,,,,0,0,Morelia,La Esperanza,marzo,domingo,1,-101.154566302217,19.6998957407226
33995,34000,2021,,2021/03/21,"01:18:00",SALIDA DE SUPERFICIE DE RODAMIENTO,ASFALTO,Bueno,Bueno,1,FORD,AZUL,5,MINISTERIO PÚBLICO,,,,5,0,Irimbo,Sin datos,marzo,domingo,1,-100.461582399226,19.7409079556337
33996,34001,2021,,2021/03/21,"01:30:00",COLISIÓN CONTRA OBJETO FIJO,ASFALTO,Bueno,Bueno,1,NISSAN,BLANCO,1,,43,MASCULINO,CON CERTIFICADO,0,0,Morelia,Tierra Y Libertad,marzo,domingo,2,-101.230086191759,19.7161889178396
33997,34002,2021,MOR 210201344,2021/03/21,12:10:00,COLISIÓN POR MANIOBRA DE REVERSA,ASFALTO,Bueno,Regular,2,HONDA,GRIS,2,,45,FEMENINO,SIN DATOS,0,0,Morelia,Ciudad Industrial,marzo,domingo,12,-101.143649406731,19.7297492329846
33998,34003,2021,LEG36037,2021/03/21,12:30:00,COLISIÓN CONTRA OBJETO FIJO,CONCRETO,Bueno,Bueno,1,JEEP,ROJO,1,MINISTERIO PÚBLICO,52,MASCULINO,ALIENTO ETÍLICO,0,0,Morelia,Santa Cecilia,marzo,domingo,13,-101.189420633018,19.6658622266676
33999,34004,2021,"210201601",2021/03/21,13:30:00,COLISIÓN POR INVASIÓN DE CARRIL,ASFALTO,Bueno,Bueno,2,HONDA,BLANCO,2,,44,MASCULINO,SIN DATOS,0,0,Morelia,El Lago 2,marzo,domingo,14,-101.215493381023,19.7267901113947
34000,34005,2021,MOR/210202390,2021/03/21,17:15:00,COLISIÓN POR CAMBIO DE CARRIL,CONCRETO,Bueno,Bueno,2,HONDA,BLANCO,2,,26,MASCULINO,SIN DATOS,0,0,Morelia,Villas del Pedregal,marzo,domingo,17,-101.303381994367,19.6843783863464
34002,34007,2021,,2021/03/21,19:00:00,COLISIÓN POR INVASIÓN DE CARRIL,ASFALTO,Bueno,Bueno,2,FORD,GRIS/BLANCO,3,MINISTERIO PÚBLICO,50,MASCULINO,ALIENTO ETÍLICO,0,1,Peribán,Sin datos,marzo,domingo,19,-102.429953366518,19.4976015615437
34003,34008,2021,,2021/03/21,19:00:00,COLISIÓN POR CORTE DE CIRCULACIÓN,ASFALTO,Bueno,Bueno,2,FORD,AZUL,2,MINISTERIO PÚBLICO,,,SIN DATOS,0,0,Lázaro Cárdenas,Centro,marzo,domingo,19,-102.193842800757,17.9521331982661
34004,34009,2021,MOR210202728,2021/03/21,21:35:00,COLISIÓN POR MANIOBRA DE REVERSA,ASFALTO,Bueno,Bueno,2,DODGE,GRIS,2,,,MASCULINO,SIN DATOS,0,0,Morelia,Tres Puentes,marzo,domingo,22,-101.213742904365,19.7026725143415
34005,34010,2021,,2021/03/21,22:15:00,COLISIÓN POR CORTE DE CIRCULACIÓN,ASFALTO,Bueno,Bueno,2,DINAMO,BLANCO Y ROJO,0,MINISTERIO PÚBLICO,,,,0,0,Morelia,5 de Mayo,marzo,domingo,22,-101.175375550307,19.7040856037863
34006,34011,2021,,2021/03/21,22:35:00,COLISIÓN POR CAMBIO DE CARRIL,ASFALTO,Bueno,Regular,2,CHRYSLER,BLANCO,2,,22,MASCULINO,CON CERTIFICADO,0,0,Morelia,Lomas del Durazno,marzo,domingo,23,-101.190728423287,19.6655430622529
34007,34012,2021,MOR210202932,2021/03/21,22:50:00,COLISIÓN CONTRA OBJETO FIJO,ASFALTO,Bueno,Bueno,1,NISSAN,GRIS,1,,18,MASCULINO,ALIENTO ETÍLICO,0,0,Morelia,Montaña Monarca,marzo,domingo,23,-101.16072870791,19.6729960169641
34008,34013,2021,,2021/03/21,23:15:00,COLISIÓN POR INVASIÓN DE CARRIL,ASFALTO,Bueno,Bueno,2,FORD,BLANCO,6,MINISTERIO PÚBLICO,18,MASCULINO,ALIENTO ETÍLICO,4,0,Morelia,La Floresta,marzo,domingo,23,-101.152027987622,19.6837176883251
34009,34014,2021,LEG36045,2021/03/22,"00:00:00",COLISIÓN CONTRA OBJETO FIJO,CONCRETO,Bueno,Bueno,1,VOLKSWAGEN,VERDE,0,,,,,0,0,Morelia,Unidos Santa Cruz,marzo,lunes,0,-101.213281899691,19.7201939411589
34010,34015,2021,MOR210203154,2021/03/22,"02:10:00",COLISIÓN POR NO RESPETAR SEMÁFORO,ASFALTO,Bueno,Bueno,2,AUDI,BLANCO,2,MINISTERIO PÚBLICO,44,MASCULINO,SIN DATOS,0,0,Morelia,Lomas del Tecnologico,marzo,lunes,2,-101.188340373337,19.7212349720255
34011,34016,2021,,2021/03/22,"08:00:00",SALIDA DE SUPERFICIE DE RODAMIENTO,ASFALTO,Bueno,Bueno,1,CHEVROLET,GUINDA,1,MINISTERIO PÚBLICO,37,FEMENINO,SIN DATOS,0,0,Morelia,Tinijaro,marzo,lunes,8,-101.26316,19.6963297049991
34012,34017,2021,,2021/03/22,10:10:00,COLISIÓN POR CORTE DE CIRCULACIÓN,ASFALTO,Bueno,Bueno,2,KIA,GUINDA,2,,27,FEMENINO,SIN DATOS,0,0,Morelia,Centro,marzo,lunes,10,-101.199618605046,19.7041390337918
34013,34018,2021,MOR210203655,2021/03/22,11:46:00,COLISIÓN CON PEATÓN,CONCRETO,Bueno,Regular,1,VOLKSWAGEN,VERDE,2,MINISTERIO PÚBLICO,22,MASCULINO,SIN DATOS,1,0,Morelia,El Porvenir,marzo,lunes,12,-101.201622337103,19.7118793662381
34014,34019,2021,,2021/03/22,13:25:00,COLISIÓN POR CORTE DE CIRCULACIÓN,ASFALTO,Bueno,Bueno,2,RAM,BLANCO,2,,31,MASCULINO,SIN DATOS,0,0,Morelia,Insurgentes,marzo,lunes,13,-101.154077615,19.6978325849991
34015,34020,2021,,2021/03/22,14:20:00,COLISIÓN POR ALCANCE,CONCRETO,Bueno,Bueno,2,DINAMO,NEGRO,2,,25,MASCULINO,SIN DATOS,0,0,Morelia,Vasco de Quiroga,marzo,lunes,14,-101.170781843724,19.6971475522393
34016,34021,2021,,2021/03/22,17:00:00,COLISIÓN CONTRA OBJETO FIJO,ASFALTO,Bueno,Malo,3,HERON,BLANCO,2,MINISTERIO PÚBLICO,46,,SIN DATOS,0,0,Morelia,Miravallle,marzo,lunes,17,-101.280706385,19.7049208799991
34017,34022,2021,,2021/03/22,19:00:00,COLISIÓN CONTRA OBJETO FIJO,ASFALTO,Bueno,Bueno,2,CHEVROLET,BLANCO/ROSA,2,,28,MASCULINO,CON CERTIFICADO,0,0,Morelia,Lomas del Pedregal,marzo,lunes,19,-101.284884534717,19.6921578400803
34018,34023,2021,,2021/03/22,20:55:00,COLISIÓN POR CORTE DE CIRCULACIÓN,CONCRETO,Bueno,Bueno,2,NISSAN,BLANCO,2,,72,,SIN DATOS,0,0,Morelia,Vasco de Quiroga,marzo,lunes,21,-101.172084441176,19.7019638559701
34019,34024,2021,,2021/03/22,21:00:00,COLISIÓN POR ALCANCE,ASFALTO,Bueno,Bueno,2,RENAULT/DUSTER,BLANCO,2,,37,MASCULINO,SIN DATOS,0,0,Morelia,Felix Ireta,marzo,lunes,21,-101.191906675018,19.682402511753
34020,34025,2021,,2021/03/22,21:20:00,COLISIÓN POR INVASIÓN DE CARRIL,ASFALTO,Bueno,Bueno,2,TOYOTA,VERDE,2,MINISTERIO PÚBLICO,64,MASCULINO,SIN DATOS,0,0,Los Reyes,Sin datos,marzo,lunes,21,-102.436975755476,19.6563682200887
34021,34026,2021,,2021/03/22,22:00:00,COLISIÓN CON PEATÓN,CONCRETO,Bueno,Bueno,2,CHEVROLET CHEYENE,NEGRO,2,,35,MASCULINO,SIN DATOS,0,0,Morelia,Lucio Cabañas(26 de Julio),marzo,lunes,22,-101.249885353437,19.7120565059368
34022,34027,2021,,2021/03/23,"00:00:00",COLISIÓN POR CAMBIO DE CARRIL,ASFALTO,Bueno,Bueno,2,VOLKSWAGEN,BLANCO,3,,27,FEMENINO,SIN DATOS,1,0,Morelia,Melchor Ocampo,marzo,martes,0,-101.201102963902,19.7062481272909
34023,34028,2021,MOR210206299,2021/03/23,"07:25:00",COLISIÓN CONTRA OBJETO FIJO,ASFALTO,Bueno,Bueno,2,CHEVROLET,ROJO,1,,51,MASCULINO,SIN DATOS,0,0,Morelia,La Hacienda,marzo,martes,7,-101.314941949464,19.6868805021348
34024,34029,2021,MOR/210205684,2021/03/23,"09:30:00",COLISIÓN POR CORTE DE CIRCULACIÓN,CONCRETO,Bueno,Bueno,2,DODGE,GRIS,2,,34,FEMENINO,SIN DATOS,0,0,Morelia,Chapultepec Norte,marzo,martes,10,-101.172447679241,19.693973869745
34025,34030,2021,MOR210205783,2021/03/23,"09:40:00",COLISIÓN POR CORTE DE CIRCULACIÓN,ASFALTO,Bueno,Bueno,2,FREIGHTLINER,BLANCO,2,MINISTERIO PÚBLICO,30,MASCULINO,SIN DATOS,0,0,Morelia,Ignacio Zaragoza,marzo,martes,10,-101.204696849667,19.7254277763335
34026,34031,2021,MOR210205854,2021/03/23,10:30:00,COLISIÓN POR ALCANCE,ASFALTO,Bueno,Bueno,2,FORD,AZUL,2,,32,MASCULINO,SIN DATOS,0,0,Morelia,Isaac Arriaga,marzo,martes,11,-101.166177950799,19.7101562799922
34027,34032,2021,,2021/03/23,11:10:00,COLISIÓN POR CAMBIO DE CARRIL,ASFALTO,Bueno,Bueno,2,VOLKSWAGEN,BLANCO,2,MINISTERIO PÚBLICO,42,MASCULINO,SIN DATOS,0,0,Morelia,Xangari,marzo,martes,11,-101.220646458678,19.674130688392
34028,34033,2021,MOR210205875,2021/03/23,11:25:00,COLISIÓN POR INVASIÓN DE CARRIL,ASFALTO,Bueno,Bueno,2,CHEVROLET,VERDE,2,,21,MASCULINO,SIN DATOS,0,0,Morelia,La Colina,marzo,martes,11,-101.213817670941,19.7073588041579
34029,34034,2021,,2021/03/23,12:40:00,COLISIÓN POR CORTE DE CIRCULACIÓN,ASFALTO,Bueno,Bueno,2,ITALIKA,VERDE,2,,25,MASCULINO,SIN DATOS,0,0,Morelia,Camelinas,marzo,martes,13,-101.166125312448,19.6841719292692
34030,34035,2021,,2021/03/23,13:00:00,COLISIÓN POR CORTE DE CIRCULACIÓN,TERRACERIA,Bueno,Bueno,2,VENTO,NEGRO Y ROJO,2,,27,MASCULINO,SIN DATOS,0,0,Morelia,Ciudad Industrial,marzo,martes,13,-101.132398545742,19.7364840077121
34031,34036,2021,MOR210206249,2021/03/23,14:10:00,COLISIÓN POR ALCANCE,ASFALTO,Bueno,Bueno,2,RENAULT,BLANCO,2,MINISTERIO PÚBLICO,40,FEMENINO,SIN DATOS,0,0,Morelia,Fuentes de Valladolid,marzo,martes,14,-101.222480169761,19.6704905559033
34032,34037,2021,LEG36086,2021/03/23,20:30:00,COLISIÓN POR ALCANCE,ASFALTO,Bueno,Bueno,2,FORD,AZUL,2,,39,MASCULINO,SIN DATOS,0,0,Morelia,Las Flores,marzo,martes,21,-101.206395998597,19.7023562354085
34033,34038,2021,,2021/03/23,21:30:00,COLISIÓN POR ALCANCE,ASFALTO,Bueno,Bueno,2,HONDA,GRIS,2,MINISTERIO PÚBLICO,48,MASCULINO,SIN DATOS,0,0,Morelia,Elias Perez Avalos,marzo,martes,22,-101.165778575971,19.7145798091244
34035,34040,2021,,2021/03/24,10:10:00,COLISIÓN POR CORTE DE CIRCULACIÓN,ASFALTO,Bueno,Bueno,2,KENWORTH,AMARILLO,2,,34,MASCULINO,SIN DATOS,0,0,Morelia,Indeco El Vivero,marzo,miércoles,10,-101.230286120312,19.6793258035144
34036,34041,2021,MOR210205914,2021/03/24,11:16:00,COLISIÓN POR INVASIÓN DE CARRIL,CONCRETO,Bueno,Bueno,2,FORD,BLANCO,2,,30,MASCULINO,SIN DATOS,0,0,Morelia,Prados Verdes,marzo,miércoles,11,-101.196884214878,19.7186598836743
34037,34042,2021,MOR210206527,2021/03/24,12:30:00,COLISIÓN POR CAMBIO DE CARRIL,ASFALTO,Bueno,Bueno,2,NISSAN,BLANCO,2,,24,MASCULINO,SIN DATOS,0,0,Morelia,Felix Ireta,marzo,miércoles,13,-101.192020364106,19.6866345597199
34038,34043,2021,,2021/03/24,13:16:00,COLISIÓN POR CORTE DE CIRCULACIÓN,ASFALTO,Bueno,Bueno,2,VOLKSWAGEN,ROJO,2,MINISTERIO PÚBLICO,20,MASCULINO,SIN DATOS,0,0,Morelia,Centro,marzo,miércoles,13,-101.18218963,19.7028850649992
34039,34044,2021,,2021/03/24,13:53:00,COLISIÓN POR CORTE DE CIRCULACIÓN,ASFALTO,Bueno,Bueno,2,CHRYSLER,ROJO,2,,43,MASCULINO,SIN DATOS,0,0,Tarímbaro,Sin datos,marzo,miércoles,14,-101.158266805995,19.766484
34040,34045,2021,,2021/03/24,14:00:00,COLISIÓN CON PEATÓN,ASFALTO,Bueno,Bueno,1,CHEVROLET,GRIS,2,,51,FEMENINO,SIN DATOS,1,0,Charo,Sin datos,marzo,miércoles,14,-101.087183877826,19.689129351065
34041,34046,2021,,2021/03/24,14:15:00,COLISIÓN POR CORTE DE CIRCULACIÓN,ASFALTO,Bueno,Bueno,2,ITALIKA,BLANCO/NARANJA,2,,18,MASCULINO,SIN DATOS,0,0,Peribán,Sin datos,marzo,miércoles,14,-102.396929033779,19.5569666612228
34042,34047,2021,,2021/03/24,15:26:00,COLISIÓN POR ALCANCE,ASFALTO,Bueno,Bueno,2,TOYOTA,BLANCO Y AZUL,2,MINISTERIO PÚBLICO,64,MASCULINO,SIN DATOS,0,0,Morelia,Ferrocarrilero,marzo,miércoles,15,-101.223609235,19.6918737849991
34043,34048,2021,,2021/03/24,18:20:00,COLISIÓN CON PEATÓN,CONCRETO,Bueno,Bueno,1,FORD,GRIS,1,MINISTERIO PÚBLICO,,,,1,0,Pátzcuaro,Molino San Nicolas,marzo,miércoles,18,-101.609690599144,19.5248708900635
34044,34049,2021,,2021/03/25,"02:00:00",COLISIÓN POR CORTE DE CIRCULACIÓN,ASFALTO,Bueno,Bueno,2,VOLKSWAGEN,GRIS,2,,20,MASCULINO,CON CERTIFICADO,0,0,Morelia,Prados Verdes,marzo,jueves,2,-101.199782310949,19.7166640281337
34045,34050,2021,MOR210211132,2021/03/25,12:03:00,COLISIÓN POR CORTE DE CIRCULACIÓN,ASFALTO,Bueno,Bueno,2,INTERNACIONAL,BLANCO,2,,25,MASCULINO,SIN DATOS,0,0,Morelia,Bosques Tres Marias,marzo,jueves,12,-101.105249226093,19.7292625864915
34046,34051,2021,,2021/03/25,12:50:00,COLISIÓN POR CAMBIO DE CARRIL,ASFALTO,Bueno,Bueno,2,VOLKSWAGEN,AZUL,2,,75,MASCULINO,SIN DATOS,0,0,Morelia,Americas Britania,marzo,jueves,13,-101.149188808419,19.6946529487375
34047,34052,2021,FOLIO 210211750,2021/03/25,15:55:00,COLISIÓN CONTRA OBJETO FIJO,ASFALTO,Bueno,Bueno,2,S/D,S/D,1,,31,FEMENINO,SIN DATOS,0,0,Morelia,Centro,marzo,jueves,16,-101.200148158454,19.7046250680879
34048,34053,2021,MOR210211907,2021/03/25,17:10:00,COLISIÓN POR ALCANCE,ASFALTO,Bueno,Bueno,2,NISSAN,BLANCO,2,,25,MASCULINO,SIN DATOS,0,0,Morelia,Niño Artillero,marzo,jueves,17,-101.250657811761,19.6984973353
34049,34054,2021,LEG36116,2021/03/25,18:43:00,COLISIÓN POR CORTE DE CIRCULACIÓN,ASFALTO,Bueno,Bueno,1,KENWORTH,S/D,1,,50,MASCULINO,SIN DATOS,0,0,Morelia,Francisco J Mujica,marzo,jueves,19,-101.18824311277,19.7214861692435
34050,34055,2021,,2021/03/25,18:45:00,COLISIÓN POR CORTE DE CIRCULACIÓN,ASFALTO,Bueno,Bueno,2,CHEVROLET,BLANCO,2,,39,MASCULINO,SIN DATOS,0,0,Morelia,Felix Ireta,marzo,jueves,19,-101.180548891425,19.6870105329122
34051,34056,2021,,2021/03/25,20:10:00,COLISIÓN POR INVASIÓN DE CARRIL,ASFALTO,Bueno,Bueno,2,GENERAL MOTORS,BLANCO Y NARANJA,2,MINISTERIO PÚBLICO,33,MASCULINO,SIN DATOS,0,0,Morelia,Juarez,marzo,jueves,20,-101.195579655468,19.693367534557
34052,34057,2021,MOR210213123,2021/03/26,"07:15:00",COLISIÓN CONTRA OBJETO FIJO,ASFALTO,Bueno,Bueno,1,FORD,ROJO,1,,33,FEMENINO,SIN DATOS,0,0,Morelia,Tinijaro,marzo,viernes,7,-101.262377358295,19.6964490619488
34053,34058,2021,,2021/03/26,"08:40:00",COLISIÓN CONTRA OBJETO FIJO,ASFALTO,Bueno,Bueno,1,VOLKSWAGEN DERVY,ARENA,1,,33,,ALIENTO ETÍLICO,0,0,Morelia,Sentimientos de La Nacion,marzo,viernes,9,-101.23327740214,19.678230075832
34054,34059,2021,,2021/03/26,"08:50:00",COLISIÓN POR ALCANCE,ASFALTO,Bueno,Bueno,2,HONDA/FIT,ROJO,2,,61,MASCULINO,SIN DATOS,0,0,Morelia,Ferrocarrilero,marzo,viernes,9,-101.212714642954,19.7019259779784
34055,34060,2021,,2021/03/26,"09:20:00",COLISIÓN POR ALCANCE,ASFALTO,Bueno,Regular,2,VOLKSWAGEN,BLANCO,2,,32,MASCULINO,SIN DATOS,0,0,Morelia,Prados Verdes,marzo,viernes,9,-101.203448586166,19.7205815991887
34056,34061,2021,,2021/03/26,11:50:00,COLISIÓN POR CORTE DE CIRCULACIÓN,ASFALTO,Bueno,Bueno,2,TOYOTA,BLANCO CON MORADO,2,,51,MASCULINO,SIN DATOS,0,0,Morelia,Isaac Arriaga,marzo,viernes,12,-101.173320673406,19.706901185669
34057,34062,2021,,2021/03/26,12:00:00,COLISIÓN POR CORTE DE CIRCULACIÓN,ASFALTO,Bueno,Bueno,2,FREIGHTLINER,BLANCO,2,,50,MASCULINO,SIN DATOS,0,0,Morelia,Elias Perez Avalos,marzo,viernes,12,-101.165099367499,19.7106208904536
34058,34063,2021,,2021/03/26,12:20:00,COLISIÓN CONTRA OBJETO FIJO,ASFALTO,Bueno,Bueno,2,ELGIN PELICAN,BLANCO,0,MINISTERIO PÚBLICO,,,,0,0,Morelia,Industrial,marzo,viernes,12,-101.197802871466,19.7090853351343
34059,34064,2021,,2021/03/26,13:00:00,SALIDA DE SUPERFICIE DE RODAMIENTO,ASFALTO,Bueno,Bueno,1,NISSAN,BLANCO,1,,48,MASCULINO,SIN DATOS,0,0,Charo,Sin datos,marzo,viernes,13,-100.951231755316,19.6176697648755
34060,34065,2021,,2021/03/26,13:00:00,COLISIÓN POR CORTE DE CIRCULACIÓN,ASFALTO,Bueno,Bueno,2,NISSAN,BLANCO,2,MINISTERIO PÚBLICO,,,SIN DATOS,0,0,Lázaro Cárdenas,Centro,marzo,viernes,13,-102.196680977941,17.9598050418687
34061,34066,2021,,2021/03/26,13:03:00,COLISIÓN POR CAMBIO DE CARRIL,ASFALTO,Bueno,Bueno,2,FIAT,NEGRO,2,,28,FEMENINO,SIN DATOS,0,0,Morelia,Felix Ireta,marzo,viernes,13,-101.18927515366,19.6903879384873
34062,34067,2021,,2021/03/26,13:20:00,VOLCADURA,CONCRETO,Bueno,Bueno,1,NISSAN,ARENA,1,,0,,SIN DATOS,0,0,Morelia,Obrera,marzo,viernes,13,-101.179813265122,19.7081737796029
34063,34068,2021,,2021/03/26,13:30:00,COLISIÓN CON PEATÓN,ASFALTO,Bueno,Bueno,1,ITALIKA/Cs150,NEGRO VERDE,1,,35,FEMENINO,SIN DATOS,0,0,Morelia,Chapultepec Norte,marzo,viernes,14,-101.16825904021,19.6949840790329
34064,34069,2021,,2021/03/26,14:00:00,COLISIÓN POR CORTE DE CIRCULACIÓN,CONCRETO,Bueno,Bueno,2,Chevrolet,GRIS,2,,62,FEMENINO,SIN DATOS,0,0,Morelia,Melchor Ocampo,marzo,viernes,14,-101.202368631291,19.7057377074628
34065,34070,2021,,2021/03/26,15:30:00,COLISIÓN POR NO RESPETAR SEMÁFORO,ASFALTO,Bueno,Bueno,2,TOYOTA,ROJO,2,,52,MASCULINO,SIN DATOS,0,0,Morelia,Josefa Ortiz de Dominguez,marzo,viernes,16,-101.208109930158,19.6723346118757
34066,34071,2021,,2021/03/26,16:00:00,COLISIÓN POR NO RESPETAR SEMÁFORO,ASFALTO,Bueno,Bueno,2,HONDA,NEGRO,2,,52,MASCULINO,SIN DATOS,0,0,Morelia,Lomas de Huerta,marzo,viernes,16,-101.2101457268,19.6723232464185
34067,34072,2021,,2021/03/26,16:45:00,COLISIÓN POR ALCANCE,ASFALTO,Bueno,Bueno,2,CHEVROLET AVEO,GRIS,2,,37,MASCULINO,SIN DATOS,0,0,Morelia,Lomas del Tecnologico,marzo,viernes,17,-101.195185370743,19.7241346906496
34068,34073,2021,,2021/03/26,17:25:00,SALIDA DE SUPERFICIE DE RODAMIENTO,ASFALTO,Bueno,Bueno,1,NISSAN/URVAN,BLANCO ROJO,1,,33,MASCULINO,SIN DATOS,0,0,Morelia,Pascual Ortiz de Ayala,marzo,viernes,17,-101.149929428594,19.6948515589721
34069,34074,2021,,2021/03/26,18:40:00,COLISIÓN POR CORTE DE CIRCULACIÓN,CONCRETO,Bueno,Bueno,2,Nissan,Blanco,2,,47,MASCULINO,SIN DATOS,0,0,Morelia,Villa Universidad,marzo,viernes,19,-101.201686625875,19.6851000590914
34070,34075,2021,,2021/03/26,18:40:00,COLISIÓN POR CORTE DE CIRCULACIÓN,ASFALTO,Bueno,Bueno,2,HONDA,GRIS,2,MINISTERIO PÚBLICO,33,FEMENINO,SIN DATOS,1,0,Morelia,Sin datos,marzo,viernes,19,-101.304399557412,19.687675091568
34071,34076,2021,MOR210216147,2021/03/27,"00:00:00",COLISIÓN CON PEATÓN,SIN_DATOS,Bueno,Bueno,2,NISSAN,BLANCO,2,,36,MASCULINO,SIN DATOS,0,0,Morelia,Eduardo Ruiz,marzo,sábado,0,-101.223640895702,19.7237585464762
34072,34077,2021,LEG36179,2021/03/27,"00:00:00",COLISIÓN CON PEATÓN,SIN_DATOS,Bueno,Bueno,2,VOLVO,BLANCO,2,,20,,SIN DATOS,0,0,Morelia,Francisco J Mujica,marzo,sábado,0,-101.186597577539,19.7231298012899
34073,34078,2021,,2021/03/27,"00:50:00",COLISIÓN CON PEATÓN,SIN_DATOS,Bueno,Bueno,2,SIN DATOS,SD,1,MINISTERIO PÚBLICO,27,FEMENINO,SIN DATOS,0,0,Morelia,Elias Perez Avalos,marzo,sábado,1,-101.165849380195,19.7104210954898
34074,34079,2021,,2021/03/27,"05:25:00",COLISIÓN CON PEATÓN,ASFALTO,Bueno,Bueno,1,YAMAHA,ROJO CON BLANCO,3,,25,MASCULINO,SIN DATOS,2,0,Morelia,Fidel Velazquez,marzo,sábado,5,-101.237610541284,19.7067167950159
34075,34080,2021,,2021/03/27,"06:50:00",COLISIÓN CONTRA OBJETO FIJO,ASFALTO,Bueno,Bueno,1,HONDA,AZUL,1,,36,MASCULINO,CON CERTIFICADO,0,0,Morelia,Nicolaitas Ilustres,marzo,sábado,7,-101.227527447045,19.7207880092799
34076,34081,2021,,2021/03/27,"08:26:00",COLISIÓN POR NO RESPETAR SEMÁFORO,ASFALTO,Bueno,Bueno,2,VOLKSWAGEN,ROJO,2,,29,FEMENINO,SIN DATOS,0,0,Morelia,Felix Ireta,marzo,sábado,8,-101.195355660535,19.6919858886167
34077,34082,2021,,2021/03/27,"08:30:00",COLISIÓN POR NO RESPETAR SEMÁFORO,ASFALTO,Bueno,Bueno,2,CHEVROLET,BLANCO,2,MINISTERIO PÚBLICO,35,MASCULINO,SIN DATOS,0,0,Morelia,Rinconada del Valle,marzo,sábado,9,-101.219118081711,19.6779213253181
34078,34083,2021,,2021/03/27,11:20:00,COLISIÓN CON PEATÓN,SIN_DATOS,Bueno,Bueno,2,MITSUBISHI,BLANCO,2,,31,FEMENINO,SIN DATOS,0,0,Morelia,Ilustres Novohispanos,marzo,sábado,11,-101.1542753435,19.7093915291684
34079,34084,2021,,2021/03/27,11:20:00,COLISIÓN CON PEATÓN,SIN_DATOS,Bueno,Bueno,2,HONDA,BLANCO/NEGRO,2,,28,MASCULINO,SIN DATOS,0,0,Morelia,Del Empleado,marzo,sábado,11,-101.179844445802,19.6899901918354
34080,34085,2021,MOR210213906,2021/03/27,13:03:00,COLISIÓN POR ALCANCE,ASFALTO,Bueno,Bueno,2,HYUNDAI,AZUL,2,,57,MASCULINO,SIN DATOS,0,0,Morelia,San Pascual,marzo,sábado,13,-101.267705901779,19.6952495509676
34081,34086,2021,MOR210216255,2021/03/27,14:45:00,COLISIÓN CON PEATÓN,SIN_DATOS,Bueno,Bueno,2,VOLKSWAGEN,ARENA,2,,37,FEMENINO,SIN DATOS,0,0,Morelia,Camponubes,marzo,sábado,15,-101.290111709159,19.6991206722122
34082,34087,2021,,2021/03/27,15:02:00,COLISIÓN CON PEATÓN,SIN_DATOS,Bueno,Bueno,2,FORD,GRIS,2,,28,MASCULINO,SIN DATOS,0,0,Morelia,Lomas del Tecnologico,marzo,sábado,15,-101.196098662913,19.7242940997683
34083,34088,2021,MOR21021604,2021/03/27,17:15:00,COLISIÓN CON PEATÓN,SIN_DATOS,Bueno,Bueno,1,HONDA,AZUL,1,,47,MASCULINO,SIN DATOS,0,0,Charo,San Pedro Y San Pablo,marzo,sábado,17,-101.046788773742,19.7522823367601
34084,34089,2021,,2021/03/27,18:50:00,COLISIÓN POR CORTE DE CIRCULACIÓN,ASFALTO,Bueno,Bueno,2,SUZUKI,ROJO,2,,24,MASCULINO,SIN DATOS,0,0,Morelia,Nueva Valladolid,marzo,sábado,19,-101.21075093069,19.6951567463223