fid,id_accidente,anio_origen,folio_c5i,dia_incidente,hora_ocurrencia,tipo_incidente_vial,superficie_ocurrencia,condiciones_climaticas,condiciones_via,numero_vehiculos_involucrados,marca_vehiculo_ocasiona_siniestro,color_vehiculo_ocasiona_siniestro,numero_personas_involucradas,lugar_remite_presunto_responsable,edad_presunto_responsable,sexo_presunto_responsable,resultados_toxicologia,numero_personas_lesionadas,numero_personas_fallecidas,municipio,colonia,mes,dia_semana,hora_redondeada,lon,lat
34085,34090,2021,,2021/03/27,20:00:00,COLISIÓN CON PEATÓN,SIN_DATOS,Bueno,Bueno,2,CHEVROLET,GRIS,2,,0,,SIN DATOS,0,0,Morelia,Del Empleado,marzo,sábado,20,-101.179858862675,19.6898989912021
34086,34091,2021,MOR210218003,2021/03/27,20:42:00,COLISIÓN CON PEATÓN,SIN_DATOS,Bueno,Bueno,2,FORD,AMARILLO,2,,44,MASCULINO,SIN DATOS,0,0,Morelia,Sin datos,marzo,sábado,21,-101.11453268677,19.7368102316147
34087,34092,2021,,2021/03/27,21:00:00,COLISIÓN CON PEATÓN,SIN_DATOS,Bueno,Bueno,2,NISSAN,VERDE,2,,0,,SIN DATOS,0,0,Morelia,Gertrudis Sanchez,marzo,sábado,21,-101.200213506818,19.7396273313489
34088,34093,2021,,2021/03/27,23:00:00,COLISIÓN CON PEATÓN,SIN_DATOS,Bueno,Bueno,2,DODGE,GRIS,2,MINISTERIO PÚBLICO,0,MASCULINO,SIN DATOS,0,0,Morelia,Prados Verdes,marzo,sábado,23,-101.196997843005,19.7187324465924
34089,34094,2021,,2021/03/27,23:30:00,COLISIÓN CON PEATÓN,SIN_DATOS,Bueno,Bueno,4,CHRYSLER,ROJO,4,,39,MASCULINO,SIN DATOS,0,0,Morelia,Independencia,marzo,sábado,0,-101.177319176495,19.7085932599231
34090,34095,2021,,2021/03/28,"00:20:00",COLISIÓN POR NO RESPETAR SEMÁFORO,ASFALTO,Bueno,Bueno,2,FORD,NEGRO,2,,33,MASCULINO,SIN DATOS,0,0,Morelia,Loma de Los Piñones,marzo,domingo,0,-101.205085038461,19.6739917787501
34091,34096,2021,,2021/03/28,"06:05:00",SALIDA DE SUPERFICIE DE RODAMIENTO,ASFALTO,Bueno,Bueno,1,NISSAN,CAFE METALICO,0,,,,,0,0,Cuitzeo,Sin datos,marzo,domingo,6,-101.13760471344,19.9419657692704
34092,34097,2021,,2021/03/28,"07:43:00",SUBIDA AL CAMELLÓN,ASFALTO,Bueno,Bueno,1,FORD,GRIS,1,,,MASCULINO,SIN DATOS,0,0,Morelia,Fidel Velazquez,marzo,domingo,8,-101.237611516632,19.7067180862687
34093,34098,2021,,2021/03/28,"09:17:00",COLISIÓN POR CORTE DE CIRCULACIÓN,ASFALTO,Bueno,Bueno,2,Volkswagen,Blanco/Rojo,2,,32,MASCULINO,SIN DATOS,0,0,Morelia,Isaac Arriaga,marzo,domingo,9,-101.172391623259,19.7072982016352
34094,34099,2021,,2021/03/28,12:50:00,COLISIÓN POR CORTE DE CIRCULACIÓN,ASFALTO,Bueno,Bueno,2,NISSAN,BLANCO,2,,69,MASCULINO,SIN DATOS,0,0,Morelia,Sin datos,marzo,domingo,13,-101.355050697244,19.6783626391941
34095,34100,2021,,2021/03/28,17:35:00,COLISIÓN POR NO RESPETAR SEMÁFORO,ASFALTO,Bueno,Bueno,2,VENTO,GRIS,2,,,,SIN DATOS,0,0,Morelia,Vasco de Quiroga,marzo,domingo,18,-101.175953627311,19.6982975539014
34096,34101,2021,,2021/03/28,18:25:00,CAIDA DE MOTOCICLETA,ASFALTO,Bueno,Bueno,1,ITALIKA/DS150,NEGRO,1,,29,MASCULINO,ALIENTO ETÍLICO,0,0,Morelia,Sin datos,marzo,domingo,18,-101.288706318232,19.6879945562744
34097,34102,2021,,2021/03/28,20:30:00,COLISIÓN CONTRA OBJETO FIJO,TERRACERIA,Bueno,Bueno,1,Nissan,Rojo,1,,,MASCULINO,SIN DATOS,0,0,Morelia,Centenario (Alamos),marzo,domingo,21,-101.169191382147,19.7292136692847
34098,34103,2021,,2021/03/28,21:15:00,COLISIÓN CON PEATÓN,ASFALTO,Bueno,Bueno,0,,,1,,,,,0,1,Morelia,La Soledad,marzo,domingo,21,-101.183763153173,19.7264607396783
34099,34104,2021,,2021/03/28,22:40:00,COLISIÓN POR CORTE DE CIRCULACIÓN,ASFALTO,Bueno,Bueno,2,HILUX,PLATA,2,,33,MASCULINO,SIN DATOS,0,0,Morelia,Prados Verdes,marzo,domingo,23,-101.201514073394,19.714511347433
34100,34105,2021,MOR210223058,2021/03/29,"00:00:00",COLISIÓN POR ALCANCE,ASFALTO,Bueno,Bueno,2,VOLKSWAGEN,ARENA,2,,29,MASCULINO,SIN DATOS,0,0,Morelia,Comision Federal de Electricidad,marzo,lunes,0,-101.181417561399,19.6815075644706
34101,34106,2021,,2021/03/29,"00:00:00",COLISIÓN POR ALCANCE,ASFALTO,Bueno,Bueno,3,NISSAN,BLANCO,3,,30,MASCULINO,SIN DATOS,0,0,Morelia,Isaac Arriaga,marzo,lunes,0,-101.175223731183,19.7060296753787
34102,34107,2021,,2021/03/29,"01:15:00",VOLCADURA,ASFALTO,Bueno,Bueno,1,TOYOTA RAV 4,PLATA,2,,27,,SIN DATOS,1,0,Morelia,Alberto Oviedo Mota,marzo,lunes,1,-101.197970174253,19.681195318987
34103,34108,2021,,2021/03/29,"04:55:00",COLISIÓN POR ALCANCE,ASFALTO,Bueno,Bueno,1,HONDA,BLANCO/ROJO,0,,,,,0,0,Tocumbo,Sin Nombre,marzo,lunes,5,-102.492720745504,19.6480097421419
34104,34109,2021,MOR210218982,2021/03/29,"06:20:00",COLISIÓN POR CAMBIO DE CARRIL,ASFALTO,Bueno,Bueno,2,DODGE,AZUL/ BLANCO,0,MINISTERIO PÚBLICO,,,,0,0,Morelia,Ignacio Zaragoza,marzo,lunes,6,-101.205323800985,19.7254653096448
34105,34110,2021,,2021/03/29,"07:20:00",COLISIÓN POR CORTE DE CIRCULACIÓN,ASFALTO,Bueno,Bueno,2,CHEVROLET,BLANCO,3,,20,MASCULINO,SIN DATOS,1,0,Peribán,Sin datos,marzo,lunes,7,-102.456751987338,19.5612431125861
34106,34111,2021,,2021/03/29,"09:00:00",COLISIÓN POR CORTE DE CIRCULACIÓN,ASFALTO,Bueno,Bueno,2,RENAULT,CAFE,1,MINISTERIO PÚBLICO,,,SIN DATOS,0,0,Lázaro Cárdenas,Vista Industrial,marzo,lunes,9,-102.229239307344,17.9642570573911
34107,34112,2021,,2021/03/29,"09:10:00",COLISIÓN POR ALCANCE,ASFALTO,Bueno,Bueno,2,Italika,Azul,2,,19,MASCULINO,SIN DATOS,0,0,Morelia,Ana Maria Gallaga (Riviera Norte),marzo,lunes,9,-101.223969832063,19.6766436980016
34108,34113,2021,,2021/03/29,"09:10:00",COLISIÓN POR CORTE DE CIRCULACIÓN,ASFALTO,Bueno,Bueno,2,hiunday,negro,2,MINISTERIO PÚBLICO,,FEMENINO,SIN DATOS,0,0,Morelia,Isaac Arriaga,marzo,lunes,9,-101.167689646087,19.7113036558161
34109,34114,2021,MOR210215348,2021/03/29,10:14:00,COLISIÓN CONTRA OBJETO FIJO,ASFALTO,Bueno,Bueno,1,NISSAN,BLANCO,1,,31,MASCULINO,SIN DATOS,0,0,Morelia,Rinconada del Valle,marzo,lunes,10,-101.219148500397,19.6779022687473
34110,34115,2021,,2021/03/29,11:10:00,COLISIÓN POR ALCANCE,ASFALTO,Bueno,Bueno,2,NISSAN,BLANCO,2,,50,MASCULINO,SIN DATOS,0,0,Morelia,Quinceo,marzo,lunes,11,-101.221692636609,19.7276662711545
34111,34116,2021,,2021/03/29,14:00:00,COLISIÓN POR ALCANCE,ASFALTO,Bueno,Bueno,2,VOLKSWAGEN,ROJO/BLANCO,2,,30,MASCULINO,SIN DATOS,0,0,Morelia,Obrera,marzo,lunes,14,-101.181597970426,19.7124237682203
34112,34117,2021,MOR210222472,2021/03/29,14:10:00,SALIDA DE SUPERFICIE DE RODAMIENTO,CONCRETO,Bueno,Bueno,1,CHEVROLET,PLATA,0,MINISTERIO PÚBLICO,,,,0,0,Charo,San Juan,marzo,lunes,14,-101.049805954099,19.7445984967644
34113,34118,2021,MOR210223038,2021/03/29,14:10:00,SALIDA DE SUPERFICIE DE RODAMIENTO,CONCRETO,Bueno,Bueno,0,,,0,,,,,0,0,Charo,Lomas del Camposanto,marzo,lunes,14,-101.048615773381,19.7449661236142
34114,34119,2021,MOR21022273,2021/03/29,14:55:00,COLISIÓN POR ALCANCE,ASFALTO,Bueno,Bueno,4,KENWORTH,ROJO,4,,40,MASCULINO,SIN DATOS,0,0,Morelia,Primo Tapia Oriente,marzo,lunes,15,-101.158592968501,19.7134297004532
34115,34120,2021,LEG36187,2021/03/29,16:00:00,COLISIÓN POR ALCANCE,ASFALTO,Bueno,Bueno,2,KENWORTH,AMARILLO,2,,25,MASCULINO,SIN DATOS,0,0,Morelia,Ciudad Industrial,marzo,lunes,16,-101.142949228256,19.7252617693803
34116,34121,2021,"210223271",2021/03/29,17:50:00,COLISIÓN POR CAMBIO DE CARRIL,ASFALTO,Bueno,Bueno,2,CHEVROLET,ROJA,2,,59,,SIN DATOS,0,0,Morelia,Jardines del Rincon,marzo,lunes,18,-101.150443777442,19.6908008363474
34117,34122,2021,,2021/03/29,19:45:00,COLISIÓN POR CORTE DE CIRCULACIÓN,ASFALTO,Bueno,Bueno,2,ITALIKA,ROJO/BLANCO,2,MINISTERIO PÚBLICO,17,MASCULINO,SIN DATOS,1,0,Los Reyes,San Sebastian,marzo,lunes,20,-102.481126592241,19.5739127733527
34118,34123,2021,,2021/03/29,21:20:00,COLISIÓN POR CORTE DE CIRCULACIÓN,ASFALTO,Bueno,Bueno,2,TSURU,BLANCO,2,,47,MASCULINO,ALIENTO ETÍLICO,0,0,Morelia,Sin datos,marzo,lunes,21,-101.147518157959,19.7336050837542
34119,34124,2021,,2021/03/29,21:54:00,COLISIÓN CONTRA OBJETO FIJO,ADOQUIN_EMPEDRADO,Bueno,Bueno,1,ITALIKA,AZUL,1,MINISTERIO PÚBLICO,,,,0,1,Cuitzeo,Centro,marzo,lunes,22,-101.142154745758,19.9698330381288
34120,34125,2021,MOR210223980,2021/03/29,23:10:00,SUBIDA AL CAMELLÓN,SIN_DATOS,Bueno,Bueno,1,VOLKSWAGEN,ARENA,0,,,,,0,0,Morelia,Justo Mendoza,marzo,lunes,23,-101.232195161283,19.7131194110036
34121,34126,2021,,2021/03/29,23:20:00,COLISIÓN POR CORTE DE CIRCULACIÓN,CONCRETO,Bueno,Bueno,2,CHEVROLET,ARENA,2,,25,MASCULINO,SIN DATOS,0,0,Morelia,Chapultepec Sur,marzo,lunes,23,-101.178363226354,19.6934004211797
34122,34127,2021,,2021/03/30,"09:15:00",COLISIÓN CONTRA OBJETO FIJO,ASFALTO,Bueno,Bueno,1,VOLKSWAGEN,R0JO,1,,0,MASCULINO,SIN DATOS,0,0,Morelia,Eduardo Ruiz,marzo,martes,9,-101.218707337976,19.7197594278598
34123,34128,2021,,2021/03/30,10:40:00,COLISIÓN POR CORTE DE CIRCULACIÓN,CONCRETO,Bueno,Bueno,2,NISSAN MARCH,PLATA,2,MINISTERIO PÚBLICO,31,FEMENINO,SIN DATOS,0,0,Morelia,Ventura Puente,marzo,martes,11,-101.18652317673,19.6936285898508
34124,34129,2021,,2021/03/30,10:51:00,COLISIÓN POR CORTE DE CIRCULACIÓN,ASFALTO,Bueno,Bueno,2,VOLKSWAGEN JETTA,GRIS,2,,67,MASCULINO,SIN DATOS,0,0,Morelia,Alberto Oviedo Mota,marzo,martes,11,-101.195927367293,19.6821875285606
34125,34130,2021,LEG36192,2021/03/30,12:40:00,COLISIÓN POR ALCANCE,ASFALTO,Bueno,Bueno,2,FORD,ARENA,2,,27,FEMENINO,SIN DATOS,0,0,Morelia,Sin datos,marzo,martes,13,-101.294844157316,19.6864126659608
34126,34131,2021,,2021/03/30,12:55:00,COLISIÓN POR MANIOBRA DE REVERSA,CONCRETO,Bueno,Bueno,2,VOLKSWAGEN DERBY,BLANCO,2,,45,MASCULINO,SIN DATOS,0,0,Morelia,Arboledas de Valladolid,marzo,martes,13,-101.250373985274,19.6944671952231
34127,34132,2021,,2021/03/30,13:44:00,COLISIÓN POR ALCANCE,CONCRETO,Bueno,Bueno,2,Nissan,BLANCO/CREMA,2,,20,MASCULINO,SIN DATOS,0,0,Morelia,Prados Verdes,marzo,martes,14,-101.203580959285,19.7162373708138
34128,34133,2021,,2021/03/30,14:40:00,COLISIÓN POR INVASIÓN DE CARRIL,ASFALTO,Bueno,Bueno,2,VOLKSWAGEN GOL,ROJO,2,,18,FEMENINO,SIN DATOS,0,0,Morelia,Granjas de La Huerta,marzo,martes,15,-101.231953457676,19.6641424625497
34129,34134,2021,,2021/03/30,15:10:00,COLISIÓN POR CAMBIO DE CARRIL,ASFALTO,Bueno,Bueno,2,MERCEDES BENZ,VERDE,2,,26,MASCULINO,SIN DATOS,0,0,Morelia,Americas Britania,marzo,martes,15,-101.150142973815,19.691749768477
34130,34135,2021,,2021/03/30,15:40:00,COLISIÓN CONTRA OBJETO FIJO,ASFALTO,Bueno,Bueno,1,CHRIYSLER,ROJO CON BLANCO,1,,55,MASCULINO,SIN DATOS,0,0,Morelia,Felix Ireta,marzo,martes,16,-101.19571108371,19.6815283712472
34131,34136,2021,,2021/03/30,19:55:00,COLISIÓN CONTRA OBJETO FIJO,ASFALTO,Bueno,Bueno,1,CHEVROLET,BLANCO,1,,50,MASCULINO,SIN DATOS,0,0,Morelia,La Colina,marzo,martes,20,-101.215926161542,19.7046209360173
34132,34137,2021,,2021/03/30,20:20:00,COLISIÓN POR ALCANCE,CONCRETO,Bueno,Bueno,2,GENERAL MOTORS,BLANCO,2,,22,MASCULINO,SIN DATOS,0,0,Morelia,Vasco de Quiroga,marzo,martes,20,-101.166665107012,19.7021001299317
34133,34138,2021,,2021/03/30,21:45:00,COLISIÓN POR INVASIÓN DE CARRIL,CONCRETO,Bueno,Bueno,2,CHEVROLET,ROJO,0,MINISTERIO PÚBLICO,,,,0,0,Cuitzeo,Sin datos,marzo,martes,22,-101.151166632771,20.0465629927371
34134,34139,2021,MOR210223865,2021/03/30,22:20:00,COLISIÓN POR CORTE DE CIRCULACIÓN,ASFALTO,Bueno,Bueno,2,HONDA,VERDE,2,,42,MASCULINO,SIN DATOS,0,0,Morelia,Villas del Pedregal,marzo,martes,22,-101.306266405356,19.6693789631456
34135,34140,2021,MOR210226418,2021/03/30,22:43:00,VOLCADURA,ASFALTO,Bueno,Bueno,1,CHEVROLET,PLATA,1,,27,FEMENINO,ALIENTO ETÍLICO,0,0,Morelia,Nueva Valladolid,marzo,martes,23,-101.210481673479,19.7019633392786
34137,34142,2021,,2021/03/31,"09:40:00",CAIDA DE MOTOCICLETA,ASFALTO,Bueno,Bueno,1,BMW,BLANCO,1,,0,MASCULINO,ALIENTO ETÍLICO,0,0,Morelia,Primo Tapia,marzo,miércoles,10,-101.212715520993,19.7126109857935
34138,34143,2021,,2021/03/31,10:00:00,COLISIÓN POR CORTE DE CIRCULACIÓN,ASFALTO,Bueno,Bueno,3,NISSAN,AZUL,3,MINISTERIO PÚBLICO,30,FEMENINO,SIN DATOS,0,0,Morelia,Felicitas del Rio,marzo,miércoles,10,-101.199315807371,19.6912362607314
34139,34144,2021,MOR210227119,2021/03/31,10:31:00,COLISIÓN CON PEATÓN,ASFALTO,Bueno,Bueno,2,CHEVROLET,BLANCO,2,,42,FEMENINO,SIN DATOS,0,0,Morelia,Vistas de Altozano,marzo,miércoles,11,-101.167,19.6551
34140,34145,2021,MOR210227312,2021/03/31,11:17:00,COLISIÓN POR ALCANCE,ASFALTO,Bueno,Bueno,2,CHEVROLET,PLATA,2,MINISTERIO PÚBLICO,32,FEMENINO,SIN DATOS,0,0,Morelia,Montaña Monarca,marzo,miércoles,11,-101.164687648416,19.6655931756979
34141,34146,2021,,2021/03/31,12:00:00,COLISIÓN POR CAMBIO DE CARRIL,ASFALTO,Bueno,Bueno,2,AUDI,GRIS,2,,24,MASCULINO,SIN DATOS,0,0,Morelia,Lomas de Guayangareo,marzo,miércoles,12,-101.160960056503,19.7026870450485
34142,34147,2021,MOR210277454,2021/03/31,12:16:00,COLISIÓN CONTRA OBJETO FIJO,CONCRETO,Bueno,Bueno,1,FORD,GRIS,1,,65,MASCULINO,SIN DATOS,0,0,Morelia,Ricardo Flores Magon,marzo,miércoles,12,-101.2442053369,19.7070098191619
34143,34148,2021,,2021/03/31,12:40:00,COLISIÓN POR INVASIÓN DE CARRIL,ASFALTO,Bueno,Bueno,2,GENERAL MOTORS,BLANCO,2,,30,MASCULINO,SIN DATOS,0,0,Morelia,Tzindurio de Morelos,marzo,miércoles,13,-101.243992857635,19.7000589331387
34146,34151,2021,,2021/03/31,20:40:00,COLISIÓN POR CAMBIO DE CARRIL,ASFALTO,Bueno,Bueno,3,CHEVROLET,GRIS,2,,0,,SIN DATOS,0,0,Morelia,Ejidal Tres Puentes,marzo,miércoles,21,-101.232931762934,19.6920770880612
34147,34152,2021,,2021/03/31,21:00:00,COLISIÓN POR INVASIÓN DE CARRIL,ASFALTO,Bueno,Bueno,2,VOLKSWAGEN,ROJO,2,,78,MASCULINO,SIN DATOS,0,0,Morelia,Vasco de Quiroga,marzo,miércoles,21,-101.172084441176,19.7019638559701
34148,34153,2021,,2021/03/31,23:00:00,COLISIÓN POR CORTE DE CIRCULACIÓN,ASFALTO,Bueno,Bueno,2,POINTAC,BLANCO,0,MINISTERIO PÚBLICO,,,,0,0,Lázaro Cárdenas,Centro,marzo,miércoles,23,-102.195047543131,17.9577090193393
34149,34154,2021,,2021/03/31,23:30:00,COLISIÓN POR ALCANCE,ASFALTO,Bueno,Bueno,2,TOYOTA,BLANCO,2,,56,MASCULINO,ALIENTO ETÍLICO,0,0,Morelia,Niño Artillero,marzo,miércoles,0,-101.250201165676,19.6986074990531
34150,34155,2021,MOR/210229293,2021/04/01,"01:15:00",CAIDA DE MOTOCICLETA,ASFALTO,Bueno,Bueno,1,ITALIKA,NEGRO/ ROJO,1,,21,MASCULINO,SIN DATOS,0,0,Morelia,Morelos,abril,jueves,1,-101.18131852377,19.7261651713381
34151,34156,2021,,2021/04/01,"08:15:00",COLISIÓN POR INVASIÓN DE CARRIL,ASFALTO,Bueno,Bueno,2,HONDA,BLANCO,4,MINISTERIO PÚBLICO,32,MASCULINO,SIN DATOS,2,0,Morelia,Prados Verdes,abril,jueves,8,-101.201311231338,19.715332914498
34152,34157,2021,,2021/04/01,11:55:00,COLISIÓN POR CORTE DE CIRCULACIÓN,ASFALTO,Bueno,Bueno,2,SUZUKI,GRIS,2,,32,MASCULINO,SIN DATOS,0,0,Morelia,Centro,abril,jueves,12,-101.193321235478,19.7047803359057
34153,34158,2021,MOR210227329,2021/04/01,12:00:00,CAIDA DE MOTOCICLETA,ASFALTO,Bueno,Bueno,1,VENTO,NEGRO,1,,23,MASCULINO,SIN DATOS,0,0,Morelia,Lucio Cabañas(26 de Julio),abril,jueves,12,-101.249520520849,19.7126731124108
34154,34159,2021,MOR 210229305,2021/04/01,12:05:00,COLISIÓN POR ALCANCE,CONCRETO,Bueno,Bueno,2,MAZDA,GRIS,2,,57,MASCULINO,SIN DATOS,0,0,Morelia,Sentimientos de La Nacion,abril,jueves,12,-101.233194944297,19.682432823539
34155,34160,2021,,2021/04/01,13:00:00,COLISIÓN CONTRA OBJETO FIJO,ASFALTO,Bueno,Bueno,3,Chevrolet,Rojo,3,,60,,SIN DATOS,0,0,Morelia,Popular Pogreso,abril,jueves,13,-101.19957447052,19.7203969660648
34156,34161,2021,,2021/04/01,13:30:00,CAIDA DE MOTOCICLETA,ASFALTO,Bueno,Bueno,1,HONDA CARGO,ROJO,2,,21,MASCULINO,SIN DATOS,1,0,Morelia,Del Empleado,abril,jueves,14,-101.178234815598,19.6904930570803
34157,34162,2021,,2021/04/01,14:10:00,COLISIÓN POR ALCANCE,ASFALTO,Bueno,Bueno,2,Volkswagen,Blanco,2,,36,MASCULINO,SIN DATOS,0,0,Morelia,Centro,abril,jueves,14,-101.189856156707,19.7029031949781
34158,34163,2021,,2021/04/01,15:04:00,COLISIÓN POR CORTE DE CIRCULACIÓN,ASFALTO,Bueno,Bueno,2,PULSAR,BLANCO,2,,31,MASCULINO,SIN DATOS,0,0,Morelia,Centro,abril,jueves,15,-101.189920285889,19.7088965280989
34159,34164,2021,,2021/04/01,15:30:00,VOLCADURA,ASFALTO,Bueno,Bueno,1,FREGHTLERNER,BLANCO,1,MINISTERIO PÚBLICO,43,MASCULINO,SIN DATOS,0,0,Morelia,Irrigacion,abril,jueves,16,-101.225050091743,19.7045890560321
34161,34166,2021,,2021/04/01,15:30:00,COLISIÓN POR ALCANCE,ASFALTO,Bueno,Bueno,4,PETERBILT,BLANCO,4,MINISTERIO PÚBLICO,41,MASCULINO,SIN DATOS,0,0,Morelia,Fray Antonio de Lisboa,abril,jueves,16,-101.147050447762,19.6941731687373
34162,34167,2021,,2021/04/01,16:19:00,COLISIÓN POR MANIOBRA DE REVERSA,CONCRETO,Bueno,Bueno,2,DATSUN,AZUL,2,,24,MASCULINO,SIN DATOS,0,0,Morelia,Central de Abastos,abril,jueves,16,-101.171048171818,19.7177868306753
34163,34168,2021,,2021/04/01,16:30:00,VOLCADURA,ASFALTO,Bueno,Bueno,1,BUIC,BLANCO,1,,,,SIN DATOS,0,0,Charo,Sin datos,abril,jueves,17,-100.9658541,19.6492124
34164,34169,2021,LEG36230,2021/04/01,17:25:00,COLISIÓN POR ALCANCE,ASFALTO,Bueno,Bueno,3,NISSAN,BLANCO/ROJO,3,,26,MASCULINO,SIN DATOS,0,0,Morelia,Felix Ireta,abril,jueves,17,-101.191882565618,19.6824081941242
34165,34170,2021,,2021/04/01,20:10:00,COLISIÓN POR CAMBIO DE CARRIL,ASFALTO,Bueno,Bueno,2,MAN TEUCK,BLANCO,2,MINISTERIO PÚBLICO,45,MASCULINO,SIN DATOS,0,0,Morelia,Francisco J Mujica,abril,jueves,20,-101.185556910932,19.7240192078839
34166,34171,2021,MOR210228775,2021/04/01,20:45:00,COLISIÓN POR CORTE DE CIRCULACIÓN,CONCRETO,Bueno,Bueno,2,HONDA,ROJO,1,MINISTERIO PÚBLICO,,,,1,0,Morelia,Ventura Puente,abril,jueves,21,-101.184967190706,19.6949392549529
34167,34172,2021,MOR210228933,2021/04/01,21:13:00,COLISIÓN POR ALCANCE,ASFALTO,Bueno,Bueno,2,CHEVROLET,ROJO,2,,22,MASCULINO,SIN DATOS,0,0,Morelia,Jardines del Toreo,abril,jueves,21,-101.213749975644,19.6888894673074
34168,34173,2021,MOR/210171750,2021/04/01,22:00:00,COLISIÓN POR ALCANCE,CONCRETO,Bueno,Bueno,2,DINA,AMARILLO,2,,40,MASCULINO,SIN DATOS,0,0,Morelia,Centro,abril,jueves,22,-101.178112074055,19.6991662367344
34169,34174,2021,MOR210232058,2021/04/01,22:00:00,COLISIÓN POR CAMBIO DE CARRIL,ASFALTO,Bueno,Bueno,2,GENERAL MOTORS,BLANCO,2,,38,MASCULINO,SIN DATOS,0,0,Charo,Sin datos,abril,jueves,22,-101.010793223977,19.7002949836278
34170,34175,2021,MOR210229051,2021/04/01,23:00:00,COLISIÓN POR CAMBIO DE CARRIL,ASFALTO,Bueno,Bueno,2,NISSAN,BLANCO/MORADO,2,,37,MASCULINO,SIN DATOS,0,0,Morelia,Dr Miguel Silva,abril,jueves,23,-101.183874190532,19.7192443743243
34171,34176,2021,MOR210232107,2021/04/01,23:00:00,COLISIÓN POR CAMBIO DE CARRIL,ASFALTO,Bueno,Bueno,2,MERCEDES BENZ,MORADO,2,,54,MASCULINO,SIN DATOS,0,0,Morelia,Felix Arreguin,abril,jueves,23,-101.226487511931,19.7214574200207
34172,34177,2021,,2021/04/02,"00:20:00",SUBIDA AL CAMELLÓN,ASFALTO,Bueno,Bueno,1,VOLKSWAGEN,GRIS,1,,31,MASCULINO,ALIENTO ETÍLICO,0,0,Morelia,Nicolaitas Ilustres,abril,viernes,0,-101.22598347001,19.7227754316804
34173,34178,2021,MOR210232525,2021/04/02,"07:25:00",COLISIÓN POR CAMBIO DE CARRIL,ASFALTO,Bueno,Bueno,2,TOYOTA,BLANCO Y GRIS,2,,24,MASCULINO,SIN DATOS,0,0,Morelia,El Lago 2,abril,viernes,7,-101.213361390613,19.7264642112823
34174,34179,2021,MOR210232554,2021/04/02,"08:16:00",COLISIÓN POR INVASIÓN DE CARRIL,ASFALTO,Bueno,Bueno,2,CHEVROLET,VERDE,2,,25,MASCULINO,SIN DATOS,0,0,Morelia,Fovissste Acueducto,abril,viernes,8,-101.156080439687,19.6974553528983
34175,34180,2021,LEG36252,2021/04/02,"08:40:00",COLISIÓN POR INVASIÓN DE CARRIL,CONCRETO,Bueno,Bueno,2,FORD,BLANCO,4,MINISTERIO PÚBLICO,47,MASCULINO,SIN DATOS,2,1,Morelia,Tzindurio de Morelos,abril,viernes,9,-101.243311576545,19.6995550935919
34176,34181,2021,MOR210232811,2021/04/02,10:30:00,COLISIÓN POR CAMBIO DE CARRIL,ASFALTO,Bueno,Bueno,2,CHEVROLET,PLATA,2,,46,MASCULINO,SIN DATOS,0,0,Morelia,Tzindurio Norte,abril,viernes,11,-101.246102750301,19.6997069802251
34177,34182,2021,,2021/04/02,11:00:00,COLISIÓN POR CORTE DE CIRCULACIÓN,CONCRETO,Bueno,Bueno,2,ITALIKA,ROJO,4,MINISTERIO PÚBLICO,49,MASCULINO,SIN DATOS,2,0,Gabriel Zamora,Benito Juarez,abril,viernes,11,-102.051159404218,19.1539464842927
34178,34183,2021,MOR210233208,2021/04/02,13:20:00,COLISIÓN POR ALCANCE,ASFALTO,Bueno,Bueno,2,VOLKSWAGEN,NEGRO,2,,39,MASCULINO,SIN DATOS,0,0,Morelia,Chapultepec Oriente,abril,viernes,13,-101.159339689397,19.6902809257948
34179,34184,2021,,2021/04/02,13:50:00,COLISIÓN POR ALCANCE,ASFALTO,Bueno,Bueno,2,NISSAN,NEGRA,2,,33,MASCULINO,SIN DATOS,0,0,Morelia,Lomas del Tecnologico,abril,viernes,14,-101.193131773986,19.7233062828606
34180,34185,2021,MICH210118413,2021/04/02,18:40:00,COLISIÓN POR INVASIÓN DE CARRIL,ASFALTO,Bueno,Bueno,2,NISSAN,BLANCO,11,MINISTERIO PÚBLICO,,,,11,0,Irimbo,Sin datos,abril,viernes,19,-100.495204620742,19.691616556159
34181,34186,2021,MOR210234242,2021/04/02,20:00:00,COLISIÓN CONTRA OBJETO FIJO,ASFALTO,Bueno,Bueno,1,TOYOTA,BLANCO,1,,34,MASCULINO,ALIENTO ETÍLICO,0,0,Morelia,Ejidal Ocolusen,abril,viernes,20,-101.153498783029,19.6873249481126
34182,34187,2021,MOR-210234212,2021/04/02,20:00:00,CAIDA DE MOTOCICLETA,ASFALTO,Bueno,Bueno,1,VENTO,ROJO,1,,,FEMENINO,SIN DATOS,0,0,Morelia,San Miguel,abril,viernes,20,-101.22441062873,19.6600030187845
34183,34188,2021,,2021/04/02,20:00:00,COLISIÓN POR CORTE DE CIRCULACIÓN,ASFALTO,Bueno,Bueno,2,FORD,BLANCO,2,,,MASCULINO,SIN DATOS,0,0,Morelia,Villas Insurgentes,abril,viernes,20,-101.257638900794,19.6901032024926
34184,34189,2021,,2021/04/02,20:15:00,COLISIÓN POR MANIOBRA DE REVERSA,CONCRETO,Bueno,Bueno,2,VOLKSWAGEN,GRIS,2,,50,MASCULINO,SIN DATOS,0,0,Morelia,Sentimientos de La Nacion,abril,viernes,20,-101.2340736,19.6807435
34185,34190,2021,MOR210234415,2021/04/02,21:00:00,COLISIÓN CONTRA OBJETO FIJO,ASFALTO,Bueno,Bueno,1,VOLKSWAGEN,ROJO,1,,,FEMENINO,SIN DATOS,0,0,Morelia,Adolfo Lopez Mateos,abril,viernes,21,-101.229671568357,19.7035136835573