fid,id_accidente,anio_origen,folio_c5i,dia_incidente,hora_ocurrencia,tipo_incidente_vial,superficie_ocurrencia,condiciones_climaticas,condiciones_via,numero_vehiculos_involucrados,marca_vehiculo_ocasiona_siniestro,color_vehiculo_ocasiona_siniestro,numero_personas_involucradas,lugar_remite_presunto_responsable,edad_presunto_responsable,sexo_presunto_responsable,resultados_toxicologia,numero_personas_lesionadas,numero_personas_fallecidas,municipio,colonia,mes,dia_semana,hora_redondeada,lon,lat
34186,34191,2021,,2021/04/03,"00:30:00",COLISIÓN POR ALCANCE,ASFALTO,Bueno,Bueno,2,LIFAN,NEGRO,2,,51,MASCULINO,SIN DATOS,0,0,Los Reyes,Sin datos,abril,sábado,1,-102.518118917942,19.5523520954783
34187,34192,2021,,2021/04/03,"02:10:00",COLISIÓN CONTRA OBJETO FIJO,ASFALTO,Bueno,Bueno,1,toyota,gris,1,MINISTERIO PÚBLICO,0,,SIN DATOS,0,0,Morelia,Los Angeles,abril,sábado,2,-101.177605563269,19.7395840976564
34188,34193,2021,,2021/04/03,"09:35:00",COLISIÓN CON PEATÓN,CONCRETO,Bueno,Bueno,1,NISSAN,ARENA,2,MINISTERIO PÚBLICO,,MASCULINO,SIN DATOS,1,0,Morelia,Nueva Chapultepec,abril,sábado,10,-101.172715042799,19.6882557638227
34189,34194,2021,,2021/04/03,10:40:00,COLISIÓN POR CORTE DE CIRCULACIÓN,ASFALTO,Bueno,Bueno,2,NISSAN,AZUL,2,MINISTERIO PÚBLICO,,MASCULINO,SIN DATOS,0,0,Morelia,Los Pinos de Michoacan,abril,sábado,11,-101.216328919612,19.6830967066108
34190,34195,2021,,2021/04/03,10:45:00,COLISIÓN POR ALCANCE,ASFALTO,Bueno,Bueno,4,CHEVROLET SPARK,GRIS,4,MINISTERIO PÚBLICO,21,MASCULINO,SIN DATOS,0,0,Morelia,Los Alamos,abril,sábado,11,-101.228844076395,19.7038511371049
34191,34196,2021,,2021/04/03,12:30:00,COLISIÓN POR CAMBIO DE CARRIL,CONCRETO,Bueno,Bueno,2,SIZUKI,ROJO,2,,19,MASCULINO,SIN DATOS,0,0,Morelia,Ignacio Zaragoza,abril,sábado,13,-101.204222336317,19.723849518802
34192,34197,2021,,2021/04/03,12:57:00,COLISIÓN POR CORTE DE CIRCULACIÓN,ASFALTO,Bueno,Bueno,2,VOLKSWAGEN,GRIS,2,,47,MASCULINO,SIN DATOS,0,0,Morelia,Nueva Chapultepec,abril,sábado,13,-101.170656534483,19.6877951794071
34193,34198,2021,,2021/04/03,13:10:00,COLISIÓN POR CORTE DE CIRCULACIÓN,ASFALTO,Bueno,Bueno,2,CHEVROLET,GRIS,2,,22,MASCULINO,SIN DATOS,0,0,Morelia,Las Americas,abril,sábado,13,-101.15527803761,19.6905832056681
34194,34199,2021,,2021/04/03,14:30:00,COLISIÓN POR CAMBIO DE CARRIL,ASFALTO,Bueno,Bueno,2,NISSAN,BLANCO,2,,54,MASCULINO,SIN DATOS,0,0,Morelia,Leandro Valle,abril,sábado,15,-101.231682595409,19.7212022571141
34195,34200,2021,,2021/04/03,16:25:00,COLISIÓN POR CORTE DE CIRCULACIÓN,SIN_DATOS,Bueno,Bueno,1,RAM 700,BLANCO,1,,72,MASCULINO,SIN DATOS,0,0,Morelia,Sin datos,abril,sábado,16,-101.359195075929,19.6772115814535
34198,34203,2021,,2021/04/03,20:30:00,COLISIÓN CON PEATÓN,CONCRETO,Bueno,Bueno,1,ITALIKA,ROJO,2,MINISTERIO PÚBLICO,20,MASCULINO,SIN DATOS,1,0,Morelia,Solidaridad,abril,sábado,21,-101.205962791371,19.7316673723367
34199,34204,2021,LEG36490,2021/04/03,20:40:00,SALIDA DE SUPERFICIE DE RODAMIENTO,ASFALTO,Bueno,Bueno,1,FREIGHTLINER,BLANCO/AZUL,0,MINISTERIO PÚBLICO,,,,0,0,Hidalgo,Sin datos,abril,sábado,21,-100.575461648405,19.7221025260782
34200,34205,2021,,2021/04/03,22:00:00,VOLCADURA,ASFALTO,Bueno,Bueno,1,NISSAN,BLANCO,0,MINISTERIO PÚBLICO,,,,0,0,Lázaro Cárdenas,Sin datos,abril,sábado,22,-102.206880070484,17.9523663392263
34201,34206,2021,,2021/04/03,23:10:00,COLISIÓN POR INVASIÓN DE CARRIL,ASFALTO,Bueno,Regular,2,NISSAN,ROJO,1,MINISTERIO PÚBLICO,0,MASCULINO,SIN DATOS,0,0,Pátzcuaro,Sin datos,abril,sábado,23,-101.668609678745,19.5309335440964
34202,34207,2021,,2021/04/04,"00:10:00",COLISIÓN CONTRA OBJETO FIJO,CONCRETO,Bueno,Bueno,1,Jeep,Negro,1,MINISTERIO PÚBLICO,22,,CON CERTIFICADO,0,0,Tarímbaro,Paseo del Erandeni,abril,domingo,0,-101.195149496198,19.7595694380103
34205,34210,2021,MOR21237873,2021/04/04,"06:26:00",COLISIÓN CON PEATÓN,SIN_DATOS,Bueno,Bueno,2,KIA,GRIS,2,,28,MASCULINO,SIN DATOS,0,0,Morelia,Ventura Puente,abril,domingo,6,-101.191910393536,19.6913643076262
34206,34211,2021,,2021/04/04,12:00:00,COLISIÓN POR NO RESPETAR SEMÁFORO,ASFALTO,Bueno,Bueno,1,NISSAN,GRIZ,0,MINISTERIO PÚBLICO,,,,0,0,Lázaro Cárdenas,Sin datos,abril,domingo,12,-102.228230766284,17.9353917833017
34207,34212,2021,LEG36286,2021/04/04,16:10:00,CAIDA DE MOTOCICLETA,CONCRETO,Bueno,Bueno,1,ITALIKA,ROJO,1,,47,FEMENINO,SIN DATOS,0,0,Morelia,Sin datos,abril,domingo,16,-101.1645571041,19.6590611317727
34208,34213,2021,,2021/04/04,19:10:00,COLISIÓN CONTRA OBJETO FIJO,ASFALTO,Bueno,Bueno,1,Toyota,blanca,1,MINISTERIO PÚBLICO,46,MASCULINO,CON CERTIFICADO,0,0,Morelia,El Realito,abril,domingo,19,-101.204301528633,19.725730094463
34209,34214,2021,MOR210239662,2021/04/04,19:20:00,COLISIÓN POR CAMBIO DE CARRIL,ASFALTO,Bueno,Bueno,2,INTERNATIONAL,BLANCO,2,,51,MASCULINO,SIN DATOS,0,0,Morelia,Barrio Alto,abril,domingo,19,-101.1882827,19.7276714
34210,34215,2021,,2021/04/05,"00:00:00",SALIDA DE SUPERFICIE DE RODAMIENTO,ASFALTO,Bueno,Regular,1,VOLKSWAGEN,GRIS,0,,,,,0,0,Copándaro,Sin datos,abril,lunes,0,-101.165648915542,19.8978641487173
34212,34217,2021,MOR210240239,2021/04/05,"02:00:00",COLISIÓN POR ALCANCE,CONCRETO,Bueno,Bueno,2,HIUNDAY,BLANCO,1,,40,FEMENINO,SIN DATOS,0,0,Morelia,Granjas del Maestro,abril,lunes,2,-101.192220620922,19.7145416939872
34213,34218,2021,,2021/04/05,"08:40:00",VOLCADURA,ASFALTO,Bueno,Bueno,1,NISSAN,AZUL,0,,,,,0,0,Charo,San Pedro Y San Pablo,abril,lunes,9,-101.046881005168,19.7522227266117
34214,34219,2021,,2021/04/05,"09:05:00",COLISIÓN POR CAMBIO DE CARRIL,ASFALTO,Bueno,Bueno,2,INTERNACIONAL,BLANCO,2,,26,MASCULINO,SIN DATOS,0,0,Morelia,Tzindurio de Morelos,abril,lunes,9,-101.243860758841,19.7000664227085
34215,34220,2021,,2021/04/05,"09:20:00",COLISIÓN POR INVASIÓN DE CARRIL,ADOQUIN_EMPEDRADO,Bueno,Regular,2,DODGE,BLANCO,1,MINISTERIO PÚBLICO,42,MASCULINO,SIN DATOS,0,0,Pátzcuaro,Centro,abril,lunes,9,-101.616644957528,19.5132557024742
34216,34221,2021,,2021/04/05,"09:25:00",COLISIÓN POR CORTE DE CIRCULACIÓN,CONCRETO,Bueno,Bueno,2,FORD,BLANCO,2,,28,FEMENINO,SIN DATOS,0,0,Morelia,Los Manantiales de Morelia,abril,lunes,9,-101.2406925,19.697395
34217,34222,2021,,2021/04/05,"09:25:00",COLISIÓN POR ALCANCE,ASFALTO,Bueno,Bueno,3,CHEVROLET/BEAT,PLATA,3,MINISTERIO PÚBLICO,23,MASCULINO,SIN DATOS,0,0,Morelia,Bosques de Oriente,abril,lunes,9,-101.155476139418,19.7156870423727
34218,34223,2021,,2021/04/05,"09:45:00",COLISIÓN POR CORTE DE CIRCULACIÓN,ASFALTO,Bueno,Regular,1,VOLVO,NEGRO,1,,53,MASCULINO,SIN DATOS,0,0,Tocumbo,Sin datos,abril,lunes,10,-102.492976530708,19.673254608522
34219,34224,2021,,2021/04/05,10:11:00,COLISIÓN POR ALCANCE,ASFALTO,Bueno,Bueno,2,NISSAN,BLANCO/ROJO,2,,46,MASCULINO,SIN DATOS,0,0,Morelia,Alberto Oviedo Mota,abril,lunes,10,-101.198908182011,19.681555672698
34220,34225,2021,,2021/04/05,11:05:00,COLISIÓN POR CAMBIO DE CARRIL,SIN_DATOS,Bueno,Bueno,2,NISSAN DOBLE CABINA,GRIS,2,,47,MASCULINO,SIN DATOS,0,0,Morelia,Prados Verdes,abril,lunes,11,-101.199782310949,19.7166640281337
34221,34226,2021,,2021/04/05,11:30:00,COLISIÓN POR ALCANCE,ASFALTO,Bueno,Bueno,2,TOYOTA,BLANCO,2,,27,MASCULINO,SIN DATOS,0,0,Morelia,Sentimientos de La Nacion,abril,lunes,12,-101.233194944297,19.682432823539
34222,34227,2021,,2021/04/05,13:30:00,COLISIÓN POR INVASIÓN DE CARRIL,ASFALTO,Bueno,Bueno,2,HONDA,BLANCO,2,MINISTERIO PÚBLICO,30,MASCULINO,SIN DATOS,1,0,Tocumbo,Sin datos,abril,lunes,14,-102.487600378024,19.6237383737987
34223,34228,2021,,2021/04/05,15:35:00,CAIDA DE MOTOCICLETA,ASFALTO,Bueno,Bueno,1,ITALIKA TC250,NEGRO,1,,27,MASCULINO,SIN DATOS,0,0,Morelia,Rinconada del Valle,abril,lunes,16,-101.21898829937,19.6781438335411
34224,34229,2021,,2021/04/05,15:35:00,COLISIÓN CONTRA OBJETO FIJO,CONCRETO,Bueno,Bueno,1,DODGE NEON,ARENA,1,MINISTERIO PÚBLICO,0,,SIN DATOS,0,0,Morelia,El Lago 2,abril,lunes,16,-101.210701279342,19.722602191681
34225,34230,2021,,2021/04/05,18:00:00,COLISIÓN POR CORTE DE CIRCULACIÓN,CONCRETO,Bueno,Bueno,2,DODGE,GRIS,2,,16,MASCULINO,SIN DATOS,0,0,Morelia,Felix Ireta,abril,lunes,18,-101.188582604864,19.6860148664875
34226,34231,2021,,2021/04/05,18:00:00,COLISIÓN CON PEATÓN,SIN_DATOS,Bueno,Bueno,2,CHEVROLET,GRIS,2,,44,MASCULINO,ALIENTO ETÍLICO,0,0,Tarímbaro,Infonavit Puerta del Sol,abril,lunes,18,-101.194712,19.750465
34227,34232,2021,,2021/04/05,21:00:00,COLISIÓN POR INVASIÓN DE CARRIL,ASFALTO,Bueno,Bueno,2,CHEVROLET,GRIS,2,MINISTERIO PÚBLICO,,,SIN DATOS,0,0,Tacámbaro,Sin datos,abril,lunes,21,-101.45432333716,19.169666248218
34228,34233,2021,,2021/04/05,22:40:00,COLISIÓN POR ALCANCE,ASFALTO,Bueno,Bueno,2,FORD,VERDE,2,,30,MASCULINO,SIN DATOS,0,0,Morelia,Isaac Arriaga,abril,lunes,23,-101.173878539064,19.7098514781792
34229,34234,2021,MOR210240009,2021/04/05,23:10:00,COLISIÓN POR CORTE DE CIRCULACIÓN,ASFALTO,Bueno,Bueno,2,DODGE,AZUL/BLANCO,2,,23,MASCULINO,SIN DATOS,0,0,Morelia,Nueva Valladolid,abril,lunes,23,-101.211483945359,19.6992598320994
34230,34235,2021,MOR/ 210244590,2021/04/06,"00:00:00",COLISIÓN POR ALCANCE,ASFALTO,Lluvioso,Bueno,3,VOLKSWAGEN,GRIS,3,MINISTERIO PÚBLICO,28,MASCULINO,SIN DATOS,0,0,Morelia,Rinconada del Valle,abril,martes,0,-101.218673810363,19.6782679018983
34231,34236,2021,,2021/04/06,"02:30:00",COLISIÓN CONTRA OBJETO FIJO,ASFALTO,Lluvioso,Bueno,1,FORD,NEHRO,1,MINISTERIO PÚBLICO,0,,SIN DATOS,0,0,Morelia,Nueva Jacarndas,abril,martes,3,-101.192025454199,19.6822642980575
34232,34237,2021,MOR210243248,2021/04/06,"09:10:00",COLISIÓN POR CAMBIO DE CARRIL,ASFALTO,Bueno,Bueno,2,INTERNATIONAL,BLANCO,2,,41,MASCULINO,SIN DATOS,0,0,Morelia,Americas Britania,abril,martes,9,-101.149188838899,19.694644712798
34233,34238,2021,LEG36316,2021/04/06,12:00:00,COLISIÓN POR ALCANCE,SIN_DATOS,Bueno,Bueno,2,DINA,CAFE,2,,60,MASCULINO,SIN DATOS,0,0,Morelia,Ana Maria Gallaga (Riviera Norte),abril,martes,12,-101.223942583183,19.6768103580979
34234,34239,2021,LEG36318,2021/04/06,12:00:00,COLISIÓN POR INVASIÓN DE CARRIL,ASFALTO,Bueno,Bueno,2,DODGE,BLANCO,2,,27,MASCULINO,SIN DATOS,0,0,Morelia,Quinceo,abril,martes,12,-101.227818801999,19.7285218836988
34235,34240,2021,,2021/04/06,13:14:00,COLISIÓN POR ALCANCE,ASFALTO,Bueno,Bueno,2,DINA,BLANCO,2,,0,MASCULINO,SIN DATOS,0,0,Morelia,Elias Perez Avalos,abril,martes,13,-101.167423593037,19.7155506937652
34236,34241,2021,MOR/210,2021/04/06,14:34:00,COLISIÓN POR ALCANCE,CONCRETO,Bueno,Bueno,2,TOYOTA,BLANCO Y NARANJA,2,,41,MASCULINO,SIN DATOS,0,0,Morelia,Alberto Oviedo Mota,abril,martes,15,-101.195847510603,19.6825206074576
34237,34242,2021,MOR210244036,2021/04/06,15:00:00,COLISIÓN POR CORTE DE CIRCULACIÓN,ASFALTO,Bueno,Bueno,2,HYUNDAI,PLATA,2,,34,MASCULINO,SIN DATOS,0,0,Morelia,Chapultepec Norte,abril,martes,15,-101.17241411724,19.6939850041314
34238,34243,2021,,2021/04/06,16:05:00,COLISIÓN POR MANIOBRA DE REVERSA,ASFALTO,Bueno,Bueno,2,MAZDA,ROJO,2,,70,FEMENINO,SIN DATOS,0,0,Morelia,Valle de Altozano,abril,martes,16,-101.164806336164,19.6654495228563
34239,34244,2021,MOR210044388,2021/04/06,17:10:00,COLISIÓN CON PEATÓN,ASFALTO,Bueno,Bueno,1,BAJAJ,BLANCO,1,,,MASCULINO,SIN DATOS,0,0,Morelia,Ventura Puente,abril,martes,17,-101.190021752633,19.6935998930257
34240,34245,2021,MOR210244741,2021/04/06,18:40:00,COLISIÓN POR ALCANCE,CONCRETO,Bueno,Bueno,2,DODGE,BLANCO,2,,40,FEMENINO,SIN DATOS,0,0,Morelia,Lomas de Huerta,abril,martes,19,-101.214269287884,19.6741436035377
34241,34246,2021,,2021/04/06,18:40:00,COLISIÓN POR ALCANCE,CONCRETO,Lluvioso,Bueno,2,RENAULT,ROJO,2,,18,MASCULINO,SIN DATOS,0,0,Morelia,La Huerta,abril,martes,19,-101.217147602953,19.6755462970578
34242,34247,2021,MOR210244693,2021/04/06,18:55:00,COLISIÓN CONTRA OBJETO FIJO,ASFALTO,Bueno,Bueno,2,NISSAN,BLANCO,1,,32,FEMENINO,SIN DATOS,0,0,Morelia,La Colina,abril,martes,19,-101.215290203691,19.7072505402697
34243,34248,2021,LEG36321,2021/04/06,19:15:00,COLISIÓN POR CORTE DE CIRCULACIÓN,ASFALTO,Nublado,Regular,2,GMC,ARENA,2,MINISTERIO PÚBLICO,63,MASCULINO,CON CERTIFICADO,0,0,Morelia,Leandro Valle,abril,martes,19,-101.229477077723,19.7176864642798
34244,34249,2021,MOR 210244842,2021/04/06,19:50:00,COLISIÓN POR CORTE DE CIRCULACIÓN,ASFALTO,Nublado,Bueno,2,CHEVROLET,BLANCO,2,,30,MASCULINO,SIN DATOS,0,0,Morelia,La Esperanza,abril,martes,20,-101.153878010809,19.6993862188934
34245,34250,2021,,2021/04/07,"01:00:00",COLISIÓN POR CORTE DE CIRCULACIÓN,ASFALTO,Bueno,Bueno,2,CHEVROLET,BLANCO,1,MINISTERIO PÚBLICO,,,SIN DATOS,0,0,Lázaro Cárdenas,Sin datos,abril,miércoles,1,-102.268688536502,17.9560294288868
34246,34251,2021,MOR210245400,2021/04/07,"02:05:00",COLISIÓN POR ALCANCE,ASFALTO,Bueno,Bueno,2,NISSAN,ARENA,2,,37,FEMENINO,SIN DATOS,0,0,Morelia,Irrigacion,abril,miércoles,2,-101.22744128108,19.704069104182
34247,34252,2021,MOR210245461,2021/04/07,"03:04:00",VOLCADURA,ASFALTO,Bueno,Bueno,1,VOLKSWAGEN,ROJO,1,,34,MASCULINO,SIN DATOS,0,0,Morelia,Nicolaitas Ilustres,abril,miércoles,3,-101.2263610214,19.7222262447391
34248,34253,2021,,2021/04/07,"08:20:00",COLISIÓN POR ALCANCE,ASFALTO,Bueno,Bueno,3,FORD,VERE,3,,41,MASCULINO,SIN DATOS,0,0,Copándaro,Sin datos,abril,miércoles,8,-101.138021827422,19.9417782415275
34249,34254,2021,,2021/04/07,10:20:00,COLISIÓN POR ALCANCE,ASFALTO,Bueno,Bueno,3,CHEVROLET,GRIS,3,,27,MASCULINO,SIN DATOS,0,0,Morelia,Sin datos,abril,miércoles,10,-101.25663801288,19.6684983673819
34250,34255,2021,,2021/04/07,10:22:00,COLISIÓN CON PEATÓN,ASFALTO,Bueno,Bueno,1,NISSAN,PLATA,2,,62,MASCULINO,SIN DATOS,1,0,Morelia,Los Pinos de Michoacan,abril,miércoles,10,-101.213164965553,19.6845064946218
34251,34256,2021,,2021/04/07,11:00:00,COLISIÓN CON PEATÓN,ASFALTO,Bueno,Bueno,2,CHEVROLET,BLANCO,0,MINISTERIO PÚBLICO,,,,0,0,Lázaro Cárdenas,Jose Green,abril,miércoles,11,-102.200970500708,17.9652553089643
34252,34257,2021,,2021/04/07,12:50:00,COLISIÓN POR CORTE DE CIRCULACIÓN,ASFALTO,Bueno,Bueno,2,CHEVROLET,BLANCO,2,,34,MASCULINO,SIN DATOS,0,0,Tarímbaro,Sin datos,abril,miércoles,13,-101.158266805995,19.766484
34253,34258,2021,,2021/04/07,13:30:00,SALIDA DE SUPERFICIE DE RODAMIENTO,ASFALTO,Bueno,Bueno,2,JEEP,GRIS,2,MINISTERIO PÚBLICO,,FEMENINO,SIN DATOS,0,1,Gabriel Zamora,Benito Juarez,abril,miércoles,14,-102.058456993915,19.1567056855685
34254,34259,2021,MOR210246542,2021/04/07,13:33:00,COLISIÓN CONTRA OBJETO FIJO,ASFALTO,Bueno,Bueno,1,VOLKSWAGEN,BLANCO,1,,44,MASCULINO,SIN DATOS,0,0,Morelia,Los Manantiales de Morelia,abril,miércoles,14,-101.240232095801,19.6927390716548
34255,34260,2021,,2021/04/07,14:30:00,COLISIÓN POR CORTE DE CIRCULACIÓN,ASFALTO,Bueno,Bueno,2,FORD,BLANCO,2,,20,MASCULINO,SIN DATOS,0,0,Morelia,El Porvenir,abril,miércoles,15,-101.204893321477,19.7085557279722
34256,34261,2021,,2021/04/07,16:00:00,COLISIÓN POR CORTE DE CIRCULACIÓN,CONCRETO,Bueno,Bueno,2,INTERNATIONAL,BLANCO,2,MINISTERIO PÚBLICO,47,,SIN DATOS,0,0,Morelia,Santa Maria de Guido,abril,miércoles,16,-101.1923323094,19.6746220329022
34257,34262,2021,,2021/04/07,21:00:00,COLISIÓN POR INVASIÓN DE CARRIL,ASFALTO,Bueno,Bueno,2,CHEVROLET,BLANCO,3,,,,,3,0,Coeneo,Coeneo de La Libertad,abril,miércoles,21,-101.591767072678,19.8124080428511
34258,34263,2021,,2021/04/08,"00:01:00",COLISIÓN POR CORTE DE CIRCULACIÓN,ASFALTO,Bueno,Bueno,2,NISSAN/MARCH,BLANCO,2,,34,MASCULINO,SIN DATOS,0,0,Morelia,Chapultepec Sur,abril,jueves,0,-101.171012266792,19.6916938663794
34259,34264,2021,,2021/04/08,"05:50:00",COLISIÓN CONTRA OBJETO FIJO,CONCRETO,Bueno,Bueno,1,NISSAN,BLANCO,1,,,,SIN DATOS,0,0,Morelia,Los Laureles,abril,jueves,6,-101.232834075659,19.7128413149355
34261,34266,2021,MOR 210248093,2021/04/08,"08:15:00",COLISIÓN POR CORTE DE CIRCULACIÓN,ASFALTO,Bueno,Regular,2,FORD,AZUL,2,,49,FEMENINO,SIN DATOS,0,0,Morelia,Isaac Arriaga,abril,jueves,8,-101.171367415652,19.7087823542568
34262,34267,2021,,2021/04/08,11:28:00,COLISIÓN POR CORTE DE CIRCULACIÓN,ASFALTO,Bueno,Bueno,2,NISSAN,GRIS/ BLANCO,2,,38,MASCULINO,SIN DATOS,0,0,Morelia,Sentimientos de La Nacion,abril,jueves,11,-101.235628724098,19.6820170571017
34263,34268,2021,MOR210248501,2021/04/08,12:00:00,COLISIÓN POR CAMBIO DE CARRIL,ASFALTO,Bueno,Bueno,2,VOLKSWAGEN,BLANCO,2,,57,MASCULINO,SIN DATOS,0,0,Morelia,Isaac Arriaga,abril,jueves,12,-101.171404905617,19.7077322035701
34264,34269,2021,,2021/04/08,13:20:00,COLISIÓN POR CAMBIO DE CARRIL,ASFALTO,Bueno,Bueno,2,CHEVROLET,GRIS,2,,75,FEMENINO,SIN DATOS,0,0,Morelia,Ejidal Ocolusen,abril,jueves,13,-101.158999688923,19.6877829956347
34265,34270,2021,MOR 210248969,2021/04/08,14:00:00,COLISIÓN POR CORTE DE CIRCULACIÓN,ASFALTO,Bueno,Regular,2,MERCEDES BENS,VERDE,2,,29,MASCULINO,SIN DATOS,0,0,Morelia,Division del Norte,abril,jueves,14,-101.16349440068,19.7126251388109
34267,34272,2021,MOR210249659,2021/04/08,18:30:00,COLISIÓN POR ALCANCE,ASFALTO,Bueno,Bueno,2,NISSAN,BLANCO,2,MINISTERIO PÚBLICO,22,MASCULINO,SIN DATOS,0,0,Morelia,Josefa Ortiz de Dominguez,abril,jueves,19,-101.20983324945,19.672041692782
34268,34273,2021,MOR210249552,2021/04/08,19:00:00,COLISIÓN POR NO RESPETAR SEMÁFORO,ASFALTO,Bueno,Bueno,2,HONDA,AZUL,2,,20,MASCULINO,SIN DATOS,0,0,Morelia,Los Pinos de Michoacan,abril,jueves,19,-101.215325407684,19.6853888857246
34269,34274,2021,LEG36352,2021/04/08,21:50:00,COLISIÓN POR ALCANCE,CONCRETO,Bueno,Bueno,2,MERCEDES BENZ,NEGRO,2,,18,MASCULINO,SIN DATOS,0,0,Morelia,Cinco de Diciembre,abril,jueves,22,-101.160823560583,19.6878972992542
34270,34275,2021,LEG36360,2021/04/08,22:57:00,COLISIÓN CONTRA OBJETO FIJO,ASFALTO,Bueno,Bueno,1,YAMAHA,NEGRO,2,MINISTERIO PÚBLICO,,,,2,0,Morelia,Villa Magna,abril,jueves,23,-101.327824325048,19.6851347619983
34271,34276,2021,MOR210250091,2021/04/08,23:20:00,VOLCADURA,SIN_DATOS,Bueno,Bueno,4,FORD,ROJO,3,,34,MASCULINO,ALIENTO ETÍLICO,0,0,Morelia,Paseo Esmeralda,abril,jueves,23,-101.196986652858,19.7321570774521
34272,34277,2021,MOR210250223,2021/04/09,"00:30:00",COLISIÓN POR CAMBIO DE CARRIL,ASFALTO,Bueno,Bueno,2,NISSAN,BLANCO,2,,56,MASCULINO,SIN DATOS,0,0,Tarímbaro,Real Hacienda,abril,viernes,1,-101.197839050807,19.7519210323615
34273,34278,2021,MOR210250287,2021/04/09,"02:50:00",COLISIÓN POR ALCANCE,ASFALTO,Bueno,Bueno,2,NISSAN,BLANCO,2,,21,MASCULINO,SIN DATOS,0,0,Morelia,Sin datos,abril,viernes,3,-101.284021139145,19.6903933049037
34274,34279,2021,MOR210250340,2021/04/09,"03:25:00",COLISIÓN CONTRA OBJETO FIJO,SIN_DATOS,Bueno,Bueno,1,CHEVROLET,BLANCO,1,,34,MASCULINO,ALIENTO ETÍLICO,0,0,Morelia,Martires de Uruapan,abril,viernes,3,-101.202706322052,19.7254318791648
34275,34280,2021,,2021/04/09,"07:41:00",COLISIÓN POR MANIOBRA DE REVERSA,CONCRETO,Bueno,Bueno,2,Nissan,Azul,2,,28,MASCULINO,ALIENTO ETÍLICO,0,0,Morelia,Los Manantiales de Morelia,abril,viernes,8,-101.24015327543,19.7010399206514
34276,34281,2021,,2021/04/09,"08:55:00",SALIDA DE SUPERFICIE DE RODAMIENTO,ASFALTO,Bueno,Bueno,1,CHEVROLET,GRIS,1,,34,MASCULINO,SIN DATOS,0,0,Morelia,Independencia,abril,viernes,9,-101.177829771556,19.7192825349956
34277,34282,2021,,2021/04/09,"09:45:00",SALIDA DE SUPERFICIE DE RODAMIENTO,ASFALTO,Bueno,Bueno,1,VOLKSWAGEN/GOLF,BLANCO,1,,27,MASCULINO,SIN DATOS,0,0,Morelia,Ciudad Industrial,abril,viernes,10,-101.137932247746,19.7286001802528
34278,34283,2021,,2021/04/09,10:00:00,COLISIÓN POR CORTE DE CIRCULACIÓN,CONCRETO,Bueno,Bueno,2,Kia,Blamco,2,,53,MASCULINO,SIN DATOS,0,0,Morelia,Chapultepec Oriente,abril,viernes,10,-101.159578405999,19.693239087272
34279,34284,2021,,2021/04/09,12:40:00,COLISIÓN POR CORTE DE CIRCULACIÓN,ASFALTO,Bueno,Bueno,2,Honda,Gris,2,MINISTERIO PÚBLICO,43,MASCULINO,SIN DATOS,0,0,Morelia,Vasco de Quiroga,abril,viernes,13,-101.174573295497,19.6978714177937
34280,34285,2021,,2021/04/09,13:00:00,COLISIÓN POR MANIOBRA DE REVERSA,CONCRETO,Bueno,Bueno,2,TOYOTA,ROJO,2,,68,MASCULINO,SIN DATOS,0,0,Morelia,Insurgentes,abril,viernes,13,-101.154208227314,19.6964351729257
34281,34286,2021,,2021/04/09,13:20:00,COLISIÓN POR ALCANCE,ASFALTO,Bueno,Bueno,2,CHEVROLET,Negro,2,,30,MASCULINO,SIN DATOS,0,0,Morelia,Centro,abril,viernes,13,-101.191203905776,19.7060830186484
34282,34287,2021,,2021/04/09,13:40:00,COLISIÓN POR CAMBIO DE CARRIL,ASFALTO,Bueno,Bueno,3,Mazda,Blanco,3,,48,FEMENINO,SIN DATOS,0,0,Morelia,Hermanos Lopez Rayon,abril,viernes,14,-101.220222755588,19.675354322152
34283,34288,2021,,2021/04/09,14:00:00,COLISIÓN POR CORTE DE CIRCULACIÓN,CONCRETO,Bueno,Bueno,2,MITSUBISHI,BLANCO,2,,23,MASCULINO,SIN DATOS,0,0,Morelia,Centro,abril,viernes,14,-101.187857240438,19.6958394933999
34284,34289,2021,,2021/04/09,15:40:00,COLISIÓN CON PEATÓN,ASFALTO,Bueno,Bueno,1,VOLKSWAGEN,BLANCO CON ROJO,2,MINISTERIO PÚBLICO,71,MASCULINO,SIN DATOS,1,0,Morelia,Adolfo Lopez Mateos,abril,viernes,16,-101.22965809635,19.7035162087226
34285,34290,2021,MOR210251764,2021/04/09,17:38:00,COLISIÓN POR CORTE DE CIRCULACIÓN,ASFALTO,Bueno,Bueno,2,FORD,NEGRO,2,,34,FEMENINO,SIN DATOS,0,0,Morelia,Villa Universidad,abril,viernes,18,-101.202033324673,19.6856754667892
34286,34291,2021,,2021/04/09,19:20:00,COLISIÓN POR MANIOBRA DE REVERSA,ASFALTO,Bueno,Bueno,2,Nissan,Blanco,2,,30,MASCULINO,SIN DATOS,0,0,Morelia,Primo Tapia,abril,viernes,19,-101.215019635856,19.7135224084167
34287,34292,2021,,2021/04/09,19:25:00,COLISIÓN CONTRA OBJETO FIJO,ASFALTO,Bueno,Bueno,1,HONDA CIVIC,ROJO,1,,,,SIN DATOS,0,0,Morelia,Bosques de La Huerta,abril,viernes,19,-101.222701452004,19.6700210933076