fid,id_accidente,anio_origen,folio_c5i,dia_incidente,hora_ocurrencia,tipo_incidente_vial,superficie_ocurrencia,condiciones_climaticas,condiciones_via,numero_vehiculos_involucrados,marca_vehiculo_ocasiona_siniestro,color_vehiculo_ocasiona_siniestro,numero_personas_involucradas,lugar_remite_presunto_responsable,edad_presunto_responsable,sexo_presunto_responsable,resultados_toxicologia,numero_personas_lesionadas,numero_personas_fallecidas,municipio,colonia,mes,dia_semana,hora_redondeada,lon,lat
34288,34293,2021,,2021/04/09,20:00:00,COLISIÓN POR ALCANCE,ASFALTO,Bueno,Bueno,2,DODGE/STRATUS,CAFE,2,,56,MASCULINO,SIN DATOS,0,0,Morelia,Valle de Las Flores,abril,viernes,20,-101.125543154776,19.6878244066732
34289,34294,2021,MOR210252445,2021/04/09,21:22:00,COLISIÓN POR CORTE DE CIRCULACIÓN,ASFALTO,Bueno,Bueno,2,HYUNDAI,NEGRO,2,,17,MASCULINO,SIN DATOS,0,0,Morelia,Tlalpujahua,abril,viernes,21,-101.217717267573,19.6760255588652
34290,34295,2021,MOR210250036,2021/04/09,22:57:00,CAIDA DE MOTOCICLETA,ASFALTO,Bueno,Bueno,0,,,0,,,,,0,0,Morelia,Villa Magna,abril,viernes,23,-101.327730386771,19.6851587825113
34291,34296,2021,MOR210252571,2021/04/09,22:59:00,COLISIÓN CONTRA OBJETO FIJO,ASFALTO,Bueno,Bueno,2,TOYOTA,ROJO,2,,0,FEMENINO,SIN DATOS,0,0,Morelia,Torrecillas,abril,viernes,23,-101.181875243783,19.6693224792188
34292,34297,2021,,2021/04/10,"00:00:00",COLISIÓN CONTRA OBJETO FIJO,ASFALTO,Bueno,Bueno,2,Nissan,Verde,2,,42,MASCULINO,ALIENTO ETÍLICO,0,0,Tarímbaro,Sin datos,abril,sábado,0,-101.126130223274,19.7740156648269
34293,34298,2021,,2021/04/10,"01:35:00",VOLCADURA,TERRACERIA,Bueno,Bueno,1,CHEVROLET,BLANCO,1,MINISTERIO PÚBLICO,0,,SIN DATOS,0,0,Morelia,Puebla,abril,sábado,2,-101.19801979512,19.7471166818383
34294,34299,2021,,2021/04/10,"04:00:00",COLISIÓN CONTRA OBJETO FIJO,CONCRETO,Bueno,Bueno,1,VOLKSWAGEN,NEGRO,0,,,,,0,0,Morelia,Leon Guzman,abril,sábado,4,-101.204902008176,19.7270158223786
34295,34300,2021,MOR210252926,2021/04/10,"05:05:00",SALIDA DE SUPERFICIE DE RODAMIENTO,ASFALTO,Bueno,Bueno,1,RAM,ROJO,1,,43,MASCULINO,ALIENTO ETÍLICO,0,0,Morelia,El Paraiso,abril,sábado,5,-101.236825191907,19.7272775113443
34296,34301,2021,,2021/04/10,"08:20:00",COLISIÓN POR CORTE DE CIRCULACIÓN,ASFALTO,Bueno,Bueno,1,ITALIKA,NEGRA,1,,0,,SIN DATOS,0,0,Morelia,Felix Ireta,abril,sábado,8,-101.191862814807,19.6822851047358
34297,34302,2021,,2021/04/10,"08:25:00",VOLCADURA,ASFALTO,Bueno,Bueno,1,ISUZU,BLANCO,1,,38,MASCULINO,SIN DATOS,0,0,Morelia,Ciudad Industrial,abril,sábado,8,-101.137903071094,19.728625108744
34298,34303,2021,MOR210254214,2021/04/10,"09:50:00",COLISIÓN POR CORTE DE CIRCULACIÓN,ASFALTO,Bueno,Bueno,2,NISSAN,BLANCO,1,,32,MASCULINO,SIN DATOS,0,0,Morelia,Lomas del Valle,abril,sábado,10,-101.226461801794,19.6904727249987
34299,34304,2021,MOR210253162,2021/04/10,"09:59:00",COLISIÓN POR INVASIÓN DE CARRIL,ASFALTO,Bueno,Bueno,2,INTERNATIONAL,BLANCO/NARANJA,2,,30,MASCULINO,SIN DATOS,0,0,Morelia,Villas del Pedregal,abril,sábado,10,-101.307764723897,19.6798495856524
34300,34305,2021,MOR210253214,2021/04/10,10:30:00,COLISIÓN POR ALCANCE,ASFALTO,Bueno,Bueno,2,TOYOTA,BLANCO,2,,25,MASCULINO,SIN DATOS,0,0,Morelia,Barrio Alto,abril,sábado,11,-101.194468580865,19.7242875007628
34301,34306,2021,,2021/04/10,14:35:00,COLISIÓN POR CORTE DE CIRCULACIÓN,ASFALTO,Bueno,Bueno,2,FORD,ROJA,2,MINISTERIO PÚBLICO,54,MASCULINO,SIN DATOS,0,0,Morelia,Huertitas,abril,sábado,15,-101.213560514152,19.7228783484326
34302,34307,2021,MOR210254086,2021/04/10,15:49:00,COLISIÓN POR ALCANCE,ASFALTO,Bueno,Bueno,2,KEEWAY,ROJO,2,,57,,SIN DATOS,0,0,Morelia,Loma de Los Piñones,abril,sábado,16,-101.205085709013,19.673992094454
34303,34308,2021,MOR210254267,2021/04/10,17:00:00,COLISIÓN POR CORTE DE CIRCULACIÓN,ASFALTO,Bueno,Bueno,2,NISSAN,ROJO,2,,20,MASCULINO,SIN DATOS,0,0,Morelia,Balcones de Morelia,abril,sábado,17,-101.201013414695,19.67164349877
34304,34309,2021,MOR210255100,2021/04/10,20:20:00,COLISIÓN POR ALCANCE,ASFALTO,Bueno,Bueno,2,VOLKSWAGEN,BLANCO,2,,70,MASCULINO,SIN DATOS,0,0,Morelia,Ejidal Ocolusen,abril,sábado,20,-101.152881265355,19.6856622942906
34305,34310,2021,,2021/04/10,23:30:00,VOLCADURA,ASFALTO,Bueno,Bueno,1,CHEVROLET SILVERDO,GRIS,1,,33,MASCULINO,ALIENTO ETÍLICO,0,0,Morelia,Martires de Uruapan,abril,sábado,0,-101.202582263124,19.7255227726303
34306,34311,2021,MOR210255432,2021/04/10,23:40:00,COLISIÓN POR ALCANCE,ASFALTO,Bueno,Bueno,4,VOLKSWAGEN,VERDE,4,MINISTERIO PÚBLICO,25,MASCULINO,ALIENTO ETÍLICO,0,0,Morelia,Ignacio Allende,abril,sábado,0,-101.288014277816,19.6888026280955
34307,34312,2021,,2021/04/10,23:45:00,COLISIÓN POR CAMBIO DE CARRIL,ASFALTO,Bueno,Bueno,2,CHEVROLET,BLANCO,2,,39,MASCULINO,SIN DATOS,0,0,Morelia,Molino de Parras,abril,sábado,0,-101.200124292887,19.6983540563076
34308,34313,2021,MOR210255918,2021/04/11,"00:00:00",COLISIÓN POR ALCANCE,ASFALTO,Bueno,Bueno,2,|CHEVROLET,NEGRO,2,,31,MASCULINO,SIN DATOS,0,0,Morelia,Cosmos,abril,domingo,0,-101.216468059205,19.6833890602121
34309,34314,2021,MOR210255935,2021/04/11,"05:55:00",SALIDA DE SUPERFICIE DE RODAMIENTO,ASFALTO,Bueno,Bueno,1,VOLKSWAGEN,AZUL,1,,32,FEMENINO,ALIENTO ETÍLICO,0,0,Morelia,Reforma,abril,domingo,6,-101.237611211836,19.7069819318471
34310,34315,2021,,2021/04/11,"09:14:00",COLISIÓN POR CORTE DE CIRCULACIÓN,ASFALTO,Bueno,Bueno,2,Honda,Acero,3,,30,FEMENINO,SIN DATOS,1,0,Morelia,Campestre del Vergel,abril,domingo,9,-101.241053156555,19.6743245015904
34311,34316,2021,,2021/04/11,13:05:00,COLISIÓN POR CORTE DE CIRCULACIÓN,CONCRETO,Bueno,Bueno,2,Nissan,Blanco,2,,26,MASCULINO,SIN DATOS,0,0,Morelia,Division del Norte,abril,domingo,13,-101.163979880512,19.7110457300697
34312,34317,2021,MOR210253941,2021/04/11,14:20:00,COLISIÓN CONTRA OBJETO FIJO,ASFALTO,Bueno,Bueno,2,NISSAN,BLANCO,2,,24,MASCULINO,SIN DATOS,0,0,Morelia,Leandro Valle,abril,domingo,14,-101.228608377278,19.7243670044253
34313,34318,2021,MOR210253965,2021/04/11,15:00:00,COLISIÓN POR ALCANCE,ASFALTO,Bueno,Bueno,2,TOYOTA,BLANCO,2,,45,FEMENINO,SIN DATOS,0,0,Morelia,Ocolusen Iii,abril,domingo,15,-101.152388068901,19.6849348211309
34314,34319,2021,MOR210254583,2021/04/11,18:30:00,COLISIÓN CONTRA OBJETO FIJO,ASFALTO,Bueno,Bueno,1,ITALIKA,AZUL,2,MINISTERIO PÚBLICO,,,,2,0,Morelia,Nueva Valladolid,abril,domingo,19,-101.2116943977,19.7019726652975
34315,34320,2021,,2021/04/11,18:45:00,SALIDA DE SUPERFICIE DE RODAMIENTO,ASFALTO,Bueno,Bueno,1,VOLKSWAGEN POINTER,GRIS,1,,25,MASCULINO,SIN DATOS,0,0,Morelia,Guadalupe,abril,domingo,19,-101.391056366265,19.6660996478423
34316,34321,2021,,2021/04/11,18:46:00,COLISIÓN POR CORTE DE CIRCULACIÓN,ASFALTO,Bueno,Bueno,2,Chevrolet,Azul,2,,28,FEMENINO,SIN DATOS,0,0,Morelia,La Huerta,abril,domingo,19,-101.228331378236,19.6583023368132
34317,34322,2021,,2021/04/11,19:50:00,COLISIÓN POR CAMBIO DE CARRIL,CONCRETO,Bueno,Bueno,2,VOLKSWAGEN JETTA,PLATA,2,,41,MASCULINO,SIN DATOS,0,0,Morelia,Loma Real,abril,domingo,20,-101.19843349538,19.729186901096
34318,34323,2021,,2021/04/11,20:00:00,COLISIÓN CONTRA OBJETO FIJO,ASFALTO,Bueno,Bueno,1,Chevrolet,Rojo,1,,25,,SIN DATOS,0,0,Morelia,Felix Ireta,abril,domingo,20,-101.188098608769,19.6900429378056
34319,34324,2021,,2021/04/11,20:15:00,COLISIÓN POR INVASIÓN DE CARRIL,ASFALTO,Bueno,Bueno,2,ITALIKA,BLANCO,2,,18,MASCULINO,SIN DATOS,0,0,Peribán,Sin datos,abril,domingo,20,-102.456750951029,19.5612421360886
34320,34325,2021,LEG36400,2021/04/11,21:45:00,COLISIÓN POR ALCANCE,ASFALTO,Bueno,Bueno,1,DODGE,GUINDA,1,,30,FEMENINO,ALIENTO ETÍLICO,0,0,Morelia,Bosques de Oriente,abril,domingo,22,-101.155504709616,19.7156663835056
34321,34326,2021,,2021/04/11,22:00:00,VOLCADURA,ASFALTO,Bueno,Bueno,1,MAZDA,BLANCO CON AZUL,0,MINISTERIO PÚBLICO,,,,0,0,Lázaro Cárdenas,Sin datos,abril,domingo,22,-102.22823113203,17.9353917543024
34322,34327,2021,,2021/04/11,22:40:00,COLISIÓN POR INVASIÓN DE CARRIL,ASFALTO,Bueno,Bueno,2,Eacania,GRIS,2,,30,MASCULINO,SIN DATOS,0,0,Tarímbaro,Sin datos,abril,domingo,23,-101.162257902324,19.7647874110301
34323,34328,2021,MOR253698,2021/04/11,22:50:00,COLISIÓN POR CORTE DE CIRCULACIÓN,ASFALTO,Bueno,Bueno,2,MAZDA,GRIS,2,,19,FEMENINO,SIN DATOS,0,0,Morelia,Vasco de Quiroga,abril,domingo,23,-101.173715907025,19.7027191597132
34324,34329,2021,,2021/04/11,22:55:00,COLISIÓN POR CAMBIO DE CARRIL,CONCRETO,Bueno,Bueno,2,CHEVROLET/CHEVY,ARENA,2,,30,MASCULINO,SIN DATOS,0,0,Morelia,Ventura Puente,abril,domingo,23,-101.193848289549,19.6924605957952
34325,34330,2021,,2021/04/12,"00:00:00",COLISIÓN POR INVASIÓN DE CARRIL,ASFALTO,Bueno,Bueno,2,FORD,ROJO,2,MINISTERIO PÚBLICO,49,MASCULINO,SIN DATOS,0,0,Tarímbaro,Sin datos,abril,lunes,0,-101.179550561001,19.753048488708
34326,34331,2021,,2021/04/12,"00:00:00",CAIDA ACUATICA DE VEHÍCULO,CONCRETO,Bueno,Bueno,1,NISSAN ME,BLANCO,1,,0,,SIN DATOS,0,0,Tarímbaro,Club Erandeni,abril,lunes,0,-101.182299063288,19.7556378244255
34327,34332,2021,"210259273",2021/04/12,"00:00:00",COLISIÓN POR CORTE DE CIRCULACIÓN,ASFALTO,Bueno,Bueno,2,CHEVROLET,ROJO,2,,18,MASCULINO,SIN DATOS,0,0,Morelia,Jardines de Santiaguito,abril,lunes,0,-101.208770462447,19.7185335409359
34328,34333,2021,,2021/04/12,"00:05:00",COLISIÓN POR CORTE DE CIRCULACIÓN,CONCRETO,Bueno,Bueno,2,HONDA,NEGRO,2,MINISTERIO PÚBLICO,23,MASCULINO,SIN DATOS,0,0,Morelia,Centro,abril,lunes,0,-101.187432445586,19.7028479567662
34329,34334,2021,,2021/04/12,"00:45:00",COLISIÓN POR ALCANCE,CONCRETO,Bueno,Bueno,2,VOLKSWAGEN POLO,PLATA,2,,42,MASCULINO,SIN DATOS,0,0,Morelia,Ignacio Zaragoza,abril,lunes,1,-101.203674196519,19.7253116059129
34330,34335,2021,,2021/04/12,"01:00:00",COLISIÓN POR CORTE DE CIRCULACIÓN,ASFALTO,Bueno,Bueno,2,VELOCI,NEGRO,0,MINISTERIO PÚBLICO,,,,0,0,Lázaro Cárdenas,Sin datos,abril,lunes,1,-102.211479395628,17.9783529024268
34331,34336,2021,,2021/04/12,"03:10:00",VOLCADURA,ASFALTO,Bueno,Bueno,1,FORD/FIESTA,PLATA,1,,53,MASCULINO,SIN DATOS,0,0,Morelia,Sin datos,abril,lunes,3,-101.105425261307,19.7295522618323
34332,34337,2021,,2021/04/12,"09:00:00",COLISIÓN POR CORTE DE CIRCULACIÓN,ASFALTO,Bueno,Bueno,3,SE DESCONOCE,,3,,,,SIN DATOS,0,0,Morelia,Prados de La Huerta,abril,lunes,9,-101.223471642219,19.6682436553393
34333,34338,2021,MOR210258523,2021/04/12,"09:45:00",COLISIÓN POR ALCANCE,ASFALTO,Bueno,Bueno,2,FORD,BLANCO,2,,47,MASCULINO,SIN DATOS,0,0,Morelia,La Huerta,abril,lunes,10,-101.233666630301,19.6594686158686
34334,34339,2021,MOR210258733,2021/04/12,11:13:00,COLISIÓN POR ALCANCE,ASFALTO,Bueno,Bueno,2,TOYOTA,BLANCO/MORADO,2,,18,MASCULINO,SIN DATOS,0,0,Morelia,Primo Tapia,abril,lunes,11,-101.212715520993,19.7126109857935
34338,34343,2021,MOR210259624,2021/04/12,17:18:00,COLISIÓN POR CORTE DE CIRCULACIÓN,ASFALTO,Bueno,Bueno,2,VENTO,VERDE,2,,20,MASCULINO,SIN DATOS,0,0,Morelia,Ventura Puente,abril,lunes,17,-101.187182954235,19.6926426896116
34340,34345,2021,,2021/04/12,21:00:00,COLISIÓN POR CAMBIO DE CARRIL,ASFALTO,Bueno,Bueno,2,HONDA,GRIS,2,MINISTERIO PÚBLICO,39,MASCULINO,SIN DATOS,0,0,Tacámbaro,Sin datos,abril,lunes,21,-101.507564180288,19.2187517848797
34343,34348,2021,,2021/04/12,23:50:00,SUBIDA AL CAMELLÓN,ASFALTO,Bueno,Bueno,1,VOLKSWAGEN,AZUL,1,,30,MASCULINO,SIN DATOS,0,0,Morelia,Niño Artillero,abril,lunes,0,-101.256398379124,19.6974089799189
34344,34349,2021,MOR210156478,2021/04/13,"00:00:00",COLISIÓN POR CORTE DE CIRCULACIÓN,ASFALTO,Bueno,Bueno,2,DODGE,PLATA,1,,25,MASCULINO,SIN DATOS,0,0,Morelia,Ciudad Industrial,abril,martes,0,-101.14554366932,19.7284851395985
34345,34350,2021,MOR/210259636,2021/04/13,"00:00:00",COLISIÓN CONTRA OBJETO FIJO,CONCRETO,Bueno,Bueno,1,KENWORTH,BLANCO,1,,52,MASCULINO,SIN DATOS,0,0,Morelia,Elias Perez Avalos,abril,martes,0,-101.167813022979,19.7136335493406
34346,34351,2021,,2021/04/13,"04:00:00",VOLCADURA,ASFALTO,Bueno,Bueno,1,TOYOTA,BLANCO,1,MINISTERIO PÚBLICO,0,,SIN DATOS,0,0,Morelia,Lomas del Tecnologico,abril,martes,4,-101.192971737429,19.7218067072296
34347,34352,2021,MOR210260981,2021/04/13,"07:23:00",COLISIÓN POR CORTE DE CIRCULACIÓN,ASFALTO,Bueno,Bueno,2,MITSUBISHI,PLATA,2,,23,MASCULINO,SIN DATOS,0,0,Morelia,Ciudad Industrial,abril,martes,7,-101.14554366932,19.7284851395985
34348,34353,2021,,2021/04/13,"08:40:00",COLISIÓN POR NO RESPETAR SEMÁFORO,CONCRETO,Bueno,Bueno,2,CHEVROLET,BLANCO Y AZUL,2,,22,MASCULINO,SIN DATOS,0,0,Morelia,Ventura Puente,abril,martes,9,-101.195351972508,19.6922545222024
34349,34354,2021,MOR201261129,2021/04/13,"08:54:00",COLISIÓN POR CORTE DE CIRCULACIÓN,ASFALTO,Bueno,Bueno,2,S/D,S/D,2,,,,SIN DATOS,0,0,Morelia,Lomas de La Maestranza,abril,martes,9,-101.330710320976,19.6845533035543
34350,34355,2021,,2021/04/13,10:00:00,COLISIÓN CONTRA OBJETO FIJO,CONCRETO,Bueno,Bueno,2,NISSAN,BLANCO,2,,,,SIN DATOS,0,0,Morelia,Melchor Ocampo,abril,martes,10,-101.201280995535,19.7076230217075
34351,34356,2021,MOR210258987,2021/04/13,12:25:00,COLISIÓN POR ALCANCE,ASFALTO,Bueno,Bueno,3,CHEVROLET,NEGRO,2,MINISTERIO PÚBLICO,0,MASCULINO,SIN DATOS,0,0,Charo,La Goleta,abril,martes,12,-101.080613166772,19.739368273283
34352,34357,2021,MOR210258947,2021/04/13,12:25:00,COLISIÓN POR ALCANCE,ASFALTO,Bueno,Bueno,2,CHYSLER,BLANCO,2,,42,FEMENINO,SIN DATOS,0,0,Morelia,Trinidad Salgado,abril,martes,12,-101.231128,19.7041135
34353,34358,2021,,2021/04/13,15:20:00,COLISIÓN POR CORTE DE CIRCULACIÓN,ASFALTO,Bueno,Bueno,1,CHEVROLET,ROJO,1,,,,SIN DATOS,0,0,Tarímbaro,Sin datos,abril,martes,15,-101.19013376534,19.7729242098821
34354,34359,2021,,2021/04/13,15:35:00,COLISIÓN POR CAMBIO DE CARRIL,CONCRETO,Bueno,Bueno,2,FORD/F 350,BLANCO,2,,59,MASCULINO,SIN DATOS,0,0,Morelia,El Realito,abril,martes,16,-101.202318065547,19.7263761300653
34356,34361,2021,,2021/04/13,17:20:00,COLISIÓN POR ALCANCE,ASFALTO,Bueno,Bueno,2,VOLKSWAGEN/POLO,BLANCO,2,,25,FEMENINO,SIN DATOS,0,0,Morelia,Lomas del Tecnologico,abril,martes,17,-101.196026913822,19.7242824223959
34357,34362,2021,MOR210262448,2021/04/13,17:40:00,COLISIÓN POR CAMBIO DE CARRIL,ASFALTO,Bueno,Bueno,2,NISSAN,BLANCO,2,,38,FEMENINO,SIN DATOS,0,0,Morelia,Industrial,abril,martes,18,-101.197550439013,19.7118484058831
34359,34364,2021,,2021/04/13,19:30:00,COLISIÓN POR CAMBIO DE CARRIL,ASFALTO,Bueno,Bueno,2,NISSAN ME,AZUL,2,,37,MASCULINO,SIN DATOS,0,0,Morelia,Ciudad Industrial,abril,martes,20,-101.13793797791,19.7286068364631
34360,34365,2021,MOR210260115,2021/04/13,19:45:00,COLISIÓN POR ALCANCE,ASFALTO,Bueno,Bueno,2,NISSAN,BLANCO/GUINDA,2,,24,MASCULINO,SIN DATOS,0,0,Morelia,Fuentes de Morelia,abril,martes,20,-101.203908950441,19.6711852824231
34361,34366,2021,,2021/04/13,19:55:00,COLISIÓN POR ALCANCE,ASFALTO,Bueno,Bueno,2,NISSAN,BLANCO,2,,24,MASCULINO,SIN DATOS,0,0,Morelia,Tzindurio de Morelos,abril,martes,20,-101.249516531825,19.6987748536919
34363,34368,2021,,2021/04/14,"06:10:00",COLISIÓN CONTRA OBJETO FIJO,CONCRETO,Bueno,Bueno,1,MERCEDES BENZ,NEGRO,1,,40,MASCULINO,CON CERTIFICADO,0,0,Morelia,Ventura Puente,abril,miércoles,6,-101.186644881964,19.6906546807281
34364,34369,2021,,2021/04/14,"07:20:00",COLISIÓN POR INVASIÓN DE CARRIL,ASFALTO,Bueno,Bueno,2,FORD,VERDE,0,,,,,0,0,Cuitzeo,Sin datos,abril,miércoles,7,-101.124154441059,19.9556771254971
34365,34370,2021,MOR 210263851,2021/04/14,"08:05:00",COLISIÓN POR CORTE DE CIRCULACIÓN,CONCRETO,Bueno,Bueno,2,CHEVROLET,ROJO,2,,46,FEMENINO,SIN DATOS,0,0,Morelia,Fracc Heroes Republicanos,abril,miércoles,8,-101.276287743357,19.6925205605594
34366,34371,2021,LEG36477,2021/04/14,"08:30:00",CAIDA DE MOTOCICLETA,ASFALTO,Bueno,Bueno,1,ITALIKA,VERDE/NEGRO,1,,26,MASCULINO,SIN DATOS,0,0,Morelia,Ferrocarrilero,abril,miércoles,9,-101.222941875458,19.6943609313655
34367,34372,2021,MOR210263851,2021/04/14,"09:05:00",COLISIÓN CONTRA OBJETO FIJO,ADOQUIN_EMPEDRADO,Bueno,Bueno,1,MITSUBISHI,BEIGE,1,,24,MASCULINO,SIN DATOS,0,0,Morelia,Independencia,abril,miércoles,9,-101.177040866829,19.7161939299266
34369,34374,2021,LEG36478,2021/04/14,10:50:00,COLISIÓN POR CAMBIO DE CARRIL,ASFALTO,Bueno,Regular,2,TOYOTA,GRIS,2,,74,FEMENINO,SIN DATOS,0,0,Morelia,Francisco J Mujica,abril,miércoles,11,-101.184691258453,19.7249634671415
34370,34375,2021,,2021/04/14,11:30:00,COLISIÓN POR CORTE DE CIRCULACIÓN,ASFALTO,Bueno,Bueno,2,NISSAN,BLANCO,2,,62,MASCULINO,SIN DATOS,0,0,Morelia,Centro,abril,miércoles,12,-101.199290491641,19.69906677693
34371,34376,2021,MOR210264166,2021/04/14,12:00:00,COLISIÓN POR CORTE DE CIRCULACIÓN,ASFALTO,Bueno,Bueno,2,NISSAN,BLANCO,2,,32,,SIN DATOS,0,0,Morelia,Ventura Puente,abril,miércoles,12,-101.179375668816,19.6928784528825
34372,34377,2021,MOR210264639,2021/04/14,14:35:00,COLISIÓN POR CORTE DE CIRCULACIÓN,CONCRETO,Bueno,Bueno,2,TOYOTA,BCO/ROJO,2,,38,MASCULINO,SIN DATOS,0,0,Morelia,Poblado de Ocolusen,abril,miércoles,15,-101.150826297032,19.6948079392661
34373,34378,2021,,2021/04/14,16:10:00,COLISIÓN CONTRA OBJETO FIJO,ASFALTO,Bueno,Bueno,2,HONDA,NEGRO,2,,,MASCULINO,SIN DATOS,0,0,Morelia,Sin datos,abril,miércoles,16,-101.167685931254,19.6557320056022
34374,34379,2021,MOR210264783,2021/04/14,17:45:00,COLISIÓN CON PEATÓN,ASFALTO,Bueno,Bueno,1,YAMAHA,BLANCO,2,,42,MASCULINO,SIN DATOS,1,0,Morelia,Centro,abril,miércoles,18,-101.198630302466,19.6979822132909
34375,34380,2021,,2021/04/14,18:30:00,COLISIÓN POR CORTE DE CIRCULACIÓN,ASFALTO,Bueno,Bueno,2,BMW,NEGRO,2,MINISTERIO PÚBLICO,24,MASCULINO,SIN DATOS,0,0,Peribán,Sin datos,abril,miércoles,19,-102.444346069611,19.5519963147754
34376,34381,2021,,2021/04/14,20:30:00,COLISIÓN POR ALCANCE,ASFALTO,Bueno,Bueno,2,VOLKSWAGEN,GRIS,2,,60,MASCULINO,SIN DATOS,0,0,Morelia,El Lago 2,abril,miércoles,21,-101.215884739695,19.7268520836559
34377,34382,2021,,2021/04/14,22:30:00,COLISIÓN POR INVASIÓN DE CARRIL,ASFALTO,Bueno,Regular,3,ITALIKA,VERDE Y NEGRO,3,,16,MASCULINO,SIN DATOS,0,0,Madero,Sin datos,abril,miércoles,23,-101.315258200707,19.3809869084279
34378,34383,2021,,2021/04/14,23:15:00,COLISIÓN POR ALCANCE,ASFALTO,Bueno,Bueno,2,ITALIKA,GRIS,2,,30,MASCULINO,SIN DATOS,0,0,Morelia,Ejidal Ocolusen,abril,miércoles,23,-101.159002066327,19.6877754480927
34379,34384,2021,MOR210268496,2021/04/15,"00:00:00",COLISIÓN POR ALCANCE,ASFALTO,Bueno,Bueno,2,HONDA,ARENA,2,,0,MASCULINO,CON CERTIFICADO,0,0,Morelia,La Esperanza,abril,jueves,0,-101.251332692113,19.6983306977734
34381,34386,2021,MOR210079520,2021/04/15,"05:39:00",COLISIÓN CONTRA OBJETO FIJO,ASFALTO,Bueno,Bueno,2,SIN DATOS,SE DESCONOCE,1,,0,,SIN DATOS,0,0,Morelia,Infonavit Colonial Universidad,abril,jueves,6,-101.207,19.6853
34382,34387,2021,,2021/04/15,"06:45:00",COLISIÓN CONTRA OBJETO FIJO,CONCRETO,Bueno,Bueno,1,CHEVROLET,ROSA,1,,35,FEMENINO,SIN DATOS,0,0,Morelia,Vistas de Altozano,abril,jueves,7,-101.167,19.6551
34383,34388,2021,,2021/04/15,"08:50:00",SALIDA DE SUPERFICIE DE RODAMIENTO,ASFALTO,Bueno,Bueno,1,CHEVROLET,AZUL,1,,23,MASCULINO,SIN DATOS,0,0,Peribán,Sin datos,abril,jueves,9,-102.446162595667,19.553986746497
34384,34389,2021,,2021/04/15,"09:30:00",COLISIÓN POR CAMBIO DE CARRIL,ASFALTO,Bueno,Bueno,3,CHEVROLET CHEVY,AZUL,3,MINISTERIO PÚBLICO,20,MASCULINO,SIN DATOS,0,0,Morelia,Isaac Arriaga,abril,jueves,10,-101.172370500863,19.7073076707809
34385,34390,2021,MOR210251841,2021/04/15,"09:40:00",COLISIÓN POR CAMBIO DE CARRIL,ASFALTO,Bueno,Bueno,2,ITALIKA,BLANCO,2,,48,MASCULINO,SIN DATOS,0,0,Morelia,Jose Ma Pino Suarez,abril,jueves,10,-101.16370559417,19.7242310075186
34386,34391,2021,,2021/04/15,"09:45:00",COLISIÓN CONTRA OBJETO FIJO,CONCRETO,Bueno,Bueno,1,AUDI,NEGRO,1,,,,SIN DATOS,0,0,Morelia,Coto del Angel,abril,jueves,10,-101.155822216108,19.6630831500819
34387,34392,2021,,2021/04/15,"09:55:00",COLISIÓN POR CAMBIO DE CARRIL,ASFALTO,Bueno,Bueno,2,Mercedes benz,Plata,2,MINISTERIO PÚBLICO,44,,SIN DATOS,0,0,Morelia,La Pradera,abril,jueves,10,-101.21760930866,19.680498848661
34388,34393,2021,,2021/04/15,11:30:00,COLISIÓN CON PEATÓN,SIN_DATOS,Bueno,Bueno,2,NISSAN SENTRA,BLANCO/ROJO,2,,68,MASCULINO,SIN DATOS,0,0,Morelia,Independencia,abril,jueves,12,-101.177582398725,19.7190729954943
34389,34394,2021,,2021/04/15,12:15:00,COLISIÓN POR CORTE DE CIRCULACIÓN,ASFALTO,Bueno,Bueno,2,INTERNATINAL,AMARILLO Y GUINDA,2,,28,MASCULINO,SIN DATOS,0,0,Morelia,Centro,abril,jueves,12,-101.192818656564,19.7047784420467
34390,34395,2021,,2021/04/15,13:20:00,COLISIÓN POR CORTE DE CIRCULACIÓN,ASFALTO,Bueno,Bueno,2,CHEVROLET,AZUL,2,,52,FEMENINO,SIN DATOS,0,0,Morelia,Vasco de Quiroga,abril,jueves,13,-101.175879836082,19.6981292804916
34391,34396,2021,MOR210267214,2021/04/15,14:40:00,COLISIÓN CONTRA OBJETO FIJO,ASFALTO,Bueno,Bueno,3,KENWORTH,BLANCO,1,,28,MASCULINO,SIN DATOS,0,0,Morelia,Rinconada del Valle,abril,jueves,15,-101.218474930669,19.6786224561795
34392,34397,2021,,2021/04/15,15:50:00,COLISIÓN POR ALCANCE,ASFALTO,Bueno,Bueno,2,NISSAN,GRIS,2,,54,MASCULINO,SIN DATOS,0,0,Morelia,Diego Rivera,abril,jueves,16,-101.177709407426,19.7195249554745
34393,34398,2021,LEG36483,2021/04/15,16:00:00,COLISIÓN POR CORTE DE CIRCULACIÓN,CONCRETO,Bueno,Bueno,2,NISSAN,BLANCO GRIS,2,,29,MASCULINO,SIN DATOS,0,0,Morelia,Sin datos,abril,jueves,16,-101.212983351617,19.6340274907716
34394,34399,2021,,2021/04/15,18:06:00,COLISIÓN POR ALCANCE,ASFALTO,Bueno,Bueno,2,TOYOTA,NEGRO,2,,38,MASCULINO,SIN DATOS,0,0,Morelia,Cinco de Diciembre,abril,jueves,18,-101.163983294234,19.6854880957539