fid,id_accidente,anio_origen,folio_c5i,dia_incidente,hora_ocurrencia,tipo_incidente_vial,superficie_ocurrencia,condiciones_climaticas,condiciones_via,numero_vehiculos_involucrados,marca_vehiculo_ocasiona_siniestro,color_vehiculo_ocasiona_siniestro,numero_personas_involucradas,lugar_remite_presunto_responsable,edad_presunto_responsable,sexo_presunto_responsable,resultados_toxicologia,numero_personas_lesionadas,numero_personas_fallecidas,municipio,colonia,mes,dia_semana,hora_redondeada,lon,lat
34395,34400,2021,,2021/04/15,18:30:00,COLISIÓN POR CORTE DE CIRCULACIÓN,ASFALTO,Bueno,Bueno,2,PLYMOUTH,GRIS,1,MINISTERIO PÚBLICO,,,,1,0,Pátzcuaro,Popular Vasco de Quiroga,abril,jueves,19,-101.603460741989,19.5027970507218
34396,34401,2021,,2021/04/15,20:00:00,COLISIÓN POR ALCANCE,ASFALTO,Bueno,Bueno,2,FORD,BLANCO,2,,25,,SIN DATOS,0,0,Morelia,La Soledad,abril,jueves,20,-101.18331156671,19.729120568753
34397,34402,2021,,2021/04/15,20:00:00,VOLCADURA,ASFALTO,Bueno,Bueno,1,IZUZU,VERDE,1,MINISTERIO PÚBLICO,18,MASCULINO,SIN DATOS,0,0,Peribán,Sin datos,abril,jueves,20,-102.456751316786,19.5612421648099
34398,34403,2021,,2021/04/15,20:20:00,COLISIÓN POR CORTE DE CIRCULACIÓN,CONCRETO,Bueno,Bueno,2,HYUNDAI ATOS,BLANCO,2,MINISTERIO PÚBLICO,67,MASCULINO,ALIENTO ETÍLICO,0,0,Morelia,Independencia,abril,jueves,20,-101.175733625211,19.7090039013777
34399,34404,2021,,2021/04/15,21:05:00,COLISIÓN POR CORTE DE CIRCULACIÓN,ASFALTO,Bueno,Bueno,3,TOYOTA,AZUL,3,,36,MASCULINO,SIN DATOS,0,0,Tarímbaro,Sin datos,abril,jueves,21,-101.131442033433,19.7762651229906
34400,34405,2021,,2021/04/15,21:15:00,COLISIÓN POR CAMBIO DE CARRIL,ASFALTO,Bueno,Bueno,2,KENWORTH,BLANCO,2,,45,MASCULINO,SIN DATOS,0,0,Morelia,Francisco J Mujica,abril,jueves,21,-101.188242076471,19.7214870586887
34401,34406,2021,,2021/04/15,21:25:00,COLISIÓN CONTRA OBJETO FIJO,ASFALTO,Bueno,Bueno,1,CHEVROLET,BLANCO,0,,,,,0,0,Los Reyes,Sin datos,abril,jueves,21,-102.506874762475,19.5954239058436
34402,34407,2021,MOR210265863,2021/04/15,21:43:00,COLISIÓN POR CORTE DE CIRCULACIÓN,CONCRETO,Bueno,Bueno,2,HONDA,GRIS,1,MINISTERIO PÚBLICO,,,,1,0,Morelia,3 de Agosto,abril,jueves,22,-101.171786725149,19.7310680332547
34403,34408,2021,,2021/04/16,"00:15:00",SALIDA DE SUPERFICIE DE RODAMIENTO,ASFALTO,Bueno,Bueno,1,CHEVROLET,BLANCO,1,,31,FEMENINO,SIN DATOS,0,0,Morelia,Sin datos,abril,viernes,0,-101.11987467178,19.6995885815534
34404,34409,2021,,2021/04/16,"06:00:00",COLISIÓN CONTRA OBJETO FIJO,CONCRETO,Bueno,Bueno,1,NISSAN,GRIS,1,,26,MASCULINO,SIN DATOS,0,0,Morelia,Cañada del Bosque,abril,viernes,6,-101.096477732062,19.7291360329226
34405,34410,2021,MOR2136589,2021/04/16,"09:30:00",COLISIÓN POR NO RESPETAR SEMÁFORO,ASFALTO,Bueno,Bueno,2,FORD,BLANCO,2,,48,,SIN DATOS,0,0,Morelia,Comision Federal de Electricidad,abril,viernes,10,-101.181391105056,19.6813787345828
34406,34411,2021,LEG36516,2021/04/16,10:45:00,COLISIÓN POR CORTE DE CIRCULACIÓN,ASFALTO,Bueno,Bueno,2,CHEVROLET,BLANCO,2,,35,MASCULINO,SIN DATOS,0,0,Morelia,Centro,abril,viernes,11,-101.198102334008,19.7056136316968
34407,34412,2021,MOR210269258,2021/04/16,11:40:00,COLISIÓN POR CORTE DE CIRCULACIÓN,ASFALTO,Bueno,Bueno,2,ITALIKA,BLANCO,2,,30,MASCULINO,SIN DATOS,0,0,Morelia,Industrial,abril,viernes,12,-101.197890409015,19.7068345571441
34408,34413,2021,LEG36511,2021/04/16,13:10:00,COLISIÓN POR NO RESPETAR SEMÁFORO,ASFALTO,Bueno,Bueno,2,GENERAL MOTORS,BLANCO/VERDE,2,,24,MASCULINO,SIN DATOS,0,0,Morelia,Granjas del Maestro,abril,viernes,13,-101.188458055258,19.7128486030566
34409,34414,2021,MOR210269997,2021/04/16,14:31:00,COLISIÓN POR ALCANCE,ASFALTO,Bueno,Bueno,3,TOYOTA,VERDE,3,,,,SIN DATOS,0,0,Morelia,Diego Rivera,abril,viernes,15,-101.175936497748,19.7181709367075
34410,34415,2021,MOR201269652,2021/04/16,15:00:00,COLISIÓN POR CAMBIO DE CARRIL,ASFALTO,Bueno,Bueno,2,CHEVROLET,NEGRO,2,,66,MASCULINO,SIN DATOS,0,0,Morelia,Ferrocarrilero,abril,viernes,15,-101.213280558586,19.7020979777849
34411,34416,2021,LEG36513,2021/04/16,16:05:00,COLISIÓN POR CORTE DE CIRCULACIÓN,ASFALTO,Bueno,Bueno,2,NISSAN,GRIS,2,,21,FEMENINO,SIN DATOS,0,0,Morelia,Infonavit Colonial Universidad,abril,viernes,16,-101.204136237502,19.6863823894354
34412,34417,2021,,2021/04/16,16:49:00,COLISIÓN POR CAMBIO DE CARRIL,ASFALTO,Bueno,Bueno,2,TOYOTA,BLANCA,2,,45,MASCULINO,SIN DATOS,0,0,Morelia,Prados Verdes,abril,viernes,17,-101.197379448198,19.7135291226432
34413,34418,2021,MOR210269958,2021/04/16,16:55:00,COLISIÓN POR ALCANCE,ASFALTO,Bueno,Bueno,2,CHEVROLET,AZUL,2,,35,MASCULINO,SIN DATOS,0,0,Morelia,Xangari,abril,viernes,17,-101.220692172647,19.6741240299248
34414,34419,2021,MOR210270214,2021/04/16,18:20:00,COLISIÓN POR ALCANCE,ASFALTO,Bueno,Bueno,2,CHRYSLER,AZUL,2,MINISTERIO PÚBLICO,37,MASCULINO,SIN DATOS,0,0,Morelia,La Esperanza,abril,viernes,18,-101.253263943576,19.6979083496346
34415,34420,2021,,2021/04/17,"00:00:00",COLISIÓN POR CORTE DE CIRCULACIÓN,ASFALTO,Bueno,Bueno,2,MAZDA,GRIS,2,MINISTERIO PÚBLICO,34,MASCULINO,SIN DATOS,0,0,Morelia,Chapultepec Oriente,abril,sábado,0,-101.164524033666,19.6907910505637
34416,34421,2021,MOR210271040,2021/04/17,"00:00:00",COLISIÓN CONTRA OBJETO FIJO,CONCRETO,Bueno,Bueno,1,DODGE,GUINDA,1,,51,MASCULINO,SIN DATOS,0,0,Morelia,Cd Satelite,abril,sábado,0,-101.165979009612,19.732646406689
34417,34422,2021,MOR210270999,2021/04/17,"00:25:00",COLISIÓN CONTRA OBJETO FIJO,ASFALTO,Bueno,Bueno,1,ITALIKA,NEGRO,1,MINISTERIO PÚBLICO,,,,0,1,Morelia,Los Pinos de Michoacan,abril,sábado,0,-101.216025433756,19.6837103127788
34418,34423,2021,MOR210983,2021/04/17,"01:36:00",COLISIÓN POR CORTE DE CIRCULACIÓN,ASFALTO,Bueno,Bueno,2,FORD,BLANCO,1,,34,MASCULINO,SIN DATOS,0,0,Morelia,Erendira,abril,sábado,2,-101.165298186243,19.7040117429474
34419,34424,2021,MOR210271140,2021/04/17,"02:31:00",COLISIÓN POR ALCANCE,ASFALTO,Bueno,Bueno,2,CHEVROLET,ROJO,2,,27,MASCULINO,CON CERTIFICADO,0,0,Morelia,Comision Federal de Electricidad,abril,sábado,3,-101.181338131428,19.6815110083503
34420,34425,2021,MOR210271225,2021/04/17,"05:20:00",COLISIÓN POR ALCANCE,CONCRETO,Bueno,Bueno,3,NISSAN,GRIS,3,MINISTERIO PÚBLICO,42,MASCULINO,ALIENTO ETÍLICO,0,0,Morelia,Eduardo Ruiz,abril,sábado,5,-101.212698458289,19.7158757553096
34421,34426,2021,,2021/04/17,"05:20:00",COLISIÓN POR CORTE DE CIRCULACIÓN,ASFALTO,Bueno,Bueno,1,NOSSAN,BLANCO,1,,50,MASCULINO,SIN DATOS,0,0,Morelia,Tinijaro,abril,sábado,5,-101.260704726659,19.6967166262785
34422,34427,2021,MOR210271294,2021/04/17,"06:15:00",COLISIÓN CONTRA OBJETO FIJO,ASFALTO,Bueno,Bueno,2,FORD,PLATA,0,,,,,0,0,Charo,La Goleta,abril,sábado,6,-101.076743744992,19.7416239864956
34423,34428,2021,MOR210268826,2021/04/17,"08:00:00",COLISIÓN POR ALCANCE,ASFALTO,Bueno,Bueno,2,CHEVROLET,VERDE,2,,21,MASCULINO,SIN DATOS,0,0,Morelia,Lomas del Tecnologico,abril,sábado,8,-101.188383928743,19.7211850768361
34424,34429,2021,,2021/04/17,"09:50:00",COLISIÓN POR CAMBIO DE CARRIL,ASFALTO,Bueno,Bueno,2,DINA,BLANCO,2,,26,MASCULINO,SIN DATOS,0,0,Morelia,Americas Britania,abril,sábado,10,-101.150095760822,19.6917459517525
34425,34430,2021,,2021/04/17,11:25:00,COLISIÓN POR CORTE DE CIRCULACIÓN,CONCRETO,Bueno,Bueno,2,TOYOTA,BLANCO Y ROJO,2,,35,MASCULINO,SIN DATOS,0,0,Morelia,Centro,abril,sábado,11,-101.190503033894,19.7038578974835
34426,34431,2021,,2021/04/17,12:15:00,COLISIÓN POR CAMBIO DE CARRIL,ASFALTO,Bueno,Bueno,2,CHEVROLET/OPTRA,VERDE,2,,51,MASCULINO,SIN DATOS,0,0,Morelia,El Lago 3,abril,sábado,12,-101.219307512723,19.7272512879538
34427,34432,2021,,2021/04/17,12:50:00,COLISIÓN POR CAMBIO DE CARRIL,ASFALTO,Bueno,Bueno,2,FREIGHTLINER,AZUL,2,,36,MASCULINO,SIN DATOS,0,0,Morelia,Lomas del Valle,abril,sábado,13,-101.230630427599,19.6877949913484
34428,34433,2021,,2021/04/17,12:55:00,COLISIÓN POR MANIOBRA DE REVERSA,ASFALTO,Bueno,Bueno,2,INTERNACIONAL,BLANCO,2,,49,MASCULINO,SIN DATOS,0,0,Morelia,3 de Agosto,abril,sábado,13,-101.171784407723,19.731068123026
34429,34434,2021,,2021/04/17,13:00:00,COLISIÓN POR CAMBIO DE CARRIL,ASFALTO,Bueno,Bueno,2,MERCEDES BENZ,ROJO,2,,34,MASCULINO,SIN DATOS,0,0,Morelia,Indeco El Vivero,abril,sábado,13,-101.229893185877,19.6770209287358
34430,34435,2021,,2021/04/17,13:50:00,COLISIÓN POR INVASIÓN DE CARRIL,CONCRETO,Bueno,Bueno,2,YAMAHA,ROJO/NEGRO,2,,19,MASCULINO,SIN DATOS,0,0,Los Reyes,Obrera,abril,sábado,14,-102.463869564235,19.5791540812965
34431,34436,2021,LEG36523,2021/04/17,15:32:00,COLISIÓN POR CORTE DE CIRCULACIÓN,ASFALTO,Bueno,Bueno,2,VENTO,ROJO,2,,27,MASCULINO,SIN DATOS,0,0,Morelia,Irrigacion,abril,sábado,16,-101.227150261402,19.7053128824338
34432,34437,2021,,2021/04/17,15:40:00,COLISIÓN CONTRA OBJETO FIJO,CONCRETO,Bueno,Bueno,1,HONDA,GRIS,1,,47,,SIN DATOS,0,0,Morelia,Tzindurio de Morelos,abril,sábado,16,-101.243632677419,19.6999237303952
34433,34438,2021,MOR210269681,2021/04/17,17:35:00,CAIDA DE MOTOCICLETA,CONCRETO,Bueno,Bueno,1,YAMAHA,BLANCO,1,MINISTERIO PÚBLICO,18,MASCULINO,SIN DATOS,0,0,Morelia,Lomas de Huerta,abril,sábado,18,-101.214677959013,19.6743409468482
34434,34439,2021,MOR210270226,2021/04/17,18:47:00,COLISIÓN POR ALCANCE,CONCRETO,Bueno,Bueno,2,FORD,GRIS,2,,36,MASCULINO,ALIENTO ETÍLICO,0,0,Morelia,Industrial,abril,sábado,19,-101.197497800671,19.7122741891331
34435,34440,2021,,2021/04/17,20:15:00,COLISIÓN POR CORTE DE CIRCULACIÓN,ASFALTO,Bueno,Bueno,2,CHEVROLET,GRIS,2,,38,MASCULINO,SIN DATOS,0,0,Morelia,Las Americas,abril,sábado,20,-101.159017458558,19.6879682977442
34436,34441,2021,,2021/04/17,20:20:00,SALIDA DE SUPERFICIE DE RODAMIENTO,CONCRETO,Bueno,Bueno,1,FORD/EXPEDICIÓN,NEGRO,1,,26,MASCULINO,ALIENTO ETÍLICO,0,0,Morelia,Loma Real,abril,sábado,20,-101.199407868766,19.7314319993429
34437,34442,2021,MOR/210270873,2021/04/17,20:31:00,COLISIÓN POR CAMBIO DE CARRIL,ASFALTO,Bueno,Bueno,2,TOYOTA,BLANCO / ROJO,2,,40,MASCULINO,SIN DATOS,0,0,Morelia,La Colina,abril,sábado,21,-101.216138421811,19.7038817259808
34438,34443,2021,MOR210270719,2021/04/17,20:45:00,COLISIÓN POR ALCANCE,ASFALTO,Bueno,Bueno,2,HIUNDAY,PLATA,2,,40,,SIN DATOS,0,0,Morelia,Elias Perez Avalos,abril,sábado,21,-101.171433400861,19.7147156236961
34439,34444,2021,MOR210270735,2021/04/17,22:10:00,VOLCADURA,ASFALTO,Bueno,Bueno,1,NISSAN,AZUL,1,,30,MASCULINO,SIN DATOS,0,0,Morelia,Sin datos,abril,sábado,22,-101.131769537247,19.729863162332
34440,34445,2021,,2021/04/18,"00:00:00",COLISIÓN POR ALCANCE,ASFALTO,Bueno,Bueno,2,CHEVROLET,GRIS,2,,65,MASCULINO,SIN DATOS,0,0,Morelia,Bosques de Oriente,abril,domingo,0,-101.156384138897,19.7151854901029
34441,34446,2021,,2021/04/18,"03:10:00",COLISIÓN CONTRA OBJETO FIJO,ASFALTO,Bueno,Bueno,1,SEAT,PLATA,1,,20,MASCULINO,ALIENTO ETÍLICO,0,0,Morelia,Hacienda de Tinijaro (Villas de Tinijaro),abril,domingo,3,-101.258220511652,19.684170307094
34442,34447,2021,,2021/04/18,"05:50:00",COLISIÓN POR INVASIÓN DE CARRIL,ASFALTO,Bueno,Bueno,2,RENAULT,GRIS,2,MINISTERIO PÚBLICO,47,MASCULINO,ALIENTO ETÍLICO,0,0,Morelia,Eduardo Ruiz,abril,domingo,6,-101.223200708628,19.7224793627315
34443,34448,2021,MOR210274635,2021/04/18,12:50:00,COLISIÓN POR CAMBIO DE CARRIL,ASFALTO,Bueno,Bueno,5,CHEVROLET,GRIS,5,MINISTERIO PÚBLICO,29,MASCULINO,SIN DATOS,1,0,Morelia,La Loma,abril,domingo,13,-101.183441684328,19.6812237597551
34444,34449,2021,,2021/04/18,13:00:00,COLISIÓN CONTRA OBJETO FIJO,ASFALTO,Bueno,Bueno,1,CHEVROLET,BLANCO,1,MINISTERIO PÚBLICO,,,SIN DATOS,0,0,Morelia,Sin datos,abril,domingo,13,-101.126774593509,19.7093160926083
34445,34450,2021,MOR210274530,2021/04/18,14:40:00,COLISIÓN POR CORTE DE CIRCULACIÓN,ASFALTO,Bueno,Bueno,2,ITALIKA,ROJO,2,,47,MASCULINO,SIN DATOS,0,0,Morelia,Prados Verdes,abril,domingo,15,-101.201528886505,19.7145151349205
34446,34451,2021,MOR210275363,2021/04/18,17:38:00,SUBIDA AL CAMELLÓN,ASFALTO,Bueno,Bueno,1,MITSUBISHI,BLANCO,1,,67,FEMENINO,SIN DATOS,0,0,Morelia,Montaña Monarca,abril,domingo,18,-101.164684996687,19.6655900185034
34447,34452,2021,,2021/04/18,19:30:00,COLISIÓN POR INVASIÓN DE CARRIL,ASFALTO,Bueno,Bueno,2,NISSAN,BLANCO Y ROJO,2,MINISTERIO PÚBLICO,24,,SIN DATOS,0,0,Salvador Escalante,Sin datos,abril,domingo,20,-101.560924351215,19.4010781216607
34448,34453,2021,MOR210275638,2021/04/18,19:35:00,COLISIÓN POR CORTE DE CIRCULACIÓN,CONCRETO,Bueno,Bueno,1,ACURA,ROJO,1,,24,MASCULINO,SIN DATOS,0,0,Morelia,Felix Ireta,abril,domingo,20,-101.192053251647,19.6823769697797
34449,34454,2021,LEG36561,2021/04/18,20:40:00,COLISIÓN POR ALCANCE,ASFALTO,Bueno,Bueno,2,NISSAN,GRIS,2,MINISTERIO PÚBLICO,34,MASCULINO,ALIENTO ETÍLICO,0,0,Morelia,Tinijaro,abril,domingo,21,-101.26028560102,19.6967826851028
34450,34455,2021,MOR 210276386,2021/04/18,23:20:00,COLISIÓN CONTRA OBJETO FIJO,ASFALTO,Bueno,Bueno,1,VOLKSWAGEN,BLANCO,1,,30,MASCULINO,SIN DATOS,0,0,Morelia,Fracc Arkos San Juan,abril,domingo,23,-101.286545433104,19.6898370906783
34451,34456,2021,MOR210274561,2021/04/19,"00:00:00",COLISIÓN POR ALCANCE,ASFALTO,Bueno,Bueno,2,ITALIKA,BLANCO,2,,31,MASCULINO,SIN DATOS,0,0,Morelia,Prados Verdes,abril,lunes,0,-101.197073005818,19.7179752829032
34452,34457,2021,LEG36568,2021/04/19,"05:35:00",COLISIÓN POR CORTE DE CIRCULACIÓN,ASFALTO,Bueno,Bueno,2,HONDA,NEGRO,1,MINISTERIO PÚBLICO,24,MASCULINO,SIN DATOS,0,0,Morelia,Clara Cordova Moran,abril,lunes,6,-101.18289347738,19.7324027242392
34453,34458,2021,,2021/04/19,"09:00:00",COLISIÓN POR CORTE DE CIRCULACIÓN,ASFALTO,Bueno,Bueno,2,MITZUBISHI,BLANCO,2,,36,MASCULINO,SIN DATOS,0,0,Morelia,Centro,abril,lunes,9,-101.178217716515,19.6990911397038
34454,34459,2021,,2021/04/19,11:55:00,COLISIÓN POR CORTE DE CIRCULACIÓN,ASFALTO,Bueno,Bueno,2,NISSAN,BLANCO,2,,0,MASCULINO,SIN DATOS,0,0,Huandacareo,Centro,abril,lunes,12,-101.274534165859,19.9872287332954
34455,34460,2021,,2021/04/19,14:20:00,COLISIÓN POR ALCANCE,ASFALTO,Bueno,Bueno,2,VOLKSWAGEN,GRIS,2,MINISTERIO PÚBLICO,21,FEMENINO,SIN DATOS,0,0,Morelia,Nueva Chapultepec,abril,lunes,14,-101.174726973762,19.6887586929235
34456,34461,2021,,2021/04/19,14:40:00,COLISIÓN POR ALCANCE,ASFALTO,Bueno,Bueno,2,INTERNATIONAL,BLANCO,2,,52,,SIN DATOS,0,0,Morelia,Francisco J Mujica,abril,lunes,15,-101.188211292028,19.7214703600404
34457,34462,2021,,2021/04/19,14:50:00,COLISIÓN POR CAMBIO DE CARRIL,ASFALTO,Bueno,Bueno,2,FORD MUSTANG,VERDE,2,,30,MASCULINO,SIN DATOS,0,0,Morelia,Pedro Ma Anaya,abril,lunes,15,-101.205953347989,19.7146687626402
34458,34463,2021,,2021/04/19,15:00:00,COLISIÓN POR CAMBIO DE CARRIL,ASFALTO,Bueno,Bueno,2,MAZDA,Blanco,2,,39,FEMENINO,SIN DATOS,0,0,Morelia,Division del Norte,abril,lunes,15,-101.163445450366,19.7112821947559
34459,34464,2021,,2021/04/19,15:40:00,CAIDA DE MOTOCICLETA,CONCRETO,Bueno,Bueno,1,DONAMO,BLANCO YNEGRO,1,,38,MASCULINO,SIN DATOS,0,0,Morelia,Chapultepec Oriente,abril,lunes,16,-101.159509643912,19.6913655703048
34460,34465,2021,,2021/04/19,19:15:00,COLISIÓN POR CORTE DE CIRCULACIÓN,ASFALTO,Bueno,Bueno,2,VOLKSWAGEN,NEGRO,2,,18,MASCULINO,SIN DATOS,0,0,Morelia,Guadalupe,abril,lunes,19,-101.218513792219,19.7105435893677
34461,34466,2021,,2021/04/19,19:16:00,COLISIÓN POR CAMBIO DE CARRIL,ASFALTO,Bueno,Bueno,2,INTERNACIONAL,VERDE,2,,47,MASCULINO,SIN DATOS,0,0,Morelia,Pascual Ortiz de Ayala,abril,lunes,19,-101.149542679816,19.6948185446301
34462,34467,2021,LEG36562,2021/04/19,21:10:00,COLISIÓN POR CORTE DE CIRCULACIÓN,ASFALTO,Bueno,Bueno,2,JEEP,PLATA,2,,,MASCULINO,SIN DATOS,0,0,Morelia,Americas Britania,abril,lunes,21,-101.150037727572,19.6918842146702
34463,34468,2021,,2021/04/19,21:20:00,COLISIÓN POR INVASIÓN DE CARRIL,ASFALTO,Bueno,Bueno,2,GM,AZUL,4,MINISTERIO PÚBLICO,45,MASCULINO,SIN DATOS,2,0,Pátzcuaro,Vuelta de Los Reyes,abril,lunes,21,-101.604234986007,19.5095509659311
34464,34469,2021,LEG36567,2021/04/19,22:25:00,COLISIÓN CON PEATÓN,CONCRETO,Bueno,Bueno,1,S/D,S/D,1,,,,,1,0,Morelia,Residencial Alborada,abril,lunes,22,-101.234631582416,19.702468577343
34465,34470,2021,LEG36565,2021/04/19,23:18:00,COLISIÓN POR INVASIÓN DE CARRIL,ASFALTO,Bueno,Bueno,2,CHEVROLET,PLATA,0,,,,,0,0,Charo,San Bartolo,abril,lunes,23,-101.044300381,19.7532230995047
34466,34471,2021,MOR210279753,2021/04/20,"00:00:00",COLISIÓN POR CORTE DE CIRCULACIÓN,ASFALTO,Bueno,Bueno,2,YAMAHA,BLANCO,2,,24,MASCULINO,SIN DATOS,0,0,Morelia,Isaac Arriaga,abril,martes,0,-101.175256252967,19.7060151559057
34467,34472,2021,MOR210279045,2021/04/20,"07:40:00",COLISIÓN POR CORTE DE CIRCULACIÓN,ASFALTO,Bueno,Bueno,2,VOLKSWAGEN,PLATA,2,MINISTERIO PÚBLICO,36,MASCULINO,SIN DATOS,0,0,Morelia,Sin datos,abril,martes,8,-101.139559459883,19.6261236041927
34468,34473,2021,MOR210279435,2021/04/20,11:30:00,COLISIÓN CONTRA OBJETO FIJO,CONCRETO,Bueno,Bueno,1,CHEVROLET,AZUL,1,,45,FEMENINO,SIN DATOS,0,0,Morelia,Tanganxoan (Guadalupe Victoria),abril,martes,12,-101.289726898752,19.6925859731264
34469,34474,2021,,2021/04/20,12:10:00,COLISIÓN CONTRA OBJETO FIJO,TERRACERIA,Bueno,Bueno,1,FORD,GRIS,1,,35,MASCULINO,SIN DATOS,0,0,Morelia,Los Sauces,abril,martes,12,-101.184963136911,19.6587008510007
34470,34475,2021,,2021/04/20,13:00:00,COLISIÓN POR ALCANCE,ASFALTO,Bueno,Bueno,2,FIAT,GRIS,2,,30,MASCULINO,SIN DATOS,0,0,Morelia,La Huerta,abril,martes,13,-101.217147633433,19.6755446898529
34471,34476,2021,LEG36594,2021/04/20,13:15:00,COLISIÓN POR CORTE DE CIRCULACIÓN,ASFALTO,Bueno,Bueno,2,VOLKSWAGEN,BLANCO,2,,40,FEMENINO,SIN DATOS,0,0,Morelia,Centro,abril,martes,13,-101.199439689517,19.704171774722
34472,34477,2021,MOR210279685,2021/04/20,13:15:00,COLISIÓN CON PEATÓN,ASFALTO,Bueno,Bueno,1,NISSAN,BLANCO,1,,27,MASCULINO,SIN DATOS,0,0,Sin datos,Sin datos,abril,martes,13,-0.008756805995078,0.02796
34473,34478,2021,,2021/04/20,14:00:00,COLISIÓN POR INVASIÓN DE CARRIL,ASFALTO,Bueno,Bueno,2,NISSAN,BLANCO,0,MINISTERIO PÚBLICO,,,,0,0,Hidalgo,Centro,abril,martes,14,-100.553271,19.691029
34474,34479,2021,,2021/04/20,14:20:00,COLISIÓN POR CORTE DE CIRCULACIÓN,ASFALTO,Bueno,Bueno,2,MERCURY,VERDE,2,,18,MASCULINO,SIN DATOS,0,0,Morelia,Eva Samano,abril,martes,14,-101.198550778263,19.7290954322576
34475,34480,2021,MOR210280167,2021/04/20,15:45:00,COLISIÓN POR CAMBIO DE CARRIL,SIN_DATOS,Bueno,Bueno,2,FREIGHTLINER,BLANCO,2,,36,MASCULINO,SIN DATOS,0,0,Morelia,Guadalupe,abril,martes,16,-101.225620731711,19.7066745567287
34476,34481,2021,,2021/04/20,16:10:00,COLISIÓN POR ALCANCE,ASFALTO,Bueno,Bueno,2,MERCEDES BENZ,BLANCO Y VERDE,2,MINISTERIO PÚBLICO,28,MASCULINO,SIN DATOS,0,0,Morelia,Lomas de Huerta,abril,martes,16,-101.214332319796,19.6743503892421
34477,34482,2021,MO,2021/04/20,17:35:00,COLISIÓN POR CORTE DE CIRCULACIÓN,ASFALTO,Bueno,Bueno,2,CHEVROLET,ROJO,2,,39,FEMENINO,SIN DATOS,0,0,Morelia,Indeco Expropiacion Petrolera,abril,martes,18,-101.226482360877,19.6826816077785
34478,34483,2021,MOR/210280520,2021/04/20,17:50:00,COLISIÓN POR MANIOBRA DE REVERSA,CONCRETO,Bueno,Bueno,2,NISSAN,BLANCO Y VERDE,2,,51,MASCULINO,SIN DATOS,0,0,Morelia,Ejidal Tres Puentes,abril,martes,18,-101.228520534933,19.6924918755789
34479,34484,2021,MOR210290576,2021/04/20,18:04:00,COLISIÓN POR CAMBIO DE CARRIL,ASFALTO,Bueno,Regular,2,TOYOTA,Q,2,,58,MASCULINO,SIN DATOS,0,0,Morelia,Americas Britania,abril,martes,18,-101.149191521108,19.6946513417242
34480,34485,2021,,2021/04/21,"01:50:00",COLISIÓN POR ALCANCE,ASFALTO,Bueno,Bueno,2,VOLKSWAGEN,NLANCO,2,MINISTERIO PÚBLICO,65,MASCULINO,SIN DATOS,0,0,Morelia,Felix Ireta,abril,miércoles,2,-101.195664815605,19.6815075931705
34481,34486,2021,,2021/04/21,"09:50:00",COLISIÓN POR CAMBIO DE CARRIL,ASFALTO,Bueno,Bueno,2,TOYOTA,AZUL,2,,45,FEMENINO,SIN DATOS,0,0,Morelia,Indeco Santiaguito,abril,miércoles,10,-101.178550980985,19.7201325400882
34482,34487,2021,,2021/04/21,12:48:00,COLISIÓN CON PEATÓN,SIN_DATOS,Bueno,Bueno,1,JEEP,ROJO,2,MINISTERIO PÚBLICO,44,MASCULINO,SIN DATOS,1,0,Tarímbaro,Centro,abril,miércoles,13,-101.083152212891,19.7936309773868
34483,34488,2021,,2021/04/21,13:35:00,COLISIÓN POR CAMBIO DE CARRIL,SIN_DATOS,Bueno,Bueno,2,TOYOTA,BLANCO/CREMA,2,,51,MASCULINO,SIN DATOS,0,0,Morelia,Lazaro Cardenas,abril,miércoles,14,-101.165411479093,19.7100303425516
34484,34489,2021,,2021/04/21,16:30:00,COLISIÓN POR CORTE DE CIRCULACIÓN,ASFALTO,Bueno,Bueno,2,YAMAHA,GRIS,2,,,,SIN DATOS,0,0,Morelia,Las Americas,abril,miércoles,17,-101.153595342544,19.6874506164344
34485,34490,2021,,2021/04/21,17:15:00,COLISIÓN POR CORTE DE CIRCULACIÓN,ASFALTO,Bueno,Bueno,2,ITALIKA,ROJO Y NEGRO,2,,25,MASCULINO,SIN DATOS,0,0,Morelia,Vista Bella,abril,miércoles,17,-101.196758151054,19.6793169544215
34486,34491,2021,,2021/04/21,17:55:00,COLISIÓN POR CAMBIO DE CARRIL,ASFALTO,Bueno,Bueno,2,VOLVO,BALNCO,2,MINISTERIO PÚBLICO,70,MASCULINO,SIN DATOS,0,0,Morelia,Americas Britania,abril,miércoles,18,-101.14937659353,19.6936740456376
34487,34492,2021,,2021/04/21,18:00:00,COLISIÓN POR ALCANCE,ASFALTO,Bueno,Bueno,2,ITALIKA ZR360,NEGRO/BLANCO,2,,34,MASCULINO,SIN DATOS,0,0,Morelia,Diego Rivera,abril,miércoles,18,-101.177540121411,19.7193737023267
34488,34493,2021,,2021/04/21,18:20:00,COLISIÓN POR CORTE DE CIRCULACIÓN,ASFALTO,Bueno,Bueno,2,FORD,GRIS,1,MINISTERIO PÚBLICO,,,SIN DATOS,0,0,Lázaro Cárdenas,Sin datos,abril,miércoles,18,-102.233042984523,17.9856178009092
34489,34494,2021,,2021/04/21,20:00:00,COLISIÓN POR ALCANCE,ASFALTO,Bueno,Bueno,2,HONDA,BLANCO,2,,30,FEMENINO,SIN DATOS,0,0,Morelia,Industrial,abril,miércoles,20,-101.188356100835,19.712547236142