fid,id_accidente,anio_origen,folio_c5i,dia_incidente,hora_ocurrencia,tipo_incidente_vial,superficie_ocurrencia,condiciones_climaticas,condiciones_via,numero_vehiculos_involucrados,marca_vehiculo_ocasiona_siniestro,color_vehiculo_ocasiona_siniestro,numero_personas_involucradas,lugar_remite_presunto_responsable,edad_presunto_responsable,sexo_presunto_responsable,resultados_toxicologia,numero_personas_lesionadas,numero_personas_fallecidas,municipio,colonia,mes,dia_semana,hora_redondeada,lon,lat
34490,34495,2021,MOR210281170,2021/04/21,21:04:00,COLISIÓN POR INVASIÓN DE CARRIL,ASFALTO,Bueno,Bueno,2,FREIGHTLINER,BLANCO,2,,40,MASCULINO,SIN DATOS,0,0,Morelia,Francisco J Mujica,abril,miércoles,21,-101.187872872688,19.7219863933672
34491,34496,2021,MOR/ 210281159,2021/04/21,21:50:00,COLISIÓN POR ALCANCE,CONCRETO,Bueno,Bueno,2,DODGE,BLANCO,2,,55,MASCULINO,SIN DATOS,0,0,Morelia,Camelinas,abril,miércoles,22,-101.174203485939,19.6818289356103
34492,34497,2021,,2021/04/22,"00:00:00",COLISIÓN POR ALCANCE,ASFALTO,Bueno,Bueno,3,NISSAN VERSA,NEGRO,3,,27,MASCULINO,SIN DATOS,0,0,Morelia,Santiaguito,abril,jueves,0,-101.18865352124,19.7185944938094
34493,34498,2021,,2021/04/22,"00:02:00",SALIDA DE SUPERFICIE DE RODAMIENTO,ASFALTO,Bueno,Bueno,1,VOLKSWAGEN,VERDE,1,,0,,SIN DATOS,0,0,Morelia,Fray Antonio de Lisboa,abril,jueves,0,-101.146853610195,19.6942113066924
34494,34499,2021,,2021/04/22,"01:40:00",COLISIÓN POR MANIOBRA DE REVERSA,TERRACERIA,Bueno,Bueno,2,NISSAN,BLANCO,2,,68,MASCULINO,ALIENTO ETÍLICO,0,0,Morelia,Heroes de Bajan,abril,jueves,2,-101.228185959839,19.6915398485417
34495,34500,2021,MOR210284035,2021/04/22,"04:31:00",COLISIÓN CONTRA OBJETO FIJO,ASFALTO,Bueno,Bueno,1,VOLKSWAGEN,PLATA,1,,52,FEMENINO,SIN DATOS,0,0,Morelia,Francisco J Mujica,abril,jueves,5,-101.184537701987,19.7249287794543
34496,34501,2021,MOR210284266,2021/04/22,"09:35:00",COLISIÓN POR CAMBIO DE CARRIL,ASFALTO,Bueno,Bueno,2,CHEVROLET,BLANCO,2,,56,MASCULINO,SIN DATOS,0,0,Tarímbaro,Club Erandeni,abril,jueves,10,-101.183249415818,19.7594058901745
34497,34502,2021,,2021/04/22,10:10:00,SALIDA DE SUPERFICIE DE RODAMIENTO,ASFALTO,Bueno,Bueno,1,FORD,ROJO,1,,31,FEMENINO,SIN DATOS,0,0,Morelia,Montaña Monarca,abril,jueves,10,-101.159464716911,19.6705578022823
34498,34503,2021,MOR210284280,2021/04/22,10:30:00,COLISIÓN POR CORTE DE CIRCULACIÓN,ASFALTO,Bueno,Bueno,2,TOYOTA,GRIS,4,MINISTERIO PÚBLICO,26,MASCULINO,SIN DATOS,1,0,Morelia,Loma Colorada,abril,jueves,11,-101.210249662399,19.7529471691384
34499,34504,2021,,2021/04/22,13:25:00,COLISIÓN POR ALCANCE,CONCRETO,Bueno,Bueno,2,BAJAJ,NEGRO,2,,24,MASCULINO,SIN DATOS,0,0,Morelia,Comision Federal de Electricidad,abril,jueves,13,-101.181315027845,19.6814456894031
34500,34505,2021,,2021/04/22,15:00:00,COLISIÓN POR CORTE DE CIRCULACIÓN,ASFALTO,Bueno,Bueno,2,ITALIKA,AMARILLO/NEGRO,2,,26,MASCULINO,SIN DATOS,0,0,Morelia,Centro,abril,jueves,15,-101.200143738893,19.6991611862664
34501,34506,2021,MOR210285195,2021/04/22,16:25:00,COLISIÓN POR ALCANCE,ASFALTO,Bueno,Bueno,2,FORD,GUINDA,2,,55,MASCULINO,SIN DATOS,0,0,Morelia,Lomas de Hidalgo,abril,jueves,16,-101.158773682333,19.6956788506674
34502,34507,2021,MOR/ 210284477,2021/04/22,16:50:00,COLISIÓN POR CORTE DE CIRCULACIÓN,CONCRETO,Bueno,Bueno,2,SUZUKI,BLANCO,2,MINISTERIO PÚBLICO,44,MASCULINO,SIN DATOS,0,0,Morelia,Prados Verdes,abril,jueves,17,-101.193799674511,19.7151946431493
34503,34508,2021,MOR/ 210285847,2021/04/22,18:55:00,COLISIÓN POR CAMBIO DE CARRIL,CONCRETO,Bueno,Bueno,2,TOYOTA,AZUL,2,,67,MASCULINO,SIN DATOS,0,0,Morelia,Indeco Expropiacion Petrolera,abril,jueves,19,-101.225759901774,19.6848105850383
34504,34509,2021,MOR210285956,2021/04/22,19:30:00,COLISIÓN POR CAMBIO DE CARRIL,SIN_DATOS,Bueno,Bueno,2,VOLKSWAGEN,ROJO,2,,36,MASCULINO,SIN DATOS,0,0,Morelia,Tzindurio Norte,abril,jueves,20,-101.243808791041,19.700396049634
34505,34510,2021,MOR210285961,2021/04/22,20:25:00,COLISIÓN POR INVASIÓN DE CARRIL,CONCRETO,Bueno,Bueno,2,NISSAN,BLANCO,5,MINISTERIO PÚBLICO,51,MASCULINO,SIN DATOS,3,0,Morelia,Ciudad Industrial,abril,jueves,20,-101.134790039874,19.7337777666656
34506,34511,2021,,2021/04/22,21:00:00,COLISIÓN POR ALCANCE,ASFALTO,Bueno,Bueno,2,TOYOTA,BLANCO Y GRIS,2,,32,MASCULINO,SIN DATOS,0,0,Morelia,Alberto Oviedo Mota,abril,jueves,21,-101.202129609883,19.6771194551511
34507,34512,2021,MOR210286228,2021/04/22,21:30:00,SUBIDA AL CAMELLÓN,ASFALTO,Bueno,Bueno,1,VOLKSWAGEN,BLANCO,1,,29,MASCULINO,SIN DATOS,0,0,Morelia,Arcos del Valle,abril,jueves,22,-101.236246973276,19.7076258337599
34508,34513,2021,MOR210286275,2021/04/22,22:15:00,COLISIÓN POR ALCANCE,ASFALTO,Bueno,Bueno,2,NISSAN,BLANCO,2,,51,FEMENINO,SIN DATOS,0,0,Tarímbaro,Sin datos,abril,jueves,22,-101.170936159111,19.7523921478912
34509,34514,2021,MOR210286408,2021/04/22,22:21:00,VOLCADURA,ASFALTO,Bueno,Bueno,1,VOLKSWAGEN,AZUL,1,,0,MASCULINO,SIN DATOS,0,0,Morelia,La Floresta,abril,jueves,22,-101.152263320982,19.6843612820527
34510,34515,2021,MOR2100286490,2021/04/23,"00:20:00",COLISIÓN CONTRA OBJETO FIJO,ASFALTO,Bueno,Bueno,1,KIA,BLANCO,1,MINISTERIO PÚBLICO,25,MASCULINO,SIN DATOS,0,0,Morelia,Morelia 450,abril,viernes,0,-101.214787960052,19.6745714387053
34511,34516,2021,MOR2102865801,2021/04/23,"03:04:00",COLISIÓN CONTRA OBJETO FIJO,ASFALTO,Bueno,Bueno,1,VOLKSWAGEN,AZUL,1,,25,MASCULINO,ALIENTO ETÍLICO,0,0,Morelia,Jardines de Sindurio,abril,viernes,3,-101.256338395178,19.6975434213492
34512,34517,2021,LEG36634,2021/04/23,"04:00:00",COLISIÓN CONTRA OBJETO FIJO,ASFALTO,Bueno,Bueno,2,NISSAN,ROJO,1,,68,MASCULINO,SIN DATOS,0,0,Morelia,Lomas del Tecnologico,abril,viernes,4,-101.188276756174,19.7213133479754
34513,34518,2021,,2021/04/23,"07:00:00",COLISIÓN POR CAMBIO DE CARRIL,ASFALTO,Bueno,Bueno,2,ITALIKA,NEGRA,2,MINISTERIO PÚBLICO,,MASCULINO,SIN DATOS,0,0,Morelia,Centro,abril,viernes,7,-101.190498812551,19.7029162909439
34514,34519,2021,,2021/04/23,"07:37:00",CAIDA DE MOTOCICLETA,ASFALTO,Bueno,Bueno,1,Italika,Negro con Rojo,2,MINISTERIO PÚBLICO,28,MASCULINO,SIN DATOS,1,0,Tarímbaro,Sin datos,abril,viernes,8,-101.1725558476,19.7493075967567
34515,34520,2021,MOR21023456,2021/04/23,"08:50:00",COLISIÓN POR CORTE DE CIRCULACIÓN,ASFALTO,Bueno,Bueno,2,FORD,BLANCO,3,MINISTERIO PÚBLICO,68,MASCULINO,SIN DATOS,1,0,Morelia,Rinconada del Valle,abril,viernes,9,-101.225039027631,19.6785665494996
34516,34521,2021,LEG36623,2021/04/23,11:00:00,COLISIÓN POR CORTE DE CIRCULACIÓN,ASFALTO,Bueno,Bueno,2,NISSAN,BLANCO,2,,44,MASCULINO,SIN DATOS,0,0,Morelia,El Lago 2,abril,viernes,11,-101.212019280277,19.7263379710878
34517,34522,2021,,2021/04/23,12:30:00,COLISIÓN POR CAMBIO DE CARRIL,ASFALTO,Bueno,Bueno,2,CHEVROLET,BLANCO,2,MINISTERIO PÚBLICO,31,MASCULINO,SIN DATOS,0,0,Morelia,Americas Britania,abril,viernes,13,-101.149547249079,19.6932425022113
34518,34523,2021,,2021/04/23,12:55:00,COLISIÓN POR CORTE DE CIRCULACIÓN,SIN_DATOS,Bueno,Bueno,2,ITALIKA,BLANCO,2,MINISTERIO PÚBLICO,31,MASCULINO,SIN DATOS,0,0,Morelia,Villas del Pedregal,abril,viernes,13,-101.307129710913,19.6725924583299
34519,34524,2021,,2021/04/23,14:00:00,COLISIÓN POR ALCANCE,ASFALTO,Bueno,Bueno,2,VOLKSWAGEN,AZUL MARINO,2,MINISTERIO PÚBLICO,39,MASCULINO,CON CERTIFICADO,0,0,Tarímbaro,Sin datos,abril,viernes,14,-101.126876517452,19.7779318820219
34520,34525,2021,,2021/04/23,18:00:00,SALIDA DE SUPERFICIE DE RODAMIENTO,ASFALTO,Bueno,Bueno,1,NISSAN,GRIS,1,,30,MASCULINO,SIN DATOS,0,0,Morelia,Sin datos,abril,viernes,18,-101.290677376091,19.5998493077037
34521,34526,2021,,2021/04/23,18:30:00,COLISIÓN POR ALCANCE,ASFALTO,Bueno,Bueno,2,NISSAN,GRIS,2,MINISTERIO PÚBLICO,60,MASCULINO,SIN DATOS,0,0,Tacámbaro,Sin datos,abril,viernes,19,-101.448529369441,19.1927522470831
34522,34527,2021,,2021/04/23,19:10:00,COLISIÓN CONTRA OBJETO FIJO,ASFALTO,Bueno,Bueno,2,VOLKSWAGEN,ROJO,2,MINISTERIO PÚBLICO,46,,SIN DATOS,0,0,Morelia,Camelinas,abril,viernes,19,-101.174265816808,19.6813866842153
34523,34528,2021,,2021/04/23,19:15:00,COLISIÓN POR CORTE DE CIRCULACIÓN,ASFALTO,Bueno,Bueno,2,RAM 700,ROJO,2,,26,MASCULINO,SIN DATOS,0,0,Morelia,Felix Ireta,abril,viernes,19,-101.180406734347,19.6875718077901
34524,34529,2021,,2021/04/23,20:20:00,COLISIÓN POR ALCANCE,ASFALTO,Bueno,Bueno,2,Nissan,Blanco,2,,29,MASCULINO,SIN DATOS,0,0,Morelia,Indeco Santiaguito,abril,viernes,20,-101.178909726441,19.7202502062674
34525,34530,2021,,2021/04/23,21:00:00,COLISIÓN POR CORTE DE CIRCULACIÓN,ASFALTO,Bueno,Bueno,2,VOLSKWAGEN,ROJO,2,MINISTERIO PÚBLICO,,,SIN DATOS,0,0,Lázaro Cárdenas,Lomas del Rio (Unidad 512 5To Sector),abril,viernes,21,-102.222670912743,17.9705743320024
34526,34531,2021,,2021/04/23,21:15:00,COLISIÓN POR ALCANCE,ASFALTO,Bueno,Bueno,2,FORD FIESTA,ROJO,2,,51,FEMENINO,SIN DATOS,0,0,Morelia,Los Pinos de Michoacan,abril,viernes,21,-101.216555535793,19.6826229187328
34527,34532,2021,,2021/04/23,22:20:00,COLISIÓN POR CAMBIO DE CARRIL,ASFALTO,Bueno,Bueno,2,NISSAN TSURU,BLANCO/ROJO,2,,59,MASCULINO,SIN DATOS,0,0,Morelia,Vasco de Quiroga,abril,viernes,22,-101.175334981896,19.704969979955
34528,34533,2021,MOR 21029029003,2021/04/24,"00:00:00",COLISIÓN POR NO RESPETAR SEMÁFORO,ASFALTO,Bueno,Bueno,2,SEAT,BLANCO,2,,18,MASCULINO,SIN DATOS,0,0,Morelia,Centro,abril,sábado,0,-101.188896901227,19.7028740693849
34529,34534,2021,,2021/04/24,"01:28:00",COLISIÓN CONTRA OBJETO FIJO,CONCRETO,Bueno,Bueno,4,VOLKSWAGEN,GRIS,4,MINISTERIO PÚBLICO,21,MASCULINO,SIN DATOS,0,0,Morelia,Club Campestre La Huerta,abril,sábado,1,-101.23452231288,19.6703001972852
34530,34535,2021,,2021/04/24,"01:40:00",CAIDA DE MOTOCICLETA,ASFALTO,Bueno,Bueno,1,Italika,Negro,1,,50,MASCULINO,ALIENTO ETÍLICO,0,0,Morelia,Nueva Chapultepec,abril,sábado,2,-101.168109606105,19.6878438444403
34531,34536,2021,LEG36678,2021/04/24,"01:40:00",COLISIÓN CONTRA OBJETO FIJO,ASFALTO,Bueno,Bueno,0,,,0,,,,,0,0,Morelia,Sin datos,abril,sábado,2,-101.282074556433,19.6177484314214
34532,34537,2021,MOR210289444,2021/04/24,"01:43:00",COLISIÓN POR CAMBIO DE CARRIL,ASFALTO,Bueno,Bueno,2,SE DESCONOCE,SE DESCONOCE,2,,0,,SIN DATOS,0,0,Morelia,Lomas de Vista Bella,abril,sábado,2,-101.2009578503,19.6709473887299
34533,34538,2021,,2021/04/24,"03:30:00",COLISIÓN POR CAMBIO DE CARRIL,ASFALTO,Bueno,Bueno,2,Buick,Perla,2,,29,MASCULINO,CON CERTIFICADO,0,0,Morelia,Sentimientos de La Nacion,abril,sábado,4,-101.236872598529,19.6847995074591
34534,34539,2021,MOR210289711,2021/04/24,"09:10:00",COLISIÓN POR INVASIÓN DE CARRIL,CONCRETO,Bueno,Bueno,2,SUZUKI,AZUL Y NEGRO,2,MINISTERIO PÚBLICO,23,MASCULINO,SIN DATOS,0,0,Tarímbaro,Galaxias Tarimbaro,abril,sábado,9,-101.197993338786,19.762816259302
34535,34540,2021,MOR210289713,2021/04/24,"09:35:00",VOLCADURA,ASFALTO,Bueno,Bueno,2,TOYOTA,NEGRO,2,,35,FEMENINO,SIN DATOS,0,0,Morelia,De Las Aves,abril,sábado,10,-101.160600632429,19.6508749924436
34536,34541,2021,MOR 2|10,2021/04/24,12:08:00,COLISIÓN CONTRA OBJETO FIJO,CONCRETO,Bueno,Bueno,2,ISUZU,BLANCO,1,,,MASCULINO,SIN DATOS,0,0,Morelia,Bosques de Oriente,abril,sábado,12,-101.155538389631,19.7155409668732
34537,34542,2021,LEG36666,2021/04/24,13:00:00,COLISIÓN POR CAMBIO DE CARRIL,ASFALTO,Bueno,Bueno,2,FORD,GUINDA,2,,23,MASCULINO,SIN DATOS,0,0,Morelia,Tzindurio Norte,abril,sábado,13,-101.243835564577,19.7002252793581
34538,34543,2021,MOR210290240,2021/04/24,13:57:00,COLISIÓN POR CORTE DE CIRCULACIÓN,ASFALTO,Bueno,Bueno,2,AUDI,BLANCO,2,,38,FEMENINO,SIN DATOS,0,0,Morelia,Montaña Monarca,abril,sábado,14,-101.164686947383,19.6655931756979
34539,34544,2021,MOR210290571,2021/04/24,15:40:00,COLISIÓN POR ALCANCE,ASFALTO,Bueno,Bueno,2,ITALIKA,AMARILLO Y NEGRO,2,,37,MASCULINO,SIN DATOS,0,0,Morelia,Lomas del Tecnologico,abril,sábado,16,-101.188356801867,19.7212232370441
34540,34545,2021,MOR210290649,2021/04/24,16:08:00,COLISIÓN POR CORTE DE CIRCULACIÓN,ASFALTO,Bueno,Bueno,2,NISSAN,ROJO,2,,19,FEMENINO,SIN DATOS,0,0,Morelia,Santiaguito,abril,sábado,16,-101.188765137709,19.7169589925311
34541,34546,2021,MOR210290860,2021/04/24,17:53:00,SALIDA DE SUPERFICIE DE RODAMIENTO,ASFALTO,Bueno,Bueno,3,GMC,BLANCO,4,MINISTERIO PÚBLICO,32,MASCULINO,ALIENTO ETÍLICO,1,0,Charo,Sin datos,abril,sábado,18,-101.0936697945,19.6892745610554
34542,34547,2021,,2021/04/24,19:30:00,COLISIÓN POR INVASIÓN DE CARRIL,ASFALTO,Bueno,Bueno,2,CHEVROLET,GRIS,4,MINISTERIO PÚBLICO,0,,SIN DATOS,2,0,Tzitzio,Sin datos,abril,sábado,20,-100.906101241708,19.4141757961926
34543,34548,2021,MOR210291227,2021/04/24,20:00:00,COLISIÓN CONTRA OBJETO FIJO,ASFALTO,Bueno,Bueno,2,CHEVROLET,GRIS,2,,51,MASCULINO,SIN DATOS,0,0,Tarímbaro,Sin datos,abril,sábado,20,-101.157228455615,19.7718587628202
34544,34549,2021,,2021/04/24,20:35:00,COLISIÓN POR CORTE DE CIRCULACIÓN,ASFALTO,Bueno,Bueno,2,FREIGHTLINER,BLANCO,2,,32,MASCULINO,SIN DATOS,0,0,Morelia,Guadalupe,abril,sábado,21,-101.227409064091,19.7062758749368
34545,34550,2021,MOR210291567,2021/04/24,21:55:00,COLISIÓN POR INVASIÓN DE CARRIL,ASFALTO,Bueno,Bueno,2,CHEVROLET,ROJO,2,,55,MASCULINO,SIN DATOS,0,0,Morelia,Francisco J Mujica,abril,sábado,22,-101.185556575656,19.7240195808735
34546,34551,2021,,2021/04/24,23:00:00,COLISIÓN CONTRA OBJETO FIJO,ASFALTO,Bueno,Bueno,1,NISSAN,BLANCO,1,MINISTERIO PÚBLICO,,,,0,1,Hidalgo,Sin datos,abril,sábado,23,-100.670132592988,19.6165107495545
34547,34552,2021,,2021/04/25,"01:00:00",COLISIÓN POR CORTE DE CIRCULACIÓN,ASFALTO,Bueno,Bueno,2,DODGE,BLANCO,2,MINISTERIO PÚBLICO,,,SIN DATOS,0,0,Lázaro Cárdenas,1Er Sect de Fidelac,abril,domingo,1,-102.193430070859,17.9614480968997
34548,34553,2021,MOR210292058,2021/04/25,"01:25:00",COLISIÓN CONTRA OBJETO FIJO,ASFALTO,Bueno,Bueno,3,VOLVO,VERDE,2,,35,MASCULINO,SIN DATOS,0,0,Morelia,Union,abril,domingo,1,-101.156290292062,19.71499390706
34549,34554,2021,LEG36680,2021/04/25,"01:40:00",COLISIÓN CONTRA OBJETO FIJO,ASFALTO,Bueno,Bueno,1,FORD,BLANCO,1,,26,MASCULINO,CON CERTIFICADO,0,0,Morelia,Sin datos,abril,domingo,2,-101.282072179019,19.6177509292359
34550,34555,2021,,2021/04/25,"02:45:00",COLISIÓN POR CORTE DE CIRCULACIÓN,ASFALTO,Bueno,Bueno,2,FORD,GRIS,2,,42,MASCULINO,SIN DATOS,0,0,Morelia,Lomas del Tecnologico,abril,domingo,3,-101.194503053345,19.7230562935468
34551,34556,2021,MOR210292350,2021/04/25,"05:40:00",COLISIÓN CONTRA OBJETO FIJO,ASFALTO,Bueno,Bueno,2,FORD,BLANCO,2,,39,MASCULINO,SIN DATOS,0,0,Morelia,Mision del Valle,abril,domingo,6,-101.116394475102,19.7652121065738
34552,34557,2021,MOR210112067,2021/04/25,"07:48:00",SUBIDA AL CAMELLÓN,ASFALTO,Bueno,Bueno,1,NISSAN,AZUL,1,,50,MASCULINO,SIN DATOS,0,0,Morelia,Justo Mendoza,abril,domingo,8,-101.232185438275,19.7131317204448
34553,34558,2021,,2021/04/25,"08:00:00",COLISIÓN CONTRA OBJETO FIJO,ASFALTO,Bueno,Bueno,1,NISSAN,ROJO,1,,28,FEMENINO,SIN DATOS,0,0,Morelia,Tinijaro,abril,domingo,8,-101.261313901795,19.6952615583886
34554,34559,2021,MOR210292963,2021/04/25,"08:30:00",COLISIÓN POR CAMBIO DE CARRIL,ASFALTO,Bueno,Bueno,2,CARABELA,ROJO,2,,23,MASCULINO,SIN DATOS,0,0,Morelia,Lazaro Cardenas,abril,domingo,9,-101.164483160459,19.7088145203561
34555,34560,2021,MOR210291860,2021/04/25,11:55:00,COLISIÓN POR INVASIÓN DE CARRIL,ASFALTO,Bueno,Bueno,2,NISSAN,NEGRO,0,MINISTERIO PÚBLICO,,,,0,0,Morelia,Sin datos,abril,domingo,12,-101.357143490828,19.6707652527357
34556,34561,2021,,2021/04/25,12:30:00,COLISIÓN POR CORTE DE CIRCULACIÓN,SIN_DATOS,Bueno,Bueno,2,FORD,PLATA,2,MINISTERIO PÚBLICO,0,MASCULINO,SIN DATOS,0,0,Pátzcuaro,Centro,abril,domingo,13,-101.606955416501,19.5150497340124
34557,34562,2021,,2021/04/25,12:35:00,CAIDA DE MOTOCICLETA,ASFALTO,Bueno,Bueno,1,ITALIKA,NEGRO/ROJO,1,MINISTERIO PÚBLICO,24,MASCULINO,SIN DATOS,0,0,Pátzcuaro,Centro,abril,domingo,13,-101.61670253359,19.51912536688
34558,34563,2021,,2021/04/25,12:40:00,COLISIÓN POR CAMBIO DE CARRIL,ASFALTO,Bueno,Bueno,2,NISSAN,VERDE,2,,65,MASCULINO,SIN DATOS,0,0,Morelia,Enrique Arreguin Robles,abril,domingo,13,-101.188039630651,19.7213987165035
34559,34564,2021,,2021/04/25,13:00:00,COLISIÓN POR CAMBIO DE CARRIL,ASFALTO,Bueno,Regular,2,BMW,GRIS Y ROJO,4,MINISTERIO PÚBLICO,25,MASCULINO,SIN DATOS,2,0,Morelia,Granjas de La Huerta,abril,domingo,13,-101.231890056632,19.6640370109436
34560,34565,2021,,2021/04/25,14:00:00,COLISIÓN POR CAMBIO DE CARRIL,ASFALTO,Bueno,Bueno,2,TOYOTA,ROJO,2,,55,MASCULINO,SIN DATOS,0,0,Morelia,Las Flores,abril,domingo,14,-101.206150881268,19.7023704108694
34561,34566,2021,,2021/04/25,14:32:00,CAIDA DE MOTOCICLETA,ASFALTO,Bueno,Bueno,1,HONDA,ROJO,1,,28,MASCULINO,SIN DATOS,0,0,Morelia,El Realito,abril,domingo,15,-101.203638352454,19.7256508783887
34562,34567,2021,,2021/04/25,15:35:00,VOLCADURA,ASFALTO,Bueno,Bueno,1,OLDSMOBILE,GUINDA,1,,0,,SIN DATOS,0,0,Morelia,Fracc Valle de Mil Cumbres,abril,domingo,16,-101.111046150327,19.6887794690287
34563,34568,2021,,2021/04/25,17:10:00,COLISIÓN POR CAMBIO DE CARRIL,ASFALTO,Bueno,Bueno,2,FREIGHTLINER,BLANCO,2,,29,MASCULINO,SIN DATOS,0,0,Morelia,Hermanos Lopez Rayon,abril,domingo,17,-101.220245615326,19.6753047857594
34564,34569,2021,LEG36683,2021/04/25,18:06:00,SUBIDA AL CAMELLÓN,ASFALTO,Bueno,Bueno,1,FORD,BLANCO,1,,44,MASCULINO,SIN DATOS,0,0,Morelia,Valle de Las Flores,abril,domingo,18,-101.127278208733,19.687476788953
34565,34570,2021,,2021/04/25,20:00:00,COLISIÓN CONTRA OBJETO FIJO,ASFALTO,Bueno,Bueno,1,NISSAN,GRIS LAMINA,1,MINISTERIO PÚBLICO,,,,0,1,Hidalgo,Centro,abril,domingo,20,-100.553271,19.691029
34566,34571,2021,,2021/04/25,22:00:00,COLISIÓN POR CORTE DE CIRCULACIÓN,ASFALTO,Bueno,Bueno,2,ITALIKA,NARANJA Y NEGRO,2,,35,MASCULINO,SIN DATOS,0,0,Morelia,Los Manantiales de Morelia,abril,domingo,22,-101.24023477801,19.6927368619864
34567,34572,2021,MOR210291706,2021/04/25,22:48:00,COLISIÓN POR MANIOBRA DE REVERSA,CONCRETO,Bueno,Bueno,2,FORD,GRIS,2,,46,MASCULINO,SIN DATOS,0,0,Morelia,Enrique Arreguin Robles,abril,domingo,23,-101.179517551589,19.7208574725033
34568,34573,2021,MOR210291964,2021/04/25,23:50:00,COLISIÓN CONTRA OBJETO FIJO,ASFALTO,Bueno,Bueno,1,CHEVROLET,BLANCO,1,MINISTERIO PÚBLICO,0,,SIN DATOS,0,0,Morelia,Independencia,abril,domingo,0,-101.176513843238,19.7081845112425
34569,34574,2021,LEG36714,2021/04/26,"00:00:00",COLISIÓN POR CORTE DE CIRCULACIÓN,ASFALTO,Bueno,Bueno,1,NISSAN,AZUL BLANCO,1,,31,MASCULINO,SIN DATOS,0,0,Tarímbaro,Sin datos,abril,lunes,0,-101.172105327937,19.750164269509
34570,34575,2021,MOR210294569,2021/04/26,"01:12:00",COLISIÓN CONTRA OBJETO FIJO,ASFALTO,Bueno,Bueno,1,VOLKSWAGEN,BLANCO,1,,38,MASCULINO,CON CERTIFICADO,0,0,Morelia,San Jose del Cerrito,abril,lunes,1,-101.221550144255,19.6621672569191
34571,34576,2021,,2021/04/26,"02:30:00",SALIDA DE SUPERFICIE DE RODAMIENTO,CONCRETO,Bueno,Bueno,1,VOLKSWAGEN,PLATA,4,MINISTERIO PÚBLICO,,,,4,0,Morelia,Sin datos,abril,lunes,3,-101.180941835046,19.7474606413773
34572,34577,2021,MOR2102947888,2021/04/26,"07:30:00",COLISIÓN CON PEATÓN,SIN_DATOS,Bueno,Bueno,1,HONDA,GRIS,1,,32,,SIN DATOS,0,0,Morelia,Los Manantiales de Morelia,abril,lunes,8,-101.242876723409,19.6987154531445
34573,34578,2021,MOR/210294911,2021/04/26,"09:00:00",COLISIÓN POR CAMBIO DE CARRIL,ASFALTO,Bueno,Bueno,2,NISSAN,BLANCO,2,,77,MASCULINO,SIN DATOS,0,0,Morelia,Americas Britania,abril,lunes,9,-101.149654202163,19.6928826713402
34574,34579,2021,MOR210295289,2021/04/26,12:43:00,COLISIÓN CONTRA OBJETO FIJO,ASFALTO,Bueno,Bueno,2,FORD,BLANCO,2,,,MASCULINO,SIN DATOS,0,0,Morelia,Prados Verdes,abril,lunes,13,-101.201317571104,19.7153342630689
34575,34580,2021,,2021/04/26,13:40:00,COLISIÓN POR CORTE DE CIRCULACIÓN,ASFALTO,Bueno,Bueno,2,RENAULT,BLANCO,2,,,MASCULINO,SIN DATOS,0,0,Morelia,Sentimientos de La Nacion,abril,lunes,14,-101.234726800847,19.6858286867218
34576,34581,2021,MOR210295590,2021/04/26,13:43:00,COLISIÓN POR CAMBIO DE CARRIL,ASFALTO,Bueno,Bueno,2,FREIGHTLINER,BLANCO,2,,43,MASCULINO,SIN DATOS,0,0,Morelia,Enrique Ramirez,abril,lunes,14,-101.166199713267,19.7099227404228
34577,34582,2021,,2021/04/26,14:15:00,COLISIÓN POR INVASIÓN DE CARRIL,ASFALTO,Bueno,Bueno,2,FORD,BLANCO Y AZUL,2,,44,MASCULINO,SIN DATOS,0,0,Morelia,Americas Britania,abril,lunes,14,-101.149577728726,19.6932886468156
34578,34583,2021,,2021/04/26,14:30:00,COLISIÓN CONTRA OBJETO FIJO,ASFALTO,Bueno,Bueno,1,VOLKSWAGEN,AZUL,1,,44,MASCULINO,SIN DATOS,0,0,Morelia,Sentimientos de La Nacion,abril,lunes,15,-101.233227476478,19.6782111340902
34579,34584,2021,,2021/04/26,17:35:00,COLISIÓN POR CAMBIO DE CARRIL,ASFALTO,Bueno,Bueno,2,MERCEDES,GUINDA,2,,53,FEMENINO,SIN DATOS,0,0,Morelia,Felix Ireta,abril,lunes,18,-101.195834130049,19.6824116666746
34580,34585,2021,MOR210296200,2021/04/26,18:25:00,COLISIÓN POR CAMBIO DE CARRIL,ASFALTO,Bueno,Bueno,2,FORD,BLANCO,2,,57,MASCULINO,ALIENTO ETÍLICO,0,0,Morelia,Primo Tapia,abril,lunes,18,-101.211796656929,19.7090841012906
34581,34586,2021,MOR210296198,2021/04/26,18:30:00,COLISIÓN POR INVASIÓN DE CARRIL,ASFALTO,Bueno,Bueno,2,NISSAN,GRIS,2,MINISTERIO PÚBLICO,43,FEMENINO,SIN DATOS,0,0,Morelia,Jardines del Rincon,abril,lunes,19,-101.150156110525,19.6915120409443
34582,34587,2021,LEG36718,2021/04/26,18:40:00,COLISIÓN CONTRA OBJETO FIJO,ASFALTO,Bueno,Bueno,2,MERCURIO,NARANJA CON NEGRO,2,,16,MASCULINO,SIN DATOS,0,0,Morelia,Buenavista,abril,lunes,19,-101.165967062116,19.7051726798814
34584,34589,2021,MOR210297318,2021/04/27,"03:30:00",SALIDA DE SUPERFICIE DE RODAMIENTO,ASFALTO,Lluvioso,Bueno,1,NISSAN,ROJO,1,,33,MASCULINO,SIN DATOS,0,0,Morelia,Barrio Alto,abril,martes,4,-101.197141676473,19.7253845387977