fid,id_accidente,anio_origen,folio_c5i,dia_incidente,hora_ocurrencia,tipo_incidente_vial,superficie_ocurrencia,condiciones_climaticas,condiciones_via,numero_vehiculos_involucrados,marca_vehiculo_ocasiona_siniestro,color_vehiculo_ocasiona_siniestro,numero_personas_involucradas,lugar_remite_presunto_responsable,edad_presunto_responsable,sexo_presunto_responsable,resultados_toxicologia,numero_personas_lesionadas,numero_personas_fallecidas,municipio,colonia,mes,dia_semana,hora_redondeada,lon,lat
34585,34590,2021,,2021/04/27,10:10:00,COLISIÓN POR ALCANCE,ASFALTO,Bueno,Bueno,2,FORD,NEGRO,2,,48,FEMENINO,SIN DATOS,0,0,Morelia,Sin datos,abril,martes,10,-101.11452997408,19.7368096004548
34586,34591,2021,,2021/04/27,14:10:00,COLISIÓN POR INVASIÓN DE CARRIL,ASFALTO,Bueno,Bueno,2,HONDA,CAFE,2,,55,FEMENINO,SIN DATOS,0,0,Morelia,Las Americas,abril,martes,14,-101.156568973854,19.6877834859539
34587,34592,2021,,2021/04/27,15:50:00,COLISIÓN POR CAMBIO DE CARRIL,ASFALTO,Bueno,Bueno,2,NISSAN,BLANCO Y ROJO,2,,32,MASCULINO,SIN DATOS,0,0,Morelia,Gertrudis Bocanegra,abril,martes,16,-101.211701011791,19.7020026519218
34588,34593,2021,,2021/04/27,16:15:00,COLISIÓN POR CORTE DE CIRCULACIÓN,ASFALTO,Bueno,Bueno,1,CHEVROLET,GRIS,1,,32,MASCULINO,SIN DATOS,0,0,Morelia,Puerto de Buenavista,abril,martes,16,-101.131206273344,19.6856542587826
34589,34594,2021,,2021/04/27,17:15:00,COLISIÓN POR CAMBIO DE CARRIL,CONCRETO,Bueno,Bueno,2,FORD,BLANCO,2,,28,MASCULINO,SIN DATOS,0,0,Morelia,Centro,abril,martes,17,-101.187822706997,19.6983489484299
34590,34595,2021,,2021/04/27,17:40:00,COLISIÓN POR CAMBIO DE CARRIL,ASFALTO,Bueno,Bueno,2,CHEVROLET/HHR,NEGRO,2,,44,MASCULINO,SIN DATOS,0,0,Morelia,Jardines de La Loma,abril,martes,18,-101.225635148585,19.6768415835274
34591,34596,2021,,2021/04/27,18:00:00,COLISIÓN POR CAMBIO DE CARRIL,ASFALTO,Bueno,Bueno,2,FREIGHTLINER,BLANCO,2,,30,MASCULINO,SIN DATOS,0,0,Morelia,La Floresta,abril,martes,18,-101.152142286301,19.68461836295
34592,34597,2021,LEG36731,2021/04/27,18:17:00,COLISIÓN POR CAMBIO DE CARRIL,ASFALTO,Bueno,Bueno,2,CHEVROLET,BLANCO,2,,34,MASCULINO,SIN DATOS,0,0,Morelia,Americas Britania,abril,martes,18,-101.149184114563,19.6946516860849
34593,34598,2021,,2021/04/27,18:30:00,COLISIÓN POR CAMBIO DE CARRIL,ASFALTO,Bueno,Bueno,2,NISSAN,BLANCO,2,MINISTERIO PÚBLICO,58,MASCULINO,SIN DATOS,0,0,Morelia,Tenencia Morelos,abril,martes,19,-101.24757363715,19.6486567515843
34594,34599,2021,,2021/04/27,18:50:00,COLISIÓN POR CAMBIO DE CARRIL,CONCRETO,Bueno,Bueno,2,HYUNDAI,BLANCO,2,,27,MASCULINO,SIN DATOS,0,0,Morelia,La Huerta,abril,martes,19,-101.215976849198,19.6733792546725
34595,34600,2021,,2021/04/27,19:20:00,COLISIÓN POR CORTE DE CIRCULACIÓN,ASFALTO,Bueno,Bueno,2,VENTO,BLANCO,2,MINISTERIO PÚBLICO,25,MASCULINO,SIN DATOS,0,0,Pátzcuaro,Ibarra,abril,martes,19,-101.617158509113,19.540692724506
34596,34601,2021,MOR210299626,2021/04/27,23:10:00,SALIDA DE SUPERFICIE DE RODAMIENTO,ASFALTO,Bueno,Bueno,1,TOYOTA,AZUL,1,,21,MASCULINO,SIN DATOS,0,0,Morelia,Praderas del Indio,abril,martes,23,-101.223494028547,19.6450845894654
34597,34602,2021,MOR210297161,2021/04/27,23:57:00,COLISIÓN CONTRA OBJETO FIJO,ASFALTO,Bueno,Bueno,1,HYUNDAI,AZUL,0,,,,,0,0,Morelia,Jardines del Rincon,abril,martes,0,-101.147010549903,19.6897663799913
34598,34603,2021,MOR210300641,2021/04/28,"00:00:00",COLISIÓN POR ALCANCE,ASFALTO,Bueno,Bueno,2,CHEVROLET,BLANCO,2,,50,MASCULINO,SIN DATOS,0,0,Morelia,Felix Arreguin,abril,miércoles,0,-101.226344928145,19.7215208831835
34599,34604,2021,MOR210299774,2021/04/28,"01:15:00",COLISIÓN POR ALCANCE,ASFALTO,Bueno,Bueno,2,DODGE,AZUL,1,,39,MASCULINO,SIN DATOS,0,0,Morelia,Loma de Los Piñones,abril,miércoles,1,-101.205658756875,19.6737922537811
34600,34605,2021,MOR/210300042,2021/04/28,"08:00:00",COLISIÓN POR ALCANCE,ASFALTO,Bueno,Bueno,2,MAZDA,NEGRO,2,,32,MASCULINO,SIN DATOS,0,0,Morelia,Comision Federal de Electricidad,abril,miércoles,8,-101.181292533875,19.6813888366405
34601,34606,2021,MOR210300056,2021/04/28,"08:15:00",COLISIÓN POR CORTE DE CIRCULACIÓN,ASFALTO,Bueno,Bueno,2,MAZDA,BLANCO,2,,33,,SIN DATOS,0,0,Morelia,Bosques de Oriente,abril,miércoles,8,-101.156236983147,19.7150984356204
34602,34607,2021,MOR210300095,2021/04/28,"08:30:00",COLISIÓN POR CAMBIO DE CARRIL,ASFALTO,Bueno,Bueno,2,NISSAN,PLATA,2,,57,FEMENINO,SIN DATOS,0,0,Morelia,Comision Federal de Electricidad,abril,miércoles,9,-101.181290887964,19.6813888366405
34603,34608,2021,LEG36743,2021/04/28,"09:15:00",COLISIÓN POR ALCANCE,ASFALTO,Bueno,Bueno,3,TOYOTA,AZUL,3,,49,FEMENINO,SIN DATOS,0,0,Morelia,Felix Ireta,abril,miércoles,9,-101.190975674175,19.6823826521518
34604,34609,2021,MOR210300078,2021/04/28,"09:15:00",COLISIÓN POR ALCANCE,ASFALTO,Bueno,Bueno,4,NISSAN,BLANCO,4,MINISTERIO PÚBLICO,31,FEMENINO,SIN DATOS,0,0,Morelia,Felix Ireta,abril,miércoles,9,-101.19056224823,19.6824072470623
34605,34610,2021,MOR210300092,2021/04/28,"09:30:00",COLISIÓN POR ALCANCE,ASFALTO,Bueno,Bueno,3,MERCEDES BENZ,GUINDA,3,MINISTERIO PÚBLICO,35,FEMENINO,SIN DATOS,0,0,Morelia,Avicola Benito Juarez,abril,miércoles,10,-101.279540173709,19.6914160774274
34606,34611,2021,MOR2100300078,2021/04/28,10:17:00,COLISIÓN POR MANIOBRA DE REVERSA,ASFALTO,Bueno,Bueno,2,NISSAN,BLANCO,2,,49,FEMENINO,SIN DATOS,0,0,Morelia,Ventura Puente,abril,miércoles,10,-101.17928782647,19.6935505631601
34607,34612,2021,,2021/04/28,12:00:00,COLISIÓN POR CORTE DE CIRCULACIÓN,ASFALTO,Bueno,Bueno,2,HONDA,BLANCA,2,,20,MASCULINO,SIN DATOS,0,0,Morelia,Lomas del Valle,abril,miércoles,12,-101.227897256613,19.6895665590069
34608,34613,2021,MOR210300669,2021/04/28,13:20:00,COLISIÓN POR ALCANCE,ASFALTO,Bueno,Bueno,2,NISSAN,GRIS,2,,18,MASCULINO,SIN DATOS,0,0,Morelia,Nicolas Bravo(Los Ejidos),abril,miércoles,13,-101.213764362037,19.7023296635862
34609,34614,2021,MOR210301159,2021/04/28,15:35:00,COLISIÓN POR CORTE DE CIRCULACIÓN,ASFALTO,Bueno,Bueno,2,SUZUKI,rojo,2,,22,MASCULINO,SIN DATOS,0,0,Morelia,Granjas del Maestro,abril,miércoles,16,-101.188455342568,19.7128480004963
34610,34615,2021,MOR210300998,2021/04/28,15:40:00,COLISIÓN POR MANIOBRA DE REVERSA,CONCRETO,Bueno,Bueno,2,DODGE,AZUL Y BLANCO,2,MINISTERIO PÚBLICO,24,MASCULINO,SIN DATOS,0,0,Morelia,Insurgentes,abril,miércoles,16,-101.155416805,19.6953315299991
34611,34616,2021,MOR210301153,2021/04/28,16:25:00,COLISIÓN POR CORTE DE CIRCULACIÓN,ASFALTO,Bueno,Bueno,2,VOLKSWAGEN,NEGRO,2,,43,MASCULINO,SIN DATOS,0,0,Morelia,Tzindurio Norte,abril,miércoles,16,-101.24382565002,19.7002273025006
34612,34617,2021,LEG36742,2021/04/28,16:55:00,COLISIÓN POR ALCANCE,ASFALTO,Bueno,Bueno,2,ISLO,ROJO,2,,69,MASCULINO,SIN DATOS,0,0,Morelia,Lomas de Morelia (Dr Ignacio Chavez),abril,miércoles,17,-101.175624111839,19.7176157085137
34613,34618,2021,MOR210300647,2021/04/28,17:15:00,COLISIÓN POR CORTE DE CIRCULACIÓN,ASFALTO,Bueno,Bueno,2,NISSAN,BLANCO,3,,66,MASCULINO,SIN DATOS,1,0,Morelia,Ventura Puente,abril,miércoles,17,-101.190732202746,19.6910581078032
34614,34619,2021,LEG36752,2021/04/28,18:55:00,COLISIÓN POR CORTE DE CIRCULACIÓN,ASFALTO,Bueno,Bueno,1,CHEVROLET,BLANCO,1,,52,MASCULINO,SIN DATOS,0,0,Morelia,Justo Mendoza,abril,miércoles,19,-101.230376288295,19.7155269360532
34615,34620,2021,MOR210301886,2021/04/28,21:05:00,COLISIÓN CONTRA OBJETO FIJO,ASFALTO,Bueno,Bueno,2,CHEVROLET,AZUL,2,,45,MASCULINO,SIN DATOS,0,0,Morelia,Villas del Pedregal,abril,miércoles,21,-101.308389008045,19.6772899892133
34616,34621,2021,,2021/04/28,23:00:00,COLISIÓN POR ALCANCE,ASFALTO,Bueno,Regular,2,FORD,CAFE,2,MINISTERIO PÚBLICO,46,MASCULINO,SIN DATOS,0,0,Charo,Sin datos,abril,miércoles,23,-101.037483215332,19.6823392303396
34617,34622,2021,,2021/04/29,"03:25:00",VOLCADURA,CONCRETO,Bueno,Bueno,1,AUDI,ROJO,0,,,,,0,0,Morelia,Cumbres de Altozano,abril,jueves,3,-101.168185248971,19.6551595108683
34618,34623,2021,MOR210302963,2021/04/29,11:20:00,COLISIÓN POR CAMBIO DE CARRIL,ASFALTO,Bueno,Bueno,2,TOYOTA,GRIS,2,,36,MASCULINO,SIN DATOS,0,0,Morelia,Dr Miguel Silva,abril,jueves,11,-101.186334111475,19.7203837390388
34619,34624,2021,,2021/04/29,12:10:00,COLISIÓN POR ALCANCE,ASFALTO,Bueno,Bueno,2,BMW,AZUL,2,,0,MASCULINO,SIN DATOS,0,0,Morelia,Ejidal Ocolusen,abril,jueves,12,-101.158999018371,19.6877817329279
34620,34625,2021,,2021/04/29,12:50:00,COLISIÓN POR CAMBIO DE CARRIL,CONCRETO,Bueno,Bueno,2,KENWORTH,AMARILLO,2,,48,MASCULINO,SIN DATOS,0,0,Morelia,Central de Abastos,abril,jueves,13,-101.171377748251,19.7161364582658
34621,34626,2021,,2021/04/29,13:20:00,COLISIÓN CONTRA OBJETO FIJO,ASFALTO,Bueno,Bueno,1,INTERNACIONAL,BLANCO,1,,32,MASCULINO,SIN DATOS,0,0,Morelia,Felix Arreguin,abril,jueves,13,-101.22648473829,19.7214602605129
34622,34627,2021,MOR210303319,2021/04/29,14:32:00,COLISIÓN POR CORTE DE CIRCULACIÓN,CONCRETO,Bueno,Bueno,2,HONDA,MORADA Y GRIS,3,,,,SIN DATOS,1,0,Morelia,Torreon Nuevo,abril,jueves,15,-101.201286055148,19.74605550892
34623,34628,2021,,2021/04/29,15:00:00,COLISIÓN POR CORTE DE CIRCULACIÓN,ASFALTO,Bueno,Bueno,2,ITALIKA/FT150,GRIS,2,,31,MASCULINO,SIN DATOS,0,0,Morelia,Melchor Ocampo,abril,jueves,15,-101.200443811047,19.7059113100716
34624,34629,2021,,2021/04/29,16:40:00,COLISIÓN CONTRA OBJETO FIJO,SIN_DATOS,Bueno,Bueno,1,HONDA,BLANCO,0,MINISTERIO PÚBLICO,,,,0,0,Peribán,Sin datos,abril,jueves,17,-102.46411410626,19.4808342761349
34625,34630,2021,MOR210303833,2021/04/29,16:52:00,COLISIÓN POR CAMBIO DE CARRIL,ASFALTO,Bueno,Bueno,2,DINAMO,VERDE,2,,23,MASCULINO,SIN DATOS,0,0,Morelia,Tierra Y Libertad,abril,jueves,17,-101.23034644872,19.715608108249
34626,34631,2021,,2021/04/29,19:05:00,COLISIÓN POR CORTE DE CIRCULACIÓN,CONCRETO,Bueno,Bueno,2,HONDA,ROJO,2,,18,MASCULINO,SIN DATOS,0,0,Morelia,Lazaro Cardenas,abril,jueves,19,-101.163304634392,19.7089828399178
34627,34632,2021,,2021/04/29,19:10:00,COLISIÓN POR CAMBIO DE CARRIL,ASFALTO,Bueno,Bueno,2,KENWORTH,ARENA,2,,41,MASCULINO,SIN DATOS,0,0,Morelia,Enrique Arreguin Robles,abril,jueves,19,-101.188038655304,19.7213977983651
34628,34633,2021,MOR210304115,2021/04/29,19:40:00,COLISIÓN POR CORTE DE CIRCULACIÓN,ASFALTO,Bueno,Bueno,2,BMW,PLATA,2,,34,MASCULINO,SIN DATOS,0,0,Tarímbaro,Real Hacienda,abril,jueves,20,-101.197836768643,19.7519186101456
34629,34634,2021,,2021/04/29,20:05:00,COLISIÓN POR CORTE DE CIRCULACIÓN,CONCRETO,Bueno,Bueno,2,FORD EXPLORER,GUINDA,2,,44,FEMENINO,SIN DATOS,0,0,Morelia,Juarez,abril,jueves,20,-101.199674382806,19.6934527642676
34630,34635,2021,MOR210301932,2021/04/29,21:45:00,COLISIÓN CONTRA OBJETO FIJO,ASFALTO,Bueno,Bueno,1,NISSAN,BLANCO,0,,,,,0,0,Morelia,El Parian,abril,jueves,22,-101.267019957304,19.6931026908335
34631,34636,2021,MOR210304504,2021/04/29,21:51:00,VOLCADURA,ASFALTO,Bueno,Regular,1,FORD,AZUL,0,,,,,0,0,Morelia,Praderas del Indio,abril,jueves,22,-101.223494028547,19.6450845894654
34632,34637,2021,,2021/04/29,22:40:00,COLISIÓN CONTRA OBJETO FIJO,CONCRETO,Bueno,Bueno,2,NISSAN,PLATA,2,,42,MASCULINO,SIN DATOS,0,0,Morelia,Loma Real,abril,jueves,23,-101.195206157863,19.7312798559351
34633,34638,2021,MOR210307112,2021/04/30,"00:30:00",SALIDA DE SUPERFICIE DE RODAMIENTO,ASFALTO,Bueno,Bueno,1,CHEVROLET,BLANCO,1,,18,MASCULINO,SIN DATOS,0,0,Morelia,Ejidal Tres Puentes,abril,viernes,1,-101.232927373864,19.6920777194073
34634,34639,2021,,2021/04/30,"02:00:00",VOLCADURA,ASFALTO,Bueno,Bueno,1,FORD,ROJO,1,,36,MASCULINO,SIN DATOS,0,0,Morelia,Sin datos,abril,viernes,2,-101.125358234276,19.7515027554302
34635,34640,2021,,2021/04/30,"07:40:00",SALIDA DE SUPERFICIE DE RODAMIENTO,ASFALTO,Bueno,Bueno,1,FORD,QUEMADA,0,MINISTERIO PÚBLICO,,,,0,0,Peribán,Sin datos,abril,viernes,8,-102.429523357286,19.5287668917126
34636,34641,2021,MOR210305110,2021/04/30,"09:25:00",COLISIÓN POR CAMBIO DE CARRIL,ASFALTO,Bueno,Bueno,2,KIA,GRIS,2,,26,MASCULINO,SIN DATOS,0,0,Morelia,Cinco de Diciembre,abril,viernes,9,-101.160214699127,19.6880895461055
34637,34642,2021,MOR210305139,2021/04/30,"09:30:00",COLISIÓN CONTRA OBJETO FIJO,ASFALTO,Bueno,Bueno,1,INTERNATIONAL,AZUL,1,,47,MASCULINO,SIN DATOS,0,0,Morelia,Tres Puentes,abril,viernes,10,-101.214751445435,19.7032220266959
34638,34643,2021,,2021/04/30,11:30:00,COLISIÓN CONTRA OBJETO FIJO,ASFALTO,Bueno,Bueno,1,TOYOTA,BLANCO,1,,,MASCULINO,SIN DATOS,0,0,Morelia,Centro,abril,viernes,12,-101.189512163401,19.7053700136466
34639,34644,2021,LEG36782,2021/04/30,12:08:00,COLISIÓN POR ALCANCE,ASFALTO,Bueno,Bueno,2,FORD,BLANCO,2,,0,FEMENINO,SIN DATOS,0,0,Morelia,Ocolusen Iii,abril,viernes,12,-101.152731335975,19.6857156443488
34640,34645,2021,,2021/04/30,12:30:00,COLISIÓN POR ALCANCE,ASFALTO,Bueno,Bueno,2,Chevrolet,Rojo,2,,59,,SIN DATOS,0,0,Morelia,Jardines del Toreo,abril,viernes,13,-101.215462200344,19.6854539160913
34641,34646,2021,MOR210305563,2021/04/30,13:16:00,COLISIÓN POR CAMBIO DE CARRIL,ASFALTO,Bueno,Bueno,2,MERCEDES BENZ,NEGRO,2,,,MASCULINO,SIN DATOS,0,0,Morelia,Centro,abril,viernes,13,-101.178211681545,19.6990856874888
34642,34647,2021,,2021/04/30,14:00:00,COLISIÓN POR CAMBIO DE CARRIL,CONCRETO,Bueno,Bueno,2,FORD,BLANCO Y ROJO,2,,43,MASCULINO,SIN DATOS,0,0,Morelia,Campestre Los Manantiales,abril,viernes,14,-101.236781952052,19.6896360357788
34643,34648,2021,,2021/04/30,14:10:00,VOLCADURA,CONCRETO,Bueno,Bueno,1,CHEVROLET,BLANCO,1,,,MASCULINO,SIN DATOS,0,0,Morelia,Sin datos,abril,viernes,14,-101.130166277289,19.7614251454548
34644,34649,2021,MOR210306269,2021/04/30,18:25:00,COLISIÓN CON PEATÓN,SIN_DATOS,Bueno,Bueno,1,INGRAM,AMARILLO / NEGRO,1,MINISTERIO PÚBLICO,15,MASCULINO,SIN DATOS,0,0,Morelia,Montaña Monarca,abril,viernes,18,-101.159335970879,19.6704469878117
34645,34650,2021,MOR210306560,2021/04/30,18:30:00,COLISIÓN POR CAMBIO DE CARRIL,ASFALTO,Bueno,Bueno,2,NISSAN,BLANCO,2,,35,MASCULINO,SIN DATOS,0,0,Tarímbaro,Sin datos,abril,viernes,19,-101.166957102038,19.8137186788473
34646,34651,2021,LEG36777,2021/04/30,19:25:00,COLISIÓN POR CORTE DE CIRCULACIÓN,ASFALTO,Bueno,Regular,1,ITALIKA,NARANJA CON NEGRO,1,,33,MASCULINO,SIN DATOS,0,0,Morelia,Josefa Ortiz de Dominguez,abril,viernes,19,-101.208345293999,19.6720864658771
34647,34652,2021,MOR210306861,2021/04/30,21:51:00,COLISIÓN POR CAMBIO DE CARRIL,ASFALTO,Bueno,Bueno,2,FORD,AZUL,2,,31,MASCULINO,SIN DATOS,0,0,Morelia,Nicolaitas Ilustres,abril,viernes,22,-101.226338893175,19.7222593836621
34648,34653,2021,MOR210306393,2021/05/01,"00:00:00",COLISIÓN POR CAMBIO DE CARRIL,ASFALTO,Bueno,Bueno,2,SE DESCONOCEN,SEDESCONOCE,1,,23,MASCULINO,SIN DATOS,0,0,Morelia,Loma de Los Piñones,mayo,sábado,0,-101.206518703403,19.6731406111497
34649,34654,2021,MOR210387473,2021/05/01,"05:40:00",COLISIÓN CONTRA OBJETO FIJO,CONCRETO,Bueno,Bueno,1,MERCEDEZ BENZ,BLANCO,1,,23,MASCULINO,SIN DATOS,0,0,Morelia,Comision Federal de Electricidad,mayo,sábado,6,-101.181343861602,19.6815129311845
34650,34655,2021,,2021/05/01,"06:20:00",COLISIÓN POR CORTE DE CIRCULACIÓN,ASFALTO,Bueno,Bueno,1,NISSAN,BLANCO,1,,49,,SIN DATOS,0,0,Morelia,Vasco de Quiroga,mayo,sábado,6,-101.17194406011,19.7025790253136
34651,34656,2021,MOR210305090,2021/05/01,"09:20:00",COLISIÓN POR CORTE DE CIRCULACIÓN,ASFALTO,Bueno,Bueno,2,BMW,NEGRO,3,,,MASCULINO,SIN DATOS,1,0,Morelia,Molino de Parras,mayo,sábado,9,-101.201509775766,19.696204482965
34652,34657,2021,,2021/05/01,10:05:00,COLISIÓN POR NO RESPETAR SEMÁFORO,ASFALTO,Bueno,Bueno,2,NISSAN,BLANCO,2,,24,MASCULINO,SIN DATOS,0,0,Morelia,Nueva Valladolid,mayo,sábado,10,-101.210650622166,19.7020550782849
34653,34658,2021,LEG36802,2021/05/01,10:46:00,CAIDA DE MOTOCICLETA,ASFALTO,Bueno,Regular,1,CARABELA,AZUL MATE,1,,23,MASCULINO,SIN DATOS,0,0,Morelia,Indeco Santiaguito,mayo,sábado,11,-101.178765252911,19.7202076272396
34654,34659,2021,,2021/05/01,13:20:00,COLISIÓN POR CORTE DE CIRCULACIÓN,ASFALTO,Bueno,Bueno,2,VOLKSWAGEN,GRIS,2,,35,MASCULINO,SIN DATOS,0,0,Morelia,Nueva Chapultepec,mayo,sábado,13,-101.173127523866,19.6863539495833
34655,34660,2021,LEG36803,2021/05/01,14:10:00,COLISIÓN POR CORTE DE CIRCULACIÓN,ASFALTO,Nublado,Bueno,3,NISSAN,BLANCO Y ROJO,3,MINISTERIO PÚBLICO,42,MASCULINO,SIN DATOS,0,0,Morelia,Ampliacion La Soledad,mayo,sábado,14,-101.182708404958,19.7391486617047
34656,34661,2021,,2021/05/01,15:00:00,VOLCADURA,ASFALTO,Bueno,Bueno,1,ISUZU,BLANCO,0,MINISTERIO PÚBLICO,,,,0,0,Lázaro Cárdenas,Centro,mayo,sábado,15,-102.196703776717,17.9598312528677
34657,34662,2021,,2021/05/01,15:20:00,COLISIÓN POR ALCANCE,ASFALTO,Bueno,Bueno,2,FORD,NEGRO,2,,47,MASCULINO,SIN DATOS,0,0,Morelia,Jardines del Rincon,mayo,sábado,15,-101.15012355826,19.6915139636584
34658,34663,2021,,2021/05/01,15:40:00,COLISIÓN POR ALCANCE,ASFALTO,Bueno,Bueno,2,CHEVROLET,PLATA,2,,26,FEMENINO,SIN DATOS,0,0,Morelia,Cosmos,mayo,sábado,16,-101.216497197747,19.6835812837662
34659,34664,2021,,2021/05/01,19:10:00,COLISIÓN CONTRA OBJETO FIJO,ASFALTO,Bueno,Bueno,1,FORD,BLANCO,1,,27,MASCULINO,SIN DATOS,0,0,Charo,Sin datos,mayo,sábado,19,-100.989951789379,19.6501348167832
34660,34665,2021,,2021/05/01,19:10:00,COLISIÓN CONTRA OBJETO FIJO,ASFALTO,Bueno,Bueno,1,NISSAN,BLANCO,1,,25,,SIN DATOS,0,0,Morelia,Xangari,mayo,sábado,19,-101.22070658952,19.6740874083021
34661,34666,2021,,2021/05/01,19:50:00,COLISIÓN CONTRA OBJETO FIJO,ASFALTO,Bueno,Bueno,1,CHEVROLET,BLANCO,1,,31,MASCULINO,CON CERTIFICADO,0,0,Morelia,Cosmos,mayo,sábado,20,-101.216459273356,19.6834104907838
34662,34667,2021,,2021/05/01,21:10:00,COLISIÓN POR CAMBIO DE CARRIL,ASFALTO,Bueno,Bueno,2,VOLKSWAGEN,BLANCO,2,,34,MASCULINO,CON CERTIFICADO,0,0,Morelia,Buenavista,mayo,sábado,21,-101.162055426024,19.7057954411107
34663,34668,2021,,2021/05/01,21:26:00,COLISIÓN POR NO RESPETAR SEMÁFORO,ASFALTO,Bueno,Bueno,2,NISSAN,BLANCO,2,MINISTERIO PÚBLICO,22,,SIN DATOS,0,0,Morelia,Las Americas,mayo,sábado,21,-101.151071749628,19.6897367641441
34664,34669,2021,MOR210309579,2021/05/01,21:41:00,COLISIÓN POR CORTE DE CIRCULACIÓN,ASFALTO,Bueno,Bueno,2,VOLKSWAGEN,AZUL,2,MINISTERIO PÚBLICO,24,MASCULINO,ALIENTO ETÍLICO,0,0,Morelia,Praderas del Indio,mayo,sábado,22,-101.223494028547,19.6450845894654
34665,34670,2021,LEG36788,2021/05/01,21:56:00,COLISIÓN POR CORTE DE CIRCULACIÓN,ASFALTO,Bueno,Bueno,1,CHEVROLET,ROJO,1,,23,FEMENINO,SIN DATOS,0,0,Morelia,Ventura Puente,mayo,sábado,22,-101.189162135124,19.6923451475544
34666,34671,2021,MOR21030677762,2021/05/01,22:00:00,COLISIÓN POR CORTE DE CIRCULACIÓN,ASFALTO,Bueno,Bueno,2,SEDESCONOCEN,S/D,1,,43,,SIN DATOS,0,0,Morelia,San Juanito Itzicuaro,mayo,sábado,22,-101.254214030547,19.6737748116763
34667,34672,2021,MOR210307146,2021/05/01,23:45:00,COLISIÓN POR ALCANCE,ASFALTO,Bueno,Bueno,2,TOYOTA,BLANCO,2,MINISTERIO PÚBLICO,44,MASCULINO,SIN DATOS,0,0,Morelia,Ferrocarrilero,mayo,sábado,0,-101.212774261154,19.701854641334
34668,34673,2021,MOR/2100307012,2021/05/01,23:50:00,SALIDA DE SUPERFICIE DE RODAMIENTO,ASFALTO,Bueno,Bueno,1,VOLKSWAGEN,BLANCO,1,,29,FEMENINO,SIN DATOS,0,0,Morelia,El Lago 2,mayo,sábado,0,-101.214514374733,19.7266592808785
34669,34674,2021,LEG36819,2021/05/02,"00:00:00",COLISIÓN CONTRA OBJETO FIJO,CONCRETO,Bueno,Bueno,2,VOLKSWAGEN /POINTER,BLANCO,2,,0,MASCULINO,CON CERTIFICADO,0,0,Morelia,Obrera,mayo,domingo,0,-101.184262745082,19.7107607152002
34670,34675,2021,,2021/05/02,"00:10:00",COLISIÓN POR ALCANCE,CONCRETO,Bueno,Bueno,2,DODGE,GRIS,2,,32,MASCULINO,CON CERTIFICADO,0,0,Morelia,Niño Artillero,mayo,domingo,0,-101.250202141024,19.6986081590606
34671,34676,2021,,2021/05/02,"00:20:00",VOLCADURA,ASFALTO,Bueno,Bueno,1,CHRYSLER,NEGRO,1,,,,SIN DATOS,0,0,Charo,Sin datos,mayo,domingo,0,-101.079731360078,19.6867258483094
34672,34677,2021,,2021/05/02,"01:40:00",COLISIÓN POR CORTE DE CIRCULACIÓN,ASFALTO,Bueno,Bueno,1,ITALIKA,NARANJA/NEGRO,1,MINISTERIO PÚBLICO,,,,0,1,Quiroga,Sin datos,mayo,domingo,2,-101.646138131618,19.6542656744471
34673,34678,2021,,2021/05/02,"06:00:00",VOLCADURA,ASFALTO,Bueno,Bueno,1,CHEVROLET,NARANJA,1,MINISTERIO PÚBLICO,,,,0,1,Hidalgo,Sin datos,mayo,domingo,6,-100.6171767346,19.5500222877601
34674,34679,2021,,2021/05/02,"09:05:00",COLISIÓN CONTRA OBJETO FIJO,ASFALTO,Bueno,Bueno,1,CHEVROLET,GUINDA,1,,0,MASCULINO,SIN DATOS,0,0,Morelia,Buenos Aires,mayo,domingo,9,-101.194566420533,19.6573631379512
34675,34680,2021,MOR210310262,2021/05/02,"09:40:00",COLISIÓN POR CORTE DE CIRCULACIÓN,ASFALTO,Bueno,Bueno,1,FORD,VERDE,0,,,,,0,0,Morelia,Valle del Durazno,mayo,domingo,10,-101.187457926571,19.6562770003195
34676,34681,2021,MOR210310278,2021/05/02,11:10:00,SALIDA DE SUPERFICIE DE RODAMIENTO,SIN_DATOS,Bueno,Bueno,1,VOLKSWAGEN,AZUL,1,,,FEMENINO,SIN DATOS,0,0,Morelia,Emiliano Zapata,mayo,domingo,11,-101.228382065892,19.6581795733504
34677,34682,2021,,2021/05/02,12:55:00,COLISIÓN POR CORTE DE CIRCULACIÓN,ASFALTO,Bueno,Bueno,1,SUZUKI,NEGRO,1,,20,MASCULINO,SIN DATOS,0,0,Morelia,Tinijaro,mayo,domingo,13,-101.26187749207,19.6965292681647
34678,34683,2021,MOE210310653,2021/05/02,14:06:00,COLISIÓN POR ALCANCE,ASFALTO,Bueno,Bueno,2,HONDA,NEGRO,2,,19,MASCULINO,SIN DATOS,0,0,Morelia,Balcones de Santa Maria,mayo,domingo,14,-101.185780338387,19.6753256725094
34679,34684,2021,MOR210311036,2021/05/02,15:58:00,COLISIÓN POR ALCANCE,ASFALTO,Bueno,Bueno,2,VOLKSWAGEN,AZUL,2,,35,MASCULINO,SIN DATOS,0,0,Morelia,La Huerta,mayo,domingo,16,-101.217147633433,19.6755450055537