fid,id_accidente,anio_origen,folio_c5i,dia_incidente,hora_ocurrencia,tipo_incidente_vial,superficie_ocurrencia,condiciones_climaticas,condiciones_via,numero_vehiculos_involucrados,marca_vehiculo_ocasiona_siniestro,color_vehiculo_ocasiona_siniestro,numero_personas_involucradas,lugar_remite_presunto_responsable,edad_presunto_responsable,sexo_presunto_responsable,resultados_toxicologia,numero_personas_lesionadas,numero_personas_fallecidas,municipio,colonia,mes,dia_semana,hora_redondeada,lon,lat
34680,34685,2021,MOR2100310765,2021/05/02,16:55:00,COLISIÓN POR CORTE DE CIRCULACIÓN,ASFALTO,Bueno,Bueno,2,VOLVO,PLATA,2,,41,FEMENINO,SIN DATOS,0,0,Morelia,Rinconada del Valle,mayo,domingo,17,-101.218700553784,19.6791392574695
34681,34686,2021,,2021/05/02,17:00:00,COLISIÓN POR INVASIÓN DE CARRIL,ASFALTO,Bueno,Bueno,1,CHRYSLER,PLATA,1,,46,MASCULINO,SIN DATOS,0,0,Salvador Escalante,Sin datos,mayo,domingo,17,-101.72746709802,19.4586927572034
34682,34687,2021,,2021/05/02,17:00:00,COLISIÓN POR NO RESPETAR SEMÁFORO,ASFALTO,Bueno,Bueno,2,HONDA,BLANCO,2,MINISTERIO PÚBLICO,0,MASCULINO,SIN DATOS,0,0,Morelia,Jardines de Sindurio,mayo,domingo,17,-101.256299503148,19.6975494188405
34683,34688,2021,,2021/05/02,20:00:00,VOLCADURA,ASFALTO,Bueno,Bueno,1,NISSAN,BLANCO,0,MINISTERIO PÚBLICO,,,,0,0,Lázaro Cárdenas,Sin datos,mayo,domingo,20,-102.228231772102,17.9353917833017
34684,34689,2021,MOR210311491,2021/05/02,20:05:00,COLISIÓN POR CORTE DE CIRCULACIÓN,ASFALTO,Bueno,Bueno,1,FORD,DORADO,1,,28,MASCULINO,SIN DATOS,0,0,Charo,Sin datos,mayo,domingo,20,-101.024227768861,19.7269587562836
34686,34691,2021,,2021/05/02,22:50:00,COLISIÓN POR INVASIÓN DE CARRIL,CONCRETO,Bueno,Bueno,2,HONDA,GUINDA,2,,30,MASCULINO,SIN DATOS,0,0,Morelia,Fidel Velazquez,mayo,domingo,23,-101.236007555651,19.7020093666319
34687,34692,2021,MOR210312012,2021/05/03,"05:30:00",COLISIÓN POR CORTE DE CIRCULACIÓN,ASFALTO,Bueno,Bueno,2,CHEVROLET,NEGRO,2,,23,MASCULINO,SIN DATOS,0,0,Morelia,Centro,mayo,lunes,6,-101.193512678146,19.6966147257595
34688,34693,2021,MOR210312018,2021/05/03,"05:40:00",COLISIÓN POR CORTE DE CIRCULACIÓN,ASFALTO,Bueno,Bueno,2,RENAULT,NARANJA,2,MINISTERIO PÚBLICO,35,MASCULINO,SIN DATOS,0,0,Morelia,Granjas del Maestro,mayo,lunes,6,-101.19378153912,19.7126504177181
34689,34694,2021,,2021/05/03,"07:15:00",SALIDA DE SUPERFICIE DE RODAMIENTO,ASFALTO,Bueno,Bueno,1,DODGE,BLANCO,0,MINISTERIO PÚBLICO,,,,0,0,Gabriel Zamora,Sin datos,mayo,lunes,7,-102.05353114754,19.1395653959712
34690,34695,2021,,2021/05/03,"09:50:00",SUBIDA AL CAMELLÓN,ASFALTO,Bueno,Bueno,1,VOLKSWAGEN,BLANCO,1,,20,MASCULINO,SIN DATOS,0,0,Morelia,Articulo Constitucional,mayo,lunes,10,-101.17015905,19.7133854840992
34691,34696,2021,,2021/05/03,10:25:00,COLISIÓN POR ALCANCE,ASFALTO,Bueno,Bueno,3,TOYOTA,BLANCO,3,MINISTERIO PÚBLICO,31,MASCULINO,SIN DATOS,0,0,Peribán,Sin datos,mayo,lunes,10,-102.422304596273,19.5094360963785
34692,34697,2021,LEG36826,2021/05/03,10:25:00,COLISIÓN POR ALCANCE,ASFALTO,Bueno,Bueno,2,NISSAN,BLANCO,2,,63,MASCULINO,SIN DATOS,0,0,Morelia,Los Girasoles,mayo,lunes,10,-101.213218197227,19.6903630004326
34693,34698,2021,,2021/05/03,11:16:00,COLISIÓN POR CORTE DE CIRCULACIÓN,CONCRETO,Bueno,Bueno,2,HONDA,BLANCO,3,,25,MASCULINO,SIN DATOS,1,0,Morelia,El Realito,mayo,lunes,11,-101.202612407506,19.7281993439574
34694,34699,2021,,2021/05/03,12:30:00,COLISIÓN POR CAMBIO DE CARRIL,ASFALTO,Bueno,Bueno,2,NISSAN,ROJO,2,,35,MASCULINO,SIN DATOS,0,0,Morelia,Lomas del Tecnologico,mayo,lunes,13,-101.188380606472,19.7210689033315
34695,34700,2021,,2021/05/03,14:35:00,COLISIÓN POR CORTE DE CIRCULACIÓN,ASFALTO,Bueno,Bueno,2,NISSAN,AZUL,2,,30,MASCULINO,SIN DATOS,0,0,Salvador Escalante,Centro,mayo,lunes,15,-101.638329916381,19.4059534314866
34696,34701,2021,,2021/05/03,15:00:00,COLISIÓN POR CORTE DE CIRCULACIÓN,ASFALTO,Bueno,Bueno,2,ITALIKA,NEGRO,2,MINISTERIO PÚBLICO,,,SIN DATOS,0,0,Lázaro Cárdenas,Sin datos,mayo,lunes,15,-102.208557128906,17.9430603763193
34697,34702,2021,,2021/05/03,15:10:00,COLISIÓN POR INVASIÓN DE CARRIL,ASFALTO,Bueno,Regular,2,NISSAN,BLANCO,2,MINISTERIO PÚBLICO,56,MASCULINO,SIN DATOS,0,0,Tacámbaro,Sin datos,mayo,lunes,15,-101.361719674694,19.3047817606349
34698,34703,2021,,2021/05/03,15:30:00,COLISIÓN POR CORTE DE CIRCULACIÓN,ASFALTO,Bueno,Bueno,2,CHEVROLET,GUINDA,4,MINISTERIO PÚBLICO,,,SIN DATOS,2,0,Tacámbaro,Sin datos,mayo,lunes,16,-101.479172007433,19.2204910245405
34699,34704,2021,LEG36841,2021/05/03,16:05:00,COLISIÓN POR ALCANCE,ASFALTO,Bueno,Bueno,2,SUZUKI,ROJO,2,,18,MASCULINO,SIN DATOS,0,0,Morelia,Centro,mayo,lunes,16,-101.203723878347,19.7026043058085
34700,34705,2021,LEG36843,2021/05/03,16:05:00,COLISIÓN POR CORTE DE CIRCULACIÓN,CONCRETO,Bueno,Regular,2,CHRYSLER,VERDE,2,,28,MASCULINO,SIN DATOS,0,0,Morelia,Molino de Parras,mayo,lunes,16,-101.203257478774,19.6939202642062
34702,34707,2021,,2021/05/03,16:30:00,COLISIÓN POR ALCANCE,ASFALTO,Bueno,Bueno,2,VOLKSWAGEN,BLANCO,2,,38,MASCULINO,SIN DATOS,0,0,Morelia,Clara Cordova Moran,mayo,lunes,17,-101.182898878922,19.732350084554
34703,34708,2021,,2021/05/03,19:40:00,SALIDA DE SUPERFICIE DE RODAMIENTO,ASFALTO,Bueno,Bueno,1,RAM 400,BLANCO,1,,31,MASCULINO,SIN DATOS,0,0,Charo,Sin datos,mayo,lunes,20,-101.019153364681,19.769630926883
34704,34709,2021,,2021/05/03,21:40:00,COLISIÓN POR CORTE DE CIRCULACIÓN,ASFALTO,Bueno,Bueno,2,SUZUKI,ROJO,2,MINISTERIO PÚBLICO,20,MASCULINO,SIN DATOS,0,0,Morelia,Popular Pogreso,mayo,lunes,22,-101.200095794417,19.7205200835242
34705,34710,2021,,2021/05/04,"00:00:00",COLISIÓN POR INVASIÓN DE CARRIL,CONCRETO,Bueno,Bueno,2,CHEVROLET,AZUL,2,,31,FEMENINO,ALIENTO ETÍLICO,0,0,Morelia,Balcones de Santa Maria,mayo,martes,0,-101.186415553093,19.6756071986008
34706,34711,2021,,2021/05/04,"00:00:00",COLISIÓN CON PEATÓN,ASFALTO,Bueno,Bueno,2,susuki,SIN DATO,0,MINISTERIO PÚBLICO,,,,0,0,Morelia,Cruz del Barreno,mayo,martes,0,-101.208180338144,19.7223938328875
34707,34712,2021,,2021/05/04,"00:30:00",COLISIÓN POR ALCANCE,ASFALTO,Bueno,Bueno,2,HONDA,PLATA,2,,43,MASCULINO,SIN DATOS,0,0,Morelia,Felix Ireta,mayo,martes,1,-101.180644719446,19.6863902240235
34708,34713,2021,MOR210316365,2021/05/04,"09:55:00",COLISIÓN POR ALCANCE,ASFALTO,Bueno,Bueno,3,FORD,GRIS,2,,34,MASCULINO,SIN DATOS,0,0,Morelia,La Floresta,mayo,martes,10,-101.152204312384,19.6842022349119
34709,34714,2021,MOR210315188,2021/05/04,10:40:00,COLISIÓN POR CAMBIO DE CARRIL,SIN_DATOS,Bueno,Bueno,2,BMW,GRIS,2,,23,FEMENINO,SIN DATOS,0,0,Morelia,Santillan La Huerta,mayo,martes,11,-101.220135583785,19.6752931048116
34710,34715,2021,,2021/05/04,10:58:00,COLISIÓN POR ALCANCE,CONCRETO,Bueno,Bueno,2,KIA,GRIS,2,,27,MASCULINO,SIN DATOS,0,0,Morelia,Felix Ireta,mayo,martes,11,-101.184324,19.6819365
34711,34716,2021,,2021/05/04,11:30:00,COLISIÓN POR INVASIÓN DE CARRIL,ASFALTO,Lluvioso,Regular,2,ITALIKA,NEGRO Y AMARILLO,0,MINISTERIO PÚBLICO,,,,0,0,Madero,Sin datos,mayo,martes,12,-101.337112784386,19.3754588196802
34712,34717,2021,,2021/05/04,12:00:00,COLISIÓN POR CAMBIO DE CARRIL,ASFALTO,Bueno,Bueno,2,VOLVO,BLANCO,2,,26,MASCULINO,SIN DATOS,0,0,Morelia,Bosques de Oriente,mayo,martes,12,-101.154034291482,19.7186977234725
34713,34718,2021,MOR/2103115408,2021/05/04,12:45:00,COLISIÓN POR CORTE DE CIRCULACIÓN,CONCRETO,Bueno,Bueno,2,VOLKSWAGEN,BLANCO,2,,62,FEMENINO,SIN DATOS,0,0,Morelia,El Porvenir,mayo,martes,13,-101.204513453625,19.7097870181667
34714,34719,2021,MOR210315588,2021/05/04,13:40:00,COLISIÓN POR CAMBIO DE CARRIL,ASFALTO,Bueno,Bueno,2,NISSAN,BLANCO,2,,32,MASCULINO,SIN DATOS,0,0,Morelia,Morelos,mayo,martes,14,-101.212016598079,19.6922939806817
34715,34720,2021,MOR210316076,2021/05/04,13:45:00,COLISIÓN POR ALCANCE,ASFALTO,Bueno,Bueno,2,MITSUBISHI,ROJO,2,,44,FEMENINO,SIN DATOS,0,0,Morelia,Sin datos,mayo,martes,14,-101.262858845294,19.6393553525848
34716,34721,2021,MOR210315766,2021/05/04,13:45:00,COLISIÓN POR CORTE DE CIRCULACIÓN,CONCRETO,Bueno,Bueno,3,TOYOTA,BLANCO / ROJO,2,,62,MASCULINO,SIN DATOS,0,0,Morelia,Centro,mayo,martes,14,-101.204101673591,19.7024436124744
34717,34722,2021,MOR210315987,2021/05/04,15:30:00,COLISIÓN POR CORTE DE CIRCULACIÓN,ASFALTO,Bueno,Bueno,2,CHRYSLER,BLANCO,2,,32,MASCULINO,SIN DATOS,0,0,Morelia,Niño Artillero,mayo,martes,16,-101.25048048117,19.6985405514092
34718,34723,2021,MOR210315948,2021/05/04,15:47:00,COLISIÓN POR INVASIÓN DE CARRIL,ASFALTO,Bueno,Bueno,2,FORD,BLANCO,2,,42,MASCULINO,SIN DATOS,0,0,Morelia,Morelos,mayo,martes,16,-101.212017908692,19.6922950711652
34719,34724,2021,LEG36855,2021/05/04,16:45:00,COLISIÓN POR CORTE DE CIRCULACIÓN,ASFALTO,Bueno,Bueno,1,NISSAN,BLANCO Y NEGRO,1,,36,MASCULINO,SIN DATOS,0,0,Morelia,Sentimientos de La Nacion,mayo,martes,17,-101.23528738252,19.6812256252025
34720,34725,2021,MOR210315297,2021/05/04,17:08:00,COLISIÓN POR CORTE DE CIRCULACIÓN,ASFALTO,Bueno,Bueno,2,S/D,S/D,1,,28,MASCULINO,SIN DATOS,0,0,Morelia,Chapultepec Sur,mayo,martes,17,-101.165919788182,19.6910172121525
34721,34726,2021,,2021/05/04,17:30:00,COLISIÓN POR CORTE DE CIRCULACIÓN,ASFALTO,Bueno,Bueno,2,RENAULT,VERDE,2,,37,FEMENINO,SIN DATOS,0,0,Morelia,Lomas de Guayangareo,mayo,martes,18,-101.161594390869,19.700040395731
34722,34727,2021,MOR210316408,2021/05/04,18:40:00,COLISIÓN POR CORTE DE CIRCULACIÓN,CONCRETO,Bueno,Bueno,2,CHEVROLET,COBRE,2,,29,MASCULINO,SIN DATOS,0,0,Morelia,Jardines de Torremolinos,mayo,martes,19,-101.225701868534,19.6786577278955
34723,34728,2021,MOR/210316360,2021/05/04,18:50:00,COLISIÓN POR CORTE DE CIRCULACIÓN,CONCRETO,Bueno,Bueno,2,VOLKSWAGEN,GRIS,2,,72,MASCULINO,SIN DATOS,0,0,Morelia,Jardines de Torremolinos,mayo,martes,19,-101.225701868534,19.6786227431739
34724,34729,2021,MOR210316970,2021/05/04,22:45:00,COLISIÓN POR INVASIÓN DE CARRIL,CONCRETO,Bueno,Bueno,2,CHEVROLET,VERDE,2,,59,MASCULINO,ALIENTO ETÍLICO,0,0,Morelia,Torreon Nuevo,mayo,martes,23,-101.203869327225,19.7467285718079
34725,34730,2021,,2021/05/05,"07:50:00",COLISIÓN POR ALCANCE,ASFALTO,Bueno,Bueno,2,CHEVROLET CORSA,NEGRO,2,,51,MASCULINO,SIN DATOS,0,0,Morelia,Ignacio Allende,mayo,miércoles,8,-101.288264,19.684786
34726,34731,2021,,2021/05/05,10:55:00,COLISIÓN POR CAMBIO DE CARRIL,ASFALTO,Bueno,Bueno,2,VENTO/RYDER,AMARILLO NEGRO,2,,36,MASCULINO,SIN DATOS,0,0,Morelia,Los Angeles,mayo,miércoles,11,-101.167963479351,19.7444751194994
34727,34732,2021,,2021/05/05,12:05:00,COLISIÓN POR CORTE DE CIRCULACIÓN,ASFALTO,Bueno,Bueno,2,JEEP,BLANCO,2,,32,MASCULINO,SIN DATOS,0,0,Morelia,Ventura Puente,mayo,miércoles,12,-101.187182954235,19.6926426896116
34728,34733,2021,,2021/05/05,14:00:00,COLISIÓN POR CORTE DE CIRCULACIÓN,ASFALTO,Bueno,Bueno,2,DODGE,BLANCO,2,,23,,SIN DATOS,0,0,Morelia,Vasco de Quiroga,mayo,miércoles,14,-101.172084441176,19.7019638559701
34729,34734,2021,,2021/05/05,15:08:00,COLISIÓN POR ALCANCE,ASFALTO,Bueno,Bueno,2,HYUNDAI,GRIS,2,,32,MASCULINO,SIN DATOS,0,0,Morelia,Josefa Ortiz de Dominguez,mayo,miércoles,15,-101.210532894023,19.6720411464155
34730,34735,2021,,2021/05/05,15:30:00,COLISIÓN POR CAMBIO DE CARRIL,ASFALTO,Bueno,Bueno,2,NISSAN,GRIS,2,,43,MASCULINO,SIN DATOS,0,0,Morelia,Centro,mayo,miércoles,16,-101.19118388321,19.702768457823
34731,34736,2021,,2021/05/05,15:42:00,COLISIÓN CONTRA OBJETO FIJO,CONCRETO,Bueno,Bueno,7,VOLKSWAGEN,NEGRO,7,MINISTERIO PÚBLICO,28,MASCULINO,SIN DATOS,0,0,Morelia,Felix Ireta,mayo,miércoles,16,-101.188582604864,19.6860148664875
34732,34737,2021,,2021/05/05,15:50:00,COLISIÓN CONTRA OBJETO FIJO,CONCRETO,Bueno,Bueno,2,HONDA,AZUL,2,,39,MASCULINO,SIN DATOS,0,0,Morelia,Adolfo Lopez Mateos,mayo,miércoles,16,-101.226139622885,19.6981067844139
34733,34738,2021,,2021/05/05,17:00:00,COLISIÓN POR ALCANCE,ASFALTO,Bueno,Bueno,3,CHRYSLER,GRIS,2,MINISTERIO PÚBLICO,35,FEMENINO,SIN DATOS,0,0,Morelia,Lazaro Cardenas,mayo,miércoles,17,-101.162058507071,19.7101112773308
34735,34740,2021,,2021/05/05,19:55:00,COLISIÓN POR CAMBIO DE CARRIL,ASFALTO,Bueno,Bueno,2,NISSAN,GRIS,2,,49,MASCULINO,SIN DATOS,0,0,Morelia,Americas Britania,mayo,miércoles,20,-101.146,19.6922
34736,34741,2021,,2021/05/06,"06:00:00",COLISIÓN CONTRA OBJETO FIJO,CONCRETO,Bueno,Bueno,1,VOLKSWAGEN,AZUL,1,,35,MASCULINO,ALIENTO ETÍLICO,0,0,Morelia,Vasco de Quiroga,mayo,jueves,6,-101.172084441176,19.7019638559701
34737,34742,2021,,2021/05/06,"07:25:00",COLISIÓN POR ALCANCE,ASFALTO,Bueno,Bueno,2,FORD RANGER,BCO/NEGRO,2,,70,,SIN DATOS,0,0,Morelia,Union,mayo,jueves,7,-101.156869374884,19.7145754190847
34738,34743,2021,MOR210319975,2021/05/06,"09:43:00",COLISIÓN CON PEATÓN,CONCRETO,Bueno,Bueno,1,TOYOTA,BLANCO Y  GRIS,2,,26,MASCULINO,SIN DATOS,1,0,Morelia,Felix Ireta,mayo,jueves,10,-101.181265711784,19.6862677403558
34739,34744,2021,MOR/210320158,2021/05/06,10:55:00,COLISIÓN POR CORTE DE CIRCULACIÓN,ASFALTO,Bueno,Bueno,2,CHRYSLER,GUINDA,2,,36,MASCULINO,SIN DATOS,0,0,Morelia,Buenavista,mayo,jueves,11,-101.163104809821,19.7067174262946
34740,34745,2021,MOR210320194,2021/05/06,11:15:00,COLISIÓN CON PEATÓN,ASFALTO,Bueno,Bueno,1,PONTIAC,ARENA,2,,26,FEMENINO,SIN DATOS,1,0,Morelia,Chapultepec Sur,mayo,jueves,11,-101.17729973048,19.6908584319027
34741,34746,2021,MOR210320889,2021/05/06,15:00:00,CAIDA DE MOTOCICLETA,CONCRETO,Bueno,Bueno,1,HONDA,NEGRO Y VERDE,1,,17,MASCULINO,SIN DATOS,0,0,Morelia,Sin datos,mayo,jueves,15,-101.3042845577,19.6876838731235
34742,34747,2021,MOR210321179,2021/05/06,16:20:00,COLISIÓN POR CAMBIO DE CARRIL,ASFALTO,Bueno,Bueno,2,TOYOTA,BLANCO,2,,38,MASCULINO,SIN DATOS,0,0,Morelia,Mariano Michelena,mayo,jueves,16,-101.22991363772,19.676898409203
34743,34748,2021,LEG36902,2021/05/06,16:30:00,COLISIÓN CONTRA OBJETO FIJO,ASFALTO,Bueno,Bueno,1,PONTIAC,BLANCO,1,,45,MASCULINO,SIN DATOS,0,0,Morelia,Lomas del Tecnologico,mayo,jueves,17,-101.188347353175,19.7212008573747
34744,34749,2021,,2021/05/06,16:35:00,COLISIÓN CON PEATÓN,SIN_DATOS,Bueno,Bueno,2,HONDA,BLANCO,2,,13,,SIN DATOS,0,0,Morelia,Lomas del Tecnologico,mayo,jueves,17,-101.190004043959,19.7202082010888
34745,34750,2021,,2021/05/06,16:40:00,COLISIÓN POR ALCANCE,ASFALTO,Bueno,Bueno,3,VOLVO,BLANCO,3,,50,MASCULINO,SIN DATOS,0,0,Morelia,Bosques de Oriente,mayo,jueves,17,-101.15545511923,19.715599615154
34746,34751,2021,LEG36901,2021/05/06,18:00:00,COLISIÓN POR INVASIÓN DE CARRIL,ASFALTO,Lluvioso,Regular,2,NISSAN,BLANCO,3,MINISTERIO PÚBLICO,,,,3,0,Charo,San Pedro Y San Pablo,mayo,jueves,18,-101.046879603102,19.7522236445728
34748,34753,2021,MOR210321334,2021/05/06,18:00:00,CAIDA DE MOTOCICLETA,ASFALTO,Bueno,Bueno,1,YAMAHA,BLANCO,1,,32,MASCULINO,SIN DATOS,0,0,Morelia,Sin datos,mayo,jueves,18,-101.245301440358,19.6810965080981
34749,34754,2021,MOR210321562,2021/05/06,19:00:00,SALIDA DE SUPERFICIE DE RODAMIENTO,ASFALTO,Bueno,Bueno,1,NISSAN,GRIS,1,,23,,SIN DATOS,0,0,Charo,San Pedro Y San Pablo,mayo,jueves,19,-101.046821295547,19.752260248305
34750,34755,2021,MOR2100321942,2021/05/06,20:50:00,COLISIÓN POR CAMBIO DE CARRIL,ASFALTO,Bueno,Bueno,2,NISSAN,GRIS,2,,17,MASCULINO,SIN DATOS,0,0,Morelia,Loma de Los Piñones,mayo,jueves,21,-101.205106160846,19.6741240586164
34751,34756,2021,,2021/05/06,21:10:00,CAIDA DE MOTOCICLETA,CONCRETO,Bueno,Bueno,1,YAMAHA,GRIS,1,,22,FEMENINO,SIN DATOS,0,0,Morelia,Irrigacion,mayo,jueves,21,-101.225012876093,19.7047096318207
34752,34757,2021,MOR210322202,2021/05/06,23:40:00,COLISIÓN CONTRA OBJETO FIJO,ASFALTO,Bueno,Bueno,1,NISSAN,BLANCO,1,,60,MASCULINO,SIN DATOS,0,0,Morelia,Montaña Monarca,mayo,jueves,0,-101.160534247756,19.6714768332999
34753,34758,2021,LEG36912,2021/05/07,"08:52:00",COLISIÓN POR CORTE DE CIRCULACIÓN,ASFALTO,Bueno,Bueno,2,VOLKSWAGEN,BLANCO,2,,65,MASCULINO,SIN DATOS,0,0,Morelia,Nueva Valladolid,mayo,viernes,9,-101.213064366246,19.699824045335
34754,34759,2021,,2021/05/07,"09:00:00",COLISIÓN POR CORTE DE CIRCULACIÓN,ASFALTO,Bueno,Bueno,2,VELOCI,NEGRO YAMARILLO,2,MINISTERIO PÚBLICO,23,MASCULINO,SIN DATOS,0,0,Morelia,Felix Arreguin,mayo,viernes,9,-101.222837574102,19.721089131128
34755,34760,2021,,2021/05/07,"09:30:00",COLISIÓN POR CORTE DE CIRCULACIÓN,CONCRETO,Bueno,Bueno,2,BMW/G310,PLATA NEGRO,2,MINISTERIO PÚBLICO,22,MASCULINO,SIN DATOS,0,0,Morelia,Chapultepec Norte,mayo,viernes,10,-101.174972213126,19.6933656405629
34756,34761,2021,,2021/05/07,11:00:00,COLISIÓN POR CORTE DE CIRCULACIÓN,ASFALTO,Bueno,Bueno,2,HONDA,ROJO,1,MINISTERIO PÚBLICO,16,MASCULINO,SIN DATOS,0,0,Peribán,Sin datos,mayo,viernes,11,-102.445530325853,19.5532942054204
34757,34762,2021,,2021/05/07,12:50:00,COLISIÓN POR MANIOBRA DE REVERSA,CONCRETO,Bueno,Bueno,2,FREIGHTLINER,BLANCO,2,,23,MASCULINO,SIN DATOS,0,0,Morelia,Central de Abastos,mayo,viernes,13,-101.171806535947,19.7178979566889
34758,34763,2021,,2021/05/07,15:30:00,COLISIÓN POR CAMBIO DE CARRIL,ASFALTO,Bueno,Bueno,2,DODGE,BLANCO,2,,44,MASCULINO,SIN DATOS,0,0,Morelia,Vicente Lombardo Toledano (Ejidal Isacc Arriaga) (Etnias de Mexico),mayo,viernes,16,-101.150960806503,19.7189866063485
34759,34764,2021,,2021/05/07,16:50:00,COLISIÓN POR CAMBIO DE CARRIL,ASFALTO,Bueno,Bueno,2,TOYOTA,GRIS,2,,20,MASCULINO,SIN DATOS,0,0,Morelia,Las Americas,mayo,viernes,17,-101.154947511184,19.6875648915924
34760,34765,2021,,2021/05/07,17:10:00,COLISIÓN POR ALCANCE,ASFALTO,Bueno,Bueno,2,VOLKSWAGEN,ROJO,2,,30,MASCULINO,SIN DATOS,0,0,Morelia,Felix Ireta,mayo,viernes,17,-101.188424740999,19.6817525963927
34761,34766,2021,,2021/05/07,17:35:00,COLISIÓN POR INVASIÓN DE CARRIL,ASFALTO,Bueno,Bueno,2,JEEP,BLANCO,2,MINISTERIO PÚBLICO,47,MASCULINO,SIN DATOS,0,0,Morelia,Centro,mayo,viernes,18,-101.201342381537,19.6986494525116
34762,34767,2021,,2021/05/07,18:20:00,COLISIÓN CONTRA OBJETO FIJO,CONCRETO,Bueno,Bueno,1,DODGE,CHAMPANGE,1,,,,SIN DATOS,0,0,Morelia,Industrial,mayo,viernes,18,-101.194004867313,19.7072650427147
34763,34768,2021,,2021/05/07,19:50:00,COLISIÓN CONTRA OBJETO FIJO,CONCRETO,Bueno,Bueno,1,FORD,BLANCO,1,,50,MASCULINO,ALIENTO ETÍLICO,0,0,Morelia,Primo Tapia Oriente,mayo,viernes,20,-101.159261478617,19.7181548689463
34764,34769,2021,,2021/05/07,21:00:00,COLISIÓN POR NO RESPETAR SEMÁFORO,ASFALTO,Bueno,Bueno,2,TOYOTA/DOBLE CABINA,GRIS,2,,43,MASCULINO,SIN DATOS,0,0,Morelia,La Esperanza,mayo,viernes,21,-101.153880296781,19.6993884571668
34765,34770,2021,,2021/05/08,"00:40:00",SUBIDA AL CAMELLÓN,ASFALTO,Bueno,Bueno,1,VOLKSWAGEN,ROJO,1,,35,FEMENINO,SIN DATOS,0,0,Morelia,Sin datos,mayo,sábado,1,-101.291382431306,19.6869095445513
34766,34771,2021,MOR210324971,2021/05/08,"01:00:00",COLISIÓN CON PEATÓN,ASFALTO,Bueno,Bueno,2,NISSAN,ROJO,2,,26,MASCULINO,ALIENTO ETÍLICO,0,0,Morelia,Centro,mayo,sábado,1,-101.193364455618,19.7029938143004
34767,34772,2021,,2021/05/08,"02:22:00",COLISIÓN POR CORTE DE CIRCULACIÓN,ASFALTO,Bueno,Bueno,2,FORD,AZUL,2,,82,MASCULINO,SIN DATOS,0,0,Morelia,Jardines de Guadalupe,mayo,sábado,2,-101.221713728524,19.7103797476877
34768,34773,2021,,2021/05/08,"05:30:00",COLISIÓN CONTRA OBJETO FIJO,CONCRETO,Bueno,Bueno,1,CHEVROLET,AZUL,1,,22,MASCULINO,SIN DATOS,0,0,Morelia,Montaña Monarca,mayo,sábado,6,-101.161767027604,19.6724306155169
34769,34774,2021,MOR210325323,2021/05/08,"08:30:00",COLISIÓN POR ALCANCE,ASFALTO,Bueno,Bueno,2,VOLKSWAGEN,PLATA,2,,29,MASCULINO,SIN DATOS,0,0,Morelia,Santillan La Huerta,mayo,sábado,9,-101.220144636241,19.6752763726416
34770,34775,2021,,2021/05/08,"09:00:00",COLISIÓN POR CORTE DE CIRCULACIÓN,ASFALTO,Bueno,Bueno,2,NISSAN,GRIS,2,MINISTERIO PÚBLICO,,,SIN DATOS,0,0,Lázaro Cárdenas,Sin datos,mayo,sábado,9,-102.210993214763,17.9778895898706
34771,34776,2021,,2021/05/08,11:20:00,SALIDA DE SUPERFICIE DE RODAMIENTO,ASFALTO,Bueno,Bueno,1,MITSUBISHI,BLANCO,1,MINISTERIO PÚBLICO,44,MASCULINO,SIN DATOS,0,0,Morelia,La Floresta,mayo,sábado,11,-101.152257926084,19.6843601054075
34772,34777,2021,LEG36928,2021/05/08,13:15:00,COLISIÓN POR INVASIÓN DE CARRIL,CONCRETO,Bueno,Bueno,2,FORD,GRIS,1,,30,MASCULINO,SIN DATOS,0,0,Morelia,Centro,mayo,sábado,13,-101.182761673205,19.7067764795366
34773,34778,2021,MOR210325981,2021/05/08,14:00:00,COLISIÓN CONTRA OBJETO FIJO,ASFALTO,Bueno,Bueno,2,FREIGHTLINER,BLANCO,2,,34,MASCULINO,SIN DATOS,0,0,Morelia,Gertrudis Bocanegra,mayo,sábado,14,-101.211705797099,19.7020020493207
34774,34779,2021,,2021/05/08,15:10:00,COLISIÓN POR ALCANCE,ASFALTO,Lluvioso,Bueno,3,NISSAN,BLANCO CON VERDE,3,MINISTERIO PÚBLICO,24,MASCULINO,SIN DATOS,0,0,Pátzcuaro,Sin datos,mayo,sábado,15,-101.603920131244,19.5446994061104
34775,34780,2021,MOR210326239,2021/05/08,15:25:00,COLISIÓN POR ALCANCE,ASFALTO,Bueno,Bueno,2,OLDSMOBILE,VERDE,2,,43,MASCULINO,CON CERTIFICADO,0,0,Morelia,Buenavista,mayo,sábado,15,-101.161385483362,19.7057339484629
34776,34781,2021,MOR210326554,2021/05/08,18:10:00,VOLCADURA,ASFALTO,Lluvioso,Bueno,1,FORD,PLATA,1,,20,MASCULINO,SIN DATOS,0,0,Morelia,Lomas de La Maestranza,mayo,sábado,18,-101.331291354514,19.6844141159655
34777,34782,2021,MOR 210326798,2021/05/08,19:20:00,COLISIÓN CONTRA OBJETO FIJO,ASFALTO,Nublado,Regular,1,VOLKSWAGEN,BLANCO,1,,27,MASCULINO,SIN DATOS,0,0,Morelia,Tlalpujahua,mayo,sábado,19,-101.218350512725,19.6773795898498
34778,34783,2021,,2021/05/08,19:35:00,COLISIÓN POR CORTE DE CIRCULACIÓN,ASFALTO,Bueno,Bueno,2,BMW,VERDE,2,,43,MASCULINO,SIN DATOS,0,0,Morelia,Industrial,mayo,sábado,20,-101.197900436819,19.7078780279559
34779,34784,2021,MOR210326703,2021/05/08,19:40:00,SUBIDA AL CAMELLÓN,ASFALTO,Bueno,Bueno,1,CHEVROLET,BLANCO,1,,28,FEMENINO,SIN DATOS,0,0,Morelia,San Jose Itzicuaro,mayo,sábado,20,-101.304112286732,19.6878297731754