fid,id_accidente,anio_origen,folio_c5i,dia_incidente,hora_ocurrencia,tipo_incidente_vial,superficie_ocurrencia,condiciones_climaticas,condiciones_via,numero_vehiculos_involucrados,marca_vehiculo_ocasiona_siniestro,color_vehiculo_ocasiona_siniestro,numero_personas_involucradas,lugar_remite_presunto_responsable,edad_presunto_responsable,sexo_presunto_responsable,resultados_toxicologia,numero_personas_lesionadas,numero_personas_fallecidas,municipio,colonia,mes,dia_semana,hora_redondeada,lon,lat
34780,34785,2021,MOR210327080,2021/05/08,21:38:00,COLISIÓN POR ALCANCE,ASFALTO,Bueno,Bueno,2,RENAULT,AMARILLO,2,,34,MASCULINO,SIN DATOS,0,0,Tarímbaro,Sin datos,mayo,sábado,22,-101.12993066723,19.7801921264977
34781,34786,2021,MOR 210327232,2021/05/08,22:00:00,COLISIÓN CONTRA OBJETO FIJO,ASFALTO,Bueno,Bueno,1,PEUGEOT,AZUL,1,,21,MASCULINO,SIN DATOS,0,0,Morelia,Real San Diego,mayo,sábado,22,-101.217370927334,19.6647375711016
34782,34787,2021,,2021/05/08,22:45:00,VOLCADURA,ASFALTO,Bueno,Bueno,1,VOLKSWAGEN BORA,BLANCO,1,,27,MASCULINO,CON CERTIFICADO,0,0,Morelia,La Hacienda,mayo,sábado,23,-101.314941339863,19.6868798707778
34783,34788,2021,LEG36936,2021/05/09,"00:00:00",COLISIÓN POR CORTE DE CIRCULACIÓN,CONCRETO,Lluvioso,Bueno,2,VOLKSWAGEN,BLANCO,2,,35,FEMENINO,SIN DATOS,0,0,Morelia,Vasco de Quiroga,mayo,domingo,0,-101.177735336588,19.6987426375608
34784,34789,2021,,2021/05/09,"01:20:00",VOLCADURA,ASFALTO,Bueno,Bueno,1,CHEVROLET,BLANCO,1,,0,MASCULINO,SIN DATOS,0,0,Chucándiro,Sin datos,mayo,domingo,1,-101.300761140883,19.9029009555804
34785,34790,2021,MOR210327631,2021/05/09,"01:30:00",SUBIDA AL CAMELLÓN,ASFALTO,Bueno,Bueno,1,NISSAN,BLANCO,1,,41,MASCULINO,SIN DATOS,0,0,Tarímbaro,Club Erandeni,mayo,domingo,2,-101.182022399522,19.7592444367092
34786,34791,2021,,2021/05/09,"09:38:00",CAIDA DE MOTOCICLETA,ASFALTO,Bueno,Bueno,1,ITALIKA,NEGRO,1,,31,MASCULINO,SIN DATOS,0,0,Morelia,Los Manantiales de Morelia,mayo,domingo,10,-101.24023206532,19.6927368332885
34787,34792,2021,,2021/05/09,10:50:00,COLISIÓN POR NO RESPETAR SEMÁFORO,ASFALTO,Bueno,Bueno,2,ITALIKA,AMARILLO NEGRO,2,,21,MASCULINO,SIN DATOS,0,0,Morelia,Avicola Benito Juarez,mayo,domingo,11,-101.279538466848,19.6914170531437
34788,34793,2021,LEG36935,2021/05/09,16:10:00,COLISIÓN POR CORTE DE CIRCULACIÓN,CONCRETO,Nublado,Bueno,2,ITALIKA,NEGRO Y NARANJA,2,,32,MASCULINO,SIN DATOS,0,0,Morelia,Vasco de Quiroga,mayo,domingo,16,-101.178107745945,19.6991637688938
34789,34794,2021,,2021/05/09,17:16:00,COLISIÓN CONTRA OBJETO FIJO,ASFALTO,Bueno,Bueno,1,FORD,ROJO,1,,52,MASCULINO,CON CERTIFICADO,0,0,Morelia,Victor Manuel Tinoco Rubi,mayo,domingo,17,-101.244586966932,19.7036992544055
34790,34795,2021,LEG36938,2021/05/09,17:20:00,COLISIÓN POR CORTE DE CIRCULACIÓN,ASFALTO,Lluvioso,Bueno,1,VENTO,PLATA,1,,23,MASCULINO,SIN DATOS,0,0,Morelia,Tres Puentes,mayo,domingo,17,-101.216137172148,19.7037778500659
34791,34796,2021,,2021/05/09,18:40:00,COLISIÓN CONTRA OBJETO FIJO,ADOQUIN_EMPEDRADO,Bueno,Bueno,1,NISSAN,BLANCO,1,,34,MASCULINO,SIN DATOS,0,0,Morelia,Mirador del Punhuato,mayo,domingo,19,-101.156917928981,19.7037068585884
34792,34797,2021,MOR210326966,2021/05/09,21:10:00,COLISIÓN CONTRA OBJETO FIJO,CONCRETO,Bueno,Bueno,2,DODGE,GRIS,1,,25,MASCULINO,SIN DATOS,0,0,Morelia,Mirador del Punhuato,mayo,domingo,21,-101.156357643995,19.7050778934359
34793,34798,2021,,2021/05/09,23:48:00,COLISIÓN POR CAMBIO DE CARRIL,CONCRETO,Lluvioso,Regular,2,CHEVROLET CHEVY,AZUL,2,,29,MASCULINO,CON CERTIFICADO,0,0,Morelia,Industrial,mayo,domingo,0,-101.197890713811,19.7068376848399
34794,34799,2021,,2021/05/10,"01:40:00",SUBIDA AL CAMELLÓN,ASFALTO,Bueno,Bueno,1,JEEP,BLANCO,0,,,,,0,0,Morelia,Alberto Oviedo Mota,mayo,lunes,2,-101.196632209112,19.6812427011311
34795,34800,2021,,2021/05/10,"05:50:00",COLISIÓN CONTRA OBJETO FIJO,ASFALTO,Bueno,Regular,1,TOYOTA,BLANCO,1,,58,MASCULINO,ALIENTO ETÍLICO,0,0,Morelia,Diego Rivera,mayo,lunes,6,-101.177711419093,19.7195053874012
34796,34801,2021,,2021/05/10,"09:00:00",COLISIÓN POR ALCANCE,ASFALTO,Bueno,Bueno,2,Sin datos,Sin datos,0,,,,,0,0,Morelia,Nueva Valladolid,mayo,lunes,9,-101.209709867835,19.7020121213906
34797,34802,2021,MOR/210330460,2021/05/10,"09:10:00",COLISIÓN POR CAMBIO DE CARRIL,ASFALTO,Bueno,Bueno,0,,,0,,,,,0,0,Morelia,Ignacio Lopez Rayon,mayo,lunes,9,-101.254262306402,19.6906367552679
34798,34803,2021,MOR210330660,2021/05/10,"09:50:00",COLISIÓN POR CORTE DE CIRCULACIÓN,CONCRETO,Bueno,Bueno,2,TOYOTA,GRIS,2,,53,MASCULINO,SIN DATOS,0,0,Morelia,Nueva Chapultepec,mayo,lunes,10,-101.170278438792,19.6883054397036
34799,34804,2021,,2021/05/10,14:05:00,COLISIÓN POR CORTE DE CIRCULACIÓN,ASFALTO,Bueno,Bueno,2,KENWORTH,BLANCO,2,,43,MASCULINO,SIN DATOS,0,0,Morelia,Prados Verdes,mayo,lunes,14,-101.197203397751,19.715295957986
34800,34805,2021,MOR210331122,2021/05/10,14:21:00,COLISIÓN POR INVASIÓN DE CARRIL,CONCRETO,Bueno,Bueno,2,JEEP,NEGRO,2,,35,MASCULINO,SIN DATOS,0,0,Morelia,Lomas de Las Americas Sur,mayo,lunes,14,-101.143352321602,19.6922444208301
34801,34806,2021,MOR210331837,2021/05/10,14:32:00,COLISIÓN CON PEATÓN,ASFALTO,Bueno,Bueno,1,HONDA,NEGRO,1,,38,MASCULINO,SIN DATOS,0,0,Morelia,3 de Agosto,mayo,lunes,15,-101.17175526917,19.7310538927274
34802,34807,2021,,2021/05/10,15:40:00,VOLCADURA,ASFALTO,Bueno,Bueno,1,FORD,VERDE,0,MINISTERIO PÚBLICO,,,,0,0,Morelia,Defensores De Puebla,mayo,lunes,16,-101.240197928106,19.7095907228266
34803,34808,2021,,2021/05/10,15:50:00,COLISIÓN POR CAMBIO DE CARRIL,ASFALTO,Nublado,Bueno,2,CHEVROLET,BLANCO,2,MINISTERIO PÚBLICO,23,MASCULINO,SIN DATOS,0,0,Morelia,Puerta Tres Marias Norte,mayo,lunes,16,-101.142414554275,19.6921847595871
34804,34809,2021,MOR210331771,2021/05/10,18:09:00,COLISIÓN CONTRA OBJETO FIJO,ASFALTO,Bueno,Bueno,1,FREIGHTLINER,VERDE,1,,36,MASCULINO,SIN DATOS,0,0,Morelia,Francisco J Mujica,mayo,lunes,18,-101.188240095285,19.721492165837
34805,34810,2021,MOR210331777,2021/05/10,19:30:00,COLISIÓN POR MANIOBRA DE REVERSA,ASFALTO,Bueno,Bueno,2,RENAULT,BLANCO,2,,38,FEMENINO,SIN DATOS,0,0,Morelia,Lomas del Punhuato,mayo,lunes,20,-101.145748296246,19.7000096626475
34806,34811,2021,MOR 210331920,2021/05/10,19:40:00,COLISIÓN POR ALCANCE,CONCRETO,Bueno,Bueno,2,DATSUN,ROJO,2,MINISTERIO PÚBLICO,22,MASCULINO,CON CERTIFICADO,0,0,Morelia,Los Angeles,mayo,lunes,20,-101.16765189647,19.7443153689901
34807,34812,2021,MOR 210331179,2021/05/10,19:50:00,COLISIÓN POR CORTE DE CIRCULACIÓN,CONCRETO,Bueno,Bueno,0,,,0,,,,,0,0,Morelia,Adolfo Lopez Mateos,mayo,lunes,20,-101.229382194579,19.7022527028378
34808,34813,2021,MOR210331895,2021/05/10,21:08:00,SALIDA DE SUPERFICIE DE RODAMIENTO,ASFALTO,Bueno,Bueno,1,VENTO,BLANCO,0,MINISTERIO PÚBLICO,,,,0,0,Tzitzio,Sin datos,mayo,lunes,21,-101.051000633626,19.4801146347607
34809,34814,2021,,2021/05/10,23:30:00,COLISIÓN CONTRA OBJETO FIJO,CONCRETO,Lluvioso,Bueno,2,NISSAN,BLANCO,1,,40,MASCULINO,SIN DATOS,0,0,Morelia,Ocolusen Iii,mayo,lunes,0,-101.151298396289,19.6859930988016
34810,34815,2021,,2021/05/11,"00:00:00",COLISIÓN POR CORTE DE CIRCULACIÓN,ASFALTO,Bueno,Bueno,2,DODGE,PLATA,3,MINISTERIO PÚBLICO,37,MASCULINO,SIN DATOS,1,0,Morelia,Centro,mayo,martes,0,-101.182562590324,19.7043025375243
34811,34816,2021,LEG36970,2021/05/11,"00:10:00",SUBIDA AL CAMELLÓN,ASFALTO,Bueno,Bueno,1,GMC,ARENA,1,,24,MASCULINO,SIN DATOS,0,0,Morelia,Bosques de Oriente,mayo,martes,0,-101.155627451169,19.7154739689285
34812,34817,2021,LEG36965,2021/05/11,"09:10:00",COLISIÓN POR NO RESPETAR SEMÁFORO,ASFALTO,Bueno,Bueno,2,CHEVROLET,BLANCO,2,MINISTERIO PÚBLICO,61,MASCULINO,SIN DATOS,0,0,Morelia,Tzindurio de Morelos,mayo,martes,9,-101.250159896242,19.6985027301413
34813,34818,2021,,2021/05/11,"09:20:00",COLISIÓN CONTRA OBJETO FIJO,ASFALTO,Bueno,Bueno,1,FORD FIESTA,PLATA,1,,38,FEMENINO,SIN DATOS,0,0,Morelia,Felix Ireta,mayo,martes,9,-101.192493401597,19.6912295802888
34814,34819,2021,LEG36971,2021/05/11,12:25:00,COLISIÓN POR ALCANCE,ASFALTO,Bueno,Bueno,2,CHEVROLET,BLANCO,2,,32,MASCULINO,SIN DATOS,0,0,Morelia,Gertrudis Sanchez,mayo,martes,12,-101.199605997243,19.7398460731842
34815,34820,2021,MOR210333343,2021/05/11,12:37:00,COLISIÓN POR CAMBIO DE CARRIL,ASFALTO,Bueno,Bueno,2,INTERNATIONAL,AZUL,2,,35,MASCULINO,SIN DATOS,0,0,Morelia,Elias Perez Avalos,mayo,martes,13,-101.168014959179,19.7156242336536
34817,34822,2021,,2021/05/11,19:30:00,COLISIÓN CON PEATÓN,ASFALTO,Bueno,Bueno,1,VOLKSWAGEN,AZUL,3,,21,MASCULINO,SIN DATOS,2,0,Morelia,Torreon Nuevo,mayo,martes,20,-101.205219179392,19.7461390753679
34818,34823,2021,,2021/05/11,19:45:00,COLISIÓN POR CAMBIO DE CARRIL,ASFALTO,Bueno,Bueno,2,VOLKSWAGEN,AZUL,2,,26,MASCULINO,SIN DATOS,0,0,Morelia,Eduardo Ruiz,mayo,martes,20,-101.224054748354,19.7248625314199
34819,34824,2021,MOR210331749,2021/05/11,19:50:00,COLISIÓN POR CORTE DE CIRCULACIÓN,CONCRETO,Bueno,Bueno,2,CHEVROLET,ROJO,2,,26,MASCULINO,SIN DATOS,0,0,Morelia,Adolfo Lopez Mateos,mayo,martes,20,-101.229383230888,19.7022523585031
34820,34825,2021,MOR210332063,2021/05/11,21:40:00,SUBIDA AL CAMELLÓN,ASFALTO,Bueno,Bueno,1,CHEVROLET,PLATA,1,,31,MASCULINO,SIN DATOS,0,0,Morelia,Fidel Velazquez,mayo,martes,22,-101.239942691552,19.7059936923346
34821,34826,2021,MOR21332253,2021/05/11,22:40:00,COLISIÓN POR ALCANCE,ASFALTO,Bueno,Bueno,2,VOLKSWAGEN,NEGRO,2,,66,MASCULINO,ALIENTO ETÍLICO,0,0,Morelia,Lomas del Tecnologico,mayo,martes,23,-101.188400357283,19.7211513064784
34822,34827,2021,MOR/210332225,2021/05/11,23:10:00,COLISIÓN POR CORTE DE CIRCULACIÓN,CONCRETO,Bueno,Bueno,2,RENAULT,GRIS,2,,47,MASCULINO,CON CERTIFICADO,0,0,Morelia,Heroes de Bajan,mayo,martes,23,-101.229833781051,19.6913254802572
34823,34828,2021,,2021/05/12,"03:22:00",COLISIÓN POR CORTE DE CIRCULACIÓN,ASFALTO,Bueno,Bueno,2,KIA,AZUL,2,MINISTERIO PÚBLICO,29,MASCULINO,SIN DATOS,0,0,Morelia,Felix Ireta,mayo,miércoles,3,-101.189203709364,19.6903671041634
34824,34829,2021,LEG36988,2021/05/12,"08:40:00",COLISIÓN POR CAMBIO DE CARRIL,ASFALTO,Bueno,Regular,2,INTERNATIONAL,VERDE,2,,25,MASCULINO,SIN DATOS,0,0,Morelia,Americas Britania,mayo,miércoles,9,-101.149184785115,19.6946545270532
34825,34830,2021,MOR210335806,2021/05/12,11:34:00,COLISIÓN POR CORTE DE CIRCULACIÓN,ASFALTO,Bueno,Bueno,2,FREIGHTLINER,BLANCO,2,,54,MASCULINO,SIN DATOS,0,0,Morelia,Felicitas del Rio,mayo,miércoles,12,-101.198329590261,19.6918005624684
34826,34831,2021,MOR210333027,2021/05/12,12:56:00,COLISIÓN POR ALCANCE,ASFALTO,Bueno,Bueno,3,CHRYSLER,BLANCO Y ROJO,3,,44,MASCULINO,SIN DATOS,0,0,Morelia,Morelia 450,mayo,miércoles,13,-101.216962561011,19.6756371901632
34827,34832,2021,MOR210336085,2021/05/12,13:10:00,COLISIÓN CON PEATÓN,ASFALTO,Bueno,Bueno,2,ALTEGRO,NEGRO,3,,,MASCULINO,SIN DATOS,1,0,Morelia,Enrique Arreguin Robles,mayo,miércoles,13,-101.178816550158,19.7203334705854
34828,34833,2021,MOR210336137,2021/05/12,13:40:00,COLISIÓN POR CAMBIO DE CARRIL,ASFALTO,Bueno,Bueno,2,CHEVROLET,ROJO,2,,58,FEMENINO,SIN DATOS,0,0,Morelia,Agustin Arriaga Rivera,mayo,miércoles,14,-101.224443942976,19.6911146414533
34829,34834,2021,MOR/210336489,2021/05/12,15:00:00,COLISIÓN POR ALCANCE,CONCRETO,Bueno,Bueno,0,,,0,,,,,0,0,Morelia,Industrial,mayo,miércoles,15,-101.194004558705,19.7072382590614
34830,34835,2021,LEG36991,2021/05/12,15:00:00,COLISIÓN POR ALCANCE,CONCRETO,Bueno,Bueno,2,CHEVROLET,GRIS,2,,31,MASCULINO,SIN DATOS,0,0,Morelia,Industrial,mayo,miércoles,15,-101.194073899902,19.7072436249127
34831,34836,2021,MOR210336758,2021/05/12,17:25:00,COLISIÓN POR INVASIÓN DE CARRIL,ASFALTO,Lluvioso,Regular,2,DODGE,BLANCO,2,MINISTERIO PÚBLICO,56,MASCULINO,SIN DATOS,1,0,Morelia,Sin datos,mayo,miércoles,17,-101.114569597635,19.7368061290756
34832,34837,2021,MOR210337142,2021/05/12,19:40:00,COLISIÓN POR CORTE DE CIRCULACIÓN,ASFALTO,Bueno,Bueno,2,NISSAN,ARENA,2,,55,MASCULINO,ALIENTO ETÍLICO,0,0,Morelia,Ciudad Industrial,mayo,miércoles,20,-101.137943708085,19.7286020738296
34833,34838,2021,,2021/05/12,20:15:00,COLISIÓN CONTRA OBJETO FIJO,ASFALTO,Bueno,Bueno,1,CHEVROLET,ROJO,1,,37,MASCULINO,SIN DATOS,0,0,Morelia,Sin datos,mayo,miércoles,20,-101.152571134937,19.6682584939525
34834,34839,2021,MOR210337566,2021/05/12,22:30:00,SALIDA DE SUPERFICIE DE RODAMIENTO,ASFALTO,Nublado,Regular,0,,,0,,,,,0,0,Morelia,Francisco J Mujica,mayo,miércoles,23,-101.184680529617,19.7249717302023
34835,34840,2021,,2021/05/13,"08:52:00",COLISIÓN POR CORTE DE CIRCULACIÓN,CONCRETO,Bueno,Bueno,2,Ford,Rojo,2,,34,FEMENINO,SIN DATOS,0,0,Morelia,Buenavista,mayo,jueves,9,-101.167850902375,19.7054595409174
34836,34841,2021,,2021/05/13,"08:55:00",COLISIÓN POR CORTE DE CIRCULACIÓN,CONCRETO,Bueno,Bueno,2,NISSAN,AZUL,3,MINISTERIO PÚBLICO,28,FEMENINO,SIN DATOS,1,0,Morelia,Independencia,mayo,jueves,9,-101.177325168862,19.712097629132
34837,34842,2021,,2021/05/13,"09:00:00",SALIDA DE SUPERFICIE DE RODAMIENTO,ASFALTO,Bueno,Bueno,2,CHEVROLET,ROJO,0,MINISTERIO PÚBLICO,,,,0,0,Hidalgo,Sin datos,mayo,jueves,9,-100.618753141987,19.5472302368038
34838,34843,2021,,2021/05/13,"09:35:00",COLISIÓN POR CORTE DE CIRCULACIÓN,ASFALTO,Bueno,Bueno,2,NISSAN,ROJO,2,,76,MASCULINO,SIN DATOS,0,0,Morelia,Plan de La Garita,mayo,jueves,10,-101.186801090158,19.7112925818621
34839,34844,2021,,2021/05/13,10:20:00,COLISIÓN POR CORTE DE CIRCULACIÓN,CONCRETO,Bueno,Bueno,2,CHEVROLET,GRIS,2,,27,FEMENINO,SIN DATOS,0,0,Morelia,Centro,mayo,jueves,10,-101.196056722916,19.6998663563126
34840,34845,2021,,2021/05/13,10:23:00,COLISIÓN POR INVASIÓN DE CARRIL,ASFALTO,Bueno,Bueno,2,Volvo,Crema y naranja,2,,37,MASCULINO,SIN DATOS,0,0,Morelia,Santillan La Huerta,mayo,jueves,10,-101.220515847874,19.6741477363852
34841,34846,2021,,2021/05/13,11:50:00,COLISIÓN POR ALCANCE,ASFALTO,Bueno,Bueno,2,ITALIKA,NEGRO/AMARILLO,3,MINISTERIO PÚBLICO,,,,3,0,Santa Ana Maya,Sin datos,mayo,jueves,12,-100.980620384216,19.9914763544937
34842,34847,2021,,2021/05/13,13:10:00,COLISIÓN POR CORTE DE CIRCULACIÓN,CONCRETO,Bueno,Bueno,2,NISSAN,BLANCO CON CAFE,2,,,MASCULINO,SIN DATOS,0,0,Morelia,Nueva Chapultepec,mayo,jueves,13,-101.175760813057,19.6870554452991
34843,34848,2021,,2021/05/13,13:40:00,COLISIÓN POR ALCANCE,ASFALTO,Bueno,Bueno,2,VOLKSWAGEN,PLATA,2,,27,MASCULINO,SIN DATOS,0,0,Morelia,Morelos,mayo,jueves,14,-101.20709605515,19.6916468317043
34844,34849,2021,,2021/05/13,15:00:00,COLISIÓN POR MANIOBRA DE REVERSA,ASFALTO,Bueno,Bueno,2,Ford,Gris,2,,48,MASCULINO,SIN DATOS,0,0,Morelia,Comision Federal de Electricidad,mayo,jueves,15,-101.180056065999,19.6814605267939
34845,34850,2021,,2021/05/13,18:30:00,COLISIÓN POR CAMBIO DE CARRIL,ASFALTO,Bueno,Bueno,2,Kenworth,blqnco,0,,,,,0,0,Morelia,El Realito,mayo,jueves,19,-101.20519772172,19.7258358210349
34846,34851,2021,,2021/05/13,20:50:00,COLISIÓN POR CORTE DE CIRCULACIÓN,ASFALTO,Bueno,Bueno,2,RENOULT,AZUL,2,,53,FEMENINO,SIN DATOS,0,0,Morelia,Eduardo Ruiz,mayo,jueves,21,-101.224052950062,19.724857797367
34847,34852,2021,MOR210337314,2021/05/13,21:10:00,COLISIÓN POR CORTE DE CIRCULACIÓN,ASFALTO,Bueno,Bueno,2,ITALIKA,BLANCO,2,,34,MASCULINO,SIN DATOS,0,0,Morelia,Vasco de Quiroga,mayo,jueves,21,-101.171000593089,19.7024597392064
34848,34853,2021,LEG36992,2021/05/13,22:30:00,SALIDA DE SUPERFICIE DE RODAMIENTO,ASFALTO,Nublado,Regular,1,VOSLKWAGEN,PLATA,1,,28,MASCULINO,ALIENTO ETÍLICO,0,0,Morelia,Francisco J Mujica,mayo,jueves,23,-101.188241131604,19.7214877186018
34849,34854,2021,MOR210341332,2021/05/14,"00:00:00",COLISIÓN POR ALCANCE,ASFALTO,Bueno,Bueno,2,ITALIKA,AZUL,2,,52,MASCULINO,SIN DATOS,0,0,Morelia,Cosmos,mayo,viernes,0,-101.216412342407,19.6833451799423
34850,34855,2021,LEG37015,2021/05/14,"00:00:00",COLISIÓN POR MANIOBRA DE REVERSA,ASFALTO,Bueno,Bueno,2,FORD,GUINDA,2,,49,FEMENINO,SIN DATOS,0,0,Morelia,Central de Abastos,mayo,viernes,0,-101.166417978026,19.715626443006
34851,34856,2021,,2021/05/14,"03:15:00",COLISIÓN CONTRA OBJETO FIJO,ASFALTO,Bueno,Bueno,1,DODGE,GRIS,1,,19,MASCULINO,SIN DATOS,0,0,Morelia,Chapultepec Oriente,mayo,viernes,3,-101.160610020161,19.6954998420146
34852,34857,2021,MOR210340558,2021/05/14,"08:41:00",COLISIÓN POR CORTE DE CIRCULACIÓN,ASFALTO,Bueno,Bueno,2,ITALIKA,ROJO / NEGRO,2,,24,MASCULINO,SIN DATOS,0,0,Tarímbaro,Sin datos,mayo,viernes,9,-101.131166710782,19.7766134366853
34853,34858,2021,MOR210340799,2021/05/14,10:30:00,COLISIÓN CONTRA OBJETO FIJO,ASFALTO,Bueno,Bueno,1,FORD,PLATA,1,,22,FEMENINO,SIN DATOS,0,0,Morelia,Gertrudis Bocanegra,mayo,viernes,11,-101.211697689511,19.7020023649694
34854,34859,2021,MOR210341064,2021/05/14,13:40:00,SUBIDA AL CAMELLÓN,ASFALTO,Bueno,Bueno,1,FORD,VERDE,1,,26,FEMENINO,SIN DATOS,0,0,Morelia,Cumbres de Morelia,mayo,viernes,14,-101.140798218548,19.6915246390192
34855,34860,2021,MOR 210341224,2021/05/14,14:00:00,COLISIÓN POR CORTE DE CIRCULACIÓN,ASFALTO,Bueno,Bueno,2,BAJAJ,ROJO Y NEGRO,2,,32,MASCULINO,SIN DATOS,0,0,Morelia,Lomas de Morelia (Dr Ignacio Chavez),mayo,viernes,14,-101.175678670406,19.7176435402675
34857,34862,2021,MOR210341540,2021/05/14,15:07:00,COLISIÓN POR CORTE DE CIRCULACIÓN,ASFALTO,Bueno,Bueno,2,HONDA,AZUL,2,,20,MASCULINO,SIN DATOS,0,0,Morelia,Santiaguito,mayo,viernes,15,-101.188753433526,19.71726763905
34858,34863,2021,MOR210341646,2021/05/14,16:50:00,COLISIÓN CONTRA OBJETO FIJO,TERRACERIA,Bueno,Bueno,2,FORD,BLANCO,2,,54,MASCULINO,SIN DATOS,0,0,Morelia,Torreon Nuevo,mayo,viernes,17,-101.209008134902,19.7470766631467
34859,34864,2021,MOR210341645,2021/05/14,17:20:00,COLISIÓN CON PEATÓN,ASFALTO,Bueno,Bueno,4,NISSAN,BLANCO Y ROJO,4,MINISTERIO PÚBLICO,39,MASCULINO,SIN DATOS,0,0,Morelia,Libertad,mayo,viernes,17,-101.237225949086,19.6852913688387
34860,34865,2021,LEG37017,2021/05/14,18:00:00,COLISIÓN POR CORTE DE CIRCULACIÓN,SIN_DATOS,Bueno,Bueno,2,INTERNACIONAL,BLANCO,2,,,MASCULINO,SIN DATOS,0,0,Morelia,Virrey Antonio de Mendoza,mayo,viernes,18,-101.160600632429,19.7071757339671
34861,34866,2021,LEG37013,2021/05/14,18:10:00,COLISIÓN POR CORTE DE CIRCULACIÓN,CONCRETO,Bueno,Bueno,2,S/D,S/D,1,,29,FEMENINO,SIN DATOS,0,0,Morelia,Indeco Expropiacion Petrolera,mayo,viernes,18,-101.22666148976,19.6864104562051
34862,34867,2021,MOR210341897,2021/05/14,18:20:00,COLISIÓN POR CORTE DE CIRCULACIÓN,ASFALTO,Bueno,Bueno,2,ITALIKA,VERDE,2,,20,MASCULINO,SIN DATOS,0,0,Morelia,Centro,mayo,viernes,18,-101.196031607687,19.7030310319097
34863,34868,2021,MOR 21034186,2021/05/14,18:45:00,COLISIÓN POR CORTE DE CIRCULACIÓN,ASFALTO,Bueno,Bueno,2,NISSAN,BLANCO,1,,26,MASCULINO,SIN DATOS,0,0,Morelia,El Lago 1,mayo,viernes,19,-101.220374330878,19.7277354731735
34864,34869,2021,MOR210342292,2021/05/14,20:40:00,CAIDA DE MOTOCICLETA,ASFALTO,Bueno,Bueno,1,ITALIKA,NARANJA,1,,25,MASCULINO,SIN DATOS,0,0,Morelia,Jardines de Guadalupe,mayo,viernes,21,-101.22742921114,19.713282905556
34865,34870,2021,MOR210342602,2021/05/14,22:50:00,SUBIDA AL CAMELLÓN,ASFALTO,Bueno,Bueno,1,CHEVROLET,BLANCO,1,,62,MASCULINO,ALIENTO ETÍLICO,0,0,Morelia,La Colina,mayo,viernes,23,-101.216140433468,19.7038845667852
34866,34871,2021,,2021/05/14,23:00:00,COLISIÓN POR CORTE DE CIRCULACIÓN,ASFALTO,Bueno,Bueno,2,TOYOTA HIACE,BCO/CORAL,2,,45,,SIN DATOS,0,0,Morelia,Chapultepec Sur,mayo,viernes,23,-101.165772937238,19.688970624334
34867,34872,2021,LEG37023,2021/05/15,"00:00:00",COLISIÓN POR ALCANCE,CONCRETO,Bueno,Bueno,2,MERCEDEZ,BEIGE,2,,34,FEMENINO,SIN DATOS,0,0,Morelia,Chapultepec Sur,mayo,sábado,0,-101.176884353839,19.6931636430965
34868,34873,2021,MOR210342904,2021/05/15,"03:50:00",COLISIÓN POR ALCANCE,ASFALTO,Bueno,Bueno,2,SEAT,NEGRO,2,,32,FEMENINO,SIN DATOS,0,0,Morelia,Villas Lomas del Paraiso,mayo,sábado,4,-101.175568730317,19.6734178280896
34869,34874,2021,MOR/210342990,2021/05/15,"07:30:00",COLISIÓN CONTRA OBJETO FIJO,CONCRETO,Bueno,Bueno,1,HYUNDAI,PLATA,1,MINISTERIO PÚBLICO,29,MASCULINO,SIN DATOS,0,0,Morelia,Cañada del Bosque,mayo,sábado,8,-101.095479279757,19.7297621723328
34870,34875,2021,,2021/05/15,10:45:00,COLISIÓN POR CAMBIO DE CARRIL,ASFALTO,Bueno,Bueno,2,VOLKSWAGEN,ROJO,2,,18,MASCULINO,SIN DATOS,0,0,Morelia,Vicente Guerrero,mayo,sábado,11,-101.226897767998,19.7041916890117
34871,34876,2021,,2021/05/15,12:00:00,COLISIÓN POR ALCANCE,ASFALTO,Bueno,Bueno,2,TOYOTA,GRIS,2,,25,FEMENINO,SIN DATOS,0,0,Morelia,Centro,mayo,sábado,12,-101.189594976604,19.705231446747
34872,34877,2021,MOR210343500,2021/05/15,12:09:00,CAIDA DE MOTOCICLETA,ASFALTO,Bueno,Bueno,1,BAJAJ,ROJO/NEGRO,1,,26,MASCULINO,SIN DATOS,0,0,Morelia,Cañada del Bosque,mayo,sábado,12,-101.095483638346,19.7297644119084
34873,34878,2021,,2021/05/15,12:20:00,COLISIÓN POR ALCANCE,ASFALTO,Bueno,Bueno,2,DODGE,BLANCO,2,,43,MASCULINO,SIN DATOS,0,0,Morelia,Villa Universidad,mayo,sábado,12,-101.21407750994,19.6879234716999
34874,34879,2021,,2021/05/15,12:30:00,VOLCADURA,ASFALTO,Bueno,Bueno,2,CHEVROLET,BLANCO,2,,27,MASCULINO,SIN DATOS,0,0,Tarímbaro,Hacienda del Sol,mayo,sábado,13,-101.20834864676,19.7653631850126
34875,34880,2021,MOR / 210,2021/05/15,12:45:00,COLISIÓN POR MANIOBRA DE REVERSA,CONCRETO,Bueno,Bueno,2,MERCEDEZ,BLANCO,2,,76,MASCULINO,SIN DATOS,0,0,Morelia,Las Americas,mayo,sábado,13,-101.152716980063,19.6889709113098
34876,34881,2021,,2021/05/15,14:50:00,CAIDA DE MOTOCICLETA,ASFALTO,Bueno,Bueno,1,ITALIKA,NEGRO,1,,26,MASCULINO,SIN DATOS,0,0,Morelia,Arcos del Valle,mayo,sábado,15,-101.236248984933,19.7076223617371