fid,id_accidente,anio_origen,folio_c5i,dia_incidente,hora_ocurrencia,tipo_incidente_vial,superficie_ocurrencia,condiciones_climaticas,condiciones_via,numero_vehiculos_involucrados,marca_vehiculo_ocasiona_siniestro,color_vehiculo_ocasiona_siniestro,numero_personas_involucradas,lugar_remite_presunto_responsable,edad_presunto_responsable,sexo_presunto_responsable,resultados_toxicologia,numero_personas_lesionadas,numero_personas_fallecidas,municipio,colonia,mes,dia_semana,hora_redondeada,lon,lat
34877,34882,2021,,2021/05/15,15:00:00,COLISIÓN POR CAMBIO DE CARRIL,ASFALTO,Lluvioso,Bueno,2,TOYOTA,BLANCO/GRIS,2,,31,MASCULINO,SIN DATOS,0,0,Morelia,Rinconada del Valle,mayo,sábado,15,-101.219115704298,19.6779414724679
34878,34883,2021,,2021/05/15,15:00:00,COLISIÓN POR ALCANCE,ASFALTO,Nublado,Bueno,2,NISSAN,BLANCO,2,,22,MASCULINO,SIN DATOS,0,0,Morelia,Eduardo Ruiz,mayo,sábado,15,-101.220717958438,19.7211554094194
34879,34884,2021,,2021/05/15,15:20:00,COLISIÓN POR CAMBIO DE CARRIL,ASFALTO,Bueno,Bueno,2,VOLKSWAGEN,BLANCO,2,MINISTERIO PÚBLICO,28,MASCULINO,SIN DATOS,0,0,Morelia,Isaac Arriaga,mayo,sábado,15,-101.168582185425,19.7089518503071
34880,34885,2021,MOR/210341483,2021/05/15,15:20:00,COLISIÓN POR NO RESPETAR SEMÁFORO,ASFALTO,Bueno,Bueno,2,VOLKSWAGEN,BLANCO,2,,30,MASCULINO,SIN DATOS,0,0,Morelia,Alberto Oviedo Mota,mayo,sábado,15,-101.201987818562,19.6775446706964
34881,34886,2021,MOR210344100,2021/05/15,15:42:00,COLISIÓN POR CORTE DE CIRCULACIÓN,ASFALTO,Nublado,Bueno,2,ITALIKA,NEGRO,2,,20,MASCULINO,SIN DATOS,0,0,Morelia,Matamoros,mayo,sábado,16,-101.165750809014,19.6961674646391
34882,34887,2021,,2021/05/15,16:20:00,COLISIÓN CONTRA OBJETO FIJO,CONCRETO,Bueno,Bueno,2,CHEVROLET,BLANCO,1,,25,MASCULINO,SIN DATOS,0,0,Morelia,Central de Abastos,mayo,sábado,16,-101.170012199067,19.7159467987733
34883,34888,2021,,2021/05/15,16:30:00,COLISIÓN POR INVASIÓN DE CARRIL,ASFALTO,Bueno,Regular,2,VOLKSWAGEN,ROJO,3,MINISTERIO PÚBLICO,33,MASCULINO,SIN DATOS,2,0,Tzitzio,Tzitzio,mayo,sábado,17,-100.929010019395,19.5885057700422
34884,34889,2021,,2021/05/15,17:00:00,COLISIÓN POR CORTE DE CIRCULACIÓN,ASFALTO,Bueno,Bueno,2,KIA,BLANCO,2,,25,MASCULINO,SIN DATOS,0,0,Morelia,Prados Verdes,mayo,sábado,17,-101.201308183372,19.7153326275695
34885,34890,2021,,2021/05/15,17:00:00,COLISIÓN POR CORTE DE CIRCULACIÓN,CONCRETO,Bueno,Bueno,2,NISSAN,GUINDA,2,,70,FEMENINO,SIN DATOS,0,0,Morelia,Infonavit Colonial Universidad,mayo,sábado,17,-101.20413724333,19.6863841298806
34886,34891,2021,,2021/05/15,17:30:00,SALIDA DE SUPERFICIE DE RODAMIENTO,ASFALTO,Bueno,Bueno,1,ITALIKA,NEGRO,2,,,,,2,0,Morelia,Ampliacion La Soledad,mayo,sábado,18,-101.182178638197,19.7367600257092
34887,34892,2021,,2021/05/15,17:55:00,COLISIÓN CONTRA OBJETO FIJO,CONCRETO,Bueno,Bueno,1,GENERAL MOTORS,BLANCO,1,,22,MASCULINO,SIN DATOS,0,0,Morelia,Colinas del Sur,mayo,sábado,18,-101.19868632406,19.6670015982639
34888,34893,2021,,2021/05/15,18:15:00,COLISIÓN CONTRA OBJETO FIJO,ASFALTO,Nublado,Regular,1,CHEVROLET,ROJO,1,,43,FEMENINO,SIN DATOS,0,0,Morelia,Nicolaitas Ilustres,mayo,sábado,18,-101.226993016899,19.7214927683647
34889,34894,2021,,2021/05/15,19:00:00,COLISIÓN POR INVASIÓN DE CARRIL,CONCRETO,Bueno,Bueno,2,SEAT,BLANCO,2,,35,MASCULINO,SIN DATOS,0,0,Tarímbaro,Galaxias Tarimbaro,mayo,sábado,19,-101.195426800035,19.7627926233577
34890,34895,2021,MOR210342003,2021/05/15,19:05:00,COLISIÓN POR CORTE DE CIRCULACIÓN,ASFALTO,Bueno,Bueno,2,HONDA,PLATA,2,,43,MASCULINO,SIN DATOS,0,0,Morelia,Felicitas del Rio,mayo,sábado,19,-101.198329536875,19.6918038723826
34891,34896,2021,,2021/05/15,19:30:00,CAIDA DE MOTOCICLETA,ASFALTO,Bueno,Bueno,1,ITALIKA,ROJO/NEGRO,1,,25,MASCULINO,SIN DATOS,0,0,Morelia,Villas del Real,mayo,sábado,20,-101.198666177012,19.7346323710343
34892,34897,2021,,2021/05/15,20:00:00,COLISIÓN POR ALCANCE,ASFALTO,Bueno,Bueno,2,FORD,BEIGE,2,MINISTERIO PÚBLICO,45,MASCULINO,SIN DATOS,0,0,Morelia,Isaac Arriaga,mayo,sábado,20,-101.169424429536,19.7086042784752
34893,34898,2021,,2021/05/15,20:00:00,SALIDA DE SUPERFICIE DE RODAMIENTO,ASFALTO,Bueno,Bueno,1,NISSAN,ROJO/BLANCO,1,,28,MASCULINO,CON CERTIFICADO,0,0,Morelia,Miravallle,mayo,sábado,20,-101.279467053033,19.7017072332115
34894,34899,2021,,2021/05/15,20:20:00,COLISIÓN CONTRA OBJETO FIJO,ASFALTO,Bueno,Bueno,1,NISSAN,BLANCO,1,,23,MASCULINO,SIN DATOS,0,0,Morelia,Cañada del Bosque,mayo,sábado,20,-101.095476932824,19.7297615411451
34895,34900,2021,,2021/05/15,21:50:00,COLISIÓN CONTRA OBJETO FIJO,ASFALTO,Bueno,Bueno,2,VOLKSWAGEN,GRIS,1,,30,MASCULINO,SIN DATOS,0,0,Morelia,Trinidad Salgado,mayo,sábado,22,-101.230218373239,19.7048504086735
34896,34901,2021,,2021/05/15,22:00:00,COLISIÓN POR INVASIÓN DE CARRIL,CONCRETO,Bueno,Regular,2,VOLKSWAGEN,ROJO,2,,47,MASCULINO,ALIENTO ETÍLICO,0,0,Morelia,Sin datos,mayo,sábado,22,-101.151305772364,19.6702802923956
34897,34902,2021,MOR210342490,2021/05/15,22:00:00,COLISIÓN POR CORTE DE CIRCULACIÓN,ASFALTO,Lluvioso,Bueno,1,ITALIKA,AZUL,0,MINISTERIO PÚBLICO,,,,0,0,Morelia,Pastor Manuel Sanchez Camarena,mayo,sábado,22,-101.19924123652,19.737207201973
34898,34903,2021,,2021/05/15,22:40:00,COLISIÓN POR ALCANCE,CONCRETO,Bueno,Bueno,2,SUZUKI,BLANCO,2,,,FEMENINO,SIN DATOS,0,0,Morelia,Centro,mayo,sábado,23,-101.19118388321,19.702768457823
34899,34904,2021,,2021/05/15,23:00:00,COLISIÓN POR CORTE DE CIRCULACIÓN,CONCRETO,Bueno,Bueno,2,DODGE,PLATA,1,,28,MASCULINO,SIN DATOS,0,0,Tarímbaro,Centro,mayo,sábado,23,-101.1743003,19.7951276
34900,34905,2021,MOR210345736,2021/05/15,23:09:00,COLISIÓN CONTRA OBJETO FIJO,ASFALTO,Bueno,Bueno,1,HONDA,PLATA,1,,33,MASCULINO,SIN DATOS,0,0,Morelia,Montaña Monarca,mayo,sábado,23,-101.165420196272,19.671502750123
34901,34906,2021,MOR210348006,2021/05/16,"00:00:00",COLISIÓN POR CORTE DE CIRCULACIÓN,CONCRETO,Bueno,Bueno,2,VOLKSWAGEN,BLANCO,2,,23,FEMENINO,SIN DATOS,0,0,Morelia,Vasco de Quiroga,mayo,domingo,0,-101.178106404841,19.6991640558514
34902,34907,2021,,2021/05/16,"02:00:00",VOLCADURA,ASFALTO,Bueno,Bueno,1,CHEVROLET,AZUL,0,MINISTERIO PÚBLICO,,,,0,0,Lázaro Cárdenas,Centro,mayo,domingo,2,-102.193683944643,17.9528795195062
34903,34908,2021,,2021/05/16,"02:15:00",COLISIÓN POR CORTE DE CIRCULACIÓN,CONCRETO,Bueno,Bueno,2,GMC,GRIS,2,MINISTERIO PÚBLICO,25,MASCULINO,ALIENTO ETÍLICO,0,0,Morelia,Ventura Puente,mayo,domingo,2,-101.190135776997,19.6909135307618
34904,34909,2021,,2021/05/16,"02:30:00",VOLCADURA,ASFALTO,Bueno,Bueno,1,BMW,BLANCO,0,,,,,0,0,Morelia,Cuauhtemoc,mayo,domingo,3,-101.182606932687,19.697549348141
34905,34910,2021,,2021/05/16,"05:00:00",COLISIÓN POR CORTE DE CIRCULACIÓN,ASFALTO,Bueno,Bueno,1,VOLSKWAGEN,CAFE,0,MINISTERIO PÚBLICO,,,,0,0,Lázaro Cárdenas,Las Palmas,mayo,domingo,5,-102.220264649066,17.967682522105
34906,34911,2021,,2021/05/16,12:30:00,COLISIÓN POR CORTE DE CIRCULACIÓN,ASFALTO,Bueno,Bueno,1,ITALIKA,ROJO/BLANCO,1,,16,MASCULINO,SIN DATOS,0,0,Salvador Escalante,Cuirinditzio,mayo,domingo,13,-101.629873490467,19.4089717754385
34907,34912,2021,MOR210346976,2021/05/16,14:20:00,COLISIÓN POR CORTE DE CIRCULACIÓN,ASFALTO,Bueno,Bueno,2,CHEVROLET,BLANCO,2,,43,MASCULINO,SIN DATOS,0,0,Morelia,Rafael Carrillo,mayo,domingo,14,-101.235812821172,19.7085437338145
34908,34913,2021,MOR210347052,2021/05/16,15:10:00,COLISIÓN CONTRA OBJETO FIJO,ASFALTO,Bueno,Bueno,1,BMW,GRIS,1,,19,MASCULINO,SIN DATOS,0,0,Morelia,Montaña Monarca,mayo,domingo,15,-101.160909421742,19.6718032758998
34909,34914,2021,MOR210347324,2021/05/16,17:05:00,COLISIÓN CONTRA OBJETO FIJO,SIN_DATOS,Bueno,Bueno,1,HONDA,AZUL,1,MINISTERIO PÚBLICO,31,FEMENINO,SIN DATOS,0,0,Morelia,Centro,mayo,domingo,17,-101.195294676169,19.6968840298876
34910,34915,2021,MOR 210347478,2021/05/16,18:15:00,COLISIÓN POR ALCANCE,CONCRETO,Bueno,Bueno,3,NISSAN,BLANCO,3,MINISTERIO PÚBLICO,66,MASCULINO,SIN DATOS,0,0,Morelia,El Lago 1,mayo,domingo,18,-101.2192799896,19.7275953476664
34911,34916,2021,MOR210347804,2021/05/16,18:30:00,COLISIÓN CONTRA OBJETO FIJO,ASFALTO,Bueno,Bueno,1,CHEVROLET,NEGRO,1,MINISTERIO PÚBLICO,21,MASCULINO,SIN DATOS,0,0,Morelia,Alberto Oviedo Mota,mayo,domingo,19,-101.197463907301,19.6811161382591
34912,34917,2021,MOR210347549,2021/05/16,18:53:00,VOLCADURA,SIN_DATOS,Bueno,Bueno,1,CHRYSLER,ROJO,1,,41,MASCULINO,SIN DATOS,0,0,Tarímbaro,Club Erandeni,mayo,domingo,19,-101.181780025363,19.7593220584394
34913,34918,2021,MOR210347599,2021/05/16,19:10:00,COLISIÓN POR MANIOBRA DE REVERSA,CONCRETO,Bueno,Bueno,2,FORD,ROJO,2,,43,MASCULINO,ALIENTO ETÍLICO,0,0,Morelia,La Quemada,mayo,domingo,19,-101.241059526801,19.705728123442
34914,34919,2021,"210347844",2021/05/16,20:20:00,COLISIÓN CON PEATÓN,ASFALTO,Bueno,Bueno,1,VOLKSWAGEN,GRIS,1,,28,MASCULINO,SIN DATOS,0,0,Morelia,Sin datos,mayo,domingo,20,-101.304397881031,19.6876741445373
34915,34920,2021,,2021/05/16,22:50:00,COLISIÓN CONTRA OBJETO FIJO,ASFALTO,Bueno,Bueno,1,HONDA,ARENA,1,,,,SIN DATOS,0,0,Morelia,Popular Pogreso,mayo,domingo,23,-101.200259805404,19.7229326042112
34916,34921,2021,MOR210349879,2021/05/17,"00:00:00",COLISIÓN POR ALCANCE,ASFALTO,Bueno,Regular,2,NISSAN,GRIS,2,,19,MASCULINO,SIN DATOS,0,0,Morelia,Mariano Michelena,mayo,lunes,0,-101.231337504797,19.6758071810468
34917,34922,2021,,2021/05/17,"00:00:00",COLISIÓN POR CORTE DE CIRCULACIÓN,ASFALTO,Bueno,Bueno,2,FORD,BLANCO,2,,42,MASCULINO,SIN DATOS,0,0,Morelia,Sentimientos de La Nacion,mayo,lunes,0,-101.235298477113,19.6812546686444
34918,34923,2021,,2021/05/17,"08:05:00",COLISIÓN POR MANIOBRA DE REVERSA,CONCRETO,Bueno,Bueno,2,KENWORTH,ROJO,2,,23,MASCULINO,SIN DATOS,0,0,Morelia,Elias Perez Avalos,mayo,lunes,8,-101.168679781258,19.7144150534013
34919,34924,2021,LEG37093,2021/05/17,"08:11:00",COLISIÓN POR CAMBIO DE CARRIL,ASFALTO,Bueno,Bueno,2,VOLKSWAGEN,AZUL,2,,40,MASCULINO,SIN DATOS,0,0,Morelia,Leandro Valle,mayo,lunes,8,-101.231682595409,19.7212022571141
34920,34925,2021,,2021/05/17,"08:40:00",COLISIÓN POR CAMBIO DE CARRIL,ASFALTO,Bueno,Bueno,2,KENWORTH,BLANCO,2,,38,MASCULINO,SIN DATOS,0,0,Morelia,Vicente Lombardo Toledano (Ejidal Isacc Arriaga) (Etnias de Mexico),mayo,lunes,9,-101.148596070707,19.7206191570001
34921,34926,2021,,2021/05/17,"09:00:00",COLISIÓN POR CAMBIO DE CARRIL,ASFALTO,Bueno,Bueno,2,KIA,ROJO,2,,25,MASCULINO,SIN DATOS,0,0,Morelia,Jardines del Rincon,mayo,lunes,9,-101.153381802142,19.6873473612105
34922,34927,2021,,2021/05/17,10:50:00,COLISIÓN CONTRA OBJETO FIJO,ASFALTO,Bueno,Bueno,1,VOLKSWAGEN,BLANCO,1,,29,MASCULINO,SIN DATOS,0,0,Morelia,La Floresta,mayo,lunes,11,-101.151943833314,19.6835128088217
34923,34928,2021,,2021/05/17,12:05:00,COLISIÓN POR CORTE DE CIRCULACIÓN,ASFALTO,Bueno,Bueno,2,KAWUAZAKI,AZUL,2,,29,MASCULINO,SIN DATOS,0,0,Morelia,Niño Artillero,mayo,lunes,12,-101.253887533225,19.6966180829493
34924,34929,2021,,2021/05/17,13:30:00,COLISIÓN POR CAMBIO DE CARRIL,ASFALTO,Bueno,Bueno,2,TEMPEST,ROJO,2,,29,MASCULINO,SIN DATOS,0,0,Morelia,Centenario (Los Alamos Poniente),mayo,lunes,14,-101.175292036071,19.7348113071898
34925,34930,2021,,2021/05/17,15:15:00,COLISIÓN POR ALCANCE,ASFALTO,Bueno,Bueno,2,PLYMOUT GRAN VOYAGER,AZUL,3,MINISTERIO PÚBLICO,32,MASCULINO,SIN DATOS,1,0,Morelia,Bosques de Oriente,mayo,lunes,15,-101.154702790082,19.71654928969
34926,34931,2021,,2021/05/17,18:00:00,COLISIÓN CONTRA OBJETO FIJO,CONCRETO,Nublado,Bueno,1,TOYOTA,GRIS,1,,47,MASCULINO,ALIENTO ETÍLICO,0,0,Morelia,La Quemada,mayo,lunes,18,-101.240059827697,19.7032952648833
34927,34932,2021,,2021/05/17,18:40:00,COLISIÓN POR ALCANCE,CONCRETO,Bueno,Bueno,2,NISSAN VERSA,ROJO,2,MINISTERIO PÚBLICO,46,MASCULINO,SIN DATOS,0,0,Morelia,Jardines de Torremolinos,mayo,lunes,19,-101.227770565645,19.6784160171512
34928,34933,2021,,2021/05/17,19:50:00,COLISIÓN POR CORTE DE CIRCULACIÓN,CONCRETO,Bueno,Bueno,2,CHEVROLET,BLANCO/ROSA,2,,22,MASCULINO,SIN DATOS,0,0,Morelia,Nueva Chapultepec,mayo,lunes,20,-101.164399615742,19.6884090099851
34929,34934,2021,,2021/05/17,19:55:00,COLISIÓN POR ALCANCE,ASFALTO,Lluvioso,Bueno,3,FORD,ROJO,3,MINISTERIO PÚBLICO,21,MASCULINO,SIN DATOS,0,0,Morelia,Rinconada del Valle,mayo,lunes,20,-101.222,19.6779
34930,34935,2021,MOR210348108,2021/05/17,21:50:00,CAIDA ACUATICA DE VEHÍCULO,CONCRETO,Bueno,Bueno,1,VOLKSWAGEN,BLANCO,2,MINISTERIO PÚBLICO,39,MASCULINO,SIN DATOS,0,1,Tarímbaro,Sin datos,mayo,lunes,22,-101.17970698259,19.7522274311662
34931,34936,2021,MOR210348363,2021/05/17,23:30:00,CAIDA DE MOTOCICLETA,CONCRETO,Bueno,Malo,1,VENTO,NEGRO,1,,31,MASCULINO,ALIENTO ETÍLICO,0,0,Morelia,Residencial Alborada,mayo,lunes,0,-101.234587356448,19.7023511276489
34932,34937,2021,MOR210351124,2021/05/18,"07:55:00",COLISIÓN POR ALCANCE,ASFALTO,Bueno,Bueno,3,NISSAN,PLATA,3,,39,FEMENINO,SIN DATOS,0,0,Morelia,Niño Artillero,mayo,martes,8,-101.251698874615,19.6981305718137
34933,34938,2021,MOR210351154,2021/05/18,"09:10:00",COLISIÓN POR NO RESPETAR SEMÁFORO,ASFALTO,Bueno,Bueno,2,ITALIKA,NEGRO Y AMARILLO,3,,22,MASCULINO,SIN DATOS,1,0,Morelia,Ejidal San Isidro,mayo,martes,9,-101.283747188069,19.6903096806211
34934,34939,2021,,2021/05/18,"09:30:00",COLISIÓN POR ALCANCE,CONCRETO,Bueno,Bueno,2,SEAT,BLANCO,2,,32,MASCULINO,SIN DATOS,0,0,Morelia,Centro,mayo,martes,10,-101.181502081454,19.7020256942714
34935,34940,2021,MOR210351257,2021/05/18,"09:47:00",COLISIÓN POR CORTE DE CIRCULACIÓN,ASFALTO,Bueno,Bueno,2,RENAULT,BLANCO,2,,51,MASCULINO,SIN DATOS,0,0,Morelia,Alfonso Garcia Robles,mayo,martes,10,-101.183870837771,19.7192424806366
34936,34941,2021,MOR210351472,2021/05/18,10:46:00,COLISIÓN CONTRA OBJETO FIJO,CONCRETO,Bueno,Bueno,1,MITSUBISHI,NEGRO,1,,27,FEMENINO,SIN DATOS,0,0,Morelia,Dr Miguel Silva,mayo,martes,11,-101.183911040425,19.719156604743
34937,34942,2021,MOR210351685,2021/05/18,12:14:00,COLISIÓN POR CAMBIO DE CARRIL,ASFALTO,Bueno,Bueno,2,INTERNATIONAL,AZUL,2,,52,MASCULINO,SIN DATOS,0,0,Morelia,Lomas de Las Americas Norte,mayo,martes,12,-101.147727339782,19.6945951823717
34938,34943,2021,,2021/05/18,13:50:00,COLISIÓN CON PEATÓN,ASFALTO,Bueno,Bueno,1,ITALIKA,VERDE,1,,0,MASCULINO,SIN DATOS,0,0,Morelia,Isaac Arriaga,mayo,martes,14,-101.174259111285,19.7064589174622
34939,34944,2021,MOR210352053,2021/05/18,14:05:00,COLISIÓN POR CORTE DE CIRCULACIÓN,ASFALTO,Bueno,Bueno,2,MERCEDEZ BENZ,BLANCO,2,,34,MASCULINO,SIN DATOS,0,0,Morelia,Vasco de Quiroga,mayo,martes,14,-101.174862669275,19.700379922694
34940,34945,2021,MOR210352223,2021/05/18,15:00:00,COLISIÓN POR CORTE DE CIRCULACIÓN,ASFALTO,Bueno,Bueno,2,NISSAN,AZUL,2,,25,MASCULINO,SIN DATOS,0,0,Morelia,Las Flores,mayo,martes,15,-101.205918199636,19.7025740036494
34941,34946,2021,,2021/05/18,15:10:00,COLISIÓN POR CAMBIO DE CARRIL,ASFALTO,Bueno,Bueno,2,GMC,GRIS,2,,34,,SIN DATOS,0,0,Morelia,Centro,mayo,martes,15,-101.181314296342,19.7033650143794
34942,34947,2021,,2021/05/18,16:00:00,COLISIÓN POR CAMBIO DE CARRIL,ASFALTO,Bueno,Bueno,2,TOYOTA,BCO/GRIS,2,,,MASCULINO,SIN DATOS,0,0,Morelia,Enrique Ramirez,mayo,martes,16,-101.165841638364,19.7098529855102
34943,34948,2021,MOR210349757,2021/05/18,16:35:00,COLISIÓN POR MANIOBRA DE REVERSA,CONCRETO,Bueno,Bueno,2,VOLKSWAGEN,BLANCO,2,,27,FEMENINO,SIN DATOS,0,0,Morelia,Los Sauces,mayo,martes,17,-101.183136247777,19.6611247224585
34944,34949,2021,,2021/05/18,18:00:00,COLISIÓN POR CORTE DE CIRCULACIÓN,SIN_DATOS,Bueno,Bueno,1,CHEVROLET,BLANCO,0,MINISTERIO PÚBLICO,,,,0,0,Lázaro Cárdenas,1Er Sect de Fidelac,mayo,martes,18,-102.200384133242,17.9615605032278
34945,34950,2021,LEG37101,2021/05/18,21:00:00,COLISIÓN POR ALCANCE,CONCRETO,Bueno,Bueno,2,CHEVROLET,ROJO,2,,49,MASCULINO,CON CERTIFICADO,0,0,Morelia,Felix Ireta,mayo,martes,21,-101.190721169114,19.6908134631764
34946,34951,2021,MOR210353364,2021/05/18,22:20:00,COLISIÓN CONTRA OBJETO FIJO,ASFALTO,Bueno,Bueno,1,CHEVROLET,AZUL,2,MINISTERIO PÚBLICO,0,MASCULINO,SIN DATOS,1,0,Morelia,La Loma,mayo,martes,22,-101.186093019678,19.6810860591893
34947,34952,2021,,2021/05/19,"00:00:00",COLISIÓN POR ALCANCE,ASFALTO,Bueno,Bueno,4,FORD,BLANCO,3,,37,MASCULINO,SIN DATOS,0,0,Morelia,Fidel Velazquez,mayo,miércoles,0,-101.2361285,19.7061695
34948,34953,2021,MOR210353915,2021/05/19,"09:47:00",COLISIÓN POR ALCANCE,CONCRETO,Bueno,Bueno,2,KIA,BLANCO,2,,46,MASCULINO,SIN DATOS,0,0,Morelia,Loma Real,mayo,miércoles,10,-101.198111020707,19.7293793565278
34949,34954,2021,,2021/05/19,10:00:00,COLISIÓN POR CORTE DE CIRCULACIÓN,ASFALTO,Bueno,Bueno,2,NISSAN,BLANCO,2,,26,FEMENINO,SIN DATOS,0,0,Morelia,Centro,mayo,miércoles,10,-101.19118388321,19.702768457823
34950,34955,2021,,2021/05/19,11:10:00,COLISIÓN POR CORTE DE CIRCULACIÓN,ASFALTO,Bueno,Bueno,2,VOLKSWAGEN,BLANCO,2,,44,MASCULINO,SIN DATOS,0,0,Morelia,Ventura Puente,mayo,miércoles,11,-101.179497556933,19.692352637485
34951,34956,2021,,2021/05/19,12:00:00,COLISIÓN POR CAMBIO DE CARRIL,ASFALTO,Bueno,Bueno,2,NISSAN,BLANCO,2,,,,SIN DATOS,0,0,Morelia,Americas Britania,mayo,miércoles,12,-101.149189814247,19.6946516860849
34952,34957,2021,MOR210351666,2021/05/19,12:20:00,COLISIÓN POR ALCANCE,ASFALTO,Bueno,Bueno,2,KENWORTH,GUINDA,2,,29,MASCULINO,SIN DATOS,0,0,Morelia,Jardines de La Loma,mayo,miércoles,12,-101.224346377644,19.6767986772599
34953,34958,2021,,2021/05/19,12:30:00,COLISIÓN POR CORTE DE CIRCULACIÓN,CONCRETO,Bueno,Bueno,2,CHEVROLET ONIX,ROJO,2,,31,MASCULINO,SIN DATOS,0,0,Morelia,Lomas de Hidalgo,mayo,miércoles,13,-101.160867959682,19.697918934297
34954,34959,2021,MOR210354454,2021/05/19,12:54:00,COLISIÓN CONTRA OBJETO FIJO,ASFALTO,Bueno,Bueno,1,CHEVROLET,BLANCO,1,,20,MASCULINO,SIN DATOS,0,0,Morelia,Eduardo Ruiz,mayo,miércoles,13,-101.216187707402,19.7171427114534
34955,34960,2021,,2021/05/19,14:30:00,COLISIÓN POR CORTE DE CIRCULACIÓN,ASFALTO,Bueno,Bueno,2,VENTO,ARENA,2,,20,MASCULINO,SIN DATOS,0,0,Morelia,Sin datos,mayo,miércoles,15,-101.339427165009,19.6856461945654
34956,34961,2021,LEG37124,2021/05/19,15:39:00,COLISIÓN CONTRA OBJETO FIJO,CONCRETO,Bueno,Bueno,1,FORD,BLANCO,1,MINISTERIO PÚBLICO,63,MASCULINO,CON CERTIFICADO,0,0,Morelia,Loma Real,mayo,miércoles,16,-101.198034852075,19.731367590167
34957,34962,2021,,2021/05/19,15:55:00,COLISIÓN CONTRA OBJETO FIJO,ASFALTO,Bueno,Bueno,1,VOLKSWAGEN,PLATA,1,MINISTERIO PÚBLICO,0,,SIN DATOS,0,0,Morelia,Lomas del Tecnologico,mayo,miércoles,16,-101.193062371838,19.723272512951
34958,34963,2021,,2021/05/19,16:50:00,COLISIÓN POR CAMBIO DE CARRIL,ASFALTO,Bueno,Bueno,2,TOYOTA,GRIS CON BLANCO,2,,30,MASCULINO,SIN DATOS,0,0,Morelia,Lomas del Pedregal,mayo,miércoles,17,-101.284884534717,19.6921578400803
34959,34964,2021,,2021/05/19,17:20:00,COLISIÓN POR CORTE DE CIRCULACIÓN,ASFALTO,Bueno,Bueno,2,NISSAN,AZUL,2,,36,MASCULINO,SIN DATOS,0,0,Morelia,Centro,mayo,miércoles,17,-101.19118388321,19.702768457823
34960,34965,2021,,2021/05/19,18:40:00,COLISIÓN POR CAMBIO DE CARRIL,ASFALTO,Bueno,Bueno,2,CHEVROLET SILVERADO,ROJO,1,,60,MASCULINO,SIN DATOS,0,0,Morelia,Americas Britania,mayo,miércoles,19,-101.149993105366,19.6922257964233
34961,34966,2021,LEG37111,2021/05/19,22:20:00,COLISIÓN CONTRA OBJETO FIJO,ASFALTO,Bueno,Bueno,1,CHEVROLET,AZUL,2,MINISTERIO PÚBLICO,0,MASCULINO,SIN DATOS,1,0,Morelia,Felix Ireta,mayo,miércoles,22,-101.185136840426,19.6811419961231
34962,34967,2021,MOR210353515,2021/05/19,23:10:00,COLISIÓN POR CORTE DE CIRCULACIÓN,ASFALTO,Bueno,Bueno,1,NISSAN,ROJO,1,,23,MASCULINO,SIN DATOS,0,0,Morelia,Tinijaro,mayo,miércoles,23,-101.261368512429,19.696608154309
34963,34968,2021,MOR210356526,2021/05/20,"08:20:00",SALIDA DE SUPERFICIE DE RODAMIENTO,ASFALTO,Bueno,Bueno,1,RENAULT,GRIS,1,,29,MASCULINO,SIN DATOS,0,0,Morelia,Cañada del Bosque,mayo,jueves,8,-101.095476194667,19.7297609735929
34964,34969,2021,LEG37130,2021/05/20,"09:20:00",COLISIÓN POR MANIOBRA DE REVERSA,ASFALTO,Bueno,Bueno,2,FORD,NEGRO,2,,17,MASCULINO,SIN DATOS,0,0,Tarímbaro,Sin datos,mayo,jueves,9,-101.103916290094,19.7834650302533
34965,34970,2021,MOR210356741,2021/05/20,10:15:00,COLISIÓN POR CORTE DE CIRCULACIÓN,ASFALTO,Bueno,Bueno,2,NISSAN,PLATA,2,,47,MASCULINO,SIN DATOS,0,0,Morelia,Vicente Lombardo Toledano (Ejidal Isacc Arriaga) (Etnias de Mexico),mayo,jueves,10,-101.1514865564,19.7185989198377
34966,34971,2021,MOR 210356888,2021/05/20,11:25:00,COLISIÓN POR ALCANCE,ASFALTO,Bueno,Bueno,2,NISSAN,GRIS,2,,62,MASCULINO,SIN DATOS,0,0,Morelia,Lomas de Huerta,mayo,jueves,11,-101.2101457268,19.6723238778328
34967,34972,2021,,2021/05/20,12:00:00,COLISIÓN POR CAMBIO DE CARRIL,ASFALTO,Bueno,Bueno,2,FRIGTHLINER,BLANCO,2,,55,MASCULINO,SIN DATOS,0,0,Morelia,Xangari,mayo,jueves,12,-101.220454735594,19.6734235107795
34968,34973,2021,MOR 210357170,2021/05/20,14:10:00,COLISIÓN POR CAMBIO DE CARRIL,ASFALTO,Bueno,Bueno,2,FORD,BLANCO,2,,36,MASCULINO,SIN DATOS,0,0,Morelia,Ventura Puente,mayo,jueves,14,-101.185027174652,19.6949556407087
34969,34974,2021,,2021/05/20,14:30:00,COLISIÓN POR CAMBIO DE CARRIL,ASFALTO,Bueno,Bueno,2,NISSAN,ROJA,2,,37,MASCULINO,SIN DATOS,0,0,Morelia,Praderas del Indio,mayo,jueves,15,-101.230494945563,19.6541413004753
34970,34975,2021,MOR210357740,2021/05/20,14:45:00,COLISIÓN POR CORTE DE CIRCULACIÓN,ASFALTO,Bueno,Bueno,2,NISSAN,BLANCO,2,,54,MASCULINO,SIN DATOS,0,0,Morelia,Club de Golf Tres Marias,mayo,jueves,15,-101.114431128574,19.7039877826455
34971,34976,2021,MOR210357515,2021/05/20,16:00:00,COLISIÓN POR ALCANCE,ASFALTO,Bueno,Bueno,0,,,0,,,,,0,0,Morelia,Elias Perez Avalos,mayo,jueves,16,-101.169833466411,19.7135505565089