fid,id_accidente,anio_origen,folio_c5i,dia_incidente,hora_ocurrencia,tipo_incidente_vial,superficie_ocurrencia,condiciones_climaticas,condiciones_via,numero_vehiculos_involucrados,marca_vehiculo_ocasiona_siniestro,color_vehiculo_ocasiona_siniestro,numero_personas_involucradas,lugar_remite_presunto_responsable,edad_presunto_responsable,sexo_presunto_responsable,resultados_toxicologia,numero_personas_lesionadas,numero_personas_fallecidas,municipio,colonia,mes,dia_semana,hora_redondeada,lon,lat
34972,34977,2021,LEG37135,2021/05/20,16:00:00,COLISIÓN POR ALCANCE,ASFALTO,Bueno,Bueno,2,RENAULT,ROJO,2,,36,,SIN DATOS,0,0,Morelia,Elias Perez Avalos,mayo,jueves,16,-101.170187182724,19.7138147351255
34973,34978,2021,MOR 210357857,2021/05/20,17:40:00,COLISIÓN POR CORTE DE CIRCULACIÓN,ASFALTO,Bueno,Regular,2,VOLKSWAGEN,ROJO,2,,49,MASCULINO,SIN DATOS,0,0,Morelia,Arboledas de Valladolid,mayo,jueves,18,-101.250224299729,19.6977919009582
34974,34979,2021,MOR210357886,2021/05/20,18:45:00,COLISIÓN POR CORTE DE CIRCULACIÓN,ASFALTO,Bueno,Bueno,2,HONDA,ARENA,2,,31,FEMENINO,SIN DATOS,0,0,Morelia,Las Americas,mayo,jueves,19,-101.155800623658,19.6889809707376
34975,34980,2021,MOR210357798,2021/05/20,19:20:00,COLISIÓN POR INVASIÓN DE CARRIL,ASFALTO,Bueno,Bueno,2,FREIHHTLINER,BLANCO,2,,34,MASCULINO,SIN DATOS,0,0,Tarímbaro,Sin datos,mayo,jueves,19,-101.17092799066,19.7524076097972
34976,34981,2021,,2021/05/20,20:20:00,COLISIÓN POR ALCANCE,ASFALTO,Bueno,Bueno,2,VOLKSWAGEN,BLANCO,2,,23,MASCULINO,SIN DATOS,0,0,Morelia,Santa Maria,mayo,jueves,20,-101.201897293997,19.677826903448
34977,34982,2021,,2021/05/20,20:40:00,COLISIÓN POR CORTE DE CIRCULACIÓN,ASFALTO,Bueno,Bueno,1,YAMAHA,AZUL,0,,,,,0,0,Morelia,Villa Universidad,mayo,jueves,21,-101.212070242238,19.6921746582105
34978,34983,2021,,2021/05/20,22:15:00,COLISIÓN CONTRA OBJETO FIJO,ASFALTO,Bueno,Bueno,1,CHEVROLET,GRIS,1,,32,MASCULINO,SIN DATOS,0,0,Morelia,Morelos,mayo,jueves,22,-101.207605674863,19.7005415076623
34979,34984,2021,,2021/05/20,23:45:00,VOLCADURA,ASFALTO,Bueno,Regular,1,CHEVROLET,BLANCO,1,MINISTERIO PÚBLICO,33,MASCULINO,SIN DATOS,0,0,Morelia,Montaña Monarca,mayo,jueves,0,-101.161813021384,19.6724536621221
34980,34985,2021,LEG37142,2021/05/21,"00:50:00",COLISIÓN POR CORTE DE CIRCULACIÓN,ASFALTO,Bueno,Bueno,2,CHEVROLET,GRIS,2,,24,MASCULINO,SIN DATOS,0,0,Morelia,Ventura Puente,mayo,viernes,1,-101.190739944577,19.6910622689029
34981,34986,2021,MOR210358755,2021/05/21,"06:20:00",VOLCADURA,ASFALTO,Bueno,Bueno,1,NISSAN,BLANCO Y ROJO,1,,65,MASCULINO,SIN DATOS,0,0,Morelia,Lomas del Tecnologico,mayo,viernes,6,-101.196105033159,19.7242956777916
34982,34987,2021,MOR210358794,2021/05/21,"06:40:00",COLISIÓN CONTRA OBJETO FIJO,ASFALTO,Bueno,Bueno,1,CHEVROLET,GRIS,1,,48,MASCULINO,SIN DATOS,0,0,Morelia,Montaña Monarca,mayo,viernes,7,-101.160552718424,19.6714929344491
34983,34988,2021,,2021/05/21,"09:00:00",COLISIÓN CON PEATÓN,ASFALTO,Bueno,Regular,1,NISSAN,ROJO,2,,68,MASCULINO,SIN DATOS,1,0,Morelia,Justo Mendoza,mayo,viernes,9,-101.2310770154,19.7144679820337
34984,34989,2021,,2021/05/21,11:40:00,COLISIÓN CON PEATÓN,SIN_DATOS,Bueno,Bueno,2,TOYOTA,BLANCO,2,,50,MASCULINO,SIN DATOS,0,0,Morelia,Campestre Los Manantiales,mayo,viernes,12,-101.238337724723,19.6882334943357
34985,34990,2021,,2021/05/21,11:55:00,SALIDA DE SUPERFICIE DE RODAMIENTO,ASFALTO,Bueno,Bueno,2,HONDA,ROJO,2,,38,MASCULINO,SIN DATOS,0,0,Morelia,Bosques de Oriente,mayo,viernes,12,-101.155543662608,19.7155342527312
34986,34991,2021,,2021/05/21,12:00:00,COLISIÓN POR CORTE DE CIRCULACIÓN,ASFALTO,Bueno,Bueno,2,VOLKSWAGEN,PLATA,2,,52,MASCULINO,SIN DATOS,0,0,Morelia,Lomas de Hidalgo,mayo,viernes,12,-101.158555509016,19.6974854264409
34987,34992,2021,,2021/05/21,13:45:00,COLISIÓN POR CORTE DE CIRCULACIÓN,ASFALTO,Bueno,Bueno,2,ITALIKA,GRIS/NEGRO,2,,17,MASCULINO,SIN DATOS,0,0,Morelia,Ventura Puente,mayo,viernes,14,-101.179754317475,19.6907465409709
34988,34993,2021,,2021/05/21,14:55:00,COLISIÓN CONTRA OBJETO FIJO,CONCRETO,Bueno,Bueno,1,NISSAN,BLANCO,1,MINISTERIO PÚBLICO,25,MASCULINO,SIN DATOS,0,0,Morelia,Tenencia Morelos,mayo,viernes,15,-101.236873940592,19.6499128906623
34989,34994,2021,,2021/05/21,17:10:00,COLISIÓN POR CAMBIO DE CARRIL,ASFALTO,Bueno,Bueno,2,PEÑA MOTORS,AZUL,2,,38,MASCULINO,SIN DATOS,0,0,Morelia,Elias Perez Avalos,mayo,viernes,17,-101.165974895153,19.7106461380288
34990,34995,2021,,2021/05/21,17:34:00,COLISIÓN POR ALCANCE,ASFALTO,Bueno,Bueno,2,VOLKSWAGEN,PLATA,2,,24,MASCULINO,SIN DATOS,0,0,Morelia,Martires de Uruapan,mayo,viernes,18,-101.198300421238,19.7250228292381
34991,34996,2021,,2021/05/21,18:10:00,COLISIÓN POR ALCANCE,ASFALTO,Bueno,Bueno,2,FORD,BLANCO,2,MINISTERIO PÚBLICO,26,MASCULINO,SIN DATOS,0,0,Morelia,Morelia 450,mayo,viernes,18,-101.216506250203,19.6754028438869
34992,34997,2021,,2021/05/21,19:40:00,COLISIÓN POR CORTE DE CIRCULACIÓN,ASFALTO,Bueno,Bueno,2,DINAMO,VERDE,2,,49,MASCULINO,SIN DATOS,0,0,Morelia,Articulo Constitucional,mayo,viernes,20,-101.170153655112,19.7134373041735
34993,34998,2021,,2021/05/21,20:00:00,COLISIÓN POR CAMBIO DE CARRIL,CONCRETO,Bueno,Bueno,2,CHEVROLET,BLANCO,2,,22,MASCULINO,SIN DATOS,0,0,Morelia,Villas Oriente,mayo,viernes,20,-101.143786869943,19.7547372630194
34994,34999,2021,,2021/05/21,22:15:00,COLISIÓN POR CORTE DE CIRCULACIÓN,CONCRETO,Bueno,Bueno,2,CHEVROLET,PLATA,2,,46,FEMENINO,SIN DATOS,0,0,Morelia,Chapultepec Oriente,mayo,viernes,22,-101.162606327465,19.6904476775611
34995,35000,2021,,2021/05/21,23:10:00,COLISIÓN POR ALCANCE,ASFALTO,Bueno,Bueno,2,GENERAL MOTORS,BLANCO,2,MINISTERIO PÚBLICO,32,MASCULINO,SIN DATOS,0,0,Pátzcuaro,Santa Maria Huiramangaro,mayo,viernes,23,-101.761611253023,19.5126799717681
34996,35001,2021,,2021/05/21,23:30:00,COLISIÓN CON PEATÓN,ASFALTO,Bueno,Bueno,1,VOLKSWAGEN,BLANCO,1,,18,MASCULINO,SIN DATOS,0,0,Morelia,Lomas de Las Americas Sur,mayo,viernes,0,-101.146954193033,19.6942741525166
34997,35002,2021,MOR 210361617,2021/05/22,"00:00:00",COLISIÓN POR INVASIÓN DE CARRIL,ASFALTO,Bueno,Bueno,2,VOLKSWAGEN,PLATA,2,,32,MASCULINO,SIN DATOS,0,0,Morelia,Campestre Los Manantiales,mayo,sábado,0,-101.238337755203,19.6882344700618
34998,35003,2021,MOR210363775,2021/05/22,"01:23:00",COLISIÓN POR CORTE DE CIRCULACIÓN,CONCRETO,Bueno,Bueno,1,FORD,AZUL,1,,24,MASCULINO,SIN DATOS,0,0,Morelia,Ilustres Novohispanos,mayo,sábado,1,-101.153466962278,19.7097708634786
34999,35004,2021,,2021/05/22,"02:00:00",COLISIÓN POR CORTE DE CIRCULACIÓN,ASFALTO,Bueno,Bueno,1,FORD,VERDE,0,MINISTERIO PÚBLICO,,,,0,0,Lázaro Cárdenas,Sin datos,mayo,sábado,2,-102.233039326966,17.985653458888
35000,35005,2021,,2021/05/22,"03:30:00",COLISIÓN POR CORTE DE CIRCULACIÓN,ASFALTO,Bueno,Bueno,1,KIA,AZUL,0,,,,,0,0,Morelia,Fracc Valle de Mil Cumbres,mayo,sábado,4,-101.110904999077,19.6893809430735
35001,35006,2021,LEG37165,2021/05/22,"05:14:00",COLISIÓN CONTRA OBJETO FIJO,ASFALTO,Bueno,Bueno,1,JEEP,PLATA,0,,,,,0,0,Morelia,Los Angeles,mayo,sábado,5,-101.176658682525,19.7413535137279
35002,35007,2021,LEG37166,2021/05/22,10:00:00,SALIDA DE SUPERFICIE DE RODAMIENTO,ASFALTO,Bueno,Bueno,1,VOLKSWAGEN,NEGRO,2,,48,MASCULINO,SIN DATOS,1,0,Morelia,Sin datos,mayo,sábado,10,-101.387786082923,19.6667812846068
35003,35008,2021,MOR210361711,2021/05/22,10:38:00,COLISIÓN POR CORTE DE CIRCULACIÓN,ASFALTO,Bueno,Bueno,1,NISSAN,BLANCO,1,,70,MASCULINO,SIN DATOS,0,0,Morelia,Elias Perez Avalos,mayo,sábado,11,-101.167244464159,19.7120705513103
35004,35009,2021,MOR210361928,2021/05/22,12:20:00,COLISIÓN POR CORTE DE CIRCULACIÓN,ASFALTO,Bueno,Bueno,2,CHEVROLET,PLATA,2,,18,MASCULINO,SIN DATOS,0,0,Morelia,Elias Perez Avalos,mayo,sábado,12,-101.165389350869,19.7103617853507
35005,35010,2021,MOR210362007,2021/05/22,13:10:00,COLISIÓN POR ALCANCE,ASFALTO,Bueno,Bueno,2,CHEVROLET,BLANCO,2,,24,MASCULINO,SIN DATOS,0,0,Morelia,San Jose Itzicuaro,mayo,sábado,13,-101.304106495596,19.6878313228596
35006,35011,2021,,2021/05/22,14:00:00,COLISIÓN POR ALCANCE,ASFALTO,Bueno,Bueno,2,TOYOTA,BLANCO,2,,34,MASCULINO,SIN DATOS,0,0,Morelia,La Floresta,mayo,sábado,14,-101.152352839708,19.6845855319221
35007,35012,2021,MOR210362449,2021/05/22,15:50:00,COLISIÓN POR ALCANCE,CONCRETO,Bueno,Bueno,2,DODGE,PLATA,1,,19,MASCULINO,SIN DATOS,0,0,Morelia,Quinceo,mayo,sábado,16,-101.221433102406,19.7277193489907
35008,35013,2021,MOR 210363115,2021/05/22,20:40:00,COLISIÓN POR INVASIÓN DE CARRIL,ASFALTO,Bueno,Malo,2,NISSAN,GRIS,2,,31,FEMENINO,SIN DATOS,0,0,Morelia,Adolfo Lopez Mateos,mayo,sábado,21,-101.228488683701,19.6983723356487
35009,35014,2021,MOR210363268,2021/05/22,21:50:00,COLISIÓN POR INVASIÓN DE CARRIL,CONCRETO,Bueno,Bueno,2,CHEVROLET,NEGRO,0,,,,,0,0,Morelia,Villas del Pedregal,mayo,sábado,22,-101.304371699013,19.6759323986781
35010,35015,2021,,2021/05/23,"00:00:00",COLISIÓN POR CORTE DE CIRCULACIÓN,ASFALTO,Bueno,Bueno,2,TOYOTA,GRIS,0,MINISTERIO PÚBLICO,,,,0,0,Lázaro Cárdenas,Segundo Sector de Fidelac,mayo,domingo,0,-102.20802872673,17.9537926690371
35011,35016,2021,LEG37184,2021/05/23,"00:00:00",COLISIÓN CONTRA OBJETO FIJO,ASFALTO,Bueno,Bueno,1,CHEVROLET,ROJO,0,MINISTERIO PÚBLICO,,,,0,0,Morelia,Jesus del Monte,mayo,domingo,0,-101.157320961356,19.658361436602
35012,35017,2021,LEG37179,2021/05/23,"00:00:00",COLISIÓN CONTRA OBJETO FIJO,ASFALTO,Bueno,Bueno,1,FORD,ROJO,1,,25,MASCULINO,SIN DATOS,0,0,Morelia,Lomas del Tecnologico,mayo,domingo,0,-101.188393011689,19.7211762110411
35014,35019,2021,MOR210363921,2021/05/23,"03:00:00",COLISIÓN POR ALCANCE,ASFALTO,Bueno,Bueno,2,NISSAN,ROJO,2,,22,FEMENINO,SIN DATOS,0,0,Morelia,Villas Lomas del Paraiso,mayo,domingo,3,-101.182574294508,19.6753692175089
35015,35020,2021,MOR210363978,2021/05/23,"04:10:00",SUBIDA AL CAMELLÓN,ASFALTO,Bueno,Bueno,1,VOLKSWAGEN,VINO,1,,29,MASCULINO,SIN DATOS,0,0,Morelia,Alberto Oviedo Mota,mayo,domingo,4,-101.202137016438,19.677118795055
35016,35021,2021,MOR210364062,2021/05/23,"06:00:00",COLISIÓN POR ALCANCE,CONCRETO,Bueno,Bueno,2,FORD,ARENA,2,,25,MASCULINO,SIN DATOS,0,0,Morelia,Indeco Expropiacion Petrolera,mayo,domingo,6,-101.225693821907,19.6848970533341
35017,35022,2021,LEG37187,2021/05/23,"07:15:00",COLISIÓN POR CORTE DE CIRCULACIÓN,ASFALTO,Bueno,Bueno,2,ITALIKA,ROJO,2,,35,MASCULINO,CON CERTIFICADO,0,0,Morelia,Dr Miguel Silva,mayo,domingo,7,-101.178448660816,19.7197490413036
35018,35023,2021,,2021/05/23,"08:10:00",COLISIÓN POR CORTE DE CIRCULACIÓN,CONCRETO,Bueno,Bueno,2,NISSAN,BLANCO,2,,68,MASCULINO,SIN DATOS,0,0,Morelia,Lomas de Hidalgo,mayo,domingo,8,-101.159339628435,19.6976504578837
35019,35024,2021,MOR210361662,2021/05/23,10:00:00,COLISIÓN POR CAMBIO DE CARRIL,ASFALTO,Bueno,Bueno,2,DODGE,ROJO,2,,33,MASCULINO,ALIENTO ETÍLICO,0,0,Morelia,Paseo de Las Lomas,mayo,domingo,10,-101.149211607205,19.6986747623242
35020,35025,2021,,2021/05/23,13:30:00,COLISIÓN CONTRA OBJETO FIJO,ASFALTO,Bueno,Bueno,1,KENWORTH,ROJO,1,,30,MASCULINO,SIN DATOS,0,0,Morelia,Elias Perez Avalos,mayo,domingo,14,-101.167031228542,19.7113616761919
35021,35026,2021,,2021/05/23,15:15:00,COLISIÓN POR INVASIÓN DE CARRIL,CONCRETO,Bueno,Bueno,2,CHEVROLET,BLANCO,2,,26,MASCULINO,SIN DATOS,0,0,Los Reyes,Sin datos,mayo,domingo,15,-102.287284962155,19.565087218061
35022,35027,2021,MOR210363081,2021/05/23,18:00:00,COLISIÓN POR CAMBIO DE CARRIL,ASFALTO,Bueno,Bueno,2,NISSAN,BEIGE,2,,32,FEMENINO,SIN DATOS,0,0,Morelia,Nueva Valladolid,mayo,domingo,18,-101.210019662976,19.7021042620577
35023,35028,2021,,2021/05/23,19:30:00,COLISIÓN POR ALCANCE,ASFALTO,Bueno,Bueno,2,CHRYSLER,GRIS,2,,,,SIN DATOS,0,0,Morelia,Las Americas,mayo,domingo,20,-101.158935955979,19.6879560150658
35024,35029,2021,,2021/05/23,19:49:00,COLISIÓN POR CORTE DE CIRCULACIÓN,CONCRETO,Bueno,Bueno,2,FORD,ROJO,2,MINISTERIO PÚBLICO,33,MASCULINO,SIN DATOS,0,0,Morelia,Eduardo Ruiz,mayo,domingo,20,-101.212877891958,19.7173086694525
35025,35030,2021,,2021/05/23,20:20:00,COLISIÓN POR CORTE DE CIRCULACIÓN,ASFALTO,Bueno,Bueno,2,S/D,PLATA Y NEGRO,2,,14,MASCULINO,SIN DATOS,0,0,Morelia,Progreso del Sur,mayo,domingo,20,-101.197786305923,19.6614934866216
35026,35031,2021,MOR/210363168,2021/05/23,21:00:00,SALIDA DE SUPERFICIE DE RODAMIENTO,ASFALTO,Bueno,Bueno,1,NISSAN,BLANCO,1,,43,MASCULINO,SIN DATOS,0,0,Morelia,Villas Lomas del Paraiso,mayo,domingo,21,-101.170129179955,19.6742711477385
35027,35032,2021,,2021/05/24,"05:45:00",COLISIÓN POR ALCANCE,ASFALTO,Bueno,Bueno,2,TOYOTA/HIACE,ROJO GRIS,2,,54,MASCULINO,SIN DATOS,0,0,Morelia,Los Manantiales de Morelia,mayo,lunes,6,-101.240235113286,19.6927366037152
35028,35033,2021,,2021/05/24,"05:50:00",COLISIÓN CONTRA OBJETO FIJO,ASFALTO,Bueno,Bueno,1,HYUNDAI,Negr,1,,25,MASCULINO,SIN DATOS,0,0,Morelia,Ignacio Zaragoza,mayo,lunes,6,-101.205305284395,19.725422009414
35029,35034,2021,,2021/05/24,"06:30:00",COLISIÓN POR CORTE DE CIRCULACIÓN,ASFALTO,Bueno,Bueno,1,TOYOTA,GRIS,0,MINISTERIO PÚBLICO,,,,0,0,Lázaro Cárdenas,Segundo Sector de Fidelac,mayo,lunes,7,-102.206772732228,17.9614014438904
35030,35035,2021,MOR210367114,2021/05/24,11:00:00,COLISIÓN POR MANIOBRA DE REVERSA,ASFALTO,Bueno,Bueno,2,FREIGHTLINER,BLANCO,2,,28,MASCULINO,SIN DATOS,0,0,Morelia,Gildardo Magaña,mayo,lunes,11,-101.228459179401,19.7268160766063
35031,35036,2021,"210367348",2021/05/24,11:50:00,COLISIÓN POR ALCANCE,ASFALTO,Bueno,Bueno,2,HONDA,BEIGE,2,,29,FEMENINO,SIN DATOS,0,0,Morelia,Felix Ireta,mayo,lunes,12,-101.191866106607,19.6824085385112
35032,35037,2021,MOR210367729,2021/05/24,14:57:00,COLISIÓN POR ALCANCE,ASFALTO,Bueno,Bueno,2,GMC,BLANCO Y  AZUL,2,,45,MASCULINO,SIN DATOS,0,0,Morelia,Chapultepec Oriente,mayo,lunes,15,-101.159643365906,19.6938432783103
35033,35038,2021,MICH210183158,2021/05/24,15:00:00,COLISIÓN POR ALCANCE,ASFALTO,Bueno,Bueno,2,CHEVROLET,BLANCO,1,MINISTERIO PÚBLICO,,,,1,0,Hidalgo,Centro,mayo,lunes,15,-100.553271,19.691029
35034,35039,2021,MOR210368202,2021/05/24,17:15:00,COLISIÓN POR INVASIÓN DE CARRIL,CONCRETO,Bueno,Bueno,2,NISSAN,PLATA,2,,19,MASCULINO,SIN DATOS,0,0,Morelia,El Paraiso,mayo,lunes,17,-101.236818253306,19.7272759333506
35035,35040,2021,LEG37205,2021/05/24,19:45:00,COLISIÓN POR CORTE DE CIRCULACIÓN,ASFALTO,Bueno,Bueno,2,MAZDA,BLANCO,2,,55,MASCULINO,SIN DATOS,0,0,Morelia,Americas Britania,mayo,lunes,20,-101.150007247925,19.6917800439875
35036,35041,2021,,2021/05/25,"08:00:00",COLISIÓN CONTRA OBJETO FIJO,ASFALTO,Bueno,Bueno,1,FORD,ROJO,1,MINISTERIO PÚBLICO,32,FEMENINO,SIN DATOS,0,0,Morelia,Jardines del Rincon,mayo,martes,8,-101.153341538536,19.6872432162845
35037,35042,2021,,2021/05/25,"08:10:00",COLISIÓN CONTRA OBJETO FIJO,ASFALTO,Bueno,Bueno,1,MAZADA,GRIS,1,MINISTERIO PÚBLICO,36,FEMENINO,SIN DATOS,0,0,Morelia,La Floresta,mayo,martes,8,-101.150495929978,19.6841052995759
35038,35043,2021,,2021/05/25,"08:40:00",COLISIÓN POR CAMBIO DE CARRIL,ASFALTO,Bueno,Bueno,2,CHEVROLET,GRIS PLATA,4,MINISTERIO PÚBLICO,28,FEMENINO,SIN DATOS,2,0,Tacámbaro,Sin datos,mayo,martes,9,-101.496279761195,19.2252046986411
35039,35044,2021,LEG37214,2021/05/25,"09:35:00",COLISIÓN POR ALCANCE,ASFALTO,Bueno,Bueno,2,S/D,AZUL,2,,49,MASCULINO,SIN DATOS,0,0,Morelia,Jardines de La Huerta,mayo,martes,10,-101.214449673581,19.6662372646692
35040,35045,2021,,2021/05/25,11:40:00,COLISIÓN POR CORTE DE CIRCULACIÓN,ASFALTO,Bueno,Bueno,2,NISSAN,NEGRO,2,,45,MASCULINO,SIN DATOS,0,0,Morelia,Molino de Parras,mayo,martes,12,-101.203508896233,19.6977341588019
35041,35046,2021,MOR210370267,2021/05/25,14:38:00,COLISIÓN POR ALCANCE,ASFALTO,Bueno,Bueno,2,KENWORTH,BLANCO,2,,45,MASCULINO,SIN DATOS,0,0,Morelia,Tenencia Morelos,mayo,martes,15,-101.247993677176,19.6479690097389
35042,35047,2021,LEG37220,2021/05/25,16:54:00,COLISIÓN POR CORTE DE CIRCULACIÓN,ASFALTO,Bueno,Regular,3,DODGE,BLANCO,3,MINISTERIO PÚBLICO,48,MASCULINO,SIN DATOS,0,0,Morelia,Indeco El Vivero,mayo,martes,17,-101.231880337,19.677715749607
35043,35048,2021,,2021/05/25,19:00:00,COLISIÓN POR CORTE DE CIRCULACIÓN,ASFALTO,Bueno,Bueno,2,MERSEDES BENZ,BLANCO,2,,24,MASCULINO,SIN DATOS,0,0,Morelia,Del Empleado,mayo,martes,19,-101.179846387763,19.689975565111
35044,35049,2021,MOR210370818,2021/05/25,19:11:00,COLISIÓN CONTRA OBJETO FIJO,ASFALTO,Bueno,Bueno,2,INTERNATIONAL,BLANCO,1,MINISTERIO PÚBLICO,49,MASCULINO,SIN DATOS,0,0,Morelia,Alberto Oviedo Mota,mayo,martes,19,-101.197699941695,19.6811492282879
35045,35050,2021,,2021/05/25,19:30:00,SALIDA DE SUPERFICIE DE RODAMIENTO,ASFALTO,Bueno,Bueno,1,CHEVROLET,AZUL,0,,,,,0,0,Morelia,Alberto Oviedo Mota,mayo,martes,20,-101.199483915495,19.6810302419022
35046,35051,2021,,2021/05/25,20:40:00,COLISIÓN POR NO RESPETAR SEMÁFORO,ASFALTO,Bueno,Bueno,2,CHEVROLET,VERDE,2,MINISTERIO PÚBLICO,0,MASCULINO,SIN DATOS,0,0,Morelia,Tinijaro,mayo,martes,21,-101.261765479363,19.6965503886488
35047,35052,2021,,2021/05/25,21:00:00,COLISIÓN POR CORTE DE CIRCULACIÓN,ASFALTO,Bueno,Bueno,2,VOLKSWAGEN,ROJO,2,,53,FEMENINO,SIN DATOS,0,0,Morelia,Americas Britania,mayo,martes,21,-101.150126708714,19.6917793823204
35048,35053,2021,,2021/05/25,21:10:00,COLISIÓN POR ALCANCE,ASFALTO,Bueno,Bueno,2,VOLVO,BLANCO,2,,34,MASCULINO,SIN DATOS,0,0,Morelia,Cinco de Diciembre,mayo,martes,21,-101.16579436443,19.6844626738019
35049,35054,2021,,2021/05/25,22:00:00,COLISIÓN POR ALCANCE,ASFALTO,Bueno,Bueno,3,NISSAN,BLANCO/ROJO,3,,29,MASCULINO,SIN DATOS,0,0,Morelia,Cinco de Diciembre,mayo,martes,22,-101.160215034403,19.6880885990773
35050,35055,2021,MOR210368819,2021/05/25,22:10:00,COLISIÓN POR CORTE DE CIRCULACIÓN,ASFALTO,Bueno,Bueno,1,ITALIKA,GRIS,0,MINISTERIO PÚBLICO,,,,0,0,Morelia,Felix Ireta,mayo,martes,22,-101.188215650618,19.6864406753271
35051,35056,2021,MOR210369031,2021/05/25,23:30:00,COLISIÓN POR CORTE DE CIRCULACIÓN,TERRACERIA,Bueno,Bueno,1,CHEVROLET,GRIS,1,,68,MASCULINO,SIN DATOS,0,0,Morelia,Centro,mayo,martes,0,-101.189464026011,19.6959625404195
35052,35057,2021,,2021/05/25,23:30:00,COLISIÓN POR CORTE DE CIRCULACIÓN,ASFALTO,Bueno,Bueno,2,CHEVY,ROJO,2,MINISTERIO PÚBLICO,27,MASCULINO,SIN DATOS,0,0,Tacámbaro,Sin datos,mayo,martes,0,-101.468831107466,19.2764438575618
35053,35058,2021,,2021/05/26,"00:15:00",COLISIÓN POR CAMBIO DE CARRIL,ASFALTO,Bueno,Bueno,2,NISSAN,BLANCO,2,,38,FEMENINO,ALIENTO ETÍLICO,0,0,Morelia,Sentimientos de La Nacion,mayo,miércoles,0,-101.2351979,19.6818392
35054,35059,2021,,2021/05/26,"01:20:00",SALIDA DE SUPERFICIE DE RODAMIENTO,TERRACERIA,Bueno,Bueno,1,RENAULT,GUINDA,1,,40,MASCULINO,SIN DATOS,0,0,Morelia,Sin datos,mayo,miércoles,1,-101.12713306466,19.7093533374416
35055,35060,2021,MOR210371828,2021/05/26,"08:35:00",SUBIDA AL CAMELLÓN,ASFALTO,Bueno,Bueno,1,VW,ROJO,1,,33,MASCULINO,SIN DATOS,0,0,Morelia,Comision Federal de Electricidad,mayo,miércoles,9,-101.181437342681,19.6814980650987
35056,35061,2021,,2021/05/26,"09:00:00",COLISIÓN CONTRA OBJETO FIJO,ASFALTO,Bueno,Bueno,1,CHEVROLET,CAFE,1,,24,FEMENINO,SIN DATOS,0,0,Morelia,Montaña Monarca,mayo,miércoles,9,-101.160632117904,19.6715611562351
35057,35062,2021,,2021/05/26,"09:20:00",COLISIÓN CONTRA OBJETO FIJO,CONCRETO,Bueno,Bueno,2,CHEVROLET,BLANCO,2,,28,MASCULINO,SIN DATOS,0,0,Morelia,Sin datos,mayo,miércoles,9,-101.146875403143,19.7599951227383
35058,35063,2021,LEG37245,2021/05/26,10:15:00,COLISIÓN POR ALCANCE,CONCRETO,Bueno,Bueno,2,CHEVROLET,ARENA,2,,54,MASCULINO,SIN DATOS,0,0,Morelia,Felix Ireta,mayo,miércoles,10,-101.195678456694,19.6815283955195
35059,35064,2021,MOR 210371932,2021/05/26,10:25:00,COLISIÓN POR CAMBIO DE CARRIL,CONCRETO,Bueno,Bueno,2,HONDA,ROJO,2,,20,FEMENINO,SIN DATOS,0,0,Morelia,Jardines del Toreo,mayo,miércoles,10,-101.214178397584,19.6879680107666
35060,35065,2021,,2021/05/26,11:15:00,COLISIÓN POR CORTE DE CIRCULACIÓN,ASFALTO,Bueno,Bueno,2,CHEVROLET,AZUL,1,,46,MASCULINO,SIN DATOS,0,0,Morelia,Sin datos,mayo,miércoles,11,-101.117597080089,19.6883193581307
35061,35066,2021,,2021/05/26,11:50:00,COLISIÓN POR CAMBIO DE CARRIL,CONCRETO,Bueno,Bueno,2,HONDA,AMARILLO,2,,43,FEMENINO,SIN DATOS,0,0,Morelia,Santiaguito,mayo,miércoles,12,-101.188605210997,19.7199242067683
35062,35067,2021,MOR210372264,2021/05/26,12:21:00,COLISIÓN POR CORTE DE CIRCULACIÓN,ASFALTO,Bueno,Bueno,2,HONDA,BLANCO,2,,19,MASCULINO,SIN DATOS,0,0,Morelia,Ricardo Flores Magon,mayo,miércoles,12,-101.242583356798,19.7075861207945
35063,35068,2021,MOR210372574,2021/05/26,13:55:00,COLISIÓN POR NO RESPETAR SEMÁFORO,ASFALTO,Bueno,Bueno,2,NISSAN,PLATA,2,MINISTERIO PÚBLICO,48,MASCULINO,SIN DATOS,0,0,Morelia,Cinco de Diciembre,mayo,miércoles,14,-101.16089399904,19.6878675969651
35064,35069,2021,LEG37243,2021/05/26,14:00:00,COLISIÓN POR CORTE DE CIRCULACIÓN,CONCRETO,Bueno,Bueno,2,VOLKSWAGEN,GRIS,2,MINISTERIO PÚBLICO,42,MASCULINO,SIN DATOS,0,0,Morelia,Camelinas,mayo,miércoles,14,-101.176153421402,19.6815690951254
35065,35070,2021,MOR210372639,2021/05/26,14:06:00,COLISIÓN POR CORTE DE CIRCULACIÓN,ASFALTO,Bueno,Bueno,2,FREIGTLINER,BLANCO,2,,41,MASCULINO,SIN DATOS,0,0,Morelia,Ricardo Flores Magon,mayo,miércoles,14,-101.242439828135,19.7057244218426
35066,35071,2021,,2021/05/26,14:40:00,SUBIDA AL CAMELLÓN,ASFALTO,Bueno,Bueno,1,CHEVROLET,BLANCO,1,,47,FEMENINO,SIN DATOS,0,0,Morelia,Niño Artillero,mayo,miércoles,15,-101.250182359743,19.6986125782354
35067,35072,2021,,2021/05/26,15:00:00,COLISIÓN POR CORTE DE CIRCULACIÓN,CONCRETO,Bueno,Bueno,2,NISSAN,BLANCO,2,,38,MASCULINO,CON CERTIFICADO,0,0,Morelia,Jesus del Monte,mayo,miércoles,15,-101.158243225096,19.6598557864365