fid,id_accidente,anio_origen,folio_c5i,dia_incidente,hora_ocurrencia,tipo_incidente_vial,superficie_ocurrencia,condiciones_climaticas,condiciones_via,numero_vehiculos_involucrados,marca_vehiculo_ocasiona_siniestro,color_vehiculo_ocasiona_siniestro,numero_personas_involucradas,lugar_remite_presunto_responsable,edad_presunto_responsable,sexo_presunto_responsable,resultados_toxicologia,numero_personas_lesionadas,numero_personas_fallecidas,municipio,colonia,mes,dia_semana,hora_redondeada,lon,lat
35068,35073,2021,LEG37235,2021/05/26,15:00:00,SALIDA DE SUPERFICIE DE RODAMIENTO,TERRACERIA,Bueno,Bueno,1,CHEVROLET,AZUL,0,MINISTERIO PÚBLICO,,,,0,0,Morelia,Sin datos,mayo,miércoles,15,-101.128125756301,19.6173969294768
35069,35074,2021,MOR210372858,2021/05/26,16:10:00,COLISIÓN POR CORTE DE CIRCULACIÓN,CONCRETO,Bueno,Bueno,2,ITALIKA,GRIS,2,MINISTERIO PÚBLICO,19,MASCULINO,SIN DATOS,0,0,Morelia,Ilustres Novohispanos,mayo,miércoles,16,-101.155164465308,19.7090809162537
35070,35075,2021,,2021/05/26,18:45:00,COLISIÓN POR CORTE DE CIRCULACIÓN,ASFALTO,Bueno,Bueno,2,ITALIKA,NEGRO,2,,20,MASCULINO,SIN DATOS,0,0,Morelia,Isaac Arriaga,mayo,miércoles,19,-101.170460182028,19.7081287586341
35071,35076,2021,MOR210373326,2021/05/26,19:25:00,VOLCADURA,ASFALTO,Bueno,Bueno,1,STARLING,BLANCO,1,,43,MASCULINO,SIN DATOS,0,0,Morelia,Praderas del Indio,mayo,miércoles,19,-101.223494028547,19.6450845894654
35072,35077,2021,,2021/05/26,19:40:00,COLISIÓN POR CORTE DE CIRCULACIÓN,ASFALTO,Bueno,Bueno,2,TOYOTA,BLANCO Y GRIS,2,,32,MASCULINO,SIN DATOS,0,0,Morelia,Pascual Ortiz de Ayala,mayo,miércoles,20,-101.150819865261,19.6948243537328
35073,35078,2021,,2021/05/26,20:30:00,COLISIÓN POR MANIOBRA DE REVERSA,ASFALTO,Bueno,Bueno,3,VOLKSWAGEN,BLANCO Y AMARILLO,2,,,,SIN DATOS,0,0,Morelia,Praderas del Indio,mayo,miércoles,21,-101.223494028547,19.6450845894654
35074,35079,2021,MOR210373548,2021/05/26,20:45:00,COLISIÓN POR INVASIÓN DE CARRIL,CONCRETO,Bueno,Bueno,2,ITALIKA,AZUL,2,,22,MASCULINO,SIN DATOS,0,0,Morelia,Enrique Arreguin Robles,mayo,miércoles,21,-101.178844347596,19.7203544157786
35075,35080,2021,MOR 210373766,2021/05/26,23:00:00,COLISIÓN CONTRA OBJETO FIJO,ASFALTO,Bueno,Bueno,1,CHEVROLET,BLANCO,1,MINISTERIO PÚBLICO,,,,1,0,Morelia,Banus,mayo,miércoles,23,-101.204417704046,19.6585256868792
35076,35081,2021,,2021/05/27,"08:20:00",COLISIÓN POR CAMBIO DE CARRIL,ASFALTO,Bueno,Bueno,2,HONDA,GRIS,3,MINISTERIO PÚBLICO,25,MASCULINO,SIN DATOS,1,0,Morelia,Sin datos,mayo,jueves,8,-101.304399252606,19.6876747471923
35077,35082,2021,,2021/05/27,10:25:00,COLISIÓN POR ALCANCE,ASFALTO,Bueno,Bueno,2,CHEVROLET,ROJO,2,,40,FEMENINO,SIN DATOS,0,0,Morelia,Felix Ireta,mayo,jueves,10,-101.181521832265,19.6813705553604
35078,35083,2021,,2021/05/27,10:34:00,COLISIÓN POR CORTE DE CIRCULACIÓN,CONCRETO,Bueno,Bueno,2,PULSAR,GRIS/BLANCO,2,,25,MASCULINO,SIN DATOS,0,0,Morelia,Jardines de Torremolinos,mayo,jueves,11,-101.225707309709,19.6786158274672
35079,35084,2021,,2021/05/27,12:35:00,COLISIÓN POR ALCANCE,ASFALTO,Bueno,Bueno,2,KENWORTH 8 T,BLANCO,2,,20,MASCULINO,SIN DATOS,0,0,Morelia,Arcos del Valle,mayo,jueves,13,-101.234017430029,19.7105258266538
35080,35085,2021,MOR210374769,2021/05/27,13:33:00,COLISIÓN POR MANIOBRA DE REVERSA,CONCRETO,Bueno,Bueno,2,DINA,BLANCO,2,,20,MASCULINO,SIN DATOS,0,0,Morelia,Niño Artillero,mayo,jueves,14,-101.250201500952,19.6986091347235
35081,35086,2021,MOR/210772437,2021/05/27,13:45:00,COLISIÓN POR CORTE DE CIRCULACIÓN,ASFALTO,Bueno,Bueno,2,ITALIKA,BLANCO,2,,29,MASCULINO,SIN DATOS,0,0,Morelia,Centro,mayo,jueves,14,-101.189994290471,19.7086633310206
35082,35087,2021,,2021/05/27,14:30:00,COLISIÓN POR MANIOBRA DE REVERSA,ASFALTO,Bueno,Bueno,2,VOLKSWAGEN,NEGRO,2,,40,FEMENINO,SIN DATOS,0,0,Morelia,Ciudad Industrial,mayo,jueves,15,-101.137394160032,19.728947536501
35083,35088,2021,,2021/05/27,14:40:00,COLISIÓN POR CORTE DE CIRCULACIÓN,ASFALTO,Bueno,Regular,2,NISSAN,BLANCO,2,,37,MASCULINO,SIN DATOS,0,0,Morelia,Vasco de Quiroga,mayo,jueves,15,-101.169971569694,19.7049950018111
35084,35089,2021,,2021/05/27,15:40:00,COLISIÓN POR CORTE DE CIRCULACIÓN,ASFALTO,Bueno,Bueno,2,TOYOTA,GRIS,2,,45,MASCULINO,SIN DATOS,0,0,Morelia,Chapultepec Sur,mayo,jueves,16,-101.176589950919,19.6918988501981
35085,35090,2021,,2021/05/27,16:10:00,COLISIÓN POR CORTE DE CIRCULACIÓN,CONCRETO,Bueno,Bueno,2,LINCOLN MKX,GRIS,2,,34,FEMENINO,SIN DATOS,0,0,Morelia,Primo Tapia Oriente,mayo,jueves,16,-101.160863708306,19.7186294364519
35086,35091,2021,"210373707",2021/05/27,22:10:00,SUBIDA AL CAMELLÓN,ASFALTO,Bueno,Bueno,1,NISSAN,ROJO,1,,48,MASCULINO,SIN DATOS,0,0,Morelia,Jesus Romero Flores,mayo,jueves,22,-101.183040952125,19.7304303359573
35087,35092,2021,,2021/05/27,23:40:00,COLISIÓN CONTRA OBJETO FIJO,ASFALTO,Bueno,Bueno,1,VOLKSWAGEN,GRIS,0,MINISTERIO PÚBLICO,,,,0,0,Morelia,Indeco Santiaguito,mayo,jueves,0,-101.1788007617,19.7202184154575
35088,35093,2021,,2021/05/28,"00:00:00",COLISIÓN CONTRA OBJETO FIJO,ASFALTO,Bueno,Bueno,1,NISSAN,GRIS,1,,42,MASCULINO,SIN DATOS,0,0,Morelia,Alberto Oviedo Mota,mayo,viernes,0,-101.195687358444,19.6814837456267
35089,35094,2021,MOR210378052,2021/05/28,"00:00:00",COLISIÓN POR MANIOBRA DE REVERSA,CONCRETO,Bueno,Bueno,2,FREIGHTLINER,BLANCO,2,,41,MASCULINO,SIN DATOS,0,0,Morelia,Barrio Alto,mayo,viernes,0,-101.186688894568,19.7289850636934
35090,35095,2021,,2021/05/28,"02:35:00",VOLCADURA,ASFALTO,Bueno,Bueno,1,DODGE ATTITUDE,PLATA,1,,34,MASCULINO,SIN DATOS,0,0,Morelia,Sin datos,mayo,viernes,3,-101.155911795795,19.6701641106394
35091,35096,2021,,2021/05/28,"02:40:00",COLISIÓN CONTRA OBJETO FIJO,ASFALTO,Bueno,Bueno,1,VOLKSWAGEN,PLATA,1,,36,MASCULINO,SIN DATOS,0,0,Morelia,Loma de Los Piñones,mayo,viernes,3,-101.203186400235,19.6751674269421
35092,35097,2021,,2021/05/28,"08:00:00",COLISIÓN POR CORTE DE CIRCULACIÓN,ASFALTO,Bueno,Bueno,2,ITALIKA,AMARILLO,2,MINISTERIO PÚBLICO,,,SIN DATOS,0,0,Lázaro Cárdenas,Sin datos,mayo,viernes,8,-102.211918424481,17.9773838034325
35093,35098,2021,MOR210376508,2021/05/28,"09:05:00",COLISIÓN POR ALCANCE,ASFALTO,Bueno,Bueno,2,VOSLKWAGEN,PLATINO,2,,35,MASCULINO,SIN DATOS,0,0,Morelia,Ampliacion La Soledad,mayo,viernes,9,-101.182946816765,19.7339497608961
35094,35099,2021,LEG37272,2021/05/28,"09:05:00",COLISIÓN CONTRA OBJETO FIJO,ASFALTO,Bueno,Bueno,2,FORD,BLANCO Y ROJO,2,,35,MASCULINO,SIN DATOS,0,0,Morelia,Isaac Arriaga,mayo,viernes,9,-101.174336102913,19.706412432272
35095,35100,2021,MOR210376585,2021/05/28,"09:21:00",COLISIÓN POR CORTE DE CIRCULACIÓN,ASFALTO,Bueno,Bueno,1,NISSAN,ROJO,1,,35,MASCULINO,CON CERTIFICADO,0,0,Morelia,Loma de Los Piñones,mayo,viernes,9,-101.205086745322,19.673991434345
35096,35101,2021,MOR210376635,2021/05/28,"09:40:00",COLISIÓN POR ALCANCE,ASFALTO,Bueno,Bueno,2,VOLKSWAGEN,ROJO,2,,22,MASCULINO,SIN DATOS,0,0,Morelia,Ampliacion La Soledad,mayo,viernes,10,-101.182462678038,19.7364242482138
35097,35102,2021,,2021/05/28,14:40:00,COLISIÓN POR CAMBIO DE CARRIL,ASFALTO,Bueno,Bueno,2,FORD,VERDE,2,,50,MASCULINO,SIN DATOS,0,0,Morelia,Americas Britania,mayo,viernes,15,-101.149188838899,19.6946542400876
35098,35103,2021,MOR210377834,2021/05/28,19:15:00,COLISIÓN POR ALCANCE,CONCRETO,Bueno,Bueno,2,NISSAN,AZUL,2,,26,MASCULINO,SIN DATOS,0,0,Morelia,Centro,mayo,viernes,19,-101.191627329033,19.6998132692299
35099,35104,2021,MOR210377970,2021/05/28,20:09:00,COLISIÓN POR CORTE DE CIRCULACIÓN,ASFALTO,Bueno,Bueno,2,ITALIKA,BLANCO/ROJO,2,,23,MASCULINO,SIN DATOS,0,0,Morelia,Indeco Santiaguito,mayo,viernes,20,-101.178695454515,19.7201871411046
35100,35105,2021,,2021/05/29,"00:00:00",COLISIÓN CON PEATÓN,SIN_DATOS,Bueno,Bueno,2,FREIGHTLINER,BLANCO,2,,28,MASCULINO,SIN DATOS,0,0,Morelia,Eduardo Ruiz,mayo,sábado,0,-101.216653484882,19.7183054152523
35101,35106,2021,MOR 210378465,2021/05/29,"00:05:00",COLISIÓN POR ALCANCE,ASFALTO,Bueno,Bueno,2,NISSAN,AZUL,2,,36,MASCULINO,SIN DATOS,0,0,Morelia,Campestre Los Manantiales,mayo,sábado,0,-101.238338425756,19.6882363067192
35102,35107,2021,MOR210378432,2021/05/29,"00:13:00",COLISIÓN POR CORTE DE CIRCULACIÓN,ASFALTO,Bueno,Bueno,1,CHEVROLET,GUINDA,0,,,,,0,0,Tacámbaro,Sin datos,mayo,sábado,0,-101.336227173545,19.2786162394556
35103,35108,2021,MOR210378530,2021/05/29,"00:30:00",SALIDA DE SUPERFICIE DE RODAMIENTO,ASFALTO,Bueno,Bueno,1,RENAULT,NARANJA,0,,,,,0,0,Morelia,La Luz,mayo,sábado,1,-101.299781098284,19.6873372882275
35104,35109,2021,LEG37280,2021/05/29,"07:45:00",COLISIÓN POR NO RESPETAR SEMÁFORO,ASFALTO,Bueno,Bueno,2,NISSAN,BLANCO/ROJO,2,,28,MASCULINO,SIN DATOS,0,0,Morelia,Los Pinos de Michoacan,mayo,sábado,8,-101.216330287442,19.6830824919428
35105,35110,2021,MOR2100376407,2021/05/29,"08:10:00",VOLCADURA,ASFALTO,Bueno,Bueno,1,FIAT|,ROJO,1,,36,MASCULINO,SIN DATOS,0,0,Morelia,Centro,mayo,sábado,8,-101.191817132812,19.7031644185287
35106,35111,2021,,2021/05/29,"08:33:00",COLISIÓN POR ALCANCE,ASFALTO,Bueno,Bueno,2,NISSAN,BLANCO,2,,33,MASCULINO,SIN DATOS,0,0,Morelia,Sin datos,mayo,sábado,9,-101.284023150802,19.6903926735606
35107,35112,2021,MOR/210376509,2021/05/29,"09:05:00",COLISIÓN CONTRA OBJETO FIJO,ASFALTO,Bueno,Bueno,2,FORD,BLANCO/ROJO,2,,35,MASCULINO,SIN DATOS,0,0,Morelia,Isaac Arriaga,mayo,sábado,9,-101.17433567908,19.7064107060757
35108,35113,2021,,2021/05/29,10:49:00,COLISIÓN POR MANIOBRA DE REVERSA,ASFALTO,Bueno,Bueno,3,NISSAN,BLANCO,3,,48,MASCULINO,CON CERTIFICADO,0,0,Morelia,Josefa Ortiz de Dominguez,mayo,sábado,11,-101.209839297011,19.6720407506799
35109,35114,2021,,2021/05/29,11:08:00,COLISIÓN CONTRA OBJETO FIJO,ASFALTO,Bueno,Bueno,1,VOLKSWAGEN,GRIS,1,,34,MASCULINO,SIN DATOS,0,0,Morelia,Sin datos,mayo,sábado,11,-101.155626841578,19.6694335814775
35110,35115,2021,,2021/05/29,11:49:00,COLISIÓN POR CAMBIO DE CARRIL,ASFALTO,Bueno,Bueno,2,KENWORTH,BLANCO,2,,32,MASCULINO,SIN DATOS,0,0,Morelia,Tenencia Morelos,mayo,sábado,12,-101.24702204695,19.6495178097484
35111,35116,2021,,2021/05/29,11:50:00,COLISIÓN POR CORTE DE CIRCULACIÓN,ASFALTO,Bueno,Bueno,2,SUZUKI,BLANCO,2,,52,MASCULINO,SIN DATOS,0,0,Morelia,El Realito,mayo,sábado,12,-101.205189309336,19.72576294574
35112,35117,2021,,2021/05/29,11:55:00,COLISIÓN POR CORTE DE CIRCULACIÓN,ASFALTO,Bueno,Bueno,0,,,0,,,,,0,0,Morelia,El Realito,mayo,sábado,12,-101.205207475198,19.7258399238557
35113,35118,2021,,2021/05/29,12:30:00,COLISIÓN POR CORTE DE CIRCULACIÓN,CONCRETO,Bueno,Bueno,2,VOLKSWAGEN,PLATA,2,MINISTERIO PÚBLICO,58,MASCULINO,SIN DATOS,0,0,Morelia,Martin Castrejon,mayo,sábado,13,-101.16704531014,19.7205847552988
35114,35119,2021,,2021/05/29,12:50:00,COLISIÓN POR CAMBIO DE CARRIL,ASFALTO,Bueno,Bueno,2,KENWORTH,BLANCO,2,,29,MASCULINO,SIN DATOS,0,0,Morelia,Dr Miguel Silva,mayo,sábado,13,-101.178432628512,19.7197370766786
35115,35120,2021,,2021/05/29,13:37:00,COLISIÓN POR ALCANCE,ASFALTO,Bueno,Bueno,3,VOLKSWAGEN,BLANCO,3,,26,MASCULINO,SIN DATOS,0,0,Morelia,Fuentes de Valladolid,mayo,sábado,14,-101.222486942877,19.6704678883856
35116,35121,2021,,2021/05/29,14:00:00,COLISIÓN CON PEATÓN,ADOQUIN_EMPEDRADO,Nublado,Regular,1,NISSAN,BLANCO,2,MINISTERIO PÚBLICO,27,FEMENINO,SIN DATOS,1,0,Pátzcuaro,Centro,mayo,sábado,14,-101.614238497923,19.5135467847054
35117,35122,2021,,2021/05/29,15:00:00,COLISIÓN POR ALCANCE,ASFALTO,Bueno,Bueno,2,TOYOTA,GUINDA,2,,65,FEMENINO,SIN DATOS,0,0,Morelia,Nueva Valladolid,mayo,sábado,15,-101.207881149922,19.7010661196446
35118,35123,2021,,2021/05/29,15:00:00,COLISIÓN CONTRA OBJETO FIJO,ASFALTO,Bueno,Bueno,2,RENAULT,PLATA,1,MINISTERIO PÚBLICO,43,FEMENINO,SIN DATOS,0,0,Morelia,Prados Verdes,mayo,sábado,15,-101.199308596551,19.7140233346535
35119,35124,2021,,2021/05/29,15:10:00,COLISIÓN POR INVASIÓN DE CARRIL,ASFALTO,Bueno,Bueno,2,INTERNACIONAL,BLANCO,2,,44,MASCULINO,SIN DATOS,0,0,Morelia,Americas Britania,mayo,sábado,15,-101.149988228617,19.6922283217667
35120,35125,2021,,2021/05/29,15:20:00,COLISIÓN POR CORTE DE CIRCULACIÓN,SIN_DATOS,Bueno,Bueno,0,,,0,,,,,0,0,Morelia,Prados Verdes,mayo,sábado,15,-101.197394200348,19.7144917500521
35121,35126,2021,,2021/05/29,15:20:00,COLISIÓN POR MANIOBRA DE REVERSA,ASFALTO,Bueno,Bueno,2,CHEVROLET,BLANCO,2,,43,MASCULINO,SIN DATOS,0,0,Morelia,Prados Verdes,mayo,sábado,15,-101.197395907209,19.714497144354
35122,35127,2021,,2021/05/29,15:30:00,COLISIÓN POR CORTE DE CIRCULACIÓN,ASFALTO,Bueno,Bueno,2,NISSAN,GRIS,2,,26,MASCULINO,SIN DATOS,0,0,Morelia,Ventura Puente,mayo,sábado,16,-101.183878183365,19.6930836647669
35123,35128,2021,,2021/05/29,16:00:00,COLISIÓN POR INVASIÓN DE CARRIL,CONCRETO,Bueno,Bueno,2,NISSAN,ROJO,2,,21,MASCULINO,SIN DATOS,0,0,Morelia,Colinas del Sur,mayo,sábado,16,-101.199523508549,19.6680060364334
35124,35129,2021,,2021/05/29,16:00:00,COLISIÓN POR ALCANCE,CONCRETO,Bueno,Bueno,2,VOLKSWAGEN,ROJO,2,,47,MASCULINO,SIN DATOS,0,0,Morelia,Alberto Oviedo Mota,mayo,sábado,16,-101.199512999128,19.6810253756229
35125,35130,2021,,2021/05/29,17:10:00,VOLCADURA,CONCRETO,Bueno,Bueno,1,GMC,BLANCO,1,,48,MASCULINO,SIN DATOS,0,0,Morelia,Sin datos,mayo,sábado,17,-101.338109895587,19.6906641508587
35126,35131,2021,,2021/05/29,18:20:00,COLISIÓN CONTRA OBJETO FIJO,ASFALTO,Lluvioso,Regular,1,CHEVROLET,PLATA,1,,34,MASCULINO,SIN DATOS,0,0,Morelia,El Realito,mayo,sábado,18,-101.203640394591,19.7256451975531
35127,35132,2021,,2021/05/29,19:20:00,COLISIÓN CONTRA OBJETO FIJO,ASFALTO,Bueno,Bueno,1,CHEVROLET,BLANCO,1,,54,MASCULINO,SIN DATOS,0,0,Morelia,De Las Aves,mayo,sábado,19,-101.160819476308,19.6488501363007
35128,35133,2021,MOR210377929,2021/05/29,19:25:00,COLISIÓN POR CAMBIO DE CARRIL,ASFALTO,Bueno,Bueno,2,DODGE,AZUL/ BLANCO,2,,36,MASCULINO,SIN DATOS,0,0,Morelia,Del Empleado,mayo,sábado,19,-101.180165335536,19.6882123153569
35129,35134,2021,,2021/05/29,20:20:00,COLISIÓN POR CAMBIO DE CARRIL,CONCRETO,Bueno,Bueno,2,NISSAN,ARENA,2,,44,MASCULINO,SIN DATOS,0,0,Morelia,Francisco Javier Mina,mayo,sábado,20,-101.216909474691,19.7133325656359
35130,35135,2021,,2021/05/29,21:40:00,COLISIÓN CONTRA OBJETO FIJO,ASFALTO,Lluvioso,Regular,2,CHEVROLET,GRIS,1,,32,MASCULINO,CON CERTIFICADO,0,0,Morelia,Chapultepec Sur,mayo,sábado,22,-101.177884856969,19.69073583686
35131,35136,2021,,2021/05/29,23:00:00,COLISIÓN POR CORTE DE CIRCULACIÓN,ASFALTO,Bueno,Bueno,2,POLARIS,VERDE NEGRO,0,MINISTERIO PÚBLICO,,,,0,0,Lázaro Cárdenas,Segundo Sector de Fidelac,mayo,sábado,23,-102.203955304443,17.9616274044858
35132,35137,2021,MOR210378415,2021/05/29,23:12:00,COLISIÓN POR CAMBIO DE CARRIL,ASFALTO,Bueno,Bueno,2,NISSAN,BLANCO,2,,,MASCULINO,SIN DATOS,0,0,Morelia,Villas del Real,mayo,sábado,23,-101.198838508931,19.7336728773458
35133,35138,2021,,2021/05/29,23:18:00,COLISIÓN POR INVASIÓN DE CARRIL,ASFALTO,Nublado,Regular,2,VOLKSWAGEN,PLATA,2,MINISTERIO PÚBLICO,44,MASCULINO,SIN DATOS,0,0,Madero,Sin datos,mayo,sábado,23,-101.289962872174,19.3976320115408
35134,35139,2021,,2021/05/29,23:45:00,COLISIÓN POR ALCANCE,ASFALTO,Bueno,Bueno,2,DODGE,ROJO,0,MINISTERIO PÚBLICO,,,,0,0,Morelia,Guadalupe,mayo,sábado,0,-101.221578202842,19.7098185171497
35135,35140,2021,,2021/05/30,"00:30:00",COLISIÓN CONTRA OBJETO FIJO,ASFALTO,Lluvioso,Regular,1,NISSAN,PLATA,1,MINISTERIO PÚBLICO,25,MASCULINO,SIN DATOS,0,0,Morelia,Alberto Oviedo Mota,mayo,domingo,1,-101.202038414776,19.6777954485966
35136,35141,2021,,2021/05/30,"01:00:00",VOLCADURA,CONCRETO,Nublado,Bueno,1,MITSUBISHI,MORADO,0,,,,,0,0,Morelia,Ciudad Industrial,mayo,domingo,1,-101.145610962815,19.728315268869
35137,35142,2021,,2021/05/30,"01:35:00",SUBIDA AL CAMELLÓN,ASFALTO,Bueno,Bueno,1,FORD,GUINDA,1,,24,FEMENINO,SIN DATOS,0,0,Morelia,Cumbres de Morelia,mayo,domingo,2,-101.140333221041,19.6911161624076
35138,35143,2021,,2021/05/30,"02:00:00",COLISIÓN POR CORTE DE CIRCULACIÓN,SIN_DATOS,Bueno,Bueno,2,NISSAN,ROJO,2,MINISTERIO PÚBLICO,,,SIN DATOS,0,0,Lázaro Cárdenas,Progreso Nacional,mayo,domingo,2,-102.232362058142,17.9909378006205
35139,35144,2021,MOR210383536,2021/05/30,"09:12:00",COLISIÓN POR ALCANCE,ASFALTO,Bueno,Bueno,2,TRACTOR,BLANCO Y AZUL,2,,28,MASCULINO,SIN DATOS,0,0,Morelia,Central de Abastos,mayo,domingo,9,-101.169243584347,19.7166851066561
35140,35145,2021,,2021/05/30,10:00:00,COLISIÓN POR CAMBIO DE CARRIL,ASFALTO,Bueno,Bueno,2,HONDA,ARENA,2,,29,MASCULINO,SIN DATOS,0,0,Morelia,Granjas de La Huerta,mayo,domingo,10,-101.233305657251,19.6636819973317
35141,35146,2021,MOR210353778,2021/05/30,11:45:00,COLISIÓN POR ALCANCE,ASFALTO,Bueno,Bueno,2,CHRYSLER,ARENA,2,,48,MASCULINO,SIN DATOS,0,0,Morelia,Felix Ireta,mayo,domingo,12,-101.195664175543,19.6814914930277
35142,35147,2021,,2021/05/30,12:30:00,COLISIÓN POR CORTE DE CIRCULACIÓN,ASFALTO,Bueno,Bueno,2,ITALIKA,ROJO Y NEGRO,3,,38,MASCULINO,SIN DATOS,1,0,Morelia,Centro,mayo,domingo,13,-101.200169555165,19.703506308923
35143,35148,2021,MOR 210382287,2021/05/30,14:05:00,COLISIÓN POR ALCANCE,ASFALTO,Bueno,Bueno,2,HONDA,GRIS,2,,44,FEMENINO,SIN DATOS,0,0,Morelia,Balcones de Santa Maria,mayo,domingo,14,-101.185832013684,19.6753727661416
35145,35150,2021,MOR210382611,2021/05/30,17:25:00,SALIDA DE SUPERFICIE DE RODAMIENTO,ASFALTO,Bueno,Bueno,1,VOSLKWAGEN,AZUL,2,,35,MASCULINO,SIN DATOS,1,0,Tarímbaro,Real Hacienda,mayo,domingo,17,-101.200319552884,19.7521157133212
35146,35151,2021,MOR120382711,2021/05/30,17:35:00,COLISIÓN POR CORTE DE CIRCULACIÓN,ASFALTO,Bueno,Bueno,2,NISSAN,PLATA,2,MINISTERIO PÚBLICO,21,FEMENINO,SIN DATOS,0,0,Morelia,Primo Tapia Oriente,mayo,domingo,18,-101.161089872843,19.7150572478527
35147,35152,2021,MOR210382923,2021/05/30,19:00:00,COLISIÓN POR CORTE DE CIRCULACIÓN,ASFALTO,Lluvioso,Bueno,2,VOLKSWAGEN,ROJO,2,,65,MASCULINO,SIN DATOS,0,0,Morelia,Eva Samano,mayo,domingo,19,-101.199435300447,19.7314345527582
35148,35153,2021,MOR210896735,2021/05/30,20:40:00,COLISIÓN POR CORTE DE CIRCULACIÓN,CONCRETO,Bueno,Bueno,2,S/D,ROSA,1,,,,SIN DATOS,0,0,Morelia,Adolfo Lopez Mateos,mayo,domingo,21,-101.228829409238,19.6995183182171
35149,35154,2021,MOR210383337,2021/05/30,20:44:00,COLISIÓN POR ALCANCE,ASFALTO,Bueno,Bueno,2,NISSAN,ROJO,2,,55,MASCULINO,SIN DATOS,0,0,Morelia,Felipe Carrillo Puerto,mayo,domingo,21,-101.180911554292,19.7317076462977
35150,35155,2021,MOR210383150,2021/05/30,21:00:00,COLISIÓN POR INVASIÓN DE CARRIL,ASFALTO,Lluvioso,Bueno,2,TOYOTA,ARENA,2,,35,MASCULINO,SIN DATOS,0,0,Morelia,Loma Bonita,mayo,domingo,21,-101.196840171793,19.721555259168
35151,35156,2021,MOR 210383319,2021/05/30,21:10:00,COLISIÓN CON PEATÓN,CONCRETO,Bueno,Bueno,1,ITALIKA,BLANCO,2,MINISTERIO PÚBLICO,26,MASCULINO,SIN DATOS,1,0,Morelia,Valle del Durazno,mayo,domingo,21,-101.186344567921,19.6571202513459
35152,35157,2021,,2021/05/30,21:35:00,COLISIÓN POR CORTE DE CIRCULACIÓN,ASFALTO,Bueno,Bueno,2,BAJAJ,NEGRO,2,,28,MASCULINO,SIN DATOS,0,0,Morelia,Vasco de Quiroga,mayo,domingo,22,-101.175868154311,19.6992329033079
35153,35158,2021,MOR210383408,2021/05/30,22:20:00,COLISIÓN CONTRA OBJETO FIJO,CONCRETO,Bueno,Bueno,1,VOLKSWAGEN,BLANCO,1,,26,FEMENINO,SIN DATOS,0,0,Morelia,Campestre Los Manantiales,mayo,domingo,22,-101.236956132829,19.6913282189684
35155,35160,2021,,2021/05/30,23:30:00,SUBIDA AL CAMELLÓN,ASFALTO,Bueno,Bueno,1,HONDA,GRIS,1,,54,MASCULINO,SIN DATOS,0,0,Morelia,Barrio Alto,mayo,domingo,0,-101.196335703135,19.7247578083995
35156,35161,2021,,2021/05/31,"00:00:00",COLISIÓN POR ALCANCE,CONCRETO,Lluvioso,Bueno,2,VOLKSWAGEN BOCHO,ROJO,1,,62,FEMENINO,SIN DATOS,0,0,Morelia,Infonavit  Las  Camelinas,mayo,lunes,0,-101.175305873834,19.686625720709
35157,35162,2021,,2021/05/31,"08:30:00",COLISIÓN POR CAMBIO DE CARRIL,ASFALTO,Bueno,Bueno,2,KENWORTH,BLANCO,2,,54,MASCULINO,SIN DATOS,0,0,Morelia,Francisco J Mujica,mayo,lunes,9,-101.188074133612,19.7221565238869
35158,35163,2021,,2021/05/31,"09:41:00",COLISIÓN POR CORTE DE CIRCULACIÓN,ASFALTO,Bueno,Bueno,2,NISSAN,BLANCO Y ROJO,6,,48,MASCULINO,SIN DATOS,4,0,Morelia,Bosques Tres Marias,mayo,lunes,10,-101.105250597678,19.7292616683983
35159,35164,2021,,2021/05/31,10:15:00,COLISIÓN CONTRA OBJETO FIJO,ASFALTO,Bueno,Bueno,1,CHEVROLET,NARANJA,1,,50,FEMENINO,SIN DATOS,0,0,Morelia,Ejidal Ocolusen,mayo,lunes,10,-101.15229218521,19.6841091368786
35160,35165,2021,,2021/05/31,10:50:00,COLISIÓN POR NO RESPETAR SEMÁFORO,ASFALTO,Bueno,Bueno,2,MITSUBISHI,ROJO,2,,77,MASCULINO,SIN DATOS,0,0,Morelia,La Esperanza,mayo,lunes,11,-101.254319362342,19.6977395018954
35161,35166,2021,,2021/05/31,11:20:00,COLISIÓN POR CAMBIO DE CARRIL,ASFALTO,Bueno,Bueno,2,KENWORTH,BLANCO,3,MINISTERIO PÚBLICO,37,MASCULINO,SIN DATOS,1,0,Morelia,Libertad,mayo,lunes,11,-101.23810940168,19.6873666175494
35162,35167,2021,,2021/05/31,11:50:00,COLISIÓN POR ALCANCE,ASFALTO,Bueno,Bueno,2,KENWORTH,BLANCO,2,,30,MASCULINO,SIN DATOS,0,0,Morelia,Sentimientos de La Nacion,mayo,lunes,12,-101.236868575215,19.6847969819889
35163,35168,2021,,2021/05/31,11:55:00,COLISIÓN POR ALCANCE,ASFALTO,Bueno,Bueno,2,NISSAN,GRIS,3,,49,MASCULINO,SIN DATOS,1,0,Morelia,Ventura Puente,mayo,lunes,12,-101.180248605928,19.6937272208497
35164,35169,2021,,2021/05/31,12:10:00,COLISIÓN POR CORTE DE CIRCULACIÓN,ASFALTO,Bueno,Bueno,2,NISSAN,BLANCO Y AZUL,2,,44,MASCULINO,SIN DATOS,0,0,Morelia,Poblado de Ocolusen,mayo,lunes,12,-101.149547432042,19.6946928161666
35165,35170,2021,,2021/05/31,12:55:00,COLISIÓN POR ALCANCE,ASFALTO,Bueno,Bueno,2,NISSAN,GRIS,2,,34,MASCULINO,SIN DATOS,0,0,Morelia,Tierra Y Libertad,mayo,lunes,13,-101.229828416623,19.7163122589393