fid,id_accidente,anio_origen,folio_c5i,dia_incidente,hora_ocurrencia,tipo_incidente_vial,superficie_ocurrencia,condiciones_climaticas,condiciones_via,numero_vehiculos_involucrados,marca_vehiculo_ocasiona_siniestro,color_vehiculo_ocasiona_siniestro,numero_personas_involucradas,lugar_remite_presunto_responsable,edad_presunto_responsable,sexo_presunto_responsable,resultados_toxicologia,numero_personas_lesionadas,numero_personas_fallecidas,municipio,colonia,mes,dia_semana,hora_redondeada,lon,lat
35166,35171,2021,,2021/05/31,13:00:00,COLISIÓN POR CORTE DE CIRCULACIÓN,ASFALTO,Bueno,Bueno,2,CHEVROLET,ROJO,2,,56,FEMENINO,SIN DATOS,0,0,Morelia,Sentimientos de La Nacion,mayo,lunes,13,-101.235531798817,19.6818185178919
35167,35172,2021,,2021/05/31,16:20:00,COLISIÓN POR CAMBIO DE CARRIL,ASFALTO,Nublado,Bueno,2,TOYOTA,BLANCO Y ROSA,2,,29,MASCULINO,SIN DATOS,0,0,Morelia,Centro,mayo,lunes,16,-101.194737076081,19.7030098835848
35168,35173,2021,,2021/05/31,18:30:00,COLISIÓN POR CAMBIO DE CARRIL,ASFALTO,Bueno,Bueno,2,MERCEDES BENZ,AMARILLO Y NARANJA,2,MINISTERIO PÚBLICO,40,MASCULINO,SIN DATOS,0,0,Morelia,Nueva Valladolid,mayo,lunes,19,-101.211686655879,19.7018230477503
35169,35174,2021,,2021/05/31,20:25:00,COLISIÓN POR CAMBIO DE CARRIL,ASFALTO,Bueno,Bueno,2,KENWORTH,BLANCO,2,,27,MASCULINO,SIN DATOS,0,0,Morelia,Lomas del Tecnologico,mayo,lunes,20,-101.188383898273,19.7211765553447
35170,35175,2021,,2021/05/31,21:10:00,SUBIDA AL CAMELLÓN,CONCRETO,Lluvioso,Regular,1,VOLVO,BLANCO,1,,34,MASCULINO,SIN DATOS,0,0,Morelia,Barrio Alto,mayo,lunes,21,-101.195777628247,19.7246605132364
35171,35176,2021,,2021/05/31,23:00:00,COLISIÓN CON PEATÓN,SIN_DATOS,Bueno,Bueno,2,FORD,GUINDA,2,,38,MASCULINO,SIN DATOS,0,0,Morelia,Prados Verdes,mayo,lunes,23,-101.196999123148,19.7187365495955
35172,35177,2021,,2021/06/01,"04:00:00",SALIDA DE SUPERFICIE DE RODAMIENTO,ASFALTO,Bueno,Bueno,1,VOLSKWAGEN,AZUL,0,MINISTERIO PÚBLICO,,,,0,0,Lázaro Cárdenas,La Orilla,junio,martes,4,-102.223363898016,17.9965542006044
35173,35178,2021,,2021/06/01,"08:35:00",COLISIÓN POR CAMBIO DE CARRIL,ASFALTO,Bueno,Bueno,2,TOYOTA,BLANCO/GRIS,2,,,MASCULINO,SIN DATOS,0,0,Morelia,Loma de Los Piñones,junio,martes,9,-101.207819718194,19.6723454535462
35174,35179,2021,MOR210386401,2021/06/01,"08:50:00",SALIDA DE SUPERFICIE DE RODAMIENTO,ASFALTO,Bueno,Bueno,1,NISSAN,BLANCO,1,,71,MASCULINO,SIN DATOS,0,0,Morelia,Praderas del Indio,junio,martes,9,-101.223494028547,19.6450845894654
35175,35180,2021,MOR210386751,2021/06/01,11:24:00,COLISIÓN POR CORTE DE CIRCULACIÓN,ASFALTO,Bueno,Bueno,2,NISSAN,ROJO,2,,64,MASCULINO,SIN DATOS,0,0,Morelia,Jardines del Rincon,junio,martes,11,-101.150348162785,19.6907780793542
35176,35181,2021,,2021/06/01,11:50:00,COLISIÓN POR CORTE DE CIRCULACIÓN,CONCRETO,Bueno,Bueno,2,SEAT,PLATA,2,,20,FEMENINO,SIN DATOS,0,0,Morelia,Industrial,junio,martes,12,-101.192221015107,19.7077849025442
35178,35183,2021,LEG37369,2021/06/01,12:30:00,COLISIÓN CONTRA OBJETO FIJO,ASFALTO,Bueno,Bueno,2,DINAMO,BLANCO,2,,23,MASCULINO,SIN DATOS,0,0,Morelia,Bosques Tres Marias,junio,martes,13,-101.104068062392,19.7244180405296
35179,35184,2021,MOR210386954,2021/06/01,13:38:00,COLISIÓN POR CORTE DE CIRCULACIÓN,CONCRETO,Bueno,Bueno,2,CHEVROLET,AZUL,2,,41,MASCULINO,SIN DATOS,0,0,Morelia,Lomas del Bosque,junio,martes,14,-101.104419935818,19.7245439438296
35180,35185,2021,MOR210387264,2021/06/01,15:50:00,COLISIÓN POR NO RESPETAR SEMÁFORO,ASFALTO,Bueno,Bueno,2,ITALIKA,NARANJA,2,,40,,SIN DATOS,0,0,Morelia,Poblado de Ocolusen,junio,martes,16,-101.158867254853,19.6953969363411
35181,35186,2021,,2021/06/01,16:40:00,COLISIÓN POR CAMBIO DE CARRIL,ASFALTO,Bueno,Regular,2,VOLVO,GUINDA,2,,,MASCULINO,SIN DATOS,0,0,Morelia,Tenencia Morelos,junio,martes,17,-101.249396289618,19.6458538097801
35182,35187,2021,MOR 210388264,2021/06/01,16:40:00,COLISIÓN POR CORTE DE CIRCULACIÓN,ASFALTO,Bueno,Bueno,2,CHEVROLET,GRIS,2,,60,MASCULINO,SIN DATOS,0,0,Morelia,Independencia,junio,martes,17,-101.176175884902,19.7055934019617
35183,35188,2021,MOR210387417,2021/06/01,16:45:00,COLISIÓN POR ALCANCE,CONCRETO,Bueno,Bueno,2,VOLKSWAGEN,GRIS,2,,39,FEMENINO,SIN DATOS,0,0,Morelia,Elias Perez Avalos,junio,martes,17,-101.16714189719,19.7114455387395
35184,35189,2021,MOR210387406,2021/06/01,17:30:00,COLISIÓN POR CAMBIO DE CARRIL,ASFALTO,Bueno,Bueno,2,CHEVROLET,BLANCO,2,,28,FEMENINO,SIN DATOS,0,0,Morelia,Francisco J Mujica,junio,martes,18,-101.185551180768,19.7240157362267
35185,35190,2021,,2021/06/01,19:00:00,COLISIÓN POR ALCANCE,ASFALTO,Bueno,Bueno,4,FORD,BLANCA,4,,68,MASCULINO,SIN DATOS,0,0,Morelia,Camelinas,junio,martes,19,-101.177007403412,19.6815129675213
35186,35191,2021,LEG37365,2021/06/01,19:06:00,COLISIÓN POR CORTE DE CIRCULACIÓN,ASFALTO,Bueno,Bueno,2,NISSAN,BLANCO Y CAFE,2,,41,MASCULINO,SIN DATOS,0,0,Morelia,Americas Britania,junio,martes,19,-101.149983530821,19.6918216971697
35187,35192,2021,MOR210387615,2021/06/01,19:25:00,CAIDA DE MOTOCICLETA,CONCRETO,Bueno,Bueno,1,ITALIKA,GRAFITO,1,,35,MASCULINO,SIN DATOS,0,0,Morelia,Alberto Oviedo Mota,junio,martes,19,-101.195865646005,19.6824366633766
35188,35193,2021,MOR210387634,2021/06/01,21:33:00,COLISIÓN POR ALCANCE,ASFALTO,Bueno,Bueno,2,TOYOTA,PLATA,2,,37,,SIN DATOS,0,0,Morelia,Comision Federal de Electricidad,junio,martes,22,-101.181291223251,19.6813864259258
35189,35194,2021,MOR 210388030,2021/06/01,21:45:00,COLISIÓN POR CAMBIO DE CARRIL,ASFALTO,Nublado,Bueno,2,RENAULT,BLANCO,2,,33,FEMENINO,SIN DATOS,0,0,Tarímbaro,Sin datos,junio,martes,22,-101.154455158749,19.7788124531796
35190,35195,2021,MOR210388046,2021/06/01,22:00:00,COLISIÓN POR ALCANCE,ASFALTO,Bueno,Bueno,2,GMC,VINO,2,,31,MASCULINO,SIN DATOS,0,0,Morelia,Jardines de Torremolinos,junio,martes,22,-101.225748441445,19.676849188986
35191,35196,2021,MOR210387982,2021/06/01,23:20:00,COLISIÓN POR CORTE DE CIRCULACIÓN,ASFALTO,Nublado,Regular,2,SEAT,NEGRO,2,,53,MASCULINO,SIN DATOS,0,0,Morelia,Jacarandas,junio,martes,23,-101.211535446346,19.7089793137218
35192,35197,2021,,2021/06/02,"09:20:00",COLISIÓN CONTRA OBJETO FIJO,ASFALTO,Bueno,Bueno,1,CHEVROLET,BLANCO,1,,26,MASCULINO,SIN DATOS,0,0,Morelia,Los Manantiales de Morelia,junio,miércoles,9,-101.242673180319,19.6982246086622
35193,35198,2021,,2021/06/02,"09:30:00",COLISIÓN POR NO RESPETAR SEMÁFORO,ASFALTO,Bueno,Bueno,2,KTM,NEGRO Y NARANJA,3,MINISTERIO PÚBLICO,27,MASCULINO,SIN DATOS,1,0,Morelia,Ejidal Ocolusen,junio,miércoles,10,-101.153432794594,19.6873552818478
35194,35199,2021,,2021/06/02,11:30:00,COLISIÓN POR CAMBIO DE CARRIL,CONCRETO,Nublado,Bueno,2,CHRYSLER,BLANCO,2,,32,MASCULINO,SIN DATOS,0,0,Morelia,Lomas de Huerta,junio,miércoles,12,-101.210132315755,19.6749348121313
35195,35200,2021,,2021/06/02,13:00:00,COLISIÓN POR CAMBIO DE CARRIL,ASFALTO,Nublado,Bueno,2,VOLKSWAGEN,BLANCO,2,,75,MASCULINO,SIN DATOS,0,0,Morelia,Campestre Los Manantiales,junio,miércoles,13,-101.240333440633,19.6926866709378
35196,35201,2021,,2021/06/02,13:00:00,COLISIÓN POR CAMBIO DE CARRIL,ASFALTO,Bueno,Bueno,2,FREIGHTLINER,BLANCO,2,,47,MASCULINO,SIN DATOS,0,0,Morelia,Los Manantiales de Morelia,junio,miércoles,13,-101.242707408965,19.6991772559454
35197,35202,2021,,2021/06/02,14:00:00,COLISIÓN CON PEATÓN,ASFALTO,Bueno,Bueno,1,DODGE,GRIS,2,MINISTERIO PÚBLICO,47,FEMENINO,SIN DATOS,1,0,Morelia,Ventura Puente,junio,miércoles,14,-101.183799058199,19.689237368936
35198,35203,2021,,2021/06/02,14:10:00,COLISIÓN POR ALCANCE,ASFALTO,Bueno,Bueno,3,FORD,AMARILLO,3,,28,MASCULINO,SIN DATOS,0,0,Morelia,Articulo Constitucional,junio,miércoles,14,-101.17144229272,19.7143389467153
35199,35204,2021,,2021/06/02,15:00:00,COLISIÓN POR CORTE DE CIRCULACIÓN,ASFALTO,Bueno,Bueno,1,ISUZU,BLANCO,1,,34,MASCULINO,SIN DATOS,0,0,Morelia,Lomas de Las Americas Norte,junio,miércoles,15,-101.149311854757,19.696348682164
35200,35205,2021,,2021/06/02,15:45:00,SALIDA DE SUPERFICIE DE RODAMIENTO,ASFALTO,Nublado,Bueno,1,HONDA,ROJO,0,,,,,0,0,Morelia,Quinceo,junio,miércoles,16,-101.224187761545,19.7252500633963
35201,35206,2021,,2021/06/02,15:50:00,COLISIÓN POR CORTE DE CIRCULACIÓN,ASFALTO,Nublado,Bueno,2,ITALIKA,NEGRO,1,MINISTERIO PÚBLICO,60,,SIN DATOS,0,0,Morelia,Juarez,junio,miércoles,16,-101.200200216488,19.6954805245506
35202,35207,2021,,2021/06/02,16:30:00,COLISIÓN POR ALCANCE,ASFALTO,Bueno,Bueno,2,FREIGHTLINER,GUINDA,2,,61,MASCULINO,SIN DATOS,0,0,Morelia,Alfonso Garcia Robles,junio,miércoles,17,-101.183244215706,19.7189368740456
35203,35208,2021,,2021/06/02,17:00:00,COLISIÓN CON PEATÓN,ASFALTO,Bueno,Bueno,2,TOYOTA,BLANCO,2,,35,MASCULINO,SIN DATOS,0,0,Morelia,Insurgentes,junio,miércoles,17,-101.15228779614,19.6982609091192
35204,35209,2021,,2021/06/02,18:00:00,COLISIÓN POR CAMBIO DE CARRIL,ASFALTO,Bueno,Bueno,2,YAMAHA,ROJO,2,,23,MASCULINO,SIN DATOS,0,0,Morelia,Isaac Arriaga,junio,miércoles,18,-101.166258746429,19.710163841061
35205,35210,2021,,2021/06/02,19:00:00,COLISIÓN POR CAMBIO DE CARRIL,ASFALTO,Bueno,Bueno,2,DODGE,GRIS,2,,47,MASCULINO,SIN DATOS,0,0,Morelia,Comision Federal de Electricidad,junio,miércoles,19,-101.181369586317,19.6813853399971
35206,35211,2021,MOR210885336,2021/06/02,23:23:00,COLISIÓN POR CORTE DE CIRCULACIÓN,ASFALTO,Nublado,Bueno,2,NISSAN,BLANCO,1,,31,MASCULINO,SIN DATOS,0,0,Morelia,Chapultepec Oriente,junio,miércoles,23,-101.160643212497,19.6952201657045
35207,35212,2021,,2021/06/03,"03:00:00",COLISIÓN CONTRA OBJETO FIJO,ASFALTO,Bueno,Bueno,1,FORD,GRIS,0,MINISTERIO PÚBLICO,,,,0,0,Lázaro Cárdenas,Jose Green,junio,jueves,3,-102.200918502427,17.9651854924251
35208,35213,2021,,2021/06/03,"06:00:00",COLISIÓN POR ALCANCE,ASFALTO,Bueno,Bueno,1,NISSAN,GRIS,1,,56,MASCULINO,SIN DATOS,0,0,Morelia,Dr Miguel Silva,junio,jueves,6,-101.184463941239,19.7194956320568
35209,35214,2021,,2021/06/03,"08:45:00",COLISIÓN POR CORTE DE CIRCULACIÓN,ASFALTO,Bueno,Bueno,2,KAWASAKI,VERDE,2,,47,MASCULINO,SIN DATOS,0,0,Morelia,Americas Britania,junio,jueves,9,-101.149192394249,19.6946570523583
35210,35215,2021,,2021/06/03,"09:30:00",COLISIÓN POR INVASIÓN DE CARRIL,ASFALTO,Bueno,Malo,2,DODGE RAM,BLANCO,0,MINISTERIO PÚBLICO,,,,0,0,Nuevo Urecho,Centro,junio,jueves,10,-101.866197257556,19.1644965982342
35211,35216,2021,,2021/06/03,"09:40:00",COLISIÓN POR CORTE DE CIRCULACIÓN,ASFALTO,Bueno,Bueno,2,ITALIKA,ROJO Y NEGRO,2,MINISTERIO PÚBLICO,36,FEMENINO,SIN DATOS,0,0,Morelia,Lomas de Guayangareo,junio,jueves,10,-101.159659542822,19.7032753709018
35212,35217,2021,,2021/06/03,12:20:00,COLISIÓN POR NO RESPETAR SEMÁFORO,ASFALTO,Bueno,Bueno,2,VOLKSWAGUEN,AZUL,2,,47,FEMENINO,SIN DATOS,0,0,Morelia,Lomas de Hidalgo,junio,jueves,12,-101.158753244834,19.6956078184477
35213,35218,2021,,2021/06/03,13:00:00,COLISIÓN POR CAMBIO DE CARRIL,ASFALTO,Lluvioso,Regular,2,NISSAN,BLANCO,2,,50,MASCULINO,SIN DATOS,0,0,Morelia,Ignacio Zaragoza,junio,jueves,13,-101.202924305735,19.7252213435329
35214,35219,2021,,2021/06/03,13:20:00,CAIDA DE MOTOCICLETA,CONCRETO,Bueno,Bueno,1,HONDA,BCO/NEGRO,1,,0,MASCULINO,SIN DATOS,0,0,Morelia,Erendira,junio,jueves,13,-101.164759397507,19.7045667027303
35215,35220,2021,,2021/06/03,14:45:00,COLISIÓN CON PEATÓN,ASFALTO,Bueno,Regular,1,INTERNATIONAL,BLANCO,3,MINISTERIO PÚBLICO,42,MASCULINO,SIN DATOS,2,0,Morelia,Ciudad Industrial,junio,jueves,15,-101.141060861678,19.726679134984
35216,35221,2021,MOR210391868,2021/06/03,15:10:00,COLISIÓN POR CAMBIO DE CARRIL,ASFALTO,Bueno,Bueno,2,NISSAN,BLANCO,2,,33,MASCULINO,SIN DATOS,0,0,Morelia,Rafael Carrillo,junio,jueves,15,-101.23581212014,19.7085449676624
35217,35222,2021,,2021/06/03,16:20:00,COLISIÓN POR ALCANCE,ASFALTO,Lluvioso,Bueno,2,INTERNATIONAL,VERDE,2,MINISTERIO PÚBLICO,47,MASCULINO,SIN DATOS,0,0,Morelia,Poblado de Ocolusen,junio,jueves,16,-101.152543947101,19.6948571252856
35218,35223,2021,,2021/06/03,17:10:00,COLISIÓN POR CORTE DE CIRCULACIÓN,CONCRETO,Bueno,Bueno,2,VOLKSWAGUEN,ROJO,2,,52,FEMENINO,SIN DATOS,0,0,Morelia,Vasco de Quiroga,junio,jueves,17,-101.17599517107,19.698303608739
35219,35224,2021,MOR210392191,2021/06/03,17:30:00,COLISIÓN POR CAMBIO DE CARRIL,ASFALTO,Nublado,Bueno,2,CHRYSLER,BLANCO,2,,59,MASCULINO,SIN DATOS,0,0,Morelia,Centro,junio,jueves,18,-101.192530989647,19.7019151885264
35220,35225,2021,MOR/210392332,2021/06/03,18:15:00,COLISIÓN POR ALCANCE,ASFALTO,Bueno,Regular,2,FORD,PLATA,2,,25,MASCULINO,SIN DATOS,0,0,Morelia,Puerta Tres Marias Norte,junio,jueves,18,-101.142453842543,19.6921838125831
35221,35226,2021,LEG37403,2021/06/03,18:40:00,COLISIÓN POR CORTE DE CIRCULACIÓN,ASFALTO,Bueno,Bueno,2,GL150,NEGRO,2,,26,MASCULINO,SIN DATOS,0,0,Morelia,Alfonso Espinoza Guerrero (Barranca Seca),junio,jueves,19,-101.175254881382,19.6729886983318
35222,35227,2021,,2021/06/03,19:10:00,COLISIÓN CON PEATÓN,SIN_DATOS,Bueno,Bueno,2,VOLKSWAGUEN,AZUL,2,,,,SIN DATOS,0,0,Morelia,Gertrudis Bocanegra,junio,jueves,19,-101.21269248426,19.7019995528277
35223,35228,2021,LEG37407,2021/06/03,20:20:00,COLISIÓN CONTRA OBJETO FIJO,CONCRETO,Lluvioso,Regular,1,VOLKSWAGEN,NEIGE LUNA,1,,20,MASCULINO,SIN DATOS,0,0,Morelia,Lindavista,junio,jueves,20,-101.216499478814,19.7061111108481
35224,35229,2021,,2021/06/03,22:20:00,CAIDA DE MOTOCICLETA,ASFALTO,Bueno,Bueno,1,ITALIKA,ROJO Y NEGRO,1,,41,FEMENINO,SIN DATOS,0,0,Morelia,Isaac Arriaga,junio,jueves,22,-101.166253052652,19.7101613875025
35225,35230,2021,MOR 210392740,2021/06/03,22:30:00,SALIDA DE SUPERFICIE DE RODAMIENTO,ASFALTO,Nublado,Regular,1,CHEVROLET,GRIS,0,,,,,0,0,Morelia,Sin datos,junio,jueves,23,-101.202595003627,19.6512414909586
35226,35231,2021,,2021/06/04,"00:00:00",COLISIÓN POR CORTE DE CIRCULACIÓN,ASFALTO,Bueno,Bueno,2,VOLKSWAGEN,BLANCO,2,MINISTERIO PÚBLICO,,MASCULINO,SIN DATOS,0,0,Lázaro Cárdenas,1Er Sect de Fidelac,junio,viernes,0,-102.198858596385,17.9625874451122
35227,35232,2021,,2021/06/04,"00:00:00",COLISIÓN POR ALCANCE,ASFALTO,Bueno,Bueno,2,INTERNATIONAL,AZUL,2,,42,MASCULINO,SIN DATOS,0,0,Morelia,San Isidro Itzicuaro,junio,viernes,0,-101.275173390921,19.6875349418908
35228,35233,2021,MOR210392912,2021/06/04,"01:10:00",COLISIÓN POR CORTE DE CIRCULACIÓN,ASFALTO,Bueno,Bueno,2,RENAULT,GRIS,2,,27,FEMENINO,SIN DATOS,0,0,Morelia,Primo Tapia,junio,viernes,1,-101.211801655591,19.7090777312071
35229,35234,2021,,2021/06/04,"07:15:00",COLISIÓN POR ALCANCE,ASFALTO,Bueno,Bueno,2,SEAT,ROJO,2,,20,MASCULINO,SIN DATOS,0,0,Morelia,Jardines del Toreo,junio,viernes,7,-101.214291416109,19.6879244761266
35230,35235,2021,,2021/06/04,"08:15:00",COLISIÓN POR ALCANCE,ASFALTO,Bueno,Bueno,2,VOLKSWAGEN,MARRON,2,,40,MASCULINO,SIN DATOS,0,0,Morelia,Ilustres Novohispanos,junio,viernes,8,-101.152673110067,19.7108147396326
35231,35236,2021,,2021/06/04,10:30:00,COLISIÓN POR ALCANCE,ASFALTO,Nublado,Bueno,2,FIAT,BLANCO,2,,60,MASCULINO,SIN DATOS,0,0,Morelia,Centro,junio,viernes,11,-101.19118388321,19.702768457823
35232,35237,2021,,2021/06/04,10:40:00,COLISIÓN POR CORTE DE CIRCULACIÓN,ASFALTO,Bueno,Bueno,2,FREIGHTLINER,AZUL/ BLANCO,2,,32,MASCULINO,SIN DATOS,0,0,Morelia,Aquiles Serdan,junio,viernes,11,-101.168853488242,19.7232343016261
35233,35238,2021,,2021/06/04,10:45:00,COLISIÓN POR CORTE DE CIRCULACIÓN,ASFALTO,Bueno,Bueno,1,NISSAN,BLANCO,1,,22,MASCULINO,SIN DATOS,0,0,Morelia,Sentimientos de La Nacion,junio,viernes,11,-101.235266930677,19.6811691167419
35234,35239,2021,,2021/06/04,11:30:00,COLISIÓN POR CORTE DE CIRCULACIÓN,ASFALTO,Bueno,Bueno,2,NISSAN,GRIS,2,,70,MASCULINO,SIN DATOS,0,0,Morelia,Torreon Nuevo,junio,viernes,12,-101.207644850679,19.7494147681465
35235,35240,2021,,2021/06/04,12:15:00,COLISIÓN CONTRA OBJETO FIJO,ASFALTO,Nublado,Regular,2,NISSAN,BLANCO,1,,32,MASCULINO,SIN DATOS,0,0,Morelia,Prados Verdes,junio,viernes,12,-101.199782310949,19.7166640281338
35236,35241,2021,,2021/06/04,12:30:00,COLISIÓN POR INVASIÓN DE CARRIL,ASFALTO,Bueno,Bueno,2,INTERNATIONAL,AZUL,2,,38,MASCULINO,SIN DATOS,0,0,Morelia,Rafael Carrillo,junio,viernes,13,-101.23667073181,19.7076524046929
35237,35242,2021,,2021/06/04,14:00:00,COLISIÓN CONTRA OBJETO FIJO,ASFALTO,Bueno,Bueno,2,VOLKSWAGEN,BLANCO,2,,55,MASCULINO,SIN DATOS,0,0,Morelia,Elias Perez Avalos,junio,viernes,14,-101.16713342357,19.7115103684746
35238,35243,2021,,2021/06/04,16:15:00,COLISIÓN CON PEATÓN,SIN_DATOS,Bueno,Bueno,2,VOLKSWAGEN,ROJO,2,MINISTERIO PÚBLICO,38,MASCULINO,SIN DATOS,0,0,Morelia,Tenencia Morelos,junio,viernes,16,-101.247991391205,19.6479725117509
35239,35244,2021,,2021/06/04,17:00:00,COLISIÓN POR CORTE DE CIRCULACIÓN,ASFALTO,Bueno,Bueno,3,HONDA,GRIS,3,,50,FEMENINO,SIN DATOS,0,0,Morelia,Vasco de Quiroga,junio,viernes,17,-101.174619228326,19.7028063200556
35240,35245,2021,,2021/06/04,17:10:00,COLISIÓN POR INVASIÓN DE CARRIL,SIN_DATOS,Nublado,Bueno,2,RENAULT,BLANCO/ROJO,2,MINISTERIO PÚBLICO,26,MASCULINO,SIN DATOS,0,0,Morelia,Villas del Pedregal,junio,viernes,17,-101.304282667966,19.6795786927071
35241,35246,2021,,2021/06/04,17:10:00,COLISIÓN POR ALCANCE,ASFALTO,Bueno,Bueno,2,NISSAN,BLANCO/ AZUL,2,,33,MASCULINO,SIN DATOS,0,0,Santa Ana Maya,Centro,junio,viernes,17,-101.011465117335,20.0033594781799
35242,35247,2021,,2021/06/04,19:00:00,COLISIÓN CON PEATÓN,ASFALTO,Bueno,Bueno,1,JEEP,AZUL,0,MINISTERIO PÚBLICO,,,,0,0,Lázaro Cárdenas,Las Palmas,junio,viernes,19,-102.221032083035,17.9682257916276
35244,35249,2021,,2021/06/04,20:55:00,COLISIÓN CON PEATÓN,ASFALTO,Bueno,Bueno,1,FORD,ROJO,1,MINISTERIO PÚBLICO,,,,0,1,Pátzcuaro,Centro,junio,viernes,21,-101.617251075804,19.5174766882565
35245,35250,2021,,2021/06/04,22:05:00,COLISIÓN POR NO RESPETAR SEMÁFORO,ASFALTO,Bueno,Bueno,2,VOLKSWAGEN,BEIGE,2,,28,MASCULINO,SIN DATOS,0,0,Morelia,Ana Maria Gallaga (Riviera Norte),junio,viernes,22,-101.222782924093,19.6767951758774
35246,35251,2021,MOR210397541,2021/06/05,"00:15:00",COLISIÓN POR INVASIÓN DE CARRIL,ASFALTO,Nublado,Bueno,2,NISSAN,BLANCO,2,,36,MASCULINO,SIN DATOS,0,0,Morelia,San Jose del Cerrito,junio,sábado,0,-101.220385699786,19.6592341535124
35247,35252,2021,MOR210395160,2021/06/05,"00:25:00",COLISIÓN POR CORTE DE CIRCULACIÓN,ASFALTO,Bueno,Bueno,2,FORD,BLANCO,2,,55,FEMENINO,SIN DATOS,0,0,Morelia,La Loma,junio,sábado,0,-101.184996634044,19.6810258222421
35248,35253,2021,,2021/06/05,"06:18:00",COLISIÓN CONTRA OBJETO FIJO,ASFALTO,Bueno,Bueno,3,FORD,GRIS,3,MINISTERIO PÚBLICO,34,MASCULINO,ALIENTO ETÍLICO,0,0,Morelia,Chapultepec Oriente,junio,sábado,6,-101.165061345444,19.6908722443063
35249,35254,2021,MOR210396244,2021/06/05,"09:20:00",COLISIÓN POR ALCANCE,ASFALTO,Bueno,Bueno,2,RENAULT,GRIS,2,,28,MASCULINO,SIN DATOS,0,0,Morelia,Tierra Y Libertad,junio,sábado,9,-101.227860126434,19.7190894643587
35250,35255,2021,LEG37437,2021/06/05,13:45:00,COLISIÓN POR CORTE DE CIRCULACIÓN,ASFALTO,Bueno,Bueno,2,FREIGHTLINER,BLANCO,2,,55,MASCULINO,SIN DATOS,0,0,Morelia,Elias Perez Avalos,junio,sábado,14,-101.165098110214,19.7106316757063
35251,35256,2021,,2021/06/05,14:15:00,COLISIÓN POR ALCANCE,CONCRETO,Nublado,Bueno,3,VOLKSWAGEN,AZUL,3,,36,MASCULINO,SIN DATOS,0,0,Morelia,Industrial,junio,sábado,14,-101.198664835907,19.7065826769329
35252,35257,2021,MOR210396621,2021/06/05,16:55:00,COLISIÓN POR MANIOBRA DE REVERSA,ASFALTO,Bueno,Bueno,2,MERCEDEZ BENZ,BLANCO,2,,34,MASCULINO,SIN DATOS,0,0,Morelia,Francisco J Mujica,junio,sábado,17,-101.188238384625,19.7214893235443
35253,35258,2021,MOR210396642,2021/06/05,17:15:00,COLISIÓN POR CAMBIO DE CARRIL,ASFALTO,Lluvioso,Bueno,2,NISSAN,BLANCO,2,,34,MASCULINO,SIN DATOS,0,0,Morelia,El Porvenir,junio,sábado,17,-101.206276609815,19.7079010981544
35254,35259,2021,MOR210397038,2021/06/05,19:50:00,COLISIÓN POR ALCANCE,ASFALTO,Nublado,Bueno,2,CHEVROLET,NEGRO,2,,30,MASCULINO,SIN DATOS,0,0,Morelia,El Lago 2,junio,sábado,20,-101.214506998658,19.7266535426953
35255,35260,2021,MOR 210397016,2021/06/05,20:10:00,COLISIÓN POR CAMBIO DE CARRIL,ASFALTO,Nublado,Regular,3,NISSAN,NEGRO,3,,55,MASCULINO,SIN DATOS,0,0,Morelia,Chapultepec Oriente,junio,sábado,20,-101.162768162109,19.6904845339537
35256,35261,2021,LEG37436,2021/06/05,21:35:00,VOLCADURA,CONCRETO,Bueno,Bueno,1,AUDI,BLANCO,1,,32,MASCULINO,CON CERTIFICADO,0,0,Morelia,Sin datos,junio,sábado,22,-101.11602497034,19.7033659613173
35257,35262,2021,,2021/06/06,"03:00:00",SALIDA DE SUPERFICIE DE RODAMIENTO,ASFALTO,Bueno,Bueno,1,DODGE,AZUL,0,MINISTERIO PÚBLICO,,,,0,0,Lázaro Cárdenas,La Libertad,junio,domingo,3,-102.232466980137,17.9899636149615
35258,35263,2021,,2021/06/06,10:30:00,COLISIÓN POR CORTE DE CIRCULACIÓN,CONCRETO,Bueno,Bueno,2,VOLKSWAGEN,BLANCO,2,,59,MASCULINO,SIN DATOS,0,0,Morelia,Ventura Puente,junio,domingo,11,-101.190708459102,19.6923634275817
35259,35264,2021,MOR210395540,2021/06/06,10:35:00,COLISIÓN POR CORTE DE CIRCULACIÓN,CONCRETO,Bueno,Bueno,2,DODGE,GRIS/AZUL,2,MINISTERIO PÚBLICO,29,MASCULINO,SIN DATOS,0,0,Morelia,El Lago 2,junio,domingo,11,-101.21207524091,19.725683672298
35260,35265,2021,,2021/06/06,13:30:00,COLISIÓN POR CAMBIO DE CARRIL,ASFALTO,Bueno,Bueno,2,LIFAN,GRIS,2,MINISTERIO PÚBLICO,56,MASCULINO,SIN DATOS,0,0,Morelia,Alberto Oviedo Mota,junio,domingo,14,-101.198094592177,19.684234779034
35261,35266,2021,MOR210398652,2021/06/06,13:48:00,COLISIÓN POR ALCANCE,ASFALTO,Bueno,Bueno,2,FORD,AZUL,2,,32,MASCULINO,SIN DATOS,0,0,Morelia,Independencia,junio,domingo,14,-101.176907122135,19.7052616623159