fid,id_accidente,anio_origen,folio_c5i,dia_incidente,hora_ocurrencia,tipo_incidente_vial,superficie_ocurrencia,condiciones_climaticas,condiciones_via,numero_vehiculos_involucrados,marca_vehiculo_ocasiona_siniestro,color_vehiculo_ocasiona_siniestro,numero_personas_involucradas,lugar_remite_presunto_responsable,edad_presunto_responsable,sexo_presunto_responsable,resultados_toxicologia,numero_personas_lesionadas,numero_personas_fallecidas,municipio,colonia,mes,dia_semana,hora_redondeada,lon,lat
35262,35267,2021,LEG37441,2021/06/06,14:44:00,COLISIÓN POR NO RESPETAR SEMÁFORO,ASFALTO,Bueno,Bueno,2,NISSAN,BLANCO,2,,26,MASCULINO,SIN DATOS,0,0,Morelia,La Esperanza,junio,domingo,15,-101.254131272435,19.6978863110563
35263,35268,2021,,2021/06/06,15:00:00,COLISIÓN POR CORTE DE CIRCULACIÓN,ASFALTO,Nublado,Bueno,2,CHEVROLET,BLANCO,2,,59,FEMENINO,SIN DATOS,0,0,Morelia,Nueva Valladolid,junio,domingo,15,-101.209637082435,19.7009484106631
35264,35269,2021,,2021/06/06,15:20:00,COLISIÓN POR NO RESPETAR SEMÁFORO,ASFALTO,Bueno,Bueno,2,ITALIKA,GRIS,2,,20,MASCULINO,SIN DATOS,0,0,Morelia,Tzindurio de Morelos,junio,domingo,15,-101.250169009649,19.6985049397301
35265,35270,2021,,2021/06/06,17:10:00,COLISIÓN CONTRA OBJETO FIJO,ASFALTO,Lluvioso,Malo,1,CHEVROLET,ROJO,1,,31,MASCULINO,SIN DATOS,0,0,Morelia,Bosques Tres Marias,junio,domingo,17,-101.104085878833,19.7246536590763
35266,35271,2021,,2021/06/06,19:00:00,SALIDA DE SUPERFICIE DE RODAMIENTO,ASFALTO,Lluvioso,Regular,1,MERCEDEZ BENZ,NARANJA,1,,30,MASCULINO,SIN DATOS,0,0,Morelia,El Realito,junio,domingo,19,-101.202800474042,19.7255437056798
35267,35272,2021,,2021/06/06,21:10:00,COLISIÓN POR CAMBIO DE CARRIL,ASFALTO,Bueno,Bueno,2,DTS,NEGRO,4,MINISTERIO PÚBLICO,17,MASCULINO,SIN DATOS,2,0,Tacámbaro,Sin datos,junio,domingo,21,-101.44597761333,19.2367967543941
35268,35273,2021,MOR210397323,2021/06/06,22:11:00,COLISIÓN POR ALCANCE,ASFALTO,Bueno,Bueno,2,ISUZU,BLANCO,2,,31,MASCULINO,SIN DATOS,0,0,Morelia,Loma Bonita,junio,domingo,22,-101.196776560761,19.7201587072609
35269,35274,2021,,2021/06/07,"08:20:00",VOLCADURA,ASFALTO,Bueno,Bueno,1,MITSUBISHI,BLANCO,1,,29,MASCULINO,SIN DATOS,0,0,Morelia,Cañada del Bosque,junio,lunes,8,-101.0954772681,19.7297615985276
35270,35275,2021,MOR210400792,2021/06/07,11:47:00,COLISIÓN POR CORTE DE CIRCULACIÓN,ASFALTO,Bueno,Bueno,2,NISSAN,GRIS,2,,24,MASCULINO,SIN DATOS,0,0,Morelia,Chapultepec Sur,junio,lunes,12,-101.171234920621,19.690838401161
35271,35276,2021,,2021/06/07,11:50:00,COLISIÓN POR CAMBIO DE CARRIL,ASFALTO,Bueno,Regular,2,FORD,BLANCO,2,,47,MASCULINO,SIN DATOS,0,0,Morelia,Elias Perez Avalos,junio,lunes,12,-101.170714907348,19.7141985414407
35272,35277,2021,MOR210401234,2021/06/07,14:27:00,COLISIÓN POR MANIOBRA DE REVERSA,ASFALTO,Bueno,Bueno,2,NISSAN,PLATA,2,,43,FEMENINO,SIN DATOS,0,0,Morelia,Vasco de Quiroga,junio,lunes,14,-101.171938025129,19.702575581887
35273,35278,2021,MOR210401479,2021/06/07,16:15:00,COLISIÓN POR CORTE DE CIRCULACIÓN,CONCRETO,Bueno,Bueno,2,NISSAN,BLANCO,2,,25,MASCULINO,SIN DATOS,0,0,Morelia,Ampliacion La Soledad,junio,lunes,16,-101.183029965244,19.7339251452195
35274,35279,2021,MOE210401527,2021/06/07,17:16:00,COLISIÓN POR MANIOBRA DE REVERSA,ASFALTO,Bueno,Bueno,2,NISSAN,PLATA,2,,52,MASCULINO,SIN DATOS,0,0,Morelia,Bosques de Oriente,junio,lunes,17,-101.155462848223,19.7156195923936
35275,35280,2021,LEG37468,2021/06/07,17:20:00,COLISIÓN POR CORTE DE CIRCULACIÓN,CONCRETO,Bueno,Bueno,5,FORD,S/D,5,MINISTERIO PÚBLICO,,MASCULINO,SIN DATOS,1,0,Morelia,Ventura Puente,junio,lunes,17,-101.179782114923,19.6904264504123
35276,35281,2021,LEG37473,2021/06/07,21:59:00,COLISIÓN CONTRA OBJETO FIJO,CONCRETO,Bueno,Bueno,3,CHRYSLER,VERDE,1,,83,MASCULINO,SIN DATOS,0,0,Morelia,Chapultepec Sur,junio,lunes,22,-101.17750824176,19.6932696781763
35277,35282,2021,,2021/06/08,"00:30:00",COLISIÓN POR CORTE DE CIRCULACIÓN,ASFALTO,Bueno,Bueno,2,CHEVROLET,AZUL,3,MINISTERIO PÚBLICO,26,MASCULINO,SIN DATOS,1,0,Hidalgo,Sin datos,junio,martes,1,-100.636915049769,19.7126343207078
35278,35283,2021,,2021/06/08,"07:30:00",COLISIÓN POR CAMBIO DE CARRIL,ASFALTO,Bueno,Bueno,2,CHEVROLET,ROJO Y GRIS,2,,39,MASCULINO,SIN DATOS,0,0,Morelia,Camelinas,junio,martes,8,-101.17262119,19.6818144849991
35279,35284,2021,,2021/06/08,10:00:00,COLISIÓN POR INVASIÓN DE CARRIL,ASFALTO,Bueno,Bueno,2,INTERNATIONAL,BLANCO,2,,27,MASCULINO,SIN DATOS,0,0,Morelia,Union,junio,martes,10,-101.15784392,19.7118910899991
35280,35285,2021,,2021/06/08,11:10:00,COLISIÓN CON PEATÓN,ASFALTO,Bueno,Bueno,1,VOLKSWAGEN,NEGRO,1,,,,,1,0,Morelia,Tlalpujahua,junio,martes,11,-101.217714585364,19.6760251857636
35281,35286,2021,,2021/06/08,11:20:00,COLISIÓN POR CAMBIO DE CARRIL,ASFALTO,Bueno,Regular,2,CHEVROLET,BLANCO,2,,39,MASCULINO,SIN DATOS,0,0,Morelia,Enrique Arreguin Robles,junio,martes,11,-101.184214495801,19.7196622475339
35282,35287,2021,,2021/06/08,11:20:00,COLISIÓN POR CORTE DE CIRCULACIÓN,ASFALTO,Bueno,Bueno,2,CHEVROLET,NARANJA,2,,22,MASCULINO,SIN DATOS,0,0,Peribán,Sin datos,junio,martes,11,-102.443258799613,19.5508093394321
35283,35288,2021,MOR210403116,2021/06/08,12:20:00,COLISIÓN POR CORTE DE CIRCULACIÓN,ASFALTO,Bueno,Bueno,2,KENWORTH,BLANCO,2,,48,MASCULINO,SIN DATOS,0,0,Morelia,Sentimientos de La Nacion,junio,martes,12,-101.236872629009,19.6848039270054
35284,35289,2021,,2021/06/08,13:40:00,COLISIÓN CONTRA OBJETO FIJO,ASFALTO,Bueno,Bueno,1,NISSAN,BLANCO,3,MINISTERIO PÚBLICO,24,MASCULINO,SIN DATOS,2,0,Morelia,Praderas del Indio,junio,martes,14,-101.223494028547,19.6450845894654
35285,35290,2021,,2021/06/08,16:30:00,COLISIÓN POR ALCANCE,ASFALTO,Bueno,Bueno,2,CHRYSLER,BLANCO,2,,58,MASCULINO,SIN DATOS,0,0,Morelia,Loma Bonita,junio,martes,17,-101.196560033344,19.7228155712315
35286,35291,2021,,2021/06/08,17:00:00,COLISIÓN POR CORTE DE CIRCULACIÓN,ASFALTO,Bueno,Bueno,1,NISSAN,BLANCO,0,,,,,0,0,Morelia,Sin datos,junio,martes,17,-101.281859278679,19.5947380897464
35287,35292,2021,MOR210404200,2021/06/08,18:01:00,COLISIÓN POR CORTE DE CIRCULACIÓN,ASFALTO,Bueno,Bueno,2,CHEVROLET,ROJO,2,,34,MASCULINO,SIN DATOS,0,0,Morelia,Josefa Ortiz de Dominguez,junio,martes,18,-101.211542487144,19.6721854832238
35288,35293,2021,,2021/06/08,20:35:00,COLISIÓN POR CORTE DE CIRCULACIÓN,ASFALTO,Bueno,Bueno,2,SEAT,GRIS,2,,36,MASCULINO,SIN DATOS,0,0,Morelia,Chapultepec Oriente,junio,martes,21,-101.158921759869,19.6954081230651
35289,35294,2021,,2021/06/08,22:15:00,COLISIÓN POR CAMBIO DE CARRIL,ASFALTO,Bueno,Bueno,2,VOLKSWAGEN,GRIS,2,,54,MASCULINO,SIN DATOS,0,0,Morelia,Cinco de Diciembre,junio,martes,22,-101.158690899611,19.6863511371571
35290,35295,2021,,2021/06/08,23:20:00,COLISIÓN CONTRA OBJETO FIJO,ASFALTO,Bueno,Bueno,1,VOLKSWAGEN,GRIS,1,,31,MASCULINO,SIN DATOS,0,0,Morelia,Centro,junio,martes,23,-101.177912005649,19.7048271084791
35291,35296,2021,,2021/06/08,23:40:00,VOLCADURA,ASFALTO,Bueno,Bueno,1,HYUNDAI,GRIS,2,MINISTERIO PÚBLICO,,,,2,0,Morelia,Arcos del Valle,junio,martes,0,-101.236248984933,19.7076227347651
35292,35297,2021,,2021/06/09,"02:10:00",COLISIÓN CONTRA OBJETO FIJO,ASFALTO,Bueno,Bueno,1,ACURA,NEGRO,2,MINISTERIO PÚBLICO,,,,2,0,Pátzcuaro,Independencia,junio,miércoles,2,-101.619083725594,19.5122634275982
35293,35298,2021,,2021/06/09,"02:30:00",COLISIÓN POR CAMBIO DE CARRIL,ASFALTO,Bueno,Bueno,2,CHRYSLER,VERDE,2,,36,MASCULINO,ALIENTO ETÍLICO,0,0,Morelia,Campestre Los Manantiales,junio,miércoles,3,-101.23833540827,19.6882347857376
35295,35300,2021,MOR210406181,2021/06/09,14:20:00,COLISIÓN POR ALCANCE,ASFALTO,Bueno,Bueno,2,HONDA,BLANCO,2,,27,MASCULINO,SIN DATOS,0,0,Morelia,Libertad,junio,miércoles,14,-101.238108091056,19.6873663018623
35296,35301,2021,MOR210406428,2021/06/09,15:56:00,COLISIÓN POR CAMBIO DE CARRIL,ASFALTO,Bueno,Bueno,2,FORD,ROJO,2,,45,MASCULINO,SIN DATOS,0,0,Morelia,Nueva Valladolid,junio,miércoles,16,-101.207883283496,19.7010686448486
35297,35302,2021,MOR210406482,2021/06/09,16:25:00,COLISIÓN POR CORTE DE CIRCULACIÓN,ASFALTO,Bueno,Bueno,2,MERCEDES BENZ,BLANCO,2,,40,MASCULINO,SIN DATOS,0,0,Morelia,Chapultepec Sur,junio,miércoles,16,-101.174621295255,19.692374060808
35298,35303,2021,LEG37494,2021/06/09,18:00:00,COLISIÓN POR CORTE DE CIRCULACIÓN,CONCRETO,Bueno,Bueno,2,GMC,NEGRO,2,,65,MASCULINO,SIN DATOS,0,0,Morelia,Indeco Expropiacion Petrolera,junio,miércoles,18,-101.225763894618,19.6852061060845
35299,35304,2021,,2021/06/09,21:00:00,COLISIÓN POR CORTE DE CIRCULACIÓN,ASFALTO,Bueno,Regular,2,ITALIKA,NEGRO,2,MINISTERIO PÚBLICO,,,,2,0,Pátzcuaro,Popular Vasco de Quiroga,junio,miércoles,21,-101.600564017214,19.4985421519642
35300,35305,2021,MOR210407066,2021/06/09,21:15:00,COLISIÓN POR CORTE DE CIRCULACIÓN,ASFALTO,Lluvioso,Bueno,2,FREIGHTLINER,AZUL,2,,34,MASCULINO,SIN DATOS,0,0,Morelia,Felicitas del Rio,junio,miércoles,21,-101.197063587606,19.6901909593262
35301,35306,2021,MOR210407178,2021/06/09,21:35:00,COLISIÓN POR CAMBIO DE CARRIL,ASFALTO,Bueno,Bueno,2,CHEVROLET,AZUL,2,,36,MASCULINO,SIN DATOS,0,0,Morelia,Centro,junio,miércoles,22,-101.190497235132,19.7038536048828
35302,35307,2021,,2021/06/09,21:40:00,COLISIÓN CONTRA OBJETO FIJO,ASFALTO,Bueno,Bueno,1,JEEP,AMARILLO,1,,,,SIN DATOS,0,0,Morelia,Obrera,junio,miércoles,22,-101.186281107366,19.7115905652976
35303,35308,2021,MOR210315666,2021/06/10,"00:00:00",COLISIÓN POR ALCANCE,ASFALTO,Nublado,Bueno,1,CHEVROLET,BLANCO,1,,30,MASCULINO,SIN DATOS,0,0,Morelia,Alberto Oviedo Mota,junio,jueves,0,-101.202101290482,19.6771387396163
35307,35312,2021,MOR210407561,2021/06/10,"01:35:00",COLISIÓN CONTRA OBJETO FIJO,ASFALTO,Bueno,Bueno,1,NISSAN,NEGRO,1,,30,MASCULINO,ALIENTO ETÍLICO,0,0,Morelia,Vista Bella,junio,jueves,2,-101.196,19.6764
35308,35313,2021,MOR210407632,2021/06/10,"03:45:00",COLISIÓN CONTRA OBJETO FIJO,ASFALTO,Lluvioso,Regular,1,SEAT,BEIGE,0,,,,,0,0,Morelia,Villas Lomas del Paraiso,junio,jueves,4,-101.183243326701,19.6753951296653
35309,35314,2021,,2021/06/10,11:30:00,COLISIÓN POR ALCANCE,ASFALTO,Bueno,Regular,3,RAM,BLANCO,3,,22,MASCULINO,SIN DATOS,0,0,Morelia,Lomas de Morelia (Dr Ignacio Chavez),junio,jueves,12,-101.173508885236,19.715958534142
35310,35315,2021,MOR210408468,2021/06/10,14:01:00,COLISIÓN POR ALCANCE,ASFALTO,Bueno,Bueno,2,NISSAN,ROJO,2,,35,MASCULINO,SIN DATOS,0,0,Morelia,Los Manantiales de Morelia,junio,jueves,14,-101.240231029011,19.6927368619864
35311,35316,2021,,2021/06/10,14:40:00,COLISIÓN POR CORTE DE CIRCULACIÓN,CONCRETO,Bueno,Bueno,2,NISSAN,BLANCO,2,,34,MASCULINO,SIN DATOS,0,0,Morelia,Villa Universidad,junio,jueves,15,-101.203184723854,19.6910230684035
35312,35317,2021,,2021/06/10,15:50:00,COLISIÓN POR ALCANCE,CONCRETO,Bueno,Bueno,2,VOLKSWAGUEN,BEIGE,2,,28,,SIN DATOS,0,0,Morelia,Sentimientos de La Nacion,junio,jueves,16,-101.235687976541,19.6821711988977
35313,35318,2021,,2021/06/10,16:00:00,COLISIÓN POR CAMBIO DE CARRIL,ASFALTO,Bueno,Bueno,2,INTERNACIONAL,BLANCO,2,,47,MASCULINO,SIN DATOS,0,0,Morelia,Fray Antonio de Lisboa,junio,jueves,16,-101.147048771381,19.6941712173575
35314,35319,2021,MOR210409117,2021/06/10,18:08:00,COLISIÓN POR ALCANCE,CONCRETO,Bueno,Bueno,2,MAZDA,ROJO,2,,45,MASCULINO,SIN DATOS,0,0,Morelia,Villas de Fatima,junio,jueves,18,-101.210231191732,19.6767642087551
35315,35320,2021,,2021/06/10,19:30:00,COLISIÓN POR CAMBIO DE CARRIL,ASFALTO,Bueno,Regular,2,FREGHTLERNER,BLANCO,2,MINISTERIO PÚBLICO,46,MASCULINO,SIN DATOS,0,0,Morelia,Francisco J Mujica,junio,jueves,20,-101.189804188907,19.7222221992011
35316,35321,2021,MOR210409116,2021/06/10,19:40:00,COLISIÓN POR ALCANCE,ASFALTO,Bueno,Bueno,2,MERCEDES BENZ,NEGRO,2,MINISTERIO PÚBLICO,27,MASCULINO,SIN DATOS,0,0,Morelia,Lomas de Huerta,junio,jueves,20,-101.214314214885,19.674166707299
35317,35322,2021,,2021/06/10,21:00:00,COLISIÓN CONTRA OBJETO FIJO,ASFALTO,Bueno,Bueno,1,CHEVROLET,BLANCO,0,,,,,0,0,Morelia,Sin datos,junio,jueves,21,-101.268778480589,19.6381335684721
35318,35323,2021,,2021/06/10,23:40:00,SALIDA DE SUPERFICIE DE RODAMIENTO,ASFALTO,Bueno,Bueno,1,MAZDA,BLANCO,1,,26,MASCULINO,SIN DATOS,0,0,Morelia,Jardines del Rincon,junio,jueves,0,-101.153340197432,19.6872413509168
35319,35324,2021,,2021/06/11,"04:00:00",COLISIÓN CONTRA OBJETO FIJO,ASFALTO,Bueno,Bueno,1,VOLKSWAGEN,GRIS,0,MINISTERIO PÚBLICO,,,,0,0,Lázaro Cárdenas,Centro,junio,viernes,4,-102.198607413615,17.9562708708151
35320,35325,2021,,2021/06/11,"05:15:00",VOLCADURA,ASFALTO,Bueno,Bueno,1,JEEP,BLANCO,0,,,,,0,0,Peribán,Sin datos,junio,viernes,5,-102.435565858401,19.4874092643291
35321,35326,2021,MOR 210410278,2021/06/11,"08:10:00",SALIDA DE SUPERFICIE DE RODAMIENTO,ASFALTO,Bueno,Regular,2,S/D,S/D,1,MINISTERIO PÚBLICO,34,MASCULINO,SIN DATOS,0,0,Morelia,Canteras de Morelia,junio,viernes,8,-101.173380017281,19.7162353049189
35322,35327,2021,MOR210410365,2021/06/11,"08:45:00",COLISIÓN POR CAMBIO DE CARRIL,ASFALTO,Bueno,Bueno,2,VOLKSWAGEN,BLANCO,2,,56,MASCULINO,SIN DATOS,0,0,Morelia,Ampliacion La Soledad,junio,viernes,9,-101.18275500834,19.7356990708441
35323,35328,2021,,2021/06/11,"09:30:00",COLISIÓN POR CORTE DE CIRCULACIÓN,ASFALTO,Bueno,Bueno,2,KIA,GUINDA,2,,26,FEMENINO,SIN DATOS,0,0,Morelia,Jacarandas,junio,viernes,10,-101.209355115212,19.7083435919343
35324,35329,2021,MOR210410547,2021/06/11,11:05:00,COLISIÓN POR CORTE DE CIRCULACIÓN,ASFALTO,Bueno,Regular,2,TOYOTA,BLANCO,2,,41,MASCULINO,SIN DATOS,0,0,Tarímbaro,Real Hacienda,junio,viernes,11,-101.196706152774,19.7518301539212
35325,35330,2021,LEG37523,2021/06/11,14:00:00,COLISIÓN POR ALCANCE,ASFALTO,Bueno,Bueno,2,NISSAN,ARENA,1,MINISTERIO PÚBLICO,,,,1,0,Tarímbaro,Sin datos,junio,viernes,14,-101.148026131772,19.7711933495694
35326,35331,2021,LEG37520,2021/06/11,14:35:00,COLISIÓN POR ALCANCE,ASFALTO,Bueno,Bueno,2,DODGE,BLANCO,2,MINISTERIO PÚBLICO,38,MASCULINO,SIN DATOS,0,0,Morelia,Nueva Valladolid,junio,viernes,15,-101.211609420468,19.7008138286113
35327,35332,2021,MOR210411121,2021/06/11,14:40:00,VOLCADURA,ASFALTO,Bueno,Bueno,1,VOSLKWAGEN,BLANCO,1,,46,MASCULINO,SIN DATOS,0,0,Morelia,Tzindurio de Morelos,junio,viernes,15,-101.243370859469,19.6995084055673
35328,35333,2021,LEG37525,2021/06/11,16:00:00,COLISIÓN POR ALCANCE,ASFALTO,Bueno,Bueno,2,HONDA,AZUL,2,,33,MASCULINO,SIN DATOS,0,0,Morelia,Isaac Arriaga,junio,viernes,16,-101.167707145214,19.7094322172727
35329,35334,2021,MOR210411406,2021/06/11,16:47:00,COLISIÓN POR INVASIÓN DE CARRIL,ASFALTO,Bueno,Bueno,2,ITALIKA,ROJO/NEGRO,2,,24,MASCULINO,SIN DATOS,0,0,Morelia,3 de Agosto,junio,viernes,17,-101.17177172817,19.7310626432201
35330,35335,2021,LEG37527,2021/06/11,17:00:00,COLISIÓN POR CORTE DE CIRCULACIÓN,ASFALTO,Bueno,Bueno,2,VOLKSWAGEN,NEGRO,2,,33,MASCULINO,SIN DATOS,0,0,Morelia,Ciudad Industrial,junio,viernes,17,-101.137939684781,19.7286049141949
35331,35336,2021,MOR210411484,2021/06/11,17:19:00,COLISIÓN POR MANIOBRA DE REVERSA,CONCRETO,Nublado,Regular,2,FORD,ROJO,2,,27,MASCULINO,SIN DATOS,0,0,Morelia,Villas Lomas del Paraiso,junio,viernes,17,-101.177454658541,19.6746430171048
35332,35337,2021,MOR210411630,2021/06/11,18:20:00,COLISIÓN CONTRA OBJETO FIJO,CONCRETO,Nublado,Bueno,2,FORD,CAFE,1,,38,MASCULINO,SIN DATOS,0,0,Morelia,Lomas del Pedregal,junio,viernes,18,-101.285420520737,19.6919625291532
35333,35338,2021,MOR210412021,2021/06/11,20:10:00,COLISIÓN POR CORTE DE CIRCULACIÓN,CONCRETO,Bueno,Bueno,2,HYUNDAI,ROJO,2,,30,MASCULINO,SIN DATOS,0,0,Morelia,Camelinas,junio,viernes,20,-101.169570507046,19.684385854705
35334,35339,2021,MOR210412209,2021/06/11,21:20:00,COLISIÓN POR CAMBIO DE CARRIL,ASFALTO,Bueno,Bueno,2,NISSAN,GRIS,2,,30,FEMENINO,SIN DATOS,0,0,Morelia,Sentimientos de La Nacion,junio,viernes,21,-101.236874610186,19.6848020042107
35335,35340,2021,,2021/06/12,"00:00:00",COLISIÓN POR MANIOBRA DE REVERSA,ASFALTO,Lluvioso,Bueno,2,FORD,NEGRO,2,,35,FEMENINO,SIN DATOS,0,0,Tarímbaro,Sin datos,junio,sábado,0,-101.131166375495,19.7766143544964
35336,35341,2021,,2021/06/12,"00:00:00",COLISIÓN POR CORTE DE CIRCULACIÓN,ASFALTO,Bueno,Bueno,2,VENTO,GRIS,2,MINISTERIO PÚBLICO,20,MASCULINO,SIN DATOS,0,0,Morelia,Tierra Y Libertad,junio,sábado,0,-101.230051680043,19.7160168666486
35337,35342,2021,MOR210412490,2021/06/12,"00:45:00",COLISIÓN POR ALCANCE,ASFALTO,Bueno,Bueno,2,NISSAN,BLANCO,2,,31,FEMENINO,SIN DATOS,0,0,Morelia,Primo Tapia,junio,sábado,1,-101.211797937073,19.7090882332266
35338,35343,2021,,2021/06/12,"01:30:00",SALIDA DE SUPERFICIE DE RODAMIENTO,ASFALTO,Bueno,Bueno,1,VOLKSWAGEN,BLANCO,1,MINISTERIO PÚBLICO,29,MASCULINO,SIN DATOS,0,0,Charo,Sin datos,junio,sábado,2,-101.005591384388,19.6771042729598
35339,35344,2021,MOR210412607,2021/06/12,"03:20:00",SALIDA DE SUPERFICIE DE RODAMIENTO,CONCRETO,Bueno,Bueno,1,DODGE,AZUL,0,,,,,0,0,Morelia,Leandro Valle,junio,sábado,3,-101.231663444778,19.718555386126
35340,35345,2021,LEG37538,2021/06/12,"03:20:00",COLISIÓN CONTRA OBJETO FIJO,ASFALTO,Bueno,Bueno,2,VOSLKWAGEN,NEGRO,1,,25,MASCULINO,ALIENTO ETÍLICO,0,0,Morelia,La Soledad,junio,sábado,3,-101.184973164715,19.7287639458755
35341,35346,2021,,2021/06/12,"08:20:00",COLISIÓN POR CORTE DE CIRCULACIÓN,ASFALTO,Bueno,Bueno,2,MAZDA,GRIS,2,,47,MASCULINO,SIN DATOS,0,0,Morelia,Felix Ireta,junio,sábado,8,-101.195665547118,19.6815069617924
35342,35347,2021,,2021/06/12,"09:50:00",COLISIÓN POR CORTE DE CIRCULACIÓN,CONCRETO,Bueno,Regular,2,TOYOTA,BLANCO/ NARANJA,2,MINISTERIO PÚBLICO,44,FEMENINO,SIN DATOS,0,0,Morelia,Santiaguito,junio,sábado,10,-101.188682720743,19.7180730381116
35343,35348,2021,MOR2104111007,2021/06/12,13:20:00,COLISIÓN POR INVASIÓN DE CARRIL,ASFALTO,Bueno,Bueno,2,NISSAN,NEGRO,2,,21,MASCULINO,SIN DATOS,0,0,Morelia,Club de Golf Tres Marias,junio,sábado,13,-101.106149711099,19.7021461872519
35344,35349,2021,MOR/210411168,2021/06/12,14:55:00,COLISIÓN POR CORTE DE CIRCULACIÓN,CONCRETO,Bueno,Bueno,2,YAMAHA,GRIS/NARANJA,2,,27,MASCULINO,SIN DATOS,0,0,Morelia,Infonavit Cepamisa,junio,sábado,15,-101.216374151409,19.6985086988998
35345,35350,2021,,2021/06/12,16:15:00,COLISIÓN POR MANIOBRA DE REVERSA,ASFALTO,Bueno,Bueno,2,SCANIA,VERDE,2,MINISTERIO PÚBLICO,45,MASCULINO,SIN DATOS,0,0,Morelia,La Quemada,junio,sábado,16,-101.24130022458,19.7008518215115
35346,35351,2021,,2021/06/12,17:00:00,COLISIÓN CONTRA OBJETO FIJO,ASFALTO,Lluvioso,Regular,1,TOYOTA,GRIS,1,,49,MASCULINO,SIN DATOS,0,0,Morelia,La Floresta,junio,sábado,17,-101.152193614029,19.6841223669134
35347,35352,2021,,2021/06/12,18:15:00,COLISIÓN POR INVASIÓN DE CARRIL,ASFALTO,Lluvioso,Regular,2,CHEVROLET,BLANCO,2,,27,MASCULINO,SIN DATOS,0,0,Morelia,Sin datos,junio,sábado,18,-101.118344014267,19.7378850645215
35348,35353,2021,,2021/06/12,18:50:00,COLISIÓN CONTRA OBJETO FIJO,ASFALTO,Lluvioso,Bueno,1,VOLKSWAGEN,ARENA,2,MINISTERIO PÚBLICO,,,,2,0,Charo,Sin datos,junio,sábado,19,-101.050232730128,19.6850435298908
35349,35354,2021,MOR210414010,2021/06/12,18:52:00,COLISIÓN POR CAMBIO DE CARRIL,ASFALTO,Lluvioso,Bueno,2,TOYOTA,BLANCO/GRIS,2,,40,MASCULINO,SIN DATOS,0,0,Morelia,Felicitas del Rio,junio,sábado,19,-101.197015704081,19.6917898297203
35350,35355,2021,,2021/06/12,19:50:00,COLISIÓN POR CORTE DE CIRCULACIÓN,ASFALTO,Lluvioso,Bueno,2,HONDA,BLANCO,2,,25,MASCULINO,SIN DATOS,0,0,Morelia,Jardines de Guadalupe,junio,sábado,20,-101.224581375718,19.710969347397
35351,35356,2021,LEG37551,2021/06/12,20:21:00,COLISIÓN POR ALCANCE,ASFALTO,Lluvioso,Bueno,2,JEEP,GRIS,2,MINISTERIO PÚBLICO,20,MASCULINO,SIN DATOS,0,0,Morelia,Alberto Oviedo Mota,junio,sábado,20,-101.202149055898,19.6774303596887
35352,35357,2021,MOR210411873,2021/06/12,20:39:00,COLISIÓN CON PEATÓN,CONCRETO,Bueno,Bueno,1,FORD,BLANCO,1,,34,MASCULINO,SIN DATOS,0,0,Morelia,Jardin de La Montaña,junio,sábado,21,-101.31654018028,19.6906793317647
35353,35358,2021,,2021/06/12,21:40:00,COLISIÓN CONTRA OBJETO FIJO,ASFALTO,Lluvioso,Bueno,1,Nissan,BLANCO,1,,54,MASCULINO,CON CERTIFICADO,0,0,Morelia,La Huerta,junio,sábado,22,-101.214807680383,19.674249450302
35354,35359,2021,,2021/06/12,22:00:00,SUBIDA AL CAMELLÓN,ASFALTO,Lluvioso,Malo,1,HONDA,ROJO,1,,70,MASCULINO,SIN DATOS,0,0,Morelia,Vista Bella,junio,sábado,22,-101.194077191702,19.6784979576002
35355,35360,2021,MOR210414641,2021/06/12,22:45:00,COLISIÓN CONTRA OBJETO FIJO,ASFALTO,Lluvioso,Bueno,1,SEAT,NEGRO,1,,23,MASCULINO,SIN DATOS,0,0,Morelia,Alberto Oviedo Mota,junio,sábado,23,-101.20214805007,19.6774322251706
35356,35361,2021,,2021/06/13,"00:33:00",VOLCADURA,ASFALTO,Lluvioso,Regular,1,MITSUBISHI,BLANCO,1,,26,MASCULINO,CON CERTIFICADO,0,0,Morelia,Sentimientos de La Nacion,junio,domingo,1,-101.23325061053,19.6782158121321
35357,35362,2021,,2021/06/13,"00:40:00",COLISIÓN CONTRA OBJETO FIJO,ASFALTO,Bueno,Bueno,1,CHEVROLET,BLANCO,1,,34,MASCULINO,SIN DATOS,0,0,Morelia,Tres Puentes,junio,domingo,1,-101.216115348719,19.7037690693934
35358,35363,2021,,2021/06/13,"00:50:00",SALIDA DE SUPERFICIE DE RODAMIENTO,ASFALTO,Bueno,Bueno,1,VOLKSWAGEN,NEGRO,0,,,,,0,0,Morelia,Libertad,junio,domingo,1,-101.238109432161,19.6873676219796
35359,35364,2021,,2021/06/13,"01:00:00",COLISIÓN CON PEATÓN,SIN_DATOS,Bueno,Bueno,0,,,0,,,,,0,0,Morelia,Lomas de Morelia (Dr Ignacio Chavez),junio,domingo,1,-101.176329167054,19.7181488435439
35360,35365,2021,,2021/06/13,"01:00:00",SUBIDA AL CAMELLÓN,ASFALTO,Lluvioso,Bueno,1,MITSUBISHI,BLANCO,0,,,,,0,0,Morelia,Terrazas,junio,domingo,1,-101.181724369526,19.7194691778448
35361,35366,2021,,2021/06/13,"01:25:00",COLISIÓN POR MANIOBRA DE REVERSA,CONCRETO,Bueno,Bueno,2,HONDA,ARENA,2,MINISTERIO PÚBLICO,39,FEMENINO,SIN DATOS,0,0,Morelia,Loma Bonita,junio,domingo,1,-101.196549578823,19.7228069350571