fid,id_accidente,anio_origen,folio_c5i,dia_incidente,hora_ocurrencia,tipo_incidente_vial,superficie_ocurrencia,condiciones_climaticas,condiciones_via,numero_vehiculos_involucrados,marca_vehiculo_ocasiona_siniestro,color_vehiculo_ocasiona_siniestro,numero_personas_involucradas,lugar_remite_presunto_responsable,edad_presunto_responsable,sexo_presunto_responsable,resultados_toxicologia,numero_personas_lesionadas,numero_personas_fallecidas,municipio,colonia,mes,dia_semana,hora_redondeada,lon,lat
35362,35367,2021,,2021/06/13,"01:30:00",COLISIÓN CONTRA OBJETO FIJO,ASFALTO,Lluvioso,Bueno,1,NISSAN,NEGRO,1,,47,MASCULINO,SIN DATOS,0,0,Morelia,La Floresta,junio,domingo,2,-101.151921644139,19.6833985020727
35363,35368,2021,,2021/06/13,"01:35:00",COLISIÓN POR CORTE DE CIRCULACIÓN,SIN_DATOS,Lluvioso,Regular,2,MITSUBISHI,AZUL,2,MINISTERIO PÚBLICO,24,MASCULINO,SIN DATOS,0,0,Morelia,Centro,junio,domingo,2,-101.189835796305,19.701841384078
35364,35369,2021,,2021/06/13,"02:45:00",COLISIÓN POR CORTE DE CIRCULACIÓN,ASFALTO,Bueno,Bueno,2,VOLKSWAGEN,NEGRO,2,,31,MASCULINO,SIN DATOS,0,0,Morelia,Vasco de Quiroga,junio,domingo,3,-101.170951612294,19.7024929109123
35365,35370,2021,,2021/06/13,"03:00:00",COLISIÓN POR ALCANCE,ASFALTO,Lluvioso,Bueno,2,SEAT,GRIS,2,,32,MASCULINO,CON CERTIFICADO,0,0,Morelia,Virrey Antonio de Mendoza,junio,domingo,3,-101.162359490991,19.7065330641155
35366,35371,2021,MOR210415069,2021/06/13,"03:30:00",COLISIÓN POR MANIOBRA DE REVERSA,ASFALTO,Bueno,Bueno,2,CHEVROLET,NARANJA,2,,40,MASCULINO,CON CERTIFICADO,0,0,Morelia,Fidel Velazquez,junio,domingo,4,-101.239941076122,19.7059930323575
35367,35372,2021,MOR210415123,2021/06/13,"03:45:00",SUBIDA AL CAMELLÓN,ASFALTO,Bueno,Bueno,1,NISSAN,BLANCO/ROJO,1,,45,MASCULINO,SIN DATOS,0,0,Morelia,Arcos del Valle,junio,domingo,4,-101.23625102707,19.7076255468079
35368,35373,2021,,2021/06/13,"06:05:00",COLISIÓN POR CORTE DE CIRCULACIÓN,ASFALTO,Bueno,Regular,2,CHEVROLET,NEGRO,2,MINISTERIO PÚBLICO,23,MASCULINO,SIN DATOS,0,0,Morelia,Camelinas,junio,domingo,6,-101.171987950802,19.6819587982999
35369,35374,2021,,2021/06/13,"06:20:00",COLISIÓN POR CORTE DE CIRCULACIÓN,ASFALTO,Bueno,Bueno,2,VOLKSWAGEN,NEGRO,2,,47,MASCULINO,SIN DATOS,0,0,Morelia,Ciudad Industrial,junio,domingo,6,-101.134378351271,19.7329901196635
35370,35375,2021,,2021/06/13,"07:00:00",COLISIÓN POR CORTE DE CIRCULACIÓN,ASFALTO,Bueno,Bueno,2,JEEP,ROJO,0,MINISTERIO PÚBLICO,,,,0,0,Lázaro Cárdenas,Nuevo Infonavit(11 de Julio),junio,domingo,7,-102.218913838946,17.9676530322746
35371,35376,2021,MOR210415262,2021/06/13,"08:10:00",COLISIÓN CONTRA OBJETO FIJO,ASFALTO,Bueno,Bueno,1,RENAULT,BEIGE,1,,25,MASCULINO,ALIENTO ETÍLICO,0,0,Morelia,Tierra Y Libertad,junio,domingo,8,-101.22876223855,19.7181696455472
35372,35377,2021,LEG37578,2021/06/13,"08:31:00",COLISIÓN POR INVASIÓN DE CARRIL,ASFALTO,Bueno,Bueno,2,NISSAN,BLANCO,2,,21,MASCULINO,SIN DATOS,0,0,Morelia,Las Americas,junio,domingo,9,-101.152222783052,19.6885311476411
35373,35378,2021,MOR210415869,2021/06/13,14:45:00,COLISIÓN POR ALCANCE,ASFALTO,Nublado,Bueno,2,BAJAJ,ROJO,2,,21,MASCULINO,SIN DATOS,0,0,Morelia,Tinijaro,junio,domingo,15,-101.259879612111,19.6968461899322
35374,35379,2021,MOR210415901,2021/06/13,15:00:00,COLISIÓN POR CAMBIO DE CARRIL,CONCRETO,Bueno,Bueno,2,VENTO,NEGRO,2,,40,MASCULINO,SIN DATOS,0,0,Morelia,Villa Universidad,junio,domingo,15,-101.200215884242,19.6850773652789
35375,35380,2021,,2021/06/13,15:15:00,COLISIÓN POR CAMBIO DE CARRIL,CONCRETO,Nublado,Bueno,2,NISSAN,ROJO,2,,33,MASCULINO,SIN DATOS,0,0,Morelia,Comision Federal de Electricidad,junio,domingo,15,-101.180569429736,19.6814655970603
35376,35381,2021,MOR210416146,2021/06/13,17:15:00,COLISIÓN CON PEATÓN,ASFALTO,Lluvioso,Bueno,1,HYUNDAI,ROJO,2,,28,FEMENINO,SIN DATOS,1,0,Morelia,Morelia 450,junio,domingo,17,-101.217536248955,19.6757410843366
35377,35382,2021,,2021/06/13,18:30:00,COLISIÓN POR CORTE DE CIRCULACIÓN,ASFALTO,Lluvioso,Bueno,2,BAJAJ,ROJO/NEGRO,2,,19,MASCULINO,SIN DATOS,0,0,Peribán,Sin datos,junio,domingo,19,-102.446422099389,19.5542625615268
35378,35383,2021,MOR210416373,2021/06/13,18:45:00,COLISIÓN POR CAMBIO DE CARRIL,ASFALTO,Lluvioso,Regular,2,DODGE,BLANCO,2,MINISTERIO PÚBLICO,66,MASCULINO,SIN DATOS,0,0,Morelia,La Quemada,junio,domingo,19,-101.241265416824,19.7056774199673
35379,35384,2021,,2021/06/13,21:30:00,COLISIÓN POR CORTE DE CIRCULACIÓN,ASFALTO,Lluvioso,Bueno,2,VENTO,BLANCO,2,MINISTERIO PÚBLICO,20,MASCULINO,SIN DATOS,0,0,Morelia,Industrial,junio,domingo,22,-101.193959479301,19.7107884620634
35380,35385,2021,MOR/ 210416885,2021/06/13,22:57:00,COLISIÓN CONTRA OBJETO FIJO,ASFALTO,Lluvioso,Regular,1,CHEVROLET,GRIS,1,,26,MASCULINO,SIN DATOS,0,0,Morelia,Campestre Los Manantiales,junio,domingo,23,-101.23813893646,19.6877994682192
35381,35386,2021,,2021/06/13,23:30:00,COLISIÓN CONTRA OBJETO FIJO,ASFALTO,Lluvioso,Regular,1,NISSAN,ROJO,1,MINISTERIO PÚBLICO,38,MASCULINO,SIN DATOS,0,0,Morelia,Felix Arreguin,junio,domingo,0,-101.225869841874,19.7222123292617
35382,35387,2021,,2021/06/14,"01:00:00",COLISIÓN POR CORTE DE CIRCULACIÓN,SIN_DATOS,Bueno,Bueno,2,MAZDA,AZUL,2,MINISTERIO PÚBLICO,,,SIN DATOS,0,0,Lázaro Cárdenas,Segundo Sector de Fidelac,junio,lunes,1,-102.208463251591,17.9614237376189
35383,35388,2021,MOR210417209,2021/06/14,"03:52:00",SUBIDA AL CAMELLÓN,ASFALTO,Bueno,Bueno,1,WOLKSWAGEN,ROJO,0,,,,,0,0,Morelia,El Durazno,junio,lunes,4,-101.180966889324,19.656632263422
35384,35389,2021,,2021/06/14,"09:10:00",SALIDA DE SUPERFICIE DE RODAMIENTO,ASFALTO,Bueno,Bueno,1,DODGE,ROJO,1,,57,MASCULINO,SIN DATOS,0,0,Morelia,Sin datos,junio,lunes,9,-101.114525280215,19.7368080512451
35385,35390,2021,,2021/06/14,"09:50:00",COLISIÓN POR ALCANCE,ASFALTO,Bueno,Bueno,2,VELICI,NEGRO Y ROJI,2,MINISTERIO PÚBLICO,26,MASCULINO,SIN DATOS,0,0,Morelia,Los Manantiales de Morelia,junio,lunes,10,-101.240233040668,19.6927365463194
35386,35391,2021,,2021/06/14,10:00:00,COLISIÓN POR CORTE DE CIRCULACIÓN,SIN_DATOS,Bueno,Bueno,2,TOYOTA,CAFE,2,MINISTERIO PÚBLICO,,,SIN DATOS,0,0,Lázaro Cárdenas,Centro,junio,lunes,10,-102.199635370209,17.9576726308457
35387,35392,2021,,2021/06/14,11:00:00,SALIDA DE SUPERFICIE DE RODAMIENTO,ASFALTO,Bueno,Bueno,1,VOLKSWAGEN,GRIS,0,,,,,0,0,Charo,Sin datos,junio,lunes,11,-100.989902046549,19.6756084040113
35388,35393,2021,,2021/06/14,11:40:00,COLISIÓN POR CORTE DE CIRCULACIÓN,ASFALTO,Lluvioso,Bueno,2,VENTO,AMARILLA CON NEGRO,2,,21,MASCULINO,SIN DATOS,0,0,Morelia,Jesus Romero Flores,junio,lunes,12,-101.17328915745,19.7279894431763
35389,35394,2021,,2021/06/14,14:00:00,COLISIÓN CON PEATÓN,ASFALTO,Bueno,Bueno,1,TOYOTA,BLANCO/ GRIS,2,,,MASCULINO,SIN DATOS,1,0,Morelia,Los Manantiales de Morelia,junio,lunes,14,-101.240246116437,19.6927361732568
35390,35395,2021,,2021/06/14,14:30:00,COLISIÓN POR CAMBIO DE CARRIL,ASFALTO,Bueno,Bueno,2,NISSAN SENTRA,NEGRO,2,,57,FEMENINO,SIN DATOS,0,0,Morelia,Vasco de Quiroga,junio,lunes,15,-101.168221458793,19.6966447994793
35391,35396,2021,,2021/06/14,15:45:00,COLISIÓN CONTRA OBJETO FIJO,CONCRETO,Bueno,Regular,1,VOLKSWAGEN/POINTER,BLANCO,0,MINISTERIO PÚBLICO,,,,0,0,Tarímbaro,Sin datos,junio,lunes,16,-101.124179879048,19.7703319818056
35392,35397,2021,,2021/06/14,16:00:00,COLISIÓN POR CORTE DE CIRCULACIÓN,ASFALTO,Bueno,Bueno,2,HONDA,BLANCO,2,,17,MASCULINO,SIN DATOS,0,0,Morelia,Valle de Altozano,junio,lunes,16,-101.164805330336,19.6654520486121
35393,35398,2021,,2021/06/14,17:00:00,SALIDA DE SUPERFICIE DE RODAMIENTO,ASFALTO,Bueno,Bueno,1,MITSUBISHI,BLANCO,1,,37,MASCULINO,SIN DATOS,0,0,Tzitzio,Sin datos,junio,lunes,17,-100.826146297835,19.3820107028659
35394,35399,2021,,2021/06/14,18:07:00,COLISIÓN CONTRA OBJETO FIJO,CONCRETO,Bueno,Bueno,3,NISA,ROJO,3,,53,,SIN DATOS,0,0,Morelia,Felix Ireta,junio,lunes,18,-101.188691742718,19.6851590694939
35395,35400,2021,,2021/06/14,18:40:00,COLISIÓN POR ALCANCE,ASFALTO,Lluvioso,Bueno,2,YAMAHA,ROJO/BLANCO,2,,44,FEMENINO,SIN DATOS,1,0,Peribán,Sin datos,junio,lunes,19,-102.443989031017,19.5516067272562
35396,35401,2021,MOR210416832,2021/06/14,22:00:00,COLISIÓN CONTRA OBJETO FIJO,ASFALTO,Nublado,Regular,1,DINAMO,GRIS,1,,19,MASCULINO,SIN DATOS,0,0,Morelia,Felix Arreguin,junio,lunes,22,-101.227839284323,19.7191566621293
35397,35402,2021,MOR210417019,2021/06/14,23:45:00,COLISIÓN POR CORTE DE CIRCULACIÓN,ASFALTO,Lluvioso,Regular,2,NISSAN,VERDE,2,,64,MASCULINO,SIN DATOS,0,0,Morelia,Las Flores,junio,lunes,0,-101.208920231595,19.7083476091284
35398,35403,2021,LEG37619,2021/06/15,"00:25:00",COLISIÓN POR CORTE DE CIRCULACIÓN,CONCRETO,Bueno,Bueno,2,TOYOTA,NEGRO,0,,,,,0,0,Morelia,Leandro Valle,junio,martes,0,-101.229428462684,19.722453798482
35399,35404,2021,,2021/06/15,"01:30:00",COLISIÓN POR CORTE DE CIRCULACIÓN,CONCRETO,Lluvioso,Bueno,1,NISSAN,BLANCO Y ROJO,1,,62,MASCULINO,ALIENTO ETÍLICO,0,0,Morelia,Nueva Chapultepec,junio,martes,2,-101.171731799841,19.6874707942624
35400,35405,2021,MOR210419694,2021/06/15,"09:15:00",COLISIÓN POR ALCANCE,ASFALTO,Bueno,Bueno,2,SUZUKI,GRIS,2,,28,MASCULINO,SIN DATOS,0,0,Morelia,Primo Tapia Oriente,junio,martes,9,-101.158601411365,19.7134211785483
35401,35406,2021,MOR/210416612,2021/06/15,"09:55:00",COLISIÓN POR CAMBIO DE CARRIL,CONCRETO,Bueno,Bueno,2,NISSAN,CREMA,2,,81,MASCULINO,SIN DATOS,0,0,Morelia,Agustin Arriaga Rivera,junio,martes,10,-101.224608167328,19.6909694331318
35403,35408,2021,,2021/06/15,12:00:00,COLISIÓN POR ALCANCE,CONCRETO,Bueno,Bueno,2,FIAT,PLATA,2,,58,FEMENINO,SIN DATOS,0,0,Morelia,Infonavit  Las  Camelinas,junio,martes,12,-101.174380481243,19.6818161932831
35404,35409,2021,MOR210420073,2021/06/15,12:31:00,COLISIÓN POR MANIOBRA DE REVERSA,ASFALTO,Bueno,Bueno,2,PLYMOUTH,BLANCO,2,,65,MASCULINO,SIN DATOS,0,0,Morelia,Jardines de Torremolinos,junio,martes,13,-101.225778281,19.6780712522073
35405,35410,2021,MOR210420517,2021/06/15,15:03:00,COLISIÓN POR NO RESPETAR SEMÁFORO,ASFALTO,Bueno,Bueno,2,HONDA,ROJO,1,MINISTERIO PÚBLICO,35,MASCULINO,SIN DATOS,0,0,Morelia,Cinco de Diciembre,junio,martes,15,-101.161037832499,19.6877786335585
35406,35411,2021,,2021/06/15,15:15:00,COLISIÓN POR CAMBIO DE CARRIL,CONCRETO,Bueno,Bueno,2,NISSAN,PLATA,2,,35,MASCULINO,SIN DATOS,0,0,Morelia,Camelinas,junio,martes,15,-101.171106540345,19.682008906602
35407,35412,2021,MOR210420526,2021/06/15,15:55:00,COLISIÓN POR CAMBIO DE CARRIL,ASFALTO,Bueno,Bueno,2,MERCEDES BENZ,VERDE OLIVO,2,,0,MASCULINO,SIN DATOS,0,0,Morelia,La Soledad,junio,martes,16,-101.183775223124,19.726466793334
35408,35413,2021,MOR 210420698,2021/06/15,16:00:00,COLISIÓN POR CORTE DE CIRCULACIÓN,ASFALTO,Bueno,Bueno,2,NISSAN,ROJO,2,,30,MASCULINO,SIN DATOS,0,0,Morelia,Centro,junio,martes,16,-101.1865811795,19.7008208590318
35409,35414,2021,MOR210421101,2021/06/15,19:00:00,COLISIÓN CONTRA OBJETO FIJO,ASFALTO,Bueno,Bueno,2,NISSAN,BLANCO/ROJO,2,,42,MASCULINO,SIN DATOS,0,0,Morelia,Isaac Arriaga,junio,martes,19,-101.169460334562,19.7085551827858
35410,35415,2021,MOR210421247,2021/06/15,20:20:00,COLISIÓN POR ALCANCE,ASFALTO,Bueno,Bueno,1,VOLKSWAGEN,ROJO,1,,40,FEMENINO,SIN DATOS,0,0,Charo,Sin datos,junio,martes,20,-101.056540005598,19.6909571219855
35411,35416,2021,MOR 210421421,2021/06/15,21:00:00,COLISIÓN POR CORTE DE CIRCULACIÓN,ASFALTO,Bueno,Bueno,2,VOLKSWAGEN,GRIS,2,,48,MASCULINO,SIN DATOS,0,0,Morelia,Felix Ireta,junio,martes,21,-101.18411650373,19.6890246620259
35412,35417,2021,,2021/06/15,22:00:00,COLISIÓN POR CORTE DE CIRCULACIÓN,ASFALTO,Bueno,Bueno,2,FORD,GRIS,1,MINISTERIO PÚBLICO,,,SIN DATOS,0,0,Lázaro Cárdenas,Jose Green,junio,martes,22,-102.202635481954,17.9673895710454
35413,35418,2021,MOR21067854,2021/06/15,22:10:00,CAIDA DE MOTOCICLETA,ASFALTO,Bueno,Bueno,1,VENTO,BLANCO Y NEGRO,1,,25,,SIN DATOS,0,0,Morelia,Leandro Valle,junio,martes,22,-101.230679774151,19.7158274652481
35414,35419,2021,MOR210421625,2021/06/15,22:33:00,COLISIÓN POR CAMBIO DE CARRIL,ASFALTO,Bueno,Bueno,2,DODGE,PLATA,2,,26,MASCULINO,SIN DATOS,0,0,Morelia,Infonavit Colonial Universidad,junio,martes,23,-101.205736510456,19.6864739364499
35415,35420,2021,MOR210421825,2021/06/16,"01:15:00",COLISIÓN POR INVASIÓN DE CARRIL,ASFALTO,Bueno,Bueno,2,NISSAN,BLANCO,1,MINISTERIO PÚBLICO,62,MASCULINO,SIN DATOS,0,0,Morelia,Sin datos,junio,miércoles,1,-101.409087485887,19.6486570386322
35416,35421,2021,,2021/06/16,"07:30:00",COLISIÓN CON PEATÓN,ASFALTO,Bueno,Bueno,1,HONDA,BLANCO,3,MINISTERIO PÚBLICO,30,MASCULINO,SIN DATOS,2,0,Morelia,Felix Arreguin,junio,miércoles,8,-101.228037950664,19.7192659222637
35417,35422,2021,,2021/06/16,"08:00:00",COLISIÓN CONTRA OBJETO FIJO,SIN_DATOS,Bueno,Bueno,1,VOLKSWAGEN,CAFE,1,MINISTERIO PÚBLICO,,,SIN DATOS,0,0,Lázaro Cárdenas,Napoleon Gomez Sada,junio,miércoles,8,-102.226692379906,17.9771010895654
35418,35423,2021,MOR210422251,2021/06/16,"09:15:00",COLISIÓN CON PEATÓN,ASFALTO,Bueno,Bueno,1,ITALIKA,NEGRO,6,MINISTERIO PÚBLICO,,,,6,0,Morelia,San Pascual,junio,miércoles,9,-101.268625929952,19.6948209101298
35419,35424,2021,,2021/06/16,"09:30:00",COLISIÓN POR ALCANCE,ASFALTO,Bueno,Bueno,2,CHEVROLET,GRIS,2,,42,MASCULINO,SIN DATOS,0,0,Morelia,Fracc Heroes Republicanos,junio,miércoles,10,-101.27834454856,19.6917373712965
35420,35425,2021,,2021/06/16,12:10:00,COLISIÓN POR CORTE DE CIRCULACIÓN,CONCRETO,Bueno,Bueno,2,NISSAN,BLANCO,2,,46,MASCULINO,SIN DATOS,0,0,Morelia,Josefa Ortiz de Dominguez,junio,miércoles,12,-101.207522495903,19.6721329035923
35421,35426,2021,,2021/06/16,13:20:00,COLISIÓN POR CORTE DE CIRCULACIÓN,ASFALTO,Bueno,Bueno,2,FORD,ROJO,2,,60,MASCULINO,SIN DATOS,0,0,Morelia,Felix Ireta,junio,miércoles,13,-101.180464097046,19.6874288059973
35422,35427,2021,MOR/ 210420284,2021/06/16,13:30:00,COLISIÓN POR CORTE DE CIRCULACIÓN,SIN_DATOS,Bueno,Bueno,2,NISSAN,GRIS,2,,43,MASCULINO,SIN DATOS,0,0,Morelia,Cosmos,junio,miércoles,14,-101.218773574431,19.6848897737999
35423,35428,2021,MOR210422748,2021/06/16,13:40:00,COLISIÓN POR CORTE DE CIRCULACIÓN,ASFALTO,Bueno,Regular,2,VOLKSWAGEN,BLANCO,3,MINISTERIO PÚBLICO,33,MASCULINO,SIN DATOS,1,0,Morelia,El Porvenir,junio,miércoles,14,-101.202917173505,19.7122341330183
35424,35429,2021,,2021/06/16,14:00:00,COLISIÓN POR CAMBIO DE CARRIL,ASFALTO,Bueno,Bueno,2,DODGE,BLANCO,2,,,MASCULINO,SIN DATOS,0,0,Morelia,Lomas del Tecnologico,junio,miércoles,14,-101.188385300338,19.7211762110411
35425,35430,2021,,2021/06/16,14:30:00,COLISIÓN POR ALCANCE,CONCRETO,Bueno,Bueno,2,CHEVROLET,BLANCO,2,,59,FEMENINO,SIN DATOS,0,0,Morelia,Comision Federal de Electricidad,junio,miércoles,15,-101.176131262697,19.6868274394443
35426,35431,2021,MOR210423024,2021/06/16,14:35:00,COLISIÓN POR CAMBIO DE CARRIL,ASFALTO,Bueno,Bueno,2,KENWORTH,BLANCO,2,,50,MASCULINO,SIN DATOS,0,0,Morelia,Lomas del Tecnologico,junio,miércoles,15,-101.188597530127,19.7199967691221
35427,35432,2021,,2021/06/16,15:00:00,COLISIÓN POR CORTE DE CIRCULACIÓN,CONCRETO,Bueno,Bueno,2,TOYOTA HIACE,BLANCO/NARANJA,2,,60,MASCULINO,SIN DATOS,0,0,Morelia,Torrecillas,junio,miércoles,15,-101.182856597006,19.6700990740761
35428,35433,2021,MOR/210420659,2021/06/16,16:40:00,COLISIÓN POR CORTE DE CIRCULACIÓN,ASFALTO,Bueno,Bueno,2,NISSAN,AZUL,2,,28,MASCULINO,SIN DATOS,0,0,Morelia,Sin datos,junio,miércoles,17,-101.304400868046,19.6876734557859
35429,35434,2021,,2021/06/16,18:00:00,COLISIÓN POR CAMBIO DE CARRIL,ASFALTO,Bueno,Bueno,2,KENWORTH,BLANCO,2,MINISTERIO PÚBLICO,53,,SIN DATOS,0,0,Morelia,Francisco J Mujica,junio,miércoles,18,-101.185554899275,19.7240196095562
35430,35435,2021,,2021/06/16,19:00:00,COLISIÓN POR CORTE DE CIRCULACIÓN,ASFALTO,Bueno,Bueno,2,MAZDA,GRIS,2,,56,FEMENINO,SIN DATOS,0,0,Morelia,Poblado de Ocolusen,junio,miércoles,19,-101.149481870234,19.6946791774738
35431,35436,2021,,2021/06/16,19:40:00,COLISIÓN POR CORTE DE CIRCULACIÓN,ASFALTO,Bueno,Bueno,3,NISSAN,AZUL,3,,43,FEMENINO,SIN DATOS,0,0,Morelia,Chapultepec Sur,junio,miércoles,20,-101.177081465721,19.6919638205153
35432,35437,2021,,2021/06/16,19:50:00,COLISIÓN POR CAMBIO DE CARRIL,CONCRETO,Bueno,Bueno,2,VOLKSWAGEN GOL,GRIS,2,MINISTERIO PÚBLICO,20,MASCULINO,SIN DATOS,0,0,Morelia,Camelinas,junio,miércoles,20,-101.171077725812,19.6819548066429
35433,35438,2021,,2021/06/16,21:20:00,COLISIÓN POR NO RESPETAR SEMÁFORO,ASFALTO,Bueno,Bueno,2,INTERNATIONAL,BLANCO,2,,24,MASCULINO,SIN DATOS,0,0,Morelia,Bosques de Oriente,junio,miércoles,21,-101.155513487756,19.7155569775095
35434,35439,2021,,2021/06/16,22:40:00,COLISIÓN CONTRA OBJETO FIJO,ASFALTO,Bueno,Bueno,1,CHEVROLET,BLANCO,1,,28,MASCULINO,SIN DATOS,0,0,Tarímbaro,Club Erandeni,junio,miércoles,23,-101.181733818219,19.7591040520068
35435,35440,2021,MOR 21029029089,2021/06/17,"07:10:00",COLISIÓN POR CORTE DE CIRCULACIÓN,ASFALTO,Bueno,Bueno,1,FORD,AMARILLO,1,,31,MASCULINO,SIN DATOS,0,0,Charo,San Pedro Y San Pablo,junio,jueves,7,-101.051143035293,19.7472719370615
35436,35441,2021,MOR 210424426,2021/06/17,"09:10:00",COLISIÓN POR MANIOBRA DE REVERSA,ASFALTO,Bueno,Bueno,2,KENWORTH,AMARILLO,2,,35,MASCULINO,SIN DATOS,0,0,Morelia,Chapultepec Oriente,junio,jueves,9,-101.158904900028,19.6954368108352
35437,35442,2021,,2021/06/17,10:10:00,COLISIÓN POR CORTE DE CIRCULACIÓN,ASFALTO,Bueno,Bueno,2,HONDA,AZUL,1,MINISTERIO PÚBLICO,16,MASCULINO,SIN DATOS,0,0,Pátzcuaro,Centro,junio,jueves,10,-101.60999569661,19.5294971555554
35438,35443,2021,MOR210424660,2021/06/17,11:00:00,COLISIÓN POR CAMBIO DE CARRIL,ASFALTO,Bueno,Bueno,2,NISSAN,ROJO,2,,60,MASCULINO,SIN DATOS,0,0,Morelia,Lomas del Tecnologico,junio,jueves,11,-101.18839032948,19.7211797401551
35439,35444,2021,MOR21042449,2021/06/17,11:56:00,COLISIÓN POR CAMBIO DE CARRIL,ASFALTO,Bueno,Bueno,2,SEAT,NEGRO,2,,19,MASCULINO,SIN DATOS,0,0,Morelia,Nueva Chapultepec,junio,jueves,12,-101.172281652689,19.6903772630507
35440,35445,2021,MOR210424832,2021/06/17,13:05:00,COLISIÓN POR CAMBIO DE CARRIL,CONCRETO,Bueno,Bueno,2,YAMAHA,BLANCO,2,,25,MASCULINO,SIN DATOS,0,0,Morelia,La Calera,junio,jueves,13,-101.240066774189,19.6692790543104
35441,35446,2021,MOR210425103,2021/06/17,13:20:00,COLISIÓN POR ALCANCE,ASFALTO,Bueno,Bueno,2,DINA,AMARILLO,2,,42,MASCULINO,SIN DATOS,0,0,Morelia,Alfonso Garcia Robles,junio,jueves,13,-101.182616905046,19.7188438014942
35442,35447,2021,,2021/06/17,14:50:00,COLISIÓN POR ALCANCE,ASFALTO,Bueno,Bueno,2,DINA,NARANJA,2,,37,MASCULINO,SIN DATOS,0,0,Morelia,Primo Tapia Oriente,junio,jueves,15,-101.156927042398,19.714740490266
35443,35448,2021,MOR 210425238,2021/06/17,16:05:00,COLISIÓN CONTRA OBJETO FIJO,ASFALTO,Bueno,Malo,1,NISSAN,BLANCO Y ROJO,1,,64,FEMENINO,SIN DATOS,0,0,Morelia,Felix Ireta,junio,jueves,16,-101.183287762105,19.6830083719261
35444,35449,2021,MOR210425337,2021/06/17,16:06:00,COLISIÓN POR CAMBIO DE CARRIL,ASFALTO,Bueno,Bueno,2,FREIHHTLINER,AMARILLO,2,,42,MASCULINO,SIN DATOS,0,0,Morelia,Francisco J Mujica,junio,jueves,16,-101.185557611965,19.7240192365761
35445,35450,2021,MOR210425317,2021/06/17,17:05:00,COLISIÓN POR CAMBIO DE CARRIL,ASFALTO,Bueno,Bueno,2,VOLKSWAGEN,NEGRO,2,,0,MASCULINO,SIN DATOS,0,0,Morelia,Cosmos,junio,jueves,17,-101.216452543984,19.6834206292666
35446,35451,2021,MOR 210425344,2021/06/17,17:45:00,VOLCADURA,ASFALTO,Nublado,Bueno,3,INTERNATIONAL,BLANCO,2,,56,MASCULINO,SIN DATOS,0,0,Morelia,Montaña Monarca,junio,jueves,18,-101.160775311291,19.6716899366136
35447,35452,2021,MOR210425511,2021/06/17,18:20:00,COLISIÓN POR ALCANCE,ASFALTO,Bueno,Bueno,2,CHEVROLET,ROJO,2,,44,MASCULINO,SIN DATOS,0,0,Morelia,El Realito,junio,jueves,18,-101.204278059304,19.7257282008521
35448,35453,2021,MOR210425885,2021/06/17,22:15:00,COLISIÓN POR CAMBIO DE CARRIL,ASFALTO,Bueno,Bueno,3,FORD,BLANCO,4,MINISTERIO PÚBLICO,49,MASCULINO,SIN DATOS,1,0,Morelia,Ana Maria Gallaga (Riviera Norte),junio,jueves,22,-101.223946362734,19.6766471132851
35449,35454,2021,,2021/06/18,"00:10:00",COLISIÓN CONTRA OBJETO FIJO,ASFALTO,Bueno,Bueno,1,OLDSMOBILE,ROJO,1,,0,,SIN DATOS,0,0,Charo,La Goleta,junio,viernes,0,-101.07817735523,19.7398444176678
35450,35455,2021,MOR210426068,2021/06/18,"00:40:00",COLISIÓN CONTRA OBJETO FIJO,CONCRETO,Lluvioso,Regular,2,NISSAN,GRIS,2,,34,MASCULINO,SIN DATOS,0,0,Morelia,San Juanito Itzicuaro,junio,viernes,1,-101.250589781177,19.6814059125613
35451,35456,2021,,2021/06/18,"07:50:00",COLISIÓN POR ALCANCE,ASFALTO,Bueno,Bueno,3,CHEVROLET,ROJO,3,MINISTERIO PÚBLICO,33,MASCULINO,SIN DATOS,0,0,Peribán,Sin datos,junio,viernes,8,-102.443963275716,19.5515767412723
35452,35457,2021,,2021/06/18,10:20:00,COLISIÓN POR CAMBIO DE CARRIL,CONCRETO,Bueno,Bueno,2,CHEVROLET,BLANCO/VERDE,1,,21,MASCULINO,SIN DATOS,0,0,Morelia,Plan de La Garita,junio,viernes,10,-101.184999918229,19.7125366446643
35453,35458,2021,,2021/06/18,13:15:00,COLISIÓN POR MANIOBRA DE REVERSA,ASFALTO,Bueno,Bueno,2,NISSAN,AZUL,2,,57,FEMENINO,SIN DATOS,0,0,Morelia,Josefa Ortiz de Dominguez,junio,viernes,13,-101.209783963859,19.6721669425988
35454,35459,2021,,2021/06/18,14:30:00,COLISIÓN POR CAMBIO DE CARRIL,ASFALTO,Bueno,Bueno,2,NISSAN,BLANCO,2,,51,MASCULINO,SIN DATOS,0,0,Morelia,Sin datos,junio,viernes,15,-101.284487538718,19.5949522137663
35455,35460,2021,MOR210427448,2021/06/18,14:35:00,COLISIÓN POR ALCANCE,ASFALTO,Lluvioso,Bueno,2,KENWORTH,BLANCO,2,,39,MASCULINO,SIN DATOS,0,0,Morelia,Lomas del Tecnologico,junio,viernes,15,-101.190327920698,19.7220580538894