fid,id_accidente,anio_origen,folio_c5i,dia_incidente,hora_ocurrencia,tipo_incidente_vial,superficie_ocurrencia,condiciones_climaticas,condiciones_via,numero_vehiculos_involucrados,marca_vehiculo_ocasiona_siniestro,color_vehiculo_ocasiona_siniestro,numero_personas_involucradas,lugar_remite_presunto_responsable,edad_presunto_responsable,sexo_presunto_responsable,resultados_toxicologia,numero_personas_lesionadas,numero_personas_fallecidas,municipio,colonia,mes,dia_semana,hora_redondeada,lon,lat
35457,35462,2021,LEG37664,2021/06/18,17:52:00,COLISIÓN POR CORTE DE CIRCULACIÓN,ASFALTO,Lluvioso,Bueno,2,CHEVROLET,NEGRO,3,MINISTERIO PÚBLICO,24,MASCULINO,SIN DATOS,1,0,Morelia,Sin datos,junio,viernes,18,-101.410980180594,19.6409224641903
35458,35463,2021,,2021/06/18,19:10:00,COLISIÓN POR ALCANCE,ASFALTO,Nublado,Bueno,3,FORD,BLANCO/VERDE,3,,18,MASCULINO,SIN DATOS,0,0,Morelia,Sin datos,junio,viernes,19,-101.304398185827,19.687675694223
35459,35464,2021,,2021/06/18,19:15:00,COLISIÓN POR CORTE DE CIRCULACIÓN,CONCRETO,Nublado,Bueno,2,CHEVROLET,AMARILLO,2,MINISTERIO PÚBLICO,44,MASCULINO,CON CERTIFICADO,0,0,Morelia,Juarez,junio,viernes,19,-101.19957608596,19.695490716529
35460,35465,2021,,2021/06/18,20:00:00,COLISIÓN POR ALCANCE,ASFALTO,Lluvioso,Regular,2,INTERNATIONAL,BLANCO/AZUL,2,,30,MASCULINO,SIN DATOS,0,0,Morelia,Las Americas,junio,viernes,20,-101.15892288021,19.6879563307422
35461,35466,2021,,2021/06/19,"00:00:00",COLISIÓN POR CORTE DE CIRCULACIÓN,CONCRETO,Lluvioso,Regular,2,FORD,GRIS,2,,39,MASCULINO,SIN DATOS,0,0,Morelia,La Hacienda,junio,sábado,0,-101.320640668273,19.6757075913874
35462,35467,2021,,2021/06/19,"00:00:00",COLISIÓN POR CAMBIO DE CARRIL,ASFALTO,Lluvioso,Regular,3,VOLKSWAGEN,BLANCO,3,,43,MASCULINO,SIN DATOS,0,0,Morelia,Morelia 450,junio,sábado,0,-101.217469163239,19.6757082227884
35463,35468,2021,,2021/06/19,"00:10:00",COLISIÓN CONTRA OBJETO FIJO,ASFALTO,Lluvioso,Bueno,1,MITSUBISHI,P,0,,,,,0,0,Morelia,Ejidal Ocolusen,junio,sábado,0,-101.153427369214,19.687337603905
35464,35469,2021,,2021/06/19,"00:10:00",SUBIDA AL CAMELLÓN,ASFALTO,Bueno,Bueno,1,JEEP,NEGRO,1,,33,MASCULINO,SIN DATOS,0,0,Morelia,Felix Arreguin,junio,sábado,0,-101.225953630425,19.7222716636973
35465,35470,2021,,2021/06/19,"01:20:00",COLISIÓN CON PEATÓN,SIN_DATOS,Bueno,Bueno,2,NISSAN,ROJO,1,MINISTERIO PÚBLICO,,FEMENINO,SIN DATOS,0,0,Morelia,Chapultepec Oriente,junio,sábado,1,-101.159515709363,19.6913924596169
35466,35471,2021,,2021/06/19,"01:50:00",SALIDA DE SUPERFICIE DE RODAMIENTO,ASFALTO,Bueno,Bueno,1,GENERAL MOTORS,AZUL,1,,26,MASCULINO,SIN DATOS,0,0,Morelia,Josefa Ortiz de Dominguez,junio,sábado,2,-101.20978564024,19.6721653640615
35467,35472,2021,,2021/06/19,"02:08:00",SALIDA DE SUPERFICIE DE RODAMIENTO,ASFALTO,Bueno,Bueno,1,DODGE,AZUL,1,,51,MASCULINO,SIN DATOS,0,0,Morelia,Bicentenario,junio,sábado,2,-101.179471306356,19.7382609997326
35468,35473,2021,,2021/06/19,"02:40:00",COLISIÓN CONTRA OBJETO FIJO,ASFALTO,Lluvioso,Bueno,2,NISSAN,AZUL,1,,42,MASCULINO,ALIENTO ETÍLICO,0,0,Morelia,Chapultepec Norte,junio,sábado,3,-101.169587038457,19.6946564497296
35469,35474,2021,,2021/06/19,"06:10:00",COLISIÓN CONTRA OBJETO FIJO,ASFALTO,Bueno,Bueno,1,RENAULT,DORADO,1,,30,MASCULINO,SIN DATOS,0,0,Morelia,Lomas de Las Americas Sur,junio,sábado,6,-101.146946512163,19.6942684418593
35470,35475,2021,,2021/06/19,"08:00:00",COLISIÓN POR ALCANCE,ASFALTO,Bueno,Bueno,1,DODGE,CAFE,0,MINISTERIO PÚBLICO,,,,0,0,Sin datos,Sin datos,junio,sábado,8,-102.032709219918,17.9931230381886
35471,35476,2021,MOR210428715,2021/06/19,"08:15:00",COLISIÓN POR ALCANCE,ASFALTO,Lluvioso,Regular,4,NISSAN,PLATA,4,,32,MASCULINO,SIN DATOS,0,0,Morelia,Loma de Los Piñones,junio,sábado,8,-101.205084703184,19.6739917213477
35472,35477,2021,MOR210428875,2021/06/19,10:30:00,COLISIÓN CONTRA OBJETO FIJO,ASFALTO,Bueno,Bueno,1,INTERNATIONAL,BLANCO,2,,49,MASCULINO,SIN DATOS,1,0,Morelia,Los Manantiales de Morelia,junio,sábado,11,-101.242960908197,19.7001194810107
35473,35478,2021,,2021/06/19,10:50:00,COLISIÓN POR CORTE DE CIRCULACIÓN,CONCRETO,Lluvioso,Bueno,2,FREIGTHLINER,AMARILLO,2,,28,MASCULINO,SIN DATOS,0,0,Morelia,Alfonso Garcia Robles,junio,sábado,11,-101.18263132193,19.7188470437182
35474,35479,2021,MOR210429248,2021/06/19,13:05:00,COLISIÓN POR ALCANCE,ASFALTO,Lluvioso,Regular,2,FORD,ROJO,2,,48,MASCULINO,SIN DATOS,0,0,Morelia,Jardines del Toreo,junio,sábado,13,-101.215405508198,19.6854017425643
35475,35480,2021,MOR210430489,2021/06/19,13:05:00,COLISIÓN POR ALCANCE,ASFALTO,Lluvioso,Regular,3,CHEVROLET,BLANCO,3,MINISTERIO PÚBLICO,20,FEMENINO,SIN DATOS,0,0,Morelia,Cosmos,junio,sábado,13,-101.215704754921,19.6849394014456
35476,35481,2021,MOR210429363,2021/06/19,13:18:00,COLISIÓN POR CORTE DE CIRCULACIÓN,ASFALTO,Bueno,Bueno,2,ITALIKA,NEGRO/AMARILLO,2,,23,MASCULINO,SIN DATOS,0,0,Morelia,Campobello,junio,sábado,13,-101.236889027059,19.6677767405941
35477,35482,2021,,2021/06/19,13:40:00,COLISIÓN POR INVASIÓN DE CARRIL,ASFALTO,Lluvioso,Bueno,2,VOLKSWAGEN,CAFE,2,,48,MASCULINO,SIN DATOS,0,0,Morelia,Diego Rivera,junio,sábado,14,-101.175933754578,19.7181687560836
35478,35483,2021,"210429425",2021/06/19,13:50:00,COLISIÓN POR INVASIÓN DE CARRIL,CONCRETO,Lluvioso,Bueno,2,DODGE,BLANCO,2,,70,FEMENINO,SIN DATOS,0,0,Morelia,Balcones de Morelia,junio,sábado,14,-101.201035939157,19.6716467706519
35479,35484,2021,MOR20123653,2021/06/19,15:30:00,COLISIÓN POR INVASIÓN DE CARRIL,CONCRETO,Bueno,Bueno,2,MERCEDEZ BENZ,BLANCO,2,,26,MASCULINO,SIN DATOS,0,0,Morelia,Del Empleado,junio,sábado,16,-101.177627661012,19.6895971792922
35480,35485,2021,LEG37698,2021/06/19,15:50:00,COLISIÓN POR ALCANCE,CONCRETO,Lluvioso,Regular,2,DODGE,NEGRO,2,,36,MASCULINO,SIN DATOS,0,0,Morelia,Centro,junio,sábado,16,-101.185534051194,19.7029162225874
35481,35486,2021,,2021/06/19,16:20:00,COLISIÓN POR CAMBIO DE CARRIL,ASFALTO,Lluvioso,Bueno,2,KIA,NEGRO,2,,32,FEMENINO,SIN DATOS,0,0,Morelia,Lomas de Hidalgo,junio,sábado,16,-101.158940345049,19.6956178993622
35482,35487,2021,MOR2103159186,2021/06/19,16:20:00,COLISIÓN POR ALCANCE,ASFALTO,Lluvioso,Regular,2,GMC,ROJO,2,,36,MASCULINO,SIN DATOS,0,0,Morelia,Sentimientos de La Nacion,junio,sábado,16,-101.236872263253,19.6848036113228
35483,35488,2021,MOR210429584,2021/06/19,18:15:00,COLISIÓN POR CORTE DE CIRCULACIÓN,ASFALTO,Bueno,Bueno,2,MAZDA 2,ROJO,2,,55,FEMENINO,SIN DATOS,0,0,Morelia,Chapultepec Norte,junio,sábado,18,-101.176699886807,19.6944033101165
35484,35489,2021,MOR202178634,2021/06/19,19:20:00,COLISIÓN POR ALCANCE,ASFALTO,Bueno,Bueno,3,TOYOTA,BLANCO,3,,24,FEMENINO,SIN DATOS,0,0,Morelia,Felix Ireta,junio,sábado,19,-101.192043802964,19.6823817050898
35485,35490,2021,MOR210430350,2021/06/19,22:00:00,SUBIDA AL CAMELLÓN,CONCRETO,Lluvioso,Bueno,1,NISSAN,BLANCO,1,,65,MASCULINO,SIN DATOS,0,0,Morelia,La Quemada,junio,sábado,22,-101.240717819467,19.7058086693532
35486,35491,2021,MOR21043013,2021/06/20,"00:00:00",COLISIÓN POR CAMBIO DE CARRIL,CONCRETO,Bueno,Bueno,3,NISSAN,BLANCO,1,MINISTERIO PÚBLICO,17,MASCULINO,SIN DATOS,0,0,Morelia,Obrera,junio,domingo,0,-101.182741963051,19.708221440703
35487,35492,2021,MOR210430678,2021/06/20,"02:50:00",COLISIÓN POR ALCANCE,ASFALTO,Lluvioso,Regular,2,CHEVROLET,BLANCO,2,,19,FEMENINO,SIN DATOS,0,0,Morelia,Lomas de Santa Maria,junio,domingo,3,-101.181002520025,19.6751762378843
35488,35493,2021,MOR210430733,2021/06/20,"03:40:00",VOLCADURA,ASFALTO,Nublado,Bueno,1,NISSAN,BLANCO,1,,39,MASCULINO,ALIENTO ETÍLICO,0,0,Morelia,Rafael Carrillo,junio,domingo,4,-101.234946909077,19.7096624716225
35489,35494,2021,MOR 2100430745,2021/06/20,"04:30:00",COLISIÓN POR MANIOBRA DE REVERSA,ASFALTO,Nublado,Regular,2,VOLKSWAGEN,GRIS,1,MINISTERIO PÚBLICO,47,FEMENINO,SIN DATOS,0,0,Morelia,Francisco Javier Clavijero,junio,domingo,5,-101.142392487002,19.7002138897356
35490,35495,2021,MOR210430811,2021/06/20,"06:50:00",COLISIÓN CONTRA OBJETO FIJO,CONCRETO,Bueno,Bueno,1,MAZDA,ROJO,0,,,,,0,0,Morelia,Nicolas Romero,junio,domingo,7,-101.150598173165,19.7037439486673
35491,35496,2021,MOR/210428773,2021/06/20,"08:10:00",SALIDA DE SUPERFICIE DE RODAMIENTO,TERRACERIA,Lluvioso,Malo,1,BUICK,AZUL,1,,40,MASCULINO,ALIENTO ETÍLICO,0,0,Morelia,Centro,junio,domingo,8,-101.189720034599,19.6959507735089
35492,35497,2021,,2021/06/20,"08:45:00",SALIDA DE SUPERFICIE DE RODAMIENTO,ASFALTO,Bueno,Bueno,1,VOLKSWAGEN,ROJO,1,,,,SIN DATOS,0,0,Morelia,Sin datos,junio,domingo,9,-101.338193745099,19.6911414734114
35493,35498,2021,,2021/06/20,"09:00:00",COLISIÓN POR CORTE DE CIRCULACIÓN,SIN_DATOS,Bueno,Bueno,0,,,0,,,,,0,0,Morelia,Arkos San Antonio,junio,domingo,9,-101.268114329052,19.6698496617682
35494,35499,2021,,2021/06/20,"09:00:00",COLISIÓN CONTRA OBJETO FIJO,ASFALTO,Bueno,Regular,1,FORD,AZUL,1,MINISTERIO PÚBLICO,0,,SIN DATOS,0,0,Morelia,Praderas del Indio,junio,domingo,9,-101.223494028547,19.6450845894654
35495,35500,2021,,2021/06/20,"09:30:00",COLISIÓN POR CORTE DE CIRCULACIÓN,CONCRETO,Bueno,Bueno,2,NISSAN,GRIS,3,,44,MASCULINO,SIN DATOS,1,0,Morelia,Isaac Arriaga,junio,domingo,10,-101.174522638321,19.711567151307
35496,35501,2021,LEG37695,2021/06/20,11:30:00,COLISIÓN POR CORTE DE CIRCULACIÓN,ASFALTO,Lluvioso,Regular,2,WHITE,BLANCO,2,,42,MASCULINO,SIN DATOS,0,0,Morelia,Dr Miguel Silva,junio,domingo,12,-101.183912777767,19.7191590722654
35497,35502,2021,,2021/06/20,12:00:00,COLISIÓN POR ALCANCE,ASFALTO,Bueno,Bueno,2,HONDA,BLANCO,2,,78,MASCULINO,SIN DATOS,0,0,Morelia,Articulo Constitucional,junio,domingo,12,-101.170602650807,19.7137850950447
35498,35503,2021,,2021/06/20,14:00:00,COLISIÓN POR INVASIÓN DE CARRIL,ASFALTO,Bueno,Bueno,2,TOYOTA,BLANCO Y GRIS,2,,55,MASCULINO,SIN DATOS,0,0,Morelia,Poblado de Ocolusen,junio,domingo,14,-101.153133907355,19.6929155562611
35499,35504,2021,,2021/06/20,15:00:00,COLISIÓN CON PEATÓN,SIN_DATOS,Bueno,Bueno,2,MERCEDES BENZ,BLANCO,2,,31,MASCULINO,SIN DATOS,0,0,Morelia,Chapultepec Sur,junio,domingo,15,-101.174488836393,19.6923397525055
35500,35505,2021,MOR210429657,2021/06/20,16:00:00,COLISIÓN CONTRA OBJETO FIJO,CONCRETO,Lluvioso,Regular,1,RENAULT,GRIS,1,,49,FEMENINO,SIN DATOS,0,0,Morelia,Centro,junio,domingo,16,-101.19252458892,19.6981949082891
35501,35506,2021,MOR210431855,2021/06/20,16:13:00,COLISIÓN POR CORTE DE CIRCULACIÓN,ASFALTO,Nublado,Bueno,2,NISSAN,BLANCO,2,,39,MASCULINO,SIN DATOS,0,0,Morelia,Sin datos,junio,domingo,16,-101.357147239817,19.6699857622963
35502,35507,2021,LEG37693,2021/06/20,16:36:00,COLISIÓN POR CAMBIO DE CARRIL,ASFALTO,Lluvioso,Regular,2,FORD,ROJO,2,,48,MASCULINO,SIN DATOS,0,0,Morelia,Mariano Michelena,junio,domingo,17,-101.22996121645,19.6769081958451
35503,35508,2021,,2021/06/20,16:45:00,COLISIÓN CON PEATÓN,SIN_DATOS,Bueno,Bueno,2,HONDA,AZUL,2,,31,MASCULINO,SIN DATOS,0,0,Morelia,Chapultepec Sur,junio,domingo,17,-101.177513606168,19.6928697577055
35504,35509,2021,,2021/06/20,16:45:00,COLISIÓN POR INVASIÓN DE CARRIL,ASFALTO,Bueno,Bueno,2,FORD,GRIS,2,,51,MASCULINO,SIN DATOS,0,0,Morelia,Tres Puentes,junio,domingo,17,-101.216170303524,19.7037955262027
35505,35510,2021,,2021/06/20,19:07:00,COLISIÓN POR INVASIÓN DE CARRIL,ASFALTO,Bueno,Bueno,2,NISSAN,AZUL,2,MINISTERIO PÚBLICO,38,MASCULINO,SIN DATOS,0,0,Morelia,Praderas del Indio,junio,domingo,19,-101.223494028547,19.6450845894654
35506,35511,2021,,2021/06/20,21:50:00,COLISIÓN POR CORTE DE CIRCULACIÓN,SIN_DATOS,Bueno,Bueno,2,CHEVROLET,BLANCO Y AZUL,2,,,MASCULINO,CON CERTIFICADO,0,0,Morelia,Santa Maria de Guido,junio,domingo,22,-101.190523356199,19.672765924642
35507,35512,2021,MOR210430265,2021/06/20,21:55:00,COLISIÓN POR ALCANCE,CONCRETO,Lluvioso,Regular,2,CHEVROLET,BLANCO,2,,30,MASCULINO,SIN DATOS,0,0,Morelia,Centro,junio,domingo,22,-101.194214075804,19.7047989588515
35508,35513,2021,MOR210432752,2021/06/20,22:23:00,CAIDA DE MOTOCICLETA,CONCRETO,Bueno,Bueno,1,ITALIKA,AZUL Y NARANJA,1,,35,MASCULINO,ALIENTO ETÍLICO,0,0,Morelia,Unidos Santa Cruz,junio,domingo,22,-101.214398430154,19.7228448079627
35509,35514,2021,MOR210433347,2021/06/21,"08:30:00",CAIDA DE MOTOCICLETA,ASFALTO,Bueno,Bueno,1,KURAZAI,ROJO,1,,44,MASCULINO,SIN DATOS,0,0,Morelia,Sin datos,junio,lunes,9,-101.304398246788,19.6876753211582
35510,35515,2021,MOR210433401,2021/06/21,"09:30:00",COLISIÓN POR CORTE DE CIRCULACIÓN,ASFALTO,Bueno,Bueno,2,VOLKSWAGEN,PLATA,2,,24,MASCULINO,SIN DATOS,0,0,Morelia,Montaña Monarca,junio,lunes,10,-101.16035554558,19.6713174002652
35511,35516,2021,MOR 21033412,2021/06/21,10:00:00,COLISIÓN POR INVASIÓN DE CARRIL,ASFALTO,Bueno,Regular,2,NISSAN,NEGRO,2,,48,MASCULINO,SIN DATOS,0,0,Morelia,Praderas del Indio,junio,lunes,10,-101.223494028547,19.6450845894654
35512,35517,2021,MOR210433676,2021/06/21,12:00:00,COLISIÓN POR CORTE DE CIRCULACIÓN,ASFALTO,Bueno,Bueno,2,VOLKSWAGEN,NEGRO,3,MINISTERIO PÚBLICO,42,MASCULINO,SIN DATOS,1,0,Morelia,Cuauhtemoc,junio,lunes,12,-101.179105222893,19.6947687683719
35513,35518,2021,,2021/06/21,12:00:00,COLISIÓN POR INVASIÓN DE CARRIL,ASFALTO,Bueno,Bueno,2,VOLKSWAGEN,GRIS,0,MINISTERIO PÚBLICO,,,,0,0,Hidalgo,Sin Nombre,junio,lunes,12,-100.55770179765,19.7069503679617
35514,35519,2021,LEG37730,2021/06/21,13:00:00,COLISIÓN POR CORTE DE CIRCULACIÓN,ASFALTO,Bueno,Bueno,2,CHEVROLET,NEGRO,0,,,,,0,0,Tzitzio,Sin datos,junio,lunes,13,-100.796833746135,19.258471234478
35515,35520,2021,MOR210432921,2021/06/21,13:00:00,VOLCADURA,ASFALTO,Bueno,Regular,1,NISSAN,NEGRO,1,,55,MASCULINO,SIN DATOS,0,0,Charo,Sin datos,junio,lunes,13,-101.031569218769,19.7344108307544
35516,35521,2021,MOR210434109,2021/06/21,14:15:00,COLISIÓN POR ALCANCE,ASFALTO,Bueno,Bueno,2,MERCEDEZ BENZ,VERDE,2,MINISTERIO PÚBLICO,32,MASCULINO,SIN DATOS,0,0,Morelia,Lomas de Morelia (Dr Ignacio Chavez),junio,lunes,14,-101.174979619682,19.7170937331498
35517,35522,2021,MOR2108773423,2021/06/21,16:25:00,COLISIÓN POR CAMBIO DE CARRIL,ASFALTO,Bueno,Bueno,2,KENWORTH,BLANCO,2,,25,MASCULINO,SIN DATOS,0,0,Morelia,Dr Miguel Silva,junio,lunes,16,-101.178462437617,19.719766428745
35518,35523,2021,,2021/06/21,17:00:00,COLISIÓN POR CORTE DE CIRCULACIÓN,ASFALTO,Bueno,Bueno,2,VOLSKWAGEN,GRIS,2,MINISTERIO PÚBLICO,,,SIN DATOS,0,0,Lázaro Cárdenas,Pie de Casa,junio,lunes,17,-102.224171742881,17.9651156935213
35519,35524,2021,MOR210434768,2021/06/21,18:00:00,COLISIÓN POR CORTE DE CIRCULACIÓN,CONCRETO,Bueno,Bueno,2,CHEVROLET,OCRE,3,MINISTERIO PÚBLICO,56,MASCULINO,SIN DATOS,1,0,Morelia,Lomas de Hidalgo,junio,lunes,18,-101.159179396927,19.6994118442432
35520,35525,2021,LEG37732,2021/06/21,18:50:00,COLISIÓN POR CORTE DE CIRCULACIÓN,ASFALTO,Bueno,Bueno,2,NISSAN,BLANCO Y MORADO,2,,51,MASCULINO,SIN DATOS,0,0,Morelia,Las Flores,junio,lunes,19,-101.205918534912,19.70256545247
35521,35526,2021,LEG37734,2021/06/21,21:00:00,COLISIÓN POR INVASIÓN DE CARRIL,ASFALTO,Bueno,Bueno,3,MAZDA,ROJO,2,,64,FEMENINO,SIN DATOS,0,0,Morelia,Lomas de Guayangareo,junio,lunes,21,-101.162521388801,19.7021414801061
35522,35527,2021,MOR 210235126,2021/06/21,23:00:00,COLISIÓN POR CAMBIO DE CARRIL,ASFALTO,Nublado,Regular,3,NISSAN,NEGRO,3,MINISTERIO PÚBLICO,,MASCULINO,ALIENTO ETÍLICO,0,0,Morelia,Vasco de Quiroga,junio,lunes,23,-101.16984654218,19.7062590886136
35523,35528,2021,MOR210435220,2021/06/21,23:30:00,VOLCADURA,ASFALTO,Lluvioso,Regular,1,NISSAN,BLANCO,1,,27,MASCULINO,SIN DATOS,0,0,Morelia,Alberto Oviedo Mota,junio,lunes,0,-101.202100745655,19.6772106630615
35524,35529,2021,MOR210435313,2021/06/22,"01:30:00",COLISIÓN POR CORTE DE CIRCULACIÓN,CONCRETO,Bueno,Bueno,2,CHEVROLET,BLANCO,2,,36,MASCULINO,SIN DATOS,0,0,Morelia,Infonavit Adolfo Lopez Mateos,junio,martes,2,-101.227799996055,19.7012441464246
35526,35531,2021,,2021/06/22,"08:00:00",COLISIÓN CON PEATÓN,ASFALTO,Lluvioso,Regular,1,NISSAN,BLANCO,2,,27,MASCULINO,SIN DATOS,1,0,Morelia,Jose Ma Pino Suarez,junio,martes,8,-101.164592429996,19.7273055709394
35527,35532,2021,,2021/06/22,"09:55:00",COLISIÓN POR CAMBIO DE CARRIL,ASFALTO,Bueno,Regular,2,FRAGHTLINER,BLANCO,2,,27,MASCULINO,SIN DATOS,0,0,Morelia,Lazaro Cardenas,junio,martes,10,-101.164656437255,19.7106316219194
35529,35534,2021,MOR210435758,2021/06/22,10:50:00,COLISIÓN POR CORTE DE CIRCULACIÓN,ASFALTO,Nublado,Regular,2,NISSAN,BLANCO,2,,35,MASCULINO,SIN DATOS,0,0,Morelia,Lomas del Durazno,junio,martes,11,-101.192744865335,19.6647707219182
35530,35535,2021,,2021/06/22,14:10:00,COLISIÓN POR ALCANCE,ASFALTO,Bueno,Bueno,3,NISSAN,BLANCO,3,MINISTERIO PÚBLICO,,,,2,1,Morelia,Colinas del Sol,junio,martes,14,-101.136110082937,19.7292733167155
35531,35536,2021,,2021/06/22,17:02:00,COLISIÓN POR NO RESPETAR SEMÁFORO,ASFALTO,Lluvioso,Regular,2,HONDA,CAFE,4,MINISTERIO PÚBLICO,42,MASCULINO,SIN DATOS,2,0,Morelia,Centro,junio,martes,17,-101.195137761533,19.7030159382633
35532,35537,2021,,2021/06/22,19:30:00,COLISIÓN POR CORTE DE CIRCULACIÓN,ASFALTO,Lluvioso,Regular,2,VOLKSWAGEN JETTA,PLATA,2,,54,,ALIENTO ETÍLICO,0,0,Morelia,Villa Universidad,junio,martes,20,-101.199256864198,19.6856143473816
35533,35538,2021,,2021/06/22,21:00:00,COLISIÓN CONTRA OBJETO FIJO,ASFALTO,Bueno,Bueno,1,CHEVROLET,BLANCO,3,,29,MASCULINO,SIN DATOS,2,0,Charo,Sin datos,junio,martes,21,-101.041059941053,19.6873776375534
35534,35539,2021,,2021/06/22,23:00:00,CAIDA DE MOTOCICLETA,ASFALTO,Bueno,Bueno,1,ITALIKA,AZUL,0,MINISTERIO PÚBLICO,,,,0,0,Lázaro Cárdenas,Sin datos,junio,martes,23,-102.232901970456,17.985316628718
35535,35540,2021,,2021/06/23,"04:50:00",VOLCADURA,ASFALTO,Bueno,Bueno,1,TOYOTA/HI LUX,BLANCO,1,,35,MASCULINO,SIN DATOS,0,0,Tarímbaro,Sin datos,junio,miércoles,5,-101.162257201302,19.7647861202468
35536,35541,2021,,2021/06/23,"05:00:00",SALIDA DE SUPERFICIE DE RODAMIENTO,ASFALTO,Bueno,Bueno,1,TOYOTA,BLANCO,1,,29,MASCULINO,SIN DATOS,0,0,Morelia,Alberto Oviedo Mota,junio,miércoles,5,-101.202236928734,19.6771604384463
35537,35542,2021,LEG37768,2021/06/23,"07:40:00",COLISIÓN POR CAMBIO DE CARRIL,CONCRETO,Bueno,Bueno,2,SUZUKI,PLATA,2,,29,MASCULINO,SIN DATOS,0,0,Morelia,Nueva Valladolid,junio,miércoles,8,-101.207343488932,19.7021715812513
35538,35543,2021,MOR2107653,2021/06/23,"09:10:00",COLISIÓN POR NO RESPETAR SEMÁFORO,ASFALTO,Bueno,Bueno,2,TOYOTA,BLANCO Y GRIS,2,,25,MASCULINO,SIN DATOS,0,0,Morelia,Las Americas,junio,miércoles,9,-101.156514622271,19.6877150964333
35539,35544,2021,MOR210438089,2021/06/23,"09:45:00",COLISIÓN POR ALCANCE,ASFALTO,Nublado,Regular,3,MAZDA,ROJO,3,,35,FEMENINO,SIN DATOS,0,0,Morelia,Sentimientos de La Nacion,junio,miércoles,10,-101.233259998262,19.6782218103473
35540,35545,2021,MOR210438490,2021/06/23,12:00:00,COLISIÓN POR CORTE DE CIRCULACIÓN,ASFALTO,Bueno,Bueno,2,KTM,NEGRO Y NARANJA,2,MINISTERIO PÚBLICO,41,MASCULINO,SIN DATOS,0,0,Morelia,Ventura Puente,junio,miércoles,12,-101.179795891725,19.6904255320961
35541,35546,2021,LEG37757,2021/06/23,13:10:00,COLISIÓN POR ALCANCE,CONCRETO,Bueno,Bueno,2,FORD,ARENA,2,,45,MASCULINO,SIN DATOS,0,0,Morelia,Felicitas del Rio,junio,miércoles,13,-101.202455498278,19.6945951536838
35542,35547,2021,MOR210438549,2021/06/23,13:15:00,COLISIÓN POR CORTE DE CIRCULACIÓN,CONCRETO,Bueno,Bueno,2,NISSAN,BLANCO,2,,32,MASCULINO,SIN DATOS,0,0,Morelia,Ventura Puente,junio,miércoles,13,-101.184112968095,19.6893222851717
35543,35548,2021,MOR210439220,2021/06/23,16:44:00,COLISIÓN POR INVASIÓN DE CARRIL,ASFALTO,Bueno,Bueno,2,MAZDA,GRIS,2,,27,FEMENINO,SIN DATOS,0,0,Morelia,Articulo Constitucional,junio,miércoles,17,-101.17010705173,19.7134091560613
35544,35549,2021,MOR/210439461,2021/06/23,18:00:00,COLISIÓN POR CAMBIO DE CARRIL,CONCRETO,Bueno,Bueno,2,CRYSLER,AZUL,2,,45,MASCULINO,SIN DATOS,0,0,Morelia,Centro,junio,miércoles,18,-101.19052506305,19.7029215885837
35545,35550,2021,MOR210439538,2021/06/23,19:45:00,COLISIÓN POR INVASIÓN DE CARRIL,ASFALTO,Bueno,Bueno,2,LINCOLN,VERDE,3,,23,MASCULINO,SIN DATOS,1,0,Charo,San Juan,junio,miércoles,20,-101.054547733891,19.7465562757816
35546,35551,2021,MOR210439810,2021/06/23,21:00:00,COLISIÓN POR ALCANCE,ASFALTO,Bueno,Bueno,2,ITALIKA,|,2,,40,MASCULINO,SIN DATOS,0,0,Morelia,El Realito,junio,miércoles,21,-101.205196685411,19.7258355341252
35547,35552,2021,LEG37769,2021/06/23,21:00:00,COLISIÓN POR ALCANCE,CONCRETO,Bueno,Bueno,1,MARCH,CAFE,1,,47,FEMENINO,SIN DATOS,0,0,Morelia,El Realito,junio,miércoles,21,-101.20519772172,19.7258346160027
35548,35553,2021,MOR210440266,2021/06/24,"04:45:00",COLISIÓN POR NO RESPETAR SEMÁFORO,ASFALTO,Nublado,Bueno,2,FIAT,PLATA,2,,22,MASCULINO,SIN DATOS,0,0,Morelia,Irrigacion,junio,jueves,5,-101.225129216909,19.7046777518339
35549,35554,2021,MOR 210440339,2021/06/24,"06:30:00",COLISIÓN POR NO RESPETAR SEMÁFORO,ASFALTO,Bueno,Malo,2,CHEVROLET,GRIS,2,,26,MASCULINO,SIN DATOS,0,0,Morelia,Elias Perez Avalos,junio,jueves,7,-101.169549518012,19.7133343813432
35550,35555,2021,,2021/06/24,"08:00:00",COLISIÓN POR MANIOBRA DE REVERSA,ASFALTO,Bueno,Bueno,2,FORD,AZUL,1,,37,MASCULINO,SIN DATOS,0,0,Morelia,Central de Abastos,junio,jueves,8,-101.169811734424,19.7176252631286
35551,35556,2021,,2021/06/24,"08:30:00",COLISIÓN POR CORTE DE CIRCULACIÓN,ASFALTO,Bueno,Bueno,2,HONDA,BLANCO,2,,36,MASCULINO,SIN DATOS,0,0,Morelia,Jardines del Rincon,junio,jueves,9,-101.150373369455,19.6906584687804
35552,35557,2021,,2021/06/24,"09:50:00",COLISIÓN POR ALCANCE,ASFALTO,Bueno,Bueno,2,FORD,ARENA,2,,50,MASCULINO,SIN DATOS,0,0,Morelia,Loma de Los Piñones,junio,jueves,10,-101.205084398389,19.6739892244179