fid,id_accidente,anio_origen,folio_c5i,dia_incidente,hora_ocurrencia,tipo_incidente_vial,superficie_ocurrencia,condiciones_climaticas,condiciones_via,numero_vehiculos_involucrados,marca_vehiculo_ocasiona_siniestro,color_vehiculo_ocasiona_siniestro,numero_personas_involucradas,lugar_remite_presunto_responsable,edad_presunto_responsable,sexo_presunto_responsable,resultados_toxicologia,numero_personas_lesionadas,numero_personas_fallecidas,municipio,colonia,mes,dia_semana,hora_redondeada,lon,lat
35553,35558,2021,,2021/06/24,10:15:00,COLISIÓN CON PEATÓN,SIN_DATOS,Bueno,Bueno,2,IZUSU,BLANCO,2,,50,MASCULINO,SIN DATOS,0,0,Morelia,La Colina,junio,jueves,10,-101.215604662217,19.7092879724656
35554,35559,2021,,2021/06/24,12:30:00,COLISIÓN CON PEATÓN,ASFALTO,Bueno,Bueno,1,MISUBISHI,GRIS,2,MINISTERIO PÚBLICO,30,MASCULINO,SIN DATOS,1,0,Morelia,Sin datos,junio,jueves,13,-101.297013272057,19.5913621739523
35555,35560,2021,MOR210441180,2021/06/24,13:50:00,COLISIÓN CONTRA OBJETO FIJO,ASFALTO,Bueno,Bueno,1,FORD,ROJO,1,,39,MASCULINO,SIN DATOS,0,0,Morelia,Loma de La Floresta,junio,jueves,14,-101.203595741905,19.6673466485675
35556,35561,2021,,2021/06/24,14:00:00,COLISIÓN POR CORTE DE CIRCULACIÓN,ASFALTO,Bueno,Bueno,2,DODGE,VERDE,2,,34,,SIN DATOS,0,0,Morelia,Chapultepec Sur,junio,jueves,14,-101.177093779496,19.6919751558906
35557,35562,2021,,2021/06/24,14:00:00,COLISIÓN POR ALCANCE,CONCRETO,Bueno,Bueno,2,ITALIKA,ROJO,2,,,MASCULINO,SIN DATOS,0,0,Morelia,La Floresta,junio,jueves,14,-101.152288100946,19.6844289243819
35558,35563,2021,,2021/06/24,15:30:00,COLISIÓN POR CORTE DE CIRCULACIÓN,ASFALTO,Bueno,Bueno,2,ITALIKA,ROJO Y BLANCO,2,MINISTERIO PÚBLICO,19,MASCULINO,SIN DATOS,0,0,Morelia,Ciudad Industrial,junio,jueves,16,-101.134413067086,19.7330007810647
35559,35564,2021,,2021/06/24,15:30:00,COLISIÓN POR ALCANCE,ASFALTO,Bueno,Bueno,2,CHEVROLET,BLANCO,0,MINISTERIO PÚBLICO,,,,0,0,Hidalgo,Plan de Ayala,junio,jueves,16,-100.568902641535,19.7056366735263
35560,35565,2021,,2021/06/24,15:50:00,COLISIÓN POR CAMBIO DE CARRIL,ASFALTO,Bueno,Bueno,2,INTERNATIONAL,BLANCO,2,,32,MASCULINO,SIN DATOS,0,0,Morelia,Centro,junio,jueves,16,-101.177830411627,19.7048583858265
35561,35566,2021,,2021/06/24,15:50:00,COLISIÓN POR MANIOBRA DE REVERSA,CONCRETO,Bueno,Bueno,2,VOLKSWAGEN,PLATA,2,,21,MASCULINO,SIN DATOS,0,0,Morelia,Isaac Arriaga,junio,jueves,16,-101.166964630515,19.7098383946425
35562,35567,2021,MOR210441439,2021/06/24,16:01:00,COLISIÓN POR MANIOBRA DE REVERSA,ASFALTO,Nublado,Regular,2,NISSAN,BLANCO,2,,58,MASCULINO,SIN DATOS,0,0,Morelia,Las Americas,junio,jueves,16,-101.15901812911,19.6879651409809
35563,35568,2021,,2021/06/24,17:00:00,COLISIÓN POR CAMBIO DE CARRIL,ASFALTO,Bueno,Bueno,2,MAZDA,GUINDA,5,MINISTERIO PÚBLICO,30,MASCULINO,CON CERTIFICADO,3,0,Morelia,Nueva Valladolid,junio,jueves,17,-101.210576556623,19.7009654271051
35564,35569,2021,,2021/06/24,18:00:00,COLISIÓN POR CORTE DE CIRCULACIÓN,CONCRETO,Bueno,Bueno,2,NISSAN,BLANCO,2,,28,MASCULINO,SIN DATOS,0,0,Morelia,Lomas de Santa Maria,junio,jueves,18,-101.188445182542,19.6732134751923
35565,35570,2021,,2021/06/24,18:10:00,COLISIÓN POR CORTE DE CIRCULACIÓN,ASFALTO,Lluvioso,Regular,2,ITALIKA,BLANCO Y ROJO,3,MINISTERIO PÚBLICO,32,MASCULINO,SIN DATOS,1,0,Morelia,Granjas del Maestro,junio,jueves,18,-101.188581467353,19.7132945837416
35566,35571,2021,,2021/06/24,19:10:00,SALIDA DE SUPERFICIE DE RODAMIENTO,ASFALTO,Lluvioso,Bueno,1,NISSAN,GUINDA,1,,26,FEMENINO,SIN DATOS,0,0,Santa Ana Maya,Sin datos,junio,jueves,19,-101.053217693495,20.0352308089941
35567,35572,2021,,2021/06/24,20:00:00,COLISIÓN POR CORTE DE CIRCULACIÓN,ASFALTO,Bueno,Bueno,2,NISSAN,BLANCO,2,MINISTERIO PÚBLICO,,,SIN DATOS,0,0,Lázaro Cárdenas,Lirios,junio,jueves,20,-102.206637886434,17.9675162134025
35568,35573,2021,,2021/06/24,22:00:00,COLISIÓN POR CORTE DE CIRCULACIÓN,ASFALTO,Lluvioso,Regular,2,VOLKSWAGEN,PLATA,2,,49,MASCULINO,SIN DATOS,0,0,Morelia,Indeco El Vivero,junio,jueves,22,-101.229824393299,19.6770104820137
35569,35574,2021,,2021/06/25,"02:27:00",VOLCADURA,ASFALTO,Lluvioso,Bueno,1,CHEVROLET,NEGRO,0,,,,,0,0,Cuitzeo,Sin datos,junio,viernes,2,-101.164685941565,19.9690462180874
35570,35575,2021,,2021/06/25,"04:00:00",COLISIÓN CONTRA OBJETO FIJO,ASFALTO,Lluvioso,Bueno,2,S/D,S/D,0,,,,,0,0,Morelia,Alberto Oviedo Mota,junio,viernes,4,-101.202148385346,19.6774344637604
35571,35576,2021,,2021/06/25,"06:00:00",COLISIÓN POR CORTE DE CIRCULACIÓN,ASFALTO,Bueno,Bueno,2,DODGE,AZUL,2,MINISTERIO PÚBLICO,,,SIN DATOS,0,0,Lázaro Cárdenas,Centro,junio,viernes,6,-102.195661561931,17.9584816315599
35572,35577,2021,MOR210443039,2021/06/25,"08:40:00",COLISIÓN POR ALCANCE,ASFALTO,Bueno,Bueno,2,MITSUBISHI,AZUL,2,,28,FEMENINO,SIN DATOS,0,0,Morelia,El Lago 3,junio,viernes,9,-101.21927233921,19.7271635801531
35573,35578,2021,MOR 210443127,2021/06/25,"09:30:00",COLISIÓN POR CORTE DE CIRCULACIÓN,ASFALTO,Bueno,Malo,2,S/D,S/D,1,,53,MASCULINO,SIN DATOS,0,0,Morelia,Pascual Ortiz de Ayala,junio,viernes,10,-101.150369743261,19.6948116854081
35574,35579,2021,MOR210443531,2021/06/25,13:52:00,COLISIÓN POR CORTE DE CIRCULACIÓN,ASFALTO,Bueno,Bueno,2,FORD,BLANCO/AZUL,2,,48,MASCULINO,SIN DATOS,0,0,Morelia,Paseo de Las Lomas,junio,viernes,14,-101.149596268551,19.697625387693
35575,35580,2021,MOR210443674,2021/06/25,15:00:00,COLISIÓN POR ALCANCE,CONCRETO,Bueno,Bueno,3,KIA,BLANCO,3,,26,FEMENINO,SIN DATOS,0,0,Morelia,Montaña Monarca,junio,viernes,15,-101.160619072616,19.6715532348168
35576,35581,2021,MOR210443666,2021/06/25,15:00:00,COLISIÓN POR CORTE DE CIRCULACIÓN,ASFALTO,Bueno,Bueno,2,FREIGHTLINER,PLATA,2,,36,MASCULINO,SIN DATOS,0,0,Morelia,Francisco J Mujica,junio,viernes,15,-101.188242807984,19.7214867717808
35577,35582,2021,MOR 210443857,2021/06/25,16:05:00,COLISIÓN POR MANIOBRA DE REVERSA,ASFALTO,Bueno,Bueno,2,FORD,BLANCO,2,,42,MASCULINO,SIN DATOS,0,0,Morelia,Union,junio,viernes,16,-101.153743504121,19.7106389675209
35578,35583,2021,MOR210443897,2021/06/25,16:37:00,COLISIÓN POR CAMBIO DE CARRIL,ASFALTO,Lluvioso,Regular,2,CHEVROLET,PLATA,2,,50,MASCULINO,SIN DATOS,0,0,Morelia,Central de Abastos,junio,viernes,17,-101.171708635308,19.7160837782848
35579,35584,2021,"444334",2021/06/25,19:10:00,COLISIÓN POR ALCANCE,ASFALTO,Bueno,Bueno,2,FORD,CREMA/CAFE,2,,64,MASCULINO,SIN DATOS,0,0,Morelia,Eduardo Ruiz,junio,viernes,19,-101.215638616547,19.7137986669362
35580,35585,2021,MOT210444255,2021/06/25,21:00:00,COLISIÓN POR CAMBIO DE CARRIL,CONCRETO,Bueno,Bueno,2,ITALIKA,NEGRO/ROJO,2,,23,MASCULINO,SIN DATOS,0,0,Tarímbaro,Club Erandeni,junio,viernes,21,-101.182023070074,19.759243174567
35581,35586,2021,MOR/210443841,2021/06/26,"00:00:00",COLISIÓN POR ALCANCE,CONCRETO,Lluvioso,Regular,3,FORD,BLANCO,3,,26,MASCULINO,SIN DATOS,0,0,Morelia,Chapultepec Sur,junio,sábado,0,-101.177131086588,19.6932018099899
35582,35587,2021,,2021/06/26,"00:00:00",COLISIÓN POR ALCANCE,ASFALTO,Bueno,Bueno,2,CHEVROLET,NEGRO,2,,36,MASCULINO,SIN DATOS,0,0,Morelia,Isaac Arriaga,junio,sábado,0,-101.167710497975,19.7093855608158
35583,35588,2021,MOR210657342,2021/06/26,"00:00:00",COLISIÓN CON PEATÓN,CONCRETO,Bueno,Bueno,1,NISSAN,BLANCO,2,,28,MASCULINO,SIN DATOS,1,0,Morelia,Felicitas del Rio,junio,sábado,0,-101.200338564813,19.6913665173136
35584,35589,2021,MOR210444728,2021/06/26,"00:00:00",COLISIÓN POR ALCANCE,ASFALTO,Bueno,Bueno,3,HONDA,GRIS,3,,32,FEMENINO,SIN DATOS,0,0,Morelia,Juarez,junio,sábado,0,-101.197020336986,19.6926711745648
35585,35590,2021,MOR210444782,2021/06/26,"02:50:00",CAIDA ACUATICA DE VEHÍCULO,CONCRETO,Nublado,Regular,1,MAZDA 3,BLANCO,0,,,,,0,0,Morelia,Sin datos,junio,sábado,3,-101.180941164494,19.7474622765381
35586,35591,2021,MOR201876345,2021/06/26,"04:45:00",VOLCADURA,ASFALTO,Lluvioso,Regular,1,SEAT,GRIS,1,MINISTERIO PÚBLICO,27,MASCULINO,SIN DATOS,0,0,Morelia,Sin datos,junio,sábado,5,-101.307936049998,19.6873764035423
35587,35592,2021,MOR2010657523,2021/06/26,"06:30:00",COLISIÓN CONTRA OBJETO FIJO,ASFALTO,Bueno,Bueno,1,NISSAN,BLANCO Y ROSA,1,,26,,SIN DATOS,0,0,Morelia,Francisco J Mujica,junio,sábado,7,-101.187497702508,19.7247048216306
35588,35593,2021,,2021/06/26,11:00:00,COLISIÓN POR CAMBIO DE CARRIL,ASFALTO,Bueno,Bueno,2,RENAULT,AZUL,2,,27,MASCULINO,SIN DATOS,0,0,Morelia,Independencia,junio,sábado,11,-101.175465770066,19.7107543738878
35589,35594,2021,SIN FATOS,2021/06/26,12:50:00,CAIDA DE MOTOCICLETA,CONCRETO,Bueno,Bueno,1,ITALIKA,BLANCO/AZUL,2,,35,MASCULINO,SIN DATOS,1,0,Morelia,Centro,junio,sábado,13,-101.195168576456,19.7030136713447
35590,35595,2021,,2021/06/26,13:07:00,COLISIÓN POR CORTE DE CIRCULACIÓN,CONCRETO,Bueno,Bueno,2,NISSAN,GRIS,2,,54,FEMENINO,SIN DATOS,0,0,Morelia,Nueva Chapultepec,junio,sábado,13,-101.164414794609,19.6884080629587
35591,35596,2021,,2021/06/26,13:45:00,COLISIÓN POR CAMBIO DE CARRIL,ASFALTO,Bueno,Bueno,2,VOLKSWAGEN,NEGRO,2,,26,MASCULINO,SIN DATOS,0,0,Morelia,Independencia,junio,sábado,14,-101.1774933,19.7051429
35592,35597,2021,,2021/06/26,15:00:00,COLISIÓN CONTRA OBJETO FIJO,ASFALTO,Lluvioso,Regular,1,NISSAN,BLANCO CON GRIS,1,,50,MASCULINO,SIN DATOS,0,0,Morelia,Felix Ireta,junio,sábado,15,-101.195667528294,19.6815050102582
35593,35598,2021,MOR210445710,2021/06/26,15:23:00,COLISIÓN CONTRA OBJETO FIJO,CONCRETO,Nublado,Regular,2,VOLKSWAGEN,VERDE,2,,33,FEMENINO,SIN DATOS,0,0,Morelia,Indeco Expropiacion Petrolera,junio,sábado,15,-101.226465414187,19.6827016969495
35594,35599,2021,,2021/06/26,16:00:00,COLISIÓN POR CORTE DE CIRCULACIÓN,ASFALTO,Bueno,Bueno,2,FORD,BLANCO,2,,45,MASCULINO,SIN DATOS,0,0,Morelia,Lomas de Guayangareo,junio,sábado,16,-101.160851418972,19.7028170233592
35595,35600,2021,,2021/06/26,17:20:00,COLISIÓN POR ALCANCE,ASFALTO,Nublado,Regular,3,CHEVROLET,BLANCO,3,,64,MASCULINO,SIN DATOS,0,0,Morelia,Chapultepec Oriente,junio,sábado,17,-101.164343319833,19.6886911948949
35596,35601,2021,,2021/06/26,18:00:00,COLISIÓN POR ALCANCE,CONCRETO,Bueno,Bueno,2,ITALIKA,ROJO,2,,19,MASCULINO,SIN DATOS,0,0,Morelia,Industrial,junio,sábado,18,-101.197587593722,19.7112897411893
35597,35602,2021,,2021/06/26,18:20:00,COLISIÓN POR INVASIÓN DE CARRIL,ASFALTO,Nublado,Regular,2,KEENWORTH,BLANCO,2,,21,MASCULINO,SIN DATOS,0,0,Morelia,Lomas del Tecnologico,junio,sábado,18,-101.190341941334,19.7220637061599
35598,35603,2021,LEG37824,2021/06/26,20:00:00,COLISIÓN POR CAMBIO DE CARRIL,SIN_DATOS,Lluvioso,Bueno,2,NISSAN,BLANCO/GRIS,2,,26,MASCULINO,SIN DATOS,0,0,Morelia,Centro,junio,sábado,20,-101.189862351756,19.7014004721256
35599,35604,2021,,2021/06/26,20:00:00,COLISIÓN POR ALCANCE,ASFALTO,Bueno,Bueno,2,FORD,NEGRO,2,MINISTERIO PÚBLICO,45,MASCULINO,SIN DATOS,0,0,Morelia,Sin datos,junio,sábado,20,-101.118502691388,19.6882564812702
35600,35605,2021,,2021/06/26,21:10:00,COLISIÓN POR CORTE DE CIRCULACIÓN,ASFALTO,Lluvioso,Regular,2,TOYOTA,GRIS,2,,30,MASCULINO,SIN DATOS,0,0,Morelia,Ejidal Tres Puentes,junio,sábado,21,-101.232930757105,19.6920790394665
35601,35606,2021,,2021/06/26,22:00:00,COLISIÓN POR MANIOBRA DE REVERSA,CONCRETO,Lluvioso,Regular,2,VOLKSWAGEN,BLANCO,1,,25,MASCULINO,SIN DATOS,0,0,Morelia,La Soledad,junio,sábado,22,-101.184981912374,19.7293279146088
35602,35607,2021,,2021/06/27,"00:00:00",COLISIÓN POR ALCANCE,ASFALTO,Lluvioso,Malo,2,CHEVROLET,BLANCO,2,,27,MASCULINO,SIN DATOS,0,0,Morelia,Barrio Alto,junio,domingo,0,-101.195392540909,19.7245693067841
35603,35608,2021,MOR210448250,2021/06/27,"00:00:00",COLISIÓN CONTRA OBJETO FIJO,ASFALTO,Bueno,Bueno,1,FORD,GRIS,1,,24,FEMENINO,SIN DATOS,0,0,Morelia,Sentimientos de La Nacion,junio,domingo,0,-101.23687156222,19.6848017172274
35604,35609,2021,,2021/06/27,"00:05:00",COLISIÓN POR INVASIÓN DE CARRIL,ASFALTO,Lluvioso,Regular,2,NISSAN,BLANCO,0,,,,,0,0,Peribán,Sin datos,junio,domingo,0,-102.438549846411,19.4803803521389
35605,35610,2021,,2021/06/27,"00:10:00",SALIDA DE SUPERFICIE DE RODAMIENTO,ASFALTO,Lluvioso,Regular,1,DODGE,GRIS,1,,54,MASCULINO,CON CERTIFICADO,0,0,Morelia,El Lago 1,junio,domingo,0,-101.215222264559,19.7270819547535
35606,35611,2021,MOR210446668,2021/06/27,"00:20:00",COLISIÓN CONTRA OBJETO FIJO,ASFALTO,Lluvioso,Bueno,1,FORD,GRIS,1,,30,MASCULINO,SIN DATOS,0,0,Morelia,La Quemada,junio,domingo,0,-101.241300316021,19.7008524241169
35607,35612,2021,,2021/06/27,"00:50:00",CAIDA ACUATICA DE VEHÍCULO,CONCRETO,Lluvioso,Bueno,1,FIAT,ROJO,1,,51,MASCULINO,SIN DATOS,0,0,Morelia,Bicentenario,junio,domingo,1,-101.180908307433,19.7470227024409
35608,35613,2021,,2021/06/27,"01:00:00",COLISIÓN POR CAMBIO DE CARRIL,ASFALTO,Lluvioso,Regular,2,NISSAN,TITANIO,2,,25,MASCULINO,SIN DATOS,0,0,Morelia,Santiaguito,junio,domingo,1,-101.188713131811,19.7180740387371
35609,35614,2021,,2021/06/27,"02:00:00",COLISIÓN POR CAMBIO DE CARRIL,ASFALTO,Lluvioso,Bueno,2,VOLKSWAGEN,GUINDA,2,MINISTERIO PÚBLICO,34,MASCULINO,SIN DATOS,0,0,Tacámbaro,Sin datos,junio,domingo,2,-101.448981656956,19.1930293363335
35610,35615,2021,MOR210446752,2021/06/27,"02:06:00",COLISIÓN CONTRA OBJETO FIJO,ASFALTO,Bueno,Bueno,2,MAZDA,ROJO,1,,32,MASCULINO,CON CERTIFICADO,0,0,Morelia,Centro,junio,domingo,2,-101.198972314596,19.7003884165972
35611,35616,2021,,2021/06/27,"06:00:00",COLISIÓN CONTRA OBJETO FIJO,ASFALTO,Bueno,Bueno,1,VOLKSWAGEN,CAFE,1,,27,FEMENINO,SIN DATOS,0,0,Morelia,La Floresta,junio,domingo,6,-101.15235183388,19.6845902097779
35612,35617,2021,MOR210446914,2021/06/27,"07:22:00",COLISIÓN CONTRA OBJETO FIJO,ASFALTO,Bueno,Bueno,1,VOLKSWAGEN,NEGRO,1,,,,SIN DATOS,0,0,Morelia,Villas del Pedregal,junio,domingo,7,-101.307846496347,19.6794849319001
35613,35618,2021,MOR210446966,2021/06/27,"07:50:00",COLISIÓN CONTRA OBJETO FIJO,ASFALTO,Lluvioso,Bueno,1,FORD,ROJO,1,,31,MASCULINO,ALIENTO ETÍLICO,0,0,Morelia,San Pascual,junio,domingo,8,-101.267358250916,19.6953568473127
35614,35619,2021,LEG37838,2021/06/27,"09:00:00",COLISIÓN POR CORTE DE CIRCULACIÓN,CONCRETO,Lluvioso,Regular,2,CHRYSLER,BLANCO,2,,24,MASCULINO,SIN DATOS,0,0,Morelia,Juarez,junio,domingo,9,-101.199511164293,19.6981933874021
35615,35620,2021,MOR210441138,2021/06/27,"09:30:00",COLISIÓN POR CORTE DE CIRCULACIÓN,ASFALTO,Lluvioso,Bueno,1,MITSUBISHI,ROJO,1,,70,FEMENINO,SIN DATOS,0,0,Morelia,Lomas de Hidalgo,junio,domingo,10,-101.158811599016,19.6955185808203
35616,35621,2021,MOR210447277,2021/06/27,11:50:00,COLISIÓN POR CORTE DE CIRCULACIÓN,ASFALTO,Lluvioso,Bueno,2,TOYOTA,BLANCO Y GRIS,1,,36,MASCULINO,SIN DATOS,0,0,Morelia,Vista Bella,junio,domingo,12,-101.192184984684,19.6822295724213
35617,35622,2021,MOR210447449,2021/06/27,12:00:00,COLISIÓN CONTRA OBJETO FIJO,ASFALTO,Lluvioso,Bueno,1,NISSAN,NEGRO,1,,20,FEMENINO,SIN DATOS,0,0,Morelia,Alberto Oviedo Mota,junio,domingo,12,-101.196586899308,19.6812440276726
35618,35623,2021,MOR210448364,2021/06/27,12:15:00,COLISIÓN POR MANIOBRA DE REVERSA,CONCRETO,Lluvioso,Bueno,2,HONDA,PLATA,2,,39,MASCULINO,SIN DATOS,0,0,Morelia,San Juanito Itzicuaro,junio,domingo,12,-101.254641166463,19.6758442035377
35619,35624,2021,MOR210447590,2021/06/27,14:12:00,COLISIÓN POR CORTE DE CIRCULACIÓN,ASFALTO,Lluvioso,Regular,2,TOYOTA,BLANCO/ROJO,2,,26,MASCULINO,SIN DATOS,0,0,Morelia,Ricardo Flores Magon,junio,domingo,14,-101.245185404338,19.7061496188005
35620,35625,2021,MOR2104478023,2021/06/27,15:27:00,COLISIÓN POR ALCANCE,ASFALTO,Lluvioso,Regular,3,FORD,ARENA,3,,33,MASCULINO,SIN DATOS,0,0,Morelia,Praderas del Indio,junio,domingo,15,-101.224385200598,19.6453626310267
35621,35626,2021,,2021/06/27,15:40:00,COLISIÓN POR INVASIÓN DE CARRIL,ASFALTO,Lluvioso,Bueno,2,REIGHLINER,AZUL,2,MINISTERIO PÚBLICO,,,,2,0,Tarímbaro,Sin datos,junio,domingo,16,-101.160580028663,19.7639866084843
35622,35627,2021,MOR210448074,2021/06/27,17:25:00,COLISIÓN POR CORTE DE CIRCULACIÓN,ASFALTO,Lluvioso,Bueno,2,FORD,PLATA,2,,22,FEMENINO,SIN DATOS,0,0,Tarímbaro,Sin datos,junio,domingo,17,-101.135884746909,19.7748715737769
35623,35628,2021,MOR210448222,2021/06/27,17:35:00,COLISIÓN POR INVASIÓN DE CARRIL,ASFALTO,Lluvioso,Regular,2,CHEVROLET,PLATA,2,,63,MASCULINO,SIN DATOS,0,0,Morelia,Ana Maria Gallaga (Riviera Norte),junio,domingo,18,-101.221511831335,19.6770798494296
35624,35629,2021,MOR210447942,2021/06/27,18:00:00,COLISIÓN POR INVASIÓN DE CARRIL,ASFALTO,Lluvioso,Regular,2,VENTO,BLANCO / NEGRO,0,MINISTERIO PÚBLICO,,,,0,0,Tarímbaro,Sin datos,junio,domingo,18,-101.164179065012,19.8025105084133
35625,35630,2021,MOR 210448138,2021/06/27,18:20:00,COLISIÓN POR CORTE DE CIRCULACIÓN,ASFALTO,Lluvioso,Regular,2,TOYOTA,BLANCO Y GRIS,2,,32,MASCULINO,SIN DATOS,0,0,Morelia,Ana Maria Gallaga (Riviera Norte),junio,domingo,18,-101.222713948651,19.6768033696308
35626,35631,2021,MOR210447436,2021/06/27,20:10:00,COLISIÓN CONTRA OBJETO FIJO,CONCRETO,Lluvioso,Regular,2,S/D,S/D,1,,0,,SIN DATOS,0,0,Morelia,Niño Artillero,junio,domingo,20,-101.250201500952,19.6986087616745
35627,35632,2021,MOR210448536,2021/06/27,21:15:00,COLISIÓN POR INVASIÓN DE CARRIL,ASFALTO,Lluvioso,Regular,2,SEAT,GRIS,2,,34,MASCULINO,SIN DATOS,0,0,Morelia,Guadalupe,junio,domingo,21,-101.221597418189,19.709851665588
35628,35633,2021,MOR210448546,2021/06/27,21:30:00,COLISIÓN POR CORTE DE CIRCULACIÓN,ASFALTO,Lluvioso,Bueno,2,KIA,ROJO,2,,17,MASCULINO,SIN DATOS,0,0,Morelia,Chapultepec Sur,junio,domingo,22,-101.171952381052,19.6918456456903
35629,35634,2021,MOR210448628,2021/06/27,22:10:00,COLISIÓN POR CORTE DE CIRCULACIÓN,ASFALTO,Lluvioso,Regular,2,S/D,SE DESCONOCE,1,,73,MASCULINO,SIN DATOS,0,0,Morelia,Santillan La Huerta,junio,domingo,22,-101.2198822522,19.6757473337654
35630,35635,2021,MOR210448533,2021/06/27,22:29:00,COLISIÓN POR INVASIÓN DE CARRIL,ASFALTO,Lluvioso,Bueno,2,FORD,ROJO,2,MINISTERIO PÚBLICO,51,MASCULINO,SIN DATOS,0,0,Tarímbaro,Sin datos,junio,domingo,22,-101.162312217128,19.7687877967472
35631,35636,2021,MOR210448711,2021/06/27,23:37:00,SUBIDA AL CAMELLÓN,ASFALTO,Nublado,Bueno,1,NISSAN,BLANCO,1,,25,MASCULINO,SIN DATOS,0,0,Morelia,Isaac Arriaga,junio,domingo,0,-101.167622289863,19.7115154740991
35632,35637,2021,MOR210448830,2021/06/28,"01:45:00",VOLCADURA,ASFALTO,Lluvioso,Regular,1,KENWORTH,BLANCO,1,,43,MASCULINO,SIN DATOS,0,0,Morelia,Francisco J Mujica,junio,lunes,2,-101.193001656368,19.7235414096035
35633,35638,2021,MOR210449215,2021/06/28,"09:41:00",COLISIÓN POR CORTE DE CIRCULACIÓN,ASFALTO,Nublado,Bueno,2,YAMAHA,BLANCO,2,,31,MASCULINO,SIN DATOS,0,0,Morelia,Tres Puentes,junio,lunes,10,-101.214685173626,19.7031879127274
35634,35639,2021,,2021/06/28,10:10:00,COLISIÓN POR ALCANCE,ASFALTO,Bueno,Bueno,3,FORD,BLANCO,3,,20,MASCULINO,SIN DATOS,0,0,Morelia,Los Pinos de Michoacan,junio,lunes,10,-101.214114024557,19.6878433472685
35635,35640,2021,MOR210449440,2021/06/28,10:50:00,COLISIÓN POR CORTE DE CIRCULACIÓN,ASFALTO,Bueno,Bueno,2,VOLKSWAGEN,BLANCO,2,,44,MASCULINO,SIN DATOS,0,0,Morelia,Ventura Puente,junio,lunes,11,-101.19187726215,19.693641130383
35636,35641,2021,MOR210449677,2021/06/28,13:06:00,COLISIÓN POR CORTE DE CIRCULACIÓN,ASFALTO,Nublado,Bueno,2,NAVISTAR,CREMA Y NARANJA,2,,39,MASCULINO,SIN DATOS,0,0,Morelia,Ventura Puente,junio,lunes,13,-101.187972451738,19.6932582126821
35637,35642,2021,,2021/06/28,15:10:00,COLISIÓN POR ALCANCE,ASFALTO,Bueno,Regular,2,CHEVROLET,GRIS,2,,29,MASCULINO,SIN DATOS,0,0,Morelia,Articulo Constitucional,junio,lunes,15,-101.170087239958,19.7133695306241
35638,35643,2021,,2021/06/28,16:00:00,COLISIÓN CONTRA OBJETO FIJO,ASFALTO,Bueno,Bueno,1,CHEVROLET,BLANCO,1,,,MASCULINO,SIN DATOS,0,0,Morelia,Ciudad Industrial,junio,lunes,16,-101.137938096072,19.7286073696844
35639,35644,2021,,2021/06/28,16:20:00,COLISIÓN POR CORTE DE CIRCULACIÓN,ASFALTO,Bueno,Bueno,2,FORD,ROJO,8,MINISTERIO PÚBLICO,37,MASCULINO,SIN DATOS,7,0,Morelia,Tres Puentes,junio,lunes,16,-101.21471557089,19.7032030879202
35640,35645,2021,MOR/210447948,2021/06/28,18:00:00,COLISIÓN POR INVASIÓN DE CARRIL,ASFALTO,Lluvioso,Bueno,2,VENTO,BLANCO Y NEGRO,0,MINISTERIO PÚBLICO,,,,0,0,Tarímbaro,Sin datos,junio,lunes,18,-101.132952086627,19.8192385097128
35641,35646,2021,,2021/06/28,20:30:00,COLISIÓN CON PEATÓN,SIN_DATOS,Bueno,Bueno,1,VOLKSWAGEN,GRIS,1,,,,SIN DATOS,0,0,Morelia,La Quemada,junio,lunes,21,-101.250613159075,19.6851908672612
35642,35647,2021,,2021/06/29,"05:50:00",SALIDA DE SUPERFICIE DE RODAMIENTO,ASFALTO,Nublado,Regular,1,CHEVROLET,NEGRO,1,,34,MASCULINO,SIN DATOS,0,0,Morelia,Enrique Arreguin Robles,junio,martes,6,-101.185402348638,19.7239836018682
35643,35648,2021,,2021/06/29,"09:10:00",COLISIÓN POR ALCANCE,ASFALTO,Bueno,Bueno,2,CHEVROLET,BLANCO Y VERDE,2,,36,MASCULINO,SIN DATOS,0,0,Morelia,Los Manantiales de Morelia,junio,martes,9,-101.241658025168,19.6958553051367
35644,35649,2021,MOR210451528,2021/06/29,12:00:00,COLISIÓN POR CAMBIO DE CARRIL,ASFALTO,Bueno,Malo,2,DINA,BLANCO,2,,32,MASCULINO,SIN DATOS,0,0,Morelia,Lomas del Tecnologico,junio,martes,12,-101.188361709108,19.7211630414651
35645,35650,2021,,2021/06/29,12:30:00,COLISIÓN POR ALCANCE,ASFALTO,Bueno,Bueno,2,HONDA,GRIS,2,,48,MASCULINO,SIN DATOS,0,0,Morelia,Cinco de Diciembre,junio,martes,13,-101.160891316831,19.6878685152959
35646,35651,2021,MOR 210452067,2021/06/29,16:00:00,VOLCADURA,ASFALTO,Bueno,Regular,1,INTERNATIONAL,ROJO,1,,49,MASCULINO,SIN DATOS,0,0,Morelia,Sin datos,junio,martes,16,-101.188559643924,19.5828003040094