fid,id_accidente,anio_origen,folio_c5i,dia_incidente,hora_ocurrencia,tipo_incidente_vial,superficie_ocurrencia,condiciones_climaticas,condiciones_via,numero_vehiculos_involucrados,marca_vehiculo_ocasiona_siniestro,color_vehiculo_ocasiona_siniestro,numero_personas_involucradas,lugar_remite_presunto_responsable,edad_presunto_responsable,sexo_presunto_responsable,resultados_toxicologia,numero_personas_lesionadas,numero_personas_fallecidas,municipio,colonia,mes,dia_semana,hora_redondeada,lon,lat
35647,35652,2021,"210452225",2021/06/29,17:40:00,COLISIÓN POR CORTE DE CIRCULACIÓN,ASFALTO,Bueno,Bueno,2,YAMAHA,ROJO,2,,25,MASCULINO,SIN DATOS,0,0,Morelia,Felix Ireta,junio,martes,18,-101.19082982906,19.6853920425386
35648,35653,2021,MOR210452597,2021/06/29,20:15:00,COLISIÓN POR CORTE DE CIRCULACIÓN,ASFALTO,Bueno,Bueno,2,NISSAN,BEIGE,2,,62,MASCULINO,SIN DATOS,0,0,Morelia,Guadalupe,junio,martes,20,-101.225653253496,19.7066807547453
35649,35654,2021,MOR2110452611,2021/06/29,20:35:00,COLISIÓN POR CORTE DE CIRCULACIÓN,ASFALTO,Bueno,Bueno,2,TOYOTA,GRIS,2,,18,MASCULINO,SIN DATOS,0,0,Morelia,Centro,junio,martes,21,-101.182532049716,19.7043173154052
35650,35655,2021,MOR/210453198,2021/06/30,"00:00:00",COLISIÓN CONTRA OBJETO FIJO,CONCRETO,Nublado,Bueno,1,SEATL,BLANCO,1,,44,MASCULINO,SIN DATOS,0,0,Morelia,Centro,junio,miércoles,0,-101.185600192033,19.7056638760822
35651,35656,2021,LEG37878,2021/06/30,"06:00:00",COLISIÓN POR CORTE DE CIRCULACIÓN,ASFALTO,Bueno,Bueno,2,IZUZU,BLANCO,3,MINISTERIO PÚBLICO,38,MASCULINO,SIN DATOS,1,0,Morelia,Ignacio Zaragoza,junio,miércoles,6,-101.203237362206,19.7252547687359
35653,35658,2021,,2021/06/30,"09:20:00",COLISIÓN POR CORTE DE CIRCULACIÓN,CONCRETO,Bueno,Bueno,2,YAMAHA,BLANCO,3,MINISTERIO PÚBLICO,20,,SIN DATOS,1,0,Morelia,Leon Guzman,junio,miércoles,9,-101.205651617347,19.7276972981651
35654,35659,2021,,2021/06/30,12:30:00,COLISIÓN CONTRA OBJETO FIJO,ASFALTO,Bueno,Bueno,1,INTERNATIONAL,AZUL,1,,40,MASCULINO,SIN DATOS,0,0,Morelia,Ventura Puente,junio,miércoles,13,-101.187182954235,19.6926426896116
35655,35660,2021,,2021/06/30,14:35:00,COLISIÓN POR CAMBIO DE CARRIL,ASFALTO,Bueno,Bueno,2,FORD ECONOLINE,NEGRO,2,,25,MASCULINO,SIN DATOS,0,0,Morelia,Union Popular Solidaria,junio,miércoles,15,-101.219288005747,19.7053630121312
35656,35661,2021,,2021/06/30,19:00:00,COLISIÓN POR CAMBIO DE CARRIL,ASFALTO,Bueno,Bueno,2,FREIGHTLINER,BLANCO,2,,35,MASCULINO,SIN DATOS,0,0,Morelia,Lomas del Tecnologico,junio,miércoles,19,-101.192971737429,19.7218067072296
35657,35662,2021,,2021/06/30,19:05:00,COLISIÓN POR CORTE DE CIRCULACIÓN,CONCRETO,Bueno,Bueno,2,ITALIKA,NEGRO/ROJO,2,,23,MASCULINO,SIN DATOS,0,0,Morelia,El Lago 2,junio,miércoles,19,-101.214220002294,19.7259645864369
35659,35664,2021,,2021/06/30,19:35:00,SALIDA DE SUPERFICIE DE RODAMIENTO,CONCRETO,Bueno,Bueno,1,FORD,GUINDA,1,,52,MASCULINO,SIN DATOS,0,0,Morelia,Hermenegildo Galeana,junio,miércoles,20,-101.211022443381,19.748477397506
35660,35665,2021,,2021/06/30,20:25:00,CAIDA DE MOTOCICLETA,ASFALTO,Nublado,Regular,1,BAJAJ,BLANCO,1,,22,MASCULINO,SIN DATOS,0,0,Morelia,Sin datos,junio,miércoles,20,-101.151723861694,19.6695541550378
35661,35666,2021,,2021/06/30,23:30:00,COLISIÓN POR INVASIÓN DE CARRIL,ASFALTO,Lluvioso,Regular,2,PEUGEOT,BLANCO,2,,50,FEMENINO,SIN DATOS,0,0,Morelia,La Floresta,junio,miércoles,0,-101.15217782557,19.6841420254029
35662,35667,2021,MOR210456004,2021/07/01,10:00:00,COLISIÓN POR INVASIÓN DE CARRIL,ASFALTO,Bueno,Bueno,2,CHEVROLET,AZUL,2,,25,FEMENINO,SIN DATOS,0,0,Morelia,Mision del Valle,julio,jueves,10,-101.121229575077,19.7649889257234
35663,35668,2021,,2021/07/01,11:45:00,COLISIÓN POR CAMBIO DE CARRIL,CONCRETO,Bueno,Bueno,2,VOLKSWAGEN,GRIS,2,,25,FEMENINO,SIN DATOS,0,0,Morelia,Villa Universidad,julio,jueves,12,-101.199938865892,19.6844526059916
35664,35669,2021,,2021/07/01,12:00:00,COLISIÓN POR CORTE DE CIRCULACIÓN,ASFALTO,Bueno,Bueno,2,TOYOTA,BLANCO Y VERDE,2,,21,MASCULINO,SIN DATOS,0,0,Morelia,Independencia,julio,jueves,12,-101.175896630369,19.7081295904908
35665,35670,2021,,2021/07/01,12:20:00,COLISIÓN POR INVASIÓN DE CARRIL,ASFALTO,Bueno,Regular,2,FORD,BLANCO,1,MINISTERIO PÚBLICO,46,MASCULINO,SIN DATOS,0,0,Morelia,Sin datos,julio,jueves,12,-101.351233273745,19.5326704165857
35666,35671,2021,MOR/210456333,2021/07/01,13:00:00,SALIDA DE SUPERFICIE DE RODAMIENTO,ASFALTO,Lluvioso,Bueno,1,FIAT,BLANCO,0,,,,,0,0,Tarímbaro,Sin datos,julio,jueves,13,-101.066247560084,19.8046643282937
35667,35672,2021,MOR210456604,2021/07/01,14:00:00,COLISIÓN POR CORTE DE CIRCULACIÓN,ASFALTO,Bueno,Bueno,2,FORD,ROJO,2,,48,MASCULINO,SIN DATOS,0,0,Morelia,Centro,julio,jueves,14,-101.18842592969,19.7107046188911
35668,35673,2021,MOR210456720,2021/07/01,14:45:00,COLISIÓN POR MANIOBRA DE REVERSA,ASFALTO,Bueno,Bueno,2,CHRYSLER,BLANCO,2,,46,MASCULINO,SIN DATOS,0,0,Morelia,Sentimientos de La Nacion,julio,jueves,15,-101.235666945577,19.6821202583626
35669,35674,2021,,2021/07/01,15:00:00,COLISIÓN POR CAMBIO DE CARRIL,ASFALTO,Bueno,Bueno,2,CHEVROLET,GRIS,2,,55,FEMENINO,SIN DATOS,0,0,Morelia,Juarez,julio,jueves,15,-101.197780834577,19.6952286274879
35670,35675,2021,,2021/07/01,15:40:00,COLISIÓN POR CORTE DE CIRCULACIÓN,ASFALTO,Bueno,Bueno,2,FORD,NEGRO,2,,0,MASCULINO,SIN DATOS,0,0,Morelia,Lomas de Hidalgo,julio,jueves,16,-101.159102288192,19.7000222286501
35671,35676,2021,MOR210471111,2021/07/01,16:45:00,COLISIÓN POR CAMBIO DE CARRIL,ASFALTO,Bueno,Bueno,2,FREIHHTLINER,BLANCO,2,,36,MASCULINO,SIN DATOS,0,0,Morelia,Lomas de Morelia (Dr Ignacio Chavez),julio,jueves,17,-101.174959868871,19.717083002108
35672,35677,2021,MOR210456173,2021/07/01,17:25:00,COLISIÓN POR CORTE DE CIRCULACIÓN,ASFALTO,Bueno,Bueno,2,ITALIKA,AZUL,2,,14,MASCULINO,SIN DATOS,0,0,Morelia,Chapultepec Sur,julio,jueves,17,-101.177666522563,19.692063514327
35673,35678,2021,,2021/07/01,19:30:00,COLISIÓN POR ALCANCE,ASFALTO,Bueno,Bueno,2,VENTO,NEGRO,2,,21,MASCULINO,SIN DATOS,0,0,Morelia,Alberto Oviedo Mota,julio,jueves,20,-101.202258691192,19.6772068460002
35674,35679,2021,MOR210457590,2021/07/01,19:49:00,SALIDA DE SUPERFICIE DE RODAMIENTO,CONCRETO,Lluvioso,Regular,1,FORD,AZUL,1,,49,MASCULINO,SIN DATOS,0,0,Morelia,Emiliano Zapata,julio,jueves,20,-101.21625852933,19.7152451011907
35675,35680,2021,,2021/07/01,22:30:00,SUBIDA AL CAMELLÓN,CONCRETO,Bueno,Bueno,1,NISSAN,GRIS,1,,53,MASCULINO,SIN DATOS,0,0,Morelia,Francisco J Mujica,julio,jueves,23,-101.18555020541,19.7240185766735
35676,35681,2021,,2021/07/01,22:40:00,COLISIÓN POR CORTE DE CIRCULACIÓN,ASFALTO,Bueno,Bueno,2,BUICK,NEGRA,2,,38,MASCULINO,SIN DATOS,0,0,Morelia,Los Pinos de Michoacan,julio,jueves,23,-101.214614622295,19.6850760164435
35677,35682,2021,MOR 210458089,2021/07/01,23:10:00,COLISIÓN CONTRA OBJETO FIJO,ASFALTO,Lluvioso,Bueno,1,NISSAN,ROJO,1,,21,MASCULINO,SIN DATOS,0,0,Morelia,Tres Puentes,julio,jueves,23,-101.215885226812,19.7036299703067
35678,35683,2021,,2021/07/01,23:45:00,COLISIÓN POR CORTE DE CIRCULACIÓN,ASFALTO,Bueno,Bueno,2,ITALIKA,NEGRO/ROJO,0,MINISTERIO PÚBLICO,,,,0,0,Copándaro,Sin datos,julio,jueves,0,-101.152530597017,19.904778289125
35679,35684,2021,,2021/07/02,"00:00:00",COLISIÓN CONTRA OBJETO FIJO,ASFALTO,Bueno,Bueno,1,VOLKSWAGEN,GRIS,0,,,,,0,0,Lázaro Cárdenas,Centro,julio,viernes,0,-102.191852,17.955388
35680,35685,2021,,2021/07/02,"00:00:00",COLISIÓN POR CAMBIO DE CARRIL,ASFALTO,Bueno,Bueno,2,TOYOTA,BLANCO,2,,72,MASCULINO,SIN DATOS,0,0,Morelia,Sin datos,julio,viernes,0,-101.355056,19.6696905
35681,35686,2021,MOR210458172,2021/07/02,"00:19:00",SALIDA DE SUPERFICIE DE RODAMIENTO,ASFALTO,Lluvioso,Bueno,1,NISSAN,BLANCO,1,,35,MASCULINO,SIN DATOS,0,0,Morelia,San Guillermo,julio,viernes,0,-101.178623065352,19.7385729939589
35682,35687,2021,MOR210458316,2021/07/02,"05:38:00",COLISIÓN POR CORTE DE CIRCULACIÓN,ASFALTO,Lluvioso,Regular,1,FORD,NEGRO/ROJO,0,,,,,0,0,Charo,San Pedro Y San Pablo,julio,viernes,6,-101.04955815456,19.7509952058281
35683,35688,2021,,2021/07/02,"08:30:00",COLISIÓN POR ALCANCE,ASFALTO,Bueno,Bueno,2,FREIGHTLINER,BLANCO,2,,23,MASCULINO,SIN DATOS,0,0,Morelia,La Quemada,julio,viernes,9,-101.240059827697,19.7032952648833
35684,35689,2021,,2021/07/02,"09:30:00",COLISIÓN POR CAMBIO DE CARRIL,ASFALTO,Bueno,Bueno,2,INTERNATIONAL,AZUL,2,,42,MASCULINO,SIN DATOS,0,0,Morelia,Los Manantiales de Morelia,julio,viernes,10,-101.242605820298,19.6980569951854
35685,35690,2021,,2021/07/02,11:50:00,COLISIÓN POR CAMBIO DE CARRIL,ASFALTO,Bueno,Bueno,2,KEENWORTH,BLANCO,2,,,MASCULINO,SIN DATOS,0,0,Morelia,Mariano Michelena,julio,viernes,12,-101.231337504797,19.6758071810468
35686,35691,2021,,2021/07/02,14:50:00,COLISIÓN POR ALCANCE,CONCRETO,Bueno,Bueno,2,NISSAN,BLANCO,2,,60,MASCULINO,SIN DATOS,0,0,Morelia,Agustin Arriaga Rivera,julio,viernes,15,-101.222477588213,19.6905696933008
35687,35692,2021,,2021/07/02,15:40:00,COLISIÓN POR CAMBIO DE CARRIL,ASFALTO,Bueno,Bueno,2,SINOTRUCK SITRAK,BLANCO,2,,41,MASCULINO,SIN DATOS,0,0,Morelia,San Rafael,julio,viernes,16,-101.152968146101,19.7007687948401
35688,35693,2021,,2021/07/02,16:20:00,COLISIÓN POR ALCANCE,CONCRETO,Bueno,Bueno,2,NISSAN,BLANCO/ROJO,2,,41,MASCULINO,SIN DATOS,0,0,Morelia,Vistas de Altozano,julio,viernes,16,-101.167,19.6551
35689,35694,2021,MOR210459469,2021/07/02,16:22:00,COLISIÓN POR NO RESPETAR SEMÁFORO,CONCRETO,Bueno,Regular,2,NISSAN,GRIS,2,,54,MASCULINO,SIN DATOS,0,0,Morelia,Centro,julio,viernes,16,-101.19118388321,19.702768457823
35690,35695,2021,,2021/07/02,17:00:00,COLISIÓN POR CORTE DE CIRCULACIÓN,ASFALTO,Bueno,Bueno,2,NISSAN,BLANCO/ROSA,2,,61,MASCULINO,SIN DATOS,0,0,Morelia,Industrial,julio,viernes,17,-101.196189005906,19.710209818625
35691,35696,2021,,2021/07/02,18:20:00,COLISIÓN POR CAMBIO DE CARRIL,ASFALTO,Lluvioso,Bueno,2,NISSAN,BLANCO,2,MINISTERIO PÚBLICO,,,,2,0,Hidalgo,Centro,julio,viernes,18,-100.553271,19.691029
35692,35697,2021,,2021/07/02,21:00:00,SUBIDA AL CAMELLÓN,ASFALTO,Bueno,Bueno,1,VOLKSWAGEN,BLANCO,1,,60,MASCULINO,SIN DATOS,0,0,Morelia,Tierra Y Libertad,julio,viernes,21,-101.225547114612,19.7164236165892
35693,35698,2021,,2021/07/02,21:20:00,COLISIÓN POR INVASIÓN DE CARRIL,ASFALTO,Lluvioso,Regular,2,ITALIKA,NEGRO/AMAROLLO,3,MINISTERIO PÚBLICO,56,MASCULINO,SIN DATOS,0,2,Los Reyes,Sin datos,julio,viernes,21,-102.445242628455,19.6554112423235
35694,35699,2021,,2021/07/03,"07:00:00",COLISIÓN CON PEATÓN,ASFALTO,Bueno,Bueno,1,Volkswaguen,Blanco,2,MINISTERIO PÚBLICO,,MASCULINO,SIN DATOS,1,0,Morelia,Sin datos,julio,sábado,7,-101.104439198971,19.7295271121262
35695,35700,2021,,2021/07/03,11:20:00,COLISIÓN POR CORTE DE CIRCULACIÓN,ASFALTO,Bueno,Bueno,1,HONDA,BLANCO,1,,32,MASCULINO,CON CERTIFICADO,0,0,Morelia,Xangari,julio,sábado,11,-101.219623120327,19.6720670459846
35696,35701,2021,LEG37928,2021/07/03,14:19:00,COLISIÓN POR ALCANCE,ASFALTO,Bueno,Bueno,2,FORD,AZUL,2,,36,MASCULINO,SIN DATOS,0,0,Morelia,Alberto Oviedo Mota,julio,sábado,14,-101.198908182011,19.681555672698
35697,35702,2021,,2021/07/03,14:20:00,COLISIÓN POR CORTE DE CIRCULACIÓN,ASFALTO,Bueno,Bueno,2,ITALIKA,ROJO/NEGRO,2,,20,MASCULINO,SIN DATOS,0,0,Morelia,Infonavit Colonial Universidad,julio,sábado,14,-101.207,19.6853
35698,35703,2021,,2021/07/03,14:50:00,COLISIÓN POR ALCANCE,ASFALTO,Lluvioso,Bueno,2,VOLKSWAGEN,ROJO,2,MINISTERIO PÚBLICO,24,MASCULINO,SIN DATOS,0,0,Morelia,Vista Bella,julio,sábado,15,-101.192210069432,19.6822279078838
35699,35704,2021,,2021/07/03,17:00:00,COLISIÓN CONTRA OBJETO FIJO,TERRACERIA,Bueno,Bueno,2,S/D,S/D,0,,,,,0,0,Morelia,Los Girasoles,julio,sábado,17,-101.214,19.6915
35700,35705,2021,MOR/ 210461737,2021/07/03,18:50:00,COLISIÓN CON PEATÓN,ASFALTO,Bueno,Bueno,1,INTERNATIONAL,VERDE PISTACHE Y AMARILLO,1,,,,,1,0,Morelia,Obrera,julio,sábado,19,-101.182860991234,19.7107343876966
35701,35706,2021,MOR210461944,2021/07/03,19:55:00,CAIDA DE MOTOCICLETA,ASFALTO,Bueno,Bueno,1,VENTO,GRIS/ROJO,1,,45,MASCULINO,SIN DATOS,0,0,Morelia,Sin datos,julio,sábado,20,-101.382143,19.725476
35702,35707,2021,MOR210462044,2021/07/03,20:20:00,COLISIÓN CONTRA OBJETO FIJO,CONCRETO,Bueno,Bueno,1,VOLKSWAGEN,NEGRO,1,,33,MASCULINO,SIN DATOS,0,0,Morelia,Tzindurio de Morelos,julio,sábado,20,-101.247769743204,19.6991959369271
35703,35708,2021,MOR210462073,2021/07/03,20:37:00,COLISIÓN POR ALCANCE,ASFALTO,Bueno,Bueno,3,FORD,BLANCO/AZUL,2,,43,MASCULINO,SIN DATOS,0,0,Morelia,Felix Ireta,julio,sábado,21,-101.188582604864,19.6860148664875
35704,35709,2021,,2021/07/03,20:45:00,COLISIÓN CONTRA OBJETO FIJO,CONCRETO,Bueno,Bueno,2,DATSUN,GRIS,1,,33,MASCULINO,ALIENTO ETÍLICO,0,0,Morelia,El Durazno,julio,sábado,21,-101.177517845763,19.6531467745037
35705,35710,2021,MOR 210462274,2021/07/03,22:00:00,COLISIÓN POR MANIOBRA DE REVERSA,ASFALTO,Bueno,Regular,2,VOLKSWAGEN,GRIS,2,,21,MASCULINO,SIN DATOS,0,0,Morelia,Adolfo Lopez Mateos,julio,sábado,22,-101.226139622885,19.6981067844139
35706,35711,2021,MOR210675643,2021/07/03,22:20:00,COLISIÓN POR ALCANCE,ASFALTO,Bueno,Bueno,2,DODGE,BLANCO/AZUL,2,,27,MASCULINO,SIN DATOS,0,0,Morelia,Libertad,julio,sábado,22,-101.235485247231,19.6875403386505
35707,35712,2021,,2021/07/03,23:00:00,COLISIÓN POR ALCANCE,ASFALTO,Bueno,Bueno,2,CHEVROLET,GUINDA/GRIS,2,,66,MASCULINO,SIN DATOS,0,0,Tarímbaro,Galaxias Tarimbaro,julio,sábado,23,-101.194091,19.761033
35708,35713,2021,MOR210462669,2021/07/04,"03:05:00",COLISIÓN POR CORTE DE CIRCULACIÓN,ASFALTO,Bueno,Bueno,1,ITALIKA,ROJO/BLANCO,0,,,,,0,0,Morelia,Lindavista,julio,domingo,3,-101.216499478814,19.7061111108481
35709,35714,2021,MOR210462724,2021/07/04,"03:55:00",COLISIÓN POR CORTE DE CIRCULACIÓN,ASFALTO,Bueno,Bueno,2,GENERAL MOTORS,AZUL,2,MINISTERIO PÚBLICO,17,MASCULINO,SIN DATOS,0,0,Morelia,Chapultepec Sur,julio,domingo,4,-101.177094876766,19.691975442861
35710,35715,2021,,2021/07/04,"06:00:00",SALIDA DE SUPERFICIE DE RODAMIENTO,ASFALTO,Bueno,Bueno,1,VOLKSWAGEN,GRIS,1,,37,MASCULINO,ALIENTO ETÍLICO,0,0,Morelia,Prados Verdes,julio,domingo,6,-101.199782310949,19.7166640281338
35711,35716,2021,,2021/07/04,"09:30:00",VOLCADURA,ASFALTO,Bueno,Bueno,1,NISSAN,ROJO,4,MINISTERIO PÚBLICO,,,SIN DATOS,3,0,Morelia,Sin datos,julio,domingo,10,-101.11942704767,19.7307134267388
35712,35717,2021,,2021/07/04,"09:50:00",COLISIÓN POR INVASIÓN DE CARRIL,ASFALTO,Bueno,Bueno,2,DODGE,ROJO,2,,0,MASCULINO,SIN DATOS,0,0,Morelia,Balcones de Morelia,julio,domingo,10,-101.201869405085,19.6735302099086
35713,35718,2021,,2021/07/04,12:25:00,COLISIÓN POR INVASIÓN DE CARRIL,ASFALTO,Bueno,Regular,2,NISSAN,NEGRO,1,MINISTERIO PÚBLICO,40,MASCULINO,SIN DATOS,0,0,Acuitzio,Sin datos,julio,domingo,12,-101.332011558115,19.4668106356023
35714,35719,2021,MOR210463457,2021/07/04,13:06:00,COLISIÓN POR ALCANCE,ASFALTO,Bueno,Bueno,2,CHEVROLET,BLANCO Y ROJO,2,,49,MASCULINO,SIN DATOS,0,0,Morelia,Prados Verdes,julio,domingo,13,-101.199782310949,19.7166640281338
35715,35720,2021,,2021/07/04,14:50:00,COLISIÓN POR CORTE DE CIRCULACIÓN,CONCRETO,Nublado,Bueno,2,ITALIKA/GTS175,NEGRO,2,,37,MASCULINO,SIN DATOS,0,0,Morelia,Sin datos,julio,domingo,15,-101.139559459883,19.6261236041927
35716,35721,2021,,2021/07/04,15:00:00,COLISIÓN POR INVASIÓN DE CARRIL,CONCRETO,Bueno,Bueno,2,CHEVROLET,BLANCO,2,,45,MASCULINO,SIN DATOS,0,0,Morelia,3 de Agosto,julio,domingo,15,-101.170035806335,19.7307669082353
35717,35722,2021,,2021/07/04,16:04:00,COLISIÓN POR CAMBIO DE CARRIL,ASFALTO,Lluvioso,Regular,2,FORD,BLANCO,2,MINISTERIO PÚBLICO,38,MASCULINO,SIN DATOS,0,0,Morelia,Jardines del Toreo,julio,domingo,16,-101.21422036805,19.6878964096223
35718,35723,2021,,2021/07/04,17:35:00,COLISIÓN POR ALCANCE,CONCRETO,Bueno,Bueno,2,ITALIKA FT 200,NEGRO/ AMARILLO,2,,21,MASCULINO,SIN DATOS,0,0,Tarímbaro,Sin datos,julio,domingo,18,-101.177429,19.753176
35719,35724,2021,LEG37945,2021/07/04,19:00:00,COLISIÓN CONTRA OBJETO FIJO,ASFALTO,Nublado,Regular,2,MITSUBISHI,BLANCO,2,,18,MASCULINO,SIN DATOS,0,0,Morelia,Tres Puentes,julio,domingo,19,-101.213524742681,19.7058468756013
35720,35725,2021,MOR210466406,2021/07/05,"00:00:00",COLISIÓN POR MANIOBRA DE REVERSA,ASFALTO,Bueno,Bueno,2,NISSAN,BLANCO,2,,43,MASCULINO,SIN DATOS,0,0,Tarímbaro,Sin datos,julio,lunes,0,-101.154033578932,19.7693803503978
35721,35726,2021,MOR210465238,2021/07/05,"00:00:00",COLISIÓN POR CORTE DE CIRCULACIÓN,ASFALTO,Bueno,Bueno,2,NISSAN,BLANCO AZUL,2,,60,MASCULINO,SIN DATOS,0,0,Morelia,Vasco de Quiroga,julio,lunes,0,-101.175318919122,19.7049668809184
35722,35727,2021,,2021/07/05,"08:40:00",COLISIÓN POR CAMBIO DE CARRIL,ASFALTO,Bueno,Bueno,2,VOLKSWAGEN,BLANCO,2,,,MASCULINO,SIN DATOS,0,0,Morelia,Isaac Arriaga,julio,lunes,9,-101.170503104278,19.7081150999036
35723,35728,2021,LEG37951,2021/07/05,"09:35:00",COLISIÓN CONTRA OBJETO FIJO,ASFALTO,Bueno,Bueno,1,NISSAN,PLATA,1,,57,FEMENINO,SIN DATOS,0,0,Morelia,Alberto Oviedo Mota,julio,lunes,10,-101.202670044529,19.6756984073817
35724,35729,2021,MOR210465459,2021/07/05,"09:35:00",COLISIÓN POR ALCANCE,ASFALTO,Bueno,Bueno,3,NISSAN,GRIS OSCURO,3,,61,MASCULINO,SIN DATOS,0,0,Morelia,Reforma,julio,lunes,10,-101.237661838532,19.7070390624735
35725,35730,2021,MOR210485459,2021/07/05,"09:35:00",COLISIÓN POR ALCANCE,ASFALTO,Bueno,Bueno,3,NISSAN,GRIS,3,,61,MASCULINO,SIN DATOS,0,0,Morelia,Rafael Carrillo,julio,lunes,10,-101.237598501824,19.706989535874
35726,35731,2021,,2021/07/05,"09:56:00",COLISIÓN POR ALCANCE,ASFALTO,Bueno,Bueno,2,FORD,BLANCO,2,,,MASCULINO,SIN DATOS,0,0,Morelia,Francisco J Mujica,julio,lunes,10,-101.189963525111,19.7250618439014
35727,35732,2021,MOR210465504,2021/07/05,10:50:00,COLISIÓN POR CORTE DE CIRCULACIÓN,ASFALTO,Bueno,Bueno,2,NISSAN,PLATA,2,,37,MASCULINO,SIN DATOS,0,0,Morelia,Bosques de Oriente,julio,lunes,11,-101.15545676513,19.7156090838081
35728,35733,2021,LEG37964,2021/07/05,11:20:00,COLISIÓN POR CORTE DE CIRCULACIÓN,CONCRETO,Bueno,Bueno,2,RENAULT,CAFE,2,,61,MASCULINO,SIN DATOS,0,0,Morelia,Felicitas del Rio,julio,lunes,11,-101.200352946024,19.691362244412
35729,35734,2021,,2021/07/05,11:30:00,COLISIÓN POR INVASIÓN DE CARRIL,ASFALTO,Bueno,Bueno,2,FORD,GRIS,0,MINISTERIO PÚBLICO,,,,0,0,Hidalgo,Corros,julio,lunes,12,-100.555459105157,19.7072039118717
35730,35735,2021,,2021/07/05,12:30:00,COLISIÓN POR MANIOBRA DE REVERSA,ASFALTO,Bueno,Bueno,2,Audi,Gris,2,MINISTERIO PÚBLICO,56,MASCULINO,SIN DATOS,0,0,Morelia,El Monasterio,julio,lunes,13,-101.17577924732,19.6694711312813
35731,35736,2021,MOR210465680,2021/07/05,12:30:00,COLISIÓN POR MANIOBRA DE REVERSA,ASFALTO,Bueno,Bueno,2,CHEVROLET,NEGRO,2,MINISTERIO PÚBLICO,0,FEMENINO,SIN DATOS,0,0,Morelia,Cinco de Diciembre,julio,lunes,13,-101.165734990085,19.6844457129851
35732,35737,2021,LEG37966,2021/07/05,15:00:00,COLISIÓN POR CAMBIO DE CARRIL,CONCRETO,Bueno,Bueno,2,NISSAN,BLANCO,2,,37,FEMENINO,SIN DATOS,0,0,Morelia,Vasco de Quiroga,julio,lunes,15,-101.178159347988,19.6990326862374
35733,35738,2021,,2021/07/05,15:00:00,COLISIÓN CON PEATÓN,SIN_DATOS,Bueno,Bueno,0,,,0,,,,,0,0,Morelia,Granjas del Maestro,julio,lunes,15,-101.193779893219,19.7126775329982
35734,35739,2021,,2021/07/05,15:00:00,COLISIÓN POR CORTE DE CIRCULACIÓN,ASFALTO,Bueno,Bueno,2,CHRYSLER,ROJO,2,,50,FEMENINO,SIN DATOS,0,0,Morelia,Granjas del Maestro,julio,lunes,15,-101.193786537791,19.7126896129288
35735,35740,2021,,2021/07/05,17:40:00,COLISIÓN POR CORTE DE CIRCULACIÓN,ASFALTO,Bueno,Bueno,2,KEEWAY,BLANCO,2,,,MASCULINO,SIN DATOS,0,0,Morelia,Chapultepec Norte,julio,lunes,18,-101.172427528285,19.6939799248023
35736,35741,2021,MOR210466877,2021/07/05,19:30:00,COLISIÓN CONTRA OBJETO FIJO,ASFALTO,Bueno,Bueno,2,FORD,NEGRO,2,,55,MASCULINO,SIN DATOS,0,0,Morelia,Eva Samano,julio,lunes,20,-101.199427619576,19.7314364463014
35737,35742,2021,,2021/07/05,21:30:00,CAIDA DE MOTOCICLETA,ASFALTO,Bueno,Bueno,1,ITALIKA,AZUL,2,MINISTERIO PÚBLICO,20,FEMENINO,SIN DATOS,1,0,Morelia,Montaña Monarca,julio,lunes,22,-101.160307265818,19.6712725695615
35738,35743,2021,,2021/07/05,21:40:00,COLISIÓN POR ALCANCE,ASFALTO,Bueno,Bueno,2,CHEVROLET,ROJO,2,,23,MASCULINO,SIN DATOS,0,0,Morelia,Morelos,julio,lunes,22,-101.207115501165,19.6916477787115
35739,35744,2021,,2021/07/05,21:40:00,COLISIÓN POR MANIOBRA DE REVERSA,ASFALTO,Bueno,Bueno,2,FREIGHTLINER,AMARILLO,2,MINISTERIO PÚBLICO,0,MASCULINO,SIN DATOS,0,0,Tarímbaro,Sin datos,julio,lunes,22,-101.135881394148,19.7748730939339
35740,35745,2021,MOR210467172,2021/07/05,22:05:00,COLISIÓN POR CORTE DE CIRCULACIÓN,ASFALTO,Bueno,Bueno,2,ITALIKA,VERDE,2,MINISTERIO PÚBLICO,20,MASCULINO,SIN DATOS,0,0,Morelia,Camelinas,julio,lunes,22,-101.171109862626,19.6820059793196
35741,35746,2021,MOR 210467349,2021/07/05,23:45:00,COLISIÓN POR NO RESPETAR SEMÁFORO,ASFALTO,Bueno,Bueno,2,FORD,GRIS,2,,31,MASCULINO,CON CERTIFICADO,0,0,Morelia,Los Pinos de Michoacan,julio,lunes,0,-101.216327548027,19.6831001504564
35742,35747,2021,LEG37976,2021/07/06,"06:50:00",COLISIÓN CONTRA OBJETO FIJO,ASFALTO,Bueno,Bueno,2,FREIGTHLINER,BLANCO,1,MINISTERIO PÚBLICO,28,MASCULINO,SIN DATOS,0,0,Morelia,Mariano Michelena,julio,martes,7,-101.230003794405,19.6759346125568
35743,35748,2021,,2021/07/06,"09:30:00",COLISIÓN POR ALCANCE,ASFALTO,Bueno,Bueno,2,HONDA,NEGRO,2,,44,FEMENINO,SIN DATOS,0,0,Morelia,Sentimientos de La Nacion,julio,martes,10,-101.233194944297,19.682432823539
35744,35749,2021,,2021/07/06,12:50:00,COLISIÓN POR NO RESPETAR SEMÁFORO,CONCRETO,Bueno,Bueno,2,BUICK,ROJO,2,,62,MASCULINO,SIN DATOS,0,0,Morelia,Camelinas,julio,martes,13,-101.171070635319,19.6820107146503