fid,id_accidente,anio_origen,folio_c5i,dia_incidente,hora_ocurrencia,tipo_incidente_vial,superficie_ocurrencia,condiciones_climaticas,condiciones_via,numero_vehiculos_involucrados,marca_vehiculo_ocasiona_siniestro,color_vehiculo_ocasiona_siniestro,numero_personas_involucradas,lugar_remite_presunto_responsable,edad_presunto_responsable,sexo_presunto_responsable,resultados_toxicologia,numero_personas_lesionadas,numero_personas_fallecidas,municipio,colonia,mes,dia_semana,hora_redondeada,lon,lat
35745,35750,2021,,2021/07/06,15:50:00,COLISIÓN POR MANIOBRA DE REVERSA,CONCRETO,Nublado,Bueno,2,NISSAN,BLANCO,2,MINISTERIO PÚBLICO,21,MASCULINO,SIN DATOS,0,0,Morelia,Bosque Monarca,julio,martes,16,-101.163440085948,19.6425079897464
35746,35751,2021,,2021/07/06,16:00:00,COLISIÓN POR ALCANCE,ASFALTO,Bueno,Bueno,2,NISSAN,ROJO,2,,35,MASCULINO,SIN DATOS,0,0,Morelia,El Lago 2,julio,martes,16,-101.212022937834,19.7263268676823
35747,35752,2021,MOR210478970,2021/07/06,16:35:00,COLISIÓN POR ALCANCE,ASFALTO,Bueno,Bueno,2,VOLKSWAGEN,PLATA,2,,23,MASCULINO,SIN DATOS,0,0,Morelia,Villa Universidad,julio,martes,17,-101.214077814735,19.687922237693
35748,35753,2021,,2021/07/06,18:10:00,COLISIÓN POR CORTE DE CIRCULACIÓN,CONCRETO,Bueno,Bueno,2,NISSAN,BLANCO Y VERDE,2,,33,MASCULINO,SIN DATOS,0,0,Morelia,La Rinconada,julio,martes,18,-101.15950129249,19.6932214386766
35749,35754,2021,,2021/07/06,18:40:00,COLISIÓN POR CORTE DE CIRCULACIÓN,ASFALTO,Bueno,Regular,2,RENAULT/CLIO,ROJO,2,,37,MASCULINO,SIN DATOS,0,0,Morelia,El Lago 3,julio,martes,19,-101.219308762396,19.7272510010467
35750,35755,2021,,2021/07/06,19:33:00,COLISIÓN POR CAMBIO DE CARRIL,CONCRETO,Bueno,Bueno,2,TOYOTA,BLANCO CON ROSA,2,,50,MASCULINO,SIN DATOS,0,0,Morelia,Centro,julio,martes,20,-101.196891316638,19.7048498060831
35751,35756,2021,,2021/07/06,19:55:00,COLISIÓN POR CORTE DE CIRCULACIÓN,CONCRETO,Bueno,Bueno,2,KIA,NEGRO,2,,30,MASCULINO,SIN DATOS,0,0,Morelia,La Rinconada,julio,martes,20,-101.15756360983,19.6927354845464
35752,35757,2021,,2021/07/06,20:30:00,COLISIÓN POR MANIOBRA DE REVERSA,ASFALTO,Bueno,Bueno,2,FORD,GRIS,2,,37,MASCULINO,SIN DATOS,0,0,Morelia,Centro,julio,martes,21,-101.204101399265,19.7024408003405
35753,35758,2021,,2021/07/07,"01:40:00",COLISIÓN CONTRA OBJETO FIJO,ASFALTO,Bueno,Bueno,1,DODGE,GUINDA,1,,52,MASCULINO,ALIENTO ETÍLICO,0,0,Morelia,Lomas de Huerta,julio,miércoles,2,-101.214280047201,19.6743257930948
35754,35759,2021,MOR210470566,2021/07/07,12:20:00,COLISIÓN POR CORTE DE CIRCULACIÓN,ASFALTO,Bueno,Bueno,2,VOLKSWAGEN,ROJO,2,,40,MASCULINO,SIN DATOS,0,0,Morelia,Chapultepec Oriente,julio,miércoles,12,-101.162003732539,19.6903579783852
35755,35760,2021,MOR210470855,2021/07/07,13:40:00,COLISIÓN POR CAMBIO DE CARRIL,ASFALTO,Bueno,Bueno,2,HONDA,GRIS,2,,46,MASCULINO,SIN DATOS,0,0,Morelia,Sin datos,julio,miércoles,14,-101.304397911512,19.6876757229218
35756,35761,2021,LEG37996,2021/07/07,13:50:00,COLISIÓN CON PEATÓN,ASFALTO,Bueno,Bueno,1,NISSAN,BLANCO Y CAFE,2,,0,MASCULINO,SIN DATOS,1,0,Morelia,El Lago 2,julio,miércoles,14,-101.217457398094,19.7269362913423
35757,35762,2021,,2021/07/07,13:53:00,COLISIÓN CON PEATÓN,SIN_DATOS,Bueno,Bueno,2,FORD,GRIS,2,,39,MASCULINO,SIN DATOS,0,0,Morelia,Bosques de Oriente,julio,miércoles,14,-101.155644915998,19.7155601337285
35758,35763,2021,,2021/07/07,14:10:00,COLISIÓN POR ALCANCE,ASFALTO,Bueno,Bueno,2,HONDA,BLANCO,2,,60,MASCULINO,SIN DATOS,0,0,Morelia,Lomas de Guayangareo,julio,miércoles,14,-101.157953962684,19.7025869165011
35759,35764,2021,,2021/07/07,14:50:00,COLISIÓN POR CAMBIO DE CARRIL,ASFALTO,Bueno,Bueno,2,FORD,BLANCA,2,,70,MASCULINO,SIN DATOS,0,0,Morelia,Centro,julio,miércoles,15,-101.191545125441,19.7029310005964
35760,35765,2021,MOR210471056,2021/07/07,14:50:00,COLISIÓN CONTRA OBJETO FIJO,CONCRETO,Bueno,Bueno,3,FORD,BLANCO,3,MINISTERIO PÚBLICO,22,MASCULINO,SIN DATOS,0,0,Morelia,Prados del Campestre,julio,miércoles,15,-101.166126478092,19.681973228378
35761,35766,2021,,2021/07/07,15:50:00,COLISIÓN POR MANIOBRA DE REVERSA,ASFALTO,Bueno,Bueno,2,NISSAN,GRIS,2,,35,FEMENINO,SIN DATOS,0,0,Morelia,Primo Tapia Oriente,julio,miércoles,16,-101.15869961679,19.7134628124959
35762,35767,2021,MOR210471083,2021/07/07,16:18:00,COLISIÓN POR MANIOBRA DE REVERSA,SIN_DATOS,Bueno,Bueno,2,CHEVROLET,PLATINO,2,,49,MASCULINO,SIN DATOS,0,0,Morelia,Cosmos,julio,miércoles,16,-101.215860813178,19.684444392863
35763,35768,2021,,2021/07/07,17:10:00,COLISIÓN POR CAMBIO DE CARRIL,ASFALTO,Bueno,Bueno,2,NISSAN,GRIS,2,,20,FEMENINO,SIN DATOS,0,0,Morelia,Centro,julio,miércoles,17,-101.1923532933,19.7056167020253
35764,35769,2021,LEG38000,2021/07/07,17:20:00,COLISIÓN POR CORTE DE CIRCULACIÓN,ASFALTO,Bueno,Bueno,2,TOYOTA,BLANCO/MORADO,2,,36,MASCULINO,SIN DATOS,0,0,Morelia,Xangari,julio,miércoles,17,-101.219623120327,19.6720670459846
35765,35770,2021,,2021/07/07,19:55:00,COLISIÓN POR INVASIÓN DE CARRIL,ASFALTO,Nublado,Regular,2,CHEVROLET,AZUL,2,,31,MASCULINO,SIN DATOS,0,0,Morelia,Tinijaro,julio,miércoles,20,-101.264479234815,19.6962128909981
35766,35771,2021,,2021/07/08,"01:50:00",SALIDA DE SUPERFICIE DE RODAMIENTO,CONCRETO,Bueno,Bueno,1,FORD,GRIS,0,,,,,0,0,Tarímbaro,Sin datos,julio,jueves,2,-101.17970862849,19.7522246485956
35767,35772,2021,,2021/07/08,10:00:00,COLISIÓN POR CAMBIO DE CARRIL,CONCRETO,Bueno,Bueno,2,KURASAY,NEGRO BLANCO,2,,34,MASCULINO,SIN DATOS,0,0,Morelia,La Huerta,julio,jueves,10,-101.217148334466,19.6755440871522
35768,35773,2021,,2021/07/08,10:30:00,COLISIÓN POR CAMBIO DE CARRIL,ASFALTO,Bueno,Bueno,2,VOLKSWAGEN,VERDE,2,,29,MASCULINO,SIN DATOS,0,0,Morelia,Tzindurio de Morelos,julio,jueves,11,-101.243875846267,19.7000692922772
35769,35774,2021,,2021/07/08,11:25:00,COLISIÓN CONTRA OBJETO FIJO,ASFALTO,Bueno,Bueno,1,NISSAN,GRIS,1,,45,MASCULINO,SIN DATOS,0,0,Morelia,San Rafael,julio,jueves,11,-101.152968146101,19.7007687948401
35770,35775,2021,,2021/07/08,11:30:00,COLISIÓN POR INVASIÓN DE CARRIL,ASFALTO,Bueno,Bueno,2,VOLKSWAGEN,GUINDA,2,,34,FEMENINO,SIN DATOS,0,0,Morelia,Cuauhtemoc,julio,jueves,12,-101.178743429482,19.6966644277438
35771,35776,2021,MOR210472902,2021/07/08,12:43:00,COLISIÓN POR MANIOBRA DE REVERSA,ASFALTO,Bueno,Bueno,1,KENWORTH,BLANCO,1,,30,MASCULINO,SIN DATOS,0,0,Morelia,Torremolinos,julio,jueves,13,-101.223367645658,19.6808313570789
35772,35777,2021,,2021/07/08,13:30:00,COLISIÓN POR CAMBIO DE CARRIL,ASFALTO,Bueno,Bueno,2,VOLKSWAGEN POINTER,GRIS,2,,42,MASCULINO,SIN DATOS,0,0,Morelia,Isaac Arriaga,julio,jueves,14,-101.166254698552,19.7101553617892
35773,35778,2021,MOR210473111,2021/07/08,14:20:00,COLISIÓN CON PEATÓN,ASFALTO,Bueno,Bueno,2,ITALIKA,NEGRO Y AMARILLO,3,MINISTERIO PÚBLICO,26,MASCULINO,SIN DATOS,1,0,Morelia,Centro,julio,jueves,14,-101.200155534528,19.7040648286275
35774,35779,2021,,2021/07/08,14:40:00,COLISIÓN POR ALCANCE,ASFALTO,Bueno,Bueno,2,FORD RANGER,ROJO,2,,47,MASCULINO,SIN DATOS,0,0,Morelia,Isaac Arriaga,julio,jueves,15,-101.166255003347,19.7100253498161
35775,35780,2021,,2021/07/08,15:00:00,COLISIÓN POR CAMBIO DE CARRIL,CONCRETO,Bueno,Bueno,2,FORD,NEGRO,2,,65,FEMENINO,SIN DATOS,0,0,Morelia,Eduardo Ruiz,julio,jueves,15,-101.212890327655,19.717320031716
35776,35781,2021,,2021/07/08,15:50:00,COLISIÓN CON PEATÓN,ASFALTO,Bueno,Bueno,1,FORD/ECOSPORT,AZUL,1,,46,MASCULINO,SIN DATOS,0,0,Morelia,Guadalupe,julio,jueves,16,-101.225921748712,19.7078597497008
35777,35782,2021,,2021/07/08,17:30:00,COLISIÓN POR CORTE DE CIRCULACIÓN,CONCRETO,Bueno,Bueno,2,VOLKSWAGEN,NEGRO,2,MINISTERIO PÚBLICO,51,FEMENINO,SIN DATOS,0,0,Morelia,Chapultepec Oriente,julio,jueves,18,-101.160228841685,19.6900836308202
35778,35783,2021,,2021/07/08,23:05:00,COLISIÓN POR CORTE DE CIRCULACIÓN,CONCRETO,Nublado,Bueno,2,FORD/RANGER,BLANCO,2,,37,MASCULINO,SIN DATOS,0,0,Morelia,Fidel Velazquez,julio,jueves,23,-101.234675869346,19.7025297555983
35779,35784,2021,MOR210472511,2021/07/09,"09:06:00",COLISIÓN POR CAMBIO DE CARRIL,ASFALTO,Bueno,Bueno,2,NISSAN,ROJO,2,,46,MASCULINO,SIN DATOS,0,0,Morelia,Morelia 450,julio,viernes,9,-101.217537529088,19.6757432942395
35780,35785,2021,MOR210474933,2021/07/09,"09:40:00",COLISIÓN POR ALCANCE,ASFALTO,Bueno,Bueno,2,BAJAJ,ROJO,2,,37,MASCULINO,SIN DATOS,0,0,Morelia,Vicente Guerrero,julio,viernes,10,-101.227650662298,19.7029463396077
35781,35786,2021,,2021/07/09,10:00:00,COLISIÓN POR CAMBIO DE CARRIL,ASFALTO,Bueno,Bueno,3,FORD,BLANCO,3,,30,MASCULINO,SIN DATOS,0,0,Morelia,Vasco de Quiroga,julio,viernes,10,-101.172084441176,19.7019638559701
35782,35787,2021,MOR210475295,2021/07/09,12:25:00,COLISIÓN POR CAMBIO DE CARRIL,ASFALTO,Bueno,Bueno,2,FREIGHTLINER,BLANCO,2,,34,MASCULINO,SIN DATOS,0,0,Morelia,Santiaguito,julio,viernes,12,-101.191834108722,19.7181820570845
35783,35788,2021,MOR210475469,2021/07/09,14:21:00,COLISIÓN POR INVASIÓN DE CARRIL,ASFALTO,Bueno,Bueno,2,HONDA,BLANCO,2,MINISTERIO PÚBLICO,36,MASCULINO,SIN DATOS,0,0,Morelia,Villa Universidad,julio,viernes,14,-101.200398243964,19.6902080056005
35784,35789,2021,LEG38028,2021/07/09,15:25:00,COLISIÓN POR CORTE DE CIRCULACIÓN,ASFALTO,Bueno,Bueno,2,CHEVROLET,ROJO,2,,50,FEMENINO,SIN DATOS,0,0,Morelia,Industrial,julio,viernes,15,-101.196189005906,19.710209818625
35785,35790,2021,,2021/07/09,16:00:00,COLISIÓN POR CORTE DE CIRCULACIÓN,ASFALTO,Bueno,Bueno,2,FORD,AZUL,0,MINISTERIO PÚBLICO,,,,0,0,Lázaro Cárdenas,Ejidal,julio,viernes,16,-102.203826382756,17.9534497461328
35786,35791,2021,,2021/07/09,16:40:00,COLISIÓN POR CORTE DE CIRCULACIÓN,ASFALTO,Bueno,Bueno,2,VENTO,NEGRO,3,,24,MASCULINO,SIN DATOS,1,0,Morelia,Pascual Ortiz de Ayala,julio,viernes,17,-101.152529865503,19.6950677582686
35787,35792,2021,MOR210475848,2021/07/09,16:55:00,COLISIÓN POR CAMBIO DE CARRIL,ASFALTO,Bueno,Regular,2,INTERNATIONAL,BLANCO,2,,63,MASCULINO,SIN DATOS,0,0,Morelia,Santiaguito,julio,viernes,17,-101.191834108722,19.7181820570845
35788,35793,2021,MOR210476396,2021/07/09,21:28:00,COLISIÓN POR ALCANCE,CONCRETO,Bueno,Bueno,2,ITALIKA,ROJO/NEGRO,2,MINISTERIO PÚBLICO,24,MASCULINO,SIN DATOS,0,0,Morelia,Industrial,julio,viernes,21,-101.198731068188,19.7065697644037
35789,35794,2021,LEG38024,2021/07/09,21:30:00,COLISIÓN CONTRA OBJETO FIJO,SIN_DATOS,Bueno,Bueno,1,NISSAN,AZUL,0,,,,,0,0,Morelia,Sin datos,julio,viernes,22,-101.116593,19.739365
35790,35795,2021,MOR210476434,2021/07/09,21:40:00,COLISIÓN CONTRA OBJETO FIJO,ASFALTO,Bueno,Bueno,1,CHEVROLET,BLANCO,1,,27,FEMENINO,SIN DATOS,0,0,Morelia,Ciudad Industrial,julio,viernes,22,-101.162644155727,19.7244944960211
35791,35796,2021,MOR210476710,2021/07/10,"00:15:00",SUBIDA AL CAMELLÓN,ASFALTO,Bueno,Bueno,1,HONDA,ROJO,1,,37,MASCULINO,ALIENTO ETÍLICO,0,0,Morelia,Defensores De Puebla,julio,sábado,0,-101.237630553,19.7132539883326
35792,35797,2021,MOR210135500,2021/07/10,"01:20:00",COLISIÓN POR CAMBIO DE CARRIL,ASFALTO,Bueno,Bueno,2,NISSAN,NEGRO,2,,31,MASCULINO,SIN DATOS,0,0,Charo,Sin datos,julio,sábado,1,-101.056317,19.691585
35793,35798,2021,,2021/07/10,"05:25:00",COLISIÓN CONTRA OBJETO FIJO,ASFALTO,Bueno,Bueno,1,CHEVROLET,AZUL,0,,,,,0,0,Morelia,Vasco de Quiroga,julio,sábado,5,-101.172084441176,19.7019638559701
35794,35799,2021,,2021/07/10,"09:30:00",COLISIÓN POR CORTE DE CIRCULACIÓN,ASFALTO,Bueno,Bueno,2,VOLKSWAGEN,BLANCO,2,,28,MASCULINO,SIN DATOS,0,0,Morelia,Canteras de Morelia,julio,sábado,10,-101.1737705,19.7180635
35796,35801,2021,,2021/07/10,14:00:00,COLISIÓN POR CORTE DE CIRCULACIÓN,ASFALTO,Bueno,Bueno,2,JEEP,NEGRO,2,,63,MASCULINO,SIN DATOS,0,0,Morelia,Comision Federal de Electricidad,julio,sábado,14,-101.18,19.682
35797,35802,2021,,2021/07/10,15:30:00,COLISIÓN POR CORTE DE CIRCULACIÓN,ASFALTO,Bueno,Regular,2,CHRYSLER,VINO,0,MINISTERIO PÚBLICO,,,,0,0,Hidalgo,Corros,julio,sábado,16,-100.555493608117,19.7071991486006
35798,35803,2021,LEG38040,2021/07/10,15:55:00,COLISIÓN POR CORTE DE CIRCULACIÓN,ASFALTO,Bueno,Malo,2,ITALIKA,VERDE,3,MINISTERIO PÚBLICO,26,MASCULINO,SIN DATOS,1,0,Morelia,Indeco La Huerta,julio,sábado,16,-101.230365224183,19.646714194056
35799,35804,2021,,2021/07/10,16:15:00,COLISIÓN POR ALCANCE,CONCRETO,Bueno,Bueno,2,MITSUBISHI,GUINDA,2,,53,FEMENINO,ALIENTO ETÍLICO,0,0,Morelia,Lomas de Guayangareo,julio,sábado,16,-101.160960056503,19.7026870450485
35800,35805,2021,,2021/07/10,17:00:00,COLISIÓN POR CAMBIO DE CARRIL,ASFALTO,Nublado,Regular,2,MERCEDES BENZ,BLANCO,2,,39,MASCULINO,SIN DATOS,0,0,Morelia,Dr Miguel Silva,julio,sábado,17,-101.185227946917,19.717204814836
35801,35806,2021,MOR210475849,2021/07/10,17:20:00,COLISIÓN POR MANIOBRA DE REVERSA,ASFALTO,Bueno,Bueno,2,NISSAN,AZUL,2,,39,MASCULINO,SIN DATOS,0,0,Morelia,Nueva Valladolid,julio,sábado,17,-101.211483945359,19.6992598320994
35802,35807,2021,,2021/07/10,19:20:00,COLISIÓN CON PEATÓN,TERRACERIA,Bueno,Bueno,1,ITALIKA,NEGRO/AMARILLO,1,,16,MASCULINO,SIN DATOS,0,0,Morelia,Cd Satelite,julio,sábado,19,-101.164,19.7339
35803,35808,2021,MOR210478726,2021/07/10,19:35:00,COLISIÓN POR ALCANCE,ASFALTO,Bueno,Bueno,2,YAMAHA,BLANCO,2,,34,MASCULINO,SIN DATOS,0,0,Morelia,Real Universidad,julio,sábado,20,-101.2112525,19.6860615
35804,35809,2021,,2021/07/10,20:00:00,COLISIÓN POR CORTE DE CIRCULACIÓN,CONCRETO,Bueno,Bueno,2,CHRISLER,BLANCO,2,,39,MASCULINO,SIN DATOS,0,0,Morelia,Vasco de Quiroga,julio,sábado,20,-101.172084441176,19.7019638559701
35805,35810,2021,,2021/07/10,20:30:00,COLISIÓN POR MANIOBRA DE REVERSA,ASFALTO,Bueno,Bueno,2,CHRYSLER,VERDE,2,,55,MASCULINO,ALIENTO ETÍLICO,0,0,Morelia,Ilustres Novohispanos,julio,sábado,21,-101.152673110067,19.7108147396326
35806,35811,2021,,2021/07/10,21:00:00,CAIDA DE MOTOCICLETA,ASFALTO,Nublado,Regular,1,YAMAHA,GRIS,1,,67,MASCULINO,SIN DATOS,0,0,Morelia,Villas del Real,julio,sábado,21,-101.201081023944,19.734021525656
35807,35812,2021,MOR210476632,2021/07/10,23:30:00,COLISIÓN POR CORTE DE CIRCULACIÓN,ASFALTO,Bueno,Bueno,2,S/D,BLANCO,1,,20,MASCULINO,SIN DATOS,0,0,Tarímbaro,Club Erandeni,julio,sábado,0,-101.183801,19.757131
35808,35813,2021,MOR210481515,2021/07/11,"00:00:00",COLISIÓN POR CORTE DE CIRCULACIÓN,TERRACERIA,Lluvioso,Malo,1,HONDA,GRIS,0,,,,,0,0,Morelia,Isaac Arriaga,julio,domingo,0,-101.171670352878,19.708784764559
35809,35814,2021,LEG38062,2021/07/11,"00:00:00",COLISIÓN POR CORTE DE CIRCULACIÓN,ASFALTO,Bueno,Bueno,1,NISSAN,BLANCO,1,,38,MASCULINO,SIN DATOS,0,0,Morelia,Alberto Oviedo Mota,julio,domingo,0,-101.197747581385,19.6811586989902
35810,35815,2021,,2021/07/11,"00:30:00",COLISIÓN POR CORTE DE CIRCULACIÓN,ASFALTO,Bueno,Bueno,2,BAJAJ,NEGRO,2,,23,MASCULINO,SIN DATOS,0,0,Morelia,Prados Verdes,julio,domingo,1,-101.199782310949,19.7166640281338
35811,35816,2021,,2021/07/11,"01:30:00",COLISIÓN CONTRA OBJETO FIJO,ASFALTO,Lluvioso,Bueno,1,CHEVROLET,PLATA,1,,37,MASCULINO,SIN DATOS,0,0,Morelia,Avicola Benito Juarez,julio,domingo,2,-101.281191,19.692174
35812,35817,2021,,2021/07/11,"02:00:00",COLISIÓN POR INVASIÓN DE CARRIL,ASFALTO,Lluvioso,Regular,2,ITALIKA,ROJO,2,MINISTERIO PÚBLICO,20,MASCULINO,SIN DATOS,0,0,Charo,Sin datos,julio,domingo,2,-101.010678193785,19.7002934053773
35813,35818,2021,,2021/07/11,"03:45:00",COLISIÓN CONTRA OBJETO FIJO,ASFALTO,Bueno,Bueno,3,NISSAN,BLANCO,1,,63,MASCULINO,SIN DATOS,0,0,Morelia,Molino de Parras,julio,domingo,4,-101.200231916524,19.6946052835957
35814,35819,2021,,2021/07/11,"06:27:00",SUBIDA AL CAMELLÓN,ASFALTO,Nublado,Bueno,1,NISSAN,BLANCO,1,,53,MASCULINO,SIN DATOS,0,0,Morelia,Felix Arreguin,julio,domingo,6,-101.225279877508,19.7200541458846
35815,35820,2021,LEG38061,2021/07/11,"08:10:00",COLISIÓN POR CAMBIO DE CARRIL,ASFALTO,Bueno,Bueno,3,FREIGHTLINER,NARANJA,3,,29,MASCULINO,SIN DATOS,0,0,Morelia,Ciudad Industrial,julio,domingo,8,-101.138220950961,19.7288563293592
35816,35821,2021,,2021/07/11,12:30:00,COLISIÓN CONTRA OBJETO FIJO,ASFALTO,Bueno,Bueno,1,JEEP,VERDE,7,MINISTERIO PÚBLICO,30,FEMENINO,SIN DATOS,6,0,Tacámbaro,Sin datos,julio,domingo,13,-101.473733081735,19.3200947323456
35817,35822,2021,,2021/07/11,18:45:00,COLISIÓN POR INVASIÓN DE CARRIL,ASFALTO,Lluvioso,Regular,2,DODGE,GRIS,3,MINISTERIO PÚBLICO,28,MASCULINO,SIN DATOS,2,0,Pátzcuaro,Sin datos,julio,domingo,19,-101.648062982343,19.5281290979288
35818,35823,2021,,2021/07/11,19:20:00,SALIDA DE SUPERFICIE DE RODAMIENTO,ASFALTO,Lluvioso,Bueno,1,NISSAN,ARENA,1,,47,MASCULINO,SIN DATOS,0,0,Morelia,Sin datos,julio,domingo,19,-101.116593,19.739365
35819,35824,2021,MOR210481531,2021/07/11,21:40:00,SALIDA DE SUPERFICIE DE RODAMIENTO,CONCRETO,Lluvioso,Malo,1,DODGE,PLATA,1,,36,MASCULINO,SIN DATOS,0,0,Tarímbaro,Villa Sofia,julio,domingo,22,-101.191603676841,19.762755390985
35820,35825,2021,MOR210481551,2021/07/11,21:45:00,COLISIÓN POR CORTE DE CIRCULACIÓN,ASFALTO,Lluvioso,Regular,2,CHEVROLET,ROJO,2,,31,FEMENINO,SIN DATOS,0,0,Morelia,Country Club  Las Huertas,julio,domingo,22,-101.226266199217,19.6626307724187
35821,35826,2021,MOR210481745,2021/07/11,22:55:00,COLISIÓN POR CAMBIO DE CARRIL,ASFALTO,Lluvioso,Regular,2,VOLKSWAGEN,NEGRO,2,,28,MASCULINO,SIN DATOS,0,0,Morelia,Indeco El Vivero,julio,domingo,23,-101.229787909173,19.6770048281421
35822,35827,2021,MOR210481720,2021/07/11,23:00:00,COLISIÓN POR NO RESPETAR SEMÁFORO,ASFALTO,Lluvioso,Bueno,2,MAZDA,BLANCO,2,MINISTERIO PÚBLICO,27,MASCULINO,SIN DATOS,0,0,Morelia,Las Americas,julio,domingo,23,-101.159094541587,19.6879756443957
35823,35828,2021,,2021/07/11,23:40:00,COLISIÓN POR ALCANCE,ASFALTO,Bueno,Bueno,2,MERCEDEZ BENZ,GRIS,2,,39,MASCULINO,CON CERTIFICADO,0,0,Morelia,Articulo Constitucional,julio,domingo,0,-101.172246765224,19.7144412230034
35824,35829,2021,LEG38056,2021/07/11,23:40:00,COLISIÓN POR ALCANCE,CONCRETO,Lluvioso,Bueno,2,FORD,ROJA,2,,28,MASCULINO,SIN DATOS,0,0,Morelia,Niño Artillero,julio,domingo,0,-101.250200495124,19.6986087616745
35825,35830,2021,,2021/07/12,"00:50:00",COLISIÓN CONTRA OBJETO FIJO,ASFALTO,Nublado,Bueno,1,NISSAN,BLANCO,1,,37,MASCULINO,SIN DATOS,0,0,Morelia,Tres Puentes,julio,lunes,1,-101.213524742681,19.7058468756013
35826,35831,2021,MOR210482314,2021/07/12,"08:07:00",COLISIÓN POR CORTE DE CIRCULACIÓN,ASFALTO,Lluvioso,Regular,2,GMC,GRIS,2,,42,MASCULINO,SIN DATOS,0,0,Morelia,Prados Verdes,julio,lunes,8,-101.201215311885,19.7157273845503
35827,35832,2021,MOR210483025,2021/07/12,14:06:00,COLISIÓN POR ALCANCE,ASFALTO,Bueno,Bueno,2,KENWORTH,AZUL,2,,59,MASCULINO,SIN DATOS,0,0,Morelia,Santiaguito,julio,lunes,14,-101.188778548765,19.7172559611642
35828,35833,2021,,2021/07/12,15:30:00,COLISIÓN POR CORTE DE CIRCULACIÓN,ASFALTO,Bueno,Bueno,2,ITALIKA,GRAFITO,2,,18,MASCULINO,SIN DATOS,0,0,Morelia,Quinceo,julio,lunes,16,-101.221201487564,19.7287992639215
35829,35834,2021,,2021/07/12,17:30:00,SUBIDA AL CAMELLÓN,ASFALTO,Bueno,Bueno,1,FORD,ROJO,1,,49,MASCULINO,SIN DATOS,0,0,Morelia,Reforma,julio,lunes,18,-101.239742226899,19.7064080994374
35830,35835,2021,,2021/07/12,19:30:00,COLISIÓN POR ALCANCE,ASFALTO,Lluvioso,Regular,2,CHEVEOLET SONIC,AZUL,2,,16,MASCULINO,SIN DATOS,0,0,Morelia,Camelinas,julio,lunes,20,-101.174178309739,19.6819243021863
35831,35836,2021,LEG38070,2021/07/12,19:55:00,COLISIÓN POR CAMBIO DE CARRIL,ASFALTO,Bueno,Bueno,2,KENWORTH,BLANCO,2,,41,MASCULINO,SIN DATOS,0,0,Morelia,Lomas del Tecnologico,julio,lunes,20,-101.18859990754,19.7199939572872
35832,35837,2021,,2021/07/12,21:00:00,COLISIÓN POR CORTE DE CIRCULACIÓN,ASFALTO,Bueno,Bueno,2,PULSAR,NEGRO,2,,27,MASCULINO,SIN DATOS,0,0,Morelia,Sin datos,julio,lunes,21,-101.119680150665,19.7041869256605
35833,35838,2021,,2021/07/12,21:10:00,COLISIÓN CON PEATÓN,SIN_DATOS,Bueno,Bueno,2,VOLKSWAGEN,GRIS,2,,21,,SIN DATOS,0,0,Morelia,Fuentes de Morelia,julio,lunes,21,-101.203403293408,19.669975315106
35834,35839,2021,,2021/07/12,21:15:00,COLISIÓN POR CORTE DE CIRCULACIÓN,ASFALTO,Bueno,Bueno,2,ITALIKA AT110,BLANCO,2,MINISTERIO PÚBLICO,25,MASCULINO,SIN DATOS,0,0,Morelia,Rinconada del Valle,julio,lunes,21,-101.217849732124,19.6799145895583
35835,35840,2021,,2021/07/13,"04:00:00",COLISIÓN CONTRA OBJETO FIJO,SIN_DATOS,Bueno,Bueno,1,CHEVROLET,ROJO,1,,27,MASCULINO,SIN DATOS,0,0,Morelia,Centro,julio,martes,4,-101.192645989358,19.6960528799611
35836,35841,2021,LEG38085,2021/07/13,"07:40:00",COLISIÓN POR CAMBIO DE CARRIL,CONCRETO,Bueno,Bueno,2,HINO,BLANCO,2,,47,MASCULINO,SIN DATOS,0,0,Morelia,Rey Tariacuri (Eucaliptos),julio,martes,8,-101.200409948158,19.6778262433549
35837,35842,2021,LEG38078,2021/07/13,11:37:00,COLISIÓN POR CORTE DE CIRCULACIÓN,ASFALTO,Bueno,Bueno,2,FREIGTHLINER,BLANCO,2,,48,MASCULINO,SIN DATOS,0,0,Charo,San Pedro Y San Pablo,julio,martes,12,-101.054242297339,19.746534186534
35838,35843,2021,MOR210485229,2021/07/13,12:05:00,COLISIÓN POR CAMBIO DE CARRIL,ASFALTO,Bueno,Bueno,3,CHEVROLET,AMARILLO,1,,50,MASCULINO,SIN DATOS,0,0,Morelia,Primo Tapia Oriente,julio,martes,12,-101.160229512237,19.7126308201092
35839,35844,2021,,2021/07/13,14:30:00,COLISIÓN POR CORTE DE CIRCULACIÓN,ASFALTO,Nublado,Regular,2,CHRYSLER,BLANCO,2,MINISTERIO PÚBLICO,19,MASCULINO,SIN DATOS,0,0,Tangamandapio,Sin datos,julio,martes,15,-102.383600070394,19.9182368281354
35840,35845,2021,MOR210485582,2021/07/13,15:10:00,COLISIÓN POR MANIOBRA DE REVERSA,ASFALTO,Nublado,Regular,2,NISSAN,BLANCO,2,,57,MASCULINO,SIN DATOS,0,0,Morelia,Chapultepec Oriente,julio,martes,15,-101.161973222412,19.6956709878366