fid,id_accidente,anio_origen,folio_c5i,dia_incidente,hora_ocurrencia,tipo_incidente_vial,superficie_ocurrencia,condiciones_climaticas,condiciones_via,numero_vehiculos_involucrados,marca_vehiculo_ocasiona_siniestro,color_vehiculo_ocasiona_siniestro,numero_personas_involucradas,lugar_remite_presunto_responsable,edad_presunto_responsable,sexo_presunto_responsable,resultados_toxicologia,numero_personas_lesionadas,numero_personas_fallecidas,municipio,colonia,mes,dia_semana,hora_redondeada,lon,lat
35841,35846,2021,LEG38084,2021/07/13,15:40:00,COLISIÓN POR ALCANCE,ASFALTO,Bueno,Bueno,2,MAZDA,GRIS,2,,47,MASCULINO,SIN DATOS,0,0,Morelia,Sin datos,julio,martes,16,-101.104443862356,19.7295261079607
35842,35847,2021,LEG38086,2021/07/13,19:00:00,COLISIÓN POR CORTE DE CIRCULACIÓN,ASFALTO,Lluvioso,Regular,1,VOLKSWAGEN,AZUL,4,,30,FEMENINO,SIN DATOS,3,0,Morelia,Central de Abastos,julio,martes,19,-101.168661005795,19.7157592910284
35843,35848,2021,MOR210486229,2021/07/13,19:08:00,COLISIÓN POR ALCANCE,ASFALTO,Lluvioso,Bueno,2,TOYOTA,BLANCO/ROSA,2,,21,MASCULINO,SIN DATOS,0,0,Morelia,Loma Bonita,julio,martes,19,-101.196999580346,19.7187387015185
35844,35849,2021,LEG38077,2021/07/13,19:19:00,COLISIÓN CON PEATÓN,ASFALTO,Bueno,Bueno,1,MAZDA,NEGRO,3,MINISTERIO PÚBLICO,,MASCULINO,SIN DATOS,2,0,Morelia,Centro,julio,martes,19,-101.193734234705,19.6998460110548
35845,35850,2021,MOR210486034,2021/07/13,20:00:00,COLISIÓN CONTRA OBJETO FIJO,CONCRETO,Bueno,Bueno,2,FORD,AZUL,2,,88,MASCULINO,SIN DATOS,0,0,Tarímbaro,Galaxias Tarimbaro,julio,martes,20,-101.195087500595,19.7621407113652
35846,35851,2021,LEG38079,2021/07/13,21:10:00,COLISIÓN CONTRA OBJETO FIJO,CONCRETO,Lluvioso,Regular,1,HONDA,BLANCO,1,,66,FEMENINO,SIN DATOS,0,0,Morelia,La Floresta,julio,martes,21,-101.152329675175,19.6845286802741
35847,35852,2021,,2021/07/13,21:10:00,COLISIÓN POR CORTE DE CIRCULACIÓN,ADOQUIN_EMPEDRADO,Lluvioso,Bueno,2,SCANIA,BLANCO/NARANJA,2,,54,MASCULINO,SIN DATOS,0,0,Cuitzeo,Centro,julio,martes,21,-101.140304356813,19.9702196573821
35848,35853,2021,MOR210486604,2021/07/13,21:15:00,COLISIÓN POR CORTE DE CIRCULACIÓN,ASFALTO,Lluvioso,Malo,2,NISSAN,ARENA,2,,35,,SIN DATOS,0,0,Morelia,Lomas del Valle,julio,martes,21,-101.231904781677,19.6855132928506
35849,35854,2021,LEG38083,2021/07/13,22:00:00,COLISIÓN POR ALCANCE,CONCRETO,Lluvioso,Regular,2,MAZDA,BLANCO,2,,36,FEMENINO,SIN DATOS,0,0,Morelia,Fuentes de Morelia,julio,martes,22,-101.201032555915,19.6701925533656
35850,35855,2021,,2021/07/14,"09:30:00",COLISIÓN POR CAMBIO DE CARRIL,ASFALTO,Bueno,Bueno,3,MERCEDES BENZ,VERDE,3,,64,MASCULINO,SIN DATOS,0,0,Morelia,Santiaguito,julio,miércoles,10,-101.191834108722,19.7181820570845
35851,35856,2021,,2021/07/14,12:42:00,COLISIÓN POR CORTE DE CIRCULACIÓN,ASFALTO,Bueno,Bueno,2,DINA,BLANCO,2,,24,MASCULINO,SIN DATOS,0,0,Morelia,Dr Miguel Silva,julio,miércoles,13,-101.183909394525,19.7191562891378
35852,35857,2021,,2021/07/14,13:20:00,COLISIÓN POR CAMBIO DE CARRIL,ASFALTO,Bueno,Bueno,2,ISUZU,BLANCO Y  AZUL,2,,29,MASCULINO,SIN DATOS,0,0,Morelia,Centro,julio,miércoles,13,-101.191535951043,19.7038856285035
35853,35858,2021,,2021/07/14,14:00:00,COLISIÓN POR ALCANCE,ASFALTO,Bueno,Bueno,3,CHEVROLET,NEGRO,3,,,MASCULINO,SIN DATOS,0,0,Morelia,Los Manantiales de Morelia,julio,miércoles,14,-101.240232370116,19.6927362306525
35854,35859,2021,,2021/07/14,16:45:00,COLISIÓN CON PEATÓN,ASFALTO,Bueno,Bueno,1,FORD,BLANCO,2,MINISTERIO PÚBLICO,,MASCULINO,SIN DATOS,1,0,Erongarícuaro,Sin datos,julio,miércoles,17,-101.694085604764,19.5550220772242
35855,35860,2021,,2021/07/14,17:15:00,COLISIÓN POR CORTE DE CIRCULACIÓN,ASFALTO,Bueno,Bueno,2,KIA,GRIS,2,,36,MASCULINO,SIN DATOS,0,0,Morelia,Nueva Chapultepec,julio,miércoles,17,-101.169254322627,19.6894509364885
35856,35861,2021,,2021/07/14,18:00:00,COLISIÓN POR CORTE DE CIRCULACIÓN,ASFALTO,Bueno,Bueno,2,NISSAN,AZUL,2,,29,MASCULINO,SIN DATOS,0,0,Morelia,Cinco de Diciembre,julio,miércoles,18,-101.161226227191,19.6877151825296
35857,35862,2021,,2021/07/14,20:05:00,COLISIÓN POR CORTE DE CIRCULACIÓN,ASFALTO,Bueno,Bueno,2,INTERNACIONAL,AMARILLO/ ROJO,2,,38,MASCULINO,SIN DATOS,0,0,Morelia,Elias Perez Avalos,julio,miércoles,20,-101.165384016931,19.7103586577239
35858,35863,2021,MOR210488621,2021/07/14,20:25:00,COLISIÓN CONTRA OBJETO FIJO,ASFALTO,Lluvioso,Bueno,2,HYUNDAI,ROJO,2,,25,MASCULINO,SIN DATOS,0,0,Tarímbaro,Infonavit Puerta del Sol,julio,miércoles,20,-101.191960349679,19.7501624048658
35859,35864,2021,,2021/07/14,20:35:00,COLISIÓN POR CORTE DE CIRCULACIÓN,ASFALTO,Lluvioso,Bueno,2,MITSUBISHI,AZUL,2,MINISTERIO PÚBLICO,27,MASCULINO,SIN DATOS,0,0,Morelia,Sin datos,julio,miércoles,21,-101.304398551583,19.6876753211486
35860,35865,2021,,2021/07/15,"00:00:00",COLISIÓN POR CORTE DE CIRCULACIÓN,ASFALTO,Bueno,Bueno,1,DODGE,BLANCO/AZUL,1,,,,SIN DATOS,0,0,Lázaro Cárdenas,Centro,julio,jueves,0,-102.192079648376,17.9537992866652
35861,35866,2021,LEG38119,2021/07/15,"08:45:00",COLISIÓN POR MANIOBRA DE REVERSA,ASFALTO,Bueno,Bueno,2,NISSAN,AZUL,2,,34,MASCULINO,SIN DATOS,0,0,Morelia,Central de Abastos,julio,jueves,9,-101.170449587128,19.7173512539792
35862,35867,2021,MOR210489629,2021/07/15,10:40:00,COLISIÓN POR ALCANCE,ASFALTO,Bueno,Bueno,2,SUZUKI,GRIS,2,,57,MASCULINO,SIN DATOS,0,0,Morelia,Villa Universidad,julio,jueves,11,-101.214076168835,19.6879225533694
35863,35868,2021,MOR21090044,2021/07/15,13:40:00,COLISIÓN POR MANIOBRA DE REVERSA,SIN_DATOS,Bueno,Regular,2,VOSLKWAGEN,ROJO,2,,53,FEMENINO,SIN DATOS,0,0,Morelia,Cosmos,julio,jueves,14,-101.216513652954,19.6834030059644
35864,35869,2021,LEG38110,2021/07/15,14:10:00,COLISIÓN CON PEATÓN,ASFALTO,Bueno,Bueno,1,NISSAN,BLANCO,2,,41,FEMENINO,SIN DATOS,1,0,Morelia,Las Flores,julio,jueves,14,-101.207869171418,19.708171225816
35865,35870,2021,MOR210210490199,2021/07/15,15:20:00,COLISIÓN CONTRA OBJETO FIJO,CONCRETO,Bueno,Bueno,1,VOLKSWAGEN,DORADO,1,,,MASCULINO,SIN DATOS,0,0,Morelia,Defensores De Puebla,julio,jueves,15,-101.234517588533,19.7149595328324
35866,35871,2021,MOR210490497,2021/07/15,17:05:00,COLISIÓN POR CAMBIO DE CARRIL,ASFALTO,Bueno,Bueno,2,VOSLKWAGEN,PLATA,2,,35,FEMENINO,SIN DATOS,0,0,Morelia,Lomas del Valle,julio,jueves,17,-101.230638809502,19.6877889934917
35867,35872,2021,MOR210490710,2021/07/15,18:40:00,COLISIÓN POR ALCANCE,ASFALTO,Lluvioso,Bueno,2,CHEVROLET,PLATA,2,,23,MASCULINO,SIN DATOS,0,0,Morelia,Santillan La Huerta,julio,jueves,19,-101.220130219377,19.6753174138102
35868,35873,2021,"210490704",2021/07/15,18:45:00,COLISIÓN POR CORTE DE CIRCULACIÓN,ASFALTO,Bueno,Bueno,2,VOLKSWAGEN,ROJO,2,,24,MASCULINO,SIN DATOS,0,0,Morelia,Centro,julio,jueves,19,-101.191560609104,19.7029373422286
35869,35874,2021,,2021/07/15,19:25:00,COLISIÓN POR CAMBIO DE CARRIL,CONCRETO,Nublado,Bueno,1,NISSAN,BLANCO,2,,20,,SIN DATOS,0,0,Morelia,La Loma,julio,jueves,19,-101.183939904653,19.6796475424361
35870,35875,2021,MOR210490724,2021/07/15,19:45:00,COLISIÓN POR ALCANCE,ASFALTO,Bueno,Bueno,3,NISSAN,BLANCO,3,,48,MASCULINO,SIN DATOS,0,0,Morelia,Los Manantiales de Morelia,julio,jueves,20,-101.241631812669,19.6957918573088
35871,35876,2021,MOR210490861,2021/07/15,19:50:00,COLISIÓN POR CORTE DE CIRCULACIÓN,ASFALTO,Lluvioso,Bueno,2,NISSAN,PLATA,2,,45,MASCULINO,SIN DATOS,0,0,Tarímbaro,Sin datos,julio,jueves,20,-101.125229001045,19.7735739553482
35872,35877,2021,MOR210491002,2021/07/15,20:45:00,COLISIÓN POR CORTE DE CIRCULACIÓN,ASFALTO,Nublado,Regular,2,ODLSMOBILE,ROJO,2,,36,MASCULINO,SIN DATOS,0,0,Morelia,Chapultepec Sur,julio,jueves,21,-101.170931434765,19.6901287432335
35873,35878,2021,MOR210491229,2021/07/15,22:47:00,COLISIÓN POR CORTE DE CIRCULACIÓN,ASFALTO,Lluvioso,Bueno,2,CHRYSLER,ROJO,2,,49,MASCULINO,SIN DATOS,0,0,Morelia,Isaac Arriaga,julio,jueves,23,-101.175189533018,19.7060475808112
35874,35879,2021,MOR 210491251,2021/07/15,23:30:00,COLISIÓN CON PEATÓN,ASFALTO,Lluvioso,Bueno,1,DODGE,ROJO,1,,28,MASCULINO,SIN DATOS,0,0,Morelia,La Quemada,julio,jueves,0,-101.240668625308,19.7058194298374
35875,35880,2021,MOR210491382,2021/07/16,"02:01:00",COLISIÓN POR CORTE DE CIRCULACIÓN,ASFALTO,Nublado,Regular,1,HONDA,NEGRO,1,,,,SIN DATOS,0,0,Morelia,Tanganxoan (Guadalupe Victoria),julio,viernes,2,-101.288327090442,19.6930370322502
35876,35881,2021,,2021/07/16,"09:05:00",COLISIÓN POR CORTE DE CIRCULACIÓN,ASFALTO,Bueno,Bueno,2,NISSAN,AZUL,2,,31,MASCULINO,SIN DATOS,0,0,Morelia,Nueva Valladolid,julio,viernes,9,-101.211483945359,19.6992598320994
35877,35882,2021,MOR210491700,2021/07/16,10:12:00,COLISIÓN POR ALCANCE,ASFALTO,Bueno,Bueno,2,FREIGHTLINER,BLANCO,2,,25,MASCULINO,SIN DATOS,0,0,Morelia,La Soledad,julio,viernes,10,-101.185166715661,19.7274533823308
35878,35883,2021,,2021/07/16,13:25:00,COLISIÓN POR CAMBIO DE CARRIL,ASFALTO,Bueno,Bueno,2,NISSAN,BLANCO,2,,27,MASCULINO,SIN DATOS,0,0,Morelia,Cinco de Diciembre,julio,viernes,13,-101.16149206689,19.6872351216566
35879,35884,2021,,2021/07/16,19:45:00,COLISIÓN CONTRA OBJETO FIJO,CONCRETO,Bueno,Bueno,1,DINA,VERDE,1,,,,,1,0,Morelia,Torrecillas,julio,viernes,20,-101.180811,19.6698725
35880,35885,2021,,2021/07/16,20:05:00,COLISIÓN CONTRA OBJETO FIJO,ASFALTO,Bueno,Bueno,2,NISSAN,BLANCO,2,,30,MASCULINO,SIN DATOS,0,0,Morelia,Lomas de Huerta,julio,viernes,20,-101.212,19.6754
35881,35886,2021,,2021/07/16,21:42:00,COLISIÓN CONTRA OBJETO FIJO,ASFALTO,Lluvioso,Regular,1,RENAULT,GRIS,0,,,,,0,0,Morelia,Fray Antonio de Lisboa,julio,viernes,22,-101.146905578005,19.6940885420412
35882,35887,2021,MOR210493317,2021/07/16,21:56:00,VOLCADURA,ASFALTO,Bueno,Bueno,3,KENWORTH,GRIS,3,,44,MASCULINO,SIN DATOS,0,0,Morelia,Barrio Alto,julio,viernes,22,-101.196990802216,19.7248524321068
35883,35888,2021,,2021/07/16,23:15:00,COLISIÓN CONTRA OBJETO FIJO,ASFALTO,Bueno,Bueno,1,CHEVROLET,ARENA,0,MINISTERIO PÚBLICO,,,,0,0,Peribán,Sin datos,julio,viernes,23,-102.447666735814,19.5555948710148
35884,35889,2021,,2021/07/17,"00:00:00",VOLCADURA,ASFALTO,Bueno,Bueno,1,VOLSKWAGEN,ROJO,0,,,,,0,0,Lázaro Cárdenas,Ejidal,julio,sábado,0,-102.203755944299,17.9534462666724
35885,35890,2021,MOR 210495801,2021/07/17,"00:20:00",SUBIDA AL CAMELLÓN,ASFALTO,Nublado,Regular,1,CHEVROLET,BLANCO,1,,24,MASCULINO,CON CERTIFICADO,0,0,Morelia,Justo Mendoza,julio,sábado,0,-101.230276318269,19.712793964837
35886,35891,2021,,2021/07/17,"01:50:00",COLISIÓN CONTRA OBJETO FIJO,ASFALTO,Bueno,Bueno,1,KEENWORTH,BLANCO,1,MINISTERIO PÚBLICO,26,MASCULINO,SIN DATOS,0,0,Morelia,2 de Octubre,julio,sábado,2,-101.384994909167,19.6687879187023
35887,35892,2021,,2021/07/17,"02:50:00",VOLCADURA,ASFALTO,Bueno,Bueno,1,HONDA,GRIS,1,,57,MASCULINO,ALIENTO ETÍLICO,0,0,Morelia,La Floresta,julio,sábado,3,-101.151892871343,19.6833795896512
35888,35893,2021,MOR210443784,2021/07/17,"07:40:00",COLISIÓN CONTRA OBJETO FIJO,ASFALTO,Bueno,Bueno,1,CHEVROLET,GRIS,1,,36,MASCULINO,SIN DATOS,0,0,Morelia,Mil Cumbres,julio,sábado,8,-101.144770111906,19.6966913258506
35889,35894,2021,MOR210494231,2021/07/17,11:45:00,COLISIÓN CONTRA OBJETO FIJO,ASFALTO,Bueno,Bueno,2,NISSAN,BEIGE,2,,47,MASCULINO,SIN DATOS,0,0,Morelia,La Soledad,julio,sábado,12,-101.183288402187,19.7280566940794
35890,35895,2021,,2021/07/17,11:47:00,COLISIÓN CONTRA OBJETO FIJO,ASFALTO,Bueno,Bueno,1,CHEVROLET,BLANCO,1,,61,MASCULINO,SIN DATOS,0,0,Morelia,La Loma,julio,sábado,12,-101.184672117233,19.6811675382932
35891,35896,2021,,2021/07/17,12:00:00,COLISIÓN POR CORTE DE CIRCULACIÓN,ASFALTO,Bueno,Bueno,2,CHEVROLET,AZUL,2,,88,MASCULINO,SIN DATOS,0,0,Tarímbaro,Sin datos,julio,sábado,12,-101.132801578117,19.7759496781642
35892,35897,2021,LEG38146,2021/07/17,13:00:00,COLISIÓN POR MANIOBRA DE REVERSA,CONCRETO,Nublado,Bueno,2,TOYOTA,BLANCO/ROJO,2,,49,MASCULINO,SIN DATOS,0,0,Morelia,Canteras de Morelia,julio,sábado,13,-101.1737705,19.7180635
35893,35898,2021,MOR210494792,2021/07/17,16:00:00,CAIDA DE MOTOCICLETA,ASFALTO,Bueno,Bueno,1,HONDA,ROJO,1,,63,MASCULINO,SIN DATOS,0,0,Morelia,Leandro Valle,julio,sábado,16,-101.229343272067,19.7177006670755
35894,35899,2021,,2021/07/17,19:00:00,COLISIÓN POR MANIOBRA DE REVERSA,ASFALTO,Lluvioso,Bueno,2,FORD,BLANCO,2,,45,MASCULINO,SIN DATOS,0,0,Morelia,Jesus Romero Flores,julio,sábado,19,-101.175875111736,19.7333978007733
35895,35900,2021,,2021/07/17,19:40:00,COLISIÓN POR ALCANCE,ASFALTO,Bueno,Bueno,2,TOYOTA,GRIS,2,,43,MASCULINO,SIN DATOS,0,0,Morelia,Las Americas,julio,sábado,20,-101.153585321922,19.6873376025136
35896,35901,2021,MOR210495600,2021/07/17,22:05:00,COLISIÓN POR ALCANCE,ASFALTO,Lluvioso,Regular,2,NISSAN,ROJO,2,,58,MASCULINO,SIN DATOS,0,0,Morelia,Quinceo,julio,sábado,22,-101.22345417738,19.7265241466479
35897,35902,2021,,2021/07/17,24:00:00,SALIDA DE SUPERFICIE DE RODAMIENTO,ASFALTO,Bueno,Bueno,1,FORD,ROJO,1,,28,MASCULINO,SIN DATOS,0,0,Tarímbaro,Sin datos,julio,sábado,0,-101.162257902324,19.7647864070865
35898,35903,2021,MOR210465610,2021/07/18,"00:00:00",SUBIDA AL CAMELLÓN,ASFALTO,Lluvioso,Regular,1,GMC,GUINDA,1,,68,MASCULINO,SIN DATOS,0,0,Morelia,El Lago 3,julio,domingo,0,-101.22077934444,19.7273352085228
35899,35904,2021,,2021/07/18,"01:20:00",SALIDA DE SUPERFICIE DE RODAMIENTO,ASFALTO,Bueno,Bueno,1,VOLKSWAGEN,BLANCO,0,MINISTERIO PÚBLICO,,,,0,0,Irimbo,Sin datos,julio,domingo,1,-100.495946830645,19.6910073135762
35900,35905,2021,MOR/210496,2021/07/18,"04:55:00",VOLCADURA,CONCRETO,Nublado,Bueno,1,NISSAN,GRIS,1,,28,MASCULINO,SIN DATOS,0,0,Morelia,Fidel Velazquez,julio,domingo,5,-101.239939674057,19.7059939792798
35901,35906,2021,,2021/07/18,"08:30:00",COLISIÓN POR CAMBIO DE CARRIL,ASFALTO,Bueno,Bueno,2,NISSAN,BLANCO,5,MINISTERIO PÚBLICO,30,MASCULINO,SIN DATOS,3,0,Morelia,San Jose Itzicuaro,julio,domingo,9,-101.312797797672,19.6872107875692
35902,35907,2021,LEG38144,2021/07/18,"09:40:00",COLISIÓN POR CAMBIO DE CARRIL,ASFALTO,Bueno,Regular,3,ITALIKA,GRIS/NEGRO,2,,21,MASCULINO,SIN DATOS,0,0,Morelia,Niño Artillero,julio,domingo,10,-101.256116472853,19.6974525406767
35903,35908,2021,,2021/07/18,10:30:00,SUBIDA AL CAMELLÓN,ASFALTO,Lluvioso,Regular,1,NISSAN,BLANCO CON ROJO,1,,50,MASCULINO,SIN DATOS,0,0,Morelia,Rafael Carrillo,julio,domingo,11,-101.236667104733,19.7076507978102
35904,35909,2021,LEG38155,2021/07/18,11:10:00,COLISIÓN POR CAMBIO DE CARRIL,ASFALTO,Bueno,Bueno,2,JEEP,BLANCO,2,,35,MASCULINO,SIN DATOS,0,0,Morelia,La Loma,julio,domingo,11,-101.184538006783,19.6811755166361
35905,35910,2021,,2021/07/18,12:20:00,COLISIÓN POR CORTE DE CIRCULACIÓN,ASFALTO,Bueno,Bueno,2,NISSAN,NEGRO,2,,44,MASCULINO,SIN DATOS,0,0,Morelia,Granjas Unidas de Morelia,julio,domingo,12,-101.279513016343,19.6912992796695
35906,35911,2021,MOR210494341,2021/07/18,12:40:00,COLISIÓN POR CORTE DE CIRCULACIÓN,ASFALTO,Bueno,Bueno,2,VOLKSWAGEN,NEGRO,2,,50,MASCULINO,SIN DATOS,0,0,Morelia,Torreon Nuevo,julio,domingo,13,-101.196787818982,19.7334616059426
35907,35912,2021,LEG38143,2021/07/18,12:55:00,CAIDA DE MOTOCICLETA,ASFALTO,Bueno,Bueno,1,KTM,NEGRO/NARANJA,1,,20,MASCULINO,SIN DATOS,0,0,Morelia,Lomas del Valle,julio,domingo,13,-101.228873976932,19.6887202656816
35909,35914,2021,MOR210494885,2021/07/18,16:40:00,COLISIÓN POR ALCANCE,ASFALTO,Lluvioso,Regular,3,NISSAN,BLANCO/CREMA,3,,20,MASCULINO,ALIENTO ETÍLICO,0,0,Morelia,Leon Guzman,julio,domingo,17,-101.205651617347,19.7276972981651
35910,35915,2021,MOR210495059,2021/07/18,18:10:00,COLISIÓN POR CORTE DE CIRCULACIÓN,ASFALTO,Bueno,Bueno,2,JEEP,GUINDA,2,,35,MASCULINO,SIN DATOS,0,0,Morelia,La Aldea,julio,domingo,18,-101.135663645255,19.7450724546328
35911,35916,2021,,2021/07/18,18:40:00,COLISIÓN POR CAMBIO DE CARRIL,ASFALTO,Lluvioso,Bueno,2,CHEVROLET,VERDE,2,MINISTERIO PÚBLICO,54,FEMENINO,SIN DATOS,0,0,Morelia,La Hacienda,julio,domingo,19,-101.314941035067,19.6868801864563
35912,35917,2021,MOR210497504,2021/07/18,18:45:00,COLISIÓN POR CAMBIO DE CARRIL,ASFALTO,Bueno,Bueno,2,CHEVROLET,GRIS,2,MINISTERIO PÚBLICO,32,FEMENINO,SIN DATOS,0,0,Morelia,La Soledad,julio,domingo,19,-101.183414557443,19.7280415454123
35913,35918,2021,MOR210495231,2021/07/18,19:00:00,COLISIÓN POR CAMBIO DE CARRIL,ASFALTO,Lluvioso,Regular,2,NISSAN,GRIS,2,,19,MASCULINO,SIN DATOS,0,0,Morelia,Jardines de Sindurio,julio,domingo,19,-101.25724950047,19.6993034103532
35914,35919,2021,MOR210495211,2021/07/18,19:25:00,COLISIÓN POR INVASIÓN DE CARRIL,ASFALTO,Nublado,Regular,2,MERCEDEZ BENZ,VERDE,11,MINISTERIO PÚBLICO,,,,11,0,Morelia,La Soledad,julio,domingo,19,-101.183341741562,19.7287945299756
35915,35920,2021,,2021/07/18,19:30:00,COLISIÓN POR NO RESPETAR SEMÁFORO,ASFALTO,Lluvioso,Malo,2,IBIZA,NEGRO,3,MINISTERIO PÚBLICO,51,MASCULINO,SIN DATOS,1,0,Morelia,Los Manantiales de Morelia,julio,domingo,20,-101.240231669093,19.6927362306525
35916,35921,2021,,2021/07/18,19:35:00,COLISIÓN POR INVASIÓN DE CARRIL,SIN_DATOS,Lluvioso,Regular,2,CHEVROLET COLORADO,NARANJA,2,,32,MASCULINO,SIN DATOS,0,0,Morelia,Santa Maria de Guido,julio,domingo,20,-101.190535395659,19.6721262737341
35917,35922,2021,,2021/07/18,20:00:00,COLISIÓN CONTRA OBJETO FIJO,ASFALTO,Bueno,Bueno,1,PEUGEOT,NEGRO,1,,27,FEMENINO,SIN DATOS,0,0,Charo,Sin datos,julio,domingo,20,-101.079730354249,19.6867254752327
35918,35923,2021,MOR210495330,2021/07/18,20:25:00,COLISIÓN POR ALCANCE,ASFALTO,Lluvioso,Regular,2,HONDA,NEGRO,2,MINISTERIO PÚBLICO,,MASCULINO,SIN DATOS,1,0,Morelia,Felix Ireta,julio,domingo,20,-101.188413128257,19.681685268622
35919,35924,2021,,2021/07/18,21:15:00,COLISIÓN POR ALCANCE,ASFALTO,Bueno,Bueno,2,IBIZA,ROJO,2,,21,MASCULINO,SIN DATOS,0,0,Morelia,Sin datos,julio,domingo,21,-101.304399252616,19.6876747184935
35920,35925,2021,,2021/07/18,21:20:00,COLISIÓN POR CORTE DE CIRCULACIÓN,ASFALTO,Lluvioso,Regular,1,VELOCI,NEGRO/BLANCO,2,MINISTERIO PÚBLICO,24,MASCULINO,SIN DATOS,1,0,Pátzcuaro,2A de San Lazaro,julio,domingo,21,-101.606840142474,19.5057191276199
35921,35926,2021,,2021/07/18,21:30:00,COLISIÓN POR ALCANCE,ASFALTO,Lluvioso,Regular,2,IBIZA,AZUL,2,,37,MASCULINO,SIN DATOS,0,0,Morelia,San Pascual,julio,domingo,22,-101.267319389356,19.6952375845098
35922,35927,2021,,2021/07/18,22:00:00,SUBIDA AL CAMELLÓN,ASFALTO,Lluvioso,Bueno,1,DODGE,BLANCO,1,,24,MASCULINO,SIN DATOS,0,0,Morelia,Leandro Valle,julio,domingo,22,-101.231682595409,19.7212022571141
35923,35928,2021,,2021/07/18,22:00:00,COLISIÓN CONTRA OBJETO FIJO,ASFALTO,Lluvioso,Bueno,2,VOLKSWAGEN,NEGRO,0,,,,,0,0,Morelia,Sin datos,julio,domingo,22,-101.30439891734,19.6876750628692
35924,35929,2021,,2021/07/18,22:14:00,COLISIÓN POR CAMBIO DE CARRIL,ASFALTO,Lluvioso,Regular,2,FORD EDGE,NEGRO,2,,27,MASCULINO,SIN DATOS,0,0,Morelia,La Colina,julio,domingo,22,-101.217940561473,19.7108983304069
35925,35930,2021,MOR210497699,2021/07/18,22:17:00,COLISIÓN POR INVASIÓN DE CARRIL,ASFALTO,Lluvioso,Regular,2,NISSAN,GRIS,1,,73,MASCULINO,SIN DATOS,0,0,Morelia,Sin datos,julio,domingo,22,-101.434204971246,19.7802254828228
35926,35931,2021,MOR210495690,2021/07/18,22:35:00,SUBIDA AL CAMELLÓN,ASFALTO,Lluvioso,Bueno,1,CHEVROLET,BLANCO,1,,62,MASCULINO,ALIENTO ETÍLICO,0,0,Morelia,Jardines de Guadalupe,julio,domingo,23,-101.225649548577,19.7117045865626
35927,35932,2021,MOR/ 210498631,2021/07/19,"00:00:00",COLISIÓN POR CORTE DE CIRCULACIÓN,CONCRETO,Bueno,Bueno,2,CHRYSLER,ROJO,2,MINISTERIO PÚBLICO,55,FEMENINO,SIN DATOS,0,0,Morelia,Centro,julio,lunes,0,-101.182230697428,19.7029884483065
35928,35933,2021,,2021/07/19,"00:00:00",COLISIÓN POR CORTE DE CIRCULACIÓN,ASFALTO,Bueno,Bueno,1,ITALIKA,AMARILLO,0,,,,,0,0,Lázaro Cárdenas,Segundo Sector de Fidelac,julio,lunes,0,-102.204715870321,17.9614663880929
35929,35934,2021,,2021/07/19,"00:00:00",SUBIDA AL CAMELLÓN,ASFALTO,Lluvioso,Regular,1,VOLKSWAGEN,PLATA,1,,25,MASCULINO,SIN DATOS,0,0,Morelia,Justo Mendoza,julio,lunes,0,-101.232169680297,19.7131574009812
35930,35935,2021,,2021/07/19,"00:30:00",COLISIÓN CONTRA OBJETO FIJO,ASFALTO,Nublado,Bueno,2,NISSAN,BLANCO CON NARANJA,2,,38,MASCULINO,SIN DATOS,0,0,Tarímbaro,Galaxias Tarimbaro,julio,lunes,1,-101.194478273392,19.7627119054003
35931,35936,2021,,2021/07/19,"02:00:00",COLISIÓN POR CORTE DE CIRCULACIÓN,ASFALTO,Bueno,Bueno,3,TOYOYA,AZUL,0,MINISTERIO PÚBLICO,,,,0,0,Lázaro Cárdenas,Sin datos,julio,lunes,2,-102.188842283056,17.9625757315337
35932,35937,2021,LEG38184,2021/07/19,"08:10:00",COLISIÓN POR CAMBIO DE CARRIL,ASFALTO,Bueno,Bueno,2,KEMWORTH,VERDE,2,,39,MASCULINO,SIN DATOS,0,0,Morelia,Sentimientos de La Nacion,julio,lunes,8,-101.23323143883,19.678212052486
35933,35938,2021,LEG38177,2021/07/19,12:50:00,COLISIÓN POR CORTE DE CIRCULACIÓN,CONCRETO,Bueno,Bueno,1,NISSAN,ROJO,1,MINISTERIO PÚBLICO,0,FEMENINO,SIN DATOS,0,0,Morelia,Industrial,julio,lunes,13,-101.20059124109,19.7078167656604
35934,35939,2021,MOR210499289,2021/07/19,13:41:00,COLISIÓN CONTRA OBJETO FIJO,ASFALTO,Bueno,Bueno,1,KEN,BLANCO,1,,19,MASCULINO,SIN DATOS,0,0,Morelia,Indeco El Vivero,julio,lunes,14,-101.229742311619,19.6769995186785
35935,35940,2021,MOR210499281,2021/07/19,14:50:00,COLISIÓN POR ALCANCE,CONCRETO,Bueno,Bueno,2,VOLVO,AZUL,2,,47,FEMENINO,SIN DATOS,0,0,Morelia,Villa Universidad,julio,lunes,15,-101.199241876602,19.6861420997952
35936,35941,2021,,2021/07/19,15:00:00,COLISIÓN POR CORTE DE CIRCULACIÓN,ASFALTO,Bueno,Bueno,1,TOYOTA,BLANCO,1,MINISTERIO PÚBLICO,,,,1,0,Gabriel Zamora,Sin datos,julio,lunes,15,-102.053966640738,19.1352158529134
35937,35942,2021,,2021/07/19,15:00:00,COLISIÓN POR CORTE DE CIRCULACIÓN,CONCRETO,Bueno,Bueno,2,FORD,BLANCO,2,MINISTERIO PÚBLICO,51,FEMENINO,SIN DATOS,0,0,Morelia,Isaac Arriaga,julio,lunes,15,-101.171401888132,19.7135137143519