fid,id_accidente,anio_origen,folio_c5i,dia_incidente,hora_ocurrencia,tipo_incidente_vial,superficie_ocurrencia,condiciones_climaticas,condiciones_via,numero_vehiculos_involucrados,marca_vehiculo_ocasiona_siniestro,color_vehiculo_ocasiona_siniestro,numero_personas_involucradas,lugar_remite_presunto_responsable,edad_presunto_responsable,sexo_presunto_responsable,resultados_toxicologia,numero_personas_lesionadas,numero_personas_fallecidas,municipio,colonia,mes,dia_semana,hora_redondeada,lon,lat
35938,35943,2021,LEG38180,2021/07/19,15:40:00,COLISIÓN POR CAMBIO DE CARRIL,ASFALTO,Bueno,Bueno,2,FORD,BLANCO Y AZUL,2,,31,MASCULINO,SIN DATOS,0,0,Morelia,Los Pinos de Michoacan,julio,lunes,16,-101.21411640197,19.6878433472685
35939,35944,2021,MOR210499476,2021/07/19,16:25:00,COLISIÓN POR CORTE DE CIRCULACIÓN,ASFALTO,Bueno,Bueno,2,CHEVROLET,BLANCO,2,,59,MASCULINO,SIN DATOS,0,0,Morelia,Rinconada del Valle,julio,lunes,16,-101.219186295148,19.6785137423489
35940,35945,2021,MOR210499778,2021/07/19,18:25:00,COLISIÓN POR ALCANCE,CONCRETO,Bueno,Bueno,2,CHEVROLET,BLANCO,2,,20,MASCULINO,SIN DATOS,0,0,Morelia,Sin datos,julio,lunes,18,-101.125817380178,19.7639651517973
35941,35946,2021,MOR210499820,2021/07/19,18:45:00,COLISIÓN POR CAMBIO DE CARRIL,ASFALTO,Bueno,Bueno,2,NISSAN,BLANCO,2,,71,MASCULINO,SIN DATOS,0,0,Morelia,Alberto Oviedo Mota,julio,lunes,19,-101.202128969811,19.677118795055
35942,35947,2021,MOR210500234,2021/07/19,19:05:00,COLISIÓN POR ALCANCE,ASFALTO,Bueno,Bueno,3,HONDA,BLANCO,3,,34,MASCULINO,SIN DATOS,0,0,Morelia,Sentimientos de La Nacion,julio,lunes,19,-101.232657537532,19.6780040089813
35943,35948,2021,LEG38191,2021/07/19,19:25:00,COLISIÓN POR INVASIÓN DE CARRIL,ASFALTO,Bueno,Regular,2,INTERNATIONAL,BLANCO Y ROJO,2,,43,MASCULINO,SIN DATOS,0,0,Morelia,Sin datos,julio,lunes,19,-101.114942729473,19.7368077069753
35944,35949,2021,LEG38179,2021/07/19,19:40:00,COLISIÓN POR ALCANCE,ASFALTO,Bueno,Bueno,2,CHRYSLER,VERDE,2,,28,MASCULINO,SIN DATOS,0,0,Morelia,Sentimientos de La Nacion,julio,lunes,20,-101.236872293744,19.6848020042107
35945,35950,2021,LEG38187,2021/07/19,22:00:00,VOLCADURA,ASFALTO,Bueno,Bueno,1,VOLKSWAGEN,BLANCO,1,,30,MASCULINO,SIN DATOS,0,0,Morelia,Prados de La Huerta,julio,lunes,22,-101.223455213689,19.6682779821943
35946,35951,2021,MOR210500331,2021/07/19,22:05:00,COLISIÓN POR NO RESPETAR SEMÁFORO,ASFALTO,Bueno,Regular,2,ITALIKA,ROJO,2,,24,MASCULINO,SIN DATOS,0,0,Morelia,Lomas de Huerta,julio,lunes,22,-101.210145665839,19.6723229594129
35947,35952,2021,MOR21050494,2021/07/19,23:44:00,COLISIÓN POR ALCANCE,ASFALTO,Nublado,Bueno,2,NISSAN,VERDE,2,,39,MASCULINO,SIN DATOS,0,0,Morelia,Irrigacion,julio,lunes,0,-101.225011230193,19.7047093161774
35948,35953,2021,MOR210500537,2021/07/20,"00:15:00",COLISIÓN POR CORTE DE CIRCULACIÓN,ASFALTO,Bueno,Bueno,2,CHEVROLET,BLANCO,2,MINISTERIO PÚBLICO,51,MASCULINO,SIN DATOS,0,0,Morelia,Independencia,julio,martes,0,-101.17588778366,19.7081146801593
35949,35954,2021,MOR210500597,2021/07/20,"02:00:00",COLISIÓN CONTRA OBJETO FIJO,CONCRETO,Bueno,Bueno,1,MAZDA,NEGRO,1,,14,MASCULINO,SIN DATOS,0,0,Morelia,Eva Samano,julio,martes,2,-101.201612979852,19.7287731268453
35950,35955,2021,,2021/07/20,"02:50:00",COLISIÓN POR ALCANCE,ASFALTO,Bueno,Bueno,2,NISSAN,BLANCO,2,,35,MASCULINO,SIN DATOS,0,0,Morelia,Lomas del Tecnologico,julio,martes,3,-101.188340647652,19.721280706876
35951,35956,2021,,2021/07/20,"04:00:00",COLISIÓN POR CORTE DE CIRCULACIÓN,ASFALTO,Bueno,Bueno,5,NISSAN,ROJO,2,MINISTERIO PÚBLICO,,,SIN DATOS,0,0,Lázaro Cárdenas,Centro,julio,martes,4,-102.194351753726,17.9567932738193
35952,35957,2021,,2021/07/20,"08:15:00",COLISIÓN POR ALCANCE,ASFALTO,Bueno,Bueno,2,VOLKSWAGEN POLO,BLANCO,2,,34,MASCULINO,SIN DATOS,0,0,Morelia,Isaac Arriaga,julio,martes,8,-101.170406758107,19.7081599776829
35953,35958,2021,,2021/07/20,"09:00:00",COLISIÓN POR ALCANCE,ASFALTO,Bueno,Bueno,2,MAZDA,AZUL,2,,33,MASCULINO,SIN DATOS,0,0,Morelia,Morelia 450,julio,martes,9,-101.216531761669,19.6754178067784
35954,35959,2021,MOR210500963,2021/07/20,10:33:00,COLISIÓN POR ALCANCE,ASFALTO,Bueno,Bueno,2,CHEVROLET,BLANCO Y ROJO,2,,40,MASCULINO,SIN DATOS,0,0,Tarímbaro,Sin datos,julio,martes,11,-101.131442002952,19.7762650943077
35955,35960,2021,,2021/07/20,11:45:00,COLISIÓN POR CORTE DE CIRCULACIÓN,ASFALTO,Bueno,Regular,2,NISSAN,BLANCO Y ROSA,2,,26,MASCULINO,SIN DATOS,0,0,Tarímbaro,Real Hacienda,julio,martes,12,-101.2001578205,19.7520949003445
35956,35961,2021,,2021/07/20,12:10:00,COLISIÓN POR CORTE DE CIRCULACIÓN,SIN_DATOS,Bueno,Bueno,0,,,0,,,,,0,0,Tarímbaro,Real Hacienda,julio,martes,12,-101.20022240687,19.7520994901637
35957,35962,2021,MOR210500117,2021/07/20,14:35:00,COLISIÓN POR ALCANCE,ASFALTO,Bueno,Bueno,2,VENTO,ROJO CON NEGRO,3,MINISTERIO PÚBLICO,27,MASCULINO,SIN DATOS,1,0,Morelia,Enrique Arreguin Robles,julio,martes,15,-101.184199347424,19.7196537833473
35958,35963,2021,,2021/07/20,14:45:00,COLISIÓN POR CORTE DE CIRCULACIÓN,ASFALTO,Bueno,Bueno,2,VOLKSWAGEN,BLANCO,2,,,MASCULINO,SIN DATOS,0,0,Morelia,Felix Ireta,julio,martes,15,-101.180765479803,19.6857576585841
35959,35964,2021,MOR210501957,2021/07/20,15:50:00,COLISIÓN POR CORTE DE CIRCULACIÓN,ASFALTO,Bueno,Bueno,2,PEUGEOT,GRIS,2,,40,MASCULINO,SIN DATOS,0,0,Morelia,Granjas del Maestro,julio,martes,16,-101.194467178799,19.7170928149867
35960,35965,2021,,2021/07/20,18:05:00,COLISIÓN POR CORTE DE CIRCULACIÓN,ASFALTO,Bueno,Bueno,2,VOLKSWAGEN,BLANCO,2,,48,MASCULINO,SIN DATOS,0,0,Morelia,Ventura Puente,julio,martes,18,-101.183862090111,19.6930831195278
35961,35966,2021,,2021/07/20,19:00:00,COLISIÓN POR CAMBIO DE CARRIL,ASFALTO,Bueno,Bueno,2,DODGE,GRIS,2,,45,FEMENINO,SIN DATOS,0,0,Morelia,Chapultepec Norte,julio,martes,19,-101.17287801396,19.6944292048552
35962,35967,2021,,2021/07/21,"00:00:00",COLISIÓN POR CORTE DE CIRCULACIÓN,ASFALTO,Bueno,Bueno,2,TOYOTA,BLANCO,2,,43,MASCULINO,SIN DATOS,0,0,Morelia,Mariano Escobedo,julio,miércoles,0,-101.205415011131,19.721912213743
35963,35968,2021,,2021/07/21,"00:32:00",COLISIÓN CONTRA OBJETO FIJO,ASFALTO,Bueno,Bueno,1,JEEP,NEGRO,1,,34,MASCULINO,SIN DATOS,0,0,Morelia,Club de Golf Tres Marias,julio,miércoles,1,-101.115697436035,19.703492822246
35965,35970,2021,LEG38222,2021/07/21,"06:10:00",COLISIÓN CONTRA OBJETO FIJO,ASFALTO,Bueno,Bueno,1,JAC,BLANCO,1,,0,,SIN DATOS,0,0,Charo,Sin datos,julio,miércoles,6,-100.924023701384,19.667515298739
35966,35971,2021,,2021/07/21,"08:10:00",COLISIÓN CONTRA OBJETO FIJO,ASFALTO,Bueno,Bueno,1,CHEVROLET,GRIS,1,MINISTERIO PÚBLICO,68,MASCULINO,SIN DATOS,0,0,Morelia,Real Punhuato,julio,miércoles,8,-101.149349405694,19.6963966911435
35967,35972,2021,,2021/07/21,"08:30:00",COLISIÓN POR CORTE DE CIRCULACIÓN,ASFALTO,Bueno,Bueno,2,YAMAHA,VERDE,2,,27,FEMENINO,SIN DATOS,0,0,Morelia,5 de Mayo,julio,miércoles,9,-101.1754594303,19.7034994508057
35968,35973,2021,MOR210503047,2021/07/21,"09:45:00",COLISIÓN CONTRA OBJETO FIJO,SIN_DATOS,Bueno,Bueno,1,DODGE,BLANCO,1,,44,FEMENINO,SIN DATOS,0,0,Morelia,Nicolas Romero,julio,miércoles,10,-101.148669435217,19.7043195536095
35969,35974,2021,MOR 210503233,2021/07/21,10:45:00,COLISIÓN POR INVASIÓN DE CARRIL,ASFALTO,Nublado,Bueno,2,FORD,VERDE,2,,50,MASCULINO,SIN DATOS,0,0,Morelia,Sin datos,julio,miércoles,11,-101.119873330675,19.6995898441671
35971,35976,2021,LEG38230,2021/07/21,12:35:00,COLISIÓN POR INVASIÓN DE CARRIL,ASFALTO,Nublado,Regular,3,DODGE,ARENA,3,,32,MASCULINO,SIN DATOS,0,0,Charo,San Pedro Y San Pablo,julio,miércoles,13,-101.046876616088,19.7522268000673
35972,35977,2021,MOR210503574,2021/07/21,12:45:00,COLISIÓN POR CORTE DE CIRCULACIÓN,CONCRETO,Bueno,Bueno,3,NISSAN,AZUL,3,,21,FEMENINO,SIN DATOS,0,0,Morelia,Chapultepec Sur,julio,miércoles,13,-101.176877953112,19.6931505573073
35973,35978,2021,LEG38238,2021/07/21,13:20:00,COLISIÓN CONTRA OBJETO FIJO,ASFALTO,Bueno,Bueno,1,NISSAN,ROJO,1,,58,MASCULINO,SIN DATOS,0,0,Morelia,El Realito,julio,miércoles,13,-101.203762770377,19.7256644205808
35974,35979,2021,LEG38236,2021/07/21,14:21:00,COLISIÓN POR CAMBIO DE CARRIL,ASFALTO,Bueno,Bueno,2,TOYOTA,BLANCO,2,,40,MASCULINO,SIN DATOS,0,0,Morelia,Ventura Puente,julio,miércoles,14,-101.179261766374,19.693568269105
35975,35980,2021,,2021/07/21,17:00:00,COLISIÓN CON PEATÓN,CONCRETO,Bueno,Bueno,1,CHRYSLER,AZUL,5,MINISTERIO PÚBLICO,,MASCULINO,ALIENTO ETÍLICO,4,0,Morelia,Centro,julio,miércoles,17,-101.198105595328,19.7056104752815
35976,35981,2021,,2021/07/21,17:20:00,COLISIÓN POR ALCANCE,ASFALTO,Bueno,Regular,3,FORD,ROJO,3,MINISTERIO PÚBLICO,47,MASCULINO,SIN DATOS,0,0,Morelia,Las Americas,julio,miércoles,17,-101.152199313723,19.6885327547158
35977,35982,2021,,2021/07/21,18:15:00,COLISIÓN POR CAMBIO DE CARRIL,CONCRETO,Bueno,Bueno,2,ITALIKA,NEGRO/AZUL,2,,31,MASCULINO,SIN DATOS,0,0,Morelia,Chapultepec Sur,julio,miércoles,18,-101.165864680985,19.6910226092423
35978,35983,2021,LEG38225,2021/07/21,18:20:00,SUBIDA AL CAMELLÓN,ASFALTO,Bueno,Bueno,1,TOYOTA,AZUL,1,MINISTERIO PÚBLICO,43,MASCULINO,ALIENTO ETÍLICO,0,0,Morelia,Primo Tapia Oriente,julio,miércoles,18,-101.160226128995,19.7126311357368
35980,35985,2021,LEG38232,2021/07/21,19:50:00,COLISIÓN POR ALCANCE,ASFALTO,Bueno,Bueno,2,NISSAN,BLANCO,2,,29,MASCULINO,SIN DATOS,0,0,Morelia,Prados de La Huerta,julio,miércoles,20,-101.223448752,19.6682928782089
35981,35986,2021,MOR210504586,2021/07/21,20:40:00,SUBIDA AL CAMELLÓN,ASFALTO,Bueno,Bueno,1,FORD,NEGRO,1,,28,FEMENINO,SIN DATOS,0,0,Morelia,Justo Mendoza,julio,miércoles,21,-101.232278675509,19.7130048671608
35982,35987,2021,LEG38233,2021/07/21,20:45:00,COLISIÓN POR CORTE DE CIRCULACIÓN,CONCRETO,Bueno,Bueno,2,SUZUKI,GRIS,2,,52,MASCULINO,SIN DATOS,0,0,Morelia,Centro,julio,miércoles,21,-101.200180314481,19.7030206155709
35983,35988,2021,,2021/07/22,"00:00:00",COLISIÓN CONTRA OBJETO FIJO,ASFALTO,Lluvioso,Regular,1,NISSAN,AZUL,1,,68,MASCULINO,SIN DATOS,0,0,Morelia,Lomas del Tecnologico,julio,jueves,0,-101.193008788598,19.7233921278323
35984,35989,2021,,2021/07/22,"07:50:00",COLISIÓN POR CORTE DE CIRCULACIÓN,ASFALTO,Bueno,Bueno,1,ITALIKA,GRIS/NEGRO,1,MINISTERIO PÚBLICO,34,MASCULINO,SIN DATOS,0,0,Peribán,Sin datos,julio,jueves,8,-102.459570348941,19.5653787525293
35985,35990,2021,LEG38324,2021/07/22,"07:55:00",COLISIÓN CONTRA OBJETO FIJO,ASFALTO,Bueno,Bueno,1,TOYOTA,BLANCO,1,MINISTERIO PÚBLICO,19,MASCULINO,SIN DATOS,0,0,Nuevo Parangaricutiro,Sin datos,julio,jueves,8,-102.107831828985,19.3995237759916
35986,35991,2021,,2021/07/22,"07:55:00",COLISIÓN CONTRA OBJETO FIJO,ASFALTO,Bueno,Bueno,1,TOYOTA,BLANCO,0,MINISTERIO PÚBLICO,,,,0,0,Lázaro Cárdenas,Sin datos,julio,jueves,8,-102.271900629463,18.2044526520144
35987,35992,2021,,2021/07/22,11:40:00,COLISIÓN POR ALCANCE,ASFALTO,Bueno,Regular,2,ISUZU,BLANCO,2,,37,MASCULINO,SIN DATOS,0,0,Morelia,Las Americas,julio,jueves,12,-101.15307197652,19.687506433917
35988,35993,2021,,2021/07/22,11:55:00,COLISIÓN CONTRA OBJETO FIJO,ASFALTO,Bueno,Bueno,2,MERCEDES BENZ,BLANCO,1,,40,,SIN DATOS,0,0,Morelia,Diego Rivera,julio,jueves,12,-101.174944080412,19.7182312768798
35989,35994,2021,,2021/07/22,12:10:00,COLISIÓN POR CORTE DE CIRCULACIÓN,ASFALTO,Nublado,Bueno,2,NISSAN NP 300,BLANCO,2,,27,FEMENINO,SIN DATOS,0,0,Morelia,El Realito,julio,jueves,12,-101.205215857111,19.7258376572606
35990,35995,2021,,2021/07/22,12:40:00,COLISIÓN CON PEATÓN,ASFALTO,Bueno,Bueno,2,VOLKSWAGEN GOL,ROJO,2,,38,FEMENINO,SIN DATOS,0,0,Morelia,Campestre Los Manantiales,julio,jueves,13,-101.237290588799,19.6919502431879
35991,35996,2021,LEG38254,2021/07/22,14:20:00,COLISIÓN POR ALCANCE,ASFALTO,Bueno,Bueno,2,NISSAN,BLANCO Y ROJO,2,,41,MASCULINO,SIN DATOS,0,0,Morelia,Centro,julio,jueves,14,-101.185548864305,19.7029158782445
35992,35997,2021,,2021/07/22,16:10:00,COLISIÓN POR ALCANCE,ASFALTO,Bueno,Bueno,2,TOYOTA,BLANCO,2,,37,MASCULINO,SIN DATOS,0,0,Morelia,Lomas del Valle,julio,jueves,16,-101.232628612354,19.6868683628676
35993,35998,2021,,2021/07/22,18:15:00,COLISIÓN CON PEATÓN,SIN_DATOS,Bueno,Bueno,2,Toyota,Blanco,2,,71,MASCULINO,SIN DATOS,0,0,Morelia,Buenavista,julio,jueves,18,-101.167950525212,19.7091704130082
35994,35999,2021,,2021/07/22,19:10:00,COLISIÓN POR CORTE DE CIRCULACIÓN,ASFALTO,Bueno,Regular,2,ITALIKA,AZUL,2,,16,MASCULINO,SIN DATOS,0,0,Morelia,Mariano Escobedo,julio,jueves,19,-101.208288693294,19.7222892803952
35995,36000,2021,,2021/07/22,21:00:00,COLISIÓN POR CORTE DE CIRCULACIÓN,ASFALTO,Lluvioso,Regular,2,CHEVROLET,AZUL,2,,32,MASCULINO,SIN DATOS,0,0,Morelia,Chapultepec Norte,julio,jueves,21,-101.172420457005,19.6939824501181
35996,36001,2021,,2021/07/22,23:10:00,COLISIÓN POR ALCANCE,ASFALTO,Bueno,Bueno,2,CHEVROLET,PLATA,2,MINISTERIO PÚBLICO,19,FEMENINO,SIN DATOS,0,0,Morelia,Morelia 450,julio,jueves,23,-101.214810088277,19.6743945876883
35997,36002,2021,LEG38256,2021/07/22,23:34:00,COLISIÓN POR ALCANCE,ASFALTO,Lluvioso,Bueno,1,MERCEDES BENZ,PLATA,1,,21,MASCULINO,SIN DATOS,0,0,Morelia,Camelinas,julio,jueves,0,-101.174352622844,19.6816770894056
35998,36003,2021,,2021/07/23,"01:10:00",COLISIÓN CONTRA OBJETO FIJO,ASFALTO,Bueno,Bueno,2,NISSAN,AZUL,2,,42,MASCULINO,SIN DATOS,0,0,Morelia,Vasco de Quiroga,julio,viernes,1,-101.175651482559,19.7016428407556
35999,36004,2021,,2021/07/23,"04:30:00",COLISIÓN POR ALCANCE,ASFALTO,Bueno,Bueno,2,NISSAN,AZUL,2,,63,MASCULINO,SIN DATOS,0,0,Morelia,Colonial Morelia,julio,viernes,5,-101.214166676516,19.6727312650406
36000,36005,2021,,2021/07/23,"07:15:00",SALIDA DE SUPERFICIE DE RODAMIENTO,ASFALTO,Bueno,Bueno,1,MITSUBISHI,GRIS,1,,,MASCULINO,SIN DATOS,0,0,Morelia,Granjas de La Huerta,julio,viernes,7,-101.234892091967,19.6668393193163
36001,36006,2021,,2021/07/23,"09:45:00",VOLCADURA,ASFALTO,Bueno,Bueno,1,NISSAN,BLANCO,0,MINISTERIO PÚBLICO,,,,0,0,Morelia,Sin datos,julio,viernes,10,-101.395644147975,19.7258008556143
36002,36007,2021,LEG38269,2021/07/23,"09:58:00",COLISIÓN POR CORTE DE CIRCULACIÓN,ASFALTO,Bueno,Bueno,2,ITALIKA,AZUL/NEGRO,1,,25,MASCULINO,SIN DATOS,0,0,Morelia,Sentimientos de La Nacion,julio,viernes,10,-101.234725459732,19.6858286006245
36003,36008,2021,MOR210489105,2021/07/23,"09:58:00",COLISIÓN POR CORTE DE CIRCULACIÓN,ASFALTO,Bueno,Bueno,2,ITALIKA,NEGRO/AZUL,2,,25,MASCULINO,SIN DATOS,0,0,Morelia,Libertad,julio,viernes,10,-101.235485247231,19.6875403386505
36004,36009,2021,,2021/07/23,11:58:00,COLISIÓN POR INVASIÓN DE CARRIL,CONCRETO,Bueno,Bueno,2,VOLKSWAGEN,VERDE,2,,47,MASCULINO,SIN DATOS,0,0,Morelia,Vasco de Quiroga,julio,viernes,12,-101.173398060637,19.6987385246643
36005,36010,2021,,2021/07/23,12:23:00,COLISIÓN POR MANIOBRA DE REVERSA,ASFALTO,Bueno,Bueno,2,FORD,BLANCO,2,,22,MASCULINO,SIN DATOS,0,0,Morelia,Elias Perez Avalos,julio,viernes,12,-101.169391237199,19.7132150458682
36006,36011,2021,MOR21,2021/07/23,12:45:00,COLISIÓN POR CAMBIO DE CARRIL,CONCRETO,Bueno,Bueno,2,FORD,BLANCO,2,,67,MASCULINO,SIN DATOS,0,0,Morelia,Loma Real,julio,viernes,13,-101.194681115448,19.7312555267469
36007,36012,2021,,2021/07/23,15:13:00,COLISIÓN POR CAMBIO DE CARRIL,CONCRETO,Bueno,Bueno,2,TOYOTA,BLANCO,2,,27,MASCULINO,SIN DATOS,0,0,Morelia,Villas Valladolid,julio,viernes,15,-101.217440390453,19.6975554450286
36008,36013,2021,,2021/07/23,15:13:00,COLISIÓN POR CAMBIO DE CARRIL,ASFALTO,Bueno,Bueno,2,TOYOTA,BLANCO,2,,27,FEMENINO,SIN DATOS,0,0,Morelia,Ferrocarrilero,julio,viernes,15,-101.212774962187,19.7018558752335
36009,36014,2021,,2021/07/23,17:30:00,COLISIÓN CONTRA OBJETO FIJO,ASFALTO,Bueno,Bueno,1,NISSAN,NEGRO,1,,,,SIN DATOS,0,0,Morelia,Rafael Carrillo,julio,viernes,18,-101.235110692002,19.7095543962646
36010,36015,2021,,2021/07/23,18:17:00,COLISIÓN CONTRA OBJETO FIJO,ASFALTO,Bueno,Bueno,6,CHEVROLET,ARENA,6,MINISTERIO PÚBLICO,,MASCULINO,SIN DATOS,0,0,Morelia,Virreyes,julio,viernes,18,-101.156635961748,19.6953202879204
36011,36016,2021,,2021/07/23,18:56:00,COLISIÓN CON PEATÓN,ASFALTO,Bueno,Bueno,1,FORD,BLANCO,1,,20,MASCULINO,SIN DATOS,0,0,Morelia,Mirador del Punhuato,julio,viernes,19,-101.158989264883,19.7038665463271
36012,36017,2021,,2021/07/23,20:17:00,COLISIÓN CONTRA OBJETO FIJO,ASFALTO,Bueno,Bueno,2,VOLKSWAGEN,BLANCO,2,MINISTERIO PÚBLICO,40,MASCULINO,SIN DATOS,0,0,Morelia,Virreyes,julio,viernes,20,-101.156944415785,19.6953884995678
36013,36018,2021,MOR21059292,2021/07/23,21:40:00,COLISIÓN CONTRA OBJETO FIJO,CONCRETO,Nublado,Regular,2,CHEVROLET,BLANCO,1,,60,MASCULINO,SIN DATOS,0,0,Morelia,Infonavit Adolfo Lopez Mateos,julio,viernes,22,-101.227715182764,19.7006135165937
36014,36019,2021,,2021/07/23,22:25:00,COLISIÓN POR CAMBIO DE CARRIL,ASFALTO,Bueno,Bueno,2,INTERNACIONAL,BLANCO,2,MINISTERIO PÚBLICO,22,MASCULINO,SIN DATOS,0,0,Morelia,Balcones de Santa Maria,julio,viernes,22,-101.18561424315,19.6753847729677
36015,36020,2021,MOR210509572,2021/07/23,23:28:00,COLISIÓN POR CORTE DE CIRCULACIÓN,CONCRETO,Bueno,Regular,2,BAJAJ,BLANCO/AZUL,2,MINISTERIO PÚBLICO,,MASCULINO,SIN DATOS,0,0,Morelia,La Soledad,julio,viernes,23,-101.183413825929,19.7280737937112
36016,36021,2021,MOR210509781,2021/07/24,"01:50:00",COLISIÓN POR ALCANCE,ASFALTO,Bueno,Bueno,3,CHEVROLET,BLANCO,3,,21,MASCULINO,ALIENTO ETÍLICO,0,0,Morelia,Los Manantiales de Morelia,julio,sábado,2,-101.235085,19.696481
36017,36022,2021,MOR210509760,2021/07/24,"02:40:00",VOLCADURA,ASFALTO,Bueno,Bueno,1,MITSUBISHI,GRAFITO,1,,25,MASCULINO,SIN DATOS,0,0,Morelia,Los Angeles,julio,sábado,3,-101.167963479351,19.7444751194994
36018,36023,2021,MOR210509899,2021/07/24,"05:15:00",COLISIÓN POR CORTE DE CIRCULACIÓN,ASFALTO,Bueno,Regular,2,NISSAN,NEGRO,2,,25,MASCULINO,SIN DATOS,0,0,Morelia,Prados Verdes,julio,sábado,5,-101.199782310949,19.7166640281338
36019,36024,2021,MOR210509915,2021/07/24,"05:36:00",VOLCADURA,ASFALTO,Bueno,Regular,1,DODGE,ROJO,1,,22,MASCULINO,SIN DATOS,0,0,Morelia,Loma Bonita,julio,sábado,6,-101.258002450403,19.7023591595779
36020,36025,2021,MOR210509949,2021/07/24,"06:40:00",SUBIDA AL CAMELLÓN,ASFALTO,Bueno,Bueno,0,,,0,,,,,0,0,Morelia,Rafael Carrillo,julio,sábado,7,-101.233400143683,19.7120238669383
36021,36026,2021,LEG38281,2021/07/24,"06:40:00",SUBIDA AL CAMELLÓN,ASFALTO,Bueno,Bueno,1,CHEVROLET,BLANCO,1,,58,MASCULINO,SIN DATOS,0,0,Morelia,Justo Mendoza,julio,sábado,7,-101.230276318269,19.712793964837
36022,36027,2021,,2021/07/24,"09:25:00",COLISIÓN CONTRA OBJETO FIJO,ASFALTO,Bueno,Bueno,1,NISSAN,GRIS,1,,30,MASCULINO,SIN DATOS,0,0,Morelia,Vista Bella,julio,sábado,9,-101.195925675947,19.6790442736003
36023,36028,2021,,2021/07/24,11:20:00,COLISIÓN CONTRA OBJETO FIJO,SIN_DATOS,Bueno,Bueno,1,FORD,BLANCO,0,MINISTERIO PÚBLICO,,,,0,0,Morelia,Arkos San Pedro,julio,sábado,11,-101.288548707962,19.6323222661241
36024,36029,2021,,2021/07/24,12:50:00,COLISIÓN POR ALCANCE,ASFALTO,Bueno,Bueno,2,HONDA,BLANCO,2,,44,MASCULINO,SIN DATOS,0,0,Morelia,Camelinas,julio,sábado,13,-101.17075869981,19.6837967780615
36025,36030,2021,,2021/07/24,14:00:00,COLISIÓN POR CORTE DE CIRCULACIÓN,ASFALTO,Bueno,Bueno,1,ITALIKA,NEGRO,1,,23,MASCULINO,SIN DATOS,0,0,Morelia,Lomas de Hidalgo,julio,sábado,14,-101.160867959682,19.697918934297
36026,36031,2021,LEG38293,2021/07/24,14:40:00,COLISIÓN POR ALCANCE,ASFALTO,Bueno,Bueno,2,VOLKSWAGEN,BLANCO,2,,0,MASCULINO,SIN DATOS,0,0,Morelia,Lomas de Morelia (Dr Ignacio Chavez),julio,sábado,15,-101.175452644618,19.7162004988672
36028,36033,2021,,2021/07/24,15:00:00,COLISIÓN POR CAMBIO DE CARRIL,ASFALTO,Bueno,Bueno,2,INTERNATIONAL,ROJO,2,,54,MASCULINO,SIN DATOS,0,0,Morelia,Barrio Alto,julio,sábado,15,-101.1882827,19.7276714
36029,36034,2021,MOR210510902,2021/07/24,16:19:00,COLISIÓN POR ALCANCE,ASFALTO,Bueno,Bueno,3,NISSAN,BLANCO,3,MINISTERIO PÚBLICO,25,MASCULINO,SIN DATOS,0,0,Tarímbaro,Sin datos,julio,sábado,16,-101.142257004976,19.7729964613109
36030,36035,2021,MOR210508774,2021/07/24,17:00:00,COLISIÓN POR ALCANCE,ASFALTO,Bueno,Bueno,2,VOLKSWAGEN,PLATA,2,,49,MASCULINO,SIN DATOS,0,0,Morelia,Ciudad Industrial,julio,sábado,17,-101.14554366932,19.7284851395985
36031,36036,2021,,2021/07/24,17:15:00,COLISIÓN POR ALCANCE,ASFALTO,Bueno,Bueno,2,TOYOTA,BLANCO/GUINDA,2,,21,MASCULINO,SIN DATOS,0,0,Morelia,Industrial,julio,sábado,17,-101.196189005906,19.710209818625
36032,36037,2021,,2021/07/24,17:20:00,COLISIÓN POR CAMBIO DE CARRIL,ASFALTO,Bueno,Bueno,2,HONDA,CAFE,2,MINISTERIO PÚBLICO,49,FEMENINO,SIN DATOS,0,0,Morelia,Felix Ireta,julio,sábado,17,-101.180727288805,19.6861727207449
36033,36038,2021,MOR210508610,2021/07/24,17:30:00,COLISIÓN CONTRA OBJETO FIJO,ASFALTO,Bueno,Bueno,1,TOYOTA,AZUL,1,MINISTERIO PÚBLICO,40,MASCULINO,SIN DATOS,0,0,Morelia,Rafael Carrillo,julio,sábado,18,-101.235109686173,19.7095556587996
36034,36039,2021,MOR210511362,2021/07/24,18:10:00,COLISIÓN POR CAMBIO DE CARRIL,ASFALTO,Bueno,Bueno,2,VOLKSWAGEN,ROJO,2,,26,MASCULINO,SIN DATOS,0,0,Morelia,Centro,julio,sábado,18,-101.19118388321,19.702768457823
36035,36040,2021,,2021/07/24,19:10:00,COLISIÓN POR CAMBIO DE CARRIL,ASFALTO,Bueno,Bueno,2,FORD,BLANCO,2,,32,MASCULINO,SIN DATOS,0,0,Morelia,Lomas del Tecnologico,julio,sábado,19,-101.192971737429,19.7218067072296
36036,36041,2021,,2021/07/24,19:20:00,COLISIÓN POR CAMBIO DE CARRIL,ASFALTO,Bueno,Bueno,2,DINA,BLANCO,2,,23,MASCULINO,SIN DATOS,0,0,Morelia,Jardines del Rincon,julio,sábado,19,-101.149283382681,19.68870732649