fid,id_accidente,anio_origen,folio_c5i,dia_incidente,hora_ocurrencia,tipo_incidente_vial,superficie_ocurrencia,condiciones_climaticas,condiciones_via,numero_vehiculos_involucrados,marca_vehiculo_ocasiona_siniestro,color_vehiculo_ocasiona_siniestro,numero_personas_involucradas,lugar_remite_presunto_responsable,edad_presunto_responsable,sexo_presunto_responsable,resultados_toxicologia,numero_personas_lesionadas,numero_personas_fallecidas,municipio,colonia,mes,dia_semana,hora_redondeada,lon,lat
36037,36042,2021,LEG38299,2021/07/24,19:28:00,COLISIÓN CON PEATÓN,ASFALTO,Bueno,Regular,1,ITALIKA,NEGRO/VERDE,2,,24,MASCULINO,SIN DATOS,1,0,Morelia,Granjas del Maestro,julio,sábado,19,-101.1912905,19.7148465
36038,36043,2021,,2021/07/24,19:35:00,COLISIÓN POR CORTE DE CIRCULACIÓN,ASFALTO,Bueno,Bueno,1,FORD,BLANCO,2,MINISTERIO PÚBLICO,0,,SIN DATOS,1,0,Pátzcuaro,Centro,julio,sábado,20,-101.606658727609,19.5236840025597
36039,36044,2021,,2021/07/24,21:00:00,COLISIÓN CONTRA OBJETO FIJO,CONCRETO,Bueno,Bueno,1,CHEVROLET,ROJO,0,MINISTERIO PÚBLICO,,,,0,0,Tarímbaro,Sin datos,julio,sábado,21,-101.131442338228,19.7762638323002
36040,36045,2021,LEG38272,2021/07/24,22:20:00,COLISIÓN POR ALCANCE,ASFALTO,Lluvioso,Regular,2,FORD,PLATA,2,,20,MASCULINO,SIN DATOS,0,0,Morelia,Unidos Santa Cruz,julio,sábado,22,-101.216319094511,19.7217283131636
36041,36046,2021,MOR/ 210509514,2021/07/24,22:50:00,COLISIÓN POR CORTE DE CIRCULACIÓN,CONCRETO,Nublado,Bueno,2,CHEVROLET,GRIS,2,,31,MASCULINO,SIN DATOS,0,0,Morelia,Centro,julio,sábado,23,-101.19118388321,19.702768457823
36042,36047,2021,,2021/07/24,22:50:00,SUBIDA AL CAMELLÓN,ASFALTO,Bueno,Bueno,1,MITSUBISHI,ROJO,1,,37,MASCULINO,SIN DATOS,0,0,Morelia,Los Laureles,julio,sábado,23,-101.232922377234,19.7146136650311
36043,36048,2021,MOR210509643,2021/07/24,23:50:00,COLISIÓN POR ALCANCE,CONCRETO,Bueno,Bueno,2,CHEVROLET,BLANCO,2,,29,MASCULINO,SIN DATOS,0,0,Morelia,Felix Ireta,julio,sábado,0,-101.188582604864,19.6860148664875
36044,36049,2021,LEG38302,2021/07/24,23:51:00,COLISIÓN CONTRA OBJETO FIJO,ASFALTO,Bueno,Bueno,1,RENAULT,BLANCO,1,,23,MASCULINO,SIN DATOS,0,0,Morelia,Centro,julio,sábado,0,-101.178,19.7029
36045,36050,2021,,2021/07/25,"01:00:00",COLISIÓN POR CORTE DE CIRCULACIÓN,ASFALTO,Bueno,Bueno,2,VENTO,GRIS,2,,28,MASCULINO,SIN DATOS,0,0,Morelia,La Colina,julio,domingo,1,-101.215724765043,19.709174233954
36046,36051,2021,,2021/07/25,"01:30:00",CAIDA DE MOTOCICLETA,ASFALTO,Bueno,Bueno,1,VENTO,GRIS/VERDE,1,,17,MASCULINO,SIN DATOS,0,0,Morelia,Tres Puentes,julio,domingo,2,-101.21362388134,19.7025450501536
36047,36052,2021,,2021/07/25,"05:00:00",COLISIÓN CONTRA OBJETO FIJO,CONCRETO,Bueno,Bueno,3,CHEVROLET,GRIS,0,MINISTERIO PÚBLICO,,,,0,0,Morelia,Adolfo Lopez Mateos,julio,domingo,5,-101.225549348377,19.6948725353449
36048,36053,2021,LEG38304,2021/07/25,"06:21:00",COLISIÓN POR CORTE DE CIRCULACIÓN,ASFALTO,Bueno,Regular,2,VOLKSWAGEN,AZUL MARINO,2,MINISTERIO PÚBLICO,,,,2,0,Morelia,Mariano Escobedo,julio,domingo,6,-101.208218894899,19.7222938423784
36050,36055,2021,,2021/07/25,12:13:00,COLISIÓN POR CORTE DE CIRCULACIÓN,CONCRETO,Bueno,Bueno,2,ITALIKA,VERDE,2,,21,,SIN DATOS,0,0,Morelia,Centro,julio,domingo,12,-101.20166759938,19.7028312274754
36051,36056,2021,,2021/07/25,12:20:00,COLISIÓN POR CAMBIO DE CARRIL,ASFALTO,Bueno,Bueno,2,CHEVROLET,PLATA,2,,30,MASCULINO,SIN DATOS,0,0,Morelia,Ana Maria Gallaga (Riviera Norte),julio,domingo,12,-101.222820840776,19.6766461661988
36052,36057,2021,,2021/07/25,17:00:00,COLISIÓN CON PEATÓN,SIN_DATOS,Bueno,Bueno,1,ITALIKA,GRIS,1,,20,MASCULINO,SIN DATOS,0,0,Morelia,Centro,julio,domingo,17,-101.200143205384,19.7046253477327
36053,36058,2021,MOR210513700,2021/07/25,20:00:00,COLISIÓN POR CAMBIO DE CARRIL,ASFALTO,Bueno,Bueno,2,VOSLKWAGEN,ROJO,2,,36,MASCULINO,ALIENTO ETÍLICO,0,0,Morelia,Tres Puentes,julio,domingo,20,-101.213737204671,19.702669300476
36054,36059,2021,MOR2100513733,2021/07/25,20:21:00,COLISIÓN CONTRA OBJETO FIJO,ASFALTO,Bueno,Bueno,1,FORD,BLANCO,1,,65,MASCULINO,SIN DATOS,0,0,Charo,San Pedro Y San Pablo,julio,domingo,20,-101.04679081589,19.7522807303262
36055,36060,2021,,2021/07/25,22:10:00,COLISIÓN POR CAMBIO DE CARRIL,ASFALTO,Bueno,Bueno,2,CHYSLER,AZUL,2,MINISTERIO PÚBLICO,33,MASCULINO,SIN DATOS,0,0,Tarímbaro,Sin datos,julio,domingo,22,-101.172152876176,19.750073791675
36056,36061,2021,,2021/07/26,"00:00:00",COLISIÓN POR ALCANCE,ASFALTO,Bueno,Bueno,1,VOLKSWAGEN,ROJO,1,,0,MASCULINO,SIN DATOS,0,0,Morelia,Lomas de Huerta,julio,lunes,0,-101.214374595069,19.674369675835
36058,36063,2021,,2021/07/26,"02:40:00",VOLCADURA,ASFALTO,Bueno,Bueno,1,NISSAN,GRIS,0,,,,,0,0,Peribán,Sin datos,julio,lunes,3,-102.406972169208,19.543469722473
36059,36064,2021,,2021/07/26,"09:00:00",COLISIÓN POR ALCANCE,ASFALTO,Bueno,Bueno,3,CHEVROLET,GRIS,3,,32,MASCULINO,SIN DATOS,0,0,Morelia,Sin datos,julio,lunes,9,-101.355049386621,19.6783616634079
36060,36065,2021,,2021/07/26,"09:20:00",COLISIÓN POR INVASIÓN DE CARRIL,ASFALTO,Bueno,Bueno,2,FORD,AZUL,2,,0,MASCULINO,SIN DATOS,0,0,Morelia,Barrio Alto,julio,lunes,9,-101.190695064204,19.7264690646931
36061,36066,2021,,2021/07/26,12:30:00,COLISIÓN POR CAMBIO DE CARRIL,ASFALTO,Bueno,Bueno,2,FORD,BLANCO,2,,55,FEMENINO,SIN DATOS,0,0,Morelia,Niño Artillero,julio,lunes,13,-101.250201500952,19.6986100242958
36062,36067,2021,,2021/07/26,13:00:00,COLISIÓN POR CORTE DE CIRCULACIÓN,ASFALTO,Bueno,Bueno,2,NISSAN,BLANCO,2,,55,MASCULINO,SIN DATOS,0,0,Morelia,Sentimientos de La Nacion,julio,lunes,13,-101.234298317946,19.6788879839401
36063,36068,2021,,2021/07/26,13:35:00,COLISIÓN POR MANIOBRA DE REVERSA,ASFALTO,Bueno,Bueno,2,RENAULT,CAFE,2,,54,FEMENINO,SIN DATOS,0,0,Morelia,Centro,julio,lunes,14,-101.196922802113,19.701082217819
36064,36069,2021,MOR210512878,2021/07/26,13:45:00,COLISIÓN POR CORTE DE CIRCULACIÓN,ASFALTO,Bueno,Bueno,2,CHEVROLET,AZUL,2,,26,FEMENINO,SIN DATOS,0,0,Morelia,Los Sauces,julio,lunes,14,-101.185965385133,19.6584656393821
36065,36070,2021,,2021/07/26,14:40:00,COLISIÓN POR CAMBIO DE CARRIL,ASFALTO,Bueno,Bueno,2,VOLKSWAGEN,ROJO,2,MINISTERIO PÚBLICO,59,MASCULINO,SIN DATOS,0,0,Morelia,Chapultepec Oriente,julio,lunes,15,-101.159310489893,19.6880014150657
36066,36071,2021,,2021/07/26,16:30:00,COLISIÓN POR INVASIÓN DE CARRIL,ASFALTO,Bueno,Bueno,2,NISSAN,BLANCO,1,MINISTERIO PÚBLICO,35,MASCULINO,SIN DATOS,0,0,Tarímbaro,Sin datos,julio,lunes,17,-101.157289110124,19.7785871712245
36067,36072,2021,,2021/07/26,16:55:00,COLISIÓN POR ALCANCE,ASFALTO,Bueno,Bueno,3,CHEVROLET AVEO,AZUL,3,,31,MASCULINO,SIN DATOS,0,0,Morelia,El Lago 2,julio,lunes,17,-101.214461370624,19.7266509892132
36068,36073,2021,LEG38315,2021/07/26,17:30:00,COLISIÓN POR NO RESPETAR SEMÁFORO,ASFALTO,Bueno,Bueno,2,ITALIKA,GRIS,2,,20,MASCULINO,SIN DATOS,0,0,Morelia,Centro,julio,lunes,18,-101.200147792697,19.7046243507137
36069,36074,2021,,2021/07/26,19:40:00,COLISIÓN POR ALCANCE,CONCRETO,Bueno,Regular,2,GENERAL,BLANCO,2,,29,MASCULINO,SIN DATOS,0,0,Tarímbaro,Villa Sofia,julio,lunes,20,-101.192388162017,19.7626720627225
36070,36075,2021,MOR210514296,2021/07/26,23:50:00,COLISIÓN POR ALCANCE,ASFALTO,Bueno,Bueno,2,NISSAN,ROJO,2,,41,MASCULINO,SIN DATOS,0,0,Morelia,Bosque Monarca,julio,lunes,0,-101.167952805995,19.647974
36071,36076,2021,MOR210517899,2021/07/27,"00:00:00",COLISIÓN POR ALCANCE,ASFALTO,Bueno,Bueno,2,CHEVROLET,NEGRO,2,,37,FEMENINO,SIN DATOS,0,0,Morelia,Felix Ireta,julio,martes,0,-101.191782622851,19.6824176647424
36072,36077,2021,,2021/07/27,"00:10:00",COLISIÓN POR CAMBIO DE CARRIL,ASFALTO,Nublado,Bueno,2,NISSAN,BLANCO Y ROJO,2,MINISTERIO PÚBLICO,35,MASCULINO,SIN DATOS,0,0,Nocupétaro,Sin datos,julio,martes,0,-101.293812722312,19.108723445277
36073,36078,2021,LEG38339,2021/07/27,"00:14:00",COLISIÓN CONTRA OBJETO FIJO,ASFALTO,Bueno,Regular,2,TOYOTA,BLANCO,1,,25,MASCULINO,SIN DATOS,0,0,Morelia,Ventura Puente,julio,martes,0,-101.189477568998,19.6923408429983
36074,36079,2021,MOR210527273,2021/07/27,10:10:00,COLISIÓN POR CORTE DE CIRCULACIÓN,ASFALTO,Bueno,Bueno,2,GENERAL MOTORS,BLANCO,2,,32,MASCULINO,SIN DATOS,0,0,Morelia,Centro,julio,martes,10,-101.194026625978,19.706921329172
36075,36080,2021,,2021/07/27,16:00:00,COLISIÓN POR CAMBIO DE CARRIL,ASFALTO,Bueno,Regular,2,RAM,BLANCO,0,MINISTERIO PÚBLICO,,,,0,0,Hidalgo,Sin datos,julio,martes,16,-100.59149558911,19.6996536061425
36076,36081,2021,MOR2100518227,2021/07/27,16:40:00,COLISIÓN POR INVASIÓN DE CARRIL,ASFALTO,Nublado,Regular,2,NISSAN,PLATA,2,,25,MASCULINO,SIN DATOS,0,0,Morelia,Irrigacion,julio,martes,17,-101.225130558014,19.7046796457037
36077,36082,2021,MOR210518219,2021/07/27,17:00:00,COLISIÓN POR CORTE DE CIRCULACIÓN,ASFALTO,Bueno,Bueno,2,NISSAN,ROJO,1,,26,MASCULINO,SIN DATOS,0,0,Morelia,Leandro Valle,julio,martes,17,-101.230755455114,19.7232513386106
36078,36083,2021,MOR210518755,2021/07/27,20:10:00,COLISIÓN POR CORTE DE CIRCULACIÓN,ASFALTO,Bueno,Bueno,2,CROW GHOST,NEGRO,2,MINISTERIO PÚBLICO,30,FEMENINO,SIN DATOS,0,0,Morelia,Los Laureles,julio,martes,20,-101.232161359345,19.7136537661317
36079,36084,2021,LEG38345,2021/07/28,"00:15:00",COLISIÓN CONTRA OBJETO FIJO,ASFALTO,Bueno,Bueno,2,CHEVROLET,BLANCO,1,MINISTERIO PÚBLICO,31,MASCULINO,ALIENTO ETÍLICO,0,0,Tarímbaro,Hacienda del Sol,julio,miércoles,0,-101.203596778214,19.7634463397933
36080,36085,2021,,2021/07/28,10:00:00,COLISIÓN CONTRA OBJETO FIJO,ASFALTO,Bueno,Bueno,1,NISSAN,BLANCO,1,,0,,SIN DATOS,0,0,Morelia,23 de Marzo,julio,miércoles,10,-101.249083690345,19.7033432635027
36081,36086,2021,,2021/07/28,10:20:00,COLISIÓN POR CORTE DE CIRCULACIÓN,ASFALTO,Bueno,Regular,1,KENWORTH,AMARILLO,1,,39,MASCULINO,SIN DATOS,0,0,Morelia,Poblado de Ocolusen,julio,miércoles,10,-101.149480864406,19.6946822480121
36082,36087,2021,,2021/07/28,10:30:00,COLISIÓN CON PEATÓN,CONCRETO,Bueno,Bueno,2,MERCEDEZ BENZ,BLANCO,2,,26,MASCULINO,SIN DATOS,0,0,Morelia,Sin datos,julio,miércoles,11,-101.114943400025,19.7368071045054
36083,36088,2021,,2021/07/28,13:00:00,COLISIÓN POR ALCANCE,ASFALTO,Bueno,Bueno,2,HONDA,GRIS,2,,25,MASCULINO,SIN DATOS,0,0,Morelia,Isaac Arriaga,julio,miércoles,13,-101.172353036023,19.7073149591541
36084,36089,2021,,2021/07/28,15:35:00,COLISIÓN CONTRA OBJETO FIJO,CONCRETO,Bueno,Bueno,1,FORD,VERDE,1,,35,MASCULINO,SIN DATOS,0,0,Morelia,Tenencia Morelos,julio,miércoles,16,-101.236616051331,19.6498938125941
36085,36090,2021,,2021/07/28,16:00:00,COLISIÓN POR CAMBIO DE CARRIL,CONCRETO,Bueno,Bueno,3,KENWORTH 8 T,BLANCO,3,,60,MASCULINO,SIN DATOS,0,0,Morelia,La Soledad,julio,miércoles,16,-101.184651055798,19.7250016838314
36086,36091,2021,,2021/07/28,17:40:00,COLISIÓN POR ALCANCE,ASFALTO,Bueno,Bueno,2,NISSAN,GRIS,2,,32,MASCULINO,SIN DATOS,0,0,Morelia,Los Manantiales de Morelia,julio,miércoles,18,-101.237736300312,19.7014790186554
36087,36092,2021,,2021/07/28,22:40:00,COLISIÓN POR CORTE DE CIRCULACIÓN,SIN_DATOS,Bueno,Bueno,2,SUZUKI,NEGRO,2,,22,MASCULINO,SIN DATOS,0,0,Morelia,Centro,julio,miércoles,23,-101.190551519394,19.7009533462987
36088,36093,2021,210 5237715,2021/07/29,"00:00:00",COLISIÓN POR CORTE DE CIRCULACIÓN,CONCRETO,Bueno,Bueno,0,,,0,,,,,0,0,Morelia,Hospitales de Don Vasco,julio,jueves,0,-101.15656220099,19.7019130363771
36089,36094,2021,,2021/07/29,"07:00:00",COLISIÓN POR ALCANCE,ASFALTO,Bueno,Bueno,2,TOYOTA,AZUL,2,,23,MASCULINO,SIN DATOS,0,0,Morelia,El Realito,julio,jueves,7,-101.203137012728,19.7271577016115
36090,36095,2021,MOR210522039,2021/07/29,"08:35:00",COLISIÓN POR CAMBIO DE CARRIL,ASFALTO,Bueno,Bueno,2,FREIGHTLINER,BLANCO,2,,59,MASCULINO,SIN DATOS,0,0,Morelia,Sentimientos de La Nacion,julio,jueves,9,-101.233194944297,19.682432823539
36091,36096,2021,MOR210522124,2021/07/29,"09:50:00",CAIDA DE MOTOCICLETA,ASFALTO,Bueno,Malo,1,ITALIKA,ROJO,2,,20,MASCULINO,SIN DATOS,1,0,Morelia,Jardines de Sindurio,julio,jueves,10,-101.25724950047,19.6993034103532
36092,36097,2021,,2021/07/29,10:00:00,COLISIÓN POR ALCANCE,ASFALTO,Bueno,Bueno,2,FORD,BLANCO,2,,64,MASCULINO,SIN DATOS,0,0,Morelia,Rinconada del Valle,julio,jueves,10,-101.222201261191,19.6773787628329
36093,36098,2021,,2021/07/29,10:50:00,COLISIÓN POR CAMBIO DE CARRIL,ASFALTO,Bueno,Bueno,2,KEENWORTH,NEGRO,2,MINISTERIO PÚBLICO,26,MASCULINO,SIN DATOS,0,0,Tacámbaro,Centro,julio,jueves,11,-101.456587,19.234897
36094,36099,2021,,2021/07/29,11:15:00,COLISIÓN CONTRA OBJETO FIJO,ASFALTO,Bueno,Bueno,1,RENAULT,BLANCO,1,,29,MASCULINO,SIN DATOS,0,0,Morelia,Bosques de La Huerta,julio,jueves,11,-101.219725269377,19.669264086876
36095,36100,2021,,2021/07/29,14:40:00,COLISIÓN CONTRA OBJETO FIJO,ASFALTO,Bueno,Bueno,1,CHEVROLET,AZUL,1,,39,MASCULINO,SIN DATOS,0,0,Morelia,Bosque Monarca,julio,jueves,15,-101.167952805995,19.647974
36096,36101,2021,"2105230565",2021/07/29,15:00:00,COLISIÓN POR CAMBIO DE CARRIL,ASFALTO,Bueno,Bueno,2,DINA,VERDE,2,,56,MASCULINO,SIN DATOS,0,0,Morelia,Primo Tapia Oriente,julio,jueves,15,-101.160671657864,19.7148130515494
36097,36102,2021,MOR210523125,2021/07/29,15:40:00,COLISIÓN POR NO RESPETAR SEMÁFORO,ASFALTO,Bueno,Bueno,2,SUZUKI,NEGRO,1,MINISTERIO PÚBLICO,,FEMENINO,SIN DATOS,0,0,Morelia,Del Empleado,julio,jueves,16,-101.180173107838,19.6882139224348
36098,36103,2021,MIR210523123,2021/07/29,15:54:00,COLISIÓN CONTRA OBJETO FIJO,CONCRETO,Bueno,Bueno,2,GENERAL MOTORS,BLANCO,1,MINISTERIO PÚBLICO,71,MASCULINO,SIN DATOS,0,0,Morelia,Industrial,julio,jueves,16,-101.199016571045,19.7125809509287
36099,36104,2021,MOR210523715,2021/07/29,18:45:00,COLISIÓN POR CORTE DE CIRCULACIÓN,CONCRETO,Bueno,Bueno,1,FORD,ROJO,0,,,,,0,0,Morelia,San Rafael,julio,jueves,19,-101.152968146101,19.7007687948401
36100,36105,2021,,2021/07/29,20:30:00,COLISIÓN POR ALCANCE,ASFALTO,Bueno,Bueno,2,SEAT,NEGRO,2,,24,MASCULINO,ALIENTO ETÍLICO,0,0,Morelia,Poblado de Ocolusen,julio,jueves,21,-101.153176233214,19.6939479390376
36101,36106,2021,MOR210524096,2021/07/29,22:00:00,SALIDA DE SUPERFICIE DE RODAMIENTO,CONCRETO,Bueno,Bueno,1,CHEVROLET,ARENA,1,,28,MASCULINO,SIN DATOS,0,0,Morelia,Puerta Nogal,julio,jueves,22,-101.2408935,19.671449
36102,36107,2021,MOR 210524194,2021/07/29,23:05:00,COLISIÓN POR INVASIÓN DE CARRIL,ASFALTO,Bueno,Regular,2,FIAT,ARENA,2,,53,MASCULINO,CON CERTIFICADO,0,0,Morelia,Balcones de Santa Maria,julio,jueves,23,-101.184758618474,19.6757426054369
36103,36108,2021,,2021/07/30,"09:50:00",COLISIÓN POR CORTE DE CIRCULACIÓN,CONCRETO,Bueno,Bueno,2,CHEVROLET,ROJO,2,,31,MASCULINO,SIN DATOS,0,0,Morelia,Vista Bella,julio,viernes,10,-101.196788079768,19.6777111040827
36104,36109,2021,,2021/07/30,11:50:00,COLISIÓN POR ALCANCE,CONCRETO,Bueno,Bueno,2,CHEVROLET,BLANCO,2,,27,MASCULINO,SIN DATOS,0,0,Morelia,Balcones de Morelia,julio,viernes,12,-101.20091024109,19.6722364556288
36105,36110,2021,,2021/07/30,12:45:00,COLISIÓN POR CORTE DE CIRCULACIÓN,CONCRETO,Bueno,Bueno,2,MERCEDES BENZ,BLANC/VERDE/AZUL,2,,39,MASCULINO,SIN DATOS,0,0,Morelia,Centro,julio,viernes,13,-101.187852546573,19.6958512302439
36106,36111,2021,,2021/07/30,14:40:00,COLISIÓN POR MANIOBRA DE REVERSA,ASFALTO,Bueno,Bueno,2,KEENWORTH,MORADO,2,,48,MASCULINO,SIN DATOS,0,0,Morelia,Las Americas,julio,viernes,15,-101.15902142091,19.6879669776415
36107,36112,2021,,2021/07/30,15:00:00,COLISIÓN POR CORTE DE CIRCULACIÓN,ASFALTO,Bueno,Bueno,2,S/D,S/D,1,,50,MASCULINO,SIN DATOS,0,0,Morelia,Rinconada del Valle,julio,viernes,15,-101.222201261191,19.6773787628329
36108,36113,2021,,2021/07/30,15:20:00,COLISIÓN POR CORTE DE CIRCULACIÓN,ASFALTO,Bueno,Bueno,2,NISSAN,PLATA,2,,0,MASCULINO,SIN DATOS,0,0,Morelia,Vasco de Quiroga,julio,viernes,15,-101.171720735729,19.7049627775523
36109,36114,2021,,2021/07/30,19:30:00,COLISIÓN POR CAMBIO DE CARRIL,ASFALTO,Bueno,Bueno,2,KEENWORTH,BLANCO,2,,43,MASCULINO,SIN DATOS,0,0,Morelia,Sin datos,julio,viernes,20,-101.261624358594,19.6397291688382
36110,36115,2021,,2021/07/30,20:55:00,COLISIÓN CONTRA OBJETO FIJO,CONCRETO,Lluvioso,Bueno,3,VOLKSWAGEN,PLATA,4,MINISTERIO PÚBLICO,31,MASCULINO,SIN DATOS,0,0,Morelia,Centro,julio,viernes,21,-101.191537718886,19.7085412374235
36111,36116,2021,MOR210524247,2021/07/30,23:05:00,COLISIÓN CONTRA OBJETO FIJO,CONCRETO,Bueno,Bueno,2,POINTIAC,AZUL,2,,53,FEMENINO,SIN DATOS,0,0,Morelia,Club Campestre,julio,viernes,23,-101.158017665148,19.6822535072803
36112,36117,2021,,2021/07/31,"02:40:00",COLISIÓN CONTRA OBJETO FIJO,CONCRETO,Bueno,Bueno,2,VOLKSWAGEN,BLANCO,1,,21,MASCULINO,SIN DATOS,0,0,Morelia,La Aldea,julio,sábado,3,-101.135196425021,19.7439232446223
36113,36118,2021,,2021/07/31,"07:00:00",COLISIÓN POR ALCANCE,ASFALTO,Bueno,Bueno,3,VOLKSWAGEN,GRIS,2,MINISTERIO PÚBLICO,47,FEMENINO,SIN DATOS,0,0,Morelia,Primo Tapia,julio,sábado,7,-101.212715520993,19.7126109857935
36114,36119,2021,,2021/07/31,"08:15:00",COLISIÓN POR CORTE DE CIRCULACIÓN,ASFALTO,Bueno,Bueno,2,VOLKSWAGEN,ROJO,2,,66,MASCULINO,SIN DATOS,0,0,Morelia,Isaac Arriaga,julio,sábado,8,-101.175241135061,19.7060204931026
36115,36120,2021,MOR210527177,2021/07/31,"09:45:00",COLISIÓN POR ALCANCE,ASFALTO,Bueno,Bueno,2,HONDA,ROJO,2,,31,MASCULINO,ALIENTO ETÍLICO,0,0,Morelia,Sentimientos de La Nacion,julio,sábado,10,-101.236870282077,19.684807083831
36116,36121,2021,MOR210527207,2021/07/31,"09:50:00",COLISIÓN POR ALCANCE,CONCRETO,Bueno,Bueno,2,FORD,VERDE,2,,73,MASCULINO,SIN DATOS,0,0,Morelia,Torreon Nuevo,julio,sábado,10,-101.207644850679,19.7494147681465
36118,36123,2021,,2021/07/31,11:00:00,COLISIÓN POR CORTE DE CIRCULACIÓN,ASFALTO,Lluvioso,Malo,2,VOLKSWAGEN,GRIS,2,,31,MASCULINO,SIN DATOS,0,0,Morelia,Jardines de Torremolinos,julio,sábado,11,-101.225699826397,19.6786076185259
36119,36124,2021,,2021/07/31,11:00:00,COLISIÓN POR MANIOBRA DE REVERSA,ASFALTO,Bueno,Bueno,2,NISSAN,NEGRO,2,,0,FEMENINO,SIN DATOS,0,0,Morelia,Infonavit Colonial Universidad,julio,sábado,11,-101.204135902226,19.6863820163579
36120,36125,2021,,2021/07/31,12:40:00,COLISIÓN POR ALCANCE,ASFALTO,Bueno,Bueno,2,VOLKSWAGEN,AZUL,2,,41,MASCULINO,ALIENTO ETÍLICO,0,0,Morelia,Independencia,julio,sábado,13,-101.17698889904,19.7052162385161
36121,36126,2021,,2021/07/31,14:00:00,COLISIÓN POR ALCANCE,ASFALTO,Bueno,Bueno,2,NISSAN,BLANCA,2,,54,MASCULINO,SIN DATOS,0,0,Morelia,Bosques de Oriente,julio,sábado,14,-101.155595170585,19.7155956819553
36122,36127,2021,,2021/07/31,14:20:00,COLISIÓN POR ALCANCE,ASFALTO,Bueno,Bueno,2,CHEVROLET,NEGRO,2,,64,MASCULINO,ALIENTO ETÍLICO,0,0,Morelia,Buenavista,julio,sábado,14,-101.167270280421,19.7049858194756
36123,36128,2021,,2021/07/31,15:20:00,CAIDA DE MOTOCICLETA,ASFALTO,Bueno,Bueno,1,HONDA,BLANCO,1,,33,MASCULINO,SIN DATOS,0,0,Morelia,Lazaro Cardenas,julio,sábado,15,-101.162058507071,19.7101112773308
36124,36129,2021,MOR210527829,2021/07/31,15:45:00,COLISIÓN POR ALCANCE,ASFALTO,Bueno,Bueno,3,FORD,BLANCO,3,,40,MASCULINO,SIN DATOS,0,0,Morelia,Rinconada del Valle,julio,sábado,16,-101.222,19.6779
36125,36130,2021,MOR210527922,2021/07/31,16:34:00,COLISIÓN POR ALCANCE,CONCRETO,Bueno,Bueno,2,CHRYSLER,ROJO,2,,60,MASCULINO,SIN DATOS,0,0,Morelia,Sentimientos de La Nacion,julio,sábado,17,-101.233194944297,19.682432823539
36126,36131,2021,MOR210527857,2021/07/31,16:50:00,COLISIÓN POR ALCANCE,CONCRETO,Bueno,Bueno,2,FORD,GUINDA,2,,30,MASCULINO,ALIENTO ETÍLICO,0,0,Morelia,Fuentes de Morelia,julio,sábado,17,-101.203908950441,19.6711852824231
36127,36132,2021,MOR210528140,2021/07/31,19:20:00,COLISIÓN POR CORTE DE CIRCULACIÓN,CONCRETO,Bueno,Bueno,2,BAJAJ,NEGRO,2,,24,MASCULINO,SIN DATOS,0,0,Morelia,Hacienda San Jose,julio,sábado,19,-101.217218638664,19.6943514803995
36128,36133,2021,,2021/07/31,21:50:00,COLISIÓN POR ALCANCE,ASFALTO,Bueno,Bueno,3,NISSAN,GRIS,3,,41,MASCULINO,SIN DATOS,0,0,Morelia,Centro,julio,sábado,22,-101.19118388321,19.702768457823
36129,36134,2021,MOR210528526,2021/07/31,21:50:00,COLISIÓN POR NO RESPETAR SEMÁFORO,ASFALTO,Bueno,Bueno,2,DODGE,GUINDA,2,,31,MASCULINO,SIN DATOS,0,0,Morelia,La Colina,julio,sábado,22,-101.215724765043,19.709174233954
36130,36135,2021,,2021/07/31,22:00:00,COLISIÓN CON PEATÓN,ASFALTO,Bueno,Bueno,0,,,0,MINISTERIO PÚBLICO,,,,0,0,Lázaro Cárdenas,Centro,julio,sábado,22,-102.194041155407,17.9584184330606
36131,36136,2021,MOR210528541,2021/07/31,22:20:00,COLISIÓN POR INVASIÓN DE CARRIL,CONCRETO,Bueno,Bueno,3,VOLKSWAGEN,BLANCO,2,,54,MASCULINO,SIN DATOS,0,0,Morelia,Primo Tapia,julio,sábado,22,-101.212715520993,19.7126109857935
36132,36137,2021,,2021/08/01,"00:00:00",COLISIÓN POR CORTE DE CIRCULACIÓN,CONCRETO,Bueno,Bueno,2,DODGE,ARENA,2,,45,MASCULINO,SIN DATOS,0,0,Morelia,Peña Blanca,agosto,domingo,0,-101.19520956,19.6683826849992
36133,36138,2021,,2021/08/01,"04:05:00",COLISIÓN POR CORTE DE CIRCULACIÓN,ASFALTO,Bueno,Bueno,1,PEUGEOT,GRIS,1,,21,MASCULINO,SIN DATOS,0,0,Morelia,Insurgentes,agosto,domingo,4,-101.155416805,19.6953315299991
36134,36139,2021,MOR210529162,2021/08/01,"05:20:00",COLISIÓN CONTRA OBJETO FIJO,ASFALTO,Bueno,Bueno,1,NISSAN,NEGRO,1,,37,MASCULINO,SIN DATOS,0,0,Morelia,Arboledas(5 de Mayo),agosto,domingo,5,-101.2454065,19.679451
36135,36140,2021,LEG38408,2021/08/01,"05:30:00",COLISIÓN CONTRA OBJETO FIJO,ASFALTO,Bueno,Bueno,1,MERCEDES BENZ,GRIS,1,,0,FEMENINO,SIN DATOS,0,0,Morelia,Enrique Ramirez,agosto,domingo,6,-101.165651847052,19.7086881668769
36136,36141,2021,,2021/08/01,"09:45:00",COLISIÓN POR CORTE DE CIRCULACIÓN,CONCRETO,Bueno,Bueno,2,SEAT,NEGRO,2,,52,MASCULINO,SIN DATOS,0,0,Morelia,Centro,agosto,domingo,10,-101.19118388321,19.702768457823