fid,id_accidente,anio_origen,folio_c5i,dia_incidente,hora_ocurrencia,tipo_incidente_vial,superficie_ocurrencia,condiciones_climaticas,condiciones_via,numero_vehiculos_involucrados,marca_vehiculo_ocasiona_siniestro,color_vehiculo_ocasiona_siniestro,numero_personas_involucradas,lugar_remite_presunto_responsable,edad_presunto_responsable,sexo_presunto_responsable,resultados_toxicologia,numero_personas_lesionadas,numero_personas_fallecidas,municipio,colonia,mes,dia_semana,hora_redondeada,lon,lat
36137,36142,2021,,2021/08/01,"09:50:00",COLISIÓN POR CORTE DE CIRCULACIÓN,CONCRETO,Bueno,Bueno,2,BAIC,VERDE,2,,39,MASCULINO,SIN DATOS,0,0,Morelia,Ventura Puente,agosto,domingo,10,-101.187182954235,19.6926426896116
36138,36143,2021,LEG38399,2021/08/01,10:00:00,CAIDA DE MOTOCICLETA,ASFALTO,Bueno,Bueno,1,ITALIKA,ROJO/NEGRO,1,,24,MASCULINO,SIN DATOS,0,0,Morelia,Precursores de La Revolucion,agosto,domingo,10,-101.176592515608,19.7260547492918
36139,36144,2021,,2021/08/01,10:05:00,COLISIÓN POR CORTE DE CIRCULACIÓN,ASFALTO,Bueno,Bueno,1,CHEVROLET,NEGRO,1,,43,MASCULINO,CON CERTIFICADO,0,0,Morelia,La Huerta,agosto,domingo,10,-101.216158176792,19.6721810649028
36140,36145,2021,,2021/08/01,12:00:00,COLISIÓN POR CORTE DE CIRCULACIÓN,ASFALTO,Bueno,Bueno,2,HONDA,GRIS,2,,30,FEMENINO,SIN DATOS,0,0,Morelia,Ciudad Industrial,agosto,domingo,12,-101.14554366932,19.7284851395985
36141,36146,2021,MOR210527525,2021/08/01,13:00:00,COLISIÓN POR ALCANCE,ASFALTO,Bueno,Bueno,2,NISSAN,ROJO/BLANCO,2,,25,MASCULINO,SIN DATOS,0,0,Morelia,Bosques de Oriente,agosto,domingo,13,-101.154034291482,19.7186977234725
36142,36147,2021,,2021/08/01,14:00:00,COLISIÓN POR MANIOBRA DE REVERSA,ASFALTO,Bueno,Bueno,2,TOYOTA,ARENA,2,,0,MASCULINO,SIN DATOS,0,0,Morelia,Industrial,agosto,domingo,14,-101.196189005906,19.710209818625
36143,36148,2021,MOR210527771,2021/08/01,15:00:00,COLISIÓN POR ALCANCE,ASFALTO,Bueno,Bueno,2,FORD,ROJO,2,,61,MASCULINO,SIN DATOS,0,0,Morelia,Lomas de Guayangareo,agosto,domingo,15,-101.160960056503,19.7026870450485
36144,36149,2021,,2021/08/01,17:00:00,COLISIÓN POR ALCANCE,CONCRETO,Bueno,Bueno,2,CHEVROLET,GRIS,2,,25,MASCULINO,SIN DATOS,0,0,Morelia,Chapultepec Sur,agosto,domingo,17,-101.171449125214,19.6920309500482
36145,36150,2021,,2021/08/01,19:05:00,COLISIÓN POR ALCANCE,ASFALTO,Lluvioso,Regular,3,NISSAN,BLANCO CON ROJO,3,,36,MASCULINO,SIN DATOS,0,0,Morelia,Jardin de La Orquidea,agosto,domingo,19,-101.301537805995,19.691619
36146,36151,2021,MOR210528713,2021/08/01,23:25:00,COLISIÓN POR ALCANCE,ASFALTO,Bueno,Bueno,2,CHEVROLET,GUINDA,2,,47,MASCULINO,ALIENTO ETÍLICO,0,0,Morelia,Vista Hermosa  2A Etapa,agosto,domingo,23,-101.21,19.6765
36147,36152,2021,MOR210531570,2021/08/02,"09:35:00",COLISIÓN POR ALCANCE,CONCRETO,Bueno,Bueno,2,CHEVROLET,BLANCO,2,,52,MASCULINO,SIN DATOS,0,0,Morelia,Fuentes de Morelia,agosto,lunes,10,-101.203908950441,19.6711852824231
36148,36153,2021,MOR 210531440,2021/08/02,"09:45:00",COLISIÓN POR CORTE DE CIRCULACIÓN,ASFALTO,Bueno,Regular,2,CHEVROLET,BLANCO,2,,27,FEMENINO,SIN DATOS,0,0,Morelia,Lomas de Las Americas Sur,agosto,lunes,10,-101.146945750179,19.6949255092766
36149,36154,2021,,2021/08/02,11:00:00,VOLCADURA,ASFALTO,Bueno,Bueno,1,NISSAN,GRIS,1,,22,,SIN DATOS,0,0,Charo,De Santiago,agosto,lunes,11,-101.044372,19.745476
36150,36155,2021,,2021/08/02,12:40:00,COLISIÓN POR ALCANCE,ASFALTO,Bueno,Bueno,2,TOYOTA,BLANCO,2,,27,MASCULINO,SIN DATOS,0,0,Cuitzeo,Sin datos,agosto,lunes,13,-101.192305013537,19.9641097823326
36151,36156,2021,MOR210532050,2021/08/02,13:20:00,COLISIÓN CON PEATÓN,ASFALTO,Bueno,Bueno,1,HONDA,AMARILLO,2,MINISTERIO PÚBLICO,88,MASCULINO,SIN DATOS,1,0,Morelia,Cuauhtemoc,agosto,lunes,13,-101.179250336515,19.693883991472
36152,36157,2021,,2021/08/02,15:20:00,COLISIÓN POR CAMBIO DE CARRIL,ASFALTO,Bueno,Bueno,2,TOYOTA,BLANCO/NARANJA,2,,19,MASCULINO,SIN DATOS,0,0,Morelia,Dr Miguel Silva,agosto,lunes,15,-101.187927793444,19.7204887484457
36153,36158,2021,MOR210532435,2021/08/02,15:53:00,COLISIÓN POR ALCANCE,CONCRETO,Bueno,Bueno,2,FORD,BLANCO,2,,34,MASCULINO,SIN DATOS,0,0,Morelia,Dr Miguel Silva,agosto,lunes,16,-101.185227946917,19.717204814836
36154,36159,2021,,2021/08/02,16:00:00,COLISIÓN POR CORTE DE CIRCULACIÓN,ASFALTO,Bueno,Bueno,2,CHEVROLET,VERDE,2,,0,MASCULINO,SIN DATOS,0,0,Charo,La Goleta,agosto,lunes,16,-101.079649,19.738254
36155,36160,2021,,2021/08/02,16:40:00,COLISIÓN POR ALCANCE,ASFALTO,Bueno,Bueno,3,FORD,ROJO,5,MINISTERIO PÚBLICO,,,,5,0,Hidalgo,Centro,agosto,lunes,17,-100.553271,19.691029
36156,36161,2021,,2021/08/02,19:30:00,COLISIÓN POR ALCANCE,ASFALTO,Bueno,Bueno,2,FORD,CAFÉ,2,,20,MASCULINO,SIN DATOS,0,0,Morelia,Lomas de Morelia (Dr Ignacio Chavez),agosto,lunes,20,-101.175452644618,19.7162004988672
36157,36162,2021,,2021/08/02,19:30:00,COLISIÓN POR CORTE DE CIRCULACIÓN,ASFALTO,Bueno,Bueno,2,NISSAN,BLANCO,2,MINISTERIO PÚBLICO,47,MASCULINO,SIN DATOS,0,0,Tacámbaro,Centro,agosto,lunes,20,-101.456587,19.234897
36158,36163,2021,,2021/08/02,19:40:00,COLISIÓN POR CORTE DE CIRCULACIÓN,SIN_DATOS,Bueno,Bueno,2,CHEVROLET,BLANCO,2,,39,MASCULINO,SIN DATOS,0,0,Morelia,Villas Lomas del Paraiso,agosto,lunes,20,-101.17059,19.6721725
36159,36164,2021,,2021/08/02,21:00:00,COLISIÓN POR CORTE DE CIRCULACIÓN,ASFALTO,Lluvioso,Bueno,1,NISSAN,S.D,2,MINISTERIO PÚBLICO,37,FEMENINO,SIN DATOS,1,0,Tacámbaro,Centro,agosto,lunes,21,-101.456587,19.234897
36160,36165,2021,"533169",2021/08/02,21:10:00,COLISIÓN CONTRA OBJETO FIJO,ASFALTO,Nublado,Bueno,1,YAMAHA,BLANCO CON NEGRO,1,,49,MASCULINO,SIN DATOS,0,0,Morelia,Los Pinos de Michoacan,agosto,lunes,21,-101.213164965553,19.6845064946218
36161,36166,2021,MOR210533598,2021/08/03,"00:50:00",COLISIÓN POR CORTE DE CIRCULACIÓN,CONCRETO,Lluvioso,Bueno,2,YAMAHA,BLANCO/ROJO,2,,29,MASCULINO,SIN DATOS,0,0,Morelia,Vasco de Quiroga,agosto,martes,1,-101.172084441176,19.7019638559701
36162,36167,2021,,2021/08/03,11:00:00,COLISIÓN POR CORTE DE CIRCULACIÓN,ASFALTO,Bueno,Bueno,1,NISSAN,BLANCO Y NEGRO,1,,29,MASCULINO,SIN DATOS,0,0,Morelia,Mariano Escobedo,agosto,martes,11,-101.209676345,19.7198595799991
36163,36168,2021,,2021/08/03,11:00:00,COLISIÓN POR CORTE DE CIRCULACIÓN,ASFALTO,Bueno,Bueno,2,NISSAN,BLANCO NEGRO,2,MINISTERIO PÚBLICO,,MASCULINO,SIN DATOS,0,0,Morelia,Mariano Escobedo,agosto,martes,11,-101.209676345,19.7198595799991
36164,36169,2021,,2021/08/03,11:20:00,COLISIÓN POR ALCANCE,ASFALTO,Bueno,Bueno,2,ITALIKA,BLANCO,2,MINISTERIO PÚBLICO,,,SIN DATOS,1,0,Hidalgo,Corros,agosto,martes,11,-100.55538433858,19.7072151887673
36165,36170,2021,,2021/08/03,11:45:00,COLISIÓN POR CAMBIO DE CARRIL,ASFALTO,Bueno,Bueno,2,NISSAN,NEGRO,2,,62,MASCULINO,SIN DATOS,0,0,Morelia,Fovissste Acueducto,agosto,martes,12,-101.156939418806,19.6991058763665
36166,36171,2021,,2021/08/03,11:52:00,COLISIÓN POR NO RESPETAR SEMÁFORO,ASFALTO,Bueno,Bueno,2,ITALIKA,ROJO/NEGRO,2,,26,MASCULINO,SIN DATOS,0,0,Morelia,Cosmos,agosto,martes,12,-101.218920954689,19.6840718148917
36167,36172,2021,,2021/08/03,12:10:00,COLISIÓN CONTRA OBJETO FIJO,CONCRETO,Bueno,Bueno,1,CHEVROLET,BLANCO,1,,27,MASCULINO,SIN DATOS,0,0,Morelia,Lomas del Durazno,agosto,martes,12,-101.191368983552,19.6646368844243
36168,36173,2021,,2021/08/03,15:00:00,COLISIÓN POR CORTE DE CIRCULACIÓN,ASFALTO,Bueno,Bueno,2,FORD,ROJO,2,MINISTERIO PÚBLICO,,,SIN DATOS,0,0,Lázaro Cárdenas,Segundo Sector de Fidelac,agosto,martes,15,-102.204332314432,17.9569789574612
36169,36174,2021,,2021/08/03,15:20:00,COLISIÓN POR CAMBIO DE CARRIL,ASFALTO,Bueno,Bueno,3,FORD F150,ROJO,2,MINISTERIO PÚBLICO,25,MASCULINO,SIN DATOS,0,0,Morelia,Prados de La Huerta,agosto,martes,15,-101.2212595,19.6666605
36170,36175,2021,MOR210535033,2021/08/03,16:17:00,COLISIÓN POR ALCANCE,ASFALTO,Bueno,Bueno,2,CHRYSLER,PLATA,2,,36,FEMENINO,SIN DATOS,0,0,Morelia,Nicolas Bravo(Los Ejidos),agosto,martes,16,-101.220301,19.704603
36171,36176,2021,,2021/08/03,19:00:00,COLISIÓN CONTRA OBJETO FIJO,ASFALTO,Lluvioso,Regular,2,FORD,BLANCO Y NEGRO,2,,39,MASCULINO,SIN DATOS,0,0,Morelia,Gral Gertrudis Sanchez,agosto,martes,19,-101.20881156,19.7438012549991
36172,36177,2021,,2021/08/03,19:40:00,COLISIÓN POR ALCANCE,ASFALTO,Nublado,Bueno,3,CHEVROLET/SONIC,BLANCO,3,,45,MASCULINO,CON CERTIFICADO,0,0,Morelia,Industrial,agosto,martes,20,-101.196189005906,19.710209818625
36174,36179,2021,MOR210537989,2021/08/04,"00:00:00",COLISIÓN POR CAMBIO DE CARRIL,ASFALTO,Nublado,Bueno,2,FREIGHTLINER,BLANCO,2,,56,MASCULINO,SIN DATOS,0,0,Morelia,Lomas de San Juan,agosto,miércoles,0,-101.183039681886,19.7298664251429
36176,36181,2021,MOR210536204,2021/08/04,"07:50:00",COLISIÓN POR CORTE DE CIRCULACIÓN,CONCRETO,Bueno,Bueno,2,FORD,VERDE,2,,43,MASCULINO,SIN DATOS,0,0,Morelia,Indeco El Vivero,agosto,miércoles,8,-101.230286120312,19.6793258035144
36177,36182,2021,,2021/08/04,"08:05:00",COLISIÓN POR CORTE DE CIRCULACIÓN,ASFALTO,Bueno,Bueno,2,DODGE,GUINDA,2,,23,MASCULINO,SIN DATOS,0,0,Morelia,Chapultepec Sur,agosto,miércoles,8,-101.171449125214,19.6920309500482
36178,36183,2021,MOR210536397,2021/08/04,"09:50:00",COLISIÓN POR CAMBIO DE CARRIL,ASFALTO,Bueno,Bueno,2,FREIGHTLINER,BLANCO/AZUL,2,,24,MASCULINO,SIN DATOS,0,0,Morelia,Sentimientos de La Nacion,agosto,miércoles,10,-101.233194944297,19.682432823539
36179,36184,2021,MOR210536517,2021/08/04,11:35:00,COLISIÓN CONTRA OBJETO FIJO,ASFALTO,Bueno,Bueno,1,CHEVROLET,BLANCO,2,,63,MASCULINO,SIN DATOS,1,0,Morelia,Mariano Escobedo,agosto,miércoles,12,-101.209748685,19.7223888749991
36180,36185,2021,,2021/08/04,13:10:00,SALIDA DE SUPERFICIE DE RODAMIENTO,ASFALTO,Bueno,Bueno,1,NISSAN,GRIS,1,,32,FEMENINO,SIN DATOS,0,0,Morelia,Lomas del Punhuato,agosto,miércoles,13,-101.146986725494,19.6985048820112
36181,36186,2021,MOR210537323,2021/08/04,16:45:00,COLISIÓN POR CORTE DE CIRCULACIÓN,ASFALTO,Bueno,Bueno,2,ITALIKA,NEGRO Y VERDE,2,,56,MASCULINO,SIN DATOS,0,0,Morelia,Puerto de Buenavista,agosto,miércoles,17,-101.126352197769,19.6849018019943
36182,36187,2021,,2021/08/04,18:10:00,COLISIÓN POR CAMBIO DE CARRIL,ASFALTO,Nublado,Bueno,2,FREIGHTLINER,BLANCO,2,,55,MASCULINO,SIN DATOS,0,0,Morelia,Lomas de San Juan,agosto,miércoles,18,-101.183039681886,19.7298664251429
36183,36188,2021,MOR210537799,2021/08/04,20:00:00,COLISIÓN POR CORTE DE CIRCULACIÓN,ASFALTO,Bueno,Bueno,2,GMC,VERDE,2,,45,MASCULINO,SIN DATOS,0,0,Morelia,Lomas de Guayangareo,agosto,miércoles,20,-101.160960056503,19.7026870450485
36184,36189,2021,MOR210537865,2021/08/04,20:30:00,COLISIÓN POR ALCANCE,CONCRETO,Bueno,Bueno,2,VOSLKWAGEN,NEGRO,2,,23,FEMENINO,SIN DATOS,0,0,Morelia,Alberto Oviedo Mota,agosto,miércoles,21,-101.198908182011,19.681555672698
36185,36190,2021,,2021/08/04,22:45:00,COLISIÓN CONTRA OBJETO FIJO,ASFALTO,Lluvioso,Regular,2,DINA,NEGRO,2,,0,MASCULINO,SIN DATOS,0,0,Morelia,Infonavit  Las  Camelinas,agosto,miércoles,23,-101.173920775,19.6856065349991
36186,36191,2021,MOR210538387,2021/08/05,"03:50:00",COLISIÓN CONTRA OBJETO FIJO,ASFALTO,Lluvioso,Regular,2,CHEVROLET,PLATA,1,,37,FEMENINO,SIN DATOS,0,0,Morelia,Dr Miguel Silva,agosto,jueves,4,-101.187927793444,19.7204887484457
36188,36193,2021,,2021/08/05,10:00:00,COLISIÓN POR ALCANCE,ASFALTO,Bueno,Bueno,2,NISSAN,BLANCO,2,,55,MASCULINO,SIN DATOS,0,0,Morelia,Jardines de Sindurio,agosto,jueves,10,-101.25724950047,19.6993034103532
36189,36194,2021,,2021/08/05,12:20:00,VOLCADURA,ASFALTO,Bueno,Bueno,1,CHEVROLET,VERDE,1,,52,MASCULINO,SIN DATOS,0,0,Morelia,Lomas del Punhuato,agosto,jueves,12,-101.146986725494,19.6985048820112
36190,36195,2021,,2021/08/05,15:20:00,COLISIÓN POR CORTE DE CIRCULACIÓN,ASFALTO,Bueno,Bueno,2,NISSAN,BLANCO CON NARANJA,2,,38,MASCULINO,SIN DATOS,0,0,Morelia,Ventura Puente,agosto,jueves,15,-101.193225725,19.6917077449992
36191,36196,2021,,2021/08/05,15:40:00,COLISIÓN POR CAMBIO DE CARRIL,ASFALTO,Bueno,Bueno,2,NISSAN,PLATA,2,,39,MASCULINO,SIN DATOS,0,0,Morelia,Del Empleado,agosto,jueves,16,-101.178121585234,19.6891958112743
36192,36197,2021,,2021/08/05,16:00:00,COLISIÓN POR CAMBIO DE CARRIL,ASFALTO,Bueno,Bueno,2,FORD,VERDE,2,,43,,SIN DATOS,0,0,Morelia,Pascual Ortiz de Ayala,agosto,jueves,16,-101.149821521984,19.69504229591
36193,36198,2021,,2021/08/05,16:40:00,COLISIÓN POR ALCANCE,ASFALTO,Bueno,Bueno,2,NISSAN,BLANCO,2,,27,MASCULINO,SIN DATOS,0,0,Morelia,Jacarandas,agosto,jueves,17,-101.210576762774,19.7076974518136
36194,36199,2021,,2021/08/05,18:10:00,SALIDA DE SUPERFICIE DE RODAMIENTO,ASFALTO,Bueno,Bueno,1,CHEVROLET,BLANCO/ROSA,1,,25,MASCULINO,SIN DATOS,0,0,Tarímbaro,Metropolis,agosto,jueves,18,-101.204647,19.761311
36195,36200,2021,LEG38469,2021/08/05,18:38:00,VOLCADURA,ASFALTO,Bueno,Bueno,1,CHEVROLET,BLANCO,1,,0,,SIN DATOS,0,0,Morelia,Santa Fe,agosto,jueves,19,-101.172087361689,19.738721483098
36196,36201,2021,,2021/08/05,21:00:00,COLISIÓN POR CAMBIO DE CARRIL,ASFALTO,Bueno,Bueno,2,NISSAN,BLANCO,2,,62,MASCULINO,SIN DATOS,0,0,Morelia,Camelinas,agosto,jueves,21,-101.17262119,19.6818144849991
36197,36202,2021,MOR210539891,2021/08/05,22:00:00,COLISIÓN POR CORTE DE CIRCULACIÓN,ASFALTO,Bueno,Bueno,2,CHEVROLET,NARANJA,2,,61,MASCULINO,SIN DATOS,0,0,Morelia,Tenencia Morelos,agosto,jueves,22,-101.243929623155,19.6466055443724
36199,36204,2021,LEG38470,2021/08/06,"06:22:00",COLISIÓN CONTRA OBJETO FIJO,ASFALTO,Bueno,Bueno,1,JEEP,NEGRO,1,,40,MASCULINO,SIN DATOS,0,0,Morelia,Buenos Aires,agosto,viernes,6,-101.194913076768,19.6573891928199
36200,36205,2021,MOR210541894,2021/08/06,"08:05:00",COLISIÓN POR ALCANCE,ASFALTO,Bueno,Bueno,2,TOYOTA,CAFÉ,2,,31,MASCULINO,SIN DATOS,0,0,Morelia,Ciudad Industrial,agosto,viernes,8,-101.14554366932,19.7284851395985
36201,36206,2021,MOR210--------,2021/08/06,"08:20:00",COLISIÓN POR CAMBIO DE CARRIL,ASFALTO,Bueno,Bueno,2,FREIGHTLINER,BLANCO,2,,46,MASCULINO,SIN DATOS,0,0,Morelia,Dr Miguel Silva,agosto,viernes,8,-101.187927793444,19.7204887484457
36202,36207,2021,,2021/08/06,10:00:00,COLISIÓN POR CORTE DE CIRCULACIÓN,ASFALTO,Bueno,Bueno,2,CHRYSLER,BLANCO,2,,40,MASCULINO,SIN DATOS,0,0,Morelia,Centro,agosto,viernes,10,-101.19118388321,19.702768457823
36203,36208,2021,,2021/08/06,11:20:00,COLISIÓN CONTRA OBJETO FIJO,ASFALTO,Lluvioso,Regular,1,CHRYSLER,GUINDA,1,,51,MASCULINO,SIN DATOS,0,0,Morelia,Dr Miguel Silva,agosto,viernes,11,-101.187927793444,19.7204887484457
36204,36209,2021,,2021/08/06,11:50:00,COLISIÓN POR CORTE DE CIRCULACIÓN,ASFALTO,Bueno,Bueno,2,RENAULT,BLANCO,2,,,FEMENINO,SIN DATOS,0,0,Morelia,5 de Mayo,agosto,viernes,12,-101.176833595,19.7041851299991
36205,36210,2021,MOR210541588,2021/08/06,15:40:00,COLISIÓN CON PEATÓN,CONCRETO,Bueno,Bueno,1,DODGE,ROJO,1,,33,FEMENINO,SIN DATOS,0,0,Morelia,Nueva Valladolid,agosto,viernes,16,-101.214162415,19.7004326249991
36206,36211,2021,,2021/08/06,15:50:00,COLISIÓN POR CAMBIO DE CARRIL,ASFALTO,Bueno,Bueno,2,FAMSA,ROJO,2,,40,MASCULINO,SIN DATOS,0,0,Morelia,Vicente Lombardo Toledano (Ejidal Isacc Arriaga) (Etnias de Mexico),agosto,viernes,16,-101.147709447525,19.7139612645332
36208,36213,2021,MOR210541895,2021/08/06,16:30:00,COLISIÓN CON PEATÓN,ASFALTO,Nublado,Regular,1,NISSAN,BLANCO/AZUL,1,MINISTERIO PÚBLICO,,,,1,0,Morelia,Jesus Romero Flores,agosto,viernes,17,-101.178306817326,19.7315900393729
36209,36214,2021,,2021/08/06,17:22:00,COLISIÓN CONTRA OBJETO FIJO,ASFALTO,Nublado,Bueno,1,DODGE,ROJO,1,,30,MASCULINO,SIN DATOS,0,0,Morelia,Santa Fe,agosto,viernes,17,-101.172087361689,19.738721483098
36210,36215,2021,MOR 210541686,2021/08/06,17:45:00,SUBIDA AL CAMELLÓN,ASFALTO,Nublado,Bueno,1,NISSAN,BLANCO/ROJO,1,,51,MASCULINO,SIN DATOS,0,0,Morelia,Barrio Alto,agosto,viernes,18,-101.1882827,19.7276714
36211,36216,2021,MOR210542347,2021/08/06,18:20:00,COLISIÓN CONTRA OBJETO FIJO,ASFALTO,Lluvioso,Malo,1,MACK TRUCKER,BLANCO,1,,49,MASCULINO,SIN DATOS,0,0,Morelia,La Campiña,agosto,viernes,18,-101.244823032864,19.6357487761347
36212,36217,2021,MOR210542048,2021/08/06,18:55:00,COLISIÓN POR ALCANCE,ASFALTO,Lluvioso,Bueno,2,MAZDA,AZUL,2,,39,MASCULINO,SIN DATOS,0,0,Morelia,Libertad,agosto,viernes,19,-101.235485247231,19.6875403386505
36213,36218,2021,,2021/08/06,19:20:00,COLISIÓN POR CORTE DE CIRCULACIÓN,ASFALTO,Bueno,Bueno,2,MAZDA,ROJO,2,,35,FEMENINO,SIN DATOS,0,0,Morelia,Independencia,agosto,viernes,19,-101.177865472076,19.7131242077165
36215,36220,2021,,2021/08/07,"00:30:00",COLISIÓN POR ALCANCE,CONCRETO,Bueno,Bueno,2,HYUNDAI,ROJO,2,,25,MASCULINO,SIN DATOS,0,0,Morelia,Jacarandas,agosto,sábado,1,-101.210895875,19.7052847949991
36217,36222,2021,MOR210541028,2021/08/07,10:51:00,COLISIÓN CONTRA OBJETO FIJO,CONCRETO,Bueno,Bueno,2,FIAT,BLANCO,1,,44,MASCULINO,SIN DATOS,0,0,Morelia,Centro,agosto,sábado,11,-101.19118388321,19.702768457823
36218,36223,2021,,2021/08/07,11:00:00,COLISIÓN POR CORTE DE CIRCULACIÓN,ASFALTO,Bueno,Bueno,3,VOLKSWAGEN,BLANCO,2,,21,MASCULINO,SIN DATOS,0,0,Morelia,Loma Real,agosto,sábado,11,-101.19674651,19.7310110549992
36219,36224,2021,,2021/08/07,12:20:00,COLISIÓN POR CAMBIO DE CARRIL,ASFALTO,Bueno,Bueno,2,CHEVROLET,GRIS,1,,34,FEMENINO,SIN DATOS,0,0,Morelia,Ampliacion La Soledad,agosto,sábado,12,-101.184743095,19.7297316299991
36220,36225,2021,,2021/08/07,12:40:00,COLISIÓN POR CORTE DE CIRCULACIÓN,ASFALTO,Bueno,Bueno,2,ITALIKA,AZUL,2,,35,MASCULINO,SIN DATOS,0,0,Morelia,Tinijaro,agosto,sábado,13,-101.26316,19.6963297049991
36221,36226,2021,,2021/08/07,14:20:00,CAIDA DE MOTOCICLETA,ASFALTO,Bueno,Bueno,1,ITALIKA,NEGRO,1,,46,MASCULINO,SIN DATOS,0,0,Morelia,Poblado de Ocolusen,agosto,sábado,14,-101.153176233214,19.6939479390376
36222,36227,2021,,2021/08/07,15:40:00,COLISIÓN POR CORTE DE CIRCULACIÓN,CONCRETO,Bueno,Bueno,2,HONDA,BLANCO,2,,20,MASCULINO,SIN DATOS,0,0,Morelia,Asociacion Zirahuen,agosto,sábado,16,-101.2469234,19.6997164
36223,36228,2021,,2021/08/07,16:30:00,COLISIÓN POR CORTE DE CIRCULACIÓN,ASFALTO,Bueno,Bueno,2,FORD,BLANCO,2,,39,FEMENINO,SIN DATOS,0,0,Morelia,Ignacio Lopez Rayon,agosto,sábado,17,-101.250591165,19.6897065849991
36224,36229,2021,MOR210541821,2021/08/07,16:37:00,COLISIÓN POR CAMBIO DE CARRIL,ASFALTO,Bueno,Bueno,2,NISSAN,BLANCO,2,,25,FEMENINO,SIN DATOS,0,0,Morelia,Lazaro Cardenas,agosto,sábado,17,-101.164980132847,19.7101528819772
36226,36231,2021,,2021/08/07,21:50:00,COLISIÓN CONTRA OBJETO FIJO,ASFALTO,Nublado,Regular,2,NISSAN,BLANCO/GUINDA,0,,,,,0,0,Morelia,Progreso del Sur(Rafael Davalos),agosto,sábado,22,-101.19494110272,19.6615047809381
36227,36232,2021,MOR210542345,2021/08/07,23:27:00,COLISIÓN POR INVASIÓN DE CARRIL,ASFALTO,Bueno,Regular,2,ITALIKA,NEGRO,2,,26,MASCULINO,SIN DATOS,0,0,Tarímbaro,Metropolis,agosto,sábado,23,-101.204309910536,19.7583994302272
36228,36233,2021,,2021/08/07,23:30:00,VOLCADURA,ASFALTO,Bueno,Bueno,1,VOLKSWAGEN,GRIS,0,,,,,0,0,Morelia,2 de Octubre,agosto,sábado,0,-101.379430697046,19.6716018826466
36231,36236,2021,LEG38501,2021/08/08,"00:26:00",COLISIÓN CONTRA OBJETO FIJO,ASFALTO,Bueno,Regular,1,DINA,BLANCO,1,,53,MASCULINO,SIN DATOS,0,0,Morelia,Morelia 450,agosto,domingo,0,-101.216147363547,19.6764338115382
36232,36237,2021,LEG38500,2021/08/08,"00:33:00",COLISIÓN POR INVASIÓN DE CARRIL,ASFALTO,Bueno,Bueno,2,NISSAN,BLANCO,2,,60,MASCULINO,CON CERTIFICADO,0,0,Morelia,Arboledas de La Huerta,agosto,domingo,1,-101.223548145,19.6683762899991
36233,36238,2021,,2021/08/08,"04:00:00",COLISIÓN CONTRA OBJETO FIJO,CONCRETO,Bueno,Bueno,1,AUDI,BLANCO,1,,26,MASCULINO,SIN DATOS,0,0,Morelia,Centro,agosto,domingo,4,-101.189685515,19.6959496699991
36234,36239,2021,,2021/08/08,"05:00:00",COLISIÓN CON PEATÓN,ASFALTO,Bueno,Bueno,2,CHEVROLET,NEGRO,1,MINISTERIO PÚBLICO,,,SIN DATOS,0,0,Lázaro Cárdenas,Centro,agosto,domingo,5,-102.194387018681,17.9581832868426
36235,36240,2021,,2021/08/08,12:10:00,COLISIÓN POR ALCANCE,ASFALTO,Bueno,Bueno,2,NISSAN,BLANCO Y AZUL,2,,27,MASCULINO,SIN DATOS,0,0,Morelia,Pablo Galeana,agosto,domingo,12,-101.23195962002,19.6384869212627
36236,36241,2021,MOR210545294,2021/08/08,12:15:00,COLISIÓN POR CORTE DE CIRCULACIÓN,ASFALTO,Bueno,Bueno,2,HONDA,GRIS,2,,33,MASCULINO,SIN DATOS,0,0,Tarímbaro,Sin datos,agosto,domingo,12,-101.131255315111,19.77658185789
36237,36242,2021,MOR 210545438,2021/08/08,13:45:00,COLISIÓN POR CAMBIO DE CARRIL,ASFALTO,Bueno,Regular,2,TOYOTA,BLANCO Y GUINDA,2,,59,MASCULINO,SIN DATOS,0,0,Morelia,Colinas del Sur,agosto,domingo,14,-101.19860860096,19.6670175276574
36238,36243,2021,MOR210545702,2021/08/08,14:55:00,COLISIÓN POR CAMBIO DE CARRIL,ASFALTO,Bueno,Bueno,2,CHEVROLET,BLANCO/AZUL,2,,56,MASCULINO,SIN DATOS,0,0,Morelia,Tzindurio Norte,agosto,domingo,15,-101.243830187752,19.700383107909
36239,36244,2021,,2021/08/08,17:20:00,COLISIÓN POR CORTE DE CIRCULACIÓN,CONCRETO,Bueno,Bueno,2,NISSAN,BLANCO,2,,34,MASCULINO,SIN DATOS,0,0,Morelia,Ventura Puente,agosto,domingo,17,-101.188025244248,19.6922787712309
36240,36245,2021,MOR 210546015,2021/08/08,17:40:00,COLISIÓN POR CORTE DE CIRCULACIÓN,ASFALTO,Bueno,Regular,3,HONDA,BLANCO,3,MINISTERIO PÚBLICO,48,FEMENINO,SIN DATOS,0,0,Morelia,Fuentes de Valladolid,agosto,domingo,18,-101.221679865636,19.6722266687014
36241,36246,2021,MOR210546339,2021/08/08,19:20:00,COLISIÓN POR ALCANCE,ASFALTO,Bueno,Bueno,2,CHEVROLET,VERDE,2,,23,MASCULINO,SIN DATOS,0,0,Morelia,Indeco La Huerta,agosto,domingo,19,-101.230971830138,19.6504110124148