fid,id_accidente,anio_origen,folio_c5i,dia_incidente,hora_ocurrencia,tipo_incidente_vial,superficie_ocurrencia,condiciones_climaticas,condiciones_via,numero_vehiculos_involucrados,marca_vehiculo_ocasiona_siniestro,color_vehiculo_ocasiona_siniestro,numero_personas_involucradas,lugar_remite_presunto_responsable,edad_presunto_responsable,sexo_presunto_responsable,resultados_toxicologia,numero_personas_lesionadas,numero_personas_fallecidas,municipio,colonia,mes,dia_semana,hora_redondeada,lon,lat
36242,36247,2021,MOR210546230,2021/08/08,19:40:00,COLISIÓN POR CAMBIO DE CARRIL,ASFALTO,Bueno,Bueno,2,CHEVROLET,GRIS,2,,46,MASCULINO,SIN DATOS,0,0,Morelia,Loma Real,agosto,domingo,20,-101.198502897538,19.7290896691202
36243,36248,2021,LEG38510,2021/08/08,21:20:00,SALIDA DE SUPERFICIE DE RODAMIENTO,ASFALTO,Lluvioso,Bueno,1,VOLKSWAGEN,GRIS,1,,34,MASCULINO,ALIENTO ETÍLICO,0,0,Morelia,Alberto Oviedo Mota,agosto,domingo,21,-101.202130646192,19.6774985789469
36244,36249,2021,,2021/08/08,23:50:00,COLISIÓN POR ALCANCE,ASFALTO,Lluvioso,Regular,2,HONDA,ROJO,2,MINISTERIO PÚBLICO,0,MASCULINO,SIN DATOS,1,0,Pátzcuaro,Centro,agosto,domingo,0,-101.61159530282,19.51469050986
36245,36250,2021,LEG38497,2021/08/08,23:51:00,SUBIDA AL CAMELLÓN,ASFALTO,Nublado,Bueno,1,NISSAN,BLANCO/ROJO,1,,32,MASCULINO,SIN DATOS,0,0,Morelia,Manantiales de Morelia,agosto,domingo,0,-101.236682703995,19.6965927119959
36246,36251,2021,,2021/08/09,"00:20:00",SUBIDA AL CAMELLÓN,CONCRETO,Bueno,Bueno,1,VOLKSW,GRIS,1,,50,MASCULINO,SIN DATOS,0,0,Morelia,Tres Puentes,agosto,lunes,0,-101.216120713127,19.7037690120016
36247,36252,2021,MOR210546819,2021/08/09,"01:50:00",COLISIÓN POR CORTE DE CIRCULACIÓN,ASFALTO,Bueno,Regular,1,BMW,GRIS,1,,38,MASCULINO,SIN DATOS,0,0,Morelia,Sentimientos de La Nacion,agosto,lunes,2,-101.236871958457,19.6848023772919
36248,36253,2021,MOR210546898,2021/08/09,"02:40:00",SALIDA DE SUPERFICIE DE RODAMIENTO,ASFALTO,Nublado,Bueno,1,VOSLKWAGEN,BLANCO,1,,24,MASCULINO,SIN DATOS,0,0,Morelia,Adolfo Lopez Mateos,agosto,lunes,3,-101.223653566477,19.6936604782947
36249,36254,2021,MOR 210546977,2021/08/09,"06:50:00",CAIDA ACUATICA DE VEHÍCULO,CONCRETO,Nublado,Bueno,1,NISSAN,BLANCO,1,,32,MASCULINO,SIN DATOS,0,0,Morelia,Sin datos,agosto,lunes,7,-101.18077953091,19.7475158928581
36250,36255,2021,,2021/08/09,"08:00:00",COLISIÓN POR NO RESPETAR SEMÁFORO,CONCRETO,Bueno,Bueno,2,VOLKSWAGEN,GRIS,2,,43,FEMENINO,SIN DATOS,0,0,Morelia,Centro,agosto,lunes,8,-101.181459867142,19.7020091944547
36251,36256,2021,MOR210547038,2021/08/09,"08:17:00",COLISIÓN CONTRA OBJETO FIJO,ASFALTO,Bueno,Bueno,1,ITALIKA,AMARILLO Y NEGRO,2,MINISTERIO PÚBLICO,20,MASCULINO,SIN DATOS,0,1,Morelia,Arkos San Pedro,agosto,lunes,8,-101.279091035422,19.6281849331561
36252,36257,2021,,2021/08/09,14:10:00,COLISIÓN CON PEATÓN,CONCRETO,Bueno,Bueno,2,MITSUBISHI,BLANCO,2,,16,FEMENINO,SIN DATOS,0,0,Morelia,Villas del Pedregal,agosto,lunes,14,-101.305600546979,19.6728040389934
36253,36258,2021,,2021/08/09,15:00:00,COLISIÓN POR ALCANCE,ASFALTO,Bueno,Bueno,2,DODGE,ROJO,2,,47,MASCULINO,SIN DATOS,0,0,Morelia,Morelia 450,agosto,lunes,15,-101.217410154641,19.6756766527366
36254,36259,2021,MOR210548139,2021/08/09,15:13:00,COLISIÓN POR CORTE DE CIRCULACIÓN,CONCRETO,Bueno,Bueno,2,MERCEDES BENZ,BLANCO Y NARANJA,2,,19,MASCULINO,SIN DATOS,0,0,Morelia,Niño Artillero,agosto,lunes,15,-101.250191076912,19.6986090773298
36255,36260,2021,,2021/08/09,16:05:00,COLISIÓN CON PEATÓN,ASFALTO,Bueno,Bueno,1,CHEVROLET,BLANCO,2,,40,MASCULINO,SIN DATOS,1,0,Morelia,La Colina,agosto,lunes,16,-101.218223605,19.7105425599991
36257,36262,2021,,2021/08/09,17:50:00,COLISIÓN POR CORTE DE CIRCULACIÓN,CONCRETO,Bueno,Bueno,2,FORD,BLANCO,2,,28,MASCULINO,SIN DATOS,0,0,Morelia,Felix Ireta,agosto,lunes,18,-101.186539879575,19.687092121355
36258,36263,2021,,2021/08/09,18:30:00,COLISIÓN POR INVASIÓN DE CARRIL,ASFALTO,Bueno,Bueno,2,KURAZAI,ROJO,2,MINISTERIO PÚBLICO,55,MASCULINO,SIN DATOS,0,0,Morelia,Clara Cordova Moran,agosto,lunes,19,-101.181711641348,19.7345365875832
36259,36264,2021,MOR210548625,2021/08/09,19:25:00,COLISIÓN POR ALCANCE,ASFALTO,Bueno,Regular,2,DODGE,AZUL,2,,70,MASCULINO,SIN DATOS,0,0,Morelia,Torreon Nuevo,agosto,lunes,19,-101.20358663,19.7462449699991
36260,36265,2021,,2021/08/09,21:26:00,COLISIÓN POR CORTE DE CIRCULACIÓN,ASFALTO,Lluvioso,Bueno,2,FORD,ROJO,2,,68,MASCULINO,SIN DATOS,0,0,Morelia,Independencia,agosto,lunes,21,-101.17695607245,19.7150298880695
36261,36266,2021,MOR210546593,2021/08/09,22:30:00,SUBIDA AL CAMELLÓN,ASFALTO,Lluvioso,Regular,1,PONTIAC,AZUL,1,,31,FEMENINO,SIN DATOS,0,0,Morelia,Barrio Alto,agosto,lunes,23,-101.196618310429,19.7248028823426
36262,36267,2021,MOR210550942,2021/08/10,"00:00:00",COLISIÓN POR ALCANCE,ASFALTO,Nublado,Bueno,2,VOSLKWAGEN,PLATINO,2,,30,MASCULINO,SIN DATOS,0,0,Tarímbaro,Sin datos,agosto,martes,0,-101.132830046117,19.7759405285913
36263,36268,2021,MOR210549410,2021/08/10,"09:50:00",COLISIÓN CONTRA OBJETO FIJO,ASFALTO,Bueno,Bueno,1,NISSAN,PLATA,1,,67,MASCULINO,SIN DATOS,0,0,Morelia,Colinas del Sol,agosto,martes,10,-101.136110723019,19.7292734027894
36264,36269,2021,MOR/ 210,2021/08/10,10:15:00,COLISIÓN POR ALCANCE,CONCRETO,Bueno,Bueno,3,FORD,NEGRO,3,,32,MASCULINO,SIN DATOS,0,0,Morelia,Agua Clara,agosto,martes,10,-101.225254305385,19.7045398730231
36265,36270,2021,MOR210549513,2021/08/10,11:15:00,COLISIÓN POR CORTE DE CIRCULACIÓN,ASFALTO,Bueno,Bueno,2,NISSAN,BLANCO,3,,0,,SIN DATOS,1,0,Morelia,Torreon Nuevo,agosto,martes,11,-101.20358663,19.7462449699991
36266,36271,2021,,2021/08/10,11:20:00,SALIDA DE SUPERFICIE DE RODAMIENTO,ASFALTO,Lluvioso,Regular,1,DODGE,BLANCO,1,,29,MASCULINO,SIN DATOS,0,0,Charo,La Goleta,agosto,martes,11,-101.082042569298,19.7383719908573
36267,36272,2021,,2021/08/10,11:30:00,COLISIÓN POR ALCANCE,ASFALTO,Bueno,Bueno,2,JEEP,GRIS,2,,42,FEMENINO,SIN DATOS,0,0,Morelia,Nueva Valladolid,agosto,martes,12,-101.210746846415,19.695162743903
36268,36273,2021,LEG38546,2021/08/10,12:45:00,COLISIÓN POR CORTE DE CIRCULACIÓN,ASFALTO,Bueno,Regular,2,VOLKSWAGEN,BLANCO,2,MINISTERIO PÚBLICO,31,FEMENINO,SIN DATOS,0,0,Morelia,Sin datos,agosto,martes,13,-101.304398246788,19.6876754072353
36269,36274,2021,MOR210549967,2021/08/10,13:14:00,COLISIÓN CON PEATÓN,ASFALTO,Bueno,Bueno,1,ITALIKA,NEGRO Y ROJO,2,MINISTERIO PÚBLICO,24,MASCULINO,SIN DATOS,1,0,Morelia,Centro,agosto,martes,13,-101.187436804175,19.7028463498353
36270,36275,2021,MOR210550240,2021/08/10,14:35:00,COLISIÓN POR MANIOBRA DE REVERSA,CONCRETO,Bueno,Bueno,2,NISSAN,BLANCO,2,MINISTERIO PÚBLICO,,MASCULINO,SIN DATOS,0,0,Morelia,Central de Abastos,agosto,martes,15,-101.168733364477,19.7157514291748
36271,36276,2021,MOR21034567,2021/08/10,16:00:00,COLISIÓN POR ALCANCE,ASFALTO,Bueno,Bueno,4,FREIGHTLINER,BLANCO,4,,38,MASCULINO,SIN DATOS,0,0,Morelia,Lomas de Las Americas Norte,agosto,martes,16,-101.148524656892,19.6947229972426
36272,36277,2021,MOR210550635,2021/08/10,16:48:00,COLISIÓN POR CAMBIO DE CARRIL,ASFALTO,Bueno,Bueno,2,NISSAN,GRIS,2,,34,FEMENINO,SIN DATOS,0,0,Morelia,Villa Universidad,agosto,martes,17,-101.201020516455,19.6835920744635
36273,36278,2021,,2021/08/10,17:20:00,COLISIÓN POR CAMBIO DE CARRIL,ASFALTO,Bueno,Bueno,2,TOYOTA,GRIS,2,,21,MASCULINO,SIN DATOS,0,0,Tarímbaro,El Trebol,agosto,martes,17,-101.156901165165,19.7684063797311
36274,36279,2021,MOR210551612,2021/08/11,"00:00:00",SALIDA DE SUPERFICIE DE RODAMIENTO,CONCRETO,Bueno,Bueno,1,NISSAN,NEGRO,1,,,MASCULINO,SIN DATOS,0,0,Tarímbaro,Sin datos,agosto,miércoles,0,-101.18265,19.749554
36275,36280,2021,MOR 210551680,2021/08/11,"00:40:00",COLISIÓN POR CORTE DE CIRCULACIÓN,ASFALTO,Nublado,Bueno,2,YAMAHA,BLANCO,2,MINISTERIO PÚBLICO,33,MASCULINO,SIN DATOS,0,0,Morelia,Comision Federal de Electricidad,agosto,miércoles,1,-101.181292198598,19.6813872295037
36276,36281,2021,,2021/08/11,"08:20:00",COLISIÓN POR CAMBIO DE CARRIL,ASFALTO,Bueno,Bueno,2,NISSAN,BLANCO,2,,,MASCULINO,SIN DATOS,0,0,Morelia,Torreon Nuevo,agosto,miércoles,8,-101.20358663,19.7462449699991
36277,36282,2021,LEG38553,2021/08/11,"08:36:00",COLISIÓN POR CAMBIO DE CARRIL,ASFALTO,Bueno,Regular,2,MAZDA,BEIGE,2,,55,MASCULINO,SIN DATOS,0,0,Morelia,Agua Clara,agosto,miércoles,9,-101.224493915,19.7025742199991
36278,36283,2021,,2021/08/11,"09:10:00",COLISIÓN POR CORTE DE CIRCULACIÓN,ASFALTO,Bueno,Bueno,2,NISSAN,BLANCO,2,MINISTERIO PÚBLICO,,MASCULINO,SIN DATOS,0,0,Charo,Sin datos,agosto,miércoles,9,-101.068069450557,19.7439623174072
36279,36284,2021,,2021/08/11,"09:50:00",COLISIÓN POR CORTE DE CIRCULACIÓN,ASFALTO,Bueno,Bueno,1,ITALIKA,GRIS,2,MINISTERIO PÚBLICO,0,MASCULINO,SIN DATOS,1,0,Pátzcuaro,Centro,agosto,miércoles,10,-101.618795296683,19.5117695431272
36281,36286,2021,,2021/08/11,15:20:00,COLISIÓN POR CAMBIO DE CARRIL,ASFALTO,Lluvioso,Regular,2,FAMSA,BLANCO,2,,65,MASCULINO,SIN DATOS,0,0,Morelia,Lomas de Santa Maria,agosto,miércoles,15,-101.188711,19.67521
36282,36287,2021,LEG38554,2021/08/11,17:16:00,COLISIÓN POR CORTE DE CIRCULACIÓN,ASFALTO,Bueno,Bueno,2,NISSAN,TITANIO,2,,33,MASCULINO,SIN DATOS,0,0,Morelia,Torreon Nuevo,agosto,miércoles,17,-101.20358663,19.7462449699991
36283,36288,2021,,2021/08/11,19:40:00,COLISIÓN POR ALCANCE,ASFALTO,Bueno,Bueno,2,VOLKSWAGEN,GUINDA,2,,27,MASCULINO,SIN DATOS,0,0,Morelia,Nueva Valladolid,agosto,miércoles,20,-101.211483945359,19.6992598320994
36284,36289,2021,LEG38563,2021/08/12,"00:00:00",COLISIÓN POR INVASIÓN DE CARRIL,ASFALTO,Bueno,Bueno,2,INTERNATIONAL,VERDE,2,,57,MASCULINO,SIN DATOS,0,0,Morelia,Primo Tapia Oriente,agosto,jueves,0,-101.158700927414,19.7134653661983
36285,36290,2021,,2021/08/12,"09:30:00",COLISIÓN POR CORTE DE CIRCULACIÓN,ASFALTO,Bueno,Bueno,2,S/D,BLANCO,2,,21,MASCULINO,SIN DATOS,0,0,Morelia,El Lago 1,agosto,jueves,10,-101.213691911923,19.7294286753619
36286,36291,2021,MOR210555264,2021/08/12,14:45:00,COLISIÓN POR CORTE DE CIRCULACIÓN,ASFALTO,Bueno,Bueno,2,PULSAR,GRIS,2,,33,MASCULINO,SIN DATOS,0,0,Morelia,Primo Tapia Oriente,agosto,jueves,15,-101.15870129317,19.7134615499918
36287,36292,2021,,2021/08/12,16:00:00,COLISIÓN POR ALCANCE,CONCRETO,Bueno,Bueno,2,CHEVROLET,GRIS,2,,,MASCULINO,SIN DATOS,0,0,Morelia,Barrio Alto,agosto,jueves,16,-101.196620687842,19.7248040873825
36288,36293,2021,MOR210555567,2021/08/12,16:45:00,COLISIÓN POR CORTE DE CIRCULACIÓN,ASFALTO,Bueno,Bueno,2,ISUZU,BLANCO,2,,30,MASCULINO,SIN DATOS,0,0,Morelia,Ciudad Industrial,agosto,jueves,17,-101.138367100872,19.7287718357707
36289,36294,2021,MOR210768352,2021/08/12,16:45:00,COLISIÓN POR CORTE DE CIRCULACIÓN,CONCRETO,Bueno,Bueno,2,CHRISLER,GRIS,2,,86,MASCULINO,SIN DATOS,0,0,Morelia,Loma Real,agosto,jueves,17,-101.197589971125,19.7313707460738
36290,36295,2021,MOR210555774,2021/08/12,17:33:00,COLISIÓN POR ALCANCE,CONCRETO,Bueno,Bueno,2,CHEVROLET,AZUL,2,,33,MASCULINO,SIN DATOS,0,0,Morelia,Martires de Uruapan,agosto,jueves,18,-101.200576580383,19.7276710625074
36291,36296,2021,,2021/08/12,18:15:00,COLISIÓN POR MANIOBRA DE REVERSA,CONCRETO,Bueno,Bueno,2,VOLKSWAGEN,NEGRO,2,,51,FEMENINO,SIN DATOS,0,0,Morelia,Ventura Puente,agosto,jueves,18,-101.18797662922,19.6939310254995
36292,36297,2021,MOR210555953,2021/08/12,19:45:00,CAIDA ACUATICA DE VEHÍCULO,CONCRETO,Nublado,Bueno,1,YAMAHA,AZUL,1,,22,MASCULINO,SIN DATOS,0,0,Morelia,Nueva Chapultepec,agosto,jueves,20,-101.172862076626,19.6877220987208
36293,36298,2021,MOR210556114,2021/08/12,21:02:00,COLISIÓN CONTRA OBJETO FIJO,ASFALTO,Bueno,Regular,1,CHEVROLET,PLATA,1,,44,FEMENINO,SIN DATOS,0,0,Tarímbaro,Sin datos,agosto,jueves,21,-101.171010620892,19.7524214652597
36294,36299,2021,MOR 210556148,2021/08/12,22:20:00,COLISIÓN POR CORTE DE CIRCULACIÓN,ASFALTO,Nublado,Regular,2,JEEP,BLANCO,2,,16,MASCULINO,SIN DATOS,0,0,Morelia,Erendira,agosto,jueves,22,-101.168351576411,19.7022690304622
36295,36300,2021,MOR210556632,2021/08/13,"04:45:00",COLISIÓN POR CAMBIO DE CARRIL,ASFALTO,Bueno,Bueno,2,SEAT,BLANCO,1,,27,FEMENINO,SIN DATOS,0,0,Morelia,Felicitas del Rio,agosto,viernes,5,-101.198403686285,19.6901294032856
36296,36301,2021,,2021/08/13,"08:00:00",COLISIÓN POR CORTE DE CIRCULACIÓN,ASFALTO,Bueno,Bueno,2,DODGE,BLANCO,2,,31,MASCULINO,SIN DATOS,0,0,Morelia,Poblado de Ocolusen,agosto,viernes,8,-101.150127649172,19.6944699261717
36297,36302,2021,,2021/08/13,"09:00:00",COLISIÓN POR CORTE DE CIRCULACIÓN,CONCRETO,Bueno,Bueno,2,INTERNATIONAL,AMARILLO,2,,57,MASCULINO,SIN DATOS,0,0,Morelia,La Aldea,agosto,viernes,9,-101.135663645255,19.7450724546328
36298,36303,2021,,2021/08/13,11:00:00,COLISIÓN POR NO RESPETAR SEMÁFORO,ASFALTO,Bueno,Bueno,2,CHEVROLET,BLANCO,2,,20,MASCULINO,SIN DATOS,0,0,Morelia,La Loma,agosto,viernes,11,-101.1827400344,19.6793921923496
36299,36304,2021,,2021/08/13,12:00:00,COLISIÓN POR CAMBIO DE CARRIL,ASFALTO,Bueno,Bueno,2,NISSAN,GUINDA,2,,46,FEMENINO,SIN DATOS,0,0,Morelia,Bosques Tres Marias,agosto,viernes,12,-101.104138425815,19.7243432193074
36300,36305,2021,,2021/08/13,12:30:00,VOLCADURA,ASFALTO,Bueno,Bueno,1,MAZDA,BLANCO,1,,78,FEMENINO,SIN DATOS,0,0,Morelia,Ciudad Industrial,agosto,viernes,13,-101.138043559409,19.7285386963664
36302,36307,2021,,2021/08/13,14:30:00,COLISIÓN POR CORTE DE CIRCULACIÓN,CONCRETO,Bueno,Bueno,2,ITALIKA,NEGRO/VERDE,2,,18,MASCULINO,SIN DATOS,0,0,Morelia,Matamoros,agosto,viernes,15,-101.165230429984,19.7003413844674
36303,36308,2021,,2021/08/13,15:00:00,COLISIÓN POR CORTE DE CIRCULACIÓN,ASFALTO,Bueno,Bueno,3,NISSAN,ROJO,2,,22,MASCULINO,SIN DATOS,0,0,Morelia,Clara Cordova Moran,agosto,viernes,15,-101.181711641348,19.7345365875832
36304,36309,2021,,2021/08/13,15:20:00,COLISIÓN POR ALCANCE,ASFALTO,Bueno,Bueno,2,ITALIKA,BLANCO,2,,20,MASCULINO,SIN DATOS,0,0,Morelia,Las Americas,agosto,viernes,15,-101.159131117165,19.6879808961076
36305,36310,2021,,2021/08/13,15:40:00,COLISIÓN POR INVASIÓN DE CARRIL,ASFALTO,Bueno,Bueno,2,FORD,NEGRO,2,,74,MASCULINO,SIN DATOS,0,0,Charo,La Goleta,agosto,viernes,16,-101.080933324993,19.7392047767289
36306,36311,2021,,2021/08/13,17:10:00,COLISIÓN POR MANIOBRA DE REVERSA,ASFALTO,Bueno,Bueno,2,CHEVROLET,ROJO,2,,28,MASCULINO,SIN DATOS,0,0,Tarímbaro,Sin datos,agosto,viernes,17,-101.124667,19.769498
36307,36312,2021,,2021/08/13,17:20:00,COLISIÓN POR CORTE DE CIRCULACIÓN,ASFALTO,Bueno,Bueno,2,CHEVROLET,ROJO,2,,35,FEMENINO,SIN DATOS,0,0,Morelia,Chapultepec Oriente,agosto,viernes,17,-101.160077936947,19.6900479598629
36308,36313,2021,MOR210558197,2021/08/13,18:42:00,COLISIÓN POR INVASIÓN DE CARRIL,ASFALTO,Bueno,Malo,2,NISSAN,GRIS,2,,75,MASCULINO,SIN DATOS,0,0,Morelia,Fidel Velazquez,agosto,viernes,19,-101.235323515,19.7049865749991
36310,36315,2021,LEG38606,2021/08/14,"00:00:00",COLISIÓN POR INVASIÓN DE CARRIL,ASFALTO,Bueno,Regular,1,MAZDA3,GRIS,2,,35,FEMENINO,SIN DATOS,0,0,Morelia,Portales de Morelia,agosto,sábado,0,-101.154137948006,19.7029747342654
36312,36317,2021,,2021/08/14,"03:00:00",CAIDA ACUATICA DE VEHÍCULO,CONCRETO,Bueno,Bueno,1,CHRYSLER,CAFE,0,,,,,0,0,Morelia,Ampliacion La Soledad,agosto,sábado,3,-101.183554405,19.7349146049992
36313,36318,2021,MOR210559132,2021/08/14,"04:08:00",COLISIÓN CONTRA OBJETO FIJO,ASFALTO,Bueno,Bueno,1,NISSAN,ROJO,1,,27,MASCULINO,CON CERTIFICADO,0,0,Morelia,El Lago 2,agosto,sábado,4,-101.214435013967,19.7262881110028
36314,36319,2021,,2021/08/14,"04:20:00",COLISIÓN CONTRA OBJETO FIJO,CONCRETO,Bueno,Regular,3,MITSUBISHI,BLANCO,3,MINISTERIO PÚBLICO,20,MASCULINO,SIN DATOS,0,0,Morelia,Centro,agosto,sábado,4,-101.18875609,19.7086253949991
36315,36320,2021,MOR 21055214,2021/08/14,"07:40:00",COLISIÓN POR MANIOBRA DE REVERSA,ASFALTO,Bueno,Regular,2,MERCEDEZ BENZ,NARANJA/BLANCO,2,,38,MASCULINO,SIN DATOS,0,0,Morelia,Infonavit Cepamisa,agosto,sábado,8,-101.21640064,19.6965741849992
36317,36322,2021,MOR210559214,2021/08/14,10:00:00,COLISIÓN POR ALCANCE,ASFALTO,Bueno,Bueno,2,TOYOTA,CAFE,2,,28,MASCULINO,SIN DATOS,0,0,Morelia,Tinijaro,agosto,sábado,10,-101.26316,19.6963297049991
36318,36323,2021,,2021/08/14,11:30:00,COLISIÓN POR CORTE DE CIRCULACIÓN,ASFALTO,Bueno,Bueno,2,DODGE,BLANCO,2,,54,MASCULINO,SIN DATOS,0,0,Morelia,23 de Marzo,agosto,sábado,12,-101.248720895,19.7051780699991
36319,36324,2021,MOR 210559615,2021/08/14,11:50:00,COLISIÓN POR CORTE DE CIRCULACIÓN,ASFALTO,Bueno,Regular,2,S/D,S/D,2,,,,SIN DATOS,0,0,Morelia,Bonanza,agosto,sábado,12,-101.20361213,19.6571945349991
36320,36325,2021,MOR210559909,2021/08/14,13:15:00,COLISIÓN CONTRA OBJETO FIJO,CONCRETO,Bueno,Bueno,1,CHEVROLET,BLANCO,1,,37,FEMENINO,SIN DATOS,0,0,Morelia,Americas Britania,agosto,sábado,13,-101.14477407,19.6909911249991
36321,36326,2021,MOR210559990,2021/08/14,13:30:00,COLISIÓN POR MANIOBRA DE REVERSA,CONCRETO,Bueno,Bueno,2,VENTO,NEGRO,2,,21,MASCULINO,SIN DATOS,0,0,Morelia,Praderas de Morelia,agosto,sábado,14,-101.229299594348,19.6730115417616
36322,36327,2021,MOR210560259,2021/08/14,15:37:00,COLISIÓN POR ALCANCE,ASFALTO,Bueno,Bueno,2,FREIGHTLINER,BLANCO,2,,27,MASCULINO,SIN DATOS,0,0,Morelia,Lazaro Cardenas,agosto,sábado,16,-101.165275387466,19.7101588050526
36324,36329,2021,MOR210560173,2021/08/14,16:00:00,COLISIÓN POR ALCANCE,ASFALTO,Nublado,Bueno,2,ITALIKA,AZUL,1,MINISTERIO PÚBLICO,20,MASCULINO,SIN DATOS,0,0,Morelia,Lomas de Morelia (Dr Ignacio Chavez),agosto,sábado,16,-101.175452644618,19.7162004988672
36325,36330,2021,,2021/08/14,16:00:00,COLISIÓN POR CORTE DE CIRCULACIÓN,ASFALTO,Bueno,Bueno,2,CHEVROLET,ARENA,2,,26,MASCULINO,SIN DATOS,0,0,Morelia,Centro,agosto,sábado,16,-101.18218963,19.7028850649992
36326,36331,2021,MOR210560329,2021/08/14,16:00:00,COLISIÓN POR CORTE DE CIRCULACIÓN,ASFALTO,Bueno,Bueno,2,TOYOTA,BLANCO,2,,,MASCULINO,SIN DATOS,0,0,Morelia,Felix Ireta,agosto,sábado,16,-101.1919749,19.6869904499991
36327,36332,2021,MOR 210560633,2021/08/14,16:05:00,COLISIÓN POR CORTE DE CIRCULACIÓN,ASFALTO,Nublado,Malo,2,DODGE,AZUL/BLANCO,2,,32,FEMENINO,SIN DATOS,0,0,Morelia,Sin datos,agosto,sábado,16,-101.271984916253,19.6449319515432
36328,36333,2021,,2021/08/14,16:40:00,COLISIÓN POR CORTE DE CIRCULACIÓN,ASFALTO,Bueno,Bueno,2,NISSAN,AZUL,2,,22,MASCULINO,SIN DATOS,0,0,Morelia,Tinijaro,agosto,sábado,17,-101.26316,19.6963297049991
36329,36334,2021,MOR210561340,2021/08/14,18:30:00,COLISIÓN POR CORTE DE CIRCULACIÓN,SIN_DATOS,Bueno,Bueno,2,CHEVROLET,ROJO,2,,31,MASCULINO,SIN DATOS,0,0,Morelia,Alberto Oviedo Mota,agosto,sábado,19,-101.196140686849,19.6817272495021
36330,36335,2021,,2021/08/14,19:09:00,COLISIÓN POR CORTE DE CIRCULACIÓN,ASFALTO,Nublado,Bueno,2,YAMAHA,BLANCO,2,,17,MASCULINO,SIN DATOS,0,0,Morelia,Gral Gertrudis Sanchez,agosto,sábado,19,-101.209462491688,19.7438229398255
36331,36336,2021,,2021/08/14,19:10:00,COLISIÓN POR CORTE DE CIRCULACIÓN,ASFALTO,Lluvioso,Regular,2,ITALIKA,NEGRO/ROJO,2,,24,MASCULINO,SIN DATOS,0,0,Morelia,Centro,agosto,sábado,19,-101.18927984,19.6991992449991
36332,36337,2021,MOR 210561975,2021/08/14,20:40:00,COLISIÓN POR CORTE DE CIRCULACIÓN,ASFALTO,Bueno,Regular,2,NISSAN,BLANCO,2,,32,FEMENINO,SIN DATOS,0,0,Morelia,Indeco El Vivero,agosto,sábado,21,-101.231882043861,19.6777132240348
36333,36338,2021,,2021/08/14,22:40:00,COLISIÓN CONTRA OBJETO FIJO,CONCRETO,Bueno,Bueno,1,BMW,GRIS,0,MINISTERIO PÚBLICO,,,,0,0,Tarímbaro,Club Erandeni,agosto,sábado,23,-101.183801,19.757131
36334,36339,2021,MOR210561393,2021/08/14,23:00:00,COLISIÓN POR INVASIÓN DE CARRIL,ASFALTO,Nublado,Bueno,2,NISSAN,GRIS,2,,61,MASCULINO,SIN DATOS,0,0,Morelia,Villa Universidad,agosto,sábado,23,-101.200576,19.6852265
36335,36340,2021,MOR210561492,2021/08/14,23:30:00,COLISIÓN POR ALCANCE,ASFALTO,Bueno,Bueno,2,CHRYSLER,GRIS,2,,63,MASCULINO,ALIENTO ETÍLICO,0,0,Morelia,Jardines de Guadalupe,agosto,sábado,0,-101.225649548577,19.7117045865626
36336,36341,2021,,2021/08/15,"00:00:00",COLISIÓN POR CORTE DE CIRCULACIÓN,SIN_DATOS,Bueno,Bueno,2,TOYOTA,BLANCO,1,MINISTERIO PÚBLICO,,,SIN DATOS,0,0,Lázaro Cárdenas,600 Casas,agosto,domingo,0,-102.217279367827,17.9668907709189
36337,36342,2021,,2021/08/15,"00:00:00",COLISIÓN POR CORTE DE CIRCULACIÓN,ASFALTO,Bueno,Bueno,2,NISSAN,BLANCO,2,,53,MASCULINO,SIN DATOS,0,0,Morelia,Ciudad Industrial,agosto,domingo,0,-101.14554366932,19.7284851395985
36338,36343,2021,MOR 210561646,2021/08/15,"01:40:00",COLISIÓN POR CORTE DE CIRCULACIÓN,CONCRETO,Nublado,Bueno,2,NISSAN,BLANCO,2,,35,MASCULINO,SIN DATOS,0,0,Morelia,Camelinas,agosto,domingo,2,-101.174,19.6806
36339,36344,2021,MOR210561659,2021/08/15,"01:55:00",COLISIÓN POR CORTE DE CIRCULACIÓN,ASFALTO,Bueno,Bueno,1,VOLKSWAGEN,NEGRO CON VERDE,1,,30,MASCULINO,ALIENTO ETÍLICO,0,0,Morelia,Morelos,agosto,domingo,2,-101.206003359772,19.7023773551235
36340,36345,2021,MOR210561726,2021/08/15,"02:50:00",COLISIÓN CONTRA OBJETO FIJO,CONCRETO,Bueno,Bueno,2,ITALIKA,GRAFITO,1,,19,MASCULINO,ALIENTO ETÍLICO,0,0,Morelia,Santa Cecilia,agosto,domingo,3,-101.184402897385,19.66515389098
36341,36346,2021,MOR210561694,2021/08/15,"03:20:00",CAIDA ACUATICA DE VEHÍCULO,CONCRETO,Bueno,Bueno,1,NISSAN,BLANCO,1,,55,MASCULINO,SIN DATOS,0,0,Tarímbaro,Sin datos,agosto,domingo,3,-101.18265,19.749554
36342,36347,2021,,2021/08/15,"08:30:00",COLISIÓN POR CAMBIO DE CARRIL,ASFALTO,Bueno,Bueno,2,CHEVROLET,ROJO,2,,26,MASCULINO,CON CERTIFICADO,0,0,Morelia,Morelia 450,agosto,domingo,9,-101.214818134904,19.6743977447094
36343,36348,2021,,2021/08/15,16:20:00,COLISIÓN CONTRA OBJETO FIJO,CONCRETO,Bueno,Bueno,1,NISSAN,GRIS,1,,29,MASCULINO,SIN DATOS,0,0,Morelia,Juarez,agosto,domingo,16,-101.195387542248,19.6955490564995