fid,id_accidente,anio_origen,folio_c5i,dia_incidente,hora_ocurrencia,tipo_incidente_vial,superficie_ocurrencia,condiciones_climaticas,condiciones_via,numero_vehiculos_involucrados,marca_vehiculo_ocasiona_siniestro,color_vehiculo_ocasiona_siniestro,numero_personas_involucradas,lugar_remite_presunto_responsable,edad_presunto_responsable,sexo_presunto_responsable,resultados_toxicologia,numero_personas_lesionadas,numero_personas_fallecidas,municipio,colonia,mes,dia_semana,hora_redondeada,lon,lat
36344,36349,2021,LEG38617,2021/08/15,16:28:00,COLISIÓN CONTRA OBJETO FIJO,TERRACERIA,Bueno,Regular,2,CHEVROLET,NEGRO,2,,47,MASCULINO,SIN DATOS,0,0,Morelia,Del Empleado,agosto,domingo,16,-101.177910725,19.6896334599992
36345,36350,2021,,2021/08/15,19:00:00,SALIDA DE SUPERFICIE DE RODAMIENTO,ASFALTO,Bueno,Bueno,3,FORD,BLANCO,2,,27,MASCULINO,SIN DATOS,0,0,Morelia,Emiliano Zapata,agosto,domingo,19,-101.232333839045,19.6558541289088
36346,36351,2021,MOR210565502,2021/08/16,"00:00:00",SALIDA DE SUPERFICIE DE RODAMIENTO,ASFALTO,Bueno,Regular,2,KENWORTH,BLANCO,2,,32,MASCULINO,SIN DATOS,0,0,Morelia,Barrio Alto,agosto,lunes,0,-101.1882827,19.7276714
36349,36354,2021,,2021/08/16,"09:30:00",COLISIÓN POR CAMBIO DE CARRIL,ASFALTO,Bueno,Bueno,2,VOLKSWAGEN,ROJO,2,,34,MASCULINO,SIN DATOS,0,0,Morelia,Centro,agosto,lunes,10,-101.18218963,19.7028850649992
36350,36355,2021,,2021/08/16,10:15:00,COLISIÓN POR CAMBIO DE CARRIL,ASFALTO,Bueno,Bueno,2,KENWORTH,ROJO/PLATA,2,,57,MASCULINO,SIN DATOS,0,0,Morelia,Prados Verdes,agosto,lunes,10,-101.199782310949,19.7166640281338
36351,36356,2021,MOR210564965,2021/08/16,11:56:00,COLISIÓN POR MANIOBRA DE REVERSA,ASFALTO,Bueno,Bueno,2,VOLKSWAGEN,GRIS,2,,51,MASCULINO,SIN DATOS,0,0,Morelia,Cinco de Diciembre,agosto,lunes,12,-101.161044273945,19.6878397966277
36352,36357,2021,MOR 210565163,2021/08/16,13:45:00,COLISIÓN POR CORTE DE CIRCULACIÓN,ASFALTO,Bueno,Regular,2,BMW,NEGRO,2,MINISTERIO PÚBLICO,32,MASCULINO,SIN DATOS,1,0,Morelia,Felix Ireta,agosto,lunes,14,-101.180628991939,19.6864151913959
36353,36358,2021,MOR210565554,2021/08/16,14:08:00,COLISIÓN POR ALCANCE,ASFALTO,Bueno,Bueno,2,CHEVROLET,ROJO,2,,28,MASCULINO,SIN DATOS,0,0,Morelia,Chapultepec Norte,agosto,lunes,14,-101.176106924223,19.6974311871905
36355,36360,2021,MOR210565766,2021/08/16,17:37:00,COLISIÓN POR NO RESPETAR SEMÁFORO,CONCRETO,Bueno,Bueno,0,,,0,,,,,0,0,Morelia,Agua Clara,agosto,lunes,18,-101.224493915,19.7025742199991
36356,36361,2021,LEG38635,2021/08/16,17:37:00,COLISIÓN POR NO RESPETAR SEMÁFORO,CONCRETO,Bueno,Bueno,2,VOLKSWAGEN,GRIS,2,,35,FEMENINO,SIN DATOS,0,0,Morelia,Irrigacion,agosto,lunes,18,-101.225048750639,19.7045904046935
36357,36362,2021,,2021/08/16,17:40:00,COLISIÓN CON PEATÓN,ASFALTO,Bueno,Bueno,1,DODGE,BLANCO Y ROJO,2,MINISTERIO PÚBLICO,62,MASCULINO,CON CERTIFICADO,1,0,Morelia,Gertrudis Bocanegra,agosto,lunes,18,-101.209872129455,19.7038111996348
36359,36364,2021,MOR210565728,2021/08/16,18:20:00,VOLCADURA,ASFALTO,Bueno,Bueno,2,DODGE,BLANCO,2,,65,MASCULINO,SIN DATOS,0,0,Morelia,Nueva Valladolid,agosto,lunes,18,-101.208886460148,19.7021709212585
36360,36365,2021,MOR210566088,2021/08/16,18:41:00,COLISIÓN POR ALCANCE,ASFALTO,Bueno,Bueno,2,TOYOTA,BLANCO Y GRIS,2,,35,MASCULINO,SIN DATOS,0,0,Morelia,Las Americas,agosto,lunes,19,-101.153084412261,19.6875213046043
36361,36366,2021,MOR210566103,2021/08/16,19:10:00,COLISIÓN POR CAMBIO DE CARRIL,ASFALTO,Bueno,Bueno,3,FREIGHTLINER,BLANCO,3,,34,MASCULINO,SIN DATOS,0,0,Morelia,Guadalupe,agosto,lunes,19,-101.22564749284,19.7066701090812
36362,36367,2021,MOR210566119,2021/08/16,19:30:00,COLISIÓN POR CAMBIO DE CARRIL,ASFALTO,Bueno,Bueno,2,NISSAN,ROJO,2,,33,MASCULINO,SIN DATOS,0,0,Morelia,Loma de Los Piñones,agosto,lunes,20,-101.205659092151,19.673791909366
36363,36368,2021,LEG38639,2021/08/16,21:39:00,SALIDA DE SUPERFICIE DE RODAMIENTO,ASFALTO,Bueno,Bueno,1,CHEVROLET,GRIS,1,,30,MASCULINO,SIN DATOS,0,0,Morelia,Sin datos,agosto,lunes,22,-101.124343232009,19.7176565092894
36364,36369,2021,MOR 210566796,2021/08/17,"04:00:00",SALIDA DE SUPERFICIE DE RODAMIENTO,ASFALTO,Nublado,Regular,1,NISSAN,AZUL,1,,50,MASCULINO,SIN DATOS,0,0,Morelia,Tinijaro,agosto,martes,4,-101.26316,19.6963297049991
36365,36370,2021,,2021/08/17,"09:40:00",COLISIÓN POR CAMBIO DE CARRIL,ASFALTO,Bueno,Bueno,2,FREIGHTLINER,BLANCO,2,,29,MASCULINO,SIN DATOS,0,0,Morelia,Centro,agosto,martes,10,-101.18218963,19.7028850649992
36366,36371,2021,,2021/08/17,11:20:00,COLISIÓN POR CAMBIO DE CARRIL,ASFALTO,Bueno,Bueno,2,KENWORTH,BLANCO,2,,,MASCULINO,SIN DATOS,0,0,Morelia,Poblado de Ocolusen,agosto,martes,11,-101.150127649172,19.6944699261717
36368,36373,2021,,2021/08/17,15:00:00,COLISIÓN POR CAMBIO DE CARRIL,ASFALTO,Bueno,Bueno,2,NISSAN,BLANCO,2,,31,MASCULINO,SIN DATOS,0,0,Morelia,Isaac Arriaga,agosto,martes,15,-101.173878539064,19.7098514781792
36369,36374,2021,,2021/08/17,15:40:00,COLISIÓN POR CORTE DE CIRCULACIÓN,ASFALTO,Bueno,Bueno,2,DODGE,AZUL CON BLANCO,2,,,MASCULINO,SIN DATOS,0,0,Morelia,Gral Gertrudis Sanchez,agosto,martes,16,-101.2094753,19.7439916449991
36370,36375,2021,LEG38645,2021/08/17,16:00:00,COLISIÓN CONTRA OBJETO FIJO,CONCRETO,Bueno,Bueno,1,FORD,BLANCO Y AZUL,1,,42,MASCULINO,SIN DATOS,0,0,Morelia,Lucio Cabañas(26 de Julio),agosto,martes,16,-101.249885353437,19.7120565059368
36371,36376,2021,,2021/08/17,16:20:00,COLISIÓN POR INVASIÓN DE CARRIL,ASFALTO,Bueno,Regular,2,FORD,BLANCO,2,,32,MASCULINO,SIN DATOS,0,0,Morelia,Mision del Valle,agosto,martes,16,-101.114970923148,19.7683300531775
36372,36377,2021,,2021/08/17,16:40:00,COLISIÓN POR CAMBIO DE CARRIL,ASFALTO,Bueno,Bueno,2,VOLKSWAGEN,BLANCO,2,,28,MASCULINO,SIN DATOS,0,0,Morelia,Felix Ireta,agosto,martes,17,-101.188582604864,19.6860148664875
36373,36378,2021,,2021/08/17,21:10:00,COLISIÓN POR INVASIÓN DE CARRIL,ASFALTO,Bueno,Regular,1,NISSAN,GRIS,2,MINISTERIO PÚBLICO,36,MASCULINO,SIN DATOS,1,0,Hidalgo,Centro,agosto,martes,21,-100.553271,19.691029
36374,36379,2021,,2021/08/18,"00:00:00",COLISIÓN POR CORTE DE CIRCULACIÓN,CONCRETO,Bueno,Bueno,2,S/D,S/D,2,MINISTERIO PÚBLICO,30,,SIN DATOS,1,0,Morelia,Molino de Parras,agosto,miércoles,0,-101.20473019059,19.702458474814
36375,36380,2021,,2021/08/18,"00:00:00",COLISIÓN POR ALCANCE,ASFALTO,Bueno,Bueno,2,NISSAN,BLANCO,2,,35,MASCULINO,CON CERTIFICADO,0,0,Morelia,Lomas de Guayangareo,agosto,miércoles,0,-101.15689796,19.7008684499991
36376,36381,2021,LEG38666,2021/08/18,13:30:00,COLISIÓN POR INVASIÓN DE CARRIL,ASFALTO,Bueno,Bueno,2,CHRYSLER,BLANCO/GRIS,2,,55,MASCULINO,SIN DATOS,0,0,Morelia,Torreon Nuevo,agosto,miércoles,14,-101.202918006174,19.7451957271759
36377,36382,2021,MOR210570224,2021/08/18,13:44:00,COLISIÓN CONTRA OBJETO FIJO,ASFALTO,Bueno,Bueno,1,INTERNATIONAL,VERDE CON BLANCO,1,,47,MASCULINO,SIN DATOS,0,0,Morelia,Tenencia Morelos,agosto,miércoles,14,-101.243929623155,19.6466055443724
36378,36383,2021,,2021/08/18,14:00:00,COLISIÓN POR ALCANCE,ASFALTO,Bueno,Bueno,2,FORD,BLANCO,2,,30,MASCULINO,SIN DATOS,0,0,Morelia,La Loma,agosto,miércoles,14,-101.1827400344,19.6793921923496
36379,36384,2021,MOR210570586,2021/08/18,15:25:00,COLISIÓN POR CAMBIO DE CARRIL,CONCRETO,Lluvioso,Regular,2,VOLKSWAGEN,GRIS,2,,27,MASCULINO,SIN DATOS,0,0,Morelia,Infonavit Colonial Universidad,agosto,miércoles,15,-101.207,19.6853
36380,36385,2021,MOR 210570702,2021/08/18,16:20:00,COLISIÓN POR ALCANCE,ASFALTO,Bueno,Bueno,2,VOLKSWAGEN,NEGRO,2,,32,FEMENINO,SIN DATOS,0,0,Morelia,Lomas de Morelia (Dr Ignacio Chavez),agosto,miércoles,16,-101.175001077354,19.7171211633049
36381,36386,2021,MOR210570881,2021/08/18,17:55:00,COLISIÓN POR ALCANCE,CONCRETO,Bueno,Bueno,2,DODGE,BLANCO,2,,44,MASCULINO,SIN DATOS,0,0,Morelia,Agustin Arriaga Rivera,agosto,miércoles,18,-101.225799159562,19.687423812547
36382,36387,2021,,2021/08/18,20:50:00,COLISIÓN POR CAMBIO DE CARRIL,ASFALTO,Bueno,Bueno,2,TOYOTA,BLANCO,2,,,MASCULINO,SIN DATOS,0,0,Morelia,Dr Miguel Silva,agosto,miércoles,21,-101.187927793444,19.7204887484457
36383,36388,2021,,2021/08/18,21:00:00,COLISIÓN CONTRA OBJETO FIJO,ASFALTO,Bueno,Bueno,1,SUZUK,NEGRO,1,,0,MASCULINO,SIN DATOS,0,0,Morelia,Lazaro Cardenas,agosto,miércoles,21,-101.162058507071,19.7101112773308
36384,36389,2021,,2021/08/19,"00:00:00",SALIDA DE SUPERFICIE DE RODAMIENTO,ASFALTO,Bueno,Bueno,2,FORD,VERDE,2,,23,MASCULINO,SIN DATOS,0,0,Morelia,Indeco El Vivero,agosto,jueves,0,-101.229873282653,19.6770200677538
36385,36390,2021,MOR 210571769,2021/08/19,"00:05:00",SUBIDA AL CAMELLÓN,ASFALTO,Lluvioso,Regular,1,NISSAN,BLANCO,1,,57,MASCULINO,SIN DATOS,0,0,Morelia,Ana Maria Gallaga (Riviera Norte),agosto,jueves,0,-101.222775578499,19.6767990216589
36386,36391,2021,MOR210571853,2021/08/19,"00:55:00",COLISIÓN POR INVASIÓN DE CARRIL,ASFALTO,Bueno,Bueno,2,FORD,GRIS,2,,25,MASCULINO,SIN DATOS,0,0,Morelia,Carmen Serdan,agosto,jueves,1,-101.22241613201,19.7130743050718
36387,36392,2021,,2021/08/19,10:30:00,COLISIÓN CON PEATÓN,ASFALTO,Bueno,Bueno,2,FORD,ROJO,2,,,MASCULINO,SIN DATOS,0,0,Morelia,Vista Bella,agosto,jueves,11,-101.195925675947,19.6790442736003
36388,36393,2021,,2021/08/19,10:40:00,COLISIÓN POR CAMBIO DE CARRIL,ASFALTO,Bueno,Bueno,2,DODGE,BLANCO,2,,38,MASCULINO,SIN DATOS,0,0,Morelia,Alberto Oviedo Mota,agosto,jueves,11,-101.198908182011,19.681555672698
36389,36394,2021,MOR210569971,2021/08/19,11:25:00,COLISIÓN POR MANIOBRA DE REVERSA,ASFALTO,Bueno,Bueno,2,MAZDA,AZUL,2,,34,FEMENINO,SIN DATOS,0,0,Morelia,Centro,agosto,jueves,11,-101.19330221617,19.6998247762192
36390,36395,2021,,2021/08/19,11:30:00,COLISIÓN POR ALCANCE,ASFALTO,Lluvioso,Bueno,3,VOLKSWAGEN,ROJO,3,,24,MASCULINO,SIN DATOS,0,0,Tarímbaro,Sin datos,agosto,jueves,12,-101.141759119928,19.7731674667454
36391,36396,2021,M0R201570254,2021/08/19,11:30:00,COLISIÓN POR ALCANCE,ASFALTO,Bueno,Bueno,2,NISSAN,BLANCO/AZUL,2,,31,MASCULINO,SIN DATOS,0,0,Tarímbaro,Sin datos,agosto,jueves,12,-101.171072951761,19.752128951022
36392,36397,2021,,2021/08/19,15:00:00,COLISIÓN POR CORTE DE CIRCULACIÓN,ASFALTO,Bueno,Bueno,2,ITALIKA,GRIS,2,MINISTERIO PÚBLICO,25,MASCULINO,SIN DATOS,0,0,Morelia,Centro,agosto,jueves,15,-101.180163659155,19.7038911666328
36393,36398,2021,MOR210570628,2021/08/19,16:00:00,COLISIÓN POR CORTE DE CIRCULACIÓN,ASFALTO,Bueno,Bueno,2,NISSAN,BLANCO,2,MINISTERIO PÚBLICO,24,MASCULINO,SIN DATOS,0,0,Morelia,Centro,agosto,jueves,16,-101.18218963,19.7028850649992
36394,36399,2021,,2021/08/19,17:00:00,COLISIÓN POR MANIOBRA DE REVERSA,CONCRETO,Bueno,Bueno,2,CHEVROLET,ROJO,2,,45,FEMENINO,SIN DATOS,0,0,Morelia,Lomas,agosto,jueves,17,-101.204249865629,19.6547623943727
36395,36400,2021,,2021/08/19,18:00:00,COLISIÓN POR CAMBIO DE CARRIL,ASFALTO,Bueno,Bueno,2,INTERNATIONAL,VERDE,2,,37,MASCULINO,SIN DATOS,0,0,Morelia,Villas Valladolid,agosto,jueves,18,-101.217441030515,19.6975551006742
36396,36401,2021,,2021/08/19,18:10:00,COLISIÓN CONTRA OBJETO FIJO,CONCRETO,Bueno,Bueno,2,IZUZU,BLANCO,2,MINISTERIO PÚBLICO,25,MASCULINO,SIN DATOS,0,0,Morelia,Central de Abastos,agosto,jueves,18,-101.170011162758,19.7159443024979
36397,36402,2021,,2021/08/19,18:20:00,SALIDA DE SUPERFICIE DE RODAMIENTO,ASFALTO,Nublado,Regular,0,,,0,,,,,0,0,Morelia,Mariano Michelena,agosto,jueves,18,-101.22988239609,19.6768901723504
36398,36403,2021,,2021/08/19,18:40:00,SALIDA DE SUPERFICIE DE RODAMIENTO,ASFALTO,Bueno,Bueno,1,CHEVROLET,AZUL,1,,,MASCULINO,SIN DATOS,0,0,Morelia,Sin datos,agosto,jueves,19,-101.282081658183,19.6177742420857
36399,36404,2021,MOR210573823,2021/08/19,18:44:00,COLISIÓN POR INVASIÓN DE CARRIL,ASFALTO,Nublado,Bueno,2,KIA,GRIS,2,,40,MASCULINO,SIN DATOS,0,0,Morelia,Sin datos,agosto,jueves,19,-101.409065418634,19.6485878885464
36400,36405,2021,MOR210574011,2021/08/19,21:30:00,COLISIÓN POR CORTE DE CIRCULACIÓN,ASFALTO,Bueno,Bueno,1,NISSAN,NEGRO,3,MINISTERIO PÚBLICO,48,FEMENINO,SIN DATOS,1,1,Morelia,Lomas de La Maestranza,agosto,jueves,22,-101.330710381948,19.6845545662865
36401,36406,2021,,2021/08/19,21:35:00,COLISIÓN POR CORTE DE CIRCULACIÓN,SIN_DATOS,Bueno,Bueno,2,ITALIKA,AZUL CON NEGRO,2,,,,SIN DATOS,0,0,Morelia,Santa Maria de Guido,agosto,jueves,22,-101.190555512227,19.6715292696576
36402,36407,2021,,2021/08/19,22:10:00,SUBIDA AL CAMELLÓN,ASFALTO,Nublado,Regular,1,NISSAN,AZUL,1,,74,MASCULINO,SIN DATOS,0,0,Morelia,Lomas del Valle,agosto,jueves,22,-101.230222677688,19.687753554468
36403,36408,2021,MOR210571808,2021/08/19,22:30:00,COLISIÓN POR ALCANCE,ASFALTO,Nublado,Regular,2,NISSAN,BLANCO,2,,30,,SIN DATOS,0,0,Tarímbaro,Sin datos,agosto,jueves,23,-101.142255298115,19.7729964899944
36404,36409,2021,,2021/08/20,"00:00:00",COLISIÓN CONTRA OBJETO FIJO,ASFALTO,Bueno,Bueno,1,FRIGTHLINER,VERDE,1,,,MASCULINO,SIN DATOS,0,0,Morelia,Centro,agosto,viernes,0,-101.18218963,19.7028850649992
36405,36410,2021,,2021/08/20,"09:10:00",COLISIÓN POR INVASIÓN DE CARRIL,ASFALTO,Bueno,Bueno,2,RAM,ROJO,5,MINISTERIO PÚBLICO,27,FEMENINO,SIN DATOS,3,0,Los Reyes,Sin datos,agosto,viernes,9,-102.287264205515,19.5650925599436
36406,36411,2021,MOR 210574657,2021/08/20,"09:40:00",COLISIÓN POR CAMBIO DE CARRIL,ASFALTO,Bueno,Regular,2,HONDA,GRIS,2,,47,MASCULINO,SIN DATOS,0,0,Morelia,Chapultepec Oriente,agosto,viernes,10,-101.160065867007,19.6900562247468
36407,36412,2021,,2021/08/20,12:30:00,COLISIÓN POR CORTE DE CIRCULACIÓN,ASFALTO,Bueno,Bueno,2,MINI COOPER,AZUL,2,,22,MASCULINO,SIN DATOS,0,0,Morelia,Cuauhtemoc,agosto,viernes,13,-101.17854569,19.6974281599991
36408,36413,2021,MOR210575610,2021/08/20,14:45:00,COLISIÓN CONTRA OBJETO FIJO,ASFALTO,Bueno,Bueno,2,NISSAN,BLANCO,1,,52,MASCULINO,ALIENTO ETÍLICO,0,0,Morelia,Dieciocho de Mayo,agosto,viernes,15,-101.15488816,19.7056735499991
36410,36415,2021,MOR 210575718,2021/08/20,17:15:00,COLISIÓN CON PEATÓN,ASFALTO,Bueno,Regular,1,S/D,S/D,2,,,,SIN DATOS,1,0,Morelia,Trincheras de Morelos,agosto,viernes,17,-101.188691516347,19.6644116409421
36411,36416,2021,,2021/08/20,19:00:00,COLISIÓN POR CORTE DE CIRCULACIÓN,ASFALTO,Bueno,Bueno,5,VOLKSWAGEN,VERDE,0,MINISTERIO PÚBLICO,,,,0,0,Lázaro Cárdenas,Segundo Sector de Fidelac,agosto,viernes,19,-102.204710444942,17.9614574868755
36412,36417,2021,MOR 210576265,2021/08/20,21:00:00,VOLCADURA,ASFALTO,Bueno,Regular,1,INTERNATIONAL,BLANCO,1,,33,MASCULINO,SIN DATOS,0,0,Charo,San Juan,agosto,viernes,21,-101.044930002936,19.7462041670175
36413,36418,2021,,2021/08/21,"00:00:00",COLISIÓN CONTRA OBJETO FIJO,ASFALTO,Bueno,Bueno,1,CHEVROLET,AZUL,1,,46,MASCULINO,SIN DATOS,0,0,Morelia,La Loma,agosto,sábado,0,-101.1827400344,19.6793921923496
36414,36419,2021,,2021/08/21,"04:30:00",COLISIÓN CONTRA OBJETO FIJO,ASFALTO,Bueno,Bueno,1,VOLKSWAGEN,ROJO,0,,,,,0,0,Morelia,Cinco de Diciembre,agosto,sábado,5,-101.162815939039,19.6862710903522
36415,36420,2021,,2021/08/21,10:40:00,COLISIÓN CONTRA OBJETO FIJO,ASFALTO,Nublado,Bueno,4,VOLKSWAGEN,GRIS,4,,29,,SIN DATOS,0,0,Morelia,Fovissste La Huerta,agosto,sábado,11,-101.21346889,19.6934575449991
36417,36422,2021,MOR210575149,2021/08/21,13:05:00,COLISIÓN POR CORTE DE CIRCULACIÓN,ASFALTO,Bueno,Bueno,2,CHEVROLET,BLANCO,2,,43,MASCULINO,SIN DATOS,0,0,Morelia,Granjas del Maestro,agosto,sábado,13,-101.1937815696,19.7126899572506
36418,36423,2021,MOR210575144,2021/08/21,13:25:00,COLISIÓN POR CORTE DE CIRCULACIÓN,ASFALTO,Bueno,Bueno,2,NISSAN,PLATA,2,,25,FEMENINO,SIN DATOS,0,0,Morelia,Melchor Ocampo,agosto,sábado,13,-101.202484873104,19.7067874132292
36420,36425,2021,,2021/08/21,15:30:00,COLISIÓN POR ALCANCE,ASFALTO,Nublado,Regular,2,TOYOTA,VERDE,2,,41,MASCULINO,SIN DATOS,0,0,Morelia,Tinijaro,agosto,sábado,16,-101.26316,19.6963297049991
36421,36426,2021,MOR210578153,2021/08/21,16:18:00,COLISIÓN POR ALCANCE,ASFALTO,Bueno,Bueno,2,CHEVROLET,AZUL,2,,25,MASCULINO,SIN DATOS,0,0,Morelia,Ampliacion La Soledad,agosto,sábado,16,-101.183554405,19.7349146049992
36423,36428,2021,LEG38710,2021/08/21,19:18:00,COLISIÓN POR CORTE DE CIRCULACIÓN,ASFALTO,Bueno,Bueno,2,CHRYSLER,BLANCO,2,,24,MASCULINO,SIN DATOS,0,0,Morelia,Terrazas,agosto,sábado,19,-101.181873303614,19.7202700365792
36424,36429,2021,MOR210576152,2021/08/21,20:20:00,COLISIÓN POR CORTE DE CIRCULACIÓN,CONCRETO,Bueno,Bueno,2,CHEVROLET,GUINDA,2,,25,MASCULINO,SIN DATOS,0,0,Morelia,Loma Colorada,agosto,sábado,20,-101.210852354366,19.7552261240839
36425,36430,2021,,2021/08/21,21:20:00,COLISIÓN POR NO RESPETAR SEMÁFORO,ASFALTO,Bueno,Bueno,2,SUZUKI,AZUL,2,MINISTERIO PÚBLICO,28,MASCULINO,SIN DATOS,0,0,Morelia,Centro,agosto,sábado,21,-101.189685515,19.6959496699991
36426,36431,2021,,2021/08/21,23:30:00,COLISIÓN CONTRA OBJETO FIJO,ASFALTO,Nublado,Regular,1,VOLKSWAGEN,BLANCO,1,,35,MASCULINO,SIN DATOS,0,0,Morelia,Felix Ireta,agosto,sábado,0,-101.19509802191,19.6821447479733
36427,36432,2021,,2021/08/22,"00:20:00",VOLCADURA,ASFALTO,Nublado,Bueno,1,FORD,AZUL,1,,40,MASCULINO,ALIENTO ETÍLICO,0,0,Tarímbaro,Sin datos,agosto,domingo,0,-101.158030039884,19.7699226919507
36428,36433,2021,,2021/08/22,"00:40:00",COLISIÓN CONTRA OBJETO FIJO,ASFALTO,Nublado,Bueno,2,FORD,VERDE,2,MINISTERIO PÚBLICO,42,MASCULINO,ALIENTO ETÍLICO,1,0,Tarímbaro,Sin datos,agosto,domingo,1,-101.158033484087,19.769921515945
36429,36434,2021,,2021/08/22,"01:45:00",COLISIÓN CON PEATÓN,ASFALTO,Bueno,Bueno,1,HONDA,BLANCO,1,,45,MASCULINO,SIN DATOS,0,0,Charo,San Pedro Y San Pablo,agosto,domingo,2,-101.050685017623,19.7482697035814
36431,36436,2021,,2021/08/22,"02:20:00",SALIDA DE SUPERFICIE DE RODAMIENTO,ASFALTO,Nublado,Bueno,1,HONDA,PLATA,1,,71,MASCULINO,SIN DATOS,0,0,Morelia,Fray Antonio de Lisboa,agosto,domingo,2,-101.147024235263,19.6942075474218
36432,36437,2021,,2021/08/22,"06:00:00",COLISIÓN CONTRA OBJETO FIJO,ASFALTO,Bueno,Bueno,1,VOLKSWAGEN,NEGRO,1,,27,MASCULINO,SIN DATOS,0,0,Morelia,La Quemada,agosto,domingo,6,-101.241268373337,19.7056780799456
36433,36438,2021,,2021/08/22,"06:40:00",VOLCADURA,ASFALTO,Bueno,Bueno,1,AUDI,NEGRO,0,,,,,0,0,Morelia,Lomas del Tecnologico,agosto,domingo,7,-101.192971737429,19.7218067072296
36434,36439,2021,,2021/08/22,"09:00:00",COLISIÓN POR CORTE DE CIRCULACIÓN,ASFALTO,Bueno,Bueno,1,VOLKSWAGEN,GRIS,0,MINISTERIO PÚBLICO,,,,0,0,Lázaro Cárdenas,Pescadores,agosto,domingo,9,-102.21738568084,17.9757742703662
36435,36440,2021,MOR2105814050,2021/08/22,11:37:00,COLISIÓN CONTRA OBJETO FIJO,ASFALTO,Lluvioso,Regular,1,VOLKSWAGEN,BLANCO,1,,52,MASCULINO,SIN DATOS,0,0,Morelia,Infonavit Colonial Universidad,agosto,domingo,12,-101.207,19.6853
36437,36442,2021,MOR 210580368,2021/08/22,15:10:00,COLISIÓN POR ALCANCE,ASFALTO,Bueno,Malo,2,NISSAN,ROJO,2,,23,MASCULINO,SIN DATOS,0,0,Morelia,Alberto Oviedo Mota,agosto,domingo,15,-101.202152713445,19.677423127356
36441,36446,2021,MOR210581161,2021/08/22,21:20:00,SALIDA DE SUPERFICIE DE RODAMIENTO,ASFALTO,Lluvioso,Regular,1,CHEVROLET,ROJO,0,MINISTERIO PÚBLICO,,,,0,0,Tzitzio,Sin datos,agosto,domingo,21,-101.065943891263,19.5220747001338
36442,36447,2021,LEG38724,2021/08/22,21:30:00,COLISIÓN POR CAMBIO DE CARRIL,SIN_DATOS,Lluvioso,Bueno,2,DODGE,AZUL,2,,38,FEMENINO,SIN DATOS,0,0,Tarímbaro,Sin datos,agosto,domingo,22,-101.12753634087,19.7775971663599
36443,36448,2021,,2021/08/23,"00:00:00",SUBIDA AL CAMELLÓN,ASFALTO,Lluvioso,Bueno,1,ITALIKA,NEGRA,1,,24,MASCULINO,ALIENTO ETÍLICO,0,0,Tarímbaro,Sin datos,agosto,lunes,0,-101.13,19.7723
36445,36450,2021,,2021/08/23,"07:03:00",COLISIÓN POR CORTE DE CIRCULACIÓN,ASFALTO,Bueno,Bueno,2,CHEVROLET,BLANCO,2,,30,MASCULINO,SIN DATOS,0,0,Morelia,Jose Ma Pino Suarez,agosto,lunes,7,-101.165016828611,19.7269394760283
36446,36451,2021,LEG38759,2021/08/23,"08:33:00",COLISIÓN POR CORTE DE CIRCULACIÓN,ASFALTO,Bueno,Bueno,2,FORD,GRIS,2,MINISTERIO PÚBLICO,35,FEMENINO,SIN DATOS,0,0,Morelia,Bosques de Oriente,agosto,lunes,9,-101.153631887641,19.7170807927662
36447,36452,2021,,2021/08/23,"09:25:00",COLISIÓN POR ALCANCE,ASFALTO,Bueno,Bueno,2,GIANT MOTORS,ROJO,2,,35,MASCULINO,SIN DATOS,0,0,Morelia,Sentimientos de La Nacion,agosto,lunes,9,-101.233194944297,19.682432823539
36449,36454,2021,,2021/08/23,13:00:00,COLISIÓN POR INVASIÓN DE CARRIL,ASFALTO,Bueno,Bueno,2,INTERNACIONAL,VERDE,2,,45,MASCULINO,SIN DATOS,0,0,Morelia,Centro,agosto,lunes,13,-101.187841147184,19.6970860043728
36450,36455,2021,,2021/08/23,13:20:00,COLISIÓN POR CORTE DE CIRCULACIÓN,ASFALTO,Bueno,Bueno,2,KIA,BLANCO,2,,42,MASCULINO,SIN DATOS,0,0,Morelia,Gertrudis Sanchez,agosto,lunes,13,-101.20095846996,19.7419966555421
36451,36456,2021,,2021/08/23,14:10:00,COLISIÓN CONTRA OBJETO FIJO,CONCRETO,Bueno,Bueno,2,DINA,ROJO,2,,55,MASCULINO,SIN DATOS,0,0,Morelia,Central de Abastos,agosto,lunes,14,-101.166417033169,19.7156238893381
36452,36457,2021,,2021/08/23,15:00:00,COLISIÓN POR CORTE DE CIRCULACIÓN,ASFALTO,Bueno,Bueno,2,CHEVROLET,NEGRO,2,MINISTERIO PÚBLICO,0,MASCULINO,SIN DATOS,0,0,Morelia,Felix Arreguin,agosto,lunes,15,-101.223018318415,19.7196959895132
36453,36458,2021,,2021/08/23,15:00:00,COLISIÓN POR ALCANCE,ASFALTO,Bueno,Bueno,2,MEXICANA DE AUTOBUSES,BLANCO,2,MINISTERIO PÚBLICO,47,MASCULINO,SIN DATOS,0,0,Morelia,Sin datos,agosto,lunes,15,-101.17296793244,19.7485209443467
36455,36460,2021,,2021/08/23,17:00:00,COLISIÓN POR MANIOBRA DE REVERSA,CONCRETO,Bueno,Bueno,2,CHEVROLET,BLANCO,2,,30,MASCULINO,SIN DATOS,0,0,Morelia,Loma Larga Etapa Ii,agosto,lunes,17,-101.20536001,19.6549724699991