fid,id_accidente,anio_origen,folio_c5i,dia_incidente,hora_ocurrencia,tipo_incidente_vial,superficie_ocurrencia,condiciones_climaticas,condiciones_via,numero_vehiculos_involucrados,marca_vehiculo_ocasiona_siniestro,color_vehiculo_ocasiona_siniestro,numero_personas_involucradas,lugar_remite_presunto_responsable,edad_presunto_responsable,sexo_presunto_responsable,resultados_toxicologia,numero_personas_lesionadas,numero_personas_fallecidas,municipio,colonia,mes,dia_semana,hora_redondeada,lon,lat
36456,36461,2021,,2021/08/23,18:05:00,COLISIÓN POR ALCANCE,ASFALTO,Lluvioso,Bueno,2,VOLKSWAGEN,AZUL,2,MINISTERIO PÚBLICO,47,MASCULINO,CON CERTIFICADO,0,0,Pátzcuaro,Centro,agosto,lunes,18,-101.607186604615,19.5237222671499
36457,36462,2021,,2021/08/23,19:00:00,COLISIÓN POR INVASIÓN DE CARRIL,ASFALTO,Nublado,Regular,2,TOYOTA,CHAMPAGNE,3,MINISTERIO PÚBLICO,63,FEMENINO,SIN DATOS,1,0,Morelia,Guadalupe,agosto,lunes,19,-101.224117688835,19.709354628673
36458,36463,2021,,2021/08/23,19:10:00,COLISIÓN POR CORTE DE CIRCULACIÓN,ASFALTO,Nublado,Regular,2,KENWORTH,GRIS,2,,27,MASCULINO,SIN DATOS,0,0,Morelia,Campestre Los Manantiales,agosto,lunes,19,-101.238145001911,19.6878000708738
36459,36464,2021,MOR210583277,2021/08/23,19:25:00,COLISIÓN POR CORTE DE CIRCULACIÓN,CONCRETO,Bueno,Bueno,2,CHEVROLET,ARENA,2,,23,MASCULINO,ALIENTO ETÍLICO,0,0,Morelia,Prados Verdes,agosto,lunes,19,-101.19721026,19.7150711099991
36460,36465,2021,MOR210581332,2021/08/23,22:35:00,SALIDA DE SUPERFICIE DE RODAMIENTO,ASFALTO,Lluvioso,Bueno,1,FORD,AZUL,1,,33,MASCULINO,ALIENTO ETÍLICO,0,0,Morelia,Del Prendimiento,agosto,lunes,23,-101.387824353099,19.6669094028484
36462,36467,2021,MOR/ 210584276,2021/08/24,"00:00:00",COLISIÓN POR CORTE DE CIRCULACIÓN,CONCRETO,Bueno,Bueno,2,FORD,AZUL,2,,34,MASCULINO,SIN DATOS,0,0,Morelia,Central de Abastos,agosto,martes,0,-101.16849568,19.7166130399991
36463,36468,2021,MOR210584143,2021/08/24,"08:10:00",COLISIÓN POR ALCANCE,CONCRETO,Bueno,Bueno,2,DODGE,ARENA,2,,27,MASCULINO,SIN DATOS,0,0,Morelia,Reforma,agosto,martes,8,-101.240796241532,19.7078956687036
36464,36469,2021,MOR 210584118,2021/08/24,"09:15:00",COLISIÓN CONTRA OBJETO FIJO,ASFALTO,Bueno,Regular,2,FREIHLINER,ANARANJADO,1,MINISTERIO PÚBLICO,35,MASCULINO,SIN DATOS,0,0,Morelia,Balcones de Santa Maria,agosto,martes,9,-101.18575874716,19.6753063068639
36465,36470,2021,LEG38762,2021/08/24,11:45:00,COLISIÓN CON PEATÓN,ASFALTO,Bueno,Bueno,1,HONDA,BLANCO,2,MINISTERIO PÚBLICO,31,FEMENINO,SIN DATOS,1,0,Morelia,Villas del Sol,agosto,martes,12,-101.229532032527,19.6948476840909
36466,36471,2021,,2021/08/24,12:00:00,COLISIÓN POR CORTE DE CIRCULACIÓN,ASFALTO,Bueno,Bueno,2,SIN DATOS,BLANCO,2,,,,SIN DATOS,0,0,Morelia,La Quemada,agosto,martes,12,-101.241993606091,19.7055060552924
36467,36472,2021,,2021/08/24,14:00:00,COLISIÓN POR CORTE DE CIRCULACIÓN,ASFALTO,Bueno,Bueno,2,HONDA,NEGRO,2,,,MASCULINO,SIN DATOS,0,0,Morelia,Isaac Arriaga,agosto,martes,14,-101.167694347859,19.709924751906
36468,36473,2021,,2021/08/24,15:20:00,COLISIÓN POR ALCANCE,CONCRETO,Bueno,Bueno,2,MITSUBISHI,AZUL,2,,,MASCULINO,SIN DATOS,0,0,Morelia,Centro,agosto,martes,15,-101.182279586792,19.7043141589643
36469,36474,2021,MOR210585589,2021/08/24,19:03:00,COLISIÓN POR NO RESPETAR SEMÁFORO,ASFALTO,Nublado,Bueno,2,CHEVROLET,BLANCO,2,,31,MASCULINO,SIN DATOS,0,0,Morelia,Centro,agosto,martes,19,-101.18754847,19.7028479949991
36470,36475,2021,,2021/08/25,"09:00:00",COLISIÓN POR CAMBIO DE CARRIL,ASFALTO,Bueno,Bueno,2,INTERNACIONAL,BLANCO,2,,58,MASCULINO,SIN DATOS,0,0,Morelia,Eva Samano,agosto,miércoles,9,-101.19854620912,19.7290754673366
36471,36476,2021,,2021/08/25,12:14:00,COLISIÓN POR CORTE DE CIRCULACIÓN,ASFALTO,Bueno,Bueno,2,MERCEDES BENZ,BLANCO,2,,33,MASCULINO,SIN DATOS,0,0,Morelia,Las Americas,agosto,miércoles,12,-101.15221336484,19.688515593459
36473,36478,2021,LEG38777,2021/08/25,15:57:00,CAIDA DE MOTOCICLETA,ASFALTO,Bueno,Bueno,1,ITALIKA,ROJO Y NEGRO,2,,48,MASCULINO,SIN DATOS,1,0,Morelia,Sin datos,agosto,miércoles,16,-101.114249713719,19.7368070184355
36474,36479,2021,,2021/08/25,16:20:00,COLISIÓN POR MANIOBRA DE REVERSA,CONCRETO,Nublado,Bueno,2,RENAULT,GRIS,2,,57,MASCULINO,SIN DATOS,0,0,Morelia,Juarez,agosto,miércoles,16,-101.195385561061,19.6955471625313
36475,36480,2021,,2021/08/25,17:30:00,COLISIÓN POR CORTE DE CIRCULACIÓN,ASFALTO,Bueno,Bueno,2,HONDA,ROJO,2,,16,MASCULINO,SIN DATOS,0,0,Morelia,Josefa Ortiz de Dominguez,agosto,miércoles,18,-101.209291473709,19.7259343747804
36476,36481,2021,,2021/08/25,18:55:00,COLISIÓN POR CORTE DE CIRCULACIÓN,ASFALTO,Bueno,Bueno,2,NISSAN,GRIS,2,,20,MASCULINO,SIN DATOS,0,0,Morelia,Buenavista,agosto,miércoles,19,-101.161785162985,19.7057750105203
36477,36482,2021,LEG38779,2021/08/25,19:04:00,COLISIÓN CONTRA OBJETO FIJO,ASFALTO,Bueno,Bueno,1,CHEVROLET,PLATA,1,,0,,SIN DATOS,0,0,Morelia,Vasco de Quiroga,agosto,miércoles,19,-101.17359663,19.6985470199991
36478,36483,2021,,2021/08/25,22:33:00,COLISIÓN POR CORTE DE CIRCULACIÓN,ASFALTO,Bueno,Bueno,2,BAJAJ,NEGRO,1,MINISTERIO PÚBLICO,45,MASCULINO,SIN DATOS,0,0,Morelia,Villas del Pedregal,agosto,miércoles,23,-101.305507675492,19.6728027187656
36479,36484,2021,MOR210590828,2021/08/26,"01:30:00",COLISIÓN POR CORTE DE CIRCULACIÓN,ASFALTO,Bueno,Bueno,2,TOYOTA,GRIS,2,MINISTERIO PÚBLICO,42,MASCULINO,SIN DATOS,0,0,Tarímbaro,Sin datos,agosto,jueves,2,-101.101037487388,19.7857901841995
36480,36485,2021,MOR 210588760,2021/08/26,"08:25:00",COLISIÓN POR CAMBIO DE CARRIL,ASFALTO,Bueno,Regular,3,CHEVROLET,AZUL,3,,54,MASCULINO,SIN DATOS,0,0,Morelia,Santillan La Huerta,agosto,jueves,8,-101.219553885717,19.6760966650679
36481,36486,2021,MOR210589038,2021/08/26,"09:31:00",COLISIÓN POR CAMBIO DE CARRIL,ASFALTO,Bueno,Bueno,2,HINO,BLANCO,2,,39,MASCULINO,SIN DATOS,0,0,Morelia,Eucaliptos (Gigantes de Michoacan),agosto,jueves,10,-101.151855625212,19.6982359722717
36482,36487,2021,MOR2105892901,2021/08/26,12:45:00,COLISIÓN POR CAMBIO DE CARRIL,ASFALTO,Bueno,Bueno,2,MERCEDES BENZ,BLANCO,2,,27,MASCULINO,SIN DATOS,0,0,Morelia,Ventura Puente,agosto,jueves,13,-101.195349259808,19.6922547804744
36483,36488,2021,,2021/08/26,13:30:00,COLISIÓN POR CORTE DE CIRCULACIÓN,ASFALTO,Bueno,Bueno,2,RENAULT,GRIS,2,,35,FEMENINO,SIN DATOS,0,0,Morelia,Centro,agosto,jueves,14,-101.188786290586,19.7090849908144
36484,36489,2021,"210590134",2021/08/26,17:40:00,COLISIÓN POR CAMBIO DE CARRIL,ASFALTO,Bueno,Bueno,2,CHEVOLET,PLATA,2,MINISTERIO PÚBLICO,46,MASCULINO,SIN DATOS,0,0,Tarímbaro,Sin datos,agosto,jueves,18,-101.171656422022,19.7510833612861
36485,36490,2021,MOR210590272,2021/08/26,19:27:00,COLISIÓN POR CAMBIO DE CARRIL,ASFALTO,Bueno,Regular,2,KENWORTH,AZUL,2,,44,MASCULINO,SIN DATOS,0,0,Morelia,Francisco J Mujica,agosto,jueves,19,-101.184669404544,19.724979907196
36486,36491,2021,MOR210590408,2021/08/26,20:00:00,COLISIÓN POR MANIOBRA DE REVERSA,ASFALTO,Bueno,Bueno,2,VOLKSWAGEN,BLANCO,2,,34,MASCULINO,SIN DATOS,0,0,Morelia,Cuauhtemoc,agosto,jueves,20,-101.180005104028,19.6949442481592
36487,36492,2021,MOR210590540,2021/08/26,20:45:00,COLISIÓN CONTRA OBJETO FIJO,ASFALTO,Bueno,Bueno,2,FREIGHTLINER,ROJO,1,MINISTERIO PÚBLICO,40,MASCULINO,ALIENTO ETÍLICO,0,0,Morelia,Nicolaitas Ilustres,agosto,jueves,21,-101.224950825795,19.7241522901055
36488,36493,2021,,2021/08/26,20:50:00,COLISIÓN POR CORTE DE CIRCULACIÓN,ASFALTO,Bueno,Bueno,2,NISSAN,PLATA,2,,50,MASCULINO,SIN DATOS,0,0,Morelia,Erendira,agosto,jueves,21,-101.16488543085,19.7019313153116
36489,36494,2021,,2021/08/27,"00:00:00",COLISIÓN POR ALCANCE,ASFALTO,Bueno,Bueno,2,DINA,ROJO,2,,28,MASCULINO,SIN DATOS,0,0,Morelia,Felix Ireta,agosto,viernes,0,-101.181436976924,19.6815053546472
36490,36495,2021,,2021/08/27,"07:40:00",COLISIÓN POR CORTE DE CIRCULACIÓN,ASFALTO,Bueno,Bueno,2,CHEVROLET,ROJO,2,,,MASCULINO,SIN DATOS,0,0,Morelia,Nueva Valladolid,agosto,viernes,8,-101.208272203803,19.700331599267
36491,36496,2021,,2021/08/27,"09:45:00",VOLCADURA,ASFALTO,Bueno,Bueno,2,CHEVROLET,BLANCO,2,,22,MASCULINO,SIN DATOS,0,0,Cuitzeo,Sin datos,agosto,viernes,10,-101.124695912004,19.9557999174522
36492,36497,2021,,2021/08/27,17:05:00,SALIDA DE SUPERFICIE DE RODAMIENTO,ASFALTO,Lluvioso,Regular,1,VOLKSWAGEN,ARENA,1,,29,FEMENINO,SIN DATOS,0,0,Morelia,Rinconada del Valle,agosto,viernes,17,-101.218469627202,19.6786318983116
36493,36498,2021,MOR210592256,2021/08/27,17:20:00,COLISIÓN POR ALCANCE,ASFALTO,Bueno,Bueno,2,NISSAN,BLANCO,2,,25,MASCULINO,SIN DATOS,0,0,Morelia,Xangari,agosto,viernes,17,-101.220710277557,19.6741066375146
36494,36499,2021,,2021/08/27,19:50:00,COLISIÓN POR ALCANCE,ASFALTO,Bueno,Bueno,2,MERCEDEZ BENZ,GRIS,2,,60,MASCULINO,SIN DATOS,0,0,Morelia,Felix Ireta,agosto,viernes,20,-101.180839453905,19.6848970820334
36495,36500,2021,MOR210592814,2021/08/27,21:00:00,COLISIÓN POR NO RESPETAR SEMÁFORO,ASFALTO,Lluvioso,Bueno,2,NISSAN,BLANCO/ROJO,2,MINISTERIO PÚBLICO,52,MASCULINO,SIN DATOS,0,0,Morelia,Felix Ireta,agosto,viernes,21,-101.187568232417,19.6899128521036
36496,36501,2021,,2021/08/27,21:40:00,SALIDA DE SUPERFICIE DE RODAMIENTO,CONCRETO,Lluvioso,Regular,1,FORD,GRIS,1,,50,MASCULINO,SIN DATOS,0,0,Morelia,Eva Samano,agosto,viernes,22,-101.199436275795,19.7314361020199
36497,36502,2021,,2021/08/27,22:40:00,SUBIDA AL CAMELLÓN,ASFALTO,Bueno,Bueno,1,MITSUBISI,GUINDA,1,,53,FEMENINO,SIN DATOS,0,0,Morelia,Tzindurio de Morelos,agosto,viernes,23,-101.242630233554,19.6971822388854
36498,36503,2021,,2021/08/27,23:30:00,COLISIÓN POR MANIOBRA DE REVERSA,ASFALTO,Bueno,Bueno,2,CHEVROLET,BLANCO,2,,23,MASCULINO,SIN DATOS,0,0,Morelia,Lomas del Tecnologico,agosto,viernes,0,-101.193178103063,19.7233286335427
36499,36504,2021,,2021/08/28,"03:05:00",COLISIÓN CONTRA OBJETO FIJO,ASFALTO,Bueno,Bueno,1,RENAULT,ROJO,1,,29,FEMENINO,SIN DATOS,0,0,Morelia,Ana Maria Gallaga (Riviera),agosto,sábado,3,-101.227972388946,19.6744680029725
36500,36505,2021,MOR210593386,2021/08/28,"06:00:00",COLISIÓN CONTRA OBJETO FIJO,ASFALTO,Bueno,Bueno,1,MERCEDES BENZ,ROJO,1,,31,MASCULINO,ALIENTO ETÍLICO,0,0,Morelia,Los Manantiales de Morelia,agosto,sábado,6,-101.242962218821,19.7004193504737
36501,36506,2021,MOR210593602,2021/08/28,10:30:00,VOLCADURA,ASFALTO,Bueno,Bueno,1,FORD,ROJO,2,MINISTERIO PÚBLICO,29,MASCULINO,SIN DATOS,1,0,Morelia,El Lago 3,agosto,sábado,11,-101.221761703491,19.7272610715166
36502,36507,2021,,2021/08/28,11:00:00,COLISIÓN POR MANIOBRA DE REVERSA,ASFALTO,Nublado,Regular,2,FORD,BLANCO,2,MINISTERIO PÚBLICO,,MASCULINO,ALIENTO ETÍLICO,0,0,Morelia,Indeco Expropiacion Petrolera,agosto,sábado,11,-101.226654723287,19.6872346642764
36503,36508,2021,MOR210593640,2021/08/28,11:50:00,COLISIÓN POR CAMBIO DE CARRIL,ASFALTO,Bueno,Bueno,2,FORD,BLANCO,2,,69,MASCULINO,SIN DATOS,0,0,Morelia,Morelos,agosto,sábado,12,-101.210470578886,19.6954834850118
36504,36509,2021,MOR210593902,2021/08/28,13:50:00,COLISIÓN POR CAMBIO DE CARRIL,ASFALTO,Bueno,Bueno,2,VOSLKWAGEN,BLANCO,3,,36,MASCULINO,SIN DATOS,1,0,Morelia,Ana Maria Gallaga (Riviera Norte),agosto,sábado,14,-101.222680390549,19.6766572730427
36505,36510,2021,LEG38818,2021/08/28,14:20:00,COLISIÓN POR CAMBIO DE CARRIL,ASFALTO,Bueno,Bueno,2,DINA,BLANCO,2,,44,MASCULINO,SIN DATOS,0,0,Morelia,Union,agosto,sábado,14,-101.156920976937,19.714536884278
36506,36511,2021,MOR210123654,2021/08/28,15:40:00,COLISIÓN POR CORTE DE CIRCULACIÓN,ASFALTO,Nublado,Bueno,2,KEENWORTH,NARANJA,2,,21,MASCULINO,SIN DATOS,0,0,Morelia,Union,agosto,sábado,16,-101.156867637562,19.7145744722131
36507,36512,2021,,2021/08/28,17:00:00,COLISIÓN POR CORTE DE CIRCULACIÓN,ASFALTO,Bueno,Bueno,2,JEEP,GRIS,2,,35,MASCULINO,SIN DATOS,0,0,Morelia,Campo Real,agosto,sábado,17,-101.19965413005,19.6551718993966
36508,36513,2021,,2021/08/28,17:00:00,SALIDA DE SUPERFICIE DE RODAMIENTO,ASFALTO,Lluvioso,Bueno,1,NISSAN,BLANCO,1,,50,MASCULINO,SIN DATOS,0,0,Charo,De Santiago,agosto,sábado,17,-101.044372,19.745476
36510,36515,2021,MOR210594321,2021/08/28,17:39:00,COLISIÓN POR NO RESPETAR SEMÁFORO,ASFALTO,Lluvioso,Regular,2,FORD,GRIS,2,,18,MASCULINO,SIN DATOS,0,0,Morelia,Las Americas,agosto,sábado,18,-101.152208305217,19.6885270438633
36511,36516,2021,,2021/08/28,19:55:00,COLISIÓN POR CORTE DE CIRCULACIÓN,ASFALTO,Lluvioso,Bueno,2,NISSAN,BLANCO/AMARILLO,2,,31,MASCULINO,SIN DATOS,0,0,Morelia,Ricardo Flores Magon,agosto,sábado,20,-101.243121444501,19.7070637683673
36512,36517,2021,,2021/08/28,20:30:00,COLISIÓN POR CORTE DE CIRCULACIÓN,ASFALTO,Lluvioso,Bueno,2,FORD,BLANCO,2,,0,MASCULINO,SIN DATOS,0,0,Morelia,Cuauhtemoc,agosto,sábado,21,-101.17902460423,19.694784235854
36513,36518,2021,,2021/08/28,22:00:00,COLISIÓN POR CORTE DE CIRCULACIÓN,ASFALTO,Bueno,Bueno,2,YAMAHA,ROJO,2,,46,MASCULINO,SIN DATOS,0,0,Morelia,Cuauhtemoc,agosto,sábado,22,-101.178753457295,19.6966476117151
36514,36519,2021,MOR210594947,2021/08/28,22:20:00,COLISIÓN POR MANIOBRA DE REVERSA,ASFALTO,Lluvioso,Regular,2,FORD,AZUL,2,,48,MASCULINO,ALIENTO ETÍLICO,0,0,Morelia,Lomas del Valle,agosto,sábado,22,-101.232604533434,19.6868466958361
36515,36520,2021,MOR210594680,2021/08/29,"00:00:00",COLISIÓN POR CORTE DE CIRCULACIÓN,CONCRETO,Bueno,Bueno,2,FORD,GRIS,2,,53,MASCULINO,SIN DATOS,0,0,Morelia,Cuauhtemoc,agosto,domingo,0,-101.178758943626,19.6962388038187
36516,36521,2021,MOR210 595238,2021/08/29,"00:00:00",CAIDA DE MOTOCICLETA,CONCRETO,Lluvioso,Bueno,1,YAMAHA,ROJO,0,,,,,0,0,Morelia,La Hacienda,agosto,domingo,0,-101.314978555513,19.6850116746958
36517,36522,2021,,2021/08/29,"00:00:00",COLISIÓN POR ALCANCE,ASFALTO,Bueno,Bueno,2,NISSAN,ROJO,2,,20,MASCULINO,SIN DATOS,0,0,Morelia,Irrigacion,agosto,domingo,0,-101.225131594323,19.7046783544345
36518,36523,2021,,2021/08/29,"00:00:00",COLISIÓN POR CORTE DE CIRCULACIÓN,ASFALTO,Nublado,Regular,1,FORD,GRIS,1,,0,MASCULINO,SIN DATOS,0,0,Santa Ana Maya,Centro,agosto,domingo,0,-101.018467725002,20.006503929961
36519,36524,2021,MOR 210595122,2021/08/29,"00:05:00",COLISIÓN CONTRA OBJETO FIJO,ASFALTO,Lluvioso,Regular,1,NISSAN,BLANCO,1,,30,MASCULINO,SIN DATOS,0,0,Morelia,Francisco J Mujica,agosto,domingo,0,-101.184678457009,19.7249724187834
36520,36525,2021,MOR210595183,2021/08/29,"00:42:00",COLISIÓN POR CORTE DE CIRCULACIÓN,CONCRETO,Bueno,Bueno,1,FORD,GRIS,1,,32,FEMENINO,SIN DATOS,0,0,Morelia,Juarez,agosto,domingo,1,-101.195490776814,19.6922911396715
36521,36526,2021,LEG38825,2021/08/29,"01:05:00",COLISIÓN POR ALCANCE,ASFALTO,Lluvioso,Bueno,2,HONDA,AZUL,2,,26,MASCULINO,SIN DATOS,0,0,Morelia,El Lago 1,agosto,domingo,1,-101.214895248413,19.7269606211882
36522,36527,2021,,2021/08/29,"01:10:00",COLISIÓN CONTRA OBJETO FIJO,CONCRETO,Lluvioso,Bueno,1,FORD,PLATA,1,,32,MASCULINO,SIN DATOS,0,0,Morelia,Tres Puentes,agosto,domingo,1,-101.213740252637,19.7026696448194
36523,36528,2021,MOR/210595222,2021/08/29,"01:20:00",COLISIÓN POR CAMBIO DE CARRIL,CONCRETO,Lluvioso,Regular,2,ITALIKA,AZUL,2,,26,MASCULINO,SIN DATOS,0,0,Morelia,3 de Agosto,agosto,domingo,1,-101.172777221275,19.7322979774606
36524,36529,2021,MOR  210595260,2021/08/29,"01:45:00",COLISIÓN POR CORTE DE CIRCULACIÓN,ASFALTO,Lluvioso,Regular,2,ITALIKA,NEGRO/NARANJA,2,,45,MASCULINO,SIN DATOS,0,0,Tarímbaro,Sin datos,agosto,domingo,2,-101.153972893953,19.7694074847389
36525,36530,2021,,2021/08/29,"03:40:00",COLISIÓN POR CORTE DE CIRCULACIÓN,ASFALTO,Nublado,Bueno,1,PEUGEOT,NARANJA IMPERIA,1,,32,MASCULINO,SIN DATOS,0,0,Morelia,Las Americas,agosto,domingo,4,-101.157419837333,19.6878056956559
36526,36531,2021,MOR210595449,2021/08/29,"04:50:00",COLISIÓN POR ALCANCE,ASFALTO,Lluvioso,Bueno,2,DODGE,PLATA,2,MINISTERIO PÚBLICO,27,MASCULINO,SIN DATOS,0,0,Morelia,Campobello,agosto,domingo,5,-101.236852512442,19.6677616436247
36527,36532,2021,MOR210-,2021/08/29,"06:15:00",SALIDA DE SUPERFICIE DE RODAMIENTO,ASFALTO,Nublado,Malo,1,CHEVROLET,ROJO,1,,27,MASCULINO,SIN DATOS,0,0,Morelia,Felicitas del Rio,agosto,domingo,6,-101.196998208761,19.6924433201773
36528,36533,2021,,2021/08/29,"06:59:00",COLISIÓN CONTRA OBJETO FIJO,ASFALTO,Bueno,Bueno,1,VOLKSWAGEN,BLANCO,1,,32,FEMENINO,SIN DATOS,0,0,Morelia,Justo Mendoza,agosto,domingo,7,-101.231168820118,19.7143437510208
36529,36534,2021,MOR/2105955442,2021/08/29,"07:30:00",COLISIÓN CONTRA OBJETO FIJO,CONCRETO,Nublado,Regular,2,STARLING,GRIS,1,,31,MASCULINO,CON CERTIFICADO,0,0,Morelia,Balcones de Morelia,agosto,domingo,8,-101.200982630253,19.6716302390127
36530,36535,2021,MOR210595592,2021/08/29,"07:47:00",COLISIÓN POR INVASIÓN DE CARRIL,ASFALTO,Bueno,Bueno,2,CHEVROLET,ROJO,2,,25,MASCULINO,SIN DATOS,0,0,Morelia,Campestre Los Manantiales,agosto,domingo,8,-101.239651031792,19.6909836096013
36531,36536,2021,MOR210595572,2021/08/29,"08:16:00",SALIDA DE SUPERFICIE DE RODAMIENTO,ASFALTO,Bueno,Bueno,1,KODIAK,BLANCO,1,,32,MASCULINO,SIN DATOS,0,0,Morelia,Colinas del Sol,agosto,domingo,8,-101.136069727889,19.7292862561023
36532,36537,2021,LEG38820,2021/08/29,11:10:00,COLISIÓN POR CAMBIO DE CARRIL,ASFALTO,Bueno,Bueno,3,INTERNATIONAL,BLANCO,3,,42,MASCULINO,SIN DATOS,0,0,Morelia,Ana Maria Gallaga (Riviera Norte),agosto,domingo,11,-101.221384121611,19.676899356307
36533,36538,2021,MOR210595203,2021/08/29,12:42:00,COLISIÓN CONTRA OBJETO FIJO,CONCRETO,Lluvioso,Regular,1,MAZDA,GRIS,1,,26,MASCULINO,SIN DATOS,0,0,Morelia,Tres Puentes,agosto,domingo,13,-101.215706311845,19.7037226121656
36534,36539,2021,LEG38830,2021/08/29,13:55:00,COLISIÓN POR INVASIÓN DE CARRIL,ASFALTO,Nublado,Bueno,1,CHEVROLET,NEGRO,1,,28,MASCULINO,SIN DATOS,0,0,Morelia,Enrique Arreguin Robles,agosto,domingo,14,-101.180015802383,19.7212027223465
36535,36540,2021,MOR210594252,2021/08/29,14:30:00,COLISIÓN POR CORTE DE CIRCULACIÓN,CONCRETO,Lluvioso,Regular,2,VOLKSWAGEN,BLANCO,2,,40,MASCULINO,SIN DATOS,0,0,Morelia,La Soledad,agosto,domingo,15,-101.18537894026,19.727181253695
36536,36541,2021,LEG38827,2021/08/29,17:52:00,COLISIÓN POR CORTE DE CIRCULACIÓN,CONCRETO,Bueno,Bueno,2,NISSAN,BLANCO,2,,36,MASCULINO,SIN DATOS,0,0,Morelia,Centro,agosto,domingo,18,-101.200225576758,19.7012052353728
36537,36542,2021,,2021/08/29,19:30:00,COLISIÓN CONTRA OBJETO FIJO,SIN_DATOS,Bueno,Bueno,2,JEEP,GUINDA,2,,18,FEMENINO,SIN DATOS,0,0,Morelia,La Colina,agosto,domingo,20,-101.215237870144,19.7120819713348
36538,36543,2021,LEG38847,2021/08/29,21:00:00,COLISIÓN POR ALCANCE,CONCRETO,Bueno,Regular,2,FORD,GRIS,2,,44,MASCULINO,SIN DATOS,0,0,Morelia,Vicente Lombardo Toledano (Ejidal Isacc Arriaga) (Etnias de Mexico),agosto,domingo,21,-101.14844083786,19.7116447388334
36539,36544,2021,MOR210595299,2021/08/29,22:30:00,COLISIÓN POR MANIOBRA DE REVERSA,ASFALTO,Lluvioso,Regular,2,VOLKSWAGEN,PLATA,2,,43,MASCULINO,SIN DATOS,0,0,Morelia,Ignacio Zaragoza,agosto,domingo,23,-101.207677423954,19.7258190941491
36540,36545,2021,MOR210598710,2021/08/30,"00:00:00",COLISIÓN POR INVASIÓN DE CARRIL,ASFALTO,Bueno,Bueno,2,FORD,AZUL,2,MINISTERIO PÚBLICO,47,MASCULINO,SIN DATOS,0,0,Morelia,Isaac Arriaga,agosto,lunes,0,-101.167710772301,19.7094284296552
36541,36546,2021,,2021/08/30,"04:30:00",COLISIÓN CONTRA OBJETO FIJO,CONCRETO,Nublado,Bueno,1,KURASAI,AZUL PLATA,0,,,,,0,0,Morelia,San Juanito Itzicuaro,agosto,lunes,5,-101.25427547165,19.6771111609085
36542,36547,2021,,2021/08/30,"09:00:00",COLISIÓN POR ALCANCE,ASFALTO,Nublado,Bueno,2,CHEVROLET,ROJA,2,MINISTERIO PÚBLICO,27,MASCULINO,SIN DATOS,0,0,Morelia,Comision Federal de Electricidad,agosto,lunes,9,-101.177661798216,19.6816110817486
36543,36548,2021,,2021/08/30,"09:00:00",COLISIÓN POR CORTE DE CIRCULACIÓN,ASFALTO,Bueno,Bueno,2,NISSAN,BLANCO,2,,30,MASCULINO,SIN DATOS,0,0,Morelia,Loma Bonita,agosto,lunes,9,-101.19626654,19.7199183999992
36544,36549,2021,,2021/08/30,11:35:00,COLISIÓN POR CORTE DE CIRCULACIÓN,CONCRETO,Bueno,Bueno,2,S/D,s,1,,36,MASCULINO,SIN DATOS,0,0,Morelia,Sin datos,agosto,lunes,12,-101.152870810834,19.6678322779176
36545,36550,2021,,2021/08/30,11:35:00,COLISIÓN POR CORTE DE CIRCULACIÓN,CONCRETO,Bueno,Bueno,2,VENTO,VERDE Y NEGRO,2,,20,MASCULINO,SIN DATOS,0,0,Morelia,Buenavista,agosto,lunes,12,-101.16542532938,19.7062482640997
36546,36551,2021,,2021/08/30,12:10:00,COLISIÓN POR ALCANCE,ASFALTO,Bueno,Bueno,2,NISSAN,BLANCO Y ROJO,2,,69,MASCULINO,SIN DATOS,0,0,Morelia,Jose Maria Morelos,agosto,lunes,12,-101.21995691,19.7172741849991
36547,36552,2021,MOR210598801,2021/08/30,12:40:00,COLISIÓN CONTRA OBJETO FIJO,ASFALTO,Bueno,Bueno,1,VOSLKWAGEN,PLATINO,1,,36,MASCULINO,SIN DATOS,0,0,Morelia,Del Prendimiento,agosto,lunes,13,-101.387824353099,19.6669094028484
36548,36553,2021,MOR 210598829,2021/08/30,14:20:00,COLISIÓN POR CAMBIO DE CARRIL,ASFALTO,Nublado,Regular,2,ITALIKA,NEGRO Y ROJO,2,,29,MASCULINO,SIN DATOS,0,0,Morelia,Centro,agosto,lunes,14,-101.18754847,19.7028479949991
36550,36555,2021,MOR210598875,2021/08/30,14:28:00,COLISIÓN POR CAMBIO DE CARRIL,ASFALTO,Bueno,Bueno,2,ITALIKA,NEGRO Y VERDE,2,,26,MASCULINO,SIN DATOS,0,0,Morelia,Sin datos,agosto,lunes,14,-101.263295710087,19.6392057052723
36551,36556,2021,,2021/08/30,16:45:00,COLISIÓN POR CORTE DE CIRCULACIÓN,ASFALTO,Lluvioso,Bueno,2,SUZUKI,PERLA,2,,27,MASCULINO,SIN DATOS,0,0,Morelia,Isaac Arriaga,agosto,lunes,17,-101.174314767122,19.7064328054383
36552,36557,2021,,2021/08/30,17:45:00,COLISIÓN POR CORTE DE CIRCULACIÓN,ASFALTO,Lluvioso,Regular,2,HONDA,ROJO,2,,,MASCULINO,SIN DATOS,0,0,Morelia,Jardines de Guadalupe,agosto,lunes,18,-101.222847358071,19.7146732337501