fid,id_accidente,anio_origen,folio_c5i,dia_incidente,hora_ocurrencia,tipo_incidente_vial,superficie_ocurrencia,condiciones_climaticas,condiciones_via,numero_vehiculos_involucrados,marca_vehiculo_ocasiona_siniestro,color_vehiculo_ocasiona_siniestro,numero_personas_involucradas,lugar_remite_presunto_responsable,edad_presunto_responsable,sexo_presunto_responsable,resultados_toxicologia,numero_personas_lesionadas,numero_personas_fallecidas,municipio,colonia,mes,dia_semana,hora_redondeada,lon,lat
36553,36558,2021,MOR210--,2021/08/30,18:20:00,COLISIÓN POR ALCANCE,ASFALTO,Lluvioso,Regular,2,FORD,PLATINO,2,,24,FEMENINO,SIN DATOS,0,0,Morelia,Lomas del Tecnologico,agosto,lunes,18,-101.196087324486,19.724292866042
36554,36559,2021,LEG38864,2021/08/30,19:35:00,COLISIÓN POR MANIOBRA DE REVERSA,ASFALTO,Nublado,Regular,2,NISSAN,PLATA,2,,60,MASCULINO,SIN DATOS,0,0,Morelia,Los Manantiales de Morelia,agosto,lunes,20,-101.240237765014,19.6927384116231
36555,36560,2021,MOR210599556,2021/08/30,19:50:00,COLISIÓN POR INVASIÓN DE CARRIL,CONCRETO,Bueno,Bueno,2,DINA,BLANCO,2,,27,MASCULINO,SIN DATOS,0,0,Morelia,Sin datos,agosto,lunes,20,-101.278466192462,19.6761756117659
36556,36561,2021,,2021/08/30,21:30:00,COLISIÓN POR INVASIÓN DE CARRIL,ASFALTO,Lluvioso,Bueno,2,OLDSMOBILE,ROJO,3,MINISTERIO PÚBLICO,32,,SIN DATOS,1,0,Irimbo,Sin datos,agosto,lunes,22,-100.461118102762,19.7174681140726
36557,36562,2021,,2021/08/30,21:40:00,COLISIÓN POR ALCANCE,ASFALTO,Bueno,Regular,4,HONDA,ACCORD,4,MINISTERIO PÚBLICO,16,MASCULINO,ALIENTO ETÍLICO,0,0,Morelia,Independencia,agosto,lunes,22,-101.17699167268,19.7052162385354
36558,36563,2021,,2021/08/30,23:40:00,SALIDA DE SUPERFICIE DE RODAMIENTO,ASFALTO,Bueno,Bueno,1,DODGE,GRIS,0,,,,,0,0,Morelia,La Soledad,agosto,lunes,0,-101.183291541585,19.7295219765433
36559,36564,2021,MOR210600007,2021/08/30,23:40:00,COLISIÓN CONTRA OBJETO FIJO,ASFALTO,Lluvioso,Bueno,1,JEEP,BLANCO,1,,46,MASCULINO,SIN DATOS,0,0,Morelia,Barrio Alto,agosto,lunes,0,-101.1882827,19.7276714
36560,36565,2021,,2021/08/31,11:30:00,COLISIÓN POR ALCANCE,ASFALTO,Bueno,Bueno,2,VOLKSWAGEN,CAFE,2,,36,MASCULINO,SIN DATOS,0,0,Morelia,La Soledad,agosto,martes,12,-101.183541596614,19.7271834628876
36561,36566,2021,,2021/08/31,15:00:00,COLISIÓN POR ALCANCE,ASFALTO,Bueno,Bueno,2,ITALIKA/DM200,AZUL VERDE,2,,21,MASCULINO,SIN DATOS,0,0,Morelia,Hospitales de Don Vasco,agosto,martes,15,-101.155455180191,19.7010613848871
36562,36567,2021,,2021/08/31,15:15:00,COLISIÓN POR ALCANCE,ASFALTO,Lluvioso,Regular,2,NISSAN,BLANCO,2,,22,MASCULINO,SIN DATOS,0,0,Morelia,Los Pinos de Michoacan,agosto,martes,15,-101.216341995381,19.6830711360487
36563,36568,2021,,2021/08/31,16:00:00,COLISIÓN POR CAMBIO DE CARRIL,CONCRETO,Bueno,Bueno,2,INTERNATIONAL,BLANCO,2,,41,MASCULINO,SIN DATOS,0,0,Morelia,Poblado de Ocolusen,agosto,martes,16,-101.149482876062,19.6946803827311
36564,36569,2021,,2021/08/31,16:40:00,COLISIÓN POR CORTE DE CIRCULACIÓN,ASFALTO,Lluvioso,Bueno,2,FORD,NEGRO,1,MINISTERIO PÚBLICO,0,MASCULINO,SIN DATOS,0,0,Pátzcuaro,El Calvario,agosto,martes,17,-101.618703857743,19.5136605801337
36565,36570,2021,,2021/08/31,17:00:00,COLISIÓN POR CAMBIO DE CARRIL,ASFALTO,Lluvioso,Bueno,2,CHEVROLET,BLANCO,2,,0,MASCULINO,SIN DATOS,0,0,Morelia,Obrera,agosto,martes,17,-101.187345334754,19.7082687574574
36566,36571,2021,MOR210602037,2021/08/31,17:09:00,COLISIÓN POR CAMBIO DE CARRIL,ASFALTO,Bueno,Regular,2,TOYOTA,BLANCO Y GRIS,2,,42,MASCULINO,SIN DATOS,0,0,Morelia,Sentimientos de La Nacion,agosto,martes,17,-101.234292648733,19.6788752987797
36567,36572,2021,MOR210601612,2021/08/31,17:09:00,COLISIÓN POR CAMBIO DE CARRIL,ASFALTO,Bueno,Regular,2,DINA,ROJO,2,,33,MASCULINO,SIN DATOS,0,0,Morelia,El Eden,agosto,martes,17,-101.249637840842,19.6460296588876
36568,36573,2021,,2021/08/31,17:40:00,COLISIÓN POR CORTE DE CIRCULACIÓN,ASFALTO,Nublado,Regular,2,VOLKSWAGEN,BLANCO,2,,36,MASCULINO,SIN DATOS,0,0,Morelia,Ana Maria Gallaga (Riviera Norte),agosto,martes,18,-101.222827546299,19.6766430092028
36569,36574,2021,,2021/08/31,18:45:00,COLISIÓN POR CAMBIO DE CARRIL,ASFALTO,Nublado,Bueno,2,VOLKSWAGEN /AMAROK,BLANCO,2,,29,MASCULINO,SIN DATOS,0,0,Morelia,Fray Antonio de Lisboa,agosto,martes,19,-101.146145202219,19.6935431019736
36570,36575,2021,,2021/08/31,19:45:00,COLISIÓN CONTRA OBJETO FIJO,ASFALTO,Bueno,Bueno,1,FORD,GRIS OXFORD,0,,,,,0,0,Morelia,Balcones de Santa Maria,agosto,martes,20,-101.187984950162,19.6762278649469
36571,36576,2021,LEG38881,2021/08/31,20:33:00,COLISIÓN POR CORTE DE CIRCULACIÓN,ASFALTO,Bueno,Bueno,2,AUDI,GRIS,2,,40,MASCULINO,SIN DATOS,0,0,Morelia,Santa Maria de Guido,agosto,martes,21,-101.193002083086,19.6772696984881
36572,36577,2021,,2021/08/31,22:50:00,SUBIDA AL CAMELLÓN,ASFALTO,Bueno,Regular,1,CHEVROLET,AZUL,1,,36,MASCULINO,SIN DATOS,0,0,Morelia,Tinijaro,agosto,martes,23,-101.259390718557,19.6970421852413
36573,36578,2021,,2021/08/31,22:57:00,COLISIÓN POR CAMBIO DE CARRIL,ASFALTO,Lluvioso,Regular,2,FORD,AZUL,2,,76,,CON CERTIFICADO,0,0,Morelia,Rafael Carrillo,agosto,martes,23,-101.234161525286,19.7108219476735
36574,36579,2021,,2021/09/01,"00:25:00",COLISIÓN POR CORTE DE CIRCULACIÓN,ASFALTO,Bueno,Bueno,2,ITALIKA,NEGRO,2,,17,MASCULINO,SIN DATOS,0,0,Morelia,Centro,septiembre,miércoles,0,-101.181267052889,19.7033501503226
36575,36580,2021,,2021/09/01,"07:20:00",COLISIÓN POR INVASIÓN DE CARRIL,CONCRETO,Bueno,Bueno,2,KTM,BLANCO,2,MINISTERIO PÚBLICO,23,MASCULINO,SIN DATOS,0,0,Morelia,Jardines de Torremolinos,septiembre,miércoles,7,-101.226202580319,19.6783745439089
36576,36581,2021,MOR210602666,2021/09/01,"08:00:00",COLISIÓN POR CORTE DE CIRCULACIÓN,CONCRETO,Bueno,Bueno,2,TVS,NEGRO,2,,20,MASCULINO,SIN DATOS,0,0,Morelia,Eduardo Ruiz,septiembre,miércoles,8,-101.220321415,19.7180526449992
36577,36582,2021,,2021/09/01,10:20:00,COLISIÓN POR MANIOBRA DE REVERSA,ASFALTO,Bueno,Bueno,1,TOYOTA,AZUL,1,,0,MASCULINO,SIN DATOS,0,0,Morelia,Villas del Real,septiembre,miércoles,10,-101.201081023944,19.734021525656
36578,36583,2021,,2021/09/01,11:30:00,COLISIÓN POR MANIOBRA DE REVERSA,CONCRETO,Bueno,Bueno,2,FREIGTHLINER,ROJO,2,,23,MASCULINO,SIN DATOS,0,0,Morelia,Los Pinos de Michoacan,septiembre,miércoles,12,-101.213164965553,19.6845064946218
36580,36585,2021,MOR 210603132,2021/09/01,12:40:00,COLISIÓN POR ALCANCE,ASFALTO,Nublado,Regular,2,NISSAN,BLANCO,2,,23,MASCULINO,SIN DATOS,0,0,Morelia,Mirador del Punhuato,septiembre,miércoles,13,-101.157403069452,19.7043089194707
36581,36586,2021,MOR210603588,2021/09/01,13:00:00,COLISIÓN POR CORTE DE CIRCULACIÓN,CONCRETO,Nublado,Regular,2,HONDA,PLATA,2,,0,MASCULINO,SIN DATOS,0,0,Morelia,Fidel Velazquez,septiembre,miércoles,13,-101.2361285,19.7061695
36582,36587,2021,MOR210603407,2021/09/01,13:15:00,COLISIÓN POR CORTE DE CIRCULACIÓN,ASFALTO,Bueno,Bueno,2,DINA,NEGRO,2,,24,MASCULINO,SIN DATOS,0,0,Morelia,Centro,septiembre,miércoles,13,-101.18754847,19.7028479949991
36583,36588,2021,MOR210603539,2021/09/01,15:24:00,COLISIÓN POR CORTE DE CIRCULACIÓN,ASFALTO,Lluvioso,Regular,2,NISSAN,BLANCO,2,,33,MASCULINO,SIN DATOS,0,0,Morelia,Santillan La Huerta,septiembre,miércoles,15,-101.219553885717,19.6760966650679
36584,36589,2021,,2021/09/01,15:30:00,COLISIÓN POR CORTE DE CIRCULACIÓN,ASFALTO,Lluvioso,Bueno,2,NISSAN,PLATA,2,MINISTERIO PÚBLICO,37,MASCULINO,SIN DATOS,0,0,Morelia,Libertad,septiembre,miércoles,16,-101.235485247231,19.6875403386505
36585,36590,2021,,2021/09/01,15:30:00,COLISIÓN POR INVASIÓN DE CARRIL,ASFALTO,Bueno,Bueno,2,VOLKSWAGEN,ROJO,2,MINISTERIO PÚBLICO,,,SIN DATOS,0,0,Tacámbaro,Sin datos,septiembre,miércoles,16,-101.495011045851,19.4035089958242
36586,36591,2021,MOR210603603,2021/09/01,15:50:00,COLISIÓN CONTRA OBJETO FIJO,ASFALTO,Lluvioso,Regular,2,DODGE,BLANCO,4,,35,MASCULINO,SIN DATOS,2,0,Morelia,Colinas del Sur,septiembre,miércoles,16,-101.199421622198,19.6652855893338
36587,36592,2021,,2021/09/01,15:56:00,COLISIÓN POR ALCANCE,ASFALTO,Bueno,Bueno,2,BEETLE,ROJO,2,MINISTERIO PÚBLICO,,,SIN DATOS,0,0,Pátzcuaro,Sin datos,septiembre,miércoles,16,-101.611390814853,19.4540977749762
36588,36593,2021,,2021/09/01,16:00:00,COLISIÓN POR CORTE DE CIRCULACIÓN,CONCRETO,Lluvioso,Bueno,2,TOYOTA,BLANCO Y GRIS,2,,27,MASCULINO,SIN DATOS,0,0,Morelia,Rincon Campestre,septiembre,miércoles,16,-101.142232515,19.6878326199991
36589,36594,2021,MOR210603804,2021/09/01,16:15:00,COLISIÓN POR CAMBIO DE CARRIL,ASFALTO,Lluvioso,Bueno,2,VOLKSWAGEN,BLANCO,2,,67,MASCULINO,SIN DATOS,0,0,Charo,De Santiago,septiembre,miércoles,16,-101.044372,19.745476
36590,36595,2021,,2021/09/01,16:20:00,COLISIÓN POR ALCANCE,ASFALTO,Lluvioso,Bueno,2,GMC,BLANCO,2,MINISTERIO PÚBLICO,0,MASCULINO,SIN DATOS,0,0,Pátzcuaro,Vuelta de Los Reyes,septiembre,miércoles,16,-101.605200581253,19.5052905561962
36591,36596,2021,,2021/09/01,18:00:00,COLISIÓN POR INVASIÓN DE CARRIL,CONCRETO,Lluvioso,Bueno,2,CHEVROLET,BLANCO,2,MINISTERIO PÚBLICO,0,,SIN DATOS,0,0,Morelia,Terrazas Tres Marias,septiembre,miércoles,18,-101.118,19.7007
36593,36598,2021,MOR210694067,2021/09/01,19:05:00,COLISIÓN CON PEATÓN,ASFALTO,Bueno,Bueno,2,CHEVROLET,BLANCO,4,,0,MASCULINO,SIN DATOS,2,0,Morelia,Obrera,septiembre,miércoles,19,-101.182860991234,19.7107343876966
36594,36599,2021,,2021/09/01,21:05:00,COLISIÓN POR CORTE DE CIRCULACIÓN,ASFALTO,Bueno,Bueno,2,JEEP,GRIS,2,,52,MASCULINO,SIN DATOS,0,0,Morelia,Poblado de Ocolusen,septiembre,miércoles,21,-101.150127649172,19.6944699261717
36595,36600,2021,MOR210604682,2021/09/01,22:35:00,COLISIÓN POR CORTE DE CIRCULACIÓN,ASFALTO,Nublado,Regular,2,DODGE,NEGRO,2,MINISTERIO PÚBLICO,22,MASCULINO,SIN DATOS,0,0,Morelia,Felix Ireta,septiembre,miércoles,23,-101.19214836,19.6911467449992
36596,36601,2021,,2021/09/01,23:00:00,COLISIÓN POR CORTE DE CIRCULACIÓN,ASFALTO,Bueno,Bueno,1,FORD,BLANCA,1,,,,SIN DATOS,0,0,Morelia,Praderas del Indio,septiembre,miércoles,23,-101.223494028547,19.6450845894654
36597,36602,2021,MOR210605715,2021/09/02,"00:00:00",COLISIÓN POR CAMBIO DE CARRIL,ASFALTO,Bueno,Regular,2,NISSAN,BLANCO,2,,18,MASCULINO,SIN DATOS,0,0,Morelia,Rinconada del Valle,septiembre,jueves,0,-101.218051568352,19.6795029264027
36598,36603,2021,MOR210604595,2021/09/02,"04:35:00",COLISIÓN CONTRA OBJETO FIJO,SIN_DATOS,Bueno,Bueno,1,VOLKSWAGEN,AZUL,1,,46,MASCULINO,SIN DATOS,0,0,Morelia,Villa Magna,septiembre,jueves,5,-101.325926520286,19.6784028338708
36599,36604,2021,,2021/09/02,"06:20:00",COLISIÓN CONTRA OBJETO FIJO,ASFALTO,Lluvioso,Malo,1,TOYOTA,GUINDA,2,MINISTERIO PÚBLICO,60,,SIN DATOS,0,1,Hidalgo,Centro,septiembre,jueves,6,-100.553271,19.691029
36600,36605,2021,,2021/09/02,"08:10:00",COLISIÓN POR CORTE DE CIRCULACIÓN,ASFALTO,Bueno,Bueno,2,ITALIKA,VERDE,3,MINISTERIO PÚBLICO,25,MASCULINO,SIN DATOS,1,0,Morelia,Eduardo Ruiz,septiembre,jueves,8,-101.222990326081,19.7216386663741
36601,36606,2021,LEG38912,2021/09/02,"09:41:00",COLISIÓN POR CORTE DE CIRCULACIÓN,ASFALTO,Lluvioso,Bueno,2,FORD,BLANCO,2,,59,MASCULINO,SIN DATOS,0,0,Morelia,Ejidal Tres Puentes,septiembre,jueves,10,-101.225867220626,19.6928646496432
36602,36607,2021,,2021/09/02,10:20:00,COLISIÓN POR CORTE DE CIRCULACIÓN,ASFALTO,Bueno,Regular,2,NISSAN,GRIS,2,,55,MASCULINO,SIN DATOS,0,0,Morelia,Juarez,septiembre,jueves,10,-101.197780834577,19.6952286274879
36603,36608,2021,,2021/09/02,11:15:00,COLISIÓN POR INVASIÓN DE CARRIL,ASFALTO,Bueno,Bueno,2,KENWORTH,BLANCO,2,,35,MASCULINO,SIN DATOS,0,0,Morelia,Primo Tapia Oriente,septiembre,jueves,11,-101.158843450248,19.7134539749668
36604,36609,2021,,2021/09/02,11:30:00,COLISIÓN POR ALCANCE,ASFALTO,Bueno,Bueno,2,FORD,BLANCO,2,,42,MASCULINO,SIN DATOS,0,0,Morelia,Villas del Real,septiembre,jueves,12,-101.199266046964,19.7324586120982
36605,36610,2021,,2021/09/02,13:20:00,COLISIÓN POR MANIOBRA DE REVERSA,CONCRETO,Nublado,Bueno,2,DODGE,ROJO,2,,39,MASCULINO,SIN DATOS,0,0,Morelia,Colinas del Sur,septiembre,jueves,13,-101.199421622198,19.6652855893338
36607,36612,2021,,2021/09/02,15:40:00,COLISIÓN CONTRA OBJETO FIJO,ASFALTO,Nublado,Bueno,3,VOLKSWAGEN,BLANCA,3,,49,MASCULINO,SIN DATOS,0,0,Morelia,Lomas de Vista Bella,septiembre,jueves,16,-101.198675533477,19.6730743205663
36608,36613,2021,,2021/09/02,17:00:00,COLISIÓN POR CAMBIO DE CARRIL,ASFALTO,Nublado,Regular,2,KENWORTH,NARANJA,2,,0,MASCULINO,SIN DATOS,0,0,Morelia,El Realito,septiembre,jueves,17,-101.204237490892,19.7257228356212
36609,36614,2021,,2021/09/02,17:00:00,COLISIÓN POR ALCANCE,ASFALTO,Bueno,Bueno,2,FORD,BLANCO,2,,45,MASCULINO,SIN DATOS,0,0,Morelia,Ignacio Zaragoza,septiembre,jueves,17,-101.205327808857,19.725504984137
36610,36615,2021,MOR210606057,2021/09/02,22:10:00,VOLCADURA,ASFALTO,Lluvioso,Regular,1,CHEVROLET,GRIS,1,,38,MASCULINO,SIN DATOS,0,0,Morelia,Hacienda San Jose,septiembre,jueves,22,-101.215565099634,19.6956649615775
36611,36616,2021,,2021/09/02,22:30:00,COLISIÓN CONTRA OBJETO FIJO,ASFALTO,Bueno,Bueno,1,MAZDA,ROJO,1,MINISTERIO PÚBLICO,45,MASCULINO,SIN DATOS,0,0,Morelia,Ampliacion La Soledad,septiembre,jueves,23,-101.183254966006,19.730041816928
36612,36617,2021,,2021/09/02,23:00:00,COLISIÓN POR ALCANCE,ASFALTO,Bueno,Bueno,3,VOLKSWAGEN,BLANCO,3,MINISTERIO PÚBLICO,45,MASCULINO,SIN DATOS,0,0,Morelia,Fidel Velazquez,septiembre,jueves,23,-101.239932999015,19.7059927167168
36613,36618,2021,,2021/09/02,23:40:00,COLISIÓN POR CAMBIO DE CARRIL,ASFALTO,Bueno,Bueno,2,FORD,BLANCO,2,,30,MASCULINO,SIN DATOS,0,0,Morelia,Industrial,septiembre,jueves,0,-101.189085515637,19.7123104021622
36614,36619,2021,LEG38929,2021/09/03,"00:00:00",COLISIÓN POR ALCANCE,ASFALTO,Nublado,Regular,2,DODGE,BLANCO,2,MINISTERIO PÚBLICO,38,MASCULINO,ALIENTO ETÍLICO,0,0,Morelia,Prados Verdes,septiembre,viernes,0,-101.199782310949,19.7166640281337
36615,36620,2021,,2021/09/03,"07:28:00",COLISIÓN POR NO RESPETAR SEMÁFORO,ASFALTO,Lluvioso,Regular,2,CHEVROLET,AZUL,1,MINISTERIO PÚBLICO,60,MASCULINO,SIN DATOS,0,0,Morelia,Fovissste La Huerta,septiembre,viernes,7,-101.212283545,19.6922831999991
36616,36621,2021,,2021/09/03,"09:40:00",COLISIÓN POR ALCANCE,ASFALTO,Bueno,Bueno,2,VOLKSWAGEN,ROJO,2,,37,FEMENINO,CON CERTIFICADO,0,0,Morelia,Jardines de Torremolinos,septiembre,viernes,10,-101.225749477744,19.6768475817941
36617,36622,2021,,2021/09/03,13:10:00,COLISIÓN POR CORTE DE CIRCULACIÓN,ASFALTO,Bueno,Bueno,2,CHEVROLET,NEGRO,2,,41,MASCULINO,SIN DATOS,0,0,Morelia,Cinco de Diciembre,septiembre,viernes,13,-101.162815939039,19.6862710903522
36618,36623,2021,,2021/09/03,17:47:00,COLISIÓN POR CORTE DE CIRCULACIÓN,CONCRETO,Bueno,Bueno,2,S/D,S/D,2,,0,,SIN DATOS,0,0,Morelia,Industrial,septiembre,viernes,18,-101.199598305606,19.7118405151525
36619,36624,2021,,2021/09/03,19:30:00,COLISIÓN POR ALCANCE,CONCRETO,Bueno,Bueno,3,GMC,ROJO,3,MINISTERIO PÚBLICO,46,MASCULINO,SIN DATOS,0,0,Morelia,Elias Perez Avalos,septiembre,viernes,20,-101.165651520874,19.7106140258153
36620,36625,2021,MOR 210609435,2021/09/03,20:20:00,COLISIÓN POR CORTE DE CIRCULACIÓN,ASFALTO,Bueno,Malo,2,VOLKSWAGEN,ROJO,2,,22,FEMENINO,SIN DATOS,0,0,Morelia,Las Americas,septiembre,viernes,20,-101.152200228109,19.6885292822884
36621,36626,2021,MOR210609569,2021/09/03,21:08:00,COLISIÓN CONTRA OBJETO FIJO,ASFALTO,Lluvioso,Regular,1,MITSUBISHI,PLATA,1,,55,MASCULINO,SIN DATOS,0,0,Morelia,Tenencia Morelos,septiembre,viernes,21,-101.247623837128,19.648573363867
36622,36627,2021,,2021/09/03,22:40:00,COLISIÓN POR ALCANCE,ASFALTO,Nublado,Regular,2,DODGE,GRIS,2,,73,MASCULINO,ALIENTO ETÍLICO,0,0,Morelia,Nueva Valladolid,septiembre,viernes,23,-101.214162415,19.7004326249991
36623,36628,2021,,2021/09/04,"00:00:00",COLISIÓN CONTRA OBJETO FIJO,ASFALTO,Bueno,Bueno,1,JEEP,VERDE,0,MINISTERIO PÚBLICO,,,,0,0,Lázaro Cárdenas,Centro,septiembre,sábado,0,-102.191852,17.955388
36624,36629,2021,,2021/09/04,"00:00:00",COLISIÓN POR ALCANCE,ASFALTO,Bueno,Bueno,2,RENAULT,BLANCO,2,,29,MASCULINO,SIN DATOS,0,0,Morelia,Primo Tapia Oriente,septiembre,sábado,0,-101.160671657864,19.7148130515494
36625,36630,2021,MOR210610026,2021/09/04,"01:48:00",COLISIÓN POR CORTE DE CIRCULACIÓN,CONCRETO,Bueno,Bueno,2,DODGE,ROJO,2,,30,MASCULINO,SIN DATOS,0,0,Morelia,Tinijaro,septiembre,sábado,2,-101.26316,19.6963297049991
36627,36632,2021,MOR210610129,2021/09/04,"05:45:00",COLISIÓN CONTRA OBJETO FIJO,ASFALTO,Bueno,Bueno,1,NISSAN,AZUL,1,,41,MASCULINO,SIN DATOS,0,0,Morelia,Poblado de Ocolusen,septiembre,sábado,6,-101.150849766351,19.6948047826377
36628,36633,2021,,2021/09/04,"08:25:00",SALIDA DE SUPERFICIE DE RODAMIENTO,CONCRETO,Bueno,Bueno,1,BAJAJ,BLANCO/NEGRO,1,MINISTERIO PÚBLICO,,,,0,1,Santa Ana Maya,Sin datos,septiembre,sábado,8,-101.012554399001,20.0096978656631
36629,36634,2021,,2021/09/04,"08:45:00",COLISIÓN POR CORTE DE CIRCULACIÓN,ASFALTO,Bueno,Bueno,2,ITALIKA,ROJO,2,,24,MASCULINO,SIN DATOS,0,0,Morelia,Santa Cecilia,septiembre,sábado,9,-101.18735815,19.6665344449992
36630,36635,2021,,2021/09/04,13:00:00,COLISIÓN POR CORTE DE CIRCULACIÓN,ASFALTO,Bueno,Bueno,2,CHEVROLET,GRIS,2,,56,FEMENINO,SIN DATOS,0,0,Morelia,Felix Ireta,septiembre,sábado,13,-101.18026457727,19.6879647966059
36631,36636,2021,,2021/09/04,13:50:00,COLISIÓN CONTRA OBJETO FIJO,TERRACERIA,Bueno,Bueno,1,FORD,NEGRO,1,,,FEMENINO,SIN DATOS,0,0,Morelia,El Durazno,septiembre,sábado,14,-101.181258061395,19.6574265435898
36634,36639,2021,,2021/09/04,15:25:00,COLISIÓN POR ALCANCE,CONCRETO,Bueno,Bueno,2,SUZUKI,GRIS,2,MINISTERIO PÚBLICO,35,FEMENINO,SIN DATOS,0,0,Morelia,El Lago 2,septiembre,sábado,15,-101.214435013967,19.7262881110028
36635,36640,2021,MOR210611428,2021/09/04,17:27:00,COLISIÓN POR ALCANCE,ASFALTO,Nublado,Bueno,2,DODGE,BLANCO,2,,35,MASCULINO,SIN DATOS,0,0,Morelia,Sin datos,septiembre,sábado,17,-101.262382753193,19.6402302971277
36637,36642,2021,,2021/09/04,19:45:00,COLISIÓN POR CORTE DE CIRCULACIÓN,ASFALTO,Lluvioso,Regular,2,TOYOTA,BLANCO,2,,20,MASCULINO,SIN DATOS,0,0,Morelia,Fovissste Acueducto,septiembre,sábado,20,-101.156939418806,19.6991058763665
36638,36643,2021,,2021/09/04,20:00:00,COLISIÓN CONTRA OBJETO FIJO,ASFALTO,Bueno,Bueno,1,CHEVROLET,BLANCO,2,MINISTERIO PÚBLICO,,,SIN DATOS,1,0,Lázaro Cárdenas,Centro,septiembre,sábado,20,-102.191852,17.955388
36640,36645,2021,LEG38946,2021/09/04,20:43:00,COLISIÓN POR CAMBIO DE CARRIL,ASFALTO,Lluvioso,Regular,2,INTERNATIONAL,BLANCO Y NARANJA,2,,32,MASCULINO,SIN DATOS,0,0,Morelia,Tres Puentes,septiembre,sábado,21,-101.213524742681,19.7058468756013
36641,36646,2021,,2021/09/04,21:20:00,COLISIÓN POR CAMBIO DE CARRIL,ASFALTO,Bueno,Bueno,2,CHEVROLET,GRIS,2,,66,MASCULINO,CON CERTIFICADO,0,0,Morelia,Tinijaro,septiembre,sábado,21,-101.26316,19.6963297049991
36642,36647,2021,LEG38949,2021/09/04,22:47:00,COLISIÓN CONTRA OBJETO FIJO,ASFALTO,Lluvioso,Bueno,1,HONDA,PLATA,1,,31,MASCULINO,SIN DATOS,0,0,Morelia,Eduardo Ruiz,septiembre,sábado,23,-101.218978555514,19.7196729565452
36643,36648,2021,,2021/09/04,23:00:00,COLISIÓN POR CORTE DE CIRCULACIÓN,ASFALTO,Lluvioso,Bueno,2,NISSAN,BLANCO Y NARANJA,2,,59,MASCULINO,SIN DATOS,0,0,Morelia,Dr Miguel Silva,septiembre,sábado,23,-101.187927793444,19.7204887484457
36644,36649,2021,,2021/09/05,"00:10:00",COLISIÓN CONTRA OBJETO FIJO,ASFALTO,Lluvioso,Regular,1,HONDA,ROJO,1,,24,MASCULINO,SIN DATOS,0,0,Morelia,Felix Ireta,septiembre,domingo,0,-101.190836869858,19.6858359473741
36645,36650,2021,,2021/09/05,"00:20:00",COLISIÓN CONTRA OBJETO FIJO,ASFALTO,Nublado,Bueno,2,FORD/F250,PLATA,2,,26,MASCULINO,CON CERTIFICADO,0,0,Morelia,Tinijaro,septiembre,domingo,0,-101.26316,19.6963297049991
36647,36652,2021,LEG38960,2021/09/05,"01:30:00",SALIDA DE SUPERFICIE DE RODAMIENTO,ASFALTO,Bueno,Bueno,1,NISSAN,VERDE,1,,43,MASCULINO,SIN DATOS,0,0,Charo,San Pedro Y San Pablo,septiembre,domingo,2,-101.048910827791,19.7511501417265
36648,36653,2021,MOR210612648,2021/09/05,"01:56:00",VOLCADURA,ASFALTO,Bueno,Bueno,1,HONDA,BLANCO,1,,19,MASCULINO,CON CERTIFICADO,0,0,Morelia,Sentimientos de La Nacion,septiembre,domingo,2,-101.231986650013,19.6777564744544
36649,36654,2021,,2021/09/05,"02:30:00",CAIDA ACUATICA DE VEHÍCULO,ASFALTO,Bueno,Bueno,1,NISSAN,BLANCO,0,,,,,0,0,Morelia,Juana Pavon,septiembre,domingo,3,-101.205457215,19.6688900349991
36650,36655,2021,,2021/09/05,"03:00:00",COLISIÓN CONTRA OBJETO FIJO,ASFALTO,Lluvioso,Bueno,1,HONDA,ACERO,1,,49,MASCULINO,SIN DATOS,0,0,Morelia,La Floresta,septiembre,domingo,3,-101.148440136827,19.6851357377337
36651,36656,2021,MOR210612832,2021/09/05,"04:42:00",COLISIÓN CONTRA OBJETO FIJO,ASFALTO,Bueno,Bueno,1,FORD,PLATA,1,,31,MASCULINO,CON CERTIFICADO,0,0,Morelia,Ana Maria Gallaga (Riviera Norte),septiembre,domingo,5,-101.222776889123,19.6767967830698
36652,36657,2021,"210612987",2021/09/05,"09:20:00",COLISIÓN CONTRA OBJETO FIJO,ASFALTO,Bueno,Bueno,1,DODGE,BLANCO,1,MINISTERIO PÚBLICO,,,SIN DATOS,0,0,Morelia,El Eden,septiembre,domingo,9,-101.253293783151,19.6424470182197
36654,36659,2021,MOR210613410,2021/09/05,11:45:00,COLISIÓN CONTRA OBJETO FIJO,ASFALTO,Bueno,Bueno,1,HYUNDAI,PLATINO,1,,50,FEMENINO,ALIENTO ETÍLICO,0,0,Morelia,Tinijaro,septiembre,domingo,12,-101.26316,19.6963297049991
36655,36660,2021,MOR2100613221,2021/09/05,11:45:00,COLISIÓN CONTRA OBJETO FIJO,ASFALTO,Bueno,Bueno,1,DODGE,ARENA,1,,37,MASCULINO,SIN DATOS,0,0,Morelia,Sin datos,septiembre,domingo,12,-101.118791394614,19.6550398450028
36656,36661,2021,MOR210611223,2021/09/05,15:10:00,COLISIÓN POR CAMBIO DE CARRIL,ASFALTO,Bueno,Bueno,2,HINO,NARANJA,2,,39,MASCULINO,SIN DATOS,0,0,Morelia,Ventura Puente,septiembre,domingo,15,-101.185866625,19.6909357049992