fid,id_accidente,anio_origen,folio_c5i,dia_incidente,hora_ocurrencia,tipo_incidente_vial,superficie_ocurrencia,condiciones_climaticas,condiciones_via,numero_vehiculos_involucrados,marca_vehiculo_ocasiona_siniestro,color_vehiculo_ocasiona_siniestro,numero_personas_involucradas,lugar_remite_presunto_responsable,edad_presunto_responsable,sexo_presunto_responsable,resultados_toxicologia,numero_personas_lesionadas,numero_personas_fallecidas,municipio,colonia,mes,dia_semana,hora_redondeada,lon,lat
36657,36662,2021,,2021/09/05,17:30:00,CAIDA DE MOTOCICLETA,ASFALTO,Bueno,Bueno,1,YAMAHA,BLANCO,2,MINISTERIO PÚBLICO,,,,2,0,Hidalgo,Corros,septiembre,domingo,18,-100.555383302271,19.707213667966
36658,36663,2021,,2021/09/05,19:00:00,COLISIÓN POR CORTE DE CIRCULACIÓN,ASFALTO,Bueno,Bueno,2,FREILAINDER,BLANCO,2,,,MASCULINO,SIN DATOS,0,0,Lázaro Cárdenas,Centro,septiembre,domingo,19,-102.191852,17.955388
36659,36664,2021,LEG38963,2021/09/05,19:05:00,COLISIÓN POR CAMBIO DE CARRIL,ASFALTO,Bueno,Bueno,2,CHEVROLET,GUINDA,2,,32,MASCULINO,CON CERTIFICADO,0,0,Morelia,Constitucion de 1857,septiembre,domingo,19,-101.228400449162,19.732957721027
36660,36665,2021,MOR210614663,2021/09/05,21:14:00,COLISIÓN POR ALCANCE,ASFALTO,Lluvioso,Regular,2,CHEVROLET,AZUL,2,,19,MASCULINO,SIN DATOS,0,0,Morelia,Vista Bella,septiembre,domingo,21,-101.195925675947,19.6790442736003
36661,36666,2021,,2021/09/05,21:45:00,COLISIÓN POR INVASIÓN DE CARRIL,ASFALTO,Lluvioso,Bueno,2,VOLVO,BLANCO,2,MINISTERIO PÚBLICO,,,SIN DATOS,0,0,Tacámbaro,Sin datos,septiembre,domingo,22,-101.447365290738,19.1877900655781
36662,36667,2021,LEG38952,2021/09/05,23:25:00,VOLCADURA,ASFALTO,Lluvioso,Regular,1,CHEVROLET,GRIS,1,,49,MASCULINO,ALIENTO ETÍLICO,0,0,Morelia,Xangari,septiembre,domingo,23,-101.220684796572,19.6741363423554
36663,36668,2021,LEG38958,2021/09/05,23:30:00,VOLCADURA,ASFALTO,Bueno,Bueno,1,INTERNATIONAL,BLANCO,0,,,,,0,0,Charo,San Pedro Y San Pablo,septiembre,domingo,0,-101.047109968292,19.752041887985
36664,36669,2021,LEG38953,2021/09/05,23:49:00,SUBIDA AL CAMELLÓN,ASFALTO,Lluvioso,Regular,1,MAZDA,ROJO,1,,44,FEMENINO,SIN DATOS,0,0,Morelia,Tlalpujahua,septiembre,domingo,0,-101.217621409081,19.6804695467815
36665,36670,2021,MOR210615955,2021/09/06,"00:00:00",COLISIÓN POR ALCANCE,ASFALTO,Bueno,Bueno,2,VOLKSWAGEN,ROJO,2,,27,MASCULINO,SIN DATOS,0,0,Morelia,La Soledad,septiembre,lunes,0,-101.186775665,19.7258494349992
36667,36672,2021,,2021/09/06,"01:10:00",COLISIÓN CONTRA OBJETO FIJO,ASFALTO,Lluvioso,Bueno,1,KENWORTH,ROJA,1,,21,MASCULINO,SIN DATOS,0,0,Morelia,Loma de Los Piñones,septiembre,lunes,1,-101.206098242906,19.673388467522
36669,36674,2021,,2021/09/06,"08:40:00",COLISIÓN POR CAMBIO DE CARRIL,ASFALTO,Bueno,Bueno,2,KENWORTH,BLANCO,2,MINISTERIO PÚBLICO,23,MASCULINO,SIN DATOS,0,0,Morelia,Canteras de Morelia,septiembre,lunes,9,-101.173168652105,19.7180886357371
36670,36675,2021,,2021/09/06,"09:40:00",COLISIÓN POR CAMBIO DE CARRIL,ASFALTO,Bueno,Bueno,2,JEEP,AZUL,2,,32,MASCULINO,SIN DATOS,0,0,Morelia,5 de Mayo,septiembre,lunes,10,-101.17543291,19.7031789799992
36671,36676,2021,,2021/09/06,13:30:00,COLISIÓN CONTRA OBJETO FIJO,ASFALTO,Bueno,Bueno,2,NISSAN,ROJO,2,,26,MASCULINO,SIN DATOS,0,0,Morelia,Villas Lomas del Paraiso,septiembre,lunes,14,-101.183243326701,19.6753951296653
36672,36677,2021,,2021/09/06,13:30:00,COLISIÓN POR CORTE DE CIRCULACIÓN,ASFALTO,Nublado,Bueno,2,CHEVROLET,GRIS,2,,34,MASCULINO,SIN DATOS,0,0,Morelia,Sentimientos de La Nacion,septiembre,lunes,14,-101.234725124456,19.6858292893838
36673,36678,2021,,2021/09/06,13:40:00,COLISIÓN POR ALCANCE,ASFALTO,Bueno,Bueno,2,VOLKSWAGEN,GRIS,2,,36,MASCULINO,SIN DATOS,0,0,Morelia,Poblado de Ocolusen,septiembre,lunes,14,-101.153176233214,19.6939479390376
36675,36680,2021,,2021/09/06,17:30:00,COLISIÓN POR CORTE DE CIRCULACIÓN,ASFALTO,Lluvioso,Regular,2,VOLKSWAGEN,GRIS,2,,21,FEMENINO,SIN DATOS,0,0,Morelia,Francisco J Mujica,septiembre,lunes,18,-101.189190012973,19.7239867530705
36676,36681,2021,,2021/09/06,21:00:00,COLISIÓN POR MANIOBRA DE REVERSA,ASFALTO,Bueno,Bueno,2,NISSAN,ACERO,2,,74,MASCULINO,SIN DATOS,0,0,Morelia,Ferrocarrilero,septiembre,lunes,21,-101.223609235,19.6918737849991
36677,36682,2021,,2021/09/06,22:15:00,COLISIÓN POR CORTE DE CIRCULACIÓN,CONCRETO,Bueno,Bueno,2,TOYOTA HILUX,GRIS,2,,43,MASCULINO,SIN DATOS,0,0,Morelia,Santa Maria,septiembre,lunes,22,-101.200954146074,19.6778661944957
36678,36683,2021,,2021/09/06,23:20:00,COLISIÓN POR CORTE DE CIRCULACIÓN,ASFALTO,Bueno,Bueno,2,VOLVO,BLANCO,2,MINISTERIO PÚBLICO,0,MASCULINO,SIN DATOS,0,0,Morelia,Granjas del Maestro,septiembre,lunes,23,-101.192220620922,19.7145416939872
36679,36684,2021,,2021/09/07,"07:45:00",COLISIÓN POR CAMBIO DE CARRIL,ASFALTO,Bueno,Bueno,2,INTERNATIONAL,AMARILLO Y GUINDA,2,,59,MASCULINO,SIN DATOS,0,0,Morelia,Nueva Valladolid,septiembre,martes,8,-101.207314594224,19.7021898601563
36681,36686,2021,,2021/09/07,"08:57:00",COLISIÓN POR CORTE DE CIRCULACIÓN,SIN_DATOS,Bueno,Bueno,0,,,0,,,,,0,0,Morelia,La Esperanza,septiembre,martes,9,-101.1531465,19.6993854
36682,36687,2021,,2021/09/07,"09:45:00",COLISIÓN POR CORTE DE CIRCULACIÓN,ASFALTO,Bueno,Bueno,2,CHEVROLET,NEGRO,2,,29,FEMENINO,SIN DATOS,0,0,Morelia,Centro,septiembre,martes,10,-101.186567158863,19.7028728928757
36683,36688,2021,,2021/09/07,10:05:00,COLISIÓN CONTRA OBJETO FIJO,ASFALTO,Bueno,Bueno,1,NISSAN,GRIS,2,MINISTERIO PÚBLICO,26,,SIN DATOS,1,0,Morelia,Sin datos,septiembre,martes,10,-101.314082362436,19.576531538916
36684,36689,2021,MOR210617834,2021/09/07,12:35:00,CAIDA DE MOTOCICLETA,ASFALTO,Bueno,Bueno,1,ITALIKA,BLANCO Y ROJO,1,,54,FEMENINO,SIN DATOS,0,0,Morelia,Mirador del Punhuato,septiembre,martes,13,-101.16119004786,19.7057455697894
36685,36690,2021,LEG39000,2021/09/07,14:00:00,COLISIÓN CONTRA OBJETO FIJO,ASFALTO,Bueno,Bueno,2,MERCEDES BENZ,VERDE,2,,31,MASCULINO,SIN DATOS,0,0,Morelia,Lomas del Tecnologico,septiembre,martes,14,-101.19230191538,19.721750840967
36686,36691,2021,,2021/09/07,14:40:00,COLISIÓN POR MANIOBRA DE REVERSA,ASFALTO,Bueno,Bueno,2,NISSAN,BLANCO,2,,38,MASCULINO,SIN DATOS,0,0,Morelia,Montaña Monarca,septiembre,martes,15,-101.164685301483,19.6655921998339
36687,36692,2021,MOR210618250,2021/09/07,15:00:00,COLISIÓN POR CORTE DE CIRCULACIÓN,ASFALTO,Bueno,Bueno,2,MERCEDEZ BENZ,GRIS,2,,29,MASCULINO,SIN DATOS,0,0,Morelia,Comision Federal de Electricidad,septiembre,martes,15,-101.178832612932,19.6815372105395
36688,36693,2021,MOR210618529,2021/09/07,16:45:00,COLISIÓN POR CAMBIO DE CARRIL,ASFALTO,Bueno,Bueno,2,JEEP,PLATA,2,,72,FEMENINO,SIN DATOS,0,0,Morelia,Chapultepec Oriente,septiembre,martes,17,-101.159349686709,19.6940414793624
36689,36694,2021,MOR210618745,2021/09/07,18:30:00,COLISIÓN POR CORTE DE CIRCULACIÓN,ASFALTO,Bueno,Bueno,2,DODGE,ROJO,2,MINISTERIO PÚBLICO,,FEMENINO,SIN DATOS,0,0,Morelia,Elias Perez Avalos,septiembre,martes,19,-101.169078089297,19.7129672501624
36690,36695,2021,LEG38998,2021/09/07,19:40:00,COLISIÓN POR ALCANCE,ASFALTO,Lluvioso,Bueno,2,PETERBILT,ROJO,2,,35,MASCULINO,SIN DATOS,0,0,Morelia,Rafael Carrillo,septiembre,martes,20,-101.23478992419,19.7099208466247
36691,36696,2021,MOR210619092,2021/09/07,21:40:00,COLISIÓN POR CORTE DE CIRCULACIÓN,ASFALTO,Nublado,Regular,2,DODGE,AZUL,2,,29,MASCULINO,SIN DATOS,0,0,Morelia,Las Flores,septiembre,martes,22,-101.208932271065,19.7083472647876
36692,36697,2021,MOR210619252,2021/09/07,23:37:00,COLISIÓN POR CORTE DE CIRCULACIÓN,ASFALTO,Bueno,Bueno,2,S/D,S/D,1,,70,MASCULINO,CON CERTIFICADO,0,0,Morelia,La Colina,septiembre,martes,0,-101.216132417321,19.7122119529416
36693,36698,2021,,2021/09/08,10:53:00,COLISIÓN POR CAMBIO DE CARRIL,ASFALTO,Bueno,Bueno,2,KIA,AZUL,2,,32,FEMENINO,SIN DATOS,0,0,Morelia,Poblado de Ocolusen,septiembre,miércoles,11,-101.149481900704,19.6946749590635
36694,36699,2021,,2021/09/08,13:30:00,COLISIÓN POR CORTE DE CIRCULACIÓN,CONCRETO,Bueno,Bueno,2,BAJAJ/PULSAR,AZUL,2,,19,MASCULINO,SIN DATOS,0,0,Morelia,Nicolas Bravo(Los Ejidos),septiembre,miércoles,14,-101.220301,19.704603
36695,36700,2021,,2021/09/08,17:35:00,COLISIÓN CONTRA OBJETO FIJO,ASFALTO,Nublado,Regular,1,NISSAN/MARCH,BLANCO ROJO,1,,60,MASCULINO,SIN DATOS,0,0,Morelia,Leandro Valle,septiembre,miércoles,18,-101.23070818119,19.7157876969512
36696,36701,2021,MOR210621229,2021/09/08,19:55:00,COLISIÓN POR CAMBIO DE CARRIL,CONCRETO,Bueno,Regular,2,FORD,NEGRO,2,MINISTERIO PÚBLICO,26,MASCULINO,SIN DATOS,0,0,Morelia,Torreon Nuevo,septiembre,miércoles,20,-101.201223,19.745628
36697,36702,2021,,2021/09/08,21:23:00,COLISIÓN POR INVASIÓN DE CARRIL,ASFALTO,Bueno,Bueno,2,ITALIKA,NEGRO,0,MINISTERIO PÚBLICO,,,,0,0,Cuitzeo,Sin datos,septiembre,miércoles,21,-101.153481074356,20.0242323753201
36698,36703,2021,MOR210622129,2021/09/09,11:15:00,COLISIÓN CONTRA OBJETO FIJO,CONCRETO,Bueno,Bueno,1,CHEVROLET,ARENA,1,,,,SIN DATOS,0,0,Morelia,Camponubes,septiembre,jueves,11,-101.290239657862,19.6990728030513
36699,36704,2021,,2021/09/09,11:20:00,COLISIÓN CON PEATÓN,ASFALTO,Bueno,Bueno,1,NISSAN,NEGRA,2,,35,MASCULINO,SIN DATOS,1,0,Morelia,Centro,septiembre,jueves,11,-101.188817227431,19.7038177074272
36700,36705,2021,,2021/09/09,11:25:00,COLISIÓN POR CAMBIO DE CARRIL,CONCRETO,Bueno,Bueno,2,MAZDA,ROJO,2,,38,FEMENINO,SIN DATOS,0,0,Morelia,Torreon Nuevo,septiembre,jueves,11,-101.203757009712,19.7465351332162
36701,36706,2021,MOR21022257,2021/09/09,12:40:00,COLISIÓN CONTRA OBJETO FIJO,ASFALTO,Bueno,Bueno,2,INTERNATIONAL,BLANCO,2,,45,MASCULINO,SIN DATOS,0,0,Morelia,Ciudad Industrial,septiembre,jueves,13,-101.143851913512,19.7263016196297
36702,36707,2021,,2021/09/09,13:50:00,COLISIÓN POR CAMBIO DE CARRIL,CONCRETO,Bueno,Bueno,2,FREIGTHLINER,BLANCO,2,,31,MASCULINO,SIN DATOS,0,0,Morelia,Fidel Velazquez,septiembre,jueves,14,-101.239943331614,19.7059924297715
36703,36708,2021,MOR210622835,2021/09/09,15:19:00,COLISIÓN CONTRA OBJETO FIJO,ASFALTO,Bueno,Bueno,2,MERCEDES BENZ,AMARILLO,2,,21,MASCULINO,SIN DATOS,0,0,Morelia,Cuauhtemoc,septiembre,jueves,15,-101.178835996174,19.6962457483389
36704,36709,2021,MOR210623123,2021/09/09,16:19:00,COLISIÓN POR CORTE DE CIRCULACIÓN,ASFALTO,Bueno,Bueno,2,TOYOTA,PLATA,2,,35,FEMENINO,SIN DATOS,0,0,Morelia,Cuauhtemoc,septiembre,jueves,16,-101.184637583792,19.6966987198018
36705,36710,2021,MOR210623326112,2021/09/09,19:00:00,COLISIÓN POR CAMBIO DE CARRIL,ASFALTO,Bueno,Bueno,2,DODGE,BLANCO,2,,33,MASCULINO,SIN DATOS,0,0,Morelia,3 de Agosto,septiembre,jueves,19,-101.171870238401,19.731115146118
36706,36711,2021,MOR210623430,2021/09/09,19:40:00,COLISIÓN POR ALCANCE,ASFALTO,Bueno,Bueno,2,FORD,GRIS,2,,68,MASCULINO,SIN DATOS,0,0,Morelia,Jardines del Toreo,septiembre,jueves,20,-101.214179037645,19.6879699335233
36707,36712,2021,,2021/09/10,"05:00:00",COLISIÓN CON PEATÓN,ASFALTO,Bueno,Bueno,1,FORD,ROJO,0,MINISTERIO PÚBLICO,,,,0,0,Morelia,Nueva Valladolid,septiembre,viernes,5,-101.2082862854,19.7016677770529
36708,36713,2021,,2021/09/10,"08:40:00",COLISIÓN POR CORTE DE CIRCULACIÓN,ASFALTO,Bueno,Bueno,2,ITALIKA,ROJO Y NEGRO,2,,23,MASCULINO,SIN DATOS,0,0,Morelia,Chapultepec Sur,septiembre,viernes,9,-101.175204925239,19.6924808272097
36709,36714,2021,,2021/09/10,"08:40:00",VOLCADURA,ASFALTO,Bueno,Bueno,1,NISSAN,BLANCO/AZUL,8,MINISTERIO PÚBLICO,59,MASCULINO,SIN DATOS,7,0,Pátzcuaro,Ibarra,septiembre,viernes,9,-101.618182137609,19.5406904840216
36710,36715,2021,,2021/09/10,11:00:00,COLISIÓN POR ALCANCE,ASFALTO,Bueno,Bueno,3,CHEVROLET,NEGRO,3,,27,MASCULINO,SIN DATOS,0,0,Morelia,Jardines del Toreo,septiembre,viernes,11,-101.215339824557,19.6854002502549
36711,36716,2021,,2021/09/10,13:00:00,COLISIÓN POR CORTE DE CIRCULACIÓN,ASFALTO,Bueno,Bueno,2,FREIGHTLINER,AZUL,2,,30,MASCULINO,CON CERTIFICADO,0,0,Morelia,Niño Artillero,septiembre,viernes,13,-101.250198544428,19.698609421682
36712,36717,2021,,2021/09/10,15:20:00,COLISIÓN POR ALCANCE,ASFALTO,Bueno,Bueno,2,NISSAN TIIDA,GRIS,2,,20,MASCULINO,SIN DATOS,0,0,Morelia,Jardines del Toreo,septiembre,viernes,15,-101.214218661189,19.6878923632257
36713,36718,2021,MOR210625377,2021/09/10,16:06:00,COLISIÓN CONTRA OBJETO FIJO,ASFALTO,Bueno,Bueno,2,CHEVROLET,ROJO,2,,29,MASCULINO,CON CERTIFICADO,0,0,Morelia,Jesus Romero Flores,septiembre,viernes,16,-101.179427057505,19.7315503170638
36714,36719,2021,,2021/09/10,16:20:00,CAIDA DE MOTOCICLETA,ASFALTO,Bueno,Bueno,1,ITALIKA/125FL,BLANCO,0,MINISTERIO PÚBLICO,,,,0,0,Morelia,El Lago 2,septiembre,viernes,16,-101.214507730172,19.7266592521867
36715,36720,2021,,2021/09/10,18:00:00,COLISIÓN POR ALCANCE,ASFALTO,Bueno,Bueno,2,NISSAN,BLANCO,2,,55,MASCULINO,SIN DATOS,0,0,Morelia,Felix Ireta,septiembre,viernes,18,-101.191788048241,19.6824227444383
36716,36721,2021,,2021/09/10,18:25:00,COLISIÓN POR CORTE DE CIRCULACIÓN,ASFALTO,Bueno,Bueno,2,PHD687A,GRIS,2,,56,MASCULINO,SIN DATOS,0,0,Morelia,Buenavista,septiembre,viernes,18,-101.162181733682,19.7065097641662
36717,36722,2021,LEG39038,2021/09/10,21:23:00,COLISIÓN POR CORTE DE CIRCULACIÓN,ASFALTO,Bueno,Bueno,2,NISSAN,BLANCO Y CREMA,2,,49,MASCULINO,SIN DATOS,0,0,Morelia,Prados Verdes,septiembre,viernes,21,-101.195682124237,19.7137012857209
36718,36723,2021,MOR210628552,2021/09/11,"00:20:00",COLISIÓN POR INVASIÓN DE CARRIL,ASFALTO,Bueno,Bueno,3,NISSAN,AZUL,3,MINISTERIO PÚBLICO,33,MASCULINO,CON CERTIFICADO,0,0,Morelia,Irrigacion,septiembre,sábado,0,-101.225012479856,19.7047105787506
36719,36724,2021,MOR210726817,2021/09/11,10:26:00,COLISIÓN POR CAMBIO DE CARRIL,ASFALTO,Bueno,Bueno,2,VOLKSWAGEN,ROJO CON VERDE,2,,68,MASCULINO,SIN DATOS,0,0,Morelia,San Jose Itzicuaro,septiembre,sábado,10,-101.303242489007,19.6877347257926
36720,36725,2021,MOR210627911,2021/09/11,12:05:00,COLISIÓN CONTRA OBJETO FIJO,ASFALTO,Bueno,Bueno,2,CHEVROLET,GUINDA,2,,50,MASCULINO,SIN DATOS,0,0,Morelia,Villas del Real,septiembre,sábado,12,-101.199040009893,19.7331387039115
36721,36726,2021,MOR210627168,2021/09/11,13:50:00,COLISIÓN POR ALCANCE,CONCRETO,Bueno,Bueno,2,MAZDA,GRIS,2,,62,FEMENINO,SIN DATOS,0,0,Morelia,Ventura Puente,septiembre,sábado,14,-101.190684044896,19.6935804939574
36722,36727,2021,LEG39040,2021/09/11,15:05:00,COLISIÓN POR ALCANCE,ASFALTO,Bueno,Bueno,2,VOLKSWAGEN,BLANCO,2,MINISTERIO PÚBLICO,20,MASCULINO,SIN DATOS,0,0,Morelia,Josefa Ortiz de Dominguez,septiembre,sábado,15,-101.208914257586,19.7259554339976
36723,36728,2021,LEG39053,2021/09/11,16:40:00,COLISIÓN POR CAMBIO DE CARRIL,CONCRETO,Bueno,Bueno,2,ITALIKA,AZUL,2,,28,MASCULINO,SIN DATOS,0,0,Morelia,Ventura Puente,septiembre,sábado,17,-101.193602166392,19.6952081992445
36724,36729,2021,MOR210627903,2021/09/11,18:05:00,COLISIÓN POR ALCANCE,ASFALTO,Nublado,Bueno,2,SEAT,GRIS,2,,21,MASCULINO,SIN DATOS,0,0,Morelia,Loma Bonita,septiembre,sábado,18,-101.196722588811,19.7244639458764
36725,36730,2021,,2021/09/11,20:05:00,COLISIÓN POR ALCANCE,ASFALTO,Bueno,Bueno,3,CHEVROLET,NEGRO,3,,21,MASCULINO,SIN DATOS,0,0,Tarímbaro,San Carlos,septiembre,sábado,20,-101.0839710791,19.7885578353241
36726,36731,2021,MOR210628101,2021/09/11,21:05:00,COLISIÓN CONTRA OBJETO FIJO,ASFALTO,Bueno,Bueno,1,KIA,GRIS,1,MINISTERIO PÚBLICO,44,MASCULINO,SIN DATOS,0,0,Morelia,La Soledad,septiembre,sábado,21,-101.184592321515,19.725073641337
36727,36732,2021,LEG39050,2021/09/11,21:50:00,COLISIÓN CON PEATÓN,ASFALTO,Bueno,Bueno,1,FORD,NEGRA,2,MINISTERIO PÚBLICO,23,FEMENINO,SIN DATOS,0,1,Charo,De Santiago,septiembre,sábado,22,-101.044372,19.745476
36728,36733,2021,,2021/09/11,23:20:00,COLISIÓN POR ALCANCE,ASFALTO,Bueno,Bueno,2,ITALIKA,NEGRO Y ROJO,2,,21,MASCULINO,SIN DATOS,0,0,Morelia,San Rafael,septiembre,sábado,23,-101.154696084559,19.7004565686818
36729,36734,2021,MOR210628522,2021/09/12,"00:05:00",COLISIÓN POR CAMBIO DE CARRIL,CONCRETO,Bueno,Bueno,3,CRUZE,AZUL,8,MINISTERIO PÚBLICO,40,MASCULINO,SIN DATOS,5,0,Morelia,Jardines del Rincon,septiembre,domingo,0,-101.153341508045,19.687242584929
36731,36736,2021,LEG39057,2021/09/12,"04:40:00",COLISIÓN CONTRA OBJETO FIJO,ASFALTO,Bueno,Bueno,1,NISSAN,BLANCO,1,MINISTERIO PÚBLICO,,,SIN DATOS,0,0,Morelia,Industrial,septiembre,domingo,5,-101.194000535392,19.7102323761155
36732,36737,2021,MOR210628913,2021/09/12,"04:45:00",COLISIÓN POR INVASIÓN DE CARRIL,ASFALTO,Nublado,Regular,2,FIAT,BLANCO,2,,36,MASCULINO,ALIENTO ETÍLICO,0,0,Morelia,Tierra Y Libertad,septiembre,domingo,5,-101.229799643837,19.7163479527255
36733,36738,2021,LEG39059,2021/09/12,"06:40:00",COLISIÓN CONTRA OBJETO FIJO,ASFALTO,Bueno,Bueno,1,CHEVOLET,ROJA,1,,24,MASCULINO,SIN DATOS,0,0,Morelia,Los Angeles,septiembre,domingo,7,-101.175341656948,19.7439276338556
36734,36739,2021,MOR210629064,2021/09/12,"08:49:00",COLISIÓN CONTRA OBJETO FIJO,ASFALTO,Bueno,Bueno,1,DODGE,PLATA,1,,0,,SIN DATOS,0,0,Morelia,Lomas de Santiaguito,septiembre,domingo,9,-101.179342263125,19.7226905332009
36735,36740,2021,,2021/09/12,"08:55:00",VOLCADURA,ASFALTO,Bueno,Bueno,1,FORD,GRIS,0,,,,,0,0,Tzitzio,Tzitzio,septiembre,domingo,9,-100.928970792078,19.5891526457396
36736,36741,2021,,2021/09/12,11:20:00,COLISIÓN POR CORTE DE CIRCULACIÓN,ASFALTO,Bueno,Bueno,2,NISSAN,BLANCO,2,,,MASCULINO,SIN DATOS,0,0,Morelia,Vasco de Quiroga,septiembre,domingo,11,-101.171874962747,19.7025676046202
36737,36742,2021,LEG39063,2021/09/12,12:40:00,COLISIÓN POR ALCANCE,ASFALTO,Bueno,Bueno,2,VOLKSWAGEN,BLANCO,2,,0,FEMENINO,SIN DATOS,0,0,Morelia,Isaac Arriaga,septiembre,domingo,13,-101.173300556839,19.7069096218449
36738,36743,2021,MOR210627058,2021/09/12,12:40:00,COLISIÓN POR ALCANCE,ASFALTO,Bueno,Bueno,2,FORD,BLANCO,2,,0,MASCULINO,SIN DATOS,0,0,Morelia,Division del Norte,septiembre,domingo,13,-101.163124560632,19.7114828781447
36739,36744,2021,MOR210627193,2021/09/12,13:30:00,COLISIÓN POR CORTE DE CIRCULACIÓN,ASFALTO,Bueno,Bueno,2,VOLKSWAGEN,GRIS,2,,71,MASCULINO,SIN DATOS,0,0,Morelia,Felix Ireta,septiembre,domingo,14,-101.188174076378,19.6873473325117
36740,36745,2021,,2021/09/12,13:45:00,VOLCADURA,ASFALTO,Bueno,Bueno,1,CADILLAC,AZUL,3,MINISTERIO PÚBLICO,,,,3,0,Hidalgo,Corros,septiembre,domingo,14,-100.555464134309,19.7072022762892
36741,36746,2021,,2021/09/12,15:50:00,COLISIÓN POR CORTE DE CIRCULACIÓN,CONCRETO,Bueno,Bueno,2,YAMAHA 125 C,BLANCO,2,,22,MASCULINO,SIN DATOS,0,0,Morelia,Granjas del Maestro,septiembre,domingo,16,-101.188818446603,19.7143153448318
36742,36747,2021,,2021/09/12,18:40:00,COLISIÓN POR CORTE DE CIRCULACIÓN,CONCRETO,Bueno,Regular,2,VOLKSWAGEN,ROJO,2,,48,MASCULINO,SIN DATOS,0,0,Morelia,Felix Ireta,septiembre,domingo,19,-101.188124120235,19.6878151085575
36743,36748,2021,,2021/09/12,20:50:00,SUBIDA AL CAMELLÓN,ASFALTO,Bueno,Bueno,1,NISSAN/TIIDA,BLANCO,1,,52,MASCULINO,CON CERTIFICADO,0,0,Morelia,Fidel Velazquez,septiembre,domingo,21,-101.239940210007,19.7059928483115
36744,36749,2021,,2021/09/12,21:50:00,COLISIÓN CON PEATÓN,ASFALTO,Bueno,Bueno,1,CHRYSLER,BLANCO,1,,21,MASCULINO,SIN DATOS,0,0,Morelia,Infonavit Cepamisa,septiembre,domingo,22,-101.216285699472,19.6964641849117
36745,36750,2021,LEG39069,2021/09/12,22:45:00,COLISIÓN POR ALCANCE,ASFALTO,Bueno,Bueno,2,FORD,NEGRO,2,,26,MASCULINO,CON CERTIFICADO,0,0,Morelia,Arcos del Valle,septiembre,domingo,23,-101.236249655485,19.7076226773747
36746,36751,2021,,2021/09/12,22:55:00,COLISIÓN CONTRA OBJETO FIJO,ASFALTO,Bueno,Regular,1,VOLKSWAGEN,AZUL,2,MINISTERIO PÚBLICO,35,MASCULINO,ALIENTO ETÍLICO,1,0,Morelia,Francisco J Mujica,septiembre,domingo,23,-101.184663765811,19.7249906090155
36747,36752,2021,MOR210628542,2021/09/12,23:45:00,SUBIDA AL CAMELLÓN,ASFALTO,Bueno,Regular,1,NISSAN,BLANCO/ROJO,1,,66,MASCULINO,SIN DATOS,0,0,Morelia,Justo Mendoza,septiembre,domingo,0,-101.23199801892,19.7135994498156
36748,36753,2021,,2021/09/13,"00:00:00",COLISIÓN POR INVASIÓN DE CARRIL,ASFALTO,Bueno,Bueno,2,JEEP,NEGRO,1,,43,MASCULINO,SIN DATOS,0,0,Morelia,Sin datos,septiembre,lunes,0,-101.18875751779,19.5835808780395
36749,36754,2021,,2021/09/13,"06:00:00",CAIDA DE MOTOCICLETA,ASFALTO,Bueno,Bueno,1,BAJAJ,NEGRO,1,MINISTERIO PÚBLICO,39,MASCULINO,SIN DATOS,0,0,Morelia,Los Manantiales de Morelia,septiembre,lunes,6,-101.240230358459,19.6927302329808
36750,36755,2021,,2021/09/13,"08:30:00",COLISIÓN POR CORTE DE CIRCULACIÓN,ASFALTO,Bueno,Bueno,2,TOYOTA,BLNACO Y ROJO,2,,24,MASCULINO,SIN DATOS,0,0,Morelia,Poblado de Ocolusen,septiembre,lunes,9,-101.150127649172,19.6944699261717
36754,36759,2021,MOR210631978,2021/09/13,12:45:00,COLISIÓN CONTRA OBJETO FIJO,CONCRETO,Nublado,Bueno,1,STERLING,BLANCO,1,MINISTERIO PÚBLICO,48,MASCULINO,SIN DATOS,0,0,Morelia,Infonavit Benito Juarez,septiembre,lunes,13,-101.19809105,19.6844145599991
36755,36760,2021,MOR210631981,2021/09/13,12:50:00,COLISIÓN POR MANIOBRA DE REVERSA,CONCRETO,Bueno,Regular,2,FAMSA,BLANCO Y ROJO,2,,41,MASCULINO,SIN DATOS,0,0,Morelia,Irrigacion,septiembre,lunes,13,-101.224311635,19.7059866699991
36756,36761,2021,,2021/09/13,13:00:00,COLISIÓN POR ALCANCE,ASFALTO,Lluvioso,Regular,2,CHEVROLET,AZUL,2,,28,MASCULINO,SIN DATOS,0,0,Morelia,Felicitas del Rio,septiembre,lunes,13,-101.200257123757,19.6935246012511
36758,36763,2021,,2021/09/13,15:35:00,COLISIÓN POR CORTE DE CIRCULACIÓN,CONCRETO,Bueno,Bueno,2,CHEVROLET,BLANCO,2,,42,MASCULINO,SIN DATOS,0,0,Morelia,Ventura Puente,septiembre,lunes,16,-101.18655097,19.6910610199992