fid,id_accidente,anio_origen,folio_c5i,dia_incidente,hora_ocurrencia,tipo_incidente_vial,superficie_ocurrencia,condiciones_climaticas,condiciones_via,numero_vehiculos_involucrados,marca_vehiculo_ocasiona_siniestro,color_vehiculo_ocasiona_siniestro,numero_personas_involucradas,lugar_remite_presunto_responsable,edad_presunto_responsable,sexo_presunto_responsable,resultados_toxicologia,numero_personas_lesionadas,numero_personas_fallecidas,municipio,colonia,mes,dia_semana,hora_redondeada,lon,lat
36759,36764,2021,MOR210632370,2021/09/13,15:48:00,COLISIÓN POR ALCANCE,ASFALTO,Lluvioso,Regular,2,CHEVROLET,PLATA,2,,64,MASCULINO,SIN DATOS,0,0,Morelia,Los Angeles,septiembre,lunes,16,-101.167963479351,19.7444751194994
36761,36766,2021,MOR2103456723,2021/09/13,17:00:00,COLISIÓN POR CAMBIO DE CARRIL,CONCRETO,Bueno,Bueno,2,NISSAN,BLANCO Y ROJO,2,MINISTERIO PÚBLICO,65,MASCULINO,CON CERTIFICADO,0,0,Morelia,Vasco de Quiroga,septiembre,lunes,17,-101.174062043148,19.6978450548289
36762,36767,2021,,2021/09/13,17:30:00,COLISIÓN POR ALCANCE,ASFALTO,Lluvioso,Bueno,2,NISSAN,BLANCO,2,,54,MASCULINO,SIN DATOS,0,0,Morelia,Ejidal Ocolusen,septiembre,lunes,18,-101.158775539853,19.6876329622024
36763,36768,2021,MOR210633000,2021/09/13,18:10:00,COLISIÓN CONTRA OBJETO FIJO,ASFALTO,Bueno,Bueno,3,NISSAN,BLANCO,1,MINISTERIO PÚBLICO,0,FEMENINO,SIN DATOS,0,0,Morelia,La Colina,septiembre,lunes,18,-101.214413045,19.7111350549991
36764,36769,2021,MOR210632515,2021/09/13,18:45:00,COLISIÓN POR INVASIÓN DE CARRIL,ASFALTO,Bueno,Bueno,2,FORD,BLANCO Y ROJO,2,,37,MASCULINO,SIN DATOS,0,0,Morelia,Camelinas,septiembre,lunes,19,-101.17262119,19.6818144849991
36765,36770,2021,,2021/09/13,20:00:00,COLISIÓN POR ALCANCE,ASFALTO,Lluvioso,Bueno,2,CHEVROLET,VERDE,2,,,MASCULINO,SIN DATOS,0,0,Morelia,Felix Ireta,septiembre,lunes,20,-101.190308525,19.6871902999991
36766,36771,2021,,2021/09/13,20:00:00,COLISIÓN POR CORTE DE CIRCULACIÓN,ASFALTO,Lluvioso,Bueno,2,CHEVROLET,VERDE,2,,,,SIN DATOS,0,0,Morelia,Centro,septiembre,lunes,20,-101.1904631,19.7026851599992
36767,36772,2021,MOR210633029,2021/09/13,20:58:00,COLISIÓN CONTRA OBJETO FIJO,ASFALTO,Lluvioso,Regular,2,NISSAN,BLANCO,1,,35,MASCULINO,SIN DATOS,0,0,Morelia,Elias Perez Avalos,septiembre,lunes,21,-101.167886855,19.7156043599992
36768,36773,2021,,2021/09/13,21:50:00,COLISIÓN POR ALCANCE,CONCRETO,Bueno,Bueno,2,CHRYSLER,BLANCO,2,,21,MASCULINO,SIN DATOS,0,0,Morelia,Infonavit Cepamisa,septiembre,lunes,22,-101.21640064,19.6965741849992
36769,36774,2021,,2021/09/14,"09:10:00",COLISIÓN POR CORTE DE CIRCULACIÓN,ASFALTO,Bueno,Bueno,2,NISSAN/TSURU,BLANCO,2,,43,MASCULINO,SIN DATOS,0,0,Morelia,Loma Bonita,septiembre,martes,9,-101.196236461401,19.7228568105845
36770,36775,2021,,2021/09/14,"09:59:00",COLISIÓN POR ALCANCE,ASFALTO,Bueno,Bueno,2,DINA,BLANCO,2,,50,MASCULINO,SIN DATOS,0,0,Morelia,Sentimientos de La Nacion,septiembre,martes,10,-101.235264979971,19.6811694611316
36771,36776,2021,,2021/09/14,10:15:00,COLISIÓN CONTRA OBJETO FIJO,CONCRETO,Bueno,Bueno,1,CHEVROLET,NEGRO,1,,45,,CON CERTIFICADO,0,0,Morelia,Barrio Alto,septiembre,martes,10,-101.197066269815,19.7253797760682
36772,36777,2021,,2021/09/14,11:30:00,COLISIÓN POR CAMBIO DE CARRIL,ASFALTO,Bueno,Bueno,2,CHEVROLET,BLANCO,2,,35,MASCULINO,SIN DATOS,0,0,Morelia,Loma Bonita,septiembre,martes,12,-101.196188212119,19.7228549360952
36773,36778,2021,,2021/09/14,11:30:00,COLISIÓN POR ALCANCE,CONCRETO,Nublado,Bueno,2,CHEVROLET/SONIC,AZUL,2,,42,FEMENINO,SIN DATOS,0,0,Morelia,Los Manantiales de Morelia,septiembre,martes,12,-101.237738281488,19.700624810948
36774,36779,2021,,2021/09/14,11:35:00,COLISIÓN POR ALCANCE,ASFALTO,Bueno,Bueno,2,ITALIKA,NEGRO,3,,54,MASCULINO,SIN DATOS,1,0,Morelia,Arboledas de Valladolid,septiembre,martes,12,-101.250292726539,19.6966829655427
36775,36780,2021,,2021/09/14,13:40:00,VOLCADURA,ASFALTO,Nublado,Regular,1,DODGE,BLANCO,1,,54,MASCULINO,SIN DATOS,0,0,Charo,Sin datos,septiembre,martes,14,-101.050234467469,19.685041004434
36776,36781,2021,,2021/09/14,13:55:00,COLISIÓN CONTRA OBJETO FIJO,CONCRETO,Nublado,Bueno,1,CHEVROLET/BEAT,PLATA,1,,31,MASCULINO,SIN DATOS,0,0,Morelia,Tinijaro,septiembre,martes,14,-101.26316,19.6963297049991
36777,36782,2021,,2021/09/14,14:00:00,VOLCADURA,ASFALTO,Lluvioso,Bueno,1,GML,GRIS,1,MINISTERIO PÚBLICO,,,SIN DATOS,0,0,Tacámbaro,Sin datos,septiembre,martes,14,-101.452075615525,19.2835187982619
36778,36783,2021,,2021/09/14,14:05:00,COLISIÓN POR CORTE DE CIRCULACIÓN,ASFALTO,Bueno,Bueno,2,KAWASAKI,AZUL Y BLANCO,2,,21,,SIN DATOS,0,0,Morelia,Residencial Alborada,septiembre,martes,14,-101.234585412591,19.7023498438373
36779,36784,2021,,2021/09/14,17:00:00,COLISIÓN POR CORTE DE CIRCULACIÓN,SIN_DATOS,Bueno,Bueno,2,HONDA,BLANCO,2,,57,FEMENINO,SIN DATOS,0,0,Morelia,Vasco de Quiroga,septiembre,martes,17,-101.17173003406,19.7049662334639
36780,36785,2021,,2021/09/14,21:00:00,COLISIÓN POR CORTE DE CIRCULACIÓN,ASFALTO,Bueno,Bueno,2,AUDI,BLANCO,2,,,MASCULINO,SIN DATOS,0,0,Morelia,San Rafael,septiembre,martes,21,-101.15544746884,19.7010563344789
36781,36786,2021,LEG39118,2021/09/14,21:10:00,COLISIÓN POR ALCANCE,ASFALTO,Bueno,Bueno,2,FORD,DORADO,2,,33,MASCULINO,CON CERTIFICADO,0,0,Morelia,Nicolaitas Ilustres,septiembre,martes,21,-101.226552128792,19.7223004127833
36782,36787,2021,MOR210635718,2021/09/14,21:55:00,COLISIÓN POR CORTE DE CIRCULACIÓN,ASFALTO,Bueno,Bueno,2,TOYOTA,BLANCO Y ROSA,2,,68,MASCULINO,SIN DATOS,0,0,Morelia,Barrio Alto,septiembre,martes,22,-101.196635043765,19.724804116065
36783,36788,2021,,2021/09/15,"01:30:00",VOLCADURA,ASFALTO,Bueno,Bueno,1,VOLKSWAGEN,BLANCO,1,,30,MASCULINO,SIN DATOS,0,0,Morelia,Felix Ireta,septiembre,miércoles,2,-101.195664449858,19.6814974911203
36784,36789,2021,,2021/09/15,11:05:00,COLISIÓN POR CAMBIO DE CARRIL,ASFALTO,Bueno,Bueno,2,MERCEDES BENZ,BLANCO,2,,27,MASCULINO,SIN DATOS,0,0,Morelia,Tres Puentes,septiembre,miércoles,11,-101.213738210499,19.702668353534
36785,36790,2021,MOR 210636806,2021/09/15,14:00:00,COLISIÓN POR CORTE DE CIRCULACIÓN,CONCRETO,Nublado,Bueno,2,CHEVROLET,GRIS,2,,26,FEMENINO,SIN DATOS,0,0,Morelia,Montaña Monarca,septiembre,miércoles,14,-101.164684935736,19.665593520121
36786,36791,2021,,2021/09/15,14:50:00,COLISIÓN POR ALCANCE,ASFALTO,Bueno,Bueno,2,KIA,BLANCA,2,MINISTERIO PÚBLICO,20,MASCULINO,SIN DATOS,0,0,Morelia,Fuentes de Morelia,septiembre,miércoles,15,-101.2057794258,19.6735775173369
36787,36792,2021,MOR210637457,2021/09/15,18:45:00,COLISIÓN POR CAMBIO DE CARRIL,ASFALTO,Bueno,Regular,2,MAZDA,AZUL,2,,36,MASCULINO,SIN DATOS,0,0,Morelia,Villas del Real,septiembre,miércoles,19,-101.198625273324,19.7343348035229
36788,36793,2021,MOR210637634,2021/09/15,19:04:00,COLISIÓN POR ALCANCE,ASFALTO,Bueno,Bueno,2,NISSAN,BLANCO,2,,35,MASCULINO,SIN DATOS,0,0,Morelia,Lomas de Huerta,septiembre,miércoles,19,-101.214278980411,19.6743274290035
36789,36794,2021,,2021/09/15,19:45:00,CAIDA DE MOTOCICLETA,ASFALTO,Bueno,Bueno,1,ITALIKA,NARANJA,1,MINISTERIO PÚBLICO,,,,1,0,Morelia,Hacienda del Valle,septiembre,miércoles,20,-101.227051019669,19.6669428747727
36790,36795,2021,MOR210638094,2021/09/15,22:49:00,COLISIÓN CONTRA OBJETO FIJO,ASFALTO,Bueno,Bueno,2,NISSAN,BLANCO,2,,0,MASCULINO,SIN DATOS,0,0,Morelia,Arkos San Antonio,septiembre,miércoles,23,-101.269316263497,19.6686973087149
36791,36796,2021,MOR 210638272,2021/09/16,"00:10:00",COLISIÓN CONTRA OBJETO FIJO,ASFALTO,Bueno,Bueno,1,FORD,ROJO,1,,35,MASCULINO,ALIENTO ETÍLICO,0,0,Morelia,La Luz,septiembre,jueves,0,-101.299783810973,19.6873378908838
36793,36798,2021,MOR210638384,2021/09/16,"02:02:00",SUBIDA AL CAMELLÓN,ASFALTO,Bueno,Bueno,1,DODGE,GRIS,1,,36,MASCULINO,ALIENTO ETÍLICO,0,0,Morelia,Hermanos Lopez Rayon,septiembre,jueves,2,-101.220246224927,19.675303207253
36794,36799,2021,LEG39134,2021/09/16,"02:40:00",SUBIDA AL CAMELLÓN,ASFALTO,Bueno,Bueno,1,VOLKSWAGEN,GRIS,1,,31,MASCULINO,SIN DATOS,0,0,Morelia,Clara Cordova Moran,septiembre,jueves,3,-101.180787973784,19.7374527223532
36795,36800,2021,MOR210638643,2021/09/16,"04:15:00",COLISIÓN POR CAMBIO DE CARRIL,CONCRETO,Bueno,Bueno,2,CHEVROLET,ROJO,2,,0,FEMENINO,ALIENTO ETÍLICO,0,0,Morelia,Cinco de Diciembre,septiembre,jueves,4,-101.162815939039,19.6862710903522
36796,36801,2021,MOR210638554,2021/09/16,"04:30:00",COLISIÓN CONTRA OBJETO FIJO,CONCRETO,Bueno,Bueno,1,NISSAN,GRIS,1,,31,FEMENINO,SIN DATOS,0,0,Morelia,Cinco de Diciembre,septiembre,jueves,5,-101.164988055825,19.6849422532968
36797,36802,2021,MOR210638618,2021/09/16,"05:29:00",COLISIÓN POR INVASIÓN DE CARRIL,ASFALTO,Bueno,Bueno,3,SEAT,GRIS,2,,35,FEMENINO,SIN DATOS,0,0,Morelia,Vista Bella,septiembre,jueves,5,-101.197637915611,19.6777580242361
36798,36803,2021,MOR210638649,2021/09/16,"06:15:00",SUBIDA AL CAMELLÓN,CONCRETO,Bueno,Bueno,1,BMW,BLANCO,1,,23,MASCULINO,SIN DATOS,0,0,Morelia,Vistas de Altozano,septiembre,jueves,6,-101.167,19.6551
36799,36804,2021,,2021/09/16,"08:00:00",COLISIÓN CONTRA OBJETO FIJO,ASFALTO,Bueno,Regular,1,FORD/EXPLORER,AZUL,0,,,,,0,0,Morelia,Granjas Unidas de Morelia,septiembre,jueves,8,-101.27948988229,19.6913071427151
36800,36805,2021,LEG39132,2021/09/16,12:40:00,COLISIÓN POR CORTE DE CIRCULACIÓN,CONCRETO,Bueno,Bueno,2,YAMAHA,ROJO,2,,46,MASCULINO,SIN DATOS,0,0,Morelia,Centro,septiembre,jueves,13,-101.185553588651,19.7045641201901
36801,36806,2021,,2021/09/16,13:00:00,COLISIÓN POR CORTE DE CIRCULACIÓN,ASFALTO,Bueno,Bueno,2,PEUGEOT,ROJO,2,,40,MASCULINO,SIN DATOS,0,0,Morelia,Felix Ireta,septiembre,jueves,13,-101.190653778613,19.6907996310608
36802,36807,2021,,2021/09/16,13:50:00,COLISIÓN POR CAMBIO DE CARRIL,ASFALTO,Bueno,Bueno,2,VOLKSWAGEN,ROJO,2,,0,MASCULINO,SIN DATOS,0,0,Morelia,Primo Tapia Oriente,septiembre,jueves,14,-101.160671657864,19.7148130515494
36803,36808,2021,MOR210637123,2021/09/16,15:05:00,COLISIÓN POR CAMBIO DE CARRIL,ASFALTO,Bueno,Bueno,2,NISSAN,BLANCO/ROJO,2,,29,MASCULINO,SIN DATOS,0,0,Morelia,Felix Arreguin,septiembre,jueves,15,-101.227815814995,19.719142115155
36804,36809,2021,,2021/09/16,15:50:00,COLISIÓN POR CAMBIO DE CARRIL,ASFALTO,Bueno,Bueno,2,CHEVROLET,BLANCO,2,,52,MASCULINO,SIN DATOS,0,0,Morelia,Primo Tapia Oriente,septiembre,jueves,16,-101.160671657864,19.7148130515494
36805,36810,2021,MOR210637213,2021/09/16,16:55:00,COLISIÓN POR CORTE DE CIRCULACIÓN,CONCRETO,Bueno,Bueno,2,VOLKSWAGUEN,NEGRO,2,MINISTERIO PÚBLICO,45,MASCULINO,SIN DATOS,0,0,Morelia,Centro,septiembre,jueves,17,-101.200180924072,19.7030214764324
36806,36811,2021,,2021/09/16,18:05:00,COLISIÓN CONTRA OBJETO FIJO,CONCRETO,Bueno,Bueno,2,DODGE DAKOTA,NEGRO,2,MINISTERIO PÚBLICO,0,MASCULINO,SIN DATOS,0,0,Morelia,Lomas,septiembre,jueves,18,-101.204999543048,19.6536212709835
36807,36812,2021,,2021/09/16,19:10:00,COLISIÓN POR CORTE DE CIRCULACIÓN,CONCRETO,Bueno,Bueno,2,VENTO,BLANCO,2,MINISTERIO PÚBLICO,31,MASCULINO,SIN DATOS,0,0,Morelia,Tierra Y Libertad,septiembre,jueves,19,-101.223335520111,19.7166089705315
36808,36813,2021,MOR210640184,2021/09/16,21:39:00,COLISIÓN CONTRA OBJETO FIJO,ASFALTO,Bueno,Bueno,1,VOLKSWAGEN,AZUL,1,,66,MASCULINO,SIN DATOS,0,0,Morelia,Mision del Valle,septiembre,jueves,22,-101.113695265699,19.766752522103
36809,36814,2021,,2021/09/16,22:20:00,COLISIÓN POR ALCANCE,ASFALTO,Bueno,Bueno,2,RENAULT,GRIS,2,,63,MASCULINO,SIN DATOS,0,0,Morelia,Centro,septiembre,jueves,22,-101.19118388321,19.702768457823
36810,36815,2021,MOR210637988,2021/09/16,22:30:00,COLISIÓN POR CORTE DE CIRCULACIÓN,CONCRETO,Nublado,Bueno,2,FORD,GRIS,2,,21,MASCULINO,SIN DATOS,0,0,Morelia,El Realito,septiembre,jueves,23,-101.20488527485,19.7270095677765
36811,36816,2021,,2021/09/17,"00:50:00",COLISIÓN CONTRA OBJETO FIJO,ASFALTO,Bueno,Bueno,1,DODGE,BLANCO,1,,25,MASCULINO,SIN DATOS,0,0,Morelia,Sin datos,septiembre,viernes,1,-101.267213685944,19.640104936269
36812,36817,2021,,2021/09/17,"01:05:00",COLISIÓN POR ALCANCE,ASFALTO,Bueno,Bueno,2,HONDA CRV,BLANCO,2,,34,FEMENINO,SIN DATOS,0,0,Morelia,Valle Quieto,septiembre,viernes,1,-101.202369670517,19.6826225936215
36813,36818,2021,,2021/09/17,"03:40:00",COLISIÓN POR MANIOBRA DE REVERSA,CONCRETO,Bueno,Bueno,1,FORD,ROJO,1,MINISTERIO PÚBLICO,,,,1,0,Chucándiro,Centro,septiembre,viernes,4,-101.331810087634,19.8985038108075
36814,36819,2021,MOR210641101,2021/09/17,11:07:00,COLISIÓN POR CAMBIO DE CARRIL,ASFALTO,Bueno,Bueno,2,FORD,BLANCO,2,,38,FEMENINO,SIN DATOS,0,0,Morelia,Nueva Valladolid,septiembre,viernes,11,-101.211171435,19.7020055149992
36815,36820,2021,MOR210641582,2021/09/17,14:10:00,COLISIÓN POR ALCANCE,ASFALTO,Bueno,Bueno,3,HINO,BLANCO,3,,0,MASCULINO,SIN DATOS,0,0,Morelia,Santillan La Huerta,septiembre,viernes,14,-101.219553885717,19.6760966650679
36816,36821,2021,MOR210641745,2021/09/17,14:50:00,COLISIÓN POR ALCANCE,ASFALTO,Bueno,Malo,2,CHRYSLER,BLANCO/ROSA,2,,37,MASCULINO,SIN DATOS,0,0,Morelia,Ignacio Zaragoza,septiembre,viernes,15,-101.205240637064,19.7254176483641
36817,36822,2021,,2021/09/17,15:30:00,COLISIÓN POR CAMBIO DE CARRIL,CONCRETO,Bueno,Bueno,2,NISSAN,BLANCO,2,,35,MASCULINO,SIN DATOS,0,0,Morelia,Chapultepec Sur,septiembre,viernes,16,-101.171449125214,19.6920309500482
36818,36823,2021,MOR210641950,2021/09/17,16:30:00,COLISIÓN POR CAMBIO DE CARRIL,ASFALTO,Bueno,Bueno,2,DINA,BLANCO,2,,21,MASCULINO,SIN DATOS,0,0,Morelia,Poblado de Ocolusen,septiembre,viernes,17,-101.150127649172,19.6944699261717
36819,36824,2021,,2021/09/17,17:45:00,COLISIÓN POR CAMBIO DE CARRIL,ASFALTO,Bueno,Bueno,2,INTERNATIONAL,BLANCO,2,,24,MASCULINO,SIN DATOS,0,0,Morelia,Canteras de Morelia,septiembre,viernes,18,-101.173449785196,19.7162642559269
36820,36825,2021,MOR 210642306,2021/09/17,20:00:00,COLISIÓN POR CORTE DE CIRCULACIÓN,CONCRETO,Bueno,Bueno,2,ITALIKA,GRIS,2,MINISTERIO PÚBLICO,30,MASCULINO,SIN DATOS,1,0,Morelia,Centro,septiembre,viernes,20,-101.190201361618,19.6972696703364
36821,36826,2021,LEG39163,2021/09/17,21:40:00,CAIDA DE MOTOCICLETA,ASFALTO,Lluvioso,Bueno,1,CARABELA,ROJO,1,,35,MASCULINO,SIN DATOS,0,0,Morelia,Sin datos,septiembre,viernes,22,-101.155567497693,19.6691873252674
36823,36828,2021,LEG39165,2021/09/18,"00:20:00",COLISIÓN CONTRA OBJETO FIJO,ASFALTO,Lluvioso,Bueno,1,VOLVO,BALNCA,1,,51,MASCULINO,SIN DATOS,0,0,Morelia,Lomas de Las Americas Norte,septiembre,sábado,0,-101.147073342989,19.6958984278863
36824,36829,2021,,2021/09/18,"01:05:00",COLISIÓN POR CORTE DE CIRCULACIÓN,SIN_DATOS,Lluvioso,Malo,1,FORD,BLANCO,1,,0,MASCULINO,SIN DATOS,0,0,Morelia,Ignacio Zaragoza,septiembre,sábado,1,-101.205793027223,19.723628886106
36825,36830,2021,MOR210640808,2021/09/18,"08:52:00",COLISIÓN POR CAMBIO DE CARRIL,ASFALTO,Bueno,Bueno,2,TOYOTA,BLANCO,2,,60,MASCULINO,SIN DATOS,0,0,Morelia,Tzindurio de Morelos,septiembre,sábado,9,-101.243904344738,19.7001936592986
36826,36831,2021,,2021/09/18,"09:20:00",COLISIÓN POR CAMBIO DE CARRIL,CONCRETO,Bueno,Bueno,2,CHEVROLET,AZUL,2,,34,FEMENINO,CON CERTIFICADO,0,0,Morelia,Camponubes,septiembre,sábado,9,-101.2902890993,19.6979150011112
36827,36832,2021,MOR210643198,2021/09/18,11:08:00,COLISIÓN CONTRA OBJETO FIJO,ASFALTO,Bueno,Bueno,2,FORD,BLANCO,2,MINISTERIO PÚBLICO,71,MASCULINO,SIN DATOS,0,0,Morelia,Elias Perez Avalos,septiembre,sábado,11,-101.167886855,19.7156043599992
36828,36833,2021,,2021/09/18,11:50:00,COLISIÓN POR CAMBIO DE CARRIL,ASFALTO,Bueno,Bueno,2,FRAIGHTLINER,BLANCO,2,,51,MASCULINO,SIN DATOS,0,0,Morelia,Primo Tapia Oriente,septiembre,sábado,12,-101.160671657864,19.7148130515494
36830,36835,2021,MOR210643782,2021/09/18,14:46:00,COLISIÓN POR CAMBIO DE CARRIL,ASFALTO,Bueno,Bueno,2,NISSAN,GRIS,2,MINISTERIO PÚBLICO,22,FEMENINO,SIN DATOS,0,0,Morelia,Congreso Constituyente de Michoacan,septiembre,sábado,15,-101.171684186911,19.7217650175043
36831,36836,2021,,2021/09/18,15:00:00,COLISIÓN CONTRA OBJETO FIJO,ASFALTO,Bueno,Bueno,1,KENWORTH,AMARILLO,1,MINISTERIO PÚBLICO,,,SIN DATOS,0,0,Lázaro Cárdenas,Centro,septiembre,sábado,15,-102.194041155407,17.9584184330606
36832,36837,2021,MOR210642107,2021/09/18,18:05:00,COLISIÓN POR ALCANCE,ASFALTO,Bueno,Bueno,2,FORD,AZUL,2,MINISTERIO PÚBLICO,61,MASCULINO,SIN DATOS,0,0,Morelia,Ampliacion La Soledad,septiembre,sábado,18,-101.182365813718,19.7365428778171
36834,36839,2021,,2021/09/18,20:45:00,COLISIÓN POR INVASIÓN DE CARRIL,ASFALTO,Lluvioso,Regular,2,DODGE,ROJO,2,MINISTERIO PÚBLICO,54,MASCULINO,ALIENTO ETÍLICO,0,0,Morelia,Bonanza,septiembre,sábado,21,-101.20361213,19.6571945349991
36835,36840,2021,,2021/09/18,21:00:00,COLISIÓN POR INVASIÓN DE CARRIL,ASFALTO,Bueno,Bueno,3,CHRYSLER,GRIS,3,,40,MASCULINO,CON CERTIFICADO,0,0,Morelia,Sin datos,septiembre,sábado,21,-101.251188046133,19.7935984169223
36836,36841,2021,MOR210644575,2021/09/18,21:00:00,COLISIÓN CONTRA OBJETO FIJO,ASFALTO,Lluvioso,Bueno,2,NISSAN,BLANCO,2,,46,MASCULINO,SIN DATOS,0,0,Morelia,Independencia,septiembre,sábado,21,-101.177325168862,19.712097629132
36837,36842,2021,MOR/21021064246,2021/09/18,21:40:00,CAIDA DE MOTOCICLETA,ASFALTO,Lluvioso,Bueno,1,CARABELA,ROJO,1,,35,MASCULINO,SIN DATOS,0,0,Morelia,Vistas de Altozano,septiembre,sábado,22,-101.167,19.6551
36838,36843,2021,,2021/09/18,22:10:00,COLISIÓN CONTRA OBJETO FIJO,CONCRETO,Lluvioso,Bueno,1,MERCEDES BENZ,BLANCO/NARANJA,1,,28,MASCULINO,SIN DATOS,0,0,Morelia,Tinijaro,septiembre,sábado,22,-101.26316,19.6963297049991
36839,36844,2021,,2021/09/18,22:45:00,SUBIDA AL CAMELLÓN,ASFALTO,Lluvioso,Regular,1,FORD,BLANCO,0,,,,,0,0,Morelia,Tinijaro,septiembre,sábado,23,-101.26316,19.6963297049991
36840,36845,2021,MOR210642562,2021/09/18,22:54:00,COLISIÓN POR CORTE DE CIRCULACIÓN,CONCRETO,Lluvioso,Regular,3,KIA,BLANCO,3,,35,FEMENINO,SIN DATOS,0,0,Morelia,Leona Vicario,septiembre,sábado,23,-101.212522555,19.6690464899991
36841,36846,2021,,2021/09/19,"00:00:00",VOLCADURA,ASFALTO,Bueno,Bueno,1,VOLKSWAGEN,ROJO,1,,47,MASCULINO,SIN DATOS,0,0,Morelia,Sin datos,septiembre,domingo,0,-101.125,19.7143
36842,36847,2021,MOR210645419,2021/09/19,"00:00:00",COLISIÓN CONTRA OBJETO FIJO,CONCRETO,Bueno,Bueno,2,CHEVROLET,ROJO,2,,35,MASCULINO,SIN DATOS,0,0,Morelia,Hermenegildo Galeana,septiembre,domingo,0,-101.212759845921,19.7463961065178
36843,36848,2021,,2021/09/19,"00:00:00",COLISIÓN CONTRA OBJETO FIJO,ASFALTO,Lluvioso,Bueno,5,DODGE,GRIS,0,MINISTERIO PÚBLICO,,,,0,0,Morelia,Lomas del Valle,septiembre,domingo,0,-101.230037015,19.6880963799991
36844,36849,2021,,2021/09/19,"01:40:00",COLISIÓN POR ALCANCE,ASFALTO,Lluvioso,Regular,2,DODGE,GRIS,2,,18,MASCULINO,SIN DATOS,0,0,Morelia,Villas del Pedregal,septiembre,domingo,2,-101.302209,19.685042
36845,36850,2021,,2021/09/19,"02:10:00",COLISIÓN CONTRA OBJETO FIJO,ASFALTO,Lluvioso,Bueno,2,VOLKSWAGEN,AZUL,1,MINISTERIO PÚBLICO,31,MASCULINO,SIN DATOS,0,0,Morelia,Villas de La Loma,septiembre,domingo,2,-101.299403943121,19.6892963138345
36846,36851,2021,,2021/09/19,"03:20:00",COLISIÓN POR ALCANCE,ASFALTO,Lluvioso,Bueno,2,VOLKSWAGEN,BEIGE,2,,49,MASCULINO,SIN DATOS,0,0,Morelia,El Lago 2,septiembre,domingo,3,-101.21308714929,19.7249514326746
36847,36852,2021,MOR210645320,2021/09/19,"06:00:00",COLISIÓN CON PEATÓN,ASFALTO,Lluvioso,Regular,1,SEAT,ROJO,1,,,,,1,0,Morelia,Sin datos,septiembre,domingo,6,-101.2804195,19.695692
36848,36853,2021,MOR210645378,2021/09/19,"07:30:00",COLISIÓN POR ALCANCE,ASFALTO,Bueno,Regular,2,FORD,VERDE,2,,20,MASCULINO,ALIENTO ETÍLICO,0,0,Morelia,Campestre Los Manantiales,septiembre,domingo,8,-101.238884925842,19.6891795432191
36850,36855,2021,MOR 210645682,2021/09/19,11:30:00,COLISIÓN POR CAMBIO DE CARRIL,CONCRETO,Bueno,Bueno,2,CHEVROLET,AZUL,2,,38,MASCULINO,SIN DATOS,0,0,Morelia,Barrio Alto,septiembre,domingo,12,-101.190695064204,19.7264690646931
36851,36856,2021,MOR210646386,2021/09/19,17:02:00,COLISIÓN POR CORTE DE CIRCULACIÓN,ASFALTO,Bueno,Bueno,2,HONDA,ROJO,2,,40,MASCULINO,SIN DATOS,0,0,Morelia,Puerto de Buenavista,septiembre,domingo,17,-101.126352197769,19.6849018019943
36852,36857,2021,MOR210646559,2021/09/19,17:35:00,COLISIÓN POR INVASIÓN DE CARRIL,ASFALTO,Bueno,Bueno,2,HONDA,AZUL,2,,30,MASCULINO,SIN DATOS,0,0,Morelia,Sin datos,septiembre,domingo,18,-101.164471766766,19.6590425518893
36853,36858,2021,,2021/09/19,17:45:00,COLISIÓN CONTRA OBJETO FIJO,ASFALTO,Bueno,Bueno,2,S/D,GRIS Y NARANJA,2,,,,SIN DATOS,0,0,Morelia,Los Angeles,septiembre,domingo,18,-101.176149154254,19.7423497680958
36854,36859,2021,MOR210646810,2021/09/19,20:35:00,COLISIÓN CONTRA OBJETO FIJO,ASFALTO,Bueno,Regular,1,CHEVROLET,GRIS,1,,34,FEMENINO,SIN DATOS,0,0,Morelia,Lomas del Tecnologico,septiembre,domingo,21,-101.192971737429,19.7218067072296
36855,36860,2021,LEG39200,2021/09/19,20:40:00,COLISIÓN POR CAMBIO DE CARRIL,ASFALTO,Bueno,Bueno,2,DODGE,GRIS,2,,56,MASCULINO,SIN DATOS,0,0,Morelia,Elias Perez Avalos,septiembre,domingo,21,-101.167813022979,19.7136335493406
36856,36861,2021,MOR210647022,2021/09/19,22:00:00,COLISIÓN POR CAMBIO DE CARRIL,ASFALTO,Bueno,Bueno,2,KIA,ROJO,2,,27,MASCULINO,SIN DATOS,0,0,Morelia,Lomas del Tecnologico,septiembre,domingo,22,-101.192971737429,19.7218067072296
36857,36862,2021,,2021/09/19,22:40:00,COLISIÓN POR ALCANCE,ASFALTO,Lluvioso,Regular,2,YAMAHA,BLANCO,2,,,MASCULINO,SIN DATOS,0,0,Morelia,Lomas del Valle,septiembre,domingo,23,-101.230222677688,19.687753554468
36858,36863,2021,MOR210647161,2021/09/19,22:40:00,COLISIÓN POR INVASIÓN DE CARRIL,ASFALTO,Bueno,Bueno,2,NISSAN,BLANCO Y ROJO,1,,28,MASCULINO,SIN DATOS,0,0,Morelia,Sin datos,septiembre,domingo,23,-101.254933893002,19.5947646219688