fid,id_accidente,anio_origen,folio_c5i,dia_incidente,hora_ocurrencia,tipo_incidente_vial,superficie_ocurrencia,condiciones_climaticas,condiciones_via,numero_vehiculos_involucrados,marca_vehiculo_ocasiona_siniestro,color_vehiculo_ocasiona_siniestro,numero_personas_involucradas,lugar_remite_presunto_responsable,edad_presunto_responsable,sexo_presunto_responsable,resultados_toxicologia,numero_personas_lesionadas,numero_personas_fallecidas,municipio,colonia,mes,dia_semana,hora_redondeada,lon,lat
36859,36864,2021,MOR210647083,2021/09/19,22:50:00,COLISIÓN POR CAMBIO DE CARRIL,ASFALTO,Bueno,Bueno,2,VOLKSWAGEN,ROJO,2,,,MASCULINO,SIN DATOS,0,0,Morelia,Vasco de Quiroga,septiembre,domingo,23,-101.172084441176,19.7019638559701
36860,36865,2021,,2021/09/19,23:00:00,VOLCADURA,ASFALTO,Lluvioso,Regular,1,FORD,NEGRO,1,,51,MASCULINO,SIN DATOS,0,0,Morelia,Del Prendimiento,septiembre,domingo,23,-101.387824353099,19.6669094028484
36861,36866,2021,,2021/09/19,23:20:00,COLISIÓN POR CORTE DE CIRCULACIÓN,ASFALTO,Lluvioso,Regular,2,CHEVROLET,AZUL,2,,21,MASCULINO,SIN DATOS,0,0,Morelia,Centro,septiembre,domingo,23,-101.19118388321,19.702768457823
36862,36867,2021,,2021/09/19,23:30:00,SALIDA DE SUPERFICIE DE RODAMIENTO,ASFALTO,Lluvioso,Bueno,1,NISSAN,NEGRO,1,,56,MASCULINO,SIN DATOS,0,0,Morelia,Justo Mendoza,septiembre,domingo,0,-101.230276318269,19.712793964837
36863,36868,2021,,2021/09/20,"00:00:00",COLISIÓN POR CAMBIO DE CARRIL,ASFALTO,Lluvioso,Regular,2,NISSAN,BLANCO / ROJO,2,,0,MASCULINO,SIN DATOS,0,0,Morelia,Lazaro Cardenas,septiembre,lunes,0,-101.162058507071,19.7101112773308
36864,36869,2021,,2021/09/20,"04:25:00",SALIDA DE SUPERFICIE DE RODAMIENTO,ASFALTO,Bueno,Bueno,1,FREIGHTLINER,BLANCO,1,,25,MASCULINO,SIN DATOS,0,0,Morelia,Lomas del Pedregal,septiembre,lunes,4,-101.284884534717,19.6921578400803
36865,36870,2021,,2021/09/20,"08:05:00",COLISIÓN POR CAMBIO DE CARRIL,ASFALTO,Bueno,Bueno,2,FORD/WINDSTAR,GUINDA,2,,0,MASCULINO,SIN DATOS,0,0,Morelia,Vasco de Quiroga,septiembre,lunes,8,-101.172084441176,19.7019638559701
36866,36871,2021,,2021/09/20,"08:30:00",COLISIÓN CON PEATÓN,CONCRETO,Bueno,Bueno,1,HONDA,BLANCO,2,,25,MASCULINO,SIN DATOS,1,0,Morelia,Ricardo Flores Magon,septiembre,lunes,9,-101.2442053369,19.7070098191619
36867,36872,2021,,2021/09/20,12:00:00,COLISIÓN CON PEATÓN,ASFALTO,Bueno,Bueno,1,HONDA,GRIS,1,,67,MASCULINO,SIN DATOS,0,0,Morelia,Lomas de Guayangareo,septiembre,lunes,12,-101.160520836711,19.7045918968239
36868,36873,2021,MOR210648312,2021/09/20,14:07:00,COLISIÓN POR ALCANCE,ASFALTO,Bueno,Bueno,3,NISSAN,NEGRO,3,,25,MASCULINO,SIN DATOS,0,0,Morelia,Centro,septiembre,lunes,14,-101.18218963,19.7028850649992
36869,36874,2021,MOR210648430,2021/09/20,14:33:00,COLISIÓN POR CAMBIO DE CARRIL,ASFALTO,Bueno,Bueno,2,FORD,VERDE,2,,40,MASCULINO,SIN DATOS,0,0,Morelia,Primo Tapia Oriente,septiembre,lunes,15,-101.160671657864,19.7148130515494
36870,36875,2021,,2021/09/20,14:35:00,COLISIÓN POR ALCANCE,ASFALTO,Bueno,Bueno,2,CHEVROLET,BLANCO,2,,0,FEMENINO,SIN DATOS,0,0,Charo,La Goleta,septiembre,lunes,15,-101.084006465971,19.736652728466
36871,36876,2021,MOR210648452,2021/09/20,16:03:00,VOLCADURA,ASFALTO,Bueno,Bueno,1,NISSAN,NARANJA,1,,42,MASCULINO,SIN DATOS,0,0,Morelia,Sin datos,septiembre,lunes,16,-101.114533022046,19.7368082807552
36872,36877,2021,,2021/09/20,17:00:00,COLISIÓN POR ALCANCE,ASFALTO,Bueno,Regular,3,HYUNDAY,BLANCO,3,,30,FEMENINO,SIN DATOS,0,0,Morelia,Division del Norte,septiembre,lunes,17,-101.163157478653,19.7114680148327
36873,36878,2021,,2021/09/20,19:30:00,COLISIÓN POR CORTE DE CIRCULACIÓN,ASFALTO,Bueno,Bueno,2,NISSAN,BLANCO AMARILLO,1,,45,MASCULINO,SIN DATOS,0,0,Morelia,La Quemada,septiembre,lunes,20,-101.240059827697,19.7032952648833
36874,36879,2021,LEG39221,2021/09/20,20:00:00,COLISIÓN POR ALCANCE,ASFALTO,Bueno,Bueno,2,FREIGHTLINER,BLANCO Y AZUL,2,,31,MASCULINO,SIN DATOS,0,0,Morelia,Diego Rivera,septiembre,lunes,20,-101.176343858242,19.718477055967
36875,36880,2021,,2021/09/21,"08:00:00",COLISIÓN POR CORTE DE CIRCULACIÓN,ASFALTO,Bueno,Bueno,2,DODGE,BLANCO,2,MINISTERIO PÚBLICO,,,SIN DATOS,0,0,Lázaro Cárdenas,Sin datos,septiembre,martes,8,-102.228231467307,17.9353917543024
36877,36882,2021,MOR210650255,2021/09/21,13:35:00,COLISIÓN POR ALCANCE,ASFALTO,Bueno,Bueno,2,INTERNATIONAL,AZUL,2,,25,MASCULINO,SIN DATOS,0,0,Morelia,Independencia,septiembre,martes,14,-101.177828095175,19.7192803543868
36878,36883,2021,,2021/09/21,13:46:00,COLISIÓN POR CAMBIO DE CARRIL,ASFALTO,Bueno,Bueno,2,CHEVROLET,ROJO,2,,23,MASCULINO,SIN DATOS,0,0,Morelia,Tinijaro,septiembre,martes,14,-101.257432431661,19.697242312562
36879,36884,2021,,2021/09/21,17:40:00,COLISIÓN POR CAMBIO DE CARRIL,CONCRETO,Bueno,Bueno,2,NISSAN,GRIS,2,MINISTERIO PÚBLICO,,,SIN DATOS,0,0,Morelia,Camelinas,septiembre,martes,18,-101.173791004851,19.6835986751478
36880,36885,2021,MOR210651470,2021/09/21,19:45:00,COLISIÓN POR CORTE DE CIRCULACIÓN,SIN_DATOS,Bueno,Bueno,1,HYUNDAI,BLANCO Y AZUL,1,,44,MASCULINO,SIN DATOS,0,0,Morelia,Elias Perez Avalos,septiembre,martes,20,-101.171443797648,19.7146982254039
36881,36886,2021,,2021/09/22,11:00:00,COLISIÓN POR ALCANCE,ASFALTO,Bueno,Bueno,2,CHEVROLET,BLANCO,2,,45,MASCULINO,SIN DATOS,0,0,Morelia,Lomas del Pedregal,septiembre,miércoles,11,-101.284884534717,19.6921578400803
36882,36887,2021,,2021/09/22,11:00:00,COLISIÓN POR ALCANCE,ASFALTO,Bueno,Bueno,2,VOLSWAGUEN,GRIS,2,,31,MASCULINO,SIN DATOS,0,0,Morelia,Tinijaro,septiembre,miércoles,11,-101.26316,19.6963297049991
36883,36888,2021,,2021/09/22,12:00:00,COLISIÓN POR CORTE DE CIRCULACIÓN,ASFALTO,Bueno,Bueno,2,VENTO,GRIS,0,MINISTERIO PÚBLICO,,,,0,0,Lázaro Cárdenas,Ejido Melchor Ocampo,septiembre,miércoles,12,-102.203092554787,17.9648263195214
36884,36889,2021,,2021/09/22,13:00:00,COLISIÓN POR CORTE DE CIRCULACIÓN,CONCRETO,Bueno,Bueno,3,NISSAN/XTRAIL,BLANCO,3,,70,MASCULINO,SIN DATOS,0,0,Morelia,Centro,septiembre,miércoles,13,-101.19118388321,19.702768457823
36885,36890,2021,,2021/09/22,13:32:00,COLISIÓN POR CORTE DE CIRCULACIÓN,ASFALTO,Bueno,Bueno,2,CHEVROLET,BLANCO,2,,30,MASCULINO,SIN DATOS,0,0,Morelia,El Lago 3,septiembre,miércoles,14,-101.219665798708,19.7255458202325
36886,36891,2021,,2021/09/22,14:01:00,COLISIÓN CONTRA OBJETO FIJO,ASFALTO,Bueno,Bueno,1,DODGE,PLATA,1,MINISTERIO PÚBLICO,28,MASCULINO,ALIENTO ETÍLICO,0,0,Morelia,Ciudad Industrial,septiembre,miércoles,14,-101.137578561902,19.7288245402612
36887,36892,2021,,2021/09/22,14:30:00,COLISIÓN CONTRA OBJETO FIJO,ASFALTO,Bueno,Bueno,2,ITALIKA,NEGRO,0,MINISTERIO PÚBLICO,,,,0,0,Pátzcuaro,Independencia,septiembre,miércoles,15,-101.619058214128,19.5120649374161
36888,36893,2021,,2021/09/22,15:00:00,COLISIÓN POR CORTE DE CIRCULACIÓN,ASFALTO,Bueno,Bueno,2,FORD,ROJO,2,,40,,SIN DATOS,0,0,Morelia,Dr Miguel Silva,septiembre,miércoles,15,-101.185227946917,19.717204814836
36890,36895,2021,,2021/09/22,17:00:00,COLISIÓN CON PEATÓN,SIN_DATOS,Bueno,Bueno,2,NISSAN,ROJO,2,,32,MASCULINO,SIN DATOS,0,0,Morelia,Canteras de Morelia,septiembre,miércoles,17,-101.1737705,19.7180635
36891,36896,2021,,2021/09/22,17:15:00,VOLCADURA,ASFALTO,Bueno,Bueno,1,FORD,NEGRO,0,,,,,0,0,Peribán,Sin datos,septiembre,miércoles,17,-102.466426456599,19.569068620506
36892,36897,2021,,2021/09/22,17:40:00,COLISIÓN POR CAMBIO DE CARRIL,ASFALTO,Bueno,Bueno,2,HINO,BLANCO,2,,45,MASCULINO,SIN DATOS,0,0,Morelia,Primo Tapia Oriente,septiembre,miércoles,18,-101.158696264029,19.7134616360742
36893,36898,2021,,2021/09/22,20:20:00,COLISIÓN POR INVASIÓN DE CARRIL,ASFALTO,Bueno,Regular,2,GENERAL MOTORS,ARENA,2,,25,MASCULINO,SIN DATOS,0,0,Morelia,La Calera,septiembre,miércoles,20,-101.235910356045,19.6696955942342
36894,36899,2021,,2021/09/22,20:40:00,COLISIÓN CONTRA OBJETO FIJO,ASFALTO,Bueno,Regular,2,VOLKSWAGEN,ROJO,2,MINISTERIO PÚBLICO,32,MASCULINO,SIN DATOS,0,0,Morelia,Los Manantiales de Morelia,septiembre,miércoles,21,-101.237759373404,19.7002353253856
36895,36900,2021,MOR210655934,2021/09/23,"00:00:00",COLISIÓN POR CORTE DE CIRCULACIÓN,ASFALTO,Bueno,Bueno,2,ITALIKA,BLANCO/AZUL,2,,24,MASCULINO,SIN DATOS,0,0,Morelia,Villas del Pedregal,septiembre,jueves,0,-101.306102384745,19.6700810015935
36896,36901,2021,MOR210655122,2021/09/23,"00:00:00",COLISIÓN POR CORTE DE CIRCULACIÓN,ASFALTO,Bueno,Bueno,2,TOYOTA,BLANCO,2,,52,MASCULINO,SIN DATOS,0,0,Morelia,Clara Cordova Moran,septiembre,jueves,0,-101.181933899194,19.7334094437605
36897,36902,2021,,2021/09/23,"06:00:00",COLISIÓN CONTRA OBJETO FIJO,ASFALTO,Bueno,Bueno,1,DODGE,GRIS,0,MINISTERIO PÚBLICO,,,,0,0,Lázaro Cárdenas,Sin datos,septiembre,jueves,6,-102.223698838867,17.9814293875861
36898,36903,2021,MOR210654313,2021/09/23,"08:40:00",COLISIÓN POR CAMBIO DE CARRIL,ASFALTO,Bueno,Bueno,2,NISSAN,ROJO,2,,35,FEMENINO,SIN DATOS,0,0,Morelia,Morelia 450,septiembre,jueves,9,-101.217528171837,19.675737008932
36899,36904,2021,,2021/09/23,10:05:00,COLISIÓN POR CAMBIO DE CARRIL,ASFALTO,Bueno,Bueno,2,VOLVO,BLANCO,2,,32,MASCULINO,SIN DATOS,0,0,Morelia,Bosques de Oriente,septiembre,jueves,10,-101.15508028052,19.7162548160051
36900,36905,2021,,2021/09/23,13:00:00,COLISIÓN CON PEATÓN,SIN_DATOS,Bueno,Bueno,2,NISSAN,ROJO,1,MINISTERIO PÚBLICO,,,SIN DATOS,0,0,Lázaro Cárdenas,El Sembrador,septiembre,jueves,13,-102.201757393777,17.9714220185645
36901,36906,2021,MOR210655077,2021/09/23,13:25:00,COLISIÓN POR CORTE DE CIRCULACIÓN,ASFALTO,Bueno,Bueno,3,DODGE,NEGRO,3,,58,MASCULINO,SIN DATOS,0,0,Tarímbaro,Sin datos,septiembre,jueves,13,-101.171773770318,19.7507998790941
36902,36907,2021,"210654552",2021/09/23,13:30:00,COLISIÓN POR CAMBIO DE CARRIL,ASFALTO,Bueno,Bueno,2,NISAN,NEGRO,2,,28,MASCULINO,SIN DATOS,0,0,Morelia,Morelos,septiembre,jueves,14,-101.207708909429,19.7007422619092
36903,36908,2021,MOR210654941,2021/09/23,14:00:00,COLISIÓN POR CORTE DE CIRCULACIÓN,CONCRETO,Bueno,Bueno,2,TOYOTA,PLATA,3,MINISTERIO PÚBLICO,59,FEMENINO,SIN DATOS,0,1,Morelia,Felix Ireta,septiembre,jueves,14,-101.195356696844,19.6919836502302
36904,36909,2021,LEG39249,2021/09/23,16:10:00,COLISIÓN POR INVASIÓN DE CARRIL,ASFALTO,Bueno,Bueno,2,DINA,AZUL,2,,0,,SIN DATOS,0,0,Morelia,Ana Maria Gallaga (Riviera Norte),septiembre,jueves,16,-101.21937956661,19.6769530823736
36905,36910,2021,,2021/09/23,16:15:00,COLISIÓN POR ALCANCE,CONCRETO,Bueno,Bueno,2,PEUGEOT,AZUL,2,,29,FEMENINO,SIN DATOS,0,0,Morelia,Alfonso Garcia Robles,septiembre,jueves,16,-101.182633303106,19.7188470437085
36906,36911,2021,,2021/09/23,17:20:00,COLISIÓN POR CAMBIO DE CARRIL,ASFALTO,Bueno,Bueno,2,MERCEDES BENZ,VERDE,2,,23,MASCULINO,SIN DATOS,0,0,Morelia,Santiaguito,septiembre,jueves,17,-101.19080797515,19.716616545407
36907,36912,2021,MOR210655631,2021/09/23,19:00:00,SALIDA DE SUPERFICIE DE RODAMIENTO,CONCRETO,Bueno,Bueno,1,X TRAIL,BLANCA,1,,70,MASCULINO,SIN DATOS,0,0,Morelia,La Calera,septiembre,jueves,19,-101.235694072462,19.6687131231408
36908,36913,2021,LEG39255,2021/09/23,19:40:00,COLISIÓN CON PEATÓN,ASFALTO,Bueno,Bueno,1,DODGE,GRIS,2,,31,MASCULINO,SIN DATOS,1,0,Morelia,Morelia 450,septiembre,jueves,20,-101.217480897903,19.6757145080971
36909,36914,2021,,2021/09/23,23:00:00,COLISIÓN CON PEATÓN,SIN_DATOS,Bueno,Bueno,1,NISSAN,BLANCO/ROJO,1,,44,MASCULINO,SIN DATOS,0,0,Morelia,Nicolas Romero,septiembre,jueves,23,-101.149456358768,19.7060479825383
36910,36915,2021,MOR210656422,2021/09/24,"00:00:00",COLISIÓN CONTRA OBJETO FIJO,ASFALTO,Bueno,Bueno,1,VOLKSWAGEN,GRIS,1,,29,MASCULINO,SIN DATOS,0,0,Morelia,Sentimientos de La Nacion,septiembre,viernes,0,-101.236870891668,19.6848042426976
36911,36916,2021,M0R210656308,2021/09/24,"01:10:00",COLISIÓN CONTRA OBJETO FIJO,ASFALTO,Bueno,Bueno,1,FORD,AZUL,1,,25,,SIN DATOS,0,0,Morelia,El Lago 2,septiembre,viernes,1,-101.214456067167,19.7265695930765
36912,36917,2021,MOR210656275,2021/09/24,"01:25:00",COLISIÓN POR ALCANCE,CONCRETO,Bueno,Bueno,2,FORD,AZUL,2,,43,MASCULINO,SIN DATOS,0,0,Morelia,Centro,septiembre,viernes,1,-101.194231510162,19.7029984629126
36913,36918,2021,MOR 210656358,2021/09/24,"02:40:00",COLISIÓN POR CAMBIO DE CARRIL,ASFALTO,Bueno,Regular,2,DODGE,NEGRO,2,,29,MASCULINO,SIN DATOS,0,0,Morelia,Periodistas,septiembre,viernes,3,-101.143777575,19.6861377649991
36914,36919,2021,,2021/09/24,"09:20:00",COLISIÓN POR INVASIÓN DE CARRIL,ASFALTO,Bueno,Bueno,2,BAJAJ,NEGRO,2,,30,MASCULINO,SIN DATOS,0,0,Morelia,Centro,septiembre,viernes,9,-101.19118388321,19.702768457823
36915,36920,2021,,2021/09/24,"09:20:00",COLISIÓN POR CAMBIO DE CARRIL,ASFALTO,Bueno,Bueno,2,VOLKSWAGEN,ROJO,2,,24,MASCULINO,SIN DATOS,0,0,Morelia,Nueva Valladolid,septiembre,viernes,9,-101.211483945359,19.6992598320994
36916,36921,2021,,2021/09/24,"09:25:00",COLISIÓN POR CORTE DE CIRCULACIÓN,ASFALTO,Bueno,Bueno,2,HONDA,ROJO/BLANCO,1,,46,MASCULINO,SIN DATOS,0,0,Morelia,Centro,septiembre,viernes,9,-101.18218963,19.7028850649992
36917,36922,2021,,2021/09/24,13:00:00,COLISIÓN POR CAMBIO DE CARRIL,ASFALTO,Bueno,Bueno,2,TOYOTA,BLANCO,2,,25,MASCULINO,SIN DATOS,0,0,Morelia,La Soledad,septiembre,viernes,13,-101.185166715661,19.7274533823308
36918,36923,2021,,2021/09/24,17:30:00,COLISIÓN CON PEATÓN,ASFALTO,Bueno,Bueno,1,FORD,ROJO,0,,,,,0,0,Morelia,Industrial,septiembre,viernes,18,-101.19712683,19.7125492549992
36919,36924,2021,,2021/09/24,20:00:00,COLISIÓN POR ALCANCE,ASFALTO,Bueno,Bueno,3,MERCEDES BENZ,NEGRO,3,,17,MASCULINO,SIN DATOS,0,0,Morelia,Bosques de Oriente,septiembre,viernes,20,-101.155549971893,19.7155304939616
36920,36925,2021,,2021/09/25,"00:00:00",COLISIÓN CONTRA OBJETO FIJO,ASFALTO,Bueno,Bueno,1,CHEVROLET,ROJO,1,,22,MASCULINO,SIN DATOS,0,0,Morelia,Eduardo Ruiz,septiembre,sábado,0,-101.221141255334,19.7226633302069
36921,36926,2021,,2021/09/25,"00:00:00",COLISIÓN CON PEATÓN,ASFALTO,Bueno,Bueno,1,VOLKSWAGEN,SIN DATOS,0,MINISTERIO PÚBLICO,,,,0,0,Lázaro Cárdenas,Segundo Sector de Fidelac,septiembre,sábado,0,-102.207528867506,17.9614306962354
36922,36927,2021,,2021/09/25,"00:30:00",SALIDA DE SUPERFICIE DE RODAMIENTO,ASFALTO,Bueno,Bueno,1,NISSAN,GRIS,0,,,,,0,0,Morelia,Pascual Ortiz de Ayala,septiembre,sábado,1,-101.151504422657,19.696032531912
36923,36928,2021,,2021/09/25,"04:00:00",COLISIÓN CONTRA OBJETO FIJO,ASFALTO,Bueno,Bueno,1,FORD,GUINDA,0,,,,,0,0,Morelia,Ocolusen Iii,septiembre,sábado,4,-101.152370304547,19.6846104421773
36924,36929,2021,MOR210658771,2021/09/25,"08:00:00",COLISIÓN POR ALCANCE,ASFALTO,Bueno,Bueno,2,MAZDA,ROJO,2,,23,MASCULINO,SIN DATOS,0,0,Morelia,El Lago 2,septiembre,sábado,8,-101.21308714929,19.7249514326746
36925,36930,2021,MOR210658923,2021/09/25,"09:45:00",COLISIÓN POR CORTE DE CIRCULACIÓN,ASFALTO,Bueno,Bueno,2,ITALIKA,AMRILLO/NEGRO,2,,34,MASCULINO,SIN DATOS,0,0,Morelia,Santillan La Huerta,septiembre,sábado,10,-101.219553885717,19.6760966650679
36926,36931,2021,MOR210659573,2021/09/25,13:10:00,COLISIÓN POR MANIOBRA DE REVERSA,CONCRETO,Bueno,Bueno,2,NISSAN,BLANCO,1,,33,MASCULINO,SIN DATOS,0,0,Morelia,Salvador Escalante,septiembre,sábado,13,-101.168299221341,19.7184625747564
36928,36933,2021,,2021/09/25,15:20:00,COLISIÓN CONTRA OBJETO FIJO,ASFALTO,Bueno,Bueno,1,FORD,GRIS/VERDE,1,,44,MASCULINO,SIN DATOS,0,0,Morelia,Centenario (Alamos),septiembre,sábado,15,-101.171801896216,19.725917479005
36930,36935,2021,,2021/09/25,19:00:00,COLISIÓN POR CORTE DE CIRCULACIÓN,ASFALTO,Bueno,Bueno,1,KENWORTH,BLANCO,0,MINISTERIO PÚBLICO,,,,0,0,Lázaro Cárdenas,Centro,septiembre,sábado,19,-102.191852,17.955388
36931,36936,2021,LEG39282,2021/09/25,19:10:00,COLISIÓN POR ALCANCE,ASFALTO,Bueno,Bueno,2,NISSAN,BLANCO,2,,65,MASCULINO,ALIENTO ETÍLICO,0,0,Morelia,Sentimientos de La Nacion,septiembre,sábado,19,-101.233194944297,19.682432823539
36932,36937,2021,MOR 210660570,2021/09/25,22:10:00,COLISIÓN POR CORTE DE CIRCULACIÓN,CONCRETO,Lluvioso,Malo,1,HONDA,AZUL,1,,,FEMENINO,SIN DATOS,0,0,Morelia,Ventura Puente,septiembre,sábado,22,-101.187182954235,19.6926426896116
36933,36938,2021,LEG39274,2021/09/25,22:36:00,COLISIÓN POR CORTE DE CIRCULACIÓN,ASFALTO,Bueno,Bueno,2,NISSAN,ROJO,2,,42,MASCULINO,SIN DATOS,0,0,Morelia,Elias Perez Avalos,septiembre,sábado,23,-101.167813022979,19.7136335493406
36934,36939,2021,LEG39277,2021/09/25,22:36:00,CAIDA DE MOTOCICLETA,ASFALTO,Bueno,Bueno,1,ITALIKA,VERDE,1,MINISTERIO PÚBLICO,,,,1,0,Morelia,Barrio Alto,septiembre,sábado,23,-101.195776767361,19.7246634141637
36935,36940,2021,MOR210660824,2021/09/26,"00:20:00",COLISIÓN POR ALCANCE,CONCRETO,Nublado,Bueno,2,VOLKSWAGEN,GRIS,2,,48,MASCULINO,SIN DATOS,0,0,Morelia,Lomas del Pedregal,septiembre,domingo,0,-101.28519892,19.6929685849991
36936,36941,2021,MOR 21023456,2021/09/26,"00:50:00",COLISIÓN POR CORTE DE CIRCULACIÓN,CONCRETO,Bueno,Bueno,2,S/D,CREMA /NARANJA,1,,,,SIN DATOS,0,0,Morelia,Ario 1815,septiembre,domingo,1,-101.279500257772,19.6977981357667
36937,36942,2021,MOR210660990,2021/09/26,"02:02:00",COLISIÓN CONTRA OBJETO FIJO,ASFALTO,Lluvioso,Bueno,1,NISSAN,ROJO,1,,22,MASCULINO,SIN DATOS,0,0,Morelia,Sin datos,septiembre,domingo,2,-101.355056,19.6696905
36938,36943,2021,MOR210661012,2021/09/26,"02:15:00",CAIDA DE MOTOCICLETA,CONCRETO,Bueno,Regular,1,VENTO,AMARILLO/NEGRO,1,,24,MASCULINO,SIN DATOS,0,0,Morelia,Centro,septiembre,domingo,2,-101.1989065,19.6990209849992
36939,36944,2021,,2021/09/26,"03:14:00",COLISIÓN POR CORTE DE CIRCULACIÓN,CONCRETO,Bueno,Bueno,2,NISSAN,ROJO,2,MINISTERIO PÚBLICO,25,MASCULINO,SIN DATOS,0,0,Morelia,5 de Mayo,septiembre,domingo,3,-101.17646606922,19.7040563602475
36940,36945,2021,MOR210661258,2021/09/26,"06:35:00",COLISIÓN POR CORTE DE CIRCULACIÓN,ASFALTO,Nublado,Regular,2,DODGE,AMARILLO,2,,50,MASCULINO,SIN DATOS,0,0,Morelia,Bello Horizonte,septiembre,domingo,7,-101.23923454369,19.681132754929
36941,36946,2021,MOR210661247,2021/09/26,"07:00:00",COLISIÓN CONTRA OBJETO FIJO,CONCRETO,Bueno,Bueno,1,FREIGHTLINER,BLANCO,1,MINISTERIO PÚBLICO,33,MASCULINO,SIN DATOS,0,0,Morelia,Los Manantiales de Morelia,septiembre,domingo,7,-101.24046146,19.6969507749992
36942,36947,2021,,2021/09/26,11:20:00,COLISIÓN CON PEATÓN,CONCRETO,Bueno,Bueno,2,VOLKSWAGEN,GRIS,1,MINISTERIO PÚBLICO,40,,SIN DATOS,0,0,Morelia,Jardines de Santiaguito,septiembre,domingo,11,-101.206186816775,19.7176053218182
36943,36948,2021,,2021/09/26,12:05:00,COLISIÓN POR NO RESPETAR SEMÁFORO,ASFALTO,Bueno,Bueno,2,MITSIBISHI MIRAGE,GRIS,2,,38,MASCULINO,SIN DATOS,0,0,Morelia,Reforma,septiembre,domingo,12,-101.237722858787,19.7069368528797
36945,36950,2021,,2021/09/26,15:20:00,COLISIÓN POR CORTE DE CIRCULACIÓN,CONCRETO,Bueno,Bueno,2,ITALIKA,AZUL Y BLANCO,2,,33,MASCULINO,SIN DATOS,0,0,Morelia,Loma de Los Piñones,septiembre,domingo,15,-101.205084367908,19.6739926971605
36946,36951,2021,,2021/09/26,15:30:00,COLISIÓN POR ALCANCE,ASFALTO,Bueno,Bueno,2,DODGE,BLANCO,2,,44,MASCULINO,SIN DATOS,0,0,Morelia,Fovissste La Huerta,septiembre,domingo,16,-101.212198592044,19.6923378871972
36947,36952,2021,,2021/09/26,22:00:00,COLISIÓN POR ALCANCE,ASFALTO,Bueno,Bueno,2,FORD,CAFE,1,,49,MASCULINO,SIN DATOS,0,0,Charo,Sin datos,septiembre,domingo,22,-101.079732396387,19.6867255039317
36948,36953,2021,,2021/09/26,23:15:00,SALIDA DE SUPERFICIE DE RODAMIENTO,ASFALTO,Bueno,Bueno,1,VOLKSWAGEN,GRIS,1,,58,MASCULINO,SIN DATOS,0,0,Morelia,Sin datos,septiembre,domingo,23,-101.449116803706,19.808974547436
36949,36954,2021,,2021/09/27,"00:00:00",COLISIÓN POR CORTE DE CIRCULACIÓN,ASFALTO,Bueno,Bueno,1,VOLKSWAGEN,PLATA,0,MINISTERIO PÚBLICO,,,,0,0,Lázaro Cárdenas,Las Torres,septiembre,lunes,0,-102.212652213993,17.9623832700721
36950,36955,2021,,2021/09/27,"00:30:00",COLISIÓN CONTRA OBJETO FIJO,ASFALTO,Bueno,Bueno,1,CHEVROLET,BLANCO,1,MINISTERIO PÚBLICO,26,FEMENINO,SIN DATOS,0,0,Morelia,Los Manantiales de Morelia,septiembre,lunes,1,-101.240943521261,19.6955140467803
36951,36956,2021,LEG39304,2021/09/27,"07:30:00",COLISIÓN POR CORTE DE CIRCULACIÓN,ASFALTO,Bueno,Bueno,2,VENTO,NEGRA,1,,40,MASCULINO,SIN DATOS,0,0,Morelia,Colinas del Sur,septiembre,lunes,8,-101.198977953329,19.6681312606919
36952,36957,2021,LEG39302,2021/09/27,"08:15:00",COLISIÓN CONTRA OBJETO FIJO,ASFALTO,Bueno,Bueno,1,VOLKSWAGEN,CAFE,1,,21,MASCULINO,SIN DATOS,0,0,Morelia,Felix Ireta,septiembre,lunes,8,-101.195678531445,19.6814885657358
36953,36958,2021,,2021/09/27,"08:40:00",COLISIÓN CON PEATÓN,SIN_DATOS,Bueno,Bueno,1,CHEVROLET,DORADO,1,,47,FEMENINO,SIN DATOS,0,0,Morelia,Centro,septiembre,lunes,9,-101.19700524956,19.699899471163
36954,36959,2021,,2021/09/27,16:10:00,VOLCADURA,ASFALTO,Bueno,Bueno,1,CHEVROLET,NEGRO,1,,,MASCULINO,SIN DATOS,0,0,Morelia,Montaña Monarca,septiembre,lunes,16,-101.160558326676,19.6714980144913
36955,36960,2021,,2021/09/27,16:10:00,COLISIÓN POR ALCANCE,CONCRETO,Bueno,Bueno,2,VOLKSWAGEN,BLANCO,2,,49,MASCULINO,SIN DATOS,0,0,Morelia,Centro,septiembre,lunes,16,-101.190469376743,19.7029183460272
36956,36961,2021,MOR210665395,2021/09/27,21:03:00,COLISIÓN POR CORTE DE CIRCULACIÓN,ASFALTO,Bueno,Bueno,2,ITALIKA,NEGRO Y AZUL,1,MINISTERIO PÚBLICO,36,MASCULINO,SIN DATOS,0,0,Charo,Sin datos,septiembre,lunes,21,-100.991584919393,19.6767130655955
36957,36962,2021,,2021/09/28,"09:20:00",COLISIÓN POR CORTE DE CIRCULACIÓN,ASFALTO,Bueno,Bueno,2,ITALIKA,AMARILLO,2,,24,MASCULINO,SIN DATOS,0,0,Morelia,Jardines de Guadalupe,septiembre,martes,9,-101.221705192319,19.7104231775868