fid,id_accidente,anio_origen,folio_c5i,dia_incidente,hora_ocurrencia,tipo_incidente_vial,superficie_ocurrencia,condiciones_climaticas,condiciones_via,numero_vehiculos_involucrados,marca_vehiculo_ocasiona_siniestro,color_vehiculo_ocasiona_siniestro,numero_personas_involucradas,lugar_remite_presunto_responsable,edad_presunto_responsable,sexo_presunto_responsable,resultados_toxicologia,numero_personas_lesionadas,numero_personas_fallecidas,municipio,colonia,mes,dia_semana,hora_redondeada,lon,lat
36958,36963,2021,,2021/09/28,11:00:00,COLISIÓN POR CAMBIO DE CARRIL,ASFALTO,Bueno,Bueno,2,HINO,BLANCO,2,,0,MASCULINO,SIN DATOS,0,0,Morelia,Torreon Nuevo,septiembre,martes,11,-101.207644850679,19.7494147681465
36959,36964,2021,MOR210666663,2021/09/28,11:06:00,COLISIÓN POR CAMBIO DE CARRIL,ASFALTO,Bueno,Bueno,2,SEAT,GRIS,2,,61,FEMENINO,SIN DATOS,0,0,Morelia,Union Popular Solidaria,septiembre,martes,11,-101.220564184848,19.7054767463125
36960,36965,2021,,2021/09/28,14:50:00,COLISIÓN POR ALCANCE,ASFALTO,Bueno,Bueno,2,DODGE,BLANCO,2,,48,MASCULINO,SIN DATOS,0,0,Morelia,El Realito,septiembre,martes,15,-101.204052814708,19.7256281550454
36961,36966,2021,,2021/09/28,18:00:00,COLISIÓN POR CORTE DE CIRCULACIÓN,ASFALTO,Bueno,Bueno,2,CHEVROLET,BLANCO,2,MINISTERIO PÚBLICO,62,MASCULINO,SIN DATOS,0,0,Morelia,Cuauhtemoc,septiembre,martes,18,-101.179067031906,19.6947661282882
36962,36967,2021,MOR210669580,2021/09/29,"06:40:00",COLISIÓN POR ALCANCE,ASFALTO,Bueno,Bueno,2,DODGE,BLANCO,2,,18,MASCULINO,SIN DATOS,0,0,Morelia,Camelinas,septiembre,miércoles,7,-101.17075869981,19.6837967780615
36963,36968,2021,MOR210670200,2021/09/29,"09:35:00",COLISIÓN CONTRA OBJETO FIJO,ASFALTO,Bueno,Bueno,1,FREIGHTLINER,NARANJA,1,,26,MASCULINO,SIN DATOS,0,0,Morelia,Ejidal Ocolusen,septiembre,miércoles,10,-101.15218698,19.6838212849992
36964,36969,2021,MOR210668509,2021/09/29,"09:45:00",VOLCADURA,ASFALTO,Bueno,Bueno,0,,,0,,,,,0,0,Charo,Sin datos,septiembre,miércoles,10,-101.034544154323,19.7593965247888
36965,36970,2021,MOR21066850-9,2021/09/29,"09:45:00",VOLCADURA,ASFALTO,Bueno,Bueno,1,HONDA,AMARILLO,1,,24,MASCULINO,SIN DATOS,0,0,Charo,De Santiago,septiembre,miércoles,10,-101.044372,19.745476
36966,36971,2021,,2021/09/29,11:10:00,COLISIÓN POR MANIOBRA DE REVERSA,ADOQUIN_EMPEDRADO,Bueno,Regular,1,ISUZU,AZUL,1,MINISTERIO PÚBLICO,37,MASCULINO,SIN DATOS,0,0,Pátzcuaro,2A de San Lazaro,septiembre,miércoles,11,-101.609566516496,19.5005941813829
36968,36973,2021,,2021/09/29,14:30:00,COLISIÓN POR CORTE DE CIRCULACIÓN,ASFALTO,Bueno,Bueno,2,DODGE,ROJO,2,,27,MASCULINO,SIN DATOS,0,0,Morelia,Sin datos,septiembre,miércoles,15,-101.274114,19.718179
36969,36974,2021,MOR210669302,2021/09/29,15:30:00,COLISIÓN POR INVASIÓN DE CARRIL,ASFALTO,Bueno,Bueno,2,FORD,AZUL,2,,41,MASCULINO,SIN DATOS,0,0,Morelia,La Capilla,septiembre,miércoles,16,-101.159,19.6609
36970,36975,2021,,2021/09/29,18:00:00,COLISIÓN POR CORTE DE CIRCULACIÓN,CONCRETO,Bueno,Bueno,2,HONDA,ROJO,2,,27,MASCULINO,SIN DATOS,0,0,Morelia,Buenavista,septiembre,miércoles,18,-101.164762992864,19.70646290021
36971,36976,2021,,2021/09/29,20:25:00,COLISIÓN POR CAMBIO DE CARRIL,ASFALTO,Bueno,Bueno,2,TOYOTA,ROJO,2,MINISTERIO PÚBLICO,22,MASCULINO,SIN DATOS,0,0,Tacámbaro,Sin datos,septiembre,miércoles,20,-101.492951383642,19.2267062802869
36972,36977,2021,MOR210670241,2021/09/29,21:35:00,COLISIÓN POR ALCANCE,CONCRETO,Bueno,Bueno,2,FREIGHTLINER,AZUL,2,,32,MASCULINO,SIN DATOS,0,0,Morelia,Colinas del Sur,septiembre,miércoles,22,-101.197767636992,19.6615743202225
36973,36978,2021,MOR210670124,2021/09/29,22:10:00,COLISIÓN CONTRA OBJETO FIJO,ASFALTO,Bueno,Bueno,2,FREIGHTLINER,BLANCO,2,MINISTERIO PÚBLICO,24,MASCULINO,SIN DATOS,0,0,Morelia,Centro,septiembre,miércoles,22,-101.17789641,19.7013360799991
36974,36979,2021,MOR210670257,2021/09/29,23:07:00,COLISIÓN CONTRA OBJETO FIJO,ASFALTO,Bueno,Bueno,2,NISSAN,ROJO,1,,18,MASCULINO,SIN DATOS,0,0,Morelia,Industrial,septiembre,miércoles,23,-101.196189005906,19.710209818625
36975,36980,2021,,2021/09/30,"00:00:00",COLISIÓN POR CORTE DE CIRCULACIÓN,ASFALTO,Bueno,Bueno,2,VOLKSWAGEN,BLANCO,2,,54,MASCULINO,SIN DATOS,0,0,Morelia,Ciudad Industrial,septiembre,jueves,0,-101.14554366932,19.7284851395985
36976,36981,2021,MOR210670391,2021/09/30,"00:00:00",COLISIÓN CONTRA OBJETO FIJO,ASFALTO,Bueno,Regular,1,YAMAHA,NEGRO,1,,25,MASCULINO,SIN DATOS,0,0,Morelia,Torreon Nuevo,septiembre,jueves,0,-101.20358663,19.7462449699991
36977,36982,2021,,2021/09/30,"00:00:00",COLISIÓN POR CORTE DE CIRCULACIÓN,ASFALTO,Bueno,Bueno,2,CHEVROLET,ROJO,2,,57,MASCULINO,SIN DATOS,0,0,Morelia,Torreon Nuevo,septiembre,jueves,0,-101.20358663,19.7462449699991
36978,36983,2021,,2021/09/30,"08:00:00",COLISIÓN POR ALCANCE,ASFALTO,Bueno,Bueno,2,CHEVROLET,AMARILLO,2,,32,FEMENINO,SIN DATOS,0,0,Morelia,Lomas de Morelia (Dr Ignacio Chavez),septiembre,jueves,8,-101.175452644618,19.7162004988672
36979,36984,2021,,2021/09/30,"09:20:00",COLISIÓN POR ALCANCE,ASFALTO,Bueno,Bueno,2,NISSAN,BLANCO Y ROJO,2,,25,,SIN DATOS,0,0,Charo,De Santiago,septiembre,jueves,9,-101.044372,19.745476
36980,36985,2021,,2021/09/30,10:10:00,COLISIÓN POR ALCANCE,ASFALTO,Bueno,Bueno,3,NISSAN,BLANCO,3,,55,,SIN DATOS,0,0,Morelia,Solidaridad,septiembre,jueves,10,-101.203554055,19.7362141149991
36981,36986,2021,,2021/09/30,10:10:00,COLISIÓN POR MANIOBRA DE REVERSA,ASFALTO,Bueno,Bueno,2,NISSAN,BLANCO,1,,42,MASCULINO,SIN DATOS,0,0,Morelia,Enrique Ramirez,septiembre,jueves,10,-101.166016211543,19.7096478904883
36982,36987,2021,MOR210670724,2021/09/30,10:11:00,COLISIÓN CON PEATÓN,ASFALTO,Bueno,Bueno,1,MAZDA,ROJO,2,,19,MASCULINO,SIN DATOS,1,0,Morelia,Emiliano Zapata,septiembre,jueves,10,-101.232768396902,19.6530668887289
36983,36988,2021,,2021/09/30,10:40:00,COLISIÓN POR CORTE DE CIRCULACIÓN,ASFALTO,Bueno,Bueno,2,VOLKSWAGEN,GRIS,2,,30,MASCULINO,SIN DATOS,0,0,Morelia,Centro,septiembre,jueves,11,-101.19118388321,19.702768457823
36984,36989,2021,,2021/09/30,10:50:00,COLISIÓN POR CORTE DE CIRCULACIÓN,CONCRETO,Bueno,Bueno,2,DODGE,ROJO,2,,29,MASCULINO,SIN DATOS,0,0,Morelia,Camelinas,septiembre,jueves,11,-101.17262119,19.6818144849991
36985,36990,2021,,2021/09/30,12:00:00,COLISIÓN POR CORTE DE CIRCULACIÓN,ASFALTO,Bueno,Bueno,2,HONDA,NEGRO,2,,57,MASCULINO,SIN DATOS,0,0,Morelia,Villas del Real,septiembre,jueves,12,-101.198662184179,19.73416114571
36986,36991,2021,,2021/09/30,13:40:00,COLISIÓN POR CAMBIO DE CARRIL,ASFALTO,Bueno,Bueno,2,ISUZU MOTORS,ROJO,2,,33,MASCULINO,SIN DATOS,0,0,Morelia,Torreon Nuevo,septiembre,jueves,14,-101.20358663,19.7462449699991
36989,36994,2021,,2021/09/30,14:55:00,COLISIÓN POR CORTE DE CIRCULACIÓN,ASFALTO,Bueno,Bueno,2,CHEVROLET,BLANCO,2,,41,FEMENINO,SIN DATOS,0,0,Morelia,Felix Ireta,septiembre,jueves,15,-101.1919749,19.6869904499991
36991,36996,2021,,2021/09/30,15:05:00,COLISIÓN CON PEATÓN,ASFALTO,Bueno,Bueno,1,CHEVROLET,NEGRO,2,MINISTERIO PÚBLICO,36,MASCULINO,SIN DATOS,1,0,Morelia,Chapultepec Norte,septiembre,jueves,15,-101.176202945,19.6965285599991
36992,36997,2021,,2021/09/30,15:30:00,COLISIÓN CON PEATÓN,ASFALTO,Nublado,Regular,0,,,0,,,,,0,0,Morelia,Nueva Valladolid,septiembre,jueves,16,-101.211171435,19.7020055149992
36994,36999,2021,,2021/09/30,16:20:00,COLISIÓN CONTRA OBJETO FIJO,CONCRETO,Bueno,Bueno,2,VOLKSWAGEN,GRIS,2,,67,MASCULINO,SIN DATOS,0,0,Morelia,Ventura Puente,septiembre,jueves,16,-101.187886795,19.6936008749991
36995,37000,2021,MOR210671733,2021/09/30,16:21:00,COLISIÓN POR CORTE DE CIRCULACIÓN,ASFALTO,Bueno,Bueno,2,TOYOTA,PLATA,2,,58,FEMENINO,SIN DATOS,0,0,Morelia,Infonavit Manantiales,septiembre,jueves,16,-101.238972415,19.6930406099991
36996,37001,2021,,2021/09/30,17:00:00,COLISIÓN POR CORTE DE CIRCULACIÓN,SIN_DATOS,Bueno,Bueno,2,TOYOTA,BLANCO CON ROJO,2,,62,,SIN DATOS,0,0,Morelia,Industrial,septiembre,jueves,17,-101.193117475,19.7116345199991
36997,37002,2021,,2021/09/30,17:40:00,COLISIÓN CONTRA OBJETO FIJO,CONCRETO,Bueno,Bueno,1,MAZDA,BLANCO,1,,67,FEMENINO,SIN DATOS,0,0,Morelia,Montaña Monarca,septiembre,jueves,18,-101.165131339569,19.6698293896465
36998,37003,2021,,2021/09/30,18:10:00,VOLCADURA,SIN_DATOS,Bueno,Regular,1,FORD,AMARILLO,1,,34,MASCULINO,SIN DATOS,0,0,Morelia,Solidaridad,septiembre,jueves,18,-101.20584654,19.7357084299991
36999,37004,2021,MOR210672022,2021/09/30,18:53:00,COLISIÓN CONTRA OBJETO FIJO,ASFALTO,Bueno,Bueno,1,TOYOTA,BLANCO,1,,33,MASCULINO,SIN DATOS,0,0,Morelia,Praderas del Indio,septiembre,jueves,19,-101.223494028547,19.6450845894654
37000,37005,2021,,2021/09/30,19:15:00,COLISIÓN CON PEATÓN,ASFALTO,Bueno,Bueno,2,MAZDA,BLANCO,2,,,FEMENINO,SIN DATOS,0,0,Morelia,Heroes de Mexico,septiembre,jueves,19,-101.241610465,19.7202915699992
37001,37006,2021,,2021/10/01,"04:00:00",COLISIÓN CONTRA OBJETO FIJO,CONCRETO,Bueno,Bueno,1,TOYOTA,BLANCO,1,,0,,SIN DATOS,0,0,Morelia,Tinijaro,octubre,viernes,4,-101.26316,19.6963297049991
37002,37007,2021,MOR210673074,2021/10/01,"09:15:00",COLISIÓN POR CORTE DE CIRCULACIÓN,ASFALTO,Bueno,Bueno,2,FORD,PLATA,2,,29,FEMENINO,SIN DATOS,0,0,Morelia,San Rafael,octubre,viernes,9,-101.153862588108,19.6998016187663
37003,37008,2021,,2021/10/01,13:45:00,CAIDA DE MOTOCICLETA,ASFALTO,Bueno,Bueno,1,FRIGTHLINER,BLANCO,1,,43,MASCULINO,SIN DATOS,0,0,Morelia,Arboledas de Valladolid,octubre,viernes,14,-101.250238929956,19.6977922740091
37004,37009,2021,,2021/10/01,15:40:00,COLISIÓN CONTRA OBJETO FIJO,CONCRETO,Bueno,Bueno,1,NISSAN,BLANCO,1,,33,FEMENINO,SIN DATOS,0,0,Morelia,Los Manantiales de Morelia,octubre,viernes,16,-101.242273287342,19.69781078299
37005,37010,2021,MOR210674105,2021/10/01,15:55:00,COLISIÓN POR CAMBIO DE CARRIL,ASFALTO,Nublado,Bueno,2,FORD,AZUL,2,,65,MASCULINO,SIN DATOS,0,0,Morelia,Ferrocarrilero,octubre,viernes,16,-101.212780661881,19.701856506541
37006,37011,2021,"MOR210,",2021/10/01,19:15:00,COLISIÓN POR CAMBIO DE CARRIL,ASFALTO,Lluvioso,Regular,2,KENWORTH,BLANCO,2,,22,MASCULINO,SIN DATOS,0,0,Morelia,Tzindurio de Morelos,octubre,viernes,19,-101.248293566431,19.6984855987368
37007,37012,2021,MOR210675392,2021/10/02,"08:02:00",COLISIÓN CONTRA OBJETO FIJO,ASFALTO,Bueno,Bueno,1,GMC,NEGRO,1,,26,MASCULINO,SIN DATOS,0,0,Morelia,Tzindurio de Morelos,octubre,sábado,8,-101.245799660683,19.6995444187666
37008,37013,2021,MOR210673099,2021/10/02,"08:30:00",COLISIÓN POR CORTE DE CIRCULACIÓN,ASFALTO,Bueno,Bueno,2,CHEVROLET,NEGRO,2,MINISTERIO PÚBLICO,47,MASCULINO,SIN DATOS,0,0,Morelia,Nueva Valladolid,octubre,sábado,9,-101.210559457541,19.7008919378694
37009,37014,2021,LEG39374,2021/10/02,"09:55:00",COLISIÓN POR ALCANCE,ASFALTO,Bueno,Bueno,3,BAJAJ,NEGRO,3,,27,MASCULINO,SIN DATOS,0,0,Morelia,Centro,octubre,sábado,10,-101.187410957433,19.7028447429043
37010,37015,2021,MOR210673746,2021/10/02,14:00:00,COLISIÓN POR CORTE DE CIRCULACIÓN,ASFALTO,Bueno,Bueno,2,NISSAN,ROJO,2,,42,MASCULINO,SIN DATOS,0,0,Morelia,Manuel Garcia Pueblita,octubre,sábado,14,-101.265496198738,19.6995063767181
37011,37016,2021,MOR210673905,2021/10/02,14:45:00,COLISIÓN CON PEATÓN,CONCRETO,Bueno,Regular,1,VELOCI,NEGRO,0,MINISTERIO PÚBLICO,,,,0,0,Morelia,Centro,octubre,sábado,15,-101.200180314481,19.7030205868749
37012,37017,2021,,2021/10/02,15:45:00,COLISIÓN POR CORTE DE CIRCULACIÓN,CONCRETO,Bueno,Bueno,2,ITALIKA,NEGRO,2,,24,MASCULINO,SIN DATOS,0,0,Morelia,Arboledas de Valladolid,octubre,sábado,16,-101.250438845969,19.6926064914943
37013,37018,2021,,2021/10/02,17:05:00,COLISIÓN POR ALCANCE,ASFALTO,Bueno,Bueno,2,NISSAN,BLANCO/CAFE,2,,23,MASCULINO,SIN DATOS,0,0,Morelia,Comision Federal de Electricidad,octubre,sábado,17,-101.177618578076,19.684373651105
37014,37019,2021,,2021/10/02,17:21:00,COLISIÓN POR CORTE DE CIRCULACIÓN,ASFALTO,Bueno,Bueno,2,NISSAN,GUINDA,2,,31,MASCULINO,SIN DATOS,0,0,Morelia,Vasco de Quiroga,octubre,sábado,17,-101.167745031416,19.6965523399996
37015,37020,2021,,2021/10/02,17:30:00,COLISIÓN POR ALCANCE,ASFALTO,Bueno,Bueno,2,NISSAN,BLANCO,2,,30,MASCULINO,SIN DATOS,0,0,Morelia,Morelia 450,octubre,sábado,18,-101.21743255718,19.675875543959
37016,37021,2021,,2021/10/02,19:40:00,SALIDA DE SUPERFICIE DE RODAMIENTO,ASFALTO,Bueno,Bueno,1,CHEVROLET,AZUL,1,,40,MASCULINO,SIN DATOS,0,0,Morelia,San Guillermo,octubre,sábado,20,-101.17862071842,19.7385717316338
37017,37022,2021,,2021/10/02,20:30:00,COLISIÓN CONTRA OBJETO FIJO,ASFALTO,Bueno,Bueno,3,VOLKSWAGEN,PLATA,1,MINISTERIO PÚBLICO,31,MASCULINO,SIN DATOS,0,0,Morelia,Jesus Romero Flores,octubre,sábado,21,-101.172893866897,19.7268100515207
37018,37023,2021,MOR210674876,2021/10/02,22:15:00,COLISIÓN POR NO RESPETAR SEMÁFORO,ASFALTO,Bueno,Bueno,2,NISSAN,BLANCO/ROJO,2,,61,MASCULINO,SIN DATOS,0,0,Morelia,Vicente Guerrero,octubre,sábado,22,-101.229624599218,19.7034098647954
37019,37024,2021,,2021/10/02,22:30:00,COLISIÓN POR CORTE DE CIRCULACIÓN,ASFALTO,Bueno,Regular,2,YAMAHA,BLANCO,3,MINISTERIO PÚBLICO,21,FEMENINO,SIN DATOS,2,0,Morelia,Jardines del Toreo,octubre,sábado,23,-101.213766343213,19.6888471382192
37020,37025,2021,,2021/10/02,23:00:00,COLISIÓN POR CORTE DE CIRCULACIÓN,SIN_DATOS,Bueno,Bueno,2,VOLKSWAGEN,BLANCO/ROJO,2,,40,MASCULINO,SIN DATOS,0,0,Morelia,Centro,octubre,sábado,23,-101.185571967877,19.7038004617408
37021,37026,2021,,2021/10/03,"00:00:00",CAIDA DE MOTOCICLETA,ASFALTO,Bueno,Bueno,1,ITALIKA,ROJO/NEGRO,1,MINISTERIO PÚBLICO,,,,1,0,Morelia,Leon Guzman,octubre,domingo,0,-101.205651617347,19.7276972981651
37022,37027,2021,,2021/10/03,"00:15:00",COLISIÓN CONTRA OBJETO FIJO,ASFALTO,Bueno,Bueno,3,MAZDA,ROJO,1,,29,MASCULINO,SIN DATOS,0,0,Morelia,La Quemada,octubre,domingo,0,-101.237741024659,19.7015830108383
37023,37028,2021,,2021/10/03,"01:30:00",COLISIÓN POR CORTE DE CIRCULACIÓN,CONCRETO,Bueno,Bueno,2,CHEVROLET,AZUL,2,MINISTERIO PÚBLICO,21,MASCULINO,SIN DATOS,0,0,Morelia,Ventura Puente,octubre,domingo,2,-101.191891922858,19.6924013076962
37024,37029,2021,,2021/10/03,"02:00:00",SALIDA DE SUPERFICIE DE RODAMIENTO,ASFALTO,Bueno,Bueno,1,NISSAN,BLANCO,1,,43,MASCULINO,SIN DATOS,0,0,Charo,Sin datos,octubre,domingo,2,-101.028370379723,19.7630226435014
37025,37030,2021,,2021/10/03,"02:20:00",COLISIÓN POR CORTE DE CIRCULACIÓN,ASFALTO,Bueno,Regular,3,CHEVROLET,AZUL,2,,,MASCULINO,SIN DATOS,0,0,Morelia,Leandro Valle,octubre,domingo,2,-101.22994481841,19.7251295030966
37027,37032,2021,,2021/10/03,"05:30:00",COLISIÓN CONTRA OBJETO FIJO,ASFALTO,Bueno,Bueno,1,CHEVROLET,BLANCO,0,,,,,0,0,Morelia,Josefa Ortiz de Dominguez,octubre,domingo,6,-101.209645860575,19.6729969640719
37028,37033,2021,,2021/10/03,"06:30:00",CAIDA ACUATICA DE VEHÍCULO,ASFALTO,Lluvioso,Bueno,1,FORD,NEGRO,0,,,,,0,0,Morelia,Jose Ma Pino Suarez,octubre,domingo,7,-101.164591728963,19.7273040216376
37029,37034,2021,MOR210677668,2021/10/03,"07:55:00",COLISIÓN POR CORTE DE CIRCULACIÓN,ASFALTO,Bueno,Bueno,1,VOLKSWAGEN,PLATA,1,,29,MASCULINO,SIN DATOS,0,0,Morelia,Ciudad Industrial,octubre,domingo,8,-101.163741834462,19.7244298097188
37030,37035,2021,,2021/10/03,"08:00:00",COLISIÓN CONTRA OBJETO FIJO,ASFALTO,Lluvioso,Bueno,2,AUDI,GRIS,2,,55,MASCULINO,SIN DATOS,0,0,Morelia,Cinco de Diciembre,octubre,domingo,8,-101.164143400065,19.6854805800723
37031,37036,2021,,2021/10/03,"08:20:00",COLISIÓN CONTRA OBJETO FIJO,ASFALTO,Bueno,Bueno,1,CHYSLER,ARENA,1,,38,FEMENINO,SIN DATOS,0,0,Morelia,Felix Ireta,octubre,domingo,8,-101.195680908859,19.6814898284826
37032,37037,2021,MOR 210677726,2021/10/03,"08:40:00",COLISIÓN CONTRA OBJETO FIJO,ASFALTO,Bueno,Bueno,1,NISSAN,BLANCO Y MORADO,1,,61,MASCULINO,SIN DATOS,0,0,Morelia,Alfonso Garcia Robles,octubre,domingo,9,-101.182675243102,19.7189738923669
37033,37038,2021,MOR 210677732,2021/10/03,"09:20:00",COLISIÓN POR ALCANCE,ASFALTO,Bueno,Bueno,2,BUICK,GRIS,2,,37,MASCULINO,CON CERTIFICADO,0,0,Morelia,Pastor Manuel Sanchez Camarena,octubre,domingo,9,-101.199334077537,19.7381110754347
37034,37039,2021,,2021/10/03,"09:50:00",COLISIÓN CON PEATÓN,ASFALTO,Bueno,Bueno,2,ITALIKA,BLANCO,0,MINISTERIO PÚBLICO,,,,0,0,Gabriel Zamora,Centro,octubre,domingo,10,-102.054815372564,19.1600688452234
37035,37040,2021,,2021/10/03,10:25:00,COLISIÓN POR CORTE DE CIRCULACIÓN,CONCRETO,Bueno,Bueno,2,VENTO,NEGRO /NARANJA,2,MINISTERIO PÚBLICO,22,MASCULINO,SIN DATOS,0,0,Morelia,Centro,octubre,domingo,10,-101.185510581865,19.7029246302678
37036,37041,2021,MOR 210677962,2021/10/03,11:20:00,COLISIÓN CONTRA OBJETO FIJO,ASFALTO,Bueno,Bueno,1,NISSAN,BLANCO Y ROJO,1,,41,MASCULINO,SIN DATOS,0,0,Morelia,Centro,octubre,domingo,11,-101.188034296714,19.7028536671078
37037,37042,2021,MOR210678086,2021/10/03,12:10:00,COLISIÓN POR NO RESPETAR SEMÁFORO,ASFALTO,Bueno,Bueno,2,NISSAN,VERDE,2,,41,MASCULINO,SIN DATOS,0,0,Morelia,Alberto Oviedo Mota,octubre,domingo,12,-101.202122599565,19.677129500076
37038,37043,2021,MOR210679670,2021/10/03,12:13:00,COLISIÓN POR ALCANCE,ASFALTO,Bueno,Bueno,2,FORD,GRIS,2,,21,MASCULINO,ALIENTO ETÍLICO,0,0,Morelia,Elias Perez Avalos,octubre,domingo,12,-101.171455501832,19.7147187122422
37039,37044,2021,,2021/10/03,12:20:00,COLISIÓN POR CORTE DE CIRCULACIÓN,CONCRETO,Bueno,Bueno,2,DODGE,ROJO Y GRIS,2,,21,FEMENINO,SIN DATOS,0,0,Morelia,Jose Maria Morelos,octubre,domingo,12,-101.21859870851,19.7162406130811
37040,37045,2021,MOR210678467,2021/10/03,14:35:00,COLISIÓN POR INVASIÓN DE CARRIL,CONCRETO,Bueno,Bueno,2,FORD,ROJO,2,,38,MASCULINO,SIN DATOS,0,0,Morelia,Villas Oriente,octubre,domingo,15,-101.144171096385,19.7543454136668
37041,37046,2021,,2021/10/03,15:00:00,COLISIÓN POR CORTE DE CIRCULACIÓN,ASFALTO,Bueno,Bueno,2,FORD,ROJO,2,,,MASCULINO,SIN DATOS,0,0,Morelia,Jose Maria Morelos,octubre,domingo,15,-101.218633882023,19.714386015967
37042,37047,2021,MOR 210679559,2021/10/03,15:00:00,COLISIÓN CONTRA OBJETO FIJO,ASFALTO,Bueno,Regular,1,FORD,ORO,1,,48,FEMENINO,SIN DATOS,0,0,Morelia,Sin datos,octubre,domingo,15,-101.138334274292,19.7165648133396
37043,37048,2021,MOR 210678605,2021/10/03,15:40:00,COLISIÓN POR MANIOBRA DE REVERSA,CONCRETO,Bueno,Bueno,2,RENAULT,GRIS ESTRELLA,2,MINISTERIO PÚBLICO,22,MASCULINO,SIN DATOS,0,0,Morelia,Jardines de Guadalupe,octubre,domingo,16,-101.226694224919,19.7111255846431
37044,37049,2021,,2021/10/03,17:40:00,COLISIÓN POR CAMBIO DE CARRIL,ASFALTO,Lluvioso,Regular,2,TOYOTA,BLANCO,2,MINISTERIO PÚBLICO,,,,0,2,Hidalgo,Centro,octubre,domingo,18,-100.553271,19.691029
37046,37051,2021,LEG39387,2021/10/03,22:29:00,SALIDA DE SUPERFICIE DE RODAMIENTO,TERRACERIA,Bueno,Regular,1,NISSAN,CREMA,1,,52,MASCULINO,SIN DATOS,0,0,Morelia,Libertad,octubre,domingo,22,-101.238108395862,19.6873669332077
37047,37052,2021,,2021/10/03,23:20:00,SUBIDA AL CAMELLÓN,CONCRETO,Bueno,Bueno,1,KIA,ARENA,1,,36,MASCULINO,SIN DATOS,0,0,Morelia,Enrique Arreguin Robles,octubre,domingo,23,-101.18419693952,19.719652549585
37048,37053,2021,,2021/10/03,40:40:00,SUBIDA AL CAMELLÓN,ASFALTO,Lluvioso,Malo,1,OSDSMOBILE,GUINDA,1,,66,MASCULINO,SIN DATOS,0,0,Morelia,Felix Arreguin,octubre,domingo,,-101.225955306805,19.7222713767716
37049,37054,2021,MOR210681839,2021/10/04,"00:00:00",COLISIÓN POR CAMBIO DE CARRIL,ASFALTO,Bueno,Bueno,2,VOLKSWAGEN,NEGRO,2,,47,MASCULINO,SIN DATOS,0,0,Morelia,Centro,octubre,lunes,0,-101.178128837861,19.6991851759878
37050,37055,2021,,2021/10/04,"00:00:00",COLISIÓN POR ALCANCE,ASFALTO,Bueno,Bueno,2,BAJAJ,NEGRO,4,MINISTERIO PÚBLICO,,,,3,1,Santa Ana Maya,Sin datos,octubre,lunes,0,-101.079560369253,20.0482864046832
37051,37056,2021,LEG39413,2021/10/04,"05:35:00",COLISIÓN CONTRA OBJETO FIJO,ASFALTO,Bueno,Bueno,1,VOLKSWAGEN,GRIS,1,,36,FEMENINO,SIN DATOS,0,0,Morelia,Francisco J Mujica,octubre,lunes,6,-101.184659010994,19.7249887727801
37052,37057,2021,,2021/10/04,"07:15:00",COLISIÓN POR CORTE DE CIRCULACIÓN,CONCRETO,Bueno,Bueno,2,PEUGEOT,BLANCO,2,MINISTERIO PÚBLICO,46,MASCULINO,SIN DATOS,0,0,Morelia,Felix Ireta,octubre,lunes,7,-101.189389086582,19.6887600120081
37053,37058,2021,,2021/10/04,"08:15:00",SALIDA DE SUPERFICIE DE RODAMIENTO,ASFALTO,Nublado,Malo,1,FORD,PLATA,1,,,MASCULINO,SIN DATOS,0,0,Morelia,Loma de Los Viñedos,octubre,lunes,8,-101.24085537412,19.6738411879342
37054,37059,2021,,2021/10/04,10:15:00,COLISIÓN POR MANIOBRA DE REVERSA,CONCRETO,Bueno,Bueno,1,FORD,BLANCO,1,,33,MASCULINO,SIN DATOS,0,0,Morelia,La Calera,octubre,lunes,10,-101.238353086463,19.6743203400366
37055,37060,2021,MOR210678155,2021/10/04,11:45:00,COLISIÓN POR CAMBIO DE CARRIL,ASFALTO,Bueno,Bueno,2,NISSAN,BLANCO CON AMARILLO,2,,53,MASCULINO,SIN DATOS,0,0,Morelia,Nueva Valladolid,octubre,lunes,12,-101.207888708865,19.7010660909482
37056,37061,2021,,2021/10/04,14:00:00,COLISIÓN POR MANIOBRA DE REVERSA,ASFALTO,Bueno,Bueno,2,NISSAN,ROJO,2,,29,MASCULINO,SIN DATOS,0,0,Morelia,Villa Universidad,octubre,lunes,14,-101.199265986003,19.6852597719859
37057,37062,2021,,2021/10/04,14:05:00,COLISIÓN POR NO RESPETAR SEMÁFORO,ASFALTO,Nublado,Regular,2,NISSAN,VERDE,2,,40,MASCULINO,SIN DATOS,0,0,Morelia,Los Manantiales de Morelia,octubre,lunes,14,-101.240232400596,19.6927371489554
37058,37063,2021,,2021/10/04,20:35:00,CAIDA DE MOTOCICLETA,ASFALTO,Bueno,Bueno,1,ITALIKA,BLANCO,1,,29,MASCULINO,SIN DATOS,0,0,Tocumbo,Sector Cultural(Santa Clara),octubre,lunes,21,-102.489572197887,19.6312906190605
37059,37064,2021,MOR210679561,2021/10/04,21:57:00,COLISIÓN POR CAMBIO DE CARRIL,ASFALTO,Lluvioso,Regular,2,VOLKSWAGEN,ARENA,2,,21,MASCULINO,SIN DATOS,0,0,Morelia,Ejidal Tres Puentes,octubre,lunes,22,-101.230992639917,19.6928054716567