fid,id_accidente,anio_origen,folio_c5i,dia_incidente,hora_ocurrencia,tipo_incidente_vial,superficie_ocurrencia,condiciones_climaticas,condiciones_via,numero_vehiculos_involucrados,marca_vehiculo_ocasiona_siniestro,color_vehiculo_ocasiona_siniestro,numero_personas_involucradas,lugar_remite_presunto_responsable,edad_presunto_responsable,sexo_presunto_responsable,resultados_toxicologia,numero_personas_lesionadas,numero_personas_fallecidas,municipio,colonia,mes,dia_semana,hora_redondeada,lon,lat
37060,37065,2021,,2021/10/05,"00:00:00",COLISIÓN POR CORTE DE CIRCULACIÓN,ASFALTO,Bueno,Bueno,2,S/D,AZUL,2,,11,MASCULINO,SIN DATOS,0,0,Morelia,Adolfo Lopez Mateos,octubre,martes,0,-101.226927881888,19.6979524841856
37061,37066,2021,,2021/10/05,"07:17:00",COLISIÓN POR ALCANCE,ASFALTO,Bueno,Bueno,2,YAMAHA,NEGRO,1,MINISTERIO PÚBLICO,,,,1,0,Morelia,Felix Ireta,octubre,martes,7,-101.188435866072,19.6816975804715
37062,37067,2021,MOE210,2021/10/05,"08:05:00",COLISIÓN POR CORTE DE CIRCULACIÓN,ASFALTO,Bueno,Bueno,2,CHEVROLET,BLANCO,2,,46,MASCULINO,SIN DATOS,0,0,Morelia,Isaac Arriaga,octubre,martes,8,-101.170400723137,19.7081583707956
37063,37068,2021,,2021/10/05,"08:10:00",VOLCADURA,ASFALTO,Bueno,Bueno,1,NISSAN,BLANCO,2,,57,MASCULINO,SIN DATOS,1,0,Morelia,Clara Cordova Moran,octubre,martes,8,-101.180833540857,19.7374355950452
37064,37069,2021,,2021/10/05,13:10:00,COLISIÓN POR CORTE DE CIRCULACIÓN,CONCRETO,Bueno,Bueno,2,NISSAN,BLANCO Y NEGRO,2,,24,MASCULINO,SIN DATOS,0,0,Morelia,Chapultepec Oriente,octubre,martes,13,-101.159318871796,19.6902809257948
37065,37070,2021,MOR210683904,2021/10/05,18:50:00,COLISIÓN POR ALCANCE,ASFALTO,Bueno,Bueno,2,SEAT,ROJO,2,,25,MASCULINO,SIN DATOS,0,0,Morelia,Cosmos,octubre,martes,19,-101.217531798914,19.6812031538288
37066,37071,2021,,2021/10/05,18:50:00,COLISIÓN POR ALCANCE,ASFALTO,Bueno,Bueno,3,VOLKSWAGEN,GRIS,3,,43,MASCULINO,SIN DATOS,0,0,Morelia,Jose Ma Pino Suarez,octubre,martes,19,-101.165176877246,19.7270995135473
37067,37072,2021,,2021/10/05,21:00:00,COLISIÓN POR CORTE DE CIRCULACIÓN,CONCRETO,Bueno,Bueno,1,INTERNATIONAL,AZUL,1,,,MASCULINO,SIN DATOS,0,0,Morelia,Enrique Arreguin Robles,octubre,martes,21,-101.180985725738,19.7219756799027
37068,37073,2021,MOR210684594,2021/10/06,"07:15:00",SALIDA DE SUPERFICIE DE RODAMIENTO,ASFALTO,Lluvioso,Regular,1,NISSAN,BLANCO,1,,27,MASCULINO,SIN DATOS,0,0,Morelia,Cañada del Bosque,octubre,miércoles,7,-101.097469366718,19.7282996448773
37070,37075,2021,,2021/10/06,"07:40:00",COLISIÓN POR CORTE DE CIRCULACIÓN,ASFALTO,Bueno,Bueno,2,S/D,GRIS,3,MINISTERIO PÚBLICO,,MASCULINO,SIN DATOS,1,0,Morelia,Ciudad Industrial,octubre,miércoles,8,-101.134915768422,19.7323667758124
37071,37076,2021,,2021/10/06,11:00:00,COLISIÓN POR ALCANCE,CONCRETO,Bueno,Bueno,3,JEEP,BLANCO,3,,40,MASCULINO,SIN DATOS,0,0,Morelia,Prados Verdes,octubre,miércoles,11,-101.19721026,19.7150711099991
37072,37077,2021,,2021/10/06,11:20:00,COLISIÓN POR ALCANCE,ASFALTO,Bueno,Bueno,2,NISSAN,ROJO,2,,37,MASCULINO,SIN DATOS,0,0,Morelia,Centro,octubre,miércoles,11,-101.20055614,19.7039954699991
37073,37078,2021,,2021/10/06,14:00:00,COLISIÓN POR ALCANCE,ASFALTO,Bueno,Bueno,3,NISSAN,ROJO,3,,33,FEMENINO,SIN DATOS,0,0,Morelia,Enrique Arreguin Robles,octubre,miércoles,14,-101.184408285402,19.719733891849
37075,37080,2021,MOR210203041,2021/10/06,14:30:00,COLISIÓN POR CORTE DE CIRCULACIÓN,ASFALTO,Bueno,Bueno,2,CHEVROLET,BLANCO,2,,67,FEMENINO,SIN DATOS,0,0,Morelia,Centro,octubre,miércoles,15,-101.1912811,19.7009677199991
37076,37081,2021,,2021/10/06,14:45:00,COLISIÓN POR ALCANCE,ASFALTO,Bueno,Bueno,2,NISSAN,BLANCO,2,,38,MASCULINO,SIN DATOS,0,0,Morelia,Lomas de Morelia (Dr Ignacio Chavez),octubre,miércoles,15,-101.175452644618,19.7162004988672
37078,37083,2021,,2021/10/06,16:15:00,COLISIÓN POR CAMBIO DE CARRIL,ASFALTO,Nublado,Bueno,2,ISUZU,BLANCO Y AZUL,2,,23,MASCULINO,SIN DATOS,0,0,Morelia,Santillan La Huerta,octubre,miércoles,16,-101.219553885717,19.6760966650679
37079,37084,2021,,2021/10/06,16:30:00,COLISIÓN POR ALCANCE,ASFALTO,Bueno,Bueno,2,CHEVROLET,CAFE,2,,48,MASCULINO,SIN DATOS,0,0,Morelia,Lomas de Morelia (Dr Ignacio Chavez),octubre,miércoles,17,-101.175452644618,19.7162004988672
37080,37085,2021,,2021/10/06,19:45:00,COLISIÓN POR INVASIÓN DE CARRIL,CONCRETO,Bueno,Bueno,2,DINA,BLANCO,2,,,MASCULINO,SIN DATOS,0,0,Morelia,Industrial,octubre,miércoles,20,-101.197221835,19.7107552949991
37081,37086,2021,,2021/10/06,21:20:00,COLISIÓN CONTRA OBJETO FIJO,ASFALTO,Lluvioso,Regular,3,FORD,ROJO,3,,27,MASCULINO,SIN DATOS,0,0,Morelia,Ventura Puente,octubre,miércoles,21,-101.18367992,19.6910093749991
37083,37088,2021,,2021/10/06,23:00:00,COLISIÓN POR CAMBIO DE CARRIL,ASFALTO,Lluvioso,Malo,2,TOYOTA,BLANCO,2,,62,MASCULINO,SIN DATOS,0,0,Morelia,Loma de Los Piñones,octubre,miércoles,23,-101.205090433359,19.6739870144908
37084,37089,2021,MOR210687776,2021/10/07,13:40:00,COLISIÓN POR CORTE DE CIRCULACIÓN,CONCRETO,Bueno,Bueno,2,TOYOTA,BLANCO Y AMARILLO,4,MINISTERIO PÚBLICO,45,MASCULINO,SIN DATOS,2,0,Morelia,Comision Federal de Electricidad,octubre,jueves,14,-101.180215078325,19.6879576221463
37085,37090,2021,,2021/10/07,14:15:00,COLISIÓN CONTRA OBJETO FIJO,CONCRETO,Bueno,Bueno,2,SIN DATOS,ROJO Y NEGRO,2,,8,FEMENINO,SIN DATOS,0,0,Morelia,Ilustres Novohispanos,octubre,jueves,14,-101.152629412032,19.7062600642298
37086,37091,2021,MOR210687813,2021/10/07,14:29:00,COLISIÓN POR CAMBIO DE CARRIL,ASFALTO,Bueno,Bueno,2,HONDA,BLANCO,2,,24,MASCULINO,SIN DATOS,0,0,Morelia,Las Americas,octubre,jueves,14,-101.159451610672,19.6913769344109
37087,37092,2021,,2021/10/07,16:00:00,COLISIÓN CON PEATÓN,ASFALTO,Bueno,Regular,1,DODGE,NEGRO,0,,,,,0,0,Madero,Sin datos,octubre,jueves,16,-101.290012584493,19.3982176955635
37088,37093,2021,,2021/10/07,16:40:00,COLISIÓN POR CORTE DE CIRCULACIÓN,ASFALTO,Bueno,Bueno,2,SUZUKY,NEGRA,1,,52,MASCULINO,SIN DATOS,0,0,Morelia,Gertrudis Sanchez,octubre,jueves,17,-101.200498826802,19.741261424374
37089,37094,2021,,2021/10/07,17:15:00,COLISIÓN POR ALCANCE,CONCRETO,Bueno,Bueno,2,MAZDA,ROJO,2,MINISTERIO PÚBLICO,44,MASCULINO,SIN DATOS,0,0,Morelia,Enrique Arreguin Robles,octubre,jueves,17,-101.178823255671,19.7203304005394
37090,37095,2021,,2021/10/07,17:25:00,COLISIÓN CON PEATÓN,ASFALTO,Bueno,Bueno,2,ROAD KING,ROJO,2,,34,MASCULINO,SIN DATOS,0,0,Morelia,Elias Perez Avalos,octubre,jueves,17,-101.16561432115,19.7113903985357
37091,37096,2021,,2021/10/07,21:40:00,COLISIÓN CONTRA OBJETO FIJO,CONCRETO,Nublado,Bueno,3,NISSAN,BLANCO,3,,21,MASCULINO,SIN DATOS,0,0,Morelia,Villas del Pedregal,octubre,jueves,22,-101.309731758453,19.6697963351286
37092,37097,2021,,2021/10/08,"09:31:00",COLISIÓN POR CORTE DE CIRCULACIÓN,CONCRETO,Bueno,Bueno,2,DODGE,ROJO,2,,38,MASCULINO,SIN DATOS,0,0,Morelia,Camelinas,octubre,viernes,10,-101.174,19.6806
37093,37098,2021,,2021/10/08,11:20:00,COLISIÓN POR CORTE DE CIRCULACIÓN,ASFALTO,Bueno,Bueno,2,HYUNDAI,BLANCO,2,,40,MASCULINO,SIN DATOS,0,0,Morelia,Centro,octubre,viernes,11,-101.179312185,19.7035132699991
37094,37099,2021,,2021/10/08,11:50:00,COLISIÓN POR CORTE DE CIRCULACIÓN,ASFALTO,Bueno,Bueno,2,KENWORTH,AMARILLO,2,,24,MASCULINO,SIN DATOS,0,0,Morelia,Tinijaro,octubre,viernes,12,-101.26316,19.6963297049991
37095,37100,2021,,2021/10/08,12:05:00,SALIDA DE SUPERFICIE DE RODAMIENTO,TERRACERIA,Bueno,Regular,1,KENWORTH,ROJO,1,,30,MASCULINO,SIN DATOS,0,0,Morelia,Gertrudis Sanchez,octubre,viernes,12,-101.211521855,19.7400562849992
37096,37101,2021,,2021/10/08,12:30:00,COLISIÓN CONTRA OBJETO FIJO,CONCRETO,Bueno,Bueno,2,FORD,GRIS,2,,50,MASCULINO,SIN DATOS,0,0,Morelia,Las Americas,octubre,viernes,13,-101.15527803761,19.6905832056681
37097,37102,2021,,2021/10/08,14:00:00,COLISIÓN POR CORTE DE CIRCULACIÓN,CONCRETO,Bueno,Bueno,2,INTERNATIONAL,ROJO,2,MINISTERIO PÚBLICO,,MASCULINO,SIN DATOS,0,0,Morelia,Emiliano Zapata,octubre,viernes,14,-101.2167646,19.7147681199991
37098,37103,2021,,2021/10/08,14:00:00,COLISIÓN POR CAMBIO DE CARRIL,ASFALTO,Bueno,Bueno,2,CHEVROLET,ROJO,2,,53,FEMENINO,SIN DATOS,0,0,Morelia,Centro,octubre,viernes,14,-101.18218963,19.7028850649992
37099,37104,2021,,2021/10/08,15:15:00,COLISIÓN POR CORTE DE CIRCULACIÓN,ASFALTO,Bueno,Bueno,2,INTERNATIONAL,AMARILLO,2,,55,MASCULINO,SIN DATOS,0,0,Morelia,Centro,octubre,viernes,15,-101.18218963,19.7028850649992
37100,37105,2021,,2021/10/08,17:20:00,COLISIÓN POR CORTE DE CIRCULACIÓN,CONCRETO,Bueno,Bueno,2,BMW,NEGRO,2,,37,MASCULINO,SIN DATOS,0,0,Morelia,Vasco de Quiroga,octubre,viernes,17,-101.16716515,19.6992678299991
37101,37106,2021,,2021/10/08,17:35:00,COLISIÓN POR CAMBIO DE CARRIL,ASFALTO,Bueno,Bueno,2,DINA,BLANCO,2,,33,MASCULINO,SIN DATOS,0,0,Morelia,Pascual Ortiz de Ayala,octubre,viernes,18,-101.151504422657,19.696032531912
37102,37107,2021,MOR210688274,2021/10/08,18:30:00,COLISIÓN POR ALCANCE,ASFALTO,Bueno,Bueno,2,INTERNATIONAL,BLANCO,2,,39,MASCULINO,SIN DATOS,0,0,Morelia,Canteras de Morelia,octubre,viernes,19,-101.173341856763,19.7161920074994
37103,37108,2021,,2021/10/08,19:57:00,COLISIÓN POR MANIOBRA DE REVERSA,CONCRETO,Bueno,Regular,2,FORD,ARENA,2,,23,MASCULINO,SIN DATOS,0,0,Morelia,La Hacienda,octubre,viernes,20,-101.317806243896,19.6780706208157
37104,37109,2021,MOR210688587,2021/10/08,21:00:00,COLISIÓN POR CORTE DE CIRCULACIÓN,ASFALTO,Bueno,Bueno,2,KEMWORTH,BLANCO,2,,33,MASCULINO,SIN DATOS,0,0,Morelia,La Soledad,octubre,viernes,21,-101.183295442976,19.7280428364928
37105,37110,2021,,2021/10/08,21:25:00,COLISIÓN POR ALCANCE,ASFALTO,Bueno,Bueno,3,NISSAN,AZUL,2,MINISTERIO PÚBLICO,40,FEMENINO,SIN DATOS,0,0,Morelia,Arboledas de La Huerta,octubre,viernes,21,-101.223548145,19.6683762899991
37106,37111,2021,MOR210688699,2021/10/08,22:20:00,COLISIÓN POR CORTE DE CIRCULACIÓN,ASFALTO,Nublado,Regular,2,NISSAN,GRIS,2,,43,MASCULINO,SIN DATOS,0,0,Morelia,Villas del Real,octubre,viernes,22,-101.19872518561,19.7347945238631
37107,37112,2021,,2021/10/08,22:55:00,COLISIÓN CONTRA OBJETO FIJO,ASFALTO,Bueno,Bueno,1,NISSAN,BLANCO,1,,47,MASCULINO,SIN DATOS,0,0,Morelia,Cañada del Bosque,octubre,viernes,23,-101.097469366718,19.7282996448773
37108,37113,2021,MOR210691487,2021/10/09,11:20:00,SALIDA DE SUPERFICIE DE RODAMIENTO,TERRACERIA,Bueno,Bueno,1,FORD,BLANCO,0,,,,,0,0,Morelia,Arboledas de Valladolid,octubre,sábado,11,-101.249727513545,19.6942937106911
37110,37115,2021,,2021/10/09,12:20:00,COLISIÓN POR CORTE DE CIRCULACIÓN,CONCRETO,Bueno,Bueno,2,NISSAN,BLANCO,2,,67,MASCULINO,SIN DATOS,0,0,Morelia,Alberto Oviedo Mota,octubre,sábado,12,-101.196140686849,19.6817272495021
37111,37116,2021,MOR210692069,2021/10/09,14:55:00,COLISIÓN POR MANIOBRA DE REVERSA,ASFALTO,Bueno,Bueno,2,FORD,AZUL,2,,38,MASCULINO,SIN DATOS,0,0,Morelia,Colinas del Sur,octubre,sábado,15,-101.197416877212,19.6623772440442
37112,37117,2021,,2021/10/09,17:00:00,COLISIÓN POR INVASIÓN DE CARRIL,ASFALTO,Bueno,Bueno,2,CHEVROLET,VERDE,1,MINISTERIO PÚBLICO,,,,1,0,Hidalgo,Corros,octubre,sábado,17,-100.555381961167,19.7072132949371
37113,37118,2021,,2021/10/09,17:40:00,COLISIÓN POR ALCANCE,ASFALTO,Bueno,Bueno,2,NISSAN,PLATA,2,,49,MASCULINO,SIN DATOS,0,0,Acuitzio,Ricardo Flores Magon,octubre,sábado,18,-101.338613145053,19.4893144929845
37115,37120,2021,MOR210692412,2021/10/09,18:00:00,COLISIÓN POR INVASIÓN DE CARRIL,ASFALTO,Bueno,Bueno,2,VOLKSWAGEN,BLANCO,1,MINISTERIO PÚBLICO,,,,1,0,Morelia,Sin datos,octubre,sábado,18,-101.355049691416,19.6783613764131
37116,37121,2021,MOR200692776,2021/10/09,20:45:00,COLISIÓN CONTRA OBJETO FIJO,ASFALTO,Nublado,Regular,2,ITALIKA,BLANCO/ROJO,2,,42,MASCULINO,SIN DATOS,0,0,Morelia,La Colina,octubre,sábado,21,-101.215538487631,19.7057864736237
37117,37122,2021,MOR210692926,2021/10/09,21:20:00,COLISIÓN POR ALCANCE,ASFALTO,Nublado,Regular,2,DODGE,PLATA,2,MINISTERIO PÚBLICO,43,MASCULINO,SIN DATOS,0,0,Morelia,Country Club  Las Huertas,octubre,sábado,21,-101.226246052158,19.6626493715628
37118,37123,2021,MOR210693050,2021/10/09,23:00:00,COLISIÓN POR NO RESPETAR SEMÁFORO,ASFALTO,Nublado,Regular,2,TOYOTA,NEGRO,2,,25,FEMENINO,SIN DATOS,0,0,Morelia,Centro,octubre,sábado,23,-101.18218963,19.7028850649992
37119,37124,2021,,2021/10/09,23:11:00,COLISIÓN CONTRA OBJETO FIJO,ASFALTO,Bueno,Regular,1,SEAT,AZUL,1,,28,FEMENINO,SIN DATOS,0,0,Morelia,Sin datos,octubre,sábado,23,-101.155601360572,19.669329396204
37120,37125,2021,,2021/10/10,"00:00:00",COLISIÓN CONTRA OBJETO FIJO,ASFALTO,Bueno,Bueno,1,NISSAN,GRIS,0,MINISTERIO PÚBLICO,,,,0,0,Lázaro Cárdenas,Segundo Sector de Fidelac,octubre,domingo,0,-102.202630056574,17.9614571099492
37121,37126,2021,MOR210693592,2021/10/10,"00:00:00",COLISIÓN POR NO RESPETAR SEMÁFORO,ASFALTO,Bueno,Bueno,2,VOLKWAGEN,AZUL,2,MINISTERIO PÚBLICO,,MASCULINO,SIN DATOS,0,0,Morelia,Bosques de Oriente,octubre,domingo,0,-101.155439025976,19.7156173186684
37122,37127,2021,MOR210693321,2021/10/10,"01:56:00",COLISIÓN POR CORTE DE CIRCULACIÓN,ASFALTO,Bueno,Bueno,2,CHEVROLET,ROJO,2,MINISTERIO PÚBLICO,41,FEMENINO,SIN DATOS,0,0,Morelia,Nueva Chapultepec,octubre,domingo,2,-101.175477840006,19.6882728964087
37123,37128,2021,,2021/10/10,"02:00:00",COLISIÓN POR CORTE DE CIRCULACIÓN,SIN_DATOS,Bueno,Bueno,3,JEEP,BLANCO,2,,,,SIN DATOS,0,0,Lázaro Cárdenas,Centro,octubre,domingo,2,-102.192891687155,17.9559373114718
37124,37129,2021,MOR210693346,2021/10/10,"02:00:00",COLISIÓN CONTRA OBJETO FIJO,CONCRETO,Bueno,Bueno,2,ACURA,VERDE,1,,32,MASCULINO,SIN DATOS,0,0,Morelia,El Lago 3,octubre,domingo,2,-101.217925504528,19.7248972478039
37125,37130,2021,MOR210693480,2021/10/10,"04:00:00",COLISIÓN POR ALCANCE,ASFALTO,Lluvioso,Malo,1,VOLKSWAGEN,ROJO,0,,,,,0,0,Morelia,Primo Tapia,octubre,domingo,4,-101.211799003852,19.7090831543865
37126,37131,2021,,2021/10/10,"08:30:00",COLISIÓN POR ALCANCE,ASFALTO,Bueno,Bueno,2,SEAT,GRIS,2,MINISTERIO PÚBLICO,45,MASCULINO,ALIENTO ETÍLICO,0,0,Morelia,San Pascual,octubre,domingo,9,-101.267356879321,19.6953565603388
37127,37132,2021,,2021/10/10,"09:30:00",SALIDA DE SUPERFICIE DE RODAMIENTO,ASFALTO,Bueno,Bueno,1,ITALIKA,GRIS,0,,,,,0,0,Charo,Sin datos,octubre,domingo,10,-100.979867689312,19.6508480389366
37128,37133,2021,,2021/10/10,10:00:00,COLISIÓN CONTRA OBJETO FIJO,SIN_DATOS,Bueno,Bueno,1,NISSAN,BLANCO,0,MINISTERIO PÚBLICO,,,,0,0,Lázaro Cárdenas,Sin datos,octubre,domingo,10,-102.196375876665,17.9666799604677
37129,37134,2021,,2021/10/10,10:30:00,CAIDA DE MOTOCICLETA,ASFALTO,Bueno,Bueno,1,ITALIKA,BLANCO Y AZUL,1,MINISTERIO PÚBLICO,20,FEMENINO,SIN DATOS,0,0,Morelia,Lic Daniel Espinoza Galindo,octubre,domingo,11,-101.225534596217,19.7062304227392
37130,37135,2021,,2021/10/10,12:30:00,COLISIÓN POR NO RESPETAR SEMÁFORO,ASFALTO,Bueno,Bueno,2,NISSAN,GRIS,2,,68,FEMENINO,SIN DATOS,0,0,Morelia,Irrigacion,octubre,domingo,13,-101.225049085915,19.7045893716756
37131,37136,2021,,2021/10/10,16:00:00,COLISIÓN POR MANIOBRA DE REVERSA,ASFALTO,Bueno,Bueno,2,NISSAN,PLATA,2,MINISTERIO PÚBLICO,18,MASCULINO,SIN DATOS,0,0,Morelia,Tanganxoan (Guadalupe Victoria),octubre,domingo,16,-101.288502744652,19.6921014519085
37132,37137,2021,MOR210692379,2021/10/10,17:30:00,COLISIÓN CONTRA OBJETO FIJO,ASFALTO,Bueno,Regular,1,PEUGEOT,ROJO,1,,37,MASCULINO,SIN DATOS,0,0,Morelia,Santillan La Huerta,octubre,domingo,18,-101.220143660903,19.675292530811
37133,37138,2021,,2021/10/10,18:30:00,COLISIÓN CONTRA OBJETO FIJO,ASFALTO,Bueno,Bueno,1,VOLKSWAGEN,NEGRO,1,,33,MASCULINO,SIN DATOS,0,0,Morelia,El Realito,octubre,domingo,19,-101.205196380615,19.7258336118237
37134,37139,2021,,2021/10/10,19:50:00,COLISIÓN POR ALCANCE,ASFALTO,Bueno,Bueno,2,CHEVROLET,BLANCO,2,,20,MASCULINO,ALIENTO ETÍLICO,0,0,Morelia,Primo Tapia Oriente,octubre,domingo,20,-101.15861043334,19.7134227853731
37135,37140,2021,,2021/10/10,20:00:00,COLISIÓN POR CORTE DE CIRCULACIÓN,SIN_DATOS,Bueno,Bueno,2,NISSAN,AMARILLO,2,,,FEMENINO,SIN DATOS,0,0,Lázaro Cárdenas,Progreso Nacional,octubre,domingo,20,-102.232250757515,17.991994550865
37136,37141,2021,,2021/10/10,20:30:00,COLISIÓN POR ALCANCE,ASFALTO,Bueno,Bueno,2,CHEVROLET,GRIS,2,,30,MASCULINO,SIN DATOS,0,0,Morelia,La Huerta,octubre,domingo,21,-101.217121146619,19.67553206182
37138,37143,2021,,2021/10/10,22:20:00,COLISIÓN POR INVASIÓN DE CARRIL,ASFALTO,Bueno,Bueno,2,CHEVROLET,GRIS,2,MINISTERIO PÚBLICO,28,MASCULINO,SIN DATOS,1,0,Peribán,Sin datos,octubre,domingo,22,-102.446839822962,19.5547058234104
37139,37144,2021,,2021/10/10,23:40:00,COLISIÓN CONTRA OBJETO FIJO,ASFALTO,Bueno,Bueno,1,MAZDA,BLANCO,1,,0,MASCULINO,SIN DATOS,0,0,Huandacareo,San Francisco,octubre,domingo,0,-101.284769505941,19.9805727993744
37140,37145,2021,MOR210696696,2021/10/11,"00:00:00",COLISIÓN POR CAMBIO DE CARRIL,CONCRETO,Bueno,Bueno,2,YAMAHA,NEGRO,2,,47,MASCULINO,SIN DATOS,0,0,Morelia,Campamento Ferrocarrilero,octubre,lunes,0,-101.203038605,19.7048187049992
37141,37146,2021,LEG39517,2021/10/11,"00:00:00",COLISIÓN POR ALCANCE,ASFALTO,Bueno,Bueno,2,VOLKSWAGEN,BLANCO,2,,40,FEMENINO,SIN DATOS,0,0,Morelia,Prados Verdes,octubre,lunes,0,-101.2031502,19.7157065949992
37142,37147,2021,,2021/10/11,"03:55:00",CAIDA DE MOTOCICLETA,CONCRETO,Bueno,Bueno,1,YAMAHA,GRIS,1,,,,SIN DATOS,0,0,Morelia,Centro,octubre,lunes,4,-101.178128197789,19.699181043796
37143,37148,2021,MOR210695868,2021/10/11,"08:15:00",COLISIÓN POR CORTE DE CIRCULACIÓN,ASFALTO,Bueno,Bueno,2,VOLKSWAGEN,BLANCO,2,,42,MASCULINO,SIN DATOS,0,0,Morelia,Primo Tapia Oriente,octubre,lunes,8,-101.15826842121,19.7165439528349
37144,37149,2021,MOR210695813,2021/10/11,"08:50:00",COLISIÓN POR CAMBIO DE CARRIL,ASFALTO,Bueno,Bueno,2,HONDA,PLATA,2,,48,MASCULINO,SIN DATOS,0,0,Morelia,Vista Bella,octubre,lunes,9,-101.195925675947,19.6790442736003
37145,37150,2021,,2021/10/11,"09:00:00",COLISIÓN POR CORTE DE CIRCULACIÓN,ASFALTO,Bueno,Bueno,2,CHEVROLET,GRIS,2,,45,MASCULINO,SIN DATOS,0,0,Morelia,San Pascual,octubre,lunes,9,-101.270379408044,19.6970457415879
37147,37152,2021,MOR2106,2021/10/11,13:20:00,COLISIÓN POR CAMBIO DE CARRIL,ASFALTO,Bueno,Bueno,2,NISSAN,BLANCO,2,,45,MASCULINO,SIN DATOS,0,0,Morelia,Elias Perez Avalos,octubre,lunes,13,-101.167813022979,19.7136335493406
37148,37153,2021,,2021/10/11,13:30:00,COLISIÓN POR ALCANCE,ASFALTO,Bueno,Bueno,2,NISSAN,BLANCO Y AMARILLO,2,,69,MASCULINO,SIN DATOS,0,0,Morelia,Loma de Los Piñones,octubre,lunes,14,-101.203444197085,19.6749928725897
37150,37155,2021,MOR210696774,2021/10/11,16:28:00,COLISIÓN POR CORTE DE CIRCULACIÓN,ASFALTO,Bueno,Bueno,2,SEAT,ROJO,2,,50,MASCULINO,SIN DATOS,0,0,Morelia,Americas Britania,octubre,lunes,16,-101.146081774315,19.6917604454174
37151,37156,2021,,2021/10/11,17:00:00,VOLCADURA,ASFALTO,Bueno,Bueno,1,JEEP,BLANCO,1,MINISTERIO PÚBLICO,79,MASCULINO,SIN DATOS,0,0,Morelia,Lomas de La Maestranza,octubre,lunes,17,-101.330708004534,19.6845564316855
37153,37158,2021,,2021/10/11,20:00:00,COLISIÓN POR CORTE DE CIRCULACIÓN,ASFALTO,Bueno,Bueno,2,HONDA,BLANCO,2,,0,MASCULINO,SIN DATOS,0,0,Morelia,Chapultepec Norte,octubre,lunes,20,-101.173778799073,19.6957366970635
37155,37160,2021,LEG39521,2021/10/12,"00:00:00",COLISIÓN POR NO RESPETAR SEMÁFORO,ASFALTO,Bueno,Bueno,2,LINCON,NEGRO,4,MINISTERIO PÚBLICO,34,MASCULINO,SIN DATOS,2,0,Morelia,Centro,octubre,martes,0,-101.18754847,19.7028479949991
37156,37161,2021,MOR210697900,2021/10/12,"06:20:00",COLISIÓN CONTRA OBJETO FIJO,ASFALTO,Bueno,Bueno,1,NISSAN,GRUS,1,,,,SIN DATOS,0,0,Charo,La Goleta,octubre,martes,6,-101.080660074949,19.7393502281356
37157,37162,2021,,2021/10/12,"09:20:00",COLISIÓN POR CAMBIO DE CARRIL,ASFALTO,Bueno,Bueno,2,FORD,ROJO,2,,34,MASCULINO,SIN DATOS,0,0,Morelia,Praderas de La Loma,octubre,martes,9,-101.18995539,19.6561569499991
37158,37163,2021,,2021/10/12,11:40:00,COLISIÓN POR ALCANCE,ASFALTO,Bueno,Bueno,2,GENERAL MOTORS,GRIS,2,,25,MASCULINO,SIN DATOS,0,0,Morelia,Morelos,octubre,martes,12,-101.20923679322,19.6981573738988
37159,37164,2021,,2021/10/12,14:20:00,COLISIÓN POR ALCANCE,ASFALTO,Bueno,Bueno,2,VOLKSWAGEN,AZUL,2,,,MASCULINO,SIN DATOS,0,0,Morelia,Centro,octubre,martes,14,-101.198433922098,19.7048895484043
37160,37165,2021,,2021/10/12,15:20:00,COLISIÓN POR ALCANCE,ASFALTO,Bueno,Bueno,2,FORD,BLANCO,2,,46,MASCULINO,SIN DATOS,0,0,Morelia,Ciudad Industrial,octubre,martes,15,-101.138786775141,19.7280322783354
37161,37166,2021,,2021/10/12,15:20:00,COLISIÓN POR CORTE DE CIRCULACIÓN,ASFALTO,Bueno,Bueno,2,BAJAC,ROJO,2,,25,MASCULINO,SIN DATOS,0,0,Morelia,Erendira,octubre,martes,15,-101.165726638642,19.7020178030562
37162,37167,2021,,2021/10/12,15:37:00,COLISIÓN POR CORTE DE CIRCULACIÓN,ASFALTO,Bueno,Bueno,2,SUZUKI,GRIS,2,,17,MASCULINO,SIN DATOS,0,0,Morelia,Las Flores,octubre,martes,16,-101.207293106081,19.7080788303871
37163,37168,2021,,2021/10/12,16:27:00,COLISIÓN POR CORTE DE CIRCULACIÓN,ASFALTO,Bueno,Bueno,2,CHEVROLET,BLANCO,2,,34,FEMENINO,SIN DATOS,0,0,Morelia,Colinas del Sur,octubre,martes,16,-101.198779824189,19.6675509280735
37164,37169,2021,MOR210699075,2021/10/12,16:30:00,COLISIÓN CONTRA OBJETO FIJO,ASFALTO,Bueno,Bueno,1,INTERNATIONAL,BLANCO,1,,55,MASCULINO,SIN DATOS,0,0,Morelia,Vasco de Quiroga,octubre,martes,17,-101.169912591577,19.7056457984333
37165,37170,2021,,2021/10/12,16:40:00,SALIDA DE SUPERFICIE DE RODAMIENTO,ASFALTO,Bueno,Bueno,1,CHEVROLET,BLANCO,1,,,FEMENINO,SIN DATOS,0,0,Morelia,Loma Bonita,octubre,martes,17,-101.196960993111,19.7244936191655