fid,id_accidente,anio_origen,folio_c5i,dia_incidente,hora_ocurrencia,tipo_incidente_vial,superficie_ocurrencia,condiciones_climaticas,condiciones_via,numero_vehiculos_involucrados,marca_vehiculo_ocasiona_siniestro,color_vehiculo_ocasiona_siniestro,numero_personas_involucradas,lugar_remite_presunto_responsable,edad_presunto_responsable,sexo_presunto_responsable,resultados_toxicologia,numero_personas_lesionadas,numero_personas_fallecidas,municipio,colonia,mes,dia_semana,hora_redondeada,lon,lat
37166,37171,2021,,2021/10/12,20:00:00,COLISIÓN POR ALCANCE,ASFALTO,Bueno,Bueno,2,VOLKSWAGEN,BLANCO,2,,60,MASCULINO,SIN DATOS,0,0,Morelia,Molino de Parras,octubre,martes,20,-101.205548176724,19.7023731656123
37167,37172,2021,,2021/10/12,21:20:00,COLISIÓN POR CAMBIO DE CARRIL,ASFALTO,Bueno,Bueno,2,TOYOTA,GRIS,2,,32,FEMENINO,SIN DATOS,0,0,Morelia,Sin datos,octubre,martes,21,-101.164556806907,19.6590244277756
37168,37173,2021,,2021/10/13,"00:01:00",COLISIÓN POR CAMBIO DE CARRIL,TERRACERIA,Bueno,Malo,2,ITALIKA,NEGRO Y AMARILLO,2,,23,MASCULINO,SIN DATOS,0,0,Morelia,Eucaliptos (Gigantes de Michoacan),octubre,miércoles,0,-101.151330582798,19.6978309563247
37169,37174,2021,,2021/10/13,"00:10:00",COLISIÓN POR CORTE DE CIRCULACIÓN,ASFALTO,Bueno,Bueno,2,KIA,ROJO,2,MINISTERIO PÚBLICO,25,MASCULINO,SIN DATOS,0,0,Morelia,Erendira,octubre,miércoles,0,-101.167564988136,19.7021945661939
37170,37175,2021,,2021/10/13,"01:30:00",COLISIÓN CONTRA OBJETO FIJO,CONCRETO,Bueno,Bueno,1,HONDA,BLANCO,1,,,,SIN DATOS,0,0,Morelia,Los Manantiales de Morelia,octubre,miércoles,2,-101.238136254251,19.6981361962329
37171,37176,2021,LEG39550,2021/10/13,"07:40:00",COLISIÓN POR CAMBIO DE CARRIL,ASFALTO,Bueno,Bueno,2,DODGE,BLANCO,2,,66,MASCULINO,SIN DATOS,0,0,Morelia,Buenavista,octubre,miércoles,8,-101.167648381005,19.7070362533738
37172,37177,2021,MOR210700533,2021/10/13,10:40:00,VOLCADURA,ASFALTO,Bueno,Bueno,1,MERCEDES BENZ,BLANCO,1,,,,SIN DATOS,0,0,Morelia,Poblado de Ocolusen,octubre,miércoles,11,-101.155088675,19.6951327349991
37174,37179,2021,MOR210700662,2021/10/13,12:00:00,COLISIÓN CONTRA OBJETO FIJO,CONCRETO,Bueno,Bueno,1,FORD,BLANCO,1,,26,MASCULINO,SIN DATOS,0,0,Morelia,Trincheras de Morelos,octubre,miércoles,12,-101.18560178,19.6643663249991
37175,37180,2021,,2021/10/13,12:50:00,COLISIÓN CON PEATÓN,SIN_DATOS,Bueno,Bueno,3,CHEVROLET,GRIS,2,MINISTERIO PÚBLICO,,MASCULINO,SIN DATOS,0,0,Morelia,Bosques de Oriente,octubre,miércoles,13,-101.155532933772,19.715540249548
37176,37181,2021,,2021/10/13,14:00:00,COLISIÓN POR CORTE DE CIRCULACIÓN,SIN_DATOS,Bueno,Bueno,2,HONDA,GRIS,1,MINISTERIO PÚBLICO,,MASCULINO,SIN DATOS,0,0,Lázaro Cárdenas,Pescadores,octubre,miércoles,14,-102.217420823872,17.9758223968257
37179,37184,2021,"210701536",2021/10/13,17:35:00,COLISIÓN POR ALCANCE,ASFALTO,Bueno,Bueno,2,NISSAN,ROJO,2,,27,MASCULINO,SIN DATOS,0,0,Morelia,Lomas de Santiaguito,octubre,miércoles,18,-101.179519891941,19.7229539949395
37180,37185,2021,,2021/10/13,18:20:00,COLISIÓN POR ALCANCE,ASFALTO,Bueno,Bueno,2,GENERALS MOTORS,NEGRO,2,MINISTERIO PÚBLICO,35,MASCULINO,SIN DATOS,0,0,Morelia,Centro,octubre,miércoles,18,-101.18754847,19.7028479949991
37181,37186,2021,LEG39549,2021/10/13,19:25:00,COLISIÓN POR CORTE DE CIRCULACIÓN,CONCRETO,Bueno,Regular,1,CHEVROLET,AZUL,1,,40,FEMENINO,SIN DATOS,0,0,Morelia,Cuauhtemoc,octubre,miércoles,19,-101.183930425,19.6983618999992
37183,37188,2021,MOR210702304,2021/10/14,"03:24:00",COLISIÓN CONTRA OBJETO FIJO,ASFALTO,Bueno,Bueno,1,DINAMO,NEGRO Y VERDE,1,,22,MASCULINO,SIN DATOS,0,0,Morelia,Mariano Escobedo,octubre,jueves,3,-101.209748685,19.7223888749991
37184,37189,2021,,2021/10/14,"08:00:00",COLISIÓN POR CORTE DE CIRCULACIÓN,ASFALTO,Bueno,Bueno,2,JEEP,GRIS,2,,30,MASCULINO,SIN DATOS,0,0,Morelia,La Hacienda,octubre,jueves,8,-101.317806243896,19.6780706208157
37186,37191,2021,,2021/10/14,"09:20:00",COLISIÓN POR CORTE DE CIRCULACIÓN,ASFALTO,Bueno,Bueno,2,NISSAN,ROJO,2,,35,MASCULINO,SIN DATOS,0,0,Morelia,Ignacio Zaragoza,octubre,jueves,9,-101.20537203,19.7251967149991
37187,37192,2021,,2021/10/14,11:00:00,COLISIÓN CONTRA OBJETO FIJO,ASFALTO,Bueno,Bueno,1,RENAULT,BLANCO,1,MINISTERIO PÚBLICO,39,FEMENINO,SIN DATOS,0,0,Tocumbo,Sin datos,octubre,jueves,11,-102.464236691594,19.6540409228886
37188,37193,2021,,2021/10/14,11:10:00,COLISIÓN POR CORTE DE CIRCULACIÓN,ASFALTO,Bueno,Bueno,2,ITALIKA,GRIS,3,MINISTERIO PÚBLICO,,MASCULINO,SIN DATOS,1,0,Morelia,Centro,octubre,jueves,11,-101.178560368717,19.7033754593917
37189,37194,2021,,2021/10/14,11:35:00,COLISIÓN POR ALCANCE,CONCRETO,Bueno,Bueno,2,CHEVROLET,ROJO,2,,38,FEMENINO,SIN DATOS,0,0,Morelia,Lazaro Cardenas,octubre,jueves,12,-101.164258464482,19.7086030733228
37190,37195,2021,,2021/10/14,12:00:00,COLISIÓN POR CORTE DE CIRCULACIÓN,ASFALTO,Bueno,Bueno,2,HONDA,ROJO,2,,23,MASCULINO,SIN DATOS,0,0,Morelia,Division del Norte,octubre,jueves,12,-101.163432770834,19.7122805017005
37191,37196,2021,,2021/10/14,13:00:00,COLISIÓN POR ALCANCE,ASFALTO,Bueno,Bueno,2,NISSAN,AZUL,2,,30,MASCULINO,SIN DATOS,0,0,Morelia,La Colina,octubre,jueves,13,-101.215505115688,19.7060028172213
37192,37197,2021,,2021/10/14,13:20:00,COLISIÓN POR ALCANCE,ASFALTO,Bueno,Bueno,3,SUZUKI,NARANJA,3,,39,MASCULINO,SIN DATOS,0,0,Morelia,Camelinas,octubre,jueves,13,-101.174213513732,19.6818266683917
37193,37198,2021,,2021/10/14,14:30:00,COLISIÓN POR CORTE DE CIRCULACIÓN,ASFALTO,Bueno,Bueno,2,VOLKSWAGEN,BLANCO,2,MINISTERIO PÚBLICO,27,MASCULINO,SIN DATOS,0,0,Morelia,Las Flores,octubre,jueves,15,-101.205731176518,19.7066233657422
37194,37199,2021,,2021/10/14,15:40:00,COLISIÓN POR ALCANCE,ASFALTO,Bueno,Bueno,2,JEEP,GRIS,2,MINISTERIO PÚBLICO,41,MASCULINO,SIN DATOS,0,0,Morelia,Centro,octubre,jueves,16,-101.18754847,19.7028479949991
37195,37200,2021,,2021/10/14,19:15:00,COLISIÓN POR NO RESPETAR SEMÁFORO,ASFALTO,Bueno,Bueno,2,CHEVROLET BEAT,ROJO,2,,54,MASCULINO,SIN DATOS,0,0,Morelia,Camelinas,octubre,jueves,19,-101.17262119,19.6818144849991
37196,37201,2021,,2021/10/14,19:20:00,COLISIÓN POR CORTE DE CIRCULACIÓN,ASFALTO,Bueno,Bueno,2,FORD,ROJO,2,MINISTERIO PÚBLICO,26,MASCULINO,SIN DATOS,0,0,Madero,Buenos Aires,octubre,jueves,19,-101.286796859719,19.3908790708478
37197,37202,2021,,2021/10/14,21:45:00,SALIDA DE SUPERFICIE DE RODAMIENTO,ASFALTO,Bueno,Regular,1,FREIGHTLINER,BLANCO/VERDE,0,,,,,0,0,Peribán,Sin datos,octubre,jueves,22,-102.42073059082,19.4878959805215
37198,37203,2021,,2021/10/15,"00:40:00",SALIDA DE SUPERFICIE DE RODAMIENTO,ASFALTO,Bueno,Bueno,1,TOYOTA,BLANCO,1,,35,FEMENINO,SIN DATOS,0,0,Charo,Sin datos,octubre,viernes,1,-101.039674275312,19.7554585960715
37199,37204,2021,,2021/10/15,"02:00:00",COLISIÓN POR INVASIÓN DE CARRIL,ASFALTO,Bueno,Bueno,2,ITALIKA,BLANCO,2,MINISTERIO PÚBLICO,,,SIN DATOS,0,0,Tacámbaro,Sin datos,octubre,viernes,2,-101.505481810734,19.2194903894362
37200,37205,2021,,2021/10/15,"03:00:00",COLISIÓN POR CORTE DE CIRCULACIÓN,CONCRETO,Bueno,Regular,2,CHRYSLER,PLATA,2,MINISTERIO PÚBLICO,30,MASCULINO,SIN DATOS,0,0,Morelia,Jacarandas,octubre,viernes,3,-101.210895875,19.7052847949991
37201,37206,2021,MOR210704970,2021/10/15,10:20:00,COLISIÓN POR CAMBIO DE CARRIL,SIN_DATOS,Bueno,Bueno,2,NISSAN,PLATA,2,,47,MASCULINO,SIN DATOS,0,0,Morelia,Centro,octubre,viernes,10,-101.191548295319,19.702940527383
37202,37207,2021,,2021/10/15,10:20:00,CAIDA DE MOTOCICLETA,ASFALTO,Bueno,Bueno,1,ITALIKA,AZUL,1,,20,FEMENINO,SIN DATOS,0,0,Morelia,Xangari,octubre,viernes,10,-101.220695494937,19.6741136117054
37203,37208,2021,MOR210705123,2021/10/15,10:45:00,COLISIÓN POR CAMBIO DE CARRIL,ASFALTO,Bueno,Bueno,2,VOLKSWAGEN,AZUL,2,,39,MASCULINO,SIN DATOS,0,0,Morelia,Josefa Ortiz de Dominguez,octubre,viernes,11,-101.209958642721,19.6720922347092
37204,37209,2021,MOR210705391,2021/10/15,13:35:00,COLISIÓN POR MANIOBRA DE REVERSA,ASFALTO,Bueno,Bueno,2,FORD,ROJO,2,,21,MASCULINO,SIN DATOS,0,0,Morelia,Jardines de Guadalupe,octubre,viernes,14,-101.220634169877,19.7128750870487
37205,37210,2021,,2021/10/15,13:50:00,COLISIÓN POR ALCANCE,ASFALTO,Bueno,Bueno,2,JEEP,ARENA,2,,82,FEMENINO,SIN DATOS,0,0,Morelia,Centro,octubre,viernes,14,-101.190643385053,19.6959266157581
37206,37211,2021,MOR210705525,2021/10/15,14:20:00,COLISIÓN POR CORTE DE CIRCULACIÓN,CONCRETO,Bueno,Bueno,2,YAMAHA,BLANCO,2,,19,MASCULINO,SIN DATOS,0,0,Morelia,Primo Tapia,octubre,viernes,14,-101.214234419167,19.7095975806924
37207,37212,2021,,2021/10/15,15:20:00,COLISIÓN POR CAMBIO DE CARRIL,ASFALTO,Bueno,Bueno,2,DELIVERY,BLANCO,2,,22,MASCULINO,SIN DATOS,0,0,Morelia,Sin datos,octubre,viernes,15,-101.309288492932,19.6872887025734
37208,37213,2021,MOR5210705881,2021/10/15,15:45:00,COLISIÓN POR CORTE DE CIRCULACIÓN,ASFALTO,Bueno,Bueno,2,CHRYSLER,AZUL,2,,34,FEMENINO,SIN DATOS,0,0,Morelia,Melchor Ocampo,octubre,viernes,16,-101.150794140995,19.706296420245
37209,37214,2021,MOR2107,2021/10/15,17:20:00,COLISIÓN POR CAMBIO DE CARRIL,CONCRETO,Bueno,Bueno,2,MAZDA,NEGRO,2,,23,MASCULINO,SIN DATOS,0,0,Morelia,Centro,octubre,viernes,17,-101.195212162353,19.6962628226754
37210,37215,2021,,2021/10/15,19:00:00,COLISIÓN POR CORTE DE CIRCULACIÓN,ASFALTO,Bueno,Bueno,2,JEEP,ROJO,0,MINISTERIO PÚBLICO,,,,0,0,Lázaro Cárdenas,Centro,octubre,viernes,19,-102.191864035335,17.954338340314
37211,37216,2021,LEG39586,2021/10/15,19:00:00,COLISIÓN POR ALCANCE,ASFALTO,Bueno,Bueno,1,HONDA,GRIS,2,,17,MASCULINO,SIN DATOS,0,0,Morelia,Ejidal Ocolusen,octubre,viernes,19,-101.153427430165,19.6873375752062
37212,37217,2021,MOR210706297,2021/10/15,19:20:00,COLISIÓN POR ALCANCE,ASFALTO,Bueno,Bueno,2,VOLKSWAGEN,AZUL,2,,48,FEMENINO,SIN DATOS,0,0,Morelia,Tlalpujahua,octubre,viernes,19,-101.218222467735,19.6762502796072
37213,37218,2021,,2021/10/15,20:20:00,COLISIÓN POR CORTE DE CIRCULACIÓN,ASFALTO,Bueno,Bueno,2,MITSUBISHI,AZUL,2,MINISTERIO PÚBLICO,20,MASCULINO,SIN DATOS,0,0,Pátzcuaro,El Calvario,octubre,viernes,20,-101.618554629385,19.5136219684129
37214,37219,2021,MOR210706548,2021/10/15,21:30:00,COLISIÓN POR NO RESPETAR SEMÁFORO,ASFALTO,Bueno,Bueno,2,CHEVROLET,ROJO,2,,20,MASCULINO,SIN DATOS,0,0,Morelia,Melchor Ocampo,octubre,viernes,22,-101.200549483967,19.70586740728
37215,37220,2021,,2021/10/15,21:40:00,COLISIÓN POR ALCANCE,ASFALTO,Bueno,Bueno,2,VOLKSWAGEN,ROJO,2,MINISTERIO PÚBLICO,0,FEMENINO,SIN DATOS,0,0,Morelia,Felix Ireta,octubre,viernes,22,-101.181475960407,19.6813746593216
37216,37221,2021,,2021/10/16,"00:00:00",COLISIÓN POR CORTE DE CIRCULACIÓN,ASFALTO,Bueno,Bueno,2,DODGE,ROJO,0,MINISTERIO PÚBLICO,,,,0,0,Lázaro Cárdenas,Pie de Casa,octubre,sábado,0,-102.221533960916,17.9660593569306
37217,37222,2021,MOR210706817,2021/10/16,"00:03:00",COLISIÓN CONTRA OBJETO FIJO,ASFALTO,Bueno,Bueno,1,SCONI,BLANCO,0,,,,,0,0,Morelia,Vistas de Altozano,octubre,sábado,0,-101.164216890263,19.6584523681649
37218,37223,2021,MOR210706838,2021/10/16,"00:05:00",COLISIÓN CONTRA OBJETO FIJO,ASFALTO,Bueno,Bueno,1,MAZDA,ROJO,1,,46,MASCULINO,SIN DATOS,0,0,Morelia,Felix Arreguin,octubre,sábado,0,-101.227432259095,19.7201299864923
37219,37224,2021,MOR210706991,2021/10/16,"01:55:00",VOLCADURA,ASFALTO,Bueno,Bueno,1,CHEVROLET,BLANCO,2,MINISTERIO PÚBLICO,41,MASCULINO,SIN DATOS,1,0,Morelia,La Huerta,octubre,sábado,2,-101.228329031303,19.6583456498784
37220,37225,2021,,2021/10/16,"05:00:00",COLISIÓN POR CORTE DE CIRCULACIÓN,SIN_DATOS,Bueno,Bueno,3,NISSAN,ROJO,3,MINISTERIO PÚBLICO,,,SIN DATOS,0,0,Lázaro Cárdenas,Centro,octubre,sábado,5,-102.204183787107,17.9579212902259
37221,37226,2021,MOR210605436,2021/10/16,13:10:00,COLISIÓN POR CORTE DE CIRCULACIÓN,ASFALTO,Bueno,Bueno,2,NISSAN,BLANCO,2,,49,MASCULINO,SIN DATOS,0,0,Morelia,Ciudad Industrial,octubre,sábado,13,-101.137938313186,19.7286046559816
37222,37227,2021,,2021/10/16,14:20:00,COLISIÓN POR CAMBIO DE CARRIL,CONCRETO,Bueno,Bueno,2,NISSAN,AZUL,2,,26,FEMENINO,SIN DATOS,0,0,Morelia,Centro,octubre,sábado,14,-101.194397071789,19.6966919797649
37223,37228,2021,,2021/10/16,15:10:00,COLISIÓN POR CORTE DE CIRCULACIÓN,ASFALTO,Bueno,Bueno,2,FORD,ARENA,2,,49,MASCULINO,SIN DATOS,0,0,Morelia,Isaac Arriaga,octubre,sábado,15,-101.171404235065,19.7077239969893
37224,37229,2021,,2021/10/16,19:45:00,COLISIÓN POR ALCANCE,ASFALTO,Bueno,Bueno,2,NISSAN,GRIS,2,MINISTERIO PÚBLICO,,MASCULINO,SIN DATOS,0,0,Morelia,Loma de Los Piñones,octubre,sábado,20,-101.205084093593,19.6739914056438
37225,37230,2021,,2021/10/16,20:00:00,COLISIÓN POR CAMBIO DE CARRIL,ASFALTO,Bueno,Bueno,2,DODGE,BLANCO,2,,58,MASCULINO,SIN DATOS,0,0,Morelia,Nueva Jacarndas,octubre,sábado,20,-101.192007318817,19.6822626622201
37226,37231,2021,,2021/10/16,21:40:00,COLISIÓN POR ALCANCE,ASFALTO,Bueno,Bueno,2,HYUNDAI,BLANCO,0,MINISTERIO PÚBLICO,,,,0,0,Morelia,Sin datos,octubre,sábado,22,-101.325955495917,19.6857352452541
37227,37232,2021,MOR210706771,2021/10/16,23:00:00,COLISIÓN POR ALCANCE,ASFALTO,Bueno,Bueno,2,RENAULT,GRIS,2,,22,MASCULINO,SIN DATOS,0,0,Morelia,Felicitas del Rio,octubre,sábado,23,-101.198972680353,19.6928855410377
37228,37233,2021,MOR210711235,2021/10/17,"00:00:00",COLISIÓN POR INVASIÓN DE CARRIL,ASFALTO,Bueno,Bueno,3,ACURA,GRIS,3,,25,FEMENINO,SIN DATOS,0,0,Charo,Sin datos,octubre,domingo,0,-101.079730719996,19.6867258196104
37229,37234,2021,,2021/10/17,"01:20:00",COLISIÓN POR INVASIÓN DE CARRIL,ASFALTO,Bueno,Bueno,2,CHEVROLET,BLANCO,2,,0,MASCULINO,ALIENTO ETÍLICO,0,0,Morelia,3 de Agosto,octubre,domingo,1,-101.171376407146,19.7318548327364
37230,37235,2021,,2021/10/17,"09:50:00",COLISIÓN POR INVASIÓN DE CARRIL,ASFALTO,Bueno,Bueno,2,PONTIAC,GRIS,5,,20,MASCULINO,SIN DATOS,3,0,Morelia,Sin datos,octubre,domingo,10,-101.350590915176,19.5293817069614
37231,37236,2021,MOR210710479,2021/10/17,14:40:00,COLISIÓN POR ALCANCE,ASFALTO,Bueno,Bueno,2,NAVISTAR,AZUL,2,MINISTERIO PÚBLICO,27,MASCULINO,SIN DATOS,0,0,Morelia,Sin datos,octubre,domingo,15,-101.164613552392,19.6650012562404
37232,37237,2021,MOR210710815,2021/10/17,16:40:00,SUBIDA AL CAMELLÓN,ASFALTO,Bueno,Bueno,1,CHYSLERT,ROJO,1,,30,MASCULINO,SIN DATOS,0,0,Morelia,El Realito,octubre,domingo,17,-101.203837171197,19.7256742042503
37233,37238,2021,LEG39599,2021/10/17,19:00:00,SALIDA DE SUPERFICIE DE RODAMIENTO,ASFALTO,Bueno,Bueno,1,GMC,MORADO,1,,44,MASCULINO,ALIENTO ETÍLICO,0,0,Morelia,Sentimientos de La Nacion,octubre,domingo,19,-101.23696678065,19.6847639501122
37234,37239,2021,MOR210710946,2021/10/17,19:25:00,COLISIÓN POR CAMBIO DE CARRIL,ASFALTO,Bueno,Bueno,2,JEEP,BLANCO,2,MINISTERIO PÚBLICO,39,MASCULINO,SIN DATOS,0,0,Morelia,El Lago 2,octubre,domingo,19,-101.216116994619,19.7267699990483
37235,37240,2021,MOR210710884,2021/10/17,19:30:00,COLISIÓN POR ALCANCE,ASFALTO,Lluvioso,Regular,2,FORD,BLANCO,2,MINISTERIO PÚBLICO,61,MASCULINO,ALIENTO ETÍLICO,0,0,Charo,Sin datos,octubre,domingo,20,-100.998860411346,19.658741896413
37236,37241,2021,MOR210710997,2021/10/17,20:45:00,COLISIÓN POR CAMBIO DE CARRIL,ASFALTO,Bueno,Bueno,2,NISSAN,GRIS,2,,33,MASCULINO,SIN DATOS,0,0,Morelia,Prados Verdes,octubre,domingo,21,-101.197400235318,19.7135363820388
37237,37242,2021,MOR210711515,2021/10/18,"00:30:00",COLISIÓN POR CAMBIO DE CARRIL,ASFALTO,Bueno,Bueno,2,VOLKSWAGEN,GRIS,1,,49,MASCULINO,SIN DATOS,0,0,Morelia,Sin datos,octubre,lunes,1,-101.164691793651,19.6585473755276
37238,37243,2021,MOR210711610,2021/10/18,"01:16:00",COLISIÓN CONTRA OBJETO FIJO,CONCRETO,Bueno,Bueno,1,HONDA,PLATA,0,MINISTERIO PÚBLICO,,,,0,0,Morelia,Agustin Arriaga Rivera,octubre,lunes,1,-101.220195628703,19.6947555105289
37239,37244,2021,,2021/10/18,12:50:00,COLISIÓN POR CAMBIO DE CARRIL,ASFALTO,Bueno,Bueno,2,NISSAN,BLANCO,2,,26,MASCULINO,SIN DATOS,0,0,Morelia,Alberto Oviedo Mota,octubre,lunes,13,-101.197708049283,19.6811498883674
37240,37245,2021,,2021/10/18,13:40:00,VOLCADURA,ASFALTO,Bueno,Bueno,1,FORD,BLANCO,1,,52,MASCULINO,SIN DATOS,0,0,Morelia,Los Llanos,octubre,lunes,14,-101.248384709841,19.7147754664681
37241,37246,2021,,2021/10/18,15:06:00,COLISIÓN POR ALCANCE,ASFALTO,Bueno,Bueno,2,MERCEDES BENZ,AMARILLO/GUINDA,2,,55,MASCULINO,SIN DATOS,0,0,Morelia,Isaac Arriaga,octubre,lunes,15,-101.175320145,19.7090182249991
37242,37247,2021,,2021/10/18,15:45:00,COLISIÓN POR CAMBIO DE CARRIL,ASFALTO,Bueno,Bueno,2,JEEP,NEGRO,2,,64,FEMENINO,SIN DATOS,0,0,Morelia,Felicitas del Rio,octubre,lunes,16,-101.195508272134,19.6917768872994
37243,37248,2021,,2021/10/18,17:20:00,SALIDA DE SUPERFICIE DE RODAMIENTO,ASFALTO,Bueno,Bueno,1,NISSAN,BLANCO,1,,23,MASCULINO,SIN DATOS,0,0,Morelia,Sin datos,octubre,lunes,17,-101.408962153566,19.6462190854204
37244,37249,2021,,2021/10/18,17:45:00,COLISIÓN POR INVASIÓN DE CARRIL,ASFALTO,Nublado,Bueno,2,DODGE,NEGRO,2,MINISTERIO PÚBLICO,21,MASCULINO,SIN DATOS,0,0,Charo,De Santiago,octubre,lunes,18,-101.044372,19.745476
37245,37250,2021,,2021/10/18,19:30:00,CAIDA DE MOTOCICLETA,CONCRETO,Bueno,Bueno,1,YAMAHA,BLANCO,1,,21,MASCULINO,SIN DATOS,0,0,Morelia,Las Americas,octubre,lunes,20,-101.15401504,19.6887917349991
37246,37251,2021,MOR210713205,2021/10/18,20:19:00,COLISIÓN POR MANIOBRA DE REVERSA,CONCRETO,Bueno,Bueno,2,VOLKSWAGEN,BEIGE,2,,28,FEMENINO,SIN DATOS,0,0,Morelia,Villas Oriente,octubre,lunes,20,-101.144168047381,19.7544730091077
37247,37252,2021,,2021/10/18,20:25:00,COLISIÓN POR CORTE DE CIRCULACIÓN,ASFALTO,Bueno,Bueno,2,NISSAN,BLANCO/VERDE,2,,53,MASCULINO,SIN DATOS,0,0,Morelia,Chapultepec Oriente,octubre,lunes,20,-101.15913378,19.6947918299991
37248,37253,2021,,2021/10/18,21:50:00,COLISIÓN POR ALCANCE,ASFALTO,Bueno,Bueno,2,HONDA,BLANCO,2,,21,FEMENINO,SIN DATOS,0,0,Morelia,Tlalpujahua,octubre,lunes,22,-101.218280363561,19.6762407294967
37249,37254,2021,MOR210714079,2021/10/19,"00:00:00",COLISIÓN POR CORTE DE CIRCULACIÓN,CONCRETO,Bueno,Bueno,2,NISSAN,NEGRO,2,,44,MASCULINO,SIN DATOS,0,0,Morelia,Vicente Guerrero,octubre,martes,0,-101.228366003129,19.7038236186054
37250,37255,2021,,2021/10/19,"04:45:00",COLISIÓN POR CAMBIO DE CARRIL,ASFALTO,Bueno,Bueno,2,FORD,BLANCO,2,,,MASCULINO,SIN DATOS,0,0,Morelia,Elias Perez Avalos,octubre,martes,5,-101.17086276412,19.7160610248876
37251,37256,2021,,2021/10/19,"06:10:00",COLISIÓN POR ALCANCE,ASFALTO,Bueno,Bueno,2,NISSAN,BLANCO,2,MINISTERIO PÚBLICO,55,MASCULINO,SIN DATOS,0,0,Morelia,Sentimientos de La Nacion,octubre,martes,6,-101.236894787714,19.6847976420533
37252,37257,2021,,2021/10/19,"07:00:00",COLISIÓN CON PEATÓN,ASFALTO,Bueno,Bueno,2,HONDA,PLATA,1,,30,MASCULINO,SIN DATOS,0,0,Morelia,Central de Abastos,octubre,martes,7,-101.16817003,19.7165380899992
37253,37258,2021,MOR210713946,2021/10/19,"08:00:00",COLISIÓN POR CORTE DE CIRCULACIÓN,ASFALTO,Bueno,Bueno,2,NISSAN,BLANCO,2,,40,MASCULINO,SIN DATOS,0,0,Morelia,Poblado de Ocolusen,octubre,martes,8,-101.149485558271,19.6946803540336
37254,37259,2021,MOR210714011,2021/10/19,"09:40:00",COLISIÓN POR ALCANCE,ASFALTO,Bueno,Bueno,2,VOLKSWAGEN,BLANCO,2,,51,FEMENINO,SIN DATOS,0,0,Morelia,Granjas del Maestro,octubre,martes,10,-101.193883158267,19.7167782861248
37255,37260,2021,,2021/10/19,11:15:00,COLISIÓN POR MANIOBRA DE REVERSA,CONCRETO,Bueno,Bueno,2,MITSUBISHI,BLANCO,2,,26,MASCULINO,SIN DATOS,0,0,Morelia,Loma Real,octubre,martes,11,-101.196488619529,19.7296081911524
37256,37261,2021,MOR210714571,2021/10/19,12:45:00,COLISIÓN POR INVASIÓN DE CARRIL,ASFALTO,Bueno,Bueno,2,VOLVO,BLANCO,2,,42,MASCULINO,SIN DATOS,0,0,Morelia,Poblado de Ocolusen,octubre,martes,13,-101.14948055961,19.6946791487763
37257,37262,2021,MOR210714742,2021/10/19,14:40:00,COLISIÓN POR CORTE DE CIRCULACIÓN,ASFALTO,Bueno,Bueno,2,CHEVROLET,BLANCO,2,,38,MASCULINO,SIN DATOS,0,0,Morelia,Virreyes,octubre,martes,15,-101.156389564276,19.6952997699003
37258,37263,2021,,2021/10/19,15:15:00,COLISIÓN POR CORTE DE CIRCULACIÓN,CONCRETO,Bueno,Bueno,2,TOYOTA,BLANCO Y ROJO,2,,61,MASCULINO,SIN DATOS,0,0,Morelia,Guadalupe,octubre,martes,15,-101.223982572556,19.7088312490212
37259,37264,2021,,2021/10/19,18:50:00,COLISIÓN POR CORTE DE CIRCULACIÓN,ASFALTO,Bueno,Bueno,2,KTM,BLANCO,2,,,MASCULINO,SIN DATOS,0,0,Morelia,Centro,octubre,martes,19,-101.17820924318,19.6990860605367
37260,37265,2021,,2021/10/19,19:00:00,COLISIÓN CONTRA OBJETO FIJO,ASFALTO,Bueno,Bueno,2,DODGE,BLANCO Y AZUL,2,,43,MASCULINO,SIN DATOS,0,0,Morelia,Guadalupe,octubre,martes,19,-101.218521259725,19.7105808052204
37261,37266,2021,MOR210715531,2021/10/19,20:30:00,COLISIÓN POR INVASIÓN DE CARRIL,ASFALTO,Bueno,Bueno,2,FORD,GRIS,2,MINISTERIO PÚBLICO,54,MASCULINO,SIN DATOS,0,0,Morelia,Villa Magna,octubre,martes,21,-101.325926520286,19.6784028338708
37262,37267,2021,MOR210715949,2021/10/19,22:44:00,SUBIDA AL CAMELLÓN,CONCRETO,Bueno,Bueno,1,JEEP,GRIS,0,,,,,0,0,Morelia,La Esperanza,octubre,martes,23,-101.252278871834,19.6981011583827
37263,37268,2021,,2021/10/20,"03:00:00",COLISIÓN CONTRA OBJETO FIJO,ASFALTO,Bueno,Bueno,1,CHEVROLET,ARENA,0,MINISTERIO PÚBLICO,,,,0,0,Lázaro Cárdenas,Ejido Melchor Ocampo,octubre,miércoles,3,-102.203956500374,17.9638434032399
37264,37269,2021,MOR210716190,2021/10/20,"07:30:00",COLISIÓN POR INVASIÓN DE CARRIL,CONCRETO,Bueno,Bueno,2,CHEYSLER,GRIS,2,,35,MASCULINO,SIN DATOS,0,0,Morelia,Agustin Arriaga Rivera,octubre,miércoles,8,-101.222477588213,19.6905696933008
37265,37270,2021,,2021/10/20,"09:30:00",COLISIÓN POR CORTE DE CIRCULACIÓN,ASFALTO,Bueno,Bueno,2,RAM,BLANCO Y AZUL,2,,35,MASCULINO,SIN DATOS,0,0,Morelia,Morelia 450,octubre,miércoles,10,-101.217536889017,19.6757385874341