fid,id_accidente,anio_origen,folio_c5i,dia_incidente,hora_ocurrencia,tipo_incidente_vial,superficie_ocurrencia,condiciones_climaticas,condiciones_via,numero_vehiculos_involucrados,marca_vehiculo_ocasiona_siniestro,color_vehiculo_ocasiona_siniestro,numero_personas_involucradas,lugar_remite_presunto_responsable,edad_presunto_responsable,sexo_presunto_responsable,resultados_toxicologia,numero_personas_lesionadas,numero_personas_fallecidas,municipio,colonia,mes,dia_semana,hora_redondeada,lon,lat
37266,37271,2021,,2021/10/20,16:06:00,COLISIÓN POR CORTE DE CIRCULACIÓN,ASFALTO,Bueno,Bueno,2,YAMAHA,ROJO,2,,18,MASCULINO,SIN DATOS,0,0,Morelia,Vasco de Quiroga,octubre,miércoles,16,-101.172084441176,19.7019638559701
37267,37272,2021,,2021/10/20,16:30:00,COLISIÓN POR CAMBIO DE CARRIL,CONCRETO,Bueno,Bueno,2,MITZUBISHI,BLANCO,2,,,FEMENINO,SIN DATOS,0,0,Morelia,Vasco de Quiroga,octubre,miércoles,17,-101.172488853335,19.6974787115602
37268,37273,2021,,2021/10/20,17:00:00,COLISIÓN POR ALCANCE,ADOQUIN_EMPEDRADO,Bueno,Bueno,2,CHEVROLET,ROJO,2,,24,MASCULINO,SIN DATOS,0,0,Cuitzeo,Los Granados,octubre,miércoles,17,-101.139634810388,19.9730563352906
37269,37274,2021,,2021/10/20,19:10:00,COLISIÓN POR CORTE DE CIRCULACIÓN,ASFALTO,Bueno,Regular,2,NISSAN,NEGRO,2,,48,FEMENINO,SIN DATOS,0,0,Morelia,Chapultepec Sur,octubre,miércoles,19,-101.174621148541,19.6923713192729
37270,37275,2021,,2021/10/21,15:30:00,COLISIÓN POR CORTE DE CIRCULACIÓN,CONCRETO,Bueno,Bueno,2,ITALIKA,ROJO,2,MINISTERIO PÚBLICO,17,MASCULINO,SIN DATOS,1,0,Pátzcuaro,La Virgen,octubre,jueves,16,-101.613931506872,19.5236195387812
37271,37276,2021,MOR210719385,2021/10/21,15:50:00,VOLCADURA,ASFALTO,Bueno,Bueno,1,NISSAN,BLANCO,1,,45,MASCULINO,ALIENTO ETÍLICO,0,0,Morelia,Bosques Tres Marias,octubre,jueves,16,-101.10524959185,19.7292622709063
37272,37277,2021,,2021/10/21,19:39:00,COLISIÓN POR CORTE DE CIRCULACIÓN,ASFALTO,Bueno,Bueno,2,HONDA,ROJO,2,MINISTERIO PÚBLICO,,MASCULINO,SIN DATOS,0,0,Morelia,Centro,octubre,jueves,20,-101.177711114287,19.7042583186374
37273,37278,2021,,2021/10/21,19:50:00,COLISIÓN POR ALCANCE,ASFALTO,Bueno,Bueno,2,ITALIKA,NEGRA,2,,18,MASCULINO,SIN DATOS,0,0,Morelia,Americas Britania,octubre,jueves,20,-101.149774017663,19.69327891857
37274,37279,2021,MOR210719827,2021/10/21,21:00:00,COLISIÓN POR ALCANCE,ASFALTO,Bueno,Bueno,2,NISSAN,AZUL,2,,24,MASCULINO,SIN DATOS,0,0,Morelia,La Esperanza,octubre,jueves,21,-101.254318356514,19.6977397601585
37275,37280,2021,,2021/10/22,"01:20:00",COLISIÓN CONTRA OBJETO FIJO,ASFALTO,Bueno,Bueno,1,CHEVROLET,AZUL/GRIS,1,,22,FEMENINO,SIN DATOS,0,0,Peribán,Sin datos,octubre,viernes,1,-102.444797320798,19.5524926612381
37276,37281,2021,,2021/10/22,"02:20:00",COLISIÓN CONTRA OBJETO FIJO,CONCRETO,Bueno,Bueno,1,NISSAN,ROJO,1,,58,MASCULINO,SIN DATOS,0,0,Morelia,Centro,octubre,viernes,2,-101.18927984,19.6991992449991
37277,37282,2021,,2021/10/22,13:00:00,COLISIÓN POR CORTE DE CIRCULACIÓN,ASFALTO,Bueno,Bueno,2,HONDA,GRIS,2,,36,FEMENINO,SIN DATOS,0,0,Morelia,Vistas de Altozano,octubre,viernes,13,-101.167,19.6551
37278,37283,2021,,2021/10/22,13:13:00,COLISIÓN POR CORTE DE CIRCULACIÓN,CONCRETO,Bueno,Bueno,2,ITALIKA,NEGRO/GRIS,2,,29,MASCULINO,SIN DATOS,0,0,Morelia,Jardines de Santiaguito,octubre,viernes,13,-101.20990081,19.7188385299992
37280,37285,2021,,2021/10/22,15:50:00,COLISIÓN POR CORTE DE CIRCULACIÓN,ASFALTO,Bueno,Bueno,2,NISSAN,BLANCO,2,,55,FEMENINO,SIN DATOS,0,0,Morelia,Nueva Valladolid,octubre,viernes,16,-101.214162415,19.7004326249991
37281,37286,2021,,2021/10/22,16:00:00,COLISIÓN POR ALCANCE,ASFALTO,Bueno,Bueno,2,DODGE,GRIS,2,,49,MASCULINO,SIN DATOS,0,0,Morelia,Centro,octubre,viernes,16,-101.188668077245,19.7104293072089
37282,37287,2021,,2021/10/22,21:00:00,COLISIÓN POR ALCANCE,CONCRETO,Bueno,Bueno,2,ITALIKA,NEGRO,2,,27,MASCULINO,SIN DATOS,0,0,Morelia,Felix Ireta,octubre,viernes,21,-101.188582604864,19.6860148664875
37283,37288,2021,SIN MUNERO,2021/10/22,22:00:00,COLISIÓN POR CORTE DE CIRCULACIÓN,ASFALTO,Bueno,Bueno,2,NISSAN,BLANCO,2,MINISTERIO PÚBLICO,,,SIN DATOS,0,0,Lázaro Cárdenas,Centro,octubre,viernes,22,-102.196115367115,17.953047867901
37284,37289,2021,,2021/10/23,"03:00:00",COLISIÓN POR INVASIÓN DE CARRIL,ASFALTO,Bueno,Regular,2,CHEVROLET,AZUL,2,,36,MASCULINO,SIN DATOS,0,0,Morelia,Country Club  Las Huertas,octubre,sábado,3,-101.229234383098,19.6632240100227
37285,37290,2021,MOR210722276,2021/10/23,"05:17:00",COLISIÓN CONTRA OBJETO FIJO,ASFALTO,Bueno,Bueno,1,HYUNDAI,GRIS,1,MINISTERIO PÚBLICO,27,MASCULINO,SIN DATOS,0,0,Morelia,Torreon Nuevo,octubre,sábado,5,-101.20358663,19.7462449699991
37286,37291,2021,MOR210722523,2021/10/23,"09:40:00",COLISIÓN POR CAMBIO DE CARRIL,ASFALTO,Bueno,Bueno,2,SUZUKI,ROJO,2,,24,MASCULINO,SIN DATOS,0,0,Morelia,Ciudad Industrial,octubre,sábado,10,-101.142050810158,19.7259441297318
37287,37292,2021,MOR210722686,2021/10/23,11:15:00,COLISIÓN POR CORTE DE CIRCULACIÓN,ASFALTO,Bueno,Bueno,2,ITALIKA,NEGRO/ROJO,2,,46,MASCULINO,SIN DATOS,0,0,Morelia,Primo Tapia Oriente,octubre,sábado,11,-101.160671657864,19.7148130515494
37288,37293,2021,MOR2107 23136,2021/10/23,13:30:00,COLISIÓN POR CORTE DE CIRCULACIÓN,ASFALTO,Bueno,Bueno,2,FREIGHTLINER,BLANCO,2,,45,MASCULINO,SIN DATOS,0,0,Morelia,Enrique Ramirez,octubre,sábado,14,-101.165651847052,19.7086881668769
37289,37294,2021,MOR210723112,2021/10/23,14:25:00,COLISIÓN POR CORTE DE CIRCULACIÓN,ASFALTO,Bueno,Bueno,2,NISSAN,BLANCO,2,,33,FEMENINO,SIN DATOS,0,0,Morelia,Felix Ireta,octubre,sábado,14,-101.188582604864,19.6860148664875
37290,37295,2021,,2021/10/23,14:40:00,COLISIÓN POR CORTE DE CIRCULACIÓN,ASFALTO,Bueno,Bueno,2,TOYOTA,BLANCO/GRIS,2,,,MASCULINO,SIN DATOS,0,0,Morelia,Felix Ireta,octubre,sábado,15,-101.188582604864,19.6860148664875
37292,37297,2021,MOR210723644,2021/10/23,17:55:00,COLISIÓN CONTRA OBJETO FIJO,ASFALTO,Bueno,Bueno,2,KENWORTH,BLANCO,2,,53,MASCULINO,SIN DATOS,0,0,Morelia,Centro,octubre,sábado,18,-101.198428565665,19.7035391005434
37293,37298,2021,,2021/10/23,21:10:00,COLISIÓN POR CAMBIO DE CARRIL,CONCRETO,Bueno,Bueno,2,HONDA,BLANCO,2,,,MASCULINO,SIN DATOS,0,0,Morelia,Chapultepec Oriente,octubre,sábado,21,-101.15913378,19.6947918299991
37294,37299,2021,,2021/10/23,22:10:00,COLISIÓN POR CORTE DE CIRCULACIÓN,ASFALTO,Bueno,Bueno,2,VENTO,CAFÉ,3,MINISTERIO PÚBLICO,28,MASCULINO,SIN DATOS,1,0,Morelia,Vistas de Altozano,octubre,sábado,22,-101.167,19.6551
37295,37300,2021,MOR 210724233,2021/10/23,23:30:00,COLISIÓN CONTRA OBJETO FIJO,CONCRETO,Bueno,Malo,1,VOLKSWAGEN,GRIS,1,,54,MASCULINO,SIN DATOS,0,0,Morelia,Buenavista,octubre,sábado,0,-101.159834727237,19.7065842522275
37296,37301,2021,,2021/10/24,"00:00:00",COLISIÓN POR CORTE DE CIRCULACIÓN,CONCRETO,Bueno,Bueno,2,NISSAN,GRIS,2,MINISTERIO PÚBLICO,37,FEMENINO,SIN DATOS,0,0,Morelia,Infonavit Adolfo Lopez Mateos,octubre,domingo,0,-101.227816394105,19.7012306021642
37298,37303,2021,,2021/10/24,"05:45:00",COLISIÓN CONTRA OBJETO FIJO,ASFALTO,Bueno,Bueno,2,TOYOTA,NEGRO,2,MINISTERIO PÚBLICO,0,,SIN DATOS,0,0,Morelia,Las Americas,octubre,domingo,6,-101.15527803761,19.6905832056681
37299,37304,2021,MOR210724525,2021/10/24,"05:50:00",COLISIÓN CONTRA OBJETO FIJO,ASFALTO,Bueno,Bueno,3,KENWORTH,AZUL CON LINEAS NARANJAS,0,MINISTERIO PÚBLICO,,,,0,0,Morelia,Dr Miguel Silva,octubre,domingo,6,-101.178415864706,19.7197152419591
37300,37305,2021,,2021/10/24,"06:00:00",COLISIÓN POR CORTE DE CIRCULACIÓN,ASFALTO,Bueno,Bueno,2,NISSAN,PLATA,2,MINISTERIO PÚBLICO,,,SIN DATOS,0,0,Lázaro Cárdenas,1Er Sect de Fidelac,octubre,domingo,6,-102.194213589481,17.9615756961838
37302,37307,2021,,2021/10/24,"07:40:00",COLISIÓN CONTRA OBJETO FIJO,ASFALTO,Nublado,Regular,1,NISSAN,BLANCO,1,,31,MASCULINO,SIN DATOS,0,0,Tacámbaro,Sin datos,octubre,domingo,8,-101.388024799526,19.3068922708555
37304,37309,2021,,2021/10/24,10:00:00,COLISIÓN POR CORTE DE CIRCULACIÓN,ASFALTO,Bueno,Bueno,1,TOYOTA,PLATA,1,MINISTERIO PÚBLICO,,,SIN DATOS,0,0,Lázaro Cárdenas,600 Casas,octubre,domingo,10,-102.214775495231,17.9635184113829
37305,37310,2021,,2021/10/24,10:13:00,COLISIÓN CONTRA OBJETO FIJO,ASFALTO,Bueno,Bueno,1,NISSAN,AZUL,1,MINISTERIO PÚBLICO,0,,SIN DATOS,0,0,Morelia,Enrique Arreguin Robles,octubre,domingo,10,-101.184174567461,19.7196495942886
37306,37311,2021,,2021/10/24,14:00:00,COLISIÓN POR CORTE DE CIRCULACIÓN,CONCRETO,Bueno,Bueno,2,DÍNAMO,NEGRO,2,,73,MASCULINO,SIN DATOS,0,0,Morelia,Adolfo Lopez Mateos,octubre,domingo,14,-101.226139622885,19.6981067844139
37307,37312,2021,,2021/10/24,14:40:00,COLISIÓN POR CORTE DE CIRCULACIÓN,ASFALTO,Bueno,Bueno,2,ITALIKA,ROJO CON NEGRO,2,,,MASCULINO,SIN DATOS,0,0,Morelia,Las Flores,octubre,domingo,15,-101.206263914811,19.7056150121759
37309,37314,2021,,2021/10/24,17:10:00,COLISIÓN POR ALCANCE,ASFALTO,Nublado,Bueno,2,VOLKSWAGEN,BLANCO,2,,18,MASCULINO,SIN DATOS,0,0,Morelia,Fuentes de Morelia,octubre,domingo,17,-101.203679896213,19.6707428373082
37310,37315,2021,,2021/10/24,17:15:00,COLISIÓN POR ALCANCE,CONCRETO,Bueno,Regular,2,DODGE/DAKOTA,AZUL,2,,17,MASCULINO,SIN DATOS,0,0,Morelia,La Aldea,octubre,domingo,17,-101.135046495631,19.7452984173541
37311,37316,2021,,2021/10/24,17:30:00,COLISIÓN POR CORTE DE CIRCULACIÓN,ASFALTO,Bueno,Bueno,2,JEEP GRAND CHEROKEE,AZUL,2,,41,MASCULINO,SIN DATOS,0,0,Morelia,Loma del Salto,octubre,domingo,18,-101.19991044768,19.6598374606019
37312,37317,2021,,2021/10/24,17:45:00,COLISIÓN CONTRA OBJETO FIJO,ASFALTO,Bueno,Bueno,1,VOLKSWAGEN,VERDE,1,,0,,SIN DATOS,0,0,Morelia,Tenencia Morelos,octubre,domingo,18,-101.247198798441,19.6492617633331
37313,37318,2021,,2021/10/24,21:15:00,SALIDA DE SUPERFICIE DE RODAMIENTO,ASFALTO,Lluvioso,Regular,1,NISSAN,BLANCO,1,,42,MASCULINO,SIN DATOS,0,0,Copándaro,Sin datos,octubre,domingo,21,-101.17308832705,19.8932369753186
37314,37319,2021,,2021/10/24,22:15:00,COLISIÓN POR CAMBIO DE CARRIL,ASFALTO,Bueno,Bueno,2,NISSAN,NARANJA,2,,20,MASCULINO,SIN DATOS,0,0,Morelia,Gertrudis Sanchez,octubre,domingo,22,-101.199614063584,19.7398681143999
37315,37320,2021,MOR210724252,2021/10/24,23:45:00,COLISIÓN POR CAMBIO DE CARRIL,ASFALTO,Bueno,Bueno,2,NISSAN,ROJO,2,,28,MASCULINO,SIN DATOS,0,0,Morelia,Portales de Morelia,octubre,domingo,0,-101.154137948006,19.7029747342654
37316,37321,2021,MOR210727968,2021/10/25,"00:00:00",COLISIÓN POR NO RESPETAR SEMÁFORO,ASFALTO,Bueno,Bueno,2,VELOCI,GRIS,2,,35,MASCULINO,SIN DATOS,0,0,Morelia,Jardines del Rincon,octubre,lunes,0,-101.15109488368,19.6894996362706
37317,37322,2021,MOR210726790,2021/10/25,"05:34:00",VOLCADURA,ASFALTO,Bueno,Bueno,1,NISSAN,BLANCO,1,,41,MASCULINO,SIN DATOS,0,0,Morelia,Fracc Valle de Mil Cumbres,octubre,lunes,6,-101.111141805995,19.690336
37318,37323,2021,,2021/10/25,"08:40:00",COLISIÓN POR INVASIÓN DE CARRIL,ASFALTO,Lluvioso,Regular,2,ITALIKA,BLANCO/NEGRO,4,MINISTERIO PÚBLICO,25,MASCULINO,SIN DATOS,2,0,Los Reyes,Sin datos,octubre,lunes,9,-102.345738038421,19.6411126144087
37319,37324,2021,,2021/10/25,12:00:00,CAIDA ACUATICA DE VEHÍCULO,ASFALTO,Lluvioso,Regular,1,NISSAN,GRIS,1,,44,MASCULINO,SIN DATOS,0,0,Nocupétaro,Sin datos,octubre,lunes,12,-101.307939623766,19.1805094295974
37320,37325,2021,MOR210239988,2021/10/25,14:35:00,COLISIÓN CONTRA OBJETO FIJO,ASFALTO,Nublado,Bueno,1,FORD,NEGRO,1,,17,MASCULINO,SIN DATOS,0,0,Morelia,Lomas de Las Americas Norte,octubre,lunes,15,-101.147775650024,19.6946374812427
37321,37326,2021,,2021/10/25,14:40:00,COLISIÓN POR ALCANCE,ASFALTO,Lluvioso,Bueno,2,MAZDA,BLANCA,2,,42,MASCULINO,SIN DATOS,0,0,Morelia,Las Americas,octubre,lunes,15,-101.159017153763,19.6879658010323
37322,37327,2021,,2021/10/25,15:00:00,COLISIÓN POR CAMBIO DE CARRIL,ASFALTO,Lluvioso,Regular,2,TOYOTA,URBAN KHAKI,0,MINISTERIO PÚBLICO,,,,0,0,Hidalgo,Sin datos,octubre,lunes,15,-100.591219992124,19.6996845401611
37323,37328,2021,MOR210727819,2021/10/25,15:08:00,COLISIÓN POR ALCANCE,ASFALTO,Lluvioso,Regular,2,ISUZU,ROJO CON BLANCO,2,,56,MASCULINO,SIN DATOS,0,0,Morelia,El Parian,octubre,lunes,15,-101.269916323849,19.6880710777962
37324,37329,2021,,2021/10/25,15:10:00,COLISIÓN POR ALCANCE,ASFALTO,Nublado,Regular,2,VOLKSWAGEN,GRIS,2,,34,FEMENINO,SIN DATOS,0,0,Morelia,Los Pinos de Michoacan,octubre,lunes,15,-101.216344250872,19.6830616941687
37325,37330,2021,MOR210727928,2021/10/25,15:55:00,COLISIÓN POR ALCANCE,ASFALTO,Bueno,Bueno,2,CHEVROLET,BLANCO,2,,44,MASCULINO,SIN DATOS,0,0,Morelia,Rector Diaz Rubio,octubre,lunes,16,-101.198786602102,19.6676140893099
37326,37331,2021,MOR210---,2021/10/25,15:55:00,COLISIÓN POR ALCANCE,ASFALTO,Nublado,Regular,2,PEUGEOT,BEIGE,2,MINISTERIO PÚBLICO,26,MASCULINO,SIN DATOS,0,0,Morelia,Villas de La Esperanza,octubre,lunes,16,-101.2717362561,19.6938312180697
37327,37332,2021,MOR210727931,2021/10/25,16:40:00,COLISIÓN POR MANIOBRA DE REVERSA,ASFALTO,Nublado,Bueno,2,VOLKSWAGEN,AZUL,2,,56,FEMENINO,SIN DATOS,0,0,Morelia,Chapultepec Sur,octubre,lunes,17,-101.171215809882,19.690860498106
37328,37333,2021,,2021/10/25,17:00:00,COLISIÓN POR ALCANCE,ASFALTO,Bueno,Bueno,2,DINA,ROJO,2,,43,MASCULINO,SIN DATOS,0,0,Morelia,Campestre Los Manantiales,octubre,lunes,17,-101.238336749375,19.6882340969886
37329,37334,2021,MOR210728141,2021/10/25,18:10:00,COLISIÓN POR CORTE DE CIRCULACIÓN,ASFALTO,Bueno,Bueno,2,ITALIKA,NEGRO,3,MINISTERIO PÚBLICO,26,MASCULINO,SIN DATOS,1,1,Morelia,Buenavista,octubre,lunes,18,-101.167221299626,19.7049842125661
37330,37335,2021,,2021/10/25,18:20:00,COLISIÓN POR ALCANCE,ASFALTO,Bueno,Bueno,3,TOYOTA,BLACO/GRIS,3,,31,,SIN DATOS,0,0,Morelia,Cinco de Diciembre,octubre,lunes,18,-101.165604689573,19.6843000968439
37331,37336,2021,MOR210728253,2021/10/25,18:34:00,COLISIÓN POR MANIOBRA DE REVERSA,ASFALTO,Lluvioso,Regular,2,CHEVROLET,ROJO,2,,37,MASCULINO,SIN DATOS,0,0,Morelia,Campestre Los Manantiales,octubre,lunes,19,-101.238260611213,19.6880652103464
37332,37337,2021,MOR210728433,2021/10/25,20:20:00,COLISIÓN POR CORTE DE CIRCULACIÓN,CONCRETO,Nublado,Bueno,2,MISUBISHI,BLANCO,2,,48,MASCULINO,SIN DATOS,0,0,Morelia,Felicitas del Rio,octubre,lunes,20,-101.200257123757,19.6935246012511
37333,37338,2021,MOR210728648,2021/10/25,21:20:00,COLISIÓN POR CAMBIO DE CARRIL,SIN_DATOS,Bueno,Bueno,2,MERCEDES BENZ,AMARILLO Y GUINDA,2,,55,MASCULINO,SIN DATOS,0,0,Morelia,Centro,octubre,lunes,21,-101.190542101182,19.7009467750263
37334,37339,2021,,2021/10/26,"08:00:00",COLISIÓN POR CORTE DE CIRCULACIÓN,ASFALTO,Bueno,Bueno,2,NISSAN,PLATA,1,MINISTERIO PÚBLICO,,,SIN DATOS,0,0,Hidalgo,Sin datos,octubre,martes,8,-100.591275312685,19.6996769644836
37335,37340,2021,,2021/10/26,12:00:00,COLISIÓN POR CAMBIO DE CARRIL,ASFALTO,Bueno,Bueno,2,CHEVROLET,PLATA,2,,29,MASCULINO,SIN DATOS,0,0,Morelia,Bosques Tres Marias,octubre,martes,12,-101.103892394078,19.7244020365214
37336,37341,2021,,2021/10/26,13:10:00,SUBIDA AL CAMELLÓN,ASFALTO,Bueno,Bueno,1,DODGE,ROJO,1,,51,MASCULINO,SIN DATOS,0,0,Morelia,Sin datos,octubre,martes,13,-101.325986676596,19.6856922839705
37337,37342,2021,,2021/10/26,13:30:00,COLISIÓN CONTRA OBJETO FIJO,ADOQUIN_EMPEDRADO,Bueno,Bueno,2,VOLVO,BLANCO,2,,30,MASCULINO,SIN DATOS,0,0,Morelia,Salvador Alcaraz Romero,octubre,martes,14,-101.167359799147,19.7180222811642
37338,37343,2021,,2021/10/26,14:10:00,COLISIÓN CONTRA OBJETO FIJO,ASFALTO,Bueno,Bueno,2,FORD,BLANCO,2,,33,MASCULINO,SIN DATOS,0,0,Morelia,Central de Abastos,octubre,martes,14,-101.169710755348,19.7176255500531
37339,37344,2021,LEG39725,2021/10/26,14:12:00,COLISIÓN CONTRA OBJETO FIJO,ASFALTO,Bueno,Bueno,2,JEEP,BLANCO,2,,21,FEMENINO,SIN DATOS,0,0,Morelia,Hermanos Lopez Rayon,octubre,martes,14,-101.221310391344,19.6757533966526
37340,37345,2021,,2021/10/26,15:20:00,COLISIÓN POR ALCANCE,ASFALTO,Bueno,Bueno,2,CHEVROLET,BLANCO,2,MINISTERIO PÚBLICO,32,MASCULINO,SIN DATOS,0,0,Morelia,Comision Federal de Electricidad,octubre,martes,15,-101.177006394349,19.6816518343056
37341,37346,2021,MOR210730359,2021/10/26,15:24:00,CAIDA DE MOTOCICLETA,ASFALTO,Bueno,Regular,1,ITALIKA,ARENA Y NEGRO,2,,32,MASCULINO,SIN DATOS,1,0,Morelia,Infonavit Cepamisa,octubre,martes,15,-101.214625351131,19.6948394768493
37342,37347,2021,,2021/10/26,15:30:00,COLISIÓN POR INVASIÓN DE CARRIL,CONCRETO,Bueno,Bueno,2,HONDA,ROJO Y BCO.,2,MINISTERIO PÚBLICO,,,SIN DATOS,0,0,Ario,Sin datos,octubre,martes,16,-101.672082599267,19.029981623345
37343,37348,2021,MOR210727882,2021/10/26,16:10:00,COLISIÓN POR CORTE DE CIRCULACIÓN,ASFALTO,Lluvioso,Regular,2,CHEVROLET,NEGRO,2,,38,MASCULINO,SIN DATOS,0,0,Morelia,Tlalpujahua,octubre,martes,16,-101.218327104367,19.6761518387504
37344,37349,2021,,2021/10/26,17:30:00,COLISIÓN CONTRA OBJETO FIJO,ASFALTO,Bueno,Bueno,1,FIAT,BLANCO,1,,28,MASCULINO,SIN DATOS,0,0,Morelia,Sin datos,octubre,martes,18,-101.373017870568,19.7617787982335
37345,37350,2021,,2021/10/26,17:50:00,COLISIÓN POR CORTE DE CIRCULACIÓN,ASFALTO,Bueno,Bueno,2,BKM,ROJO,2,,,MASCULINO,SIN DATOS,0,0,Morelia,Valle de Las Flores,octubre,martes,18,-101.12714671953,19.6875544168495
37346,37351,2021,LEG39728,2021/10/26,19:17:00,COLISIÓN POR ALCANCE,ASFALTO,Bueno,Regular,2,BAJAJ,NEGRO,2,,37,MASCULINO,SIN DATOS,0,0,Morelia,Mariano Michelena,octubre,martes,19,-101.229951859199,19.6769069043519
37347,37352,2021,,2021/10/26,20:00:00,SUBIDA AL CAMELLÓN,ASFALTO,Bueno,Bueno,1,NISSAN,BLANCO Y ROJO,1,MINISTERIO PÚBLICO,31,MASCULINO,SIN DATOS,0,0,Morelia,Gertrudis Bocanegra,octubre,martes,20,-101.211257929062,19.7039241376815
37348,37353,2021,MOR210728587,2021/10/26,21:40:00,COLISIÓN POR ALCANCE,CONCRETO,Bueno,Bueno,2,ITALIKA,NEGROY VERDE,2,,14,MASCULINO,SIN DATOS,0,0,Morelia,Villas Oriente,octubre,martes,22,-101.143919639289,19.7544990267587
37349,37354,2021,,2021/10/26,25:30:00,COLISIÓN POR CORTE DE CIRCULACIÓN,CONCRETO,Bueno,Bueno,2,VOLKSWAGEN,BLANCO,2,,50,MASCULINO,SIN DATOS,0,0,Morelia,Elias Perez Avalos,octubre,martes,,-101.16504032841,19.7116236490266
37350,37355,2021,MOR21073294,2021/10/27,"00:00:00",COLISIÓN POR MANIOBRA DE REVERSA,ASFALTO,Bueno,Bueno,3,NISSAN,PLATA,3,MINISTERIO PÚBLICO,20,MASCULINO,SIN DATOS,0,0,Morelia,Nueva Jacarndas,octubre,miércoles,0,-101.18858811192,19.6816357341773
37352,37357,2021,,2021/10/27,"09:10:00",COLISIÓN POR CORTE DE CIRCULACIÓN,CONCRETO,Bueno,Bueno,2,VOLKSWAGEN,GRIS,2,,,MASCULINO,SIN DATOS,0,0,Morelia,Emiliano Zapata,octubre,miércoles,9,-101.216144695,19.7161988399991
37353,37358,2021,MOR210732820,2021/10/27,"09:50:00",COLISIÓN POR CORTE DE CIRCULACIÓN,ASFALTO,Bueno,Bueno,2,DODGE,GRAFITO,2,MINISTERIO PÚBLICO,25,MASCULINO,SIN DATOS,0,0,Morelia,Loma Bonita,octubre,miércoles,10,-101.196999153628,19.7187397057517
37354,37359,2021,,2021/10/27,10:40:00,COLISIÓN CONTRA OBJETO FIJO,ASFALTO,Bueno,Regular,1,FORD,NEGRO,1,,,MASCULINO,SIN DATOS,0,0,Morelia,Nueva Chapultepec,octubre,miércoles,11,-101.166091449559,19.6862478525446
37355,37360,2021,,2021/10/27,12:00:00,COLISIÓN POR CORTE DE CIRCULACIÓN,ASFALTO,Bueno,Bueno,2,KAWAZAKI,VERDE,2,,25,MASCULINO,SIN DATOS,0,0,Morelia,Felix Ireta,octubre,miércoles,12,-101.191863150083,19.6822853630239
37356,37361,2021,,2021/10/27,15:00:00,COLISIÓN CONTRA OBJETO FIJO,ASFALTO,Bueno,Bueno,1,KENWORTH,AMARILLO,1,MINISTERIO PÚBLICO,,MASCULINO,SIN DATOS,0,0,Lázaro Cárdenas,1Er Sect de Fidelac,octubre,miércoles,15,-102.197853164241,17.9632945496567
37357,37362,2021,,2021/10/27,15:00:00,COLISIÓN CONTRA OBJETO FIJO,ASFALTO,Bueno,Bueno,1,TOYOTA,BLANCO,1,MINISTERIO PÚBLICO,54,FEMENINO,SIN DATOS,0,0,Los Reyes,Sin datos,octubre,miércoles,15,-102.447412139311,19.6545331370055
37358,37363,2021,MOR210734795,2021/10/27,18:15:00,CAIDA ACUATICA DE VEHÍCULO,ASFALTO,Bueno,Bueno,1,CHRYSLER,VINO,1,,24,MASCULINO,SIN DATOS,0,0,Morelia,San Juanito Itzicuaro,octubre,miércoles,18,-101.254296898842,19.6771944763945
37359,37364,2021,,2021/10/27,18:46:00,COLISIÓN POR ALCANCE,ASFALTO,Bueno,Bueno,2,BAJAJ,GUINDA,2,,24,MASCULINO,SIN DATOS,0,0,Morelia,Loma Real,octubre,miércoles,19,-101.194436363876,19.7312445097561
37360,37365,2021,,2021/10/27,20:26:00,COLISIÓN POR CORTE DE CIRCULACIÓN,ASFALTO,Bueno,Bueno,2,NISSAN,GRIS,2,MINISTERIO PÚBLICO,51,MASCULINO,SIN DATOS,0,0,Morelia,Sin datos,octubre,miércoles,20,-101.387801810421,19.6667743101065
37362,37367,2021,,2021/10/28,"08:25:00",SALIDA DE SUPERFICIE DE RODAMIENTO,ASFALTO,Bueno,Bueno,1,NISSAN/MARCH,AZUL,1,,58,MASCULINO,SIN DATOS,0,0,Morelia,Justo Mendoza,octubre,jueves,8,-101.230276318269,19.712793964837
37363,37368,2021,,2021/10/28,"09:15:00",COLISIÓN POR CORTE DE CIRCULACIÓN,CONCRETO,Bueno,Bueno,2,VOLKSWAGEN,BLANCO,2,,44,MASCULINO,SIN DATOS,0,0,Morelia,Ferrocarrilero,octubre,jueves,9,-101.223609235,19.6918737849991
37364,37369,2021,,2021/10/28,10:59:00,COLISIÓN POR CORTE DE CIRCULACIÓN,ASFALTO,Bueno,Bueno,2,NISSAN,BLANCO,1,,27,FEMENINO,SIN DATOS,0,0,Morelia,Leona Vicario,octubre,jueves,11,-101.2117398,19.6700868
37365,37370,2021,,2021/10/28,11:00:00,COLISIÓN POR CORTE DE CIRCULACIÓN,ASFALTO,Bueno,Bueno,2,HONDA,NEGRO,2,,25,FEMENINO,SIN DATOS,0,0,Morelia,Felix Ireta,octubre,jueves,11,-101.188582604864,19.6860148664875
37367,37372,2021,,2021/10/28,12:20:00,COLISIÓN POR ALCANCE,ASFALTO,Bueno,Bueno,4,DINA,BLANCO,4,,29,MASCULINO,SIN DATOS,0,0,Morelia,Mariano Michelena,octubre,jueves,12,-101.231337504797,19.6758071810468
37368,37373,2021,,2021/10/28,14:20:00,COLISIÓN POR CAMBIO DE CARRIL,CONCRETO,Bueno,Bueno,2,HONDA,BLANCO,2,,45,MASCULINO,SIN DATOS,0,0,Morelia,Centro,octubre,jueves,14,-101.198428565665,19.7035391005434