fid,id_accidente,anio_origen,folio_c5i,dia_incidente,hora_ocurrencia,tipo_incidente_vial,superficie_ocurrencia,condiciones_climaticas,condiciones_via,numero_vehiculos_involucrados,marca_vehiculo_ocasiona_siniestro,color_vehiculo_ocasiona_siniestro,numero_personas_involucradas,lugar_remite_presunto_responsable,edad_presunto_responsable,sexo_presunto_responsable,resultados_toxicologia,numero_personas_lesionadas,numero_personas_fallecidas,municipio,colonia,mes,dia_semana,hora_redondeada,lon,lat
37369,37374,2021,,2021/10/28,16:10:00,COLISIÓN POR ALCANCE,ASFALTO,Bueno,Bueno,4,KIA,ROJO,4,MINISTERIO PÚBLICO,20,,SIN DATOS,0,0,Morelia,Ciudad Industrial,octubre,jueves,16,-101.149630716328,19.7279208091222
37371,37376,2021,,2021/10/28,17:00:00,COLISIÓN CON PEATÓN,ASFALTO,Bueno,Regular,1,NISSAN,BLANCO,1,MINISTERIO PÚBLICO,,,,1,0,Santa Ana Maya,Sin datos,octubre,jueves,17,-100.980550159256,19.9914682771663
37372,37377,2021,,2021/10/29,"01:00:00",COLISIÓN POR CORTE DE CIRCULACIÓN,ASFALTO,Bueno,Bueno,1,FORD,NEGRO,0,MINISTERIO PÚBLICO,,,,0,0,Lázaro Cárdenas,Sin datos,octubre,viernes,1,-102.223631783642,17.9812890424808
37373,37378,2021,,2021/10/29,"07:35:00",COLISIÓN POR ALCANCE,ASFALTO,Bueno,Bueno,2,NISSAN,PLATA,2,,34,MASCULINO,SIN DATOS,0,0,Morelia,Arboledas de La Huerta,octubre,viernes,8,-101.223548145,19.6683762899991
37374,37379,2021,MOR2107639213,2021/10/29,"07:35:00",COLISIÓN POR ALCANCE,ASFALTO,Bueno,Bueno,2,NISSAN,PLATA,2,,34,MASCULINO,SIN DATOS,0,0,Morelia,Santillan La Huerta,octubre,viernes,8,-101.219553885717,19.6760966650679
37375,37380,2021,LEG39762,2021/10/29,"08:40:00",COLISIÓN POR CAMBIO DE CARRIL,ASFALTO,Bueno,Regular,2,KIA,AZUL,2,,41,FEMENINO,SIN DATOS,0,0,Morelia,Centro,octubre,viernes,9,-101.18218963,19.7028850649992
37376,37381,2021,,2021/10/29,10:40:00,COLISIÓN POR CORTE DE CIRCULACIÓN,ASFALTO,Bueno,Bueno,2,FREIGHTLINER,BLANCO,2,,56,MASCULINO,SIN DATOS,0,0,Morelia,Centro,octubre,viernes,11,-101.18218963,19.7028850649992
37377,37382,2021,MOR210739583,2021/10/29,12:20:00,COLISIÓN POR ALCANCE,ASFALTO,Bueno,Regular,2,NISSAN,ROJO,2,,23,MASCULINO,SIN DATOS,0,0,Morelia,El Lago 1,octubre,viernes,12,-101.212212704122,19.7266277208778
37378,37383,2021,MOR210739663,2021/10/29,13:35:00,VOLCADURA,ASFALTO,Bueno,Bueno,1,DODGE,BLANCO,1,,44,MASCULINO,SIN DATOS,0,0,Morelia,3 de Agosto,octubre,viernes,14,-101.169966745,19.7355678049992
37379,37384,2021,MOR210739692,2021/10/29,13:40:00,COLISIÓN POR ALCANCE,CONCRETO,Bueno,Regular,2,TOYOTA,CAFE,2,MINISTERIO PÚBLICO,21,MASCULINO,SIN DATOS,0,0,Morelia,Loma Bonita,octubre,viernes,14,-101.19655162096,19.7228040945888
37380,37385,2021,MOR210739763,2021/10/29,14:10:00,COLISIÓN POR ALCANCE,ASFALTO,Bueno,Bueno,2,NISSAN,ROJO,2,,34,FEMENINO,SIN DATOS,0,0,Morelia,Industrial,octubre,viernes,14,-101.189085515637,19.7123104021622
37381,37386,2021,MOR210739903,2021/10/29,14:48:00,COLISIÓN CONTRA OBJETO FIJO,ASFALTO,Bueno,Bueno,2,VOSLKWAGEN,AMARILLO,2,,50,FEMENINO,SIN DATOS,0,0,Morelia,Camelinas,octubre,viernes,15,-101.17075869981,19.6837967780615
37382,37387,2021,MOR210739883,2021/10/29,14:50:00,COLISIÓN POR CORTE DE CIRCULACIÓN,SIN_DATOS,Bueno,Bueno,2,S/D,MORADO/PLATA,2,,15,MASCULINO,SIN DATOS,0,0,Morelia,Centro,octubre,viernes,15,-101.19118388321,19.702768457823
37383,37388,2021,MOR210740071,2021/10/29,14:57:00,COLISIÓN POR CAMBIO DE CARRIL,ASFALTO,Bueno,Bueno,2,CHEVROLET,AZUL,2,,67,MASCULINO,SIN DATOS,0,0,Morelia,Enrique Ramirez,octubre,viernes,15,-101.165651847052,19.7086881668769
37384,37389,2021,,2021/10/29,15:00:00,COLISIÓN POR CORTE DE CIRCULACIÓN,ASFALTO,Bueno,Bueno,2,JEEP,BLANCO,1,MINISTERIO PÚBLICO,,,SIN DATOS,0,0,Lázaro Cárdenas,Centro,octubre,viernes,15,-102.200394526802,17.9586772984324
37385,37390,2021,MOR210740011,2021/10/29,15:20:00,COLISIÓN POR CORTE DE CIRCULACIÓN,CONCRETO,Bueno,Bueno,2,ITALIKA,AZUL,2,,,MASCULINO,SIN DATOS,0,0,Morelia,Chapultepec Oriente,octubre,viernes,15,-101.15913378,19.6947918299991
37386,37391,2021,,2021/10/29,15:30:00,SALIDA DE SUPERFICIE DE RODAMIENTO,ASFALTO,Bueno,Bueno,1,TOYOTA,BLANCO,0,,,,,0,0,Buenavista,Sin datos,octubre,viernes,16,-102.534976296805,19.313994234426
37387,37392,2021,,2021/10/29,16:25:00,COLISIÓN POR ALCANCE,ASFALTO,Bueno,Bueno,2,VOLKSWAGEN,ROJO,2,,21,FEMENINO,SIN DATOS,0,0,Morelia,El Realito,octubre,viernes,16,-101.203137012728,19.7271577016115
37388,37393,2021,MOR210740322,2021/10/29,17:45:00,COLISIÓN CONTRA OBJETO FIJO,CONCRETO,Bueno,Bueno,2,FORD,BLANCO,2,,57,MASCULINO,SIN DATOS,0,0,Morelia,Campestre Los Manantiales,octubre,viernes,18,-101.237450980328,19.6928546057051
37389,37394,2021,MOR210740476,2021/10/29,18:16:00,COLISIÓN POR CAMBIO DE CARRIL,ASFALTO,Bueno,Bueno,2,HINO,BLANCO,2,,31,MASCULINO,SIN DATOS,0,0,Morelia,Enrique Ramirez,octubre,viernes,18,-101.165651847052,19.7086881668769
37390,37395,2021,,2021/10/29,20:00:00,COLISIÓN POR MANIOBRA DE REVERSA,CONCRETO,Bueno,Bueno,2,VOLKSWAGEN,GRIS,2,,36,MASCULINO,SIN DATOS,0,0,Morelia,La Soledad,octubre,viernes,20,-101.185166715661,19.7274533823308
37391,37396,2021,MOR210740832,2021/10/29,21:30:00,COLISIÓN POR CAMBIO DE CARRIL,ASFALTO,Bueno,Bueno,2,BAJAJ,ROJO,2,MINISTERIO PÚBLICO,28,MASCULINO,SIN DATOS,0,0,Morelia,Alberto Oviedo Mota,octubre,viernes,22,-101.198908182011,19.681555672698
37392,37397,2021,MOR210741024,2021/10/29,21:50:00,COLISIÓN POR MANIOBRA DE REVERSA,CONCRETO,Bueno,Bueno,2,NISSAN,VERDE,2,,33,MASCULINO,SIN DATOS,0,0,Morelia,Centro,octubre,viernes,22,-101.19653442,19.6998781849992
37393,37398,2021,MOR210741035,2021/10/29,22:45:00,COLISIÓN POR ALCANCE,ASFALTO,Bueno,Bueno,2,SEAT,GRIS,2,,51,FEMENINO,SIN DATOS,0,0,Morelia,Campestre Los Manantiales,octubre,viernes,23,-101.23742943,19.6922062899992
37394,37399,2021,MOR 210741026,2021/10/29,23:00:00,SALIDA DE SUPERFICIE DE RODAMIENTO,ASFALTO,Bueno,Regular,1,NISSAN,BLANCO,1,,23,MASCULINO,SIN DATOS,0,0,Morelia,Sin datos,octubre,viernes,23,-101.355052800343,19.6783632418938
37395,37400,2021,MOR210742533,2021/10/30,"00:00:00",COLISIÓN POR ALCANCE,SIN_DATOS,Bueno,Bueno,2,TOYOTA,BLANCO/GUINDA,2,,49,MASCULINO,SIN DATOS,0,0,Morelia,Centro,octubre,sábado,0,-101.19772328,19.7019979949992
37396,37401,2021,LEG39779,2021/10/30,"04:30:00",COLISIÓN CONTRA OBJETO FIJO,ASFALTO,Bueno,Bueno,2,VOLKSWAGEN,PLATA,0,MINISTERIO PÚBLICO,,,,0,0,Morelia,Felicitas del Rio,octubre,sábado,5,-101.201762875,19.6907436099992
37397,37402,2021,LEG39780,2021/10/30,"07:10:00",COLISIÓN POR ALCANCE,ASFALTO,Bueno,Bueno,2,ISUZU,BLANCO,2,,38,MASCULINO,SIN DATOS,0,0,Morelia,Canteras de Morelia,octubre,sábado,7,-101.173168652105,19.7180886357371
37398,37403,2021,,2021/10/30,"08:30:00",COLISIÓN POR CORTE DE CIRCULACIÓN,ASFALTO,Lluvioso,Bueno,3,TOYOTA,VERDE,2,MINISTERIO PÚBLICO,36,MASCULINO,SIN DATOS,0,0,Pátzcuaro,Centro,octubre,sábado,9,-101.607253202662,19.5237007217724
37399,37404,2021,,2021/10/30,"08:50:00",COLISIÓN CONTRA OBJETO FIJO,ASFALTO,Bueno,Bueno,1,NISSAN,BLANCO,1,,26,MASCULINO,SIN DATOS,0,0,Morelia,Cañada del Bosque,octubre,sábado,9,-101.097469366718,19.7282996448773
37400,37405,2021,,2021/10/30,"09:20:00",COLISIÓN POR CORTE DE CIRCULACIÓN,CONCRETO,Bueno,Bueno,2,ITALIKA,VERDE,2,,23,MASCULINO,SIN DATOS,0,0,Morelia,Los Sauces,octubre,sábado,9,-101.18434054,19.6629919599991
37401,37406,2021,,2021/10/30,"09:40:00",VOLCADURA,ASFALTO,Bueno,Bueno,1,NISSAN,BLANCO,1,,38,MASCULINO,SIN DATOS,0,0,Tarímbaro,Sin datos,octubre,sábado,10,-101.162257231772,19.764786464466
37402,37407,2021,,2021/10/30,11:30:00,COLISIÓN POR CORTE DE CIRCULACIÓN,CONCRETO,Bueno,Bueno,2,HONDA,GRIS,2,MINISTERIO PÚBLICO,54,MASCULINO,SIN DATOS,0,0,Morelia,Vista Bella,octubre,sábado,12,-101.199565182172,19.6797662637573
37403,37408,2021,,2021/10/30,12:02:00,COLISIÓN POR NO RESPETAR SEMÁFORO,ASFALTO,Bueno,Bueno,2,NISSAN,BLANCO,2,,28,FEMENINO,SIN DATOS,0,0,Morelia,Santillan La Huerta,octubre,sábado,12,-101.219553885717,19.6760966650679
37404,37409,2021,,2021/10/30,13:40:00,COLISIÓN POR ALCANCE,ASFALTO,Bueno,Bueno,2,VOLKSWAGEN,NEGRO,2,,35,MASCULINO,SIN DATOS,0,0,Morelia,Torreon Nuevo,octubre,sábado,14,-101.20358663,19.7462449699991
37406,37411,2021,,2021/10/30,14:30:00,SALIDA DE SUPERFICIE DE RODAMIENTO,ASFALTO,Bueno,Bueno,1,NISSAN,BLANCO,1,,47,MASCULINO,SIN DATOS,0,0,Morelia,Tinijaro,octubre,sábado,15,-101.26316,19.6963297049991
37407,37412,2021,,2021/10/30,14:30:00,COLISIÓN POR INVASIÓN DE CARRIL,ASFALTO,Bueno,Bueno,2,CHEVROLET,ROJO,2,,,MASCULINO,SIN DATOS,0,0,Morelia,Primo Tapia Oriente,octubre,sábado,15,-101.164105115,19.7182365849992
37408,37413,2021,,2021/10/30,16:30:00,COLISIÓN POR INVASIÓN DE CARRIL,ASFALTO,Bueno,Regular,2,ITALIKA,VERDE CON NEGRO,0,MINISTERIO PÚBLICO,,,,0,0,Gabriel Zamora,Sin datos,octubre,sábado,17,-102.053620026204,19.1386889946231
37409,37414,2021,,2021/10/30,18:20:00,COLISIÓN POR CORTE DE CIRCULACIÓN,ASFALTO,Bueno,Bueno,2,FORD,VERDE,2,,57,MASCULINO,SIN DATOS,0,0,Morelia,Guadalupe,octubre,sábado,18,-101.225166725901,19.708191543902
37411,37416,2021,MOR210743241,2021/10/30,21:20:00,COLISIÓN POR CORTE DE CIRCULACIÓN,ASFALTO,Bueno,Bueno,2,SEAT,BLANCO,2,,24,FEMENINO,SIN DATOS,0,0,Morelia,Fuentes de Morelia,octubre,sábado,21,-101.20316769,19.6693875049992
37412,37417,2021,,2021/10/30,23:10:00,COLISIÓN POR NO RESPETAR SEMÁFORO,ASFALTO,Bueno,Bueno,2,VENTO,NEGRO/ROJO,2,MINISTERIO PÚBLICO,25,MASCULINO,SIN DATOS,0,0,Morelia,Poblado de Ocolusen,octubre,sábado,23,-101.150127649172,19.6944699261717
37413,37418,2021,,2021/10/31,"01:15:00",COLISIÓN POR CORTE DE CIRCULACIÓN,ASFALTO,Bueno,Bueno,2,FORD,GRIS,2,,22,MASCULINO,SIN DATOS,0,0,Copándaro,Sin datos,octubre,domingo,1,-101.140619150616,19.9248317196919
37414,37419,2021,,2021/10/31,"03:00:00",COLISIÓN POR CAMBIO DE CARRIL,ASFALTO,Bueno,Bueno,2,HONDA,GRIS,3,,69,MASCULINO,SIN DATOS,1,0,Morelia,Las Flores,octubre,domingo,3,-101.206263914811,19.7056150121759
37415,37420,2021,LEG39800,2021/10/31,"03:40:00",COLISIÓN CON PEATÓN,SIN_DATOS,Bueno,Bueno,1,VOLKSWAGEN,PLATA,2,,30,MASCULINO,SIN DATOS,1,0,Morelia,Nueva Chapultepec,octubre,domingo,4,-101.17081558,19.6897813199992
37416,37421,2021,,2021/10/31,"04:40:00",VOLCADURA,ASFALTO,Bueno,Bueno,1,CHEVROLET,NEGRO,2,MINISTERIO PÚBLICO,,,,2,0,Morelia,Lomas de Morelia (Dr Ignacio Chavez),octubre,domingo,5,-101.175452644618,19.7162004988672
37417,37422,2021,,2021/10/31,"05:40:00",COLISIÓN CONTRA OBJETO FIJO,ASFALTO,Bueno,Bueno,1,CHEVROLET,PLATA,1,,28,MASCULINO,SIN DATOS,0,0,Morelia,Carlos Salazar,octubre,domingo,6,-101.209658559066,19.7124165765648
37418,37423,2021,MOR210744133,2021/10/31,"06:33:00",COLISIÓN POR CORTE DE CIRCULACIÓN,ASFALTO,Bueno,Bueno,2,VOLKSWAGEN,BLANCO,3,MINISTERIO PÚBLICO,29,MASCULINO,SIN DATOS,1,0,Morelia,Santillan La Huerta,octubre,domingo,7,-101.219553885717,19.6760966650679
37419,37424,2021,M0R210745347,2021/10/31,"07:35:00",COLISIÓN POR ALCANCE,ASFALTO,Bueno,Bueno,2,NISSAN,PLATA,2,,35,MASCULINO,ALIENTO ETÍLICO,0,0,Morelia,Sentimientos de La Nacion,octubre,domingo,8,-101.235262937844,19.6811697481213
37420,37425,2021,,2021/10/31,"07:50:00",COLISIÓN POR ALCANCE,ASFALTO,Bueno,Regular,2,NISSAN,VERDE,2,,31,MASCULINO,SIN DATOS,0,0,Morelia,Lomas de Morelia (Dr Ignacio Chavez),octubre,domingo,8,-101.175452644618,19.7162004988672
37421,37426,2021,MOR210744275,2021/10/31,"08:45:00",COLISIÓN POR MANIOBRA DE REVERSA,TERRACERIA,Bueno,Bueno,2,VOLKSWAGEN,GRIS,1,,23,MASCULINO,SIN DATOS,0,0,Morelia,Pastor Manuel Sanchez Camarena,octubre,domingo,9,-101.19880316,19.7382756549991
37422,37427,2021,,2021/10/31,11:00:00,CAIDA DE MOTOCICLETA,CONCRETO,Bueno,Bueno,1,ITALIKA,AZUL,0,,,,,0,0,Morelia,Sin datos,octubre,domingo,11,-101.304225213826,19.6876863985385
37423,37428,2021,MOR210744591,2021/10/31,11:35:00,COLISIÓN POR CORTE DE CIRCULACIÓN,ASFALTO,Bueno,Bueno,2,ITALIKA,AZUL Y BLANCO,2,,53,MASCULINO,SIN DATOS,0,0,Morelia,Indeco El Vivero,octubre,domingo,12,-101.229737282478,19.6769991455792
37424,37429,2021,,2021/10/31,14:20:00,COLISIÓN POR CAMBIO DE CARRIL,ASFALTO,Bueno,Bueno,2,VOLKSWAGEN,GRIS,2,,61,MASCULINO,SIN DATOS,0,0,Morelia,Cinco de Diciembre,octubre,domingo,14,-101.165798723019,19.684460119627
37425,37430,2021,,2021/10/31,17:37:00,COLISIÓN POR CORTE DE CIRCULACIÓN,ASFALTO,Bueno,Bueno,2,FORD  F450,GRIS CON AZUL,2,,35,,SIN DATOS,0,0,Morelia,Americas Britania,octubre,domingo,18,-101.146081774315,19.6917604454174
37426,37431,2021,,2021/10/31,18:15:00,COLISIÓN POR MANIOBRA DE REVERSA,TERRACERIA,Bueno,Bueno,2,HONDA,AZUL,1,,,FEMENINO,SIN DATOS,0,0,Charo,Sin datos,octubre,domingo,18,-100.989951789379,19.650135075123
37427,37432,2021,LEG39810,2021/10/31,18:45:00,COLISIÓN POR ALCANCE,ASFALTO,Bueno,Bueno,2,CHEVROLET,BLANCO,2,,22,MASCULINO,SIN DATOS,0,0,Morelia,La Campiña,octubre,domingo,19,-101.242234669626,19.63326330528
37428,37433,2021,,2021/10/31,20:00:00,COLISIÓN POR CORTE DE CIRCULACIÓN,ASFALTO,Bueno,Bueno,2,TOYOTA,NARANJA,2,,0,,SIN DATOS,1,0,Morelia,Tinijaro,octubre,domingo,20,-101.26316,19.6963297049991
37429,37434,2021,,2021/10/31,23:00:00,COLISIÓN POR CORTE DE CIRCULACIÓN,ASFALTO,Bueno,Bueno,2,HONDA,ROJO,2,MINISTERIO PÚBLICO,21,MASCULINO,SIN DATOS,0,0,Morelia,Torreon Nuevo,octubre,domingo,23,-101.20358663,19.7462449699991
37430,37435,2021,,2021/11/01,"00:00:00",COLISIÓN POR CORTE DE CIRCULACIÓN,CONCRETO,Bueno,Bueno,2,NISSAN,BLANCO,2,,48,FEMENINO,SIN DATOS,0,0,Morelia,Cruz del Barreno,noviembre,lunes,0,-101.208372085608,19.7234504863186
37431,37436,2021,,2021/11/01,"07:15:00",COLISIÓN POR INVASIÓN DE CARRIL,ASFALTO,Bueno,Bueno,2,FORD,VERDE,4,MINISTERIO PÚBLICO,,,SIN DATOS,2,0,Tacámbaro,Sin datos,noviembre,lunes,7,-101.390421932401,19.3346228973659
37432,37437,2021,,2021/11/01,"09:00:00",COLISIÓN POR CORTE DE CIRCULACIÓN,ASFALTO,Bueno,Bueno,2,MASA,BLANCO/VERDE,2,,30,MASCULINO,SIN DATOS,0,0,Morelia,Arboledas de La Huerta,noviembre,lunes,9,-101.223548145,19.6683762899991
37433,37438,2021,,2021/11/01,10:10:00,COLISIÓN POR ALCANCE,ASFALTO,Bueno,Bueno,2,KEENWORTH,AZUL,2,,31,MASCULINO,SIN DATOS,0,0,Morelia,Centro,noviembre,lunes,10,-101.18218963,19.7028850649992
37434,37439,2021,MOR210746642,2021/11/01,11:10:00,COLISIÓN POR CAMBIO DE CARRIL,TERRACERIA,Bueno,Bueno,2,KEENWORTH,BLANCO,2,,26,MASCULINO,SIN DATOS,0,0,Morelia,Elias Perez Avalos,noviembre,lunes,11,-101.167842261493,19.7155888266244
37435,37440,2021,,2021/11/01,12:05:00,COLISIÓN POR ALCANCE,ASFALTO,Bueno,Bueno,2,BAJAJ,NEGRO,2,,27,MASCULINO,SIN DATOS,0,0,Morelia,Poblado de Ocolusen,noviembre,lunes,12,-101.154276318848,19.6950149852566
37436,37441,2021,,2021/11/01,15:10:00,COLISIÓN CONTRA OBJETO FIJO,ASFALTO,Bueno,Bueno,1,KENWORTH,MORADO,1,,46,MASCULINO,SIN DATOS,0,0,Morelia,Poblado de Ocolusen,noviembre,lunes,15,-101.153131350875,19.6928703316431
37437,37442,2021,,2021/11/01,15:10:00,COLISIÓN CONTRA OBJETO FIJO,SIN_DATOS,Bueno,Bueno,1,FREIGHTLINER,BLANCO,0,,,,,0,0,Tzitzio,Tzitzio,noviembre,lunes,15,-100.929169885136,19.5895216109655
37438,37443,2021,,2021/11/01,18:00:00,COLISIÓN POR CORTE DE CIRCULACIÓN,ASFALTO,Bueno,Bueno,2,CHEVROLET,ROJO,3,MINISTERIO PÚBLICO,39,MASCULINO,SIN DATOS,1,0,Morelia,Clara Cordova Moran,noviembre,lunes,18,-101.182902560316,19.7323474962097
37439,37444,2021,,2021/11/01,21:50:00,COLISIÓN POR CAMBIO DE CARRIL,CONCRETO,Bueno,Regular,2,ITALIKA,GRIS,2,,18,MASCULINO,SIN DATOS,0,0,Morelia,Independencia,noviembre,lunes,22,-101.177552863955,19.7049694060511
37440,37445,2021,,2021/11/02,"00:20:00",COLISIÓN POR INVASIÓN DE CARRIL,ASFALTO,Bueno,Bueno,3,YAMAHA,NEGRO,3,,22,MASCULINO,SIN DATOS,0,0,Morelia,Centro,noviembre,martes,0,-101.201579004442,19.6989491744242
37442,37447,2021,MOR210748516,2021/11/02,"08:35:00",COLISIÓN POR CAMBIO DE CARRIL,ASFALTO,Bueno,Bueno,2,CHEVROLET,BEIGE,2,,20,FEMENINO,SIN DATOS,0,0,Morelia,Nicolaitas Ilustres,noviembre,martes,9,-101.224711127579,19.7246694393302
37443,37448,2021,,2021/11/02,10:30:00,COLISIÓN POR ALCANCE,ASFALTO,Bueno,Bueno,2,VOLKSWAGEN,VERDE,2,,39,MASCULINO,SIN DATOS,0,0,Morelia,Lomas de Hidalgo,noviembre,martes,11,-101.158891425215,19.6956115574495
37444,37449,2021,,2021/11/02,11:40:00,COLISIÓN POR MANIOBRA DE REVERSA,ASFALTO,Bueno,Bueno,2,RENAULT,BLANCO,1,,38,FEMENINO,SIN DATOS,0,0,Morelia,Enrique Arreguin Robles,noviembre,martes,12,-101.181450591445,19.7223176102465
37445,37450,2021,MOR210748931,2021/11/02,12:37:00,COLISIÓN CON PEATÓN,ASFALTO,Bueno,Bueno,1,ITALIKA,GRIS CON NEGRO,2,,28,MASCULINO,SIN DATOS,1,0,Morelia,Rinconada del Valle,noviembre,martes,13,-101.218473680996,19.6786312956322
37446,37451,2021,,2021/11/02,13:40:00,COLISIÓN POR MANIOBRA DE REVERSA,ASFALTO,Bueno,Bueno,1,RENAULT,PLATA,1,,38,FEMENINO,SIN DATOS,0,0,Morelia,Enrique Arreguin Robles,noviembre,martes,14,-101.181433319367,19.7223231652828
37447,37452,2021,LEG39837,2021/11/02,14:30:00,COLISIÓN POR CORTE DE CIRCULACIÓN,ASFALTO,Bueno,Bueno,2,FORD,ROJO,2,,23,MASCULINO,SIN DATOS,0,0,Morelia,Loma Real,noviembre,martes,15,-101.198508962989,19.7291438653975
37448,37453,2021,MOR210749278,2021/11/02,14:35:00,COLISIÓN POR CORTE DE CIRCULACIÓN,ASFALTO,Bueno,Bueno,2,KIA,ROJO,2,,31,FEMENINO,SIN DATOS,0,0,Morelia,Ventura Puente,noviembre,martes,15,-101.187182954235,19.6926426896116
37449,37454,2021,MOR210749374,2021/11/02,15:50:00,COLISIÓN CON PEATÓN,ASFALTO,Bueno,Bueno,1,CHEVROLET,AZUL,2,MINISTERIO PÚBLICO,0,,SIN DATOS,1,0,Morelia,Obrera,noviembre,martes,16,-101.187318786979,19.7110457013751
37450,37455,2021,MOR210749747,2021/11/02,18:30:00,COLISIÓN POR ALCANCE,CONCRETO,Bueno,Bueno,2,CHEVROLET,BLANCO,2,,18,FEMENINO,SIN DATOS,0,0,Morelia,El Realito,noviembre,martes,19,-101.204896643758,19.7257190484088
37451,37456,2021,MOR210749771,2021/11/02,18:45:00,COLISIÓN CONTRA OBJETO FIJO,ASFALTO,Bueno,Bueno,1,CHEVROLET,AZUL,1,,0,MASCULINO,SIN DATOS,0,0,Morelia,Tinijaro,noviembre,martes,19,-101.26316,19.6963297049991
37452,37457,2021,,2021/11/02,20:05:00,COLISIÓN CONTRA OBJETO FIJO,ASFALTO,Bueno,Bueno,2,SIN DATOS,BLANCO,2,,,,SIN DATOS,0,0,Morelia,Las Americas,noviembre,martes,20,-101.157750397493,19.6913098349318
37453,37458,2021,,2021/11/02,20:50:00,COLISIÓN POR INVASIÓN DE CARRIL,ASFALTO,Bueno,Bueno,2,VOLKSWAGEN,GRIS,0,MINISTERIO PÚBLICO,,,,0,0,Irimbo,Sin datos,noviembre,martes,21,-100.490890622817,19.6968414263528
37454,37459,2021,,2021/11/02,22:23:00,SALIDA DE SUPERFICIE DE RODAMIENTO,ASFALTO,Bueno,Bueno,1,SEAT,BLANCO,0,,,,,0,0,Acuitzio,Sin datos,noviembre,martes,22,-101.296618773855,19.4250683473359
37455,37460,2021,MOR210750477,2021/11/03,"01:15:00",COLISIÓN CONTRA OBJETO FIJO,ASFALTO,Bueno,Bueno,1,VOLKSWAGEN,ROJO,1,,27,MASCULINO,SIN DATOS,0,0,Morelia,Lomas de Santa Maria,noviembre,miércoles,1,-101.185875118447,19.6753369872869
37456,37461,2021,,2021/11/03,"08:45:00",COLISIÓN POR ALCANCE,ASFALTO,Bueno,Bueno,3,CHEVROLET,ROJO,0,,,,,0,0,Copándaro,Sin datos,noviembre,miércoles,9,-101.26891787895,19.9087990521185
37457,37462,2021,,2021/11/03,10:45:00,COLISIÓN POR ALCANCE,SIN_DATOS,Bueno,Bueno,4,KENWORTH,BLANCO,5,,31,MASCULINO,SIN DATOS,1,0,Morelia,Bosques Tres Marias,noviembre,miércoles,11,-101.102628707886,19.7269507800021
37458,37463,2021,MOR210752625,2021/11/03,11:08:00,COLISIÓN CONTRA OBJETO FIJO,CONCRETO,Bueno,Bueno,1,CHEVROLET,NEGRO,1,,37,MASCULINO,ALIENTO ETÍLICO,0,0,Morelia,Morelos,noviembre,miércoles,11,-101.206179044462,19.6985765361296
37459,37464,2021,,2021/11/03,13:10:00,COLISIÓN POR CORTE DE CIRCULACIÓN,ASFALTO,Bueno,Bueno,2,ITALIKA,VERDE,2,,21,MASCULINO,SIN DATOS,0,0,Morelia,Chapultepec Norte,noviembre,miércoles,13,-101.172448955476,19.6939732671603
37460,37465,2021,,2021/11/03,14:00:00,VOLCADURA,ASFALTO,Bueno,Bueno,3,CHRIYSLER,BLANCO,3,MINISTERIO PÚBLICO,40,MASCULINO,SIN DATOS,0,0,Morelia,Jose Ma Pino Suarez,noviembre,miércoles,14,-101.160838983275,19.7207211569985
37461,37466,2021,,2021/11/03,14:10:00,COLISIÓN POR ALCANCE,CONCRETO,Bueno,Bueno,2,RENAULT,GRIS,2,,61,MASCULINO,SIN DATOS,0,0,Morelia,Chapultepec Norte,noviembre,miércoles,14,-101.170342567964,19.6944875411646
37462,37467,2021,,2021/11/03,15:33:00,COLISIÓN POR ALCANCE,ASFALTO,Bueno,Bueno,2,FORD,CAFE,2,,24,MASCULINO,SIN DATOS,0,0,Morelia,Ciudad Industrial,noviembre,miércoles,16,-101.148654408753,19.7206942439422
37463,37468,2021,,2021/11/03,16:00:00,COLISIÓN POR INVASIÓN DE CARRIL,ASFALTO,Bueno,Bueno,2,FORD,NEGRO,2,,32,MASCULINO,SIN DATOS,0,0,Morelia,Josefa Ortiz de Dominguez,noviembre,miércoles,16,-101.212805838071,19.6732874131706
37464,37469,2021,,2021/11/03,18:20:00,COLISIÓN POR ALCANCE,ASFALTO,Bueno,Bueno,7,KENWORTH,BLANCO,7,MINISTERIO PÚBLICO,,MASCULINO,SIN DATOS,0,0,Morelia,Hacienda del Valle,noviembre,miércoles,18,-101.225556328214,19.6656162232862
37465,37470,2021,,2021/11/03,18:30:00,COLISIÓN POR ALCANCE,ASFALTO,Bueno,Bueno,6,RAMBLER,PLATA,6,MINISTERIO PÚBLICO,33,MASCULINO,SIN DATOS,0,0,Morelia,Lomas de Las Americas Sur,noviembre,miércoles,19,-101.147653579023,19.6945765295409
37466,37471,2021,,2021/11/03,23:30:00,COLISIÓN POR CORTE DE CIRCULACIÓN,ASFALTO,Bueno,Bueno,1,NISSAN,ROJO,1,,,,SIN DATOS,0,0,Morelia,Sin datos,noviembre,miércoles,0,-101.148807569698,19.7577796834129
37467,37472,2021,,2021/11/04,"01:15:00",SUBIDA AL CAMELLÓN,ASFALTO,Bueno,Bueno,1,VOLKSWAGEN,ROJO,1,,42,FEMENINO,SIN DATOS,0,0,Morelia,Poblado de Ocolusen,noviembre,jueves,1,-101.150127649172,19.6944699261717