fid,id_accidente,anio_origen,folio_c5i,dia_incidente,hora_ocurrencia,tipo_incidente_vial,superficie_ocurrencia,condiciones_climaticas,condiciones_via,numero_vehiculos_involucrados,marca_vehiculo_ocasiona_siniestro,color_vehiculo_ocasiona_siniestro,numero_personas_involucradas,lugar_remite_presunto_responsable,edad_presunto_responsable,sexo_presunto_responsable,resultados_toxicologia,numero_personas_lesionadas,numero_personas_fallecidas,municipio,colonia,mes,dia_semana,hora_redondeada,lon,lat
37468,37473,2021,,2021/11/04,"08:20:00",COLISIÓN POR CORTE DE CIRCULACIÓN,ASFALTO,Bueno,Bueno,2,VENTO,NEGRO,2,,25,MASCULINO,SIN DATOS,0,0,Morelia,Margarita Maza de Juarez,noviembre,jueves,8,-101.255526905,19.6928898149991
37469,37474,2021,,2021/11/04,10:00:00,COLISIÓN POR CAMBIO DE CARRIL,ASFALTO,Bueno,Bueno,2,VOLKSWAGEN,ROJO,2,,37,MASCULINO,SIN DATOS,0,0,Morelia,Felix Ireta,noviembre,jueves,10,-101.191895641387,19.6822778152228
37470,37475,2021,,2021/11/04,10:50:00,COLISIÓN POR ALCANCE,ASFALTO,Bueno,Bueno,2,DODGE,NARANJA,2,,36,MASCULINO,SIN DATOS,0,0,Morelia,Morelos,noviembre,jueves,11,-101.206943181225,19.7013739021134
37471,37476,2021,MOR210735630,2021/11/04,14:55:00,COLISIÓN POR INVASIÓN DE CARRIL,ASFALTO,Bueno,Regular,2,NISSAN,BLANCO,2,,25,MASCULINO,SIN DATOS,0,0,Morelia,Alfonso Garcia Robles,noviembre,jueves,15,-101.182631260979,19.7188463837942
37472,37477,2021,,2021/11/04,19:20:00,COLISIÓN POR ALCANCE,ASFALTO,Bueno,Bueno,2,CHEVROLET,GRIS,2,,34,FEMENINO,SIN DATOS,0,0,Morelia,Nicolas Bravo(Los Ejidos),noviembre,jueves,19,-101.213734857738,19.7023135368411
37473,37478,2021,MOR210754243,2021/11/04,19:30:00,COLISIÓN POR CORTE DE CIRCULACIÓN,ASFALTO,Bueno,Bueno,2,VOLKSWAGEN,ROJO,2,,0,MASCULINO,SIN DATOS,0,0,Morelia,La Colina,noviembre,jueves,20,-101.216056614426,19.7121636904679
37474,37479,2021,MOR-210754600,2021/11/04,20:30:00,COLISIÓN POR ALCANCE,CONCRETO,Bueno,Bueno,2,CHEVROLET,AZUL,2,,37,MASCULINO,SIN DATOS,0,0,Morelia,Lomas de Huerta,noviembre,jueves,21,-101.213246329941,19.6736722574156
37475,37480,2021,,2021/11/04,21:10:00,COLISIÓN POR CORTE DE CIRCULACIÓN,ASFALTO,Bueno,Regular,2,RENAULT,ROJO,2,,25,MASCULINO,SIN DATOS,0,0,Peribán,Sin datos,noviembre,jueves,21,-102.44397223672,19.5515893790443
37476,37481,2021,,2021/11/05,"01:50:00",COLISIÓN CONTRA OBJETO FIJO,ASFALTO,Bueno,Bueno,1,TOYOTA,BLANCO,0,,,,,0,0,Morelia,Ventura Puente,noviembre,viernes,2,-101.193225725,19.6917077449992
37478,37483,2021,,2021/11/05,"07:15:00",COLISIÓN POR CORTE DE CIRCULACIÓN,ASFALTO,Bueno,Bueno,2,MAZDA,AZUL,2,MINISTERIO PÚBLICO,52,MASCULINO,SIN DATOS,0,0,Morelia,Lazaro Cardenas,noviembre,viernes,7,-101.162554214752,19.7093147284137
37479,37484,2021,,2021/11/05,"08:30:00",COLISIÓN POR NO RESPETAR SEMÁFORO,ASFALTO,Bueno,Bueno,2,VOLKSWAGEN,GRIS,2,,64,MASCULINO,SIN DATOS,0,0,Morelia,Camelinas,noviembre,viernes,9,-101.174,19.6806
37480,37485,2021,,2021/11/05,"08:30:00",COLISIÓN POR CORTE DE CIRCULACIÓN,ASFALTO,Bueno,Bueno,2,DODGE,GRIS,2,,33,MASCULINO,SIN DATOS,0,0,Morelia,Centro,noviembre,viernes,9,-101.19118388321,19.702768457823
37481,37486,2021,,2021/11/05,"08:40:00",COLISIÓN POR CORTE DE CIRCULACIÓN,CONCRETO,Bueno,Bueno,2,NISSAN,GRIS,2,,40,MASCULINO,SIN DATOS,0,0,Morelia,Ferrocarrilero,noviembre,viernes,9,-101.223609235,19.6918737849991
37482,37487,2021,,2021/11/05,"08:50:00",COLISIÓN POR ALCANCE,CONCRETO,Bueno,Bueno,2,MITSUBISHI,BLANCO,2,,36,MASCULINO,SIN DATOS,0,0,Morelia,Villas Oriente,noviembre,viernes,9,-101.144168047381,19.7544730091077
37483,37488,2021,,2021/11/05,"08:51:00",COLISIÓN POR MANIOBRA DE REVERSA,CONCRETO,Bueno,Bueno,2,CHRYSLER,GRAFITO,2,,31,MASCULINO,SIN DATOS,0,0,Morelia,El Realito,noviembre,viernes,9,-101.20265687,19.7280185399992
37484,37489,2021,,2021/11/05,"09:35:00",COLISIÓN POR CORTE DE CIRCULACIÓN,ASFALTO,Bueno,Bueno,2,NISSAN,BLANCO/DORADO,2,,31,MASCULINO,SIN DATOS,0,0,Morelia,Felix Ireta,noviembre,viernes,10,-101.189956172032,19.6899587382053
37485,37490,2021,,2021/11/05,"09:50:00",COLISIÓN POR NO RESPETAR SEMÁFORO,ASFALTO,Bueno,Bueno,2,FREIGHTLINER,BLANCO/VERDE,2,,65,MASCULINO,SIN DATOS,0,0,Morelia,Poblado de Ocolusen,noviembre,viernes,10,-101.150127649172,19.6944699261717
37488,37493,2021,,2021/11/05,13:40:00,COLISIÓN POR ALCANCE,ASFALTO,Bueno,Bueno,2,CHEVROLET,BLANCO/ROJO,2,,21,MASCULINO,SIN DATOS,0,0,Morelia,Ignacio Lopez Rayon,noviembre,viernes,14,-101.250591165,19.6897065849991
37489,37494,2021,,2021/11/05,14:40:00,COLISIÓN POR ALCANCE,CONCRETO,Bueno,Bueno,2,FORD,ROJO,2,,,MASCULINO,SIN DATOS,0,0,Morelia,Ejidal San Isidro,noviembre,viernes,15,-101.279508614475,19.6906503850057
37490,37495,2021,,2021/11/05,15:00:00,COLISIÓN POR ALCANCE,CONCRETO,Bueno,Bueno,2,NISSAN,BLANCO/ROJO,2,MINISTERIO PÚBLICO,34,MASCULINO,SIN DATOS,0,0,Morelia,Villas del Pedregal,noviembre,viernes,15,-101.302209,19.685042
37491,37496,2021,,2021/11/05,15:30:00,COLISIÓN POR CORTE DE CIRCULACIÓN,ASFALTO,Bueno,Bueno,2,CHEVROLET,VERDE,2,,31,MASCULINO,SIN DATOS,0,0,Morelia,Centro,noviembre,viernes,16,-101.18218963,19.7028850649992
37492,37497,2021,MOR210753775,2021/11/05,15:31:00,COLISIÓN POR CAMBIO DE CARRIL,ASFALTO,Bueno,Bueno,2,INTERNATIONAL,AMARILLO CON CAFE,2,,55,MASCULINO,SIN DATOS,0,0,Morelia,Isaac Arriaga,noviembre,viernes,16,-101.17037734525,19.7086876636477
37493,37498,2021,,2021/11/05,16:10:00,COLISIÓN POR ALCANCE,ASFALTO,Bueno,Bueno,2,NISSAN,ARENA,2,,31,MASCULINO,SIN DATOS,0,0,Morelia,Sin datos,noviembre,viernes,16,-101.310772500058,19.6159331438503
37494,37499,2021,,2021/11/05,18:01:00,COLISIÓN POR CAMBIO DE CARRIL,CONCRETO,Bueno,Bueno,3,VOLKSWAGEN,BLANCO,0,,,,,0,0,Morelia,El Realito,noviembre,viernes,18,-101.20186931,19.7264344999992
37495,37500,2021,LEG39900,2021/11/05,19:20:00,COLISIÓN POR CAMBIO DE CARRIL,ASFALTO,Bueno,Regular,2,KEENWORTH,BLANCO,2,,44,MASCULINO,SIN DATOS,0,0,Morelia,Dr Miguel Silva,noviembre,viernes,19,-101.187927793444,19.7204887484457
37496,37501,2021,MOR210754256,2021/11/05,19:42:00,COLISIÓN CONTRA OBJETO FIJO,ASFALTO,Bueno,Bueno,1,VOLKSWAGEN,ROJO,0,,,,,0,0,Morelia,Rafael Carrillo,noviembre,viernes,20,-101.23340218582,19.7120222601092
37498,37503,2021,,2021/11/05,20:30:00,VOLCADURA,ASFALTO,Bueno,Bueno,1,VOLKSWAGEN,NEGRO,0,MINISTERIO PÚBLICO,,,,0,0,Hidalgo,Centro,noviembre,viernes,21,-100.553271,19.691029
37499,37504,2021,,2021/11/05,20:35:00,COLISIÓN POR ALCANCE,ASFALTO,Bueno,Bueno,2,MITSUBISHI,GRIS,2,,28,MASCULINO,SIN DATOS,0,0,Morelia,Chapultepec Oriente,noviembre,viernes,21,-101.15913378,19.6947918299991
37500,37505,2021,MOR210754393,2021/11/05,20:48:00,COLISIÓN POR ALCANCE,ASFALTO,Bueno,Bueno,4,JAGUAR,NEGRO,5,MINISTERIO PÚBLICO,38,MASCULINO,SIN DATOS,1,0,Morelia,Defensores De Puebla,noviembre,viernes,21,-101.237630553,19.7132539883326
37501,37506,2021,,2021/11/05,21:00:00,COLISIÓN POR CAMBIO DE CARRIL,CONCRETO,Bueno,Bueno,2,NISSAN,ROJO,2,,51,FEMENINO,SIN DATOS,0,0,Morelia,Camelinas,noviembre,viernes,21,-101.17075869981,19.6837967780615
37502,37507,2021,,2021/11/05,22:40:00,COLISIÓN POR CAMBIO DE CARRIL,SIN_DATOS,Bueno,Bueno,2,CHEVROLET,BLANCO,2,,34,MASCULINO,SIN DATOS,0,0,Morelia,Nueva Jacarndas,noviembre,viernes,23,-101.189284802643,19.6800889145249
37503,37508,2021,,2021/11/05,22:50:00,COLISIÓN POR ALCANCE,ASFALTO,Bueno,Bueno,2,NISSAN,GRIS,2,,28,MASCULINO,SIN DATOS,0,0,Morelia,Nueva Valladolid,noviembre,viernes,23,-101.21281435,19.7007192549992
37504,37509,2021,MOR210754670,2021/11/05,23:15:00,COLISIÓN POR CORTE DE CIRCULACIÓN,ASFALTO,Bueno,Bueno,2,TOYOTA,BLANCO,2,,0,FEMENINO,SIN DATOS,0,0,Morelia,Balcones de Morelia,noviembre,viernes,23,-101.200649701059,19.6747636441481
37506,37511,2021,,2021/11/06,"02:00:00",COLISIÓN CONTRA OBJETO FIJO,CONCRETO,Bueno,Bueno,1,FORD,BLANCO,0,,,,,0,0,Morelia,Poblado de Ocolusen,noviembre,sábado,2,-101.150127649172,19.6944699261717
37507,37512,2021,,2021/11/06,"03:20:00",COLISIÓN POR ALCANCE,ASFALTO,Bueno,Bueno,2,CHEVROLET,NEGRO,2,MINISTERIO PÚBLICO,39,MASCULINO,SIN DATOS,0,0,Morelia,Carlos Salazar,noviembre,sábado,3,-101.209658559066,19.7124165765648
37508,37513,2021,,2021/11/06,"04:20:00",COLISIÓN CONTRA OBJETO FIJO,CONCRETO,Bueno,Bueno,1,NISSAN,GRIS,0,MINISTERIO PÚBLICO,,,,0,0,Morelia,Villas del Pedregal,noviembre,sábado,4,-101.302209,19.685042
37509,37514,2021,,2021/11/06,"05:40:00",COLISIÓN CONTRA OBJETO FIJO,CONCRETO,Bueno,Bueno,3,AUDI,GRIS,3,,28,MASCULINO,SIN DATOS,0,0,Morelia,La Calera,noviembre,sábado,6,-101.2389215,19.6726405
37510,37515,2021,MOR210757215,2021/11/06,"06:39:00",COLISIÓN CONTRA OBJETO FIJO,ASFALTO,Bueno,Bueno,2,VOLKSWAGEN,AZUL,2,,38,MASCULINO,ALIENTO ETÍLICO,1,0,Morelia,La Loma,noviembre,sábado,7,-101.186187,19.6783885
37511,37516,2021,,2021/11/06,"09:00:00",COLISIÓN CONTRA OBJETO FIJO,ASFALTO,Bueno,Bueno,1,FREIGHTLINER,BLANCO,0,MINISTERIO PÚBLICO,,,,0,0,Gabriel Zamora,Rivera,noviembre,sábado,9,-102.052667811513,19.1640094916374
37512,37517,2021,,2021/11/06,12:35:00,COLISIÓN CONTRA OBJETO FIJO,ASFALTO,Bueno,Bueno,1,CHEVROLET,NEGRO,1,,21,MASCULINO,SIN DATOS,0,0,Morelia,La Floresta,noviembre,sábado,13,-101.204400720377,19.6659776131012
37514,37519,2021,,2021/11/06,13:50:00,COLISIÓN POR CORTE DE CIRCULACIÓN,ASFALTO,Bueno,Bueno,2,DODGE,AZUL,2,,35,MASCULINO,SIN DATOS,0,0,Morelia,Eduardo Ruiz,noviembre,sábado,14,-101.221859682349,19.7216992118204
37516,37521,2021,MOR210758822,2021/11/06,20:45:00,COLISIÓN POR CORTE DE CIRCULACIÓN,ASFALTO,Bueno,Bueno,2,ITALIKA,AZUL,2,,18,MASCULINO,SIN DATOS,0,0,Morelia,Centro,noviembre,sábado,21,-101.18218963,19.7028850649992
37518,37523,2021,,2021/11/06,21:30:00,COLISIÓN POR CAMBIO DE CARRIL,ASFALTO,Bueno,Bueno,2,VOLVO,BLANCO,1,,36,MASCULINO,SIN DATOS,0,0,Acuitzio,Sin datos,noviembre,sábado,22,-101.310983008948,19.4496762828651
37519,37524,2021,MOR210758973,2021/11/06,22:10:00,COLISIÓN POR CORTE DE CIRCULACIÓN,CONCRETO,Bueno,Bueno,2,ITALIKA,GRIS,3,MINISTERIO PÚBLICO,23,MASCULINO,SIN DATOS,1,0,Morelia,Agustin Arriaga Rivera,noviembre,sábado,22,-101.217467135,19.6925827499991
37521,37526,2021,,2021/11/07,"00:00:00",COLISIÓN POR CORTE DE CIRCULACIÓN,ASFALTO,Bueno,Bueno,2,PONTIAC,ARENA,1,,50,MASCULINO,SIN DATOS,0,0,Madero,Sin datos,noviembre,domingo,0,-101.214369,19.419628
37522,37527,2021,,2021/11/07,"01:56:00",COLISIÓN CONTRA OBJETO FIJO,ASFALTO,Bueno,Bueno,1,BAJAJ,NEGRO,0,MINISTERIO PÚBLICO,,,,0,0,Pátzcuaro,Revolucion,noviembre,domingo,2,-101.611918478526,19.5347107238023
37523,37528,2021,MOR210759245,2021/11/07,"02:00:00",COLISIÓN CONTRA OBJETO FIJO,SIN_DATOS,Bueno,Bueno,1,NISSAN,ROJO,0,,,,,0,0,Morelia,Ventura Puente,noviembre,domingo,2,-101.179703416465,19.690853208993
37524,37529,2021,MOR210759294,2021/11/07,"02:50:00",COLISIÓN POR CORTE DE CIRCULACIÓN,ASFALTO,Bueno,Bueno,1,NISSAN,PLATA,1,,0,MASCULINO,SIN DATOS,0,0,Morelia,Prados Verdes,noviembre,domingo,3,-101.19377628,19.7139633849992
37526,37531,2021,,2021/11/07,"05:50:00",COLISIÓN CONTRA OBJETO FIJO,CONCRETO,Bueno,Bueno,1,NISSAN,BLANCO/ROJO,1,,,MASCULINO,SIN DATOS,0,0,Morelia,Loma Larga Etapa Ii,noviembre,domingo,6,-101.206636055,19.6550998249991
37527,37532,2021,,2021/11/07,"06:00:00",COLISIÓN POR CORTE DE CIRCULACIÓN,ASFALTO,Bueno,Bueno,2,FORD,AZUL,1,MINISTERIO PÚBLICO,,,SIN DATOS,0,0,Lázaro Cárdenas,Segundo Sector de Fidelac,noviembre,domingo,6,-102.209919325329,17.9619601295619
37528,37533,2021,,2021/11/07,"06:30:00",COLISIÓN POR INVASIÓN DE CARRIL,CONCRETO,Bueno,Bueno,1,CHEVROLET,PLATA,1,,38,MASCULINO,SIN DATOS,0,0,Morelia,Centro,noviembre,domingo,7,-101.198428565665,19.7035391005434
37529,37534,2021,MOR210759401,2021/11/07,"06:30:00",COLISIÓN POR INVASIÓN DE CARRIL,CONCRETO,Bueno,Bueno,2,CHEVROLET,GRIS,2,,38,MASCULINO,SIN DATOS,0,0,Morelia,Centro,noviembre,domingo,7,-101.198428565665,19.7035391005434
37530,37535,2021,,2021/11/07,10:20:00,COLISIÓN POR CORTE DE CIRCULACIÓN,ASFALTO,Bueno,Bueno,2,FORD    ECOSPORT,AZUL,2,,41,FEMENINO,SIN DATOS,0,0,Morelia,Fuentes de Morelia,noviembre,domingo,10,-101.20316769,19.6693875049992
37531,37536,2021,MOR210759158,2021/11/07,12:05:00,COLISIÓN POR CORTE DE CIRCULACIÓN,ASFALTO,Bueno,Bueno,2,NISSAN,BLANCO/VERDE/ORO,2,,31,MASCULINO,SIN DATOS,0,0,Morelia,Loma Bonita,noviembre,domingo,12,-101.196428232814,19.7230021138869
37532,37537,2021,,2021/11/07,14:45:00,COLISIÓN POR CORTE DE CIRCULACIÓN,CONCRETO,Bueno,Bueno,2,NISSAN VERSA,ROJO,2,,37,FEMENINO,SIN DATOS,0,0,Morelia,Vicente Lombardo Toledano (Ejidal Isacc Arriaga) (Etnias de Mexico),noviembre,domingo,15,-101.148963285,19.7114250249991
37534,37539,2021,,2021/11/07,16:20:00,COLISIÓN CONTRA OBJETO FIJO,TERRACERIA,Bueno,Bueno,2,NISSAN,GUINDA,2,,40,MASCULINO,SIN DATOS,0,0,Morelia,Vicente Lombardo Toledano (Ejidal Isacc Arriaga) (Etnias de Mexico),noviembre,domingo,16,-101.14147905,19.7136913849992
37535,37540,2021,,2021/11/07,19:43:00,COLISIÓN CON PEATÓN,ASFALTO,Bueno,Regular,1,NISSAN,NEGRO,1,,49,MASCULINO,CON CERTIFICADO,0,0,Los Reyes,Santa Rosa,noviembre,domingo,20,-102.466062239635,19.5945305410733
37536,37541,2021,,2021/11/07,21:10:00,COLISIÓN POR CORTE DE CIRCULACIÓN,ASFALTO,Bueno,Bueno,2,SEAT,ROJO,2,MINISTERIO PÚBLICO,30,MASCULINO,SIN DATOS,0,0,Morelia,Centro,noviembre,domingo,21,-101.181046821614,19.7028893052081
37537,37542,2021,,2021/11/07,21:40:00,COLISIÓN POR CORTE DE CIRCULACIÓN,ASFALTO,Bueno,Bueno,2,YAMAHA,NEGRO / GRIS,2,,29,MASCULINO,SIN DATOS,0,0,Morelia,La Colina,noviembre,domingo,22,-101.215724765043,19.709174233954
37538,37543,2021,,2021/11/07,23:20:00,COLISIÓN POR CORTE DE CIRCULACIÓN,ASFALTO,Bueno,Bueno,2,FORD,ROJO,2,,25,MASCULINO,SIN DATOS,0,0,Morelia,Independencia,noviembre,domingo,23,-101.177831234583,19.719281329914
37539,37544,2021,MOR210761284,2021/11/08,"00:49:00",COLISIÓN CONTRA OBJETO FIJO,ASFALTO,Bueno,Bueno,1,NISSAN,TURQUESA,1,,38,MASCULINO,SIN DATOS,0,0,Morelia,Nueva Valladolid,noviembre,lunes,1,-101.211483945359,19.6992598320994
37540,37545,2021,,2021/11/08,"03:30:00",COLISIÓN CONTRA OBJETO FIJO,CONCRETO,Bueno,Bueno,2,JEEP,GRIS,2,,37,MASCULINO,SIN DATOS,0,0,Morelia,Buenavista,noviembre,lunes,4,-101.16542532938,19.7062482640997
37541,37546,2021,MOR210761,2021/11/08,"07:45:00",COLISIÓN POR ALCANCE,ASFALTO,Bueno,Bueno,3,CHEVROLET,GRIS,3,,29,MASCULINO,SIN DATOS,0,0,Morelia,Tinijaro,noviembre,lunes,8,-101.259461797096,19.6969111582413
37542,37547,2021,,2021/11/08,"08:20:00",COLISIÓN CONTRA OBJETO FIJO,ASFALTO,Bueno,Bueno,1,CHEVROLET,NEGRO,0,,,,,0,0,Morelia,Chapultepec Oriente,noviembre,lunes,8,-101.163260408424,19.6948739127857
37543,37548,2021,LEG39952,2021/11/08,"08:30:00",COLISIÓN POR CORTE DE CIRCULACIÓN,CONCRETO,Bueno,Bueno,2,ITALIKA,ROJO NEGRO,2,,23,MASCULINO,SIN DATOS,0,0,Morelia,Mariano Escobedo,noviembre,lunes,9,-101.213435425676,19.7215935340584
37544,37549,2021,MOR210761592,2021/11/08,"09:00:00",COLISIÓN POR ALCANCE,ASFALTO,Bueno,Bueno,2,VOLKSWAGEN,BLANCO,2,,26,MASCULINO,SIN DATOS,0,0,Morelia,Los Manantiales de Morelia,noviembre,lunes,9,-101.240232705392,19.6927356280069
37545,37550,2021,MOR 210761984,2021/11/08,"09:10:00",SALIDA DE SUPERFICIE DE RODAMIENTO,ASFALTO,Bueno,Malo,2,S/D,S/D,1,,63,MASCULINO,SIN DATOS,0,0,Morelia,Lomas de Las Americas Sur,noviembre,lunes,9,-101.14766763015,19.6945787678815
37546,37551,2021,MOR2107651869,2021/11/08,10:35:00,COLISIÓN POR CORTE DE CIRCULACIÓN,ASFALTO,Bueno,Bueno,2,NISSAN,BLANCO,2,,38,MASCULINO,SIN DATOS,0,0,Morelia,Prados Verdes,noviembre,lunes,11,-101.201406480238,19.7149210268122
37547,37552,2021,,2021/11/08,13:00:00,COLISIÓN POR CORTE DE CIRCULACIÓN,ASFALTO,Bueno,Bueno,2,GENERAL MOTORS,NEGRO,1,,19,MASCULINO,SIN DATOS,0,0,Morelia,Granjas del Maestro,noviembre,lunes,13,-101.188571683384,19.713296190558
37548,37553,2021,,2021/11/08,14:30:00,COLISIÓN POR ALCANCE,CONCRETO,Bueno,Bueno,3,ISUZU,BLANCO,3,,55,MASCULINO,SIN DATOS,0,0,Morelia,Isaac Arriaga,noviembre,lunes,15,-101.166255399585,19.710152808034
37549,37554,2021,,2021/11/08,15:40:00,COLISIÓN CONTRA OBJETO FIJO,ASFALTO,Bueno,Regular,1,INTERNATIONAL,BLANCO,1,,24,MASCULINO,SIN DATOS,0,0,Los Reyes,Emiliano Zapata,noviembre,lunes,16,-102.471199035645,19.581493290114
37550,37555,2021,MOR210762522,2021/11/08,16:05:00,COLISIÓN POR INVASIÓN DE CARRIL,CONCRETO,Bueno,Bueno,2,FORD,ROJO,2,,33,FEMENINO,SIN DATOS,0,0,Morelia,El Porvenir,noviembre,lunes,16,-101.201650530768,19.7122634290734
37551,37556,2021,MOR 210762720,2021/11/08,16:30:00,COLISIÓN POR CAMBIO DE CARRIL,ASFALTO,Bueno,Regular,2,ITALIKA,BLANCO Y ROJO,2,,22,MASCULINO,SIN DATOS,0,0,Morelia,Indeco Santiaguito,noviembre,lunes,17,-101.1778726869,19.7196489917539
37552,37557,2021,MOR210762734,2021/11/08,16:58:00,COLISIÓN POR ALCANCE,ASFALTO,Bueno,Bueno,2,VOLKSWAGEN,NEGRO,2,,34,MASCULINO,SIN DATOS,0,0,Morelia,Felix Ireta,noviembre,lunes,17,-101.187020025469,19.6812700800225
37553,37558,2021,MOR210762809,2021/11/08,18:00:00,COLISIÓN CON PEATÓN,ASFALTO,Bueno,Bueno,1,MAZDA 3,ROJO,2,,28,MASCULINO,SIN DATOS,1,0,Morelia,Centro,noviembre,lunes,18,-101.200179278172,19.7030203286203
37554,37559,2021,,2021/11/08,18:20:00,COLISIÓN POR CORTE DE CIRCULACIÓN,ASFALTO,Bueno,Bueno,1,ITALIKA,ROJO,1,,0,,SIN DATOS,0,0,Morelia,Colinas del Sol,noviembre,lunes,18,-101.136113770984,19.7292733454068
37555,37560,2021,MOR210763056,2021/11/08,19:45:00,COLISIÓN POR CORTE DE CIRCULACIÓN,ASFALTO,Bueno,Bueno,2,ITALIKA,AZUL,2,MINISTERIO PÚBLICO,19,MASCULINO,SIN DATOS,0,0,Morelia,Los Pinos de Michoacan,noviembre,lunes,20,-101.214057423853,19.6878120378875
37556,37561,2021,,2021/11/08,20:00:00,COLISIÓN CON PEATÓN,SIN_DATOS,Bueno,Bueno,2,NISSAN,NEGRO,2,,34,MASCULINO,SIN DATOS,0,0,Morelia,Lomas de Morelia (Dr Ignacio Chavez),noviembre,lunes,20,-101.174602098763,19.716806491031
37558,37563,2021,,2021/11/09,10:10:00,COLISIÓN POR CORTE DE CIRCULACIÓN,ASFALTO,Bueno,Bueno,2,FORD,BLANCO,4,MINISTERIO PÚBLICO,32,MASCULINO,SIN DATOS,2,0,Morelia,Sin datos,noviembre,martes,10,-101.106891103767,19.7365432220876
37559,37564,2021,,2021/11/09,11:00:00,SALIDA DE SUPERFICIE DE RODAMIENTO,ASFALTO,Bueno,Regular,1,VW,GRIS,0,,,,,0,0,Peribán,Sin datos,noviembre,martes,11,-102.456810692092,19.5494668809693
37561,37566,2021,,2021/11/09,13:40:00,COLISIÓN POR ALCANCE,ASFALTO,Bueno,Bueno,2,NISSAN,ROJO,2,,23,MASCULINO,SIN DATOS,0,0,Morelia,Canteras de Morelia,noviembre,martes,14,-101.173168652105,19.7180886357371
37563,37568,2021,,2021/11/09,14:20:00,SALIDA DE SUPERFICIE DE RODAMIENTO,TERRACERIA,Bueno,Bueno,1,FORD,GUINDA,1,,,,SIN DATOS,0,0,Morelia,Vicente Lombardo Toledano (Ejidal Isacc Arriaga) (Etnias de Mexico),noviembre,martes,14,-101.1441236,19.7129449399992
37564,37569,2021,,2021/11/09,16:13:00,COLISIÓN POR CAMBIO DE CARRIL,ASFALTO,Bueno,Bueno,2,FREIGHTLINER,BLANCO,2,,,MASCULINO,SIN DATOS,0,0,Morelia,Isaac Arriaga,noviembre,martes,16,-101.173878539064,19.7098514781792
37565,37570,2021,,2021/11/09,17:35:00,COLISIÓN POR INVASIÓN DE CARRIL,ASFALTO,Bueno,Bueno,2,FORD,GRIS,2,,,,SIN DATOS,0,0,Morelia,Villas de Sur 11,noviembre,martes,18,-101.19648048146,19.648982580417
37566,37571,2021,,2021/11/09,17:45:00,COLISIÓN POR CORTE DE CIRCULACIÓN,ADOQUIN_EMPEDRADO,Bueno,Regular,2,NISSAN,ARENA,2,MINISTERIO PÚBLICO,0,MASCULINO,SIN DATOS,0,0,Pátzcuaro,El Calvario,noviembre,martes,18,-101.618554720827,19.5136263926729
37567,37572,2021,,2021/11/09,18:21:00,SALIDA DE SUPERFICIE DE RODAMIENTO,SIN_DATOS,Bueno,Regular,1,NISSAN,BLANCO,1,,24,MASCULINO,SIN DATOS,0,0,Huandacareo,Sin datos,noviembre,martes,18,-101.228032342411,19.9625694851218
37568,37573,2021,,2021/11/09,21:19:00,VOLCADURA,ASFALTO,Bueno,Regular,1,VOLKSWAGEN,PLATA,1,,36,FEMENINO,SIN DATOS,0,0,Charo,Sin datos,noviembre,martes,21,-100.978263,19.649083
37569,37574,2021,MOR210763412,2021/11/09,23:45:00,COLISIÓN POR CORTE DE CIRCULACIÓN,ASFALTO,Bueno,Bueno,2,KENWORTH,AZUL Y GRIS,2,,41,MASCULINO,SIN DATOS,0,0,Morelia,Nueva Valladolid,noviembre,martes,0,-101.211483945359,19.6992598320994
37570,37575,2021,MOR210765907,2021/11/10,"08:40:00",COLISIÓN POR CAMBIO DE CARRIL,ASFALTO,Bueno,Bueno,2,CHEVROLET,GRIS,2,,29,FEMENINO,SIN DATOS,0,0,Morelia,Sentimientos de La Nacion,noviembre,miércoles,9,-101.235631162463,19.68200265024
37571,37576,2021,MOR210766087,2021/11/10,10:15:00,COLISIÓN POR CORTE DE CIRCULACIÓN,ASFALTO,Bueno,Bueno,2,HONDA,BLANCO,2,,22,MASCULINO,SIN DATOS,0,0,Morelia,Agustin Arriaga Rivera,noviembre,miércoles,10,-101.225791722536,19.6901227741721
37572,37577,2021,,2021/11/10,12:40:00,COLISIÓN CON PEATÓN,SIN_DATOS,Bueno,Bueno,2,ITALIKA,ROJO,2,,21,MASCULINO,SIN DATOS,0,0,Morelia,Loma Dorada,noviembre,miércoles,13,-101.25458564,19.6983099349992
37573,37578,2021,MOR210767419,2021/11/10,13:00:00,COLISIÓN POR ALCANCE,ASFALTO,Bueno,Bueno,2,JAC,BLANCO,2,,,FEMENINO,SIN DATOS,0,0,Morelia,Country Club  Las Huertas,noviembre,miércoles,13,-101.226259402263,19.6626250606526
37574,37579,2021,MOR210766904,2021/11/10,15:00:00,COLISIÓN POR ALCANCE,ASFALTO,Bueno,Bueno,2,HONDA,AZUL,2,,50,FEMENINO,SIN DATOS,0,0,Morelia,Felix Ireta,noviembre,miércoles,15,-101.187994033098,19.6814863846024
37575,37580,2021,,2021/11/10,15:31:00,COLISIÓN POR ALCANCE,ASFALTO,Bueno,Bueno,2,CHEVROLET,NEGRO,2,MINISTERIO PÚBLICO,20,MASCULINO,SIN DATOS,0,0,Pátzcuaro,Vuelta de Los Reyes,noviembre,miércoles,16,-101.604982011698,19.505011813216
37576,37581,2021,,2021/11/10,16:40:00,COLISIÓN POR CORTE DE CIRCULACIÓN,ASFALTO,Bueno,Bueno,2,CHEVROLET,AZUL,2,,68,FEMENINO,SIN DATOS,0,0,Morelia,Chapultepec Norte,noviembre,miércoles,17,-101.172409027147,19.6939771699054