fid,id_accidente,anio_origen,folio_c5i,dia_incidente,hora_ocurrencia,tipo_incidente_vial,superficie_ocurrencia,condiciones_climaticas,condiciones_via,numero_vehiculos_involucrados,marca_vehiculo_ocasiona_siniestro,color_vehiculo_ocasiona_siniestro,numero_personas_involucradas,lugar_remite_presunto_responsable,edad_presunto_responsable,sexo_presunto_responsable,resultados_toxicologia,numero_personas_lesionadas,numero_personas_fallecidas,municipio,colonia,mes,dia_semana,hora_redondeada,lon,lat
37577,37582,2021,,2021/11/10,21:00:00,COLISIÓN POR ALCANCE,ASFALTO,Bueno,Bueno,1,FORD,GRIS,2,,55,FEMENINO,SIN DATOS,0,0,Morelia,Montaña Monarca,noviembre,miércoles,21,-101.16546277634,19.6716915438572
37578,37583,2021,MOR210767603,2021/11/10,21:38:00,COLISIÓN POR ALCANCE,ASFALTO,Bueno,Bueno,3,NISSAN,GRIS,3,MINISTERIO PÚBLICO,32,MASCULINO,SIN DATOS,0,0,Morelia,Josefa Ortiz de Dominguez,noviembre,miércoles,22,-101.209147945046,19.6720495280811
37581,37586,2021,,2021/11/11,16:57:00,COLISIÓN POR CORTE DE CIRCULACIÓN,ASFALTO,Bueno,Bueno,1,NISSAN,BLANCO,1,,29,MASCULINO,SIN DATOS,0,0,Morelia,Jose Ma Pino Suarez,noviembre,jueves,17,-101.163697882808,19.7242249536433
37582,37587,2021,,2021/11/11,17:30:00,COLISIÓN CON PEATÓN,ASFALTO,Bueno,Bueno,1,SEAT,ROJO,2,MINISTERIO PÚBLICO,39,MASCULINO,SIN DATOS,1,0,Morelia,Ventura Puente,noviembre,jueves,18,-101.191868148744,19.6941955521885
37583,37588,2021,,2021/11/11,17:42:00,COLISIÓN POR CORTE DE CIRCULACIÓN,ASFALTO,Bueno,Bueno,2,NISSAN,BLANCO,2,,58,MASCULINO,SIN DATOS,0,0,Tarímbaro,Sin datos,noviembre,jueves,18,-101.130375824869,19.7766023654701
37584,37589,2021,,2021/11/11,18:35:00,COLISIÓN POR INVASIÓN DE CARRIL,TERRACERIA,Nublado,Regular,2,FORD,NEGRO,3,MINISTERIO PÚBLICO,,,SIN DATOS,1,0,Tacámbaro,Sin datos,noviembre,jueves,19,-101.505432829939,19.2194907348073
37585,37590,2021,MOR210769478,2021/11/11,19:30:00,COLISIÓN POR ALCANCE,ASFALTO,Bueno,Bueno,2,NISSAN,BLANCO,2,,,MASCULINO,SIN DATOS,0,0,Morelia,Centro,noviembre,jueves,20,-101.18754847,19.7028479949991
37586,37591,2021,,2021/11/12,"02:00:00",COLISIÓN POR ALCANCE,ASFALTO,Bueno,Bueno,2,NISSAN,PLATA,2,,47,MASCULINO,SIN DATOS,0,0,Morelia,Comision Federal de Electricidad,noviembre,viernes,2,-101.18,19.682
37587,37592,2021,,2021/11/12,"08:10:00",COLISIÓN POR CAMBIO DE CARRIL,CONCRETO,Bueno,Bueno,2,FREIGHTLINER,NEGRO,1,,35,MASCULINO,SIN DATOS,0,0,Morelia,Centro,noviembre,viernes,8,-101.190201361618,19.6972696703364
37588,37593,2021,,2021/11/12,"08:30:00",COLISIÓN CONTRA OBJETO FIJO,ASFALTO,Bueno,Bueno,1,HYUNDAI,AZUL,1,MINISTERIO PÚBLICO,20,MASCULINO,SIN DATOS,0,0,Los Reyes,Sin datos,noviembre,viernes,9,-102.304289527237,19.5726709347891
37589,37594,2021,,2021/11/12,11:50:00,COLISIÓN POR CORTE DE CIRCULACIÓN,ASFALTO,Bueno,Bueno,2,ITALIKA,NEGRO/ROJO,2,,18,MASCULINO,SIN DATOS,0,0,Morelia,Ciudad Industrial,noviembre,viernes,12,-101.14554366932,19.7284851395985
37591,37596,2021,MOR210770691,2021/11/12,12:40:00,COLISIÓN POR CAMBIO DE CARRIL,ASFALTO,Bueno,Bueno,2,NISSAN,ROJO,2,,22,FEMENINO,SIN DATOS,0,0,Morelia,Enrique Arreguin Robles,noviembre,viernes,13,-101.17940323,19.7207785399991
37592,37597,2021,MOR210770827,2021/11/12,12:50:00,COLISIÓN POR ALCANCE,CONCRETO,Bueno,Bueno,2,CHEVROLET,GRIS,2,,37,MASCULINO,SIN DATOS,0,0,Morelia,Lazaro Cardenas,noviembre,viernes,13,-101.16316591,19.7090242249991
37593,37598,2021,,2021/11/12,15:00:00,COLISIÓN POR MANIOBRA DE REVERSA,ASFALTO,Bueno,Bueno,2,NISSAN,ROJO,2,,30,MASCULINO,SIN DATOS,0,0,Morelia,Comision Federal de Electricidad,noviembre,viernes,15,-101.181304370054,19.681701101233
37594,37599,2021,,2021/11/12,15:20:00,COLISIÓN POR CORTE DE CIRCULACIÓN,ASFALTO,Bueno,Bueno,2,ITALIKA,ROJO/NEGRO,2,,26,FEMENINO,SIN DATOS,0,0,Morelia,Carmen Serdan,noviembre,viernes,15,-101.219556395,19.7139125899991
37595,37600,2021,LEG39999,2021/11/12,15:25:00,COLISIÓN CONTRA OBJETO FIJO,ASFALTO,Bueno,Bueno,1,TOYOTA,NEGRO,1,,69,MASCULINO,SIN DATOS,0,0,Morelia,5 de Mayo,noviembre,viernes,15,-101.17543291,19.7031789799992
37596,37601,2021,MOR210771550,2021/11/12,15:30:00,COLISIÓN POR CAMBIO DE CARRIL,ASFALTO,Bueno,Bueno,2,CHEVROLET,BLANCO,2,,,FEMENINO,SIN DATOS,0,0,Morelia,Elias Perez Avalos,noviembre,viernes,16,-101.167813022979,19.7136335493406
37597,37602,2021,,2021/11/12,16:30:00,COLISIÓN POR CORTE DE CIRCULACIÓN,ASFALTO,Bueno,Bueno,2,NISSAN,BLANCO,0,MINISTERIO PÚBLICO,,,,0,0,Hidalgo,Sin Nombre,noviembre,viernes,17,-100.563058443367,19.706735102097
37598,37603,2021,LEG40000,2021/11/12,16:40:00,COLISIÓN POR ALCANCE,ASFALTO,Bueno,Bueno,6,CHEVROLET,GRIS,6,MINISTERIO PÚBLICO,19,MASCULINO,SIN DATOS,0,0,Morelia,Centro,noviembre,viernes,17,-101.18218963,19.7028850649992
37599,37604,2021,MOR210771448,2021/11/12,18:12:00,COLISIÓN POR CAMBIO DE CARRIL,ASFALTO,Bueno,Bueno,2,MAN,VERDE,2,,45,MASCULINO,SIN DATOS,0,0,Morelia,Tinijaro,noviembre,viernes,18,-101.26316,19.6963297049991
37600,37605,2021,,2021/11/12,18:30:00,COLISIÓN POR ALCANCE,ASFALTO,Bueno,Bueno,2,JEEP,BLANCO,3,MINISTERIO PÚBLICO,,,,3,0,Hidalgo,Centro,noviembre,viernes,19,-100.553271,19.691029
37601,37606,2021,,2021/11/12,20:00:00,COLISIÓN POR CORTE DE CIRCULACIÓN,ASFALTO,Bueno,Bueno,3,MITSUBISHI,PLATA,3,MINISTERIO PÚBLICO,,,SIN DATOS,0,0,Lázaro Cárdenas,1Er Sect de Fidelac,noviembre,viernes,20,-102.198051556267,17.9615802482626
37602,37607,2021,MOR210770955,2021/11/12,20:00:00,COLISIÓN POR INVASIÓN DE CARRIL,CONCRETO,Bueno,Bueno,2,NISSAN,ARENA,2,,,MASCULINO,SIN DATOS,0,0,Morelia,San Rafael,noviembre,viernes,20,-101.152337704762,19.6999683672239
37603,37608,2021,,2021/11/12,21:00:00,COLISIÓN POR INVASIÓN DE CARRIL,CONCRETO,Bueno,Regular,2,VW,NEGRO,4,,40,MASCULINO,SIN DATOS,2,0,Tocumbo,Obrera(Santa Clara),noviembre,viernes,21,-102.494098699905,19.632840527329
37605,37610,2021,MOR210771841,2021/11/12,22:30:00,COLISIÓN POR CORTE DE CIRCULACIÓN,ASFALTO,Bueno,Bueno,2,VOLKSWAGEN,ROJO,2,MINISTERIO PÚBLICO,31,MASCULINO,SIN DATOS,0,0,Morelia,Insurgentes,noviembre,viernes,23,-101.154077615,19.6978325849991
37606,37611,2021,MOR210772668,2021/11/13,"00:00:00",COLISIÓN POR CORTE DE CIRCULACIÓN,ASFALTO,Bueno,Bueno,2,FORD,ROJO,2,,47,FEMENINO,SIN DATOS,0,0,Morelia,Pablo Galeana,noviembre,sábado,0,-101.23195962002,19.6384869212627
37608,37613,2021,,2021/11/13,"06:40:00",VOLCADURA,CONCRETO,Bueno,Bueno,1,MITSUBISHI,ROJO,1,,25,FEMENINO,SIN DATOS,0,0,Morelia,Los Angeles,noviembre,sábado,7,-101.173731965,19.7418950699991
37609,37614,2021,,2021/11/13,11:00:00,COLISIÓN POR CORTE DE CIRCULACIÓN,ASFALTO,Bueno,Bueno,2,YAMAHA,ROJO/GRIS,3,,25,MASCULINO,SIN DATOS,1,0,Morelia,La Aldea,noviembre,sábado,11,-101.135663645255,19.7450724546328
37610,37615,2021,,2021/11/13,13:40:00,COLISIÓN POR CORTE DE CIRCULACIÓN,CONCRETO,Bueno,Bueno,2,VOLKSWAGEN,AZUL,2,MINISTERIO PÚBLICO,59,FEMENINO,SIN DATOS,0,0,Morelia,Centro,noviembre,sábado,14,-101.198428565665,19.7035391005434
37611,37616,2021,,2021/11/13,13:57:00,COLISIÓN POR INVASIÓN DE CARRIL,ASFALTO,Bueno,Bueno,2,CHEVROLET,PLATA,2,,28,FEMENINO,SIN DATOS,0,0,Morelia,Felipe Carrillo Puerto,noviembre,sábado,14,-101.17672727,19.7312724299992
37612,37617,2021,,2021/11/13,15:45:00,VOLCADURA,ASFALTO,Bueno,Bueno,1,NISSAN,BLANCO,1,,42,MASCULINO,SIN DATOS,0,0,Morelia,Jesus del Monte,noviembre,sábado,16,-101.154211082822,19.6509234359309
37613,37618,2021,,2021/11/13,15:50:00,COLISIÓN POR ALCANCE,ASFALTO,Bueno,Bueno,2,FORD,BLANCO,2,,27,MASCULINO,SIN DATOS,0,0,Morelia,Fovissste La Huerta,noviembre,sábado,16,-101.212283545,19.6922831999991
37614,37619,2021,,2021/11/13,16:40:00,COLISIÓN POR CORTE DE CIRCULACIÓN,ASFALTO,Bueno,Bueno,2,YAMAHA,BLANCO,2,,22,MASCULINO,SIN DATOS,0,0,Morelia,Dr Miguel Silva,noviembre,sábado,17,-101.187927793444,19.7204887484457
37616,37621,2021,,2021/11/13,16:50:00,COLISIÓN POR NO RESPETAR SEMÁFORO,ASFALTO,Bueno,Regular,2,GMC,VERDE,2,,,MASCULINO,SIN DATOS,0,0,Morelia,Morelos,noviembre,sábado,17,-101.206943181225,19.7013739021134
37617,37622,2021,,2021/11/13,17:00:00,COLISIÓN POR NO RESPETAR SEMÁFORO,ASFALTO,Bueno,Bueno,2,CHEVROLET,BLANCO,2,,41,FEMENINO,SIN DATOS,0,0,Morelia,Centro,noviembre,sábado,17,-101.18218963,19.7028850649992
37618,37623,2021,,2021/11/13,17:00:00,COLISIÓN POR INVASIÓN DE CARRIL,ASFALTO,Bueno,Bueno,2,FORD,BLANCO,2,MINISTERIO PÚBLICO,,,SIN DATOS,0,0,Tacámbaro,Sin datos,noviembre,sábado,17,-101.474521041595,19.2266229633685
37619,37624,2021,,2021/11/13,20:57:00,COLISIÓN POR CAMBIO DE CARRIL,CONCRETO,Bueno,Bueno,2,KIA,BLANCO,2,,47,MASCULINO,SIN DATOS,0,0,Morelia,Independencia,noviembre,sábado,21,-101.17664987,19.7115731999992
37621,37626,2021,,2021/11/14,"00:00:00",COLISIÓN POR CORTE DE CIRCULACIÓN,ASFALTO,Bueno,Bueno,2,MAZDA,ROJO,2,,46,MASCULINO,SIN DATOS,0,0,Morelia,Virrey Antonio de Mendoza,noviembre,domingo,0,-101.158553405918,19.7078868657932
37622,37627,2021,,2021/11/14,"05:00:00",COLISIÓN CONTRA OBJETO FIJO,ASFALTO,Bueno,Bueno,1,FORD,ROJO,1,,27,MASCULINO,SIN DATOS,0,0,Morelia,Buenavista,noviembre,domingo,5,-101.162059784614,19.7057983392722
37623,37628,2021,,2021/11/14,"06:54:00",SUBIDA AL CAMELLÓN,ASFALTO,Bueno,Bueno,1,DATSUN,ROJO,1,,78,MASCULINO,SIN DATOS,0,0,Morelia,Eduardo Ruiz,noviembre,domingo,7,-101.224075779319,19.7249107900599
37624,37629,2021,MOR210774623,2021/11/14,"08:10:00",SALIDA DE SUPERFICIE DE RODAMIENTO,CONCRETO,Bueno,Bueno,1,FORD,PLATA,1,,39,MASCULINO,SIN DATOS,0,0,Morelia,Loma Real,noviembre,domingo,8,-101.197408550542,19.7313878039359
37625,37630,2021,,2021/11/14,"08:30:00",COLISIÓN CON PEATÓN,ASFALTO,Bueno,Bueno,1,FORD,ARENA,2,,27,MASCULINO,SIN DATOS,1,0,Los Reyes,Sin datos,noviembre,domingo,9,-102.436984777451,19.6563666126914
37626,37631,2021,MOR210774639,2021/11/14,"08:50:00",COLISIÓN POR NO RESPETAR SEMÁFORO,ASFALTO,Bueno,Bueno,2,CHEVROLET,AZUL,2,,70,MASCULINO,SIN DATOS,0,0,Morelia,Centro,noviembre,domingo,9,-101.190487725488,19.7029202973003
37627,37632,2021,,2021/11/14,12:28:00,COLISIÓN POR CORTE DE CIRCULACIÓN,CONCRETO,Bueno,Bueno,2,ITALIKA,ROJO Y NEGRO,2,,41,MASCULINO,SIN DATOS,0,0,Morelia,Felix Ireta,noviembre,domingo,12,-101.188149235464,19.6873609066457
37628,37633,2021,MOR210774987,2021/11/14,12:30:00,COLISIÓN POR CAMBIO DE CARRIL,ASFALTO,Bueno,Bueno,2,FORD,GUINDA,2,,61,MASCULINO,SIN DATOS,0,0,Morelia,Puerto de Buenavista,noviembre,domingo,13,-101.128321588039,19.6869301210445
37629,37634,2021,,2021/11/14,13:38:00,COLISIÓN POR ALCANCE,CONCRETO,Bueno,Bueno,2,TOYOTA,BLANCO Y VERDE,2,,26,MASCULINO,SIN DATOS,0,0,Morelia,Ventura Puente,noviembre,domingo,14,-101.192754253077,19.6924179232952
37630,37635,2021,MOR 210775592,2021/11/14,16:45:00,COLISIÓN POR CORTE DE CIRCULACIÓN,ASFALTO,Bueno,Regular,2,INTERNACIONAL,BLANCO Y ROJO,2,,37,MASCULINO,SIN DATOS,0,0,Morelia,Irrigacion,noviembre,domingo,17,-101.225131899118,19.7046777518532
37631,37636,2021,,2021/11/14,18:18:00,COLISIÓN POR CORTE DE CIRCULACIÓN,ASFALTO,Bueno,Bueno,2,CHEVROLET,ROJO,2,,53,,SIN DATOS,0,0,Morelia,Isaac Arriaga,noviembre,domingo,18,-101.174254752696,19.7069377424058
37632,37637,2021,MOR210775916,2021/11/14,20:18:00,COLISIÓN POR CORTE DE CIRCULACIÓN,ASFALTO,Bueno,Bueno,2,TOYOTA,BLANCO Y GRIS,2,,,MASCULINO,SIN DATOS,0,0,Morelia,Pascual Ortiz de Ayala,noviembre,domingo,20,-101.151764064349,19.6949045320655
37633,37638,2021,LEG40035,2021/11/14,21:00:00,COLISIÓN POR INVASIÓN DE CARRIL,ASFALTO,Bueno,Bueno,4,VOLKSWAGEN,PLATA,4,,49,FEMENINO,SIN DATOS,0,0,Charo,La Goleta,noviembre,domingo,21,-101.080737462794,19.7393016582828
37634,37639,2021,,2021/11/14,23:30:00,COLISIÓN POR ALCANCE,ASFALTO,Bueno,Bueno,2,VOLKSWAGEN,PLATA,2,,23,MASCULINO,SIN DATOS,0,0,Morelia,Morelos,noviembre,domingo,0,-101.212013184346,19.6922948989871
37635,37640,2021,"210776471",2021/11/15,"01:30:00",VOLCADURA,ASFALTO,Bueno,Bueno,1,DODGE,PLATA,1,,40,MASCULINO,SIN DATOS,0,0,Morelia,Elias Perez Avalos,noviembre,lunes,2,-101.169840171933,19.7135533684475
37636,37641,2021,,2021/11/15,"06:22:00",COLISIÓN CONTRA OBJETO FIJO,CONCRETO,Bueno,Bueno,1,FORD,BLANCO,0,,,,,0,0,Morelia,Dr Miguel Silva,noviembre,lunes,6,-101.178444789895,19.7197555257341
37637,37642,2021,,2021/11/15,10:40:00,COLISIÓN POR ALCANCE,ASFALTO,Bueno,Bueno,2,TOYOTA,GRIS,2,MINISTERIO PÚBLICO,35,MASCULINO,SIN DATOS,0,0,Morelia,Ocolusen Iii,noviembre,lunes,11,-101.14959272471,19.6866964614818
37638,37643,2021,,2021/11/15,11:55:00,COLISIÓN POR CORTE DE CIRCULACIÓN,ASFALTO,Bueno,Bueno,2,FORD,GRIS,2,,35,FEMENINO,SIN DATOS,0,0,Morelia,Villas de La Esperanza,noviembre,lunes,12,-101.274714971164,19.6952359775024
37639,37644,2021,,2021/11/15,13:00:00,COLISIÓN POR ALCANCE,ASFALTO,Bueno,Bueno,2,ITALIKA,ROJO Y NEGRO,2,,29,MASCULINO,SIN DATOS,0,0,Morelia,Vasco de Quiroga,noviembre,lunes,13,-101.173674359239,19.7027232474646
37640,37645,2021,,2021/11/15,13:30:00,COLISIÓN POR CORTE DE CIRCULACIÓN,CONCRETO,Bueno,Bueno,2,MAZDA,GRIS,2,,53,FEMENINO,SIN DATOS,0,0,Morelia,Lomas de Huerta,noviembre,lunes,14,-101.214326345787,19.6743484376208
37641,37646,2021,,2021/11/15,14:12:00,COLISIÓN POR CORTE DE CIRCULACIÓN,CONCRETO,Bueno,Bueno,2,NISSAN,BLANCO Y ROJO,2,,22,MASCULINO,SIN DATOS,0,0,Morelia,Tzindurio Norte,noviembre,lunes,14,-101.246680400598,19.7050445290089
37642,37647,2021,,2021/11/15,14:54:00,CAIDA DE MOTOCICLETA,CONCRETO,Bueno,Bueno,1,VENTO,NARANJA Y NEGRO,2,MINISTERIO PÚBLICO,,MASCULINO,SIN DATOS,1,0,Charo,Santa Monica,noviembre,lunes,15,-101.049190062762,19.7430311625207
37643,37648,2021,,2021/11/15,15:00:00,COLISIÓN POR CORTE DE CIRCULACIÓN,CONCRETO,Bueno,Bueno,2,NISSAN,PLATA,2,,37,MASCULINO,SIN DATOS,0,0,Morelia,Matamoros,noviembre,lunes,15,-101.164059340954,19.6960418318473
37644,37649,2021,,2021/11/15,15:40:00,COLISIÓN POR MANIOBRA DE REVERSA,ASFALTO,Bueno,Bueno,2,NISSAN,PLATA,2,,40,FEMENINO,SIN DATOS,0,0,Morelia,Ana Maria Gallaga (Riviera),noviembre,lunes,16,-101.22643984177,19.6756567349577
37645,37650,2021,,2021/11/15,16:37:00,COLISIÓN POR CAMBIO DE CARRIL,CONCRETO,Bueno,Bueno,4,CHEVROLET,BLANCO,4,MINISTERIO PÚBLICO,62,MASCULINO,ALIENTO ETÍLICO,0,0,Morelia,Los Manantiales de Morelia,noviembre,lunes,17,-101.237732216038,19.7014751447703
37646,37651,2021,,2021/11/15,18:20:00,COLISIÓN POR CORTE DE CIRCULACIÓN,ASFALTO,Bueno,Bueno,2,CHEVROLET,NEGRO,2,,80,MASCULINO,SIN DATOS,0,0,Morelia,Tenencia Morelos,noviembre,lunes,18,-101.247986971644,19.6479810084323
37647,37652,2021,,2021/11/15,20:20:00,COLISIÓN POR ALCANCE,ASFALTO,Bueno,Bueno,2,JEEP,GRIS,2,,18,MASCULINO,SIN DATOS,0,0,Morelia,Lomas de Las Americas Sur,noviembre,lunes,20,-101.147654615343,19.6945758982143
37648,37653,2021,MOR210778106,2021/11/15,20:31:00,COLISIÓN CONTRA OBJETO FIJO,ASFALTO,Bueno,Bueno,1,TOYOTA,PLATA,1,,29,MASCULINO,SIN DATOS,0,0,Morelia,La Calera,noviembre,lunes,21,-101.235805079341,19.6695124809679
37649,37654,2021,LEG40038,2021/11/15,21:50:00,COLISIÓN POR INVASIÓN DE CARRIL,CONCRETO,Bueno,Bueno,2,CHEVROLET,NEGRO,2,,28,MASCULINO,SIN DATOS,0,0,Morelia,Las Aguilas,noviembre,lunes,22,-101.22797534547,19.6973584459805
37651,37656,2021,,2021/11/16,"07:50:00",COLISIÓN POR INVASIÓN DE CARRIL,ASFALTO,Bueno,Bueno,1,FORD,ROJO,2,,22,FEMENINO,SIN DATOS,0,0,Morelia,Sin datos,noviembre,martes,8,-101.11455884192,19.7372316661679
37652,37657,2021,,2021/11/16,"08:10:00",COLISIÓN POR CORTE DE CIRCULACIÓN,CONCRETO,Bueno,Bueno,2,ITALIKA,NEGRO,2,MINISTERIO PÚBLICO,19,MASCULINO,SIN DATOS,0,0,Morelia,Lomas de Vista Bella,noviembre,martes,8,-101.196593044237,19.6746539144371
37653,37658,2021,MOR210------,2021/11/16,"09:35:00",VOLCADURA,ASFALTO,Bueno,Bueno,1,FORD,GRIS,1,,44,FEMENINO,SIN DATOS,0,0,Morelia,Tenencia Morelos,noviembre,martes,10,-101.243929623155,19.6466055443724
37654,37659,2021,,2021/11/16,13:30:00,COLISIÓN POR CORTE DE CIRCULACIÓN,ASFALTO,Bueno,Bueno,2,TOYOTA,BLANCO Y GRIS,2,,53,MASCULINO,SIN DATOS,0,0,Morelia,El Realito,noviembre,martes,14,-101.203980638899,19.725615846576
37655,37660,2021,,2021/11/16,13:35:00,COLISIÓN POR CORTE DE CIRCULACIÓN,ASFALTO,Bueno,Bueno,1,TOYOTA,BLANCO,2,,,MASCULINO,SIN DATOS,1,0,Morelia,Nueva Chapultepec,noviembre,martes,14,-101.16916257,19.6880920949992
37656,37661,2021,,2021/11/16,14:20:00,COLISIÓN CONTRA OBJETO FIJO,CONCRETO,Bueno,Bueno,2,CHEVROLET,PLATA,2,,19,MASCULINO,SIN DATOS,0,0,Morelia,Eva Samano,noviembre,martes,14,-101.203210844922,19.7302175736053
37657,37662,2021,,2021/11/16,14:50:00,COLISIÓN CON PEATÓN,SIN_DATOS,Bueno,Bueno,2,NISSAN,GRIS,2,,40,FEMENINO,SIN DATOS,0,0,Morelia,Lomas de Hidalgo,noviembre,martes,15,-101.158678799189,19.6955939091061
37658,37663,2021,MOR210779401,2021/11/16,17:00:00,COLISIÓN CON PEATÓN,ASFALTO,Bueno,Bueno,1,CHEVROLET,BLANCO,2,MINISTERIO PÚBLICO,,MASCULINO,SIN DATOS,1,0,Morelia,Bosques de La Huerta,noviembre,martes,17,-101.222692430019,19.6700336930728
37659,37664,2021,,2021/11/16,17:45:00,COLISIÓN POR CORTE DE CIRCULACIÓN,ASFALTO,Bueno,Bueno,2,DODGE,PLATA,2,,42,FEMENINO,SIN DATOS,0,0,Morelia,Loma Bonita,noviembre,martes,18,-101.196655190803,19.7219809878742
37660,37665,2021,,2021/11/16,17:53:00,COLISIÓN CON PEATÓN,SIN_DATOS,Bueno,Bueno,2,NISSAN,AZUL,2,,,FEMENINO,SIN DATOS,0,0,Morelia,Comision Federal de Electricidad,noviembre,martes,18,-101.181282810867,19.6813888079406
37661,37666,2021,,2021/11/16,18:30:00,COLISIÓN POR CAMBIO DE CARRIL,ASFALTO,Bueno,Bueno,2,FORD,GRIS,4,MINISTERIO PÚBLICO,,,,4,0,Hidalgo,Corros,noviembre,martes,19,-100.555384033775,19.7072142705475
37662,37667,2021,MOR210779614,2021/11/16,18:50:00,COLISIÓN POR CAMBIO DE CARRIL,CONCRETO,Bueno,Bueno,2,NISSAN,BLANCO Y VERDE,2,,61,MASCULINO,SIN DATOS,0,0,Morelia,Indeco El Vivero,noviembre,martes,19,-101.229742616415,19.6769994325765
37663,37668,2021,MOR 210779770,2021/11/16,20:00:00,COLISIÓN POR CAMBIO DE CARRIL,ASFALTO,Bueno,Bueno,2,NISSAN,BLANCO,2,MINISTERIO PÚBLICO,27,MASCULINO,SIN DATOS,0,0,Morelia,Central de Abastos,noviembre,martes,20,-101.165981174194,19.7155967458638
37664,37669,2021,MOR 210780043,2021/11/16,22:40:00,COLISIÓN POR ALCANCE,ASFALTO,Bueno,Regular,3,NISSAN,NEGRO,3,,53,FEMENINO,ALIENTO ETÍLICO,0,0,Morelia,Lomas de Huerta,noviembre,martes,23,-101.210146397352,19.6723229307113
37665,37670,2021,,2021/11/17,10:05:00,COLISIÓN CONTRA OBJETO FIJO,ASFALTO,Bueno,Bueno,1,CHEVROLET,GRIS,1,,,,SIN DATOS,0,0,Morelia,Sin datos,noviembre,miércoles,10,-101.315483969049,19.6158231571585
37666,37671,2021,,2021/11/17,13:40:00,COLISIÓN POR CAMBIO DE CARRIL,ASFALTO,Bueno,Regular,2,DINA,CREMA,2,,40,MASCULINO,SIN DATOS,0,0,Morelia,Primo Tapia Oriente,noviembre,miércoles,14,-101.158694252372,19.7134628124959
37667,37672,2021,,2021/11/17,16:00:00,COLISIÓN POR CAMBIO DE CARRIL,CONCRETO,Bueno,Bueno,2,NISSAN,BLANCO,2,MINISTERIO PÚBLICO,26,MASCULINO,SIN DATOS,0,0,Morelia,Agustin Arriaga Rivera,noviembre,miércoles,16,-101.224924332715,19.6906812257905
37668,37673,2021,,2021/11/17,16:17:00,COLISIÓN POR ALCANCE,ASFALTO,Bueno,Bueno,2,MERCEDES BENS,VERDE,2,,36,MASCULINO,SIN DATOS,0,0,Morelia,Morelia 450,noviembre,miércoles,16,-101.217003129423,19.6756570793014
37669,37674,2021,,2021/11/17,17:45:00,COLISIÓN POR CAMBIO DE CARRIL,ASFALTO,Bueno,Bueno,2,MAN,GRIS,2,,44,MASCULINO,SIN DATOS,0,0,Morelia,Los Manantiales de Morelia,noviembre,miércoles,18,-101.242966211654,19.7004219043843
37670,37675,2021,,2021/11/17,18:05:00,SALIDA DE SUPERFICIE DE RODAMIENTO,CONCRETO,Bueno,Bueno,1,FORD,NEGRO,1,,,MASCULINO,SIN DATOS,0,0,Morelia,Vasco de Quiroga,noviembre,miércoles,18,-101.174163527108,19.6979263420668
37671,37676,2021,,2021/11/17,18:15:00,COLISIÓN POR ALCANCE,ASFALTO,Bueno,Bueno,2,FORD,ROJO,2,,,FEMENINO,SIN DATOS,0,0,Morelia,Infonavit Colonial Universidad,noviembre,miércoles,18,-101.210187971592,19.6871432038031
37672,37677,2021,,2021/11/17,20:10:00,COLISIÓN POR CORTE DE CIRCULACIÓN,ASFALTO,Bueno,Bueno,2,MERCEDES BENZ,BLANCO Y VERDE,2,,19,MASCULINO,SIN DATOS,0,0,Morelia,Hermanos Lopez Rayon,noviembre,miércoles,20,-101.220245310531,19.6753069956684
37673,37678,2021,,2021/11/17,22:30:00,SALIDA DE SUPERFICIE DE RODAMIENTO,ASFALTO,Bueno,Bueno,1,LAND ROBER,GRIS,1,,,,SIN DATOS,0,0,Morelia,Valle del Durazno,noviembre,miércoles,23,-101.186429329895,19.6562690494417
37674,37679,2021,,2021/11/17,23:00:00,VOLCADURA,ASFALTO,Bueno,Bueno,1,HYUNDAI,AZUL,1,,,,SIN DATOS,0,0,Morelia,Tenencia Morelos,noviembre,miércoles,23,-101.247518865209,19.6487466265642
37675,37680,2021,,2021/11/18,"00:00:00",COLISIÓN POR ALCANCE,ASFALTO,Bueno,Bueno,2,JEEP,BLANCO,2,,44,FEMENINO,SIN DATOS,0,0,Morelia,Isaac Arriaga,noviembre,jueves,0,-101.168676428497,19.7089552935964
37676,37681,2021,,2021/11/18,"08:55:00",COLISIÓN POR CORTE DE CIRCULACIÓN,ASFALTO,Bueno,Bueno,2,CHEVROLET,ROJO,2,,60,FEMENINO,SIN DATOS,0,0,Morelia,Primo Tapia Oriente,noviembre,jueves,9,-101.158485405825,19.7135830659788
37677,37682,2021,LEG40098,2021/11/18,"09:15:00",COLISIÓN POR CAMBIO DE CARRIL,ASFALTO,Bueno,Bueno,2,CHEVROLET,BLANCO,2,,37,MASCULINO,SIN DATOS,0,0,Morelia,Jose Maria Cabrera,noviembre,jueves,9,-101.224636056207,19.7247703464816
37678,37683,2021,,2021/11/18,"09:15:00",COLISIÓN POR CAMBIO DE CARRIL,ASFALTO,Bueno,Bueno,2,FREIGHTLINER,BLANCO,2,,46,MASCULINO,SIN DATOS,0,0,Morelia,Elias Perez Avalos,noviembre,jueves,9,-101.165056756951,19.7105583953667
37679,37684,2021,,2021/11/18,"09:40:00",COLISIÓN POR CAMBIO DE CARRIL,ASFALTO,Bueno,Bueno,2,INTERNACIONAL,BLANCO,2,,27,MASCULINO,SIN DATOS,0,0,Morelia,Nueva Valladolid,noviembre,jueves,10,-101.209083511069,19.6985854031871