fid,id_accidente,anio_origen,folio_c5i,dia_incidente,hora_ocurrencia,tipo_incidente_vial,superficie_ocurrencia,condiciones_climaticas,condiciones_via,numero_vehiculos_involucrados,marca_vehiculo_ocasiona_siniestro,color_vehiculo_ocasiona_siniestro,numero_personas_involucradas,lugar_remite_presunto_responsable,edad_presunto_responsable,sexo_presunto_responsable,resultados_toxicologia,numero_personas_lesionadas,numero_personas_fallecidas,municipio,colonia,mes,dia_semana,hora_redondeada,lon,lat
37680,37685,2021,,2021/11/18,13:00:00,COLISIÓN CON PEATÓN,CONCRETO,Bueno,Bueno,1,JEEP,NEGRO,3,MINISTERIO PÚBLICO,40,FEMENINO,SIN DATOS,2,0,Morelia,Camelinas,noviembre,jueves,13,-101.173976138234,19.6818447487403
37681,37686,2021,,2021/11/18,15:15:00,COLISIÓN POR ALCANCE,ASFALTO,Bueno,Bueno,2,TOYOTA,NEGRO,2,MINISTERIO PÚBLICO,72,MASCULINO,SIN DATOS,0,0,Peribán,Sin datos,noviembre,jueves,15,-102.444691800259,19.5523741827495
37682,37687,2021,,2021/11/18,18:30:00,COLISIÓN POR CAMBIO DE CARRIL,ASFALTO,Bueno,Bueno,2,FREIGHTLINER,AZUL,2,,,,SIN DATOS,0,0,Morelia,Loma de Los Piñones,noviembre,jueves,19,-101.203172349118,19.6751762665853
37683,37688,2021,MOR210784209,2021/11/18,19:31:00,COLISIÓN POR CORTE DE CIRCULACIÓN,ASFALTO,Bueno,Bueno,2,HYUNDAI,BLANCO,2,,42,MASCULINO,SIN DATOS,0,0,Morelia,Isaac Arriaga,noviembre,jueves,20,-101.170430257916,19.7081503938072
37684,37689,2021,MOR210784628,2021/11/18,22:50:00,COLISIÓN POR CORTE DE CIRCULACIÓN,ASFALTO,Bueno,Bueno,2,HONDA,BLANCO,2,,36,MASCULINO,SIN DATOS,0,0,Morelia,Centro,noviembre,jueves,23,-101.199674992397,19.7030518932812
37685,37690,2021,,2021/11/19,"08:00:00",COLISIÓN POR CAMBIO DE CARRIL,ASFALTO,Bueno,Bueno,2,FREIGHTLINER,BLANCO,2,,50,MASCULINO,SIN DATOS,0,0,Morelia,La Soledad,noviembre,viernes,8,-101.185166715661,19.7274533823308
37686,37691,2021,,2021/11/19,"09:15:00",COLISIÓN CONTRA OBJETO FIJO,CONCRETO,Bueno,Bueno,1,AUDI,ROJO,1,,,MASCULINO,SIN DATOS,0,0,Morelia,Buenos Aires,noviembre,viernes,9,-101.194913076768,19.6573891928199
37687,37692,2021,,2021/11/19,"09:30:00",COLISIÓN POR INVASIÓN DE CARRIL,ASFALTO,Bueno,Bueno,2,TOYOTA,GRIS,2,,60,MASCULINO,SIN DATOS,0,0,Morelia,Chapultepec Oriente,noviembre,viernes,10,-101.15913378,19.6947918299991
37688,37693,2021,,2021/11/19,10:40:00,COLISIÓN POR CORTE DE CIRCULACIÓN,ASFALTO,Bueno,Bueno,2,KIA,NEGRO,2,,24,FEMENINO,SIN DATOS,0,0,Morelia,Centro,noviembre,viernes,11,-101.179312185,19.7035132699991
37689,37694,2021,,2021/11/19,10:41:00,COLISIÓN POR ALCANCE,ASFALTO,Bueno,Bueno,2,ITALIKA,AMARILLO/NEGRO,2,,20,MASCULINO,SIN DATOS,0,0,Morelia,Reforma,noviembre,viernes,11,-101.237759155,19.7071049199991
37690,37695,2021,,2021/11/19,11:00:00,COLISIÓN POR CORTE DE CIRCULACIÓN,CONCRETO,Bueno,Bueno,2,NISSAN,BLANCO,2,,29,MASCULINO,SIN DATOS,0,0,Morelia,Aquiles Serdan,noviembre,viernes,11,-101.168634865,19.7217552149991
37691,37696,2021,,2021/11/19,12:03:00,COLISIÓN CONTRA OBJETO FIJO,CONCRETO,Bueno,Bueno,1,MAZDA,BLANCO,1,,42,MASCULINO,SIN DATOS,0,0,Morelia,Club de Golf Tres Marias,noviembre,viernes,12,-101.107,19.7091
37692,37697,2021,,2021/11/19,15:00:00,COLISIÓN POR CORTE DE CIRCULACIÓN,ASFALTO,Bueno,Bueno,2,ITALIKA,NEGRO,0,MINISTERIO PÚBLICO,,,,0,0,Lázaro Cárdenas,1Er Sect de Fidelac,noviembre,viernes,15,-102.193861000918,17.9597058807606
37693,37698,2021,,2021/11/19,15:00:00,COLISIÓN POR CORTE DE CIRCULACIÓN,ASFALTO,Bueno,Bueno,1,CHEVROLET,BLANCO,0,MINISTERIO PÚBLICO,,,,0,0,Lázaro Cárdenas,Centro,noviembre,viernes,15,-102.196699722933,17.9598273966031
37694,37699,2021,,2021/11/19,15:10:00,COLISIÓN POR CAMBIO DE CARRIL,ASFALTO,Bueno,Bueno,2,NISSAN,BLANCO,2,,30,FEMENINO,SIN DATOS,0,0,Morelia,Rey Tariacuri (Eucaliptos),noviembre,viernes,15,-101.198902538624,19.6789772554094
37695,37700,2021,,2021/11/19,15:20:00,COLISIÓN POR CAMBIO DE CARRIL,CONCRETO,Bueno,Bueno,2,KIA,BLANCO,2,,,MASCULINO,SIN DATOS,0,0,Morelia,Chapultepec Norte,noviembre,viernes,15,-101.173778799073,19.6957366970635
37696,37701,2021,,2021/11/19,16:30:00,COLISIÓN POR ALCANCE,ASFALTO,Bueno,Bueno,3,VOLKSWAGEN,BLANCO,3,,38,FEMENINO,SIN DATOS,0,0,Morelia,Comision Federal de Electricidad,noviembre,viernes,17,-101.181304370054,19.681701101233
37697,37702,2021,,2021/11/19,22:00:00,SALIDA DE SUPERFICIE DE RODAMIENTO,ASFALTO,Nublado,Bueno,1,NISSAN,GRIS,0,,,,,0,0,Santa Ana Maya,Centro,noviembre,viernes,22,-101.021410717882,20.0076327839954
37698,37703,2021,,2021/11/20,"00:00:00",COLISIÓN CONTRA OBJETO FIJO,ASFALTO,Bueno,Bueno,1,FORD,BLANCO,0,,,,,0,0,Morelia,Ignacio Zaragoza,noviembre,sábado,0,-101.20537203,19.7251967149991
37699,37704,2021,,2021/11/20,"01:30:00",COLISIÓN POR INVASIÓN DE CARRIL,CONCRETO,Bueno,Bueno,2,FORD,BLANCO,2,MINISTERIO PÚBLICO,35,MASCULINO,SIN DATOS,0,0,Morelia,Enrique Ramirez,noviembre,sábado,2,-101.165651847052,19.7086881668769
37700,37705,2021,LEG40125,2021/11/20,"03:40:00",COLISIÓN CONTRA OBJETO FIJO,ASFALTO,Bueno,Bueno,1,TOYOTA,PLATA,1,,35,FEMENINO,SIN DATOS,0,0,Morelia,Irrigacion,noviembre,sábado,4,-101.220619417727,19.7054327403063
37701,37706,2021,,2021/11/20,"03:50:00",COLISIÓN CONTRA OBJETO FIJO,ASFALTO,Bueno,Regular,1,NISSAN,GRIS,1,,41,MASCULINO,SIN DATOS,0,0,Morelia,Vicente Lombardo Toledano (Ejidal Isacc Arriaga) (Etnias de Mexico),noviembre,sábado,4,-101.148963285,19.7114250249991
37703,37708,2021,,2021/11/20,"07:00:00",COLISIÓN POR NO RESPETAR SEMÁFORO,ASFALTO,Bueno,Bueno,2,FORD,NEGRO,2,,29,MASCULINO,SIN DATOS,0,0,Morelia,Niño Artillero,noviembre,sábado,7,-101.25611577183,19.6974529424254
37704,37709,2021,,2021/11/20,"08:30:00",COLISIÓN POR CORTE DE CIRCULACIÓN,CONCRETO,Bueno,Bueno,2,NISSAN,BLANCO/AZUL,1,,41,MASCULINO,SIN DATOS,0,0,Morelia,El Arquito,noviembre,sábado,9,-101.239234405479,19.6424528455317
37705,37710,2021,,2021/11/20,"09:00:00",CAIDA DE MOTOCICLETA,CONCRETO,Bueno,Regular,1,ITALIKA,BLANCO,0,MINISTERIO PÚBLICO,,,,0,0,Pátzcuaro,Felipe Carrillo,noviembre,sábado,9,-101.61203360015,19.5198834103866
37706,37711,2021,,2021/11/20,"09:40:00",COLISIÓN POR ALCANCE,ASFALTO,Bueno,Bueno,2,VOLKSWAGEN,GRIS,2,,37,MASCULINO,SIN DATOS,0,0,Tarímbaro,El Trebol,noviembre,sábado,10,-101.156999035313,19.7683776963261
37707,37712,2021,LEG40129,2021/11/20,10:40:00,COLISIÓN POR NO RESPETAR SEMÁFORO,ASFALTO,Bueno,Bueno,1,S/D,S/D,1,MINISTERIO PÚBLICO,,,,1,0,Morelia,Industrial,noviembre,sábado,11,-101.189085515637,19.7123104021622
37708,37713,2021,MOR210787952,2021/11/20,11:20:00,COLISIÓN POR ALCANCE,ASFALTO,Bueno,Regular,2,NISSAN,BLANCO,2,,43,MASCULINO,SIN DATOS,0,0,Morelia,Jose Ma Pino Suarez,noviembre,sábado,11,-101.165031641722,19.7269511532065
37709,37714,2021,,2021/11/20,13:45:00,COLISIÓN POR ALCANCE,ASFALTO,Bueno,Bueno,2,CHEVROLET,BLANCO,2,,20,,SIN DATOS,0,0,Morelia,Sin datos,noviembre,sábado,14,-101.307937391102,19.6873770348973
37710,37715,2021,,2021/11/20,16:35:00,COLISIÓN POR ALCANCE,ASFALTO,Bueno,Bueno,2,MAZDA,BLANCO,2,,32,MASCULINO,SIN DATOS,0,0,Morelia,Arcos del Valle,noviembre,sábado,17,-101.236249625005,19.7076258624455
37711,37716,2021,LEG40141,2021/11/20,17:10:00,COLISIÓN CONTRA OBJETO FIJO,CONCRETO,Bueno,Bueno,2,NISSAN,BLANCO/ VERDE,2,,37,MASCULINO,SIN DATOS,0,0,Morelia,Cuauhtemoc,noviembre,sábado,17,-101.182047179475,19.6940547659621
37712,37717,2021,,2021/11/20,17:50:00,COLISIÓN POR CAMBIO DE CARRIL,ASFALTO,Bueno,Regular,2,ITALIKA,AZUL,3,MINISTERIO PÚBLICO,23,MASCULINO,SIN DATOS,1,0,Hidalgo,Sin datos,noviembre,sábado,18,-100.573776916337,19.659997909655
37713,37718,2021,,2021/11/20,18:25:00,COLISIÓN POR CORTE DE CIRCULACIÓN,CONCRETO,Bueno,Bueno,2,TOYOTA,BLANCO/GRIS,2,,48,MASCULINO,SIN DATOS,0,0,Morelia,Americas Britania,noviembre,sábado,18,-101.150132671667,19.691783516354
37714,37719,2021,MOR210789012,2021/11/20,18:45:00,COLISIÓN CONTRA OBJETO FIJO,ASFALTO,Bueno,Bueno,1,NISSAN,ROJO,1,,23,MASCULINO,ALIENTO ETÍLICO,0,0,Morelia,Barrio Alto,noviembre,sábado,19,-101.196623370051,19.724804116065
37716,37721,2021,MOR210789288,2021/11/20,19:50:00,COLISIÓN POR CORTE DE CIRCULACIÓN,ASFALTO,Bueno,Bueno,2,FORD,GUINDA,2,,20,MASCULINO,SIN DATOS,0,0,Morelia,Centro,noviembre,sábado,20,-101.18218963,19.7028850649992
37717,37722,2021,,2021/11/20,22:35:00,COLISIÓN CONTRA OBJETO FIJO,ASFALTO,Bueno,Bueno,1,VOLKSWAGEN,ROJO,1,,33,MASCULINO,SIN DATOS,0,0,Tarímbaro,Sin datos,noviembre,sábado,23,-101.171776361075,19.7507922771424
37718,37723,2021,MOR 210789857,2021/11/21,"02:10:00",COLISIÓN POR CAMBIO DE CARRIL,ASFALTO,Bueno,Bueno,2,NISSAN,BLANCO Y ROJO,2,,24,MASCULINO,SIN DATOS,0,0,Morelia,Santillan La Huerta,noviembre,domingo,2,-101.219553885717,19.6760966650679
37719,37724,2021,,2021/11/21,"02:15:00",COLISIÓN CONTRA OBJETO FIJO,ASFALTO,Bueno,Bueno,1,JEEP,GRIS,1,,,MASCULINO,SIN DATOS,0,0,Morelia,Prados Verdes,noviembre,domingo,2,-101.204211615,19.7179058599992
37721,37726,2021,,2021/11/21,"02:25:00",COLISIÓN CONTRA OBJETO FIJO,CONCRETO,Bueno,Bueno,1,NISSAN,BLANCO,1,,,,SIN DATOS,0,0,Morelia,La Charca,noviembre,domingo,2,-101.199559945,19.6602483449991
37723,37728,2021,LEG40150,2021/11/21,"04:16:00",VOLCADURA,ASFALTO,Bueno,Bueno,3,CHEVROLET,GRIS,2,,,,SIN DATOS,0,0,Morelia,Prados Verdes,noviembre,domingo,4,-101.201519803569,19.7145141019764
37724,37729,2021,MOR 210790041,2021/11/21,"04:30:00",COLISIÓN POR CORTE DE CIRCULACIÓN,ASFALTO,Bueno,Regular,2,SEAT,ROJO,2,,19,MASCULINO,SIN DATOS,0,0,Morelia,Salvador Alcaraz Romero,noviembre,domingo,5,-101.16767495,19.7180133849991
37725,37730,2021,MOR210790055,2021/11/21,"05:10:00",COLISIÓN POR CORTE DE CIRCULACIÓN,ASFALTO,Bueno,Bueno,2,VOLKSWAGEN,GRIS,2,,30,MASCULINO,SIN DATOS,0,0,Morelia,Gertrudis Bocanegra,noviembre,domingo,5,-101.211652121022,19.7033789504665
37726,37731,2021,MOR210790062,2021/11/21,"05:20:00",COLISIÓN POR ALCANCE,ASFALTO,Bueno,Bueno,2,AUDI,ROJO,2,MINISTERIO PÚBLICO,21,MASCULINO,SIN DATOS,0,0,Morelia,Villas Lomas del Paraiso,noviembre,domingo,5,-101.183243326701,19.6753951296653
37727,37732,2021,MOR210790076,2021/11/21,"05:29:00",COLISIÓN CONTRA OBJETO FIJO,ASFALTO,Bueno,Bueno,1,MINI,NARANJA,0,,,,,0,0,Morelia,Loma de Los Piñones,noviembre,domingo,5,-101.203725463286,19.6749505972311
37730,37735,2021,,2021/11/21,10:40:00,COLISIÓN POR CORTE DE CIRCULACIÓN,CONCRETO,Bueno,Bueno,2,HONDA,AZUL,2,,54,FEMENINO,SIN DATOS,0,0,Morelia,Lomas de Guayangareo,noviembre,domingo,11,-101.160960056503,19.7026870450485
37731,37736,2021,,2021/11/21,11:00:00,COLISIÓN POR CAMBIO DE CARRIL,ASFALTO,Bueno,Bueno,2,FORD,BLANCO,2,,24,MASCULINO,SIN DATOS,0,0,Morelia,Sara Malfavon,noviembre,domingo,11,-101.195636315,19.6706472749991
37732,37737,2021,,2021/11/21,12:35:00,COLISIÓN POR INVASIÓN DE CARRIL,ASFALTO,Bueno,Bueno,2,MERCEDES BENZ,BLANCO Y AZUL,2,,22,MASCULINO,SIN DATOS,0,0,Morelia,Santillan La Huerta,noviembre,domingo,13,-101.219553885717,19.6760966650679
37733,37738,2021,,2021/11/21,13:00:00,SUBIDA AL CAMELLÓN,CONCRETO,Bueno,Bueno,1,INTERNACIONAL,BLANCO,1,,,MASCULINO,SIN DATOS,0,0,Morelia,Felix Ireta,noviembre,domingo,13,-101.195665790942,19.6814955682859
37734,37739,2021,,2021/11/21,14:35:00,COLISIÓN POR CAMBIO DE CARRIL,ASFALTO,Bueno,Bueno,2,DODGE,ROJO,3,,55,MASCULINO,SIN DATOS,1,0,Tocumbo,Sin datos,noviembre,domingo,15,-102.480121434403,19.7151328098085
37735,37740,2021,,2021/11/21,15:00:00,COLISIÓN POR ALCANCE,ASFALTO,Bueno,Bueno,2,NISSAN,PLATA,2,,29,MASCULINO,SIN DATOS,0,0,Morelia,Santillan La Huerta,noviembre,domingo,15,-101.219553885717,19.6760966650679
37736,37741,2021,,2021/11/21,16:10:00,COLISIÓN POR CAMBIO DE CARRIL,ASFALTO,Bueno,Bueno,2,MAZDA,ROJO,2,,48,MASCULINO,SIN DATOS,0,0,Morelia,Pascual Ortiz de Ayala,noviembre,domingo,16,-101.150693253361,19.6968735948528
37737,37742,2021,,2021/11/21,17:10:00,COLISIÓN POR CORTE DE CIRCULACIÓN,ASFALTO,Bueno,Bueno,2,HONDA,GRIS,2,,40,FEMENINO,SIN DATOS,0,0,Morelia,Camelinas,noviembre,domingo,17,-101.17262119,19.6818144849991
37738,37743,2021,,2021/11/21,19:00:00,COLISIÓN POR ALCANCE,ASFALTO,Bueno,Bueno,3,DODGE/RAM 1500,GRIS,3,,26,MASCULINO,SIN DATOS,0,0,Morelia,Primo Tapia Oriente,noviembre,domingo,19,-101.158603026785,19.7134230436108
37739,37744,2021,,2021/11/21,21:15:00,COLISIÓN POR ALCANCE,ASFALTO,Bueno,Bueno,2,CHEVROLET,ROJO,2,MINISTERIO PÚBLICO,53,MASCULINO,ALIENTO ETÍLICO,0,0,Morelia,Elias Perez Avalos,noviembre,domingo,21,-101.171458854593,19.7147962982298
37740,37745,2021,,2021/11/21,21:30:00,COLISIÓN CONTRA OBJETO FIJO,ASFALTO,Bueno,Bueno,1,SEAT,GRIS,1,,32,MASCULINO,SIN DATOS,0,0,Morelia,Felix Ireta,noviembre,domingo,22,-101.180881271969,19.6848849713055
37741,37746,2021,MOOR210791938,2021/11/21,22:22:00,COLISIÓN POR ALCANCE,ASFALTO,Bueno,Bueno,2,VOLKSWAGEN,ROJO,2,,32,MASCULINO,SIN DATOS,0,0,Morelia,Fidel Velazquez,noviembre,domingo,22,-101.235323515,19.7049865749991
37742,37747,2021,,2021/11/21,22:35:00,COLISIÓN CONTRA OBJETO FIJO,ASFALTO,Bueno,Bueno,1,HONDA,GRIS,1,,47,FEMENINO,SIN DATOS,0,0,Morelia,Tzindurio Sarh,noviembre,domingo,23,-101.24748274684,19.6909166874766
37743,37748,2021,,2021/11/22,"00:05:00",COLISIÓN CONTRA OBJETO FIJO,ASFALTO,Bueno,Bueno,5,FORD,VERDE,5,,30,MASCULINO,SIN DATOS,0,0,Morelia,Libertad,noviembre,lunes,0,-101.2336702,19.6878652849991
37744,37749,2021,,2021/11/22,"01:30:00",VOLCADURA,ASFALTO,Bueno,Bueno,1,CHEVROLET,NARANJA,1,,,,SIN DATOS,0,0,Morelia,La Aldea,noviembre,lunes,2,-101.135663645255,19.7450724546328
37748,37753,2021,MOR/210793099,2021/11/22,11:15:00,COLISIÓN POR INVASIÓN DE CARRIL,ASFALTO,Bueno,Bueno,2,FORD,AZUL Y GRIS,2,,28,FEMENINO,SIN DATOS,0,0,Morelia,Praderas del Indio,noviembre,lunes,11,-101.223494028547,19.6450845894654
37749,37754,2021,,2021/11/22,11:35:00,COLISIÓN POR ALCANCE,ASFALTO,Bueno,Bueno,2,DINA,ARENA,2,MINISTERIO PÚBLICO,52,MASCULINO,SIN DATOS,0,0,Morelia,Centro,noviembre,lunes,12,-101.18754847,19.7028479949991
37750,37755,2021,,2021/11/22,12:00:00,SALIDA DE SUPERFICIE DE RODAMIENTO,ASFALTO,Bueno,Bueno,1,TOYOTA,ROJO,2,,29,MASCULINO,SIN DATOS,1,0,Peribán,Sin datos,noviembre,lunes,12,-102.456751926377,19.5612424520139
37751,37756,2021,,2021/11/22,12:45:00,COLISIÓN CON PEATÓN,CONCRETO,Bueno,Bueno,1,MITSUBISHI,GRIS,2,,53,MASCULINO,SIN DATOS,1,0,Morelia,Sitio de Cuautla,noviembre,lunes,13,-101.24929265,19.7084513149992
37752,37757,2021,MOR210793089,2021/11/22,14:00:00,COLISIÓN POR CORTE DE CIRCULACIÓN,ASFALTO,Bueno,Bueno,2,NISSAN,BLANCO,1,MINISTERIO PÚBLICO,,MASCULINO,SIN DATOS,0,0,Morelia,Tenencia Morelos,noviembre,lunes,14,-101.243929623155,19.6466055443724
37753,37758,2021,,2021/11/22,14:20:00,COLISIÓN CONTRA OBJETO FIJO,ASFALTO,Bueno,Bueno,1,CHEVROLET,GRIS,2,,46,MASCULINO,SIN DATOS,1,0,Los Reyes,Sin datos,noviembre,lunes,14,-102.33642970636,19.6710070865851
37754,37759,2021,,2021/11/22,16:00:00,COLISIÓN POR ALCANCE,ASFALTO,Bueno,Bueno,2,HONDA,NEGRO,2,,38,MASCULINO,SIN DATOS,0,0,Morelia,Lomas de Guayangareo,noviembre,lunes,16,-101.160960056503,19.7026870450485
37755,37760,2021,,2021/11/22,16:15:00,COLISIÓN POR ALCANCE,ASFALTO,Bueno,Bueno,2,TOYOTA,BLANCO Y MORADO,3,,20,MASCULINO,SIN DATOS,1,0,Morelia,Santillan La Huerta,noviembre,lunes,16,-101.219553885717,19.6760966650679
37756,37761,2021,,2021/11/22,16:50:00,COLISIÓN POR ALCANCE,ASFALTO,Bueno,Bueno,2,NISSAN,BLANCO Y GUINDA,2,,34,MASCULINO,SIN DATOS,0,0,Morelia,Ampliacion La Soledad,noviembre,lunes,17,-101.184743095,19.7297316299991
37757,37762,2021,MOR210793611,2021/11/22,16:51:00,COLISIÓN POR ALCANCE,ASFALTO,Bueno,Bueno,2,MERCURY,PLATA,1,,41,FEMENINO,SIN DATOS,0,0,Morelia,Santiaguito,noviembre,lunes,17,-101.191834108722,19.7181820570845
37758,37763,2021,,2021/11/22,17:55:00,COLISIÓN POR CAMBIO DE CARRIL,ASFALTO,Bueno,Bueno,2,NISSAN,BLANCO,2,,38,MASCULINO,SIN DATOS,0,0,Morelia,Isaac Arriaga,noviembre,lunes,18,-101.168706031481,19.7118233983296
37759,37764,2021,MOR210793936,2021/11/22,18:49:00,COLISIÓN CONTRA OBJETO FIJO,ASFALTO,Bueno,Bueno,2,CHEVROLET,ROSA Y BLANCO,2,,39,MASCULINO,SIN DATOS,0,0,Morelia,Nueva Chapultepec,noviembre,lunes,19,-101.16916257,19.6880920949992
37760,37765,2021,MOR210793924,2021/11/22,18:50:00,COLISIÓN POR CORTE DE CIRCULACIÓN,ASFALTO,Bueno,Regular,2,NISSAN,BLANCO Y ROJO,2,,43,MASCULINO,SIN DATOS,0,0,Morelia,La Esperanza,noviembre,lunes,19,-101.155037305,19.6984187599991
37761,37766,2021,MOR210793968,2021/11/22,19:10:00,COLISIÓN POR CORTE DE CIRCULACIÓN,ASFALTO,Bueno,Bueno,2,CHEVROLET,NEGRO,2,,28,MASCULINO,SIN DATOS,0,0,Morelia,Las Americas,noviembre,lunes,19,-101.157750397493,19.6913098349318
37762,37767,2021,MOR / 210794126,2021/11/22,20:30:00,COLISIÓN POR CAMBIO DE CARRIL,ASFALTO,Bueno,Bueno,2,VOLKSWAGEN,GRIS,2,,35,FEMENINO,SIN DATOS,0,0,Morelia,Camelinas,noviembre,lunes,21,-101.17262119,19.6818144849991
37763,37768,2021,,2021/11/23,"00:00:00",COLISIÓN CON PEATÓN,ADOQUIN_EMPEDRADO,Bueno,Bueno,1,NISSAN,BLANCO/ROJO,2,,64,MASCULINO,SIN DATOS,0,1,Santa Ana Maya,Del Bosque,noviembre,martes,0,-101.023755364798,20.0089007911693
37764,37769,2021,LEG40204,2021/11/23,"06:45:00",VOLCADURA,ASFALTO,Nublado,Malo,1,CHEVROLET,ROJO,1,,27,MASCULINO,SIN DATOS,0,0,Morelia,Balcones de Morelia,noviembre,martes,7,-101.200757161487,19.6730392951477
37766,37771,2021,,2021/11/23,"08:30:00",COLISIÓN POR CORTE DE CIRCULACIÓN,CONCRETO,Bueno,Bueno,2,TOYOTA,BLANCO,2,,,MASCULINO,SIN DATOS,0,0,Morelia,Ilustres Novohispanos,noviembre,martes,9,-101.152,19.7108
37767,37772,2021,,2021/11/23,"08:30:00",COLISIÓN POR CORTE DE CIRCULACIÓN,CONCRETO,Bueno,Bueno,2,VENTO,NEGRO Y ROJO,2,,31,MASCULINO,SIN DATOS,0,0,Morelia,Villas del Real,noviembre,martes,9,-101.20228235,19.7342552749991
37768,37773,2021,,2021/11/23,"08:40:00",COLISIÓN POR INVASIÓN DE CARRIL,ASFALTO,Bueno,Bueno,2,NISSAN,VERDE,2,,32,MASCULINO,SIN DATOS,0,0,Morelia,Praderas del Indio,noviembre,martes,9,-101.223494028547,19.6450845894654
37770,37775,2021,,2021/11/23,12:00:00,COLISIÓN CONTRA OBJETO FIJO,ASFALTO,Bueno,Bueno,1,FORD,GRIS,1,,27,MASCULINO,SIN DATOS,0,0,Morelia,Los Angeles,noviembre,martes,12,-101.167963479351,19.7444751194994
37772,37777,2021,,2021/11/23,13:24:00,COLISIÓN POR CORTE DE CIRCULACIÓN,ASFALTO,Bueno,Bueno,2,NISSAN,BLANCO Y ROJO,2,,43,MASCULINO,SIN DATOS,0,0,Morelia,Centro,noviembre,martes,13,-101.1904631,19.7026851599992
37773,37778,2021,,2021/11/23,13:40:00,COLISIÓN POR INVASIÓN DE CARRIL,ASFALTO,Bueno,Bueno,2,JEEP,BLANCO,4,MINISTERIO PÚBLICO,78,MASCULINO,SIN DATOS,2,0,Peribán,Sin datos,noviembre,martes,14,-102.447389767252,19.5552887283097
37774,37779,2021,,2021/11/23,15:07:00,COLISIÓN POR CORTE DE CIRCULACIÓN,ASFALTO,Bueno,Bueno,2,VOLKSWAGEN,NEGRO,2,,,,SIN DATOS,0,0,Morelia,Ventura Puente,noviembre,martes,15,-101.190679625355,19.693869097837
37775,37780,2021,,2021/11/23,15:35:00,COLISIÓN CONTRA OBJETO FIJO,CONCRETO,Bueno,Bueno,1,NISSAN,BLANCO,1,,,,SIN DATOS,0,0,Morelia,Presa de Los Reyes,noviembre,martes,16,-101.21320953,19.7342015699991
37776,37781,2021,MOR210795830,2021/11/23,17:00:00,COLISIÓN POR CORTE DE CIRCULACIÓN,ASFALTO,Bueno,Bueno,2,ITALIKA,NEGRO Y VERDE,2,,45,MASCULINO,SIN DATOS,0,0,Morelia,Fovissste Acueducto,noviembre,martes,17,-101.155989275061,19.7010102781936
37777,37782,2021,,2021/11/23,17:15:00,COLISIÓN POR CORTE DE CIRCULACIÓN,CONCRETO,Nublado,Bueno,2,MITSUBISHI,BLANCO,2,,64,MASCULINO,SIN DATOS,0,0,Morelia,Adolfo Lopez Mateos,noviembre,martes,17,-101.22405277,19.6949594099991
37778,37783,2021,,2021/11/23,19:35:00,COLISIÓN CONTRA OBJETO FIJO,CONCRETO,Bueno,Bueno,2,KTM,NEGRO,2,MINISTERIO PÚBLICO,26,MASCULINO,SIN DATOS,0,0,Morelia,Las Flores,noviembre,martes,20,-101.20791415937,19.7064662058741
37779,37784,2021,MOR210796185,2021/11/23,19:55:00,COLISIÓN CONTRA OBJETO FIJO,ASFALTO,Bueno,Regular,1,NISSAN,NEGRO,1,,29,MASCULINO,SIN DATOS,0,0,Charo,Sin datos,noviembre,martes,20,-101.079731725835,19.6867261352892
37780,37785,2021,,2021/11/23,20:20:00,COLISIÓN POR ALCANCE,ASFALTO,Bueno,Bueno,3,CHEVROLET,PLATA,3,MINISTERIO PÚBLICO,47,MASCULINO,SIN DATOS,0,0,Morelia,Indeco El Vivero,noviembre,martes,20,-101.229739233173,19.6769991168785
37781,37786,2021,,2021/11/23,20:20:00,COLISIÓN CONTRA OBJETO FIJO,ASFALTO,Bueno,Bueno,1,KIA,BLANCO,1,MINISTERIO PÚBLICO,26,MASCULINO,SIN DATOS,0,0,Morelia,Ciudad Industrial,noviembre,martes,20,-101.13887480037,19.7279519444608
37784,37789,2021,,2021/11/24,"00:00:00",COLISIÓN CON PEATÓN,SIN_DATOS,Bueno,Bueno,2,FREIGHTLINER,BLANCO/AZUL,2,,22,MASCULINO,SIN DATOS,0,0,Morelia,13 de Abril,noviembre,miércoles,0,-101.222,19.7562
37786,37791,2021,,2021/11/24,"07:00:00",COLISIÓN POR CAMBIO DE CARRIL,ASFALTO,Bueno,Bueno,1,CHEVROLET,AZUL,2,,22,MASCULINO,SIN DATOS,0,0,Morelia,Chapultepec Oriente,noviembre,miércoles,7,-101.15913378,19.6947918299991
37787,37792,2021,,2021/11/24,"09:40:00",COLISIÓN POR CAMBIO DE CARRIL,ASFALTO,Bueno,Bueno,2,FORD,ROJO,2,,49,MASCULINO,SIN DATOS,0,0,Morelia,Santillan La Huerta,noviembre,miércoles,10,-101.219553885717,19.6760966650679
37789,37794,2021,MOR210797463,2021/11/24,12:05:00,COLISIÓN POR CAMBIO DE CARRIL,CONCRETO,Bueno,Bueno,2,NISSAN,AZUL,2,MINISTERIO PÚBLICO,38,MASCULINO,SIN DATOS,0,0,Morelia,Tinijaro,noviembre,miércoles,12,-101.26316,19.6963297049991
37790,37795,2021,,2021/11/24,13:30:00,COLISIÓN POR ALCANCE,ASFALTO,Bueno,Bueno,3,CHEVROLET,ROJO,3,,25,FEMENINO,SIN DATOS,0,0,Morelia,Felix Ireta,noviembre,miércoles,14,-101.188582604864,19.6860148664875