fid,id_accidente,anio_origen,folio_c5i,dia_incidente,hora_ocurrencia,tipo_incidente_vial,superficie_ocurrencia,condiciones_climaticas,condiciones_via,numero_vehiculos_involucrados,marca_vehiculo_ocasiona_siniestro,color_vehiculo_ocasiona_siniestro,numero_personas_involucradas,lugar_remite_presunto_responsable,edad_presunto_responsable,sexo_presunto_responsable,resultados_toxicologia,numero_personas_lesionadas,numero_personas_fallecidas,municipio,colonia,mes,dia_semana,hora_redondeada,lon,lat
37792,37797,2021,,2021/11/24,17:00:00,COLISIÓN POR CORTE DE CIRCULACIÓN,ASFALTO,Bueno,Bueno,2,VOLKSWAGEN,VERDE,2,,37,MASCULINO,SIN DATOS,0,0,Morelia,Carlos Salazar,noviembre,miércoles,17,-101.209658559066,19.7124165765648
37793,37798,2021,,2021/11/24,18:45:00,COLISIÓN CON PEATÓN,SIN_DATOS,Bueno,Bueno,0,,,0,,,,,0,0,Morelia,Guadalupe,noviembre,miércoles,19,-101.393089533049,19.6666434319386
37795,37800,2021,,2021/11/24,20:00:00,COLISIÓN POR ALCANCE,ASFALTO,Bueno,Bueno,2,MERCEDES BENZ,BLANCO Y AZUL,2,,63,MASCULINO,SIN DATOS,0,0,Morelia,Santillan La Huerta,noviembre,miércoles,20,-101.219553885717,19.6760966650679
37796,37801,2021,MOR/ 210798531,2021/11/24,21:15:00,COLISIÓN POR CORTE DE CIRCULACIÓN,CONCRETO,Bueno,Bueno,2,DODGE,VINO,2,,47,MASCULINO,SIN DATOS,0,0,Tacámbaro,Sin datos,noviembre,miércoles,21,-101.452976,19.149893
37798,37803,2021,MOR210799128,2021/11/25,"09:00:00",COLISIÓN POR CORTE DE CIRCULACIÓN,ASFALTO,Bueno,Bueno,2,VOLKSWAGEN,GRIS,2,,29,MASCULINO,SIN DATOS,0,0,Morelia,Niño Artillero,noviembre,jueves,9,-101.25683701173,19.6973351446951
37799,37804,2021,,2021/11/25,"09:00:00",COLISIÓN POR ALCANCE,ASFALTO,Bueno,Bueno,3,FAMSA,BLANCO,3,,33,MASCULINO,SIN DATOS,0,0,Morelia,Centenario (Los Alamos Poniente),noviembre,jueves,9,-101.173510073937,19.7329124277456
37800,37805,2021,,2021/11/25,"09:30:00",COLISIÓN CON PEATÓN,SIN_DATOS,Bueno,Bueno,2,DODGE,GRIS,2,,0,MASCULINO,SIN DATOS,0,0,Morelia,Felix Ireta,noviembre,jueves,10,-101.195669174194,19.6814961709642
37801,37806,2021,,2021/11/25,13:50:00,COLISIÓN POR ALCANCE,ASFALTO,Bueno,Bueno,2,KURAZAI,NEGRO,2,,31,MASCULINO,SIN DATOS,0,0,Morelia,Morelos,noviembre,jueves,14,-101.206007047809,19.7023760925319
37802,37807,2021,,2021/11/25,14:10:00,COLISIÓN POR CORTE DE CIRCULACIÓN,ASFALTO,Bueno,Bueno,2,YAMAHA,BLANCO,2,,17,MASCULINO,SIN DATOS,0,0,Morelia,Las Flores,noviembre,jueves,14,-101.207277439535,19.7080768791769
37803,37808,2021,,2021/11/25,16:10:00,COLISIÓN POR CAMBIO DE CARRIL,ASFALTO,Bueno,Bueno,2,NISSAN,BLANCO,2,,51,MASCULINO,SIN DATOS,0,0,Morelia,Nueva Chapultepec,noviembre,jueves,16,-101.167198897086,19.6890153926881
37804,37809,2021,MOR210800309,2021/11/25,18:42:00,COLISIÓN POR ALCANCE,ASFALTO,Bueno,Bueno,2,VOLKSWAGEN,BLANCO,2,,18,MASCULINO,SIN DATOS,0,0,Morelia,Vista Bella,noviembre,jueves,19,-101.192052855409,19.6822544830428
37805,37810,2021,,2021/11/25,23:30:00,COLISIÓN POR ALCANCE,ASFALTO,Bueno,Bueno,2,SEAT,ROJO,3,,37,,SIN DATOS,1,0,Morelia,Jardines de La Loma,noviembre,jueves,0,-101.22563380748,19.6767070960149
37806,37811,2021,,2021/11/25,23:40:00,COLISIÓN POR CORTE DE CIRCULACIÓN,CONCRETO,Bueno,Bueno,2,NISSAN,GRIS,2,MINISTERIO PÚBLICO,27,MASCULINO,SIN DATOS,0,0,Morelia,Centro,noviembre,jueves,0,-101.195149435237,19.7030146182847
37807,37812,2021,,2021/11/26,"02:10:00",CAIDA DE MOTOCICLETA,ASFALTO,Bueno,Bueno,1,YAMAHA,NEGRO,2,MINISTERIO PÚBLICO,35,MASCULINO,SIN DATOS,1,0,Morelia,El Realito,noviembre,viernes,2,-101.20385158807,19.7256742329422
37808,37813,2021,,2021/11/26,"05:50:00",COLISIÓN CONTRA OBJETO FIJO,ASFALTO,Bueno,Bueno,1,HYUNDAI,BLANCO,0,MINISTERIO PÚBLICO,,,,0,0,Lázaro Cárdenas,Centro,noviembre,viernes,6,-102.192056240008,17.953771277057
37810,37815,2021,MOR210801306,2021/11/26,"09:15:00",COLISIÓN POR CORTE DE CIRCULACIÓN,ASFALTO,Bueno,Regular,2,SEAT,MAGENTA MISTICO,2,,30,FEMENINO,SIN DATOS,0,0,Morelia,Nueva Chapultepec,noviembre,viernes,9,-101.165076895,19.6866029549991
37812,37817,2021,,2021/11/26,11:30:00,COLISIÓN POR CORTE DE CIRCULACIÓN,CONCRETO,Bueno,Bueno,2,FORD,BLANCO,2,,60,MASCULINO,SIN DATOS,0,0,Morelia,Jardines de Torremolinos,noviembre,viernes,12,-101.226202580319,19.6783745439089
37813,37818,2021,,2021/11/26,15:00:00,COLISIÓN POR CORTE DE CIRCULACIÓN,ASFALTO,Bueno,Bueno,2,HONDA,NEGRO,2,,81,MASCULINO,SIN DATOS,0,0,Morelia,Las Americas,noviembre,viernes,15,-101.152993485,19.6887652749991
37814,37819,2021,,2021/11/26,16:00:00,COLISIÓN CON PEATÓN,ASFALTO,Bueno,Bueno,1,FORD,GUINDA/GRIS,2,,56,MASCULINO,SIN DATOS,1,0,Morelia,Tinijaro,noviembre,viernes,16,-101.26316,19.6963297049991
37815,37820,2021,MOR 210802404,2021/11/26,16:20:00,COLISIÓN POR ALCANCE,CONCRETO,Bueno,Bueno,4,DODGE,BLANCO,4,,41,MASCULINO,SIN DATOS,0,0,Morelia,La Floresta,noviembre,viernes,16,-101.151918657124,19.683425651009
37816,37821,2021,,2021/11/26,16:35:00,COLISIÓN POR INVASIÓN DE CARRIL,CONCRETO,Bueno,Bueno,2,NISSAN,BLANCO,2,,22,FEMENINO,SIN DATOS,0,0,Morelia,Fovissste Acueducto,noviembre,viernes,17,-101.15603267,19.7008874299992
37817,37822,2021,MOR/210802415,2021/11/26,16:35:00,COLISIÓN POR CORTE DE CIRCULACIÓN,ASFALTO,Bueno,Bueno,2,VOLKSWAGEN,ROJO,2,MINISTERIO PÚBLICO,27,MASCULINO,SIN DATOS,0,0,Morelia,Lomas de Guayangareo,noviembre,viernes,17,-101.160960056503,19.7026870450485
37818,37823,2021,,2021/11/26,16:40:00,COLISIÓN POR CORTE DE CIRCULACIÓN,ASFALTO,Bueno,Bueno,2,CHEVROLET,BLANCO,2,,19,FEMENINO,SIN DATOS,0,0,Morelia,Bosques Tres Marias,noviembre,viernes,17,-101.102,19.7232
37819,37824,2021,MOR210802678,2021/11/26,17:45:00,COLISIÓN POR CAMBIO DE CARRIL,ASFALTO,Bueno,Bueno,2,NISSAN,AZUL,2,,26,MASCULINO,CON CERTIFICADO,0,0,Morelia,Centro,noviembre,viernes,18,-101.18218963,19.7028850649992
37820,37825,2021,,2021/11/26,19:10:00,COLISIÓN POR CAMBIO DE CARRIL,CONCRETO,Bueno,Bueno,2,CHEVROLET,BLANCO/AZUL,2,,,MASCULINO,SIN DATOS,0,0,Morelia,Centro,noviembre,viernes,19,-101.19118388321,19.702768457823
37821,37826,2021,,2021/11/26,19:18:00,COLISIÓN POR ALCANCE,CONCRETO,Bueno,Bueno,2,VOLKSWAGEN,GRIS,2,,35,MASCULINO,SIN DATOS,0,0,Morelia,Felix Ireta,noviembre,viernes,19,-101.19509802191,19.6821447479733
37822,37827,2021,,2021/11/26,20:06:00,COLISIÓN POR INVASIÓN DE CARRIL,CONCRETO,Bueno,Bueno,2,VOLKSWAGEN,BLANCO,2,,26,FEMENINO,SIN DATOS,0,0,Morelia,Rey Tariacuri (Eucaliptos),noviembre,viernes,20,-101.198902538624,19.6789772554094
37824,37829,2021,MOR210803426,2021/11/27,"00:00:00",COLISIÓN POR CORTE DE CIRCULACIÓN,SIN_DATOS,Bueno,Bueno,2,HONDA,BLANCO,2,MINISTERIO PÚBLICO,38,MASCULINO,ALIENTO ETÍLICO,0,0,Morelia,Villas del Pedregal,noviembre,sábado,0,-101.302209,19.685042
37825,37830,2021,MOR210803556,2021/11/27,"02:30:00",COLISIÓN CONTRA OBJETO FIJO,CONCRETO,Bueno,Bueno,3,CHEVROLET,BLANCO,3,,35,MASCULINO,CON CERTIFICADO,0,0,Morelia,Melchor Ocampo,noviembre,sábado,3,-101.150475565,19.7056515999991
37826,37831,2021,,2021/11/27,"06:00:00",COLISIÓN CONTRA OBJETO FIJO,ASFALTO,Bueno,Bueno,1,NISSAN,SIN DATOS,0,MINISTERIO PÚBLICO,,,,0,0,Lázaro Cárdenas,Sin datos,noviembre,sábado,6,-102.228231467307,17.9353917543024
37827,37832,2021,,2021/11/27,11:04:00,COLISIÓN POR ALCANCE,ASFALTO,Bueno,Bueno,2,CHEVROLET,AZUL,2,,45,MASCULINO,SIN DATOS,0,0,Morelia,Camelinas,noviembre,sábado,11,-101.17422479,19.6818279999991
37828,37833,2021,,2021/11/27,11:50:00,COLISIÓN POR CORTE DE CIRCULACIÓN,CONCRETO,Bueno,Bueno,2,TOYOTA,BLANCO/ROJO,2,,,MASCULINO,SIN DATOS,0,0,Morelia,Felicitas del Rio,noviembre,sábado,12,-101.19979127,19.6896869199991
37829,37834,2021,,2021/11/27,12:11:00,COLISIÓN POR CORTE DE CIRCULACIÓN,TERRACERIA,Bueno,Bueno,2,ITALIKA,NARANJA/NEGRO,2,,29,MASCULINO,SIN DATOS,0,0,Morelia,Poblado de Ocolusen,noviembre,sábado,12,-101.150127649172,19.6944699261717
37831,37836,2021,,2021/11/27,15:10:00,COLISIÓN POR ALCANCE,ASFALTO,Bueno,Bueno,2,NISSAN,BLANCO,2,,53,MASCULINO,SIN DATOS,0,0,Morelia,Felix Ireta,noviembre,sábado,15,-101.18546571,19.6869252249992
37832,37837,2021,,2021/11/27,16:50:00,COLISIÓN POR CORTE DE CIRCULACIÓN,ASFALTO,Bueno,Bueno,3,FORD,GRIS,1,MINISTERIO PÚBLICO,,,SIN DATOS,0,0,Lázaro Cárdenas,Villa Hermosa,noviembre,sábado,17,-102.228625812993,17.9850682902216
37833,37838,2021,LEG40278,2021/11/27,19:20:00,COLISIÓN POR ALCANCE,ASFALTO,Bueno,Bueno,2,RENAULT,NEGRO,2,,55,MASCULINO,SIN DATOS,0,0,Morelia,Nueva Valladolid,noviembre,sábado,19,-101.211171435,19.7020055149992
37834,37839,2021,,2021/11/27,22:30:00,COLISIÓN POR CORTE DE CIRCULACIÓN,CONCRETO,Bueno,Bueno,2,CHEVROLET,GRIS,2,,45,MASCULINO,SIN DATOS,0,0,Morelia,Ricardo Flores Magon,noviembre,sábado,23,-101.242917585,19.7094641899991
37835,37840,2021,,2021/11/27,23:30:00,COLISIÓN POR NO RESPETAR SEMÁFORO,ASFALTO,Bueno,Bueno,2,HONDA,GRIS,2,,20,MASCULINO,SIN DATOS,0,0,Morelia,Las Americas,noviembre,sábado,0,-101.15527803761,19.6905832056681
37836,37841,2021,,2021/11/28,"00:10:00",VOLCADURA,ASFALTO,Bueno,Bueno,1,FORD,BLANCO,1,,,MASCULINO,SIN DATOS,0,0,Morelia,Benito Juarez,noviembre,domingo,0,-101.25455273,19.6835406449991
37838,37843,2021,,2021/11/28,"02:20:00",COLISIÓN CONTRA OBJETO FIJO,CONCRETO,Bueno,Bueno,1,NISSAN,BLANCO,1,,,,SIN DATOS,0,0,Morelia,Gertrudis Sanchez,noviembre,domingo,2,-101.216198712078,19.7424393539816
37839,37844,2021,,2021/11/28,"02:30:00",SALIDA DE SUPERFICIE DE RODAMIENTO,ASFALTO,Bueno,Bueno,1,V.W.,BLANCO,1,MINISTERIO PÚBLICO,32,MASCULINO,SIN DATOS,0,0,Tacámbaro,Sin datos,noviembre,domingo,3,-101.46828792312,19.286387305371
37841,37846,2021,,2021/11/28,"06:10:00",COLISIÓN CONTRA OBJETO FIJO,ASFALTO,Bueno,Bueno,1,NISSAN,GRIS,1,,47,MASCULINO,SIN DATOS,0,0,Morelia,Villa Magna,noviembre,domingo,6,-101.325926520286,19.6784028338708
37842,37847,2021,MOR210806168,2021/11/28,"06:16:00",COLISIÓN CONTRA OBJETO FIJO,ASFALTO,Bueno,Bueno,1,DODGE,NEGRO,1,,29,MASCULINO,SIN DATOS,0,0,Morelia,Las Flores,noviembre,domingo,6,-101.205698115,19.7027649199992
37843,37848,2021,MOR210806497,2021/11/28,10:48:00,COLISIÓN POR INVASIÓN DE CARRIL,ASFALTO,Bueno,Bueno,3,FORD,BLANCO,2,MINISTERIO PÚBLICO,0,MASCULINO,SIN DATOS,0,0,Morelia,Tinijaro,noviembre,domingo,11,-101.26316,19.6963297049991
37844,37849,2021,MOR210806547,2021/11/28,11:40:00,COLISIÓN CONTRA OBJETO FIJO,CONCRETO,Bueno,Bueno,1,FORD,ROJO,1,,27,FEMENINO,SIN DATOS,0,0,Morelia,El Realito,noviembre,domingo,12,-101.20131296,19.7274925349991
37846,37851,2021,MOR210807577,2021/11/28,18:01:00,COLISIÓN CONTRA OBJETO FIJO,ASFALTO,Bueno,Bueno,5,TOYOTA,GRIS,1,,77,MASCULINO,SIN DATOS,0,0,Morelia,Mariano Escobedo,noviembre,domingo,18,-101.209748685,19.7223888749991
37847,37852,2021,,2021/11/28,19:30:00,COLISIÓN POR INVASIÓN DE CARRIL,ASFALTO,Bueno,Bueno,2,GMC,BLANCO Y NEGRO,10,MINISTERIO PÚBLICO,,MASCULINO,SIN DATOS,8,0,Peribán,Sin datos,noviembre,domingo,20,-102.444269352329,19.5519147726108
37849,37854,2021,MOR/210808124,2021/11/28,23:15:00,COLISIÓN POR CORTE DE CIRCULACIÓN,ASFALTO,Bueno,Regular,2,MITSUBISHI,AZUL,2,,29,FEMENINO,SIN DATOS,0,0,Morelia,Camelinas,noviembre,domingo,23,-101.17262119,19.6818144849991
37850,37855,2021,"210808193",2021/11/29,"00:00:00",COLISIÓN CONTRA OBJETO FIJO,ASFALTO,Bueno,Bueno,2,HONDA,GRIS,2,,68,MASCULINO,CON CERTIFICADO,0,0,Morelia,La Huare,noviembre,lunes,0,-101.260031915,19.7156297449991
37853,37858,2021,,2021/11/29,"02:40:00",VOLCADURA,ASFALTO,Bueno,Bueno,1,HONDA,GRIS,1,MINISTERIO PÚBLICO,24,MASCULINO,SIN DATOS,0,0,Tacámbaro,Sin datos,noviembre,lunes,3,-101.461534821854,19.2528608674199
37854,37859,2021,,2021/11/29,"08:30:00",COLISIÓN POR ALCANCE,ASFALTO,Bueno,Bueno,3,CHEVROLET,BLANCO,3,MINISTERIO PÚBLICO,,FEMENINO,SIN DATOS,0,0,Morelia,Camelinas,noviembre,lunes,9,-101.17262119,19.6818144849991
37855,37860,2021,MOR210808212,2021/11/29,12:10:00,COLISIÓN CONTRA OBJETO FIJO,ASFALTO,Bueno,Bueno,1,DODGE,GRIS,1,,38,MASCULINO,SIN DATOS,0,0,Morelia,Los Angeles,noviembre,lunes,12,-101.172693695,19.7488773499992
37856,37861,2021,,2021/11/29,12:15:00,VOLCADURA,ASFALTO,Bueno,Bueno,1,GMC,BLANCO,0,,,,,0,0,Tangamandapio,Sin datos,noviembre,lunes,12,-102.381962153738,19.9205196163184
37857,37862,2021,,2021/11/29,12:40:00,COLISIÓN CON PEATÓN,ASFALTO,Bueno,Bueno,2,KENWORTH,GRIS,1,,,,SIN DATOS,0,0,Morelia,Centro,noviembre,lunes,13,-101.18754847,19.7028479949991
37859,37864,2021,,2021/11/29,14:30:00,COLISIÓN POR CAMBIO DE CARRIL,ASFALTO,Bueno,Bueno,2,ITALIKA,ROJO-NEGRO,2,MINISTERIO PÚBLICO,,,,2,0,Hidalgo,Corros,noviembre,lunes,15,-100.555596233103,19.7071839405663
37860,37865,2021,,2021/11/29,16:30:00,COLISIÓN POR ALCANCE,ASFALTO,Bueno,Bueno,2,FORD,GUINDAQ,2,,45,MASCULINO,SIN DATOS,0,0,Morelia,Enrique Ramirez,noviembre,lunes,17,-101.166016211543,19.7096478904883
37861,37866,2021,,2021/11/29,17:40:00,COLISIÓN POR CORTE DE CIRCULACIÓN,CONCRETO,Bueno,Bueno,2,DODGE,BLANCO,2,,29,MASCULINO,SIN DATOS,0,0,Morelia,Veinte de Noviembre,noviembre,lunes,18,-101.16693748,19.7207979449991
37862,37867,2021,,2021/11/29,19:20:00,COLISIÓN POR INVASIÓN DE CARRIL,ASFALTO,Bueno,Bueno,3,MAZDA,GRIS,3,,61,FEMENINO,SIN DATOS,0,0,Morelia,Vista Bella,noviembre,lunes,19,-101.199565182172,19.6797662637573
37863,37868,2021,,2021/11/29,19:30:00,COLISIÓN POR CAMBIO DE CARRIL,ASFALTO,Bueno,Bueno,2,VOLKSWAGEN,GRIS,2,,33,FEMENINO,SIN DATOS,0,0,Morelia,Lomas de Morelia (Dr Ignacio Chavez),noviembre,lunes,20,-101.175452644618,19.7162004988672
37865,37870,2021,,2021/11/30,"06:30:00",SUBIDA AL CAMELLÓN,ASFALTO,Bueno,Bueno,1,VOLKSWAGEN,ROJO,1,,53,MASCULINO,SIN DATOS,0,0,Morelia,Lomas del Tecnologico,noviembre,martes,7,-101.192971737429,19.7218067072296
37866,37871,2021,,2021/11/30,"08:05:00",COLISIÓN POR ALCANCE,ASFALTO,Bueno,Bueno,2,ITALIKA,NEGRO Y AMARILLO,2,,23,MASCULINO,SIN DATOS,0,0,Morelia,Ignacio Zaragoza,noviembre,martes,8,-101.204222336317,19.723849518802
37867,37872,2021,MOR210810650,2021/11/30,"08:40:00",COLISIÓN POR CORTE DE CIRCULACIÓN,ASFALTO,Bueno,Bueno,2,MAZDA,GRIS,2,,36,MASCULINO,SIN DATOS,0,0,Morelia,Infonavit Manantiales,noviembre,martes,9,-101.238266088931,19.6932042372071
37868,37873,2021,MOR 210810773,2021/11/30,10:30:00,COLISIÓN POR CAMBIO DE CARRIL,ASFALTO,Bueno,Regular,2,CHEVROLET,BLANCO,2,,62,MASCULINO,CON CERTIFICADO,0,0,Morelia,La Soledad,noviembre,martes,11,-101.185166715661,19.7274533823308
37869,37874,2021,MOR210811070,2021/11/30,12:15:00,COLISIÓN POR CORTE DE CIRCULACIÓN,ASFALTO,Bueno,Bueno,2,VOLKSWAGEN,GRIS,2,,,MASCULINO,SIN DATOS,0,0,Morelia,Tinijaro,noviembre,martes,12,-101.26316,19.6963297049991
37870,37875,2021,,2021/11/30,13:00:00,COLISIÓN POR MANIOBRA DE REVERSA,CONCRETO,Bueno,Bueno,2,NISSAN,AZUL,2,,28,MASCULINO,SIN DATOS,0,0,Morelia,Vasco de Quiroga,noviembre,martes,13,-101.17372814,19.7021216199992
37871,37876,2021,,2021/11/30,13:00:00,COLISIÓN POR CORTE DE CIRCULACIÓN,ASFALTO,Bueno,Bueno,2,KURAZAI,GRIS,2,,,MASCULINO,SIN DATOS,0,0,Morelia,Centro,noviembre,martes,13,-101.18754847,19.7028479949991
37873,37878,2021,,2021/11/30,15:25:00,COLISIÓN POR CAMBIO DE CARRIL,CONCRETO,Bueno,Bueno,2,KENWORTH,ROJO,2,,33,MASCULINO,SIN DATOS,0,0,Morelia,Ferrocarrilero,noviembre,martes,15,-101.223609235,19.6918737849991
37874,37879,2021,,2021/11/30,15:30:00,COLISIÓN CON PEATÓN,ASFALTO,Bueno,Bueno,1,HONDA,ROJO,2,MINISTERIO PÚBLICO,24,MASCULINO,SIN DATOS,1,0,Morelia,Santillan La Huerta,noviembre,martes,16,-101.21886954349,19.6750041035967
37875,37880,2021,,2021/11/30,16:00:00,COLISIÓN POR ALCANCE,ASFALTO,Bueno,Bueno,2,KENWORTH,ROJO,2,,53,MASCULINO,SIN DATOS,0,0,Morelia,Poblado de Ocolusen,noviembre,martes,16,-101.155088675,19.6951327349991
37876,37881,2021,MOR210776049,2021/11/30,16:10:00,COLISIÓN POR ALCANCE,ASFALTO,Bueno,Bueno,2,HYUNDAI,NEGRO,2,,,MASCULINO,SIN DATOS,0,0,Morelia,Los Angeles,noviembre,martes,16,-101.167963479351,19.7444751194994
37877,37882,2021,,2021/11/30,17:10:00,COLISIÓN POR ALCANCE,ASFALTO,Bueno,Bueno,2,FORD,NEGRO,2,,36,FEMENINO,SIN DATOS,0,0,Morelia,El Realito,noviembre,martes,17,-101.203137012728,19.7271577016115
37879,37884,2021,,2021/11/30,19:08:00,COLISIÓN POR INVASIÓN DE CARRIL,ASFALTO,Bueno,Bueno,2,JEEP,GRIS,2,,67,MASCULINO,SIN DATOS,0,0,Morelia,Puerto de Buenavista,noviembre,martes,19,-101.126352197769,19.6849018019943
37880,37885,2021,,2021/11/30,21:22:00,COLISIÓN POR MANIOBRA DE REVERSA,TERRACERIA,Bueno,Regular,2,FORD,AZUL MARINO,2,MINISTERIO PÚBLICO,39,MASCULINO,SIN DATOS,0,0,Pátzcuaro,Centro,noviembre,martes,21,-101.617818332541,19.5162518823
37881,37886,2021,MOR210812667,2021/12/01,"01:30:00",COLISIÓN CONTRA OBJETO FIJO,ASFALTO,Bueno,Bueno,1,NISSAN,AZUL,1,,27,MASCULINO,SIN DATOS,0,0,Morelia,Las Americas,diciembre,miércoles,2,-101.15527803761,19.6905832056681
37882,37887,2021,,2021/12/01,"08:40:00",COLISIÓN POR CAMBIO DE CARRIL,ASFALTO,Bueno,Bueno,2,VOLKSWAGEN,BLANCO,1,MINISTERIO PÚBLICO,,,,1,0,Cuitzeo,Sin datos,diciembre,miércoles,9,-101.175232417881,19.9671538634031
37883,37888,2021,,2021/12/01,10:10:00,COLISIÓN POR ALCANCE,ASFALTO,Bueno,Bueno,2,MITSUBISHI,BLANCO,2,,31,FEMENINO,SIN DATOS,0,0,Morelia,Sentimientos de La Nacion,diciembre,miércoles,10,-101.234292984009,19.6789192089646
37884,37889,2021,,2021/12/01,13:40:00,COLISIÓN POR CORTE DE CIRCULACIÓN,CONCRETO,Bueno,Bueno,2,NISSAN,GRIS,2,,20,FEMENINO,SIN DATOS,0,0,Morelia,Felicitas del Rio,diciembre,miércoles,14,-101.200257123757,19.6935246012511
37885,37890,2021,,2021/12/01,14:20:00,COLISIÓN POR ALCANCE,ASFALTO,Bueno,Bueno,2,SEAT,GRIS,2,,65,MASCULINO,SIN DATOS,0,0,Morelia,Reforma,diciembre,miércoles,14,-101.240796241532,19.7078956687036
37886,37891,2021,,2021/12/01,14:50:00,COLISIÓN CONTRA OBJETO FIJO,ASFALTO,Bueno,Bueno,2,SEAT,BLANCO,2,,34,MASCULINO,SIN DATOS,0,0,Morelia,Guadalupe,diciembre,miércoles,15,-101.225952990353,19.7084600616261
37889,37894,2021,,2021/12/01,16:00:00,COLISIÓN POR CAMBIO DE CARRIL,ASFALTO,Bueno,Bueno,2,NISSAN,BLANCO,2,,48,MASCULINO,SIN DATOS,0,0,Morelia,Las Americas,diciembre,miércoles,16,-101.159018068149,19.6879668054491
37890,37895,2021,,2021/12/01,16:55:00,COLISIÓN CONTRA OBJETO FIJO,CONCRETO,Bueno,Bueno,1,HYUNDAI,BLANCO,1,,14,MASCULINO,SIN DATOS,0,0,Morelia,Valle Quieto,diciembre,miércoles,17,-101.204574427062,19.6841545318866
37891,37896,2021,MOR210814938,2021/12/01,16:55:00,COLISIÓN CONTRA OBJETO FIJO,CONCRETO,Bueno,Bueno,1,HYUNDAI,BLANCO,1,,14,MASCULINO,SIN DATOS,0,0,Morelia,Valle Quieto,diciembre,miércoles,17,-101.204574427062,19.6841545318866
37892,37897,2021,,2021/12/01,17:00:00,COLISIÓN POR CORTE DE CIRCULACIÓN,CONCRETO,Bueno,Bueno,2,RENAULT,BLANCO ROSA,2,,0,MASCULINO,SIN DATOS,0,0,Morelia,El Realito,diciembre,miércoles,17,-101.20265687,19.7280185399992
37893,37898,2021,,2021/12/01,18:00:00,COLISIÓN POR ALCANCE,ASFALTO,Bueno,Bueno,2,NISSAN,GRIS,2,,58,FEMENINO,SIN DATOS,0,0,Morelia,Vista Bella,diciembre,miércoles,18,-101.196745105766,19.6785438481689
37894,37899,2021,,2021/12/01,18:30:00,COLISIÓN CONTRA OBJETO FIJO,ASFALTO,Bueno,Bueno,2,NISSAN,BLANCO,2,,30,MASCULINO,SIN DATOS,0,0,Morelia,Chapultepec Norte,diciembre,miércoles,19,-101.17747677,19.6964021849991
37895,37900,2021,,2021/12/01,19:15:00,COLISIÓN POR CAMBIO DE CARRIL,ASFALTO,Bueno,Bueno,2,INTERNATIONAL,AMARILLO,2,,61,MASCULINO,SIN DATOS,0,0,Morelia,Ricardo Flores Magon,diciembre,miércoles,19,-101.243406764485,19.705299252431
37896,37901,2021,,2021/12/01,19:20:00,COLISIÓN POR CORTE DE CIRCULACIÓN,ASFALTO,Bueno,Bueno,2,TOYOTA HIGLANDER,BLANCO,2,,54,MASCULINO,SIN DATOS,0,0,Morelia,Tres Puentes,diciembre,miércoles,19,-101.213736229323,19.7026686978774
37897,37902,2021,,2021/12/01,19:40:00,COLISIÓN POR CORTE DE CIRCULACIÓN,ASFALTO,Bueno,Bueno,2,NISSAN,NEGRO,2,MINISTERIO PÚBLICO,23,MASCULINO,SIN DATOS,0,0,Morelia,Adolfo Lopez Mateos,diciembre,miércoles,20,-101.223034777425,19.6944218831494
37898,37903,2021,LEG40347,2021/12/01,20:22:00,COLISIÓN CONTRA OBJETO FIJO,CONCRETO,Bueno,Bueno,2,INTERNATIONAL,BLANCO,1,,47,MASCULINO,SIN DATOS,0,0,Morelia,Primaveras,diciembre,miércoles,20,-101.22570823878,19.6791578448714
37899,37904,2021,,2021/12/01,20:35:00,COLISIÓN POR CORTE DE CIRCULACIÓN,ASFALTO,Bueno,Bueno,2,BMW COUPE,BLANCO,2,,36,FEMENINO,SIN DATOS,0,0,Morelia,Industrial,diciembre,miércoles,21,-101.199638862078,19.7066286182322
37900,37905,2021,,2021/12/01,21:00:00,COLISIÓN POR CORTE DE CIRCULACIÓN,ASFALTO,Bueno,Bueno,2,TOYOTA,BLANCO,2,,62,MASCULINO,SIN DATOS,0,0,Morelia,Los Manantiales de Morelia,diciembre,miércoles,21,-101.242966882216,19.7004253765537
37901,37906,2021,,2021/12/01,22:40:00,VOLCADURA,ASFALTO,Bueno,Bueno,2,NISSAN,AZUL MARINO,2,MINISTERIO PÚBLICO,55,MASCULINO,SIN DATOS,0,0,Morelia,Bosques de Oriente,diciembre,miércoles,23,-101.155590199363,19.715731166676
37902,37907,2021,,2021/12/02,"08:30:00",COLISIÓN POR CAMBIO DE CARRIL,CONCRETO,Bueno,Bueno,2,HONDA,GRIS,2,,45,FEMENINO,SIN DATOS,0,0,Morelia,Morelos,diciembre,jueves,9,-101.206009120417,19.7023763794837
37903,37908,2021,MOR210815108,2021/12/02,"09:36:00",COLISIÓN POR CAMBIO DE CARRIL,ASFALTO,Bueno,Bueno,2,DINAMO,ROJO,2,,,MASCULINO,SIN DATOS,0,0,Morelia,Centro,diciembre,jueves,10,-101.192427267401,19.702971690344
37904,37909,2021,,2021/12/02,"09:40:00",COLISIÓN POR CAMBIO DE CARRIL,ASFALTO,Bueno,Bueno,2,SCANIA,GRIS Y AZUL,2,,24,MASCULINO,SIN DATOS,0,0,Morelia,Elias Perez Avalos,diciembre,jueves,10,-101.165836365408,19.7104261169076
37905,37910,2021,,2021/12/02,10:05:00,COLISIÓN POR CORTE DE CIRCULACIÓN,ASFALTO,Bueno,Regular,2,TOYOTA,BLANCO,2,,54,MASCULINO,SIN DATOS,0,0,Morelia,Vasco de Quiroga,diciembre,jueves,10,-101.168902739882,19.7049772971208