fid,id_accidente,anio_origen,folio_c5i,dia_incidente,hora_ocurrencia,tipo_incidente_vial,superficie_ocurrencia,condiciones_climaticas,condiciones_via,numero_vehiculos_involucrados,marca_vehiculo_ocasiona_siniestro,color_vehiculo_ocasiona_siniestro,numero_personas_involucradas,lugar_remite_presunto_responsable,edad_presunto_responsable,sexo_presunto_responsable,resultados_toxicologia,numero_personas_lesionadas,numero_personas_fallecidas,municipio,colonia,mes,dia_semana,hora_redondeada,lon,lat
37906,37911,2021,,2021/12/02,13:20:00,COLISIÓN POR CORTE DE CIRCULACIÓN,ASFALTO,Bueno,Bueno,2,NISSAN,BLANCO Y ROJO,2,,47,MASCULINO,SIN DATOS,0,0,Morelia,Indeco Santiaguito,diciembre,jueves,13,-101.178548329246,19.7201495544891
37907,37912,2021,,2021/12/02,13:30:00,COLISIÓN POR CORTE DE CIRCULACIÓN,CONCRETO,Bueno,Bueno,2,NISSAN,PLATA,2,,16,FEMENINO,SIN DATOS,0,0,Morelia,Club de Golf Tres Marias,diciembre,jueves,14,-101.108443706549,19.7080324030964
37908,37913,2021,,2021/12/02,14:35:00,COLISIÓN POR CORTE DE CIRCULACIÓN,ASFALTO,Bueno,Bueno,3,TOYOTA,BLANCO/CORAL,3,MINISTERIO PÚBLICO,71,MASCULINO,SIN DATOS,0,0,Morelia,Elias Perez Avalos,diciembre,jueves,15,-101.165609292008,19.7113863240386
37909,37914,2021,,2021/12/02,16:15:00,COLISIÓN POR CORTE DE CIRCULACIÓN,CONCRETO,Bueno,Bueno,2,HONDA,GRIS,2,,40,,SIN DATOS,0,0,Morelia,Vasco de Quiroga,diciembre,jueves,16,-101.17460411042,19.7028047131242
37910,37915,2021,MOR210816707,2021/12/02,17:50:00,COLISIÓN POR CAMBIO DE CARRIL,ASFALTO,Bueno,Bueno,2,SCANIA,BLANCO,2,,41,MASCULINO,SIN DATOS,0,0,Morelia,Elias Perez Avalos,diciembre,jueves,18,-101.165477589441,19.7104337494655
37911,37916,2021,,2021/12/02,19:13:00,COLISIÓN CON PEATÓN,SIN_DATOS,Bueno,Bueno,2,TOYOTA,BLANCO CON GRIS,2,,28,,SIN DATOS,0,0,Morelia,Poblado de Ocolusen,diciembre,jueves,19,-101.149484217167,19.6946784887526
37912,37917,2021,LEG40408,2021/12/02,19:30:00,COLISIÓN POR CORTE DE CIRCULACIÓN,ASFALTO,Bueno,Bueno,2,TOYOTA,AZUL,2,,41,MASCULINO,SIN DATOS,0,0,Morelia,Lomas de La Maestranza,diciembre,jueves,20,-101.331491179086,19.6843664190761
37913,37918,2021,MOR210816893,2021/12/02,20:20:00,COLISIÓN POR CORTE DE CIRCULACIÓN,ASFALTO,Bueno,Bueno,2,ITALIKA,AZUL,2,MINISTERIO PÚBLICO,23,MASCULINO,SIN DATOS,0,0,Morelia,Las Flores,diciembre,jueves,20,-101.208921237434,19.708341382491
37914,37919,2021,,2021/12/03,"00:00:00",COLISIÓN POR ALCANCE,ASFALTO,Bueno,Bueno,2,FORD,BLANCO,2,MINISTERIO PÚBLICO,29,MASCULINO,SIN DATOS,0,0,Morelia,Felix Ireta,diciembre,viernes,0,-101.190105135,19.6853188699992
37915,37920,2021,,2021/12/03,"01:40:00",COLISIÓN POR ALCANCE,ASFALTO,Bueno,Bueno,2,HONDA,PLATA,2,,23,MASCULINO,SIN DATOS,0,0,Morelia,Elias Perez Avalos,diciembre,viernes,2,-101.167813022979,19.7136335493406
37916,37921,2021,MOR210817305,2021/12/03,"02:40:00",CAIDA DE MOTOCICLETA,ASFALTO,Bueno,Bueno,1,HONDA,AZUL,1,,21,MASCULINO,ALIENTO ETÍLICO,0,0,Morelia,Centro,diciembre,viernes,3,-101.18218963,19.7028850649992
37917,37922,2021,MOR210817364,2021/12/03,"04:30:00",COLISIÓN CONTRA OBJETO FIJO,CONCRETO,Bueno,Bueno,1,FORD,BLANCO,1,,36,MASCULINO,SIN DATOS,0,0,Morelia,La Hacienda,diciembre,viernes,5,-101.317751624368,19.6762585164927
37918,37923,2021,,2021/12/03,"09:10:00",COLISIÓN POR CAMBIO DE CARRIL,ASFALTO,Bueno,Bueno,2,ITALIKA,NEGRO,2,MINISTERIO PÚBLICO,37,MASCULINO,SIN DATOS,0,0,Morelia,La Colina,diciembre,viernes,9,-101.215538487631,19.7057864736237
37919,37924,2021,,2021/12/03,"09:30:00",COLISIÓN POR CORTE DE CIRCULACIÓN,ASFALTO,Bueno,Bueno,2,HONDA,BLANCO,2,,26,MASCULINO,SIN DATOS,0,0,Morelia,Bosques de Oriente,diciembre,viernes,10,-101.154034291482,19.7186977234725
37920,37925,2021,MOR210818038,2021/12/03,12:20:00,COLISIÓN POR CAMBIO DE CARRIL,ASFALTO,Bueno,Bueno,2,ITALIKA,NEGRO,2,,23,FEMENINO,SIN DATOS,0,0,Morelia,Martires de Uruapan,diciembre,viernes,12,-101.20071106,19.7275296449991
37921,37926,2021,,2021/12/03,14:00:00,COLISIÓN CON PEATÓN,ASFALTO,Bueno,Bueno,1,DODGE,ROJO,2,MINISTERIO PÚBLICO,53,MASCULINO,SIN DATOS,1,0,Pátzcuaro,Centro,diciembre,viernes,14,-101.607053408571,19.5194966181755
37922,37927,2021,,2021/12/03,14:00:00,COLISIÓN POR CAMBIO DE CARRIL,CONCRETO,Bueno,Bueno,2,FORD,VERDE,2,,35,MASCULINO,SIN DATOS,0,0,Morelia,Juarez,diciembre,viernes,14,-101.195368650728,19.6962137203868
37923,37928,2021,,2021/12/03,14:45:00,COLISIÓN POR CORTE DE CIRCULACIÓN,CONCRETO,Bueno,Bueno,2,VOLKSWAGEN,BLANCO,2,,35,MASCULINO,SIN DATOS,0,0,Morelia,Alberto Oviedo Mota,diciembre,viernes,15,-101.198908182011,19.681555672698
37924,37929,2021,,2021/12/03,15:00:00,COLISIÓN POR INVASIÓN DE CARRIL,ASFALTO,Bueno,Bueno,2,VOLKSWAGEN,GRIS,2,MINISTERIO PÚBLICO,48,MASCULINO,SIN DATOS,0,0,Morelia,Arboledas de Valladolid,diciembre,viernes,15,-101.249515755,19.6942180799991
37925,37930,2021,,2021/12/03,17:05:00,COLISIÓN POR ALCANCE,ASFALTO,Bueno,Bueno,2,DODGE,AZUL,2,,26,FEMENINO,SIN DATOS,0,0,Morelia,Libertad,diciembre,viernes,17,-101.23546239608,19.6883193300473
37926,37931,2021,,2021/12/03,17:15:00,COLISIÓN POR CAMBIO DE CARRIL,ASFALTO,Bueno,Bueno,2,FREIGHTLINER,ROJO,2,,26,MASCULINO,SIN DATOS,0,0,Morelia,La Quemada,diciembre,viernes,17,-101.240059827697,19.7032952648833
37927,37932,2021,,2021/12/03,18:10:00,COLISIÓN POR CORTE DE CIRCULACIÓN,ASFALTO,Bueno,Bueno,2,NISSAN,CAFE,2,,47,MASCULINO,SIN DATOS,0,0,Morelia,El Lago 1,diciembre,viernes,18,-101.216335622487,19.7307987163553
37928,37933,2021,,2021/12/03,18:40:00,COLISIÓN CONTRA OBJETO FIJO,ASFALTO,Bueno,Bueno,1,JEEP,ROJO,1,MINISTERIO PÚBLICO,,,SIN DATOS,0,0,Morelia,Cañada del Bosque,diciembre,viernes,19,-101.097469366718,19.7282996448773
37929,37934,2021,,2021/12/03,19:30:00,SUBIDA AL CAMELLÓN,CONCRETO,Bueno,Bueno,1,DODGE,PLATA,1,,62,MASCULINO,SIN DATOS,0,0,Morelia,Lazaro Cardenas,diciembre,viernes,20,-101.162058507071,19.7101112773308
37930,37935,2021,,2021/12/03,20:24:00,COLISIÓN POR CORTE DE CIRCULACIÓN,ASFALTO,Bueno,Bueno,2,ITALIKA,AMARILLO,2,,20,MASCULINO,SIN DATOS,0,0,Morelia,San Jose del Cerrito,diciembre,viernes,20,-101.222373722911,19.6615895379848
37931,37936,2021,,2021/12/04,"00:00:00",COLISIÓN POR MANIOBRA DE REVERSA,CONCRETO,Bueno,Bueno,3,AUDI,GRIS,3,,,MASCULINO,SIN DATOS,0,0,Morelia,Nueva Chapultepec,diciembre,sábado,0,-101.174059591509,19.6891328521683
37932,37937,2021,,2021/12/04,"00:00:00",COLISIÓN POR ALCANCE,SIN_DATOS,Bueno,Bueno,2,TOYOTA,BLANCO/NARAJJA,2,,26,MASCULINO,SIN DATOS,0,0,Morelia,Felix Ireta,diciembre,sábado,0,-101.192053251647,19.6823807293281
37933,37938,2021,MOR210820511,2021/12/04,"00:50:00",COLISIÓN POR CORTE DE CIRCULACIÓN,CONCRETO,Bueno,Bueno,2,BENOTTO,AZUL,2,,,FEMENINO,SIN DATOS,0,0,Morelia,El Lago 3,diciembre,sábado,1,-101.219665798708,19.7255458202325
37934,37939,2021,,2021/12/04,"01:30:00",COLISIÓN POR ALCANCE,ASFALTO,Bueno,Bueno,3,VOLKSWAGEN,BLANCO,3,,,MASCULINO,SIN DATOS,0,0,Morelia,Libertad,diciembre,sábado,2,-101.237313120889,19.6858428923456
37935,37940,2021,MOR210819932,2021/12/04,"05:11:00",COLISIÓN POR ALCANCE,ASFALTO,Bueno,Bueno,1,CHEVROLET,ARENA,1,,26,MASCULINO,SIN DATOS,0,0,Morelia,Quinceo,diciembre,sábado,5,-101.221444166518,19.7277168242077
37938,37943,2021,,2021/12/04,12:00:00,COLISIÓN POR CORTE DE CIRCULACIÓN,ASFALTO,Bueno,Bueno,2,CHRYSLER,AZUL BUTANO,2,,27,MASCULINO,SIN DATOS,0,0,Morelia,Poblado de Ocolusen,diciembre,sábado,12,-101.155088675,19.6951327349991
37939,37944,2021,MOR /210820503,2021/12/04,12:00:00,COLISIÓN POR CORTE DE CIRCULACIÓN,ASFALTO,Bueno,Bueno,0,,,0,,,,,0,0,Morelia,3 de Agosto,diciembre,sábado,12,-101.172176315024,19.7310656269869
37941,37946,2021,MOR210820824,2021/12/04,15:17:00,COLISIÓN POR INVASIÓN DE CARRIL,ASFALTO,Bueno,Bueno,2,FREIGHLINER,BLANCO,2,,,MASCULINO,SIN DATOS,0,0,Morelia,Mariano Escobedo,diciembre,sábado,15,-101.209748685,19.7223888749991
37942,37947,2021,MOR 210820976,2021/12/04,15:40:00,COLISIÓN POR CORTE DE CIRCULACIÓN,ASFALTO,Bueno,Regular,2,HYUNDAI,GRIS,2,,27,MASCULINO,SIN DATOS,0,0,Morelia,Las Americas,diciembre,sábado,16,-101.155793748118,19.6889746420048
37943,37948,2021,,2021/12/04,16:10:00,COLISIÓN POR CORTE DE CIRCULACIÓN,ASFALTO,Bueno,Bueno,2,CHEVROLET,NARANJA,2,,49,MASCULINO,SIN DATOS,0,0,Morelia,Centro,diciembre,sábado,16,-101.18218963,19.7028850649992
37944,37949,2021,,2021/12/04,16:31:00,COLISIÓN POR NO RESPETAR SEMÁFORO,ASFALTO,Bueno,Bueno,2,VOLKSWAGEN,BLANCO,2,MINISTERIO PÚBLICO,,MASCULINO,SIN DATOS,0,0,Morelia,Fovissste La Huerta,diciembre,sábado,17,-101.212283545,19.6922831999991
37945,37950,2021,MOR21082119,2021/12/04,17:00:00,COLISIÓN CONTRA OBJETO FIJO,CONCRETO,Bueno,Bueno,1,MERCURY,ARENA,0,,,,,0,0,Morelia,Vicente Lombardo Toledano (Ejidal Isacc Arriaga) (Etnias de Mexico),diciembre,sábado,17,-101.153781035,19.7163542149991
37946,37951,2021,MOR210821281,2021/12/04,18:00:00,VOLCADURA,ASFALTO,Bueno,Bueno,1,FIAT,NEGRO,1,,42,MASCULINO,SIN DATOS,0,0,Morelia,Valle de Las Flores,diciembre,sábado,18,-101.126360222697,19.6877504809324
37947,37952,2021,,2021/12/04,18:20:00,COLISIÓN POR CORTE DE CIRCULACIÓN,ASFALTO,Bueno,Bueno,2,ITALIKA,BLANCO,2,,33,MASCULINO,SIN DATOS,0,0,Morelia,Felicitas del Rio,diciembre,sábado,18,-101.200257123757,19.6935246012511
37948,37953,2021,,2021/12/04,18:40:00,SALIDA DE SUPERFICIE DE RODAMIENTO,TERRACERIA,Bueno,Malo,1,CRYSLER,AZUL BUTANO,1,,73,MASCULINO,SIN DATOS,0,0,Morelia,Dr Miguel Silva,diciembre,sábado,19,-101.187927793444,19.7204887484457
37949,37954,2021,MOR210821353,2021/12/04,18:40:00,COLISIÓN POR INVASIÓN DE CARRIL,ASFALTO,Bueno,Regular,2,FORD,ROJO,2,,50,MASCULINO,ALIENTO ETÍLICO,0,0,Morelia,Loma Real,diciembre,sábado,19,-101.198511035607,19.7291076293528
37951,37956,2021,,2021/12/04,20:30:00,COLISIÓN POR CAMBIO DE CARRIL,CONCRETO,Bueno,Bueno,2,MERCEDES BENZ,BLANCO,2,,48,MASCULINO,SIN DATOS,0,0,Morelia,Tzindurio de Morelos,diciembre,sábado,21,-101.25017071651,19.6984960726777
37952,37957,2021,MOR210821489,2021/12/04,20:40:00,COLISIÓN POR ALCANCE,ASFALTO,Bueno,Bueno,2,CHEVROLET,AZUL/BLANCO,2,,56,MASCULINO,SIN DATOS,0,0,Charo,Sin datos,diciembre,sábado,21,-101.050233095884,19.6850419514803
37953,37958,2021,MOR210821753,2021/12/04,21:50:00,COLISIÓN POR CORTE DE CIRCULACIÓN,CONCRETO,Bueno,Bueno,2,VOLKSWAGEN,BLANCO/ROJO,2,,,MASCULINO,SIN DATOS,0,0,Morelia,El Porvenir,diciembre,sábado,22,-101.203826747156,19.7097526141347
37954,37959,2021,MOR210821811,2021/12/04,22:00:00,COLISIÓN POR CAMBIO DE CARRIL,ASFALTO,Bueno,Bueno,2,JEEP,ARENA,2,,57,FEMENINO,SIN DATOS,0,0,Morelia,Las Flores,diciembre,sábado,22,-101.207252629101,19.7080683282916
37955,37960,2021,MOR 210821911,2021/12/04,22:50:00,COLISIÓN POR CORTE DE CIRCULACIÓN,ASFALTO,Bueno,Regular,2,MERCEDEZ BENZ,GRIS,2,,29,MASCULINO,SIN DATOS,0,0,Morelia,Prados Verdes,diciembre,sábado,23,-101.200501204215,19.7187002824881
37956,37961,2021,,2021/12/04,23:28:00,COLISIÓN CONTRA OBJETO FIJO,CONCRETO,Bueno,Bueno,1,MAZDA,BLANCO,0,,,,,0,0,Morelia,Santa Cecilia,diciembre,sábado,23,-101.187613464214,19.6671872401271
37957,37962,2021,,2021/12/05,"00:00:00",COLISIÓN POR CORTE DE CIRCULACIÓN,ASFALTO,Bueno,Bueno,2,S/D,s,1,,,MASCULINO,SIN DATOS,0,0,Morelia,Los Angeles,diciembre,domingo,0,-101.177262149083,19.7402004133484
37958,37963,2021,MOR/210336487,2021/12/05,"01:10:00",COLISIÓN CONTRA OBJETO FIJO,ASFALTO,Bueno,Bueno,1,FORD,GRIS,1,,25,MASCULINO,SIN DATOS,0,0,Morelia,Montaña Monarca,diciembre,domingo,1,-101.164684295654,19.6655919128162
37959,37964,2021,,2021/12/05,"01:20:00",COLISIÓN CONTRA OBJETO FIJO,ASFALTO,Bueno,Bueno,3,VOLKSWAGEN,NEGRO,3,MINISTERIO PÚBLICO,21,MASCULINO,ALIENTO ETÍLICO,0,0,Morelia,3 de Agosto,diciembre,domingo,1,-101.164852573789,19.7277802593705
37960,37965,2021,MOR210822373,2021/12/05,"06:10:00",SUBIDA AL CAMELLÓN,ASFALTO,Bueno,Bueno,1,CHEVROLET,BLANCO,1,,,,SIN DATOS,0,0,Morelia,Nueva Jacarndas,diciembre,domingo,6,-101.18931130252,19.681942267715
37961,37966,2021,,2021/12/05,"06:30:00",COLISIÓN CONTRA OBJETO FIJO,ASFALTO,Bueno,Bueno,1,HONDA,NEGRO,1,,,,SIN DATOS,0,0,Morelia,Ignaci0 Ramirez,diciembre,domingo,7,-101.223119907081,19.7262009429802
37962,37967,2021,,2021/12/05,"09:35:00",COLISIÓN POR CORTE DE CIRCULACIÓN,CONCRETO,Bueno,Bueno,2,VOLKSWAGEN,GRIS,2,,23,MASCULINO,SIN DATOS,0,0,Morelia,Centro,diciembre,domingo,10,-101.194328709759,19.7010323450381
37963,37968,2021,,2021/12/05,12:10:00,COLISIÓN POR ALCANCE,ASFALTO,Bueno,Bueno,2,NISSAN,BLANCO Y NEGRO,1,,45,MASCULINO,SIN DATOS,0,0,Tarímbaro,Sin datos,diciembre,domingo,12,-101.23466242782,19.7738679216772
37964,37969,2021,,2021/12/05,12:20:00,COLISIÓN POR CORTE DE CIRCULACIÓN,ASFALTO,Bueno,Bueno,2,NISSAN,BLANCO Y ROJO,1,MINISTERIO PÚBLICO,37,MASCULINO,SIN DATOS,0,0,Morelia,Jardines de Guadalupe,diciembre,domingo,12,-101.219243414022,19.7125721420451
37965,37970,2021,,2021/12/05,13:00:00,COLISIÓN POR ALCANCE,ASFALTO,Bueno,Bueno,2,FORD,VERDE,2,,36,MASCULINO,SIN DATOS,0,0,Morelia,Sentimientos de La Nacion,diciembre,domingo,13,-101.236874579705,19.6848026929744
37966,37971,2021,,2021/12/05,13:30:00,COLISIÓN POR ALCANCE,ASFALTO,Bueno,Bueno,2,KTM,BLANCO Y NEGRO,3,MINISTERIO PÚBLICO,38,MASCULINO,SIN DATOS,1,0,Morelia,Felix Ireta,diciembre,domingo,14,-101.19210649959,19.6842736081224
37967,37972,2021,,2021/12/05,14:20:00,COLISIÓN POR MANIOBRA DE REVERSA,ASFALTO,Bueno,Bueno,2,TOYOTA,GRIS,2,,64,MASCULINO,SIN DATOS,0,0,Morelia,Tinijaro,diciembre,domingo,14,-101.26184298911,19.6966507396004
37968,37973,2021,,2021/12/05,15:10:00,COLISIÓN POR CAMBIO DE CARRIL,ASFALTO,Bueno,Bueno,2,NISSAN,BLANCO,2,,45,MASCULINO,SIN DATOS,0,0,Morelia,Eduardo Ruiz,diciembre,domingo,15,-101.22405230999,19.7248584572565
37969,37974,2021,,2021/12/05,17:15:00,COLISIÓN POR CORTE DE CIRCULACIÓN,ASFALTO,Bueno,Bueno,2,YAMAHA,NEGRO,2,,15,MASCULINO,SIN DATOS,0,0,Morelia,Juarez,diciembre,domingo,17,-101.199512749242,19.6981921821713
37970,37975,2021,,2021/12/05,17:30:00,SUBIDA AL CAMELLÓN,ASFALTO,Bueno,Bueno,1,VOLKSWAGEN,ROJO,1,,26,MASCULINO,SIN DATOS,0,0,Morelia,El Realito,diciembre,domingo,18,-101.205180317842,19.7258323781092
37971,37976,2021,,2021/12/05,17:45:00,COLISIÓN POR CORTE DE CIRCULACIÓN,ASFALTO,Bueno,Bueno,2,VENTO,NEGRO Y ROJO,2,MINISTERIO PÚBLICO,15,MASCULINO,SIN DATOS,0,0,Peribán,Sin datos,diciembre,domingo,18,-102.367011711685,19.4516007314851
37972,37977,2021,,2021/12/06,"00:10:00",COLISIÓN CONTRA OBJETO FIJO,CONCRETO,Bueno,Bueno,2,CHRYSLER,VERDE,2,MINISTERIO PÚBLICO,49,MASCULINO,CON CERTIFICADO,0,0,Morelia,San Isidro Itzicuaro Norte,diciembre,lunes,0,-101.268902868032,19.7023056743459
37973,37978,2021,,2021/12/06,"00:45:00",SUBIDA AL CAMELLÓN,ASFALTO,Bueno,Bueno,1,NISSAN,AZUL,1,,19,MASCULINO,SIN DATOS,0,0,Morelia,Justo Mendoza,diciembre,lunes,1,-101.2322316759,19.7130619669319
37974,37979,2021,,2021/12/06,"02:20:00",VOLCADURA,ASFALTO,Bueno,Bueno,1,FORD,VERDE,1,,,MASCULINO,SIN DATOS,0,0,Morelia,Sin datos,diciembre,lunes,2,-101.271102675662,19.6362041749929
37975,37980,2021,,2021/12/06,"06:40:00",COLISIÓN CONTRA OBJETO FIJO,ASFALTO,Bueno,Bueno,1,VOLKSWAGEN,ROJO,2,MINISTERIO PÚBLICO,31,MASCULINO,SIN DATOS,1,0,Morelia,Clara Cordova Moran,diciembre,lunes,7,-101.182864674114,19.7323983346794
37976,37981,2021,,2021/12/06,"08:10:00",COLISIÓN POR ALCANCE,ASFALTO,Bueno,Bueno,3,CHEVROLET,ROJO,3,,0,FEMENINO,SIN DATOS,0,0,Morelia,Sentimientos de La Nacion,diciembre,lunes,8,-101.235641830348,19.6820536769119
37977,37982,2021,MOR210824664,2021/12/06,"09:05:00",COLISIÓN POR CAMBIO DE CARRIL,ASFALTO,Bueno,Regular,2,MERCEDES BENZ,BLANCO,2,,59,MASCULINO,SIN DATOS,0,0,Morelia,Lomas del Tecnologico,diciembre,lunes,9,-101.192971737429,19.7218067072296
37978,37983,2021,,2021/12/06,"09:15:00",COLISIÓN POR CORTE DE CIRCULACIÓN,ASFALTO,Bueno,Bueno,2,VOLKSWAGEN,BLANCO,2,,36,MASCULINO,SIN DATOS,0,0,Morelia,Morelia 450,diciembre,lunes,9,-101.217503026128,19.6757255863142
37979,37984,2021,,2021/12/06,10:25:00,COLISIÓN POR CORTE DE CIRCULACIÓN,ASFALTO,Bueno,Bueno,2,RENAULT,BLANCO,2,,34,FEMENINO,SIN DATOS,0,0,Morelia,Chapultepec Sur,diciembre,lunes,10,-101.173806801112,19.6906979359994
37980,37985,2021,,2021/12/06,10:30:00,COLISIÓN POR ALCANCE,ASFALTO,Bueno,Bueno,3,FORD,BLANCO,3,,44,MASCULINO,SIN DATOS,0,0,Morelia,Morelia 450,diciembre,lunes,11,-101.217493272629,19.6757212239097
37981,37986,2021,,2021/12/06,11:10:00,COLISIÓN POR ALCANCE,ASFALTO,Bueno,Bueno,2,HONDA,ROJO,2,,23,MASCULINO,SIN DATOS,0,0,Morelia,Felix Ireta,diciembre,lunes,11,-101.191784664989,19.6824138764952
37982,37987,2021,,2021/12/06,13:00:00,COLISIÓN POR CAMBIO DE CARRIL,ASFALTO,Bueno,Bueno,2,HONDA,BLANCO,2,,23,MASCULINO,SIN DATOS,0,0,Morelia,Eduardo Ruiz,diciembre,lunes,13,-101.221051619135,19.7213724921483
37983,37988,2021,MOR 210825594,2021/12/06,13:05:00,COLISIÓN POR CORTE DE CIRCULACIÓN,ASFALTO,Bueno,Bueno,2,INTERNATIONAL,BLANCO,2,,31,MASCULINO,SIN DATOS,0,0,Morelia,Sentimientos de La Nacion,diciembre,lunes,13,-101.235216974534,19.681037474072
37984,37989,2021,,2021/12/06,13:40:00,COLISIÓN POR CORTE DE CIRCULACIÓN,ASFALTO,Bueno,Bueno,2,NISSAN,ROJO,2,,25,FEMENINO,SIN DATOS,0,0,Morelia,Elias Perez Avalos,diciembre,lunes,14,-101.165500723504,19.7104381109242
37985,37990,2021,,2021/12/06,13:50:00,SALIDA DE SUPERFICIE DE RODAMIENTO,ASFALTO,Bueno,Bueno,1,CHEVROLET,GRIS,1,,38,MASCULINO,SIN DATOS,0,0,Charo,Sin datos,diciembre,lunes,14,-100.954745418645,19.6525695243396
37986,37991,2021,,2021/12/06,15:10:00,COLISIÓN POR ALCANCE,CONCRETO,Bueno,Bueno,2,CHEVROLET,BLANCO,2,,23,MASCULINO,SIN DATOS,0,0,Morelia,Virrey Antonio de Mendoza,diciembre,lunes,15,-101.158534206098,19.707905089132
37987,37992,2021,,2021/12/06,15:30:00,COLISIÓN POR INVASIÓN DE CARRIL,ASFALTO,Bueno,Bueno,2,ITALIKA,AMARILLO/NEGRO,3,,31,MASCULINO,SIN DATOS,1,0,Peribán,Sin datos,diciembre,lunes,16,-102.447370900347,19.5552694561489
37988,37993,2021,,2021/12/06,17:15:00,COLISIÓN POR INVASIÓN DE CARRIL,ASFALTO,Bueno,Bueno,2,CHEVROLET,BLANCO,6,MINISTERIO PÚBLICO,,,,6,0,Hidalgo,Sin datos,diciembre,lunes,17,-100.571297127469,19.68236760294
37989,37994,2021,MOR210825827,2021/12/06,17:15:00,COLISIÓN POR NO RESPETAR SEMÁFORO,ASFALTO,Bueno,Bueno,2,CHEVROLET,PLATA,2,MINISTERIO PÚBLICO,48,MASCULINO,SIN DATOS,0,0,Morelia,Union,diciembre,lunes,17,-101.1568973522,19.7096355424752
37990,37995,2021,,2021/12/06,19:30:00,COLISIÓN CONTRA OBJETO FIJO,ASFALTO,Bueno,Bueno,1,DATSUN,AMARILLO,1,,29,MASCULINO,SIN DATOS,0,0,Morelia,El Lago 2,diciembre,lunes,20,-101.214823722839,19.7266753477847
37991,37996,2021,,2021/12/06,22:55:00,COLISIÓN POR CORTE DE CIRCULACIÓN,ASFALTO,Bueno,Bueno,2,CHEVROLET,GRIS,2,,43,FEMENINO,SIN DATOS,0,0,Morelia,San Miguel,diciembre,lunes,23,-101.394020816817,19.6738430247566
37995,38000,2021,,2021/12/07,"09:40:00",COLISIÓN POR ALCANCE,ASFALTO,Bueno,Bueno,2,VOLKSWAGEN,AZUL,2,,30,MASCULINO,SIN DATOS,0,0,Morelia,Barrio Alto,diciembre,martes,10,-101.190695064204,19.7264690646931
37996,38001,2021,LEG40525,2021/12/07,"09:50:00",COLISIÓN CON PEATÓN,ASFALTO,Bueno,Bueno,1,DODGE,GRIS,2,MINISTERIO PÚBLICO,27,MASCULINO,SIN DATOS,1,0,Morelia,Centro,diciembre,martes,10,-101.194239892066,19.7030032550048
37997,38002,2021,,2021/12/07,10:30:00,COLISIÓN POR CORTE DE CIRCULACIÓN,ASFALTO,Bueno,Bueno,2,HONDA,VINO,2,,55,MASCULINO,SIN DATOS,0,0,Morelia,Ciudad Industrial,diciembre,martes,11,-101.14554366932,19.7284851395985
37998,38003,2021,,2021/12/07,10:40:00,COLISIÓN CONTRA OBJETO FIJO,ASFALTO,Bueno,Bueno,1,MERCEDES,BLANCO/NARANJA,1,,0,,SIN DATOS,0,0,Morelia,Francisco J Mujica,diciembre,martes,11,-101.188481915,19.7252001599992
37999,38004,2021,,2021/12/07,11:40:00,COLISIÓN POR ALCANCE,ASFALTO,Bueno,Bueno,2,NISSAN,GRIS,2,,0,MASCULINO,SIN DATOS,0,0,Morelia,Justo Mendoza,diciembre,martes,12,-101.231166808441,19.7143434353965
38000,38005,2021,,2021/12/07,14:05:00,COLISIÓN POR MANIOBRA DE REVERSA,ASFALTO,Bueno,Bueno,2,CHEVROLET,VERDE,2,,47,MASCULINO,SIN DATOS,0,0,Morelia,Loma de Los Piñones,diciembre,martes,14,-101.205084764146,19.6739936729733
38001,38006,2021,,2021/12/07,14:30:00,COLISIÓN POR CAMBIO DE CARRIL,ASFALTO,Bueno,Bueno,2,CHEVROLET,BLANCO,2,,48,FEMENINO,SIN DATOS,0,0,Morelia,Torreon Nuevo,diciembre,martes,15,-101.209521137856,19.7472662856831
38002,38007,2021,,2021/12/07,16:40:00,COLISIÓN POR ALCANCE,ASFALTO,Bueno,Bueno,2,NISSAN,NEGRO,2,MINISTERIO PÚBLICO,39,MASCULINO,SIN DATOS,0,0,Morelia,Elias Perez Avalos,diciembre,martes,17,-101.167111390017,19.7114247735209
38003,38008,2021,,2021/12/07,21:00:00,COLISIÓN CONTRA OBJETO FIJO,CONCRETO,Bueno,Bueno,2,NISSAN,BLANCO Y ROJO,2,,45,MASCULINO,SIN DATOS,0,0,Morelia,Aquiles Serdan,diciembre,martes,21,-101.169782870196,19.7214536613904
38004,38009,2021,,2021/12/08,"00:00:00",COLISIÓN POR CORTE DE CIRCULACIÓN,ASFALTO,Bueno,Bueno,2,PONTIAC,BLANCO,2,,38,FEMENINO,SIN DATOS,0,0,Morelia,Villa Universidad,diciembre,miércoles,0,-101.199352667542,19.6833167641249
38005,38010,2021,,2021/12/08,"07:20:00",COLISIÓN POR CAMBIO DE CARRIL,CONCRETO,Bueno,Bueno,2,VOLVO,AZUL/GRIS,2,,47,MASCULINO,SIN DATOS,0,0,Morelia,Villas del Real,diciembre,miércoles,7,-101.201081023944,19.734021525656
38006,38011,2021,,2021/12/08,"07:35:00",COLISIÓN POR CORTE DE CIRCULACIÓN,ASFALTO,Bueno,Bueno,1,DINA,BLANCO,1,,30,MASCULINO,SIN DATOS,0,0,Morelia,Dr Miguel Silva,diciembre,miércoles,8,-101.187927793444,19.7204887484457