fid,id_accidente,anio_origen,folio_c5i,dia_incidente,hora_ocurrencia,tipo_incidente_vial,superficie_ocurrencia,condiciones_climaticas,condiciones_via,numero_vehiculos_involucrados,marca_vehiculo_ocasiona_siniestro,color_vehiculo_ocasiona_siniestro,numero_personas_involucradas,lugar_remite_presunto_responsable,edad_presunto_responsable,sexo_presunto_responsable,resultados_toxicologia,numero_personas_lesionadas,numero_personas_fallecidas,municipio,colonia,mes,dia_semana,hora_redondeada,lon,lat
38008,38013,2021,,2021/12/08,12:30:00,COLISIÓN POR CORTE DE CIRCULACIÓN,CONCRETO,Bueno,Bueno,2,NISSAN,BLANCO,2,,33,MASCULINO,SIN DATOS,0,0,Morelia,La Loma,diciembre,miércoles,13,-101.1827400344,19.6793921923496
38009,38014,2021,,2021/12/08,15:07:00,COLISIÓN POR CAMBIO DE CARRIL,ASFALTO,Bueno,Bueno,2,FORD,BLANCO,2,,,MASCULINO,SIN DATOS,0,0,Morelia,San Rafael,diciembre,miércoles,15,-101.152968146101,19.7007687948401
38010,38015,2021,,2021/12/08,16:00:00,COLISIÓN CONTRA OBJETO FIJO,CONCRETO,Bueno,Bueno,1,KINWORTH,BLANCO,1,,,MASCULINO,SIN DATOS,0,0,Morelia,Cuauhtemoc,diciembre,miércoles,16,-101.181637305,19.6957826149991
38013,38018,2021,LEG40544,2021/12/08,17:10:00,SALIDA DE SUPERFICIE DE RODAMIENTO,CONCRETO,Bueno,Regular,1,VOSLKWAGEN,BLANCO,1,,42,MASCULINO,SIN DATOS,0,0,Morelia,Ventura Puente,diciembre,miércoles,17,-101.193225725,19.6917077449992
38014,38019,2021,,2021/12/08,18:00:00,VOLCADURA,ASFALTO,Bueno,Bueno,1,CHEVROLET,BLANCO,1,,23,MASCULINO,SIN DATOS,0,0,Morelia,Los Laureles,diciembre,miércoles,18,-101.232922377234,19.7146136650311
38015,38020,2021,MOR210830673,2021/12/08,21:55:00,COLISIÓN CONTRA OBJETO FIJO,ASFALTO,Bueno,Bueno,1,BMW,BLANCO,1,,60,MASCULINO,SIN DATOS,0,0,Morelia,Camelinas,diciembre,miércoles,22,-101.17262119,19.6818144849991
38016,38021,2021,MOR210831195,2021/12/09,"00:00:00",COLISIÓN POR ALCANCE,ASFALTO,Bueno,Bueno,4,FORD,BLANCO,4,,25,MASCULINO,SIN DATOS,0,0,Morelia,Josefa Ortiz de Dominguez,diciembre,jueves,0,-101.209456703879,19.6720760762268
38017,38022,2021,,2021/12/09,"01:30:00",COLISIÓN CONTRA OBJETO FIJO,ASFALTO,Bueno,Bueno,1,MAZDA,BLANCO,0,,,,,0,0,Los Reyes,Sin datos,diciembre,jueves,2,-102.460833974183,19.5765289830244
38019,38024,2021,,2021/12/09,"06:50:00",SALIDA DE SUPERFICIE DE RODAMIENTO,ASFALTO,Bueno,Bueno,1,FORD,BLANCO,1,,,,SIN DATOS,0,0,Morelia,Sin datos,diciembre,jueves,7,-101.340341371727,19.7290916300045
38020,38025,2021,,2021/12/09,"08:00:00",COLISIÓN POR ALCANCE,ASFALTO,Bueno,Bueno,2,DODGE,BLANCO,2,,33,MASCULINO,SIN DATOS,0,0,Morelia,Solidaridad,diciembre,jueves,8,-101.207705952905,19.7260712309652
38021,38026,2021,,2021/12/09,12:00:00,COLISIÓN POR ALCANCE,ASFALTO,Bueno,Bueno,2,ITALIKA,ROJO,0,MINISTERIO PÚBLICO,,,,0,0,Lázaro Cárdenas,Aeropuerto,diciembre,jueves,12,-102.216048873961,18.0113265806099
38022,38027,2021,,2021/12/09,13:10:00,COLISIÓN POR CORTE DE CIRCULACIÓN,ASFALTO,Bueno,Bueno,2,NEWHOLLAND,AZUL,2,,37,MASCULINO,SIN DATOS,0,0,Charo,Sin datos,diciembre,jueves,13,-101.069229841232,19.7437808669771
38023,38028,2021,,2021/12/09,13:10:00,COLISIÓN POR CAMBIO DE CARRIL,ASFALTO,Bueno,Bueno,2,MERCEDES BENZ,BLANCO,2,,47,MASCULINO,SIN DATOS,0,0,Morelia,Niño Artillero,diciembre,jueves,13,-101.250202567742,19.6986087616745
38024,38029,2021,,2021/12/09,15:20:00,COLISIÓN POR CAMBIO DE CARRIL,ASFALTO,Bueno,Bueno,2,DODGE,AZUL,2,,34,,SIN DATOS,0,0,Morelia,Ignacio Zaragoza,diciembre,jueves,15,-101.203033849597,19.725237123673
38025,38030,2021,,2021/12/09,15:25:00,COLISIÓN POR CAMBIO DE CARRIL,ASFALTO,Bueno,Bueno,2,TOYOTA,BLANCO,2,MINISTERIO PÚBLICO,0,MASCULINO,SIN DATOS,0,0,Pátzcuaro,Centro,diciembre,jueves,15,-101.610234782778,19.5298421004636
38026,38031,2021,,2021/12/09,15:40:00,COLISIÓN POR ALCANCE,ASFALTO,Bueno,Bueno,2,CHRYSLER,BLANCO Y ROJO,2,,37,MASCULINO,SIN DATOS,0,0,Morelia,Sentimientos de La Nacion,diciembre,jueves,16,-101.235262937844,19.6811703795008
38027,38032,2021,,2021/12/09,16:00:00,COLISIÓN POR CORTE DE CIRCULACIÓN,ASFALTO,Bueno,Bueno,2,CHEVROLET,AZUL,2,MINISTERIO PÚBLICO,25,MASCULINO,SIN DATOS,0,0,Morelia,Ignacio Zaragoza,diciembre,jueves,16,-101.206072792411,19.7243575075977
38028,38033,2021,,2021/12/09,16:00:00,COLISIÓN POR ALCANCE,ASFALTO,Bueno,Bueno,2,NISSAN,PLATA,2,,45,MASCULINO,SIN DATOS,0,0,Morelia,Insurgentes,diciembre,jueves,16,-101.153758652508,19.6964657632096
38029,38034,2021,,2021/12/09,16:00:00,COLISIÓN POR CORTE DE CIRCULACIÓN,ASFALTO,Bueno,Bueno,2,BMW,GRIS,2,MINISTERIO PÚBLICO,18,MASCULINO,SIN DATOS,0,0,Morelia,Poblado de Ocolusen,diciembre,jueves,16,-101.150224811651,19.6915847309697
38030,38035,2021,,2021/12/09,16:20:00,COLISIÓN POR ALCANCE,ASFALTO,Bueno,Bueno,2,CHEVROLET,NEGRO,2,,,MASCULINO,SIN DATOS,0,0,Morelia,Sentimientos de La Nacion,diciembre,jueves,16,-101.235356815159,19.6809430827289
38031,38036,2021,,2021/12/09,17:20:00,COLISIÓN POR ALCANCE,ASFALTO,Bueno,Bueno,2,HYUNDAI,ROJO,2,MINISTERIO PÚBLICO,25,FEMENINO,SIN DATOS,0,0,Morelia,Sentimientos de La Nacion,diciembre,jueves,17,-101.235356114126,19.6809421643681
38032,38037,2021,,2021/12/09,18:18:00,COLISIÓN POR CORTE DE CIRCULACIÓN,ASFALTO,Bueno,Bueno,2,NISSAN,BLANCO,2,,18,FEMENINO,SIN DATOS,0,0,Morelia,Irrigacion,diciembre,jueves,18,-101.225488968194,19.7067089040417
38033,38038,2021,,2021/12/09,20:15:00,COLISIÓN CONTRA OBJETO FIJO,CONCRETO,Bueno,Bueno,2,CHEVROLET,GUINDA,2,,20,MASCULINO,SIN DATOS,0,0,Morelia,Rincon de Ocolusen,diciembre,jueves,20,-101.146247461438,19.6900886815746
38034,38039,2021,,2021/12/09,20:30:00,COLISIÓN POR CORTE DE CIRCULACIÓN,CONCRETO,Bueno,Bueno,2,VOLKSWAGEN,GRIS,2,,26,MASCULINO,SIN DATOS,0,0,Morelia,Insurgentes,diciembre,jueves,21,-101.154093227602,19.6972934204588
38035,38040,2021,,2021/12/09,20:35:00,COLISIÓN CONTRA OBJETO FIJO,CONCRETO,Bueno,Bueno,3,DUCATI,ROJO,3,MINISTERIO PÚBLICO,24,MASCULINO,SIN DATOS,1,0,Morelia,Centro,diciembre,jueves,21,-101.181240230799,19.706131914238
38036,38041,2021,,2021/12/09,21:40:00,COLISIÓN POR CORTE DE CIRCULACIÓN,ASFALTO,Bueno,Bueno,2,ITALIKA,NEGRO/AMARILLO,2,,26,MASCULINO,SIN DATOS,0,0,Morelia,Bosques de Oriente,diciembre,jueves,22,-101.154696419835,19.7165473959607
38037,38042,2021,MOR210834700,2021/12/10,"00:00:00",COLISIÓN POR ALCANCE,ASFALTO,Bueno,Bueno,2,FORD,ROJO,2,,42,MASCULINO,ALIENTO ETÍLICO,0,0,Morelia,Ciudad Industrial,diciembre,viernes,0,-101.14554366932,19.7284851395985
38038,38043,2021,,2021/12/10,"07:10:00",COLISIÓN POR CORTE DE CIRCULACIÓN,ASFALTO,Bueno,Bueno,1,FORD,GUINDA,0,,,,,0,0,Morelia,La Colina,diciembre,viernes,7,-101.216,19.7127
38039,38044,2021,,2021/12/10,"08:00:00",COLISIÓN POR ALCANCE,ASFALTO,Bueno,Bueno,2,SUZUKI,AZUL,2,,40,FEMENINO,SIN DATOS,0,0,Morelia,Fidel Velazquez,diciembre,viernes,8,-101.2361285,19.7061695
38040,38045,2021,,2021/12/10,"08:00:00",COLISIÓN POR ALCANCE,ASFALTO,Bueno,Bueno,3,CHEVROLET,BLANCO,3,,36,MASCULINO,SIN DATOS,0,0,Morelia,Lomas de Vista Bella,diciembre,viernes,8,-101.196593044237,19.6746539144371
38041,38046,2021,,2021/12/10,"08:50:00",COLISIÓN POR CORTE DE CIRCULACIÓN,ASFALTO,Bueno,Bueno,2,MERCEDES BENZ,VERDE,2,,21,MASCULINO,SIN DATOS,0,0,Morelia,Industrial,diciembre,viernes,9,-101.189085515637,19.7123104021622
38042,38047,2021,,2021/12/10,"09:30:00",COLISIÓN POR ALCANCE,CONCRETO,Bueno,Bueno,2,ITALIKA,NEGRO,2,,48,MASCULINO,SIN DATOS,0,0,Morelia,Loma Real,diciembre,viernes,10,-101.197786747741,19.7272506854479
38043,38048,2021,,2021/12/10,11:07:00,COLISIÓN POR CORTE DE CIRCULACIÓN,CONCRETO,Bueno,Bueno,2,VENTO,ROJO/NEGRO,4,MINISTERIO PÚBLICO,17,MASCULINO,SIN DATOS,2,0,Pátzcuaro,Vista del Lago,diciembre,viernes,11,-101.600029343233,19.5044002835568
38044,38049,2021,,2021/12/10,13:52:00,COLISIÓN POR MANIOBRA DE REVERSA,ASFALTO,Bueno,Bueno,2,CHEVROLET,ROJO,2,,62,MASCULINO,SIN DATOS,0,0,Morelia,Arboledas(5 de Mayo),diciembre,viernes,14,-101.2454065,19.679451
38045,38050,2021,,2021/12/10,14:50:00,COLISIÓN POR CAMBIO DE CARRIL,ASFALTO,Bueno,Bueno,2,FORD,VERDE,2,,47,MASCULINO,SIN DATOS,0,0,Morelia,Felix Ireta,diciembre,viernes,15,-101.181256324053,19.6830941811234
38047,38052,2021,,2021/12/10,16:33:00,COLISIÓN POR CORTE DE CIRCULACIÓN,ASFALTO,Bueno,Bueno,2,ISUZU,ROJO,1,,21,MASCULINO,SIN DATOS,0,0,Morelia,Las Margaritas,diciembre,viernes,17,-101.208013129954,19.709680549989
38048,38053,2021,MOR210834259,2021/12/10,17:00:00,COLISIÓN POR CORTE DE CIRCULACIÓN,ASFALTO,Bueno,Bueno,2,FORD,BLANCO,2,,28,MASCULINO,SIN DATOS,0,0,Morelia,Sin datos,diciembre,viernes,17,-101.336985020264,19.6895878765073
38049,38054,2021,"MOR,210",2021/12/10,17:35:00,COLISIÓN CONTRA OBJETO FIJO,ASFALTO,Bueno,Bueno,1,DODGE,ROJO,1,,32,MASCULINO,SIN DATOS,0,0,Morelia,Tinijaro,diciembre,viernes,18,-101.26316,19.6963297049991
38050,38055,2021,LEG40586,2021/12/10,19:25:00,COLISIÓN CON PEATÓN,ASFALTO,Bueno,Bueno,1,NISSAN,BLANCO,2,MINISTERIO PÚBLICO,42,MASCULINO,SIN DATOS,1,0,Morelia,Insurgentes,diciembre,viernes,19,-101.154077615,19.6978325849991
38051,38056,2021,MOR210834920,2021/12/10,20:00:00,COLISIÓN POR ALCANCE,ASFALTO,Bueno,Bueno,2,VOLKSWAGEN,BLANCO,2,,26,MASCULINO,SIN DATOS,0,0,Morelia,Centro,diciembre,viernes,20,-101.18218963,19.7028850649992
38052,38057,2021,MOR210834719,2021/12/10,20:20:00,COLISIÓN POR CORTE DE CIRCULACIÓN,CONCRETO,Bueno,Bueno,2,NISSAN,BLANCO,2,,35,FEMENINO,SIN DATOS,0,0,Morelia,Indeco El Vivero,diciembre,viernes,20,-101.22973085128,19.6769988872826
38053,38058,2021,MOR210834994,2021/12/10,22:04:00,COLISIÓN CONTRA OBJETO FIJO,ASFALTO,Bueno,Bueno,1,NISSAN,GRIS,1,,54,MASCULINO,SIN DATOS,0,0,Morelia,Tenencia Morelos,diciembre,viernes,22,-101.243929623155,19.6466055443724
38056,38061,2021,MOR210835299,2021/12/11,"03:10:00",CAIDA DE MOTOCICLETA,CONCRETO,Bueno,Bueno,1,ITALIKA,AZUL,2,MINISTERIO PÚBLICO,31,MASCULINO,SIN DATOS,0,1,Morelia,Poblado de Ocolusen,diciembre,sábado,3,-101.150127649172,19.6944699261717
38057,38062,2021,,2021/12/11,"04:25:00",COLISIÓN POR CORTE DE CIRCULACIÓN,ASFALTO,Bueno,Bueno,2,VOLVO,AZUL,2,,22,MASCULINO,ALIENTO ETÍLICO,0,0,Morelia,Ventura Puente,diciembre,sábado,4,-101.18344534,19.6930470199991
38058,38063,2021,,2021/12/11,"08:40:00",COLISIÓN CONTRA OBJETO FIJO,ASFALTO,Bueno,Bueno,1,VOLKSWAGEN,GRIS,1,,18,MASCULINO,SIN DATOS,0,0,Morelia,Alberto Oviedo Mota,diciembre,sábado,9,-101.198908182011,19.681555672698
38059,38064,2021,,2021/12/11,10:00:00,CAIDA DE MOTOCICLETA,ASFALTO,Bueno,Bueno,1,HONDA,NARANJA,1,,34,MASCULINO,SIN DATOS,0,0,Morelia,Vistas de Altozano,diciembre,sábado,10,-101.167,19.6551
38060,38065,2021,,2021/12/11,11:10:00,COLISIÓN POR CORTE DE CIRCULACIÓN,CONCRETO,Bueno,Bueno,2,NISSAN,BLANCO/ROJO,2,,23,MASCULINO,SIN DATOS,0,0,Morelia,Buenavista,diciembre,sábado,11,-101.16542532938,19.7062482640997
38061,38066,2021,,2021/12/11,15:00:00,COLISIÓN POR CORTE DE CIRCULACIÓN,ASFALTO,Bueno,Bueno,2,FORD,BLANCO,2,,44,MASCULINO,SIN DATOS,0,0,Morelia,Cuauhtemoc,diciembre,sábado,15,-101.17854569,19.6974281599991
38062,38067,2021,MOR210837036,2021/12/11,20:30:00,COLISIÓN CON PEATÓN,ASFALTO,Bueno,Bueno,1,HONDA,ROJO,2,MINISTERIO PÚBLICO,21,MASCULINO,SIN DATOS,1,0,Morelia,Tinijaro,diciembre,sábado,21,-101.26316,19.6963297049991
38063,38068,2021,,2021/12/11,23:00:00,COLISIÓN CONTRA OBJETO FIJO,TERRACERIA,Bueno,Bueno,1,CHEVROLET,GUINDA,0,,,,,0,0,Morelia,Ciudad Jardin,diciembre,sábado,23,-101.25327921,19.7041299249992
38064,38069,2021,,2021/12/11,23:45:00,COLISIÓN CONTRA OBJETO FIJO,CONCRETO,Bueno,Bueno,2,VOLKSWAGEN,ROJO,2,,48,MASCULINO,SIN DATOS,0,0,Morelia,Infonavit Benito Juarez,diciembre,sábado,0,-101.197176075,19.6854028399992
38065,38070,2021,,2021/12/12,"00:00:00",SALIDA DE SUPERFICIE DE RODAMIENTO,ASFALTO,Bueno,Bueno,1,NISSAN,PLATA,0,,,,,0,0,Charo,La Goleta,diciembre,domingo,0,-101.084110432051,19.7365687841019
38066,38071,2021,,2021/12/12,"01:00:00",COLISIÓN POR CORTE DE CIRCULACIÓN,ASFALTO,Bueno,Bueno,2,MITSUBISHI,GRIS,2,MINISTERIO PÚBLICO,22,FEMENINO,SIN DATOS,0,0,Morelia,Chapultepec Sur,diciembre,domingo,1,-101.177090457215,19.6919703921662
38067,38072,2021,,2021/12/12,"04:00:00",COLISIÓN CONTRA OBJETO FIJO,ASFALTO,Bueno,Bueno,1,SEAT,GRIS,1,,24,MASCULINO,SIN DATOS,0,0,Morelia,Los Manantiales de Morelia,diciembre,domingo,4,-101.2406925,19.697395
38068,38073,2021,,2021/12/12,"04:30:00",COLISIÓN CONTRA OBJETO FIJO,CONCRETO,Bueno,Bueno,2,VOLKSWAGEN,AZUL,1,,0,,SIN DATOS,0,0,Morelia,Ventura Puente,diciembre,domingo,5,-101.187182954235,19.6926426896116
38070,38075,2021,MOR210838154,2021/12/12,10:30:00,COLISIÓN POR CORTE DE CIRCULACIÓN,ASFALTO,Bueno,Bueno,2,FORD,ARENA,2,,54,MASCULINO,SIN DATOS,0,0,Morelia,Loma Larga,diciembre,domingo,11,-101.20236903,19.6564358099991
38071,38076,2021,,2021/12/12,12:10:00,COLISIÓN POR CORTE DE CIRCULACIÓN,ASFALTO,Bueno,Bueno,2,NISSAN,BLANCO/VERDE,2,,22,MASCULINO,SIN DATOS,0,0,Morelia,Chapultepec Norte,diciembre,domingo,12,-101.173778799073,19.6957366970635
38073,38078,2021,MOR210836365,2021/12/12,14:00:00,COLISIÓN POR CORTE DE CIRCULACIÓN,CONCRETO,Bueno,Bueno,2,MAZDA,BLANCO,2,,54,MASCULINO,SIN DATOS,0,0,Morelia,El Porvenir,diciembre,domingo,14,-101.20343719,19.7125436899992
38075,38080,2021,,2021/12/12,18:05:00,COLISIÓN POR ALCANCE,CONCRETO,Bueno,Bueno,2,NISSAN,BLANCO,2,,32,MASCULINO,SIN DATOS,0,0,Morelia,Jardines del Rincon,diciembre,domingo,18,-101.148269115522,19.6892752210918
38076,38081,2021,,2021/12/12,19:16:00,COLISIÓN POR CAMBIO DE CARRIL,ASFALTO,Bueno,Bueno,2,TOYOTA,BLANCO/MORADO,2,,34,MASCULINO,SIN DATOS,0,0,Morelia,Centro,diciembre,domingo,19,-101.19118388321,19.702768457823
38077,38082,2021,MOR210839196,2021/12/12,19:29:00,COLISIÓN POR CAMBIO DE CARRIL,ASFALTO,Bueno,Bueno,2,FREIGHTLINER,BLANCO,0,MINISTERIO PÚBLICO,,,,0,0,Morelia,Felicitas del Rio,diciembre,domingo,19,-101.195511045785,19.6912939132835
38079,38084,2021,MOR210839407,2021/12/12,21:20:00,COLISIÓN POR ALCANCE,ASFALTO,Bueno,Bueno,2,CHEVROLET,GRIS,2,,19,MASCULINO,SIN DATOS,0,0,Morelia,Eduardo Ruiz,diciembre,domingo,21,-101.221859682349,19.7216992118204
38080,38085,2021,,2021/12/12,21:25:00,VOLCADURA,ASFALTO,Bueno,Bueno,1,BUICK,BLANCO,1,,0,,SIN DATOS,0,0,Morelia,Las Americas,diciembre,domingo,21,-101.15527803761,19.6905832056681
38081,38086,2021,,2021/12/12,23:30:00,COLISIÓN POR MANIOBRA DE REVERSA,TERRACERIA,Bueno,Malo,1,VOLKSWAGEN,NEGRO,1,,30,MASCULINO,SIN DATOS,0,0,Morelia,Benito Juarez,diciembre,domingo,0,-101.254239890097,19.6850471170033
38082,38087,2021,,2021/12/12,23:30:00,COLISIÓN POR INVASIÓN DE CARRIL,CONCRETO,Bueno,Bueno,2,CHEVROLET,AZUL,2,,31,MASCULINO,SIN DATOS,0,0,Morelia,Plan de Ayala,diciembre,domingo,0,-101.180417122829,19.7060573619129
38083,38088,2021,,2021/12/13,"01:00:00",SUBIDA AL CAMELLÓN,ASFALTO,Bueno,Bueno,1,CHRYSLER,VINO,0,,,,,0,0,Morelia,Enrique Arreguin Robles,diciembre,lunes,1,-101.17940323,19.7207785399991
38084,38089,2021,,2021/12/13,"09:35:00",COLISIÓN POR CAMBIO DE CARRIL,ASFALTO,Bueno,Bueno,2,KENWORTH,BLANCO,2,,45,MASCULINO,SIN DATOS,0,0,Morelia,Manantiales de Morelia,diciembre,lunes,10,-101.237404269604,19.6981958763683
38085,38090,2021,,2021/12/13,10:30:00,COLISIÓN POR CORTE DE CIRCULACIÓN,ASFALTO,Bueno,Bueno,2,VOLKSWAGEN,BLANCO,2,,52,FEMENINO,SIN DATOS,0,0,Morelia,Nueva Chapultepec,diciembre,lunes,11,-101.17122201,19.6894903449992
38086,38091,2021,,2021/12/13,11:40:00,COLISIÓN POR CAMBIO DE CARRIL,ASFALTO,Bueno,Bueno,2,NISSAN,ROJO,2,,36,MASCULINO,SIN DATOS,0,0,Morelia,Villas Lomas del Paraiso,diciembre,lunes,12,-101.183243326701,19.6753951296653
38087,38092,2021,,2021/12/13,13:30:00,COLISIÓN POR CAMBIO DE CARRIL,ASFALTO,Bueno,Bueno,2,FREIGHTLINER,NARANJA,2,,36,MASCULINO,SIN DATOS,0,0,Morelia,Fitem (Amp Ignacio Lopez Rayon),diciembre,lunes,14,-101.252124555,19.6884479099991
38088,38093,2021,,2021/12/13,15:00:00,COLISIÓN POR CORTE DE CIRCULACIÓN,CONCRETO,Bueno,Bueno,2,NISSAN,BLANCO,2,,47,MASCULINO,SIN DATOS,0,0,Morelia,Jose Ma Pino Suarez,diciembre,lunes,15,-101.1646757,19.7196804099991
38089,38094,2021,,2021/12/13,19:09:00,COLISIÓN POR CORTE DE CIRCULACIÓN,ASFALTO,Bueno,Bueno,2,NISSAN,NEGRO,2,,23,FEMENINO,SIN DATOS,0,0,Morelia,Puerto de Buenavista,diciembre,lunes,19,-101.126352197769,19.6849018019943
38092,38097,2021,,2021/12/14,"00:00:00",COLISIÓN POR MANIOBRA DE REVERSA,ASFALTO,Bueno,Bueno,2,MAZDA,NEGRO,2,,39,MASCULINO,SIN DATOS,0,0,Morelia,La Loma,diciembre,martes,0,-101.1827400344,19.6793921923496
38093,38098,2021,,2021/12/14,"00:10:00",COLISIÓN POR ALCANCE,ASFALTO,Bueno,Bueno,2,VOLKSWAGEN,BLANCO,2,,29,,SIN DATOS,0,0,Morelia,Los Manantiales de Morelia,diciembre,martes,0,-101.240235753357,19.6927358862877
38094,38099,2021,MOR210841997,2021/12/14,"07:30:00",COLISIÓN POR CORTE DE CIRCULACIÓN,ASFALTO,Bueno,Bueno,2,TOYOTA,BLANCO,2,,56,MASCULINO,SIN DATOS,0,0,Morelia,Tenencia Morelos,diciembre,martes,8,-101.243929623155,19.6466055443724
38095,38100,2021,MOR210842144,2021/12/14,"09:50:00",COLISIÓN CONTRA OBJETO FIJO,ASFALTO,Bueno,Regular,2,S/D,BLANCO Y ROJO,1,,45,FEMENINO,SIN DATOS,0,0,Morelia,La Aldea,diciembre,martes,10,-101.135663645255,19.7450724546328
38096,38101,2021,,2021/12/14,10:00:00,COLISIÓN POR ALCANCE,ASFALTO,Bueno,Bueno,2,KAWAZAKI,BLANCO Y AZUL,2,,29,MASCULINO,SIN DATOS,0,0,Morelia,Santillan La Huerta,diciembre,martes,10,-101.219553885717,19.6760966650679
38098,38103,2021,,2021/12/14,10:17:00,COLISIÓN POR ALCANCE,ASFALTO,Bueno,Bueno,2,PONTIAC,VERDE,2,MINISTERIO PÚBLICO,,MASCULINO,SIN DATOS,0,0,Morelia,Felicitas del Rio,diciembre,martes,10,-101.200257123757,19.6935246012511
38099,38104,2021,,2021/12/14,11:04:00,COLISIÓN POR CAMBIO DE CARRIL,ASFALTO,Bueno,Bueno,2,CHRYSLER,BLANCO,2,,26,MASCULINO,SIN DATOS,0,0,Morelia,Fitem (Amp Ignacio Lopez Rayon),diciembre,martes,11,-101.253,19.6878
38102,38107,2021,,2021/12/14,14:46:00,COLISIÓN POR ALCANCE,ASFALTO,Bueno,Bueno,3,VOLKSWAGEN,AMARILLO,3,,69,MASCULINO,SIN DATOS,0,0,Morelia,Centro,diciembre,martes,15,-101.190697025138,19.7095019973639
38103,38108,2021,,2021/12/14,15:15:00,COLISIÓN POR CORTE DE CIRCULACIÓN,CONCRETO,Bueno,Bueno,2,ITALIKA,NEGRO,2,,21,MASCULINO,SIN DATOS,0,0,Morelia,Margarita Maza de Juarez,diciembre,martes,15,-101.255526905,19.6928898149991
38104,38109,2021,,2021/12/14,16:50:00,COLISIÓN CONTRA OBJETO FIJO,TERRACERIA,Bueno,Bueno,1,HINO,BLANCO/AZUL,1,,31,MASCULINO,SIN DATOS,0,0,Pátzcuaro,Ibarra,diciembre,martes,17,-101.617789224458,19.5345546309265
38105,38110,2021,,2021/12/14,20:26:00,COLISIÓN CONTRA OBJETO FIJO,ASFALTO,Bueno,Bueno,1,NISSAN,BLANCO Y ROJO,1,,33,MASCULINO,CON CERTIFICADO,0,0,Morelia,Isaac Arriaga,diciembre,martes,20,-101.173878539064,19.7098514781792
38107,38112,2021,,2021/12/14,22:20:00,COLISIÓN POR CORTE DE CIRCULACIÓN,CONCRETO,Bueno,Bueno,3,SEAT,AZUL,3,MINISTERIO PÚBLICO,49,MASCULINO,SIN DATOS,0,0,Morelia,Insurgentes,diciembre,martes,22,-101.154820106245,19.6973408265364
38109,38114,2021,,2021/12/15,"03:00:00",COLISIÓN CONTRA OBJETO FIJO,CONCRETO,Bueno,Regular,2,FORD,NARNAJA,1,,,MASCULINO,SIN DATOS,0,0,Morelia,Camelinas,diciembre,miércoles,3,-101.17262119,19.6818144849991
38112,38117,2021,,2021/12/15,13:40:00,COLISIÓN POR CORTE DE CIRCULACIÓN,ASFALTO,Bueno,Bueno,2,VOLKSWAGEN,BEIGE,2,,,MASCULINO,SIN DATOS,0,0,Morelia,Praderas del Indio,diciembre,miércoles,14,-101.223494028547,19.6450845894654
38113,38118,2021,,2021/12/15,14:00:00,COLISIÓN CON PEATÓN,ASFALTO,Bueno,Bueno,1,SEAT,BLANCO,1,MINISTERIO PÚBLICO,25,MASCULINO,SIN DATOS,0,0,Morelia,Santa Maria,diciembre,miércoles,14,-101.201895952913,19.6778281088322
38114,38119,2021,,2021/12/15,14:30:00,COLISIÓN POR ALCANCE,ASFALTO,Bueno,Bueno,3,VOLKSWAGEN,BLANCO,3,,33,MASCULINO,SIN DATOS,0,0,Morelia,Libertad,diciembre,miércoles,15,-101.238109127365,19.6873679089487
38115,38120,2021,LEG40668,2021/12/15,15:11:00,COLISIÓN POR CORTE DE CIRCULACIÓN,ASFALTO,Bueno,Bueno,2,CHRYSLER,ROJO,2,MINISTERIO PÚBLICO,50,FEMENINO,SIN DATOS,0,0,Morelia,Felicitas del Rio,diciembre,miércoles,15,-101.195510588586,19.6917787813123
38116,38121,2021,,2021/12/15,15:56:00,COLISIÓN POR CAMBIO DE CARRIL,ASFALTO,Bueno,Bueno,2,NISSAN,BLANCO Y ROJO,2,,68,MASCULINO,SIN DATOS,0,0,Morelia,Centro,diciembre,miércoles,16,-101.194247603416,19.7029934699577
38117,38122,2021,,2021/12/15,17:40:00,COLISIÓN POR CORTE DE CIRCULACIÓN,ASFALTO,Bueno,Bueno,2,TOYOTA,NARANJA,2,,47,MASCULINO,SIN DATOS,0,0,Morelia,Santillan La Huerta,diciembre,miércoles,18,-101.219553885717,19.6760966650679
38118,38123,2021,,2021/12/15,18:00:00,COLISIÓN POR CAMBIO DE CARRIL,ASFALTO,Bueno,Bueno,2,FORD,NEGRO,2,,40,MASCULINO,SIN DATOS,0,0,Morelia,Josefa Ortiz de Dominguez,diciembre,miércoles,18,-101.20995422317,19.6720940715614
38119,38124,2021,,2021/12/15,19:00:00,COLISIÓN POR CAMBIO DE CARRIL,ASFALTO,Bueno,Bueno,2,BMW,NEGRO Y GRIS,2,,58,MASCULINO,SIN DATOS,0,0,Morelia,Felix Ireta,diciembre,miércoles,19,-101.195896796204,19.6822115495252
38120,38125,2021,,2021/12/15,19:40:00,COLISIÓN POR CORTE DE CIRCULACIÓN,ASFALTO,Bueno,Bueno,2,TOYOTA,BLANC O Y GRIS,2,,41,MASCULINO,SIN DATOS,0,0,Morelia,Ferrocarrilero,diciembre,miércoles,20,-101.212779320776,19.701857855211
38121,38126,2021,,2021/12/15,21:35:00,COLISIÓN POR NO RESPETAR SEMÁFORO,ASFALTO,Bueno,Bueno,2,HONDA,AMARILLO,2,,35,MASCULINO,SIN DATOS,0,0,Morelia,Mariano Michelena,diciembre,miércoles,22,-101.229882761836,19.6768917508411