fid,id_accidente,anio_origen,folio_c5i,dia_incidente,hora_ocurrencia,tipo_incidente_vial,superficie_ocurrencia,condiciones_climaticas,condiciones_via,numero_vehiculos_involucrados,marca_vehiculo_ocasiona_siniestro,color_vehiculo_ocasiona_siniestro,numero_personas_involucradas,lugar_remite_presunto_responsable,edad_presunto_responsable,sexo_presunto_responsable,resultados_toxicologia,numero_personas_lesionadas,numero_personas_fallecidas,municipio,colonia,mes,dia_semana,hora_redondeada,lon,lat
38122,38127,2021,,2021/12/16,"00:00:00",COLISIÓN POR ALCANCE,ASFALTO,Bueno,Bueno,2,HYUNDAY,PLATA,2,,36,MASCULINO,SIN DATOS,0,0,Morelia,Camelinas,diciembre,jueves,0,-101.17099791088,19.6820167127138
38123,38128,2021,,2021/12/16,"00:00:00",VOLCADURA,ASFALTO,Bueno,Bueno,1,VOLKSWAGEN,GRIS,0,MINISTERIO PÚBLICO,,,,0,0,Morelia,Centro,diciembre,jueves,0,-101.18754847,19.7028479949991
38124,38129,2021,,2021/12/16,"00:00:00",COLISIÓN CONTRA OBJETO FIJO,ASFALTO,Bueno,Bueno,2,DODGE,GRIS Y NARANJA,2,,52,MASCULINO,SIN DATOS,0,0,Morelia,Lomas de Huerta,diciembre,jueves,0,-101.210148043242,19.6723251693629
38125,38130,2021,,2021/12/16,"02:35:00",COLISIÓN CONTRA OBJETO FIJO,ASFALTO,Bueno,Bueno,1,KIA,NEGRO,1,,38,MASCULINO,SIN DATOS,0,0,Morelia,Ana Maria Gallaga (Riviera Norte),diciembre,jueves,3,-101.22460476,19.6777109999991
38126,38131,2021,,2021/12/16,"06:40:00",COLISIÓN POR CAMBIO DE CARRIL,ASFALTO,Bueno,Regular,2,NISSAN,BLANCO,2,,,MASCULINO,SIN DATOS,0,0,Morelia,Lomas de Morelia (Dr Ignacio Chavez),diciembre,jueves,7,-101.175452644618,19.7162004988672
38128,38133,2021,,2021/12/16,"09:10:00",COLISIÓN POR ALCANCE,ASFALTO,Bueno,Bueno,3,FORD,BLANCO,3,,43,MASCULINO,SIN DATOS,0,0,Morelia,Los Manantiales de Morelia,diciembre,jueves,9,-101.242467320777,19.6977221120593
38129,38134,2021,LEG40673,2021/12/16,12:50:00,COLISIÓN CONTRA OBJETO FIJO,ASFALTO,Bueno,Bueno,2,NISSAN,NEGRO,2,,35,MASCULINO,SIN DATOS,0,0,Morelia,Las Americas,diciembre,jueves,13,-101.155498400331,19.6882265207692
38130,38135,2021,,2021/12/16,13:40:00,COLISIÓN POR CORTE DE CIRCULACIÓN,ASFALTO,Bueno,Bueno,2,NISSAN,BLANCO Y ROJO,2,,63,MASCULINO,SIN DATOS,0,0,Morelia,Molino de Parras,diciembre,jueves,14,-101.20014849373,19.6975131182318
38131,38136,2021,MOR 210846469,2021/12/16,15:10:00,COLISIÓN POR CORTE DE CIRCULACIÓN,ASFALTO,Bueno,Regular,2,FREIGHTLINER,BLANCO,2,,41,MASCULINO,SIN DATOS,0,0,Morelia,Francisco J Mujica,diciembre,jueves,15,-101.187806308948,19.724944272712
38132,38137,2021,,2021/12/16,16:25:00,SALIDA DE SUPERFICIE DE RODAMIENTO,ASFALTO,Bueno,Bueno,1,VOLSKWAGEN,BLANCO,1,,41,MASCULINO,SIN DATOS,0,0,Morelia,Lomas de Huerta,diciembre,jueves,16,-101.210147006943,19.6723225863027
38133,38138,2021,,2021/12/16,17:15:00,COLISIÓN POR CORTE DE CIRCULACIÓN,ASFALTO,Bueno,Bueno,2,VOLKSWAGEN,AZUL Y BLANCO,2,,20,MASCULINO,SIN DATOS,0,0,Morelia,Adolfo Lopez Mateos,diciembre,jueves,17,-101.225488968194,19.695203751288
38134,38139,2021,,2021/12/16,17:15:00,COLISIÓN POR CORTE DE CIRCULACIÓN,CONCRETO,Bueno,Bueno,2,NISSAN,BLANCO/ROSA,2,,33,MASCULINO,SIN DATOS,0,0,Morelia,Solidaridad,diciembre,jueves,17,-101.205698349938,19.7329130015396
38135,38140,2021,MOR21084784708,2021/12/16,18:50:00,COLISIÓN POR ALCANCE,ASFALTO,Bueno,Bueno,2,VOLKSWAGEN,AZUL,2,,70,MASCULINO,SIN DATOS,0,0,Morelia,Comision Federal de Electricidad,diciembre,jueves,19,-101.181339777328,19.6815080810492
38136,38141,2021,MOR210847909,2021/12/16,19:10:00,COLISIÓN POR CORTE DE CIRCULACIÓN,ASFALTO,Bueno,Bueno,2,NISSAN,ROJO,2,,29,MASCULINO,SIN DATOS,0,0,Morelia,Morelos,diciembre,jueves,19,-101.207848384298,19.7006248683409
38137,38142,2021,,2021/12/16,20:50:00,COLISIÓN POR INVASIÓN DE CARRIL,ASFALTO,Bueno,Bueno,2,VOLKSWAGEN,ROJO,2,MINISTERIO PÚBLICO,27,MASCULINO,SIN DATOS,0,0,Morelia,Loma Bonita,diciembre,jueves,21,-101.196552626789,19.7228234614108
38138,38143,2021,,2021/12/16,21:25:00,COLISIÓN POR MANIOBRA DE REVERSA,ASFALTO,Bueno,Bueno,1,VOLKSWAGEN,NEGRO,1,,26,MASCULINO,SIN DATOS,0,0,Morelia,Lomas del Valle,diciembre,jueves,21,-101.226646371864,19.6906875105117
38139,38144,2021,,2021/12/16,23:40:00,COLISIÓN CON PEATÓN,ASFALTO,Bueno,Bueno,1,NISSAN,BLANCO,0,,,,,0,0,Morelia,Jesus Romero Flores,diciembre,jueves,0,-101.18157081306,19.7320221238875
38140,38145,2021,,2021/12/17,"08:00:00",COLISIÓN POR CAMBIO DE CARRIL,SIN_DATOS,Bueno,Bueno,2,INTERNATIONAL,BLANCO,2,,40,MASCULINO,SIN DATOS,0,0,Morelia,Campestre Los Manantiales,diciembre,viernes,8,-101.238141588188,19.6878003578517
38141,38146,2021,MOR210874479,2021/12/17,11:35:00,COLISIÓN CONTRA OBJETO FIJO,ASFALTO,Bueno,Bueno,2,FORD,DORADO,2,,49,MASCULINO,SIN DATOS,0,0,Morelia,Central de Abastos,diciembre,viernes,12,-101.170323243871,19.7177070368154
38142,38147,2021,,2021/12/17,13:00:00,COLISIÓN POR CAMBIO DE CARRIL,ASFALTO,Bueno,Bueno,2,KAWASAKI,AZUL,2,,28,MASCULINO,SIN DATOS,0,0,Morelia,Josefa Ortiz de Dominguez,diciembre,viernes,13,-101.209845654666,19.6720457395887
38143,38148,2021,,2021/12/17,15:30:00,SALIDA DE SUPERFICIE DE RODAMIENTO,ASFALTO,Lluvioso,Bueno,1,VOLKSWAGEN,BLANCO,1,,58,MASCULINO,SIN DATOS,0,0,Morelia,Bosques Tres Marias,diciembre,viernes,16,-101.105249896646,19.7292632176908
38144,38149,2021,,2021/12/17,16:10:00,COLISIÓN POR INVASIÓN DE CARRIL,ASFALTO,Bueno,Bueno,2,ITALIKA,ROJO,2,,,,SIN DATOS,0,0,Carácuaro,Sin datos,diciembre,viernes,16,-101.094716675216,19.0242138232625
38145,38150,2021,,2021/12/17,16:45:00,COLISIÓN POR ALCANCE,CONCRETO,Bueno,Bueno,3,JEEP,ROJO,3,MINISTERIO PÚBLICO,20,MASCULINO,SIN DATOS,0,0,Morelia,Loma Real,diciembre,viernes,17,-101.199403144419,19.7314322862425
38146,38151,2021,,2021/12/17,17:15:00,COLISIÓN POR CAMBIO DE CARRIL,ASFALTO,Nublado,Bueno,2,CHEVROLET,AZUL,2,,48,MASCULINO,SIN DATOS,0,0,Morelia,Felix Ireta,diciembre,viernes,17,-101.19080358608,19.6853939653262
38147,38152,2021,,2021/12/17,17:25:00,COLISIÓN POR ALCANCE,ASFALTO,Bueno,Bueno,2,NISSAN,BLANCO,2,,24,MASCULINO,SIN DATOS,0,0,Morelia,Tenencia Morelos,diciembre,viernes,17,-101.24940186739,19.6458566803149
38148,38153,2021,,2021/12/17,17:45:00,COLISIÓN POR CORTE DE CIRCULACIÓN,ASFALTO,Bueno,Bueno,2,CHEVROLET,BLANCO,2,MINISTERIO PÚBLICO,50,MASCULINO,CON CERTIFICADO,0,0,Morelia,San Rafael,diciembre,viernes,18,-101.153861247003,19.6997994091954
38149,38154,2021,,2021/12/17,21:00:00,SALIDA DE SUPERFICIE DE RODAMIENTO,ASFALTO,Bueno,Bueno,1,CHEVROLET,GRIS,1,,59,MASCULINO,SIN DATOS,0,0,Morelia,Loma de Los Piñones,diciembre,viernes,21,-101.203525303438,19.6749347260378
38150,38155,2021,,2021/12/17,22:25:00,COLISIÓN POR ALCANCE,ASFALTO,Bueno,Bueno,2,VOLKSWAGEN,BLANCO,2,,51,MASCULINO,SIN DATOS,0,0,Morelia,Las Americas,diciembre,viernes,22,-101.151964711876,19.6887757096498
38151,38156,2021,,2021/12/18,"00:00:00",COLISIÓN CON PEATÓN,CONCRETO,Bueno,Bueno,1,ITALIKA,NEGRO,2,,25,MASCULINO,SIN DATOS,1,0,Morelia,Fidel Velazquez,diciembre,sábado,0,-101.23809132725,19.7057878657226
38152,38157,2021,,2021/12/18,"01:20:00",VOLCADURA,ASFALTO,Bueno,Bueno,1,NISSAN,BLANCO,1,,42,MASCULINO,SIN DATOS,0,0,Morelia,Alfonso Garcia Robles,diciembre,sábado,1,-101.183142282747,19.7189176841762
38153,38158,2021,,2021/12/18,"02:00:00",COLISIÓN POR CORTE DE CIRCULACIÓN,ASFALTO,Bueno,Regular,1,FORD,BLANCO,1,,,,SIN DATOS,0,0,Morelia,Santiaguito,diciembre,sábado,2,-101.188650107517,19.718084802008
38154,38159,2021,,2021/12/18,"02:15:00",COLISIÓN POR CAMBIO DE CARRIL,ASFALTO,Bueno,Regular,2,VOLKSWAGEN,ROJO,2,,35,MASCULINO,SIN DATOS,0,0,Morelia,Independencia,diciembre,sábado,2,-101.176050826907,19.7081478687151
38155,38160,2021,,2021/12/18,"04:30:00",COLISIÓN CONTRA OBJETO FIJO,ASFALTO,Bueno,Bueno,1,GMC,BLANCO,0,,,,,0,0,Peribán,Sin datos,diciembre,sábado,5,-102.447016543962,19.5548912790188
38156,38161,2021,,2021/12/18,"06:30:00",COLISIÓN CON PEATÓN,SIN_DATOS,Bueno,Bueno,1,CHEVROLET,NEGRO,0,MINISTERIO PÚBLICO,,,,0,0,Morelia,Valle de Altozano,diciembre,sábado,7,-101.164234355092,19.6650722361737
38157,38162,2021,MOR210850666,2021/12/18,"08:25:00",COLISIÓN POR ALCANCE,ASFALTO,Bueno,Bueno,3,CHRYSLER,PLATA,3,,69,MASCULINO,SIN DATOS,0,0,Morelia,San Pascual,diciembre,sábado,8,-101.264439672232,19.696101233387
38158,38163,2021,,2021/12/18,"08:49:00",COLISIÓN POR CAMBIO DE CARRIL,ASFALTO,Bueno,Bueno,2,TOYOTA,BLANCO/GRIS,2,,37,MASCULINO,SIN DATOS,0,0,Morelia,Sentimientos de La Nacion,diciembre,sábado,9,-101.23546410352,19.6854687531108
38159,38164,2021,LEG40715,2021/12/18,10:30:00,COLISIÓN POR CAMBIO DE CARRIL,ASFALTO,Bueno,Bueno,2,ITALIKA,VERDE,2,,19,MASCULINO,SIN DATOS,0,0,Morelia,Tzindurio de Morelos,diciembre,sábado,11,-101.243569068611,19.6998594406461
38160,38165,2021,,2021/12/18,12:41:00,COLISIÓN POR CAMBIO DE CARRIL,ASFALTO,Bueno,Bueno,2,FORD,GRIS,2,,,FEMENINO,SIN DATOS,0,0,Morelia,Felix Ireta,diciembre,sábado,13,-101.180884198033,19.6849765765745
38161,38166,2021,,2021/12/18,13:08:00,SALIDA DE SUPERFICIE DE RODAMIENTO,ASFALTO,Bueno,Bueno,1,NISSAN,GRIS,1,,57,MASCULINO,SIN DATOS,0,0,Buenavista,Sin datos,diciembre,sábado,13,-102.539387463855,19.309230285921
38162,38167,2021,,2021/12/18,13:53:00,COLISIÓN POR CAMBIO DE CARRIL,ASFALTO,Bueno,Bueno,2,HONDA,ROJO/NEGRO,2,,25,MASCULINO,SIN DATOS,0,0,Morelia,Villas de La Esperanza,diciembre,sábado,14,-101.274005770683,19.693229588596
38163,38168,2021,MOR210851165,2021/12/18,14:35:00,COLISIÓN CON PEATÓN,ASFALTO,Bueno,Bueno,1,ITALIKA,ROJO/NEGRO,2,,19,MASCULINO,SIN DATOS,1,0,Morelia,Tinijaro,diciembre,sábado,15,-101.261843994938,19.6966475830179
38164,38169,2021,MOR210851160,2021/12/18,14:40:00,COLISIÓN POR MANIOBRA DE REVERSA,ASFALTO,Bueno,Bueno,2,VOLKSWAGEN,BLANCO,2,,39,MASCULINO,SIN DATOS,0,0,Morelia,Ventura Puente,diciembre,sábado,15,-101.185882829808,19.6913425551185
38165,38170,2021,,2021/12/18,16:20:00,COLISIÓN POR ALCANCE,ASFALTO,Nublado,Bueno,2,TOYOTA,AZUL,2,,25,MASCULINO,CON CERTIFICADO,0,0,Morelia,Loma de Los Piñones,diciembre,sábado,16,-101.205086013808,19.6739899419294
38166,38171,2021,,2021/12/18,18:00:00,COLISIÓN POR CORTE DE CIRCULACIÓN,ASFALTO,Bueno,Bueno,2,CHEVROLET,GUINDA,2,,,,SIN DATOS,0,0,Morelia,Centro,diciembre,sábado,18,-101.204090944744,19.7024451907133
38167,38172,2021,,2021/12/18,18:40:00,COLISIÓN POR CAMBIO DE CARRIL,ASFALTO,Bueno,Bueno,2,FREIGHTLINER,CAFE/BLANCO,2,,61,MASCULINO,SIN DATOS,0,0,Morelia,Industrial,diciembre,sábado,19,-101.1980701475,19.7067650591333
38168,38173,2021,,2021/12/18,19:55:00,COLISIÓN POR ALCANCE,ASFALTO,Bueno,Bueno,2,NISSAN,AZUL,2,,22,MASCULINO,SIN DATOS,0,0,Morelia,Alberto Oviedo Mota,diciembre,sábado,20,-101.197687810793,19.6811476211392
38169,38174,2021,,2021/12/18,21:00:00,COLISIÓN POR ALCANCE,ASFALTO,Bueno,Bueno,2,VENTO,ROJO,0,,,,,0,0,Lázaro Cárdenas,Estibadores Crom,diciembre,sábado,21,-102.233192609117,17.9771354903504
38170,38175,2021,,2021/12/18,21:41:00,VOLCADURA,ASFALTO,Bueno,Bueno,1,VOLKSWAGEN,ROJO,1,,,,SIN DATOS,0,0,Morelia,Vista Bella,diciembre,sábado,22,-101.192536143781,19.6814899208073
38171,38176,2021,,2021/12/18,22:00:00,COLISIÓN POR ALCANCE,ASFALTO,Bueno,Bueno,2,JEEP,ROJO,0,,,,,0,0,Lázaro Cárdenas,Centro,diciembre,sábado,22,-102.193814702332,17.9562004128356
38172,38177,2021,LEG40729,2021/12/18,22:45:00,COLISIÓN POR INVASIÓN DE CARRIL,CONCRETO,Bueno,Bueno,2,ITALIKA,BLANCA,2,,,MASCULINO,SIN DATOS,0,0,Morelia,Gertrudis Sanchez,diciembre,sábado,23,-101.199656872139,19.7401260385642
38173,38178,2021,MOR2108524456,2021/12/19,"00:30:00",COLISIÓN POR ALCANCE,ASFALTO,Bueno,Regular,2,VOLKSWAGEN,BLANCO,2,,23,MASCULINO,CON CERTIFICADO,0,0,Morelia,Industrial,diciembre,domingo,1,-101.201273893755,19.7108601677442
38174,38179,2021,MOR2100000,2021/12/19,"01:00:00",COLISIÓN CONTRA OBJETO FIJO,CONCRETO,Bueno,Bueno,1,CHRYSLER,PLATA,1,,29,MASCULINO,SIN DATOS,0,0,Morelia,Ventura Puente,diciembre,domingo,1,-101.18797827512,19.6928902473393
38175,38180,2021,,2021/12/19,"05:00:00",COLISIÓN CON PEATÓN,ASFALTO,Bueno,Bueno,1,RENAULT,ROJO,0,MINISTERIO PÚBLICO,,,,0,0,Lázaro Cárdenas,Centro,diciembre,domingo,5,-102.193615679576,17.9556014255563
38176,38181,2021,,2021/12/19,"06:23:00",COLISIÓN CONTRA OBJETO FIJO,CONCRETO,Bueno,Bueno,1,FORD,GRIS,1,,41,MASCULINO,CON CERTIFICADO,0,0,Morelia,Ciudad Jardin,diciembre,domingo,6,-101.256418190896,19.7058510800325
38177,38182,2021,,2021/12/19,"08:00:00",COLISIÓN POR CAMBIO DE CARRIL,ASFALTO,Bueno,Bueno,2,CHEYSLER,GUINDA,2,,41,MASCULINO,SIN DATOS,0,0,Morelia,La Soledad,diciembre,domingo,8,-101.183417209171,19.7280734207406
38178,38183,2021,,2021/12/19,10:00:00,COLISIÓN POR CORTE DE CIRCULACIÓN,ASFALTO,Bueno,Bueno,2,VOLKSWAGEN,GRIS,1,,,,SIN DATOS,0,0,Lázaro Cárdenas,Ejidal,diciembre,domingo,10,-102.203752957284,17.9534440630047
38179,38184,2021,,2021/12/19,10:30:00,COLISIÓN POR NO RESPETAR SEMÁFORO,ASFALTO,Bueno,Bueno,2,PULSAR,NEGRO,2,,23,MASCULINO,ALIENTO ETÍLICO,0,0,Morelia,Granjas Unidas de Morelia,diciembre,domingo,11,-101.279490552843,19.6913081184128
38180,38185,2021,,2021/12/19,10:50:00,COLISIÓN POR ALCANCE,ASFALTO,Lluvioso,Bueno,2,TOYOTA,NEGRO/BLANCO,5,MINISTERIO PÚBLICO,35,MASCULINO,SIN DATOS,3,0,Peribán,Sin datos,diciembre,domingo,11,-102.443111003802,19.5506487814309
38181,38186,2021,,2021/12/19,15:30:00,SALIDA DE SUPERFICIE DE RODAMIENTO,ASFALTO,Bueno,Bueno,1,VOLKSWAGEN,BLANCO,0,,,,,0,0,Morelia,Sin datos,diciembre,domingo,16,-101.387741856955,19.6667904404306
38182,38187,2021,,2021/12/19,16:00:00,COLISIÓN POR CORTE DE CIRCULACIÓN,ASFALTO,Bueno,Bueno,2,GENERAL MOTORS,CHEVROLET INTERNATIONAL,2,,32,MASCULINO,SIN DATOS,0,0,Morelia,Industrial,diciembre,domingo,16,-101.197888336387,19.7068335815314
38183,38188,2021,,2021/12/19,16:00:00,COLISIÓN POR CAMBIO DE CARRIL,ASFALTO,Bueno,Malo,2,INTERNATIONAL,AMARILLO,3,,20,MASCULINO,SIN DATOS,1,0,Morelia,Villas Valladolid,diciembre,domingo,16,-101.218452802434,19.6965715378274
38184,38189,2021,,2021/12/19,17:00:00,COLISIÓN POR CORTE DE CIRCULACIÓN,CONCRETO,Lluvioso,Regular,2,NISSAN,BLANCO,2,,34,MASCULINO,SIN DATOS,0,0,Morelia,Centro,diciembre,domingo,17,-101.187043586245,19.6983713599844
38185,38190,2021,,2021/12/19,17:00:00,COLISIÓN CONTRA OBJETO FIJO,ASFALTO,Nublado,Regular,2,VOLKSWAGEN,AMARILLO,2,,23,MASCULINO,SIN DATOS,0,0,Morelia,Eduardo Ruiz,diciembre,domingo,17,-101.215918785477,19.7165092346366
38186,38191,2021,LEG40753,2021/12/19,19:44:00,COLISIÓN POR ALCANCE,ASFALTO,Bueno,Bueno,2,VOLKSWAGEN,ROJO,2,,28,MASCULINO,SIN DATOS,0,0,Morelia,Vasco de Quiroga,diciembre,domingo,20,-101.168533936143,19.708930989705
38187,38192,2021,,2021/12/19,20:00:00,COLISIÓN POR INVASIÓN DE CARRIL,ASFALTO,Bueno,Bueno,3,MAZDA,GRIS,3,,33,MASCULINO,SIN DATOS,0,0,Tarímbaro,Sin datos,diciembre,domingo,20,-101.123708584771,19.7689146775108
38188,38193,2021,,2021/12/19,20:44:00,COLISIÓN POR ALCANCE,ASFALTO,Bueno,Bueno,2,DODGE,NEGRA,2,,50,MASCULINO,SIN DATOS,0,0,Morelia,Sin datos,diciembre,domingo,21,-101.388104900039,19.6666979637073
38189,38194,2021,,2021/12/19,21:00:00,COLISIÓN CONTRA OBJETO FIJO,ASFALTO,Bueno,Bueno,1,Toyota,Blanco,1,MINISTERIO PÚBLICO,,,,0,1,Morelia,Sin datos,diciembre,domingo,21,-101.387699246407,19.6668052791784
38190,38195,2021,,2021/12/19,21:25:00,COLISIÓN POR CORTE DE CIRCULACIÓN,ASFALTO,Bueno,Bueno,2,NISSAN,BLANCO/NEGRO,2,,24,MASCULINO,SIN DATOS,0,0,Morelia,Plan de La Garita,diciembre,domingo,21,-101.18505332619,19.7124821594051
38191,38196,2021,,2021/12/19,22:00:00,COLISIÓN POR INVASIÓN DE CARRIL,ASFALTO,Bueno,Bueno,2,JEEP,GRIS,2,MINISTERIO PÚBLICO,25,FEMENINO,SIN DATOS,1,0,Morelia,Sin datos,diciembre,domingo,22,-101.118517443538,19.6882553046632
38192,38197,2021,,2021/12/20,"00:25:00",SALIDA DE SUPERFICIE DE RODAMIENTO,TERRACERIA,Bueno,Bueno,1,RENAULT DUSTER,BLANCO,1,,22,,ALIENTO ETÍLICO,0,0,Morelia,Sin datos,diciembre,lunes,0,-101.302287714039,19.5882824484326
38193,38198,2021,,2021/12/20,"00:48:00",COLISIÓN CONTRA OBJETO FIJO,CONCRETO,Bueno,Bueno,1,CHEVROLET,BLANCO,1,,24,MASCULINO,SIN DATOS,0,0,Morelia,Villas Oriente,diciembre,lunes,1,-101.142105429697,19.7527960502518
38194,38199,2021,,2021/12/20,11:00:00,COLISIÓN POR ALCANCE,ASFALTO,Bueno,Bueno,2,BMW,GRIS,2,,50,MASCULINO,SIN DATOS,0,0,Morelia,Alberto Oviedo Mota,diciembre,lunes,11,-101.197472929276,19.6811155068794
38195,38200,2021,,2021/12/20,12:35:00,COLISIÓN POR INVASIÓN DE CARRIL,ASFALTO,Bueno,Bueno,2,HONDA,BLANCO,2,,15,MASCULINO,SIN DATOS,0,0,Morelia,Central de Abastos,diciembre,lunes,13,-101.166008026764,19.7155979509636
38196,38201,2021,,2021/12/20,12:35:00,COLISIÓN POR ALCANCE,ASFALTO,Bueno,Bueno,2,NISSAN,AZUL TURQUESA,2,,24,FEMENINO,SIN DATOS,0,0,Morelia,Nueva Jacarndas,diciembre,lunes,13,-101.192008659922,19.6822626909199
38197,38202,2021,,2021/12/20,13:35:00,COLISIÓN POR ALCANCE,ASFALTO,Nublado,Bueno,2,MAZDA,BLANCO,2,,44,MASCULINO,SIN DATOS,0,0,Morelia,Fovissste Acueducto,diciembre,lunes,14,-101.155985190786,19.7010074373382
38198,38203,2021,,2021/12/20,13:45:00,CAIDA ACUATICA DE VEHÍCULO,ASFALTO,Bueno,Bueno,1,SEAT,BLANCO,1,,30,MASCULINO,SIN DATOS,0,0,Charo,San Pedro Y San Pablo,diciembre,lunes,14,-101.046855463221,19.7522400818307
38199,38204,2021,,2021/12/20,14:45:00,COLISIÓN POR ALCANCE,ASFALTO,Bueno,Bueno,2,FORD,BLANCO,2,,25,MASCULINO,SIN DATOS,0,0,Morelia,Felix Ireta,diciembre,lunes,15,-101.195665882394,19.6814927270841
38200,38205,2021,MOR210855456,2021/12/20,14:50:00,COLISIÓN POR ALCANCE,ASFALTO,Bueno,Bueno,2,KENWORTH,BLANCO,2,,46,MASCULINO,SIN DATOS,0,0,Morelia,Dr Miguel Silva,diciembre,lunes,15,-101.187197721816,19.7206460987812
38201,38206,2021,,2021/12/20,15:52:00,COLISIÓN POR ALCANCE,ASFALTO,Nublado,Bueno,2,FORD,ROJO,2,,35,MASCULINO,SIN DATOS,0,0,Morelia,Lomas de Guayangareo,diciembre,lunes,16,-101.16059795022,19.7043744182874
38202,38207,2021,,2021/12/20,16:00:00,COLISIÓN POR CAMBIO DE CARRIL,ASFALTO,Bueno,Bueno,2,KTM,NARANJA,2,,60,,SIN DATOS,0,0,Morelia,Lazaro Cardenas,diciembre,lunes,16,-101.165379292585,19.7103526607127
38203,38208,2021,,2021/12/20,17:20:00,COLISIÓN POR CORTE DE CIRCULACIÓN,CONCRETO,Bueno,Bueno,2,CHEVROLET,BLANCO,2,,22,MASCULINO,SIN DATOS,0,0,Morelia,Niño Artillero,diciembre,lunes,17,-101.254878938198,19.6975386864875
38204,38209,2021,,2021/12/20,19:17:00,COLISIÓN POR INVASIÓN DE CARRIL,ASFALTO,Bueno,Bueno,2,NISSAN,NEGRO,2,,79,,SIN DATOS,0,0,Morelia,La Pradera,diciembre,lunes,19,-101.217608942903,19.680495749141
38205,38210,2021,,2021/12/20,21:50:00,COLISIÓN POR CORTE DE CIRCULACIÓN,ASFALTO,Bueno,Bueno,2,NISSAN,BLANCO Y ROJO,2,,45,MASCULINO,SIN DATOS,0,0,Morelia,Isaac Arriaga,diciembre,lunes,22,-101.170424744827,19.7086878575049
38206,38211,2021,,2021/12/21,"07:30:00",COLISIÓN CON PEATÓN,SIN_DATOS,Bueno,Bueno,1,FORD,ORO,1,,51,MASCULINO,CON CERTIFICADO,0,0,Morelia,22 de Octubre,diciembre,martes,8,-101.235836835335,19.64568875369
38207,38212,2021,,2021/12/21,"07:50:00",COLISIÓN POR CORTE DE CIRCULACIÓN,CONCRETO,Bueno,Bueno,2,MITSUBISHI,TITANIO,2,,28,FEMENINO,SIN DATOS,0,0,Morelia,El Lago 1,diciembre,martes,8,-101.215190992438,19.7276211980191
38208,38213,2021,,2021/12/21,"09:30:00",COLISIÓN CON PEATÓN,CONCRETO,Bueno,Bueno,2,NISSAN TSURU,GUINDA,1,,,,SIN DATOS,0,0,Morelia,Tzindurio de Morelos,diciembre,martes,10,-101.245212836029,19.696886622953
38209,38214,2021,LEG40784,2021/12/21,12:52:00,COLISIÓN POR CORTE DE CIRCULACIÓN,ASFALTO,Bueno,Bueno,2,KODIAK,BLANCO CON ROSA,2,,,MASCULINO,SIN DATOS,0,0,Morelia,Centro,diciembre,martes,13,-101.184644990337,19.7020345611282
38210,38215,2021,,2021/12/21,16:20:00,COLISIÓN POR NO RESPETAR SEMÁFORO,ASFALTO,Bueno,Bueno,2,NISSAN,BLANCO  Y AZUL,3,MINISTERIO PÚBLICO,22,MASCULINO,SIN DATOS,1,0,Morelia,Union,diciembre,martes,16,-101.156192757189,19.7150620529122
38211,38216,2021,,2021/12/21,16:50:00,VOLCADURA,ASFALTO,Bueno,Bueno,2,FREIGHTLINER,BLANCO Y ROJO,2,,39,MASCULINO,SIN DATOS,0,0,Morelia,El Realito,diciembre,martes,17,-101.205196715891,19.7257613390489
38212,38217,2021,,2021/12/21,21:00:00,COLISIÓN POR CAMBIO DE CARRIL,ASFALTO,Bueno,Bueno,2,TOYOTA,BLANCO,2,,33,MASCULINO,SIN DATOS,0,0,Morelia,Bosques de Oriente,diciembre,martes,21,-101.155462160028,19.7156087968801
38213,38218,2021,,2021/12/21,22:00:00,COLISIÓN POR MANIOBRA DE REVERSA,ASFALTO,Bueno,Bueno,2,VOLKSWAGEN,BLANCO,2,,41,MASCULINO,SIN DATOS,0,0,Morelia,La Luz,diciembre,martes,22,-101.299782073631,19.6873379195826
38214,38219,2021,,2021/12/22,"01:23:00",SUBIDA AL CAMELLÓN,ASFALTO,Bueno,Regular,1,RENAULT,GRIS,1,,55,MASCULINO,SIN DATOS,0,0,Morelia,Tierra Y Libertad,diciembre,miércoles,1,-101.230051039971,19.7160194203102
38215,38220,2021,,2021/12/22,"07:30:00",SALIDA DE SUPERFICIE DE RODAMIENTO,ASFALTO,Bueno,Bueno,1,CHRYSLER,BLANCO,1,MINISTERIO PÚBLICO,,,,0,1,Hidalgo,Sin datos,diciembre,miércoles,8,-100.591202192008,19.6996861471238
38216,38221,2021,,2021/12/22,"08:50:00",COLISIÓN CONTRA OBJETO FIJO,ASFALTO,Bueno,Bueno,1,NISSAN,GRIS,0,MINISTERIO PÚBLICO,,,,0,0,Gabriel Zamora,Sin datos,diciembre,miércoles,9,-102.045597142803,19.2200260577024
38217,38222,2021,,2021/12/22,"08:50:00",COLISIÓN POR INVASIÓN DE CARRIL,ASFALTO,Bueno,Bueno,2,MITSUBISHI,GRIS,2,,31,MASCULINO,SIN DATOS,0,0,Morelia,La Hacienda,diciembre,miércoles,9,-101.315551542424,19.6791856546139
38218,38223,2021,,2021/12/22,13:00:00,COLISIÓN CONTRA OBJETO FIJO,CONCRETO,Bueno,Bueno,1,HONDA,GRIS,1,,68,FEMENINO,SIN DATOS,0,0,Morelia,Balcones de Santa Maria,diciembre,miércoles,13,-101.187569207765,19.6775213091264