fid,id_accidente,anio_origen,folio_c5i,dia_incidente,hora_ocurrencia,tipo_incidente_vial,superficie_ocurrencia,condiciones_climaticas,condiciones_via,numero_vehiculos_involucrados,marca_vehiculo_ocasiona_siniestro,color_vehiculo_ocasiona_siniestro,numero_personas_involucradas,lugar_remite_presunto_responsable,edad_presunto_responsable,sexo_presunto_responsable,resultados_toxicologia,numero_personas_lesionadas,numero_personas_fallecidas,municipio,colonia,mes,dia_semana,hora_redondeada,lon,lat
38219,38224,2021,MOR210859545,2021/12/22,15:41:00,CAIDA DE MOTOCICLETA,ASFALTO,Bueno,Bueno,2,ITALIKA,NEGRO,1,MINISTERIO PÚBLICO,,,,0,1,Morelia,Lomas de San Juan,diciembre,miércoles,16,-101.183039681886,19.7298664251429
38220,38225,2021,MOR210860185,2021/12/22,18:26:00,COLISIÓN POR CORTE DE CIRCULACIÓN,ASFALTO,Bueno,Bueno,2,TOYOTA,BLANCO,2,,31,MASCULINO,SIN DATOS,0,0,Morelia,Rinconada del Valle,diciembre,miércoles,18,-101.219378926835,19.6786565512083
38221,38226,2021,,2021/12/22,18:40:00,VOLCADURA,ASFALTO,Bueno,Bueno,1,TOYOTA,ROJO,2,MINISTERIO PÚBLICO,21,MASCULINO,SIN DATOS,0,1,Peribán,Los Cerritos,diciembre,miércoles,19,-102.423504665494,19.5334009637373
38222,38227,2021,,2021/12/22,19:23:00,COLISIÓN POR CORTE DE CIRCULACIÓN,ASFALTO,Bueno,Bueno,2,ITALIKA,NEGRO,2,,17,MASCULINO,SIN DATOS,0,0,Morelia,Primo Tapia,diciembre,miércoles,19,-101.211708083076,19.7090478032988
38223,38228,2021,,2021/12/22,19:45:00,COLISIÓN POR CORTE DE CIRCULACIÓN,ASFALTO,Bueno,Bueno,2,ITALIKA,BLANCO,0,MINISTERIO PÚBLICO,,,,0,0,Morelia,Isaac Arriaga,diciembre,miércoles,20,-101.171406124799,19.7077228779254
38224,38229,2021,LEG40797,2021/12/22,19:50:00,COLISIÓN POR CORTE DE CIRCULACIÓN,ASFALTO,Bueno,Bueno,1,NISSAN,BLANCO,0,,,,,0,0,Morelia,El Eden,diciembre,miércoles,20,-101.251667998731,19.6437151006232
38225,38230,2021,,2021/12/22,20:00:00,COLISIÓN POR CAMBIO DE CARRIL,ASFALTO,Bueno,Bueno,2,NISSAN,BLANCO/AZUL,2,,47,MASCULINO,SIN DATOS,0,0,Morelia,Ejidal Ocolusen,diciembre,miércoles,20,-101.158511496402,19.6877271208509
38226,38231,2021,,2021/12/22,21:30:00,COLISIÓN POR ALCANCE,ASFALTO,Bueno,Bueno,2,VOLKSWAGEN,BLANCO,2,MINISTERIO PÚBLICO,,MASCULINO,SIN DATOS,0,0,Morelia,Insurgentes,diciembre,miércoles,22,-101.155570819974,19.6974136574
38227,38232,2021,,2021/12/23,"01:00:00",COLISIÓN POR CORTE DE CIRCULACIÓN,ASFALTO,Bueno,Bueno,1,DODGE,GRIS,0,,,,,0,0,Morelia,Sin datos,diciembre,jueves,1,-101.307934343137,19.6873770635961
38228,38233,2021,,2021/12/23,"07:07:00",SALIDA DE SUPERFICIE DE RODAMIENTO,ASFALTO,Bueno,Bueno,1,FORD,ROJO,1,,73,MASCULINO,SIN DATOS,0,0,Morelia,Justo Mendoza,diciembre,jueves,7,-101.231170526959,19.7143399348353
38229,38234,2021,,2021/12/23,"07:30:00",COLISIÓN POR NO RESPETAR SEMÁFORO,ASFALTO,Bueno,Bueno,2,HONDA CIVIC,ROJO,2,,36,MASCULINO,SIN DATOS,0,0,Morelia,Molino de Parras,diciembre,jueves,8,-101.206587776542,19.7016866873043
38230,38235,2021,,2021/12/23,"08:50:00",COLISIÓN POR INVASIÓN DE CARRIL,ASFALTO,Bueno,Bueno,2,NISSAN,BLANCO,2,,35,FEMENINO,SIN DATOS,0,0,Morelia,Jardines de Torremolinos,diciembre,jueves,9,-101.225749447264,19.676849188986
38231,38236,2021,,2021/12/23,"09:00:00",COLISIÓN CONTRA OBJETO FIJO,CONCRETO,Bueno,Bueno,2,ISUZU,BLANCO,1,,45,MASCULINO,SIN DATOS,0,0,Morelia,Veinte de Noviembre,diciembre,jueves,9,-101.165602948115,19.723829145088
38232,38237,2021,,2021/12/23,10:00:00,COLISIÓN POR ALCANCE,ASFALTO,Bueno,Bueno,2,DODGE,BLANCO,2,,47,MASCULINO,SIN DATOS,0,0,Morelia,El Lago 3,diciembre,jueves,10,-101.221765665844,19.7272620470046
38233,38238,2021,,2021/12/23,11:50:00,COLISIÓN POR ALCANCE,ASFALTO,Bueno,Bueno,2,FORD,VERDE,2,,43,MASCULINO,SIN DATOS,0,0,Morelia,Primo Tapia Oriente,diciembre,jueves,12,-101.158698976718,19.7134593693037
38234,38239,2021,,2021/12/23,12:30:00,COLISIÓN POR CORTE DE CIRCULACIÓN,ASFALTO,Bueno,Bueno,2,CHRYSLER,AZUL,2,,56,,SIN DATOS,0,0,Morelia,Torreon Nuevo,diciembre,jueves,13,-101.204239228234,19.7474594078299
38235,38240,2021,,2021/12/23,13:00:00,COLISIÓN POR CORTE DE CIRCULACIÓN,CONCRETO,Bueno,Bueno,2,CHEVROLET,VERDE,0,,,,,0,0,Copándaro,Centro,diciembre,jueves,13,-101.215787753463,19.8913853859672
38236,38241,2021,,2021/12/23,13:40:00,COLISIÓN POR ALCANCE,CONCRETO,Bueno,Bueno,3,FORD,BLANCO,2,MINISTERIO PÚBLICO,18,MASCULINO,SIN DATOS,0,0,Morelia,Ventura Puente,diciembre,jueves,14,-101.19534663856,19.6937138194416
38237,38242,2021,,2021/12/23,14:00:00,COLISIÓN POR CORTE DE CIRCULACIÓN,ASFALTO,Bueno,Bueno,2,FREIGHTLINER,BLANCO,0,MINISTERIO PÚBLICO,,,,0,0,Hidalgo,Corros,diciembre,jueves,14,-100.555387996137,19.7072142418522
38238,38243,2021,,2021/12/23,16:15:00,COLISIÓN POR CAMBIO DE CARRIL,ASFALTO,Bueno,Bueno,2,VOLKSWAGEN /JETTA,AZUL,2,,77,MASCULINO,SIN DATOS,0,0,Morelia,Elias Perez Avalos,diciembre,jueves,16,-101.168005757772,19.71212743931
38239,38244,2021,,2021/12/23,16:40:00,COLISIÓN POR CAMBIO DE CARRIL,ASFALTO,Bueno,Bueno,3,FORD,CAFE,3,,74,MASCULINO,SIN DATOS,0,0,Morelia,Sentimientos de La Nacion,diciembre,jueves,17,-101.235623725437,19.6820173727897
38240,38245,2021,,2021/12/23,16:40:00,COLISIÓN POR CORTE DE CIRCULACIÓN,CONCRETO,Bueno,Bueno,2,CHEVROLET CAPTIVA,BLANCO,2,,30,MASCULINO,SIN DATOS,0,0,Morelia,Villas del Pedregal,diciembre,jueves,17,-101.302209,19.685042
38241,38246,2021,,2021/12/23,17:04:00,COLISIÓN CON PEATÓN,ASFALTO,Bueno,Bueno,1,NISSAN,ROJO,2,,25,MASCULINO,SIN DATOS,1,0,Pátzcuaro,Centro,diciembre,jueves,17,-101.60417765379,19.5148765572818
38242,38247,2021,,2021/12/23,18:00:00,COLISIÓN POR ALCANCE,ASFALTO,Bueno,Bueno,2,CRYSLER,GRIS,0,MINISTERIO PÚBLICO,,,,0,0,Lázaro Cárdenas,Sin datos,diciembre,jueves,18,-102.228232137859,17.9353921312745
38243,38248,2021,LEG40815,2021/12/23,19:15:00,COLISIÓN POR CAMBIO DE CARRIL,ASFALTO,Bueno,Bueno,2,VOLVO,ELECTRIC SILVER,2,,57,MASCULINO,SIN DATOS,0,0,Morelia,Primaveras,diciembre,jueves,19,-101.225723966278,19.6807224438568
38244,38249,2021,,2021/12/23,19:30:00,COLISIÓN POR ALCANCE,ASFALTO,Bueno,Bueno,2,CHEVROLET,ROJO,2,,41,MASCULINO,SIN DATOS,0,0,Morelia,Los Manantiales de Morelia,diciembre,jueves,20,-101.241630837321,19.6957864623857
38245,38250,2021,,2021/12/23,19:30:00,COLISIÓN POR CORTE DE CIRCULACIÓN,ASFALTO,Bueno,Bueno,1,FORD,NEGRO,1,MINISTERIO PÚBLICO,65,MASCULINO,SIN DATOS,0,0,Peribán,Sin datos,diciembre,jueves,20,-102.437840432607,19.4845959315615
38246,38251,2021,,2021/12/23,20:25:00,CAIDA DE MOTOCICLETA,ASFALTO,Bueno,Bueno,1,ITALIKA,ROJO/NEGRO,0,,,,,0,0,Pátzcuaro,Sin datos,diciembre,jueves,20,-101.668705567718,19.5309073173626
38247,38252,2021,,2021/12/24,"00:00:00",COLISIÓN POR CORTE DE CIRCULACIÓN,ASFALTO,Bueno,Bueno,2,NISSAN,GRIS,2,,74,MASCULINO,SIN DATOS,0,0,Morelia,La Hacienda,diciembre,viernes,0,-101.314941309392,19.6868798420789
38248,38253,2021,LEG40841,2021/12/24,"01:15:00",COLISIÓN CONTRA OBJETO FIJO,CONCRETO,Bueno,Bueno,2,PONTIAC,BLANCO,1,,,,SIN DATOS,0,0,Morelia,Cosmos,diciembre,viernes,1,-101.216921352518,19.683591730079
38249,38254,2021,,2021/12/24,"03:00:00",SALIDA DE SUPERFICIE DE RODAMIENTO,CONCRETO,Bueno,Bueno,1,NISSAN,BLANCO,0,MINISTERIO PÚBLICO,,,,0,0,Morelia,Loma Real,diciembre,viernes,3,-101.194653318011,19.7312549242561
38250,38255,2021,,2021/12/24,"03:00:00",VOLCADURA,ASFALTO,Bueno,Bueno,1,CHEVROLET,GRIS,1,,27,MASCULINO,SIN DATOS,0,0,Indaparapeo,Sin Nombre,diciembre,viernes,3,-100.967790342199,19.7916933643174
38251,38256,2021,,2021/12/24,"04:30:00",VOLCADURA,ASFALTO,Bueno,Bueno,1,NISSAN,AMARILLO,1,,34,MASCULINO,SIN DATOS,0,0,Tarímbaro,Sin datos,diciembre,viernes,5,-101.171771606269,19.7508070794212
38252,38257,2021,,2021/12/24,"05:40:00",COLISIÓN CONTRA OBJETO FIJO,ASFALTO,Bueno,Bueno,1,TOYOTA,BLANCO/ROJO,1,,,MASCULINO,SIN DATOS,0,0,Morelia,El Lago 2,diciembre,viernes,6,-101.214451647627,19.7266522802953
38253,38258,2021,,2021/12/24,"06:46:00",COLISIÓN POR CAMBIO DE CARRIL,ASFALTO,Bueno,Bueno,2,VOLKSWAGEN,BLANCO,2,,23,FEMENINO,SIN DATOS,0,0,Morelia,Ventura Puente,diciembre,viernes,7,-101.179257468735,19.6935724014514
38254,38259,2021,,2021/12/24,"09:00:00",COLISIÓN POR CORTE DE CIRCULACIÓN,ASFALTO,Bueno,Bueno,2,CHEVROLET,BLANCO,2,,75,MASCULINO,SIN DATOS,0,0,Morelia,Chapultepec Sur,diciembre,viernes,9,-101.177094846296,19.6919675224522
38255,38260,2021,,2021/12/24,"09:10:00",COLISIÓN POR CORTE DE CIRCULACIÓN,ASFALTO,Bueno,Bueno,2,BAJAJ,NEGRO,2,MINISTERIO PÚBLICO,18,MASCULINO,SIN DATOS,0,0,Morelia,El Realito,diciembre,viernes,9,-101.205091164873,19.7262672765353
38256,38261,2021,,2021/12/24,"09:50:00",COLISIÓN POR CAMBIO DE CARRIL,ASFALTO,Bueno,Bueno,2,HYUNDAI,GRIS,2,,28,MASCULINO,SIN DATOS,0,0,Morelia,Ignacio Zaragoza,diciembre,viernes,10,-101.205314733088,19.7255009100092
38257,38262,2021,,2021/12/24,11:15:00,COLISIÓN POR ALCANCE,ASFALTO,Bueno,Bueno,2,FORD,BLANCO,2,,35,MASCULINO,SIN DATOS,0,0,Morelia,Bosques de Oriente,diciembre,viernes,11,-101.155495718122,19.7155679955818
38258,38263,2021,,2021/12/24,12:20:00,COLISIÓN POR ALCANCE,ASFALTO,Bueno,Bueno,2,ITALIKA,AZUL/BLANCO,2,,56,MASCULINO,SIN DATOS,0,0,Morelia,Hospitales de Don Vasco,diciembre,viernes,12,-101.155458776786,19.7010645700885
38259,38264,2021,,2021/12/24,13:55:00,COLISIÓN POR CORTE DE CIRCULACIÓN,ASFALTO,Bueno,Bueno,2,VENTO,BLANCO/ROJO,2,,27,MASCULINO,SIN DATOS,0,0,Morelia,Lomas del Valle,diciembre,viernes,14,-101.232612976298,19.6868429076937
38260,38265,2021,LEG40850,2021/12/24,14:30:00,COLISIÓN POR MANIOBRA DE REVERSA,ASFALTO,Bueno,Bueno,2,CHRYSLER,GRIS,2,,39,FEMENINO,SIN DATOS,0,0,Morelia,Las Flores,diciembre,viernes,15,-101.204331032932,19.7075182586991
38261,38266,2021,,2021/12/24,15:00:00,COLISIÓN POR CAMBIO DE CARRIL,ASFALTO,Bueno,Bueno,2,SUZUKI,BLANCO,2,,37,MASCULINO,SIN DATOS,0,0,Morelia,Jardines de La Loma,diciembre,viernes,15,-101.225629753686,19.6768412965298
38262,38267,2021,,2021/12/24,16:50:00,COLISIÓN CONTRA OBJETO FIJO,ASFALTO,Bueno,Bueno,2,FORD,BLANCO,2,,31,MASCULINO,SIN DATOS,0,0,Morelia,Felicitas del Rio,diciembre,viernes,17,-101.199090667069,19.6902039018657
38263,38268,2021,MOR 210864381,2021/12/24,18:45:00,COLISIÓN POR CORTE DE CIRCULACIÓN,CONCRETO,Bueno,Bueno,2,SEAT,AZUL,2,,23,MASCULINO,SIN DATOS,0,0,Morelia,Heroes de Mexico,diciembre,viernes,19,-101.241880117241,19.7194437654179
38264,38269,2021,,2021/12/24,23:00:00,COLISIÓN POR ALCANCE,ASFALTO,Bueno,Bueno,3,FORD,NEGRO Y NARANJA,3,,47,MASCULINO,SIN DATOS,0,0,Morelia,Los Pinos de Michoacan,diciembre,viernes,23,-101.213588006794,19.6877713156064
38265,38270,2021,MOR 210867605,2021/12/25,"00:50:00",COLISIÓN CONTRA OBJETO FIJO,ASFALTO,Bueno,Bueno,1,CHEVROLET,NEGRO,1,,24,MASCULINO,SIN DATOS,0,0,Morelia,La Colina,diciembre,sábado,1,-101.215619719162,19.7092867099382
38266,38271,2021,,2021/12/25,"02:45:00",VOLCADURA,ASFALTO,Bueno,Bueno,1,HONDA,PLATA,1,,34,MASCULINO,SIN DATOS,0,0,Morelia,Lomas de La Maestranza,diciembre,sábado,3,-101.330716606142,19.6845529637063
38267,38272,2021,MOR210865371,2021/12/25,"03:25:00",COLISIÓN POR ALCANCE,ASFALTO,Bueno,Bueno,2,NISSAN,AZUL,2,,51,MASCULINO,SIN DATOS,0,0,Morelia,Bosques de Oriente,diciembre,sábado,3,-101.156807120945,19.714832626926
38268,38273,2021,,2021/12/25,"07:47:00",COLISIÓN CONTRA OBJETO FIJO,ASFALTO,Bueno,Bueno,1,JEEP,VERDE,0,,,,,0,0,Morelia,Nicolaitas Ilustres,diciembre,sábado,8,-101.228320253163,19.7194432401038
38269,38274,2021,MOR 210865742,2021/12/25,"08:20:00",COLISIÓN POR CORTE DE CIRCULACIÓN,ASFALTO,Bueno,Regular,2,VOLKSWAGEN,NEGRO,2,,47,MASCULINO,SIN DATOS,0,0,Morelia,Puerto de Buenavista,diciembre,sábado,8,-101.128269315444,19.6869565519288
38270,38275,2021,,2021/12/25,"09:00:00",COLISIÓN POR ALCANCE,ASFALTO,Bueno,Bueno,2,VOLKSWAGEN,ROJO,2,,23,MASCULINO,SIN DATOS,0,0,Morelia,Sentimientos de La Nacion,diciembre,sábado,9,-101.235268584198,19.6811651490977
38271,38276,2021,MOR210866289,2021/12/25,13:35:00,COLISIÓN CONTRA OBJETO FIJO,ASFALTO,Bueno,Bueno,1,TOYOTA,GRIS,1,,44,MASCULINO,SIN DATOS,0,0,Morelia,Hacienda San Jose,diciembre,sábado,14,-101.216588409807,19.6948327547687
38272,38277,2021,LEG40866,2021/12/25,15:25:00,COLISIÓN POR CORTE DE CIRCULACIÓN,CONCRETO,Bueno,Bueno,2,VELOCI,NEGRO/ROJO,3,MINISTERIO PÚBLICO,21,MASCULINO,SIN DATOS,1,0,Morelia,Tzindurio Norte,diciembre,sábado,15,-101.246651262045,19.7054327690115
38273,38278,2021,MOR210866493,2021/12/25,15:30:00,VOLCADURA,ASFALTO,Bueno,Bueno,1,NISSAN,PLATA,0,,,,,0,0,Morelia,Mirador Poniente,diciembre,sábado,16,-101.245937123895,19.7116880374649
38274,38279,2021,,2021/12/25,18:30:00,CAIDA DE MOTOCICLETA,ASFALTO,Bueno,Bueno,1,ITALIKA,ROJO/NEGRO,2,MINISTERIO PÚBLICO,44,MASCULINO,SIN DATOS,1,0,Peribán,Sin datos,diciembre,sábado,19,-102.452045746826,19.5586711148374
38275,38280,2021,MOR2110697854,2021/12/25,20:50:00,COLISIÓN POR CORTE DE CIRCULACIÓN,CONCRETO,Bueno,Bueno,1,NISSAN,PLATA,1,,36,FEMENINO,SIN DATOS,0,0,Morelia,Victor Manuel Tinoco Rubi,diciembre,sábado,21,-101.242993673816,19.7004676738838
38276,38281,2021,,2021/12/25,21:02:00,SUBIDA AL CAMELLÓN,ASFALTO,Bueno,Bueno,1,NISSAN,BLANCO/GUINDA,1,,34,MASCULINO,SIN DATOS,0,0,Morelia,Ana Maria Gallaga (Riviera Norte),diciembre,sábado,21,-101.222239837729,19.6773403859917
38277,38282,2021,MOR2140864751,2021/12/25,21:45:00,VOLCADURA,ASFALTO,Bueno,Bueno,1,RAM,BLANCO,1,,19,MASCULINO,SIN DATOS,0,0,Morelia,Ciudad Industrial,diciembre,sábado,22,-101.141046231451,19.7263726010853
38278,38283,2021,MOR210861524,2021/12/25,21:55:00,SUBIDA AL CAMELLÓN,ASFALTO,Bueno,Bueno,1,NISSAN,BEIGE,1,,47,MASCULINO,SIN DATOS,0,0,Morelia,Ignacio Zaragoza,diciembre,sábado,22,-101.204888325622,19.7213884535162
38279,38284,2021,,2021/12/26,"00:01:00",COLISIÓN POR CORTE DE CIRCULACIÓN,ASFALTO,Bueno,Bueno,2,Italika,Rojo/Negro,2,,21,MASCULINO,SIN DATOS,0,0,Morelia,Centro,diciembre,domingo,0,-101.185568036005,19.7029097374934
38280,38285,2021,MOR210867549,2021/12/26,"00:20:00",COLISIÓN CONTRA OBJETO FIJO,CONCRETO,Bueno,Bueno,3,CHEVROLET,ROJO,2,,20,MASCULINO,SIN DATOS,0,0,Morelia,Centro,diciembre,domingo,0,-101.1953129872,19.6984441634035
38281,38286,2021,,2021/12/26,"01:30:00",VOLCADURA,ASFALTO,Bueno,Bueno,1,CHEVROLET,ROJO,0,,,,,0,0,Huandacareo,Sin datos,diciembre,domingo,2,-101.247684552587,20.0149551167553
38282,38287,2021,MOR 210867665,2021/12/26,"01:50:00",COLISIÓN CONTRA OBJETO FIJO,CONCRETO,Bueno,Bueno,1,CHEVROLET,BLANCO,0,MINISTERIO PÚBLICO,,,,0,0,Morelia,Alberto Oviedo Mota,diciembre,domingo,2,-101.195645735356,19.6854571015936
38283,38288,2021,MOR210867775,2021/12/26,"06:20:00",VOLCADURA,ASFALTO,Bueno,Bueno,1,MINI,ROJO,1,,24,FEMENINO,SIN DATOS,0,0,Morelia,Sin datos,diciembre,domingo,6,-101.302288384602,19.5882821325602
38284,38289,2021,,2021/12/26,10:09:00,COLISIÓN CONTRA OBJETO FIJO,ASFALTO,Bueno,Bueno,1,Nissan,Blanco/Rojo,1,,40,MASCULINO,SIN DATOS,0,0,Morelia,Quinceo,diciembre,domingo,10,-101.224231682718,19.7253699923806
38285,38290,2021,,2021/12/26,12:00:00,SALIDA DE SUPERFICIE DE RODAMIENTO,CONCRETO,Bueno,Bueno,1,VOLKSWAGEN,BLANCO,1,,0,,SIN DATOS,0,0,Morelia,Sin datos,diciembre,domingo,12,-101.304399252616,19.6876747184935
38286,38291,2021,,2021/12/26,14:00:00,COLISIÓN POR ALCANCE,ASFALTO,Bueno,Bueno,2,DODGE,PLATA,2,MINISTERIO PÚBLICO,56,FEMENINO,SIN DATOS,0,0,Morelia,Chapultepec Sur,diciembre,domingo,14,-101.170838624239,19.6925657417251
38287,38292,2021,,2021/12/26,20:30:00,COLISIÓN POR INVASIÓN DE CARRIL,ASFALTO,Bueno,Bueno,2,Hiunday,Rojo,2,MINISTERIO PÚBLICO,47,FEMENINO,SIN DATOS,0,0,Morelia,Sin datos,diciembre,domingo,21,-101.098016649485,19.730322981615
38288,38293,2021,,2021/12/26,22:02:00,SUBIDA AL CAMELLÓN,ASFALTO,Bueno,Bueno,1,Chevrolet,Negro,1,,63,MASCULINO,SIN DATOS,0,0,Tarímbaro,Sin datos,diciembre,domingo,22,-101.171009218847,19.7524170762696
38289,38294,2021,MOR210867497,2021/12/26,23:37:00,COLISIÓN POR ALCANCE,ASFALTO,Bueno,Bueno,2,VOLKSWAGEN,GRIS,2,MINISTERIO PÚBLICO,21,MASCULINO,SIN DATOS,0,0,Morelia,Arcos del Valle,diciembre,domingo,0,-101.236248954442,19.7076255181127
38290,38295,2021,MOR210869298,2021/12/26,23:55:00,COLISIÓN POR CORTE DE CIRCULACIÓN,ASFALTO,Bueno,Bueno,1,DINA,AMARILLO,1,,59,MASCULINO,SIN DATOS,0,0,Charo,San Pedro Y San Pablo,diciembre,domingo,0,-101.05309702456,19.7464473786292
38291,38296,2021,,2021/12/27,"00:00:00",CAIDA ACUATICA DE VEHÍCULO,ASFALTO,Bueno,Bueno,1,Ford,Blanco,1,,37,MASCULINO,SIN DATOS,0,0,Morelia,Centenario (Alamos),diciembre,lunes,0,-101.170402125192,19.7300670643895
38292,38297,2021,,2021/12/27,"00:00:00",COLISIÓN POR CORTE DE CIRCULACIÓN,ASFALTO,Bueno,Bueno,2,VOLKSWAGEN,CAFE,2,MINISTERIO PÚBLICO,,MASCULINO,SIN DATOS,0,0,Lázaro Cárdenas,Solidaridad Nacional,diciembre,lunes,0,-102.212811813437,17.9680937860559
38293,38298,2021,,2021/12/27,"00:00:00",CAIDA DE MOTOCICLETA,ASFALTO,Bueno,Bueno,1,ITALIKA,ROJO CON NEGRO,1,MINISTERIO PÚBLICO,,,,1,0,Morelia,Los Manantiales de Morelia,diciembre,lunes,0,-101.24291454866,19.7002943810203
38294,38299,2021,MOR210869370,2021/12/27,"02:30:00",COLISIÓN CONTRA OBJETO FIJO,CONCRETO,Bueno,Bueno,1,CHEVROLET,BLANCO,1,,31,FEMENINO,ALIENTO ETÍLICO,0,0,Tarímbaro,Sin datos,diciembre,lunes,3,-101.189924857832,19.7506875137695
38295,38300,2021,,2021/12/27,"05:25:00",SALIDA DE SUPERFICIE DE RODAMIENTO,SIN_DATOS,Bueno,Bueno,1,CHEVROLET,ROJO CEREZA,1,,22,MASCULINO,SIN DATOS,0,0,Morelia,Gertrudis Sanchez,diciembre,lunes,5,-101.199770515623,19.7403151672122
38296,38301,2021,,2021/12/27,"07:40:00",SALIDA DE SUPERFICIE DE RODAMIENTO,ASFALTO,Bueno,Bueno,1,VOLKSWAGEN,BLANCO,1,,20,,SIN DATOS,0,0,Charo,Sin datos,diciembre,lunes,8,-101.065837822186,19.7443868388911
38297,38302,2021,,2021/12/27,12:35:00,COLISIÓN CON PEATÓN,SIN_DATOS,Bueno,Bueno,2,NISSAN,BLANCO,2,,30,,SIN DATOS,0,0,Morelia,Los Manantiales de Morelia,diciembre,lunes,13,-101.237743645906,19.7005263276917
38298,38303,2021,,2021/12/27,13:00:00,COLISIÓN POR CAMBIO DE CARRIL,ASFALTO,Bueno,Bueno,2,VOLKSWAGEN,BLANCO,2,,26,MASCULINO,SIN DATOS,0,0,Morelia,Morelos,diciembre,lunes,13,-101.209179461002,19.6981517781772
38299,38304,2021,,2021/12/27,13:20:00,COLISIÓN POR ALCANCE,ASFALTO,Bueno,Bueno,3,NISSAN,BLANCO,3,,39,MASCULINO,SIN DATOS,0,0,Morelia,Eduardo Ruiz,diciembre,lunes,13,-101.224056333303,19.724869216478
38300,38305,2021,MOR210870948,2021/12/27,19:10:00,COLISIÓN POR ALCANCE,ASFALTO,Bueno,Bueno,2,NISSAN,BLANCO,2,,39,MASCULINO,SIN DATOS,0,0,Morelia,Los Manantiales de Morelia,diciembre,lunes,19,-101.24023313211,19.6927378089871
38301,38306,2021,,2021/12/27,19:40:00,COLISIÓN POR ALCANCE,ASFALTO,Bueno,Bueno,2,NISSAN,ROJO,2,,68,FEMENINO,SIN DATOS,0,0,Morelia,Loma de Los Piñones,diciembre,lunes,20,-101.203479827807,19.6749685348408
38302,38307,2021,,2021/12/27,20:15:00,VOLCADURA,ASFALTO,Bueno,Bueno,1,Chevrolet,GRIS,1,,28,MASCULINO,SIN DATOS,0,0,Morelia,El Realito,diciembre,lunes,20,-101.205180653118,19.7258336405156
38303,38308,2021,,2021/12/27,23:00:00,COLISIÓN CONTRA OBJETO FIJO,ASFALTO,Bueno,Bueno,2,VOLKSWAGEN,ORO,2,,40,MASCULINO,SIN DATOS,0,0,Morelia,Villas del Pedregal,diciembre,lunes,23,-101.304623460903,19.676270168679
38304,38309,2021,,2021/12/28,"00:15:00",COLISIÓN POR CORTE DE CIRCULACIÓN,ASFALTO,Bueno,Bueno,2,NISSAN VERSA,AZUL,2,,39,MASCULINO,SIN DATOS,0,0,Morelia,Unidos Santa Cruz,diciembre,martes,0,-101.214392974305,19.72284202488
38305,38310,2021,,2021/12/28,"07:30:00",COLISIÓN POR CORTE DE CIRCULACIÓN,ASFALTO,Bueno,Bueno,1,FORD,VERDE/NEGRO,0,,,,,0,0,Los Reyes,Sin datos,diciembre,martes,8,-102.389636686578,19.6168101437454
38306,38311,2021,MOR210871599,2021/12/28,"08:25:00",COLISIÓN POR CORTE DE CIRCULACIÓN,ASFALTO,Bueno,Bueno,2,HYUNDAI,NEGRO,2,,24,FEMENINO,SIN DATOS,0,0,Morelia,Sin datos,diciembre,martes,8,-101.116000159897,19.7310877183744
38307,38312,2021,,2021/12/28,"09:00:00",COLISIÓN POR CORTE DE CIRCULACIÓN,CONCRETO,Bueno,Bueno,2,CHEVROLET,BLANCO,2,,24,FEMENINO,SIN DATOS,0,0,Morelia,Sin datos,diciembre,martes,9,-101.102747069637,19.7333221722152
38308,38313,2021,MOR210871643,2021/12/28,"09:20:00",COLISIÓN POR CORTE DE CIRCULACIÓN,ASFALTO,Bueno,Regular,2,NISSAN,SANDSTONE,2,MINISTERIO PÚBLICO,60,FEMENINO,SIN DATOS,0,0,Morelia,Sin datos,diciembre,martes,9,-101.242730207741,19.6834017163155
38309,38314,2021,,2021/12/28,10:15:00,COLISIÓN POR ALCANCE,CONCRETO,Bueno,Bueno,3,VW,GRIS,3,,35,MASCULINO,SIN DATOS,0,0,Morelia,Loma Real,diciembre,martes,10,-101.198322854258,19.7287741310156
38310,38315,2021,,2021/12/28,10:30:00,COLISIÓN POR CAMBIO DE CARRIL,ASFALTO,Bueno,Bueno,2,NISSAN,BLANCO,2,,44,MASCULINO,SIN DATOS,0,0,Morelia,Ventura Puente,diciembre,martes,11,-101.190021082081,19.6929732963366
38311,38316,2021,,2021/12/28,12:32:00,COLISIÓN POR CORTE DE CIRCULACIÓN,ASFALTO,Bueno,Bueno,2,TOYOTA,GRIS,2,,48,MASCULINO,SIN DATOS,0,0,Morelia,Felix Ireta,diciembre,martes,13,-101.180535510861,19.6869953803669
38312,38317,2021,,2021/12/28,13:47:00,COLISIÓN POR CAMBIO DE CARRIL,ASFALTO,Bueno,Bueno,2,YAMAHA,NEGRO CON NARANJA,2,,29,,SIN DATOS,0,0,Morelia,Loma Real,diciembre,martes,14,-101.198508688664,19.7291051046013
38313,38318,2021,MOR210872212,2021/12/28,14:40:00,COLISIÓN POR CAMBIO DE CARRIL,ASFALTO,Bueno,Bueno,2,CHEVROLET,PLATA,2,,31,MASCULINO,SIN DATOS,0,0,Morelia,Clara Cordova Moran,diciembre,martes,15,-101.180803030729,19.7374580585004
38314,38319,2021,,2021/12/28,15:25:00,COLISIÓN POR CORTE DE CIRCULACIÓN,CONCRETO,Bueno,Bueno,2,NISSAN,BLANCO Y ROJO,2,,30,MASCULINO,SIN DATOS,0,0,Morelia,Isaac Arriaga,diciembre,martes,15,-101.167602203786,19.7114895924472