fid,id_accidente,anio_origen,folio_c5i,dia_incidente,hora_ocurrencia,tipo_incidente_vial,superficie_ocurrencia,condiciones_climaticas,condiciones_via,numero_vehiculos_involucrados,marca_vehiculo_ocasiona_siniestro,color_vehiculo_ocasiona_siniestro,numero_personas_involucradas,lugar_remite_presunto_responsable,edad_presunto_responsable,sexo_presunto_responsable,resultados_toxicologia,numero_personas_lesionadas,numero_personas_fallecidas,municipio,colonia,mes,dia_semana,hora_redondeada,lon,lat
38315,38320,2021,,2021/12/28,16:32:00,COLISIÓN POR CORTE DE CIRCULACIÓN,ASFALTO,Bueno,Bueno,2,NISSAN,BLANCO,2,,24,MASCULINO,SIN DATOS,0,0,Morelia,Ciudad Industrial,diciembre,martes,17,-101.142949411139,19.7252529898875
38316,38321,2021,,2021/12/28,20:20:00,SUBIDA AL CAMELLÓN,CONCRETO,Bueno,Bueno,1,TOYOTA,GRIS,1,,,,SIN DATOS,0,0,Morelia,Niño Artillero,diciembre,martes,20,-101.250659488142,19.6984989135778
38317,38322,2021,,2021/12/28,20:54:00,COLISIÓN POR ALCANCE,ASFALTO,Bueno,Bueno,2,Chevrolet,Plata,2,,45,FEMENINO,SIN DATOS,0,0,Morelia,Loma de Los Piñones,diciembre,martes,21,-101.20508336208,19.6739968013107
38318,38323,2021,,2021/12/28,23:10:00,COLISIÓN CONTRA OBJETO FIJO,CONCRETO,Bueno,Bueno,1,NISSAN,BLANCO,0,,,,,0,0,Morelia,Nueva Valladolid,diciembre,martes,23,-101.20886195451,19.7021841497911
38319,38324,2021,,2021/12/29,"08:30:00",COLISIÓN CONTRA OBJETO FIJO,CONCRETO,Bueno,Bueno,1,DODGE,BLANCO,0,,,,,0,0,Tocumbo,Sin datos,diciembre,miércoles,9,-102.48572316698,19.708292200626
38320,38325,2021,,2021/12/29,10:35:00,COLISIÓN POR CORTE DE CIRCULACIÓN,ASFALTO,Bueno,Bueno,3,NISSAN TSURU,BLANCO,6,MINISTERIO PÚBLICO,28,MASCULINO,SIN DATOS,3,0,Morelia,Sin datos,diciembre,miércoles,11,-101.410578489304,19.6418340866029
38321,38326,2021,MOR210873814,2021/12/29,11:08:00,SUBIDA AL CAMELLÓN,CONCRETO,Bueno,Bueno,1,FORD,NEGRO,1,,47,MASCULINO,SIN DATOS,0,0,Morelia,Cinco de Diciembre,diciembre,miércoles,11,-101.162971339431,19.6864268715328
38322,38327,2021,,2021/12/29,11:30:00,COLISIÓN POR CORTE DE CIRCULACIÓN,CONCRETO,Bueno,Bueno,2,TVS,AZUL,2,,23,MASCULINO,SIN DATOS,0,0,Morelia,Gertrudis Sanchez,diciembre,miércoles,12,-101.20502974838,19.7431620405677
38323,38328,2021,,2021/12/29,12:10:00,COLISIÓN POR CORTE DE CIRCULACIÓN,ASFALTO,Bueno,Bueno,2,VOLKSWAGEN,PLATA,2,,46,,SIN DATOS,0,0,Morelia,Ana Maria Gallaga (Riviera Norte),diciembre,miércoles,12,-101.223526261747,19.6767866520218
38324,38329,2021,,2021/12/29,12:20:00,COLISIÓN POR ALCANCE,CONCRETO,Bueno,Bueno,3,TOYOTA RAV 4,BLANCO,3,,38,MASCULINO,SIN DATOS,0,0,Morelia,Loma Real,diciembre,miércoles,12,-101.198507317089,19.7290975589993
38325,38330,2021,,2021/12/29,12:35:00,COLISIÓN POR CORTE DE CIRCULACIÓN,ASFALTO,Bueno,Bueno,2,VOLKSWAGEN /TIGUAN,ROJO,2,,73,,SIN DATOS,0,0,Morelia,Felix Ireta,diciembre,miércoles,13,-101.180767095233,19.6857418458501
38326,38331,2021,,2021/12/29,14:00:00,COLISIÓN POR CORTE DE CIRCULACIÓN,ASFALTO,Bueno,Bueno,2,NISSAN,BLANCO,2,,25,MASCULINO,SIN DATOS,0,0,Morelia,Bosques de Oriente,diciembre,miércoles,14,-101.155458197676,19.7156024557503
38327,38332,2021,,2021/12/29,14:20:00,COLISIÓN CONTRA OBJETO FIJO,ASFALTO,Bueno,Bueno,1,CHRYSLER,GRIS,1,,44,MASCULINO,SIN DATOS,0,0,Morelia,Lomas del Punhuato,diciembre,miércoles,14,-101.146087504255,19.6982195868614
38328,38333,2021,,2021/12/29,17:10:00,COLISIÓN POR CAMBIO DE CARRIL,ASFALTO,Bueno,Bueno,2,DINA,BLANCO CON ROJO,2,,40,MASCULINO,SIN DATOS,0,0,Morelia,Mariano Michelena,diciembre,miércoles,17,-101.230040372096,19.6769268220332
38329,38334,2021,,2021/12/29,17:30:00,COLISIÓN POR CORTE DE CIRCULACIÓN,ASFALTO,Bueno,Bueno,2,TOYOTA,BLANCO Y ROSA,2,,50,,SIN DATOS,0,0,Morelia,El Realito,diciembre,miércoles,18,-101.205198117947,19.7257462188465
38330,38335,2021,,2021/12/29,18:25:00,COLISIÓN POR NO RESPETAR SEMÁFORO,ASFALTO,Bueno,Bueno,2,NISSAN,BLANCO,2,,0,MASCULINO,SIN DATOS,0,0,Morelia,Juarez,diciembre,miércoles,18,-101.195491447367,19.6922920866749
38331,38336,2021,,2021/12/29,20:10:00,COLISIÓN POR ALCANCE,ASFALTO,Bueno,Bueno,2,FREIGHTLINER,BLANCO,2,,36,MASCULINO,SIN DATOS,0,0,Morelia,Los Manantiales de Morelia,diciembre,miércoles,20,-101.240379617296,19.6930812542282
38332,38337,2021,,2021/12/29,21:15:00,COLISIÓN CONTRA OBJETO FIJO,SIN_DATOS,Bueno,Bueno,1,FORD,NEGRO,1,,31,MASCULINO,SIN DATOS,0,0,Morelia,Villas del Pedregal,diciembre,miércoles,21,-101.302880421281,19.67024174693
38333,38338,2021,,2021/12/29,23:07:00,COLISIÓN CONTRA OBJETO FIJO,ASFALTO,Bueno,Bueno,1,CHRYSLER,GRIS,1,,35,,ALIENTO ETÍLICO,0,0,Morelia,Sentimientos de La Nacion,diciembre,miércoles,23,-101.2340664,19.6807579
38334,38339,2021,,2021/12/30,"00:00:00",COLISIÓN POR ALCANCE,ASFALTO,Bueno,Bueno,2,ITALIKA,NEGRO CON VERDE,2,,27,MASCULINO,SIN DATOS,0,0,Morelia,Los Manantiales de Morelia,diciembre,jueves,0,-101.240239807146,19.692734336651
38335,38340,2021,,2021/12/30,"07:33:00",SUBIDA AL CAMELLÓN,ASFALTO,Bueno,Bueno,1,HONDA,PLATA,1,,45,MASCULINO,SIN DATOS,0,0,Morelia,Justo Mendoza,diciembre,jueves,8,-101.231788343704,19.7136682042132
38336,38341,2021,,2021/12/30,"07:55:00",COLISIÓN POR CORTE DE CIRCULACIÓN,ASFALTO,Bueno,Bueno,2,NISSAN,BLANCO,2,,54,MASCULINO,SIN DATOS,0,0,Morelia,Tanganxoan (Guadalupe Victoria),diciembre,jueves,8,-101.29102025403,19.6928117497616
38337,38342,2021,,2021/12/30,"09:06:00",COLISIÓN POR ALCANCE,ASFALTO,Bueno,Bueno,2,Mercedes Benz,BLANCO CON AZUL,2,,25,MASCULINO,SIN DATOS,0,0,Morelia,Felix Ireta,diciembre,jueves,9,-101.195666156709,19.6814923826952
38338,38343,2021,,2021/12/30,10:15:00,COLISIÓN POR INVASIÓN DE CARRIL,ASFALTO,Bueno,Bueno,2,KENWORTH,BLANCO,2,,0,MASCULINO,SIN DATOS,0,0,Morelia,Clara Cordova Moran,diciembre,jueves,10,-101.180784956299,19.7374561363387
38339,38344,2021,,2021/12/30,10:30:00,COLISIÓN POR ALCANCE,ASFALTO,Bueno,Bueno,2,CHEVROLET,GRIS,2,,23,MASCULINO,SIN DATOS,0,0,Morelia,Isaac Arriaga,diciembre,jueves,11,-101.166226596313,19.7101994929522
38340,38345,2021,,2021/12/30,11:27:00,COLISIÓN CON PEATÓN,SIN_DATOS,Bueno,Bueno,2,AUDI,PLATA,2,,36,FEMENINO,SIN DATOS,0,0,Morelia,Insurgentes,diciembre,jueves,11,-101.154117062688,19.6973155165128
38341,38346,2021,,2021/12/30,12:34:00,COLISIÓN POR CORTE DE CIRCULACIÓN,CONCRETO,Bueno,Bueno,2,FORD,ROJO,2,MINISTERIO PÚBLICO,52,MASCULINO,SIN DATOS,0,0,Morelia,Villas del Pedregal,diciembre,jueves,13,-101.305887512863,19.6759926686744
38342,38347,2021,,2021/12/30,15:15:00,COLISIÓN CONTRA OBJETO FIJO,CONCRETO,Bueno,Bueno,1,HONDA,GRIS,1,,69,FEMENINO,SIN DATOS,0,0,Morelia,La Colina,diciembre,jueves,15,-101.216138206586,19.7038846440759
38343,38348,2021,MOR210876712,2021/12/30,18:10:00,COLISIÓN POR CAMBIO DE CARRIL,ASFALTO,Bueno,Bueno,2,NISSAN,BLANCO,2,,60,MASCULINO,SIN DATOS,0,0,Morelia,Puerto de Buenavista,diciembre,jueves,18,-101.12746800746,19.6873326614465
38344,38349,2021,,2021/12/30,19:10:00,COLISIÓN POR CAMBIO DE CARRIL,CONCRETO,Bueno,Bueno,2,TVS,RED,2,,18,MASCULINO,SIN DATOS,0,0,Morelia,Rey Tariacuri (Eucaliptos),diciembre,jueves,19,-101.200436800718,19.6778309213984
38345,38350,2021,,2021/12/30,21:15:00,COLISIÓN POR CORTE DE CIRCULACIÓN,ASFALTO,Bueno,Bueno,2,NISSAN,ROJO,2,MINISTERIO PÚBLICO,43,MASCULINO,SIN DATOS,0,0,Morelia,Reforma,diciembre,jueves,21,-101.242641755805,19.7085932886181
38346,38351,2021,,2021/12/30,22:20:00,COLISIÓN POR NO RESPETAR SEMÁFORO,ASFALTO,Bueno,Bueno,2,NISSAN,AZUL,2,MINISTERIO PÚBLICO,31,FEMENINO,SIN DATOS,0,0,Morelia,Nueva Valladolid,diciembre,jueves,22,-101.209082870997,19.6985829066312
38347,38352,2021,,2021/12/30,23:30:00,COLISIÓN CONTRA OBJETO FIJO,CONCRETO,Bueno,Bueno,1,MERCEDEZ BENZ,BLANCO Y NARANJA,1,,37,MASCULINO,SIN DATOS,0,0,Morelia,Union Popular Solidaria,diciembre,jueves,0,-101.220547668636,19.7054488667369
38348,38353,2021,,2021/12/31,"04:00:00",COLISIÓN POR CORTE DE CIRCULACIÓN,ASFALTO,Bueno,Bueno,1,SEAT,ROJO,0,MINISTERIO PÚBLICO,,,,0,0,Lázaro Cárdenas,Segundo Sector de Fidelac,diciembre,viernes,4,-102.202821529734,17.9614562111309
38349,38354,2021,,2021/12/31,"08:00:00",COLISIÓN POR CORTE DE CIRCULACIÓN,CONCRETO,Bueno,Bueno,2,CHEVROLET,VERDE,2,,39,MASCULINO,SIN DATOS,0,0,Morelia,Chapultepec Norte,diciembre,viernes,8,-101.1731775105,19.6947264695356
38350,38355,2021,,2021/12/31,"08:27:00",COLISIÓN CON PEATÓN,ASFALTO,Bueno,Bueno,1,VENTO,NEGRO,2,,24,MASCULINO,SIN DATOS,1,0,Morelia,Rafael Carrillo,diciembre,viernes,8,-101.234486072588,19.7104549255035
38351,38356,2021,MOR210877559,2021/12/31,10:30:00,COLISIÓN POR ALCANCE,CONCRETO,Bueno,Bueno,2,VOLKSWAGEN,BLANCO,2,,29,MASCULINO,SIN DATOS,0,0,Morelia,La Quemada,diciembre,viernes,11,-101.240165345371,19.701057597081
38352,38357,2021,,2021/12/31,13:40:00,COLISIÓN POR CORTE DE CIRCULACIÓN,CONCRETO,Bueno,Bueno,2,NISSAN,BLANCO,2,,31,MASCULINO,SIN DATOS,0,0,Morelia,Melchor Ocampo,diciembre,viernes,14,-101.151220581747,19.7051695521531
38353,38358,2021,,2021/12/31,15:00:00,COLISIÓN POR CORTE DE CIRCULACIÓN,CONCRETO,Bueno,Bueno,2,DODGE,AZUL,3,,28,MASCULINO,SIN DATOS,2,0,Cuitzeo,El Embarcadero,diciembre,viernes,15,-101.136230721391,19.9594823709299
38354,38359,2021,,2021/12/31,17:30:00,COLISIÓN CONTRA OBJETO FIJO,ASFALTO,Bueno,Bueno,2,MAZDA,Negro,2,,27,MASCULINO,SIN DATOS,0,0,Morelia,Gertrudis Bocanegra,diciembre,viernes,18,-101.209712606055,19.7040399952249
38355,38360,2021,,2021/12/31,19:00:00,COLISIÓN POR CAMBIO DE CARRIL,ASFALTO,Bueno,Bueno,2,HONDA,BLANCO,2,MINISTERIO PÚBLICO,31,,SIN DATOS,0,0,Morelia,Eduardo Ruiz,diciembre,viernes,19,-101.218438751317,19.7194406291107
38356,38361,2021,,2021/12/31,19:27:00,COLISIÓN POR ALCANCE,ASFALTO,Bueno,Bueno,4,FORD,NEGRO,4,,39,MASCULINO,SIN DATOS,0,0,Morelia,Sin datos,diciembre,viernes,19,-101.249646,19.566301
38357,38362,2021,,2021/12/31,20:30:00,COLISIÓN CONTRA OBJETO FIJO,ASFALTO,Bueno,Bueno,3,FORD,ROJO,3,,,,SIN DATOS,0,0,Morelia,Independencia,diciembre,viernes,21,-101.178184554659,19.7082183417293
38358,38363,2021,,2021/12/31,21:00:00,SUBIDA AL CAMELLÓN,ASFALTO,Bueno,Bueno,1,CHEVROLET,PLATA,1,,31,MASCULINO,SIN DATOS,0,0,Morelia,Asociacion Zirahuen,diciembre,viernes,21,-101.246094977989,19.6996286408348
38359,38364,2021,,2021/12/31,23:25:00,COLISIÓN POR CORTE DE CIRCULACIÓN,CONCRETO,Bueno,Bueno,2,CHEVROLET BEAT,ROJO,2,MINISTERIO PÚBLICO,26,MASCULINO,SIN DATOS,0,0,Morelia,Ventura Puente,diciembre,viernes,23,-101.194433620706,19.6953568186057
38360,38365,2022,,2022/01/01,"00:00:00",COLISIÓN POR CORTE DE CIRCULACIÓN,ASFALTO,Bueno,Bueno,2,JEEP,BLANCO,2,,0,MASCULINO,SIN DATOS,0,0,Cuitzeo,Sin datos,enero,sábado,0,-101.152998916805,20.0287718610758
38361,38366,2022,,2022/01/01,"00:50:00",CAIDA DE MOTOCICLETA,ASFALTO,Bueno,Bueno,2,HONDA,ROJO,2,,0,,SIN DATOS,1,0,Cuitzeo,El Embarcadero,enero,sábado,1,-101.14034190774,19.964696550091
38362,38367,2022,,2022/01/01,"05:30:00",COLISIÓN POR ALCANCE,ASFALTO,Bueno,Bueno,2,FORD,VERDE,2,,,MASCULINO,SIN DATOS,0,0,Morelia,Indeco El Vivero,enero,sábado,6,-101.229741945863,19.6770014415524
38363,38368,2022,,2022/01/01,"06:40:00",COLISIÓN POR INVASIÓN DE CARRIL,ASFALTO,Bueno,Bueno,2,FORD,GRIS,2,MINISTERIO PÚBLICO,38,MASCULINO,SIN DATOS,1,0,Hidalgo,Sin datos,enero,sábado,7,-100.631742056225,19.6630690342827
38364,38369,2022,,2022/01/01,"09:40:00",COLISIÓN POR CORTE DE CIRCULACIÓN,CONCRETO,Bueno,Bueno,2,NISSAN,AMARILLO/NARANJA,2,,52,MASCULINO,SIN DATOS,0,0,Morelia,Los Pinos de Michoacan,enero,sábado,10,-101.213164965553,19.6845064946218
38365,38370,2022,LEG40978,2022/01/01,"09:40:00",COLISIÓN CONTRA OBJETO FIJO,ASFALTO,Bueno,Bueno,1,NISSAN,BLANCO,0,,,,,0,0,Morelia,Industrial,enero,sábado,10,-101.193988800737,19.7102276129346
38366,38371,2022,,2022/01/01,12:00:00,COLISIÓN POR ALCANCE,ASFALTO,Bueno,Bueno,2,TOYOTA,GRIS,4,MINISTERIO PÚBLICO,,MASCULINO,SIN DATOS,2,0,Morelia,Centro,enero,sábado,12,-101.18218963,19.7028850649992
38367,38372,2022,,2022/01/01,14:00:00,COLISIÓN POR ALCANCE,CONCRETO,Bueno,Bueno,2,MAZDA,NEGRO,2,,24,MASCULINO,SIN DATOS,0,0,Morelia,Cinco de Diciembre,enero,sábado,14,-101.162815939039,19.6862710903522
38368,38373,2022,,2022/01/01,15:20:00,COLISIÓN CONTRA OBJETO FIJO,ASFALTO,Bueno,Bueno,1,CHEVROLET,BLANCO,1,,68,MASCULINO,SIN DATOS,0,0,Morelia,Tzindurio Norte,enero,sábado,15,-101.243826621637,19.700395992241
38369,38374,2022,,2022/01/01,16:00:00,COLISIÓN POR ALCANCE,ASFALTO,Bueno,Bueno,2,VOLKSWAGEN,GUINDA,2,,30,MASCULINO,SIN DATOS,0,0,Morelia,Gertrudis Bocanegra,enero,sábado,16,-101.212699525058,19.7019837130115
38370,38375,2022,,2022/01/01,18:10:00,COLISIÓN POR CAMBIO DE CARRIL,ASFALTO,Bueno,Regular,2,FORD,BLANCO,2,MINISTERIO PÚBLICO,39,MASCULINO,ALIENTO ETÍLICO,0,0,Morelia,Villas de Sur 11,enero,sábado,18,-101.198376712058,19.6503326443048
38371,38376,2022,,2022/01/01,20:00:00,COLISIÓN POR INVASIÓN DE CARRIL,ASFALTO,Bueno,Bueno,2,FORD,ROJO,2,MINISTERIO PÚBLICO,33,MASCULINO,ALIENTO ETÍLICO,0,0,Hidalgo,Sin datos,enero,sábado,20,-100.574227527472,19.6593054804352
38372,38377,2022,,2022/01/01,20:30:00,COLISIÓN POR CAMBIO DE CARRIL,ASFALTO,Bueno,Bueno,2,NISSAN,BLANCO/MORADO,2,,26,MASCULINO,SIN DATOS,0,0,Morelia,Rinconada del Valle,enero,sábado,21,-101.218469962478,19.6786329315066
38373,38378,2022,,2022/01/01,21:00:00,SALIDA DE SUPERFICIE DE RODAMIENTO,ASFALTO,Bueno,Bueno,1,FORD,VERDE,1,,36,MASCULINO,SIN DATOS,0,0,Charo,De Santiago,enero,sábado,21,-101.044372,19.745476
38374,38379,2022,,2022/01/02,"02:30:00",COLISIÓN CONTRA OBJETO FIJO,CONCRETO,Bueno,Bueno,1,FORD,ARENA,1,,41,MASCULINO,SIN DATOS,0,0,Morelia,Elias Perez Avalos,enero,domingo,3,-101.166481345214,19.7109324759604
38375,38380,2022,,2022/01/02,"04:00:00",SUBIDA AL CAMELLÓN,ASFALTO,Bueno,Bueno,1,RENAULT,GRIS VERDE,1,,22,MASCULINO,SIN DATOS,0,0,Morelia,Las Americas,enero,domingo,4,-101.159017428078,19.6879679533691
38376,38381,2022,,2022/01/02,11:30:00,COLISIÓN POR MANIOBRA DE REVERSA,CONCRETO,Bueno,Bueno,2,NISSAN,ROJO,2,,26,MASCULINO,SIN DATOS,0,0,Morelia,Los Llanos,enero,domingo,12,-101.249254650689,19.7146072397011
38377,38382,2022,,2022/01/02,18:00:00,COLISIÓN POR ALCANCE,ASFALTO,Bueno,Bueno,2,TOYOTA,AZUL,2,,30,MASCULINO,SIN DATOS,0,0,Morelia,Sin datos,enero,domingo,18,-101.302288049316,19.5882805244819
38378,38383,2022,,2022/01/02,18:20:00,SALIDA DE SUPERFICIE DE RODAMIENTO,ASFALTO,Bueno,Bueno,1,FIAT,BLANCO,1,,42,MASCULINO,SIN DATOS,0,0,Morelia,La Calera,enero,domingo,18,-101.235803341999,19.6695214070291
38379,38384,2022,,2022/01/02,20:45:00,SALIDA DE SUPERFICIE DE RODAMIENTO,ASFALTO,Bueno,Bueno,1,NISSAN,BLANCO/ROJO,0,,,,,0,0,Morelia,Sin datos,enero,domingo,21,-101.360565288498,19.7426682342506
38380,38385,2022,,2022/01/02,21:25:00,COLISIÓN POR CAMBIO DE CARRIL,CONCRETO,Bueno,Bueno,2,KIA,NEGRO,2,,,MASCULINO,SIN DATOS,0,0,Tarímbaro,Sin datos,enero,domingo,21,-101.179708719932,19.7522268000673
38381,38386,2022,,2022/01/02,22:30:00,COLISIÓN CONTRA OBJETO FIJO,ASFALTO,Bueno,Bueno,3,CHEVROLET,ROJO,3,,45,MASCULINO,SIN DATOS,0,0,Morelia,Lomas del Punhuato,enero,domingo,23,-101.147276058125,19.7017836203069
38382,38387,2022,,2022/01/02,22:40:00,COLISIÓN POR CORTE DE CIRCULACIÓN,ASFALTO,Bueno,Bueno,2,JEEP,NEGRO,2,,30,MASCULINO,SIN DATOS,0,0,Morelia,Los Manantiales de Morelia,enero,domingo,23,-101.241376027465,19.6953996152573
38383,38388,2022,,2022/01/03,"00:00:00",COLISIÓN POR CORTE DE CIRCULACIÓN,ASFALTO,Bueno,Bueno,1,ITALIKA,NEGRO,0,MINISTERIO PÚBLICO,,,,0,0,Lázaro Cárdenas,1Er Sect de Fidelac,enero,lunes,0,-102.198962588389,17.9624931232359
38384,38389,2022,,2022/01/03,"00:00:00",COLISIÓN POR ALCANCE,ASFALTO,Bueno,Bueno,5,FORD,PLATA,5,,46,FEMENINO,SIN DATOS,0,0,Morelia,Fracc Arkos San Juan,enero,lunes,0,-101.287330532635,19.6902578607279
38385,38390,2022,,2022/01/03,"01:40:00",COLISIÓN CONTRA OBJETO FIJO,ASFALTO,Bueno,Bueno,1,NISSAN,BLANCO,1,,0,MASCULINO,SIN DATOS,0,0,Morelia,El Lago 1,enero,lunes,2,-101.219346404754,19.7276022621335
38386,38391,2022,,2022/01/03,"08:00:00",COLISIÓN POR INVASIÓN DE CARRIL,ASFALTO,Bueno,Bueno,2,TOYOTA,BLANCO,2,,31,MASCULINO,SIN DATOS,0,0,Peribán,Centro,enero,lunes,8,-102.415636039592,19.5190732255826
38387,38392,2022,,2022/01/03,12:30:00,COLISIÓN POR INVASIÓN DE CARRIL,ASFALTO,Bueno,Bueno,2,TOYOTA,BLANCO/ROSA,2,,,MASCULINO,SIN DATOS,0,0,Morelia,Eva Samano,enero,lunes,13,-101.199439689517,19.7314350978665
38388,38393,2022,,2022/01/03,14:20:00,COLISIÓN POR CORTE DE CIRCULACIÓN,ASFALTO,Bueno,Bueno,2,HYUNDAI,GUINDA,2,MINISTERIO PÚBLICO,22,FEMENINO,SIN DATOS,0,0,Morelia,Nueva Jacarndas,enero,lunes,14,-101.18692286,19.6794317299991
38389,38394,2022,,2022/01/03,14:20:00,COLISIÓN POR CAMBIO DE CARRIL,ASFALTO,Bueno,Bueno,2,ITALIKA,NEGRO,2,MINISTERIO PÚBLICO,18,MASCULINO,SIN DATOS,0,0,Morelia,Lomas de Guayangareo,enero,lunes,14,-101.156020455741,19.7012122657569
38390,38395,2022,MOR220004928,2022/01/03,15:25:00,COLISIÓN CON PEATÓN,ASFALTO,Bueno,Bueno,1,HONDA,BLANCO,2,,35,MASCULINO,SIN DATOS,1,0,Morelia,Sin datos,enero,lunes,15,-101.288699887015,19.6880017881298
38391,38396,2022,,2022/01/03,15:40:00,COLISIÓN POR CAMBIO DE CARRIL,SIN_DATOS,Bueno,Bueno,2,FORD,BLANCO,2,,28,MASCULINO,SIN DATOS,0,0,Morelia,Mirador del Punhuato,enero,lunes,16,-101.15790923,19.7034574099991
38392,38397,2022,,2022/01/03,17:25:00,COLISIÓN CONTRA OBJETO FIJO,CONCRETO,Bueno,Bueno,2,CHRYSLER,BLANCO,2,,46,MASCULINO,SIN DATOS,0,0,Morelia,Granjas del Maestro,enero,lunes,17,-101.190989390016,19.7131481330316
38393,38398,2022,,2022/01/03,17:45:00,COLISIÓN CONTRA OBJETO FIJO,ASFALTO,Bueno,Bueno,2,VOLKSWAGEN,PLATA,2,,30,MASCULINO,SIN DATOS,0,0,Morelia,Jardines del Quinceo,enero,lunes,18,-101.207962743938,19.7257660730655
38394,38399,2022,MOR 220005307,2022/01/03,18:00:00,COLISIÓN POR CORTE DE CIRCULACIÓN,ASFALTO,Bueno,Regular,2,ITALIKA,NEGRO Y VERDE,2,,17,MASCULINO,SIN DATOS,0,0,Morelia,Independencia,enero,lunes,18,-101.176123246551,19.7056203462553
38395,38400,2022,,2022/01/03,19:03:00,COLISIÓN POR CORTE DE CIRCULACIÓN,ASFALTO,Bueno,Bueno,3,VOLKSWAGEN,PLATA,3,,28,FEMENINO,SIN DATOS,0,0,Morelia,Chapultepec Sur,enero,lunes,19,-101.178339330307,19.693415085286
38396,38401,2022,,2022/01/03,20:35:00,COLISIÓN POR CAMBIO DE CARRIL,ASFALTO,Bueno,Bueno,2,CHEVROLET,GRIS,2,,46,MASCULINO,SIN DATOS,0,0,Morelia,Centro,enero,lunes,21,-101.198428565665,19.7035391005434
38397,38402,2022,,2022/01/03,20:40:00,COLISIÓN POR ALCANCE,ASFALTO,Bueno,Bueno,2,HYUNDAI,GRIS,2,,22,MASCULINO,SIN DATOS,0,0,Morelia,Vista Bella,enero,lunes,21,-101.197597985,19.6798804949991
38398,38403,2022,MOR 220005925,2022/01/03,22:00:00,COLISIÓN POR CORTE DE CIRCULACIÓN,ASFALTO,Bueno,Bueno,1,KENWORTH,BLANCO,1,,45,MASCULINO,SIN DATOS,0,0,Tarímbaro,Los Angeles,enero,lunes,22,-101.171799143139,19.7506554831031
38399,38404,2022,,2022/01/04,"09:30:00",COLISIÓN POR ALCANCE,CONCRETO,Bueno,Bueno,2,VOLKSWAGEN VENTO,GRIS,2,,30,FEMENINO,SIN DATOS,0,0,Morelia,Torreon Nuevo,enero,martes,10,-101.20358663,19.7462449699991
38400,38405,2022,,2022/01/04,10:00:00,COLISIÓN POR ALCANCE,ASFALTO,Bueno,Bueno,2,CHEVROLET,GRIS,0,MINISTERIO PÚBLICO,,,,0,0,Hidalgo,Centro,enero,martes,10,-100.553271,19.691029
38401,38406,2022,,2022/01/04,10:00:00,COLISIÓN POR CORTE DE CIRCULACIÓN,ASFALTO,Bueno,Bueno,2,CHEVROLET,BLANCO,2,,40,MASCULINO,SIN DATOS,0,0,Morelia,Poblado de Ocolusen,enero,martes,10,-101.155088675,19.6951327349991
38402,38407,2022,,2022/01/04,10:35:00,COLISIÓN POR CORTE DE CIRCULACIÓN,ASFALTO,Bueno,Bueno,2,HONDA,GRIS,2,,20,FEMENINO,SIN DATOS,0,0,Morelia,Mariano Michelena,enero,martes,11,-101.231337504797,19.6758071810468
38403,38408,2022,,2022/01/04,11:20:00,VOLCADURA,ASFALTO,Bueno,Bueno,1,NISSAN,BLANCO,1,,23,MASCULINO,SIN DATOS,0,0,Huandacareo,Sin datos,enero,martes,11,-101.299424760722,19.987093305243
38404,38409,2022,,2022/01/04,12:20:00,COLISIÓN POR CORTE DE CIRCULACIÓN,ASFALTO,Bueno,Bueno,2,KENWORTH,BLANCO,2,,45,MASCULINO,ALIENTO ETÍLICO,0,0,Morelia,Nueva Valladolid,enero,martes,12,-101.211171435,19.7020055149992
38405,38410,2022,,2022/01/04,13:40:00,COLISIÓN POR ALCANCE,ASFALTO,Bueno,Bueno,2,JEEP,AZUL,2,,36,MASCULINO,SIN DATOS,0,0,Morelia,Tinijaro,enero,martes,14,-101.260931648241,19.6960863202958
38406,38411,2022,,2022/01/04,14:00:00,COLISIÓN POR ALCANCE,ASFALTO,Bueno,Bueno,2,JEEP,GRIS,2,,40,MASCULINO,SIN DATOS,0,0,Morelia,Sin datos,enero,martes,14,-101.120567805995,19.709107
38407,38412,2022,,2022/01/04,14:29:00,COLISIÓN POR CAMBIO DE CARRIL,ASFALTO,Bueno,Bueno,2,FRAIGHLINE,BLANCO,2,,30,MASCULINO,SIN DATOS,0,0,Morelia,Lazaro Cardenas,enero,martes,14,-101.164980132847,19.7101528819772
38408,38413,2022,,2022/01/04,15:40:00,COLISIÓN POR CORTE DE CIRCULACIÓN,ASFALTO,Bueno,Bueno,3,NISSAN,BLANCO  Y VERDE,3,MINISTERIO PÚBLICO,56,MASCULINO,SIN DATOS,0,0,Morelia,Chapultepec Norte,enero,martes,16,-101.173778799073,19.6957366970635
38409,38414,2022,,2022/01/04,16:40:00,COLISIÓN POR MANIOBRA DE REVERSA,CONCRETO,Bueno,Bueno,2,FORD,GUINDA,2,,68,MASCULINO,SIN DATOS,0,0,Morelia,Ventura Puente,enero,martes,17,-101.187886795,19.6936008749991
38410,38415,2022,,2022/01/04,17:20:00,COLISIÓN POR CAMBIO DE CARRIL,CONCRETO,Bueno,Bueno,2,TOYOTA HIGLANDER,BLANCO,2,,70,MASCULINO,SIN DATOS,0,0,Morelia,Centro,enero,martes,17,-101.190697025138,19.7095019973639
38411,38416,2022,,2022/01/04,21:30:00,COLISIÓN POR ALCANCE,ASFALTO,Bueno,Bueno,2,CHRYSLER PT,ROJO,2,,60,MASCULINO,SIN DATOS,0,0,Morelia,Barrio Alto,enero,martes,22,-101.190695064204,19.7264690646931