fid,id_accidente,anio_origen,folio_c5i,dia_incidente,hora_ocurrencia,tipo_incidente_vial,superficie_ocurrencia,condiciones_climaticas,condiciones_via,numero_vehiculos_involucrados,marca_vehiculo_ocasiona_siniestro,color_vehiculo_ocasiona_siniestro,numero_personas_involucradas,lugar_remite_presunto_responsable,edad_presunto_responsable,sexo_presunto_responsable,resultados_toxicologia,numero_personas_lesionadas,numero_personas_fallecidas,municipio,colonia,mes,dia_semana,hora_redondeada,lon,lat
38412,38417,2022,MOR220,2022/01/04,23:53:00,COLISIÓN POR ALCANCE,ASFALTO,Bueno,Bueno,2,JEEP,NEGRO,2,MINISTERIO PÚBLICO,0,MASCULINO,SIN DATOS,0,0,Morelia,Centro,enero,martes,0,-101.18218963,19.7028850649992
38413,38418,2022,,2022/01/05,"06:00:00",COLISIÓN POR CORTE DE CIRCULACIÓN,ASFALTO,Bueno,Bueno,1,MAZDA,BLANCO,0,MINISTERIO PÚBLICO,,,,0,0,Lázaro Cárdenas,Sin datos,enero,miércoles,6,-102.323427423835,17.9756480108258
38414,38419,2022,,2022/01/05,11:11:00,COLISIÓN POR CORTE DE CIRCULACIÓN,ASFALTO,Bueno,Bueno,2,CHEVROLET,GRIS,2,MINISTERIO PÚBLICO,,,SIN DATOS,0,0,Tacámbaro,Sin datos,enero,miércoles,11,-101.447539634314,19.1898033161403
38415,38420,2022,,2022/01/05,11:28:00,COLISIÓN POR CORTE DE CIRCULACIÓN,ASFALTO,Bueno,Bueno,2,NISSAN,AZUL,2,,72,MASCULINO,SIN DATOS,0,0,Morelia,5 de Mayo,enero,miércoles,11,-101.17646606922,19.7040563602475
38416,38421,2022,,2022/01/05,11:43:00,COLISIÓN POR CORTE DE CIRCULACIÓN,CONCRETO,Bueno,Bueno,2,NISSAN,AZUL,2,,75,MASCULINO,SIN DATOS,0,0,Morelia,Centro,enero,miércoles,12,-101.179312185,19.7035132699991
38417,38422,2022,,2022/01/05,11:45:00,COLISIÓN POR CAMBIO DE CARRIL,ASFALTO,Bueno,Bueno,2,FORD,GRIS,2,,64,MASCULINO,SIN DATOS,0,0,Morelia,Villas Lomas del Paraiso,enero,miércoles,12,-101.183243326701,19.6753951296653
38418,38423,2022,,2022/01/05,12:20:00,SUBIDA AL CAMELLÓN,ASFALTO,Bueno,Bueno,1,MAZDA,ROJO,0,,,,,0,0,Tarímbaro,Centro,enero,miércoles,12,-101.176869,19.792979
38419,38424,2022,,2022/01/05,15:47:00,COLISIÓN POR CORTE DE CIRCULACIÓN,ASFALTO,Bueno,Bueno,2,CHEVROLET,ARENA,2,,33,FEMENINO,SIN DATOS,0,0,Morelia,Jacarandas,enero,miércoles,16,-101.210576762774,19.7076974518136
38420,38425,2022,,2022/01/05,16:25:00,COLISIÓN POR ALCANCE,ASFALTO,Bueno,Bueno,2,VOLKSWAGEN,BLANCO,2,,20,MASCULINO,SIN DATOS,0,0,Morelia,Las Americas,enero,miércoles,16,-101.15527803761,19.6905832056681
38421,38426,2022,,2022/01/05,19:20:00,COLISIÓN POR CORTE DE CIRCULACIÓN,CONCRETO,Bueno,Bueno,2,NISSAN,BLANCO/ROJO,2,,19,MASCULINO,SIN DATOS,0,0,Morelia,Gral Gertrudis Sanchez,enero,miércoles,19,-101.2094753,19.7439916449991
38422,38427,2022,,2022/01/05,19:40:00,COLISIÓN POR CAMBIO DE CARRIL,ASFALTO,Bueno,Bueno,2,CHEVROLET,AZUL,2,,0,MASCULINO,SIN DATOS,0,0,Morelia,Vista Bella,enero,miércoles,20,-101.195925675947,19.6790442736003
38424,38429,2022,,2022/01/05,22:13:00,COLISIÓN POR ALCANCE,ASFALTO,Bueno,Bueno,3,FORD,BLANCO,3,,28,MASCULINO,SIN DATOS,0,0,Morelia,Prados Verdes,enero,miércoles,22,-101.199782310949,19.7166640281338
38425,38430,2022,MOR 220010354,2022/01/05,23:35:00,COLISIÓN POR ALCANCE,ASFALTO,Bueno,Regular,2,NISSAN,NEGRO,2,MINISTERIO PÚBLICO,45,FEMENINO,SIN DATOS,0,0,Morelia,Centro,enero,miércoles,0,-101.1928864,19.7010106049991
38426,38431,2022,,2022/01/06,"07:20:00",COLISIÓN CONTRA OBJETO FIJO,CONCRETO,Bueno,Bueno,1,CHEVROLET,GRIS,1,,51,MASCULINO,SIN DATOS,0,0,Morelia,Vasco de Quiroga,enero,jueves,7,-101.172084441176,19.7019638559701
38427,38432,2022,,2022/01/06,"08:45:00",COLISIÓN POR CORTE DE CIRCULACIÓN,CONCRETO,Bueno,Bueno,1,JEEP,BLANCO,0,,,,,0,0,Los Reyes,Carlos Galvez Betancourt,enero,jueves,9,-102.458035058595,19.5807859621794
38428,38433,2022,,2022/01/06,12:00:00,COLISIÓN POR CORTE DE CIRCULACIÓN,ASFALTO,Bueno,Bueno,2,CHEVROLET,NEGRO,2,MINISTERIO PÚBLICO,,MASCULINO,SIN DATOS,0,0,Lázaro Cárdenas,Segundo Sector de Fidelac,enero,jueves,12,-102.208910174668,17.9638198022999
38429,38434,2022,,2022/01/06,13:29:00,COLISIÓN CON PEATÓN,CONCRETO,Nublado,Bueno,1,CHEVROLET,BLANCO,2,,31,MASCULINO,SIN DATOS,1,0,Morelia,Margarita Maza de Juarez,enero,jueves,13,-101.253786059947,19.693961845872
38430,38435,2022,,2022/01/06,14:00:00,COLISIÓN POR ALCANCE,ASFALTO,Bueno,Bueno,2,FRAIGHTLINER,BLANCO,2,,45,MASCULINO,SIN DATOS,0,0,Morelia,Lomas de Morelia (Dr Ignacio Chavez),enero,jueves,14,-101.175612255253,19.7175782647606
38431,38436,2022,,2022/01/06,15:30:00,COLISIÓN POR ALCANCE,CONCRETO,Bueno,Bueno,2,NISSAN,BLANCO  CAFE,2,,36,MASCULINO,SIN DATOS,0,0,Morelia,Hacienda del Quinceo,enero,jueves,16,-101.234621554613,19.7294301672606
38432,38437,2022,,2022/01/06,17:00:00,COLISIÓN POR CORTE DE CIRCULACIÓN,ASFALTO,Bueno,Bueno,1,ITALIKA,NEGRO Y VERDE,1,,42,MASCULINO,SIN DATOS,0,0,Morelia,Paseo de Las Lomas,enero,jueves,17,-101.150313385519,19.6971242564126
38433,38438,2022,,2022/01/06,17:05:00,COLISIÓN POR ALCANCE,ASFALTO,Bueno,Bueno,2,VOLKSWAGEN,BLANCO,2,,0,FEMENINO,SIN DATOS,0,0,Morelia,Valle del Durazno,enero,jueves,17,-101.186466179788,19.6562662077927
38434,38439,2022,,2022/01/06,20:50:00,COLISIÓN POR CORTE DE CIRCULACIÓN,CONCRETO,Bueno,Bueno,2,CHEVROLET,BLANCO,2,MINISTERIO PÚBLICO,,MASCULINO,SIN DATOS,0,0,Morelia,Indeco Expropiacion Petrolera,enero,jueves,21,-101.225695467807,19.6858377840591
38435,38440,2022,,2022/01/07,"09:15:00",COLISIÓN POR NO RESPETAR SEMÁFORO,ASFALTO,Bueno,Bueno,2,ITALIKA,NEGRO,2,,64,MASCULINO,SIN DATOS,0,0,Morelia,Centro,enero,viernes,9,-101.19118388321,19.702768457823
38436,38441,2022,MOR220012510,2022/01/07,10:10:00,COLISIÓN POR CAMBIO DE CARRIL,ASFALTO,Bueno,Bueno,2,NISSAN,BLANCO,2,MINISTERIO PÚBLICO,55,MASCULINO,SIN DATOS,0,0,Morelia,Ciudad Industrial,enero,viernes,10,-101.14554366932,19.7284851395985
38437,38442,2022,,2022/01/07,10:55:00,COLISIÓN CONTRA OBJETO FIJO,ASFALTO,Bueno,Bueno,2,FORD,GRIS,2,,65,MASCULINO,SIN DATOS,0,0,Morelia,Mariano Escobedo,enero,viernes,11,-101.209748685,19.7223888749991
38438,38443,2022,,2022/01/07,14:20:00,COLISIÓN POR ALCANCE,ASFALTO,Bueno,Bueno,2,PONTIAC,BLANCO,2,,0,,SIN DATOS,0,0,Morelia,El Lago 2,enero,viernes,14,-101.21308714929,19.7249514326746
38439,38444,2022,,2022/01/07,14:35:00,COLISIÓN POR MANIOBRA DE REVERSA,CONCRETO,Bueno,Bueno,2,GMC,PLATA,2,MINISTERIO PÚBLICO,47,FEMENINO,SIN DATOS,0,0,Morelia,Centro,enero,viernes,15,-101.19118388321,19.702768457823
38440,38445,2022,,2022/01/07,14:40:00,COLISIÓN POR CORTE DE CIRCULACIÓN,ASFALTO,Nublado,Bueno,2,NISSAN,CAPUCCINO AZUL,2,,65,MASCULINO,SIN DATOS,0,0,Morelia,Fovissste La Huerta,enero,viernes,15,-101.213146800529,19.6939802650092
38441,38446,2022,,2022/01/07,14:49:00,COLISIÓN CONTRA OBJETO FIJO,ASFALTO,Bueno,Bueno,2,ITALIKA,ROJO CON BLANCO,1,,62,MASCULINO,SIN DATOS,0,0,Morelia,Prados Verdes,enero,viernes,15,-101.199782310949,19.7166640281338
38443,38448,2022,,2022/01/07,16:03:00,COLISIÓN POR CORTE DE CIRCULACIÓN,ASFALTO,Bueno,Bueno,2,CHEVROLET,BLANCO,2,,33,MASCULINO,SIN DATOS,0,0,Morelia,Sin datos,enero,viernes,16,-101.11455884192,19.7372316661679
38446,38451,2022,,2022/01/07,18:08:00,COLISIÓN POR INVASIÓN DE CARRIL,ASFALTO,Bueno,Bueno,2,CHEVROLET,BCO. Y VERDE,2,MINISTERIO PÚBLICO,,,SIN DATOS,0,0,Tacámbaro,Sin datos,enero,viernes,18,-101.485622674227,19.2254386498409
38447,38452,2022,,2022/01/07,19:45:00,COLISIÓN POR ALCANCE,ASFALTO,Bueno,Bueno,2,PONTIAC,AZUL,2,,29,,SIN DATOS,0,0,Morelia,Ana Maria Gallaga (Riviera Norte),enero,viernes,20,-101.223762326611,19.6767882592144
38448,38453,2022,,2022/01/07,19:46:00,COLISIÓN POR CAMBIO DE CARRIL,ASFALTO,Bueno,Bueno,2,VOLKSWAGEN,BLANCO,2,,47,MASCULINO,SIN DATOS,0,0,Morelia,Prados Verdes,enero,viernes,20,-101.199782310949,19.7166640281338
38449,38454,2022,,2022/01/08,"00:00:00",COLISIÓN POR CAMBIO DE CARRIL,ASFALTO,Bueno,Bueno,2,CHEVROLET,ROJO,2,,30,MASCULINO,CON CERTIFICADO,0,0,Morelia,Jardines de Sindurio,enero,sábado,0,-101.25724950047,19.6993034103532
38450,38455,2022,,2022/01/08,"02:14:00",COLISIÓN CONTRA OBJETO FIJO,CONCRETO,Bueno,Bueno,1,CHEVROLET,NEGRO,1,MINISTERIO PÚBLICO,,,SIN DATOS,0,0,Morelia,Ferrocarrilero,enero,sábado,2,-101.223609235,19.6918737849991
38453,38458,2022,,2022/01/08,15:00:00,COLISIÓN POR CAMBIO DE CARRIL,ASFALTO,Bueno,Bueno,3,MAZDA,GRIS,3,MINISTERIO PÚBLICO,30,MASCULINO,SIN DATOS,0,0,Morelia,Santillan La Huerta,enero,sábado,15,-101.219553885717,19.6760966650679
38454,38459,2022,,2022/01/08,15:00:00,COLISIÓN POR CORTE DE CIRCULACIÓN,ASFALTO,Bueno,Bueno,2,VENTO,ROJO,2,,15,MASCULINO,SIN DATOS,0,0,Morelia,Progreso del Sur,enero,sábado,15,-101.19784196,19.6584584849991
38455,38460,2022,,2022/01/08,15:15:00,COLISIÓN POR INVASIÓN DE CARRIL,ASFALTO,Bueno,Bueno,3,NISSAN,BLANCO,2,MINISTERIO PÚBLICO,24,MASCULINO,SIN DATOS,0,0,Morelia,Isaac Arriaga,enero,sábado,15,-101.167694347859,19.709924751906
38457,38462,2022,,2022/01/08,17:30:00,COLISIÓN POR CORTE DE CIRCULACIÓN,ASFALTO,Bueno,Bueno,2,CHEVROLET,ARENA,2,,30,MASCULINO,SIN DATOS,0,0,Morelia,Ciudad Industrial,enero,sábado,18,-101.130662996164,19.736373286063
38459,38464,2022,,2022/01/08,22:20:00,COLISIÓN POR INVASIÓN DE CARRIL,ASFALTO,Bueno,Bueno,2,CHEVROLET,GRIS,2,MINISTERIO PÚBLICO,,,SIN DATOS,0,0,Charo,Sin datos,enero,sábado,22,-101.08326,19.678806
38460,38465,2022,MOR 220016759,2022/01/09,13:25:00,COLISIÓN POR CORTE DE CIRCULACIÓN,ASFALTO,Bueno,Regular,2,CRYSLER,BLANCO,2,,25,MASCULINO,SIN DATOS,0,0,Morelia,Lomas del Tecnologico,enero,domingo,13,-101.19128507,19.7215724299992
38461,38466,2022,,2022/01/09,15:05:00,COLISIÓN CONTRA OBJETO FIJO,ASFALTO,Bueno,Bueno,1,AUDI,PLATA,1,,18,MASCULINO,SIN DATOS,0,0,Morelia,La Floresta,enero,domingo,15,-101.204400720377,19.6659776131012
38462,38467,2022,MOR220017278,2022/01/09,17:24:00,COLISIÓN POR CORTE DE CIRCULACIÓN,ASFALTO,Bueno,Bueno,2,FORD,BLANCO,2,,37,MASCULINO,SIN DATOS,0,0,Morelia,Prados Verdes,enero,domingo,17,-101.198402735,19.7137588449991
38463,38468,2022,,2022/01/09,17:24:00,COLISIÓN CONTRA OBJETO FIJO,ASFALTO,Bueno,Bueno,1,CHEVROLET,CAFÉ,1,,20,MASCULINO,ALIENTO ETÍLICO,0,0,Morelia,Los Angeles,enero,domingo,17,-101.167963479351,19.7444751194994
38464,38469,2022,,2022/01/09,18:00:00,COLISIÓN CON PEATÓN,CONCRETO,Bueno,Bueno,1,CHEVROLET,BLANCO,2,MINISTERIO PÚBLICO,47,FEMENINO,SIN DATOS,1,0,Morelia,Adolfo Lopez Mateos,enero,domingo,18,-101.226139622885,19.6981067844139
38465,38470,2022,,2022/01/09,21:46:00,COLISIÓN POR ALCANCE,CONCRETO,Bueno,Bueno,2,FORD,AZUL,2,,49,MASCULINO,CON CERTIFICADO,0,0,Morelia,Chapultepec Sur,enero,domingo,22,-101.171449125214,19.6920309500482
38466,38471,2022,,2022/01/09,23:30:00,COLISIÓN POR CORTE DE CIRCULACIÓN,ASFALTO,Bueno,Bueno,2,CHEVROLET,BLANCO,2,,36,MASCULINO,SIN DATOS,0,0,Morelia,Eduardo Ruiz,enero,domingo,0,-101.218978555514,19.7196729565452
38467,38472,2022,MOR220-,2022/01/10,"06:30:00",COLISIÓN POR CORTE DE CIRCULACIÓN,ASFALTO,Bueno,Bueno,2,CHEVROLET,GUINDA,2,,0,,SIN DATOS,0,0,Morelia,Vasco de Quiroga,enero,lunes,7,-101.175957633275,19.6981505832656
38468,38473,2022,,2022/01/10,"08:40:00",COLISIÓN POR CORTE DE CIRCULACIÓN,ASFALTO,Bueno,Bueno,2,MITSUBISHI,ROJO,2,,,FEMENINO,SIN DATOS,0,0,Morelia,Pascual Ortiz de Ayala,enero,lunes,9,-101.151504422657,19.696032531912
38469,38474,2022,,2022/01/10,"09:10:00",COLISIÓN CONTRA OBJETO FIJO,ASFALTO,Bueno,Bueno,1,KENWORTH,ROJO,1,MINISTERIO PÚBLICO,34,MASCULINO,SIN DATOS,0,0,Morelia,Chapultepec Sur,enero,lunes,9,-101.171449125214,19.6920309500482
38470,38475,2022,,2022/01/10,12:40:00,COLISIÓN POR CORTE DE CIRCULACIÓN,ASFALTO,Bueno,Bueno,2,VENTÓ,AZUL,2,MINISTERIO PÚBLICO,,MASCULINO,SIN DATOS,0,0,Morelia,Vista Bella,enero,lunes,13,-101.195316025,19.6789278749992
38471,38476,2022,,2022/01/10,13:20:00,VOLCADURA,ASFALTO,Bueno,Bueno,1,VOLKSWAGEN,PLATA,3,MINISTERIO PÚBLICO,33,MASCULINO,SIN DATOS,2,0,Hidalgo,Centro,enero,lunes,13,-100.553271,19.691029
38472,38477,2022,,2022/01/10,13:45:00,VOLCADURA,ASFALTO,Bueno,Regular,1,NISSAN,BLANCO,1,,46,MASCULINO,SIN DATOS,0,0,Buenavista,Sin datos,enero,lunes,14,-102.497859857976,19.3666117534468
38473,38478,2022,,2022/01/10,14:00:00,COLISIÓN POR CORTE DE CIRCULACIÓN,ASFALTO,Bueno,Bueno,2,CHEVROLET,NEGRO,2,,30,MASCULINO,SIN DATOS,0,0,Charo,De Santiago,enero,lunes,14,-101.044372,19.745476
38474,38479,2022,,2022/01/10,14:45:00,COLISIÓN POR CORTE DE CIRCULACIÓN,ASFALTO,Bueno,Bueno,1,NISSAN,NEGRO,2,,30,,SIN DATOS,0,0,Morelia,Chapultepec Sur,enero,lunes,15,-101.171449125214,19.6920309500482
38475,38480,2022,,2022/01/10,15:05:00,COLISIÓN POR CAMBIO DE CARRIL,ASFALTO,Bueno,Bueno,2,CHEVROLET,GRIS,2,MINISTERIO PÚBLICO,25,MASCULINO,SIN DATOS,0,0,Morelia,Lomas de Santiaguito,enero,lunes,15,-101.179519891941,19.7229539949395
38476,38481,2022,,2022/01/10,15:05:00,COLISIÓN CON PEATÓN,SIN_DATOS,Bueno,Bueno,0,,,0,,,,,0,0,Morelia,Enrique Arreguin Robles,enero,lunes,15,-101.17958329618,19.7203553052301
38477,38482,2022,,2022/01/10,15:20:00,COLISIÓN POR CORTE DE CIRCULACIÓN,ASFALTO,Bueno,Bueno,3,CHEVROLET,CHAMPAGE,3,,71,MASCULINO,SIN DATOS,0,0,Morelia,Eduardo Ruiz,enero,lunes,15,-101.218978555514,19.7196729565452
38478,38483,2022,,2022/01/10,15:40:00,SALIDA DE SUPERFICIE DE RODAMIENTO,ASFALTO,Bueno,Bueno,1,CHEVROLET,BLANCO,1,,25,MASCULINO,SIN DATOS,0,0,Morelia,Los Sauces,enero,lunes,16,-101.18434054,19.6629919599991
38479,38484,2022,,2022/01/10,16:13:00,COLISIÓN POR INVASIÓN DE CARRIL,SIN_DATOS,Bueno,Bueno,2,CHEVROLET,GRIS,2,,31,FEMENINO,SIN DATOS,0,0,Morelia,Jardines de Guadalupe,enero,lunes,16,-101.225736542685,19.7115912241557
38480,38485,2022,,2022/01/10,16:40:00,COLISIÓN POR CORTE DE CIRCULACIÓN,ASFALTO,Bueno,Bueno,2,TOYOTA,BLANC O Y GRIS,2,,31,MASCULINO,SIN DATOS,0,0,Morelia,Alberto Oviedo Mota,enero,lunes,17,-101.196140686849,19.6817272495021
38481,38486,2022,,2022/01/10,16:45:00,COLISIÓN POR CORTE DE CIRCULACIÓN,ASFALTO,Bueno,Bueno,2,TOYOTA,BLANCO/ ROJO,2,,35,MASCULINO,SIN DATOS,0,0,Morelia,Poblado de Ocolusen,enero,lunes,17,-101.153176233214,19.6939479390376
38482,38487,2022,,2022/01/10,17:30:00,COLISIÓN POR CAMBIO DE CARRIL,ASFALTO,Bueno,Bueno,2,CHEVROLET,GRIS,2,,51,FEMENINO,SIN DATOS,0,0,Morelia,Ventura Puente,enero,lunes,18,-101.19124708,19.6917866699992
38483,38488,2022,LEG41101,2022/01/10,19:02:00,COLISIÓN POR INVASIÓN DE CARRIL,CONCRETO,Bueno,Bueno,2,NISSAN,AZUL,2,,,MASCULINO,SIN DATOS,0,0,Morelia,Solidaridad,enero,lunes,19,-101.203056625,19.7367894149992
38484,38489,2022,,2022/01/10,20:30:00,COLISIÓN POR CORTE DE CIRCULACIÓN,CONCRETO,Bueno,Bueno,2,YAMAHA,BLANCO/NEGRO,2,,45,MASCULINO,SIN DATOS,0,0,Morelia,Ferrocarrilero,enero,lunes,21,-101.223609235,19.6918737849991
38486,38491,2022,,2022/01/11,"08:30:00",COLISIÓN CONTRA OBJETO FIJO,ASFALTO,Bueno,Bueno,2,CHEVROLET,BLANCO,2,,67,MASCULINO,SIN DATOS,0,0,Morelia,Lomas del Tecnologico,enero,martes,9,-101.192971737429,19.7218067072296
38487,38492,2022,,2022/01/11,"09:31:00",COLISIÓN POR CAMBIO DE CARRIL,ASFALTO,Bueno,Bueno,2,MAZDA,GRIS,2,,43,MASCULINO,SIN DATOS,0,0,Morelia,Nueva Valladolid,enero,martes,10,-101.211483945359,19.6992598320994
38488,38493,2022,MOR220021006,2022/01/11,16:23:00,COLISIÓN POR CAMBIO DE CARRIL,ASFALTO,Bueno,Regular,2,MERCEDES BENZ,BLANCO,2,,36,MASCULINO,SIN DATOS,0,0,Morelia,Sentimientos de La Nacion,enero,martes,16,-101.233194944297,19.682432823539
38491,38496,2022,LEG41116,2022/01/11,18:00:00,COLISIÓN POR CAMBIO DE CARRIL,ASFALTO,Bueno,Bueno,2,KENWORTH,BLANCO,2,,45,MASCULINO,SIN DATOS,0,0,Morelia,Buenavista,enero,martes,18,-101.167648381005,19.7070362533738
38492,38497,2022,,2022/01/11,18:00:00,COLISIÓN POR MANIOBRA DE REVERSA,ASFALTO,Bueno,Bueno,2,FORD,NEGRO,2,,59,FEMENINO,SIN DATOS,0,0,Morelia,Camelinas,enero,martes,18,-101.17262119,19.6818144849991
38493,38498,2022,,2022/01/11,19:30:00,COLISIÓN POR CORTE DE CIRCULACIÓN,ASFALTO,Bueno,Bueno,2,NISSAN,SUN RED,1,MINISTERIO PÚBLICO,,,SIN DATOS,0,0,Hidalgo,Corros,enero,martes,20,-100.555522106588,19.7071953609398
38494,38499,2022,MOR220021317,2022/01/11,19:50:00,SALIDA DE SUPERFICIE DE RODAMIENTO,ASFALTO,Bueno,Bueno,1,VOLKSWAGEN,GRIS,1,,27,MASCULINO,SIN DATOS,0,0,Morelia,Praderas del Indio,enero,martes,20,-101.223494028547,19.6450845894654
38495,38500,2022,,2022/01/12,"00:00:00",COLISIÓN POR ALCANCE,CONCRETO,Bueno,Bueno,2,CHEVROLET,ROJO,2,MINISTERIO PÚBLICO,,MASCULINO,SIN DATOS,0,0,Morelia,Nueva Chapultepec,enero,miércoles,0,-101.17262899,19.6886808699991
38496,38501,2022,,2022/01/12,"07:20:00",COLISIÓN POR CORTE DE CIRCULACIÓN,ASFALTO,Bueno,Bueno,1,ITALIKA,AZUL,3,,31,MASCULINO,SIN DATOS,1,0,Morelia,San Pascual,enero,miércoles,7,-101.27109697,19.6981209249992
38497,38502,2022,,2022/01/12,"08:50:00",COLISIÓN POR ALCANCE,ASFALTO,Bueno,Bueno,2,HONDA,ROJO,2,,20,FEMENINO,SIN DATOS,0,0,Morelia,Lomas de Huerta,enero,miércoles,9,-101.214711852372,19.6743456536946
38498,38503,2022,,2022/01/12,"09:08:00",COLISIÓN POR CORTE DE CIRCULACIÓN,ASFALTO,Bueno,Bueno,2,VOLKSWAGEN,BLANCO Y ROJO,2,,63,MASCULINO,SIN DATOS,0,0,Morelia,La Colina,enero,miércoles,9,-101.214120821521,19.7090822074825
38499,38504,2022,,2022/01/12,11:00:00,CAIDA DE MOTOCICLETA,ASFALTO,Bueno,Bueno,1,HONDA,BLANCO,0,MINISTERIO PÚBLICO,,,,0,0,Lázaro Cárdenas,1Er Sect de Fidelac,enero,miércoles,11,-102.199669659816,17.9633510007626
38500,38505,2022,,2022/01/12,11:00:00,COLISIÓN POR INVASIÓN DE CARRIL,ASFALTO,Bueno,Bueno,2,VOLKSWAGEN,GRIS,2,,0,MASCULINO,SIN DATOS,0,0,Morelia,Jose Ma Pino Suarez,enero,miércoles,11,-101.161526695572,19.7205999046728
38501,38506,2022,,2022/01/12,11:44:00,COLISIÓN POR CORTE DE CIRCULACIÓN,CONCRETO,Bueno,Bueno,2,DODGE,ARENA,2,,56,FEMENINO,SIN DATOS,0,0,Morelia,Union Antorchista,enero,miércoles,12,-101.268784945772,19.7002996149795
38502,38507,2022,,2022/01/12,12:30:00,COLISIÓN POR CORTE DE CIRCULACIÓN,ASFALTO,Bueno,Bueno,2,INTERNATIONAL,NEGRO Y GRIS,2,,44,MASCULINO,SIN DATOS,0,0,Morelia,Puerto de Buenavista,enero,miércoles,13,-101.126352197769,19.6849018019943
38504,38509,2022,,2022/01/12,16:00:00,COLISIÓN CONTRA OBJETO FIJO,ASFALTO,Bueno,Bueno,1,FORD,BLANCO,1,MINISTERIO PÚBLICO,21,MASCULINO,SIN DATOS,0,0,Morelia,Centro,enero,miércoles,16,-101.18218963,19.7028850649992
38505,38510,2022,,2022/01/12,17:00:00,COLISIÓN CONTRA OBJETO FIJO,ASFALTO,Bueno,Bueno,1,CHEVROLET,PLATA,1,,48,,SIN DATOS,0,0,Morelia,Nueva Jacarndas,enero,miércoles,17,-101.192012683235,19.682261112482
38507,38512,2022,,2022/01/12,21:00:00,COLISIÓN POR CORTE DE CIRCULACIÓN,ASFALTO,Bueno,Bueno,2,YAMAHA,BLANCO,2,MINISTERIO PÚBLICO,0,MASCULINO,SIN DATOS,0,0,Morelia,Torreon Nuevo,enero,miércoles,21,-101.20358663,19.7462449699991
38508,38513,2022,,2022/01/12,21:00:00,COLISIÓN POR ALCANCE,ASFALTO,Bueno,Bueno,2,TOYOTA,GRIS,2,,21,MASCULINO,SIN DATOS,0,0,Morelia,Josefa Ortiz de Dominguez,enero,miércoles,21,-101.214706487954,19.674321975955
38509,38514,2022,,2022/01/12,23:00:00,COLISIÓN POR CORTE DE CIRCULACIÓN,ASFALTO,Bueno,Bueno,2,NISSAN,BLANCO,0,MINISTERIO PÚBLICO,,,,0,0,Lázaro Cárdenas,Centro,enero,miércoles,23,-102.201381549239,17.9598697865043
38510,38515,2022,,2022/01/13,"07:25:00",COLISIÓN CONTRA OBJETO FIJO,ASFALTO,Bueno,Bueno,1,NISSAN,ROJO,1,,30,MASCULINO,SIN DATOS,0,0,Morelia,Nueva Valladolid,enero,jueves,7,-101.2082862854,19.7016677770529
38511,38516,2022,MOR220023712,2022/01/13,10:00:00,COLISIÓN POR CORTE DE CIRCULACIÓN,ASFALTO,Bueno,Regular,2,DODGE,PLATA,2,,59,MASCULINO,SIN DATOS,0,0,Morelia,Prados Verdes,enero,jueves,10,-101.19940108,19.7184542649991
38513,38518,2022,,2022/01/13,10:16:00,COLISIÓN POR MANIOBRA DE REVERSA,ASFALTO,Bueno,Bueno,2,FORD,ROJO,2,,55,MASCULINO,SIN DATOS,0,0,Morelia,San Isidro Itzicuaro Norte,enero,jueves,10,-101.273723498665,19.6994411426467
38514,38519,2022,,2022/01/13,11:12:00,COLISIÓN POR CAMBIO DE CARRIL,ASFALTO,Bueno,Bueno,2,CHEVROLET,AZUL,2,,41,MASCULINO,SIN DATOS,0,0,Morelia,Tzindurio Norte,enero,jueves,11,-101.243797696449,19.7003183992682
38515,38520,2022,,2022/01/13,11:25:00,COLISIÓN POR CAMBIO DE CARRIL,ASFALTO,Bueno,Bueno,2,JEPP,ROJO,2,,,MASCULINO,SIN DATOS,0,0,Morelia,Articulo Constitucional,enero,jueves,11,-101.170104095206,19.713397506588
38516,38521,2022,MOR220023992,2022/01/13,11:40:00,COLISIÓN POR CAMBIO DE CARRIL,ASFALTO,Bueno,Regular,2,BAJAJ,NEGRO,2,,27,MASCULINO,SIN DATOS,0,0,Morelia,Leandro Valle,enero,jueves,12,-101.229301758789,19.7178752322433
38517,38522,2022,,2022/01/13,12:43:00,COLISIÓN POR ALCANCE,ASFALTO,Bueno,Bueno,3,FIAT,PLATA,3,,23,MASCULINO,SIN DATOS,0,0,Morelia,Bosques de Oriente,enero,jueves,13,-101.155538633466,19.7155386427446
38518,38523,2022,,2022/01/13,13:00:00,COLISIÓN CON PEATÓN,CONCRETO,Bueno,Bueno,0,,,0,,,,,0,0,Morelia,Lazaro Cardenas,enero,jueves,13,-101.160431653261,19.7088868008022
38519,38524,2022,MOR220024220,2022/01/13,14:00:00,COLISIÓN POR CORTE DE CIRCULACIÓN,ASFALTO,Bueno,Regular,2,SUZUKI,NEGRO,3,,40,MASCULINO,SIN DATOS,1,0,Morelia,El Lago 1,enero,jueves,14,-101.214556924321,19.7269975176198
38520,38525,2022,,2022/01/13,14:25:00,COLISIÓN POR CORTE DE CIRCULACIÓN,ASFALTO,Bueno,Bueno,2,AUDI,BLANCO,2,,55,FEMENINO,SIN DATOS,0,0,Morelia,Ventura Puente,enero,jueves,14,-101.17983719165,19.6901489462444
38521,38526,2022,MOR220024345,2022/01/13,15:00:00,COLISIÓN POR ALCANCE,ASFALTO,Bueno,Bueno,2,CHEVROLET,BLANCO,2,,44,MASCULINO,SIN DATOS,0,0,Morelia,Francisco J Mujica,enero,jueves,15,-101.193038597703,19.7235031925643