fid,id_accidente,anio_origen,folio_c5i,dia_incidente,hora_ocurrencia,tipo_incidente_vial,superficie_ocurrencia,condiciones_climaticas,condiciones_via,numero_vehiculos_involucrados,marca_vehiculo_ocasiona_siniestro,color_vehiculo_ocasiona_siniestro,numero_personas_involucradas,lugar_remite_presunto_responsable,edad_presunto_responsable,sexo_presunto_responsable,resultados_toxicologia,numero_personas_lesionadas,numero_personas_fallecidas,municipio,colonia,mes,dia_semana,hora_redondeada,lon,lat
38522,38527,2022,MOR220025129,2022/01/13,22:25:00,COLISIÓN CONTRA OBJETO FIJO,ASFALTO,Bueno,Bueno,1,HONDA,NEGRO,1,,41,MASCULINO,SIN DATOS,0,0,Morelia,Clara Cordova Moran,enero,jueves,22,-101.180900900878,19.7373630406111
38523,38528,2022,MOR 220025364,2022/01/14,"07:15:00",COLISIÓN POR ALCANCE,ASFALTO,Bueno,Bueno,3,NISSAN,BLANCO,3,,38,FEMENINO,SIN DATOS,0,0,Morelia,Villas de La Esperanza,enero,viernes,7,-101.273974285208,19.6931402838048
38524,38529,2022,,2022/01/14,"08:00:00",SALIDA DE SUPERFICIE DE RODAMIENTO,ASFALTO,Bueno,Bueno,1,TOYOTA,BLANCO,1,MINISTERIO PÚBLICO,,,SIN DATOS,0,0,Tacámbaro,Sin Nombre,enero,viernes,8,-101.468982279979,19.2429134803092
38525,38530,2022,,2022/01/14,11:00:00,COLISIÓN POR ALCANCE,ASFALTO,Bueno,Bueno,2,FIAT,GRIS,2,,30,MASCULINO,SIN DATOS,0,0,Morelia,Centro,enero,viernes,11,-101.18218963,19.7028850649992
38526,38531,2022,,2022/01/14,12:51:00,COLISIÓN POR CORTE DE CIRCULACIÓN,CONCRETO,Bueno,Bueno,2,KIA,AZUL,2,,,,SIN DATOS,0,0,Morelia,Chapultepec Sur,enero,viernes,13,-101.176351915,19.6910920199992
38527,38532,2022,,2022/01/14,14:30:00,COLISIÓN POR ALCANCE,ASFALTO,Bueno,Bueno,2,CHEVROLET,AZUL,2,,32,MASCULINO,SIN DATOS,0,0,Morelia,Comision Federal de Electricidad,enero,viernes,15,-101.18144170127,19.6814075197075
38528,38533,2022,,2022/01/14,15:00:00,COLISIÓN CONTRA OBJETO FIJO,ASFALTO,Bueno,Bueno,1,CHEVROLET,BLANCO,1,,53,MASCULINO,SIN DATOS,0,0,Morelia,Canteras de Morelia,enero,viernes,15,-101.1737705,19.7180635
38529,38534,2022,,2022/01/14,15:05:00,COLISIÓN CONTRA OBJETO FIJO,ASFALTO,Bueno,Bueno,1,NISSAN,GRIS,1,,54,MASCULINO,SIN DATOS,0,0,Morelia,Ignaci0 Ramirez,enero,viernes,15,-101.222825928467,19.725923569034
38530,38535,2022,,2022/01/14,15:57:00,COLISIÓN POR CAMBIO DE CARRIL,ASFALTO,Bueno,Bueno,2,CHEVROLET,NEGRO,2,,40,MASCULINO,SIN DATOS,0,0,Morelia,Cuauhtemoc,enero,viernes,16,-101.17854569,19.6974281599991
38531,38536,2022,,2022/01/14,17:45:00,COLISIÓN POR CAMBIO DE CARRIL,ASFALTO,Bueno,Bueno,2,NISSAN,BLANCO CON GRIS,2,MINISTERIO PÚBLICO,,MASCULINO,SIN DATOS,0,0,Morelia,Camelinas,enero,viernes,18,-101.17075869981,19.6837967780615
38532,38537,2022,,2022/01/14,20:00:00,COLISIÓN POR INVASIÓN DE CARRIL,ASFALTO,Bueno,Bueno,2,FORD,GRIS,1,MINISTERIO PÚBLICO,,,,1,0,Hidalgo,Centro,enero,viernes,20,-100.553271,19.691029
38533,38538,2022,,2022/01/14,20:00:00,COLISIÓN POR CAMBIO DE CARRIL,ASFALTO,Bueno,Bueno,2,VOLKSWAGEN,GRIS,2,,50,MASCULINO,SIN DATOS,0,0,Morelia,Insurgentes,enero,viernes,20,-101.153930374846,19.6950812169678
38534,38539,2022,,2022/01/14,21:00:00,COLISIÓN POR CORTE DE CIRCULACIÓN,ASFALTO,Bueno,Bueno,2,NISSAN,BLANCO,0,MINISTERIO PÚBLICO,,,,0,0,Lázaro Cárdenas,Sin datos,enero,viernes,21,-102.212759540841,17.9801151953353
38535,38540,2022,,2022/01/14,23:00:00,COLISIÓN POR ALCANCE,SIN_DATOS,Bueno,Bueno,4,CHEVROLET,NEGRO,1,MINISTERIO PÚBLICO,,,SIN DATOS,0,0,Lázaro Cárdenas,13 de Septiembre,enero,viernes,23,-102.214921035551,17.9829903967084
38536,38541,2022,,2022/01/15,"01:20:00",COLISIÓN CON PEATÓN,ASFALTO,Bueno,Bueno,2,ITALIKA DM250,NEGRO/NARANJA,2,,21,MASCULINO,SIN DATOS,0,0,Morelia,La Colina,enero,sábado,1,-101.218261921124,19.7106687596334
38538,38543,2022,,2022/01/15,"09:10:00",COLISIÓN POR CORTE DE CIRCULACIÓN,ASFALTO,Bueno,Bueno,2,RENAULT,ROJO,2,MINISTERIO PÚBLICO,47,MASCULINO,SIN DATOS,0,0,Morelia,Ampliacion La Soledad,enero,sábado,9,-101.185729232954,19.7294008740402
38539,38544,2022,,2022/01/15,"09:50:00",COLISIÓN POR CORTE DE CIRCULACIÓN,ASFALTO,Bueno,Bueno,2,FORD,PLATA,2,,,MASCULINO,SIN DATOS,0,0,Morelia,Las Americas,enero,sábado,10,-101.15527803761,19.6905832056681
38540,38546,2022,,2022/01/15,12:30:00,COLISIÓN POR CORTE DE CIRCULACIÓN,CONCRETO,Bueno,Bueno,2,NISSAN,AZUL,2,,44,MASCULINO,SIN DATOS,0,0,Morelia,Tzindurio Norte,enero,sábado,13,-101.24765947,19.7045247149992
38541,38547,2022,,2022/01/15,14:15:00,COLISIÓN POR ALCANCE,CONCRETO,Bueno,Bueno,2,NISSAN,BLANCO,2,,30,MASCULINO,SIN DATOS,0,0,Morelia,Centro,enero,sábado,14,-101.198428565665,19.7035391005434
38542,38548,2022,,2022/01/15,15:05:00,COLISIÓN POR CORTE DE CIRCULACIÓN,ASFALTO,Bueno,Bueno,2,NISSAN,VERDE,2,,29,MASCULINO,SIN DATOS,0,0,Morelia,La Colina,enero,sábado,15,-101.215306967497,19.7078956749349
38543,38549,2022,,2022/01/15,16:00:00,COLISIÓN POR INVASIÓN DE CARRIL,ASFALTO,Bueno,Bueno,3,FORD,ROJO,1,MINISTERIO PÚBLICO,,,SIN DATOS,0,0,Lázaro Cárdenas,Sin datos,enero,sábado,16,-102.22840788351,17.9351384814831
38544,38550,2022,,2022/01/15,18:20:00,COLISIÓN POR CAMBIO DE CARRIL,ASFALTO,Bueno,Bueno,2,PONTIAC,GRIS,2,,64,MASCULINO,SIN DATOS,0,0,Morelia,Ana Maria Gallaga (Riviera Norte),enero,sábado,18,-101.221210143782,19.6769432670335
38545,38551,2022,,2022/01/15,20:20:00,COLISIÓN POR ALCANCE,ASFALTO,Bueno,Bueno,2,CHEVROLET,BLANCO,2,,29,MASCULINO,SIN DATOS,0,0,Charo,Sin datos,enero,sábado,20,-101.079732396387,19.6867242699155
38546,38552,2022,,2022/01/15,21:35:00,CAIDA DE MOTOCICLETA,ASFALTO,Bueno,Bueno,1,HONDA,BLANCO Y NARANJA,1,,27,MASCULINO,SIN DATOS,0,0,Morelia,Loma Larga Etapa Ii,enero,sábado,22,-101.20536001,19.6549724699991
38547,38553,2022,,2022/01/15,22:30:00,COLISIÓN POR CAMBIO DE CARRIL,ASFALTO,Bueno,Bueno,3,VOLKSWAGEN,MARRON,3,,30,FEMENINO,SIN DATOS,0,0,Morelia,Juarez,enero,sábado,23,-101.200167878784,19.6967833164304
38548,38554,2022,,2022/01/15,24:01:00,CAIDA DE MOTOCICLETA,CONCRETO,Bueno,Bueno,1,ITALIKA,NARANJA,1,,22,MASCULINO,SIN DATOS,0,0,Morelia,Buenos Aires (Lomas de La Aldea),enero,sábado,0,-101.139665655792,19.7373700120351
38549,38555,2022,MOE22028686,2022/01/16,"02:53:00",COLISIÓN POR INVASIÓN DE CARRIL,ASFALTO,Bueno,Bueno,2,S/D,S/D,1,MINISTERIO PÚBLICO,,,,1,0,Morelia,Indeco Santiaguito,enero,domingo,3,-101.1774522,19.7214697599991
38550,38556,2022,,2022/01/16,"03:40:00",COLISIÓN CONTRA OBJETO FIJO,ASFALTO,Lluvioso,Regular,1,CHEVROLET,BLANCO,1,,0,MASCULINO,SIN DATOS,0,0,Huandacareo,Sin datos,enero,domingo,4,-101.320334286875,19.9915667519349
38551,38557,2022,MOR220028732,2022/01/16,"04:15:00",COLISIÓN CONTRA OBJETO FIJO,ASFALTO,Lluvioso,Bueno,1,VOLKSWAGEN,BLANCO,0,MINISTERIO PÚBLICO,,,,0,0,Morelia,Centro,enero,domingo,4,-101.178060167216,19.6994073963939
38552,38558,2022,,2022/01/16,"05:50:00",COLISIÓN POR NO RESPETAR SEMÁFORO,ASFALTO,Lluvioso,Regular,2,VOLKSWAGEN,ROJO,1,MINISTERIO PÚBLICO,,,,1,0,Morelia,Felix Ireta,enero,domingo,6,-101.180262199856,19.6879427566586
38553,38559,2022,,2022/01/16,"06:00:00",COLISIÓN CONTRA OBJETO FIJO,SIN_DATOS,Bueno,Bueno,1,CHEVROLET,ROJO,0,MINISTERIO PÚBLICO,,,,0,0,Lázaro Cárdenas,Ejidal,enero,domingo,6,-102.203414267435,17.9569276074297
38554,38560,2022,MOR 220028788,2022/01/16,"06:35:00",COLISIÓN CONTRA OBJETO FIJO,ASFALTO,Nublado,Bueno,1,HYUNDAI,ROJO,1,,25,MASCULINO,SIN DATOS,0,0,Morelia,Centro,enero,domingo,7,-101.199259371922,19.7030683642943
38555,38561,2022,,2022/01/16,"06:45:00",COLISIÓN POR INVASIÓN DE CARRIL,ASFALTO,Bueno,Bueno,2,JEEP,ROJO,4,MINISTERIO PÚBLICO,,,,4,0,Peribán,Sin datos,enero,domingo,7,-102.45957031846,19.5653793843639
38556,38562,2022,,2022/01/16,"07:10:00",COLISIÓN CONTRA OBJETO FIJO,ASFALTO,Nublado,Bueno,1,VOLKSWAGEN,BLANCO,1,,,MASCULINO,ALIENTO ETÍLICO,0,0,Morelia,Felix Ireta,enero,domingo,7,-101.188582604864,19.6860148664875
38557,38563,2022,,2022/01/16,10:20:00,COLISIÓN POR CORTE DE CIRCULACIÓN,CONCRETO,Bueno,Bueno,2,CHRYSLER,BLANCO Y ROJO,2,,56,,SIN DATOS,0,0,Morelia,Guadalupe,enero,domingo,10,-101.219280688275,19.7103057457555
38559,38565,2022,,2022/01/16,15:30:00,COLISIÓN POR CORTE DE CIRCULACIÓN,CONCRETO,Bueno,Bueno,2,VOLKSWAGEN,AZUL,2,,32,MASCULINO,SIN DATOS,0,0,Morelia,12 de Diciembre,enero,domingo,16,-101.153056496796,19.7050059597406
38562,38568,2022,,2022/01/16,20:00:00,COLISIÓN CONTRA OBJETO FIJO,ASFALTO,Bueno,Bueno,1,VOLKSWAGEN,NEGRO,1,,32,MASCULINO,SIN DATOS,0,0,Morelia,Vistas de Altozano,enero,domingo,20,-101.167,19.6551
38563,38569,2022,,2022/01/16,22:45:00,SALIDA DE SUPERFICIE DE RODAMIENTO,ASFALTO,Bueno,Bueno,1,MAZDA,BLANCO,1,MINISTERIO PÚBLICO,63,MASCULINO,SIN DATOS,0,0,Peribán,Sin datos,enero,domingo,23,-102.435537756157,19.5260808364278
38564,38570,2022,MOR220030687,2022/01/17,"07:55:00",COLISIÓN POR CAMBIO DE CARRIL,ASFALTO,Bueno,Regular,2,VOSLKWAGEN,BLANCO,2,,43,MASCULINO,SIN DATOS,0,0,Morelia,Balcones de Morelia,enero,lunes,8,-101.201869405085,19.6735302099086
38565,38571,2022,,2022/01/17,"08:10:00",COLISIÓN POR CORTE DE CIRCULACIÓN,ASFALTO,Bueno,Bueno,2,ITALIKA,NEGRO/VERDE,2,,42,MASCULINO,SIN DATOS,0,0,Peribán,Los Cerritos,enero,lunes,8,-102.428670904852,19.5332389234244
38567,38573,2022,,2022/01/17,"09:46:00",VOLCADURA,ASFALTO,Bueno,Bueno,1,NISSAN,BLANCO/ROJO,1,,41,MASCULINO,SIN DATOS,0,0,Cuitzeo,Sin datos,enero,lunes,10,-101.088530986823,19.9575764077259
38568,38574,2022,LEG41198,2022/01/17,11:20:00,COLISIÓN POR INVASIÓN DE CARRIL,ASFALTO,Bueno,Bueno,3,VOLVO,BLANCO,2,,25,MASCULINO,SIN DATOS,0,0,Morelia,Barrio Alto,enero,lunes,11,-101.190695064204,19.7264690646931
38570,38576,2022,,2022/01/17,11:45:00,SALIDA DE SUPERFICIE DE RODAMIENTO,CONCRETO,Bueno,Bueno,3,KENWORTH,AZUL,1,,39,MASCULINO,SIN DATOS,0,0,Morelia,La Soledad,enero,lunes,12,-101.185166715661,19.7274533823308
38571,38577,2022,,2022/01/17,15:43:00,COLISIÓN POR INVASIÓN DE CARRIL,ASFALTO,Bueno,Bueno,2,MAN,GRIS/NARANJA/CAFE,2,,27,MASCULINO,SIN DATOS,0,0,Morelia,Niño Artillero,enero,lunes,16,-101.253887533225,19.6966180829493
38572,38578,2022,MOR220031423,2022/01/17,15:55:00,COLISIÓN POR CORTE DE CIRCULACIÓN,CONCRETO,Bueno,Bueno,2,NISSAN,AZUL,2,,45,FEMENINO,SIN DATOS,0,0,Morelia,Vista Bella,enero,lunes,16,-101.199565182172,19.6797662637573
38573,38579,2022,,2022/01/17,15:58:00,SALIDA DE SUPERFICIE DE RODAMIENTO,ASFALTO,Bueno,Regular,1,ITALIKA,BLANCO,2,,23,MASCULINO,SIN DATOS,1,0,Cuitzeo,Sin datos,enero,lunes,16,-101.178107349708,20.0526145505476
38574,38580,2022,MOR22003105,2022/01/17,16:00:00,COLISIÓN POR CORTE DE CIRCULACIÓN,ASFALTO,Bueno,Bueno,2,NISSAN,NEGRO,2,,65,FEMENINO,SIN DATOS,0,0,Morelia,Ventura Puente,enero,lunes,16,-101.187182954235,19.6926426896116
38575,38581,2022,,2022/01/17,18:30:00,COLISIÓN POR ALCANCE,ASFALTO,Bueno,Bueno,2,VOLKSWAGEN,PLATA,2,,56,MASCULINO,SIN DATOS,0,0,Morelia,Centro,enero,lunes,19,-101.19118388321,19.702768457823
38576,38582,2022,MOR220031824,2022/01/17,19:32:00,COLISIÓN POR CORTE DE CIRCULACIÓN,ASFALTO,Nublado,Regular,1,DINAMO,NARANJA,2,,0,,SIN DATOS,1,0,Morelia,Sin datos,enero,lunes,20,-101.251295750799,19.7933689097226
38577,38583,2022,,2022/01/17,20:10:00,COLISIÓN POR CORTE DE CIRCULACIÓN,ASFALTO,Bueno,Regular,2,NISSAN,BLANCO,2,MINISTERIO PÚBLICO,,FEMENINO,SIN DATOS,0,0,Hidalgo,Plan de Ayala,enero,lunes,20,-100.569005540825,19.7055476913004
38578,38584,2022,,2022/01/17,22:00:00,COLISIÓN CONTRA OBJETO FIJO,ASFALTO,Bueno,Bueno,1,CHEVROLET,GRIS,0,MINISTERIO PÚBLICO,,,,0,0,Lázaro Cárdenas,Los Laureles,enero,lunes,22,-102.216478697956,17.9849646787835
38580,38586,2022,,2022/01/18,12:30:00,COLISIÓN POR CORTE DE CIRCULACIÓN,ASFALTO,Bueno,Bueno,2,ISUZU,BLANCO,2,,57,MASCULINO,SIN DATOS,0,0,Morelia,Santillan La Huerta,enero,martes,13,-101.219553885717,19.6760966650679
38581,38587,2022,,2022/01/18,12:55:00,COLISIÓN POR CORTE DE CIRCULACIÓN,ASFALTO,Bueno,Bueno,2,FORD,ROJO,2,,55,MASCULINO,SIN DATOS,0,0,Morelia,Melchor Ocampo,enero,martes,13,-101.201937888211,19.7065671597378
38582,38588,2022,,2022/01/18,13:30:00,COLISIÓN POR CAMBIO DE CARRIL,ASFALTO,Bueno,Bueno,2,MERCEDES BENS,BLANCO,2,,,MASCULINO,SIN DATOS,0,0,Morelia,Torreon Nuevo,enero,martes,14,-101.20358663,19.7462449699991
38583,38589,2022,,2022/01/18,14:00:00,COLISIÓN POR CAMBIO DE CARRIL,ASFALTO,Bueno,Bueno,2,INTERNATIONAL,BLANCO,2,,45,MASCULINO,SIN DATOS,0,0,Morelia,Centro,enero,martes,14,-101.18754847,19.7028479949991
38584,38590,2022,,2022/01/18,15:00:00,COLISIÓN POR CORTE DE CIRCULACIÓN,ASFALTO,Bueno,Bueno,2,GMC,ROJO,0,MINISTERIO PÚBLICO,,,,0,0,Lázaro Cárdenas,Jose Green,enero,martes,15,-102.201076447964,17.9651124285738
38586,38592,2022,,2022/01/18,18:00:00,COLISIÓN POR CORTE DE CIRCULACIÓN,ASFALTO,Bueno,Bueno,2,S/D,NEGRO,2,,17,MASCULINO,SIN DATOS,0,0,Morelia,Arboledas de La Huerta,enero,martes,18,-101.223548145,19.6683762899991
38587,38593,2022,,2022/01/19,"00:00:00",COLISIÓN POR CAMBIO DE CARRIL,ASFALTO,Bueno,Bueno,2,KENWORTH,BLANCO  Y AZUL,2,,42,MASCULINO,SIN DATOS,0,0,Morelia,Felix Arreguin,enero,miércoles,0,-101.226544752717,19.7214690975995
38588,38594,2022,,2022/01/19,"05:20:00",COLISIÓN CONTRA OBJETO FIJO,ASFALTO,Bueno,Bueno,2,MAZDA,GUINDA,2,,26,MASCULINO,SIN DATOS,0,0,Morelia,Lomas del Valle,enero,miércoles,5,-101.230222677688,19.687753554468
38589,38595,2022,,2022/01/19,"07:00:00",SUBIDA AL CAMELLÓN,ASFALTO,Bueno,Bueno,1,TOYOTA,PLATA,1,,68,,SIN DATOS,0,0,Morelia,San Isidro Itzicuaro,enero,miércoles,7,-101.2774995,19.690198
38590,38596,2022,MOR220034087,2022/01/19,"08:15:00",COLISIÓN POR ALCANCE,ASFALTO,Bueno,Bueno,2,NISSAN,BLANCO,2,,26,MASCULINO,SIN DATOS,0,0,Morelia,San Jose Itzicuaro,enero,miércoles,8,-101.304396034018,19.6887087599518
38591,38597,2022,MOR220034127,2022/01/19,"09:30:00",COLISIÓN POR ALCANCE,ASFALTO,Bueno,Regular,2,VOSLKWAGEN,BLANCO,2,,54,FEMENINO,SIN DATOS,0,0,Morelia,Tenencia Morelos,enero,miércoles,10,-101.238453730263,19.6507365793465
38592,38598,2022,,2022/01/19,"09:48:00",COLISIÓN POR CORTE DE CIRCULACIÓN,ASFALTO,Bueno,Bueno,2,VENTO,NEGRO/VERDE,2,MINISTERIO PÚBLICO,,,SIN DATOS,0,0,Tacámbaro,Sin datos,enero,miércoles,10,-101.509806781329,19.2178374394731
38593,38599,2022,,2022/01/19,10:30:00,COLISIÓN POR CORTE DE CIRCULACIÓN,ASFALTO,Bueno,Bueno,1,VOLKSWAGEN,GRIS,1,,42,MASCULINO,SIN DATOS,0,0,Morelia,Juarez,enero,miércoles,11,-101.197780834577,19.6952286274879
38594,38600,2022,,2022/01/19,12:00:00,COLISIÓN CONTRA OBJETO FIJO,ASFALTO,Bueno,Bueno,1,FORD,GRIS,0,MINISTERIO PÚBLICO,,,,0,0,Lázaro Cárdenas,Valle del Tecnologico,enero,miércoles,12,-102.224897481501,17.973159273333
38595,38601,2022,MOR220034561,2022/01/19,14:30:00,COLISIÓN POR CORTE DE CIRCULACIÓN,CONCRETO,Bueno,Regular,2,YAMAHA,BLANCO,3,,30,FEMENINO,SIN DATOS,1,0,Morelia,Tenencia Morelos,enero,miércoles,15,-101.24039839276,19.6421744832433
38596,38602,2022,,2022/01/19,16:00:00,COLISIÓN CON PEATÓN,ASFALTO,Bueno,Bueno,1,CHEVROLET,BLANCO,0,MINISTERIO PÚBLICO,,,,0,0,Lázaro Cárdenas,Napoleon Gomez Sada,enero,miércoles,16,-102.225687026299,17.9793326358996
38597,38603,2022,,2022/01/19,16:40:00,COLISIÓN POR CORTE DE CIRCULACIÓN,ASFALTO,Bueno,Bueno,2,ITALIKA,BCO./AZUL,2,,,,SIN DATOS,0,0,Tacámbaro,Sin datos,enero,miércoles,17,-101.492505192078,19.2267673793225
38598,38604,2022,,2022/01/19,18:07:00,COLISIÓN POR CORTE DE CIRCULACIÓN,ASFALTO,Bueno,Bueno,2,KTM,NARANJA,2,,21,MASCULINO,SIN DATOS,0,0,Morelia,El Lago 1,enero,miércoles,18,-101.221339895643,19.7277300793184
38599,38605,2022,,2022/01/19,18:30:00,COLISIÓN POR MANIOBRA DE REVERSA,ASFALTO,Bueno,Bueno,2,INTERNATIONAL,AMARILLO,2,,28,MASCULINO,SIN DATOS,0,0,Morelia,Canteras de Morelia,enero,miércoles,19,-101.173459477723,19.7162560784872
38600,38606,2022,MOR220035542,2022/01/19,21:15:00,COLISIÓN CONTRA OBJETO FIJO,ASFALTO,Bueno,Malo,1,VOLKSWAGEN,BLANCO,1,,54,MASCULINO,ALIENTO ETÍLICO,0,0,Morelia,Loma de Los Piñones,enero,miércoles,21,-101.203177347779,19.6751731095699
38601,38607,2022,MOR 220035634,2022/01/19,22:50:00,SUBIDA AL CAMELLÓN,ASFALTO,Bueno,Bueno,1,VOLKSWAGEN,BLANCO,1,,67,MASCULINO,SIN DATOS,0,0,Morelia,Cosmos,enero,miércoles,23,-101.216444833721,19.6834341745113
38602,38608,2022,,2022/01/20,"08:35:00",COLISIÓN POR ALCANCE,ASFALTO,Bueno,Bueno,2,MERCEDES BENZ,PLATA,2,,39,MASCULINO,SIN DATOS,0,0,Morelia,Prados Verdes,enero,jueves,9,-101.19721026,19.7150711099991
38603,38609,2022,,2022/01/20,"09:15:00",COLISIÓN POR CORTE DE CIRCULACIÓN,ASFALTO,Bueno,Bueno,2,CHEVROLET,ROJO,2,,67,MASCULINO,SIN DATOS,0,0,Morelia,Centro,enero,jueves,9,-101.198428565665,19.7035391005434
38604,38610,2022,,2022/01/20,10:30:00,COLISIÓN POR ALCANCE,ASFALTO,Bueno,Bueno,2,FIAT,ROJO,2,,37,MASCULINO,SIN DATOS,0,0,Morelia,Vasco de Quiroga,enero,jueves,11,-101.171026988099,19.6976785913658
38606,38612,2022,MOR220036873,2022/01/20,11:33:00,COLISIÓN POR ALCANCE,ASFALTO,Bueno,Bueno,2,NISSAN,BLANCO Y ROJO,2,,56,MASCULINO,SIN DATOS,0,0,Morelia,Centro,enero,jueves,12,-101.189857827865,19.6978510930408
38609,38615,2022,,2022/01/20,16:00:00,COLISIÓN CONTRA OBJETO FIJO,ASFALTO,Bueno,Bueno,1,INTERNATIONAL,BLANCO,1,,43,MASCULINO,SIN DATOS,0,0,Morelia,Gertrudis Sanchez,enero,jueves,16,-101.205776745,19.7441101549991
38610,38616,2022,,2022/01/20,18:00:00,COLISIÓN POR CAMBIO DE CARRIL,ASFALTO,Bueno,Bueno,2,FORD F-350,BLANCO,2,,22,MASCULINO,SIN DATOS,0,0,Morelia,Camelinas,enero,jueves,18,-101.17262119,19.6818144849991
38611,38617,2022,,2022/01/20,20:25:00,COLISIÓN POR CORTE DE CIRCULACIÓN,ASFALTO,Bueno,Bueno,3,ITALIKA,PLATA Y NEGRO,3,MINISTERIO PÚBLICO,21,MASCULINO,SIN DATOS,0,0,Morelia,Melchor Ocampo,enero,jueves,20,-101.201937888211,19.7065671597378
38613,38619,2022,,2022/01/21,"00:00:00",COLISIÓN POR CORTE DE CIRCULACIÓN,ASFALTO,Bueno,Bueno,2,DODGE,BLANCO,0,MINISTERIO PÚBLICO,,,,0,0,Lázaro Cárdenas,1Er Sect de Fidelac,enero,viernes,0,-102.197960086845,17.9649198529962
38614,38620,2022,,2022/01/21,"03:10:00",COLISIÓN CONTRA OBJETO FIJO,CONCRETO,Bueno,Bueno,1,VOLKSWAGEN,ROJO,1,,19,MASCULINO,SIN DATOS,0,0,Morelia,Jesus del Monte,enero,viernes,3,-101.154211082822,19.6509234359309
38615,38621,2022,,2022/01/21,"08:30:00",SALIDA DE SUPERFICIE DE RODAMIENTO,ASFALTO,Bueno,Bueno,1,PEUGEOT,BLANCO,1,,33,MASCULINO,SIN DATOS,0,0,Morelia,Sin datos,enero,viernes,9,-101.08933470465,19.7357170303337
38616,38622,2022,,2022/01/21,10:45:00,COLISIÓN POR INVASIÓN DE CARRIL,ASFALTO,Bueno,Bueno,2,TOYOTA,BLANCO,2,,62,MASCULINO,SIN DATOS,0,0,Morelia,Rinconada del Valle,enero,viernes,11,-101.222231760621,19.677387109181
38617,38623,2022,,2022/01/21,11:55:00,COLISIÓN POR CORTE DE CIRCULACIÓN,ASFALTO,Bueno,Bueno,2,NISSAN,BLANCO,2,,32,MASCULINO,SIN DATOS,0,0,Morelia,Isaac Arriaga,enero,viernes,12,-101.171411550179,19.7077186885445
38618,38624,2022,MOR220038183,2022/01/21,12:45:00,COLISIÓN POR CAMBIO DE CARRIL,ASFALTO,Bueno,Bueno,2,SEAT,BLANCO,2,,42,MASCULINO,SIN DATOS,0,0,Morelia,Sin datos,enero,viernes,13,-101.164547424876,19.6590161703057
38619,38625,2022,,2022/01/21,13:00:00,COLISIÓN POR CAMBIO DE CARRIL,ASFALTO,Bueno,Bueno,2,FRETGHTLINER,BLANCO,2,,,MASCULINO,SIN DATOS,0,0,Morelia,Tzindurio de Morelos,enero,viernes,13,-101.243652552366,19.6999727025949
38620,38626,2022,MOR 220038227,2022/01/21,13:00:00,COLISIÓN POR CORTE DE CIRCULACIÓN,ASFALTO,Bueno,Bueno,2,CHEVROLET,BLANCO,2,,54,MASCULINO,SIN DATOS,0,0,Morelia,Felix Ireta,enero,viernes,13,-101.1805059456,19.6870080074768
38621,38627,2022,,2022/01/21,13:04:00,COLISIÓN POR ALCANCE,ASFALTO,Bueno,Bueno,2,NISSAN,NEGRO,2,,60,MASCULINO,SIN DATOS,0,0,Morelia,Tlalpujahua,enero,viernes,13,-101.217711567879,19.6760220000641
38622,38628,2022,,2022/01/21,13:50:00,CAIDA DE MOTOCICLETA,ASFALTO,Bueno,Bueno,1,VENTO,NEGRO/NARANJA,0,,,,,0,0,Charo,Sin datos,enero,viernes,14,-101.049187401077,19.6781367442806
38623,38629,2022,MOR220038734,2022/01/21,17:22:00,COLISIÓN POR CORTE DE CIRCULACIÓN,ASFALTO,Bueno,Bueno,2,ITALIKA,BLANCO,2,,23,MASCULINO,SIN DATOS,0,0,Morelia,Cuauhtemoc,enero,viernes,17,-101.17884129963,19.6959749118179
38624,38630,2022,,2022/01/21,19:20:00,COLISIÓN POR INVASIÓN DE CARRIL,ASFALTO,Bueno,Bueno,2,MITSUBISHI,GRIS,2,,36,FEMENINO,SIN DATOS,0,0,Morelia,Morelos,enero,viernes,19,-101.207244582474,19.6954060905294
38625,38631,2022,,2022/01/21,20:15:00,COLISIÓN POR CAMBIO DE CARRIL,CONCRETO,Bueno,Bueno,2,DINAMO,ROJO,2,,,,SIN DATOS,0,0,Morelia,Jose Ma Pino Suarez,enero,viernes,20,-101.162230074406,19.7197900136929
38626,38632,2022,,2022/01/21,23:00:00,COLISIÓN POR CORTE DE CIRCULACIÓN,ASFALTO,Bueno,Bueno,1,CHEVROLET,AZUL,0,MINISTERIO PÚBLICO,,,,0,0,Lázaro Cárdenas,Flor de Abril Sector 2 B,enero,viernes,23,-102.232368408955,17.9988976100526
38627,38633,2022,MOR220039491,2022/01/22,"00:00:00",COLISIÓN POR CAMBIO DE CARRIL,ASFALTO,Bueno,Bueno,2,FORD,ROJO,2,,27,MASCULINO,SIN DATOS,0,0,Morelia,Ventura Puente,enero,sábado,0,-101.187182954235,19.6926426896116
38628,38634,2022,,2022/01/22,"00:15:00",COLISIÓN POR ALCANCE,ASFALTO,Bueno,Bueno,2,CHRYSLER,AZUL,3,MINISTERIO PÚBLICO,21,MASCULINO,SIN DATOS,1,0,Morelia,Vistas de Altozano,enero,sábado,0,-101.167,19.6551
38630,38636,2022,,2022/01/22,"03:45:00",CAIDA DE MOTOCICLETA,ASFALTO,Bueno,Bueno,1,ALINK KEEWOY,AMARILLO,1,MINISTERIO PÚBLICO,,,SIN DATOS,0,0,Tacámbaro,Sin datos,enero,sábado,4,-101.513179323889,19.2152746319109
38631,38637,2022,,2022/01/22,"06:30:00",COLISIÓN POR NO RESPETAR SEMÁFORO,ASFALTO,Bueno,Bueno,2,CHEVROLET,AMARILLO,2,,27,MASCULINO,ALIENTO ETÍLICO,0,0,Morelia,Los Pinos de Michoacan,enero,sábado,7,-101.213164965553,19.6845064946218