fid,id_accidente,anio_origen,folio_c5i,dia_incidente,hora_ocurrencia,tipo_incidente_vial,superficie_ocurrencia,condiciones_climaticas,condiciones_via,numero_vehiculos_involucrados,marca_vehiculo_ocasiona_siniestro,color_vehiculo_ocasiona_siniestro,numero_personas_involucradas,lugar_remite_presunto_responsable,edad_presunto_responsable,sexo_presunto_responsable,resultados_toxicologia,numero_personas_lesionadas,numero_personas_fallecidas,municipio,colonia,mes,dia_semana,hora_redondeada,lon,lat
38632,38638,2022,,2022/01/22,"08:00:00",VOLCADURA,ASFALTO,Bueno,Bueno,1,TOYOTA,BLANCO,1,,33,MASCULINO,SIN DATOS,0,0,Charo,Sin datos,enero,sábado,8,-101.02498616345,19.765312729936
38633,38639,2022,MOR220039668,2022/01/22,"09:14:00",COLISIÓN CONTRA OBJETO FIJO,CONCRETO,Bueno,Bueno,1,CHEVROLET,GRIS METAL,1,,35,MASCULINO,SIN DATOS,0,0,Morelia,Jesus Romero Flores,enero,sábado,9,-101.177154555917,19.7320748273058
38634,38640,2022,MOR220040113,2022/01/22,"09:14:00",CAIDA DE MOTOCICLETA,ASFALTO,Bueno,Bueno,1,HONDA,NEGRO,1,,33,MASCULINO,SIN DATOS,0,0,Morelia,Lomas de Morelia (Dr Ignacio Chavez),enero,sábado,9,-101.175452644618,19.7162004988672
38635,38641,2022,,2022/01/22,14:50:00,COLISIÓN POR CAMBIO DE CARRIL,ASFALTO,Bueno,Bueno,2,STERLING,AMARILLO,2,,58,MASCULINO,SIN DATOS,0,0,Morelia,El Realito,enero,sábado,15,-101.203137012728,19.7271577016115
38636,38642,2022,,2022/01/22,15:30:00,COLISIÓN CONTRA OBJETO FIJO,ASFALTO,Bueno,Bueno,2,YAMAHA,NEGRO,2,,,,SIN DATOS,0,0,Morelia,Leandro Valle,enero,sábado,16,-101.231126445,19.7227004649991
38637,38643,2022,,2022/01/22,15:40:00,COLISIÓN POR ALCANCE,ASFALTO,Bueno,Bueno,3,FORD,BLANCO,3,MINISTERIO PÚBLICO,19,MASCULINO,SIN DATOS,0,0,Tarímbaro,Sin datos,enero,sábado,16,-101.172334158455,19.7532816611675
38638,38644,2022,,2022/01/22,16:10:00,COLISIÓN POR CORTE DE CIRCULACIÓN,ASFALTO,Bueno,Bueno,2,INTERNATIONAL,BLANCO,2,,36,MASCULINO,SIN DATOS,0,0,Morelia,Cinco de Diciembre,enero,sábado,16,-101.163568496704,19.6858289737033
38639,38645,2022,,2022/01/22,17:10:00,COLISIÓN POR INVASIÓN DE CARRIL,ASFALTO,Bueno,Bueno,3,BMW,BLANCO/AZUL,6,MINISTERIO PÚBLICO,34,MASCULINO,SIN DATOS,3,0,Charo,Sin datos,enero,sábado,17,-101.012548699297,19.7035392508542
38640,38646,2022,,2022/01/22,17:20:00,COLISIÓN POR CORTE DE CIRCULACIÓN,ASFALTO,Bueno,Bueno,2,YAMAHA,NEGRO,2,,,MASCULINO,SIN DATOS,0,0,Tarímbaro,Club Erandeni,enero,sábado,17,-101.183801,19.757131
38641,38647,2022,,2022/01/22,20:00:00,COLISIÓN CON PEATÓN,SIN_DATOS,Bueno,Bueno,2,ITALIKA,NEGRO/AMARILLO,2,,27,MASCULINO,SIN DATOS,0,0,Morelia,Ignacio Lopez Rayon,enero,sábado,20,-101.250591165,19.6897065849991
38642,38648,2022,LEG41286,2022/01/22,22:18:00,COLISIÓN POR CORTE DE CIRCULACIÓN,ASFALTO,Bueno,Bueno,2,CHEVROLET,NEGRO,3,MINISTERIO PÚBLICO,0,,CON CERTIFICADO,0,0,Morelia,Lazaro Cardenas,enero,sábado,22,-101.164980132847,19.7101528819772
38643,38649,2022,,2022/01/23,"01:00:00",SALIDA DE SUPERFICIE DE RODAMIENTO,ASFALTO,Bueno,Bueno,1,VOLKSWAGEN,BLANCO,1,,,MASCULINO,SIN DATOS,0,0,Morelia,Cañada del Bosque,enero,domingo,1,-101.09547729858,19.7297609386487
38644,38650,2022,,2022/01/23,"01:40:00",COLISIÓN POR CORTE DE CIRCULACIÓN,ASFALTO,Bueno,Bueno,2,RENAULT,NARANJA,2,,22,MASCULINO,SIN DATOS,0,0,Morelia,Las Americas,enero,domingo,2,-101.15527803761,19.6905832056681
38645,38651,2022,,2022/01/23,"02:00:00",COLISIÓN CONTRA OBJETO FIJO,ASFALTO,Bueno,Bueno,1,NISSAN,BLANCO,0,MINISTERIO PÚBLICO,,,,0,0,Lázaro Cárdenas,Sin datos,enero,domingo,2,-102.228231833063,17.9353908263522
38646,38652,2022,,2022/01/23,"03:00:00",COLISIÓN POR ALCANCE,ASFALTO,Bueno,Bueno,1,FORD,ROJO,2,MINISTERIO PÚBLICO,34,MASCULINO,SIN DATOS,1,0,Tangamandapio,Sin datos,enero,domingo,3,-102.388763658034,19.909056443478
38647,38653,2022,,2022/01/23,"03:20:00",COLISIÓN CONTRA OBJETO FIJO,ASFALTO,Bueno,Bueno,1,CHEVROLET,BLANCO,1,,,,SIN DATOS,0,0,Morelia,Lomas del Punhuato,enero,domingo,3,-101.145702685,19.6990217899992
38648,38654,2022,,2022/01/23,"04:00:00",COLISIÓN CONTRA OBJETO FIJO,ASFALTO,Bueno,Bueno,1,SEAT,BLANCO,0,,,,,0,0,Morelia,Primo Tapia Oriente,enero,domingo,4,-101.160671657864,19.7148130515494
38649,38655,2022,MOR 220041594,2022/01/23,10:50:00,COLISIÓN POR ALCANCE,ASFALTO,Bueno,Bueno,2,VOLKSWAGEN,ROJO,2,,50,FEMENINO,SIN DATOS,0,0,Morelia,Tzindurio de Morelos,enero,domingo,11,-101.243212334812,19.6958941888016
38650,38656,2022,,2022/01/23,14:40:00,COLISIÓN POR ALCANCE,ASFALTO,Bueno,Bueno,2,FORD,ROJO,2,,20,MASCULINO,SIN DATOS,0,0,Tangamandapio,Sin datos,enero,domingo,15,-102.511070773673,19.818556290575
38651,38657,2022,,2022/01/23,16:40:00,COLISIÓN CON PEATÓN,ASFALTO,Bueno,Bueno,1,CHEVROLET,AZUL,2,,,,,2,0,Erongarícuaro,Sin datos,enero,domingo,17,-101.707791723311,19.5622249482343
38652,38658,2022,,2022/01/23,18:00:00,COLISIÓN POR CORTE DE CIRCULACIÓN,ASFALTO,Bueno,Bueno,2,NISSAN,NEGRO,1,MINISTERIO PÚBLICO,,,SIN DATOS,0,0,Lázaro Cárdenas,Flor de Abril Sector 2 A,enero,domingo,18,-102.232960567557,17.9991931719512
38653,38659,2022,,2022/01/23,18:50:00,COLISIÓN POR ALCANCE,ASFALTO,Bueno,Regular,2,NISSAN,AZUL MARINO,2,MINISTERIO PÚBLICO,39,MASCULINO,SIN DATOS,1,0,Hidalgo,Centro,enero,domingo,19,-100.553271,19.691029
38654,38660,2022,,2022/01/23,19:00:00,COLISIÓN CONTRA OBJETO FIJO,ASFALTO,Bueno,Bueno,1,NISSAN,GRIS,1,MINISTERIO PÚBLICO,,,SIN DATOS,0,0,Salvador Escalante,Sin datos,enero,domingo,19,-101.589187427687,19.4101462794198
38655,38661,2022,,2022/01/23,20:00:00,COLISIÓN POR INVASIÓN DE CARRIL,ASFALTO,Bueno,Bueno,2,FIAT,GRIS,1,,33,MASCULINO,SIN DATOS,0,0,Morelia,Sin datos,enero,domingo,20,-101.282687075436,19.6672441266307
38656,38662,2022,,2022/01/23,23:53:00,COLISIÓN POR INVASIÓN DE CARRIL,ASFALTO,Bueno,Bueno,2,CHRYSLER,NEGRO,2,,29,MASCULINO,SIN DATOS,0,0,Morelia,Chapultepec Sur,enero,domingo,0,-101.171449125214,19.6920309500482
38657,38663,2022,,2022/01/24,"09:00:00",SUBIDA AL CAMELLÓN,ASFALTO,Bueno,Bueno,1,CHRYSLERT,GRIS,1,,36,MASCULINO,SIN DATOS,0,0,Morelia,Morelos,enero,lunes,9,-101.20619815,19.7022964949991
38658,38664,2022,,2022/01/24,"09:55:00",COLISIÓN POR CORTE DE CIRCULACIÓN,CONCRETO,Nublado,Bueno,2,VENTO,NARANJA,2,,19,MASCULINO,SIN DATOS,0,0,Morelia,Mision del Valle,enero,lunes,10,-101.117413805995,19.764624
38661,38667,2022,,2022/01/24,14:15:00,COLISIÓN POR CORTE DE CIRCULACIÓN,CONCRETO,Bueno,Bueno,2,NISSAN,PLATA,2,,29,MASCULINO,SIN DATOS,0,0,Morelia,Veinte de Noviembre,enero,lunes,14,-101.16693748,19.7207979449991
38662,38668,2022,,2022/01/24,14:30:00,COLISIÓN POR CORTE DE CIRCULACIÓN,ASFALTO,Bueno,Bueno,2,KEEWAY,ROJO,2,,,MASCULINO,SIN DATOS,0,0,Morelia,Del Empleado,enero,lunes,15,-101.18002517,19.6886070099991
38663,38669,2022,LEG41311,2022/01/24,14:57:00,COLISIÓN POR CAMBIO DE CARRIL,ASFALTO,Bueno,Bueno,2,FREIGHTLINER,ROJO,2,,,MASCULINO,SIN DATOS,0,0,Morelia,Centro,enero,lunes,15,-101.18754847,19.7028479949991
38665,38671,2022,LEG41314,2022/01/24,17:39:00,COLISIÓN POR CAMBIO DE CARRIL,ASFALTO,Bueno,Bueno,2,FREIGHTLINER,ROJO,2,,,MASCULINO,SIN DATOS,0,0,Morelia,Centro,enero,lunes,18,-101.18754847,19.7028479949991
38666,38672,2022,,2022/01/24,18:00:00,COLISIÓN POR CORTE DE CIRCULACIÓN,ASFALTO,Bueno,Bueno,2,CHRYSLERT,GRIS,2,,27,FEMENINO,SIN DATOS,0,0,Morelia,Prados Verdes,enero,lunes,18,-101.19940108,19.7184542649991
38667,38673,2022,,2022/01/24,20:00:00,COLISIÓN POR INVASIÓN DE CARRIL,CONCRETO,Bueno,Bueno,2,NISSAN,BLANCO Y MORADO,2,,65,MASCULINO,SIN DATOS,0,0,Morelia,Morelos,enero,lunes,20,-101.20689116,19.6935193749992
38669,38675,2022,,2022/01/24,20:46:00,COLISIÓN POR INVASIÓN DE CARRIL,ASFALTO,Bueno,Bueno,2,CHEVROLET,BLANCO,2,,23,MASCULINO,SIN DATOS,0,0,Morelia,Sin datos,enero,lunes,21,-101.113029979169,19.7368007642167
38670,38676,2022,,2022/01/24,21:20:00,COLISIÓN POR CAMBIO DE CARRIL,ASFALTO,Bueno,Bueno,2,CHEVROLET,BLANCO,2,,33,MASCULINO,ALIENTO ETÍLICO,0,0,Morelia,Centro,enero,lunes,21,-101.195159625,19.7014915399992
38671,38677,2022,MOR 220046067,2022/01/25,"00:00:00",COLISIÓN POR ALCANCE,ASFALTO,Bueno,Bueno,3,CHEVROLET,BLANCO,3,,35,MASCULINO,SIN DATOS,0,0,Morelia,Sin datos,enero,martes,0,-101.294457949698,19.6864138712804
38672,38678,2022,,2022/01/25,"00:01:00",COLISIÓN POR CAMBIO DE CARRIL,ASFALTO,Bueno,Bueno,2,VOLKSWAGEN,BLANCO,2,,32,MASCULINO,SIN DATOS,0,0,Morelia,San Rafael,enero,martes,0,-101.152968146101,19.7007687948401
38673,38679,2022,,2022/01/25,"08:30:00",COLISIÓN POR CORTE DE CIRCULACIÓN,CONCRETO,Bueno,Bueno,2,NISSAN,ARENA,2,,40,FEMENINO,SIN DATOS,0,0,Morelia,Tzindurio de Morelos,enero,martes,9,-101.243359856308,19.6995626405785
38674,38680,2022,,2022/01/25,10:54:00,COLISIÓN POR ALCANCE,ASFALTO,Bueno,Bueno,3,NISSAN,BLANCO,3,,36,MASCULINO,SIN DATOS,0,0,Morelia,Ciudad Industrial,enero,martes,11,-101.137994974852,19.7285872981933
38675,38681,2022,,2022/01/25,14:05:00,COLISIÓN POR CORTE DE CIRCULACIÓN,CONCRETO,Bueno,Bueno,2,VENTO,AZUL,2,,36,MASCULINO,SIN DATOS,0,0,Morelia,Adolfo Lopez Mateos,enero,martes,14,-101.226869635284,19.6943881358382
38676,38682,2022,,2022/01/25,17:50:00,COLISIÓN POR NO RESPETAR SEMÁFORO,ASFALTO,Bueno,Bueno,2,VOLKSWAGEN,AZUL,1,MINISTERIO PÚBLICO,0,MASCULINO,SIN DATOS,0,0,Morelia,Niño Artillero,enero,martes,18,-101.250202537261,19.6986072120946
38677,38683,2022,,2022/01/25,18:40:00,COLISIÓN POR ALCANCE,ASFALTO,Bueno,Bueno,2,CHEVROLET,BLANCA,2,,23,MASCULINO,SIN DATOS,0,0,Morelia,Loma de Los Piñones,enero,martes,19,-101.20506528765,19.6740195319869
38678,38684,2022,,2022/01/25,19:00:00,COLISIÓN CONTRA OBJETO FIJO,ASFALTO,Bueno,Bueno,2,KENWORTH,BLANCO,2,,46,MASCULINO,SIN DATOS,0,0,Morelia,Ana Maria Gallaga (Riviera Norte),enero,martes,19,-101.222264922477,19.677377666966
38679,38685,2022,,2022/01/25,19:30:00,COLISIÓN POR CORTE DE CIRCULACIÓN,ASFALTO,Bueno,Bueno,2,ITALIKA,GRIS,2,MINISTERIO PÚBLICO,52,MASCULINO,SIN DATOS,0,0,Morelia,Loma Larga,enero,martes,20,-101.202679798007,19.6546433022855
38681,38687,2022,,2022/01/26,"09:20:00",SUBIDA AL CAMELLÓN,ASFALTO,Bueno,Bueno,1,VOLKSWAGEN,AZUL,1,,42,FEMENINO,SIN DATOS,0,0,Morelia,Progreso del Sur,enero,miércoles,9,-101.19784196,19.6584584849991
38682,38688,2022,,2022/01/26,10:00:00,COLISIÓN POR CORTE DE CIRCULACIÓN,ASFALTO,Bueno,Bueno,2,HONDA,BLANCO,2,,,FEMENINO,SIN DATOS,0,0,Morelia,Centro,enero,miércoles,10,-101.191184702294,19.6965264087824
38683,38689,2022,,2022/01/26,10:40:00,COLISIÓN POR CORTE DE CIRCULACIÓN,ASFALTO,Bueno,Bueno,2,DINA,AZUL/BLANCO,2,,39,MASCULINO,SIN DATOS,0,0,Peribán,Sin datos,enero,miércoles,11,-102.447186864234,19.5550738909767
38684,38690,2022,,2022/01/26,11:45:00,COLISIÓN POR ALCANCE,ASFALTO,Bueno,Bueno,2,MAN,GRIS Y GUINDA,2,,55,MASCULINO,SIN DATOS,0,0,Morelia,Irrigacion,enero,miércoles,12,-101.22520209,19.7051928999992
38685,38691,2022,,2022/01/26,18:30:00,COLISIÓN CONTRA OBJETO FIJO,ASFALTO,Bueno,Bueno,2,BAJAJ,NEGRO Y AMARILLO,2,,47,MASCULINO,SIN DATOS,0,0,Morelia,Jacarandas,enero,miércoles,19,-101.210060445,19.7081551299991
38686,38692,2022,,2022/01/26,22:30:00,VOLCADURA,ASFALTO,Bueno,Bueno,1,NISSAN,BLANCO,1,,29,MASCULINO,SIN DATOS,0,0,Peribán,Sin datos,enero,miércoles,23,-102.4365217916,19.4481985933073
38687,38693,2022,,2022/01/27,"09:50:00",COLISIÓN CONTRA OBJETO FIJO,ASFALTO,Bueno,Bueno,2,MERCEDEZ BENZ,BLANCO,2,,0,MASCULINO,SIN DATOS,0,0,Morelia,Loma Real,enero,jueves,10,-101.196364711501,19.7288932323917
38688,38694,2022,,2022/01/27,10:30:00,COLISIÓN POR ALCANCE,ASFALTO,Bueno,Bueno,2,CHEVROLET,BLANCO,2,,0,MASCULINO,SIN DATOS,0,0,Morelia,Los Pinos de Michoacan,enero,jueves,11,-101.214964985847,19.6861243356599
38689,38695,2022,,2022/01/27,11:09:00,COLISIÓN POR CAMBIO DE CARRIL,CONCRETO,Bueno,Bueno,2,HONDA,PLATA,2,,69,MASCULINO,SIN DATOS,0,0,Morelia,Juarez,enero,jueves,11,-101.198419444263,19.6933902624842
38690,38696,2022,,2022/01/27,12:00:00,COLISIÓN POR CORTE DE CIRCULACIÓN,CONCRETO,Bueno,Bueno,2,HONDA,AZUL,2,,24,MASCULINO,SIN DATOS,0,0,Morelia,Molino de Parras,enero,jueves,12,-101.205457895994,19.6976650355001
38691,38697,2022,,2022/01/27,12:45:00,COLISIÓN POR CORTE DE CIRCULACIÓN,ASFALTO,Bueno,Bueno,1,INTERNATIONAL,BLANCO,1,,43,MASCULINO,SIN DATOS,0,0,Morelia,Primo Tapia Oriente,enero,jueves,13,-101.158707998693,19.7134546062189
38692,38698,2022,,2022/01/27,13:35:00,COLISIÓN POR CORTE DE CIRCULACIÓN,ASFALTO,Bueno,Bueno,2,GENERAL MOTORS,BLANCO,2,MINISTERIO PÚBLICO,38,MASCULINO,SIN DATOS,0,0,Morelia,Canteras de Morelia,enero,jueves,14,-101.171491102062,19.7147414371365
38693,38699,2022,,2022/01/27,15:00:00,COLISIÓN POR INVASIÓN DE CARRIL,ASFALTO,Bueno,Bueno,2,NISSAN,AZUL,2,,31,MASCULINO,SIN DATOS,0,0,Peribán,Sin datos,enero,jueves,15,-102.442308291793,19.4475751517162
38694,38700,2022,,2022/01/27,16:05:00,COLISIÓN POR CORTE DE CIRCULACIÓN,CONCRETO,Bueno,Bueno,2,CHEVROLET,BLANCO,2,MINISTERIO PÚBLICO,38,MASCULINO,SIN DATOS,0,0,Morelia,Peña Blanca,enero,jueves,16,-101.193177066743,19.6663537443635
38695,38701,2022,,2022/01/27,18:00:00,COLISIÓN POR ALCANCE,ASFALTO,Bueno,Bueno,2,RAM,ROJO,2,,36,MASCULINO,SIN DATOS,0,0,Morelia,Sin datos,enero,jueves,18,-101.282075166034,19.6177474839778
38696,38702,2022,,2022/01/27,18:30:00,COLISIÓN POR CORTE DE CIRCULACIÓN,ASFALTO,Bueno,Bueno,2,TOYOTA,BLANCO/CAFE,2,,29,,SIN DATOS,0,0,Morelia,La Colina,enero,jueves,19,-101.215752183713,19.7053093242932
38697,38703,2022,,2022/01/27,18:50:00,COLISIÓN CON PEATÓN,SIN_DATOS,Bueno,Bueno,2,VOLKSWAGEN,BLANCO,2,MINISTERIO PÚBLICO,27,MASCULINO,SIN DATOS,0,0,Morelia,Loma Real,enero,jueves,19,-101.194657341324,19.7312764131267
38698,38704,2022,,2022/01/27,18:55:00,COLISIÓN POR ALCANCE,ASFALTO,Bueno,Bueno,2,CHEVROLET,GRIS,2,,36,MASCULINO,SIN DATOS,0,0,Morelia,Ignacio Zaragoza,enero,jueves,19,-101.205291629516,19.725470353961
38699,38705,2022,,2022/01/27,20:15:00,COLISIÓN POR CORTE DE CIRCULACIÓN,CONCRETO,Bueno,Regular,1,FORD,VERDE,1,,46,MASCULINO,SIN DATOS,0,0,Morelia,Sin datos,enero,jueves,20,-101.27885182134,19.6528997943676
38700,38706,2022,,2022/01/27,20:30:00,COLISIÓN POR INVASIÓN DE CARRIL,ASFALTO,Bueno,Regular,2,NISSAN,AZUL,0,MINISTERIO PÚBLICO,,,,0,0,Hidalgo,Sin datos,enero,jueves,21,-100.610410527073,19.7048321013768
38701,38707,2022,,2022/01/27,20:40:00,COLISIÓN POR ALCANCE,ASFALTO,Bueno,Bueno,2,FORD,VERDE,1,MINISTERIO PÚBLICO,,,,1,0,Los Reyes,Sin datos,enero,jueves,21,-102.395324707031,19.7769247177431
38702,38708,2022,,2022/01/27,22:30:00,COLISIÓN POR INVASIÓN DE CARRIL,ASFALTO,Bueno,Bueno,2,CHEVROLET,NEGRO,3,,40,MASCULINO,SIN DATOS,1,0,Morelia,Sentimientos de La Nacion,enero,jueves,23,-101.236871226944,19.6848043000865
38703,38709,2022,,2022/01/28,"08:05:00",COLISIÓN POR ALCANCE,CONCRETO,Bueno,Bueno,2,NISSAN,GRIS,2,,34,FEMENINO,SIN DATOS,0,0,Morelia,Sentimientos de La Nacion,enero,viernes,8,-101.236869550563,19.6848039270054
38704,38710,2022,,2022/01/28,10:45:00,COLISIÓN POR CORTE DE CIRCULACIÓN,ASFALTO,Bueno,Bueno,2,ITALIKA,BLANCO,2,,22,MASCULINO,SIN DATOS,0,0,Morelia,Felix Ireta,enero,viernes,11,-101.190857565537,19.6845952606959
38705,38711,2022,,2022/01/28,10:50:00,COLISIÓN CONTRA OBJETO FIJO,ASFALTO,Bueno,Bueno,1,B. M .W,BLANCO,1,MINISTERIO PÚBLICO,,,SIN DATOS,0,0,Tacámbaro,Sin datos,enero,viernes,11,-101.467842310667,19.2959532451296
38706,38712,2022,,2022/01/28,11:00:00,COLISIÓN POR ALCANCE,ASFALTO,Bueno,Bueno,2,ITALIKA,GRIS,2,,24,MASCULINO,SIN DATOS,0,0,Morelia,Jardines de Torremolinos,enero,viernes,11,-101.225730702281,19.6786119808615
38707,38713,2022,,2022/01/28,18:00:00,COLISIÓN POR INVASIÓN DE CARRIL,ASFALTO,Bueno,Bueno,1,DODGE,BLANCO,1,,38,MASCULINO,SIN DATOS,0,0,Morelia,Sin datos,enero,viernes,18,-101.289360746741,19.7040691615737
38708,38714,2022,,2022/01/28,18:50:00,COLISIÓN POR MANIOBRA DE REVERSA,CONCRETO,Bueno,Bueno,2,FORD,BLANCO,2,,47,FEMENINO,SIN DATOS,0,0,Morelia,Arcos del Valle,enero,viernes,19,-101.236247613348,19.7076242555721
38709,38715,2022,,2022/01/28,19:30:00,COLISIÓN POR CAMBIO DE CARRIL,ASFALTO,Bueno,Bueno,2,CHEVROLET,ROJO,2,,26,FEMENINO,SIN DATOS,0,0,Morelia,Melchor Ocampo,enero,viernes,20,-101.200500167906,19.7059027590706
38710,38716,2022,,2022/01/28,19:40:00,COLISIÓN POR ALCANCE,ASFALTO,Bueno,Bueno,2,FORD,GRIS,2,MINISTERIO PÚBLICO,47,FEMENINO,SIN DATOS,0,0,Morelia,Sin datos,enero,viernes,20,-101.276988722384,19.6276754097354
38711,38717,2022,,2022/01/28,19:40:00,COLISIÓN POR CAMBIO DE CARRIL,ASFALTO,Bueno,Bueno,3,FORD,ROJO,2,,,,SIN DATOS,0,0,Morelia,Lazaro Cardenas,enero,viernes,20,-101.160464845598,19.7103973943907
38712,38718,2022,MOR220052059,2022/01/28,19:48:00,COLISIÓN POR CORTE DE CIRCULACIÓN,ASFALTO,Bueno,Bueno,2,RENAULT,BLANCO,2,MINISTERIO PÚBLICO,,MASCULINO,SIN DATOS,0,0,Morelia,Primo Tapia Oriente,enero,viernes,20,-101.159663870931,19.7129726445158
38713,38719,2022,,2022/01/28,20:45:00,CAIDA DE MOTOCICLETA,ASFALTO,Bueno,Bueno,1,ITALIKA,NEGRO,1,,18,MASCULINO,SIN DATOS,0,0,Morelia,Hermanos Lopez Rayon,enero,viernes,21,-101.220242201614,19.6753107553731
38714,38720,2022,,2022/01/29,"04:50:00",COLISIÓN CONTRA OBJETO FIJO,ASFALTO,Bueno,Bueno,1,CHEVROLET,ROJO,0,,,,,0,0,Morelia,Villas del Pedregal,enero,sábado,5,-101.300992146134,19.6759150064738
38715,38721,2022,,2022/01/29,"09:30:00",COLISIÓN CONTRA OBJETO FIJO,ASFALTO,Bueno,Bueno,2,NISSAN,BLANCO,2,,25,MASCULINO,SIN DATOS,0,0,Pátzcuaro,Centro,enero,sábado,10,-101.615730614143,19.5096519994413
38716,38722,2022,,2022/01/29,11:45:00,COLISIÓN POR CAMBIO DE CARRIL,CONCRETO,Bueno,Bueno,2,HYUNDAI,GRIS,2,,34,MASCULINO,SIN DATOS,0,0,Morelia,Centro,enero,sábado,12,-101.202807873487,19.7026978809099
38717,38723,2022,,2022/01/29,11:45:00,SALIDA DE SUPERFICIE DE RODAMIENTO,ASFALTO,Bueno,Bueno,1,VOLKSWAGEN,BLANCO,1,MINISTERIO PÚBLICO,,,SIN DATOS,0,0,Tzitzio,Sin datos,enero,sábado,12,-100.917904272007,19.4962927937279
38718,38724,2022,,2022/01/29,12:50:00,COLISIÓN POR CORTE DE CIRCULACIÓN,ASFALTO,Bueno,Bueno,1,DODGE,AZUL,1,,,,SIN DATOS,0,0,Morelia,Lomas de Morelia (Dr Ignacio Chavez),enero,sábado,13,-101.175873435355,19.7177802027077
38719,38725,2022,LEG41377,2022/01/29,13:03:00,COLISIÓN POR CORTE DE CIRCULACIÓN,ASFALTO,Bueno,Bueno,2,AUDI,ROJO,2,,32,MASCULINO,SIN DATOS,0,0,Morelia,Nueva Chapultepec,enero,sábado,13,-101.164434850216,19.6884158974573
38720,38726,2022,MOR220053307,2022/01/29,13:40:00,COLISIÓN CON PEATÓN,ASFALTO,Bueno,Bueno,1,SEAT,AZUL,5,MINISTERIO PÚBLICO,,,SIN DATOS,3,1,Morelia,Consuelo Alfaro de Vazquez,enero,sábado,14,-101.134846428176,19.7213024840059
38721,38727,2022,,2022/01/29,14:00:00,COLISIÓN POR ALCANCE,ASFALTO,Bueno,Bueno,4,INTERNATIONAL,BLANCO,6,MINISTERIO PÚBLICO,30,MASCULINO,SIN DATOS,4,0,Tangamandapio,Sin datos,enero,sábado,14,-102.384428568184,19.9170739492808
38722,38728,2022,,2022/01/29,15:15:00,COLISIÓN POR CORTE DE CIRCULACIÓN,ASFALTO,Bueno,Bueno,2,FORD,ARENA,3,,52,MASCULINO,SIN DATOS,1,0,Pátzcuaro,Popular Vasco de Quiroga,enero,sábado,15,-101.601698087738,19.5004123975627
38723,38729,2022,,2022/01/29,15:30:00,COLISIÓN POR CORTE DE CIRCULACIÓN,ASFALTO,Bueno,Bueno,2,VENTO,NEGRO,2,,23,MASCULINO,SIN DATOS,0,0,Morelia,Infonavit Colonial Universidad,enero,sábado,16,-101.204136542298,19.6863823033384
38724,38730,2022,,2022/01/29,16:00:00,COLISIÓN POR CORTE DE CIRCULACIÓN,ASFALTO,Lluvioso,Bueno,2,NISSAN,AZUL,2,,39,MASCULINO,SIN DATOS,0,0,Morelia,Jose Ma Pino Suarez,enero,sábado,16,-101.163680814207,19.7242335036645
38725,38731,2022,,2022/01/29,16:33:00,COLISIÓN CONTRA OBJETO FIJO,CONCRETO,Bueno,Bueno,1,FORD,VERDE,1,MINISTERIO PÚBLICO,,MASCULINO,SIN DATOS,0,0,Morelia,Sin datos,enero,sábado,17,-101.435283645988,19.7821001947304
38726,38732,2022,MOR220053732,2022/01/29,16:40:00,COLISIÓN POR ALCANCE,ASFALTO,Bueno,Bueno,1,DINAMO,PLATA/ROJO,1,,18,MASCULINO,SIN DATOS,0,0,Morelia,La Quemada,enero,sábado,17,-101.240152604878,19.7010784873965
38727,38733,2022,,2022/01/29,17:45:00,VOLCADURA,ASFALTO,Bueno,Bueno,1,NISSAN,ROJO,2,MINISTERIO PÚBLICO,,,,2,0,Peribán,Sin datos,enero,sábado,18,-102.445252656258,19.5529912177645
38728,38734,2022,,2022/01/29,18:25:00,SALIDA DE SUPERFICIE DE RODAMIENTO,ASFALTO,Bueno,Bueno,1,NISSAN,PLATA,1,,0,MASCULINO,SIN DATOS,0,0,Huandacareo,Sin datos,enero,sábado,18,-101.249656677246,20.0073064009495
38729,38735,2022,,2022/01/29,19:10:00,COLISIÓN POR ALCANCE,ASFALTO,Lluvioso,Bueno,2,CHEVROLET,AZUL,2,,22,MASCULINO,SIN DATOS,0,0,Morelia,Canteras de Morelia,enero,sábado,19,-101.173450120472,19.7162491635293
38730,38736,2022,MOR220054059,2022/01/29,20:00:00,COLISIÓN POR ALCANCE,ASFALTO,Bueno,Bueno,2,FORD,NEGRO,2,,34,MASCULINO,SIN DATOS,0,0,Morelia,Villas del Real,enero,sábado,20,-101.19904202156,19.7331377284594
38731,38737,2022,,2022/01/29,20:30:00,COLISIÓN POR NO RESPETAR SEMÁFORO,ASFALTO,Bueno,Bueno,2,INTERNATIONAL,BLANCO,2,,35,MASCULINO,SIN DATOS,0,0,Morelia,Morelos,enero,sábado,21,-101.20768211782,19.7006197892225
38732,38738,2022,MOR220054234,2022/01/29,20:35:00,COLISIÓN POR ALCANCE,ASFALTO,Bueno,Bueno,2,TOYOTA,NEGRO,2,,20,MASCULINO,SIN DATOS,0,0,Morelia,Villa Universidad,enero,sábado,21,-101.214000762187,19.6879041867485
38733,38739,2022,,2022/01/29,20:50:00,COLISIÓN CON PEATÓN,SIN_DATOS,Bueno,Bueno,4,ISUZU,BLANCO,4,,39,MASCULINO,SIN DATOS,0,0,Morelia,Union,enero,sábado,21,-101.156346618451,19.7149547984861
38734,38740,2022,,2022/01/29,21:00:00,CAIDA DE MOTOCICLETA,ASFALTO,Bueno,Bueno,1,KARAZAI,ROJO,1,,45,MASCULINO,SIN DATOS,0,0,Tarímbaro,Sin datos,enero,sábado,21,-101.166003912009,19.7611666677893