fid,id_accidente,anio_origen,folio_c5i,dia_incidente,hora_ocurrencia,tipo_incidente_vial,superficie_ocurrencia,condiciones_climaticas,condiciones_via,numero_vehiculos_involucrados,marca_vehiculo_ocasiona_siniestro,color_vehiculo_ocasiona_siniestro,numero_personas_involucradas,lugar_remite_presunto_responsable,edad_presunto_responsable,sexo_presunto_responsable,resultados_toxicologia,numero_personas_lesionadas,numero_personas_fallecidas,municipio,colonia,mes,dia_semana,hora_redondeada,lon,lat
38735,38741,2022,,2022/01/29,21:30:00,COLISIÓN POR INVASIÓN DE CARRIL,ASFALTO,Bueno,Regular,2,CHEVROLET,BLANCO,4,MINISTERIO PÚBLICO,37,MASCULINO,SIN DATOS,3,0,Peribán,Sin datos,enero,sábado,22,-102.459560001521,19.5606576120505
38736,38742,2022,,2022/01/29,22:45:00,COLISIÓN POR ALCANCE,CONCRETO,Bueno,Bueno,1,RENAULT,CAFE,1,,0,,SIN DATOS,0,0,Morelia,Sin datos,enero,sábado,23,-101.1217987,19.69802
38737,38743,2022,,2022/01/29,23:00:00,COLISIÓN POR CORTE DE CIRCULACIÓN,ASFALTO,Bueno,Bueno,2,JEEP,VERDE,0,MINISTERIO PÚBLICO,,,,0,0,Lázaro Cárdenas,5 de Mayo,enero,sábado,23,-102.237048193134,18.0007782576758
38738,38744,2022,,2022/01/30,"00:10:00",COLISIÓN POR INVASIÓN DE CARRIL,ASFALTO,Bueno,Bueno,2,VW,ROJO,2,MINISTERIO PÚBLICO,44,MASCULINO,SIN DATOS,0,0,Los Reyes,Centro,enero,domingo,0,-102.473788,19.589361
38739,38745,2022,,2022/01/30,"00:15:00",COLISIÓN POR CORTE DE CIRCULACIÓN,CONCRETO,Bueno,Bueno,3,NISSAN,GRIS,2,MINISTERIO PÚBLICO,25,MASCULINO,SIN DATOS,0,0,Morelia,5 de Mayo,enero,domingo,0,-101.17543291,19.7031789799992
38741,38747,2022,,2022/01/30,"07:25:00",COLISIÓN CONTRA OBJETO FIJO,CONCRETO,Bueno,Bueno,1,BMW,GRIS,1,,,,SIN DATOS,0,0,Morelia,Barrio Alto,enero,domingo,7,-101.197027347304,19.724862904398
38742,38748,2022,,2022/01/30,12:40:00,COLISIÓN CONTRA OBJETO FIJO,CONCRETO,Bueno,Bueno,1,ITALIKA,AZUL Y NEGRO,0,MINISTERIO PÚBLICO,,,,0,0,Tarímbaro,Centro,enero,domingo,13,-101.176869,19.792979
38743,38749,2022,,2022/01/30,16:45:00,COLISIÓN POR INVASIÓN DE CARRIL,ASFALTO,Bueno,Bueno,2,NISSAN,BLANCO,2,MINISTERIO PÚBLICO,,,SIN DATOS,0,0,Tacámbaro,Sin datos,enero,domingo,17,-101.449005522512,19.1930431821455
38744,38750,2022,,2022/01/30,17:40:00,COLISIÓN POR CAMBIO DE CARRIL,CONCRETO,Bueno,Bueno,2,ITALIKA,BLANCO,2,MINISTERIO PÚBLICO,,,SIN DATOS,0,0,Morelia,Melchor Ocampo,enero,domingo,18,-101.201937888211,19.7065671597378
38746,38752,2022,,2022/01/30,19:10:00,COLISIÓN POR NO RESPETAR SEMÁFORO,ASFALTO,Bueno,Bueno,2,INTERNATIONAL,BLANCO Y NARANJA,2,,21,MASCULINO,SIN DATOS,0,0,Morelia,Morelos,enero,domingo,19,-101.207769851584,19.7008640045595
38747,38753,2022,,2022/01/30,19:35:00,SALIDA DE SUPERFICIE DE RODAMIENTO,ASFALTO,Bueno,Bueno,1,CHEVROLET,BLANCO,0,,,,,0,0,Santa Ana Maya,Sin datos,enero,domingo,20,-101.096320152283,20.0574228348415
38749,38755,2022,MOR220056169,2022/01/30,20:27:00,COLISIÓN CONTRA OBJETO FIJO,ASFALTO,Bueno,Bueno,2,FORD,NEGRO,2,,,MASCULINO,SIN DATOS,0,0,Morelia,Chapultepec Oriente,enero,domingo,20,-101.16508924,19.6904154299992
38751,38757,2022,,2022/01/30,23:56:00,COLISIÓN POR INVASIÓN DE CARRIL,ASFALTO,Bueno,Bueno,2,FORD,VERDE,0,MINISTERIO PÚBLICO,,,,0,0,Morelia,Nueva Valladolid,enero,domingo,0,-101.2082862854,19.7016677770529
38752,38758,2022,,2022/01/31,"00:00:00",COLISIÓN POR ALCANCE,ASFALTO,Bueno,Bueno,2,FORD,ROJO,2,,40,MASCULINO,SIN DATOS,0,0,Morelia,Sin datos,enero,lunes,0,-101.116593,19.739365
38754,38760,2022,,2022/01/31,"03:20:00",COLISIÓN CONTRA OBJETO FIJO,CONCRETO,Bueno,Bueno,1,NISSAN,BLANCO,1,,32,MASCULINO,SIN DATOS,0,0,Morelia,Torreon Nuevo,enero,lunes,3,-101.207644850679,19.7494147681465
38755,38761,2022,MOR220056921,2022/01/31,"08:30:00",COLISIÓN POR NO RESPETAR SEMÁFORO,ASFALTO,Bueno,Bueno,2,YAMAHA,AZUL,2,,53,MASCULINO,SIN DATOS,0,0,Morelia,Mirador del Punhuato,enero,lunes,9,-101.160778023981,19.705257300716
38756,38762,2022,,2022/01/31,"08:30:00",COLISIÓN POR INVASIÓN DE CARRIL,ASFALTO,Bueno,Bueno,2,KIA,BLANCO,3,,36,FEMENINO,SIN DATOS,1,0,Pátzcuaro,Juventino Rosas,enero,lunes,9,-101.613701507449,19.5083386836275
38757,38763,2022,,2022/01/31,"08:56:00",SALIDA DE SUPERFICIE DE RODAMIENTO,ASFALTO,Bueno,Bueno,1,CHEVROLET,PLATA,1,,21,MASCULINO,SIN DATOS,0,0,Morelia,Sin datos,enero,lunes,9,-101.258256540381,19.5372243326147
38758,38764,2022,,2022/01/31,"09:09:00",COLISIÓN POR CORTE DE CIRCULACIÓN,CONCRETO,Bueno,Bueno,2,NISSAN,PLATA,2,,64,MASCULINO,SIN DATOS,0,0,Morelia,Primo Tapia,enero,lunes,9,-101.211846277796,19.7090935703305
38759,38765,2022,,2022/01/31,10:10:00,COLISIÓN POR ALCANCE,ASFALTO,Bueno,Bueno,2,CHEVROLET,PLATA,2,,43,MASCULINO,SIN DATOS,0,0,Morelia,Sentimientos de La Nacion,enero,lunes,10,-101.233273074031,19.6782246516168
38760,38766,2022,,2022/01/31,12:40:00,COLISIÓN POR CORTE DE CIRCULACIÓN,ASFALTO,Bueno,Bueno,2,NISSAN,BLANCO,2,,30,MASCULINO,SIN DATOS,0,0,Morelia,Los Manantiales de Morelia,enero,lunes,13,-101.241695210338,19.6957848553839
38761,38767,2022,,2022/01/31,14:04:00,COLISIÓN POR ALCANCE,ASFALTO,Bueno,Bueno,4,VOLKSWAGEN,PLATA,4,,21,MASCULINO,SIN DATOS,0,0,Charo,San Bartolo,enero,lunes,14,-101.045659258962,19.7527484598226
38762,38768,2022,,2022/01/31,15:15:00,COLISIÓN CONTRA OBJETO FIJO,CONCRETO,Bueno,Bueno,2,VOLKSWAGEN,NEGRO,2,,23,MASCULINO,SIN DATOS,0,0,Morelia,Centro,enero,lunes,15,-101.19258969345,19.6970598621125
38763,38769,2022,,2022/01/31,15:15:00,COLISIÓN POR CORTE DE CIRCULACIÓN,CONCRETO,Bueno,Bueno,2,MERCEDES BENZ,AMARILLO,2,,27,MASCULINO,SIN DATOS,0,0,Morelia,Agustin Arriaga Rivera,enero,lunes,15,-101.225344159387,19.6903992739646
38764,38770,2022,,2022/01/31,16:15:00,COLISIÓN POR ALCANCE,ASFALTO,Bueno,Bueno,2,HONDA,BLANCO,2,,70,MASCULINO,SIN DATOS,0,0,Morelia,Villas del Real,enero,lunes,16,-101.199043393135,19.7331393063952
38765,38771,2022,,2022/01/31,16:20:00,COLISIÓN CON PEATÓN,CONCRETO,Bueno,Bueno,1,ITALIKA,BLANCO,2,,22,,SIN DATOS,1,0,Morelia,Centro,enero,lunes,16,-101.177737905897,19.703255456498
38766,38772,2022,MOR22005637,2022/01/31,17:00:00,COLISIÓN POR CORTE DE CIRCULACIÓN,ASFALTO,Bueno,Bueno,2,KAWASAKI,AZUL,2,,25,MASCULINO,SIN DATOS,0,0,Tarímbaro,Sin datos,enero,lunes,17,-101.13104403019,19.7764995693881
38767,38773,2022,,2022/01/31,17:15:00,COLISIÓN POR CORTE DE CIRCULACIÓN,ASFALTO,Bueno,Bueno,5,GENERAL MOTORS,"GRIS, ROJO  Y AMARILLO",4,MINISTERIO PÚBLICO,46,MASCULINO,SIN DATOS,0,0,Morelia,Indeco El Vivero,enero,lunes,17,-101.231866956435,19.6777113585561
38768,38774,2022,,2022/01/31,17:45:00,COLISIÓN CON PEATÓN,ASFALTO,Bueno,Bueno,1,VOLKSWAGEN,GRIS,1,MINISTERIO PÚBLICO,,,,1,0,Morelia,Morelia 450,enero,lunes,18,-101.214801706374,19.6743860636954
38769,38775,2022,,2022/01/31,18:15:00,COLISIÓN POR CORTE DE CIRCULACIÓN,ASFALTO,Bueno,Bueno,2,JEEP,BLANCO,2,,70,FEMENINO,SIN DATOS,0,0,Morelia,Ventura Puente,enero,lunes,18,-101.185024096205,19.6949539763036
38770,38776,2022,MOR220058119,2022/01/31,18:30:00,COLISIÓN POR ALCANCE,ASFALTO,Bueno,Bueno,3,DODGE,AZUL,3,,43,MASCULINO,SIN DATOS,0,0,Tarímbaro,Sin datos,enero,lunes,19,-101.142256303943,19.7729964613109
38771,38777,2022,,2022/01/31,20:22:00,COLISIÓN POR INVASIÓN DE CARRIL,TERRACERIA,Bueno,Bueno,2,TOYOTA,BLANCO/MORADO,2,,27,MASCULINO,SIN DATOS,0,0,Morelia,Villas Oriente,enero,lunes,20,-101.143918633461,19.7545012068866
38772,38778,2022,,2022/02/01,"08:00:00",COLISIÓN POR CORTE DE CIRCULACIÓN,ASFALTO,Bueno,Bueno,1,CHRYSLER,BLANCO ROJO,2,,40,MASCULINO,SIN DATOS,0,0,Morelia,Leon Guzman,febrero,martes,8,-101.205651617347,19.7276972981651
38773,38779,2022,,2022/02/01,"09:05:00",COLISIÓN POR CAMBIO DE CARRIL,CONCRETO,Bueno,Bueno,2,CHEVROLET,BLANCO,2,,32,MASCULINO,SIN DATOS,0,0,Morelia,Camelinas,febrero,martes,9,-101.174,19.6806
38774,38780,2022,,2022/02/01,10:30:00,COLISIÓN POR CORTE DE CIRCULACIÓN,ASFALTO,Bueno,Bueno,2,NISSAN,BLANCO,2,,40,MASCULINO,SIN DATOS,0,0,Morelia,Eduardo Ruiz,febrero,martes,11,-101.218978555514,19.7196729565452
38775,38781,2022,,2022/02/01,10:35:00,COLISIÓN POR CORTE DE CIRCULACIÓN,ASFALTO,Bueno,Bueno,2,CHEVROLET/TRAX,GRIS,2,,49,MASCULINO,SIN DATOS,0,0,Morelia,Comision Federal de Electricidad,febrero,martes,11,-101.17743801,19.6850626899991
38776,38782,2022,,2022/02/01,11:10:00,COLISIÓN POR CORTE DE CIRCULACIÓN,ASFALTO,Bueno,Bueno,2,CHEVROLET,NEGRO,2,,58,MASCULINO,SIN DATOS,0,0,Pátzcuaro,Centro,febrero,martes,11,-101.610006459736,19.529359961259
38778,38784,2022,,2022/02/01,12:46:00,COLISIÓN POR CORTE DE CIRCULACIÓN,ASFALTO,Bueno,Bueno,2,NISSAN,BLANCO,2,,30,MASCULINO,SIN DATOS,0,0,Morelia,Centro,febrero,martes,13,-101.18218963,19.7028850649992
38779,38785,2022,,2022/02/01,14:40:00,COLISIÓN POR ALCANCE,ASFALTO,Bueno,Bueno,2,NISSAN,ROJO,2,,32,FEMENINO,SIN DATOS,0,0,Morelia,Lomas de Guayangareo,febrero,martes,15,-101.160960056503,19.7026870450485
38780,38786,2022,,2022/02/01,15:45:00,COLISIÓN POR CORTE DE CIRCULACIÓN,ASFALTO,Bueno,Bueno,2,CHEVROLET,AZUL,2,,30,MASCULINO,SIN DATOS,0,0,Morelia,Chapultepec Sur,febrero,martes,16,-101.171449125214,19.6920309500482
38781,38787,2022,,2022/02/01,16:30:00,CAIDA ACUATICA DE VEHÍCULO,ASFALTO,Bueno,Malo,1,KENWOTH,AZUL,0,MINISTERIO PÚBLICO,,,,0,0,Gabriel Zamora,Benito Juarez,febrero,martes,17,-102.052401586152,19.1498044593841
38782,38788,2022,,2022/02/01,16:35:00,COLISIÓN POR CORTE DE CIRCULACIÓN,ASFALTO,Bueno,Bueno,2,NISSAN,BLANCO,2,,,FEMENINO,SIN DATOS,0,0,Morelia,Centro,febrero,martes,17,-101.19118388321,19.702768457823
38783,38789,2022,,2022/02/01,17:35:00,COLISIÓN POR CORTE DE CIRCULACIÓN,ASFALTO,Bueno,Bueno,2,VOLKSWAGEN,NEGRO,2,,,MASCULINO,SIN DATOS,0,0,Morelia,Valle de Las Flores,febrero,martes,18,-101.128637448631,19.6868432520712
38784,38790,2022,,2022/02/02,"00:00:00",COLISIÓN POR ALCANCE,ASFALTO,Bueno,Bueno,2,FORD,GRIS,2,,25,FEMENINO,SIN DATOS,0,0,Morelia,Villas Lomas del Paraiso,febrero,miércoles,0,-101.1755355075,19.673399488507
38785,38791,2022,,2022/02/02,"01:00:00",COLISIÓN POR ALCANCE,ASFALTO,Bueno,Bueno,2,NISSAN,ROJO,2,,36,MASCULINO,CON CERTIFICADO,0,0,Morelia,Sin datos,febrero,miércoles,1,-101.11455884192,19.7372316661679
38786,38792,2022,,2022/02/02,"07:45:00",COLISIÓN CONTRA OBJETO FIJO,ASFALTO,Bueno,Bueno,1,VOLKSWAGEN,BLANCO,0,,,,,0,0,Morelia,Sin datos,febrero,miércoles,8,-101.277978,19.618804
38787,38793,2022,,2022/02/02,"08:45:00",COLISIÓN POR CORTE DE CIRCULACIÓN,CONCRETO,Bueno,Bueno,2,HONDA,ROJO,2,,38,MASCULINO,SIN DATOS,0,0,Morelia,Ignacio Lopez Rayon,febrero,miércoles,9,-101.250591165,19.6897065849991
38788,38794,2022,MOR220061536,2022/02/02,11:10:00,COLISIÓN POR CORTE DE CIRCULACIÓN,ASFALTO,Bueno,Bueno,2,TOYOTA,ARENA,2,,33,MASCULINO,SIN DATOS,0,0,Morelia,Mariano Escobedo,febrero,miércoles,11,-101.209963976659,19.7224278899082
38789,38795,2022,,2022/02/02,14:00:00,COLISIÓN POR MANIOBRA DE REVERSA,ASFALTO,Bueno,Bueno,2,SEAT,ROJA,2,,38,FEMENINO,SIN DATOS,0,0,Morelia,Morelia 450,febrero,miércoles,14,-101.217126846313,19.6755652391051
38790,38796,2022,LEG41451,2022/02/02,14:30:00,COLISIÓN POR CAMBIO DE CARRIL,ASFALTO,Bueno,Bueno,2,INTERNATIONAL,COBRE,2,,33,MASCULINO,SIN DATOS,0,0,Morelia,El Realito,febrero,miércoles,15,-101.204684529178,19.7256926571658
38791,38797,2022,,2022/02/02,17:03:00,COLISIÓN POR CORTE DE CIRCULACIÓN,CONCRETO,Bueno,Bueno,2,NISSAN,PLATA,2,,34,FEMENINO,SIN DATOS,0,0,Morelia,Centro,febrero,miércoles,17,-101.196032613516,19.7030152208916
38792,38798,2022,,2022/02/02,19:19:00,COLISIÓN POR ALCANCE,ASFALTO,Bueno,Bueno,2,FORD,NEGRO,2,,80,MASCULINO,SIN DATOS,0,0,Morelia,Tanganxoan (Guadalupe Victoria),febrero,miércoles,19,-101.285670667208,19.690072926665
38793,38799,2022,,2022/02/02,20:19:00,COLISIÓN CONTRA OBJETO FIJO,ASFALTO,Bueno,Bueno,1,DODGE,GRIS,1,,31,MASCULINO,SIN DATOS,0,0,Morelia,Fray Antonio de Lisboa,febrero,miércoles,20,-101.146849312566,19.6941929981785
38794,38800,2022,,2022/02/03,"08:15:00",COLISIÓN POR INVASIÓN DE CARRIL,CONCRETO,Bueno,Bueno,2,CHEVROLET,BLANCO,2,,27,MASCULINO,SIN DATOS,0,0,Morelia,Jorge Obispo,febrero,jueves,8,-101.23912752,19.7297259599992
38795,38801,2022,,2022/02/03,"08:43:00",COLISIÓN POR CAMBIO DE CARRIL,ASFALTO,Bueno,Bueno,2,CHEVROLET,BLANCO/VERDE,2,,53,MASCULINO,SIN DATOS,0,0,Morelia,Avicola Benito Juarez,febrero,jueves,9,-101.279540173709,19.6913463144564
38796,38802,2022,,2022/02/03,11:00:00,VOLCADURA,ASFALTO,Bueno,Bueno,1,INTERNATIONAL,BLANCO,1,,29,MASCULINO,SIN DATOS,0,0,Tancítaro,Sin datos,febrero,jueves,11,-102.417702102517,19.4385849623256
38797,38803,2022,,2022/02/03,14:45:00,COLISIÓN POR CORTE DE CIRCULACIÓN,ASFALTO,Bueno,Bueno,2,FORD,ROJO,2,MINISTERIO PÚBLICO,38,MASCULINO,SIN DATOS,0,0,Morelia,Ventura Puente,febrero,jueves,15,-101.190701022076,19.6929868126076
38798,38804,2022,,2022/02/03,15:00:00,COLISIÓN POR INVASIÓN DE CARRIL,ASFALTO,Bueno,Bueno,2,FORD,BLANCA,2,,20,MASCULINO,SIN DATOS,0,0,Morelia,Sin datos,febrero,jueves,15,-101.284808702767,19.5935710413488
38799,38805,2022,,2022/02/03,16:00:00,COLISIÓN POR CORTE DE CIRCULACIÓN,CONCRETO,Bueno,Bueno,2,ITALIKA,ROJO/NEGRO,3,,31,MASCULINO,SIN DATOS,1,0,Morelia,Chapultepec Sur,febrero,jueves,16,-101.171968474306,19.6918542261404
38800,38806,2022,MOR220061689,2022/02/03,16:30:00,COLISIÓN POR CORTE DE CIRCULACIÓN,ASFALTO,Bueno,Bueno,2,CHEVROLET,BLANCO,2,,46,MASCULINO,SIN DATOS,0,0,Morelia,La Aldea,febrero,jueves,17,-101.133764082915,19.7401391017153
38801,38807,2022,,2022/02/03,17:50:00,COLISIÓN POR CORTE DE CIRCULACIÓN,ASFALTO,Bueno,Bueno,2,ITALIKA,VERDE,4,,27,MASCULINO,SIN DATOS,2,0,Peribán,Sin datos,febrero,jueves,18,-102.445695281697,19.5534758713646
38802,38808,2022,,2022/02/03,18:00:00,VOLCADURA,ASFALTO,Bueno,Bueno,1,FORD,GRIS,1,,36,MASCULINO,SIN DATOS,0,0,Charo,De Santiago,febrero,jueves,18,-101.044372,19.745476
38803,38809,2022,,2022/02/03,18:00:00,COLISIÓN POR ALCANCE,ASFALTO,Bueno,Bueno,2,FIAT,GRIS,2,,60,MASCULINO,SIN DATOS,0,0,Morelia,Ana Maria Gallaga (Riviera Norte),febrero,jueves,18,-101.221838451244,19.6768040154308
38805,38811,2022,,2022/02/03,20:10:00,COLISIÓN CON PEATÓN,ASFALTO,Bueno,Regular,6,FREIGHTLINER,BLANCO,5,MINISTERIO PÚBLICO,0,,SIN DATOS,0,0,Morelia,Fray Antonio de Lisboa,febrero,jueves,20,-101.146946176887,19.6942460297399
38807,38813,2022,MOR220066232,2022/02/04,"00:00:00",COLISIÓN POR CORTE DE CIRCULACIÓN,ASFALTO,Bueno,Bueno,3,VOLKSWAGEN,BLANCO,4,,27,MASCULINO,SIN DATOS,1,0,Morelia,Guadalupe,febrero,viernes,0,-101.227030263029,19.7087675193984
38808,38814,2022,,2022/02/04,"08:20:00",COLISIÓN POR CORTE DE CIRCULACIÓN,CONCRETO,Bueno,Bueno,2,ITALIKA,BLANCO/GRIS,2,,22,MASCULINO,SIN DATOS,0,0,Morelia,Alberto Oviedo Mota,febrero,viernes,8,-101.197557144545,19.6811262116334
38809,38815,2022,,2022/02/04,"09:47:00",COLISIÓN POR CORTE DE CIRCULACIÓN,CONCRETO,Bueno,Bueno,2,KIA,BLANCO,2,,37,MASCULINO,SIN DATOS,0,0,Morelia,Rey Tariacuri (Eucaliptos),febrero,viernes,10,-101.198869049549,19.67778526023
38810,38816,2022,,2022/02/04,10:15:00,COLISIÓN CON PEATÓN,SIN_DATOS,Bueno,Bueno,2,NISSAN,GRIS,2,,49,FEMENINO,SIN DATOS,0,0,Morelia,Industrial,febrero,viernes,10,-101.197897657152,19.7068991570265
38811,38817,2022,MOR220065184,2022/02/04,13:00:00,COLISIÓN POR ALCANCE,ASFALTO,Bueno,Bueno,2,VOLKSWAGEN,PLATA,2,,27,MASCULINO,ALIENTO ETÍLICO,0,0,Morelia,Vasco de Quiroga,febrero,viernes,13,-101.178120516919,19.6991299651794
38812,38818,2022,MOR220065474,2022/02/04,14:15:00,COLISIÓN POR CAMBIO DE CARRIL,ASFALTO,Bueno,Bueno,3,FORD,BLANCO/ROSA,3,,45,MASCULINO,SIN DATOS,0,0,Morelia,Las Americas,febrero,viernes,14,-101.156516664408,19.6876728531309
38813,38819,2022,,2022/02/04,14:50:00,COLISIÓN POR CAMBIO DE CARRIL,ASFALTO,Bueno,Bueno,2,NISSAN,GUINDA,5,MINISTERIO PÚBLICO,,,SIN DATOS,4,0,Hidalgo,Sin datos,febrero,viernes,15,-100.590730732813,19.6997268663836
38814,38820,2022,,2022/02/04,14:55:00,COLISIÓN POR CORTE DE CIRCULACIÓN,ASFALTO,Bueno,Bueno,2,TOYOTA,NEGRO,2,,70,FEMENINO,SIN DATOS,0,0,Morelia,Gertrudis Bocanegra,febrero,viernes,15,-101.212685443461,19.7020061240569
38815,38821,2022,MOR220065500,2022/02/04,15:15:00,COLISIÓN POR CAMBIO DE CARRIL,ASFALTO,Bueno,Bueno,2,BAJAJ,NARANJA,2,MINISTERIO PÚBLICO,16,MASCULINO,SIN DATOS,0,0,Morelia,Felix Ireta,febrero,viernes,15,-101.190804317594,19.6884342927085
38816,38822,2022,LEG41479,2022/02/04,17:20:00,COLISIÓN POR CORTE DE CIRCULACIÓN,ASFALTO,Bueno,Bueno,2,FORD,BLANCO,2,,37,MASCULINO,SIN DATOS,0,0,Morelia,Peña Blanca,febrero,viernes,17,-101.194521219206,19.6679724270585
38817,38823,2022,,2022/02/04,18:05:00,COLISIÓN POR CAMBIO DE CARRIL,ASFALTO,Bueno,Bueno,2,FORD,NEGRO,2,,,MASCULINO,SIN DATOS,0,0,Morelia,Del Empleado,febrero,viernes,18,-101.179854839372,19.6899766466227
38818,38824,2022,,2022/02/04,18:14:00,COLISIÓN POR INVASIÓN DE CARRIL,ASFALTO,Bueno,Bueno,2,FREIGHTLINER,Blanco,2,,33,MASCULINO,SIN DATOS,0,0,Morelia,Elias Perez Avalos,febrero,viernes,18,-101.165461686989,19.7104252954103
38819,38825,2022,,2022/02/04,20:00:00,COLISIÓN CON PEATÓN,ASFALTO,Bueno,Bueno,1,NISSAN,BLANCO,2,,38,MASCULINO,SIN DATOS,0,0,Morelia,Cosmos,febrero,viernes,20,-101.215746605972,19.6847441768536
38820,38826,2022,MOR 220066424,2022/02/04,23:35:00,COLISIÓN CONTRA OBJETO FIJO,ASFALTO,Bueno,Bueno,1,CHEVROLET,AZUL,0,,,,,0,0,Morelia,El Eden,febrero,viernes,0,-101.249622814357,19.6460375815666
38821,38827,2022,,2022/02/05,"03:10:00",COLISIÓN POR NO RESPETAR SEMÁFORO,CONCRETO,Bueno,Bueno,2,MAZDA,AZUL,2,,39,MASCULINO,SIN DATOS,0,0,Morelia,Lindavista,febrero,sábado,3,-101.216176643289,19.7038801190602
38822,38828,2022,,2022/02/05,"07:01:00",SUBIDA AL CAMELLÓN,ASFALTO,Bueno,Bueno,1,CHEVROLET,BLANCO,1,,43,MASCULINO,SIN DATOS,0,0,Morelia,Articulo Constitucional,febrero,sábado,7,-101.171156496488,19.7141878325436
38823,38829,2022,,2022/02/05,10:47:00,COLISIÓN POR ALCANCE,ASFALTO,Bueno,Bueno,2,YAMAHA,NEGRO/GRIS,2,MINISTERIO PÚBLICO,,,,2,0,Huandacareo,Sin datos,febrero,sábado,11,-101.320193745196,19.9915122155873
38824,38830,2022,,2022/02/05,11:50:00,COLISIÓN CONTRA OBJETO FIJO,ASFALTO,Bueno,Bueno,1,KEENWORTH,BLANCO,1,,37,MASCULINO,SIN DATOS,0,0,Morelia,Bosques de Oriente,febrero,sábado,12,-101.155452497982,19.7156062719057
38825,38831,2022,,2022/02/05,15:00:00,COLISIÓN POR CORTE DE CIRCULACIÓN,ASFALTO,Bueno,Bueno,2,NISSAN,BLANCO,0,MINISTERIO PÚBLICO,,,,0,0,Lázaro Cárdenas,Jose Green,febrero,sábado,15,-102.201031520963,17.9652351874219
38826,38832,2022,,2022/02/05,17:00:00,COLISIÓN POR ALCANCE,ASFALTO,Bueno,Regular,2,VOLKSWAGEN,BLANCO,2,,24,MASCULINO,SIN DATOS,0,0,Morelia,Primo Tapia Oriente,febrero,sábado,17,-101.156896166503,19.7146508244699
38827,38833,2022,,2022/02/05,20:25:00,COLISIÓN POR ALCANCE,ASFALTO,Bueno,Bueno,2,DODGE,ROJO,2,,,MASCULINO,SIN DATOS,0,0,Morelia,Lomas de Guayangareo,febrero,sábado,20,-101.161318824373,19.7052177880416
38828,38834,2022,,2022/02/05,20:50:00,COLISIÓN POR ALCANCE,CONCRETO,Bueno,Bueno,2,CASE,AMARILLO,2,,52,MASCULINO,SIN DATOS,0,0,Morelia,Rey Tariacuri (Eucaliptos),febrero,sábado,21,-101.200143190273,19.680191967979
38829,38835,2022,,2022/02/05,21:35:00,COLISIÓN POR INVASIÓN DE CARRIL,ASFALTO,Bueno,Bueno,2,MERCEDES BENZ,BLANCO,2,,19,MASCULINO,SIN DATOS,0,0,Morelia,Consuelo Alfaro de Vazquez,febrero,sábado,22,-101.137272089042,19.7288538619672
38830,38836,2022,,2022/02/05,22:15:00,COLISIÓN POR CAMBIO DE CARRIL,ASFALTO,Bueno,Bueno,2,VOLKSWAGEN,BLANCO,2,,25,MASCULINO,ALIENTO ETÍLICO,0,0,Morelia,Tzindurio Norte,febrero,sábado,22,-101.244810626589,19.7038233316562
38831,38837,2022,,2022/02/05,23:40:00,COLISIÓN POR ALCANCE,ASFALTO,Bueno,Bueno,2,SUZUKI,AZUL,2,,29,MASCULINO,SIN DATOS,0,0,Morelia,Irrigacion,febrero,sábado,0,-101.225084289908,19.7047159446867
38832,38838,2022,,2022/02/06,"00:01:00",COLISIÓN POR CAMBIO DE CARRIL,ASFALTO,Bueno,Bueno,2,CHEVROLET,BLANCO,2,,25,MASCULINO,SIN DATOS,0,0,Morelia,Arcos del Valle,febrero,domingo,0,-101.236246638,19.7076210704917
38833,38839,2022,,2022/02/06,"00:20:00",SUBIDA AL CAMELLÓN,ASFALTO,Bueno,Bueno,1,VOLKSWAGEN,ROJO,1,,,MASCULINO,SIN DATOS,0,0,Morelia,Reforma,febrero,domingo,0,-101.242340982639,19.7056629004624
38834,38840,2022,,2022/02/06,"05:20:00",COLISIÓN CONTRA OBJETO FIJO,ASFALTO,Bueno,Bueno,1,PONTIAC,GRIS,1,MINISTERIO PÚBLICO,,,SIN DATOS,0,0,Morelia,Melchor Ocampo,febrero,domingo,5,-101.200991682708,19.7061929189293
38835,38841,2022,,2022/02/06,"07:20:00",COLISIÓN POR ALCANCE,ASFALTO,Bueno,Bueno,1,VOLKSWAGEN,GRIS,2,,35,MASCULINO,SIN DATOS,0,0,Morelia,Morelos,febrero,domingo,7,-101.210482709788,19.6955093405559
38836,38842,2022,,2022/02/06,"08:00:00",COLISIÓN CONTRA OBJETO FIJO,ASFALTO,Bueno,Regular,1,HYUNDAI,GRIS,0,,,,,0,0,Morelia,Felix Ireta,febrero,domingo,8,-101.182097196579,19.683139295525
38837,38843,2022,,2022/02/06,"08:10:00",COLISIÓN POR CORTE DE CIRCULACIÓN,ASFALTO,Bueno,Bueno,2,CHEVROLET,AZUL,2,,29,MASCULINO,SIN DATOS,0,0,Morelia,Isaac Arriaga,febrero,domingo,8,-101.170481189407,19.7081157024816
38838,38844,2022,MOR220068920,2022/02/06,10:10:00,COLISIÓN POR CORTE DE CIRCULACIÓN,ASFALTO,Bueno,Bueno,2,HONDA,BLANCO,2,,42,MASCULINO,SIN DATOS,0,0,Morelia,Chapultepec Sur,febrero,domingo,10,-101.174610511147,19.6923699705182
38839,38845,2022,,2022/02/06,12:50:00,COLISIÓN POR CORTE DE CIRCULACIÓN,ASFALTO,Bueno,Bueno,2,ITALIKA,AZUL,2,,25,MASCULINO,SIN DATOS,0,0,Morelia,Villas del Pedregal,febrero,domingo,13,-101.304505809463,19.6876081393519