fid,id_accidente,anio_origen,folio_c5i,dia_incidente,hora_ocurrencia,tipo_incidente_vial,superficie_ocurrencia,condiciones_climaticas,condiciones_via,numero_vehiculos_involucrados,marca_vehiculo_ocasiona_siniestro,color_vehiculo_ocasiona_siniestro,numero_personas_involucradas,lugar_remite_presunto_responsable,edad_presunto_responsable,sexo_presunto_responsable,resultados_toxicologia,numero_personas_lesionadas,numero_personas_fallecidas,municipio,colonia,mes,dia_semana,hora_redondeada,lon,lat
38840,38846,2022,,2022/02/06,14:00:00,COLISIÓN POR CAMBIO DE CARRIL,ASFALTO,Bueno,Bueno,1,NISSAN,AZUL,0,,,,,0,0,Morelia,Sin datos,febrero,domingo,14,-101.284478090025,19.6903153914101
38841,38847,2022,,2022/02/06,15:48:00,COLISIÓN POR ALCANCE,ASFALTO,Bueno,Bueno,2,VOLKSWAGEN,BLANCO,2,,42,MASCULINO,SIN DATOS,0,0,Morelia,Villas del Pedregal,febrero,domingo,16,-101.304506845772,19.6876071349233
38842,38848,2022,LEG41512,2022/02/06,18:30:00,COLISIÓN POR ALCANCE,ASFALTO,Bueno,Bueno,2,HONDA,ROJO,2,,32,MASCULINO,SIN DATOS,0,0,Morelia,San Pascual,febrero,domingo,19,-101.267328441821,19.6952533389112
38843,38849,2022,,2022/02/06,19:05:00,COLISIÓN POR CORTE DE CIRCULACIÓN,ASFALTO,Bueno,Bueno,2,TOYOTA,BLANCO/NARANJA,2,MINISTERIO PÚBLICO,41,MASCULINO,SIN DATOS,0,0,Morelia,Morelos,febrero,domingo,19,-101.185368851505,19.7240217327254
38844,38850,2022,,2022/02/06,20:30:00,COLISIÓN POR CORTE DE CIRCULACIÓN,ASFALTO,Bueno,Bueno,2,HONDA,CAFÉ,2,,46,MASCULINO,SIN DATOS,0,0,Morelia,Sin datos,febrero,domingo,21,-101.339425214313,19.6856452475227
38845,38851,2022,,2022/02/06,21:15:00,CAIDA DE MOTOCICLETA,ASFALTO,Bueno,Bueno,1,KTM,BLANCO Y ROJO,1,,0,MASCULINO,SIN DATOS,0,0,Charo,Sin datos,febrero,domingo,21,-101.079730049454,19.686726422269
38846,38852,2022,,2022/02/06,22:45:00,COLISIÓN CONTRA OBJETO FIJO,ASFALTO,Bueno,Bueno,1,ITALIKA,ROJO,2,MINISTERIO PÚBLICO,19,MASCULINO,SIN DATOS,0,1,Copándaro,Centro,febrero,domingo,23,-101.212086609818,19.8888773668662
38847,38853,2022,,2022/02/06,23:00:00,VOLCADURA,SIN_DATOS,Bueno,Bueno,1,CHEVROLET,BLANCO,0,MINISTERIO PÚBLICO,,,,0,0,Lázaro Cárdenas,El Sembrador,febrero,domingo,23,-102.206363417208,17.9719166599724
38848,38854,2022,MOR220070658,2022/02/07,"06:08:00",VOLCADURA,ASFALTO,Bueno,Bueno,1,NISSAN,BLANCO,1,,30,MASCULINO,SIN DATOS,0,0,Morelia,San Pascual,febrero,lunes,6,-101.267323717475,19.6952533102234
38849,38855,2022,,2022/02/07,"08:30:00",COLISIÓN POR CORTE DE CIRCULACIÓN,ASFALTO,Bueno,Bueno,1,NISSAN,NEGRO,1,,26,MASCULINO,SIN DATOS,0,0,Morelia,Fidel Velazquez,febrero,lunes,9,-101.2361285,19.7061695
38850,38856,2022,,2022/02/07,"09:00:00",COLISIÓN POR CORTE DE CIRCULACIÓN,ASFALTO,Bueno,Bueno,2,FORD,ROJO,2,,,MASCULINO,SIN DATOS,0,0,Morelia,Centro,febrero,lunes,9,-101.201579004442,19.6989491744242
38851,38857,2022,,2022/02/07,11:10:00,COLISIÓN POR CAMBIO DE CARRIL,CONCRETO,Bueno,Bueno,2,NISSAN/URVAN,BLANCO NARANJA,2,,47,MASCULINO,SIN DATOS,0,0,Morelia,Torrecillas,febrero,lunes,11,-101.180811,19.6698725
38852,38858,2022,,2022/02/07,12:15:00,COLISIÓN CON PEATÓN,ASFALTO,Bueno,Bueno,1,FORD,BLANCO,1,,0,MASCULINO,SIN DATOS,0,0,Copándaro,Centro,febrero,lunes,12,-101.206127076663,19.8860111744842
38853,38859,2022,,2022/02/07,14:00:00,COLISIÓN POR CORTE DE CIRCULACIÓN,ASFALTO,Bueno,Bueno,2,ITALIKA,NARANJA,2,,15,MASCULINO,SIN DATOS,1,0,Peribán,Sin datos,febrero,lunes,14,-102.449184805155,19.5571362888392
38854,38860,2022,,2022/02/07,14:15:00,COLISIÓN CONTRA OBJETO FIJO,ASFALTO,Bueno,Bueno,1,CHEVROLET,ROJO Y BLANCO,0,MINISTERIO PÚBLICO,,,,0,0,Morelia,La Aldea,febrero,lunes,14,-101.135663645255,19.7450724546328
38855,38861,2022,,2022/02/07,15:45:00,COLISIÓN POR ALCANCE,ASFALTO,Bueno,Bueno,2,CHEVROLET,GRIS,2,,70,MASCULINO,SIN DATOS,0,0,Morelia,Santa Maria,febrero,lunes,16,-101.200954146074,19.6778661944957
38856,38862,2022,,2022/02/07,16:47:00,COLISIÓN POR MANIOBRA DE REVERSA,ASFALTO,Bueno,Bueno,2,FORD,GUINDA,1,,47,MASCULINO,SIN DATOS,0,0,Morelia,Ventura Puente,febrero,lunes,17,-101.187886795,19.6936008749991
38858,38864,2022,,2022/02/07,20:30:00,COLISIÓN CONTRA OBJETO FIJO,ASFALTO,Bueno,Bueno,1,NISSAN,BLANCO,0,,,,,0,0,Morelia,Santiaguito,febrero,lunes,21,-101.191834108722,19.7181820570845
38859,38865,2022,,2022/02/07,20:40:00,COLISIÓN CONTRA OBJETO FIJO,ASFALTO,Bueno,Bueno,1,HYUNDAI CRETA,ROJO,1,,71,MASCULINO,SIN DATOS,0,0,Morelia,Dr Miguel Silva,febrero,lunes,21,-101.187927793444,19.7204887484457
38860,38866,2022,,2022/02/07,21:00:00,COLISIÓN POR CAMBIO DE CARRIL,ASFALTO,Bueno,Bueno,2,NISSAN,BLANCO Y ROJO,2,,51,MASCULINO,SIN DATOS,0,0,Morelia,Vicente Guerrero,febrero,lunes,21,-101.227650662298,19.7029463396077
38861,38867,2022,,2022/02/07,21:35:00,COLISIÓN POR CORTE DE CIRCULACIÓN,ASFALTO,Bueno,Bueno,1,ITALIKA,ROJO,1,MINISTERIO PÚBLICO,,,SIN DATOS,0,0,Tacámbaro,Sin datos,febrero,lunes,22,-101.46101038903,19.2608272626625
38863,38869,2022,,2022/02/07,23:13:00,COLISIÓN POR MANIOBRA DE REVERSA,ASFALTO,Bueno,Bueno,2,FORD,BLANCO,1,MINISTERIO PÚBLICO,0,MASCULINO,SIN DATOS,0,0,Morelia,Union,febrero,lunes,23,-101.155096739531,19.7061413834527
38864,38870,2022,,2022/02/08,"00:00:00",COLISIÓN POR CAMBIO DE CARRIL,ASFALTO,Bueno,Bueno,2,FORD,AZUL,2,,30,MASCULINO,SIN DATOS,0,0,Morelia,Irrigacion,febrero,martes,0,-101.225104375995,19.7045780372034
38865,38871,2022,,2022/02/08,"01:00:00",COLISIÓN CONTRA OBJETO FIJO,ASFALTO,Bueno,Bueno,1,CHRYSLER,NEGRO,0,MINISTERIO PÚBLICO,,,,0,0,Lázaro Cárdenas,600 Casas,febrero,martes,1,-102.217244163834,17.967064614695
38866,38872,2022,,2022/02/08,"07:55:00",COLISIÓN POR CORTE DE CIRCULACIÓN,ASFALTO,Bueno,Bueno,2,SIN DATOS,GRIS,1,MINISTERIO PÚBLICO,49,FEMENINO,SIN DATOS,0,0,Morelia,Jacarandas,febrero,martes,8,-101.210576762774,19.7076974518136
38867,38873,2022,,2022/02/08,"07:57:00",COLISIÓN POR ALCANCE,ASFALTO,Bueno,Bueno,4,NISSAN,ROJO,7,,30,MASCULINO,SIN DATOS,3,0,Morelia,El Realito,febrero,martes,8,-101.204570724882,19.7256900417199
38868,38874,2022,MOR220072339,2022/02/08,"08:39:00",CAIDA DE MOTOCICLETA,ASFALTO,Bueno,Bueno,1,HONDA,NEGRO,1,MINISTERIO PÚBLICO,,,,1,0,Morelia,El Lago 3,febrero,martes,9,-101.219316168941,19.7272532102384
38869,38875,2022,,2022/02/08,"09:30:00",COLISIÓN POR CAMBIO DE CARRIL,ASFALTO,Bueno,Bueno,2,FORD,BLANCA,2,MINISTERIO PÚBLICO,38,FEMENINO,SIN DATOS,0,0,Morelia,Cumbres de Morelia,febrero,martes,10,-101.136906615417,19.6898799855315
38870,38876,2022,,2022/02/08,10:45:00,COLISIÓN POR CAMBIO DE CARRIL,ASFALTO,Bueno,Bueno,2,TOYOTA,ROJO,2,,21,FEMENINO,SIN DATOS,0,0,Morelia,Enrique Ramirez,febrero,martes,11,-101.165651847052,19.7086881668769
38871,38877,2022,,2022/02/08,11:05:00,COLISIÓN POR CORTE DE CIRCULACIÓN,CONCRETO,Bueno,Bueno,2,MERCEDES BENZ,BLANCO,2,,33,MASCULINO,SIN DATOS,0,0,Morelia,Cuauhtemoc,febrero,martes,11,-101.187109544195,19.6956371546968
38872,38878,2022,MOR220072580,2022/02/08,11:20:00,COLISIÓN CONTRA OBJETO FIJO,ASFALTO,Bueno,Bueno,1,SHACMAN,BLANCO,0,,,,,0,0,Morelia,Reforma,febrero,martes,11,-101.24237883836,19.7056417237899
38873,38879,2022,MOR2220897212,2022/02/08,12:00:00,SALIDA DE SUPERFICIE DE RODAMIENTO,ASFALTO,Bueno,Bueno,1,VOLKSWAGEN,BLANCO,1,,24,MASCULINO,SIN DATOS,0,0,Lagunillas,El Pedregal,febrero,martes,12,-101.415518783033,19.5591838403698
38874,38880,2022,,2022/02/08,12:20:00,COLISIÓN POR CORTE DE CIRCULACIÓN,ASFALTO,Bueno,Bueno,2,FORD,AZUL,2,,26,MASCULINO,SIN DATOS,0,0,Morelia,Morelos,febrero,martes,12,-101.210467896677,19.6955248079664
38875,38881,2022,MOR2200,2022/02/08,13:03:00,COLISIÓN POR CORTE DE CIRCULACIÓN,ASFALTO,Bueno,Bueno,1,VOLKSWAGEN,ROJO,2,,0,FEMENINO,SIN DATOS,1,0,Morelia,Adolfo Lopez Mateos,febrero,martes,13,-101.221133396029,19.6969654515269
38876,38882,2022,,2022/02/08,14:05:00,COLISIÓN POR CAMBIO DE CARRIL,ASFALTO,Bueno,Bueno,2,VOLKSWAGEN,GRIS,2,,57,MASCULINO,SIN DATOS,0,0,Morelia,San Pascual,febrero,martes,14,-101.267326430165,19.6952536832706
38877,38883,2022,,2022/02/08,14:50:00,COLISIÓN POR ALCANCE,ASFALTO,Bueno,Bueno,2,MITSUBISHI,BLANCO,2,,72,,SIN DATOS,0,0,Morelia,Los Manantiales de Morelia,febrero,martes,15,-101.240274614908,19.6927362306525
38878,38884,2022,,2022/02/08,15:45:00,COLISIÓN POR ALCANCE,ASFALTO,Bueno,Bueno,2,ITALIKA,NEGRO Y AMARILLO,2,MINISTERIO PÚBLICO,27,MASCULINO,SIN DATOS,0,0,Morelia,Cinco de Diciembre,febrero,martes,16,-101.160804419353,19.6879433880114
38879,38885,2022,,2022/02/08,19:21:00,COLISIÓN POR ALCANCE,ASFALTO,Bueno,Bueno,3,NISSAN,ROJO,3,,34,MASCULINO,SIN DATOS,0,0,Morelia,Arcos del Valle,febrero,martes,19,-101.236250661314,19.7076239399249
38880,38886,2022,,2022/02/08,19:23:00,COLISIÓN POR MANIOBRA DE REVERSA,ASFALTO,Bueno,Bueno,2,DODGE,AZUL,2,,,MASCULINO,SIN DATOS,0,0,Morelia,Obrera,febrero,martes,19,-101.181558014483,19.7081605016678
38881,38887,2022,,2022/02/09,"03:00:00",COLISIÓN CONTRA OBJETO FIJO,ASFALTO,Bueno,Bueno,1,MAZDA,NEGRO,0,MINISTERIO PÚBLICO,,,,0,0,Lázaro Cárdenas,Pie de Casa,febrero,miércoles,3,-102.22383468666,17.9676492051747
38882,38888,2022,,2022/02/09,"07:00:00",COLISIÓN POR ALCANCE,CONCRETO,Bueno,Bueno,2,NISSAN,BLANCO,2,,26,MASCULINO,SIN DATOS,0,0,Morelia,Centro,febrero,miércoles,7,-101.179312185,19.7035132699991
38883,38889,2022,,2022/02/09,"07:15:00",COLISIÓN POR NO RESPETAR SEMÁFORO,ASFALTO,Bueno,Bueno,2,CHEVROLET,NEGRO,2,,62,FEMENINO,SIN DATOS,0,0,Morelia,Nueva Valladolid,febrero,miércoles,7,-101.211483945359,19.6992598320994
38884,38890,2022,,2022/02/09,"07:40:00",COLISIÓN CONTRA OBJETO FIJO,ASFALTO,Bueno,Bueno,1,NISSAN,BLANCO,0,,,,,0,0,Morelia,Arboledas de La Huerta,febrero,miércoles,8,-101.223548145,19.6683762899991
38885,38891,2022,,2022/02/09,"08:30:00",COLISIÓN CON PEATÓN,ADOQUIN_EMPEDRADO,Lluvioso,Bueno,1,BMW,BLANCO,1,,32,MASCULINO,ALIENTO ETÍLICO,0,0,Morelia,Rinconada del Valle,febrero,miércoles,9,-101.218439482831,19.6786956686432
38886,38892,2022,,2022/02/09,"09:00:00",COLISIÓN POR CAMBIO DE CARRIL,ASFALTO,Bueno,Bueno,2,RENAULT,BEIGE,2,,21,FEMENINO,SIN DATOS,0,0,Morelia,Alberto Oviedo Mota,febrero,miércoles,9,-101.202088293768,19.6773343087729
38887,38893,2022,,2022/02/09,"09:00:00",COLISIÓN POR CAMBIO DE CARRIL,ASFALTO,Bueno,Bueno,2,FORD,ARENA,1,,55,MASCULINO,SIN DATOS,0,0,Morelia,Canteras de Morelia,febrero,miércoles,9,-101.171659745954,19.7148692072187
38888,38894,2022,,2022/02/09,13:40:00,COLISIÓN POR ALCANCE,CONCRETO,Bueno,Bueno,3,NISSAN,ROJO,3,MINISTERIO PÚBLICO,,,SIN DATOS,0,0,Morelia,Vasco de Quiroga,febrero,miércoles,14,-101.16716515,19.6992678299991
38889,38895,2022,,2022/02/09,13:40:00,COLISIÓN POR CAMBIO DE CARRIL,CONCRETO,Bueno,Bueno,2,JEEP,ROJO,2,,81,FEMENINO,SIN DATOS,0,0,Morelia,Nueva Chapultepec,febrero,miércoles,14,-101.17081558,19.6897813199992
38890,38896,2022,,2022/02/09,14:00:00,COLISIÓN POR CORTE DE CIRCULACIÓN,ASFALTO,Bueno,Bueno,2,VOLKSWAGEN,AZUL MARINO,2,,28,MASCULINO,CON CERTIFICADO,0,0,Morelia,Comision Federal de Electricidad,febrero,miércoles,14,-101.181304370054,19.681701101233
38891,38897,2022,,2022/02/09,14:30:00,COLISIÓN POR ALCANCE,ASFALTO,Bueno,Bueno,2,VOLKSWAGEN,ROJO,2,,35,MASCULINO,SIN DATOS,0,0,Morelia,Cuauhtemoc,febrero,miércoles,15,-101.18200045,19.6990199049992
38892,38898,2022,,2022/02/09,17:15:00,COLISIÓN POR CAMBIO DE CARRIL,CONCRETO,Bueno,Bueno,2,VOLKSWAGEN /GOL,BLANCO,2,,45,FEMENINO,SIN DATOS,0,0,Morelia,Nueva Valladolid,febrero,miércoles,17,-101.214162415,19.7004326249991
38893,38899,2022,,2022/02/09,18:00:00,COLISIÓN POR MANIOBRA DE REVERSA,ASFALTO,Bueno,Bueno,2,FORD,CAFE,2,,70,MASCULINO,SIN DATOS,0,0,Morelia,Isaac Arriaga,febrero,miércoles,18,-101.173272088848,19.7068825916633
38894,38900,2022,,2022/02/09,20:10:00,COLISIÓN POR CORTE DE CIRCULACIÓN,CONCRETO,Bueno,Bueno,2,HONDA ODYSSEY,ARENA,2,,43,FEMENINO,SIN DATOS,0,0,Morelia,Torreon Nuevo,febrero,miércoles,20,-101.201601131648,19.7484333577504
38895,38901,2022,,2022/02/10,"08:00:00",COLISIÓN POR CAMBIO DE CARRIL,ASFALTO,Bueno,Bueno,2,KILOTON,AMARILLO,2,,56,MASCULINO,SIN DATOS,0,0,Morelia,Arcos del Valle,febrero,jueves,8,-101.235569014467,19.7084335769028
38896,38902,2022,,2022/02/10,11:30:00,COLISIÓN POR CORTE DE CIRCULACIÓN,ASFALTO,Bueno,Bueno,2,TOYOTA,ROJO,2,,,MASCULINO,SIN DATOS,0,0,Morelia,Centro,febrero,jueves,12,-101.18218963,19.7028850649992
38897,38903,2022,MOR220075939,2022/02/10,11:50:00,COLISIÓN CONTRA OBJETO FIJO,ASFALTO,Bueno,Bueno,2,MAZDA,GRIS,2,,34,MASCULINO,SIN DATOS,0,0,Morelia,Felicitas del Rio,febrero,jueves,12,-101.20207364925,19.6922583102168
38898,38904,2022,,2022/02/10,12:20:00,COLISIÓN POR ALCANCE,ASFALTO,Bueno,Bueno,1,ITALIKA,BLANCO Y ROJO,2,,17,MASCULINO,SIN DATOS,0,0,Morelia,Los Girasoles,febrero,jueves,12,-101.21272646906,19.6910470880332
38899,38905,2022,,2022/02/10,13:25:00,COLISIÓN POR CAMBIO DE CARRIL,ASFALTO,Bueno,Bueno,2,CHRYSLER,GRIS,2,,45,FEMENINO,SIN DATOS,0,0,Morelia,Felix Ireta,febrero,jueves,13,-101.191794083201,19.6824097725606
38900,38906,2022,,2022/02/10,14:00:00,COLISIÓN POR ALCANCE,ASFALTO,Bueno,Bueno,2,NISSAN,BLANCO,2,,64,MASCULINO,SIN DATOS,0,0,Morelia,Fray Antonio de Lisboa,febrero,jueves,14,-101.145349984321,19.6939540219742
38901,38907,2022,,2022/02/10,16:08:00,COLISIÓN POR ALCANCE,ASFALTO,Bueno,Bueno,2,HONDA,PLATA,2,,40,MASCULINO,SIN DATOS,0,0,Morelia,Union,febrero,jueves,16,-101.156477772378,19.7148635833878
38902,38908,2022,,2022/02/10,17:00:00,COLISIÓN POR CORTE DE CIRCULACIÓN,ASFALTO,Bueno,Bueno,2,NISSAN,BLANCO,2,,73,MASCULINO,SIN DATOS,0,0,Morelia,Isaac Arriaga,febrero,jueves,17,-101.17188002237,19.707495819721
38903,38909,2022,,2022/02/10,17:10:00,COLISIÓN POR CORTE DE CIRCULACIÓN,ASFALTO,Bueno,Bueno,2,HYUNDAI,BLANCO,3,,46,MASCULINO,SIN DATOS,1,0,Morelia,Vasco de Quiroga,febrero,jueves,17,-101.170789338648,19.7049820317624
38904,38910,2022,,2022/02/10,18:49:00,COLISIÓN POR CORTE DE CIRCULACIÓN,ASFALTO,Bueno,Bueno,2,VOLKSWAGEN,NEGRO,2,,28,MASCULINO,SIN DATOS,0,0,Morelia,Lomas de Hidalgo,febrero,jueves,19,-101.158906786956,19.6955140754776
38905,38911,2022,MOR220077029,2022/02/10,19:15:00,COLISIÓN POR CORTE DE CIRCULACIÓN,ASFALTO,Bueno,Bueno,3,NISSAN,ROJO,3,,69,MASCULINO,SIN DATOS,0,0,Morelia,Infonavit Adolfo Lopez Mateos,febrero,jueves,19,-101.228806860745,19.6995399422244
38906,38912,2022,,2022/02/11,"01:50:00",COLISIÓN POR CAMBIO DE CARRIL,ASFALTO,Bueno,Regular,2,AUDI,ROJO,2,,20,MASCULINO,ALIENTO ETÍLICO,0,0,Morelia,Felicitas del Rio,febrero,viernes,2,-101.202892363071,19.6948474258039
38907,38913,2022,,2022/02/11,"09:45:00",COLISIÓN POR MANIOBRA DE REVERSA,CONCRETO,Bueno,Bueno,2,VOLKSWAGEN,NEGRO,2,,20,FEMENINO,SIN DATOS,0,0,Morelia,Infonavit Benito Juarez,febrero,viernes,10,-101.197176075,19.6854028399992
38908,38914,2022,,2022/02/11,11:00:00,COLISIÓN POR CORTE DE CIRCULACIÓN,ASFALTO,Bueno,Bueno,2,NISSAN,GRIS,2,,,MASCULINO,SIN DATOS,0,0,Morelia,Ejidal San Isidro,febrero,viernes,11,-101.279508614475,19.6906503850057
38909,38915,2022,,2022/02/11,12:00:00,COLISIÓN POR NO RESPETAR SEMÁFORO,ASFALTO,Bueno,Bueno,2,ITALIKA,NEGRO/AMARILLO,2,,24,MASCULINO,SIN DATOS,0,0,Morelia,Josefa Ortiz de Dominguez,febrero,viernes,12,-101.210028273306,19.7251863412066
38910,38916,2022,,2022/02/11,12:10:00,COLISIÓN POR INVASIÓN DE CARRIL,ASFALTO,Bueno,Bueno,2,FORD,BLANCO,2,,43,MASCULINO,SIN DATOS,0,0,Morelia,Prados Verdes,febrero,viernes,12,-101.204211615,19.7179058599992
38911,38917,2022,,2022/02/11,14:40:00,COLISIÓN POR ALCANCE,ASFALTO,Bueno,Bueno,2,NISSAN,GRIS,2,,30,MASCULINO,SIN DATOS,0,0,Morelia,San Rafael,febrero,viernes,15,-101.152337704762,19.6999683672239
38912,38918,2022,,2022/02/11,17:00:00,SALIDA DE SUPERFICIE DE RODAMIENTO,ASFALTO,Bueno,Bueno,1,CHEVROLET,ROJO,0,MINISTERIO PÚBLICO,,,,0,0,Los Reyes,Centro,febrero,viernes,17,-102.473788,19.589361
38914,38920,2022,,2022/02/12,"03:50:00",COLISIÓN CONTRA OBJETO FIJO,ASFALTO,Bueno,Bueno,1,NISSAN,GRIS,1,,22,MASCULINO,SIN DATOS,0,0,Morelia,Los Angeles,febrero,sábado,4,-101.167963479351,19.7444751194994
38915,38921,2022,,2022/02/12,"06:00:00",COLISIÓN POR NO RESPETAR SEMÁFORO,ASFALTO,Bueno,Bueno,2,MAZDA,BLANCO,2,,45,MASCULINO,SIN DATOS,0,0,Morelia,Tinijaro,febrero,sábado,6,-101.26316,19.6963297049991
38916,38922,2022,,2022/02/12,"06:15:00",COLISIÓN CONTRA OBJETO FIJO,CONCRETO,Bueno,Bueno,1,VOLKSWAGEN,AZUL,1,,24,MASCULINO,SIN DATOS,0,0,Morelia,Tinijaro,febrero,sábado,6,-101.26316,19.6963297049991
38918,38924,2022,MOR220079618,2022/02/12,"08:30:00",COLISIÓN POR ALCANCE,CONCRETO,Bueno,Bueno,2,VOLKSWAGEN,NARANJA,2,,26,MASCULINO,SIN DATOS,0,0,Morelia,Enrique Arreguin Robles,febrero,sábado,9,-101.182,19.7217
38919,38925,2022,MOR220079702,2022/02/12,"09:10:00",COLISIÓN POR ALCANCE,ASFALTO,Bueno,Bueno,2,NISSAN,GRIS,2,,31,MASCULINO,SIN DATOS,0,0,Morelia,Los Angeles,febrero,sábado,9,-101.167963479351,19.7444751194994
38920,38926,2022,,2022/02/12,13:00:00,COLISIÓN POR ALCANCE,CONCRETO,Bueno,Bueno,2,CHEVROLET,GUINDA,2,,29,FEMENINO,SIN DATOS,0,0,Morelia,Tinijaro,febrero,sábado,13,-101.26316,19.6963297049991
38921,38927,2022,MOR220080211,2022/02/12,15:25:00,COLISIÓN POR CAMBIO DE CARRIL,ASFALTO,Nublado,Bueno,2,AUDI,BLANCO,2,,28,MASCULINO,SIN DATOS,0,0,Morelia,Victor Manuel Tinoco Rubi,febrero,sábado,15,-101.243544898249,19.7010743552536
38922,38928,2022,MOR220080249,2022/02/12,16:30:00,COLISIÓN POR CORTE DE CIRCULACIÓN,ASFALTO,Bueno,Regular,2,ITALIKA,AZUL,2,MINISTERIO PÚBLICO,24,MASCULINO,SIN DATOS,0,0,Morelia,Veinte de Noviembre,febrero,sábado,17,-101.16693748,19.7207979449991
38923,38929,2022,,2022/02/12,17:44:00,COLISIÓN POR CORTE DE CIRCULACIÓN,ASFALTO,Bueno,Bueno,2,MERCEDEZ BENZ,DORADO,2,,40,FEMENINO,SIN DATOS,0,0,Morelia,Poblado de Ocolusen,febrero,sábado,18,-101.150127649172,19.6944699261717
38924,38930,2022,,2022/02/12,18:35:00,VOLCADURA,ASFALTO,Bueno,Bueno,1,NISSAN,BLANCO,0,,,,,0,0,Morelia,Lomas de Guayangareo,febrero,sábado,19,-101.160960056503,19.7026870450485
38925,38931,2022,,2022/02/12,20:35:00,COLISIÓN POR MANIOBRA DE REVERSA,ASFALTO,Bueno,Bueno,2,FORD,BLANCO,2,,49,MASCULINO,SIN DATOS,0,0,Morelia,Montaña Monarca,febrero,sábado,21,-101.165131339569,19.6698293896465
38926,38932,2022,,2022/02/12,22:40:00,VOLCADURA,ASFALTO,Bueno,Bueno,1,FORD,BLANCO,1,,45,MASCULINO,SIN DATOS,0,0,Peribán,Sin datos,febrero,sábado,23,-102.466049194336,19.5501139420879
38927,38933,2022,,2022/02/12,23:10:00,COLISIÓN POR INVASIÓN DE CARRIL,ASFALTO,Bueno,Bueno,2,TOYOTA,BLANCO/GRIS,2,,29,MASCULINO,SIN DATOS,0,0,Morelia,Jardines de Guadalupe,febrero,sábado,23,-101.22803307,19.7122404199992
38928,38934,2022,,2022/02/13,"00:00:00",COLISIÓN CONTRA OBJETO FIJO,CONCRETO,Bueno,Bueno,1,GMC,BLANCO,0,,,,,0,0,Cuitzeo,San Agustin del Pulque,febrero,domingo,0,-101.071077487017,19.9614689853168
38929,38935,2022,MOR220081138,2022/02/13,"02:24:00",VOLCADURA,ASFALTO,Bueno,Bueno,1,HONDA,BLANCO,1,,26,FEMENINO,SIN DATOS,0,0,Morelia,Santa Maria de Guido,febrero,domingo,2,-101.19173425636,19.6770188028595
38930,38936,2022,LEG41605,2022/02/13,"02:50:00",SUBIDA AL CAMELLÓN,ASFALTO,Bueno,Bueno,1,JEEP,BLANCO,1,,40,MASCULINO,ALIENTO ETÍLICO,0,0,Morelia,Rinconada del Valle,febrero,domingo,3,-101.222201261191,19.6773787628329
38931,38937,2022,,2022/02/13,"03:45:00",COLISIÓN CONTRA OBJETO FIJO,ASFALTO,Bueno,Bueno,1,VOLKSWAGEN,VINO,1,,,,SIN DATOS,0,0,Morelia,Felipe Carrillo Puerto,febrero,domingo,4,-101.177427865661,19.7308068402022
38932,38938,2022,,2022/02/13,10:00:00,COLISIÓN CONTRA OBJETO FIJO,CONCRETO,Bueno,Bueno,1,NISSAN,ROJO,1,,20,MASCULINO,SIN DATOS,0,0,Tarímbaro,Sin datos,febrero,domingo,10,-101.18265,19.749554
38934,38940,2022,,2022/02/13,15:00:00,COLISIÓN POR CORTE DE CIRCULACIÓN,CONCRETO,Bueno,Bueno,2,ITALICA,AZUL Y BLANDO,2,MINISTERIO PÚBLICO,21,MASCULINO,SIN DATOS,0,0,Morelia,Aquiles Serdan,febrero,domingo,15,-101.168634865,19.7217552149991
38935,38941,2022,,2022/02/13,15:30:00,COLISIÓN POR INVASIÓN DE CARRIL,ASFALTO,Bueno,Bueno,2,FORD,AZUL ACERO,2,MINISTERIO PÚBLICO,50,MASCULINO,SIN DATOS,0,0,Tacámbaro,Sin datos,febrero,domingo,16,-101.334071768954,19.2086889565464
38937,38943,2022,,2022/02/13,17:00:00,COLISIÓN POR MANIOBRA DE REVERSA,ASFALTO,Bueno,Bueno,2,JEEP,BLANCO,2,MINISTERIO PÚBLICO,40,MASCULINO,SIN DATOS,0,0,Morelia,La Aldea,febrero,domingo,17,-101.139811655,19.7421578549991
38938,38944,2022,,2022/02/13,17:35:00,COLISIÓN POR NO RESPETAR SEMÁFORO,ASFALTO,Bueno,Bueno,2,NISSAN,BLANCO,3,,28,MASCULINO,SIN DATOS,1,0,Morelia,Centro,febrero,domingo,18,-101.18754847,19.7028479949991
38939,38945,2022,,2022/02/13,18:00:00,COLISIÓN POR ALCANCE,ASFALTO,Bueno,Bueno,2,FORD,ROJO,2,MINISTERIO PÚBLICO,,,SIN DATOS,0,0,Lázaro Cárdenas,Sin datos,febrero,domingo,18,-102.231700904667,17.9372274929345
38940,38946,2022,,2022/02/13,20:33:00,COLISIÓN POR CORTE DE CIRCULACIÓN,ASFALTO,Bueno,Bueno,2,FORD,GRIS,2,MINISTERIO PÚBLICO,35,MASCULINO,SIN DATOS,0,0,Uruapan,Aeropuerto,febrero,domingo,21,-102.046979498242,19.3876179344939
38941,38947,2022,,2022/02/13,21:00:00,COLISIÓN POR MANIOBRA DE REVERSA,CONCRETO,Bueno,Bueno,2,IZUZU,AZUL,2,,47,MASCULINO,SIN DATOS,0,0,Morelia,Ampliacion La Soledad,febrero,domingo,21,-101.184743095,19.7297316299991
38942,38948,2022,,2022/02/14,"00:00:00",COLISIÓN CONTRA OBJETO FIJO,ASFALTO,Bueno,Bueno,1,CHEVROLET,NEGRO,1,,30,MASCULINO,SIN DATOS,0,0,Morelia,Enrique Arreguin Robles,febrero,lunes,0,-101.183204613626,19.7236114167652
38943,38949,2022,,2022/02/14,"01:20:00",COLISIÓN CONTRA OBJETO FIJO,CONCRETO,Bueno,Bueno,1,CHRYSLER,AZUL,1,,21,MASCULINO,SIN DATOS,0,0,Morelia,Nueva Chapultepec,febrero,lunes,1,-101.17081558,19.6897813199992