fid,id_accidente,anio_origen,folio_c5i,dia_incidente,hora_ocurrencia,tipo_incidente_vial,superficie_ocurrencia,condiciones_climaticas,condiciones_via,numero_vehiculos_involucrados,marca_vehiculo_ocasiona_siniestro,color_vehiculo_ocasiona_siniestro,numero_personas_involucradas,lugar_remite_presunto_responsable,edad_presunto_responsable,sexo_presunto_responsable,resultados_toxicologia,numero_personas_lesionadas,numero_personas_fallecidas,municipio,colonia,mes,dia_semana,hora_redondeada,lon,lat
38944,38950,2022,,2022/02/14,"08:27:00",COLISIÓN POR CORTE DE CIRCULACIÓN,ASFALTO,Bueno,Bueno,1,INTERNATIONAL,BLANCO/ROJO,1,,36,MASCULINO,SIN DATOS,0,0,Morelia,El Eden,febrero,lunes,8,-101.254533742186,19.6458726207089
38945,38951,2022,,2022/02/14,"08:50:00",COLISIÓN POR CORTE DE CIRCULACIÓN,ASFALTO,Bueno,Bueno,2,TOYOTA,BLANCO,3,MINISTERIO PÚBLICO,54,MASCULINO,SIN DATOS,1,0,Morelia,Sin datos,febrero,lunes,9,-101.411587,19.645194
38946,38952,2022,,2022/02/14,"09:07:00",COLISIÓN POR ALCANCE,ASFALTO,Bueno,Bueno,2,VOLKSWAGEN,CREMA,2,,55,MASCULINO,SIN DATOS,0,0,Morelia,Lomas de Huerta,febrero,lunes,9,-101.214673600413,19.6743317914556
38947,38953,2022,MOR220083107,2022/02/14,10:00:00,COLISIÓN POR ALCANCE,ASFALTO,Bueno,Bueno,2,VOLKSWAGEN,PLATA,2,,52,FEMENINO,SIN DATOS,0,0,Morelia,Ventura Puente,febrero,lunes,10,-101.184167861938,19.6893847598447
38948,38954,2022,LEG41626,2022/02/14,14:20:00,COLISIÓN POR CORTE DE CIRCULACIÓN,CONCRETO,Bueno,Regular,2,VOSLKWAGEN,PLATA,2,,72,FEMENINO,SIN DATOS,0,0,Morelia,El Realito,febrero,lunes,14,-101.20488524437,19.7270143304574
38949,38955,2022,,2022/02/14,15:00:00,COLISIÓN POR CORTE DE CIRCULACIÓN,CONCRETO,Bueno,Bueno,2,CHEVROLET,NEGRO,2,MINISTERIO PÚBLICO,16,FEMENINO,SIN DATOS,0,0,Morelia,Montaña Monarca,febrero,lunes,15,-101.162624359131,19.6730836971626
38950,38956,2022,,2022/02/14,16:45:00,COLISIÓN POR ALCANCE,CONCRETO,Nublado,Regular,2,DODGE,NEGRO,2,,56,FEMENINO,SIN DATOS,0,0,Morelia,Infonavit Colonial Universidad,febrero,lunes,17,-101.207696809018,19.6866737326043
38951,38957,2022,,2022/02/14,17:00:00,COLISIÓN CONTRA OBJETO FIJO,CONCRETO,Bueno,Bueno,1,NISSAN,BLANCO,1,,68,MASCULINO,SIN DATOS,0,0,Morelia,Centro,febrero,lunes,17,-101.190697025138,19.7095019973639
38952,38958,2022,,2022/02/14,17:23:00,COLISIÓN POR INVASIÓN DE CARRIL,ASFALTO,Nublado,Regular,2,ITALIKA,NEGRO-AMARILLO,2,MINISTERIO PÚBLICO,,,SIN DATOS,1,0,Hidalgo,Corros,febrero,lunes,17,-100.555489584804,19.7072003537636
38953,38959,2022,,2022/02/14,17:40:00,COLISIÓN POR ALCANCE,ASFALTO,Bueno,Bueno,2,CHRYSLER,NEGRO,2,,30,MASCULINO,SIN DATOS,0,0,Morelia,Tzindurio de Morelos,febrero,lunes,18,-101.245832456792,19.6996123703439
38954,38960,2022,,2022/02/14,19:35:00,COLISIÓN POR CAMBIO DE CARRIL,ASFALTO,Bueno,Bueno,2,VOLKSWAGEN,NEGRO,2,,42,MASCULINO,SIN DATOS,0,0,Morelia,Felix Ireta,febrero,lunes,20,-101.195840469815,19.6824195875657
38955,38961,2022,,2022/02/14,20:20:00,COLISIÓN POR ALCANCE,CONCRETO,Bueno,Bueno,2,VOLKSWAGEN,ROJO,2,,32,MASCULINO,SIN DATOS,0,0,Morelia,Alberto Oviedo Mota,febrero,lunes,20,-101.195866286076,19.682441054298
38956,38962,2022,,2022/02/14,21:10:00,COLISIÓN POR ALCANCE,CONCRETO,Bueno,Bueno,2,VOLKSWAGEN,NEGRO,2,,30,MASCULINO,SIN DATOS,0,0,Morelia,Alberto Oviedo Mota,febrero,lunes,21,-101.198691017926,19.6816950549717
38957,38963,2022,,2022/02/14,21:20:00,COLISIÓN POR INVASIÓN DE CARRIL,ASFALTO,Bueno,Bueno,2,FORD,ROJO,0,MINISTERIO PÚBLICO,,,,0,0,Irimbo,Sin datos,febrero,lunes,21,-100.494550405576,19.6922462574415
38958,38964,2022,,2022/02/14,21:20:00,COLISIÓN POR INVASIÓN DE CARRIL,ASFALTO,Bueno,Bueno,0,,,0,MINISTERIO PÚBLICO,,,,0,0,Hidalgo,Sin datos,febrero,lunes,21,-100.512441440738,19.6875219307996
38959,38965,2022,,2022/02/15,"00:00:00",COLISIÓN POR INVASIÓN DE CARRIL,ASFALTO,Lluvioso,Bueno,2,FORD,ROJO,2,MINISTERIO PÚBLICO,,,SIN DATOS,0,0,Tacámbaro,Sin datos,febrero,martes,0,-101.496227092373,19.3807949085144
38960,38966,2022,MOR220084673,2022/02/15,"02:12:00",COLISIÓN CONTRA OBJETO FIJO,ASFALTO,Bueno,Bueno,1,NISSAN,BLANCO,2,,,,,2,0,Morelia,Dr Miguel Silva,febrero,martes,2,-101.184436387636,19.7195104659199
38961,38967,2022,MOR220084740,2022/02/15,"06:05:00",COLISIÓN POR INVASIÓN DE CARRIL,ASFALTO,Bueno,Bueno,3,TOYOTA,ARENA,3,,68,MASCULINO,CON CERTIFICADO,0,0,Morelia,Sin datos,febrero,martes,6,-101.357179121478,19.6700198301814
38962,38968,2022,,2022/02/15,"07:45:00",COLISIÓN POR CAMBIO DE CARRIL,ASFALTO,Bueno,Bueno,2,NISSAN,ROJO,2,,43,MASCULINO,SIN DATOS,0,0,Morelia,Vasco de Quiroga,febrero,martes,8,-101.175950914621,19.6981344170829
38963,38969,2022,,2022/02/15,"08:10:00",COLISIÓN POR CAMBIO DE CARRIL,ASFALTO,Bueno,Bueno,2,CHEVROLET,BLANCO,2,,57,FEMENINO,SIN DATOS,0,0,Morelia,Mariano Michelena,febrero,martes,8,-101.230023242533,19.6769217708637
38964,38970,2022,,2022/02/15,"09:10:00",COLISIÓN POR CORTE DE CIRCULACIÓN,CONCRETO,Bueno,Bueno,2,ITALIKA,NEGRO,2,MINISTERIO PÚBLICO,,MASCULINO,SIN DATOS,0,0,Morelia,Loma de Los Piñones,febrero,martes,9,-101.203535422683,19.6749265464767
38965,38971,2022,,2022/02/15,"09:20:00",COLISIÓN POR INVASIÓN DE CARRIL,ASFALTO,Bueno,Regular,2,VOLKSWAGEN,GRIS,0,MINISTERIO PÚBLICO,,,,0,0,Hidalgo,Sin Nombre,febrero,martes,9,-100.556919903241,19.7070346435219
38966,38972,2022,,2022/02/15,11:00:00,COLISIÓN POR ALCANCE,ASFALTO,Bueno,Bueno,2,FREIGHTLINER,BLANCO,2,,46,MASCULINO,SIN DATOS,0,0,Morelia,Primo Tapia Oriente,febrero,martes,11,-101.160266362131,19.7126119685304
38967,38973,2022,,2022/02/15,12:00:00,COLISIÓN POR ALCANCE,ASFALTO,Bueno,Bueno,3,DODGE,AZUL Y BLANCO,3,,35,MASCULINO,SIN DATOS,0,0,Morelia,Matamoros,febrero,martes,12,-101.165784976708,19.6961734908793
38968,38974,2022,,2022/02/15,13:00:00,COLISIÓN POR ALCANCE,ASFALTO,Bueno,Bueno,2,FREIGHTLINER,BLANCO,2,,30,MASCULINO,SIN DATOS,0,0,Morelia,Granjas del Maestro,febrero,martes,13,-101.188571683384,19.7132974243692
38969,38975,2022,,2022/02/15,14:30:00,COLISIÓN CONTRA OBJETO FIJO,ASFALTO,Bueno,Bueno,3,NISSAN,BLANCO Y AZUL,3,MINISTERIO PÚBLICO,60,MASCULINO,SIN DATOS,0,0,Morelia,Indeco Expropiacion Petrolera,febrero,martes,15,-101.225731007087,19.6862504066717
38970,38976,2022,,2022/02/15,16:30:00,COLISIÓN POR NO RESPETAR SEMÁFORO,ASFALTO,Bueno,Bueno,2,NISSAN,AZUL,2,MINISTERIO PÚBLICO,,,,2,0,Morelia,Camelinas,febrero,martes,17,-101.171061674305,19.6820100545648
38971,38977,2022,,2022/02/15,17:55:00,COLISIÓN POR ALCANCE,ASFALTO,Lluvioso,Bueno,2,DINA,BLANCO,2,,40,MASCULINO,SIN DATOS,0,0,Morelia,Division del Norte,febrero,martes,18,-101.163977198303,19.7110378392995
38972,38978,2022,LEG41656,2022/02/15,18:09:00,COLISIÓN POR CAMBIO DE CARRIL,ASFALTO,Bueno,Bueno,2,YAMAHA,BLANCO,2,,,MASCULINO,SIN DATOS,0,0,Morelia,Nueva Valladolid,febrero,martes,18,-101.210775924006,19.6951727303014
38973,38979,2022,,2022/02/15,18:15:00,COLISIÓN POR CORTE DE CIRCULACIÓN,ASFALTO,Nublado,Bueno,2,MERCEDES MEZ,BLANCO,2,,30,MASCULINO,SIN DATOS,0,0,Morelia,Tinijaro,febrero,martes,18,-101.260716400362,19.6967192663397
38974,38980,2022,,2022/02/15,20:00:00,COLISIÓN POR CORTE DE CIRCULACIÓN,ASFALTO,Bueno,Bueno,2,CADILAC,GUINDA,2,,24,MASCULINO,SIN DATOS,0,0,Morelia,Torreon Nuevo,febrero,martes,20,-101.202531971716,19.7445584487528
38975,38981,2022,,2022/02/15,20:05:00,COLISIÓN POR ALCANCE,ASFALTO,Bueno,Bueno,2,MAZDA,NEGRO,2,,22,MASCULINO,SIN DATOS,0,0,Morelia,Centro,febrero,martes,20,-101.182324178517,19.7029809014815
38976,38982,2022,LEG41658,2022/02/15,20:50:00,COLISIÓN CON PEATÓN,SIN_DATOS,Bueno,Bueno,2,DINA,BLANCO,2,MINISTERIO PÚBLICO,64,MASCULINO,SIN DATOS,0,0,Morelia,San Jose del Cerrito,febrero,martes,21,-101.221441850066,19.658344989705
38978,38984,2022,,2022/02/16,"00:00:00",COLISIÓN CONTRA OBJETO FIJO,ASFALTO,Bueno,Bueno,1,AUDI,ROJO,1,,38,MASCULINO,SIN DATOS,0,0,Morelia,Prados Verdes,febrero,miércoles,0,-101.200602061368,19.718285821159
38979,38985,2022,,2022/02/16,"08:10:00",SALIDA DE SUPERFICIE DE RODAMIENTO,ASFALTO,Bueno,Bueno,1,GENERAL MOTORS,ROJO,1,,29,MASCULINO,SIN DATOS,0,0,Charo,De Santiago,febrero,miércoles,8,-101.044372,19.745476
38981,38987,2022,MOR220087164,2022/02/16,11:41:00,COLISIÓN POR ALCANCE,ASFALTO,Bueno,Bueno,2,SEAT,BLANCO,2,,0,MASCULINO,SIN DATOS,0,0,Morelia,Josefa Ortiz de Dominguez,febrero,miércoles,12,-101.210028273306,19.7251863412066
38982,38988,2022,MOR220087207,2022/02/16,12:15:00,COLISIÓN POR ALCANCE,ASFALTO,Bueno,Bueno,2,TOYOTA,BLANCO Y AMARILLO,2,,27,MASCULINO,SIN DATOS,0,0,Morelia,Morelos,febrero,miércoles,12,-101.21204131706,19.6922705925652
38983,38989,2022,,2022/02/16,14:00:00,COLISIÓN POR CAMBIO DE CARRIL,ASFALTO,Bueno,Bueno,2,RENAULT,ROJO,2,,24,MASCULINO,SIN DATOS,0,0,Morelia,El Realito,febrero,miércoles,14,-101.203137012728,19.7271577016115
38984,38990,2022,,2022/02/16,17:50:00,COLISIÓN POR ALCANCE,ASFALTO,Bueno,Bueno,2,ITALIKA,BLANCO,3,MINISTERIO PÚBLICO,37,MASCULINO,SIN DATOS,1,0,Peribán,Sin datos,febrero,miércoles,18,-102.443389862098,19.5509521181548
38985,38991,2022,,2022/02/16,19:43:00,COLISIÓN POR CORTE DE CIRCULACIÓN,ASFALTO,Bueno,Bueno,2,NISSAN,BLANCO/AZUL,2,,58,MASCULINO,SIN DATOS,0,0,Morelia,Ferrocarrilero,febrero,miércoles,20,-101.213470964946,19.701167127771
38986,38992,2022,,2022/02/16,21:40:00,COLISIÓN CON PEATÓN,SIN_DATOS,Bueno,Bueno,2,VOLKSWAGEN,ROJO,2,,39,MASCULINO,CON CERTIFICADO,0,0,Morelia,Vista Bella,febrero,miércoles,22,-101.19499091059,19.6784680813751
38987,38993,2022,,2022/02/16,21:56:00,CAIDA DE MOTOCICLETA,ASFALTO,Bueno,Bueno,1,ITALIKA,AZUL,1,,0,MASCULINO,ALIENTO ETÍLICO,0,0,Morelia,Enrique Arreguin Robles,febrero,miércoles,22,-101.178936883807,19.720260908394
38988,38994,2022,MOR220088249,2022/02/16,22:40:00,COLISIÓN POR INVASIÓN DE CARRIL,ASFALTO,Bueno,Bueno,2,BMW,BLANCO CON NEGRO,3,MINISTERIO PÚBLICO,0,MASCULINO,SIN DATOS,0,1,Charo,Sin datos,febrero,miércoles,23,-100.979867293074,19.6508464601894
38989,38995,2022,,2022/02/17,"07:50:00",COLISIÓN POR ALCANCE,ASFALTO,Bueno,Bueno,2,CHEVROLET,GRIS,2,,42,MASCULINO,SIN DATOS,0,0,Morelia,Camelinas,febrero,jueves,8,-101.17262119,19.6818144849991
38990,38996,2022,,2022/02/17,"09:15:00",SUBIDA AL CAMELLÓN,ASFALTO,Bueno,Bueno,1,DODGE,BLANCO,1,,49,MASCULINO,SIN DATOS,0,0,Morelia,Tierra Y Libertad,febrero,jueves,9,-101.22977368,19.7151822499992
38991,38997,2022,,2022/02/17,"09:40:00",COLISIÓN POR CORTE DE CIRCULACIÓN,ASFALTO,Bueno,Bueno,2,JAC,BLANCO,2,,45,MASCULINO,SIN DATOS,0,0,Morelia,Insurgentes,febrero,jueves,10,-101.155416805,19.6953315299991
38992,38998,2022,,2022/02/17,"09:45:00",COLISIÓN POR CORTE DE CIRCULACIÓN,CONCRETO,Bueno,Bueno,2,DODGE,VERDE,2,,25,MASCULINO,SIN DATOS,0,0,Morelia,Rey Tariacuri (Eucaliptos),febrero,jueves,10,-101.198902538624,19.6789772554094
38993,38999,2022,,2022/02/17,10:00:00,COLISIÓN POR CORTE DE CIRCULACIÓN,ASFALTO,Bueno,Bueno,2,CHEVROLET,ROJO,1,MINISTERIO PÚBLICO,,,SIN DATOS,0,0,Lázaro Cárdenas,Lomas de Bella Vista,febrero,jueves,10,-102.219869680703,17.9704738722643
38994,39000,2022,,2022/02/17,10:00:00,COLISIÓN POR ALCANCE,ASFALTO,Bueno,Bueno,2,CHEVROLET,NARANJA,2,,30,MASCULINO,SIN DATOS,0,0,Morelia,Tierra Y Libertad,febrero,jueves,10,-101.22977368,19.7151822499992
38995,39001,2022,,2022/02/17,10:00:00,COLISIÓN POR CAMBIO DE CARRIL,ASFALTO,Bueno,Bueno,2,JEEP,NEGRO,2,MINISTERIO PÚBLICO,29,FEMENINO,SIN DATOS,0,0,Morelia,Balcones de Morelia,febrero,jueves,10,-101.201869405085,19.6735302099086
38996,39002,2022,,2022/02/17,11:15:00,COLISIÓN POR CORTE DE CIRCULACIÓN,ASFALTO,Bueno,Bueno,2,ITALIKA,AZUL,2,,48,MASCULINO,SIN DATOS,0,0,Morelia,Leandro Valle,febrero,jueves,11,-101.234236672612,19.7167704154002
38998,39004,2022,,2022/02/17,12:20:00,COLISIÓN CON PEATÓN,ASFALTO,Bueno,Bueno,1,INTERNATIONAL,BLANCO Y ROJO,2,MINISTERIO PÚBLICO,36,MASCULINO,SIN DATOS,1,0,Morelia,Lomas de San Juan,febrero,jueves,12,-101.183039681886,19.7298664251429
39000,39006,2022,,2022/02/17,14:00:00,COLISIÓN CON PEATÓN,SIN_DATOS,Bueno,Bueno,2,SUZUKI,BLANCO,3,,45,MASCULINO,SIN DATOS,0,0,Morelia,Ferrocarrilero,febrero,jueves,14,-101.223609235,19.6918737849991
39001,39007,2022,,2022/02/17,14:05:00,COLISIÓN POR CAMBIO DE CARRIL,ASFALTO,Bueno,Bueno,2,HONDA PASSPORT,PLATA,2,,23,MASCULINO,SIN DATOS,0,0,Morelia,Infonavit  Las  Camelinas,febrero,jueves,14,-101.175462082028,19.681749669096
39002,39008,2022,,2022/02/17,14:30:00,COLISIÓN POR ALCANCE,ASFALTO,Bueno,Bueno,2,GMC,BLANCO,2,,62,MASCULINO,SIN DATOS,0,0,Morelia,La Huare,febrero,jueves,15,-101.25721068,19.7150600449991
39004,39010,2022,,2022/02/17,15:25:00,COLISIÓN POR CORTE DE CIRCULACIÓN,CONCRETO,Bueno,Bueno,2,HONDA,NEGRO,2,,23,MASCULINO,SIN DATOS,0,0,Morelia,Montaña Monarca,febrero,jueves,15,-101.165679419395,19.6714150238958
39005,39011,2022,,2022/02/17,17:10:00,COLISIÓN POR CORTE DE CIRCULACIÓN,CONCRETO,Bueno,Bueno,2,ITALIKA,ROJO,2,MINISTERIO PÚBLICO,24,MASCULINO,SIN DATOS,0,0,Morelia,Cuauhtemoc,febrero,jueves,17,-101.182606932687,19.697549348141
39006,39012,2022,,2022/02/17,21:30:00,COLISIÓN CONTRA OBJETO FIJO,ASFALTO,Bueno,Bueno,1,VOLKSWAGEN,BLANCO,1,,20,MASCULINO,SIN DATOS,0,0,Morelia,Jacarandas,febrero,jueves,22,-101.211829804999,19.7078254248574
39007,39013,2022,LEG41689,2022/02/17,21:46:00,COLISIÓN POR ALCANCE,ASFALTO,Bueno,Bueno,2,CHEVROLET,GRIS,2,,,MASCULINO,SIN DATOS,0,0,Morelia,Tres Puentes,febrero,jueves,22,-101.213524742681,19.7058468756013
39008,39014,2022,MOR220088458,2022/02/17,22:50:00,COLISIÓN POR CAMBIO DE CARRIL,ASFALTO,Bueno,Bueno,2,BLUBIR,BLANCO/GUINDA,2,,53,MASCULINO,SIN DATOS,0,0,Morelia,Industrial,febrero,jueves,23,-101.197899095714,19.7069037394762
39009,39015,2022,,2022/02/17,23:00:00,COLISIÓN POR MANIOBRA DE REVERSA,ASFALTO,Bueno,Bueno,1,TOYOTA,AZUL,0,,,,,0,0,Tingüindín,Sin datos,febrero,jueves,23,-102.449500269499,19.7432236048814
39011,39017,2022,,2022/02/18,"00:50:00",COLISIÓN CONTRA OBJETO FIJO,ASFALTO,Bueno,Bueno,1,VW,PLATA,0,MINISTERIO PÚBLICO,,,,0,0,Peribán,Sin datos,febrero,viernes,1,-102.445886632934,19.5536843920222
39012,39018,2022,,2022/02/18,"04:40:00",SALIDA DE SUPERFICIE DE RODAMIENTO,SIN_DATOS,Bueno,Bueno,1,CHEVROLET,ROJO,1,,29,MASCULINO,SIN DATOS,0,0,Morelia,Ejidal Ocolusen,febrero,viernes,5,-101.156381487168,19.6817320192343
39013,39019,2022,,2022/02/18,"08:05:00",COLISIÓN POR ALCANCE,ASFALTO,Bueno,Bueno,3,NISSAN,BLANCO,3,,26,MASCULINO,SIN DATOS,0,0,Morelia,Tinijaro,febrero,viernes,8,-101.26316,19.6963297049991
39014,39020,2022,,2022/02/18,10:40:00,COLISIÓN POR CORTE DE CIRCULACIÓN,ASFALTO,Bueno,Bueno,2,VOLKSWAGEN,GRIS,2,,52,MASCULINO,SIN DATOS,0,0,Morelia,Las Americas,febrero,viernes,11,-101.15527803761,19.6905832056681
39015,39021,2022,,2022/02/18,12:00:00,COLISIÓN POR CORTE DE CIRCULACIÓN,CONCRETO,Bueno,Bueno,2,NISSAN,GRIS,2,,,MASCULINO,SIN DATOS,0,0,Morelia,Adolfo Lopez Mateos,febrero,viernes,12,-101.2258836,19.6956108999991
39016,39022,2022,LEG41704,2022/02/18,13:50:00,COLISIÓN CON PEATÓN,ASFALTO,Bueno,Bueno,1,CHEVROLET,AZUL,2,,41,MASCULINO,SIN DATOS,1,0,Morelia,Santillan La Huerta,febrero,viernes,14,-101.219553885717,19.6760966650679
39017,39023,2022,,2022/02/18,13:55:00,COLISIÓN POR CORTE DE CIRCULACIÓN,ASFALTO,Bueno,Bueno,1,BAJAJ,NEGRO,1,MINISTERIO PÚBLICO,37,MASCULINO,SIN DATOS,0,0,Morelia,Vasco de Quiroga,febrero,viernes,14,-101.16716515,19.6992678299991
39018,39024,2022,MOR220091167,2022/02/18,14:25:00,COLISIÓN POR MANIOBRA DE REVERSA,ASFALTO,Bueno,Bueno,2,FREIGHTLINER,BLANCO/AZUL,2,MINISTERIO PÚBLICO,28,MASCULINO,SIN DATOS,0,0,Morelia,Camelinas,febrero,viernes,14,-101.174310415,19.6807072799992
39020,39026,2022,,2022/02/18,16:00:00,COLISIÓN POR ALCANCE,CONCRETO,Bueno,Bueno,2,NISSAN,BLANCO,2,,,MASCULINO,SIN DATOS,0,0,Morelia,Tinijaro,febrero,viernes,16,-101.26316,19.6963297049991
39021,39027,2022,,2022/02/18,17:23:00,COLISIÓN POR CORTE DE CIRCULACIÓN,ASFALTO,Bueno,Bueno,2,NISSAN,ARENA,2,,68,FEMENINO,SIN DATOS,0,0,Morelia,5 de Mayo,febrero,viernes,17,-101.17697037,19.7039541299991
39022,39028,2022,LEG41705,2022/02/18,17:25:00,COLISIÓN POR MANIOBRA DE REVERSA,ASFALTO,Bueno,Bueno,1,BENOTTO,BLANCO/NEGRO,1,MINISTERIO PÚBLICO,,MASCULINO,SIN DATOS,0,0,Morelia,Valle Quieto,febrero,viernes,17,-101.203787345,19.6829382749991
39023,39029,2022,,2022/02/18,18:50:00,COLISIÓN POR CORTE DE CIRCULACIÓN,CONCRETO,Bueno,Bueno,2,ITALIKA,AMARILLO,2,,,,SIN DATOS,0,0,Morelia,La Loma,febrero,viernes,19,-101.1843407051,19.67953804803
39024,39030,2022,,2022/02/18,19:30:00,COLISIÓN POR CORTE DE CIRCULACIÓN,ASFALTO,Bueno,Bueno,2,VENTO,BLANCA,2,,25,MASCULINO,SIN DATOS,0,0,Morelia,Centro,febrero,viernes,20,-101.198428565665,19.7035391005434
39025,39031,2022,,2022/02/18,20:30:00,COLISIÓN POR CORTE DE CIRCULACIÓN,ASFALTO,Bueno,Bueno,2,HYUNDAI,BLANCO,3,MINISTERIO PÚBLICO,0,MASCULINO,SIN DATOS,1,0,Morelia,Nueva Valladolid,febrero,viernes,21,-101.2082862854,19.7016677770529
39026,39032,2022,MOR220092141,2022/02/18,21:05:00,COLISIÓN POR CORTE DE CIRCULACIÓN,ASFALTO,Bueno,Bueno,3,CHEVROLET,GUINDA,3,MINISTERIO PÚBLICO,45,MASCULINO,SIN DATOS,0,0,Morelia,Felix Ireta,febrero,viernes,21,-101.18852715261,19.6817455651444
39027,39033,2022,,2022/02/19,"00:00:00",COLISIÓN POR CORTE DE CIRCULACIÓN,ASFALTO,Bueno,Bueno,2,NISSAN,ROJO,2,,62,MASCULINO,SIN DATOS,0,0,Huandacareo,Sin datos,febrero,sábado,0,-101.256025917828,19.9835104633767
39028,39034,2022,,2022/02/19,"00:30:00",COLISIÓN POR MANIOBRA DE REVERSA,CONCRETO,Bueno,Bueno,2,KEENWORTH,BLANCO,2,,25,MASCULINO,SIN DATOS,0,0,Morelia,Villas del Pedregal,febrero,sábado,1,-101.303233802319,19.6845412788984
39029,39035,2022,,2022/02/19,"01:00:00",COLISIÓN POR ALCANCE,ASFALTO,Bueno,Bueno,2,MAZDA,BLANCO,0,MINISTERIO PÚBLICO,,,,0,0,Lázaro Cárdenas,Lomas del Rio (Unidad 512 5To Sector),febrero,sábado,1,-102.222704745151,17.9705749698418
39030,39036,2022,MOR220092494,2022/02/19,"02:05:00",COLISIÓN POR ALCANCE,ASFALTO,Bueno,Bueno,1,DODGE,ROJO,0,,,,,0,0,Morelia,Arcos del Valle,febrero,sábado,2,-101.236248649657,19.7076248868376
39031,39037,2022,MOR220092502,2022/02/19,"02:30:00",COLISIÓN POR CAMBIO DE CARRIL,ASFALTO,Bueno,Bueno,2,CHEVROLET,BLANCO,2,,41,MASCULINO,ALIENTO ETÍLICO,0,0,Morelia,Centro,febrero,sábado,3,-101.18218963,19.7028850649992
39033,39039,2022,,2022/02/19,"03:00:00",COLISIÓN CONTRA OBJETO FIJO,ASFALTO,Bueno,Bueno,1,BMW,ROJO,1,,29,FEMENINO,SIN DATOS,0,0,Morelia,Cañada del Bosque,febrero,sábado,3,-101.097653210163,19.7287126185817
39034,39040,2022,,2022/02/19,"06:00:00",COLISIÓN CONTRA OBJETO FIJO,ASFALTO,Bueno,Bueno,1,CHEVROLET,AZUL,0,MINISTERIO PÚBLICO,,,,0,0,Lázaro Cárdenas,Centro,febrero,sábado,6,-102.201125733554,17.9592928248517
39035,39041,2022,,2022/02/19,"06:47:00",COLISIÓN CONTRA OBJETO FIJO,ASFALTO,Bueno,Bueno,1,TOYOTA,BLANCO,1,,,,SIN DATOS,0,0,Morelia,Felix Ireta,febrero,sábado,7,-101.190105135,19.6853188699992
39036,39042,2022,,2022/02/19,"07:42:00",SUBIDA AL CAMELLÓN,ASFALTO,Bueno,Bueno,1,CHEVROLET,GRIS,1,,44,MASCULINO,CON CERTIFICADO,0,0,Morelia,Tinijaro,febrero,sábado,8,-101.26316,19.6963297049991
39037,39043,2022,,2022/02/19,"09:40:00",COLISIÓN CON PEATÓN,ASFALTO,Bueno,Bueno,1,S/D,S/D,1,,,,,1,0,Morelia,Lomas del Tecnologico,febrero,sábado,10,-101.194389425218,19.7201924491451
39038,39044,2022,,2022/02/19,10:00:00,COLISIÓN POR ALCANCE,ASFALTO,Bueno,Bueno,2,SEAT,NEGRO,2,,25,FEMENINO,SIN DATOS,0,0,Morelia,Villas del Pedregal,febrero,sábado,10,-101.304130330682,19.6876400801268
39039,39045,2022,,2022/02/19,14:00:00,COLISIÓN POR ALCANCE,ASFALTO,Bueno,Bueno,2,NISSAN,ROJO,2,MINISTERIO PÚBLICO,21,MASCULINO,SIN DATOS,0,0,Morelia,Felix Ireta,febrero,sábado,14,-101.190105135,19.6853188699992
39040,39046,2022,,2022/02/19,15:00:00,COLISIÓN POR ALCANCE,ASFALTO,Bueno,Bueno,2,MAN,NARANJA,0,MINISTERIO PÚBLICO,,,,0,0,Lázaro Cárdenas,Sin datos,febrero,sábado,15,-102.208994328976,17.9753190398526
39041,39047,2022,,2022/02/19,16:00:00,COLISIÓN POR CAMBIO DE CARRIL,ASFALTO,Bueno,Bueno,2,VOLKSWAGEN,GRIS,2,,19,MASCULINO,SIN DATOS,0,0,Morelia,Defensores De Puebla,febrero,sábado,16,-101.237630553,19.7132539883326
39042,39048,2022,,2022/02/19,16:30:00,COLISIÓN CONTRA OBJETO FIJO,ASFALTO,Bueno,Bueno,2,S/D,SIN DATOS,2,MINISTERIO PÚBLICO,,,SIN DATOS,0,0,Morelia,Centro,febrero,sábado,17,-101.18595383,19.6994244999992
39043,39049,2022,,2022/02/19,18:00:00,COLISIÓN POR CORTE DE CIRCULACIÓN,ASFALTO,Bueno,Bueno,2,NISSAN,BLANCO,0,MINISTERIO PÚBLICO,,,,0,0,Lázaro Cárdenas,Victor Manuel Tinoco Rubi,febrero,sábado,18,-102.219129511956,17.9781366272012
39044,39050,2022,,2022/02/19,20:00:00,COLISIÓN POR ALCANCE,ASFALTO,Bueno,Bueno,2,FORD,AZUL,0,MINISTERIO PÚBLICO,,,,0,0,Lázaro Cárdenas,Centro,febrero,sábado,20,-102.193118029021,17.9532071115374
39045,39051,2022,MOR220094431,2022/02/19,20:10:00,COLISIÓN CONTRA OBJETO FIJO,ASFALTO,Bueno,Bueno,1,NISSAN,GRIS,1,,,MASCULINO,SIN DATOS,0,0,Morelia,Villas del Pedregal,febrero,sábado,20,-101.302209,19.685042
39046,39052,2022,,2022/02/19,21:00:00,COLISIÓN CONTRA OBJETO FIJO,ASFALTO,Bueno,Bueno,2,NISSAN,BLANCO,2,,,MASCULINO,SIN DATOS,0,0,Morelia,Juarez,febrero,sábado,21,-101.19874082,19.6933927999991
39047,39053,2022,MOR220094836,2022/02/19,21:40:00,COLISIÓN POR INVASIÓN DE CARRIL,ASFALTO,Bueno,Regular,1,NISSAN,BLANCO,2,,,MASCULINO,SIN DATOS,0,0,Morelia,Justo Mendoza,febrero,sábado,22,-101.231588805,19.7126106449992