fid,id_accidente,anio_origen,folio_c5i,dia_incidente,hora_ocurrencia,tipo_incidente_vial,superficie_ocurrencia,condiciones_climaticas,condiciones_via,numero_vehiculos_involucrados,marca_vehiculo_ocasiona_siniestro,color_vehiculo_ocasiona_siniestro,numero_personas_involucradas,lugar_remite_presunto_responsable,edad_presunto_responsable,sexo_presunto_responsable,resultados_toxicologia,numero_personas_lesionadas,numero_personas_fallecidas,municipio,colonia,mes,dia_semana,hora_redondeada,lon,lat
39048,39054,2022,,2022/02/19,21:45:00,COLISIÓN POR CAMBIO DE CARRIL,ASFALTO,Nublado,Bueno,2,JEEP,GRIS,2,,39,MASCULINO,SIN DATOS,0,0,Morelia,Centro,febrero,sábado,22,-101.198428565665,19.7035391005434
39049,39055,2022,,2022/02/19,21:50:00,VOLCADURA,ASFALTO,Bueno,Bueno,1,CHEVROLET,PLATA,0,,,,,0,0,Morelia,Tenencia Morelos,febrero,sábado,22,-101.243929623155,19.6466055443724
39050,39056,2022,,2022/02/19,22:00:00,VOLCADURA,ASFALTO,Bueno,Bueno,1,CHEVROLET,BLANCO,0,MINISTERIO PÚBLICO,,,,0,0,Lázaro Cárdenas,Napoleon Gomez Sada,febrero,sábado,22,-102.22808773031,17.977663939324
39051,39057,2022,,2022/02/19,22:00:00,COLISIÓN POR INVASIÓN DE CARRIL,ASFALTO,Bueno,Bueno,2,TOYOTA,GRIS,3,MINISTERIO PÚBLICO,30,MASCULINO,SIN DATOS,1,0,Peribán,Sin datos,febrero,sábado,22,-102.438528419219,19.4804215004593
39052,39058,2022,,2022/02/19,22:00:00,COLISIÓN POR ALCANCE,ASFALTO,Bueno,Regular,2,RENAULT,GRIS,2,,54,MASCULINO,SIN DATOS,0,0,Morelia,Vista Bella,febrero,sábado,22,-101.195925675947,19.6790442736003
39053,39059,2022,,2022/02/20,"00:05:00",COLISIÓN POR CAMBIO DE CARRIL,ASFALTO,Bueno,Bueno,2,SEAT,GRIS,2,,21,FEMENINO,SIN DATOS,0,0,Morelia,Villas Lomas del Paraiso,febrero,domingo,0,-101.183243326701,19.6753951296653
39054,39060,2022,,2022/02/20,"00:10:00",COLISIÓN POR NO RESPETAR SEMÁFORO,ASFALTO,Bueno,Bueno,2,MERCURY,NEGRO,2,,49,MASCULINO,SIN DATOS,0,0,Morelia,Guadalupe,febrero,domingo,0,-101.226095445583,19.708973664065
39055,39061,2022,,2022/02/20,"02:15:00",COLISIÓN CONTRA OBJETO FIJO,ASFALTO,Bueno,Bueno,1,BMW,AZUL,1,,25,MASCULINO,SIN DATOS,0,0,Morelia,Tinijaro,febrero,domingo,2,-101.26316,19.6963297049991
39056,39062,2022,,2022/02/20,"03:35:00",COLISIÓN POR CORTE DE CIRCULACIÓN,ASFALTO,Bueno,Bueno,1,CHEVROLET,BLANCO,1,,,,SIN DATOS,0,0,Morelia,Ejidal San Isidro,febrero,domingo,4,-101.279508614475,19.6906503850057
39057,39063,2022,,2022/02/20,"05:55:00",VOLCADURA,ASFALTO,Bueno,Regular,1,BMW,BLANCO,1,,,,SIN DATOS,0,0,Morelia,Ejidal Ocolusen,febrero,domingo,6,-101.152530383653,19.6848934947397
39058,39064,2022,,2022/02/20,"06:20:00",COLISIÓN CONTRA OBJETO FIJO,ASFALTO,Bueno,Bueno,2,NISSAN,BLANCO AZUL,2,,0,MASCULINO,SIN DATOS,0,0,Morelia,Indeco Santiaguito,febrero,domingo,6,-101.178657019673,19.7201633266813
39059,39065,2022,MOR220095328,2022/02/20,"08:40:00",COLISIÓN CONTRA OBJETO FIJO,ASFALTO,Bueno,Regular,2,OLDSMOBILE,ROJO,2,,26,MASCULINO,SIN DATOS,0,0,Morelia,Loma Real,febrero,domingo,9,-101.196689084172,19.7299594183656
39060,39066,2022,,2022/02/20,12:00:00,COLISIÓN POR MANIOBRA DE REVERSA,ASFALTO,Bueno,Bueno,2,CHEVROLET,BLANCO,2,,57,MASCULINO,CON CERTIFICADO,0,0,Morelia,San Jose del Cerrito,febrero,domingo,12,-101.222373722911,19.6615895379848
39061,39067,2022,,2022/02/20,17:16:00,COLISIÓN POR CORTE DE CIRCULACIÓN,CONCRETO,Bueno,Bueno,2,HONDA,GRIS,0,MINISTERIO PÚBLICO,,,,0,0,Morelia,Nueva Valladolid,febrero,domingo,17,-101.214162415,19.7004326249991
39062,39068,2022,,2022/02/20,17:20:00,COLISIÓN POR CORTE DE CIRCULACIÓN,CONCRETO,Bueno,Bueno,2,NISSAN,AZUL,2,,48,MASCULINO,SIN DATOS,0,0,Morelia,Junta de Jaujilla,febrero,domingo,17,-101.22611425817,19.6913712523579
39063,39069,2022,,2022/02/20,17:30:00,COLISIÓN POR INVASIÓN DE CARRIL,ASFALTO,Bueno,Bueno,2,ITALIKA,NARANAJA-NEGRO,1,MINISTERIO PÚBLICO,,,,1,0,Áporo,Sin datos,febrero,domingo,18,-100.380980402909,19.6540090041221
39064,39070,2022,MOR220096441,2022/02/20,18:30:00,COLISIÓN POR ALCANCE,SIN_DATOS,Bueno,Bueno,2,MAZDA,AZUL,2,,37,FEMENINO,SIN DATOS,0,0,Morelia,Felicitas del Rio,febrero,domingo,19,-101.195569566704,19.6902111049229
39065,39071,2022,,2022/02/20,18:50:00,COLISIÓN CONTRA OBJETO FIJO,ASFALTO,Bueno,Bueno,1,FORD,VERDE,1,,39,MASCULINO,SIN DATOS,0,0,Morelia,Barrio Alto,febrero,domingo,19,-101.187626166197,19.7255012227936
39066,39072,2022,MOR220096597,2022/02/20,20:10:00,SALIDA DE SUPERFICIE DE RODAMIENTO,ASFALTO,Bueno,Regular,1,NISSAN,PLATA,1,,,,SIN DATOS,0,0,Morelia,Del Prendimiento,febrero,domingo,20,-101.392976,19.672974
39067,39073,2022,,2022/02/20,20:20:00,COLISIÓN POR ALCANCE,ASFALTO,Bueno,Bueno,2,CHEVROLET,GUINDA,2,,35,FEMENINO,SIN DATOS,0,0,Morelia,Arboledas(5 de Mayo),febrero,domingo,20,-101.243463720048,19.6798362302125
39068,39074,2022,,2022/02/20,22:17:00,CAIDA ACUATICA DE VEHÍCULO,TERRACERIA,Bueno,Bueno,1,VOLKSWAGEN,ARENA,0,,,,,0,0,Morelia,Benito Juarez,febrero,domingo,22,-101.25455273,19.6835406449991
39069,39075,2022,MOR220097379,2022/02/21,"06:25:00",COLISIÓN CONTRA OBJETO FIJO,ASFALTO,Bueno,Regular,1,VOLKSWAGEN,ARENA,1,,62,MASCULINO,SIN DATOS,0,0,Morelia,Lomas de San Juan,febrero,lunes,6,-101.183039681886,19.7298664251429
39071,39077,2022,,2022/02/21,10:55:00,COLISIÓN POR CORTE DE CIRCULACIÓN,CONCRETO,Bueno,Bueno,2,CHEVROLET,NARANJA,2,,37,MASCULINO,SIN DATOS,0,0,Morelia,Ventura Puente,febrero,lunes,11,-101.193225725,19.6917077449992
39072,39078,2022,,2022/02/21,11:30:00,COLISIÓN POR MANIOBRA DE REVERSA,ASFALTO,Bueno,Bueno,2,CHEVROLET,DORADO,2,,69,MASCULINO,SIN DATOS,0,0,Morelia,Central de Abastos,febrero,lunes,12,-101.169164089063,19.7171265444097
39074,39080,2022,LEG41771,2022/02/21,12:42:00,COLISIÓN POR MANIOBRA DE REVERSA,ASFALTO,Bueno,Bueno,2,FORD,BLANCO,2,,,MASCULINO,SIN DATOS,0,0,Morelia,Santillan La Huerta,febrero,lunes,13,-101.21769233,19.6738010899992
39075,39081,2022,,2022/02/21,13:30:00,COLISIÓN POR ALCANCE,ASFALTO,Bueno,Bueno,2,ITALIKA,NEGRO,2,,17,MASCULINO,SIN DATOS,0,0,Morelia,Ciudad Industrial,febrero,lunes,14,-101.16412207,19.7247848449991
39077,39083,2022,,2022/02/21,15:55:00,COLISIÓN POR CORTE DE CIRCULACIÓN,ASFALTO,Bueno,Bueno,2,VOLKSWAGEN,BLANCO,2,,45,FEMENINO,SIN DATOS,0,0,Morelia,Ventura Puente,febrero,lunes,16,-101.193225725,19.6917077449992
39078,39084,2022,,2022/02/21,16:00:00,COLISIÓN CONTRA OBJETO FIJO,ASFALTO,Bueno,Bueno,1,INTERNATIONAL,BLANCO,1,,37,MASCULINO,SIN DATOS,0,0,Morelia,Camelinas,febrero,lunes,16,-101.17262119,19.6818144849991
39079,39085,2022,,2022/02/21,16:30:00,COLISIÓN POR INVASIÓN DE CARRIL,CONCRETO,Bueno,Regular,2,FORD,PLATA,2,,51,FEMENINO,SIN DATOS,0,0,Morelia,Primaveras,febrero,lunes,17,-101.227129575,19.6799194849992
39080,39086,2022,,2022/02/21,17:00:00,COLISIÓN POR ALCANCE,ASFALTO,Bueno,Bueno,2,CHEVROLET,GUINDA,2,,68,MASCULINO,SIN DATOS,0,0,Morelia,Centro,febrero,lunes,17,-101.18754847,19.7028479949991
39081,39087,2022,LEG41772,2022/02/21,17:45:00,COLISIÓN POR ALCANCE,ASFALTO,Bueno,Bueno,2,NISSAN,GUINDA,2,,41,MASCULINO,SIN DATOS,0,0,Morelia,Centro,febrero,lunes,18,-101.18754847,19.7028479949991
39082,39088,2022,,2022/02/21,18:00:00,COLISIÓN POR CORTE DE CIRCULACIÓN,CONCRETO,Bueno,Bueno,2,CHEVROLET,BLANCO Y ROJO,2,MINISTERIO PÚBLICO,40,MASCULINO,SIN DATOS,0,0,Morelia,Vista Bella,febrero,lunes,18,-101.195925675947,19.6790442736003
39083,39089,2022,,2022/02/21,18:05:00,COLISIÓN POR CORTE DE CIRCULACIÓN,ASFALTO,Bueno,Regular,2,TOYOTA,PLATA,2,,15,MASCULINO,SIN DATOS,0,0,Morelia,Insurgentes,febrero,lunes,18,-101.155416805,19.6953315299991
39084,39090,2022,,2022/02/21,18:40:00,COLISIÓN POR CAMBIO DE CARRIL,ASFALTO,Bueno,Bueno,2,VOLKSWAGEN,BLANCO,2,,21,MASCULINO,SIN DATOS,0,0,Morelia,Santillan La Huerta,febrero,lunes,19,-101.219553885717,19.6760966650679
39085,39091,2022,,2022/02/21,21:15:00,SUBIDA AL CAMELLÓN,CONCRETO,Bueno,Bueno,1,VOLKSWAGEN,NEGRO,1,,47,MASCULINO,SIN DATOS,0,0,Tarímbaro,Centro,febrero,lunes,21,-101.176869,19.792979
39086,39092,2022,,2022/02/21,21:50:00,COLISIÓN POR NO RESPETAR SEMÁFORO,ASFALTO,Bueno,Bueno,2,NISSAN,BLANCO Y  ROJO,2,,29,MASCULINO,SIN DATOS,0,0,Morelia,Camelinas,febrero,lunes,22,-101.17262119,19.6818144849991
39087,39093,2022,,2022/02/22,"06:30:00",SUBIDA AL CAMELLÓN,ASFALTO,Bueno,Bueno,1,VOLKSWAGEN,GRIS,1,,41,MASCULINO,SIN DATOS,0,0,Morelia,Santillan La Huerta,febrero,martes,7,-101.219553885717,19.6760966650679
39088,39094,2022,,2022/02/22,"07:26:00",COLISIÓN POR ALCANCE,ASFALTO,Bueno,Bueno,2,VENTO,NEGRO/AZUL,4,MINISTERIO PÚBLICO,24,MASCULINO,SIN DATOS,1,1,Santa Ana Maya,Sin datos,febrero,martes,7,-101.109007671475,20.0650738923884
39089,39095,2022,MOR220099535,2022/02/22,"07:45:00",COLISIÓN POR CORTE DE CIRCULACIÓN,ASFALTO,Bueno,Bueno,2,ITALIKA,NEGRO/ROJO,2,,20,MASCULINO,SIN DATOS,0,0,Morelia,Lomas de Santa Maria,febrero,martes,8,-101.185806661166,19.6733593939625
39090,39096,2022,MOR220099664,2022/02/22,"08:15:00",COLISIÓN POR ALCANCE,ASFALTO,Bueno,Regular,2,CHEVROLET,BLANCO,2,,33,MASCULINO,SIN DATOS,0,0,Morelia,El Lago 2,febrero,martes,8,-101.21308714929,19.7249514326746
39091,39097,2022,,2022/02/22,"08:36:00",COLISIÓN POR INVASIÓN DE CARRIL,ASFALTO,Bueno,Bueno,2,NISSAN,PLATA,2,,34,MASCULINO,SIN DATOS,0,0,Morelia,Indeco El Vivero,febrero,martes,9,-101.230286120312,19.6793258035144
39092,39098,2022,,2022/02/22,"08:40:00",COLISIÓN POR NO RESPETAR SEMÁFORO,ASFALTO,Bueno,Bueno,2,ITALIKA,AZUL,2,,18,MASCULINO,SIN DATOS,0,0,Morelia,Villas del Real,febrero,martes,9,-101.199263303794,19.7324582678285
39093,39099,2022,,2022/02/22,"09:53:00",COLISIÓN POR CORTE DE CIRCULACIÓN,ASFALTO,Bueno,Bueno,2,TOYOTA,BLANCO/GRIS,2,,27,MASCULINO,SIN DATOS,0,0,Morelia,Campestre Los Manantiales,febrero,martes,10,-101.238161765717,19.68777099992
39094,39100,2022,,2022/02/22,11:18:00,SALIDA DE SUPERFICIE DE RODAMIENTO,CONCRETO,Bueno,Bueno,1,CHRYSLER,GRIS,1,,26,FEMENINO,SIN DATOS,0,0,Tarímbaro,Metropolis,febrero,martes,11,-101.204091950573,19.756129123652
39095,39101,2022,,2022/02/22,11:20:00,COLISIÓN POR CORTE DE CIRCULACIÓN,SIN_DATOS,Bueno,Bueno,2,MERCURY,VERDE,2,MINISTERIO PÚBLICO,68,,SIN DATOS,0,0,Morelia,Santa Maria de Guido,febrero,martes,11,-101.190569075665,19.671529700173
39096,39102,2022,,2022/02/22,11:48:00,COLISIÓN POR CORTE DE CIRCULACIÓN,ASFALTO,Bueno,Bueno,1,INTERNATIONAL,BLANCO/AZUL,1,,32,MASCULINO,SIN DATOS,0,0,Morelia,Los Angeles,febrero,martes,12,-101.172848939896,19.7484798358876
39097,39103,2022,,2022/02/22,12:59:00,COLISIÓN POR CAMBIO DE CARRIL,ASFALTO,Bueno,Bueno,2,INTERNATIONAL,BLANCO/AZUL,2,,47,MASCULINO,SIN DATOS,0,0,Morelia,La Camelina,febrero,martes,13,-101.223187998605,19.6689675886375
39098,39104,2022,,2022/02/22,13:10:00,COLISIÓN CONTRA OBJETO FIJO,CONCRETO,Bueno,Bueno,2,KENWORTH,MORADO,2,,39,MASCULINO,SIN DATOS,0,0,Morelia,Canteras de Morelia,febrero,martes,13,-101.171763681543,19.7160885125976
39099,39105,2022,MOR220100299,2022/02/22,13:15:00,COLISIÓN POR ALCANCE,ASFALTO,Bueno,Bueno,2,CHEVROLET,BLANCO,2,,0,MASCULINO,SIN DATOS,0,0,Morelia,La Colina,febrero,martes,13,-101.216169602491,19.7038172770083
39100,39106,2022,,2022/02/22,16:20:00,COLISIÓN POR CORTE DE CIRCULACIÓN,CONCRETO,Bueno,Bueno,2,VOLSKWAGEN,BLANCO GRIS,2,,23,MASCULINO,CON CERTIFICADO,0,0,Morelia,Centro,febrero,martes,16,-101.186512386932,19.705715870822
39101,39107,2022,,2022/02/22,16:30:00,COLISIÓN POR CORTE DE CIRCULACIÓN,CONCRETO,Bueno,Bueno,1,FREIGHTLINER,BLANCO /AZUL,1,,30,MASCULINO,SIN DATOS,0,0,Morelia,Ciudad Jardin,febrero,martes,17,-101.253808371044,19.7017393720372
39102,39108,2022,MOR220100717,2022/02/22,16:30:00,COLISIÓN POR ALCANCE,ASFALTO,Bueno,Regular,2,BAJAJ,ROJO/NEGRO,3,MINISTERIO PÚBLICO,30,MASCULINO,SIN DATOS,1,0,Morelia,Ciudad Industrial,febrero,martes,17,-101.137974858284,19.7286004671672
39103,39109,2022,MOR220100779,2022/02/22,16:50:00,COLISIÓN POR ALCANCE,ASFALTO,Bueno,Bueno,2,VOLKSWAGEN,ROJO,2,,21,MASCULINO,SIN DATOS,0,0,Morelia,Las Americas,febrero,martes,17,-101.159074790776,19.6879749556456
39104,39110,2022,,2022/02/22,17:00:00,COLISIÓN POR MANIOBRA DE REVERSA,ASFALTO,Bueno,Bueno,2,DINA,BLANCO,2,,25,MASCULINO,SIN DATOS,0,0,Morelia,Las Americas,febrero,martes,17,-101.154225996949,19.6895324663006
39105,39111,2022,,2022/02/22,17:30:00,COLISIÓN POR CAMBIO DE CARRIL,CONCRETO,Bueno,Bueno,1,JEEP,BCA,1,,74,MASCULINO,SIN DATOS,0,0,Morelia,Torreon Nuevo,febrero,martes,18,-101.199065856636,19.7361487747286
39106,39112,2022,,2022/02/22,18:50:00,COLISIÓN POR CORTE DE CIRCULACIÓN,ASFALTO,Bueno,Bueno,2,NISSAN,BLANCO/VERDE,2,,63,MASCULINO,SIN DATOS,0,0,Morelia,Niño Artillero,febrero,martes,19,-101.254212073982,19.6969218906365
39107,39113,2022,,2022/02/22,20:06:00,COLISIÓN POR CORTE DE CIRCULACIÓN,ASFALTO,Bueno,Bueno,3,NISSAN,GRIS,3,,55,MASCULINO,ALIENTO ETÍLICO,0,0,Morelia,Tinijaro,febrero,martes,20,-101.262820963903,19.6958405028505
39108,39114,2022,MOR220101460,2022/02/22,21:10:00,COLISIÓN POR ALCANCE,ASFALTO,Bueno,Bueno,2,HONDA,BLANCO,2,,32,MASCULINO,SIN DATOS,0,0,Morelia,Hospitales de Don Vasco,febrero,martes,21,-101.155496083878,19.7010689605087
39109,39115,2022,MOR220101482,2022/02/22,22:50:00,COLISIÓN POR ALCANCE,ASFALTO,Bueno,Bueno,2,TOYOTA,BLANCO,2,,20,MASCULINO,SIN DATOS,0,0,Morelia,Bosques Tres Marias,febrero,martes,23,-101.104444167152,19.727391471146
39110,39116,2022,,2022/02/23,"00:00:00",COLISIÓN POR MANIOBRA DE REVERSA,ASFALTO,Bueno,Bueno,1,PEGUEOT,GRIS,1,,,,SIN DATOS,0,0,Morelia,Chapultepec Sur,febrero,miércoles,0,-101.1692599,19.694649
39111,39117,2022,,2022/02/23,"05:49:00",COLISIÓN POR ALCANCE,ASFALTO,Bueno,Bueno,2,CHRYSLER,AZUL,2,,28,MASCULINO,SIN DATOS,0,0,Morelia,Elias Perez Avalos,febrero,miércoles,6,-101.167813022979,19.7136335493406
39112,39118,2022,,2022/02/23,"08:00:00",COLISIÓN POR ALCANCE,ASFALTO,Bueno,Bueno,2,RENAULT,GRIS,2,,31,MASCULINO,SIN DATOS,0,0,Morelia,Carlos Salazar,febrero,miércoles,8,-101.209658559066,19.7124165765648
39113,39119,2022,,2022/02/23,"09:00:00",COLISIÓN POR CAMBIO DE CARRIL,CONCRETO,Bueno,Bueno,2,ITALIKA,NEGRO,2,,18,MASCULINO,CON CERTIFICADO,0,0,Morelia,Central de Abastos,febrero,miércoles,9,-101.17151733,19.7170050849996
39115,39121,2022,,2022/02/23,12:35:00,COLISIÓN POR INVASIÓN DE CARRIL,CONCRETO,Bueno,Bueno,2,ITALIKA,AZUL,2,,25,MASCULINO,SIN DATOS,0,0,Morelia,Morelos,febrero,miércoles,13,-101.18131852377,19.7261651713381
39116,39122,2022,,2022/02/23,13:00:00,COLISIÓN POR CORTE DE CIRCULACIÓN,CONCRETO,Bueno,Bueno,2,CHEVROLET,GRIS,2,,30,MASCULINO,SIN DATOS,0,0,Morelia,Industrial,febrero,miércoles,13,-101.193117475,19.7116345199991
39117,39123,2022,,2022/02/23,16:00:00,COLISIÓN POR MANIOBRA DE REVERSA,CONCRETO,Bueno,Bueno,2,PEGUEOT,GRIS,2,,,MASCULINO,SIN DATOS,0,0,Morelia,Gral Gertrudis Sanchez,febrero,miércoles,16,-101.2094753,19.7439916449991
39118,39124,2022,,2022/02/23,16:17:00,COLISIÓN POR CAMBIO DE CARRIL,CONCRETO,Bueno,Bueno,2,HYUNDAI,GRIS,2,,27,MASCULINO,SIN DATOS,0,0,Morelia,Lomas de Huerta,febrero,miércoles,16,-101.210020718825,19.6732228500697
39119,39125,2022,,2022/02/23,19:50:00,COLISIÓN POR CAMBIO DE CARRIL,SIN_DATOS,Bueno,Bueno,2,S/D,S,1,MINISTERIO PÚBLICO,16,MASCULINO,ALIENTO ETÍLICO,0,0,Morelia,Erendira,febrero,miércoles,20,-101.164003725,19.7009818599992
39120,39126,2022,,2022/02/23,20:20:00,COLISIÓN POR CAMBIO DE CARRIL,ASFALTO,Bueno,Bueno,2,VOLKSWAGEN,BLANCO Y AZUL,1,,28,MASCULINO,SIN DATOS,0,0,Morelia,Santillan La Huerta,febrero,miércoles,20,-101.219553885717,19.6760966650679
39121,39127,2022,,2022/02/23,20:40:00,COLISIÓN POR NO RESPETAR SEMÁFORO,ASFALTO,Bueno,Bueno,2,HONDA,AMARILLO,2,,62,FEMENINO,SIN DATOS,0,0,Morelia,Santillan La Huerta,febrero,miércoles,21,-101.219553885717,19.6760966650679
39122,39128,2022,MOR220103568,2022/02/23,21:30:00,COLISIÓN POR CAMBIO DE CARRIL,ASFALTO,Bueno,Bueno,2,VOLKSWAGEN,NEGRO,2,,,MASCULINO,SIN DATOS,0,0,Morelia,Chapultepec Oriente,febrero,miércoles,22,-101.16508924,19.6904154299992
39123,39129,2022,,2022/02/23,21:35:00,COLISIÓN POR INVASIÓN DE CARRIL,ASFALTO,Bueno,Bueno,2,VOLSKWAGEN,AZUL,2,MINISTERIO PÚBLICO,65,MASCULINO,SIN DATOS,0,0,Morelia,Plan de La Garita,febrero,miércoles,22,-101.186727999963,19.7113948460519
39124,39130,2022,,2022/02/23,22:40:00,COLISIÓN POR CORTE DE CIRCULACIÓN,ASFALTO,Bueno,Bueno,3,BAJAJ,ROJO Y NEGRO,3,MINISTERIO PÚBLICO,25,MASCULINO,SIN DATOS,1,0,Morelia,Ignacio Zaragoza,febrero,miércoles,23,-101.205275536262,19.7255403889697
39125,39131,2022,,2022/02/23,23:15:00,COLISIÓN POR CORTE DE CIRCULACIÓN,ASFALTO,Bueno,Bueno,2,VELOCI,ROJO,2,MINISTERIO PÚBLICO,18,MASCULINO,SIN DATOS,0,0,Morelia,Guadalupe,febrero,miércoles,23,-101.22120499,19.7082681849992
39126,39132,2022,MOR/220105206,2022/02/24,"00:00:00",COLISIÓN POR INVASIÓN DE CARRIL,CONCRETO,Bueno,Bueno,2,NISSAN,AZUL,2,,67,FEMENINO,SIN DATOS,0,0,Morelia,Centro,febrero,jueves,0,-101.189500184892,19.6971784348472
39127,39133,2022,MOR220104070,2022/02/24,"08:00:00",COLISIÓN POR CORTE DE CIRCULACIÓN,ASFALTO,Bueno,Bueno,2,BAJAJ,NEGRO/ROJO,1,,,,SIN DATOS,0,0,Morelia,Vista Bella,febrero,jueves,8,-101.199455105,19.6808829599992
39128,39134,2022,,2022/02/24,"09:30:00",COLISIÓN CON PEATÓN,CONCRETO,Bueno,Bueno,2,FORD,NEGRO,2,,40,MASCULINO,SIN DATOS,0,0,Morelia,Indeco Santiaguito,febrero,jueves,10,-101.178538606249,19.7201126277835
39129,39135,2022,,2022/02/24,"09:49:00",COLISIÓN POR CORTE DE CIRCULACIÓN,ASFALTO,Bueno,Bueno,2,CHRYSLER,BLANCO/VERDE,2,,41,MASCULINO,SIN DATOS,0,0,Morelia,Loma Bonita,febrero,jueves,10,-101.190957522864,19.6570761275094
39130,39136,2022,,2022/02/24,10:00:00,COLISIÓN CONTRA OBJETO FIJO,ASFALTO,Bueno,Bueno,1,CHEVROLET,GRIS,0,MINISTERIO PÚBLICO,,,,0,0,Lázaro Cárdenas,El Mirador,febrero,jueves,10,-102.208754667506,17.9750123339747
39131,39137,2022,,2022/02/24,11:00:00,COLISIÓN POR CORTE DE CIRCULACIÓN,ASFALTO,Bueno,Bueno,2,CHEVROLET,BLANCO,2,,54,FEMENINO,SIN DATOS,0,0,Morelia,Jardines de Guadalupe,febrero,jueves,11,-101.221722476184,19.7103741236989
39132,39138,2022,,2022/02/24,12:00:00,COLISIÓN POR CORTE DE CIRCULACIÓN,ASFALTO,Bueno,Bueno,2,CHEVROLET,GRIS,2,MINISTERIO PÚBLICO,,,SIN DATOS,0,0,Lázaro Cárdenas,Jose Green,febrero,jueves,12,-102.202389663591,17.9670629910706
39133,39139,2022,,2022/02/24,13:10:00,COLISIÓN POR CORTE DE CIRCULACIÓN,CONCRETO,Bueno,Bueno,2,NISSAN,AZUL,2,,67,FEMENINO,SIN DATOS,0,0,Morelia,Centro,febrero,jueves,13,-101.187809783631,19.6970864061128
39134,39140,2022,,2022/02/24,13:15:00,COLISIÓN POR ALCANCE,ASFALTO,Bueno,Bueno,2,NISSAN,BLANCO,2,,51,,SIN DATOS,0,0,Morelia,El Lago 3,febrero,jueves,13,-101.2184574963,19.7271465378072
39135,39141,2022,MOR220104816,2022/02/24,13:15:00,COLISIÓN POR CORTE DE CIRCULACIÓN,ASFALTO,Bueno,Bueno,2,FORD,BLANCO,2,,44,FEMENINO,SIN DATOS,0,0,Morelia,Felix Ireta,febrero,jueves,13,-101.19186241858,19.6822841576732
39136,39142,2022,,2022/02/24,15:40:00,COLISIÓN POR CAMBIO DE CARRIL,CONCRETO,Nublado,Regular,2,NISSAN,BLANCO Y  GUINDA,2,,31,MASCULINO,SIN DATOS,0,0,Morelia,Loma de La Virgen,febrero,jueves,16,-101.200319423593,19.6628743693874
39137,39143,2022,,2022/02/24,15:57:00,COLISIÓN POR CORTE DE CIRCULACIÓN,ASFALTO,Bueno,Bueno,2,KENWORTH,AMARILLO,2,,28,MASCULINO,SIN DATOS,0,0,Morelia,Arcos del Valle,febrero,jueves,16,-101.236250021242,19.7076211278821
39138,39144,2022,MOR220---,2022/02/24,16:00:00,COLISIÓN POR ALCANCE,ASFALTO,Lluvioso,Regular,2,HONDA,BLANCO,2,,21,FEMENINO,SIN DATOS,0,0,Morelia,Villas Lomas del Paraiso,febrero,jueves,16,-101.171407557346,19.6704905559129
39139,39145,2022,MOR220105313,2022/02/24,16:25:00,COLISIÓN CONTRA OBJETO FIJO,CONCRETO,Lluvioso,Bueno,3,RAM,BLANCO,3,,25,MASCULINO,SIN DATOS,0,0,Morelia,Lomas de Vista Bella,febrero,jueves,16,-101.200998723507,19.6705315122305
39140,39146,2022,MOR220105270,2022/02/24,17:15:00,COLISIÓN POR CAMBIO DE CARRIL,ASFALTO,Nublado,Bueno,2,ISUZU,BLANCO,2,,33,MASCULINO,SIN DATOS,0,0,Morelia,Sentimientos de La Nacion,febrero,jueves,17,-101.235564686358,19.6818581798319
39141,39147,2022,LEG41840,2022/02/24,17:25:00,COLISIÓN POR ALCANCE,ASFALTO,Lluvioso,Bueno,2,FORD,ROJO,2,,65,MASCULINO,SIN DATOS,0,0,Morelia,Morelos,febrero,jueves,17,-101.209221340038,19.69816624097
39142,39148,2022,MOR220105536,2022/02/24,19:15:00,COLISIÓN CONTRA OBJETO FIJO,ASFALTO,Bueno,Bueno,1,JEEP,AZUL,0,,,,,0,0,Morelia,Praderas del Indio,febrero,jueves,19,-101.230138211764,19.6458092590114
39143,39149,2022,,2022/02/24,19:56:00,COLISIÓN POR CORTE DE CIRCULACIÓN,ASFALTO,Bueno,Bueno,2,CHEVROLET,PLATA,2,,29,MASCULINO,SIN DATOS,0,0,Morelia,Nueva Valladolid,febrero,jueves,20,-101.209705113008,19.7020209595423
39144,39150,2022,LEG41835,2022/02/24,20:05:00,COLISIÓN POR ALCANCE,ASFALTO,Bueno,Bueno,1,NISSAN,BLANCO,1,,45,MASCULINO,SIN DATOS,0,0,Morelia,Industrial,febrero,jueves,20,-101.197431995118,19.7131556506924
39145,39151,2022,,2022/02/24,20:10:00,COLISIÓN POR ALCANCE,ASFALTO,Bueno,Bueno,2,INTERNATIONAL,BLANCO Y NARANJA,2,,33,,SIN DATOS,0,0,Morelia,Villas del Pedregal,febrero,jueves,20,-101.304505839944,19.6876074792991
39146,39152,2022,,2022/02/24,20:16:00,COLISIÓN POR ALCANCE,CONCRETO,Bueno,Bueno,2,NISSAN,ROJO,2,,32,MASCULINO,SIN DATOS,0,0,Morelia,Vasco de Quiroga,febrero,jueves,20,-101.168885031209,19.7044372601109
39147,39153,2022,,2022/02/24,22:00:00,COLISIÓN POR CORTE DE CIRCULACIÓN,ASFALTO,Bueno,Bueno,2,FORD,BLANCO,0,MINISTERIO PÚBLICO,,,,0,0,Lázaro Cárdenas,Infonavit Nuevo Horizonte,febrero,jueves,22,-102.208809256554,17.9563772535994