fid,id_accidente,anio_origen,folio_c5i,dia_incidente,hora_ocurrencia,tipo_incidente_vial,superficie_ocurrencia,condiciones_climaticas,condiciones_via,numero_vehiculos_involucrados,marca_vehiculo_ocasiona_siniestro,color_vehiculo_ocasiona_siniestro,numero_personas_involucradas,lugar_remite_presunto_responsable,edad_presunto_responsable,sexo_presunto_responsable,resultados_toxicologia,numero_personas_lesionadas,numero_personas_fallecidas,municipio,colonia,mes,dia_semana,hora_redondeada,lon,lat
39148,39154,2022,,2022/02/24,22:02:00,COLISIÓN POR CORTE DE CIRCULACIÓN,ASFALTO,Bueno,Bueno,2,HONDA,PLATA,2,,50,MASCULINO,SIN DATOS,0,0,Morelia,Centro,febrero,jueves,22,-101.198105321013,19.705618050678
39149,39155,2022,,2022/02/24,22:50:00,COLISIÓN POR CORTE DE CIRCULACIÓN,ASFALTO,Bueno,Bueno,2,YAMAHA,NEGRO,2,,17,MASCULINO,SIN DATOS,0,0,Peribán,Sin datos,febrero,jueves,23,-102.447164126419,19.5550495637901
39150,39156,2022,,2022/02/24,23:15:00,COLISIÓN POR CORTE DE CIRCULACIÓN,CONCRETO,Bueno,Regular,2,KURAZAI,NEGRO,2,MINISTERIO PÚBLICO,17,MASCULINO,SIN DATOS,0,0,Morelia,Independencia,febrero,jueves,23,-101.178934506383,19.7107307015326
39151,39157,2022,,2022/02/25,"09:30:00",COLISIÓN POR CAMBIO DE CARRIL,ASFALTO,Bueno,Bueno,2,DODGE,ROJO,2,,38,MASCULINO,SIN DATOS,0,0,Morelia,Arcos del Valle,febrero,viernes,10,-101.236247948624,19.7076236242874
39152,39158,2022,LEG41857,2022/02/25,11:10:00,COLISIÓN POR MANIOBRA DE REVERSA,ASFALTO,Bueno,Bueno,2,TOYOTA,BLANCO,2,,26,MASCULINO,SIN DATOS,0,0,Morelia,Ventura Puente,febrero,viernes,11,-101.181389398195,19.692670227554
39153,39159,2022,,2022/02/25,13:51:00,COLISIÓN POR MANIOBRA DE REVERSA,ASFALTO,Bueno,Bueno,1,KIA,AZUL,1,MINISTERIO PÚBLICO,46,FEMENINO,SIN DATOS,0,0,Morelia,Chapultepec Norte,febrero,viernes,14,-101.173227161847,19.6945049026545
39154,39160,2022,,2022/02/25,15:15:00,COLISIÓN POR INVASIÓN DE CARRIL,ASFALTO,Lluvioso,Regular,2,HYUNDAHI,AZUL/AMARILLO,2,MINISTERIO PÚBLICO,,,SIN DATOS,1,0,Hidalgo,Centro,febrero,viernes,15,-100.553271,19.691029
39155,39161,2022,,2022/02/25,15:30:00,COLISIÓN POR CAMBIO DE CARRIL,ASFALTO,Bueno,Bueno,2,FREIGHTLINER,BLANCO,2,,50,MASCULINO,SIN DATOS,0,0,Morelia,Martires de Uruapan,febrero,viernes,16,-101.198504604399,19.7290019049459
39156,39162,2022,,2022/02/25,15:35:00,COLISIÓN POR CORTE DE CIRCULACIÓN,ASFALTO,Bueno,Bueno,2,KEENWORTH,VERDE,2,,38,MASCULINO,SIN DATOS,0,0,Morelia,Dr Miguel Silva,febrero,viernes,16,-101.188237748372,19.7212753414958
39157,39163,2022,,2022/02/25,15:50:00,CAIDA DE MOTOCICLETA,ASFALTO,Bueno,Bueno,2,KURAZAI,ROJO,3,MINISTERIO PÚBLICO,33,MASCULINO,SIN DATOS,0,1,Peribán,Sin datos,febrero,viernes,16,-102.420192202189,19.4666363691149
39158,39164,2022,,2022/02/25,16:00:00,COLISIÓN POR ALCANCE,ASFALTO,Bueno,Bueno,3,DODGE,GRIS,0,MINISTERIO PÚBLICO,,,,0,0,Lázaro Cárdenas,Jose Green,febrero,viernes,16,-102.202359244916,17.9670215596732
39159,39165,2022,LEG41858,2022/02/25,16:00:00,COLISIÓN POR ALCANCE,ASFALTO,Bueno,Bueno,2,NISSAN,GRIS,2,,,MASCULINO,SIN DATOS,0,0,Tarímbaro,Sin datos,febrero,viernes,16,-101.159622967243,19.7671496114692
39160,39166,2022,LEG41859,2022/02/25,16:10:00,COLISIÓN POR ALCANCE,ASFALTO,Bueno,Bueno,2,NISSAN,CAFE,2,MINISTERIO PÚBLICO,,MASCULINO,SIN DATOS,0,0,Tarímbaro,Sin datos,febrero,viernes,16,-101.159382604741,19.7673772159001
39161,39167,2022,,2022/02/25,17:45:00,COLISIÓN POR CORTE DE CIRCULACIÓN,ASFALTO,Bueno,Bueno,2,VOLKSWAGEN,NEGRO,3,MINISTERIO PÚBLICO,,,,3,0,Morelia,Los Angeles,febrero,viernes,18,-101.175002387978,19.7442987388694
39162,39168,2022,,2022/02/25,18:00:00,COLISIÓN POR CORTE DE CIRCULACIÓN,ASFALTO,Bueno,Bueno,2,NISSAN,BLANCO,2,,39,MASCULINO,SIN DATOS,0,0,Morelia,El Lago 1,febrero,viernes,18,-101.212254583157,19.7267119573741
39163,39169,2022,LEG41860,2022/02/25,18:10:00,SUBIDA AL CAMELLÓN,ASFALTO,Bueno,Bueno,1,FORD,BLANCO,1,,,MASCULINO,SIN DATOS,0,0,Tarímbaro,Sin datos,febrero,viernes,18,-101.159356697037,19.767402686922
39164,39170,2022,LEG41861,2022/02/25,18:10:00,VOLCADURA,ASFALTO,Bueno,Bueno,1,TORNO,AZUL,1,,,MASCULINO,SIN DATOS,0,0,Tarímbaro,Club Erandeni,febrero,viernes,18,-101.18179846555,19.7591160710544
39165,39171,2022,,2022/02/25,18:30:00,COLISIÓN POR CORTE DE CIRCULACIÓN,ASFALTO,Bueno,Bueno,2,FREIGHLINER,BLANCO,2,,30,MASCULINO,SIN DATOS,0,0,Morelia,Ciudad Industrial,febrero,viernes,19,-101.141266050657,19.7264811963173
39166,39172,2022,,2022/02/25,19:40:00,COLISIÓN POR CORTE DE CIRCULACIÓN,ASFALTO,Bueno,Bueno,2,PULSAR,ROJO,2,,22,MASCULINO,SIN DATOS,0,0,Morelia,Villa Universidad,febrero,viernes,20,-101.214074766769,19.6879225533694
39167,39173,2022,LEG41862,2022/02/25,20:32:00,COLISIÓN POR ALCANCE,ASFALTO,Bueno,Bueno,2,SEAT,ROJO,2,,,MASCULINO,SIN DATOS,0,0,Morelia,Alberto Oviedo Mota,febrero,viernes,21,-101.19948364117,19.6810520245107
39168,39174,2022,MOR220105803,2022/02/25,23:30:00,COLISIÓN CONTRA OBJETO FIJO,ASFALTO,Bueno,Bueno,3,CHEVROLET,VERDE,5,MINISTERIO PÚBLICO,32,MASCULINO,SIN DATOS,2,0,Morelia,Tzindurio de Morelos,febrero,viernes,0,-101.245022551582,19.699792177873
39169,39175,2022,,2022/02/26,"02:40:00",COLISIÓN POR INVASIÓN DE CARRIL,ASFALTO,Bueno,Bueno,2,NISSAN,BLANCO,2,,27,MASCULINO,SIN DATOS,0,0,Morelia,Eduardo Ruiz,febrero,sábado,3,-101.222908286884,19.7204468328073
39170,39176,2022,,2022/02/26,"03:25:00",COLISIÓN POR ALCANCE,ASFALTO,Bueno,Bueno,2,VOLKSWAGEN,VERDE/NEGRO,2,,21,MASCULINO,SIN DATOS,0,0,Morelia,Campestre Los Manantiales,febrero,sábado,3,-101.238360919737,19.6882461500659
39171,39177,2022,,2022/02/26,"06:30:00",SALIDA DE SUPERFICIE DE RODAMIENTO,CONCRETO,Bueno,Bueno,1,DINAMO,AZUL,1,,,,SIN DATOS,0,0,Morelia,Santa Cecilia,febrero,sábado,7,-101.187317080117,19.6666480228229
39172,39178,2022,MOR220180836,2022/02/26,"08:05:00",COLISIÓN CONTRA OBJETO FIJO,CONCRETO,Bueno,Bueno,1,CHEVROLET,PLATA,1,,45,MASCULINO,SIN DATOS,0,0,Morelia,Reforma,febrero,sábado,8,-101.237971328877,19.7073136679062
39173,39179,2022,,2022/02/26,"08:20:00",COLISIÓN CONTRA OBJETO FIJO,TERRACERIA,Bueno,Bueno,1,FORD,GRIS,1,,,,SIN DATOS,0,0,Morelia,Sentimientos de La Nacion,febrero,sábado,8,-101.236872903324,19.6848039557047
39174,39180,2022,,2022/02/26,"09:00:00",COLISIÓN CONTRA OBJETO FIJO,ASFALTO,Bueno,Bueno,1,SUZUKI,GRIS,1,,,,SIN DATOS,0,0,Tarímbaro,Sin datos,febrero,sábado,9,-101.162395365536,19.7646612011409
39175,39181,2022,LEG41869,2022/02/26,"09:10:00",COLISIÓN POR ALCANCE,ASFALTO,Bueno,Bueno,2,CHRYSLER,GRIS,2,,35,MASCULINO,SIN DATOS,0,0,Morelia,Ejidal Ocolusen,febrero,sábado,9,-101.152176850222,19.6840059368991
39176,39182,2022,MOR220108425,2022/02/26,"09:20:00",COLISIÓN POR CORTE DE CIRCULACIÓN,CONCRETO,Bueno,Bueno,2,FORD,PLATA,2,,33,MASCULINO,SIN DATOS,0,0,Morelia,Adolfo Lopez Mateos,febrero,sábado,9,-101.225606619633,19.6945679779438
39177,39183,2022,MOR220108940,2022/02/26,14:05:00,COLISIÓN POR ALCANCE,ASFALTO,Bueno,Regular,2,HONDA,NEGRO,2,,28,MASCULINO,SIN DATOS,0,0,Morelia,Alberto Oviedo Mota,febrero,sábado,14,-101.201935515486,19.6778189823395
39178,39184,2022,,2022/02/26,14:30:00,COLISIÓN POR CORTE DE CIRCULACIÓN,ASFALTO,Bueno,Bueno,2,FORD,GRIS,5,MINISTERIO PÚBLICO,,,,5,0,Irimbo,Sin datos,febrero,sábado,15,-100.494730509818,19.6920714060331
39179,39185,2022,,2022/02/26,14:30:00,COLISIÓN POR INVASIÓN DE CARRIL,ASFALTO,Bueno,Regular,2,NISSAN,BLANCO,1,MINISTERIO PÚBLICO,,,,1,0,Hidalgo,Centro,febrero,sábado,15,-100.553271,19.691029
39180,39186,2022,,2022/02/26,14:36:00,COLISIÓN POR ALCANCE,ASFALTO,Bueno,Bueno,2,NISSAN,ROJO,2,,30,MASCULINO,SIN DATOS,0,0,Morelia,Lomas de Guayangareo,febrero,sábado,15,-101.157954236999,19.702565108136
39181,39187,2022,,2022/02/26,16:30:00,COLISIÓN POR ALCANCE,ASFALTO,Bueno,Bueno,2,VOLKSWAGEN,NEGRO,2,,27,MASCULINO,SIN DATOS,0,0,Morelia,Montaña Monarca,febrero,sábado,17,-101.160980469811,19.6718591849298
39182,39188,2022,LEG41874,2022/02/26,19:40:00,SUBIDA AL CAMELLÓN,ASFALTO,Bueno,Bueno,1,CHEVROLET,AZUL,1,,62,MASCULINO,ALIENTO ETÍLICO,0,0,Morelia,Ana Maria Gallaga (Riviera Norte),febrero,sábado,20,-101.219392611898,19.6769246408473
39183,39189,2022,,2022/02/26,21:10:00,COLISIÓN POR ALCANCE,CONCRETO,Bueno,Bueno,2,CHEVROLET,BLANCO,2,,26,MASCULINO,SIN DATOS,0,0,Morelia,Las Flores,febrero,sábado,21,-101.208887069739,19.7083404355729
39184,39190,2022,,2022/02/27,"00:00:00",COLISIÓN CONTRA OBJETO FIJO,CONCRETO,Bueno,Bueno,2,CHEVROLET,GRIS,2,,59,MASCULINO,SIN DATOS,0,0,Morelia,Felix Ireta,febrero,domingo,0,-101.191962361336,19.6891535144617
39185,39191,2022,,2022/02/27,"00:01:00",COLISIÓN POR INVASIÓN DE CARRIL,ASFALTO,Bueno,Bueno,2,KEENWORTH,ROJO,0,MINISTERIO PÚBLICO,,,,0,0,Charo,La Goleta,febrero,domingo,0,-101.083293668926,19.7372712358352
39186,39192,2022,,2022/02/27,"01:45:00",CAIDA DE MOTOCICLETA,ASFALTO,Bueno,Bueno,1,HONDA,BLANCO,0,,,,,0,0,Morelia,Mujeres Mexicanas,febrero,domingo,2,-101.225237511098,19.7556567569863
39187,39193,2022,MOR220110574,2022/02/27,"01:50:00",COLISIÓN POR CORTE DE CIRCULACIÓN,ASFALTO,Bueno,Regular,2,NISSAN,BLANCO,2,MINISTERIO PÚBLICO,27,MASCULINO,CON CERTIFICADO,0,0,Morelia,Sin datos,febrero,domingo,2,-101.351817355238,19.5361579509252
39188,39194,2022,,2022/02/27,"04:50:00",COLISIÓN CONTRA OBJETO FIJO,ASFALTO,Bueno,Bueno,1,HONDA,VERDE,1,,27,MASCULINO,SIN DATOS,0,0,Morelia,La Hacienda,febrero,domingo,5,-101.315301731229,19.6769703883631
39189,39195,2022,,2022/02/27,10:40:00,COLISIÓN POR ALCANCE,CONCRETO,Bueno,Bueno,2,NISSAN,GRIS,2,,71,MASCULINO,SIN DATOS,0,0,Morelia,Ventura Puente,febrero,domingo,11,-101.195334141912,19.694177875001
39190,39196,2022,,2022/02/27,13:00:00,COLISIÓN POR CORTE DE CIRCULACIÓN,ASFALTO,Bueno,Bueno,2,NISSAN,ROJO,0,MINISTERIO PÚBLICO,,,,0,0,Lázaro Cárdenas,Jose Green,febrero,domingo,13,-102.201674184337,17.9661346238902
39191,39197,2022,,2022/02/27,16:35:00,COLISIÓN POR CORTE DE CIRCULACIÓN,ASFALTO,Bueno,Bueno,2,CHEVROLET,ROJO,2,,39,MASCULINO,SIN DATOS,0,0,Morelia,Jardines del Rincon,febrero,domingo,17,-101.150384768844,19.6907042410622
39192,39198,2022,,2022/02/27,16:40:00,COLISIÓN CON PEATÓN,SIN_DATOS,Bueno,Bueno,1,MERCEDES BENZ,VERDE,2,,,MASCULINO,SIN DATOS,1,0,Morelia,Centro,febrero,domingo,17,-101.189704947174,19.6959574644148
39193,39199,2022,,2022/02/27,17:30:00,COLISIÓN POR ALCANCE,ASFALTO,Bueno,Bueno,2,CHEVROLET,GRIS,2,,30,MASCULINO,SIN DATOS,0,0,Morelia,Canteras de Morelia,febrero,domingo,18,-101.171493113719,19.7147474052891
39194,39200,2022,,2022/02/27,17:50:00,COLISIÓN CONTRA OBJETO FIJO,CONCRETO,Bueno,Bueno,1,VOLKSWAGEN,GRIS,1,,,MASCULINO,SIN DATOS,0,0,Morelia,La Aldea,febrero,domingo,18,-101.131949580528,19.7586300590945
39195,39201,2022,,2022/02/27,20:20:00,COLISIÓN POR ALCANCE,ASFALTO,Bueno,Bueno,2,MAZDA,NEGRO,2,,28,MASCULINO,SIN DATOS,0,0,Morelia,Villas del Real,febrero,domingo,20,-101.198849095407,19.7336674849651
39196,39202,2022,M OR220,2022/02/27,21:12:00,COLISIÓN POR ALCANCE,ASFALTO,Bueno,Bueno,1,TOYOTA,ROJO,1,,27,MASCULINO,SIN DATOS,0,0,Morelia,Sin datos,febrero,domingo,21,-101.310311450876,19.6512178098071
39197,39203,2022,,2022/02/27,21:20:00,VOLCADURA,ASFALTO,Bueno,Bueno,1,FORD,GRIS,1,,26,MASCULINO,SIN DATOS,0,0,Morelia,Rinconada del Valle,febrero,domingo,21,-101.219158650123,19.6779093001643
39198,39204,2022,,2022/02/27,22:05:00,COLISIÓN POR CAMBIO DE CARRIL,CONCRETO,Bueno,Bueno,2,NISSAN ESTACAS,AZUL,2,,71,MASCULINO,SIN DATOS,0,0,Morelia,Centro,febrero,domingo,22,-101.17786064744,19.7048606814243
39199,39205,2022,,2022/02/27,22:15:00,COLISIÓN CONTRA OBJETO FIJO,CONCRETO,Bueno,Bueno,1,SEAT,GRIS,1,,35,FEMENINO,SIN DATOS,0,0,Morelia,Loma Real,febrero,domingo,22,-101.199301586233,19.7314338641952
39200,39206,2022,,2022/02/28,"00:00:00",COLISIÓN POR CAMBIO DE CARRIL,ASFALTO,Bueno,Bueno,2,NISSAN,PLATA,2,,69,MASCULINO,SIN DATOS,0,0,Morelia,Tinijaro,febrero,lunes,0,-101.261847347699,19.6966621033506
39201,39207,2022,,2022/02/28,"03:00:00",COLISIÓN POR ALCANCE,CONCRETO,Bueno,Regular,2,CHEVROLET,GRIS,2,,36,MASCULINO,ALIENTO ETÍLICO,0,0,Morelia,Solidaridad,febrero,lunes,3,-101.205687895417,19.7331235270357
39202,39208,2022,,2022/02/28,"09:00:00",COLISIÓN POR CORTE DE CIRCULACIÓN,CONCRETO,Bueno,Bueno,2,VOLKSWAGEN,AZUL,2,,60,MASCULINO,SIN DATOS,0,0,Morelia,Rector Hidalgo,febrero,lunes,9,-101.225679100238,19.6834947573706
39203,39209,2022,MOR220113001,2022/02/28,"09:55:00",SALIDA DE SUPERFICIE DE RODAMIENTO,ASFALTO,Bueno,Bueno,1,NISSAN,BLANCO,0,,,,,0,0,Charo,Sin datos,febrero,lunes,10,-101.019437648356,19.7692560372389
39204,39210,2022,,2022/02/28,15:15:00,COLISIÓN POR CORTE DE CIRCULACIÓN,CONCRETO,Bueno,Bueno,2,KENWORTH,ROJO,1,,62,MASCULINO,SIN DATOS,0,0,Morelia,Central de Abastos,febrero,lunes,15,-101.171539717101,19.7161074211537
39205,39211,2022,,2022/02/28,16:00:00,COLISIÓN POR ALCANCE,ASFALTO,Bueno,Bueno,2,KENWORTH,BLANCO,2,,52,MASCULINO,SIN DATOS,0,0,Morelia,Ana Maria Gallaga (Riviera Norte),febrero,lunes,16,-101.223593377933,19.6766290897611
39206,39212,2022,,2022/02/28,19:00:00,COLISIÓN POR CORTE DE CIRCULACIÓN,ASFALTO,Bueno,Bueno,2,FORD,AZUL,2,,48,MASCULINO,SIN DATOS,0,0,Morelia,Felix Ireta,febrero,lunes,19,-101.180873743511,19.6849298842885
39207,39213,2022,,2022/02/28,19:00:00,COLISIÓN CON PEATÓN,ASFALTO,Bueno,Bueno,1,ITALIKA,GRIS,1,MINISTERIO PÚBLICO,24,MASCULINO,SIN DATOS,0,0,Morelia,La Esperanza,febrero,lunes,19,-101.252245344222,19.6981166542396
39208,39214,2022,MOR220114703,2022/02/28,19:30:00,COLISIÓN POR CAMBIO DE CARRIL,ASFALTO,Bueno,Regular,2,INTERNATIONAL,BLANCO/NARANJA,2,,32,MASCULINO,SIN DATOS,0,0,Morelia,Tzindurio de Morelos,febrero,lunes,20,-101.243648529053,19.6999723869423
39209,39215,2022,,2022/02/28,21:00:00,COLISIÓN POR CORTE DE CIRCULACIÓN,ASFALTO,Bueno,Bueno,2,FORD,ROJO,2,,48,FEMENINO,SIN DATOS,0,0,Morelia,Villa Universidad,febrero,lunes,21,-101.202384084463,19.6851388371543
39210,39216,2022,,2022/02/28,23:50:00,COLISIÓN CONTRA OBJETO FIJO,ASFALTO,Bueno,Bueno,1,VOLKSWAGEN,ROJO,1,,28,MASCULINO,SIN DATOS,0,0,Morelia,Ciudad Industrial,febrero,lunes,0,-101.14156331867,19.7259699516598
39211,39217,2022,,2022/03/01,"06:35:00",COLISIÓN POR INVASIÓN DE CARRIL,CONCRETO,Bueno,Bueno,2,NISSAN,BLANCO Y ROSA,2,,51,MASCULINO,SIN DATOS,0,0,Morelia,Agustin Arriaga Rivera,marzo,martes,7,-101.225919127464,19.6880876233503
39212,39218,2022,,2022/03/01,"08:20:00",SALIDA DE SUPERFICIE DE RODAMIENTO,TERRACERIA,Bueno,Bueno,1,CHEVROLET,BLANCO,0,,,,,0,0,Morelia,Santa Fe,marzo,martes,8,-101.174667538569,19.738086718607
39213,39219,2022,,2022/03/01,10:35:00,COLISIÓN POR ALCANCE,ASFALTO,Bueno,Bueno,2,VOLKSWAGEN,ROJO,2,,37,MASCULINO,SIN DATOS,0,0,Morelia,Puerto de Buenavista,marzo,martes,11,-101.130140796304,19.6859895976201
39214,39220,2022,,2022/03/01,11:00:00,COLISIÓN POR ALCANCE,ASFALTO,Bueno,Regular,2,JEEP,BLANCO,2,,38,MASCULINO,SIN DATOS,0,0,Morelia,Las Americas,marzo,martes,11,-101.153629266404,19.6874338281366
39215,39221,2022,,2022/03/01,11:25:00,COLISIÓN POR CAMBIO DE CARRIL,ASFALTO,Bueno,Bueno,2,CHEVROLET SILVERADO,ROJO/BLANCO,2,,45,MASCULINO,SIN DATOS,0,0,Morelia,Campestre Los Manantiales,marzo,martes,11,-101.23816408217,19.6877716025747
39216,39222,2022,,2022/03/01,11:30:00,COLISIÓN POR CAMBIO DE CARRIL,CONCRETO,Bueno,Bueno,2,JEEP,VERDE,2,,55,MASCULINO,SIN DATOS,0,0,Morelia,San Rafael,marzo,martes,12,-101.15547154776,19.701052919716
39217,39223,2022,,2022/03/01,12:05:00,COLISIÓN POR ALCANCE,ASFALTO,Bueno,Bueno,2,NISSAN,GRIS,2,,31,FEMENINO,SIN DATOS,0,0,Morelia,Jose Ma Pino Suarez,marzo,martes,12,-101.164610839712,19.7271149779027
39218,39224,2022,,2022/03/01,19:49:00,COLISIÓN POR INVASIÓN DE CARRIL,ASFALTO,Bueno,Regular,2,RAMBLER,AZUL,2,,77,MASCULINO,ALIENTO ETÍLICO,0,0,Morelia,Las Flores,marzo,martes,20,-101.208839125253,19.7083382261295
39219,39225,2022,,2022/03/01,21:25:00,COLISIÓN POR CAMBIO DE CARRIL,ASFALTO,Bueno,Bueno,2,CHE,PLATA,2,,20,MASCULINO,SIN DATOS,0,0,Morelia,Los Alamos,marzo,martes,21,-101.228834719144,19.7038510797228
39220,39226,2022,,2022/03/01,22:10:00,COLISIÓN POR CORTE DE CIRCULACIÓN,CONCRETO,Bueno,Bueno,2,VENTO,AMARILLO,2,MINISTERIO PÚBLICO,23,MASCULINO,SIN DATOS,0,0,Morelia,Felicitas del Rio,marzo,martes,22,-101.20034222237,19.6913649389655
39222,39228,2022,,2022/03/02,"08:14:00",COLISIÓN POR NO RESPETAR SEMÁFORO,ASFALTO,Bueno,Bueno,2,VOLKSWAGEN,BLANCO,2,,22,FEMENINO,SIN DATOS,0,0,Morelia,Las Americas,marzo,miércoles,8,-101.15527803761,19.6905832056681
39224,39230,2022,MOR220117586,2022/03/02,"09:15:00",COLISIÓN POR CORTE DE CIRCULACIÓN,ASFALTO,Bueno,Bueno,2,CHEVROLET,BLANCO,2,,75,MASCULINO,SIN DATOS,0,0,Morelia,Residencial Alborada,marzo,miércoles,9,-101.233037671689,19.7051368159066
39225,39231,2022,,2022/03/02,"09:50:00",COLISIÓN POR CORTE DE CIRCULACIÓN,CONCRETO,Bueno,Bueno,2,NISSAN,ROJO,2,,57,FEMENINO,SIN DATOS,0,0,Morelia,Buenavista,marzo,miércoles,10,-101.159834727237,19.7065842522275
39226,39232,2022,,2022/03/02,11:20:00,COLISIÓN POR MANIOBRA DE REVERSA,ASFALTO,Bueno,Bueno,2,VOLKSWAGEN,ROJO,2,,52,MASCULINO,SIN DATOS,0,0,Morelia,Eduardo Ruiz,marzo,miércoles,11,-101.218978555514,19.7196729565452
39227,39233,2022,,2022/03/02,12:15:00,COLISIÓN POR ALCANCE,ASFALTO,Bueno,Bueno,2,FORD,BLANCO,2,,40,,SIN DATOS,0,0,Morelia,Adolfo Lopez Mateos,marzo,miércoles,12,-101.223653566477,19.6936604782947
39228,39234,2022,,2022/03/02,12:17:00,COLISIÓN POR CORTE DE CIRCULACIÓN,ASFALTO,Bueno,Bueno,2,VOLKSWAGEN,CAFE,2,,33,MASCULINO,SIN DATOS,0,0,Morelia,Justo Mendoza,marzo,miércoles,12,-101.229545625,19.7130364299991
39229,39235,2022,,2022/03/02,13:20:00,COLISIÓN POR ALCANCE,ASFALTO,Bueno,Bueno,2,NAVISTAR,BLANCO,2,MINISTERIO PÚBLICO,31,MASCULINO,SIN DATOS,0,0,Morelia,Morelos,marzo,miércoles,13,-101.208224394568,19.696012020912
39230,39236,2022,,2022/03/02,14:10:00,COLISIÓN CONTRA OBJETO FIJO,CONCRETO,Bueno,Bueno,1,HONDA,ROJO,2,MINISTERIO PÚBLICO,,,SIN DATOS,1,0,Morelia,Cundagua,marzo,miércoles,14,-101.168410515522,19.6807547216546
39231,39237,2022,,2022/03/02,15:00:00,CAIDA ACUATICA DE VEHÍCULO,ASFALTO,Bueno,Bueno,1,CHRYSLER,CAFE,1,,51,MASCULINO,SIN DATOS,0,0,Peribán,Sin datos,marzo,miércoles,15,-102.451005417388,19.5255532132104
39232,39238,2022,,2022/03/02,15:10:00,COLISIÓN POR CORTE DE CIRCULACIÓN,ASFALTO,Bueno,Bueno,2,TOYOTA,BLANCO GRIS,1,,57,MASCULINO,SIN DATOS,0,0,Morelia,Alfonso Garcia Robles,marzo,miércoles,15,-101.183728705,19.7190813149991
39233,39239,2022,,2022/03/02,16:00:00,VOLCADURA,ASFALTO,Bueno,Bueno,1,NISSAN,AZUL,0,,,,,0,0,Morelia,Los Angeles,marzo,miércoles,16,-101.173346367746,19.7477108219987
39234,39240,2022,,2022/03/02,16:15:00,COLISIÓN POR CAMBIO DE CARRIL,CONCRETO,Bueno,Bueno,2,CHEVROLET,ROJO,2,,21,MASCULINO,SIN DATOS,0,0,Morelia,Nueva Valladolid,marzo,miércoles,16,-101.211171435,19.7020055149992
39235,39241,2022,,2022/03/02,18:20:00,COLISIÓN POR INVASIÓN DE CARRIL,ASFALTO,Bueno,Bueno,3,CHEVROLET,NEGRA,6,MINISTERIO PÚBLICO,28,MASCULINO,SIN DATOS,3,0,Morelia,Los Angeles,marzo,miércoles,18,-101.167963479351,19.7444751194994
39236,39242,2022,MOR 220119168,2022/03/02,18:30:00,COLISIÓN POR CAMBIO DE CARRIL,ASFALTO,Bueno,Bueno,2,KENWORTH,BLANCO,2,,38,MASCULINO,SIN DATOS,0,0,Morelia,Sin datos,marzo,miércoles,19,-101.173769333825,19.7469412019536
39238,39244,2022,,2022/03/03,"00:00:00",COLISIÓN POR ALCANCE,CONCRETO,Bueno,Bueno,2,SEAT,BLANCO,2,,30,MASCULINO,CON CERTIFICADO,0,0,Morelia,Jose Maria Cabrera,marzo,jueves,0,-101.224189803693,19.7252074857004
39239,39245,2022,,2022/03/03,"07:10:00",COLISIÓN POR ALCANCE,ASFALTO,Bueno,Bueno,3,NISSAN,NEGRO,3,MINISTERIO PÚBLICO,36,MASCULINO,SIN DATOS,0,0,Morelia,El Porvenir,marzo,jueves,7,-101.205312721431,19.7144059003006
39241,39247,2022,,2022/03/03,"08:12:00",COLISIÓN POR CAMBIO DE CARRIL,ASFALTO,Bueno,Bueno,2,CHEVROLET,BLANCO,2,,25,FEMENINO,SIN DATOS,0,0,Morelia,Vista Bella,marzo,jueves,8,-101.195925675947,19.6790442736003
39242,39248,2022,,2022/03/03,"08:45:00",COLISIÓN CONTRA OBJETO FIJO,ASFALTO,Bueno,Bueno,2,ACURA,NEGRO,2,,37,MASCULINO,SIN DATOS,0,0,Morelia,Centro,marzo,jueves,9,-101.177907311783,19.7011692799304
39243,39249,2022,,2022/03/03,16:30:00,COLISIÓN POR MANIOBRA DE REVERSA,ASFALTO,Bueno,Bueno,2,NISSAN,BLANCO,2,,30,MASCULINO,CON CERTIFICADO,0,0,Morelia,Eduardo Ruiz,marzo,jueves,17,-101.224097236991,19.7248508827812
39244,39250,2022,,2022/03/03,17:30:00,COLISIÓN POR ALCANCE,ASFALTO,Bueno,Bueno,2,S/D,S/D,0,MINISTERIO PÚBLICO,,,,0,0,Morelia,Lomas del Tecnologico,marzo,jueves,18,-101.196183457292,19.7243095930875
39245,39251,2022,,2022/03/03,17:40:00,COLISIÓN POR CAMBIO DE CARRIL,ASFALTO,Bueno,Bueno,2,TOYOTA,BLANCO/ GRIS,2,,59,MASCULINO,SIN DATOS,0,0,Morelia,Tzindurio Norte,marzo,jueves,18,-101.244610032554,19.704056384849
39246,39252,2022,,2022/03/03,21:30:00,COLISIÓN POR CORTE DE CIRCULACIÓN,ASFALTO,Bueno,Bueno,2,FIAT,BLANCO,2,,47,FEMENINO,SIN DATOS,0,0,Morelia,Nueva Chapultepec,marzo,jueves,22,-101.165753125466,19.6889607236347
39247,39253,2022,,2022/03/04,"00:00:00",COLISIÓN POR CORTE DE CIRCULACIÓN,CONCRETO,Bueno,Bueno,2,MITSUBISHI,GRIS,1,,24,FEMENINO,SIN DATOS,0,0,Morelia,Ventura Puente,marzo,viernes,0,-101.179228909314,19.693555671191
39248,39254,2022,,2022/03/04,"00:30:00",COLISIÓN POR ALCANCE,ASFALTO,Bueno,Bueno,2,MAZDA,ROJO,2,,43,MASCULINO,SIN DATOS,0,0,Morelia,Lomas de Morelia (Dr Ignacio Chavez),marzo,viernes,1,-101.176153086126,19.717990088214