fid,id_accidente,anio_origen,folio_c5i,dia_incidente,hora_ocurrencia,tipo_incidente_vial,superficie_ocurrencia,condiciones_climaticas,condiciones_via,numero_vehiculos_involucrados,marca_vehiculo_ocasiona_siniestro,color_vehiculo_ocasiona_siniestro,numero_personas_involucradas,lugar_remite_presunto_responsable,edad_presunto_responsable,sexo_presunto_responsable,resultados_toxicologia,numero_personas_lesionadas,numero_personas_fallecidas,municipio,colonia,mes,dia_semana,hora_redondeada,lon,lat
39249,39255,2022,,2022/03/04,"03:30:00",COLISIÓN POR ALCANCE,ASFALTO,Bueno,Bueno,2,TOYOTA,GRIS,2,,23,FEMENINO,ALIENTO ETÍLICO,0,0,Morelia,Del Empleado,marzo,viernes,4,-101.179718686774,19.6907162365667
39250,39256,2022,,2022/03/04,"05:10:00",SALIDA DE SUPERFICIE DE RODAMIENTO,ASFALTO,Bueno,Bueno,3,NISSAN/TIIDA,PLATA,1,MINISTERIO PÚBLICO,0,,SIN DATOS,0,0,Morelia,Tzindurio Norte,marzo,viernes,5,-101.243799738586,19.7003168210084
39251,39257,2022,,2022/03/04,"07:50:00",COLISIÓN POR INVASIÓN DE CARRIL,ASFALTO,Bueno,Regular,2,ITALIKA,GRIS,2,MINISTERIO PÚBLICO,,MASCULINO,SIN DATOS,1,0,Hidalgo,Sin Nombre,marzo,viernes,8,-100.555667006836,19.7071742131654
39252,39258,2022,,2022/03/04,"09:30:00",COLISIÓN POR CORTE DE CIRCULACIÓN,ASFALTO,Bueno,Bueno,2,VOLKSWAGEN,CAFE,2,,23,MASCULINO,SIN DATOS,0,0,Morelia,Felix Arreguin,marzo,viernes,10,-101.225728324878,19.7226756996329
39253,39259,2022,,2022/03/04,"09:40:00",VOLCADURA,ASFALTO,Bueno,Bueno,1,CHEVROLET,NEGRO,1,,22,MASCULINO,SIN DATOS,0,0,Morelia,Sin datos,marzo,viernes,10,-101.104438162662,19.7295277146235
39254,39260,2022,LEG41958,2022/03/04,11:40:00,COLISIÓN POR CORTE DE CIRCULACIÓN,ASFALTO,Bueno,Bueno,2,NISSAN,AZUL,2,,71,MASCULINO,SIN DATOS,0,0,Morelia,Morelos,marzo,viernes,12,-101.184857494451,19.7244601364189
39255,39261,2022,LEG41959,2022/03/04,12:40:00,COLISIÓN POR CAMBIO DE CARRIL,ASFALTO,Bueno,Bueno,2,BAJAJ,NEGRA,2,,50,MASCULINO,SIN DATOS,0,0,Morelia,Primo Tapia Oriente,marzo,viernes,13,-101.161713109099,19.7120409682854
39256,39262,2022,,2022/03/04,12:50:00,COLISIÓN POR CORTE DE CIRCULACIÓN,CONCRETO,Bueno,Bueno,2,AUDI,BLANCO,2,,62,FEMENINO,SIN DATOS,0,0,Morelia,Lomas de Hidalgo,marzo,viernes,13,-101.158487630846,19.6975776271374
39257,39263,2022,MOR/220336489,2022/03/04,14:09:00,COLISIÓN POR MANIOBRA DE REVERSA,CONCRETO,Bueno,Bueno,2,NISSAN,PLATA,2,,71,MASCULINO,SIN DATOS,0,0,Morelia,Virrey Antonio de Mendoza,marzo,viernes,14,-101.161118634045,19.7083508515749
39258,39264,2022,,2022/03/04,15:00:00,CAIDA DE MOTOCICLETA,ASFALTO,Bueno,Bueno,1,PULSAR,ROJO Y NEGRO,1,MINISTERIO PÚBLICO,,,SIN DATOS,0,0,Tacámbaro,Sin datos,marzo,viernes,15,-101.336037858642,19.2157102694188
39259,39265,2022,MOR220123008,2022/03/04,15:05:00,SALIDA DE SUPERFICIE DE RODAMIENTO,ASFALTO,Bueno,Bueno,1,DODGE,BLANCO/GRIS,1,,,,SIN DATOS,0,0,Charo,Sin datos,marzo,viernes,15,-100.957668752156,19.6472291938285
39260,39266,2022,MOR 220123134,2022/03/04,15:30:00,COLISIÓN POR CAMBIO DE CARRIL,ASFALTO,Bueno,Bueno,2,NISSAN,BLANCO,2,,23,MASCULINO,SIN DATOS,0,0,Morelia,Nueva Valladolid,marzo,viernes,16,-101.207348487593,19.7021554831865
39261,39267,2022,,2022/03/04,15:55:00,COLISIÓN POR CORTE DE CIRCULACIÓN,CONCRETO,Bueno,Bueno,2,ITALIKA,NEGRO,2,,,MASCULINO,SIN DATOS,0,0,Morelia,Alberto Oviedo Mota,marzo,viernes,16,-101.200657747686,19.6753092629793
39262,39268,2022,,2022/03/04,16:25:00,COLISIÓN POR ALCANCE,TERRACERIA,Bueno,Bueno,2,NISSAN,PLATA,2,,51,MASCULINO,SIN DATOS,0,0,Morelia,Industrial,marzo,viernes,16,-101.201100095018,19.7081842063463
39263,39269,2022,,2022/03/04,16:40:00,COLISIÓN POR CORTE DE CIRCULACIÓN,CONCRETO,Bueno,Bueno,2,AUDI,ROJO,2,,30,FEMENINO,SIN DATOS,0,0,Morelia,Camelinas,marzo,viernes,17,-101.174105250024,19.6818365121323
39264,39270,2022,,2022/03/04,16:47:00,COLISIÓN POR ALCANCE,ASFALTO,Bueno,Bueno,2,BMW,BLANCO,2,,39,MASCULINO,SIN DATOS,0,0,Morelia,Alberto Oviedo Mota,marzo,viernes,17,-101.199524483897,19.6810453950215
39265,39271,2022,,2022/03/04,17:00:00,COLISIÓN POR CAMBIO DE CARRIL,ASFALTO,Bueno,Bueno,2,GENERAL MOTORS,ROJO,2,,30,MASCULINO,SIN DATOS,0,0,Morelia,Primo Tapia Oriente,marzo,viernes,17,-101.158553771675,19.7134546062285
39266,39272,2022,,2022/03/04,17:30:00,COLISIÓN POR ALCANCE,CONCRETO,Bueno,Bueno,2,DODGE,GRIS,2,,33,MASCULINO,SIN DATOS,0,0,Morelia,Ejidal Ocolusen,marzo,viernes,18,-101.151949197722,19.6833899785685
39267,39273,2022,MOR220123333,2022/03/04,17:55:00,COLISIÓN POR ALCANCE,ASFALTO,Bueno,Bueno,2,FORD,GUINDA,2,,65,MASCULINO,SIN DATOS,0,0,Morelia,Bosques de Oriente,marzo,viernes,18,-101.155584871091,19.7156039477876
39268,39274,2022,,2022/03/04,20:42:00,COLISIÓN POR ALCANCE,ASFALTO,Bueno,Bueno,2,DODGE,BLANCO,2,,39,MASCULINO,SIN DATOS,0,0,Morelia,Loma Bonita,marzo,viernes,21,-101.196997416287,19.7187485142955
39269,39275,2022,,2022/03/04,21:00:00,SALIDA DE SUPERFICIE DE RODAMIENTO,ASFALTO,Bueno,Bueno,1,CHEVROLET,GRIS,1,,50,MASCULINO,SIN DATOS,0,0,Morelia,Sin datos,marzo,viernes,21,-101.420394673265,19.6324106861452
39270,39276,2022,,2022/03/04,22:40:00,CAIDA DE MOTOCICLETA,ASFALTO,Bueno,Bueno,1,ITALIKA,BLANCO,1,,47,MASCULINO,SIN DATOS,0,0,Los Reyes,Centro,marzo,viernes,23,-102.473788,19.589361
39271,39277,2022,,2022/03/05,"00:00:00",COLISIÓN POR CORTE DE CIRCULACIÓN,CONCRETO,Bueno,Bueno,2,ITALIKA,BLANCO/AMARILLO,2,,16,MASCULINO,SIN DATOS,0,0,Morelia,Centro,marzo,sábado,0,-101.193738989532,19.703902070735
39272,39278,2022,,2022/03/05,"00:01:00",COLISIÓN CONTRA OBJETO FIJO,ASFALTO,Bueno,Bueno,2,DODGE,VINO,2,,28,MASCULINO,SIN DATOS,0,0,Morelia,Jesus Romero Flores,marzo,sábado,0,-101.175225072287,19.7305293791332
39273,39279,2022,MOR220124163,2022/03/05,"01:15:00",VOLCADURA,ASFALTO,Bueno,Bueno,1,VOLKSWAGEN,GRIS,1,,25,MASCULINO,SIN DATOS,0,0,Morelia,Colinas del Sur,marzo,sábado,1,-101.19796618142,19.6654173480354
39274,39280,2022,,2022/03/05,"04:22:00",SUBIDA AL CAMELLÓN,ASFALTO,Bueno,Bueno,1,VOLKSWAGEN,S/D,1,,35,MASCULINO,SIN DATOS,0,0,Morelia,Prados del Campestre,marzo,sábado,4,-101.166008026764,19.6841015317646
39275,39281,2022,MOR220124379,2022/03/05,"07:34:00",COLISIÓN CONTRA OBJETO FIJO,ASFALTO,Bueno,Bueno,1,VOLKSWAGEN,BLANCO,1,,31,MASCULINO,SIN DATOS,0,0,Morelia,Elias Perez Avalos,marzo,sábado,8,-101.171469674871,19.7147363584664
39276,39282,2022,,2022/03/05,"07:55:00",COLISIÓN POR CORTE DE CIRCULACIÓN,CONCRETO,Bueno,Bueno,2,VOLKSWAGEN,GRIS,2,,40,FEMENINO,SIN DATOS,0,0,Morelia,Guadalupe,marzo,sábado,8,-101.223961389209,19.7088123969946
39277,39283,2022,,2022/03/05,"08:10:00",COLISIÓN CONTRA OBJETO FIJO,ASFALTO,Bueno,Bueno,1,FORD,GRIS,1,,34,MASCULINO,SIN DATOS,0,0,Morelia,Nicolaitas Ilustres,marzo,sábado,8,-101.226469986141,19.722210148693
39278,39284,2022,,2022/03/05,11:30:00,COLISIÓN POR CORTE DE CIRCULACIÓN,CONCRETO,Bueno,Bueno,2,MAZDA,ROJO,2,MINISTERIO PÚBLICO,,FEMENINO,SIN DATOS,0,0,Morelia,Agustin Arriaga Rivera,marzo,sábado,12,-101.221734881401,19.6934032047747
39279,39285,2022,,2022/03/05,12:00:00,COLISIÓN CONTRA OBJETO FIJO,ASFALTO,Bueno,Bueno,1,VOLKSWAGEN,BLANCO,1,,47,MASCULINO,SIN DATOS,0,0,Morelia,Lomas de Las Americas Sur,marzo,sábado,12,-101.145184971392,19.6928365840049
39280,39286,2022,,2022/03/05,12:40:00,COLISIÓN POR ALCANCE,ASFALTO,Bueno,Bueno,2,FORD,GRIS,2,,47,FEMENINO,SIN DATOS,0,0,Morelia,Del Empleado,marzo,sábado,13,-101.177280741663,19.6908463216256
39281,39287,2022,,2022/03/05,13:30:00,COLISIÓN POR CORTE DE CIRCULACIÓN,ASFALTO,Bueno,Bueno,2,CHEVROLET,ROJO,2,,25,FEMENINO,SIN DATOS,0,0,Morelia,Felix Ireta,marzo,sábado,14,-101.180691719055,19.6861591465102
39282,39288,2022,,2022/03/05,14:15:00,COLISIÓN POR INVASIÓN DE CARRIL,ASFALTO,Bueno,Bueno,2,FORD,BLANCO,5,MINISTERIO PÚBLICO,20,MASCULINO,SIN DATOS,3,0,Morelia,Sin datos,marzo,sábado,14,-101.258289763198,19.5405843195361
39283,39289,2022,,2022/03/05,14:25:00,COLISIÓN POR ALCANCE,ASFALTO,Bueno,Bueno,4,NISSAN,BLANCO,4,MINISTERIO PÚBLICO,,MASCULINO,SIN DATOS,0,0,Morelia,Martires de Uruapan,marzo,sábado,14,-101.197336837649,19.7248988545133
39284,39290,2022,,2022/03/05,16:10:00,COLISIÓN POR CORTE DE CIRCULACIÓN,CONCRETO,Bueno,Bueno,2,HONDA,BLANCO,2,MINISTERIO PÚBLICO,26,MASCULINO,SIN DATOS,0,0,Morelia,Felicitas del Rio,marzo,sábado,16,-101.195521286942,19.6920275568405
39285,39291,2022,,2022/03/05,17:25:00,COLISIÓN POR CORTE DE CIRCULACIÓN,ASFALTO,Bueno,Bueno,2,CHEVROLET,ARENA,2,,47,MASCULINO,SIN DATOS,0,0,Morelia,Prados Verdes,marzo,sábado,17,-101.200799295173,19.7173938864185
39286,39292,2022,,2022/03/05,20:35:00,VOLCADURA,ASFALTO,Bueno,Bueno,1,NISSAN,ROJO,2,MINISTERIO PÚBLICO,30,MASCULINO,SIN DATOS,1,0,Tingüindín,Sin datos,marzo,sábado,21,-102.416757538236,19.7521191689829
39287,39293,2022,,2022/03/05,21:10:00,COLISIÓN POR CAMBIO DE CARRIL,ASFALTO,Bueno,Bueno,2,MERCEDES BENZ,BLANCO,2,,65,MASCULINO,SIN DATOS,0,0,Morelia,Nueva Valladolid,marzo,sábado,21,-101.209117434919,19.6985951597974
39288,39294,2022,MOR220124022,2022/03/05,23:15:00,VOLCADURA,ASFALTO,Bueno,Bueno,1,FORD,BLANCO,1,,32,MASCULINO,ALIENTO ETÍLICO,0,0,Tarímbaro,Sin datos,marzo,sábado,23,-101.159659146584,19.7671115195978
39289,39295,2022,,2022/03/06,"03:00:00",COLISIÓN POR ALCANCE,ASFALTO,Bueno,Bueno,2,CHEVROLET,BLANCO,0,,,,,0,0,Lázaro Cárdenas,Solidaridad Nacional,marzo,domingo,3,-102.212872376504,17.9679838731519
39290,39296,2022,,2022/03/06,"04:00:00",COLISIÓN CONTRA OBJETO FIJO,CONCRETO,Bueno,Bueno,1,NISSAN,ROJO,1,,,MASCULINO,SIN DATOS,0,0,Morelia,Barrio Alto,marzo,domingo,4,-101.192858859218,19.725507623723
39291,39297,2022,,2022/03/06,"05:00:00",COLISIÓN CON PEATÓN,SIN_DATOS,Bueno,Bueno,2,JEEP,PLATA,2,,25,MASCULINO,SIN DATOS,0,0,Morelia,Ana Maria Gallaga (Riviera Norte),marzo,domingo,5,-101.223592981696,19.6766319597498
39292,39298,2022,,2022/03/06,"05:20:00",SALIDA DE SUPERFICIE DE RODAMIENTO,CONCRETO,Bueno,Bueno,1,SEAT,BLANCO,1,,,,SIN DATOS,0,0,Tarímbaro,Sin datos,marzo,domingo,5,-101.180319196808,19.7488320830222
39293,39299,2022,,2022/03/06,"09:09:00",COLISIÓN POR CORTE DE CIRCULACIÓN,ASFALTO,Bueno,Bueno,2,BAJAJ,NEGRO,2,,23,MASCULINO,SIN DATOS,0,0,Morelia,Centro,marzo,domingo,9,-101.191552989185,19.7029369691897
39294,39300,2022,,2022/03/06,11:00:00,COLISIÓN POR CORTE DE CIRCULACIÓN,CONCRETO,Bueno,Bueno,2,NISSAN,AZUL,2,,59,MASCULINO,SIN DATOS,0,0,Morelia,Colinas del Sur,marzo,domingo,11,-101.199021569696,19.6681122890637
39295,39301,2022,,2022/03/06,15:20:00,COLISIÓN POR CAMBIO DE CARRIL,CONCRETO,Bueno,Bueno,2,VW,GUINDA,2,,67,MASCULINO,SIN DATOS,0,0,Peribán,Sin datos,marzo,domingo,15,-102.451149858534,19.5582266575697
39296,39302,2022,,2022/03/06,16:15:00,COLISIÓN CONTRA OBJETO FIJO,CONCRETO,Bueno,Bueno,2,NISSAN,ORO,2,,26,FEMENINO,SIN DATOS,0,0,Morelia,Vicente Guerrero,marzo,domingo,16,-101.228906407274,19.7023565223603
39297,39303,2022,,2022/03/06,16:40:00,COLISIÓN POR CORTE DE CIRCULACIÓN,ASFALTO,Bueno,Bueno,2,S/D,S/D,2,,0,,SIN DATOS,0,0,Morelia,Ciudad Industrial,marzo,domingo,17,-101.142912104048,19.7252466204483
39298,39304,2022,,2022/03/06,20:05:00,COLISIÓN POR ALCANCE,ASFALTO,Bueno,Bueno,2,HYUNDAI,GRIS,2,,23,MASCULINO,SIN DATOS,0,0,Morelia,Rinconada del Valle,marzo,domingo,20,-101.218320094049,19.6794915040535
39299,39305,2022,,2022/03/06,20:23:00,COLISIÓN CONTRA OBJETO FIJO,ASFALTO,Bueno,Bueno,2,FORD,PLATA,1,MINISTERIO PÚBLICO,21,MASCULINO,SIN DATOS,0,0,Morelia,Country Club  Las Huertas,marzo,domingo,20,-101.229301758789,19.6636066505664
39301,39307,2022,MOR220128678,2022/03/06,22:00:00,COLISIÓN POR ALCANCE,ASFALTO,Bueno,Bueno,4,HONDA,NEGRO,4,MINISTERIO PÚBLICO,44,MASCULINO,ALIENTO ETÍLICO,0,0,Morelia,El Dorado,marzo,domingo,22,-101.231341243468,19.703014302638
39302,39308,2022,,2022/03/06,23:00:00,COLISIÓN POR ALCANCE,ASFALTO,Bueno,Bueno,2,VOLKSWAGEN,ROJO,2,,,MASCULINO,SIN DATOS,0,0,Lázaro Cárdenas,Segundo Sector de Fidelac,marzo,domingo,23,-102.212181463838,17.9615502682811
39303,39309,2022,,2022/03/06,23:30:00,SALIDA DE SUPERFICIE DE RODAMIENTO,CONCRETO,Bueno,Bueno,1,CHEVROLET,VERDE,1,,30,MASCULINO,SIN DATOS,0,0,Morelia,Loma Real,marzo,domingo,0,-101.199339380994,19.7314089325402
39304,39310,2022,,2022/03/07,"07:25:00",COLISIÓN POR CORTE DE CIRCULACIÓN,ASFALTO,Bueno,Bueno,2,SUZUKI,AZUL,2,,63,MASCULINO,SIN DATOS,0,0,Morelia,Felix Ireta,marzo,lunes,7,-101.195778108455,19.681574806226
39305,39311,2022,,2022/03/07,10:00:00,COLISIÓN POR ALCANCE,ASFALTO,Bueno,Bueno,2,RENAULT,GUINDA,2,,,MASCULINO,SIN DATOS,0,0,Charo,Sin datos,marzo,lunes,10,-101.096014361307,19.6930212776307
39306,39312,2022,,2022/03/07,13:00:00,COLISIÓN POR CORTE DE CIRCULACIÓN,ASFALTO,Bueno,Bueno,2,DODGE,GRIS,2,,75,MASCULINO,SIN DATOS,0,0,Morelia,Chapultepec Oriente,marzo,lunes,13,-101.164240725338,19.6891798301946
39307,39313,2022,,2022/03/07,13:10:00,COLISIÓN POR CAMBIO DE CARRIL,CONCRETO,Bueno,Bueno,2,FORD,BLANCO Y ROJO|,2,,62,MASCULINO,SIN DATOS,0,0,Morelia,Centro,marzo,lunes,13,-101.182728856802,19.7079518870097
39308,39314,2022,,2022/03/07,14:30:00,COLISIÓN POR CORTE DE CIRCULACIÓN,ASFALTO,Bueno,Bueno,2,HONDA,BLANCO,2,,32,MASCULINO,SIN DATOS,0,0,Morelia,La Soledad,marzo,lunes,15,-101.185570165462,19.7264523867383
39309,39315,2022,,2022/03/07,15:00:00,COLISIÓN CONTRA OBJETO FIJO,ASFALTO,Bueno,Bueno,2,HONDA,BLANCO,2,,44,MASCULINO,SIN DATOS,0,0,Morelia,Felicitas del Rio,marzo,lunes,15,-101.200340881265,19.6913637049851
39310,39316,2022,,2022/03/07,19:10:00,COLISIÓN CONTRA OBJETO FIJO,ASFALTO,Bueno,Bueno,1,SMAT,NEGRO,1,,,MASCULINO,SIN DATOS,0,0,Morelia,Campestre Los Manantiales,marzo,lunes,19,-101.238359517671,19.6882464083347
39311,39317,2022,,2022/03/07,19:25:00,COLISIÓN POR ALCANCE,ASFALTO,Bueno,Bueno,2,INTERNATIONAL,VERDE,2,,36,MASCULINO,ALIENTO ETÍLICO,0,0,Morelia,Americas Britania,marzo,lunes,19,-101.149226054549,19.6946507103979
39312,39318,2022,,2022/03/07,23:15:00,VOLCADURA,TERRACERIA,Bueno,Regular,1,MITZUBISHI,ROJO,1,MINISTERIO PÚBLICO,,,SIN DATOS,0,0,Morelia,La Joya,marzo,lunes,23,-101.197545714676,19.6641319862755
39313,39319,2022,,2022/03/08,"00:40:00",COLISIÓN POR ALCANCE,ASFALTO,Bueno,Bueno,2,CHEVROLET,AZUL,2,,24,MASCULINO,SIN DATOS,0,0,Morelia,Articulo Constitucional,marzo,martes,1,-101.171368025243,19.7143358317193
39314,39320,2022,,2022/03/08,"08:10:00",COLISIÓN POR CORTE DE CIRCULACIÓN,ASFALTO,Bueno,Bueno,0,,,0,,,,,0,0,Morelia,Niño Artillero,marzo,martes,8,-101.256819851696,19.6973556624543
39315,39321,2022,"42021",2022/03/08,"08:10:00",COLISIÓN POR CORTE DE CIRCULACIÓN,ASFALTO,Bueno,Bueno,1,MERCEDES BENZ,BLANCO,1,MINISTERIO PÚBLICO,26,MASCULINO,SIN DATOS,0,0,Morelia,La Esperanza,marzo,martes,8,-101.252293928779,19.698221136445
39316,39322,2022,,2022/03/08,"09:11:00",COLISIÓN POR CORTE DE CIRCULACIÓN,CONCRETO,Bueno,Bueno,2,ITALIKA,VERDE,2,,45,MASCULINO,SIN DATOS,0,0,Morelia,Ciudad Industrial,marzo,martes,9,-101.138222901657,19.7288604894755
39317,39323,2022,,2022/03/08,11:17:00,COLISIÓN CON PEATÓN,CONCRETO,Bueno,Bueno,1,TOYOTA,BLANCO Y GUINDA,2,,56,MASCULINO,SIN DATOS,1,0,Morelia,Colinas del Sur,marzo,martes,11,-101.198047079654,19.6654816342144
39318,39324,2022,,2022/03/08,11:30:00,COLISIÓN POR CAMBIO DE CARRIL,ASFALTO,Bueno,Bueno,2,VOLKSWAGEN,BLANCO,2,,55,MASCULINO,SIN DATOS,0,0,Morelia,Las Americas,marzo,martes,12,-101.159093901515,19.6879783706875
39319,39325,2022,,2022/03/08,14:04:00,COLISIÓN CONTRA OBJETO FIJO,ASFALTO,Bueno,Bueno,2,RENAULT,ARENA,2,,0,MASCULINO,SIN DATOS,0,0,Morelia,Rincon Campestre,marzo,martes,14,-101.143118390307,19.6878054086684
39320,39326,2022,,2022/03/08,14:07:00,COLISIÓN POR INVASIÓN DE CARRIL,ASFALTO,Bueno,Bueno,2,CHEVROLET,BLANCO,2,,28,MASCULINO,SIN DATOS,0,0,Morelia,La Morita,marzo,martes,14,-101.202766360209,19.6519402412286
39321,39327,2022,,2022/03/08,14:20:00,COLISIÓN POR CORTE DE CIRCULACIÓN,ASFALTO,Bueno,Bueno,2,ITALIKA,VERDE,2,,27,MASCULINO,SIN DATOS,0,0,Morelia,Villa Universidad,marzo,martes,14,-101.214074827731,19.6879228403471
39322,39328,2022,MOR220132295,2022/03/08,15:10:00,COLISIÓN POR CAMBIO DE CARRIL,ASFALTO,Bueno,Bueno,2,DINA,BLANCO,2,,44,MASCULINO,SIN DATOS,0,0,Morelia,Montaña Monarca,marzo,martes,15,-101.165417514073,19.6716296649989
39323,39329,2022,,2022/03/08,17:50:00,COLISIÓN POR ALCANCE,ASFALTO,Bueno,Bueno,2,BMW,GRIS,2,,42,MASCULINO,SIN DATOS,0,0,Morelia,Loma de Los Piñones,marzo,martes,18,-101.205068274654,19.6740189292805
39324,39330,2022,MOR220132616,2022/03/08,17:50:00,COLISIÓN POR CORTE DE CIRCULACIÓN,ASFALTO,Bueno,Bueno,2,S/D,BLANCO,2,,0,,SIN DATOS,0,0,Morelia,Avicola Benito Juarez,marzo,martes,18,-101.279540173709,19.6913478928047
39325,39331,2022,,2022/03/08,18:00:00,COLISIÓN POR ALCANCE,SIN_DATOS,Bueno,Bueno,2,TOYOTA,BLANCO,2,,42,MASCULINO,SIN DATOS,0,0,Morelia,Centro,marzo,martes,18,-101.203410730444,19.702266189629
39326,39332,2022,MOR220132791,2022/03/08,19:10:00,COLISIÓN POR ALCANCE,ASFALTO,Bueno,Regular,3,NISSAN,BLANCO/ROJO,3,,57,MASCULINO,SIN DATOS,0,0,Morelia,Felix Ireta,marzo,martes,19,-101.188064105809,19.6900006090222
39327,39333,2022,,2022/03/08,20:03:00,COLISIÓN POR CORTE DE CIRCULACIÓN,ASFALTO,Bueno,Bueno,2,HONDA,BLANCO,2,,19,MASCULINO,SIN DATOS,0,0,Morelia,Nueva Valladolid,marzo,martes,20,-101.211551844395,19.6999181233735
39328,39334,2022,,2022/03/08,20:30:00,COLISIÓN POR CORTE DE CIRCULACIÓN,ASFALTO,Bueno,Bueno,2,MERCEDES BENNZ,BLANCO,2,,25,MASCULINO,SIN DATOS,0,0,Morelia,Erendira,marzo,martes,21,-101.16663929075,19.7021116367566
39329,39335,2022,,2022/03/08,20:46:00,COLISIÓN POR ALCANCE,ASFALTO,Bueno,Bueno,2,VOLKSWAGEN,GRIS,2,,38,FEMENINO,SIN DATOS,0,0,Morelia,Insurgentes,marzo,martes,21,-101.154820136726,19.6973410848001
39330,39336,2022,,2022/03/09,"04:55:00",COLISIÓN CONTRA OBJETO FIJO,CONCRETO,Bueno,Bueno,2,VOLSKWAGEN,BLANCO,1,MINISTERIO PÚBLICO,0,,SIN DATOS,0,0,Morelia,Lomas del Valle,marzo,miércoles,5,-101.232361763037,19.6876346275218
39331,39337,2022,MOR220133467,2022/03/09,"06:55:00",COLISIÓN POR ALCANCE,ASFALTO,Bueno,Bueno,2,NISSAN,GRIS,2,,40,MASCULINO,SIN DATOS,0,0,Morelia,El Realito,marzo,miércoles,7,-101.203634359621,19.7256496159808
39332,39338,2022,,2022/03/09,"07:30:00",SUBIDA AL CAMELLÓN,ASFALTO,Bueno,Bueno,1,NISSAN,GRIS,1,,61,MASCULINO,SIN DATOS,0,0,Morelia,Popular Pogreso,marzo,miércoles,8,-101.200092502617,19.7248662325955
39333,39339,2022,,2022/03/09,"08:10:00",COLISIÓN POR CORTE DE CIRCULACIÓN,CONCRETO,Bueno,Bueno,2,INTERNATIONAL,AMARILLO Y ROJO,2,MINISTERIO PÚBLICO,23,MASCULINO,SIN DATOS,0,0,Charo,Sin datos,marzo,miércoles,8,-101.084658887121,19.7172332357316
39334,39340,2022,,2022/03/09,"09:40:00",COLISIÓN POR CORTE DE CIRCULACIÓN,ASFALTO,Bueno,Bueno,2,FORD PIPA,BLANCO/AZUL,2,,34,MASCULINO,SIN DATOS,0,0,Morelia,Ventura Puente,marzo,miércoles,10,-101.188072716311,19.6904114751615
39335,39341,2022,,2022/03/09,13:30:00,COLISIÓN POR CAMBIO DE CARRIL,ASFALTO,Bueno,Bueno,2,NISSAN,BLANCO,2,,30,FEMENINO,SIN DATOS,0,0,Morelia,Sentimientos de La Nacion,marzo,miércoles,14,-101.236872598529,19.6848030373563
39336,39342,2022,,2022/03/09,14:40:00,COLISIÓN POR ALCANCE,ASFALTO,Bueno,Bueno,3,MAZDA,BLANCO,3,,,FEMENINO,SIN DATOS,0,0,Morelia,Chapultepec Oriente,marzo,miércoles,15,-101.159246116877,19.6945673753051
39337,39343,2022,,2022/03/09,15:10:00,COLISIÓN POR ALCANCE,ASFALTO,Bueno,Bueno,2,TOYOTA,GUINDA,2,,52,FEMENINO,SIN DATOS,0,0,Morelia,El Lago 1,marzo,miércoles,15,-101.219364021986,19.7274150549591
39338,39344,2022,,2022/03/09,15:10:00,COLISIÓN POR CAMBIO DE CARRIL,ASFALTO,Bueno,Bueno,2,KAWASAKI,AZUL,2,,26,MASCULINO,SIN DATOS,0,0,Morelia,Popular Pogreso,marzo,miércoles,15,-101.199635521256,19.7248151621921
39339,39345,2022,,2022/03/09,15:20:00,COLISIÓN POR ALCANCE,ASFALTO,Bueno,Bueno,2,VOLKSWAGEN,ROJO,2,,38,MASCULINO,SIN DATOS,0,0,Morelia,Arboledas de Valladolid,marzo,miércoles,15,-101.25055488199,19.6897401504501
39340,39346,2022,,2022/03/09,15:50:00,COLISIÓN POR CORTE DE CIRCULACIÓN,ASFALTO,Bueno,Bueno,2,ITALIKA,NEGRO/ROJO,2,MINISTERIO PÚBLICO,20,MASCULINO,SIN DATOS,0,0,Morelia,Nueva Chapultepec,marzo,miércoles,16,-101.170493625104,19.6897103624076
39341,39347,2022,,2022/03/09,16:00:00,COLISIÓN CONTRA OBJETO FIJO,CONCRETO,Bueno,Bueno,2,NISSAN,ROJO,2,,63,MASCULINO,SIN DATOS,0,0,Morelia,Vasco de Quiroga,marzo,miércoles,16,-101.171712414776,19.7049647288005
39342,39348,2022,,2022/03/09,18:45:00,COLISIÓN POR CAMBIO DE CARRIL,ASFALTO,Bueno,Bueno,2,FORD,ROJO,2,,48,MASCULINO,SIN DATOS,0,0,Morelia,Nueva Chapultepec,marzo,miércoles,19,-101.167201152577,19.6889996376729
39343,39349,2022,,2022/03/09,18:50:00,COLISIÓN POR ALCANCE,ASFALTO,Bueno,Bueno,2,CHEVROLET,BLANCO,2,,34,MASCULINO,SIN DATOS,0,0,Morelia,Quinceo,marzo,miércoles,19,-101.227972236543,19.7318586771945
39344,39350,2022,,2022/03/09,19:00:00,COLISIÓN POR CORTE DE CIRCULACIÓN,CONCRETO,Bueno,Bueno,2,HONDA,ROJO,2,,30,MASCULINO,SIN DATOS,0,0,Morelia,Agustin Arriaga Rivera,marzo,miércoles,19,-101.224452263939,19.6911313432707
39345,39351,2022,,2022/03/09,19:40:00,COLISIÓN POR CAMBIO DE CARRIL,ASFALTO,Bueno,Bueno,2,MAZDA,ROJO,2,,30,MASCULINO,SIN DATOS,0,0,Morelia,Felix Ireta,marzo,miércoles,20,-101.192063919522,19.6823801266531
39346,39352,2022,,2022/03/10,"00:00:00",COLISIÓN POR ALCANCE,ASFALTO,Bueno,Bueno,2,NISSAN,GRIS,2,MINISTERIO PÚBLICO,,,SIN DATOS,0,0,Lázaro Cárdenas,Sin datos,marzo,jueves,0,-102.233039692723,17.9856563579114