fid,id_accidente,anio_origen,folio_c5i,dia_incidente,hora_ocurrencia,tipo_incidente_vial,superficie_ocurrencia,condiciones_climaticas,condiciones_via,numero_vehiculos_involucrados,marca_vehiculo_ocasiona_siniestro,color_vehiculo_ocasiona_siniestro,numero_personas_involucradas,lugar_remite_presunto_responsable,edad_presunto_responsable,sexo_presunto_responsable,resultados_toxicologia,numero_personas_lesionadas,numero_personas_fallecidas,municipio,colonia,mes,dia_semana,hora_redondeada,lon,lat
39347,39353,2022,,2022/03/10,"04:35:00",COLISIÓN CONTRA OBJETO FIJO,ASFALTO,Bueno,Bueno,1,NISSAN,BLANCO,0,,,,,0,0,Peribán,Sin datos,marzo,jueves,5,-102.447944283485,19.5559032534121
39348,39354,2022,,2022/03/10,"08:00:00",COLISIÓN POR CORTE DE CIRCULACIÓN,ASFALTO,Bueno,Bueno,2,NISSAN,GRIS,2,,50,MASCULINO,SIN DATOS,0,0,Morelia,Villas del Real,marzo,jueves,8,-101.198637739502,19.7343843216405
39349,39355,2022,,2022/03/10,"08:10:00",COLISIÓN POR CAMBIO DE CARRIL,ASFALTO,Bueno,Bueno,1,KURAZAI,ROJO BLANCO,2,,41,MASCULINO,SIN DATOS,1,0,Morelia,Jose Ma Pino Suarez,marzo,jueves,8,-101.164591393687,19.7273109648089
39350,39356,2022,,2022/03/10,"08:50:00",COLISIÓN POR CORTE DE CIRCULACIÓN,CONCRETO,Bueno,Bueno,2,HONDA,BLANCO,2,,48,FEMENINO,SIN DATOS,0,0,Morelia,Vicente Guerrero,marzo,jueves,9,-101.226899444379,19.7041938698262
39351,39357,2022,,2022/03/10,"09:15:00",VOLCADURA,ASFALTO,Bueno,Bueno,1,VOLKSWAGEN,AZUL,1,,24,MASCULINO,SIN DATOS,0,0,Morelia,Morelos,marzo,jueves,9,-101.183130182326,19.7288863970063
39352,39358,2022,MOR220135851,2022/03/10,"09:15:00",COLISIÓN CONTRA OBJETO FIJO,CONCRETO,Bueno,Bueno,2,CHEVROLET,GRIS,2,,17,MASCULINO,SIN DATOS,0,0,Morelia,Union,marzo,jueves,9,-101.1575515,19.71064
39353,39359,2022,LEG42085,2022/03/10,"09:15:00",COLISIÓN CONTRA OBJETO FIJO,CONCRETO,Bueno,Bueno,2,CHEVROLET,GRIS,2,,17,MASCULINO,SIN DATOS,0,0,Morelia,Vicente Lombardo Toledano (Ejidal Isacc Arriaga) (Etnias de Mexico),marzo,jueves,9,-101.146993786097,19.7121690561636
39354,39360,2022,,2022/03/10,10:37:00,COLISIÓN POR CORTE DE CIRCULACIÓN,ASFALTO,Bueno,Bueno,2,FORD,NEGRO,3,MINISTERIO PÚBLICO,33,FEMENINO,SIN DATOS,1,0,Morelia,Fuentes de Morelia,marzo,jueves,11,-101.201015182507,19.6703702987584
39355,39361,2022,MOR220136094,2022/03/10,11:05:00,COLISIÓN CONTRA OBJETO FIJO,CONCRETO,Bueno,Bueno,1,TOYOTA,BLANCO CON GUINDA,1,MINISTERIO PÚBLICO,,MASCULINO,SIN DATOS,0,0,Morelia,Balcones de Morelia,marzo,jueves,11,-101.200997839601,19.671617725478
39356,39362,2022,,2022/03/10,11:15:00,COLISIÓN POR INVASIÓN DE CARRIL,CONCRETO,Bueno,Bueno,2,NISSAN,PLATA,2,,37,MASCULINO,SIN DATOS,0,0,Morelia,Elias Perez Avalos,marzo,jueves,11,-101.167585002234,19.713862186549
39357,39363,2022,,2022/03/10,11:30:00,COLISIÓN POR ALCANCE,ASFALTO,Bueno,Bueno,2,GENERAL MOTORS,GRIS,2,,,MASCULINO,SIN DATOS,0,0,Morelia,La Colina,marzo,jueves,12,-101.216172924771,19.7038192282704
39358,39364,2022,,2022/03/10,13:00:00,COLISIÓN POR CAMBIO DE CARRIL,ASFALTO,Bueno,Bueno,2,NAVISTAR,BLANCO,2,,0,MASCULINO,SIN DATOS,0,0,Morelia,Barrio Alto,marzo,jueves,13,-101.196854040027,19.7248419598053
39359,39365,2022,,2022/03/10,13:03:00,COLISIÓN POR CORTE DE CIRCULACIÓN,ASFALTO,Bueno,Bueno,2,TOYOTA,NEGRO,2,,21,MASCULINO,SIN DATOS,0,0,Morelia,Felix Ireta,marzo,jueves,13,-101.190830408191,19.6864490551836
39360,39366,2022,,2022/03/10,13:10:00,VOLCADURA,ASFALTO,Bueno,Bueno,1,ISUZU,BLANCO,1,,25,MASCULINO,SIN DATOS,0,0,Morelia,Barrio Alto,marzo,jueves,13,-101.196854344812,19.7248426197141
39361,39367,2022,,2022/03/10,13:10:00,COLISIÓN POR CORTE DE CIRCULACIÓN,CONCRETO,Bueno,Bueno,2,NISSAN,BLANCO Y ROJO,2,,31,MASCULINO,SIN DATOS,0,0,Morelia,San Rafael,marzo,jueves,13,-101.153761730955,19.7007470253726
39362,39368,2022,,2022/03/10,13:10:00,COLISIÓN POR ALCANCE,ASFALTO,Bueno,Bueno,2,VOLKSWAGEN,NEGRO,2,,41,MASCULINO,SIN DATOS,0,0,Morelia,Rinconada Los Fresnos,marzo,jueves,13,-101.225033632733,19.659505023435
39363,39369,2022,,2022/03/10,14:46:00,COLISIÓN POR CORTE DE CIRCULACIÓN,ASFALTO,Bueno,Bueno,2,MAN,PLATA/GUINDA,2,,32,MASCULINO,SIN DATOS,0,0,Morelia,Mariano Michelena,marzo,jueves,15,-101.230032599784,19.6769217708637
39364,39370,2022,MOR220--,2022/03/10,17:50:00,COLISIÓN POR CAMBIO DE CARRIL,ASFALTO,Bueno,Bueno,2,FORD,AMARILLO,2,,34,MASCULINO,SIN DATOS,0,0,Morelia,Lomas de Morelia (Dr Ignacio Chavez),marzo,jueves,18,-101.175060055472,19.7171553075102
39365,39371,2022,MOR220136958,2022/03/10,17:50:00,COLISIÓN POR CAMBIO DE CARRIL,ASFALTO,Bueno,Regular,2,FORD,AMARILLO,2,,34,MASCULINO,SIN DATOS,0,0,Morelia,Lomas de Morelia (Dr Ignacio Chavez),marzo,jueves,18,-101.175406090915,19.7174194514869
39366,39372,2022,,2022/03/10,18:00:00,COLISIÓN POR ALCANCE,ASFALTO,Bueno,Bueno,2,CHEVROLET,BLANCO,2,,61,MASCULINO,SIN DATOS,0,0,Morelia,Tierra Y Libertad,marzo,jueves,18,-101.229840181768,19.7163804329329
39367,39373,2022,MOR 220137247,2022/03/10,19:50:00,COLISIÓN POR CORTE DE CIRCULACIÓN,ASFALTO,Bueno,Regular,2,SUZUKI,AZUL,2,,27,MASCULINO,SIN DATOS,0,0,Morelia,San Rafael,marzo,jueves,20,-101.154459775851,19.7002410358205
39368,39374,2022,MOR220137519,2022/03/10,21:40:00,COLISIÓN POR CORTE DE CIRCULACIÓN,ASFALTO,Bueno,Regular,0,,,0,,,,,0,0,Morelia,Independencia,marzo,jueves,22,-101.176162809134,19.7056007764805
39369,39375,2022,LEG42087,2022/03/10,21:40:00,COLISIÓN POR CORTE DE CIRCULACIÓN,ASFALTO,Bueno,Regular,2,VOLKSWAGEN,BLANCO,2,,27,MASCULINO,SIN DATOS,0,0,Morelia,Independencia,marzo,jueves,22,-101.176187619567,19.7055889829605
39370,39376,2022,,2022/03/10,21:50:00,COLISIÓN POR ALCANCE,ASFALTO,Bueno,Bueno,2,CHEVROLET,NEGRO,2,,42,MASCULINO,SIN DATOS,0,0,Morelia,Independencia,marzo,jueves,22,-101.177889785982,19.7192989182772
39371,39377,2022,MOR 220137739,2022/03/11,"00:20:00",COLISIÓN CONTRA OBJETO FIJO,ASFALTO,Bueno,Regular,1,HONDA,GRIS,1,,37,FEMENINO,SIN DATOS,0,0,Morelia,Independencia,marzo,viernes,0,-101.178921095349,19.7124496784154
39372,39378,2022,,2022/03/11,"00:30:00",COLISIÓN POR ALCANCE,ASFALTO,Bueno,Bueno,2,VOLKSWAGEN,GUINDA,2,,50,MASCULINO,SIN DATOS,0,0,Morelia,Lomas de Guayangareo,marzo,viernes,1,-101.160301962351,19.7044210761867
39373,39379,2022,,2022/03/11,"01:03:00",COLISIÓN CONTRA OBJETO FIJO,ASFALTO,Bueno,Bueno,2,FORD,NEGRO,2,,23,FEMENINO,SIN DATOS,0,0,Morelia,Lomas del Valle,marzo,viernes,1,-101.230629452251,19.6877937573405
39374,39380,2022,,2022/03/11,"01:06:00",COLISIÓN POR ALCANCE,CONCRETO,Bueno,Bueno,2,NISSAN,BLANCO,3,,30,MASCULINO,SIN DATOS,1,0,Morelia,Defensores De Puebla,marzo,viernes,1,-101.241433093042,19.7107624892786
39375,39381,2022,,2022/03/11,"03:00:00",COLISIÓN CONTRA OBJETO FIJO,ASFALTO,Bueno,Bueno,1,SMART,MOSTAZA,0,MINISTERIO PÚBLICO,,,,0,0,Lázaro Cárdenas,Napoleon Gomez Sada,marzo,viernes,3,-102.223650254309,17.9775569410823
39376,39382,2022,,2022/03/11,"03:55:00",COLISIÓN POR CORTE DE CIRCULACIÓN,ASFALTO,Bueno,Bueno,1,NISSAN,ROJO,1,,26,MASCULINO,SIN DATOS,0,0,Morelia,Xangari,marzo,viernes,4,-101.220700615511,19.6740953295855
39377,39383,2022,,2022/03/11,"08:00:00",COLISIÓN CONTRA OBJETO FIJO,ASFALTO,Bueno,Bueno,1,RENAULT,AZUL,1,,33,FEMENINO,SIN DATOS,0,0,Morelia,Eduardo Ruiz,marzo,viernes,8,-101.221859682349,19.7216992118204
39378,39384,2022,,2022/03/11,"08:08:00",SUBIDA AL CAMELLÓN,ASFALTO,Bueno,Bueno,1,RENAULT,GRIS,1,,20,MASCULINO,SIN DATOS,0,0,Morelia,Lomas del Tecnologico,marzo,viernes,8,-101.192971737429,19.7218067072296
39379,39385,2022,MOR220135862,2022/03/11,"09:00:00",COLISIÓN POR ALCANCE,ASFALTO,Bueno,Bueno,2,CHEVROLET,GRIS,2,,45,MASCULINO,SIN DATOS,0,0,Morelia,Centro,marzo,viernes,9,-101.18218963,19.7028850649992
39380,39386,2022,,2022/03/11,"09:55:00",COLISIÓN POR ALCANCE,ASFALTO,Bueno,Bueno,2,CHEVROLET,PLATA,2,,17,MASCULINO,SIN DATOS,0,0,Morelia,Centro,marzo,viernes,10,-101.18218963,19.7028850649992
39381,39387,2022,,2022/03/11,11:00:00,COLISIÓN POR CORTE DE CIRCULACIÓN,ASFALTO,Bueno,Bueno,2,RENAULT,GRIS,2,,35,MASCULINO,SIN DATOS,0,0,Morelia,Gral Gertrudis Sanchez,marzo,viernes,11,-101.2094753,19.7439916449991
39382,39388,2022,,2022/03/11,12:20:00,COLISIÓN POR MANIOBRA DE REVERSA,ASFALTO,Bueno,Bueno,2,FORD,CAFE,2,MINISTERIO PÚBLICO,45,FEMENINO,SIN DATOS,0,0,Morelia,Vasco de Quiroga,marzo,viernes,12,-101.16716515,19.6992678299991
39383,39389,2022,,2022/03/11,13:00:00,COLISIÓN CONTRA OBJETO FIJO,SIN_DATOS,Bueno,Bueno,2,HONDA,BLANCO,2,,65,FEMENINO,SIN DATOS,0,0,Morelia,Jose Trinidad Guido,marzo,viernes,13,-101.186959245761,19.6681340067212
39384,39390,2022,,2022/03/11,14:00:00,COLISIÓN POR ALCANCE,ASFALTO,Bueno,Bueno,2,NISSAN,BLANCO,2,,35,MASCULINO,SIN DATOS,0,0,Morelia,Jardines de Guadalupe,marzo,viernes,14,-101.226393177427,19.7100521212138
39385,39391,2022,,2022/03/11,14:10:00,COLISIÓN POR ALCANCE,ASFALTO,Bueno,Bueno,2,FORD,AZUL,2,MINISTERIO PÚBLICO,31,FEMENINO,SIN DATOS,0,0,Morelia,Indeco Santiaguito,marzo,viernes,14,-101.178150572518,19.7198048163113
39386,39392,2022,,2022/03/11,17:00:00,COLISIÓN POR CAMBIO DE CARRIL,ASFALTO,Bueno,Bueno,2,CARSON,NEGRO,2,,25,MASCULINO,SIN DATOS,0,0,Morelia,Paseo de Las Lomas,marzo,viernes,17,-101.148935723665,19.6991751208894
39387,39393,2022,,2022/03/11,18:54:00,COLISIÓN CON PEATÓN,ASFALTO,Bueno,Bueno,1,CHEVROLET,GRIS,2,MINISTERIO PÚBLICO,48,MASCULINO,SIN DATOS,1,0,Morelia,Francisco J Mujica,marzo,viernes,19,-101.190143925074,19.7250847712737
39388,39394,2022,,2022/03/11,19:20:00,COLISIÓN CONTRA OBJETO FIJO,ASFALTO,Bueno,Bueno,1,DODGE,AMARILLO,1,,,,SIN DATOS,0,0,Morelia,Tenencia Morelos,marzo,viernes,19,-101.243929623155,19.6466055443724
39389,39395,2022,,2022/03/11,19:40:00,COLISIÓN POR ALCANCE,ASFALTO,Bueno,Bueno,2,NISSAN,BLANCO,2,,,MASCULINO,SIN DATOS,0,0,Morelia,Molino de Parras,marzo,viernes,20,-101.20546813,19.6976603549991
39390,39396,2022,,2022/03/12,"00:10:00",COLISIÓN CONTRA OBJETO FIJO,ASFALTO,Bueno,Bueno,1,CHEVROLET,BLANCO,1,,48,MASCULINO,CON CERTIFICADO,0,0,Morelia,Jardines del Toreo,marzo,sábado,0,-101.216457217212,19.6891036600997
39391,39397,2022,,2022/03/12,"01:35:00",COLISIÓN POR CORTE DE CIRCULACIÓN,ASFALTO,Bueno,Bueno,2,ITALIKA,AZUL,2,,50,MASCULINO,SIN DATOS,0,0,Morelia,Felicitas del Rio,marzo,sábado,2,-101.200257123757,19.6935246012511
39392,39398,2022,,2022/03/12,"05:30:00",COLISIÓN CONTRA OBJETO FIJO,ADOQUIN_EMPEDRADO,Bueno,Bueno,1,DODGE,AZUL/GRIS,1,MINISTERIO PÚBLICO,,,SIN DATOS,0,0,Morelia,Arkos San Pedro,marzo,sábado,6,-101.29004967,19.6323706399992
39393,39399,2022,,2022/03/12,"06:40:00",SUBIDA AL CAMELLÓN,ASFALTO,Bueno,Bueno,1,ACURA,BLANCO,1,,33,FEMENINO,SIN DATOS,0,0,Peribán,Sin datos,marzo,sábado,7,-102.461617210647,19.552672748374
39394,39400,2022,,2022/03/12,"08:30:00",VOLCADURA,ASFALTO,Bueno,Bueno,1,VOLKSWAGEN,GRIS,1,,26,FEMENINO,SIN DATOS,0,0,Charo,San Pedro Y San Pablo,marzo,sábado,9,-101.054391860962,19.746885931142
39395,39401,2022,,2022/03/12,12:40:00,COLISIÓN POR CORTE DE CIRCULACIÓN,ASFALTO,Bueno,Bueno,1,FORD,AZUL,1,,21,MASCULINO,SIN DATOS,0,0,Morelia,Lomas de Guayangareo,marzo,sábado,13,-101.159641773177,19.7040603522213
39396,39402,2022,,2022/03/12,13:00:00,COLISIÓN POR CORTE DE CIRCULACIÓN,CONCRETO,Bueno,Bueno,2,SEAT,ROJO,2,MINISTERIO PÚBLICO,36,MASCULINO,SIN DATOS,0,0,Morelia,Union Popular Solidaria,marzo,sábado,13,-101.2182453,19.7076625699991
39397,39403,2022,,2022/03/12,14:25:00,COLISIÓN POR CORTE DE CIRCULACIÓN,ASFALTO,Bueno,Bueno,2,BAJAJ,PERLA,2,,25,MASCULINO,SIN DATOS,0,0,Morelia,Felix Ireta,marzo,sábado,14,-101.184207685,19.6879676749991
39398,39404,2022,MOR220141317,2022/03/12,15:15:00,COLISIÓN POR INVASIÓN DE CARRIL,ASFALTO,Bueno,Bueno,2,INTERNATIONAL,GRIS,2,,28,MASCULINO,SIN DATOS,0,0,Morelia,Dr Miguel Silva,marzo,sábado,15,-101.187927793444,19.7204887484457
39399,39405,2022,,2022/03/12,15:30:00,COLISIÓN POR ALCANCE,ASFALTO,Bueno,Bueno,3,CHEVROLET,GRIS,3,,25,MASCULINO,SIN DATOS,0,0,Morelia,Lomas de Morelia (Dr Ignacio Chavez),marzo,sábado,16,-101.175452644618,19.7162004988672
39400,39406,2022,,2022/03/12,15:47:00,COLISIÓN CONTRA OBJETO FIJO,ASFALTO,Bueno,Bueno,2,CHEVROLET,BLANCO,2,,42,MASCULINO,SIN DATOS,0,0,Morelia,Ignacio Zaragoza,marzo,sábado,16,-101.20537203,19.7251967149991
39401,39407,2022,LEG42116,2022/03/12,18:10:00,COLISIÓN POR CORTE DE CIRCULACIÓN,ASFALTO,Bueno,Bueno,1,ITALIKA,NEGRA,1,,31,MASCULINO,SIN DATOS,0,0,Morelia,Lomas de Guayangareo,marzo,sábado,18,-101.160960056503,19.7026870450485
39402,39408,2022,MOR 220141814,2022/03/12,18:30:00,COLISIÓN POR ALCANCE,ASFALTO,Bueno,Bueno,2,FORD,VERDE,2,MINISTERIO PÚBLICO,44,FEMENINO,SIN DATOS,0,0,Morelia,Lindavista,marzo,sábado,19,-101.216175546019,19.7038182813352
39403,39409,2022,,2022/03/12,19:00:00,COLISIÓN POR ALCANCE,SIN_DATOS,Bueno,Bueno,1,NISSAN,AZUL,0,MINISTERIO PÚBLICO,,,,0,0,Lázaro Cárdenas,Segundo Sector de Fidelac,marzo,sábado,19,-102.211436785079,17.9583620102875
39404,39410,2022,,2022/03/12,19:11:00,COLISIÓN POR CORTE DE CIRCULACIÓN,ASFALTO,Bueno,Bueno,2,BENELLI,NEGRO,2,MINISTERIO PÚBLICO,37,MASCULINO,SIN DATOS,0,0,Morelia,Barrio Alto,marzo,sábado,19,-101.190695064204,19.7264690646931
39405,39411,2022,,2022/03/12,20:35:00,COLISIÓN POR CORTE DE CIRCULACIÓN,ASFALTO,Bueno,Bueno,2,ITALIKA,AMARILLO/NEGRO,3,,24,MASCULINO,SIN DATOS,2,0,Peribán,Sin datos,marzo,sábado,21,-102.43739840834,19.5409406419986
39407,39413,2022,,2022/03/12,20:55:00,COLISIÓN POR CORTE DE CIRCULACIÓN,ASFALTO,Bueno,Bueno,2,FORD,BLANCO,2,,37,MASCULINO,SIN DATOS,0,0,Morelia,Tinijaro,marzo,sábado,21,-101.26316,19.6963297049991
39408,39414,2022,,2022/03/12,21:05:00,COLISIÓN CONTRA OBJETO FIJO,ASFALTO,Bueno,Bueno,2,HONDA,BLANCO,1,,36,FEMENINO,SIN DATOS,0,0,Huandacareo,San Francisco,marzo,sábado,21,-101.280820928514,19.9842757566017
39409,39415,2022,,2022/03/12,22:00:00,COLISIÓN POR ALCANCE,SIN_DATOS,Bueno,Bueno,4,FORD,VERDE,0,MINISTERIO PÚBLICO,,,,0,0,Lázaro Cárdenas,Lomas del Rio (Unidad 512 5To Sector),marzo,sábado,22,-102.22268770703,17.9705456292259
39410,39416,2022,,2022/03/13,"04:19:00",SUBIDA AL CAMELLÓN,ASFALTO,Bueno,Bueno,1,HONDA,PLATA,1,,,,SIN DATOS,0,0,Morelia,Camelinas,marzo,domingo,4,-101.174,19.6806
39411,39417,2022,,2022/03/13,"04:45:00",COLISIÓN CONTRA OBJETO FIJO,CONCRETO,Bueno,Bueno,1,SEAT,BLANCO,1,,,MASCULINO,SIN DATOS,0,0,Morelia,La Loma,marzo,domingo,5,-101.178896415,19.6803977499991
39412,39418,2022,,2022/03/13,"06:00:00",COLISIÓN CONTRA OBJETO FIJO,ASFALTO,Bueno,Bueno,1,FORD,ROJO,0,MINISTERIO PÚBLICO,,,,0,0,Lázaro Cárdenas,Reforma,marzo,domingo,6,-102.230742990292,17.9854277118704
39413,39419,2022,,2022/03/13,"06:59:00",COLISIÓN POR ALCANCE,ASFALTO,Bueno,Bueno,2,CHEVROLET,ROJO,2,MINISTERIO PÚBLICO,28,MASCULINO,SIN DATOS,0,0,Morelia,Villas Lomas del Paraiso,marzo,domingo,7,-101.176393113352,19.6740899339219
39414,39420,2022,,2022/03/13,13:44:00,COLISIÓN POR CORTE DE CIRCULACIÓN,ASFALTO,Bueno,Bueno,2,VOLKSWAGEN,ROJO,2,MINISTERIO PÚBLICO,,MASCULINO,SIN DATOS,0,0,Morelia,Molino de Parras,marzo,domingo,14,-101.201494292103,19.6954534397712
39415,39421,2022,,2022/03/13,17:20:00,COLISIÓN POR CORTE DE CIRCULACIÓN,ASFALTO,Bueno,Bueno,2,TOYOTA,BLANCO ROSA,2,,0,MASCULINO,SIN DATOS,0,0,Morelia,Gertrudis Sanchez,marzo,domingo,17,-101.200500533663,19.7412620268271
39416,39422,2022,,2022/03/13,19:30:00,COLISIÓN POR MANIOBRA DE REVERSA,ASFALTO,Bueno,Bueno,2,CHEVROLET,AZUL,2,,45,MASCULINO,SIN DATOS,0,0,Morelia,La Colina,marzo,domingo,20,-101.215724765043,19.709174233954
39417,39423,2022,,2022/03/13,19:55:00,COLISIÓN CON PEATÓN,ASFALTO,Bueno,Bueno,1,NISSAN,GRIS,2,MINISTERIO PÚBLICO,,,SIN DATOS,1,0,Tacámbaro,Sin datos,marzo,domingo,20,-101.44983060658,19.1961583168915
39418,39424,2022,MOR220142515,2022/03/13,23:25:00,COLISIÓN POR CORTE DE CIRCULACIÓN,ASFALTO,Bueno,Bueno,2,DODGE,VERDE,2,,29,MASCULINO,SIN DATOS,0,0,Morelia,Felicitas del Rio,marzo,domingo,23,-101.19784577722,19.6894106015241
39419,39425,2022,,2022/03/14,"00:00:00",COLISIÓN CONTRA OBJETO FIJO,ASFALTO,Bueno,Bueno,1,FORD,BLANCO,1,,20,,SIN DATOS,0,0,Morelia,Martires de Uruapan,marzo,lunes,0,-101.197302334689,19.7248937761659
39420,39426,2022,,2022/03/14,"00:00:00",COLISIÓN CONTRA OBJETO FIJO,ASFALTO,Bueno,Bueno,1,BMW,NEGRO,0,,,,,0,0,Morelia,Lomas del Valle,marzo,lunes,0,-101.229921013795,19.6864744817115
39421,39427,2022,,2022/03/14,"01:12:00",COLISIÓN POR MANIOBRA DE REVERSA,CONCRETO,Bueno,Bueno,2,FORD,VERDE,2,,24,MASCULINO,ALIENTO ETÍLICO,0,0,Morelia,San Rafael,marzo,lunes,1,-101.152337704762,19.6999683672239
39423,39429,2022,MOR220145449,2022/03/14,"07:15:00",COLISIÓN POR CAMBIO DE CARRIL,ASFALTO,Bueno,Bueno,2,NISSAN,BLANCO/ROJO,2,,43,MASCULINO,SIN DATOS,0,0,Morelia,Sin datos,marzo,lunes,7,-101.262665025212,19.6393202157615
39424,39430,2022,LEG42151,2022/03/14,"07:15:00",COLISIÓN POR CAMBIO DE CARRIL,ASFALTO,Bueno,Bueno,2,NISSAN,BCO/ROJO,2,,43,MASCULINO,SIN DATOS,0,0,Morelia,Sin datos,marzo,lunes,7,-101.265380121768,19.6384897616563
39425,39431,2022,MOR220145377,2022/03/14,"07:45:00",COLISIÓN POR INVASIÓN DE CARRIL,CONCRETO,Bueno,Bueno,2,DODGE,BLANCO,2,,75,MASCULINO,SIN DATOS,0,0,Morelia,El Lago 1,marzo,lunes,8,-101.219376884401,19.7275179400412
39426,39432,2022,,2022/03/14,"09:20:00",COLISIÓN CONTRA OBJETO FIJO,CONCRETO,Bueno,Bueno,2,FREIGHTLINER,BLANCO/AZUL,2,,27,MASCULINO,SIN DATOS,0,0,Morelia,Obrera,marzo,lunes,9,-101.187271543515,19.7110726447599
39427,39433,2022,,2022/03/14,10:00:00,COLISIÓN CON PEATÓN,ASFALTO,Bueno,Bueno,1,TOYOTA,BLANCO CON GRIS,1,,50,MASCULINO,SIN DATOS,0,0,Morelia,Nicolaitas Ilustres,marzo,lunes,10,-101.227601543069,19.7207753561237
39428,39434,2022,LEG42149,2022/03/14,10:45:00,COLISIÓN CON PEATÓN,ASFALTO,Bueno,Bueno,1,CHEVROLET,ROJO,2,MINISTERIO PÚBLICO,42,MASCULINO,SIN DATOS,1,0,Morelia,Los Angeles,marzo,lunes,11,-101.172443316743,19.7492432234792
39429,39435,2022,,2022/03/14,11:40:00,COLISIÓN CONTRA OBJETO FIJO,CONCRETO,Bueno,Bueno,1,KENWORTH,VERDE,1,MINISTERIO PÚBLICO,18,MASCULINO,SIN DATOS,0,0,Peribán,Sin datos,marzo,lunes,12,-102.452651865102,19.5589772224102
39430,39436,2022,,2022/03/14,12:48:00,COLISIÓN POR CORTE DE CIRCULACIÓN,ASFALTO,Bueno,Bueno,1,DINA,AZUL,1,,53,MASCULINO,SIN DATOS,0,0,Morelia,Nicolaitas Ilustres,marzo,lunes,13,-101.226540668453,19.7221066576778
39431,39437,2022,,2022/03/14,13:05:00,COLISIÓN POR INVASIÓN DE CARRIL,ASFALTO,Bueno,Bueno,2,CHEVROLET,BLANCO,2,,21,MASCULINO,SIN DATOS,0,0,Morelia,Tenencia Morelos,marzo,lunes,13,-101.243486623425,19.6465282414449
39432,39438,2022,LEG42137,2022/03/14,14:00:00,SUBIDA AL CAMELLÓN,ASFALTO,Bueno,Bueno,1,CHRYSLER,BLANCO,1,,56,MASCULINO,SIN DATOS,0,0,Morelia,Alberto Oviedo Mota,marzo,lunes,14,-101.202186576354,19.6774057066128
39433,39439,2022,MOR220145994,2022/03/14,14:00:00,COLISIÓN POR CORTE DE CIRCULACIÓN,CONCRETO,Bueno,Regular,2,S/D,GRIS,2,,0,,SIN DATOS,0,0,Morelia,Infonavit Adolfo Lopez Mateos,marzo,lunes,14,-101.226047568701,19.7011191776153
39434,39440,2022,MOR20145598,2022/03/14,14:00:00,COLISIÓN POR CAMBIO DE CARRIL,ASFALTO,Bueno,Regular,2,FORD,NEGRO,2,,43,MASCULINO,SIN DATOS,0,0,Morelia,La Soledad,marzo,lunes,14,-101.183319582857,19.7280197692009
39435,39441,2022,,2022/03/14,14:20:00,COLISIÓN POR CORTE DE CIRCULACIÓN,ASFALTO,Bueno,Bueno,2,NISSAN,BLANCO  Y GRIS,2,,67,MASCULINO,SIN DATOS,0,0,Morelia,Los Manantiales de Morelia,marzo,lunes,14,-101.241696886718,19.695792144282
39436,39442,2022,,2022/03/14,14:55:00,COLISIÓN POR CORTE DE CIRCULACIÓN,ASFALTO,Bueno,Bueno,2,VOLKSWAGEN,BLANCO,2,,41,FEMENINO,SIN DATOS,0,0,Morelia,Isaac Arriaga,marzo,lunes,15,-101.174284226524,19.7064283003933
39437,39443,2022,MOR220146298,2022/03/14,15:40:00,COLISIÓN POR ALCANCE,ASFALTO,Bueno,Regular,2,INTERNATIONAL,AZUL,2,,21,MASCULINO,SIN DATOS,0,0,Morelia,Xangari,marzo,lunes,16,-101.220696866512,19.6741110860667
39438,39444,2022,,2022/03/14,17:00:00,COLISIÓN POR CORTE DE CIRCULACIÓN,ASFALTO,Bueno,Bueno,2,NISSAN,BLANCO,2,,31,MASCULINO,SIN DATOS,0,0,Morelia,Primo Tapia Oriente,marzo,lunes,17,-101.157504387878,19.7141196289211
39439,39445,2022,,2022/03/14,17:10:00,COLISIÓN POR NO RESPETAR SEMÁFORO,ASFALTO,Bueno,Bueno,2,NISSAN,BLANCO Y ROJO,2,,54,MASCULINO,SIN DATOS,0,0,Morelia,Campestre Los Manantiales,marzo,lunes,17,-101.238361224532,19.6882461500659
39440,39446,2022,,2022/03/14,17:15:00,COLISIÓN POR ALCANCE,ASFALTO,Bueno,Regular,2,FORD,VERDE,2,,0,MASCULINO,SIN DATOS,0,0,Huandacareo,Sin datos,marzo,lunes,17,-101.248247511685,20.0013056552857
39441,39447,2022,MOR220146647,2022/03/14,18:00:00,COLISIÓN POR CORTE DE CIRCULACIÓN,CONCRETO,Bueno,Regular,2,ITALIKA,ROJO,2,,41,MASCULINO,SIN DATOS,0,0,Morelia,Adolfo Lopez Mateos,marzo,lunes,18,-101.225665658712,19.6942226705966
39442,39448,2022,,2022/03/14,18:15:00,COLISIÓN POR CAMBIO DE CARRIL,CONCRETO,Bueno,Bueno,3,NISSAN,BLANCO,2,,,,SIN DATOS,0,0,Morelia,Bosques de Oriente,marzo,lunes,18,-101.155454814434,19.7155983239826
39443,39449,2022,MOR220146695,2022/03/14,18:35:00,COLISIÓN POR NO RESPETAR SEMÁFORO,ASFALTO,Bueno,Bueno,2,MAZDA,BLANCO,3,MINISTERIO PÚBLICO,47,FEMENINO,SIN DATOS,1,0,Morelia,Primo Tapia Oriente,marzo,lunes,19,-101.158455840565,19.7135111319658
39444,39450,2022,,2022/03/14,19:50:00,COLISIÓN POR CAMBIO DE CARRIL,ASFALTO,Bueno,Bueno,2,VOLVO,BLANCO Y ROJO,2,,36,MASCULINO,SIN DATOS,0,0,Morelia,Canteras de Morelia,marzo,lunes,20,-101.171487383544,19.7147433021836
39445,39451,2022,LEG42159,2022/03/14,21:50:00,COLISIÓN POR ALCANCE,ASFALTO,Bueno,Bueno,2,FORD,GRIS,2,,36,MASCULINO,SIN DATOS,0,0,Morelia,Tierra Y Libertad,marzo,lunes,22,-101.229837194763,19.7163839621335