fid,id_accidente,anio_origen,folio_c5i,dia_incidente,hora_ocurrencia,tipo_incidente_vial,superficie_ocurrencia,condiciones_climaticas,condiciones_via,numero_vehiculos_involucrados,marca_vehiculo_ocasiona_siniestro,color_vehiculo_ocasiona_siniestro,numero_personas_involucradas,lugar_remite_presunto_responsable,edad_presunto_responsable,sexo_presunto_responsable,resultados_toxicologia,numero_personas_lesionadas,numero_personas_fallecidas,municipio,colonia,mes,dia_semana,hora_redondeada,lon,lat
39446,39452,2022,MOR220147341,2022/03/14,23:20:00,COLISIÓN POR ALCANCE,ASFALTO,Bueno,Regular,2,MITSUBISHI,NEGRO,2,,28,MASCULINO,SIN DATOS,0,0,Morelia,Eva Samano,marzo,lunes,23,-101.198596439577,19.7290697579315
39447,39453,2022,MOR220134987,2022/03/15,"00:00:00",COLISIÓN POR CORTE DE CIRCULACIÓN,ASFALTO,Bueno,Bueno,1,VOLKSWAGEN,NEGRO,1,,21,MASCULINO,SIN DATOS,0,0,Morelia,Alfonso Garcia Robles,marzo,martes,0,-101.183094056834,19.7185941431338
39448,39454,2022,,2022/03/15,"08:10:00",COLISIÓN POR CORTE DE CIRCULACIÓN,CONCRETO,Bueno,Bueno,2,KTM,BLANCO,2,,25,MASCULINO,SIN DATOS,0,0,Morelia,Jardines de Torremolinos,marzo,martes,8,-101.226202580319,19.6783745439089
39449,39455,2022,,2022/03/15,"08:30:00",COLISIÓN POR ALCANCE,CONCRETO,Bueno,Bueno,2,TOYOTA,BLANCO,2,,,MASCULINO,SIN DATOS,0,0,Morelia,Granjas del Maestro,marzo,martes,9,-101.190610395,19.7131013799991
39450,39456,2022,,2022/03/15,"08:30:00",COLISIÓN POR CAMBIO DE CARRIL,ASFALTO,Bueno,Bueno,2,KENWORTH,BLANCO Y ROJO,2,,55,MASCULINO,SIN DATOS,0,0,Morelia,Praderas del Indio,marzo,martes,9,-101.223494028547,19.6450845894654
39451,39457,2022,,2022/03/15,"09:00:00",COLISIÓN POR ALCANCE,ASFALTO,Bueno,Bueno,2,FORD,BLANCO Y ROJO,2,,63,MASCULINO,SIN DATOS,0,0,Morelia,Torreon Nuevo,marzo,martes,9,-101.20358663,19.7462449699991
39452,39458,2022,,2022/03/15,11:32:00,COLISIÓN CON PEATÓN,ASFALTO,Bueno,Bueno,1,FORD,ARENA,1,,,,,1,0,Morelia,Nueva Chapultepec,marzo,martes,12,-101.17081558,19.6897813199992
39453,39459,2022,,2022/03/15,14:15:00,COLISIÓN POR CAMBIO DE CARRIL,ASFALTO,Bueno,Bueno,2,NISSAN,GRIS,2,,28,MASCULINO,SIN DATOS,0,0,Morelia,Alberto Oviedo Mota,marzo,martes,14,-101.197634867646,19.6811344195682
39455,39461,2022,,2022/03/15,15:50:00,COLISIÓN POR CORTE DE CIRCULACIÓN,ASFALTO,Bueno,Bueno,2,ITALIKA,ROJO,2,,54,MASCULINO,SIN DATOS,0,0,Morelia,Ventura Puente,marzo,martes,16,-101.185088981949,19.6925240203712
39456,39462,2022,,2022/03/15,16:00:00,COLISIÓN CONTRA OBJETO FIJO,ASFALTO,Bueno,Bueno,1,AUDI,BLANCO,1,,18,MASCULINO,SIN DATOS,0,0,Morelia,Las Americas,marzo,martes,16,-101.157750397493,19.6913098349318
39459,39465,2022,,2022/03/15,18:35:00,COLISIÓN POR CAMBIO DE CARRIL,ASFALTO,Bueno,Bueno,2,PORSCHE,GRIS,2,,52,MASCULINO,SIN DATOS,0,0,Morelia,Insurgentes,marzo,martes,19,-101.155416805,19.6953315299991
39461,39467,2022,,2022/03/15,20:15:00,COLISIÓN POR INVASIÓN DE CARRIL,ASFALTO,Nublado,Regular,2,FREIGHTLINER,BLANCO,2,,36,MASCULINO,SIN DATOS,0,0,Morelia,Felicitas del Rio,marzo,martes,20,-101.199315807371,19.6912362607314
39462,39468,2022,,2022/03/15,22:30:00,SALIDA DE SUPERFICIE DE RODAMIENTO,TERRACERIA,Bueno,Bueno,1,CHEVROLET,BLANCO,1,,52,MASCULINO,SIN DATOS,0,0,Morelia,Monte Rubio,marzo,martes,23,-101.251237534665,19.6411564775297
39463,39469,2022,,2022/03/15,90:30:00,COLISIÓN CONTRA OBJETO FIJO,ASFALTO,Bueno,Bueno,1,SEAT,AZUL,1,,,MASCULINO,SIN DATOS,0,0,Morelia,Ana Maria Gallaga (Riviera Norte),marzo,martes,,-101.22460476,19.6777109999991
39464,39470,2022,,2022/03/16,"08:55:00",COLISIÓN POR CORTE DE CIRCULACIÓN,ASFALTO,Bueno,Bueno,2,ITALIKA,NEGRO ROJO,2,MINISTERIO PÚBLICO,24,MASCULINO,SIN DATOS,1,0,Morelia,Irrigacion,marzo,miércoles,9,-101.225491315126,19.7067227921634
39465,39471,2022,,2022/03/16,"09:15:00",COLISIÓN POR CAMBIO DE CARRIL,CONCRETO,Bueno,Bueno,2,NISSAN,NEGRO,2,,32,FEMENINO,SIN DATOS,0,0,Morelia,Nueva Valladolid,marzo,miércoles,9,-101.214162415,19.7004326249991
39466,39472,2022,,2022/03/16,"09:38:00",COLISIÓN POR CORTE DE CIRCULACIÓN,ASFALTO,Bueno,Bueno,2,CHEVROLET,NARANJA,2,,25,FEMENINO,SIN DATOS,0,0,Morelia,Nueva Chapultepec,marzo,miércoles,10,-101.175543188371,19.6907368125708
39467,39473,2022,,2022/03/16,"09:40:00",COLISIÓN POR CORTE DE CIRCULACIÓN,CONCRETO,Bueno,Bueno,2,RENAULT,PLATA,2,MINISTERIO PÚBLICO,27,FEMENINO,SIN DATOS,0,0,Morelia,Del Empleado,marzo,miércoles,10,-101.176941015505,19.6873777523488
39468,39474,2022,MOR 220150486,2022/03/16,14:00:00,VOLCADURA,CONCRETO,Bueno,Bueno,1,JEEP,AZUL,1,,43,MASCULINO,SIN DATOS,0,0,Morelia,Rincon del Punhuato,marzo,miércoles,14,-101.141068786383,19.6958748473964
39469,39475,2022,,2022/03/16,15:00:00,COLISIÓN POR INVASIÓN DE CARRIL,ASFALTO,Bueno,Bueno,2,VOLKSWAGEN,BLANCO,2,,36,MASCULINO,SIN DATOS,0,0,Morelia,El Lago 1,marzo,miércoles,15,-101.212125501849,19.7265970789793
39470,39476,2022,,2022/03/16,15:30:00,COLISIÓN POR CORTE DE CIRCULACIÓN,CONCRETO,Bueno,Bueno,2,MERCEDEZ BENZ,BLANCO y NARANJA,2,,17,MASCULINO,SIN DATOS,0,0,Morelia,Villas del Pedregal,marzo,miércoles,16,-101.306944638491,19.6729698133684
39471,39477,2022,,2022/03/16,15:45:00,COLISIÓN POR NO RESPETAR SEMÁFORO,ASFALTO,Lluvioso,Malo,2,CHEVROLET,PLATA,2,,,FEMENINO,SIN DATOS,0,0,Morelia,Lomas de Huerta,marzo,miércoles,16,-101.2101457268,19.6723238778328
39472,39478,2022,,2022/03/16,16:11:00,COLISIÓN POR CORTE DE CIRCULACIÓN,ASFALTO,Lluvioso,Regular,2,KENWORTH,BLANCO,2,,46,MASCULINO,SIN DATOS,0,0,Morelia,Ejidal Ocolusen,marzo,miércoles,16,-101.153423985972,19.6872630465841
39473,39479,2022,,2022/03/16,17:20:00,COLISIÓN POR ALCANCE,ASFALTO,Bueno,Bueno,2,INTERNACIONAL,ROJO,2,,44,MASCULINO,SIN DATOS,0,0,Morelia,Loma de Los Piñones,marzo,miércoles,17,-101.206089556217,19.6734128055109
39474,39480,2022,MOR220151056,2022/03/16,17:27:00,COLISIÓN POR ALCANCE,ASFALTO,Bueno,Bueno,2,NISSAN,ROJO,2,,29,FEMENINO,SIN DATOS,0,0,Morelia,Centro,marzo,miércoles,17,-101.194263026118,19.7029691651605
39475,39481,2022,MOR220151221,2022/03/16,18:45:00,COLISIÓN POR ALCANCE,ASFALTO,Bueno,Regular,2,NISSAN,BLANCO,2,,27,FEMENINO,SIN DATOS,0,0,Morelia,Centro,marzo,miércoles,19,-101.185709400609,19.6984036142675
39476,39482,2022,,2022/03/16,20:45:00,COLISIÓN POR CORTE DE CIRCULACIÓN,ASFALTO,Nublado,Bueno,2,VOLSKWAGEN,BLANCO Y ROJO,2,,33,MASCULINO,SIN DATOS,0,0,Morelia,Dr Miguel Silva,marzo,miércoles,21,-101.188279322612,19.7212125062795
39477,39483,2022,,2022/03/16,21:20:00,COLISIÓN POR CORTE DE CIRCULACIÓN,ASFALTO,Bueno,Bueno,2,ITALIKA,NEGRA,4,MINISTERIO PÚBLICO,21,FEMENINO,SIN DATOS,2,0,Morelia,Molino de Parras,marzo,miércoles,21,-101.200232312762,19.6946068619118
39479,39485,2022,MOR220151690,2022/03/16,22:30:00,COLISIÓN POR ALCANCE,ASFALTO,Bueno,Bueno,2,MAZDA,BLANCO,2,,57,MASCULINO,SIN DATOS,0,0,Morelia,Independencia,marzo,miércoles,23,-101.177529699422,19.704976005854
39480,39486,2022,,2022/03/16,23:30:00,COLISIÓN POR ALCANCE,CONCRETO,Bueno,Bueno,2,IBIZA,ROJO,1,MINISTERIO PÚBLICO,55,MASCULINO,SIN DATOS,0,0,Morelia,Nueva Valladolid,marzo,miércoles,0,-101.213667802513,19.6986491655532
39481,39487,2022,,2022/03/17,"00:00:00",VOLCADURA,ASFALTO,Bueno,Bueno,2,CHEVROLET,ARENA,0,,,,,0,0,Pátzcuaro,San Nicolas (La Valenciana),marzo,jueves,0,-101.615940420463,19.522253124484
39482,39488,2022,,2022/03/17,"06:00:00",COLISIÓN CONTRA OBJETO FIJO,CONCRETO,Bueno,Bueno,1,FORD,BLANCO,1,,34,MASCULINO,SIN DATOS,0,0,Morelia,Felix Ireta,marzo,jueves,6,-101.195802217856,19.6823946482701
39483,39489,2022,,2022/03/17,"07:35:00",COLISIÓN POR CAMBIO DE CARRIL,CONCRETO,Bueno,Bueno,2,ITALIKA DT150,ROJO,2,,30,MASCULINO,SIN DATOS,0,0,Morelia,Buenos Aires (Lomas de La Aldea),marzo,jueves,8,-101.139876772859,19.7374288323742
39484,39490,2022,,2022/03/17,"08:20:00",COLISIÓN POR CORTE DE CIRCULACIÓN,SIN_DATOS,Bueno,Bueno,2,MITSBISHI L200,BLANCO/ AZUL,2,,24,MASCULINO,SIN DATOS,0,0,Cuitzeo,Centro,marzo,jueves,8,-101.140147081829,19.9711070503533
39485,39491,2022,,2022/03/17,"08:30:00",COLISIÓN POR CORTE DE CIRCULACIÓN,CONCRETO,Bueno,Bueno,2,NISSAN,BLANCO,2,,66,MASCULINO,SIN DATOS,0,0,Morelia,Centro,marzo,jueves,9,-101.18927984,19.6991992449991
39486,39492,2022,LEG42209,2022/03/17,10:00:00,COLISIÓN POR CORTE DE CIRCULACIÓN,CONCRETO,Bueno,Bueno,2,VOLKSWAGEN,AZUL,2,,36,MASCULINO,SIN DATOS,0,0,Morelia,Felix Ireta,marzo,jueves,10,-101.188260577619,19.6850915135612
39488,39494,2022,,2022/03/17,12:00:00,COLISIÓN POR CAMBIO DE CARRIL,ASFALTO,Bueno,Bueno,2,FREIGHTLINER,BLANCO Y AMARILLO,2,,30,MASCULINO,SIN DATOS,0,0,Morelia,Ciudad Industrial,marzo,jueves,12,-101.137412234473,19.7289305803714
39489,39495,2022,,2022/03/17,16:30:00,COLISIÓN POR CORTE DE CIRCULACIÓN,ASFALTO,Bueno,Bueno,2,ITALIKA,NEGRO,3,,37,MASCULINO,SIN DATOS,1,0,Morelia,La Loma,marzo,jueves,17,-101.183549121556,19.6812242527726
39490,39496,2022,LEG42210,2022/03/17,18:00:00,COLISIÓN POR CORTE DE CIRCULACIÓN,ASFALTO,Bueno,Bueno,2,NISSAN,GRIS,2,MINISTERIO PÚBLICO,29,FEMENINO,SIN DATOS,0,0,Morelia,Juarez,marzo,jueves,18,-101.200187020004,19.695480271002
39491,39497,2022,,2022/03/17,18:20:00,SALIDA DE SUPERFICIE DE RODAMIENTO,ASFALTO,Bueno,Bueno,1,SEAT,BLANCO,1,,21,MASCULINO,SIN DATOS,0,0,Morelia,Tenencia Morelos,marzo,jueves,18,-101.238935156321,19.6471575013765
39492,39498,2022,,2022/03/17,18:35:00,COLISIÓN CONTRA OBJETO FIJO,ASFALTO,Bueno,Bueno,1,KIA,ROJO,1,MINISTERIO PÚBLICO,,,,1,0,Morelia,Loma Larga,marzo,jueves,19,-101.202296303079,19.6565930257952
39493,39499,2022,,2022/03/17,19:05:00,COLISIÓN POR ALCANCE,ASFALTO,Bueno,Bueno,2,NISSAN,BLANCO,2,,40,MASCULINO,SIN DATOS,0,0,Morelia,Buenavista,marzo,jueves,19,-101.167013123631,19.7096083409313
39494,39500,2022,,2022/03/17,20:00:00,COLISIÓN POR CORTE DE CIRCULACIÓN,ASFALTO,Bueno,Bueno,1,EAGLE,BLANCO,0,,,,,0,0,Morelia,Balcones de Morelia,marzo,jueves,20,-101.200679510154,19.6742660964757
39495,39501,2022,,2022/03/18,"00:00:00",COLISIÓN POR CORTE DE CIRCULACIÓN,CONCRETO,Bueno,Bueno,2,FORD,GRIS,2,MINISTERIO PÚBLICO,,MASCULINO,SIN DATOS,0,0,Morelia,Centro,marzo,viernes,0,-101.187430251045,19.7070165947233
39496,39502,2022,MOR220154241,2022/03/18,"08:30:00",COLISIÓN POR CAMBIO DE CARRIL,ASFALTO,Bueno,Bueno,2,FREIGHTLINER,BLANCO,2,,23,MASCULINO,SIN DATOS,0,0,Morelia,Alfonso Garcia Robles,marzo,viernes,9,-101.183094056834,19.7185941431338
39497,39503,2022,MOR 220154155,2022/03/18,"08:30:00",COLISIÓN POR NO RESPETAR SEMÁFORO,SIN_DATOS,Bueno,Regular,2,CHEVROLET,GRIS,2,,45,FEMENINO,SIN DATOS,0,0,Morelia,Centro,marzo,viernes,9,-101.194029856807,19.7072054613683
39498,39504,2022,,2022/03/18,"09:10:00",COLISIÓN POR CORTE DE CIRCULACIÓN,ASFALTO,Bueno,Bueno,2,TOYOTA,BLANCO/GRIS,2,MINISTERIO PÚBLICO,34,MASCULINO,SIN DATOS,0,0,Morelia,Centro,marzo,viernes,9,-101.1904631,19.7026851599992
39500,39506,2022,,2022/03/18,13:10:00,COLISIÓN CON PEATÓN,ADOQUIN_EMPEDRADO,Bueno,Bueno,1,FORD,AZUL MARINO,2,,61,MASCULINO,SIN DATOS,1,0,Cuitzeo,Centro,marzo,viernes,13,-101.140498481691,19.9691199271197
39501,39507,2022,,2022/03/18,14:30:00,COLISIÓN POR CAMBIO DE CARRIL,ASFALTO,Bueno,Bueno,3,INTERNATIONAL,BLANCO,3,,67,MASCULINO,SIN DATOS,0,0,Morelia,Indeco Santiaguito,marzo,viernes,15,-101.178636567839,19.7201532844571
39502,39508,2022,MOR220154998,2022/03/18,14:51:00,COLISIÓN POR ALCANCE,ASFALTO,Bueno,Bueno,2,VENTO,NEGRO/NARANJA,2,,25,MASCULINO,SIN DATOS,0,0,Morelia,Vistas de Altozano,marzo,viernes,15,-101.167,19.6551
39503,39509,2022,,2022/03/18,15:00:00,COLISIÓN POR CORTE DE CIRCULACIÓN,ASFALTO,Bueno,Bueno,1,S/D,S/D,0,,,,,0,0,Los Reyes,Centro,marzo,viernes,15,-102.473788,19.589361
39504,39510,2022,MOR220155265,2022/03/18,15:55:00,COLISIÓN POR ALCANCE,ASFALTO,Bueno,Regular,3,KIA,NEGRO,3,,33,FEMENINO,SIN DATOS,0,0,Morelia,Poblado de Ocolusen,marzo,viernes,16,-101.15540205,19.6941524999991
39505,39511,2022,MOR220-----,2022/03/18,16:50:00,COLISIÓN POR INVASIÓN DE CARRIL,ASFALTO,Bueno,Regular,2,VOSLKWAGEN,BLANCO,2,,27,MASCULINO,SIN DATOS,0,0,Morelia,Central de Abastos,marzo,viernes,17,-101.166060929494,19.7156006885588
39506,39512,2022,MOR220155360,2022/03/18,16:55:00,VOLCADURA,CONCRETO,Bueno,Bueno,1,MINI,NEGRO,1,,15,FEMENINO,SIN DATOS,0,0,Morelia,Montaña Monarca,marzo,viernes,17,-101.160729031978,19.6752093291297
39507,39513,2022,MOR220155490,2022/03/18,16:57:00,COLISIÓN POR ALCANCE,ASFALTO,Bueno,Bueno,3,VOLKSWAGEN,GRIS,3,,34,MASCULINO,SIN DATOS,0,0,Morelia,Ejidal Ocolusen,marzo,viernes,17,-101.155585494629,19.6843663227041
39508,39514,2022,,2022/03/18,17:00:00,COLISIÓN POR CORTE DE CIRCULACIÓN,ASFALTO,Bueno,Bueno,2,TOYOTA,BLANCO,2,MINISTERIO PÚBLICO,,,SIN DATOS,0,0,Lázaro Cárdenas,1Er Sect de Fidelac,marzo,viernes,17,-102.197972827338,17.9649670256235
39509,39515,2022,MOR220155423,2022/03/18,17:20:00,COLISIÓN CONTRA OBJETO FIJO,ASFALTO,Bueno,Bueno,1,ITALIKA,ROJO,1,MINISTERIO PÚBLICO,,,,1,0,Morelia,Villa Universidad,marzo,viernes,17,-101.213997043669,19.6879007429966
39510,39516,2022,PATZ20031258,2022/03/18,18:57:00,COLISIÓN CON PEATÓN,ASFALTO,Bueno,Bueno,1,FORD,BLANCO,2,MINISTERIO PÚBLICO,32,MASCULINO,SIN DATOS,1,0,Pátzcuaro,Sin datos,marzo,viernes,19,-101.576316573414,19.4971420243761
39511,39517,2022,,2022/03/18,19:00:00,COLISIÓN POR ALCANCE,ASFALTO,Bueno,Bueno,2,FORD,ROJO,2,MINISTERIO PÚBLICO,,MASCULINO,SIN DATOS,0,0,Morelia,Prados Verdes,marzo,viernes,19,-101.19377628,19.7139633849992
39512,39518,2022,,2022/03/18,19:00:00,COLISIÓN POR ALCANCE,ASFALTO,Bueno,Bueno,2,NISSAN,ROJO,2,,30,MASCULINO,SIN DATOS,0,0,Morelia,Tinijaro,marzo,viernes,19,-101.26316,19.6963297049991
39513,39519,2022,,2022/03/18,20:38:00,COLISIÓN POR CAMBIO DE CARRIL,CONCRETO,Bueno,Bueno,2,YAMAHA,NEGRO,2,,27,MASCULINO,SIN DATOS,0,0,Morelia,Nueva Valladolid,marzo,viernes,21,-101.214162415,19.7004326249991
39514,39520,2022,MORT,2022/03/18,20:50:00,COLISIÓN CONTRA OBJETO FIJO,ASFALTO,Bueno,Bueno,2,BENELLI,ROJO,2,,77,MASCULINO,SIN DATOS,0,0,Morelia,Vista Bella,marzo,viernes,21,-101.195925675947,19.6790442736003
39515,39521,2022,,2022/03/19,"01:31:00",COLISIÓN CONTRA OBJETO FIJO,CONCRETO,Bueno,Bueno,1,VOLKSWAGEN,NEGRO,1,,48,FEMENINO,SIN DATOS,0,0,Morelia,San Juanito Itzicuaro,marzo,sábado,2,-101.253703429617,19.6775657362834
39516,39522,2022,,2022/03/19,"02:00:00",COLISIÓN POR ALCANCE,ASFALTO,Bueno,Bueno,2,CHEVROLET,ROJO,2,,37,MASCULINO,SIN DATOS,0,0,Morelia,Sentimientos de La Nacion,marzo,sábado,2,-101.233129880644,19.6865928900926
39517,39523,2022,MOR 220156467,2022/03/19,"03:40:00",COLISIÓN CONTRA OBJETO FIJO,ASFALTO,Bueno,Regular,1,CHEVROLET,AZUL,1,,41,MASCULINO,SIN DATOS,0,0,Morelia,Melchor Ocampo,marzo,sábado,4,-101.201937888211,19.7065671597378
39518,39524,2022,MOR220156560,2022/03/19,"06:45:00",COLISIÓN POR ALCANCE,CONCRETO,Bueno,Regular,2,CHEVROLET,GRIS,2,,30,MASCULINO,SIN DATOS,0,0,Morelia,Ampliacion La Soledad,marzo,sábado,7,-101.184743095,19.7297316299991
39521,39527,2022,,2022/03/19,11:20:00,COLISIÓN POR CAMBIO DE CARRIL,ASFALTO,Bueno,Bueno,2,NISSAN,AZUL,2,,19,MASCULINO,SIN DATOS,0,0,Morelia,Torreon Nuevo,marzo,sábado,11,-101.20358663,19.7462449699991
39522,39528,2022,,2022/03/19,11:30:00,COLISIÓN POR ALCANCE,ASFALTO,Bueno,Bueno,3,CHEVROLET,ROJO,3,,19,MASCULINO,SIN DATOS,0,0,Morelia,Canteras de Morelia,marzo,sábado,12,-101.173168652105,19.7180886357371
39523,39529,2022,,2022/03/19,12:05:00,COLISIÓN POR CAMBIO DE CARRIL,ASFALTO,Bueno,Bueno,2,TOYOTA,BLANCO,2,,56,MASCULINO,SIN DATOS,0,0,Morelia,Martires de Uruapan,marzo,sábado,12,-101.202583268963,19.7255193010058
39524,39530,2022,,2022/03/19,12:40:00,COLISIÓN POR CAMBIO DE CARRIL,ASFALTO,Bueno,Bueno,2,KEENWORTH,BLANCO,2,,46,MASCULINO,SIN DATOS,0,0,Morelia,Americas Britania,marzo,sábado,13,-101.14922337234,19.6946507103979
39525,39531,2022,,2022/03/19,14:20:00,COLISIÓN POR ALCANCE,ASFALTO,Bueno,Bueno,2,NISSAN,BLANCO,2,,36,MASCULINO,SIN DATOS,0,0,Morelia,Alberto Oviedo Mota,marzo,sábado,14,-101.195737601005,19.6815252430569
39526,39532,2022,,2022/03/19,14:52:00,COLISIÓN CONTRA OBJETO FIJO,ASFALTO,Bueno,Bueno,1,CHEVROLET,GRIS,1,MINISTERIO PÚBLICO,,FEMENINO,SIN DATOS,0,0,Morelia,Sin datos,marzo,sábado,15,-101.126777275729,19.7090515622208
39528,39534,2022,,2022/03/19,16:10:00,COLISIÓN POR CORTE DE CIRCULACIÓN,CONCRETO,Bueno,Bueno,2,INFINITI,BLANCO,2,,45,MASCULINO,SIN DATOS,0,0,Morelia,Jardines del Rincon,marzo,sábado,16,-101.148175495663,19.6871554732984
39529,39535,2022,,2022/03/19,17:50:00,COLISIÓN CONTRA OBJETO FIJO,ASFALTO,Bueno,Bueno,2,VOLKSWAGEN,AZUL,2,,38,MASCULINO,SIN DATOS,0,0,Morelia,Primo Tapia Oriente,marzo,sábado,18,-101.160208999432,19.7126438182319
39530,39536,2022,,2022/03/19,20:20:00,COLISIÓN POR INVASIÓN DE CARRIL,CONCRETO,Bueno,Bueno,2,NISSAN,GRIS,2,,,MASCULINO,SIN DATOS,0,0,Morelia,Progreso del Sur,marzo,sábado,20,-101.197330833149,19.660670186567
39531,39537,2022,,2022/03/19,22:00:00,COLISIÓN POR CORTE DE CIRCULACIÓN,ASFALTO,Bueno,Bueno,2,RENAULT,GRIS,2,,21,MASCULINO,SIN DATOS,0,0,Morelia,Jesus del Monte,marzo,sábado,22,-101.154211082822,19.6509234359309
39532,39538,2022,,2022/03/19,22:45:00,COLISIÓN CONTRA OBJETO FIJO,ASFALTO,Bueno,Bueno,1,MERCURY,CAFÉ,1,,,MASCULINO,SIN DATOS,0,0,Morelia,El Lago 2,marzo,sábado,23,-101.214592158794,19.7267158019561
39533,39539,2022,,2022/03/20,"00:01:00",COLISIÓN POR CORTE DE CIRCULACIÓN,ASFALTO,Bueno,Bueno,2,CHEVROLET,BLANCO/ROJO,2,MINISTERIO PÚBLICO,72,MASCULINO,SIN DATOS,0,0,Morelia,Primo Tapia,marzo,domingo,0,-101.212574802339,19.7094084586276
39534,39540,2022,,2022/03/20,"00:10:00",COLISIÓN CONTRA OBJETO FIJO,ASFALTO,Bueno,Regular,1,HONDA,GRIS,2,MINISTERIO PÚBLICO,48,MASCULINO,SIN DATOS,1,0,Morelia,Lomas del Tecnologico,marzo,domingo,0,-101.191198937595,19.7225693110617
39535,39541,2022,,2022/03/20,"00:30:00",COLISIÓN CONTRA OBJETO FIJO,ASFALTO,Bueno,Bueno,1,CHEVROLET,GRIS,1,,,FEMENINO,SIN DATOS,0,0,Morelia,Leon Guzman,marzo,domingo,1,-101.205651617347,19.7276972981651
39536,39542,2022,LEG42250,2022/03/20,"01:25:00",COLISIÓN CONTRA OBJETO FIJO,ASFALTO,Bueno,Bueno,2,HONDA,AZUL,2,MINISTERIO PÚBLICO,,,SIN DATOS,0,0,Morelia,Quinceo,marzo,domingo,1,-101.224371858619,19.7345929230012
39537,39543,2022,,2022/03/20,"03:25:00",VOLCADURA,ASFALTO,Bueno,Bueno,1,SEAT,NEGRO,1,MINISTERIO PÚBLICO,23,MASCULINO,SIN DATOS,0,0,Morelia,Lomas de La Maestranza,marzo,domingo,3,-101.330807215787,19.6845580101008
39538,39544,2022,,2022/03/20,"03:50:00",COLISIÓN CONTRA OBJETO FIJO,ASFALTO,Bueno,Bueno,1,HONDA,BLANCO,1,,58,MASCULINO,SIN DATOS,0,0,Morelia,Montaña Monarca,marzo,domingo,4,-101.161786808896,19.6724334281779
39539,39545,2022,,2022/03/20,"07:45:00",COLISIÓN CONTRA OBJETO FIJO,ASFALTO,Bueno,Bueno,1,CHEVROLET,PLATA,1,,,MASCULINO,SIN DATOS,0,0,Peribán,Sin datos,marzo,domingo,8,-102.444114149973,19.5517454267246
39540,39546,2022,,2022/03/20,12:30:00,CAIDA DE MOTOCICLETA,ASFALTO,Bueno,Bueno,1,ITALIKA,NEGRO,2,,17,MASCULINO,SIN DATOS,1,0,Morelia,Ejidal Ocolusen,marzo,domingo,13,-101.152287430383,19.6843124372014
39541,39547,2022,,2022/03/20,13:00:00,COLISIÓN POR CORTE DE CIRCULACIÓN,CONCRETO,Bueno,Bueno,1,MITSUBISHI,NEGRO,0,,,,,0,0,Los Reyes,Heroe de Nacozari,marzo,domingo,13,-102.474808587956,19.5866193431169
39542,39548,2022,MOR22016120,2022/03/20,13:25:00,COLISIÓN POR CORTE DE CIRCULACIÓN,ASFALTO,Bueno,Regular,2,S/D,S/D,2,,,,SIN DATOS,0,0,Morelia,Leon Guzman,marzo,domingo,13,-101.205651617347,19.7276972981651
39543,39549,2022,MOR220116077,2022/03/20,16:58:00,COLISIÓN POR ALCANCE,ASFALTO,Bueno,Bueno,2,ITALIKA,NEGRO/ROJO,2,,31,MASCULINO,SIN DATOS,0,0,Morelia,Reforma,marzo,domingo,17,-101.237679577686,19.707064944836
39544,39550,2022,MOR220160377,2022/03/20,17:40:00,COLISIÓN POR CORTE DE CIRCULACIÓN,ASFALTO,Bueno,Bueno,2,FORD,GRIS,2,,28,FEMENINO,SIN DATOS,0,0,Morelia,Villas de La Esperanza,marzo,domingo,18,-101.275106146932,19.6927775543163
39545,39551,2022,,2022/03/20,18:00:00,COLISIÓN POR CAMBIO DE CARRIL,ASFALTO,Bueno,Bueno,3,VOLKSWAGEN,GRIS,3,,39,MASCULINO,SIN DATOS,0,0,Morelia,Tinijaro,marzo,domingo,18,-101.26316,19.6963297049991
39546,39552,2022,,2022/03/20,22:00:00,COLISIÓN POR INVASIÓN DE CARRIL,ASFALTO,Bueno,Bueno,2,DODGE,NEGRO,2,,55,MASCULINO,SIN DATOS,0,0,Morelia,Mujeres Mexicanas,marzo,domingo,22,-101.226,19.7545
39547,39553,2022,,2022/03/20,22:49:00,COLISIÓN POR MANIOBRA DE REVERSA,CONCRETO,Bueno,Bueno,2,DODGE,VERDE,1,MINISTERIO PÚBLICO,18,MASCULINO,SIN DATOS,0,0,Morelia,Camponubes,marzo,domingo,23,-101.289801634848,19.69691933667
39548,39554,2022,MOR220161344,2022/03/21,"01:15:00",COLISIÓN CONTRA OBJETO FIJO,CONCRETO,Bueno,Regular,2,FORD,BLANCO,2,,59,MASCULINO,ALIENTO ETÍLICO,0,0,Morelia,Enrique Ramirez,marzo,lunes,1,-101.165651847052,19.7086881668769
39549,39555,2022,,2022/03/21,"08:10:00",COLISIÓN CONTRA OBJETO FIJO,TERRACERIA,Bueno,Bueno,1,CHEVROLET EQUINOX,ROJO,1,,,,SIN DATOS,0,0,Morelia,Sin datos,marzo,lunes,8,-101.281327530742,19.6193088059665
39550,39556,2022,,2022/03/21,"08:10:00",COLISIÓN CON PEATÓN,TERRACERIA,Bueno,Bueno,1,CHEVROLET,ROJO,1,,,,SIN DATOS,0,0,Morelia,Sin datos,marzo,lunes,8,-101.277978,19.618804
39551,39557,2022,,2022/03/21,17:00:00,COLISIÓN POR MANIOBRA DE REVERSA,ASFALTO,Bueno,Bueno,2,WARNING,AMARILLO,2,,33,MASCULINO,SIN DATOS,0,0,Morelia,Club Campestre La Huerta,marzo,lunes,17,-101.234410945,19.6690488849992