fid,id_accidente,anio_origen,folio_c5i,dia_incidente,hora_ocurrencia,tipo_incidente_vial,superficie_ocurrencia,condiciones_climaticas,condiciones_via,numero_vehiculos_involucrados,marca_vehiculo_ocasiona_siniestro,color_vehiculo_ocasiona_siniestro,numero_personas_involucradas,lugar_remite_presunto_responsable,edad_presunto_responsable,sexo_presunto_responsable,resultados_toxicologia,numero_personas_lesionadas,numero_personas_fallecidas,municipio,colonia,mes,dia_semana,hora_redondeada,lon,lat
39552,39558,2022,,2022/03/21,17:35:00,COLISIÓN POR MANIOBRA DE REVERSA,ASFALTO,Bueno,Bueno,2,CHRYSLER,AZUL,2,,67,MASCULINO,SIN DATOS,0,0,Morelia,Lazaro Cardenas,marzo,lunes,18,-101.162058507071,19.7101112773308
39553,39559,2022,,2022/03/21,23:25:00,COLISIÓN POR CAMBIO DE CARRIL,CONCRETO,Bueno,Bueno,2,ITALIKA,GRIS,2,,,MASCULINO,SIN DATOS,0,0,Morelia,Felix Ireta,marzo,lunes,23,-101.195737235248,19.681528428647
39554,39560,2022,,2022/03/22,"00:00:00",COLISIÓN POR CORTE DE CIRCULACIÓN,ASFALTO,Bueno,Bueno,2,MERCEDEZ BENZ,VERDE Y BLANCO,2,MINISTERIO PÚBLICO,22,MASCULINO,SIN DATOS,0,0,Morelia,Morelos,marzo,martes,0,-101.207710890606,19.7007122750584
39555,39561,2022,,2022/03/22,"00:00:00",COLISIÓN POR CORTE DE CIRCULACIÓN,ASFALTO,Bueno,Bueno,2,VOLVO,BLANCO Y AZUL,2,,39,MASCULINO,SIN DATOS,0,0,Morelia,Sin datos,marzo,martes,0,-101.114527017556,19.7368082807552
39556,39562,2022,,2022/03/22,"08:20:00",COLISIÓN POR CORTE DE CIRCULACIÓN,ASFALTO,Bueno,Bueno,2,TOYOTA,BLANCO Y GRIS,2,,31,MASCULINO,SIN DATOS,0,0,Morelia,Barrio Alto,marzo,martes,8,-101.194972836159,19.7244386466316
39557,39563,2022,,2022/03/22,"09:10:00",COLISIÓN POR ALCANCE,ASFALTO,Bueno,Bueno,2,CADILLAC,NEGRO,2,,31,FEMENINO,SIN DATOS,0,0,Morelia,Ejidal Ocolusen,marzo,martes,9,-101.155585494629,19.6843663227041
39558,39564,2022,,2022/03/22,"09:45:00",COLISIÓN POR CORTE DE CIRCULACIÓN,ASFALTO,Bueno,Bueno,2,FORD,ROJO,2,,67,MASCULINO,SIN DATOS,0,0,Morelia,Fuentes de Valladolid,marzo,martes,10,-101.220933540977,19.6737855952902
39559,39565,2022,MOR220164172,2022/03/22,12:30:00,COLISIÓN POR MANIOBRA DE REVERSA,CONCRETO,Bueno,Regular,2,NISSAN,BLANCO Y ROJO,2,,37,MASCULINO,SIN DATOS,0,0,Morelia,Los Pinos de Michoacan,marzo,martes,13,-101.216558583759,19.6826241527806
39560,39566,2022,MOR220164475,2022/03/22,14:00:00,COLISIÓN POR ALCANCE,ASFALTO,Bueno,Bueno,3,KENWORTH,AZUL,3,,56,MASCULINO,SIN DATOS,0,0,Morelia,Bosques de Oriente,marzo,martes,14,-101.15545514971,19.7156008202633
39561,39567,2022,,2022/03/22,14:30:00,COLISIÓN POR ALCANCE,CONCRETO,Bueno,Bueno,2,VOLKSWAGEN,BLANCO,2,,21,MASCULINO,SIN DATOS,0,0,Morelia,Colinas del Sur,marzo,martes,15,-101.201240792871,19.6663802360474
39562,39568,2022,,2022/03/22,17:00:00,COLISIÓN POR CORTE DE CIRCULACIÓN,ASFALTO,Bueno,Bueno,2,CHRYSLER,AZUL,0,MINISTERIO PÚBLICO,,,,0,0,Lázaro Cárdenas,Segundo Sector de Fidelac,marzo,martes,17,-102.204080826856,17.9632460138668
39563,39569,2022,,2022/03/22,17:00:00,COLISIÓN POR CORTE DE CIRCULACIÓN,CONCRETO,Bueno,Bueno,2,NAVISTAR,BLANCO Y AZUL,2,,18,MASCULINO,SIN DATOS,0,0,Morelia,Morelia 450,marzo,martes,17,-101.217537193812,19.6757423471383
39564,39570,2022,,2022/03/22,17:10:00,COLISIÓN POR CORTE DE CIRCULACIÓN,ASFALTO,Bueno,Bueno,2,BMW,AZUL,2,,37,MASCULINO,SIN DATOS,0,0,Morelia,Nueva Chapultepec,marzo,martes,17,-101.165793053806,19.6887157888366
39565,39571,2022,MOR 220164892,2022/03/22,18:45:00,SALIDA DE SUPERFICIE DE RODAMIENTO,ASFALTO,Bueno,Regular,1,HONDA,BLANCO,1,,28,MASCULINO,SIN DATOS,0,0,Morelia,Sin datos,marzo,martes,19,-101.135119159119,19.6224762775039
39566,39572,2022,MOR220165357,2022/03/22,20:40:00,COLISIÓN CONTRA OBJETO FIJO,ASFALTO,Bueno,Bueno,1,MERCEDES BENZ,BLANCO Y ROJO,1,,18,MASCULINO,CON CERTIFICADO,0,0,Morelia,Irrigacion,marzo,martes,21,-101.225045733154,19.7045909498933
39567,39573,2022,MOR220165348,2022/03/22,20:40:00,COLISIÓN POR CORTE DE CIRCULACIÓN,ASFALTO,Bueno,Regular,2,INTERNATIONAL,"BLANCO, AZUL Y ROJO",2,,45,MASCULINO,SIN DATOS,0,0,Morelia,Hermanos Lopez Rayon,marzo,martes,21,-101.220233880651,19.6753287503541
39569,39575,2022,MOR22016573,2022/03/23,"00:05:00",COLISIÓN POR CORTE DE CIRCULACIÓN,CONCRETO,Bueno,Bueno,2,PULSAR,NEGRO,2,,23,MASCULINO,SIN DATOS,0,0,Morelia,Morelos,marzo,miércoles,0,-101.205931610681,19.6985437366608
39570,39576,2022,,2022/03/23,"02:00:00",COLISIÓN POR CAMBIO DE CARRIL,ASFALTO,Bueno,Bueno,2,DODGE,PLATA,2,MINISTERIO PÚBLICO,33,MASCULINO,SIN DATOS,0,0,Morelia,Sin datos,marzo,miércoles,2,-101.114527352833,19.7368079651753
39571,39577,2022,,2022/03/23,"02:40:00",VOLCADURA,ASFALTO,Bueno,Bueno,1,JEEP,GRIS,1,,55,MASCULINO,SIN DATOS,0,0,Morelia,Clara Cordova Moran,marzo,miércoles,3,-101.180850304663,19.7373933648657
39572,39578,2022,,2022/03/23,"09:00:00",COLISIÓN POR ALCANCE,CONCRETO,Bueno,Bueno,3,FORD,ROJO,3,,,MASCULINO,SIN DATOS,0,0,Morelia,Infonavit Colonial Universidad,marzo,miércoles,9,-101.204939035,19.6864075999991
39573,39579,2022,,2022/03/23,"09:20:00",COLISIÓN POR ALCANCE,ASFALTO,Bueno,Bueno,2,NISSAN,BLANCO,2,,36,MASCULINO,SIN DATOS,0,0,Morelia,Infonavit Manantiales,marzo,miércoles,9,-101.238972415,19.6930406099991
39574,39580,2022,,2022/03/23,"09:40:00",COLISIÓN POR INVASIÓN DE CARRIL,CONCRETO,Bueno,Bueno,2,ITALIKA,NARANJA,3,,,MASCULINO,SIN DATOS,1,0,Morelia,Tanganxoan (Guadalupe Victoria),marzo,miércoles,10,-101.28905433,19.6928032249991
39575,39581,2022,,2022/03/23,"09:45:00",COLISIÓN POR ALCANCE,ASFALTO,Bueno,Bueno,2,HONDA,AZUL,3,,49,MASCULINO,SIN DATOS,1,0,Morelia,Progreso del Sur,marzo,miércoles,10,-101.19784196,19.6584584849991
39576,39582,2022,,2022/03/23,11:55:00,COLISIÓN POR CORTE DE CIRCULACIÓN,ASFALTO,Bueno,Bueno,2,CHRYSLER,PLATA,2,,57,MASCULINO,SIN DATOS,0,0,Morelia,Camelinas,marzo,miércoles,12,-101.17262119,19.6818144849991
39577,39583,2022,,2022/03/23,12:00:00,COLISIÓN POR ALCANCE,ASFALTO,Bueno,Bueno,2,PEUGEOT,ROJO,2,MINISTERIO PÚBLICO,21,MASCULINO,SIN DATOS,0,0,Morelia,Ampliacion La Soledad,marzo,miércoles,12,-101.18399629,19.7359844399991
39578,39584,2022,,2022/03/23,18:00:00,COLISIÓN POR ALCANCE,ASFALTO,Bueno,Bueno,4,FORD,BLANCO,4,MINISTERIO PÚBLICO,,,SIN DATOS,0,0,Lázaro Cárdenas,Jose Green,marzo,miércoles,18,-102.202002846383,17.9665507081167
39579,39585,2022,LEG42303,2022/03/23,18:55:00,COLISIÓN CON PEATÓN,ASFALTO,Bueno,Bueno,1,ITALIKA,BLANCO,2,,26,MASCULINO,SIN DATOS,1,0,Morelia,Centro,marzo,miércoles,19,-101.179312185,19.7035132699991
39580,39586,2022,,2022/03/23,19:50:00,COLISIÓN POR ALCANCE,SIN_DATOS,Bueno,Bueno,2,HONDA,GRIS,2,,24,MASCULINO,SIN DATOS,0,0,Morelia,Las Cruces,marzo,miércoles,20,-101.267695635,19.6995143549991
39581,39587,2022,LEG42305,2022/03/23,20:43:00,COLISIÓN POR CAMBIO DE CARRIL,ASFALTO,Bueno,Bueno,2,ITERNATIONAL,BLANCO Y NARANJA,2,,33,MASCULINO,SIN DATOS,0,0,Morelia,Sin datos,marzo,miércoles,21,-101.308208,19.686257
39583,39589,2022,,2022/03/23,21:10:00,COLISIÓN CON PEATÓN,ASFALTO,Bueno,Bueno,1,NISSAN,BLANCO,1,MINISTERIO PÚBLICO,,,,1,0,Peribán,Sin datos,marzo,miércoles,21,-102.445504509591,19.5532666898326
39584,39590,2022,,2022/03/24,"07:50:00",COLISIÓN POR ALCANCE,ASFALTO,Bueno,Bueno,2,NISSAN,ROJO,2,,80,MASCULINO,SIN DATOS,0,0,Morelia,Rinconada del Valle,marzo,jueves,8,-101.222,19.6779
39585,39591,2022,,2022/03/24,"08:40:00",COLISIÓN CONTRA OBJETO FIJO,ASFALTO,Bueno,Bueno,2,NISSAN,BLANCO,2,,30,MASCULINO,SIN DATOS,0,0,Morelia,Carlos Salazar,marzo,jueves,9,-101.209658559066,19.7124165765648
39586,39592,2022,MOR220168463,2022/03/24,"08:50:00",COLISIÓN POR CAMBIO DE CARRIL,ASFALTO,Bueno,Regular,2,SEAT,ROJO,2,,36,MASCULINO,SIN DATOS,0,0,Morelia,Clara Cordova Moran,marzo,jueves,9,-101.180838905275,19.7373952583383
39587,39593,2022,,2022/03/24,"09:10:00",COLISIÓN POR CORTE DE CIRCULACIÓN,ASFALTO,Bueno,Bueno,2,NISSAN,AZUL,2,,21,FEMENINO,SIN DATOS,0,0,Morelia,Centro,marzo,jueves,9,-101.182142117796,19.7029865864623
39589,39595,2022,,2022/03/24,12:00:00,COLISIÓN POR CORTE DE CIRCULACIÓN,ASFALTO,Bueno,Bueno,2,HONDA,GRIS,2,,45,FEMENINO,SIN DATOS,0,0,Morelia,Del Empleado,marzo,jueves,12,-101.177271597766,19.6908412421969
39590,39596,2022,,2022/03/24,12:40:00,COLISIÓN CONTRA OBJETO FIJO,ASFALTO,Bueno,Bueno,2,GMC,BLANCO,2,,37,MASCULINO,SIN DATOS,0,0,Morelia,Chapultepec Sur,marzo,jueves,13,-101.176572181284,19.6918961813691
39591,39597,2022,,2022/03/24,13:40:00,COLISIÓN POR CAMBIO DE CARRIL,ASFALTO,Bueno,Bueno,2,VOLVO,BLANCO Y NARANJA,2,,37,MASCULINO,SIN DATOS,0,0,Morelia,Indeco El Vivero,marzo,jueves,14,-101.229856305503,19.6768857812768
39592,39598,2022,,2022/03/24,17:45:00,COLISIÓN POR ALCANCE,ASFALTO,Bueno,Bueno,2,CHEVROLET,NEGRO,2,,21,MASCULINO,SIN DATOS,0,0,Morelia,Lomas del Tecnologico,marzo,jueves,18,-101.196182451474,19.7243105399014
39593,39599,2022,,2022/03/24,18:07:00,COLISIÓN POR CORTE DE CIRCULACIÓN,ASFALTO,Bueno,Bueno,2,NISSAN,BLANCO Y NARANJA,2,,60,MASCULINO,SIN DATOS,0,0,Morelia,Ejidal Ocolusen,marzo,jueves,18,-101.155113472856,19.6874158632239
39594,39600,2022,,2022/03/24,19:10:00,COLISIÓN POR CAMBIO DE CARRIL,ASFALTO,Bueno,Bueno,2,VOLKSWAGEN,NEGRO,2,,30,MASCULINO,SIN DATOS,0,0,Morelia,Indeco Expropiacion Petrolera,marzo,jueves,19,-101.228764951229,19.6847976133637
39595,39601,2022,MOR220169935,2022/03/24,19:50:00,VOLCADURA,ASFALTO,Bueno,Bueno,1,NISSAN,AZUL,2,MINISTERIO PÚBLICO,,,,1,1,Charo,Sin datos,marzo,jueves,20,-100.979869060886,19.6508461731454
39596,39602,2022,,2022/03/24,20:20:00,COLISIÓN POR ALCANCE,ASFALTO,Bueno,Bueno,2,NISSAN,BLANCO/ROSA,2,,29,MASCULINO,SIN DATOS,0,0,Los Reyes,Sin datos,marzo,jueves,20,-102.335865436628,19.6756495311881
39597,39603,2022,LEG42320,2022/03/24,21:45:00,COLISIÓN POR ALCANCE,ASFALTO,Bueno,Regular,2,CHEVROLET,DORADO,2,,44,MASCULINO,SIN DATOS,0,0,Morelia,Lomas del Tecnologico,marzo,jueves,22,-101.196185865186,19.7243099086921
39598,39604,2022,,2022/03/25,"06:20:00",COLISIÓN POR CORTE DE CIRCULACIÓN,ASFALTO,Bueno,Bueno,2,NISSAN,BLANCO,2,,31,MASCULINO,SIN DATOS,0,0,Morelia,Nueva Valladolid,marzo,viernes,6,-101.211171435,19.7020055149992
39599,39605,2022,,2022/03/25,"08:00:00",COLISIÓN POR CAMBIO DE CARRIL,ASFALTO,Bueno,Bueno,2,KEENWORTH,BLANCO,2,,47,MASCULINO,SIN DATOS,0,0,Morelia,Poblado de Ocolusen,marzo,viernes,8,-101.153176233214,19.6939479390376
39600,39606,2022,,2022/03/25,"08:20:00",COLISIÓN POR CORTE DE CIRCULACIÓN,ASFALTO,Bueno,Bueno,2,YAMAHA,NEGRO,3,MINISTERIO PÚBLICO,21,MASCULINO,SIN DATOS,1,0,Morelia,Tinijaro,marzo,viernes,8,-101.26316,19.6963297049991
39601,39607,2022,,2022/03/25,11:30:00,COLISIÓN POR CAMBIO DE CARRIL,CONCRETO,Bueno,Bueno,2,FORD,BLANCO,2,,,MASCULINO,SIN DATOS,0,0,Morelia,Centro,marzo,viernes,12,-101.198428565665,19.7035391005434
39602,39608,2022,,2022/03/25,12:30:00,COLISIÓN POR CORTE DE CIRCULACIÓN,ASFALTO,Bueno,Bueno,2,NISSAN,BLANCO/ROSA,2,,56,MASCULINO,SIN DATOS,0,0,Morelia,Torreon Nuevo,marzo,viernes,13,-101.20358663,19.7462449699991
39603,39609,2022,,2022/03/25,13:30:00,SALIDA DE SUPERFICIE DE RODAMIENTO,ASFALTO,Bueno,Bueno,1,CHEVROLET,BLANCO,1,,,,SIN DATOS,0,0,Morelia,Independencia,marzo,viernes,14,-101.177889145911,19.7193011275595
39604,39610,2022,MOR220171686,2022/03/25,14:30:00,COLISIÓN POR MANIOBRA DE REVERSA,ASFALTO,Bueno,Bueno,2,VOLKSWAGEN,PLATA,2,,26,FEMENINO,SIN DATOS,0,0,Morelia,Santillan La Huerta,marzo,viernes,15,-101.217875015,19.6742008549991
39605,39611,2022,,2022/03/25,14:55:00,COLISIÓN CONTRA OBJETO FIJO,CONCRETO,Bueno,Bueno,1,INTERNATIONAL,VERDE,1,,42,MASCULINO,SIN DATOS,0,0,Morelia,Country Club  Las Huertas,marzo,viernes,15,-101.226502812731,19.6627169656602
39606,39612,2022,,2022/03/25,15:00:00,COLISIÓN POR ALCANCE,ASFALTO,Bueno,Bueno,2,NISSAN,BLANCO,2,,21,MASCULINO,SIN DATOS,0,0,Morelia,Ciudad Industrial,marzo,viernes,15,-101.14554366932,19.7284851395985
39608,39614,2022,,2022/03/25,16:50:00,COLISIÓN CONTRA OBJETO FIJO,CONCRETO,Bueno,Bueno,1,KEENWORTH,AZUL,1,,35,MASCULINO,SIN DATOS,0,0,Morelia,Bicentenario,marzo,viernes,17,-101.180587143384,19.7470157027503
39609,39615,2022,,2022/03/25,17:10:00,COLISIÓN POR ALCANCE,ASFALTO,Bueno,Bueno,3,SEAT,GRIS,3,,30,MASCULINO,SIN DATOS,0,0,Morelia,Elias Perez Avalos,marzo,viernes,17,-101.166999011554,19.7114002117637
39610,39616,2022,,2022/03/25,17:40:00,COLISIÓN POR CORTE DE CIRCULACIÓN,ASFALTO,Bueno,Bueno,2,MERCEDES BENZ,BLANCO,2,MINISTERIO PÚBLICO,28,MASCULINO,SIN DATOS,0,0,Morelia,Ilustres Novohispanos,marzo,viernes,18,-101.152,19.7108
39611,39617,2022,,2022/03/25,18:30:00,COLISIÓN POR ALCANCE,ASFALTO,Bueno,Bueno,1,CHEVROLET,BLANCO,1,,43,MASCULINO,SIN DATOS,0,0,Morelia,Vicente Lombardo Toledano (Ejidal Isacc Arriaga) (Etnias de Mexico),marzo,viernes,19,-101.147709447525,19.7139612645332
39612,39618,2022,,2022/03/26,"01:10:00",COLISIÓN POR ALCANCE,ASFALTO,Bueno,Bueno,2,VOLKSWAGEN,BLANCO,2,,33,MASCULINO,SIN DATOS,0,0,Morelia,Felicitas del Rio,marzo,sábado,1,-101.19707035409,19.6902083499707
39613,39619,2022,,2022/03/26,"04:00:00",COLISIÓN CONTRA OBJETO FIJO,ASFALTO,Bueno,Bueno,1,CHEVROLET,BLANCO,1,,26,MASCULINO,CON CERTIFICADO,0,0,Morelia,Chapultepec Sur,marzo,sábado,4,-101.171596915,19.6909445849991
39614,39620,2022,,2022/03/26,"04:20:00",COLISIÓN CONTRA OBJETO FIJO,ASFALTO,Bueno,Bueno,1,CHEVROLET,ROJO,1,MINISTERIO PÚBLICO,46,MASCULINO,SIN DATOS,0,0,Morelia,Buenavista,marzo,sábado,4,-101.162642768837,19.7064267795845
39615,39621,2022,LEG42342,2022/03/26,"07:00:00",COLISIÓN POR CORTE DE CIRCULACIÓN,ASFALTO,Bueno,Bueno,2,ITALIKA,VERDE,2,,,MASCULINO,SIN DATOS,0,0,Morelia,Primo Tapia Oriente,marzo,sábado,7,-101.160678127062,19.7164474903162
39616,39622,2022,,2022/03/26,"07:40:00",COLISIÓN POR MANIOBRA DE REVERSA,ASFALTO,Bueno,Bueno,2,KEENWORTH,ROJO,2,,,MASCULINO,SIN DATOS,0,0,Morelia,Guadalupe,marzo,sábado,8,-101.225793795154,19.7078549864492
39617,39623,2022,MOR220173609,2022/03/26,10:50:00,COLISIÓN CONTRA OBJETO FIJO,ASFALTO,Bueno,Regular,1,CHEVROLET,GRIS,1,,26,MASCULINO,SIN DATOS,0,0,Morelia,Sin datos,marzo,sábado,11,-101.132983602583,19.7297656151739
39618,39624,2022,,2022/03/26,11:05:00,COLISIÓN POR CORTE DE CIRCULACIÓN,ASFALTO,Bueno,Bueno,2,CHEVROLET,BLANCO,2,,32,FEMENINO,SIN DATOS,0,0,Morelia,Nueva Chapultepec,marzo,sábado,11,-101.172764115036,19.6876879482241
39619,39625,2022,,2022/03/26,11:45:00,COLISIÓN POR CAMBIO DE CARRIL,ASFALTO,Bueno,Bueno,2,NISSAN,BLANCO/ROSA,2,,53,MASCULINO,SIN DATOS,0,0,Morelia,Morelos,marzo,sábado,12,-101.206943181225,19.7013739021134
39621,39627,2022,LEG42347,2022/03/26,15:00:00,COLISIÓN CONTRA OBJETO FIJO,ASFALTO,Bueno,Bueno,1,FORD,ARENA,1,,48,MASCULINO,SIN DATOS,0,0,Morelia,Praderas del Indio,marzo,sábado,15,-101.223494028547,19.6450845894654
39622,39628,2022,"220174426",2022/03/26,15:50:00,COLISIÓN POR ALCANCE,ASFALTO,Bueno,Bueno,2,DODGE,ORO/ROJO,2,,52,MASCULINO,SIN DATOS,0,0,Morelia,Tenencia Morelos,marzo,sábado,16,-101.247561841535,19.64870029689
39623,39629,2022,LEG42350,2022/03/26,16:50:00,COLISIÓN POR CAMBIO DE CARRIL,ASFALTO,Bueno,Bueno,2,VOLKSWAGEN,ROJO,2,MINISTERIO PÚBLICO,45,MASCULINO,SIN DATOS,0,0,Morelia,Avicola Benito Juarez,marzo,sábado,17,-101.27954020419,19.6913472901635
39624,39630,2022,,2022/03/26,17:14:00,COLISIÓN POR CORTE DE CIRCULACIÓN,ASFALTO,Bueno,Bueno,2,MAZDA,BLANCO,2,,35,MASCULINO,SIN DATOS,0,0,Morelia,Prados Verdes,marzo,sábado,17,-101.201509714805,19.7145207874576
39625,39631,2022,,2022/03/26,17:35:00,COLISIÓN POR CORTE DE CIRCULACIÓN,ASFALTO,Bueno,Bueno,2,TOYOTA,AZUL,2,,46,MASCULINO,SIN DATOS,0,0,Peribán,Sin datos,marzo,sábado,18,-102.448017678466,19.555984736116
39626,39632,2022,,2022/03/26,18:00:00,COLISIÓN POR ALCANCE,ASFALTO,Bueno,Bueno,2,VOLKSWAGEN,ROJO,2,,28,MASCULINO,SIN DATOS,0,0,Morelia,Sentimientos de La Nacion,marzo,sábado,18,-101.236869885839,19.68480203291
39627,39633,2022,,2022/03/26,20:50:00,COLISIÓN POR INVASIÓN DE CARRIL,ASFALTO,Bueno,Bueno,2,NISSAN,BLANCO,0,MINISTERIO PÚBLICO,,,,0,0,Huandacareo,Sin datos,marzo,sábado,21,-101.322073303163,19.993527412712
39628,39634,2022,,2022/03/26,21:20:00,COLISIÓN CONTRA OBJETO FIJO,ASFALTO,Bueno,Bueno,1,VOLKSWAGEN,NEGRO,1,,31,MASCULINO,SIN DATOS,0,0,Morelia,Tinijaro,marzo,sábado,21,-101.26316,19.6963297049991
39629,39635,2022,LEG42360,2022/03/26,21:50:00,COLISIÓN POR CAMBIO DE CARRIL,ASFALTO,Bueno,Bueno,2,KTM,BLANCA/NEGRA,3,MINISTERIO PÚBLICO,19,MASCULINO,SIN DATOS,1,0,Morelia,Loma Real,marzo,sábado,22,-101.197289594196,19.7313729838994
39630,39636,2022,,2022/03/26,22:00:00,COLISIÓN CONTRA OBJETO FIJO,ASFALTO,Bueno,Bueno,1,FORD,BLANCO,1,,,,SIN DATOS,0,0,Morelia,Felix Arreguin,marzo,sábado,22,-101.22789929876,19.7191462181476
39631,39637,2022,MOR 220175448,2022/03/27,"00:30:00",SALIDA DE SUPERFICIE DE RODAMIENTO,ASFALTO,Bueno,Regular,1,VOLKSWAGWEN,GRIS,1,,32,MASCULINO,SIN DATOS,0,0,Morelia,Indeco Expropiacion Petrolera,marzo,domingo,1,-101.229008331227,19.6848275744965
39632,39638,2022,MOR220175486,2022/03/27,"01:10:00",COLISIÓN POR CORTE DE CIRCULACIÓN,CONCRETO,Bueno,Regular,2,NISSAN,BLANCO,2,,19,MASCULINO,ALIENTO ETÍLICO,0,0,Morelia,Rey Tariacuri (Eucaliptos),marzo,domingo,1,-101.200435764409,19.6778322415847
39633,39639,2022,MOR220175687,2022/03/27,"06:00:00",COLISIÓN POR ALCANCE,ASFALTO,Bueno,Bueno,2,DODGE,BLANCO,2,,,,SIN DATOS,0,0,Morelia,Lomas de Santa Maria,marzo,domingo,6,-101.182375475764,19.6753224363292
39634,39640,2022,MOR220175683,2022/03/27,"06:14:00",COLISIÓN POR MANIOBRA DE REVERSA,ASFALTO,Bueno,Bueno,4,BMW,BLANCO,4,MINISTERIO PÚBLICO,35,MASCULINO,SIN DATOS,0,0,Morelia,Vistas de Altozano,marzo,domingo,6,-101.167,19.6551
39635,39641,2022,,2022/03/27,15:20:00,COLISIÓN POR CORTE DE CIRCULACIÓN,ASFALTO,Bueno,Bueno,2,BMW,BLANCO Y NEGRO,3,MINISTERIO PÚBLICO,36,MASCULINO,SIN DATOS,1,0,Morelia,Ejidal Ocolusen,marzo,domingo,15,-101.155159723299,19.6874370827517
39636,39642,2022,,2022/03/27,15:55:00,COLISIÓN POR CORTE DE CIRCULACIÓN,CONCRETO,Bueno,Regular,2,VOLKSWAGEN,PLATA,2,,47,MASCULINO,SIN DATOS,0,0,Morelia,El Lago 2,marzo,domingo,16,-101.214435013967,19.7262881110028
39637,39643,2022,,2022/03/27,17:00:00,COLISIÓN CONTRA OBJETO FIJO,ASFALTO,Bueno,Bueno,1,FORD,ROJO,1,MINISTERIO PÚBLICO,,MASCULINO,SIN DATOS,0,0,Morelia,Terrazas Tres Marias,marzo,domingo,17,-101.118,19.7007
39638,39644,2022,,2022/03/27,19:50:00,COLISIÓN CONTRA OBJETO FIJO,ASFALTO,Bueno,Bueno,1,FORD,BLANCO,1,MINISTERIO PÚBLICO,47,MASCULINO,SIN DATOS,0,0,Morelia,Del Prendimiento,marzo,domingo,20,-101.392976,19.672974
39639,39645,2022,,2022/03/27,20:20:00,COLISIÓN POR CORTE DE CIRCULACIÓN,ASFALTO,Bueno,Bueno,1,VOLKSWAGEN,ROJO,1,,57,MASCULINO,SIN DATOS,0,0,Morelia,Gustavo Diaz Ordaz,marzo,domingo,20,-101.20599683,19.6941365749992
39642,39648,2022,,2022/03/27,22:00:00,COLISIÓN CONTRA OBJETO FIJO,ASFALTO,Bueno,Bueno,1,VOLKSWAGEN,GRIS,1,,37,MASCULINO,SIN DATOS,0,0,Morelia,El Eden,marzo,domingo,22,-101.249642199411,19.6460328164768
39643,39649,2022,,2022/03/27,22:15:00,COLISIÓN CONTRA OBJETO FIJO,ASFALTO,Bueno,Regular,1,GMC,GRIS,1,MINISTERIO PÚBLICO,,,,0,1,Cuitzeo,San Agustin del Pulque,marzo,domingo,22,-101.083488769151,19.9591792369988
39644,39650,2022,,2022/03/28,"07:15:00",COLISIÓN CONTRA OBJETO FIJO,ASFALTO,Bueno,Bueno,3,NISSAN,ROJO,2,,34,MASCULINO,SIN DATOS,0,0,Peribán,Sin datos,marzo,lunes,7,-102.472915649414,19.561025351895
39645,39651,2022,,2022/03/28,"07:30:00",COLISIÓN POR CORTE DE CIRCULACIÓN,ASFALTO,Bueno,Bueno,2,NISSAN,GRIS,2,,,MASCULINO,SIN DATOS,0,0,Morelia,Valle de Los Reyes,marzo,lunes,8,-101.20935013,19.7336907149991
39647,39653,2022,,2022/03/28,13:40:00,COLISIÓN CONTRA OBJETO FIJO,ASFALTO,Bueno,Bueno,1,NISSAN,PLATA,1,,30,MASCULINO,SIN DATOS,0,0,Peribán,Sin datos,marzo,lunes,14,-102.447339811099,19.5552353349405
39648,39654,2022,,2022/03/28,15:39:00,COLISIÓN POR CORTE DE CIRCULACIÓN,ASFALTO,Bueno,Bueno,2,CHEVROLET,ROJO,2,,31,MASCULINO,SIN DATOS,0,0,Morelia,3 de Agosto,marzo,lunes,16,-101.171743839291,19.7310456873535
39649,39655,2022,,2022/03/28,18:48:00,COLISIÓN CONTRA OBJETO FIJO,ASFALTO,Bueno,Bueno,1,HONDA,BLANCO,0,MINISTERIO PÚBLICO,,,,0,0,Morelia,Villas del Pedregal,marzo,lunes,19,-101.300921494385,19.6762926120245
39650,39656,2022,,2022/03/28,21:26:00,COLISIÓN POR ALCANCE,ASFALTO,Bueno,Bueno,2,VOLKSWAGEN,GRIS,2,MINISTERIO PÚBLICO,35,MASCULINO,SIN DATOS,0,0,Morelia,Melchor Ocampo,marzo,lunes,21,-101.20211636397,19.7079749587638
39651,39657,2022,,2022/03/28,21:35:00,COLISIÓN POR CORTE DE CIRCULACIÓN,CONCRETO,Bueno,Bueno,2,FORD,GRIS,2,,61,MASCULINO,SIN DATOS,0,0,Morelia,Vasco de Quiroga,marzo,lunes,22,-101.169606789268,19.6970551559336
39652,39658,2022,,2022/03/29,"07:40:00",COLISIÓN POR CORTE DE CIRCULACIÓN,ASFALTO,Bueno,Bueno,2,FORD,BLANCO,4,MINISTERIO PÚBLICO,,,SIN DATOS,2,0,Hidalgo,Corros,marzo,martes,8,-100.555381991647,19.7072145861859
39653,39659,2022,,2022/03/29,"08:00:00",COLISIÓN POR CORTE DE CIRCULACIÓN,ASFALTO,Bueno,Bueno,2,NISSAN,GRIS,2,,34,MASCULINO,SIN DATOS,0,0,Morelia,Chapultepec Sur,marzo,martes,8,-101.171449125214,19.6920309500482
39654,39660,2022,,2022/03/29,"08:20:00",COLISIÓN POR CAMBIO DE CARRIL,ASFALTO,Bueno,Bueno,2,MERCEDES BENZ,VERDE,2,,32,MASCULINO,SIN DATOS,0,0,Morelia,Centro,marzo,martes,8,-101.18754847,19.7028479949991
39655,39661,2022,,2022/03/29,"09:00:00",COLISIÓN CONTRA OBJETO FIJO,ASFALTO,Bueno,Bueno,2,HONDA,BLANCO,1,,27,MASCULINO,SIN DATOS,0,0,Morelia,Prados Verdes,marzo,martes,9,-101.19377628,19.7139633849992