fid,id_accidente,anio_origen,folio_c5i,dia_incidente,hora_ocurrencia,tipo_incidente_vial,superficie_ocurrencia,condiciones_climaticas,condiciones_via,numero_vehiculos_involucrados,marca_vehiculo_ocasiona_siniestro,color_vehiculo_ocasiona_siniestro,numero_personas_involucradas,lugar_remite_presunto_responsable,edad_presunto_responsable,sexo_presunto_responsable,resultados_toxicologia,numero_personas_lesionadas,numero_personas_fallecidas,municipio,colonia,mes,dia_semana,hora_redondeada,lon,lat
39656,39662,2022,,2022/03/29,"09:10:00",COLISIÓN POR CORTE DE CIRCULACIÓN,ASFALTO,Bueno,Bueno,2,BAJAJ,BLANCO Y NEGRO,2,,26,MASCULINO,SIN DATOS,0,0,Morelia,Chapultepec Oriente,marzo,martes,9,-101.15913378,19.6947918299991
39657,39663,2022,,2022/03/29,10:00:00,COLISIÓN POR CORTE DE CIRCULACIÓN,CONCRETO,Bueno,Bueno,2,CFMOTO,NEGRO,2,,23,MASCULINO,SIN DATOS,0,0,Morelia,Ferrocarrilero,marzo,martes,10,-101.223609235,19.6918737849991
39658,39664,2022,,2022/03/29,13:00:00,COLISIÓN CONTRA OBJETO FIJO,ASFALTO,Bueno,Bueno,1,FORD,VERDE,0,,,,,0,0,Peribán,Sin datos,marzo,martes,13,-102.454032897949,19.5297302707024
39659,39665,2022,,2022/03/29,14:00:00,COLISIÓN CONTRA OBJETO FIJO,ASFALTO,Bueno,Bueno,1,NISSAN,BLANCO,1,,19,MASCULINO,SIN DATOS,0,0,Morelia,Ciudad Industrial,marzo,martes,14,-101.14554366932,19.7284851395985
39661,39667,2022,,2022/03/29,16:10:00,COLISIÓN POR CORTE DE CIRCULACIÓN,ASFALTO,Bueno,Bueno,2,VELOCI,NEGRO,2,,23,MASCULINO,SIN DATOS,0,0,Morelia,Adolfo Lopez Mateos,marzo,martes,16,-101.223653566477,19.6936604782947
39662,39668,2022,,2022/03/29,16:40:00,COLISIÓN POR MANIOBRA DE REVERSA,TERRACERIA,Bueno,Bueno,2,ISUZU,BLANCO,2,,24,MASCULINO,SIN DATOS,0,0,Morelia,Cd Satelite,marzo,martes,17,-101.164,19.7339
39663,39669,2022,,2022/03/29,18:20:00,COLISIÓN POR INVASIÓN DE CARRIL,ASFALTO,Bueno,Bueno,2,NISSAN,ROJO,2,,50,MASCULINO,SIN DATOS,0,0,Morelia,Los Pirules,marzo,martes,18,-101.118486,19.687152
39664,39670,2022,,2022/03/29,19:10:00,COLISIÓN CONTRA OBJETO FIJO,ASFALTO,Bueno,Bueno,1,SUZUKI,ROJO,1,,17,FEMENINO,SIN DATOS,0,0,Morelia,Enrique Arreguin Robles,marzo,martes,19,-101.182,19.7217
39665,39671,2022,,2022/03/30,"00:00:00",COLISIÓN POR CORTE DE CIRCULACIÓN,ASFALTO,Bueno,Bueno,2,VOLSKWAGEN,GRIS,3,,29,FEMENINO,SIN DATOS,1,0,Morelia,Emiliano Zapata,marzo,miércoles,0,-101.230716898349,19.6537447268321
39667,39673,2022,,2022/03/30,"07:50:00",COLISIÓN POR CAMBIO DE CARRIL,ASFALTO,Bueno,Bueno,2,FAMSA,BLANCO CON NARANJA,2,,26,MASCULINO,SIN DATOS,0,0,Morelia,Loma Real,marzo,miércoles,8,-101.198335350906,19.7290804881684
39668,39674,2022,MOR220182659,2022/03/30,"08:30:00",COLISIÓN POR CAMBIO DE CARRIL,ASFALTO,Bueno,Regular,2,NISSAN,BLANCO,2,MINISTERIO PÚBLICO,39,MASCULINO,SIN DATOS,0,0,Morelia,Morelos,marzo,miércoles,9,-101.185368150473,19.7240248600849
39669,39675,2022,LEG42396,2022/03/30,"08:55:00",COLISIÓN POR CAMBIO DE CARRIL,ASFALTO,Bueno,Regular,2,NISSAN,BLANCO,2,,22,FEMENINO,SIN DATOS,0,0,Morelia,Lomas de Huerta,marzo,miércoles,9,-101.214678690516,19.6743321071589
39670,39676,2022,,2022/03/30,"09:05:00",COLISIÓN POR CAMBIO DE CARRIL,ASFALTO,Bueno,Bueno,2,NISSAN,BLANCO MORADO,2,,37,MASCULINO,SIN DATOS,0,0,Morelia,Nueva Valladolid,marzo,miércoles,9,-101.2079157748,19.7010613848871
39671,39677,2022,,2022/03/30,"09:06:00",COLISIÓN POR CORTE DE CIRCULACIÓN,ASFALTO,Bueno,Bueno,2,CHEVROLET,NEGRO,2,,22,MASCULINO,SIN DATOS,0,0,Morelia,Comision Federal de Electricidad,marzo,miércoles,9,-101.181307987057,19.6813831829331
39672,39678,2022,,2022/03/30,"09:30:00",COLISIÓN POR CAMBIO DE CARRIL,ASFALTO,Bueno,Bueno,2,NISSAN,NEGRO,2,,37,FEMENINO,SIN DATOS,0,0,Morelia,Campestre Los Manantiales,marzo,miércoles,10,-101.238160729408,19.6877704546629
39673,39679,2022,,2022/03/30,12:02:00,COLISIÓN CONTRA OBJETO FIJO,CONCRETO,Bueno,Bueno,2,CHEVROLET,NEGRO,2,,,,SIN DATOS,0,0,Morelia,Felix Ireta,marzo,miércoles,12,-101.192007623613,19.6891498411775
39674,39680,2022,,2022/03/30,12:10:00,COLISIÓN POR NO RESPETAR SEMÁFORO,ASFALTO,Bueno,Bueno,2,CHEVROLET,BLANCA,2,,32,MASCULINO,SIN DATOS,0,0,Morelia,Camelinas,marzo,miércoles,12,-101.171020313429,19.6820116904143
39675,39681,2022,,2022/03/30,13:20:00,COLISIÓN POR CAMBIO DE CARRIL,ASFALTO,Bueno,Bueno,2,NISSAN,PLATA,2,,50,FEMENINO,SIN DATOS,0,0,Morelia,Sin datos,marzo,miércoles,13,-101.124013594605,19.7173374194215
39676,39682,2022,MOR 220 183568,2022/03/30,13:45:00,COLISIÓN POR CORTE DE CIRCULACIÓN,ASFALTO,Bueno,Bueno,2,HYUNDAI,AZUL,2,,48,FEMENINO,SIN DATOS,0,0,Morelia,Hospitales de Don Vasco,marzo,miércoles,14,-101.155477277935,19.7010551292697
39677,39683,2022,,2022/03/30,14:00:00,COLISIÓN POR CORTE DE CIRCULACIÓN,ASFALTO,Bueno,Bueno,2,TOYOTA,BLANCO,2,,51,FEMENINO,SIN DATOS,0,0,Peribán,Sin datos,marzo,miércoles,14,-102.448528700255,19.5565527587475
39678,39684,2022,MOR220183634,2022/03/30,14:25:00,COLISIÓN POR CORTE DE CIRCULACIÓN,ASFALTO,Bueno,Regular,2,SUZUKI,ROJO,2,,16,MASCULINO,SIN DATOS,1,0,Morelia,Ana Maria Gallaga (Riviera Norte),marzo,miércoles,14,-101.222607940435,19.6768163276747
39679,39685,2022,,2022/03/30,16:06:00,COLISIÓN POR ALCANCE,ASFALTO,Bueno,Bueno,2,JEEP,AZUL,2,,33,MASCULINO,SIN DATOS,0,0,Morelia,Alberto Oviedo Mota,marzo,miércoles,16,-101.201931095935,19.6778224550087
39680,39686,2022,,2022/03/30,16:20:00,COLISIÓN CON PEATÓN,SIN_DATOS,Bueno,Bueno,2,HYUNDAI,BLANCO,2,,,FEMENINO,SIN DATOS,0,0,Morelia,Club de Golf Tres Marias,marzo,miércoles,16,-101.108476197853,19.7079696200659
39681,39687,2022,,2022/03/30,16:45:00,CAIDA ACUATICA DE VEHÍCULO,ASFALTO,Bueno,Bueno,1,NISSAN,BLANCO,1,,,,SIN DATOS,0,0,Morelia,Centenario (Los Alamos Poniente),marzo,miércoles,17,-101.175335317172,19.7348185369284
39682,39688,2022,,2022/03/30,17:04:00,COLISIÓN POR CAMBIO DE CARRIL,ASFALTO,Bueno,Bueno,2,BMW,AZUL,2,,55,FEMENINO,SIN DATOS,0,0,Morelia,Villas del Pedregal,marzo,miércoles,17,-101.304652660407,19.687595253981
39683,39689,2022,,2022/03/31,"00:02:00",COLISIÓN CONTRA OBJETO FIJO,ASFALTO,Bueno,Bueno,2,INTERNATIONAL,BLANCO Y NARANJA,2,,21,MASCULINO,CON CERTIFICADO,0,0,Morelia,Villas del Pedregal,marzo,jueves,0,-101.305186084714,19.6763759566274
39684,39690,2022,MOR220184878,2022/03/31,"00:05:00",COLISIÓN POR ALCANCE,CONCRETO,Bueno,Bueno,2,CHEVROLET,BLANCO,2,,32,FEMENINO,SIN DATOS,0,0,Morelia,San Pascual,marzo,jueves,0,-101.26802115278,19.6971520056505
39685,39691,2022,MOR 220185012,2022/03/31,"05:10:00",COLISIÓN POR MANIOBRA DE REVERSA,ASFALTO,Bueno,Regular,2,CRYSLER,VERDE,2,MINISTERIO PÚBLICO,,,SIN DATOS,0,0,Morelia,Nicolaitas Ilustres,marzo,jueves,5,-101.225356564604,19.7241410888254
39687,39693,2022,,2022/03/31,10:40:00,COLISIÓN POR CORTE DE CIRCULACIÓN,ASFALTO,Bueno,Bueno,2,YAMAHA,BLANCO,2,,18,MASCULINO,SIN DATOS,0,0,Morelia,Centro,marzo,jueves,11,-101.19118388321,19.702768457823
39690,39696,2022,,2022/03/31,13:20:00,COLISIÓN POR MANIOBRA DE REVERSA,ASFALTO,Bueno,Bueno,2,VOLKSWAGEN,ROJO,2,,67,MASCULINO,SIN DATOS,0,0,Morelia,Los Angeles,marzo,jueves,13,-101.167963479351,19.7444751194994
39691,39697,2022,,2022/03/31,16:00:00,COLISIÓN POR CAMBIO DE CARRIL,ASFALTO,Bueno,Bueno,2,CHRYSLER,ROJO,2,,78,MASCULINO,SIN DATOS,0,0,Morelia,Tres Puentes,marzo,jueves,16,-101.213524742681,19.7058468756013
39692,39698,2022,,2022/03/31,16:20:00,COLISIÓN CONTRA OBJETO FIJO,ASFALTO,Bueno,Bueno,1,FORD,BLANCO,1,,23,,SIN DATOS,0,0,Morelia,Santa Fe,marzo,jueves,16,-101.172087361689,19.738721483098
39693,39699,2022,,2022/03/31,16:45:00,COLISIÓN POR INVASIÓN DE CARRIL,ASFALTO,Bueno,Bueno,2,TOYOTA,PERLA,4,MINISTERIO PÚBLICO,44,MASCULINO,SIN DATOS,2,0,Tancítaro,Sin datos,marzo,jueves,17,-102.482450902462,19.3781466679758
39694,39700,2022,,2022/03/31,18:30:00,SALIDA DE SUPERFICIE DE RODAMIENTO,ASFALTO,Bueno,Malo,1,RENAUULT,GRIS,1,,75,MASCULINO,SIN DATOS,0,0,Morelos,Sin datos,marzo,jueves,19,-101.360601193525,19.9987757808594
39695,39701,2022,,2022/03/31,19:00:00,COLISIÓN POR CAMBIO DE CARRIL,ASFALTO,Bueno,Bueno,2,FORD,ROJO,2,MINISTERIO PÚBLICO,32,MASCULINO,SIN DATOS,0,0,Morelia,La Huare,marzo,jueves,19,-101.257025,19.716022
39696,39702,2022,,2022/03/31,20:15:00,COLISIÓN CON PEATÓN,ASFALTO,Bueno,Bueno,1,VOLKSWAGEN,ROJO,1,MINISTERIO PÚBLICO,35,MASCULINO,SIN DATOS,0,0,Morelia,El Realito,marzo,jueves,20,-101.203137012728,19.7271577016115
39697,39703,2022,MOR220184617,2022/03/31,21:30:00,COLISIÓN POR NO RESPETAR SEMÁFORO,ASFALTO,Bueno,Bueno,2,VENTO,BLANCO Y ROJO,3,,28,MASCULINO,SIN DATOS,1,0,Morelia,Loma de Los Piñones,marzo,jueves,22,-101.205068975687,19.6740195319869
39699,39705,2022,,2022/03/31,22:00:00,COLISIÓN POR CORTE DE CIRCULACIÓN,ASFALTO,Bueno,Bueno,2,TOYOTA,BLANCO,2,,0,MASCULINO,SIN DATOS,0,0,Morelia,Cuauhtemoc,marzo,jueves,22,-101.182606932687,19.697549348141
39701,39707,2022,,2022/03/31,22:45:00,SUBIDA AL CAMELLÓN,ASFALTO,Bueno,Bueno,1,SEAT,GRIS,1,,20,MASCULINO,SIN DATOS,0,0,Morelia,Comision Federal de Electricidad,marzo,jueves,23,-101.181344501674,19.6815135051628
39702,39708,2022,,2022/04/01,"06:45:00",SALIDA DE SUPERFICIE DE RODAMIENTO,ASFALTO,Bueno,Bueno,1,HONDA,BLANCO,1,,40,MASCULINO,SIN DATOS,0,0,Peribán,Sin datos,abril,viernes,7,-102.456924014472,19.4478891145806
39703,39709,2022,,2022/04/01,"07:20:00",COLISIÓN POR CORTE DE CIRCULACIÓN,ASFALTO,Bueno,Bueno,2,VOLKSWAGEN,BLANCO,2,,53,MASCULINO,SIN DATOS,0,0,Morelia,Jesus Romero Flores,abril,viernes,7,-101.178306817326,19.7315900393729
39704,39710,2022,,2022/04/01,"08:10:00",COLISIÓN POR CAMBIO DE CARRIL,ASFALTO,Bueno,Bueno,2,ITALIKA,BLANCO,2,,60,MASCULINO,SIN DATOS,0,0,Morelia,Cosmos,abril,viernes,8,-101.216408989645,19.6833776668395
39705,39711,2022,,2022/04/01,"08:25:00",COLISIÓN CONTRA OBJETO FIJO,CONCRETO,Bueno,Bueno,1,VOLSKWAGEN,AZUL,1,,23,MASCULINO,SIN DATOS,0,0,Morelia,El Lago 1,abril,viernes,8,-101.215224154294,19.7270827580924
39706,39712,2022,,2022/04/01,"08:30:00",COLISIÓN CON PEATÓN,ASFALTO,Bueno,Bueno,1,NISSAN,BLANCO,1,MINISTERIO PÚBLICO,,,,1,0,Pátzcuaro,Centro,abril,viernes,9,-101.607238724828,19.5237007505004
39707,39713,2022,,2022/04/01,12:26:00,SALIDA DE SUPERFICIE DE RODAMIENTO,CONCRETO,Bueno,Bueno,1,NISSAN,BLANCO,1,MINISTERIO PÚBLICO,,,,0,1,Morelia,Sin datos,abril,viernes,12,-101.142969466746,19.7486644939263
39708,39714,2022,MOR220186928,2022/04/01,12:35:00,COLISIÓN POR NO RESPETAR SEMÁFORO,ASFALTO,Bueno,Regular,2,CHEVROLET,PLATA,2,,35,MASCULINO,SIN DATOS,0,0,Morelia,Guadalupe,abril,viernes,13,-101.226094812155,19.708971390977
39709,39715,2022,MOR220188273,2022/04/01,13:40:00,COLISIÓN CON PEATÓN,ASFALTO,Bueno,Bueno,2,FREIGHTLINER,NARANJA,2,,36,MASCULINO,SIN DATOS,0,0,Morelia,Pascual Ortiz de Ayala,abril,viernes,14,-101.15086119622,19.6948287443146
39710,39716,2022,,2022/04/01,14:00:00,COLISIÓN POR CORTE DE CIRCULACIÓN,ASFALTO,Bueno,Bueno,2,TOYOTA,VERDE,0,MINISTERIO PÚBLICO,,,,0,0,Lázaro Cárdenas,El Palmar 77,abril,viernes,14,-102.216262665419,17.9741916572201
39711,39717,2022,MOR220188254,2022/04/01,14:40:00,COLISIÓN POR CAMBIO DE CARRIL,ASFALTO,Bueno,Bueno,2,DINA,BLANCO,2,,38,MASCULINO,SIN DATOS,0,0,Morelia,Primo Tapia Oriente,abril,viernes,15,-101.157873496413,19.7139605252905
39712,39718,2022,MOR 220158273,2022/04/01,16:20:00,COLISIÓN POR ALCANCE,ASFALTO,Bueno,Bueno,3,NISSAN,NARANJA,3,,48,MASCULINO,SIN DATOS,0,0,Morelia,Jose Ma Pino Suarez,abril,viernes,16,-101.164618215777,19.7262511808962
39713,39719,2022,,2022/04/01,17:15:00,COLISIÓN POR CORTE DE CIRCULACIÓN,ASFALTO,Bueno,Bueno,2,CHRYSLER,PLATA,2,,57,MASCULINO,SIN DATOS,0,0,Morelia,Chapultepec Sur,abril,viernes,17,-101.17098480463,19.6917068088167
39714,39720,2022,LEG42454,2022/04/01,17:20:00,COLISIÓN POR ALCANCE,ASFALTO,Bueno,Bueno,4,FORD,BLANCO,4,,35,FEMENINO,SIN DATOS,0,0,Morelia,Irrigacion,abril,viernes,17,-101.224917657673,19.7046232029227
39715,39721,2022,LEG42449,2022/04/01,17:30:00,COLISIÓN POR CORTE DE CIRCULACIÓN,ASFALTO,Bueno,Regular,2,VOSLKWAGEN,ROJO,2,,,,SIN DATOS,0,0,Morelia,Torreon Nuevo,abril,viernes,18,-101.206913024865,19.7453044417422
39716,39722,2022,LEG42450,2022/04/01,17:40:00,SALIDA DE SUPERFICIE DE RODAMIENTO,ASFALTO,Bueno,Bueno,1,DODGE,BLANCO,2,MINISTERIO PÚBLICO,,MASCULINO,SIN DATOS,1,0,Morelia,Sin datos,abril,viernes,18,-101.114487759769,19.7368076495857
39717,39723,2022,,2022/04/01,18:00:00,COLISIÓN POR CORTE DE CIRCULACIÓN,ASFALTO,Bueno,Bueno,2,VENTO,NEGRO/VERDE,2,,,MASCULINO,SIN DATOS,0,0,Morelia,De Las Aves,abril,viernes,18,-101.160271726549,19.6508243577367
39718,39724,2022,,2022/04/01,19:30:00,CAIDA DE MOTOCICLETA,ASFALTO,Bueno,Bueno,1,ITALIKA,AZUL,1,,34,MASCULINO,SIN DATOS,0,0,Morelia,Hacienda La Trinidad,abril,viernes,20,-101.227628705227,19.6719256059271
39719,39725,2022,MOR220189127,2022/04/01,20:00:00,COLISIÓN POR ALCANCE,ASFALTO,Bueno,Bueno,2,YAMAHA,ROJO/NEGRO,2,,45,MASCULINO,SIN DATOS,0,0,Morelia,Irrigacion,abril,viernes,20,-101.225015283987,19.7047371214817
39720,39726,2022,,2022/04/01,20:25:00,COLISIÓN POR CORTE DE CIRCULACIÓN,ASFALTO,Bueno,Bueno,2,CHEVROLET,BLANCO,2,,,MASCULINO,SIN DATOS,0,0,Morelia,Tenencia Morelos,abril,viernes,20,-101.247217208147,19.6492367614774
39721,39727,2022,MOR 220189188,2022/04/01,21:00:00,COLISIÓN POR CORTE DE CIRCULACIÓN,CONCRETO,Bueno,Bueno,2,NISSAN,ROJO,2,,56,FEMENINO,SIN DATOS,0,0,Morelia,Centro,abril,viernes,21,-101.185562214389,19.7029161364993
39722,39728,2022,,2022/04/01,21:11:00,SALIDA DE SUPERFICIE DE RODAMIENTO,ASFALTO,Bueno,Bueno,2,SIZUKI,GRIS,1,MINISTERIO PÚBLICO,49,FEMENINO,SIN DATOS,0,0,Pátzcuaro,Centro,abril,viernes,21,-101.617677516557,19.5162063763597
39723,39729,2022,MOR 220189287,2022/04/01,22:00:00,COLISIÓN POR ALCANCE,ASFALTO,Bueno,Bueno,3,CHEVROLET,ARENA,3,,47,MASCULINO,SIN DATOS,0,0,Morelia,Alberto Oviedo Mota,abril,viernes,22,-101.202133023605,19.6772090558732
39724,39730,2022,,2022/04/02,"00:10:00",SUBIDA AL CAMELLÓN,ASFALTO,Bueno,Bueno,1,VOLSKWAGEN,AZUL,2,,25,MASCULINO,SIN DATOS,1,0,Morelia,Montaña Monarca,abril,sábado,0,-101.164664240038,19.6656020445719
39725,39731,2022,LEG42459,2022/04/02,"01:45:00",COLISIÓN POR INVASIÓN DE CARRIL,ASFALTO,Bueno,Bueno,2,FORD,PLATA,2,,,MASCULINO,ALIENTO ETÍLICO,0,0,Morelia,Morelos,abril,sábado,2,-101.207252629101,19.700022231357
39726,39732,2022,,2022/04/02,11:30:00,COLISIÓN POR CORTE DE CIRCULACIÓN,ASFALTO,Bueno,Bueno,2,YAMAHA,NEGRO,2,,53,MASCULINO,SIN DATOS,0,0,Morelia,Isaac Arriaga,abril,sábado,12,-101.175187186085,19.7060363038333
39727,39733,2022,,2022/04/02,15:00:00,COLISIÓN POR NO RESPETAR SEMÁFORO,ASFALTO,Bueno,Bueno,2,HYUNDAI,GRIS,2,,52,MASCULINO,SIN DATOS,0,0,Morelia,La Esperanza,abril,sábado,15,-101.153907880865,19.6994184442753
39728,39734,2022,LEG42471,2022/04/02,15:13:00,VOLCADURA,ASFALTO,Bueno,Bueno,1,HONDA,GRIS,1,,,,SIN DATOS,0,0,Morelia,Sin datos,abril,sábado,15,-101.114521561707,19.7368083094451
39729,39735,2022,,2022/04/02,15:50:00,COLISIÓN POR ALCANCE,ASFALTO,Bueno,Bueno,2,NISSAN,BLANCO,2,,29,MASCULINO,SIN DATOS,0,0,Morelia,Libertad,abril,sábado,16,-101.237312115051,19.6858444420491
39730,39736,2022,,2022/04/02,16:10:00,COLISIÓN POR CORTE DE CIRCULACIÓN,ASFALTO,Bueno,Bueno,2,TOYOTA,NEGRO,2,,27,MASCULINO,SIN DATOS,0,0,Morelia,Avicola Benito Juarez,abril,sábado,16,-101.279538162053,19.6913472614654
39731,39737,2022,LEG42473,2022/04/02,17:00:00,COLISIÓN CONTRA OBJETO FIJO,ASFALTO,Bueno,Bueno,1,CHEVROLET,GRIS,1,,51,MASCULINO,SIN DATOS,0,0,Morelia,Sin datos,abril,sábado,17,-101.119568565628,19.6526402810403
39732,39738,2022,,2022/04/02,18:20:00,COLISIÓN POR CAMBIO DE CARRIL,ASFALTO,Bueno,Bueno,2,PEUGEOT,GRIS,2,,34,MASCULINO,SIN DATOS,0,0,Morelia,Centro,abril,sábado,18,-101.196897321128,19.7030398126227
39733,39739,2022,,2022/04/02,18:25:00,COLISIÓN POR CORTE DE CIRCULACIÓN,CONCRETO,Bueno,Bueno,2,ITALIKA,ROJO,2,MINISTERIO PÚBLICO,18,MASCULINO,SIN DATOS,0,0,Huandacareo,Vistabella,abril,sábado,18,-101.280412531711,19.9938138105761
39734,39740,2022,,2022/04/02,18:50:00,COLISIÓN POR INVASIÓN DE CARRIL,ASFALTO,Bueno,Bueno,2,NISSAN,ROJO,2,,,MASCULINO,SIN DATOS,0,0,Morelia,Sin datos,abril,sábado,19,-101.341478018596,19.6953559003178
39735,39741,2022,LEG42474,2022/04/02,19:25:00,COLISIÓN POR CORTE DE CIRCULACIÓN,ASFALTO,Bueno,Bueno,2,HONDA,GRIS,2,MINISTERIO PÚBLICO,31,MASCULINO,SIN DATOS,1,0,Morelia,Vasco de Quiroga,abril,sábado,19,-101.174411997199,19.7049539395535
39736,39742,2022,LEG42475,2022/04/02,21:37:00,COLISIÓN POR ALCANCE,ASFALTO,Bueno,Bueno,2,NISSAN,AZUL,2,,43,MASCULINO,SIN DATOS,0,0,Morelia,Lomas de Huerta,abril,sábado,22,-101.210146702148,19.6723235908272
39737,39743,2022,,2022/04/02,22:11:00,SALIDA DE SUPERFICIE DE RODAMIENTO,ASFALTO,Bueno,Regular,1,TOYOTA,GUINDA,0,,,,,0,0,Santa Ana Maya,Sin datos,abril,sábado,22,-101.094881451942,20.0570303887112
39738,39744,2022,,2022/04/03,"04:00:00",COLISIÓN POR CORTE DE CIRCULACIÓN,SIN_DATOS,Bueno,Bueno,1,ITALIKA,ROJO CON NEGRO,0,MINISTERIO PÚBLICO,,,,0,0,Lázaro Cárdenas,El Palmar 77,abril,domingo,4,-102.213851779021,17.9759659063737
39739,39745,2022,,2022/04/03,"04:00:00",COLISIÓN POR ALCANCE,ASFALTO,Bueno,Bueno,2,DODGE,PLATA,2,,53,MASCULINO,SIN DATOS,0,0,Morelia,Isaac Arriaga,abril,domingo,4,-101.169435798444,19.7086112511538
39740,39746,2022,,2022/04/03,"09:00:00",COLISIÓN CONTRA OBJETO FIJO,CONCRETO,Bueno,Bueno,1,FORD,NEGRO,0,,,,,0,0,Morelia,Sin datos,abril,domingo,9,-101.279988805766,19.6661552249398
39741,39747,2022,MOR220193217,2022/04/03,16:25:00,VOLCADURA,ASFALTO,Bueno,Regular,1,CHEVROLET,NEGRO,1,,,,SIN DATOS,0,0,Morelia,Sin datos,abril,domingo,16,-101.477692083203,19.7877079365501
39742,39748,2022,,2022/04/03,17:40:00,COLISIÓN CONTRA OBJETO FIJO,ASFALTO,Bueno,Bueno,1,VOLKSWAGEN,GRIS,1,,30,MASCULINO,SIN DATOS,0,0,Morelia,Eduardo Ruiz,abril,domingo,18,-101.224097602748,19.7248574817634
39743,39749,2022,,2022/04/03,18:00:00,SALIDA DE SUPERFICIE DE RODAMIENTO,ASFALTO,Bueno,Bueno,1,YAMAHA,ROJO,1,,27,MASCULINO,SIN DATOS,0,0,Morelia,Bosques Tres Marias,abril,domingo,18,-101.105249530889,19.7292613528035
39744,39750,2022,,2022/04/03,20:20:00,COLISIÓN POR CAMBIO DE CARRIL,ASFALTO,Bueno,Bueno,2,HONDA,AZUL,2,,29,MASCULINO,SIN DATOS,0,0,Peribán,Sin datos,abril,domingo,20,-102.44716147469,19.5550457725399
39745,39751,2022,,2022/04/03,22:13:00,COLISIÓN POR CAMBIO DE CARRIL,ASFALTO,Bueno,Bueno,2,SEAT,AMARILLO,2,,32,MASCULINO,SIN DATOS,0,0,Morelia,Centro,abril,domingo,22,-101.189863868058,19.7021058689962
39746,39752,2022,,2022/04/03,23:00:00,COLISIÓN POR INVASIÓN DE CARRIL,CONCRETO,Bueno,Bueno,3,VOLKSWAGWEN,NEGRO,3,MINISTERIO PÚBLICO,40,MASCULINO,CON CERTIFICADO,0,0,Morelia,Dieciocho de Mayo,abril,domingo,23,-101.155085065827,19.7061202642345
39747,39753,2022,MOR220194330,2022/04/04,"00:06:00",COLISIÓN CONTRA OBJETO FIJO,ASFALTO,Bueno,Bueno,1,GMC,PLATA,0,,,,,0,0,Morelia,Ventura Puente,abril,lunes,0,-101.187984645367,19.6922753275827
39748,39754,2022,,2022/04/04,"07:50:00",COLISIÓN POR CORTE DE CIRCULACIÓN,ASFALTO,Bueno,Bueno,2,VOLKSWAGEN,GUINDA,2,,20,FEMENINO,SIN DATOS,0,0,Morelia,Chapultepec Oriente,abril,lunes,8,-101.16278236,19.6895735899991
39749,39755,2022,,2022/04/04,"08:00:00",COLISIÓN CONTRA OBJETO FIJO,ASFALTO,Bueno,Bueno,1,CHEVROLET,BLANCO,0,MINISTERIO PÚBLICO,,,,0,0,Lázaro Cárdenas,Infonavit Nuevo Horizonte,abril,lunes,8,-102.211238607124,17.9575711490104
39750,39756,2022,,2022/04/04,12:00:00,COLISIÓN POR CORTE DE CIRCULACIÓN,ASFALTO,Bueno,Bueno,3,TOYOTA,BLANCO,3,MINISTERIO PÚBLICO,30,MASCULINO,SIN DATOS,0,0,Morelia,Zimpanio Norte,abril,lunes,12,-101.215914535535,19.6605848357851
39751,39757,2022,,2022/04/04,12:30:00,COLISIÓN CONTRA OBJETO FIJO,ASFALTO,Bueno,Bueno,1,VOLKSWAGEN,VERDE,0,,,,,0,0,Huandacareo,Sin datos,abril,lunes,13,-101.245885826647,19.9698182276465
39752,39758,2022,,2022/04/04,13:40:00,COLISIÓN CONTRA OBJETO FIJO,ASFALTO,Bueno,Bueno,2,JEEP,AZUL,1,MINISTERIO PÚBLICO,50,MASCULINO,SIN DATOS,0,0,Pátzcuaro,Centro,abril,lunes,14,-101.608914739705,19.5194931995551
39753,39759,2022,,2022/04/04,14:10:00,COLISIÓN POR ALCANCE,ASFALTO,Bueno,Bueno,2,VOLKSWAGEN,AZUL,2,,,MASCULINO,SIN DATOS,0,0,Morelia,Sentimientos de La Nacion,abril,lunes,14,-101.234624924257,19.6829366820977
39756,39762,2022,,2022/04/05,"00:00:00",COLISIÓN POR ALCANCE,CONCRETO,Bueno,Bueno,2,NISSAN,BLANCO,2,,41,MASCULINO,SIN DATOS,0,0,Morelia,Cuauhtemoc,abril,martes,0,-101.182606932687,19.697549348141
39757,39763,2022,,2022/04/05,"07:23:00",COLISIÓN POR ALCANCE,ASFALTO,Bueno,Bueno,1,RENAULT,BLANCO,1,,29,MASCULINO,SIN DATOS,0,0,Morelia,Lomas de Morelia (Dr Ignacio Chavez),abril,martes,7,-101.175452644618,19.7162004988672
39758,39764,2022,,2022/04/05,"09:00:00",COLISIÓN POR ALCANCE,ASFALTO,Bueno,Bueno,2,FREIGHTLINEE,BLANCO,2,,21,MASCULINO,SIN DATOS,0,0,Morelia,Lomas del Valle,abril,martes,9,-101.230037015,19.6880963799991
39760,39766,2022,,2022/04/05,"09:47:00",COLISIÓN POR CORTE DE CIRCULACIÓN,ASFALTO,Bueno,Bueno,1,PONTIAC,VERDE,1,,,MASCULINO,SIN DATOS,0,0,Morelia,Manantiales de Morelia,abril,martes,10,-101.237404269604,19.6981958763683
39761,39767,2022,,2022/04/05,13:30:00,COLISIÓN POR MANIOBRA DE REVERSA,CONCRETO,Bueno,Bueno,2,CHEVROLET,VERDE,2,,20,MASCULINO,SIN DATOS,0,0,Morelia,Ilustres Novohispanos,abril,martes,14,-101.15306454,19.7086520799991
39762,39768,2022,,2022/04/05,13:40:00,COLISIÓN CON PEATÓN,SIN_DATOS,Bueno,Bueno,2,CHEVROLET,ROJO,2,,33,MASCULINO,SIN DATOS,0,0,Morelia,Praderas del Indio,abril,martes,14,-101.223494028547,19.6450845894654