fid,id_accidente,anio_origen,folio_c5i,dia_incidente,hora_ocurrencia,tipo_incidente_vial,superficie_ocurrencia,condiciones_climaticas,condiciones_via,numero_vehiculos_involucrados,marca_vehiculo_ocasiona_siniestro,color_vehiculo_ocasiona_siniestro,numero_personas_involucradas,lugar_remite_presunto_responsable,edad_presunto_responsable,sexo_presunto_responsable,resultados_toxicologia,numero_personas_lesionadas,numero_personas_fallecidas,municipio,colonia,mes,dia_semana,hora_redondeada,lon,lat
39763,39769,2022,,2022/04/05,15:23:00,COLISIÓN POR CORTE DE CIRCULACIÓN,ASFALTO,Bueno,Bueno,2,ITALIKA,BLANCO/ROJO,2,,14,MASCULINO,SIN DATOS,0,0,Morelia,Melchor Ocampo,abril,martes,15,-101.202484873104,19.7067874132292
39764,39770,2022,MOR 220198121,2022/04/05,16:15:00,COLISIÓN POR CORTE DE CIRCULACIÓN,ASFALTO,Bueno,Bueno,2,NISSAN,GRIS,2,,42,FEMENINO,SIN DATOS,0,0,Morelia,Leandro Valle,abril,martes,16,-101.231682595409,19.7212022571141
39765,39771,2022,,2022/04/05,17:00:00,COLISIÓN POR ALCANCE,ASFALTO,Bueno,Bueno,2,MITSUBISHI,ROJO,2,,55,MASCULINO,SIN DATOS,0,0,Morelia,Industrial,abril,martes,17,-101.196189005906,19.710209818625
39767,39773,2022,,2022/04/05,17:30:00,COLISIÓN POR ALCANCE,ASFALTO,Bueno,Bueno,2,NISSAN,BLANCO,2,,21,MASCULINO,SIN DATOS,0,0,Morelia,Insurgentes,abril,martes,18,-101.154540928257,19.6969391869908
39768,39774,2022,MOR220--------,2022/04/05,18:00:00,COLISIÓN POR INVASIÓN DE CARRIL,ASFALTO,Bueno,Bueno,2,ITALIKA,AZUL/NEGRO,3,MINISTERIO PÚBLICO,28,MASCULINO,SIN DATOS,1,0,Morelia,Chapultepec Norte,abril,martes,18,-101.173778799073,19.6957366970635
39769,39775,2022,,2022/04/05,18:10:00,COLISIÓN POR ALCANCE,ASFALTO,Bueno,Bueno,2,FORD,PLATA,2,,25,MASCULINO,SIN DATOS,0,0,Morelia,La Soledad,abril,martes,18,-101.185963741274,19.7261788119737
39771,39777,2022,,2022/04/05,19:10:00,COLISIÓN POR CAMBIO DE CARRIL,ASFALTO,Bueno,Bueno,2,NISSAN,BLANCO,2,,40,MASCULINO,SIN DATOS,0,0,Morelia,Villas Lomas del Paraiso,abril,martes,19,-101.183243326701,19.6753951296653
39773,39779,2022,,2022/04/06,"00:10:00",COLISIÓN CONTRA OBJETO FIJO,ASFALTO,Bueno,Bueno,1,NISSAN,PLATA,1,,55,MASCULINO,SIN DATOS,0,0,Morelia,Los Angeles,abril,miércoles,0,-101.172693695,19.7488773499992
39774,39780,2022,,2022/04/06,"08:30:00",COLISIÓN POR CORTE DE CIRCULACIÓN,CONCRETO,Bueno,Bueno,2,VOLKSWAGEN,GRIS,2,,47,FEMENINO,SIN DATOS,0,0,Morelia,Vasco de Quiroga,abril,miércoles,9,-101.170792555,19.7043491949991
39776,39782,2022,,2022/04/06,10:40:00,COLISIÓN POR ALCANCE,CONCRETO,Bueno,Bueno,2,MAZDA,ROJO,2,,65,FEMENINO,SIN DATOS,0,0,Morelia,Tzindurio de Morelos,abril,miércoles,11,-101.24550652,19.6989422449991
39777,39783,2022,,2022/04/06,11:15:00,COLISIÓN POR CAMBIO DE CARRIL,ASFALTO,Bueno,Bueno,2,YAMAHA,AZUL,2,,,MASCULINO,SIN DATOS,0,0,Morelia,Sin datos,abril,miércoles,11,-101.11455884192,19.7372316661679
39778,39784,2022,,2022/04/06,11:20:00,COLISIÓN POR CAMBIO DE CARRIL,ASFALTO,Bueno,Bueno,2,FREIGHTLINER/FL70,ROJO,2,,29,MASCULINO,SIN DATOS,0,0,Morelia,La Quemada,abril,miércoles,11,-101.240059827697,19.7032952648833
39779,39785,2022,,2022/04/06,13:55:00,COLISIÓN POR ALCANCE,CONCRETO,Bueno,Bueno,2,NISSAN,CAFÉ,2,,21,MASCULINO,SIN DATOS,0,0,Morelia,Martires de Uruapan,abril,miércoles,14,-101.20071106,19.7275296449991
39780,39786,2022,,2022/04/06,14:10:00,COLISIÓN POR CORTE DE CIRCULACIÓN,ASFALTO,Bueno,Bueno,2,TOYOTA,BLANCO,2,,,MASCULINO,SIN DATOS,0,0,Morelia,Centro,abril,miércoles,14,-101.17789641,19.7013360799991
39781,39787,2022,,2022/04/06,14:50:00,COLISIÓN POR CAMBIO DE CARRIL,ASFALTO,Bueno,Bueno,2,SCANIA,CAFE,2,,58,MASCULINO,SIN DATOS,0,0,Morelia,Lomas de Santiaguito,abril,miércoles,15,-101.179519891941,19.7229539949395
39782,39788,2022,,2022/04/06,15:20:00,COLISIÓN POR ALCANCE,CONCRETO,Bueno,Bueno,2,PONTIAC,ROJO,2,,32,FEMENINO,SIN DATOS,0,0,Morelia,Barrio Alto,abril,miércoles,15,-101.190695064204,19.7264690646931
39783,39789,2022,,2022/04/06,15:40:00,COLISIÓN POR CORTE DE CIRCULACIÓN,ASFALTO,Bueno,Bueno,2,CHEVROLET,GRIS,2,,47,FEMENINO,SIN DATOS,0,0,Morelia,Centro,abril,miércoles,16,-101.191184702294,19.6965264087824
39784,39790,2022,,2022/04/06,16:10:00,COLISIÓN POR NO RESPETAR SEMÁFORO,ASFALTO,Bueno,Bueno,2,CHEVROLET,ROJO,2,,53,FEMENINO,SIN DATOS,0,0,Morelia,Rinconada del Valle,abril,miércoles,16,-101.222201261191,19.6773787628329
39785,39791,2022,,2022/04/06,17:50:00,SALIDA DE SUPERFICIE DE RODAMIENTO,CONCRETO,Bueno,Bueno,1,SCANIA,BLANCO,1,,,MASCULINO,SIN DATOS,0,0,Morelia,Ejidal Ocolusen,abril,miércoles,18,-101.15836218,19.6849529599991
39787,39793,2022,,2022/04/06,18:30:00,COLISIÓN POR CORTE DE CIRCULACIÓN,ASFALTO,Bueno,Bueno,2,KENWORTH,BLANCO,2,,32,MASCULINO,SIN DATOS,0,0,Morelia,Centro,abril,miércoles,19,-101.18754847,19.7028479949991
39789,39795,2022,,2022/04/07,"03:00:00",COLISIÓN POR ALCANCE,ASFALTO,Bueno,Bueno,2,MERCEDES BENZ,BLANCO,1,MINISTERIO PÚBLICO,,,SIN DATOS,0,0,Morelia,Buenavista,abril,jueves,3,-101.167648381005,19.7070362533738
39790,39796,2022,,2022/04/07,"04:50:00",COLISIÓN CONTRA OBJETO FIJO,ASFALTO,Bueno,Bueno,1,TOYOTA,GRIS,1,,37,MASCULINO,SIN DATOS,0,0,Morelia,Torreon Nuevo,abril,jueves,5,-101.20358663,19.7462449699991
39794,39800,2022,,2022/04/07,"09:40:00",COLISIÓN POR CORTE DE CIRCULACIÓN,CONCRETO,Bueno,Bueno,2,NISSAN,BLANCO,2,,44,MASCULINO,SIN DATOS,0,0,Morelia,El Parian,abril,jueves,10,-101.270700465,19.6885737349992
39796,39802,2022,MOR220202921,2022/04/07,14:25:00,COLISIÓN POR INVASIÓN DE CARRIL,ASFALTO,Bueno,Bueno,2,VOLKSWAGEN,BLANCO,2,,49,MASCULINO,SIN DATOS,0,0,Morelia,Villas del Real,abril,jueves,14,-101.201081023944,19.734021525656
39797,39803,2022,,2022/04/07,15:13:00,COLISIÓN POR CORTE DE CIRCULACIÓN,ASFALTO,Bueno,Bueno,2,DINA,VERDE,2,,23,MASCULINO,SIN DATOS,0,0,Morelia,Ejidal Ocolusen,abril,jueves,15,-101.15332837,19.6868221449992
39798,39804,2022,MOR 220203109,2022/04/07,15:45:00,COLISIÓN POR ALCANCE,CONCRETO,Bueno,Bueno,3,KIA,CAFE,3,,38,FEMENINO,SIN DATOS,0,0,Morelia,Ejidal Ocolusen,abril,jueves,16,-101.155585494629,19.6843663227041
39799,39805,2022,,2022/04/07,16:30:00,COLISIÓN POR ALCANCE,CONCRETO,Bueno,Bueno,3,MAZDA,NEGRO,3,,23,MASCULINO,SIN DATOS,0,0,Morelia,Ferrocarrilero,abril,jueves,17,-101.223609235,19.6918737849991
39800,39806,2022,MOR220203300,2022/04/07,16:40:00,COLISIÓN POR CAMBIO DE CARRIL,ASFALTO,Bueno,Bueno,2,KENWORTH,BLANCO Y ROJO,2,,36,MASCULINO,SIN DATOS,0,0,Morelia,Lomas de San Juan,abril,jueves,17,-101.183039681886,19.7298664251429
39802,39808,2022,,2022/04/07,20:45:00,COLISIÓN POR CORTE DE CIRCULACIÓN,ASFALTO,Bueno,Bueno,2,ITALIKA,NEGRO,2,,23,MASCULINO,SIN DATOS,0,0,Morelia,Eucaliptos (Gigantes de Michoacan),abril,jueves,21,-101.151192445,19.6992030899991
39803,39809,2022,,2022/04/07,22:10:00,COLISIÓN CONTRA OBJETO FIJO,ASFALTO,Bueno,Bueno,1,TOYOTA,BLANCO/ROJO,12,MINISTERIO PÚBLICO,20,,SIN DATOS,11,0,Morelia,Jardines del Rincon,abril,jueves,22,-101.149283382681,19.68870732649
39804,39810,2022,,2022/04/07,22:35:00,COLISIÓN CONTRA OBJETO FIJO,ASFALTO,Bueno,Bueno,1,VOLKSWAGEN,BLANCO,1,,35,MASCULINO,SIN DATOS,0,0,Morelia,Solidaridad,abril,jueves,23,-101.20584654,19.7357084299991
39807,39813,2022,,2022/04/08,"09:20:00",COLISIÓN POR CAMBIO DE CARRIL,ASFALTO,Bueno,Bueno,2,FORD,BLANCO,2,,41,MASCULINO,SIN DATOS,0,0,Morelia,Campestre Los Manantiales,abril,viernes,9,-101.238163777384,19.6877700815886
39808,39814,2022,,2022/04/08,"09:20:00",COLISIÓN POR CAMBIO DE CARRIL,ASFALTO,Bueno,Bueno,2,KENWORTH,VERDE,2,,,MASCULINO,SIN DATOS,0,0,Morelia,Lomas de Guayangareo,abril,viernes,9,-101.157088889315,19.7018580847761
39810,39816,2022,,2022/04/08,11:30:00,COLISIÓN POR ALCANCE,ASFALTO,Bueno,Bueno,2,FORD,GRIS,2,,48,MASCULINO,SIN DATOS,0,0,Morelia,Tinijaro,abril,viernes,12,-101.26316,19.6963297049991
39811,39817,2022,,2022/04/08,14:50:00,COLISIÓN CONTRA OBJETO FIJO,CONCRETO,Bueno,Bueno,1,FORD,NEGRO,1,,30,MASCULINO,SIN DATOS,0,0,Morelia,Fovissste La Huerta,abril,viernes,15,-101.21346889,19.6934575449991
39812,39818,2022,,2022/04/08,15:00:00,COLISIÓN POR CORTE DE CIRCULACIÓN,ASFALTO,Bueno,Bueno,2,BIMEX,BLANCO,2,,12,MASCULINO,CON CERTIFICADO,0,0,Morelia,Centro,abril,viernes,15,-101.190201361618,19.6972696703364
39813,39819,2022,,2022/04/08,15:40:00,COLISIÓN CONTRA OBJETO FIJO,ASFALTO,Bueno,Bueno,3,KENWORTH,AZUL,4,,,MASCULINO,SIN DATOS,1,0,Morelia,Colonial Morelia,abril,viernes,16,-101.21468504,19.6725643599991
39814,39820,2022,,2022/04/08,17:00:00,COLISIÓN POR ALCANCE,ASFALTO,Lluvioso,Regular,2,DINA,VINO,2,,54,MASCULINO,SIN DATOS,0,0,Morelia,Tinijaro,abril,viernes,17,-101.26316,19.6963297049991
39815,39821,2022,,2022/04/08,17:10:00,COLISIÓN POR INVASIÓN DE CARRIL,ASFALTO,Lluvioso,Bueno,2,NISSAN,ROJO,2,MINISTERIO PÚBLICO,,MASCULINO,SIN DATOS,0,0,Charo,Sin datos,abril,viernes,17,-100.998818,19.657694
39816,39822,2022,,2022/04/08,17:50:00,COLISIÓN POR ALCANCE,ASFALTO,Bueno,Bueno,2,NISSAN,GRIS,2,MINISTERIO PÚBLICO,,MASCULINO,SIN DATOS,0,0,Morelia,Gertrudis Bocanegra,abril,viernes,18,-101.209872129455,19.7038111996348
39817,39823,2022,,2022/04/08,17:50:00,COLISIÓN POR INVASIÓN DE CARRIL,ASFALTO,Lluvioso,Bueno,2,DODGE,BLANCO/ROJO,2,,31,MASCULINO,SIN DATOS,0,0,Morelia,Tinijaro,abril,viernes,18,-101.26316,19.6963297049991
39818,39824,2022,,2022/04/08,18:00:00,COLISIÓN POR ALCANCE,ASFALTO,Lluvioso,Regular,2,FIAT,BLANCO,2,,19,FEMENINO,SIN DATOS,0,0,Morelia,Fray Antonio de Lisboa,abril,viernes,18,-101.145349984321,19.6939540219742
39819,39825,2022,,2022/04/08,18:40:00,COLISIÓN POR CORTE DE CIRCULACIÓN,CONCRETO,Nublado,Bueno,2,INTERNATIONAL,BLANCO/VERDE,2,,39,MASCULINO,SIN DATOS,0,0,Morelia,Elias Perez Avalos,abril,viernes,19,-101.167011142455,19.7114043436496
39820,39826,2022,,2022/04/08,18:50:00,COLISIÓN POR ALCANCE,ASFALTO,Bueno,Bueno,2,CHEVROLET,GRIS,2,,,MASCULINO,SIN DATOS,0,0,Morelia,Torreon Nuevo,abril,viernes,19,-101.207644850679,19.7494147681465
39821,39827,2022,,2022/04/08,20:13:00,SUBIDA AL CAMELLÓN,ASFALTO,Lluvioso,Bueno,1,HONDA,GRIS,1,,39,FEMENINO,SIN DATOS,0,0,Morelia,Sin datos,abril,viernes,20,-101.123650856316,19.7111461006337
39822,39828,2022,,2022/04/08,20:40:00,COLISIÓN POR CORTE DE CIRCULACIÓN,ASFALTO,Bueno,Bueno,2,BAJAJ,AMARILLO/NEGRO,2,,20,MASCULINO,SIN DATOS,0,0,Morelia,El Porvenir,abril,viernes,21,-101.204732915,19.7140368149991
39823,39829,2022,,2022/04/08,21:00:00,COLISIÓN POR ALCANCE,ASFALTO,Nublado,Bueno,2,NISSAN,BLANCO,2,,25,MASCULINO,SIN DATOS,0,0,Morelia,Ana Maria Gallaga (Riviera Norte),abril,viernes,21,-101.223762235189,19.6767888906111
39824,39830,2022,,2022/04/08,21:00:00,COLISIÓN POR ALCANCE,ASFALTO,Bueno,Bueno,2,CHEVROLET,ROJO,2,,41,MASCULINO,SIN DATOS,0,0,Morelia,Ana Maria Gallaga (Riviera Norte),abril,viernes,21,-101.222744733095,19.6768015472456
39825,39831,2022,,2022/04/08,21:30:00,COLISIÓN POR ALCANCE,CONCRETO,Nublado,Regular,2,VOLKSWAGEN,NEGRO,2,,29,MASCULINO,SIN DATOS,0,0,Morelia,Primo Tapia,abril,viernes,22,-101.212715520993,19.7126109857935
39826,39832,2022,,2022/04/08,22:40:00,VOLCADURA,ASFALTO,Bueno,Bueno,1,CHEVROLET,GRIS,2,,62,MASCULINO,SIN DATOS,1,0,Peribán,Sin datos,abril,viernes,23,-102.447587580167,19.5555064087861
39828,39834,2022,,2022/04/09,"00:50:00",COLISIÓN CONTRA OBJETO FIJO,ASFALTO,Bueno,Bueno,1,HONDA,GRIS,1,,33,MASCULINO,SIN DATOS,0,0,Morelia,Tinijaro,abril,sábado,1,-101.26316,19.6963297049991
39829,39835,2022,,2022/04/09,"04:50:00",VOLCADURA,CONCRETO,Bueno,Bueno,1,SUZUKI,ROJO,1,,32,MASCULINO,SIN DATOS,0,0,Morelia,Solidaridad,abril,sábado,5,-101.203720464624,19.73190131049
39830,39836,2022,,2022/04/09,"04:55:00",COLISIÓN CONTRA OBJETO FIJO,ASFALTO,Bueno,Bueno,1,BMW,ROJO,0,MINISTERIO PÚBLICO,,,,0,0,Morelia,La Camelina,abril,sábado,5,-101.223191778095,19.668964402788
39831,39837,2022,LEG42581,2022/04/09,"06:50:00",SUBIDA AL CAMELLÓN,ASFALTO,Bueno,Bueno,1,NISSAN,BLANCO,1,,26,MASCULINO,SIN DATOS,0,0,Morelia,Santillan La Huerta,abril,sábado,7,-101.220108426439,19.675385318267
39832,39838,2022,,2022/04/09,10:35:00,COLISIÓN POR CAMBIO DE CARRIL,ASFALTO,Bueno,Bueno,2,MAZDA,ROJO,2,,53,FEMENINO,SIN DATOS,0,0,Morelia,Arcos del Valle,abril,sábado,11,-101.236174492672,19.7075731509655
39833,39839,2022,MOR220207384,2022/04/09,11:20:00,COLISIÓN POR CORTE DE CIRCULACIÓN,ASFALTO,Bueno,Bueno,2,CHEVROLET,BLANCO,2,,55,MASCULINO,SIN DATOS,0,0,Charo,La Goleta,abril,sábado,11,-101.080567874014,19.7394061135827
39834,39840,2022,,2022/04/09,11:44:00,COLISIÓN POR CAMBIO DE CARRIL,ASFALTO,Bueno,Bueno,2,DODGE,BLANCO,2,,40,MASCULINO,SIN DATOS,0,0,Morelia,Sentimientos de La Nacion,abril,sábado,12,-101.233254298568,19.6782205475652
39835,39841,2022,MOR 220207401,2022/04/09,12:30:00,COLISIÓN POR CAMBIO DE CARRIL,ASFALTO,Bueno,Regular,2,FORD,NARANJA,2,,21,MASCULINO,SIN DATOS,0,0,Morelia,Sin datos,abril,sábado,13,-101.282015121117,19.5947203728868
39836,39842,2022,,2022/04/09,13:00:00,COLISIÓN POR ALCANCE,ASFALTO,Bueno,Bueno,2,NISSAN,AZUL,2,,30,MASCULINO,SIN DATOS,0,0,Morelia,Hermanos Lopez Rayon,abril,sábado,13,-101.220761355,19.6755196899992
39837,39843,2022,MOR220207968,2022/04/09,15:15:00,COLISIÓN POR CAMBIO DE CARRIL,ASFALTO,Bueno,Regular,2,KENWORTH,BLANCO,1,,47,FEMENINO,SIN DATOS,0,0,Morelia,Dr Miguel Silva,abril,sábado,15,-101.187927793444,19.7204887484457
39838,39844,2022,MOR220208129,2022/04/09,16:20:00,SUBIDA AL CAMELLÓN,ASFALTO,Lluvioso,Bueno,1,TOYOTA,BEIGE,1,,30,FEMENINO,SIN DATOS,0,0,Morelia,Francisco J Mujica,abril,sábado,16,-101.189190012973,19.7239867530705
39839,39845,2022,,2022/04/09,16:35:00,COLISIÓN POR ALCANCE,ASFALTO,Lluvioso,Bueno,3,NISSAN,PLATA,3,,40,MASCULINO,SIN DATOS,0,0,Morelia,Lomas de Morelia (Dr Ignacio Chavez),abril,sábado,17,-101.175452644618,19.7162004988672
39840,39846,2022,,2022/04/09,16:40:00,COLISIÓN POR ALCANCE,ASFALTO,Lluvioso,Malo,2,GENERAL MOTORS,GRIS,2,MINISTERIO PÚBLICO,39,MASCULINO,SIN DATOS,0,0,Morelia,Santa Fe,abril,sábado,17,-101.172087361689,19.738721483098
39841,39847,2022,,2022/04/09,17:00:00,COLISIÓN POR CORTE DE CIRCULACIÓN,ASFALTO,Lluvioso,Regular,2,NISSAN,BLANCO/GRIS,2,,28,MASCULINO,SIN DATOS,0,0,Morelia,Poblado de Ocolusen,abril,sábado,17,-101.14953146063,19.6946914309389
39842,39848,2022,,2022/04/09,20:51:00,COLISIÓN POR CORTE DE CIRCULACIÓN,CONCRETO,Bueno,Bueno,2,MAZDA,ROJO,2,,42,MASCULINO,SIN DATOS,0,0,Morelia,Felicitas del Rio,abril,sábado,21,-101.20041936636,19.690223444825
39843,39849,2022,,2022/04/09,21:00:00,COLISIÓN POR INVASIÓN DE CARRIL,ASFALTO,Bueno,Bueno,2,INFINITI,GRIS,0,MINISTERIO PÚBLICO,,,,0,0,Hidalgo,Centro,abril,sábado,21,-100.553271,19.691029
39844,39850,2022,LEG42595,2022/04/09,21:20:00,COLISIÓN POR CORTE DE CIRCULACIÓN,ASFALTO,Bueno,Bueno,2,FORD,BLANCO,2,MINISTERIO PÚBLICO,,MASCULINO,SIN DATOS,0,0,Tzitzio,Sin datos,abril,sábado,21,-100.90771,19.41796
39845,39851,2022,,2022/04/10,"00:00:00",COLISIÓN CONTRA OBJETO FIJO,ASFALTO,Bueno,Regular,1,ITALIKA,ROJO/NEGRO,1,,,,,1,0,Morelia,Jardines del Rincon,abril,domingo,0,-101.150375015355,19.6906597314645
39846,39852,2022,,2022/04/10,"01:35:00",COLISIÓN CONTRA OBJETO FIJO,ASFALTO,Bueno,Bueno,1,VOLKSWAGEN,BLANCO,1,,20,MASCULINO,SIN DATOS,0,0,Morelia,Montaña Monarca,abril,domingo,2,-101.161794215441,19.6724340595917
39847,39853,2022,,2022/04/10,"08:40:00",COLISIÓN CONTRA OBJETO FIJO,ASFALTO,Bueno,Bueno,2,MAZDA,GRIS,1,,28,,SIN DATOS,0,0,Morelia,Torreon Nuevo,abril,domingo,9,-101.203747,19.7443205
39848,39854,2022,,2022/04/10,"09:40:00",CAIDA DE MOTOCICLETA,ASFALTO,Bueno,Bueno,1,VENTO,NEGRO /AMARILLO,1,,29,MASCULINO,SIN DATOS,0,0,Morelia,El Realito,abril,domingo,10,-101.203137012728,19.7271577016115
39849,39855,2022,,2022/04/10,12:35:00,COLISIÓN POR ALCANCE,ASFALTO,Bueno,Bueno,2,SUZUKI,NEGRO,2,,36,MASCULINO,SIN DATOS,0,0,Morelia,Prados del Campestre,abril,domingo,13,-101.166126478092,19.681973228378
39851,39857,2022,,2022/04/10,17:10:00,COLISIÓN CONTRA OBJETO FIJO,CONCRETO,Bueno,Bueno,2,FORD,CAFE,1,MINISTERIO PÚBLICO,16,MASCULINO,SIN DATOS,0,0,Charo,Sin datos,abril,domingo,17,-101.05768099,19.6906729149991
39852,39858,2022,,2022/04/10,18:30:00,COLISIÓN CONTRA OBJETO FIJO,CONCRETO,Bueno,Bueno,2,SEAT,NEGRO,2,,,MASCULINO,SIN DATOS,0,0,Morelia,Lomas de Vista Bella,abril,domingo,19,-101.198675533477,19.6730743205663
39853,39859,2022,,2022/04/10,18:40:00,VOLCADURA,ASFALTO,Bueno,Bueno,1,CHEVROLET,AZUL,2,MINISTERIO PÚBLICO,42,MASCULINO,SIN DATOS,1,0,Morelia,Sin datos,abril,domingo,19,-101.436080932617,19.7829785460564
39854,39860,2022,,2022/04/10,20:10:00,VOLCADURA,ASFALTO,Bueno,Bueno,1,FORD,VINO,0,,,,,0,0,Morelia,Los Pirules,abril,domingo,20,-101.118486,19.687152
39855,39861,2022,LEG42607,2022/04/10,20:37:00,COLISIÓN POR ALCANCE,ASFALTO,Bueno,Bueno,2,HONDA,BLANCO,2,,23,MASCULINO,SIN DATOS,0,0,Morelia,Alberto Oviedo Mota,abril,domingo,21,-101.198908182011,19.681555672698
39856,39862,2022,,2022/04/10,22:20:00,COLISIÓN POR INVASIÓN DE CARRIL,ASFALTO,Bueno,Bueno,2,CHEVROLET,VERDE/BLANCO,2,,46,MASCULINO,SIN DATOS,0,0,Los Reyes,Sin datos,abril,domingo,22,-102.402191162109,19.6724499920294
39857,39863,2022,,2022/04/11,"00:00:00",COLISIÓN POR CORTE DE CIRCULACIÓN,ASFALTO,Bueno,Bueno,2,CHEVROLET,ROJO,2,,25,MASCULINO,SIN DATOS,0,0,Morelia,La Colina,abril,lunes,0,-101.215724765043,19.709174233954
39858,39864,2022,,2022/04/11,"00:00:00",COLISIÓN POR CAMBIO DE CARRIL,ASFALTO,Bueno,Bueno,2,NISSAN,BLANCO,2,,46,MASCULINO,SIN DATOS,0,0,Morelia,La Colina,abril,lunes,0,-101.215724765043,19.709174233954
39859,39865,2022,,2022/04/11,"00:00:00",COLISIÓN POR CORTE DE CIRCULACIÓN,ASFALTO,Bueno,Bueno,2,HYUNDAI,AZUL,2,MINISTERIO PÚBLICO,25,FEMENINO,SIN DATOS,0,0,Morelia,Tres Puentes,abril,lunes,0,-101.213524742681,19.7058468756013
39860,39866,2022,MOR220212771,2022/04/11,"00:00:00",COLISIÓN POR ALCANCE,ASFALTO,Bueno,Bueno,2,ITALIKA,BLANCO,2,,20,MASCULINO,SIN DATOS,0,0,Morelia,Prados del Campestre,abril,lunes,0,-101.167297742583,19.6831737339585
39861,39867,2022,,2022/04/11,"07:30:00",COLISIÓN CONTRA OBJETO FIJO,CONCRETO,Bueno,Bueno,1,FORD,BLANCO,1,,38,MASCULINO,SIN DATOS,0,0,Morelia,Defensores De Puebla,abril,lunes,8,-101.237630553,19.7132539883326
39862,39868,2022,,2022/04/11,"08:30:00",COLISIÓN CONTRA OBJETO FIJO,CONCRETO,Bueno,Bueno,2,FORD,GRIS,1,,56,MASCULINO,SIN DATOS,0,0,Morelia,Reforma,abril,lunes,9,-101.240796241532,19.7078956687036
39863,39869,2022,MOR220212138,2022/04/11,11:50:00,COLISIÓN POR ALCANCE,ASFALTO,Bueno,Bueno,3,MERCEDES BENZ,BLANCO,3,MINISTERIO PÚBLICO,48,MASCULINO,SIN DATOS,0,0,Morelia,Sin datos,abril,lunes,12,-101.11455884192,19.7372316661679
39864,39870,2022,,2022/04/11,14:35:00,COLISIÓN POR ALCANCE,ASFALTO,Bueno,Bueno,2,NISSAN,PLATA,2,,41,MASCULINO,SIN DATOS,0,0,Morelia,Sentimientos de La Nacion,abril,lunes,15,-101.233194944297,19.682432823539
39865,39871,2022,,2022/04/11,14:40:00,COLISIÓN POR ALCANCE,CONCRETO,Bueno,Bueno,2,NISSAN,BLANCO,2,,,MASCULINO,SIN DATOS,0,0,Morelia,Colonial Morelia,abril,lunes,15,-101.21468504,19.6725643599991
39866,39872,2022,MOR 220212653,2022/04/11,15:25:00,COLISIÓN POR ALCANCE,ASFALTO,Bueno,Bueno,2,TOYOTA,BLANCO Y GRIS,2,,52,MASCULINO,SIN DATOS,0,0,Morelia,Fuentes de Morelia,abril,lunes,15,-101.203908950441,19.6711852824231
39867,39873,2022,,2022/04/11,16:00:00,COLISIÓN POR CORTE DE CIRCULACIÓN,ASFALTO,Bueno,Bueno,2,NISSAN,PLATA,2,,41,MASCULINO,SIN DATOS,0,0,Morelia,Sentimientos de La Nacion,abril,lunes,16,-101.233194944297,19.682432823539
39868,39874,2022,LEG42620,2022/04/11,18:20:00,COLISIÓN POR ALCANCE,ASFALTO,Lluvioso,Bueno,2,TOYOTA,GRIS,2,,32,MASCULINO,SIN DATOS,0,0,Morelia,Vista Bella,abril,lunes,18,-101.195925675947,19.6790442736003
39869,39875,2022,MOR220213547,2022/04/11,19:10:00,COLISIÓN POR ALCANCE,ASFALTO,Lluvioso,Bueno,3,VOSLKWAGEN,GRIS,3,,28,MASCULINO,SIN DATOS,0,0,Morelia,Ciudad Industrial,abril,lunes,19,-101.14554366932,19.7284851395985
39870,39876,2022,MOR 220213656,2022/04/11,19:30:00,COLISIÓN POR ALCANCE,ASFALTO,Bueno,Regular,2,NISSAN,ARENA,2,,30,MASCULINO,SIN DATOS,0,0,Morelia,Ana Maria Gallaga (Riviera Norte),abril,lunes,20,-101.219623342824,19.6768078038107
39871,39877,2022,,2022/04/11,20:31:00,COLISIÓN POR ALCANCE,ASFALTO,Bueno,Bueno,2,NISSAN,BLANCO,2,,38,MASCULINO,SIN DATOS,0,0,Morelia,Granjas de La Huerta,abril,lunes,21,-101.232066109751,19.6643138042867
39872,39878,2022,,2022/04/11,20:40:00,COLISIÓN CONTRA OBJETO FIJO,ASFALTO,Bueno,Bueno,1,NISSAN,BLANCO,1,,28,MASCULINO,SIN DATOS,0,0,Morelia,Sin datos,abril,lunes,21,-101.125,19.7143
39873,39879,2022,MOR220213656,2022/04/11,21:35:00,COLISIÓN POR ALCANCE,ASFALTO,Bueno,Bueno,2,NISSAN,BLANCO,2,,34,MASCULINO,SIN DATOS,0,0,Morelia,Sin datos,abril,lunes,22,-101.263283335351,19.6391289151601
39874,39880,2022,,2022/04/11,22:53:00,COLISIÓN POR ALCANCE,ASFALTO,Bueno,Bueno,3,NISSAN,PLATA,3,,48,MASCULINO,SIN DATOS,0,0,Morelia,Jardines de Torremolinos,abril,lunes,23,-101.227770565645,19.6784160171512
39875,39881,2022,MOR220214006,2022/04/11,23:30:00,COLISIÓN POR CORTE DE CIRCULACIÓN,SIN_DATOS,Nublado,Bueno,2,NISSAN,BLANCO,2,,21,MASCULINO,SIN DATOS,0,0,Morelia,Lomas de Morelia (Dr Ignacio Chavez),abril,lunes,0,-101.175197315,19.7154842599991
39876,39882,2022,,2022/04/12,10:40:00,COLISIÓN POR CORTE DE CIRCULACIÓN,ASFALTO,Bueno,Bueno,2,VOLKSWAGEN,ROJO,2,MINISTERIO PÚBLICO,34,MASCULINO,SIN DATOS,0,0,Morelia,Lomas de Hidalgo,abril,martes,11,-101.159354746342,19.6976396968405