fid,id_accidente,anio_origen,folio_c5i,dia_incidente,hora_ocurrencia,tipo_incidente_vial,superficie_ocurrencia,condiciones_climaticas,condiciones_via,numero_vehiculos_involucrados,marca_vehiculo_ocasiona_siniestro,color_vehiculo_ocasiona_siniestro,numero_personas_involucradas,lugar_remite_presunto_responsable,edad_presunto_responsable,sexo_presunto_responsable,resultados_toxicologia,numero_personas_lesionadas,numero_personas_fallecidas,municipio,colonia,mes,dia_semana,hora_redondeada,lon,lat
39877,39883,2022,,2022/04/12,10:44:00,COLISIÓN POR CORTE DE CIRCULACIÓN,CONCRETO,Bueno,Bueno,3,CHEVROLET,VERDE,2,MINISTERIO PÚBLICO,,FEMENINO,SIN DATOS,0,0,Morelia,Felix Ireta,abril,martes,11,-101.188292428851,19.6841357117254
39878,39884,2022,,2022/04/12,12:00:00,COLISIÓN POR CORTE DE CIRCULACIÓN,ASFALTO,Bueno,Bueno,2,NISSAN,ROJO /BLANCO,2,MINISTERIO PÚBLICO,20,MASCULINO,SIN DATOS,0,0,Morelia,Felix Ireta,abril,martes,12,-101.186519153416,19.6870805847611
39879,39885,2022,,2022/04/12,12:05:00,COLISIÓN POR CORTE DE CIRCULACIÓN,ASFALTO,Bueno,Bueno,2,HONDA,PLATA,3,,22,MASCULINO,SIN DATOS,1,0,Morelia,Villas del Real,abril,martes,12,-101.198807554955,19.7337681717768
39880,39886,2022,,2022/04/12,13:20:00,COLISIÓN POR CORTE DE CIRCULACIÓN,ASFALTO,Bueno,Bueno,2,HONDA,CAFE,3,MINISTERIO PÚBLICO,,MASCULINO,SIN DATOS,1,0,Morelia,Chapultepec Sur,abril,martes,13,-101.177646266881,19.6920473937478
39881,39887,2022,,2022/04/12,14:10:00,COLISIÓN POR CAMBIO DE CARRIL,ASFALTO,Bueno,Bueno,2,DINA,BLANCO,2,,53,MASCULINO,SIN DATOS,0,0,Morelia,Sentimientos de La Nacion,abril,martes,14,-101.235503300336,19.6817389356839
39882,39888,2022,,2022/04/12,15:35:00,COLISIÓN POR CORTE DE CIRCULACIÓN,CONCRETO,Bueno,Bueno,2,NISSAN,BLANCO,2,,37,MASCULINO,SIN DATOS,0,0,Morelia,Centro,abril,martes,16,-101.184223578737,19.7029401256577
39883,39889,2022,,2022/04/12,19:05:00,COLISIÓN POR CAMBIO DE CARRIL,ASFALTO,Bueno,Bueno,2,VOLKSWAGEN,ROJO,2,,31,MASCULINO,SIN DATOS,0,0,Morelia,El Lago 1,abril,martes,19,-101.214524433017,19.7269949928253
39884,39890,2022,,2022/04/12,22:00:00,COLISIÓN POR CORTE DE CIRCULACIÓN,ASFALTO,Bueno,Bueno,2,CHEVROLET,ROJO,0,,,,,0,0,Morelia,Chapultepec Oriente,abril,martes,22,-101.163731471382,19.6885460130741
39885,39891,2022,,2022/04/13,"03:20:00",COLISIÓN POR CORTE DE CIRCULACIÓN,ASFALTO,Bueno,Bueno,2,FIAT,BLANCO,2,,46,FEMENINO,SIN DATOS,0,0,Morelia,Eduardo Ruiz,abril,miércoles,3,-101.214287331834,19.7155270221201
39886,39892,2022,,2022/04/13,"08:12:00",CAIDA ACUATICA DE VEHÍCULO,ASFALTO,Bueno,Bueno,1,FORD,BLANCO,1,,31,MASCULINO,SIN DATOS,0,0,Morelia,Adolfo Lopez Mateos,abril,miércoles,8,-101.223653566477,19.6936604782947
39887,39893,2022,,2022/04/13,11:45:00,COLISIÓN POR ALCANCE,ASFALTO,Bueno,Bueno,3,HONDA,AZUL,3,,31,MASCULINO,SIN DATOS,0,0,Morelia,Fray Antonio de Lisboa,abril,miércoles,12,-101.146893203259,19.694216959947
39888,39894,2022,,2022/04/13,12:00:00,COLISIÓN POR CORTE DE CIRCULACIÓN,ASFALTO,Bueno,Bueno,2,NISSAN,BLANCO CON ROJO,2,,59,MASCULINO,SIN DATOS,0,0,Morelia,Los Manantiales de Morelia,abril,miércoles,12,-101.237730234861,19.7014777273604
39889,39895,2022,,2022/04/13,12:25:00,COLISIÓN CONTRA OBJETO FIJO,ASFALTO,Bueno,Bueno,2,FORD,AZUL,2,,38,FEMENINO,SIN DATOS,0,0,Morelia,Loma Bonita,abril,miércoles,12,-101.197609721936,19.7244806220062
39890,39896,2022,,2022/04/13,13:40:00,COLISIÓN POR CORTE DE CIRCULACIÓN,CONCRETO,Bueno,Bueno,2,TOYOTA,BLANCO,2,,80,MASCULINO,SIN DATOS,0,0,Morelia,Jardines de Torremolinos,abril,miércoles,14,-101.225730763242,19.6786278229901
39891,39897,2022,,2022/04/13,17:00:00,COLISIÓN POR CORTE DE CIRCULACIÓN,ASFALTO,Bueno,Bueno,2,VOLKSWAGEN,CAFE,0,MINISTERIO PÚBLICO,,,,0,0,Lázaro Cárdenas,Estibadores Crom,abril,miércoles,17,-102.231140627779,17.9773063089133
39892,39898,2022,LEG42649,2022/04/13,17:00:00,COLISIÓN POR CAMBIO DE CARRIL,ASFALTO,Bueno,Bueno,2,NISSAN,BLANCO,2,,33,MASCULINO,SIN DATOS,0,0,Morelia,Vicente Lombardo Toledano (Ejidal Isacc Arriaga) (Etnias de Mexico),abril,miércoles,17,-101.148963285,19.7114250249991
39893,39899,2022,,2022/04/13,19:00:00,COLISIÓN POR CORTE DE CIRCULACIÓN,ASFALTO,Bueno,Bueno,2,FORD,BLANCO,0,MINISTERIO PÚBLICO,,,,0,0,Lázaro Cárdenas,Jose Green,abril,miércoles,19,-102.200892747127,17.9650869432006
39895,39901,2022,,2022/04/13,21:20:00,COLISIÓN CONTRA OBJETO FIJO,CONCRETO,Bueno,Bueno,2,FORD,GRIS,2,,23,MASCULINO,SIN DATOS,0,0,Morelia,Chapultepec Norte,abril,miércoles,21,-101.17834109813,19.6934256170314
39896,39902,2022,,2022/04/14,"04:00:00",VOLCADURA,ASFALTO,Bueno,Bueno,1,CHEVROLET,BLANCO,0,,,,,0,0,Morelia,Nueva Valladolid,abril,jueves,4,-101.2082862854,19.7016677770529
39897,39903,2022,,2022/04/14,"09:00:00",COLISIÓN POR CAMBIO DE CARRIL,ASFALTO,Bueno,Bueno,2,FREIGHTLINER,AZUL,2,,,MASCULINO,SIN DATOS,0,0,Morelia,Los Manantiales de Morelia,abril,jueves,9,-101.240277022802,19.6927374933202
39898,39904,2022,LEG42656,2022/04/14,"09:45:00",COLISIÓN POR MANIOBRA DE REVERSA,ASFALTO,Bueno,Bueno,2,FORD,PLATA,1,,,MASCULINO,SIN DATOS,0,0,Morelia,Central de Abastos,abril,jueves,10,-101.168917522502,19.7175463586552
39899,39905,2022,,2022/04/14,13:00:00,COLISIÓN POR INVASIÓN DE CARRIL,ASFALTO,Bueno,Bueno,3,NISSAN,GRIS,3,,45,MASCULINO,SIN DATOS,0,0,Morelia,Nueva Valladolid,abril,jueves,13,-101.2082862854,19.7016677770529
39900,39906,2022,LEG42659,2022/04/14,16:31:00,COLISIÓN CONTRA OBJETO FIJO,ASFALTO,Bueno,Bueno,2,NISSAN,BLANCO Y ROJO,2,,,MASCULINO,SIN DATOS,0,0,Morelia,Centro,abril,jueves,17,-101.190482117236,19.7029256059044
39901,39907,2022,,2022/04/14,17:25:00,COLISIÓN CON PEATÓN,ASFALTO,Bueno,Bueno,2,VOLKSWAGEN,ROJO,2,MINISTERIO PÚBLICO,22,FEMENINO,SIN DATOS,0,0,Morelia,Primo Tapia,abril,jueves,17,-101.214247494936,19.7095991875555
39902,39908,2022,,2022/04/14,17:40:00,COLISIÓN CONTRA OBJETO FIJO,CONCRETO,Bueno,Bueno,2,DODGE,AZUL,2,,25,FEMENINO,SIN DATOS,0,0,Morelia,Fovissste La Huerta,abril,jueves,18,-101.21346889,19.6934575449991
39903,39909,2022,LEG42660,2022/04/14,17:46:00,COLISIÓN POR CORTE DE CIRCULACIÓN,ASFALTO,Bueno,Bueno,2,VOLKSWAGEN,BLANCO,2,,,MASCULINO,SIN DATOS,0,0,Morelia,Loma Bonita,abril,jueves,18,-101.196996837176,19.7187651845253
39904,39910,2022,,2022/04/14,18:30:00,COLISIÓN CON PEATÓN,ASFALTO,Bueno,Bueno,1,INTERNATIONAL,AZUL,2,,22,MASCULINO,SIN DATOS,1,0,Morelia,Isaac Arriaga,abril,jueves,19,-101.174069314527,19.708978966224
39905,39911,2022,,2022/04/14,19:35:00,COLISIÓN POR CORTE DE CIRCULACIÓN,ASFALTO,Bueno,Bueno,2,TOYOTA,BLANCO,2,,40,MASCULINO,SIN DATOS,0,0,Peribán,Sin datos,abril,jueves,20,-102.446973598137,19.5548479955313
39906,39912,2022,,2022/04/14,20:00:00,VOLCADURA,ASFALTO,Bueno,Bueno,1,CHEVROLET,AZUL,0,MINISTERIO PÚBLICO,,,,0,0,Morelia,Sin datos,abril,jueves,20,-101.255043589257,19.5277044352531
39907,39913,2022,,2022/04/14,20:30:00,SALIDA DE SUPERFICIE DE RODAMIENTO,ASFALTO,Bueno,Bueno,1,ITALIKA,AZUL,2,,36,MASCULINO,SIN DATOS,1,0,Peribán,Sin datos,abril,jueves,21,-102.444566406978,19.552240510187
39908,39914,2022,,2022/04/14,20:40:00,COLISIÓN POR CORTE DE CIRCULACIÓN,ASFALTO,Bueno,Bueno,2,FORD,NEGRO,2,,20,MASCULINO,SIN DATOS,0,0,Morelia,Primo Tapia,abril,jueves,21,-101.212533898652,19.7094164355629
39909,39915,2022,,2022/04/14,21:05:00,COLISIÓN POR ALCANCE,ASFALTO,Bueno,Bueno,2,RENAULT,GRIS,2,,,MASCULINO,SIN DATOS,0,0,Morelia,Ciudad Industrial,abril,jueves,21,-101.137948676276,19.7286194316164
39910,39916,2022,,2022/04/14,23:25:00,COLISIÓN POR ALCANCE,CONCRETO,Bueno,Bueno,2,DODGE,BLANCO,2,,58,MASCULINO,SIN DATOS,0,0,Morelia,Centro,abril,jueves,23,-101.204118437387,19.7024641295786
39911,39917,2022,,2022/04/15,"00:00:00",COLISIÓN POR ALCANCE,ASFALTO,Bueno,Bueno,2,NISSAN,AZUL ORION,2,,22,MASCULINO,SIN DATOS,0,0,Morelia,Vasco de Quiroga,abril,viernes,0,-101.178118505262,19.6991318017312
39912,39918,2022,,2022/04/15,"00:00:00",COLISIÓN CONTRA OBJETO FIJO,CONCRETO,Bueno,Bueno,1,VOLKSWAGEN,BLANCO,1,,30,MASCULINO,SIN DATOS,0,0,Morelia,Los Sauces,abril,viernes,0,-101.182969249785,19.6597228786514
39914,39920,2022,MOR220223697,2022/04/15,"00:05:00",COLISIÓN CONTRA OBJETO FIJO,ASFALTO,Bueno,Bueno,1,HONDA,NEGRO,0,MINISTERIO PÚBLICO,,,,0,0,Morelia,Jardines de Guadalupe,abril,viernes,0,-101.22803307,19.7122404199992
39915,39921,2022,,2022/04/15,"03:10:00",COLISIÓN POR CORTE DE CIRCULACIÓN,ASFALTO,Bueno,Regular,1,NISSAN,AZUL,0,,,,,0,0,Peribán,Sin datos,abril,viernes,3,-102.446183687582,19.5540104419649
39916,39922,2022,MOR 220221975,2022/04/15,10:35:00,COLISIÓN POR ALCANCE,ASFALTO,Bueno,Bueno,2,NISSAN,BLANCO,2,,84,MASCULINO,SIN DATOS,0,0,Morelia,Buenavista,abril,viernes,11,-101.160588227212,19.7058140352428
39917,39923,2022,MOR220221845,2022/04/15,10:45:00,VOLCADURA,ASFALTO,Bueno,Bueno,1,FORD,CAFE,1,,,MASCULINO,SIN DATOS,0,0,Morelia,Sin datos,abril,viernes,11,-101.403291767664,19.7918965124662
39918,39924,2022,,2022/04/15,14:00:00,COLISIÓN POR CORTE DE CIRCULACIÓN,ASFALTO,Bueno,Bueno,2,JEEP,AZUL,2,,45,MASCULINO,SIN DATOS,0,0,Morelia,Sin datos,abril,viernes,14,-101.339478492737,19.6857077523294
39919,39925,2022,MOR22022291,2022/04/15,15:46:00,COLISIÓN POR CAMBIO DE CARRIL,ASFALTO,Bueno,Bueno,2,TOYOTA,GRIS,2,MINISTERIO PÚBLICO,31,MASCULINO,SIN DATOS,0,0,Morelia,Chapultepec Oriente,abril,viernes,16,-101.15913378,19.6947918299991
39920,39926,2022,,2022/04/15,16:41:00,COLISIÓN CONTRA OBJETO FIJO,CONCRETO,Bueno,Bueno,1,HYUNDAI,BLANCO,1,,23,MASCULINO,SIN DATOS,0,0,Morelia,Sin datos,abril,viernes,17,-101.164615625009,19.6650030931642
39921,39927,2022,,2022/04/15,23:40:00,COLISIÓN CONTRA OBJETO FIJO,CONCRETO,Bueno,Bueno,1,NISSAN,PLATA,1,,25,MASCULINO,SIN DATOS,0,0,Morelia,Arcos del Valle,abril,viernes,0,-101.236247948624,19.7076217591572
39922,39928,2022,,2022/04/16,"00:00:00",COLISIÓN POR INVASIÓN DE CARRIL,CONCRETO,Bueno,Bueno,2,FORD,PLATA,1,MINISTERIO PÚBLICO,24,MASCULINO,SIN DATOS,0,0,Morelia,La Aldea,abril,sábado,0,-101.135663645255,19.7450724546328
39923,39929,2022,MOR 220223791,2022/04/16,"01:00:00",COLISIÓN CONTRA OBJETO FIJO,ASFALTO,Bueno,Regular,1,SEAT,GRIS,1,,52,MASCULINO,SIN DATOS,0,0,Morelia,Centenario (Los Alamos Ii),abril,sábado,1,-101.175663247705,19.73535784014
39924,39930,2022,MOR220223909,2022/04/16,"03:15:00",COLISIÓN POR ALCANCE,CONCRETO,Bueno,Bueno,2,CHEVROLET,NEGRO,2,MINISTERIO PÚBLICO,26,FEMENINO,ALIENTO ETÍLICO,0,0,Morelia,Rector Hidalgo,abril,sábado,3,-101.224805675447,19.6849014728874
39925,39931,2022,,2022/04/16,11:30:00,COLISIÓN CONTRA OBJETO FIJO,CONCRETO,Bueno,Bueno,1,MAZDA,GRIS,1,,,MASCULINO,SIN DATOS,0,0,Morelia,Villas Lomas del Paraiso,abril,sábado,12,-101.175215684556,19.6747247553621
39926,39932,2022,,2022/04/16,12:30:00,COLISIÓN POR CORTE DE CIRCULACIÓN,ASFALTO,Bueno,Bueno,2,ITALIKA,GRIS,3,MINISTERIO PÚBLICO,20,MASCULINO,SIN DATOS,1,0,Pátzcuaro,Centro,abril,sábado,13,-101.607238084746,19.523701669769
39928,39934,2022,,2022/04/16,16:00:00,COLISIÓN POR MANIOBRA DE REVERSA,ASFALTO,Bueno,Bueno,2,VOLKSWAGEN,GRIS,2,MINISTERIO PÚBLICO,23,MASCULINO,SIN DATOS,0,0,Morelia,Insurgentes,abril,sábado,16,-101.155395805836,19.6952081705471
39929,39935,2022,,2022/04/16,17:05:00,VOLCADURA,ASFALTO,Bueno,Bueno,1,FORD,BLANCO,2,MINISTERIO PÚBLICO,42,MASCULINO,SIN DATOS,1,0,Morelia,Sin datos,abril,sábado,17,-101.25302123414,19.7898784474582
39930,39936,2022,,2022/04/16,18:40:00,COLISIÓN POR CORTE DE CIRCULACIÓN,CONCRETO,Bueno,Bueno,2,TOYOTA,BLANCO,2,,32,MASCULINO,SIN DATOS,0,0,Morelia,Centro,abril,sábado,19,-101.190363525,19.7062042149992
39931,39937,2022,,2022/04/16,18:50:00,COLISIÓN POR ALCANCE,ASFALTO,Bueno,Bueno,2,VOLKSWAGEN,BLANCO,1,MINISTERIO PÚBLICO,,,,1,0,Hidalgo,Centro,abril,sábado,19,-100.553271,19.691029
39932,39938,2022,,2022/04/16,19:22:00,COLISIÓN POR CORTE DE CIRCULACIÓN,CONCRETO,Bueno,Regular,2,DODGE,NEGRO,2,,50,MASCULINO,SIN DATOS,0,0,Morelia,Jardines de Guadalupe,abril,sábado,19,-101.225364705,19.7119448099991
39933,39939,2022,,2022/04/16,20:00:00,COLISIÓN POR CORTE DE CIRCULACIÓN,ASFALTO,Bueno,Bueno,2,NISSAN,GRIS,2,,56,FEMENINO,SIN DATOS,0,0,Morelia,Tierra Y Libertad,abril,sábado,20,-101.223343536258,19.71685954379
39934,39940,2022,,2022/04/16,20:40:00,COLISIÓN POR INVASIÓN DE CARRIL,ASFALTO,Bueno,Bueno,2,CHEVROLET,PLATA,2,MINISTERIO PÚBLICO,,,SIN DATOS,0,0,Tlazazalca,Sin datos,abril,sábado,21,-102.072952852872,19.952158182757
39935,39941,2022,,2022/04/16,21:00:00,VOLCADURA,ASFALTO,Bueno,Bueno,2,DODGE,BLANCO,2,,62,MASCULINO,SIN DATOS,0,0,Morelia,Erendira,abril,sábado,21,-101.166639382192,19.7021042333616
39936,39942,2022,,2022/04/16,21:55:00,COLISIÓN POR ALCANCE,ASFALTO,Bueno,Bueno,2,ITALIKA 250Z,NEGRO,2,MINISTERIO PÚBLICO,,,SIN DATOS,0,0,Charo,San Bartolo,abril,sábado,22,-101.045330766565,19.7532430132591
39937,39943,2022,MOR220223499,2022/04/16,22:50:00,SALIDA DE SUPERFICIE DE RODAMIENTO,ASFALTO,Bueno,Regular,1,TOYOTA,GUINDA,2,,32,MASCULINO,SIN DATOS,1,0,Charo,Sin datos,abril,sábado,23,-101.079731360078,19.6867261065902
39938,39944,2022,,2022/04/16,22:50:00,COLISIÓN POR CAMBIO DE CARRIL,ASFALTO,Bueno,Bueno,2,NISSAN,BLANCO/AZUL,4,,35,MASCULINO,SIN DATOS,2,0,Morelia,Enrique Arreguin Robles,abril,sábado,23,-101.179600364782,19.7203811567732
39940,39946,2022,,2022/04/17,"01:00:00",CAIDA DE MOTOCICLETA,CONCRETO,Bueno,Bueno,1,ITALIKA,NARANJA,1,,34,MASCULINO,SIN DATOS,0,0,Morelia,Felix Ireta,abril,domingo,1,-101.19214836,19.6911467449992
39941,39947,2022,,2022/04/17,"06:00:00",VOLCADURA,ASFALTO,Bueno,Bueno,1,VOLKSWAGEN,GRIS,0,MINISTERIO PÚBLICO,,,,0,0,Lázaro Cárdenas,Sin datos,abril,domingo,6,-102.228026583113,17.9356137664504
39942,39948,2022,MOR220227145,2022/04/17,10:20:00,COLISIÓN POR CAMBIO DE CARRIL,ASFALTO,Bueno,Bueno,2,NISSSAN,BLANCO,2,,39,MASCULINO,SIN DATOS,0,0,Morelia,La Soledad,abril,domingo,10,-101.18547799912,19.7268308237146
39943,39949,2022,,2022/04/17,12:20:00,COLISIÓN POR CORTE DE CIRCULACIÓN,ASFALTO,Bueno,Bueno,2,NISSAN,PLATA,2,,87,FEMENINO,SIN DATOS,0,0,Morelia,Eduardo Ruiz,abril,domingo,12,-101.224096231163,19.7248526903261
39944,39950,2022,,2022/04/17,13:00:00,COLISIÓN POR ALCANCE,ASFALTO,Bueno,Bueno,2,NISSAN,BLANCO Y ROJO,2,,,MASCULINO,SIN DATOS,0,0,Morelia,Jose Maria Cabrera,abril,domingo,13,-101.224189468406,19.7251935704827
39945,39951,2022,,2022/04/17,14:10:00,COLISIÓN POR CAMBIO DE CARRIL,ASFALTO,Bueno,Bueno,2,CHEVROLET,BLANCO,2,,23,MASCULINO,SIN DATOS,0,0,Morelia,Centro,abril,domingo,14,-101.20605465703,19.7023877141119
39946,39952,2022,,2022/04/17,19:50:00,COLISIÓN POR ALCANCE,ASFALTO,Bueno,Bueno,3,FORD,AZUL,3,,42,MASCULINO,SIN DATOS,0,0,Morelia,Eva Samano,abril,domingo,20,-101.199860522017,19.7307790411636
39947,39953,2022,LEG42703,2022/04/17,20:30:00,COLISIÓN POR CAMBIO DE CARRIL,ASFALTO,Bueno,Bueno,2,SEAT,ROJO,2,,27,MASCULINO,SIN DATOS,0,0,Morelia,Alberto Oviedo Mota,abril,domingo,21,-101.197657087301,19.6811378921559
39948,39954,2022,,2022/04/17,22:17:00,COLISIÓN CONTRA OBJETO FIJO,ASFALTO,Bueno,Bueno,1,NISSAN,BLANCO/AZUL,1,,47,MASCULINO,SIN DATOS,0,0,Morelia,Club de Golf Tres Marias,abril,domingo,22,-101.11260317266,19.7051171268106
39949,39955,2022,,2022/04/17,23:00:00,COLISIÓN POR CORTE DE CIRCULACIÓN,SIN_DATOS,Bueno,Bueno,2,CHEVROLET,BLANCO,0,MINISTERIO PÚBLICO,,,,0,0,Lázaro Cárdenas,Centro,abril,domingo,23,-102.1956455843,17.9584645645342
39950,39956,2022,LEG42702,2022/04/17,23:20:00,COLISIÓN CONTRA OBJETO FIJO,ASFALTO,Bueno,Bueno,1,CHEVROLET,GRIS,1,,20,MASCULINO,SIN DATOS,0,0,Morelia,El Realito,abril,domingo,23,-101.203657524154,19.7256489847768
39951,39957,2022,,2022/04/18,"00:01:00",COLISIÓN CON PEATÓN,ASFALTO,Bueno,Bueno,1,FORD,VERDE,2,,37,MASCULINO,SIN DATOS,1,0,Morelia,3 de Agosto,abril,lunes,0,-101.17275942117,19.731895572495
39952,39958,2022,,2022/04/18,"07:40:00",SALIDA DE SUPERFICIE DE RODAMIENTO,ASFALTO,Bueno,Regular,1,CHEVROLET,ARENA,0,,,,,0,0,Tingüindín,Sin datos,abril,lunes,8,-102.512521147728,19.7309434070448
39953,39959,2022,,2022/04/18,"08:20:00",COLISIÓN POR CAMBIO DE CARRIL,ASFALTO,Bueno,Bueno,2,VOLKSWAGEN,NEGRO,2,,28,MASCULINO,SIN DATOS,0,0,Morelia,La Soledad,abril,lunes,8,-101.18356271901,19.7266444189872
39954,39960,2022,,2022/04/18,10:20:00,COLISIÓN POR ALCANCE,CONCRETO,Bueno,Bueno,2,NISSAN,ROJO Y BLANCO,2,,,FEMENINO,SIN DATOS,0,0,Morelia,La Quemada,abril,lunes,10,-101.237763762474,19.7015954359525
39955,39961,2022,,2022/04/18,11:40:00,COLISIÓN POR ALCANCE,ASFALTO,Bueno,Bueno,2,FORD,GRIS,2,,40,MASCULINO,SIN DATOS,0,0,Morelia,Niño Artillero,abril,lunes,12,-101.250206194818,19.6986106556065
39956,39962,2022,,2022/04/18,12:00:00,SUBIDA AL CAMELLÓN,TERRACERIA,Bueno,Malo,1,CHEVROLET,ROJO,0,,,,,0,0,Morelia,Los Encinos,abril,lunes,12,-101.176858872853,19.6588097791969
39957,39963,2022,,2022/04/18,12:20:00,COLISIÓN CONTRA OBJETO FIJO,TERRACERIA,Bueno,Bueno,1,FORD,BLANCO,1,,26,MASCULINO,CON CERTIFICADO,0,0,Morelia,Ampliacion La Soledad,abril,lunes,12,-101.185597784139,19.7293660728723
39958,39964,2022,,2022/04/18,12:20:00,COLISIÓN POR ALCANCE,ASFALTO,Bueno,Bueno,2,TOYOTA,BLANCO Y GRIS,2,,46,MASCULINO,SIN DATOS,0,0,Morelia,Las Americas,abril,lunes,12,-101.159063117072,19.6879730615877
39959,39965,2022,,2022/04/18,13:00:00,COLISIÓN POR CORTE DE CIRCULACIÓN,ASFALTO,Bueno,Bueno,2,NISSAN,BLANCO Y CAFE,2,,52,MASCULINO,SIN DATOS,0,0,Morelia,Infonavit  Las  Camelinas,abril,lunes,13,-101.175319284879,19.6865894750115
39960,39966,2022,,2022/04/18,14:35:00,COLISIÓN POR ALCANCE,ASFALTO,Bueno,Bueno,2,DINA,ROJO,2,,18,MASCULINO,SIN DATOS,0,0,Morelia,Bosques de Oriente,abril,lunes,15,-101.155458532952,19.715601193263
39961,39967,2022,,2022/04/18,16:30:00,COLISIÓN POR ALCANCE,ASFALTO,Bueno,Bueno,2,MERCEDES BENZ,BLANCO,2,,39,MASCULINO,SIN DATOS,0,0,Morelia,Rinconada del Valle,abril,lunes,17,-101.219160997056,19.6779032732368
39962,39968,2022,,2022/04/18,17:25:00,COLISIÓN POR ALCANCE,ASFALTO,Bueno,Bueno,2,KIA NEW,GRIS,2,,55,MASCULINO,SIN DATOS,0,0,Morelia,Felix Ireta,abril,lunes,17,-101.195737204767,19.6815312124484
39963,39969,2022,,2022/04/18,18:40:00,COLISIÓN POR INVASIÓN DE CARRIL,ASFALTO,Bueno,Bueno,2,FORD,ROJO,2,MINISTERIO PÚBLICO,,,SIN DATOS,0,0,Tacámbaro,Sin datos,abril,lunes,19,-101.449704878032,19.1958784119817
39964,39970,2022,,2022/04/18,19:00:00,COLISIÓN CONTRA OBJETO FIJO,CONCRETO,Bueno,Bueno,1,FORD,NEGRO,3,,32,MASCULINO,SIN DATOS,2,0,Cuitzeo,Sin datos,abril,lunes,19,-101.148617528379,20.0330838215758
39965,39971,2022,,2022/04/18,19:40:00,COLISIÓN POR MANIOBRA DE REVERSA,SIN_DATOS,Bueno,Bueno,2,FIAT,BLANCO,2,,,MASCULINO,SIN DATOS,0,0,Morelia,Club Campestre,abril,lunes,20,-101.158533655107,19.6844295270492
39966,39972,2022,MOR220231964,2022/04/19,"07:30:00",SALIDA DE SUPERFICIE DE RODAMIENTO,ASFALTO,Bueno,Regular,1,NISSAN,BLANCO,1,,22,MASCULINO,SIN DATOS,0,0,Morelia,Sin datos,abril,martes,8,-101.18073634125,19.7474360277836
39968,39974,2022,,2022/04/19,10:40:00,COLISIÓN POR CORTE DE CIRCULACIÓN,ASFALTO,Bueno,Bueno,2,FORD,ROJO,2,,36,MASCULINO,SIN DATOS,0,0,Morelia,Jardines de Torremolinos,abril,martes,11,-101.225749111987,19.6768466346994
39969,39975,2022,,2022/04/19,11:20:00,COLISIÓN POR ALCANCE,ASFALTO,Bueno,Bueno,2,TOYOTA,BLANCA Y GRIS,2,,0,MASCULINO,SIN DATOS,0,0,Morelia,Reforma,abril,martes,11,-101.237711124122,19.7070513723731
39970,39976,2022,MOR220232565,2022/04/19,13:00:00,COLISIÓN POR ALCANCE,ASFALTO,Bueno,Bueno,2,INTERNACIONAL,VERDE,2,,20,MASCULINO,SIN DATOS,0,0,Morelia,Jardines de Torremolinos,abril,martes,13,-101.225746795535,19.6768482131906
39973,39979,2022,,2022/04/19,15:55:00,COLISIÓN CONTRA OBJETO FIJO,TERRACERIA,Nublado,Regular,1,NISSAN,BLANCO Y ROJO,2,,22,MASCULINO,SIN DATOS,1,0,Morelia,Paraiso Industrial,abril,martes,16,-101.141358895,19.7191298149991
39974,39980,2022,LEG42744,2022/04/19,18:00:00,COLISIÓN POR CORTE DE CIRCULACIÓN,ASFALTO,Nublado,Bueno,2,HONDA,BLANCO,2,,17,MASCULINO,SIN DATOS,0,0,Morelia,Torreon Nuevo,abril,martes,18,-101.20358663,19.7462449699991
39975,39981,2022,MOR220233807,2022/04/19,21:00:00,COLISIÓN POR INVASIÓN DE CARRIL,ASFALTO,Bueno,Bueno,2,VOSLKWAGEN,ROJO,6,MINISTERIO PÚBLICO,23,MASCULINO,SIN DATOS,4,0,Morelia,Praderas del Indio,abril,martes,21,-101.223494028547,19.6450845894654
39976,39982,2022,,2022/04/19,21:25:00,CAIDA DE MOTOCICLETA,ASFALTO,Lluvioso,Regular,1,SUZUKI,NEGRO,1,MINISTERIO PÚBLICO,,,,0,1,Morelia,Lindavista,abril,martes,21,-101.216499478814,19.7061111108481
39977,39983,2022,MOR 220234019,2022/04/19,21:30:00,COLISIÓN POR CAMBIO DE CARRIL,ASFALTO,Nublado,Regular,2,BMW,GRIS,2,,30,MASCULINO,SIN DATOS,0,0,Morelia,Manantiales de Morelia,abril,martes,22,-101.237404269604,19.6981958763683
39978,39984,2022,MOR220233887,2022/04/19,21:30:00,COLISIÓN POR CORTE DE CIRCULACIÓN,ASFALTO,Nublado,Regular,2,FORD,GRIS,2,,34,MASCULINO,SIN DATOS,0,0,Morelia,Mariano Escobedo,abril,martes,22,-101.20883044,19.7199268299991
39979,39985,2022,,2022/04/19,22:33:00,COLISIÓN POR CORTE DE CIRCULACIÓN,CONCRETO,Bueno,Bueno,1,VOLKSWAGEN,NEGRO,1,,36,MASCULINO,SIN DATOS,0,0,Morelia,Batalla de Morelia,abril,martes,23,-101.227004751563,19.7255938118062
39980,39986,2022,,2022/04/20,"05:09:00",COLISIÓN CONTRA OBJETO FIJO,ASFALTO,Bueno,Bueno,1,SEAT,NEGRO,1,,31,MASCULINO,SIN DATOS,0,0,Morelia,Pablo Galeana,abril,miércoles,5,-101.23195962002,19.6384869212627
39982,39988,2022,,2022/04/20,15:25:00,COLISIÓN POR ALCANCE,CONCRETO,Bueno,Bueno,2,FORD,AMARILLO,2,,28,MASCULINO,SIN DATOS,0,0,Morelia,Ferrocarrilero,abril,miércoles,15,-101.223609235,19.6918737849991