fid,id_accidente,anio_origen,folio_c5i,dia_incidente,hora_ocurrencia,tipo_incidente_vial,superficie_ocurrencia,condiciones_climaticas,condiciones_via,numero_vehiculos_involucrados,marca_vehiculo_ocasiona_siniestro,color_vehiculo_ocasiona_siniestro,numero_personas_involucradas,lugar_remite_presunto_responsable,edad_presunto_responsable,sexo_presunto_responsable,resultados_toxicologia,numero_personas_lesionadas,numero_personas_fallecidas,municipio,colonia,mes,dia_semana,hora_redondeada,lon,lat
39986,39992,2022,LEG42745,2022/04/20,22:50:00,COLISIÓN CONTRA OBJETO FIJO,ASFALTO,Bueno,Bueno,1,NISSAN,AZUL,1,,37,MASCULINO,SIN DATOS,0,0,Morelia,Isaac Arriaga,abril,miércoles,23,-101.17149869,19.7135289699991
39987,39993,2022,,2022/04/21,"00:00:00",COLISIÓN POR ALCANCE,CONCRETO,Bueno,Bueno,2,RAM,ROJO,2,,27,FEMENINO,SIN DATOS,0,0,Morelia,Camelinas,abril,jueves,0,-101.174,19.6806
39988,39994,2022,,2022/04/21,"09:00:00",COLISIÓN POR CORTE DE CIRCULACIÓN,ASFALTO,Bueno,Bueno,2,NISSAN,BLANCO,0,MINISTERIO PÚBLICO,,,,0,0,Lázaro Cárdenas,Mexico,abril,jueves,9,-102.227242494174,17.9845207491729
39989,39995,2022,,2022/04/21,"09:37:00",COLISIÓN POR CORTE DE CIRCULACIÓN,ASFALTO,Bueno,Bueno,2,GMC,GUINDA,2,,30,FEMENINO,SIN DATOS,0,0,Morelia,Loma Bonita,abril,jueves,10,-101.19626654,19.7199183999992
39993,39999,2022,,2022/04/21,12:05:00,COLISIÓN POR NO RESPETAR SEMÁFORO,ASFALTO,Bueno,Bueno,2,NISSAN,BLANCO,2,,21,MASCULINO,SIN DATOS,0,0,Morelia,Camelinas,abril,jueves,12,-101.17262119,19.6818144849991
39994,40000,2022,,2022/04/21,12:50:00,COLISIÓN POR CORTE DE CIRCULACIÓN,CONCRETO,Bueno,Bueno,2,VOLSKWAGEN,GRIS,2,,40,MASCULINO,SIN DATOS,0,0,Morelia,Chapultepec Norte,abril,jueves,13,-101.173778799073,19.6957366970635
39995,40001,2022,,2022/04/21,14:25:00,COLISIÓN POR CORTE DE CIRCULACIÓN,SIN_DATOS,Bueno,Bueno,1,DODGE,ROJO,0,MINISTERIO PÚBLICO,,,,0,0,Sin datos,Sin datos,abril,jueves,14,-102.246861324841,17.9234358405458
39996,40002,2022,MOR220237840,2022/04/21,15:05:00,COLISIÓN POR CAMBIO DE CARRIL,ASFALTO,Bueno,Bueno,2,TOYOTA,BLANCO/GRIS,2,,36,MASCULINO,SIN DATOS,0,0,Morelia,Comision Federal de Electricidad,abril,jueves,15,-101.18,19.682
39998,40004,2022,MOR220238366,2022/04/21,17:20:00,COLISIÓN POR CORTE DE CIRCULACIÓN,CONCRETO,Bueno,Bueno,2,VOLVO,BLANCO,2,,25,FEMENINO,SIN DATOS,0,0,Morelia,Bosques Tres Marias,abril,jueves,17,-101.102,19.7232
39999,40005,2022,,2022/04/21,18:43:00,COLISIÓN POR ALCANCE,ASFALTO,Bueno,Bueno,2,KIA,VINO,2,,36,MASCULINO,SIN DATOS,0,0,Morelia,Lomas del Tecnologico,abril,jueves,19,-101.192971737429,19.7218067072296
40002,40008,2022,,2022/04/21,20:02:00,VOLCADURA,ASFALTO,Bueno,Bueno,1,NISSAN,GRIS,1,,31,FEMENINO,SIN DATOS,0,0,Tzitzio,Sin datos,abril,jueves,20,-100.851111,19.379167
40003,40009,2022,MOR 220239290,2022/04/22,"03:30:00",COLISIÓN POR CAMBIO DE CARRIL,ASFALTO,Bueno,Bueno,2,JEEP,GRIS,1,MINISTERIO PÚBLICO,46,MASCULINO,SIN DATOS,0,0,Morelia,Vista Hermosa  2A Etapa,abril,viernes,4,-101.21,19.6765
40004,40010,2022,,2022/04/22,"09:10:00",COLISIÓN POR ALCANCE,ASFALTO,Bueno,Bueno,2,NISSAN,GRIS,2,,57,MASCULINO,SIN DATOS,0,0,Morelia,Plan de La Garita,abril,viernes,9,-101.18518628,19.7123802899991
40006,40012,2022,,2022/04/22,11:00:00,COLISIÓN POR ALCANCE,ASFALTO,Bueno,Bueno,2,DINA,BLANCO,2,,39,MASCULINO,SIN DATOS,0,0,Morelia,Ciudad Industrial,abril,viernes,11,-101.14554366932,19.7284851395985
40007,40013,2022,,2022/04/22,11:00:00,COLISIÓN CONTRA OBJETO FIJO,ASFALTO,Bueno,Bueno,2,INTERNATIONAL,AMARILLO,2,,27,MASCULINO,SIN DATOS,0,0,Morelia,El Lago 1,abril,viernes,11,-101.215242375,19.7280329249992
40008,40014,2022,,2022/04/22,14:15:00,COLISIÓN POR CORTE DE CIRCULACIÓN,CONCRETO,Bueno,Bueno,2,BAJAJ,NEGRO,2,,36,MASCULINO,SIN DATOS,0,0,Morelia,Prados Verdes,abril,viernes,14,-101.200820448049,19.7174025515595
40009,40015,2022,,2022/04/22,18:00:00,COLISIÓN POR CORTE DE CIRCULACIÓN,ASFALTO,Bueno,Bueno,2,NISSAN,BLANCO/GRIS,2,MINISTERIO PÚBLICO,34,MASCULINO,SIN DATOS,0,0,Morelia,Las Americas,abril,viernes,18,-101.153589002788,19.6874420357482
40011,40017,2022,,2022/04/22,21:15:00,COLISIÓN CONTRA OBJETO FIJO,ASFALTO,Bueno,Bueno,1,NISSAN,GRIS,1,,40,FEMENINO,SIN DATOS,0,0,Uruapan,Sin datos,abril,viernes,21,-102.309259935573,19.5700686200971
40012,40018,2022,,2022/04/22,21:35:00,COLISIÓN POR ALCANCE,ASFALTO,Bueno,Bueno,2,VOLKSWAGEN,BLANCO,2,,33,FEMENINO,SIN DATOS,0,0,Morelia,Nueva Valladolid,abril,viernes,22,-101.208862929858,19.7021817393894
40013,40019,2022,,2022/04/22,23:30:00,SUBIDA AL CAMELLÓN,ASFALTO,Bueno,Bueno,1,NISSAN,PLATA,1,,25,MASCULINO,SIN DATOS,0,0,Morelia,Sin datos,abril,viernes,0,-101.164471700099,19.6589761995
40014,40020,2022,,2022/04/23,"00:00:00",COLISIÓN POR CAMBIO DE CARRIL,ASFALTO,Bueno,Bueno,2,MAZDA,GRIS,2,,19,MASCULINO,SIN DATOS,0,0,Morelia,Prados de La Huerta,abril,sábado,0,-101.223496818409,19.6684043542909
40015,40021,2022,,2022/04/23,"05:00:00",COLISIÓN POR CORTE DE CIRCULACIÓN,ASFALTO,Bueno,Bueno,1,ITALIKA,NEGRO,2,MINISTERIO PÚBLICO,,,,2,0,Pátzcuaro,Centro,abril,sábado,5,-101.611933268776,19.5399719386613
40016,40022,2022,,2022/04/23,"06:20:00",COLISIÓN POR CAMBIO DE CARRIL,ASFALTO,Bueno,Bueno,1,BUICK,CAFE,1,MINISTERIO PÚBLICO,24,MASCULINO,SIN DATOS,0,0,Peribán,Sin datos,abril,sábado,6,-102.443869733677,19.5514771900692
40017,40023,2022,MOR220242333,2022/04/23,"08:40:00",COLISIÓN CONTRA OBJETO FIJO,CONCRETO,Bueno,Bueno,1,NISSAN,PLATINO,1,,,,SIN DATOS,0,0,Morelia,Los Manantiales de Morelia,abril,sábado,9,-101.240162297405,19.7009834191936
40018,40024,2022,,2022/04/23,12:01:00,VOLCADURA,ASFALTO,Bueno,Bueno,1,HYUNDAI,NEGRO,1,,54,MASCULINO,SIN DATOS,0,0,Charo,San Pedro Y San Pablo,abril,sábado,12,-101.054391525686,19.7465745496106
40019,40025,2022,,2022/04/23,17:00:00,COLISIÓN POR CORTE DE CIRCULACIÓN,ASFALTO,Bueno,Bueno,2,CHEVROLET,NEGRO,2,MINISTERIO PÚBLICO,,,SIN DATOS,0,0,Lázaro Cárdenas,Centro,abril,sábado,17,-102.198010439215,17.9554865240344
40020,40026,2022,,2022/04/23,17:28:00,SUBIDA AL CAMELLÓN,CONCRETO,Bueno,Bueno,1,VOLKSWAGEN,NEGRO,1,,25,MASCULINO,SIN DATOS,0,0,Morelia,Reforma,abril,sábado,17,-101.242420046843,19.7056313363167
40021,40027,2022,,2022/04/23,19:00:00,COLISIÓN CONTRA OBJETO FIJO,ASFALTO,Bueno,Bueno,1,MAZDA,GRIS,1,,27,MASCULINO,SIN DATOS,0,0,Peribán,Sin datos,abril,sábado,19,-102.440808327362,19.5481521845124
40022,40028,2022,MOR 220242914,2022/04/23,19:30:00,COLISIÓN POR ALCANCE,ASFALTO,Bueno,Regular,2,TOYOTA,BLANCO,4,MINISTERIO PÚBLICO,,,SIN DATOS,2,0,Morelia,Virrey Antonio de Mendoza,abril,sábado,20,-101.162378876045,19.7065353596797
40023,40029,2022,,2022/04/23,19:54:00,COLISIÓN POR CORTE DE CIRCULACIÓN,ASFALTO,Bueno,Bueno,2,TOYOTA,PLATA,2,,53,FEMENINO,SIN DATOS,0,0,Morelia,Vasco de Quiroga,abril,sábado,20,-101.17007419467,19.7036569292338
40024,40030,2022,MOR220242907,2022/04/23,20:00:00,CAIDA DE MOTOCICLETA,CONCRETO,Bueno,Bueno,1,ITALIKA,AZUL/AMARILLO,1,MINISTERIO PÚBLICO,,,,0,1,Morelia,Ferrocarrilero,abril,sábado,20,-101.220201633192,19.6947662430685
40025,40031,2022,,2022/04/23,22:30:00,VOLCADURA,ASFALTO,Bueno,Bueno,1,FORD,ROJO/NEGRO,2,,0,MASCULINO,SIN DATOS,1,0,Cuitzeo,Sin datos,abril,sábado,23,-101.106374107979,19.9562723761965
40026,40032,2022,MOR220243413,2022/04/23,22:50:00,COLISIÓN CONTRA OBJETO FIJO,ASFALTO,Bueno,Bueno,1,VOLKSWAGEN,ROJO,1,,32,MASCULINO,SIN DATOS,0,0,Morelia,Las Americas,abril,sábado,23,-101.159065098249,19.6879729754916
40027,40033,2022,,2022/04/24,"00:25:00",CAIDA DE MOTOCICLETA,ASFALTO,Bueno,Bueno,1,ITALIKA,NEGRO,2,MINISTERIO PÚBLICO,43,MASCULINO,SIN DATOS,1,0,Peribán,Sin datos,abril,domingo,0,-102.443166568187,19.5507088686311
40028,40034,2022,,2022/04/24,"01:30:00",COLISIÓN POR CAMBIO DE CARRIL,ASFALTO,Bueno,Bueno,2,NISSAN,PLATA,2,,35,MASCULINO,SIN DATOS,0,0,Peribán,Sin datos,abril,domingo,2,-102.443529641772,19.5511044038317
40029,40035,2022,,2022/04/24,"03:30:00",COLISIÓN POR INVASIÓN DE CARRIL,ASFALTO,Bueno,Bueno,2,FORD,GRIS,3,MINISTERIO PÚBLICO,25,MASCULINO,SIN DATOS,2,0,Peribán,Sin datos,abril,domingo,4,-102.445369332351,19.5531194899802
40030,40036,2022,MOR220243831,2022/04/24,"03:55:00",COLISIÓN POR CORTE DE CIRCULACIÓN,ASFALTO,Bueno,Bueno,2,VOSLKWAGEN,AZUL,2,,29,MASCULINO,CON CERTIFICADO,0,0,Morelia,El Lago 1,abril,domingo,4,-101.212156743489,19.7266987021789
40031,40037,2022,,2022/04/24,"06:30:00",COLISIÓN POR CORTE DE CIRCULACIÓN,ASFALTO,Bueno,Bueno,1,CHEVROLET,BLANCO,1,,34,MASCULINO,SIN DATOS,0,0,Morelia,La Charca,abril,domingo,7,-101.199697151102,19.6587681023246
40032,40038,2022,,2022/04/24,"07:01:00",COLISIÓN CONTRA OBJETO FIJO,ASFALTO,Bueno,Bueno,1,HYUNDAI,NEGRO,1,,41,MASCULINO,SIN DATOS,0,0,Morelia,Josefa Ortiz de Dominguez,abril,domingo,7,-101.209146908737,19.6720476338349
40033,40039,2022,,2022/04/24,"08:35:00",COLISIÓN POR CORTE DE CIRCULACIÓN,ASFALTO,Bueno,Bueno,2,FORD,AZUL,2,,30,MASCULINO,SIN DATOS,0,0,Morelia,Del Empleado,abril,domingo,9,-101.18002517,19.6886070099991
40034,40040,2022,,2022/04/24,"09:00:00",COLISIÓN POR MANIOBRA DE REVERSA,ASFALTO,Bueno,Bueno,2,JEEP,AZUL Y BLANCO,2,,47,MASCULINO,SIN DATOS,0,0,Acuitzio,Centro,abril,domingo,9,-101.330868733391,19.4932797425624
40035,40041,2022,,2022/04/24,15:00:00,COLISIÓN POR CORTE DE CIRCULACIÓN,ASFALTO,Bueno,Bueno,2,KENWORTH,ROJO,2,,30,MASCULINO,SIN DATOS,0,0,Morelia,Lomas de San Juan,abril,domingo,15,-101.183039681886,19.7298664251429
40038,40044,2022,,2022/04/24,17:00:00,COLISIÓN POR CORTE DE CIRCULACIÓN,ASFALTO,Bueno,Bueno,2,YAMAHA,BLANCO,2,,,MASCULINO,SIN DATOS,0,0,Morelia,Felix Ireta,abril,domingo,17,-101.1919749,19.6869904499991
40039,40045,2022,,2022/04/24,17:35:00,COLISIÓN POR ALCANCE,ASFALTO,Bueno,Bueno,2,CHEVROLET,ARENA,2,,48,MASCULINO,SIN DATOS,0,0,Morelia,Insurgentes,abril,domingo,18,-101.154540928257,19.6969391869908
40040,40046,2022,,2022/04/24,20:00:00,COLISIÓN POR CAMBIO DE CARRIL,CONCRETO,Nublado,Bueno,2,MITSUBISHI,BLANCO,2,,29,MASCULINO,SIN DATOS,0,0,Morelia,Ciudad Jardin,abril,domingo,20,-101.25574455,19.7099354149991
40041,40047,2022,,2022/04/24,20:40:00,COLISIÓN POR CAMBIO DE CARRIL,CONCRETO,Bueno,Bueno,2,ITALIKA,AZUL,1,,54,,SIN DATOS,0,0,Morelia,Vasco de Quiroga,abril,domingo,21,-101.170706494964,19.6972615390137
40042,40048,2022,,2022/04/24,22:00:00,SUBIDA AL CAMELLÓN,ASFALTO,Bueno,Bueno,1,CHEVROLET,AZUL,1,,45,MASCULINO,SIN DATOS,0,0,Morelia,Sentimientos de La Nacion,abril,domingo,22,-101.23397267,19.6796657999992
40043,40049,2022,,2022/04/24,22:35:00,COLISIÓN POR MANIOBRA DE REVERSA,ASFALTO,Bueno,Bueno,2,CHEVROLET,BLANCO,2,,62,MASCULINO,SIN DATOS,0,0,Morelia,Centro,abril,domingo,23,-101.179312185,19.7035132699991
40044,40050,2022,,2022/04/24,23:20:00,COLISIÓN CONTRA OBJETO FIJO,CONCRETO,Lluvioso,Bueno,1,VOLSKWAGEN,PLATA,1,,18,MASCULINO,SIN DATOS,0,0,Morelia,Montaña Monarca,abril,domingo,23,-101.164696396065,19.6655789969815
40045,40051,2022,,2022/04/25,"09:05:00",COLISIÓN POR CAMBIO DE CARRIL,CONCRETO,Bueno,Bueno,2,VOLSKWAGEN,NEGRO,2,,28,FEMENINO,SIN DATOS,0,0,Morelia,Villas del Pedregal,abril,lunes,9,-101.305311112239,19.6752527811425
40046,40052,2022,,2022/04/25,"09:20:00",SALIDA DE SUPERFICIE DE RODAMIENTO,ASFALTO,Bueno,Bueno,1,NISSAN,BLANCO,2,MINISTERIO PÚBLICO,71,MASCULINO,SIN DATOS,0,1,Charo,Sin datos,abril,lunes,9,-101.021280691706,19.7145791778767
40047,40053,2022,,2022/04/25,10:43:00,COLISIÓN POR CORTE DE CIRCULACIÓN,ASFALTO,Bueno,Bueno,2,BMW,PLATA,2,,26,FEMENINO,SIN DATOS,0,0,Morelia,Chapultepec Sur,abril,lunes,11,-101.176566934916,19.6918840736579
40048,40054,2022,,2022/04/25,10:56:00,COLISIÓN POR CAMBIO DE CARRIL,ASFALTO,Bueno,Bueno,2,FREINGHTLINR,BLANCO,2,,,MASCULINO,SIN DATOS,0,0,Morelia,Jardines de Torremolinos,abril,lunes,11,-101.225653619263,19.6768447405099
40049,40055,2022,,2022/04/25,12:01:00,COLISIÓN POR CORTE DE CIRCULACIÓN,ASFALTO,Bueno,Bueno,2,HONDA,BLANCO,2,,46,FEMENINO,SIN DATOS,0,0,Morelia,Lomas de Guayangareo,abril,lunes,12,-101.16021707654,19.7045309776093
40050,40056,2022,,2022/04/25,12:40:00,COLISIÓN POR ALCANCE,ASFALTO,Bueno,Bueno,3,MAZDA,GRIS,3,,46,FEMENINO,SIN DATOS,0,0,Morelia,Chapultepec Sur,abril,lunes,13,-101.176855062904,19.6919353816642
40051,40057,2022,MOR220247130,2022/04/25,12:45:00,COLISIÓN POR INVASIÓN DE CARRIL,CONCRETO,Bueno,Bueno,2,HONDA,BLANCO,2,,30,MASCULINO,SIN DATOS,0,0,Morelia,El Lago 3,abril,lunes,13,-101.219927072525,19.7244783553919
40052,40058,2022,,2022/04/25,13:43:00,COLISIÓN POR CAMBIO DE CARRIL,ASFALTO,Bueno,Bueno,2,VOLKSWAGEN,AZUL,2,,74,MASCULINO,SIN DATOS,0,0,Morelia,Infonavit  Las  Camelinas,abril,lunes,14,-101.173816546798,19.6835803367209
40053,40059,2022,MPOR 220247632,2022/04/25,15:00:00,COLISIÓN POR CORTE DE CIRCULACIÓN,CONCRETO,Bueno,Bueno,2,FORD,"BLANCO, AZUL Y GRIS",2,,36,MASCULINO,SIN DATOS,0,0,Morelia,Camelinas,abril,lunes,15,-101.172564259994,19.6819132243978
40054,40060,2022,MOR220247811,2022/04/25,17:25:00,COLISIÓN POR ALCANCE,ASFALTO,Lluvioso,Regular,1,CHEVROLET,AZUL,1,,35,MASCULINO,SIN DATOS,0,0,Morelia,Villa Universidad,abril,lunes,17,-101.214076808917,19.6879253944571
40055,40061,2022,,2022/04/25,19:20:00,COLISIÓN POR CORTE DE CIRCULACIÓN,ASFALTO,Bueno,Bueno,2,ITALIKA,NEGRO,2,,28,MASCULINO,SIN DATOS,0,0,Morelia,Centro,abril,lunes,19,-101.199426655,19.7051880499991
40056,40062,2022,,2022/04/25,20:40:00,COLISIÓN POR CORTE DE CIRCULACIÓN,ASFALTO,Nublado,Bueno,2,KTM,BLANCO Y NARANJA,2,,25,MASCULINO,SIN DATOS,0,0,Morelia,Ignacio Zaragoza,abril,lunes,21,-101.205279498614,19.72552248572
40057,40063,2022,,2022/04/26,"09:00:00",COLISIÓN POR CORTE DE CIRCULACIÓN,CONCRETO,Bueno,Bueno,2,NISSAN,BLANCO,2,,59,FEMENINO,SIN DATOS,0,0,Morelia,Tres Puentes,abril,martes,9,-101.213717484341,19.7026583389073
40058,40064,2022,,2022/04/26,10:20:00,COLISIÓN POR ALCANCE,ASFALTO,Bueno,Bueno,2,ITALIKA,NEGRO Y VERDE,2,,27,MASCULINO,SIN DATOS,0,0,Morelia,Lomas de Guayangareo,abril,martes,10,-101.161248690702,19.7053343174006
40059,40065,2022,,2022/04/26,10:55:00,COLISIÓN POR CORTE DE CIRCULACIÓN,ASFALTO,Bueno,Bueno,2,VOLKSWAGEN,ROJO,2,,33,MASCULINO,SIN DATOS,0,0,Morelia,Ventura Puente,abril,martes,11,-101.190669780425,19.6935899065291
40060,40066,2022,,2022/04/26,14:00:00,COLISIÓN POR ALCANCE,ASFALTO,Bueno,Bueno,2,INTERNATIONAL,BLANCO Y AZUL,4,,30,MASCULINO,SIN DATOS,2,0,Morelia,Country Club  Las Huertas,abril,martes,14,-101.228242591023,19.6583389907459
40061,40067,2022,,2022/04/26,20:25:00,COLISIÓN POR ALCANCE,ASFALTO,Bueno,Bueno,2,CADILLAC,GRIS,2,,32,FEMENINO,SIN DATOS,0,0,Morelia,Enrique Ramirez,abril,martes,20,-101.165830379948,19.7098526232468
40062,40068,2022,MOR 220251493,2022/04/27,"08:00:00",CAIDA ACUATICA DE VEHÍCULO,CONCRETO,Bueno,Bueno,1,CHEVROLET,BLANCO,1,,26,MASCULINO,SIN DATOS,0,0,Morelia,Ampliacion La Soledad,abril,miércoles,8,-101.183554405,19.7349146049992
40063,40069,2022,,2022/04/27,"08:05:00",COLISIÓN POR CAMBIO DE CARRIL,ASFALTO,Bueno,Bueno,2,VOLSKWAGEN,BLANCO,2,,32,MASCULINO,SIN DATOS,0,0,Morelia,Lomas de San Juan,abril,miércoles,8,-101.183039681886,19.7298664251429
40064,40070,2022,,2022/04/27,"08:30:00",COLISIÓN POR CAMBIO DE CARRIL,ASFALTO,Bueno,Bueno,2,ITALIKA,ROJO/NEGRO,2,,23,MASCULINO,SIN DATOS,0,0,Morelia,Dr Miguel Silva,abril,miércoles,9,-101.185227946917,19.717204814836
40065,40071,2022,,2022/04/27,10:00:00,SALIDA DE SUPERFICIE DE RODAMIENTO,ASFALTO,Bueno,Bueno,1,NISSAN,ARENA,1,,41,MASCULINO,SIN DATOS,0,0,Morelia,Guadalupe,abril,miércoles,10,-101.22209455,19.7091718049992
40066,40072,2022,,2022/04/27,10:18:00,COLISIÓN POR ALCANCE,ASFALTO,Bueno,Bueno,2,CHRYSLER,GRIS,2,,43,MASCULINO,SIN DATOS,0,0,Morelia,La Quemada,abril,miércoles,10,-101.240059827697,19.7032952648833
40067,40073,2022,MOR220252349,2022/04/27,14:20:00,COLISIÓN POR CAMBIO DE CARRIL,ASFALTO,Bueno,Bueno,2,NISSAN,BLANCO,2,,25,MASCULINO,SIN DATOS,0,0,Morelia,Elias Perez Avalos,abril,miércoles,14,-101.167813022979,19.7136335493406
40068,40074,2022,MOR 220252433,2022/04/27,14:30:00,COLISIÓN CONTRA OBJETO FIJO,ASFALTO,Bueno,Bueno,1,CHRYSLER,ARENA,1,,31,FEMENINO,SIN DATOS,0,0,Morelia,Lomas de San Juan,abril,miércoles,15,-101.183039681886,19.7298664251429
40069,40075,2022,MOR220252735,2022/04/27,16:20:00,COLISIÓN POR CORTE DE CIRCULACIÓN,ASFALTO,Bueno,Bueno,3,CHEVROLET,GRIS,3,,51,FEMENINO,SIN DATOS,0,0,Morelia,Tres Puentes,abril,miércoles,16,-101.213524742681,19.7058468756013
40071,40077,2022,,2022/04/27,16:40:00,COLISIÓN POR ALCANCE,ASFALTO,Bueno,Bueno,2,CHEVROLET,BLANCO,2,,29,FEMENINO,SIN DATOS,0,0,Morelia,Alberto Oviedo Mota,abril,miércoles,17,-101.198908182011,19.681555672698
40072,40078,2022,,2022/04/27,17:25:00,CAIDA DE MOTOCICLETA,ASFALTO,Bueno,Bueno,1,YAMAHA,AZUL,2,,24,MASCULINO,SIN DATOS,1,0,Morelia,Sin datos,abril,miércoles,17,-101.116593,19.739365
40073,40079,2022,,2022/04/27,17:30:00,COLISIÓN POR ALCANCE,ASFALTO,Bueno,Bueno,2,HIUNDAY,BLANCO,2,,74,MASCULINO,SIN DATOS,0,0,Morelia,Camelinas,abril,miércoles,18,-101.17262119,19.6818144849991
40074,40080,2022,MOR220253273,2022/04/27,19:55:00,COLISIÓN POR INVASIÓN DE CARRIL,ASFALTO,Bueno,Bueno,2,GENERAL MOTORS,BLANCO,2,,30,MASCULINO,SIN DATOS,0,0,Morelia,Vasco de Quiroga,abril,miércoles,20,-101.171886666921,19.7025708471742
40075,40081,2022,,2022/04/28,"07:50:00",COLISIÓN POR CORTE DE CIRCULACIÓN,ASFALTO,Bueno,Bueno,3,NISSAN,BLANCO,3,,46,MASCULINO,SIN DATOS,0,0,Morelia,Felix Ireta,abril,jueves,8,-101.1908402531,19.6850662876989
40076,40082,2022,,2022/04/28,10:30:00,COLISIÓN POR CORTE DE CIRCULACIÓN,ASFALTO,Bueno,Bueno,2,YAMAHA,BLANCO,2,,20,MASCULINO,SIN DATOS,0,0,Morelia,Hospitales de Don Vasco,abril,jueves,11,-101.155523180283,19.7010907116849
40077,40083,2022,,2022/04/28,11:57:00,COLISIÓN CONTRA OBJETO FIJO,CONCRETO,Bueno,Bueno,1,MERCEDES BENZ,BLANCO,0,,,,,0,0,Morelia,Ana Maria Gallaga (Riviera Norte),abril,jueves,12,-101.22460476,19.6777109999991
40078,40084,2022,,2022/04/28,13:00:00,COLISIÓN CONTRA OBJETO FIJO,SIN_DATOS,Bueno,Bueno,3,NISSAN,BLANCO,0,MINISTERIO PÚBLICO,,,,0,0,Lázaro Cárdenas,Las Torres,abril,jueves,13,-102.213481999934,17.9622286438528
40079,40085,2022,,2022/04/28,13:50:00,COLISIÓN POR CAMBIO DE CARRIL,CONCRETO,Bueno,Bueno,2,JEEP,NEGRO,2,,73,MASCULINO,SIN DATOS,0,0,Morelia,Felix Ireta,abril,jueves,14,-101.184589944102,19.6867929443794
40080,40086,2022,,2022/04/28,15:00:00,COLISIÓN POR CORTE DE CIRCULACIÓN,ASFALTO,Bueno,Bueno,1,VENTO,BLANCO,0,MINISTERIO PÚBLICO,,,,0,0,Lázaro Cárdenas,Centro,abril,jueves,15,-102.191353440285,17.9536178330563
40081,40087,2022,,2022/04/28,15:00:00,COLISIÓN POR CORTE DE CIRCULACIÓN,CONCRETO,Bueno,Bueno,2,VOLVO,BLANCO,2,MINISTERIO PÚBLICO,45,MASCULINO,SIN DATOS,0,0,Morelia,Nueva Chapultepec,abril,jueves,15,-101.172473810682,19.6892035166053
40082,40088,2022,,2022/04/28,16:30:00,COLISIÓN POR CORTE DE CIRCULACIÓN,ASFALTO,Bueno,Bueno,2,NISSAN,BLANCO/ CAFE,2,,45,MASCULINO,SIN DATOS,0,0,Morelia,Guadalupe,abril,jueves,17,-101.217766522693,19.7081150712085
40083,40089,2022,,2022/04/28,17:20:00,COLISIÓN POR CAMBIO DE CARRIL,ASFALTO,Bueno,Bueno,2,VOLKSWAGEN,ROJO,2,MINISTERIO PÚBLICO,35,MASCULINO,SIN DATOS,0,0,Morelia,Felix Ireta,abril,jueves,17,-101.19186680764,19.6822841289783
40084,40090,2022,,2022/04/28,17:25:00,COLISIÓN POR CORTE DE CIRCULACIÓN,ASFALTO,Nublado,Bueno,2,BAJAJ,NEGRO,2,,24,MASCULINO,SIN DATOS,0,0,Morelia,Ventura Puente,abril,jueves,17,-101.179749227392,19.6906363718075
40085,40091,2022,,2022/04/28,17:30:00,COLISIÓN POR INVASIÓN DE CARRIL,ASFALTO,Bueno,Bueno,2,FREIGHTLINER,BLANCO,2,,38,MASCULINO,SIN DATOS,0,0,Morelia,Industrial,abril,jueves,18,-101.200475692749,19.7111218257699
40086,40092,2022,LEG42858,2022/04/28,18:29:00,COLISIÓN POR INVASIÓN DE CARRIL,ASFALTO,Bueno,Bueno,2,FORD,BLANCO,2,MINISTERIO PÚBLICO,27,MASCULINO,SIN DATOS,0,0,Morelia,Villas Oriente,abril,jueves,18,-101.143925338984,19.754498366982
40087,40093,2022,,2022/04/28,19:30:00,COLISIÓN CONTRA OBJETO FIJO,ASFALTO,Bueno,Bueno,2,ITALIKA,NARANJA,2,,0,FEMENINO,SIN DATOS,0,0,Morelia,Lomas del Valle,abril,jueves,20,-101.228870898485,19.6887170802442
40088,40094,2022,,2022/04/28,19:50:00,COLISIÓN POR ALCANCE,ASFALTO,Bueno,Bueno,2,TOYOTA,BLANCO Y GUINDA,2,,32,MASCULINO,SIN DATOS,0,0,Morelia,Francisco J Mujica,abril,jueves,20,-101.191073209047,19.7235934272224
40089,40095,2022,MOR220255554,2022/04/28,19:58:00,VOLCADURA,CONCRETO,Bueno,Bueno,1,FORD,GUINDA,1,,0,MASCULINO,SIN DATOS,0,0,Morelia,Alfonso Espinoza Guerrero (Barranca Seca),abril,jueves,20,-101.176544238093,19.6708259533311
40090,40096,2022,,2022/04/28,22:00:00,COLISIÓN CONTRA OBJETO FIJO,ASFALTO,Nublado,Regular,1,VOLSWAGUEN,BLANCO,1,MINISTERIO PÚBLICO,20,MASCULINO,SIN DATOS,0,0,Morelia,Centro,abril,jueves,22,-101.185526400805,19.7029183173312
40091,40097,2022,,2022/04/29,"00:00:00",COLISIÓN POR ALCANCE,CONCRETO,Bueno,Bueno,3,VOLSKWAGEN,PLATA,3,,29,MASCULINO,SIN DATOS,0,0,Morelia,Vasco de Quiroga,abril,viernes,0,-101.168261387132,19.6966551875359
40092,40098,2022,,2022/04/29,"07:20:00",COLISIÓN POR NO RESPETAR SEMÁFORO,ASFALTO,Bueno,Bueno,2,NISSAN,ROJO,2,,,MASCULINO,SIN DATOS,0,0,Morelia,Niño Artillero,abril,viernes,7,-101.253887533225,19.6966180829493
40093,40099,2022,MOR 220256402,2022/04/29,"08:40:00",COLISIÓN CONTRA OBJETO FIJO,ASFALTO,Bueno,Bueno,1,HONDA,AZUL,1,,35,MASCULINO,SIN DATOS,0,0,Morelia,El Lago 1,abril,viernes,9,-101.219358444214,19.7274832816003