fid,id_accidente,anio_origen,folio_c5i,dia_incidente,hora_ocurrencia,tipo_incidente_vial,superficie_ocurrencia,condiciones_climaticas,condiciones_via,numero_vehiculos_involucrados,marca_vehiculo_ocasiona_siniestro,color_vehiculo_ocasiona_siniestro,numero_personas_involucradas,lugar_remite_presunto_responsable,edad_presunto_responsable,sexo_presunto_responsable,resultados_toxicologia,numero_personas_lesionadas,numero_personas_fallecidas,municipio,colonia,mes,dia_semana,hora_redondeada,lon,lat
40094,40100,2022,,2022/04/29,"08:53:00",COLISIÓN POR ALCANCE,ASFALTO,Bueno,Bueno,3,SEAT,BLANCO,3,,33,FEMENINO,SIN DATOS,0,0,Tarímbaro,Los Angeles,abril,viernes,9,-101.171523227599,19.7510346498084
40096,40102,2022,,2022/04/29,15:30:00,COLISIÓN POR CAMBIO DE CARRIL,ASFALTO,Bueno,Bueno,2,CHEVROLET,NEGRO,2,,22,FEMENINO,SIN DATOS,0,0,Morelia,Nueva Chapultepec,abril,viernes,16,-101.17081558,19.6897813199992
40097,40103,2022,MOR220257433,2022/04/29,16:20:00,COLISIÓN POR CORTE DE CIRCULACIÓN,ASFALTO,Bueno,Regular,2,SEAT,BEIGE,2,MINISTERIO PÚBLICO,19,MASCULINO,SIN DATOS,0,0,Morelia,Ventura Puente,abril,viernes,16,-101.184076331556,19.6901388447393
40098,40104,2022,MOR220257642,2022/04/29,17:40:00,COLISIÓN POR CAMBIO DE CARRIL,ASFALTO,Bueno,Bueno,2,MERCEDES BENZ,BLANCO,2,,28,MASCULINO,SIN DATOS,0,0,Morelia,Poblado de Ocolusen,abril,viernes,18,-101.149533868504,19.6946854333405
40099,40105,2022,,2022/04/29,18:40:00,COLISIÓN CONTRA OBJETO FIJO,ASFALTO,Bueno,Bueno,1,NISSAN,BLANCO,1,,,,SIN DATOS,0,0,Tacámbaro,Sin datos,abril,viernes,19,-101.411256082356,19.3421567345017
40100,40106,2022,,2022/04/29,20:44:00,COLISIÓN POR CORTE DE CIRCULACIÓN,CONCRETO,Bueno,Bueno,2,DODGE,AZUL,2,,44,MASCULINO,SIN DATOS,0,0,Morelia,Solidaridad,abril,viernes,21,-101.2042095,19.7321845
40101,40107,2022,MOR220258306,2022/04/29,23:05:00,COLISIÓN POR INVASIÓN DE CARRIL,ASFALTO,Bueno,Bueno,2,MAZDA,AZUL,2,,53,MASCULINO,SIN DATOS,0,0,Morelia,Pastor Manuel Sanchez Camarena,abril,viernes,23,-101.199445678768,19.739068462548
40102,40108,2022,LEG42874,2022/04/30,"00:00:00",COLISIÓN POR INVASIÓN DE CARRIL,ASFALTO,Bueno,Bueno,2,NISSAN,ROJO,2,,22,MASCULINO,SIN DATOS,0,0,Morelia,Poblado de Ocolusen,abril,sábado,0,-101.150127649172,19.6944699261717
40103,40109,2022,,2022/04/30,"09:20:00",COLISIÓN POR CORTE DE CIRCULACIÓN,ASFALTO,Bueno,Bueno,2,FORD,VERDE,2,,,MASCULINO,SIN DATOS,0,0,Morelia,Las Americas,abril,sábado,9,-101.15292750299,19.687669667663
40104,40110,2022,,2022/04/30,10:15:00,COLISIÓN POR CAMBIO DE CARRIL,ASFALTO,Bueno,Regular,2,KENWORTH,BLANCO,2,MINISTERIO PÚBLICO,43,MASCULINO,SIN DATOS,0,0,Morelia,Primo Tapia Oriente,abril,sábado,10,-101.158656030893,19.7134877182564
40105,40111,2022,,2022/04/30,11:55:00,COLISIÓN POR CAMBIO DE CARRIL,CONCRETO,Bueno,Bueno,2,DINA,BLANCO,2,,65,MASCULINO,SIN DATOS,0,0,Morelia,Felix Ireta,abril,sábado,12,-101.195252761245,19.6919552400807
40106,40112,2022,,2022/04/30,12:00:00,COLISIÓN CONTRA OBJETO FIJO,ASFALTO,Bueno,Bueno,2,DODGE,BLANCO,0,,,,,0,0,Morelia,Buenavista,abril,sábado,12,-101.165568815038,19.7052146316282
40107,40113,2022,,2022/04/30,12:00:00,COLISIÓN POR MANIOBRA DE REVERSA,ASFALTO,Bueno,Bueno,2,HONDA,GRIS,2,,0,MASCULINO,SIN DATOS,0,0,Morelia,Vasco de Quiroga,abril,sábado,12,-101.169120288076,19.70236264828
40108,40114,2022,,2022/04/30,12:30:00,COLISIÓN POR CORTE DE CIRCULACIÓN,ASFALTO,Bueno,Bueno,2,HONDA,BLANCO,2,,17,MASCULINO,SIN DATOS,0,0,Morelia,Villa Universidad,abril,sábado,13,-101.202050454236,19.685124028813
40109,40115,2022,,2022/04/30,19:40:00,COLISIÓN POR ALCANCE,ASFALTO,Bueno,Bueno,2,NISSAN,BLANCO,2,,71,MASCULINO,SIN DATOS,0,0,Morelia,Felix Ireta,abril,sábado,20,-101.19214836,19.6911467449992
40110,40116,2022,,2022/04/30,21:30:00,COLISIÓN POR CORTE DE CIRCULACIÓN,ASFALTO,Bueno,Bueno,2,MITSUBISHI,AZUL,1,,41,MASCULINO,SIN DATOS,0,0,Morelia,Primo Tapia Oriente,abril,sábado,22,-101.160671657864,19.7148130515494
40111,40117,2022,,2022/04/30,22:00:00,COLISIÓN POR CORTE DE CIRCULACIÓN,ASFALTO,Bueno,Bueno,2,ITALIKA,AMARILLO,2,,20,MASCULINO,SIN DATOS,0,0,Morelia,Nicolaitas Ilustres,abril,sábado,22,-101.226739548147,19.7216320097787
40112,40118,2022,,2022/05/01,"00:00:00",COLISIÓN POR CAMBIO DE CARRIL,CONCRETO,Bueno,Bueno,2,HONDA,GRIS,2,,32,MASCULINO,SIN DATOS,0,0,Morelia,Buenos Aires (Lomas de La Aldea),mayo,domingo,0,-101.144490279257,19.74426620697
40113,40119,2022,MOR220271254,2022/05/01,"00:34:00",COLISIÓN POR ALCANCE,ASFALTO,Bueno,Bueno,2,VOLKSWAGEN,GRIS,2,,75,MASCULINO,SIN DATOS,0,0,Morelia,Tinijaro,mayo,domingo,1,-101.26316,19.6963297049991
40114,40120,2022,MOR220263944,2022/05/01,"02:20:00",VOLCADURA,ASFALTO,Bueno,Bueno,1,NISSAN,ROJO,2,,,MASCULINO,SIN DATOS,1,0,Morelia,Ciudad Industrial,mayo,domingo,2,-101.142943650484,19.7252838902624
40116,40122,2022,,2022/05/01,"05:00:00",COLISIÓN CONTRA OBJETO FIJO,ASFALTO,Bueno,Bueno,1,CHEVROLET,GRIS,0,MINISTERIO PÚBLICO,,,,0,0,Lázaro Cárdenas,Jose Green,mayo,domingo,5,-102.202635146677,17.9659254361717
40117,40123,2022,,2022/05/01,"09:00:00",COLISIÓN CONTRA OBJETO FIJO,ASFALTO,Bueno,Bueno,1,VOLKSWAGEN,BLANCO,2,MINISTERIO PÚBLICO,,,,2,0,Hidalgo,Sin datos,mayo,domingo,9,-100.637134716603,19.5915163172625
40118,40124,2022,MOR220261714,2022/05/01,"09:40:00",COLISIÓN CONTRA OBJETO FIJO,CONCRETO,Bueno,Bueno,1,CHEVROLET,GRIS,1,,24,MASCULINO,SIN DATOS,0,0,Morelia,Centro,mayo,domingo,10,-101.189176216722,19.7038176213492
40119,40125,2022,,2022/05/01,10:00:00,COLISIÓN POR INVASIÓN DE CARRIL,ASFALTO,Bueno,Bueno,2,CHEVROLET,AZUL,2,,0,MASCULINO,SIN DATOS,0,0,Huandacareo,Sin datos,mayo,domingo,10,-101.214625015855,19.962680354019
40120,40126,2022,,2022/05/01,15:46:00,COLISIÓN POR CORTE DE CIRCULACIÓN,ASFALTO,Bueno,Bueno,2,TOYOTA,BLANCO/ROJO,2,,62,MASCULINO,SIN DATOS,0,0,Morelia,Lomas de Guayangareo,mayo,domingo,16,-101.158207065679,19.7006219700857
40121,40127,2022,,2022/05/01,17:24:00,COLISIÓN POR CAMBIO DE CARRIL,ASFALTO,Bueno,Bueno,2,MITSUBISHI,GRIS,2,,58,MASCULINO,SIN DATOS,0,0,Morelia,Prados Verdes,mayo,domingo,17,-101.202773309566,19.7160645827889
40122,40128,2022,MOR220262894,2022/05/01,18:06:00,COLISIÓN POR CORTE DE CIRCULACIÓN,CONCRETO,Bueno,Bueno,2,NISSAN,BLANCO Y ROJO,2,,42,MASCULINO,SIN DATOS,0,0,Morelia,Guadalupe,mayo,domingo,18,-101.221446208656,19.7093059636181
40123,40129,2022,,2022/05/01,19:00:00,COLISIÓN CONTRA OBJETO FIJO,ASFALTO,Bueno,Bueno,1,CHEVROLET,BLANCO,0,MINISTERIO PÚBLICO,,,,0,0,Lázaro Cárdenas,Sin datos,mayo,domingo,19,-102.287856303155,17.9637120612628
40124,40130,2022,MOR 220263196,2022/05/01,19:25:00,CAIDA DE MOTOCICLETA,ASFALTO,Bueno,Regular,1,UM,NEGRO,2,MINISTERIO PÚBLICO,,,,2,0,Charo,San Pedro Y San Pablo,mayo,domingo,19,-101.054393537343,19.7465761274232
40125,40131,2022,,2022/05/01,19:30:00,COLISIÓN POR CORTE DE CIRCULACIÓN,ASFALTO,Bueno,Bueno,2,TOYOTA,BLANCO/VERDE,2,,42,MASCULINO,SIN DATOS,0,0,Morelia,Centro,mayo,domingo,20,-101.193459338762,19.6961243339808
40126,40132,2022,MOR220263569,2022/05/01,21:40:00,COLISIÓN POR CORTE DE CIRCULACIÓN,CONCRETO,Bueno,Bueno,2,MITSUBISHI,ROJO,2,MINISTERIO PÚBLICO,30,FEMENINO,SIN DATOS,0,0,Morelia,Felix Ireta,mayo,domingo,22,-101.188465096056,19.681712417839
40127,40133,2022,MOR220263718,2022/05/01,23:40:00,COLISIÓN CONTRA OBJETO FIJO,CONCRETO,Bueno,Bueno,1,FORD,AZUL,1,,28,MASCULINO,ALIENTO ETÍLICO,0,0,Morelia,Santa Cecilia,mayo,domingo,0,-101.187041513622,19.6681105382824
40128,40134,2022,,2022/05/02,"00:00:00",COLISIÓN CONTRA OBJETO FIJO,CONCRETO,Bueno,Bueno,1,DODGE,BLANCO,1,,27,MASCULINO,SIN DATOS,0,0,Morelia,Tenencia Morelos,mayo,lunes,0,-101.2379310043,19.6507039422974
40129,40135,2022,,2022/05/02,"02:15:00",COLISIÓN CONTRA OBJETO FIJO,CONCRETO,Bueno,Bueno,2,RENAULT,ROJO,2,,28,MASCULINO,SIN DATOS,0,0,Morelia,Felicitas del Rio,mayo,lunes,2,-101.201393343508,19.6921541684851
40130,40136,2022,MOR220263966,2022/05/02,"03:10:00",SALIDA DE SUPERFICIE DE RODAMIENTO,ASFALTO,Bueno,Bueno,1,NISSAN,BLANCO,0,,,,,0,0,Morelia,2 de Octubre,mayo,lunes,3,-101.386437907137,19.6674666783713
40131,40137,2022,,2022/05/02,"04:30:00",COLISIÓN CONTRA OBJETO FIJO,ASFALTO,Bueno,Bueno,1,CHEVROLET,ROJO,1,,46,MASCULINO,SIN DATOS,0,0,Peribán,Sin datos,mayo,lunes,5,-102.441024214708,19.5483831158187
40132,40138,2022,,2022/05/02,"07:25:00",COLISIÓN POR CORTE DE CIRCULACIÓN,ASFALTO,Bueno,Bueno,2,BAJAJ,NEGRO,2,,25,MASCULINO,SIN DATOS,0,0,Morelia,San Isidro Itzicuaro,mayo,lunes,7,-101.275173390921,19.6875349418908
40133,40139,2022,LEG42910,2022/05/02,"09:29:00",COLISIÓN POR ALCANCE,ASFALTO,Bueno,Bueno,3,DODGE,ARENA,3,,21,MASCULINO,SIN DATOS,0,0,Morelia,Alberto Oviedo Mota,mayo,lunes,9,-101.19573732668,19.6815258457351
40134,40140,2022,,2022/05/02,13:00:00,COLISIÓN CONTRA OBJETO FIJO,CONCRETO,Bueno,Bueno,1,FREIGHTLINER,BLANCO,1,,22,MASCULINO,SIN DATOS,0,0,Morelia,Torreon Nuevo,mayo,lunes,13,-101.197681196702,19.7466663777251
40135,40141,2022,,2022/05/02,13:15:00,COLISIÓN CONTRA OBJETO FIJO,ADOQUIN_EMPEDRADO,Bueno,Regular,1,HONDA,BLANCO,1,,,,,1,0,Cuitzeo,El Embarcadero,mayo,lunes,13,-101.140356324613,19.9647091551745
40136,40142,2022,,2022/05/02,14:45:00,COLISIÓN POR ALCANCE,ASFALTO,Bueno,Bueno,2,NISSAN/TSURU,BLANCO,2,,44,MASCULINO,SIN DATOS,0,0,Morelia,Ventura Puente,mayo,lunes,15,-101.195374740794,19.6922617825633
40137,40143,2022,LEG42911,2022/05/02,15:43:00,COLISIÓN POR CAMBIO DE CARRIL,ASFALTO,Bueno,Bueno,2,NISSAN,BLANCO Y VERDE,2,MINISTERIO PÚBLICO,,MASCULINO,SIN DATOS,0,0,Morelia,Nueva Valladolid,mayo,lunes,16,-101.208865977824,19.7020777762822
40138,40144,2022,,2022/05/02,16:00:00,COLISIÓN POR CORTE DE CIRCULACIÓN,ASFALTO,Bueno,Bueno,2,BAJAJ,AMARILLO Y NEGRO,3,,40,MASCULINO,SIN DATOS,1,0,Morelia,Cinco de Diciembre,mayo,lunes,16,-101.163940992642,19.6859214458932
40139,40145,2022,,2022/05/02,16:20:00,COLISIÓN POR CAMBIO DE CARRIL,ASFALTO,Bueno,Bueno,2,KTM,NARANJA,2,,21,MASCULINO,SIN DATOS,0,0,Morelia,Jardines de Torremolinos,mayo,lunes,16,-101.225649565458,19.6768425306318
40140,40146,2022,,2022/05/02,17:00:00,COLISIÓN CONTRA OBJETO FIJO,SIN_DATOS,Bueno,Bueno,2,VOLKSWAGEN,BLANCO,0,MINISTERIO PÚBLICO,,,,0,0,Lázaro Cárdenas,1Er Sect de Fidelac,mayo,lunes,17,-102.194219045341,17.9615815240063
40141,40147,2022,,2022/05/02,19:30:00,COLISIÓN POR CORTE DE CIRCULACIÓN,ASFALTO,Bueno,Bueno,2,NISSAN,ROJO,2,,34,MASCULINO,SIN DATOS,0,0,Morelia,El Porvenir,mayo,lunes,20,-101.202065937899,19.7103273527476
40142,40148,2022,,2022/05/02,22:00:00,COLISIÓN CONTRA OBJETO FIJO,CONCRETO,Bueno,Bueno,2,CHEVROLET,PLATA,2,MINISTERIO PÚBLICO,26,MASCULINO,SIN DATOS,0,0,Morelia,Molino de Parras,mayo,lunes,22,-101.203498176552,19.698464535815
40143,40149,2022,,2022/05/02,22:10:00,COLISIÓN CONTRA OBJETO FIJO,ASFALTO,Bueno,Bueno,1,NISSAN,BLANCO,1,,,,SIN DATOS,0,0,Morelia,Martires de Uruapan,mayo,lunes,22,-101.202588602901,19.7255230595405
40145,40151,2022,,2022/05/03,"00:00:00",COLISIÓN POR ALCANCE,ASFALTO,Bueno,Bueno,2,NISSAN,BLANCO,2,,54,FEMENINO,SIN DATOS,0,0,Morelia,Irrigacion,mayo,martes,0,-101.22520209,19.7051928999992
40146,40152,2022,MOR220582321,2022/05/03,"08:00:00",COLISIÓN POR CORTE DE CIRCULACIÓN,ASFALTO,Bueno,Bueno,1,CHEVROLET,NEGRO,1,,52,FEMENINO,SIN DATOS,0,0,Morelia,Camelinas,mayo,martes,8,-101.17262119,19.6818144849991
40147,40153,2022,MOR220266850,2022/05/03,10:45:00,COLISIÓN POR CORTE DE CIRCULACIÓN,ASFALTO,Bueno,Bueno,2,CHEVROLET,"BLANCO, AZUL Y MORADO",2,,34,MASCULINO,SIN DATOS,0,0,Morelia,Gral Gertrudis Sanchez,mayo,martes,11,-101.2094753,19.7439916449991
40148,40154,2022,MOR220256402,2022/05/03,15:37:00,COLISIÓN POR CAMBIO DE CARRIL,ASFALTO,Bueno,Bueno,2,HONDA,ROJO,2,,36,MASCULINO,SIN DATOS,0,0,Morelia,Terrazas Tres Marias,mayo,martes,16,-101.118,19.7007
40149,40155,2022,MOR220267868,2022/05/03,17:55:00,COLISIÓN POR ALCANCE,ASFALTO,Bueno,Bueno,2,NISSAN,BLANCO,2,,46,MASCULINO,SIN DATOS,0,0,Morelia,Rincon del Punhuato,mayo,martes,18,-101.14175217,19.6969593399992
40150,40156,2022,,2022/05/03,18:50:00,COLISIÓN CON PEATÓN,ASFALTO,Bueno,Bueno,1,HONDA,BLANCO,2,,22,MASCULINO,SIN DATOS,1,0,Morelia,Fuentes de Morelia,mayo,martes,19,-101.20316769,19.6693875049992
40154,40160,2022,,2022/05/04,11:10:00,VOLCADURA,ASFALTO,Bueno,Bueno,1,VOLKSWAGEN,BLANCO,1,,60,MASCULINO,SIN DATOS,0,0,Morelia,Peña Blanca,mayo,miércoles,11,-101.19520956,19.6683826849992
40155,40161,2022,,2022/05/04,11:40:00,COLISIÓN CON PEATÓN,SIN_DATOS,Bueno,Bueno,1,FIAT,BLANCO,2,,27,MASCULINO,SIN DATOS,0,0,Morelia,Centro,mayo,miércoles,12,-101.1912811,19.7009677199991
40156,40162,2022,,2022/05/04,12:25:00,COLISIÓN POR CORTE DE CIRCULACIÓN,CONCRETO,Bueno,Bueno,2,HONDA,ROJO,2,,59,MASCULINO,SIN DATOS,0,0,Morelia,Loma Real,mayo,miércoles,12,-101.197374356587,19.7296245334981
40157,40163,2022,,2022/05/04,12:25:00,COLISIÓN POR CAMBIO DE CARRIL,ASFALTO,Bueno,Bueno,2,SUZUKI,BLANCO,2,,27,FEMENINO,SIN DATOS,0,0,Morelia,Prados Verdes,mayo,miércoles,12,-101.19721026,19.7150711099991
40160,40166,2022,,2022/05/04,14:00:00,COLISIÓN POR CORTE DE CIRCULACIÓN,ASFALTO,Bueno,Bueno,2,DODGE,BLANCO,2,,63,FEMENINO,SIN DATOS,0,0,Morelia,Ventura Puente,mayo,miércoles,14,-101.18344534,19.6930470199991
40161,40167,2022,,2022/05/04,14:10:00,COLISIÓN POR CORTE DE CIRCULACIÓN,CONCRETO,Bueno,Bueno,1,Q,|BÑAMCP U RPSA,1,,46,MASCULINO,SIN DATOS,0,0,Morelia,Infonavit Colonial Universidad,mayo,miércoles,14,-101.204939035,19.6864075999991
40167,40173,2022,,2022/05/05,"00:00:00",VOLCADURA,ASFALTO,Bueno,Bueno,1,DODGE,BLANCO,0,MINISTERIO PÚBLICO,,,,0,0,Lázaro Cárdenas,El Palmar 77,mayo,jueves,0,-102.214766778052,17.9753035291089
40168,40174,2022,,2022/05/05,"00:30:00",CAIDA DE MOTOCICLETA,ASFALTO,Bueno,Bueno,1,HONDA,ROJO,0,,,,,0,0,Peribán,Sin datos,mayo,jueves,1,-102.44391862303,19.5515296368396
40169,40175,2022,MOR220272135,2022/05/05,"08:00:00",COLISIÓN POR CORTE DE CIRCULACIÓN,CONCRETO,Bueno,Bueno,2,GMC,VERDE,2,,29,FEMENINO,SIN DATOS,0,0,Morelia,El Realito,mayo,jueves,8,-101.203137012728,19.7271577016115
40171,40177,2022,,2022/05/05,14:05:00,COLISIÓN POR INVASIÓN DE CARRIL,ASFALTO,Bueno,Regular,2,ITALIKA,NEGRO,3,MINISTERIO PÚBLICO,67,MASCULINO,SIN DATOS,1,0,Erongarícuaro,Sin datos,mayo,jueves,14,-101.707958355546,19.5623269914783
40172,40178,2022,,2022/05/05,14:29:00,COLISIÓN POR CORTE DE CIRCULACIÓN,ASFALTO,Bueno,Bueno,2,NISSAN,PLATA,2,,27,FEMENINO,SIN DATOS,0,0,Morelia,Vista Bella,mayo,jueves,14,-101.195925675947,19.6790442736003
40173,40179,2022,,2022/05/05,14:30:00,COLISIÓN POR CORTE DE CIRCULACIÓN,ASFALTO,Bueno,Bueno,2,HONDA,NEGRO/ROJO,2,,22,MASCULINO,SIN DATOS,0,0,Morelia,Molino de Parras,mayo,jueves,15,-101.203508896233,19.6977341588019
40174,40180,2022,MOR220272821,2022/05/05,14:40:00,SALIDA DE SUPERFICIE DE RODAMIENTO,ASFALTO,Bueno,Bueno,1,TOYOTA,PLATINO,1,,48,MASCULINO,ALIENTO ETÍLICO,0,0,Morelia,Centro,mayo,jueves,15,-101.18754847,19.7028479949991
40176,40182,2022,,2022/05/05,21:25:00,COLISIÓN POR CAMBIO DE CARRIL,CONCRETO,Bueno,Bueno,2,VOLSKWAGEN,ROJO,2,MINISTERIO PÚBLICO,21,MASCULINO,SIN DATOS,0,0,Morelia,La Aldea,mayo,jueves,21,-101.135663645255,19.7450724546328
40177,40183,2022,,2022/05/06,"00:00:00",COLISIÓN POR CORTE DE CIRCULACIÓN,ASFALTO,Bueno,Bueno,2,HONDA,NARANJA/BLANCO,2,,29,MASCULINO,SIN DATOS,0,0,Morelia,Eduardo Ruiz,mayo,viernes,0,-101.222668290138,19.721549893797
40179,40185,2022,,2022/05/06,"08:30:00",COLISIÓN POR CORTE DE CIRCULACIÓN,CONCRETO,Bueno,Bueno,2,HYUNDAI,ROJO,2,,41,MASCULINO,SIN DATOS,0,0,Morelia,Felix Ireta,mayo,viernes,9,-101.188582604864,19.6860148664875
40180,40186,2022,,2022/05/06,"09:40:00",COLISIÓN POR ALCANCE,CONCRETO,Bueno,Bueno,3,PONTIAC,GUINDA,3,,50,MASCULINO,SIN DATOS,0,0,Morelia,Chapultepec Sur,mayo,viernes,10,-101.17196611,19.6914401899992
40181,40187,2022,,2022/05/06,14:10:00,COLISIÓN POR ALCANCE,ASFALTO,Bueno,Bueno,3,NISSAN,BLANCO,3,,26,MASCULINO,SIN DATOS,0,0,Morelia,Sin datos,mayo,viernes,14,-101.151932708241,19.6831582940543
40182,40188,2022,,2022/05/06,14:30:00,COLISIÓN POR ALCANCE,ASFALTO,Bueno,Bueno,2,HONDA,BLANCO,2,,63,MASCULINO,SIN DATOS,0,0,Morelia,Rinconada del Valle,mayo,viernes,15,-101.218648329377,19.6783038624647
40183,40189,2022,,2022/05/06,14:50:00,COLISIÓN POR CAMBIO DE CARRIL,ASFALTO,Bueno,Bueno,2,TOYOTA,BLANCO/GRIS,2,,41,MASCULINO,SIN DATOS,0,0,Morelia,Las Americas,mayo,viernes,15,-101.153629540729,19.6874329385021
40184,40190,2022,,2022/05/06,15:00:00,COLISIÓN POR INVASIÓN DE CARRIL,ASFALTO,Bueno,Bueno,2,INTERNACIONAL,BLANCO/CAFE,2,,65,MASCULINO,SIN DATOS,0,0,Morelia,Jose Ma Pino Suarez,mayo,viernes,15,-101.164624220266,19.7258440553683
40185,40191,2022,,2022/05/06,15:00:00,COLISIÓN POR CORTE DE CIRCULACIÓN,ASFALTO,Bueno,Bueno,2,NISSAN,AZUL,2,,30,MASCULINO,SIN DATOS,0,0,Morelia,Tenencia Morelos,mayo,viernes,15,-101.247301392925,19.6492531806025
40186,40192,2022,,2022/05/06,15:10:00,COLISIÓN POR INVASIÓN DE CARRIL,ASFALTO,Bueno,Bueno,2,BMW,BLANCO/ AZUL,3,MINISTERIO PÚBLICO,,MASCULINO,SIN DATOS,1,0,Morelia,Montaña Monarca,mayo,viernes,15,-101.159631288185,19.6706465456474
40187,40193,2022,,2022/05/06,18:00:00,COLISIÓN POR CORTE DE CIRCULACIÓN,CONCRETO,Bueno,Bueno,2,VOLKSWAGEN,PLATA,2,,73,MASCULINO,SIN DATOS,0,0,Cuitzeo,Centro,mayo,viernes,18,-101.140792884611,19.9720971363385
40188,40194,2022,LEG42956,2022/05/06,18:20:00,COLISIÓN POR CAMBIO DE CARRIL,ASFALTO,Bueno,Bueno,2,FORD,ROJO,2,,35,MASCULINO,SIN DATOS,0,0,Morelia,El Lago 2,mayo,viernes,18,-101.214571036398,19.7266795079675
40189,40195,2022,,2022/05/06,19:00:00,COLISIÓN POR CORTE DE CIRCULACIÓN,ASFALTO,Bueno,Bueno,2,PULSAR,NEGRO,2,MINISTERIO PÚBLICO,28,MASCULINO,SIN DATOS,0,0,Morelia,Tierra Y Libertad,mayo,viernes,19,-101.223276785828,19.7168377660453
40190,40196,2022,,2022/05/06,20:50:00,COLISIÓN CON PEATÓN,ASFALTO,Bueno,Bueno,1,FORD,BLANCO/AZUL,1,MINISTERIO PÚBLICO,,,,1,0,Morelia,Loma Real,mayo,viernes,21,-101.195237338543,19.7313028940654
40191,40197,2022,,2022/05/06,21:00:00,COLISIÓN CONTRA OBJETO FIJO,ASFALTO,Bueno,Bueno,2,MITSUBISHI,GRIS,2,MINISTERIO PÚBLICO,67,MASCULINO,SIN DATOS,0,0,Morelia,Villa Magna,mayo,viernes,21,-101.326240358712,19.6747822992867
40192,40198,2022,,2022/05/06,21:00:00,COLISIÓN POR CAMBIO DE CARRIL,ASFALTO,Bueno,Bueno,2,HYUNDAI,GRIS,2,MINISTERIO PÚBLICO,32,FEMENINO,SIN DATOS,0,0,Morelia,Nueva Valladolid,mayo,viernes,21,-101.211607530713,19.7008312755041
40193,40199,2022,,2022/05/07,"00:10:00",COLISIÓN CONTRA OBJETO FIJO,ASFALTO,Bueno,Bueno,3,CHEVROLET,BLANCO,3,,44,MASCULINO,CON CERTIFICADO,0,0,Morelia,Los Pinos de Michoacan,mayo,sábado,0,-101.215229488231,19.6853485071983
40194,40200,2022,,2022/05/07,"03:20:00",COLISIÓN POR CORTE DE CIRCULACIÓN,ASFALTO,Bueno,Bueno,3,NISSAN,ARENA,3,,31,FEMENINO,SIN DATOS,0,0,Morelia,Chapultepec Norte,mayo,sábado,3,-101.173362887718,19.6937431762739
40195,40201,2022,,2022/05/07,"03:55:00",COLISIÓN CONTRA OBJETO FIJO,ASFALTO,Bueno,Bueno,1,NISSAN,VERDE,1,,30,MASCULINO,SIN DATOS,0,0,Morelia,Quinceo,mayo,sábado,4,-101.228486702524,19.7286632994688
40196,40202,2022,MOR 220027057,2022/05/07,"08:40:00",COLISIÓN POR CORTE DE CIRCULACIÓN,ASFALTO,Bueno,Bueno,3,BAJAJ,ROJO/NEGRO,3,MINISTERIO PÚBLICO,33,MASCULINO,SIN DATOS,0,0,Morelia,Villas de La Esperanza,mayo,sábado,9,-101.275118582629,19.6927741393767
40197,40203,2022,LEG42967,2022/05/07,"09:00:00",COLISIÓN POR ALCANCE,ASFALTO,Bueno,Bueno,2,DODGE,AZUL,2,,37,MASCULINO,SIN DATOS,0,0,Morelia,Avicola Benito Juarez,mayo,sábado,9,-101.279541545294,19.6913498155208
40198,40204,2022,,2022/05/07,"09:23:00",COLISIÓN POR CORTE DE CIRCULACIÓN,ASFALTO,Bueno,Bueno,2,TOYOTA,BLANCO/GRIS,2,,31,MASCULINO,SIN DATOS,0,0,Morelia,La Colina,mayo,sábado,9,-101.216135404326,19.7122145353583
40199,40205,2022,MOR220277212,2022/05/07,"09:55:00",CAIDA DE MOTOCICLETA,ASFALTO,Bueno,Regular,1,TRIUMPH,NEGRO,1,,18,MASCULINO,SIN DATOS,0,0,Morelia,Comision Federal de Electricidad,mayo,sábado,10,-101.176207126543,19.6868268080872
40200,40206,2022,,2022/05/07,10:00:00,COLISIÓN CONTRA OBJETO FIJO,ASFALTO,Bueno,Bueno,1,KIA,BLANCO,0,MINISTERIO PÚBLICO,,,,0,0,Charapan,Sin datos,mayo,sábado,10,-102.224345085859,19.6465541577662
40201,40207,2022,,2022/05/07,12:51:00,COLISIÓN POR CAMBIO DE CARRIL,ASFALTO,Bueno,Bueno,2,INTERNATIONAL,AMARILLO/ROJO,2,,42,MASCULINO,SIN DATOS,0,0,Morelia,Centro,mayo,sábado,13,-101.192214092746,19.7009767905297
40202,40208,2022,MOR220277936,2022/05/07,13:40:00,COLISIÓN POR CAMBIO DE CARRIL,CONCRETO,Bueno,Bueno,2,FORD,ROJO,2,MINISTERIO PÚBLICO,72,MASCULINO,SIN DATOS,0,0,Morelia,Los Pinos de Michoacan,mayo,sábado,14,-101.215675070204,19.6844292400652
40203,40209,2022,,2022/05/07,15:45:00,COLISIÓN POR ALCANCE,ASFALTO,Bueno,Bueno,2,NISSAN,TURQUESA,2,,22,MASCULINO,SIN DATOS,0,0,Morelia,Ejidal Ocolusen,mayo,sábado,16,-101.153429076076,19.6873410476594
40204,40210,2022,,2022/05/07,17:00:00,CAIDA DE MOTOCICLETA,ASFALTO,Bueno,Bueno,1,ITALIKA,NEGRO/ROJO,1,,17,FEMENINO,SIN DATOS,0,0,Morelia,Centro,mayo,sábado,17,-101.200119233265,19.6983568685133
40205,40211,2022,,2022/05/07,17:15:00,COLISIÓN POR CORTE DE CIRCULACIÓN,ASFALTO,Bueno,Bueno,2,VOLKSWAGEN,ROJO,2,,36,MASCULINO,SIN DATOS,0,0,Morelia,Vasco de Quiroga,mayo,sábado,17,-101.169107959353,19.7023337957063
40206,40212,2022,MOR220278262,2022/05/07,17:55:00,COLISIÓN POR CORTE DE CIRCULACIÓN,CONCRETO,Bueno,Regular,2,ITALIKA,ROJO/NEGRO,2,,25,MASCULINO,SIN DATOS,0,0,Morelia,Lomas de Santa Maria,mayo,sábado,18,-101.185579679228,19.673855394621