fid,id_accidente,anio_origen,folio_c5i,dia_incidente,hora_ocurrencia,tipo_incidente_vial,superficie_ocurrencia,condiciones_climaticas,condiciones_via,numero_vehiculos_involucrados,marca_vehiculo_ocasiona_siniestro,color_vehiculo_ocasiona_siniestro,numero_personas_involucradas,lugar_remite_presunto_responsable,edad_presunto_responsable,sexo_presunto_responsable,resultados_toxicologia,numero_personas_lesionadas,numero_personas_fallecidas,municipio,colonia,mes,dia_semana,hora_redondeada,lon,lat
40207,40213,2022,,2022/05/07,18:55:00,COLISIÓN POR CAMBIO DE CARRIL,CONCRETO,Bueno,Bueno,2,NISSAN,GRIS,2,,56,MASCULINO,SIN DATOS,0,0,Morelia,Ejidal Ocolusen,mayo,sábado,19,-101.152360185303,19.6845163399332
40208,40214,2022,,2022/05/07,19:15:00,COLISIÓN POR ALCANCE,ASFALTO,Bueno,Bueno,2,NISSAN,AZUL,2,,32,MASCULINO,SIN DATOS,0,0,Morelia,Rafael Carrillo,mayo,sábado,19,-101.236565211282,19.7076943557797
40209,40215,2022,,2022/05/07,20:05:00,VOLCADURA,ASFALTO,Bueno,Bueno,1,CHEVROLET,BLANCO,6,,,,SIN DATOS,5,0,Tarímbaro,Sin datos,mayo,sábado,20,-101.162257871854,19.7647864070865
40210,40216,2022,,2022/05/07,21:00:00,COLISIÓN CON PEATÓN,ASFALTO,Bueno,Bueno,1,FORD,GRIS,0,MINISTERIO PÚBLICO,,,,0,0,Lázaro Cárdenas,Centro,mayo,sábado,21,-102.193182737313,17.9550760388445
40211,40217,2022,,2022/05/07,21:32:00,COLISIÓN POR ALCANCE,ASFALTO,Bueno,Bueno,2,NISSAN,NEGRO,2,,24,MASCULINO,SIN DATOS,0,0,Morelia,Felix Ireta,mayo,sábado,22,-101.180945279259,19.6846144886569
40212,40218,2022,,2022/05/07,22:40:00,COLISIÓN POR CORTE DE CIRCULACIÓN,CONCRETO,Bueno,Bueno,2,ITALIKA,AMARILLO,4,MINISTERIO PÚBLICO,24,MASCULINO,SIN DATOS,2,0,Morelia,Peña Blanca,mayo,sábado,23,-101.193682967938,19.6659755413621
40213,40219,2022,MOR2200279420,2022/05/08,"01:40:00",COLISIÓN POR ALCANCE,ASFALTO,Bueno,Bueno,2,CHEVROLET,BLANCO/ROJO,2,,32,MASCULINO,SIN DATOS,0,0,Morelia,San Pascual,mayo,domingo,2,-101.267356909811,19.695357536031
40214,40220,2022,,2022/05/08,"02:24:00",COLISIÓN POR ALCANCE,ASFALTO,Bueno,Bueno,2,VOLKSWAGEN,GRIS,2,,40,MASCULINO,SIN DATOS,0,0,Morelia,Felix Ireta,mayo,domingo,2,-101.191785000265,19.6824195301663
40215,40221,2022,MOR220582323,2022/05/08,"03:40:00",SUBIDA AL CAMELLÓN,ASFALTO,Bueno,Bueno,1,NISSAN,BLANCO,1,,26,MASCULINO,ALIENTO ETÍLICO,0,0,Morelia,Clara Cordova Moran,mayo,domingo,4,-101.182208233938,19.7363333896408
40216,40222,2022,MOR220279733,2022/05/08,"06:50:00",COLISIÓN CONTRA OBJETO FIJO,CONCRETO,Bueno,Bueno,1,VOLKSWAGEN,PLATA,1,,,,SIN DATOS,0,0,Morelia,Alfonso Garcia Robles,mayo,domingo,7,-101.18261656978,19.7187996727074
40217,40223,2022,,2022/05/08,"07:40:00",COLISIÓN CONTRA OBJETO FIJO,CONCRETO,Bueno,Bueno,2,FORD,ROJO,2,,34,MASCULINO,SIN DATOS,0,0,Morelia,El Lago 2,mayo,domingo,8,-101.210561164391,19.7232242251239
40218,40224,2022,LEG42992,2022/05/08,"09:08:00",COLISIÓN CONTRA OBJETO FIJO,ASFALTO,Bueno,Regular,1,CHEVROLET,GRIS,1,,24,MASCULINO,SIN DATOS,0,0,Morelia,Jose Ma Pino Suarez,mayo,domingo,9,-101.160822249949,19.7207268380091
40219,40225,2022,,2022/05/08,13:25:00,COLISIÓN POR CAMBIO DE CARRIL,ASFALTO,Bueno,Bueno,2,RAM 250,BLANCO,2,,39,MASCULINO,SIN DATOS,0,0,Morelia,Ana Maria Gallaga (Riviera Norte),mayo,domingo,13,-101.223941028786,19.6767898377061
40220,40226,2022,,2022/05/08,15:40:00,COLISIÓN POR CORTE DE CIRCULACIÓN,ASFALTO,Bueno,Bueno,2,CHEVROLET,BLANCO,4,MINISTERIO PÚBLICO,66,FEMENINO,SIN DATOS,2,0,Peribán,Sin datos,mayo,domingo,16,-102.451111728487,19.5470642726238
40221,40227,2022,,2022/05/08,15:50:00,COLISIÓN CON PEATÓN,CONCRETO,Bueno,Bueno,1,BMW,BLANCO,2,,61,MASCULINO,SIN DATOS,1,0,Morelia,Alberto Oviedo Mota,mayo,domingo,16,-101.197921894491,19.6835762328162
40222,40228,2022,LEG42993,2022/05/08,17:42:00,COLISIÓN POR INVASIÓN DE CARRIL,ASFALTO,Bueno,Bueno,3,VOLKSWAGEN,BLANCO,3,MINISTERIO PÚBLICO,0,MASCULINO,SIN DATOS,0,0,Charo,San Juan,mayo,domingo,18,-101.044435501099,19.7441588571721
40223,40229,2022,,2022/05/08,18:30:00,COLISIÓN POR CORTE DE CIRCULACIÓN,ASFALTO,Bueno,Bueno,2,SEAT/LEON,NEGRO,2,,49,MASCULINO,SIN DATOS,0,0,Morelia,Felix Ireta,mayo,domingo,19,-101.180242449045,19.6879356581483
40224,40230,2022,MOR 220277057,2022/05/08,18:45:00,COLISIÓN POR ALCANCE,ASFALTO,Bueno,Regular,2,CRYSLER,BLANCO,2,,58,MASCULINO,SIN DATOS,0,0,Morelia,Jardines de Guadalupe,mayo,domingo,19,-101.226962506771,19.7116059450701
40225,40231,2022,MOR 220279255,2022/05/08,21:25:00,COLISIÓN POR MANIOBRA DE REVERSA,TERRACERIA,Bueno,Malo,2,GMC,NEGRO,2,,59,MASCULINO,CON CERTIFICADO,0,0,Morelia,Puebla,mayo,domingo,21,-101.200440763071,19.74657016045
40226,40232,2022,,2022/05/08,23:09:00,COLISIÓN POR INVASIÓN DE CARRIL,ASFALTO,Bueno,Bueno,2,DODGE,ROJO,2,,31,MASCULINO,SIN DATOS,0,0,Morelia,Nueva Esperanza,mayo,domingo,23,-101.251060447909,19.6886792279469
40227,40233,2022,,2022/05/09,"00:30:00",COLISIÓN POR INVASIÓN DE CARRIL,CONCRETO,Bueno,Bueno,2,ITALIKA,NEGRO,3,MINISTERIO PÚBLICO,29,MASCULINO,SIN DATOS,1,0,Pátzcuaro,Michoacan Seccion-B,mayo,lunes,1,-101.597839532926,19.5118715608026
40228,40234,2022,,2022/05/09,"03:50:00",COLISIÓN CONTRA OBJETO FIJO,ASFALTO,Bueno,Bueno,1,FORD,BLANCO,0,MINISTERIO PÚBLICO,,,,0,0,Morelia,Arcos del Valle,mayo,lunes,4,-101.236247003757,19.7076220747948
40229,40235,2022,"220282778",2022/05/09,"08:00:00",COLISIÓN CONTRA OBJETO FIJO,ASFALTO,Bueno,Bueno,1,VOLKSWAGEN,BLANCO,1,,33,FEMENINO,SIN DATOS,0,0,Morelia,Diego Rivera,mayo,lunes,8,-101.177715777673,19.7194892623881
40230,40236,2022,,2022/05/09,"09:00:00",COLISIÓN POR CORTE DE CIRCULACIÓN,ASFALTO,Bueno,Bueno,2,NISSAN,GRIS,2,,46,MASCULINO,SIN DATOS,0,0,Morelia,Clara Cordova Moran,mayo,lunes,9,-101.181711641348,19.7345365875832
40231,40237,2022,MOR220282833,2022/05/09,"09:30:00",COLISIÓN POR ALCANCE,ASFALTO,Bueno,Bueno,2,VOSLKWAGEN,NEGRO,2,,52,MASCULINO,SIN DATOS,0,0,Morelia,Ana Maria Gallaga (Riviera Norte),mayo,lunes,10,-101.221836774863,19.6768040441315
40233,40239,2022,,2022/05/09,14:15:00,COLISIÓN POR CORTE DE CIRCULACIÓN,ASFALTO,Bueno,Bueno,2,FORD,BLANCO,2,,37,MASCULINO,SIN DATOS,0,0,Morelia,Alberto Oviedo Mota,mayo,lunes,14,-101.195741990075,19.6815255013558
40234,40240,2022,,2022/05/09,15:30:00,COLISIÓN CON PEATÓN,ASFALTO,Bueno,Bueno,1,NISSAN,PLATA,2,,42,MASCULINO,SIN DATOS,1,0,Morelia,Aquiles Serdan,mayo,lunes,16,-101.168853488242,19.7232343016261
40235,40241,2022,,2022/05/09,15:40:00,COLISIÓN POR ALCANCE,ASFALTO,Bueno,Bueno,2,TOYOTA,BLANCO/ROSA,2,,27,MASCULINO,SIN DATOS,0,0,Morelia,Centro,mayo,lunes,16,-101.189215840266,19.7069613579316
40236,40242,2022,,2022/05/09,16:12:00,COLISIÓN POR CAMBIO DE CARRIL,ASFALTO,Bueno,Bueno,2,ISUZU,ROJO,2,,46,MASCULINO,SIN DATOS,0,0,Morelia,Nicolaitas Ilustres,mayo,lunes,16,-101.224710761822,19.7246690376499
40237,40243,2022,MOR220283820,2022/05/09,16:20:00,COLISIÓN POR CORTE DE CIRCULACIÓN,CONCRETO,Bueno,Regular,2,NISSAN,GRIS,2,MINISTERIO PÚBLICO,19,FEMENINO,SIN DATOS,0,0,Morelia,Molino de Parras,mayo,lunes,16,-101.202697171404,19.6985648855759
40238,40244,2022,MOR220284530,2022/05/09,16:30:00,COLISIÓN POR ALCANCE,ASFALTO,Bueno,Bueno,2,NISSAN,BLANCO,2,,25,MASCULINO,SIN DATOS,0,0,Morelia,Nicolaitas Ilustres,mayo,lunes,17,-101.227809705,19.7208816349992
40239,40245,2022,,2022/05/09,17:20:00,COLISIÓN POR CORTE DE CIRCULACIÓN,CONCRETO,Bueno,Bueno,2,VOLKSWAGEN,NEGRO,2,,31,MASCULINO,SIN DATOS,0,0,Morelia,Villa Universidad,mayo,lunes,17,-101.198526366867,19.6870259724449
40240,40246,2022,,2022/05/09,17:28:00,COLISIÓN POR CORTE DE CIRCULACIÓN,ASFALTO,Bueno,Bueno,2,CHEVROLET,BLANCO,2,,46,MASCULINO,SIN DATOS,0,0,Morelia,Valle de Altozano,mayo,lunes,17,-101.164805299845,19.6654533115045
40241,40247,2022,,2022/05/09,17:50:00,COLISIÓN POR ALCANCE,CONCRETO,Bueno,Bueno,2,NISSAN,BLANCO,2,,26,MASCULINO,SIN DATOS,0,0,Morelia,Isaac Arriaga,mayo,lunes,18,-101.167630671766,19.7114769098606
40242,40248,2022,LEG43008,2022/05/09,18:00:00,COLISIÓN POR CAMBIO DE CARRIL,ASFALTO,Bueno,Bueno,2,VOLKSWAGEN,BLANCO,2,,56,MASCULINO,SIN DATOS,0,0,Morelia,La Loma,mayo,lunes,18,-101.181461817848,19.6798479498
40243,40249,2022,MOR220284126,2022/05/09,19:10:00,COLISIÓN POR CORTE DE CIRCULACIÓN,ASFALTO,Bueno,Regular,2,ITALIKA,NEGRO/VERDE,3,,45,MASCULINO,SIN DATOS,1,0,Morelia,Prados Verdes,mayo,lunes,19,-101.19653281,19.7170003449991
40244,40250,2022,,2022/05/09,20:25:00,SUBIDA AL CAMELLÓN,ASFALTO,Bueno,Bueno,1,DATSUN,NEGRO,1,,52,MASCULINO,SIN DATOS,0,0,Morelia,Los Pinos de Michoacan,mayo,lunes,20,-101.213164965553,19.6845064946218
40245,40251,2022,,2022/05/09,21:22:00,COLISIÓN CON PEATÓN,ASFALTO,Bueno,Bueno,1,S/D,S/D,2,,,,SIN DATOS,1,0,Morelia,El Realito,mayo,lunes,21,-101.204291135073,19.7257278852503
40246,40252,2022,,2022/05/09,23:30:00,COLISIÓN POR MANIOBRA DE REVERSA,CONCRETO,Bueno,Bueno,2,FORD,BLANCO,2,,33,MASCULINO,SIN DATOS,0,0,Morelia,Villas Oriente,mayo,lunes,0,-101.146834499456,19.7574657814971
40247,40253,2022,,2022/05/10,"07:20:00",VOLCADURA,ASFALTO,Bueno,Bueno,1,VOLKSWAGEN,GRIS,1,,25,MASCULINO,SIN DATOS,0,0,Morelia,Vista Bella,mayo,martes,7,-101.195883750915,19.6796106478367
40248,40254,2022,,2022/05/10,12:30:00,COLISIÓN POR ALCANCE,ASFALTO,Bueno,Bueno,2,NISSAN,BLANCO,2,,34,MASCULINO,SIN DATOS,0,0,Morelia,Josefa Ortiz de Dominguez,mayo,martes,13,-101.2098929286,19.6722109120349
40249,40255,2022,LEG43030,2022/05/10,13:26:00,COLISIÓN POR CORTE DE CIRCULACIÓN,CONCRETO,Bueno,Regular,2,CHEVROLET,BLANCO Y AZUL,2,,47,MASCULINO,SIN DATOS,0,0,Morelia,Trincheras de Morelos,mayo,martes,13,-101.188764497638,19.663079849322
40250,40256,2022,,2022/05/10,13:40:00,COLISIÓN POR ALCANCE,ASFALTO,Bueno,Bueno,2,NISSAN,PLATA,2,,34,FEMENINO,SIN DATOS,0,0,Morelia,Felix Arreguin,mayo,martes,14,-101.227897256613,19.7191480831434
40251,40257,2022,,2022/05/10,14:00:00,COLISIÓN POR ALCANCE,ASFALTO,Bueno,Bueno,2,CHRYSLER,BLANCO,2,,35,FEMENINO,SIN DATOS,0,0,Morelia,Americas Britania,mayo,martes,14,-101.149239496065,19.6946529487375
40252,40258,2022,,2022/05/10,15:30:00,COLISIÓN POR ALCANCE,ASFALTO,Bueno,Bueno,2,FORD,ROJO,2,MINISTERIO PÚBLICO,47,,SIN DATOS,0,0,Morelia,Union,mayo,martes,16,-101.159321858801,19.7130471324705
40253,40259,2022,,2022/05/10,15:50:00,COLISIÓN POR CORTE DE CIRCULACIÓN,CONCRETO,Bueno,Bueno,2,MB,NEGRO,2,,22,MASCULINO,SIN DATOS,0,0,Morelia,Vasco de Quiroga,mayo,martes,16,-101.174055933952,19.6990759308892
40254,40260,2022,,2022/05/10,17:40:00,COLISIÓN POR CORTE DE CIRCULACIÓN,ASFALTO,Bueno,Bueno,2,KURAZAI,NEGRO Y ROJO,2,,41,MASCULINO,SIN DATOS,0,0,Morelia,Guadalupe,mayo,martes,18,-101.219285018742,19.7103021021582
40255,40261,2022,,2022/05/10,18:00:00,COLISIÓN POR CAMBIO DE CARRIL,ASFALTO,Bueno,Bueno,2,TOYOTA,VERDE,2,,36,MASCULINO,SIN DATOS,0,0,Morelia,Bosques de Oriente,mayo,martes,18,-101.156194067803,19.7151460659628
40256,40262,2022,,2022/05/10,18:15:00,COLISIÓN POR CORTE DE CIRCULACIÓN,ASFALTO,Bueno,Bueno,2,TOYOTA,BLANCO/ROSA,2,,54,,SIN DATOS,0,0,Morelia,Juarez,mayo,martes,18,-101.200197078288,19.6954704855045
40257,40263,2022,,2022/05/10,19:45:00,COLISIÓN POR CORTE DE CIRCULACIÓN,ASFALTO,Bueno,Bueno,2,CHEVROLET/TRAX,PLATA,2,,45,FEMENINO,SIN DATOS,0,0,Morelia,Vista Bella,mayo,martes,20,-101.197599694133,19.67774160802
40258,40264,2022,MOR220284809,2022/05/10,22:35:00,COLISIÓN CONTRA OBJETO FIJO,ASFALTO,Bueno,Bueno,1,CHEVROLET,ROJO,0,,,,,0,0,Morelia,Sin datos,mayo,martes,23,-101.193944483317,19.6128191228293
40259,40265,2022,LEG43031,2022/05/10,23:00:00,COLISIÓN POR CORTE DE CIRCULACIÓN,ASFALTO,Bueno,Bueno,2,CHEVROLET,GRIS,2,,36,MASCULINO,SIN DATOS,0,0,Morelia,Industrial,mayo,martes,23,-101.191499680281,19.71023487248
40260,40266,2022,,2022/05/11,"03:45:00",VOLCADURA,ASFALTO,Bueno,Bueno,1,CHEVROLET,PLATA,0,,,,,0,0,Peribán,Sin datos,mayo,miércoles,4,-102.446358793162,19.5541933708592
40262,40268,2022,,2022/05/11,13:23:00,COLISIÓN POR CORTE DE CIRCULACIÓN,ASFALTO,Bueno,Bueno,2,NISSAN,BLANCO Y  NARANJA,2,,42,MASCULINO,SIN DATOS,0,0,Morelia,Cuauhtemoc,mayo,miércoles,13,-101.18254498,19.6966379399991
40263,40269,2022,,2022/05/11,13:30:00,COLISIÓN POR CORTE DE CIRCULACIÓN,ASFALTO,Bueno,Bueno,2,FORD,AZUL,2,,26,MASCULINO,SIN DATOS,0,0,Morelia,Chapultepec Sur,mayo,miércoles,14,-101.171596915,19.6909445849991
40264,40270,2022,,2022/05/11,13:55:00,COLISIÓN POR ALCANCE,ASFALTO,Bueno,Bueno,3,NISSAN,NEGRO,3,MINISTERIO PÚBLICO,,,SIN DATOS,0,0,Hidalgo,Centro,mayo,miércoles,14,-100.553271,19.691029
40265,40271,2022,,2022/05/11,14:16:00,COLISIÓN POR ALCANCE,ASFALTO,Bueno,Bueno,2,VOLKSWAGEN,GRIS,2,,49,MASCULINO,SIN DATOS,0,0,Morelia,Ciudad Industrial,mayo,miércoles,14,-101.14554366932,19.7284851395985
40266,40272,2022,MOR220289056,2022/05/11,14:35:00,COLISIÓN POR CAMBIO DE CARRIL,ASFALTO,Bueno,Bueno,2,INTERNATIONAL,VERDE,2,MINISTERIO PÚBLICO,38,MASCULINO,SIN DATOS,0,0,Morelia,Dr Miguel Silva,mayo,miércoles,15,-101.182449175551,19.7164586780383
40267,40273,2022,MOR220288305,2022/05/11,14:55:00,COLISIÓN POR CORTE DE CIRCULACIÓN,ASFALTO,Bueno,Bueno,2,S/D,S/D,2,MINISTERIO PÚBLICO,37,MASCULINO,SIN DATOS,1,0,Morelia,Vista Bella,mayo,miércoles,15,-101.195925675947,19.6790442736003
40268,40274,2022,MOR220288403,2022/05/11,15:55:00,COLISIÓN POR CORTE DE CIRCULACIÓN,ASFALTO,Bueno,Bueno,2,FORD,PLATINO,2,,42,MASCULINO,SIN DATOS,0,0,Morelia,Lomas del Valle,mayo,miércoles,16,-101.230037015,19.6880963799991
40269,40275,2022,,2022/05/11,18:30:00,COLISIÓN POR CORTE DE CIRCULACIÓN,ASFALTO,Bueno,Bueno,2,FORD,BLANCO,2,,28,MASCULINO,SIN DATOS,0,0,Morelia,Nicolaitas Ilustres,mayo,miércoles,19,-101.225908725,19.7242452999992
40270,40276,2022,,2022/05/11,20:30:00,COLISIÓN POR CORTE DE CIRCULACIÓN,ASFALTO,Bueno,Bueno,2,HYUNDAI,GUINDA,2,,28,MASCULINO,SIN DATOS,0,0,Morelia,Centro,mayo,miércoles,21,-101.190930046141,19.7069513148783
40271,40277,2022,,2022/05/11,20:40:00,COLISIÓN CONTRA OBJETO FIJO,CONCRETO,Bueno,Bueno,1,CHEVROLET,ROJO,0,,,,,0,0,Morelia,Emiliano Zapata,mayo,miércoles,21,-101.235461421311,19.6505073162266
40272,40278,2022,LEG43056,2022/05/12,"08:04:00",COLISIÓN POR CORTE DE CIRCULACIÓN,ASFALTO,Bueno,Bueno,2,MAZDA,ROJO,2,,0,FEMENINO,SIN DATOS,0,0,Morelia,Torremolinos,mayo,jueves,8,-101.223370327867,19.6808246988902
40273,40279,2022,,2022/05/12,"08:10:00",COLISIÓN POR CAMBIO DE CARRIL,ASFALTO,Bueno,Bueno,2,TOYOTA,BLANCO Y NARANJA,2,,45,MASCULINO,SIN DATOS,0,0,Morelia,Nueva Jacarndas,mayo,jueves,8,-101.191648494512,19.6821387685254
40274,40280,2022,,2022/05/12,"09:00:00",COLISIÓN POR CORTE DE CIRCULACIÓN,ASFALTO,Bueno,Bueno,2,FORD,GRIS,2,MINISTERIO PÚBLICO,,MASCULINO,SIN DATOS,0,0,Lázaro Cárdenas,Jose Green,mayo,jueves,9,-102.202652215269,17.9674106491188
40275,40281,2022,,2022/05/12,"09:30:00",COLISIÓN POR CORTE DE CIRCULACIÓN,ASFALTO,Bueno,Bueno,2,NISSAN,AZUL,2,,40,MASCULINO,SIN DATOS,0,0,Morelia,Felix Ireta,mayo,jueves,10,-101.188582604864,19.6860148664875
40276,40282,2022,MOR220290057,2022/05/12,10:20:00,COLISIÓN POR INVASIÓN DE CARRIL,ASFALTO,Bueno,Bueno,2,FORD,GRIS,2,,27,MASCULINO,SIN DATOS,0,0,Morelia,Sin datos,mayo,jueves,10,-101.114525310695,19.7368082520652
40278,40284,2022,,2022/05/12,11:30:00,COLISIÓN POR CORTE DE CIRCULACIÓN,ASFALTO,Bueno,Bueno,1,NISSAN,NEGRO,1,,28,,SIN DATOS,0,0,Morelia,Loma Bonita,mayo,jueves,12,-101.190957522864,19.6570761275094
40279,40285,2022,MOR220290228,2022/05/12,12:00:00,COLISIÓN POR ALCANCE,ASFALTO,Bueno,Bueno,2,CHEVROLET,GUINDA,2,,20,MASCULINO,SIN DATOS,0,0,Morelia,Vicente Guerrero,mayo,jueves,12,-101.229017749429,19.7036825252037
40280,40286,2022,LEG43058,2022/05/12,13:55:00,COLISIÓN POR ALCANCE,CONCRETO,Bueno,Bueno,2,DODGE,ROJO,2,,0,MASCULINO,SIN DATOS,0,0,Morelia,Alberto Oviedo Mota,mayo,jueves,14,-101.195736534205,19.6815256161457
40281,40287,2022,,2022/05/12,14:00:00,COLISIÓN POR ALCANCE,ASFALTO,Bueno,Bueno,2,NISSAN,PLATA,2,,33,MASCULINO,SIN DATOS,0,0,Morelia,Loma Bonita,mayo,jueves,14,-101.196560002863,19.7229180288882
40282,40288,2022,MOR220290585,2022/05/12,15:00:00,COLISIÓN POR CAMBIO DE CARRIL,CONCRETO,Bueno,Bueno,2,KENWORTH,BLANCO,2,,43,MASCULINO,SIN DATOS,0,0,Morelia,Tzindurio Norte,mayo,jueves,15,-101.244820319116,19.7037443629811
40283,40289,2022,,2022/05/12,15:45:00,COLISIÓN POR CORTE DE CIRCULACIÓN,CONCRETO,Bueno,Bueno,2,NISSAN/URVAN,BLANCO VERDE,2,,48,MASCULINO,SIN DATOS,0,0,Morelia,Centro,mayo,jueves,16,-101.187864311718,19.6958394647026
40284,40290,2022,,2022/05/12,17:00:00,COLISIÓN POR CAMBIO DE CARRIL,CONCRETO,Bueno,Bueno,2,YAMAHA,NEGRO,2,,18,MASCULINO,SIN DATOS,0,0,Morelia,Obrera,mayo,jueves,17,-101.180247508657,19.7124436527884
40285,40291,2022,,2022/05/12,18:20:00,SUBIDA AL CAMELLÓN,ASFALTO,Bueno,Bueno,1,CHEVROLET BEAT,BLANCO,1,,25,FEMENINO,SIN DATOS,0,0,Morelia,Ignacio Lopez Rayon,mayo,jueves,18,-101.255113326691,19.6896145413125
40286,40292,2022,MOR220288859,2022/05/12,19:20:00,COLISIÓN POR ALCANCE,CONCRETO,Bueno,Bueno,2,CHRYSLER,ROJO,2,MINISTERIO PÚBLICO,18,FEMENINO,SIN DATOS,0,0,Morelia,Real San Diego,mayo,jueves,19,-101.219506941058,19.6636344630075
40287,40293,2022,,2022/05/12,19:50:00,COLISIÓN POR CORTE DE CIRCULACIÓN,ASFALTO,Bueno,Bueno,2,HONDA,ROJO,2,,39,MASCULINO,SIN DATOS,0,0,Morelia,Pastor Manuel Sanchez Camarena,mayo,jueves,20,-101.199227490199,19.7371017698068
40288,40294,2022,,2022/05/12,21:30:00,COLISIÓN POR ALCANCE,ASFALTO,Bueno,Bueno,2,VOLKSWAGEN,BLANCO,2,,28,MASCULINO,SIN DATOS,0,0,Morelia,Residencial Alborada,mayo,jueves,22,-101.234585954383,19.7023508406971
40289,40295,2022,,2022/05/13,"00:00:00",COLISIÓN POR INVASIÓN DE CARRIL,ASFALTO,Bueno,Bueno,2,CHEVROLET,GUINDA,2,,,MASCULINO,SIN DATOS,0,0,Morelia,Dr Miguel Silva,mayo,viernes,0,-101.187927793444,19.7204887484457
40290,40296,2022,MOR220293590,2022/05/13,"00:00:00",COLISIÓN POR ALCANCE,ASFALTO,Bueno,Bueno,2,VOLKSWAGEN,VERDE,2,,29,MASCULINO,SIN DATOS,0,0,Morelia,Felix Ireta,mayo,viernes,0,-101.188582604864,19.6860148664875
40291,40297,2022,,2022/05/13,"00:15:00",COLISIÓN CONTRA OBJETO FIJO,CONCRETO,Bueno,Bueno,1,MAZDA,GUINDA,1,,20,MASCULINO,SIN DATOS,0,0,Morelia,Camelinas,mayo,viernes,0,-101.174224577844,19.6818267544911
40292,40298,2022,,2022/05/13,"04:00:00",COLISIÓN CONTRA OBJETO FIJO,ASFALTO,Bueno,Bueno,1,NISSAN,GRIS,1,,24,MASCULINO,SIN DATOS,0,0,Morelia,Dr Miguel Silva,mayo,viernes,4,-101.178459785879,19.7197467459388
40293,40299,2022,,2022/05/13,"05:00:00",VOLCADURA,ASFALTO,Bueno,Bueno,1,MITSUBISHI,ROJO,1,,0,MASCULINO,SIN DATOS,0,0,Morelia,Bosques Tres Marias,mayo,viernes,5,-101.105249195613,19.7292638488708
40294,40300,2022,MOR 220292174,2022/05/13,"07:10:00",SALIDA DE SUPERFICIE DE RODAMIENTO,ASFALTO,Bueno,Bueno,1,JEEP,BLANCO,1,,27,MASCULINO,SIN DATOS,0,0,Morelia,Sin datos,mayo,viernes,7,-101.282084584236,19.6177420864196
40295,40301,2022,,2022/05/13,10:25:00,COLISIÓN POR CAMBIO DE CARRIL,ASFALTO,Bueno,Bueno,2,TOYOTA,BLANCA/GRIS,2,,,MASCULINO,SIN DATOS,0,0,Morelia,Tierra Y Libertad,mayo,viernes,10,-101.230062134564,19.7160509250184
40296,40302,2022,,2022/05/13,10:30:00,COLISIÓN POR INVASIÓN DE CARRIL,CONCRETO,Bueno,Bueno,3,CHEVROLET,ROJO,4,MINISTERIO PÚBLICO,32,MASCULINO,SIN DATOS,1,0,Morelia,Sin datos,mayo,viernes,11,-101.125928104055,19.7642851774979
40298,40304,2022,MOR220293751,2022/05/13,18:30:00,CAIDA DE MOTOCICLETA,CONCRETO,Bueno,Bueno,1,ITALIKA,BLANCO,1,,24,MASCULINO,SIN DATOS,0,0,Morelia,Mirador del Punhuato,mayo,viernes,19,-101.157403069452,19.7043089194707
40299,40305,2022,MOR220293856,2022/05/13,18:40:00,COLISIÓN POR MANIOBRA DE REVERSA,ASFALTO,Bueno,Bueno,2,FORD,VERDE,2,MINISTERIO PÚBLICO,24,MASCULINO,SIN DATOS,0,0,Morelia,Dr Miguel Silva,mayo,viernes,19,-101.187927793444,19.7204887484457
40300,40306,2022,,2022/05/13,19:40:00,COLISIÓN POR ALCANCE,ASFALTO,Bueno,Bueno,1,ITALIKA,NEGRO,1,MINISTERIO PÚBLICO,,,SIN DATOS,0,0,Tacámbaro,Sin datos,mayo,viernes,20,-101.386014819145,19.3642404272507
40301,40307,2022,,2022/05/13,20:10:00,COLISIÓN POR ALCANCE,CONCRETO,Bueno,Bueno,2,NISSAN,BLANCO,2,,47,MASCULINO,SIN DATOS,0,0,Morelia,Ferrocarrilero,mayo,viernes,20,-101.223609235,19.6918737849991
40302,40308,2022,,2022/05/13,22:00:00,COLISIÓN CONTRA OBJETO FIJO,SIN_DATOS,Bueno,Bueno,2,CHEVROLET,BLANCO,1,,31,MASCULINO,SIN DATOS,0,0,Los Reyes,San Jose,mayo,viernes,22,-102.481885078272,19.5943293380581
40303,40309,2022,,2022/05/13,23:00:00,COLISIÓN POR ALCANCE,ASFALTO,Bueno,Bueno,2,VOLKSWAGEN,ROJO,0,,,,,0,0,Lázaro Cárdenas,El Palmar 77,mayo,viernes,23,-102.214360819623,17.9756284992955
40304,40310,2022,MOR 220294417,2022/05/13,23:00:00,COLISIÓN POR CORTE DE CIRCULACIÓN,ASFALTO,Bueno,Bueno,2,NISSAN,GRIS,2,,27,MASCULINO,SIN DATOS,0,0,Morelia,Felix Ireta,mayo,viernes,23,-101.180536851955,19.6869872588194
40306,40312,2022,LEG43076,2022/05/14,"06:18:00",VOLCADURA,ASFALTO,Bueno,Bueno,1,NISSAN,AZUL,1,,22,MASCULINO,ALIENTO ETÍLICO,0,0,Morelia,Avicola Benito Juarez,mayo,sábado,6,-101.279542459681,19.6913450230796
40308,40314,2022,,2022/05/14,"08:50:00",COLISIÓN POR CORTE DE CIRCULACIÓN,ASFALTO,Bueno,Bueno,1,AUDI,BLANCO,1,,,,SIN DATOS,0,0,Morelia,Tinijaro,mayo,sábado,9,-101.26316,19.6963297049991
40309,40315,2022,MOR220295012,2022/05/14,"09:25:00",COLISIÓN POR CORTE DE CIRCULACIÓN,ASFALTO,Bueno,Bueno,2,BAJAJ,NEGRO,2,,20,MASCULINO,SIN DATOS,0,0,Morelia,Ventura Puente,mayo,sábado,9,-101.18201901628,19.6940359695898