fid,id_accidente,anio_origen,folio_c5i,dia_incidente,hora_ocurrencia,tipo_incidente_vial,superficie_ocurrencia,condiciones_climaticas,condiciones_via,numero_vehiculos_involucrados,marca_vehiculo_ocasiona_siniestro,color_vehiculo_ocasiona_siniestro,numero_personas_involucradas,lugar_remite_presunto_responsable,edad_presunto_responsable,sexo_presunto_responsable,resultados_toxicologia,numero_personas_lesionadas,numero_personas_fallecidas,municipio,colonia,mes,dia_semana,hora_redondeada,lon,lat
40310,40316,2022,MOR220295280,2022/05/14,11:40:00,VOLCADURA,ASFALTO,Bueno,Bueno,4,HONDA,BLANCO,4,,23,MASCULINO,ALIENTO ETÍLICO,0,0,Morelia,Ventura Puente,mayo,sábado,12,-101.183325556866,19.6919523703664
40311,40317,2022,,2022/05/14,12:00:00,COLISIÓN POR ALCANCE,ASFALTO,Bueno,Bueno,2,TOYOTA,S/D,2,,60,FEMENINO,SIN DATOS,0,0,Morelia,Comision Federal de Electricidad,mayo,sábado,12,-101.177062354982,19.6816506002503
40312,40318,2022,MOR220295431,2022/05/14,12:16:00,COLISIÓN POR CORTE DE CIRCULACIÓN,CONCRETO,Bueno,Bueno,2,SUZUKI,BLANCO/NEGRO,2,MINISTERIO PÚBLICO,,MASCULINO,SIN DATOS,0,0,Morelia,Arboledas de Valladolid,mayo,sábado,12,-101.25029876151,19.6966617876817
40313,40319,2022,LEG43096,2022/05/14,12:21:00,COLISIÓN POR CORTE DE CIRCULACIÓN,ASFALTO,Bueno,Bueno,2,NISSAN,NEGRO,2,,,MASCULINO,SIN DATOS,0,0,Morelia,Cuauhtemoc,mayo,sábado,12,-101.179072640158,19.6947852115401
40314,40320,2022,MOR220295158,2022/05/14,14:20:00,COLISIÓN POR CAMBIO DE CARRIL,ASFALTO,Bueno,Bueno,2,FORD,ROJO,2,,50,MASCULINO,SIN DATOS,0,0,Morelia,Mirador del Punhuato,mayo,sábado,14,-101.157820522785,19.7037150079738
40315,40321,2022,,2022/05/14,14:50:00,COLISIÓN POR ALCANCE,ASFALTO,Bueno,Bueno,3,NISSAN,NEGRO,3,MINISTERIO PÚBLICO,,,SIN DATOS,0,0,Morelia,Ciudad Industrial,mayo,sábado,15,-101.143937469906,19.7247626285414
40316,40322,2022,,2022/05/14,15:00:00,COLISIÓN POR CAMBIO DE CARRIL,ASFALTO,Bueno,Bueno,2,NISSAN,BLANCO,2,,32,MASCULINO,SIN DATOS,0,0,Morelia,Poblado de Ocolusen,mayo,sábado,15,-101.150127649172,19.6944699261717
40317,40323,2022,,2022/05/14,15:10:00,COLISIÓN POR ALCANCE,ASFALTO,Bueno,Bueno,2,CHEVROLET,BLANCO,2,,26,MASCULINO,SIN DATOS,0,0,Morelia,Elias Perez Avalos,mayo,sábado,15,-101.167813022979,19.7136335493406
40318,40324,2022,,2022/05/14,15:40:00,COLISIÓN POR CAMBIO DE CARRIL,ASFALTO,Bueno,Bueno,2,FORD,BLANCO,2,,,MASCULINO,SIN DATOS,0,0,Morelia,Elias Perez Avalos,mayo,sábado,16,-101.167813022979,19.7136335493406
40319,40325,2022,,2022/05/14,16:15:00,SALIDA DE SUPERFICIE DE RODAMIENTO,ASFALTO,Bueno,Bueno,1,VOLKSWAGEN,AMARILLO,1,,48,MASCULINO,SIN DATOS,0,0,Morelia,Cañada del Bosque,mayo,sábado,16,-101.097469366718,19.7282996448773
40320,40326,2022,,2022/05/14,17:20:00,SALIDA DE SUPERFICIE DE RODAMIENTO,ASFALTO,Bueno,Bueno,1,NISSAN,BLANCO,1,,25,MASCULINO,SIN DATOS,0,0,Morelia,Centenario (Los Alamos Poniente),mayo,sábado,17,-101.175298467278,19.7347876096977
40321,40327,2022,,2022/05/14,17:50:00,COLISIÓN POR CAMBIO DE CARRIL,ASFALTO,Bueno,Bueno,2,YAMAHA,BLANCO,2,,27,MASCULINO,SIN DATOS,0,0,Morelia,Sin datos,mayo,sábado,18,-101.262355565347,19.6402277996724
40322,40328,2022,,2022/05/14,17:50:00,COLISIÓN POR ALCANCE,CONCRETO,Bueno,Bueno,2,INTERNACIONAL,BLANCO/NARANJA,2,,22,MASCULINO,SIN DATOS,0,0,Morelia,Tinijaro,mayo,sábado,18,-101.26316,19.6963297049991
40323,40329,2022,,2022/05/14,18:30:00,COLISIÓN POR ALCANCE,ASFALTO,Bueno,Bueno,2,NISSAN,BLANCO/CREMA,2,MINISTERIO PÚBLICO,45,MASCULINO,SIN DATOS,0,0,Morelia,Enrique Ramirez,mayo,sábado,19,-101.165651847052,19.7086881668769
40324,40330,2022,,2022/05/14,19:35:00,VOLCADURA,ASFALTO,Bueno,Bueno,1,CHRYSLER,CHAMPANGE,2,,64,MASCULINO,SIN DATOS,1,0,Morelia,Tierra Y Libertad,mayo,sábado,20,-101.229689307511,19.7166032319874
40325,40331,2022,LEG43074,2022/05/14,19:50:00,COLISIÓN POR CORTE DE CIRCULACIÓN,ASFALTO,Bueno,Bueno,2,HONDA,BLANCO,2,,34,MASCULINO,SIN DATOS,0,0,Morelia,Quinceo,mayo,sábado,20,-101.224842921578,19.7315841139148
40326,40332,2022,,2022/05/15,"02:50:00",COLISIÓN POR CORTE DE CIRCULACIÓN,ASFALTO,Bueno,Bueno,1,BAJAJ,NEGRO,1,MINISTERIO PÚBLICO,,,,1,0,Morelia,San Rafael,mayo,domingo,3,-101.152337704762,19.6999683672239
40327,40333,2022,,2022/05/15,"03:00:00",VOLCADURA,ASFALTO,Bueno,Bueno,1,FORD,GUINDA,1,,18,MASCULINO,SIN DATOS,0,0,Charo,Sin datos,mayo,domingo,3,-101.050236113369,19.68504794944
40328,40334,2022,MOR 220292154,2022/05/15,"07:40:00",COLISIÓN POR ALCANCE,ASFALTO,Bueno,Bueno,2,VOLKSWAGEN,BLANCO,2,,28,MASCULINO,ALIENTO ETÍLICO,0,0,Morelia,Lomas de Huerta,mayo,domingo,8,-101.210052245722,19.6721452161855
40329,40335,2022,,2022/05/15,"08:24:00",COLISIÓN POR INVASIÓN DE CARRIL,ASFALTO,Bueno,Bueno,2,NISSAN,BLANCO,4,MINISTERIO PÚBLICO,,,,2,2,Morelia,Sin datos,mayo,domingo,8,-101.409175389193,19.6489323756649
40330,40336,2022,MOR220298148,2022/05/15,13:40:00,COLISIÓN CONTRA OBJETO FIJO,ASFALTO,Bueno,Bueno,1,ITALIKA,BLANCO/AZUL,1,MINISTERIO PÚBLICO,19,FEMENINO,SIN DATOS,0,0,Morelia,Ciudad Industrial,mayo,domingo,14,-101.137946969404,19.7286222146177
40331,40337,2022,,2022/05/15,14:06:00,COLISIÓN POR CAMBIO DE CARRIL,ASFALTO,Bueno,Bueno,2,NISSAN,ARENA,2,,33,MASCULINO,SIN DATOS,0,0,Morelia,La Colina,mayo,domingo,14,-101.215448789299,19.7066234231329
40332,40338,2022,,2022/05/15,15:15:00,COLISIÓN POR CORTE DE CIRCULACIÓN,ASFALTO,Bueno,Bueno,2,NISSAN,NEGRO,2,,74,MASCULINO,SIN DATOS,0,0,Morelia,Eva Samano,mayo,domingo,15,-101.198595799506,19.729239548067
40333,40339,2022,,2022/05/15,16:15:00,COLISIÓN CONTRA OBJETO FIJO,ASFALTO,Bueno,Bueno,2,NISSAN,BLANCO Y ROJO,2,,58,MASCULINO,SIN DATOS,0,0,Morelia,Valle de Altozano,mayo,domingo,16,-101.164808987903,19.665450154288
40334,40340,2022,,2022/05/15,16:45:00,COLISIÓN POR ALCANCE,ASFALTO,Bueno,Bueno,5,DODGE,BLANCO,7,MINISTERIO PÚBLICO,39,MASCULINO,SIN DATOS,2,0,Morelia,Los Laureles,mayo,domingo,17,-101.232233382761,19.7137635751281
40335,40341,2022,LEG43105,2022/05/15,17:40:00,COLISIÓN POR CAMBIO DE CARRIL,ASFALTO,Bueno,Bueno,2,FORD,BLANCO,2,,64,MASCULINO,SIN DATOS,0,0,Morelia,Felix Ireta,mayo,domingo,18,-101.183452283386,19.6812596994855
40336,40342,2022,MOR220298691,2022/05/15,17:50:00,COLISIÓN POR NO RESPETAR SEMÁFORO,ASFALTO,Bueno,Bueno,2,ITALIKA,GRIS,4,MINISTERIO PÚBLICO,0,MASCULINO,SIN DATOS,2,0,Morelia,Santillan La Huerta,mayo,domingo,18,-101.220326721668,19.6748987647056
40337,40343,2022,MOR 220298945,2022/05/15,19:10:00,VOLCADURA,ASFALTO,Bueno,Bueno,1,VOLKSWAGEN,GRIS,0,,,,,0,0,Morelia,2 de Octubre,mayo,domingo,19,-101.3864550367,19.6674609667678
40338,40344,2022,,2022/05/15,19:26:00,COLISIÓN POR CAMBIO DE CARRIL,ASFALTO,Bueno,Bueno,2,NISSAN,BLANCO/AZUL/MORADO,2,,51,MASCULINO,ALIENTO ETÍLICO,0,0,Morelia,Los Manantiales de Morelia,mayo,domingo,19,-101.243013820854,19.7003988618038
40339,40345,2022,LEG43110,2022/05/15,19:40:00,COLISIÓN POR ALCANCE,ASFALTO,Bueno,Bueno,2,TOYOTA,BLANCO,2,,39,MASCULINO,SIN DATOS,0,0,Morelia,Lomas del Tecnologico,mayo,domingo,20,-101.188561289824,19.7199926948347
40340,40346,2022,,2022/05/15,22:50:00,COLISIÓN CONTRA OBJETO FIJO,ASFALTO,Bueno,Bueno,2,GMC,BLANCO,2,MINISTERIO PÚBLICO,45,FEMENINO,SIN DATOS,0,0,Morelia,Cayetano Andrade,mayo,domingo,23,-101.19370287698,19.6692513616696
40341,40347,2022,,2022/05/16,"00:40:00",COLISIÓN POR INVASIÓN DE CARRIL,ASFALTO,Bueno,Bueno,1,NISSAN,BLANCO,1,MINISTERIO PÚBLICO,,,SIN DATOS,0,0,Tacámbaro,Sin Nombre,mayo,lunes,1,-101.469096243381,19.1379661817301
40342,40348,2022,MOR220299796,2022/05/16,"01:55:00",SUBIDA AL CAMELLÓN,ASFALTO,Bueno,Bueno,1,VOSLKWAGEN,NEGRO,1,,18,MASCULINO,ALIENTO ETÍLICO,0,0,Morelia,Reforma,mayo,lunes,2,-101.241853765465,19.7058933185372
40343,40349,2022,MOR 220299874,2022/05/16,"03:30:00",VOLCADURA,CONCRETO,Bueno,Bueno,1,VOLKSWAGEN,BLANCO,1,MINISTERIO PÚBLICO,56,MASCULINO,CON CERTIFICADO,0,0,Morelia,Sentimientos de La Nacion,mayo,lunes,4,-101.233275299041,19.6782297888369
40346,40352,2022,,2022/05/16,11:00:00,COLISIÓN POR ALCANCE,CONCRETO,Bueno,Bueno,2,VOLKSWAGEN,PLATA,2,,45,FEMENINO,SIN DATOS,0,0,Morelia,Cuauhtemoc,mayo,lunes,11,-101.182606932687,19.697549348141
40348,40354,2022,,2022/05/16,11:45:00,COLISIÓN POR CAMBIO DE CARRIL,ASFALTO,Bueno,Bueno,2,KENWORTH T800B,BLANCO,2,,53,MASCULINO,SIN DATOS,0,0,Morelia,Ilustres Novohispanos,mayo,lunes,12,-101.152,19.7108
40349,40355,2022,,2022/05/16,12:40:00,COLISIÓN POR CAMBIO DE CARRIL,ASFALTO,Bueno,Bueno,2,MAZDA,ARENA,2,,69,MASCULINO,SIN DATOS,0,0,Morelia,Insurgentes,mayo,lunes,13,-101.155416805,19.6953315299991
40350,40356,2022,,2022/05/16,14:00:00,COLISIÓN CONTRA OBJETO FIJO,CONCRETO,Bueno,Bueno,2,NISSAN,BLANCO Y ROJO,2,,42,MASCULINO,SIN DATOS,0,0,Morelia,Cuauhtemoc,mayo,lunes,14,-101.184831281952,19.6974105582074
40351,40357,2022,,2022/05/16,14:15:00,COLISIÓN POR CORTE DE CIRCULACIÓN,ASFALTO,Bueno,Bueno,2,VOLKSWAGEN,PLATA,2,,30,MASCULINO,SIN DATOS,0,0,Morelia,Felix Ireta,mayo,lunes,14,-101.180629997767,19.6863927781579
40352,40358,2022,,2022/05/16,14:30:00,COLISIÓN POR CORTE DE CIRCULACIÓN,ASFALTO,Bueno,Bueno,2,VOLKSWAGEN,GRIS,2,,63,,SIN DATOS,0,0,Morelia,Las Americas,mayo,lunes,15,-101.159065128729,19.6879740086167
40353,40359,2022,MOR220300881,2022/05/16,14:40:00,COLISIÓN POR INVASIÓN DE CARRIL,ASFALTO,Bueno,Bueno,2,FIAT,GRIS,2,,29,MASCULINO,SIN DATOS,0,0,Morelia,Prados Verdes,mayo,lunes,15,-101.203418015077,19.7157545853899
40354,40360,2022,,2022/05/16,15:00:00,COLISIÓN POR CAMBIO DE CARRIL,ASFALTO,Bueno,Bueno,2,BOXER,NEGRO,3,MINISTERIO PÚBLICO,32,MASCULINO,SIN DATOS,1,0,Morelia,Centro,mayo,lunes,15,-101.200144805692,19.6991596079951
40355,40361,2022,,2022/05/16,16:00:00,COLISIÓN CONTRA OBJETO FIJO,ASFALTO,Bueno,Bueno,2,FORD,GRIS,2,,30,MASCULINO,SIN DATOS,0,0,Morelia,Arko San Antonio,mayo,lunes,16,-101.272776983678,19.6658912154887
40356,40362,2022,LEG43132,2022/05/16,16:30:00,COLISIÓN POR CAMBIO DE CARRIL,ASFALTO,Bueno,Bueno,2,TOYOTA,BLANCO Y GRIS,2,,,MASCULINO,SIN DATOS,0,0,Morelia,Barrio Alto,mayo,lunes,17,-101.197095743634,19.7253914820524
40357,40363,2022,,2022/05/16,16:30:00,COLISIÓN POR CORTE DE CIRCULACIÓN,ASFALTO,Bueno,Bueno,2,FORD,GRIS,2,MINISTERIO PÚBLICO,0,FEMENINO,SIN DATOS,0,0,Pátzcuaro,Popular Vasco de Quiroga,mayo,lunes,17,-101.603474945498,19.5028163004121
40358,40364,2022,,2022/05/16,16:30:00,COLISIÓN CON PEATÓN,ASFALTO,Bueno,Bueno,0,,,0,,,,,0,0,Pátzcuaro,Popular Vasco de Quiroga,mayo,lunes,17,-101.60344001583,19.5027638665473
40359,40365,2022,,2022/05/16,16:35:00,SALIDA DE SUPERFICIE DE RODAMIENTO,ASFALTO,Bueno,Bueno,1,SEAT,GRIS,1,,62,FEMENINO,SIN DATOS,0,0,Morelia,Bosques Tres Marias,mayo,lunes,17,-101.105250536717,19.7292613241122
40360,40366,2022,,2022/05/16,17:22:00,COLISIÓN POR CAMBIO DE CARRIL,ASFALTO,Bueno,Bueno,2,NISSAN,BLANCO,2,MINISTERIO PÚBLICO,27,MASCULINO,SIN DATOS,0,0,Morelia,Primo Tapia,mayo,lunes,17,-101.211844875741,19.7090967266771
40361,40367,2022,LEG43131,2022/05/16,17:40:00,COLISIÓN POR ALCANCE,ASFALTO,Bueno,Bueno,2,MITSUBISHI,BLANCO,2,,52,MASCULINO,SIN DATOS,0,0,Morelia,Primo Tapia Oriente,mayo,lunes,18,-101.160295256839,19.7126027579379
40362,40368,2022,,2022/05/16,18:00:00,COLISIÓN POR ALCANCE,ASFALTO,Bueno,Bueno,2,ITALIKA,VERDE,2,,26,MASCULINO,SIN DATOS,0,0,Morelia,Tinijaro,mayo,lunes,18,-101.263767778873,19.6963363427341
40363,40369,2022,LEG43135,2022/05/16,18:40:00,COLISIÓN POR ALCANCE,ASFALTO,Bueno,Bueno,3,TOYOTA,BLANCO,3,,,FEMENINO,SIN DATOS,0,0,Morelia,Sin datos,mayo,lunes,19,-101.11446593634,19.7368079364853
40364,40370,2022,,2022/05/16,23:00:00,COLISIÓN POR CAMBIO DE CARRIL,ASFALTO,Bueno,Bueno,2,FREIGHTLINER,ROJO,2,,57,MASCULINO,ALIENTO ETÍLICO,0,0,Morelia,Los Manantiales de Morelia,mayo,lunes,23,-101.242898790672,19.6992199266433
40365,40371,2022,,2022/05/16,23:20:00,SALIDA DE SUPERFICIE DE RODAMIENTO,ASFALTO,Bueno,Bueno,1,FREIGHTLINER,BLANCO,1,,33,MASCULINO,SIN DATOS,0,0,Morelia,Isaac Arriaga,mayo,lunes,23,-101.173183240675,19.7089228405757
40366,40372,2022,,2022/05/16,23:45:00,COLISIÓN POR CORTE DE CIRCULACIÓN,ASFALTO,Bueno,Bueno,3,HONDA,ARENA,3,MINISTERIO PÚBLICO,23,MASCULINO,SIN DATOS,0,0,Morelia,Ciudad Industrial,mayo,lunes,0,-101.137942671776,19.7286168781657
40367,40373,2022,MOR220302741,2022/05/17,12:05:00,COLISIÓN CONTRA OBJETO FIJO,CONCRETO,Bueno,Bueno,3,FORD,BLANCO,3,,37,MASCULINO,SIN DATOS,0,0,Morelia,Centro,mayo,martes,12,-101.196944625532,19.7002738636378
40368,40374,2022,,2022/05/17,13:30:00,COLISIÓN POR ALCANCE,ASFALTO,Bueno,Bueno,2,NISSAN,NARANJA,2,,58,MASCULINO,SIN DATOS,0,0,Peribán,Sin datos,mayo,martes,14,-102.443577982485,19.5511577698451
40369,40375,2022,,2022/05/17,14:04:00,COLISIÓN POR ALCANCE,ASFALTO,Bueno,Bueno,2,CHEVROLET,PLATA,2,,40,MASCULINO,SIN DATOS,0,0,Morelia,Indeco El Vivero,mayo,martes,14,-101.231740892612,19.6776605314051
40370,40376,2022,,2022/05/17,14:10:00,COLISIÓN POR CAMBIO DE CARRIL,CONCRETO,Bueno,Bueno,2,BAJAJ,BLANCO  Y NEGRO,2,,18,MASCULINO,SIN DATOS,0,0,Morelia,Indeco Expropiacion Petrolera,mayo,martes,14,-101.225696138359,19.6858374396795
40371,40377,2022,MOR 22030365,2022/05/17,15:40:00,COLISIÓN POR CAMBIO DE CARRIL,SIN_DATOS,Bueno,Bueno,2,ISUZU,BLANCO,2,,28,MASCULINO,SIN DATOS,0,0,Morelia,El Realito,mayo,martes,16,-101.20344660499,19.7256256302292
40372,40378,2022,,2022/05/17,17:10:00,COLISIÓN POR CORTE DE CIRCULACIÓN,ASFALTO,Bueno,Bueno,2,TOYOTA,BLANCO Y MORADO,2,,48,MASCULINO,SIN DATOS,0,0,Morelia,Hermanos Lopez Rayon,mayo,martes,17,-101.220246224917,19.6753057328633
40373,40379,2022,,2022/05/17,17:14:00,COLISIÓN POR CORTE DE CIRCULACIÓN,ASFALTO,Bueno,Bueno,2,ITALIKA,NEGRO/AMARILLO,2,,27,MASCULINO,SIN DATOS,0,0,Morelia,Prados Verdes,mayo,martes,17,-101.19708736173,19.7179745942823
40374,40380,2022,,2022/05/17,18:30:00,COLISIÓN POR CAMBIO DE CARRIL,ASFALTO,Bueno,Bueno,2,FORD,GUINDA,2,MINISTERIO PÚBLICO,,,SIN DATOS,0,0,Tacámbaro,Sin datos,mayo,martes,19,-101.453920304775,19.2121668820106
40375,40381,2022,MOR220303918,2022/05/17,19:40:00,COLISIÓN POR ALCANCE,CONCRETO,Bueno,Bueno,2,FORD,AZUL,2,,38,MASCULINO,SIN DATOS,0,0,Morelia,Alberto Oviedo Mota,mayo,martes,20,-101.197593963958,19.6837950310587
40376,40382,2022,,2022/05/17,20:00:00,COLISIÓN CON PEATÓN,ASFALTO,Bueno,Bueno,1,NISSAN,BLANCO,1,MINISTERIO PÚBLICO,39,,SIN DATOS,0,0,Hidalgo,Corros,mayo,martes,20,-100.555383027956,19.7072139549091
40377,40383,2022,,2022/05/17,21:10:00,COLISIÓN POR CAMBIO DE CARRIL,ASFALTO,Bueno,Bueno,3,FORD,BLANCO,3,MINISTERIO PÚBLICO,57,MASCULINO,SIN DATOS,0,0,Morelia,Alberto Oviedo Mota,mayo,martes,21,-101.197617433287,19.6811334724988
40378,40384,2022,,2022/05/17,21:36:00,COLISIÓN POR ALCANCE,ASFALTO,Bueno,Bueno,2,CHEVROLET,VERDE,2,,56,FEMENINO,SIN DATOS,0,0,Morelia,Ejidal San Isidro,mayo,martes,22,-101.279469796203,19.6898731060536
40379,40385,2022,LEG43150,2022/05/18,"03:30:00",SUBIDA AL CAMELLÓN,ASFALTO,Bueno,Bueno,1,VOLKSWAGEN,BLANCO,0,MINISTERIO PÚBLICO,,,,0,0,Morelia,Paseo de La Castellana,mayo,miércoles,4,-101.223666681483,19.6680396744939
40381,40387,2022,,2022/05/18,"09:10:00",VOLCADURA,ASFALTO,Bueno,Bueno,1,NISSAN,BLANCO,2,MINISTERIO PÚBLICO,30,,SIN DATOS,1,0,Hidalgo,Corros,mayo,miércoles,9,-100.555386990309,19.7072139262139
40382,40388,2022,MOR220304947,2022/05/18,10:10:00,COLISIÓN CONTRA OBJETO FIJO,ASFALTO,Bueno,Bueno,1,HONDA,PLATA,1,,37,MASCULINO,SIN DATOS,0,0,Morelia,Sin datos,mayo,miércoles,10,-101.125,19.7143
40383,40389,2022,MOR220305106,2022/05/18,10:20:00,COLISIÓN POR CORTE DE CIRCULACIÓN,CONCRETO,Bueno,Bueno,2,HONDA,BLANCO,2,,75,MASCULINO,SIN DATOS,0,0,Morelia,Rey Tariacuri (Eucaliptos),mayo,miércoles,10,-101.199589527465,19.6778104585384
40385,40391,2022,,2022/05/18,11:00:00,COLISIÓN POR CAMBIO DE CARRIL,ASFALTO,Bueno,Bueno,2,INTERNACIONAL,VERDE,2,,26,MASCULINO,SIN DATOS,0,0,Morelia,Lomas de San Juan,mayo,miércoles,11,-101.183039681886,19.7298664251429
40386,40392,2022,,2022/05/18,11:20:00,COLISIÓN POR CORTE DE CIRCULACIÓN,ASFALTO,Bueno,Bueno,2,FORD,BLANCO,2,MINISTERIO PÚBLICO,26,MASCULINO,SIN DATOS,0,0,Morelia,Campestre Los Manantiales,mayo,miércoles,11,-101.238361559808,19.6882457769928
40387,40393,2022,,2022/05/18,12:00:00,COLISIÓN POR ALCANCE,ASFALTO,Bueno,Bueno,2,VENTO,BLANCO,2,,36,MASCULINO,SIN DATOS,0,0,Morelia,La Colina,mayo,miércoles,12,-101.215724765043,19.709174233954
40388,40394,2022,,2022/05/18,12:40:00,COLISIÓN CONTRA OBJETO FIJO,ASFALTO,Bueno,Bueno,2,CHEVROLET,ROJO,2,,49,MASCULINO,SIN DATOS,0,0,Morelia,Ventura Puente,mayo,miércoles,13,-101.187182954235,19.6926426896116
40389,40395,2022,,2022/05/18,15:00:00,COLISIÓN POR CORTE DE CIRCULACIÓN,ASFALTO,Bueno,Bueno,2,DODGE,NEGRO,2,,42,MASCULINO,SIN DATOS,0,0,Morelia,Ejidal Ocolusen,mayo,miércoles,15,-101.15332837,19.6868221449992
40390,40396,2022,MOR220305626,2022/05/18,15:15:00,COLISIÓN POR MANIOBRA DE REVERSA,ASFALTO,Bueno,Bueno,2,FORD,ROJO,2,,75,MASCULINO,SIN DATOS,0,0,Morelia,Punta Monarca(Punta Altozano),mayo,miércoles,15,-101.173,19.6552
40391,40397,2022,MOR220306164,2022/05/18,17:40:00,COLISIÓN CONTRA OBJETO FIJO,TERRACERIA,Bueno,Bueno,1,CHEVROLET,BLANCO,1,MINISTERIO PÚBLICO,0,,SIN DATOS,0,0,Morelia,Sentimientos de La Nacion,mayo,miércoles,18,-101.233194944297,19.682432823539
40392,40398,2022,,2022/05/18,18:00:00,SALIDA DE SUPERFICIE DE RODAMIENTO,ASFALTO,Bueno,Bueno,4,NISSAN,BLANCO,4,,26,MASCULINO,SIN DATOS,0,0,Morelia,Xangari,mayo,miércoles,18,-101.219623120327,19.6720670459846
40394,40400,2022,,2022/05/18,20:05:00,COLISIÓN CONTRA OBJETO FIJO,CONCRETO,Bueno,Bueno,1,VOLKSWAGEN,PLATA,1,,54,FEMENINO,SIN DATOS,0,0,Morelia,Club Campestre La Huerta,mayo,miércoles,20,-101.233,19.6725
40395,40401,2022,,2022/05/18,21:00:00,COLISIÓN POR CORTE DE CIRCULACIÓN,ASFALTO,Bueno,Bueno,2,VOLKSWAGEN,NEGRO,2,MINISTERIO PÚBLICO,,MASCULINO,SIN DATOS,0,0,Lázaro Cárdenas,Reforma,mayo,miércoles,21,-102.23084025085,17.9854334519325
40397,40403,2022,,2022/05/19,"00:00:00",COLISIÓN CONTRA OBJETO FIJO,ASFALTO,Bueno,Bueno,1,ITALIKA,BLANCO,1,MINISTERIO PÚBLICO,,,,1,0,Lázaro Cárdenas,Nuevo Infonavit(11 de Julio),mayo,jueves,0,-102.215669006109,17.968969810862
40398,40404,2022,LEG43184,2022/05/19,"00:00:00",COLISIÓN POR ALCANCE,ASFALTO,Bueno,Bueno,2,FORD,AZUL,2,,68,MASCULINO,SIN DATOS,0,0,Morelia,Felix Ireta,mayo,jueves,0,-101.195386231624,19.6919893035731
40399,40405,2022,,2022/05/19,"07:39:00",COLISIÓN POR ALCANCE,ASFALTO,Bueno,Bueno,2,FORD,ROJO,2,,41,MASCULINO,SIN DATOS,0,0,Morelia,Chapultepec Norte,mayo,jueves,8,-101.169614195824,19.6946481850927
40400,40406,2022,MOR220307344,2022/05/19,"08:00:00",COLISIÓN POR CORTE DE CIRCULACIÓN,ASFALTO,Bueno,Bueno,2,RENAULT,GRIS,2,,31,FEMENINO,SIN DATOS,0,0,Morelia,Lomas del Tecnologico,mayo,jueves,8,-101.19436035,19.7204595699992
40401,40407,2022,,2022/05/19,"09:00:00",COLISIÓN POR ALCANCE,ASFALTO,Bueno,Bueno,3,CHEVROLET,BLANCO,3,MINISTERIO PÚBLICO,,FEMENINO,SIN DATOS,0,0,Lázaro Cárdenas,1Er Sect de Fidelac,mayo,jueves,9,-102.18899245628,17.9619958503075
40402,40408,2022,,2022/05/19,"09:17:00",COLISIÓN POR ALCANCE,CONCRETO,Bueno,Bueno,2,CHEVROLET,ROJO,2,,36,FEMENINO,SIN DATOS,0,0,Morelia,Margarita Maza de Juarez,mayo,jueves,9,-101.255526905,19.6928898149991
40403,40409,2022,LEG43179,2022/05/19,14:10:00,COLISIÓN POR ALCANCE,ASFALTO,Bueno,Bueno,5,NISSAN,BLANCOY GRIS,5,MINISTERIO PÚBLICO,43,MASCULINO,SIN DATOS,0,0,Morelia,Alberto Oviedo Mota,mayo,jueves,14,-101.202110224829,19.6772772752258
40404,40410,2022,,2022/05/19,14:23:00,COLISIÓN POR CAMBIO DE CARRIL,ASFALTO,Bueno,Bueno,2,FREIGHTLINER,BLANCO,2,,24,MASCULINO,SIN DATOS,0,0,Morelia,Pascual Ortiz de Ayala,mayo,jueves,14,-101.151504422657,19.696032531912
40405,40411,2022,,2022/05/19,17:20:00,COLISIÓN POR ALCANCE,ASFALTO,Lluvioso,Regular,3,DODGE,GRAFITO,3,,26,FEMENINO,SIN DATOS,0,0,Morelia,La Esperanza,mayo,jueves,17,-101.254337375822,19.697766304046
40406,40412,2022,,2022/05/19,17:20:00,COLISIÓN POR CORTE DE CIRCULACIÓN,ASFALTO,Bueno,Bueno,2,MAZDA,BLANCO,2,,33,FEMENINO,SIN DATOS,0,0,Morelia,Chapultepec Sur,mayo,jueves,17,-101.165772967719,19.688984772282
40407,40413,2022,,2022/05/19,18:43:00,COLISIÓN CON PEATÓN,SIN_DATOS,Bueno,Bueno,2,NISSAN,PLATA,2,,40,MASCULINO,SIN DATOS,0,0,Morelia,Jose Ma Pino Suarez,mayo,jueves,19,-101.163682825863,19.7242294008025
40408,40414,2022,MOR220308809,2022/05/19,18:50:00,COLISIÓN POR CORTE DE CIRCULACIÓN,TERRACERIA,Bueno,Bueno,2,ITALIKA,NEGRO,2,,21,MASCULINO,SIN DATOS,0,0,Morelia,Chapultepec Norte,mayo,jueves,19,-101.17476940155,19.6942113933439
40409,40415,2022,MOR220309017,2022/05/19,19:20:00,COLISIÓN POR ALCANCE,ASFALTO,Bueno,Regular,2,ITALIKA,AZUL,2,,20,MASCULINO,SIN DATOS,0,0,Morelia,Indeco Santiaguito,mayo,jueves,19,-101.178541623729,19.7201164438312
40410,40416,2022,,2022/05/19,19:27:00,COLISIÓN POR ALCANCE,ASFALTO,Bueno,Bueno,2,GMC,ROJO,2,,49,MASCULINO,SIN DATOS,0,0,Morelia,Virrey Antonio de Mendoza,mayo,jueves,19,-101.161827377297,19.7067707980304
40411,40417,2022,,2022/05/19,20:00:00,COLISIÓN POR ALCANCE,ASFALTO,Bueno,Bueno,3,FORD,GRIS,2,MINISTERIO PÚBLICO,,,SIN DATOS,0,0,Lázaro Cárdenas,Jose Green,mayo,jueves,20,-102.202619205837,17.9673896870121
40412,40418,2022,MOR220309208,2022/05/19,21:06:00,COLISIÓN POR ALCANCE,ASFALTO,Bueno,Bueno,2,CHEVROLET,BLANCO,2,,50,MASCULINO,ALIENTO ETÍLICO,0,0,Morelia,Loma de Los Piñones,mayo,jueves,21,-101.205068000339,19.6740188718781
40413,40419,2022,,2022/05/20,"00:00:00",COLISIÓN POR CORTE DE CIRCULACIÓN,CONCRETO,Bueno,Bueno,1,SIN DATO,SIN DATO,1,,,,SIN DATOS,0,0,Morelia,Martires de Uruapan,mayo,viernes,0,-101.1984201,19.725563