fid,id_accidente,anio_origen,folio_c5i,dia_incidente,hora_ocurrencia,tipo_incidente_vial,superficie_ocurrencia,condiciones_climaticas,condiciones_via,numero_vehiculos_involucrados,marca_vehiculo_ocasiona_siniestro,color_vehiculo_ocasiona_siniestro,numero_personas_involucradas,lugar_remite_presunto_responsable,edad_presunto_responsable,sexo_presunto_responsable,resultados_toxicologia,numero_personas_lesionadas,numero_personas_fallecidas,municipio,colonia,mes,dia_semana,hora_redondeada,lon,lat
40414,40420,2022,LEG43185,2022/05/20,"04:40:00",COLISIÓN CONTRA OBJETO FIJO,ASFALTO,Bueno,Bueno,1,CHEVROLET,ROJO,1,MINISTERIO PÚBLICO,24,MASCULINO,SIN DATOS,0,0,Morelia,Josefa Ortiz de Dominguez,mayo,viernes,5,-101.209818162024,19.6720435870379
40415,40421,2022,MOR220309655,2022/05/20,"07:10:00",COLISIÓN POR CAMBIO DE CARRIL,ASFALTO,Bueno,Bueno,2,NISSAN,BLANCO,2,,23,MASCULINO,SIN DATOS,0,0,Morelia,La Colina,mayo,viernes,7,-101.21571975337,19.7103239094878
40416,40422,2022,MOR220309814,2022/05/20,"09:15:00",COLISIÓN POR CORTE DE CIRCULACIÓN,ASFALTO,Bueno,Bueno,3,SEAT,ROJO,3,MINISTERIO PÚBLICO,38,MASCULINO,SIN DATOS,0,0,Morelia,Eduardo Ruiz,mayo,viernes,9,-101.223177879381,19.7223496763979
40417,40423,2022,,2022/05/20,13:00:00,COLISIÓN POR CORTE DE CIRCULACIÓN,ASFALTO,Bueno,Bueno,2,TOYOTA,BLANCO,0,MINISTERIO PÚBLICO,,,,0,0,Lázaro Cárdenas,Centro,mayo,viernes,13,-102.193445868112,17.9530347908955
40418,40424,2022,,2022/05/20,13:12:00,COLISIÓN POR CORTE DE CIRCULACIÓN,ASFALTO,Bueno,Bueno,2,DODGE,PLATA,2,,49,FEMENINO,SIN DATOS,0,0,Morelia,Vasco de Quiroga,mayo,viernes,13,-101.174311383891,19.7059765903409
40419,40425,2022,,2022/05/20,13:30:00,COLISIÓN POR ALCANCE,ASFALTO,Bueno,Bueno,2,RENAULT,GRIS,2,,33,MASCULINO,SIN DATOS,0,0,Morelia,Ciudad Industrial,mayo,viernes,14,-101.148673153725,19.7207066101666
40420,40426,2022,LEG43188,2022/05/20,14:25:00,COLISIÓN POR CORTE DE CIRCULACIÓN,ASFALTO,Bueno,Bueno,2,TOYOTA,BLANCO/MORADO,2,,39,MASCULINO,SIN DATOS,0,0,Morelia,Campestre Los Manantiales,mayo,viernes,14,-101.238162375308,19.6877707129421
40421,40427,2022,,2022/05/20,14:25:00,COLISIÓN POR CORTE DE CIRCULACIÓN,ASFALTO,Bueno,Bueno,2,NISSAN,BLANCO/ROJO,2,MINISTERIO PÚBLICO,41,MASCULINO,SIN DATOS,0,0,Morelia,Constitucion de Apatzingan,mayo,viernes,14,-101.226383850657,19.6739115612463
40422,40428,2022,MOR220310578,2022/05/20,14:37:00,COLISIÓN POR ALCANCE,ASFALTO,Bueno,Bueno,2,FORD,ARENA,2,MINISTERIO PÚBLICO,40,FEMENINO,SIN DATOS,0,0,Morelia,Indeco El Vivero,mayo,viernes,15,-101.231882714413,19.6777138267273
40423,40429,2022,,2022/05/20,15:35:00,COLISIÓN POR ALCANCE,ASFALTO,Bueno,Bueno,2,MAZDA,GRIS,2,,66,MASCULINO,SIN DATOS,0,0,Morelia,Josefa Ortiz de Dominguez,mayo,viernes,16,-101.209035566583,19.6720422955055
40424,40430,2022,,2022/05/20,15:40:00,COLISIÓN POR MANIOBRA DE REVERSA,ASFALTO,Bueno,Bueno,2,FORD,BLANCO/VERDE,2,,55,MASCULINO,SIN DATOS,0,0,Morelia,Independencia,mayo,viernes,16,-101.176184571601,19.7055903029179
40425,40431,2022,,2022/05/20,16:45:00,COLISIÓN POR CORTE DE CIRCULACIÓN,ASFALTO,Bueno,Bueno,2,GENERAL MOTORS,BLANCO,2,,,MASCULINO,SIN DATOS,0,0,Morelia,Ciudad Jardin,mayo,viernes,17,-101.254347793583,19.7110136563335
40426,40432,2022,,2022/05/20,17:30:00,COLISIÓN POR ALCANCE,ASFALTO,Bueno,Bueno,2,HYUNDAI,PLATA,3,,53,MASCULINO,SIN DATOS,0,0,Morelia,Felix Ireta,mayo,viernes,18,-101.19075978683,19.6853943096972
40427,40433,2022,,2022/05/20,18:00:00,COLISIÓN POR CORTE DE CIRCULACIÓN,CONCRETO,Bueno,Bueno,2,TOYOTA,BLANCO/CORAL,2,,45,MASCULINO,SIN DATOS,0,0,Morelia,Centro,mayo,viernes,18,-101.200170286678,19.7030474168369
40428,40434,2022,,2022/05/20,18:40:00,VOLCADURA,ASFALTO,Bueno,Bueno,1,DODGE,AZUL,1,,30,MASCULINO,SIN DATOS,0,0,Morelia,Nicolaitas Ilustres,mayo,viernes,19,-101.224718595085,19.7246683777595
40429,40435,2022,,2022/05/20,19:00:00,COLISIÓN POR INVASIÓN DE CARRIL,ASFALTO,Bueno,Bueno,3,DODGE,GRIS,2,MINISTERIO PÚBLICO,,,SIN DATOS,0,0,Lázaro Cárdenas,Sin datos,mayo,viernes,19,-102.211129946462,17.9779844500385
40430,40436,2022,,2022/05/20,19:20:00,COLISIÓN POR CAMBIO DE CARRIL,ASFALTO,Bueno,Bueno,2,VOLKSWAGEN,BLANCO,2,,25,MASCULINO,SIN DATOS,0,0,Morelia,Nueva Valladolid,mayo,viernes,19,-101.207772307098,19.7022612253474
40431,40437,2022,,2022/05/20,20:10:00,COLISIÓN POR CORTE DE CIRCULACIÓN,ASFALTO,Bueno,Bueno,2,ITALIKA,NEGRO/ROJO,2,,33,MASCULINO,SIN DATOS,0,0,Morelia,Vasco de Quiroga,mayo,viernes,20,-101.17077793926,19.6971466394511
40432,40438,2022,LEG43203,2022/05/20,20:18:00,COLISIÓN POR ALCANCE,ASFALTO,Bueno,Bueno,2,VOLVO,NEGRO,2,,,MASCULINO,SIN DATOS,0,0,Morelia,Prados del Campestre,mayo,viernes,20,-101.167120046235,19.6832050155468
40433,40439,2022,,2022/05/21,"02:30:00",COLISIÓN POR ALCANCE,ASFALTO,Bueno,Bueno,2,DODGE,ROJO,2,,39,MASCULINO,SIN DATOS,0,0,Morelia,San Pascual,mayo,sábado,3,-101.264446591118,19.6961121667076
40434,40440,2022,,2022/05/21,"02:30:00",COLISIÓN CONTRA OBJETO FIJO,ASFALTO,Bueno,Bueno,2,NISSAN,BLANCO,1,,,,SIN DATOS,0,0,Morelia,Villas Oriente,mayo,sábado,3,-101.145241998814,19.7542311288697
40435,40441,2022,,2022/05/21,"04:00:00",COLISIÓN POR ALCANCE,ASFALTO,Bueno,Bueno,2,DODGE,BLANCO,0,,,,,0,0,Lázaro Cárdenas,Jose Green,mayo,sábado,4,-102.200892686166,17.9650870011896
40436,40442,2022,,2022/05/21,"08:30:00",SALIDA DE SUPERFICIE DE RODAMIENTO,ASFALTO,Bueno,Bueno,1,ACURA,BLANCO,0,,,,,0,0,Morelia,Tres Puentes,mayo,sábado,9,-101.214780614458,19.7032383829172
40437,40443,2022,MOR220312641,2022/05/21,12:15:00,COLISIÓN POR CORTE DE CIRCULACIÓN,CONCRETO,Bueno,Regular,2,VOSLKWAGEN,PLATA,2,MINISTERIO PÚBLICO,29,MASCULINO,SIN DATOS,0,0,Morelia,Constituyentes de Queretaro,mayo,sábado,12,-101.165056756951,19.7157451167444
40438,40444,2022,MOR220312656,2022/05/21,12:30:00,COLISIÓN POR CAMBIO DE CARRIL,ASFALTO,Bueno,Bueno,2,KENWORTH,BLANCO,2,,30,MASCULINO,SIN DATOS,0,0,Morelia,Morelos,mayo,sábado,13,-101.183171086013,19.7280222939791
40439,40445,2022,MOR 220312670,2022/05/21,12:50:00,COLISIÓN POR CORTE DE CIRCULACIÓN,ASFALTO,Bueno,Bueno,2,NISSAN,BLANCO/ROJO,2,,42,MASCULINO,SIN DATOS,0,0,Morelia,Sentimientos de La Nacion,mayo,sábado,13,-101.236866868364,19.6848052184349
40440,40446,2022,,2022/05/21,14:00:00,COLISIÓN POR MANIOBRA DE REVERSA,ASFALTO,Bueno,Bueno,2,FORD,NEGRO,2,,,MASCULINO,SIN DATOS,0,0,Morelia,Quinceo,mayo,sábado,14,-101.224233023822,19.7253683856856
40441,40447,2022,,2022/05/21,14:55:00,COLISIÓN POR ALCANCE,ASFALTO,Bueno,Bueno,2,CHEVROLET,BLANCO,2,,36,MASCULINO,SIN DATOS,0,0,Morelia,Ventura Puente,mayo,sábado,15,-101.180176399648,19.6882650332141
40442,40448,2022,,2022/05/21,15:15:00,COLISIÓN POR CORTE DE CIRCULACIÓN,ASFALTO,Bueno,Bueno,2,ITALIKA,AZUL/BLANCO,2,,18,MASCULINO,SIN DATOS,0,0,Peribán,Sin datos,mayo,sábado,15,-102.444437264718,19.5520983644911
40443,40449,2022,MOR220313105,2022/05/21,15:37:00,COLISIÓN POR CAMBIO DE CARRIL,ASFALTO,Bueno,Bueno,2,VOLKSWAGEN,GRIS,2,,23,FEMENINO,SIN DATOS,0,0,Morelia,Los Manantiales de Morelia,mayo,sábado,16,-101.242982609704,19.7002618401626
40444,40450,2022,,2022/05/21,16:31:00,COLISIÓN POR ALCANCE,ASFALTO,Bueno,Bueno,2,VENTO,NEGRO/NARANJA,2,MINISTERIO PÚBLICO,16,MASCULINO,SIN DATOS,0,0,Morelia,Loma de Los Piñones,mayo,sábado,17,-101.205116920173,19.6741419963186
40445,40451,2022,MOR220313381,2022/05/21,17:00:00,COLISIÓN POR NO RESPETAR SEMÁFORO,ASFALTO,Bueno,Bueno,1,ITALIKA,AZUL,2,,31,MASCULINO,SIN DATOS,0,0,Morelia,Bosques de Oriente,mayo,sábado,17,-101.155454204843,19.7156005907132
40446,40452,2022,,2022/05/21,19:22:00,COLISIÓN POR CORTE DE CIRCULACIÓN,ASFALTO,Bueno,Bueno,1,MAZDA,BLANCO,1,,28,MASCULINO,SIN DATOS,0,0,Morelia,Sin datos,mayo,sábado,19,-101.307937055826,19.687376690521
40447,40453,2022,MOR 220313657,2022/05/21,19:50:00,COLISIÓN POR ALCANCE,ASFALTO,Bueno,Regular,2,MAZDA,VERDE,2,,32,FEMENINO,SIN DATOS,0,0,Morelia,Sentimientos de La Nacion,mayo,sábado,20,-101.236870525911,19.6848055054182
40448,40454,2022,MOR 220313549,2022/05/21,20:15:00,COLISIÓN POR ALCANCE,ASFALTO,Bueno,Bueno,2,NISSAN,BLANCO,2,,59,MASCULINO,SIN DATOS,0,0,Morelia,Centro,mayo,sábado,20,-101.190542131662,19.7009511654304
40449,40455,2022,MOR220313781,2022/05/21,21:06:00,COLISIÓN POR CAMBIO DE CARRIL,ASFALTO,Bueno,Bueno,2,FORD,ROJO,2,,44,MASCULINO,ALIENTO ETÍLICO,0,0,Morelia,Felix Arreguin,mayo,sábado,21,-101.225900047206,19.72243905096
40450,40456,2022,,2022/05/21,23:07:00,COLISIÓN POR ALCANCE,ASFALTO,Bueno,Bueno,2,DODGE,ROJO,2,,,,SIN DATOS,0,0,Morelia,Dr Miguel Silva,mayo,sábado,23,-101.184181913055,19.7151135568204
40451,40457,2022,,2022/05/22,"00:13:00",VOLCADURA,CONCRETO,Bueno,Bueno,1,NISSAN,BLANCO,1,,,,SIN DATOS,0,0,Morelia,Elias Perez Avalos,mayo,domingo,0,-101.165499290958,19.7104397464736
40452,40458,2022,LEG43222,2022/05/22,"01:15:00",COLISIÓN POR NO RESPETAR SEMÁFORO,ASFALTO,Bueno,Bueno,2,NISSAN,NARANJA,4,MINISTERIO PÚBLICO,,FEMENINO,SIN DATOS,2,0,Morelia,Jardines de Torremolinos,mayo,domingo,1,-101.22573064132,19.6785356401013
40453,40459,2022,MOR 330314393,2022/05/22,"01:20:00",COLISIÓN POR MANIOBRA DE REVERSA,ASFALTO,Bueno,Bueno,2,CADILLAC,ARENA,2,,40,MASCULINO,SIN DATOS,0,0,Morelia,Sentimientos de La Nacion,mayo,domingo,1,-101.231239837675,19.6842712548403
40454,40460,2022,MOR 220314709,2022/05/22,"04:00:00",COLISIÓN CONTRA OBJETO FIJO,ASFALTO,Bueno,Bueno,1,GENERAL MOTORS,BLANCO/ROJO,1,,45,MASCULINO,CON CERTIFICADO,0,0,Morelia,Irrigacion,mayo,domingo,4,-101.225132234395,19.7047067623544
40455,40461,2022,MOR220314637,2022/05/22,"05:30:00",COLISIÓN POR CORTE DE CIRCULACIÓN,ASFALTO,Bueno,Bueno,2,DODGE,S/D,2,MINISTERIO PÚBLICO,39,MASCULINO,SIN DATOS,0,0,Morelia,Nueva Jacarndas,mayo,domingo,6,-101.192016005516,19.6822651590209
40456,40462,2022,,2022/05/22,10:10:00,COLISIÓN POR CORTE DE CIRCULACIÓN,CONCRETO,Bueno,Bueno,2,NISSAN,BLANCO Y GUINDA,2,,44,MASCULINO,SIN DATOS,0,0,Morelia,Ventura Puente,mayo,domingo,10,-101.195271841514,19.6961637054145
40457,40463,2022,MOR220315346,2022/05/22,12:20:00,COLISIÓN POR ALCANCE,ASFALTO,Bueno,Bueno,2,NISSAN,ROJO,2,,45,MASCULINO,SIN DATOS,0,0,Morelia,Comision Federal de Electricidad,mayo,domingo,12,-101.177115938201,19.6816477016516
40458,40464,2022,,2022/05/22,15:33:00,COLISIÓN POR ALCANCE,ASFALTO,Bueno,Bueno,2,MERCEDES BENZ,BLANCO,2,,,MASCULINO,SIN DATOS,0,0,Morelia,Rey Tariacuri (Eucaliptos),mayo,domingo,16,-101.199489279913,19.6778013607452
40459,40465,2022,,2022/05/22,17:00:00,COLISIÓN POR CORTE DE CIRCULACIÓN,ASFALTO,Bueno,Bueno,2,NISSAN,PLATA,2,,27,FEMENINO,SIN DATOS,0,0,Morelia,Chapultepec Sur,mayo,domingo,17,-101.176859848201,19.693133367838
40460,40466,2022,,2022/05/22,20:00:00,COLISIÓN POR CORTE DE CIRCULACIÓN,ASFALTO,Bueno,Bueno,2,VOLKSWAGEN,BEIHT,1,,,FEMENINO,SIN DATOS,0,0,Morelia,Vasco de Quiroga,mayo,domingo,20,-101.175848320127,19.6981116037385
40461,40467,2022,,2022/05/22,20:00:00,COLISIÓN POR CORTE DE CIRCULACIÓN,ASFALTO,Bueno,Bueno,2,SEAT,GUINDA,2,,49,MASCULINO,SIN DATOS,0,0,Morelia,Tinijaro,mayo,domingo,20,-101.262062594973,19.6964985631042
40463,40469,2022,,2022/05/22,21:40:00,COLISIÓN POR ALCANCE,ASFALTO,Nublado,Regular,2,CHEVROLET,AZUL,2,,27,MASCULINO,SIN DATOS,0,0,Morelia,Campestre Los Manantiales,mayo,domingo,22,-101.238160394132,19.68777099992
40464,40470,2022,,2022/05/22,23:00:00,COLISIÓN POR ALCANCE,ASFALTO,Bueno,Bueno,3,VOLSKWAGEN,ROJO,3,,54,MASCULINO,SIN DATOS,0,0,Morelia,Ciudad Industrial,mayo,domingo,23,-101.141582094133,19.7259673981571
40465,40471,2022,,2022/05/23,"01:20:00",COLISIÓN POR CORTE DE CIRCULACIÓN,ASFALTO,Bueno,Bueno,2,ITALIKA,GRIS,2,MINISTERIO PÚBLICO,20,MASCULINO,ALIENTO ETÍLICO,0,0,Morelia,Prados Verdes,mayo,lunes,1,-101.197063983843,19.7166727257229
40466,40472,2022,,2022/05/23,"01:35:00",COLISIÓN CONTRA OBJETO FIJO,CONCRETO,Bueno,Bueno,1,CHEVROLET,BLANCO,0,MINISTERIO PÚBLICO,,,,0,0,Morelia,Sin datos,mayo,lunes,2,-101.129308671437,19.7620047753191
40467,40473,2022,,2022/05/23,"07:15:00",COLISIÓN CONTRA OBJETO FIJO,CONCRETO,Bueno,Bueno,1,VOLSKWAGEN,BLANCO,1,,27,MASCULINO,SIN DATOS,0,0,Morelia,Santa Cecilia,mayo,lunes,7,-101.187151179396,19.6681353649922
40468,40474,2022,,2022/05/23,"07:30:00",COLISIÓN POR CORTE DE CIRCULACIÓN,ASFALTO,Bueno,Bueno,2,TOYOTA,BLANCO,1,MINISTERIO PÚBLICO,,,SIN DATOS,0,0,Lázaro Cárdenas,Centro,mayo,lunes,8,-102.196278616108,17.9592806761331
40469,40475,2022,,2022/05/23,"08:22:00",COLISIÓN POR ALCANCE,ASFALTO,Bueno,Bueno,2,CHEVROLET,NARANJA,2,MINISTERIO PÚBLICO,38,MASCULINO,SIN DATOS,0,0,Morelia,Los Angeles,mayo,lunes,8,-101.175322729082,19.7439216094252
40470,40476,2022,,2022/05/23,"08:47:00",COLISIÓN POR ALCANCE,ASFALTO,Bueno,Bueno,2,NISSAN,ROJO,1,,48,MASCULINO,SIN DATOS,0,0,Morelia,La Huerta,mayo,lunes,9,-101.217009803513,19.6748892927373
40471,40477,2022,,2022/05/23,"09:00:00",COLISIÓN POR CORTE DE CIRCULACIÓN,ASFALTO,Bueno,Bueno,2,VOLVO,BLANCO,2,,37,MASCULINO,SIN DATOS,0,0,Morelia,Los Manantiales de Morelia,mayo,lunes,9,-101.241352398513,19.6949269142666
40472,40478,2022,LEG43254,2022/05/23,11:10:00,VOLCADURA,ASFALTO,Bueno,Bueno,1,NISSAN,ROJO,1,,,MASCULINO,SIN DATOS,0,0,Morelia,Ciudad Industrial,mayo,lunes,11,-101.142932586372,19.7252722129623
40473,40479,2022,,2022/05/23,11:40:00,COLISIÓN POR ALCANCE,ASFALTO,Bueno,Bueno,3,NISSAN,BLANCO,3,,43,MASCULINO,SIN DATOS,0,0,Morelia,Nueva Jacarndas,mayo,lunes,12,-101.19201131165,19.6822582138943
40474,40480,2022,,2022/05/23,12:00:00,COLISIÓN CON PEATÓN,SIN_DATOS,Bueno,Bueno,1,SUZUKI,AZUL,0,MINISTERIO PÚBLICO,,,,0,0,Sin datos,Sin datos,mayo,lunes,12,-102.286834716797,17.9342561397598
40475,40481,2022,MOR220318048,2022/05/23,13:10:00,COLISIÓN POR MANIOBRA DE REVERSA,ASFALTO,Bueno,Bueno,2,CHEVROLET,ROJO,2,,33,MASCULINO,SIN DATOS,0,0,Morelia,Puerta Blanca,mayo,lunes,13,-101.196842975914,19.6621845932085
40476,40482,2022,MOR220318172,2022/05/23,14:05:00,COLISIÓN POR CAMBIO DE CARRIL,ASFALTO,Bueno,Bueno,2,ISUZU,BLANCO,2,,30,MASCULINO,SIN DATOS,0,0,Morelia,Chapultepec Oriente,mayo,lunes,14,-101.15894202143,19.6954098784693
40477,40483,2022,MOR220318484,2022/05/23,15:55:00,COLISIÓN POR CAMBIO DE CARRIL,CONCRETO,Bueno,Bueno,2,NISSAN,ROJO,2,,77,MASCULINO,SIN DATOS,0,0,Morelia,Cinco de Diciembre,mayo,lunes,16,-101.165778850296,19.6844369886508
40478,40484,2022,,2022/05/23,17:30:00,CAIDA DE MOTOCICLETA,ASFALTO,Bueno,Bueno,1,ITALIKA,NEGRO Y NARANJA,1,,,MASCULINO,SIN DATOS,0,0,Morelia,Francisco J Mujica,mayo,lunes,18,-101.188846305013,19.7250502580228
40479,40485,2022,MOR220317714,2022/05/23,20:00:00,COLISIÓN POR CORTE DE CIRCULACIÓN,CONCRETO,Bueno,Bueno,2,ITALIKA,BLANCO,1,,26,MASCULINO,SIN DATOS,0,0,Morelia,5 de Mayo,mayo,lunes,20,-101.176340840757,19.7041370538377
40480,40486,2022,,2022/05/23,20:20:00,COLISIÓN CON PEATÓN,ASFALTO,Bueno,Bueno,2,CHEVROLET,DORADO,2,MINISTERIO PÚBLICO,19,MASCULINO,SIN DATOS,0,0,Morelia,Felicitas del Rio,mayo,lunes,20,-101.195515678689,19.6920136100378
40481,40487,2022,,2022/05/23,21:02:00,COLISIÓN CON PEATÓN,SIN_DATOS,Bueno,Bueno,3,SEAT,GRIS,2,MINISTERIO PÚBLICO,25,MASCULINO,SIN DATOS,0,0,Morelia,Felicitas del Rio,mayo,lunes,21,-101.200308420442,19.6919877252311
40482,40488,2022,MOR220320028,2022/05/24,"00:00:00",COLISIÓN POR CORTE DE CIRCULACIÓN,ASFALTO,Bueno,Bueno,2,VOLKSWAGEN,NEGRO,2,,43,MASCULINO,SIN DATOS,0,0,Morelia,Del Empleado,mayo,martes,0,-101.18002517,19.6886070099991
40483,40489,2022,,2022/05/24,"03:13:00",COLISIÓN POR CORTE DE CIRCULACIÓN,ASFALTO,Bueno,Bueno,2,CHRYSLER,AZUL,2,,18,MASCULINO,SIN DATOS,0,0,Cuitzeo,Sin datos,mayo,martes,3,-101.152016527273,20.0379229706908
40484,40490,2022,,2022/05/24,10:00:00,COLISIÓN POR CORTE DE CIRCULACIÓN,CONCRETO,Bueno,Bueno,2,FORD,PLATA,2,,47,MASCULINO,SIN DATOS,0,0,Morelia,Mariano Escobedo,mayo,martes,10,-101.209748685,19.7223888749991
40485,40491,2022,MOR220320246,2022/05/24,12:45:00,COLISIÓN POR CORTE DE CIRCULACIÓN,ASFALTO,Bueno,Bueno,1,HONDA,AMARILLO Y NEGRO,2,,35,FEMENINO,SIN DATOS,0,0,Morelia,Del Empleado,mayo,martes,13,-101.18002517,19.6886070099991
40486,40492,2022,,2022/05/24,16:40:00,COLISIÓN POR INVASIÓN DE CARRIL,ASFALTO,Bueno,Bueno,2,NISSAN VERSA,GRIS,2,,53,MASCULINO,SIN DATOS,0,0,Charo,De Santiago,mayo,martes,17,-101.040471763016,19.7405004371477
40487,40493,2022,,2022/05/24,18:10:00,SALIDA DE SUPERFICIE DE RODAMIENTO,ASFALTO,Bueno,Bueno,1,VOLKSWAGEN,NEGRO,1,,55,MASCULINO,SIN DATOS,0,0,Morelia,Lindavista,mayo,martes,18,-101.216499478814,19.7061111108481
40488,40494,2022,,2022/05/24,18:40:00,COLISIÓN POR CORTE DE CIRCULACIÓN,CONCRETO,Bueno,Bueno,2,ITALIKA,NEGRO,2,,43,MASCULINO,SIN DATOS,0,0,Morelia,Division del Norte,mayo,martes,19,-101.164562825,19.7136650749991
40489,40495,2022,,2022/05/24,18:55:00,COLISIÓN POR ALCANCE,ASFALTO,Bueno,Bueno,2,VOLKSWAGEN,NEGRO,2,MINISTERIO PÚBLICO,27,MASCULINO,SIN DATOS,0,0,Morelia,Poblado de Ocolusen,mayo,martes,19,-101.155088675,19.6951327349991
40490,40496,2022,,2022/05/24,19:00:00,COLISIÓN POR ALCANCE,ASFALTO,Bueno,Bueno,2,NISSAN,BLANCO,2,,47,MASCULINO,SIN DATOS,0,0,Morelia,Centro,mayo,martes,19,-101.18754847,19.7028479949991
40491,40497,2022,,2022/05/24,19:20:00,VOLCADURA,CONCRETO,Bueno,Bueno,1,NISSAN/MARCH,BLANCO,1,,32,MASCULINO,SIN DATOS,0,0,Morelia,Ciudad Industrial,mayo,martes,19,-101.14554366932,19.7284851395985
40492,40498,2022,,2022/05/24,19:50:00,COLISIÓN POR ALCANCE,ASFALTO,Bueno,Bueno,1,SUZUKI,BLANCO,3,MINISTERIO PÚBLICO,,MASCULINO,SIN DATOS,1,0,Morelia,La Floresta,mayo,martes,20,-101.204400720377,19.6659776131012
40493,40499,2022,,2022/05/25,"00:00:00",COLISIÓN CONTRA OBJETO FIJO,ASFALTO,Bueno,Bueno,1,KENWORTH,BLANCO,1,,41,MASCULINO,SIN DATOS,0,0,Morelia,Sin datos,mayo,miércoles,0,-101.272987,19.6447985
40494,40500,2022,,2022/05/25,"07:30:00",COLISIÓN POR CORTE DE CIRCULACIÓN,ASFALTO,Bueno,Bueno,2,MAZDA,GRIS,2,,,FEMENINO,SIN DATOS,0,0,Morelia,Chapultepec Norte,mayo,miércoles,8,-101.176202945,19.6965285599991
40497,40503,2022,,2022/05/25,12:00:00,COLISIÓN POR CAMBIO DE CARRIL,ASFALTO,Bueno,Bueno,2,ISUZU,VERDE,2,,53,FEMENINO,SIN DATOS,0,0,Morelia,Del Empleado,mayo,miércoles,12,-101.18002517,19.6886070099991
40499,40505,2022,,2022/05/25,13:17:00,COLISIÓN POR CORTE DE CIRCULACIÓN,ASFALTO,Bueno,Bueno,2,HONDA,BLANCO,2,,31,MASCULINO,SIN DATOS,0,0,Morelia,Campamento Ferrocarrilero,mayo,miércoles,13,-101.203038605,19.7048187049992
40500,40506,2022,MOR220322790,2022/05/25,14:15:00,COLISIÓN POR CORTE DE CIRCULACIÓN,CONCRETO,Bueno,Bueno,2,VOSLKWAGEN,PLATA,2,,34,FEMENINO,SIN DATOS,0,0,Morelia,La Huerta,mayo,miércoles,14,-101.216158176792,19.6721810649028
40501,40507,2022,LEG43288,2022/05/25,14:20:00,COLISIÓN POR CORTE DE CIRCULACIÓN,ASFALTO,Bueno,Bueno,1,TOYOTA,GRIS,1,,29,MASCULINO,SIN DATOS,0,0,Morelia,Gertrudis Bocanegra,mayo,miércoles,14,-101.209872129455,19.7038111996348
40502,40508,2022,,2022/05/25,14:48:00,COLISIÓN POR CORTE DE CIRCULACIÓN,ASFALTO,Bueno,Bueno,2,VOLKSWAGEN,PLATA,2,,68,MASCULINO,SIN DATOS,0,0,Morelia,Lomas del Valle,mayo,miércoles,15,-101.231,19.689
40503,40509,2022,,2022/05/25,16:00:00,COLISIÓN POR ALCANCE,ASFALTO,Bueno,Bueno,2,NISSAN,BLANCO,2,,53,MASCULINO,SIN DATOS,0,0,Morelia,Poblado de Ocolusen,mayo,miércoles,16,-101.155088675,19.6951327349991
40505,40511,2022,MOR 220323226,2022/05/25,18:20:00,COLISIÓN CONTRA OBJETO FIJO,ASFALTO,Bueno,Bueno,1,NISSAN,ORO,1,,45,MASCULINO,SIN DATOS,0,0,Morelia,Elias Perez Avalos,mayo,miércoles,18,-101.167813022979,19.7136335493406
40507,40513,2022,,2022/05/25,19:01:00,COLISIÓN POR CORTE DE CIRCULACIÓN,ASFALTO,Bueno,Bueno,2,TOYOTA,BLANCO/AMARILLO,2,,35,MASCULINO,SIN DATOS,0,0,Morelia,Gertrudis Bocanegra,mayo,miércoles,19,-101.209872129455,19.7038111996348
40508,40514,2022,,2022/05/25,20:20:00,COLISIÓN POR CORTE DE CIRCULACIÓN,ASFALTO,Bueno,Bueno,2,VOLSKWAGEN,GRIS,2,,21,MASCULINO,SIN DATOS,0,0,Morelia,Felix Ireta,mayo,miércoles,20,-101.188582604864,19.6860148664875
40509,40515,2022,MOR220323669,2022/05/25,21:37:00,COLISIÓN POR ALCANCE,ASFALTO,Bueno,Bueno,2,MERCEDEZ BENZ,BLANCO,2,,41,MASCULINO,ALIENTO ETÍLICO,0,0,Morelia,Gertrudis Sanchez,mayo,miércoles,22,-101.205776745,19.7441101549991
40510,40516,2022,,2022/05/25,22:56:00,VOLCADURA,ASFALTO,Bueno,Bueno,1,CHEVROLET,GRIS,1,,0,MASCULINO,SIN DATOS,0,0,Morelia,Adolfo Lopez Mateos,mayo,miércoles,23,-101.226139622885,19.6981067844139
40511,40517,2022,,2022/05/25,23:45:00,SALIDA DE SUPERFICIE DE RODAMIENTO,ASFALTO,Bueno,Bueno,1,CHEVROLET,BLANCO,5,MINISTERIO PÚBLICO,37,MASCULINO,SIN DATOS,4,0,Tocumbo,Sin datos,mayo,miércoles,0,-102.493728646502,19.674654095396
40512,40518,2022,,2022/05/26,"01:36:00",COLISIÓN CONTRA OBJETO FIJO,ASFALTO,Bueno,Bueno,1,AUDI,PLATA,1,,35,MASCULINO,SIN DATOS,0,0,Morelia,Insurgentes,mayo,jueves,2,-101.155416805,19.6953315299991
40514,40520,2022,,2022/05/26,10:30:00,COLISIÓN POR CAMBIO DE CARRIL,ASFALTO,Bueno,Regular,2,DODGE/RAM,BLANCO,2,,38,MASCULINO,SIN DATOS,0,0,Morelia,Bosques de Oriente,mayo,jueves,11,-101.156818016675,19.7147058290639
40515,40521,2022,,2022/05/26,11:30:00,COLISIÓN POR CORTE DE CIRCULACIÓN,ASFALTO,Bueno,Bueno,2,ITALIKA FT150,ROJO,2,,39,MASCULINO,SIN DATOS,0,0,Morelia,Cuauhtemoc,mayo,jueves,12,-101.178601180973,19.6973826655388
40516,40522,2022,LEG43308,2022/05/26,14:20:00,COLISIÓN POR CORTE DE CIRCULACIÓN,ASFALTO,Bueno,Bueno,2,NISSAN,BLANCO,2,,37,MASCULINO,SIN DATOS,0,0,Morelia,Prados Verdes,mayo,jueves,14,-101.19708568535,19.7166591253817