fid,id_accidente,anio_origen,folio_c5i,dia_incidente,hora_ocurrencia,tipo_incidente_vial,superficie_ocurrencia,condiciones_climaticas,condiciones_via,numero_vehiculos_involucrados,marca_vehiculo_ocasiona_siniestro,color_vehiculo_ocasiona_siniestro,numero_personas_involucradas,lugar_remite_presunto_responsable,edad_presunto_responsable,sexo_presunto_responsable,resultados_toxicologia,numero_personas_lesionadas,numero_personas_fallecidas,municipio,colonia,mes,dia_semana,hora_redondeada,lon,lat
40517,40523,2022,,2022/05/26,15:00:00,COLISIÓN CONTRA OBJETO FIJO,ASFALTO,Bueno,Bueno,1,NISSAN,BLANCO,1,,60,MASCULINO,SIN DATOS,0,0,Morelia,Centro,mayo,jueves,15,-101.1832397719,19.7028710707294
40518,40524,2022,,2022/05/26,15:10:00,COLISIÓN POR ALCANCE,ASFALTO,Bueno,Bueno,2,ITALIKA,ARENA,2,,,MASCULINO,SIN DATOS,0,0,Morelia,Comision Federal de Electricidad,mayo,jueves,15,-101.181454106497,19.6813778162148
40519,40525,2022,,2022/05/26,15:30:00,COLISIÓN POR ALCANCE,ASFALTO,Bueno,Bueno,2,VOLKSWAGEN VENTO,BLANCO,2,,21,FEMENINO,SIN DATOS,0,0,Morelia,San Rafael,mayo,jueves,16,-101.154847598888,19.7005516372074
40520,40526,2022,,2022/05/26,15:45:00,COLISIÓN POR CAMBIO DE CARRIL,ASFALTO,Bueno,Malo,2,KENWORTH,BLANCO,2,,33,MASCULINO,SIN DATOS,0,0,Morelia,Enrique Arreguin Robles,mayo,jueves,16,-101.179334186018,19.7203247482077
40521,40527,2022,,2022/05/26,19:05:00,COLISIÓN POR CORTE DE CIRCULACIÓN,CONCRETO,Bueno,Bueno,2,VOLKSWAGEN,GRIS,2,,23,MASCULINO,SIN DATOS,0,0,Tarímbaro,Sin datos,mayo,jueves,19,-101.124259940354,19.7687104312853
40522,40528,2022,,2022/05/26,20:00:00,COLISIÓN POR CORTE DE CIRCULACIÓN,ASFALTO,Bueno,Bueno,1,NISSAN,GRIS,1,,19,MASCULINO,SIN DATOS,0,0,Morelia,Las Americas,mayo,jueves,20,-101.159062690355,19.6879724589338
40523,40529,2022,MOR220325686,2022/05/26,20:20:00,COLISIÓN POR CAMBIO DE CARRIL,ASFALTO,Lluvioso,Bueno,2,VOLVO,BLANCO,2,,0,MASCULINO,SIN DATOS,0,0,Morelia,Morelos,mayo,jueves,20,-101.185369156301,19.7240248887868
40524,40530,2022,,2022/05/26,21:00:00,COLISIÓN POR CORTE DE CIRCULACIÓN,ASFALTO,Bueno,Bueno,2,NISSAN,SIN DATOS,0,MINISTERIO PÚBLICO,,,,0,0,Lázaro Cárdenas,Centro,mayo,jueves,21,-102.196653851045,17.9576987841695
40525,40531,2022,,2022/05/26,22:30:00,COLISIÓN POR ALCANCE,ASFALTO,Lluvioso,Regular,2,NISSAN,BLANCO,2,,33,MASCULINO,SIN DATOS,0,0,Morelia,Felicitas del Rio,mayo,jueves,23,-101.195569658146,19.6902111910179
40526,40532,2022,,2022/05/27,"02:00:00",COLISIÓN CONTRA OBJETO FIJO,ASFALTO,Nublado,Bueno,1,SUZUKI,BLANCO,1,,22,MASCULINO,SIN DATOS,0,0,Morelia,Las Americas,mayo,viernes,2,-101.15906134925,19.6879711388311
40528,40534,2022,,2022/05/27,"08:00:00",COLISIÓN POR CORTE DE CIRCULACIÓN,ASFALTO,Bueno,Bueno,2,FORD,BLANCO,2,,63,MASCULINO,SIN DATOS,0,0,Morelia,Alberto Oviedo Mota,mayo,viernes,8,-101.1957362599,19.6815236646118
40529,40535,2022,MOR220326571,2022/05/27,"08:20:00",COLISIÓN CONTRA OBJETO FIJO,ASFALTO,Bueno,Bueno,1,GM,GRIS,1,,22,FEMENINO,SIN DATOS,0,0,Morelia,Enrique Arreguin Robles,mayo,viernes,8,-101.184198341585,19.719593099405
40530,40536,2022,,2022/05/27,10:45:00,COLISIÓN POR CORTE DE CIRCULACIÓN,ASFALTO,Bueno,Bueno,2,NISSAN,GRIS,2,,40,MASCULINO,SIN DATOS,0,0,Morelia,Villa Magna,mayo,viernes,11,-101.326643695883,19.6813448123232
40531,40537,2022,,2022/05/27,12:00:00,COLISIÓN POR CAMBIO DE CARRIL,ASFALTO,Bueno,Bueno,2,GENERAL MOTORS,BLANCO/AZUL,2,,47,MASCULINO,SIN DATOS,0,0,Morelia,Camelinas,mayo,viernes,12,-101.17075869981,19.6837967780615
40532,40538,2022,,2022/05/27,13:15:00,COLISIÓN CON PEATÓN,CONCRETO,Bueno,Bueno,1,HONDA,BLANCO,2,,63,MASCULINO,SIN DATOS,1,0,Morelia,Felicitas del Rio,mayo,viernes,13,-101.200322806835,19.6919909106131
40533,40539,2022,,2022/05/27,14:00:00,COLISIÓN POR CORTE DE CIRCULACIÓN,ASFALTO,Bueno,Bueno,2,KENWORTH,BLANCO,2,,,MASCULINO,SIN DATOS,0,0,Morelia,Sentimientos de La Nacion,mayo,viernes,14,-101.235643811524,19.6820659887427
40534,40540,2022,,2022/05/27,15:13:00,COLISIÓN POR CORTE DE CIRCULACIÓN,ASFALTO,Bueno,Bueno,2,CHEVROLET,BLANCO,2,,37,MASCULINO,SIN DATOS,0,0,Morelia,Vasco de Quiroga,mayo,viernes,15,-101.170059515,19.7076139849991
40535,40541,2022,,2022/05/27,16:00:00,COLISIÓN POR CAMBIO DE CARRIL,ASFALTO,Bueno,Bueno,2,VOLKSWAGEN,BLANCO,2,,24,MASCULINO,SIN DATOS,0,0,Morelia,Lomas de Hidalgo,mayo,viernes,16,-101.160815605388,19.6956857952119
40536,40542,2022,,2022/05/27,16:00:00,COLISIÓN POR ALCANCE,ASFALTO,Bueno,Bueno,2,MITSUBISHI,PLATA,2,,39,MASCULINO,SIN DATOS,0,0,Morelia,Ana Maria Gallaga (Riviera Ii),mayo,viernes,16,-101.223134994507,19.674292328551
40537,40543,2022,,2022/05/27,16:30:00,COLISIÓN POR CORTE DE CIRCULACIÓN,ASFALTO,Bueno,Bueno,2,TOYOTA,ARENA,3,,,MASCULINO,SIN DATOS,1,0,Morelia,Presa de Los Reyes,mayo,viernes,17,-101.21320953,19.7342015699991
40538,40544,2022,,2022/05/27,18:15:00,COLISIÓN POR ALCANCE,ASFALTO,Bueno,Bueno,2,JEEP,PLATA,2,,39,MASCULINO,SIN DATOS,0,0,Morelia,El Lago 1,mayo,viernes,18,-101.214452683926,19.7269845780476
40539,40545,2022,,2022/05/27,21:40:00,CAIDA DE MOTOCICLETA,ASFALTO,Bueno,Bueno,1,VENTO,NEGRO-AMARILLO,2,MINISTERIO PÚBLICO,19,,SIN DATOS,1,0,Hidalgo,Centro,mayo,viernes,22,-100.553271,19.691029
40540,40546,2022,MOR220328643,2022/05/27,21:50:00,COLISIÓN POR ALCANCE,ASFALTO,Bueno,Bueno,2,FORD,NEGRO,2,,28,MASCULINO,SIN DATOS,0,0,Morelia,Las Flores,mayo,viernes,22,-101.206859380685,19.7023265358023
40541,40547,2022,MOR220328712,2022/05/27,22:20:00,COLISIÓN POR MANIOBRA DE REVERSA,CONCRETO,Bueno,Bueno,3,VOLKSWAGEN,ROJO,3,,21,MASCULINO,SIN DATOS,0,0,Morelia,Villas del Pedregal,mayo,viernes,22,-101.308230391957,19.6780740934698
40542,40548,2022,MOR 220328866,2022/05/27,23:40:00,SALIDA DE SUPERFICIE DE RODAMIENTO,ASFALTO,Bueno,Regular,2,GMC,AZUL,2,,42,MASCULINO,CON CERTIFICADO,0,0,Morelia,Martires de Uruapan,mayo,viernes,0,-101.202586591244,19.7255162310595
40543,40549,2022,,2022/05/28,"00:01:00",COLISIÓN POR CORTE DE CIRCULACIÓN,ASFALTO,Bueno,Bueno,2,KIA,NEGRO,2,,35,FEMENINO,SIN DATOS,0,0,Morelia,Villas del Real,mayo,sábado,0,-101.201886974266,19.7333456570297
40544,40550,2022,,2022/05/28,"01:00:00",COLISIÓN CONTRA OBJETO FIJO,ASFALTO,Bueno,Bueno,1,HONDA,GRIS,1,,34,MASCULINO,SIN DATOS,0,0,Morelia,Ignaci0 Ramirez,mayo,sábado,1,-101.222825928467,19.725923569034
40545,40551,2022,,2022/05/28,"04:04:00",SALIDA DE SUPERFICIE DE RODAMIENTO,CONCRETO,Bueno,Bueno,1,FIAT,VERDE,1,,,,SIN DATOS,0,0,Morelia,Sin datos,mayo,sábado,4,-101.180645115674,19.7474651165775
40546,40552,2022,LEG43339,2022/05/28,"07:20:00",COLISIÓN POR CORTE DE CIRCULACIÓN,ASFALTO,Bueno,Bueno,2,ITALIKA,ROJO,3,,32,MASCULINO,SIN DATOS,1,0,Morelia,Isaac Arriaga,mayo,sábado,7,-101.17140722207,19.7077259769087
40547,40553,2022,,2022/05/28,10:25:00,COLISIÓN POR CORTE DE CIRCULACIÓN,CONCRETO,Bueno,Bueno,2,MAZDA,BLANCO,2,,33,FEMENINO,SIN DATOS,0,0,Morelia,Ventura Puente,mayo,sábado,10,-101.188013631506,19.6922967356076
40549,40555,2022,LEG43343,2022/05/28,11:15:00,COLISIÓN POR CAMBIO DE CARRIL,ASFALTO,Bueno,Regular,2,FORD,BLANCO/AZUL,2,,22,MASCULINO,SIN DATOS,0,0,Morelia,Enrique Arreguin Robles,mayo,sábado,11,-101.185413991871,19.723991434615
40550,40556,2022,,2022/05/28,12:05:00,COLISIÓN POR CAMBIO DE CARRIL,ASFALTO,Bueno,Bueno,2,HONDA,GRIS,2,,54,FEMENINO,SIN DATOS,0,0,Morelia,Vasco de Quiroga,mayo,sábado,12,-101.16825961931,19.6966545849147
40551,40557,2022,,2022/05/28,12:20:00,COLISIÓN CONTRA OBJETO FIJO,CONCRETO,Bueno,Bueno,2,CHEVROLET,BLANCO,2,,34,MASCULINO,SIN DATOS,0,0,Morelia,Rector Diaz Rubio,mayo,sábado,12,-101.197359595,19.6699094899991
40552,40558,2022,LEG43347,2022/05/28,14:58:00,COLISIÓN POR ALCANCE,ASFALTO,Bueno,Bueno,2,HONDA,GRIS,2,,,FEMENINO,SIN DATOS,0,0,Morelia,Buenavista,mayo,sábado,15,-101.163470260799,19.7072502246217
40553,40559,2022,MOR220330216,2022/05/28,15:10:00,COLISIÓN POR ALCANCE,CONCRETO,Bueno,Bueno,2,VOLKSWAGEN,BLANCO,2,,35,MASCULINO,SIN DATOS,0,0,Morelia,Elias Perez Avalos,mayo,sábado,15,-101.169284985148,19.7130625981856
40554,40560,2022,,2022/05/28,18:30:00,COLISIÓN POR CORTE DE CIRCULACIÓN,ASFALTO,Bueno,Bueno,2,MAZDA,ROJO,2,,33,MASCULINO,SIN DATOS,0,0,Morelia,Industrial,mayo,sábado,19,-101.200098811902,19.713607684789
40555,40561,2022,,2022/05/28,22:30:00,SUBIDA AL CAMELLÓN,CONCRETO,Bueno,Bueno,1,CHEVROLET,BLANCO,1,,62,MASCULINO,SIN DATOS,0,0,Morelia,Centro,mayo,sábado,23,-101.194033057176,19.7072027927849
40556,40562,2022,,2022/05/28,23:41:00,COLISIÓN CONTRA OBJETO FIJO,ASFALTO,Bueno,Bueno,2,NISSAN,ROJO/BLANCO,1,,27,MASCULINO,SIN DATOS,0,0,Morelia,La Hacienda,mayo,sábado,0,-101.319066912604,19.6740622093985
40557,40563,2022,,2022/05/28,23:43:00,COLISIÓN POR INVASIÓN DE CARRIL,ASFALTO,Nublado,Bueno,2,VOLKSWAGEN,BLANCO,0,MINISTERIO PÚBLICO,,,,0,0,Pátzcuaro,Ibarra,mayo,sábado,0,-101.619611419737,19.5407157612697
40558,40564,2022,,2022/05/28,23:50:00,COLISIÓN CONTRA OBJETO FIJO,ASFALTO,Bueno,Bueno,1,NISSAN,NEGRO,0,,,,,0,0,Morelia,Lomas del Valle,mayo,sábado,0,-101.229250431061,19.6852253626809
40559,40565,2022,,2022/05/29,"00:00:00",COLISIÓN POR ALCANCE,ASFALTO,Bueno,Bueno,3,TOYOTA,BLANCO,0,,,,,0,0,Lázaro Cárdenas,Segundo Sector de Fidelac,mayo,domingo,0,-102.208426401697,17.9614255642608
40560,40566,2022,,2022/05/29,"00:45:00",COLISIÓN POR CORTE DE CIRCULACIÓN,ASFALTO,Bueno,Bueno,2,FORD,NEGRO,2,MINISTERIO PÚBLICO,30,MASCULINO,SIN DATOS,0,0,Morelia,Tinijaro,mayo,domingo,1,-101.26316,19.6963297049991
40561,40567,2022,,2022/05/29,"01:17:00",SUBIDA AL CAMELLÓN,ASFALTO,Bueno,Bueno,1,JEEP,ROJO,1,,46,MASCULINO,SIN DATOS,0,0,Morelia,El Parian,mayo,domingo,1,-101.267292536795,19.6951478790844
40562,40568,2022,,2022/05/29,"04:59:00",COLISIÓN POR INVASIÓN DE CARRIL,CONCRETO,Bueno,Bueno,2,NISSAN,GRIS,2,,59,MASCULINO,SIN DATOS,0,0,Morelia,Lomas de Guayangareo,mayo,domingo,5,-101.160960056503,19.7026870450485
40563,40569,2022,MOR220332467,2022/05/29,11:40:00,COLISIÓN POR CORTE DE CIRCULACIÓN,CONCRETO,Bueno,Bueno,2,ITALIKA,GRIS,2,,18,MASCULINO,SIN DATOS,0,0,Morelia,Arboledas de Valladolid,mayo,domingo,12,-101.250298029996,19.6966583154307
40564,40570,2022,MOR220332653,2022/05/29,12:10:00,COLISIÓN POR CORTE DE CIRCULACIÓN,ASFALTO,Bueno,Bueno,2,NISSAN,BLANCO,2,,54,MASCULINO,SIN DATOS,0,0,Morelia,Vasco de Quiroga,mayo,domingo,12,-101.175290390171,19.7049501805352
40565,40571,2022,MOR 220332921,2022/05/29,14:20:00,COLISIÓN POR ALCANCE,ASFALTO,Bueno,Regular,3,S/D,S/D,2,MINISTERIO PÚBLICO,40,FEMENINO,SIN DATOS,0,0,Morelia,Puerto de Buenavista,mayo,domingo,14,-101.13015152514,19.6859801272179
40566,40572,2022,,2022/05/29,16:37:00,COLISIÓN CONTRA OBJETO FIJO,ASFALTO,Bueno,Bueno,2,VOLKSWAGEN,BLANCO,1,,56,MASCULINO,SIN DATOS,0,0,Morelia,Periodistas,mayo,domingo,17,-101.146036908031,19.686127894198
40567,40573,2022,,2022/05/29,18:00:00,COLISIÓN POR ALCANCE,ASFALTO,Bueno,Bueno,2,VENTO,NEGRO,2,,29,,SIN DATOS,0,0,Morelia,Adolfo Lopez Mateos,mayo,domingo,18,-101.224557997831,19.6928905917037
40568,40574,2022,,2022/05/29,18:30:00,COLISIÓN POR CORTE DE CIRCULACIÓN,ASFALTO,Bueno,Bueno,2,NISSAN,BLANCO Y ROJO,2,,73,MASCULINO,SIN DATOS,0,0,Morelia,Jose Ma Pino Suarez,mayo,domingo,19,-101.162737377666,19.7231412205244
40569,40575,2022,,2022/05/29,20:00:00,COLISIÓN POR CORTE DE CIRCULACIÓN,ASFALTO,Bueno,Bueno,2,CHEVROLET,BLANCO,0,MINISTERIO PÚBLICO,,,,0,0,Lázaro Cárdenas,Sin datos,mayo,domingo,20,-102.225776209749,17.9344061225583
40570,40576,2022,,2022/05/29,21:00:00,COLISIÓN POR ALCANCE,ASFALTO,Bueno,Bueno,2,VOLKSWAGEN,AZUL,2,,30,MASCULINO,SIN DATOS,0,0,Morelia,Prados Verdes,mayo,domingo,21,-101.1979022,19.7167822649991
40571,40577,2022,MOR 220334158,2022/05/29,22:30:00,COLISIÓN POR ALCANCE,ASFALTO,Bueno,Regular,2,HONDA,BLANCO,2,,21,MASCULINO,SIN DATOS,0,0,Morelia,Felix Ireta,mayo,domingo,23,-101.187071048402,19.6812818179345
40572,40578,2022,,2022/05/29,23:15:00,COLISIÓN CONTRA OBJETO FIJO,ASFALTO,Bueno,Regular,1,CHEVROLET,ARTENA,0,,,,,0,0,Copándaro,Sin datos,mayo,domingo,23,-101.18106082758,19.8895514304572
40573,40579,2022,LEG43361,2022/05/29,23:20:00,COLISIÓN POR CORTE DE CIRCULACIÓN,ASFALTO,Bueno,Bueno,2,NISSAN,BLANCO,2,,27,MASCULINO,SIN DATOS,0,0,Morelia,Chapultepec Sur,mayo,domingo,23,-101.17708521472,19.6919618117319
40574,40580,2022,LEG43364,2022/05/30,"00:00:00",COLISIÓN POR ALCANCE,CONCRETO,Bueno,Bueno,2,FORD,NEGRO,2,,23,MASCULINO,SIN DATOS,0,0,Morelia,La Aldea,mayo,lunes,0,-101.135663645255,19.7450724546328
40575,40581,2022,MOR220334415,2022/05/30,"01:58:00",COLISIÓN CONTRA OBJETO FIJO,ASFALTO,Bueno,Bueno,1,FIAT,ROJO,1,,0,,SIN DATOS,0,0,Morelia,Jesus Romero Flores,mayo,lunes,2,-101.181581773508,19.7320621853037
40576,40582,2022,MOR220335054,2022/05/30,11:50:00,COLISIÓN POR ALCANCE,ASFALTO,Bueno,Bueno,2,NISSAN,BLANCO,2,,41,MASCULINO,SIN DATOS,0,0,Morelia,Tierra Y Libertad,mayo,lunes,12,-101.225547114612,19.7164236165892
40577,40583,2022,MOR220335237,2022/05/30,12:45:00,SALIDA DE SUPERFICIE DE RODAMIENTO,ASFALTO,Bueno,Bueno,2,CHEVROLET,AZUL,2,,34,MASCULINO,SIN DATOS,0,0,Tarímbaro,Sin datos,mayo,lunes,13,-101.158266805995,19.766484
40578,40584,2022,,2022/05/30,12:50:00,COLISIÓN POR NO RESPETAR SEMÁFORO,ASFALTO,Bueno,Bueno,2,CHEVROLET,ROJO,2,,24,MASCULINO,SIN DATOS,0,0,Morelia,San Rafael,mayo,lunes,13,-101.152968146101,19.7007687948401
40579,40585,2022,,2022/05/30,13:50:00,COLISIÓN POR CAMBIO DE CARRIL,ASFALTO,Bueno,Bueno,2,CHRYSLER,BLANCO,2,,,MASCULINO,SIN DATOS,0,0,Morelia,La Huerta,mayo,lunes,14,-101.216158176792,19.6721810649028
40581,40587,2022,,2022/05/30,15:30:00,COLISIÓN POR CAMBIO DE CARRIL,ASFALTO,Bueno,Bueno,2,KENWORTH,BLANCO,2,,53,MASCULINO,SIN DATOS,0,0,Morelia,Tinijaro,mayo,lunes,16,-101.26316,19.6963297049991
40582,40588,2022,LEG43373,2022/05/30,16:10:00,COLISIÓN POR MANIOBRA DE REVERSA,ADOQUIN_EMPEDRADO,Nublado,Bueno,2,BMW,NEGRO,2,MINISTERIO PÚBLICO,36,MASCULINO,SIN DATOS,0,0,Morelia,Ejidal Ocolusen,mayo,lunes,16,-101.158775539853,19.6876329622024
40583,40589,2022,MOR220335879,2022/05/30,16:40:00,COLISIÓN POR ALCANCE,ASFALTO,Bueno,Bueno,2,CHEVROLET,BLANCO Y ROJO,2,,62,MASCULINO,SIN DATOS,0,0,Morelia,Centro,mayo,lunes,17,-101.18754847,19.7028479949991
40584,40590,2022,,2022/05/30,17:00:00,COLISIÓN POR CORTE DE CIRCULACIÓN,ASFALTO,Bueno,Bueno,2,FIAT,GRIS,0,MINISTERIO PÚBLICO,,,,0,0,Lázaro Cárdenas,Centro,mayo,lunes,17,-102.190797552466,17.9542370014878
40585,40591,2022,,2022/05/30,17:05:00,COLISIÓN CONTRA OBJETO FIJO,ASFALTO,Bueno,Bueno,1,KENWORTH,AZUL,1,MINISTERIO PÚBLICO,44,,SIN DATOS,0,0,Morelia,Los Manantiales de Morelia,mayo,lunes,17,-101.237731575966,19.701476149112
40586,40592,2022,,2022/05/30,17:30:00,COLISIÓN CONTRA OBJETO FIJO,ASFALTO,Bueno,Bueno,2,CHEVROLET,AMARILLO,2,,33,MASCULINO,SIN DATOS,0,0,Morelia,Guadalupe,mayo,lunes,18,-101.22549369254,19.7067250303341
40587,40593,2022,,2022/05/30,18:45:00,COLISIÓN POR CAMBIO DE CARRIL,CONCRETO,Bueno,Bueno,2,NISSAN,GRIS,2,,48,FEMENINO,SIN DATOS,0,0,Morelia,Gral Gertrudis Sanchez,mayo,lunes,19,-101.2094753,19.7439916449991
40588,40594,2022,,2022/05/30,21:00:00,COLISIÓN POR CORTE DE CIRCULACIÓN,CONCRETO,Bueno,Bueno,2,CHEVROLET,BLANCO,2,,0,MASCULINO,SIN DATOS,0,0,Morelia,Sitio de Cuautla,mayo,lunes,21,-101.249597531047,19.7086264449279
40589,40595,2022,,2022/05/30,23:00:00,COLISIÓN POR ALCANCE,ASFALTO,Bueno,Bueno,2,CHEVROLET CRUZIE,GRIS,2,,33,FEMENINO,SIN DATOS,0,0,Morelia,El Durazno,mayo,lunes,23,-101.181022301316,19.6565607917983
40590,40596,2022,,2022/05/31,"03:25:00",COLISIÓN CONTRA OBJETO FIJO,ASFALTO,Bueno,Bueno,1,VOLKSWAGEN,ROJO,1,,50,MASCULINO,SIN DATOS,0,0,Morelia,San Isidro Itzicuaro Norte,mayo,martes,3,-101.273119940676,19.6992757400223
40591,40597,2022,,2022/05/31,"06:40:00",COLISIÓN CONTRA OBJETO FIJO,ASFALTO,Bueno,Bueno,1,NISSAN,ROJO,1,,0,MASCULINO,SIN DATOS,0,0,Morelia,Praderas del Indio,mayo,martes,7,-101.223494028547,19.6450845894654
40592,40598,2022,,2022/05/31,"06:50:00",COLISIÓN CONTRA OBJETO FIJO,ASFALTO,Bueno,Bueno,1,VOLKSWAGEN,AZUL,1,,0,MASCULINO,SIN DATOS,0,0,Morelia,Praderas del Indio,mayo,martes,7,-101.223494028547,19.6450845894654
40593,40599,2022,,2022/05/31,10:40:00,COLISIÓN POR MANIOBRA DE REVERSA,SIN_DATOS,Bueno,Bueno,2,TOYOTA,BLANCO,2,,62,MASCULINO,SIN DATOS,0,0,Morelia,Los Llanos,mayo,martes,11,-101.249473180305,19.7163801578225
40594,40600,2022,MOR220337512,2022/05/31,11:20:00,COLISIÓN POR CORTE DE CIRCULACIÓN,ASFALTO,Bueno,Bueno,2,KEENWORTH,BLANCO,2,,55,MASCULINO,SIN DATOS,0,0,Morelia,Elias Perez Avalos,mayo,martes,11,-101.167813022979,19.7136335493406
40595,40601,2022,,2022/05/31,11:31:00,COLISIÓN CONTRA OBJETO FIJO,ASFALTO,Bueno,Bueno,1,FORD,GRIS,1,,64,MASCULINO,SIN DATOS,0,0,Morelia,Nicolaitas Ilustres,mayo,martes,12,-101.225908725,19.7242452999992
40596,40602,2022,,2022/05/31,12:18:00,CAIDA DE MOTOCICLETA,ASFALTO,Bueno,Bueno,1,KYMCO,ROJO,1,,67,MASCULINO,SIN DATOS,0,0,Morelia,Diego Rivera,mayo,martes,12,-101.175290114293,19.7197431909038
40598,40604,2022,,2022/05/31,14:40:00,COLISIÓN POR MANIOBRA DE REVERSA,ASFALTO,Bueno,Bueno,1,FREIGHTLINER,BLANCO,1,,,MASCULINO,SIN DATOS,0,0,Morelia,Articulo Constitucional,mayo,martes,15,-101.173022635,19.7148778399992
40599,40605,2022,,2022/05/31,16:43:00,COLISIÓN CONTRA OBJETO FIJO,CONCRETO,Bueno,Bueno,1,CHEVROLET,BLANCO,1,,42,MASCULINO,SIN DATOS,0,0,Morelia,Exhacienda del Quinceo,mayo,martes,17,-101.234,19.7301
40600,40606,2022,MOR220338546,2022/05/31,18:15:00,COLISIÓN POR ALCANCE,ASFALTO,Nublado,Malo,2,VOLKSWAGEN,AMARILLO,2,,37,MASCULINO,SIN DATOS,0,0,Morelia,Gertrudis Sanchez,mayo,martes,18,-101.205776745,19.7441101549991
40601,40607,2022,,2022/05/31,18:40:00,COLISIÓN POR ALCANCE,ASFALTO,Bueno,Bueno,2,TOYOTA,BLANCO,2,,55,MASCULINO,SIN DATOS,0,0,Morelia,Lomas de San Juan,mayo,martes,19,-101.183039681886,19.7298664251429
40602,40608,2022,MOR 220338588,2022/05/31,19:20:00,COLISIÓN POR CAMBIO DE CARRIL,ASFALTO,Bueno,Regular,2,VENTO,BLANCO,2,MINISTERIO PÚBLICO,26,MASCULINO,SIN DATOS,0,0,Morelia,Eduardo Ruiz,mayo,martes,19,-101.221859682349,19.7216992118204
40603,40609,2022,MOR220339099,2022/05/31,21:00:00,COLISIÓN POR CORTE DE CIRCULACIÓN,ASFALTO,Bueno,Bueno,2,JEEP,NEGRO,2,,39,FEMENINO,SIN DATOS,0,0,Morelia,Chapultepec Sur,mayo,martes,21,-101.17461003,19.6919523499992
40604,40610,2022,,2022/06/01,"00:00:00",COLISIÓN CONTRA OBJETO FIJO,CONCRETO,Bueno,Bueno,1,INTERNATIONAL,BLANCO,1,MINISTERIO PÚBLICO,44,MASCULINO,SIN DATOS,0,0,Morelia,Chapultepec Oriente,junio,miércoles,0,-101.163513865,19.6893842749991
40605,40611,2022,,2022/06/01,"07:20:00",COLISIÓN POR CORTE DE CIRCULACIÓN,ASFALTO,Bueno,Bueno,1,ITALIKA,ROJO,0,,,,,0,0,Morelia,Morelos,junio,miércoles,7,-101.18131852377,19.7261651713381
40606,40612,2022,,2022/06/01,"08:00:00",COLISIÓN POR CAMBIO DE CARRIL,ASFALTO,Bueno,Bueno,2,TOYOTA,BLANCO/MORADO,2,,33,MASCULINO,SIN DATOS,0,0,Morelia,5 de Mayo,junio,miércoles,8,-101.17646606922,19.7040563602475
40607,40613,2022,LEG43411,2022/06/01,"09:15:00",COLISIÓN POR ALCANCE,ASFALTO,Bueno,Bueno,4,HYUNDAI,GRIS,4,,0,MASCULINO,SIN DATOS,0,0,Morelia,Lomas de Huerta,junio,miércoles,9,-101.214321286164,19.6743459980989
40608,40614,2022,,2022/06/01,10:00:00,COLISIÓN POR CORTE DE CIRCULACIÓN,CONCRETO,Bueno,Bueno,2,FREIGHTLINER,BLANCO/AZUL,2,,32,MASCULINO,SIN DATOS,0,0,Morelia,Primo Tapia,junio,miércoles,10,-101.212557703257,19.7094249576812
40609,40615,2022,MOR220339776,2022/06/01,11:10:00,COLISIÓN POR INVASIÓN DE CARRIL,ASFALTO,Bueno,Bueno,2,TOYOTA,AZUL,2,,79,MASCULINO,SIN DATOS,0,0,Charo,Sin datos,junio,miércoles,11,-100.954898700796,19.6447072550909
40610,40616,2022,,2022/06/01,12:35:00,SALIDA DE SUPERFICIE DE RODAMIENTO,ASFALTO,Bueno,Bueno,1,CHEVROLET,NEGRO,0,,,,,0,0,Tocumbo,La Libertad,junio,miércoles,13,-102.486114799976,19.6198431293473
40611,40617,2022,MOR220340825,2022/06/01,16:30:00,COLISIÓN POR ALCANCE,ASFALTO,Bueno,Malo,2,FREIGHTLINER,BLANCO,2,,65,MASCULINO,SIN DATOS,0,0,Morelia,Lomas del Punhuato,junio,miércoles,17,-101.145876,19.6987015
40612,40618,2022,,2022/06/01,18:57:00,VOLCADURA,ASFALTO,Lluvioso,Bueno,1,DODGE,GRIS,1,,21,MASCULINO,SIN DATOS,0,0,Morelia,Division del Norte,junio,miércoles,19,-101.163150133049,19.711404544492
40613,40619,2022,,2022/06/01,20:00:00,COLISIÓN POR CORTE DE CIRCULACIÓN,CONCRETO,Lluvioso,Bueno,2,NISSAN,BLANCO,2,,27,MASCULINO,SIN DATOS,0,0,Morelia,Arboledas de Valladolid,junio,miércoles,20,-101.249727513545,19.6942937106911
40614,40620,2022,,2022/06/01,20:10:00,COLISIÓN CONTRA OBJETO FIJO,ASFALTO,Bueno,Bueno,1,RENAULT,NEGRO,1,,30,FEMENINO,SIN DATOS,0,0,Morelia,El Realito,junio,miércoles,20,-101.204310581088,19.7257319880835
40615,40621,2022,,2022/06/01,22:00:00,COLISIÓN CONTRA OBJETO FIJO,TERRACERIA,Bueno,Bueno,1,VOLKSWAGEN,BLANCO,1,MINISTERIO PÚBLICO,22,FEMENINO,SIN DATOS,0,0,Morelia,El Porvenir,junio,miércoles,22,-101.2032125,19.7124005
40616,40622,2022,LEG43412,2022/06/02,"00:00:00",COLISIÓN POR ALCANCE,ASFALTO,Bueno,Bueno,2,HONDA,BLANCO,2,,39,MASCULINO,SIN DATOS,0,0,Morelia,Clara Cordova Moran,junio,jueves,0,-101.182848916136,19.7323488159461
40617,40623,2022,MOR220342121,2022/06/02,"08:40:00",COLISIÓN POR ALCANCE,ASFALTO,Bueno,Bueno,2,NISSAN,BLANCO,2,,39,MASCULINO,SIN DATOS,0,0,Morelia,Jesus Romero Flores,junio,jueves,9,-101.182911338457,19.7316548061147