fid,id_accidente,anio_origen,folio_c5i,dia_incidente,hora_ocurrencia,tipo_incidente_vial,superficie_ocurrencia,condiciones_climaticas,condiciones_via,numero_vehiculos_involucrados,marca_vehiculo_ocasiona_siniestro,color_vehiculo_ocasiona_siniestro,numero_personas_involucradas,lugar_remite_presunto_responsable,edad_presunto_responsable,sexo_presunto_responsable,resultados_toxicologia,numero_personas_lesionadas,numero_personas_fallecidas,municipio,colonia,mes,dia_semana,hora_redondeada,lon,lat
40618,40624,2022,MOR220342798,2022/06/02,10:00:00,COLISIÓN POR CAMBIO DE CARRIL,ASFALTO,Bueno,Regular,2,TOYOTA,BLANCO/GRIS,2,,26,MASCULINO,SIN DATOS,0,0,Morelia,Los Manantiales de Morelia,junio,jueves,10,-101.241695210338,19.6957845684106
40619,40625,2022,,2022/06/02,12:36:00,COLISIÓN POR CORTE DE CIRCULACIÓN,ASFALTO,Bueno,Bueno,2,NISSAN,BLANCO,2,,44,MASCULINO,SIN DATOS,0,0,Morelia,Division del Norte,junio,jueves,13,-101.164728521622,19.7139728346573
40620,40626,2022,LEG43419,2022/06/02,14:37:00,COLISIÓN POR INVASIÓN DE CARRIL,CONCRETO,Bueno,Bueno,2,KAWASAKI,AZUL/BLANCO,3,,46,MASCULINO,SIN DATOS,1,0,Morelia,Indeco Expropiacion Petrolera,junio,jueves,15,-101.2282150679,19.6843234287259
40621,40627,2022,,2022/06/02,14:40:00,COLISIÓN POR CORTE DE CIRCULACIÓN,ASFALTO,Bueno,Bueno,2,JEEP,AZUL,2,,21,MASCULINO,SIN DATOS,0,0,Morelia,Campestre Los Manantiales,junio,jueves,15,-101.238161064684,19.6877703685666
40622,40628,2022,,2022/06/02,15:15:00,COLISIÓN POR CORTE DE CIRCULACIÓN,SIN_DATOS,Bueno,Bueno,2,NISSAN,BLANCO CON NEGRO,2,,46,MASCULINO,SIN DATOS,0,0,Morelia,Chapultepec Oriente,junio,jueves,15,-101.162624359131,19.6904542008016
40623,40629,2022,,2022/06/02,15:40:00,COLISIÓN POR CAMBIO DE CARRIL,ASFALTO,Bueno,Bueno,2,STARLEN,BLANCO,2,,49,MASCULINO,SIN DATOS,0,0,Morelia,Rinconada del Valle,junio,jueves,16,-101.218280592427,19.6790227853159
40624,40630,2022,,2022/06/02,16:25:00,COLISIÓN POR ALCANCE,ASFALTO,Bueno,Bueno,2,NISSAN,AZUL,2,,19,MASCULINO,SIN DATOS,0,0,Morelia,Centro,junio,jueves,16,-101.201579004442,19.6989491744242
40625,40631,2022,,2022/06/02,17:41:00,COLISIÓN POR ALCANCE,ASFALTO,Bueno,Bueno,2,ITALIKA,AZUL/AMARILLO,2,,16,MASCULINO,SIN DATOS,0,0,Morelia,Centro,junio,jueves,18,-101.186520921239,19.7008191659912
40626,40632,2022,,2022/06/02,18:00:00,COLISIÓN POR CORTE DE CIRCULACIÓN,ASFALTO,Bueno,Bueno,2,ITALIKA,BLANCO,2,MINISTERIO PÚBLICO,21,MASCULINO,SIN DATOS,0,0,Morelia,Tinijaro,junio,jueves,18,-101.259464845061,19.6969268837809
40627,40633,2022,,2022/06/02,19:20:00,CAIDA DE MOTOCICLETA,ASFALTO,Bueno,Bueno,1,HONDA,BLANCO /NEGRO,1,,30,MASCULINO,SIN DATOS,0,0,Morelia,Los Fresnos,junio,jueves,19,-101.12097297541,19.7305625163343
40628,40634,2022,,2022/06/02,21:00:00,COLISIÓN CONTRA OBJETO FIJO,SIN_DATOS,Bueno,Bueno,2,NISSAN,BLANCO,0,MINISTERIO PÚBLICO,,,,0,0,Lázaro Cárdenas,Segundo Sector de Fidelac,junio,jueves,21,-102.211070084438,17.9619668272022
40629,40635,2022,MOR220343649,2022/06/02,21:00:00,COLISIÓN POR CORTE DE CIRCULACIÓN,ASFALTO,Bueno,Bueno,2,ITALIKA,NEGRO Y AZUL,3,,17,MASCULINO,SIN DATOS,1,0,Tarímbaro,Sin datos,junio,jueves,21,-101.239003674552,19.7804031919135
40630,40636,2022,,2022/06/02,22:10:00,COLISIÓN CONTRA OBJETO FIJO,SIN_DATOS,Bueno,Bueno,2,ITALIKA,ROJO,2,MINISTERIO PÚBLICO,,MASCULINO,SIN DATOS,0,0,Morelia,Morelos,junio,jueves,22,-101.179792508483,19.725956696403
40631,40637,2022,,2022/06/02,23:40:00,COLISIÓN POR CORTE DE CIRCULACIÓN,CONCRETO,Bueno,Bueno,2,HONDA,BLANCO,2,,,MASCULINO,SIN DATOS,0,0,Morelia,Jardines de Guadalupe,junio,jueves,0,-101.22071701356,19.7111538766204
40632,40638,2022,LEG43429,2022/06/03,"08:30:00",COLISIÓN POR ALCANCE,ASFALTO,Bueno,Bueno,2,VOLKSWAGEN,ROJO,2,,30,MASCULINO,SIN DATOS,0,0,Morelia,Morelia 450,junio,viernes,9,-101.216561296438,19.6754313819233
40634,40640,2022,,2022/06/03,10:15:00,COLISIÓN POR ALCANCE,ASFALTO,Bueno,Bueno,2,TOYOTA,GRIS,2,,60,FEMENINO,SIN DATOS,0,0,Morelia,Insurgentes,junio,viernes,10,-101.154540928257,19.6969391869908
40635,40641,2022,,2022/06/03,11:00:00,COLISIÓN POR ALCANCE,ASFALTO,Bueno,Bueno,2,NISSAN,BLANCO/AZUL,2,,30,MASCULINO,SIN DATOS,0,0,Morelia,Ventura Puente,junio,viernes,11,-101.189027975,19.6947904149991
40636,40642,2022,,2022/06/03,11:20:00,COLISIÓN POR CAMBIO DE CARRIL,ASFALTO,Bueno,Bueno,2,HONDA,BLANCO,2,,37,MASCULINO,SIN DATOS,0,0,Morelia,Irrigacion,junio,viernes,11,-101.22520209,19.7051928999992
40637,40643,2022,,2022/06/03,14:10:00,SALIDA DE SUPERFICIE DE RODAMIENTO,ASFALTO,Bueno,Bueno,1,NISSAN,GRIS,1,,,MASCULINO,SIN DATOS,0,0,Morelia,Sin datos,junio,viernes,14,-101.251188046133,19.7935984169223
40638,40644,2022,,2022/06/03,14:30:00,COLISIÓN POR ALCANCE,ASFALTO,Bueno,Bueno,2,CHEVROLET,VINO,2,,36,MASCULINO,SIN DATOS,0,0,Morelia,Felix Ireta,junio,viernes,15,-101.185295090758,19.6812610111258
40639,40645,2022,,2022/06/03,14:30:00,COLISIÓN POR ALCANCE,ASFALTO,Bueno,Bueno,2,FORD,BLANCO/ROJO,2,,40,MASCULINO,SIN DATOS,0,0,Morelia,Felix Ireta,junio,viernes,15,-101.188582604864,19.6860148664875
40640,40646,2022,,2022/06/03,15:10:00,COLISIÓN POR CAMBIO DE CARRIL,CONCRETO,Bueno,Bueno,2,CHEVROLET,ARENA,2,,25,MASCULINO,SIN DATOS,0,0,Morelia,Ciudad Industrial,junio,viernes,15,-101.130740424081,19.7365358564376
40641,40647,2022,MOR220344891,2022/06/03,15:35:00,COLISIÓN POR INVASIÓN DE CARRIL,ASFALTO,Bueno,Bueno,2,KURAZAI,NEGRO,2,,34,MASCULINO,SIN DATOS,0,0,Morelia,Camponubes,junio,viernes,16,-101.2902890993,19.6979150011112
40643,40649,2022,LEG43445,2022/06/03,17:38:00,COLISIÓN POR CORTE DE CIRCULACIÓN,ASFALTO,Bueno,Bueno,2,VENTO,GRIS,2,,22,MASCULINO,SIN DATOS,0,0,Morelia,Jardines del Toreo,junio,viernes,18,-101.214179403412,19.6879679533691
40644,40650,2022,,2022/06/03,17:40:00,COLISIÓN POR CORTE DE CIRCULACIÓN,ASFALTO,Bueno,Bueno,2,SUZUKI,AZUL,2,MINISTERIO PÚBLICO,30,MASCULINO,SIN DATOS,0,0,Morelia,Cuauhtemoc,junio,viernes,18,-101.17854569,19.6974281599991
40646,40652,2022,,2022/06/03,18:00:00,COLISIÓN POR CORTE DE CIRCULACIÓN,CONCRETO,Bueno,Bueno,2,NISSAN,ROJO,2,MINISTERIO PÚBLICO,25,MASCULINO,SIN DATOS,0,0,Morelia,Bosques de Oriente,junio,viernes,18,-101.156227989611,19.7180639328132
40647,40653,2022,,2022/06/03,18:45:00,COLISIÓN POR ALCANCE,CONCRETO,Bueno,Bueno,2,NISSAN,BLANCO,2,,17,MASCULINO,SIN DATOS,0,0,Morelia,Felix Ireta,junio,viernes,19,-101.184207685,19.6879676749991
40648,40654,2022,MOR220343763,2022/06/03,20:55:00,COLISIÓN POR CORTE DE CIRCULACIÓN,ASFALTO,Bueno,Bueno,2,S/D,BLANCO,2,,0,,SIN DATOS,0,0,Morelia,La Luz,junio,viernes,21,-101.299806945026,19.6873423103697
40650,40656,2022,MOR2200347885,2022/06/04,"00:00:00",COLISIÓN POR CORTE DE CIRCULACIÓN,ASFALTO,Bueno,Bueno,2,CHEVROLET,AZUL MARINO,2,,54,FEMENINO,SIN DATOS,0,0,Morelia,Ignacio Zaragoza,junio,sábado,0,-101.204222336317,19.723849518802
40651,40657,2022,MOR2200347877,2022/06/04,"00:00:00",COLISIÓN CONTRA OBJETO FIJO,ASFALTO,Bueno,Bueno,1,CHEVROLET,NEGRO,1,,62,MASCULINO,SIN DATOS,0,0,Morelia,Villas del Pedregal,junio,sábado,0,-101.304507120087,19.6876066470631
40652,40658,2022,MOR 220348839,2022/06/04,"00:00:00",COLISIÓN CONTRA OBJETO FIJO,ASFALTO,Nublado,Regular,1,NISSAN,GRIS,0,,,,,0,0,Morelia,Valle Dorado del Sur (El Rosario),junio,sábado,0,-101.189033602445,19.656151106621
40653,40659,2022,,2022/06/04,"03:00:00",COLISIÓN CONTRA OBJETO FIJO,CONCRETO,Lluvioso,Malo,2,VOLKSWAGEN,ROJO,2,MINISTERIO PÚBLICO,21,MASCULINO,SIN DATOS,0,0,Morelia,Felix Ireta,junio,sábado,3,-101.19214836,19.6911467449992
40654,40660,2022,MOR 220347311,2022/06/04,"08:20:00",COLISIÓN POR CORTE DE CIRCULACIÓN,CONCRETO,Bueno,Bueno,2,NISSAN,BLANCO/VERDE,2,,48,MASCULINO,SIN DATOS,0,0,Morelia,Gertrudis Sanchez,junio,sábado,8,-101.199939641271,19.7431207163356
40655,40661,2022,MOR220347549,2022/06/04,11:00:00,COLISIÓN POR CORTE DE CIRCULACIÓN,CONCRETO,Bueno,Bueno,2,FORD,GRIS,1,,46,MASCULINO,SIN DATOS,0,0,Morelia,Lucio Cabañas(26 de Julio),junio,sábado,11,-101.24803165482,19.7115844248602
40656,40662,2022,,2022/06/04,11:45:00,COLISIÓN POR ALCANCE,ASFALTO,Bueno,Bueno,2,INTERNATIONAL,AMARILLO/GUINDA,2,,56,MASCULINO,SIN DATOS,0,0,Morelia,Lazaro Cardenas,junio,sábado,12,-101.164980132847,19.7101528819772
40657,40663,2022,,2022/06/04,12:44:00,COLISIÓN POR ALCANCE,ASFALTO,Bueno,Bueno,2,SEAT,ROJO,2,,33,FEMENINO,SIN DATOS,0,0,Morelia,Del Empleado,junio,sábado,13,-101.179720454596,19.6907178436195
40658,40664,2022,,2022/06/04,14:00:00,COLISIÓN POR ALCANCE,ASFALTO,Bueno,Bueno,2,NISSAN,BLANCO/VERDE,2,MINISTERIO PÚBLICO,63,MASCULINO,SIN DATOS,0,0,Morelia,Villa Universidad,junio,sábado,14,-101.202800162137,19.6854305556652
40659,40665,2022,MOR2200347841,2022/06/04,14:00:00,COLISIÓN POR CAMBIO DE CARRIL,ASFALTO,Bueno,Bueno,2,DINA,BLANCO,2,,20,MASCULINO,SIN DATOS,0,0,Morelia,Nueva Valladolid,junio,sábado,14,-101.211171435,19.7020055149992
40660,40666,2022,,2022/06/04,15:12:00,COLISIÓN POR ALCANCE,ASFALTO,Bueno,Bueno,2,NISSAN,AZUL,2,,23,MASCULINO,SIN DATOS,0,0,Morelia,Pascual Ortiz de Ayala,junio,sábado,15,-101.149528808892,19.6947091654648
40661,40667,2022,,2022/06/04,16:15:00,COLISIÓN POR ALCANCE,ASFALTO,Nublado,Bueno,2,TOYOTA,BLANCO,2,,45,MASCULINO,SIN DATOS,0,0,Morelia,Hermanos Lopez Rayon,junio,sábado,16,-101.220990833954,19.6763501570814
40662,40668,2022,MOR2200347987,2022/06/04,17:00:00,COLISIÓN POR ALCANCE,ASFALTO,Bueno,Bueno,2,ISUZU,BLANCO,2,,34,MASCULINO,SIN DATOS,0,0,Morelia,Tinijaro,junio,sábado,17,-101.26316,19.6963297049991
40663,40669,2022,MOR220348574,2022/06/04,18:20:00,COLISIÓN POR ALCANCE,ASFALTO,Bueno,Regular,3,DODGE,BLANCO,3,,,,SIN DATOS,0,0,Morelia,Francisco J Mujica,junio,sábado,18,-101.191259592093,19.722732193427
40664,40670,2022,,2022/06/04,18:40:00,COLISIÓN POR INVASIÓN DE CARRIL,ASFALTO,Nublado,Regular,2,ITALIKA,NEGRO-AMARILLO,4,MINISTERIO PÚBLICO,,MASCULINO,SIN DATOS,2,0,Irimbo,Sin datos,junio,sábado,19,-100.494902171195,19.69190441745
40665,40671,2022,MOR220349060,2022/06/04,21:00:00,COLISIÓN CONTRA OBJETO FIJO,ASFALTO,Bueno,Bueno,1,CHEVROLET,GRIS,0,,,,,0,0,Morelia,Indeco Santiaguito,junio,sábado,21,-101.17854192853,19.7201136033151
40666,40672,2022,,2022/06/04,21:35:00,COLISIÓN POR MANIOBRA DE REVERSA,TERRACERIA,Bueno,Bueno,2,VOLSKWAGEN,ARENA,2,,27,FEMENINO,SIN DATOS,0,0,Morelia,Tres Puentes,junio,sábado,22,-101.212925449046,19.7094599282655
40667,40673,2022,,2022/06/04,22:10:00,COLISIÓN POR CORTE DE CIRCULACIÓN,ASFALTO,Bueno,Bueno,2,CHEVROLET,BLANCO,2,MINISTERIO PÚBLICO,69,MASCULINO,SIN DATOS,0,0,Morelia,Torreon Nuevo,junio,sábado,22,-101.20358663,19.7462449699991
40668,40674,2022,MOR220349654,2022/06/05,"02:40:00",COLISIÓN CONTRA OBJETO FIJO,CONCRETO,Bueno,Bueno,1,FORD,GRIS,0,,,,,0,0,Morelia,Primo Tapia,junio,domingo,3,-101.212443374097,19.7136360337154
40669,40675,2022,MOR220349750,2022/06/05,"03:38:00",COLISIÓN CONTRA OBJETO FIJO,ASFALTO,Bueno,Bueno,1,TOYOTA,GRIS,1,,24,MASCULINO,SIN DATOS,0,0,Morelia,Dr Miguel Silva,junio,domingo,4,-101.184399537742,19.7194917873011
40670,40676,2022,MOR 220349750,2022/06/05,"04:10:00",COLISIÓN CONTRA OBJETO FIJO,ASFALTO,Lluvioso,Regular,1,CHEVROLET,BLANCO,1,,,,SIN DATOS,0,0,Morelia,Bosques Tres Marias,junio,domingo,4,-101.105252578855,19.729262873395
40671,40677,2022,LEG43467,2022/06/05,"05:20:00",COLISIÓN CONTRA OBJETO FIJO,CONCRETO,Bueno,Bueno,1,VOLKSWAGEN,NEGRO,1,MINISTERIO PÚBLICO,,,SIN DATOS,0,0,Morelia,Sin datos,junio,domingo,5,-101.129803874277,19.761689531748
40672,40678,2022,MOR 220349841,2022/06/05,"05:40:00",VOLCADURA,ASFALTO,Nublado,Bueno,1,FORD,GRIS,1,,47,FEMENINO,SIN DATOS,0,0,Morelia,Bosques Tres Marias,junio,domingo,6,-101.103497743607,19.7223317153768
40673,40679,2022,,2022/06/05,"07:10:00",CAIDA DE MOTOCICLETA,ASFALTO,Bueno,Bueno,0,,,0,,,,,0,0,Cuitzeo,Genovebo Figueroa,junio,domingo,7,-101.146175072265,19.9716408817016
40674,40680,2022,,2022/06/05,"08:50:00",COLISIÓN POR ALCANCE,ASFALTO,Bueno,Bueno,2,FORD,VERDE,2,,,MASCULINO,SIN DATOS,0,0,Morelia,Fitem (Amp Ignacio Lopez Rayon),junio,domingo,9,-101.253,19.6878
40675,40681,2022,,2022/06/05,12:00:00,VOLCADURA,ASFALTO,Bueno,Regular,1,NISSAN,BLANCO,0,,,,,0,0,Morelia,Sin datos,junio,domingo,12,-101.254924,19.527688
40676,40682,2022,MOR220350524,2022/06/05,12:40:00,COLISIÓN CONTRA OBJETO FIJO,CONCRETO,Bueno,Bueno,1,NISSAN,ROJO,0,,,,,0,0,Morelia,Villas del Pedregal,junio,domingo,13,-101.304393217636,19.6789514097657
40677,40683,2022,,2022/06/05,12:45:00,COLISIÓN POR MANIOBRA DE REVERSA,SIN_DATOS,Bueno,Bueno,3,NISSAN,ARENA,2,,,,SIN DATOS,0,0,Morelia,Centro,junio,domingo,13,-101.190959615713,19.7038724375015
40678,40684,2022,,2022/06/05,14:14:00,COLISIÓN POR ALCANCE,ASFALTO,Bueno,Bueno,2,FORD,ROJO,2,,29,MASCULINO,SIN DATOS,0,0,Morelia,Tzindurio de Morelos,junio,domingo,14,-101.245044000887,19.6974820969065
40679,40685,2022,,2022/06/05,15:10:00,COLISIÓN POR CAMBIO DE CARRIL,ASFALTO,Bueno,Bueno,2,FORD,BLANCO,2,,47,MASCULINO,SIN DATOS,0,0,Morelia,Alberto Oviedo Mota,junio,domingo,15,-101.198908182011,19.681555672698
40680,40686,2022,LEG43479,2022/06/05,16:23:00,SUBIDA AL CAMELLÓN,ASFALTO,Bueno,Bueno,1,NISSAN,BLANCO,1,,,MASCULINO,SIN DATOS,0,0,Morelia,Lomas de Santiaguito,junio,domingo,16,-101.179519891941,19.7229539949395
40681,40687,2022,,2022/06/05,16:40:00,COLISIÓN POR CORTE DE CIRCULACIÓN,ASFALTO,Bueno,Bueno,2,NISSAN,PLATA,2,,50,FEMENINO,SIN DATOS,0,0,Morelia,Centro,junio,domingo,17,-101.19118388321,19.702768457823
40682,40688,2022,,2022/06/05,18:50:00,COLISIÓN POR CORTE DE CIRCULACIÓN,ASFALTO,Lluvioso,Bueno,2,NISSAN,ROJO,2,,40,FEMENINO,SIN DATOS,0,0,Morelia,Poblado de Ocolusen,junio,domingo,19,-101.153176233214,19.6939479390376
40683,40689,2022,,2022/06/05,21:00:00,COLISIÓN POR ALCANCE,ASFALTO,Bueno,Bueno,2,KENWOTH,AZUL,0,MINISTERIO PÚBLICO,,,,0,0,Lázaro Cárdenas,Sin datos,junio,domingo,21,-102.226978875697,17.9347480450922
40684,40690,2022,,2022/06/05,21:10:00,SALIDA DE SUPERFICIE DE RODAMIENTO,ASFALTO,Bueno,Bueno,1,VOLKSWAGEN,BLANCO,1,,30,MASCULINO,SIN DATOS,0,0,Morelia,Clara Cordova Moran,junio,domingo,21,-101.181711641348,19.7345365875832
40685,40691,2022,,2022/06/05,22:00:00,COLISIÓN CONTRA OBJETO FIJO,ASFALTO,Lluvioso,Bueno,3,CHEVROLET,BLANCO,3,MINISTERIO PÚBLICO,23,MASCULINO,SIN DATOS,0,0,Morelia,Isaac Arriaga,junio,domingo,22,-101.17298103869,19.7089085796201
40686,40692,2022,,2022/06/05,22:15:00,SALIDA DE SUPERFICIE DE RODAMIENTO,ASFALTO,Bueno,Bueno,1,CHEVROLET,AZUL/BLANCO,0,,,,,0,0,Peribán,Sin datos,junio,domingo,22,-102.445077002049,19.5527993836877
40687,40693,2022,,2022/06/05,23:26:00,CAIDA DE MOTOCICLETA,ADOQUIN_EMPEDRADO,Lluvioso,Malo,1,KEEWAY,NEGRO,2,,16,MASCULINO,SIN DATOS,1,0,Cuitzeo,La Concepcion,junio,domingo,23,-101.14583875984,19.9683932341098
40688,40694,2022,MOR220352351,2022/06/06,"00:00:00",COLISIÓN CONTRA OBJETO FIJO,ASFALTO,Bueno,Bueno,1,FREIGLHTLINER,AZUL,1,,35,MASCULINO,SIN DATOS,0,0,Morelia,Jardines de Torremolinos,junio,lunes,0,-101.225746795535,19.6768466346994
40689,40695,2022,,2022/06/06,"07:41:00",COLISIÓN POR CORTE DE CIRCULACIÓN,ASFALTO,Bueno,Bueno,2,NISSAN,BLANCO/ROJO,2,,44,MASCULINO,SIN DATOS,0,0,Morelia,Villas del Pedregal,junio,lunes,8,-101.302183687009,19.6721505545115
40691,40697,2022,MOR 220354208,2022/06/06,"08:00:00",SALIDA DE SUPERFICIE DE RODAMIENTO,ASFALTO,Bueno,Bueno,1,PONTIAC,ROJO,0,,,,,0,0,Morelia,Sin datos,junio,lunes,8,-101.282063456125,19.6177607948346
40692,40698,2022,MOR220352416,2022/06/06,"08:05:00",COLISIÓN POR ALCANCE,ASFALTO,Bueno,Bueno,2,SEAT,PLATA,2,,28,MASCULINO,SIN DATOS,0,0,Morelia,Alfonso Garcia Robles,junio,lunes,8,-101.18261218071,19.7189833321281
40693,40699,2022,,2022/06/06,"08:30:00",COLISIÓN POR ALCANCE,ASFALTO,Bueno,Bueno,2,NISSAN,GRIS,2,,40,FEMENINO,SIN DATOS,0,0,Morelia,Jardines de Torremolinos,junio,lunes,9,-101.225648590111,19.6768412678291
40694,40700,2022,,2022/06/06,"09:50:00",SALIDA DE SUPERFICIE DE RODAMIENTO,CONCRETO,Bueno,Bueno,1,CHEVROLET,ROJO,1,,0,FEMENINO,SIN DATOS,0,0,Morelia,Sin datos,junio,lunes,10,-101.30810637027,19.7050403969684
40695,40701,2022,,2022/06/06,10:40:00,COLISIÓN CONTRA OBJETO FIJO,ASFALTO,Bueno,Bueno,1,TOYOTA,AZUL,1,,27,MASCULINO,SIN DATOS,0,0,Morelia,La Charca,junio,lunes,11,-101.200332499362,19.6592748830554
40696,40702,2022,MOR220352749,2022/06/06,11:35:00,COLISIÓN POR ALCANCE,ASFALTO,Bueno,Regular,2,KENWORTH,BLANCO,2,,30,MASCULINO,SIN DATOS,0,0,Morelia,La Soledad,junio,lunes,12,-101.183262921191,19.7290921651902
40697,40703,2022,,2022/06/06,12:10:00,COLISIÓN POR ALCANCE,ASFALTO,Bueno,Bueno,2,NISSAN,BLANCO,2,,42,MASCULINO,SIN DATOS,0,0,Morelia,Diego Rivera,junio,lunes,12,-101.175994500518,19.7181732034112
40698,40704,2022,,2022/06/06,12:14:00,COLISIÓN POR ALCANCE,ASFALTO,Bueno,Bueno,2,VOLKSWAGEN,ARENA,2,MINISTERIO PÚBLICO,25,MASCULINO,SIN DATOS,1,0,Santa Ana Maya,Sin datos,junio,lunes,12,-100.981997759507,19.992042483372
40699,40705,2022,,2022/06/06,13:45:00,SALIDA DE SUPERFICIE DE RODAMIENTO,ASFALTO,Bueno,Bueno,1,TOYOTA,BLANCO,2,MINISTERIO PÚBLICO,23,MASCULINO,SIN DATOS,1,0,Peribán,Sin datos,junio,lunes,14,-102.45675262741,19.5612417914418
40700,40706,2022,,2022/06/06,14:14:00,COLISIÓN POR CORTE DE CIRCULACIÓN,CONCRETO,Bueno,Bueno,2,CHEVROLET,GRIS,2,MINISTERIO PÚBLICO,33,MASCULINO,SIN DATOS,0,0,Morelia,Adolfo Lopez Mateos,junio,lunes,14,-101.226432099938,19.6950294770302
40701,40707,2022,,2022/06/06,15:15:00,COLISIÓN CONTRA OBJETO FIJO,ASFALTO,Bueno,Bueno,2,FORD,ROJO,2,,19,FEMENINO,SIN DATOS,0,0,Morelia,Centro,junio,lunes,15,-101.194377355278,19.69669751455
40702,40708,2022,,2022/06/06,16:40:00,COLISIÓN POR CORTE DE CIRCULACIÓN,CONCRETO,Bueno,Bueno,2,NISSAN,GRIS,2,,40,FEMENINO,SIN DATOS,0,0,Morelia,Primo Tapia,junio,lunes,17,-101.21257376603,19.7094378699895
40703,40709,2022,LEG43501,2022/06/06,18:20:00,COLISIÓN POR INVASIÓN DE CARRIL,ASFALTO,Bueno,Bueno,3,VOLKSWAGWN,BLANCO,3,MINISTERIO PÚBLICO,39,MASCULINO,SIN DATOS,0,0,Morelia,Jesus del Monte,junio,lunes,18,-101.157638132572,19.6551391312185
40704,40710,2022,,2022/06/06,18:35:00,COLISIÓN POR CAMBIO DE CARRIL,ASFALTO,Bueno,Bueno,3,CHEVROLET,PLATA,3,,31,MASCULINO,SIN DATOS,0,0,Morelia,Ejidal Tres Puentes,junio,lunes,19,-101.225947229708,19.6924723615752
40705,40711,2022,MOR220354002,2022/06/06,20:40:00,COLISIÓN POR ALCANCE,CONCRETO,Bueno,Bueno,2,MERCURY,PLATINO,2,,62,MASCULINO,SIN DATOS,0,0,Morelia,Bosques de Oriente,junio,lunes,21,-101.15663766861,19.7156424314376
40706,40712,2022,LEG43504,2022/06/06,21:30:00,CAIDA DE MOTOCICLETA,ASFALTO,Bueno,Bueno,1,ITALIKA,NEGRO,1,,29,MASCULINO,SIN DATOS,0,0,Morelia,Nueva Esperanza,junio,lunes,22,-101.250637756154,19.6880352785084
40707,40713,2022,,2022/06/06,22:47:00,COLISIÓN POR CAMBIO DE CARRIL,ASFALTO,Bueno,Bueno,2,HONDA,BLANCO,1,,30,MASCULINO,SIN DATOS,0,0,Morelia,Granjas de La Huerta,junio,lunes,23,-101.233114760835,19.6636329139853
40708,40714,2022,MOR220355876,2022/06/07,"00:00:00",COLISIÓN POR CORTE DE CIRCULACIÓN,ASFALTO,Bueno,Bueno,2,GML,BLANCO,2,,47,MASCULINO,SIN DATOS,0,0,Morelia,Felix Ireta,junio,martes,0,-101.180524621388,19.6870092470861
40709,40715,2022,,2022/06/07,"05:50:00",COLISIÓN CONTRA OBJETO FIJO,CONCRETO,Bueno,Bueno,1,NISSAN,GUINDA,0,,,,,0,0,Pátzcuaro,Vuelta de Los Reyes,junio,martes,6,-101.604509211398,19.5082401113125
40710,40716,2022,,2022/06/07,"07:50:00",COLISIÓN POR ALCANCE,ASFALTO,Bueno,Bueno,2,VOLKSWAGEN,AZUL,2,,26,MASCULINO,SIN DATOS,0,0,Morelia,Santillan La Huerta,junio,martes,8,-101.219553885717,19.6760966650679
40713,40719,2022,MOR220355080,2022/06/07,11:40:00,COLISIÓN POR CORTE DE CIRCULACIÓN,ASFALTO,Bueno,Bueno,2,KURASAI,NEGRO,2,,16,MASCULINO,SIN DATOS,0,0,Morelia,Mision de La Montaña,junio,martes,12,-101.155892,19.660024
40714,40720,2022,LEG43520,2022/06/07,13:36:00,COLISIÓN POR CORTE DE CIRCULACIÓN,ASFALTO,Bueno,Bueno,2,TOYOTA,NEGRO,2,,44,FEMENINO,SIN DATOS,0,0,Morelia,Vistas de Altozano,junio,martes,14,-101.167,19.6551
40715,40721,2022,,2022/06/07,14:15:00,COLISIÓN POR ALCANCE,ASFALTO,Bueno,Bueno,2,YAMAHA,ROJO,2,,33,MASCULINO,SIN DATOS,0,0,Morelia,Cinco de Diciembre,junio,martes,14,-101.163505617195,19.6858640716377
40716,40722,2022,,2022/06/07,14:30:00,COLISIÓN POR ALCANCE,ASFALTO,Bueno,Bueno,2,NISSAN,PLATA,2,,47,FEMENINO,SIN DATOS,0,0,Morelia,Avicola Benito Juarez,junio,martes,15,-101.279533833944,19.6913447361081
40717,40723,2022,,2022/06/07,14:50:00,COLISIÓN CONTRA OBJETO FIJO,ASFALTO,Bueno,Bueno,2,TOYOTA,GRIS,2,,36,FEMENINO,SIN DATOS,0,0,Morelia,Obrera,junio,martes,15,-101.1838992448,19.7082583414597
40718,40724,2022,,2022/06/07,17:30:00,COLISIÓN POR INVASIÓN DE CARRIL,ASFALTO,Bueno,Bueno,2,MAN TGX,BLANCO,2,,30,MASCULINO,SIN DATOS,0,0,Morelia,Centro,junio,martes,18,-101.18754847,19.7028479949991
40719,40725,2022,,2022/06/07,18:10:00,COLISIÓN POR CORTE DE CIRCULACIÓN,ASFALTO,Bueno,Bueno,2,HONDA,PLATA,3,MINISTERIO PÚBLICO,32,MASCULINO,SIN DATOS,1,0,Morelia,Margarita Maza de Juarez,junio,martes,18,-101.253626681864,19.691275604436
40720,40726,2022,,2022/06/07,21:15:00,COLISIÓN POR CORTE DE CIRCULACIÓN,CONCRETO,Bueno,Bueno,2,CHEVROLET,GRIS,2,,50,MASCULINO,SIN DATOS,0,0,Morelia,Cumbres de Altozano,junio,martes,21,-101.167447671972,19.6481044686207
40721,40727,2022,,2022/06/07,22:00:00,COLISIÓN CONTRA OBJETO FIJO,SIN_DATOS,Bueno,Bueno,1,IBIZA,BLANCO,0,,,,,0,0,Tarímbaro,El Trebol,junio,martes,22,-101.156375482678,19.7685644252041