fid,id_accidente,anio_origen,folio_c5i,dia_incidente,hora_ocurrencia,tipo_incidente_vial,superficie_ocurrencia,condiciones_climaticas,condiciones_via,numero_vehiculos_involucrados,marca_vehiculo_ocasiona_siniestro,color_vehiculo_ocasiona_siniestro,numero_personas_involucradas,lugar_remite_presunto_responsable,edad_presunto_responsable,sexo_presunto_responsable,resultados_toxicologia,numero_personas_lesionadas,numero_personas_fallecidas,municipio,colonia,mes,dia_semana,hora_redondeada,lon,lat
40723,40729,2022,,2022/06/08,"01:00:00",VOLCADURA,ASFALTO,Bueno,Bueno,1,VOLKSWAGEN,BLANCO,1,,26,MASCULINO,SIN DATOS,0,0,Morelia,La Huerta,junio,miércoles,1,-101.231154128909,19.6628377451946
40724,40730,2022,,2022/06/08,"07:30:00",COLISIÓN POR CORTE DE CIRCULACIÓN,ASFALTO,Bueno,Bueno,2,FORD,ROJO,3,MINISTERIO PÚBLICO,0,MASCULINO,SIN DATOS,1,0,Pátzcuaro,Centro,junio,miércoles,8,-101.609950773418,19.5298481042137
40726,40732,2022,,2022/06/08,"08:46:00",COLISIÓN POR CAMBIO DE CARRIL,ASFALTO,Bueno,Bueno,2,VOLKSWAGEN,BLANCO,2,,28,MASCULINO,SIN DATOS,0,0,Morelia,Dr Miguel Silva,junio,miércoles,9,-101.188294440508,19.7211421824561
40727,40733,2022,,2022/06/08,"09:50:00",COLISIÓN POR CORTE DE CIRCULACIÓN,ASFALTO,Bueno,Bueno,2,VOLKSWAGEN,ROJO,2,,44,MASCULINO,SIN DATOS,0,0,Morelia,La Soledad,junio,miércoles,10,-101.185195375,19.7267697949992
40728,40734,2022,LEG43533,2022/06/08,10:45:00,COLISIÓN POR CORTE DE CIRCULACIÓN,ASFALTO,Bueno,Bueno,2,NISSAN,NEGRO,2,,36,MASCULINO,SIN DATOS,0,0,Morelia,Jardines de Torremolinos,junio,miércoles,11,-101.226202580319,19.6783745439089
40729,40735,2022,,2022/06/08,11:10:00,COLISIÓN POR CORTE DE CIRCULACIÓN,ASFALTO,Bueno,Bueno,2,MAZDA,BLANCO,2,,35,FEMENINO,SIN DATOS,0,0,Morelia,Lomas de Morelia (Dr Ignacio Chavez),junio,miércoles,11,-101.175452644618,19.7162004988672
40730,40736,2022,,2022/06/08,11:54:00,COLISIÓN CONTRA OBJETO FIJO,ASFALTO,Bueno,Bueno,1,SUZUKI,BLANCO,1,MINISTERIO PÚBLICO,,,SIN DATOS,0,0,Morelia,La Joya,junio,miércoles,12,-101.196752311887,19.6643824077274
40731,40737,2022,,2022/06/08,13:30:00,COLISIÓN POR CORTE DE CIRCULACIÓN,ASFALTO,Bueno,Bueno,2,ITALIKA,NEGRO,2,MINISTERIO PÚBLICO,18,MASCULINO,SIN DATOS,0,0,Morelia,La Soledad,junio,miércoles,14,-101.185195375,19.7267697949992
40732,40738,2022,,2022/06/08,15:08:00,COLISIÓN POR MANIOBRA DE REVERSA,ASFALTO,Bueno,Bueno,2,DODGE,AZUL,2,MINISTERIO PÚBLICO,46,MASCULINO,SIN DATOS,0,0,Morelia,Prados Verdes,junio,miércoles,15,-101.197178587317,19.7157444568076
40733,40739,2022,LEG43534,2022/06/08,16:05:00,COLISIÓN POR ALCANCE,ASFALTO,Bueno,Bueno,2,FORD,GRIS,2,,29,MASCULINO,SIN DATOS,0,0,Morelia,Santillan La Huerta,junio,miércoles,16,-101.219553885717,19.6760966650679
40734,40740,2022,,2022/06/08,16:15:00,COLISIÓN POR ALCANCE,ASFALTO,Bueno,Bueno,2,FORD,ROJO,2,,55,MASCULINO,SIN DATOS,0,0,Morelia,Lomas del Valle,junio,miércoles,16,-101.230222677688,19.687753554468
40735,40741,2022,MOR220358202,2022/06/08,16:15:00,COLISIÓN POR ALCANCE,ASFALTO,Nublado,Bueno,2,NISSAN,GRIS,2,,27,MASCULINO,SIN DATOS,0,0,Morelia,Cuauhtemoc,junio,miércoles,16,-101.17854569,19.6974281599991
40736,40742,2022,,2022/06/08,16:30:00,CAIDA DE MOTOCICLETA,CONCRETO,Bueno,Bueno,1,ITALIKA,BLANCO Y VERDE,1,,36,,SIN DATOS,0,0,Morelia,Alberto Oviedo Mota,junio,miércoles,17,-101.196140686849,19.6817272495021
40737,40743,2022,,2022/06/08,18:00:00,COLISIÓN POR ALCANCE,ASFALTO,Bueno,Bueno,2,ITALIKA,NEGRO Y AMARILLO,2,,20,MASCULINO,SIN DATOS,0,0,Morelia,Cuauhtemoc,junio,miércoles,18,-101.178788996555,19.6961861459818
40738,40744,2022,,2022/06/08,21:00:00,COLISIÓN POR CORTE DE CIRCULACIÓN,ASFALTO,Bueno,Bueno,1,VENTO,S/D,3,MINISTERIO PÚBLICO,19,MASCULINO,SIN DATOS,2,0,Pátzcuaro,Centro,junio,miércoles,21,-101.613815501332,19.5374354020467
40739,40745,2022,,2022/06/08,21:20:00,COLISIÓN POR CORTE DE CIRCULACIÓN,ASFALTO,Bueno,Bueno,2,KIA MOTORS,FIERV RED,2,,62,MASCULINO,SIN DATOS,0,0,Morelia,Chapultepec Norte,junio,miércoles,21,-101.176470958375,19.6955664178743
40740,40746,2022,,2022/06/08,23:17:00,COLISIÓN POR CORTE DE CIRCULACIÓN,ASFALTO,Lluvioso,Bueno,1,VOLKSWAGEN,PLATA,1,,45,MASCULINO,SIN DATOS,0,0,Morelia,Eduardo Ruiz,junio,miércoles,23,-101.224095133892,19.7248457183559
40741,40747,2022,MOR220359178,2022/06/08,23:30:00,SUBIDA AL CAMELLÓN,ASFALTO,Lluvioso,Malo,1,HONDA,AZUL,1,,31,MASCULINO,ALIENTO ETÍLICO,0,0,Morelia,Arcos del Valle,junio,miércoles,0,-101.236237829379,19.7076176271737
40742,40748,2022,LEG43543,2022/06/08,23:40:00,COLISIÓN CONTRA OBJETO FIJO,ASFALTO,Lluvioso,Malo,1,CHEVROLET,BLANCO,1,,21,MASCULINO,SIN DATOS,0,0,Morelia,Indeco Santiaguito,junio,miércoles,0,-101.17575391358,19.7230270449021
40745,40751,2022,,2022/06/09,"09:00:00",VOLCADURA,SIN_DATOS,Bueno,Bueno,1,CHEVROLET,GRIS,0,MINISTERIO PÚBLICO,,,,0,0,Lázaro Cárdenas,Sin datos,junio,jueves,9,-102.22823113203,17.9353907973528
40746,40752,2022,LEG43556,2022/06/09,"09:07:00",COLISIÓN CONTRA OBJETO FIJO,ASFALTO,Lluvioso,Bueno,1,GENERAL MOTORS,BLANCO,1,,18,FEMENINO,SIN DATOS,0,0,Morelia,Montaña Monarca,junio,jueves,9,-101.160764521494,19.6716590258888
40747,40753,2022,MOR220359636,2022/06/09,"09:20:00",COLISIÓN CONTRA OBJETO FIJO,ASFALTO,Lluvioso,Bueno,1,NISSAN,BLANCO,1,,31,MASCULINO,SIN DATOS,0,0,Morelia,Puerta Tres Marias Norte,junio,jueves,9,-101.142240606927,19.6922043310026
40748,40754,2022,,2022/06/09,11:24:00,COLISIÓN POR ALCANCE,ASFALTO,Bueno,Bueno,2,FORD,BLANCO,2,,26,MASCULINO,SIN DATOS,0,0,Morelia,Lomas del Tecnologico,junio,jueves,11,-101.196185834706,19.72430988
40749,40755,2022,MOR220360021,2022/06/09,13:15:00,COLISIÓN POR ALCANCE,ASFALTO,Bueno,Bueno,2,INTERNATIONAL,BLANCO Y NARANJA,2,MINISTERIO PÚBLICO,48,MASCULINO,SIN DATOS,0,0,Morelia,Nueva Valladolid,junio,jueves,13,-101.210650317371,19.7020582060741
40750,40756,2022,,2022/06/09,14:30:00,COLISIÓN POR CAMBIO DE CARRIL,ASFALTO,Nublado,Regular,2,KENWORTH,BLANCO,2,,34,MASCULINO,SIN DATOS,0,0,Morelia,La Soledad,junio,jueves,15,-101.183780557051,19.7260883021176
40751,40757,2022,,2022/06/09,15:00:00,COLISIÓN POR CORTE DE CIRCULACIÓN,ASFALTO,Bueno,Bueno,2,HONDA,AZUL,2,,31,MASCULINO,SIN DATOS,0,0,Morelia,Ventura Puente,junio,jueves,15,-101.19066782974,19.6910499290654
40752,40758,2022,,2022/06/09,15:00:00,SALIDA DE SUPERFICIE DE RODAMIENTO,ASFALTO,Lluvioso,Regular,1,KENWORHT,BLANCO,1,,55,MASCULINO,SIN DATOS,0,0,Morelia,Bosques Tres Marias,junio,jueves,15,-101.105249500408,19.7292622708967
40753,40759,2022,MOR220360529,2022/06/09,15:50:00,COLISIÓN POR INVASIÓN DE CARRIL,CONCRETO,Bueno,Bueno,2,VOLKSWAGEN,BLANCO,2,,48,MASCULINO,SIN DATOS,0,0,Morelia,Barrio Alto,junio,jueves,16,-101.190500222147,19.725777119126
40754,40760,2022,,2022/06/09,17:55:00,COLISIÓN POR CAMBIO DE CARRIL,ASFALTO,Lluvioso,Regular,2,KENWORTH,ROJO,2,,33,MASCULINO,SIN DATOS,0,0,Morelia,El Eden,junio,jueves,18,-101.24963390895,19.6460233150029
40755,40761,2022,,2022/06/09,19:10:00,COLISIÓN POR ALCANCE,ASFALTO,Lluvioso,Regular,2,FORD  F350,BLANCO,2,,46,MASCULINO,SIN DATOS,0,0,Morelia,Ejidal Ocolusen,junio,jueves,19,-101.159056624904,19.6877590329032
40756,40762,2022,,2022/06/09,19:20:00,COLISIÓN CONTRA OBJETO FIJO,ASFALTO,Lluvioso,Bueno,1,VOLKSWAGEN,NEGRO,1,,17,MASCULINO,SIN DATOS,0,0,Morelia,Arcos del Valle,junio,jueves,19,-101.2362482839,19.7076255755031
40757,40763,2022,MOR220358988,2022/06/09,22:20:00,COLISIÓN POR CORTE DE CIRCULACIÓN,SIN_DATOS,Nublado,Bueno,1,FORD,BLANCO/RAYAS AZULES,1,,0,,SIN DATOS,0,0,Morelia,La Huerta,junio,jueves,22,-101.21708121828,19.6755121726662
40758,40764,2022,,2022/06/10,"03:00:00",VOLCADURA,ASFALTO,Nublado,Regular,1,CHEVROLET,BLANCO,1,,46,MASCULINO,SIN DATOS,0,0,Morelia,El Realito,junio,viernes,3,-101.203954182565,19.7256893818241
40759,40765,2022,,2022/06/10,"09:00:00",COLISIÓN CONTRA OBJETO FIJO,ASFALTO,Bueno,Bueno,1,FORD,BLANCA,0,MINISTERIO PÚBLICO,,,,0,0,Lázaro Cárdenas,Solidaridad Nacional,junio,viernes,9,-102.21227628602,17.9692102491378
40760,40766,2022,,2022/06/10,10:30:00,COLISIÓN POR CORTE DE CIRCULACIÓN,ASFALTO,Bueno,Bueno,2,NISSAN,AZUL,2,,63,FEMENINO,SIN DATOS,0,0,Morelia,Felix Ireta,junio,viernes,11,-101.180494149985,19.6870048794032
40761,40767,2022,,2022/06/10,10:40:00,COLISIÓN POR CORTE DE CIRCULACIÓN,CONCRETO,Bueno,Bueno,2,MERCEDES BENZ,BLANCO,2,,31,MASCULINO,SIN DATOS,0,0,Morelia,Camelinas,junio,viernes,11,-101.170208335601,19.685212104038
40762,40768,2022,,2022/06/10,14:50:00,COLISIÓN POR ALCANCE,CONCRETO,Bueno,Bueno,2,CHEVROLET,ROJO,2,,,MASCULINO,SIN DATOS,0,0,Morelia,Ejidal Ocolusen,junio,viernes,15,-101.152221380986,19.6841227973853
40763,40769,2022,,2022/06/10,15:00:00,COLISIÓN POR ALCANCE,CONCRETO,Bueno,Bueno,3,VOLKSWAGEN,ROJO,3,,34,FEMENINO,SIN DATOS,0,0,Morelia,Ejidal Ocolusen,junio,viernes,15,-101.152219095014,19.6841163689094
40764,40770,2022,MOR 220362914,2022/06/10,15:10:00,COLISIÓN POR MANIOBRA DE REVERSA,ASFALTO,Bueno,Regular,2,FORD,ROJO/BLANCO,2,,36,MASCULINO,SIN DATOS,0,0,Morelia,Ignacio Zaragoza,junio,viernes,15,-101.203177347779,19.7252544818252
40765,40771,2022,,2022/06/10,15:13:00,COLISIÓN POR ALCANCE,ASFALTO,Bueno,Bueno,2,FORD,CAFE,2,,37,MASCULINO,SIN DATOS,0,0,Morelia,Independencia,junio,viernes,15,-101.177887804806,19.7192995781896
40766,40772,2022,,2022/06/10,16:00:00,COLISIÓN POR ALCANCE,CONCRETO,Bueno,Bueno,2,HONDA,BLANCO,2,,34,FEMENINO,SIN DATOS,0,0,Morelia,Ejidal Ocolusen,junio,viernes,16,-101.151989766144,19.683502706898
40767,40773,2022,,2022/06/10,16:10:00,COLISIÓN POR ALCANCE,ASFALTO,Bueno,Bueno,3,NISSAN,ROJO,3,,,MASCULINO,SIN DATOS,0,0,Morelia,Arcos del Valle,junio,viernes,16,-101.236079365693,19.707808903426
40768,40774,2022,,2022/06/10,17:25:00,COLISIÓN POR ALCANCE,CONCRETO,Bueno,Bueno,2,NISSAN,BLANCO,2,MINISTERIO PÚBLICO,38,MASCULINO,SIN DATOS,0,0,Morelia,Torremolinos,junio,viernes,17,-101.22567702762,19.6813923379226
40769,40775,2022,MOR220362955,2022/06/10,17:45:00,COLISIÓN POR CORTE DE CIRCULACIÓN,ASFALTO,Bueno,Bueno,2,ITALIKA,BLANCO,2,,33,MASCULINO,SIN DATOS,0,0,Morelia,Lomas de Vista Bella,junio,viernes,18,-101.200687221504,19.6736574480048
40770,40776,2022,,2022/06/10,18:40:00,CAIDA DE MOTOCICLETA,ASFALTO,Bueno,Bueno,1,HONDA,NEGRO,1,,25,MASCULINO,SIN DATOS,0,0,Morelia,Las Americas,junio,viernes,19,-101.151131764054,19.6918772699511
40771,40777,2022,MOR220363601,2022/06/10,21:55:00,COLISIÓN POR CAMBIO DE CARRIL,ASFALTO,Bueno,Bueno,2,JEEP,PLATA,2,,28,MASCULINO,ALIENTO ETÍLICO,0,0,Morelia,Sentimientos de La Nacion,junio,viernes,22,-101.236870556392,19.6848052758335
40772,40778,2022,,2022/06/10,22:25:00,COLISIÓN POR CORTE DE CIRCULACIÓN,ASFALTO,Lluvioso,Bueno,2,CHEROKEE,NEGRO,2,,,FEMENINO,SIN DATOS,0,0,Morelia,El Porvenir,junio,viernes,22,-101.207256042813,19.7081071802936
40773,40779,2022,,2022/06/10,23:00:00,COLISIÓN POR ALCANCE,SIN_DATOS,Bueno,Bueno,2,NISSAN,GRIS,0,MINISTERIO PÚBLICO,,,,0,0,Lázaro Cárdenas,Del Carmen,junio,viernes,23,-102.208892405033,17.9734819570779
40774,40780,2022,,2022/06/11,"00:01:00",COLISIÓN POR CORTE DE CIRCULACIÓN,ASFALTO,Lluvioso,Bueno,2,KIA,BLANCO,2,,35,MASCULINO,SIN DATOS,0,0,Morelia,Centro,junio,sábado,0,-101.178186840631,19.6990459437261
40775,40781,2022,MOR 220363856,2022/06/11,"01:00:00",COLISIÓN CONTRA OBJETO FIJO,CONCRETO,Lluvioso,Bueno,1,MAZDA,AZUL,1,,53,FEMENINO,SIN DATOS,0,0,Morelia,Ejidal Ocolusen,junio,sábado,1,-101.152577792845,19.6848881729751
40776,40782,2022,,2022/06/11,"02:10:00",COLISIÓN CONTRA OBJETO FIJO,CONCRETO,Bueno,Bueno,1,DODGE,PLATA,1,,38,MASCULINO,SIN DATOS,0,0,Morelia,Los Manantiales de Morelia,junio,sábado,2,-101.240274675869,19.6927380672583
40777,40783,2022,,2022/06/11,"05:30:00",CAIDA DE MOTOCICLETA,ASFALTO,Nublado,Regular,1,ITALIKA,ROJO,1,MINISTERIO PÚBLICO,22,MASCULINO,SIN DATOS,0,0,Morelia,Tzindurio Norte,junio,sábado,6,-101.244328194723,19.70219648877
40778,40784,2022,MOR220364039,2022/06/11,"05:55:00",VOLCADURA,ASFALTO,Bueno,Bueno,1,DODGE,PLATA,1,,28,MASCULINO,ALIENTO ETÍLICO,0,0,Morelia,El Eden,junio,sábado,6,-101.254079975188,19.6418845806354
40779,40785,2022,,2022/06/11,"06:40:00",COLISIÓN CONTRA OBJETO FIJO,ASFALTO,Bueno,Bueno,1,CHEVROLET,AMARILLO,1,,,,SIN DATOS,0,0,Morelia,Ana Maria Gallaga (Riviera Norte),junio,sábado,7,-101.222779967559,19.6767958359748
40780,40786,2022,,2022/06/11,"08:05:00",VOLCADURA,ASFALTO,Bueno,Bueno,1,CHEVROLET,GRIS,1,,38,MASCULINO,SIN DATOS,0,0,Morelia,Cumbres de Morelia,junio,sábado,8,-101.140455231071,19.6911673296567
40781,40787,2022,,2022/06/11,"08:40:00",COLISIÓN POR CORTE DE CIRCULACIÓN,CONCRETO,Bueno,Bueno,2,NISSAN,ROJO,2,,31,MASCULINO,SIN DATOS,0,0,Morelia,Villas del Pedregal,junio,sábado,9,-101.309265450332,19.6716344006267
40782,40788,2022,,2022/06/11,11:05:00,COLISIÓN POR CORTE DE CIRCULACIÓN,CONCRETO,Bueno,Bueno,2,VELOCI,NEGRO/ROJO,3,MINISTERIO PÚBLICO,23,MASCULINO,SIN DATOS,1,0,Morelia,Loma Real,junio,sábado,11,-101.197287216783,19.7313723240271
40783,40789,2022,,2022/06/11,11:35:00,COLISIÓN CONTRA OBJETO FIJO,CONCRETO,Bueno,Bueno,1,VOLKSWAGEN,BLANCO,1,,41,MASCULINO,SIN DATOS,0,0,Morelia,Alberto Oviedo Mota,junio,sábado,12,-101.201929114759,19.677824349177
40784,40790,2022,LEG43592,2022/06/11,13:56:00,COLISIÓN POR ALCANCE,ASFALTO,Bueno,Bueno,2,VOLKSWAGEN,NEGRO,2,,38,MASCULINO,SIN DATOS,0,0,Morelia,Morelos,junio,sábado,14,-101.209218627348,19.6981675035948
40785,40791,2022,,2022/06/11,15:00:00,COLISIÓN POR ALCANCE,ASFALTO,Bueno,Bueno,2,FORD,BLANCO,2,,65,MASCULINO,SIN DATOS,0,0,Morelia,Comision Federal de Electricidad,junio,sábado,15,-101.181341849946,19.6815125867956
40786,40792,2022,,2022/06/11,16:25:00,COLISIÓN POR ALCANCE,ASFALTO,Bueno,Bueno,2,NISSAN,BLANCO,2,,62,MASCULINO,SIN DATOS,0,0,Morelia,Campestre Los Manantiales,junio,sábado,16,-101.239234100703,19.6900009533929
40787,40793,2022,LEG43586,2022/06/11,16:40:00,COLISIÓN POR CORTE DE CIRCULACIÓN,ASFALTO,Bueno,Bueno,2,CHEVROLET,BLANCO,2,,35,MASCULINO,SIN DATOS,0,0,Morelia,Jardines de Guadalupe,junio,sábado,17,-101.221720830284,19.7103774521884
40788,40794,2022,LEG43590,2022/06/11,16:51:00,COLISIÓN CONTRA OBJETO FIJO,ASFALTO,Bueno,Regular,2,HONDA,CAFÉ,2,,,FEMENINO,SIN DATOS,0,0,Morelia,Campestre Los Manantiales,junio,sábado,17,-101.237100220538,19.6937927643592
40789,40795,2022,,2022/06/11,17:50:00,COLISIÓN POR CORTE DE CIRCULACIÓN,ASFALTO,Bueno,Bueno,2,ITALIKA,NEGRO/ROJO,3,MINISTERIO PÚBLICO,53,MASCULINO,SIN DATOS,1,0,Morelia,Eduardo Ruiz,junio,sábado,18,-101.215585581958,19.7152842799563
40790,40796,2022,LEG43588,2022/06/11,18:07:00,COLISIÓN CONTRA OBJETO FIJO,ASFALTO,Bueno,Bueno,1,CHEVROLET,NEGRO,1,,53,FEMENINO,SIN DATOS,0,0,Morelia,Prados de La Huerta,junio,sábado,18,-101.223497793757,19.6684024312994
40791,40797,2022,,2022/06/11,19:50:00,COLISIÓN POR INVASIÓN DE CARRIL,ASFALTO,Bueno,Bueno,3,VENTO,ROJO,3,,57,MASCULINO,SIN DATOS,0,0,Morelia,Irrigacion,junio,sábado,20,-101.225134947084,19.7047096318207
40792,40798,2022,,2022/06/11,21:15:00,COLISIÓN POR INVASIÓN DE CARRIL,ASFALTO,Bueno,Bueno,2,TOYOTA,GINDA,2,MINISTERIO PÚBLICO,32,MASCULINO,SIN DATOS,1,0,Gabriel Zamora,Lazaro Cardenas,junio,sábado,21,-102.050741,19.157394
40793,40799,2022,,2022/06/12,"01:10:00",CAIDA DE MOTOCICLETA,ASFALTO,Bueno,Bueno,1,ITALIKA,NEGRO/VERDE,0,,,,,0,0,Morelia,Felix Arreguin,junio,domingo,1,-101.226385496557,19.7214160463799
40794,40800,2022,,2022/06/12,"01:55:00",COLISIÓN CONTRA OBJETO FIJO,ASFALTO,Bueno,Bueno,2,TOYOTA,NEGRO,1,,,MASCULINO,SIN DATOS,0,0,Morelia,El Lago 1,junio,domingo,2,-101.212949976325,19.7283580891366
40795,40801,2022,,2022/06/12,"02:00:00",COLISIÓN POR INVASIÓN DE CARRIL,CONCRETO,Bueno,Bueno,2,ITALIKA,ROJO/NEGRO,2,,,MASCULINO,SIN DATOS,0,0,Morelia,El Lago 1,junio,domingo,2,-101.21295296333,19.7283647166655
40796,40802,2022,MOR220366678,2022/06/12,"07:45:00",SALIDA DE SUPERFICIE DE RODAMIENTO,ASFALTO,Lluvioso,Malo,1,MERCEDES BENZ,NEGRO,1,,21,,SIN DATOS,0,0,Morelia,Montaña Monarca,junio,domingo,8,-101.161791228436,19.6724353224195
40797,40803,2022,,2022/06/12,"08:55:00",SALIDA DE SUPERFICIE DE RODAMIENTO,ASFALTO,Nublado,Bueno,1,CHEVROLET,GRIS,0,,,,,0,0,Los Reyes,Sin datos,junio,domingo,9,-102.482496011385,19.5793879821697
40798,40804,2022,,2022/06/12,"09:10:00",SALIDA DE SUPERFICIE DE RODAMIENTO,ADOQUIN_EMPEDRADO,Nublado,Bueno,1,JEEP,PLATA,0,,,,,0,0,Tancítaro,Sin datos,junio,domingo,9,-102.451629638672,19.373458492489
40799,40805,2022,,2022/06/12,10:25:00,COLISIÓN POR CAMBIO DE CARRIL,ASFALTO,Bueno,Bueno,2,NISSAN,ARENA,2,,44,MASCULINO,SIN DATOS,0,0,Morelia,Poblado de Ocolusen,junio,domingo,10,-101.149534843862,19.6946864377248
40800,40806,2022,,2022/06/12,11:15:00,CAIDA DE MOTOCICLETA,ASFALTO,Nublado,Regular,1,ITALIKA,NEGRO,1,,36,,SIN DATOS,0,0,Peribán,Sin datos,junio,domingo,11,-102.405532859266,19.5492984220164
40801,40807,2022,,2022/06/12,11:15:00,COLISIÓN POR CORTE DE CIRCULACIÓN,CONCRETO,Bueno,Bueno,2,ITALIKA,NEGRO,2,,60,MASCULINO,SIN DATOS,0,0,Morelia,Vasco de Quiroga,junio,domingo,11,-101.166887577957,19.7007353462806
40802,40808,2022,,2022/06/12,13:20:00,COLISIÓN POR CORTE DE CIRCULACIÓN,ASFALTO,Bueno,Bueno,2,BENELLI KEE,WHITE BLACK,2,,28,MASCULINO,ALIENTO ETÍLICO,0,0,Morelia,El Lago 1,junio,domingo,13,-101.212196580387,19.7266056001817
40803,40809,2022,,2022/06/12,13:30:00,COLISIÓN POR CORTE DE CIRCULACIÓN,ASFALTO,Bueno,Bueno,2,NISSAN,BLANCO,2,MINISTERIO PÚBLICO,38,,SIN DATOS,0,0,Hidalgo,Corros,junio,domingo,14,-100.555381625891,19.7072139549091
40804,40810,2022,,2022/06/12,13:48:00,COLISIÓN POR INVASIÓN DE CARRIL,ASFALTO,Bueno,Bueno,2,HONDA,ARENA,2,,42,MASCULINO,SIN DATOS,0,0,Morelia,Lomas de Hidalgo,junio,domingo,14,-101.158548773013,19.6975870681614
40805,40811,2022,,2022/06/12,15:00:00,COLISIÓN CONTRA OBJETO FIJO,ASFALTO,Bueno,Bueno,1,VOLKSWAGEN,BLANCO,0,,,,,0,0,Cuitzeo,Sin datos,junio,domingo,15,-101.179912232541,20.0520315750395
40806,40812,2022,,2022/06/12,16:00:00,COLISIÓN POR CORTE DE CIRCULACIÓN,ASFALTO,Bueno,Bueno,2,NISSAN,BLANCO,0,MINISTERIO PÚBLICO,,,,0,0,Lázaro Cárdenas,1Er Sect de Fidelac,junio,domingo,16,-102.195755280554,17.9605105628556
40807,40813,2022,MOR220367755,2022/06/12,16:15:00,COLISIÓN POR CORTE DE CIRCULACIÓN,CONCRETO,Bueno,Bueno,2,NISSAN,BLANCO CON ROSA,2,,33,MASCULINO,SIN DATOS,0,0,Morelia,Juarez,junio,domingo,16,-101.195505681367,19.6922946120173
40808,40814,2022,MOR220367155,2022/06/12,17:45:00,COLISIÓN POR CAMBIO DE CARRIL,ASFALTO,Bueno,Bueno,2,HONDA,ROJO,3,,62,MASCULINO,SIN DATOS,1,0,Morelia,Tzindurio de Morelos,junio,domingo,18,-101.245839223266,19.6996106485939
40809,40815,2022,MOR220368042,2022/06/12,19:00:00,COLISIÓN POR ALCANCE,ASFALTO,Bueno,Bueno,2,VOLKSWAGEN,VERDE CON BLANCO,2,,26,MASCULINO,ALIENTO ETÍLICO,0,0,Morelia,Granjas de La Huerta,junio,domingo,19,-101.235050007023,19.6670357244676
40810,40816,2022,,2022/06/12,20:50:00,COLISIÓN POR ALCANCE,CONCRETO,Bueno,Bueno,2,TOYOTA,BLANCO Y ROJO,2,,29,MASCULINO,SIN DATOS,0,0,Morelia,Lindavista,junio,domingo,21,-101.216194108129,19.7038892440674
40811,40817,2022,MOR 220368477,2022/06/12,21:10:00,COLISIÓN POR CORTE DE CIRCULACIÓN,ASFALTO,Nublado,Regular,2,GENERAL MOTORS,BLANCO,2,,48,MASCULINO,SIN DATOS,0,0,Morelia,Vista Bella,junio,domingo,21,-101.194083988667,19.6784964652265
40812,40818,2022,,2022/06/12,23:50:00,COLISIÓN CONTRA OBJETO FIJO,CONCRETO,Bueno,Bueno,2,CHEVROLET,ROJO MAGMA,2,MINISTERIO PÚBLICO,28,MASCULINO,SIN DATOS,0,0,Morelia,Villas del Pedregal,junio,domingo,0,-101.305370517075,19.6741205571754
40813,40819,2022,MOR220369613,2022/06/13,"00:00:00",COLISIÓN POR ALCANCE,CONCRETO,Bueno,Bueno,2,NISSAN,BLANCO,2,,33,MASCULINO,SIN DATOS,0,0,Morelia,Camelinas,junio,lunes,0,-101.172557889737,19.6817955013335
40814,40820,2022,MOR220369107,2022/06/13,"07:00:00",COLISIÓN POR CORTE DE CIRCULACIÓN,ASFALTO,Bueno,Bueno,2,TOYOTA,BLANCO Y GRIS,2,,40,MASCULINO,SIN DATOS,0,0,Morelia,La Colina,junio,lunes,7,-101.21617066927,19.7038176500451
40816,40822,2022,,2022/06/13,"09:00:00",COLISIÓN POR CORTE DE CIRCULACIÓN,ASFALTO,Bueno,Bueno,1,KENWORTH,BLANCO,0,,,,,0,0,Morelia,Morelia 450,junio,lunes,9,-101.214809753001,19.6743939562725
40817,40823,2022,,2022/06/13,12:00:00,COLISIÓN POR CORTE DE CIRCULACIÓN,ASFALTO,Bueno,Bueno,2,MAZDA,NEGRO,2,,46,MASCULINO,SIN DATOS,0,0,Morelia,Isaac Arriaga,junio,lunes,12,-101.170395053923,19.7081548988037
40818,40824,2022,,2022/06/13,12:10:00,COLISIÓN POR ALCANCE,ASFALTO,Bueno,Bueno,2,MERCEDES BENZ,BLANCO,2,,19,MASCULINO,SIN DATOS,0,0,Morelia,Tanganxoan (Guadalupe Victoria),junio,lunes,12,-101.289719301697,19.695347694434
40819,40825,2022,LEG43626,2022/06/13,13:19:00,SALIDA DE SUPERFICIE DE RODAMIENTO,ASFALTO,Bueno,Bueno,1,FORD,BLANCO,1,,42,MASCULINO,SIN DATOS,0,0,Morelia,Sin datos,junio,lunes,13,-101.250286356293,19.7930344272594
40820,40826,2022,,2022/06/13,14:40:00,COLISIÓN POR CORTE DE CIRCULACIÓN,ASFALTO,Bueno,Bueno,2,MAZDA,ROJO,2,,29,FEMENINO,SIN DATOS,0,0,Morelia,Pascual Ortiz de Ayala,junio,lunes,15,-101.150695905089,19.6968391880438
40821,40827,2022,,2022/06/13,15:30:00,COLISIÓN POR ALCANCE,ASFALTO,Nublado,Bueno,2,YAMAHA,BLANCO,3,MINISTERIO PÚBLICO,21,MASCULINO,SIN DATOS,1,0,Morelia,Jardines del Toreo,junio,lunes,16,-101.215405982712,19.6854230485686
40822,40828,2022,,2022/06/13,16:35:00,COLISIÓN POR ALCANCE,ASFALTO,Nublado,Bueno,2,VOLKSWAGEN,NEGRO,2,,69,MASCULINO,SIN DATOS,0,0,Morelia,Rafael Carrillo,junio,lunes,17,-101.237242103301,19.7073070395045