fid,id_accidente,anio_origen,folio_c5i,dia_incidente,hora_ocurrencia,tipo_incidente_vial,superficie_ocurrencia,condiciones_climaticas,condiciones_via,numero_vehiculos_involucrados,marca_vehiculo_ocasiona_siniestro,color_vehiculo_ocasiona_siniestro,numero_personas_involucradas,lugar_remite_presunto_responsable,edad_presunto_responsable,sexo_presunto_responsable,resultados_toxicologia,numero_personas_lesionadas,numero_personas_fallecidas,municipio,colonia,mes,dia_semana,hora_redondeada,lon,lat
40823,40829,2022,,2022/06/13,18:40:00,COLISIÓN CONTRA OBJETO FIJO,ASFALTO,Bueno,Bueno,2,CHRYSLER,VERDE,2,,,MASCULINO,SIN DATOS,0,0,Morelia,Lomas de Guayangareo,junio,lunes,19,-101.162172010685,19.7037500732907
40824,40830,2022,LEG43627,2022/06/13,19:01:00,COLISIÓN POR CAMBIO DE CARRIL,ASFALTO,Nublado,Bueno,2,TOYOTA,BLANCO Y NARANJA,2,,,MASCULINO,SIN DATOS,0,0,Morelia,Morelos,junio,lunes,19,-101.183193549514,19.7280238719656
40825,40831,2022,,2022/06/13,20:20:00,COLISIÓN POR CORTE DE CIRCULACIÓN,ASFALTO,Bueno,Bueno,2,RENAULT,BLANCO,2,,45,MASCULINO,SIN DATOS,0,0,Morelia,Ciudad Industrial,junio,lunes,20,-101.130074411631,19.7341494690587
40826,40832,2022,MOR220368808,2022/06/13,23:25:00,SALIDA DE SUPERFICIE DE RODAMIENTO,ASFALTO,Lluvioso,Regular,1,VOLKSWAGEN,GRIS,1,,30,MASCULINO,ALIENTO ETÍLICO,0,0,Tarímbaro,Sin datos,junio,lunes,23,-101.170934147455,19.7524041387572
40827,40833,2022,,2022/06/14,"00:00:00",COLISIÓN POR CORTE DE CIRCULACIÓN,ASFALTO,Lluvioso,Regular,2,NISSAN,BLANCO Y AZUL,2,MINISTERIO PÚBLICO,22,MASCULINO,SIN DATOS,0,0,Morelia,Buenavista,junio,martes,0,-101.164379245,19.7054418449992
40829,40835,2022,MOR220371875,2022/06/14,"09:00:00",COLISIÓN POR CORTE DE CIRCULACIÓN,CONCRETO,Bueno,Bueno,2,MAZDA,GRIS,2,,36,MASCULINO,SIN DATOS,0,0,Morelia,Eucaliptos (Gigantes de Michoacan),junio,martes,9,-101.151192445,19.6992030899991
40830,40836,2022,,2022/06/14,"09:15:00",COLISIÓN POR CAMBIO DE CARRIL,ASFALTO,Nublado,Bueno,2,FREHIGTLINER,BLANCO Y VERDE,2,,22,MASCULINO,SIN DATOS,0,0,Morelia,Insurgentes,junio,martes,9,-101.154540928257,19.6969391869908
40831,40837,2022,,2022/06/14,11:40:00,COLISIÓN POR CORTE DE CIRCULACIÓN,ASFALTO,Bueno,Bueno,2,CHEVROLET,PLATA,2,,45,FEMENINO,SIN DATOS,0,0,Morelia,Ventura Puente,junio,martes,12,-101.193205035,19.6924290599991
40832,40838,2022,MOR220372441,2022/06/14,13:35:00,CAIDA DE MOTOCICLETA,ASFALTO,Bueno,Regular,1,BAJAJ,NEGRO,1,,25,MASCULINO,SIN DATOS,0,0,Morelia,Ciudad Industrial,junio,martes,14,-101.14554366932,19.7284851395985
40833,40839,2022,,2022/06/14,14:18:00,COLISIÓN POR ALCANCE,ASFALTO,Bueno,Bueno,2,HONDA,GRIS,2,,37,FEMENINO,SIN DATOS,0,0,Morelia,Santillan La Huerta,junio,martes,14,-101.219553885717,19.6760966650679
40834,40840,2022,,2022/06/14,16:40:00,COLISIÓN POR CORTE DE CIRCULACIÓN,ASFALTO,Bueno,Bueno,2,FIAT,BLANCO,2,,43,MASCULINO,SIN DATOS,0,0,Morelia,Nueva Valladolid,junio,martes,17,-101.21281435,19.7007192549992
40835,40841,2022,,2022/06/14,16:46:00,COLISIÓN CONTRA OBJETO FIJO,TERRACERIA,Bueno,Bueno,1,RENAULT,ROJO,1,,,,SIN DATOS,0,0,Morelia,Loma de La Virgen,junio,martes,17,-101.200584660326,19.661634903245
40836,40842,2022,MOR220374875,2022/06/15,"00:00:00",COLISIÓN POR CORTE DE CIRCULACIÓN,CONCRETO,Bueno,Bueno,3,VITALIA,ROJO,3,,,FEMENINO,SIN DATOS,0,0,Morelia,Primaveras,junio,miércoles,0,-101.225755847991,19.6833900072681
40837,40843,2022,,2022/06/15,"07:30:00",COLISIÓN POR INVASIÓN DE CARRIL,ASFALTO,Nublado,Regular,3,DINA,VERDE,4,,,MASCULINO,SIN DATOS,1,0,Morelia,San Pascual,junio,miércoles,8,-101.267326064408,19.6952520762633
40838,40844,2022,,2022/06/15,"09:35:00",COLISIÓN CON PEATÓN,ASFALTO,Bueno,Bueno,1,HONDA,BLANCO,2,,35,MASCULINO,SIN DATOS,1,0,Morelia,Sentimientos de La Nacion,junio,miércoles,10,-101.233228817582,19.678212052486
40839,40845,2022,,2022/06/15,10:55:00,COLISIÓN POR CORTE DE CIRCULACIÓN,ASFALTO,Bueno,Bueno,2,HONDA,ARENA,3,,60,FEMENINO,SIN DATOS,1,0,Tangamandapio,Sin datos,junio,miércoles,11,-102.444763183594,19.9526963975442
40840,40846,2022,,2022/06/15,11:55:00,COLISIÓN POR CORTE DE CIRCULACIÓN,ASFALTO,Bueno,Bueno,3,YAMAHA,ROJO,3,,27,MASCULINO,SIN DATOS,0,0,Morelia,Chapultepec Norte,junio,miércoles,12,-101.176202706993,19.6968603658813
40841,40847,2022,LEG43643,2022/06/15,14:37:00,COLISIÓN POR CORTE DE CIRCULACIÓN,ASFALTO,Bueno,Regular,2,KENWORTH,BLANCO,2,,50,MASCULINO,SIN DATOS,0,0,Morelia,Los Manantiales de Morelia,junio,miércoles,15,-101.241407543421,19.6953856012177
40842,40848,2022,,2022/06/15,15:30:00,COLISIÓN POR CORTE DE CIRCULACIÓN,ASFALTO,Bueno,Bueno,2,FORD,NEGRO,2,,0,FEMENINO,SIN DATOS,0,0,Morelia,Industrial,junio,miércoles,16,-101.197431720793,19.7131532117522
40843,40849,2022,,2022/06/15,15:30:00,COLISIÓN CONTRA OBJETO FIJO,ASFALTO,Bueno,Bueno,2,VELOCI,ROJO/NEGRO,2,MINISTERIO PÚBLICO,0,,SIN DATOS,1,0,Morelia,Villa Universidad,junio,miércoles,16,-101.211960241199,19.6922519968594
40844,40850,2022,,2022/06/15,17:10:00,COLISIÓN POR ALCANCE,ASFALTO,Nublado,Bueno,2,NISSAN,BLANCO Y ROJO,2,,67,MASCULINO,SIN DATOS,0,0,Morelia,Diego Rivera,junio,miércoles,17,-101.177716478705,19.7194870817822
40845,40851,2022,,2022/06/15,19:00:00,COLISIÓN POR CORTE DE CIRCULACIÓN,ASFALTO,Bueno,Bueno,2,ITALIKA,ROJO,3,,51,MASCULINO,SIN DATOS,1,0,Morelia,Ventura Puente,junio,miércoles,19,-101.192753948271,19.6924417131419
40846,40852,2022,LEG43653,2022/06/15,19:01:00,COLISIÓN POR CORTE DE CIRCULACIÓN,SIN_DATOS,Bueno,Bueno,2,VOLKSWAGEN,NEGRO,2,,0,FEMENINO,SIN DATOS,0,0,Morelia,12 de Diciembre,junio,miércoles,19,-101.15135204047,19.7034783312388
40847,40853,2022,,2022/06/15,19:10:00,COLISIÓN POR MANIOBRA DE REVERSA,CONCRETO,Lluvioso,Regular,3,MERCURY,VERDE,3,,61,FEMENINO,SIN DATOS,0,0,Morelia,Jose Ma Pino Suarez,junio,miércoles,19,-101.161259450018,19.7192718327938
40848,40854,2022,,2022/06/15,19:10:00,COLISIÓN POR ALCANCE,ASFALTO,Lluvioso,Regular,3,NISSAN,ROJO,3,MINISTERIO PÚBLICO,28,MASCULINO,SIN DATOS,0,0,Morelia,Consuelo Alfaro de Vazquez,junio,miércoles,19,-101.138871721923,19.7278676799267
40849,40855,2022,,2022/06/15,19:40:00,VOLCADURA,ASFALTO,Bueno,Bueno,1,CHEVROLET,BLANCO,1,,32,MASCULINO,SIN DATOS,0,0,Tzitzio,Sin datos,junio,miércoles,20,-100.922083854675,19.5586982848511
40850,40856,2022,,2022/06/15,19:40:00,COLISIÓN POR INVASIÓN DE CARRIL,ASFALTO,Lluvioso,Regular,2,FORD,NEGRO,2,MINISTERIO PÚBLICO,46,MASCULINO,SIN DATOS,1,0,Hidalgo,Sin datos,junio,miércoles,20,-100.749665424228,19.7128492630053
40851,40857,2022,LEG43655,2022/06/15,19:42:00,COLISIÓN POR CAMBIO DE CARRIL,ASFALTO,Lluvioso,Bueno,2,TOYOTA,BLANCO Y MORADO,2,,21,MASCULINO,SIN DATOS,0,0,Morelia,Buenavista,junio,miércoles,20,-101.167021170259,19.7096036351215
40852,40858,2022,,2022/06/15,21:00:00,SUBIDA AL CAMELLÓN,ASFALTO,Lluvioso,Malo,1,RENAULT,AZUL,1,,22,FEMENINO,SIN DATOS,0,0,Morelia,Sin datos,junio,miércoles,21,-101.283974871039,19.6904223753813
40853,40859,2022,MOR220376,2022/06/16,"08:10:00",COLISIÓN POR ALCANCE,ASFALTO,Bueno,Bueno,3,CHYSLER,PLATA,3,,37,MASCULINO,SIN DATOS,0,0,Morelia,Sentimientos de La Nacion,junio,jueves,8,-101.23686991632,19.6848017459267
40854,40860,2022,,2022/06/16,"08:25:00",COLISIÓN POR CAMBIO DE CARRIL,ASFALTO,Bueno,Bueno,2,ITALIKA,NEGRO,2,,19,FEMENINO,SIN DATOS,0,0,Morelia,Arboledas de Valladolid,junio,jueves,8,-101.250450275838,19.6921680291817
40855,40861,2022,,2022/06/16,10:25:00,COLISIÓN POR ALCANCE,ASFALTO,Bueno,Bueno,2,NISSAN,BLANCO,2,,36,MASCULINO,SIN DATOS,0,0,Morelia,Alberto Oviedo Mota,junio,jueves,10,-101.201931796968,19.6778246935738
40856,40862,2022,,2022/06/16,12:58:00,COLISIÓN POR CORTE DE CIRCULACIÓN,ASFALTO,Bueno,Bueno,2,YAMAHA,VERDE,2,,24,MASCULINO,SIN DATOS,0,0,Morelia,El Lago 3,junio,jueves,13,-101.220901049674,19.7240880384928
40857,40863,2022,MOR 220366692,2022/06/16,14:10:00,COLISIÓN POR CORTE DE CIRCULACIÓN,ASFALTO,Nublado,Regular,2,ITALIKA,NEGRO Y NARANJA,2,,24,MASCULINO,SIN DATOS,0,0,Morelia,El Lago 2,junio,jueves,14,-101.212026290596,19.7263430206975
40858,40864,2022,,2022/06/16,15:05:00,COLISIÓN POR ALCANCE,ASFALTO,Nublado,Regular,2,KENWORTH,NARANJA,2,,53,MASCULINO,SIN DATOS,0,0,Morelia,Tzindurio de Morelos,junio,jueves,15,-101.243652887642,19.6999749408601
40859,40865,2022,,2022/06/16,18:54:00,COLISIÓN POR CAMBIO DE CARRIL,ASFALTO,Bueno,Bueno,2,VOLKSWAGEN,ROJO,2,,47,FEMENINO,SIN DATOS,0,0,Morelia,Tzindurio de Morelos,junio,jueves,19,-101.243649870157,19.6999730469442
40860,40866,2022,,2022/06/16,19:07:00,COLISIÓN CONTRA OBJETO FIJO,ASFALTO,Bueno,Bueno,2,ITALIKA,GRAFITO AMARILLO,2,,19,MASCULINO,SIN DATOS,0,0,Morelia,Villas del Pedregal,junio,jueves,19,-101.304508186877,19.6876056139356
40861,40867,2022,,2022/06/16,19:15:00,COLISIÓN POR MANIOBRA DE REVERSA,SIN_DATOS,Nublado,Bueno,2,FORD,BLANCO,2,,50,MASCULINO,SIN DATOS,0,0,Morelia,Chapultepec Oriente,junio,jueves,19,-101.165997739881,19.6929340274266
40862,40868,2022,,2022/06/16,19:23:00,COLISIÓN POR ALCANCE,ASFALTO,Bueno,Bueno,2,NISSAN,BLANCO,2,,35,MASCULINO,SIN DATOS,0,0,Morelia,Morelia 450,junio,jueves,19,-101.21752012521,19.6757354017289
40863,40869,2022,,2022/06/16,19:30:00,COLISIÓN CON PEATÓN,SIN_DATOS,Bueno,Bueno,1,ITALIKA,VERDE Y AZUL,2,,24,MASCULINO,SIN DATOS,1,0,Morelia,Centro,junio,jueves,20,-101.185586750507,19.7056815233054
40864,40870,2022,MOR220377541,2022/06/16,20:20:00,COLISIÓN POR CORTE DE CIRCULACIÓN,ASFALTO,Nublado,Regular,2,BAJAJ,NEGRO,2,,28,MASCULINO,SIN DATOS,0,0,Morelia,Sentimientos de La Nacion,junio,jueves,20,-101.236871927977,19.6848061654826
40865,40871,2022,MOR220377649,2022/06/16,21:30:00,COLISIÓN POR INVASIÓN DE CARRIL,CONCRETO,Lluvioso,Regular,3,DODGE,AZUL,3,,25,MASCULINO,SIN DATOS,0,0,Morelia,Periodistas,junio,jueves,22,-101.143322512507,19.6857797275312
40866,40872,2022,,2022/06/16,22:00:00,COLISIÓN POR MANIOBRA DE REVERSA,CONCRETO,Lluvioso,Bueno,2,TOYOTA,GRIS,2,,,FEMENINO,SIN DATOS,0,0,Morelia,Ilustres Novohispanos,junio,jueves,22,-101.15283831954,19.70799073904
40867,40873,2022,MOR220277910,2022/06/16,23:35:00,COLISIÓN POR ALCANCE,ASFALTO,Lluvioso,Regular,2,VOLKSWAGEN,BLANCO,2,,24,MASCULINO,ALIENTO ETÍLICO,0,0,Morelia,Alberto Oviedo Mota,junio,jueves,0,-101.19573622942,19.6815246116788
40868,40874,2022,,2022/06/16,23:40:00,COLISIÓN POR INVASIÓN DE CARRIL,ASFALTO,Lluvioso,Malo,4,MAZDA,GRIS,3,MINISTERIO PÚBLICO,32,MASCULINO,SIN DATOS,0,0,Morelia,Campestre Los Manantiales,junio,jueves,0,-101.238253265619,19.6876962132203
40869,40875,2022,,2022/06/17,"00:00:00",COLISIÓN POR ALCANCE,ASFALTO,Bueno,Bueno,2,INTERNACIONAL,BLANCO,2,,45,MASCULINO,SIN DATOS,0,0,Morelia,Tzindurio de Morelos,junio,viernes,0,-101.25016361475,19.698617944376
40870,40876,2022,LEG43675,2022/06/17,"00:05:00",COLISIÓN POR INVASIÓN DE CARRIL,CONCRETO,Lluvioso,Malo,2,NISSAN,BLANCO,2,,,MASCULINO,SIN DATOS,0,0,Morelia,Campestre Los Manantiales,junio,viernes,0,-101.238164752722,19.6877716599722
40871,40877,2022,,2022/06/17,"02:00:00",COLISIÓN CONTRA OBJETO FIJO,ASFALTO,Lluvioso,Regular,1,SUZUKI,ROJO,0,,,,,0,0,Morelia,Americas Britania,junio,viernes,2,-101.149225719273,19.6946526330744
40872,40878,2022,MOR220377902,2022/06/17,"02:00:00",COLISIÓN CONTRA OBJETO FIJO,ASFALTO,Nublado,Bueno,1,CHEVROLET,NARANJA,1,MINISTERIO PÚBLICO,,,SIN DATOS,0,0,Morelia,Villas Lomas del Paraiso,junio,viernes,2,-101.175528131425,19.673402989954
40873,40879,2022,,2022/06/17,"07:20:00",COLISIÓN POR CORTE DE CIRCULACIÓN,ASFALTO,Bueno,Bueno,2,NISSAN,BLANCO,2,MINISTERIO PÚBLICO,,MASCULINO,SIN DATOS,0,0,Morelia,Villas del Pedregal,junio,viernes,7,-101.304508522153,19.687608455029
40874,40880,2022,,2022/06/17,"07:50:00",COLISIÓN POR CORTE DE CIRCULACIÓN,ASFALTO,Bueno,Bueno,2,HONDA,GRIS,2,,46,MASCULINO,SIN DATOS,0,0,Morelia,San Rafael,junio,viernes,8,-101.153864599764,19.6997625064875
40875,40881,2022,,2022/06/17,"08:30:00",COLISIÓN POR CORTE DE CIRCULACIÓN,ASFALTO,Nublado,Bueno,2,NISSAN,BLANCO/ROJO,2,,42,MASCULINO,SIN DATOS,0,0,Morelia,Morelos,junio,viernes,9,-101.185368150473,19.7240233394435
40876,40882,2022,,2022/06/17,"08:40:00",COLISIÓN POR CAMBIO DE CARRIL,ASFALTO,Bueno,Bueno,2,FORD,ROJO,2,,46,MASCULINO,SIN DATOS,0,0,Morelia,Lazaro Cardenas,junio,viernes,9,-101.165337078273,19.710139895793
40877,40883,2022,,2022/06/17,13:00:00,COLISIÓN POR CORTE DE CIRCULACIÓN,ASFALTO,Bueno,Bueno,2,CHEVROLET,GRIS,0,MINISTERIO PÚBLICO,,,,0,0,Lázaro Cárdenas,Puentes Cuates,junio,viernes,13,-102.199680693448,17.9698583847903
40878,40884,2022,LEG43688,2022/06/17,14:47:00,COLISIÓN CON PEATÓN,ASFALTO,Bueno,Bueno,1,CHEVROLET,BLANCO,1,,,,,1,0,Morelia,Lomas del Durazno,junio,viernes,15,-101.193240758901,19.6642908711515
40879,40885,2022,MOR220378927,2022/06/17,15:15:00,COLISIÓN CONTRA OBJETO FIJO,CONCRETO,Nublado,Bueno,1,FREIGHTLINER,AZUL,1,,34,MASCULINO,SIN DATOS,0,0,Morelia,Indeco Santiaguito,junio,viernes,15,-101.178935542703,19.7204613796628
40880,40886,2022,,2022/06/17,17:00:00,SALIDA DE SUPERFICIE DE RODAMIENTO,ASFALTO,Nublado,Bueno,1,NISSAN,NEGRO,1,,36,MASCULINO,SIN DATOS,0,0,Morelia,Club de Golf Tres Marias,junio,viernes,17,-101.112482137978,19.7052648761292
40881,40887,2022,,2022/06/17,17:50:00,COLISIÓN POR CORTE DE CIRCULACIÓN,ASFALTO,Bueno,Bueno,2,TOYOTA,BLANCO,2,,31,MASCULINO,SIN DATOS,0,0,Morelia,Las Americas,junio,viernes,18,-101.152156367898,19.6884696196611
40882,40888,2022,,2022/06/17,18:45:00,COLISIÓN POR ALCANCE,ASFALTO,Bueno,Bueno,2,TOYOTA,BLANCO,2,,37,MASCULINO,SIN DATOS,0,0,Morelia,Canteras de Morelia,junio,viernes,19,-101.171485707164,19.7147496433475
40883,40889,2022,,2022/06/17,19:00:00,COLISIÓN POR CAMBIO DE CARRIL,CONCRETO,Bueno,Bueno,2,INTERNATIONAL,BLANCO,2,,40,MASCULINO,SIN DATOS,0,0,Morelia,Sentimientos de La Nacion,junio,viernes,19,-101.236877292395,19.6848026929744
40884,40890,2022,,2022/06/18,"00:00:00",COLISIÓN POR ALCANCE,ASFALTO,Lluvioso,Bueno,2,CHEVROLET,BLANCO,2,,55,MASCULINO,SIN DATOS,0,0,Morelia,Arcos del Valle,junio,sábado,0,-101.236248649657,19.7076230217075
40885,40891,2022,,2022/06/18,"01:05:00",SALIDA DE SUPERFICIE DE RODAMIENTO,ASFALTO,Bueno,Bueno,1,VOLKSWAGEN,BLANCO,1,,35,MASCULINO,SIN DATOS,0,0,Morelia,Clara Cordova Moran,junio,sábado,1,-101.180838234723,19.7373952870282
40886,40892,2022,LEG43696,2022/06/18,"01:35:00",COLISIÓN POR CORTE DE CIRCULACIÓN,ASFALTO,Bueno,Bueno,2,CHEVROLET,NEGRO,2,,48,MASCULINO,SIN DATOS,0,0,Morelia,El Porvenir,junio,sábado,2,-101.204636134207,19.7117461419834
40887,40893,2022,,2022/06/18,"01:50:00",VOLCADURA,ASFALTO,Bueno,Bueno,1,CHEVROLET,BLANCO,1,,,,SIN DATOS,0,0,Morelia,Vasco de Quiroga,junio,sábado,2,-101.178121827543,19.6991327773812
40888,40894,2022,,2022/06/18,12:00:00,COLISIÓN POR INVASIÓN DE CARRIL,CONCRETO,Bueno,Bueno,2,HONDA,AZUL,2,,37,MASCULINO,SIN DATOS,0,0,Morelia,La Pradera,junio,sábado,12,-101.217514425516,19.6807666405355
40889,40895,2022,MOR220380807,2022/06/18,13:35:00,COLISIÓN POR CORTE DE CIRCULACIÓN,CONCRETO,Bueno,Bueno,2,ITALIKA,NEGRO,2,,49,MASCULINO,SIN DATOS,0,0,Morelia,Agustin Arriaga Rivera,junio,sábado,14,-101.22534211725,19.6903971216604
40890,40896,2022,,2022/06/18,13:35:00,COLISIÓN POR ALCANCE,ASFALTO,Lluvioso,Bueno,2,HONDA,AZUL,2,,30,FEMENINO,SIN DATOS,0,0,Morelia,Los Girasoles,junio,sábado,14,-101.21298417449,19.690686592197
40891,40897,2022,MOR220380853,2022/06/18,13:50:00,COLISIÓN POR CORTE DE CIRCULACIÓN,ASFALTO,Bueno,Bueno,2,NAVISTAR,NARANJA,4,,18,MASCULINO,SIN DATOS,2,0,Morelia,Nueva Valladolid,junio,sábado,14,-101.208861619234,19.7020784362754
40892,40898,2022,LEG43706,2022/06/18,14:05:00,COLISIÓN CON PEATÓN,ASFALTO,Bueno,Bueno,1,ITALIKA,AZUL,2,MINISTERIO PÚBLICO,23,MASCULINO,SIN DATOS,1,0,Morelia,Ejidal Ocolusen,junio,sábado,14,-101.153460592031,19.6872160679954
40893,40899,2022,,2022/06/18,14:11:00,COLISIÓN POR CAMBIO DE CARRIL,ASFALTO,Bueno,Bueno,2,FORD,GRIS,2,,41,MASCULINO,SIN DATOS,0,0,Morelia,Lomas de Hidalgo,junio,sábado,14,-101.161439828575,19.6958439413484
40894,40900,2022,,2022/06/18,14:29:00,COLISIÓN POR ALCANCE,ASFALTO,Bueno,Bueno,2,FORD,NEGRO/GRIS,2,,38,MASCULINO,SIN DATOS,0,0,Morelia,Mariano Escobedo,junio,sábado,14,-101.213551796973,19.7227309309961
40895,40901,2022,,2022/06/18,15:25:00,COLISIÓN POR CORTE DE CIRCULACIÓN,CONCRETO,Bueno,Bueno,2,DODGE,ROJO,2,,42,MASCULINO,SIN DATOS,0,0,Morelia,Industrial,junio,sábado,15,-101.197645962238,19.7107777879877
40896,40902,2022,,2022/06/18,16:11:00,COLISIÓN POR CORTE DE CIRCULACIÓN,CONCRETO,Bueno,Bueno,2,CHEVROLET,GUINDA,2,MINISTERIO PÚBLICO,20,MASCULINO,SIN DATOS,0,0,Morelia,Industrial,junio,sábado,16,-101.191535899595,19.7096031265412
40897,40903,2022,,2022/06/18,17:24:00,COLISIÓN POR CORTE DE CIRCULACIÓN,ASFALTO,Bueno,Bueno,2,ITALIKA,NEGRO/ROJO,2,,22,MASCULINO,SIN DATOS,0,0,Morelia,Guadalupe,junio,sábado,17,-101.221585012972,19.7098551949423
40898,40904,2022,MOR 220382349,2022/06/18,20:45:00,SALIDA DE SUPERFICIE DE RODAMIENTO,ASFALTO,Bueno,Regular,1,CHEVROLET,NEGRO,1,,32,MASCULINO,SIN DATOS,0,0,Charo,Sin datos,junio,sábado,21,-100.949431993067,19.6165808609024
40899,40905,2022,MOR220382001,2022/06/18,21:05:00,COLISIÓN POR CORTE DE CIRCULACIÓN,ASFALTO,Bueno,Regular,2,VOSLKWAGEN,PLATA,2,MINISTERIO PÚBLICO,63,MASCULINO,SIN DATOS,0,0,Morelia,Jardines de La Loma,junio,sábado,21,-101.224349029362,19.6767936260864
40900,40906,2022,,2022/06/18,21:30:00,COLISIÓN POR CORTE DE CIRCULACIÓN,CONCRETO,Bueno,Bueno,2,TOYOTA,BLANCO/GRIS,2,,57,MASCULINO,SIN DATOS,0,0,Morelia,Ilustres Novohispanos,junio,sábado,22,-101.15346763283,19.7097680801684
40901,40907,2022,,2022/06/18,22:00:00,CAIDA DE MOTOCICLETA,CONCRETO,Lluvioso,Regular,1,BAJAJ,NEGRO,1,,38,MASCULINO,SIN DATOS,0,0,Morelia,Tzindurio de Morelos,junio,sábado,22,-101.248518414795,19.6990181948262
40902,40908,2022,MOR220382228,2022/06/18,22:50:00,COLISIÓN POR ALCANCE,ASFALTO,Bueno,Bueno,2,NISSAN,VERDE,2,,18,MASCULINO,ALIENTO ETÍLICO,0,0,Morelia,Los Pinos de Michoacan,junio,sábado,23,-101.214115396142,19.6878430028932
40903,40909,2022,LEG43716,2022/06/19,"00:45:00",CAIDA DE MOTOCICLETA,ASFALTO,Bueno,Bueno,1,ITALIKA,ROJO,1,MINISTERIO PÚBLICO,40,MASCULINO,SIN DATOS,0,0,Morelia,Gertrudis Bocanegra,junio,domingo,1,-101.208908303892,19.7031768268683
40904,40910,2022,,2022/06/19,"02:00:00",COLISIÓN POR ALCANCE,ASFALTO,Bueno,Bueno,2,VOLKSWAGEN,AZUL,0,MINISTERIO PÚBLICO,,,,0,0,Lázaro Cárdenas,Segundo Sector de Fidelac,junio,domingo,2,-102.205027677119,17.9614332477251
40905,40911,2022,MOR220382474,2022/06/19,"02:30:00",COLISIÓN CONTRA OBJETO FIJO,CONCRETO,Nublado,Bueno,1,GMC,CAFE,1,,28,MASCULINO,SIN DATOS,0,0,Morelia,La Quemada,junio,domingo,3,-101.237044930458,19.7017577370803
40906,40912,2022,,2022/06/19,"03:00:00",COLISIÓN POR CORTE DE CIRCULACIÓN,ASFALTO,Bueno,Bueno,2,NISSAN,AZUL,0,MINISTERIO PÚBLICO,,,,0,0,Lázaro Cárdenas,Villa Hermosa,junio,domingo,3,-102.230402776012,17.986721502288
40907,40913,2022,,2022/06/19,"03:51:00",COLISIÓN CONTRA OBJETO FIJO,ASFALTO,Bueno,Bueno,2,CHEVROLET,BLANCO,2,,28,MASCULINO,SIN DATOS,0,0,Morelia,Felicitas del Rio,junio,domingo,4,-101.195519976318,19.6920278725088
40908,40914,2022,MOR220382615,2022/06/19,"05:15:00",COLISIÓN CONTRA OBJETO FIJO,ASFALTO,Bueno,Bueno,1,NISSAN,ROJO,1,,36,FEMENINO,SIN DATOS,0,0,Morelia,Cinco de Diciembre,junio,domingo,5,-101.160818226635,19.687936443131
40909,40915,2022,MOR 220382635,2022/06/19,"06:30:00",VOLCADURA,ASFALTO,Bueno,Bueno,1,FORD,AZUL,1,,67,MASCULINO,SIN DATOS,0,0,Morelia,Sin datos,junio,domingo,7,-101.334072500467,19.5565562627499
40910,40916,2022,,2022/06/19,"06:49:00",COLISIÓN POR INVASIÓN DE CARRIL,ASFALTO,Bueno,Bueno,2,NISSAN,BLANCO,2,,,MASCULINO,SIN DATOS,0,0,Morelia,Buenos Aires (Lomas de La Aldea),junio,domingo,7,-101.1380509,19.7358618
40911,40917,2022,,2022/06/19,11:30:00,COLISIÓN POR ALCANCE,ASFALTO,Bueno,Bueno,2,NISSAN,CAPUCCINO,2,,34,MASCULINO,SIN DATOS,0,0,Morelia,Avicola Benito Juarez,junio,domingo,12,-101.279538162053,19.6913488685118
40912,40918,2022,LEG43722,2022/06/19,12:45:00,COLISIÓN POR ALCANCE,CONCRETO,Bueno,Bueno,2,VOLKSWAGEN,BLANCO,2,,,MASCULINO,SIN DATOS,0,0,Morelia,Loma Bonita,junio,domingo,13,-101.196749433875,19.7201631258403
40913,40919,2022,,2022/06/19,15:00:00,COLISIÓN CONTRA OBJETO FIJO,CONCRETO,Bueno,Bueno,1,VOLVO,BLANCO/MORADO,1,,,MASCULINO,SIN DATOS,0,0,Morelia,Reforma,junio,domingo,15,-101.241796973618,19.7059112424052
40914,40920,2022,,2022/06/19,15:10:00,COLISIÓN POR ALCANCE,ASFALTO,Bueno,Bueno,2,MAZCA,BLANCO,2,,35,MASCULINO,SIN DATOS,0,0,Morelia,El Lago 2,junio,domingo,15,-101.21454320848,19.7266620925865
40915,40921,2022,MOR220383433,2022/06/19,15:30:00,COLISIÓN POR CORTE DE CIRCULACIÓN,CONCRETO,Bueno,Bueno,2,HONDA,ROJO,2,,27,MASCULINO,SIN DATOS,0,0,Morelia,Independencia,junio,domingo,16,-101.176104471087,19.7141505888363
40916,40922,2022,,2022/06/19,15:45:00,COLISIÓN POR CORTE DE CIRCULACIÓN,CONCRETO,Bueno,Bueno,2,ITALIKA/D125,AZUL,2,MINISTERIO PÚBLICO,32,FEMENINO,SIN DATOS,0,0,Morelia,Chapultepec Sur,junio,domingo,16,-101.169860959053,19.6898892053538
40917,40923,2022,,2022/06/19,16:40:00,SALIDA DE SUPERFICIE DE RODAMIENTO,ASFALTO,Bueno,Bueno,1,CADILAC,ARENA,1,,31,MASCULINO,SIN DATOS,0,0,Morelia,Campestre Los Manantiales,junio,domingo,17,-101.239289939404,19.6901284849581
40918,40924,2022,,2022/06/19,17:20:00,COLISIÓN POR CORTE DE CIRCULACIÓN,ASFALTO,Bueno,Bueno,2,CHEVROLET,GRIS,2,,51,MASCULINO,ALIENTO ETÍLICO,0,0,Morelia,Los Manantiales de Morelia,junio,domingo,17,-101.241191625595,19.6945610907363