fid,id_accidente,anio_origen,folio_c5i,dia_incidente,hora_ocurrencia,tipo_incidente_vial,superficie_ocurrencia,condiciones_climaticas,condiciones_via,numero_vehiculos_involucrados,marca_vehiculo_ocasiona_siniestro,color_vehiculo_ocasiona_siniestro,numero_personas_involucradas,lugar_remite_presunto_responsable,edad_presunto_responsable,sexo_presunto_responsable,resultados_toxicologia,numero_personas_lesionadas,numero_personas_fallecidas,municipio,colonia,mes,dia_semana,hora_redondeada,lon,lat
40919,40925,2022,,2022/06/19,18:00:00,COLISIÓN POR ALCANCE,ASFALTO,Bueno,Regular,3,GMC,BLANCO,3,,57,MASCULINO,SIN DATOS,0,0,Morelia,Centro,junio,domingo,18,-101.17817144841,19.6990484976586
40920,40926,2022,,2022/06/19,18:50:00,COLISIÓN POR CAMBIO DE CARRIL,ASFALTO,Lluvioso,Regular,3,CHRYSLER,NEGRO,2,,20,MASCULINO,SIN DATOS,0,0,Morelia,San Jose Itzicuaro,junio,domingo,19,-101.312797889113,19.6872107014726
40921,40927,2022,,2022/06/19,19:00:00,COLISIÓN POR CORTE DE CIRCULACIÓN,ASFALTO,Bueno,Bueno,2,HONDA,BLANCO,3,MINISTERIO PÚBLICO,29,MASCULINO,SIN DATOS,1,0,Morelia,Union,junio,domingo,19,-101.157518438995,19.7076255468079
40922,40928,2022,,2022/06/19,20:50:00,COLISIÓN POR CAMBIO DE CARRIL,ASFALTO,Bueno,Bueno,2,TOYOTA,BLANCO/GRIS,2,,41,MASCULINO,SIN DATOS,0,0,Morelia,Campestre Los Manantiales,junio,domingo,21,-101.238362230361,19.6882454900157
40923,40929,2022,LEG43734,2022/06/19,21:23:00,COLISIÓN POR ALCANCE,TERRACERIA,Lluvioso,Malo,2,FORD,ROJO,2,MINISTERIO PÚBLICO,0,MASCULINO,SIN DATOS,0,0,Morelia,Praderas del Indio,junio,domingo,21,-101.223494028547,19.6450845894654
40924,40930,2022,,2022/06/19,21:45:00,COLISIÓN CON PEATÓN,ASFALTO,Lluvioso,Bueno,1,VOLKSWAGEN,GRIS,1,,23,MASCULINO,SIN DATOS,0,0,Morelia,Rinconada del Valle,junio,domingo,22,-101.22175399214,19.6774887923409
40925,40931,2022,,2022/06/19,22:40:00,SALIDA DE SUPERFICIE DE RODAMIENTO,ASFALTO,Bueno,Bueno,1,VENTO,NARANJA,2,,28,MASCULINO,SIN DATOS,1,0,Morelia,Sin datos,junio,domingo,23,-101.290673688054,19.5998565435314
40926,40932,2022,LEG43735,2022/06/20,"00:50:00",COLISIÓN POR ALCANCE,ASFALTO,Lluvioso,Bueno,3,CHEVROLET,VINO,3,,30,MASCULINO,SIN DATOS,0,0,Morelia,Centro,junio,lunes,1,-101.179644651711,19.7040947861735
40927,40933,2022,,2022/06/20,"07:30:00",COLISIÓN CON PEATÓN,ASFALTO,Bueno,Bueno,1,FORD,GRIS,2,,50,FEMENINO,SIN DATOS,1,0,Morelia,La Colina,junio,lunes,8,-101.216057315469,19.7121750817914
40928,40934,2022,LEG43743,2022/06/20,"07:40:00",COLISIÓN POR ALCANCE,ASFALTO,Bueno,Bueno,2,CHEVROLET,CAFE,2,,64,FEMENINO,SIN DATOS,0,0,Morelia,Sentimientos de La Nacion,junio,lunes,8,-101.233255974948,19.6782193134835
40929,40935,2022,MOR220384926,2022/06/20,"09:00:00",COLISIÓN POR CORTE DE CIRCULACIÓN,ASFALTO,Bueno,Regular,2,SEAT,GRIS,3,,58,MASCULINO,SIN DATOS,1,0,Morelia,La Hacienda,junio,lunes,9,-101.317549757659,19.6761928510035
40930,40936,2022,MOR 220385185,2022/06/20,10:00:00,COLISIÓN POR CAMBIO DE CARRIL,ASFALTO,Bueno,Regular,2,FREIGHTLINER,AZUL,2,,40,MASCULINO,SIN DATOS,0,0,Morelia,Cinco de Diciembre,junio,lunes,10,-101.158780418336,19.6868814491702
40931,40937,2022,MOR220385168,2022/06/20,11:06:00,COLISIÓN POR ALCANCE,CONCRETO,Bueno,Bueno,2,NISSAN,BLANCO Y ROJO,2,,38,MASCULINO,SIN DATOS,0,0,Morelia,Rinconada del Valle,junio,lunes,11,-101.21866106987,19.6787872487515
40932,40938,2022,MOR 220385376,2022/06/20,12:00:00,COLISIÓN POR CORTE DE CIRCULACIÓN,ASFALTO,Bueno,Bueno,2,DODGE,BLANCO,2,,47,MASCULINO,SIN DATOS,0,0,Morelia,Ana Maria Gallaga (Riviera Norte),junio,lunes,12,-101.223135329783,19.6767705801053
40933,40939,2022,,2022/06/20,12:27:00,COLISIÓN CON PEATÓN,SIN_DATOS,Bueno,Bueno,2,HONDA,ARENA,2,,75,MASCULINO,SIN DATOS,0,0,Morelia,Centro,junio,lunes,12,-101.180557273328,19.7036591961432
40934,40940,2022,MOR220385,2022/06/20,12:40:00,COLISIÓN POR INVASIÓN DE CARRIL,ASFALTO,Bueno,Bueno,2,CHRYSLER,BLANCO,4,MINISTERIO PÚBLICO,39,MASCULINO,SIN DATOS,2,0,Morelia,Arcos del Valle,junio,lunes,13,-101.23258240521,19.7028318874655
40935,40941,2022,MOR220385385,2022/06/20,13:22:00,COLISIÓN POR MANIOBRA DE REVERSA,ASFALTO,Bueno,Bueno,2,FREIGHTLINER,ROJO,2,,,MASCULINO,SIN DATOS,0,0,Morelia,Bosques de Oriente,junio,lunes,13,-101.156667172909,19.7148152930205
40936,40942,2022,MOR2200385469,2022/06/20,13:32:00,COLISIÓN POR NO RESPETAR SEMÁFORO,ASFALTO,Bueno,Bueno,2,VOLKSWAGEN,GRIS,2,,23,MASCULINO,SIN DATOS,0,0,Morelia,Sentimientos de La Nacion,junio,lunes,14,-101.23550131917,19.6817380173179
40937,40943,2022,,2022/06/20,14:47:00,COLISIÓN POR CORTE DE CIRCULACIÓN,ASFALTO,Bueno,Bueno,2,TOYOTA,BLANCO Y AZUL,2,,70,MASCULINO,SIN DATOS,0,0,Morelia,La Calera,junio,lunes,15,-101.239650025964,19.6719352705565
40938,40944,2022,,2022/06/20,15:30:00,COLISIÓN POR MANIOBRA DE REVERSA,ASFALTO,Bueno,Bueno,2,DODGE,AZUL,2,,52,MASCULINO,SIN DATOS,0,0,Morelia,Tinijaro,junio,lunes,16,-101.264493316412,19.6962082134915
40939,40945,2022,,2022/06/20,17:40:00,COLISIÓN POR CORTE DE CIRCULACIÓN,ASFALTO,Bueno,Bueno,2,NISSAN,BLANCO,2,,56,MASCULINO,SIN DATOS,0,0,Morelia,Ventura Puente,junio,lunes,18,-101.19375038892,19.6936895419231
40940,40946,2022,MOR 220382474,2022/06/20,19:15:00,COLISIÓN POR ALCANCE,CONCRETO,Bueno,Bueno,2,TOYOTA,BLANCO,2,,42,FEMENINO,SIN DATOS,0,0,Morelia,Camelinas,junio,lunes,19,-101.166188679636,19.6841514385198
40941,40947,2022,,2022/06/20,19:27:00,COLISIÓN POR CORTE DE CIRCULACIÓN,ASFALTO,Bueno,Bueno,2,FREIGHTLINER,BLANCO,2,,47,MASCULINO,SIN DATOS,0,0,Morelia,Rey Tariacuri (Eucaliptos),junio,lunes,19,-101.19896595345,19.6777851053393
40942,40948,2022,,2022/06/20,19:30:00,COLISIÓN CONTRA OBJETO FIJO,ASFALTO,Bueno,Bueno,1,CHEVROLET,BLANCO,1,,,MASCULINO,SIN DATOS,0,0,Morelia,Barrio Alto,junio,lunes,20,-101.196855045855,19.7248420171895
40943,40949,2022,,2022/06/20,20:10:00,COLISIÓN POR CORTE DE CIRCULACIÓN,ASFALTO,Bueno,Bueno,2,S/D,BLANCO/AMARILLO,2,,68,MASCULINO,SIN DATOS,0,0,Morelia,Ocolusen Iii,junio,lunes,20,-101.152848377824,19.6856591374819
40944,40950,2022,,2022/06/20,20:32:00,COLISIÓN POR CORTE DE CIRCULACIÓN,ASFALTO,Bueno,Bueno,2,NISSAN,CAFE/ORO,2,MINISTERIO PÚBLICO,51,MASCULINO,SIN DATOS,0,0,Morelia,Jardines del Rincon,junio,lunes,21,-101.153407618403,19.6873461271991
40945,40951,2022,,2022/06/20,23:10:00,COLISIÓN POR MANIOBRA DE REVERSA,ASFALTO,Bueno,Bueno,2,INTERNATIONAL,BLANCO,2,,59,MASCULINO,SIN DATOS,0,0,Morelia,Morelos,junio,lunes,23,-101.207128576934,19.7023088595128
40946,40952,2022,,2022/06/20,23:11:00,COLISIÓN CON PEATÓN,SIN_DATOS,Bueno,Bueno,2,CHEVROLET,BLANCO,2,,34,MASCULINO,SIN DATOS,0,0,Morelia,El Lago 2,junio,lunes,23,-101.21209166944,19.726492299712
40947,40953,2022,MOR220388046,2022/06/21,"00:00:00",COLISIÓN POR ALCANCE,ASFALTO,Bueno,Bueno,2,NISSAN,ROJO,2,,29,MASCULINO,SIN DATOS,0,0,Morelia,Sin datos,junio,martes,0,-101.29481870681,19.6864123502814
40948,40954,2022,,2022/06/21,"00:00:00",SALIDA DE SUPERFICIE DE RODAMIENTO,ASFALTO,Bueno,Bueno,1,NISSAN,BLANCO,1,MINISTERIO PÚBLICO,,,SIN DATOS,0,0,Turicato,Sin datos,junio,martes,0,-101.427088826895,19.0584127493032
40949,40955,2022,,2022/06/21,"04:50:00",COLISIÓN POR INVASIÓN DE CARRIL,ASFALTO,Bueno,Regular,2,ITALIKA,NEGRO/ROJO,3,MINISTERIO PÚBLICO,31,MASCULINO,SIN DATOS,0,2,Cuitzeo,Sin datos,junio,martes,5,-101.150390803814,20.0588580163234
40950,40956,2022,,2022/06/21,"09:00:00",COLISIÓN POR CORTE DE CIRCULACIÓN,ASFALTO,Bueno,Bueno,2,NISSAN,BLANCO Y VERDE,2,,38,MASCULINO,SIN DATOS,0,0,Morelia,Manantiales de Morelia,junio,martes,9,-101.237528398633,19.6982173772686
40951,40957,2022,LEG43767,2022/06/21,11:09:00,COLISIÓN POR ALCANCE,CONCRETO,Nublado,Bueno,2,CHEVROLET,ROJO,3,MINISTERIO PÚBLICO,45,MASCULINO,SIN DATOS,0,0,Morelia,Rafael Carrillo,junio,martes,11,-101.237169653177,19.7072556191679
40952,40958,2022,LEG43764,2022/06/21,13:30:00,COLISIÓN POR ALCANCE,ASFALTO,Bueno,Bueno,2,HONDA,BLANCO,2,,37,FEMENINO,SIN DATOS,0,0,Morelia,Jardines del Rincon,junio,martes,14,-101.153379119933,19.6872381654404
40953,40959,2022,,2022/06/21,18:00:00,COLISIÓN CONTRA OBJETO FIJO,ASFALTO,Bueno,Bueno,1,GMC,BLANCO,1,,37,MASCULINO,SIN DATOS,0,0,Morelia,Arboledas(5 de Mayo),junio,martes,18,-101.247440320313,19.6732669810657
40954,40960,2022,MOR220389333,2022/06/22,"07:35:00",COLISIÓN POR CORTE DE CIRCULACIÓN,ADOQUIN_EMPEDRADO,Bueno,Bueno,2,BAJAJ,NEGRO,2,,58,MASCULINO,SIN DATOS,0,0,Morelia,Centro,junio,miércoles,8,-101.200206466019,19.7020699137657
40955,40961,2022,MOR220389414,2022/06/22,"07:50:00",COLISIÓN POR ALCANCE,ASFALTO,Bueno,Bueno,2,FORD,BLANCO,2,,26,MASCULINO,SIN DATOS,0,0,Morelia,Santiaguito,junio,miércoles,8,-101.188569366932,19.7197199398416
40956,40962,2022,LEG43777,2022/06/22,"09:20:00",COLISIÓN POR ALCANCE,ASFALTO,Bueno,Bueno,2,ITALIKA,ROJO Y NEGRO,2,,49,MASCULINO,SIN DATOS,0,0,Morelia,Molino de Parras,junio,miércoles,9,-101.20025575161,19.6937643545211
40957,40963,2022,MOR220389618,2022/06/22,10:20:00,COLISIÓN POR ALCANCE,ASFALTO,Bueno,Bueno,2,NISSAN,BLANCO Y ROJO,2,,71,MASCULINO,SIN DATOS,0,0,Charo,Sin datos,junio,miércoles,10,-100.979868024588,19.6508471203937
40958,40964,2022,LEG43780,2022/06/22,13:00:00,COLISIÓN POR CAMBIO DE CARRIL,ASFALTO,Nublado,Regular,2,INTERNACIONAL,BLANCO,2,,43,MASCULINO,SIN DATOS,0,0,Morelia,Alberto Oviedo Mota,junio,miércoles,13,-101.195736564696,19.6815236646118
40959,40965,2022,,2022/06/22,13:08:00,COLISIÓN POR CAMBIO DE CARRIL,ASFALTO,Bueno,Bueno,2,CHRYSLER,ROJO,2,,54,MASCULINO,SIN DATOS,0,0,Morelia,La Colina,junio,miércoles,13,-101.216131076217,19.7122148509868
40960,40966,2022,,2022/06/22,14:21:00,COLISIÓN CONTRA OBJETO FIJO,ASFALTO,Lluvioso,Bueno,2,NISSAN,BLANCO Y ROJO,2,,69,MASCULINO,SIN DATOS,0,0,Morelia,Sentimientos de La Nacion,junio,miércoles,14,-101.233254298568,19.6782212076567
40961,40967,2022,MOR 220390372,2022/06/22,15:00:00,COLISIÓN POR CORTE DE CIRCULACIÓN,CONCRETO,Lluvioso,Bueno,2,VELOCCI,ROJO,2,,26,MASCULINO,SIN DATOS,0,0,Morelia,Lomas de Vista Bella,junio,miércoles,15,-101.200994700193,19.6705145786215
40962,40968,2022,,2022/06/22,15:04:00,COLISIÓN POR CAMBIO DE CARRIL,ASFALTO,Lluvioso,Regular,2,CHRYSLER,BLANCO,2,,42,MASCULINO,SIN DATOS,0,0,Morelia,Chapultepec Oriente,junio,miércoles,15,-101.159416437149,19.6899706488476
40963,40969,2022,,2022/06/22,17:00:00,COLISIÓN CONTRA OBJETO FIJO,ASFALTO,Lluvioso,Regular,1,NISSAN,BLANCO,1,,26,MASCULINO,SIN DATOS,0,0,Morelia,San Jose del Cerrito,junio,miércoles,17,-101.225559711456,19.6654422899733
40964,40970,2022,,2022/06/22,18:05:00,COLISIÓN POR CORTE DE CIRCULACIÓN,ASFALTO,Lluvioso,Bueno,2,RENAULT,GRIS,2,,22,MASCULINO,SIN DATOS,0,0,Morelia,Granjas del Maestro,junio,miércoles,18,-101.193791627884,19.7135786759021
40965,40971,2022,,2022/06/22,19:36:00,COLISIÓN POR CORTE DE CIRCULACIÓN,CONCRETO,Nublado,Regular,2,ITALIKA,NEGRO /VERDE,2,,23,MASCULINO,SIN DATOS,0,0,Morelia,El Realito,junio,miércoles,20,-101.204883903265,19.7270117769715
40966,40972,2022,MOR 220391221,2022/06/22,20:00:00,COLISIÓN POR ALCANCE,CONCRETO,Lluvioso,Regular,2,GMC,CAFE,2,,33,MASCULINO,SIN DATOS,0,0,Morelia,Sentimientos de La Nacion,junio,miércoles,20,-101.235391013324,19.6809320622822
40967,40973,2022,,2022/06/22,23:38:00,COLISIÓN POR NO RESPETAR SEMÁFORO,ASFALTO,Bueno,Bueno,2,NISSAN,BLANCO,2,,45,MASCULINO,SIN DATOS,0,0,Morelia,Sentimientos de La Nacion,junio,miércoles,0,-101.235283389688,19.6811871397552
40968,40974,2022,,2022/06/22,23:47:00,COLISIÓN CONTRA OBJETO FIJO,ASFALTO,Lluvioso,Regular,1,FIAT,BLANCO,1,,32,MASCULINO,SIN DATOS,0,0,Morelia,Vasco de Quiroga,junio,miércoles,0,-101.178121827543,19.6991334086898
40969,40975,2022,,2022/06/23,"03:10:00",COLISIÓN POR CORTE DE CIRCULACIÓN,ASFALTO,Lluvioso,Regular,1,FORD,ROJO,1,,,MASCULINO,SIN DATOS,0,0,Morelia,Arcos del Valle,junio,jueves,3,-101.236249320209,19.7076242842577
40970,40976,2022,,2022/06/23,"08:10:00",COLISIÓN POR CORTE DE CIRCULACIÓN,CONCRETO,Bueno,Bueno,2,VOLKSWAGEN DERBY,PLATA,2,,40,FEMENINO,SIN DATOS,0,0,Morelia,Chapultepec Oriente,junio,jueves,8,-101.163391135633,19.6941185301428
40971,40977,2022,LEG43793,2022/06/23,"09:47:00",COLISIÓN POR CAMBIO DE CARRIL,ASFALTO,Nublado,Bueno,2,NISSAN,BLANCO Y ROJO,2,,,MASCULINO,SIN DATOS,0,0,Morelia,Centro,junio,jueves,10,-101.184264086187,19.7029395230602
40972,40978,2022,LEG43786,2022/06/23,11:00:00,COLISIÓN POR ALCANCE,ASFALTO,Bueno,Bueno,2,CHEVROLET,BLANCO,2,,29,MASCULINO,SIN DATOS,0,0,Morelia,Felix Ireta,junio,jueves,11,-101.180768832564,19.6857500535484
40973,40979,2022,MOR220392180,2022/06/23,11:40:00,COLISIÓN POR ALCANCE,ASFALTO,Bueno,Bueno,2,VOLKSWAGEN,BLANCO,2,,31,MASCULINO,SIN DATOS,0,0,Morelia,Rinconada del Valle,junio,jueves,12,-101.218467615545,19.6786322427164
40974,40980,2022,,2022/06/23,12:40:00,COLISIÓN POR CORTE DE CIRCULACIÓN,CONCRETO,Bueno,Bueno,2,MERCEDES BENZ,BLANCO Y AZUL,2,,30,MASCULINO,SIN DATOS,0,0,Morelia,Juarez,junio,jueves,13,-101.195478737354,19.6933640909322
40975,40981,2022,,2022/06/23,15:00:00,COLISIÓN CONTRA OBJETO FIJO,CONCRETO,Bueno,Bueno,1,RENAULT,GRIS,1,,58,FEMENINO,SIN DATOS,0,0,Morelia,La Aldea,junio,jueves,15,-101.131946928799,19.7587077384957
40976,40982,2022,LEG43795,2022/06/23,15:29:00,COLISIÓN POR MANIOBRA DE REVERSA,ASFALTO,Nublado,Regular,2,SEAT,VERDE,2,,36,MASCULINO,SIN DATOS,0,0,Morelia,Lazaro Cardenas,junio,jueves,15,-101.160789057612,19.7100650908514
40977,40983,2022,,2022/06/23,15:54:00,COLISIÓN POR ALCANCE,ASFALTO,Nublado,Bueno,2,SEAT,GRIS,2,,32,FEMENINO,SIN DATOS,0,0,Charo,Sin datos,junio,jueves,16,-101.065844222903,19.7443852036891
40978,40984,2022,,2022/06/23,16:15:00,COLISIÓN POR ALCANCE,CONCRETO,Bueno,Bueno,2,CHEVROLET,VERDE,2,,22,MASCULINO,SIN DATOS,0,0,Morelia,Villa Universidad,junio,jueves,16,-101.19919795543,19.6875929868536
40979,40985,2022,,2022/06/23,18:40:00,COLISIÓN POR ALCANCE,ASFALTO,Bueno,Bueno,2,HYUNDAI,GRIS,2,,46,MASCULINO,SIN DATOS,0,0,Morelia,Ciudad Industrial,junio,jueves,19,-101.137961447239,19.7286270059227
40980,40986,2022,,2022/06/23,21:10:00,COLISIÓN CONTRA OBJETO FIJO,ASFALTO,Bueno,Bueno,1,NISSAN,BLANCO,1,,24,MASCULINO,SIN DATOS,0,0,Morelia,Martires de Uruapan,junio,jueves,21,-101.202581226826,19.725522457028
40981,40987,2022,,2022/06/23,22:00:00,COLISIÓN POR CORTE DE CIRCULACIÓN,CONCRETO,Bueno,Bueno,2,HONDA,GUINDA,2,,39,MASCULINO,SIN DATOS,0,0,Morelia,Trinidad Salgado,junio,jueves,22,-101.23148906976,19.7030922960379
40982,40988,2022,LEG43797,2022/06/23,22:15:00,COLISIÓN POR ALCANCE,ASFALTO,Bueno,Bueno,2,CHEVROLET,GRIS,2,,45,MASCULINO,SIN DATOS,0,0,Morelia,Cosmos,junio,jueves,22,-101.21643986553,19.6834376757487
40983,40989,2022,,2022/06/24,"04:30:00",COLISIÓN CONTRA OBJETO FIJO,ASFALTO,Lluvioso,Regular,1,BMW,GRIS,1,MINISTERIO PÚBLICO,22,MASCULINO,ALIENTO ETÍLICO,0,0,Morelia,Nueva Valladolid,junio,viernes,5,-101.207909099758,19.7010727770012
40984,40990,2022,,2022/06/24,"08:17:00",COLISIÓN CONTRA OBJETO FIJO,ASFALTO,Lluvioso,Regular,4,CHEVROLET,PLATA,4,,,,SIN DATOS,0,0,Morelia,Sentimientos de La Nacion,junio,viernes,8,-101.235694438219,19.6821825062568
40985,40991,2022,,2022/06/24,"09:30:00",COLISIÓN POR ALCANCE,CONCRETO,Nublado,Bueno,2,FORD,GRIS,2,,34,MASCULINO,SIN DATOS,0,0,Morelia,Rafael Carrillo,junio,viernes,10,-101.236438080668,19.7077972535446
40986,40992,2022,MOR220394200,2022/06/24,"09:34:00",COLISIÓN POR CORTE DE CIRCULACIÓN,ASFALTO,Bueno,Bueno,2,FORD,ROJO,2,,47,MASCULINO,SIN DATOS,0,0,Charo,San Juan,junio,viernes,10,-101.058491952717,19.7469706063879
40987,40993,2022,,2022/06/24,14:37:00,COLISIÓN CONTRA OBJETO FIJO,ASFALTO,Bueno,Bueno,1,NISSAN,BLANCO,2,,,,SIN DATOS,1,0,Morelia,Primo Tapia Oriente,junio,viernes,15,-101.158708669245,19.7134581067995
40988,40994,2022,,2022/06/24,16:45:00,COLISIÓN CONTRA OBJETO FIJO,CONCRETO,Nublado,Bueno,2,FREIGHTLINER,BLANCO,2,,26,MASCULINO,SIN DATOS,0,0,Morelia,Santa Cecilia,junio,viernes,17,-101.189384758472,19.6658704066816
40989,40995,2022,MOR220395231,2022/06/24,17:15:00,COLISIÓN POR CORTE DE CIRCULACIÓN,CONCRETO,Bueno,Regular,2,YAMAHA,AZUL,2,,19,MASCULINO,SIN DATOS,0,0,Morelia,Felicitas del Rio,junio,viernes,17,-101.20026178658,19.6933410473356
40990,40996,2022,MOR220395568,2022/06/24,19:05:00,COLISIÓN POR ALCANCE,ASFALTO,Bueno,Bueno,3,VOLKSWAGEN,ROJO,3,,60,MASCULINO,SIN DATOS,0,0,Morelia,Indeco El Vivero,junio,viernes,19,-101.229737587273,19.6769991455792
40991,40997,2022,,2022/06/25,"05:30:00",SALIDA DE SUPERFICIE DE RODAMIENTO,ASFALTO,Bueno,Bueno,1,VOLKSWAGEN,NEGRO,1,,26,FEMENINO,SIN DATOS,0,0,Morelia,Santiaguito,junio,sábado,6,-101.188640110195,19.7181034234045
40992,40998,2022,,2022/06/25,10:00:00,COLISIÓN POR ALCANCE,CONCRETO,Bueno,Bueno,2,TOYOTA,GRIS,2,,34,FEMENINO,SIN DATOS,0,0,Morelia,Central de Abastos,junio,sábado,10,-101.170317269862,19.7177044831808
40993,40999,2022,MOR220396700,2022/06/25,11:20:00,COLISIÓN POR CORTE DE CIRCULACIÓN,ASFALTO,Bueno,Bueno,2,INTERNATIONAL,BLANCO,2,,38,MASCULINO,SIN DATOS,0,0,Morelia,Union,junio,sábado,11,-101.156868003309,19.7145732097178
40994,41000,2022,LEG43816,2022/06/25,11:45:00,COLISIÓN POR CORTE DE CIRCULACIÓN,ASFALTO,Bueno,Bueno,2,HONDA,GRIS,2,,45,FEMENINO,SIN DATOS,0,0,Morelia,Ventura Puente,junio,sábado,12,-101.182429455221,19.6918290013435
40995,41001,2022,,2022/06/25,12:40:00,COLISIÓN POR ALCANCE,ASFALTO,Bueno,Bueno,2,HONDA,BLANCO,2,,26,MASCULINO,SIN DATOS,0,0,Morelia,Rafael Carrillo,junio,sábado,13,-101.236638911068,19.7076403817722
40996,41002,2022,,2022/06/25,13:15:00,COLISIÓN POR CORTE DE CIRCULACIÓN,ASFALTO,Bueno,Bueno,3,MERCEDES BENZ,GRIS,3,,31,MASCULINO,SIN DATOS,0,0,Morelia,Obrera,junio,sábado,13,-101.188391670585,19.7107424372746
40997,41003,2022,,2022/06/25,14:00:00,COLISIÓN POR CORTE DE CIRCULACIÓN,ASFALTO,Bueno,Bueno,2,FORD,ROJO,2,,72,MASCULINO,SIN DATOS,0,0,Morelia,Lomas de Hidalgo,junio,sábado,14,-101.158908829093,19.6955162851077
40998,41004,2022,,2022/06/25,16:35:00,COLISIÓN POR NO RESPETAR SEMÁFORO,ASFALTO,Bueno,Bueno,2,CHEVROLET,ROJO,2,,41,MASCULINO,SIN DATOS,0,0,Morelia,Campestre Los Manantiales,junio,sábado,17,-101.23836491257,19.6882401235274
40999,41005,2022,LEG43817,2022/06/25,17:46:00,COLISIÓN POR CAMBIO DE CARRIL,CONCRETO,Bueno,Bueno,2,HONDA,AZUL,2,MINISTERIO PÚBLICO,17,MASCULINO,SIN DATOS,0,0,Morelia,Jesus del Monte,junio,sábado,18,-101.157213672996,19.658221594805
41000,41006,2022,,2022/06/25,18:10:00,COLISIÓN POR INVASIÓN DE CARRIL,ASFALTO,Bueno,Bueno,2,DODGE,PLATA,1,MINISTERIO PÚBLICO,21,MASCULINO,SIN DATOS,0,0,Charo,Sin datos,junio,sábado,18,-101.062129698694,19.7478604826529
41001,41007,2022,,2022/06/25,20:00:00,SALIDA DE SUPERFICIE DE RODAMIENTO,ASFALTO,Bueno,Regular,2,VENTO,NARANJA,3,MINISTERIO PÚBLICO,,,SIN DATOS,0,1,Charo,Sin datos,junio,sábado,20,-101.065843217075,19.7443855192541
41002,41008,2022,,2022/06/25,21:00:00,COLISIÓN POR CORTE DE CIRCULACIÓN,ASFALTO,Bueno,Bueno,2,DODGE,GRIS,0,MINISTERIO PÚBLICO,,,,0,0,Lázaro Cárdenas,Centro,junio,sábado,21,-102.194682396948,17.9591722944581
41003,41009,2022,,2022/06/25,21:50:00,COLISIÓN POR CORTE DE CIRCULACIÓN,CONCRETO,Bueno,Bueno,2,ITALIKA,AZUL,2,,17,MASCULINO,SIN DATOS,0,0,Morelia,Ferrocarrilero,junio,sábado,22,-101.214293092489,19.7003944426784
41004,41010,2022,,2022/06/26,"00:00:00",COLISIÓN CON PEATÓN,SIN_DATOS,Bueno,Bueno,2,NISSAN,BLANCO,2,,47,MASCULINO,SIN DATOS,0,0,Morelia,Niño Artillero,junio,domingo,0,-101.2502008304,19.698609421682
41005,41011,2022,,2022/06/26,"01:40:00",COLISIÓN POR ALCANCE,ASFALTO,Bueno,Bueno,2,RENAULT,ROJO,2,MINISTERIO PÚBLICO,44,MASCULINO,CON CERTIFICADO,0,0,Morelia,Loma de Los Piñones,junio,domingo,2,-101.203177347779,19.6751747167787
41006,41012,2022,,2022/06/26,"02:25:00",COLISIÓN CONTRA OBJETO FIJO,ASFALTO,Bueno,Bueno,1,RENAULT,BLANCO,1,,21,MASCULINO,SIN DATOS,0,0,Morelia,El Lago 1,junio,domingo,2,-101.214453354478,19.7275179974148
41007,41013,2022,,2022/06/26,"03:50:00",COLISIÓN CONTRA OBJETO FIJO,ASFALTO,Bueno,Bueno,1,CHRYSLER,CAFE,1,,,MASCULINO,SIN DATOS,0,0,Morelia,Ciudad Industrial,junio,domingo,4,-101.137945018709,19.7286203784047
41008,41014,2022,,2022/06/26,"07:10:00",COLISIÓN CONTRA OBJETO FIJO,CONCRETO,Lluvioso,Malo,1,AUDI,GRIS,1,,37,MASCULINO,SIN DATOS,0,0,Morelia,Ejidal Ocolusen,junio,domingo,7,-101.152522154152,19.684896766351
41009,41015,2022,,2022/06/26,"08:24:00",COLISIÓN CONTRA OBJETO FIJO,ASFALTO,Bueno,Bueno,2,VOLKSWAGEN,ROJO,1,MINISTERIO PÚBLICO,0,MASCULINO,SIN DATOS,0,0,Morelia,Nueva Chapultepec,junio,domingo,8,-101.174479069659,19.6895391129457
41010,41016,2022,,2022/06/26,11:20:00,COLISIÓN POR CORTE DE CIRCULACIÓN,ASFALTO,Bueno,Bueno,2,MAZDA,ROJO CON NEGRO,2,,18,MASCULINO,SIN DATOS,0,0,Morelia,La Esperanza,junio,domingo,11,-101.25172432512,19.6982385262268
41011,41017,2022,MOR 220398912,2022/06/26,11:40:00,SALIDA DE SUPERFICIE DE RODAMIENTO,ASFALTO,Bueno,Regular,1,VOLKSWAGEN,ROJO,1,,22,MASCULINO,SIN DATOS,0,0,Charo,Sin datos,junio,domingo,12,-100.979869030416,19.6508464888948
41012,41018,2022,MOR220380899,2022/06/26,12:50:00,COLISIÓN CONTRA OBJETO FIJO,ASFALTO,Bueno,Bueno,1,FORD,ROJO,4,MINISTERIO PÚBLICO,,,,0,4,Tarímbaro,Sin datos,junio,domingo,13,-101.156855933368,19.7743200420307
41013,41019,2022,MOR220399339,2022/06/26,13:05:00,COLISIÓN POR MANIOBRA DE REVERSA,ASFALTO,Bueno,Regular,2,MERCEDES BENZ,BLANCO/NEGRO-AZUL,2,,44,MASCULINO,SIN DATOS,0,0,Morelia,Molino de Parras,junio,domingo,13,-101.205451190472,19.6985235634063