fid,id_accidente,anio_origen,folio_c5i,dia_incidente,hora_ocurrencia,tipo_incidente_vial,superficie_ocurrencia,condiciones_climaticas,condiciones_via,numero_vehiculos_involucrados,marca_vehiculo_ocasiona_siniestro,color_vehiculo_ocasiona_siniestro,numero_personas_involucradas,lugar_remite_presunto_responsable,edad_presunto_responsable,sexo_presunto_responsable,resultados_toxicologia,numero_personas_lesionadas,numero_personas_fallecidas,municipio,colonia,mes,dia_semana,hora_redondeada,lon,lat
41014,41020,2022,,2022/06/26,15:20:00,COLISIÓN CONTRA OBJETO FIJO,ASFALTO,Bueno,Bueno,1,DODGE,AZUL,1,,22,MASCULINO,SIN DATOS,0,0,Morelia,Tinijaro,junio,domingo,15,-101.258243434131,19.6971299382613
41015,41021,2022,,2022/06/26,15:50:00,COLISIÓN POR CAMBIO DE CARRIL,CONCRETO,Bueno,Bueno,2,NISSAN,BLANCO Y ROJO,2,,33,MASCULINO,SIN DATOS,0,0,Morelia,Centro,junio,domingo,16,-101.195177659392,19.702997286414
41016,41022,2022,,2022/06/26,20:42:00,COLISIÓN POR CORTE DE CIRCULACIÓN,ASFALTO,Nublado,Bueno,1,HYUNDAI,GRIS,1,,34,MASCULINO,SIN DATOS,0,0,Morelia,Los Angeles,junio,domingo,21,-101.174522973597,19.7454821036871
41017,41023,2022,MOR 220500304,2022/06/26,21:40:00,COLISIÓN CONTRA OBJETO FIJO,ASFALTO,Nublado,Regular,1,DODGE,AZUL,0,,,,,0,0,Morelia,Ciudad Industrial,junio,domingo,22,-101.142931580544,19.7252687126404
41018,41024,2022,MOR220400610,2022/06/27,"01:45:00",COLISIÓN CONTRA OBJETO FIJO,ASFALTO,Bueno,Bueno,2,VOLKSWAGEN,GRIS,2,,48,MASCULINO,SIN DATOS,0,0,Morelia,Hospitales de Don Vasco,junio,lunes,2,-101.155481301248,19.7010576257774
41019,41025,2022,,2022/06/27,"07:50:00",SALIDA DE SUPERFICIE DE RODAMIENTO,ASFALTO,Bueno,Bueno,1,TOYOTA,BLANCO/MORADO,1,,30,MASCULINO,SIN DATOS,0,0,Morelia,La Aldea,junio,lunes,8,-101.133974678814,19.7404869822661
41020,41026,2022,,2022/06/27,"09:04:00",VOLCADURA,ASFALTO,Nublado,Regular,1,NISSAN,PLATA,0,,,,,0,0,Los Reyes,Sin datos,junio,lunes,9,-102.451629638672,19.5908441529609
41021,41027,2022,,2022/06/27,"09:15:00",COLISIÓN POR CORTE DE CIRCULACIÓN,CONCRETO,Bueno,Bueno,2,CHEVROLET,BLANCO,2,,47,MASCULINO,SIN DATOS,0,0,Morelia,Los Encinos,junio,lunes,9,-101.179380118847,19.6627220172773
41022,41028,2022,MOR220401127,2022/06/27,11:10:00,COLISIÓN POR ALCANCE,ASFALTO,Bueno,Bueno,2,CHEVROLET,GRIS,2,,50,MASCULINO,SIN DATOS,0,0,Morelia,Enrique Arreguin Robles,junio,lunes,11,-101.184215806425,19.7196019652878
41023,41029,2022,MOR220401134,2022/06/27,11:10:00,COLISIÓN POR ALCANCE,ASFALTO,Bueno,Bueno,3,FORD,BLANCO,3,MINISTERIO PÚBLICO,,MASCULINO,SIN DATOS,0,0,Morelia,Canteras de Morelia,junio,lunes,11,-101.171491742134,19.714748696477
41024,41030,2022,,2022/06/27,12:50:00,COLISIÓN POR ALCANCE,ASFALTO,Bueno,Bueno,2,KENWORTH,BLANCO,2,,33,MASCULINO,SIN DATOS,0,0,Morelia,Los Manantiales de Morelia,junio,lunes,13,-101.24026928097,19.692729601647
41025,41031,2022,,2022/06/27,15:00:00,COLISIÓN POR CORTE DE CIRCULACIÓN,ASFALTO,Bueno,Bueno,2,INTERNATIONAL,BLANCO,2,MINISTERIO PÚBLICO,30,MASCULINO,SIN DATOS,0,0,Morelia,Lindavista,junio,lunes,15,-101.216311790049,19.7038836198504
41026,41032,2022,LEG43845,2022/06/27,15:35:00,COLISIÓN CONTRA OBJETO FIJO,ASFALTO,Bueno,Bueno,2,KENWORTH,BLANCO,2,,47,MASCULINO,SIN DATOS,0,0,Morelia,Ana Maria Gallaga (Riviera Norte),junio,lunes,16,-101.222675330937,19.6768097267013
41027,41033,2022,,2022/06/27,16:30:00,COLISIÓN POR CAMBIO DE CARRIL,ASFALTO,Bueno,Bueno,2,FREIGHTLINER,BLANCO,2,,51,MASCULINO,SIN DATOS,0,0,Morelia,Indeco El Vivero,junio,lunes,17,-101.229802295566,19.6770076694234
41028,41034,2022,,2022/06/27,17:00:00,COLISIÓN POR CORTE DE CIRCULACIÓN,ASFALTO,Bueno,Bueno,2,FREIGHTLINER,AMARILLO,2,,34,MASCULINO,SIN DATOS,0,0,Morelia,Rinconada del Valle,junio,lunes,17,-101.21867582202,19.6782625637665
41029,41035,2022,MOR220402174,2022/06/27,19:00:00,COLISIÓN POR CAMBIO DE CARRIL,ASFALTO,Lluvioso,Regular,2,CHEVROLET,ROJO,2,MINISTERIO PÚBLICO,0,MASCULINO,SIN DATOS,0,0,Morelia,Sentimientos de La Nacion,junio,lunes,19,-101.233230829239,19.6782133152682
41030,41036,2022,,2022/06/27,19:40:00,COLISIÓN POR ALCANCE,ASFALTO,Bueno,Bueno,2,KENWORTH,ROJO,2,,49,MASCULINO,SIN DATOS,0,0,Morelia,Clara Cordova Moran,junio,lunes,20,-101.182846873999,19.7323437378355
41031,41037,2022,,2022/06/27,20:30:00,COLISIÓN POR ALCANCE,ASFALTO,Bueno,Bueno,3,VOLKSWAGEN,ROJO,3,,0,MASCULINO,SIN DATOS,0,0,Morelia,Elias Perez Avalos,junio,lunes,21,-101.168057508767,19.7121220561821
41032,41038,2022,,2022/06/27,22:00:00,COLISIÓN POR CORTE DE CIRCULACIÓN,CONCRETO,Lluvioso,Regular,2,HONDA,GRIS,2,,50,MASCULINO,SIN DATOS,0,0,Morelia,Lomas de Hidalgo,junio,lunes,22,-101.158723756671,19.6956106678509
41033,41039,2022,,2022/06/28,"02:30:00",COLISIÓN CONTRA OBJETO FIJO,ASFALTO,Lluvioso,Bueno,1,VOLKSWAGEN,NEGRO,1,,30,MASCULINO,SIN DATOS,0,0,Morelia,Montaña Monarca,junio,martes,3,-101.164697706699,19.6655793127019
41034,41040,2022,,2022/06/28,"07:04:00",COLISIÓN POR CORTE DE CIRCULACIÓN,ASFALTO,Bueno,Bueno,2,NISSAN,BLANCO,2,,49,MASCULINO,SIN DATOS,0,0,Morelia,Felix Ireta,junio,martes,7,-101.195744276047,19.6815343980384
41035,41041,2022,,2022/06/28,"07:50:00",COLISIÓN POR CORTE DE CIRCULACIÓN,CONCRETO,Bueno,Bueno,2,HONDA,BLANCO,2,,46,MASCULINO,SIN DATOS,0,0,Morelia,Loma de Los Piñones,junio,martes,8,-101.20506528765,19.6740195606882
41036,41042,2022,,2022/06/28,"09:34:00",COLISIÓN CONTRA OBJETO FIJO,ASFALTO,Bueno,Bueno,1,CHEVROLET,NEGRO,1,,64,MASCULINO,SIN DATOS,0,0,Morelia,Bosques de Oriente,junio,martes,10,-101.156328208745,19.7150630571685
41037,41043,2022,,2022/06/28,11:40:00,COLISIÓN POR MANIOBRA DE REVERSA,ASFALTO,Bueno,Bueno,2,VOLKSWAGEN,ROJO,2,,71,,SIN DATOS,0,0,Morelia,Morelos,junio,martes,12,-101.185369156301,19.7240230238384
41038,41044,2022,MOR220403844,2022/06/28,12:35:00,COLISIÓN POR CAMBIO DE CARRIL,ASFALTO,Bueno,Regular,2,INTERNATIONAL,VERDE,2,,27,MASCULINO,SIN DATOS,0,0,Morelia,Francisco J Mujica,junio,martes,13,-101.184541024268,19.7249461663322
41039,41045,2022,MOR220405,2022/06/28,14:52:00,COLISIÓN POR CORTE DE CIRCULACIÓN,ASFALTO,Bueno,Bueno,2,NISSAN,BLANCO Y MORADO,2,,58,MASCULINO,SIN DATOS,0,0,Morelia,Independencia,junio,martes,15,-101.176163814962,19.7056019816556
41040,41046,2022,,2022/06/28,15:12:00,COLISIÓN CONTRA OBJETO FIJO,ASFALTO,Bueno,Bueno,2,NISSAN,NEGRO,2,,20,MASCULINO,SIN DATOS,0,0,Morelia,Vasco de Quiroga,junio,martes,15,-101.170118786395,19.7036465703276
41041,41047,2022,,2022/06/28,15:50:00,COLISIÓN POR INVASIÓN DE CARRIL,ASFALTO,Bueno,Bueno,2,FREINGHTLINR,AZUL,2,,42,MASCULINO,SIN DATOS,0,0,Morelia,Ana Maria Gallaga (Riviera Norte),junio,martes,16,-101.221215538681,19.6769401100529
41042,41048,2022,MOR220404284,2022/06/28,16:55:00,COLISIÓN POR CAMBIO DE CARRIL,ASFALTO,Bueno,Regular,3,FREIGHTLINER,VINO,3,MINISTERIO PÚBLICO,26,MASCULINO,SIN DATOS,0,0,Morelia,La Soledad,junio,martes,17,-101.183325313032,19.7280239006571
41043,41049,2022,,2022/06/28,17:30:00,COLISIÓN POR CAMBIO DE CARRIL,ASFALTO,Nublado,Bueno,2,CHEVROLET,BLANCO,2,,24,MASCULINO,SIN DATOS,0,0,Morelia,Barrio Alto,junio,martes,18,-101.196860745549,19.7248420171895
41044,41050,2022,,2022/06/28,18:45:00,COLISIÓN POR CORTE DE CIRCULACIÓN,ASFALTO,Bueno,Bueno,2,TOYOTA,BLANCO/ROJO,2,,49,MASCULINO,SIN DATOS,0,0,Morelia,La Quemada,junio,martes,19,-101.237796284258,19.7015907586032
41045,41051,2022,,2022/06/28,18:50:00,COLISIÓN POR CORTE DE CIRCULACIÓN,CONCRETO,Bueno,Bueno,2,VOLKSWAGEN,NEGRO,2,,32,MASCULINO,SIN DATOS,0,0,Morelia,Villas del Pedregal,junio,martes,19,-101.310000009835,19.6672832468513
41046,41052,2022,,2022/06/28,19:15:00,COLISIÓN POR CORTE DE CIRCULACIÓN,CONCRETO,Lluvioso,Bueno,2,TOYOTA,BLANCO,2,,19,FEMENINO,SIN DATOS,0,0,Morelia,Loma Real,junio,martes,19,-101.195185706019,19.7313010292116
41047,41053,2022,MOR 220405145,2022/06/28,22:00:00,COLISIÓN CONTRA OBJETO FIJO,ASFALTO,Lluvioso,Regular,1,CHEVROLET,GRIS,1,,32,MASCULINO,SIN DATOS,0,0,Morelia,Sin datos,junio,martes,22,-101.410588547587,19.6418116958391
41048,41054,2022,,2022/06/28,23:28:00,COLISIÓN POR CORTE DE CIRCULACIÓN,CONCRETO,Bueno,Bueno,2,NISSAN,ROJO,2,MINISTERIO PÚBLICO,26,MASCULINO,SIN DATOS,0,0,Morelia,Ventura Puente,junio,martes,23,-101.188088580966,19.6907910792523
41049,41055,2022,,2022/06/29,"00:00:00",COLISIÓN CON PEATÓN,ASFALTO,Bueno,Bueno,1,BAJAJ,NEGRO,2,MINISTERIO PÚBLICO,27,,SIN DATOS,1,0,Morelia,Pascual Ortiz de Ayala,junio,miércoles,0,-101.150691211224,19.6948110958944
41050,41056,2022,,2022/06/29,"08:05:00",COLISIÓN POR CAMBIO DE CARRIL,CONCRETO,Bueno,Bueno,2,KENWORTH,BLANCO Y AZUL,2,,,MASCULINO,SIN DATOS,0,0,Morelia,Ferrocarrilero,junio,miércoles,8,-101.223211102188,19.6921468794213
41051,41057,2022,,2022/06/29,"09:45:00",COLISIÓN POR CORTE DE CIRCULACIÓN,CONCRETO,Bueno,Bueno,2,VOLKSWAGEN,AMARILLO,2,,40,MASCULINO,SIN DATOS,0,0,Morelia,Cañada del Bosque,junio,miércoles,10,-101.095476597548,19.7297647257748
41052,41058,2022,,2022/06/29,11:20:00,COLISIÓN POR CAMBIO DE CARRIL,CONCRETO,Bueno,Bueno,2,VENTO,NEGRO Y ROJO,2,,28,MASCULINO,SIN DATOS,0,0,Morelia,Industrial,junio,miércoles,11,-101.197706647217,19.7102487889999
41053,41059,2022,,2022/06/29,14:10:00,COLISIÓN CONTRA OBJETO FIJO,CONCRETO,Bueno,Bueno,1,NISSAN,BLANCO Y  ROJO,1,,37,MASCULINO,SIN DATOS,0,0,Morelia,Villas del Pedregal,junio,miércoles,14,-101.305308826268,19.6752508008312
41054,41060,2022,,2022/06/29,16:10:00,COLISIÓN POR CAMBIO DE CARRIL,ASFALTO,Bueno,Bueno,2,MITSUBISHI,GRIS,2,MINISTERIO PÚBLICO,24,FEMENINO,SIN DATOS,0,0,Morelia,Bosques Tres Marias,junio,miércoles,16,-101.10405229032,19.7243443861018
41055,41061,2022,,2022/06/29,18:44:00,COLISIÓN POR ALCANCE,ASFALTO,Bueno,Bueno,2,CHEVROLET,GUINDA,2,,31,MASCULINO,SIN DATOS,0,0,Morelia,Sentimientos de La Nacion,junio,miércoles,19,-101.235285401344,19.6811899809624
41056,41062,2022,,2022/06/29,18:55:00,COLISIÓN POR CORTE DE CIRCULACIÓN,CONCRETO,Bueno,Bueno,2,NISSAN,BLANCO Y AZUL,2,,26,MASCULINO,SIN DATOS,0,0,Morelia,Agustin Arriaga Rivera,junio,miércoles,19,-101.22445397079,19.6911297936184
41057,41063,2022,,2022/06/30,"00:00:00",COLISIÓN POR CAMBIO DE CARRIL,ASFALTO,Bueno,Bueno,2,FREIGHTLINER,BLANCO,2,,57,MASCULINO,SIN DATOS,0,0,Morelia,Elias Perez Avalos,junio,jueves,0,-101.165590211749,19.7104517404891
41059,41065,2022,,2022/06/30,"09:05:00",COLISIÓN POR CORTE DE CIRCULACIÓN,CONCRETO,Bueno,Bueno,2,CHRYSLER,GRIS,2,,45,MASCULINO,SIN DATOS,0,0,Morelia,Union,junio,jueves,9,-101.155439315,19.7072057799991
41060,41066,2022,,2022/06/30,"09:38:00",COLISIÓN POR ALCANCE,ASFALTO,Bueno,Bueno,2,NISSAN,VERDE,2,,42,MASCULINO,SIN DATOS,0,0,Morelia,Santillan La Huerta,junio,jueves,10,-101.219553885717,19.6760966650679
41061,41067,2022,,2022/06/30,"09:38:00",COLISIÓN POR CORTE DE CIRCULACIÓN,ASFALTO,Bueno,Bueno,2,NISSAN,BLANCO Y MORADO,2,,60,MASCULINO,SIN DATOS,0,0,Morelia,Santillan La Huerta,junio,jueves,10,-101.219553885717,19.6760966650679
41062,41068,2022,,2022/06/30,11:48:00,COLISIÓN POR MANIOBRA DE REVERSA,ASFALTO,Bueno,Bueno,2,MERCEDES BENZ,AMARILLO Y GUINDA,2,,49,MASCULINO,SIN DATOS,0,0,Morelia,Jacarandas,junio,jueves,12,-101.209167365732,19.708133874562
41063,41069,2022,,2022/06/30,15:18:00,COLISIÓN POR CAMBIO DE CARRIL,ASFALTO,Bueno,Bueno,2,ISUZU,BLANCO,2,,55,MASCULINO,SIN DATOS,0,0,Morelia,Elias Perez Avalos,junio,jueves,15,-101.165511757135,19.7104441653215
41064,41070,2022,,2022/06/30,15:33:00,COLISIÓN POR CORTE DE CIRCULACIÓN,ASFALTO,Bueno,Bueno,2,CHEVROLET,PLATA,2,,32,MASCULINO,SIN DATOS,0,0,Morelia,Jardines de Torremolinos,junio,jueves,16,-101.229674890637,19.6769925159223
41065,41071,2022,MOR220409088,2022/06/30,16:35:00,COLISIÓN POR ALCANCE,ASFALTO,Bueno,Regular,2,NISSAN,BLANCO,2,,26,MASCULINO,SIN DATOS,0,0,Morelia,Diego Rivera,junio,jueves,17,-101.177716143429,19.7194908691518
41066,41072,2022,,2022/06/30,17:10:00,COLISIÓN POR INVASIÓN DE CARRIL,ASFALTO,Bueno,Bueno,2,VOLKSWAGEN,BLANCO,2,,23,MASCULINO,SIN DATOS,0,0,Morelia,Ejidal Tres Puentes,junio,jueves,17,-101.230992639917,19.6928054716567
41067,41073,2022,,2022/06/30,20:46:00,COLISIÓN POR CORTE DE CIRCULACIÓN,ASFALTO,Bueno,Bueno,2,TOYOTA,PLATA,2,MINISTERIO PÚBLICO,57,FEMENINO,SIN DATOS,0,0,Morelia,Felix Ireta,junio,jueves,21,-101.1886223,19.6844888449991
41068,41074,2022,,2022/06/30,21:11:00,COLISIÓN POR CORTE DE CIRCULACIÓN,ASFALTO,Bueno,Bueno,2,CHEVROLET,BLANCO/AZUL,2,,35,MASCULINO,SIN DATOS,0,0,Morelia,Comision Federal de Electricidad,junio,jueves,21,-101.181306615472,19.6813844456903
41069,41075,2022,MOR220409645,2022/06/30,21:20:00,COLISIÓN POR CORTE DE CIRCULACIÓN,ASFALTO,Bueno,Bueno,2,CHEVROLET,ROJO,2,,32,FEMENINO,SIN DATOS,0,0,Morelia,Loma Bonita,junio,jueves,21,-101.196994856,19.7187703204635
41070,41076,2022,,2022/07/01,"00:00:00",COLISIÓN POR CORTE DE CIRCULACIÓN,ASFALTO,Bueno,Bueno,2,VOLKSWAGEN,ROJO,3,MINISTERIO PÚBLICO,,FEMENINO,SIN DATOS,1,0,Lázaro Cárdenas,Jarene,julio,viernes,0,-102.221636585891,17.9631022330417
41072,41078,2022,,2022/07/01,"08:45:00",COLISIÓN POR ALCANCE,ASFALTO,Lluvioso,Regular,2,CHEVROLET,PLATA,2,,23,MASCULINO,SIN DATOS,0,0,Morelia,Popular Pogreso,julio,viernes,9,-101.200042180717,19.7248650562481
41073,41079,2022,,2022/07/01,"09:00:00",COLISIÓN POR ALCANCE,CONCRETO,Lluvioso,Bueno,2,FORD,BLANCO,2,,23,MASCULINO,SIN DATOS,0,0,Morelia,La Huerta,julio,viernes,9,-101.217147968709,19.6755456656562
41074,41080,2022,,2022/07/01,"09:15:00",SALIDA DE SUPERFICIE DE RODAMIENTO,ASFALTO,Nublado,Bueno,1,DODGE,BLANCO,1,,21,FEMENINO,SIN DATOS,0,0,Morelia,Mision del Valle,julio,viernes,9,-101.117413805995,19.764624
41075,41081,2022,,2022/07/01,11:20:00,COLISIÓN POR CAMBIO DE CARRIL,ASFALTO,Bueno,Bueno,2,NISSAN,BLANCO,2,,64,MASCULINO,SIN DATOS,0,0,Morelia,Indeco El Vivero,julio,viernes,11,-101.231865249574,19.677710727163
41076,41082,2022,LEG43898,2022/07/01,12:12:00,COLISIÓN POR ALCANCE,ASFALTO,Bueno,Bueno,2,ITALIKA,ROJO/NEGRO,2,MINISTERIO PÚBLICO,,MASCULINO,SIN DATOS,0,0,Morelia,Dr Miguel Silva,julio,viernes,12,-101.187927793444,19.7204887484457
41077,41083,2022,,2022/07/01,13:30:00,COLISIÓN POR CORTE DE CIRCULACIÓN,ASFALTO,Bueno,Bueno,2,KIA,BLANCO,2,,36,FEMENINO,SIN DATOS,0,0,Morelia,Villa Universidad,julio,viernes,14,-101.214002408087,19.6879039284598
41078,41084,2022,,2022/07/01,14:45:00,COLISIÓN POR ALCANCE,ASFALTO,Bueno,Bueno,2,CHEVROLET,AZUL,2,,45,FEMENINO,SIN DATOS,0,0,Morelia,Arcos del Valle,julio,viernes,15,-101.23625099659,19.7076255468079
41079,41085,2022,MOR220410952,2022/07/01,15:35:00,COLISIÓN POR ALCANCE,ASFALTO,Bueno,Bueno,2,DODGE,BLANCO,2,,31,MASCULINO,SIN DATOS,0,0,Morelia,Felix Ireta,julio,viernes,16,-101.191861443222,19.6822844733607
41080,41086,2022,,2022/07/01,17:00:00,COLISIÓN CONTRA OBJETO FIJO,ASFALTO,Bueno,Bueno,1,CHEVROLET,AZUL,1,,45,FEMENINO,SIN DATOS,0,0,Morelia,La Huerta,julio,viernes,17,-101.228095606748,19.6688894811145
41081,41087,2022,,2022/07/01,17:15:00,SALIDA DE SUPERFICIE DE RODAMIENTO,ASFALTO,Bueno,Bueno,1,FORD,GUINDA,4,,68,MASCULINO,SIN DATOS,3,0,Morelia,Sin datos,julio,viernes,17,-101.279983408749,19.6700593231195
41082,41088,2022,,2022/07/01,19:40:00,COLISIÓN POR INVASIÓN DE CARRIL,ASFALTO,Bueno,Bueno,2,FORD,GUINDA,2,,42,FEMENINO,SIN DATOS,0,0,Morelia,Lomas de Santa Maria,julio,viernes,20,-101.188775509498,19.6733482268856
41083,41089,2022,,2022/07/01,23:00:00,VOLCADURA,CONCRETO,Bueno,Bueno,1,NISSAN,ROJO,0,MINISTERIO PÚBLICO,,,,0,0,Lázaro Cárdenas,Sin datos,julio,viernes,23,-102.228231467307,17.9353921022849
41084,41090,2022,,2022/07/02,"00:10:00",COLISIÓN POR INVASIÓN DE CARRIL,ASFALTO,Lluvioso,Malo,2,NISSAN,BLANCO,1,MINISTERIO PÚBLICO,36,MASCULINO,SIN DATOS,0,0,Hidalgo,Corros,julio,sábado,0,-100.555391684175,19.707213007994
41085,41091,2022,,2022/07/02,"00:40:00",COLISIÓN CONTRA OBJETO FIJO,CONCRETO,Bueno,Bueno,1,CHEVROLET,GRIS,1,,31,FEMENINO,SIN DATOS,0,0,Morelia,La Quemada,julio,sábado,1,-101.240059827697,19.7032952648833
41086,41092,2022,,2022/07/02,"03:20:00",COLISIÓN POR CORTE DE CIRCULACIÓN,ASFALTO,Bueno,Bueno,1,VOLKSWAGEN,NEGRO,1,,28,MASCULINO,SIN DATOS,0,0,Morelia,Elias Perez Avalos,julio,sábado,3,-101.167813022979,19.7136335493406
41087,41093,2022,,2022/07/02,"03:30:00",COLISIÓN POR ALCANCE,CONCRETO,Lluvioso,Regular,2,MERCEDES BENZ,NEGRO,2,,29,MASCULINO,SIN DATOS,0,0,Morelia,Ocolusen Iii,julio,sábado,4,-101.152386702597,19.6845956050782
41088,41094,2022,LEG43901,2022/07/02,"03:30:00",COLISIÓN POR ALCANCE,ASFALTO,Bueno,Bueno,3,NISSAN,GRIS,3,,28,FEMENINO,SIN DATOS,0,0,Morelia,La Floresta,julio,sábado,4,-101.152355857193,19.6845239450274
41089,41095,2022,,2022/07/02,"06:20:00",COLISIÓN CONTRA OBJETO FIJO,ASFALTO,Lluvioso,Regular,1,VOLKSWAGEN,NEGRO,1,,29,MASCULINO,SIN DATOS,0,0,Morelia,Nueva Valladolid,julio,sábado,6,-101.211171435,19.7020055149992
41090,41096,2022,MOR 220412442,2022/07/02,"08:50:00",COLISIÓN POR CAMBIO DE CARRIL,ASFALTO,Lluvioso,Malo,2,FREIGHTLINER,BLANCO/AZUL,2,,30,MASCULINO,SIN DATOS,0,0,Morelia,Felix Arreguin,julio,sábado,9,-101.228063218296,19.7192629955858
41091,41097,2022,,2022/07/02,"09:52:00",SALIDA DE SUPERFICIE DE RODAMIENTO,ASFALTO,Lluvioso,Regular,1,CHEVROLET,VINO,1,,39,MASCULINO,SIN DATOS,0,0,Morelia,Sin datos,julio,sábado,10,-101.114527992904,19.7368070471254
41092,41098,2022,MOR 220412683,2022/07/02,11:20:00,COLISIÓN POR CORTE DE CIRCULACIÓN,ASFALTO,Lluvioso,Bueno,2,NISSAN,BLANCO,2,,44,FEMENINO,SIN DATOS,0,0,Morelia,Chapultepec Sur,julio,sábado,11,-101.176964789629,19.6927434909916
41093,41099,2022,,2022/07/02,12:35:00,COLISIÓN POR CAMBIO DE CARRIL,ASFALTO,Bueno,Bueno,2,FREIGHTLINER,BLANCO,2,,57,MASCULINO,SIN DATOS,0,0,Morelia,Enrique Arreguin Robles,julio,sábado,13,-101.185417771339,19.7239879916592
41094,41100,2022,,2022/07/02,12:45:00,COLISIÓN POR CAMBIO DE CARRIL,ASFALTO,Bueno,Bueno,2,TOYOTA,BLANCO,2,,41,MASCULINO,SIN DATOS,0,0,Morelia,Los Angeles,julio,sábado,13,-101.17706051,19.7405553549992
41095,41101,2022,LEG43911,2022/07/02,13:55:00,COLISIÓN POR CAMBIO DE CARRIL,ASFALTO,Bueno,Bueno,2,FORD,BLANCO,2,,41,MASCULINO,SIN DATOS,0,0,Morelia,Granjas del Maestro,julio,sábado,14,-101.188392341137,19.7128890320331
41096,41102,2022,,2022/07/02,14:50:00,COLISIÓN POR INVASIÓN DE CARRIL,ASFALTO,Bueno,Bueno,2,NISSAN,BLANCO,2,,48,MASCULINO,SIN DATOS,0,0,Cuitzeo,Sin datos,julio,sábado,15,-101.175573393703,19.9670949928395
41097,41103,2022,,2022/07/02,15:54:00,COLISIÓN POR CORTE DE CIRCULACIÓN,ASFALTO,Bueno,Bueno,2,FORD,BLANCO/VERDE,2,,41,MASCULINO,SIN DATOS,0,0,Morelia,Solidaridad,julio,sábado,16,-101.20685225382,19.7316041252956
41098,41104,2022,LEG43913,2022/07/02,16:10:00,COLISIÓN POR CORTE DE CIRCULACIÓN,ASFALTO,Bueno,Bueno,2,VOLKSWAGEN,BLANCO,2,,48,MASCULINO,SIN DATOS,0,0,Morelia,Nueva Valladolid,julio,sábado,16,-101.210651993752,19.7020566565276
41099,41105,2022,MOR220413304,2022/07/02,17:15:00,COLISIÓN CONTRA OBJETO FIJO,CONCRETO,Bueno,Bueno,1,NISSAN,GRIS,1,,56,FEMENINO,SIN DATOS,0,0,Morelia,Felix Ireta,julio,sábado,17,-101.187043190002,19.6835633184309
41100,41106,2022,,2022/07/02,19:20:00,VOLCADURA,ASFALTO,Bueno,Regular,2,INTERNATIONAL,BLANCO CON AZUL,0,MINISTERIO PÚBLICO,,,,0,0,Gabriel Zamora,Sin datos,julio,sábado,19,-102.058937810361,19.0863202721199
41101,41107,2022,,2022/07/02,21:40:00,COLISIÓN CONTRA OBJETO FIJO,CONCRETO,Bueno,Bueno,2,CHEVROLET,BLANCO /AZUL,2,,37,MASCULINO,SIN DATOS,0,0,Morelia,Vasco de Quiroga,julio,sábado,22,-101.168975159526,19.7035692371849
41102,41108,2022,,2022/07/03,"00:23:00",COLISIÓN POR ALCANCE,ASFALTO,Bueno,Bueno,2,TOYOTA,GRIS,2,,38,MASCULINO,CON CERTIFICADO,0,0,Morelia,Rafael Carrillo,julio,domingo,0,-101.235091947019,19.7095452428857
41103,41109,2022,MOR 220414141,2022/07/03,"00:35:00",COLISIÓN POR CAMBIO DE CARRIL,ASFALTO,Nublado,Bueno,2,INTERNACIONAL,BLANCO/NARANJA,2,,39,MASCULINO,SIN DATOS,0,0,Morelia,Villas del Pedregal,julio,domingo,1,-101.302553191781,19.6758219036242
41104,41110,2022,MOR220414292,2022/07/03,"02:42:00",COLISIÓN POR CAMBIO DE CARRIL,ASFALTO,Bueno,Regular,2,CHRYSLER,ORO,2,,41,MASCULINO,SIN DATOS,0,0,Morelia,Villa Universidad,julio,domingo,3,-101.199903711677,19.6861620163283
41105,41111,2022,,2022/07/03,"02:45:00",COLISIÓN CONTRA OBJETO FIJO,ASFALTO,Bueno,Bueno,2,CHEVROLET,BLANCO,2,MINISTERIO PÚBLICO,37,MASCULINO,SIN DATOS,0,0,Pátzcuaro,Juventino Rosas,julio,domingo,3,-101.613761857152,19.5083785319943
41106,41112,2022,,2022/07/03,"03:07:00",COLISIÓN CONTRA OBJETO FIJO,ASFALTO,Bueno,Bueno,1,CHEVROLET,PLATA,1,,21,MASCULINO,SIN DATOS,0,0,Morelia,Vista Bella,julio,domingo,3,-101.197587959468,19.6796566688246
41107,41113,2022,MOR 220066477,2022/07/03,"05:00:00",COLISIÓN CONTRA OBJETO FIJO,ASFALTO,Bueno,Bueno,1,VOLKSWAGEN,PLATA,1,,23,MASCULINO,ALIENTO ETÍLICO,0,0,Morelia,Felix Ireta,julio,domingo,5,-101.180869080126,19.684908762281
41108,41114,2022,,2022/07/03,"08:00:00",COLISIÓN CONTRA OBJETO FIJO,ASFALTO,Bueno,Bueno,2,FORD,CAFE,1,,,,SIN DATOS,0,0,Morelia,Barrio Alto,julio,domingo,8,-101.196854040027,19.7248417015859
41109,41115,2022,,2022/07/03,"09:40:00",COLISIÓN POR ALCANCE,ASFALTO,Bueno,Bueno,2,CHEVROLET,BLANCO,2,,29,MASCULINO,SIN DATOS,0,0,Morelia,Enrique Arreguin Robles,julio,domingo,10,-101.178821213543,19.7203316629893
41110,41116,2022,,2022/07/03,11:00:00,COLISIÓN CON PEATÓN,ASFALTO,Bueno,Bueno,1,MAZDA,ROJO,0,MINISTERIO PÚBLICO,,,,0,0,Lázaro Cárdenas,Sin datos,julio,domingo,11,-102.22339913249,17.9327515399041