fid,id_accidente,anio_origen,folio_c5i,dia_incidente,hora_ocurrencia,tipo_incidente_vial,superficie_ocurrencia,condiciones_climaticas,condiciones_via,numero_vehiculos_involucrados,marca_vehiculo_ocasiona_siniestro,color_vehiculo_ocasiona_siniestro,numero_personas_involucradas,lugar_remite_presunto_responsable,edad_presunto_responsable,sexo_presunto_responsable,resultados_toxicologia,numero_personas_lesionadas,numero_personas_fallecidas,municipio,colonia,mes,dia_semana,hora_redondeada,lon,lat
41111,41117,2022,,2022/07/03,12:00:00,COLISIÓN POR INVASIÓN DE CARRIL,ASFALTO,Bueno,Bueno,2,NISSAN,BLANCO Y ROJO,3,MINISTERIO PÚBLICO,,,SIN DATOS,1,0,Tacámbaro,Sin datos,julio,domingo,12,-101.460053175688,19.2518043323753
41112,41118,2022,,2022/07/03,12:40:00,COLISIÓN POR CORTE DE CIRCULACIÓN,ASFALTO,Bueno,Bueno,2,TOYOTA,BLANCO,2,,60,MASCULINO,SIN DATOS,0,0,Morelia,Alberto Oviedo Mota,julio,domingo,13,-101.197693906724,19.6811457844004
41113,41119,2022,MOR220414168,2022/07/03,12:45:00,COLISIÓN POR CORTE DE CIRCULACIÓN,ASFALTO,Bueno,Bueno,2,SEAT,NEGRO,2,,,,SIN DATOS,0,0,Morelia,Vista Bella,julio,domingo,13,-101.195790544152,19.6790656909878
41114,41120,2022,,2022/07/03,18:20:00,COLISIÓN POR CAMBIO DE CARRIL,ASFALTO,Bueno,Regular,2,DATSUN,BLANCO,2,,,,SIN DATOS,0,0,Morelia,Lomas de Las Americas Norte,julio,domingo,18,-101.147880256176,19.694594235382
41115,41121,2022,,2022/07/03,18:50:00,SALIDA DE SUPERFICIE DE RODAMIENTO,ASFALTO,Bueno,Bueno,1,FORD,BLANCO,1,,19,MASCULINO,SIN DATOS,0,0,Los Reyes,Sin datos,julio,domingo,19,-102.525551989675,19.5466533059147
41116,41122,2022,,2022/07/03,23:30:00,COLISIÓN POR CORTE DE CIRCULACIÓN,ASFALTO,Bueno,Bueno,2,BAJAJ,NEGRO,2,,28,MASCULINO,SIN DATOS,0,0,Morelia,Centro,julio,domingo,0,-101.178967058659,19.7034451884331
41118,41124,2022,,2022/07/04,"08:42:00",COLISIÓN CONTRA OBJETO FIJO,ASFALTO,Bueno,Bueno,1,CHEVROLET,ROJO,1,,25,MASCULINO,SIN DATOS,0,0,Morelia,Bosques Tres Marias,julio,lunes,9,-101.102,19.7232
41119,41125,2022,,2022/07/04,"09:47:00",COLISIÓN POR CORTE DE CIRCULACIÓN,CONCRETO,Bueno,Bueno,2,CHEVROLET,VERDE,2,,27,MASCULINO,SIN DATOS,0,0,Morelia,Jose Trinidad Guido,julio,lunes,10,-101.186959245761,19.6681340067212
41121,41127,2022,MOR 220416788,2022/07/04,10:30:00,COLISIÓN POR ALCANCE,ASFALTO,Bueno,Bueno,2,CHEVROLET,ROJO,2,,28,MASCULINO,SIN DATOS,0,0,Morelia,Lomas de San Juan,julio,lunes,11,-101.183039681886,19.7298664251429
41122,41128,2022,,2022/07/04,10:45:00,COLISIÓN POR ALCANCE,ASFALTO,Bueno,Bueno,2,BMW,ROJO,2,,41,MASCULINO,SIN DATOS,0,0,Morelia,Villas Lomas del Paraiso,julio,lunes,11,-101.183243326701,19.6753951296653
41123,41129,2022,,2022/07/04,11:24:00,COLISIÓN POR ALCANCE,ASFALTO,Bueno,Bueno,2,SUZUKI,BLANCO,2,,30,MASCULINO,SIN DATOS,0,0,Morelia,Solidaridad,julio,lunes,11,-101.20485696,19.7329003499991
41124,41130,2022,,2022/07/04,11:25:00,COLISIÓN CONTRA OBJETO FIJO,CONCRETO,Bueno,Bueno,1,INTERNACIONAL,BLANCO Y  NARANJA,1,,21,MASCULINO,SIN DATOS,0,0,Morelia,Villas del Pedregal,julio,lunes,11,-101.309513188899,19.6702708497619
41125,41131,2022,,2022/07/04,11:25:00,COLISIÓN POR ALCANCE,ASFALTO,Bueno,Bueno,2,FORD,BLANCO,2,,42,FEMENINO,SIN DATOS,0,0,Morelia,Sin datos,julio,lunes,11,-101.275924408994,19.6208266134515
41126,41132,2022,MOR220416122,2022/07/04,12:05:00,COLISIÓN POR CAMBIO DE CARRIL,ASFALTO,Bueno,Bueno,2,INTERNATIONAL,BLANCO Y AZUL,2,,45,MASCULINO,SIN DATOS,0,0,Morelia,Santillan La Huerta,julio,lunes,12,-101.219553885717,19.6760966650679
41127,41133,2022,MOR220417122,2022/07/04,12:40:00,COLISIÓN POR CAMBIO DE CARRIL,ASFALTO,Bueno,Bueno,2,INTERNATIONAL,BLANCO Y AZUL,2,,29,MASCULINO,SIN DATOS,0,0,Morelia,Santillan La Huerta,julio,lunes,13,-101.219553885717,19.6760966650679
41128,41134,2022,MOR220417530,2022/07/04,15:25:00,COLISIÓN POR ALCANCE,CONCRETO,Bueno,Regular,2,NISSAN,ROJO,2,,24,MASCULINO,SIN DATOS,0,0,Morelia,Margarita Maza de Juarez,julio,lunes,15,-101.255526905,19.6928898149991
41129,41135,2022,,2022/07/04,15:39:00,COLISIÓN CONTRA OBJETO FIJO,ASFALTO,Bueno,Bueno,2,MERCEDES BENZ,PLATA Y  MORADO,2,,54,MASCULINO,SIN DATOS,0,0,Morelia,Lomas de Hidalgo,julio,lunes,16,-101.160867959682,19.697918934297
41130,41136,2022,,2022/07/04,15:40:00,COLISIÓN POR CAMBIO DE CARRIL,ASFALTO,Bueno,Bueno,2,INTERNATIONAL,BLANCO,2,,45,MASCULINO,SIN DATOS,0,0,Morelia,La Quemada,julio,lunes,16,-101.237765103579,19.7015939150977
41131,41137,2022,MOR 220418076,2022/07/04,17:50:00,COLISIÓN POR ALCANCE,CONCRETO,Bueno,Bueno,2,VOLKSWAGEN,NEGRO,2,,33,MASCULINO,SIN DATOS,0,0,Morelia,Lazaro Cardenas,julio,lunes,18,-101.164299398661,19.7085765599282
41132,41138,2022,,2022/07/04,18:40:00,COLISIÓN POR MANIOBRA DE REVERSA,ASFALTO,Bueno,Bueno,2,FREIGHTLINER,BLANCO,2,,29,MASCULINO,SIN DATOS,0,0,Morelia,Torreon Nuevo,julio,lunes,19,-101.199048757553,19.7360843674548
41134,41140,2022,,2022/07/05,"09:50:00",COLISIÓN CON PEATÓN,ASFALTO,Bueno,Bueno,1,NISSAN,PLATA,2,MINISTERIO PÚBLICO,38,FEMENINO,SIN DATOS,1,0,Morelia,Xangari,julio,martes,10,-101.219623120327,19.6720670459846
41135,41141,2022,LEG43958,2022/07/05,10:18:00,COLISIÓN POR ALCANCE,ASFALTO,Lluvioso,Bueno,2,MAZDA,AZUL,2,,0,MASCULINO,SIN DATOS,0,0,Morelia,Vasco de Quiroga,julio,martes,10,-101.172084441176,19.7019638559701
41137,41143,2022,,2022/07/05,13:40:00,COLISIÓN CON PEATÓN,CONCRETO,Bueno,Bueno,2,NISSAN,ROJO,2,,31,MASCULINO,SIN DATOS,0,0,Morelia,Union Antorchista,julio,martes,14,-101.26779783,19.7009720849992
41138,41144,2022,,2022/07/05,14:10:00,COLISIÓN POR CORTE DE CIRCULACIÓN,ASFALTO,Bueno,Bueno,2,KENWORTH,BLANCO,2,,27,MASCULINO,SIN DATOS,0,0,Morelia,La Soledad,julio,martes,14,-101.185166715661,19.7274533823308
41139,41145,2022,,2022/07/05,16:30:00,COLISIÓN POR CORTE DE CIRCULACIÓN,CONCRETO,Bueno,Bueno,2,NISSAN,GRIS,2,,30,MASCULINO,SIN DATOS,0,0,Morelia,Alberto Oviedo Mota,julio,martes,17,-101.198908182011,19.681555672698
41140,41146,2022,,2022/07/05,16:30:00,COLISIÓN POR CORTE DE CIRCULACIÓN,ASFALTO,Bueno,Bueno,2,TOYOTA,BLANCO Y CORAL,2,,26,MASCULINO,SIN DATOS,0,0,Morelia,Centro,julio,martes,17,-101.189857827865,19.6978510930408
41141,41147,2022,LEG43959,2022/07/05,17:24:00,COLISIÓN POR CORTE DE CIRCULACIÓN,ASFALTO,Bueno,Bueno,2,NISSAN,GRIS,2,,,MASCULINO,SIN DATOS,0,0,Morelia,Isaac Arriaga,julio,martes,17,-101.173878539064,19.7098514781792
41142,41148,2022,,2022/07/05,18:55:00,COLISIÓN POR CORTE DE CIRCULACIÓN,ASFALTO,Nublado,Regular,2,CHEVROLET/AVEO,BLANCO,1,,40,MASCULINO,SIN DATOS,0,0,Morelia,Matamoros,julio,martes,19,-101.165347049207,19.6985415956958
41143,41149,2022,MOR/210336477,2022/07/06,"00:00:00",COLISIÓN POR CORTE DE CIRCULACIÓN,ASFALTO,Bueno,Bueno,2,CHEVROLET,NEGRO,2,,32,MASCULINO,SIN DATOS,0,0,Morelia,Ventura Puente,julio,miércoles,0,-101.183873489499,19.6930881988854
41144,41150,2022,,2022/07/06,12:55:00,COLISIÓN POR INVASIÓN DE CARRIL,CONCRETO,Bueno,Bueno,2,ITALIKA,GRIS,1,,26,MASCULINO,SIN DATOS,0,0,Morelia,Ciudad Jardin,julio,miércoles,13,-101.254949010909,19.7046575793623
41145,41151,2022,MOR220421860,2022/07/06,14:59:00,COLISIÓN POR CAMBIO DE CARRIL,CONCRETO,Bueno,Bueno,2,FIAT,NEGRO,2,,33,MASCULINO,SIN DATOS,0,0,Morelia,Ciudad Industrial,julio,miércoles,15,-101.141557954252,19.7258563638297
41146,41152,2022,,2022/07/06,15:00:00,COLISIÓN POR CAMBIO DE CARRIL,ASFALTO,Bueno,Bueno,2,GMC,GRIS,2,,39,MASCULINO,SIN DATOS,0,0,Morelia,Buenavista,julio,miércoles,15,-101.163129620254,19.7067281867274
41147,41153,2022,,2022/07/06,16:07:00,COLISIÓN CONTRA OBJETO FIJO,ASFALTO,Bueno,Bueno,2,FORD,BLANCO,2,,33,MASCULINO,SIN DATOS,0,0,Morelia,Peña Blanca,julio,miércoles,16,-101.195446886122,19.6685186430347
41148,41154,2022,MOR/2103365748,2022/07/06,17:10:00,COLISIÓN POR ALCANCE,ASFALTO,Bueno,Bueno,2,INTERNATIONAL,BLANCO/DORADO,2,,27,MASCULINO,SIN DATOS,0,0,Morelia,Felix Ireta,julio,miércoles,17,-101.191865466535,19.6822825792356
41149,41155,2022,MOR220422142,2022/07/06,18:10:00,COLISIÓN POR ALCANCE,ASFALTO,Lluvioso,Regular,2,FORD,ARENA,2,,58,FEMENINO,SIN DATOS,0,0,Morelia,Sentimientos de La Nacion,julio,miércoles,18,-101.23686991632,19.6848023772919
41150,41156,2022,MOR220422165,2022/07/06,19:10:00,COLISIÓN POR CORTE DE CIRCULACIÓN,ASFALTO,Bueno,Regular,2,NISSAN,BLANCO/ROJO,2,,18,MASCULINO,SIN DATOS,0,0,Morelia,Jacarandas,julio,miércoles,19,-101.211575008929,19.708971419672
41151,41157,2022,,2022/07/06,22:27:00,SALIDA DE SUPERFICIE DE RODAMIENTO,CONCRETO,Bueno,Bueno,1,CHEVROLET,NARANJA,1,,18,MASCULINO,SIN DATOS,0,0,Morelia,Ampliacion La Soledad,julio,miércoles,22,-101.183003112674,19.7373504748372
41152,41158,2022,MOR22042877,2022/07/07,"01:29:00",COLISIÓN POR ALCANCE,CONCRETO,Bueno,Bueno,2,MAZDA,AZUL,3,,40,MASCULINO,SIN DATOS,0,0,Morelia,Vista Bella,julio,jueves,1,-101.192186996341,19.6822298594091
41153,41159,2022,MOR220423012,2022/07/07,"07:40:00",SALIDA DE SUPERFICIE DE RODAMIENTO,ASFALTO,Bueno,Bueno,1,TOYOTA,BLANCO,1,,29,MASCULINO,SIN DATOS,0,0,Morelia,Sin datos,julio,jueves,8,-101.284089,19.59408
41154,41160,2022,LEG43971,2022/07/07,"08:00:00",SALIDA DE SUPERFICIE DE RODAMIENTO,ASFALTO,Bueno,Bueno,1,FORD,BLANCO,1,,70,MASCULINO,SIN DATOS,0,0,Morelia,Sin datos,julio,jueves,8,-101.284089,19.59408
41155,41161,2022,LEG43977,2022/07/07,"08:15:00",COLISIÓN POR CAMBIO DE CARRIL,ASFALTO,Bueno,Bueno,2,VOLKSWAGEN,BLANCO,2,,0,FEMENINO,SIN DATOS,0,0,Morelia,Las Americas,julio,jueves,8,-101.15527803761,19.6905832056681
41156,41162,2022,,2022/07/07,"08:40:00",COLISIÓN POR INVASIÓN DE CARRIL,ASFALTO,Bueno,Bueno,2,CHEVROLET,BLANCO,2,,63,MASCULINO,SIN DATOS,0,0,Morelia,Morelos,julio,jueves,9,-101.20619815,19.7022964949991
41158,41164,2022,,2022/07/07,15:30:00,COLISIÓN POR CORTE DE CIRCULACIÓN,ASFALTO,Bueno,Bueno,2,NISSAN FRONTIER,ROJO,3,MINISTERIO PÚBLICO,52,MASCULINO,SIN DATOS,1,0,Morelia,Sin datos,julio,jueves,16,-101.355056,19.6696905
41159,41165,2022,MOR220423888,2022/07/07,16:10:00,COLISIÓN POR CORTE DE CIRCULACIÓN,CONCRETO,Bueno,Bueno,2,GML,ROJO,2,,22,MASCULINO,SIN DATOS,0,0,Morelia,Santiaguito,julio,jueves,16,-101.19072544,19.7172895799992
41160,41166,2022,,2022/07/07,18:50:00,COLISIÓN POR ALCANCE,ASFALTO,Bueno,Regular,2,NISSAN,NEGRO,2,,54,FEMENINO,SIN DATOS,0,0,Morelia,Niño Artillero,julio,jueves,19,-101.253887533225,19.6966180829493
41161,41167,2022,,2022/07/07,19:36:00,COLISIÓN POR INVASIÓN DE CARRIL,ASFALTO,Lluvioso,Regular,2,ITALIKA,NEGRO,2,,33,MASCULINO,SIN DATOS,0,0,Morelia,Vista Bella,julio,jueves,20,-101.195925675947,19.6790442736003
41163,41169,2022,,2022/07/08,"07:00:00",COLISIÓN POR CORTE DE CIRCULACIÓN,ASFALTO,Bueno,Bueno,2,NISSAN,BLANCO,2,,19,MASCULINO,SIN DATOS,0,0,Morelia,Niño Artillero,julio,viernes,7,-101.253887533225,19.6966180829493
41164,41170,2022,,2022/07/08,"07:00:00",COLISIÓN POR ALCANCE,ASFALTO,Bueno,Bueno,2,CHEVROLET,PLATA,2,,30,MASCULINO,SIN DATOS,0,0,Morelia,Nueva Jacarndas,julio,viernes,7,-101.192010305822,19.6822630066074
41165,41171,2022,,2022/07/08,"07:55:00",COLISIÓN POR CAMBIO DE CARRIL,ASFALTO,Bueno,Bueno,2,MERCEDES BENZ,BLANCO/ROJO,2,,18,MASCULINO,SIN DATOS,0,0,Morelia,La Esperanza,julio,viernes,8,-101.254211738706,19.6977584126207
41166,41172,2022,MOR220384657,2022/07/08,"09:30:00",COLISIÓN POR CORTE DE CIRCULACIÓN,ASFALTO,Bueno,Bueno,2,HONDA,BLANCO,2,,65,MASCULINO,SIN DATOS,0,0,Morelia,Villa Universidad,julio,viernes,10,-101.200576,19.6852265
41167,41173,2022,,2022/07/08,10:48:00,COLISIÓN CON PEATÓN,ASFALTO,Bueno,Bueno,1,ITALIKA,NEGRO/VERDE,2,,,MASCULINO,SIN DATOS,1,0,Morelia,Lindavista,julio,viernes,11,-101.21617231518,19.7038842511403
41168,41174,2022,SIN MOR,2022/07/08,11:00:00,COLISIÓN POR CORTE DE CIRCULACIÓN,CONCRETO,Bueno,Bueno,2,CHEVROLET,ROJO,2,,59,MASCULINO,SIN DATOS,0,0,Morelia,Ventura Puente,julio,viernes,11,-101.180176734924,19.6882682186701
41169,41175,2022,,2022/07/08,11:40:00,COLISIÓN POR CAMBIO DE CARRIL,ASFALTO,Bueno,Bueno,2,ITALIKA,NEGRO/ROJO,0,MINISTERIO PÚBLICO,,,,0,0,Irimbo,Sin datos,julio,viernes,12,-100.495684705675,19.6912128148309
41170,41176,2022,,2022/07/08,12:25:00,COLISIÓN CONTRA OBJETO FIJO,CONCRETO,Bueno,Bueno,2,TOYOTA,GRIS,2,,68,MASCULINO,SIN DATOS,0,0,Morelia,Vasco de Quiroga,julio,viernes,12,-101.16949416697,19.7085137484162
41171,41177,2022,,2022/07/08,12:45:00,COLISIÓN POR ALCANCE,CONCRETO,Bueno,Bueno,3,KIA,MERLOT,3,,32,MASCULINO,SIN DATOS,0,0,Morelia,La Huerta,julio,viernes,13,-101.217135228217,19.675537457435
41172,41178,2022,,2022/07/08,13:51:00,COLISIÓN POR CAMBIO DE CARRIL,ASFALTO,Bueno,Bueno,2,FORD,BLANCO,2,MINISTERIO PÚBLICO,65,MASCULINO,SIN DATOS,0,0,Morelia,Irrigacion,julio,viernes,14,-101.225016228855,19.7047383840547
41173,41179,2022,MOR2203826777,2022/07/08,14:20:00,COLISIÓN POR ALCANCE,ASFALTO,Bueno,Bueno,2,CHEVROLET,NEGRO,2,,24,MASCULINO,SIN DATOS,0,0,Morelia,Lomas de Huerta,julio,viernes,14,-101.214279346168,19.6743254773916
41174,41180,2022,,2022/07/08,16:50:00,COLISIÓN POR CAMBIO DE CARRIL,ASFALTO,Bueno,Bueno,2,DINA,VERDE,2,,25,MASCULINO,SIN DATOS,0,0,Morelia,Francisco J Mujica,julio,viernes,17,-101.184540018439,19.7249395386615
41175,41181,2022,MOR220426033,2022/07/08,17:50:00,COLISIÓN POR INVASIÓN DE CARRIL,CONCRETO,Bueno,Regular,2,S/D,MORADO/NEGRO,3,,11,FEMENINO,SIN DATOS,1,0,Morelia,Virrey Antonio de Mendoza,julio,viernes,18,-101.159461028874,19.7075715727772
41176,41182,2022,,2022/07/08,18:00:00,VOLCADURA,ASFALTO,Bueno,Bueno,1,FORD,VINO,7,MINISTERIO PÚBLICO,,,,7,0,Áporo,Sin datos,julio,viernes,18,-100.391939878464,19.6592878281018
41177,41183,2022,LEG43991,2022/07/08,19:00:00,COLISIÓN POR NO RESPETAR SEMÁFORO,CONCRETO,Bueno,Bueno,2,FORD,BLANCO/ROSA,2,,55,MASCULINO,SIN DATOS,0,0,Morelia,Ejidal Ocolusen,julio,viernes,19,-101.153440475464,19.6873363411948
41178,41184,2022,,2022/07/08,19:50:00,COLISIÓN POR ALCANCE,ASFALTO,Bueno,Bueno,3,FORD,GRIS,3,,54,MASCULINO,SIN DATOS,0,0,Morelia,Centro,julio,viernes,20,-101.198095902801,19.7064646276749
41179,41185,2022,MOR2203808465,2022/07/08,21:50:00,COLISIÓN POR CORTE DE CIRCULACIÓN,ASFALTO,Bueno,Bueno,2,RENAULT,GRIS,2,,69,MASCULINO,SIN DATOS,0,0,Morelia,Los Manantiales de Morelia,julio,viernes,22,-101.240272969007,19.692738124654
41180,41186,2022,LEG43997,2022/07/08,22:10:00,COLISIÓN CONTRA OBJETO FIJO,ASFALTO,Lluvioso,Regular,1,VOSLKWAGEN,PLATA,1,,58,MASCULINO,ALIENTO ETÍLICO,0,0,Morelia,Los Manantiales de Morelia,julio,viernes,22,-101.24288007617,19.6991709715479
41181,41187,2022,,2022/07/08,22:12:00,COLISIÓN POR CORTE DE CIRCULACIÓN,CONCRETO,Bueno,Bueno,2,CHEVROLET,AZUL,2,,25,MASCULINO,SIN DATOS,0,0,Morelia,El Realito,julio,viernes,22,-101.203845217824,19.7273699817529
41182,41188,2022,,2022/07/08,22:30:00,SUBIDA AL CAMELLÓN,ASFALTO,Lluvioso,Regular,1,FORD,NEGRO,1,,38,MASCULINO,SIN DATOS,0,0,Morelia,Ciudad Industrial,julio,viernes,23,-101.142934262753,19.7252699750513
41183,41189,2022,,2022/07/09,"00:25:00",SUBIDA AL CAMELLÓN,ASFALTO,Lluvioso,Bueno,1,NISSAN,ROJO,1,,53,MASCULINO,SIN DATOS,0,0,Morelia,Felix Arreguin,julio,sábado,0,-101.226539053023,19.7214792258191
41184,41190,2022,,2022/07/09,"03:50:00",COLISIÓN CONTRA OBJETO FIJO,SIN_DATOS,Lluvioso,Bueno,1,CHEVROLET,BLANCO,1,,41,MASCULINO,SIN DATOS,0,0,Morelia,Centro,julio,sábado,4,-101.189866214991,19.7009329437767
41185,41191,2022,,2022/07/09,"04:18:00",SUBIDA AL CAMELLÓN,CONCRETO,Bueno,Bueno,1,DODGE,BLANCO,1,,43,MASCULINO,SIN DATOS,0,0,Morelia,Reforma,julio,sábado,4,-101.242404654622,19.7057481236246
41186,41192,2022,MOR220427081,2022/07/09,"07:15:00",COLISIÓN POR CORTE DE CIRCULACIÓN,ASFALTO,Lluvioso,Bueno,2,RENAULT,BLANCO/AZUL,2,,41,MASCULINO,ALIENTO ETÍLICO,0,0,Lagunillas,Sin datos,julio,sábado,7,-101.394350118935,19.5570118397438
41187,41193,2022,,2022/07/09,"08:10:00",COLISIÓN POR ALCANCE,ASFALTO,Bueno,Bueno,2,VOLKSWAGEN,NEGRO,2,,24,MASCULINO,SIN DATOS,0,0,Morelia,Residencial Alborada,julio,sábado,8,-101.234630942345,19.7024695242862
41188,41194,2022,LEG44012,2022/07/09,"08:10:00",COLISIÓN POR ALCANCE,ASFALTO,Lluvioso,Bueno,1,MITSUBISHI,ROJO,1,MINISTERIO PÚBLICO,,FEMENINO,SIN DATOS,0,0,Morelia,Alberto Oviedo Mota,julio,sábado,8,-101.199523508549,19.6810466577813
41189,41195,2022,LEG44015,2022/07/09,"09:22:00",COLISIÓN POR ALCANCE,ASFALTO,Bueno,Bueno,2,NISSAN,BLANCO,2,,63,MASCULINO,SIN DATOS,0,0,Morelia,Mariano Michelena,julio,sábado,9,-101.229883432388,19.6768911768463
41190,41196,2022,,2022/07/09,10:45:00,COLISIÓN POR CAMBIO DE CARRIL,ASFALTO,Bueno,Bueno,2,WHITE,BLANCO,2,,20,MASCULINO,SIN DATOS,0,0,Morelia,Sentimientos de La Nacion,julio,sábado,11,-101.236870586872,19.6848036400221
41191,41197,2022,,2022/07/09,11:00:00,COLISIÓN CONTRA OBJETO FIJO,ASFALTO,Bueno,Bueno,1,FORD,BLANCO,0,MINISTERIO PÚBLICO,,,,0,0,Lázaro Cárdenas,Centro,julio,sábado,11,-102.191691398621,17.9575463293736
41192,41198,2022,MOR220427358,2022/07/09,11:05:00,COLISIÓN POR CORTE DE CIRCULACIÓN,ASFALTO,Bueno,Bueno,2,CHEVROLET,AZUL,2,,30,MASCULINO,SIN DATOS,0,0,Morelia,Felix Ireta,julio,sábado,11,-101.190853603184,19.6850337724449
41193,41199,2022,,2022/07/09,14:20:00,COLISIÓN POR CAMBIO DE CARRIL,ASFALTO,Bueno,Bueno,2,GENERAL MOTORS,BLANCO,2,,24,MASCULINO,SIN DATOS,0,0,Morelia,Eduardo Ruiz,julio,sábado,14,-101.219003386796,19.7199639740362
41194,41200,2022,,2022/07/09,14:45:00,COLISIÓN POR CORTE DE CIRCULACIÓN,ASFALTO,Bueno,Bueno,2,NISSAN,AZUL,2,,35,MASCULINO,SIN DATOS,0,0,Morelia,Jardines de Torremolinos,julio,sábado,15,-101.225647889078,19.6768444535123
41195,41201,2022,MOR220422877,2022/07/09,14:53:00,COLISIÓN POR ALCANCE,CONCRETO,Bueno,Bueno,2,CHRYSLER,GRIS,2,,56,MASCULINO,SIN DATOS,0,0,Morelia,Chapultepec Norte,julio,sábado,15,-101.171420998871,19.6942226992941
41196,41202,2022,,2022/07/09,15:30:00,COLISIÓN POR CORTE DE CIRCULACIÓN,ASFALTO,Bueno,Bueno,2,FORD,ROJO,2,,,MASCULINO,ALIENTO ETÍLICO,0,0,Morelia,Felicitas del Rio,julio,sábado,16,-101.200414672494,19.6902244492372
41197,41203,2022,,2022/07/09,16:28:00,COLISIÓN POR CORTE DE CIRCULACIÓN,ASFALTO,Bueno,Bueno,2,NISSAN,NEGRO,2,,37,MASCULINO,SIN DATOS,0,0,Morelia,Loma Bonita,julio,sábado,16,-101.196552962065,19.72282024796
41198,41204,2022,,2022/07/09,18:15:00,COLISIÓN POR ALCANCE,ASFALTO,Bueno,Bueno,2,TOYOTA,BEIGE,0,MINISTERIO PÚBLICO,,,,0,0,Hidalgo,Sin datos,julio,sábado,18,-100.595255680382,19.6992202136007
41199,41205,2022,,2022/07/09,18:45:00,COLISIÓN CON PEATÓN,ASFALTO,Lluvioso,Regular,2,CHEVROLET,NEGRO,2,MINISTERIO PÚBLICO,21,MASCULINO,SIN DATOS,0,0,Morelia,Sin datos,julio,sábado,19,-101.132966838777,19.6209794972963
41200,41206,2022,,2022/07/09,22:00:00,SALIDA DE SUPERFICIE DE RODAMIENTO,ASFALTO,Lluvioso,Regular,1,CHEVROLET,NEGRO,0,,,,,0,0,Peribán,Sin datos,julio,sábado,22,-102.447202652693,19.5550896878492
41201,41207,2022,,2022/07/09,22:10:00,COLISIÓN POR INVASIÓN DE CARRIL,ASFALTO,Lluvioso,Regular,2,CHEVROLET,ROJO,2,,42,MASCULINO,SIN DATOS,0,0,Morelia,San Jose del Cerrito,julio,sábado,22,-101.225980818272,19.6631160429216
41202,41208,2022,,2022/07/09,22:40:00,COLISIÓN CONTRA OBJETO FIJO,ASFALTO,Lluvioso,Regular,2,HONDA,BLANCO,2,,42,MASCULINO,SIN DATOS,0,0,Morelia,Fidel Velazquez,julio,sábado,23,-101.23627178371,19.7050117308756
41203,41209,2022,,2022/07/10,"03:50:00",VOLCADURA,ASFALTO,Bueno,Regular,1,FORD,AZUL,1,,28,MASCULINO,SIN DATOS,0,0,Peribán,Sin datos,julio,domingo,4,-102.443859279156,19.551465212891
41204,41210,2022,,2022/07/10,"05:10:00",COLISIÓN CONTRA OBJETO FIJO,ASFALTO,Bueno,Bueno,2,MAZDA,BLANCO,2,,,,SIN DATOS,0,0,Morelia,Bonanza,julio,domingo,5,-101.20266798,19.6564884899992
41205,41211,2022,,2022/07/10,"05:40:00",COLISIÓN POR ALCANCE,ASFALTO,Bueno,Bueno,2,FORD,GUINDA,2,,30,MASCULINO,SIN DATOS,0,0,Morelia,Mariano Michelena,julio,domingo,6,-101.231337504797,19.6758071810468
41206,41212,2022,,2022/07/10,"06:50:00",COLISIÓN POR CORTE DE CIRCULACIÓN,ASFALTO,Bueno,Bueno,2,VOLKSWAGEN,BLANCO,2,,32,MASCULINO,SIN DATOS,0,0,Morelia,Centro,julio,domingo,7,-101.18218963,19.7028850649992
41207,41213,2022,MOR220429779,2022/07/10,11:20:00,COLISIÓN POR CORTE DE CIRCULACIÓN,ASFALTO,Bueno,Bueno,2,NISSAN,ROJA,2,,71,MASCULINO,SIN DATOS,0,0,Morelia,Villas del Real,julio,domingo,11,-101.198819093406,19.7337345313896
41208,41214,2022,LEG44035,2022/07/10,11:21:00,COLISIÓN CON PEATÓN,ASFALTO,Bueno,Bueno,1,HONDA,NEGRO Y ROJO,2,,,FEMENINO,SIN DATOS,1,0,Morelia,Residencial Alborada,julio,domingo,11,-101.234590373933,19.7023524189369
41209,41215,2022,MOR220430397,2022/07/10,13:55:00,COLISIÓN POR CAMBIO DE CARRIL,ASFALTO,Bueno,Bueno,2,TOYOTA,BLANCO Y  ROJO,2,,34,MASCULINO,SIN DATOS,0,0,Morelia,Nueva Valladolid,julio,domingo,14,-101.211690343916,19.7019581741526
41210,41216,2022,,2022/07/10,14:12:00,COLISIÓN POR CORTE DE CIRCULACIÓN,ASFALTO,Bueno,Bueno,2,NISSAN,BLANCO,2,,60,MASCULINO,SIN DATOS,0,0,Morelia,Ignacio Zaragoza,julio,domingo,14,-101.203323863447,19.7252718686676
41211,41217,2022,LEG44021,2022/07/10,14:20:00,COLISIÓN POR CAMBIO DE CARRIL,ASFALTO,Bueno,Bueno,2,MAN,GUINDA Y GRIS,2,,59,MASCULINO,SIN DATOS,0,0,Morelia,Praderas del Indio,julio,domingo,14,-101.223494028547,19.6450845894654
41212,41218,2022,LEG44033,2022/07/10,17:11:00,COLISIÓN POR CAMBIO DE CARRIL,ASFALTO,Bueno,Bueno,2,MERCEDES BENZ,BLANCO Y AZUL,2,,55,MASCULINO,SIN DATOS,0,0,Morelia,Rinconada del Valle,julio,domingo,17,-101.218158826232,19.6798290369496