fid,id_accidente,anio_origen,folio_c5i,dia_incidente,hora_ocurrencia,tipo_incidente_vial,superficie_ocurrencia,condiciones_climaticas,condiciones_via,numero_vehiculos_involucrados,marca_vehiculo_ocasiona_siniestro,color_vehiculo_ocasiona_siniestro,numero_personas_involucradas,lugar_remite_presunto_responsable,edad_presunto_responsable,sexo_presunto_responsable,resultados_toxicologia,numero_personas_lesionadas,numero_personas_fallecidas,municipio,colonia,mes,dia_semana,hora_redondeada,lon,lat
41213,41219,2022,MOR220431053,2022/07/10,20:00:00,CAIDA DE MOTOCICLETA,CONCRETO,Bueno,Bueno,1,ITALIKA,NEGRA/ROJA,0,,,,,0,0,Morelia,La Colina,julio,domingo,20,-101.215871572495,19.7109248721209
41214,41220,2022,MOR220431295,2022/07/10,21:15:00,SUBIDA AL CAMELLÓN,ASFALTO,Bueno,Bueno,1,MAZDA,BLANCO,1,,0,MASCULINO,ALIENTO ETÍLICO,0,0,Morelia,Los Manantiales de Morelia,julio,domingo,21,-101.242788545787,19.6992192666383
41215,41221,2022,MOR220431225,2022/07/10,21:26:00,COLISIÓN POR ALCANCE,CONCRETO,Bueno,Bueno,2,NISSA,PLATA,2,,26,FEMENINO,SIN DATOS,0,0,Morelia,Loma de Los Piñones,julio,domingo,21,-101.205067634583,19.6740201920958
41216,41222,2022,MOR220431271,2022/07/10,21:40:00,COLISIÓN CONTRA OBJETO FIJO,ASFALTO,Lluvioso,Regular,1,CHEVROLET,ROJO,1,MINISTERIO PÚBLICO,57,MASCULINO,SIN DATOS,0,0,Morelia,Tenencia Morelos,julio,domingo,22,-101.246065534651,19.6510450951699
41217,41223,2022,LEG44028,2022/07/10,21:50:00,COLISIÓN POR CAMBIO DE CARRIL,ASFALTO,Bueno,Bueno,2,TOYOTA,BLANCO ROSA,2,,37,MASCULINO,SIN DATOS,0,0,Morelia,Ignacio Zaragoza,julio,domingo,22,-101.207751855254,19.7258260660768
41218,41224,2022,,2022/07/11,"00:01:00",COLISIÓN POR NO RESPETAR SEMÁFORO,ASFALTO,Bueno,Bueno,2,FORD,VERDE,2,,53,MASCULINO,ALIENTO ETÍLICO,0,0,Morelia,Bosques de Oriente,julio,lunes,0,-101.156820394099,19.7147073497939
41219,41225,2022,,2022/07/11,"00:30:00",SUBIDA AL CAMELLÓN,CONCRETO,Bueno,Bueno,1,VOLSKWAGEN,GRIS,1,,26,MASCULINO,CON CERTIFICADO,0,0,Morelia,La Quemada,julio,lunes,1,-101.240926422179,19.7057752687705
41220,41226,2022,,2022/07/11,"01:44:00",VOLCADURA,ASFALTO,Bueno,Bueno,1,VOLKSWAGEN,ROJO,1,,44,FEMENINO,SIN DATOS,0,0,Morelia,Sin datos,julio,lunes,2,-101.279999502003,19.6700545874452
41221,41227,2022,,2022/07/11,"07:15:00",COLISIÓN POR CAMBIO DE CARRIL,ASFALTO,Bueno,Bueno,3,VOLKSWAGEN,GRIS,5,MINISTERIO PÚBLICO,,,SIN DATOS,2,0,Tacámbaro,Sin datos,julio,lunes,7,-101.468353271484,19.2769070732439
41223,41229,2022,,2022/07/11,"08:20:00",COLISIÓN POR CORTE DE CIRCULACIÓN,CONCRETO,Bueno,Bueno,2,STERLING,NEGRO,2,,,,SIN DATOS,0,0,Morelia,Villas del Pedregal,julio,lunes,8,-101.301596313715,19.6753069956684
41224,41230,2022,,2022/07/11,12:10:00,COLISIÓN POR CAMBIO DE CARRIL,ASFALTO,Bueno,Bueno,2,FORD,BLANCO,1,,,FEMENINO,SIN DATOS,0,0,Morelia,Del Empleado,julio,lunes,12,-101.18002517,19.6886070099991
41225,41231,2022,,2022/07/11,15:45:00,COLISIÓN POR CAMBIO DE CARRIL,ASFALTO,Bueno,Bueno,2,FORD,BLANCO,2,,27,MASCULINO,SIN DATOS,0,0,Morelia,Jardines de Torremolinos,julio,lunes,16,-101.227406747639,19.6769129600175
41226,41232,2022,,2022/07/11,16:10:00,COLISIÓN POR CAMBIO DE CARRIL,ASFALTO,Bueno,Bueno,2,KENWORTH,AZUL,2,,44,MASCULINO,SIN DATOS,0,0,Morelia,Morelia 450,julio,lunes,16,-101.217530854046,19.6757388744336
41227,41233,2022,,2022/07/11,16:16:00,COLISIÓN POR ALCANCE,ASFALTO,Bueno,Bueno,2,JEEP,NEGRO,2,,52,MASCULINO,SIN DATOS,0,0,Morelia,Lazaro Cardenas,julio,lunes,16,-101.163168512285,19.7090285495781
41228,41234,2022,,2022/07/11,17:00:00,COLISIÓN POR ALCANCE,CONCRETO,Bueno,Bueno,2,VOLKSWAGEN,NEGRO,2,,40,MASCULINO,SIN DATOS,0,0,Morelia,Vasco de Quiroga,julio,lunes,17,-101.17591638118,19.6981267839382
41229,41235,2022,LEG44043,2022/07/11,18:40:00,COLISIÓN POR ALCANCE,ASFALTO,Bueno,Bueno,2,MERCEDES BENZ,BLANCO Y ROJO,2,,,MASCULINO,SIN DATOS,0,0,Morelia,La Colina,julio,lunes,19,-101.216169632971,19.7038179656902
41230,41236,2022,,2022/07/12,"03:50:00",COLISIÓN CONTRA OBJETO FIJO,CONCRETO,Bueno,Bueno,2,KIA,GRIS,1,,50,FEMENINO,SIN DATOS,0,0,Morelia,Rey Tariacuri (Eucaliptos),julio,martes,4,-101.200436130166,19.6778319545889
41231,41237,2022,,2022/07/12,"05:00:00",CAIDA DE MOTOCICLETA,ASFALTO,Bueno,Bueno,1,ITALIKA,NEGRO,1,MINISTERIO PÚBLICO,,,SIN DATOS,0,0,Tacámbaro,Sin datos,julio,martes,5,-101.496857441962,19.2249245553631
41232,41238,2022,,2022/07/12,"07:16:00",COLISIÓN CONTRA OBJETO FIJO,ASFALTO,Bueno,Bueno,2,VOLKSWAGEN,NEGRO,2,,30,MASCULINO,SIN DATOS,0,0,Morelia,Lomas del Valle,julio,martes,7,-101.230037015,19.6880963799991
41233,41239,2022,MOR220434432,2022/07/12,10:20:00,COLISIÓN POR CORTE DE CIRCULACIÓN,CONCRETO,Bueno,Bueno,2,VOLKSWAGEN,BLANCO,2,,22,MASCULINO,SIN DATOS,0,0,Morelia,Prados Verdes,julio,martes,10,-101.199782310949,19.7166640281338
41234,41240,2022,,2022/07/12,13:10:00,COLISIÓN CONTRA OBJETO FIJO,ASFALTO,Bueno,Bueno,2,KENWORTH,AZUL CON BLANCO,2,,55,MASCULINO,SIN DATOS,0,0,Morelia,Montaña Monarca,julio,martes,13,-101.16352595764,19.6720035775964
41236,41242,2022,,2022/07/12,15:14:00,COLISIÓN POR CAMBIO DE CARRIL,ASFALTO,Bueno,Bueno,2,RENAULT,BLANCO,2,,58,FEMENINO,SIN DATOS,0,0,Morelia,Tzindurio de Morelos,julio,martes,15,-101.245044000887,19.6974820969065
41237,41243,2022,,2022/07/12,16:37:00,COLISIÓN POR MANIOBRA DE REVERSA,ASFALTO,Bueno,Bueno,2,JEEP,BLANCO,2,,39,MASCULINO,SIN DATOS,0,0,Morelia,Montaña Monarca,julio,martes,17,-101.165131339569,19.6698293896465
41239,41245,2022,,2022/07/12,18:50:00,COLISIÓN CON PEATÓN,ASFALTO,Bueno,Bueno,1,CHEVROLET,GUINDA,1,MINISTERIO PÚBLICO,,,,1,0,Los Reyes,Jardin,julio,martes,19,-102.472667209804,19.5944705850723
41240,41246,2022,,2022/07/12,19:17:00,COLISIÓN CONTRA OBJETO FIJO,ASFALTO,Bueno,Bueno,2,FREIGHTLINER,BLANCO,2,,20,MASCULINO,SIN DATOS,0,0,Morelia,Ejido La Huerta,julio,martes,19,-101.209463948888,19.6677309168321
41241,41247,2022,,2022/07/12,23:50:00,COLISIÓN CONTRA OBJETO FIJO,ASFALTO,Nublado,Regular,2,IZUZU,BLANCO,2,,26,MASCULINO,SIN DATOS,0,0,Morelia,Loma Real,julio,martes,0,-101.196364711501,19.7288932323917
41242,41248,2022,LEG44079,2022/07/13,11:47:00,COLISIÓN POR ALCANCE,ASFALTO,Bueno,Regular,2,HONDA,BLANCO,2,,25,MASCULINO,SIN DATOS,0,0,Morelia,Aquiles Serdan,julio,miércoles,12,-101.168634865,19.7217552149991
41243,41249,2022,,2022/07/13,15:00:00,COLISIÓN POR CORTE DE CIRCULACIÓN,ASFALTO,Bueno,Bueno,2,SEAT,NEGRO,3,MINISTERIO PÚBLICO,69,MASCULINO,SIN DATOS,1,0,Pátzcuaro,Erendira 1,julio,miércoles,15,-101.61504579708,19.5047023797962
41244,41250,2022,LEG44081,2022/07/13,15:15:00,COLISIÓN POR ALCANCE,ASFALTO,Bueno,Bueno,2,YAMAHA,BLANCO,3,MINISTERIO PÚBLICO,,MASCULINO,SIN DATOS,1,0,Morelia,Centro,julio,miércoles,15,-101.18754847,19.7028479949991
41245,41251,2022,,2022/07/13,16:00:00,VOLCADURA,CONCRETO,Bueno,Bueno,1,VOLKSWAGEN,BLANCO,0,MINISTERIO PÚBLICO,,,,0,0,Lázaro Cárdenas,Sin datos,julio,miércoles,16,-102.233790010214,17.9383426720222
41246,41252,2022,,2022/07/13,16:35:00,COLISIÓN POR ALCANCE,ASFALTO,Bueno,Bueno,2,HONDA,ACERO,3,MINISTERIO PÚBLICO,69,FEMENINO,SIN DATOS,1,0,Pátzcuaro,Centro,julio,miércoles,17,-101.607345677912,19.5215984250989
41247,41253,2022,,2022/07/13,19:10:00,COLISIÓN POR ALCANCE,ASFALTO,Bueno,Regular,2,TOYOTA,BLANCO Y NARANJA,2,MINISTERIO PÚBLICO,36,MASCULINO,SIN DATOS,0,0,Morelia,Ciudad Industrial,julio,miércoles,19,-101.135514420663,19.7322637530475
41249,41255,2022,,2022/07/13,21:00:00,SALIDA DE SUPERFICIE DE RODAMIENTO,ASFALTO,Bueno,Bueno,1,VOLKSWAGEN,GRIS,1,,37,MASCULINO,SIN DATOS,0,0,Morelia,Bosques Tres Marias,julio,miércoles,21,-101.102,19.7232
41250,41256,2022,,2022/07/13,22:50:00,COLISIÓN POR NO RESPETAR SEMÁFORO,ASFALTO,Nublado,Bueno,2,ITALIKA,NEGRO,2,MINISTERIO PÚBLICO,31,MASCULINO,SIN DATOS,0,0,Morelia,Santillan La Huerta,julio,miércoles,23,-101.219553885717,19.6760966650679
41251,41257,2022,,2022/07/14,"00:00:00",COLISIÓN POR CAMBIO DE CARRIL,ASFALTO,Bueno,Bueno,2,CHEVROLET,BLANCO,2,MINISTERIO PÚBLICO,28,MASCULINO,SIN DATOS,0,0,Morelia,Dr Miguel Silva,julio,jueves,0,-101.185227946917,19.717204814836
41253,41259,2022,,2022/07/14,11:12:00,COLISIÓN POR ALCANCE,ASFALTO,Bueno,Bueno,2,ITALIKA,ROJO/NEGRO,2,,24,MASCULINO,SIN DATOS,0,0,Morelia,Los Manantiales de Morelia,julio,jueves,11,-101.241542324424,19.6957157830143
41254,41260,2022,,2022/07/14,11:40:00,COLISIÓN POR ALCANCE,CONCRETO,Bueno,Bueno,2,HONDA,BLANCO,2,MINISTERIO PÚBLICO,57,MASCULINO,SIN DATOS,0,0,Pátzcuaro,Centro,julio,jueves,12,-101.609076708555,19.5167401223123
41255,41261,2022,,2022/07/14,12:34:00,COLISIÓN CONTRA OBJETO FIJO,ASFALTO,Bueno,Bueno,2,DINA,VERDE,2,,40,MASCULINO,SIN DATOS,0,0,Morelia,Libertad,julio,jueves,13,-101.235485247231,19.6875403386505
41256,41262,2022,,2022/07/14,13:10:00,COLISIÓN CONTRA OBJETO FIJO,CONCRETO,Bueno,Bueno,1,CHEVROLET,PLATA,1,,,,SIN DATOS,0,0,Tocumbo,Centro(Santa Clara),julio,jueves,13,-102.491424232721,19.6364274587641
41257,41263,2022,,2022/07/14,15:50:00,COLISIÓN POR ALCANCE,ASFALTO,Bueno,Bueno,2,NISSAN,ROJO,2,,39,FEMENINO,SIN DATOS,0,0,Morelia,Justo Mendoza,julio,jueves,16,-101.231140717864,19.7144908318741
41258,41264,2022,MOR220439779,2022/07/14,17:50:00,COLISIÓN CONTRA OBJETO FIJO,CONCRETO,Bueno,Bueno,1,FORD,BLANCO,1,MINISTERIO PÚBLICO,23,MASCULINO,SIN DATOS,0,0,Morelia,Buenos Aires (Lomas de La Aldea),julio,jueves,18,-101.139956004918,19.7374442017294
41259,41265,2022,MOR 220439931,2022/07/14,18:10:00,COLISIÓN POR CORTE DE CIRCULACIÓN,ASFALTO,Nublado,Regular,3,CHEVROLET,BLANCO,3,,50,FEMENINO,SIN DATOS,0,0,Morelia,Las Americas,julio,jueves,18,-101.152689792216,19.6889687015894
41260,41266,2022,,2022/07/14,18:39:00,CAIDA DE MOTOCICLETA,ASFALTO,Bueno,Bueno,1,HONDA,BLANCO,1,,19,MASCULINO,SIN DATOS,0,0,Morelia,Tierra Y Libertad,julio,jueves,19,-101.230064146221,19.7160484287446
41261,41267,2022,,2022/07/14,19:30:00,COLISIÓN POR NO RESPETAR SEMÁFORO,ASFALTO,Bueno,Bueno,2,HONDA,GRIS,2,MINISTERIO PÚBLICO,28,MASCULINO,SIN DATOS,0,0,Morelia,Camelinas,julio,jueves,20,-101.17262119,19.6818144849991
41262,41268,2022,MOR 220440373,2022/07/14,21:00:00,COLISIÓN POR MANIOBRA DE REVERSA,ASFALTO,Bueno,Regular,3,KENWORTH,BLANCO,3,,26,MASCULINO,SIN DATOS,0,0,Morelia,Tlalpujahua,julio,jueves,21,-101.218349263072,19.6773808239379
41263,41269,2022,LEG44095,2022/07/14,21:03:00,COLISIÓN POR CORTE DE CIRCULACIÓN,ASFALTO,Lluvioso,Malo,2,ITALIKA,NEGRA,2,,36,MASCULINO,SIN DATOS,0,0,Morelia,Centro,julio,jueves,21,-101.185560598969,19.7029174277827
41264,41270,2022,,2022/07/14,21:15:00,COLISIÓN CONTRA OBJETO FIJO,TERRACERIA,Lluvioso,Regular,2,NISSAN,BLANCO Y ROJO,2,,58,MASCULINO,SIN DATOS,0,0,Morelia,Tenencia Morelos,julio,jueves,21,-101.248026899993,19.6479826159136
41265,41271,2022,,2022/07/14,21:40:00,VOLCADURA,ASFALTO,Lluvioso,Malo,1,CHEVROLET,GUINDA,1,,52,MASCULINO,SIN DATOS,0,0,Morelia,El Realito,julio,jueves,22,-101.205202750862,19.725833324914
41266,41272,2022,,2022/07/14,23:08:00,COLISIÓN CONTRA OBJETO FIJO,ASFALTO,Lluvioso,Bueno,1,NISSAN,NEGRO,1,,33,MASCULINO,SIN DATOS,0,0,Morelia,Tierra Y Libertad,julio,jueves,23,-101.224390268326,19.7185405521743
41267,41273,2022,MOR220440845,2022/07/15,"02:30:00",COLISIÓN CONTRA OBJETO FIJO,ASFALTO,Bueno,Bueno,2,DODGE,GIS,1,,48,FEMENINO,SIN DATOS,0,0,Morelia,Obrera,julio,viernes,3,-101.181566119194,19.7107370715407
41268,41274,2022,,2022/07/15,"07:35:00",COLISIÓN POR CORTE DE CIRCULACIÓN,CONCRETO,Bueno,Bueno,2,ITALIKA,NEGRO,2,,26,MASCULINO,SIN DATOS,0,0,Morelia,Irrigacion,julio,viernes,8,-101.224991753697,19.7046048669043
41269,41275,2022,,2022/07/15,"08:00:00",COLISIÓN POR CORTE DE CIRCULACIÓN,CONCRETO,Bueno,Bueno,1,ITALIKA,GRIS,0,MINISTERIO PÚBLICO,,,,0,0,Pátzcuaro,Vasco de Quiroga (La Loma),julio,viernes,8,-101.604474708438,19.5234745238823
41270,41276,2022,,2022/07/15,11:35:00,COLISIÓN POR CAMBIO DE CARRIL,CONCRETO,Bueno,Bueno,2,VOLKSWAGEN,SAGE,2,,23,FEMENINO,SIN DATOS,0,0,Morelia,Ferrocarrilero,julio,viernes,12,-101.220480948687,19.6945184761817
41271,41277,2022,MOR220441521,2022/07/15,11:50:00,COLISIÓN POR ALCANCE,ASFALTO,Bueno,Bueno,3,SEAT,ROJO,3,MINISTERIO PÚBLICO,28,FEMENINO,SIN DATOS,0,0,Morelia,Primo Tapia Oriente,julio,viernes,12,-101.161739230156,19.7121135342075
41272,41278,2022,,2022/07/15,12:20:00,COLISIÓN POR CORTE DE CIRCULACIÓN,CONCRETO,Bueno,Bueno,2,FORD,GRIS,2,,23,FEMENINO,SIN DATOS,0,0,Morelia,Tres Puentes,julio,viernes,12,-101.21371474117,19.7026589128098
41273,41279,2022,,2022/07/15,12:35:00,COLISIÓN POR CAMBIO DE CARRIL,ASFALTO,Bueno,Bueno,2,TOYOTA,GRIS,2,,59,MASCULINO,SIN DATOS,0,0,Morelia,Nueva Valladolid,julio,viernes,13,-101.207344830036,19.7021696586653
41274,41280,2022,,2022/07/15,13:00:00,COLISIÓN POR CAMBIO DE CARRIL,ASFALTO,Nublado,Regular,2,MERCEDES BENZ,NEGRO,2,,36,MASCULINO,SIN DATOS,0,0,Morelia,Camelinas,julio,viernes,13,-101.1711172387,19.6818756574905
41275,41281,2022,MOR220439316,2022/07/15,14:20:00,COLISIÓN POR CORTE DE CIRCULACIÓN,ASFALTO,Bueno,Bueno,2,FORD,BLANCO/ROJO,2,,63,MASCULINO,SIN DATOS,0,0,Morelia,Chapultepec Oriente,julio,viernes,14,-101.159327588975,19.6899567592625
41276,41282,2022,,2022/07/15,14:30:00,COLISIÓN POR ALCANCE,ASFALTO,Bueno,Bueno,3,FORD,BLANCO,3,,28,FEMENINO,SIN DATOS,0,0,Morelia,Alberto Oviedo Mota,julio,viernes,15,-101.202171184123,19.6774581697311
41277,41283,2022,,2022/07/15,14:30:00,COLISIÓN CON PEATÓN,ASFALTO,Bueno,Bueno,2,MAZDA,NEGRO,2,MINISTERIO PÚBLICO,39,FEMENINO,SIN DATOS,0,0,Pátzcuaro,Centro,julio,viernes,15,-101.610002741218,19.5294976744257
41278,41284,2022,,2022/07/15,16:00:00,COLISIÓN POR CAMBIO DE CARRIL,ASFALTO,Lluvioso,Malo,2,KENWORTH,BLANCO,2,,58,MASCULINO,SIN DATOS,0,0,Morelia,Real Punhuato,julio,viernes,16,-101.149752773345,19.6967246325438
41279,41285,2022,,2022/07/15,17:50:00,COLISIÓN POR INVASIÓN DE CARRIL,ASFALTO,Bueno,Regular,2,CHEVROLET,PLATA,1,MINISTERIO PÚBLICO,,FEMENINO,SIN DATOS,0,0,Hidalgo,Corros,julio,viernes,18,-100.555387660861,19.7072136392708
41280,41286,2022,,2022/07/15,23:20:00,SUBIDA AL CAMELLÓN,ASFALTO,Lluvioso,Bueno,1,CHEVROLET,BLANCO,1,,35,MASCULINO,SIN DATOS,0,0,Morelia,Lindavista,julio,viernes,23,-101.216175667942,19.70388551372
41281,41287,2022,,2022/07/16,"02:05:00",COLISIÓN CONTRA OBJETO FIJO,ASFALTO,Lluvioso,Bueno,1,CHEVROLET,GRIS,1,,41,MASCULINO,SIN DATOS,0,0,Morelia,Campestre Los Manantiales,julio,sábado,2,-101.238160394132,19.6877659777913
41282,41288,2022,,2022/07/16,"09:45:00",SALIDA DE SUPERFICIE DE RODAMIENTO,ASFALTO,Bueno,Bueno,1,VOLKSWAGEN,BLANCO,1,,,,SIN DATOS,0,0,Morelia,Tinijaro,julio,sábado,10,-101.264481917024,19.696214842353
41283,41289,2022,,2022/07/16,11:45:00,COLISIÓN POR CAMBIO DE CARRIL,TERRACERIA,Bueno,Regular,0,,,0,,,,,0,0,Morelia,Morelos,julio,sábado,12,-101.185368150473,19.7240236550487
41284,41290,2022,,2022/07/16,11:50:00,COLISIÓN POR CAMBIO DE CARRIL,TERRACERIA,Nublado,Regular,2,FORD,ROJO,2,,43,FEMENINO,SIN DATOS,0,0,Morelia,Morelos,julio,sábado,12,-101.18536747992,19.7240233394435
41285,41291,2022,,2022/07/16,11:50:00,COLISIÓN POR INVASIÓN DE CARRIL,ASFALTO,Bueno,Bueno,2,VOLKSWAGEN,BLANCO,2,MINISTERIO PÚBLICO,,,SIN DATOS,0,0,Salvador Escalante,Sin datos,julio,sábado,12,-101.570866629481,19.4072680166565
41286,41292,2022,,2022/07/16,12:44:00,COLISIÓN POR ALCANCE,ASFALTO,Bueno,Bueno,2,NISSAN,BLANCO,2,,22,MASCULINO,SIN DATOS,0,0,Morelia,Tzindurio Norte,julio,sábado,13,-101.244694590569,19.7036711906672
41287,41293,2022,,2022/07/16,13:30:00,COLISIÓN POR INVASIÓN DE CARRIL,ASFALTO,Bueno,Bueno,1,NISSAN,BLANCO,1,MINISTERIO PÚBLICO,49,MASCULINO,SIN DATOS,0,0,Tacámbaro,Sin datos,julio,sábado,14,-101.486395820975,19.2251192512445
41288,41294,2022,,2022/07/16,14:07:00,COLISIÓN POR ALCANCE,ASFALTO,Bueno,Bueno,2,FORD,NEGRO,2,,39,MASCULINO,SIN DATOS,0,0,Morelia,Felipe Carrillo Puerto,julio,sábado,14,-101.179061941803,19.7304388327995
41289,41295,2022,,2022/07/16,16:00:00,COLISIÓN POR CORTE DE CIRCULACIÓN,ASFALTO,Bueno,Bueno,2,NISSAN,GRIS,0,MINISTERIO PÚBLICO,,,,0,0,Lázaro Cárdenas,1Er Sect de Fidelac,julio,sábado,16,-102.190767712891,17.9594137320939
41290,41296,2022,,2022/07/16,16:00:00,COLISIÓN POR INVASIÓN DE CARRIL,ASFALTO,Nublado,Regular,2,ITALIKA,BLANCO/NEGRO,2,MINISTERIO PÚBLICO,28,MASCULINO,SIN DATOS,0,0,Morelia,Ciudad Industrial,julio,sábado,16,-101.142933927476,19.7252728154757
41291,41297,2022,,2022/07/16,17:10:00,CAIDA DE MOTOCICLETA,ASFALTO,Bueno,Bueno,1,ITALIKA,NEGRO,1,MINISTERIO PÚBLICO,,,,1,0,Morelia,Club de Golf Tres Marias,julio,sábado,17,-101.11569609493,19.7034937978791
41292,41298,2022,MOR220445082,2022/07/16,17:55:00,COLISIÓN POR CAMBIO DE CARRIL,CONCRETO,Bueno,Bueno,2,TOYOTA,BLANCO/GRIS,2,,22,MASCULINO,SIN DATOS,0,0,Morelia,Nueva Valladolid,julio,sábado,18,-101.208861619234,19.7020771736814
41293,41299,2022,,2022/07/16,19:01:00,COLISIÓN POR ALCANCE,ASFALTO,Bueno,Bueno,2,VOLKSWAGEN,BLANCO,2,,37,MASCULINO,SIN DATOS,0,0,Morelia,Comision Federal de Electricidad,julio,sábado,19,-101.178440339863,19.6815609159127
41294,41300,2022,,2022/07/16,21:27:00,COLISIÓN POR CORTE DE CIRCULACIÓN,ASFALTO,Bueno,Bueno,2,VOLKSWAGEN,BLANCO,2,,25,MASCULINO,SIN DATOS,0,0,Morelia,Leandro Valle,julio,sábado,21,-101.230924129486,19.725759158519
41295,41301,2022,LEG44120,2022/07/16,21:50:00,COLISIÓN CON PEATÓN,CONCRETO,Bueno,Bueno,1,ITALIKA,ROJA/NEGRO,2,MINISTERIO PÚBLICO,29,MASCULINO,SIN DATOS,1,0,Morelia,Ventura Puente,julio,sábado,22,-101.187995709479,19.692276618952
41296,41302,2022,,2022/07/17,"00:00:00",COLISIÓN POR CAMBIO DE CARRIL,ASFALTO,Bueno,Bueno,2,DODGE,BLANCO,2,,72,MASCULINO,SIN DATOS,0,0,Morelia,Lomas de San Juan,julio,domingo,0,-101.183039681886,19.7298664251429
41297,41303,2022,,2022/07/17,"00:52:00",COLISIÓN POR ALCANCE,ASFALTO,Lluvioso,Regular,2,HONDA,CAFÉ,2,,28,MASCULINO,SIN DATOS,0,0,Morelia,Nueva Valladolid,julio,domingo,1,-101.207354553044,19.7021548231936
41298,41304,2022,MOR220445937,2022/07/17,"02:08:00",VOLCADURA,CONCRETO,Lluvioso,Malo,1,DODGE,GRIS,1,,43,MASCULINO,ALIENTO ETÍLICO,0,0,Morelia,Sin datos,julio,domingo,2,-101.119874976575,19.6995847937125
41299,41305,2022,MOR 2020,2022/07/17,"05:00:00",COLISIÓN POR ALCANCE,TERRACERIA,Lluvioso,Regular,2,FORD,PLATA,2,,26,MASCULINO,SIN DATOS,0,0,Morelia,Tlalpujahua,julio,domingo,5,-101.218536011875,19.678492705587
41300,41306,2022,,2022/07/17,"05:25:00",SALIDA DE SUPERFICIE DE RODAMIENTO,ASFALTO,Lluvioso,Bueno,1,FORD,GRIS,1,,31,MASCULINO,SIN DATOS,0,0,Morelia,Jose Ma Pino Suarez,julio,domingo,5,-101.16461019963,19.7271130843083
41301,41307,2022,,2022/07/17,"07:09:00",VOLCADURA,ASFALTO,Lluvioso,Bueno,3,NISSAN,PLATA,3,,24,MASCULINO,SIN DATOS,0,0,Morelia,Morelos,julio,domingo,7,-101.210430376232,19.695634026782
41302,41308,2022,,2022/07/17,10:50:00,SALIDA DE SUPERFICIE DE RODAMIENTO,ASFALTO,Bueno,Regular,1,CHEVROLET,AMARILLO,3,MINISTERIO PÚBLICO,,,,3,0,Hidalgo,Sin Nombre,julio,domingo,11,-100.555718243122,19.7071669247858
41303,41309,2022,,2022/07/17,12:00:00,COLISIÓN POR CAMBIO DE CARRIL,ASFALTO,Bueno,Bueno,2,VOLKSWAGEN,GRIS,1,MINISTERIO PÚBLICO,,,,1,0,Morelia,Praderas del Indio,julio,domingo,12,-101.223494028547,19.6450845894654
41304,41310,2022,,2022/07/17,16:20:00,SALIDA DE SUPERFICIE DE RODAMIENTO,ASFALTO,Bueno,Bueno,1,VOLKSWAGEN,GRIS,1,,25,MASCULINO,SIN DATOS,0,0,Morelia,Sin datos,julio,domingo,16,-101.347496292429,19.5497852349665
41305,41311,2022,,2022/07/17,17:50:00,COLISIÓN POR ALCANCE,ASFALTO,Bueno,Bueno,2,ITALIKA,GRIS,2,,20,MASCULINO,SIN DATOS,0,0,Morelia,Mariano Michelena,julio,domingo,18,-101.231337504797,19.6758071810468
41307,41313,2022,,2022/07/17,21:15:00,COLISIÓN POR CORTE DE CIRCULACIÓN,ASFALTO,Lluvioso,Regular,2,CHEVROLET,ARENA,2,,55,MASCULINO,SIN DATOS,0,0,Morelia,Sin datos,julio,domingo,21,-101.271984916253,19.6449319515432
41308,41314,2022,,2022/07/17,21:50:00,SUBIDA AL CAMELLÓN,ASFALTO,Lluvioso,Bueno,1,Chevrolet,Gris,1,,52,,SIN DATOS,0,0,Morelia,Jardines del Quinceo,julio,domingo,22,-101.208668164909,19.725939367019
41309,41315,2022,,2022/07/18,"00:00:00",COLISIÓN POR CORTE DE CIRCULACIÓN,ASFALTO,Bueno,Bueno,2,NISSAN,AZUL,0,MINISTERIO PÚBLICO,,,,0,0,Lázaro Cárdenas,Jose Green,julio,lunes,0,-102.202639169991,17.9659279586022
41311,41317,2022,MOR220449508,2022/07/18,16:06:00,COLISIÓN POR ALCANCE,CONCRETO,Bueno,Bueno,2,NISSAN,BLANCO Y ROJO,2,,47,MASCULINO,SIN DATOS,0,0,Morelia,Jardines de Sindurio,julio,lunes,16,-101.25724950047,19.6993034103532
41312,41318,2022,LEG44147,2022/07/18,16:20:00,COLISIÓN POR CORTE DE CIRCULACIÓN,CONCRETO,Bueno,Bueno,2,HONDA,GRIS,2,,30,FEMENINO,SIN DATOS,0,0,Morelia,Carmen Serdan,julio,lunes,16,-101.22083326,19.7139316999992
41314,41320,2022,,2022/07/18,17:38:00,COLISIÓN POR CORTE DE CIRCULACIÓN,ASFALTO,Bueno,Bueno,2,NISSAN,BLANCO,2,,51,MASCULINO,SIN DATOS,0,0,Morelia,Centro,julio,lunes,18,-101.18754847,19.7028479949991
41315,41321,2022,,2022/07/18,18:42:00,COLISIÓN POR CORTE DE CIRCULACIÓN,CONCRETO,Bueno,Bueno,2,NISSAN,BLANCO,2,,38,MASCULINO,SIN DATOS,0,0,Morelia,Elias Perez Avalos,julio,lunes,19,-101.16517847,19.7114980999992
41316,41322,2022,,2022/07/18,19:18:00,COLISIÓN POR INVASIÓN DE CARRIL,ADOQUIN_EMPEDRADO,Nublado,Malo,2,NISSAN,BLANCO,0,MINISTERIO PÚBLICO,,,,0,0,Morelia,Sin datos,julio,lunes,19,-101.294367,19.558246
41317,41323,2022,,2022/07/18,22:00:00,COLISIÓN POR ALCANCE,ASFALTO,Lluvioso,Bueno,3,S/D,S/D,4,MINISTERIO PÚBLICO,25,MASCULINO,SIN DATOS,2,0,Morelia,Cuauhtemoc,julio,lunes,22,-101.17854569,19.6974281599991