fid,id_accidente,anio_origen,folio_c5i,dia_incidente,hora_ocurrencia,tipo_incidente_vial,superficie_ocurrencia,condiciones_climaticas,condiciones_via,numero_vehiculos_involucrados,marca_vehiculo_ocasiona_siniestro,color_vehiculo_ocasiona_siniestro,numero_personas_involucradas,lugar_remite_presunto_responsable,edad_presunto_responsable,sexo_presunto_responsable,resultados_toxicologia,numero_personas_lesionadas,numero_personas_fallecidas,municipio,colonia,mes,dia_semana,hora_redondeada,lon,lat
41318,41324,2022,,2022/07/18,23:00:00,SALIDA DE SUPERFICIE DE RODAMIENTO,CONCRETO,Bueno,Bueno,1,FORD,AZUL,1,,57,MASCULINO,SIN DATOS,0,0,Morelia,Tenencia Morelos,julio,lunes,23,-101.243929623155,19.6466055443724
41320,41326,2022,,2022/07/19,10:12:00,COLISIÓN POR CORTE DE CIRCULACIÓN,ASFALTO,Bueno,Bueno,2,ITALIKA,NEGRO,2,,45,MASCULINO,SIN DATOS,0,0,Morelia,Centro,julio,martes,10,-101.18754847,19.7028479949991
41322,41328,2022,,2022/07/19,10:40:00,COLISIÓN CONTRA OBJETO FIJO,ASFALTO,Bueno,Bueno,1,VOLKSWAGEN,VERDE,1,,20,MASCULINO,SIN DATOS,0,0,Morelia,Ana Maria Gallaga (Riviera Norte),julio,martes,11,-101.22460476,19.6777109999991
41323,41329,2022,,2022/07/19,11:00:00,COLISIÓN POR CAMBIO DE CARRIL,ASFALTO,Bueno,Bueno,2,NISSAN,BLANCO Y NARANJA,2,,30,MASCULINO,SIN DATOS,0,0,Morelia,Lomas de San Juan,julio,martes,11,-101.183039681886,19.7298664251429
41324,41330,2022,,2022/07/19,11:56:00,COLISIÓN POR ALCANCE,ASFALTO,Bueno,Bueno,2,FORD,BLANCO,2,,,MASCULINO,SIN DATOS,0,0,Morelia,Centro,julio,martes,12,-101.18754847,19.7028479949991
41325,41331,2022,,2022/07/19,14:00:00,COLISIÓN POR CORTE DE CIRCULACIÓN,ASFALTO,Bueno,Regular,2,RENAULT,BLANCO/VERDE,2,MINISTERIO PÚBLICO,61,MASCULINO,SIN DATOS,0,0,Morelia,Prados Verdes,julio,martes,14,-101.194705141708,19.7138933089827
41327,41333,2022,,2022/07/19,17:50:00,COLISIÓN POR CORTE DE CIRCULACIÓN,ASFALTO,Bueno,Bueno,2,VOLKSWAGEN,BLANCO Y VERDE,2,,,MASCULINO,SIN DATOS,0,0,Morelia,Rinconada del Valle,julio,martes,18,-101.22268244,19.6775416699992
41328,41334,2022,,2022/07/19,18:30:00,COLISIÓN POR NO RESPETAR SEMÁFORO,ASFALTO,Bueno,Bueno,2,MITSUBISHI,GRIS,2,,23,FEMENINO,SIN DATOS,0,0,Morelia,Centro,julio,martes,19,-101.18754847,19.7028479949991
41330,41336,2022,,2022/07/19,21:05:00,COLISIÓN POR ALCANCE,ASFALTO,Bueno,Bueno,3,HONDA,GRIS,3,,28,MASCULINO,SIN DATOS,0,0,Morelia,Union Popular Solidaria,julio,martes,21,-101.220220133013,19.7056458409566
41331,41337,2022,,2022/07/19,22:40:00,COLISIÓN CONTRA OBJETO FIJO,ASFALTO,Bueno,Bueno,2,ITALIKA,BLANCO,2,,15,MASCULINO,SIN DATOS,0,0,Morelia,Centro,julio,martes,23,-101.1943172,19.6964404699991
41332,41338,2022,,2022/07/20,"04:20:00",COLISIÓN CONTRA OBJETO FIJO,CONCRETO,Bueno,Bueno,1,MERCEDES BENZ,BLANCO Y  NARANJA,1,,46,MASCULINO,SIN DATOS,0,0,Morelia,Villas del Pedregal,julio,miércoles,4,-101.309266425669,19.6716337692097
41333,41339,2022,,2022/07/20,"07:24:00",COLISIÓN POR CORTE DE CIRCULACIÓN,ASFALTO,Nublado,Bueno,2,Mercedes Benz,Blanco/Azul/Verde,2,,41,MASCULINO,SIN DATOS,0,0,Morelia,Gertrudis Bocanegra,julio,miércoles,7,-101.213355995715,19.702452479308
41334,41340,2022,MOR 220453124,2022/07/20,"07:50:00",SUBIDA AL CAMELLÓN,ASFALTO,Bueno,Bueno,1,NISSAN,BLANCO,1,,76,MASCULINO,SIN DATOS,0,0,Morelia,Barrio Alto,julio,miércoles,8,-101.195611506701,19.7246251973929
41335,41341,2022,MOR220453106,2022/07/20,"08:20:00",COLISIÓN POR CAMBIO DE CARRIL,CONCRETO,Bueno,Bueno,2,MITSUBISHI,ROJO,2,,61,MASCULINO,SIN DATOS,0,0,Morelia,Alfonso Garcia Robles,julio,miércoles,8,-101.183189190924,19.7188331279466
41336,41342,2022,MOR 220453145,2022/07/20,"08:50:00",COLISIÓN POR ALCANCE,ASFALTO,Bueno,Bueno,2,VOLKSWAGEN,ROJO,2,MINISTERIO PÚBLICO,26,MASCULINO,SIN DATOS,0,0,Morelia,Hospitales de Don Vasco,julio,miércoles,9,-101.155477613211,19.7010541536217
41337,41343,2022,,2022/07/20,10:30:00,COLISIÓN POR CORTE DE CIRCULACIÓN,CONCRETO,Bueno,Bueno,2,BAJAJ,NEGRO,2,,20,MASCULINO,SIN DATOS,0,0,Morelia,Adolfo Lopez Mateos,julio,miércoles,11,-101.225406490266,19.6955570054285
41338,41344,2022,MOR/2103364625,2022/07/20,11:40:00,COLISIÓN POR CORTE DE CIRCULACIÓN,TERRACERIA,Bueno,Regular,1,KENWORTH,BLANCO,1,,37,MASCULINO,SIN DATOS,0,0,Morelia,Diego Rivera,julio,miércoles,12,-101.177714802325,19.7194886598528
41339,41345,2022,MOR 220045860,2022/07/20,14:00:00,COLISIÓN POR ALCANCE,ASFALTO,Bueno,Regular,2,NISSAN,BLANCO,2,,31,MASCULINO,SIN DATOS,0,0,Morelia,Lomas del Tecnologico,julio,miércoles,14,-101.193165332079,19.7233040736144
41340,41346,2022,,2022/07/20,15:41:00,COLISIÓN POR CAMBIO DE CARRIL,ASFALTO,Bueno,Bueno,2,FORD,GUINDA,2,,32,MASCULINO,SIN DATOS,0,0,Morelia,Sentimientos de La Nacion,julio,miércoles,16,-101.235391013324,19.680931746592
41341,41347,2022,LEG44173,2022/07/20,16:15:00,COLISIÓN POR CORTE DE CIRCULACIÓN,SIN_DATOS,Bueno,Bueno,2,HONDA,BLANCO,3,MINISTERIO PÚBLICO,20,MASCULINO,SIN DATOS,1,0,Morelia,Primo Tapia,julio,miércoles,16,-101.212353855371,19.7128306409968
41342,41348,2022,MOR/210336789,2022/07/20,21:00:00,COLISIÓN CONTRA OBJETO FIJO,CONCRETO,Bueno,Bueno,2,VOLKSWAGEN,ROJO,2,,43,MASCULINO,SIN DATOS,0,0,Morelia,Matamoros,julio,miércoles,21,-101.164088845253,19.6960532243188
41343,41349,2022,,2022/07/20,23:00:00,COLISIÓN CONTRA OBJETO FIJO,ASFALTO,Lluvioso,Regular,1,VOLKSWAGEN,AZUL,1,,56,MASCULINO,SIN DATOS,0,0,Morelia,Sin datos,julio,miércoles,23,-101.277978,19.618804
41344,41350,2022,,2022/07/20,23:50:00,COLISIÓN POR INVASIÓN DE CARRIL,ASFALTO,Bueno,Bueno,2,NISSAN,ROJO,6,MINISTERIO PÚBLICO,,MASCULINO,SIN DATOS,4,0,Morelia,Emiliano Zapata,julio,miércoles,0,-101.230180487037,19.6549862264011
41345,41351,2022,MOR220455349,2022/07/21,10:23:00,COLISIÓN POR ALCANCE,ASFALTO,Bueno,Bueno,2,CHEVROLET,PLATA,2,,33,MASCULINO,SIN DATOS,0,0,Morelia,Camelinas,julio,jueves,10,-101.17262119,19.6818144849991
41347,41353,2022,,2022/07/21,13:00:00,COLISIÓN POR MANIOBRA DE REVERSA,ASFALTO,Bueno,Bueno,2,VOLKSWAGEN,GRIS,2,,24,MASCULINO,SIN DATOS,0,0,Morelia,San Isidro Itzicuaro Norte,julio,jueves,13,-101.261314364056,19.7040797486052
41348,41354,2022,MOR220455745,2022/07/21,13:27:00,COLISIÓN POR CAMBIO DE CARRIL,ASFALTO,Bueno,Bueno,4,PONTIAC,ROJO,4,MINISTERIO PÚBLICO,33,MASCULINO,SIN DATOS,0,0,Charo,De Santiago,julio,jueves,13,-101.044372,19.745476
41349,41355,2022,,2022/07/21,14:59:00,COLISIÓN POR ALCANCE,ASFALTO,Bueno,Bueno,2,NISSAN,ROJO,2,,38,FEMENINO,SIN DATOS,0,0,Morelia,Plan de Ayala,julio,jueves,15,-101.180417122829,19.7060573619129
41350,41356,2022,,2022/07/21,16:15:00,COLISIÓN POR NO RESPETAR SEMÁFORO,ASFALTO,Bueno,Bueno,2,TOYOTA,BLANCO Y GRIS,2,,48,MASCULINO,SIN DATOS,0,0,Morelia,Gertrudis Sanchez,julio,jueves,16,-101.205776745,19.7441101549991
41351,41357,2022,,2022/07/21,19:50:00,COLISIÓN POR CORTE DE CIRCULACIÓN,ASFALTO,Bueno,Bueno,2,KAWASAKI,AZUL Y  NEGRO,2,,23,MASCULINO,SIN DATOS,0,0,Morelia,Felix Ireta,julio,jueves,20,-101.190105135,19.6853188699992
41352,41358,2022,,2022/07/22,"07:00:00",SUBIDA AL CAMELLÓN,CONCRETO,Nublado,Bueno,1,NISSAN,GRIS,1,,60,MASCULINO,SIN DATOS,0,0,Peribán,Sin datos,julio,viernes,7,-102.446164637804,19.5539886421346
41353,41359,2022,MOR220457307,2022/07/22,"08:00:00",COLISIÓN POR CORTE DE CIRCULACIÓN,ASFALTO,Bueno,Bueno,1,VELOCI,ROJO,2,,28,MASCULINO,SIN DATOS,1,0,Tarímbaro,Los Angeles,julio,viernes,8,-101.171669773757,19.7507456040949
41354,41360,2022,,2022/07/22,10:10:00,COLISIÓN POR ALCANCE,ASFALTO,Bueno,Bueno,2,CHEVROLET,AZUL,2,,48,MASCULINO,SIN DATOS,0,0,Morelia,Campestre Los Manantiales,julio,viernes,10,-101.239975243807,19.6920161927805
41355,41361,2022,MOR 220045631,2022/07/22,10:10:00,COLISIÓN POR CAMBIO DE CARRIL,ASFALTO,Bueno,Bueno,2,TOYOTA,GRIS,2,,36,MASCULINO,SIN DATOS,0,0,Morelia,La Floresta,julio,viernes,10,-101.15238301456,19.6845766640988
41356,41362,2022,,2022/07/22,10:14:00,COLISIÓN CONTRA OBJETO FIJO,ASFALTO,Bueno,Bueno,2,ISUZU,BLANCO,2,MINISTERIO PÚBLICO,29,MASCULINO,SIN DATOS,0,0,Morelia,Francisco J Mujica,julio,viernes,10,-101.185650452971,19.7240495346715
41357,41363,2022,MOR22045764,2022/07/22,10:55:00,COLISIÓN POR CORTE DE CIRCULACIÓN,ASFALTO,Bueno,Bueno,2,SCANIA,BLANCO,2,,30,MASCULINO,SIN DATOS,0,0,Morelia,Solidaridad,julio,viernes,11,-101.207403838634,19.7276821084363
41358,41364,2022,MOR 220457586,2022/07/22,11:00:00,COLISIÓN POR CORTE DE CIRCULACIÓN,ASFALTO,Bueno,Regular,2,DODGE,BLANCO,2,,24,MASCULINO,SIN DATOS,0,0,Morelia,Chapultepec Sur,julio,viernes,11,-101.17194134742,19.6918482571338
41359,41365,2022,,2022/07/22,17:05:00,COLISIÓN POR CORTE DE CIRCULACIÓN,ASFALTO,Bueno,Bueno,2,GMC,NEGRO,2,,26,MASCULINO,SIN DATOS,0,0,Morelia,Sin datos,julio,viernes,17,-101.107312180102,19.7369850341057
41360,41366,2022,,2022/07/22,17:55:00,CAIDA DE MOTOCICLETA,ASFALTO,Bueno,Bueno,1,ITALIKA,NEGRO/ROJO,1,,,,,1,0,Morelia,Hacienda del Valle,julio,viernes,18,-101.224605515599,19.6665526758578
41361,41367,2022,MOR 220045841,2022/07/22,18:30:00,COLISIÓN POR ALCANCE,ASFALTO,Bueno,Bueno,2,FORD,PISTACHE,2,MINISTERIO PÚBLICO,47,MASCULINO,SIN DATOS,0,0,Morelia,Josefa Ortiz de Dominguez,julio,viernes,19,-101.211375184357,19.7262019471666
41362,41368,2022,MOR 220458682,2022/07/22,19:00:00,COLISIÓN POR ALCANCE,ASFALTO,Bueno,Bueno,3,NISSAN,GRIS,3,,38,MASCULINO,SIN DATOS,0,0,Morelia,Rinconada del Valle,julio,viernes,19,-101.218563839793,19.6789807693139
41363,41369,2022,MOR220458624,2022/07/22,19:35:00,COLISIÓN POR ALCANCE,CONCRETO,Bueno,Bueno,1,RENAULT,GRIS,1,,29,MASCULINO,ALIENTO ETÍLICO,0,0,Morelia,Centro,julio,viernes,20,-101.18886642158,19.7028691338085
41364,41370,2022,,2022/07/22,20:00:00,COLISIÓN POR CORTE DE CIRCULACIÓN,ASFALTO,Bueno,Bueno,1,CHRYSLER,BLANCO,1,,,MASCULINO,SIN DATOS,0,0,Morelia,Jose Ma Pino Suarez,julio,viernes,20,-101.163676120341,19.7242329011472
41365,41371,2022,,2022/07/22,21:42:00,COLISIÓN POR ALCANCE,ASFALTO,Bueno,Bueno,3,NISSAN,ROJO,3,,23,MASCULINO,SIN DATOS,0,0,Morelia,El Parian,julio,viernes,22,-101.267295219004,19.695148223444
41366,41372,2022,MOR 220458981,2022/07/22,22:00:00,COLISIÓN CONTRA OBJETO FIJO,ASFALTO,Bueno,Malo,2,CHEVROLET,GRIS,2,MINISTERIO PÚBLICO,43,MASCULINO,SIN DATOS,0,0,Morelia,Americas Britania,julio,viernes,22,-101.149526461959,19.6932359306126
41367,41373,2022,LEG44203,2022/07/22,22:10:00,COLISIÓN CONTRA OBJETO FIJO,CONCRETO,Bueno,Bueno,1,FORD,BLANCO,1,,,,SIN DATOS,0,0,Morelia,La Rinconada,julio,viernes,22,-101.159296743572,19.6914230508645
41368,41374,2022,,2022/07/23,11:55:00,COLISIÓN POR CORTE DE CIRCULACIÓN,CONCRETO,Nublado,Bueno,2,ITALIKA,NARANJA,2,,24,MASCULINO,SIN DATOS,0,0,Morelia,Obrera,julio,sábado,12,-101.182823069394,19.712457569116
41369,41375,2022,,2022/07/23,12:35:00,COLISIÓN POR CORTE DE CIRCULACIÓN,ASFALTO,Bueno,Bueno,2,HYUNDAI,NEGRO,2,,39,MASCULINO,SIN DATOS,0,0,Morelia,Fray Antonio de San Miguel Iglesias,julio,sábado,13,-101.1474038288,19.6870332904407
41370,41376,2022,,2022/07/23,15:00:00,COLISIÓN POR CORTE DE CIRCULACIÓN,ASFALTO,Lluvioso,Regular,2,NISSAN,BLANCO,3,MINISTERIO PÚBLICO,,MASCULINO,SIN DATOS,1,0,Hidalgo,Corros,julio,sábado,15,-100.555383972824,19.7072133236324
41371,41377,2022,,2022/07/23,15:55:00,COLISIÓN CON PEATÓN,ASFALTO,Bueno,Bueno,1,CHEVROLET,BLANCO/AZUL,2,,51,MASCULINO,SIN DATOS,1,0,Morelia,Felix Arreguin,julio,sábado,16,-101.226374097168,19.7214321998915
41372,41378,2022,,2022/07/23,20:20:00,COLISIÓN CONTRA OBJETO FIJO,TERRACERIA,Bueno,Bueno,2,DODGE,ROJO,2,,26,MASCULINO,SIN DATOS,0,0,Morelia,Torreon Nuevo,julio,sábado,20,-101.203009039164,19.7462659597122
41373,41379,2022,,2022/07/23,21:10:00,COLISIÓN POR CORTE DE CIRCULACIÓN,ASFALTO,Bueno,Bueno,2,FORD,BLANCO,2,,64,MASCULINO,SIN DATOS,0,0,Morelia,Pastor Manuel Sanchez Camarena,julio,sábado,21,-101.199365593493,19.7382801674356
41374,41380,2022,,2022/07/23,21:20:00,COLISIÓN POR CAMBIO DE CARRIL,ASFALTO,Nublado,Bueno,2,KENWORTH,AMARILLO,2,,42,MASCULINO,SIN DATOS,0,0,Morelia,Los Angeles,julio,sábado,21,-101.176241599023,19.7419013726435
41375,41381,2022,,2022/07/23,22:40:00,COLISIÓN CONTRA OBJETO FIJO,CONCRETO,Bueno,Bueno,1,VOLKSWAGEN,BLANCO,1,,,MASCULINO,SIN DATOS,0,0,Morelia,Las Americas,julio,sábado,23,-101.153589002788,19.6874430401779
41376,41382,2022,,2022/07/23,23:30:00,COLISIÓN POR INVASIÓN DE CARRIL,CONCRETO,Bueno,Bueno,2,NISSAN,NEGRO,2,,11,MASCULINO,SIN DATOS,0,0,Morelia,Ilustres Novohispanos,julio,sábado,0,-101.15211814642,19.7102551016473
41377,41383,2022,,2022/07/24,"00:51:00",COLISIÓN CON PEATÓN,ASFALTO,Bueno,Bueno,1,VENTO,NEGRO/VERDE,2,,,MASCULINO,SIN DATOS,1,0,Morelia,Libertad,julio,domingo,1,-101.238106749952,19.6873530721051
41378,41384,2022,,2022/07/24,"02:10:00",COLISIÓN POR ALCANCE,ASFALTO,Bueno,Bueno,2,CHEVROLET,NEGRO,2,,22,MASCULINO,SIN DATOS,0,0,Morelia,Sentimientos de La Nacion,julio,domingo,2,-101.235622689128,19.6820107720403
41379,41385,2022,,2022/07/24,"06:00:00",COLISIÓN CONTRA OBJETO FIJO,ASFALTO,Bueno,Bueno,1,VOLKSWAGEN,NEGRO,1,MINISTERIO PÚBLICO,,MASCULINO,SIN DATOS,0,0,Lázaro Cárdenas,Centro,julio,domingo,6,-102.197500057518,17.9575805838805
41380,41386,2022,,2022/07/24,"08:00:00",COLISIÓN POR CAMBIO DE CARRIL,ASFALTO,Bueno,Bueno,2,SCANIA,BLANCO,2,,40,MASCULINO,SIN DATOS,0,0,Morelia,Campestre Los Manantiales,julio,domingo,8,-101.238162741065,19.6877710286188
41381,41387,2022,MOR 220045637,2022/07/24,"09:00:00",CAIDA DE MOTOCICLETA,CONCRETO,Bueno,Bueno,1,YAMAHA,ROJO,1,,23,MASCULINO,SIN DATOS,0,0,Morelia,Libertad,julio,domingo,9,-101.238106749952,19.6873530721051
41382,41388,2022,,2022/07/24,11:15:00,SALIDA DE SUPERFICIE DE RODAMIENTO,ASFALTO,Bueno,Bueno,1,VOLSKWAGEN,GRIS,0,,,,,0,0,Morelia,Clara Cordova Moran,julio,domingo,11,-101.180836893618,19.7373959181857
41383,41389,2022,MOR220462223,2022/07/24,12:40:00,COLISIÓN POR ALCANCE,ASFALTO,Bueno,Bueno,2,VOLKSWAGEN,NEGRO,2,,29,MASCULINO,ALIENTO ETÍLICO,0,0,Morelia,Valle de Las Flores,julio,domingo,13,-101.12712431699,19.6875554212785
41384,41390,2022,,2022/07/24,18:00:00,COLISIÓN CONTRA OBJETO FIJO,ASFALTO,Nublado,Bueno,2,NISSAN,NEGRO,2,,33,MASCULINO,SIN DATOS,0,0,Morelia,Jesus Romero Flores,julio,domingo,18,-101.178513765335,19.7315683344016
41386,41392,2022,LEG44223,2022/07/24,20:00:00,COLISIÓN POR CORTE DE CIRCULACIÓN,CONCRETO,Bueno,Bueno,2,NISSAN,BLANCO,2,,66,MASCULINO,SIN DATOS,0,0,Morelia,Prados Verdes,julio,domingo,20,-101.200560182333,19.7147666870152
41387,41393,2022,,2022/07/24,21:08:00,COLISIÓN POR CORTE DE CIRCULACIÓN,ASFALTO,Bueno,Bueno,2,TOYOTA,BLANCO,2,,40,MASCULINO,SIN DATOS,0,0,Morelia,Loma Real,julio,domingo,21,-101.199338436127,19.7314146418617
41388,41394,2022,,2022/07/24,22:15:00,COLISIÓN CONTRA OBJETO FIJO,ASFALTO,Bueno,Bueno,1,NISSAN,ARENA,1,,51,MASCULINO,CON CERTIFICADO,0,0,Morelia,Eduardo Ruiz,julio,domingo,22,-101.224096231163,19.7248540101245
41389,41395,2022,,2022/07/25,"00:00:00",COLISIÓN POR CORTE DE CIRCULACIÓN,ASFALTO,Bueno,Bueno,2,NISSAN,CAFE,2,,72,MASCULINO,SIN DATOS,0,0,Morelia,Ventura Puente,julio,lunes,0,-101.180174052715,19.6882663246157
41390,41396,2022,LEG44226,2022/07/25,"00:30:00",COLISIÓN POR ALCANCE,CONCRETO,Bueno,Regular,2,NISSAN,BLANCO,2,,46,MASCULINO,SIN DATOS,0,0,Morelia,Morelia 450,julio,lunes,1,-101.215702593327,19.6750061320688
41391,41397,2022,MOR 00000,2022/07/25,"02:55:00",SUBIDA AL CAMELLÓN,CONCRETO,Bueno,Bueno,1,NISSAN,BLANCO,1,,58,MASCULINO,ALIENTO ETÍLICO,0,0,Morelia,Los Laureles,julio,lunes,3,-101.231946051121,19.7139662639197
41392,41398,2022,,2022/07/25,"09:33:00",COLISIÓN POR NO RESPETAR SEMÁFORO,CONCRETO,Bueno,Bueno,2,MAZDA,PLATA,2,MINISTERIO PÚBLICO,,FEMENINO,SIN DATOS,0,0,Morelia,Centro,julio,lunes,10,-101.192785799503,19.7047585852214
41393,41399,2022,,2022/07/25,10:00:00,COLISIÓN CONTRA OBJETO FIJO,SIN_DATOS,Bueno,Bueno,1,DODGE,BLANCO,0,MINISTERIO PÚBLICO,,,,0,0,Lázaro Cárdenas,Segundo Sector de Fidelac,julio,lunes,10,-102.210920490324,17.9651083114837
41394,41400,2022,,2022/07/25,10:30:00,COLISIÓN POR CAMBIO DE CARRIL,ASFALTO,Bueno,Bueno,2,CHEVROLET,CAFE,2,MINISTERIO PÚBLICO,60,MASCULINO,SIN DATOS,1,0,Pátzcuaro,Centro,julio,lunes,11,-101.607061028481,19.5195108959514
41395,41401,2022,,2022/07/25,12:45:00,COLISIÓN POR ALCANCE,CONCRETO,Nublado,Bueno,2,JEEP,ROJO,2,,55,FEMENINO,SIN DATOS,0,0,Morelia,Centro,julio,lunes,13,-101.200208812952,19.7020711763598
41396,41402,2022,,2022/07/25,13:40:00,COLISIÓN POR NO RESPETAR SEMÁFORO,ASFALTO,Bueno,Bueno,2,NISSAN,BLANCO Y VERDE,2,,29,MASCULINO,SIN DATOS,0,0,Morelia,Primo Tapia Oriente,julio,lunes,14,-101.158556453884,19.7134536880349
41397,41403,2022,,2022/07/25,14:45:00,COLISIÓN POR CAMBIO DE CARRIL,ASFALTO,Bueno,Regular,2,DINA,BLANCO-AZUL,0,MINISTERIO PÚBLICO,,,,0,0,Hidalgo,Corros,julio,lunes,15,-100.55538598448,19.7072139549091
41398,41404,2022,,2022/07/25,15:00:00,COLISIÓN POR ALCANCE,ASFALTO,Bueno,Bueno,2,VOLKSWAGEN,BLANCO,2,,54,MASCULINO,SIN DATOS,0,0,Morelia,Eduardo Ruiz,julio,lunes,15,-101.220129914582,19.7173418380788
41399,41405,2022,,2022/07/25,15:25:00,COLISIÓN POR ALCANCE,ASFALTO,Bueno,Bueno,2,FORD,BLANCO,2,,53,FEMENINO,SIN DATOS,0,0,Morelia,Primo Tapia Oriente,julio,lunes,15,-101.158456541598,19.7135120788436
41400,41406,2022,,2022/07/25,16:40:00,COLISIÓN POR MANIOBRA DE REVERSA,ASFALTO,Bueno,Bueno,2,NISSAN,BLANCO Y GRIS,2,,40,MASCULINO,SIN DATOS,0,0,Morelia,Cosmos,julio,lunes,17,-101.216447241604,19.6834316777287
41401,41407,2022,,2022/07/25,17:49:00,COLISIÓN POR CORTE DE CIRCULACIÓN,ASFALTO,Bueno,Bueno,2,CHEVROLET,NARANJA,2,,53,FEMENINO,SIN DATOS,0,0,Morelia,Unidos Santa Cruz,julio,lunes,18,-101.217039339244,19.7232570482237
41402,41408,2022,,2022/07/25,18:30:00,COLISIÓN POR CAMBIO DE CARRIL,ASFALTO,Bueno,Bueno,2,FORD,GRIS,2,,,MASCULINO,SIN DATOS,0,0,Morelia,Niño Artillero,julio,lunes,19,-101.256339401007,19.697429182011
41405,41411,2022,,2022/07/26,"08:00:00",COLISIÓN POR CAMBIO DE CARRIL,ASFALTO,Bueno,Bueno,2,NISSAN,BLANCO Y ROJO,2,MINISTERIO PÚBLICO,18,MASCULINO,SIN DATOS,0,0,Tacámbaro,Sin datos,julio,martes,8,-101.426122561097,19.328672609614
41406,41412,2022,,2022/07/26,"08:10:00",COLISIÓN POR ALCANCE,ASFALTO,Bueno,Bueno,3,NISSAN,BLANCO,3,,60,MASCULINO,SIN DATOS,0,0,Morelia,Union,julio,martes,8,-101.155483983457,19.7154793631973
41407,41413,2022,,2022/07/26,"09:12:00",COLISIÓN POR CORTE DE CIRCULACIÓN,ASFALTO,Bueno,Bueno,2,NISSAN,BLANCO,2,,29,MASCULINO,SIN DATOS,0,0,Morelia,Fracc Valle de Mil Cumbres,julio,martes,9,-101.111141805995,19.690336
41408,41414,2022,MOR 220466450,2022/07/26,"09:30:00",COLISIÓN POR CORTE DE CIRCULACIÓN,ASFALTO,Bueno,Bueno,2,FREIGHTLINER,BLANCO,2,,58,MASCULINO,SIN DATOS,0,0,Morelia,Isaac Arriaga,julio,martes,10,-101.16635799408,19.7101522054636
41409,41415,2022,MOR 220466599,2022/07/26,10:30:00,COLISIÓN POR CORTE DE CIRCULACIÓN,ASFALTO,Bueno,Regular,2,VOLKSWAGEN,NEGRO,2,,35,MASCULINO,SIN DATOS,0,0,Morelia,Ignacio Zaragoza,julio,martes,11,-101.205310039222,19.7254359819959
41410,41416,2022,MOR220467477,2022/07/26,10:50:00,COLISIÓN POR CORTE DE CIRCULACIÓN,ASFALTO,Bueno,Bueno,2,NISSAN,PLATA,2,,40,MASCULINO,SIN DATOS,0,0,Morelia,Lomas del Mayoral,julio,martes,11,-101.314252987504,19.6890863849503
41411,41417,2022,MOR220466696,2022/07/26,11:25:00,COLISIÓN POR CORTE DE CIRCULACIÓN,CONCRETO,Bueno,Regular,2,VELOCI,ROJO,3,,49,MASCULINO,SIN DATOS,1,0,Morelia,Felix Ireta,julio,martes,11,-101.1919749,19.6869904499991
41412,41418,2022,,2022/07/26,15:29:00,COLISIÓN CONTRA OBJETO FIJO,ASFALTO,Bueno,Bueno,1,FORD,GUINDA,1,,50,FEMENINO,SIN DATOS,0,0,Morelia,Nueva Jacarndas,julio,martes,15,-101.18917729,19.6812801599991
41413,41419,2022,,2022/07/26,15:53:00,COLISIÓN CON PEATÓN,SIN_DATOS,Bueno,Bueno,0,,,0,,,,,0,0,Morelia,Articulo Constitucional,julio,martes,16,-101.170106716454,19.7134044503634
41414,41420,2022,,2022/07/26,15:53:00,COLISIÓN POR CAMBIO DE CARRIL,ASFALTO,Bueno,Bueno,0,,,0,,,,,0,0,Morelia,Articulo Constitucional,julio,martes,16,-101.17010705173,19.7134095003816
41415,41421,2022,LEG44259,2022/07/26,15:53:00,COLISIÓN POR CAMBIO DE CARRIL,ASFALTO,Bueno,Bueno,2,FREIGHTLINER,ROJO,2,,29,MASCULINO,SIN DATOS,0,0,Morelia,Isaac Arriaga,julio,martes,16,-101.17149869,19.7135289699991
41416,41422,2022,MOR220467407,2022/07/26,16:20:00,COLISIÓN POR NO RESPETAR SEMÁFORO,ASFALTO,Bueno,Bueno,0,,,0,,,,,0,0,Morelia,Avicola Benito Juarez,julio,martes,16,-101.279539167881,19.6913466588242
41417,41423,2022,LEG44257,2022/07/26,16:20:00,COLISIÓN POR NO RESPETAR SEMÁFORO,ASFALTO,Bueno,Bueno,2,NISSAN,ROJO,2,MINISTERIO PÚBLICO,64,MASCULINO,SIN DATOS,0,0,Morelia,Avicola Benito Juarez,julio,martes,16,-101.279538832605,19.6913476058332
41418,41424,2022,,2022/07/26,17:07:00,COLISIÓN CONTRA OBJETO FIJO,CONCRETO,Bueno,Bueno,2,Q,BLANCO,2,,15,MASCULINO,SIN DATOS,0,0,Morelia,Joaquin Amaro,julio,martes,17,-101.170163725,19.7205336849991
41419,41425,2022,,2022/07/26,18:40:00,COLISIÓN CONTRA OBJETO FIJO,ASFALTO,Bueno,Bueno,1,TOYOTA,ROJO,1,,,MASCULINO,SIN DATOS,0,0,Morelia,Emiliano Zapata,julio,martes,19,-101.232768396902,19.6530668887289
41421,41427,2022,LEG44251,2022/07/26,19:10:00,COLISIÓN POR ALCANCE,ASFALTO,Bueno,Bueno,2,CHEVROLET,BLANCO,2,,42,MASCULINO,SIN DATOS,0,0,Morelia,Felix Ireta,julio,martes,19,-101.1919749,19.6869904499991
41422,41428,2022,LEG44261,2022/07/26,19:40:00,COLISIÓN POR INVASIÓN DE CARRIL,CONCRETO,Nublado,Bueno,2,GMC,GRIS,2,MINISTERIO PÚBLICO,60,MASCULINO,SIN DATOS,0,0,Morelia,Tzindurio de Morelos,julio,martes,20,-101.24324198,19.6957899099991