fid,id_accidente,anio_origen,folio_c5i,dia_incidente,hora_ocurrencia,tipo_incidente_vial,superficie_ocurrencia,condiciones_climaticas,condiciones_via,numero_vehiculos_involucrados,marca_vehiculo_ocasiona_siniestro,color_vehiculo_ocasiona_siniestro,numero_personas_involucradas,lugar_remite_presunto_responsable,edad_presunto_responsable,sexo_presunto_responsable,resultados_toxicologia,numero_personas_lesionadas,numero_personas_fallecidas,municipio,colonia,mes,dia_semana,hora_redondeada,lon,lat
41423,41429,2022,,2022/07/26,19:50:00,COLISIÓN POR CORTE DE CIRCULACIÓN,ASFALTO,Bueno,Bueno,2,RENAULT,AZUL,2,,34,MASCULINO,SIN DATOS,0,0,Morelia,Adolfo Lopez Mateos,julio,martes,20,-101.226056765,19.6946028749991
41425,41431,2022,MOR220469416,2022/07/27,"00:00:00",COLISIÓN POR ALCANCE,ASFALTO,Bueno,Bueno,2,CHTC,BLANCO,2,MINISTERIO PÚBLICO,0,,SIN DATOS,0,0,Morelia,Villas del Pedregal,julio,miércoles,0,-101.304509863257,19.6876062452897
41426,41432,2022,,2022/07/27,11:20:00,COLISIÓN CON PEATÓN,SIN_DATOS,Bueno,Bueno,3,NISSAN NP 300,BLANCO,3,,47,MASCULINO,SIN DATOS,0,0,Morelia,Comision Federal de Electricidad,julio,miércoles,11,-101.181306615472,19.6813784475934
41427,41433,2022,,2022/07/27,14:00:00,COLISIÓN POR CAMBIO DE CARRIL,ASFALTO,Bueno,Bueno,2,Nissan,blanco,2,,34,MASCULINO,SIN DATOS,0,0,Morelia,Justo Mendoza,julio,miércoles,14,-101.228545345366,19.7142888323842
41428,41434,2022,,2022/07/27,14:00:00,COLISIÓN POR CAMBIO DE CARRIL,ASFALTO,Bueno,Bueno,2,MAN,BLANCO,2,,,MASCULINO,SIN DATOS,0,0,Morelia,Indeco El Vivero,julio,miércoles,14,-101.231795847416,19.6775566671769
41429,41435,2022,LEG44274,2022/07/27,14:00:00,COLISIÓN POR CAMBIO DE CARRIL,ASFALTO,Bueno,Bueno,2,NISSAN,BLANCO,2,,33,MASCULINO,SIN DATOS,0,0,Morelia,Poblado de Ocolusen,julio,miércoles,14,-101.149537526071,19.6946911439733
41430,41436,2022,,2022/07/27,15:40:00,COLISIÓN POR ALCANCE,ASFALTO,Bueno,Bueno,2,KIA NEW SPORTAGE,BLANCO,2,,42,FEMENINO,SIN DATOS,0,0,Morelia,Valle de Altozano,julio,miércoles,16,-101.164193116128,19.6651221488558
41431,41437,2022,,2022/07/27,15:50:00,COLISIÓN POR CORTE DE CIRCULACIÓN,ASFALTO,Nublado,Bueno,2,TOYOTA,BLANCO Y ROJO,2,,29,MASCULINO,SIN DATOS,0,0,Morelia,Nueva Valladolid,julio,miércoles,16,-101.210668087006,19.7020576034732
41432,41438,2022,,2022/07/27,21:40:00,COLISIÓN POR CAMBIO DE CARRIL,ASFALTO,Bueno,Bueno,2,MERCEDES BENZ,BLANCO,2,MINISTERIO PÚBLICO,,MASCULINO,SIN DATOS,0,0,Morelia,Tzindurio Norte,julio,miércoles,22,-101.244822666049,19.7037463142442
41433,41439,2022,,2022/07/28,"01:45:00",VOLCADURA,ASFALTO,Bueno,Bueno,1,NISSAN,GRIS,1,MINISTERIO PÚBLICO,36,FEMENINO,SIN DATOS,0,0,Morelia,Mariano Michelena,julio,jueves,2,-101.230045035481,19.6769300077147
41435,41441,2022,MOR/210336777,2022/07/28,"08:30:00",COLISIÓN POR CORTE DE CIRCULACIÓN,CONCRETO,Bueno,Bueno,2,HONDA,VERDE,2,,37,MASCULINO,SIN DATOS,0,0,Morelia,Primo Tapia Oriente,julio,jueves,9,-101.162270307541,19.7132254902373
41436,41442,2022,MOR 220470859,2022/07/28,10:20:00,COLISIÓN POR ALCANCE,ASFALTO,Bueno,Regular,2,PUEBLA,GRIS,2,,40,MASCULINO,SIN DATOS,0,0,Morelia,Ciudad Industrial,julio,jueves,10,-101.146021485329,19.7226753840251
41437,41443,2022,,2022/07/28,11:00:00,COLISIÓN POR ALCANCE,ASFALTO,Bueno,Bueno,2,SUZUKI,GRIS,2,,37,MASCULINO,SIN DATOS,0,0,Morelia,Alberto Oviedo Mota,julio,jueves,11,-101.197195351124,19.6811120055912
41438,41444,2022,MOR/210334652,2022/07/28,11:50:00,COLISIÓN POR ALCANCE,ASFALTO,Bueno,Bueno,2,TOYOTA,BLANCO,2,,41,MASCULINO,SIN DATOS,0,0,Morelia,Lazaro Cardenas,julio,jueves,12,-101.164266206324,19.7086706193321
41439,41445,2022,MOR220471026,2022/07/28,13:07:00,COLISIÓN POR CORTE DE CIRCULACIÓN,ASFALTO,Bueno,Bueno,2,NISSAN,ARENA,2,,38,MASCULINO,SIN DATOS,0,0,Morelia,Prados Verdes,julio,jueves,13,-101.197150424123,19.7171379484783
41440,41446,2022,MOR220171434,2022/07/28,14:40:00,COLISIÓN POR INVASIÓN DE CARRIL,CONCRETO,Bueno,Bueno,2,VOLKSWAGEN,AZUL,2,,27,MASCULINO,SIN DATOS,0,0,Morelia,Rincon de Ocolusen,julio,jueves,15,-101.14532545663,19.6876370998945
41441,41447,2022,,2022/07/28,18:55:00,COLISIÓN POR CAMBIO DE CARRIL,ASFALTO,Bueno,Bueno,2,VW,BLANCO,2,,33,MASCULINO,SIN DATOS,0,0,Morelia,Lomas del Tecnologico,julio,jueves,19,-101.193161308765,19.7233012331549
41442,41448,2022,MOR220471875,2022/07/28,19:40:00,COLISIÓN POR CORTE DE CIRCULACIÓN,ASFALTO,Bueno,Bueno,2,NISSAM,GRIS,2,MINISTERIO PÚBLICO,28,MASCULINO,SIN DATOS,0,0,Morelia,Eduardo Ruiz,julio,jueves,20,-101.221859682349,19.7216992118204
41443,41449,2022,,2022/07/28,20:10:00,COLISIÓN POR ALCANCE,ASFALTO,Bueno,Bueno,2,CHEVROLET,PLATA,2,,31,MASCULINO,SIN DATOS,0,0,Morelia,Felix Ireta,julio,jueves,20,-101.191785335541,19.6824186405039
41444,41450,2022,MOR 220472012,2022/07/28,20:45:00,COLISIÓN POR CORTE DE CIRCULACIÓN,ASFALTO,Bueno,Bueno,2,ITALIKA,VERDE,2,,21,MASCULINO,SIN DATOS,0,0,Morelia,5 de Mayo,julio,jueves,21,-101.177244745195,19.7031910933612
41445,41451,2022,LEG44284,2022/07/28,21:10:00,COLISIÓN CON PEATÓN,SIN_DATOS,Bueno,Bueno,1,FORD,ROJA,2,,46,MASCULINO,ALIENTO ETÍLICO,1,0,Morelia,Sin datos,julio,jueves,21,-101.265322454274,19.7165035534761
41446,41452,2022,,2022/07/29,"00:26:00",COLISIÓN CONTRA OBJETO FIJO,ASFALTO,Bueno,Bueno,2,HONDA,BLANCO,2,,25,FEMENINO,SIN DATOS,0,0,Morelia,Felicitas del Rio,julio,viernes,0,-101.200321801007,19.691992517653
41447,41453,2022,MOR220472546,2022/07/29,"04:44:00",COLISIÓN CONTRA OBJETO FIJO,ASFALTO,Bueno,Bueno,1,VOLKSWAGEN,GRIS,1,,25,MASCULINO,SIN DATOS,0,0,Morelia,Indeco Expropiacion Petrolera,julio,viernes,5,-101.226771235,19.6843153299991
41448,41454,2022,,2022/07/29,"08:59:00",COLISIÓN POR ALCANCE,ASFALTO,Bueno,Bueno,2,SEAN,GRIS,2,,31,MASCULINO,SIN DATOS,0,0,Morelia,Mariano Michelena,julio,viernes,9,-101.229894161224,19.6768943338278
41449,41455,2022,,2022/07/29,10:45:00,COLISIÓN POR ALCANCE,ASFALTO,Bueno,Bueno,2,VOLKSWAGEN,VERDE,2,,,MASCULINO,SIN DATOS,0,0,Morelia,Las Americas,julio,viernes,11,-101.152234822512,19.6885355957927
41450,41456,2022,,2022/07/29,11:00:00,COLISIÓN POR CORTE DE CIRCULACIÓN,ASFALTO,Bueno,Bueno,1,MAZDA,CAFE,1,,40,MASCULINO,SIN DATOS,0,0,Morelia,San Rafael,julio,viernes,11,-101.15461025387,19.7003625618414
41451,41457,2022,MOR220473022,2022/07/29,11:38:00,COLISIÓN POR ALCANCE,ASFALTO,Bueno,Bueno,2,VOLKSWAGEN,NEGRO,2,,24,MASCULINO,SIN DATOS,0,0,Morelia,Justo Mendoza,julio,viernes,12,-101.232571005821,19.7125554137714
41452,41458,2022,,2022/07/29,12:35:00,COLISIÓN POR CAMBIO DE CARRIL,ASFALTO,Bueno,Bueno,2,SUZUKI,GRIS,2,,28,FEMENINO,SIN DATOS,0,0,Morelia,Del Empleado,julio,viernes,13,-101.179854534566,19.6899700175029
41453,41459,2022,,2022/07/29,14:00:00,COLISIÓN CONTRA OBJETO FIJO,ASFALTO,Bueno,Bueno,1,MERCEDES BENZ,ROJO,1,,57,MASCULINO,SIN DATOS,0,0,Morelia,Independencia,julio,viernes,14,-101.177018601447,19.7061838973533
41454,41460,2022,,2022/07/29,17:55:00,COLISIÓN POR CAMBIO DE CARRIL,ASFALTO,Bueno,Bueno,2,NISSAN,BLANCO,2,,33,MASCULINO,SIN DATOS,0,0,Morelia,Mariano Michelena,julio,viernes,18,-101.229912936687,19.6768978065074
41455,41461,2022,,2022/07/29,19:00:00,COLISIÓN POR CORTE DE CIRCULACIÓN,ADOQUIN_EMPEDRADO,Bueno,Bueno,2,TOYOTA,GUINDA,2,MINISTERIO PÚBLICO,49,MASCULINO,SIN DATOS,0,0,Pátzcuaro,Jamuquen,julio,viernes,19,-101.61758903414,19.5047223532645
41456,41462,2022,,2022/07/29,19:50:00,COLISIÓN POR ALCANCE,ASFALTO,Bueno,Bueno,3,CHEVROLET,GRIS,3,,34,MASCULINO,SIN DATOS,0,0,Morelia,Indeco El Vivero,julio,viernes,20,-101.231857202947,19.6777044132321
41457,41463,2022,,2022/07/29,20:30:00,COLISIÓN POR CORTE DE CIRCULACIÓN,ASFALTO,Bueno,Bueno,2,ITALIKA,BLANCO/NEGRO,1,MINISTERIO PÚBLICO,,MASCULINO,SIN DATOS,0,0,Morelia,San Rafael,julio,viernes,21,-101.15461025387,19.7003635087971
41458,41464,2022,,2022/07/30,"01:30:00",COLISIÓN POR CAMBIO DE CARRIL,CONCRETO,Lluvioso,Bueno,3,FORD,ROJO,3,,32,MASCULINO,SIN DATOS,0,0,Morelia,Enrique Arreguin Robles,julio,sábado,2,-101.178840659559,19.720394469859
41459,41465,2022,,2022/07/30,"04:30:00",COLISIÓN CONTRA OBJETO FIJO,CONCRETO,Lluvioso,Bueno,2,CHEVROLET,GRIS,2,,,MASCULINO,SIN DATOS,0,0,Morelia,Junta de Jaujilla,julio,sábado,5,-101.229785867035,19.6916702199023
41460,41466,2022,,2022/07/30,"07:20:00",COLISIÓN POR CORTE DE CIRCULACIÓN,ASFALTO,Lluvioso,Regular,1,FORD,GRIS,1,,27,MASCULINO,ALIENTO ETÍLICO,0,0,Morelia,Morelia 450,julio,sábado,7,-101.216532737017,19.6754193852837
41461,41467,2022,,2022/07/30,11:36:00,COLISIÓN POR NO RESPETAR SEMÁFORO,ASFALTO,Bueno,Bueno,2,RENAULT,BLANCO,2,,62,MASCULINO,SIN DATOS,0,0,Morelia,Cosmos,julio,sábado,12,-101.216444559395,19.6834335718403
41462,41468,2022,MOR220475282,2022/07/30,13:00:00,COLISIÓN POR CORTE DE CIRCULACIÓN,ASFALTO,Bueno,Bueno,2,VENTO,NEGRO/NARANJA,2,,16,MASCULINO,SIN DATOS,0,0,Morelia,Jesus del Monte,julio,sábado,13,-101.157284320299,19.6581832242205
41463,41469,2022,LEG44306,2022/07/30,14:10:00,COLISIÓN CONTRA OBJETO FIJO,ASFALTO,Bueno,Bueno,1,FORD,ARENA,1,,16,MASCULINO,SIN DATOS,0,0,Morelia,Los Angeles,julio,sábado,14,-101.173753514886,19.7469381037212
41464,41470,2022,,2022/07/30,16:00:00,COLISIÓN POR ALCANCE,ASFALTO,Bueno,Bueno,2,NISSAN,PLATA,2,,38,MASCULINO,SIN DATOS,0,0,Morelia,Morelos,julio,sábado,16,-101.207127571106,19.7023117003452
41465,41471,2022,,2022/07/31,"07:30:00",VOLCADURA,ASFALTO,Bueno,Bueno,1,VOLKSWAGEN,ROJO,0,,,,,0,0,Morelia,Ignaci0 Ramirez,julio,domingo,8,-101.223917193711,19.725129216176
41466,41472,2022,,2022/07/31,13:50:00,COLISIÓN POR CORTE DE CIRCULACIÓN,ASFALTO,Bueno,Bueno,2,BAJAJ,AMARILLO,4,MINISTERIO PÚBLICO,24,MASCULINO,SIN DATOS,2,0,Morelia,Morelos,julio,domingo,14,-101.208351328969,19.6980267208621
41467,41473,2022,,2022/07/31,15:50:00,COLISIÓN POR CORTE DE CIRCULACIÓN,ASFALTO,Bueno,Bueno,2,NISSAN,GUINDA CON BLANCO,2,,30,MASCULINO,SIN DATOS,0,0,Morelia,Ampliacion La Soledad,julio,domingo,16,-101.182896494865,19.7378298383974
41468,41474,2022,,2022/07/31,21:10:00,SUBIDA AL CAMELLÓN,ASFALTO,Bueno,Bueno,1,NISSAN,GRIS,1,,,,SIN DATOS,0,0,Morelia,Lazaro Cardenas,julio,domingo,21,-101.16427090019,19.7085453119931
41469,41475,2022,LEG44322,2022/07/31,21:10:00,VOLCADURA,ASFALTO,Bueno,Bueno,1,AUDI,BLANCO,1,,40,FEMENINO,SIN DATOS,0,0,Morelia,Ejidal Ocolusen,julio,domingo,21,-101.152220070362,19.684125868126
41470,41476,2022,,2022/07/31,22:15:00,COLISIÓN POR CORTE DE CIRCULACIÓN,CONCRETO,Bueno,Bueno,2,CHEVROLET,ROJO,2,,21,MASCULINO,SIN DATOS,0,0,Morelia,Elias Perez Avalos,julio,domingo,22,-101.169433146715,19.7131749899892
41471,41477,2022,,2022/07/31,22:20:00,COLISIÓN POR CORTE DE CIRCULACIÓN,ASFALTO,Bueno,Bueno,2,VOLKSWAGEN POINTER,VERDE,2,,22,MASCULINO,SIN DATOS,0,0,Morelia,La Luz,julio,domingo,22,-101.29980828613,19.6873423390685
41472,41478,2022,,2022/07/31,22:40:00,COLISIÓN POR ALCANCE,ASFALTO,Nublado,Bueno,2,CHEVROLET,BLANCO,2,,23,MASCULINO,ALIENTO ETÍLICO,0,0,Morelia,Sentimientos de La Nacion,julio,domingo,23,-101.232626996934,19.686833466036
41473,41479,2022,MOR220480103,2022/08/01,"00:00:00",COLISIÓN POR INVASIÓN DE CARRIL,ASFALTO,Bueno,Bueno,2,VOLKSWAGEN,GRIS,2,,76,MASCULINO,SIN DATOS,0,0,Morelia,Matamoros,agosto,lunes,0,-101.164089515805,19.696052592998
41474,41480,2022,,2022/08/01,"07:16:00",COLISIÓN POR NO RESPETAR SEMÁFORO,ASFALTO,Bueno,Bueno,2,NISSAN,ROJO,2,,,MASCULINO,SIN DATOS,0,0,Morelia,Felix Ireta,agosto,lunes,7,-101.191785000265,19.6824167463803
41475,41481,2022,,2022/08/01,"09:31:00",COLISIÓN POR CORTE DE CIRCULACIÓN,ASFALTO,Bueno,Bueno,2,FREIGHTLINER,BLANCO,3,,27,MASCULINO,SIN DATOS,1,0,Morelia,Loma de Los Piñones,agosto,lunes,10,-101.205676496029,19.6738026720214
41476,41482,2022,,2022/08/01,10:00:00,COLISIÓN CON PEATÓN,SIN_DATOS,Bueno,Bueno,2,KENWORTH,BLANCO,2,,22,MASCULINO,SIN DATOS,0,0,Morelia,Francisco J Mujica,agosto,lunes,10,-101.184548400342,19.7249404854716
41477,41483,2022,MOR220479602,2022/08/01,11:00:00,COLISIÓN POR CAMBIO DE CARRIL,ASFALTO,Bueno,Bueno,2,HONDA,NARANJA,2,,18,MASCULINO,SIN DATOS,0,0,Morelia,Alberto Oviedo Mota,agosto,lunes,11,-101.197599358857,19.6811312626702
41478,41484,2022,,2022/08/01,11:06:00,COLISIÓN POR CAMBIO DE CARRIL,CONCRETO,Bueno,Bueno,2,STERLING,BLANCO,2,,35,MASCULINO,SIN DATOS,0,0,Morelia,Eva Samano,agosto,lunes,11,-101.199442371726,19.7314092768217
41479,41485,2022,MOR220479835,2022/08/01,11:58:00,COLISIÓN POR INVASIÓN DE CARRIL,ASFALTO,Bueno,Bueno,2,RAM,BLANCO,2,,34,MASCULINO,SIN DATOS,0,0,Morelia,Ventura Puente,agosto,lunes,12,-101.180173046887,19.6882669559672
41480,41486,2022,MOR220431010,2022/08/01,14:00:00,COLISIÓN POR ALCANCE,ASFALTO,Bueno,Bueno,2,CHEVROLET,AZUL,2,,42,MASCULINO,SIN DATOS,0,0,Morelia,Sentimientos de La Nacion,agosto,lunes,14,-101.236871257424,19.684803008657
41481,41487,2022,,2022/08/01,16:20:00,COLISIÓN POR ALCANCE,ASFALTO,Bueno,Bueno,3,TOYOTA,GRIS ARENA,3,,50,MASCULINO,SIN DATOS,0,0,Morelia,Jardines de Torremolinos,agosto,lunes,16,-101.225649230182,19.6768419279264
41482,41488,2022,,2022/08/01,17:41:00,COLISIÓN POR ALCANCE,ASFALTO,Nublado,Regular,2,CHEVROLET,NEGRO,2,,33,MASCULINO,SIN DATOS,0,0,Morelia,Los Pinos de Michoacan,agosto,lunes,18,-101.215228177607,19.6853478758354
41483,41489,2022,MOR220480383,2022/08/01,18:05:00,COLISIÓN POR CORTE DE CIRCULACIÓN,CONCRETO,Bueno,Bueno,2,VELOCI,NEGRO,3,MINISTERIO PÚBLICO,28,MASCULINO,SIN DATOS,1,0,Morelia,Ilustres Novohispanos,agosto,lunes,18,-101.151606850326,19.7089458532432
41484,41490,2022,MOR220479607,2022/08/01,19:30:00,CAIDA DE MOTOCICLETA,ASFALTO,Bueno,Bueno,3,ITALIKA,NEGRO/VERDE,3,,26,MASCULINO,SIN DATOS,0,0,Morelia,Arcos del Valle,agosto,lunes,20,-101.236249320209,19.7076242842577
41485,41491,2022,,2022/08/01,20:20:00,COLISIÓN POR ALCANCE,ASFALTO,Lluvioso,Bueno,2,NISSAN,AZUL,2,,19,MASCULINO,SIN DATOS,0,0,Morelia,Nueva Valladolid,agosto,lunes,20,-101.210659369826,19.7020582347703
41486,41492,2022,MOR 220480913,2022/08/01,23:00:00,SUBIDA AL CAMELLÓN,ASFALTO,Lluvioso,Regular,1,FORD,AZUL,1,,57,FEMENINO,SIN DATOS,0,0,Morelia,Felix Arreguin,agosto,lunes,23,-101.225907057524,19.7222379509543
41487,41493,2022,,2022/08/01,23:15:00,COLISIÓN POR CAMBIO DE CARRIL,ASFALTO,Lluvioso,Malo,1,CHEVROLET,ROJO,1,,20,MASCULINO,SIN DATOS,0,0,Morelia,Comision Federal de Electricidad,agosto,lunes,23,-101.181341148913,19.6815126154955
41488,41494,2022,MOR220481137,2022/08/02,"06:00:00",COLISIÓN CONTRA OBJETO FIJO,ASFALTO,Lluvioso,Regular,1,CHEVROLET,NEGRO,1,,25,MASCULINO,SIN DATOS,0,0,Morelia,Sin datos,agosto,martes,6,-101.302289664745,19.5882792897089
41489,41495,2022,,2022/08/02,"06:45:00",SALIDA DE SUPERFICIE DE RODAMIENTO,ASFALTO,Bueno,Bueno,1,HYUNDAI,BLANCO,1,,32,MASCULINO,SIN DATOS,0,0,Morelia,Las Americas,agosto,martes,7,-101.150230877101,19.6915688901131
41490,41496,2022,,2022/08/02,10:40:00,SALIDA DE SUPERFICIE DE RODAMIENTO,ASFALTO,Bueno,Bueno,1,CHEVROLET,BLANCO,1,,23,MASCULINO,SIN DATOS,0,0,Morelia,Justo Mendoza,agosto,martes,11,-101.231141388416,19.714489253754
41491,41497,2022,,2022/08/02,10:50:00,COLISIÓN POR ALCANCE,ASFALTO,Bueno,Bueno,3,GMC,GRIS,3,,,,SIN DATOS,0,0,Morelia,Ventura Puente,agosto,martes,11,-101.179219186306,19.6935588565417
41492,41498,2022,,2022/08/02,14:50:00,COLISIÓN POR CORTE DE CIRCULACIÓN,CONCRETO,Bueno,Regular,2,ITALIKA,BLANCO Y ROJO,2,,43,MASCULINO,SIN DATOS,0,0,Morelia,Sin datos,agosto,martes,15,-101.142969802022,19.7486717804132
41493,41499,2022,,2022/08/02,16:00:00,COLISIÓN CONTRA OBJETO FIJO,ASFALTO,Bueno,Bueno,2,KIA,BLANCO,2,,52,MASCULINO,SIN DATOS,0,0,Morelia,5 de Mayo,agosto,martes,16,-101.175513044,19.7028817596855
41494,41500,2022,,2022/08/02,16:20:00,COLISIÓN POR CORTE DE CIRCULACIÓN,ASFALTO,Bueno,Bueno,2,NISSAN,PLATA,2,,35,MASCULINO,SIN DATOS,0,0,Morelia,Bosques de Oriente,agosto,martes,16,-101.155454479158,19.7156024557503
41495,41501,2022,,2022/08/02,19:08:00,COLISIÓN POR ALCANCE,ASFALTO,Bueno,Bueno,2,JEEP,ROJO,2,,40,MASCULINO,SIN DATOS,0,0,Morelia,Dr Miguel Silva,agosto,martes,19,-101.188300140202,19.7211358415457
41496,41502,2022,,2022/08/02,19:20:00,COLISIÓN POR INVASIÓN DE CARRIL,ASFALTO,Bueno,Bueno,2,FORD,AZUL,2,,24,MASCULINO,SIN DATOS,0,0,Morelia,Vasco de Quiroga,agosto,martes,19,-101.170963346958,19.702496038693
41497,41503,2022,,2022/08/02,23:50:00,COLISIÓN POR ALCANCE,ASFALTO,Bueno,Bueno,2,CHEVROLET TRAKER,GRIS,2,,29,FEMENINO,SIN DATOS,0,0,Morelia,Ferrocarrilero,agosto,martes,0,-101.217478215694,19.6975655460657
41498,41504,2022,,2022/08/03,"03:50:00",CAIDA DE MOTOCICLETA,ASFALTO,Bueno,Bueno,1,HONDA,BLANCO,1,,,MASCULINO,SIN DATOS,0,0,Morelia,Chapultepec Sur,agosto,miércoles,4,-101.176436394453,19.6927093989617
41499,41505,2022,LEG44353,2022/08/03,"09:00:00",COLISIÓN POR ALCANCE,ASFALTO,Bueno,Bueno,4,NISSAN,BLANCO,4,MINISTERIO PÚBLICO,41,MASCULINO,SIN DATOS,0,0,Morelia,Santa Maria,agosto,miércoles,9,-101.20044182986,19.6778325859816
41500,41506,2022,,2022/08/03,10:00:00,COLISIÓN POR ALCANCE,ASFALTO,Bueno,Bueno,2,INTERNATIONAL,BLANCO/AZUL,2,,22,MASCULINO,SIN DATOS,0,0,Morelia,Fovissste La Huerta,agosto,miércoles,10,-101.212188228965,19.6921838125831
41501,41507,2022,,2022/08/03,11:49:00,COLISIÓN POR ALCANCE,ASFALTO,Bueno,Bueno,3,NISSAN,GRIS,3,,46,MASCULINO,SIN DATOS,0,0,Morelia,Felix Ireta,agosto,miércoles,12,-101.180886514485,19.6849191797984
41502,41508,2022,MOR 220484109,2022/08/03,14:50:00,COLISIÓN POR CAMBIO DE CARRIL,ASFALTO,Bueno,Bueno,2,NISSAN,BLANCO,2,MINISTERIO PÚBLICO,33,MASCULINO,SIN DATOS,0,0,Morelia,Francisco J Mujica,agosto,miércoles,15,-101.184543035924,19.7249420634884
41503,41509,2022,,2022/08/04,"00:39:00",COLISIÓN CONTRA OBJETO FIJO,ASFALTO,Bueno,Bueno,1,INFINITI,NEGRO,1,,,,SIN DATOS,0,0,Morelia,Fray Antonio de Lisboa,agosto,jueves,1,-101.146909631789,19.694226171598
41504,41510,2022,,2022/08/04,"01:45:00",COLISIÓN CONTRA OBJETO FIJO,CONCRETO,Bueno,Bueno,1,VOLVO,PLATA,1,MINISTERIO PÚBLICO,,,SIN DATOS,0,0,Morelia,Alberto Oviedo Mota,agosto,jueves,2,-101.197592318058,19.6811296842212
41505,41511,2022,,2022/08/04,"08:40:00",COLISIÓN POR CAMBIO DE CARRIL,ASFALTO,Bueno,Bueno,2,INTERNATIONAL,BLANCO,2,MINISTERIO PÚBLICO,53,MASCULINO,SIN DATOS,0,0,Morelia,Bosques de Oriente,agosto,jueves,9,-101.1567613855,19.7147483808535
41506,41512,2022,,2022/08/04,13:40:00,COLISIÓN POR CORTE DE CIRCULACIÓN,ASFALTO,Bueno,Bueno,2,NISSAN,BLANCO,2,,47,MASCULINO,SIN DATOS,0,0,Morelia,Alberto Oviedo Mota,agosto,jueves,14,-101.195738576353,19.6815233489228
41507,41513,2022,,2022/08/04,13:50:00,COLISIÓN POR ALCANCE,ASFALTO,Bueno,Bueno,3,VW,BLANCO,3,MINISTERIO PÚBLICO,,,SIN DATOS,2,0,Tocumbo,Sin datos,agosto,jueves,14,-102.542146481574,19.7096721276088
41508,41514,2022,,2022/08/04,13:50:00,COLISIÓN POR ALCANCE,ASFALTO,Bueno,Bueno,2,MERCEDES BENZ,VERDE,2,,40,MASCULINO,SIN DATOS,0,0,Morelia,Obrera,agosto,jueves,14,-101.185353063047,19.7082981690193
41509,41515,2022,,2022/08/04,16:25:00,COLISIÓN POR CORTE DE CIRCULACIÓN,ASFALTO,Bueno,Bueno,2,ITALIKA,NEGRO CON BLANCO,2,,24,MASCULINO,SIN DATOS,0,0,Morelia,Cuauhtemoc,agosto,jueves,16,-101.179043501616,19.6947337584819
41510,41516,2022,,2022/08/04,18:05:00,COLISIÓN POR ALCANCE,ASFALTO,Bueno,Bueno,3,FORD,BLANCO,3,MINISTERIO PÚBLICO,36,FEMENINO,SIN DATOS,0,0,Morelia,Centro,agosto,jueves,18,-101.178187206388,19.6990450254594
41511,41517,2022,,2022/08/04,18:30:00,COLISIÓN POR CORTE DE CIRCULACIÓN,ASFALTO,Bueno,Bueno,2,ITALIKA,CREMA,1,MINISTERIO PÚBLICO,,,,0,1,Charo,La Goleta,agosto,jueves,19,-101.081192158163,19.7389958945062
41512,41518,2022,,2022/08/04,19:50:00,COLISIÓN POR CAMBIO DE CARRIL,ASFALTO,Bueno,Bueno,2,ITALIKA,VERDE,2,,17,MASCULINO,SIN DATOS,0,0,Morelia,San Rafael,agosto,jueves,20,-101.153853200376,19.6997498803643
41513,41519,2022,LEG44365,2022/08/04,21:20:00,COLISIÓN POR INVASIÓN DE CARRIL,ASFALTO,Bueno,Malo,2,BAJAJ,NEGRO,2,,0,MASCULINO,SIN DATOS,0,0,Morelia,Emiliano Zapata,agosto,jueves,21,-101.23052816838,19.6542129741104
41514,41520,2022,,2022/08/05,"06:30:00",COLISIÓN POR CORTE DE CIRCULACIÓN,CONCRETO,Bueno,Bueno,2,NISSAN,BLANCO,1,,23,MASCULINO,SIN DATOS,0,0,Morelia,Villas del Pedregal,agosto,viernes,7,-101.303984820843,19.6853374583459
41515,41521,2022,,2022/08/05,"08:30:00",COLISIÓN CONTRA OBJETO FIJO,CONCRETO,Bueno,Bueno,1,SEAT,GRIS,1,,,,SIN DATOS,0,0,Morelia,San Pascual,agosto,viernes,9,-101.271802671254,19.6975163035038
41516,41522,2022,MOR220487800,2022/08/05,"09:25:00",COLISIÓN POR CORTE DE CIRCULACIÓN,ASFALTO,Bueno,Bueno,2,SUZUKI,AZUL,3,,33,MASCULINO,SIN DATOS,1,0,Morelia,Tinijaro,agosto,viernes,9,-101.259467191994,19.6969272855309
41517,41523,2022,MOR 220487885,2022/08/05,"09:40:00",COLISIÓN CONTRA OBJETO FIJO,ASFALTO,Bueno,Bueno,1,VOLKSWAGEN,BLANCO,1,MINISTERIO PÚBLICO,,,SIN DATOS,0,0,Morelia,Centenario (Los Alamos Poniente),agosto,viernes,10,-101.175366528332,19.7348406564872
41518,41524,2022,,2022/08/05,10:35:00,SUBIDA AL CAMELLÓN,CONCRETO,Bueno,Bueno,1,CADILLAC,BLANCO,1,,42,MASCULINO,SIN DATOS,0,0,Morelia,La Loma,agosto,viernes,11,-101.183880530298,19.6796531962048
41519,41525,2022,,2022/08/05,10:45:00,COLISIÓN POR CORTE DE CIRCULACIÓN,ASFALTO,Bueno,Bueno,2,RENAULT,PLATA,2,,64,MASCULINO,SIN DATOS,0,0,Morelia,Nueva Jacarndas,agosto,viernes,11,-101.192008294165,19.6822617438571
41520,41526,2022,,2022/08/05,12:40:00,COLISIÓN POR CORTE DE CIRCULACIÓN,ASFALTO,Bueno,Bueno,2,FORD,BLANCO,2,,38,MASCULINO,SIN DATOS,0,0,Morelia,Ventura Puente,agosto,viernes,13,-101.183176953635,19.6929733597016