fid,id_accidente,anio_origen,folio_c5i,dia_incidente,hora_ocurrencia,tipo_incidente_vial,superficie_ocurrencia,condiciones_climaticas,condiciones_via,numero_vehiculos_involucrados,marca_vehiculo_ocasiona_siniestro,color_vehiculo_ocasiona_siniestro,numero_personas_involucradas,lugar_remite_presunto_responsable,edad_presunto_responsable,sexo_presunto_responsable,resultados_toxicologia,numero_personas_lesionadas,numero_personas_fallecidas,municipio,colonia,mes,dia_semana,hora_redondeada,lon,lat
41521,41527,2022,LEG44387,2022/08/05,13:30:00,COLISIÓN CON PEATÓN,ASFALTO,Bueno,Bueno,1,ITALIKA,GRIS,2,,18,MASCULINO,SIN DATOS,1,0,Morelia,Isaac Arriaga,agosto,viernes,14,-101.171199518887,19.7077986488096
41522,41528,2022,LEG44389,2022/08/05,13:30:00,COLISIÓN POR CORTE DE CIRCULACIÓN,ASFALTO,Bueno,Bueno,1,HONDA,BLANCO,1,,26,MASCULINO,SIN DATOS,0,0,Morelia,Elias Perez Avalos,agosto,viernes,14,-101.165818534791,19.7104447965855
41523,41529,2022,MOR220488610,2022/08/05,15:27:00,COLISIÓN POR ALCANCE,ASFALTO,Bueno,Bueno,2,FORD,PLATA,2,MINISTERIO PÚBLICO,44,MASCULINO,ALIENTO ETÍLICO,0,0,Morelia,Eduardo Ruiz,agosto,viernes,15,-101.221042200923,19.7213716027025
41524,41530,2022,MOR 220488758,2022/08/05,17:00:00,COLISIÓN POR CORTE DE CIRCULACIÓN,ASFALTO,Bueno,Regular,2,TOYOTA,VERDE,2,MINISTERIO PÚBLICO,69,MASCULINO,SIN DATOS,0,0,Morelia,Vasco de Quiroga,agosto,viernes,17,-101.175872124732,19.6992426250428
41525,41531,2022,MOR220489090,2022/08/05,19:00:00,COLISIÓN POR ALCANCE,ASFALTO,Lluvioso,Regular,2,CHEVROLET,AZUL,2,,45,FEMENINO,SIN DATOS,0,0,Morelia,Tzindurio de Morelos,agosto,viernes,19,-101.248441971838,19.6990380810606
41526,41532,2022,MOR 220489425,2022/08/05,20:40:00,COLISIÓN POR ALCANCE,ASFALTO,Bueno,Regular,2,YAMAHA,ROJO,2,,47,MASCULINO,SIN DATOS,0,0,Morelia,Isaac Arriaga,agosto,viernes,21,-101.168576851487,19.708930702765
41527,41533,2022,,2022/08/05,21:00:00,COLISIÓN POR CAMBIO DE CARRIL,CONCRETO,Nublado,Regular,2,FORD,BLANCO,2,,,MASCULINO,SIN DATOS,0,0,Morelia,Elias Perez Avalos,agosto,viernes,21,-101.169393919408,19.7131472148459
41528,41534,2022,,2022/08/05,21:20:00,COLISIÓN POR INVASIÓN DE CARRIL,ASFALTO,Bueno,Bueno,2,NISSAN,BLANCO,0,MINISTERIO PÚBLICO,,,,0,0,Hidalgo,Corros,agosto,viernes,21,-100.55479221046,19.7072947583102
41529,41535,2022,,2022/08/05,22:55:00,COLISIÓN POR CORTE DE CIRCULACIÓN,ASFALTO,Nublado,Regular,2,CHEVROLET,ROJO,2,,23,MASCULINO,SIN DATOS,0,0,Morelia,Prados Verdes,agosto,viernes,23,-101.197254694998,19.7148661083739
41530,41536,2022,,2022/08/06,"00:01:00",COLISIÓN POR CORTE DE CIRCULACIÓN,CONCRETO,Bueno,Bueno,2,BMW,AZUL,2,,70,MASCULINO,SIN DATOS,0,0,Morelia,Chapultepec Norte,agosto,sábado,0,-101.165987178683,19.6955039743111
41531,41537,2022,MOR220489700,2022/08/06,"00:40:00",COLISIÓN POR CAMBIO DE CARRIL,SIN_DATOS,Bueno,Regular,2,CHEVROLET,BLANCO,2,,63,MASCULINO,SIN DATOS,0,0,Morelia,Canteras de Morelia,agosto,sábado,1,-101.171488054097,19.7147534308294
41532,41538,2022,MOR 220489820,2022/08/06,"02:40:00",COLISIÓN POR INVASIÓN DE CARRIL,ASFALTO,Bueno,Bueno,2,SEAT,GRIS,2,MINISTERIO PÚBLICO,27,MASCULINO,SIN DATOS,0,0,Morelia,Nueva Jacarndas,agosto,sábado,3,-101.192008294165,19.6822614281696
41533,41539,2022,MOR 220489824,2022/08/06,"03:20:00",COLISIÓN POR NO RESPETAR SEMÁFORO,CONCRETO,Bueno,Bueno,2,TOYOTA,BLANCO,2,MINISTERIO PÚBLICO,23,FEMENINO,SIN DATOS,0,0,Morelia,Vasco de Quiroga,agosto,sábado,3,-101.175940856338,19.698256834278
41534,41540,2022,LEG44388,2022/08/06,"04:12:00",COLISIÓN CONTRA OBJETO FIJO,ASFALTO,Bueno,Bueno,1,MERCEDES BENZ,NEGRO,1,MINISTERIO PÚBLICO,32,MASCULINO,SIN DATOS,0,0,Morelia,Bosques Tres Marias,agosto,sábado,4,-101.104299724102,19.7243474656371
41535,41541,2022,MOR220490213,2022/08/06,10:15:00,COLISIÓN POR ALCANCE,ASFALTO,Bueno,Bueno,2,CHEVROLET,AZUL,2,,65,MASCULINO,SIN DATOS,0,0,Morelia,Avicola Benito Juarez,agosto,sábado,10,-101.279540173709,19.6913491841815
41536,41542,2022,,2022/08/06,13:00:00,COLISIÓN POR ALCANCE,ASFALTO,Bueno,Bueno,2,DODGE,VERDE,2,,,,SIN DATOS,0,0,Morelia,Felix Ireta,agosto,sábado,13,-101.191780976951,19.6824186405039
41537,41543,2022,MOR220490471,2022/08/06,13:15:00,COLISIÓN POR CORTE DE CIRCULACIÓN,ASFALTO,Bueno,Bueno,2,CHEVROLET,GRIS,2,,,MASCULINO,SIN DATOS,0,0,Morelia,Libertad,agosto,sábado,13,-101.238106749952,19.6873530721051
41538,41544,2022,,2022/08/06,15:35:00,COLISIÓN POR CORTE DE CIRCULACIÓN,ASFALTO,Bueno,Bueno,2,VOLKSWAGEN,BLANCO,2,,47,FEMENINO,SIN DATOS,0,0,Morelia,Nueva Chapultepec,agosto,sábado,16,-101.175479181111,19.6882682186701
41539,41545,2022,,2022/08/07,"00:00:00",COLISIÓN POR CAMBIO DE CARRIL,ASFALTO,Bueno,Bueno,2,MAZDA,GRIS,2,,32,FEMENINO,SIN DATOS,0,0,Morelia,Felix Ireta,agosto,domingo,0,-101.180876120925,19.6849065525045
41540,41546,2022,,2022/08/07,"00:05:00",COLISIÓN CONTRA OBJETO FIJO,ASFALTO,Bueno,Bueno,1,VOLKSWAGEN,GRIS,0,,,,,0,0,Morelia,Valle del Durazno,agosto,domingo,0,-101.187335215509,19.6562665522359
41541,41547,2022,,2022/08/07,"01:10:00",COLISIÓN POR CORTE DE CIRCULACIÓN,ASFALTO,Bueno,Regular,2,CHEVROLET,GRIS,1,,59,MASCULINO,SIN DATOS,0,0,Morelia,Sin datos,agosto,domingo,1,-101.373484879732,19.7680000214393
41542,41548,2022,,2022/08/07,"04:00:00",COLISIÓN POR CORTE DE CIRCULACIÓN,ASFALTO,Bueno,Bueno,2,S/D,NEGRO,2,,,MASCULINO,SIN DATOS,0,0,Morelia,Tres Puentes,agosto,domingo,4,-101.213713735342,19.7026554406889
41543,41549,2022,,2022/08/07,14:25:00,COLISIÓN POR CORTE DE CIRCULACIÓN,ASFALTO,Bueno,Bueno,2,BAJAJ,NEGRO,3,MINISTERIO PÚBLICO,22,MASCULINO,SIN DATOS,1,0,Peribán,Sin datos,agosto,domingo,14,-102.446220293641,19.554049618464
41544,41550,2022,,2022/08/07,14:40:00,COLISIÓN POR MANIOBRA DE REVERSA,CONCRETO,Bueno,Bueno,2,DODGE,BLANCO,2,,31,MASCULINO,SIN DATOS,0,0,Morelia,Camelinas,agosto,domingo,15,-101.168819591403,19.6807139202101
41545,41551,2022,,2022/08/07,15:25:00,COLISIÓN POR INVASIÓN DE CARRIL,ASFALTO,Bueno,Bueno,2,TOYOTA,BLANCO/MORADO,2,,47,MASCULINO,SIN DATOS,0,0,Morelia,La Nueva Aldea,agosto,domingo,15,-101.145311705768,19.7490734833008
41546,41552,2022,,2022/08/07,17:00:00,COLISIÓN POR INVASIÓN DE CARRIL,CONCRETO,Bueno,Bueno,2,VOLKSWAGEN,BLANCO,2,,31,MASCULINO,SIN DATOS,0,0,Morelia,Primo Tapia,agosto,domingo,17,-101.21258854866,19.7094603373804
41547,41553,2022,MOR 220493165,2022/08/07,17:00:00,COLISIÓN POR INVASIÓN DE CARRIL,ASFALTO,Bueno,Bueno,3,NISSAN,ROJO,3,MINISTERIO PÚBLICO,,,SIN DATOS,0,0,Morelia,Puerto de Buenavista,agosto,domingo,17,-101.126325689256,19.6877353571462
41548,41554,2022,LEG44408,2022/08/07,18:02:00,SALIDA DE SUPERFICIE DE RODAMIENTO,ASFALTO,Lluvioso,Malo,1,HONDA,BLANCO,1,,56,MASCULINO,SIN DATOS,0,0,Charo,Sin datos,agosto,domingo,18,-101.000135466456,19.6588858997109
41549,41555,2022,,2022/08/07,18:30:00,COLISIÓN POR CORTE DE CIRCULACIÓN,ASFALTO,Bueno,Bueno,2,MERCEDES BENZ,BLANCO,2,,39,MASCULINO,SIN DATOS,0,0,Morelia,Sin datos,agosto,domingo,19,-101.114057265222,19.7368079938652
41550,41556,2022,,2022/08/07,19:27:00,COLISIÓN POR CORTE DE CIRCULACIÓN,ASFALTO,Bueno,Bueno,2,TOYOTA,NEGRO,2,MINISTERIO PÚBLICO,,FEMENINO,SIN DATOS,0,0,Morelia,Rinconada del Valle,agosto,domingo,19,-101.220183223486,19.6779165611756
41551,41557,2022,,2022/08/07,20:35:00,COLISIÓN POR INVASIÓN DE CARRIL,ASFALTO,Nublado,Bueno,2,CHEVROLET,BLANCO,2,,,MASCULINO,SIN DATOS,0,0,Charo,Sin datos,agosto,domingo,21,-101.007989309728,19.6322221906787
41552,41558,2022,MOR 220493830,2022/08/07,21:30:00,COLISIÓN CONTRA OBJETO FIJO,ASFALTO,Nublado,Regular,1,FORD,ROJO,1,,48,MASCULINO,SIN DATOS,0,0,Morelia,Felix Ireta,agosto,domingo,22,-101.19205288589,19.6823791795911
41553,41559,2022,LEG44409,2022/08/08,"03:00:00",CAIDA ACUATICA DE VEHÍCULO,ASFALTO,Bueno,Regular,1,CHEVROLET,NEGRO,1,,21,MASCULINO,ALIENTO ETÍLICO,0,0,Morelia,Sin datos,agosto,lunes,3,-101.347916722298,19.5450615220436
41554,41560,2022,MOR 220489732,2022/08/08,10:15:00,COLISIÓN CON PEATÓN,ASFALTO,Lluvioso,Malo,1,ITALIKA,BLANCO,2,,21,MASCULINO,SIN DATOS,1,0,Morelia,Chapultepec Oriente,agosto,lunes,10,-101.159612573683,19.6880554530847
41555,41561,2022,,2022/08/08,11:20:00,COLISIÓN POR CORTE DE CIRCULACIÓN,ASFALTO,Bueno,Bueno,2,IZUZU,BLANCO,2,,48,MASCULINO,SIN DATOS,0,0,Morelia,Loma de Los Piñones,agosto,lunes,11,-101.203177347779,19.6751728225694
41556,41562,2022,,2022/08/08,13:10:00,COLISIÓN POR ALCANCE,ASFALTO,Bueno,Bueno,2,HONDA,BLANCO,2,,,FEMENINO,SIN DATOS,0,0,Morelia,Mariano Michelena,agosto,lunes,13,-101.229952163994,19.676906330357
41557,41563,2022,,2022/08/08,14:00:00,COLISIÓN CON PEATÓN,ASFALTO,Bueno,Bueno,1,NISSAN,GRIS,2,,,,SIN DATOS,1,0,Morelia,Nueva Chapultepec,agosto,lunes,14,-101.169521324337,19.685401857361
41558,41564,2022,,2022/08/08,14:15:00,COLISIÓN POR ALCANCE,ASFALTO,Bueno,Bueno,3,HONDA,GRIS,4,,32,MASCULINO,SIN DATOS,1,0,Morelia,Bosques de Oriente,agosto,lunes,14,-101.155620776117,19.7155819403314
41559,41565,2022,,2022/08/08,15:30:00,COLISIÓN POR INVASIÓN DE CARRIL,ASFALTO,Bueno,Bueno,2,VOLVO,BLANCO,2,,60,MASCULINO,SIN DATOS,0,0,Morelia,Los Manantiales de Morelia,agosto,lunes,16,-101.241186931729,19.7007325054202
41560,41566,2022,,2022/08/08,18:00:00,COLISIÓN POR CAMBIO DE CARRIL,ASFALTO,Bueno,Bueno,2,MAN,AZUL Y GRIS,2,,45,MASCULINO,SIN DATOS,0,0,Morelia,Morelos,agosto,lunes,18,-101.185368485749,19.7240239706539
41561,41567,2022,,2022/08/08,18:30:00,COLISIÓN POR ALCANCE,ASFALTO,Bueno,Bueno,2,TOYOTA,ROJO,2,,,MASCULINO,SIN DATOS,0,0,Morelia,Alberto Oviedo Mota,agosto,lunes,19,-101.202057525516,19.6774275471154
41562,41568,2022,,2022/08/08,21:30:00,SUBIDA AL CAMELLÓN,ASFALTO,Bueno,Regular,1,NISSAN,BLANCO /GRIS,1,,62,MASCULINO,SIN DATOS,0,0,Morelia,Rafael Carrillo,agosto,lunes,22,-101.236440092325,19.7077991473679
41563,41569,2022,,2022/08/08,21:45:00,COLISIÓN POR NO RESPETAR SEMÁFORO,ASFALTO,Bueno,Bueno,2,DODGE,VERDE,2,,47,MASCULINO,SIN DATOS,0,0,Morelia,La Pradera,agosto,lunes,22,-101.217519789934,19.6807615894872
41564,41570,2022,,2022/08/08,22:10:00,COLISIÓN CONTRA OBJETO FIJO,CONCRETO,Lluvioso,Regular,1,DODGE,ROJO,1,,52,MASCULINO,SIN DATOS,0,0,Morelia,Indeco Expropiacion Petrolera,agosto,lunes,22,-101.225681081414,19.6837382078295
41565,41571,2022,,2022/08/09,"03:20:00",COLISIÓN CONTRA OBJETO FIJO,CONCRETO,Bueno,Bueno,1,FORD,GRIS,1,,36,MASCULINO,SIN DATOS,0,0,Morelia,Chapultepec Sur,agosto,martes,3,-101.178537234664,19.6922059093425
41566,41572,2022,,2022/08/09,"06:50:00",COLISIÓN CON PEATÓN,ASFALTO,Bueno,Bueno,1,VOLKSWAGEN SAVEIRO,BLANCO,1,,32,MASCULINO,SIN DATOS,0,0,Morelia,Sin datos,agosto,martes,7,-101.342450045049,19.6868770296716
41567,41573,2022,MOR220496705,2022/08/09,12:10:00,COLISIÓN POR CORTE DE CIRCULACIÓN,CONCRETO,Bueno,Bueno,2,CHEVROLET,AZUL,2,,34,FEMENINO,SIN DATOS,0,0,Morelia,Sin datos,agosto,martes,12,-101.092054769397,19.7253403544424
41568,41574,2022,,2022/08/09,13:05:00,COLISIÓN POR CORTE DE CIRCULACIÓN,TERRACERIA,Bueno,Bueno,1,QUINSA,NARANJA,0,MINISTERIO PÚBLICO,,,,0,0,Salvador Escalante,Sin datos,agosto,martes,13,-101.802062988281,19.3655673401347
41569,41575,2022,LEG44432,2022/08/09,13:25:00,COLISIÓN CONTRA OBJETO FIJO,ASFALTO,Bueno,Bueno,2,KENWORTH,ROJO,2,,25,MASCULINO,SIN DATOS,0,0,Morelia,Cumbres de Morelia,agosto,martes,13,-101.140683889389,19.6913678086902
41570,41576,2022,,2022/08/09,14:00:00,COLISIÓN CON PEATÓN,ASFALTO,Bueno,Bueno,2,HONDA,ROJO,0,MINISTERIO PÚBLICO,,,,0,0,Lázaro Cárdenas,1Er Sect de Fidelac,agosto,martes,14,-102.198870331049,17.9624072762323
41571,41577,2022,MOR220497061,2022/08/09,14:30:00,COLISIÓN POR NO RESPETAR SEMÁFORO,ASFALTO,Bueno,Bueno,2,PONTIAC,BLANCO,2,,73,MASCULINO,SIN DATOS,0,0,Morelia,Alberto Oviedo Mota,agosto,martes,15,-101.195739917457,19.6815252430569
41572,41578,2022,,2022/08/09,15:00:00,COLISIÓN POR CAMBIO DE CARRIL,ASFALTO,Bueno,Bueno,2,CHEVROLET,BLANCO,2,,25,MASCULINO,SIN DATOS,0,0,Morelia,Martires de Uruapan,agosto,martes,15,-101.202589608729,19.7255243506414
41573,41579,2022,,2022/08/09,15:12:00,COLISIÓN POR CORTE DE CIRCULACIÓN,ASFALTO,Bueno,Bueno,2,ITALIKA,NEGRO,3,MINISTERIO PÚBLICO,21,MASCULINO,SIN DATOS,1,0,Morelia,Vasco de Quiroga,agosto,martes,15,-101.1734303087,19.7059103631488
41574,41580,2022,MOR220488620,2022/08/09,15:50:00,COLISIÓN POR CORTE DE CIRCULACIÓN,ASFALTO,Nublado,Bueno,2,NISSAN,GRIS,2,,72,MASCULINO,SIN DATOS,0,0,Morelia,Eduardo Ruiz,agosto,martes,16,-101.224091202021,19.7248417015859
41575,41581,2022,MOR220431156,2022/08/09,16:00:00,CAIDA DE MOTOCICLETA,ASFALTO,Bueno,Bueno,1,ITALIKA,NEGRO Y ROJO,2,,45,MASCULINO,SIN DATOS,1,0,Morelia,Eduardo Ruiz,agosto,martes,16,-101.22339785099,19.7229253452423
41576,41582,2022,,2022/08/09,17:58:00,COLISIÓN CONTRA OBJETO FIJO,ASFALTO,Bueno,Bueno,1,TOYOTA,BLANCO/ROSA,1,,20,MASCULINO,SIN DATOS,0,0,Morelia,Jardines del Toreo,agosto,martes,18,-101.214180774987,19.6879689577956
41577,41583,2022,MOR220497831,2022/08/09,19:55:00,COLISIÓN POR CORTE DE CIRCULACIÓN,CONCRETO,Bueno,Bueno,2,CHEVROLET,ARENA,2,,38,MASCULINO,SIN DATOS,0,0,Morelia,Chapultepec Sur,agosto,martes,20,-101.179697290063,19.6908226463251
41578,41584,2022,,2022/08/09,21:14:00,SALIDA DE SUPERFICIE DE RODAMIENTO,CONCRETO,Bueno,Bueno,1,RENAULT,NEGRO,0,,,,,0,0,Morelia,Solidaridad,agosto,martes,21,-101.210238263011,19.7284632114682
41579,41585,2022,,2022/08/09,21:30:00,COLISIÓN POR ALCANCE,ASFALTO,Bueno,Bueno,1,FORD,AZUL,0,MINISTERIO PÚBLICO,,,,0,0,Irimbo,Sin Nombre,agosto,martes,22,-100.487858019769,19.6980939556804
41580,41586,2022,,2022/08/10,"08:15:00",COLISIÓN POR ALCANCE,ASFALTO,Bueno,Regular,2,NISSAN,BLANCO,2,,40,MASCULINO,SIN DATOS,0,0,Morelia,Bosques de Oriente,agosto,miércoles,8,-101.155427657068,19.7159452206676
41581,41587,2022,MOR220498861,2022/08/10,10:50:00,COLISIÓN POR CORTE DE CIRCULACIÓN,ASFALTO,Bueno,Bueno,2,CHEVROLET,NEGRO,2,,39,FEMENINO,SIN DATOS,0,0,Morelia,Isaac Arriaga,agosto,miércoles,11,-101.172356083989,19.7072865517167
41582,41588,2022,,2022/08/10,11:35:00,COLISIÓN POR NO RESPETAR SEMÁFORO,ASFALTO,Bueno,Bueno,2,CHEVROLET,ROJO,2,,38,MASCULINO,SIN DATOS,0,0,Morelia,Jardines del Rincon,agosto,miércoles,12,-101.153376773,19.6872365870516
41583,41589,2022,,2022/08/10,12:10:00,COLISIÓN POR CAMBIO DE CARRIL,ASFALTO,Bueno,Bueno,2,RENAULT,BLANCO,2,,56,MASCULINO,SIN DATOS,0,0,Morelia,Indeco El Vivero,agosto,miércoles,12,-101.231868602335,19.6775825543161
41584,41590,2022,,2022/08/10,12:40:00,COLISIÓN POR ALCANCE,ASFALTO,Bueno,Bueno,2,DODGE,NEGRO,2,,19,MASCULINO,SIN DATOS,0,0,Morelia,Sin datos,agosto,miércoles,13,-101.168804839253,19.6639602901208
41585,41591,2022,,2022/08/10,13:10:00,COLISIÓN POR CORTE DE CIRCULACIÓN,ASFALTO,Bueno,Bueno,3,MOUNTAINEER,GRIS,2,,28,MASCULINO,SIN DATOS,0,0,Morelia,Vasco de Quiroga,agosto,miércoles,13,-101.171583943069,19.70676259141
41586,41592,2022,,2022/08/10,15:00:00,COLISIÓN POR CORTE DE CIRCULACIÓN,ASFALTO,Bueno,Bueno,2,ITALIKA,NEGRO,2,,21,FEMENINO,SIN DATOS,0,0,Morelia,Nueva Valladolid,agosto,miércoles,15,-101.209639459848,19.7009724001166
41587,41593,2022,MOR220499631,2022/08/10,15:10:00,COLISIÓN POR CORTE DE CIRCULACIÓN,ASFALTO,Bueno,Bueno,2,ITALIKA,NEGRO,2,,26,MASCULINO,SIN DATOS,0,0,Morelia,Felix Ireta,agosto,miércoles,15,-101.180241107941,19.6879377058366
41588,41594,2022,,2022/08/10,15:40:00,COLISIÓN POR CORTE DE CIRCULACIÓN,ASFALTO,Nublado,Regular,2,CHEVROLET,BEIGE,2,,59,MASCULINO,SIN DATOS,0,0,Morelia,Santa Maria de Guido,agosto,miércoles,16,-101.189767979085,19.6721954136711
41589,41595,2022,,2022/08/10,21:15:00,COLISIÓN POR ALCANCE,ASFALTO,Bueno,Bueno,2,CHEVROLET,AZUL,2,MINISTERIO PÚBLICO,18,MASCULINO,SIN DATOS,0,0,Morelia,Sentimientos de La Nacion,agosto,miércoles,21,-101.23686991632,19.6848033243396
41590,41596,2022,,2022/08/10,21:50:00,COLISIÓN POR INVASIÓN DE CARRIL,ASFALTO,Bueno,Bueno,2,NISSAN,BLANCO,2,,22,MASCULINO,SIN DATOS,0,0,Morelia,Ventura Puente,agosto,miércoles,22,-101.1804818362,19.6925124226472
41591,41597,2022,,2022/08/10,23:03:00,COLISIÓN POR ALCANCE,ASFALTO,Bueno,Bueno,2,JEEP,BLANCO,2,MINISTERIO PÚBLICO,44,FEMENINO,CON CERTIFICADO,0,0,Morelia,Jacarandas,agosto,miércoles,23,-101.211577020586,19.7089707884021
41592,41598,2022,,2022/08/11,"08:30:00",COLISIÓN POR ALCANCE,ASFALTO,Bueno,Bueno,2,FREIGHTLINER,BLANCO,2,,22,MASCULINO,SIN DATOS,0,0,Morelia,Sentimientos de La Nacion,agosto,jueves,9,-101.233256980777,19.6782205762657
41593,41599,2022,MOR220502075,2022/08/11,11:40:00,COLISIÓN POR ALCANCE,ASFALTO,Bueno,Bueno,2,TOYOTA,GRIS,2,,43,MASCULINO,SIN DATOS,0,0,Morelia,Industrial,agosto,jueves,12,-101.198080815375,19.7068276130835
41594,41600,2022,,2022/08/11,13:24:00,COLISIÓN POR ALCANCE,ASFALTO,Bueno,Bueno,2,NISSAN,BLANCO,2,MINISTERIO PÚBLICO,55,MASCULINO,SIN DATOS,0,0,Morelia,Sin datos,agosto,jueves,13,-101.118532530963,19.7308068132429
41595,41601,2022,MOR220502638,2022/08/11,14:10:00,SALIDA DE SUPERFICIE DE RODAMIENTO,ASFALTO,Bueno,Bueno,1,NISSAN,AZUL,1,,19,MASCULINO,SIN DATOS,0,0,Morelia,Club de Golf Tres Marias,agosto,jueves,14,-101.114784814417,19.7038542648686
41596,41602,2022,,2022/08/11,14:55:00,COLISIÓN POR CORTE DE CIRCULACIÓN,ASFALTO,Bueno,Bueno,1,FORD,AMARILLO,1,,56,FEMENINO,SIN DATOS,0,0,Morelia,Villa Magna,agosto,jueves,15,-101.326704472303,19.680978784424
41597,41603,2022,,2022/08/11,15:35:00,COLISIÓN POR INVASIÓN DE CARRIL,ASFALTO,Bueno,Bueno,2,INTERNACIONAL,BLANCO,2,,27,MASCULINO,SIN DATOS,0,0,Morelia,Primo Tapia Oriente,agosto,jueves,16,-101.159636043012,19.7129871920514
41598,41604,2022,,2022/08/11,16:10:00,COLISIÓN POR CORTE DE CIRCULACIÓN,ASFALTO,Bueno,Bueno,2,DINA,AMARILLO,2,,48,MASCULINO,SIN DATOS,0,0,Morelia,Mariano Michelena,agosto,jueves,16,-101.229969598353,19.6769075931495
41599,41605,2022,,2022/08/11,20:40:00,COLISIÓN POR CAMBIO DE CARRIL,ASFALTO,Bueno,Bueno,2,DODGE,BLANCO,2,,49,FEMENINO,SIN DATOS,0,0,Morelia,Felix Ireta,agosto,jueves,21,-101.192025057971,19.6866377452084
41600,41606,2022,,2022/08/12,11:00:00,COLISIÓN POR CAMBIO DE CARRIL,ASFALTO,Bueno,Bueno,2,NISSAN,BLANCO/AMARILLO,2,,73,MASCULINO,SIN DATOS,0,0,Morelia,Centro,agosto,viernes,11,-101.17805898042,19.6994017975205
41601,41607,2022,,2022/08/12,17:40:00,COLISIÓN POR CAMBIO DE CARRIL,ASFALTO,Bueno,Bueno,2,SUZUKI,NARANJA,2,,40,MASCULINO,SIN DATOS,0,0,Morelia,Felix Ireta,agosto,viernes,18,-101.180756092072,19.6857374263201
41602,41608,2022,,2022/08/12,18:20:00,COLISIÓN POR CORTE DE CIRCULACIÓN,ASFALTO,Bueno,Bueno,2,NISSAN,BLANCO,2,,,MASCULINO,SIN DATOS,0,0,Morelia,Elias Perez Avalos,agosto,viernes,18,-101.165504381061,19.7104416402655
41603,41609,2022,,2022/08/12,19:00:00,COLISIÓN POR CAMBIO DE CARRIL,ASFALTO,Bueno,Bueno,2,FREIGHTLINER CAMIÓN,BLANCO,2,,42,MASCULINO,SIN DATOS,0,0,Morelia,Francisco J Mujica,agosto,viernes,19,-101.184543371201,19.7249411166783
41604,41610,2022,,2022/08/12,19:30:00,COLISIÓN POR ALCANCE,CONCRETO,Bueno,Bueno,2,VOLKSWAGEN,BLANCO,2,,29,MASCULINO,SIN DATOS,0,0,Morelia,Nueva Esperanza,agosto,viernes,20,-101.250633001328,19.6878291131235
41605,41611,2022,,2022/08/12,20:09:00,COLISIÓN POR ALCANCE,ASFALTO,Bueno,Bueno,2,VENTO,NEGRO,2,,17,MASCULINO,SIN DATOS,0,0,Morelia,Eduardo Ruiz,agosto,viernes,20,-101.224095225334,19.7248587441776
41606,41612,2022,,2022/08/12,22:30:00,COLISIÓN POR INVASIÓN DE CARRIL,ASFALTO,Bueno,Bueno,2,KENWORTH,ROJO,2,,42,MASCULINO,SIN DATOS,0,0,Morelia,Ana Maria Gallaga (Riviera Norte),agosto,viernes,23,-101.219993121922,19.6771285816836
41607,41613,2022,,2022/08/13,"00:00:00",COLISIÓN CON PEATÓN,ASFALTO,Bueno,Bueno,0,,,0,,,,,0,0,Pátzcuaro,Molino San Nicolas,agosto,sábado,0,-101.609555482864,19.5240888253696
41608,41614,2022,,2022/08/13,"03:12:00",COLISIÓN CONTRA OBJETO FIJO,CONCRETO,Bueno,Bueno,2,SEAT,PLATA,2,,,MASCULINO,SIN DATOS,0,0,Morelia,Isaac Arriaga,agosto,sábado,3,-101.174238659441,19.7064482144021
41609,41615,2022,LEG44464,2022/08/13,"09:50:00",COLISIÓN CONTRA OBJETO FIJO,CONCRETO,Bueno,Bueno,1,NISSAN,GRIS,2,,24,MASCULINO,SIN DATOS,1,0,Tarímbaro,Club Erandeni,agosto,sábado,10,-101.188330985606,19.7613045837954
41610,41616,2022,,2022/08/13,10:00:00,COLISIÓN CON PEATÓN,ASFALTO,Bueno,Bueno,1,NISSAN,BLANCO,1,,55,MASCULINO,SIN DATOS,0,0,Morelia,Clara Cordova Moran,agosto,sábado,10,-101.180834881961,19.7373978116583
41612,41618,2022,LEG44476,2022/08/13,12:50:00,COLISIÓN POR CORTE DE CIRCULACIÓN,CONCRETO,Bueno,Bueno,2,VOLKSWAGEN,AZUL,2,,31,MASCULINO,SIN DATOS,0,0,Morelia,Independencia,agosto,sábado,13,-101.17615442723,19.7133227031701
41613,41619,2022,,2022/08/13,13:10:00,COLISIÓN POR CORTE DE CIRCULACIÓN,ASFALTO,Bueno,Bueno,2,ITALIKA,BLANCO,2,,17,MASCULINO,SIN DATOS,0,0,Morelia,Felix Ireta,agosto,sábado,13,-101.180519387126,19.6869884641347
41614,41620,2022,,2022/08/13,13:32:00,COLISIÓN POR CORTE DE CIRCULACIÓN,ASFALTO,Bueno,Bueno,2,ITALIKA,NEGRO/ROJO,2,,17,MASCULINO,SIN DATOS,0,0,Morelia,La Manga,agosto,sábado,14,-101.218002922833,19.7519816179597
41615,41621,2022,MOR220508534,2022/08/13,14:28:00,COLISIÓN POR CORTE DE CIRCULACIÓN,ASFALTO,Bueno,Bueno,2,VENTO,ROJO/BLANCO,3,,20,MASCULINO,SIN DATOS,1,0,Morelia,Jose Ma Pino Suarez,agosto,sábado,14,-101.162734664977,19.7231431141659
41616,41622,2022,LEG44468,2022/08/13,15:50:00,COLISIÓN CONTRA OBJETO FIJO,ASFALTO,Bueno,Bueno,1,NISSAN,ROJO,1,,,MASCULINO,SIN DATOS,0,0,Morelia,Sin datos,agosto,sábado,16,-101.119873300195,19.6995870032864