fid,id_accidente,anio_origen,folio_c5i,dia_incidente,hora_ocurrencia,tipo_incidente_vial,superficie_ocurrencia,condiciones_climaticas,condiciones_via,numero_vehiculos_involucrados,marca_vehiculo_ocasiona_siniestro,color_vehiculo_ocasiona_siniestro,numero_personas_involucradas,lugar_remite_presunto_responsable,edad_presunto_responsable,sexo_presunto_responsable,resultados_toxicologia,numero_personas_lesionadas,numero_personas_fallecidas,municipio,colonia,mes,dia_semana,hora_redondeada,lon,lat
41617,41623,2022,,2022/08/13,16:27:00,COLISIÓN POR ALCANCE,ASFALTO,Bueno,Bueno,2,NISSAN,BLANCO/ROJO,2,,50,MASCULINO,SIN DATOS,0,0,Morelia,Rafael Carrillo,agosto,sábado,16,-101.236439421773,19.7077991473679
41618,41624,2022,,2022/08/13,17:20:00,COLISIÓN POR MANIOBRA DE REVERSA,ASFALTO,Bueno,Bueno,2,NISSAN,BLANCO,2,,29,MASCULINO,SIN DATOS,0,0,Morelia,Prados Verdes,agosto,sábado,17,-101.197151094675,19.717119958207
41619,41625,2022,MOR220501,2022/08/13,19:30:00,COLISIÓN POR CORTE DE CIRCULACIÓN,ASFALTO,Bueno,Regular,2,HYUNDAI,ARENA,2,MINISTERIO PÚBLICO,52,FEMENINO,SIN DATOS,0,0,Morelia,Sin datos,agosto,sábado,20,-101.114527322352,19.7368095717649
41620,41626,2022,LEG44470,2022/08/13,20:20:00,COLISIÓN CONTRA OBJETO FIJO,ASFALTO,Bueno,Bueno,1,VOLKSWAGEN,GRIS,1,MINISTERIO PÚBLICO,32,MASCULINO,SIN DATOS,0,0,Morelia,Jardines del Quinceo,agosto,sábado,20,-101.20585044377,19.7238762920318
41621,41627,2022,MOR220510061,2022/08/13,22:08:00,COLISIÓN POR INVASIÓN DE CARRIL,CONCRETO,Bueno,Bueno,2,MAZDA,NEGRO,2,MINISTERIO PÚBLICO,29,FEMENINO,ALIENTO ETÍLICO,0,0,Morelia,Jardines del Rincon,agosto,sábado,22,-101.148215197027,19.6873413920358
41622,41628,2022,,2022/08/13,22:50:00,COLISIÓN CON PEATÓN,CONCRETO,Bueno,Bueno,1,VOLKSWAGEN,BLANCO,1,MINISTERIO PÚBLICO,,,,1,0,Pátzcuaro,Centro,agosto,sábado,23,-101.608915105462,19.519486563406
41623,41629,2022,MOR220510562,2022/08/14,"00:50:00",SUBIDA AL CAMELLÓN,CONCRETO,Lluvioso,Regular,1,VOLKSWAGEN,BLANCO,1,,,,SIN DATOS,0,0,Morelia,Los Manantiales de Morelia,agosto,domingo,1,-101.24300647527,19.7003912861602
41624,41630,2022,MOR220510530,2022/08/14,"01:30:00",COLISIÓN POR CAMBIO DE CARRIL,ASFALTO,Nublado,Bueno,2,NISSAN,BLANCO,2,,33,MASCULINO,ALIENTO ETÍLICO,0,0,Morelia,Villa Magna,agosto,domingo,2,-101.327823288739,19.6851341593241
41625,41631,2022,MOR220510658,2022/08/14,"03:12:00",COLISIÓN POR CORTE DE CIRCULACIÓN,ASFALTO,Nublado,Regular,2,VOLKSWAGEN,BLANCO,2,,25,MASCULINO,SIN DATOS,0,0,Morelia,El Realito,agosto,domingo,3,-101.204264312983,19.7257260203314
41626,41632,2022,,2022/08/14,"08:35:00",COLISIÓN POR INVASIÓN DE CARRIL,ASFALTO,Nublado,Bueno,2,VOLKSWAGEN,BLANCO,2,,37,MASCULINO,SIN DATOS,0,0,Morelia,Primo Tapia Oriente,agosto,domingo,9,-101.160207688808,19.7126409488887
41627,41633,2022,,2022/08/14,15:00:00,COLISIÓN CON PEATÓN,SIN_DATOS,Bueno,Bueno,2,NISSAN,PLATA,2,,61,MASCULINO,SIN DATOS,0,0,Morelia,Josefa Ortiz de Dominguez,agosto,domingo,15,-101.209243498743,19.6720596594286
41628,41634,2022,,2022/08/14,20:00:00,COLISIÓN POR CORTE DE CIRCULACIÓN,ASFALTO,Bueno,Bueno,2,VOLKSWAGEN,BLANCO,2,,35,MASCULINO,SIN DATOS,0,0,Morelia,Emiliano Zapata,agosto,domingo,20,-101.228314004838,19.6581856010195
41629,41635,2022,,2022/08/14,20:15:00,COLISIÓN POR CORTE DE CIRCULACIÓN,ASFALTO,Nublado,Regular,2,CHRYSLER,BLANCO,2,,47,MASCULINO,SIN DATOS,0,0,Morelia,Guadalupe,agosto,domingo,20,-101.225791722536,19.7078550151444
41630,41636,2022,,2022/08/14,22:20:00,COLISIÓN POR CORTE DE CIRCULACIÓN,ASFALTO,Bueno,Bueno,2,FREIGHTLINER,BLANCO,2,,60,MASCULINO,SIN DATOS,0,0,Morelia,La Huerta,agosto,domingo,22,-101.216366775334,19.673789728147
41631,41637,2022,LEG44485,2022/08/14,22:37:00,COLISIÓN POR MANIOBRA DE REVERSA,SIN_DATOS,Lluvioso,Bueno,2,FORD,GRIS,2,,0,MASCULINO,SIN DATOS,0,0,Morelia,Felix Ireta,agosto,domingo,23,-101.18703044951,19.6871870256345
41632,41638,2022,,2022/08/14,22:40:00,COLISIÓN POR ALCANCE,ASFALTO,Bueno,Bueno,4,VOLKSWAGEN,AZUL,4,,35,MASCULINO,SIN DATOS,0,0,Morelia,Libertad,agosto,domingo,23,-101.237569972873,19.6864675941654
41633,41639,2022,,2022/08/15,"00:20:00",COLISIÓN POR ALCANCE,ASFALTO,Bueno,Bueno,2,HONDA,GRIS,2,MINISTERIO PÚBLICO,32,FEMENINO,SIN DATOS,0,0,Morelia,Lomas de Huerta,agosto,lunes,0,-101.210146062076,19.67232327512
41634,41640,2022,,2022/08/15,"02:40:00",VOLCADURA,ASFALTO,Lluvioso,Bueno,1,NISSAN,AZUL,1,MINISTERIO PÚBLICO,,,,0,1,Charo,Sin datos,agosto,lunes,3,-101.010742416675,19.7002866457327
41635,41641,2022,MOR220431791,2022/08/15,"07:40:00",COLISIÓN POR CORTE DE CIRCULACIÓN,CONCRETO,Bueno,Bueno,2,CHEVROLET,NEGRO,2,,23,FEMENINO,SIN DATOS,0,0,Morelia,Ventura Puente,agosto,lunes,8,-101.182607151568,19.6908428492484
41636,41642,2022,,2022/08/15,"08:00:00",SALIDA DE SUPERFICIE DE RODAMIENTO,ASFALTO,Bueno,Bueno,1,TOYOTA,BLANCO,1,,36,MASCULINO,SIN DATOS,0,0,Morelia,Felix Ireta,agosto,lunes,8,-101.192050203681,19.6823823364645
41637,41643,2022,,2022/08/15,"08:00:00",COLISIÓN POR MANIOBRA DE REVERSA,ASFALTO,Nublado,Regular,2,MERCEDES BENZ,BLANCO,2,,40,MASCULINO,SIN DATOS,0,0,Morelia,Prados Verdes,agosto,lunes,8,-101.199782310949,19.7166640281338
41638,41644,2022,MOR220514229,2022/08/15,"09:00:00",COLISIÓN POR ALCANCE,ASFALTO,Nublado,Bueno,2,NISSAN,GRIS/BLANCO,2,,46,MASCULINO,SIN DATOS,0,0,Morelia,La Morita,agosto,lunes,9,-101.20565773337,19.6522383537961
41639,41645,2022,,2022/08/15,"09:43:00",COLISIÓN POR CAMBIO DE CARRIL,ASFALTO,Bueno,Bueno,2,DODGE,GRIS,2,,53,MASCULINO,SIN DATOS,0,0,Morelia,Barrio Alto,agosto,lunes,10,-101.1882827,19.7276714
41640,41646,2022,LEG44491,2022/08/15,10:10:00,COLISIÓN POR ALCANCE,ASFALTO,Nublado,Bueno,3,SEAT,BLANCO,4,MINISTERIO PÚBLICO,24,MASCULINO,SIN DATOS,1,0,Morelia,El Lago 2,agosto,lunes,10,-101.21308714929,19.7249514326746
41643,41649,2022,MOR220514358,2022/08/15,11:50:00,COLISIÓN POR CORTE DE CIRCULACIÓN,CONCRETO,Nublado,Regular,2,TOYOTA,ROJO,2,,61,MASCULINO,SIN DATOS,0,0,Morelia,Rinconada del Valle,agosto,lunes,12,-101.222,19.6779
41644,41650,2022,MOR220431144,2022/08/15,12:30:00,COLISIÓN POR ALCANCE,ASFALTO,Bueno,Bueno,2,MERCEDES BENZ,GRIS,2,,63,FEMENINO,SIN DATOS,0,0,Morelia,Insurgentes,agosto,lunes,13,-101.155089698732,19.6951813679681
41645,41651,2022,,2022/08/15,14:00:00,COLISIÓN POR ALCANCE,ASFALTO,Bueno,Bueno,3,VOLKSWAGEN,ROJO,3,,20,MASCULINO,SIN DATOS,0,0,Morelia,Bello Horizonte,agosto,lunes,14,-101.188296998863,19.6600592599565
41646,41652,2022,MOR220515302,2022/08/15,14:25:00,COLISIÓN POR CAMBIO DE CARRIL,ASFALTO,Nublado,Bueno,2,CHEVROLET,BLANCO,2,,48,MASCULINO,SIN DATOS,0,0,Morelia,La Quemada,agosto,lunes,14,-101.240275,19.687817
41647,41653,2022,,2022/08/15,14:44:00,COLISIÓN POR CORTE DE CIRCULACIÓN,ASFALTO,Bueno,Bueno,2,YAMAHA,AZUL,2,,20,MASCULINO,SIN DATOS,0,0,Morelia,Comision Federal de Electricidad,agosto,lunes,15,-101.18,19.682
41649,41655,2022,,2022/08/15,15:46:00,COLISIÓN POR CORTE DE CIRCULACIÓN,ASFALTO,Bueno,Bueno,2,NISSAN,ARENA,2,,48,MASCULINO,SIN DATOS,0,0,Morelia,Isaac Arriaga,agosto,lunes,16,-101.173878539064,19.7098514781792
41650,41656,2022,MOR220515625,2022/08/15,17:00:00,COLISIÓN POR CORTE DE CIRCULACIÓN,CONCRETO,Lluvioso,Bueno,2,ITALIKA,NEGRO/AMARILLO,3,MINISTERIO PÚBLICO,32,MASCULINO,SIN DATOS,1,0,Morelia,Jose Maria Morelos,agosto,lunes,17,-101.218362448138,19.7157406539004
41651,41657,2022,MOR220516435,2022/08/15,17:00:00,COLISIÓN POR INVASIÓN DE CARRIL,CONCRETO,Bueno,Bueno,2,CHEVROLET,GRIS,4,MINISTERIO PÚBLICO,0,,SIN DATOS,2,0,Morelia,Industrial,agosto,lunes,17,-101.201185807586,19.7096276232771
41652,41658,2022,,2022/08/15,19:35:00,COLISIÓN POR CORTE DE CIRCULACIÓN,ASFALTO,Bueno,Bueno,2,BAJAJ,NEGRA/AZUL,2,,40,MASCULINO,SIN DATOS,0,0,Morelia,Tinijaro,agosto,lunes,20,-101.26316,19.6963297049991
41653,41659,2022,MOR220516,2022/08/15,20:00:00,COLISIÓN POR INVASIÓN DE CARRIL,ASFALTO,Bueno,Bueno,2,KTM,BLANCO,2,,29,MASCULINO,SIN DATOS,0,0,Morelia,Camelinas,agosto,lunes,20,-101.168275438249,19.6827535843402
41654,41660,2022,,2022/08/15,21:26:00,COLISIÓN POR CAMBIO DE CARRIL,ASFALTO,Bueno,Bueno,3,MAZDA,ROJO,3,MINISTERIO PÚBLICO,36,MASCULINO,SIN DATOS,0,0,Morelia,Ciudad Industrial,agosto,lunes,21,-101.14293191582,19.7252696594486
41655,41661,2022,MOR220516561,2022/08/15,21:35:00,COLISIÓN POR INVASIÓN DE CARRIL,ASFALTO,Lluvioso,Regular,2,FORD,BLANCO,2,,50,MASCULINO,ALIENTO ETÍLICO,0,0,Charo,Sin datos,agosto,lunes,22,-101.079730018973,19.686726450968
41656,41662,2022,MOR 220516933,2022/08/16,"00:05:00",COLISIÓN CONTRA OBJETO FIJO,ASFALTO,Lluvioso,Bueno,1,CHEVROLET,ROJO,1,,37,MASCULINO,CON CERTIFICADO,0,0,Morelia,Nueva Valladolid,agosto,martes,0,-101.211483945359,19.6992598320994
41657,41663,2022,,2022/08/16,"02:00:00",COLISIÓN CONTRA OBJETO FIJO,ASFALTO,Lluvioso,Regular,1,CHEVROLET,GUINDA,1,,29,MASCULINO,SIN DATOS,0,0,Morelia,Ampliacion La Soledad,agosto,martes,2,-101.185284,19.731239
41658,41664,2022,,2022/08/16,"09:20:00",COLISIÓN POR CORTE DE CIRCULACIÓN,ASFALTO,Bueno,Bueno,2,FORD IKON,GRIS,2,,26,MASCULINO,SIN DATOS,0,0,Morelia,5 de Mayo,agosto,martes,9,-101.17646606922,19.7040563602475
41660,41666,2022,,2022/08/16,13:22:00,COLISIÓN POR CORTE DE CIRCULACIÓN,CONCRETO,Nublado,Bueno,2,FIAT/MOBI,BLANCO,2,,21,MASCULINO,SIN DATOS,0,0,Morelia,Ventura Puente,agosto,martes,13,-101.187182954235,19.6926426896116
41661,41667,2022,,2022/08/16,13:25:00,COLISIÓN CON PEATÓN,SIN_DATOS,Bueno,Bueno,2,DODGE,BLANCO,2,,0,,SIN DATOS,0,0,Morelia,Vistas de Altozano,agosto,martes,13,-101.167,19.6551
41662,41668,2022,MOR220518413,2022/08/16,14:20:00,COLISIÓN POR ALCANCE,ASFALTO,Bueno,Bueno,2,PETERBILT,AZUL,2,,51,MASCULINO,SIN DATOS,0,0,Morelia,Nicolas Bravo(Los Ejidos),agosto,martes,14,-101.220301,19.704603
41663,41669,2022,,2022/08/16,15:10:00,COLISIÓN POR CAMBIO DE CARRIL,ASFALTO,Bueno,Bueno,2,ITALIKA,NEGRO,2,,48,MASCULINO,SIN DATOS,0,0,Morelia,Mariano Michelena,agosto,martes,15,-101.231337504797,19.6758071810468
41664,41670,2022,,2022/08/16,16:16:00,COLISIÓN POR CAMBIO DE CARRIL,ASFALTO,Bueno,Bueno,2,NISSAN,BLANCO,2,,25,MASCULINO,SIN DATOS,0,0,Morelia,Centro,agosto,martes,16,-101.19118388321,19.702768457823
41665,41671,2022,,2022/08/16,21:56:00,COLISIÓN POR CAMBIO DE CARRIL,ASFALTO,Bueno,Regular,2,INTERNATIONAL,ROJO,2,,0,MASCULINO,SIN DATOS,0,0,Morelia,Xangari,agosto,martes,22,-101.219623120327,19.6720670459846
41666,41672,2022,,2022/08/17,"00:01:00",COLISIÓN POR ALCANCE,ASFALTO,Bueno,Bueno,2,CHEVROLET,BLANCO,2,,26,MASCULINO,SIN DATOS,0,0,Morelia,Sin datos,agosto,miércoles,0,-101.355056,19.6696905
41667,41673,2022,MOR220520379,2022/08/17,"08:20:00",COLISIÓN POR ALCANCE,ASFALTO,Bueno,Bueno,2,TOYOTA,BLANCO/NARANJA,2,,30,MASCULINO,SIN DATOS,0,0,Morelia,Josefa Ortiz de Dominguez,agosto,miércoles,8,-101.210532894023,19.6720411464155
41668,41674,2022,,2022/08/17,"09:50:00",COLISIÓN CONTRA OBJETO FIJO,ASFALTO,Bueno,Bueno,2,NISSAN,BLANCO,2,,39,MASCULINO,SIN DATOS,0,0,Morelia,Los Angeles,agosto,miércoles,10,-101.172693695,19.7488773499992
41669,41675,2022,LEG44525,2022/08/17,13:30:00,COLISIÓN POR NO RESPETAR SEMÁFORO,ASFALTO,Bueno,Bueno,2,NISSAN,BLANCO,2,,44,MASCULINO,SIN DATOS,0,0,Morelia,Camelinas,agosto,miércoles,14,-101.17262119,19.6818144849991
41670,41676,2022,MOR220521405,2022/08/17,13:50:00,COLISIÓN POR ALCANCE,ASFALTO,Bueno,Bueno,2,CHEVROLET,PLATA,2,,20,MASCULINO,SIN DATOS,0,0,Morelia,Centro,agosto,miércoles,14,-101.18754847,19.7028479949991
41671,41677,2022,LEG44526,2022/08/17,13:55:00,COLISIÓN POR MANIOBRA DE REVERSA,ASFALTO,Bueno,Bueno,2,VOLKSWAGEN,AZUL,2,MINISTERIO PÚBLICO,0,MASCULINO,SIN DATOS,0,0,Morelia,Comision Federal de Electricidad,agosto,miércoles,14,-101.18,19.682
41672,41678,2022,,2022/08/17,14:17:00,COLISIÓN POR CAMBIO DE CARRIL,ASFALTO,Bueno,Bueno,2,RENAULT,GRIS,2,,0,MASCULINO,SIN DATOS,0,0,Morelia,Lomas de Santiaguito,agosto,miércoles,14,-101.179519891941,19.7229539949395
41673,41679,2022,,2022/08/17,14:40:00,COLISIÓN POR MANIOBRA DE REVERSA,ASFALTO,Bueno,Bueno,2,CHEVROLET,ARENA,2,,58,FEMENINO,SIN DATOS,0,0,Morelia,Nueva Chapultepec,agosto,miércoles,15,-101.170656534483,19.6877951794071
41674,41680,2022,MOR220521588,2022/08/17,14:45:00,COLISIÓN POR CAMBIO DE CARRIL,ASFALTO,Bueno,Regular,2,KENWORTH,BLANCO,2,,61,MASCULINO,SIN DATOS,0,0,Morelia,Lazaro Cardenas,agosto,miércoles,15,-101.162058507071,19.7101112773308
41675,41681,2022,,2022/08/17,15:24:00,COLISIÓN POR ALCANCE,ASFALTO,Bueno,Bueno,2,NISSAN,ARENA,2,,26,FEMENINO,SIN DATOS,0,0,Morelia,Ignacio Allende,agosto,miércoles,15,-101.288264,19.684786
41676,41682,2022,,2022/08/17,15:45:00,COLISIÓN POR CORTE DE CIRCULACIÓN,ASFALTO,Bueno,Bueno,3,TOYOTA,NEGRO,3,MINISTERIO PÚBLICO,59,MASCULINO,SIN DATOS,0,0,Tarímbaro,Sin datos,agosto,miércoles,16,-101.101,19.7852
41677,41683,2022,MOR220522261,2022/08/17,17:35:00,COLISIÓN POR ALCANCE,ASFALTO,Bueno,Regular,2,NISSAN,BLANCO/AZUL,2,,32,MASCULINO,SIN DATOS,0,0,Morelia,Enrique Arreguin Robles,agosto,miércoles,18,-101.182,19.7217
41678,41684,2022,MOR220522294,2022/08/17,17:57:00,COLISIÓN POR ALCANCE,ASFALTO,Bueno,Bueno,2,VOLKSWAGEN,ROJO,2,,35,MASCULINO,SIN DATOS,0,0,Morelia,El Lago 1,agosto,miércoles,18,-101.216335622487,19.7307987163553
41679,41685,2022,MOR22052294,2022/08/17,20:20:00,COLISIÓN POR ALCANCE,ASFALTO,Bueno,Bueno,2,VOLKSWAGEN,GRIS,2,,38,MASCULINO,SIN DATOS,0,0,Morelia,Nueva Valladolid,agosto,miércoles,20,-101.211483945359,19.6992598320994
41680,41686,2022,,2022/08/17,22:00:00,COLISIÓN CON PEATÓN,ASFALTO,Bueno,Bueno,2,FORD,GRIS,0,MINISTERIO PÚBLICO,,,,0,0,Lázaro Cárdenas,Sin datos,agosto,miércoles,22,-102.231710627675,17.9372323066315
41681,41687,2022,,2022/08/18,"00:00:00",COLISIÓN POR CORTE DE CIRCULACIÓN,SIN_DATOS,Bueno,Bueno,2,HONDA,NEGRO,0,MINISTERIO PÚBLICO,,,,0,0,Lázaro Cárdenas,Pie de Casa,agosto,jueves,0,-102.22351949662,17.9649258836701
41682,41688,2022,,2022/08/18,"00:00:00",COLISIÓN POR ALCANCE,CONCRETO,Bueno,Bueno,2,CHEVROLET,GRIS,2,,30,MASCULINO,SIN DATOS,0,0,Morelia,Justo Mendoza,agosto,jueves,0,-101.230276318269,19.712793964837
41683,41689,2022,MOR220523427,2022/08/18,"03:09:00",COLISIÓN POR INVASIÓN DE CARRIL,ASFALTO,Lluvioso,Regular,2,VOLKSWAGEN,ROJO,2,,20,FEMENINO,SIN DATOS,0,0,Morelia,Felicitas del Rio,agosto,jueves,3,-101.20259375,19.6909528599991
41684,41690,2022,,2022/08/18,"03:57:00",COLISIÓN POR ALCANCE,ASFALTO,Lluvioso,Bueno,2,NISSAN,AZUL,2,,41,MASCULINO,CON CERTIFICADO,0,0,Morelia,Tzindurio de Morelos,agosto,jueves,4,-101.244267185,19.6989302849992
41685,41691,2022,,2022/08/18,"08:30:00",COLISIÓN POR NO RESPETAR SEMÁFORO,ASFALTO,Bueno,Bueno,2,TOYOTA/TACOMA,BLANCO,2,,32,MASCULINO,SIN DATOS,0,0,Morelia,Los Manantiales de Morelia,agosto,jueves,9,-101.235085,19.696481
41686,41692,2022,,2022/08/18,"09:10:00",COLISIÓN POR ALCANCE,CONCRETO,Bueno,Bueno,4,HONDA,GRIS,4,MINISTERIO PÚBLICO,26,MASCULINO,SIN DATOS,0,0,Morelia,Nueva Chapultepec,agosto,jueves,9,-101.170656534483,19.6877951794071
41687,41693,2022,,2022/08/18,"09:35:00",COLISIÓN POR ALCANCE,ASFALTO,Bueno,Bueno,2,CHEVROLET,AZUL,2,,51,MASCULINO,SIN DATOS,0,0,Morelia,San Isidro Itzicuaro,agosto,jueves,10,-101.275173390921,19.6875349418908
41688,41694,2022,,2022/08/18,10:40:00,COLISIÓN POR NO RESPETAR SEMÁFORO,CONCRETO,Bueno,Bueno,2,AUDI,GRIS,2,,0,MASCULINO,SIN DATOS,0,0,Morelia,Nueva Chapultepec,agosto,jueves,11,-101.170656534483,19.6877951794071
41689,41695,2022,,2022/08/18,10:45:00,COLISIÓN POR CAMBIO DE CARRIL,ASFALTO,Bueno,Bueno,2,JEEP,BLANCO,2,,48,FEMENINO,SIN DATOS,0,0,Morelia,Lomas de Santiaguito,agosto,jueves,11,-101.179519891941,19.7229539949395
41690,41696,2022,,2022/08/18,13:00:00,COLISIÓN POR CORTE DE CIRCULACIÓN,ASFALTO,Bueno,Regular,2,VENTO/CYCLONE 200,ROJO NEGRO,2,,20,MASCULINO,SIN DATOS,0,0,Morelia,La Hacienda,agosto,jueves,13,-101.317806243896,19.6780706208157
41691,41697,2022,,2022/08/18,15:20:00,COLISIÓN POR CORTE DE CIRCULACIÓN,ASFALTO,Bueno,Bueno,2,GENERAL MOTORS,BLANCO CON AZUL,2,,,,SIN DATOS,0,0,Morelia,Gertrudis Bocanegra,agosto,jueves,15,-101.209872129455,19.7038111996348
41692,41698,2022,,2022/08/18,16:35:00,COLISIÓN POR ALCANCE,ASFALTO,Bueno,Bueno,2,DODGE,BLANCO,2,MINISTERIO PÚBLICO,44,MASCULINO,SIN DATOS,0,0,Morelia,Primo Tapia Oriente,agosto,jueves,17,-101.160671657864,19.7148130515494
41693,41699,2022,,2022/08/18,21:30:00,COLISIÓN POR ALCANCE,ASFALTO,Bueno,Bueno,2,NISSAN,BLANCO,2,,,MASCULINO,SIN DATOS,0,0,Morelia,Elias Perez Avalos,agosto,jueves,22,-101.167813022979,19.7136335493406
41694,41700,2022,,2022/08/19,"04:45:00",SALIDA DE SUPERFICIE DE RODAMIENTO,CONCRETO,Bueno,Bueno,1,TOYOTA,BLANCO CON MORADO,1,,28,MASCULINO,SIN DATOS,0,0,Morelia,Ciudad Industrial,agosto,viernes,5,-101.14554366932,19.7284851395985
41695,41701,2022,,2022/08/19,12:10:00,COLISIÓN POR ALCANCE,CONCRETO,Bueno,Bueno,2,DODGE,VERDE,2,,45,MASCULINO,SIN DATOS,0,0,Morelia,Ejidal Ocolusen,agosto,viernes,12,-101.15332837,19.6868221449992
41696,41702,2022,,2022/08/19,12:30:00,SALIDA DE SUPERFICIE DE RODAMIENTO,CONCRETO,Nublado,Regular,1,CHEVROLET,BLANCO,1,,62,,SIN DATOS,0,0,Morelia,Martires de Uruapan,agosto,viernes,13,-101.197319408167,19.725017061641
41698,41704,2022,MOR220527824,2022/08/19,15:30:00,COLISIÓN POR INVASIÓN DE CARRIL,CONCRETO,Nublado,Regular,2,GMC,NEGRO,2,,66,MASCULINO,SIN DATOS,0,0,Morelia,Felix Ireta,agosto,viernes,16,-101.184317730367,19.6877479842171
41699,41705,2022,MOR220514112,2022/08/19,15:40:00,COLISIÓN POR CAMBIO DE CARRIL,ASFALTO,Bueno,Bueno,2,SUZUKI,BLANCO/AZUL,2,,31,MASCULINO,SIN DATOS,0,0,Morelia,Insurgentes,agosto,viernes,16,-101.155780367553,19.6953537193829
41700,41706,2022,,2022/08/19,18:14:00,COLISIÓN CONTRA OBJETO FIJO,CONCRETO,Bueno,Bueno,1,VENTO,BLANCO,1,MINISTERIO PÚBLICO,,,SIN DATOS,0,0,Morelia,Valerio Trujano,agosto,viernes,18,-101.23054759,19.6908247599991
41701,41707,2022,,2022/08/19,18:20:00,COLISIÓN POR ALCANCE,ASFALTO,Lluvioso,Bueno,2,CHEVROLET,NEGRO,2,,,MASCULINO,SIN DATOS,0,0,Morelia,Lomas del Valle,agosto,viernes,18,-101.230222677688,19.687753554468
41702,41708,2022,MOR220528291,2022/08/19,18:40:00,COLISIÓN POR CAMBIO DE CARRIL,ASFALTO,Nublado,Regular,2,CARABELA,NEGRO,2,,21,MASCULINO,SIN DATOS,0,0,Morelia,Josefa Ortiz de Dominguez,agosto,viernes,19,-101.209782958031,19.6721714199064
41703,41709,2022,MOR 220528408,2022/08/19,19:30:00,COLISIÓN POR CORTE DE CIRCULACIÓN,ASFALTO,Lluvioso,Bueno,2,NISSAN,GRIS,2,,19,MASCULINO,SIN DATOS,0,0,Morelia,Centro,agosto,viernes,20,-101.200167909265,19.7030465272892
41704,41710,2022,LEG44562,2022/08/20,"00:00:00",COLISIÓN POR INVASIÓN DE CARRIL,ASFALTO,Nublado,Bueno,2,KIA,GRIS,2,,30,MASCULINO,SIN DATOS,0,0,Tzitzio,Sin datos,agosto,sábado,0,-100.804320797324,19.2807370978835
41706,41712,2022,MOR220529169,2022/08/20,"04:40:00",COLISIÓN CONTRA OBJETO FIJO,CONCRETO,Bueno,Bueno,1,FORD,ROJO,1,,61,MASCULINO,ALIENTO ETÍLICO,0,0,Morelia,Obrera,agosto,sábado,5,-101.181506702072,19.7115887498643
41707,41713,2022,,2022/08/20,"07:30:00",COLISIÓN CONTRA OBJETO FIJO,ASFALTO,Bueno,Bueno,1,VOLKSWAGEN,ROJO,1,,27,MASCULINO,SIN DATOS,0,0,Morelia,Las Americas,agosto,sábado,8,-101.159064397216,19.6879733772641
41708,41714,2022,LEG44563,2022/08/20,"09:00:00",COLISIÓN POR ALCANCE,CONCRETO,Bueno,Bueno,2,CHRYSLER,NEGRO,2,,19,MASCULINO,SIN DATOS,0,0,Morelia,Ampliacion La Soledad,agosto,sábado,9,-101.189898401499,19.7323295363412
41709,41715,2022,MOR/210336555,2022/08/20,10:20:00,COLISIÓN POR CAMBIO DE CARRIL,ASFALTO,Bueno,Bueno,2,JEEP,NEGRO,2,,24,MASCULINO,SIN DATOS,0,0,Morelia,Centro,agosto,sábado,10,-101.178186535835,19.6990450254594
41710,41716,2022,,2022/08/20,10:20:00,COLISIÓN POR INVASIÓN DE CARRIL,ASFALTO,Bueno,Bueno,2,KENWORTH,BLANCO/NEGRO,2,,,MASCULINO,SIN DATOS,0,0,Morelia,Dr Miguel Silva,agosto,sábado,10,-101.187927793444,19.7204887484457
41711,41717,2022,,2022/08/20,10:38:00,COLISIÓN CONTRA OBJETO FIJO,ASFALTO,Bueno,Bueno,2,VENTO,GRIS,2,,29,MASCULINO,SIN DATOS,0,0,Morelia,El Realito,agosto,sábado,11,-101.203661821783,19.7255783186115
41712,41718,2022,,2022/08/20,10:54:00,COLISIÓN POR ALCANCE,CONCRETO,Bueno,Bueno,2,FORD,BLANCO,2,,,,SIN DATOS,0,0,Morelia,Mision del Valle,agosto,sábado,11,-101.112994104624,19.7661324580345
41713,41719,2022,,2022/08/20,13:15:00,COLISIÓN POR CAMBIO DE CARRIL,ASFALTO,Bueno,Bueno,2,FREIGHTLINER,BLANCO,2,,,MASCULINO,SIN DATOS,0,0,Morelia,Morelos,agosto,sábado,13,-101.183727644384,19.7258885551858
41714,41720,2022,,2022/08/20,14:10:00,COLISIÓN POR CORTE DE CIRCULACIÓN,ASFALTO,Bueno,Bueno,2,CHEVROLET,GRIS,2,MINISTERIO PÚBLICO,38,FEMENINO,SIN DATOS,0,0,Morelia,Industrial,agosto,sábado,14,-101.19385432452,19.7123300553464
41715,41721,2022,MOR/210336125,2022/08/20,14:30:00,COLISIÓN POR CORTE DE CIRCULACIÓN,ASFALTO,Bueno,Bueno,2,MITSUBISHI,GRIS,2,MINISTERIO PÚBLICO,38,MASCULINO,SIN DATOS,0,0,Morelia,Lomas del Tecnologico,agosto,sábado,15,-101.194523870945,19.7230799927693
41716,41722,2022,,2022/08/20,17:20:00,COLISIÓN CONTRA OBJETO FIJO,CONCRETO,Bueno,Bueno,0,,,0,,,,,0,0,Morelia,Cinco de Diciembre,agosto,sábado,17,-101.162815939039,19.6862710903522
41717,41723,2022,,2022/08/20,21:00:00,COLISIÓN POR CORTE DE CIRCULACIÓN,CONCRETO,Bueno,Bueno,2,CHEVROLET,ROJO,2,,,MASCULINO,SIN DATOS,0,0,Morelia,Felix Ireta,agosto,sábado,21,-101.188582604864,19.6860148664875
41718,41724,2022,,2022/08/20,22:30:00,CAIDA DE MOTOCICLETA,ASFALTO,Bueno,Bueno,1,KEEWAY,ROJO,2,,,MASCULINO,SIN DATOS,1,0,Morelia,Tres Puentes,agosto,sábado,23,-101.215639561415,19.7035357787524