fid,id_accidente,anio_origen,folio_c5i,dia_incidente,hora_ocurrencia,tipo_incidente_vial,superficie_ocurrencia,condiciones_climaticas,condiciones_via,numero_vehiculos_involucrados,marca_vehiculo_ocasiona_siniestro,color_vehiculo_ocasiona_siniestro,numero_personas_involucradas,lugar_remite_presunto_responsable,edad_presunto_responsable,sexo_presunto_responsable,resultados_toxicologia,numero_personas_lesionadas,numero_personas_fallecidas,municipio,colonia,mes,dia_semana,hora_redondeada,lon,lat
41719,41725,2022,,2022/08/20,22:37:00,SALIDA DE SUPERFICIE DE RODAMIENTO,ASFALTO,Bueno,Bueno,1,VOLKSWAGEN,BLANCO,1,,59,MASCULINO,SIN DATOS,0,0,Morelia,Del Prendimiento,agosto,sábado,23,-101.387824353099,19.6669094028484
41720,41726,2022,,2022/08/21,"00:10:00",COLISIÓN POR CORTE DE CIRCULACIÓN,CONCRETO,Bueno,Bueno,2,ITALIKA,NEGRO,2,,35,MASCULINO,SIN DATOS,0,0,Morelia,La Colina,agosto,domingo,0,-101.218223605,19.7105425599991
41721,41727,2022,,2022/08/21,"01:20:00",COLISIÓN CONTRA OBJETO FIJO,SIN_DATOS,Bueno,Bueno,1,SEAT,AZUL,1,,,MASCULINO,SIN DATOS,0,0,Morelia,Sin datos,agosto,domingo,1,-101.126777976751,19.7090515909157
41722,41728,2022,,2022/08/21,"01:30:00",COLISIÓN CONTRA OBJETO FIJO,ASFALTO,Bueno,Bueno,1,SEAT,AZUL,1,,29,MASCULINO,SIN DATOS,0,0,Morelia,Sin datos,agosto,domingo,2,-101.11891977489,19.7220741499508
41723,41729,2022,,2022/08/21,"03:50:00",SALIDA DE SUPERFICIE DE RODAMIENTO,ASFALTO,Bueno,Bueno,1,TOYOTA,BLANCO,1,,,,SIN DATOS,0,0,Los Reyes,Sin datos,agosto,domingo,4,-102.471027374268,19.607339163715
41724,41730,2022,,2022/08/21,11:50:00,COLISIÓN POR CAMBIO DE CARRIL,ASFALTO,Bueno,Bueno,3,ITALIKA,ROJO/NEGRO,3,,18,MASCULINO,SIN DATOS,0,0,Morelia,Montaña Monarca,agosto,domingo,12,-101.16075720638,19.6716530274278
41725,41731,2022,MOR220533,2022/08/21,13:50:00,COLISIÓN POR ALCANCE,ASFALTO,Bueno,Bueno,2,TOYOTA,BLANCO Y CORAL,2,,36,MASCULINO,SIN DATOS,0,0,Morelia,Centro,agosto,domingo,14,-101.180843263865,19.7035717623493
41726,41732,2022,,2022/08/21,16:55:00,CAIDA DE MOTOCICLETA,ASFALTO,Bueno,Bueno,1,ITALIKA,GRIS,2,MINISTERIO PÚBLICO,,MASCULINO,SIN DATOS,1,0,Hidalgo,Corros,agosto,domingo,17,-100.555384643376,19.7072139549091
41727,41733,2022,,2022/08/21,21:00:00,CAIDA DE MOTOCICLETA,ASFALTO,Lluvioso,Regular,0,,,1,MINISTERIO PÚBLICO,,,,1,0,Hidalgo,Sin datos,agosto,domingo,21,-100.739357024431,19.6705972948083
41728,41734,2022,MOR220533122,2022/08/21,21:00:00,COLISIÓN CONTRA OBJETO FIJO,CONCRETO,Lluvioso,Malo,1,MAZDA,NEGRO,1,,35,MASCULINO,SIN DATOS,0,0,Morelia,Barrio Alto,agosto,domingo,21,-101.196859404445,19.7248429640002
41729,41735,2022,,2022/08/22,"00:00:00",COLISIÓN POR INVASIÓN DE CARRIL,CONCRETO,Lluvioso,Regular,2,NISSAN,ROJO,2,,23,MASCULINO,SIN DATOS,0,0,Morelia,Las Flores,agosto,lunes,0,-101.208887435496,19.7083467769907
41730,41736,2022,,2022/08/22,"01:00:00",SALIDA DE SUPERFICIE DE RODAMIENTO,ASFALTO,Bueno,Bueno,1,VOLKSWAGEN,AZUL,1,,0,,SIN DATOS,0,0,Charo,San Bartolo,agosto,lunes,1,-101.046164520085,19.7526101921832
41731,41737,2022,,2022/08/22,"08:13:00",COLISIÓN POR CORTE DE CIRCULACIÓN,SIN_DATOS,Bueno,Bueno,2,CHEVROLET,ROJO,2,,28,FEMENINO,SIN DATOS,0,0,Morelia,Chapultepec Sur,agosto,lunes,8,-101.17461003,19.6919523499992
41732,41738,2022,,2022/08/22,"09:40:00",COLISIÓN POR CORTE DE CIRCULACIÓN,CONCRETO,Bueno,Bueno,2,CHEVROLET,PLATA,2,,32,FEMENINO,SIN DATOS,0,0,Morelia,Peña Blanca,agosto,lunes,10,-101.194450780749,19.66548333366
41733,41739,2022,,2022/08/22,11:00:00,COLISIÓN CONTRA OBJETO FIJO,ASFALTO,Bueno,Bueno,3,MERCEDES BENZ,BLANCO,3,MINISTERIO PÚBLICO,,,SIN DATOS,0,0,Morelia,Centro,agosto,lunes,11,-101.18754847,19.7028479949991
41734,41740,2022,,2022/08/22,11:10:00,COLISIÓN POR CORTE DE CIRCULACIÓN,ASFALTO,Bueno,Bueno,2,FORD,BLANCO,2,MINISTERIO PÚBLICO,50,MASCULINO,ALIENTO ETÍLICO,0,0,Morelia,Camelinas,agosto,lunes,11,-101.17262119,19.6818144849991
41735,41741,2022,,2022/08/22,11:30:00,COLISIÓN POR ALCANCE,ASFALTO,Nublado,Bueno,3,VOLKSWAGEN /JETTA,ROJO,3,,35,MASCULINO,SIN DATOS,0,0,Morelia,Diego Rivera,agosto,lunes,12,-101.175290114293,19.7197431909038
41736,41742,2022,,2022/08/22,14:05:00,COLISIÓN POR CAMBIO DE CARRIL,ASFALTO,Bueno,Bueno,2,FREIGHTLINER,BLANCO,2,,34,MASCULINO,SIN DATOS,0,0,Morelia,Division del Norte,agosto,lunes,14,-101.164531074464,19.7107942008161
41737,41743,2022,,2022/08/22,18:00:00,COLISIÓN POR CAMBIO DE CARRIL,CONCRETO,Bueno,Bueno,2,S/D,CROMO,2,,27,MASCULINO,SIN DATOS,0,0,Morelia,La Loma,agosto,lunes,18,-101.186187,19.6783885
41738,41744,2022,,2022/08/22,18:10:00,COLISIÓN POR ALCANCE,ASFALTO,Bueno,Bueno,2,NISSAN MARCH,BLANCO,2,,40,MASCULINO,SIN DATOS,0,0,Morelia,Lucio Cabañas(26 de Julio),agosto,lunes,18,-101.249885353437,19.7120565059368
41739,41745,2022,,2022/08/22,19:25:00,COLISIÓN POR ALCANCE,CONCRETO,Bueno,Bueno,2,VOLKSWAGEN JETTA,ROJO,2,,27,FEMENINO,SIN DATOS,0,0,Morelia,Ferrocarrilero,agosto,lunes,19,-101.223609235,19.6918737849991
41740,41746,2022,,2022/08/22,21:40:00,COLISIÓN CON PEATÓN,ASFALTO,Bueno,Bueno,1,VW,PLATA,2,MINISTERIO PÚBLICO,43,MASCULINO,SIN DATOS,1,0,Tingüindín,Sin datos,agosto,lunes,22,-102.547368742526,19.7305082631367
41741,41747,2022,,2022/08/23,"00:40:00",SUBIDA AL CAMELLÓN,ASFALTO,Bueno,Bueno,1,VOLKSWAGEN,GRIS,1,,,MASCULINO,SIN DATOS,0,0,Morelia,Club Campestre La Huerta,agosto,martes,1,-101.234410945,19.6690488849992
41742,41748,2022,,2022/08/23,"07:30:00",COLISIÓN POR CAMBIO DE CARRIL,ASFALTO,Bueno,Bueno,2,MERCEDES BENZ,AMARILLO,2,,21,MASCULINO,SIN DATOS,0,0,Morelia,Centro,agosto,martes,8,-101.18754847,19.7028479949991
41743,41749,2022,,2022/08/23,"08:00:00",COLISIÓN CONTRA OBJETO FIJO,ASFALTO,Bueno,Bueno,1,VOLKSWAGEN,AZUL,1,,45,MASCULINO,SIN DATOS,0,0,Morelia,Praderas del Indio,agosto,martes,8,-101.223494028547,19.6450845894654
41744,41750,2022,,2022/08/23,13:34:00,COLISIÓN POR CORTE DE CIRCULACIÓN,ASFALTO,Bueno,Bueno,2,HONDA,ROJO,2,,29,FEMENINO,SIN DATOS,0,0,Morelia,Insurgentes,agosto,martes,14,-101.155416805,19.6953315299991
41745,41751,2022,MOR220537568,2022/08/23,15:30:00,COLISIÓN POR CORTE DE CIRCULACIÓN,CONCRETO,Bueno,Bueno,2,MAZDA,VERDE,2,MINISTERIO PÚBLICO,,MASCULINO,SIN DATOS,0,0,Morelia,Las Americas,agosto,martes,16,-101.155476095,19.6883124149991
41746,41752,2022,LEG44606,2022/08/23,21:55:00,COLISIÓN POR CORTE DE CIRCULACIÓN,ASFALTO,Bueno,Bueno,2,ITALIKA,GRAFITO,2,,18,MASCULINO,SIN DATOS,0,0,Morelia,Justo Mendoza,agosto,martes,22,-101.231588805,19.7126106449992
41747,41753,2022,,2022/08/24,"07:20:00",COLISIÓN POR NO RESPETAR SEMÁFORO,ASFALTO,Nublado,Bueno,2,RENAULT,GRIS,2,MINISTERIO PÚBLICO,50,MASCULINO,SIN DATOS,0,0,Morelia,Camelinas,agosto,miércoles,7,-101.17262119,19.6818144849991
41748,41754,2022,,2022/08/24,12:50:00,COLISIÓN POR CORTE DE CIRCULACIÓN,ASFALTO,Bueno,Regular,1,ITALIKA,ROJO,0,,,,,0,0,Morelia,Puerta Tres Marias,agosto,miércoles,13,-101.141227371991,19.6919669485114
41749,41755,2022,,2022/08/24,13:14:00,COLISIÓN POR CAMBIO DE CARRIL,ASFALTO,Bueno,Bueno,2,INTERNACIONAL,GUINDA Y AMARILLO,2,,24,MASCULINO,SIN DATOS,0,0,Morelia,Centro,agosto,miércoles,13,-101.198753714561,19.7011687347189
41750,41756,2022,,2022/08/24,16:50:00,COLISIÓN POR CORTE DE CIRCULACIÓN,ASFALTO,Bueno,Bueno,2,CHEVROLET,BLANCO,2,,,MASCULINO,SIN DATOS,0,0,Morelia,Sin datos,agosto,miércoles,17,-101.1145266518,19.736808940605
41751,41757,2022,,2022/08/24,20:51:00,COLISIÓN POR CORTE DE CIRCULACIÓN,ASFALTO,Bueno,Bueno,2,HONDA,AZUL,2,MINISTERIO PÚBLICO,27,FEMENINO,SIN DATOS,0,0,Morelia,Nueva Chapultepec,agosto,miércoles,21,-101.170024909079,19.6894557863736
41752,41758,2022,,2022/08/24,23:05:00,COLISIÓN POR CAMBIO DE CARRIL,ASFALTO,Bueno,Bueno,2,MG,NEGRO,2,,,FEMENINO,SIN DATOS,0,0,Morelia,Cinco de Diciembre,agosto,miércoles,23,-101.163348890841,19.6859334639284
41753,41759,2022,,2022/08/25,"00:00:00",COLISIÓN POR ALCANCE,ASFALTO,Bueno,Bueno,2,CASE,AMARILLO,2,,49,MASCULINO,SIN DATOS,0,0,Morelia,Bosques de Oriente,agosto,jueves,0,-101.155526228249,19.7155488000337
41754,41760,2022,MOR220541297,2022/08/25,12:00:00,COLISIÓN CONTRA OBJETO FIJO,CONCRETO,Bueno,Bueno,2,CHEVROLET,BLANCO Y ROJO,3,,,,SIN DATOS,1,0,Morelia,Ciudad Jardin,agosto,jueves,12,-101.257240958512,19.7050852756103
41755,41761,2022,,2022/08/25,14:09:00,COLISIÓN POR CORTE DE CIRCULACIÓN,ASFALTO,Bueno,Bueno,2,SUBARU,BLANCO,2,,29,FEMENINO,SIN DATOS,0,0,Morelia,Lomas del Punhuato,agosto,jueves,14,-101.146986725494,19.6985048820112
41756,41762,2022,,2022/08/25,14:45:00,COLISIÓN POR CORTE DE CIRCULACIÓN,ASFALTO,Bueno,Bueno,2,FORD,BLANCO Y ROJO,2,,56,MASCULINO,SIN DATOS,0,0,Morelia,Torremolinos,agosto,jueves,15,-101.224572485,19.6801561799992
41757,41763,2022,MOR220541928,2022/08/25,15:15:00,COLISIÓN POR CAMBIO DE CARRIL,ASFALTO,Bueno,Malo,2,MCI,BEIGE,2,,35,MASCULINO,SIN DATOS,0,0,Morelia,Poblado de Ocolusen,agosto,jueves,15,-101.149533502758,19.6946879873426
41758,41764,2022,MOR220542456,2022/08/25,20:05:00,VOLCADURA,ASFALTO,Bueno,Bueno,1,HONDA,PLATA,1,MINISTERIO PÚBLICO,,,,1,0,Morelia,Clara Cordova Moran,agosto,jueves,20,-101.180839575827,19.7373959181857
41759,41765,2022,MOR 220542822,2022/08/25,23:00:00,COLISIÓN POR CORTE DE CIRCULACIÓN,CONCRETO,Bueno,Bueno,2,YAMAHA,BLANCO,2,,44,MASCULINO,SIN DATOS,0,0,Morelia,Villas del Pedregal,agosto,jueves,23,-101.304508522153,19.6876081393519
41760,41766,2022,,2022/08/25,80:40:00,COLISIÓN POR ALCANCE,ASFALTO,Bueno,Bueno,2,CHEVROLET,VERDE,2,,32,MASCULINO,SIN DATOS,0,0,Morelia,San Pascual,agosto,jueves,,-101.264447048306,19.6961128841199
41761,41767,2022,LEG44624,2022/08/26,"02:45:00",COLISIÓN POR CORTE DE CIRCULACIÓN,ASFALTO,Bueno,Bueno,1,MAZDA,GUINDA,1,,21,MASCULINO,SIN DATOS,0,0,Morelia,Felix Ireta,agosto,viernes,3,-101.180246472359,19.6879313923088
41762,41768,2022,,2022/08/26,"07:00:00",SUBIDA AL CAMELLÓN,CONCRETO,Bueno,Bueno,1,VOLKSWAGEN,GRIS,1,,,MASCULINO,SIN DATOS,0,0,Morelia,Alberto Oviedo Mota,agosto,viernes,7,-101.196140686849,19.6817272495021
41764,41770,2022,,2022/08/26,10:05:00,COLISIÓN POR ALCANCE,CONCRETO,Bueno,Bueno,2,VOLKSWAGEN,CAFE,2,,34,MASCULINO,SIN DATOS,0,0,Morelia,Centro,agosto,viernes,10,-101.19118388321,19.702768457823
41765,41771,2022,,2022/08/26,13:50:00,COLISIÓN CON PEATÓN,ASFALTO,Bueno,Bueno,1,HONDA,AZUL,2,MINISTERIO PÚBLICO,33,MASCULINO,SIN DATOS,0,1,Morelia,Centro,agosto,viernes,14,-101.18218963,19.7028850649992
41766,41772,2022,,2022/08/26,15:10:00,COLISIÓN POR CAMBIO DE CARRIL,ASFALTO,Bueno,Bueno,2,INTERNACIONAL,BLANCO,2,,50,MASCULINO,SIN DATOS,0,0,Morelia,Centro,agosto,viernes,15,-101.18218963,19.7028850649992
41767,41773,2022,,2022/08/26,16:20:00,COLISIÓN POR ALCANCE,ASFALTO,Bueno,Bueno,2,HONDA,BLANCO,2,,,MASCULINO,SIN DATOS,0,0,Morelia,Ciudad Industrial,agosto,viernes,16,-101.14554366932,19.7284851395985
41768,41774,2022,,2022/08/26,18:00:00,COLISIÓN POR ALCANCE,ASFALTO,Bueno,Bueno,2,NISSAN,ARENA,2,,61,MASCULINO,SIN DATOS,0,0,Morelia,Tinijaro,agosto,viernes,18,-101.26316,19.6963297049991
41769,41775,2022,,2022/08/26,20:00:00,COLISIÓN POR CORTE DE CIRCULACIÓN,ASFALTO,Bueno,Bueno,2,NISSAN,BLANCO,2,,52,MASCULINO,SIN DATOS,0,0,Morelia,Torreon Nuevo,agosto,viernes,20,-101.20358663,19.7462449699991
41770,41776,2022,,2022/08/27,"00:01:00",SALIDA DE SUPERFICIE DE RODAMIENTO,ASFALTO,Nublado,Bueno,1,MERCEDES BENZ,BLANCO,1,,27,MASCULINO,SIN DATOS,0,0,Morelia,Arboledas de La Huerta,agosto,sábado,0,-101.224195370583,19.6690973722789
41771,41777,2022,,2022/08/27,"00:03:00",COLISIÓN POR CAMBIO DE CARRIL,ASFALTO,Bueno,Bueno,2,VOLKSWAGEN,GRIS,2,,23,MASCULINO,SIN DATOS,0,0,Morelia,Cosmos,agosto,sábado,0,-101.218920954689,19.6840718148917
41772,41778,2022,,2022/08/27,"00:30:00",COLISIÓN POR INVASIÓN DE CARRIL,ASFALTO,Bueno,Bueno,3,CHEVROLET,PLATA,3,MINISTERIO PÚBLICO,37,MASCULINO,SIN DATOS,0,0,Morelia,Jardines del Rincon,agosto,sábado,1,-101.153162531555,19.687316137829
41773,41779,2022,,2022/08/27,15:50:00,COLISIÓN POR ALCANCE,ASFALTO,Bueno,Bueno,3,NISSAN,GRIS,3,,40,FEMENINO,SIN DATOS,0,0,Morelia,Santillan La Huerta,agosto,sábado,16,-101.219553885717,19.6760966650679
41775,41781,2022,MOR220514189,2022/08/27,21:00:00,COLISIÓN POR CORTE DE CIRCULACIÓN,ASFALTO,Bueno,Bueno,1,CHEVROLET,GRIS,1,,46,MASCULINO,CON CERTIFICADO,0,0,Morelia,Lomas del Tecnologico,agosto,sábado,21,-101.19308821857,19.7234322098438
41776,41782,2022,,2022/08/27,22:00:00,COLISIÓN POR CAMBIO DE CARRIL,ASFALTO,Nublado,Bueno,2,HIUNDAI,GRIS,2,,57,FEMENINO,SIN DATOS,0,0,Morelia,Ejidal Ocolusen,agosto,sábado,22,-101.15218698,19.6838212849992
41777,41783,2022,MOR 220547187,2022/08/27,22:10:00,COLISIÓN POR CORTE DE CIRCULACIÓN,ASFALTO,Bueno,Regular,3,TOYOTA,NEGRO,3,,41,MASCULINO,SIN DATOS,0,0,Morelia,El Porvenir,agosto,sábado,22,-101.207263357937,19.7081059464423
41778,41784,2022,,2022/08/27,22:17:00,COLISIÓN POR CAMBIO DE CARRIL,ASFALTO,Bueno,Bueno,2,NISSAN,BLANCO/ROJO,2,MINISTERIO PÚBLICO,63,MASCULINO,SIN DATOS,0,0,Morelia,Vicente Lombardo Toledano (Ejidal Isacc Arriaga) (Etnias de Mexico),agosto,sábado,22,-101.143417395651,19.7147310215604
41779,41785,2022,,2022/08/27,22:55:00,SALIDA DE SUPERFICIE DE RODAMIENTO,ASFALTO,Bueno,Bueno,1,CHEVROLET,GRIS,1,,,,SIN DATOS,0,0,Morelia,Cañada del Bosque,agosto,sábado,23,-101.097469366718,19.7282996448773
41780,41786,2022,,2022/08/27,23:22:00,COLISIÓN POR ALCANCE,ASFALTO,Bueno,Regular,2,HONDA,BLANCO,2,,16,MASCULINO,SIN DATOS,0,0,Morelia,La Aldea,agosto,sábado,23,-101.135663645255,19.7450724546328
41781,41787,2022,,2022/08/27,23:30:00,COLISIÓN POR CORTE DE CIRCULACIÓN,ASFALTO,Nublado,Bueno,2,NISSAN,ROJO,2,MINISTERIO PÚBLICO,51,MASCULINO,SIN DATOS,0,0,Morelia,Tinijaro,agosto,sábado,0,-101.26316,19.6963297049991
41782,41788,2022,,2022/08/28,"00:00:00",COLISIÓN CON PEATÓN,ASFALTO,Bueno,Bueno,1,DINAMO,ROJO,1,,,,,1,0,Pátzcuaro,2A de San Lazaro,agosto,domingo,0,-101.606930270791,19.505774749597
41783,41789,2022,MOR 220547521,2022/08/28,"01:00:00",COLISIÓN CONTRA OBJETO FIJO,ASFALTO,Bueno,Bueno,1,MAZDA,GRIS,1,MINISTERIO PÚBLICO,39,MASCULINO,SIN DATOS,0,0,Morelia,Jardines de Torremolinos,agosto,domingo,1,-101.225746795535,19.6768476104948
41784,41790,2022,,2022/08/28,"01:00:00",COLISIÓN CONTRA OBJETO FIJO,CONCRETO,Bueno,Bueno,2,VOLSKWAGEN,BLANCO,2,,27,MASCULINO,SIN DATOS,0,0,Morelia,Quinceo,agosto,domingo,1,-101.227709501982,19.7338639215969
41785,41791,2022,,2022/08/28,"02:14:00",COLISIÓN CONTRA OBJETO FIJO,CONCRETO,Bueno,Bueno,1,CHEVROLET,BLANCO/NARANJA,1,,,,SIN DATOS,0,0,Morelia,Los Llanos,agosto,domingo,2,-101.24975651,19.7150350699991
41786,41792,2022,MOR 330547631,2022/08/28,"02:15:00",COLISIÓN POR CAMBIO DE CARRIL,ASFALTO,Bueno,Regular,2,CHEVROLET,BLANCO,2,,36,MASCULINO,SIN DATOS,0,0,Morelia,Margarita Maza de Juarez,agosto,domingo,2,-101.255620904267,19.6939783751776
41787,41793,2022,,2022/08/28,"02:57:00",COLISIÓN CONTRA OBJETO FIJO,ASFALTO,Bueno,Bueno,2,SEAT,VERDE,2,,29,MASCULINO,SIN DATOS,0,0,Morelia,Vasco de Quiroga,agosto,domingo,3,-101.175880171359,19.6992139005179
41788,41794,2022,LEG44653,2022/08/28,"03:27:00",VOLCADURA,ASFALTO,Bueno,Bueno,1,CHEVROLET,BLANCO/ROJO,2,MINISTERIO PÚBLICO,,,,2,0,Morelia,La Quemada,agosto,domingo,3,-101.241226159036,19.7057055120492
41789,41795,2022,,2022/08/28,12:10:00,COLISIÓN POR ALCANCE,ASFALTO,Bueno,Bueno,2,MERCEDES BENZ,ROJO,2,,41,MASCULINO,SIN DATOS,0,0,Morelia,Enrique Arreguin Robles,agosto,domingo,12,-101.17940323,19.7207785399991
41790,41796,2022,,2022/08/28,16:45:00,COLISIÓN POR MANIOBRA DE REVERSA,ASFALTO,Bueno,Bueno,3,CHEVROLET,BLANCO,3,,,MASCULINO,SIN DATOS,0,0,Morelia,Periodistas,agosto,domingo,17,-101.143777575,19.6861377649991
41791,41797,2022,,2022/08/28,17:50:00,COLISIÓN CONTRA OBJETO FIJO,CONCRETO,Bueno,Bueno,1,SEAT,BLANCO,1,,30,MASCULINO,SIN DATOS,0,0,Morelia,Indeco Santiaguito,agosto,domingo,18,-101.1774522,19.7214697599991
41792,41798,2022,,2022/08/28,22:30:00,COLISIÓN CON PEATÓN,SIN_DATOS,Bueno,Bueno,1,Ford,Blanco,1,,,,SIN DATOS,0,0,Morelia,Los Pinos de Michoacan,agosto,domingo,23,-101.213164965553,19.6845064946218
41793,41799,2022,MOR220547375,2022/08/28,23:30:00,COLISIÓN CONTRA OBJETO FIJO,ASFALTO,Bueno,Regular,1,HYUNDAI,BLANCO,1,,48,FEMENINO,ALIENTO ETÍLICO,0,0,Morelia,Tierra Y Libertad,agosto,domingo,0,-101.228806525469,19.7181832744531
41794,41800,2022,,2022/08/29,"00:00:00",COLISIÓN POR ALCANCE,ASFALTO,Bueno,Bueno,2,FORD,BLANCO,2,,,MASCULINO,SIN DATOS,0,0,Morelia,Los Ciruelos,agosto,lunes,0,-101.231889501514,19.6678119450206
41797,41803,2022,,2022/08/29,"07:09:00",SUBIDA AL CAMELLÓN,ASFALTO,Lluvioso,Bueno,1,DODGE,ROJO,1,,32,MASCULINO,SIN DATOS,0,0,Morelia,Los Laureles,agosto,lunes,7,-101.232273951173,19.7136979824115
41798,41804,2022,,2022/08/29,"07:20:00",COLISIÓN POR CORTE DE CIRCULACIÓN,CONCRETO,Bueno,Bueno,2,VOLKSWAGEN,AZUL,2,,0,,SIN DATOS,0,0,Morelia,Villas del Pedregal,agosto,lunes,7,-101.307844519615,19.679446417344
41799,41805,2022,,2022/08/29,"07:20:00",COLISIÓN POR ALCANCE,ASFALTO,Lluvioso,Malo,2,CHEVROLET,ROJO,2,,37,MASCULINO,SIN DATOS,0,0,Morelia,Sentimientos de La Nacion,agosto,lunes,7,-101.236997656524,19.6847506053428
41800,41806,2022,MOR 330547647,2022/08/29,"07:30:00",COLISIÓN POR CORTE DE CIRCULACIÓN,ASFALTO,Lluvioso,Regular,1,NISSAN,BLANCO,1,,65,MASCULINO,SIN DATOS,0,0,Morelia,Campestre Los Manantiales,agosto,lunes,8,-101.24009527266,19.6923078700641
41801,41807,2022,MOR220550802,2022/08/29,"08:10:00",COLISIÓN POR ALCANCE,ASFALTO,Lluvioso,Regular,6,FORD,ROJO,6,,25,FEMENINO,SIN DATOS,0,0,Morelia,Prados de La Huerta,agosto,lunes,8,-101.223449148238,19.6682897497505
41802,41808,2022,,2022/08/29,"08:30:00",COLISIÓN POR ALCANCE,ASFALTO,Lluvioso,Bueno,4,CHEVROLET,BLANCO,4,,34,MASCULINO,SIN DATOS,0,0,Morelia,Jardines de Torremolinos,agosto,lunes,9,-101.2257290259,19.6786407664737
41803,41809,2022,MOR 330547677,2022/08/29,"08:40:00",COLISIÓN POR ALCANCE,CONCRETO,Bueno,Bueno,2,NISSAN,ROJO,2,,35,MASCULINO,SIN DATOS,0,0,Morelia,San Juanito Itzicuaro,agosto,lunes,9,-101.253157630563,19.6779942224061
41804,41810,2022,,2022/08/29,10:15:00,COLISIÓN POR CORTE DE CIRCULACIÓN,ASFALTO,Bueno,Bueno,2,NISSAN,AZUL,2,,43,MASCULINO,SIN DATOS,0,0,Morelia,Morelos,agosto,lunes,10,-101.209211647511,19.6981656096575
41805,41811,2022,,2022/08/29,12:20:00,COLISIÓN POR MANIOBRA DE REVERSA,ASFALTO,Bueno,Bueno,2,HONDA,CAFE,2,,45,MASCULINO,SIN DATOS,0,0,Morelia,Sentimientos de La Nacion,agosto,lunes,12,-101.236870251596,19.684803008657
41806,41812,2022,LEG44673,2022/08/29,14:10:00,COLISIÓN CONTRA OBJETO FIJO,ASFALTO,Bueno,Bueno,1,KTM,NARANJA,1,,20,MASCULINO,SIN DATOS,0,0,Morelia,La Quemada,agosto,lunes,14,-101.236986592412,19.7017697317468
41807,41813,2022,,2022/08/29,14:30:00,COLISIÓN POR CAMBIO DE CARRIL,ASFALTO,Bueno,Bueno,2,FREIGHTLINER,BLANCO,1,,52,MASCULINO,SIN DATOS,0,0,Morelia,Campestre Los Manantiales,agosto,lunes,15,-101.238162070513,19.687772922679
41808,41814,2022,,2022/08/29,15:15:00,COLISIÓN POR CAMBIO DE CARRIL,ASFALTO,Bueno,Bueno,2,INTERNATIONAL,BLANCO,2,,28,MASCULINO,SIN DATOS,0,0,Morelia,Ejidal Ocolusen,agosto,lunes,15,-101.15314476192,19.6864180325104
41809,41815,2022,,2022/08/29,15:40:00,COLISIÓN POR INVASIÓN DE CARRIL,ASFALTO,Bueno,Bueno,3,ITALIKA,VERDE,3,MINISTERIO PÚBLICO,52,MASCULINO,SIN DATOS,0,0,Morelia,Ventura Puente,agosto,lunes,16,-101.183092966676,19.6909145064715
41811,41817,2022,,2022/08/29,18:00:00,COLISIÓN POR MANIOBRA DE REVERSA,CONCRETO,Bueno,Bueno,2,KENWORTH,BLANCO,2,,34,MASCULINO,SIN DATOS,0,0,Morelia,Elias Perez Avalos,agosto,lunes,18,-101.171468943357,19.7147300746898
41812,41818,2022,MOR220551569,2022/08/29,21:50:00,COLISIÓN POR MANIOBRA DE REVERSA,CONCRETO,Bueno,Bueno,2,CHRYSLER,BLANCO,2,,41,MASCULINO,SIN DATOS,0,0,Morelia,Lomas del Valle,agosto,lunes,22,-101.228870227933,19.6887177402829
41813,41819,2022,MOR 220551633,2022/08/29,22:10:00,COLISIÓN POR CORTE DE CIRCULACIÓN,ASFALTO,Bueno,Bueno,3,VENTO,NEGRTO Y GRIS,3,,34,MASCULINO,SIN DATOS,0,0,Morelia,Jardines de Guadalupe,agosto,lunes,22,-101.222434267402,19.7130632581334
41815,41821,2022,,2022/08/30,"06:34:00",COLISIÓN POR CORTE DE CIRCULACIÓN,CONCRETO,Bueno,Bueno,4,FORD,BLANCO,4,,33,MASCULINO,SIN DATOS,0,0,Morelia,Erendira,agosto,martes,7,-101.164559572935,19.7041162499994
41816,41822,2022,,2022/08/30,"07:20:00",COLISIÓN POR INVASIÓN DE CARRIL,ASFALTO,Bueno,Bueno,2,NISSAN,BLANCO,2,MINISTERIO PÚBLICO,35,MASCULINO,SIN DATOS,0,0,Morelia,Sin datos,agosto,martes,7,-101.114945746958,19.7368061003856
41817,41823,2022,,2022/08/30,"07:38:00",COLISIÓN POR ALCANCE,ASFALTO,Nublado,Regular,2,KIA,GRIS,2,,0,MASCULINO,SIN DATOS,0,0,Morelia,San Pascual,agosto,martes,8,-101.264447718859,19.6961125684597
41818,41824,2022,,2022/08/30,"07:56:00",COLISIÓN POR ALCANCE,ASFALTO,Bueno,Bueno,2,CHEVROLET,PLATA,2,,35,FEMENINO,SIN DATOS,0,0,Morelia,Alberto Oviedo Mota,agosto,martes,8,-101.202135309577,19.6772100316665
41819,41825,2022,,2022/08/30,"09:00:00",COLISIÓN POR ALCANCE,ASFALTO,Bueno,Bueno,3,MAZDA,NEGRO,3,,0,FEMENINO,SIN DATOS,0,0,Morelia,Sin datos,agosto,martes,9,-101.116926558316,19.7367745423895
41820,41826,2022,,2022/08/30,"09:10:00",COLISIÓN POR CAMBIO DE CARRIL,ASFALTO,Bueno,Bueno,2,FREIGHTLINER,BCO/AZUL,2,,40,MASCULINO,SIN DATOS,0,0,Morelia,Morelia 450,agosto,martes,9,-101.217529512942,19.675739190134