fid,id_accidente,anio_origen,folio_c5i,dia_incidente,hora_ocurrencia,tipo_incidente_vial,superficie_ocurrencia,condiciones_climaticas,condiciones_via,numero_vehiculos_involucrados,marca_vehiculo_ocasiona_siniestro,color_vehiculo_ocasiona_siniestro,numero_personas_involucradas,lugar_remite_presunto_responsable,edad_presunto_responsable,sexo_presunto_responsable,resultados_toxicologia,numero_personas_lesionadas,numero_personas_fallecidas,municipio,colonia,mes,dia_semana,hora_redondeada,lon,lat
41821,41827,2022,,2022/08/30,10:00:00,SALIDA DE SUPERFICIE DE RODAMIENTO,ASFALTO,Bueno,Bueno,1,VOLKSWAGEN,BLANCO,1,,47,MASCULINO,SIN DATOS,0,0,Morelia,Vistas de Altozano,agosto,martes,10,-101.167126782238,19.6513892612649
41822,41828,2022,,2022/08/30,10:00:00,COLISIÓN POR CAMBIO DE CARRIL,ASFALTO,Bueno,Bueno,2,VOLKSWAGEN,BLANCO,2,,24,MASCULINO,SIN DATOS,0,0,Morelia,Felix Ireta,agosto,martes,10,-101.192058250308,19.6855110830824
41823,41829,2022,,2022/08/30,12:15:00,COLISIÓN POR ALCANCE,ASFALTO,Bueno,Bueno,2,NISSAN,BLANCO,2,MINISTERIO PÚBLICO,37,MASCULINO,SIN DATOS,0,0,Peribán,Sin datos,agosto,martes,12,-102.451858632267,19.5585813905735
41824,41830,2022,,2022/08/30,14:00:00,COLISIÓN POR CORTE DE CIRCULACIÓN,ASFALTO,Bueno,Bueno,2,FORD,GRIS,2,,45,MASCULINO,SIN DATOS,0,0,Morelia,Jardines del Rincon,agosto,martes,14,-101.153406612575,19.6873499153297
41825,41831,2022,,2022/08/30,15:00:00,COLISIÓN POR CORTE DE CIRCULACIÓN,ASFALTO,Bueno,Bueno,2,NISSAN,BLANCO,0,MINISTERIO PÚBLICO,,,,0,0,Lázaro Cárdenas,Sin datos,agosto,martes,15,-102.192787081003,17.9631497540821
41826,41832,2022,,2022/08/30,16:00:00,COLISIÓN POR CORTE DE CIRCULACIÓN,ASFALTO,Bueno,Bueno,2,NISSAN,BLANCO,0,MINISTERIO PÚBLICO,,,,0,0,Lázaro Cárdenas,Centro,agosto,martes,16,-102.192057184875,17.9538203953556
41827,41833,2022,,2022/08/30,19:30:00,COLISIÓN POR ALCANCE,ASFALTO,Bueno,Bueno,4,HONDA,AZUL,4,,60,MASCULINO,SIN DATOS,0,0,Morelia,Elias Perez Avalos,agosto,martes,20,-101.167157548754,19.711442190562
41828,41834,2022,,2022/08/30,19:30:00,COLISIÓN POR CORTE DE CIRCULACIÓN,ASFALTO,Bueno,Bueno,2,CHEVROLET,AZUL,4,,39,FEMENINO,SIN DATOS,2,0,Pátzcuaro,El Calvario,agosto,martes,20,-101.618554294109,19.513623261217
41829,41835,2022,,2022/08/30,20:00:00,COLISIÓN CONTRA OBJETO FIJO,ASFALTO,Bueno,Bueno,1,KENWORTH,ROJO,1,,54,MASCULINO,SIN DATOS,0,0,Morelia,Elias Perez Avalos,agosto,martes,20,-101.171477325261,19.7147442777481
41830,41836,2022,,2022/08/30,21:25:00,COLISIÓN POR CORTE DE CIRCULACIÓN,ASFALTO,Bueno,Bueno,2,YAMAHA,AZUL,2,MINISTERIO PÚBLICO,45,MASCULINO,SIN DATOS,0,0,Morelia,Poblado de Ocolusen,agosto,martes,21,-101.149533502758,19.6946892499949
41831,41837,2022,,2022/08/30,23:30:00,COLISIÓN POR NO RESPETAR SEMÁFORO,ASFALTO,Bueno,Bueno,2,MAZDA,ROJO,2,MINISTERIO PÚBLICO,34,MASCULINO,SIN DATOS,0,0,Morelia,Nueva Valladolid,agosto,martes,0,-101.210668422282,19.7020566565276
41832,41838,2022,,2022/08/31,"05:00:00",COLISIÓN CONTRA OBJETO FIJO,ASFALTO,Bueno,Bueno,1,VOLKSWAGEN,BLANCO,1,,44,MASCULINO,SIN DATOS,0,0,Morelia,Alberto Oviedo Mota,agosto,miércoles,5,-101.202134303749,19.6772087688764
41833,41839,2022,LEG44707,2022/08/31,"08:00:00",COLISIÓN CONTRA OBJETO FIJO,ASFALTO,Bueno,Bueno,1,NISSAN,GUINDA,1,,16,MASCULINO,SIN DATOS,0,0,Morelia,Loma de Los Piñones,agosto,miércoles,8,-101.203452274203,19.6749808759172
41834,41840,2022,,2022/08/31,"08:45:00",COLISIÓN POR CORTE DE CIRCULACIÓN,ASFALTO,Nublado,Regular,2,CHEVROLET,AZUL,2,,33,FEMENINO,SIN DATOS,0,0,Morelia,Vasco de Quiroga,agosto,miércoles,9,-101.173714958131,19.7027122572035
41835,41841,2022,MOR220554459,2022/08/31,10:20:00,COLISIÓN POR ALCANCE,ASFALTO,Lluvioso,Regular,2,NAVISTAR,VERDE/AMARILLO,2,,30,MASCULINO,SIN DATOS,0,0,Morelia,Lomas del Tecnologico,agosto,miércoles,10,-101.19233250618,19.7229423880384
41836,41842,2022,MOR/210336444,2022/08/31,10:40:00,COLISIÓN POR ALCANCE,ASFALTO,Lluvioso,Bueno,2,HONDA,BLANCO,2,,34,FEMENINO,SIN DATOS,0,0,Morelia,Sin datos,agosto,miércoles,11,-101.164614222944,19.6650043847533
41837,41843,2022,,2022/08/31,11:00:00,COLISIÓN POR CORTE DE CIRCULACIÓN,CONCRETO,Bueno,Bueno,2,NISSAN,ROJO,2,,19,MASCULINO,SIN DATOS,0,0,Morelia,Centro,agosto,miércoles,11,-101.200209483504,19.7020724389538
41838,41844,2022,MOR220554618,2022/08/31,11:40:00,COLISIÓN POR MANIOBRA DE REVERSA,ASFALTO,Bueno,Regular,2,NISSAN,ROJO,2,,58,MASCULINO,SIN DATOS,0,0,Morelia,Ampliacion La Soledad,agosto,miércoles,12,-101.183037646115,19.7320331982064
41839,41845,2022,,2022/08/31,12:45:00,COLISIÓN POR MANIOBRA DE REVERSA,ASFALTO,Lluvioso,Malo,2,VOLKSWAGEN,MARRON,2,,33,MASCULINO,SIN DATOS,0,0,Morelia,Del Empleado,agosto,miércoles,13,-101.177349347149,19.6908268867233
41840,41846,2022,,2022/08/31,14:00:00,COLISIÓN CON PEATÓN,ASFALTO,Bueno,Bueno,1,DODGE,BLANCO,2,,26,MASCULINO,SIN DATOS,1,0,Morelia,Centro,agosto,miércoles,14,-101.191572770476,19.7029351040049
41841,41847,2022,,2022/08/31,15:50:00,COLISIÓN POR CORTE DE CIRCULACIÓN,ASFALTO,Bueno,Bueno,2,NISSAN,ROJO,2,,41,FEMENINO,SIN DATOS,0,0,Morelia,Primo Tapia Oriente,agosto,miércoles,16,-101.157871484756,19.713960898294
41842,41848,2022,,2022/08/31,16:24:00,COLISIÓN CONTRA OBJETO FIJO,ASFALTO,Bueno,Bueno,2,NISSAN,GRIS,2,,37,MASCULINO,SIN DATOS,0,0,Morelia,Sin datos,agosto,miércoles,16,-101.314215572736,19.5763847502207
41843,41849,2022,,2022/08/31,17:00:00,COLISIÓN POR CAMBIO DE CARRIL,ASFALTO,Bueno,Bueno,2,NISSAN,BLANCO,2,,36,MASCULINO,SIN DATOS,0,0,Morelia,Primo Tapia Oriente,agosto,miércoles,17,-101.159771494567,19.7130102328187
41844,41850,2022,MOR 220554455,2022/08/31,17:00:00,COLISIÓN POR MANIOBRA DE REVERSA,ASFALTO,Lluvioso,Malo,2,INTERNACIONAL,BLANCO,2,,52,MASCULINO,SIN DATOS,0,0,Morelia,Primo Tapia Oriente,agosto,miércoles,17,-101.158710345626,19.7134533724088
41845,41851,2022,MOR220555632,2022/08/31,20:20:00,COLISIÓN CONTRA OBJETO FIJO,ASFALTO,Bueno,Bueno,1,CHEVROLET,NEGRO,1,,27,MASCULINO,ALIENTO ETÍLICO,0,0,Morelia,Dr Miguel Silva,agosto,miércoles,20,-101.183872818947,19.7192592082107
41846,41852,2022,MOR 2200556049,2022/08/31,21:10:00,COLISIÓN POR ALCANCE,ASFALTO,Bueno,Bueno,2,FORD,GUINDA,2,,22,MASCULINO,SIN DATOS,0,0,Morelia,Jardines de Torremolinos,agosto,miércoles,21,-101.22565291822,19.6768564500453
41847,41853,2022,MOR/210336412,2022/08/31,22:50:00,COLISIÓN POR CORTE DE CIRCULACIÓN,ASFALTO,Lluvioso,Malo,2,NISSAN,BLANCO/ROJO,2,,62,MASCULINO,SIN DATOS,0,0,Morelia,Loma de Los Piñones,agosto,miércoles,23,-101.203264854848,19.6751033682152
41848,41854,2022,,2022/08/31,90:40:00,COLISIÓN POR CORTE DE CIRCULACIÓN,ASFALTO,Lluvioso,Regular,2,DINAMO,ROJO,2,,54,MASCULINO,SIN DATOS,0,0,Morelia,Industrial,agosto,miércoles,,-101.188644468784,19.7108529082271
41849,41855,2022,,2022/09/01,"07:30:00",COLISIÓN CON PEATÓN,SIN_DATOS,Bueno,Bueno,2,SUZUKI,ROJO Y GRIS,2,MINISTERIO PÚBLICO,45,MASCULINO,SIN DATOS,0,0,Morelia,Cuauhtemoc,septiembre,jueves,8,-101.18699491024,19.6956040389644
41850,41856,2022,,2022/09/01,"08:20:00",COLISIÓN POR ALCANCE,ASFALTO,Bueno,Bueno,2,FREIGHTLINER,NARANJA,2,,65,MASCULINO,SIN DATOS,0,0,Morelia,Poblado de Ocolusen,septiembre,jueves,8,-101.149535179138,19.694685462038
41851,41857,2022,,2022/09/01,"08:30:00",COLISIÓN POR CORTE DE CIRCULACIÓN,ASFALTO,Bueno,Bueno,2,HONDA,AZUL,2,MINISTERIO PÚBLICO,41,MASCULINO,SIN DATOS,1,0,Morelia,Vasco de Quiroga,septiembre,jueves,9,-101.175579828871,19.7023329414505
41852,41858,2022,,2022/09/01,"08:40:00",COLISIÓN POR CORTE DE CIRCULACIÓN,ASFALTO,Bueno,Bueno,1,KENWORTH,BLANCO,1,,40,MASCULINO,SIN DATOS,0,0,Morelia,Villas del Pedregal,septiembre,jueves,9,-101.304507851601,19.6876065609668
41853,41859,2022,,2022/09/01,11:40:00,COLISIÓN POR CAMBIO DE CARRIL,CONCRETO,Bueno,Bueno,2,MARCO POLO,GRIS,2,,,MASCULINO,SIN DATOS,0,0,Morelia,Morelos,septiembre,jueves,12,-101.185368821025,19.7240242862591
41854,41860,2022,,2022/09/01,15:40:00,COLISIÓN POR CAMBIO DE CARRIL,CONCRETO,Bueno,Bueno,2,DODGE,BLANCO,2,,29,MASCULINO,SIN DATOS,0,0,Morelia,La Floresta,septiembre,jueves,16,-101.152355521917,19.6845223666118
41855,41861,2022,,2022/09/01,17:00:00,COLISIÓN CON PEATÓN,SIN_DATOS,Bueno,Bueno,2,DODGE,BLANCO,0,MINISTERIO PÚBLICO,,,,0,0,Lázaro Cárdenas,Centro,septiembre,jueves,17,-102.191702462733,17.95516348848
41856,41862,2022,,2022/09/01,18:00:00,COLISIÓN POR CORTE DE CIRCULACIÓN,ASFALTO,Bueno,Bueno,2,VOLKSWAGEN,BLANCO,2,,23,,SIN DATOS,0,0,Morelia,Chapultepec Sur,septiembre,jueves,18,-101.172835193574,19.6920335545385
41857,41863,2022,,2022/09/01,20:00:00,COLISIÓN CONTRA OBJETO FIJO,ASFALTO,Lluvioso,Malo,1,CHEVROLET,PLATA,1,,,MASCULINO,SIN DATOS,0,0,Morelia,Tinijaro,septiembre,jueves,20,-101.26187581569,19.6965286081486
41858,41864,2022,,2022/09/01,20:40:00,COLISIÓN POR ALCANCE,ASFALTO,Bueno,Bueno,2,VOLKSWAGEN,GRIS,2,,18,FEMENINO,SIN DATOS,0,0,Morelia,Centro,septiembre,jueves,21,-101.177744306624,19.7032551695478
41859,41865,2022,,2022/09/01,29:23:00,COLISIÓN POR ALCANCE,ASFALTO,Lluvioso,Bueno,2,DODGE,BLANCO,2,,,MASCULINO,SIN DATOS,0,0,Morelia,La Soledad,septiembre,jueves,,-101.18371155113,19.7264478000626
41860,41866,2022,LEG44725,2022/09/02,"00:08:00",SUBIDA AL CAMELLÓN,ASFALTO,Lluvioso,Bueno,1,CHEVROLET,ROJO,1,,46,MASCULINO,SIN DATOS,0,0,Morelia,El Realito,septiembre,viernes,0,-101.203645728528,19.7256502758767
41861,41867,2022,,2022/09/02,"00:18:00",SUBIDA AL CAMELLÓN,ASFALTO,Bueno,Bueno,1,MAZDA,UVA,1,,30,MASCULINO,SIN DATOS,0,0,Morelia,Real Universidad,septiembre,viernes,0,-101.210371702909,19.6871747141973
41862,41868,2022,,2022/09/02,"08:10:00",COLISIÓN POR CORTE DE CIRCULACIÓN,ASFALTO,Bueno,Bueno,2,HONDA,NEGRO,2,,54,MASCULINO,SIN DATOS,0,0,Morelia,El Eden,septiembre,viernes,8,-101.249653659761,19.646013555182
41863,41869,2022,,2022/09/02,14:10:00,COLISIÓN POR CORTE DE CIRCULACIÓN,ASFALTO,Bueno,Bueno,2,HONDA,BLANCO,2,,22,MASCULINO,SIN DATOS,0,0,Morelia,Jardines de Guadalupe,septiembre,viernes,14,-101.226247698069,19.7134218098006
41864,41870,2022,,2022/09/02,14:40:00,SALIDA DE SUPERFICIE DE RODAMIENTO,ASFALTO,Bueno,Bueno,1,NISSAN,GRIS,1,,23,FEMENINO,SIN DATOS,0,0,Morelia,Cañada del Bosque,septiembre,viernes,15,-101.095270067453,19.728575879348
41865,41871,2022,MOR220559271,2022/09/02,14:45:00,COLISIÓN POR CAMBIO DE CARRIL,ASFALTO,Bueno,Bueno,2,NISSAN,BLANCO/ROSA,2,,48,MASCULINO,SIN DATOS,0,0,Morelia,Obrera,septiembre,viernes,15,-101.188394352794,19.7107503280595
41866,41872,2022,,2022/09/02,15:51:00,COLISIÓN CONTRA OBJETO FIJO,ASFALTO,Bueno,Bueno,1,FREIGHTLINER,AMARILLO,1,,,MASCULINO,SIN DATOS,0,0,Morelia,Santiaguito,septiembre,viernes,16,-101.188560649753,19.7196742408576
41867,41873,2022,,2022/09/02,18:38:00,COLISIÓN POR CORTE DE CIRCULACIÓN,ASFALTO,Bueno,Bueno,2,YAMAHA,AMARILLO,2,,28,MASCULINO,SIN DATOS,0,0,Morelia,Ventura Puente,septiembre,viernes,19,-101.190673490358,19.6935973723966
41868,41874,2022,MOR220541265,2022/09/02,22:30:00,COLISIÓN POR CORTE DE CIRCULACIÓN,CONCRETO,Bueno,Bueno,2,NISSAN,ROJO,3,,44,MASCULINO,SIN DATOS,1,0,Morelia,Juarez,septiembre,viernes,23,-101.195283606648,19.6968417420116
41869,41875,2022,MOR220560670,2022/09/02,23:35:00,COLISIÓN POR CAMBIO DE CARRIL,ASFALTO,Bueno,Bueno,2,FREIGHTLINER,BLANCO,1,MINISTERIO PÚBLICO,34,MASCULINO,SIN DATOS,0,0,Morelia,Morelos,septiembre,viernes,0,-101.18310117638,19.7292022640995
41870,41876,2022,,2022/09/03,"02:07:00",COLISIÓN CONTRA OBJETO FIJO,CONCRETO,Bueno,Bueno,1,VOLKSWAGEN,AZUL,1,,34,MASCULINO,SIN DATOS,0,0,Morelia,El Durazno,septiembre,sábado,2,-101.171548,19.653491
41871,41877,2022,MMOR220560670,2022/09/03,"04:00:00",COLISIÓN POR NO RESPETAR SEMÁFORO,ASFALTO,Bueno,Bueno,2,MAZDA,ROJO,1,MINISTERIO PÚBLICO,34,MASCULINO,SIN DATOS,0,0,Morelia,Jardines del Rincon,septiembre,sábado,4,-101.153376102448,19.6872365870515
41872,41878,2022,,2022/09/03,"05:00:00",COLISIÓN CONTRA OBJETO FIJO,ASFALTO,Bueno,Bueno,1,FORD,BLANCO,1,,25,MASCULINO,ALIENTO ETÍLICO,0,0,Morelia,La Huerta,septiembre,sábado,5,-101.228310652077,19.6581941258641
41873,41879,2022,,2022/09/03,"05:00:00",SALIDA DE SUPERFICIE DE RODAMIENTO,ASFALTO,Bueno,Bueno,1,VOLKSWAGEN,BLANCO,1,,,FEMENINO,SIN DATOS,0,0,Morelia,Sentimientos de La Nacion,septiembre,sábado,5,-101.234169465108,19.6806725572324
41874,41880,2022,,2022/09/03,"09:15:00",COLISIÓN POR CORTE DE CIRCULACIÓN,ASFALTO,Bueno,Bueno,2,FORD,MORADO,2,MINISTERIO PÚBLICO,0,MASCULINO,SIN DATOS,0,0,Morelia,5 de Mayo,septiembre,sábado,9,-101.175525784492,19.7029051175554
41875,41881,2022,,2022/09/03,"09:30:00",COLISIÓN POR CORTE DE CIRCULACIÓN,ASFALTO,Bueno,Regular,2,KENWORTH,CAFE,2,,34,MASCULINO,SIN DATOS,0,0,Morelia,Francisco J Mujica,septiembre,sábado,10,-101.184541359544,19.7249404854716
41876,41882,2022,,2022/09/03,"09:56:00",COLISIÓN POR ALCANCE,ASFALTO,Bueno,Bueno,2,VOLKSWAGEN,BLANCO,2,,44,MASCULINO,SIN DATOS,0,0,Morelia,La Colina,septiembre,sábado,10,-101.215538487631,19.7057864736237
41877,41883,2022,,2022/09/03,11:15:00,COLISIÓN POR INVASIÓN DE CARRIL,CONCRETO,Bueno,Bueno,2,ITALIKA,NEGRO,2,MINISTERIO PÚBLICO,0,MASCULINO,ALIENTO ETÍLICO,0,0,Morelia,San Isidro Itzicuaro Norte,septiembre,sábado,11,-101.265635265,19.7025637149992
41878,41884,2022,,2022/09/03,11:33:00,COLISIÓN POR CORTE DE CIRCULACIÓN,ASFALTO,Bueno,Bueno,2,YAMAHA,AZUL,2,,44,MASCULINO,SIN DATOS,0,0,Morelia,Eduardo Ruiz,septiembre,sábado,12,-101.221859682349,19.7216992118204
41879,41885,2022,,2022/09/03,15:10:00,COLISIÓN POR CAMBIO DE CARRIL,ASFALTO,Bueno,Bueno,2,DODGE CARAVAN,VERDE,2,,33,MASCULINO,SIN DATOS,0,0,Morelia,Felix Ireta,septiembre,sábado,15,-101.192053221166,19.6823794952785
41880,41886,2022,,2022/09/03,15:35:00,COLISIÓN POR CAMBIO DE CARRIL,ASFALTO,Bueno,Bueno,2,NISSAN,AZUL,2,,0,MASCULINO,SIN DATOS,0,0,Morelia,Elias Perez Avalos,septiembre,sábado,16,-101.171472966671,19.7147363871603
41881,41887,2022,,2022/09/03,15:55:00,COLISIÓN POR ALCANCE,ASFALTO,Bueno,Bueno,2,NISSAN NP300,ROJO,2,,40,MASCULINO,SIN DATOS,0,0,Morelia,Poblado de Ocolusen,septiembre,sábado,16,-101.150127649172,19.6944699261717
41882,41888,2022,,2022/09/03,17:05:00,COLISIÓN POR CAMBIO DE CARRIL,ASFALTO,Bueno,Bueno,2,TOYOTA,GRIS CON BLANCO,2,,0,MASCULINO,SIN DATOS,0,0,Morelia,Canteras de Morelia,septiembre,sábado,17,-101.171485036612,19.714750590218
41883,41889,2022,,2022/09/03,21:00:00,COLISIÓN POR CAMBIO DE CARRIL,ASFALTO,Bueno,Bueno,2,CHEVROLET,VERDE,2,,0,MASCULINO,SIN DATOS,0,0,Morelia,Villas del Pedregal,septiembre,sábado,21,-101.304471977055,19.6876109804452
41884,41890,2022,,2022/09/03,21:03:00,COLISIÓN CONTRA OBJETO FIJO,ASFALTO,Bueno,Bueno,1,DODGE,VERDE,1,,52,MASCULINO,SIN DATOS,0,0,Morelia,Los Angeles,septiembre,sábado,21,-101.167963479351,19.7444751194994
41885,41891,2022,,2022/09/03,21:30:00,COLISIÓN POR CORTE DE CIRCULACIÓN,ASFALTO,Bueno,Regular,2,VOLKSWAGEN,ROJO,2,,23,MASCULINO,SIN DATOS,0,0,Morelia,Barrio Alto,septiembre,sábado,22,-101.196860074997,19.7248413859824
41886,41892,2022,,2022/09/03,21:30:00,COLISIÓN POR INVASIÓN DE CARRIL,ASFALTO,Bueno,Bueno,2,TOYOTA,GRIS,2,,45,MASCULINO,SIN DATOS,0,0,Morelia,Tenencia Morelos,septiembre,sábado,22,-101.243929623155,19.6466055443724
41887,41893,2022,,2022/09/03,21:40:00,COLISIÓN POR NO RESPETAR SEMÁFORO,ASFALTO,Bueno,Bueno,2,FORD FIESTA,PLATA,2,MINISTERIO PÚBLICO,41,FEMENINO,SIN DATOS,0,0,Morelia,Jardines del Rincon,septiembre,sábado,22,-101.153276860714,19.6872665764366
41888,41894,2022,,2022/09/03,22:40:00,COLISIÓN CONTRA OBJETO FIJO,TERRACERIA,Bueno,Bueno,1,DODGE,ROJO,1,,30,MASCULINO,SIN DATOS,0,0,Morelia,Tenencia Morelos,septiembre,sábado,23,-101.248674988747,19.6494552908293
41889,41895,2022,,2022/09/03,23:05:00,SALIDA DE SUPERFICIE DE RODAMIENTO,ASFALTO,Bueno,Regular,1,CHRYSLER/NEW YORKER,BLANCO,1,,24,MASCULINO,SIN DATOS,0,0,Morelia,Santiaguito,septiembre,sábado,23,-101.188628040254,19.7180743866497
41890,41896,2022,,2022/09/04,"00:06:00",SUBIDA AL CAMELLÓN,ASFALTO,Bueno,Bueno,1,GMC,VERDE,1,,65,MASCULINO,SIN DATOS,0,0,Morelia,Tinijaro,septiembre,domingo,0,-101.26316,19.6963297049991
41891,41897,2022,,2022/09/04,"00:45:00",COLISIÓN POR CORTE DE CIRCULACIÓN,ASFALTO,Bueno,Bueno,2,VOLKSWAGEN,BLANCO,2,,32,MASCULINO,SIN DATOS,0,0,Copándaro,Sin datos,septiembre,domingo,1,-101.143802930783,19.9197991089851
41892,41898,2022,,2022/09/04,"01:00:00",COLISIÓN POR CORTE DE CIRCULACIÓN,ASFALTO,Bueno,Bueno,2,TOYOTA,AZUL/GRIS,0,MINISTERIO PÚBLICO,,,,0,0,Lázaro Cárdenas,1Er Sect de Fidelac,septiembre,domingo,1,-102.200383096933,17.9616313070017
41894,41900,2022,,2022/09/04,"02:00:00",COLISIÓN CONTRA OBJETO FIJO,ASFALTO,Bueno,Bueno,1,NISSAN,BLANCO,0,,,,,0,0,Morelia,San Juanito Itzicuaro,septiembre,domingo,2,-101.253556,19.674413
41895,41901,2022,,2022/09/04,"02:19:00",COLISIÓN POR MANIOBRA DE REVERSA,ASFALTO,Bueno,Bueno,2,HONDA,ROJO,2,,0,MASCULINO,SIN DATOS,0,0,Morelia,Niño Artillero,septiembre,domingo,2,-101.250299736857,19.6977896626625
41896,41902,2022,,2022/09/04,11:26:00,COLISIÓN CONTRA OBJETO FIJO,ASFALTO,Bueno,Bueno,1,NISSAN,GRIS,1,,29,MASCULINO,SIN DATOS,0,0,Morelia,Sin datos,septiembre,domingo,11,-101.277978,19.618804
41897,41903,2022,MOR22054124,2022/09/04,13:00:00,COLISIÓN POR CAMBIO DE CARRIL,CONCRETO,Bueno,Bueno,2,MERCEDES- BENZ,AMARILLO /GUINDA,2,,54,MASCULINO,SIN DATOS,0,0,Morelia,Jacarandas,septiembre,domingo,13,-101.210576762774,19.7076974518136
41898,41904,2022,,2022/09/04,14:25:00,COLISIÓN POR CAMBIO DE CARRIL,ASFALTO,Bueno,Bueno,2,CHEVROLET,ROJO,0,MINISTERIO PÚBLICO,,,,0,0,Morelia,Villas del Real,septiembre,domingo,14,-101.201081023944,19.734021525656
41900,41906,2022,,2022/09/04,20:52:00,SUBIDA AL CAMELLÓN,ASFALTO,Bueno,Bueno,1,PONTIAC,VERDE,1,,44,FEMENINO,ALIENTO ETÍLICO,0,0,Morelia,La Hacienda,septiembre,domingo,21,-101.317806243896,19.6780706208157
41901,41907,2022,,2022/09/04,21:36:00,COLISIÓN POR CORTE DE CIRCULACIÓN,ASFALTO,Lluvioso,Regular,2,ITALIKA,ROJO/NEGRO,2,MINISTERIO PÚBLICO,30,MASCULINO,SIN DATOS,0,0,Peribán,Sin datos,septiembre,domingo,22,-102.444162033498,19.5517972702526
41902,41908,2022,MOR 220564976,2022/09/04,22:15:00,COLISIÓN POR ALCANCE,ASFALTO,Lluvioso,Regular,2,TOYOTA,ARENA,2,,67,MASCULINO,SIN DATOS,0,0,Morelia,Defensores De Puebla,septiembre,domingo,22,-101.237630553,19.7132539883326
41903,41909,2022,,2022/09/04,22:40:00,SUBIDA AL CAMELLÓN,ASFALTO,Lluvioso,Malo,1,HONDA,ROJO,1,,39,MASCULINO,ALIENTO ETÍLICO,0,0,Morelia,La Quemada,septiembre,domingo,23,-101.241887994111,19.705549900792
41904,41910,2022,MOR 220564672,2022/09/04,80:15:00,COLISIÓN POR INVASIÓN DE CARRIL,CONCRETO,Bueno,Bueno,2,PONTIAC,AZUL,1,,30,FEMENINO,SIN DATOS,0,0,Morelia,Dieciocho de Mayo,septiembre,domingo,,-101.15488816,19.7056735499991
41906,41912,2022,,2022/09/05,"07:40:00",COLISIÓN POR ALCANCE,ASFALTO,Bueno,Bueno,2,CHEVROLET,BLANCO,2,,45,FEMENINO,SIN DATOS,0,0,Morelia,Vista Bella,septiembre,lunes,8,-101.19736533612,19.6795177639735
41907,41913,2022,,2022/09/05,"09:20:00",COLISIÓN POR CAMBIO DE CARRIL,CONCRETO,Bueno,Bueno,2,VOLKSWAGEN,CAFE,2,MINISTERIO PÚBLICO,0,,SIN DATOS,0,0,Morelia,Ciudad Industrial,septiembre,lunes,9,-101.130662996164,19.736373286063
41908,41914,2022,,2022/09/05,"09:30:00",COLISIÓN POR ALCANCE,ASFALTO,Bueno,Bueno,2,NISSAN,NEGRO,2,,27,MASCULINO,SIN DATOS,0,0,Morelia,Felix Ireta,septiembre,lunes,10,-101.195735894144,19.6815293470142
41909,41915,2022,,2022/09/05,10:00:00,COLISIÓN POR CORTE DE CIRCULACIÓN,ASFALTO,Nublado,Regular,2,DODGE,BLANCO,2,,42,MASCULINO,SIN DATOS,0,0,Morelia,Enrique Ramirez,septiembre,lunes,10,-101.16611558944,19.7098293130217
41910,41916,2022,,2022/09/05,10:02:00,SALIDA DE SUPERFICIE DE RODAMIENTO,ASFALTO,Bueno,Bueno,1,NISSAN,GRIS,1,,,,SIN DATOS,0,0,Charo,Sin datos,septiembre,lunes,10,-101.063614804298,19.7448433402273
41911,41917,2022,,2022/09/05,11:15:00,COLISIÓN POR CORTE DE CIRCULACIÓN,ASFALTO,Nublado,Regular,2,NISSAN,BLANCO,2,,59,MASCULINO,SIN DATOS,0,0,Morelia,Isaac Arriaga,septiembre,lunes,11,-101.167697422206,19.7093839539506
41912,41918,2022,,2022/09/05,13:10:00,COLISIÓN POR ALCANCE,ASFALTO,Bueno,Bueno,2,NISSAN,GUINDA,2,,30,MASCULINO,SIN DATOS,0,0,Morelia,Nicolaitas Ilustres,septiembre,lunes,13,-101.226342581213,19.7223932303632
41913,41919,2022,,2022/09/05,13:15:00,COLISIÓN CON PEATÓN,ASFALTO,Bueno,Bueno,2,NISSAN XTRAIL,ROJO,2,,41,MASCULINO,SIN DATOS,0,0,Morelia,Morelos,septiembre,lunes,13,-101.20617069304,19.7023300079303
41914,41920,2022,,2022/09/05,13:30:00,COLISIÓN POR INVASIÓN DE CARRIL,ASFALTO,Nublado,Bueno,2,KENWORTH,BLANCO,2,,31,MASCULINO,SIN DATOS,0,0,Morelia,La Quemada,septiembre,lunes,14,-101.238506734371,19.6881778723202
41915,41921,2022,,2022/09/05,15:05:00,COLISIÓN POR CORTE DE CIRCULACIÓN,CONCRETO,Bueno,Bueno,2,NISSAN,BLANCO,2,,58,FEMENINO,SIN DATOS,0,0,Morelia,Indeco Expropiacion Petrolera,septiembre,lunes,15,-101.225728355348,19.6853636599091
41916,41922,2022,,2022/09/05,15:55:00,COLISIÓN POR ALCANCE,ASFALTO,Lluvioso,Bueno,2,VOLKSWAGEN,BLANCO,2,,44,MASCULINO,SIN DATOS,0,0,Morelia,Vistas de Altozano,septiembre,lunes,16,-101.164224296808,19.6584476608518
41917,41923,2022,,2022/09/05,16:39:00,COLISIÓN POR CAMBIO DE CARRIL,ASFALTO,Bueno,Bueno,2,FREIGHTLINER,BLANCO,2,,40,MASCULINO,SIN DATOS,0,0,Morelia,Division del Norte,septiembre,lunes,17,-101.163130626082,19.7114996352155
41918,41924,2022,,2022/09/05,16:55:00,COLISIÓN POR INVASIÓN DE CARRIL,CONCRETO,Bueno,Bueno,2,VOLKSWAGEN GOL,ROJO,2,,39,MASCULINO,SIN DATOS,0,0,Morelia,Centro,septiembre,lunes,17,-101.201672963798,19.7028713433371