fid,id_accidente,anio_origen,folio_c5i,dia_incidente,hora_ocurrencia,tipo_incidente_vial,superficie_ocurrencia,condiciones_climaticas,condiciones_via,numero_vehiculos_involucrados,marca_vehiculo_ocasiona_siniestro,color_vehiculo_ocasiona_siniestro,numero_personas_involucradas,lugar_remite_presunto_responsable,edad_presunto_responsable,sexo_presunto_responsable,resultados_toxicologia,numero_personas_lesionadas,numero_personas_fallecidas,municipio,colonia,mes,dia_semana,hora_redondeada,lon,lat
41919,41925,2022,,2022/09/05,17:20:00,COLISIÓN POR CORTE DE CIRCULACIÓN,ASFALTO,Bueno,Bueno,2,NISSAN,ROJO,2,,,MASCULINO,SIN DATOS,0,0,Morelia,Hermosa Provincia,septiembre,lunes,17,-101.244423687458,19.7104148115437
41920,41926,2022,,2022/09/05,17:25:00,COLISIÓN POR ALCANCE,ASFALTO,Lluvioso,Bueno,2,NISSAN,BLANCO,2,,54,MASCULINO,SIN DATOS,0,0,Morelia,Lomas de Santa Maria,septiembre,lunes,17,-101.182426102459,19.6753243592377
41921,41927,2022,,2022/09/05,18:20:00,SALIDA DE SUPERFICIE DE RODAMIENTO,ASFALTO,Lluvioso,Regular,1,BEAT,AZUL,0,,,,,0,0,Tancítaro,Sin datos,septiembre,lunes,18,-102.382271401584,19.359998661895
41922,41928,2022,,2022/09/05,20:25:00,COLISIÓN POR ALCANCE,ASFALTO,Lluvioso,Regular,2,NISSAN,AZUL,2,,22,MASCULINO,SIN DATOS,0,0,Tocumbo,Sin datos,septiembre,lunes,20,-102.482528686523,19.6192126061815
41923,41929,2022,,2022/09/05,21:00:00,COLISIÓN POR MANIOBRA DE REVERSA,CONCRETO,Bueno,Bueno,2,CHRYSLER,GRIS,1,,,,SIN DATOS,0,0,Morelia,Ilustres Novohispanos,septiembre,lunes,21,-101.153465621173,19.7097709208683
41924,41930,2022,,2022/09/05,21:20:00,COLISIÓN CONTRA OBJETO FIJO,ASFALTO,Lluvioso,Regular,2,CHEVROLET,GRIS,1,,47,MASCULINO,SIN DATOS,0,0,Pátzcuaro,Centro,septiembre,lunes,21,-101.613452732563,19.5095642677753
41925,41931,2022,,2022/09/06,"00:00:00",SALIDA DE SUPERFICIE DE RODAMIENTO,CONCRETO,Bueno,Bueno,1,KENWORTH,BLANCO,1,,19,MASCULINO,SIN DATOS,0,0,Morelia,Nueva Jacarndas,septiembre,martes,0,-101.188634745777,19.6816572010147
41926,41932,2022,,2022/09/06,"07:35:00",SALIDA DE SUPERFICIE DE RODAMIENTO,ASFALTO,Nublado,Bueno,1,VOLSKWAGEN,GRIS,1,,,,SIN DATOS,0,0,Morelia,Sin datos,septiembre,martes,8,-101.282071173191,19.6177544318971
41927,41933,2022,,2022/09/06,"07:50:00",COLISIÓN POR CORTE DE CIRCULACIÓN,ASFALTO,Bueno,Bueno,2,FORD,GRIS,2,,22,MASCULINO,SIN DATOS,0,0,Morelia,Felix Ireta,septiembre,martes,8,-101.180872097611,19.6848980290805
41928,41934,2022,MOR220389496,2022/09/06,"08:00:00",COLISIÓN POR CORTE DE CIRCULACIÓN,CONCRETO,Bueno,Bueno,2,HONDA,BLANCO,2,,50,FEMENINO,SIN DATOS,0,0,Morelia,Juana Pavon,septiembre,martes,8,-101.203705407679,19.6690247328188
41929,41935,2022,,2022/09/06,"08:50:00",COLISIÓN POR CORTE DE CIRCULACIÓN,CONCRETO,Bueno,Bueno,2,ITALIKA,MORADO,2,,16,MASCULINO,SIN DATOS,0,0,Morelia,Centro,septiembre,martes,9,-101.186928525567,19.7028593487531
41930,41936,2022,,2022/09/06,11:35:00,COLISIÓN POR CORTE DE CIRCULACIÓN,CONCRETO,Bueno,Bueno,2,HONDA,NEGRO,2,,34,MASCULINO,SIN DATOS,0,0,Morelia,Centro,septiembre,martes,12,-101.189810559154,19.7029114304926
41931,41937,2022,,2022/09/06,11:40:00,COLISIÓN POR CAMBIO DE CARRIL,ASFALTO,Bueno,Bueno,2,NISSAN,BEIGE,2,,59,FEMENINO,SIN DATOS,0,0,Morelia,Alberto Oviedo Mota,septiembre,martes,12,-101.202171519399,19.6774625894896
41932,41938,2022,MOR220541466,2022/09/06,14:20:00,COLISIÓN POR CAMBIO DE CARRIL,ASFALTO,Bueno,Bueno,2,VOLKSWAGEN,PLATA,2,,30,MASCULINO,SIN DATOS,0,0,Morelia,Enrique Arreguin Robles,septiembre,martes,14,-101.182767413557,19.7194166998135
41933,41939,2022,,2022/09/06,14:40:00,COLISIÓN POR INVASIÓN DE CARRIL,ASFALTO,Bueno,Bueno,2,NISSAN,BLANCO,2,,52,MASCULINO,SIN DATOS,0,0,Morelia,Cuauhtemoc,septiembre,martes,15,-101.178971417248,19.6953309917345
41934,41940,2022,,2022/09/06,14:49:00,COLISIÓN POR CORTE DE CIRCULACIÓN,SIN_DATOS,Bueno,Bueno,0,,,0,,,,,0,0,Morelia,Cuauhtemoc,septiembre,martes,15,-101.178836636245,19.6959645237267
41935,41941,2022,,2022/09/06,15:00:00,COLISIÓN POR CORTE DE CIRCULACIÓN,SIN_DATOS,Bueno,Bueno,2,CHEVROLET,AZUL,0,MINISTERIO PÚBLICO,,,,0,0,Lázaro Cárdenas,Ejidal,septiembre,martes,15,-102.204072810709,17.9571476498926
41936,41942,2022,,2022/09/06,15:02:00,COLISIÓN POR MANIOBRA DE REVERSA,ASFALTO,Bueno,Bueno,2,NISSAN,GUINDA,2,,42,MASCULINO,SIN DATOS,0,0,Morelia,Morelos,septiembre,martes,15,-101.207233853638,19.6999900921864
41937,41943,2022,,2022/09/06,15:20:00,COLISIÓN POR CORTE DE CIRCULACIÓN,ASFALTO,Bueno,Bueno,2,CHEVROLET,BLANCO,2,,44,FEMENINO,SIN DATOS,0,0,Morelia,Primo Tapia Oriente,septiembre,martes,15,-101.15855243057,19.7134533724088
41938,41944,2022,,2022/09/06,16:11:00,COLISIÓN CON PEATÓN,ASFALTO,Bueno,Bueno,1,ITALIKA,ROJO Y NEGRO,2,,24,MASCULINO,SIN DATOS,1,0,Morelia,Nueva Valladolid,septiembre,martes,16,-101.208874695003,19.7010131190491
41939,41945,2022,MOR 220568482,2022/09/06,16:50:00,COLISIÓN CONTRA OBJETO FIJO,ASFALTO,Nublado,Regular,1,NISSAN,BLANCO,1,,36,MASCULINO,SIN DATOS,0,0,Morelia,Vista Bella,septiembre,martes,17,-101.197587959468,19.6796781359272
41940,41946,2022,,2022/09/06,17:00:00,COLISIÓN CONTRA OBJETO FIJO,ASFALTO,Lluvioso,Regular,1,DODGE,GUINDA,0,MINISTERIO PÚBLICO,,,,0,0,Hidalgo,Corros,septiembre,martes,17,-100.555385649204,19.7072136392708
41941,41947,2022,,2022/09/06,17:45:00,COLISIÓN POR CAMBIO DE CARRIL,ASFALTO,Bueno,Bueno,2,FREIGHTLINER,BLANCO,2,,27,MASCULINO,SIN DATOS,0,0,Morelia,La Esperanza,septiembre,martes,18,-101.252287589014,19.6981100541538
41942,41948,2022,,2022/09/06,19:45:00,COLISIÓN POR ALCANCE,ASFALTO,Nublado,Bueno,2,FORD,BLANCO,2,,27,MASCULINO,SIN DATOS,0,0,Morelia,Diego Rivera,septiembre,martes,20,-101.176096759737,19.7182476602498
41943,41949,2022,MOR 220569394,2022/09/07,"00:05:00",COLISIÓN CONTRA OBJETO FIJO,ASFALTO,Nublado,Bueno,1,CHEVROLET,BLANCO,1,,34,MASCULINO,ALIENTO ETÍLICO,0,0,Morelia,La Quemada,septiembre,miércoles,0,-101.241240911186,19.7056032442217
41944,41950,2022,MOR220556,2022/09/07,"06:05:00",SUBIDA AL CAMELLÓN,ASFALTO,Nublado,Bueno,1,CHEVROLET,PLATA,1,,26,MASCULINO,SIN DATOS,0,0,Morelia,El Lago 1,septiembre,miércoles,6,-101.219317875803,19.7275997373485
41945,41951,2022,,2022/09/07,"08:05:00",COLISIÓN POR CORTE DE CIRCULACIÓN,SIN_DATOS,Nublado,Bueno,2,NISSAN,AZUL,2,,32,MASCULINO,SIN DATOS,0,0,Morelia,Villas del Pedregal,septiembre,miércoles,8,-101.302209,19.685042
41946,41952,2022,,2022/09/07,"09:10:00",COLISIÓN POR CORTE DE CIRCULACIÓN,CONCRETO,Bueno,Bueno,2,FORD,VERDE,2,MINISTERIO PÚBLICO,20,MASCULINO,SIN DATOS,0,0,Morelia,Ricardo Flores Magon,septiembre,miércoles,9,-101.243703514338,19.7089499564975
41947,41953,2022,,2022/09/07,10:04:00,COLISIÓN POR CORTE DE CIRCULACIÓN,CONCRETO,Bueno,Bueno,2,FORD,AZUL,2,,36,MASCULINO,SIN DATOS,0,0,Morelia,Ventura Puente,septiembre,miércoles,10,-101.193225725,19.6917077449992
41948,41954,2022,LEG44824,2022/09/07,11:00:00,COLISIÓN POR CORTE DE CIRCULACIÓN,CONCRETO,Bueno,Bueno,2,ITALIKA,AZUL,2,,49,MASCULINO,SIN DATOS,0,0,Morelia,Fuentes de Morelia,septiembre,miércoles,11,-101.203916966915,19.671186725331
41949,41955,2022,,2022/09/07,11:20:00,COLISIÓN POR MANIOBRA DE REVERSA,CONCRETO,Bueno,Bueno,3,NISSAN,PLATA,3,,20,MASCULINO,SIN DATOS,0,0,Morelia,Sentimientos de La Nacion,septiembre,miércoles,11,-101.233224794269,19.6782066856615
41950,41956,2022,,2022/09/07,13:30:00,COLISIÓN POR CORTE DE CIRCULACIÓN,ASFALTO,Bueno,Bueno,2,DUSTER,GRIS,2,,28,MASCULINO,SIN DATOS,0,0,Morelia,Los Manantiales de Morelia,septiembre,miércoles,14,-101.237726546824,19.701478387356
41951,41957,2022,LEG44825,2022/09/07,13:55:00,COLISIÓN POR ALCANCE,ASFALTO,Bueno,Bueno,2,NISSAN,BLANCO,2,,29,FEMENINO,SIN DATOS,0,0,Morelia,Irrigacion,septiembre,miércoles,14,-101.225133575499,19.704710291803
41952,41958,2022,,2022/09/07,14:00:00,COLISIÓN POR CORTE DE CIRCULACIÓN,ASFALTO,Bueno,Bueno,1,KENWORTH,NARANJA,1,,47,MASCULINO,SIN DATOS,0,0,Morelia,La Huerta,septiembre,miércoles,14,-101.21708560735,19.6755131484698
41953,41959,2022,LEG44826,2022/09/07,15:44:00,COLISIÓN POR ALCANCE,ASFALTO,Bueno,Bueno,2,MAZDA,ROJO,2,,41,MASCULINO,SIN DATOS,0,0,Morelia,Morelos,septiembre,miércoles,16,-101.209212988615,19.6981665566262
41954,41960,2022,,2022/09/07,16:00:00,COLISIÓN POR CAMBIO DE CARRIL,ASFALTO,Bueno,Bueno,2,MERCEDES BENNZ,GRIS,2,,30,FEMENINO,SIN DATOS,0,0,Morelia,Jardines del Rincon,septiembre,miércoles,16,-101.150366663933,19.6906771220678
41955,41961,2022,,2022/09/07,17:00:00,COLISIÓN CONTRA OBJETO FIJO,CONCRETO,Bueno,Bueno,2,DODGE,NEGRO,2,,49,MASCULINO,SIN DATOS,0,0,Morelia,Central de Abastos,septiembre,miércoles,17,-101.167786940932,19.7174169552345
41956,41962,2022,,2022/09/07,19:00:00,COLISIÓN POR CAMBIO DE CARRIL,ASFALTO,Bueno,Bueno,2,CHEVROLET,ROJO,2,,,MASCULINO,SIN DATOS,0,0,Morelia,Jardines de Torremolinos,septiembre,miércoles,19,-101.229701042175,19.6769934630161
41957,41963,2022,,2022/09/07,19:00:00,COLISIÓN POR CAMBIO DE CARRIL,ASFALTO,Bueno,Regular,2,DODGE,ROJO,2,,24,MASCULINO,SIN DATOS,0,0,Morelia,Poblado de Ocolusen,septiembre,miércoles,19,-101.156240366399,19.6951788426713
41958,41964,2022,,2022/09/07,19:00:00,COLISIÓN POR CORTE DE CIRCULACIÓN,ASFALTO,Bueno,Bueno,2,NISSAN,BLANCO,2,,37,MASCULINO,SIN DATOS,0,0,Morelia,La Soledad,septiembre,miércoles,19,-101.183706857264,19.7264373852493
41959,41965,2022,,2022/09/07,22:30:00,COLISIÓN POR ALCANCE,ASFALTO,Lluvioso,Regular,2,FORD,PLATA,2,,44,MASCULINO,SIN DATOS,0,0,Morelia,Cuauhtemoc,septiembre,miércoles,23,-101.178936213255,19.6954380010512
41961,41967,2022,,2022/09/08,"00:00:00",COLISIÓN POR ALCANCE,CONCRETO,Bueno,Bueno,2,NISSAN,BLANCO,2,,42,MASCULINO,SIN DATOS,0,0,Morelia,Jardines de Torremolinos,septiembre,jueves,0,-101.228,19.6773
41963,41969,2022,,2022/09/08,"00:10:00",COLISIÓN POR CORTE DE CIRCULACIÓN,ASFALTO,Lluvioso,Bueno,2,FIAT,GRIS,2,,32,MASCULINO,SIN DATOS,0,0,Morelia,Sentimientos de La Nacion,septiembre,jueves,0,-101.236873939633,19.6847979577359
41964,41970,2022,,2022/09/08,"00:10:00",COLISIÓN CON PEATÓN,SIN_DATOS,Bueno,Regular,1,ITALIKA,ROJO/NEGRO,3,MINISTERIO PÚBLICO,24,MASCULINO,SIN DATOS,2,0,Santa Ana Maya,Sin datos,septiembre,jueves,0,-101.118997894228,20.0707553132941
41965,41971,2022,,2022/09/08,"06:01:00",COLISIÓN CONTRA OBJETO FIJO,ASFALTO,Lluvioso,Bueno,1,PONTIAC,PLATA,1,MINISTERIO PÚBLICO,30,MASCULINO,SIN DATOS,0,0,Morelia,Villa de Santa Maria,septiembre,jueves,6,-101.167578399181,19.6559612325517
41966,41972,2022,,2022/09/08,"06:30:00",COLISIÓN POR ALCANCE,ASFALTO,Lluvioso,Bueno,2,CHEVROLET,ROJO,2,,33,MASCULINO,SIN DATOS,0,0,Morelia,San Isidro Itzicuaro,septiembre,jueves,7,-101.274089,19.685196
41968,41974,2022,,2022/09/08,"08:00:00",CAIDA DE MOTOCICLETA,ASFALTO,Lluvioso,Regular,1,ITALIKA,ROJO,2,,,MASCULINO,SIN DATOS,1,0,Morelia,Vistas de Altozano,septiembre,jueves,8,-101.167,19.6551
41969,41975,2022,,2022/09/08,"08:20:00",COLISIÓN POR CAMBIO DE CARRIL,ASFALTO,Lluvioso,Regular,2,NISSAN,BLANCO,2,,33,MASCULINO,SIN DATOS,0,0,Morelia,Santillan La Huerta,septiembre,jueves,8,-101.219553885717,19.6760966650679
41971,41977,2022,,2022/09/08,13:56:00,COLISIÓN POR CAMBIO DE CARRIL,CONCRETO,Bueno,Bueno,2,TOYOTA,GRIS,2,,70,MASCULINO,SIN DATOS,0,0,Morelia,Camelinas,septiembre,jueves,14,-101.17262119,19.6818144849991
41972,41978,2022,,2022/09/08,15:25:00,COLISIÓN POR CORTE DE CIRCULACIÓN,ASFALTO,Bueno,Bueno,2,INTERNACIONAL,BLANCO,2,,50,MASCULINO,SIN DATOS,0,0,Morelia,Prados Verdes,septiembre,jueves,15,-101.19721026,19.7150711099991
41973,41979,2022,MOR220572659,2022/09/08,17:00:00,COLISIÓN CONTRA OBJETO FIJO,CONCRETO,Bueno,Bueno,1,FORD,BLANCO,1,,32,MASCULINO,SIN DATOS,0,0,Morelia,Barrio Alto,septiembre,jueves,17,-101.19291314,19.7256269599991
41975,41981,2022,,2022/09/08,17:20:00,COLISIÓN POR ALCANCE,ASFALTO,Bueno,Bueno,3,HONDA,GRIS,5,MINISTERIO PÚBLICO,59,,SIN DATOS,2,0,Hidalgo,Sin datos,septiembre,jueves,17,-100.739961527288,19.6822143907142
41978,41984,2022,,2022/09/08,19:00:00,VOLCADURA,ASFALTO,Bueno,Bueno,1,INTERNATIONAL,GRIS,0,MINISTERIO PÚBLICO,,,,0,0,Morelia,Ciudad Industrial,septiembre,jueves,19,-101.135000623763,19.7323342701728
41979,41985,2022,MOR 220572948,2022/09/08,19:50:00,COLISIÓN POR CORTE DE CIRCULACIÓN,ASFALTO,Bueno,Bueno,2,FORD,GRIS,2,MINISTERIO PÚBLICO,40,MASCULINO,SIN DATOS,0,0,Morelia,Cañada del Bosque,septiembre,jueves,20,-101.097469366718,19.7282996448773
41980,41986,2022,,2022/09/08,20:00:00,COLISIÓN POR INVASIÓN DE CARRIL,ASFALTO,Bueno,Bueno,2,ISUZU,BLANCO,1,MINISTERIO PÚBLICO,21,MASCULINO,SIN DATOS,0,0,Tzitzio,Sin datos,septiembre,jueves,20,-100.90771,19.41796
41981,41987,2022,,2022/09/08,20:30:00,COLISIÓN POR CORTE DE CIRCULACIÓN,ASFALTO,Bueno,Bueno,2,S/D,S/D,3,MINISTERIO PÚBLICO,20,MASCULINO,SIN DATOS,2,0,Morelia,Enrique Arreguin Robles,septiembre,jueves,21,-101.17940323,19.7207785399991
41982,41988,2022,,2022/09/08,23:30:00,COLISIÓN POR ALCANCE,ASFALTO,Bueno,Regular,1,NISSAN,BLANCO/ROJO,5,MINISTERIO PÚBLICO,40,MASCULINO,SIN DATOS,4,0,Hidalgo,Corros,septiembre,jueves,0,-100.55441301316,19.7073427353103
41983,41989,2022,,2022/09/09,"08:12:00",COLISIÓN POR NO RESPETAR SEMÁFORO,ASFALTO,Bueno,Bueno,2,VOLKSWAGEN,AZUL,2,,39,FEMENINO,SIN DATOS,0,0,Morelia,Pascual Ortiz de Ayala,septiembre,viernes,8,-101.149821521984,19.69504229591
41984,41990,2022,,2022/09/09,"09:00:00",COLISIÓN POR CAMBIO DE CARRIL,ASFALTO,Bueno,Bueno,3,CHEVROLET,GUINDA,6,MINISTERIO PÚBLICO,22,MASCULINO,SIN DATOS,3,0,Peribán,Sin datos,septiembre,viernes,9,-102.44325209409,19.5508026758466
41985,41991,2022,,2022/09/09,"09:21:00",COLISIÓN POR CAMBIO DE CARRIL,ASFALTO,Bueno,Bueno,2,FORD,GRIS PLATA,2,,29,MASCULINO,SIN DATOS,0,0,Morelia,Lomas de Morelia (Dr Ignacio Chavez),septiembre,viernes,9,-101.173667013645,19.7158382250679
41986,41992,2022,,2022/09/09,10:00:00,COLISIÓN POR CORTE DE CIRCULACIÓN,ASFALTO,Bueno,Bueno,1,FORD,AZUL,1,,49,MASCULINO,SIN DATOS,0,0,Morelia,Cosmos,septiembre,viernes,10,-101.216722168028,19.6827292764699
41987,41993,2022,,2022/09/09,10:30:00,COLISIÓN POR ALCANCE,ASFALTO,Bueno,Bueno,2,HONDA,TUNGSTENO,2,MINISTERIO PÚBLICO,47,FEMENINO,SIN DATOS,0,0,Morelia,Jardines de Torremolinos,septiembre,viernes,11,-101.226604096591,19.6768851785812
41988,41994,2022,,2022/09/09,10:50:00,COLISIÓN POR INVASIÓN DE CARRIL,CONCRETO,Bueno,Bueno,2,FORD,BLANCA,2,,23,MASCULINO,SIN DATOS,0,0,Morelia,Jardines de La Aldea,septiembre,viernes,11,-101.134770289063,19.7348927278079
41989,41995,2022,,2022/09/09,11:41:00,COLISIÓN CON PEATÓN,SIN_DATOS,Bueno,Bueno,2,NISSAN,ROJO,2,,44,FEMENINO,SIN DATOS,0,0,Morelia,Felix Ireta,septiembre,viernes,12,-101.19040466845,19.6824075914493
41990,41996,2022,,2022/09/09,12:00:00,COLISIÓN POR MANIOBRA DE REVERSA,ASFALTO,Bueno,Bueno,2,NISSAN,BLANCO,2,,,FEMENINO,SIN DATOS,0,0,Morelia,Cuauhtemoc,septiembre,viernes,12,-101.182767203232,19.6954874475509
41991,41997,2022,,2022/09/09,12:20:00,COLISIÓN POR NO RESPETAR SEMÁFORO,ASFALTO,Bueno,Bueno,2,CHEVROLET,ROJO,2,MINISTERIO PÚBLICO,63,MASCULINO,SIN DATOS,0,0,Morelia,Fidel Velazquez,septiembre,viernes,12,-101.235063783824,19.7022349978537
41992,41998,2022,,2022/09/09,13:30:00,COLISIÓN POR CORTE DE CIRCULACIÓN,ASFALTO,Bueno,Bueno,1,JEEP,GRIS,2,,74,MASCULINO,SIN DATOS,0,0,Morelia,La Hacienda,septiembre,viernes,14,-101.314941644669,19.6868808178133
41993,41999,2022,,2022/09/09,17:03:00,COLISIÓN POR ALCANCE,ASFALTO,Bueno,Bueno,1,KEEWAY,VERDE,1,,,MASCULINO,SIN DATOS,0,0,Morelia,Ejidal Ocolusen,septiembre,viernes,17,-101.152217723429,19.6841239740227
41994,42000,2022,,2022/09/09,18:55:00,COLISIÓN POR ALCANCE,ASFALTO,Bueno,Bueno,2,ITALIKA,ROJO,2,,68,MASCULINO,SIN DATOS,0,0,Morelia,Lomas del Valle,septiembre,viernes,19,-101.229454949498,19.6856364084572
41995,42001,2022,,2022/09/09,19:07:00,COLISIÓN POR CAMBIO DE CARRIL,ASFALTO,Bueno,Bueno,2,Mazda,GUINDA,2,,35,FEMENINO,CON CERTIFICADO,0,0,Morelia,Morelos,septiembre,viernes,19,-101.185363791883,19.7240280735212
41996,42002,2022,,2022/09/09,20:30:00,COLISIÓN CON PEATÓN,SIN_DATOS,Bueno,Bueno,4,MERCEDES BENZ,BLANCO,4,,38,MASCULINO,SIN DATOS,0,0,Morelia,Centro,septiembre,viernes,21,-101.180240437388,19.7009622992945
41997,42003,2022,,2022/09/09,21:00:00,COLISIÓN CONTRA OBJETO FIJO,CONCRETO,Bueno,Bueno,2,VOLKSWAGEN,BLANCO,2,,,,SIN DATOS,0,0,Morelia,Vasco de Quiroga,septiembre,viernes,21,-101.166821680963,19.7011990371441
41998,42004,2022,,2022/09/09,21:45:00,SALIDA DE SUPERFICIE DE RODAMIENTO,CONCRETO,Bueno,Bueno,1,VOLKSWAGEN,NEGRO,1,,47,MASCULINO,SIN DATOS,0,0,Morelia,Loma Bonita,septiembre,viernes,22,-101.191241939204,19.6568091874579
41999,42005,2022,,2022/09/10,"00:00:00",COLISIÓN POR CORTE DE CIRCULACIÓN,ASFALTO,Bueno,Bueno,2,CHEVROLET,BLANCO,2,,,MASCULINO,SIN DATOS,0,0,Morelia,Sin datos,septiembre,sábado,0,-101.290495991707,19.5992039968197
42000,42006,2022,,2022/09/10,"00:10:00",COLISIÓN CONTRA OBJETO FIJO,ASFALTO,Bueno,Bueno,1,RENAULT/DUSTER,CAFE,1,,29,FEMENINO,SIN DATOS,0,0,Morelia,San Mateo,septiembre,sábado,0,-101.248126477003,19.6820944293563
42001,42007,2022,,2022/09/10,"01:20:00",COLISIÓN POR CAMBIO DE CARRIL,CONCRETO,Bueno,Bueno,2,ITALIKA,NEGRO/AMARILLO,4,MINISTERIO PÚBLICO,17,MASCULINO,SIN DATOS,2,0,Morelia,Centro,septiembre,sábado,1,-101.187437139452,19.705722872322
42002,42008,2022,,2022/09/10,"01:50:00",VOLCADURA,ASFALTO,Nublado,Bueno,1,CHEVROLET,ROJO,2,MINISTERIO PÚBLICO,32,MASCULINO,SIN DATOS,0,1,Peribán,Sin datos,septiembre,sábado,2,-102.441474460065,19.548865916287
42003,42009,2022,,2022/09/10,"02:30:00",COLISIÓN CONTRA OBJETO FIJO,ASFALTO,Bueno,Regular,1,VOLKSWAGEN,GRIS/NEGRO,0,MINISTERIO PÚBLICO,,,,0,0,Hidalgo,Sin datos,septiembre,sábado,3,-100.632576942444,19.7113557079129
42004,42010,2022,,2022/09/10,"07:49:00",COLISIÓN CONTRA OBJETO FIJO,TERRACERIA,Bueno,Bueno,1,MITSUBISHI,BLANCO,1,,0,MASCULINO,SIN DATOS,0,0,Morelia,Sentimientos de La Nacion,septiembre,sábado,8,-101.234296672046,19.678885429686
42005,42011,2022,,2022/09/10,"09:39:00",COLISIÓN POR ALCANCE,ASFALTO,Bueno,Bueno,2,NISSAN,NEGRO,2,,45,MASCULINO,SIN DATOS,0,0,Morelia,Loma de Los Piñones,septiembre,sábado,10,-101.205067634583,19.6740208235034
42006,42012,2022,,2022/09/10,10:20:00,COLISIÓN POR CORTE DE CIRCULACIÓN,ASFALTO,Bueno,Bueno,2,MAZDA,BLANCO,2,,27,MASCULINO,SIN DATOS,0,0,Morelia,Chapultepec Sur,septiembre,sábado,10,-101.172890514135,19.6919985153523
42007,42013,2022,MOR220576036,2022/09/10,10:20:00,COLISIÓN POR CORTE DE CIRCULACIÓN,ASFALTO,Bueno,Bueno,0,,,0,,,,,0,0,Morelia,Progreso del Sur,septiembre,sábado,10,-101.198072433472,19.6609615190778
42008,42014,2022,MOR220576310,2022/09/10,12:00:00,COLISIÓN POR CORTE DE CIRCULACIÓN,ASFALTO,Bueno,Bueno,2,BMW,GRIS,2,,30,MASCULINO,SIN DATOS,0,0,Morelia,Ejidal Tres Puentes,septiembre,sábado,12,-101.231603063643,19.6924903259302
42009,42015,2022,,2022/09/10,12:48:00,COLISIÓN POR CORTE DE CIRCULACIÓN,CONCRETO,Bueno,Bueno,2,HONDA,GRIS,2,,37,FEMENINO,SIN DATOS,0,0,Morelia,La Soledad,septiembre,sábado,13,-101.186076588929,19.729592411444
42010,42016,2022,,2022/09/10,12:50:00,COLISIÓN CONTRA OBJETO FIJO,CONCRETO,Bueno,Bueno,1,RENAULT,GRIS,1,,30,FEMENINO,SIN DATOS,0,0,Morelia,Ventura Puente,septiembre,sábado,13,-101.179247014225,19.6935575938805
42011,42017,2022,,2022/09/10,14:45:00,COLISIÓN POR CAMBIO DE CARRIL,ASFALTO,Bueno,Bueno,2,NISSAN,BLANCO/ROJO,2,MINISTERIO PÚBLICO,29,MASCULINO,SIN DATOS,0,0,Morelia,Jardines del Rincon,septiembre,sábado,15,-101.150093749166,19.691507965941
42012,42018,2022,,2022/09/10,16:00:00,COLISIÓN POR ALCANCE,ASFALTO,Bueno,Bueno,2,VOLKSWAGEN,ROJO,2,,44,FEMENINO,SIN DATOS,0,0,Morelia,Mariano Michelena,septiembre,sábado,16,-101.229886114597,19.6768930710352
42013,42019,2022,MOR220549,2022/09/10,18:30:00,COLISIÓN POR ALCANCE,ASFALTO,Bueno,Bueno,2,FORD,ROJO,2,,52,MASCULINO,SIN DATOS,0,0,Morelia,Lomas de Huerta,septiembre,sábado,19,-101.210184618831,19.6721906780599
42014,42020,2022,,2022/09/10,18:40:00,COLISIÓN POR CAMBIO DE CARRIL,ASFALTO,Bueno,Bueno,2,NISSAN,BLANCO,2,,32,MASCULINO,SIN DATOS,0,0,Morelia,El Realito,septiembre,sábado,19,-101.204997897148,19.7266257985857
42015,42021,2022,LEG44882,2022/09/10,20:20:00,COLISIÓN POR CORTE DE CIRCULACIÓN,ASFALTO,Bueno,Bueno,2,ITALIKA,NEGRO/GRIS,2,,44,MASCULINO,SIN DATOS,0,0,Morelia,Pastor Manuel Sanchez Camarena,septiembre,sábado,20,-101.199476234615,19.7390574317369
42016,42022,2022,,2022/09/10,20:45:00,COLISIÓN POR CORTE DE CIRCULACIÓN,ASFALTO,Bueno,Bueno,1,NISSAN,BLANCO,1,,0,,SIN DATOS,0,0,Morelia,Sin datos,septiembre,sábado,21,-101.114524640143,19.7368083094452
42017,42023,2022,MOR2205,2022/09/11,"04:30:00",COLISIÓN POR ALCANCE,ASFALTO,Bueno,Bueno,3,VOLKSWAGEN,ROJO,3,,23,MASCULINO,CON CERTIFICADO,0,0,Morelia,Campestre Los Manantiales,septiembre,domingo,5,-101.238162405789,19.6877719756489
42018,42024,2022,,2022/09/11,"08:00:00",COLISIÓN POR ALCANCE,ASFALTO,Bueno,Bueno,3,FORD,AZUL,0,MINISTERIO PÚBLICO,,,,0,0,Lázaro Cárdenas,Infonavit Nuevo Horizonte,septiembre,domingo,8,-102.208743877709,17.9568261541042
42019,42025,2022,,2022/09/11,"08:30:00",COLISIÓN CONTRA OBJETO FIJO,CONCRETO,Bueno,Bueno,1,VOLKSWAGEN,BLANCO,1,,0,MASCULINO,SIN DATOS,0,0,Morelia,Sin datos,septiembre,domingo,9,-101.126827932894,19.7636925082301
42020,42026,2022,,2022/09/11,"08:30:00",SALIDA DE SUPERFICIE DE RODAMIENTO,CONCRETO,Bueno,Bueno,1,VOLKSWAGEN,ROJO,0,,,,,0,0,Morelia,Sin datos,septiembre,domingo,9,-101.126825250685,19.7636906150695