fid,id_accidente,anio_origen,folio_c5i,dia_incidente,hora_ocurrencia,tipo_incidente_vial,superficie_ocurrencia,condiciones_climaticas,condiciones_via,numero_vehiculos_involucrados,marca_vehiculo_ocasiona_siniestro,color_vehiculo_ocasiona_siniestro,numero_personas_involucradas,lugar_remite_presunto_responsable,edad_presunto_responsable,sexo_presunto_responsable,resultados_toxicologia,numero_personas_lesionadas,numero_personas_fallecidas,municipio,colonia,mes,dia_semana,hora_redondeada,lon,lat
42021,42027,2022,,2022/09/11,15:30:00,COLISIÓN POR INVASIÓN DE CARRIL,ASFALTO,Bueno,Bueno,2,DODGE,GRIS,3,MINISTERIO PÚBLICO,41,MASCULINO,SIN DATOS,1,0,Áporo,Sin datos,septiembre,domingo,16,-100.384789444506,19.6560209072823
42022,42028,2022,,2022/09/11,16:30:00,CAIDA DE MOTOCICLETA,ASFALTO,Bueno,Bueno,1,YAMAHA,BLANCO,1,,0,MASCULINO,SIN DATOS,0,0,Morelia,Unidos Santa Cruz,septiembre,domingo,17,-101.217026263475,19.7232557857969
42023,42029,2022,,2022/09/11,17:20:00,COLISIÓN POR CORTE DE CIRCULACIÓN,ASFALTO,Bueno,Bueno,2,TOYOTA,GRIS,2,,,MASCULINO,SIN DATOS,0,0,Morelia,Cosmos,septiembre,domingo,17,-101.216415725648,19.6833489681675
42024,42030,2022,,2022/09/11,20:30:00,COLISIÓN CON PEATÓN,SIN_DATOS,Bueno,Bueno,2,VOLKSWAGEN,ROJO,0,,,,,0,0,Morelia,Rincon del Punhuato,septiembre,domingo,21,-101.139843,19.698525
42025,42031,2022,,2022/09/11,22:58:00,SALIDA DE SUPERFICIE DE RODAMIENTO,ASFALTO,Bueno,Bueno,1,YAMAHA,ROJO,1,,0,MASCULINO,ALIENTO ETÍLICO,0,0,Morelia,Praderas del Indio,septiembre,domingo,23,-101.230152659118,19.6458708320732
42026,42032,2022,,2022/09/12,"00:10:00",SUBIDA AL CAMELLÓN,ASFALTO,Bueno,Bueno,1,MERCEDES BENZ,NEGRO,1,,,,SIN DATOS,0,0,Morelia,Sin datos,septiembre,lunes,0,-101.164614222944,19.6650047004749
42027,42033,2022,,2022/09/12,"03:30:00",COLISIÓN CONTRA OBJETO FIJO,ASFALTO,Bueno,Bueno,1,MAZDA,GRIS,1,,65,MASCULINO,SIN DATOS,0,0,Morelia,Comision Federal de Electricidad,septiembre,lunes,4,-101.178444027901,19.6815615472906
42028,42034,2022,MOR 220580473,2022/09/12,"07:00:00",COLISIÓN POR CORTE DE CIRCULACIÓN,CONCRETO,Bueno,Regular,2,CHEVROLET,BLANCO,2,MINISTERIO PÚBLICO,38,MASCULINO,SIN DATOS,0,0,Morelia,Adolfo Lopez Mateos,septiembre,lunes,7,-101.226139622885,19.6981067844139
42029,42035,2022,MOR220580492,2022/09/12,"07:20:00",COLISIÓN POR INVASIÓN DE CARRIL,ASFALTO,Bueno,Bueno,2,VOSLKWAGEN,VERDE,2,,68,MASCULINO,SIN DATOS,0,0,Morelia,Centro,septiembre,lunes,7,-101.18754847,19.7028479949991
42030,42036,2022,,2022/09/12,"09:25:00",COLISIÓN POR ALCANCE,ASFALTO,Bueno,Bueno,2,DODGE,BLANCO/AZUL,2,,48,MASCULINO,SIN DATOS,0,0,Morelia,Gertrudis Sanchez,septiembre,lunes,9,-101.205776745,19.7441101549991
42031,42037,2022,MOR 220066400,2022/09/12,"09:30:00",COLISIÓN POR ALCANCE,ASFALTO,Bueno,Bueno,2,CHEVROLET,BLANCO,2,,20,MASCULINO,SIN DATOS,0,0,Morelia,Jardines de Guadalupe,septiembre,lunes,10,-101.225649548577,19.7117045865626
42032,42038,2022,,2022/09/12,"09:40:00",COLISIÓN POR INVASIÓN DE CARRIL,ASFALTO,Bueno,Bueno,2,KENWORTH,BLANCO,2,,44,MASCULINO,SIN DATOS,0,0,Morelia,Elias Perez Avalos,septiembre,lunes,10,-101.167691637626,19.7151169590557
42033,42039,2022,MOR220580647,2022/09/12,"09:40:00",COLISIÓN POR CORTE DE CIRCULACIÓN,CONCRETO,Bueno,Bueno,2,NISSAN,BLANCO,2,,70,MASCULINO,SIN DATOS,0,0,Morelia,Centro,septiembre,lunes,10,-101.193740005,19.7039288799991
42035,42041,2022,,2022/09/12,11:20:00,COLISIÓN POR ALCANCE,CONCRETO,Bueno,Bueno,2,CHEVROLET,BLANCO,2,,,MASCULINO,SIN DATOS,0,0,Morelia,Camelinas,septiembre,lunes,11,-101.17262119,19.6818144849991
42036,42042,2022,,2022/09/12,11:25:00,COLISIÓN POR CORTE DE CIRCULACIÓN,ASFALTO,Bueno,Bueno,2,S/D,S/D,1,MINISTERIO PÚBLICO,0,FEMENINO,SIN DATOS,0,0,Morelia,Vasco de Quiroga,septiembre,lunes,11,-101.172084441176,19.7019638559701
42037,42043,2022,,2022/09/12,11:35:00,COLISIÓN POR CAMBIO DE CARRIL,ASFALTO,Bueno,Bueno,2,INTERNACIONAL,AMARILLO,2,,56,MASCULINO,SIN DATOS,0,0,Morelia,Centro,septiembre,lunes,12,-101.18754847,19.7028479949991
42038,42044,2022,,2022/09/12,12:10:00,COLISIÓN POR INVASIÓN DE CARRIL,ASFALTO,Bueno,Bueno,2,CHEVROLET,BLANCO,2,MINISTERIO PÚBLICO,,,,2,0,Hidalgo,Corros,septiembre,lunes,12,-100.555385313928,19.7072139549091
42040,42046,2022,,2022/09/12,17:35:00,COLISIÓN POR ALCANCE,ASFALTO,Bueno,Bueno,2,ITALIKA,ROJO Y NEGRO,2,,31,MASCULINO,SIN DATOS,0,0,Morelia,Benito Juarez,septiembre,lunes,18,-101.250692026236,19.6858653522379
42041,42047,2022,MOR 220581694,2022/09/12,17:55:00,COLISIÓN POR CORTE DE CIRCULACIÓN,ASFALTO,Bueno,Bueno,2,NISSAN,BLANCO Y ROSA,2,,27,MASCULINO,SIN DATOS,0,0,Morelia,Alberto Oviedo Mota,septiembre,lunes,18,-101.196140686849,19.6817272495021
42042,42048,2022,,2022/09/12,18:10:00,COLISIÓN POR ALCANCE,ASFALTO,Bueno,Bueno,2,CHEVROLET,GUINDA,2,,32,MASCULINO,SIN DATOS,0,0,Morelia,Vasco de Quiroga,septiembre,lunes,18,-101.171026988099,19.6976785913658
42043,42049,2022,,2022/09/12,22:40:00,COLISIÓN POR CAMBIO DE CARRIL,CONCRETO,Bueno,Bueno,2,INTERNATIONAL,BLANCO Y NARANJA,2,,22,MASCULINO,SIN DATOS,0,0,Morelia,Tres Puentes,septiembre,lunes,23,-101.213524742681,19.7058468756013
42044,42050,2022,,2022/09/13,"00:00:00",COLISIÓN POR CAMBIO DE CARRIL,ASFALTO,Bueno,Bueno,2,VENTO,NEGRO,2,,44,MASCULINO,SIN DATOS,0,0,Morelia,Torreon Nuevo,septiembre,martes,0,-101.20358663,19.7462449699991
42045,42051,2022,,2022/09/13,"00:01:00",COLISIÓN CONTRA OBJETO FIJO,ASFALTO,Bueno,Bueno,8,MAZDA,ROJO,10,MINISTERIO PÚBLICO,0,,SIN DATOS,3,0,Morelia,Ignacio Zaragoza,septiembre,martes,0,-101.204222336317,19.723849518802
42046,42052,2022,MOR220582435,2022/09/13,"03:45:00",COLISIÓN CONTRA OBJETO FIJO,ASFALTO,Bueno,Bueno,1,AUDI,BLANCO,1,,0,,SIN DATOS,0,0,Morelia,Alberto Oviedo Mota,septiembre,martes,4,-101.198908182011,19.681555672698
42047,42053,2022,,2022/09/13,"07:15:00",COLISIÓN POR CAMBIO DE CARRIL,ASFALTO,Bueno,Bueno,2,TOYOTA HIACE,BCO/ROSA,2,,19,MASCULINO,SIN DATOS,0,0,Morelia,Del Empleado,septiembre,martes,7,-101.18002517,19.6886070099991
42048,42054,2022,,2022/09/13,"07:20:00",COLISIÓN POR ALCANCE,ASFALTO,Bueno,Bueno,2,CHEVROLET,ARENA,2,,39,MASCULINO,SIN DATOS,0,0,Morelia,Sentimientos de La Nacion,septiembre,martes,7,-101.233194944297,19.682432823539
42049,42055,2022,,2022/09/13,"08:00:00",COLISIÓN POR CORTE DE CIRCULACIÓN,ASFALTO,Bueno,Bueno,2,FREIGHTLINER,BLANCO,2,,0,MASCULINO,SIN DATOS,0,0,Morelia,Tlalpujahua,septiembre,martes,8,-101.218008971227,19.6778404175684
42051,42057,2022,MOR220583268,2022/09/13,13:48:00,COLISIÓN CONTRA OBJETO FIJO,CONCRETO,Bueno,Bueno,1,FORD,ROJO,1,,38,MASCULINO,SIN DATOS,0,0,Morelia,Isaac Arriaga,septiembre,martes,14,-101.173878539064,19.7098514781792
42052,42058,2022,MOR220583311,2022/09/13,14:20:00,COLISIÓN POR CORTE DE CIRCULACIÓN,ASFALTO,Bueno,Bueno,2,NISSAN,BLANCO,2,,32,FEMENINO,SIN DATOS,0,0,Morelia,Ventura Puente,septiembre,martes,14,-101.183854435,19.6923547149992
42053,42059,2022,,2022/09/13,14:49:00,COLISIÓN POR NO RESPETAR SEMÁFORO,ASFALTO,Bueno,Bueno,2,TOYOTA,PLATA,2,MINISTERIO PÚBLICO,24,MASCULINO,SIN DATOS,0,0,Morelia,Irrigacion,septiembre,martes,15,-101.22520209,19.7051928999992
42054,42060,2022,,2022/09/13,15:10:00,COLISIÓN CON PEATÓN,ASFALTO,Bueno,Bueno,0,,,1,,,,,1,0,Pátzcuaro,Centro,septiembre,martes,15,-101.613259278238,19.5099485555446
42055,42061,2022,MOR220583775,2022/09/13,17:20:00,COLISIÓN POR CORTE DE CIRCULACIÓN,CONCRETO,Bueno,Bueno,2,TOYOTA,BLANCO Y GUINDA,2,,34,FEMENINO,SIN DATOS,0,0,Morelia,Ampliacion La Soledad,septiembre,martes,17,-101.185729232954,19.7294008740402
42056,42062,2022,,2022/09/13,18:06:00,COLISIÓN POR CORTE DE CIRCULACIÓN,ASFALTO,Bueno,Bueno,2,NISSAN,BLANCO,2,MINISTERIO PÚBLICO,26,MASCULINO,SIN DATOS,0,0,Morelia,Eduardo Ruiz,septiembre,martes,18,-101.2197043,19.7214247299991
42057,42063,2022,,2022/09/13,18:20:00,COLISIÓN CON PEATÓN,CONCRETO,Bueno,Bueno,4,FREIGHTLINER,ROJO,4,,37,MASCULINO,SIN DATOS,0,0,Morelia,Los Girasoles,septiembre,martes,18,-101.21578868,19.6928759449992
42059,42065,2022,,2022/09/14,"00:00:00",COLISIÓN POR CORTE DE CIRCULACIÓN,CONCRETO,Bueno,Bueno,2,MERCEDEZ BENZ,BLANCO/VERDE,2,,24,MASCULINO,SIN DATOS,0,0,Morelia,Nicolas Bravo(Los Ejidos),septiembre,miércoles,0,-101.220301,19.704603
42062,42068,2022,MOR2204310764,2022/09/14,10:40:00,COLISIÓN POR CAMBIO DE CARRIL,ASFALTO,Bueno,Bueno,2,NISSAN,BLANCO,2,,25,MASCULINO,SIN DATOS,0,0,Morelia,Ciudad Industrial,septiembre,miércoles,11,-101.1297005,19.7371115
42063,42069,2022,MOR2204310767,2022/09/14,13:20:00,COLISIÓN CON PEATÓN,ASFALTO,Bueno,Bueno,1,VENTO,NEGRO,2,MINISTERIO PÚBLICO,19,MASCULINO,CON CERTIFICADO,1,0,Morelia,Americas Britania,septiembre,miércoles,13,-101.147152398518,19.6940699454005
42065,42071,2022,,2022/09/14,16:29:00,COLISIÓN POR CORTE DE CIRCULACIÓN,ASFALTO,Bueno,Bueno,2,NISSAN,BLANCO,2,,32,MASCULINO,SIN DATOS,0,0,Morelia,Del Empleado,septiembre,miércoles,16,-101.18002517,19.6886070099991
42066,42072,2022,MOR220586393,2022/09/14,19:00:00,COLISIÓN POR INVASIÓN DE CARRIL,ASFALTO,Bueno,Bueno,2,VENTO,NARANJA,2,,18,MASCULINO,SIN DATOS,0,0,Morelia,Torreon Nuevo,septiembre,miércoles,19,-101.20358663,19.7462449699991
42068,42074,2022,,2022/09/14,21:30:00,SALIDA DE SUPERFICIE DE RODAMIENTO,ASFALTO,Bueno,Bueno,1,RENAULT,ROJO,1,,35,MASCULINO,SIN DATOS,0,0,Morelia,Insurgentes,septiembre,miércoles,22,-101.155416805,19.6953315299991
42069,42075,2022,MOR 220586677,2022/09/14,21:50:00,COLISIÓN POR ALCANCE,ASFALTO,Bueno,Regular,2,LINCOLN,NEGRO,2,MINISTERIO PÚBLICO,31,FEMENINO,SIN DATOS,0,0,Morelia,Felicitas del Rio,septiembre,miércoles,22,-101.201620995998,19.6905855774563
42071,42077,2022,,2022/09/15,"07:10:00",COLISIÓN POR CAMBIO DE CARRIL,CONCRETO,Bueno,Bueno,2,NISSAN/NP300,ROJO,2,MINISTERIO PÚBLICO,53,MASCULINO,SIN DATOS,0,0,Morelia,Victor Manuel Tinoco Rubi,septiembre,jueves,7,-101.2424204126,19.7054406887443
42072,42078,2022,,2022/09/15,"08:46:00",COLISIÓN POR CORTE DE CIRCULACIÓN,ASFALTO,Bueno,Bueno,1,SEAT,BLANCO,1,,38,FEMENINO,SIN DATOS,0,0,Morelia,Ciudad Industrial,septiembre,jueves,9,-101.135514420663,19.7322637530475
42073,42079,2022,,2022/09/15,10:00:00,COLISIÓN POR NO RESPETAR SEMÁFORO,ASFALTO,Bueno,Bueno,2,CHEVROLET,PLATA,2,,55,MASCULINO,SIN DATOS,0,0,Morelia,Primo Tapia Oriente,septiembre,jueves,10,-101.15750502795,19.7141209201141
42074,42080,2022,,2022/09/15,10:30:00,COLISIÓN POR CORTE DE CIRCULACIÓN,CONCRETO,Bueno,Bueno,2,VOLKSWAGEN/VENTO,PLATA,2,,27,MASCULINO,SIN DATOS,0,0,Morelia,Centro,septiembre,jueves,11,-101.198428565665,19.7035391005434
42075,42081,2022,,2022/09/15,10:33:00,COLISIÓN POR CAMBIO DE CARRIL,ASFALTO,Bueno,Bueno,3,CHEVROLET,PLATA,3,,22,MASCULINO,SIN DATOS,0,0,Morelia,Sin datos,septiembre,jueves,11,-101.130437850952,19.732896332776
42076,42082,2022,,2022/09/15,11:11:00,COLISIÓN POR ALCANCE,ASFALTO,Bueno,Bueno,3,SEAT,GRIS,3,,23,MASCULINO,SIN DATOS,0,0,Morelia,Nueva Valladolid,septiembre,jueves,11,-101.2091191113,19.698595217191
42077,42083,2022,,2022/09/15,13:20:00,COLISIÓN POR CORTE DE CIRCULACIÓN,ASFALTO,Bueno,Bueno,2,FORD F450,BLANCO,2,,23,MASCULINO,SIN DATOS,0,0,Morelia,Tres Puentes,septiembre,jueves,13,-101.213524742681,19.7058468756013
42078,42084,2022,,2022/09/15,16:15:00,COLISIÓN POR CAMBIO DE CARRIL,ASFALTO,Bueno,Bueno,2,MERCEDES BENZ,BLANCO,2,,0,MASCULINO,SIN DATOS,0,0,Morelia,Lomas de Santa Maria,septiembre,jueves,16,-101.183394924369,19.6734112634566
42079,42085,2022,,2022/09/15,20:30:00,COLISIÓN POR INVASIÓN DE CARRIL,ASFALTO,Bueno,Regular,2,ITALIKA,AZUL,2,,32,MASCULINO,SIN DATOS,0,0,Morelia,Sentimientos de La Nacion,septiembre,jueves,21,-101.233939938247,19.6862049487869
42080,42086,2022,,2022/09/15,20:48:00,COLISIÓN POR CORTE DE CIRCULACIÓN,ASFALTO,Bueno,Bueno,1,Pe+a,BLANCO Y AZUL,1,MINISTERIO PÚBLICO,32,MASCULINO,SIN DATOS,0,0,Morelia,Villas del Carmen,septiembre,jueves,21,-101.208,19.6769
42081,42087,2022,,2022/09/15,20:55:00,VOLCADURA,ASFALTO,Bueno,Bueno,1,NISSAN,AZUL,5,MINISTERIO PÚBLICO,28,MASCULINO,SIN DATOS,3,1,Morelia,Articulo Constitucional,septiembre,jueves,21,-101.170767210424,19.7139129232793
42082,42088,2022,,2022/09/15,22:30:00,COLISIÓN POR INVASIÓN DE CARRIL,CONCRETO,Bueno,Bueno,2,NISSAN/SENTRA,ARENA,2,,32,MASCULINO,SIN DATOS,0,0,Morelia,Villas del Pedregal,septiembre,jueves,23,-101.307843178511,19.6794473644234
42083,42089,2022,,2022/09/15,22:50:00,COLISIÓN POR NO RESPETAR SEMÁFORO,ASFALTO,Bueno,Bueno,2,JEEP,GRIS,2,,,,SIN DATOS,0,0,Morelia,Felix Ireta,septiembre,jueves,23,-101.184207685,19.6879676749991
42084,42090,2022,,2022/09/16,"04:15:00",COLISIÓN POR INVASIÓN DE CARRIL,ASFALTO,Bueno,Bueno,2,TOYOTA,VERDE,2,,,FEMENINO,SIN DATOS,0,0,Morelia,Rey Tariacuri (Eucaliptos),septiembre,viernes,4,-101.198902538624,19.6789772554094
42085,42091,2022,,2022/09/16,"05:18:00",COLISIÓN CONTRA OBJETO FIJO,ASFALTO,Bueno,Bueno,1,CHEVROLET,BLANCO,1,,0,MASCULINO,SIN DATOS,0,0,Morelia,Alberto Oviedo Mota,septiembre,viernes,5,-101.202118881047,19.6772393915339
42086,42092,2022,,2022/09/16,11:00:00,COLISIÓN POR CORTE DE CIRCULACIÓN,CONCRETO,Bueno,Bueno,2,DODGE,BLANCO,2,,47,MASCULINO,SIN DATOS,0,0,Morelia,Jacarandas,septiembre,viernes,11,-101.210083700717,19.7084714532134
42087,42093,2022,MOR220590100,2022/09/16,12:30:00,COLISIÓN POR ALCANCE,ASFALTO,Bueno,Bueno,5,CHEVROLET,PLATA,6,,49,MASCULINO,ALIENTO ETÍLICO,1,0,Morelia,Arcos del Valle,septiembre,viernes,13,-101.236175224185,19.7075731509655
42088,42094,2022,,2022/09/16,13:53:00,COLISIÓN POR MANIOBRA DE REVERSA,ASFALTO,Bueno,Bueno,2,RENAULT,ROJO,2,,23,MASCULINO,SIN DATOS,0,0,Morelia,Chapultepec Sur,septiembre,viernes,14,-101.176767982543,19.6909757465398
42089,42095,2022,MOR 220591012,2022/09/16,20:30:00,COLISIÓN POR CAMBIO DE CARRIL,ASFALTO,Bueno,Regular,2,VOLKSWAGEN,BEIGE,2,,32,MASCULINO,SIN DATOS,0,0,Morelia,Felicitas del Rio,septiembre,viernes,21,-101.201200895011,19.6937908703701
42090,42096,2022,,2022/09/16,21:45:00,COLISIÓN CONTRA OBJETO FIJO,ASFALTO,Bueno,Bueno,1,GMC,VERDE CON BLANCO,1,,,,SIN DATOS,0,0,Morelia,Gertrudis Sanchez,septiembre,viernes,22,-101.199566759169,19.7398697209587
42091,42097,2022,MOR2205911419,2022/09/16,22:30:00,COLISIÓN POR CORTE DE CIRCULACIÓN,ASFALTO,Bueno,Bueno,2,TOYOTA,ROJO,2,MINISTERIO PÚBLICO,35,FEMENINO,SIN DATOS,0,0,Morelia,Chapultepec Sur,septiembre,viernes,23,-101.171005256474,19.691699892788
42092,42098,2022,MOR 220591502,2022/09/16,23:00:00,COLISIÓN CONTRA OBJETO FIJO,TERRACERIA,Bueno,Malo,1,ITALIKA,AZUL,1,,24,MASCULINO,SIN DATOS,0,0,Morelia,Ignacio Allende,septiembre,viernes,23,-101.287033930421,19.6879957902808
42093,42099,2022,,2022/09/17,"00:00:00",COLISIÓN CONTRA OBJETO FIJO,CONCRETO,Bueno,Bueno,1,AUDI,GRIS,1,,,,SIN DATOS,0,0,Morelia,Santa Maria de Guido,septiembre,sábado,0,-101.19300094977,19.677331217801
42094,42100,2022,,2022/09/17,"06:00:00",VOLCADURA,CONCRETO,Bueno,Bueno,1,DODGE,ROJO,0,,,,,0,0,Morelia,Infonavit  Las  Camelinas,septiembre,sábado,6,-101.174402609468,19.6863369028891
42095,42101,2022,MOR220591870,2022/09/17,"06:15:00",COLISIÓN CONTRA OBJETO FIJO,CONCRETO,Bueno,Bueno,2,PONTIAC,GRIS,1,,,,SIN DATOS,0,0,Morelia,Morelos,septiembre,sábado,6,-101.206886507571,19.6995024081495
42096,42102,2022,,2022/09/17,11:00:00,SUBIDA AL CAMELLÓN,CONCRETO,Bueno,Bueno,1,CHEVROLET/CHEVY,PLATA,1,,49,MASCULINO,ALIENTO ETÍLICO,0,0,Morelia,Primo Tapia Oriente,septiembre,sábado,11,-101.158302649856,19.7167266966818
42097,42103,2022,,2022/09/17,11:25:00,COLISIÓN POR ALCANCE,ASFALTO,Bueno,Bueno,2,RENAULT,GRIS,2,,,MASCULINO,SIN DATOS,0,0,Morelia,Felicitas del Rio,septiembre,sábado,11,-101.200259104371,19.6930301162886
42098,42104,2022,,2022/09/17,13:40:00,SUBIDA AL CAMELLÓN,CONCRETO,Bueno,Bueno,1,DODGE,VERDE,1,,57,MASCULINO,SIN DATOS,0,0,Morelia,Primaveras,septiembre,sábado,14,-101.225677728653,19.6787076937379
42099,42105,2022,,2022/09/17,14:30:00,COLISIÓN POR CORTE DE CIRCULACIÓN,ASFALTO,Bueno,Bueno,2,NISSAN,BLANCO,2,,0,,SIN DATOS,0,0,Morelia,Comision Federal de Electricidad,septiembre,sábado,15,-101.181341148913,19.6815091429159
42100,42106,2022,,2022/09/17,15:00:00,COLISIÓN CONTRA OBJETO FIJO,ASFALTO,Bueno,Bueno,1,NISSAN,ROJO,1,,35,MASCULINO,SIN DATOS,0,0,Morelia,Los Manantiales de Morelia,septiembre,sábado,15,-101.24016366899,19.7009837635406
42101,42107,2022,,2022/09/17,16:00:00,COLISIÓN POR CAMBIO DE CARRIL,ASFALTO,Bueno,Bueno,2,HYUNDAI,BLANCO,2,MINISTERIO PÚBLICO,,MASCULINO,SIN DATOS,0,0,Morelia,Josefa Ortiz de Dominguez,septiembre,sábado,16,-101.209956966341,19.6720931244386
42102,42108,2022,,2022/09/17,16:20:00,COLISIÓN POR CAMBIO DE CARRIL,ASFALTO,Nublado,Regular,2,JEEP,ARENA,4,MINISTERIO PÚBLICO,0,MASCULINO,SIN DATOS,2,0,Morelia,La Hacienda,septiembre,sábado,16,-101.314468570054,19.6794953497703
42103,42109,2022,,2022/09/17,17:20:00,COLISIÓN POR MANIOBRA DE REVERSA,ASFALTO,Nublado,Bueno,2,VOLKSWAGEN,NEGRO,2,,25,FEMENINO,SIN DATOS,0,0,Morelia,Campestre Los Manantiales,septiembre,sábado,17,-101.238362900913,19.6882467527188
42104,42110,2022,,2022/09/17,21:30:00,COLISIÓN POR CAMBIO DE CARRIL,CONCRETO,Lluvioso,Regular,2,VOLKSWAGEN,NEGRO,2,,48,MASCULINO,SIN DATOS,0,0,Morelia,Villas Insurgentes,septiembre,sábado,22,-101.257628202438,19.6892449164091
42105,42111,2022,,2022/09/17,22:00:00,COLISIÓN POR CORTE DE CIRCULACIÓN,ASFALTO,Bueno,Regular,2,CHEVROLET,PLATA,2,,55,FEMENINO,SIN DATOS,0,0,Morelia,Jose Maria Cabrera,septiembre,sábado,22,-101.224601827562,19.7248284462356
42106,42112,2022,MOR220591466,2022/09/17,23:05:00,COLISIÓN POR CORTE DE CIRCULACIÓN,ASFALTO,Bueno,Bueno,3,MAZDA,NEGRO,3,,28,FEMENINO,SIN DATOS,0,0,Morelia,Irrigacion,septiembre,sábado,23,-101.225486956537,19.7067083014487
42107,42113,2022,,2022/09/18,"00:00:00",COLISIÓN CONTRA OBJETO FIJO,CONCRETO,Lluvioso,Bueno,2,SEAT,ROJO,2,MINISTERIO PÚBLICO,26,MASCULINO,CON CERTIFICADO,0,0,Morelia,Loma de La Virgen,septiembre,domingo,0,-101.200649701059,19.664073950586
42108,42114,2022,,2022/09/18,"04:25:00",COLISIÓN CONTRA OBJETO FIJO,ASFALTO,Bueno,Bueno,1,CHEVROLET,ROJO,1,,,MASCULINO,SIN DATOS,0,0,Morelia,Enrique Arreguin Robles,septiembre,domingo,4,-101.184204742312,19.7195915500284
42109,42115,2022,MOR220594543,2022/09/18,11:50:00,COLISIÓN CONTRA OBJETO FIJO,ASFALTO,Bueno,Bueno,1,GENERAL MOTORS,NEGRO,1,,50,MASCULINO,SIN DATOS,0,0,Morelia,Tierra Y Libertad,septiembre,domingo,12,-101.229836493731,19.7163842490602
42110,42116,2022,,2022/09/18,17:00:00,COLISIÓN CON PEATÓN,ASFALTO,Bueno,Bueno,1,ITALIKA,ROJO Y NEGRO,2,MINISTERIO PÚBLICO,37,MASCULINO,SIN DATOS,1,0,Morelia,Eduardo Ruiz,septiembre,domingo,17,-101.2159178406,19.7165101814966
42111,42117,2022,,2022/09/18,19:30:00,COLISIÓN POR CORTE DE CIRCULACIÓN,CONCRETO,Lluvioso,Regular,2,HONDA,ROJO,2,,22,MASCULINO,SIN DATOS,0,0,Morelia,Villas del Pedregal,septiembre,domingo,20,-101.306946650147,19.6729480583625
42112,42118,2022,MOR 220595612,2022/09/18,20:20:00,SUBIDA AL CAMELLÓN,ASFALTO,Lluvioso,Regular,1,CHEVROLET,GRIS,1,,28,MASCULINO,SIN DATOS,0,0,Morelia,La Quemada,septiembre,domingo,20,-101.240693740547,19.7058311372538
42113,42119,2022,,2022/09/18,23:00:00,COLISIÓN POR MANIOBRA DE REVERSA,TERRACERIA,Lluvioso,Malo,2,VOLKSWAGEN,NEGRO,2,,27,FEMENINO,SIN DATOS,0,0,Morelia,Loma del Salto,septiembre,domingo,23,-101.201819479465,19.657981951818
42114,42120,2022,,2022/09/18,23:34:00,COLISIÓN POR CORTE DE CIRCULACIÓN,ASFALTO,Lluvioso,Bueno,2,FORD,AMARILLO,2,,24,MASCULINO,SIN DATOS,0,0,Morelia,Mariano Escobedo,septiembre,domingo,0,-101.213472336531,19.7216998372011
42115,42121,2022,MOR220596005,2022/09/19,"00:20:00",COLISIÓN POR ALCANCE,CONCRETO,Lluvioso,Bueno,2,FORD,GRIS,2,,50,MASCULINO,ALIENTO ETÍLICO,0,0,Morelia,Niño Artillero,septiembre,lunes,0,-101.250659823418,19.6984961013746
42116,42122,2022,,2022/09/19,"01:10:00",COLISIÓN POR INVASIÓN DE CARRIL,ASFALTO,Lluvioso,Regular,2,FREIGHTLINER,BLANCO,1,MINISTERIO PÚBLICO,35,,SIN DATOS,0,0,Zinapécuaro,Sin datos,septiembre,lunes,1,-100.614733546972,19.8746539219225
42117,42123,2022,,2022/09/19,"02:04:00",COLISIÓN POR CORTE DE CIRCULACIÓN,CONCRETO,Bueno,Bueno,2,SUZUKI,AMARILLO,2,,31,MASCULINO,SIN DATOS,0,0,Morelia,Cinco de Diciembre,septiembre,lunes,2,-101.164458654821,19.6853096783705
42118,42124,2022,MOR 220596066,2022/09/19,"02:05:00",COLISIÓN POR INVASIÓN DE CARRIL,CONCRETO,Lluvioso,Bueno,2,CHEVROLET,GRIS,2,MINISTERIO PÚBLICO,36,MASCULINO,CON CERTIFICADO,0,0,Morelia,Cinco de Diciembre,septiembre,lunes,2,-101.164549849927,19.6853144135939
42119,42125,2022,,2022/09/19,"02:30:00",COLISIÓN CONTRA OBJETO FIJO,ASFALTO,Bueno,Bueno,1,VOLSKWAGEN,GRIS,1,,20,MASCULINO,ALIENTO ETÍLICO,0,0,Morelia,El Porvenir,septiembre,lunes,3,-101.204325333238,19.7075516876034
42120,42126,2022,,2022/09/19,"07:40:00",VOLCADURA,ASFALTO,Bueno,Bueno,1,CHEVROLET,BLANCO,5,MINISTERIO PÚBLICO,,,SIN DATOS,4,0,Zinapécuaro,Sin datos,septiembre,lunes,8,-100.615874826908,19.8751492678399
42123,42129,2022,,2022/09/19,"09:35:00",COLISIÓN POR ALCANCE,CONCRETO,Bueno,Bueno,2,SEAT,GRIS,2,,28,MASCULINO,SIN DATOS,0,0,Morelia,Vicente Lombardo Toledano (Ejidal Isacc Arriaga) (Etnias de Mexico),septiembre,lunes,10,-101.142894975,19.7122317999991
42126,42132,2022,,2022/09/19,15:48:00,COLISIÓN CON PEATÓN,SIN_DATOS,Bueno,Bueno,3,DODGE,PLATA,3,,26,MASCULINO,SIN DATOS,0,0,Morelia,Villas Lomas del Paraiso,septiembre,lunes,16,-101.183243326701,19.6753951296653