fid,id_accidente,anio_origen,folio_c5i,dia_incidente,hora_ocurrencia,tipo_incidente_vial,superficie_ocurrencia,condiciones_climaticas,condiciones_via,numero_vehiculos_involucrados,marca_vehiculo_ocasiona_siniestro,color_vehiculo_ocasiona_siniestro,numero_personas_involucradas,lugar_remite_presunto_responsable,edad_presunto_responsable,sexo_presunto_responsable,resultados_toxicologia,numero_personas_lesionadas,numero_personas_fallecidas,municipio,colonia,mes,dia_semana,hora_redondeada,lon,lat
42127,42133,2022,,2022/09/19,16:28:00,COLISIÓN POR CORTE DE CIRCULACIÓN,CONCRETO,Bueno,Bueno,2,FREIGHTLINER,BLANCO,2,,,MASCULINO,SIN DATOS,0,0,Morelia,Elias Perez Avalos,septiembre,lunes,16,-101.167886855,19.7156043599992
42128,42134,2022,,2022/09/19,16:30:00,COLISIÓN POR CORTE DE CIRCULACIÓN,ASFALTO,Nublado,Bueno,2,ITALIKA/WS150,AZUL AMARILLO,2,MINISTERIO PÚBLICO,37,MASCULINO,SIN DATOS,0,0,Morelia,Cuauhtemoc,septiembre,lunes,17,-101.17854569,19.6974281599991
42129,42135,2022,,2022/09/19,20:29:00,COLISIÓN POR CORTE DE CIRCULACIÓN,ASFALTO,Lluvioso,Bueno,2,MERCEDES BENZ,GRIS,2,,37,FEMENINO,SIN DATOS,0,0,Morelia,Fovissste Acueducto,septiembre,lunes,20,-101.1563397,19.6974513249991
42130,42136,2022,,2022/09/19,21:40:00,COLISIÓN POR MANIOBRA DE REVERSA,ASFALTO,Lluvioso,Regular,2,VOLKSWAGEN,GRIS,2,,49,FEMENINO,SIN DATOS,0,0,Morelia,Melchor Ocampo,septiembre,lunes,22,-101.201937888211,19.7065671597378
42132,42138,2022,,2022/09/20,"03:00:00",COLISIÓN POR CORTE DE CIRCULACIÓN,ASFALTO,Lluvioso,Regular,2,CHEVROLET,BLANCO,2,,0,,CON CERTIFICADO,0,0,Morelia,Isaac Arriaga,septiembre,martes,3,-101.16844795,19.7097009799992
42133,42139,2022,,2022/09/20,"05:38:00",COLISIÓN POR CORTE DE CIRCULACIÓN,CONCRETO,Bueno,Bueno,1,GMC,ARENA,1,,0,MASCULINO,SIN DATOS,0,0,Morelia,Loma Real,septiembre,martes,6,-101.19792055,19.7310837699991
42134,42140,2022,,2022/09/20,"08:51:00",COLISIÓN POR CAMBIO DE CARRIL,ASFALTO,Nublado,Bueno,2,NISSAN,BLANCO Y AZUL,2,,58,MASCULINO,SIN DATOS,0,0,Morelia,Indeco Expropiacion Petrolera,septiembre,martes,9,-101.2262995,19.683913
42135,42141,2022,,2022/09/20,"09:41:00",COLISIÓN POR CORTE DE CIRCULACIÓN,ASFALTO,Bueno,Bueno,2,CHEVROLET,BLANCO,2,,,MASCULINO,SIN DATOS,0,0,Morelia,Centro,septiembre,martes,10,-101.18754847,19.7028479949991
42136,42142,2022,,2022/09/20,"09:57:00",COLISIÓN POR ALCANCE,ASFALTO,Bueno,Bueno,2,CHEVROLET,BLANCO,2,,54,MASCULINO,SIN DATOS,0,0,Morelia,Martires de Uruapan,septiembre,martes,10,-101.197319408167,19.725017061641
42137,42143,2022,,2022/09/20,14:08:00,COLISIÓN POR ALCANCE,ASFALTO,Bueno,Bueno,2,PEUGEOT,PLATA,2,,24,FEMENINO,SIN DATOS,0,0,Morelia,Tinijaro,septiembre,martes,14,-101.26316,19.6963297049991
42138,42144,2022,LEG45017,2022/09/20,15:30:00,COLISIÓN POR ALCANCE,ASFALTO,Bueno,Bueno,2,SEAT,BLANCO,2,,47,MASCULINO,SIN DATOS,0,0,Morelia,Ferrocarrilero,septiembre,martes,16,-101.223609235,19.6918737849991
42139,42145,2022,LEG45023,2022/09/20,17:55:00,COLISIÓN POR CORTE DE CIRCULACIÓN,ASFALTO,Nublado,Regular,2,S/D,S/D,1,MINISTERIO PÚBLICO,,,,1,0,Charo,De Santiago,septiembre,martes,18,-101.040471763016,19.7405004371477
42141,42147,2022,,2022/09/20,19:15:00,COLISIÓN POR CORTE DE CIRCULACIÓN,CONCRETO,Bueno,Bueno,2,FIAT,GRIS,2,,0,FEMENINO,SIN DATOS,0,0,Morelia,Independencia,septiembre,martes,19,-101.176153773841,19.7081439566334
42142,42148,2022,,2022/09/20,20:42:00,COLISIÓN POR INVASIÓN DE CARRIL,CONCRETO,Bueno,Bueno,2,BMW,BLANCO,2,,,FEMENINO,SIN DATOS,0,0,Morelia,Lazaro Cardenas,septiembre,martes,21,-101.16128881,19.7085779849991
42143,42149,2022,,2022/09/21,"08:00:00",COLISIÓN POR ALCANCE,ASFALTO,Nublado,Bueno,2,FORD,GRIS,2,,,MASCULINO,SIN DATOS,0,0,Morelia,Felix Ireta,septiembre,miércoles,8,-101.188365854323,19.6822140750266
42144,42150,2022,,2022/09/21,"09:30:00",COLISIÓN POR CORTE DE CIRCULACIÓN,CONCRETO,Bueno,Bueno,2,VENTO/250,ROJO,2,,19,FEMENINO,SIN DATOS,0,0,Morelia,Arboledas de Valladolid,septiembre,miércoles,10,-101.250241063535,19.6977865060929
42145,42151,2022,,2022/09/21,13:00:00,COLISIÓN POR NO RESPETAR SEMÁFORO,ASFALTO,Bueno,Bueno,2,CHEVROLET,PLATA,2,,49,MASCULINO,SIN DATOS,0,0,Morelia,San Pascual,septiembre,miércoles,13,-101.267324388027,19.6952536545731
42146,42152,2022,,2022/09/21,14:39:00,COLISIÓN POR CORTE DE CIRCULACIÓN,CONCRETO,Bueno,Bueno,2,CHRYSLER,VINO,2,,69,FEMENINO,SIN DATOS,0,0,Morelia,Felix Ireta,septiembre,miércoles,15,-101.192034445703,19.687492917193
42147,42153,2022,,2022/09/21,16:10:00,COLISIÓN POR CORTE DE CIRCULACIÓN,ASFALTO,Bueno,Bueno,2,NISSAN,PLATA,2,,26,MASCULINO,SIN DATOS,0,0,Morelia,Puerto de Buenavista,septiembre,miércoles,16,-101.131676025689,19.6857879352276
42148,42154,2022,,2022/09/21,17:27:00,COLISIÓN POR ALCANCE,ASFALTO,Bueno,Bueno,2,HONDA,BLANCO,2,,80,MASCULINO,SIN DATOS,0,0,Morelia,Comision Federal de Electricidad,septiembre,miércoles,17,-101.181308962405,19.6813838143117
42149,42155,2022,,2022/09/21,20:45:00,COLISIÓN POR ALCANCE,ASFALTO,Bueno,Bueno,2,VOLKSWAGEN,BLANCO,2,,19,MASCULINO,SIN DATOS,0,0,Morelia,Loma de Los Piñones,septiembre,miércoles,21,-101.203740611672,19.674977403196
42150,42156,2022,,2022/09/21,21:00:00,COLISIÓN POR CORTE DE CIRCULACIÓN,ASFALTO,Bueno,Bueno,2,NISSAN,AZUL,0,MINISTERIO PÚBLICO,,,,0,0,Lázaro Cárdenas,600 Casas,septiembre,miércoles,21,-102.217511348426,17.9628732388557
42151,42157,2022,,2022/09/21,21:10:00,COLISIÓN CONTRA OBJETO FIJO,CONCRETO,Bueno,Bueno,2,ITALIKA,NEGRO Y AZUL,2,,26,MASCULINO,SIN DATOS,0,0,Morelia,Lomas de Santa Maria,septiembre,miércoles,21,-101.187241002917,19.6759033542713
42152,42158,2022,,2022/09/21,21:40:00,COLISIÓN POR CAMBIO DE CARRIL,ASFALTO,Bueno,Bueno,2,VOLKSWAGEN,GRIS,2,,31,MASCULINO,SIN DATOS,0,0,Morelia,Poblado de Ocolusen,septiembre,miércoles,22,-101.149543225765,19.6947056644738
42153,42159,2022,,2022/09/21,21:40:00,COLISIÓN POR CAMBIO DE CARRIL,ASFALTO,Nublado,Bueno,2,CADILLAC/ESCALADE,BLANCO,2,,27,MASCULINO,SIN DATOS,0,0,Morelia,Morelos,septiembre,miércoles,22,-101.207775995135,19.7008492963042
42154,42160,2022,MOR220602057,2022/09/22,"07:35:00",COLISIÓN POR ALCANCE,ASFALTO,Bueno,Bueno,2,MAZDA,AZUL,2,,33,FEMENINO,SIN DATOS,0,0,Morelia,Sentimientos de La Nacion,septiembre,jueves,8,-101.236872933805,19.6848023772919
42155,42161,2022,,2022/09/22,10:30:00,COLISIÓN POR CAMBIO DE CARRIL,ASFALTO,Bueno,Bueno,2,FEDERTRAC,ROJO,2,,43,MASCULINO,SIN DATOS,0,0,Morelia,La Soledad,septiembre,jueves,11,-101.183315590024,19.7280223226707
42156,42162,2022,,2022/09/22,10:33:00,COLISIÓN POR CAMBIO DE CARRIL,ASFALTO,Bueno,Bueno,2,NISSAN,AZUL,2,,30,MASCULINO,SIN DATOS,0,0,Morelia,Avicola Benito Juarez,septiembre,jueves,11,-101.279536485672,19.6913520252084
42157,42163,2022,MOR220602658,2022/09/22,14:00:00,COLISIÓN POR CAMBIO DE CARRIL,ASFALTO,Bueno,Bueno,2,ITALIKA,VERDE/GRIS,2,,22,MASCULINO,SIN DATOS,0,0,Morelia,Centro,septiembre,jueves,14,-101.192468628287,19.7029572620038
42158,42164,2022,,2022/09/22,14:45:00,COLISIÓN POR CAMBIO DE CARRIL,ASFALTO,Bueno,Bueno,2,FONTON,BLANCO,2,,44,MASCULINO,SIN DATOS,0,0,Morelia,Sin datos,septiembre,jueves,15,-101.104438193142,19.7295277146235
42159,42165,2022,,2022/09/22,14:55:00,COLISIÓN POR CAMBIO DE CARRIL,CONCRETO,Bueno,Bueno,2,NISSAN,BLANCO Y ROJO,2,,57,MASCULINO,SIN DATOS,0,0,Morelia,Loma de Los Piñones,septiembre,jueves,15,-101.205066293478,19.6740195606882
42160,42166,2022,MOR220603017,2022/09/22,15:25:00,COLISIÓN POR ALCANCE,ASFALTO,Bueno,Bueno,2,DINA,BLANCO,2,,39,MASCULINO,SIN DATOS,0,0,Tarímbaro,Sin datos,septiembre,jueves,15,-101.170231774449,19.7534391364317
42161,42167,2022,MOR220602969,2022/09/22,15:50:00,COLISIÓN POR CAMBIO DE CARRIL,ASFALTO,Bueno,Bueno,2,GML,BLANCO,2,,22,MASCULINO,SIN DATOS,0,0,Morelia,Josefa Ortiz de Dominguez,septiembre,jueves,16,-101.209957972169,19.6720931244386
42162,42168,2022,,2022/09/22,16:00:00,COLISIÓN POR CORTE DE CIRCULACIÓN,ASFALTO,Bueno,Bueno,2,CHEVROLET,BLANCO,2,,0,FEMENINO,SIN DATOS,0,0,Morelia,Santiaguito,septiembre,jueves,16,-101.191533878446,19.7182593380631
42163,42169,2022,MOR 220603067,2022/09/22,17:35:00,VOLCADURA,ASFALTO,Bueno,Bueno,1,SEAT,AMARILLO,1,,28,MASCULINO,SIN DATOS,0,0,Morelia,Sin datos,septiembre,jueves,18,-101.124013960361,19.7173377350399
42164,42170,2022,,2022/09/22,17:50:00,COLISIÓN POR CAMBIO DE CARRIL,ASFALTO,Bueno,Bueno,2,KENWORTH,BLANCO,2,,27,MASCULINO,SIN DATOS,0,0,Morelia,Morelos,septiembre,jueves,18,-101.207972802222,19.7006242370382
42165,42171,2022,,2022/09/22,18:52:00,COLISIÓN POR ALCANCE,CONCRETO,Bueno,Bueno,2,MERCEDES BENZ,BLANCO,2,,40,MASCULINO,SIN DATOS,0,0,Morelia,Vista Bella,septiembre,jueves,19,-101.19521420449,19.6776510605056
42166,42172,2022,,2022/09/22,20:00:00,COLISIÓN POR CORTE DE CIRCULACIÓN,ASFALTO,Bueno,Bueno,1,FORD,ROJO,1,,,FEMENINO,SIN DATOS,0,0,Morelia,Fuentes de Valladolid,septiembre,jueves,20,-101.221660450101,19.6724441909149
42168,42174,2022,MOR220603623,2022/09/22,21:25:00,COLISIÓN POR CORTE DE CIRCULACIÓN,ASFALTO,Bueno,Bueno,2,HONDA,VERDE,6,MINISTERIO PÚBLICO,0,,SIN DATOS,5,0,Morelia,Sin datos,septiembre,jueves,21,-101.355051733553,19.6783626391941
42169,42175,2022,MOR220603770,2022/09/22,23:00:00,COLISIÓN CONTRA OBJETO FIJO,ASFALTO,Bueno,Bueno,1,NISSAN,ROJO,1,,33,MASCULINO,SIN DATOS,0,0,Charo,La Goleta,septiembre,jueves,23,-101.083279252052,19.7372854655799
42170,42176,2022,MOR 220602545,2022/09/22,23:30:00,COLISIÓN POR ALCANCE,ASFALTO,Bueno,Regular,2,CHEVROLET,BLANCO Y NARANJA,2,MINISTERIO PÚBLICO,36,MASCULINO,SIN DATOS,0,0,Morelia,Cuauhtemoc,septiembre,jueves,0,-101.181108802557,19.693879256502
42171,42177,2022,,2022/09/23,"03:35:00",COLISIÓN CONTRA OBJETO FIJO,ASFALTO,Bueno,Bueno,1,CHEVROLET,NARANJA,1,,33,MASCULINO,SIN DATOS,0,0,Morelia,Jardines de La Loma,septiembre,viernes,4,-101.224349364638,19.6767996243549
42172,42178,2022,,2022/09/23,11:00:00,COLISIÓN POR CORTE DE CIRCULACIÓN,ASFALTO,Bueno,Bueno,2,MAZDA,ROJO,2,,19,MASCULINO,SIN DATOS,0,0,Morelia,Insurgentes,septiembre,viernes,11,-101.155841387808,19.6952492353056
42173,42179,2022,MOR220604378,2022/09/23,12:11:00,COLISIÓN POR CORTE DE CIRCULACIÓN,ASFALTO,Bueno,Bueno,3,FORD,ROJO,3,,23,MASCULINO,SIN DATOS,0,0,Morelia,Chapultepec Sur,septiembre,viernes,12,-101.171917207539,19.6918406810854
42174,42180,2022,,2022/09/23,12:15:00,COLISIÓN POR ALCANCE,ASFALTO,Bueno,Bueno,2,VOLVO,BLANCO/NARANJA,2,,57,MASCULINO,SIN DATOS,0,0,Morelia,Los Manantiales de Morelia,septiembre,viernes,12,-101.24037053436,19.6926825672665
42175,42181,2022,,2022/09/23,13:24:00,COLISIÓN POR ALCANCE,ASFALTO,Bueno,Bueno,2,FREIGHTLINER,BLANCO,2,,,MASCULINO,SIN DATOS,0,0,Morelia,La Esperanza,septiembre,viernes,13,-101.251724660397,19.6982382105708
42176,42182,2022,,2022/09/23,15:15:00,COLISIÓN POR ALCANCE,ASFALTO,Bueno,Bueno,2,INTERNACIONAL,BLANCO/AZUL,2,,,MASCULINO,SIN DATOS,0,0,Morelia,Balcones de Santa Maria,septiembre,viernes,15,-101.18722692132,19.675920717776
42177,42183,2022,,2022/09/23,15:55:00,COLISIÓN POR CORTE DE CIRCULACIÓN,CONCRETO,Bueno,Bueno,2,HONDA,BLANCO,2,,47,FEMENINO,SIN DATOS,0,0,Morelia,Aquiles Serdan,septiembre,viernes,16,-101.168826296926,19.7217156176889
42178,42184,2022,,2022/09/23,16:10:00,COLISIÓN CON PEATÓN,ASFALTO,Bueno,Bueno,1,HYUNDAI,BLANCO,2,,82,MASCULINO,SIN DATOS,1,0,Morelia,Sentimientos de La Nacion,septiembre,viernes,16,-101.233255304396,19.6782212076567
42179,42185,2022,,2022/09/23,18:00:00,COLISIÓN POR CORTE DE CIRCULACIÓN,CONCRETO,Bueno,Bueno,2,CHEVROLET,VERDE,4,,34,MASCULINO,SIN DATOS,2,0,Pátzcuaro,Lazaro Cardenas,septiembre,viernes,18,-101.605619341135,19.4975472296891
42180,42186,2022,,2022/09/23,20:00:00,COLISIÓN CONTRA OBJETO FIJO,CONCRETO,Bueno,Bueno,2,CHEVROLET,ROJO,2,MINISTERIO PÚBLICO,23,MASCULINO,SIN DATOS,0,0,Morelia,Vasco de Quiroga,septiembre,viernes,20,-101.172519028187,19.7058421846918
42181,42187,2022,,2022/09/23,21:45:00,SALIDA DE SUPERFICIE DE RODAMIENTO,ASFALTO,Bueno,Bueno,1,NISSAN,BLANCO,1,,72,MASCULINO,SIN DATOS,0,0,Morelia,El Lago 1,septiembre,viernes,22,-101.217892281711,19.7274147967439
42182,42188,2022,,2022/09/24,"00:00:00",COLISIÓN POR ALCANCE,CONCRETO,Bueno,Bueno,3,VOLKSWAGEN,BLANCO,3,,46,FEMENINO,SIN DATOS,0,0,Morelia,Nueva Valladolid,septiembre,sábado,0,-101.2082862854,19.7016677770529
42183,42189,2022,,2022/09/24,"01:45:00",COLISIÓN POR ALCANCE,ASFALTO,Bueno,Bueno,2,HONDA,GRIS,2,,20,MASCULINO,SIN DATOS,0,0,Morelia,Prados del Campestre,septiembre,sábado,2,-101.167170703411,19.683257103681
42184,42190,2022,,2022/09/24,"03:01:00",COLISIÓN POR NO RESPETAR SEMÁFORO,ASFALTO,Bueno,Bueno,2,MINI COOPER,GRIS,2,,47,MASCULINO,ALIENTO ETÍLICO,0,0,Morelia,Lomas de Huerta,septiembre,sábado,3,-101.210147067904,19.6723229594128
42185,42191,2022,,2022/09/24,"03:45:00",COLISIÓN POR ALCANCE,ASFALTO,Bueno,Bueno,2,MAZDA,GRIS,2,,46,MASCULINO,SIN DATOS,0,0,Morelia,Loma de Los Piñones,septiembre,sábado,4,-101.203482449055,19.6749600395891
42186,42192,2022,,2022/09/24,"04:05:00",COLISIÓN POR ALCANCE,ASFALTO,Bueno,Bueno,2,VOLKSWAGEN,GRIS,2,,38,MASCULINO,SIN DATOS,0,0,Morelia,Barrio Alto,septiembre,sábado,4,-101.195550486445,19.7245459807708
42187,42193,2022,,2022/09/24,"04:45:00",VOLCADURA,ASFALTO,Bueno,Bueno,1,CHEVROLET,BLANCO,1,,40,MASCULINO,SIN DATOS,0,0,Morelia,Ventura Puente,septiembre,sábado,5,-101.190632656217,19.6910451940117
42188,42194,2022,,2022/09/24,"09:25:00",COLISIÓN POR ALCANCE,CONCRETO,Bueno,Bueno,3,VOLKSWAGEN,BLANCO,3,,46,FEMENINO,SIN DATOS,0,0,Morelia,Francisco J Mujica,septiembre,sábado,9,-101.193220317364,19.7237465534589
42189,42195,2022,,2022/09/24,10:22:00,COLISIÓN POR ALCANCE,CONCRETO,Bueno,Bueno,2,ITALIKA,NEGRO,2,,23,MASCULINO,SIN DATOS,0,0,Morelia,Benito Juarez,septiembre,sábado,10,-101.250692026236,19.6858653522379
42190,42196,2022,LEG45072,2022/09/24,10:50:00,COLISIÓN POR ALCANCE,ASFALTO,Bueno,Bueno,3,VOLKSWAGEN,AZUL,3,,55,FEMENINO,SIN DATOS,0,0,Morelia,Tlalpujahua,septiembre,sábado,11,-101.21859703213,19.6762932434232
42191,42197,2022,MOR 220606706,2022/09/24,11:40:00,COLISIÓN POR INVASIÓN DE CARRIL,ASFALTO,Bueno,Bueno,2,FREIGHTLINER,BLANCO,2,,35,MASCULINO,SIN DATOS,0,0,Morelia,Ana Maria Gallaga (Riviera Norte),septiembre,sábado,12,-101.223019994795,19.6766285157652
42192,42198,2022,,2022/09/24,13:40:00,COLISIÓN POR CORTE DE CIRCULACIÓN,CONCRETO,Bueno,Bueno,2,MERCEDES BENZ,BLANCO,2,,23,MASCULINO,SIN DATOS,0,0,Morelia,Los Manantiales de Morelia,septiembre,sábado,14,-101.237744987011,19.7014872255469
42193,42199,2022,MOR220606992,2022/09/24,14:35:00,COLISIÓN POR CAMBIO DE CARRIL,ASFALTO,Bueno,Regular,2,CHEVROLET,BLANCO/AZUL,2,,40,MASCULINO,SIN DATOS,0,0,Morelia,Nicolas Bravo(Los Ejidos),septiembre,sábado,15,-101.213608793914,19.7023972409405
42194,42200,2022,,2022/09/24,17:20:00,COLISIÓN POR ALCANCE,CONCRETO,Bueno,Bueno,2,VOLKSWAGEN,GRIS,2,MINISTERIO PÚBLICO,27,MASCULINO,CON CERTIFICADO,0,0,Morelia,La Aldea,septiembre,sábado,17,-101.134701222181,19.7348422344062
42195,42201,2022,,2022/09/24,18:03:00,COLISIÓN POR ALCANCE,ASFALTO,Bueno,Bueno,2,AUDI,GRIS,3,,47,MASCULINO,SIN DATOS,1,0,Morelia,Lomas de San Juan,septiembre,sábado,18,-101.183039681886,19.7298664251429
42196,42202,2022,MOR220607564,2022/09/24,19:20:00,COLISIÓN POR CORTE DE CIRCULACIÓN,ASFALTO,Bueno,Bueno,2,VOLKSWAGEN,NEGRO,2,,27,MASCULINO,SIN DATOS,0,0,Morelia,Independencia,septiembre,sábado,19,-101.176154762506,19.7056032442218
42197,42203,2022,,2022/09/24,21:30:00,COLISIÓN CONTRA OBJETO FIJO,ASFALTO,Bueno,Bueno,4,VOLKSWAGEN,BLANCO,4,MINISTERIO PÚBLICO,29,MASCULINO,SIN DATOS,0,0,Morelia,Felix Arreguin,septiembre,sábado,22,-101.227903626859,19.719152214829
42198,42204,2022,,2022/09/25,"00:00:00",COLISIÓN POR NO RESPETAR SEMÁFORO,ASFALTO,Bueno,Bueno,2,VOLKSWAGEN GOLF,PLATA,4,,37,MASCULINO,ALIENTO ETÍLICO,2,0,Morelia,Sentimientos de La Nacion,septiembre,domingo,0,-101.2351917,19.6818974
42199,42205,2022,MOR220608,2022/09/25,"02:30:00",COLISIÓN POR INVASIÓN DE CARRIL,CONCRETO,Bueno,Bueno,4,NISSAN,BLANCO,4,MINISTERIO PÚBLICO,23,MASCULINO,ALIENTO ETÍLICO,0,0,Morelia,Tzindurio de Morelos,septiembre,domingo,3,-101.250160261989,19.6985027301413
42200,42206,2022,,2022/09/25,"03:50:00",COLISIÓN CONTRA OBJETO FIJO,ASFALTO,Bueno,Bueno,1,FORD,BLANCO,1,,28,MASCULINO,SIN DATOS,0,0,Morelia,Tres Puentes,septiembre,domingo,4,-101.213800907135,19.7027068912002
42201,42207,2022,,2022/09/25,"03:55:00",COLISIÓN CONTRA OBJETO FIJO,ASFALTO,Bueno,Bueno,1,DODGE,BLANCO,1,,49,FEMENINO,ALIENTO ETÍLICO,0,0,Morelia,Tres Puentes,septiembre,domingo,4,-101.213521957397,19.7078358664925
42202,42208,2022,,2022/09/25,"05:00:00",COLISIÓN POR ALCANCE,ASFALTO,Bueno,Bueno,2,VOLKSWAGEN,ROJO,2,,32,MASCULINO,SIN DATOS,0,0,Morelia,Avicola Benito Juarez,septiembre,domingo,5,-101.279537826777,19.6913457118152
42203,42209,2022,,2022/09/25,"08:15:00",COLISIÓN CONTRA OBJETO FIJO,ASFALTO,Bueno,Bueno,1,NISSAN,BLANCO,1,MINISTERIO PÚBLICO,,MASCULINO,SIN DATOS,0,0,Morelia,Rafael Carrillo,septiembre,domingo,8,-101.23644143343,19.7077966222702
42204,42210,2022,,2022/09/25,10:40:00,COLISIÓN POR INVASIÓN DE CARRIL,CONCRETO,Bueno,Bueno,2,TOYOTA,BLANCO CON ROSA,2,,0,MASCULINO,ALIENTO ETÍLICO,0,0,Morelia,Indeco Expropiacion Petrolera,septiembre,domingo,11,-101.225693486631,19.6854826717748
42205,42211,2022,,2022/09/25,13:25:00,COLISIÓN POR MANIOBRA DE REVERSA,ASFALTO,Bueno,Bueno,2,FORD,GRIS,2,,29,MASCULINO,SIN DATOS,0,0,Morelia,Justo Mendoza,septiembre,domingo,13,-101.227986775339,19.7125033351719
42206,42212,2022,,2022/09/25,14:23:00,COLISIÓN POR ALCANCE,ASFALTO,Bueno,Bueno,2,NISSAN,BLANCO Y  ROSA,2,,,MASCULINO,SIN DATOS,0,0,Morelia,Juarez,septiembre,domingo,14,-101.195283606648,19.6967536731745
42207,42213,2022,,2022/09/25,15:50:00,COLISIÓN POR NO RESPETAR SEMÁFORO,CONCRETO,Bueno,Bueno,2,VOLKSWAGEN,PLATA,4,,37,MASCULINO,ALIENTO ETÍLICO,2,0,Morelia,Bosques de Oriente,septiembre,domingo,16,-101.155583225191,19.7155106097774
42208,42214,2022,,2022/09/25,17:30:00,COLISIÓN POR ALCANCE,CONCRETO,Bueno,Bueno,2,VOLKSWAGEN /JETTA,NEGRO,2,MINISTERIO PÚBLICO,59,MASCULINO,SIN DATOS,0,0,Morelia,Constituyentes de Queretaro,septiembre,domingo,18,-101.165761873126,19.7193898725975
42209,42215,2022,,2022/09/25,18:00:00,COLISIÓN CONTRA OBJETO FIJO,CONCRETO,Bueno,Bueno,2,INTERNATIONAL,BLANCO,2,,49,MASCULINO,SIN DATOS,0,0,Morelia,Juarez,septiembre,domingo,18,-101.199562400579,19.6962416734561
42210,42216,2022,,2022/09/25,20:15:00,COLISIÓN POR CORTE DE CIRCULACIÓN,ASFALTO,Bueno,Bueno,2,CHEVROLET,ROJO,2,,0,,SIN DATOS,0,0,Morelia,Valle de Altozano,septiembre,domingo,20,-101.164810359478,19.6654536559183
42211,42217,2022,,2022/09/25,21:20:00,COLISIÓN POR CORTE DE CIRCULACIÓN,ASFALTO,Bueno,Bueno,2,YAMAHA 125G,NEGRO,3,MINISTERIO PÚBLICO,0,MASCULINO,SIN DATOS,1,0,Charo,Sin datos,septiembre,domingo,21,-101.006553322077,19.6737726801157
42212,42218,2022,MOR220608006,2022/09/25,22:20:00,COLISIÓN CONTRA OBJETO FIJO,ASFALTO,Bueno,Bueno,2,VOLKSWAGEN,PLATA,2,,28,MASCULINO,ALIENTO ETÍLICO,0,0,Morelia,Prados Verdes,septiembre,domingo,22,-101.201312541962,19.7153262864287
42213,42219,2022,,2022/09/25,31:30:00,COLISIÓN POR NO RESPETAR SEMÁFORO,ASFALTO,Bueno,Bueno,2,RENAULT CLIO,ROJO,2,,35,FEMENINO,SIN DATOS,0,0,Morelia,Felix Ireta,septiembre,domingo,,-101.187573596835,19.6898923620791
42214,42220,2022,,2022/09/26,"00:00:00",COLISIÓN POR ALCANCE,ASFALTO,Bueno,Bueno,3,DODGE,AMARILLO,3,,52,MASCULINO,SIN DATOS,0,0,Morelia,San Pascual,septiembre,lunes,0,-101.270379408044,19.6970457415879
42215,42221,2022,,2022/09/26,"00:25:00",COLISIÓN CONTRA OBJETO FIJO,CONCRETO,Bueno,Bueno,1,NISSAN,BLANCO Y ROJO,1,,,MASCULINO,SIN DATOS,0,0,Morelia,Nicolas Romero,septiembre,lunes,0,-101.14971857518,19.7040307103231
42216,42222,2022,LEG45120,2022/09/26,"02:40:00",COLISIÓN POR NO RESPETAR SEMÁFORO,ASFALTO,Bueno,Bueno,2,NISSAN,AZUL,2,MINISTERIO PÚBLICO,62,MASCULINO,SIN DATOS,0,0,Morelia,Mariano Michelena,septiembre,lunes,3,-101.229947470129,19.6769053832627
42217,42223,2022,,2022/09/26,"03:20:00",COLISIÓN CONTRA OBJETO FIJO,ASFALTO,Bueno,Bueno,1,CHEVROLET,NEGRO,1,MINISTERIO PÚBLICO,,,SIN DATOS,0,0,Tacámbaro,Sin datos,septiembre,lunes,3,-101.461334601045,19.2527171937872
42218,42224,2022,,2022/09/26,"03:30:00",COLISIÓN POR NO RESPETAR SEMÁFORO,CONCRETO,Bueno,Bueno,2,DODGE,BLANCO,2,,28,,SIN DATOS,0,0,Morelia,Centro,septiembre,lunes,4,-101.19264498353,19.6960623784696
42219,42225,2022,MOR220610828,2022/09/26,"08:25:00",COLISIÓN POR INVASIÓN DE CARRIL,CONCRETO,Bueno,Bueno,2,DODGE,VERDE,2,MINISTERIO PÚBLICO,,,SIN DATOS,0,0,Morelia,Independencia,septiembre,lunes,8,-101.175636485,19.7094595949991
42220,42226,2022,MOR220611678,2022/09/26,"08:30:00",COLISIÓN POR CORTE DE CIRCULACIÓN,CONCRETO,Bueno,Bueno,2,ITALIKA,NEGRO,2,,18,MASCULINO,SIN DATOS,0,0,Morelia,Cosmos,septiembre,lunes,9,-101.219553910196,19.6864054053346
42221,42227,2022,LEG45107,2022/09/26,10:15:00,COLISIÓN POR INVASIÓN DE CARRIL,ASFALTO,Bueno,Bueno,2,TOYOTA,ROJO,2,,35,FEMENINO,SIN DATOS,0,0,Morelia,La Huerta,septiembre,lunes,10,-101.21516816318,19.6737448981349
42222,42228,2022,LEG45108,2022/09/26,14:05:00,COLISIÓN POR INVASIÓN DE CARRIL,ASFALTO,Bueno,Bueno,2,MITSUBISHI,BLANCO,2,MINISTERIO PÚBLICO,46,MASCULINO,SIN DATOS,0,0,Morelia,Sin datos,septiembre,lunes,14,-101.272187232971,19.6461874198595