fid,id_accidente,anio_origen,folio_c5i,dia_incidente,hora_ocurrencia,tipo_incidente_vial,superficie_ocurrencia,condiciones_climaticas,condiciones_via,numero_vehiculos_involucrados,marca_vehiculo_ocasiona_siniestro,color_vehiculo_ocasiona_siniestro,numero_personas_involucradas,lugar_remite_presunto_responsable,edad_presunto_responsable,sexo_presunto_responsable,resultados_toxicologia,numero_personas_lesionadas,numero_personas_fallecidas,municipio,colonia,mes,dia_semana,hora_redondeada,lon,lat
42223,42229,2022,,2022/09/26,14:50:00,COLISIÓN POR MANIOBRA DE REVERSA,CONCRETO,Bueno,Bueno,2,NISSAN,BLANCO,2,,28,MASCULINO,SIN DATOS,0,0,Morelia,Salvador Alcaraz Romero,septiembre,lunes,15,-101.166521944106,19.7180510309952
42224,42230,2022,,2022/09/26,15:00:00,COLISIÓN POR CORTE DE CIRCULACIÓN,ASFALTO,Bueno,Bueno,2,VOLKSWAGEN,ROJO,2,MINISTERIO PÚBLICO,43,FEMENINO,SIN DATOS,0,0,Morelia,Ventura Puente,septiembre,lunes,15,-101.186620742083,19.691470085615
42225,42231,2022,,2022/09/26,16:30:00,COLISIÓN POR INVASIÓN DE CARRIL,ASFALTO,Bueno,Bueno,1,CHEVROLET,BLANCO,1,MINISTERIO PÚBLICO,40,,SIN DATOS,0,0,Tacámbaro,Sin datos,septiembre,lunes,17,-101.519576758146,19.2182477716354
42226,42232,2022,,2022/09/26,16:35:00,COLISIÓN CONTRA OBJETO FIJO,CONCRETO,Bueno,Bueno,2,S/D,BLANCO,2,,,MASCULINO,SIN DATOS,0,0,Morelia,Valle de Los Sauces,septiembre,lunes,17,-101.221584677696,19.6853462974279
42227,42233,2022,MOR 220611979,2022/09/26,17:05:00,COLISIÓN POR CORTE DE CIRCULACIÓN,ASFALTO,Bueno,Regular,2,NISSAN,ROJO,2,MINISTERIO PÚBLICO,22,MASCULINO,SIN DATOS,0,0,Morelia,Eduardo Ruiz,septiembre,lunes,17,-101.215918511152,19.7165104971166
42228,42234,2022,MOR220611935,2022/09/26,17:20:00,CAIDA DE MOTOCICLETA,CONCRETO,Bueno,Regular,1,SUZUKI,NEGRO Y AZUL,1,,53,MASCULINO,ALIENTO ETÍLICO,0,0,Morelia,Mirador del Punhuato,septiembre,lunes,17,-101.15632686764,19.7025171870857
42229,42235,2022,,2022/09/26,18:10:00,COLISIÓN POR CORTE DE CIRCULACIÓN,ASFALTO,Bueno,Bueno,2,HONDA,ROJO,2,,,FEMENINO,SIN DATOS,0,0,Morelia,Felix Ireta,septiembre,lunes,18,-101.180507987738,19.6869935149867
42230,42236,2022,,2022/09/26,18:31:00,COLISIÓN POR CORTE DE CIRCULACIÓN,ASFALTO,Bueno,Bueno,2,TOYOTA,BLANCO Y ROJO,2,,44,MASCULINO,SIN DATOS,0,0,Morelia,Ejidal Ocolusen,septiembre,lunes,19,-101.153459921479,19.687333184419
42231,42237,2022,,2022/09/26,18:45:00,COLISIÓN POR CAMBIO DE CARRIL,ASFALTO,Bueno,Bueno,2,TOYOTA,BLANCO Y GRIS,2,,30,MASCULINO,SIN DATOS,0,0,Morelia,El Lago 1,septiembre,lunes,19,-101.21931552887,19.7275987905542
42232,42238,2022,MOR220612276,2022/09/26,19:05:00,COLISIÓN POR ALCANCE,ASFALTO,Bueno,Bueno,3,NISSAN,GRIS,3,,31,MASCULINO,SIN DATOS,0,0,Morelia,Morelia 450,septiembre,lunes,19,-101.214811764657,19.6743936692706
42233,42239,2022,,2022/09/26,21:00:00,COLISIÓN POR ALCANCE,ASFALTO,Bueno,Bueno,3,CHEVROLET,ROJO,3,,61,MASCULINO,SIN DATOS,0,0,Morelia,Fracc Heroes Republicanos,septiembre,lunes,21,-101.276362761855,19.6924979019478
42234,42240,2022,,2022/09/26,21:25:00,COLISIÓN POR ALCANCE,ASFALTO,Bueno,Bueno,2,FORD,AZUL,2,,0,MASCULINO,SIN DATOS,0,0,Morelia,Arboledas de Valladolid,septiembre,lunes,21,-101.250215917826,19.6977877687208
42235,42241,2022,MOR220612664,2022/09/26,22:25:00,SALIDA DE SUPERFICIE DE RODAMIENTO,ASFALTO,Bueno,Bueno,1,VOSLKWAGEN,ROJO,1,,42,MASCULINO,ALIENTO ETÍLICO,0,0,Morelia,Los Manantiales de Morelia,septiembre,lunes,22,-101.240274645388,19.6927371776533
42236,42242,2022,MOR 220612686,2022/09/26,22:50:00,SUBIDA AL CAMELLÓN,ASFALTO,Bueno,Regular,1,KIA,GRIS,1,,32,FEMENINO,SIN DATOS,0,0,Morelia,Felix Arreguin,septiembre,lunes,23,-101.22789926827,19.7191477962217
42237,42243,2022,,2022/09/27,"04:30:00",SALIDA DE SUPERFICIE DE RODAMIENTO,ASFALTO,Bueno,Bueno,1,AUDI,GRIS,1,,31,FEMENINO,SIN DATOS,0,0,Acuitzio,Sin datos,septiembre,martes,5,-101.320774778724,19.5097605201137
42238,42244,2022,,2022/09/27,"08:09:00",COLISIÓN POR CORTE DE CIRCULACIÓN,ASFALTO,Bueno,Bueno,2,ITALIKA,BLANCO,2,,,MASCULINO,SIN DATOS,0,0,Morelia,Hermosa Provincia,septiembre,martes,8,-101.247106558362,19.7099591844676
42239,42245,2022,,2022/09/27,"09:00:00",COLISIÓN POR CORTE DE CIRCULACIÓN,ASFALTO,Bueno,Bueno,2,DODGE,CAFE,2,MINISTERIO PÚBLICO,,FEMENINO,SIN DATOS,0,0,Morelia,Santillan La Huerta,septiembre,martes,9,-101.219553885717,19.6760966650679
42240,42246,2022,,2022/09/27,"09:20:00",COLISIÓN POR CAMBIO DE CARRIL,CONCRETO,Bueno,Bueno,2,NISSAN,BLANCO Y ROJO,2,,56,MASCULINO,SIN DATOS,0,0,Morelia,Jardines de Guadalupe,septiembre,martes,9,-101.222703829408,19.7141294419816
42242,42248,2022,,2022/09/27,15:00:00,COLISIÓN POR ALCANCE,ASFALTO,Bueno,Bueno,2,NISSAN,BLANCO,2,,29,FEMENINO,SIN DATOS,0,0,Morelia,Loma de Los Piñones,septiembre,martes,15,-101.20352871716,19.6749212082433
42243,42249,2022,,2022/09/27,18:30:00,COLISIÓN POR ALCANCE,ASFALTO,Bueno,Bueno,2,MAZDA,GRIS,2,,,MASCULINO,SIN DATOS,0,0,Morelia,Avicola Benito Juarez,septiembre,martes,19,-101.279371194541,19.6915442679116
42244,42250,2022,,2022/09/27,18:40:00,COLISIÓN POR ALCANCE,ASFALTO,Bueno,Bueno,2,NISSAN,BLANCO,2,,27,MASCULINO,SIN DATOS,0,0,Morelia,Sin datos,septiembre,martes,19,-101.340965442359,19.7137557418801
42245,42251,2022,,2022/09/27,20:55:00,COLISIÓN CONTRA OBJETO FIJO,CONCRETO,Bueno,Bueno,2,INTERNACIONAL,AMARILLO,2,,,MASCULINO,SIN DATOS,0,0,Morelia,Rafael Carrillo,septiembre,martes,21,-101.236713342369,19.7076760488084
42246,42252,2022,,2022/09/28,"01:20:00",SUBIDA AL CAMELLÓN,ASFALTO,Bueno,Bueno,1,NISSAN,GRIS,1,,,,SIN DATOS,0,0,Morelia,Ferrocarrilero,septiembre,miércoles,1,-101.217477880418,19.6975645990935
42247,42253,2022,MOR22060,2022/09/28,"07:40:00",COLISIÓN POR ALCANCE,ASFALTO,Bueno,Bueno,2,ISUZU,BLANCO,2,,35,MASCULINO,SIN DATOS,0,0,Morelia,Lomas del Tecnologico,septiembre,miércoles,8,-101.192971737429,19.7218067072296
42248,42254,2022,,2022/09/28,"07:49:00",COLISIÓN POR CORTE DE CIRCULACIÓN,ASFALTO,Bueno,Bueno,2,CHEVROLET,NEGRO,2,,27,MASCULINO,SIN DATOS,0,0,Morelia,Vasco de Quiroga,septiembre,miércoles,8,-101.168940545,19.7037102349991
42250,42256,2022,,2022/09/28,"09:15:00",COLISIÓN POR ALCANCE,ASFALTO,Bueno,Bueno,2,NISSAN,VERDE,2,,45,MASCULINO,SIN DATOS,0,0,Morelia,Insurgentes,septiembre,miércoles,9,-101.155416805,19.6953315299991
42251,42257,2022,MOR 220615384,2022/09/28,"09:45:00",COLISIÓN POR CORTE DE CIRCULACIÓN,ASFALTO,Bueno,Bueno,2,MG,BLANCO,2,MINISTERIO PÚBLICO,61,MASCULINO,SIN DATOS,0,0,Morelia,Union,septiembre,miércoles,10,-101.1575515,19.71064
42252,42258,2022,,2022/09/28,10:00:00,COLISIÓN POR CORTE DE CIRCULACIÓN,ASFALTO,Bueno,Bueno,2,CHEVROLET,ARENA,2,,23,MASCULINO,SIN DATOS,0,0,Morelia,El Porvenir,septiembre,miércoles,10,-101.206167443729,19.7120063363922
42253,42259,2022,MOR220615365,2022/09/28,10:20:00,COLISIÓN POR CORTE DE CIRCULACIÓN,ASFALTO,Bueno,Bueno,2,|,BLANCO Y AZUL,2,,28,MASCULINO,SIN DATOS,0,0,Morelia,Jardines de Sindurio,septiembre,miércoles,10,-101.25724950047,19.6993034103532
42254,42260,2022,,2022/09/28,11:00:00,SALIDA DE SUPERFICIE DE RODAMIENTO,ASFALTO,Bueno,Bueno,1,MITSUBISHI,BLANCO,1,MINISTERIO PÚBLICO,,,,1,0,Morelia,Sin datos,septiembre,miércoles,11,-101.275924408994,19.6208266134515
42255,42261,2022,MOR220615632,2022/09/28,12:17:00,COLISIÓN POR NO RESPETAR SEMÁFORO,ASFALTO,Bueno,Bueno,2,NISSAN,PLATA,2,,18,MASCULINO,SIN DATOS,0,0,Morelia,Centro,septiembre,miércoles,12,-101.18754847,19.7028479949991
42256,42262,2022,,2022/09/28,12:53:00,COLISIÓN CON PEATÓN,ASFALTO,Bueno,Bueno,1,YAMAHA,NEGRO,2,,25,MASCULINO,SIN DATOS,1,0,Morelia,Alberto Oviedo Mota,septiembre,miércoles,13,-101.198908182011,19.681555672698
42257,42263,2022,MOR220615700,2022/09/28,13:30:00,COLISIÓN POR CAMBIO DE CARRIL,ASFALTO,Bueno,Bueno,2,JEEP,ROJO,2,,39,FEMENINO,SIN DATOS,0,0,Morelia,Centro,septiembre,miércoles,14,-101.19118388321,19.702768457823
42258,42264,2022,MOR220615820,2022/09/28,13:45:00,COLISIÓN POR CORTE DE CIRCULACIÓN,ASFALTO,Bueno,Bueno,2,GENERAL MOTORS,BLANCO,2,,26,MASCULINO,SIN DATOS,0,0,Morelia,Mariano Escobedo,septiembre,miércoles,14,-101.209748685,19.7223888749991
42259,42265,2022,MOR220615885,2022/09/28,15:05:00,COLISIÓN POR CORTE DE CIRCULACIÓN,CONCRETO,Bueno,Regular,2,TOYOTA,BLANCO,2,,17,MASCULINO,SIN DATOS,0,0,Morelia,Vasco de Quiroga,septiembre,miércoles,15,-101.172084441176,19.7019638559701
42260,42266,2022,,2022/09/28,15:39:00,COLISIÓN POR ALCANCE,ASFALTO,Bueno,Bueno,2,FORD,BLANCO,2,MINISTERIO PÚBLICO,,MASCULINO,SIN DATOS,0,0,Morelia,Vasco de Quiroga,septiembre,miércoles,16,-101.172084441176,19.7019638559701
42261,42267,2022,LEG45172,2022/09/29,"00:00:00",COLISIÓN CON PEATÓN,SIN_DATOS,Bueno,Bueno,0,,,1,,,,,1,0,Morelia,Francisco Javier Mina,septiembre,jueves,0,-101.218174522112,19.7136433316093
42262,42268,2022,,2022/09/29,"00:00:00",COLISIÓN POR NO RESPETAR SEMÁFORO,CONCRETO,Bueno,Bueno,2,FORD AEROSTAR,GRIS,2,,29,MASCULINO,SIN DATOS,0,0,Morelia,Centro,septiembre,jueves,0,-101.199924,19.7030632
42263,42269,2022,,2022/09/29,"07:00:00",COLISIÓN POR NO RESPETAR SEMÁFORO,ASFALTO,Bueno,Bueno,2,KENWORTH,BLANCO,2,,40,MASCULINO,SIN DATOS,0,0,Morelia,Centro,septiembre,jueves,7,-101.18218963,19.7028850649992
42264,42270,2022,,2022/09/29,12:05:00,COLISIÓN POR ALCANCE,ASFALTO,Bueno,Bueno,2,MITSUBISHI,BLANCO,2,,,FEMENINO,SIN DATOS,0,0,Morelia,Diego Rivera,septiembre,jueves,12,-101.176745519042,19.7187349715174
42265,42271,2022,,2022/09/29,12:25:00,COLISIÓN CON PEATÓN,ASFALTO,Nublado,Bueno,1,HONDA,ROJO,2,MINISTERIO PÚBLICO,31,MASCULINO,SIN DATOS,1,0,Morelia,Fovissste La Huerta,septiembre,jueves,12,-101.212212368846,19.6923069230608
42266,42272,2022,,2022/09/29,12:25:00,COLISIÓN POR CORTE DE CIRCULACIÓN,ASFALTO,Bueno,Bueno,2,HONDA,BLANCO,2,,63,MASCULINO,SIN DATOS,0,0,Morelia,Nueva Chapultepec,septiembre,jueves,12,-101.17014426738,19.6858845334689
42267,42273,2022,,2022/09/29,13:00:00,COLISIÓN POR ALCANCE,ASFALTO,Bueno,Bueno,2,NISSAN,AZUL,2,,55,MASCULINO,SIN DATOS,0,0,Morelia,Primo Tapia Oriente,septiembre,jueves,13,-101.160249598324,19.71270754631
42268,42274,2022,,2022/09/29,13:35:00,COLISIÓN POR CORTE DE CIRCULACIÓN,CONCRETO,Bueno,Bueno,2,ITALIKA,NARANJA,2,,18,MASCULINO,SIN DATOS,0,0,Morelia,Justo Mendoza,septiembre,jueves,14,-101.230075545609,19.7122434469376
42269,42275,2022,,2022/09/29,14:20:00,COLISIÓN POR INVASIÓN DE CARRIL,ASFALTO,Bueno,Bueno,2,INTERNACIONAL,BLANCO/AZUL,2,,39,MASCULINO,SIN DATOS,0,0,Morelia,Elias Perez Avalos,septiembre,jueves,14,-101.171479336917,19.7147433308775
42270,42276,2022,,2022/09/29,15:40:00,COLISIÓN POR CORTE DE CIRCULACIÓN,ASFALTO,Bueno,Bueno,2,FORD,BLANCO,2,,23,MASCULINO,SIN DATOS,0,0,Morelia,Cuauhtemoc,septiembre,jueves,16,-101.178747788072,19.6966277251836
42271,42277,2022,,2022/09/29,16:30:00,COLISIÓN POR ALCANCE,ASFALTO,Bueno,Bueno,2,NISSAN,BLANCO/ROJO,2,,36,MASCULINO,SIN DATOS,0,0,Morelia,Agua Clara,septiembre,jueves,17,-101.225125193596,19.7044454668506
42272,42278,2022,,2022/09/29,16:45:00,COLISIÓN POR NO RESPETAR SEMÁFORO,CONCRETO,Bueno,Bueno,2,FORD,PLATA,2,,29,MASCULINO,SIN DATOS,0,0,Morelia,Centro,septiembre,jueves,17,-101.200163215399,19.7030484211688
42273,42279,2022,,2022/09/29,18:00:00,COLISIÓN POR CAMBIO DE CARRIL,ASFALTO,Bueno,Bueno,2,RSK MOTORC,NEGRO,2,,38,MASCULINO,SIN DATOS,0,0,Morelia,Ventura Puente,septiembre,jueves,18,-101.187182954235,19.6926426896116
42274,42280,2022,,2022/09/29,19:20:00,COLISIÓN POR CORTE DE CIRCULACIÓN,ASFALTO,Bueno,Bueno,2,NISSAN,BLANCO/CAFE,2,,63,MASCULINO,SIN DATOS,0,0,Morelia,Tzindurio de Morelos,septiembre,jueves,19,-101.243370249867,19.6995841624056
42275,42281,2022,,2022/09/29,21:10:00,VOLCADURA,CONCRETO,Bueno,Bueno,3,MAZDA,GRIS,3,,30,MASCULINO,SIN DATOS,0,0,Morelia,Chapultepec Oriente,septiembre,jueves,21,-101.16380084306,19.6953205748945
42276,42282,2022,,2022/09/29,22:30:00,COLISIÓN POR ALCANCE,ASFALTO,Bueno,Bueno,2,HONDA,AZUL,2,,23,FEMENINO,SIN DATOS,0,0,Morelia,Felix Ireta,septiembre,jueves,23,-101.180635392666,19.6861705396849
42277,42283,2022,,2022/09/29,23:15:00,COLISIÓN CONTRA OBJETO FIJO,ASFALTO,Bueno,Bueno,1,CHEVROLET,AZUL,1,,42,MASCULINO,SIN DATOS,0,0,Morelia,Plan de La Garita,septiembre,jueves,23,-101.182948160872,19.7146239450766
42278,42284,2022,,2022/09/30,"00:00:00",COLISIÓN POR ALCANCE,ASFALTO,Bueno,Bueno,2,ITALIKA,NEGRO,2,,21,MASCULINO,SIN DATOS,0,0,Morelia,Cinco de Diciembre,septiembre,viernes,0,-101.166012994945,19.6841037702516
42279,42285,2022,,2022/09/30,"00:05:00",SUBIDA AL CAMELLÓN,ASFALTO,Bueno,Bueno,1,NISSAN,GRIS,1,,54,MASCULINO,ALIENTO ETÍLICO,0,0,Morelia,Los Laureles,septiembre,viernes,0,-101.232063397765,19.7138166575813
42280,42286,2022,,2022/09/30,"08:30:00",COLISIÓN POR CORTE DE CIRCULACIÓN,CONCRETO,Bueno,Bueno,2,CHEVROLET,PLATA,2,,20,MASCULINO,SIN DATOS,0,0,Morelia,Rafael Carrillo,septiembre,viernes,9,-101.234540082514,19.7104930882726
42281,42287,2022,,2022/09/30,10:26:00,COLISIÓN POR INVASIÓN DE CARRIL,ASFALTO,Bueno,Bueno,2,FORD,NEGRO,2,,43,FEMENINO,SIN DATOS,0,0,Morelia,La Loma,septiembre,viernes,10,-101.181391440332,19.6798287212573
42282,42288,2022,LEG45184,2022/09/30,11:05:00,COLISIÓN POR CAMBIO DE CARRIL,ASFALTO,Bueno,Bueno,2,KIA,AZUL,2,,21,FEMENINO,SIN DATOS,0,0,Morelia,Ventura Puente,septiembre,viernes,11,-101.180173717439,19.6882669559672
42283,42289,2022,,2022/09/30,14:00:00,COLISIÓN CONTRA OBJETO FIJO,ADOQUIN_EMPEDRADO,Bueno,Bueno,1,DODGE,BANCO/AZUL,1,MINISTERIO PÚBLICO,52,MASCULINO,SIN DATOS,0,0,Pátzcuaro,Erendira 1,septiembre,viernes,14,-101.616111807525,19.5063236995611
42284,42290,2022,LEG45183,2022/09/30,14:15:00,COLISIÓN POR ALCANCE,CONCRETO,Bueno,Bueno,2,ITALIKA,NEGRO/AMARILLO,2,,23,MASCULINO,SIN DATOS,0,0,Morelia,Villas del Pedregal,septiembre,viernes,14,-101.304138042033,19.6725726835787
42285,42291,2022,,2022/09/30,14:55:00,COLISIÓN POR ALCANCE,ASFALTO,Bueno,Bueno,3,FREIGHTLINER,NARANJA,3,MINISTERIO PÚBLICO,47,MASCULINO,SIN DATOS,0,0,Peribán,Sin datos,septiembre,viernes,15,-102.44747556746,19.5553816137739
42286,42292,2022,,2022/09/30,15:00:00,COLISIÓN POR ALCANCE,ASFALTO,Bueno,Bueno,2,ITALIKA,VERDE,2,,34,MASCULINO,SIN DATOS,0,0,Morelia,Lomas de Guayangareo,septiembre,viernes,15,-101.159935109317,19.7041298227114
42287,42293,2022,,2022/09/30,15:45:00,COLISIÓN POR ALCANCE,ASFALTO,Bueno,Bueno,4,CHEVROLET,NEGRO,4,MINISTERIO PÚBLICO,48,FEMENINO,SIN DATOS,0,0,Morelia,Josefa Ortiz de Dominguez,septiembre,viernes,16,-101.210581921041,19.7261640750565
42288,42294,2022,MOR 220620170,2022/09/30,16:35:00,COLISIÓN POR ALCANCE,ASFALTO,Bueno,Bueno,2,RAM,BLANCO,2,,59,MASCULINO,SIN DATOS,0,0,Morelia,Bosques de Oriente,septiembre,viernes,17,-101.155453808606,19.7156002463976
42289,42295,2022,,2022/09/30,17:40:00,COLISIÓN POR ALCANCE,ASFALTO,Bueno,Bueno,2,VOLKSWAGEN,BEIGE,2,,45,FEMENINO,SIN DATOS,0,0,Morelia,Lazaro Cardenas,septiembre,viernes,18,-101.165142953396,19.7103097060369
42290,42296,2022,,2022/09/30,18:00:00,COLISIÓN POR CORTE DE CIRCULACIÓN,ADOQUIN_EMPEDRADO,Bueno,Bueno,2,NISSAN,BLANCO,2,MINISTERIO PÚBLICO,21,MASCULINO,SIN DATOS,0,0,Pátzcuaro,Centro,septiembre,viernes,18,-101.607158258557,19.5161940518319
42291,42297,2022,,2022/09/30,20:34:00,COLISIÓN POR CORTE DE CIRCULACIÓN,ASFALTO,Bueno,Bueno,2,GENERAL MOTORS,AZUL/BLANCO,2,,24,MASCULINO,SIN DATOS,0,0,Morelia,Las Flores,septiembre,viernes,21,-101.206867396832,19.7023483155134
42292,42298,2022,,2022/09/30,21:40:00,COLISIÓN CONTRA OBJETO FIJO,CONCRETO,Bueno,Bueno,2,TOYOTA,ROJO,2,MINISTERIO PÚBLICO,24,MASCULINO,SIN DATOS,0,0,Morelia,Alberto Oviedo Mota,septiembre,viernes,22,-101.197173222899,19.6811116899014
42293,42299,2022,,2022/09/30,23:40:00,SALIDA DE SUPERFICIE DE RODAMIENTO,ASFALTO,Bueno,Bueno,1,CHEVROLET,COBRE,1,,40,MASCULINO,SIN DATOS,0,0,Tarímbaro,Centro,septiembre,viernes,0,-101.176869,19.792979
42294,42300,2022,,2022/10/01,"00:00:00",COLISIÓN CONTRA OBJETO FIJO,ASFALTO,Bueno,Bueno,1,CHEVROLET,GRIS,1,,,,SIN DATOS,0,0,Morelia,Tlalpujahua,octubre,sábado,0,-101.217996887863,19.6761496001618
42295,42301,2022,,2022/10/01,"02:47:00",COLISIÓN POR ALCANCE,ASFALTO,Bueno,Bueno,2,S/D,S/D,2,MINISTERIO PÚBLICO,29,MASCULINO,SIN DATOS,1,0,Morelia,Felix Ireta,octubre,sábado,3,-101.19509802191,19.6821447479733
42296,42302,2022,MOR 2206211223,2022/10/01,"03:35:00",COLISIÓN CONTRA OBJETO FIJO,ASFALTO,Bueno,Bueno,1,KIA,AZUL,1,,,,SIN DATOS,0,0,Morelia,Jose Ma Pino Suarez,octubre,sábado,4,-101.163688525558,19.7242395288472
42297,42303,2022,MOR22062,2022/10/01,"04:00:00",COLISIÓN POR ALCANCE,ASFALTO,Bueno,Bueno,2,KEEWAY,BLANCO,2,MINISTERIO PÚBLICO,,MASCULINO,SIN DATOS,0,0,Morelia,Niño Artillero,octubre,sábado,4,-101.250201165676,19.6986081590606
42298,42304,2022,,2022/10/01,10:00:00,COLISIÓN POR INVASIÓN DE CARRIL,ASFALTO,Bueno,Bueno,0,,,0,MINISTERIO PÚBLICO,,,,0,0,Cuitzeo,Sin datos,octubre,sábado,10,-101.139926,19.923263
42299,42305,2022,,2022/10/01,10:15:00,CAIDA ACUATICA DE VEHÍCULO,ASFALTO,Bueno,Bueno,1,HONDA,VERDE,0,,,,,0,0,Tangamandapio,Sin datos,octubre,sábado,10,-102.387945279479,19.9121104408937
42300,42306,2022,,2022/10/01,11:20:00,COLISIÓN POR CORTE DE CIRCULACIÓN,ASFALTO,Bueno,Bueno,2,MITSUBISHI,ROJO,2,,30,MASCULINO,SIN DATOS,0,0,Morelia,Felicitas del Rio,octubre,sábado,11,-101.200257123757,19.6935246012511
42301,42307,2022,,2022/10/01,13:30:00,COLISIÓN POR CORTE DE CIRCULACIÓN,ASFALTO,Bueno,Bueno,2,DINA,BLANCO,2,,57,MASCULINO,SIN DATOS,0,0,Morelia,Bosques de Oriente,octubre,sábado,14,-101.156634986401,19.714852536573
42302,42308,2022,,2022/10/01,14:15:00,COLISIÓN POR ALCANCE,ASFALTO,Bueno,Bueno,2,FORD,AZUL/BLANCO,2,,40,MASCULINO,SIN DATOS,0,0,Morelia,Francisco J Mujica,octubre,sábado,14,-101.191169433296,19.7229594308325
42303,42309,2022,,2022/10/01,14:30:00,COLISIÓN POR CORTE DE CIRCULACIÓN,ASFALTO,Bueno,Bueno,2,ITALIKA,ROJO,2,MINISTERIO PÚBLICO,,MASCULINO,SIN DATOS,0,0,Morelia,Nueva Valladolid,octubre,sábado,15,-101.209721937776,19.702023829076
42304,42310,2022,,2022/10/01,15:00:00,COLISIÓN POR CORTE DE CIRCULACIÓN,ASFALTO,Bueno,Bueno,2,NISSAN,ROJO,0,MINISTERIO PÚBLICO,,,,0,0,Lázaro Cárdenas,1Er Sect de Fidelac,octubre,sábado,15,-102.197981178761,17.9648308425317
42305,42311,2022,,2022/10/01,15:00:00,COLISIÓN POR CAMBIO DE CARRIL,CONCRETO,Bueno,Bueno,2,INTERNATIONAL,BLANCO,2,,39,MASCULINO,SIN DATOS,0,0,Morelia,Central de Abastos,octubre,sábado,15,-101.168390773237,19.7157388043137
42306,42312,2022,,2022/10/01,15:30:00,COLISIÓN POR CORTE DE CIRCULACIÓN,ASFALTO,Bueno,Bueno,2,NISSAN,GRIS,0,,,,,0,0,Morelia,Tenencia Morelos,octubre,sábado,16,-101.243929623155,19.6466055443724
42307,42313,2022,,2022/10/01,15:50:00,COLISIÓN POR CORTE DE CIRCULACIÓN,CONCRETO,Bueno,Bueno,2,MAZDA,BLANCO,2,,56,MASCULINO,SIN DATOS,0,0,Morelia,Valle del Durazno,octubre,sábado,16,-101.186045155,19.6564858949992
42308,42314,2022,,2022/10/01,17:40:00,CAIDA DE MOTOCICLETA,ASFALTO,Bueno,Bueno,1,HONDA,ROJO/BCO,1,MINISTERIO PÚBLICO,,,,1,0,Huandacareo,San Francisco,octubre,sábado,18,-101.277259917045,19.9859440054036
42309,42315,2022,,2022/10/01,19:25:00,COLISIÓN POR ALCANCE,ASFALTO,Bueno,Bueno,3,DODGE,BLANCO,3,,28,MASCULINO,ALIENTO ETÍLICO,0,0,Morelia,Rafael Carrillo,octubre,sábado,19,-101.235149949789,19.7096156291997
42310,42316,2022,,2022/10/01,23:30:00,COLISIÓN POR MANIOBRA DE REVERSA,ASFALTO,Bueno,Bueno,2,NISSAN,GRIS,2,MINISTERIO PÚBLICO,51,MASCULINO,SIN DATOS,0,0,Morelia,Morelos,octubre,sábado,0,-101.207852438092,19.7007615453236
42311,42317,2022,,2022/10/02,"03:00:00",VOLCADURA,ASFALTO,Bueno,Bueno,1,NISSAN,BLANCO,0,,,,,0,0,Morelia,Dr Miguel Silva,octubre,domingo,3,-101.187927793444,19.7204887484457
42313,42319,2022,,2022/10/02,"06:35:00",COLISIÓN CONTRA OBJETO FIJO,ASFALTO,Bueno,Bueno,1,FORD,BLANCO,1,,,,SIN DATOS,0,0,Morelia,Sentimientos de La Nacion,octubre,domingo,7,-101.235391013324,19.6809304838312
42314,42320,2022,,2022/10/02,"09:40:00",SALIDA DE SUPERFICIE DE RODAMIENTO,ASFALTO,Bueno,Bueno,1,DODGE,AZUL,1,,29,,SIN DATOS,0,0,Morelia,Sin datos,octubre,domingo,10,-101.114932671189,19.7368061003856
42315,42321,2022,MOR220625343,2022/10/02,10:40:00,COLISIÓN POR CORTE DE CIRCULACIÓN,CONCRETO,Bueno,Bueno,2,HONDA,ARENA,2,,38,MASCULINO,ALIENTO ETÍLICO,0,0,Morelia,Vicente Lombardo Toledano (Ejidal Isacc Arriaga) (Etnias de Mexico),octubre,domingo,11,-101.145496107638,19.7126516802286
42316,42322,2022,MOR 220623951,2022/10/02,12:00:00,COLISIÓN POR CORTE DE CIRCULACIÓN,ASFALTO,Bueno,Regular,2,ITALIKA,NEGRO Y VERDE,3,,22,MASCULINO,SIN DATOS,1,0,Morelia,La Hacienda,octubre,domingo,12,-101.320001967251,19.6747406265762
42317,42323,2022,,2022/10/02,16:38:00,COLISIÓN CONTRA OBJETO FIJO,ASFALTO,Bueno,Bueno,2,NISSAN,AURORA,2,,33,MASCULINO,SIN DATOS,0,0,Morelia,Independencia,octubre,domingo,17,-101.177959553897,19.7129291166781
42318,42324,2022,MOR 220624895,2022/10/02,19:05:00,VOLCADURA,ASFALTO,Bueno,Regular,1,CHEVROLET,GUINDA,2,,35,MASCULINO,SIN DATOS,1,0,Morelia,Sin datos,octubre,domingo,19,-101.282012835145,19.594722325476
42319,42325,2022,,2022/10/02,21:30:00,COLISIÓN POR ALCANCE,ASFALTO,Bueno,Bueno,2,NISSAN,BEIGE,2,MINISTERIO PÚBLICO,22,MASCULINO,SIN DATOS,0,0,Morelia,San Jose del Cerrito,octubre,domingo,22,-101.225983165205,19.6631113070422
42320,42326,2022,,2022/10/02,22:00:00,COLISIÓN POR CAMBIO DE CARRIL,ASFALTO,Bueno,Bueno,2,CHEVROLET,ARENA,2,,44,MASCULINO,SIN DATOS,0,0,Morelia,Alberto Oviedo Mota,octubre,domingo,22,-101.195741593838,19.6815249273679