fid,id_accidente,anio_origen,folio_c5i,dia_incidente,hora_ocurrencia,tipo_incidente_vial,superficie_ocurrencia,condiciones_climaticas,condiciones_via,numero_vehiculos_involucrados,marca_vehiculo_ocasiona_siniestro,color_vehiculo_ocasiona_siniestro,numero_personas_involucradas,lugar_remite_presunto_responsable,edad_presunto_responsable,sexo_presunto_responsable,resultados_toxicologia,numero_personas_lesionadas,numero_personas_fallecidas,municipio,colonia,mes,dia_semana,hora_redondeada,lon,lat
42321,42327,2022,,2022/10/02,22:27:00,COLISIÓN POR ALCANCE,ASFALTO,Bueno,Bueno,2,VOLKSWAGEN,BLANCO,2,,,MASCULINO,SIN DATOS,0,0,Morelia,Sentimientos de La Nacion,octubre,domingo,22,-101.233301572502,19.6782382552147
42322,42328,2022,,2022/10/03,"09:35:00",COLISIÓN POR CAMBIO DE CARRIL,ASFALTO,Bueno,Bueno,2,INTERNATIONAL,BLANCO,2,,22,MASCULINO,SIN DATOS,0,0,Morelia,Insurgentes,octubre,lunes,10,-101.155416805,19.6953315299991
42323,42329,2022,,2022/10/03,11:30:00,COLISIÓN POR CAMBIO DE CARRIL,ASFALTO,Bueno,Bueno,2,TOYOTA,BLANCO Y  ROSA,2,,21,MASCULINO,SIN DATOS,0,0,Morelia,Centro,octubre,lunes,12,-101.19118388321,19.702768457823
42326,42332,2022,,2022/10/03,15:30:00,COLISIÓN CONTRA OBJETO FIJO,ASFALTO,Bueno,Bueno,2,VOLKSWAGEN,GRIS,1,,30,,SIN DATOS,0,0,Morelia,San Jose del Cerrito,octubre,lunes,16,-101.222373722911,19.6615895379848
42327,42333,2022,,2022/10/03,15:55:00,COLISIÓN POR CORTE DE CIRCULACIÓN,ASFALTO,Bueno,Bueno,2,INTERNACIONAL,VERDE,2,,22,MASCULINO,SIN DATOS,0,0,Morelia,Gral Gertrudis Sanchez,octubre,lunes,16,-101.2094753,19.7439916449991
42329,42335,2022,,2022/10/03,16:00:00,COLISIÓN POR CAMBIO DE CARRIL,ASFALTO,Bueno,Bueno,2,VOLKSWAGEN,ROJO,2,,51,MASCULINO,SIN DATOS,0,0,Morelia,Bosques Tres Marias,octubre,lunes,16,-101.102,19.7232
42331,42337,2022,,2022/10/03,19:00:00,COLISIÓN POR CAMBIO DE CARRIL,CONCRETO,Bueno,Bueno,2,NISSAN,BLANCO Y ROJO,2,,35,MASCULINO,SIN DATOS,0,0,Morelia,Gertrudis Bocanegra,octubre,lunes,19,-101.209872129455,19.7038111996348
42332,42338,2022,,2022/10/03,19:55:00,COLISIÓN CONTRA OBJETO FIJO,ASFALTO,Bueno,Bueno,1,TOYOTA,PLATA,0,,,,,0,0,Morelia,Poblado de Ocolusen,octubre,lunes,20,-101.155088675,19.6951327349991
42333,42339,2022,,2022/10/03,21:27:00,COLISIÓN POR ALCANCE,CONCRETO,Bueno,Bueno,2,VOLKSWAGEN,PLATA,2,,48,MASCULINO,SIN DATOS,0,0,Morelia,Prados Verdes,octubre,lunes,21,-101.19721026,19.7150711099991
42334,42340,2022,,2022/10/03,28:30:00,COLISIÓN POR CAMBIO DE CARRIL,ASFALTO,Nublado,Bueno,2,YAMAHA,NEGRO,3,MINISTERIO PÚBLICO,21,MASCULINO,SIN DATOS,1,0,Morelia,Centro,octubre,lunes,,-101.18218963,19.7028850649992
42335,42341,2022,,2022/10/04,"07:40:00",COLISIÓN CON PEATÓN,ASFALTO,Bueno,Bueno,1,HYUNDAI,AZUL,2,,48,FEMENINO,SIN DATOS,1,0,Morelia,Buenavista,octubre,martes,8,-101.166587658226,19.7050571834195
42336,42342,2022,MOR220728351,2022/10/04,"09:20:00",CAIDA DE MOTOCICLETA,ASFALTO,Bueno,Bueno,2,ITALIKA,NEGRO,2,,20,MASCULINO,SIN DATOS,0,0,Morelia,Ciudad Industrial,octubre,martes,9,-101.142933927476,19.7252750246947
42337,42343,2022,,2022/10/04,10:42:00,COLISIÓN CONTRA OBJETO FIJO,ASFALTO,Bueno,Bueno,2,NISSAN,PLATA,2,,35,MASCULINO,SIN DATOS,0,0,Morelia,El Durazno,octubre,martes,11,-101.181589923799,19.6564155808676
42338,42344,2022,MOR220628838,2022/10/04,13:10:00,COLISIÓN POR CORTE DE CIRCULACIÓN,ASFALTO,Bueno,Bueno,2,ITALIKA,ROJO,3,,44,MASCULINO,SIN DATOS,1,0,Morelia,Isaac Arriaga,octubre,martes,13,-101.173327378929,19.706858861354
42339,42345,2022,,2022/10/04,14:40:00,COLISIÓN POR CAMBIO DE CARRIL,ASFALTO,Bueno,Bueno,2,FREIGHTLINER,BLANCO Y NARANJA,2,,27,MASCULINO,SIN DATOS,0,0,Morelia,Poblado de Ocolusen,octubre,martes,15,-101.151145845652,19.691902236468
42340,42346,2022,MOR220629099,2022/10/04,15:19:00,COLISIÓN POR CORTE DE CIRCULACIÓN,ASFALTO,Bueno,Bueno,2,NISSAN INFINITI,NEGRO,2,,42,,SIN DATOS,0,0,Morelia,Valle de Altozano,octubre,martes,15,-101.164806000888,19.6654508144321
42341,42347,2022,,2022/10/04,15:20:00,COLISIÓN POR CORTE DE CIRCULACIÓN,ASFALTO,Bueno,Bueno,2,TOYOTA,BLANCO/GRIS,2,,34,MASCULINO,SIN DATOS,0,0,Morelia,Felix Ireta,octubre,martes,15,-101.189570836723,19.6822399614131
42342,42348,2022,MOR220629289,2022/10/04,16:35:00,COLISIÓN POR INVASIÓN DE CARRIL,ASFALTO,Lluvioso,Bueno,2,NISSAN,BLANCO Y ROJO,5,,73,MASCULINO,SIN DATOS,3,0,Morelia,Sin datos,octubre,martes,17,-101.120692379773,19.735421329649
42343,42349,2022,,2022/10/04,16:53:00,COLISIÓN POR CORTE DE CIRCULACIÓN,ASFALTO,Lluvioso,Regular,2,FORD,AZUL,2,,37,FEMENINO,SIN DATOS,0,0,Morelia,Nueva Valladolid,octubre,martes,17,-101.208862960339,19.7021835471906
42344,42350,2022,,2022/10/04,18:03:00,COLISIÓN POR CORTE DE CIRCULACIÓN,ASFALTO,Lluvioso,Bueno,2,SEAT,AMARILLO,2,,45,FEMENINO,SIN DATOS,0,0,Morelia,Chapultepec Oriente,octubre,martes,18,-101.163488030434,19.689697907682
42345,42351,2022,,2022/10/04,20:38:00,COLISIÓN POR ALCANCE,CONCRETO,Lluvioso,Regular,2,NISSAN,BLANCO,2,,,MASCULINO,SIN DATOS,0,0,Morelia,Las Flores,octubre,martes,21,-101.207930892706,19.7064592617974
42346,42352,2022,,2022/10/04,23:00:00,COLISIÓN POR MANIOBRA DE REVERSA,ASFALTO,Bueno,Bueno,2,CHRYSLER,NEGRO,2,,0,FEMENINO,SIN DATOS,0,0,Morelia,Pastor Manuel Sanchez Camarena,octubre,martes,23,-101.199295185506,19.7377386363562
42347,42353,2022,,2022/10/05,"08:26:00",COLISIÓN POR INVASIÓN DE CARRIL,ASFALTO,Bueno,Bueno,2,PEUGEOT,BLANCO,2,,41,FEMENINO,SIN DATOS,0,0,Morelia,Sin datos,octubre,miércoles,8,-101.11455884192,19.7372316661679
42348,42354,2022,,2022/10/05,"08:45:00",COLISIÓN POR CORTE DE CIRCULACIÓN,CONCRETO,Bueno,Bueno,2,TOYOTA,AZUL,2,,34,FEMENINO,SIN DATOS,0,0,Morelia,5 de Mayo,octubre,miércoles,9,-101.176833595,19.7041851299991
42349,42355,2022,,2022/10/05,"09:14:00",COLISIÓN POR INVASIÓN DE CARRIL,ASFALTO,Bueno,Bueno,2,MERCURI,NEGRO,2,,69,MASCULINO,SIN DATOS,0,0,Morelia,Torreon Nuevo,octubre,miércoles,9,-101.2042995,19.7459522399991
42350,42356,2022,,2022/10/05,"09:15:00",COLISIÓN POR ALCANCE,CONCRETO,Bueno,Bueno,3,NISSAN,BLANCO/ROJO,3,,30,MASCULINO,SIN DATOS,0,0,Morelia,Reforma,octubre,miércoles,9,-101.240796241532,19.7078956687036
42351,42357,2022,,2022/10/05,12:10:00,COLISIÓN CON PEATÓN,SIN_DATOS,Bueno,Bueno,1,HYUNDAI,BLANCO,0,,,,,0,0,Morelia,Centro,octubre,miércoles,12,-101.188771873713,19.7105988249222
42352,42358,2022,,2022/10/05,12:10:00,COLISIÓN POR CAMBIO DE CARRIL,ASFALTO,Bueno,Bueno,2,HYUNDAI,BLANCO,2,MINISTERIO PÚBLICO,,MASCULINO,SIN DATOS,0,0,Morelia,Campamento Ferrocarrilero,octubre,miércoles,12,-101.203038605,19.7048187049992
42353,42359,2022,,2022/10/05,13:50:00,COLISIÓN POR ALCANCE,ASFALTO,Bueno,Bueno,2,NISSAN,BLANCO,2,,0,MASCULINO,SIN DATOS,0,0,Morelia,El Lago 1,octubre,miércoles,14,-101.216335622487,19.7307987163553
42354,42360,2022,,2022/10/05,14:45:00,COLISIÓN POR CORTE DE CIRCULACIÓN,ASFALTO,Bueno,Bueno,2,JEEP,AZUL,2,,58,MASCULINO,SIN DATOS,0,0,Morelia,Centro,octubre,miércoles,15,-101.17789641,19.7013360799991
42355,42361,2022,,2022/10/05,16:35:00,COLISIÓN POR CORTE DE CIRCULACIÓN,ASFALTO,Bueno,Bueno,2,INTERNACIONAL,BLANCO,2,,25,MASCULINO,SIN DATOS,0,0,Morelia,Felicitas del Rio,octubre,miércoles,17,-101.199315807371,19.6912362607314
42356,42362,2022,,2022/10/05,16:50:00,COLISIÓN POR CORTE DE CIRCULACIÓN,ASFALTO,Bueno,Bueno,2,CHEVROLET,GRIS,2,,21,FEMENINO,SIN DATOS,0,0,Morelia,Villas Lomas del Paraiso,octubre,miércoles,17,-101.183243326701,19.6753951296653
42357,42363,2022,,2022/10/05,17:00:00,COLISIÓN POR ALCANCE,ASFALTO,Bueno,Bueno,2,FORD,NEGRO,2,,0,MASCULINO,SIN DATOS,0,0,Morelia,Mirador del Punhuato,octubre,miércoles,17,-101.157403069452,19.7043089194707
42358,42364,2022,,2022/10/05,20:00:00,COLISIÓN POR CORTE DE CIRCULACIÓN,CONCRETO,Bueno,Regular,2,CHEVROLET,CAFE,2,,29,MASCULINO,SIN DATOS,0,0,Morelia,Primo Tapia Oriente,octubre,miércoles,20,-101.16191233,19.7156435699991
42360,42366,2022,,2022/10/06,"01:10:00",COLISIÓN CONTRA OBJETO FIJO,CONCRETO,Lluvioso,Bueno,1,NISSAN,BLANCO,1,,41,MASCULINO,SIN DATOS,0,0,Morelia,San Isidro Itzicuaro Norte,octubre,jueves,1,-101.268973902447,19.702500489212
42363,42369,2022,,2022/10/06,"08:30:00",COLISIÓN POR ALCANCE,ASFALTO,Bueno,Bueno,2,KIA,ROJO,2,,31,MASCULINO,SIN DATOS,0,0,Morelia,Centro,octubre,jueves,9,-101.18754847,19.7028479949991
42365,42371,2022,MOR220632845,2022/10/06,10:20:00,COLISIÓN POR CAMBIO DE CARRIL,CONCRETO,Bueno,Bueno,2,CHEVROLET,ROJO,2,,41,MASCULINO,SIN DATOS,0,0,Morelia,Fidel Velazquez,octubre,jueves,10,-101.2361285,19.7061695
42366,42372,2022,,2022/10/06,12:00:00,COLISIÓN POR INVASIÓN DE CARRIL,ASFALTO,Bueno,Bueno,2,VOLKSWAGEN,ROJO,6,MINISTERIO PÚBLICO,69,MASCULINO,SIN DATOS,4,0,Hidalgo,Corros,octubre,jueves,12,-100.555383637547,19.7072142705475
42371,42377,2022,,2022/10/06,16:20:00,COLISIÓN POR CORTE DE CIRCULACIÓN,ASFALTO,Bueno,Bueno,2,FORD,VERDE,2,,19,MASCULINO,SIN DATOS,0,0,Morelia,Loma Bonita,octubre,jueves,16,-101.190957522864,19.6570761275094
42373,42379,2022,,2022/10/06,18:50:00,COLISIÓN POR ALCANCE,ASFALTO,Bueno,Bueno,2,DINA,BLANCO-AZUL,1,MINISTERIO PÚBLICO,,,,1,0,Hidalgo,Corros,octubre,jueves,19,-100.555392019451,19.7072136392708
42374,42380,2022,,2022/10/06,20:30:00,COLISIÓN POR CORTE DE CIRCULACIÓN,ASFALTO,Bueno,Bueno,2,JEEP,ROJO,2,,19,MASCULINO,SIN DATOS,0,0,Morelia,Comision Federal de Electricidad,octubre,jueves,21,-101.181304370054,19.681701101233
42376,42382,2022,,2022/10/07,"02:30:00",COLISIÓN CONTRA OBJETO FIJO,SIN_DATOS,Bueno,Bueno,1,S/D,S/D,0,,,,,0,0,Morelia,Ventura Puente,octubre,viernes,3,-101.179435774684,19.6923470128626
42378,42384,2022,,2022/10/07,"08:00:00",COLISIÓN POR CORTE DE CIRCULACIÓN,ASFALTO,Bueno,Bueno,2,DODGE,BLANCO,2,,70,MASCULINO,SIN DATOS,0,0,Morelia,Sin datos,octubre,viernes,8,-101.313395686448,19.6871699790289
42379,42385,2022,,2022/10/07,"08:00:00",COLISIÓN POR CORTE DE CIRCULACIÓN,SIN_DATOS,Bueno,Bueno,1,KENWORTH,BLANCO,1,,45,MASCULINO,SIN DATOS,0,0,Morelia,Primo Tapia Oriente,octubre,viernes,8,-101.159333959222,19.7183167802674
42380,42386,2022,LEG45294,2022/10/07,"09:00:00",COLISIÓN POR CORTE DE CIRCULACIÓN,ASFALTO,Bueno,Bueno,2,MERCEDES BENZ,BLANCO,2,,20,MASCULINO,SIN DATOS,0,0,Morelia,Primo Tapia Oriente,octubre,viernes,9,-101.157504692674,19.7141187107409
42381,42387,2022,,2022/10/07,"09:34:00",COLISIÓN POR CORTE DE CIRCULACIÓN,ASFALTO,Nublado,Bueno,2,DODGE,BLANCO/AZUL,2,,33,MASCULINO,SIN DATOS,0,0,Morelia,Sentimientos de La Nacion,octubre,viernes,10,-101.233328729868,19.6781321814911
42382,42388,2022,,2022/10/07,"09:50:00",COLISIÓN POR CORTE DE CIRCULACIÓN,ASFALTO,Bueno,Bueno,2,VOLKSWAGEN,ROJO,2,,45,MASCULINO,SIN DATOS,0,0,Morelia,Adolfo Lopez Mateos,octubre,viernes,10,-101.22439160943,19.6929931833221
42383,42389,2022,,2022/10/07,10:30:00,COLISIÓN POR MANIOBRA DE REVERSA,ASFALTO,Bueno,Bueno,2,AUDI,AZUL,2,,38,FEMENINO,SIN DATOS,0,0,Morelia,Tierra Y Libertad,octubre,viernes,11,-101.224134787917,19.7170476814824
42384,42390,2022,,2022/10/07,11:00:00,COLISIÓN POR ALCANCE,ASFALTO,Nublado,Bueno,2,ITALIKA,AZUL,2,,18,MASCULINO,SIN DATOS,0,0,Morelia,Poblado de Ocolusen,octubre,viernes,11,-101.149535514414,19.6946870403534
42385,42391,2022,,2022/10/07,12:25:00,COLISIÓN POR ALCANCE,ASFALTO,Bueno,Bueno,2,CARABELA,BLANCO/GRIS,2,MINISTERIO PÚBLICO,19,MASCULINO,SIN DATOS,0,0,Morelia,Libertad,octubre,viernes,12,-101.238106414676,19.6873530721051
42386,42392,2022,,2022/10/07,14:30:00,COLISIÓN POR CORTE DE CIRCULACIÓN,ASFALTO,Bueno,Bueno,2,KENWORTH,NARANJA,2,,50,MASCULINO,SIN DATOS,0,0,Morelia,Francisco J Mujica,octubre,viernes,15,-101.184545382857,19.724938276248
42387,42393,2022,,2022/10/07,15:05:00,COLISIÓN POR ALCANCE,ASFALTO,Bueno,Bueno,2,VENTO,GRIS,2,,22,MASCULINO,SIN DATOS,0,0,Morelia,El Realito,octubre,viernes,15,-101.205198056996,19.725834902922
42388,42394,2022,,2022/10/07,17:00:00,COLISIÓN POR ALCANCE,ASFALTO,Bueno,Bueno,2,CHEVROLET,DORADO,2,,30,MASCULINO,SIN DATOS,0,0,Morelia,Ciudad Industrial,octubre,viernes,17,-101.142929904163,19.7252687126404
42389,42395,2022,,2022/10/07,19:15:00,COLISIÓN POR ALCANCE,ASFALTO,Bueno,Bueno,2,TOYOTA,AZUL,2,MINISTERIO PÚBLICO,44,MASCULINO,SIN DATOS,0,0,Morelia,Jardines de Torremolinos,octubre,viernes,19,-101.225762218237,19.6767206997514
42390,42396,2022,,2022/10/08,"05:00:00",SALIDA DE SUPERFICIE DE RODAMIENTO,ASFALTO,Bueno,Bueno,1,CHEVROLET,NEGRO,1,,,MASCULINO,SIN DATOS,0,0,Morelia,La Huerta,octubre,sábado,5,-101.231942363083,19.6575828617803
42391,42397,2022,,2022/10/08,"09:00:00",COLISIÓN CONTRA OBJETO FIJO,ASFALTO,Bueno,Bueno,1,NISSAN,GRIS,1,,65,MASCULINO,SIN DATOS,0,0,Morelia,Enrique Arreguin Robles,octubre,sábado,9,-101.183543913066,19.7193466334282
42392,42398,2022,,2022/10/08,11:20:00,COLISIÓN CONTRA OBJETO FIJO,CONCRETO,Bueno,Bueno,1,FORD,AZUL,1,,,,SIN DATOS,0,0,Morelia,Country Club  Las Huertas,octubre,sábado,11,-101.228276453912,19.6582329612618
42393,42399,2022,,2022/10/08,11:58:00,COLISIÓN POR CORTE DE CIRCULACIÓN,ASFALTO,Bueno,Bueno,2,CHEVROLET,AZUL,2,MINISTERIO PÚBLICO,44,FEMENINO,SIN DATOS,0,0,Morelia,Sin datos,octubre,sábado,12,-101.290676705539,19.5998492789892
42394,42400,2022,,2022/10/08,12:25:00,COLISIÓN POR CORTE DE CIRCULACIÓN,ASFALTO,Bueno,Bueno,2,ITALIKA,AZUL,4,MINISTERIO PÚBLICO,,MASCULINO,SIN DATOS,2,0,Morelia,Lomas del Valle,octubre,sábado,12,-101.230633445084,19.6877902848971
42395,42401,2022,MOR220637836,2022/10/08,14:40:00,COLISIÓN POR ALCANCE,CONCRETO,Bueno,Bueno,3,CHEVROLET,AZUL,3,MINISTERIO PÚBLICO,32,MASCULINO,SIN DATOS,0,0,Morelia,Dr Miguel Silva,octubre,sábado,15,-101.188300475478,19.7211339478804
42396,42402,2022,,2022/10/08,15:50:00,COLISIÓN POR ALCANCE,ASFALTO,Bueno,Bueno,2,TOYOTA,ROJO,2,,70,MASCULINO,SIN DATOS,0,0,Morelia,Jardines del Toreo,octubre,sábado,16,-101.214289404452,19.6879301296032
42397,42403,2022,,2022/10/08,17:10:00,COLISIÓN POR CAMBIO DE CARRIL,ASFALTO,Bueno,Bueno,4,CHRYSLER,GRIS,4,,42,MASCULINO,SIN DATOS,0,0,Morelia,Josefa Ortiz de Dominguez,octubre,sábado,17,-101.209892593324,19.6722102519186
42398,42404,2022,,2022/10/08,18:25:00,COLISIÓN POR ALCANCE,ASFALTO,Bueno,Bueno,2,ISUZU,BLANCO,2,,25,MASCULINO,SIN DATOS,0,0,Morelia,Ignacio Zaragoza,octubre,sábado,18,-101.202893704176,19.7252182161968
42399,42405,2022,,2022/10/08,20:15:00,COLISIÓN POR ALCANCE,ASFALTO,Bueno,Bueno,2,NISSAN,BLANCO,2,,,,SIN DATOS,0,0,Morelia,Los Manantiales de Morelia,octubre,sábado,20,-101.243019886315,19.7001681201636
42400,42406,2022,MOR220638565,2022/10/08,20:50:00,COLISIÓN POR MANIOBRA DE REVERSA,CONCRETO,Bueno,Bueno,3,CHEVROLET,ROJO,3,,18,FEMENINO,SIN DATOS,0,0,Morelia,Independencia,octubre,sábado,21,-101.178839989007,19.7107301276494
42401,42407,2022,,2022/10/08,23:30:00,COLISIÓN POR ALCANCE,ASFALTO,Bueno,Bueno,2,TOYOTA,VINO,2,,32,FEMENINO,SIN DATOS,0,0,Morelia,Camelinas,octubre,sábado,0,-101.174250394106,19.6816821404251
42402,42408,2022,MOR220638837,2022/10/09,"00:00:00",COLISIÓN POR CORTE DE CIRCULACIÓN,ASFALTO,Bueno,Bueno,2,SEAT,GRIS,2,MINISTERIO PÚBLICO,,MASCULINO,SIN DATOS,0,0,Morelia,Isaac Arriaga,octubre,domingo,0,-101.175174415112,19.7060391445995
42403,42409,2022,,2022/10/09,"00:42:00",COLISIÓN POR CORTE DE CIRCULACIÓN,ASFALTO,Bueno,Bueno,1,NISSAN,BLANCO,1,,,MASCULINO,SIN DATOS,0,0,Morelia,Club Campestre La Huerta,octubre,domingo,1,-101.234669163823,19.6666754903155
42404,42410,2022,,2022/10/09,"03:18:00",COLISIÓN POR CAMBIO DE CARRIL,ASFALTO,Bueno,Bueno,2,NISSAN,GRIS,2,,51,MASCULINO,ALIENTO ETÍLICO,0,0,Morelia,Ventura Puente,octubre,domingo,3,-101.18289347738,19.6943003526174
42405,42411,2022,LEG45313,2022/10/09,"04:20:00",COLISIÓN CONTRA OBJETO FIJO,ASFALTO,Bueno,Bueno,1,JEEP,GRIS,1,,26,MASCULINO,SIN DATOS,0,0,Morelia,Nueva Valladolid,octubre,domingo,4,-101.207342147827,19.702168396072
42406,42412,2022,,2022/10/09,11:25:00,SALIDA DE SUPERFICIE DE RODAMIENTO,CONCRETO,Bueno,Bueno,1,CHEVROLET,ROJO,1,,33,MASCULINO,SIN DATOS,0,0,Morelia,Ampliacion La Soledad,octubre,domingo,11,-101.183554405,19.7349146049992
42407,42413,2022,,2022/10/09,12:10:00,COLISIÓN POR CORTE DE CIRCULACIÓN,ASFALTO,Bueno,Bueno,2,NISSAN,GRIS,2,MINISTERIO PÚBLICO,31,MASCULINO,SIN DATOS,0,0,Morelia,Lomas del Valle,octubre,domingo,12,-101.231640279293,19.689693803934
42408,42414,2022,,2022/10/09,12:10:00,COLISIÓN POR CAMBIO DE CARRIL,ASFALTO,Bueno,Regular,2,INTERNATIONAL,BLANCO,2,,50,MASCULINO,SIN DATOS,0,0,Morelia,Lomas de San Juan,octubre,domingo,12,-101.183039681886,19.7298664251429
42409,42415,2022,,2022/10/09,14:40:00,COLISIÓN POR CAMBIO DE CARRIL,ASFALTO,Bueno,Bueno,3,KENWORTH,BLANCO Y ROJO,3,,22,MASCULINO,SIN DATOS,0,0,Morelia,Lomas de San Juan,octubre,domingo,15,-101.183039681886,19.7298664251429
42410,42416,2022,,2022/10/09,17:30:00,VOLCADURA,TERRACERIA,Bueno,Bueno,1,JOHN DEREERE,VERDE,1,MINISTERIO PÚBLICO,72,MASCULINO,SIN DATOS,0,0,Morelia,Sin datos,octubre,domingo,18,-101.189285516739,19.5852882664135
42412,42418,2022,,2022/10/09,18:20:00,COLISIÓN POR CORTE DE CIRCULACIÓN,ASFALTO,Bueno,Bueno,2,ITALIKA,CAFE,2,,36,MASCULINO,SIN DATOS,0,0,Morelia,Lomas de Huerta,octubre,domingo,18,-101.210147067904,19.6723226437057
42413,42419,2022,,2022/10/09,19:50:00,COLISIÓN POR CORTE DE CIRCULACIÓN,ASFALTO,Bueno,Bueno,2,NISSAN,BLANCO Y ROJO,2,,25,MASCULINO,SIN DATOS,0,0,Morelia,Industrial,octubre,domingo,20,-101.189085515637,19.7123104021622
42415,42421,2022,,2022/10/09,22:36:00,COLISIÓN POR CORTE DE CIRCULACIÓN,ASFALTO,Bueno,Bueno,2,BENELLI,GRIS,2,MINISTERIO PÚBLICO,48,MASCULINO,SIN DATOS,0,0,Morelia,Vasco de Quiroga,octubre,domingo,23,-101.170679032803,19.697254938883
42417,42423,2022,,2022/10/10,"01:00:00",COLISIÓN CONTRA OBJETO FIJO,ASFALTO,Bueno,Bueno,2,MAZDA,ROJO,1,MINISTERIO PÚBLICO,,,SIN DATOS,0,0,Lázaro Cárdenas,Centro,octubre,lunes,1,-102.198638329042,17.9562982318325
42418,42424,2022,,2022/10/10,"08:15:00",COLISIÓN POR ALCANCE,ASFALTO,Bueno,Bueno,4,CHEVROLET,AZUL,4,,28,FEMENINO,SIN DATOS,0,0,Morelia,Progreso del Sur(Rafael Davalos),octubre,lunes,8,-101.1943835,19.661376
42419,42425,2022,MOR220641395,2022/10/10,"08:15:00",COLISIÓN POR ALCANCE,ASFALTO,Bueno,Bueno,2,CHEVROLET,BLANCO,2,,22,MASCULINO,SIN DATOS,0,0,Morelia,Ignacio Zaragoza,octubre,lunes,8,-101.204980127513,19.7253813827727
42420,42426,2022,,2022/10/10,"08:25:00",COLISIÓN POR CORTE DE CIRCULACIÓN,ASFALTO,Bueno,Bueno,2,SUBARU,S/D,2,,,,SIN DATOS,0,0,Morelia,Prados Verdes,octubre,lunes,8,-101.196498585,19.7147176999991
42423,42429,2022,,2022/10/10,11:07:00,COLISIÓN POR CORTE DE CIRCULACIÓN,CONCRETO,Bueno,Bueno,2,JEEP,GRIS,2,,31,MASCULINO,SIN DATOS,0,0,Morelia,Adolfo Lopez Mateos,octubre,lunes,11,-101.224121740164,19.6967207743184
42424,42430,2022,,2022/10/10,11:15:00,COLISIÓN POR INVASIÓN DE CARRIL,ASFALTO,Bueno,Regular,2,ITALIKA,NEGRO/ROJO,2,MINISTERIO PÚBLICO,12,MASCULINO,SIN DATOS,1,0,Huandacareo,Sin datos,octubre,lunes,11,-101.256020218134,19.9835091743734
42425,42431,2022,,2022/10/10,11:21:00,COLISIÓN POR CORTE DE CIRCULACIÓN,ASFALTO,Bueno,Bueno,2,DODGE,ROJO,2,,52,MASCULINO,SIN DATOS,0,0,Morelia,5 de Mayo,octubre,lunes,11,-101.176833595,19.7041851299991
42426,42432,2022,MOR220641807,2022/10/10,12:55:00,COLISIÓN POR ALCANCE,CONCRETO,Bueno,Bueno,3,RENAULT,GRIS,3,,49,MASCULINO,SIN DATOS,0,0,Morelia,Gertrudis Sanchez,octubre,lunes,13,-101.205776745,19.7441101549991
42427,42433,2022,,2022/10/10,14:12:00,COLISIÓN POR CORTE DE CIRCULACIÓN,ASFALTO,Bueno,Bueno,2,TOYOTA,BLANCO Y GUINDA,2,,21,MASCULINO,SIN DATOS,0,0,Morelia,Francisco J Mujica,octubre,lunes,14,-101.19093722,19.7242623399991
42428,42434,2022,,2022/10/10,14:52:00,COLISIÓN POR ALCANCE,ASFALTO,Bueno,Bueno,4,JEEP,NEGRO,4,,19,FEMENINO,SIN DATOS,0,0,Morelia,Lomas de Hidalgo,octubre,lunes,15,-101.16123798148,19.6957174988526
42429,42435,2022,MOR220642205,2022/10/10,15:00:00,COLISIÓN POR ALCANCE,ASFALTO,Bueno,Bueno,2,MITSUBISHI,ROJO,2,MINISTERIO PÚBLICO,65,MASCULINO,SIN DATOS,0,0,Morelia,Fuentes de Morelia,octubre,lunes,15,-101.202,19.6702
42431,42437,2022,MOR220642580,2022/10/10,18:35:00,COLISIÓN POR ALCANCE,CONCRETO,Bueno,Bueno,3,S/D,S/D,3,,0,,SIN DATOS,0,0,Morelia,Vista Bella,octubre,lunes,19,-101.195925675947,19.6790442736003
42433,42439,2022,,2022/10/10,20:40:00,COLISIÓN POR INVASIÓN DE CARRIL,ASFALTO,Bueno,Bueno,2,RENAULT,GRIS,2,,75,MASCULINO,SIN DATOS,0,0,Morelia,Alberto Oviedo Mota,octubre,lunes,21,-101.198908182011,19.681555672698
42435,42441,2022,,2022/10/11,11:00:00,SALIDA DE SUPERFICIE DE RODAMIENTO,ASFALTO,Bueno,Bueno,1,FORD,VERDE,1,,,,SIN DATOS,0,0,Charo,Sin datos,octubre,martes,11,-100.954374,19.649917
42436,42442,2022,,2022/10/11,13:30:00,COLISIÓN POR CORTE DE CIRCULACIÓN,ASFALTO,Bueno,Bueno,2,SUZUKI,AZUL,2,,,MASCULINO,SIN DATOS,0,0,Morelia,Cuauhtemoc,octubre,martes,14,-101.17854569,19.6974281599991
42437,42443,2022,,2022/10/11,13:54:00,COLISIÓN POR MANIOBRA DE REVERSA,ASFALTO,Bueno,Bueno,2,FIAT,BLANCO,2,,,MASCULINO,SIN DATOS,0,0,Morelia,Centro,octubre,martes,14,-101.194721195,19.6967728549991
42438,42444,2022,,2022/10/11,17:00:00,COLISIÓN POR CORTE DE CIRCULACIÓN,ASFALTO,Bueno,Bueno,2,CADILLAC,BLANCO,2,,50,MASCULINO,SIN DATOS,0,0,Morelia,Melchor Ocampo,octubre,martes,17,-101.201937888211,19.7065671597378
42439,42445,2022,,2022/10/11,17:00:00,COLISIÓN POR CORTE DE CIRCULACIÓN,ASFALTO,Bueno,Bueno,2,KENWORTH,BLANCO,2,,,MASCULINO,SIN DATOS,0,0,Morelia,Torreon Nuevo,octubre,martes,17,-101.209681806823,19.74825979587