fid,id_accidente,anio_origen,folio_c5i,dia_incidente,hora_ocurrencia,tipo_incidente_vial,superficie_ocurrencia,condiciones_climaticas,condiciones_via,numero_vehiculos_involucrados,marca_vehiculo_ocasiona_siniestro,color_vehiculo_ocasiona_siniestro,numero_personas_involucradas,lugar_remite_presunto_responsable,edad_presunto_responsable,sexo_presunto_responsable,resultados_toxicologia,numero_personas_lesionadas,numero_personas_fallecidas,municipio,colonia,mes,dia_semana,hora_redondeada,lon,lat
42441,42447,2022,,2022/10/11,19:45:00,COLISIÓN POR CORTE DE CIRCULACIÓN,ASFALTO,Bueno,Bueno,2,NISSAN,BLANCO,1,,,MASCULINO,SIN DATOS,0,0,Morelia,Villas Lomas del Paraiso,octubre,martes,20,-101.183243326701,19.6753951296653
42442,42448,2022,,2022/10/11,19:50:00,COLISIÓN POR CORTE DE CIRCULACIÓN,CONCRETO,Bueno,Bueno,2,ITALIKA,NEGRO Y GRIS,2,,20,MASCULINO,SIN DATOS,0,0,Morelia,Ricardo Flores Magon,octubre,martes,20,-101.243502815,19.7067141299991
42444,42450,2022,,2022/10/12,"01:20:00",COLISIÓN POR CAMBIO DE CARRIL,CONCRETO,Bueno,Bueno,2,VOLKSWAGEN,BLANCO,2,,33,MASCULINO,SIN DATOS,0,0,Morelia,Nueva Valladolid,octubre,miércoles,1,-101.214162415,19.7004326249991
42445,42451,2022,,2022/10/12,"06:00:00",COLISIÓN POR ALCANCE,ASFALTO,Bueno,Bueno,2,TOYOTA,BLANCO,2,,,MASCULINO,SIN DATOS,0,0,Morelia,Martires de Uruapan,octubre,miércoles,6,-101.197319408167,19.725017061641
42446,42452,2022,,2022/10/12,"07:48:00",COLISIÓN POR CORTE DE CIRCULACIÓN,ASFALTO,Bueno,Bueno,2,MAZDA,ROJO,2,,40,FEMENINO,SIN DATOS,0,0,Morelia,Vasco de Quiroga,octubre,miércoles,8,-101.172714125,19.7032647549991
42447,42453,2022,MOR220645218,2022/10/12,"08:20:00",COLISIÓN POR ALCANCE,ASFALTO,Bueno,Bueno,2,SEAT,GRIS,1,,23,MASCULINO,SIN DATOS,0,0,Morelia,Santillan La Huerta,octubre,miércoles,8,-101.219553885717,19.6760966650679
42448,42454,2022,MOR220645169,2022/10/12,"08:30:00",COLISIÓN POR CORTE DE CIRCULACIÓN,ASFALTO,Bueno,Bueno,2,CHEVROLET,BLANCO,2,,42,FEMENINO,SIN DATOS,0,0,Morelia,Bosques Tres Marias,octubre,miércoles,9,-101.102,19.7232
42449,42455,2022,,2022/10/12,10:20:00,COLISIÓN POR CAMBIO DE CARRIL,ASFALTO,Bueno,Bueno,2,NISSAN,BLANCO,2,,33,FEMENINO,SIN DATOS,0,0,Morelia,Francisco J Mujica,octubre,miércoles,10,-101.18454605341,19.7249445883153
42450,42456,2022,,2022/10/12,13:11:00,COLISIÓN POR CORTE DE CIRCULACIÓN,ASFALTO,Bueno,Bueno,2,CHEVROLET,BLANCO,2,,27,MASCULINO,SIN DATOS,0,0,Morelia,Americas Britania,octubre,miércoles,13,-101.146081774315,19.6917604454174
42451,42457,2022,MOR220645801,2022/10/12,14:20:00,COLISIÓN POR ALCANCE,ASFALTO,Bueno,Bueno,4,RENAULT,BLANCO,4,MINISTERIO PÚBLICO,38,MASCULINO,SIN DATOS,0,0,Morelia,Cuauhtemoc,octubre,miércoles,14,-101.17854569,19.6974281599991
42452,42458,2022,,2022/10/12,15:26:00,COLISIÓN POR CAMBIO DE CARRIL,ASFALTO,Bueno,Bueno,2,NISSAN,GRIS,2,,21,MASCULINO,SIN DATOS,0,0,Morelia,Dr Miguel Silva,octubre,miércoles,15,-101.187927793444,19.7204887484457
42453,42459,2022,,2022/10/12,18:28:00,COLISIÓN POR CORTE DE CIRCULACIÓN,ASFALTO,Bueno,Bueno,2,FORD,AMARILLO,2,,48,MASCULINO,SIN DATOS,0,0,Morelia,Felix Ireta,octubre,miércoles,18,-101.180528104305,19.687003301012
42454,42460,2022,,2022/10/13,"08:50:00",COLISIÓN POR ALCANCE,ASFALTO,Bueno,Bueno,2,ITALIKA,NEGRO Y ROJO,2,,26,MASCULINO,SIN DATOS,0,0,Charo,Sin datos,octubre,jueves,9,-101.08326,19.678806
42455,42461,2022,,2022/10/13,"09:00:00",COLISIÓN POR CORTE DE CIRCULACIÓN,CONCRETO,Bueno,Regular,3,FORD,NEGRO,3,MINISTERIO PÚBLICO,32,FEMENINO,SIN DATOS,0,0,Morelia,Lomas de Guayangareo,octubre,jueves,9,-101.160329058766,19.7016671457542
42456,42462,2022,,2022/10/13,"09:11:00",COLISIÓN POR CAMBIO DE CARRIL,ASFALTO,Bueno,Bueno,2,FREIGHTLINER,BLANCO,2,,46,MASCULINO,SIN DATOS,0,0,Morelia,Enrique Ramirez,octubre,jueves,9,-101.165978126228,19.7098450946811
42457,42463,2022,,2022/10/13,11:20:00,COLISIÓN POR ALCANCE,ASFALTO,Bueno,Bueno,2,ITALIKA,AZUL,2,,21,MASCULINO,SIN DATOS,0,0,Morelia,Alberto Oviedo Mota,octubre,jueves,11,-101.195738911629,19.681526821502
42459,42465,2022,,2022/10/13,14:00:00,COLISIÓN POR CORTE DE CIRCULACIÓN,CONCRETO,Bueno,Bueno,2,YAMAHA,BLANCO,2,,21,MASCULINO,SIN DATOS,0,0,Morelia,Felix Ireta,octubre,jueves,14,-101.188361663371,19.682235731201
42460,42466,2022,,2022/10/13,14:50:00,COLISIÓN POR ALCANCE,CONCRETO,Bueno,Bueno,2,TOYOTA,GRIS,2,,20,FEMENINO,SIN DATOS,0,0,Morelia,Piedra Lisa,octubre,jueves,15,-101.19656637311,19.6688861344654
42461,42467,2022,,2022/10/13,18:10:00,SALIDA DE SUPERFICIE DE RODAMIENTO,ASFALTO,Bueno,Bueno,1,CHEVROLET,BLANCO,0,,,,,0,0,Los Reyes,Centro,octubre,jueves,18,-102.473788,19.589361
42462,42468,2022,,2022/10/13,20:35:00,COLISIÓN CON PEATÓN,CONCRETO,Bueno,Bueno,2,TOYOTA,ARENA,2,MINISTERIO PÚBLICO,20,MASCULINO,SIN DATOS,0,0,Morelia,Vasco de Quiroga,octubre,jueves,21,-101.173499375582,19.7049580716058
42463,42469,2022,,2022/10/14,"00:00:00",COLISIÓN POR CORTE DE CIRCULACIÓN,ASFALTO,Bueno,Bueno,2,VOLKSWAGEN,ROJO,2,MINISTERIO PÚBLICO,25,MASCULINO,SIN DATOS,0,0,Morelia,El Lago 1,octubre,viernes,0,-101.212184876204,19.7266330573866
42464,42470,2022,,2022/10/14,"00:55:00",COLISIÓN POR CORTE DE CIRCULACIÓN,CONCRETO,Bueno,Bueno,2,RENAULT,ROJO,2,,27,MASCULINO,SIN DATOS,0,0,Morelia,Centro,octubre,viernes,1,-101.190345324576,19.7072344714016
42465,42471,2022,,2022/10/14,"03:07:00",COLISIÓN POR CORTE DE CIRCULACIÓN,ASFALTO,Bueno,Bueno,2,NISSAN,AZUL,2,,,MASCULINO,SIN DATOS,0,0,Morelia,Centro,octubre,viernes,3,-101.191584169865,19.7029909734801
42466,42472,2022,,2022/10/14,"09:40:00",COLISIÓN POR INVASIÓN DE CARRIL,ASFALTO,Bueno,Bueno,2,CHEVROLET,PLATA,2,,23,MASCULINO,SIN DATOS,0,0,Morelia,Defensores De Puebla,octubre,viernes,10,-101.23703520745,19.7149431204315
42467,42473,2022,MOR220649754,2022/10/14,11:35:00,COLISIÓN POR ALCANCE,ASFALTO,Bueno,Bueno,7,MAZDA,ROJO,7,,33,FEMENINO,SIN DATOS,0,0,Morelia,Lomas de Morelia (Dr Ignacio Chavez),octubre,viernes,12,-101.175452644618,19.7162004988672
42469,42475,2022,,2022/10/14,14:00:00,COLISIÓN POR INVASIÓN DE CARRIL,CONCRETO,Bueno,Bueno,2,ITALIKA,AZUL,2,,20,MASCULINO,SIN DATOS,0,0,Morelia,Las Americas,octubre,viernes,14,-101.156845875084,19.6885508113407
42470,42476,2022,,2022/10/14,14:18:00,COLISIÓN POR CORTE DE CIRCULACIÓN,CONCRETO,Bueno,Bueno,2,NISSAN,BLANCO,2,,56,MASCULINO,SIN DATOS,0,0,Morelia,Lomas de Guayangareo,octubre,viernes,14,-101.161344945431,19.7052661386981
42471,42477,2022,LEG45387,2022/10/14,14:30:00,COLISIÓN POR CORTE DE CIRCULACIÓN,ASFALTO,Bueno,Bueno,2,SUZUKI,AZUL,2,,16,MASCULINO,SIN DATOS,0,0,Morelia,Hacienda del Valle,octubre,viernes,15,-101.225557364523,19.6656156205482
42472,42478,2022,MOR220650393,2022/10/14,17:40:00,COLISIÓN POR CORTE DE CIRCULACIÓN,CONCRETO,Bueno,Bueno,2,TOYOTA,BLANCO/ROJO,2,,54,MASCULINO,SIN DATOS,0,0,Morelia,Jardines de Guadalupe,octubre,viernes,18,-101.223554041007,19.7123172774915
42473,42479,2022,LEG45388,2022/10/14,18:00:00,COLISIÓN POR CAMBIO DE CARRIL,ASFALTO,Bueno,Bueno,2,NISSAN,BLANCO,2,,55,MASCULINO,ALIENTO ETÍLICO,0,0,Morelia,Jardines del Rincon,octubre,viernes,18,-101.146793125,19.6892310549991
42475,42481,2022,MOR220650766,2022/10/14,20:05:00,COLISIÓN POR CAMBIO DE CARRIL,ASFALTO,Bueno,Bueno,2,FORD,PLATA,2,,43,MASCULINO,SIN DATOS,0,0,Morelia,Bosques Tres Marias,octubre,viernes,20,-101.104100570083,19.724346834428
42476,42482,2022,,2022/10/14,21:41:00,COLISIÓN POR CORTE DE CIRCULACIÓN,ASFALTO,Bueno,Bueno,2,ITALIKA,ROJO,3,,26,MASCULINO,SIN DATOS,1,0,Morelia,La Huerta,octubre,viernes,22,-101.217082589865,19.6755134641707
42477,42483,2022,,2022/10/15,"03:06:00",COLISIÓN CONTRA OBJETO FIJO,ASFALTO,Bueno,Bueno,1,NISSAN,BLANCO,1,,29,MASCULINO,SIN DATOS,0,0,Morelia,Ignaci0 Ramirez,octubre,sábado,3,-101.223164498806,19.7262385568644
42478,42484,2022,,2022/10/15,"08:20:00",COLISIÓN POR MANIOBRA DE REVERSA,CONCRETO,Bueno,Bueno,2,ITALIKA,NEGRO,2,,35,MASCULINO,SIN DATOS,0,0,Morelia,Lomas del Tecnologico,octubre,sábado,8,-101.193169690669,19.7233081765002
42479,42485,2022,,2022/10/15,"09:25:00",COLISIÓN POR CORTE DE CIRCULACIÓN,ASFALTO,Bueno,Bueno,2,VOLKSWAGEN,BLANCO,2,,47,MASCULINO,SIN DATOS,0,0,Morelia,Felix Ireta,octubre,sábado,9,-101.186882928014,19.681106323174
42480,42486,2022,,2022/10/15,"09:40:00",COLISIÓN POR ALCANCE,ASFALTO,Bueno,Bueno,2,NISSAN,BLANCO,2,,21,MASCULINO,SIN DATOS,0,0,Morelia,Elias Perez Avalos,octubre,sábado,10,-101.164662502706,19.7108153481118
42481,42487,2022,,2022/10/15,11:20:00,COLISIÓN POR CAMBIO DE CARRIL,ASFALTO,Bueno,Bueno,2,KENWORTH,BLANCO/AZUL,2,,,MASCULINO,SIN DATOS,0,0,Morelia,Dr Miguel Silva,octubre,sábado,11,-101.188297793269,19.721135210324
42482,42488,2022,,2022/10/15,13:00:00,COLISIÓN POR ALCANCE,ASFALTO,Bueno,Bueno,3,TOYOTA,BLANCO,3,MINISTERIO PÚBLICO,37,MASCULINO,SIN DATOS,0,0,Morelia,Solar Torremolinos,octubre,sábado,13,-101.228885650635,19.6796061579835
42483,42489,2022,,2022/10/15,13:05:00,COLISIÓN POR CORTE DE CIRCULACIÓN,ASFALTO,Bueno,Bueno,2,TOYOTA,AZUL,2,,,MASCULINO,SIN DATOS,0,0,Morelia,Isaac Arriaga,octubre,sábado,13,-101.175188161433,19.7060347256298
42484,42490,2022,,2022/10/15,14:00:00,COLISIÓN POR CAMBIO DE CARRIL,ASFALTO,Bueno,Regular,2,ITALIKA,AZUL,2,,23,MASCULINO,SIN DATOS,0,0,Morelia,Lic Daniel Espinoza Galindo,octubre,sábado,14,-101.225530877709,19.7062370511855
42485,42491,2022,,2022/10/15,14:10:00,COLISIÓN POR CORTE DE CIRCULACIÓN,ASFALTO,Bueno,Bueno,2,SEAT,ROJO,2,MINISTERIO PÚBLICO,37,MASCULINO,SIN DATOS,0,0,Morelia,Los Angeles,octubre,sábado,14,-101.174573265016,19.7453890126394
42486,42492,2022,,2022/10/15,14:30:00,COLISIÓN POR CORTE DE CIRCULACIÓN,SIN_DATOS,Bueno,Bueno,2,KENWORTH,BLANCO,2,,42,MASCULINO,SIN DATOS,0,0,Morelia,Paseo de La Castellana,octubre,sábado,15,-101.224535107613,19.6664525930553
42487,42493,2022,,2022/10/15,14:40:00,COLISIÓN POR NO RESPETAR SEMÁFORO,ASFALTO,Bueno,Bueno,2,ITALIKA,NEGRO/VERDE,2,,23,MASCULINO,SIN DATOS,0,0,Morelia,Las Americas,octubre,sábado,15,-101.152232475579,19.688533070391
42488,42494,2022,,2022/10/15,16:00:00,COLISIÓN POR ALCANCE,ASFALTO,Bueno,Bueno,3,FIAT,GRIS,3,,50,MASCULINO,SIN DATOS,0,0,Morelia,Morelia 450,octubre,sábado,16,-101.216571293771,19.6754376959439
42489,42495,2022,LEG45410,2022/10/15,17:10:00,COLISIÓN POR CORTE DE CIRCULACIÓN,ASFALTO,Bueno,Bueno,2,RENAULT,VERDE,2,MINISTERIO PÚBLICO,43,MASCULINO,SIN DATOS,0,0,Morelia,Buenavista,octubre,sábado,17,-101.16753469,19.7054600499992
42490,42496,2022,,2022/10/15,17:15:00,COLISIÓN POR INVASIÓN DE CARRIL,ASFALTO,Bueno,Bueno,2,VOLVO,AZUL,2,,78,MASCULINO,SIN DATOS,0,0,Morelia,Felix Arreguin,octubre,sábado,17,-101.228045448661,19.7192528959188
42491,42497,2022,,2022/10/15,18:50:00,SUBIDA AL CAMELLÓN,CONCRETO,Bueno,Bueno,1,VOLKSWAGEN,PLATA,1,MINISTERIO PÚBLICO,,,SIN DATOS,0,0,Morelia,Barrio Alto,octubre,sábado,19,-101.197090409696,19.7253813827727
42492,42498,2022,,2022/10/15,19:30:00,COLISIÓN POR CORTE DE CIRCULACIÓN,CONCRETO,Bueno,Bueno,2,MAZDA,ROJO,2,MINISTERIO PÚBLICO,31,FEMENINO,SIN DATOS,0,0,Morelia,El Lago 1,octubre,sábado,20,-101.21577501297,19.7329130589209
42493,42499,2022,,2022/10/15,20:30:00,COLISIÓN POR CORTE DE CIRCULACIÓN,ASFALTO,Bueno,Bueno,3,NISSAN,BLANCO/ROJO,3,,49,MASCULINO,SIN DATOS,0,0,Morelia,Tenencia Morelos,octubre,sábado,21,-101.247047558427,19.6496141140963
42494,42500,2022,,2022/10/15,22:20:00,COLISIÓN POR ALCANCE,ASFALTO,Bueno,Bueno,3,VOLKSWAGEN,ROJO,3,MINISTERIO PÚBLICO,18,MASCULINO,SIN DATOS,0,0,Morelia,Sin datos,octubre,sábado,22,-101.320647038519,19.6866639465588
42495,42501,2022,LEG45389,2022/10/15,22:40:00,COLISIÓN POR CORTE DE CIRCULACIÓN,ASFALTO,Bueno,Bueno,2,FORD,BLANCO,2,MINISTERIO PÚBLICO,29,MASCULINO,SIN DATOS,0,0,Morelia,Gertrudis Sanchez,octubre,sábado,23,-101.21111433953,19.7418442544887
42496,42502,2022,,2022/10/15,22:40:00,COLISIÓN POR ALCANCE,ASFALTO,Bueno,Bueno,2,PEUGEOT,AZUL,2,,24,MASCULINO,SIN DATOS,0,0,Morelia,Ventura Puente,octubre,sábado,23,-101.191262304783,19.6912068171021
42498,42504,2022,,2022/10/16,"05:00:00",COLISIÓN CONTRA OBJETO FIJO,ASFALTO,Bueno,Regular,1,FORD,NEGRO,1,MINISTERIO PÚBLICO,,,SIN DATOS,0,0,Morelia,Jardines del Rincon,octubre,domingo,5,-101.150374040008,19.6906603915048
42499,42505,2022,MOR220653984,2022/10/16,"09:40:00",CAIDA DE MOTOCICLETA,CONCRETO,Bueno,Bueno,1,SUZUKI,BLANCO Y AZUL,1,MINISTERIO PÚBLICO,,,,0,1,Morelia,Lazaro Cardenas,octubre,domingo,10,-101.162058507071,19.7101112773308
42500,42506,2022,MOR220654229,2022/10/16,11:40:00,COLISIÓN POR NO RESPETAR SEMÁFORO,ASFALTO,Bueno,Bueno,2,CHEVROLET,AZUL,6,MINISTERIO PÚBLICO,30,MASCULINO,SIN DATOS,4,0,Morelia,Centro,octubre,domingo,12,-101.18754847,19.7028479949991
42501,42507,2022,LEG45414,2022/10/16,14:40:00,COLISIÓN POR CORTE DE CIRCULACIÓN,ASFALTO,Bueno,Bueno,2,ITALIKA,ROJO,2,,28,MASCULINO,SIN DATOS,0,0,Morelia,Prados Verdes,octubre,domingo,15,-101.196498585,19.7147176999991
42502,42508,2022,MOR220655462,2022/10/16,20:15:00,SUBIDA AL CAMELLÓN,ASFALTO,Bueno,Bueno,1,CHEVROLET,CAFE,1,,56,MASCULINO,ALIENTO ETÍLICO,0,0,Morelia,Villas del Pedregal,octubre,domingo,20,-101.302209,19.685042
42503,42509,2022,,2022/10/16,20:45:00,COLISIÓN POR CAMBIO DE CARRIL,CONCRETO,Bueno,Bueno,2,FORD,ROJO,2,,45,MASCULINO,SIN DATOS,0,0,Morelia,Gertrudis Sanchez,octubre,domingo,21,-101.195866415,19.7437195599991
42504,42510,2022,,2022/10/16,23:00:00,COLISIÓN POR INVASIÓN DE CARRIL,ASFALTO,Bueno,Bueno,2,VOLKSWAGEN,BLANCO,1,MINISTERIO PÚBLICO,30,MASCULINO,SIN DATOS,0,0,Morelia,2 de Octubre,octubre,domingo,23,-101.387383081019,19.6669697394819
42505,42511,2022,,2022/10/17,"00:00:00",COLISIÓN POR CORTE DE CIRCULACIÓN,ASFALTO,Lluvioso,Regular,2,ITALIKA,BLANCO,2,,19,MASCULINO,SIN DATOS,0,0,Morelia,Comision Federal de Electricidad,octubre,lunes,0,-101.181304370054,19.681701101233
42506,42512,2022,,2022/10/17,"00:05:00",COLISIÓN CONTRA OBJETO FIJO,ASFALTO,Bueno,Bueno,1,HYUNDAI,GRIS,1,,31,MASCULINO,SIN DATOS,0,0,Morelia,Gral Gertrudis Sanchez,octubre,lunes,0,-101.210861225724,19.743174252879
42509,42515,2022,,2022/10/17,"08:05:00",COLISIÓN POR CORTE DE CIRCULACIÓN,ASFALTO,Bueno,Bueno,2,HYUNDAI |,BLANCO,2,,36,FEMENINO,SIN DATOS,0,0,Morelia,Nueva Chapultepec,octubre,lunes,8,-101.164523625,19.6877866949992
42510,42516,2022,,2022/10/17,"08:20:00",COLISIÓN CONTRA OBJETO FIJO,CONCRETO,Bueno,Bueno,1,FORD,BLANCO,1,,,,SIN DATOS,0,0,Morelia,Union,octubre,lunes,8,-101.154701715,19.7094089599991
42511,42517,2022,,2022/10/17,"08:20:00",COLISIÓN POR CORTE DE CIRCULACIÓN,ASFALTO,Bueno,Bueno,0,,,0,MINISTERIO PÚBLICO,,,,0,0,Pátzcuaro,San Lazaro,octubre,lunes,8,-101.613019220531,19.5056344304816
42512,42518,2022,,2022/10/17,"08:20:00",COLISIÓN POR CORTE DE CIRCULACIÓN,ASFALTO,Bueno,Bueno,2,VENTO,NEGRO/ ROJO,3,MINISTERIO PÚBLICO,26,MASCULINO,SIN DATOS,1,0,Pátzcuaro,San Lazaro,octubre,lunes,8,-101.613015532494,19.5056372747892
42514,42520,2022,,2022/10/17,"09:00:00",COLISIÓN POR INVASIÓN DE CARRIL,ASFALTO,Bueno,Bueno,2,CHEVROLET,GRIS,2,,19,MASCULINO,SIN DATOS,0,0,Morelia,Lomas de Santiaguito,octubre,lunes,9,-101.179519891941,19.7229539949395
42515,42521,2022,,2022/10/17,10:40:00,COLISIÓN POR CORTE DE CIRCULACIÓN,ASFALTO,Bueno,Bueno,2,MERCEDES BENZ,AMARILLO,2,,,MASCULINO,SIN DATOS,0,0,Morelia,Isaac Arriaga,octubre,lunes,11,-101.173878539064,19.7098514781792
42516,42522,2022,,2022/10/17,14:05:00,SALIDA DE SUPERFICIE DE RODAMIENTO,CONCRETO,Bueno,Bueno,1,MERCEDES BENZ,GRIS,1,,16,MASCULINO,SIN DATOS,0,0,Morelia,Montaña Monarca,octubre,lunes,14,-101.165131339569,19.6698293896465
42517,42523,2022,,2022/10/17,14:15:00,COLISIÓN POR CORTE DE CIRCULACIÓN,CONCRETO,Bueno,Bueno,2,NISSAN,BLANCO Y  CREMA,2,,,,,2,0,Morelia,Gertrudis Sanchez,octubre,lunes,14,-101.2109893,19.7395850649991
42518,42524,2022,,2022/10/17,16:30:00,COLISIÓN POR CORTE DE CIRCULACIÓN,ASFALTO,Lluvioso,Bueno,2,MITSUBISHI,BLANCO,2,,37,MASCULINO,SIN DATOS,0,0,Los Reyes,Centro,octubre,lunes,17,-102.473788,19.589361
42519,42525,2022,,2022/10/17,16:45:00,COLISIÓN POR CORTE DE CIRCULACIÓN,ASFALTO,Lluvioso,Regular,2,NISSAN,GRIS,2,,62,MASCULINO,SIN DATOS,0,0,Morelia,Melchor Ocampo,octubre,lunes,17,-101.201937888211,19.7065671597378
42522,42528,2022,,2022/10/17,19:40:00,COLISIÓN POR CORTE DE CIRCULACIÓN,ASFALTO,Bueno,Bueno,2,NISSAN,GRIS,2,,39,MASCULINO,SIN DATOS,0,0,Morelia,Torreon Nuevo,octubre,lunes,20,-101.20358663,19.7462449699991
42523,42529,2022,,2022/10/18,"00:00:00",COLISIÓN CONTRA OBJETO FIJO,ASFALTO,Bueno,Bueno,3,GENERAL ELECTRIC,AMARILLO /ROJO,3,,,,SIN DATOS,0,0,Morelia,Sentimientos de La Nacion,octubre,martes,0,-101.233269050717,19.6782272058718
42524,42530,2022,,2022/10/18,"09:07:00",COLISIÓN POR ALCANCE,ASFALTO,Bueno,Bueno,2,DODGE,GRIS/ROJO,2,,19,MASCULINO,SIN DATOS,0,0,Morelia,Campestre Los Manantiales,octubre,martes,9,-101.238462477922,19.6882012954007
42525,42531,2022,,2022/10/18,"09:30:00",COLISIÓN CONTRA OBJETO FIJO,ASFALTO,Bueno,Bueno,3,Toyota,Café,3,,68,MASCULINO,SIN DATOS,0,0,Morelia,Erendira,octubre,martes,10,-101.164875738323,19.7019212432463
42526,42532,2022,,2022/10/18,11:00:00,COLISIÓN POR CORTE DE CIRCULACIÓN,ASFALTO,Bueno,Bueno,2,NISSAN,BLANCO,0,MINISTERIO PÚBLICO,,,,0,0,Lázaro Cárdenas,Centro,octubre,martes,11,-102.194553986192,17.9540560992091
42527,42533,2022,MOR220659619,2022/10/18,19:00:00,COLISIÓN POR CORTE DE CIRCULACIÓN,CONCRETO,Bueno,Regular,2,ITALIKA,AZUL/NEGRO,3,,21,MASCULINO,SIN DATOS,1,0,Morelia,Solidaridad,octubre,martes,19,-101.205585971475,19.7315374065513
42528,42534,2022,MOR 220660260,2022/10/19,"01:45:00",VOLCADURA,ASFALTO,Nublado,Regular,1,NISSAN,BLANCO,1,,28,MASCULINO,SIN DATOS,0,0,Morelia,Villas del Pedregal,octubre,miércoles,2,-101.304507181048,19.6876071923208
42529,42535,2022,,2022/10/19,11:00:00,CAIDA DE MOTOCICLETA,ASFALTO,Bueno,Bueno,1,YAMAHA,BLANCO,1,,30,MASCULINO,SIN DATOS,0,0,Morelia,El Realito,octubre,miércoles,11,-101.204242184758,19.7257241267204
42530,42536,2022,,2022/10/19,11:35:00,COLISIÓN POR ALCANCE,ASFALTO,Bueno,Bueno,2,VOLKSWAGEN,AZUL,2,,33,FEMENINO,SIN DATOS,0,0,Morelia,Erendira,octubre,miércoles,12,-101.166042939888,19.7029964262637
42531,42537,2022,,2022/10/19,12:27:00,COLISIÓN POR CORTE DE CIRCULACIÓN,ASFALTO,Bueno,Bueno,2,TRIUMPH,AZUL,2,,42,MASCULINO,SIN DATOS,0,0,Morelia,Molino de Parras,octubre,miércoles,12,-101.206587441266,19.7016882942565
42532,42538,2022,,2022/10/19,14:00:00,COLISIÓN POR NO RESPETAR SEMÁFORO,ASFALTO,Bueno,Bueno,2,ITALIKA,BLANCO,2,,49,MASCULINO,SIN DATOS,0,0,Morelia,Jardines de Guadalupe,octubre,miércoles,14,-101.227268278599,19.7132554747521
42533,42539,2022,,2022/10/19,14:50:00,COLISIÓN POR CAMBIO DE CARRIL,ASFALTO,Nublado,Bueno,2,TOYOTA/RAVA,PLATA,2,,22,FEMENINO,SIN DATOS,0,0,Morelia,Buenavista,octubre,miércoles,15,-101.160607337952,19.705831452895
42534,42540,2022,,2022/10/19,18:35:00,COLISIÓN CONTRA OBJETO FIJO,CONCRETO,Bueno,Bueno,1,ISUZU,BLANCO,1,,,MASCULINO,SIN DATOS,0,0,Morelia,La Quemada,octubre,miércoles,19,-101.241719350219,19.703301569529
42535,42541,2022,,2022/10/19,18:45:00,SALIDA DE SUPERFICIE DE RODAMIENTO,ASFALTO,Bueno,Bueno,1,VOLKSWAGEN,BLANCO,1,,61,MASCULINO,SIN DATOS,0,0,Charo,San Pedro Y San Pablo,octubre,miércoles,19,-101.046815626323,19.7521879874808
42536,42542,2022,,2022/10/19,19:15:00,COLISIÓN POR ALCANCE,ASFALTO,Bueno,Bueno,2,CHEVROLET,PLATA,2,,28,MASCULINO,SIN DATOS,0,0,Morelia,Cinco de Diciembre,octubre,miércoles,19,-101.163621135056,19.685956192911
42537,42543,2022,LEG45458,2022/10/19,19:15:00,COLISIÓN POR NO RESPETAR SEMÁFORO,ASFALTO,Bueno,Bueno,2,NISSAN,GRIS,2,MINISTERIO PÚBLICO,64,MASCULINO,SIN DATOS,0,0,Morelia,Comision Federal de Electricidad,octubre,miércoles,19,-101.180071122944,19.6814564228349
42538,42544,2022,LEG45461,2022/10/19,22:00:00,COLISIÓN POR CORTE DE CIRCULACIÓN,ASFALTO,Bueno,Bueno,2,NISSAN,BLANCO,2,,,MASCULINO,SIN DATOS,0,0,Morelia,Tres Puentes,octubre,miércoles,22,-101.213271506131,19.7033561762923
42539,42545,2022,,2022/10/19,23:50:00,COLISIÓN CONTRA OBJETO FIJO,ASFALTO,Bueno,Bueno,2,NISSAN,NEGRO,2,,47,MASCULINO,SIN DATOS,0,0,Morelia,Ilustres Novohispanos,octubre,miércoles,0,-101.152117475867,19.7102569954415
42540,42546,2022,,2022/10/20,"02:20:00",COLISIÓN CONTRA OBJETO FIJO,CONCRETO,Bueno,Bueno,4,MITSUBISHI,GRIS,0,,,,,0,0,Morelia,Morelos,octubre,jueves,2,-101.206654831767,19.6950222741897
42543,42549,2022,MOR220662894,2022/10/20,11:00:00,COLISIÓN POR CAMBIO DE CARRIL,ASFALTO,Bueno,Bueno,2,JEEP,ROJO,2,MINISTERIO PÚBLICO,48,MASCULINO,SIN DATOS,0,0,Morelia,La Huerta,octubre,jueves,11,-101.216158176792,19.6721810649028
42546,42552,2022,,2022/10/20,22:40:00,SALIDA DE SUPERFICIE DE RODAMIENTO,ASFALTO,Bueno,Bueno,1,NISSAN,GRIS,0,,,,,0,0,Morelia,Valle de Las Flores,octubre,jueves,23,-101.127130016685,19.6875532115386
42547,42553,2022,,2022/10/20,23:30:00,COLISIÓN CONTRA OBJETO FIJO,ASFALTO,Bueno,Bueno,1,NISSAN,NEGRO,1,,0,,SIN DATOS,0,0,Morelia,Colinas del Sur,octubre,jueves,0,-101.199421622198,19.6652855893338
42549,42555,2022,,2022/10/21,"07:25:00",COLISIÓN POR CAMBIO DE CARRIL,ASFALTO,Bueno,Bueno,2,NISSAN,BLANCO,2,MINISTERIO PÚBLICO,23,MASCULINO,SIN DATOS,0,0,Morelia,Los Manantiales de Morelia,octubre,viernes,7,-101.240151263773,19.7009856574446
42550,42556,2022,,2022/10/21,"07:30:00",COLISIÓN POR ALCANCE,ASFALTO,Bueno,Bueno,2,HONDA,BLANCO,2,MINISTERIO PÚBLICO,37,MASCULINO,SIN DATOS,0,0,Morelia,La Camelina,octubre,viernes,8,-101.223488040268,19.668431190053