fid,id_accidente,anio_origen,folio_c5i,dia_incidente,hora_ocurrencia,tipo_incidente_vial,superficie_ocurrencia,condiciones_climaticas,condiciones_via,numero_vehiculos_involucrados,marca_vehiculo_ocasiona_siniestro,color_vehiculo_ocasiona_siniestro,numero_personas_involucradas,lugar_remite_presunto_responsable,edad_presunto_responsable,sexo_presunto_responsable,resultados_toxicologia,numero_personas_lesionadas,numero_personas_fallecidas,municipio,colonia,mes,dia_semana,hora_redondeada,lon,lat
42551,42557,2022,,2022/10/21,"08:00:00",COLISIÓN CONTRA OBJETO FIJO,ASFALTO,Bueno,Bueno,1,CHEVROLET,GRIS,1,,43,FEMENINO,SIN DATOS,0,0,Morelia,Vicente Lombardo Toledano (Ejidal Isacc Arriaga) (Etnias de Mexico),octubre,viernes,8,-101.143147498369,19.7138128700772
42552,42558,2022,,2022/10/21,"09:55:00",COLISIÓN POR CAMBIO DE CARRIL,ASFALTO,Bueno,Bueno,2,FONTON,BLANCO,2,,,MASCULINO,SIN DATOS,0,0,Morelia,Valle de Altozano,octubre,viernes,10,-101.164806671441,19.6654514458735
42555,42561,2022,,2022/10/21,16:15:00,VOLCADURA,CONCRETO,Lluvioso,Bueno,1,TOYOTA,BLANCO,1,,48,MASCULINO,SIN DATOS,0,0,Morelia,Puerta Tres Marias Norte,octubre,viernes,16,-101.142237558961,19.6922040153347
42556,42562,2022,,2022/10/21,17:00:00,COLISIÓN POR CORTE DE CIRCULACIÓN,ASFALTO,Bueno,Bueno,2,NISSAN,BLANCO,2,,40,MASCULINO,SIN DATOS,0,0,Morelia,Morelia 450,octubre,viernes,17,-101.21738769114,19.6756665790197
42557,42563,2022,,2022/10/21,18:47:00,SALIDA DE SUPERFICIE DE RODAMIENTO,ASFALTO,Bueno,Bueno,1,NISSAN,GUINDA,5,MINISTERIO PÚBLICO,66,MASCULINO,SIN DATOS,4,0,Pátzcuaro,Juventino Rosas,octubre,viernes,19,-101.613375283778,19.5075849816836
42558,42564,2022,,2022/10/21,19:00:00,COLISIÓN POR INVASIÓN DE CARRIL,ASFALTO,Bueno,Bueno,2,FORD,BLANCO,8,MINISTERIO PÚBLICO,19,MASCULINO,SIN DATOS,6,0,Hidalgo,Sin datos,octubre,viernes,19,-100.635057650506,19.7120867057661
42559,42565,2022,,2022/10/21,21:55:00,COLISIÓN POR CORTE DE CIRCULACIÓN,ASFALTO,Bueno,Bueno,2,SEAT,GRIS,2,,37,MASCULINO,SIN DATOS,0,0,Morelia,Villas del Pedregal,octubre,viernes,22,-101.304505169392,19.6876078236749
42560,42566,2022,,2022/10/22,"00:00:00",COLISIÓN CONTRA OBJETO FIJO,ASFALTO,Bueno,Bueno,1,TOYOTA,CAFE,2,MINISTERIO PÚBLICO,,MASCULINO,SIN DATOS,1,0,Charo,Sin datos,octubre,sábado,0,-101.010709069669,19.7002839645033
42561,42567,2022,,2022/10/22,"00:30:00",COLISIÓN POR INVASIÓN DE CARRIL,ASFALTO,Bueno,Bueno,2,NISSAN,BLANCO,2,MINISTERIO PÚBLICO,41,MASCULINO,SIN DATOS,0,0,Irimbo,Sin datos,octubre,sábado,1,-100.463744290173,19.7144703163125
42562,42568,2022,,2022/10/22,"02:35:00",COLISIÓN POR ALCANCE,ASFALTO,Bueno,Bueno,2,FIAT,ROJO,2,,28,MASCULINO,SIN DATOS,0,0,Morelia,Villa Universidad,octubre,sábado,3,-101.212095357478,19.6921569807998
42563,42569,2022,,2022/10/22,"05:00:00",COLISIÓN POR CORTE DE CIRCULACIÓN,ASFALTO,Bueno,Bueno,1,NISSAN,PLATA,0,MINISTERIO PÚBLICO,,,,0,0,Lázaro Cárdenas,Lomas del Rio (Unidad 512 5To Sector),octubre,sábado,5,-102.223903052509,17.9718637486879
42564,42570,2022,,2022/10/22,"08:00:00",COLISIÓN CONTRA OBJETO FIJO,ASFALTO,Bueno,Bueno,1,HONDA,PLATA,1,,35,FEMENINO,SIN DATOS,0,0,Morelia,Avicola Benito Juarez,octubre,sábado,8,-101.279540508986,19.6913583386013
42565,42571,2022,MOR 220666947,2022/10/22,"09:00:00",COLISIÓN POR ALCANCE,ASFALTO,Bueno,Bueno,2,CHEVROLET,BLANCO,2,,24,MASCULINO,SIN DATOS,0,0,Morelia,Indeco El Vivero,octubre,sábado,9,-101.231897100806,19.6775989705485
42566,42572,2022,MOR220667225,2022/10/22,12:49:00,COLISIÓN POR ALCANCE,ASFALTO,Bueno,Bueno,2,NISSAN,NEGRO,2,,30,MASCULINO,SIN DATOS,0,0,Morelia,Comision Federal de Electricidad,octubre,sábado,13,-101.181340813637,19.6815116684283
42567,42573,2022,MOR220667613,2022/10/22,15:20:00,COLISIÓN POR CAMBIO DE CARRIL,ASFALTO,Bueno,Bueno,2,VENTO,NEGRO/AMARILLO,2,,25,MASCULINO,SIN DATOS,0,0,Morelia,Isaac Arriaga,octubre,sábado,15,-101.171423010528,19.7077009841653
42568,42574,2022,MOR220667671,2022/10/22,15:30:00,COLISIÓN POR CAMBIO DE CARRIL,ASFALTO,Bueno,Bueno,3,FREIGTHLINER,BLANCO,2,MINISTERIO PÚBLICO,,MASCULINO,SIN DATOS,0,0,Morelia,Irrigacion,octubre,sábado,16,-101.225044392049,19.7045912942326
42569,42575,2022,LEG45495,2022/10/22,17:40:00,COLISIÓN POR CORTE DE CIRCULACIÓN,ASFALTO,Bueno,Bueno,2,MAZDA,GUINDA,2,,80,MASCULINO,SIN DATOS,0,0,Morelia,Eva Samano,octubre,sábado,18,-101.199215725064,19.7307866153675
42570,42576,2022,,2022/10/22,21:07:00,COLISIÓN POR CORTE DE CIRCULACIÓN,ASFALTO,Bueno,Bueno,2,VELOCI,ROJO/GRIS,2,,42,MASCULINO,SIN DATOS,0,0,Morelia,Ferrocarrilero,octubre,sábado,21,-101.219875104725,19.6950566813894
42571,42577,2022,LEG45488,2022/10/23,"00:00:00",COLISIÓN POR CAMBIO DE CARRIL,ASFALTO,Bueno,Bueno,2,ITALIKA,ROJO/NEGRO,4,MINISTERIO PÚBLICO,56,MASCULINO,SIN DATOS,2,0,Morelia,Residencial Alborada,octubre,domingo,0,-101.234585680068,19.702351471993
42573,42579,2022,,2022/10/23,"00:30:00",COLISIÓN POR ALCANCE,ASFALTO,Bueno,Bueno,2,DODGE,BLANCO,7,,43,MASCULINO,SIN DATOS,5,0,Peribán,Sin datos,octubre,domingo,1,-102.447014227509,19.5548903312053
42574,42580,2022,MOR220668586,2022/10/23,"00:35:00",COLISIÓN CONTRA OBJETO FIJO,ASFALTO,Bueno,Bueno,1,DODGE,BLANCO,1,,52,MASCULINO,ALIENTO ETÍLICO,0,0,Morelia,Jesus Romero Flores,octubre,domingo,1,-101.172859165817,19.7260228751291
42575,42581,2022,,2022/10/23,"04:00:00",COLISIÓN CONTRA OBJETO FIJO,ASFALTO,Bueno,Bueno,1,VOLKSWAGEN,GRIS,1,,,,SIN DATOS,0,0,Morelia,Independencia,octubre,domingo,4,-101.176190301776,19.7149080862623
42576,42582,2022,,2022/10/23,"04:25:00",VOLCADURA,ASFALTO,Bueno,Regular,1,FORD,DORADO,1,MINISTERIO PÚBLICO,0,,SIN DATOS,0,0,Morelia,Vista Bella,octubre,domingo,4,-101.197490729392,19.6795679591495
42577,42583,2022,MOR220668881,2022/10/23,"04:45:00",COLISIÓN CONTRA OBJETO FIJO,ASFALTO,Bueno,Bueno,1,MAZDA,ROJO,1,,70,FEMENINO,SIN DATOS,0,0,Morelia,Americas Britania,octubre,domingo,5,-101.149940192699,19.6919151788788
42578,42584,2022,MOR220668829,2022/10/23,"04:45:00",COLISIÓN POR CORTE DE CIRCULACIÓN,ASFALTO,Bueno,Regular,1,SEAT,BLANCO,1,,21,MASCULINO,SIN DATOS,0,0,Morelia,Nueva Jacarndas,octubre,domingo,5,-101.192019358277,19.6822601654193
42579,42585,2022,MOR 220668877,2022/10/23,"05:00:00",COLISIÓN POR NO RESPETAR SEMÁFORO,ASFALTO,Bueno,Bueno,2,NISSAN,NARANJA,2,,28,FEMENINO,SIN DATOS,0,0,Morelia,Centro,octubre,domingo,5,-101.17836356163,19.6993540508984
42580,42586,2022,LEG45492,2022/10/23,"05:55:00",COLISIÓN CONTRA OBJETO FIJO,CONCRETO,Bueno,Bueno,1,CHRYSLER,ROJO,1,,24,MASCULINO,SIN DATOS,0,0,Morelia,La Quemada,octubre,domingo,6,-101.241301931441,19.700854031068
42581,42587,2022,,2022/10/23,"08:00:00",COLISIÓN POR CAMBIO DE CARRIL,ASFALTO,Bueno,Bueno,2,TOYOTA,NEGRO,2,,0,MASCULINO,SIN DATOS,0,0,Morelia,Rinconada del Valle,octubre,domingo,8,-101.222,19.6779
42582,42588,2022,,2022/10/23,11:40:00,COLISIÓN POR CORTE DE CIRCULACIÓN,ASFALTO,Bueno,Bueno,2,HERO,BLANCO,2,,23,MASCULINO,SIN DATOS,0,0,Morelia,Centro,octubre,domingo,12,-101.19118388321,19.702768457823
42583,42589,2022,,2022/10/23,12:00:00,COLISIÓN POR CAMBIO DE CARRIL,ASFALTO,Bueno,Bueno,2,CHEVROLET,NEGRO,2,,0,MASCULINO,SIN DATOS,0,0,Morelia,Praderas del Indio,octubre,domingo,12,-101.223494028547,19.6450845894654
42587,42593,2022,,2022/10/23,20:25:00,COLISIÓN POR ALCANCE,CONCRETO,Bueno,Bueno,3,NISSAN/SENTRA,GRIS,3,,30,MASCULINO,SIN DATOS,0,0,Morelia,Chapultepec Sur,octubre,domingo,20,-101.171449125214,19.6920309500482
42591,42597,2022,MOR220670993,2022/10/24,"09:10:00",COLISIÓN POR CORTE DE CIRCULACIÓN,CONCRETO,Bueno,Bueno,2,ITALIKA,BLANCO,2,,20,MASCULINO,SIN DATOS,0,0,Morelia,Emiliano Zapata,octubre,lunes,9,-101.216338276863,19.716441561977
42592,42598,2022,LEG45514,2022/10/24,12:30:00,COLISIÓN POR CAMBIO DE CARRIL,ASFALTO,Bueno,Bueno,2,VOLKSWAGEN,BLANCO,2,,51,FEMENINO,SIN DATOS,0,0,Morelia,Centro,octubre,lunes,13,-101.19145642966,19.7029376291794
42593,42599,2022,MOR 220671523,2022/10/24,15:30:00,COLISIÓN CONTRA OBJETO FIJO,ASFALTO,Bueno,Regular,2,VOLVO,BLANCO,1,,33,MASCULINO,SIN DATOS,0,0,Morelia,Jardines de Guadalupe,octubre,lunes,16,-101.227263584733,19.7132630497866
42594,42600,2022,MOR 220671900,2022/10/24,15:30:00,COLISIÓN POR CORTE DE CIRCULACIÓN,ASFALTO,Bueno,Bueno,2,TOYOTA,BLANCO Y GRIS,2,,45,MASCULINO,SIN DATOS,0,0,Morelia,Sentimientos de La Nacion,octubre,lunes,16,-101.233229488134,19.678212052486
42595,42601,2022,,2022/10/24,19:00:00,COLISIÓN POR CORTE DE CIRCULACIÓN,ASFALTO,Bueno,Bueno,2,CHEVROLET,NEGRO,2,,38,MASCULINO,SIN DATOS,0,0,Morelia,Valle Verde,octubre,lunes,19,-101.191652566195,19.7303337404589
42596,42602,2022,,2022/10/25,"09:00:00",COLISIÓN POR CORTE DE CIRCULACIÓN,CONCRETO,Bueno,Bueno,2,VOLKSWAGEN,BLANCO,2,,,MASCULINO,SIN DATOS,0,0,Morelia,Chapultepec Oriente,octubre,martes,9,-101.15913378,19.6947918299991
42597,42603,2022,,2022/10/25,11:30:00,COLISIÓN POR CAMBIO DE CARRIL,ASFALTO,Bueno,Bueno,2,FORD,NEGRO,2,,33,MASCULINO,SIN DATOS,0,0,Morelia,Insurgentes,octubre,martes,12,-101.155416805,19.6953315299991
42599,42605,2022,,2022/10/25,13:00:00,COLISIÓN POR CAMBIO DE CARRIL,ASFALTO,Bueno,Bueno,2,HIACE,BLANCO Y GRIS,2,,30,MASCULINO,SIN DATOS,0,0,Morelia,Felix Ireta,octubre,martes,13,-101.19509802191,19.6821447479733
42600,42606,2022,,2022/10/25,13:43:00,COLISIÓN POR ALCANCE,ASFALTO,Bueno,Bueno,2,NISSAN,BLANCO Y  ROSA,2,,,MASCULINO,SIN DATOS,0,0,Morelia,Lomas de San Juan,octubre,martes,14,-101.183039681886,19.7298664251429
42601,42607,2022,,2022/10/25,21:00:00,COLISIÓN POR INVASIÓN DE CARRIL,ASFALTO,Bueno,Bueno,2,ITALIKA,ROJO,0,MINISTERIO PÚBLICO,,,,0,0,Morelia,Santa Maria de Guido,octubre,martes,21,-101.19173425636,19.6770188028595
42603,42609,2022,MOR220675112,2022/10/26,"09:05:00",COLISIÓN POR CORTE DE CIRCULACIÓN,ASFALTO,Bueno,Bueno,2,NISSAN,BLANCO Y CAFE,2,,26,MASCULINO,SIN DATOS,0,0,Morelia,Tres Puentes,octubre,miércoles,9,-101.213590689003,19.7035086332266
42604,42610,2022,LEG45531,2022/10/26,10:25:00,COLISIÓN POR ALCANCE,ASFALTO,Bueno,Bueno,2,HYUNDAI,NEGRO,2,,27,MASCULINO,SIN DATOS,0,0,Morelia,Cosmos,octubre,miércoles,10,-101.216445565224,19.6834370443782
42605,42611,2022,,2022/10/26,10:30:00,COLISIÓN POR CORTE DE CIRCULACIÓN,ASFALTO,Bueno,Bueno,2,ITALIKA,NEGRO,2,,18,FEMENINO,SIN DATOS,0,0,Morelia,Isaac Arriaga,octubre,miércoles,11,-101.171377077699,19.7077180285842
42606,42612,2022,MOR220675263,2022/10/26,10:50:00,COLISIÓN POR MANIOBRA DE REVERSA,ASFALTO,Bueno,Bueno,1,ITALIKA,NARANJA Y NEGRO,2,,23,MASCULINO,SIN DATOS,0,0,Morelia,Ferrocarrilero,octubre,miércoles,11,-101.218469962478,19.696567749915
42607,42613,2022,LEG45527,2022/10/26,11:10:00,COLISIÓN POR CORTE DE CIRCULACIÓN,CONCRETO,Bueno,Bueno,2,NISSAN,BLANCO Y ROJO,2,,64,MASCULINO,SIN DATOS,0,0,Morelia,Jardines de Guadalupe,octubre,miércoles,11,-101.22551176697,19.71078788819
42608,42614,2022,MOR220675525,2022/10/26,12:40:00,COLISIÓN POR CORTE DE CIRCULACIÓN,ASFALTO,Bueno,Bueno,2,NISSAN,BLANCO,2,,38,MASCULINO,SIN DATOS,0,0,Morelia,Felix Ireta,octubre,miércoles,13,-101.180778555572,19.6857487908256
42609,42615,2022,,2022/10/26,13:45:00,COLISIÓN POR CORTE DE CIRCULACIÓN,ASFALTO,Bueno,Bueno,2,ITALIKA,AMARILLO/AZUL,4,MINISTERIO PÚBLICO,42,MASCULINO,SIN DATOS,2,0,Huandacareo,Salvador Urrutia,octubre,miércoles,14,-101.274964995682,19.99336927641
42610,42616,2022,LEG45537,2022/10/26,14:30:00,COLISIÓN POR CORTE DE CIRCULACIÓN,ASFALTO,Bueno,Bueno,2,CHRYSLER,BLANCO,2,MINISTERIO PÚBLICO,31,MASCULINO,SIN DATOS,0,0,Morelia,Comision Federal de Electricidad,octubre,miércoles,15,-101.181341819465,19.6815113527393
42611,42617,2022,MOR220675871,2022/10/26,14:40:00,COLISIÓN POR ALCANCE,ASFALTO,Bueno,Bueno,2,HONDA,BLANCO,2,,27,MASCULINO,SIN DATOS,0,0,Morelia,Nueva Jacarndas,octubre,miércoles,15,-101.188634410501,19.681658148081
42612,42618,2022,,2022/10/26,14:50:00,COLISIÓN POR INVASIÓN DE CARRIL,ASFALTO,Bueno,Bueno,2,NISSAN,VINO,2,,69,MASCULINO,SIN DATOS,0,0,Morelia,Isaac Arriaga,octubre,miércoles,15,-101.173117160797,19.7089149210154
42613,42619,2022,MOR220675868,2022/10/26,15:25:00,COLISIÓN POR ALCANCE,ASFALTO,Bueno,Bueno,2,VOSLKWAGEN,NEGRO,2,,36,MASCULINO,SIN DATOS,0,0,Morelia,Sin datos,octubre,miércoles,15,-101.114577949047,19.7368076782853
42614,42620,2022,MOR220675758,2022/10/26,15:50:00,COLISIÓN POR INVASIÓN DE CARRIL,ASFALTO,Bueno,Bueno,2,KIA,BLANCO,2,,24,MASCULINO,SIN DATOS,0,0,Morelia,Centro,octubre,miércoles,16,-101.188666932285,19.710756640687
42615,42621,2022,MOR 220675856,2022/10/26,16:15:00,COLISIÓN POR ALCANCE,CONCRETO,Bueno,Bueno,3,SEAT,NEGRO,3,,35,MASCULINO,SIN DATOS,0,0,Morelia,Alberto Oviedo Mota,octubre,miércoles,16,-101.1977462098,19.6839184636704
42616,42622,2022,MOR220676457,2022/10/26,21:10:00,COLISIÓN POR ALCANCE,ASFALTO,Bueno,Regular,2,CHEVROLET,BLANCO,2,,25,MASCULINO,SIN DATOS,0,0,Morelia,Francisco J Mujica,octubre,miércoles,21,-101.188076846302,19.7220911928376
42617,42623,2022,,2022/10/27,"00:00:00",COLISIÓN POR CORTE DE CIRCULACIÓN,ASFALTO,Bueno,Bueno,2,VOLKSWAGEN,GRIS,0,,,,,0,0,Lázaro Cárdenas,Solidaridad Nacional,octubre,jueves,0,-102.212385646999,17.9692071468975
42618,42624,2022,,2022/10/27,"08:50:00",COLISIÓN POR CORTE DE CIRCULACIÓN,ASFALTO,Bueno,Bueno,2,NISSAN,BLANCO,2,,0,MASCULINO,SIN DATOS,0,0,Morelia,5 de Mayo,octubre,jueves,9,-101.17646606922,19.7040563602475
42619,42625,2022,,2022/10/27,"09:00:00",COLISIÓN POR CORTE DE CIRCULACIÓN,ASFALTO,Bueno,Bueno,2,NISSAN,ARENA,2,,39,MASCULINO,SIN DATOS,0,0,Morelia,Felix Ireta,octubre,jueves,9,-101.188582604864,19.6860148664875
42620,42626,2022,,2022/10/27,"09:30:00",COLISIÓN CONTRA OBJETO FIJO,ASFALTO,Bueno,Bueno,2,FORD,AZUL,2,,,MASCULINO,SIN DATOS,0,0,Morelia,Elias Perez Avalos,octubre,jueves,10,-101.16517847,19.7114980999992
42621,42627,2022,,2022/10/27,10:25:00,COLISIÓN CON PEATÓN,ASFALTO,Bueno,Bueno,1,CHEVROLET,GRIS,2,MINISTERIO PÚBLICO,66,MASCULINO,SIN DATOS,1,0,Pátzcuaro,Centro,octubre,jueves,10,-101.618879176676,19.5116260115281
42622,42628,2022,,2022/10/27,11:30:00,COLISIÓN POR CORTE DE CIRCULACIÓN,ASFALTO,Bueno,Bueno,2,KIA,NEGRO,2,,31,MASCULINO,SIN DATOS,0,0,Morelia,Villas Lomas del Paraiso,octubre,jueves,12,-101.183243326701,19.6753951296653
42624,42630,2022,,2022/10/27,14:05:00,COLISIÓN POR CAMBIO DE CARRIL,ASFALTO,Bueno,Bueno,2,NISSAN,BLANCO,2,,47,MASCULINO,SIN DATOS,0,0,Morelia,Tzindurio Norte,octubre,jueves,14,-101.24807145,19.7032142299991
42625,42631,2022,MOR220611655,2022/10/27,16:00:00,COLISIÓN POR CORTE DE CIRCULACIÓN,ASFALTO,Bueno,Bueno,2,HONDA,BLANCO,2,,31,MASCULINO,SIN DATOS,0,0,Morelia,Lomas de Hidalgo,octubre,jueves,16,-101.162471473217,19.6958047427799
42626,42632,2022,,2022/10/27,17:09:00,COLISIÓN POR ALCANCE,ASFALTO,Bueno,Bueno,2,NISSAN,VERDE,2,MINISTERIO PÚBLICO,,MASCULINO,SIN DATOS,0,0,Morelia,Gral Gertrudis Sanchez,octubre,jueves,17,-101.2094753,19.7439916449991
42627,42633,2022,,2022/10/27,17:10:00,COLISIÓN POR ALCANCE,ASFALTO,Bueno,Bueno,2,NISSAN,BLANCO,2,,0,MASCULINO,SIN DATOS,0,0,Morelia,Jose Ma Pino Suarez,octubre,jueves,17,-101.164626292884,19.7258314313043
42628,42634,2022,,2022/10/27,17:40:00,COLISIÓN POR CAMBIO DE CARRIL,ASFALTO,Bueno,Bueno,2,NISSAN,NEGRO,2,,63,MASCULINO,SIN DATOS,0,0,Morelia,Ana Maria Gallaga (Riviera Norte),octubre,jueves,18,-101.221211180091,19.6769420042413
42629,42635,2022,,2022/10/27,20:00:00,COLISIÓN POR ALCANCE,ASFALTO,Bueno,Bueno,2,VOLKSWAGEN,PLATA,2,,21,MASCULINO,SIN DATOS,0,0,Morelia,Gertrudis Sanchez,octubre,jueves,20,-101.205776745,19.7441101549991
42630,42636,2022,,2022/10/28,"01:30:00",COLISIÓN CONTRA OBJETO FIJO,ASFALTO,Bueno,Bueno,1,NISSAN,BLANCO,1,,39,MASCULINO,SIN DATOS,0,0,Morelia,Felix Ireta,octubre,viernes,2,-101.1919749,19.6869904499991
42632,42638,2022,,2022/10/28,"02:00:00",SALIDA DE SUPERFICIE DE RODAMIENTO,ASFALTO,Bueno,Bueno,1,MAZDA,GRIS,0,,,,,0,0,Morelia,Poblado de Ocolusen,octubre,viernes,2,-101.155088675,19.6951327349991
42634,42640,2022,MOR220679219,2022/10/28,"09:00:00",COLISIÓN POR CORTE DE CIRCULACIÓN,CONCRETO,Bueno,Bueno,2,NISSAN,BLANCO,2,,50,MASCULINO,SIN DATOS,0,0,Morelia,Sin datos,octubre,viernes,9,-101.26711986959,19.6399833932502
42635,42641,2022,MOR220611671,2022/10/28,"09:30:00",COLISIÓN POR ALCANCE,ASFALTO,Bueno,Bueno,2,FORD,ROJO,2,,45,MASCULINO,SIN DATOS,0,0,Morelia,Loma de Los Piñones,octubre,viernes,10,-101.20506696403,19.6740195606882
42636,42642,2022,LEG45563,2022/10/28,10:15:00,VOLCADURA,ASFALTO,Bueno,Bueno,1,FORD,BLANCO,1,,24,MASCULINO,SIN DATOS,0,0,Morelia,Sin datos,octubre,viernes,10,-101.290675029159,19.5998508582375
42637,42643,2022,MOR220679502,2022/10/28,11:30:00,COLISIÓN CONTRA OBJETO FIJO,CONCRETO,Bueno,Bueno,2,DODGE,AZUL,2,,,,SIN DATOS,0,0,Morelia,Justo Mendoza,octubre,viernes,12,-101.229237690568,19.7134944037902
42638,42644,2022,MOR 220679571,2022/10/28,11:45:00,COLISIÓN POR CORTE DE CIRCULACIÓN,ASFALTO,Bueno,Bueno,2,MITSUBISHI,BLANCO,2,,40,MASCULINO,SIN DATOS,0,0,Morelia,Nueva Chapultepec,octubre,viernes,12,-101.174325495958,19.6880147308559
42639,42645,2022,,2022/10/28,14:50:00,COLISIÓN POR CORTE DE CIRCULACIÓN,ASFALTO,Bueno,Bueno,2,NISSAN,BLANCO/ROJO,2,,62,MASCULINO,SIN DATOS,0,0,Morelia,Matamoros,octubre,viernes,15,-101.165786013007,19.6961769631408
42640,42646,2022,MOR220680136,2022/10/28,15:50:00,COLISIÓN CONTRA OBJETO FIJO,ASFALTO,Bueno,Regular,2,HONDA,BLANCO,3,,18,MASCULINO,SIN DATOS,1,0,Morelia,Ciudad Industrial,octubre,viernes,16,-101.143026128411,19.7251525707962
42641,42647,2022,MOR 220680214,2022/10/28,15:50:00,COLISIÓN POR ALCANCE,ASFALTO,Nublado,Regular,2,FORD,CAFE,2,,45,MASCULINO,SIN DATOS,0,0,Morelia,Felix Ireta,octubre,viernes,16,-101.193338669837,19.6820555997395
42642,42648,2022,LEG45562,2022/10/28,20:25:00,COLISIÓN POR INVASIÓN DE CARRIL,ASFALTO,Bueno,Bueno,2,BMW,VERDE,3,MINISTERIO PÚBLICO,50,MASCULINO,SIN DATOS,1,0,Morelia,Ciudad Industrial,octubre,viernes,20,-101.137886345386,19.730636709181
42643,42649,2022,,2022/10/28,20:42:00,COLISIÓN POR CORTE DE CIRCULACIÓN,ASFALTO,Bueno,Bueno,2,TOYOTA,BLANCO,2,,41,MASCULINO,SIN DATOS,0,0,Morelia,Santa Maria de Guido,octubre,viernes,21,-101.190472394228,19.6767926789913
42644,42650,2022,M,2022/10/29,"02:50:00",COLISIÓN POR CAMBIO DE CARRIL,ASFALTO,Bueno,Bueno,2,HONDA,AZUL,1,MINISTERIO PÚBLICO,32,MASCULINO,SIN DATOS,0,0,Charo,La Goleta,octubre,sábado,3,-101.080892086029,19.7392152193994
42645,42651,2022,,2022/10/29,"07:03:00",COLISIÓN POR MANIOBRA DE REVERSA,ASFALTO,Bueno,Bueno,2,VOLKSWAGEN,AZUL MARINO,2,,29,MASCULINO,SIN DATOS,0,0,Morelia,Villas Lomas del Paraiso,octubre,sábado,7,-101.175527125597,19.6734045684791
42646,42652,2022,,2022/10/29,"08:40:00",COLISIÓN POR MANIOBRA DE REVERSA,CONCRETO,Bueno,Bueno,2,TOYOTA,BLANCO/ROSA,2,,24,MASCULINO,SIN DATOS,0,0,Morelia,Centro,octubre,sábado,9,-101.194251291454,19.7029783476117
42647,42653,2022,,2022/10/29,"09:00:00",COLISIÓN POR CORTE DE CIRCULACIÓN,ASFALTO,Bueno,Bueno,2,NISSAN,ROJO,2,,63,MASCULINO,SIN DATOS,0,0,Morelia,Americas Britania,octubre,sábado,9,-101.145533323288,19.6930446369398
42648,42654,2022,MOR220681134,2022/10/29,10:15:00,COLISIÓN POR CORTE DE CIRCULACIÓN,ASFALTO,Bueno,Bueno,2,VOLKSWAGEN,AZUL,2,MINISTERIO PÚBLICO,33,MASCULINO,SIN DATOS,0,0,Morelia,Centro,octubre,sábado,10,-101.190430484712,19.7046979817136
42649,42655,2022,,2022/10/29,10:30:00,COLISIÓN CON PEATÓN,CONCRETO,Bueno,Bueno,3,MERCEDEZ BENZ,GRIS,3,,44,MASCULINO,SIN DATOS,0,0,Morelia,Felix Ireta,octubre,sábado,11,-101.188169717789,19.6878057530534
42650,42656,2022,,2022/10/29,13:45:00,COLISIÓN POR CORTE DE CIRCULACIÓN,ASFALTO,Bueno,Bueno,2,NISSAN,ROJO,2,,48,MASCULINO,SIN DATOS,0,0,Morelia,Lomas de Morelia (Dr Ignacio Chavez),octubre,sábado,14,-101.17662280798,19.7183448701291
42651,42657,2022,,2022/10/29,14:00:00,COLISIÓN CONTRA OBJETO FIJO,ASFALTO,Bueno,Bueno,1,FORD,NEGRO/GRIS,1,MINISTERIO PÚBLICO,,,,0,1,Santa Ana Maya,Sin datos,octubre,sábado,14,-101.065081469715,20.0440205605094
42652,42658,2022,MOR220681379,2022/10/29,14:20:00,COLISIÓN POR INVASIÓN DE CARRIL,ASFALTO,Bueno,Bueno,2,NISSAN,AZUL,2,,29,MASCULINO,SIN DATOS,0,0,Morelia,Primo Tapia,octubre,sábado,14,-101.212572455406,19.7094363491998
42653,42659,2022,,2022/10/29,15:10:00,COLISIÓN POR CAMBIO DE CARRIL,ASFALTO,Bueno,Bueno,2,NISSAN,ROJO,2,,,MASCULINO,SIN DATOS,0,0,Morelia,Poblado de Ocolusen,octubre,sábado,15,-101.149539537728,19.6946879873426
42654,42660,2022,LEG45589,2022/10/29,15:21:00,COLISIÓN POR CORTE DE CIRCULACIÓN,ASFALTO,Bueno,Bueno,2,VOLKSWAGEN,GRIS,2,,,MASCULINO,SIN DATOS,0,0,Morelia,Elias Perez Avalos,octubre,sábado,15,-101.165064498782,19.7105565302707
42655,42661,2022,,2022/10/29,16:30:00,COLISIÓN CONTRA OBJETO FIJO,ASFALTO,Bueno,Bueno,1,HONDA,BLANCO/NEGRO,1,,,MASCULINO,SIN DATOS,0,0,Morelia,Industrial,octubre,sábado,17,-101.193992123008,19.7102304823211
42656,42662,2022,LEG45584,2022/10/29,17:10:00,COLISIÓN CONTRA OBJETO FIJO,CONCRETO,Bueno,Regular,4,FORD,NEGRO,4,,,MASCULINO,SIN DATOS,0,0,Morelia,Ventura Puente,octubre,sábado,17,-101.18651445955,19.6936267245671
42657,42663,2022,,2022/10/29,18:35:00,COLISIÓN POR CORTE DE CIRCULACIÓN,ASFALTO,Bueno,Bueno,2,MERCURIO,NEGRO,2,,20,MASCULINO,SIN DATOS,0,0,Morelia,Chapultepec Oriente,octubre,sábado,19,-101.159243434668,19.6945857124737
42658,42664,2022,,2022/10/29,19:00:00,COLISIÓN POR ALCANCE,CONCRETO,Bueno,Bueno,2,BMW X3,NEGRO,2,MINISTERIO PÚBLICO,17,MASCULINO,SIN DATOS,0,0,Morelia,Coto del Alce,octubre,sábado,19,-101.163877272326,19.6524273174243