fid,id_accidente,anio_origen,folio_c5i,dia_incidente,hora_ocurrencia,tipo_incidente_vial,superficie_ocurrencia,condiciones_climaticas,condiciones_via,numero_vehiculos_involucrados,marca_vehiculo_ocasiona_siniestro,color_vehiculo_ocasiona_siniestro,numero_personas_involucradas,lugar_remite_presunto_responsable,edad_presunto_responsable,sexo_presunto_responsable,resultados_toxicologia,numero_personas_lesionadas,numero_personas_fallecidas,municipio,colonia,mes,dia_semana,hora_redondeada,lon,lat
42659,42665,2022,,2022/10/29,19:35:00,COLISIÓN POR CORTE DE CIRCULACIÓN,ASFALTO,Bueno,Bueno,2,FORD F150,BLANCO,2,,43,MASCULINO,SIN DATOS,0,0,Morelia,Los Angeles,octubre,sábado,20,-101.173749156296,19.7469504105569
42660,42666,2022,,2022/10/29,20:25:00,COLISIÓN POR CORTE DE CIRCULACIÓN,ASFALTO,Bueno,Bueno,2,ITALIKA,GRIS/NARANJA,2,,31,FEMENINO,SIN DATOS,0,0,Morelia,Ignaci0 Ramirez,octubre,sábado,20,-101.223916187882,19.725131109794
42661,42667,2022,MOR220680100,2022/10/29,23:49:00,COLISIÓN CON PEATÓN,ASFALTO,Bueno,Bueno,2,CHEVROLET,ROJO,2,,37,MASCULINO,SIN DATOS,0,0,Morelia,Guadalupe,octubre,sábado,0,-101.22609347105,19.7089682633229
42662,42668,2022,,2022/10/30,"01:25:00",COLISIÓN POR CAMBIO DE CARRIL,CONCRETO,Bueno,Bueno,2,OLDSMOBILE,PLATA,2,,44,MASCULINO,SIN DATOS,0,0,Morelia,Torreon Nuevo,octubre,domingo,1,-101.204134197642,19.7466154097992
42663,42669,2022,,2022/10/30,"03:10:00",SUBIDA AL CAMELLÓN,CONCRETO,Bueno,Bueno,1,VOLKSWAGEN,GRIS,1,,25,MASCULINO,SIN DATOS,0,0,Morelia,Ampliacion La Soledad,octubre,domingo,3,-101.18284419179,19.7376723649441
42664,42670,2022,,2022/10/30,"03:30:00",SUBIDA AL CAMELLÓN,ASFALTO,Bueno,Bueno,1,MAZDA 3,ROJO,1,,41,MASCULINO,SIN DATOS,0,0,Morelia,Fovissste La Huerta,octubre,domingo,4,-101.212283545,19.6922831999991
42665,42671,2022,,2022/10/30,"05:00:00",COLISIÓN POR ALCANCE,ASFALTO,Bueno,Bueno,2,FORD,CAFE,0,,,,,0,0,Lázaro Cárdenas,Puentes Cuates,octubre,domingo,5,-102.199684381485,17.9698609361584
42666,42672,2022,,2022/10/30,"06:10:00",COLISIÓN POR INVASIÓN DE CARRIL,ASFALTO,Bueno,Bueno,2,OLDSMOBILE BRAVADA,VERDE,2,MINISTERIO PÚBLICO,,MASCULINO,SIN DATOS,1,0,Morelia,Tinijaro,octubre,domingo,6,-101.26316,19.6963297049991
42667,42673,2022,MOR220685778,2022/10/30,"06:30:00",COLISIÓN CONTRA OBJETO FIJO,CONCRETO,Bueno,Bueno,2,MAZDA,ROJO,2,,42,MASCULINO,ALIENTO ETÍLICO,0,0,Morelia,Aquiles Serdan,octubre,domingo,7,-101.169178672135,19.7227416616587
42668,42674,2022,,2022/10/30,"07:20:00",COLISIÓN CONTRA OBJETO FIJO,SIN_DATOS,Bueno,Bueno,1,MAZDA,GRIS,1,,30,MASCULINO,ALIENTO ETÍLICO,0,0,Morelia,Quinceo,octubre,domingo,7,-101.225583814256,19.7338910364515
42669,42675,2022,,2022/10/30,"07:30:00",COLISIÓN CONTRA OBJETO FIJO,CONCRETO,Bueno,Bueno,1,LANDROVER,GRIS,1,,,FEMENINO,SIN DATOS,0,0,Morelia,Nueva Chapultepec,octubre,domingo,8,-101.163787432015,19.6882723224546
42670,42676,2022,MOR220684652,2022/10/30,"09:15:00",COLISIÓN POR CORTE DE CIRCULACIÓN,CONCRETO,Bueno,Bueno,1,CHEVROLET,ROJO,1,,34,MASCULINO,SIN DATOS,0,0,Morelia,Ciudad Industrial,octubre,domingo,9,-101.134357228875,19.7330099442916
42671,42677,2022,MOR220685038,2022/10/30,12:45:00,COLISIÓN CONTRA OBJETO FIJO,ASFALTO,Bueno,Bueno,1,YAMAHA,NEGRO,1,MINISTERIO PÚBLICO,15,MASCULINO,SIN DATOS,0,0,Morelia,Sin datos,octubre,domingo,13,-101.124011948705,19.7173396287502
42672,42678,2022,,2022/10/30,14:01:00,COLISIÓN POR MANIOBRA DE REVERSA,ASFALTO,Bueno,Bueno,3,CHEVROLET,BLANCO Y ROJO,4,MINISTERIO PÚBLICO,58,MASCULINO,CON CERTIFICADO,0,1,Morelia,Nueva Valladolid,octubre,domingo,14,-101.21052660048,19.7004465252202
42673,42679,2022,MOR220685683,2022/10/30,18:32:00,COLISIÓN POR CORTE DE CIRCULACIÓN,ASFALTO,Bueno,Bueno,2,S/D,NEGRO,2,MINISTERIO PÚBLICO,17,MASCULINO,SIN DATOS,0,0,Morelia,Cuauhtemoc,octubre,domingo,19,-101.180887520313,19.6950945608666
42674,42680,2022,MOR220686128,2022/10/30,21:05:00,COLISIÓN POR ALCANCE,ASFALTO,Bueno,Bueno,2,TOYOTA,BLANCO,2,MINISTERIO PÚBLICO,46,MASCULINO,SIN DATOS,0,0,Morelia,Chapultepec Oriente,octubre,domingo,21,-101.159422472119,19.6899725428819
42675,42681,2022,MOR 220686141,2022/10/30,21:15:00,SUBIDA AL CAMELLÓN,ASFALTO,Bueno,Bueno,1,HONDA,NEGRO,1,,25,MASCULINO,SIN DATOS,0,0,Morelia,Barrio Alto,octubre,domingo,21,-101.19683727622,19.724839492361
42676,42682,2022,,2022/10/30,22:30:00,SALIDA DE SUPERFICIE DE RODAMIENTO,ASFALTO,Bueno,Bueno,1,FORD,CAFE,1,,65,MASCULINO,CON CERTIFICADO,0,0,Morelia,Ampliacion La Soledad,octubre,domingo,23,-101.183554405,19.7349146049992
42677,42683,2022,MOR220686516,2022/10/31,"03:13:00",COLISIÓN POR CORTE DE CIRCULACIÓN,ASFALTO,Bueno,Bueno,2,VOLKSWAGEN,PLATA,2,,21,MASCULINO,SIN DATOS,0,0,Morelia,Nueva Valladolid,octubre,lunes,3,-101.211554221809,19.699918754679
42678,42684,2022,LEG45606,2022/10/31,"05:20:00",COLISIÓN CONTRA OBJETO FIJO,CONCRETO,Bueno,Bueno,1,DODGE,BLANCO,1,,24,MASCULINO,SIN DATOS,0,0,Morelia,Barrio Alto,octubre,lunes,5,-101.188310198486,19.7274924339521
42679,42685,2022,,2022/10/31,"07:45:00",COLISIÓN POR CAMBIO DE CARRIL,ASFALTO,Bueno,Bueno,2,MERCEDEZ BENZ,BLANCO,2,,24,MASCULINO,SIN DATOS,0,0,Morelia,El Lago 2,octubre,lunes,8,-101.214496269822,19.7266583053868
42680,42686,2022,,2022/10/31,"08:45:00",COLISIÓN POR CAMBIO DE CARRIL,ASFALTO,Bueno,Bueno,2,CHEVROLET,BLANCO,2,,,MASCULINO,SIN DATOS,0,0,Morelia,Santa Maria de Guido,octubre,lunes,9,-101.193032227457,19.6774862667651
42681,42687,2022,,2022/10/31,"09:00:00",COLISIÓN POR ALCANCE,ASFALTO,Bueno,Bueno,2,NISSAN,ROJO,2,,40,MASCULINO,SIN DATOS,0,0,Morelia,Hermanos Lopez Rayon,octubre,lunes,9,-101.222841627896,19.6764637209729
42682,42688,2022,,2022/10/31,"09:40:00",COLISIÓN POR CORTE DE CIRCULACIÓN,ASFALTO,Bueno,Bueno,2,SEAT,AMARILLO,2,,23,,SIN DATOS,0,0,Morelia,Ventura Puente,octubre,lunes,10,-101.190680265427,19.6929783469998
42683,42689,2022,,2022/10/31,"09:50:00",COLISIÓN POR NO RESPETAR SEMÁFORO,ASFALTO,Bueno,Bueno,4,SUZUKI/SWIFT,ROJO,3,MINISTERIO PÚBLICO,26,MASCULINO,SIN DATOS,0,0,Morelia,Poblado de Ocolusen,octubre,lunes,10,-101.155019290745,19.6950557344023
42684,42690,2022,,2022/10/31,12:35:00,COLISIÓN POR CAMBIO DE CARRIL,ASFALTO,Bueno,Bueno,2,NISSAN,BLANCO CON ROJO,2,,,MASCULINO,SIN DATOS,0,0,Morelia,Del Empleado,octubre,lunes,13,-101.179852858186,19.6899883264998
42685,42691,2022,,2022/10/31,13:30:00,COLISIÓN POR ALCANCE,ASFALTO,Bueno,Bueno,2,Chevrolet,Blanco,2,,,MASCULINO,SIN DATOS,0,0,Morelia,Eduardo Ruiz,octubre,lunes,14,-101.218543723226,19.7172468369196
42686,42692,2022,,2022/10/31,14:00:00,COLISIÓN POR CAMBIO DE CARRIL,ASFALTO,Bueno,Bueno,2,KENWORTH,Rojo Blanco,2,,39,MASCULINO,SIN DATOS,0,0,Morelia,Centenario (Alamos),octubre,lunes,14,-101.16542994976,19.7274706576658
42687,42693,2022,,2022/10/31,15:10:00,COLISIÓN POR MANIOBRA DE REVERSA,ASFALTO,Bueno,Bueno,2,INTERNACIONAL,VERDE,2,,38,,SIN DATOS,0,0,Morelia,Chapultepec Norte,octubre,lunes,15,-101.164488494396,19.695934535971
42688,42694,2022,,2022/10/31,15:40:00,COLISIÓN POR INVASIÓN DE CARRIL,ASFALTO,Bueno,Bueno,2,KENWORTH,BCO/ROJO,12,MINISTERIO PÚBLICO,,MASCULINO,SIN DATOS,10,1,Peribán,Sin datos,octubre,lunes,16,-102.437334805727,19.4852233397489
42689,42695,2022,,2022/10/31,16:00:00,COLISIÓN POR CAMBIO DE CARRIL,ASFALTO,Bueno,Regular,2,CHEVROLET,VERDE,2,,40,MASCULINO,SIN DATOS,0,0,Morelia,Tzindurio de Morelos,octubre,lunes,16,-101.24365054071,19.6999743095548
42690,42696,2022,,2022/10/31,17:00:00,COLISIÓN POR CORTE DE CIRCULACIÓN,SIN_DATOS,Bueno,Bueno,2,Fuga,Blanco,1,,50,FEMENINO,ALIENTO ETÍLICO,0,0,Morelia,Sentimientos de La Nacion,octubre,lunes,17,-101.235284395516,19.6811890338933
42691,42697,2022,,2022/10/31,18:00:00,COLISIÓN POR CAMBIO DE CARRIL,ASFALTO,Bueno,Bueno,2,TOYOTA RAV 4,PLATA,1,,23,MASCULINO,SIN DATOS,0,0,Morelia,Martires de Uruapan,octubre,lunes,18,-101.202614419162,19.7255271910613
42692,42698,2022,,2022/10/31,19:05:00,COLISIÓN POR ALCANCE,ASFALTO,Bueno,Bueno,3,GMC,AZUL,3,,0,MASCULINO,SIN DATOS,0,0,Morelia,Lomas de Huerta,octubre,lunes,19,-101.210146062076,19.6723216965842
42693,42699,2022,,2022/10/31,22:20:00,COLISIÓN CONTRA OBJETO FIJO,ASFALTO,Bueno,Bueno,2,CHRYSLER,ARENA,2,MINISTERIO PÚBLICO,0,MASCULINO,ALIENTO ETÍLICO,0,0,Morelia,La Esperanza,octubre,lunes,22,-101.250636689365,19.6986018459537
42694,42700,2022,MOR220689118,2022/11/01,11:55:00,COLISIÓN POR CORTE DE CIRCULACIÓN,ASFALTO,Bueno,Bueno,2,MITSUBISHI,ROJO,2,,45,FEMENINO,SIN DATOS,0,0,Morelia,La Calera,noviembre,martes,12,-101.240056715906,19.6717748908531
42695,42701,2022,LEG45628,2022/11/01,14:17:00,COLISIÓN POR ALCANCE,ASFALTO,Bueno,Bueno,2,FORD,BLANCO,2,,35,FEMENINO,SIN DATOS,0,0,Morelia,Sentimientos de La Nacion,noviembre,martes,14,-101.235206611454,19.6810015141096
42696,42702,2022,,2022/11/01,15:35:00,COLISIÓN POR CAMBIO DE CARRIL,CONCRETO,Bueno,Bueno,2,ITALIKA,NEGRO/NARANJA,2,,22,MASCULINO,SIN DATOS,0,0,Morelia,Cuauhtemoc,noviembre,martes,16,-101.18711695075,19.6956179280596
42697,42703,2022,,2022/11/01,17:04:00,SALIDA DE SUPERFICIE DE RODAMIENTO,ASFALTO,Bueno,Bueno,1,DODGE,BLANCO/ ROJO,1,,49,MASCULINO,SIN DATOS,0,0,Tarímbaro,Sin datos,noviembre,martes,17,-101.237053647637,19.7774697046149
42698,42704,2022,MOR220690121,2022/11/01,20:45:00,COLISIÓN POR CORTE DE CIRCULACIÓN,ASFALTO,Bueno,Bueno,2,FORD,ROJO,2,,40,MASCULINO,SIN DATOS,0,0,Morelia,El Eden,noviembre,martes,21,-101.24964594841,19.6460309219233
42699,42705,2022,,2022/11/02,"00:00:00",SALIDA DE SUPERFICIE DE RODAMIENTO,ASFALTO,Bueno,Bueno,1,HONDA,BLANCO,1,MINISTERIO PÚBLICO,62,MASCULINO,SIN DATOS,0,0,Morelia,El Lago 1,noviembre,miércoles,0,-101.21221370995,19.7266286389861
42700,42706,2022,´MOR 220690468,2022/11/02,"00:15:00",COLISIÓN CONTRA OBJETO FIJO,ASFALTO,Bueno,Bueno,2,VOLKSWAGEN,PLATA,2,MINISTERIO PÚBLICO,34,FEMENINO,SIN DATOS,0,0,Morelia,Lomas de Santa Maria,noviembre,miércoles,0,-101.185518354177,19.6732318777373
42701,42707,2022,MOR220690468,2022/11/02,"00:15:00",CAIDA DE MOTOCICLETA,CONCRETO,Bueno,Bueno,1,ITALIKA,NEGRO,1,MINISTERIO PÚBLICO,,,,1,0,Morelia,Irrigacion,noviembre,miércoles,0,-101.225018911064,19.7047308086165
42702,42708,2022,,2022/11/02,"08:40:00",COLISIÓN CON PEATÓN,ASFALTO,Bueno,Bueno,2,VOLKSWAGEN,VERDE,2,,19,MASCULINO,SIN DATOS,0,0,Morelia,Lomas de Morelia (Dr Ignacio Chavez),noviembre,miércoles,9,-101.17605753243,19.7179142425415
42703,42709,2022,,2022/11/02,10:10:00,COLISIÓN CONTRA OBJETO FIJO,CONCRETO,Bueno,Bueno,1,FREIGHTLINER,BLANCO,1,,,MASCULINO,SIN DATOS,0,0,Morelia,Granjas de La Huerta,noviembre,miércoles,10,-101.231312043965,19.6628694612816
42704,42710,2022,,2022/11/02,14:00:00,COLISIÓN POR CORTE DE CIRCULACIÓN,ASFALTO,Bueno,Bueno,2,HONDA,BLANCO,2,,27,MASCULINO,SIN DATOS,0,0,Morelia,Alberto Oviedo Mota,noviembre,miércoles,14,-101.195736899972,19.681526190124
42705,42711,2022,,2022/11/02,16:00:00,COLISIÓN POR INVASIÓN DE CARRIL,ASFALTO,Bueno,Bueno,2,VENTO/VRACER,ROJO,3,MINISTERIO PÚBLICO,21,MASCULINO,SIN DATOS,1,0,Morelia,Vista Bella,noviembre,miércoles,16,-101.194894351065,19.6811382078457
42706,42712,2022,,2022/11/02,17:10:00,SALIDA DE SUPERFICIE DE RODAMIENTO,ASFALTO,Bueno,Bueno,1,CHEVROLET,NEGRO,1,,0,MASCULINO,SIN DATOS,0,0,Tarímbaro,Sin datos,noviembre,miércoles,17,-101.179524958134,19.7522100759458
42707,42713,2022,,2022/11/02,17:30:00,COLISIÓN POR ALCANCE,ASFALTO,Bueno,Bueno,2,NISSAN,BLANCO,2,,30,MASCULINO,SIN DATOS,0,0,Morelia,San Pascual,noviembre,miércoles,18,-101.264416538179,19.6961214069468
42708,42714,2022,,2022/11/02,17:30:00,COLISIÓN POR NO RESPETAR SEMÁFORO,CONCRETO,Bueno,Bueno,2,FORD,ROJO,2,,29,MASCULINO,SIN DATOS,0,0,Morelia,Industrial,noviembre,miércoles,18,-101.188646480441,19.7108276577304
42709,42715,2022,,2022/11/02,18:24:00,COLISIÓN CONTRA OBJETO FIJO,ASFALTO,Bueno,Bueno,1,CHEVROLET,ROJO,1,,,MASCULINO,ALIENTO ETÍLICO,0,0,Morelia,Sin datos,noviembre,miércoles,18,-101.29259314388,19.6485822336821
42710,42716,2022,,2022/11/02,18:40:00,COLISIÓN CONTRA OBJETO FIJO,ASFALTO,Bueno,Bueno,1,HONDA,NEGRO,1,,30,MASCULINO,ALIENTO ETÍLICO,0,0,Morelia,San Pascual,noviembre,miércoles,19,-101.267331764102,19.6952798545136
42711,42717,2022,,2022/11/02,19:11:00,COLISIÓN POR ALCANCE,ASFALTO,Bueno,Bueno,2,CHEVROLET,ROJO,2,,30,MASCULINO,SIN DATOS,0,0,Morelia,Loma de Los Piñones,noviembre,miércoles,19,-101.206070445478,19.6734213008446
42712,42718,2022,,2022/11/02,20:00:00,COLISIÓN POR ALCANCE,ASFALTO,Bueno,Bueno,2,FORD,BLANCO,2,,35,MASCULINO,SIN DATOS,0,0,Charo,Sin datos,noviembre,miércoles,20,-101.079730354249,19.6867245568953
42713,42719,2022,,2022/11/02,20:00:00,COLISIÓN POR ALCANCE,ASFALTO,Bueno,Bueno,4,CHEVROLET,PLATA,4,,31,MASCULINO,SIN DATOS,0,0,Morelia,Morelia 450,noviembre,miércoles,20,-101.214809753001,19.6743920907552
42714,42720,2022,,2022/11/03,"01:15:00",COLISIÓN CONTRA OBJETO FIJO,ASFALTO,Bueno,Bueno,2,VOLKSWAGEN,ARENA,2,,29,MASCULINO,SIN DATOS,0,0,Morelia,Loma Real,noviembre,jueves,1,-101.199338100851,19.7314127483183
42715,42721,2022,MOR 220692839,2022/11/03,"07:30:00",COLISIÓN POR ALCANCE,ASFALTO,Bueno,Bueno,4,AUDI,BLANCO,4,MINISTERIO PÚBLICO,50,MASCULINO,SIN DATOS,0,0,Morelia,Eduardo Ruiz,noviembre,jueves,8,-101.224095225334,19.7248546413316
42716,42722,2022,MOR220692847,2022/11/03,"07:40:00",COLISIÓN POR ALCANCE,ASFALTO,Bueno,Bueno,3,NISSAN,GRIS,3,MINISTERIO PÚBLICO,37,,SIN DATOS,0,0,Morelia,Felix Arreguin,noviembre,jueves,8,-101.226492114365,19.7215527629803
42717,42723,2022,,2022/11/03,"07:45:00",SALIDA DE SUPERFICIE DE RODAMIENTO,ASFALTO,Bueno,Bueno,1,DODGE,GRIS,1,,45,FEMENINO,SIN DATOS,0,0,Morelia,Sin datos,noviembre,jueves,8,-101.341848894954,19.7226665470052
42718,42724,2022,,2022/11/03,"08:00:00",COLISIÓN POR CAMBIO DE CARRIL,ASFALTO,Bueno,Bueno,3,VOLKSWAGEN,AZUL,3,,23,MASCULINO,SIN DATOS,0,0,Morelia,Eduardo Ruiz,noviembre,jueves,8,-101.224090531468,19.7248751555604
42719,42725,2022,LEG45656,2022/11/03,"08:25:00",COLISIÓN POR CORTE DE CIRCULACIÓN,ASFALTO,Bueno,Bueno,2,CHEVROLET,PLATA,2,,34,MASCULINO,SIN DATOS,0,0,Morelia,Industrial,noviembre,jueves,8,-101.19762416929,19.7112821660613
42720,42726,2022,MOR220692990,2022/11/03,"08:32:00",COLISIÓN POR ALCANCE,ASFALTO,Bueno,Bueno,2,VOLKSWAGEN,GRIS,2,,33,MASCULINO,SIN DATOS,0,0,Morelia,Felix Arreguin,noviembre,jueves,9,-101.226540058851,19.7214757541068
42721,42727,2022,,2022/11/03,10:20:00,VOLCADURA,ASFALTO,Bueno,Regular,1,FORD,PLATA,1,,39,MASCULINO,SIN DATOS,0,0,Peribán,Sin datos,noviembre,jueves,10,-102.447986193001,19.5559493513159
42722,42728,2022,MOR220693080,2022/11/03,10:35:00,COLISIÓN POR ALCANCE,ASFALTO,Bueno,Bueno,3,DODGE,BLANCO,3,,44,MASCULINO,SIN DATOS,0,0,Morelia,La Quemada,noviembre,jueves,11,-101.241282820702,19.7056913081882
42723,42729,2022,,2022/11/03,13:20:00,COLISIÓN POR CAMBIO DE CARRIL,ASFALTO,Bueno,Bueno,2,NISSAN,NEGRO,2,MINISTERIO PÚBLICO,62,FEMENINO,SIN DATOS,0,0,Morelia,Alberto Oviedo Mota,noviembre,jueves,13,-101.197761297226,19.6811574649215
42724,42730,2022,LEG45665,2022/11/03,14:25:00,COLISIÓN POR ALCANCE,ASFALTO,Bueno,Bueno,3,NISSAN,CAPUCCHINO,3,,39,MASCULINO,SIN DATOS,0,0,Morelia,Cosmos,noviembre,jueves,14,-101.216149516404,19.6836703356126
42725,42731,2022,,2022/11/03,14:30:00,COLISIÓN POR CORTE DE CIRCULACIÓN,ASFALTO,Bueno,Bueno,2,MG,GRIS,2,,42,FEMENINO,SIN DATOS,0,0,Morelia,Elias Perez Avalos,noviembre,jueves,15,-101.165481247008,19.7104350119935
42726,42732,2022,MOR220689310,2022/11/03,14:30:00,COLISIÓN POR ALCANCE,ASFALTO,Bueno,Bueno,2,MERCEDEZ,NEGRO,2,,27,MASCULINO,SIN DATOS,0,0,Morelia,Cosmos,noviembre,jueves,15,-101.216411702335,19.6833436015151
42727,42733,2022,,2022/11/03,15:15:00,COLISIÓN POR CORTE DE CIRCULACIÓN,ASFALTO,Bueno,Bueno,2,MERCEDEZ BENZ,BLANCO/VERDE,2,,29,MASCULINO,SIN DATOS,0,0,Morelia,Morelia 450,noviembre,jueves,15,-101.216552518308,19.6754256993047
42728,42734,2022,,2022/11/03,17:30:00,COLISIÓN POR INVASIÓN DE CARRIL,ASFALTO,Bueno,Regular,0,,,0,MINISTERIO PÚBLICO,,,,0,0,Hidalgo,Corros,noviembre,jueves,18,-100.5553843081,19.7072139549091
42729,42735,2022,,2022/11/03,17:30:00,COLISIÓN POR CAMBIO DE CARRIL,CONCRETO,Bueno,Bueno,2,FREIGHTLINER,BLANCO,2,,62,MASCULINO,SIN DATOS,0,0,Morelia,Residencial Alborada,noviembre,jueves,18,-101.234629265964,19.7024692086384
42730,42736,2022,MOR220694603,2022/11/03,21:00:00,COLISIÓN POR ALCANCE,ASFALTO,Bueno,Bueno,2,TOYOTA,GRIS,2,,19,FEMENINO,SIN DATOS,0,0,Morelia,Comision Federal de Electricidad,noviembre,jueves,21,-101.181343831122,19.6815119841173
42731,42737,2022,,2022/11/04,"00:00:00",COLISIÓN POR INVASIÓN DE CARRIL,ASFALTO,Bueno,Bueno,2,NISSAN,BLANCO,2,,29,MASCULINO,SIN DATOS,0,0,Morelia,Independencia,noviembre,viernes,0,-101.178118810058,19.7133182844018
42732,42738,2022,MOR 220694814,2022/11/04,"00:25:00",COLISIÓN POR CAMBIO DE CARRIL,ASFALTO,Bueno,Regular,2,TOYOTA,BLANCO,2,,21,MASCULINO,SIN DATOS,0,0,Morelia,Sentimientos de La Nacion,noviembre,viernes,0,-101.236873269081,19.6848099536732
42733,42739,2022,,2022/11/04,"07:30:00",COLISIÓN POR CORTE DE CIRCULACIÓN,ASFALTO,Bueno,Bueno,2,ITALIKA,BLANCO,2,,24,FEMENINO,SIN DATOS,0,0,Morelia,Las Americas,noviembre,viernes,8,-101.156864315271,19.688545697399
42734,42740,2022,,2022/11/04,"07:30:00",COLISIÓN POR ALCANCE,ASFALTO,Bueno,Bueno,2,CHRYSLER,GRIS,2,,37,MASCULINO,CON CERTIFICADO,0,0,Morelia,Dr Miguel Silva,noviembre,viernes,8,-101.188295781612,19.7211371039893
42735,42741,2022,,2022/11/04,"08:10:00",COLISIÓN POR CORTE DE CIRCULACIÓN,SIN_DATOS,Bueno,Bueno,0,,,0,,,,,0,0,Morelia,Lomas del Tecnologico,noviembre,viernes,8,-101.193100959063,19.7234385219706
42736,42742,2022,,2022/11/04,"09:55:00",COLISIÓN POR MANIOBRA DE REVERSA,ASFALTO,Bueno,Bueno,2,DODGE,BLANCO/AZUL,2,,27,MASCULINO,SIN DATOS,0,0,Morelia,Santillan La Huerta,noviembre,viernes,10,-101.220148690045,19.6752946833181
42737,42743,2022,,2022/11/04,10:30:00,COLISIÓN CON PEATÓN,ASFALTO,Bueno,Bueno,2,ITALIKA,GRIS/VERDE,2,MINISTERIO PÚBLICO,28,MASCULINO,SIN DATOS,1,0,Pátzcuaro,Centro,noviembre,viernes,11,-101.617684923112,19.5162092204813
42738,42744,2022,,2022/11/04,12:45:00,COLISIÓN CON PEATÓN,CONCRETO,Bueno,Bueno,1,NISSAN,BLANCO/GUINDA,1,MINISTERIO PÚBLICO,,,,1,0,Huandacareo,Sin datos,noviembre,viernes,13,-101.251728013158,19.9884752216171
42739,42745,2022,,2022/11/04,13:30:00,COLISIÓN CON PEATÓN,ASFALTO,Bueno,Bueno,1,TURBO,ROJO,2,MINISTERIO PÚBLICO,21,MASCULINO,SIN DATOS,1,0,Morelia,Emiliano Zapata,noviembre,viernes,14,-101.230533197522,19.6542126583675
42740,42746,2022,,2022/11/04,15:30:00,COLISIÓN POR CORTE DE CIRCULACIÓN,ASFALTO,Bueno,Bueno,2,DODGE,BLANCO Y AZUL,2,,0,MASCULINO,SIN DATOS,0,0,Morelia,Centro,noviembre,viernes,16,-101.195543780923,19.7048109819857
42741,42747,2022,,2022/11/04,15:40:00,COLISIÓN POR CAMBIO DE CARRIL,ASFALTO,Bueno,Bueno,2,KENWORTH,ROJO,2,,31,MASCULINO,SIN DATOS,0,0,Morelia,Prados de La Huerta,noviembre,viernes,16,-101.22345417738,19.6682802782972
42742,42748,2022,,2022/11/04,16:40:00,COLISIÓN POR CORTE DE CIRCULACIÓN,CONCRETO,Bueno,Bueno,2,NISSAN,BLANCO/VERDE,2,,26,MASCULINO,SIN DATOS,0,0,Morelia,Ventura Puente,noviembre,viernes,17,-101.181172505021,19.69388588546
42743,42749,2022,O,2022/11/04,19:00:00,COLISIÓN POR CAMBIO DE CARRIL,ASFALTO,Bueno,Bueno,2,CHEVROLET,ARENA,2,,29,MASCULINO,SIN DATOS,0,0,Morelia,Molino de Parras,noviembre,viernes,19,-101.205893419683,19.7023874558563
42744,42750,2022,LEG45662,2022/11/04,22:25:00,VOLCADURA,ASFALTO,Bueno,Bueno,1,CHEVROLET,PLATA,1,,44,MASCULINO,SIN DATOS,0,0,Morelia,San Jose del Cerrito,noviembre,viernes,22,-101.225982494652,19.6631157271963
42745,42751,2022,MOR220698062,2022/11/05,"00:00:00",COLISIÓN POR CAMBIO DE CARRIL,ASFALTO,Bueno,Bueno,2,CHEVROLET,AZUL,2,,40,MASCULINO,SIN DATOS,0,0,Morelia,Jardines de La Loma,noviembre,sábado,0,-101.224350035191,19.6767967830698
42746,42752,2022,,2022/11/05,"00:00:00",COLISIÓN POR ALCANCE,ASFALTO,Bueno,Bueno,2,DODGE,GRIS,2,,23,MASCULINO,SIN DATOS,0,0,Morelia,El Eden,noviembre,sábado,0,-101.24766279012,19.6487454783633
42747,42753,2022,LEG45680,2022/11/05,"03:15:00",COLISIÓN POR ALCANCE,ASFALTO,Bueno,Bueno,2,CHEVROLET,NEGRO,2,,,MASCULINO,SIN DATOS,0,0,Morelia,Indeco El Vivero,noviembre,sábado,3,-101.229753345251,19.6769969356936
42748,42754,2022,,2022/11/05,"08:00:00",COLISIÓN POR ALCANCE,ASFALTO,Bueno,Bueno,2,INTERNATIONAL,BLANCO/NARANJA,2,,40,MASCULINO,SIN DATOS,0,0,Morelia,Niño Artillero,noviembre,sábado,8,-101.250200159848,19.6986072120946
42749,42755,2022,MOR220697389,2022/11/05,"08:45:00",COLISIÓN POR CORTE DE CIRCULACIÓN,ASFALTO,Bueno,Bueno,2,ISUZU,BLANCO,2,,39,MASCULINO,SIN DATOS,0,0,Morelia,Isaac Arriaga,noviembre,sábado,9,-101.166497468948,19.7105723118584
42750,42756,2022,MOR220697502,2022/11/05,"09:40:00",COLISIÓN POR CORTE DE CIRCULACIÓN,ASFALTO,Bueno,Bueno,2,NISSAN,BLANCO/ROJO,2,,49,MASCULINO,SIN DATOS,0,0,Morelia,Lindavista,noviembre,sábado,10,-101.216201819479,19.7038842511403
42751,42757,2022,,2022/11/05,10:00:00,COLISIÓN CONTRA OBJETO FIJO,ASFALTO,Bueno,Bueno,3,BMW,NARANJA,3,,,,SIN DATOS,0,0,Morelia,Las Americas,noviembre,sábado,10,-101.152696833014,19.6889762777736
42752,42758,2022,MJOR220697703,2022/11/05,10:45:00,COLISIÓN POR INVASIÓN DE CARRIL,ASFALTO,Bueno,Bueno,2,NISSAN,BLANCO,2,,32,MASCULINO,SIN DATOS,0,0,Morelia,Ciudad Industrial,noviembre,sábado,11,-101.137952059507,19.7286188004241