fid,id_accidente,anio_origen,folio_c5i,dia_incidente,hora_ocurrencia,tipo_incidente_vial,superficie_ocurrencia,condiciones_climaticas,condiciones_via,numero_vehiculos_involucrados,marca_vehiculo_ocasiona_siniestro,color_vehiculo_ocasiona_siniestro,numero_personas_involucradas,lugar_remite_presunto_responsable,edad_presunto_responsable,sexo_presunto_responsable,resultados_toxicologia,numero_personas_lesionadas,numero_personas_fallecidas,municipio,colonia,mes,dia_semana,hora_redondeada,lon,lat
42753,42759,2022,MOR220697625,2022/11/05,11:00:00,COLISIÓN CONTRA OBJETO FIJO,CONCRETO,Bueno,Bueno,1,JEEP,ROJO,3,MINISTERIO PÚBLICO,,,SIN DATOS,2,0,Morelia,La Aldea,noviembre,sábado,11,-101.134760566056,19.7425290398612
42754,42760,2022,MOR220667721,2022/11/05,11:05:00,COLISIÓN POR CORTE DE CIRCULACIÓN,CONCRETO,Bueno,Bueno,2,KENWORTH,BLANCO,2,,67,MASCULINO,SIN DATOS,0,0,Morelia,Sentimientos de La Nacion,noviembre,sábado,11,-101.235390678048,19.6809314309018
42755,42761,2022,,2022/11/05,12:30:00,COLISIÓN CONTRA OBJETO FIJO,ADOQUIN_EMPEDRADO,Bueno,Bueno,1,FREIGHTLINER,BLANCO,1,MINISTERIO PÚBLICO,0,MASCULINO,SIN DATOS,0,0,Cuitzeo,La Concepcion,noviembre,sábado,13,-101.146239414811,19.9709129684799
42756,42762,2022,,2022/11/05,14:00:00,COLISIÓN POR CORTE DE CIRCULACIÓN,ASFALTO,Bueno,Bueno,2,YAMAHA,NEGRO,2,,33,MASCULINO,SIN DATOS,0,0,Morelia,Rafael Carrillo,noviembre,sábado,14,-101.236439086497,19.7077994630051
42757,42763,2022,,2022/11/05,14:30:00,COLISIÓN POR ALCANCE,ASFALTO,Bueno,Bueno,2,MAZDA,ROJO,2,,39,FEMENINO,SIN DATOS,0,0,Morelia,Francisco J Mujica,noviembre,sábado,15,-101.18453733623,19.724948691159
42758,42764,2022,,2022/11/05,14:30:00,COLISIÓN POR CAMBIO DE CARRIL,ASFALTO,Bueno,Bueno,2,CHRYSLER,VERDE,2,,34,FEMENINO,SIN DATOS,0,0,Morelia,Francisco J Mujica,noviembre,sábado,15,-101.184542365372,19.7249404854716
42759,42765,2022,MOR 220698200,2022/11/05,15:15:00,COLISIÓN POR INVASIÓN DE CARRIL,ASFALTO,Bueno,Regular,2,VOLKSWAGEN,ROJO,2,MINISTERIO PÚBLICO,25,MASCULINO,SIN DATOS,0,0,Morelia,Valle del Durazno,noviembre,sábado,15,-101.185992099345,19.6562393986991
42760,42766,2022,,2022/11/05,15:36:00,COLISIÓN POR ALCANCE,ASFALTO,Bueno,Bueno,2,TOYOTA,PLATA,2,MINISTERIO PÚBLICO,34,MASCULINO,SIN DATOS,0,0,Morelia,Arcos del Valle,noviembre,sábado,16,-101.236249655485,19.7076217591572
42761,42767,2022,,2022/11/05,16:09:00,COLISIÓN CON PEATÓN,ASFALTO,Bueno,Bueno,2,BMW,AZUL,4,MINISTERIO PÚBLICO,50,MASCULINO,SIN DATOS,2,0,Morelia,Puerto de Buenavista,noviembre,sábado,16,-101.125303767622,19.6878032276403
42762,42768,2022,,2022/11/05,17:05:00,COLISIÓN POR CORTE DE CIRCULACIÓN,ASFALTO,Bueno,Bueno,2,VOLKSWAGEN,GRIS,2,,45,FEMENINO,SIN DATOS,0,0,Morelia,Las Americas,noviembre,sábado,17,-101.152226775885,19.6885409622711
42763,42769,2022,MOR220698615,2022/11/05,17:25:00,SALIDA DE SUPERFICIE DE RODAMIENTO,ASFALTO,Bueno,Bueno,1,CHRYSLER,GRIS,1,,24,MASCULINO,SIN DATOS,0,0,Morelia,Avicola Benito Juarez,noviembre,sábado,17,-101.279535479844,19.6913472901635
42764,42770,2022,,2022/11/05,17:45:00,COLISIÓN CONTRA OBJETO FIJO,CONCRETO,Bueno,Bueno,1,NISSAN,BLANCO,2,,52,MASCULINO,SIN DATOS,1,0,Morelia,Vicente Lombardo Toledano (Ejidal Isacc Arriaga) (Etnias de Mexico),noviembre,sábado,18,-101.14862088114,19.7121195311526
42765,42771,2022,MOR220698540,2022/11/05,18:10:00,CAIDA DE MOTOCICLETA,ASFALTO,Bueno,Bueno,1,IZUKA,ROJA,1,MINISTERIO PÚBLICO,,,,1,0,Morelia,Carlos Salazar,noviembre,sábado,18,-101.209361515939,19.7128489473781
42766,42772,2022,LEG45705,2022/11/05,18:11:00,COLISIÓN POR ALCANCE,CONCRETO,Bueno,Bueno,3,CHEVROLET,BLANCO,3,,52,MASCULINO,SIN DATOS,0,0,Morelia,Agustin Arriaga Rivera,noviembre,sábado,18,-101.225779652596,19.6900855535515
42767,42773,2022,,2022/11/05,18:20:00,COLISIÓN CONTRA OBJETO FIJO,ASFALTO,Bueno,Bueno,1,NISSAN,ARENA,1,,,,SIN DATOS,0,0,Morelia,Diego de Basalenque,noviembre,sábado,18,-101.151659823954,19.7051670270139
42768,42774,2022,MOR220698815,2022/11/05,19:10:00,COLISIÓN POR CAMBIO DE CARRIL,ASFALTO,Bueno,Bueno,3,NISSAN,BLANCO,3,,32,MASCULINO,SIN DATOS,0,0,Morelia,Tzindurio de Morelos,noviembre,sábado,19,-101.243657246232,19.6999784130392
42769,42775,2022,,2022/11/05,20:05:00,COLISIÓN POR MANIOBRA DE REVERSA,ASFALTO,Bueno,Bueno,2,VOLKSWAGEN,NARANJA,2,,34,MASCULINO,SIN DATOS,0,0,Morelia,Felix Arreguin,noviembre,sábado,20,-101.226698644459,19.7209376377875
42770,42776,2022,,2022/11/05,21:00:00,COLISIÓN CON PEATÓN,ASFALTO,Bueno,Bueno,1,ITALIKA,NEGRO,3,MINISTERIO PÚBLICO,,,,3,0,Pátzcuaro,Juventino Rosas,noviembre,sábado,21,-101.613499000669,19.5078493408715
42771,42777,2022,,2022/11/05,21:50:00,COLISIÓN CONTRA OBJETO FIJO,ASFALTO,Bueno,Bueno,1,MERCURY,NEGRO,3,MINISTERIO PÚBLICO,24,MASCULINO,SIN DATOS,2,0,Hidalgo,Corros,noviembre,sábado,22,-100.555386319757,19.7072139549091
42772,42778,2022,,2022/11/05,22:20:00,COLISIÓN POR INVASIÓN DE CARRIL,CONCRETO,Bueno,Bueno,2,TOYOTA,VERDE,2,,,,SIN DATOS,0,0,Morelia,Ciudad Jardin,noviembre,sábado,22,-101.251270361245,19.7049454458927
42773,42779,2022,MOR 220699306,2022/11/06,"00:15:00",COLISIÓN CONTRA OBJETO FIJO,ASFALTO,Bueno,Bueno,1,MITSUBISHI,BLANCO,1,MINISTERIO PÚBLICO,,,SIN DATOS,0,0,Morelia,Sin datos,noviembre,domingo,0,-101.118579134345,19.7221521053626
42774,42780,2022,MOR220699381,2022/11/06,"01:20:00",COLISIÓN POR ALCANCE,ASFALTO,Bueno,Regular,2,NISSAN,BLANCO/ROJO,2,,52,MASCULINO,ALIENTO ETÍLICO,0,0,Morelia,Torreon Nuevo,noviembre,domingo,1,-101.203107945621,19.7454880993799
42775,42781,2022,,2022/11/06,"02:10:00",COLISIÓN POR ALCANCE,ASFALTO,Bueno,Bueno,2,ITALIKA,AMARILLO/NEGRO,2,,25,MASCULINO,SIN DATOS,0,0,Morelia,Villa Universidad,noviembre,domingo,2,-101.20203204453,19.6856768156099
42776,42782,2022,MOR220699528,2022/11/06,"04:00:00",COLISIÓN POR MANIOBRA DE REVERSA,ASFALTO,Bueno,Bueno,2,JEEP,NEGRO,2,,25,MASCULINO,ALIENTO ETÍLICO,0,0,Morelia,La Quemada,noviembre,domingo,4,-101.241287179291,19.7056947802432
42777,42783,2022,,2022/11/06,"05:40:00",VOLCADURA,ASFALTO,Bueno,Bueno,1,PEUGEOT,BLANCO,1,,36,MASCULINO,SIN DATOS,0,0,Morelia,Los Laureles,noviembre,domingo,6,-101.23226121068,19.7137175511956
42778,42784,2022,,2022/11/06,15:00:00,COLISIÓN POR ALCANCE,ASFALTO,Bueno,Bueno,2,DODGE,BLANCO,2,,29,MASCULINO,SIN DATOS,0,0,Morelia,Xangari,noviembre,domingo,15,-101.220691166818,19.6741155346187
42779,42785,2022,,2022/11/06,15:58:00,COLISIÓN POR CAMBIO DE CARRIL,ASFALTO,Bueno,Bueno,2,TOYOTA,BLANCO/GRIS,2,,49,MASCULINO,SIN DATOS,0,0,Morelia,Gertrudis Bocanegra,noviembre,domingo,16,-101.213352307677,19.7024527949558
42780,42786,2022,,2022/11/06,16:20:00,COLISIÓN POR NO RESPETAR SEMÁFORO,ASFALTO,Bueno,Bueno,2,TOYOTA,AZUL,2,,62,MASCULINO,SIN DATOS,0,0,Morelia,Primo Tapia Oriente,noviembre,domingo,16,-101.156893484294,19.7146524312822
42781,42787,2022,,2022/11/06,17:17:00,COLISIÓN POR ALCANCE,ASFALTO,Bueno,Bueno,2,VOLKSWAGEN,ROJO,2,,38,MASCULINO,SIN DATOS,0,0,Morelia,Lindavista,noviembre,domingo,17,-101.21618103236,19.7038864606548
42782,42788,2022,,2022/11/06,18:05:00,SALIDA DE SUPERFICIE DE RODAMIENTO,CONCRETO,Bueno,Bueno,1,SEAT LEÓN,BLANCO,1,,54,MASCULINO,SIN DATOS,0,0,Morelia,Coto del Alce,noviembre,domingo,18,-101.163583248854,19.6528660096063
42783,42789,2022,,2022/11/06,19:50:00,COLISIÓN POR ALCANCE,ASFALTO,Bueno,Bueno,2,VOLKSWAGEN JETTA,BLANCO,2,,51,MASCULINO,SIN DATOS,0,0,Morelia,Avicola Benito Juarez,noviembre,domingo,20,-101.279538497329,19.6913476058332
42784,42790,2022,,2022/11/06,20:40:00,COLISIÓN POR ALCANCE,ASFALTO,Bueno,Bueno,2,FORD,NEGRO,2,,36,MASCULINO,SIN DATOS,0,0,Morelia,Sentimientos de La Nacion,noviembre,domingo,21,-101.235568357376,19.6818685625172
42785,42791,2022,,2022/11/06,20:40:00,COLISIÓN POR ALCANCE,ASFALTO,Bueno,Bueno,2,HONDA,GRIS/NARANJA,2,,29,,ALIENTO ETÍLICO,0,0,Morelia,Ejidal Ocolusen,noviembre,domingo,21,-101.153459921479,19.6872119641838
42786,42792,2022,,2022/11/06,20:48:00,COLISIÓN POR ALCANCE,ASFALTO,Bueno,Regular,3,V.W.,GRIS,4,MINISTERIO PÚBLICO,22,,SIN DATOS,2,1,Cuitzeo,Los Granados,noviembre,domingo,21,-101.140214502811,19.9746716115333
42787,42793,2022,,2022/11/07,"01:00:00",SALIDA DE SUPERFICIE DE RODAMIENTO,CONCRETO,Bueno,Bueno,1,DODGE,NEGRO,0,MINISTERIO PÚBLICO,,,,0,0,Lázaro Cárdenas,Sin datos,noviembre,lunes,1,-102.2265111655,17.9348278201565
42789,42795,2022,MOR220701911,2022/11/07,"08:07:00",COLISIÓN POR CORTE DE CIRCULACIÓN,ASFALTO,Bueno,Bueno,2,NISSAN,GRIS,2,,39,FEMENINO,SIN DATOS,0,0,Morelia,Centro,noviembre,lunes,8,-101.18754847,19.7028479949991
42790,42796,2022,,2022/11/07,"08:15:00",COLISIÓN POR ALCANCE,ASFALTO,Bueno,Bueno,2,VOLKSWAGEN,NEGRO,2,,29,MASCULINO,ALIENTO ETÍLICO,0,0,Morelia,Felix Ireta,noviembre,lunes,8,-101.195732876658,19.6815290313252
42791,42797,2022,MOR 220702052,2022/11/07,"09:05:00",COLISIÓN POR CAMBIO DE CARRIL,ASFALTO,Bueno,Bueno,2,HONDA,BLANCO,2,,34,FEMENINO,SIN DATOS,0,0,Morelia,Ana Maria Gallaga (Riviera Norte),noviembre,lunes,9,-101.221210509539,19.6769423199394
42792,42798,2022,,2022/11/07,10:00:00,COLISIÓN POR NO RESPETAR SEMÁFORO,ASFALTO,Bueno,Bueno,2,CHRYSLER,MORADO,2,MINISTERIO PÚBLICO,76,MASCULINO,SIN DATOS,0,0,Morelia,Bosques de Oriente,noviembre,lunes,10,-101.156033165753,19.7151795219666
42793,42799,2022,,2022/11/07,10:40:00,COLISIÓN POR CORTE DE CIRCULACIÓN,ASFALTO,Bueno,Bueno,2,NISSAN,BLANCO,3,MINISTERIO PÚBLICO,26,MASCULINO,SIN DATOS,1,0,Pátzcuaro,Juventino Rosas,noviembre,lunes,11,-101.613702178001,19.5083380803005
42794,42800,2022,,2022/11/07,12:00:00,COLISIÓN POR CORTE DE CIRCULACIÓN,ASFALTO,Bueno,Bueno,2,FREIGHTLINER,BLANCO,2,,31,MASCULINO,SIN DATOS,0,0,Morelia,Elias Perez Avalos,noviembre,lunes,12,-101.165491975844,19.7104378526816
42795,42801,2022,,2022/11/07,13:50:00,COLISIÓN POR CORTE DE CIRCULACIÓN,ASFALTO,Bueno,Bueno,2,CHEVROLET,PLATA,2,,26,MASCULINO,SIN DATOS,0,0,Morelia,Lomas de Guayangareo,noviembre,lunes,14,-101.161535046995,19.6999957739334
42796,42802,2022,MOR220702679,2022/11/07,14:55:00,COLISIÓN POR MANIOBRA DE REVERSA,ASFALTO,Bueno,Bueno,2,CHEVROLET,AZUL,2,,27,MASCULINO,SIN DATOS,0,0,Morelia,Chapultepec Oriente,noviembre,lunes,15,-101.159371510148,19.6899479204349
42797,42803,2022,,2022/11/07,15:30:00,COLISIÓN POR CORTE DE CIRCULACIÓN,ASFALTO,Bueno,Bueno,2,FIAT,GRIS,2,,53,,SIN DATOS,0,0,Morelia,Lomas de Guayangareo,noviembre,lunes,16,-101.160430312157,19.7029699829734
42798,42804,2022,MOR220689399,2022/11/07,17:00:00,COLISIÓN CONTRA OBJETO FIJO,ASFALTO,Bueno,Bueno,1,MITSUBISHI,AZUL,1,,52,FEMENINO,SIN DATOS,0,0,Morelia,Tzindurio de Morelos,noviembre,lunes,17,-101.243651881814,19.6999736782495
42799,42805,2022,,2022/11/07,18:00:00,COLISIÓN CONTRA OBJETO FIJO,ASFALTO,Bueno,Bueno,1,HONDA,GRIS,1,,48,FEMENINO,SIN DATOS,0,0,Morelia,Colinas del Sur,noviembre,lunes,18,-101.199620738626,19.660571276903
42800,42806,2022,MOR 220703609,2022/11/07,22:10:00,COLISIÓN POR CORTE DE CIRCULACIÓN,ASFALTO,Bueno,Regular,2,NISSAN,BLANCO,2,,33,MASCULINO,SIN DATOS,0,0,Morelia,Vista Bella,noviembre,lunes,22,-101.195892971009,19.677692921879
42801,42807,2022,,2022/11/08,"04:00:00",SALIDA DE SUPERFICIE DE RODAMIENTO,ASFALTO,Bueno,Bueno,1,VW,ROJO,1,,23,MASCULINO,SIN DATOS,0,0,Peribán,Sin datos,noviembre,martes,4,-102.444914057851,19.5526196700811
42802,42808,2022,,2022/11/08,"04:51:00",COLISIÓN CONTRA OBJETO FIJO,ASFALTO,Bueno,Bueno,1,VOLKSWAGEN,AZUL,2,MINISTERIO PÚBLICO,,,,2,0,Hidalgo,Corros,noviembre,martes,5,-100.555382631719,19.7072142705475
42807,42813,2022,,2022/11/08,13:20:00,COLISIÓN POR CAMBIO DE CARRIL,ASFALTO,Bueno,Bueno,2,FREIGHTLINER,BLANCO,2,,38,,SIN DATOS,0,0,Morelia,Primo Tapia,noviembre,martes,13,-101.212715520993,19.7126109857935
42808,42814,2022,,2022/11/08,13:25:00,COLISIÓN POR CAMBIO DE CARRIL,ASFALTO,Bueno,Regular,2,TOYOTA,ROJO,2,MINISTERIO PÚBLICO,19,FEMENINO,SIN DATOS,0,0,Morelia,Plan de La Garita,noviembre,martes,13,-101.187944218991,19.7115607188889
42809,42815,2022,,2022/11/08,15:02:00,COLISIÓN POR ALCANCE,ASFALTO,Bueno,Bueno,3,NISSAN,BLANCO/ROJO,3,,39,MASCULINO,CON CERTIFICADO,0,0,Morelia,Jardines del Toreo,noviembre,martes,15,-101.216457217212,19.6891036600997
42810,42816,2022,,2022/11/08,16:25:00,COLISIÓN CONTRA OBJETO FIJO,ASFALTO,Bueno,Bueno,4,FORD,BLANCO,4,,42,MASCULINO,SIN DATOS,0,0,Morelia,Gertrudis Sanchez,noviembre,martes,16,-101.215288385,19.7420323199991
42811,42817,2022,,2022/11/08,18:10:00,COLISIÓN POR CAMBIO DE CARRIL,ASFALTO,Bueno,Bueno,2,NISSAN,BLANCO,2,,77,MASCULINO,SIN DATOS,0,0,Morelia,Industrial,noviembre,martes,18,-101.189085515637,19.7123104021622
42812,42818,2022,,2022/11/08,20:50:00,COLISIÓN CONTRA OBJETO FIJO,ASFALTO,Bueno,Bueno,2,VOLKSWAGEN,AZUL,2,,,MASCULINO,CON CERTIFICADO,0,0,Morelia,Centro,noviembre,martes,21,-101.181169599427,19.7023587630113
42813,42819,2022,,2022/11/08,20:55:00,COLISIÓN POR CAMBIO DE CARRIL,ASFALTO,Bueno,Bueno,2,TOYOTA,PLATA,2,,60,MASCULINO,SIN DATOS,0,0,Morelia,Centro,noviembre,martes,21,-101.18754847,19.7028479949991
42814,42820,2022,MOR220705879,2022/11/09,"07:20:00",COLISIÓN POR CAMBIO DE CARRIL,ASFALTO,Bueno,Bueno,2,ITALIKA,NEGRO Y ROJO,2,,21,MASCULINO,SIN DATOS,0,0,Morelia,Ana Maria Gallaga (Riviera Norte),noviembre,miércoles,7,-101.220796108246,19.6771487863344
42815,42821,2022,,2022/11/09,"07:51:00",COLISIÓN POR ALCANCE,ASFALTO,Bueno,Bueno,3,TOYOTA,MAGNETIC,3,,23,MASCULINO,SIN DATOS,0,0,Morelia,La Hacienda,noviembre,miércoles,8,-101.317806243896,19.6780706208157
42816,42822,2022,,2022/11/09,"08:18:00",COLISIÓN POR CAMBIO DE CARRIL,ASFALTO,Bueno,Bueno,2,ITALIKA,BLANCO,2,,0,MASCULINO,SIN DATOS,0,0,Morelia,Mariano Escobedo,noviembre,miércoles,8,-101.20883044,19.7199268299991
42817,42823,2022,,2022/11/09,"08:30:00",COLISIÓN POR CORTE DE CIRCULACIÓN,CONCRETO,Bueno,Bueno,2,FORD,BLANCO,2,,,MASCULINO,SIN DATOS,0,0,Morelia,Arcos del Valle,noviembre,miércoles,9,-101.236248314381,19.7076242842577
42818,42824,2022,,2022/11/09,"09:00:00",COLISIÓN POR CORTE DE CIRCULACIÓN,ASFALTO,Bueno,Bueno,2,VOLKSWAGEN,BLANCO,2,MINISTERIO PÚBLICO,,,,2,0,Hidalgo,Corros,noviembre,miércoles,9,-100.555386319757,19.7072167956544
42819,42825,2022,,2022/11/09,10:30:00,COLISIÓN POR CORTE DE CIRCULACIÓN,ASFALTO,Bueno,Bueno,3,RENAULT,BLANCO,3,,47,FEMENINO,SIN DATOS,0,0,Morelia,Chapultepec Sur,noviembre,miércoles,11,-101.174773089588,19.6915420582267
42820,42826,2022,MOR220706192,2022/11/09,10:50:00,VOLCADURA,ASFALTO,Bueno,Bueno,1,CHEVROLET,GRIS,1,,35,MASCULINO,SIN DATOS,0,0,Morelia,Sin datos,noviembre,miércoles,11,-101.119862860509,19.6996056543577
42821,42827,2022,MOR220706852,2022/11/09,15:25:00,COLISIÓN POR CORTE DE CIRCULACIÓN,ASFALTO,Bueno,Bueno,2,TOYOTA,GRIS,2,,66,MASCULINO,SIN DATOS,0,0,Morelia,El Eden,noviembre,miércoles,15,-101.24959398061,19.6460478466022
42822,42828,2022,,2022/11/09,19:25:00,COLISIÓN POR CORTE DE CIRCULACIÓN,ASFALTO,Bueno,Bueno,2,HARLEY DAVISON,BLANCO,2,,38,MASCULINO,SIN DATOS,0,0,Morelia,Popular Pogreso,noviembre,miércoles,19,-101.199266016483,19.7202246703254
42823,42829,2022,MOR220707332,2022/11/09,19:30:00,COLISIÓN POR CORTE DE CIRCULACIÓN,CONCRETO,Bueno,Bueno,2,NISSAN,ROJO,2,,26,FEMENINO,SIN DATOS,0,0,Morelia,Erendira,noviembre,miércoles,20,-101.166642308235,19.7021011629656
42824,42830,2022,,2022/11/09,20:32:00,COLISIÓN CONTRA OBJETO FIJO,CONCRETO,Bueno,Bueno,1,DODGE,BLANCO,1,,43,MASCULINO,CON CERTIFICADO,0,0,Morelia,Eduardo Ruiz,noviembre,miércoles,21,-101.212738417089,19.7161576335487
42826,42832,2022,,2022/11/10,"08:40:00",COLISIÓN POR INVASIÓN DE CARRIL,ASFALTO,Bueno,Bueno,2,KENWORTH,ROJO,2,,,MASCULINO,SIN DATOS,0,0,Morelia,Vista Bella,noviembre,jueves,9,-101.192551648771,19.6816998852354
42827,42833,2022,,2022/11/10,"09:10:00",COLISIÓN CONTRA OBJETO FIJO,ASFALTO,Bueno,Bueno,1,CHEVROLET,GRIS,1,,49,MASCULINO,SIN DATOS,0,0,Morelia,Ana Maria Gallaga (Riviera Norte),noviembre,jueves,9,-101.22460476,19.6777109999991
42829,42835,2022,,2022/11/10,10:13:00,COLISIÓN POR CORTE DE CIRCULACIÓN,ASFALTO,Bueno,Bueno,2,ITALIKA,BLANCO,2,,21,MASCULINO,SIN DATOS,0,0,Morelia,Comision Federal de Electricidad,noviembre,jueves,10,-101.179653475,19.6868675699992
42832,42838,2022,,2022/11/10,16:00:00,COLISIÓN POR MANIOBRA DE REVERSA,ASFALTO,Bueno,Bueno,2,NISSAN,BLANCO,1,,35,MASCULINO,SIN DATOS,0,0,Morelia,Elias Perez Avalos,noviembre,jueves,16,-101.167691637626,19.7151169590557
42833,42839,2022,,2022/11/10,20:00:00,COLISIÓN POR INVASIÓN DE CARRIL,ASFALTO,Bueno,Bueno,2,NISSAN,GRIS,2,,63,MASCULINO,SIN DATOS,0,0,Morelia,Morelia 450,noviembre,jueves,20,-101.214811094105,19.6743939849737
42834,42840,2022,,2022/11/10,21:16:00,COLISIÓN POR ALCANCE,ASFALTO,Bueno,Bueno,2,FORD,BLANCO,2,,48,MASCULINO,SIN DATOS,0,0,Morelia,Nueva Valladolid,noviembre,jueves,21,-101.208873353899,19.7010137503503
42836,42842,2022,,2022/11/10,21:35:00,COLISIÓN POR CAMBIO DE CARRIL,ASFALTO,Bueno,Bueno,2,MAN,AZUL,2,,39,MASCULINO,SIN DATOS,0,0,Morelia,Tzindurio Norte,noviembre,jueves,22,-101.244702637196,19.7035471419944
42838,42844,2022,,2022/11/11,"01:05:00",COLISIÓN CONTRA OBJETO FIJO,ASFALTO,Bueno,Bueno,3,VOLKSWAGEN,BLANCO,3,,,MASCULINO,SIN DATOS,0,0,Morelia,Santiaguito,noviembre,viernes,1,-101.19059534,19.7173364299992
42839,42845,2022,,2022/11/11,"03:30:00",COLISIÓN POR ALCANCE,ASFALTO,Bueno,Bueno,2,NISSAN,BLANCO,2,,29,MASCULINO,SIN DATOS,0,0,Morelia,Ejidal Ocolusen,noviembre,viernes,4,-101.15332837,19.6868221449992
42840,42846,2022,,2022/11/11,"08:10:00",COLISIÓN POR INVASIÓN DE CARRIL,CONCRETO,Bueno,Bueno,2,HONDA,ROJO,2,,43,MASCULINO,SIN DATOS,0,0,Morelia,Felix Ireta,noviembre,viernes,8,-101.195803619921,19.6823940168955
42841,42847,2022,LEG45779,2022/11/11,"08:51:00",COLISIÓN POR ALCANCE,ASFALTO,Bueno,Bueno,2,KIA,BLANCO,2,,47,FEMENINO,SIN DATOS,0,0,Morelia,Isaac Arriaga,noviembre,viernes,9,-101.168701574206,19.712308908251
42842,42848,2022,,2022/11/11,"09:26:00",COLISIÓN CON PEATÓN,ASFALTO,Bueno,Bueno,1,NISSAN,BLANCO,1,,,MASCULINO,SIN DATOS,0,0,Morelia,Rafael Carrillo,noviembre,viernes,9,-101.234470009804,19.7104504779612
42843,42849,2022,,2022/11/11,"09:50:00",COLISIÓN CONTRA OBJETO FIJO,ASFALTO,Bueno,Bueno,1,DODGE,BLANCO,1,,32,MASCULINO,SIN DATOS,0,0,Morelia,Enrique Arreguin Robles,noviembre,viernes,10,-101.18425771594,19.7196193240521
42844,42850,2022,,2022/11/11,11:00:00,VOLCADURA,ASFALTO,Bueno,Bueno,1,GMC,ROJO,0,,,,,0,0,Peribán,Sin datos,noviembre,viernes,11,-102.447007857263,19.5548827486973
42845,42851,2022,LEG45795,2022/11/11,12:00:00,COLISIÓN POR CORTE DE CIRCULACIÓN,ASFALTO,Bueno,Bueno,2,VOLKSWAGEN,NEGRO,2,,37,MASCULINO,SIN DATOS,0,0,Morelia,Del Empleado,noviembre,viernes,12,-101.180031560361,19.6890362558864
42846,42852,2022,,2022/11/11,12:18:00,COLISIÓN POR CORTE DE CIRCULACIÓN,ASFALTO,Bueno,Bueno,2,TOYOTA,BLANCO/MORADO,2,,57,MASCULINO,SIN DATOS,0,0,Morelia,Isaac Arriaga,noviembre,viernes,12,-101.166313402355,19.7101383176301
42847,42853,2022,,2022/11/11,14:54:00,COLISIÓN POR CORTE DE CIRCULACIÓN,CONCRETO,Bueno,Bueno,2,ITALIKA,NEGRO/AZUL,2,,,MASCULINO,SIN DATOS,0,0,Morelia,Ejidal Tres Puentes,noviembre,viernes,15,-101.229488141835,19.6936185172726
42848,42854,2022,,2022/11/11,15:07:00,COLISIÓN POR CORTE DE CIRCULACIÓN,ASFALTO,Bueno,Bueno,2,NISSAN,ROJO,2,,64,MASCULINO,SIN DATOS,0,0,Charo,San Bartolo,noviembre,viernes,15,-101.044234670699,19.753149148431
42849,42855,2022,LEG45796,2022/11/11,16:30:00,COLISIÓN POR MANIOBRA DE REVERSA,ASFALTO,Bueno,Bueno,2,TOYOTA,BLANCO,2,,63,MASCULINO,SIN DATOS,0,0,Morelia,Chapultepec Norte,noviembre,viernes,17,-101.170406118035,19.6944670230378
42850,42856,2022,MOR220711083,2022/11/11,16:35:00,COLISIÓN POR ALCANCE,ASFALTO,Bueno,Bueno,2,FORD,BLANCO,2,,21,MASCULINO,SIN DATOS,0,0,Morelia,Arcos del Valle,noviembre,viernes,17,-101.236174553633,19.707581673182
42851,42857,2022,,2022/11/11,17:10:00,COLISIÓN CONTRA OBJETO FIJO,CONCRETO,Bueno,Bueno,1,FAMSA,AZUL,1,MINISTERIO PÚBLICO,70,MASCULINO,SIN DATOS,0,0,Morelia,Lindavista,noviembre,viernes,17,-101.216178014874,19.7038836198504
42852,42858,2022,MOR220071143,2022/11/11,17:45:00,COLISIÓN CONTRA OBJETO FIJO,ASFALTO,Bueno,Regular,1,FORD,AZUL,1,,21,MASCULINO,SIN DATOS,0,0,Morelia,El Lago 3,noviembre,viernes,18,-101.219416111708,19.7272737241592
42853,42859,2022,,2022/11/11,18:11:00,COLISIÓN POR ALCANCE,ASFALTO,Bueno,Bueno,3,CHEVROLET,GRIS,3,,30,MASCULINO,SIN DATOS,0,0,Morelia,Nicolas Bravo(Los Ejidos),noviembre,viernes,18,-101.213817670941,19.7023726204049
42854,42860,2022,MOR220711508,2022/11/11,20:00:00,COLISIÓN POR CORTE DE CIRCULACIÓN,ASFALTO,Bueno,Regular,2,HONDA,ROJO,2,,25,MASCULINO,SIN DATOS,0,0,Morelia,Santiaguito,noviembre,viernes,20,-101.188681013882,19.7172689302175
42855,42861,2022,,2022/11/11,20:32:00,COLISIÓN POR CORTE DE CIRCULACIÓN,ASFALTO,Bueno,Bueno,2,ITALIKA,NEGRO/AMARILLO,3,MINISTERIO PÚBLICO,27,FEMENINO,SIN DATOS,2,0,Morelia,El Realito,noviembre,viernes,21,-101.204560361803,19.7257613677312
42856,42862,2022,,2022/11/11,23:55:00,SALIDA DE SUPERFICIE DE RODAMIENTO,ASFALTO,Bueno,Bueno,1,CHEVROLET,ROJO,1,,21,MASCULINO,SIN DATOS,0,0,Morelia,Clara Cordova Moran,noviembre,viernes,0,-101.180838905275,19.7373956026069
42857,42863,2022,MOR220711914,2022/11/12,"01:40:00",COLISIÓN CONTRA OBJETO FIJO,ASFALTO,Bueno,Bueno,1,VOLKSWAGEN,GRIS,1,,25,MASCULINO,SIN DATOS,0,0,Morelia,Barrio Alto,noviembre,sábado,2,-101.196456737816,19.7247779496528