fid,id_accidente,anio_origen,folio_c5i,dia_incidente,hora_ocurrencia,tipo_incidente_vial,superficie_ocurrencia,condiciones_climaticas,condiciones_via,numero_vehiculos_involucrados,marca_vehiculo_ocasiona_siniestro,color_vehiculo_ocasiona_siniestro,numero_personas_involucradas,lugar_remite_presunto_responsable,edad_presunto_responsable,sexo_presunto_responsable,resultados_toxicologia,numero_personas_lesionadas,numero_personas_fallecidas,municipio,colonia,mes,dia_semana,hora_redondeada,lon,lat
42858,42864,2022,,2022/11/12,"03:20:00",SALIDA DE SUPERFICIE DE RODAMIENTO,ASFALTO,Bueno,Bueno,1,VOLKSWAGEN,ROJO,1,,,,SIN DATOS,0,0,Morelia,Miravallle,noviembre,sábado,3,-101.278822347522,19.7024897257393
42859,42865,2022,LEG45799,2022/11/12,"07:00:00",COLISIÓN CONTRA OBJETO FIJO,ASFALTO,Bueno,Bueno,1,NISSAN,PLATA,1,,38,MASCULINO,SIN DATOS,0,0,Morelia,Residencial Alborada,noviembre,sábado,7,-101.234631612897,19.7024733120588
42860,42866,2022,,2022/11/12,"08:15:00",COLISIÓN POR ALCANCE,ASFALTO,Nublado,Bueno,2,NISSAN,BLANCO/NARANJA,2,,47,MASCULINO,SIN DATOS,0,0,Morelia,Los Manantiales de Morelia,noviembre,sábado,8,-101.24027363956,19.6927359149856
42861,42867,2022,,2022/11/12,"08:25:00",COLISIÓN POR CORTE DE CIRCULACIÓN,ASFALTO,Bueno,Bueno,2,VOLKSWAGEN,BLANCO/VERDE,6,MINISTERIO PÚBLICO,63,MASCULINO,SIN DATOS,4,0,Morelia,El Eden,noviembre,sábado,8,-101.249642595649,19.6460331322357
42862,42868,2022,,2022/11/12,"09:20:00",COLISIÓN POR CORTE DE CIRCULACIÓN,CONCRETO,Bueno,Bueno,2,DODGE,BLANCO,2,,42,MASCULINO,SIN DATOS,0,0,Morelia,Guadalupe,noviembre,sábado,9,-101.222832910717,19.7096187855359
42863,42869,2022,,2022/11/12,"09:25:00",COLISIÓN POR CAMBIO DE CARRIL,ASFALTO,Bueno,Bueno,2,MAZDA,AZUL,2,,34,MASCULINO,SIN DATOS,0,0,Morelia,Sin datos,noviembre,sábado,9,-101.164609864354,19.6589758837665
42864,42870,2022,,2022/11/12,11:35:00,COLISIÓN POR CORTE DE CIRCULACIÓN,CONCRETO,Bueno,Bueno,2,CHEVROLET,GRIS,2,,26,FEMENINO,SIN DATOS,0,0,Morelia,Ventura Puente,noviembre,sábado,12,-101.18017539382,19.6882656932642
42865,42871,2022,,2022/11/12,11:55:00,COLISIÓN POR CAMBIO DE CARRIL,CONCRETO,Bueno,Bueno,2,NISSAN,PLATA,2,MINISTERIO PÚBLICO,26,MASCULINO,SIN DATOS,0,0,Morelia,Agustin Arriaga Rivera,noviembre,sábado,12,-101.225719302893,19.6872874111639
42866,42872,2022,,2022/11/12,15:40:00,COLISIÓN POR CAMBIO DE CARRIL,ASFALTO,Bueno,Bueno,2,DINA,BLANCO,2,,36,MASCULINO,SIN DATOS,0,0,Morelia,La Quemada,noviembre,sábado,16,-101.241303943098,19.7008546623698
42867,42873,2022,,2022/11/12,21:00:00,COLISIÓN POR CORTE DE CIRCULACIÓN,ASFALTO,Bueno,Bueno,2,CHEVROLET,BLANCO,2,MINISTERIO PÚBLICO,21,MASCULINO,SIN DATOS,0,0,Morelia,Nueva Valladolid,noviembre,sábado,21,-101.210573539138,19.7009026413012
42868,42874,2022,,2022/11/12,21:50:00,COLISIÓN POR ALCANCE,ASFALTO,Bueno,Bueno,2,MG MG5,AZUL,2,,19,MASCULINO,SIN DATOS,0,0,Morelia,Las Americas,noviembre,sábado,22,-101.159078143537,19.6879781124087
42869,42875,2022,,2022/11/12,22:25:00,COLISIÓN POR NO RESPETAR SEMÁFORO,ASFALTO,Bueno,Bueno,2,MAZDA,GRIS,1,MINISTERIO PÚBLICO,26,MASCULINO,SIN DATOS,0,0,Pátzcuaro,Centro,noviembre,sábado,22,-101.617678552866,19.5162060603461
42870,42876,2022,,2022/11/13,"03:00:00",COLISIÓN POR INVASIÓN DE CARRIL,ASFALTO,Bueno,Bueno,2,CHEVROLET,VERDE,3,,18,MASCULINO,SIN DATOS,1,0,Peribán,Sin datos,noviembre,domingo,3,-102.446474432945,19.5543181667907
42871,42877,2022,,2022/11/13,"04:20:00",COLISIÓN CONTRA OBJETO FIJO,CONCRETO,Bueno,Bueno,1,SUZUKI,ROJO,1,,,MASCULINO,SIN DATOS,0,0,Morelia,Cuauhtemoc,noviembre,domingo,4,-101.185385920107,19.6990383967151
42872,42878,2022,,2022/11/13,"04:30:00",SUBIDA AL CAMELLÓN,ASFALTO,Bueno,Bueno,1,DODGE,GRIS,0,,,,,0,0,Morelia,Canteras de Morelia,noviembre,domingo,5,-101.173259791206,19.7202414349276
42873,42879,2022,LEG45814,2022/11/13,"06:00:00",SUBIDA AL CAMELLÓN,ASFALTO,Bueno,Bueno,1,SUZUKI,NARANJA,1,,,MASCULINO,SIN DATOS,0,0,Morelia,Ventura Puente,noviembre,domingo,6,-101.179776415229,19.6904365805975
42874,42880,2022,,2022/11/13,"06:30:00",COLISIÓN CONTRA OBJETO FIJO,ASFALTO,Bueno,Bueno,2,HONDA,BLANCO,3,,29,MASCULINO,SIN DATOS,1,0,Morelia,Enrique Arreguin Robles,noviembre,domingo,7,-101.188148260117,19.7214416682002
42876,42882,2022,,2022/11/13,13:37:00,VOLCADURA,ASFALTO,Bueno,Bueno,1,KEMWHORTH,BLANCO,1,,50,MASCULINO,SIN DATOS,0,0,Tzitzio,Tzitzio,noviembre,domingo,14,-100.922709,19.584913
42877,42883,2022,,2022/11/13,17:05:00,COLISIÓN POR CAMBIO DE CARRIL,ASFALTO,Bueno,Bueno,2,VOLVO,AZUL,2,,42,MASCULINO,SIN DATOS,0,0,Morelia,Emiliano Zapata,noviembre,domingo,17,-101.216144695,19.7161988399991
42878,42884,2022,,2022/11/13,18:13:00,COLISIÓN CONTRA OBJETO FIJO,ASFALTO,Bueno,Bueno,2,TOYOTA,BLANCO,2,,,MASCULINO,SIN DATOS,0,0,Morelia,Torrecillas,noviembre,domingo,18,-101.183650866151,19.6694033361877
42879,42885,2022,,2022/11/13,21:56:00,SALIDA DE SUPERFICIE DE RODAMIENTO,ASFALTO,Bueno,Bueno,1,FORD,BLANCO,1,,,,SIN DATOS,0,0,Morelia,La Charca,noviembre,domingo,22,-101.200325489044,19.6592799347809
42880,42886,2022,,2022/11/14,"07:10:00",COLISIÓN POR ALCANCE,ASFALTO,Bueno,Bueno,2,DODGE,BLANCO,2,,,MASCULINO,SIN DATOS,0,0,Morelia,Sin datos,noviembre,lunes,7,-101.288865879178,19.6878972992542
42881,42887,2022,,2022/11/14,"08:25:00",COLISIÓN POR ALCANCE,ASFALTO,Bueno,Bueno,2,NISSAN,AZUL,2,,,MASCULINO,SIN DATOS,0,0,Morelia,Arcos del Valle,noviembre,lunes,8,-101.236247643828,19.7076236529826
42882,42888,2022,,2022/11/14,"08:45:00",COLISIÓN POR CAMBIO DE CARRIL,ASFALTO,Bueno,Bueno,3,CHEVROLET,BLANCO,3,,52,MASCULINO,SIN DATOS,0,0,Morelia,Clara Cordova Moran,noviembre,lunes,9,-101.182847544551,19.7323465781342
42883,42889,2022,,2022/11/14,10:00:00,COLISIÓN CONTRA OBJETO FIJO,SIN_DATOS,Bueno,Bueno,1,CHEVROLET,NEGRO,1,,21,MASCULINO,SIN DATOS,0,0,Morelia,Lazaro Cardenas,noviembre,lunes,10,-101.165338084102,19.7101386332626
42884,42890,2022,,2022/11/14,10:05:00,COLISIÓN POR ALCANCE,ASFALTO,Bueno,Bueno,2,FORD ESCAPE,BLANCO,2,,43,MASCULINO,SIN DATOS,0,0,Morelia,Loma de Los Piñones,noviembre,lunes,10,-101.203741952777,19.6749780345999
42885,42891,2022,,2022/11/14,10:20:00,COLISIÓN POR CORTE DE CIRCULACIÓN,TERRACERIA,Bueno,Bueno,2,BMW,BLANCO,2,MINISTERIO PÚBLICO,44,MASCULINO,SIN DATOS,0,0,Pátzcuaro,Ibarra,noviembre,lunes,10,-101.619051173329,19.5337707172396
42886,42892,2022,,2022/11/14,12:45:00,COLISIÓN POR ALCANCE,ASFALTO,Bueno,Bueno,2,NISSAN,ROJO,2,,66,MASCULINO,SIN DATOS,0,0,Morelia,Melchor Ocampo,noviembre,lunes,13,-101.200503855944,19.7059027877661
42887,42893,2022,,2022/11/14,14:15:00,COLISIÓN POR MANIOBRA DE REVERSA,CONCRETO,Bueno,Bueno,2,FOTON AUMARK,NARANJA,2,,48,MASCULINO,SIN DATOS,0,0,Morelia,Indeco Expropiacion Petrolera,noviembre,lunes,14,-101.225695163012,19.6858387597998
42888,42894,2022,,2022/11/14,15:08:00,COLISIÓN POR CAMBIO DE CARRIL,ASFALTO,Bueno,Bueno,2,CHEVROLET,BLANCO,2,,60,MASCULINO,SIN DATOS,0,0,Morelia,Nueva Valladolid,noviembre,lunes,15,-101.207356229424,19.7021532449519
42889,42895,2022,,2022/11/14,17:00:00,COLISIÓN POR INVASIÓN DE CARRIL,ASFALTO,Bueno,Bueno,1,ITALIKA,BLANCO,2,MINISTERIO PÚBLICO,27,MASCULINO,SIN DATOS,1,0,Tacámbaro,Sin datos,noviembre,lunes,17,-101.447536982596,19.1903330936181
42890,42896,2022,,2022/11/14,17:15:00,COLISIÓN CONTRA OBJETO FIJO,ASFALTO,Bueno,Bueno,1,VOLKSWAGEN,BLANCO,1,,21,MASCULINO,SIN DATOS,0,0,Morelia,Bosques Tres Marias,noviembre,lunes,17,-101.10387224704,19.7245339878127
42891,42897,2022,,2022/11/14,17:55:00,COLISIÓN POR CAMBIO DE CARRIL,ASFALTO,Bueno,Bueno,2,FORD,GRIS,4,MINISTERIO PÚBLICO,,,SIN DATOS,2,0,Tacámbaro,Sin datos,noviembre,lunes,18,-101.447306647897,19.187678950058
42892,42898,2022,,2022/11/14,19:45:00,COLISIÓN POR ALCANCE,ASFALTO,Bueno,Bueno,2,CHEVROLET,ROJO,2,,23,MASCULINO,SIN DATOS,0,0,Morelia,Indeco Santiaguito,noviembre,lunes,20,-101.178033314645,19.7197411509629
42893,42899,2022,,2022/11/14,21:20:00,COLISIÓN CON PEATÓN,ASFALTO,Bueno,Bueno,1,ITALIKA,VERDE,1,MINISTERIO PÚBLICO,,,,1,0,Morelia,Isaac Arriaga,noviembre,lunes,21,-101.168141075,19.7113455149992
42894,42900,2022,,2022/11/14,21:45:00,COLISIÓN POR INVASIÓN DE CARRIL,ASFALTO,Bueno,Bueno,2,CHEVROLET,ROJO,2,,0,MASCULINO,SIN DATOS,0,0,Morelia,El Lago 1,noviembre,lunes,22,-101.219326592982,19.7276003685447
42895,42901,2022,,2022/11/15,"00:06:00",SUBIDA AL CAMELLÓN,ASFALTO,Bueno,Bueno,1,CHEVROLET,BLANCO,1,MINISTERIO PÚBLICO,44,MASCULINO,SIN DATOS,0,0,Morelia,Lomas de Morelia (Dr Ignacio Chavez),noviembre,martes,0,-101.17383968085,19.7162182327141
42896,42902,2022,MOR220618542,2022/11/15,"09:00:00",COLISIÓN POR CAMBIO DE CARRIL,ASFALTO,Bueno,Bueno,2,PEUGEOT,BLANCO,2,,39,MASCULINO,SIN DATOS,0,0,Morelia,Ventura Puente,noviembre,martes,9,-101.193205035,19.6924290599991
42897,42903,2022,,2022/11/15,"09:25:00",COLISIÓN POR ALCANCE,ASFALTO,Bueno,Bueno,2,CHEVROLET,NEGRO,2,,30,MASCULINO,SIN DATOS,0,0,Morelia,Insurgentes,noviembre,martes,9,-101.155416805,19.6953315299991
42898,42904,2022,MOR 220718613,2022/11/15,"09:35:00",COLISIÓN POR CORTE DE CIRCULACIÓN,ASFALTO,Bueno,Bueno,2,NISSAN,GRIS,2,,29,FEMENINO,SIN DATOS,0,0,Morelia,Nueva Chapultepec,noviembre,martes,10,-101.174330860376,19.6880210443804
42899,42905,2022,,2022/11/15,10:20:00,COLISIÓN POR CORTE DE CIRCULACIÓN,ASFALTO,Bueno,Bueno,2,CHEVROLET,PLATA,2,,35,MASCULINO,SIN DATOS,0,0,Morelia,Matamoros,noviembre,martes,10,-101.163603365421,19.6980434506553
42900,42906,2022,MOR220718834,2022/11/15,11:20:00,COLISIÓN CONTRA OBJETO FIJO,ASFALTO,Bueno,Bueno,1,CHEVROLET,BLANCO,1,,43,FEMENINO,SIN DATOS,0,0,Charo,Sin datos,noviembre,martes,11,-101.056317,19.691585
42901,42907,2022,MOR 220718928,2022/11/15,12:05:00,COLISIÓN POR INVASIÓN DE CARRIL,ASFALTO,Bueno,Regular,2,FORD,BLANCO Y ROSA,2,,32,MASCULINO,SIN DATOS,0,0,Morelia,Americas Britania,noviembre,martes,12,-101.149992831051,19.6917788100103
42902,42908,2022,,2022/11/15,13:00:00,COLISIÓN POR ALCANCE,ASFALTO,Bueno,Bueno,2,NISSAN,BLANCO,2,MINISTERIO PÚBLICO,36,MASCULINO,SIN DATOS,0,0,Pátzcuaro,Popular Vasco de Quiroga,noviembre,martes,13,-101.603472568095,19.5028131687469
42903,42909,2022,LEG45846,2022/11/15,13:20:00,COLISIÓN POR ALCANCE,ASFALTO,Bueno,Bueno,2,FIAT,AZUL,2,,31,FEMENINO,SIN DATOS,0,0,Morelia,Torreon Nuevo,noviembre,martes,13,-101.20358663,19.7462449699991
42904,42910,2022,,2022/11/15,13:40:00,COLISIÓN POR ALCANCE,ASFALTO,Bueno,Bueno,2,FREIGTHLINER,BLANCO,2,,50,MASCULINO,SIN DATOS,0,0,Morelia,Eva Samano,noviembre,martes,14,-101.198590770364,19.7292468354403
42905,42911,2022,MOR220719222,2022/11/15,14:00:00,COLISIÓN POR CORTE DE CIRCULACIÓN,ASFALTO,Bueno,Bueno,2,VOSLKWAGEN,GRIS,2,,24,FEMENINO,SIN DATOS,0,0,Morelia,Chapultepec Norte,noviembre,martes,14,-101.176202945,19.6965285599991
42906,42912,2022,MOR 220719315,2022/11/15,15:40:00,COLISIÓN POR CORTE DE CIRCULACIÓN,ASFALTO,Bueno,Regular,2,GENERAL MOTORS,BLANCO Y ROSA,2,MINISTERIO PÚBLICO,58,MASCULINO,SIN DATOS,0,0,Morelia,Jesus Romero Flores,noviembre,martes,16,-101.173183880746,19.7256136660441
42907,42913,2022,MOR220719381,2022/11/15,16:35:00,SUBIDA AL CAMELLÓN,ASFALTO,Bueno,Regular,1,MERCEDES BENZ,PLATINO,1,,50,MASCULINO,SIN DATOS,0,0,Morelia,Villas Lomas del Paraiso,noviembre,martes,17,-101.175563670695,19.673432034814
42908,42914,2022,MOR 220719524,2022/11/15,17:55:00,COLISIÓN POR CORTE DE CIRCULACIÓN,ASFALTO,Bueno,Bueno,2,JEEP,BLANCO,2,,38,FEMENINO,SIN DATOS,0,0,Morelia,Vistas de Altozano,noviembre,martes,18,-101.167,19.6551
42909,42915,2022,,2022/11/15,18:50:00,COLISIÓN POR CORTE DE CIRCULACIÓN,ASFALTO,Bueno,Bueno,2,NISSAN,GUINDA,3,MINISTERIO PÚBLICO,59,MASCULINO,SIN DATOS,1,0,Pátzcuaro,Juventino Rosas,noviembre,martes,19,-101.613500006497,19.5081579437284
42910,42916,2022,,2022/11/15,21:24:00,COLISIÓN POR CORTE DE CIRCULACIÓN,ASFALTO,Bueno,Bueno,2,HONDA,PLATA,2,,48,MASCULINO,SIN DATOS,0,0,Morelia,Josefa Ortiz de Dominguez,noviembre,martes,21,-101.211365461349,19.6717464771094
42912,42918,2022,,2022/11/16,"06:22:00",COLISIÓN POR ALCANCE,ASFALTO,Bueno,Bueno,2,TOYOTA,BLANCO Y ROSA,2,,31,MASCULINO,SIN DATOS,0,0,Morelia,Los Manantiales de Morelia,noviembre,miércoles,6,-101.24169588089,19.6957855440907
42913,42919,2022,,2022/11/16,"07:30:00",COLISIÓN POR CAMBIO DE CARRIL,ASFALTO,Bueno,Bueno,2,FORD,PLATA,2,,31,MASCULINO,SIN DATOS,0,0,Morelia,Campestre Los Manantiales,noviembre,miércoles,8,-101.238161735237,19.6877713442955
42914,42920,2022,,2022/11/16,"08:10:00",COLISIÓN POR ALCANCE,ASFALTO,Bueno,Bueno,3,TOYOTA,BLANCO/VERDE,3,MINISTERIO PÚBLICO,50,MASCULINO,SIN DATOS,0,0,Morelia,Jardines de La Loma,noviembre,miércoles,8,-101.224348694086,19.6767986772599
42915,42921,2022,,2022/11/16,"08:45:00",COLISIÓN POR CORTE DE CIRCULACIÓN,CONCRETO,Bueno,Bueno,2,KIA,VERDE,2,MINISTERIO PÚBLICO,44,FEMENINO,SIN DATOS,0,0,Morelia,Sin datos,noviembre,miércoles,9,-101.104788221419,19.7345597866459
42916,42922,2022,,2022/11/16,"09:00:00",COLISIÓN POR ALCANCE,ASFALTO,Bueno,Bueno,2,TOYOTA,BLANCO,2,,0,FEMENINO,SIN DATOS,0,0,Morelia,Ana Maria Gallaga (Riviera Norte),noviembre,miércoles,9,-101.219994463027,19.6771298444744
42917,42923,2022,,2022/11/16,11:25:00,COLISIÓN POR CORTE DE CIRCULACIÓN,CONCRETO,Bueno,Bueno,2,FORD,AZUL,2,,49,MASCULINO,SIN DATOS,0,0,Morelia,Granjas del Maestro,noviembre,miércoles,11,-101.192097812891,19.7160623160649
42918,42924,2022,,2022/11/16,11:51:00,COLISIÓN POR CORTE DE CIRCULACIÓN,ASFALTO,Bueno,Bueno,2,DODGE,AZUL,2,,40,MASCULINO,SIN DATOS,0,0,Morelia,Bosques Tres Marias,noviembre,miércoles,12,-101.105249561369,19.7292616683983
42919,42925,2022,,2022/11/16,13:00:00,COLISIÓN POR CORTE DE CIRCULACIÓN,ASFALTO,Bueno,Bueno,2,HONDA,BLANCO,0,MINISTERIO PÚBLICO,,,,0,0,Lázaro Cárdenas,Jose Green,noviembre,miércoles,13,-102.202635481954,17.9659260450335
42920,42926,2022,,2022/11/16,13:15:00,COLISIÓN POR CORTE DE CIRCULACIÓN,ASFALTO,Bueno,Bueno,2,VOLKSWAGEN,BLANCO,2,,47,MASCULINO,SIN DATOS,0,0,Morelia,Comision Federal de Electricidad,noviembre,miércoles,13,-101.176518537104,19.6841656442923
42921,42927,2022,,2022/11/16,13:30:00,COLISIÓN POR CORTE DE CIRCULACIÓN,ASFALTO,Bueno,Bueno,2,DODGE,BLANCO,2,,46,MASCULINO,SIN DATOS,0,0,Morelia,Jardines de Guadalupe,noviembre,miércoles,14,-101.22668389231,19.7111341353648
42922,42928,2022,,2022/11/16,14:34:00,COLISIÓN POR CORTE DE CIRCULACIÓN,ASFALTO,Bueno,Bueno,2,VOLKSWAGEN,GRIS,2,,29,FEMENINO,SIN DATOS,0,0,Morelia,Jose Ma Pino Suarez,noviembre,miércoles,15,-101.165174469352,19.7270976199526
42923,42929,2022,,2022/11/16,15:32:00,COLISIÓN POR ALCANCE,ASFALTO,Bueno,Bueno,2,ISUZU,BLANCO,1,,,MASCULINO,SIN DATOS,0,0,Morelia,La Esperanza,noviembre,miércoles,16,-101.252252720296,19.6981169985929
42924,42930,2022,,2022/11/16,16:42:00,COLISIÓN POR ALCANCE,ASFALTO,Bueno,Bueno,2,VOLKSWAGEN,ROJO,2,,30,MASCULINO,SIN DATOS,0,0,Morelia,Infonavit  Las  Camelinas,noviembre,miércoles,17,-101.175633072853,19.6817383330065
42925,42931,2022,,2022/11/16,17:00:00,COLISIÓN POR CORTE DE CIRCULACIÓN,CONCRETO,Bueno,Bueno,2,NISSAN,BLANCO,2,,45,MASCULINO,SIN DATOS,0,0,Morelia,Buenavista,noviembre,miércoles,17,-101.165965385735,19.705150613608
42926,42932,2022,,2022/11/16,18:00:00,COLISIÓN POR CAMBIO DE CARRIL,ASFALTO,Bueno,Bueno,2,NISSAN,ROJO,2,,0,MASCULINO,SIN DATOS,0,0,Morelia,Jardines de Torremolinos,noviembre,miércoles,18,-101.229688972235,19.6769956729018
42927,42933,2022,,2022/11/16,21:15:00,COLISIÓN CONTRA OBJETO FIJO,CONCRETO,Bueno,Bueno,2,CHEVROLET,BLANCO,2,,18,FEMENINO,SIN DATOS,0,0,Morelia,Quinceo,noviembre,miércoles,21,-101.225573122501,19.7280358933533
42928,42934,2022,,2022/11/16,22:00:00,COLISIÓN POR ALCANCE,ASFALTO,Bueno,Regular,3,CHEVROLET,NEGRO,3,,28,MASCULINO,SIN DATOS,0,0,Peribán,Sin datos,noviembre,miércoles,22,-102.445442453027,19.553198475284
42929,42935,2022,,2022/11/17,"00:10:00",COLISIÓN CONTRA OBJETO FIJO,ASFALTO,Bueno,Bueno,1,CHEVROLET,BLANCO,1,,50,MASCULINO,SIN DATOS,0,0,Morelia,Residencial Alborada,noviembre,jueves,0,-101.234587691724,19.7023505250491
42930,42936,2022,,2022/11/17,"01:52:00",SALIDA DE SUPERFICIE DE RODAMIENTO,ASFALTO,Bueno,Bueno,1,HYUNDAI,GRIS,1,,0,FEMENINO,SIN DATOS,0,0,Morelia,Montaña Monarca,noviembre,jueves,2,-101.161789856851,19.6724328254655
42931,42937,2022,MOR220722155,2022/11/17,"08:05:00",COLISIÓN POR CORTE DE CIRCULACIÓN,ASFALTO,Bueno,Bueno,2,CADILLAC,ROJO,2,,34,FEMENINO,SIN DATOS,0,0,Morelia,Obrera,noviembre,jueves,8,-101.182860991234,19.7107343876966
42933,42939,2022,LEG45880,2022/11/17,"09:00:00",COLISIÓN POR ALCANCE,ASFALTO,Bueno,Bueno,3,S/D,S/D,2,MINISTERIO PÚBLICO,,,,2,0,Charo,Sin datos,noviembre,jueves,9,-101.067445836961,19.6819293244982
42934,42940,2022,MOR 220722583,2022/11/17,"09:05:00",COLISIÓN POR CAMBIO DE CARRIL,ASFALTO,Bueno,Bueno,2,FREIGHTLINER,BLANCO,2,,41,MASCULINO,SIN DATOS,0,0,Morelia,Sentimientos de La Nacion,noviembre,jueves,9,-101.233226805925,19.6782111053993
42936,42942,2022,,2022/11/17,11:52:00,COLISIÓN POR NO RESPETAR SEMÁFORO,ASFALTO,Bueno,Bueno,2,CHEVROLET,BLANCO,2,MINISTERIO PÚBLICO,72,MASCULINO,SIN DATOS,0,0,Morelia,Tierra Y Libertad,noviembre,jueves,12,-101.22977368,19.7151822499992
42937,42943,2022,LEG45881,2022/11/17,12:20:00,COLISIÓN POR CAMBIO DE CARRIL,ASFALTO,Bueno,Bueno,2,HONDA,BLANCO,2,,61,MASCULINO,SIN DATOS,0,0,Morelia,Santillan La Huerta,noviembre,jueves,12,-101.220526881516,19.6744716479116
42938,42944,2022,LEG45877,2022/11/17,12:30:00,COLISIÓN POR INVASIÓN DE CARRIL,ASFALTO,Bueno,Regular,3,DODGE,BLANCO,4,MINISTERIO PÚBLICO,,,,4,0,Morelia,Sin datos,noviembre,jueves,13,-101.280327737331,19.6699617682008
42939,42945,2022,MOR220----,2022/11/17,12:50:00,COLISIÓN POR INVASIÓN DE CARRIL,ASFALTO,Bueno,Regular,3,FREIGHTLINER,BLANCO,3,,63,MASCULINO,SIN DATOS,0,0,Morelia,Ana Maria Gallaga (Riviera Norte),noviembre,jueves,13,-101.221213191748,19.6769413728452
42940,42946,2022,,2022/11/17,16:42:00,COLISIÓN POR ALCANCE,ASFALTO,Bueno,Bueno,2,CHEVROLET,ROJO,2,,25,MASCULINO,SIN DATOS,0,0,Morelia,Arcos del Valle,noviembre,jueves,17,-101.236175224185,19.7075687320383
42942,42948,2022,MOR 220724084,2022/11/18,"05:05:00",COLISIÓN CONTRA OBJETO FIJO,ASFALTO,Bueno,Regular,1,BMW,BLANCO,1,,35,MASCULINO,SIN DATOS,0,0,Morelia,Jesus del Monte,noviembre,viernes,5,-101.158064939082,19.659662286796
42943,42949,2022,,2022/11/18,"07:50:00",COLISIÓN POR ALCANCE,ASFALTO,Bueno,Bueno,2,CHEVROLET,CAFE,2,,35,MASCULINO,SIN DATOS,0,0,Morelia,La Esperanza,noviembre,viernes,8,-101.25172432512,19.6982385262268
42944,42950,2022,,2022/11/18,"08:40:00",COLISIÓN POR CORTE DE CIRCULACIÓN,ASFALTO,Bueno,Bueno,2,HONDA,BLANCO,2,MINISTERIO PÚBLICO,,,SIN DATOS,0,0,Morelia,Chapultepec Sur,noviembre,viernes,9,-101.174597404897,19.6923829989753
42945,42951,2022,,2022/11/18,10:55:00,COLISIÓN POR CORTE DE CIRCULACIÓN,ASFALTO,Bueno,Bueno,2,ITALIKA,NEGRO,2,MINISTERIO PÚBLICO,,MASCULINO,SIN DATOS,0,0,Morelia,Eduardo Ruiz,noviembre,viernes,11,-101.222721934319,19.7232671476376
42946,42952,2022,,2022/11/18,13:55:00,COLISIÓN CONTRA OBJETO FIJO,CONCRETO,Bueno,Bueno,1,FORD,PLATA,1,,19,MASCULINO,SIN DATOS,0,0,Morelia,Alfonso Garcia Robles,noviembre,viernes,14,-101.1831895262,19.7188337591775
42947,42953,2022,,2022/11/18,14:45:00,COLISIÓN POR CAMBIO DE CARRIL,ASFALTO,Bueno,Bueno,2,HONDA,GRIS,2,,61,MASCULINO,SIN DATOS,0,0,Morelia,Isaac Arriaga,noviembre,viernes,15,-101.171415969729,19.70773286354
42948,42954,2022,,2022/11/18,16:00:00,SALIDA DE SUPERFICIE DE RODAMIENTO,ASFALTO,Bueno,Bueno,1,NISSAN,BLANCO,0,MINISTERIO PÚBLICO,,,,0,0,Lázaro Cárdenas,Sin datos,noviembre,viernes,16,-102.223479598761,17.933085200963
42949,42955,2022,,2022/11/18,16:30:00,COLISIÓN POR CORTE DE CIRCULACIÓN,ASFALTO,Bueno,Bueno,1,FORD,ROJO,1,,,MASCULINO,SIN DATOS,0,0,Morelia,Ignacio Zaragoza,noviembre,viernes,17,-101.205281540751,19.7255041520981
42950,42956,2022,,2022/11/18,17:05:00,COLISIÓN POR ALCANCE,ASFALTO,Bueno,Bueno,1,ITALIKA,NEGRO,3,MINISTERIO PÚBLICO,31,MASCULINO,SIN DATOS,2,0,Morelia,Diego Rivera,noviembre,viernes,17,-101.177714802325,19.7194886598529
42951,42957,2022,,2022/11/18,17:40:00,COLISIÓN POR ALCANCE,ASFALTO,Bueno,Bueno,3,FORD,ROJO,3,,60,FEMENINO,SIN DATOS,0,0,Morelia,Elias Perez Avalos,noviembre,viernes,18,-101.165845021605,19.7104394308416
42952,42958,2022,,2022/11/18,19:40:00,COLISIÓN POR ALCANCE,CONCRETO,Lluvioso,Bueno,1,VOLKSWAGEN,PLATA,1,,,,SIN DATOS,0,0,Morelia,Elias Perez Avalos,noviembre,viernes,20,-101.166542060673,19.7108371266672
42953,42959,2022,,2022/11/18,20:46:00,COLISIÓN POR NO RESPETAR SEMÁFORO,ASFALTO,Bueno,Bueno,2,VOLKSWAGEN,VERDE,2,,36,MASCULINO,SIN DATOS,0,0,Morelia,Morelia 450,noviembre,viernes,21,-101.214810088277,19.6743936692706
42954,42960,2022,,2022/11/18,20:55:00,COLISIÓN POR ALCANCE,CONCRETO,Nublado,Regular,2,VOLKSWAGEN,AZUL,2,,26,FEMENINO,SIN DATOS,0,0,Morelia,Elias Perez Avalos,noviembre,viernes,21,-101.166811622679,19.7111789549079
42955,42961,2022,,2022/11/18,22:50:00,COLISIÓN CONTRA OBJETO FIJO,ASFALTO,Bueno,Bueno,1,NISSAN,ROJO,6,,0,,SIN DATOS,5,0,Morelia,Americas Britania,noviembre,viernes,23,-101.148433126509,19.6945197388353
42957,42963,2022,,2022/11/19,"05:40:00",SALIDA DE SUPERFICIE DE RODAMIENTO,ASFALTO,Bueno,Regular,1,NISSAN,BLANCO,1,MINISTERIO PÚBLICO,,,SIN DATOS,0,0,Morelia,La Aldea,noviembre,sábado,6,-101.1353315413,19.7444861844413
42958,42964,2022,,2022/11/19,"09:15:00",COLISIÓN POR ALCANCE,CONCRETO,Bueno,Bueno,2,NISSAN,BLANCO,2,MINISTERIO PÚBLICO,33,MASCULINO,SIN DATOS,0,0,Pátzcuaro,Las Palmas,noviembre,sábado,9,-101.617600098252,19.5097523034344