fid,id_accidente,anio_origen,folio_c5i,dia_incidente,hora_ocurrencia,tipo_incidente_vial,superficie_ocurrencia,condiciones_climaticas,condiciones_via,numero_vehiculos_involucrados,marca_vehiculo_ocasiona_siniestro,color_vehiculo_ocasiona_siniestro,numero_personas_involucradas,lugar_remite_presunto_responsable,edad_presunto_responsable,sexo_presunto_responsable,resultados_toxicologia,numero_personas_lesionadas,numero_personas_fallecidas,municipio,colonia,mes,dia_semana,hora_redondeada,lon,lat
42959,42965,2022,,2022/11/19,11:45:00,COLISIÓN POR CORTE DE CIRCULACIÓN,ASFALTO,Bueno,Bueno,2,MAZDA,BLANCO,2,,36,MASCULINO,SIN DATOS,0,0,Morelia,Isaac Arriaga,noviembre,sábado,12,-101.171801537275,19.7114734379311
42960,42966,2022,,2022/11/19,16:00:00,COLISIÓN CONTRA OBJETO FIJO,ASFALTO,Bueno,Bueno,2,FORD,ROJO,2,,17,MASCULINO,SIN DATOS,0,0,Morelia,Vasco de Quiroga,noviembre,sábado,16,-101.175858043134,19.6992388371937
42961,42967,2022,MOR 220727061,2022/11/19,16:15:00,COLISIÓN POR CORTE DE CIRCULACIÓN,ASFALTO,Nublado,Regular,2,TOYOTA,BLANCO Y ROSA,2,,32,MASCULINO,SIN DATOS,0,0,Morelia,Loma Bonita,noviembre,sábado,16,-101.196996197104,19.7187690580013
42962,42968,2022,,2022/11/19,16:40:00,COLISIÓN POR CORTE DE CIRCULACIÓN,ASFALTO,Bueno,Bueno,2,NISSAN,GRIS,2,,32,MASCULINO,SIN DATOS,0,0,Morelia,Chapultepec Sur,noviembre,sábado,17,-101.177451945841,19.6932646562104
42963,42969,2022,,2022/11/19,17:40:00,COLISIÓN POR CORTE DE CIRCULACIÓN,ASFALTO,Bueno,Bueno,2,NISSAN,GRIS,2,,24,FEMENINO,SIN DATOS,0,0,Morelia,Sin datos,noviembre,sábado,18,-101.290665641427,19.6004184390878
42964,42970,2022,MOR220727414,2022/11/19,17:50:00,COLISIÓN CONTRA OBJETO FIJO,ASFALTO,Nublado,Bueno,1,VOLKSWAGEN,NEGRO,3,MINISTERIO PÚBLICO,46,MASCULINO,SIN DATOS,2,0,Morelia,Sin datos,noviembre,sábado,18,-101.29598479718,19.5941919961113
42965,42971,2022,,2022/11/19,17:57:00,COLISIÓN CONTRA OBJETO FIJO,TERRACERIA,Nublado,Bueno,1,CHEVROLET,BLANCO,1,,26,MASCULINO,SIN DATOS,0,0,Morelia,Vicente Lombardo Toledano (Ejidal Isacc Arriaga) (Etnias de Mexico),noviembre,sábado,18,-101.144316606224,19.712119215524
42966,42972,2022,MOR220727482,2022/11/19,18:10:00,COLISIÓN POR MANIOBRA DE REVERSA,ASFALTO,Bueno,Bueno,2,INTERNATIONAL,BLANCO,2,,25,MASCULINO,SIN DATOS,0,0,Morelia,La Luz,noviembre,sábado,18,-101.299807615578,19.6873420233909
42967,42973,2022,,2022/11/19,19:00:00,COLISIÓN CON PEATÓN,SIN_DATOS,Bueno,Bueno,1,NISSAN,BLANCO,0,MINISTERIO PÚBLICO,,,,0,0,Lázaro Cárdenas,Roma,noviembre,sábado,19,-102.203856892884,17.9699476826492
42968,42974,2022,MOR 220727629,2022/11/19,19:25:00,VOLCADURA,ASFALTO,Bueno,Bueno,1,VOLKSWAGEN,GRIS,1,,18,MASCULINO,SIN DATOS,0,0,Morelia,Sin datos,noviembre,sábado,19,-101.355051063001,19.6783620078036
42969,42975,2022,MOR220728126,2022/11/20,"00:00:00",COLISIÓN CONTRA OBJETO FIJO,CONCRETO,Bueno,Bueno,1,VOLKSWAGEN,AMARILLO,1,,0,MASCULINO,SIN DATOS,0,0,Morelia,Trinidad Salgado,noviembre,domingo,0,-101.231468617916,19.7030963994424
42970,42976,2022,MOR220728283,2022/11/20,"01:27:00",SALIDA DE SUPERFICIE DE RODAMIENTO,CONCRETO,Nublado,Regular,1,VOLKSWAGEN,ROJO,1,,,,SIN DATOS,0,0,Morelia,Ciudad Industrial,noviembre,domingo,1,-101.137705631554,19.7315850606855
42971,42977,2022,,2022/11/20,"02:40:00",CAIDA DE MOTOCICLETA,ASFALTO,Bueno,Bueno,1,ITALIKA,GRIS/VERDE,2,MINISTERIO PÚBLICO,23,MASCULINO,SIN DATOS,1,0,Peribán,Sin datos,noviembre,domingo,3,-102.445132657886,19.5528597860287
42972,42978,2022,,2022/11/20,12:00:00,COLISIÓN CONTRA OBJETO FIJO,CONCRETO,Bueno,Bueno,2,VOLKSWAGEN,ROJO,2,,28,MASCULINO,SIN DATOS,0,0,Morelia,Solidaridad,noviembre,domingo,12,-101.205586977303,19.7315377221416
42973,42979,2022,,2022/11/20,13:15:00,COLISIÓN POR CORTE DE CIRCULACIÓN,ASFALTO,Bueno,Bueno,2,VOLKSWAGEN,ROJO,2,,50,MASCULINO,SIN DATOS,0,0,Morelia,Margarita Maza de Juarez,noviembre,domingo,13,-101.254328079522,19.6945623533896
42974,42980,2022,,2022/11/20,17:50:00,SALIDA DE SUPERFICIE DE RODAMIENTO,ASFALTO,Lluvioso,Bueno,1,CHEVROLET,NEGRO,1,,38,MASCULINO,SIN DATOS,0,0,Morelia,Lindavista,noviembre,domingo,18,-101.216177344322,19.7038833042055
42975,42981,2022,,2022/11/20,18:20:00,VOLCADURA,ASFALTO,Bueno,Bueno,1,CHEVROLET,NEGRO,0,MINISTERIO PÚBLICO,,,,0,0,Peribán,Sin datos,noviembre,domingo,18,-102.428799681366,19.4988171135216
42976,42982,2022,,2022/11/20,18:50:00,VOLCADURA,ASFALTO,Bueno,Regular,2,CHEVROLET,GRIS,2,MINISTERIO PÚBLICO,30,MASCULINO,SIN DATOS,0,0,Morelia,El Lago 1,noviembre,domingo,19,-101.214544214308,19.7269133099657
42977,42983,2022,,2022/11/20,20:00:00,COLISIÓN POR ALCANCE,ASFALTO,Bueno,Bueno,2,CHEVROLET,GRIS,2,MINISTERIO PÚBLICO,24,MASCULINO,ALIENTO ETÍLICO,0,0,Morelia,Indeco El Vivero,noviembre,domingo,20,-101.229740269482,19.6769985141833
42978,42984,2022,MOR 220728041,2022/11/20,23:00:00,COLISIÓN POR MANIOBRA DE REVERSA,ASFALTO,Bueno,Regular,5,PLYMOUTH,BLANCO,5,MINISTERIO PÚBLICO,50,FEMENINO,SIN DATOS,0,0,Morelia,Centro,noviembre,domingo,23,-101.19359716773,19.6998414197346
42979,42985,2022,MOR220728075,2022/11/20,23:20:00,COLISIÓN POR ALCANCE,ASFALTO,Bueno,Regular,2,BAJAJ,BLANCO,2,,40,MASCULINO,ALIENTO ETÍLICO,0,0,Morelia,Quinceo,noviembre,domingo,23,-101.224233359098,19.7253659182495
42980,42986,2022,,2022/11/21,"01:59:00",COLISIÓN CONTRA OBJETO FIJO,ASFALTO,Bueno,Bueno,1,MAZDA,BLANCO,1,,,MASCULINO,SIN DATOS,0,0,Morelia,Loma de Los Piñones,noviembre,lunes,2,-101.203383542597,19.675022864267
42982,42988,2022,MOR220730408,2022/11/21,10:15:00,COLISIÓN POR INVASIÓN DE CARRIL,ASFALTO,Bueno,Bueno,2,ITALIKA,ROJO Y NEGRO,2,,42,MASCULINO,SIN DATOS,0,0,Morelia,Gral Gertrudis Sanchez,noviembre,lunes,10,-101.210861225724,19.743174252879
42983,42989,2022,,2022/11/21,10:40:00,SALIDA DE SUPERFICIE DE RODAMIENTO,CONCRETO,Bueno,Malo,1,NISSAN,ARENA,1,,,,SIN DATOS,0,0,Morelia,Ampliacion La Soledad,noviembre,lunes,11,-101.183554405,19.7349146049992
42986,42992,2022,MOR 220731787,2022/11/21,21:30:00,COLISIÓN POR ALCANCE,ASFALTO,Bueno,Bueno,2,DINA,GRIS,2,,51,MASCULINO,SIN DATOS,0,0,Morelia,Lomas de Santiaguito,noviembre,lunes,22,-101.179519891941,19.7229539949395
42987,42993,2022,,2022/11/21,23:05:00,COLISIÓN POR ALCANCE,ASFALTO,Bueno,Bueno,1,SEAT,GRIS,1,,33,MASCULINO,SIN DATOS,0,0,Morelia,Trincheras de Morelos,noviembre,lunes,23,-101.190339624882,19.6643404209162
42988,42994,2022,,2022/11/22,"08:50:00",COLISIÓN POR ALCANCE,ASFALTO,Bueno,Bueno,2,VOLKSWAGEN,NEGRO,2,,0,MASCULINO,SIN DATOS,0,0,Morelia,Barrio Alto,noviembre,martes,9,-101.190695064204,19.7264690646931
42989,42995,2022,,2022/11/22,"09:05:00",COLISIÓN POR CORTE DE CIRCULACIÓN,ASFALTO,Bueno,Bueno,2,FREIGHTLINER,BLANCO,2,,23,MASCULINO,SIN DATOS,0,0,Morelia,Bello Horizonte,noviembre,martes,9,-101.188296998863,19.6600592599565
42991,42997,2022,,2022/11/22,14:00:00,COLISIÓN POR CORTE DE CIRCULACIÓN,ASFALTO,Bueno,Bueno,2,TOYOTA RAV4,BLANCO,2,,17,FEMENINO,SIN DATOS,0,0,Morelia,Jardines de Sindurio,noviembre,martes,14,-101.25724950047,19.6993034103532
42992,42998,2022,,2022/11/22,14:00:00,COLISIÓN POR CORTE DE CIRCULACIÓN,ASFALTO,Bueno,Bueno,2,FREIGHTLINER,VERDE,2,,43,,SIN DATOS,0,0,Morelia,Los Manantiales de Morelia,noviembre,martes,14,-101.241405196488,19.6953938084217
42993,42999,2022,,2022/11/22,14:13:00,COLISIÓN POR CORTE DE CIRCULACIÓN,ASFALTO,Bueno,Bueno,2,NISSAN,GRIS,2,,44,FEMENINO,SIN DATOS,0,0,Morelia,El Eden,noviembre,martes,14,-101.249641254544,19.6460321849589
42994,43000,2022,,2022/11/22,16:00:00,COLISIÓN CONTRA OBJETO FIJO,ASFALTO,Bueno,Bueno,1,TOYOTA,AZUL,1,,25,FEMENINO,SIN DATOS,0,0,Morelia,El Lago 1,noviembre,martes,16,-101.219319216907,19.7275987905542
42997,43003,2022,,2022/11/22,19:30:00,COLISIÓN POR CORTE DE CIRCULACIÓN,ASFALTO,Bueno,Bueno,2,FORD,ROJO,2,,,MASCULINO,SIN DATOS,0,0,Morelia,Tierra Y Libertad,noviembre,martes,20,-101.224766783416,19.717221271814
42998,43004,2022,,2022/11/22,23:00:00,SALIDA DE SUPERFICIE DE RODAMIENTO,ASFALTO,Bueno,Bueno,1,FORD,BLANCO,1,,,MASCULINO,SIN DATOS,0,0,Morelia,Felix Ireta,noviembre,martes,23,-101.188096962869,19.6900132646128
42999,43005,2022,,2022/11/23,"00:00:00",COLISIÓN POR INVASIÓN DE CARRIL,ASFALTO,Bueno,Regular,2,NISSAN,NARANJA,0,MINISTERIO PÚBLICO,,,,0,0,Gabriel Zamora,Lazaro Cardenas,noviembre,miércoles,0,-102.050741,19.157394
43000,43006,2022,,2022/11/23,"00:20:00",COLISIÓN POR ALCANCE,ASFALTO,Bueno,Regular,2,DODGE,NEGRO,2,,36,MASCULINO,SIN DATOS,0,0,Morelia,Santiaguito,noviembre,miércoles,0,-101.188606247306,19.718615037535
43001,43007,2022,,2022/11/23,"01:15:00",COLISIÓN POR ALCANCE,ASFALTO,Bueno,Regular,2,VOLKSWAGEN,VERDE,2,,42,MASCULINO,SIN DATOS,0,0,Morelia,Indeco El Vivero,noviembre,miércoles,1,-101.231870278716,19.6777119899492
43002,43008,2022,,2022/11/23,"06:23:00",COLISIÓN POR INVASIÓN DE CARRIL,ASFALTO,Bueno,Bueno,2,TOYOTA,BLANCO Y  ROSA,0,MINISTERIO PÚBLICO,,,,0,0,Morelia,3 de Agosto,noviembre,miércoles,6,-101.173794418573,19.730439779577
43005,43011,2022,MOR220734326,2022/11/23,"09:40:00",COLISIÓN POR ALCANCE,ASFALTO,Bueno,Bueno,3,INTERNACIONAL,BLANCO,3,,37,MASCULINO,SIN DATOS,0,0,Morelia,Los Angeles,noviembre,miércoles,10,-101.167963479351,19.7444751194994
43007,43013,2022,MOR220734650,2022/11/23,14:30:00,COLISIÓN POR CAMBIO DE CARRIL,ASFALTO,Bueno,Malo,2,DINA,BLANCO,2,,57,MASCULINO,SIN DATOS,0,0,Morelia,Insurgentes,noviembre,miércoles,15,-101.155416805,19.6953315299991
43008,43014,2022,MOR220734651,2022/11/23,15:14:00,COLISIÓN POR CORTE DE CIRCULACIÓN,ASFALTO,Bueno,Bueno,2,ITALIKA,NEGRO Y ROJO,1,,32,FEMENINO,SIN DATOS,0,0,Morelia,Eduardo Ruiz,noviembre,miércoles,15,-101.22322338,19.7220409149991
43009,43015,2022,,2022/11/23,16:00:00,CAIDA DE MOTOCICLETA,ASFALTO,Bueno,Bueno,2,ITALIKA,NEGRO Y  AMARILLO,2,MINISTERIO PÚBLICO,29,MASCULINO,SIN DATOS,0,0,Morelia,Centro,noviembre,miércoles,16,-101.18754847,19.7028479949991
43010,43016,2022,,2022/11/23,17:56:00,COLISIÓN CONTRA OBJETO FIJO,ASFALTO,Bueno,Bueno,2,FORD,ROJO,2,,41,MASCULINO,SIN DATOS,0,0,Morelia,Jardines de Torremolinos,noviembre,miércoles,18,-101.227770565645,19.6784160171512
43011,43017,2022,,2022/11/23,18:26:00,COLISIÓN POR CORTE DE CIRCULACIÓN,ASFALTO,Bueno,Bueno,2,SUZUKI,BLANCO,2,,56,MASCULINO,SIN DATOS,0,0,Morelia,Lomas del Valle,noviembre,miércoles,18,-101.230037015,19.6880963799991
43014,43020,2022,,2022/11/24,"07:30:00",COLISIÓN POR CORTE DE CIRCULACIÓN,ASFALTO,Bueno,Bueno,2,RENAULT,GRIS,2,,22,MASCULINO,SIN DATOS,0,0,Morelia,Felicitas del Rio,noviembre,jueves,8,-101.200257123757,19.6935246012511
43015,43021,2022,,2022/11/24,"07:55:00",COLISIÓN POR CORTE DE CIRCULACIÓN,ASFALTO,Bueno,Bueno,2,HONDA,PLATA,2,,35,MASCULINO,SIN DATOS,0,0,Morelia,Felicitas del Rio,noviembre,jueves,8,-101.200257123757,19.6935246012511
43017,43023,2022,,2022/11/24,14:00:00,COLISIÓN POR CORTE DE CIRCULACIÓN,ASFALTO,Bueno,Bueno,2,KENWORTH,ROJO,2,,31,MASCULINO,SIN DATOS,0,0,Morelia,Francisco J Mujica,noviembre,jueves,14,-101.18635693,19.7253651949991
43018,43024,2022,,2022/11/24,14:30:00,COLISIÓN POR CORTE DE CIRCULACIÓN,ASFALTO,Bueno,Bueno,2,ITALIKA,VERDE Y NEGRO,2,,32,MASCULINO,SIN DATOS,0,0,Morelia,Lomas de Hidalgo,noviembre,jueves,15,-101.163480405,19.6959576599991
43019,43025,2022,,2022/11/24,18:30:00,COLISIÓN CON PEATÓN,SIN_DATOS,Bueno,Bueno,2,NISSAN,BLANCO/ROJO,2,MINISTERIO PÚBLICO,62,MASCULINO,SIN DATOS,0,0,Pátzcuaro,Sin datos,noviembre,jueves,19,-101.542530432343,19.4929129224943
43020,43026,2022,LEG45967,2022/11/24,21:30:00,COLISIÓN POR NO RESPETAR SEMÁFORO,ASFALTO,Bueno,Regular,2,NISSAN,AZUL,2,,26,MASCULINO,SIN DATOS,0,0,Morelia,Chapultepec Oriente,noviembre,jueves,22,-101.15913378,19.6947918299991
43021,43027,2022,,2022/11/24,22:00:00,COLISIÓN POR CAMBIO DE CARRIL,ASFALTO,Bueno,Bueno,2,NISSAN,GRIS,2,,40,MASCULINO,SIN DATOS,0,0,Morelia,Dr Miguel Silva,noviembre,jueves,22,-101.185227946917,19.717204814836
43022,43028,2022,,2022/11/25,"01:50:00",COLISIÓN POR NO RESPETAR SEMÁFORO,ASFALTO,Bueno,Bueno,2,NISSAN,OCRE,2,MINISTERIO PÚBLICO,30,MASCULINO,ALIENTO ETÍLICO,0,0,Morelia,Cuauhtemoc,noviembre,viernes,2,-101.17854569,19.6974281599991
43023,43029,2022,,2022/11/25,"08:10:00",COLISIÓN POR CAMBIO DE CARRIL,ASFALTO,Bueno,Bueno,2,VOLKSWAGEN,BLANCO,2,,28,FEMENINO,SIN DATOS,0,0,Morelia,La Huerta,noviembre,viernes,8,-101.236542016268,19.6606887285312
43024,43030,2022,,2022/11/25,"08:30:00",COLISIÓN POR CORTE DE CIRCULACIÓN,ASFALTO,Bueno,Bueno,2,ITALIKA,ROJO,2,,42,MASCULINO,SIN DATOS,0,0,Morelia,Sin datos,noviembre,viernes,9,-101.284479126334,19.5949472174484
43025,43031,2022,,2022/11/25,11:00:00,COLISIÓN POR ALCANCE,ASFALTO,Bueno,Bueno,2,JEEP,NEGRO,2,,18,FEMENINO,SIN DATOS,0,0,Morelia,Mariano Michelena,noviembre,viernes,11,-101.23004000634,19.6769259036397
43026,43032,2022,,2022/11/25,11:50:00,COLISIÓN POR CORTE DE CIRCULACIÓN,ASFALTO,Bueno,Bueno,2,HYUNDAI,ROJO,2,,48,FEMENINO,SIN DATOS,0,0,Morelia,Ventura Puente,noviembre,viernes,12,-101.19069032371,19.692356482893
43027,43033,2022,LEG45975,2022/11/25,13:45:00,COLISIÓN POR INVASIÓN DE CARRIL,ASFALTO,Bueno,Bueno,2,TOYOTA,ROJO,3,MINISTERIO PÚBLICO,,MASCULINO,SIN DATOS,1,0,Morelia,Valle de Las Flores,noviembre,viernes,14,-101.127123981714,19.6875592094041
43028,43034,2022,,2022/11/25,14:10:00,COLISIÓN POR CAMBIO DE CARRIL,ASFALTO,Bueno,Bueno,2,KENWORTH,BLANCO,2,,25,MASCULINO,SIN DATOS,0,0,Morelia,Tres Puentes,noviembre,viernes,14,-101.21371474117,19.7026579658677
43029,43035,2022,,2022/11/25,15:00:00,COLISIÓN POR CAMBIO DE CARRIL,CONCRETO,Bueno,Bueno,2,HONDA,NEGRO,2,,29,MASCULINO,SIN DATOS,0,0,Morelia,San Rafael,noviembre,viernes,15,-101.153089776635,19.7015077427737
43030,43036,2022,,2022/11/25,15:38:00,COLISIÓN CONTRA OBJETO FIJO,ASFALTO,Bueno,Bueno,1,NISSAN,ROJO,1,,38,MASCULINO,SIN DATOS,0,0,Morelia,Tierra Y Libertad,noviembre,viernes,16,-101.230064816773,19.7160474818818
43031,43037,2022,,2022/11/25,15:45:00,COLISIÓN POR ALCANCE,ASFALTO,Bueno,Bueno,2,NISSAN,BLANCO,2,,,MASCULINO,SIN DATOS,0,0,Morelia,Barrio Alto,noviembre,viernes,16,-101.195611841977,19.7246242505809
43032,43038,2022,,2022/11/25,16:50:00,COLISIÓN POR ALCANCE,ASFALTO,Bueno,Bueno,2,CHEVROLET,GRIS,2,,51,FEMENINO,SIN DATOS,0,0,Morelia,Libertad,noviembre,viernes,17,-101.238105408847,19.6873524407501
43033,43039,2022,,2022/11/25,18:03:00,COLISIÓN POR INVASIÓN DE CARRIL,ASFALTO,Bueno,Bueno,2,NISSAN,ROJO,2,,,MASCULINO,SIN DATOS,0,0,Charo,La Goleta,noviembre,viernes,18,-101.081336997449,19.7388794470664
43034,43040,2022,MOR22073642,2022/11/25,18:50:00,COLISIÓN POR ALCANCE,ASFALTO,Bueno,Regular,4,MITSUBISHI,PLATA,5,MINISTERIO PÚBLICO,65,FEMENINO,SIN DATOS,1,0,Morelia,Elias Perez Avalos,noviembre,viernes,19,-101.169375479221,19.7131301710056
43035,43041,2022,,2022/11/25,19:00:00,COLISIÓN POR ALCANCE,ASFALTO,Bueno,Bueno,2,CHEVROLET,ROJO,2,,37,FEMENINO,SIN DATOS,0,0,Morelia,Diego Rivera,noviembre,viernes,19,-101.176017634571,19.7181857993868
43036,43042,2022,MOR 220738749,2022/11/25,21:10:00,COLISIÓN POR CORTE DE CIRCULACIÓN,CONCRETO,Bueno,Bueno,2,ITALIKA,BLANCO,2,MINISTERIO PÚBLICO,24,MASCULINO,SIN DATOS,0,0,Morelia,Juarez,noviembre,viernes,21,-101.197469942272,19.6933801898814
43037,43043,2022,,2022/11/26,"00:00:00",VOLCADURA,ASFALTO,Bueno,Bueno,1,VOLKSWAGEN,VERDE,1,,28,MASCULINO,SIN DATOS,0,0,Morelia,Lomas del Tecnologico,noviembre,sábado,0,-101.188313551247,19.7211412069307
43038,43044,2022,MOR220739192,2022/11/26,"01:04:00",COLISIÓN POR CORTE DE CIRCULACIÓN,ASFALTO,Bueno,Bueno,2,VOLKSWAGEN,NARANJA,2,,30,MASCULINO,SIN DATOS,0,0,Morelia,Vasco de Quiroga,noviembre,sábado,1,-101.178119815886,19.6991337243441
43039,43045,2022,,2022/11/26,"03:00:00",SALIDA DE SUPERFICIE DE RODAMIENTO,CONCRETO,Bueno,Regular,1,NISSAN,BLANCO/VERDE,1,,30,MASCULINO,SIN DATOS,0,0,Morelia,Leandro Valle,noviembre,sábado,3,-101.228279806674,19.7255413931602
43040,43046,2022,,2022/11/26,"03:58:00",COLISIÓN POR ALCANCE,ASFALTO,Bueno,Bueno,2,HONDA,DORADO,2,,28,MASCULINO,SIN DATOS,0,0,Morelia,Tzindurio de Morelos,noviembre,sábado,4,-101.243653222919,19.6999784130392
43041,43047,2022,,2022/11/26,10:00:00,COLISIÓN POR CAMBIO DE CARRIL,ASFALTO,Bueno,Bueno,4,TOYOTA,ROJO/AZUL,4,,29,MASCULINO,SIN DATOS,0,0,Morelia,Comision Federal de Electricidad,noviembre,sábado,10,-101.181340813637,19.6815104056721
43042,43048,2022,,2022/11/26,10:50:00,COLISIÓN POR CORTE DE CIRCULACIÓN,ASFALTO,Bueno,Bueno,2,MAN TRUCK,VERDE,2,,33,MASCULINO,SIN DATOS,0,0,Morelia,Elias Perez Avalos,noviembre,sábado,11,-101.165510751307,19.7104438496895
43043,43049,2022,,2022/11/26,13:30:00,COLISIÓN POR CORTE DE CIRCULACIÓN,ASFALTO,Bueno,Bueno,2,NISSAN,PLATA,2,,26,FEMENINO,SIN DATOS,0,0,Morelia,Felix Ireta,noviembre,sábado,14,-101.180786937475,19.6853908085122
43044,43050,2022,,2022/11/26,14:35:00,VOLCADURA,ASFALTO,Bueno,Bueno,1,CHEVROLET,ARENA,1,,32,MASCULINO,SIN DATOS,0,0,Morelia,La Soledad,noviembre,sábado,15,-101.185367815197,19.7272680433814
43045,43051,2022,,2022/11/26,16:04:00,COLISIÓN CON PEATÓN,ASFALTO,Bueno,Bueno,1,CHEVROLET,BLANCO/ROJO,2,MINISTERIO PÚBLICO,37,MASCULINO,SIN DATOS,1,0,Morelia,Fray Antonio de San Miguel Iglesias,noviembre,sábado,16,-101.147327553481,19.6860106793218
43046,43052,2022,,2022/11/26,17:55:00,COLISIÓN POR CAMBIO DE CARRIL,ASFALTO,Bueno,Bueno,2,FORD,CAFE,2,,59,MASCULINO,SIN DATOS,0,0,Morelia,Sentimientos de La Nacion,noviembre,sábado,18,-101.236872933805,19.6848026929744
43047,43053,2022,,2022/11/26,19:10:00,COLISIÓN POR MANIOBRA DE REVERSA,CONCRETO,Bueno,Bueno,2,FORD,ROJO,2,,38,MASCULINO,SIN DATOS,0,0,Morelia,Villas Oriente,noviembre,sábado,19,-101.143919974566,19.7545012642601
43048,43054,2022,,2022/11/26,19:25:00,COLISIÓN POR CAMBIO DE CARRIL,ASFALTO,Bueno,Bueno,2,SEAT,ROJO,2,,27,MASCULINO,SIN DATOS,0,0,Morelia,Loma de Los Piñones,noviembre,sábado,19,-101.203521341085,19.6749373090463
43049,43055,2022,,2022/11/26,19:40:00,COLISIÓN POR INVASIÓN DE CARRIL,ASFALTO,Bueno,Bueno,2,FORD,GRIS,2,,33,MASCULINO,SIN DATOS,0,0,Charo,San Pedro Y San Pablo,noviembre,sábado,20,-101.046818979084,19.7521879874808
43050,43056,2022,,2022/11/26,20:00:00,COLISIÓN POR ALCANCE,ASFALTO,Bueno,Bueno,2,CHEVROLET,NEGRO,2,,45,MASCULINO,SIN DATOS,0,0,Charo,Sin datos,noviembre,sábado,20,-101.079731024802,19.686726450968
43051,43057,2022,,2022/11/26,21:00:00,COLISIÓN POR CAMBIO DE CARRIL,ASFALTO,Bueno,Bueno,2,CHEVROLET,BLANCO,2,,45,MASCULINO,SIN DATOS,0,0,Charo,Sin datos,noviembre,sábado,21,-101.079730354249,19.6867258196104
43052,43058,2022,,2022/11/26,21:05:00,SALIDA DE SUPERFICIE DE RODAMIENTO,CONCRETO,Bueno,Bueno,1,CHEVROLET,ROJO,1,,17,MASCULINO,SIN DATOS,0,0,Morelia,La Calera,noviembre,sábado,21,-101.235806420445,19.6695687065192
43053,43059,2022,,2022/11/26,21:25:00,COLISIÓN POR CORTE DE CIRCULACIÓN,CONCRETO,Bueno,Bueno,2,ITALIKA,NEGRO/AMARILLO,2,,24,MASCULINO,SIN DATOS,0,0,Morelia,Vasco de Quiroga,noviembre,sábado,21,-101.168953031301,19.7035749188048
43054,43060,2022,,2022/11/26,22:00:00,COLISIÓN POR CORTE DE CIRCULACIÓN,ASFALTO,Bueno,Bueno,2,FORD,ROJO,0,MINISTERIO PÚBLICO,,,,0,0,Lázaro Cárdenas,Centro,noviembre,sábado,22,-102.192043103278,17.9538063615574
43055,43061,2022,,2022/11/26,22:10:00,COLISIÓN POR ALCANCE,ASFALTO,Bueno,Bueno,2,RENAULT,ROJO,2,MINISTERIO PÚBLICO,,FEMENINO,SIN DATOS,0,0,Morelia,Rafael Carrillo,noviembre,sábado,22,-101.235076524317,19.7095739655557
43056,43062,2022,,2022/11/26,22:50:00,COLISIÓN POR CAMBIO DE CARRIL,ASFALTO,Bueno,Bueno,2,FORD,BLANCO,2,,36,MASCULINO,SIN DATOS,0,0,Morelia,Obrera,noviembre,sábado,23,-101.181483305991,19.7132766217223
43057,43063,2022,,2022/11/27,"02:00:00",SALIDA DE SUPERFICIE DE RODAMIENTO,ASFALTO,Bueno,Bueno,1,DODGE,BLANCO,0,MINISTERIO PÚBLICO,,,,0,0,Lázaro Cárdenas,Infonavit Nuevo Horizonte,noviembre,domingo,2,-102.210285812616,17.956823602548
43058,43064,2022,,2022/11/27,"02:40:00",COLISIÓN CONTRA OBJETO FIJO,CONCRETO,Bueno,Bueno,3,CHEVROLET,GUINDA,3,,41,MASCULINO,SIN DATOS,0,0,Morelia,Arboledas de Valladolid,noviembre,domingo,3,-101.250234358013,19.6977814555814
43059,43065,2022,,2022/11/27,"03:20:00",COLISIÓN POR MANIOBRA DE REVERSA,CONCRETO,Bueno,Bueno,2,RENAULT,BLANCO,2,,,MASCULINO,SIN DATOS,0,0,Morelia,La Nueva Aldea Ii,noviembre,domingo,3,-101.153483055532,19.7517471641891
43060,43066,2022,,2022/11/27,"04:10:00",COLISIÓN CONTRA OBJETO FIJO,CONCRETO,Bueno,Bueno,1,CHEVROLET,BLANCO,1,,,,SIN DATOS,0,0,Morelia,Elias Perez Avalos,noviembre,domingo,4,-101.167000047863,19.7114147307479
43061,43067,2022,,2022/11/27,"04:30:00",COLISIÓN CONTRA OBJETO FIJO,ASFALTO,Bueno,Bueno,1,NISSAN,BLANCO,1,,25,MASCULINO,SIN DATOS,0,0,Morelia,Chapultepec Norte,noviembre,domingo,5,-101.168292202055,19.6949746091579
43062,43068,2022,MOR220741667,2022/11/27,"09:00:00",SALIDA DE SUPERFICIE DE RODAMIENTO,ASFALTO,Bueno,Bueno,1,DODGE,BLANCO,1,,51,MASCULINO,SIN DATOS,0,0,Morelia,Sin datos,noviembre,domingo,9,-101.275924408994,19.6208266134515
43063,43069,2022,MOR220741857,2022/11/27,11:30:00,COLISIÓN POR CORTE DE CIRCULACIÓN,CONCRETO,Bueno,Regular,2,MAZDA,ROJO,2,,21,MASCULINO,SIN DATOS,0,0,Morelia,Tzindurio de Morelos,noviembre,domingo,12,-101.244267185,19.6989302849992
43065,43071,2022,LEG46021,2022/11/27,12:45:00,COLISIÓN POR NO RESPETAR SEMÁFORO,CONCRETO,Bueno,Bueno,2,TOYOTA,BLANCO Y  GRIS,5,MINISTERIO PÚBLICO,21,MASCULINO,SIN DATOS,3,0,Morelia,Ventura Puente,noviembre,domingo,13,-101.193225725,19.6917077449992