fid,id_accidente,anio_origen,folio_c5i,dia_incidente,hora_ocurrencia,tipo_incidente_vial,superficie_ocurrencia,condiciones_climaticas,condiciones_via,numero_vehiculos_involucrados,marca_vehiculo_ocasiona_siniestro,color_vehiculo_ocasiona_siniestro,numero_personas_involucradas,lugar_remite_presunto_responsable,edad_presunto_responsable,sexo_presunto_responsable,resultados_toxicologia,numero_personas_lesionadas,numero_personas_fallecidas,municipio,colonia,mes,dia_semana,hora_redondeada,lon,lat
43066,43072,2022,,2022/11/27,14:00:00,COLISIÓN POR ALCANCE,ASFALTO,Bueno,Bueno,2,NISSAN,BLANCO,2,,,MASCULINO,SIN DATOS,0,0,Morelia,Jardines de Torremolinos,noviembre,domingo,14,-101.228066235781,19.6769319019032
43069,43075,2022,,2022/11/27,17:22:00,COLISIÓN POR CORTE DE CIRCULACIÓN,CONCRETO,Bueno,Bueno,1,AGUICAR,AZUL,1,,49,MASCULINO,SIN DATOS,0,0,Morelia,Centro,noviembre,domingo,17,-101.18015806,19.7039968049991
43070,43076,2022,,2022/11/27,17:50:00,COLISIÓN POR ALCANCE,CONCRETO,Bueno,Bueno,2,ITALIKA,NEGRO,2,MINISTERIO PÚBLICO,52,MASCULINO,SIN DATOS,0,0,Morelia,Torreon Nuevo,noviembre,domingo,18,-101.203742623329,19.7424760243244
43071,43077,2022,,2022/11/27,19:02:00,COLISIÓN POR CAMBIO DE CARRIL,ASFALTO,Bueno,Bueno,2,CHEVROLET,NEGRO,2,MINISTERIO PÚBLICO,,MASCULINO,SIN DATOS,0,0,Morelia,Sentimientos de La Nacion,noviembre,domingo,19,-101.23686991632,19.6848026929744
43073,43079,2022,,2022/11/27,20:45:00,COLISIÓN POR MANIOBRA DE REVERSA,ASFALTO,Bueno,Bueno,2,TOYOTA,BLANCO Y ROSa,2,,36,MASCULINO,SIN DATOS,0,0,Morelia,Torreon Nuevo,noviembre,domingo,21,-101.20358663,19.7462449699991
43074,43080,2022,,2022/11/27,23:50:00,COLISIÓN POR INVASIÓN DE CARRIL,ASFALTO,Bueno,Bueno,2,KENWORTH,BLANCO,2,,38,MASCULINO,SIN DATOS,0,0,Morelia,Plan de La Garita,noviembre,domingo,0,-101.185337975621,19.7122776610452
43075,43081,2022,MOR 220743294,2022/11/28,"04:50:00",VOLCADURA,ASFALTO,Bueno,Bueno,1,CHEVROLET,BLANCO,1,MINISTERIO PÚBLICO,21,MASCULINO,SIN DATOS,0,0,Morelia,Sin datos,noviembre,lunes,5,-101.336985020264,19.6895878765073
43076,43082,2022,MOR220743311,2022/11/28,"06:00:00",COLISIÓN CONTRA OBJETO FIJO,ASFALTO,Bueno,Bueno,1,VOLKSWAGEN,GRIS,1,,39,MASCULINO,ALIENTO ETÍLICO,0,0,Morelia,Tenencia Morelos,noviembre,lunes,6,-101.243929623155,19.6466055443724
43077,43083,2022,,2022/11/28,"07:25:00",COLISIÓN CONTRA OBJETO FIJO,ASFALTO,Bueno,Bueno,1,VOLKSWAGEN,BLANCO,1,,35,MASCULINO,SIN DATOS,0,0,Morelia,Primo Tapia Oriente,noviembre,lunes,7,-101.160671657864,19.7148130515494
43080,43086,2022,,2022/11/28,"09:00:00",COLISIÓN POR ALCANCE,ASFALTO,Bueno,Bueno,2,FORD,NEGRO,2,,46,MASCULINO,SIN DATOS,0,0,Morelia,Sin datos,noviembre,lunes,9,-101.262146,19.640194
43084,43090,2022,,2022/11/28,11:20:00,COLISIÓN POR CAMBIO DE CARRIL,ASFALTO,Bueno,Bueno,2,NISSAN,AZUL,2,,37,MASCULINO,SIN DATOS,0,0,Morelia,Indeco El Vivero,noviembre,lunes,11,-101.231883019209,19.6777173567903
43085,43091,2022,,2022/11/28,12:18:00,SALIDA DE SUPERFICIE DE RODAMIENTO,ASFALTO,Bueno,Bueno,1,KENWORTH,BLANCO,1,,75,MASCULINO,SIN DATOS,0,0,Morelia,Felix Ireta,noviembre,lunes,12,-101.189522892237,19.6857064896063
43086,43092,2022,,2022/11/28,12:35:00,COLISIÓN POR ALCANCE,ASFALTO,Bueno,Bueno,2,CADILLAC/ESCALADE,ARENA,2,,32,MASCULINO,SIN DATOS,0,0,Morelia,Arcos del Valle,noviembre,lunes,13,-101.236249655485,19.7076249155328
43087,43093,2022,,2022/11/28,13:00:00,COLISIÓN POR CAMBIO DE CARRIL,ASFALTO,Bueno,Bueno,2,JEEP,CAFE,2,,50,MASCULINO,SIN DATOS,0,0,Morelia,Lindavista,noviembre,lunes,13,-101.216177679598,19.7038833042055
43088,43094,2022,,2022/11/28,13:10:00,COLISIÓN POR CAMBIO DE CARRIL,ASFALTO,Bueno,Bueno,2,MERCEDEZ BENZ,GRIS,2,,52,MASCULINO,SIN DATOS,0,0,Morelia,Morelia 450,noviembre,lunes,13,-101.217532195151,19.6757395058345
43089,43095,2022,,2022/11/28,16:30:00,COLISIÓN POR CORTE DE CIRCULACIÓN,ASFALTO,Bueno,Bueno,2,ITALIKA,VERDE Y NEGRO,2,,30,MASCULINO,SIN DATOS,0,0,Morelia,Isaac Arriaga,noviembre,lunes,17,-101.174296326935,19.7064220162903
43090,43096,2022,,2022/11/28,18:00:00,COLISIÓN POR CORTE DE CIRCULACIÓN,ASFALTO,Bueno,Bueno,2,TOYOTA,plomo,0,MINISTERIO PÚBLICO,,,,0,0,Lázaro Cárdenas,Centro,noviembre,lunes,18,-102.195362001657,17.9520546796353
43091,43097,2022,,2022/11/28,18:20:00,COLISIÓN POR MANIOBRA DE REVERSA,ASFALTO,Bueno,Bueno,2,MACK,VERDE,2,,60,MASCULINO,SIN DATOS,0,0,Morelia,Chapultepec Oriente,noviembre,lunes,18,-101.159369498491,19.6902815858366
43092,43098,2022,,2022/11/28,19:42:00,COLISIÓN POR CAMBIO DE CARRIL,ASFALTO,Bueno,Bueno,2,DODGE,GRIS,2,,,MASCULINO,SIN DATOS,0,0,Morelia,Fuentes de Morelia,noviembre,lunes,20,-101.204972080886,19.6738478177215
43093,43099,2022,,2022/11/28,22:45:00,COLISIÓN CONTRA OBJETO FIJO,ASFALTO,Bueno,Bueno,1,NISSAN/TSURU,BLANCO ROJO,0,,,,,0,0,Morelia,Eduardo Ruiz,noviembre,lunes,23,-101.224096901715,19.7248514852962
43094,43100,2022,,2022/11/28,29:40:00,COLISIÓN POR CORTE DE CIRCULACIÓN,ASFALTO,Bueno,Bueno,2,TOYOTA,BLANCO,2,,48,MASCULINO,SIN DATOS,0,0,Morelia,Tinijaro,noviembre,lunes,,-101.258029527962,19.6971637136915
43096,43102,2022,MOR220745224,2022/11/29,"08:00:00",SUBIDA AL CAMELLÓN,ASFALTO,Bueno,Bueno,1,NISSAN,NEGRO,1,,25,MASCULINO,SIN DATOS,0,0,Morelia,La Soledad,noviembre,martes,8,-101.185166715661,19.7274533823308
43098,43104,2022,,2022/11/29,10:00:00,COLISIÓN POR CAMBIO DE CARRIL,CONCRETO,Bueno,Bueno,2,INTERNATIONAL,ROJO,2,MINISTERIO PÚBLICO,55,MASCULINO,SIN DATOS,0,0,Morelia,Infonavit Colonial Universidad,noviembre,martes,10,-101.207,19.6853
43099,43105,2022,,2022/11/29,10:41:00,COLISIÓN POR CORTE DE CIRCULACIÓN,ASFALTO,Bueno,Bueno,2,ITALIKA,BLANCO,2,MINISTERIO PÚBLICO,21,MASCULINO,SIN DATOS,0,0,Morelia,Pascual Ortiz de Ayala,noviembre,martes,11,-101.151504422657,19.696032531912
43100,43106,2022,MOR220745563,2022/11/29,11:40:00,COLISIÓN POR CAMBIO DE CARRIL,ASFALTO,Bueno,Regular,3,FREIGHTLINER,BLANCO,2,,38,MASCULINO,SIN DATOS,0,0,Morelia,Lazaro Cardenas,noviembre,martes,12,-101.164980132847,19.7101528819772
43103,43109,2022,,2022/11/29,18:40:00,COLISIÓN POR INVASIÓN DE CARRIL,ASFALTO,Bueno,Bueno,2,SEAT,PLATA,2,,28,FEMENINO,SIN DATOS,0,0,Morelia,Felix Ireta,noviembre,martes,19,-101.1927328,19.6901125899992
43105,43111,2022,,2022/11/29,22:38:00,COLISIÓN POR ALCANCE,ASFALTO,Bueno,Bueno,2,MAZDA,PLATA,2,,40,MASCULINO,SIN DATOS,0,0,Morelia,Santa Maria,noviembre,martes,23,-101.200954146074,19.6778661944957
43107,43113,2022,,2022/11/30,"07:45:00",COLISIÓN POR CAMBIO DE CARRIL,ASFALTO,Bueno,Bueno,2,NISSAN URVAN,BCO/VERDE,2,,44,MASCULINO,SIN DATOS,0,0,Morelia,Loma Real,noviembre,miércoles,8,-101.196364711501,19.7288932323917
43108,43114,2022,,2022/11/30,"08:35:00",COLISIÓN POR CORTE DE CIRCULACIÓN,ASFALTO,Bueno,Bueno,2,TOYOTA HIACE,BLANCO CON AMARILLO,2,,28,MASCULINO,SIN DATOS,0,0,Morelia,Felix Ireta,noviembre,miércoles,9,-101.188582604864,19.6860148664875
43109,43115,2022,,2022/11/30,"09:10:00",COLISIÓN POR CORTE DE CIRCULACIÓN,ASFALTO,Bueno,Bueno,2,TOYOTA,BLANCO,2,,0,,SIN DATOS,0,0,Morelia,Ejidal Ocolusen,noviembre,miércoles,9,-101.155585494629,19.6843663227041
43112,43118,2022,,2022/11/30,11:00:00,COLISIÓN POR ALCANCE,ASFALTO,Bueno,Bueno,2,TOYOTA,PLATA,2,,52,MASCULINO,SIN DATOS,0,0,Morelia,Colinas del Sur,noviembre,miércoles,11,-101.199421622198,19.6652855893338
43115,43121,2022,,2022/11/30,15:00:00,COLISIÓN CONTRA OBJETO FIJO,ASFALTO,Bueno,Bueno,1,NISSAN,ROJO,0,MINISTERIO PÚBLICO,,,,0,0,Lázaro Cárdenas,Solidaridad Nacional,noviembre,miércoles,15,-102.212856374681,17.9679560107518
43123,43129,2022,,2022/12/01,"00:15:00",COLISIÓN CONTRA OBJETO FIJO,ASFALTO,Bueno,Bueno,0,,,0,MINISTERIO PÚBLICO,,,,0,0,Huandacareo,Centro,diciembre,jueves,0,-101.275201,19.989378
43125,43131,2022,,2022/12/01,"05:00:00",COLISIÓN POR MANIOBRA DE REVERSA,ASFALTO,Bueno,Bueno,2,MERCURI,CAFE,1,MINISTERIO PÚBLICO,0,,SIN DATOS,0,0,Morelia,Ventura Puente,diciembre,jueves,5,-101.18052533796,19.6918359750485
43127,43133,2022,,2022/12/01,"07:50:00",COLISIÓN POR CAMBIO DE CARRIL,ASFALTO,Nublado,Regular,2,VOLKSWAGEN,BLANCO,2,,35,MASCULINO,SIN DATOS,0,0,Morelia,Lomas de Morelia (Dr Ignacio Chavez),diciembre,jueves,8,-101.175452644618,19.7162004988672
43130,43136,2022,MOR 220749359,2022/12/01,13:00:00,COLISIÓN POR CORTE DE CIRCULACIÓN,ASFALTO,Bueno,Bueno,2,CHEVROLET,BLANCO Y AZUL,2,,42,MASCULINO,SIN DATOS,0,0,Morelia,Del Empleado,diciembre,jueves,13,-101.178121585234,19.6891958112743
43131,43137,2022,,2022/12/01,13:37:00,COLISIÓN POR ALCANCE,ASFALTO,Bueno,Bueno,2,NISSAN,PLATA,2,,54,MASCULINO,SIN DATOS,0,0,Morelia,Niño Artillero,diciembre,jueves,14,-101.253887533225,19.6966180829493
43141,43147,2022,,2022/12/02,"08:07:00",COLISIÓN POR ALCANCE,ASFALTO,Bueno,Bueno,2,VOLKSWAGEN,BLANCO,2,MINISTERIO PÚBLICO,,MASCULINO,SIN DATOS,0,0,Morelia,La Loma,diciembre,viernes,8,-101.186489649117,19.6810693874574
43142,43148,2022,,2022/12/02,10:00:00,COLISIÓN POR ALCANCE,ASFALTO,Bueno,Bueno,2,TOYOTA,ROJO,2,,64,MASCULINO,SIN DATOS,0,0,Morelia,Felix Ireta,diciembre,viernes,10,-101.19285620749,19.6821285236461
43143,43149,2022,,2022/12/02,10:00:00,COLISIÓN POR CAMBIO DE CARRIL,ASFALTO,Bueno,Bueno,2,NISSAN,CREMA,2,,30,FEMENINO,SIN DATOS,0,0,Morelia,Santiaguito,diciembre,viernes,10,-101.188723258674,19.7173393131318
43144,43150,2022,,2022/12/02,12:00:00,COLISIÓN POR ALCANCE,SIN_DATOS,Bueno,Bueno,3,NISSAN,PLATA,0,MINISTERIO PÚBLICO,,,,0,0,Lázaro Cárdenas,1Er Sect de Fidelac,diciembre,viernes,12,-102.194227427244,17.9615723038588
43145,43151,2022,,2022/12/02,13:40:00,COLISIÓN POR CORTE DE CIRCULACIÓN,ASFALTO,Bueno,Bueno,2,HONDA,BLANCO,2,MINISTERIO PÚBLICO,,FEMENINO,SIN DATOS,0,0,Morelia,San Pascual,diciembre,viernes,14,-101.26732069999,19.6952495509676
43146,43152,2022,,2022/12/02,14:00:00,COLISIÓN POR ALCANCE,ASFALTO,Bueno,Bueno,3,SUZUKI,BLANCO,3,,42,FEMENINO,SIN DATOS,0,0,Morelia,Rafael Carrillo,diciembre,viernes,14,-101.236714683473,19.7076769957208
43147,43153,2022,,2022/12/02,14:10:00,COLISIÓN POR CORTE DE CIRCULACIÓN,ASFALTO,Bueno,Bueno,2,VENTO,NEGRO,2,,33,MASCULINO,SIN DATOS,0,0,Morelia,Buenavista,diciembre,viernes,14,-101.163107156754,19.70670767017
43148,43154,2022,,2022/12/02,14:50:00,COLISIÓN POR CORTE DE CIRCULACIÓN,ASFALTO,Bueno,Bueno,2,KURAZAI,NEGRO,2,,,MASCULINO,SIN DATOS,0,0,Morelia,Valle de Las Flores,diciembre,viernes,15,-101.127125658095,19.68755636831
43149,43155,2022,,2022/12/02,15:00:00,COLISIÓN POR ALCANCE,ASFALTO,Bueno,Bueno,2,FREIGTHLINER,BLANCO,2,,,MASCULINO,SIN DATOS,0,0,Morelia,La Rinconada,diciembre,viernes,15,-101.15930378437,19.6914413596953
43150,43156,2022,,2022/12/02,18:00:00,COLISIÓN POR NO RESPETAR SEMÁFORO,ASFALTO,Bueno,Bueno,2,ITALIKA,NEGRO,3,MINISTERIO PÚBLICO,,MASCULINO,SIN DATOS,1,0,Morelia,Las Americas,diciembre,viernes,18,-101.156504228711,19.6876715904232
43151,43157,2022,,2022/12/02,18:00:00,COLISIÓN POR MANIOBRA DE REVERSA,ASFALTO,Bueno,Bueno,2,DINA,AZUL,2,,27,MASCULINO,SIN DATOS,0,0,Morelia,Paseo de Las Lomas,diciembre,viernes,18,-101.150324419141,19.6971116300813
43152,43158,2022,,2022/12/02,18:55:00,COLISIÓN POR CAMBIO DE CARRIL,ASFALTO,Bueno,Bueno,2,TOYOTA,BLANCO/GRIS,2,,26,MASCULINO,SIN DATOS,0,0,Morelia,Santillan La Huerta,diciembre,viernes,19,-101.220108121634,19.6753871837728
43153,43159,2022,,2022/12/02,19:00:00,COLISIÓN POR ALCANCE,ASFALTO,Bueno,Bueno,2,TOYOTA,CAFE,2,,31,MASCULINO,SIN DATOS,0,0,Morelia,Xangari,diciembre,viernes,19,-101.220689825714,19.6741227958019
43154,43160,2022,,2022/12/02,20:05:00,COLISIÓN POR INVASIÓN DE CARRIL,ASFALTO,Bueno,Bueno,2,DODGE,MORA OBSCURO,2,,,MASCULINO,SIN DATOS,0,0,Morelia,Junta de Jaujilla,diciembre,viernes,20,-101.226114928722,19.6913835921705
43155,43161,2022,,2022/12/02,21:35:00,COLISIÓN POR CORTE DE CIRCULACIÓN,ASFALTO,Bueno,Bueno,1,CHEVROLET,GRIS,1,,36,MASCULINO,SIN DATOS,0,0,Morelia,La Huerta,diciembre,viernes,22,-101.217084601521,19.675517568282
43156,43162,2022,,2022/12/03,"00:00:00",COLISIÓN CONTRA OBJETO FIJO,CONCRETO,Bueno,Bueno,1,NISSAN,AZUL,1,,25,MASCULINO,SIN DATOS,0,0,Morelia,Lomas de Santa Maria,diciembre,sábado,0,-101.177708096802,19.6746373918604
43157,43163,2022,,2022/12/03,"00:40:00",COLISIÓN CON PEATÓN,CONCRETO,Bueno,Bueno,2,DODGE,PLATA,2,,,,SIN DATOS,0,0,Morelia,Felix Ireta,diciembre,sábado,1,-101.190783530474,19.687778289183
43158,43164,2022,,2022/12/03,14:42:00,COLISIÓN POR ALCANCE,ASFALTO,Bueno,Bueno,4,JEEP,BLANCO,4,,26,FEMENINO,SIN DATOS,0,0,Morelia,Barrio Alto,diciembre,sábado,15,-101.195609495044,19.7246220413529
43159,43165,2022,MOR220753669,2022/12/03,16:15:00,COLISIÓN POR INVASIÓN DE CARRIL,SIN_DATOS,Bueno,Bueno,2,MERCEDES BENZ,BLANCO,2,,51,MASCULINO,SIN DATOS,0,0,Morelia,Cosmos,diciembre,sábado,16,-101.216008365154,19.6844986903763
43160,43166,2022,MOR 220753816,2022/12/03,17:10:00,COLISIÓN POR CAMBIO DE CARRIL,ASFALTO,Bueno,Bueno,2,SEAT,NEGRO,2,,25,MASCULINO,SIN DATOS,0,0,Morelia,Arcos del Valle,diciembre,sábado,17,-101.236248984933,19.7076283875459
43161,43167,2022,MOR2207754066,2022/12/03,18:45:00,COLISIÓN CONTRA OBJETO FIJO,ASFALTO,Bueno,Bueno,1,NISSAN,BLANCO,1,,17,MASCULINO,SIN DATOS,0,0,Morelia,Ciudad Industrial,diciembre,sábado,19,-101.137946359813,19.7286165912514
43162,43168,2022,,2022/12/03,19:08:00,COLISIÓN CON PEATÓN,CONCRETO,Bueno,Bueno,1,GMC,AMARILLO,2,MINISTERIO PÚBLICO,44,MASCULINO,SIN DATOS,1,0,Morelia,Union Antorchista,diciembre,sábado,19,-101.268190070987,19.6976008996906
43163,43169,2022,,2022/12/03,19:15:00,COLISIÓN POR CAMBIO DE CARRIL,CONCRETO,Bueno,Bueno,4,NISSAN,BLANCO/VERDE,4,,63,MASCULINO,SIN DATOS,0,0,Morelia,Nueva Chapultepec,diciembre,sábado,19,-101.163797490299,19.6882732694817
43164,43170,2022,MOR220754110,2022/12/03,20:00:00,COLISIÓN CONTRA OBJETO FIJO,ASFALTO,Bueno,Bueno,2,CHRYSLER,GUINDA,2,,,,SIN DATOS,0,0,Morelia,Nuevo Amanecer,diciembre,sábado,20,-101.149732656777,19.7083284700941
43165,43171,2022,MOR220754388,2022/12/03,21:40:00,COLISIÓN POR CORTE DE CIRCULACIÓN,CONCRETO,Bueno,Regular,2,INTERNATIONAL,BLANCO/AZUL,2,,42,MASCULINO,SIN DATOS,0,0,Morelia,Tenencia Morelos,diciembre,sábado,22,-101.243269667029,19.649949442227
43166,43172,2022,MOR 220754654,2022/12/04,"00:10:00",COLISIÓN POR CORTE DE CIRCULACIÓN,ASFALTO,Bueno,Regular,2,NISSAN,BLANCO,1,,56,MASCULINO,SIN DATOS,0,0,Morelia,Vasco de Quiroga,diciembre,domingo,0,-101.174617856741,19.7028110547614
43167,43173,2022,LEG46122,2022/12/04,"01:36:00",COLISIÓN CONTRA OBJETO FIJO,CONCRETO,Bueno,Bueno,1,MAZDA,GRIS,1,MINISTERIO PÚBLICO,,,SIN DATOS,0,0,Morelia,Sin datos,diciembre,domingo,2,-101.123903654516,19.7640760950714
43168,43174,2022,,2022/12/04,"02:35:00",VOLCADURA,ASFALTO,Bueno,Bueno,1,CHEVROLET,VERDE,1,,22,MASCULINO,SIN DATOS,0,0,Los Reyes,Sin datos,diciembre,domingo,3,-102.529563903809,19.594854858191
43169,43175,2022,,2022/12/04,"02:41:00",COLISIÓN CONTRA OBJETO FIJO,TERRACERIA,Bueno,Bueno,1,NISSAN,BLANCO,1,,,,SIN DATOS,0,0,Morelia,Solidaridad,diciembre,domingo,3,-101.20918918401,19.7317551637376
43170,43176,2022,,2022/12/04,"04:00:00",COLISIÓN POR CORTE DE CIRCULACIÓN,ASFALTO,Bueno,Bueno,3,MITSUBISHI,GRIS,0,MINISTERIO PÚBLICO,,,,0,0,Lázaro Cárdenas,Marina 3,diciembre,domingo,4,-102.212050706148,17.9716845170268
43171,43177,2022,MOR220755021,2022/12/04,"06:35:00",COLISIÓN POR ALCANCE,ASFALTO,Bueno,Bueno,2,BMW,AMARILLO,2,,32,MASCULINO,SIN DATOS,0,0,Morelia,Sin datos,diciembre,domingo,7,-101.118462793529,19.6882903159699
43172,43178,2022,MOLR220755031,2022/12/04,"06:40:00",COLISIÓN CONTRA OBJETO FIJO,ASFALTO,Bueno,Bueno,1,VOLKSWAGEN,BLANCO,1,,40,MASCULINO,SIN DATOS,0,0,Morelia,Prados Verdes,diciembre,domingo,7,-101.200603097677,19.7182871123183
43173,43179,2022,,2022/12/04,11:50:00,COLISIÓN POR CORTE DE CIRCULACIÓN,ASFALTO,Bueno,Bueno,2,CHEVROLET,NEGRO,2,MINISTERIO PÚBLICO,30,MASCULINO,SIN DATOS,0,1,Peribán,Sin datos,diciembre,domingo,12,-102.443923652172,19.5515350366175
43174,43180,2022,,2022/12/04,12:25:00,COLISIÓN POR CAMBIO DE CARRIL,ASFALTO,Bueno,Bueno,2,HONDA,ROJO,2,,18,MASCULINO,SIN DATOS,0,0,Morelia,La Hacienda,diciembre,domingo,12,-101.317280195653,19.6755719319651
43175,43181,2022,,2022/12/04,14:20:00,COLISIÓN POR CAMBIO DE CARRIL,ASFALTO,Bueno,Bueno,2,MERCEDES BENZ C180,NEGRO,2,,29,MASCULINO,SIN DATOS,0,0,Morelia,Josefa Ortiz de Dominguez,diciembre,domingo,14,-101.209935173392,19.672088704532
43176,43182,2022,,2022/12/04,17:30:00,COLISIÓN POR ALCANCE,ASFALTO,Bueno,Bueno,2,VOLKSWAGEN,NEGRO,2,,38,,SIN DATOS,0,0,Morelia,Union,diciembre,domingo,18,-101.155044436455,19.7091371279071
43177,43183,2022,,2022/12/04,18:20:00,COLISIÓN POR ALCANCE,ASFALTO,Bueno,Bueno,2,Nissan,Café,2,,,MASCULINO,SIN DATOS,0,0,Morelia,Club Campestre La Huerta,diciembre,domingo,18,-101.234674192965,19.666665071612
43178,43184,2022,,2022/12/04,20:30:00,COLISIÓN POR CAMBIO DE CARRIL,ASFALTO,Bueno,Bueno,2,VOLKSWAGEN,rojo,2,,56,MASCULINO,SIN DATOS,0,0,Morelia,Primo Tapia Oriente,diciembre,domingo,21,-101.158659048378,19.7134877756447
43179,43185,2022,,2022/12/04,20:30:00,COLISIÓN POR ALCANCE,ASFALTO,Bueno,Bueno,3,VOLKSWAGEN JETTA,NEGRO,3,,69,FEMENINO,SIN DATOS,0,0,Morelia,Avicola Benito Juarez,diciembre,domingo,21,-101.279538497329,19.6913494998511
43180,43186,2022,,2022/12/04,21:10:00,COLISIÓN POR ALCANCE,ASFALTO,Bueno,Bueno,2,TOYOTA,GRIS,2,,,MASCULINO,SIN DATOS,0,0,Morelia,Centro,diciembre,domingo,21,-101.188876479864,19.7028722902778
43181,43187,2022,,2022/12/04,23:30:00,COLISIÓN POR ALCANCE,ASFALTO,Bueno,Bueno,4,VOLSKWAGEN,GRIS,4,,36,MASCULINO,SIN DATOS,0,0,Morelia,Campestre Los Manantiales,diciembre,domingo,0,-101.238254606724,19.6876965288971
43182,43188,2022,,2022/12/05,"02:20:00",COLISIÓN CONTRA OBJETO FIJO,CONCRETO,Bueno,Bueno,1,VOLKSWAGEN,AZUL,1,MINISTERIO PÚBLICO,0,,SIN DATOS,0,0,Morelia,Centro,diciembre,lunes,2,-101.200236976147,19.7012287082632
43183,43189,2022,,2022/12/05,"07:45:00",COLISIÓN CONTRA OBJETO FIJO,ASFALTO,Bueno,Bueno,1,VOLKSWAGEN,ROJO,1,,71,MASCULINO,SIN DATOS,0,0,Morelia,Praderas del Indio,diciembre,lunes,8,-101.223494028547,19.6450845894654
43184,43190,2022,,2022/12/05,"07:55:00",COLISIÓN POR ALCANCE,ASFALTO,Bueno,Bueno,2,NISSAN,BLANCO,2,,27,MASCULINO,SIN DATOS,0,0,Morelia,Bonanza,diciembre,lunes,8,-101.203529531385,19.6577251316519
43185,43191,2022,,2022/12/05,"08:12:00",COLISIÓN CONTRA OBJETO FIJO,SIN_DATOS,Bueno,Bueno,1,NISSAN,BLANCO,1,,,MASCULINO,SIN DATOS,0,0,Morelia,Mirador del Punhuato,diciembre,lunes,8,-101.157403069452,19.7043089194707
43190,43196,2022,,2022/12/05,"09:35:00",COLISIÓN POR MANIOBRA DE REVERSA,ASFALTO,Bueno,Bueno,2,Peugeot,plata,2,,0,,SIN DATOS,0,0,Morelia,La Calera,diciembre,lunes,10,-101.237977857401,19.6709616589679
43192,43198,2022,MOR220758103,2022/12/05,15:53:00,COLISIÓN POR ALCANCE,ASFALTO,Bueno,Bueno,2,CHRYSLER,PLATA,2,,30,MASCULINO,SIN DATOS,0,0,Morelia,Insurgentes,diciembre,lunes,16,-101.154540928257,19.6969391869908
43193,43199,2022,MOR 220758174,2022/12/05,16:35:00,COLISIÓN POR CAMBIO DE CARRIL,ASFALTO,Bueno,Regular,2,CHEVROLET,CHAMPAGNE,2,MINISTERIO PÚBLICO,46,FEMENINO,SIN DATOS,0,0,Morelia,La Hacienda,diciembre,lunes,17,-101.317806243896,19.6780706208157
43194,43200,2022,LEG46147,2022/12/05,16:40:00,COLISIÓN POR CORTE DE CIRCULACIÓN,CONCRETO,Bueno,Regular,2,CHRYSLER,BLANCO,2,,35,FEMENINO,SIN DATOS,0,0,Morelia,La Colina,diciembre,lunes,17,-101.215724765043,19.709174233954
43195,43201,2022,,2022/12/05,18:25:00,SALIDA DE SUPERFICIE DE RODAMIENTO,ASFALTO,Bueno,Bueno,1,FORD,BLANCO,1,,60,MASCULINO,SIN DATOS,0,0,Morelia,Del Prendimiento,diciembre,lunes,18,-101.387824353099,19.6669094028484
43199,43205,2022,,2022/12/06,"09:30:00",COLISIÓN POR ALCANCE,ASFALTO,Bueno,Bueno,3,VOLKSWAGEN,PLATA,2,MINISTERIO PÚBLICO,26,MASCULINO,SIN DATOS,0,0,Morelia,Elias Perez Avalos,diciembre,martes,10,-101.17092807,19.7143453899991
43201,43207,2022,,2022/12/06,10:30:00,COLISIÓN POR CORTE DE CIRCULACIÓN,ASFALTO,Bueno,Bueno,2,DINA,BLANCO,2,,25,MASCULINO,SIN DATOS,0,0,Morelia,Lomas de Santa Maria,diciembre,martes,11,-101.188711,19.67521
43203,43209,2022,,2022/12/06,15:00:00,COLISIÓN POR CORTE DE CIRCULACIÓN,ASFALTO,Bueno,Bueno,2,INTERNATIONAL,VERDE,2,,0,MASCULINO,SIN DATOS,0,0,Morelia,Lomas de Hidalgo,diciembre,martes,15,-101.160867959682,19.697918934297
43204,43210,2022,,2022/12/06,17:00:00,COLISIÓN POR CORTE DE CIRCULACIÓN,ASFALTO,Bueno,Bueno,2,MERCEDES BENZ,NARANJA,2,,40,,SIN DATOS,0,0,Morelia,Niño Artillero,diciembre,martes,17,-101.250202506781,19.6986075277499
43205,43211,2022,,2022/12/06,17:35:00,COLISIÓN POR ALCANCE,CONCRETO,Bueno,Bueno,2,NISSAN URVAN,BLANCO/CAFE,2,,28,MASCULINO,SIN DATOS,0,0,Morelia,Felix Ireta,diciembre,martes,18,-101.188582604864,19.6860148664875
43206,43212,2022,,2022/12/06,20:10:00,COLISIÓN POR INVASIÓN DE CARRIL,ASFALTO,Bueno,Bueno,2,BAJAJ,ROJO CON BLANCO,2,,25,MASCULINO,SIN DATOS,0,0,Morelia,Felix Ireta,diciembre,martes,20,-101.191861107945,19.6822854204233
43209,43215,2022,MOR220761253,2022/12/07,"08:20:00",COLISIÓN POR CAMBIO DE CARRIL,ASFALTO,Bueno,Bueno,2,MERCEDES BENZ,BLANCO/ROJO,2,,31,MASCULINO,SIN DATOS,0,0,Morelia,Santillan La Huerta,diciembre,miércoles,8,-101.22045493,19.6742754549991
43211,43217,2022,MOR220761276,2022/12/07,11:37:00,COLISIÓN POR CORTE DE CIRCULACIÓN,ASFALTO,Bueno,Bueno,2,CHRYSLER,PLATA,2,,29,MASCULINO,SIN DATOS,0,0,Morelia,Vistas de Altozano,diciembre,miércoles,12,-101.167,19.6551