fid,id_accidente,anio_origen,folio_c5i,dia_incidente,hora_ocurrencia,tipo_incidente_vial,superficie_ocurrencia,condiciones_climaticas,condiciones_via,numero_vehiculos_involucrados,marca_vehiculo_ocasiona_siniestro,color_vehiculo_ocasiona_siniestro,numero_personas_involucradas,lugar_remite_presunto_responsable,edad_presunto_responsable,sexo_presunto_responsable,resultados_toxicologia,numero_personas_lesionadas,numero_personas_fallecidas,municipio,colonia,mes,dia_semana,hora_redondeada,lon,lat
43212,43218,2022,MOR220---------,2022/12/07,12:05:00,COLISIÓN POR INVASIÓN DE CARRIL,ASFALTO,Bueno,Bueno,2,FORD,VERDE,2,,69,MASCULINO,ALIENTO ETÍLICO,0,0,Morelia,Vasco de Quiroga,diciembre,miércoles,12,-101.172084441176,19.7019638559701
43214,43220,2022,,2022/12/07,13:00:00,COLISIÓN POR ALCANCE,ASFALTO,Bueno,Bueno,2,MAZDA,NEGRO,2,,40,FEMENINO,SIN DATOS,0,0,Morelia,Ventura Puente,diciembre,miércoles,13,-101.187182954235,19.6926426896116
43215,43221,2022,,2022/12/07,15:00:00,COLISIÓN POR CORTE DE CIRCULACIÓN,ASFALTO,Bueno,Bueno,2,MERCEDES BENZ,BLANCO,2,MINISTERIO PÚBLICO,47,MASCULINO,SIN DATOS,0,0,Morelia,Cumbres de Morelia,diciembre,miércoles,15,-101.136906615417,19.6898799855315
43217,43223,2022,MOR220761255,2022/12/07,17:20:00,COLISIÓN POR INVASIÓN DE CARRIL,ASFALTO,Bueno,Regular,2,KAWASAKI,BLANCO CON AZUL,2,,36,MASCULINO,SIN DATOS,0,0,Morelia,Bonanza,diciembre,miércoles,17,-101.20335,19.6593085
43222,43228,2022,,2022/12/08,"00:00:00",COLISIÓN POR CORTE DE CIRCULACIÓN,ASFALTO,Bueno,Bueno,3,BAJAJ,ROJO,4,MINISTERIO PÚBLICO,54,MASCULINO,SIN DATOS,1,0,Morelia,Villas del Pedregal,diciembre,jueves,0,-101.304508186877,19.6876068766438
43223,43229,2022,MOR 220762850,2022/12/08,"00:30:00",COLISIÓN POR ALCANCE,ASFALTO,Bueno,Bueno,2,FORD,ROJO,2,,34,FEMENINO,SIN DATOS,0,0,Morelia,Cuauhtemoc,diciembre,jueves,1,-101.182606932687,19.697549348141
43225,43231,2022,,2022/12/08,"09:20:00",COLISIÓN POR CORTE DE CIRCULACIÓN,ASFALTO,Bueno,Bueno,2,ITALIKA,ROJO CON NEGRO,2,,23,MASCULINO,SIN DATOS,0,0,Morelia,Alberto Oviedo Mota,diciembre,jueves,9,-101.200659424067,19.6753101526811
43226,43232,2022,,2022/12/08,10:00:00,COLISIÓN POR CAMBIO DE CARRIL,ASFALTO,Bueno,Bueno,2,CHEVROLET,NARANJA,2,,35,MASCULINO,SIN DATOS,0,0,Morelia,Poblado de Ocolusen,diciembre,jueves,10,-101.155001856387,19.6951668475108
43227,43233,2022,,2022/12/08,13:30:00,COLISIÓN POR CORTE DE CIRCULACIÓN,ASFALTO,Bueno,Bueno,2,BAJAC,GRIS,2,,0,,SIN DATOS,0,0,Morelia,Isaac Arriaga,diciembre,jueves,14,-101.172806695104,19.7070924340923
43228,43234,2022,,2022/12/08,13:40:00,COLISIÓN POR CAMBIO DE CARRIL,ASFALTO,Bueno,Bueno,2,INTERNACIONAL,BLANCO,2,,28,MASCULINO,SIN DATOS,0,0,Morelia,Lomas de Huerta,diciembre,jueves,14,-101.214278675616,19.6743210575465
43229,43235,2022,,2022/12/08,15:40:00,COLISIÓN CON PEATÓN,CONCRETO,Bueno,Bueno,1,NISSAN,BLANCO,2,,39,MASCULINO,SIN DATOS,1,0,Morelia,Felicitas del Rio,diciembre,jueves,16,-101.202072277665,19.6922516811915
43230,43236,2022,,2022/12/08,17:30:00,COLISIÓN POR CORTE DE CIRCULACIÓN,ASFALTO,Bueno,Bueno,2,ITALIKA,NEGRO,2,,19,MASCULINO,SIN DATOS,0,0,Morelia,Felix Ireta,diciembre,jueves,18,-101.180772185326,19.6857557358009
43231,43237,2022,,2022/12/08,17:35:00,COLISIÓN CONTRA OBJETO FIJO,ASFALTO,Bueno,Bueno,2,TOYOTA,BLANCO,3,MINISTERIO PÚBLICO,37,MASCULINO,SIN DATOS,1,0,Morelia,Vasco de Quiroga,diciembre,jueves,18,-101.178152002394,19.6990769065588
43232,43238,2022,,2022/12/08,18:40:00,COLISIÓN POR CORTE DE CIRCULACIÓN,CONCRETO,Bueno,Bueno,2,RENAULT,GRIS,2,,70,MASCULINO,SIN DATOS,0,0,Morelia,Primo Tapia,diciembre,jueves,19,-101.21246047318,19.7139921451708
43233,43239,2022,,2022/12/08,19:30:00,COLISIÓN POR ALCANCE,ASFALTO,Bueno,Bueno,4,CHEVROLET,BLANCO,4,,20,MASCULINO,SIN DATOS,0,0,Morelia,Felix Arreguin,diciembre,jueves,20,-101.22791737318,19.7191739922488
43234,43240,2022,,2022/12/08,21:00:00,COLISIÓN POR ALCANCE,ASFALTO,Bueno,Bueno,2,CHEVROLET,BLANCO,2,,40,MASCULINO,CON CERTIFICADO,0,0,Morelia,Jacarandas,diciembre,jueves,21,-101.210622489452,19.7085885540834
43235,43241,2022,,2022/12/08,21:40:00,COLISIÓN POR NO RESPETAR SEMÁFORO,ASFALTO,Bueno,Bueno,2,TOYOTA HIACE,BLANCO/GRIS,2,,49,MASCULINO,SIN DATOS,0,0,Morelia,Sentimientos de La Nacion,diciembre,jueves,22,-101.235288083553,19.6811899809624
43236,43242,2022,,2022/12/09,"08:13:00",VOLCADURA,ASFALTO,Bueno,Bueno,1,FORD,GRIS,1,,45,MASCULINO,SIN DATOS,0,0,Morelia,San Pascual,diciembre,viernes,8,-101.267325058579,19.6952536545731
43237,43243,2022,MOR230765151,2022/12/09,"08:20:00",COLISIÓN POR ALCANCE,ASFALTO,Bueno,Regular,2,FREIGHTLINER,BLANCO,2,,47,MASCULINO,SIN DATOS,0,0,Morelia,Elias Perez Avalos,diciembre,viernes,8,-101.165498681366,19.7104403777376
43238,43244,2022,LEG46207,2022/12/09,"08:30:00",COLISIÓN POR CAMBIO DE CARRIL,ASFALTO,Bueno,Bueno,2,GMC,NEGRO,2,,21,MASCULINO,SIN DATOS,0,0,Morelia,Cuauhtemoc,diciembre,viernes,9,-101.182006001472,19.6940541346335
43239,43245,2022,,2022/12/09,10:05:00,COLISIÓN POR ALCANCE,ASFALTO,Bueno,Bueno,2,MERCEDES BENZ,BLANCO,2,,52,MASCULINO,SIN DATOS,0,0,Morelia,Mariano Michelena,diciembre,viernes,10,-101.230039000511,19.6769252722435
43240,43246,2022,MOR220765305,2022/12/09,10:17:00,COLISIÓN POR ALCANCE,ASFALTO,Bueno,Bueno,2,VOLKSWAGEN,BLANCO,2,,21,MASCULINO,SIN DATOS,0,0,Morelia,Sin datos,diciembre,viernes,10,-101.279155947268,19.6452241558663
43241,43247,2022,MOR 220765416,2022/12/09,10:35:00,SALIDA DE SUPERFICIE DE RODAMIENTO,ASFALTO,Bueno,Regular,1,FORD,NEGRO,1,,,,SIN DATOS,0,0,Morelia,Camelinas,diciembre,viernes,11,-101.168985888362,19.6825382859321
43242,43248,2022,LEG46206,2022/12/09,10:35:00,COLISIÓN POR CORTE DE CIRCULACIÓN,ASFALTO,Bueno,Bueno,3,CHEVROLET,BLANCO,4,,24,MASCULINO,ALIENTO ETÍLICO,1,0,Morelia,Pastor Manuel Sanchez Camarena,diciembre,viernes,11,-101.199280098081,19.7376389136495
43243,43249,2022,MOR220765372,2022/12/09,10:40:00,VOLCADURA,ASFALTO,Bueno,Bueno,1,VOLKSWAGEN,ROJO,1,,20,MASCULINO,SIN DATOS,0,0,Morelia,El Lago 1,diciembre,viernes,11,-101.219352409244,19.7275224157907
43244,43250,2022,LEG46208,2022/12/09,10:45:00,COLISIÓN POR CORTE DE CIRCULACIÓN,ASFALTO,Bueno,Bueno,2,TOYOTA,BLANCO/ROSA,2,,46,MASCULINO,SIN DATOS,0,0,Morelia,El Realito,diciembre,viernes,11,-101.204884238541,19.7270098833758
43245,43251,2022,MOR220765570,2022/12/09,11:30:00,COLISIÓN POR ALCANCE,ASFALTO,Bueno,Bueno,2,NISSAN,BLANCO,2,,28,MASCULINO,SIN DATOS,0,0,Morelia,El Lago 1,diciembre,viernes,12,-101.219376549125,19.7275195754063
43246,43252,2022,LEG46209,2022/12/09,12:20:00,COLISIÓN POR CAMBIO DE CARRIL,ASFALTO,Bueno,Bueno,2,RAM,BLANCO,2,,37,MASCULINO,SIN DATOS,0,0,Morelia,Felix Ireta,diciembre,viernes,12,-101.190779339522,19.6877465952412
43247,43253,2022,LEG46210,2022/12/09,12:20:00,COLISIÓN POR CAMBIO DE CARRIL,ASFALTO,Bueno,Bueno,2,FORD,BLANCO,2,,21,MASCULINO,SIN DATOS,0,0,Morelia,El Realito,diciembre,viernes,12,-101.20362393558,19.7255729533755
43248,43254,2022,,2022/12/09,13:20:00,COLISIÓN POR CORTE DE CIRCULACIÓN,ASFALTO,Bueno,Bueno,2,MAZDA,BLANCO APERLADO,2,,32,MASCULINO,SIN DATOS,0,0,Morelia,Isaac Arriaga,diciembre,viernes,13,-101.170305535197,19.7081996904865
43249,43255,2022,,2022/12/09,15:00:00,COLISIÓN POR CORTE DE CIRCULACIÓN,ASFALTO,Bueno,Bueno,2,NISSAN,GRIS,2,,38,MASCULINO,SIN DATOS,0,0,Morelia,Sentimientos de La Nacion,diciembre,viernes,15,-101.234089944104,19.6806894956023
43250,43256,2022,MOR220766038,2022/12/09,15:58:00,COLISIÓN POR CAMBIO DE CARRIL,ASFALTO,Bueno,Bueno,2,FORD,AZUL,2,,30,MASCULINO,SIN DATOS,0,0,Morelia,Lomas de Huerta,diciembre,viernes,16,-101.214270293713,19.674327687314
43251,43257,2022,MOR220765961,2022/12/09,16:00:00,COLISIÓN CONTRA OBJETO FIJO,CONCRETO,Bueno,Bueno,1,NISSAN,NEGRO,1,,53,MASCULINO,SIN DATOS,0,0,Morelia,Unidos Santa Cruz,diciembre,viernes,16,-101.216446906328,19.7231544760147
43252,43258,2022,,2022/12/09,16:10:00,VOLCADURA,ASFALTO,Bueno,Bueno,1,INTERNATIONAL,BLANCO,1,MINISTERIO PÚBLICO,22,MASCULINO,SIN DATOS,0,0,Peribán,Sin datos,diciembre,viernes,16,-102.455174848437,19.4553130211388
43253,43259,2022,MOR220776330,2022/12/09,19:45:00,COLISIÓN POR CAMBIO DE CARRIL,ASFALTO,Bueno,Bueno,2,KENWORTH,BLANCO,2,,33,MASCULINO,SIN DATOS,0,0,Morelia,Sentimientos de La Nacion,diciembre,viernes,20,-101.234297007322,19.6788863767686
43254,43260,2022,,2022/12/09,19:50:00,COLISIÓN POR CAMBIO DE CARRIL,TERRACERIA,Bueno,Bueno,2,YAMAHA,BLANCO,2,,19,MASCULINO,SIN DATOS,0,0,Morelia,Santiaguito,diciembre,viernes,20,-101.188595183194,19.7197032773218
43255,43261,2022,LEG46214,2022/12/09,22:10:00,COLISIÓN POR CAMBIO DE CARRIL,ASFALTO,Bueno,Bueno,2,VOLKSWAGEN,NEGRO,2,,19,MASCULINO,SIN DATOS,0,0,Morelia,Niño Artillero,diciembre,viernes,22,-101.256547272205,19.6973973005833
43256,43262,2022,,2022/12/10,"00:30:00",COLISIÓN CON PEATÓN,ASFALTO,Bueno,Regular,1,CHEVROLET,COBRIZO,1,MINISTERIO PÚBLICO,,,,1,0,Hidalgo,Corros,diciembre,sábado,1,-100.555574074388,19.7071874412843
43257,43263,2022,MOR220767034,2022/12/10,"02:26:00",COLISIÓN POR CORTE DE CIRCULACIÓN,ASFALTO,Bueno,Bueno,2,CHEVROLET,BLANCO,3,MINISTERIO PÚBLICO,39,MASCULINO,SIN DATOS,1,0,Morelia,Centro,diciembre,sábado,2,-101.185577362776,19.7056786825329
43258,43264,2022,MOR 220770056,2022/12/10,"02:55:00",COLISIÓN CONTRA OBJETO FIJO,ASFALTO,Bueno,Regular,1,HONDA,BLANCO,1,,57,MASCULINO,SIN DATOS,0,0,Morelia,Santa Maria de Guido,diciembre,sábado,3,-101.190464347601,19.6767958359748
43259,43265,2022,,2022/12/10,"03:02:00",COLISIÓN POR CORTE DE CIRCULACIÓN,SIN_DATOS,Bueno,Bueno,2,HONDA,GRIS,0,MINISTERIO PÚBLICO,,,,0,0,Lázaro Cárdenas,Lomas de Bella Vista,diciembre,sábado,3,-102.221233583987,17.9687290819016
43260,43266,2022,,2022/12/10,"03:30:00",COLISIÓN POR NO RESPETAR SEMÁFORO,ASFALTO,Bueno,Bueno,2,KIA,SMOKE  BLUE,2,MINISTERIO PÚBLICO,,MASCULINO,SIN DATOS,0,0,Morelia,Sin datos,diciembre,sábado,4,-101.139874532819,19.6257746570262
43261,43267,2022,MOR220767224,2022/12/10,"06:50:00",COLISIÓN CONTRA OBJETO FIJO,ASFALTO,Bueno,Bueno,1,JEEP,GRIS,1,,29,FEMENINO,SIN DATOS,0,0,Morelia,Cañada del Bosque,diciembre,sábado,7,-101.095476597548,19.7297656725563
43262,43268,2022,,2022/12/10,"09:00:00",COLISIÓN POR ALCANCE,ASFALTO,Bueno,Bueno,2,NISSAN,BLANCO,2,,54,MASCULINO,SIN DATOS,0,0,Morelia,Lomas de Morelia (Dr Ignacio Chavez),diciembre,sábado,9,-101.174979619682,19.7170830308016
43263,43269,2022,,2022/12/10,"09:05:00",COLISIÓN POR ALCANCE,ASFALTO,Bueno,Bueno,2,PEUGUEOT,ROJO,2,,36,MASCULINO,SIN DATOS,0,0,Morelia,Loma de Los Piñones,diciembre,sábado,9,-101.203475743532,19.6749657222243
43264,43270,2022,,2022/12/10,14:35:00,COLISIÓN POR CORTE DE CIRCULACIÓN,CONCRETO,Bueno,Bueno,2,NISSAN,BLANCO,2,MINISTERIO PÚBLICO,51,MASCULINO,SIN DATOS,0,0,Morelia,Lomas de Santa Maria,diciembre,sábado,15,-101.183713898063,19.6742714921334
43265,43271,2022,,2022/12/10,14:40:00,COLISIÓN POR CORTE DE CIRCULACIÓN,CONCRETO,Bueno,Bueno,2,NISSAN,GRIS,2,,27,MASCULINO,SIN DATOS,0,0,Morelia,Mariano Abasolo,diciembre,sábado,15,-101.255921646953,19.690248440298
43266,43272,2022,,2022/12/10,15:40:00,COLISIÓN POR CAMBIO DE CARRIL,ASFALTO,Bueno,Bueno,2,KIA,BLANCO,2,,68,FEMENINO,SIN DATOS,0,0,Morelia,Rinconada del Valle,diciembre,sábado,16,-101.218205094337,19.6792273261683
43267,43273,2022,,2022/12/10,15:40:00,COLISIÓN POR ALCANCE,ASFALTO,Bueno,Bueno,2,HYUNDAI,GRIS,2,,40,MASCULINO,SIN DATOS,0,0,Morelia,El Realito,diciembre,sábado,16,-101.203991062939,19.7256903573217
43268,43274,2022,,2022/12/10,18:06:00,COLISIÓN POR CORTE DE CIRCULACIÓN,ASFALTO,Bueno,Bueno,2,VENTO,ROJO/NEGRO,2,,22,MASCULINO,SIN DATOS,0,0,Morelia,Primo Tapia,diciembre,sábado,18,-101.212182864547,19.7092608566108
43269,43275,2022,,2022/12/10,19:50:00,COLISIÓN CON PEATÓN,CONCRETO,Bueno,Bueno,1,NISSAN,NEGRO,2,MINISTERIO PÚBLICO,53,MASCULINO,SIN DATOS,1,0,Los Reyes,Carlos Galvez Betancourt,diciembre,sábado,20,-102.458108514547,19.5796582701009
43270,43276,2022,LEG46223,2022/12/10,22:30:00,COLISIÓN CONTRA OBJETO FIJO,ASFALTO,Bueno,Bueno,1,CHEVROLET,BLANCO,1,,,MASCULINO,SIN DATOS,0,0,Morelia,Nueva Valladolid,diciembre,sábado,23,-101.2082862854,19.7016677770529
43271,43277,2022,LEG46240,2022/12/11,"00:00:00",COLISIÓN POR ALCANCE,CONCRETO,Bueno,Bueno,2,CHEVROLET,BLANCO,2,,32,MASCULINO,SIN DATOS,0,0,Morelia,Nueva Chapultepec,diciembre,domingo,0,-101.173142977059,19.6863949879139
43272,43278,2022,,2022/12/11,"00:45:00",SALIDA DE SUPERFICIE DE RODAMIENTO,ASFALTO,Bueno,Bueno,1,FORD SPORTRAC,NEGRO,2,MINISTERIO PÚBLICO,,,,2,0,Morelia,Santiaguito,diciembre,domingo,1,-101.191834108722,19.7181820570845
43273,43279,2022,,2022/12/11,"07:53:00",SALIDA DE SUPERFICIE DE RODAMIENTO,ASFALTO,Bueno,Bueno,1,SEAT,GRIS,1,,22,MASCULINO,SIN DATOS,0,0,Morelia,Granjas de La Huerta,diciembre,domingo,8,-101.235480196774,19.6677047286023
43274,43280,2022,MOR220769678,2022/12/11,12:30:00,COLISIÓN POR CORTE DE CIRCULACIÓN,CONCRETO,Bueno,Bueno,2,HONDA,ROJO,4,,36,MASCULINO,SIN DATOS,2,0,Morelia,Arboledas de Valladolid,diciembre,domingo,13,-101.250309124589,19.6967988124053
43275,43281,2022,MOR. 220769670,2022/12/11,12:45:00,COLISIÓN POR ALCANCE,ASFALTO,Bueno,Regular,2,RENAULT,GRIS,2,,27,MASCULINO,SIN DATOS,0,0,Morelia,Hacienda San Jose,diciembre,domingo,13,-101.214843951166,19.6949140019446
43276,43282,2022,,2022/12/11,14:12:00,COLISIÓN CON PEATÓN,ASFALTO,Bueno,Bueno,1,HONDA,ROJO,2,MINISTERIO PÚBLICO,35,MASCULINO,SIN DATOS,1,0,Morelia,Felix Ireta,diciembre,domingo,14,-101.191863119602,19.6822832106106
43277,43283,2022,MOR220769990,2022/12/11,14:30:00,COLISIÓN POR ALCANCE,ASFALTO,Bueno,Bueno,3,KIA,PLATINO,3,,59,MASCULINO,SIN DATOS,0,0,Morelia,Avicola Benito Juarez,diciembre,domingo,15,-101.279539167881,19.6913488685118
43278,43284,2022,MOR 220770039,2022/12/11,16:05:00,COLISIÓN POR CORTE DE CIRCULACIÓN,CONCRETO,Bueno,Bueno,2,VENTO,NEGRO,2,,35,MASCULINO,SIN DATOS,0,0,Morelia,Nueva Esperanza,diciembre,domingo,16,-101.250639036298,19.6877028424342
43279,43285,2022,,2022/12/11,16:30:00,COLISIÓN POR CAMBIO DE CARRIL,ASFALTO,Bueno,Bueno,2,CHEVROLET,GRIS,2,,35,MASCULINO,SIN DATOS,0,0,Morelia,La Camelina,diciembre,domingo,17,-101.222960650921,19.6694834640996
43280,43286,2022,MOR220770525,2022/12/11,19:22:00,COLISIÓN POR CORTE DE CIRCULACIÓN,ASFALTO,Bueno,Bueno,2,MAZDA,ROJO,2,MINISTERIO PÚBLICO,25,MASCULINO,SIN DATOS,0,0,Morelia,Indeco Santiaguito,diciembre,domingo,19,-101.178541257977,19.720110734106
43281,43287,2022,MOR220770714,2022/12/11,19:30:00,SALIDA DE SUPERFICIE DE RODAMIENTO,ASFALTO,Bueno,Bueno,1,MAZDA,BLANCO,1,,48,MASCULINO,SIN DATOS,0,0,Indaparapeo,El Castillo,diciembre,domingo,20,-100.959509052336,19.7917520419725
43282,43288,2022,,2022/12/11,20:10:00,COLISIÓN POR CORTE DE CIRCULACIÓN,ASFALTO,Bueno,Regular,2,FORD,MORADO,1,,,,,1,0,Copándaro,Sin datos,diciembre,domingo,20,-101.233533918858,19.9007415043754
43283,43289,2022,,2022/12/11,22:00:00,COLISIÓN POR CORTE DE CIRCULACIÓN,CONCRETO,Bueno,Bueno,2,CHEVROLET,ROJO,2,,64,MASCULINO,SIN DATOS,0,0,Morelia,Ciudad Industrial,diciembre,domingo,22,-101.131351143122,19.7358849199131
43284,43290,2022,MOR220770971,2022/12/12,"00:42:00",COLISIÓN CONTRA OBJETO FIJO,CONCRETO,Bueno,Bueno,2,HONDA,BLANCO,2,,0,,SIN DATOS,0,0,Morelia,Molino de Parras,diciembre,lunes,1,-101.20535289,19.6944168899991
43285,43291,2022,MOR220771201,2022/12/12,"06:50:00",COLISIÓN CONTRA OBJETO FIJO,ASFALTO,Bueno,Bueno,1,FORD,BLANCO,1,,19,MASCULINO,SIN DATOS,0,0,Morelia,Lomas de Morelia (Dr Ignacio Chavez),diciembre,lunes,7,-101.175452644618,19.7162004988672
43287,43293,2022,,2022/12/12,"09:00:00",COLISIÓN POR CORTE DE CIRCULACIÓN,ASFALTO,Bueno,Bueno,2,NISSAN,BLANCO,2,,40,MASCULINO,SIN DATOS,0,0,Morelia,Jardines de Santiaguito,diciembre,lunes,9,-101.208770462447,19.7185335409359
43288,43294,2022,,2022/12/12,"09:05:00",COLISIÓN POR ALCANCE,ASFALTO,Bueno,Bueno,2,NISSAN VERSA,BLANCO CON ROJO,2,,36,MASCULINO,SIN DATOS,0,0,Morelia,Francisco J Mujica,diciembre,lunes,9,-101.185710132122,19.7240028251054
43290,43296,2022,,2022/12/12,13:50:00,COLISIÓN POR MANIOBRA DE REVERSA,ASFALTO,Bueno,Bueno,2,SEAT,GRIS,2,MINISTERIO PÚBLICO,0,MASCULINO,SIN DATOS,0,0,Morelia,Eduardo Ruiz,diciembre,lunes,14,-101.221859682349,19.7216992118204
43291,43297,2022,,2022/12/12,14:30:00,SALIDA DE SUPERFICIE DE RODAMIENTO,SIN_DATOS,Bueno,Bueno,1,CHEVROLET,BLANCO,1,,42,MASCULINO,SIN DATOS,0,0,Charo,Sin datos,diciembre,lunes,15,-101.027677059174,19.7635205460505
43292,43298,2022,,2022/12/12,15:30:00,COLISIÓN POR ALCANCE,ASFALTO,Bueno,Bueno,2,NISSAN,BLANCO,2,,35,MASCULINO,SIN DATOS,0,0,Morelia,Guadalupe,diciembre,lunes,16,-101.226104535162,19.7089786792744
43293,43299,2022,,2022/12/12,15:45:00,COLISIÓN POR ALCANCE,ASFALTO,Bueno,Bueno,2,CHEVROLET COLORADO,PLATA,2,,24,MASCULINO,SIN DATOS,0,0,Morelia,Camelinas,diciembre,lunes,16,-101.174199432135,19.6819369010155
43294,43300,2022,,2022/12/12,15:45:00,COLISIÓN POR ALCANCE,ASFALTO,Bueno,Bueno,2,CHEVROLET,ROJO,2,,22,MASCULINO,SIN DATOS,0,0,Morelia,Josefa Ortiz de Dominguez,diciembre,lunes,16,-101.209780275822,19.672188468108
43295,43301,2022,,2022/12/12,15:50:00,COLISIÓN POR ALCANCE,ASFALTO,Bueno,Bueno,2,FORD,GRIS,2,,40,FEMENINO,SIN DATOS,0,0,Morelia,Tinijaro,diciembre,lunes,16,-101.261786296964,19.6965459694171
43296,43302,2022,,2022/12/12,16:30:00,COLISIÓN CONTRA OBJETO FIJO,ASFALTO,Bueno,Bueno,2,NISSAN,BLANCO,2,,30,MASCULINO,SIN DATOS,0,0,Morelia,Felipe Carrillo Puerto,diciembre,lunes,17,-101.175443977118,19.7293465633866
43297,43303,2022,,2022/12/12,17:00:00,COLISIÓN POR ALCANCE,ASFALTO,Bueno,Bueno,2,NISSAN,GRIS,2,,22,MASCULINO,SIN DATOS,0,0,Morelia,Dr Miguel Silva,diciembre,lunes,17,-101.187233626842,19.7206712616488
43298,43304,2022,,2022/12/12,21:15:00,COLISIÓN POR ALCANCE,ASFALTO,Bueno,Bueno,2,TOYOTA,BLANCO/ROJO,2,,40,,ALIENTO ETÍLICO,0,0,Morelia,Pascual Ortiz de Ayala,diciembre,lunes,21,-101.150821968913,19.6970705944977
43299,43305,2022,,2022/12/12,22:45:00,COLISIÓN POR ALCANCE,CONCRETO,Bueno,Bueno,2,CHEVROLET,BLANCO/ROJO,2,,31,MASCULINO,SIN DATOS,0,0,Morelia,Centro,diciembre,lunes,23,-101.188881509006,19.7028705542197
43300,43306,2022,,2022/12/13,"00:00:00",COLISIÓN POR INVASIÓN DE CARRIL,ASFALTO,Bueno,Regular,2,NISSAN,BLANCO,0,MINISTERIO PÚBLICO,,,,0,0,Cuitzeo,Sin datos,diciembre,martes,0,-101.150914169848,19.9905619797302
43301,43307,2022,,2022/12/13,"00:00:00",COLISIÓN POR CORTE DE CIRCULACIÓN,CONCRETO,Bueno,Bueno,2,NISSAN,CAFE,3,,36,MASCULINO,SIN DATOS,1,0,Morelia,Centro,diciembre,martes,0,-101.190143455,19.7018471999991
43302,43308,2022,LEG46284,2022/12/13,"04:06:00",COLISIÓN CON PEATÓN,SIN_DATOS,Bueno,Bueno,1,VOLKSWAGEN,GRIS,1,,0,,SIN DATOS,0,0,Morelia,Felix Ireta,diciembre,martes,4,-101.192012317479,19.6879547523604
43303,43309,2022,,2022/12/13,"08:20:00",COLISIÓN POR CORTE DE CIRCULACIÓN,ASFALTO,Bueno,Bueno,3,BAJAJ,BLANCO/NEGRO,4,MINISTERIO PÚBLICO,37,MASCULINO,SIN DATOS,1,0,Morelia,Villas del Pedregal,diciembre,martes,8,-101.304507851601,19.6876081393519
43304,43310,2022,MOR 220773424,2022/12/13,"09:15:00",COLISIÓN POR CORTE DE CIRCULACIÓN,ASFALTO,Bueno,Bueno,2,INTERNACIONAL,BLANCO Y AZUL,2,,28,MASCULINO,SIN DATOS,0,0,Morelia,Sentimientos de La Nacion,diciembre,martes,9,-101.236870586872,19.6848033243396
43305,43311,2022,LEG46277,2022/12/13,"09:30:00",COLISIÓN POR CAMBIO DE CARRIL,ASFALTO,Bueno,Bueno,2,INTERNATIONAL,BLANCO,2,,28,MASCULINO,SIN DATOS,0,0,Morelia,Ana Maria Gallaga (Riviera Norte),diciembre,martes,10,-101.22120782733,19.6769410571471
43306,43312,2022,MOR220773329,2022/12/13,10:55:00,COLISIÓN POR CAMBIO DE CARRIL,SIN_DATOS,Bueno,Bueno,2,NISSAN,GRIS,2,MINISTERIO PÚBLICO,53,MASCULINO,SIN DATOS,0,0,Morelia,Las Americas,diciembre,martes,11,-101.159062385559,19.6879733772641
43307,43313,2022,,2022/12/13,11:00:00,VOLCADURA,ASFALTO,Bueno,Bueno,1,CHEVROLET,BLANCO/ROJO,1,,77,MASCULINO,SIN DATOS,0,0,Peribán,Sin datos,diciembre,martes,11,-102.450731433928,19.4669013878749
43308,43314,2022,LEG46278,2022/12/13,12:20:00,COLISIÓN POR ALCANCE,ASFALTO,Bueno,Bueno,2,CHEVROLET,GRIS,2,,50,MASCULINO,SIN DATOS,0,0,Morelia,Ocolusen Iii,diciembre,martes,12,-101.153039485216,19.6862074742252
43309,43315,2022,,2022/12/13,12:40:00,COLISIÓN POR CAMBIO DE CARRIL,ASFALTO,Bueno,Bueno,2,CHEVROLET,BLANCO,2,,62,MASCULINO,SIN DATOS,0,0,Morelia,Los Pinos de Michoacan,diciembre,martes,13,-101.214116737247,19.6878426872166
43310,43316,2022,,2022/12/13,12:50:00,COLISIÓN POR INVASIÓN DE CARRIL,ASFALTO,Bueno,Bueno,2,VOLKSWAGEN,VERDE,2,,29,MASCULINO,SIN DATOS,0,0,Morelia,Ciudad Industrial,diciembre,martes,13,-101.143818721175,19.7263326058773
43311,43317,2022,LEG46275,2022/12/13,13:10:00,COLISIÓN POR MANIOBRA DE REVERSA,ASFALTO,Bueno,Bueno,2,TOYOTA,BLANCO,2,,57,MASCULINO,SIN DATOS,0,0,Morelia,Torreon Nuevo,diciembre,martes,13,-101.204010844231,19.7494448919053
43312,43318,2022,,2022/12/13,18:00:00,COLISIÓN POR ALCANCE,ASFALTO,Bueno,Bueno,2,CHEVROLET,PLATA,2,,31,MASCULINO,SIN DATOS,0,0,Morelia,Isaac Arriaga,diciembre,martes,18,-101.171299628913,19.7077565363388
43313,43319,2022,,2022/12/13,18:35:00,COLISIÓN POR ALCANCE,ASFALTO,Bueno,Bueno,2,NISSAN,BLANCO Y ROJO,2,,50,MASCULINO,SIN DATOS,0,0,Morelia,Rinconada del Valle,diciembre,martes,19,-101.219316869974,19.678457032048