fid,id_accidente,anio_origen,folio_c5i,dia_incidente,hora_ocurrencia,tipo_incidente_vial,superficie_ocurrencia,condiciones_climaticas,condiciones_via,numero_vehiculos_involucrados,marca_vehiculo_ocasiona_siniestro,color_vehiculo_ocasiona_siniestro,numero_personas_involucradas,lugar_remite_presunto_responsable,edad_presunto_responsable,sexo_presunto_responsable,resultados_toxicologia,numero_personas_lesionadas,numero_personas_fallecidas,municipio,colonia,mes,dia_semana,hora_redondeada,lon,lat
43314,43320,2022,,2022/12/13,18:40:00,COLISIÓN POR CAMBIO DE CARRIL,ASFALTO,Bueno,Bueno,2,KENWORTH,ROJO,2,,35,MASCULINO,SIN DATOS,0,0,Morelia,Sentimientos de La Nacion,diciembre,martes,19,-101.235565692186,19.6818601887614
43315,43321,2022,,2022/12/13,18:50:00,COLISIÓN CONTRA OBJETO FIJO,ASFALTO,Bueno,Bueno,1,CHEVROLET,BLANCO,1,,0,,SIN DATOS,0,0,Charo,Sin datos,diciembre,martes,19,-100.979869365692,19.650845225897
43316,43322,2022,,2022/12/13,19:14:00,COLISIÓN POR ALCANCE,ASFALTO,Bueno,Bueno,2,FORD,ROJO,2,,27,MASCULINO,SIN DATOS,0,0,Morelia,San Rafael,diciembre,martes,19,-101.154612265527,19.7003631931452
43317,43323,2022,,2022/12/13,20:00:00,COLISIÓN POR CAMBIO DE CARRIL,ASFALTO,Bueno,Bueno,2,FORD,BLANCO,2,,66,,SIN DATOS,0,0,Morelia,Niño Artillero,diciembre,martes,20,-101.25052973628,19.6985289295498
43318,43324,2022,MOR220775194,2022/12/14,"01:55:00",COLISIÓN POR CORTE DE CIRCULACIÓN,CONCRETO,Bueno,Bueno,2,ITALIKA,PLATINO,3,MINISTERIO PÚBLICO,40,MASCULINO,SIN DATOS,1,0,Morelia,Jardines de Guadalupe,diciembre,miércoles,2,-101.221860945225,19.7109207689173
43319,43325,2022,MOR 220775233,2022/12/14,"02:30:00",COLISIÓN CONTRA OBJETO FIJO,CONCRETO,Bueno,Bueno,1,VOLKSWAGEN,PLATA,1,,27,MASCULINO,SIN DATOS,0,0,Morelia,Cañada del Bosque,diciembre,miércoles,3,-101.097469366718,19.7282996448773
43324,43330,2022,,2022/12/14,11:05:00,VOLCADURA,ASFALTO,Bueno,Bueno,1,NISSAN,BLANCO,1,,46,MASCULINO,SIN DATOS,0,0,Morelia,San Isidro Itzicuaro,diciembre,miércoles,11,-101.275173390921,19.6875349418908
43325,43331,2022,,2022/12/14,12:20:00,COLISIÓN POR ALCANCE,CONCRETO,Bueno,Bueno,2,CHRYSLER,GRIS,2,,57,MASCULINO,SIN DATOS,0,0,Morelia,Adolfo Lopez Mateos,diciembre,miércoles,12,-101.226139622885,19.6981067844139
43326,43332,2022,,2022/12/14,14:50:00,COLISIÓN CONTRA OBJETO FIJO,CONCRETO,Bueno,Bueno,2,FORD,ROJO,2,,17,MASCULINO,SIN DATOS,0,0,Morelia,Leandro Valle,diciembre,miércoles,15,-101.231682595409,19.7212022571141
43328,43334,2022,,2022/12/14,17:05:00,COLISIÓN POR ALCANCE,ASFALTO,Bueno,Bueno,2,NISSAN VERSA,PLATA,2,,19,MASCULINO,SIN DATOS,0,0,Morelia,Molino de Parras,diciembre,miércoles,17,-101.203508896233,19.6977341588019
43329,43335,2022,,2022/12/14,18:33:00,COLISIÓN POR CORTE DE CIRCULACIÓN,ASFALTO,Bueno,Bueno,2,NISSAN,ROJO,2,,47,MASCULINO,SIN DATOS,0,0,Morelia,Guadalupe,diciembre,miércoles,19,-101.393089533049,19.6666434319386
43330,43336,2022,,2022/12/14,19:40:00,COLISIÓN POR CORTE DE CIRCULACIÓN,ASFALTO,Bueno,Bueno,2,VOLKSWAGEN,CAFE,2,,30,FEMENINO,SIN DATOS,0,0,Morelia,Camelinas,diciembre,miércoles,20,-101.17075869981,19.6837967780615
43333,43339,2022,,2022/12/15,11:11:00,COLISIÓN POR ALCANCE,ASFALTO,Bueno,Bueno,2,RENAULT,NEGRO,2,,20,MASCULINO,SIN DATOS,0,0,Morelia,Ventura Puente,diciembre,jueves,11,-101.187182954235,19.6926426896116
43335,43341,2022,MOR 220777620,2022/12/15,12:20:00,COLISIÓN POR CORTE DE CIRCULACIÓN,ASFALTO,Bueno,Bueno,2,NISSAN,ROJO,2,,45,MASCULINO,SIN DATOS,0,0,Morelia,Las Americas,diciembre,jueves,12,-101.15527803761,19.6905832056681
43336,43342,2022,LEG46307,2022/12/15,14:00:00,COLISIÓN POR CORTE DE CIRCULACIÓN,CONCRETO,Bueno,Bueno,2,VOLKSWAGEN,BLANCO,2,,29,FEMENINO,SIN DATOS,0,0,Morelia,Enrique Ramirez,diciembre,jueves,14,-101.165651847052,19.7086881668769
43338,43344,2022,MOR220777843,2022/12/15,15:40:00,SUBIDA AL CAMELLÓN,ASFALTO,Bueno,Bueno,1,MITSUBISHI,GRIS,1,,51,MASCULINO,SIN DATOS,0,0,Morelia,El Durazno,diciembre,jueves,16,-101.177517845763,19.6531467745037
43340,43346,2022,,2022/12/15,16:30:00,SALIDA DE SUPERFICIE DE RODAMIENTO,ASFALTO,Bueno,Bueno,1,ITALIKA,VERDE,1,,26,FEMENINO,SIN DATOS,0,0,Peribán,Sin datos,diciembre,jueves,17,-102.44559802115,19.5533709790531
43341,43347,2022,,2022/12/15,17:10:00,SUBIDA AL CAMELLÓN,ASFALTO,Bueno,Bueno,1,CHRYSLER,AZUL,1,,39,MASCULINO,ALIENTO ETÍLICO,0,0,Morelia,Granjas del Maestro,diciembre,jueves,17,-101.192220620922,19.7145416939872
43342,43348,2022,LEG46309,2022/12/15,17:20:00,COLISIÓN POR ALCANCE,ASFALTO,Bueno,Bueno,2,NISSAN,PLATA,2,,38,MASCULINO,SIN DATOS,0,0,Morelia,Morelos,diciembre,jueves,17,-101.212043054402,19.6922703055953
43345,43351,2022,MOR 220778443,2022/12/15,21:05:00,COLISIÓN POR CORTE DE CIRCULACIÓN,ASFALTO,Bueno,Regular,2,SMART,GRIS,2,,26,FEMENINO,SIN DATOS,0,0,Morelia,Vistas de Altozano,diciembre,jueves,21,-101.167,19.6551
43346,43352,2022,,2022/12/15,23:40:00,COLISIÓN POR ALCANCE,ASFALTO,Bueno,Bueno,2,ITALIKA,ROJO/NEGRO,2,MINISTERIO PÚBLICO,17,MASCULINO,SIN DATOS,0,0,Pátzcuaro,La Salud,diciembre,jueves,0,-101.618896275759,19.511673414892
43347,43353,2022,MOR220778598,2022/12/16,"00:05:00",COLISIÓN CONTRA OBJETO FIJO,CONCRETO,Bueno,Bueno,1,FORD,GRIS,1,,43,MASCULINO,SIN DATOS,0,0,Morelia,Barrio Alto,diciembre,viernes,0,-101.196854710579,19.7248413859824
43348,43354,2022,,2022/12/16,10:05:00,COLISIÓN CONTRA OBJETO FIJO,CONCRETO,Bueno,Bueno,1,VOLKSWAGEN,NEGRO,1,,41,MASCULINO,SIN DATOS,0,0,Morelia,Jardines de Sindurio,diciembre,viernes,10,-101.256752796471,19.6974768463118
43349,43355,2022,,2022/12/16,10:55:00,COLISIÓN POR ALCANCE,CONCRETO,Bueno,Bueno,2,VOLKSWAGEN,GRIS,2,,,MASCULINO,SIN DATOS,0,0,Morelia,Martires de Uruapan,diciembre,viernes,11,-101.198041588068,19.7277464904063
43350,43356,2022,,2022/12/16,11:00:00,COLISIÓN POR ALCANCE,ASFALTO,Bueno,Bueno,2,NISSAN,CAFE,2,,32,MASCULINO,SIN DATOS,0,0,Morelia,Lomas de Huerta,diciembre,viernes,11,-101.210146062076,19.6723229594129
43351,43357,2022,,2022/12/16,12:40:00,COLISIÓN POR ALCANCE,CONCRETO,Bueno,Bueno,2,CHEVROLET,BLANCO,2,,53,FEMENINO,SIN DATOS,0,0,Morelia,Unidos Santa Cruz,diciembre,viernes,13,-101.213282570243,19.7201053686865
43352,43358,2022,,2022/12/16,13:00:00,COLISIÓN CON PEATÓN,ASFALTO,Bueno,Bueno,2,DINA,ROJO,2,,32,MASCULINO,SIN DATOS,0,0,Morelia,Sentimientos de La Nacion,diciembre,viernes,13,-101.235204599798,19.6809993042792
43353,43359,2022,,2022/12/16,15:10:00,COLISIÓN POR ALCANCE,CONCRETO,Bueno,Bueno,2,FORD,BLANCO,2,,64,MASCULINO,SIN DATOS,0,0,Morelia,Central de Abastos,diciembre,viernes,15,-101.171358302236,19.7161336463727
43354,43360,2022,,2022/12/16,15:20:00,COLISIÓN POR CORTE DE CIRCULACIÓN,ASFALTO,Bueno,Bueno,2,NISSAN,GRIS,2,,,FEMENINO,SIN DATOS,0,0,Morelia,Puerta Tres Marias Norte,diciembre,viernes,15,-101.14223588258,19.6922046466706
43355,43361,2022,,2022/12/16,15:40:00,COLISIÓN POR ALCANCE,ASFALTO,Bueno,Bueno,2,NISSAN,BLANCO,2,,,MASCULINO,SIN DATOS,0,0,Morelia,Elias Perez Avalos,diciembre,viernes,16,-101.171435080469,19.7147133466417
43356,43362,2022,,2022/12/16,15:40:00,COLISIÓN POR INVASIÓN DE CARRIL,ASFALTO,Bueno,Bueno,2,SCANIA,CAFE,2,,,MASCULINO,SIN DATOS,0,0,Morelia,Hermanos Lopez Rayon,diciembre,viernes,16,-101.220245249569,19.6753038386556
43357,43363,2022,,2022/12/16,16:20:00,COLISIÓN POR CAMBIO DE CARRIL,ASFALTO,Bueno,Bueno,2,TOYOTA,ROJO,2,,35,MASCULINO,SIN DATOS,0,0,Morelia,Santiaguito,diciembre,viernes,16,-101.188615299761,19.7185869477208
43358,43364,2022,,2022/12/16,17:00:00,COLISIÓN POR CORTE DE CIRCULACIÓN,ASFALTO,Bueno,Bueno,2,YAMAHA,BLANCO,2,,20,MASCULINO,SIN DATOS,0,0,Morelia,Isaac Arriaga,diciembre,viernes,17,-101.171449162066,19.7076874117563
43359,43365,2022,,2022/12/16,17:30:00,COLISIÓN POR ALCANCE,CONCRETO,Bueno,Bueno,3,RAM,BLANCO,3,,43,MASCULINO,SIN DATOS,0,0,Morelia,Chapultepec Norte,diciembre,viernes,18,-101.169570609927,19.6946602089896
43360,43366,2022,,2022/12/16,17:30:00,COLISIÓN CON PEATÓN,ASFALTO,Bueno,Bueno,1,HONDA,AZUL,2,,22,MASCULINO,SIN DATOS,1,0,Morelia,Bosques de Oriente,diciembre,viernes,18,-101.155454479158,19.7156002463976
43361,43367,2022,,2022/12/16,17:30:00,COLISIÓN POR CAMBIO DE CARRIL,ASFALTO,Bueno,Bueno,2,DINA,ROJO,2,,40,MASCULINO,SIN DATOS,0,0,Morelia,Sentimientos de La Nacion,diciembre,viernes,18,-101.236870922148,19.6848042713872
43362,43368,2022,,2022/12/16,19:10:00,COLISIÓN POR CAMBIO DE CARRIL,ASFALTO,Bueno,Bueno,2,VOLKSWAGEN,BLANCO,2,,,MASCULINO,SIN DATOS,0,0,Morelia,Francisco J Mujica,diciembre,viernes,19,-101.184544377029,19.7249423790918
43363,43369,2022,,2022/12/16,20:22:00,COLISIÓN CONTRA OBJETO FIJO,CONCRETO,Bueno,Bueno,1,FORD,ROJO,1,,72,MASCULINO,SIN DATOS,0,0,Morelia,Primo Tapia Oriente,diciembre,viernes,20,-101.158660724759,19.7134877756447
43364,43370,2022,,2022/12/16,21:00:00,COLISIÓN CON PEATÓN,ASFALTO,Bueno,Bueno,1,ITALIKA,BLANCO,2,MINISTERIO PÚBLICO,18,MASCULINO,SIN DATOS,1,0,Morelia,12 de Diciembre,diciembre,viernes,21,-101.151223294437,19.7018877844692
43365,43371,2022,,2022/12/16,21:30:00,COLISIÓN POR CAMBIO DE CARRIL,ASFALTO,Bueno,Bueno,2,VOLKSWAGEN,GRIS,2,,35,MASCULINO,SIN DATOS,0,0,Morelia,Poblado de Ocolusen,diciembre,viernes,22,-101.149534508586,19.6946908283103
43366,43372,2022,,2022/12/17,"06:20:00",SALIDA DE SUPERFICIE DE RODAMIENTO,ASFALTO,Bueno,Bueno,1,MAZDA,ROJO,1,,28,MASCULINO,SIN DATOS,0,0,Morelia,Sin datos,diciembre,sábado,6,-101.097488589585,19.7382161052883
43367,43373,2022,,2022/12/17,"08:30:00",COLISIÓN POR CAMBIO DE CARRIL,ASFALTO,Bueno,Bueno,2,FREIGHTLINER,BLANCO,2,,35,MASCULINO,SIN DATOS,0,0,Morelia,Santillan La Huerta,diciembre,sábado,9,-101.220107451081,19.6753868680716
43368,43374,2022,,2022/12/17,"09:00:00",COLISIÓN POR CAMBIO DE CARRIL,ASFALTO,Bueno,Bueno,2,FREIGHTLINER,BLANCO,2,,49,MASCULINO,ALIENTO ETÍLICO,0,0,Morelia,Independencia,diciembre,sábado,9,-101.177888140082,19.7193002381021
43369,43375,2022,,2022/12/17,11:10:00,COLISIÓN POR CORTE DE CIRCULACIÓN,ASFALTO,Bueno,Bueno,2,HONDA,BLANCO,2,,54,MASCULINO,SIN DATOS,0,0,Morelia,Victor Manuel Tinoco Rubi,diciembre,sábado,11,-101.243163384497,19.7005109181575
43370,43376,2022,,2022/12/17,11:10:00,COLISIÓN POR ALCANCE,CONCRETO,Bueno,Bueno,2,TOYOTA,BLANCO/GRIS,2,,58,MASCULINO,SIN DATOS,0,0,Morelia,La Quemada,diciembre,sábado,11,-101.240195855498,19.7059554997965
43371,43377,2022,,2022/12/17,12:15:00,COLISIÓN POR ALCANCE,CONCRETO,Bueno,Bueno,2,NISSAN,BLANCO/ROJO,2,,72,MASCULINO,SIN DATOS,0,0,Morelia,Enrique Arreguin Robles,diciembre,sábado,12,-101.18420407176,19.7195978623069
43372,43378,2022,,2022/12/17,12:45:00,COLISIÓN POR CORTE DE CIRCULACIÓN,CONCRETO,Bueno,Bueno,2,FREIGHTLINER,BLANCO,2,,43,MASCULINO,SIN DATOS,0,0,Morelia,Mariano Ontiveros,diciembre,sábado,13,-101.230051405728,19.6737357427083
43373,43379,2022,,2022/12/17,12:55:00,COLISIÓN POR ALCANCE,ASFALTO,Bueno,Bueno,2,NISSAN,GRIS,2,,35,FEMENINO,SIN DATOS,0,0,Morelia,Enrique Arreguin Robles,diciembre,sábado,13,-101.188147254288,19.7214422994207
43374,43380,2022,,2022/12/17,13:20:00,COLISIÓN POR ALCANCE,ASFALTO,Bueno,Bueno,2,RENAULT,ROJO,2,,49,MASCULINO,SIN DATOS,0,0,Morelia,Santiaguito,diciembre,sábado,13,-101.188778243959,19.7164764101512
43375,43381,2022,MOR220781787,2022/12/17,15:20:00,COLISIÓN POR CORTE DE CIRCULACIÓN,CONCRETO,Bueno,Bueno,2,NISSAN,BLANCO/ROJO,2,,60,MASCULINO,SIN DATOS,0,0,Morelia,Eduardo Ruiz,diciembre,sábado,15,-101.215113177896,19.7167431088996
43376,43382,2022,LEG46340,2022/12/17,17:15:00,COLISIÓN POR ALCANCE,ASFALTO,Bueno,Bueno,2,MAZDA,ROJO,2,,20,MASCULINO,SIN DATOS,0,0,Morelia,Comision Federal de Electricidad,diciembre,sábado,17,-101.181340813637,19.6815122998064
43377,43383,2022,LEG46345,2022/12/17,17:15:00,COLISIÓN POR ALCANCE,ASFALTO,Bueno,Bueno,2,HYUNDAI,ROJO,2,,36,FEMENINO,SIN DATOS,0,0,Morelia,Arboledas de Valladolid,diciembre,sábado,17,-101.250316348362,19.6962394763341
43378,43384,2022,LEG46347,2022/12/17,17:30:00,COLISIÓN POR CAMBIO DE CARRIL,ASFALTO,Bueno,Bueno,2,NISSAN,BLANCO/ROJO,2,,28,MASCULINO,SIN DATOS,0,0,Morelia,Dr Miguel Silva,diciembre,sábado,18,-101.188299804926,19.7211348947131
43379,43385,2022,LEG46348,2022/12/17,17:45:00,COLISIÓN POR CAMBIO DE CARRIL,ASFALTO,Bueno,Bueno,2,KENWORTH,BLANCO,2,,21,MASCULINO,SIN DATOS,0,0,Morelia,El Lago 3,diciembre,sábado,18,-101.219558268785,19.7272844545168
43380,43386,2022,,2022/12/17,18:15:00,COLISIÓN CON PEATÓN,ASFALTO,Bueno,Bueno,1,DODGE,VERDE,2,,49,MASCULINO,SIN DATOS,1,0,Morelia,El Realito,diciembre,sábado,18,-101.203871704638,19.7273772405199
43381,43387,2022,,2022/12/17,19:30:00,COLISIÓN POR INVASIÓN DE CARRIL,ASFALTO,Bueno,Bueno,3,TOYOTA,GUINDA,5,MINISTERIO PÚBLICO,,MASCULINO,SIN DATOS,1,1,Hidalgo,Sin Nombre,diciembre,sábado,20,-100.555908679962,19.7071451457307
43382,43388,2022,LEG46349,2022/12/17,19:40:00,COLISIÓN POR INVASIÓN DE CARRIL,ASFALTO,Bueno,Bueno,3,NISSAN,BLANCO,5,,,,SIN DATOS,2,0,Charo,San Juan,diciembre,sábado,20,-101.050344761725,19.7460529247365
43383,43389,2022,MOR220782569,2022/12/17,20:55:00,COLISIÓN POR ALCANCE,ASFALTO,Bueno,Bueno,2,MITSUBISHI,AZUL,2,,22,MASCULINO,SIN DATOS,0,0,Morelia,Alberto Oviedo Mota,diciembre,sábado,21,-101.197585612535,19.6811281057722
43384,43390,2022,MOR220782710,2022/12/17,23:00:00,COLISIÓN POR ALCANCE,ASFALTO,Bueno,Bueno,3,HONDA,GRIS,3,,52,MASCULINO,ALIENTO ETÍLICO,0,0,Morelia,Vicente Guerrero,diciembre,sábado,23,-101.2296192348,19.703417727246
43387,43393,2022,,2022/12/18,"07:30:00",VOLCADURA,ASFALTO,Bueno,Regular,1,NISSAN,BLANCO,2,MINISTERIO PÚBLICO,36,MASCULINO,SIN DATOS,1,0,Hidalgo,Centro,diciembre,domingo,8,-100.553271,19.691029
43388,43394,2022,,2022/12/18,11:20:00,COLISIÓN CON PEATÓN,SIN_DATOS,Bueno,Bueno,2,BMW,NEGRO,2,MINISTERIO PÚBLICO,32,MASCULINO,SIN DATOS,0,0,Morelia,Las Americas,diciembre,domingo,11,-101.15527803761,19.6905832056681
43389,43395,2022,,2022/12/18,11:40:00,COLISIÓN POR CORTE DE CIRCULACIÓN,ASFALTO,Bueno,Bueno,2,ITALIKA,CAFE,2,,0,MASCULINO,SIN DATOS,0,0,Morelia,Veinte de Noviembre,diciembre,domingo,12,-101.165649,19.721885
43390,43396,2022,,2022/12/18,14:00:00,COLISIÓN POR ALCANCE,ASFALTO,Bueno,Bueno,2,MERCURI MARINER,NEGRO,2,,20,MASCULINO,SIN DATOS,0,0,Morelia,Fuentes de Morelia,diciembre,domingo,14,-101.203908950441,19.6711852824231
43392,43398,2022,,2022/12/18,15:20:00,COLISIÓN CON PEATÓN,CONCRETO,Bueno,Bueno,2,NAVISTAR,VERDE,2,,0,MASCULINO,SIN DATOS,0,0,Morelia,Centro,diciembre,domingo,15,-101.189857827865,19.6978510930408
43394,43400,2022,,2022/12/18,23:00:00,COLISIÓN POR CORTE DE CIRCULACIÓN,CONCRETO,Bueno,Bueno,2,MANT TRUCK,VERDE,2,,40,MASCULINO,SIN DATOS,0,0,Morelia,Centro,diciembre,domingo,23,-101.185585744679,19.7056799450984
43395,43401,2022,,2022/12/19,"03:40:00",COLISIÓN CONTRA OBJETO FIJO,ASFALTO,Bueno,Bueno,2,CHEVROLET,GRIS,2,MINISTERIO PÚBLICO,20,MASCULINO,CON CERTIFICADO,0,0,Morelia,Ignacio Zaragoza,diciembre,lunes,4,-101.204222336317,19.723849518802
43396,43402,2022,LEG46375,2022/12/19,13:00:00,COLISIÓN POR CAMBIO DE CARRIL,ASFALTO,Bueno,Bueno,2,NISSAN,BLANCO,2,,37,MASCULINO,SIN DATOS,0,0,Morelia,Primo Tapia Oriente,diciembre,lunes,13,-101.156864315271,19.7146748405622
43397,43403,2022,,2022/12/19,13:20:00,COLISIÓN POR CORTE DE CIRCULACIÓN,ASFALTO,Bueno,Bueno,2,ITALIKA,GRAFITO,2,,23,MASCULINO,SIN DATOS,0,0,Morelia,Villas de La Esperanza,diciembre,lunes,13,-101.275,19.6947
43398,43404,2022,,2022/12/19,13:45:00,COLISIÓN POR ALCANCE,ASFALTO,Bueno,Bueno,3,FORD,NEGRO,3,MINISTERIO PÚBLICO,71,MASCULINO,SIN DATOS,0,0,Morelia,Gustavo Diaz Ordaz,diciembre,lunes,14,-101.205198046847,19.692756460765
43399,43405,2022,,2022/12/19,16:00:00,COLISIÓN POR CAMBIO DE CARRIL,CONCRETO,Bueno,Bueno,2,KIA,GRIS,2,,62,MASCULINO,SIN DATOS,0,0,Morelia,Centro,diciembre,lunes,16,-101.19118388321,19.702768457823
43400,43406,2022,,2022/12/19,16:55:00,COLISIÓN CONTRA OBJETO FIJO,ASFALTO,Bueno,Bueno,2,DODGE,PLATA,2,,0,,SIN DATOS,0,0,Morelia,Ricardo Flores Magon,diciembre,lunes,17,-101.2442053369,19.7070098191619
43403,43409,2022,MOR220786599,2022/12/19,20:20:00,COLISIÓN POR CAMBIO DE CARRIL,CONCRETO,Bueno,Bueno,2,VOLKSWAGEN,VERDE,2,,25,MASCULINO,SIN DATOS,0,0,Morelia,Isaac Arriaga,diciembre,lunes,20,-101.171403899789,19.7077076125506
43404,43410,2022,,2022/12/19,20:30:00,COLISIÓN POR CORTE DE CIRCULACIÓN,ASFALTO,Bueno,Bueno,2,CHEVROLET,AZUL,1,MINISTERIO PÚBLICO,29,MASCULINO,SIN DATOS,0,0,Morelia,Felix Ireta,diciembre,lunes,21,-101.180242113769,19.6879377058366
43405,43411,2022,MOR220786683,2022/12/19,21:05:00,COLISIÓN POR ALCANCE,ASFALTO,Bueno,Bueno,2,CHEVROLET,AZUL,2,,54,MASCULINO,SIN DATOS,0,0,Morelia,San Pascual,diciembre,lunes,21,-101.267325729132,19.6952555485448
43406,43412,2022,MOR 220786728,2022/12/19,22:20:00,COLISIÓN POR CAMBIO DE CARRIL,ASFALTO,Bueno,Regular,2,NISSAN,GUINDA,2,,68,,SIN DATOS,0,0,Morelia,Loma de La Virgen,diciembre,lunes,22,-101.200321130455,19.6628874576497
43407,43413,2022,MOR220786990,2022/12/20,"04:00:00",COLISIÓN CONTRA OBJETO FIJO,ASFALTO,Bueno,Bueno,2,HONDA,AZUL,2,,28,MASCULINO,SIN DATOS,0,0,Morelia,Gertrudis Bocanegra,diciembre,martes,4,-101.209342915,19.7031668199991
43408,43414,2022,,2022/12/20,"04:10:00",COLISIÓN CONTRA OBJETO FIJO,ASFALTO,Bueno,Bueno,1,CHEVROLET,PLATA,1,,0,,SIN DATOS,0,0,Morelia,Torreon Nuevo,diciembre,martes,4,-101.209681806823,19.74825979587
43409,43415,2022,,2022/12/20,"07:20:00",COLISIÓN POR CORTE DE CIRCULACIÓN,CONCRETO,Bueno,Bueno,1,VOLKSWAGEN,GRIS,1,,0,MASCULINO,SIN DATOS,0,0,Morelia,Indeco El Vivero,diciembre,martes,7,-101.230286120312,19.6793258035144
43410,43416,2022,,2022/12/20,"08:55:00",SUBIDA AL CAMELLÓN,CONCRETO,Bueno,Bueno,1,FORD,ORO,1,,46,MASCULINO,SIN DATOS,0,0,Morelia,Los Sauces,diciembre,martes,9,-101.18434054,19.6629919599991
43411,43417,2022,,2022/12/20,11:35:00,COLISIÓN POR MANIOBRA DE REVERSA,CONCRETO,Bueno,Malo,2,FREIGHTLINER,BLANCO,2,,42,MASCULINO,SIN DATOS,0,0,Morelia,Elias Perez Avalos,diciembre,martes,12,-101.167813022979,19.7136335493406
43412,43418,2022,,2022/12/20,12:00:00,COLISIÓN CON PEATÓN,ASFALTO,Bueno,Bueno,1,NISSAN,GRIS,2,,45,FEMENINO,SIN DATOS,1,0,Morelia,Torreon Nuevo,diciembre,martes,12,-101.209681806823,19.74825979587
43413,43419,2022,,2022/12/20,12:25:00,COLISIÓN POR CORTE DE CIRCULACIÓN,ASFALTO,Bueno,Bueno,3,MAN,GRIS/VINO,3,,30,MASCULINO,SIN DATOS,0,0,Morelia,Hacienda Peñasco (Castellon),diciembre,martes,12,-101.215208685283,19.6795098707232
43415,43421,2022,,2022/12/20,15:30:00,COLISIÓN POR CORTE DE CIRCULACIÓN,CONCRETO,Bueno,Bueno,2,HONDA,BLANCO,2,MINISTERIO PÚBLICO,0,,SIN DATOS,0,0,Morelia,Chapultepec Norte,diciembre,martes,16,-101.17499102,19.6947972999991
43416,43422,2022,,2022/12/20,17:50:00,COLISIÓN CON PEATÓN,ASFALTO,Bueno,Bueno,2,VOLKSWAGEN,BLANCO,2,,0,MASCULINO,SIN DATOS,0,0,Morelia,Morelos,diciembre,martes,18,-101.18131852377,19.7261651713381
43418,43424,2022,LEG46394,2022/12/20,19:00:00,COLISIÓN POR CORTE DE CIRCULACIÓN,ASFALTO,Bueno,Bueno,2,MERCEDES BENZ,BLANCO/ROJO,3,,0,MASCULINO,SIN DATOS,0,0,Morelia,Nueva Valladolid,diciembre,martes,19,-101.211483945359,19.6992598320994
43419,43425,2022,,2022/12/20,19:30:00,COLISIÓN POR CORTE DE CIRCULACIÓN,ASFALTO,Bueno,Bueno,2,HONDA,BLANCO,2,,0,FEMENINO,SIN DATOS,0,0,Morelia,Nueva Jacarndas,diciembre,martes,20,-101.191648494512,19.6821387685254
43420,43426,2022,,2022/12/20,19:30:00,VOLCADURA,ASFALTO,Bueno,Bueno,1,NISSAN,AMARILLO,2,MINISTERIO PÚBLICO,,,SIN DATOS,0,1,Morelia,Jesus Romero Flores,diciembre,martes,20,-101.183010488749,19.7313000824391
43421,43427,2022,,2022/12/20,19:40:00,COLISIÓN POR ALCANCE,ASFALTO,Bueno,Bueno,2,CHEVROLET,BLANCO,2,,,MASCULINO,SIN DATOS,0,0,Morelia,Los Laureles,diciembre,martes,20,-101.232922377234,19.7146136650311
43423,43429,2022,,2022/12/21,"00:00:00",COLISIÓN POR ALCANCE,ASFALTO,Bueno,Bueno,2,NISSAN,BLANCO,2,,46,MASCULINO,SIN DATOS,0,0,Charo,San Pedro Y San Pablo,diciembre,miércoles,0,-101.049474701285,19.7495726916076
43425,43431,2022,MOR 220789481,2022/12/21,"07:35:00",COLISIÓN POR INVASIÓN DE CARRIL,ASFALTO,Bueno,Regular,2,NISSAN,GRIS,2,,33,MASCULINO,CON CERTIFICADO,0,0,Morelia,Rincon de La Trinidad,diciembre,miércoles,8,-101.2259165,19.6709615
43426,43432,2022,,2022/12/21,"07:37:00",VOLCADURA,ASFALTO,Bueno,Bueno,1,ISUZU,BLANCO,1,,0,,SIN DATOS,0,0,Morelia,Tenencia Morelos,diciembre,miércoles,8,-101.239912641483,19.6513351959683
43427,43433,2022,MOR220789423,2022/12/21,"07:50:00",VOLCADURA,ASFALTO,Bueno,Regular,1,VOLKSWAGEN,PLATA,1,,29,FEMENINO,SIN DATOS,0,0,Huaniqueo,Sin datos,diciembre,miércoles,8,-101.514555998147,19.8714065458342
43429,43435,2022,,2022/12/21,10:15:00,COLISIÓN POR ALCANCE,ASFALTO,Bueno,Bueno,3,CHRYSLER,NEGRO,3,,83,MASCULINO,SIN DATOS,0,0,Morelia,Indeco El Vivero,diciembre,miércoles,10,-101.231877654791,19.6777145155215
43430,43436,2022,,2022/12/21,11:20:00,SALIDA DE SUPERFICIE DE RODAMIENTO,ASFALTO,Bueno,Bueno,1,CHEVROLET,GRIS,1,,,,SIN DATOS,0,0,Morelia,2 de Octubre,diciembre,miércoles,11,-101.386957280338,19.6671777973111
43431,43437,2022,,2022/12/21,11:25:00,SALIDA DE SUPERFICIE DE RODAMIENTO,ASFALTO,Bueno,Bueno,1,FREIGHTLINER,ROJO/AZUL,1,,0,,SIN DATOS,0,0,Morelia,Praderas del Indio,diciembre,miércoles,11,-101.223494028547,19.6450845894654
43432,43438,2022,,2022/12/21,14:00:00,COLISIÓN POR CORTE DE CIRCULACIÓN,ASFALTO,Bueno,Bueno,2,ITALIKA,ROJO,2,,38,MASCULINO,SIN DATOS,0,0,Morelia,Isaac Arriaga,diciembre,miércoles,14,-101.174343265593,19.7064037091734