fid,id_accidente,anio_origen,folio_c5i,dia_incidente,hora_ocurrencia,tipo_incidente_vial,superficie_ocurrencia,condiciones_climaticas,condiciones_via,numero_vehiculos_involucrados,marca_vehiculo_ocasiona_siniestro,color_vehiculo_ocasiona_siniestro,numero_personas_involucradas,lugar_remite_presunto_responsable,edad_presunto_responsable,sexo_presunto_responsable,resultados_toxicologia,numero_personas_lesionadas,numero_personas_fallecidas,municipio,colonia,mes,dia_semana,hora_redondeada,lon,lat
43433,43439,2022,,2022/12/21,15:10:00,COLISIÓN POR ALCANCE,CONCRETO,Bueno,Bueno,2,VOLSKWAGEN,ROJO,2,,46,MASCULINO,SIN DATOS,0,0,Morelia,Lomas de Huerta,diciembre,miércoles,15,-101.214309856296,19.6746320249162
43434,43440,2022,,2022/12/21,15:10:00,COLISIÓN POR ALCANCE,ASFALTO,Bueno,Bueno,2,NISSAN,GRIS,2,,32,FEMENINO,SIN DATOS,0,0,Morelia,Campestre Los Manantiales,diciembre,miércoles,15,-101.238163411617,19.6877694502352
43435,43441,2022,LEG46411,2022/12/21,15:28:00,CAIDA DE MOTOCICLETA,ASFALTO,Bueno,Bueno,1,SHADOW,ROJO,3,,0,,SIN DATOS,2,0,Morelia,Montaña Monarca,diciembre,miércoles,15,-101.160333752632,19.6712599698937
43436,43442,2022,LEG46412,2022/12/21,16:00:00,COLISIÓN POR INVASIÓN DE CARRIL,ASFALTO,Bueno,Bueno,2,KIA,AZUL,2,,40,MASCULINO,SIN DATOS,0,0,Morelia,Dr Miguel Silva,diciembre,miércoles,16,-101.188293769956,19.7211475191481
43437,43443,2022,,2022/12/21,20:00:00,COLISIÓN CONTRA OBJETO FIJO,ASFALTO,Bueno,Bueno,1,CHEVROLET,VERDE,1,,35,MASCULINO,SIN DATOS,0,0,Morelia,Campestre Los Manantiales,diciembre,miércoles,20,-101.240098290145,19.6923141834193
43438,43444,2022,,2022/12/21,20:00:00,COLISIÓN CONTRA OBJETO FIJO,CONCRETO,Bueno,Bueno,2,FORD,ROJO,2,MINISTERIO PÚBLICO,0,MASCULINO,SIN DATOS,0,0,Morelia,Morelos,diciembre,miércoles,20,-101.207971461117,19.6951772643608
43439,43445,2022,MOR220790927,2022/12/21,20:20:00,COLISIÓN POR CORTE DE CIRCULACIÓN,ASFALTO,Bueno,Bueno,2,VOLKSWAGEN,ARENA,2,,0,MASCULINO,SIN DATOS,0,0,Morelia,Sentimientos de La Nacion,diciembre,miércoles,20,-101.233269050717,19.6782253116986
43440,43446,2022,,2022/12/21,22:00:00,COLISIÓN POR CAMBIO DE CARRIL,ASFALTO,Bueno,Bueno,2,HONDA,BLANCO,2,,47,MASCULINO,SIN DATOS,0,0,Morelia,Josefa Ortiz de Dominguez,diciembre,miércoles,22,-101.208108253777,19.6723355876986
43441,43447,2022,MOR220791140,2022/12/21,22:40:00,COLISIÓN POR CORTE DE CIRCULACIÓN,ASFALTO,Bueno,Bueno,2,ITALIKA,NEGRO Y GIONDA,2,,0,MASCULINO,SIN DATOS,0,0,Morelia,Felix Ireta,diciembre,miércoles,23,-101.181437373161,19.6815069330925
43442,43448,2022,MOR220791235,2022/12/22,"00:20:00",COLISIÓN POR INVASIÓN DE CARRIL,ASFALTO,Bueno,Regular,2,CHEVROLET,GRIS,2,,42,MASCULINO,ALIENTO ETÍLICO,0,0,Morelia,Ciudad Industrial,diciembre,jueves,0,-101.14554366932,19.7284851395985
43443,43449,2022,MOR220791241,2022/12/22,"01:00:00",COLISIÓN CONTRA OBJETO FIJO,ASFALTO,Bueno,Bueno,1,NISSAN,BLANCO,1,,49,MASCULINO,SIN DATOS,0,0,Morelia,Praderas del Indio,diciembre,jueves,1,-101.223494028547,19.6450845894654
43444,43450,2022,,2022/12/22,"08:35:00",COLISIÓN POR CORTE DE CIRCULACIÓN,ASFALTO,Bueno,Bueno,2,NISSAN,VERDE,2,,0,,SIN DATOS,0,0,Morelia,Sin datos,diciembre,jueves,9,-101.355056,19.6696905
43445,43451,2022,,2022/12/22,"09:00:00",COLISIÓN CONTRA OBJETO FIJO,ASFALTO,Bueno,Bueno,2,NISSAN,NARANJA,2,,26,MASCULINO,SIN DATOS,0,0,Morelia,Felix Ireta,diciembre,jueves,9,-101.191790781238,19.6824208503147
43446,43452,2022,,2022/12/22,"09:40:00",COLISIÓN POR ALCANCE,ASFALTO,Bueno,Bueno,2,NISSAN,GRIS,2,,35,MASCULINO,SIN DATOS,0,0,Morelia,Avicola Benito Juarez,diciembre,jueves,10,-101.279538162053,19.6913488685118
43447,43453,2022,,2022/12/22,10:00:00,COLISIÓN POR ALCANCE,ASFALTO,Bueno,Bueno,2,KENWORTH,BLANCO,2,,0,MASCULINO,SIN DATOS,0,0,Morelia,Lomas de Morelia (Dr Ignacio Chavez),diciembre,jueves,10,-101.175841279328,19.7177556132334
43448,43454,2022,,2022/12/22,10:35:00,COLISIÓN POR INVASIÓN DE CARRIL,ASFALTO,Bueno,Bueno,2,NAVISTAT,VERDE,2,,43,MASCULINO,SIN DATOS,0,0,Morelia,Lomas de San Juan,diciembre,jueves,11,-101.183039681886,19.7298664251429
43449,43455,2022,,2022/12/22,11:30:00,COLISIÓN POR CORTE DE CIRCULACIÓN,ASFALTO,Bueno,Regular,2,KENWORTH,NARANJA,2,,54,MASCULINO,SIN DATOS,0,0,Morelia,Elias Perez Avalos,diciembre,jueves,12,-101.167813022979,19.7136335493406
43450,43456,2022,,2022/12/22,12:00:00,COLISIÓN POR NO RESPETAR SEMÁFORO,ASFALTO,Bueno,Bueno,2,NISSAN,ROJO,2,MINISTERIO PÚBLICO,30,MASCULINO,SIN DATOS,0,0,Morelia,Niño Artillero,diciembre,jueves,12,-101.253887533225,19.6966180829493
43451,43457,2022,,2022/12/22,12:00:00,COLISIÓN POR ALCANCE,CONCRETO,Bueno,Bueno,3,NISSAN,PLATA,3,,54,MASCULINO,SIN DATOS,0,0,Morelia,Elias Perez Avalos,diciembre,jueves,12,-101.167813022979,19.7136335493406
43452,43458,2022,,2022/12/22,12:50:00,COLISIÓN POR CORTE DE CIRCULACIÓN,ASFALTO,Bueno,Bueno,2,TOYOTA,BLANCO/GRIS,2,,41,MASCULINO,SIN DATOS,0,0,Morelia,Sentimientos de La Nacion,diciembre,jueves,13,-101.233194944297,19.682432823539
43454,43460,2022,,2022/12/22,16:40:00,COLISIÓN CONTRA OBJETO FIJO,CONCRETO,Bueno,Bueno,1,TOYOTA,BLANCO,1,,46,MASCULINO,SIN DATOS,0,0,Morelia,Santa Maria de Guido,diciembre,jueves,17,-101.192920915782,19.6772848519631
43455,43461,2022,,2022/12/22,17:16:00,COLISIÓN POR ALCANCE,ASFALTO,Bueno,Bueno,2,MINI,DORADO,2,,0,MASCULINO,SIN DATOS,0,0,Morelia,Poblado de Ocolusen,diciembre,jueves,17,-101.1501634866,19.692157927804
43456,43462,2022,,2022/12/22,21:40:00,COLISIÓN POR ALCANCE,ASFALTO,Bueno,Bueno,2,CHRYSLER,BLANCO,2,MINISTERIO PÚBLICO,36,MASCULINO,SIN DATOS,1,0,Hidalgo,Corros,diciembre,jueves,22,-100.5553843081,19.7072136392708
43457,43463,2022,,2022/12/22,22:00:00,COLISIÓN CONTRA OBJETO FIJO,ASFALTO,Bueno,Regular,2,TOYOTA,GUINDA,2,,50,MASCULINO,ALIENTO ETÍLICO,0,0,Morelia,Felix Ireta,diciembre,jueves,22,-101.190105135,19.6853188699992
43458,43464,2022,,2022/12/22,22:27:00,COLISIÓN POR CORTE DE CIRCULACIÓN,CONCRETO,Bueno,Bueno,2,GMC,BLANCO,2,,28,MASCULINO,SIN DATOS,0,0,Morelia,Hacienda del Monte,diciembre,jueves,22,-101.1545817554,19.6571847179605
43459,43465,2022,,2022/12/23,"00:00:00",COLISIÓN POR CORTE DE CIRCULACIÓN,ASFALTO,Bueno,Bueno,2,DODGE,ROJO,2,,33,MASCULINO,SIN DATOS,0,0,Morelia,Reforma,diciembre,viernes,0,-101.242410689592,19.7057474923421
43460,43466,2022,,2022/12/23,"06:25:00",SALIDA DE SUPERFICIE DE RODAMIENTO,ASFALTO,Bueno,Bueno,1,NISSAN,GRIS,1,,25,FEMENINO,SIN DATOS,0,0,Morelia,Vista Bella,diciembre,viernes,6,-101.194890663028,19.6788039805549
43461,43467,2022,MOR220793620,2022/12/23,"08:55:00",COLISIÓN POR CORTE DE CIRCULACIÓN,ASFALTO,Bueno,Bueno,2,KCSM 4805,NARANJA/AMARILLO/NEGRO,2,MINISTERIO PÚBLICO,51,MASCULINO,SIN DATOS,0,0,Morelia,Ciudad Industrial,diciembre,viernes,9,-101.13794837147,19.728618484828
43462,43468,2022,,2022/12/23,"09:10:00",COLISIÓN POR ALCANCE,ASFALTO,Bueno,Bueno,2,NISSAN,PLATA,2,,28,MASCULINO,SIN DATOS,0,0,Morelia,Lomas de Morelia (Dr Ignacio Chavez),diciembre,viernes,9,-101.175618320704,19.7175874368072
43463,43469,2022,MOR220793660,2022/12/23,"09:10:00",COLISIÓN POR INVASIÓN DE CARRIL,ASFALTO,Bueno,Bueno,2,NISSAN,BLANCO,2,MINISTERIO PÚBLICO,24,FEMENINO,SIN DATOS,0,0,Morelia,Indeco El Vivero,diciembre,viernes,9,-101.229727864265,19.6769988298813
43464,43470,2022,MOR 220794083,2022/12/23,13:00:00,COLISIÓN POR INVASIÓN DE CARRIL,ASFALTO,Bueno,Regular,2,FREIGTHLINER,ROJO,2,,38,MASCULINO,SIN DATOS,0,0,Morelia,Morelos,diciembre,viernes,13,-101.185369491577,19.7240249174694
43465,43471,2022,MOR220794314,2022/12/23,13:55:00,COLISIÓN POR CORTE DE CIRCULACIÓN,ASFALTO,Bueno,Bueno,2,NISSAN,BLANCO/MORADO,2,,39,MASCULINO,SIN DATOS,0,0,Morelia,Isaac Arriaga,diciembre,viernes,14,-101.167701780796,19.709422776938
43466,43472,2022,LEG46441,2022/12/23,16:15:00,COLISIÓN POR ALCANCE,ASFALTO,Bueno,Bueno,4,NISSAN,BLANCO,4,,46,MASCULINO,SIN DATOS,0,0,Morelia,Rafael Carrillo,diciembre,viernes,16,-101.235150285065,19.7096156291997
43467,43473,2022,MORF 220794689,2022/12/23,17:10:00,COLISIÓN CONTRA OBJETO FIJO,ASFALTO,Bueno,Bueno,1,JEEP,NEGRO,1,,29,FEMENINO,SIN DATOS,0,0,Morelia,Sin datos,diciembre,viernes,17,-101.12677898258,19.7090496971073
43468,43474,2022,,2022/12/23,17:30:00,CAIDA DE MOTOCICLETA,CONCRETO,Bueno,Bueno,1,SUZUKI,ROJO,1,,30,MASCULINO,SIN DATOS,0,0,Morelia,Sin datos,diciembre,viernes,18,-101.134305261075,19.6907882382155
43469,43475,2022,,2022/12/23,18:30:00,COLISIÓN POR ALCANCE,CONCRETO,Bueno,Bueno,2,INTERNACIONAL,VERDE,2,,21,MASCULINO,SIN DATOS,0,0,Morelia,Chapultepec Norte,diciembre,viernes,19,-101.17684699943,19.6931609040469
43470,43476,2022,MOR220794740,2022/12/23,19:20:00,COLISIÓN POR MANIOBRA DE REVERSA,ASFALTO,Bueno,Regular,2,TOYOTA,BLANCO,2,,26,MASCULINO,SIN DATOS,0,0,Morelia,Hacienda San Jose,diciembre,viernes,19,-101.216729208827,19.6949547224186
43471,43477,2022,LEG46446,2022/12/23,23:23:00,COLISIÓN POR NO RESPETAR SEMÁFORO,ASFALTO,Bueno,Bueno,2,DODGE,BLANCO,4,MINISTERIO PÚBLICO,48,MASCULINO,SIN DATOS,2,0,Morelia,Loma de Los Piñones,diciembre,viernes,23,-101.204983144999,19.67407259892
43472,43478,2022,,2022/12/24,"00:22:00",COLISIÓN CONTRA OBJETO FIJO,ASFALTO,Bueno,Regular,3,VOLKSWAGEN,AZUL,0,MINISTERIO PÚBLICO,,,,0,0,Pátzcuaro,Vasco de Quiroga (La Loma),diciembre,sábado,0,-101.606251001358,19.5185170506964
43473,43479,2022,MOR 220795490,2022/12/24,"01:00:00",SUBIDA AL CAMELLÓN,ASFALTO,Bueno,Bueno,1,FORD,ROJO,1,,,,SIN DATOS,0,0,Morelia,Infonavit Colonial Universidad,diciembre,sábado,1,-101.207213401794,19.6865796602715
43474,43480,2022,MOR22079561,2022/12/24,"03:27:00",COLISIÓN CONTRA OBJETO FIJO,ASFALTO,Bueno,Bueno,2,FORD,BLANCO,2,,44,MASCULINO,ALIENTO ETÍLICO,0,0,Morelia,Comision Federal de Electricidad,diciembre,sábado,3,-101.181341148913,19.6815113527393
43475,43481,2022,,2022/12/24,14:45:00,COLISIÓN POR CORTE DE CIRCULACIÓN,ASFALTO,Nublado,Bueno,2,ITALIKA,AMARILLO,2,,18,MASCULINO,SIN DATOS,0,0,Morelia,Alfonso Espinoza Guerrero (Barranca Seca),diciembre,sábado,15,-101.176287867129,19.669903045794
43476,43482,2022,,2022/12/24,17:30:00,CAIDA DE MOTOCICLETA,ASFALTO,Bueno,Bueno,1,ITALIKA,NEGRO/AMARILLO,2,MINISTERIO PÚBLICO,34,,SIN DATOS,1,0,Pátzcuaro,El Calvario,diciembre,sábado,18,-101.618555635214,19.513627685477
43477,43483,2022,,2022/12/24,19:00:00,COLISIÓN POR ALCANCE,ASFALTO,Bueno,Bueno,2,FORD,NEGRO,2,,18,MASCULINO,SIN DATOS,0,0,Morelia,Elias Perez Avalos,diciembre,sábado,19,-101.171481013298,19.7147439621245
43478,43484,2022,,2022/12/24,19:26:00,COLISIÓN POR ALCANCE,ASFALTO,Bueno,Bueno,3,CHEVROLET,GRIS,3,,,MASCULINO,SIN DATOS,0,0,Morelia,San Rafael,diciembre,sábado,19,-101.154746040702,19.7004698834455
43479,43485,2022,,2022/12/24,19:40:00,COLISIÓN POR INVASIÓN DE CARRIL,ASFALTO,Lluvioso,Regular,3,CHEVROLET,AZUL,4,MINISTERIO PÚBLICO,62,MASCULINO,SIN DATOS,1,0,Hidalgo,Corros,diciembre,sábado,20,-100.555383637547,19.7072142705475
43480,43486,2022,,2022/12/24,19:45:00,COLISIÓN POR CORTE DE CIRCULACIÓN,ASFALTO,Bueno,Bueno,2,YAMAHA,ROJO,2,,36,MASCULINO,SIN DATOS,0,0,Morelia,La Hacienda,diciembre,sábado,20,-101.314941979945,19.6868795550994
43481,43487,2022,LEG46449,2022/12/24,22:00:00,COLISIÓN POR CORTE DE CIRCULACIÓN,SIN_DATOS,Bueno,Bueno,2,NISSAN,ARENA,2,,,MASCULINO,SIN DATOS,0,0,Morelia,Ocolusen Iii,diciembre,sábado,22,-101.151189963028,19.685098268065
43482,43488,2022,,2022/12/25,"01:30:00",COLISIÓN POR CORTE DE CIRCULACIÓN,CONCRETO,Bueno,Bueno,2,CHEVROLET,NEGRO,2,,0,MASCULINO,SIN DATOS,0,0,Morelia,Gertrudis Sanchez,diciembre,domingo,2,-101.199889630079,19.7426710456767
43483,43489,2022,,2022/12/25,12:00:00,COLISIÓN POR INVASIÓN DE CARRIL,ASFALTO,Bueno,Regular,2,FORD,AMARILLO,2,,0,MASCULINO,SIN DATOS,0,0,Morelia,12 de Diciembre,diciembre,domingo,12,-101.152301542461,19.7031497436902
43484,43490,2022,,2022/12/25,13:10:00,COLISIÓN POR CORTE DE CIRCULACIÓN,ASFALTO,Lluvioso,Bueno,2,S/D,S/D,2,,40,,SIN DATOS,0,0,Morelia,Vicente Guerrero,diciembre,domingo,13,-101.229651756585,19.7035291501942
43485,43491,2022,,2022/12/25,15:00:00,SALIDA DE SUPERFICIE DE RODAMIENTO,TERRACERIA,Bueno,Regular,1,MITSUBISHI,BLANCO,1,,39,MASCULINO,SIN DATOS,0,0,Peribán,Sin datos,diciembre,domingo,15,-102.455768372972,19.5249208932349
43486,43492,2022,,2022/12/25,15:30:00,COLISIÓN POR ALCANCE,ASFALTO,Nublado,Bueno,2,NISSAN/TSURU,BLANCO ROJO,2,,54,MASCULINO,SIN DATOS,0,0,Morelia,Sentimientos de La Nacion,diciembre,domingo,16,-101.2369979918,19.6847521837561
43487,43493,2022,,2022/12/25,15:46:00,COLISIÓN POR CORTE DE CIRCULACIÓN,ASFALTO,Bueno,Bueno,2,ITALIKA,VERDE/NEGRO,2,,26,MASCULINO,SIN DATOS,0,0,Morelia,Sin datos,diciembre,domingo,16,-101.117808669806,19.7370834949033
43488,43494,2022,,2022/12/25,17:00:00,COLISIÓN POR ALCANCE,ASFALTO,Lluvioso,Bueno,2,CHEVLORET,BLANCO,2,MINISTERIO PÚBLICO,47,MASCULINO,ALIENTO ETÍLICO,0,0,Morelia,Infonavit Manantiales,diciembre,domingo,17,-101.239682883024,19.692874808372
43489,43495,2022,,2022/12/25,19:50:00,SALIDA DE SUPERFICIE DE RODAMIENTO,ASFALTO,Lluvioso,Bueno,1,DATSUN,AMARILLO,1,,26,MASCULINO,SIN DATOS,0,0,Morelia,Alberto Oviedo Mota,diciembre,domingo,20,-101.197529621422,19.6811208449065
43490,43496,2022,,2022/12/25,20:40:00,CAIDA DE MOTOCICLETA,ASFALTO,Lluvioso,Bueno,1,ITALIKA,ROJO,1,MINISTERIO PÚBLICO,,,,1,0,Cuitzeo,Sin datos,diciembre,domingo,21,-101.151315830648,20.0613397123797
43491,43497,2022,,2022/12/25,20:45:00,SUBIDA AL CAMELLÓN,ASFALTO,Bueno,Regular,1,SEAT IBIZA,GRIS,1,,42,MASCULINO,SIN DATOS,0,0,Morelia,Felix Arreguin,diciembre,domingo,21,-101.226540394127,19.7214776477681
43492,43498,2022,,2022/12/25,21:50:00,SALIDA DE SUPERFICIE DE RODAMIENTO,ASFALTO,Bueno,Bueno,1,JEEP,NEGRO,1,,27,FEMENINO,SIN DATOS,0,0,Morelia,La Huerta,diciembre,domingo,22,-101.217142604291,19.6755415615457
43493,43499,2022,,2022/12/25,22:17:00,COLISIÓN CONTRA OBJETO FIJO,ASFALTO,Bueno,Bueno,2,VOLKSWAGEN,NEGRO,2,,,,SIN DATOS,0,0,Morelia,Salvador Alcaraz Romero,diciembre,domingo,22,-101.166493445635,19.7180699680126
43494,43500,2022,,2022/12/26,"02:00:00",COLISIÓN CONTRA OBJETO FIJO,ASFALTO,Bueno,Bueno,1,MITSUBISHI,BLANCO,3,MINISTERIO PÚBLICO,,,,3,0,Morelia,El Lago 3,diciembre,lunes,2,-101.221782155335,19.7272794049369
43495,43501,2022,,2022/12/26,"05:40:00",COLISIÓN CONTRA OBJETO FIJO,ASFALTO,Bueno,Bueno,1,NISSAN,BLANCO,1,,40,MASCULINO,SIN DATOS,0,0,Morelia,La Aldea,diciembre,lunes,6,-101.134076267481,19.7408577797058
43496,43502,2022,,2022/12/26,13:40:00,COLISIÓN POR CORTE DE CIRCULACIÓN,ASFALTO,Bueno,Bueno,2,YAMAHA,NEGRO NARANJA,3,,29,MASCULINO,SIN DATOS,1,0,Morelia,Niño Artillero,diciembre,lunes,14,-101.256125494838,19.6974594851443
43497,43503,2022,,2022/12/26,17:55:00,COLISIÓN POR ALCANCE,ASFALTO,Nublado,Bueno,3,FORD/F150,GUINDA,3,,45,MASCULINO,SIN DATOS,0,0,Morelia,Sin datos,diciembre,lunes,18,-101.284005716443,19.6904170089659
43498,43504,2022,,2022/12/26,19:40:00,COLISIÓN POR CORTE DE CIRCULACIÓN,ASFALTO,Bueno,Bueno,2,VOLKSWAGEN,ROJO,2,,0,MASCULINO,SIN DATOS,0,0,Morelia,Nueva Chapultepec,diciembre,lunes,20,-101.174898147583,19.6881397385952
43499,43505,2022,,2022/12/26,22:32:00,COLISIÓN POR INVASIÓN DE CARRIL,ASFALTO,Bueno,Bueno,2,VOLKSWAGEN,BLANCO,2,,0,MASCULINO,SIN DATOS,0,0,Morelia,Villas del Pedregal,diciembre,lunes,23,-101.30450617522,19.6876081393519
43500,43506,2022,,2022/12/27,"04:00:00",COLISIÓN CONTRA OBJETO FIJO,ASFALTO,Bueno,Bueno,1,VOLKSWAGEN,AZUL,1,,0,,SIN DATOS,0,0,Morelia,Enrique Arreguin Robles,diciembre,martes,4,-101.183151304722,19.7236392474751
43501,43507,2022,,2022/12/27,"07:00:00",COLISIÓN CONTRA OBJETO FIJO,ASFALTO,Bueno,Bueno,1,INTERNATIONAL,AMARILLO,1,,39,MASCULINO,SIN DATOS,0,0,Peribán,Sin datos,diciembre,martes,7,-102.445870265365,19.5536666993708
43502,43508,2022,,2022/12/27,14:46:00,COLISIÓN POR CAMBIO DE CARRIL,ASFALTO,Bueno,Bueno,2,YAMAHA,BLANCO,3,,46,MASCULINO,SIN DATOS,1,0,Morelia,El Eden,diciembre,martes,15,-101.249642260373,19.6460302904054
43503,43509,2022,,2022/12/27,18:00:00,COLISIÓN POR CORTE DE CIRCULACIÓN,CONCRETO,Bueno,Bueno,2,HUNDAI,ROJO,2,MINISTERIO PÚBLICO,30,FEMENINO,SIN DATOS,0,0,Morelia,Vista Hermosa  2A Etapa,diciembre,martes,18,-101.209215000272,19.6734118296945
43504,43510,2022,,2022/12/28,10:45:00,COLISIÓN POR ALCANCE,ASFALTO,Bueno,Bueno,2,TOYOTA/TACOMA,MORADO,2,MINISTERIO PÚBLICO,50,MASCULINO,SIN DATOS,0,0,Morelia,Arcos del Valle,diciembre,miércoles,11,-101.234795562923,19.7094843255575
43505,43511,2022,,2022/12/28,11:20:00,COLISIÓN POR CAMBIO DE CARRIL,ASFALTO,Bueno,Bueno,2,FREIGHTLINER,MORADO,2,,46,MASCULINO,SIN DATOS,0,0,Morelia,Francisco J Mujica,diciembre,miércoles,11,-101.191195249557,19.7228666422643
43506,43512,2022,,2022/12/28,16:12:00,COLISIÓN POR CAMBIO DE CARRIL,ASFALTO,Bueno,Bueno,2,FORD,ROJO,2,,40,,SIN DATOS,0,0,Morelia,Bosques de Oriente,diciembre,miércoles,16,-101.155527234077,19.7155544812281
43507,43513,2022,,2022/12/28,18:20:00,CAIDA DE MOTOCICLETA,ASFALTO,Bueno,Bueno,1,PULSAR/125NS,AMARILLO,1,,27,MASCULINO,SIN DATOS,0,0,Morelia,Lomas del Tecnologico,diciembre,miércoles,18,-101.196184828877,19.7243092774829
43508,43514,2022,,2022/12/28,18:20:00,COLISIÓN POR CORTE DE CIRCULACIÓN,ASFALTO,Bueno,Bueno,2,NISSAN,PLATA,2,,21,MASCULINO,SIN DATOS,0,0,Morelia,Felix Ireta,diciembre,miércoles,18,-101.180251166224,19.6879402312476
43509,43515,2022,,2022/12/29,"00:00:00",COLISIÓN POR CORTE DE CIRCULACIÓN,ASFALTO,Bueno,Bueno,2,FORD,ROJO,2,MINISTERIO PÚBLICO,61,MASCULINO,SIN DATOS,0,0,Morelia,Enrique Arreguin Robles,diciembre,jueves,0,-101.179203428328,19.7206286540498
43510,43516,2022,,2022/12/29,"04:20:00",COLISIÓN CONTRA OBJETO FIJO,ASFALTO,Bueno,Bueno,1,CHEVROLET,BLANCO,1,,,MASCULINO,SIN DATOS,0,0,Morelia,Leandro Valle,diciembre,jueves,4,-101.229435503483,19.7178736541567
43511,43517,2022,,2022/12/29,12:00:00,COLISIÓN POR ALCANCE,ASFALTO,Bueno,Bueno,2,RENAULT,BLANCO,2,MINISTERIO PÚBLICO,64,MASCULINO,SIN DATOS,0,0,Morelia,La Esperanza,diciembre,jueves,12,-101.252269148827,19.698115104655
43512,43518,2022,LEG46496,2022/12/29,12:00:00,COLISIÓN POR ALCANCE,ASFALTO,Bueno,Bueno,2,NISSAN,PLATA,2,MINISTERIO PÚBLICO,54,MASCULINO,SIN DATOS,0,0,Morelia,Avicola Benito Juarez,diciembre,jueves,12,-101.279539838433,19.6913479215028
43513,43519,2022,,2022/12/29,14:30:00,COLISIÓN POR ALCANCE,ASFALTO,Bueno,Bueno,2,CHEVROLET,ARENA,2,,26,MASCULINO,SIN DATOS,0,0,Morelia,Arcos del Valle,diciembre,jueves,15,-101.236249655485,19.7076239686201
43514,43520,2022,,2022/12/29,14:40:00,COLISIÓN POR INVASIÓN DE CARRIL,ASFALTO,Bueno,Bueno,2,KTM,NEGRO/NARANJA,2,MINISTERIO PÚBLICO,23,MASCULINO,SIN DATOS,1,0,Hidalgo,Corros,diciembre,jueves,15,-100.555387325585,19.7072136392708
43515,43521,2022,MOR 220807062,2022/12/29,14:55:00,COLISIÓN POR CORTE DE CIRCULACIÓN,ASFALTO,Bueno,Bueno,2,FORD,PLATA,2,,72,MASCULINO,SIN DATOS,0,0,Morelia,Primaveras,diciembre,jueves,15,-101.225753501058,19.6813484571058
43516,43522,2022,,2022/12/29,16:05:00,COLISIÓN POR ALCANCE,ASFALTO,Bueno,Bueno,2,TOYOTA,BLANCO / GRIS,2,,48,MASCULINO,SIN DATOS,0,0,Morelia,Cinco de Diciembre,diciembre,jueves,16,-101.16128526628,19.6876024571652
43517,43523,2022,,2022/12/29,17:45:00,COLISIÓN POR CORTE DE CIRCULACIÓN,ASFALTO,Bueno,Bueno,2,NISSAN,GRIS,2,,,FEMENINO,SIN DATOS,0,0,Morelia,Quinceo,diciembre,jueves,18,-101.224233023822,19.7253706522873
43518,43524,2022,MOR220807611,2022/12/29,19:40:00,COLISIÓN POR CAMBIO DE CARRIL,ASFALTO,Bueno,Bueno,2,HYUNDAI,BLANCO,2,,40,MASCULINO,SIN DATOS,0,0,Morelia,Xangari,diciembre,jueves,20,-101.220689490438,19.6741227958019
43519,43525,2022,,2022/12/29,19:42:00,COLISIÓN POR CORTE DE CIRCULACIÓN,ASFALTO,Bueno,Bueno,2,FORD,BLANCO,5,MINISTERIO PÚBLICO,,,,5,0,Chilchota,Sin datos,diciembre,jueves,20,-102.027443647385,19.7700631818646
43520,43526,2022,MOR 220807491,2022/12/29,21:15:00,COLISIÓN POR MANIOBRA DE REVERSA,ASFALTO,Bueno,Regular,2,DODGE,NARANJA,2,MINISTERIO PÚBLICO,48,MASCULINO,SIN DATOS,0,0,Morelia,Sentimientos de La Nacion,diciembre,jueves,21,-101.233440041542,19.685192223822
43521,43527,2022,,2022/12/29,23:12:00,COLISIÓN POR ALCANCE,ASFALTO,Bueno,Bueno,2,FREIGHTLINER,ROJO,0,MINISTERIO PÚBLICO,,,,0,0,Hidalgo,Corros,diciembre,jueves,23,-100.555399060249,19.7072123767173
43522,43528,2022,,2022/12/30,"00:00:00",CAIDA DE MOTOCICLETA,ASFALTO,Bueno,Bueno,1,ITALIKA,NEGRO/AZUL,2,MINISTERIO PÚBLICO,,,,2,0,Cotija,Sin datos,diciembre,viernes,0,-102.657267227769,19.7996550304488
43523,43529,2022,MOR220808073,2022/12/30,"01:15:00",COLISIÓN CONTRA OBJETO FIJO,ASFALTO,Bueno,Bueno,1,SEAT,BLANCO,1,,31,MASCULINO,SIN DATOS,0,0,Morelia,Lomas de Guayangareo,diciembre,viernes,1,-101.158763319254,19.7022965492387
43524,43530,2022,MOR220808141,2022/12/30,"04:45:00",VOLCADURA,ASFALTO,Bueno,Bueno,1,VOLKSWAGEN,BLANCO,1,,,,SIN DATOS,0,0,Morelia,Torremolinos,diciembre,viernes,5,-101.223381757736,19.680819676534
43525,43531,2022,,2022/12/30,"09:40:00",COLISIÓN POR CORTE DE CIRCULACIÓN,ASFALTO,Bueno,Bueno,2,KAWASAKI,BLANCO/AZUL,2,,52,MASCULINO,SIN DATOS,0,0,Morelia,La Colina,diciembre,viernes,10,-101.215541660786,19.7057680090226
43526,43532,2022,,2022/12/30,12:10:00,COLISIÓN POR CORTE DE CIRCULACIÓN,ASFALTO,Bueno,Bueno,2,VOLKSWAGEN,ROJO,2,,27,MASCULINO,SIN DATOS,0,0,Morelia,Sentimientos de La Nacion,diciembre,viernes,12,-101.234279139077,19.6788627442725
43527,43533,2022,,2022/12/30,14:00:00,COLISIÓN POR CORTE DE CIRCULACIÓN,CONCRETO,Bueno,Bueno,2,HYUNDAI,BLANCO,2,MINISTERIO PÚBLICO,39,MASCULINO,CON CERTIFICADO,0,0,Morelia,Ejidal Ocolusen,diciembre,viernes,14,-101.156102567911,19.6842717140208