fid,id_accidente,anio_origen,folio_c5i,dia_incidente,hora_ocurrencia,tipo_incidente_vial,superficie_ocurrencia,condiciones_climaticas,condiciones_via,numero_vehiculos_involucrados,marca_vehiculo_ocasiona_siniestro,color_vehiculo_ocasiona_siniestro,numero_personas_involucradas,lugar_remite_presunto_responsable,edad_presunto_responsable,sexo_presunto_responsable,resultados_toxicologia,numero_personas_lesionadas,numero_personas_fallecidas,municipio,colonia,mes,dia_semana,hora_redondeada,lon,lat
43528,43534,2022,,2022/12/30,14:15:00,COLISIÓN POR ALCANCE,ASFALTO,Bueno,Bueno,3,HONDA,BLANCO,3,,,MASCULINO,SIN DATOS,0,0,Morelia,Loma Real,diciembre,viernes,14,-101.197814270854,19.7272907664915
43529,43535,2022,,2022/12/30,16:00:00,COLISIÓN POR CORTE DE CIRCULACIÓN,ASFALTO,Bueno,Bueno,2,FORD,BLANCO,2,,21,MASCULINO,SIN DATOS,0,0,Morelia,La Aldea,diciembre,viernes,16,-101.134701892734,19.7348548577582
43530,43536,2022,,2022/12/30,16:20:00,COLISIÓN POR ALCANCE,ASFALTO,Bueno,Bueno,2,HONDA,BLANCO,2,,,MASCULINO,SIN DATOS,0,0,Morelia,Ignaci0 Ramirez,diciembre,viernes,16,-101.223926246166,19.725127006955
43531,43537,2022,,2022/12/30,22:00:00,COLISIÓN CONTRA OBJETO FIJO,ASFALTO,Bueno,Bueno,1,CHEVROLET,BLANCO,1,,,MASCULINO,SIN DATOS,0,0,Morelia,Nueva Valladolid,diciembre,viernes,22,-101.210629865527,19.7020579191217
43532,43538,2022,,2022/12/30,22:50:00,COLISIÓN POR NO RESPETAR SEMÁFORO,ASFALTO,Bueno,Bueno,3,MINI COOPER,BLANCO,3,MINISTERIO PÚBLICO,21,MASCULINO,SIN DATOS,0,0,Morelia,Los Girasoles,diciembre,viernes,23,-101.212802790105,19.6908826237463
43533,43539,2022,,2022/12/31,"01:35:00",COLISIÓN CONTRA OBJETO FIJO,ASFALTO,Bueno,Bueno,1,FORD,VERDE,2,,20,MASCULINO,SIN DATOS,1,0,Cuitzeo,La Concepcion,diciembre,sábado,2,-101.143972277641,19.9695387473882
43534,43540,2022,,2022/12/31,"08:30:00",COLISIÓN POR CAMBIO DE CARRIL,CONCRETO,Bueno,Bueno,2,VOLSKWAGEN,ROJO,3,,20,MASCULINO,SIN DATOS,1,0,Morelia,Indeco Expropiacion Petrolera,diciembre,sábado,9,-101.225694827735,19.6858371813971
43535,43541,2022,,2022/12/31,10:05:00,COLISIÓN POR CORTE DE CIRCULACIÓN,CONCRETO,Bueno,Bueno,2,ITALIKA,NEGRO Y ROJO,2,,28,MASCULINO,SIN DATOS,0,0,Morelia,Bello Horizonte,diciembre,sábado,10,-101.238670349121,19.6823539246018
43536,43542,2022,,2022/12/31,12:00:00,COLISIÓN POR CAMBIO DE CARRIL,ASFALTO,Bueno,Bueno,2,FORD,PLATA,2,,34,MASCULINO,SIN DATOS,0,0,Morelia,Ana Maria Gallaga (Riviera Norte),diciembre,sábado,12,-101.223938316107,19.6767898377061
43537,43543,2022,,2022/12/31,14:20:00,VOLCADURA,ASFALTO,Bueno,Bueno,1,FORD,VERDE,1,,,MASCULINO,SIN DATOS,0,0,Morelia,Ciudad Industrial,diciembre,sábado,14,-101.13386772573,19.7320586347087
43538,43544,2022,,2022/12/31,14:25:00,COLISIÓN POR ALCANCE,ASFALTO,Bueno,Bueno,3,Chevrolet,plata,3,,64,MASCULINO,SIN DATOS,0,0,Morelia,La Pradera,diciembre,sábado,14,-101.217148303986,19.6792020706821
43539,43545,2022,,2022/12/31,15:40:00,COLISIÓN POR CORTE DE CIRCULACIÓN,ASFALTO,Bueno,Bueno,2,CHEVROLET,ROJO,2,,35,MASCULINO,SIN DATOS,0,0,Morelia,Villas del Pedregal,diciembre,sábado,16,-101.304507516325,19.6876075079978
43540,43546,2022,,2022/12/31,17:00:00,COLISIÓN POR CAMBIO DE CARRIL,ASFALTO,Bueno,Bueno,2,FORD,PLATA,2,,22,FEMENINO,SIN DATOS,0,0,Morelia,Loma de Los Piñones,diciembre,sábado,17,-101.206057369709,19.6734424530777
43541,43547,2022,,2022/12/31,17:20:00,SALIDA DE SUPERFICIE DE RODAMIENTO,ASFALTO,Bueno,Bueno,1,HONDA,ROJO,1,,0,,SIN DATOS,0,0,Morelia,Villa Universidad,diciembre,sábado,17,-101.214078515768,19.6879250787807
43542,43548,2022,LEG46528,2022/12/31,17:30:00,COLISIÓN POR CAMBIO DE CARRIL,ASFALTO,Bueno,Bueno,2,SCANIA,BLANCO Y VERDE,2,,31,MASCULINO,SIN DATOS,0,0,Morelia,Niño Artillero,diciembre,sábado,18,-101.256399415433,19.697421290569
43543,43549,2022,,2022/12/31,19:30:00,COLISIÓN POR ALCANCE,ASFALTO,Bueno,Bueno,2,VOLKSWAGEN,GRIS,1,,32,MASCULINO,SIN DATOS,0,0,Morelia,Sentimientos de La Nacion,diciembre,sábado,20,-101.235205605626,19.6810021454898
43544,43550,2022,MOR220811715,2022/12/31,20:50:00,COLISIÓN POR CAMBIO DE CARRIL,ASFALTO,Bueno,Regular,2,GMC,AMARILLO,2,,44,MASCULINO,SIN DATOS,0,0,Morelia,Nicolaitas Ilustres,diciembre,sábado,21,-101.228359937668,19.7194656200192
43545,43551,2022,,2022/12/31,21:15:00,COLISIÓN POR ALCANCE,ASFALTO,Bueno,Bueno,2,CHEVROLET,ROJO,2,,37,MASCULINO,SIN DATOS,0,0,Morelia,Sentimientos de La Nacion,diciembre,sábado,21,-101.2368715927,19.6848052184349
43546,43552,2022,MOR220811804,2022/12/31,21:20:00,COLISIÓN CONTRA OBJETO FIJO,ASFALTO,Bueno,Bueno,1,TOYOTA,VERDE,2,MINISTERIO PÚBLICO,,,SIN DATOS,0,1,Charo,Sin datos,diciembre,sábado,21,-101.081643775105,19.6837666194466
43547,43553,2022,,2022/12/31,21:40:00,COLISIÓN POR MANIOBRA DE REVERSA,CONCRETO,Bueno,Bueno,2,CHEVROLET,ARENA,1,MINISTERIO PÚBLICO,,FEMENINO,SIN DATOS,0,0,Morelia,Villas del Pedregal,diciembre,sábado,22,-101.30851238966,19.6765076031277
43548,43554,2022,LEG46525,2022/12/31,23:16:00,COLISIÓN CONTRA OBJETO FIJO,ASFALTO,Bueno,Bueno,4,CHEVROLET,AZUL,3,,,,SIN DATOS,0,0,Morelia,Sin datos,diciembre,sábado,23,-101.279926747084,19.6506516713718
43549,43555,2022,MOR220812133,2022/12/31,23:40:00,COLISIÓN CONTRA OBJETO FIJO,ASFALTO,Bueno,Bueno,2,HONDA,AZUL,2,,29,MASCULINO,SIN DATOS,0,0,Morelia,Guadalupe,diciembre,sábado,0,-101.218262091279,19.709927159285
43550,43556,2023,,2023/01/01,"00:00:00",COLISIÓN POR CORTE DE CIRCULACIÓN,ASFALTO,Bueno,Bueno,2,CHEVROLET,ARENA,2,,,MASCULINO,SIN DATOS,0,0,Morelia,Ana Maria Gallaga (Riviera Norte),enero,domingo,0,-101.223942004144,19.6767901534045
43551,43557,2023,,2023/01/01,"00:15:00",COLISIÓN CONTRA OBJETO FIJO,ASFALTO,Bueno,Bueno,2,CHEVROLET,ROJO,0,MINISTERIO PÚBLICO,,,,0,0,Huandacareo,Centro,enero,domingo,0,-101.27363294363,19.9870816185518
43552,43558,2023,,2023/01/01,"01:40:00",VOLCADURA,ASFALTO,Bueno,Bueno,1,GMC,VERDE,2,,19,FEMENINO,SIN DATOS,1,0,Copándaro,Centro,enero,domingo,2,-101.214669942856,19.8910263179053
43553,43559,2023,MOR230000219,2023/01/01,"02:50:00",VOLCADURA,ASFALTO,Bueno,Bueno,1,NISSAN,VERDE,0,,,,,0,0,Morelia,2 de Octubre,enero,domingo,3,-101.386886872351,19.6672147362298
43554,43560,2023,MOR2300000588,2023/01/01,"09:00:00",CAIDA DE MOTOCICLETA,ASFALTO,Bueno,Bueno,1,ITALIKA,VERDE CON NEGRO,1,,23,MASCULINO,SIN DATOS,0,0,Morelia,Lindavista,enero,domingo,9,-101.216173991561,19.7038189126254
43555,43561,2023,,2023/01/01,"09:58:00",SALIDA DE SUPERFICIE DE RODAMIENTO,ASFALTO,Bueno,Bueno,1,NISSAN,GRIS,1,,27,MASCULINO,SIN DATOS,0,0,Morelia,Praderas del Indio,enero,domingo,10,-101.223494028547,19.6450845894654
43556,43562,2023,MOR 230000747,2023/01/01,11:30:00,COLISIÓN POR NO RESPETAR SEMÁFORO,ASFALTO,Bueno,Bueno,2,NISSAN,ARENA,2,MINISTERIO PÚBLICO,27,MASCULINO,SIN DATOS,0,0,Morelia,Felix Ireta,enero,domingo,12,-101.192028075457,19.6855095046766
43557,43563,2023,,2023/01/01,14:05:00,COLISIÓN POR ALCANCE,ASFALTO,Bueno,Bueno,2,VOLSKWAGEN,BLANCO,1,,30,MASCULINO,SIN DATOS,0,0,Morelia,Arcos del Valle,enero,domingo,14,-101.236247308552,19.7076242842577
43558,43564,2023,,2023/01/01,15:15:00,COLISIÓN POR INVASIÓN DE CARRIL,ASFALTO,Bueno,Bueno,2,VOLKSWAGEN,PLATA,2,MINISTERIO PÚBLICO,0,,SIN DATOS,0,0,Charo,San Bartolo,enero,domingo,15,-101.046117916703,19.7526297562006
43559,43565,2023,,2023/01/01,19:20:00,COLISIÓN CONTRA OBJETO FIJO,ASFALTO,Bueno,Regular,1,NISSAN,BLANCO,0,,,,,0,0,Tocumbo,Sin datos,enero,domingo,19,-102.56425190717,19.7526859238502
43560,43566,2023,,2023/01/01,20:00:00,COLISIÓN POR MANIOBRA DE REVERSA,ASFALTO,Bueno,Bueno,3,VOLKSWAGEN,AZUL,3,,0,,SIN DATOS,0,0,Morelia,Santiaguito,enero,domingo,20,-101.188706830144,19.7173364725664
43561,43567,2023,LEG46539,2023/01/01,21:45:00,COLISIÓN CONTRA OBJETO FIJO,CONCRETO,Bueno,Bueno,2,TOYOTA,BLANCO,2,,20,MASCULINO,ALIENTO ETÍLICO,0,0,Morelia,12 de Diciembre,enero,domingo,22,-101.151222623885,19.7018821027893
43562,43568,2023,,2023/01/01,22:20:00,COLISIÓN CONTRA OBJETO FIJO,ASFALTO,Bueno,Bueno,1,DODGE,GRIS,1,,0,,SIN DATOS,0,0,Morelia,Ejidal Ocolusen,enero,domingo,22,-101.1533992365,19.6872334302738
43563,43569,2023,,2023/01/02,"04:20:00",VOLCADURA,ASFALTO,Bueno,Bueno,1,DODGE,VERDE,2,MINISTERIO PÚBLICO,23,MASCULINO,SIN DATOS,1,0,Copándaro,Sin datos,enero,lunes,4,-101.239269152284,19.9029038214842
43564,43570,2023,MOR230,2023/01/02,"07:00:00",COLISIÓN POR CAMBIO DE CARRIL,ASFALTO,Bueno,Bueno,2,MERCEDES BENZ,ROJO,2,,26,MASCULINO,SIN DATOS,0,0,Morelia,La Quemada,enero,lunes,7,-101.240621320903,19.705848181872
43565,43571,2023,,2023/01/02,10:44:00,COLISIÓN POR CORTE DE CIRCULACIÓN,ASFALTO,Bueno,Bueno,2,CHEVROLET,VINO,2,MINISTERIO PÚBLICO,37,,SIN DATOS,0,0,Morelia,San Pascual,enero,lunes,11,-101.268574297428,19.6948710718213
43566,43572,2023,,2023/01/02,10:45:00,COLISIÓN POR CAMBIO DE CARRIL,ASFALTO,Bueno,Bueno,2,FORD,BLANCO,2,,34,MASCULINO,SIN DATOS,0,0,Morelia,Eduardo Ruiz,enero,lunes,11,-101.22143112123,19.721603891802
43567,43573,2023,LEG46545,2023/01/02,11:30:00,COLISIÓN POR CAMBIO DE CARRIL,CONCRETO,Bueno,Bueno,2,INTERNATIONAL,BLANCO,2,,35,,SIN DATOS,0,0,Morelia,Indeco El Vivero,enero,lunes,12,-101.22973959893,19.6769997769751
43568,43574,2023,MOR 230003436,2023/01/02,16:00:00,COLISIÓN POR CAMBIO DE CARRIL,ASFALTO,Bueno,Bueno,2,KIA,ROJO,2,MINISTERIO PÚBLICO,32,MASCULINO,SIN DATOS,0,0,Morelia,Sin datos,enero,lunes,16,-101.164614222944,19.6650040690317
43569,43575,2023,MOR230007580,2023/01/02,16:30:00,COLISIÓN POR ALCANCE,ASFALTO,Bueno,Bueno,2,CHEVROLET,NEGRO,2,,34,MASCULINO,SIN DATOS,0,0,Morelia,Morelia 450,enero,lunes,17,-101.217535212636,19.6757410843366
43570,43576,2023,,2023/01/02,16:40:00,COLISIÓN POR CORTE DE CIRCULACIÓN,ASFALTO,Bueno,Bueno,1,TOYOTA,GRIS,1,,34,MASCULINO,SIN DATOS,0,0,Morelia,Isaac Arriaga,enero,lunes,17,-101.17224611342,19.7088470594741
43571,43577,2023,LEG46550,2023/01/02,17:40:00,COLISIÓN POR CORTE DE CIRCULACIÓN,ASFALTO,Bueno,Bueno,2,VOLKSWAGEN,GRIS,2,,32,,SIN DATOS,0,0,Morelia,Felix Ireta,enero,lunes,18,-101.188186816871,19.6873786419836
43572,43578,2023,MOR230003973,2023/01/02,20:30:00,COLISIÓN CONTRA OBJETO FIJO,ASFALTO,Bueno,Bueno,1,ITALIKA,BLANCO CON ROJO,1,,27,FEMENINO,SIN DATOS,0,0,Morelia,Francisco J Mujica,enero,lunes,21,-101.188168041408,19.7214498740672
43573,43579,2023,,2023/01/02,21:00:00,COLISIÓN POR ALCANCE,ASFALTO,Bueno,Bueno,2,NISSAN,ROJO,2,MINISTERIO PÚBLICO,40,FEMENINO,ALIENTO ETÍLICO,0,0,Tarímbaro,Sin datos,enero,lunes,21,-101.193143805995,19.773478
43574,43580,2023,,2023/01/02,22:39:00,COLISIÓN POR CORTE DE CIRCULACIÓN,ASFALTO,Bueno,Bueno,2,HONDA,GRIS,2,,54,MASCULINO,SIN DATOS,0,0,Morelia,Tinijaro,enero,lunes,23,-101.25744882971,19.6972562015151
43575,43581,2023,,2023/01/03,"08:10:00",COLISIÓN POR CORTE DE CIRCULACIÓN,ASFALTO,Bueno,Bueno,2,ITALIKA,NEGRO AMARILLO,2,,36,MASCULINO,SIN DATOS,0,0,Morelia,Comision Federal de Electricidad,enero,martes,8,-101.181116849184,19.6814014929116
43576,43582,2023,,2023/01/03,10:00:00,COLISIÓN POR ALCANCE,CONCRETO,Bueno,Bueno,2,FORD,AZUL,2,,26,FEMENINO,SIN DATOS,0,0,Morelia,Indeco Expropiacion Petrolera,enero,martes,10,-101.225759871304,19.6847973263708
43577,43583,2023,,2023/01/03,15:45:00,COLISIÓN POR INVASIÓN DE CARRIL,ASFALTO,Bueno,Bueno,2,VOLVO,BLANCO,2,,0,MASCULINO,SIN DATOS,0,0,Morelia,Division del Norte,enero,martes,16,-101.164572313428,19.710856064539
43578,43584,2023,MOR225,2023/01/03,16:00:00,COLISIÓN POR ALCANCE,ASFALTO,Bueno,Bueno,2,FORD,VERDE,2,,28,MASCULINO,SIN DATOS,0,0,Morelia,Bosques de Oriente,enero,martes,16,-101.15554869175,19.7155456438145
43579,43585,2023,,2023/01/03,20:40:00,COLISIÓN POR ALCANCE,ASFALTO,Bueno,Bueno,3,MAZDA,AZUL,3,,39,MASCULINO,SIN DATOS,0,0,Morelia,Virreyes,enero,martes,21,-101.157560348511,19.6955238609821
43580,43586,2023,,2023/01/04,10:19:00,COLISIÓN POR MANIOBRA DE REVERSA,ASFALTO,Bueno,Bueno,2,NISSAN,GRIS,2,,50,MASCULINO,SIN DATOS,0,0,Morelia,Quinceo,enero,miércoles,10,-101.221446543932,19.727718717795
43581,43587,2023,,2023/01/04,11:20:00,COLISIÓN CON PEATÓN,ASFALTO,Bueno,Bueno,1,HONDA,ROJO,2,,30,MASCULINO,SIN DATOS,1,0,Morelia,Loma Bonita,enero,miércoles,11,-101.196997202933,19.7187690580013
43582,43588,2023,LEG46559,2023/01/04,14:20:00,COLISIÓN POR CORTE DE CIRCULACIÓN,ASFALTO,Bueno,Bueno,2,VOLKSWAGEN,PLATINO,2,,41,MASCULINO,SIN DATOS,0,0,Morelia,El Eden,enero,miércoles,14,-101.249642930925,19.6460290273698
43583,43589,2023,MOR 230007502,2023/01/04,15:00:00,COLISIÓN POR CORTE DE CIRCULACIÓN,ASFALTO,Bueno,Bueno,1,NISSAN,BLANCO,1,,28,MASCULINO,SIN DATOS,0,0,Morelia,Alberto Oviedo Mota,enero,miércoles,15,-101.202136985958,19.6772087688764
43584,43590,2023,LEG46568,2023/01/04,15:30:00,COLISIÓN POR CAMBIO DE CARRIL,ASFALTO,Bueno,Bueno,2,TOYOTA,GRIS,2,,63,,SIN DATOS,0,0,Morelia,Mariano Michelena,enero,miércoles,16,-101.230029948056,19.6769233780549
43585,43591,2023,,2023/01/04,16:00:00,COLISIÓN POR CAMBIO DE CARRIL,ASFALTO,Bueno,Bueno,2,BAJAJ,AZUL,2,,,MASCULINO,SIN DATOS,0,0,Morelia,La Soledad,enero,miércoles,16,-101.183700487018,19.7264380164501
43586,43592,2023,,2023/01/04,16:22:00,COLISIÓN POR CAMBIO DE CARRIL,CONCRETO,Bueno,Bueno,2,KIA,BLANCO,2,,67,FEMENINO,SIN DATOS,0,0,Morelia,Centro,enero,miércoles,16,-101.178141608834,19.699155820144
43587,43593,2023,,2023/01/04,17:00:00,COLISIÓN POR CORTE DE CIRCULACIÓN,ASFALTO,Bueno,Bueno,2,FORD,BLANCO,0,MINISTERIO PÚBLICO,,,,0,0,Lázaro Cárdenas,1Er Sect de Fidelac,enero,miércoles,17,-102.198916263878,17.9626576396015
43588,43594,2023,MMOR230-,2023/01/04,17:50:00,COLISIÓN POR ALCANCE,ASFALTO,Bueno,Bueno,2,INTERNATIONAL,ROJO,2,,44,MASCULINO,SIN DATOS,0,0,Morelia,Sentimientos de La Nacion,enero,miércoles,18,-101.233232170343,19.6782183663969
43589,43595,2023,MOR230008279,2023/01/04,21:47:00,COLISIÓN POR CORTE DE CIRCULACIÓN,ASFALTO,Bueno,Bueno,2,ITALIKA,NEGRO VERDE,2,,40,MASCULINO,SIN DATOS,0,0,Morelia,Ventura Puente,enero,miércoles,22,-101.186062507331,19.6952883773849
43590,43596,2023,MOR230008381,2023/01/04,22:30:00,COLISIÓN POR CORTE DE CIRCULACIÓN,ASFALTO,Bueno,Bueno,2,CHEVROLET,ROJO,2,MINISTERIO PÚBLICO,42,,CON CERTIFICADO,0,0,Morelia,La Hacienda,enero,miércoles,23,-101.314942650497,19.6868792394209
43591,43597,2023,,2023/01/05,"07:30:00",SALIDA DE SUPERFICIE DE RODAMIENTO,CONCRETO,Bueno,Bueno,1,GMC,VERDE,1,,37,MASCULINO,SIN DATOS,0,0,Morelia,Villas del Pedregal,enero,jueves,8,-101.304657049477,19.6875939338847
43592,43598,2023,,2023/01/05,13:15:00,COLISIÓN POR ALCANCE,ASFALTO,Bueno,Bueno,2,INTERNATIONAL,BLANCO,2,,0,,SIN DATOS,0,0,Morelia,Lomas del Tecnologico,enero,jueves,13,-101.196188181639,19.7243102242968
43593,43599,2023,,2023/01/05,13:30:00,COLISIÓN POR INVASIÓN DE CARRIL,ASFALTO,Bueno,Bueno,2,MERCEDES BENZ,ROJO,0,MINISTERIO PÚBLICO,,,,0,0,Lázaro Cárdenas,Centro,enero,jueves,14,-102.191852,17.955388
43594,43600,2023,,2023/01/05,14:05:00,COLISIÓN POR CORTE DE CIRCULACIÓN,CONCRETO,Bueno,Bueno,2,ITALIKA D150,AZUL CON NEGRO,2,,40,MASCULINO,SIN DATOS,0,0,Morelia,Villa Universidad,enero,jueves,14,-101.202050484717,19.6851265829581
43595,43601,2023,,2023/01/05,14:50:00,COLISIÓN CONTRA OBJETO FIJO,ASFALTO,Bueno,Bueno,2,CHRYSLER,CAFÉ,2,,36,FEMENINO,SIN DATOS,0,0,Morelia,Gertrudis Sanchez,enero,jueves,15,-101.199171468616,19.7431636470933
43596,43602,2023,,2023/01/05,15:18:00,COLISIÓN POR ALCANCE,ASFALTO,Bueno,Bueno,2,FREIGHTLINER,ROJO,2,,25,MASCULINO,SIN DATOS,0,0,Morelia,Primo Tapia Oriente,enero,jueves,15,-101.156892478466,19.7147723682374
43597,43603,2023,,2023/01/05,17:00:00,COLISIÓN POR INVASIÓN DE CARRIL,ASFALTO,Bueno,Bueno,2,FORD,GRIS,2,,47,MASCULINO,SIN DATOS,0,0,Morelia,Americas Britania,enero,jueves,17,-101.14922169596,19.6946510547586
43598,43604,2023,,2023/01/05,18:25:00,COLISIÓN POR CAMBIO DE CARRIL,ASFALTO,Bueno,Bueno,2,DINA,BLANCO,2,,46,MASCULINO,SIN DATOS,0,0,Morelia,Guadalupe,enero,jueves,18,-101.225818544626,19.7079506531572
43599,43605,2023,,2023/01/05,19:00:00,SALIDA DE SUPERFICIE DE RODAMIENTO,ASFALTO,Bueno,Bueno,1,NISSAN,BLANCO,1,,0,,SIN DATOS,0,0,Morelia,Justo Mendoza,enero,jueves,19,-101.229280605912,19.7148386491477
43600,43606,2023,,2023/01/05,19:14:00,COLISIÓN CONTRA OBJETO FIJO,CONCRETO,Bueno,Bueno,1,FORD,ARENA,1,,57,MASCULINO,SIN DATOS,0,0,Morelia,Elias Perez Avalos,enero,jueves,19,-101.165487617254,19.7104419558976
43601,43607,2023,,2023/01/05,20:30:00,COLISIÓN POR CORTE DE CIRCULACIÓN,CONCRETO,Bueno,Bueno,2,DODGE,NEGRO,2,,0,MASCULINO,SIN DATOS,0,0,Morelia,Gertrudis Bocanegra,enero,jueves,21,-101.210763305426,19.7036115336839
43602,43608,2023,,2023/01/05,21:00:00,COLISIÓN POR CORTE DE CIRCULACIÓN,CONCRETO,Bueno,Bueno,2,NISSAN TIDA,BLANCO,2,,67,MASCULINO,SIN DATOS,0,0,Morelia,Las Margaritas,enero,jueves,21,-101.207355894148,19.7102124912725
43603,43609,2023,,2023/01/05,21:20:00,COLISIÓN POR INVASIÓN DE CARRIL,CONCRETO,Bueno,Bueno,2,MAZDA,BLANCO,2,,0,,SIN DATOS,0,0,Morelia,Sin datos,enero,jueves,21,-101.305618286133,19.7074049160061
43604,43610,2023,,2023/01/05,21:53:00,COLISIÓN POR CORTE DE CIRCULACIÓN,ASFALTO,Bueno,Bueno,2,ITALIKA,AZUL,3,,27,MASCULINO,SIN DATOS,1,0,Morelia,El Lago 1,enero,jueves,22,-101.218572892249,19.728093647641
43605,43611,2023,,2023/01/05,21:55:00,COLISIÓN CON PEATÓN,CONCRETO,Bueno,Bueno,1,VENTO,BLANCO,2,,17,MASCULINO,SIN DATOS,1,0,Morelia,Sin datos,enero,jueves,22,-101.326523756859,19.6087308293677
43606,43612,2023,,2023/01/06,"09:00:00",COLISIÓN POR ALCANCE,ASFALTO,Bueno,Bueno,3,MERCEDES BENZ,BLANCO,3,,39,MASCULINO,SIN DATOS,0,0,Morelia,Tlalpujahua,enero,viernes,9,-101.217569410801,19.6757609734619
43607,43613,2023,X,2023/01/06,"09:20:00",COLISIÓN CONTRA OBJETO FIJO,CONCRETO,Bueno,Bueno,1,NISSAN,AZUL,1,,46,FEMENINO,SIN DATOS,0,0,Morelia,Victor Manuel Tinoco Rubi,enero,viernes,9,-101.242432817817,19.7054378479674
43608,43614,2023,,2023/01/06,10:04:00,COLISIÓN POR ALCANCE,ASFALTO,Bueno,Bueno,2,PEÑA DISEL,AZUL,2,,40,MASCULINO,SIN DATOS,0,0,Morelia,Cañada del Bosque,enero,viernes,10,-101.095470227301,19.7297438965799
43609,43615,2023,,2023/01/06,11:20:00,COLISIÓN POR CORTE DE CIRCULACIÓN,ASFALTO,Bueno,Bueno,2,CHEVROLET,GRIS,2,,28,MASCULINO,SIN DATOS,0,0,Morelia,Lomas del Valle,enero,viernes,11,-101.228178218007,19.6893531924884
43610,43616,2023,,2023/01/06,11:50:00,COLISIÓN POR ALCANCE,ASFALTO,Bueno,Bueno,2,CHEVROLET,BLANCO,2,,,MASCULINO,SIN DATOS,0,0,Morelia,Primo Tapia Oriente,enero,viernes,12,-101.160671657864,19.7148130515494
43611,43617,2023,,2023/01/06,13:40:00,COLISIÓN CONTRA OBJETO FIJO,CONCRETO,Bueno,Bueno,1,CHRYSLER,AMARILLO,1,MINISTERIO PÚBLICO,,MASCULINO,SIN DATOS,0,0,Morelia,Lomas de Guayangareo,enero,viernes,14,-101.156476065516,19.7015361512373
43612,43618,2023,,2023/01/06,13:40:00,COLISIÓN POR CAMBIO DE CARRIL,ASFALTO,Bueno,Bueno,2,CHEVROLET,ROJO,2,,,MASCULINO,SIN DATOS,0,0,Morelia,Centro,enero,viernes,14,-101.18754847,19.7028479949991
43613,43619,2023,,2023/01/06,14:00:00,COLISIÓN POR CORTE DE CIRCULACIÓN,ASFALTO,Bueno,Bueno,2,CHEVROLET,GRIS,2,MINISTERIO PÚBLICO,44,MASCULINO,SIN DATOS,0,0,Morelia,Sin datos,enero,viernes,14,-101.097683385015,19.730279774095
43614,43620,2023,MOR230011464,2023/01/06,14:50:00,COLISIÓN POR CORTE DE CIRCULACIÓN,ASFALTO,Bueno,Bueno,2,NISSAN,BLANCO,2,,65,FEMENINO,SIN DATOS,0,0,Morelia,Valle de Las Flores,enero,viernes,15,-101.127665787935,19.6872962501383
43615,43621,2023,,2023/01/06,15:40:00,COLISIÓN POR MANIOBRA DE REVERSA,ASFALTO,Bueno,Bueno,2,MITSUBISHI,PLATA,2,,34,MASCULINO,SIN DATOS,0,0,Morelia,Central de Abastos,enero,viernes,16,-101.170012168586,19.7159439581831
43616,43622,2023,,2023/01/06,15:45:00,COLISIÓN POR ALCANCE,ASFALTO,Bueno,Bueno,2,NISSAN,BLANCO/ROJO,2,,59,MASCULINO,SIN DATOS,0,0,Morelia,Sentimientos de La Nacion,enero,viernes,16,-101.23686991632,19.6848039557047
43617,43623,2023,,2023/01/06,16:35:00,COLISIÓN POR CORTE DE CIRCULACIÓN,ASFALTO,Bueno,Bueno,2,YAMAHA,AZUL,2,,,MASCULINO,SIN DATOS,0,0,Morelia,Torremolinos,enero,viernes,17,-101.223789453506,19.6811113742116
43618,43624,2023,MOR230011859,2023/01/06,17:22:00,COLISIÓN POR CORTE DE CIRCULACIÓN,ASFALTO,Bueno,Bueno,2,NISSAN,BLANCO,2,,54,MASCULINO,SIN DATOS,0,0,Morelia,Felix Ireta,enero,viernes,17,-101.188195198774,19.6873786419836
43619,43625,2023,,2023/01/06,18:10:00,COLISIÓN POR ALCANCE,ASFALTO,Bueno,Bueno,2,NISSAN,BLANCO,2,MINISTERIO PÚBLICO,50,MASCULINO,SIN DATOS,0,0,Morelia,Villa Universidad,enero,viernes,18,-101.212095692754,19.6921677135136
43620,43626,2023,MOR230--,2023/01/06,18:20:00,COLISIÓN POR CORTE DE CIRCULACIÓN,ASFALTO,Bueno,Bueno,2,NISSAN,BLANCO/CAFE,2,,30,MASCULINO,SIN DATOS,0,0,Morelia,Tres Puentes,enero,viernes,18,-101.213724128902,19.7026746951766
43621,43627,2023,MOR230012075,2023/01/06,20:00:00,COLISIÓN POR CAMBIO DE CARRIL,CONCRETO,Bueno,Bueno,2,VOLKSWAGEN,BLANCO,2,,27,MASCULINO,SIN DATOS,0,0,Morelia,Montaña Monarca,enero,viernes,20,-101.165035665035,19.6676892585052
43622,43628,2023,,2023/01/06,20:25:00,COLISIÓN POR MANIOBRA DE REVERSA,CONCRETO,Bueno,Bueno,2,CHEVROLET,PLATA,2,,31,FEMENINO,SIN DATOS,0,0,Morelia,Adolfo Lopez Mateos,enero,viernes,20,-101.228910796344,19.7001510749403
43623,43629,2023,MOR230012704,2023/01/07,"04:40:00",COLISIÓN CONTRA OBJETO FIJO,ASFALTO,Bueno,Bueno,1,BMW,ROJO,1,,,,SIN DATOS,0,0,Morelia,Montaña Monarca,enero,sábado,5,-101.161901168525,19.6725152249555