fid,id_accidente,anio_origen,folio_c5i,dia_incidente,hora_ocurrencia,tipo_incidente_vial,superficie_ocurrencia,condiciones_climaticas,condiciones_via,numero_vehiculos_involucrados,marca_vehiculo_ocasiona_siniestro,color_vehiculo_ocasiona_siniestro,numero_personas_involucradas,lugar_remite_presunto_responsable,edad_presunto_responsable,sexo_presunto_responsable,resultados_toxicologia,numero_personas_lesionadas,numero_personas_fallecidas,municipio,colonia,mes,dia_semana,hora_redondeada,lon,lat
43624,43630,2023,,2023/01/07,"08:35:00",COLISIÓN POR CORTE DE CIRCULACIÓN,ASFALTO,Bueno,Bueno,2,FORD,BLANCO,2,MINISTERIO PÚBLICO,51,FEMENINO,SIN DATOS,0,0,Morelia,Alfonso Garcia Robles,enero,sábado,9,-101.182673871517,19.718992829275
43625,43631,2023,,2023/01/07,13:30:00,COLISIÓN CONTRA OBJETO FIJO,ASFALTO,Bueno,Bueno,1,FORD,ROJO,1,,35,MASCULINO,SIN DATOS,0,0,Morelia,El Realito,enero,sábado,14,-101.20489127934,19.7270117769715
43626,43632,2023,,2023/01/07,14:10:00,COLISIÓN POR ALCANCE,ASFALTO,Bueno,Bueno,2,SUBARU,AZUL,2,,,MASCULINO,SIN DATOS,0,0,Morelia,Alberto Oviedo Mota,enero,sábado,14,-101.202234551311,19.6772346560718
43627,43633,2023,,2023/01/07,15:23:00,COLISIÓN POR CAMBIO DE CARRIL,ASFALTO,Bueno,Bueno,2,NISSAN,AZUL,2,,,MASCULINO,SIN DATOS,0,0,Morelia,Centro,enero,sábado,15,-101.181462518871,19.7019938424556
43628,43634,2023,,2023/01/07,15:30:00,COLISIÓN POR CAMBIO DE CARRIL,ASFALTO,Bueno,Bueno,3,CHEVROLET,BLANCO,3,,30,MASCULINO,SIN DATOS,0,0,Morelia,Justo Mendoza,enero,sábado,16,-101.231523267925,19.7142834667693
43629,43635,2023,,2023/01/07,16:35:00,COLISIÓN POR MANIOBRA DE REVERSA,ASFALTO,Bueno,Bueno,2,VOLKSWAGEN,GRIS,1,,39,MASCULINO,SIN DATOS,0,0,Morelia,Lomas del Valle,enero,sábado,17,-101.230909377337,19.6883348262359
43630,43636,2023,,2023/01/07,19:00:00,COLISIÓN POR ALCANCE,ASFALTO,Bueno,Bueno,2,VOLKSWAGEN,GRIS,2,,35,MASCULINO,SIN DATOS,0,0,Morelia,Tlalpujahua,enero,sábado,19,-101.218596361578,19.6762932434232
43631,43637,2023,,2023/01/07,19:12:00,SALIDA DE SUPERFICIE DE RODAMIENTO,CONCRETO,Bueno,Bueno,1,VOLKSWAGEN,BLANCO,1,,56,MASCULINO,SIN DATOS,0,0,Morelia,La Aldea,enero,sábado,19,-101.13194860518,19.7585073726118
43632,43638,2023,,2023/01/07,19:50:00,COLISIÓN POR CORTE DE CIRCULACIÓN,CONCRETO,Bueno,Bueno,2,RENAULT,GRIS,2,,26,FEMENINO,SIN DATOS,0,0,Morelia,Indeco Expropiacion Petrolera,enero,sábado,20,-101.225755512714,19.6834231542263
43633,43639,2023,,2023/01/07,20:20:00,COLISIÓN POR CORTE DE CIRCULACIÓN,ASFALTO,Bueno,Bueno,2,NISSAN,BLANCO,2,,58,MASCULINO,SIN DATOS,0,0,Morelia,Juarez,enero,sábado,20,-101.200186684728,19.6954815623454
43634,43640,2023,,2023/01/07,21:00:00,COLISIÓN POR MANIOBRA DE REVERSA,CONCRETO,Bueno,Bueno,2,TOYOTA,PLATA,2,,47,MASCULINO,SIN DATOS,0,0,Morelia,Rinconada La Huerta,enero,sábado,21,-101.212863139808,19.6715589462745
43635,43641,2023,MOR230014668,2023/01/07,22:30:00,COLISIÓN CONTRA OBJETO FIJO,ASFALTO,Bueno,Bueno,4,FORD,NEGRO,1,,49,MASCULINO,SIN DATOS,0,0,Morelia,Villas del Pedregal,enero,sábado,23,-101.304509863257,19.6876068766438
43636,43642,2023,,2023/01/08,"06:00:00",SALIDA DE SUPERFICIE DE RODAMIENTO,ASFALTO,Bueno,Regular,1,NISSAN,GRIS,0,MINISTERIO PÚBLICO,,,,0,0,Hidalgo,Rancho de Ponce 1,enero,domingo,6,-100.572440475225,19.7030354796583
43637,43643,2023,,2023/01/08,"06:15:00",COLISIÓN CONTRA OBJETO FIJO,ASFALTO,Bueno,Bueno,1,VOLKSWAGEN,AMARILLO,1,,39,MASCULINO,SIN DATOS,0,0,Morelia,Cosmos,enero,domingo,6,-101.216445565224,19.6834316777287
43638,43644,2023,,2023/01/08,"08:08:00",COLISIÓN POR CORTE DE CIRCULACIÓN,ASFALTO,Bueno,Bueno,2,CHEVROLET,VERDE,2,,30,FEMENINO,SIN DATOS,0,0,Morelia,Valle de Altozano,enero,domingo,8,-101.164806336164,19.665453024477
43639,43645,2023,,2023/01/08,"08:30:00",COLISIÓN POR CORTE DE CIRCULACIÓN,ASFALTO,Bueno,Bueno,2,JEEP,BLANCO,3,MINISTERIO PÚBLICO,,,,3,0,Hidalgo,Corros,enero,domingo,9,-100.555592179298,19.7071849161769
43640,43646,2023,,2023/01/08,"09:00:00",CAIDA DE MOTOCICLETA,ASFALTO,Bueno,Bueno,1,VELOCI,ROJO/NEGRO,1,,20,FEMENINO,SIN DATOS,0,0,Morelia,Alberto Oviedo Mota,enero,domingo,9,-101.195736564696,19.681526190124
43641,43647,2023,MOR230016081,2023/01/08,13:25:00,COLISIÓN POR CORTE DE CIRCULACIÓN,CONCRETO,Bueno,Bueno,2,VOLKSWAGEN,BLANCO,2,,20,MASCULINO,SIN DATOS,0,0,Morelia,Buenavista,enero,domingo,13,-101.165954656899,19.7051774432129
43642,43648,2023,,2023/01/08,19:30:00,COLISIÓN POR CAMBIO DE CARRIL,CONCRETO,Bueno,Bueno,2,NISSAN,PLATA,2,,64,MASCULINO,SIN DATOS,0,0,Morelia,Centro,enero,domingo,20,-101.198203526437,19.7056256547698
43643,43649,2023,,2023/01/08,20:00:00,COLISIÓN POR ALCANCE,ASFALTO,Bueno,Bueno,2,NISSAN,BLANCO,0,MINISTERIO PÚBLICO,,,,0,0,Lázaro Cárdenas,Segundo Sector de Fidelac,enero,domingo,20,-102.202747799456,17.9614370749596
43644,43650,2023,,2023/01/08,20:10:00,COLISIÓN POR ALCANCE,ASFALTO,Bueno,Bueno,2,CHEVROLET,BLANCO,2,,45,FEMENINO,SIN DATOS,0,0,Morelia,Vista Bella,enero,domingo,20,-101.197637915611,19.6777454537788
43645,43651,2023,MOR230016701,2023/01/08,21:00:00,COLISIÓN POR CORTE DE CIRCULACIÓN,ASFALTO,Bueno,Regular,2,VELOCI,ROJO,2,,,MASCULINO,SIN DATOS,0,0,Morelia,Felix Ireta,enero,domingo,21,-101.19580462575,19.6823940168955
43646,43652,2023,MOR 230,2023/01/08,21:30:00,COLISIÓN POR ALCANCE,ASFALTO,Bueno,Bueno,3,NISSAN,ROJO,3,,37,MASCULINO,SIN DATOS,0,0,Morelia,Chapultepec Norte,enero,domingo,22,-101.174292303622,19.6935121380703
43647,43653,2023,MOR230016904,2023/01/08,21:55:00,VOLCADURA,ASFALTO,Bueno,Bueno,1,AUDI,AZUL MARINO,1,,26,FEMENINO,SIN DATOS,0,0,Morelia,Las Americas,enero,domingo,22,-101.159065067768,19.6879746399693
43648,43654,2023,,2023/01/08,22:30:00,COLISIÓN CONTRA OBJETO FIJO,ASFALTO,Bueno,Bueno,1,FORD,VERDE,1,,24,MASCULINO,SIN DATOS,0,0,Morelia,Nicolas Bravo(Los Ejidos),enero,domingo,23,-101.213819012046,19.7023735673486
43649,43655,2023,,2023/01/09,"00:00:00",COLISIÓN POR CORTE DE CIRCULACIÓN,ASFALTO,Bueno,Bueno,2,HONDA,PLATA,2,MINISTERIO PÚBLICO,51,MASCULINO,SIN DATOS,0,0,Morelia,Jardines de Guadalupe,enero,lunes,0,-101.225433982909,19.7141534294583
43650,43656,2023,MOR230017168,2023/01/09,"04:55:00",VOLCADURA,ASFALTO,Bueno,Regular,1,VOLKSWAGEN,GRIS,1,,31,,SIN DATOS,0,0,Morelia,Sentimientos de La Nacion,enero,lunes,5,-101.233194944297,19.682432823539
43652,43658,2023,,2023/01/09,"08:39:00",VOLCADURA,ASFALTO,Bueno,Bueno,1,RENAULT,ROJO,1,,39,FEMENINO,SIN DATOS,0,0,Morelia,Lomas de San Juan,enero,lunes,9,-101.183039681886,19.7298664251429
43653,43659,2023,,2023/01/09,"08:40:00",COLISIÓN POR ALCANCE,CONCRETO,Bueno,Bueno,2,PEUGEOT,NEGRO,2,,31,FEMENINO,SIN DATOS,0,0,Morelia,Chapultepec Norte,enero,lunes,9,-101.174699355,19.6965978599991
43654,43660,2023,,2023/01/09,"09:01:00",COLISIÓN POR CORTE DE CIRCULACIÓN,ASFALTO,Bueno,Bueno,2,CHEVROLET,BLANCO,2,,,MASCULINO,SIN DATOS,0,0,Morelia,Morelos,enero,lunes,9,-101.20773215,19.7006130699992
43656,43662,2023,,2023/01/09,11:10:00,SALIDA DE SUPERFICIE DE RODAMIENTO,CONCRETO,Bueno,Bueno,1,CHEVROLET,BLANCO,1,MINISTERIO PÚBLICO,0,,SIN DATOS,0,0,Morelia,La Aldea,enero,lunes,11,-101.135663645255,19.7450724546328
43657,43663,2023,,2023/01/09,12:45:00,COLISIÓN POR INVASIÓN DE CARRIL,ASFALTO,Bueno,Bueno,2,VOLVO,BLANCO,2,,44,MASCULINO,SIN DATOS,0,0,Morelia,Centro,enero,lunes,13,-101.18754847,19.7028479949991
43659,43665,2023,,2023/01/09,17:20:00,COLISIÓN POR CAMBIO DE CARRIL,ASFALTO,Bueno,Bueno,2,INTERNACIONAL,BLANCO,2,,32,MASCULINO,SIN DATOS,0,0,Morelia,Centro,enero,lunes,17,-101.18754847,19.7028479949991
43660,43666,2023,,2023/01/09,18:05:00,COLISIÓN POR INVASIÓN DE CARRIL,ASFALTO,Bueno,Bueno,2,DINA,BLANCO,2,,25,MASCULINO,SIN DATOS,0,0,Morelia,Lazaro Cardenas,enero,lunes,18,-101.164486147463,19.7107130835515
43661,43667,2023,,2023/01/09,18:12:00,COLISIÓN POR CAMBIO DE CARRIL,CONCRETO,Bueno,Bueno,2,HONDA,ROJO,2,,21,MASCULINO,SIN DATOS,0,0,Morelia,Comision Federal de Electricidad,enero,lunes,18,-101.181341484189,19.6815167194531
43662,43668,2023,,2023/01/09,20:23:00,COLISIÓN POR CORTE DE CIRCULACIÓN,ASFALTO,Bueno,Bueno,2,FREIGHTLINER,BLANCO,2,,,MASCULINO,SIN DATOS,0,0,Morelia,Manantiales de Morelia,enero,lunes,20,-101.236682703995,19.6965927119959
43663,43669,2023,,2023/01/09,20:30:00,COLISIÓN POR CAMBIO DE CARRIL,ASFALTO,Bueno,Bueno,2,SUZUKI,ROJO,2,,24,MASCULINO,SIN DATOS,0,0,Morelia,Infonavit Colonial Universidad,enero,lunes,21,-101.207216754556,19.6865806073087
43665,43671,2023,LEG46660,2023/01/10,10:54:00,COLISIÓN POR CAMBIO DE CARRIL,ASFALTO,Bueno,Bueno,2,KENWORTH,BLANCO Y DORADO,2,,21,MASCULINO,SIN DATOS,0,0,Morelia,Prados Verdes,enero,martes,11,-101.199782310949,19.7166640281338
43666,43672,2023,,2023/01/10,12:30:00,COLISIÓN POR CORTE DE CIRCULACIÓN,ASFALTO,Bueno,Bueno,2,NAVISTAR,AMARILLO  Y GUINDA,2,,57,MASCULINO,SIN DATOS,0,0,Morelia,Lazaro Cardenas,enero,martes,13,-101.162058507071,19.7101112773308
43667,43673,2023,MOR 230019859,2023/01/10,13:30:00,COLISIÓN POR INVASIÓN DE CARRIL,ASFALTO,Bueno,Regular,2,KIA,GRIS,2,,28,MASCULINO,SIN DATOS,0,0,Morelia,Insurgentes,enero,martes,14,-101.155416805,19.6953315299991
43668,43674,2023,MOR230019889,2023/01/10,13:40:00,VOLCADURA,TERRACERIA,Bueno,Malo,1,CHEVROLET,GUINDA,1,,26,FEMENINO,SIN DATOS,0,0,Morelia,El Lago 1,enero,martes,14,-101.21515073,19.7344230999991
43669,43675,2023,,2023/01/10,13:45:00,COLISIÓN POR CAMBIO DE CARRIL,ASFALTO,Bueno,Bueno,2,KENWORTH,BLANCO,2,,52,MASCULINO,SIN DATOS,0,0,Morelia,Enrique Ramirez,enero,martes,14,-101.165651847052,19.7086881668769
43670,43676,2023,,2023/01/10,15:45:00,COLISIÓN POR ALCANCE,CONCRETO,Lluvioso,Malo,4,MERCEDES BENZ,BLANCO,4,,28,MASCULINO,SIN DATOS,0,0,Morelia,Elias Perez Avalos,enero,martes,16,-101.167813022979,19.7136335493406
43671,43677,2023,,2023/01/10,19:15:00,COLISIÓN POR ALCANCE,CONCRETO,Nublado,Bueno,3,DODGE,VERDE,3,MINISTERIO PÚBLICO,73,MASCULINO,SIN DATOS,0,0,Morelia,Elias Perez Avalos,enero,martes,19,-101.167813022979,19.7136335493406
43672,43678,2023,,2023/01/10,20:15:00,COLISIÓN POR INVASIÓN DE CARRIL,ASFALTO,Bueno,Bueno,2,VOLKSWAGEN,PLATA,3,,,,,3,0,Morelia,Ciudad Industrial,enero,martes,20,-101.14554366932,19.7284851395985
43673,43679,2023,,2023/01/10,22:48:00,COLISIÓN POR CORTE DE CIRCULACIÓN,ASFALTO,Bueno,Bueno,2,NISSAN,PLATA,2,,32,MASCULINO,CON CERTIFICADO,0,0,Morelia,Ventura Puente,enero,martes,23,-101.183854435,19.6923547149992
43674,43680,2023,MOR230020997,2023/01/10,22:57:00,COLISIÓN CONTRA OBJETO FIJO,SIN_DATOS,Bueno,Bueno,1,CHEVROLET,BLANCO,0,,,,,0,0,Morelia,Villas del Pedregal,enero,martes,23,-101.300864,19.679039
43675,43681,2023,,2023/01/10,23:06:00,VOLCADURA,ASFALTO,Bueno,Bueno,1,DODGE,ROJO,1,,41,MASCULINO,SIN DATOS,0,0,Morelia,Poblado de Ocolusen,enero,martes,23,-101.155088675,19.6951327349991
43676,43682,2023,,2023/01/11,"00:00:00",COLISIÓN POR CAMBIO DE CARRIL,ASFALTO,Bueno,Bueno,2,NISSAN,BLANCO,2,,50,MASCULINO,SIN DATOS,0,0,Morelia,Lomas de San Juan,enero,miércoles,0,-101.183039681886,19.7298664251429
43677,43683,2023,,2023/01/11,"02:00:00",COLISIÓN POR CORTE DE CIRCULACIÓN,ASFALTO,Bueno,Bueno,2,ITALIKA,VERDE Y NEGRO,2,,25,MASCULINO,SIN DATOS,0,0,Morelia,Industrial,enero,miércoles,2,-101.20117651,19.7128375849991
43678,43684,2023,,2023/01/11,12:25:00,COLISIÓN POR MANIOBRA DE REVERSA,ASFALTO,Bueno,Bueno,2,RENAULT,ROJO,2,,49,FEMENINO,SIN DATOS,0,0,Morelia,Independencia,enero,miércoles,12,-101.175636485,19.7094595949991
43679,43685,2023,,2023/01/11,12:45:00,COLISIÓN POR MANIOBRA DE REVERSA,CONCRETO,Bueno,Bueno,2,NISSAN,BLANCO,2,,0,MASCULINO,SIN DATOS,0,0,Morelia,Praderas del Indio,enero,miércoles,13,-101.223494028547,19.6450845894654
43681,43687,2023,,2023/01/11,13:26:00,COLISIÓN POR MANIOBRA DE REVERSA,ASFALTO,Bueno,Bueno,2,VOLKSWAGEN,AZUL,2,,60,MASCULINO,SIN DATOS,0,0,Morelia,Lomas del Tecnologico,enero,miércoles,13,-101.190983165,19.7203156949991
43683,43689,2023,,2023/01/11,15:30:00,COLISIÓN CON PEATÓN,SIN_DATOS,Bueno,Bueno,2,KENWORTH,BLANCO,2,,36,MASCULINO,SIN DATOS,0,0,Morelia,Mariano Michelena,enero,miércoles,16,-101.231337504797,19.6758071810468
43684,43690,2023,,2023/01/11,19:15:00,COLISIÓN POR CORTE DE CIRCULACIÓN,CONCRETO,Bueno,Bueno,2,FORD,BLANCO,2,,21,MASCULINO,SIN DATOS,0,0,Morelia,Independencia,enero,miércoles,19,-101.17618134,19.7123334099991
43685,43691,2023,,2023/01/11,19:35:00,COLISIÓN POR ALCANCE,ASFALTO,Lluvioso,Regular,3,VOLKSWAGEN,GRIS,3,,28,MASCULINO,SIN DATOS,0,0,Morelia,Central de Abastos,enero,miércoles,20,-101.169164089063,19.7171265444097
43686,43692,2023,,2023/01/12,"00:00:00",COLISIÓN POR ALCANCE,ASFALTO,Bueno,Regular,2,S/D,S/D,3,MINISTERIO PÚBLICO,32,FEMENINO,SIN DATOS,2,0,Cuitzeo,Sin datos,enero,jueves,0,-101.150847449899,20.0603171197873
43687,43693,2023,,2023/01/12,"04:10:00",VOLCADURA,ASFALTO,Bueno,Regular,1,VOLKSWAGEN,GRIS,0,MINISTERIO PÚBLICO,,,,0,0,Erongarícuaro,Sin datos,enero,jueves,4,-101.691389009356,19.5325914786795
43688,43694,2023,MOR230-,2023/01/12,"08:40:00",COLISIÓN POR CORTE DE CIRCULACIÓN,CONCRETO,Bueno,Bueno,2,NISSAN,BLANCO Y GUINDA,2,,63,MASCULINO,SIN DATOS,0,0,Morelia,Margarita Maza de Juarez,enero,jueves,9,-101.255526905,19.6928898149991
43689,43695,2023,,2023/01/12,"09:20:00",COLISIÓN POR CORTE DE CIRCULACIÓN,ASFALTO,Bueno,Bueno,2,SUZUKI,BLANCO,2,,38,FEMENINO,SIN DATOS,0,0,Morelia,Nueva Chapultepec,enero,jueves,9,-101.17081558,19.6897813199992
43690,43696,2023,,2023/01/12,10:40:00,COLISIÓN POR INVASIÓN DE CARRIL,CONCRETO,Bueno,Bueno,3,FOTON,BLANCO,3,,37,MASCULINO,SIN DATOS,0,0,Morelia,Gertrudis Sanchez,enero,jueves,11,-101.215288385,19.7420323199991
43691,43697,2023,,2023/01/12,12:40:00,VOLCADURA,ASFALTO,Bueno,Bueno,1,FORD,GRIS,2,,37,MASCULINO,SIN DATOS,1,0,Morelia,Praderas del Indio,enero,jueves,13,-101.223494028547,19.6450845894654
43692,43698,2023,,2023/01/12,13:13:00,COLISIÓN POR NO RESPETAR SEMÁFORO,ASFALTO,Bueno,Bueno,2,FORD,GUINDA,2,,71,MASCULINO,SIN DATOS,0,0,Morelia,Tinijaro,enero,jueves,13,-101.260931648241,19.6960863202958
43693,43699,2023,MOR230024153,2023/01/12,15:00:00,COLISIÓN POR CORTE DE CIRCULACIÓN,CONCRETO,Bueno,Bueno,2,CHEVROLET,PLATA,2,,23,MASCULINO,SIN DATOS,0,0,Morelia,Industrial,enero,jueves,15,-101.194403145188,19.7084626798423
43694,43700,2023,,2023/01/12,17:24:00,COLISIÓN POR CORTE DE CIRCULACIÓN,ASFALTO,Bueno,Bueno,2,BAJAJ,NEGRO/ROJO,2,MINISTERIO PÚBLICO,22,,SIN DATOS,0,0,Morelia,Dr Miguel Silva,enero,jueves,17,-101.185227946917,19.717204814836
43695,43701,2023,LEG46685,2023/01/12,18:40:00,COLISIÓN POR CAMBIO DE CARRIL,ASFALTO,Bueno,Bueno,2,DINA,AMARILLO,2,,20,MASCULINO,SIN DATOS,0,0,Morelia,Granjas de La Huerta,enero,jueves,19,-101.235296765,19.6662856399991
43696,43702,2023,,2023/01/13,"00:00:00",COLISIÓN POR ALCANCE,ASFALTO,Bueno,Bueno,3,NISSAN,ACERO,3,,32,FEMENINO,SIN DATOS,0,0,Morelia,Dr Miguel Silva,enero,viernes,0,-101.185227946917,19.717204814836
43698,43704,2023,,2023/01/13,10:30:00,COLISIÓN POR CAMBIO DE CARRIL,ASFALTO,Bueno,Bueno,2,SATURN,NEGRO,2,,41,MASCULINO,SIN DATOS,0,0,Morelia,Sin datos,enero,viernes,11,-101.309287548065,19.6872886738746
43699,43705,2023,,2023/01/13,11:30:00,COLISIÓN POR ALCANCE,ASFALTO,Bueno,Bueno,3,VOLKSWAGEN,ROJO,2,,43,FEMENINO,SIN DATOS,0,0,Morelia,Vicente Lombardo Toledano (Ejidal Isacc Arriaga) (Etnias de Mexico),enero,viernes,12,-101.148615851998,19.7206217105882
43700,43706,2023,,2023/01/13,12:20:00,COLISIÓN POR ALCANCE,ASFALTO,Bueno,Bueno,2,NISSAN,ROJO,2,,,MASCULINO,SIN DATOS,0,0,Morelia,El Realito,enero,viernes,12,-101.204319298267,19.7257329635712
43701,43707,2023,,2023/01/13,14:17:00,COLISIÓN CON PEATÓN,SIN_DATOS,Bueno,Bueno,1,S/D,S/D,1,,,,,0,1,Morelia,Villas del Pedregal,enero,viernes,14,-101.304167546332,19.6725739464053
43702,43708,2023,,2023/01/13,14:57:00,SALIDA DE SUPERFICIE DE RODAMIENTO,ASFALTO,Bueno,Bueno,1,DATSUN,BLANCO,1,,,MASCULINO,SIN DATOS,0,0,Morelia,Villas del Pedregal,enero,viernes,15,-101.30450617522,19.6876068766438
43703,43709,2023,,2023/01/13,15:35:00,COLISIÓN POR CORTE DE CIRCULACIÓN,ASFALTO,Bueno,Bueno,2,CHEVROLET,BLANCO,2,,,MASCULINO,SIN DATOS,0,0,Morelia,Primo Tapia Oriente,enero,viernes,16,-101.160240881145,19.7126257987606
43704,43710,2023,,2023/01/13,15:45:00,COLISIÓN POR CORTE DE CIRCULACIÓN,ASFALTO,Bueno,Bueno,2,GMC,BLANCO,2,MINISTERIO PÚBLICO,49,MASCULINO,CON CERTIFICADO,0,0,Morelia,Felix Ireta,enero,viernes,16,-101.180628351867,19.6861373932953
43705,43711,2023,,2023/01/13,15:50:00,COLISIÓN POR CORTE DE CIRCULACIÓN,ASFALTO,Bueno,Bueno,2,VOLKSWAGEN,BLANCO,2,,32,FEMENINO,SIN DATOS,0,0,Morelia,Ejidal Ocolusen,enero,viernes,16,-101.158952750266,19.6877492469241
43706,43712,2023,,2023/01/13,16:25:00,COLISIÓN POR ALCANCE,ASFALTO,Bueno,Bueno,2,VOLKSWAGEN,BLANCO,2,,44,MASCULINO,SIN DATOS,0,0,Morelia,Sentimientos de La Nacion,enero,viernes,16,-101.233255304396,19.6782215233523
43707,43713,2023,,2023/01/13,17:00:00,COLISIÓN POR CORTE DE CIRCULACIÓN,CONCRETO,Bueno,Bueno,2,MITSHUBISHI,BLANCO,2,MINISTERIO PÚBLICO,,,SIN DATOS,0,0,Morelia,Industrial,enero,viernes,17,-101.192302666605,19.7095802782297
43708,43714,2023,,2023/01/13,18:05:00,COLISIÓN CONTRA OBJETO FIJO,CONCRETO,Bueno,Bueno,1,NISSAN,BLANCO,1,,35,MASCULINO,SIN DATOS,0,0,Morelia,Ventura Puente,enero,viernes,18,-101.188055053353,19.6904106955359
43709,43715,2023,,2023/01/13,19:25:00,COLISIÓN POR NO RESPETAR SEMÁFORO,ASFALTO,Bueno,Bueno,2,ITALIKA,ROSA/BLANCO,2,,33,FEMENINO,SIN DATOS,0,0,Morelia,Tres Puentes,enero,viernes,19,-101.214684359729,19.7031863586666
43710,43716,2023,MOR2300,2023/01/14,"00:00:00",COLISIÓN CON PEATÓN,ASFALTO,Bueno,Bueno,1,CHEVROLET,ROJO,1,,32,MASCULINO,SIN DATOS,0,0,Morelia,Jardines del Rincon,enero,sábado,0,-101.150349900126,19.6907323644804
43711,43717,2023,,2023/01/14,"00:45:00",COLISIÓN CON PEATÓN,SIN_DATOS,Bueno,Bueno,2,NISSAN,NEGRO,2,,50,MASCULINO,CON CERTIFICADO,0,0,Morelia,Independencia,enero,sábado,1,-101.176139675081,19.7056101883356
43712,43718,2023,,2023/01/14,"03:40:00",COLISIÓN POR NO RESPETAR SEMÁFORO,ASFALTO,Bueno,Bueno,2,FORD,GRIS,2,MINISTERIO PÚBLICO,,FEMENINO,SIN DATOS,0,0,Morelia,Felicitas del Rio,enero,sábado,4,-101.195526011288,19.6917784943415
43713,43719,2023,MOR230027555,2023/01/14,"09:20:00",COLISIÓN POR CAMBIO DE CARRIL,ASFALTO,Bueno,Bueno,2,MITSUBISHI,ROJO,2,,,MASCULINO,SIN DATOS,0,0,Morelia,Poblado de Ocolusen,enero,sábado,9,-101.14995226264,19.6927349679848
43714,43720,2023,,2023/01/14,11:20:00,COLISIÓN POR CAMBIO DE CARRIL,ASFALTO,Bueno,Bueno,2,FREIGHTLINER,BLANCO,2,,,MASCULINO,SIN DATOS,0,0,Morelia,Felix Ireta,enero,sábado,11,-101.189582571387,19.6823693932832
43715,43721,2023,MOR 230027795,2023/01/14,12:00:00,SALIDA DE SUPERFICIE DE RODAMIENTO,ASFALTO,Bueno,Bueno,1,DATSUN,ROJO,1,,37,MASCULINO,SIN DATOS,0,0,Morelia,Los Manantiales de Morelia,enero,sábado,12,-101.243016198277,19.7004042278845
43716,43722,2023,,2023/01/14,12:30:00,COLISIÓN POR ALCANCE,ASFALTO,Bueno,Bueno,2,HONDA,AZUL,2,,29,FEMENINO,SIN DATOS,0,0,Morelia,Jardines de La Loma,enero,sábado,13,-101.225200295448,19.6766992322525
43717,43723,2023,,2023/01/14,13:00:00,COLISIÓN POR CORTE DE CIRCULACIÓN,ASFALTO,Bueno,Bueno,2,DODGE,BLANCO,2,,,MASCULINO,SIN DATOS,0,0,Morelia,Americas Britania,enero,sábado,13,-101.149222701788,19.6946529487375
43718,43724,2023,"230027847",2023/01/14,13:20:00,CAIDA DE MOTOCICLETA,ASFALTO,Bueno,Bueno,1,HARLEY DAVIDSON,NEGRO,2,,,,SIN DATOS,1,0,Morelia,Montaña Monarca,enero,sábado,13,-101.160503402352,19.671417193023
43719,43725,2023,,2023/01/14,15:00:00,COLISIÓN POR CAMBIO DE CARRIL,ASFALTO,Bueno,Bueno,2,NISSAN,GRIS,2,,,,SIN DATOS,0,0,Morelia,Poblado de Ocolusen,enero,sábado,15,-101.154272966087,19.6949935489074
43720,43726,2023,,2023/01/14,16:10:00,COLISIÓN POR ALCANCE,ASFALTO,Bueno,Bueno,2,MITSUBISHI,BLANCO,2,,37,MASCULINO,SIN DATOS,0,0,Morelia,Villas del Pedregal,enero,sábado,16,-101.304505504668,19.6876065609668
43721,43727,2023,MOR230028322,2023/01/14,16:10:00,COLISIÓN POR CORTE DE CIRCULACIÓN,CONCRETO,Bueno,Bueno,2,S/D,S/D,1,,28,,SIN DATOS,0,0,Morelia,Vasco de Quiroga,enero,sábado,16,-101.175317913294,19.7049678565328
43722,43728,2023,,2023/01/14,16:13:00,COLISIÓN POR NO RESPETAR SEMÁFORO,ASFALTO,Bueno,Bueno,2,BAJAJ,AMARILLO,2,,23,MASCULINO,SIN DATOS,0,0,Morelia,Mirador del Punhuato,enero,sábado,16,-101.159195490181,19.7039991458554
43723,43729,2023,MOR230028381,2023/01/14,16:30:00,COLISIÓN POR CORTE DE CIRCULACIÓN,ASFALTO,Bueno,Bueno,2,FIAT,AZUL,2,,24,,SIN DATOS,0,0,Morelia,Centro,enero,sábado,17,-101.185504607856,19.7029190060169
43724,43730,2023,LEG46720,2023/01/14,16:35:00,COLISIÓN POR CAMBIO DE CARRIL,ASFALTO,Bueno,Bueno,2,SUZUKI,AZUL,3,MINISTERIO PÚBLICO,33,MASCULINO,SIN DATOS,1,0,Morelia,Las Americas,enero,sábado,17,-101.15582395345,19.6876245545569
43725,43731,2023,MOR230---------,2023/01/14,17:00:00,COLISIÓN POR CORTE DE CIRCULACIÓN,ASFALTO,Bueno,Bueno,2,ITALIKA,NEGRO,2,,30,MASCULINO,SIN DATOS,0,0,Morelia,Guadalupe,enero,sábado,17,-101.221585348248,19.7098533011434
43726,43732,2023,,2023/01/14,17:00:00,COLISIÓN POR NO RESPETAR SEMÁFORO,ASFALTO,Bueno,Bueno,2,NISSAN,AZUL,2,,26,MASCULINO,SIN DATOS,0,0,Morelia,Cosmos,enero,sábado,17,-101.216776818037,19.6827422196221
43727,43733,2023,,2023/01/14,17:20:00,COLISIÓN POR ALCANCE,ASFALTO,Bueno,Bueno,2,SUZUKI,BLANCO,2,,,MASCULINO,SIN DATOS,0,0,Morelia,Campestre Los Manantiales,enero,sábado,17,-101.238360889256,19.6882476997461