fid,id_accidente,anio_origen,folio_c5i,dia_incidente,hora_ocurrencia,tipo_incidente_vial,superficie_ocurrencia,condiciones_climaticas,condiciones_via,numero_vehiculos_involucrados,marca_vehiculo_ocasiona_siniestro,color_vehiculo_ocasiona_siniestro,numero_personas_involucradas,lugar_remite_presunto_responsable,edad_presunto_responsable,sexo_presunto_responsable,resultados_toxicologia,numero_personas_lesionadas,numero_personas_fallecidas,municipio,colonia,mes,dia_semana,hora_redondeada,lon,lat
43728,43734,2023,,2023/01/14,17:49:00,COLISIÓN CONTRA OBJETO FIJO,ASFALTO,Bueno,Bueno,2,VENTO,AMARILLO,2,,40,MASCULINO,SIN DATOS,0,0,Morelia,Isaac Arriaga,enero,sábado,18,-101.166315749288,19.7101376863649
43729,43735,2023,,2023/01/14,20:49:00,COLISIÓN POR CAMBIO DE CARRIL,ASFALTO,Bueno,Bueno,2,NISSAN,AZUL,2,,67,FEMENINO,SIN DATOS,0,0,Morelia,Lomas de Morelia (Dr Ignacio Chavez),enero,sábado,21,-101.174568235874,19.7167705677988
43730,43736,2023,,2023/01/14,22:55:00,COLISIÓN POR CORTE DE CIRCULACIÓN,ASFALTO,Bueno,Bueno,2,MITSUBISHI,BLANCO,2,MINISTERIO PÚBLICO,26,MASCULINO,SIN DATOS,0,0,Morelia,Chapultepec Sur,enero,sábado,23,-101.176583245397,19.6919019207994
43731,43737,2023,MOR230029204,2023/01/14,23:00:00,COLISIÓN POR CORTE DE CIRCULACIÓN,ASFALTO,Bueno,Bueno,2,ITALIKA,NEGRO Y VERDE,3,,28,MASCULINO,SIN DATOS,1,0,Morelia,Loma de Los Piñones,enero,sábado,23,-101.205068640411,19.6740186135767
43732,43738,2023,MOR230029335,2023/01/15,"02:10:00",COLISIÓN CONTRA OBJETO FIJO,ASFALTO,Bueno,Bueno,1,CHEVROLET,ARENA,1,,44,MASCULINO,SIN DATOS,0,0,Morelia,Tinijaro,enero,domingo,2,-101.26316,19.6963297049991
43733,43739,2023,,2023/01/15,"05:22:00",COLISIÓN POR CORTE DE CIRCULACIÓN,ASFALTO,Bueno,Bueno,1,Volkswagen,Gris,1,,28,MASCULINO,SIN DATOS,0,0,Morelia,Villas Oriente,enero,domingo,5,-101.1449105,19.7562989
43734,43740,2023,,2023/01/15,"08:00:00",COLISIÓN CONTRA OBJETO FIJO,CONCRETO,Bueno,Bueno,1,HYUNDAI,BLANCO,1,,0,,SIN DATOS,0,0,Morelia,Lomas del Tecnologico,enero,domingo,8,-101.192971737429,19.7218067072296
43735,43741,2023,,2023/01/15,10:00:00,VOLCADURA,ASFALTO,Bueno,Bueno,1,VOLKSWAGEN,GRIS,1,,21,MASCULINO,SIN DATOS,0,0,Morelia,Sin datos,enero,domingo,10,-101.167715191841,19.6557430564958
43736,43742,2023,,2023/01/15,10:10:00,SALIDA DE SUPERFICIE DE RODAMIENTO,ASFALTO,Bueno,Bueno,1,CHEVROLET,GRIS,0,MINISTERIO PÚBLICO,,,,0,0,Tzitzio,Tzitzio,enero,domingo,10,-100.922709,19.584913
43737,43743,2023,,2023/01/15,12:23:00,SUBIDA AL CAMELLÓN,ASFALTO,Bueno,Bueno,1,JEEP,NEGRO,1,,52,MASCULINO,SIN DATOS,0,0,Morelia,Pascual Ortiz de Ayala,enero,domingo,12,-101.149821521984,19.69504229591
43738,43744,2023,,2023/01/15,12:45:00,SUBIDA AL CAMELLÓN,ASFALTO,Bueno,Bueno,1,FORD,ARENA,1,,0,,SIN DATOS,0,0,Morelia,Niño Artillero,enero,domingo,13,-101.253887533225,19.6966180829493
43739,43745,2023,,2023/01/15,12:45:00,COLISIÓN POR CORTE DE CIRCULACIÓN,ASFALTO,Bueno,Bueno,2,CHEVROLET,AZUL,2,,48,MASCULINO,SIN DATOS,0,0,Morelia,Sentimientos de La Nacion,enero,domingo,13,-101.236935965717,19.6847805951934
43740,43746,2023,,2023/01/15,13:50:00,COLISIÓN POR CORTE DE CIRCULACIÓN,CONCRETO,Bueno,Bueno,2,CHEVROLET,GRIS,2,MINISTERIO PÚBLICO,41,,SIN DATOS,0,0,Morelia,Las Flores,enero,domingo,14,-101.206263914811,19.7056150121759
43741,43747,2023,,2023/01/15,15:50:00,SALIDA DE SUPERFICIE DE RODAMIENTO,CONCRETO,Bueno,Bueno,1,VOLKSWAGEN,AZUL,1,,0,,SIN DATOS,0,0,Morelia,Felix Arreguin,enero,domingo,16,-101.222975445,19.7200881849991
43742,43748,2023,,2023/01/15,16:30:00,COLISIÓN POR CORTE DE CIRCULACIÓN,ASFALTO,Bueno,Bueno,2,FORD,ARENA,2,,52,MASCULINO,SIN DATOS,0,0,Morelia,Union,enero,domingo,17,-101.159471087158,19.712976460734
43743,43749,2023,,2023/01/15,18:00:00,COLISIÓN POR INVASIÓN DE CARRIL,ASFALTO,Bueno,Bueno,2,VOLKSWAGEN,GRIS,2,,31,MASCULINO,SIN DATOS,0,0,Morelia,Sin datos,enero,domingo,18,-101.285973787308,19.5931341749057
43744,43750,2023,,2023/01/15,20:00:00,COLISIÓN POR CAMBIO DE CARRIL,ASFALTO,Bueno,Bueno,2,SCANIA AUTOBÚS,CAFE,2,MINISTERIO PÚBLICO,45,MASCULINO,SIN DATOS,0,0,Morelia,Enrique Arreguin Robles,enero,domingo,20,-101.188164353371,19.7214489272364
43745,43751,2023,,2023/01/16,"01:05:00",COLISIÓN CONTRA OBJETO FIJO,ASFALTO,Bueno,Bueno,1,CHEVROLET,BLANCO,1,,26,MASCULINO,SIN DATOS,0,0,Morelia,Camelinas,enero,lunes,1,-101.17262119,19.6818144849991
43746,43752,2023,,2023/01/16,"06:32:00",COLISIÓN POR NO RESPETAR SEMÁFORO,ASFALTO,Bueno,Bueno,2,VOLKSWAGEN,NEGRO,2,MINISTERIO PÚBLICO,0,FEMENINO,SIN DATOS,0,0,Morelia,Reforma,enero,lunes,7,-101.240796241532,19.7078956687036
43748,43754,2023,,2023/01/16,10:10:00,COLISIÓN POR ALCANCE,ASFALTO,Bueno,Bueno,2,VOLKSWAGEN,NEGRO,2,,34,MASCULINO,SIN DATOS,0,0,Morelia,Rincon de Ocolusen,enero,lunes,10,-101.144627844329,19.688712299323
43749,43755,2023,LEG46754,2023/01/16,10:18:00,COLISIÓN POR CORTE DE CIRCULACIÓN,ASFALTO,Bueno,Bueno,2,TOYOTA,BLANCO Y GRIS,3,,55,MASCULINO,SIN DATOS,2,0,Morelia,Lomas de Morelia (Dr Ignacio Chavez),enero,lunes,10,-101.175452644618,19.7162004988672
43751,43757,2023,LEG46755,2023/01/16,15:00:00,COLISIÓN POR INVASIÓN DE CARRIL,CONCRETO,Bueno,Bueno,2,CHEVROLET,PLATA,2,MINISTERIO PÚBLICO,37,FEMENINO,SIN DATOS,0,0,Morelia,Villas del Pedregal,enero,lunes,15,-101.302209,19.685042
43755,43761,2023,LEG46757,2023/01/16,18:10:00,COLISIÓN POR CORTE DE CIRCULACIÓN,ASFALTO,Bueno,Bueno,2,INTERNATIONAL,VERDE,2,,37,MASCULINO,SIN DATOS,0,0,Morelia,Centro,enero,lunes,18,-101.18218963,19.7028850649992
43756,43762,2023,,2023/01/16,18:15:00,COLISIÓN POR CORTE DE CIRCULACIÓN,CONCRETO,Bueno,Bueno,2,JEEP,GRIS,2,,72,MASCULINO,SIN DATOS,0,0,Morelia,Campamento Ferrocarrilero,enero,lunes,18,-101.203038605,19.7048187049992
43757,43763,2023,,2023/01/16,19:19:00,COLISIÓN POR CORTE DE CIRCULACIÓN,ASFALTO,Bueno,Bueno,2,SEAT,AZUL,2,,38,MASCULINO,SIN DATOS,0,0,Morelia,Poblado de Ocolusen,enero,lunes,19,-101.150127649172,19.6944699261717
43758,43764,2023,,2023/01/17,"09:00:00",COLISIÓN POR ALCANCE,ASFALTO,Bueno,Bueno,2,VOLKSWAGEN,BLANCO,2,,29,MASCULINO,SIN DATOS,0,0,Morelia,Camelinas,enero,martes,9,-101.17262119,19.6818144849991
43760,43766,2023,,2023/01/17,10:30:00,COLISIÓN POR ALCANCE,ASFALTO,Bueno,Bueno,2,VENTO,GRIS,2,,21,MASCULINO,SIN DATOS,0,0,Morelia,Felix Ireta,enero,martes,11,-101.187071017921,19.6812815309449
43761,43767,2023,MOR230034389,2023/01/17,13:33:00,COLISIÓN POR INVASIÓN DE CARRIL,ASFALTO,Bueno,Bueno,2,ITALIKA,NEGRO,3,MINISTERIO PÚBLICO,16,MASCULINO,SIN DATOS,1,0,Morelia,Leandro Valle,enero,martes,14,-101.229885444045,19.7169255368997
43762,43768,2023,,2023/01/17,13:35:00,COLISIÓN POR CAMBIO DE CARRIL,ASFALTO,Bueno,Bueno,2,CHRYSLER,BLANCO,2,,,MASCULINO,SIN DATOS,0,0,Morelia,Sin datos,enero,martes,14,-101.095071919262,19.729613871847
43763,43769,2023,,2023/01/17,15:00:00,COLISIÓN POR CORTE DE CIRCULACIÓN,ASFALTO,Bueno,Bueno,2,FREIGHTLINER,BLANCO,2,,53,MASCULINO,SIN DATOS,0,0,Morelia,Poblado de Ocolusen,enero,martes,15,-101.149526797235,19.694685462038
43764,43770,2023,,2023/01/17,15:45:00,COLISIÓN POR CORTE DE CIRCULACIÓN,ASFALTO,Bueno,Bueno,2,NISSAN,BLANCO Y ROJO,2,,39,MASCULINO,SIN DATOS,0,0,Morelia,Molino de Parras,enero,martes,16,-101.202425073394,19.6958037739499
43765,43771,2023,,2023/01/17,17:00:00,COLISIÓN POR CORTE DE CIRCULACIÓN,ASFALTO,Bueno,Bueno,2,CHEVROLET,ROJO,2,,,MASCULINO,SIN DATOS,0,0,Indaparapeo,Sin datos,enero,martes,17,-100.935208,19.711031
43766,43772,2023,,2023/01/17,17:50:00,COLISIÓN POR CAMBIO DE CARRIL,ASFALTO,Bueno,Bueno,2,KENWORTH,BLANCO,2,,,MASCULINO,SIN DATOS,0,0,Morelia,Elias Perez Avalos,enero,martes,18,-101.167813022979,19.7136335493406
43767,43773,2023,,2023/01/17,18:00:00,COLISIÓN POR CORTE DE CIRCULACIÓN,CONCRETO,Bueno,Bueno,2,VOLKSWAGEN,AZUL,2,,21,MASCULINO,SIN DATOS,0,0,Morelia,Industrial,enero,martes,18,-101.193971503526,19.7104667645724
43768,43774,2023,,2023/01/18,"01:40:00",COLISIÓN POR ALCANCE,ASFALTO,Bueno,Bueno,2,CHEVROLET,AZUL,2,,29,MASCULINO,SIN DATOS,0,0,Morelia,Eduardo Ruiz,enero,miércoles,2,-101.221859682349,19.7216992118204
43769,43775,2023,MOR230036267,2023/01/18,"08:30:00",COLISIÓN POR ALCANCE,ASFALTO,Bueno,Bueno,2,HYUNDAI,GRIS,2,,39,MASCULINO,SIN DATOS,0,0,Morelia,Elias Perez Avalos,enero,miércoles,9,-101.165504381061,19.7104432184255
43770,43776,2023,,2023/01/18,10:15:00,COLISIÓN POR CORTE DE CIRCULACIÓN,ASFALTO,Bueno,Bueno,2,FORD,ROJO,1,,61,MASCULINO,SIN DATOS,0,0,Morelia,San Isidro Itzicuaro Norte,enero,miércoles,10,-101.261314364056,19.7040797486052
43771,43777,2023,MOR 230036267,2023/01/18,10:35:00,VOLCADURA,ASFALTO,Bueno,Regular,1,ISUZU,BLANCO,1,,32,MASCULINO,SIN DATOS,0,0,Tzitzio,Sin datos,enero,miércoles,11,-100.906353369355,19.4145394688812
43772,43778,2023,LEG46781,2023/01/18,10:37:00,COLISIÓN POR CORTE DE CIRCULACIÓN,ASFALTO,Bueno,Bueno,2,ITALIKA,NEGRO,2,,24,MASCULINO,SIN DATOS,0,0,Morelia,Centro,enero,miércoles,11,-101.178548969328,19.7033703803606
43773,43779,2023,MOR230036245,2023/01/18,11:40:00,COLISIÓN POR INVASIÓN DE CARRIL,ASFALTO,Bueno,Bueno,2,VOLKSWAGEN,ROJO,2,,18,MASCULINO,SIN DATOS,0,0,Morelia,Jose Ma Pino Suarez,enero,miércoles,12,-101.16501018405,19.7269455011089
43774,43780,2023,LEG46771,2023/01/18,12:30:00,SALIDA DE SUPERFICIE DE RODAMIENTO,ASFALTO,Bueno,Bueno,1,DODGE,GUINDA,1,,53,FEMENINO,SIN DATOS,0,0,Charo,Sin datos,enero,miércoles,13,-100.924018062651,19.6673653332718
43775,43781,2023,,2023/01/18,12:40:00,COLISIÓN POR ALCANCE,ASFALTO,Bueno,Bueno,2,VOLKSWAGEN,GRIS,2,,0,FEMENINO,SIN DATOS,0,0,Morelia,Dr Miguel Silva,enero,miércoles,13,-101.178455427289,19.7197389416674
43776,43782,2023,MOR230036493,2023/01/18,13:30:00,COLISIÓN POR CORTE DE CIRCULACIÓN,ASFALTO,Bueno,Bueno,3,NISSA,ROJO,2,,29,MASCULINO,SIN DATOS,0,0,Morelia,El Realito,enero,miércoles,14,-101.202706955373,19.725464701811
43777,43783,2023,MOR3003036950,2023/01/18,16:20:00,COLISIÓN POR CORTE DE CIRCULACIÓN,ASFALTO,Bueno,Bueno,2,ITALIKA,NEGRO,2,MINISTERIO PÚBLICO,25,MASCULINO,SIN DATOS,1,0,Huaniqueo,Sin datos,enero,miércoles,16,-101.56265873462,19.8893903525073
43778,43784,2023,,2023/01/18,17:30:00,COLISIÓN CONTRA OBJETO FIJO,ASFALTO,Bueno,Bueno,2,FORD,ROJO,2,,0,MASCULINO,SIN DATOS,0,0,Morelia,Jesus Romero Flores,enero,miércoles,18,-101.173273399472,19.7279913941339
43779,43785,2023,,2023/01/18,19:10:00,COLISIÓN POR CAMBIO DE CARRIL,ASFALTO,Bueno,Bueno,2,VOLKSWAGEN,ARENA,2,,56,MASCULINO,SIN DATOS,0,0,Morelia,Sentimientos de La Nacion,enero,miércoles,19,-101.236871927977,19.6848026929744
43780,43786,2023,,2023/01/18,20:40:00,COLISIÓN POR CORTE DE CIRCULACIÓN,CONCRETO,Bueno,Bueno,2,NISSAN,BLANCO,2,,70,MASCULINO,SIN DATOS,0,0,Morelia,Tres Puentes,enero,miércoles,21,-101.213715746999,19.7026595441045
43781,43787,2023,MOR230037564,2023/01/18,23:30:00,SALIDA DE SUPERFICIE DE RODAMIENTO,ASFALTO,Bueno,Bueno,1,KENWORTH,BLANCO,1,,74,MASCULINO,SIN DATOS,0,0,Morelia,Rafael Carrillo,enero,miércoles,0,-101.236442774534,19.7078007255539
43782,43788,2023,MOR 230037590,2023/01/19,"00:40:00",COLISIÓN POR ALCANCE,ASFALTO,Bueno,Bueno,2,ITALIKA,GRIS,2,MINISTERIO PÚBLICO,37,MASCULINO,SIN DATOS,0,0,Morelia,Arboledas de La Huerta,enero,jueves,1,-101.224195370583,19.6690973722789
43783,43789,2023,,2023/01/19,"07:03:00",COLISIÓN POR ALCANCE,ASFALTO,Bueno,Bueno,2,CHEVROLET,AZUL,2,,0,MASCULINO,SIN DATOS,0,0,Morelia,Sentimientos de La Nacion,enero,jueves,7,-101.235203593969,19.6809986728991
43785,43791,2023,,2023/01/19,"08:33:00",COLISIÓN POR ALCANCE,ASFALTO,Bueno,Bueno,2,CHEVROLET,NEGRO,2,,0,FEMENINO,SIN DATOS,0,0,Morelia,Sentimientos de La Nacion,enero,jueves,9,-101.236869581044,19.6848033243396
43786,43792,2023,,2023/01/19,13:00:00,COLISIÓN POR ALCANCE,ASFALTO,Bueno,Bueno,2,NISSAN,BLANCO,2,,36,MASCULINO,SIN DATOS,0,0,Morelia,Alberto Oviedo Mota,enero,jueves,13,-101.202020980418,19.6775288858522
43787,43793,2023,,2023/01/19,14:05:00,COLISIÓN POR CORTE DE CIRCULACIÓN,ASFALTO,Bueno,Bueno,2,FORD,PLATA,2,,26,FEMENINO,SIN DATOS,0,0,Morelia,Ignacio Zaragoza,enero,jueves,14,-101.205284893513,19.7255366591274
43788,43794,2023,,2023/01/19,14:55:00,COLISIÓN POR INVASIÓN DE CARRIL,ASFALTO,Bueno,Bueno,2,DODGE,PLATA,2,MINISTERIO PÚBLICO,28,MASCULINO,SIN DATOS,0,0,Tzitzio,Sin datos,enero,jueves,15,-100.859077834524,19.3834857002064
43789,43795,2023,,2023/01/19,16:00:00,COLISIÓN CONTRA OBJETO FIJO,ASFALTO,Bueno,Bueno,1,FREIGHTLINER,BLANCO/AZUL,2,MINISTERIO PÚBLICO,,,,2,0,Tocumbo,Sin datos,enero,jueves,16,-102.481935247779,19.7106079782408
43790,43796,2023,,2023/01/19,16:25:00,VOLCADURA,ASFALTO,Bueno,Regular,1,FREIGHTLINER,BLANCO,1,,50,MASCULINO,SIN DATOS,0,0,Morelia,Centenario (Los Alamos Poniente),enero,jueves,16,-101.175339706242,19.7348147786123
43791,43797,2023,,2023/01/19,19:00:00,COLISIÓN CONTRA OBJETO FIJO,CONCRETO,Bueno,Bueno,1,VOLKSWAGEN,GRIS,1,,70,FEMENINO,SIN DATOS,0,0,Morelia,Canteras de Morelia,enero,jueves,19,-101.172835766141,19.7192196369147
43792,43798,2023,LEG46789,2023/01/19,20:00:00,COLISIÓN POR ALCANCE,ASFALTO,Bueno,Bueno,4,PEUGEOT,ROJO,4,,62,MASCULINO,SIN DATOS,0,0,Morelia,Sentimientos de La Nacion,enero,jueves,20,-101.235203593969,19.6809986728991
43793,43799,2023,,2023/01/19,21:05:00,COLISIÓN CONTRA OBJETO FIJO,CONCRETO,Bueno,Bueno,1,VOLKSWAGEN,PLATA,1,,47,MASCULINO,SIN DATOS,0,0,Morelia,Torreon Nuevo,enero,jueves,21,-101.204558685422,19.7479794480045
43794,43800,2023,,2023/01/20,"00:04:00",COLISIÓN POR CORTE DE CIRCULACIÓN,ASFALTO,Bueno,Bueno,2,VOLKSWAGEN,ROJO,2,,22,MASCULINO,SIN DATOS,0,0,Morelia,Villa Universidad,enero,viernes,0,-101.200576,19.6852265
43796,43802,2023,,2023/01/20,"07:20:00",COLISIÓN POR ALCANCE,ASFALTO,Bueno,Bueno,2,NISSAN,BLANCO,2,,57,MASCULINO,SIN DATOS,0,0,Morelia,Avicola Benito Juarez,enero,viernes,7,-101.279540508986,19.6913507625298
43797,43803,2023,,2023/01/20,"08:20:00",COLISIÓN POR CORTE DE CIRCULACIÓN,ASFALTO,Bueno,Bueno,2,TOYOTA,BLANCO,2,,,MASCULINO,SIN DATOS,0,0,Morelia,Prados Verdes,enero,viernes,8,-101.199782310949,19.7166640281338
43798,43804,2023,LEG46805,2023/01/20,"08:30:00",COLISIÓN POR CORTE DE CIRCULACIÓN,ASFALTO,Bueno,Bueno,2,CHEVROLET,VERDE,2,,54,MASCULINO,SIN DATOS,0,0,Morelia,Loma de Los Piñones,enero,viernes,9,-101.203516982496,19.6749388875564
43799,43805,2023,LEG46796,2023/01/20,"09:00:00",VOLCADURA,ASFALTO,Bueno,Bueno,1,NISSAN,ROJO,1,,38,MASCULINO,SIN DATOS,0,0,Morelia,El Parian,enero,viernes,9,-101.269916323849,19.6880710777962
43800,43806,2023,,2023/01/20,12:00:00,COLISIÓN POR ALCANCE,ASFALTO,Bueno,Bueno,2,HONDA,PLATA,2,,18,FEMENINO,SIN DATOS,0,0,Morelia,Jardines de Torremolinos,enero,viernes,12,-101.22564855963,19.6768428750211
43801,43807,2023,LEG46804,2023/01/20,12:00:00,COLISIÓN POR CORTE DE CIRCULACIÓN,ASFALTO,Bueno,Bueno,2,SEAT,PLATA,2,,27,MASCULINO,SIN DATOS,0,0,Morelia,Canteras de Morelia,enero,viernes,12,-101.171491071582,19.7147578495581
43802,43808,2023,,2023/01/20,14:10:00,COLISIÓN POR MANIOBRA DE REVERSA,CONCRETO,Bueno,Bueno,2,PONTIAC,NEGRO,0,MINISTERIO PÚBLICO,,,,0,0,Morelia,Felix Ireta,enero,viernes,14,-101.182722821832,19.6869060720887
43803,43809,2023,,2023/01/20,14:30:00,COLISIÓN POR CAMBIO DE CARRIL,ASFALTO,Bueno,Bueno,2,GENERAL MOTORS,BLANCO/ROSA,2,,41,MASCULINO,SIN DATOS,0,0,Morelia,Ejidal Ocolusen,enero,viernes,15,-101.159055680037,19.6877634523775
43804,43810,2023,LEG46802,2023/01/20,14:40:00,COLISIÓN POR CORTE DE CIRCULACIÓN,CONCRETO,Bueno,Bueno,2,HERO,NEGRO,3,,25,MASCULINO,SIN DATOS,1,0,Morelia,Fuentes de Morelia,enero,viernes,15,-101.204423904419,19.6725041752179
43805,43811,2023,MOR230040758,2023/01/20,16:10:00,COLISIÓN POR ALCANCE,CONCRETO,Bueno,Bueno,2,RENAULT,GRIS,1,,40,MASCULINO,SIN DATOS,0,0,Morelia,La Quemada,enero,viernes,16,-101.241285502911,19.7056922551123
43806,43812,2023,LEG46806,2023/01/20,16:20:00,COLISIÓN POR ALCANCE,ASFALTO,Bueno,Bueno,2,DINA,AZUL,2,,54,MASCULINO,SIN DATOS,0,0,Morelia,Francisco J Mujica,enero,viernes,16,-101.190817728639,19.7227000014351
43807,43813,2023,,2023/01/20,19:30:00,VOLCADURA,ASFALTO,Bueno,Bueno,1,NISSAN,AMARILLO,1,,,,,1,0,Copándaro,Sin datos,enero,viernes,20,-101.241666041315,19.9037950317909
43808,43814,2023,,2023/01/21,"01:32:00",SALIDA DE SUPERFICIE DE RODAMIENTO,ASFALTO,Bueno,Bueno,1,ITALIKA,NEGRO/VERDE,2,MINISTERIO PÚBLICO,26,MASCULINO,SIN DATOS,1,0,Morelia,Justo Mendoza,enero,sábado,2,-101.231143400073,19.714486413138
43809,43815,2023,,2023/01/21,"02:25:00",COLISIÓN CONTRA OBJETO FIJO,CONCRETO,Bueno,Bueno,2,VOLKSWAGEN,BLANCO,1,,,,SIN DATOS,0,0,Morelia,Arboledas de Valladolid,enero,sábado,2,-101.250299736857,19.6966116265611
43810,43816,2023,,2023/01/21,"07:50:00",VOLCADURA,ASFALTO,Bueno,Bueno,1,NISSAN,BLANCO,1,,58,MASCULINO,SIN DATOS,0,0,Charo,Sin datos,enero,sábado,8,-101.006636470556,19.6736138807742
43811,43817,2023,,2023/01/21,"08:20:00",COLISIÓN CONTRA OBJETO FIJO,ASFALTO,Bueno,Bueno,1,JEEP,GRIS,1,,,MASCULINO,SIN DATOS,0,0,Morelia,Colinas del Sur,enero,sábado,8,-101.197394505143,19.6624110268022
43812,43818,2023,,2023/01/21,10:00:00,COLISIÓN POR CORTE DE CIRCULACIÓN,ASFALTO,Bueno,Bueno,2,CHEVROLET,BLANCO,2,,31,MASCULINO,SIN DATOS,0,0,Morelia,Cuauhtemoc,enero,sábado,10,-101.185360338655,19.7005630195384
43813,43819,2023,,2023/01/21,12:20:00,COLISIÓN CONTRA OBJETO FIJO,ASFALTO,Bueno,Bueno,1,NISSAN,BLANCO,1,,,MASCULINO,SIN DATOS,0,0,Morelia,Campestre Los Manantiales,enero,sábado,12,-101.238361559808,19.688246437043
43814,43820,2023,,2023/01/21,14:35:00,COLISIÓN POR CORTE DE CIRCULACIÓN,ASFALTO,Bueno,Bueno,2,CHEVROLET,Azul,2,,,MASCULINO,SIN DATOS,0,0,Morelia,Rafael Carrillo,enero,sábado,15,-101.235169731081,19.7095853283688
43815,43821,2023,,2023/01/21,16:45:00,COLISIÓN CONTRA OBJETO FIJO,ASFALTO,Bueno,Bueno,1,NISSAN,ROJO,1,,38,MASCULINO,SIN DATOS,0,0,Morelia,El Durazno,enero,sábado,17,-101.181020960212,19.6565601890262
43816,43822,2023,,2023/01/21,19:15:00,COLISIÓN POR MANIOBRA DE REVERSA,CONCRETO,Bueno,Regular,2,DODGE,BLANCO AZUL,2,,24,MASCULINO,SIN DATOS,0,0,Morelia,Los Encinos,enero,sábado,19,-101.17934525013,19.66272580599
43817,43823,2023,,2023/01/21,20:35:00,COLISIÓN CONTRA OBJETO FIJO,ASFALTO,Bueno,Bueno,1,CHEVROLET,GRIS,2,,43,MASCULINO,SIN DATOS,1,0,Morelia,Ocolusen Iii,enero,sábado,21,-101.152518130839,19.6848929781624
43818,43824,2023,,2023/01/21,21:50:00,COLISIÓN CON PEATÓN,SIN_DATOS,Bueno,Bueno,2,MERCEDES BENZ,BLANCO/NARANJA,2,,23,MASCULINO,SIN DATOS,0,0,Morelia,Avicola Benito Juarez,enero,sábado,22,-101.279538497329,19.6913479215028
43819,43825,2023,,2023/01/21,22:50:00,VOLCADURA,ASFALTO,Bueno,Bueno,1,GMC,BLANCO,1,,49,MASCULINO,SIN DATOS,0,0,Charo,Sin datos,enero,sábado,23,-101.017383411527,19.6026546313007
43820,43826,2023,LEG46829,2023/01/22,"00:00:00",COLISIÓN CONTRA OBJETO FIJO,CONCRETO,Bueno,Bueno,3,FORD,NEGRO,3,,29,MASCULINO,SIN DATOS,0,0,Morelia,Agustin Arriaga Rivera,enero,domingo,0,-101.226159185171,19.6896461373156
43821,43827,2023,,2023/01/22,"02:40:00",COLISIÓN CONTRA OBJETO FIJO,ASFALTO,Bueno,Bueno,1,MERCEDES BENZ,BLANCO,1,MINISTERIO PÚBLICO,0,,SIN DATOS,0,0,Morelia,Club Campestre,enero,domingo,3,-101.157650202513,19.6808588221406
43822,43828,2023,,2023/01/22,"03:20:00",COLISIÓN POR ALCANCE,ASFALTO,Bueno,Bueno,2,VOLKSWAGEN,BLANCO,1,MINISTERIO PÚBLICO,,FEMENINO,SIN DATOS,0,0,Morelia,Chapultepec Sur,enero,domingo,3,-101.165711246431,19.6889731210302
43823,43829,2023,,2023/01/22,"04:10:00",COLISIÓN POR INVASIÓN DE CARRIL,ASFALTO,Bueno,Bueno,2,VW,GRIS,2,,30,MASCULINO,SIN DATOS,0,0,Peribán,Sin datos,enero,domingo,4,-102.448336556554,19.5563388996253
43824,43830,2023,,2023/01/22,"06:15:00",COLISIÓN CONTRA OBJETO FIJO,ASFALTO,Bueno,Regular,1,NISSAN,ROJO,1,MINISTERIO PÚBLICO,,,SIN DATOS,0,0,Morelia,Enrique Arreguin Robles,enero,domingo,6,-101.188148691313,19.7214472593097
43825,43831,2023,,2023/01/22,"08:15:00",COLISIÓN CON PEATÓN,ASFALTO,Bueno,Bueno,1,HONDA,ROJO,2,,18,MASCULINO,SIN DATOS,1,0,Morelia,La Colina,enero,domingo,8,-101.215631850064,19.7095338800697
43826,43832,2023,LEG46830,2023/01/22,"08:45:00",SUBIDA AL CAMELLÓN,ASFALTO,Bueno,Bueno,1,VOLKSWAGEN,BLANCO,1,,34,MASCULINO,SIN DATOS,0,0,Morelia,Quinceo,enero,domingo,9,-101.221887096763,19.7276278255786
43827,43833,2023,LEG46831,2023/01/22,"08:45:00",SUBIDA AL CAMELLÓN,ASFALTO,Bueno,Bueno,1,VOLKSWAGEN,AZUL,1,,29,MASCULINO,SIN DATOS,0,0,Morelia,Quinceo,enero,domingo,9,-101.221916601062,19.7276158328518
43828,43834,2023,,2023/01/22,"09:20:00",COLISIÓN POR ALCANCE,ASFALTO,Bueno,Bueno,2,VOLKSWAGEN,VERDE,2,MINISTERIO PÚBLICO,20,MASCULINO,SIN DATOS,0,0,Morelia,Elias Perez Avalos,enero,domingo,9,-101.167011111975,19.7113263543024
43829,43835,2023,LEG46832,2023/01/22,"09:55:00",COLISIÓN CONTRA OBJETO FIJO,ASFALTO,Bueno,Bueno,2,CHEVROLET,ROJO,2,,29,MASCULINO,SIN DATOS,0,0,Morelia,Quinceo,enero,domingo,10,-101.221807971597,19.7276477082554
43830,43836,2023,MOR230045006,2023/01/22,11:15:00,COLISIÓN POR ALCANCE,CONCRETO,Bueno,Bueno,2,ITALIKA,AMARILLO,2,,46,MASCULINO,SIN DATOS,0,0,Morelia,El Lago 1,enero,domingo,11,-101.212158724666,19.7266971241794
43831,43837,2023,LEG46826,2023/01/22,13:50:00,COLISIÓN POR CORTE DE CIRCULACIÓN,ASFALTO,Bueno,Bueno,2,VOLKSWAGEN,ROJO,2,MINISTERIO PÚBLICO,26,MASCULINO,SIN DATOS,0,0,Morelia,Felix Ireta,enero,domingo,14,-101.192007958889,19.6879541210077