fid,id_accidente,anio_origen,folio_c5i,dia_incidente,hora_ocurrencia,tipo_incidente_vial,superficie_ocurrencia,condiciones_climaticas,condiciones_via,numero_vehiculos_involucrados,marca_vehiculo_ocasiona_siniestro,color_vehiculo_ocasiona_siniestro,numero_personas_involucradas,lugar_remite_presunto_responsable,edad_presunto_responsable,sexo_presunto_responsable,resultados_toxicologia,numero_personas_lesionadas,numero_personas_fallecidas,municipio,colonia,mes,dia_semana,hora_redondeada,lon,lat
43832,43838,2023,,2023/01/22,14:30:00,COLISIÓN POR ALCANCE,CONCRETO,Bueno,Bueno,2,VOLKSWAGEN,NEGRO,2,,39,MASCULINO,SIN DATOS,0,0,Morelia,La Loma,enero,domingo,15,-101.183774247766,19.6796645611421
43833,43839,2023,,2023/01/22,19:10:00,COLISIÓN POR CORTE DE CIRCULACIÓN,CONCRETO,Bueno,Bueno,2,MAZDA,PLATA,2,,23,FEMENINO,SIN DATOS,0,0,Morelia,Fuentes de Morelia,enero,domingo,19,-101.20465926826,19.6728975454066
43834,43840,2023,LEG46834,2023/01/22,19:10:00,COLISIÓN POR ALCANCE,CONCRETO,Bueno,Bueno,2,HONDA,ROJO,2,MINISTERIO PÚBLICO,26,MASCULINO,SIN DATOS,0,0,Morelia,La Loma,enero,domingo,19,-101.181174181402,19.6798366135663
43837,43843,2023,,2023/01/23,"08:00:00",COLISIÓN POR CAMBIO DE CARRIL,ASFALTO,Bueno,Bueno,2,DINA,BLANCO,2,,0,,SIN DATOS,0,0,Morelia,Dr Miguel Silva,enero,lunes,8,-101.185227946917,19.717204814836
43838,43844,2023,,2023/01/23,"08:10:00",COLISIÓN POR ALCANCE,ASFALTO,Bueno,Bueno,2,VOLKSWAGEN JETTA,ROJO,2,,32,MASCULINO,SIN DATOS,0,0,Morelia,Sentimientos de La Nacion,enero,lunes,8,-101.233194944297,19.682432823539
43839,43845,2023,,2023/01/23,"08:30:00",COLISIÓN POR ALCANCE,ASFALTO,Bueno,Bueno,2,FREIGHTLINER,BLANCO AZUL,2,,24,MASCULINO,SIN DATOS,0,0,Morelia,Fuentes de Morelia,enero,lunes,9,-101.203908950441,19.6711852824231
43843,43849,2023,,2023/01/23,14:30:00,COLISIÓN CONTRA OBJETO FIJO,ASFALTO,Bueno,Bueno,3,NISSAN,BLANCO,1,MINISTERIO PÚBLICO,39,MASCULINO,SIN DATOS,0,0,Pátzcuaro,General Manuel Garcia Pueblita,enero,lunes,15,-101.602405719459,19.5132219171369
43845,43851,2023,,2023/01/23,15:30:00,COLISIÓN POR CORTE DE CIRCULACIÓN,ASFALTO,Bueno,Bueno,2,ITALIKA,NEGRO,2,,24,MASCULINO,SIN DATOS,0,0,Morelia,Del Empleado,enero,lunes,16,-101.18002517,19.6886070099991
43846,43852,2023,MOR230047001,2023/01/23,16:05:00,COLISIÓN POR CAMBIO DE CARRIL,ASFALTO,Bueno,Bueno,2,HONDA,GRIS,2,,39,FEMENINO,SIN DATOS,0,0,Morelia,Los Llanos,enero,lunes,16,-101.249473180305,19.7163801578225
43847,43853,2023,,2023/01/23,16:50:00,COLISIÓN POR ALCANCE,ASFALTO,Bueno,Bueno,2,HONDA,VERDE,2,,23,MASCULINO,SIN DATOS,0,0,Morelia,Gertrudis Sanchez,enero,lunes,17,-101.205776745,19.7441101549991
43849,43855,2023,,2023/01/23,18:40:00,COLISIÓN POR ALCANCE,ASFALTO,Bueno,Bueno,2,TOYOTA,BLANCO Y MORASDO,2,,38,MASCULINO,SIN DATOS,0,0,Morelia,Centro,enero,lunes,19,-101.18754847,19.7028479949991
43850,43856,2023,,2023/01/23,20:10:00,COLISIÓN CONTRA OBJETO FIJO,ASFALTO,Bueno,Bueno,2,NISSAN,BLANCO,0,MINISTERIO PÚBLICO,,,,0,0,Charo,Sin datos,enero,lunes,20,-100.999109856784,19.6993300612023
43851,43857,2023,MOR230047583,2023/01/23,21:55:00,COLISIÓN POR INVASIÓN DE CARRIL,ASFALTO,Bueno,Bueno,2,VENTO,BLANCO,2,,24,MASCULINO,SIN DATOS,0,0,Morelia,Ventura Puente,enero,lunes,22,-101.18464305,19.6929413399991
43852,43858,2023,,2023/01/24,"04:45:00",VOLCADURA,ASFALTO,Bueno,Bueno,2,INTERNATIONAL,BLANCO,2,MINISTERIO PÚBLICO,39,MASCULINO,SIN DATOS,1,0,Peribán,Sin datos,enero,martes,5,-102.445488385856,19.5532487099171
43853,43859,2023,,2023/01/24,"06:20:00",COLISIÓN POR ALCANCE,ASFALTO,Bueno,Bueno,2,DODGE,ROJO,2,,30,MASCULINO,SIN DATOS,0,0,Morelia,La Quemada,enero,martes,6,-101.240059827697,19.7032952648833
43854,43860,2023,,2023/01/24,"07:45:00",COLISIÓN POR CAMBIO DE CARRIL,ASFALTO,Bueno,Bueno,2,SEAT,ROJO,2,,42,FEMENINO,SIN DATOS,0,0,Morelia,Camelinas,enero,martes,8,-101.17262119,19.6818144849991
43855,43861,2023,,2023/01/24,11:15:00,COLISIÓN POR CAMBIO DE CARRIL,CONCRETO,Bueno,Bueno,2,MERCURY,NEGRO,2,,69,MASCULINO,SIN DATOS,0,0,Morelia,Tres Puentes,enero,martes,11,-101.21371474117,19.7026548093942
43856,43862,2023,,2023/01/24,12:00:00,COLISIÓN POR CORTE DE CIRCULACIÓN,ASFALTO,Bueno,Bueno,2,TOYOTA,CAFE,0,,,,,0,0,Lázaro Cárdenas,Jose Green,enero,martes,12,-102.202636823058,17.9659254071773
43857,43863,2023,LEG46860,2023/01/24,13:54:00,COLISIÓN POR CORTE DE CIRCULACIÓN,ASFALTO,Bueno,Bueno,2,CHEVROLET,ROJO,2,,22,,SIN DATOS,0,0,Morelia,Campestre Los Manantiales,enero,martes,14,-101.238361224532,19.6882448586641
43858,43864,2023,,2023/01/24,16:50:00,COLISIÓN CONTRA OBJETO FIJO,ASFALTO,Bueno,Bueno,1,NISSAN,AZUL,1,,46,MASCULINO,SIN DATOS,0,0,Morelia,Sin datos,enero,martes,17,-101.126779653132,19.7090506440115
43859,43865,2023,,2023/01/24,16:55:00,COLISIÓN POR ALCANCE,ASFALTO,Bueno,Bueno,4,PEUGEOT,BLANCO,4,,32,MASCULINO,SIN DATOS,0,0,Morelia,Avicola Benito Juarez,enero,martes,17,-101.279536485672,19.6913510781994
43860,43866,2023,,2023/01/24,17:35:00,COLISIÓN CONTRA OBJETO FIJO,CONCRETO,Bueno,Bueno,3,VENTO,ROJO,3,,22,MASCULINO,SIN DATOS,0,0,Morelia,Centro,enero,martes,18,-101.198199503124,19.7056294424677
43861,43867,2023,MOR230049312,2023/01/24,18:55:00,COLISIÓN POR CAMBIO DE CARRIL,ASFALTO,Bueno,Bueno,2,TOYOTA,GRIS,2,,57,FEMENINO,SIN DATOS,0,0,Morelia,Sentimientos de La Nacion,enero,martes,19,-101.236872263253,19.6848042713872
43862,43868,2023,,2023/01/24,20:15:00,COLISIÓN POR INVASIÓN DE CARRIL,CONCRETO,Bueno,Bueno,2,GMC,BLANCO,2,,,MASCULINO,SIN DATOS,0,0,Morelia,Industrial,enero,martes,20,-101.19393479079,19.7107837849829
43863,43869,2023,MOR230049839,2023/01/24,22:00:00,COLISIÓN POR CAMBIO DE CARRIL,ASFALTO,Bueno,Bueno,2,INTERNATIONAL,BLANCO,2,,46,MASCULINO,SIN DATOS,0,0,Morelia,Enrique Arreguin Robles,enero,martes,22,-101.1841712147,19.7195830284519
43865,43871,2023,,2023/01/25,"07:00:00",COLISIÓN POR CORTE DE CIRCULACIÓN,ASFALTO,Bueno,Bueno,2,VOLKSWAGEN,BLANCO,0,MINISTERIO PÚBLICO,,,,0,0,Lázaro Cárdenas,Las Camelinas,enero,miércoles,7,-102.22455047071,17.9760622461533
43867,43873,2023,,2023/01/25,"08:09:00",COLISIÓN POR CORTE DE CIRCULACIÓN,ASFALTO,Bueno,Bueno,2,RAM,BLANCO,2,,,MASCULINO,SIN DATOS,0,0,Morelia,Fidel Velazquez,enero,miércoles,8,-101.2373917601,19.7037606954086
43868,43874,2023,,2023/01/25,"08:10:00",COLISIÓN POR INVASIÓN DE CARRIL,ASFALTO,Bueno,Bueno,2,GENERAL MOTORS,BLANCO,2,,57,MASCULINO,SIN DATOS,0,0,Sin datos,Sin datos,enero,miércoles,8,-102.739247398784,19.4693426167983
43871,43877,2023,,2023/01/25,10:10:00,COLISIÓN CONTRA OBJETO FIJO,ASFALTO,Bueno,Bueno,2,NISSAN,BLANCO,2,,,MASCULINO,SIN DATOS,0,0,Morelia,Tzindurio de Morelos,enero,miércoles,10,-101.24550652,19.6989422449991
43873,43879,2023,,2023/01/25,11:35:00,COLISIÓN POR INVASIÓN DE CARRIL,ASFALTO,Bueno,Bueno,2,NISSAN,AMARILLO,2,,37,MASCULINO,SIN DATOS,0,0,Morelia,Melchor Ocampo,enero,miércoles,12,-101.201937888211,19.7065671597378
43877,43883,2023,,2023/01/25,15:38:00,COLISIÓN POR CAMBIO DE CARRIL,CONCRETO,Bueno,Bueno,2,CHEVROLET,ARENA,2,,47,MASCULINO,SIN DATOS,0,0,Morelia,Santa Cecilia,enero,miércoles,16,-101.185771845,19.6679817249991
43878,43884,2023,,2023/01/25,15:39:00,COLISIÓN POR CORTE DE CIRCULACIÓN,ASFALTO,Bueno,Bueno,2,HONDA,NEGRO Y ROJO,2,,22,MASCULINO,SIN DATOS,0,0,Morelia,Del Empleado,enero,miércoles,16,-101.18002517,19.6886070099991
43880,43886,2023,,2023/01/25,20:00:00,COLISIÓN POR INVASIÓN DE CARRIL,ASFALTO,Bueno,Bueno,2,PEUGEOT,GRIS,2,,76,MASCULINO,SIN DATOS,0,0,Morelia,Puerto de Buenavista,enero,miércoles,20,-101.12687,19.687419
43881,43887,2023,,2023/01/25,20:40:00,COLISIÓN POR CAMBIO DE CARRIL,ASFALTO,Bueno,Bueno,2,CHEVROLET,GRIS,2,,30,MASCULINO,SIN DATOS,0,0,Morelia,Xangari,enero,miércoles,21,-101.219623120327,19.6720670459846
43882,43888,2023,,2023/01/25,20:45:00,COLISIÓN POR INVASIÓN DE CARRIL,ASFALTO,Bueno,Bueno,2,NISSAN,BLANCO,2,MINISTERIO PÚBLICO,,MASCULINO,SIN DATOS,0,0,Morelia,Lomas de San Juan,enero,miércoles,21,-101.183039681886,19.7298664251429
43883,43889,2023,,2023/01/26,"09:00:00",COLISIÓN POR ALCANCE,ASFALTO,Bueno,Bueno,2,NISSAN,NEGRO,2,,22,FEMENINO,SIN DATOS,0,0,Morelia,Josefa Ortiz de Dominguez,enero,jueves,9,-101.209866441786,19.6720574494748
43884,43890,2023,,2023/01/26,11:15:00,COLISIÓN POR CAMBIO DE CARRIL,ASFALTO,Bueno,Bueno,2,FORD,ROJO,2,,52,MASCULINO,SIN DATOS,0,0,Morelia,Enrique Arreguin Robles,enero,jueves,11,-101.188175082207,19.7213529816867
43885,43891,2023,,2023/01/26,12:35:00,COLISIÓN POR CORTE DE CIRCULACIÓN,ASFALTO,Bueno,Bueno,2,FORD,BLANCO Y ROJO,2,,47,MASCULINO,SIN DATOS,0,0,Morelia,Enrique Ramirez,enero,jueves,13,-101.165971085429,19.7098473041133
43886,43892,2023,,2023/01/26,15:25:00,COLISIÓN POR CORTE DE CIRCULACIÓN,TERRACERIA,Bueno,Bueno,1,INTERNACIONAL,BLANCO Y NARANJA,0,MINISTERIO PÚBLICO,,,,0,0,Morelia,Lomas del Valle,enero,jueves,15,-101.225175485015,19.6914754519951
43887,43893,2023,,2023/01/26,15:30:00,COLISIÓN POR CORTE DE CIRCULACIÓN,ASFALTO,Bueno,Bueno,2,NISSAN,BLANCO Y MORADO,2,,52,MASCULINO,SIN DATOS,0,0,Morelia,Primo Tapia Oriente,enero,jueves,16,-101.158557459712,19.7134517942785
43888,43894,2023,,2023/01/26,19:30:00,COLISIÓN POR CAMBIO DE CARRIL,ASFALTO,Bueno,Bueno,2,Mercedes Benz,Blanco/Naranja,2,,20,MASCULINO,SIN DATOS,0,0,Morelia,Centro,enero,jueves,20,-101.206050999463,19.7023884028
43889,43895,2023,,2023/01/27,"00:00:00",COLISIÓN CONTRA OBJETO FIJO,TERRACERIA,Bueno,Bueno,2,MITSUBISHI,NEGRO,2,,18,MASCULINO,SIN DATOS,0,0,Morelia,Colinas del Sur,enero,viernes,0,-101.199508085847,19.6603521599258
43890,43896,2023,,2023/01/27,"00:00:00",COLISIÓN POR ALCANCE,CONCRETO,Bueno,Bueno,2,GENERAL MOTORS,BLANCO,2,MINISTERIO PÚBLICO,36,MASCULINO,SIN DATOS,0,0,Morelia,Felix Ireta,enero,viernes,0,-101.180355101824,19.6879339177199
43891,43897,2023,MOR230053887,2023/01/27,"02:15:00",VOLCADURA,ASFALTO,Bueno,Bueno,1,HONDA,AZUL,1,MINISTERIO PÚBLICO,48,MASCULINO,SIN DATOS,0,0,Morelia,Puerto de Buenavista,enero,viernes,2,-101.127809286118,19.6865664017504
43892,43898,2023,,2023/01/27,"08:30:00",COLISIÓN POR CORTE DE CIRCULACIÓN,ASFALTO,Bueno,Bueno,2,NISSAN,ROJO,2,MINISTERIO PÚBLICO,21,MASCULINO,SIN DATOS,0,0,Morelia,Los Angeles,enero,viernes,9,-101.173357218504,19.7476897656405
43893,43899,2023,,2023/01/27,10:20:00,COLISIÓN POR ALCANCE,ASFALTO,Bueno,Bueno,2,ITALIKA,ROJO/NEGRO,2,,18,MASCULINO,SIN DATOS,0,0,Morelia,Ricardo Flores Magon,enero,viernes,10,-101.243385672569,19.7053570436284
43894,43900,2023,MOR230053886,2023/01/27,12:45:00,CAIDA DE MOTOCICLETA,ASFALTO,Bueno,Bueno,1,ITALIKA,NEGRO/VERDE,1,,26,MASCULINO,SIN DATOS,0,0,Morelia,Sin datos,enero,viernes,13,-101.128326952457,19.7301039887949
43895,43901,2023,,2023/01/27,13:00:00,COLISIÓN POR ALCANCE,TERRACERIA,Bueno,Regular,2,RENAULT,BLANCO,2,,42,MASCULINO,SIN DATOS,0,0,Morelia,Dr Miguel Silva,enero,viernes,13,-101.188296452165,19.7211478347589
43896,43902,2023,,2023/01/27,14:00:00,COLISIÓN POR MANIOBRA DE REVERSA,ASFALTO,Bueno,Bueno,2,NISSAN,PLATA,2,MINISTERIO PÚBLICO,56,FEMENINO,SIN DATOS,0,0,Morelia,Tenencia Morelos,enero,viernes,14,-101.241009235382,19.6485490795196
43897,43903,2023,,2023/01/27,15:00:00,COLISIÓN POR CORTE DE CIRCULACIÓN,ASFALTO,Bueno,Bueno,2,DINAMO,GRIS/NEGRO,2,,18,MASCULINO,SIN DATOS,0,0,Morelia,Jardines del Quinceo,enero,viernes,15,-101.206173375249,19.7237509719391
43898,43904,2023,,2023/01/27,15:40:00,COLISIÓN POR INVASIÓN DE CARRIL,ASFALTO,Bueno,Bueno,2,ITALIKA,NEGRO,2,,36,MASCULINO,SIN DATOS,0,0,Morelia,Chapultepec Oriente,enero,viernes,16,-101.161955483258,19.6956627519495
43899,43905,2023,LEG46906,2023/01/27,15:58:00,COLISIÓN POR ALCANCE,ASFALTO,Bueno,Bueno,3,NISSAN,BLANCO,3,MINISTERIO PÚBLICO,42,MASCULINO,SIN DATOS,0,0,Morelia,Elias Perez Avalos,enero,viernes,16,-101.167556941509,19.7115965335678
43900,43906,2023,,2023/01/27,18:00:00,COLISIÓN POR CORTE DE CIRCULACIÓN,ASFALTO,Bueno,Bueno,2,HONDA,GRIS,0,,,,,0,0,Lázaro Cárdenas,Jose Green,enero,viernes,18,-102.200897410512,17.9650930028632
43901,43907,2023,,2023/01/27,18:30:00,COLISIÓN POR CORTE DE CIRCULACIÓN,CONCRETO,Bueno,Bueno,2,GUIAN,GRIS,2,,21,MASCULINO,SIN DATOS,0,0,Morelia,Molino de Parras,enero,viernes,19,-101.205292604864,19.6982429454118
43902,43908,2023,,2023/01/27,18:35:00,COLISIÓN POR ALCANCE,ASFALTO,Bueno,Regular,2,VOLKSWAGEN,AMARILLO,2,,22,MASCULINO,SIN DATOS,0,0,Cuitzeo,Leandro Valle,enero,viernes,19,-101.152950972319,19.9699884193091
43903,43909,2023,,2023/01/27,19:30:00,COLISIÓN POR ALCANCE,ASFALTO,Bueno,Bueno,3,TOYOTA,GRIS,3,,,MASCULINO,SIN DATOS,0,0,Morelia,Cuauhtemoc,enero,viernes,20,-101.178766825649,19.6965993069301
43904,43910,2023,,2023/01/27,20:10:00,COLISIÓN POR CAMBIO DE CARRIL,ASFALTO,Bueno,Bueno,2,FREIGHTLINER,AMARILLO,2,,23,MASCULINO,SIN DATOS,0,0,Morelia,Mariano Michelena,enero,viernes,20,-101.229917630553,19.6769012791869
43905,43911,2023,,2023/01/27,20:30:00,COLISIÓN POR INVASIÓN DE CARRIL,ASFALTO,Bueno,Bueno,2,VOLKSWAGEN,BLANCO,2,MINISTERIO PÚBLICO,32,MASCULINO,SIN DATOS,0,0,Morelia,Mariano Michelena,enero,viernes,21,-101.229892149568,19.6768955966204
43906,43912,2023,,2023/01/27,21:00:00,COLISIÓN CONTRA OBJETO FIJO,ASFALTO,Bueno,Regular,2,NISSAN,BLANCO,1,,20,MASCULINO,SIN DATOS,0,0,Morelia,Gertrudis Sanchez,enero,viernes,21,-101.199660301209,19.7402108559537
43907,43913,2023,,2023/01/28,"00:00:00",SUBIDA AL CAMELLÓN,ASFALTO,Bueno,Bueno,1,HONDA,BLANCO,1,,38,MASCULINO,SIN DATOS,0,0,Morelia,Prados Verdes,enero,sábado,0,-101.197370700538,19.7135272288878
43908,43914,2023,,2023/01/28,"01:40:00",COLISIÓN CONTRA OBJETO FIJO,ASFALTO,Bueno,Bueno,1,TOYOTA,BLANCO,1,,29,MASCULINO,SIN DATOS,0,0,Morelia,Bosques Tres Marias,enero,sábado,2,-101.105251908302,19.7292720830276
43909,43915,2023,,2023/01/28,"08:15:00",COLISIÓN POR ALCANCE,ASFALTO,Bueno,Bueno,2,NISSAN,BLANCO,2,,46,FEMENINO,SIN DATOS,0,0,Morelia,Sentimientos de La Nacion,enero,sábado,8,-101.233242899179,19.678218997788
43910,43916,2023,MOR230056415,2023/01/28,"08:55:00",COLISIÓN POR ALCANCE,ASFALTO,Bueno,Bueno,2,VOLKSWAGEN,BLANCO/ROJO,2,,30,MASCULINO,SIN DATOS,0,0,Morelia,Campestre Los Manantiales,enero,sábado,9,-101.239563524723,19.6910628715451
43911,43917,2023,LEG46919,2023/01/28,"09:10:00",COLISIÓN POR CORTE DE CIRCULACIÓN,ASFALTO,Bueno,Bueno,2,KIA,ROJO,2,MINISTERIO PÚBLICO,49,MASCULINO,SIN DATOS,0,0,Morelia,Paseo de Las Lomas,enero,sábado,9,-101.147987879813,19.6992195822924
43912,43918,2023,,2023/01/28,11:15:00,COLISIÓN POR CORTE DE CIRCULACIÓN,ASFALTO,Bueno,Bueno,3,VOLKSWAGEN,BLANCO,2,,37,FEMENINO,SIN DATOS,0,0,Morelia,La Loma,enero,sábado,11,-101.181303933263,19.6813771848362
43913,43919,2023,,2023/01/28,13:28:00,COLISIÓN POR ALCANCE,ASFALTO,Bueno,Bueno,2,NISSAN,AZUL,2,,36,MASCULINO,SIN DATOS,0,0,Morelia,Arcos del Valle,enero,sábado,13,-101.236248314381,19.707623337345
43914,43920,2023,,2023/01/28,14:00:00,COLISIÓN POR CORTE DE CIRCULACIÓN,ASFALTO,Bueno,Bueno,2,RENAULT,PLATA,2,,25,MASCULINO,SIN DATOS,0,0,Morelia,Cosmos,enero,sábado,14,-101.216812357306,19.6827479019813
43915,43921,2023,,2023/01/28,14:50:00,COLISIÓN POR CAMBIO DE CARRIL,ASFALTO,Bueno,Bueno,2,DINA,BLANCO,2,,68,MASCULINO,SIN DATOS,0,0,Morelia,Martires de Uruapan,enero,sábado,15,-101.198502257466,19.7290050895907
43916,43922,2023,,2023/01/28,15:50:00,COLISIÓN POR CORTE DE CIRCULACIÓN,ASFALTO,Bueno,Bueno,2,NISSAN,NEGRO,2,,37,MASCULINO,SIN DATOS,0,0,Morelia,La Soledad,enero,sábado,16,-101.183350458741,19.7276158328518
43917,43923,2023,MOR230057230,2023/01/28,15:50:00,COLISIÓN POR CORTE DE CIRCULACIÓN,ASFALTO,Bueno,Regular,2,MERCEDES BENZ,BLANCO,2,,35,MASCULINO,SIN DATOS,0,0,Morelia,Tzindurio de Morelos,enero,sábado,16,-101.245833188295,19.6996150964376
43918,43924,2023,,2023/01/28,18:51:00,COLISIÓN CONTRA OBJETO FIJO,ASFALTO,Bueno,Bueno,3,NISSAN,NEGRO,1,,76,,SIN DATOS,0,0,Morelia,Leandro Valle,enero,sábado,19,-101.230414509773,19.7237894758323
43919,43925,2023,,2023/01/28,19:00:00,COLISIÓN POR CAMBIO DE CARRIL,ASFALTO,Bueno,Bueno,2,HYUNDAI,ROJO,2,,53,MASCULINO,SIN DATOS,0,0,Morelia,Comision Federal de Electricidad,enero,sábado,19,-101.178180165589,19.6844696475226
43920,43926,2023,LEG46920,2023/01/28,19:00:00,COLISIÓN POR CORTE DE CIRCULACIÓN,ASFALTO,Bueno,Bueno,2,ITALIKA,GRIS,3,MINISTERIO PÚBLICO,40,MASCULINO,SIN DATOS,1,0,Morelia,Primo Tapia Oriente,enero,sábado,19,-101.163087375462,19.7114320904011
43921,43927,2023,,2023/01/28,19:20:00,COLISIÓN POR ALCANCE,ASFALTO,Bueno,Bueno,2,NISSAN,BLANCO/AZUL,0,MINISTERIO PÚBLICO,,,,0,0,Lázaro Cárdenas,Nuevo Infonavit(11 de Julio),enero,sábado,19,-102.218822948635,17.9676335778494
43922,43928,2023,LEG46921,2023/01/28,21:40:00,VOLCADURA,ASFALTO,Bueno,Bueno,1,JEEP,GRIS,1,,,,SIN DATOS,0,0,Morelia,La Campiña,enero,sábado,22,-101.243293806911,19.6323668206352
43923,43929,2023,MOR230058097,2023/01/28,22:05:00,COLISIÓN POR CORTE DE CIRCULACIÓN,ASFALTO,Bueno,Bueno,2,JEEP,BLANCO,1,MINISTERIO PÚBLICO,60,MASCULINO,SIN DATOS,0,0,Morelia,Loma de Los Piñones,enero,sábado,22,-101.205068305135,19.6740205077996
43924,43930,2023,MOR230058447,2023/01/29,"01:00:00",COLISIÓN POR NO RESPETAR SEMÁFORO,CONCRETO,Bueno,Bueno,2,TOYOTA,PLATA,2,MINISTERIO PÚBLICO,31,MASCULINO,SIN DATOS,0,0,Morelia,Matamoros,enero,domingo,1,-101.166127324104,19.6963862456757
43925,43931,2023,LEG46927,2023/01/29,"01:00:00",COLISIÓN POR NO RESPETAR SEMÁFORO,ASFALTO,Bueno,Bueno,0,,,0,,,,,0,0,Morelia,Chapultepec Norte,enero,domingo,1,-101.164487153292,19.695941796165
43926,43932,2023,,2023/01/29,"01:50:00",COLISIÓN POR ALCANCE,ASFALTO,Bueno,Bueno,2,GM,ROJO,2,,55,MASCULINO,SIN DATOS,0,0,Morelia,Tzindurio de Morelos,enero,domingo,2,-101.250132769346,19.6985125154631
43927,43933,2023,MOR230058554,2023/01/29,"02:30:00",COLISIÓN POR NO RESPETAR SEMÁFORO,CONCRETO,Bueno,Bueno,2,CHEVROLET,BLANCO,2,,20,MASCULINO,SIN DATOS,0,0,Morelia,La Colina,enero,domingo,3,-101.2161706388,19.7038192282704
43928,43934,2023,,2023/01/29,"02:42:00",COLISIÓN POR ALCANCE,ASFALTO,Bueno,Bueno,2,MERCEDES BENZ,PLATA,2,,28,MASCULINO,SIN DATOS,0,0,Morelia,Las Americas,enero,domingo,3,-101.152233481407,19.6885374898439
43929,43935,2023,,2023/01/29,"05:00:00",COLISIÓN CONTRA OBJETO FIJO,ASFALTO,Bueno,Bueno,1,CHEVROLET,GRIS,0,MINISTERIO PÚBLICO,,,,0,0,Lázaro Cárdenas,Nuevo Infonavit(11 de Julio),enero,domingo,5,-102.218887656927,17.9676425077498
43930,43936,2023,LEG46928,2023/01/29,"06:10:00",COLISIÓN CONTRA OBJETO FIJO,ASFALTO,Bueno,Bueno,2,CHEVROLET,ROJO,1,,29,MASCULINO,SIN DATOS,0,0,Morelia,Industrial,enero,domingo,6,-101.188328638673,19.712546576192
43931,43937,2023,,2023/01/29,"08:25:00",COLISIÓN POR NO RESPETAR SEMÁFORO,ASFALTO,Bueno,Bueno,2,ITALIKA,NEGRO,2,MINISTERIO PÚBLICO,29,MASCULINO,SIN DATOS,0,0,Morelia,Arcos del Valle,enero,domingo,8,-101.236255019903,19.7076264937206
43932,43938,2023,,2023/01/29,"08:45:00",CAIDA DE MOTOCICLETA,ASFALTO,Bueno,Bueno,1,ITALIKA,NEGRO,1,,22,MASCULINO,SIN DATOS,0,0,Morelia,Morelos,enero,domingo,9,-101.185366474092,19.7240239706539
43933,43939,2023,,2023/01/29,15:28:00,COLISIÓN POR ALCANCE,ASFALTO,Bueno,Bueno,2,NISSAN,GRIS,2,,38,FEMENINO,SIN DATOS,0,0,Morelia,El Lago 2,enero,domingo,15,-101.214545890689,19.7266624081865
43934,43940,2023,,2023/01/29,15:30:00,COLISIÓN CON PEATÓN,ASFALTO,Bueno,Bueno,1,HONDA,ROJO,2,MINISTERIO PÚBLICO,,,,2,0,Morelia,Ferrocarrilero,enero,domingo,16,-101.219266578555,19.6955863619324
43935,43941,2023,,2023/01/29,15:30:00,COLISIÓN POR CORTE DE CIRCULACIÓN,ASFALTO,Bueno,Bueno,2,ITALIKA,ROJO Y NEGRO,2,,27,MASCULINO,SIN DATOS,0,0,Morelia,Comision Federal de Electricidad,enero,domingo,16,-101.17868039757,19.6815457628422
43936,43942,2023,,2023/01/29,17:50:00,COLISIÓN POR CORTE DE CIRCULACIÓN,ASFALTO,Bueno,Bueno,2,NISSAN,GRIS,0,MINISTERIO PÚBLICO,,,,0,0,Hidalgo,Plan de Ayala,enero,domingo,18,-100.568614974618,19.7058500757184
43937,43943,2023,,2023/01/29,23:05:00,CAIDA DE MOTOCICLETA,ASFALTO,Bueno,Regular,1,ITALIKA,SIN DATO,1,,,,,1,0,Cuitzeo,Sin datos,enero,domingo,23,-101.1599522084,19.9698053365024
43938,43944,2023,,2023/01/30,"00:30:00",COLISIÓN CONTRA OBJETO FIJO,ASFALTO,Bueno,Bueno,1,GENERAL MOTORS,ROJO,1,,58,MASCULINO,SIN DATOS,0,0,Morelia,Santillan La Huerta,enero,lunes,1,-101.219553885717,19.6760966650679
43939,43945,2023,,2023/01/30,"08:25:00",COLISIÓN CONTRA OBJETO FIJO,CONCRETO,Bueno,Bueno,2,CHEVROLET,ROJO Y CEREZA,2,,79,MASCULINO,SIN DATOS,0,0,Morelia,Margarita Maza de Juarez,enero,lunes,8,-101.255526905,19.6928898149991
43940,43946,2023,,2023/01/30,"08:35:00",COLISIÓN POR CAMBIO DE CARRIL,CONCRETO,Bueno,Bueno,2,MERCEDES BENZ,BLANCO,2,,21,MASCULINO,SIN DATOS,0,0,Morelia,Alberto Oviedo Mota,enero,lunes,9,-101.196140686849,19.6817272495021
43941,43947,2023,,2023/01/30,"08:42:00",COLISIÓN POR CORTE DE CIRCULACIÓN,ASFALTO,Bueno,Bueno,2,NISSAN,AZUL,2,,65,FEMENINO,SIN DATOS,0,0,Morelia,Fovissste Acueducto,enero,lunes,9,-101.155695625,19.7002102699992
43943,43949,2023,,2023/01/30,"09:50:00",COLISIÓN CONTRA OBJETO FIJO,ASFALTO,Bueno,Bueno,1,CHEVROLET,BLANCO,1,,22,MASCULINO,SIN DATOS,0,0,Morelia,Montaña Monarca,enero,lunes,10,-101.165131339569,19.6698293896465
43948,43954,2023,,2023/01/30,11:50:00,COLISIÓN POR CAMBIO DE CARRIL,ASFALTO,Bueno,Bueno,2,FORD,ROJO,2,,18,MASCULINO,SIN DATOS,0,0,Morelia,Prados Verdes,enero,lunes,12,-101.19721026,19.7150711099991
43949,43955,2023,,2023/01/30,13:10:00,COLISIÓN POR ALCANCE,ASFALTO,Bueno,Bueno,2,VOLSKWAGEN,GRIS,2,,30,FEMENINO,SIN DATOS,0,0,Morelia,Santillan La Huerta,enero,lunes,13,-101.219553885717,19.6760966650679