fid,id_accidente,anio_origen,folio_c5i,dia_incidente,hora_ocurrencia,tipo_incidente_vial,superficie_ocurrencia,condiciones_climaticas,condiciones_via,numero_vehiculos_involucrados,marca_vehiculo_ocasiona_siniestro,color_vehiculo_ocasiona_siniestro,numero_personas_involucradas,lugar_remite_presunto_responsable,edad_presunto_responsable,sexo_presunto_responsable,resultados_toxicologia,numero_personas_lesionadas,numero_personas_fallecidas,municipio,colonia,mes,dia_semana,hora_redondeada,lon,lat
43950,43956,2023,,2023/01/30,15:10:00,COLISIÓN POR ALCANCE,ASFALTO,Bueno,Bueno,2,TOYOTA,GRIS,2,,29,FEMENINO,SIN DATOS,0,0,Morelia,Felix Ireta,enero,lunes,15,-101.190105135,19.6853188699992
43951,43957,2023,,2023/01/30,15:45:00,CAIDA DE MOTOCICLETA,CONCRETO,Bueno,Bueno,1,HONDA,ROJO,1,,18,MASCULINO,SIN DATOS,0,0,Morelia,Villas del Pedregal,enero,lunes,16,-101.302209,19.685042
43952,43958,2023,,2023/01/30,18:00:00,COLISIÓN POR ALCANCE,ASFALTO,Bueno,Bueno,2,HYUNDAI |,GRIS,2,,,FEMENINO,SIN DATOS,0,0,Morelia,Puerto de Buenavista,enero,lunes,18,-101.126352197769,19.6849018019943
43953,43959,2023,,2023/01/30,20:00:00,COLISIÓN POR CORTE DE CIRCULACIÓN,ASFALTO,Bueno,Bueno,2,NISSAN,GRIS,0,MINISTERIO PÚBLICO,,,,0,0,Lázaro Cárdenas,1Er Sect de Fidelac,enero,lunes,20,-102.198923304677,17.9626624236115
43954,43960,2023,,2023/01/30,23:00:00,SALIDA DE SUPERFICIE DE RODAMIENTO,CONCRETO,Bueno,Bueno,1,VOLKSWAGEN,GRIS,0,MINISTERIO PÚBLICO,,,,0,0,Lázaro Cárdenas,Sin datos,enero,lunes,23,-102.228236161172,17.9353933782176
43955,43961,2023,,2023/01/30,23:05:00,COLISIÓN POR CORTE DE CIRCULACIÓN,CONCRETO,Bueno,Bueno,2,NISSAN,BLANCO Y ROSA,2,,36,MASCULINO,SIN DATOS,0,0,Morelia,Torreon Nuevo,enero,lunes,23,-101.20358663,19.7462449699991
43956,43962,2023,,2023/01/30,23:11:00,COLISIÓN POR INVASIÓN DE CARRIL,ASFALTO,Bueno,Bueno,2,FORD,BLANCO,2,,,MASCULINO,SIN DATOS,0,0,Morelia,Ejidal San Isidro,enero,lunes,23,-101.279508614475,19.6906503850057
43957,43963,2023,,2023/01/31,"00:00:00",COLISIÓN POR CORTE DE CIRCULACIÓN,ASFALTO,Bueno,Bueno,2,NISSAN,AZUL Y BLANCO,2,,,MASCULINO,SIN DATOS,0,0,Morelia,Sentimientos de La Nacion,enero,martes,0,-101.235293112695,19.6811985045837
43958,43964,2023,,2023/01/31,"07:50:00",COLISIÓN POR CORTE DE CIRCULACIÓN,ASFALTO,Bueno,Bueno,2,YAMAHA,BLANCO,1,MINISTERIO PÚBLICO,20,MASCULINO,SIN DATOS,0,0,Morelia,Industrial,enero,martes,8,-101.201632730663,19.7141168169925
43959,43965,2023,,2023/01/31,"08:55:00",COLISIÓN CONTRA OBJETO FIJO,ASFALTO,Bueno,Bueno,2,DODGE,GRIS,2,,,FEMENINO,SIN DATOS,0,0,Morelia,Leona Vicario,enero,martes,9,-101.21357191354,19.6688289902347
43960,43966,2023,,2023/01/31,"09:00:00",COLISIÓN POR CAMBIO DE CARRIL,ASFALTO,Bueno,Bueno,2,NAVISTAR,VERDE,2,,37,MASCULINO,SIN DATOS,0,0,Morelia,Santiaguito,enero,martes,9,-101.191834108722,19.7181820570845
43961,43967,2023,,2023/01/31,"09:15:00",COLISIÓN POR INVASIÓN DE CARRIL,ASFALTO,Bueno,Bueno,2,TOYOTA,PLATA,2,,57,FEMENINO,SIN DATOS,0,0,Peribán,Sin datos,enero,martes,9,-102.441987767816,19.5494248302005
43962,43968,2023,,2023/01/31,"09:45:00",COLISIÓN POR CORTE DE CIRCULACIÓN,ASFALTO,Bueno,Bueno,2,ITALIKA,NEGRO,2,,25,FEMENINO,SIN DATOS,0,0,Morelia,Centro,enero,martes,10,-101.191184702294,19.6965264087824
43964,43970,2023,,2023/01/31,11:00:00,COLISIÓN POR CAMBIO DE CARRIL,ASFALTO,Bueno,Bueno,2,INTERNATIONAL,AMARILLO,2,,22,MASCULINO,SIN DATOS,0,0,Morelia,Centro,enero,martes,11,-101.18754847,19.7028479949991
43965,43971,2023,,2023/01/31,12:35:00,COLISIÓN POR CORTE DE CIRCULACIÓN,ASFALTO,Bueno,Bueno,2,YAMAHA,BLANCO,2,,39,MASCULINO,SIN DATOS,0,0,Morelia,Morelos,enero,martes,13,-101.206603199244,19.6999282242615
43966,43972,2023,,2023/01/31,13:40:00,COLISIÓN POR CAMBIO DE CARRIL,ASFALTO,Bueno,Bueno,2,KENWORTH,BLANCO,2,,30,MASCULINO,SIN DATOS,0,0,Morelia,Jose Ma Pino Suarez,enero,martes,14,-101.16461455822,19.7271115063128
43967,43973,2023,,2023/01/31,15:20:00,COLISIÓN POR ALCANCE,ASFALTO,Bueno,Bueno,2,LINCOLN,NEGRO,2,,31,MASCULINO,SIN DATOS,0,0,Morelia,Campestre Los Manantiales,enero,martes,15,-101.239646673203,19.6909842696403
43968,43974,2023,,2023/01/31,17:10:00,COLISIÓN POR CORTE DE CIRCULACIÓN,CONCRETO,Bueno,Bueno,2,NISSAN,ROJO,2,,35,MASCULINO,SIN DATOS,0,0,Morelia,Virrey Antonio de Mendoza,enero,martes,17,-101.1598777771,19.7074352172502
43969,43975,2023,,2023/01/31,18:25:00,COLISIÓN CON PEATÓN,ASFALTO,Bueno,Bueno,1,AUDI,ROJO,2,,35,MASCULINO,SIN DATOS,1,0,Morelia,Tres Puentes,enero,martes,18,-101.21185362339,19.7090875732719
43970,43976,2023,,2023/01/31,18:50:00,COLISIÓN CONTRA OBJETO FIJO,CONCRETO,Bueno,Bueno,1,CHEVROLET,ROJO,1,,18,MASCULINO,SIN DATOS,0,0,Morelia,Sin datos,enero,martes,19,-101.124011948705,19.7173405756053
43971,43977,2023,MOR230065602,2023/02/01,"08:30:00",COLISIÓN POR CAMBIO DE CARRIL,ASFALTO,Bueno,Regular,2,VOLKSWAGEN,ROJO,2,,39,FEMENINO,SIN DATOS,0,0,Morelia,Industrial,febrero,miércoles,9,-101.189085515637,19.7123104021622
43972,43978,2023,,2023/02/01,"09:10:00",COLISIÓN POR ALCANCE,ASFALTO,Bueno,Bueno,2,NISSAN,ROJO,2,,28,MASCULINO,SIN DATOS,0,0,Morelia,Centro,febrero,miércoles,9,-101.18754847,19.7028479949991
43975,43981,2023,,2023/02/01,10:20:00,COLISIÓN CON PEATÓN,SIN_DATOS,Bueno,Bueno,2,NISSAN,PLATA,2,,65,MASCULINO,SIN DATOS,0,0,Morelia,Lomas de San Juan,febrero,miércoles,10,-101.183039681886,19.7298664251429
43977,43983,2023,MOR230065487,2023/02/01,11:45:00,COLISIÓN POR ALCANCE,ASFALTO,Bueno,Regular,2,NISSAN,BLANCO,2,,34,MASCULINO,SIN DATOS,0,0,Morelia,Industrial,febrero,miércoles,12,-101.189085515637,19.7123104021622
43978,43984,2023,MOR230066046,2023/02/01,15:35:00,COLISIÓN POR CORTE DE CIRCULACIÓN,ASFALTO,Bueno,Regular,2,DINAMO,BLANCO,2,,26,MASCULINO,SIN DATOS,0,0,Morelia,Union Popular Solidaria,febrero,miércoles,16,-101.220220133013,19.7056458409566
43979,43985,2023,,2023/02/01,16:20:00,COLISIÓN POR CAMBIO DE CARRIL,ASFALTO,Bueno,Bueno,2,ITALIKA,AZUL,3,MINISTERIO PÚBLICO,55,MASCULINO,SIN DATOS,1,0,Morelia,Indeco Santiaguito,febrero,miércoles,16,-101.17575391358,19.7230270449021
43980,43986,2023,MOR230066373,2023/02/01,17:55:00,COLISIÓN POR CORTE DE CIRCULACIÓN,ASFALTO,Bueno,Bueno,2,BAJAJ,NEGRO,3,,46,MASCULINO,SIN DATOS,1,0,Morelia,Centro,febrero,miércoles,18,-101.18754847,19.7028479949991
43981,43987,2023,,2023/02/01,19:50:00,COLISIÓN POR CORTE DE CIRCULACIÓN,CONCRETO,Bueno,Bueno,2,TOYOTA,GRIS,2,,48,MASCULINO,SIN DATOS,0,0,Morelia,Tres Puentes,febrero,miércoles,20,-101.213524742681,19.7058468756013
43982,43988,2023,,2023/02/01,20:55:00,COLISIÓN POR ALCANCE,CONCRETO,Bueno,Bueno,2,TOYOTA,GRIS,2,,48,MASCULINO,SIN DATOS,0,0,Morelia,El Lago 2,febrero,miércoles,21,-101.214435013967,19.7262881110028
43984,43990,2023,,2023/02/02,"07:40:00",COLISIÓN POR CAMBIO DE CARRIL,SIN_DATOS,Bueno,Bueno,2,TOYOTA,BLANCO,2,,48,MASCULINO,SIN DATOS,0,0,Morelia,Alberto Oviedo Mota,febrero,jueves,8,-101.196140686849,19.6817272495021
43985,43991,2023,,2023/02/02,"08:00:00",COLISIÓN POR ALCANCE,ASFALTO,Bueno,Bueno,2,FORD,VERDE,2,,25,MASCULINO,SIN DATOS,0,0,Morelia,La Floresta,febrero,jueves,8,-101.151938438416,19.6833587544155
43986,43992,2023,,2023/02/02,"09:10:00",COLISIÓN POR CORTE DE CIRCULACIÓN,ASFALTO,Bueno,Bueno,2,HONDA,BLANCO,2,,28,MASCULINO,SIN DATOS,0,0,Morelia,Granjas del Maestro,febrero,jueves,9,-101.193717196584,19.7166894535659
43987,43993,2023,MORA2300,2023/02/02,10:40:00,COLISIÓN POR CORTE DE CIRCULACIÓN,ASFALTO,Bueno,Bueno,5,HONDA,GRIS,5,MINISTERIO PÚBLICO,31,MASCULINO,SIN DATOS,0,0,Morelia,Ventura Puente,febrero,jueves,11,-101.187182954235,19.6926426896116
43988,43994,2023,,2023/02/02,10:50:00,COLISIÓN POR CORTE DE CIRCULACIÓN,ASFALTO,Bueno,Bueno,2,CHEVROLET,GRIS,2,MINISTERIO PÚBLICO,,FEMENINO,SIN DATOS,0,0,Morelia,Adolfo Lopez Mateos,febrero,jueves,11,-101.225661635399,19.6942337475335
43989,43995,2023,,2023/02/02,12:20:00,COLISIÓN POR ALCANCE,ASFALTO,Bueno,Bueno,2,NISSAN,BLANCO Y ROJO,2,MINISTERIO PÚBLICO,44,MASCULINO,SIN DATOS,0,0,Morelia,Alberto Oviedo Mota,febrero,jueves,12,-101.202002875507,19.677591393826
43990,43996,2023,,2023/02/02,14:40:00,COLISIÓN POR CORTE DE CIRCULACIÓN,ASFALTO,Bueno,Bueno,2,HONDA,BLANCO,2,,51,MASCULINO,SIN DATOS,0,0,Morelia,Chapultepec Sur,febrero,jueves,15,-101.173033006489,19.6911922962843
43991,43997,2023,,2023/02/02,14:50:00,COLISIÓN POR ALCANCE,ASFALTO,Bueno,Bueno,2,VOLKSWAGEN,NEGRO,2,,,MASCULINO,SIN DATOS,0,0,Morelia,Irrigacion,febrero,jueves,15,-101.225068867207,19.7047314399031
43993,43999,2023,,2023/02/02,16:20:00,COLISIÓN CON PEATÓN,ASFALTO,Bueno,Bueno,1,FORD,ROJO,2,,72,MASCULINO,SIN DATOS,1,0,Morelia,Jardines de Torremolinos,febrero,jueves,16,-101.225726678967,19.6786492902306
43994,44000,2023,,2023/02/02,16:23:00,COLISIÓN POR CORTE DE CIRCULACIÓN,ASFALTO,Bueno,Bueno,2,VOLKSWAGEN,GRIS,2,,52,MASCULINO,SIN DATOS,0,0,Morelia,Ventura Puente,febrero,jueves,16,-101.183151304722,19.69298276633
43995,44001,2023,,2023/02/02,17:35:00,COLISIÓN CONTRA OBJETO FIJO,ASFALTO,Bueno,Bueno,1,FORD,S/D,0,MINISTERIO PÚBLICO,,,,0,0,Peribán,Sin datos,febrero,jueves,18,-102.44401384145,19.5516307677409
43996,44002,2023,,2023/02/02,19:12:00,COLISIÓN POR CORTE DE CIRCULACIÓN,ASFALTO,Bueno,Bueno,2,RENAULT,BLANCO,2,,,MASCULINO,SIN DATOS,0,0,Morelia,El Porvenir,febrero,jueves,19,-101.2072596699,19.7081094184449
43997,44003,2023,,2023/02/02,22:30:00,COLISIÓN CONTRA OBJETO FIJO,ASFALTO,Bueno,Bueno,1,HONDA,ARENA,1,,,,SIN DATOS,0,0,Morelia,La Colina,febrero,jueves,23,-101.216172650456,19.7038195439155
43998,44004,2023,,2023/02/03,"00:00:00",COLISIÓN POR CORTE DE CIRCULACIÓN,CONCRETO,Bueno,Bueno,2,ITALIKA,BLANCO/ROJO,2,MINISTERIO PÚBLICO,33,MASCULINO,SIN DATOS,0,0,Morelia,El Lago 3,febrero,viernes,0,-101.220028661191,19.7248729463359
43999,44005,2023,,2023/02/03,"03:00:00",COLISIÓN POR CAMBIO DE CARRIL,ASFALTO,Bueno,Bueno,2,NISSAN,BLANCO,2,,51,MASCULINO,CON CERTIFICADO,0,0,Morelia,Jardines de Torremolinos,febrero,viernes,3,-101.225749477744,19.6768476104948
44000,44006,2023,,2023/02/03,"07:16:00",COLISIÓN POR CORTE DE CIRCULACIÓN,ASFALTO,Bueno,Bueno,2,DODGE,GRIS,2,,,MASCULINO,SIN DATOS,0,0,Charo,Sin datos,febrero,viernes,7,-101.072740182281,19.6826500391009
44001,44007,2023,MOR230069555,2023/02/03,"08:30:00",COLISIÓN POR CORTE DE CIRCULACIÓN,CONCRETO,Bueno,Bueno,2,ITALIKA,AZUL Y NEGRO,2,,21,,SIN DATOS,0,0,Morelia,Primaveras,febrero,viernes,9,-101.225753501058,19.6813977046404
44002,44008,2023,,2023/02/03,11:00:00,COLISIÓN POR CORTE DE CIRCULACIÓN,ASFALTO,Bueno,Bueno,1,NISSAN,BLANCO,0,MINISTERIO PÚBLICO,,,,0,0,Lázaro Cárdenas,Lucio Cabañas,febrero,viernes,11,-102.223810851574,17.9800626054098
44003,44009,2023,MOR230070291,2023/02/03,15:20:00,COLISIÓN POR NO RESPETAR SEMÁFORO,ASFALTO,Bueno,Bueno,2,CHEVROLET,BLANCO,3,MINISTERIO PÚBLICO,28,MASCULINO,SIN DATOS,1,0,Morelia,Primo Tapia Oriente,febrero,viernes,15,-101.158553101122,19.7134540036609
44004,44010,2023,LEG47017,2023/02/03,16:00:00,COLISIÓN POR CAMBIO DE CARRIL,ASFALTO,Bueno,Bueno,2,TOYOTA,BLANCO Y ROSA,2,,29,MASCULINO,SIN DATOS,0,0,Morelia,Gertrudis Sanchez,febrero,viernes,16,-101.205025389791,19.7431563890438
44005,44011,2023,,2023/02/03,17:38:00,COLISIÓN POR CAMBIO DE CARRIL,ASFALTO,Bueno,Bueno,2,HONDA,NEGRO,2,,28,MASCULINO,SIN DATOS,0,0,Morelia,Rinconada del Valle,febrero,viernes,18,-101.217614337802,19.680550076693
44006,44012,2023,,2023/02/03,17:40:00,COLISIÓN POR CORTE DE CIRCULACIÓN,ASFALTO,Bueno,Regular,2,NAVISTAR INTERNACIONAL,AMARILLO/GUINDA,2,,,MASCULINO,SIN DATOS,0,0,Morelia,Primo Tapia Oriente,febrero,viernes,18,-101.160289496183,19.712608439237
44007,44013,2023,MOR230----,2023/02/03,18:00:00,COLISIÓN POR CAMBIO DE CARRIL,ASFALTO,Bueno,Regular,2,MERCEDES BENZ,BLANCO,2,,22,MASCULINO,SIN DATOS,0,0,Morelia,Las Americas,febrero,viernes,18,-101.152156367898,19.6884655158816
44008,44014,2023,,2023/02/03,19:05:00,COLISIÓN POR ALCANCE,ASFALTO,Bueno,Bueno,2,TOYOTA,PLATA,2,,46,FEMENINO,SIN DATOS,0,0,Morelia,Hermanos Lopez Rayon,febrero,viernes,19,-101.220245920122,19.6753044700582
44009,44015,2023,MOR 230071079,2023/02/03,22:50:00,COLISIÓN CONTRA OBJETO FIJO,ASFALTO,Bueno,Bueno,1,NISSAN,BLANCO,1,MINISTERIO PÚBLICO,,,,0,1,Morelia,Sin datos,febrero,viernes,23,-101.11942704767,19.7307133980477
44010,44016,2023,MOR230071341,2023/02/04,"04:40:00",COLISIÓN CONTRA OBJETO FIJO,ASFALTO,Bueno,Bueno,1,VOLKSWAGEN,ROJO,1,,29,MASCULINO,SIN DATOS,0,0,Morelia,La Soledad,febrero,sábado,5,-101.183318942785,19.7280210602815
44011,44017,2023,,2023/02/04,"09:00:00",COLISIÓN POR CAMBIO DE CARRIL,ASFALTO,Bueno,Bueno,2,KENWORTH,BLANCO,2,,55,MASCULINO,SIN DATOS,0,0,Morelia,Rafael Carrillo,febrero,sábado,9,-101.236438751221,19.7077994630051
44012,44018,2023,,2023/02/04,11:00:00,COLISIÓN POR ALCANCE,ASFALTO,Bueno,Bueno,3,AUDI,NEGRO,3,,40,FEMENINO,SIN DATOS,0,0,Morelia,Trinidad Salgado,febrero,sábado,11,-101.231395862997,19.7031140756448
44013,44019,2023,,2023/02/04,11:00:00,COLISIÓN CONTRA OBJETO FIJO,ASFALTO,Bueno,Bueno,2,MAZDA,VINO,1,,18,MASCULINO,SIN DATOS,0,0,Morelia,Chapultepec Sur,febrero,sábado,11,-101.177052296698,19.6919751558906
44014,44020,2023,,2023/02/04,13:52:00,COLISIÓN POR CORTE DE CIRCULACIÓN,ASFALTO,Bueno,Bueno,2,FREIGHTLINER,BLANCO,2,,,MASCULINO,SIN DATOS,0,0,Morelia,Lomas de Hidalgo,febrero,sábado,14,-101.158625856042,19.6967770319389
44015,44021,2023,,2023/02/04,14:50:00,CAIDA DE MOTOCICLETA,ASFALTO,Bueno,Bueno,1,SUZUKI,AZUL/NEGRO,3,,29,MASCULINO,SIN DATOS,2,0,Morelia,Elias Perez Avalos,febrero,sábado,15,-101.165496334434,19.7104400621056
44016,44022,2023,,2023/02/04,15:15:00,COLISIÓN POR MANIOBRA DE REVERSA,CONCRETO,Bueno,Bueno,2,RENAULT,ARENA,2,,29,FEMENINO,SIN DATOS,0,0,Morelia,Felicitas del Rio,febrero,sábado,15,-101.200316101313,19.6919915706478
44017,44023,2023,,2023/02/04,15:20:00,COLISIÓN POR CAMBIO DE CARRIL,CONCRETO,Bueno,Bueno,2,KIA,GRIS,2,,,MASCULINO,SIN DATOS,0,0,Morelia,Gustavo Diaz Ordaz,febrero,sábado,15,-101.205859221518,19.6914552491516
44018,44024,2023,,2023/02/04,20:45:00,COLISIÓN POR INVASIÓN DE CARRIL,ASFALTO,Bueno,Bueno,3,DODGE,GRIS,3,,37,MASCULINO,SIN DATOS,0,0,Morelia,Sin datos,febrero,sábado,21,-101.278620511293,19.6438291199025
44019,44025,2023,,2023/02/04,23:00:00,SALIDA DE SUPERFICIE DE RODAMIENTO,ASFALTO,Bueno,Bueno,1,FORD,PLATA,1,,,MASCULINO,SIN DATOS,0,0,Peribán,Sin datos,febrero,sábado,23,-102.447393424809,19.555290939869
44020,44026,2023,,2023/02/05,"00:50:00",COLISIÓN POR CORTE DE CIRCULACIÓN,ASFALTO,Bueno,Bueno,2,DODGE,GRIS,2,MINISTERIO PÚBLICO,,MASCULINO,SIN DATOS,0,0,Morelia,Lomas de Santiaguito,febrero,domingo,1,-101.17922924459,19.7206687367543
44021,44027,2023,,2023/02/05,"01:20:00",COLISIÓN POR CORTE DE CIRCULACIÓN,ASFALTO,Bueno,Bueno,2,NISSAN,ROJO,2,,28,MASCULINO,SIN DATOS,0,0,Morelia,El Lago 1,febrero,domingo,1,-101.219277977943,19.7275994217504
44022,44028,2023,,2023/02/05,"06:00:00",COLISIÓN POR INVASIÓN DE CARRIL,ASFALTO,Bueno,Bueno,2,CHEVROLET,BLANCO,0,MINISTERIO PÚBLICO,,,,0,0,Hidalgo,Corros,febrero,domingo,6,-100.555630400777,19.7071792346852
44023,44029,2023,,2023/02/05,"07:58:00",COLISIÓN POR CORTE DE CIRCULACIÓN,ASFALTO,Bueno,Bueno,1,VOLKSWAGEN,VERDE,1,MINISTERIO PÚBLICO,,,SIN DATOS,0,0,Morelia,Sin datos,febrero,domingo,8,-101.278611123562,19.6438127002129
44024,44030,2023,,2023/02/05,13:00:00,COLISIÓN POR NO RESPETAR SEMÁFORO,ASFALTO,Bueno,Bueno,2,HONDA,PLATA,2,,69,FEMENINO,SIN DATOS,0,0,Morelia,Comision Federal de Electricidad,febrero,domingo,13,-101.17881115526,19.6815385019954
44025,44031,2023,LEG47038,2023/02/05,14:30:00,COLISIÓN POR CORTE DE CIRCULACIÓN,ASFALTO,Bueno,Bueno,2,HARLEY DAVIDSON,NEGRO,2,MINISTERIO PÚBLICO,42,MASCULINO,SIN DATOS,0,0,Morelia,Ciudad Industrial,febrero,domingo,15,-101.142893359065,19.7249887727801
44026,44032,2023,MOR230074401,2023/02/05,14:45:00,COLISIÓN POR ALCANCE,CONCRETO,Bueno,Bueno,2,CHEVROLET,GRIS,4,MINISTERIO PÚBLICO,,,SIN DATOS,2,0,Morelia,Villas Oriente,febrero,domingo,15,-101.146520376205,19.7592277420093
44027,44033,2023,LEG47039,2023/02/05,16:05:00,COLISIÓN POR ALCANCE,ASFALTO,Bueno,Bueno,2,MERCEDES BENZ,BLANCO,2,MINISTERIO PÚBLICO,,,SIN DATOS,0,0,Morelia,San Pascual,febrero,domingo,16,-101.26445107162,19.6961100431775
44028,44034,2023,,2023/02/05,16:35:00,COLISIÓN POR MANIOBRA DE REVERSA,ASFALTO,Bueno,Bueno,2,TOYOTA,PLATA,2,,69,MASCULINO,SIN DATOS,0,0,Morelia,Chapultepec Oriente,febrero,domingo,17,-101.159385591745,19.6899611786761
44029,44035,2023,,2023/02/05,17:07:00,CAIDA DE MOTOCICLETA,ASFALTO,Bueno,Bueno,1,ITALIKA,BLANCO,1,,25,MASCULINO,SIN DATOS,0,0,Morelia,Justo Mendoza,febrero,domingo,17,-101.229108273983,19.7147288121956
44030,44036,2023,"1206300",2023/02/05,23:30:00,COLISIÓN POR CORTE DE CIRCULACIÓN,ASFALTO,Bueno,Bueno,2,MERCEDES BENZ,BLANCO,2,MINISTERIO PÚBLICO,,MASCULINO,SIN DATOS,0,0,Uruapan,Sin datos,febrero,domingo,0,-101.995883534004,19.3979539482677
44031,44037,2023,,2023/02/06,"07:00:00",COLISIÓN CONTRA OBJETO FIJO,SIN_DATOS,Bueno,Bueno,1,DATSUN,AMARILLO,1,,65,MASCULINO,SIN DATOS,0,0,Morelia,Lomas de Morelia (Dr Ignacio Chavez),febrero,lunes,7,-101.176099865,19.7164777599992
44032,44038,2023,,2023/02/06,"07:00:00",COLISIÓN POR ALCANCE,ASFALTO,Bueno,Bueno,2,HONDA,NEGRO,0,MINISTERIO PÚBLICO,,,,0,0,Lázaro Cárdenas,600 Casas,febrero,lunes,7,-102.216406613588,17.9653373027735
44033,44039,2023,,2023/02/06,"08:20:00",COLISIÓN CONTRA OBJETO FIJO,CONCRETO,Bueno,Bueno,2,JEEP,GUINDA,2,MINISTERIO PÚBLICO,68,FEMENINO,SIN DATOS,0,0,Morelia,Prados Verdes,febrero,lunes,8,-101.20337994,19.7184838549991
44034,44040,2023,,2023/02/06,10:00:00,COLISIÓN CONTRA OBJETO FIJO,ASFALTO,Bueno,Bueno,1,Ford,roja,0,,,,,0,0,Morelia,Rincon de La Montaña,febrero,lunes,10,-101.159448623657,19.6570565287012
44036,44042,2023,,2023/02/06,10:30:00,COLISIÓN CON PEATÓN,ASFALTO,Bueno,Bueno,1,NISSAN,BLANCO,1,MINISTERIO PÚBLICO,,,,1,0,Lázaro Cárdenas,Lomas del Rio (Unidad 512 5To Sector),febrero,lunes,11,-102.222692035139,17.9705539501332
44038,44044,2023,,2023/02/06,16:00:00,COLISIÓN POR ALCANCE,ASFALTO,Bueno,Bueno,2,NISSAN,BLANCO,2,,46,FEMENINO,SIN DATOS,0,0,Morelia,Bello Horizonte,febrero,lunes,16,-101.238627433777,19.6848592001435
44039,44045,2023,,2023/02/06,16:30:00,COLISIÓN POR MANIOBRA DE REVERSA,CONCRETO,Bueno,Bueno,2,VOLKSWAGEN,BLANCO,2,,20,MASCULINO,SIN DATOS,0,0,Morelia,Central de Abastos,febrero,lunes,17,-101.17151733,19.7170050849996
44040,44046,2023,,2023/02/06,17:18:00,COLISIÓN POR CORTE DE CIRCULACIÓN,ASFALTO,Bueno,Bueno,2,CHEVROLET,GRIS,2,,,MASCULINO,SIN DATOS,0,0,Morelia,Camelinas,febrero,lunes,17,-101.17262119,19.6818144849991
44042,44048,2023,,2023/02/06,20:00:00,COLISIÓN POR ALCANCE,ASFALTO,Bueno,Bueno,2,DODGE,BLANCO,2,,28,MASCULINO,SIN DATOS,0,0,Morelia,Insurgentes,febrero,lunes,20,-101.154540928257,19.6969391869908
44043,44049,2023,,2023/02/06,20:30:00,COLISIÓN POR ALCANCE,ASFALTO,Bueno,Bueno,2,NISSAN,BLANCO Y ROJO,2,,58,MASCULINO,SIN DATOS,0,0,Morelia,Lomas de San Juan,febrero,lunes,21,-101.183039681886,19.7298664251429
44044,44050,2023,,2023/02/06,22:30:00,COLISIÓN POR CORTE DE CIRCULACIÓN,ASFALTO,Bueno,Bueno,2,VOLKSWAGEN,AZUL,2,MINISTERIO PÚBLICO,27,MASCULINO,SIN DATOS,0,0,Lagunillas,Sin datos,febrero,lunes,23,-101.429901458323,19.5993663441192
44045,44051,2023,,2023/02/07,"06:00:00",COLISIÓN POR NO RESPETAR SEMÁFORO,CONCRETO,Bueno,Bueno,2,CHEVROLET,GRIS,2,MINISTERIO PÚBLICO,,MASCULINO,SIN DATOS,0,0,Morelia,Gral Gertrudis Sanchez,febrero,martes,6,-101.2094753,19.7439916449991
44046,44052,2023,,2023/02/07,10:35:00,COLISIÓN CON PEATÓN,SIN_DATOS,Bueno,Bueno,2,NISSAN,NEGRO,2,,48,MASCULINO,SIN DATOS,0,0,Morelia,Villa Universidad,febrero,martes,11,-101.20959864,19.6918456199992
44048,44054,2023,MOR230078484,2023/02/07,11:40:00,COLISIÓN POR CAMBIO DE CARRIL,ASFALTO,Bueno,Bueno,2,VOLKSWAGEN,BLANCO,2,MINISTERIO PÚBLICO,38,MASCULINO,SIN DATOS,0,0,Morelia,Lomas de Santa Maria,febrero,martes,12,-101.178397424519,19.67479650589
44049,44055,2023,,2023/02/07,11:55:00,COLISIÓN POR CORTE DE CIRCULACIÓN,ASFALTO,Bueno,Bueno,3,HONDA,BLANCO,3,,32,MASCULINO,SIN DATOS,0,0,Morelia,La Loma,febrero,martes,12,-101.183393709362,19.6812240754447
44050,44056,2023,,2023/02/07,13:31:00,COLISIÓN POR CORTE DE CIRCULACIÓN,ASFALTO,Bueno,Bueno,2,VOLKSWAGEN,ROJO,0,MINISTERIO PÚBLICO,,,,0,0,Hidalgo,Corros,febrero,martes,14,-100.555595867336,19.7071842849
44051,44057,2023,,2023/02/07,13:35:00,COLISIÓN POR ALCANCE,ASFALTO,Bueno,Bueno,1,CHEVROLET,PLATA,1,,64,FEMENINO,SIN DATOS,0,0,Morelia,Club Campestre La Huerta,febrero,martes,14,-101.233784399272,19.6694650225437
44052,44058,2023,,2023/02/07,14:00:00,COLISIÓN POR CORTE DE CIRCULACIÓN,ASFALTO,Bueno,Bueno,2,MERCEDES BENZ,VERDE,2,,25,MASCULINO,SIN DATOS,0,0,Morelia,Lomas de San Juan,febrero,martes,14,-101.183039681886,19.7298664251429
44053,44059,2023,,2023/02/07,16:20:00,COLISIÓN POR ALCANCE,ASFALTO,Bueno,Bueno,2,HONDA,GRIS,2,,60,MASCULINO,SIN DATOS,0,0,Morelia,Villas del Pedregal,febrero,martes,16,-101.304507516325,19.6876075079978
44054,44060,2023,,2023/02/07,16:30:00,COLISIÓN POR CAMBIO DE CARRIL,ASFALTO,Bueno,Bueno,2,CHEVROLET,BLANCO,2,,52,FEMENINO,SIN DATOS,0,0,Morelia,Centro,febrero,martes,17,-101.188596983302,19.6971317447776
44055,44061,2023,,2023/02/07,17:10:00,COLISIÓN POR ALCANCE,ASFALTO,Bueno,Bueno,3,DODGE,ROJO,3,,34,FEMENINO,SIN DATOS,0,0,Morelia,Felix Ireta,febrero,martes,17,-101.190105135,19.6853188699992