fid,id_accidente,anio_origen,folio_c5i,dia_incidente,hora_ocurrencia,tipo_incidente_vial,superficie_ocurrencia,condiciones_climaticas,condiciones_via,numero_vehiculos_involucrados,marca_vehiculo_ocasiona_siniestro,color_vehiculo_ocasiona_siniestro,numero_personas_involucradas,lugar_remite_presunto_responsable,edad_presunto_responsable,sexo_presunto_responsable,resultados_toxicologia,numero_personas_lesionadas,numero_personas_fallecidas,municipio,colonia,mes,dia_semana,hora_redondeada,lon,lat
44056,44062,2023,,2023/02/07,19:21:00,COLISIÓN POR ALCANCE,ASFALTO,Bueno,Bueno,4,TOYOTA,GRIS,4,,60,FEMENINO,SIN DATOS,0,0,Morelia,Vasco de Quiroga,febrero,martes,19,-101.172714125,19.7032647549991
44057,44063,2023,,2023/02/07,19:30:00,COLISIÓN POR ALCANCE,ASFALTO,Bueno,Bueno,2,VOLKSWAGEN,ROJO,2,,28,MASCULINO,SIN DATOS,0,0,Morelia,Elias Perez Avalos,febrero,martes,20,-101.171451844275,19.7147234465955
44059,44065,2023,,2023/02/08,"08:20:00",COLISIÓN POR ALCANCE,ASFALTO,Bueno,Bueno,2,NISSAN,BLANCO,2,,40,MASCULINO,SIN DATOS,0,0,Morelia,Alfonso Garcia Robles,febrero,miércoles,8,-101.183094056834,19.7185941431338
44060,44066,2023,,2023/02/08,"08:30:00",COLISIÓN CONTRA OBJETO FIJO,ASFALTO,Bueno,Bueno,1,CHEVROLET,ROJO,1,,30,MASCULINO,SIN DATOS,0,0,Morelia,Ana Maria Gallaga (Riviera Norte),febrero,miércoles,9,-101.22460476,19.6777109999991
44063,44069,2023,,2023/02/08,11:30:00,COLISIÓN POR CORTE DE CIRCULACIÓN,ASFALTO,Bueno,Bueno,2,SEAT,NEGRO,1,,71,,SIN DATOS,0,0,Lázaro Cárdenas,Sin datos,febrero,miércoles,12,-102.224082089961,17.9816890010661
44064,44070,2023,,2023/02/08,13:00:00,COLISIÓN POR CORTE DE CIRCULACIÓN,ASFALTO,Bueno,Bueno,2,SUZUKI,NEGRO,2,,37,MASCULINO,SIN DATOS,0,0,Tarímbaro,Sin datos,febrero,miércoles,13,-101.16548,19.831037
44065,44071,2023,,2023/02/08,13:00:00,COLISIÓN POR ALCANCE,ASFALTO,Bueno,Bueno,2,CHEVROLET,BLANCO,2,MINISTERIO PÚBLICO,32,FEMENINO,SIN DATOS,0,0,Pátzcuaro,Centro,febrero,miércoles,13,-101.60933252424,19.5425057250652
44066,44072,2023,,2023/02/08,14:35:00,COLISIÓN POR CAMBIO DE CARRIL,ASFALTO,Bueno,Bueno,2,FORD,NARANJA,2,,33,MASCULINO,SIN DATOS,0,0,Morelia,Camelinas,febrero,miércoles,15,-101.174310415,19.6807072799992
44068,44074,2023,,2023/02/08,15:00:00,COLISIÓN POR CAMBIO DE CARRIL,CONCRETO,Bueno,Bueno,2,FORD,BLANCO,2,,,MASCULINO,SIN DATOS,0,0,Morelia,Ferrocarrilero,febrero,miércoles,15,-101.223609235,19.6918737849991
44069,44075,2023,,2023/02/08,15:05:00,COLISIÓN POR ALCANCE,ASFALTO,Bueno,Bueno,4,NISSAN,BLANCO,4,,43,MASCULINO,SIN DATOS,0,0,Morelia,La Floresta,febrero,miércoles,15,-101.150495929978,19.6841052995759
44071,44077,2023,,2023/02/08,16:40:00,COLISIÓN POR ALCANCE,ASFALTO,Bueno,Bueno,2,VOLKSWAGEN,GRIS,2,,,FEMENINO,SIN DATOS,0,0,Morelia,Adolfo Lopez Mateos,febrero,miércoles,17,-101.228369745,19.6980963249992
44073,44079,2023,,2023/02/08,17:45:00,COLISIÓN CONTRA OBJETO FIJO,ASFALTO,Bueno,Bueno,1,INTERNACIONAL,BLANCO,1,MINISTERIO PÚBLICO,,MASCULINO,SIN DATOS,0,0,Lázaro Cárdenas,Centro,febrero,miércoles,18,-102.194251823513,17.9526243290106
44075,44081,2023,,2023/02/08,19:20:00,COLISIÓN POR CORTE DE CIRCULACIÓN,ASFALTO,Bueno,Bueno,2,NISSAN,BLANCO,2,,31,MASCULINO,SIN DATOS,0,0,Morelia,Centro,febrero,miércoles,19,-101.18754847,19.7028479949991
44076,44082,2023,,2023/02/08,20:20:00,COLISIÓN POR CORTE DE CIRCULACIÓN,CONCRETO,Bueno,Bueno,2,CHEVROLET,GRIS,2,,35,MASCULINO,SIN DATOS,0,0,Morelia,Gral Gertrudis Sanchez,febrero,miércoles,20,-101.2094753,19.7439916449991
44077,44083,2023,,2023/02/08,21:00:00,COLISIÓN POR CORTE DE CIRCULACIÓN,CONCRETO,Bueno,Bueno,2,NISSAN,BLANCO CREMA,2,,29,MASCULINO,SIN DATOS,0,0,Morelia,Ignacio Zaragoza,febrero,miércoles,21,-101.204222336317,19.723849518802
44079,44085,2023,,2023/02/09,"00:00:00",COLISIÓN POR ALCANCE,ASFALTO,Bueno,Bueno,2,MAZDA,BLANCO,2,,56,MASCULINO,SIN DATOS,0,0,Morelia,Lazaro Cardenas,febrero,jueves,0,-101.160766929388,19.7099782918247
44080,44086,2023,LEG47094,2023/02/09,"07:30:00",COLISIÓN POR CORTE DE CIRCULACIÓN,ASFALTO,Bueno,Bueno,2,ITALIKA,NEGRO/AZUL,2,,23,MASCULINO,SIN DATOS,0,0,Morelia,Sentimientos de La Nacion,febrero,jueves,8,-101.235284395516,19.6811899809624
44081,44087,2023,MOR230082276,2023/02/09,"08:15:00",COLISIÓN POR CAMBIO DE CARRIL,CONCRETO,Bueno,Bueno,2,MERCEDES BENZ,BLANCO/NARANJA,2,,26,MASCULINO,SIN DATOS,0,0,Morelia,La Colina,febrero,jueves,8,-101.216170974076,19.7038179656902
44082,44088,2023,,2023/02/09,"08:50:00",COLISIÓN POR CORTE DE CIRCULACIÓN,ASFALTO,Bueno,Bueno,1,HONDA,PLATA,1,,,MASCULINO,SIN DATOS,0,0,Morelia,Justo Mendoza,febrero,jueves,9,-101.231140382588,19.71448736001
44083,44089,2023,MOR230082452,2023/02/09,10:20:00,COLISIÓN POR ALCANCE,ASFALTO,Bueno,Bueno,2,CHEVROLET,CAFE,2,MINISTERIO PÚBLICO,71,MASCULINO,SIN DATOS,0,0,Morelia,Sentimientos de La Nacion,febrero,jueves,10,-101.231884360313,19.6777170410937
44084,44090,2023,,2023/02/09,11:06:00,COLISIÓN CON PEATÓN,ASFALTO,Bueno,Bueno,1,FORD,NEGRO,2,,41,MASCULINO,SIN DATOS,1,0,Morelia,Felix Ireta,febrero,jueves,11,-101.195734553039,19.6815277685691
44085,44091,2023,,2023/02/09,13:00:00,COLISIÓN POR CAMBIO DE CARRIL,ASFALTO,Bueno,Bueno,2,VOLKSWAGEN,BLANCO,2,,26,MASCULINO,SIN DATOS,0,0,Morelia,Ignacio Zaragoza,febrero,jueves,13,-101.204317286611,19.7253917976549
44086,44092,2023,,2023/02/09,13:30:00,COLISIÓN POR CAMBIO DE CARRIL,ASFALTO,Bueno,Bueno,2,INTERNATIONAL,BLANCO Y AZUL,2,,38,MASCULINO,SIN DATOS,0,0,Morelia,Morelos,febrero,jueves,14,-101.20613347739,19.6990339775521
44087,44093,2023,,2023/02/09,13:50:00,COLISIÓN POR ALCANCE,ASFALTO,Bueno,Bueno,2,CHRYSLER,BLANCO,2,,31,MASCULINO,SIN DATOS,0,0,Morelia,El Lago 2,febrero,jueves,14,-101.214487887919,19.7265696217683
44088,44094,2023,,2023/02/09,16:30:00,COLISIÓN POR CORTE DE CIRCULACIÓN,CONCRETO,Bueno,Bueno,2,NISSAN,BLANCO,2,,42,MASCULINO,SIN DATOS,0,0,Morelia,Leon Guzman,febrero,jueves,17,-101.204752810299,19.7275946877785
44089,44095,2023,LEG47106,2023/02/09,17:50:00,COLISIÓN POR CAMBIO DE CARRIL,ASFALTO,Bueno,Bueno,2,INTERNATIONAL,BLANCO,2,,45,MASCULINO,SIN DATOS,0,0,Morelia,Enrique Arreguin Robles,febrero,jueves,18,-101.188148930669,19.7214413525899
44090,44096,2023,MOR230083489,2023/02/09,18:29:00,CAIDA DE MOTOCICLETA,ASFALTO,Bueno,Bueno,1,ITALIKA,AZUL,1,,19,FEMENINO,SIN DATOS,0,0,Morelia,Hacienda Corralejo,febrero,jueves,18,-101.221199445426,19.6968755175025
44091,44097,2023,MOR 230083595,2023/02/09,19:30:00,COLISIÓN POR MANIOBRA DE REVERSA,ASFALTO,Bueno,Regular,2,BUICK,NEGRO,2,,53,MASCULINO,SIN DATOS,0,0,Morelia,Isaac Arriaga,febrero,jueves,20,-101.169497519732,19.7088094988877
44092,44098,2023,,2023/02/09,19:30:00,COLISIÓN POR MANIOBRA DE REVERSA,ASFALTO,Bueno,Bueno,2,Buick,Negro,2,,53,MASCULINO,SIN DATOS,0,0,Morelia,Isaac Arriaga,febrero,jueves,20,-101.168487332761,19.7095493461246
44093,44099,2023,,2023/02/10,"00:00:00",COLISIÓN POR ALCANCE,ASFALTO,Bueno,Bueno,2,ITALIKA,AZUL Y NEGRO,2,,28,MASCULINO,SIN DATOS,0,0,Morelia,Jardines del Rincon,febrero,viernes,0,-101.153406947851,19.6873480212644
44094,44100,2023,,2023/02/10,"08:17:00",COLISIÓN POR CORTE DE CIRCULACIÓN,ASFALTO,Bueno,Bueno,2,NISSAN,AZUL,2,,,FEMENINO,SIN DATOS,0,0,Morelia,Gertrudis Sanchez,febrero,viernes,8,-101.199650242925,19.7402121182465
44095,44101,2023,,2023/02/10,"09:00:00",COLISIÓN POR CORTE DE CIRCULACIÓN,ASFALTO,Bueno,Bueno,2,INTERNACIONAL,BLANCO,3,MINISTERIO PÚBLICO,58,MASCULINO,SIN DATOS,1,0,Lázaro Cárdenas,Jose Green,febrero,viernes,9,-102.202654257417,17.9674100112679
44096,44102,2023,,2023/02/10,13:00:00,COLISIÓN POR CORTE DE CIRCULACIÓN,ASFALTO,Bueno,Bueno,2,INTERNACIONAL,BLANCO,2,,18,MASCULINO,SIN DATOS,0,0,Morelia,Mariano Michelena,febrero,viernes,13,-101.230036318302,19.6769265350358
44097,44103,2023,,2023/02/10,15:35:00,COLISIÓN POR CAMBIO DE CARRIL,ASFALTO,Bueno,Bueno,2,FORD,BLANCO CON ROJO,2,,45,MASCULINO,SIN DATOS,0,0,Morelia,Dr Miguel Silva,febrero,viernes,16,-101.178455427289,19.7197398885083
44098,44104,2023,,2023/02/10,17:25:00,COLISIÓN POR ALCANCE,ASFALTO,Bueno,Bueno,2,VOLKSWAGEN,PLATA,2,,62,FEMENINO,SIN DATOS,0,0,Morelia,Chapultepec Norte,febrero,viernes,17,-101.1645193398,19.6959165433149
44099,44105,2023,,2023/02/10,18:20:00,COLISIÓN CONTRA OBJETO FIJO,ASFALTO,Bueno,Bueno,3,FORD,GRIS,3,,54,MASCULINO,SIN DATOS,0,0,Morelia,Independencia,febrero,viernes,18,-101.177951842546,19.7129341667114
44100,44106,2023,,2023/02/10,19:05:00,COLISIÓN POR CORTE DE CIRCULACIÓN,CONCRETO,Bueno,Bueno,2,FORD,NEGRO,2,,63,MASCULINO,SIN DATOS,0,0,Morelia,Primaveras,febrero,viernes,19,-101.225683093071,19.6820167701134
44101,44107,2023,,2023/02/10,20:19:00,COLISIÓN POR CAMBIO DE CARRIL,ASFALTO,Bueno,Bueno,2,VOLKSWAGEN,ROJO,2,,,MASCULINO,SIN DATOS,0,0,Morelia,Mariano Escobedo,febrero,viernes,20,-101.208336241543,19.7222938136859
44102,44108,2023,LEG47119,2023/02/10,23:04:00,COLISIÓN POR CORTE DE CIRCULACIÓN,ASFALTO,Bueno,Bueno,2,NISSAN,ARENA,2,,33,MASCULINO,SIN DATOS,0,0,Morelia,Villas del Real,febrero,viernes,23,-101.1987278983,19.7347930033242
44103,44109,2023,,2023/02/11,"00:10:00",COLISIÓN POR INVASIÓN DE CARRIL,ASFALTO,Bueno,Bueno,2,ACURA,GRIS,2,MINISTERIO PÚBLICO,,MASCULINO,SIN DATOS,0,0,Morelia,Ciudad Industrial,febrero,sábado,0,-101.143123358488,19.725127006955
44104,44110,2023,,2023/02/11,11:00:00,COLISIÓN CONTRA OBJETO FIJO,ASFALTO,Bueno,Bueno,1,FORD,NEGRO,0,,,,,0,0,Lázaro Cárdenas,600 Casas,febrero,sábado,11,-102.217212617397,17.9668059654804
44105,44111,2023,,2023/02/11,11:08:00,COLISIÓN POR CAMBIO DE CARRIL,ASFALTO,Bueno,Bueno,2,CHEVROLET,GRIS,2,,32,MASCULINO,SIN DATOS,0,0,Morelia,Vicente Guerrero,febrero,sábado,11,-101.229652091861,19.7035282032573
44106,44112,2023,,2023/02/11,13:50:00,SALIDA DE SUPERFICIE DE RODAMIENTO,ASFALTO,Nublado,Bueno,1,VOLSKWAGEN,ROJO,2,MINISTERIO PÚBLICO,46,MASCULINO,SIN DATOS,1,0,Charo,Sin datos,febrero,sábado,14,-101.079730354249,19.6867248725741
44107,44113,2023,MOR230087492,2023/02/11,14:15:00,COLISIÓN POR CORTE DE CIRCULACIÓN,ASFALTO,Bueno,Bueno,2,NISSAN,NEGRO,2,,26,MASCULINO,SIN DATOS,0,0,Morelia,Prados Verdes,febrero,sábado,14,-101.200817339122,19.717397071285
44108,44114,2023,,2023/02/11,14:20:00,COLISIÓN POR CAMBIO DE CARRIL,CONCRETO,Bueno,Bueno,2,FREIGHTLINER,BLANCO,2,,41,MASCULINO,SIN DATOS,0,0,Morelia,La Esperanza,febrero,sábado,14,-101.155294887722,19.6993739370911
44109,44115,2023,,2023/02/11,18:36:00,COLISIÓN POR CORTE DE CIRCULACIÓN,ASFALTO,Bueno,Bueno,2,NISSAN,ACERO,2,,70,MASCULINO,SIN DATOS,0,0,Morelia,Tres Puentes,febrero,sábado,19,-101.213717088103,19.7026589128098
44110,44116,2023,,2023/02/11,21:40:00,VOLCADURA,ASFALTO,Bueno,Bueno,1,FORD,ROJO,1,,,,SIN DATOS,0,0,Morelia,Sin datos,febrero,sábado,22,-101.434007585049,19.7800350103565
44111,44117,2023,,2023/02/11,23:20:00,COLISIÓN POR ALCANCE,CONCRETO,Bueno,Bueno,2,VOLKSWAGEN,BLANCO,2,,28,MASCULINO,SIN DATOS,0,0,Morelia,Morelia 450,febrero,sábado,23,-101.21655151248,19.675428224913
44112,44118,2023,LEG47128,2023/02/12,"00:05:00",COLISIÓN POR INVASIÓN DE CARRIL,ASFALTO,Bueno,Bueno,1,ITALIKA,AMARILLO Y NEGRO,1,MINISTERIO PÚBLICO,17,MASCULINO,SIN DATOS,0,0,Morelia,Loma Bonita,febrero,domingo,0,-101.19626654,19.7199183999992
44113,44119,2023,MOR230088868,2023/02/12,"01:40:00",COLISIÓN POR CAMBIO DE CARRIL,ASFALTO,Bueno,Regular,2,CHEVROLET,ROJO,2,,36,MASCULINO,SIN DATOS,0,0,Morelia,Santillan La Huerta,febrero,domingo,2,-101.219553885717,19.6760966650679
44114,44120,2023,LEG47129,2023/02/12,"02:45:00",COLISIÓN POR ALCANCE,ASFALTO,Bueno,Bueno,2,DINAMO,AMARILLO Y AZUL,2,,31,MASCULINO,SIN DATOS,0,0,Morelia,Centro,febrero,domingo,3,-101.18754847,19.7028479949991
44117,44123,2023,,2023/02/12,16:30:00,COLISIÓN CONTRA OBJETO FIJO,ASFALTO,Bueno,Bueno,1,SEAT,VERDE,1,MINISTERIO PÚBLICO,27,MASCULINO,SIN DATOS,0,0,Morelia,Ana Maria Gallaga (Riviera Norte),febrero,domingo,17,-101.22460476,19.6777109999991
44119,44125,2023,SIN NUEMRO,2023/02/12,17:20:00,COLISIÓN CON PEATÓN,SIN_DATOS,Bueno,Bueno,1,CHEVROLET,BLANCO,0,MINISTERIO PÚBLICO,,,,0,0,Lázaro Cárdenas,El Palmar 77,febrero,domingo,17,-102.21434533596,17.9755905779244
44120,44126,2023,,2023/02/12,18:04:00,COLISIÓN POR CORTE DE CIRCULACIÓN,ASFALTO,Bueno,Bueno,2,NISSAN,NEGRO,2,,40,MASCULINO,ALIENTO ETÍLICO,0,0,Morelia,Camelinas,febrero,domingo,18,-101.17262119,19.6818144849991
44123,44129,2023,,2023/02/12,20:30:00,COLISIÓN POR ALCANCE,ASFALTO,Bueno,Bueno,2,CHEVROLET,BLANCO Y NEGRO,0,,,,,0,0,Morelia,Vicente Lombardo Toledano (Ejidal Isacc Arriaga) (Etnias de Mexico),febrero,domingo,21,-101.148963285,19.7114250249991
44125,44131,2023,,2023/02/13,"08:40:00",COLISIÓN POR ALCANCE,ASFALTO,Bueno,Bueno,2,NISSAN,CAPUCCHINO,2,,38,MASCULINO,SIN DATOS,0,0,Charo,La Goleta,febrero,lunes,9,-101.079649,19.738254
44126,44132,2023,,2023/02/13,10:00:00,COLISIÓN POR CORTE DE CIRCULACIÓN,ASFALTO,Bueno,Bueno,2,NISSAN,NEGRO,2,,20,FEMENINO,SIN DATOS,0,0,Morelia,Del Empleado,febrero,lunes,10,-101.178082775624,19.6887510019986
44127,44133,2023,,2023/02/13,10:14:00,COLISIÓN POR ALCANCE,ASFALTO,Bueno,Bueno,2,TOYOTA,NEGRA,2,MINISTERIO PÚBLICO,51,MASCULINO,SIN DATOS,0,0,Morelia,El Eden,febrero,lunes,10,-101.254533742186,19.6458726207089
44128,44134,2023,,2023/02/13,11:20:00,COLISIÓN POR CAMBIO DE CARRIL,ASFALTO,Bueno,Bueno,2,DINA,BLANCO,2,,22,MASCULINO,SIN DATOS,0,0,Morelia,Lomas de San Juan,febrero,lunes,11,-101.183039681886,19.7298664251429
44129,44135,2023,,2023/02/13,13:00:00,COLISIÓN POR CORTE DE CIRCULACIÓN,ASFALTO,Bueno,Bueno,2,ITALIKA,BLANCO,2,,55,FEMENINO,SIN DATOS,0,0,Morelia,Cuauhtemoc,febrero,lunes,13,-101.17854569,19.6974281599991
44130,44136,2023,,2023/02/13,13:25:00,COLISIÓN POR CAMBIO DE CARRIL,ASFALTO,Bueno,Bueno,2,VOLSKWAGEN,PLATA,2,MINISTERIO PÚBLICO,36,FEMENINO,SIN DATOS,0,0,Morelia,Del Empleado,febrero,lunes,13,-101.18002517,19.6886070099991
44131,44137,2023,MOR230092218,2023/02/13,14:45:00,COLISIÓN POR CAMBIO DE CARRIL,CONCRETO,Bueno,Bueno,2,INTERNATIONAL,VERDE,2,,34,MASCULINO,SIN DATOS,0,0,Morelia,Niños Heroes,febrero,lunes,15,-101.239710585,19.7139780799992
44132,44138,2023,,2023/02/13,15:05:00,COLISIÓN POR ALCANCE,ASFALTO,Bueno,Bueno,2,NISSAN,ROJO,2,,55,MASCULINO,SIN DATOS,0,0,Morelia,Americas Britania,febrero,lunes,15,-101.149269481757,19.6919226055155
44133,44139,2023,,2023/02/13,16:45:00,COLISIÓN POR CORTE DE CIRCULACIÓN,ASFALTO,Bueno,Bueno,2,HONDA,NEGRO Y GRIS,2,,63,MASCULINO,SIN DATOS,0,0,Morelia,Cuauhtemoc,febrero,lunes,17,-101.17854569,19.6974281599991
44135,44141,2023,,2023/02/13,18:30:00,COLISIÓN POR CAMBIO DE CARRIL,ASFALTO,Bueno,Bueno,2,CRAYSLER,BLANCO,2,,25,MASCULINO,SIN DATOS,0,0,Morelia,Lomas de San Juan,febrero,lunes,19,-101.183039681886,19.7298664251429
44136,44142,2023,,2023/02/13,18:48:00,COLISIÓN POR CAMBIO DE CARRIL,ASFALTO,Bueno,Bueno,2,NISSAN,BLANCO,2,,45,MASCULINO,SIN DATOS,0,0,Morelia,Lomas de San Juan,febrero,lunes,19,-101.183039681886,19.7298664251429
44138,44144,2023,,2023/02/14,"08:40:00",COLISIÓN POR CORTE DE CIRCULACIÓN,ASFALTO,Bueno,Bueno,2,NISSAN,NEGRO,2,,23,MASCULINO,SIN DATOS,0,0,Morelia,Arcos del Valle,febrero,martes,9,-101.232862950569,19.7073333250229
44140,44146,2023,,2023/02/14,10:20:00,COLISIÓN POR ALCANCE,ASFALTO,Bueno,Bueno,2,NISSAN,BLANCO,2,,18,MASCULINO,SIN DATOS,0,0,Morelia,Los Manantiales de Morelia,febrero,martes,10,-101.241403520107,19.695389389158
44141,44147,2023,,2023/02/14,10:40:00,COLISIÓN CONTRA OBJETO FIJO,ASFALTO,Bueno,Bueno,1,CHEVROLET,BLANCO,1,MINISTERIO PÚBLICO,32,MASCULINO,SIN DATOS,0,0,Morelia,Jose Ma Pino Suarez,febrero,martes,11,-101.161335892975,19.7215489756595
44142,44148,2023,,2023/02/14,11:44:00,COLISIÓN POR CAMBIO DE CARRIL,ASFALTO,Bueno,Bueno,2,AUDI,BLANCO,2,,,MASCULINO,SIN DATOS,0,0,Morelia,Sin datos,febrero,martes,12,-101.114525981247,19.7368083094451
44143,44149,2023,,2023/02/14,12:00:00,COLISIÓN POR CAMBIO DE CARRIL,ASFALTO,Bueno,Bueno,2,RENAULT,GRIS,2,,,MASCULINO,SIN DATOS,0,0,Morelia,Valle de Altozano,febrero,martes,12,-101.164373829961,19.6649857571796
44144,44150,2023,LEG47157,2023/02/14,12:23:00,SALIDA DE SUPERFICIE DE RODAMIENTO,ASFALTO,Bueno,Bueno,1,CHEVROLET,GRIS,1,,24,MASCULINO,SIN DATOS,0,0,Morelia,Buenos Aires (Lomas de La Aldea),febrero,martes,12,-101.14,19.7375
44145,44151,2023,,2023/02/14,14:50:00,COLISIÓN POR ALCANCE,ASFALTO,Bueno,Bueno,2,HONDA,BLANCO,2,,74,MASCULINO,SIN DATOS,0,0,Morelia,Vicente Guerrero,febrero,martes,15,-101.22690115124,19.7041932672334
44151,44157,2023,,2023/02/14,21:05:00,COLISIÓN CONTRA OBJETO FIJO,ASFALTO,Bueno,Bueno,2,NISSAN,BLANCO,2,MINISTERIO PÚBLICO,56,MASCULINO,SIN DATOS,0,0,Tocumbo,Sin datos,febrero,martes,21,-102.492266781628,19.6672892454758
44152,44158,2023,,2023/02/14,21:20:00,COLISIÓN POR ALCANCE,ASFALTO,Bueno,Bueno,2,NISSAN,GRIS,2,,,MASCULINO,SIN DATOS,0,0,Morelia,Camelinas,febrero,martes,21,-101.17262119,19.6818144849991
44155,44161,2023,,2023/02/15,"00:00:00",COLISIÓN POR CAMBIO DE CARRIL,CONCRETO,Bueno,Bueno,2,AUDI,GRIS,2,,54,FEMENINO,SIN DATOS,0,0,Morelia,Felicitas del Rio,febrero,miércoles,0,-101.195570938289,19.6902092969865
44156,44162,2023,,2023/02/15,"00:00:00",COLISIÓN POR CAMBIO DE CARRIL,ASFALTO,Bueno,Bueno,2,NISSAN,BLANCO  Y VERDE,2,,29,MASCULINO,SIN DATOS,0,0,Morelia,Campestre Los Manantiales,febrero,miércoles,0,-101.238160394132,19.6877700815886
44161,44167,2023,LEG47178,2023/02/15,11:00:00,COLISIÓN POR CAMBIO DE CARRIL,ASFALTO,Bueno,Bueno,2,KENWORTH,AZUL,2,,40,MASCULINO,SIN DATOS,0,0,Morelia,Dr Miguel Silva,febrero,miércoles,11,-101.188229396939,19.7213027996164
44162,44168,2023,MOR 230096730,2023/02/15,14:50:00,COLISIÓN POR CORTE DE CIRCULACIÓN,ASFALTO,Bueno,Bueno,2,MERCEDEZ BENS,VERDE,2,,65,MASCULINO,SIN DATOS,0,0,Morelia,Enrique Arreguin Robles,febrero,miércoles,15,-101.188149265945,19.7214410369796
44166,44172,2023,,2023/02/15,21:30:00,COLISIÓN CON PEATÓN,ADOQUIN_EMPEDRADO,Bueno,Bueno,2,FORD,ROJO,2,MINISTERIO PÚBLICO,42,MASCULINO,SIN DATOS,1,0,Pátzcuaro,2A de San Lazaro,febrero,miércoles,22,-101.609597727656,19.5037890963743
44167,44173,2023,,2023/02/16,"08:10:00",COLISIÓN POR CORTE DE CIRCULACIÓN,CONCRETO,Bueno,Bueno,2,CHEVROLET,BLANCO,2,,42,FEMENINO,SIN DATOS,0,0,Morelia,Obrera,febrero,jueves,8,-101.18147717,19.7111669249992
44168,44174,2023,,2023/02/16,"08:20:00",COLISIÓN POR CORTE DE CIRCULACIÓN,ASFALTO,Bueno,Bueno,1,TOYOTA,S/D,0,MINISTERIO PÚBLICO,,,,0,0,Gabriel Zamora,Centro,febrero,jueves,8,-102.055491752501,19.161094907855
44170,44176,2023,,2023/02/16,10:20:00,COLISIÓN CON PEATÓN,SIN_DATOS,Bueno,Bueno,2,VOLKSWAGEN,GRIS,2,MINISTERIO PÚBLICO,68,MASCULINO,SIN DATOS,0,0,Morelia,Ciudad Jardin,febrero,jueves,10,-101.2540307,19.7009483299991
44171,44177,2023,,2023/02/16,11:05:00,COLISIÓN POR CAMBIO DE CARRIL,ASFALTO,Bueno,Bueno,2,FREIGHTLINER,AZUK,2,,35,MASCULINO,SIN DATOS,0,0,Morelia,Elias Perez Avalos,febrero,jueves,11,-101.167813022979,19.7136335493406
44173,44179,2023,,2023/02/16,12:35:00,COLISIÓN POR CAMBIO DE CARRIL,CONCRETO,Bueno,Bueno,2,KENWORTH,BLANCO,2,,21,MASCULINO,SIN DATOS,0,0,Morelia,Felix Ireta,febrero,jueves,13,-101.188582604864,19.6860148664875
44174,44180,2023,,2023/02/16,13:40:00,COLISIÓN POR CAMBIO DE CARRIL,ASFALTO,Bueno,Bueno,2,VOLVO,BLANCO Y  VERDES,2,,43,MASCULINO,SIN DATOS,0,0,Morelia,Lomas de San Juan,febrero,jueves,14,-101.183039681886,19.7298664251429
44176,44182,2023,,2023/02/16,14:40:00,COLISIÓN POR ALCANCE,ASFALTO,Bueno,Bueno,2,HONDA,BLANCO,2,MINISTERIO PÚBLICO,56,MASCULINO,ALIENTO ETÍLICO,0,0,Morelia,Lomas de San Juan,febrero,jueves,15,-101.183039681886,19.7298664251429
44177,44183,2023,,2023/02/16,15:08:00,COLISIÓN POR CAMBIO DE CARRIL,ASFALTO,Bueno,Bueno,2,KENWORTH,BLANCO Y  ROJO,2,,,MASCULINO,SIN DATOS,0,0,Morelia,Camelinas,febrero,jueves,15,-101.17262119,19.6818144849991
44178,44184,2023,,2023/02/16,16:15:00,COLISIÓN POR CAMBIO DE CARRIL,ASFALTO,Bueno,Bueno,2,SEAT,BLANCO,2,,25,MASCULINO,SIN DATOS,0,0,Morelia,Ana Maria Gallaga (Riviera Norte),febrero,jueves,16,-101.22460476,19.6777109999991
44179,44185,2023,,2023/02/16,16:45:00,COLISIÓN POR CORTE DE CIRCULACIÓN,ASFALTO,Bueno,Bueno,2,VOLKSWAGEN,BLANCO,2,,26,MASCULINO,SIN DATOS,0,0,Morelia,Insurgentes,febrero,jueves,17,-101.155416805,19.6953315299991
44180,44186,2023,,2023/02/16,16:50:00,COLISIÓN POR CORTE DE CIRCULACIÓN,ASFALTO,Bueno,Bueno,2,TOYOTA,BLANCO Y MORADO,2,,,MASCULINO,SIN DATOS,0,0,Morelia,Campamento Ferrocarrilero,febrero,jueves,17,-101.203038605,19.7048187049992
44182,44188,2023,,2023/02/16,19:00:00,COLISIÓN POR ALCANCE,ASFALTO,Bueno,Bueno,3,VOLKSWAGEN,ORO,3,,30,,SIN DATOS,0,0,Morelia,Ferrocarrilero,febrero,jueves,19,-101.223609235,19.6918737849991
44183,44189,2023,,2023/02/16,19:30:00,COLISIÓN CONTRA OBJETO FIJO,ASFALTO,Bueno,Bueno,1,TOYOTA,BLANCO Y  NARANJA,1,,,MASCULINO,SIN DATOS,0,0,Morelia,Ventura Puente,febrero,jueves,20,-101.19120822,19.6929872049991
44184,44190,2023,,2023/02/16,20:25:00,COLISIÓN POR CAMBIO DE CARRIL,ASFALTO,Bueno,Bueno,2,NISSAN,PLATA,2,,49,MASCULINO,SIN DATOS,0,0,Morelia,Montaña Monarca,febrero,jueves,20,-101.165679419395,19.6714150238958
44186,44192,2023,,2023/02/16,22:20:00,COLISIÓN POR MANIOBRA DE REVERSA,CONCRETO,Bueno,Bueno,2,RENAULT,BLANCO,2,,,MASCULINO,SIN DATOS,0,0,Morelia,Colinas del Sur,febrero,jueves,22,-101.199614802575,19.6605414587362