fid,id_accidente,anio_origen,folio_c5i,dia_incidente,hora_ocurrencia,tipo_incidente_vial,superficie_ocurrencia,condiciones_climaticas,condiciones_via,numero_vehiculos_involucrados,marca_vehiculo_ocasiona_siniestro,color_vehiculo_ocasiona_siniestro,numero_personas_involucradas,lugar_remite_presunto_responsable,edad_presunto_responsable,sexo_presunto_responsable,resultados_toxicologia,numero_personas_lesionadas,numero_personas_fallecidas,municipio,colonia,mes,dia_semana,hora_redondeada,lon,lat
44187,44193,2023,,2023/02/17,"02:20:00",SALIDA DE SUPERFICIE DE RODAMIENTO,ASFALTO,Bueno,Bueno,1,FORD,ROJO,1,,,MASCULINO,SIN DATOS,0,0,Charo,De Santiago,febrero,viernes,2,-101.044372,19.745476
44188,44194,2023,,2023/02/17,10:03:00,COLISIÓN POR CAMBIO DE CARRIL,ASFALTO,Bueno,Bueno,2,HINO,BLANCO,2,MINISTERIO PÚBLICO,,MASCULINO,SIN DATOS,0,0,Morelia,Cinco de Diciembre,febrero,viernes,10,-101.160817891359,19.6879541210077
44189,44195,2023,,2023/02/17,13:05:00,COLISIÓN CON PEATÓN,ASFALTO,Bueno,Bueno,1,Kawasaki,Azul,2,,38,MASCULINO,SIN DATOS,1,0,Morelia,Las Flores,febrero,viernes,13,-101.208890117705,19.7083423580848
44190,44196,2023,,2023/02/17,13:20:00,COLISIÓN POR CORTE DE CIRCULACIÓN,ASFALTO,Bueno,Bueno,2,NISSAN,AZUL,2,,49,MASCULINO,SIN DATOS,0,0,Morelia,Guadalupe,febrero,viernes,13,-101.225953325629,19.7078521744105
44191,44197,2023,MOR230101329,2023/02/17,13:40:00,COLISIÓN POR CAMBIO DE CARRIL,ASFALTO,Bueno,Regular,2,TOYOTA,BLANCO/GRIS,2,,44,MASCULINO,SIN DATOS,0,0,Morelia,Ana Maria Gallaga (Riviera Norte),febrero,viernes,14,-101.222958639264,19.6766345140399
44192,44198,2023,,2023/02/17,13:43:00,COLISIÓN POR CORTE DE CIRCULACIÓN,ASFALTO,Bueno,Bueno,2,NISSAN,BLANCO,2,,,MASCULINO,SIN DATOS,0,0,Morelia,Cinco de Diciembre,febrero,viernes,14,-101.165454089642,19.6846833649206
44193,44199,2023,LEG47219,2023/02/17,14:00:00,COLISIÓN CONTRA OBJETO FIJO,ASFALTO,Bueno,Bueno,2,DODGE,NEGRO/ROJO,0,MINISTERIO PÚBLICO,,,,0,0,Morelia,Cinco de Diciembre,febrero,viernes,14,-101.162464767694,19.6865367279134
44194,44200,2023,MOR230------,2023/02/17,14:30:00,COLISIÓN POR ALCANCE,ASFALTO,Bueno,Malo,2,FORD,BLANCO,2,,24,MASCULINO,SIN DATOS,0,0,Morelia,Enrique Arreguin Robles,febrero,viernes,15,-101.188151612878,19.7214429306413
44195,44201,2023,,2023/02/17,14:50:00,VOLCADURA,ASFALTO,Bueno,Bueno,1,NISSAN,Gris,1,,61,MASCULINO,SIN DATOS,0,0,Morelia,Americas Britania,febrero,viernes,15,-101.143717467785,19.6921222573088
44196,44202,2023,,2023/02/17,15:30:00,COLISIÓN POR CAMBIO DE CARRIL,ASFALTO,Bueno,Bueno,2,TOYOTA,BLANCO/GRIS,2,,52,MASCULINO,SIN DATOS,0,0,Morelia,Eduardo Ruiz,febrero,viernes,16,-101.223239265382,19.7225024308329
44197,44203,2023,,2023/02/17,16:55:00,COLISIÓN POR ALCANCE,ASFALTO,Bueno,Bueno,2,MAZDA,ROJO,2,,28,MASCULINO,SIN DATOS,0,0,Morelia,Morelos,febrero,viernes,17,-101.209215335548,19.698160559158
44198,44204,2023,,2023/02/17,17:30:00,COLISIÓN POR CORTE DE CIRCULACIÓN,ASFALTO,Bueno,Bueno,2,ITALIKA,GRIS,1,,,MASCULINO,SIN DATOS,0,0,Morelia,Comision Federal de Electricidad,febrero,viernes,18,-101.178795062006,19.6815385019954
44199,44205,2023,,2023/02/17,19:40:00,COLISIÓN POR CORTE DE CIRCULACIÓN,ASFALTO,Bueno,Bueno,2,FREIGHTLINER,BLANCO,4,MINISTERIO PÚBLICO,42,MASCULINO,SIN DATOS,3,0,Ario,Sin datos,febrero,viernes,20,-101.722412109375,19.2328447321268
44200,44206,2023,LEG47226,2023/02/17,20:20:00,COLISIÓN POR ALCANCE,ASFALTO,Bueno,Bueno,2,ITALIKA,NEGRO,2,,34,MASCULINO,SIN DATOS,0,0,Morelia,Campestre Los Manantiales,febrero,viernes,20,-101.238359883428,19.6882448586641
44201,44207,2023,,2023/02/17,20:45:00,COLISIÓN POR CORTE DE CIRCULACIÓN,ASFALTO,Bueno,Bueno,2,GENERAL MOTORS,BLANCO,2,,66,MASCULINO,SIN DATOS,0,0,Morelia,San Pascual,febrero,viernes,21,-101.270379408044,19.6970457415879
44202,44208,2023,,2023/02/17,20:45:00,COLISIÓN CON PEATÓN,SIN_DATOS,Bueno,Bueno,2,NAVISTAR,BLANCO/NARANJA,2,,36,MASCULINO,SIN DATOS,0,0,Morelia,Union Antorchista,febrero,viernes,21,-101.268190406263,19.6976176295282
44203,44209,2023,MOR 230102466,2023/02/17,22:00:00,COLISIÓN POR ALCANCE,ASFALTO,Bueno,Bueno,2,CHEVROLET,CREMA,2,MINISTERIO PÚBLICO,42,MASCULINO,SIN DATOS,0,0,Morelia,Canteras de Morelia,febrero,viernes,22,-101.171488389373,19.7147509058415
44204,44210,2023,,2023/02/18,"00:00:00",COLISIÓN CONTRA OBJETO FIJO,ASFALTO,Bueno,Bueno,5,FORD,AZUL,5,MINISTERIO PÚBLICO,,,SIN DATOS,0,0,Morelia,Socialista,febrero,sábado,0,-101.23644310981,19.642225666125
44205,44211,2023,MOR230102619,2023/02/18,"00:10:00",VOLCADURA,ASFALTO,Bueno,Bueno,1,VOLKSWAGEN,GUINDA,1,,32,MASCULINO,ALIENTO ETÍLICO,0,0,Morelia,Colinas del Sol,febrero,sábado,0,-101.135872006416,19.7293484569546
44206,44212,2023,LEG47231,2023/02/18,"03:00:00",COLISIÓN POR NO RESPETAR SEMÁFORO,ASFALTO,Bueno,Bueno,2,MAZDA,GRIS,2,,32,MASCULINO,ALIENTO ETÍLICO,0,0,Morelia,Felix Ireta,febrero,sábado,3,-101.195787861943,19.6815868024048
44207,44213,2023,,2023/02/18,"03:00:00",COLISIÓN CONTRA OBJETO FIJO,ASFALTO,Bueno,Bueno,1,HONDA,BLANCO,0,MINISTERIO PÚBLICO,,,,0,0,Lázaro Cárdenas,Centro,febrero,sábado,3,-102.197943627834,17.9581663539161
44208,44214,2023,,2023/02/18,"06:30:00",COLISIÓN CONTRA OBJETO FIJO,ASFALTO,Bueno,Bueno,1,CHEVROLET,GRIS ACERO,0,MINISTERIO PÚBLICO,,,,0,0,Morelia,Poblado de Ocolusen,febrero,sábado,7,-101.149537190795,19.6946876716795
44209,44215,2023,,2023/02/18,10:20:00,COLISIÓN POR ALCANCE,ASFALTO,Bueno,Bueno,2,NISSAN,BLANCO/CREMA,2,,50,,CON CERTIFICADO,0,0,Morelia,Centro,febrero,sábado,10,-101.177849918604,19.7048696915928
44210,44216,2023,,2023/02/18,10:40:00,COLISIÓN POR CAMBIO DE CARRIL,ASFALTO,Bueno,Bueno,2,CHEVROLET,VERDE,2,,,MASCULINO,SIN DATOS,0,0,Morelia,La Quemada,febrero,sábado,11,-101.239287927747,19.7012830000839
44211,44217,2023,,2023/02/18,11:55:00,COLISIÓN CON PEATÓN,ASFALTO,Bueno,Bueno,3,S/D,ROJO/AMARILLO,3,MINISTERIO PÚBLICO,,MASCULINO,SIN DATOS,0,0,Morelia,Mariano Michelena,febrero,sábado,12,-101.230009496212,19.676917379791
44212,44218,2023,,2023/02/18,14:30:00,COLISIÓN POR CORTE DE CIRCULACIÓN,ASFALTO,Bueno,Bueno,1,NISSAN,BLANCO,1,,31,MASCULINO,SIN DATOS,0,0,Morelia,Martires de Uruapan,febrero,sábado,15,-101.200411655009,19.7251762410159
44213,44219,2023,,2023/02/18,14:30:00,COLISIÓN POR CAMBIO DE CARRIL,ASFALTO,Bueno,Bueno,2,FORD,ROJO,2,,26,MASCULINO,SIN DATOS,0,0,Morelia,Morelia 450,febrero,sábado,15,-101.216530054808,19.6754250679026
44214,44220,2023,,2023/02/18,15:00:00,COLISIÓN POR CORTE DE CIRCULACIÓN,ASFALTO,Bueno,Bueno,1,JETTA,AZUL,1,MINISTERIO PÚBLICO,22,MASCULINO,SIN DATOS,0,0,Morelia,Lomas de Hidalgo,febrero,sábado,15,-101.160725355148,19.6956804289731
44215,44221,2023,,2023/02/18,15:00:00,COLISIÓN POR MANIOBRA DE REVERSA,ASFALTO,Bueno,Bueno,2,CHEVROLET,ROJA,2,MINISTERIO PÚBLICO,31,MASCULINO,SIN DATOS,0,0,Morelia,Francisco J Mujica,febrero,sábado,15,-101.184544041753,19.724944272712
44216,44222,2023,,2023/02/18,15:40:00,COLISIÓN POR ALCANCE,ASFALTO,Bueno,Bueno,2,MAN,BLANCO,2,,38,MASCULINO,SIN DATOS,0,0,Morelia,Jose Ma Pino Suarez,febrero,sábado,16,-101.162700131536,19.723103978903
44217,44223,2023,,2023/02/18,15:45:00,COLISIÓN POR CORTE DE CIRCULACIÓN,ASFALTO,Bueno,Bueno,1,MERCEDES BENZ,GRIS,1,MINISTERIO PÚBLICO,,FEMENINO,SIN DATOS,0,0,Morelia,Americas Britania,febrero,sábado,16,-101.149993166327,19.6917784943415
44218,44224,2023,,2023/02/18,16:30:00,COLISIÓN CONTRA OBJETO FIJO,ASFALTO,Bueno,Bueno,1,VOLKSWAGEN,ROJO,1,,,,SIN DATOS,0,0,Morelia,Felix Arreguin,febrero,sábado,17,-101.227991804481,19.719208078639
44219,44225,2023,,2023/02/18,16:30:00,COLISIÓN POR CAMBIO DE CARRIL,ASFALTO,Bueno,Bueno,2,HONDA,BLANCO,2,,56,MASCULINO,SIN DATOS,0,0,Morelia,Las Americas,febrero,sábado,17,-101.153624877334,19.6874360952758
44220,44226,2023,,2023/02/18,17:10:00,COLISIÓN POR ALCANCE,ASFALTO,Bueno,Bueno,2,NISSAN,BLANCO/ROJO,2,,42,MASCULINO,SIN DATOS,0,0,Morelia,Arcos del Valle,febrero,sábado,17,-101.236249320209,19.7076236529826
44221,44227,2023,,2023/02/18,17:35:00,COLISIÓN POR MANIOBRA DE REVERSA,ASFALTO,Bueno,Bueno,2,ISUZU,BLANCO,2,,,MASCULINO,SIN DATOS,0,0,Morelia,Enrique Arreguin Robles,febrero,sábado,18,-101.185419782996,19.7239864136329
44222,44228,2023,,2023/02/18,18:00:00,COLISIÓN POR CORTE DE CIRCULACIÓN,ASFALTO,Bueno,Bueno,2,KTM,BLANCO,2,,34,MASCULINO,SIN DATOS,0,0,Morelia,Felix Ireta,febrero,sábado,18,-101.181440390646,19.6815072487815
44223,44229,2023,,2023/02/18,19:50:00,COLISIÓN CON PEATÓN,SIN_DATOS,Bueno,Bueno,1,TOYOTA,BLANCO/GRIS,3,,50,MASCULINO,SIN DATOS,2,0,Morelia,Centro,febrero,sábado,20,-101.189918518066,19.7014228330025
44224,44230,2023,,2023/02/18,21:05:00,COLISIÓN POR ALCANCE,SIN_DATOS,Bueno,Bueno,2,RENAULT,BLANCO,2,,68,MASCULINO,SIN DATOS,0,0,Morelia,Centro,febrero,sábado,21,-101.189732355997,19.7046100434607
44225,44231,2023,,2023/02/19,"04:20:00",COLISIÓN POR CORTE DE CIRCULACIÓN,CONCRETO,Bueno,Bueno,1,MAZDA,BLANCO,0,,,,,0,0,Morelia,Praderas de Morelia,febrero,domingo,4,-101.228649365,19.6727859999991
44226,44232,2023,,2023/02/19,"05:30:00",COLISIÓN POR CAMBIO DE CARRIL,ASFALTO,Bueno,Bueno,2,CHEVROLET,NEGRO,2,MINISTERIO PÚBLICO,23,MASCULINO,SIN DATOS,0,0,Morelia,San Isidro Itzicuaro Norte,febrero,domingo,6,-101.265635265,19.7025637149992
44227,44233,2023,,2023/02/19,"08:00:00",COLISIÓN CONTRA OBJETO FIJO,SIN_DATOS,Bueno,Bueno,0,,,0,MINISTERIO PÚBLICO,,,,0,0,Lázaro Cárdenas,Centro,febrero,domingo,8,-102.197019271553,17.954221314984
44229,44235,2023,,2023/02/19,10:24:00,COLISIÓN CONTRA OBJETO FIJO,SIN_DATOS,Bueno,Bueno,1,NISSAN,ROJO,1,,47,FEMENINO,SIN DATOS,0,0,Morelia,Centro,febrero,domingo,10,-101.18969249,19.7042751249991
44230,44236,2023,,2023/02/19,11:00:00,COLISIÓN POR CORTE DE CIRCULACIÓN,ASFALTO,Bueno,Bueno,2,NISSAN,BLANCO Y AMARILLO,2,,50,MASCULINO,SIN DATOS,0,0,Morelia,Eduardo Ruiz,febrero,domingo,11,-101.22322338,19.7220409149991
44231,44237,2023,,2023/02/19,12:30:00,COLISIÓN POR CORTE DE CIRCULACIÓN,SIN_DATOS,Bueno,Bueno,2,GM,BLANCO Y VERDE,2,,34,MASCULINO,SIN DATOS,0,0,Morelia,Centro,febrero,domingo,13,-101.190959615713,19.7038724375015
44232,44238,2023,,2023/02/19,13:00:00,COLISIÓN CONTRA OBJETO FIJO,ASFALTO,Bueno,Bueno,1,TOYOTA,BLANCO,1,,,,SIN DATOS,0,0,Morelia,Felicitas del Rio,febrero,domingo,13,-101.200257123757,19.6935246012511
44233,44239,2023,MOR230106108,2023/02/19,14:00:00,COLISIÓN POR MANIOBRA DE REVERSA,CONCRETO,Bueno,Bueno,2,NISSAN,GUINDA,2,,50,MASCULINO,SIN DATOS,0,0,Morelia,Comision Federal de Electricidad,febrero,domingo,14,-101.18,19.682
44234,44240,2023,,2023/02/19,14:15:00,COLISIÓN CONTRA OBJETO FIJO,SIN_DATOS,Bueno,Bueno,2,S/D,S/D,2,,40,FEMENINO,SIN DATOS,0,0,Morelia,Fray Antonio de San Miguel Iglesias,febrero,domingo,14,-101.14788182,19.6864791549991
44235,44241,2023,LEG47268,2023/02/19,15:20:00,COLISIÓN POR CORTE DE CIRCULACIÓN,ASFALTO,Bueno,Bueno,1,ITALIKA,NEGRO,1,,26,MASCULINO,SIN DATOS,0,0,Morelia,Los Angeles,febrero,domingo,15,-101.17187351,19.7461463999991
44236,44242,2023,LEG47262,2023/02/19,16:10:00,COLISIÓN POR CORTE DE CIRCULACIÓN,ASFALTO,Bueno,Bueno,2,NISSAN,GRIS,1,,53,FEMENINO,SIN DATOS,0,0,Morelia,Chapultepec Oriente,febrero,domingo,16,-101.15913378,19.6947918299991
44237,44243,2023,,2023/02/19,16:30:00,COLISIÓN CONTRA OBJETO FIJO,CONCRETO,Bueno,Bueno,3,FORD,ROJO,1,,,,SIN DATOS,0,0,Morelia,Defensores De Puebla,febrero,domingo,17,-101.236584983643,19.7135862411388
44238,44244,2023,MOR230107002,2023/02/19,17:00:00,COLISIÓN CONTRA OBJETO FIJO,ASFALTO,Bueno,Bueno,1,BMW,BLANCO,1,,26,MASCULINO,SIN DATOS,0,0,Morelia,El Lago 2,febrero,domingo,17,-101.21187441051,19.722703157513
44239,44245,2023,LEG47265,2023/02/19,19:00:00,COLISIÓN POR CORTE DE CIRCULACIÓN,ASFALTO,Bueno,Regular,2,S/D,NEGRO,1,,32,FEMENINO,SIN DATOS,0,0,Morelia,Del Empleado,febrero,domingo,19,-101.18002517,19.6886070099991
44240,44246,2023,LEG47270,2023/02/20,"06:30:00",COLISIÓN CONTRA OBJETO FIJO,ASFALTO,Bueno,Bueno,1,ITALIKA,GRIS,1,,,MASCULINO,SIN DATOS,0,0,Morelia,Bosques Tres Marias,febrero,lunes,7,-101.102,19.7232
44241,44247,2023,,2023/02/20,"07:35:00",COLISIÓN POR INVASIÓN DE CARRIL,ASFALTO,Bueno,Bueno,3,NISSAN,BLANCO,4,MINISTERIO PÚBLICO,25,MASCULINO,SIN DATOS,2,0,Morelia,Cuauhtemoc,febrero,lunes,8,-101.18254498,19.6966379399991
44242,44248,2023,,2023/02/20,"09:20:00",COLISIÓN CON PEATÓN,ASFALTO,Bueno,Bueno,1,TOYOTA,BLANCO Y MORADO,1,,48,MASCULINO,SIN DATOS,0,0,Morelia,Centro,febrero,lunes,9,-101.18754847,19.7028479949991
44243,44249,2023,,2023/02/20,"09:30:00",COLISIÓN CONTRA OBJETO FIJO,ASFALTO,Bueno,Bueno,1,MERCEDES BENZ,GRIS,0,MINISTERIO PÚBLICO,,,,0,0,Hidalgo,Sin datos,febrero,lunes,10,-100.713013373315,19.5779167630648
44244,44250,2023,,2023/02/20,10:00:00,COLISIÓN POR CORTE DE CIRCULACIÓN,ASFALTO,Bueno,Bueno,2,TOYOTA,BLANCO,2,,,MASCULINO,SIN DATOS,0,0,Morelia,Centro,febrero,lunes,10,-101.18754847,19.7028479949991
44245,44251,2023,,2023/02/20,10:55:00,COLISIÓN POR ALCANCE,ASFALTO,Bueno,Bueno,3,FORD,BLANCO,3,,41,MASCULINO,SIN DATOS,0,0,Morelia,Mirador del Punhuato,febrero,lunes,11,-101.157403069452,19.7043089194707
44246,44252,2023,,2023/02/20,11:30:00,COLISIÓN POR CORTE DE CIRCULACIÓN,ASFALTO,Bueno,Bueno,2,VOLKSWAGEN,CAFE,2,MINISTERIO PÚBLICO,34,MASCULINO,SIN DATOS,0,0,Morelia,Canteras de Morelia,febrero,lunes,12,-101.1737705,19.7180635
44247,44253,2023,,2023/02/20,11:30:00,COLISIÓN POR CAMBIO DE CARRIL,ASFALTO,Bueno,Bueno,2,INTERNACIONAL,BLANCO,2,,,MASCULINO,SIN DATOS,0,0,Morelia,Lomas de San Juan,febrero,lunes,12,-101.183039681886,19.7298664251429
44249,44255,2023,,2023/02/20,13:50:00,COLISIÓN CONTRA OBJETO FIJO,CONCRETO,Bueno,Bueno,1,VOLKSWAGEN,GRIS,1,,30,MASCULINO,SIN DATOS,0,0,Morelia,Eduardo Ruiz,febrero,lunes,14,-101.221859682349,19.7216992118204
44250,44256,2023,,2023/02/20,14:55:00,COLISIÓN POR CORTE DE CIRCULACIÓN,ASFALTO,Bueno,Bueno,2,VOLKSWAGEN,BLANCO,2,,38,MASCULINO,SIN DATOS,0,0,Morelia,Ignacio Zaragoza,febrero,lunes,15,-101.204222336317,19.723849518802
44252,44258,2023,,2023/02/20,15:24:00,COLISIÓN POR CAMBIO DE CARRIL,ASFALTO,Bueno,Bueno,2,FREIGHTLINER,BLANCO,2,,0,MASCULINO,SIN DATOS,0,0,Morelia,Praderas del Indio,febrero,lunes,15,-101.223494028547,19.6450845894654
44253,44259,2023,,2023/02/20,15:40:00,SALIDA DE SUPERFICIE DE RODAMIENTO,ASFALTO,Bueno,Bueno,1,TOYOTA,BLANCO,1,MINISTERIO PÚBLICO,,MASCULINO,SIN DATOS,0,0,Morelia,Buenos Aires,febrero,lunes,16,-101.191040558436,19.6598913867249
44254,44260,2023,,2023/02/20,15:43:00,COLISIÓN POR ALCANCE,ASFALTO,Bueno,Bueno,2,NISSAN,AZUL,2,,35,MASCULINO,SIN DATOS,0,0,Morelia,El Lago 2,febrero,lunes,16,-101.21308714929,19.7249514326746
44255,44261,2023,,2023/02/20,17:50:00,COLISIÓN POR CORTE DE CIRCULACIÓN,CONCRETO,Bueno,Bueno,2,CHEVROLET,BLANCO,2,,37,MASCULINO,SIN DATOS,0,0,Morelia,Socialista,febrero,lunes,18,-101.236312488223,19.6430398759373
44256,44262,2023,,2023/02/20,17:52:00,COLISIÓN POR CAMBIO DE CARRIL,ASFALTO,Bueno,Bueno,2,KENWORTH,AZUL,2,,,MASCULINO,SIN DATOS,0,0,Morelia,Irrigacion,febrero,lunes,18,-101.22520209,19.7051928999992
44258,44264,2023,,2023/02/20,19:00:00,COLISIÓN POR ALCANCE,ASFALTO,Bueno,Bueno,2,HONDA,GRIS,2,,43,FEMENINO,SIN DATOS,0,0,Morelia,Isaac Arriaga,febrero,lunes,19,-101.173878539064,19.7098514781792
44259,44265,2023,,2023/02/20,21:04:00,COLISIÓN CONTRA OBJETO FIJO,ASFALTO,Bueno,Bueno,1,FORD,AZUL,1,,,MASCULINO,SIN DATOS,0,0,Morelia,San Miguel,febrero,lunes,21,-101.396275702451,19.6757546678217
44260,44266,2023,,2023/02/21,"03:15:00",CAIDA DE MOTOCICLETA,ASFALTO,Bueno,Bueno,1,S/D,S/D,1,,,,,1,0,Morelia,Felix Ireta,febrero,martes,3,-101.19214836,19.6911467449992
44261,44267,2023,,2023/02/21,10:00:00,COLISIÓN POR CORTE DE CIRCULACIÓN,CONCRETO,Bueno,Bueno,2,BAJAJ,ROJO Y NEGRO,3,MINISTERIO PÚBLICO,34,MASCULINO,SIN DATOS,1,0,Morelia,Jardines de Torremolinos,febrero,martes,10,-101.226202580319,19.6783745439089
44262,44268,2023,LEG47295,2023/02/21,11:22:00,COLISIÓN POR CORTE DE CIRCULACIÓN,ASFALTO,Bueno,Bueno,2,RENAULT,GRIS,2,MINISTERIO PÚBLICO,,MASCULINO,SIN DATOS,1,0,Morelia,Centro,febrero,martes,11,-101.1989065,19.6990209849992
44264,44270,2023,,2023/02/21,17:30:00,COLISIÓN POR ALCANCE,ASFALTO,Bueno,Bueno,2,FORD,GUINDA,2,,23,MASCULINO,SIN DATOS,0,0,Peribán,Sin datos,febrero,martes,18,-102.447473220527,19.5553781384684
44265,44271,2023,,2023/02/21,18:25:00,COLISIÓN POR MANIOBRA DE REVERSA,ASFALTO,Bueno,Bueno,2,HONDA,BLANCO,2,,23,MASCULINO,SIN DATOS,0,0,Morelia,El Durazno,febrero,martes,18,-101.171548,19.653491
44266,44272,2023,,2023/02/21,18:45:00,COLISIÓN POR CAMBIO DE CARRIL,SIN_DATOS,Bueno,Bueno,2,ITALIKA,NEGRO/NARANJA,2,,29,MASCULINO,SIN DATOS,0,0,Morelia,Felix Ireta,febrero,martes,19,-101.1919749,19.6869904499991
44267,44273,2023,MOR 230111985,2023/02/21,19:50:00,COLISIÓN POR CORTE DE CIRCULACIÓN,ASFALTO,Bueno,Regular,2,VOLKSWAGEN,ROJO,2,,29,MASCULINO,SIN DATOS,0,0,Morelia,Sentimientos de La Nacion,febrero,martes,20,-101.233194944297,19.682432823539
44268,44274,2023,,2023/02/21,20:10:00,SUBIDA AL CAMELLÓN,ASFALTO,Bueno,Bueno,1,NISSAN,CAFE,1,,45,FEMENINO,SIN DATOS,0,0,Morelia,Centro,febrero,martes,20,-101.18754847,19.7028479949991
44271,44277,2023,,2023/02/22,"08:12:00",COLISIÓN POR ALCANCE,ASFALTO,Bueno,Bueno,3,CHEVROLET,GRIS,3,,40,FEMENINO,SIN DATOS,0,0,Morelia,Leandro Valle,febrero,miércoles,8,-101.231682595409,19.7212022571141
44272,44278,2023,,2023/02/22,"08:25:00",COLISIÓN CONTRA OBJETO FIJO,ASFALTO,Bueno,Bueno,1,CHEVROLET,PLATA,1,,70,MASCULINO,SIN DATOS,0,0,Morelia,Las Flores,febrero,miércoles,8,-101.205698115,19.7027649199992
44273,44279,2023,,2023/02/22,"08:35:00",COLISIÓN POR ALCANCE,ASFALTO,Bueno,Bueno,2,SUZUKI,NEGRO,2,,21,MASCULINO,SIN DATOS,0,0,Morelia,Gildardo Magaña,febrero,miércoles,9,-101.230566606569,19.7268409572897
44275,44281,2023,,2023/02/22,15:15:00,COLISIÓN POR CAMBIO DE CARRIL,ASFALTO,Bueno,Bueno,2,ISUZU,BLANCO,2,,,MASCULINO,SIN DATOS,0,0,Morelia,Dr Miguel Silva,febrero,miércoles,15,-101.185227946917,19.717204814836
44276,44282,2023,,2023/02/22,15:25:00,COLISIÓN POR CORTE DE CIRCULACIÓN,ASFALTO,Bueno,Bueno,2,NISSAN,BLANCO/AZUL,2,,58,MASCULINO,SIN DATOS,0,0,Morelia,Centro,febrero,miércoles,15,-101.19118388321,19.702768457823
44277,44283,2023,,2023/02/22,15:55:00,COLISIÓN POR INVASIÓN DE CARRIL,ASFALTO,Bueno,Bueno,2,KENWORTHT,NEGRO,2,,62,MASCULINO,SIN DATOS,0,0,Morelia,La Quemada,febrero,miércoles,16,-101.240059827697,19.7032952648833
44280,44286,2023,,2023/02/22,21:00:00,COLISIÓN POR ALCANCE,ASFALTO,Bueno,Bueno,2,VOLKSWAGEN,BLANCO,2,,32,MASCULINO,SIN DATOS,0,0,Morelia,Camelinas,febrero,miércoles,21,-101.174310415,19.6807072799992
44281,44287,2023,,2023/02/22,21:35:00,COLISIÓN POR CORTE DE CIRCULACIÓN,ASFALTO,Bueno,Bueno,2,ITALIKA,ROJO,2,MINISTERIO PÚBLICO,18,MASCULINO,SIN DATOS,0,0,Morelia,Alberto Oviedo Mota,febrero,miércoles,22,-101.202134639025,19.6772094002714
44282,44288,2023,,2023/02/22,22:00:00,COLISIÓN POR NO RESPETAR SEMÁFORO,ASFALTO,Bueno,Bueno,2,VOLKSWAGEN,GRIS,2,MINISTERIO PÚBLICO,27,MASCULINO,SIN DATOS,0,0,Morelia,Centro,febrero,miércoles,22,-101.1904631,19.7026851599992
44283,44289,2023,,2023/02/23,"03:00:00",COLISIÓN CONTRA OBJETO FIJO,CONCRETO,Bueno,Bueno,1,MAZDA,GRIS,1,,,FEMENINO,SIN DATOS,0,0,Morelia,Chapultepec Sur,febrero,jueves,3,-101.176351915,19.6910920199992
44284,44290,2023,,2023/02/23,"08:25:00",COLISIÓN POR ALCANCE,CONCRETO,Bueno,Bueno,2,CHEVROLET,PLATA,2,,28,MASCULINO,SIN DATOS,0,0,Morelia,Vasco de Quiroga,febrero,jueves,8,-101.171750825,19.6988905399991
44286,44292,2023,,2023/02/23,"09:00:00",COLISIÓN POR ALCANCE,ASFALTO,Bueno,Bueno,2,INTERNATIONAL,BLANCO,2,,32,MASCULINO,SIN DATOS,0,0,Morelia,Indeco Santiaguito,febrero,jueves,9,-101.178545616567,19.720114205848
44287,44293,2023,,2023/02/23,"09:20:00",COLISIÓN POR ALCANCE,ASFALTO,Bueno,Bueno,2,NAVISTAR,BLANCO Y NARANJA,2,,26,MASCULINO,SIN DATOS,0,0,Morelia,Fovissste La Huerta,febrero,jueves,9,-101.212109103799,19.6922974530274
44288,44294,2023,MOR 230115660,2023/02/23,12:20:00,COLISIÓN POR NO RESPETAR SEMÁFORO,ASFALTO,Bueno,Regular,2,TOYOTA,BLANCO Y ROJO,2,,45,MASCULINO,SIN DATOS,0,0,Morelia,Irrigacion,febrero,jueves,12,-101.225014217198,19.704737437125
44289,44295,2023,,2023/02/23,12:35:00,SUBIDA AL CAMELLÓN,ASFALTO,Bueno,Bueno,1,GML,BLANCO,1,,,MASCULINO,SIN DATOS,0,0,Morelia,Progreso del Sur,febrero,jueves,13,-101.19784196,19.6584584849991
44290,44296,2023,,2023/02/23,14:45:00,COLISIÓN POR CAMBIO DE CARRIL,ASFALTO,Bueno,Bueno,2,NISSAN,NEGRO,2,,,MASCULINO,SIN DATOS,0,0,Morelia,Lomas del Valle,febrero,jueves,15,-101.230630762875,19.6877868124536
44291,44297,2023,MOR230115748,2023/02/23,15:00:00,COLISIÓN POR ALCANCE,ASFALTO,Bueno,Bueno,3,NISSAN,ARENA,3,MINISTERIO PÚBLICO,25,MASCULINO,SIN DATOS,0,0,Morelia,Elias Perez Avalos,febrero,jueves,15,-101.166468635201,19.710918875131
44293,44299,2023,MOR230115247,2023/02/23,15:55:00,COLISIÓN POR MANIOBRA DE REVERSA,CONCRETO,Bueno,Bueno,2,CHEVROLET,ROJO,2,,37,FEMENINO,SIN DATOS,0,0,Morelia,Chapultepec Oriente,febrero,jueves,16,-101.164150871336,19.6898020797098
44294,44300,2023,,2023/02/23,17:37:00,COLISIÓN POR CORTE DE CIRCULACIÓN,ASFALTO,Bueno,Bueno,2,FIAT,SILVER,2,,53,MASCULINO,SIN DATOS,0,0,Morelia,Vasco de Quiroga,febrero,jueves,18,-101.175883188844,19.6981226804064
44295,44301,2023,MOR230116142,2023/02/23,18:20:00,COLISIÓN CON PEATÓN,CONCRETO,Bueno,Regular,1,CHEVROLET,BLANCO Y VERDE,2,MINISTERIO PÚBLICO,30,MASCULINO,SIN DATOS,1,0,Morelia,Centro,febrero,jueves,18,-101.191532872617,19.703880463401