fid,id_accidente,anio_origen,folio_c5i,dia_incidente,hora_ocurrencia,tipo_incidente_vial,superficie_ocurrencia,condiciones_climaticas,condiciones_via,numero_vehiculos_involucrados,marca_vehiculo_ocasiona_siniestro,color_vehiculo_ocasiona_siniestro,numero_personas_involucradas,lugar_remite_presunto_responsable,edad_presunto_responsable,sexo_presunto_responsable,resultados_toxicologia,numero_personas_lesionadas,numero_personas_fallecidas,municipio,colonia,mes,dia_semana,hora_redondeada,lon,lat
44296,44302,2023,MOR2300116355,2023/02/23,19:42:00,COLISIÓN POR CORTE DE CIRCULACIÓN,ASFALTO,Bueno,Bueno,3,FORD,BLANCO,3,,42,MASCULINO,SIN DATOS,0,0,Morelia,Ciudad Industrial,febrero,jueves,20,-101.137946359813,19.728621325193
44297,44303,2023,,2023/02/23,20:00:00,COLISIÓN POR CORTE DE CIRCULACIÓN,ASFALTO,Bueno,Bueno,2,FORD,ROJO,2,,47,MASCULINO,SIN DATOS,0,0,Morelia,Campestre Los Manantiales,febrero,jueves,20,-101.238361224532,19.688246437043
44298,44304,2023,MOR 230116715,2023/02/23,20:20:00,COLISIÓN POR ALCANCE,CONCRETO,Bueno,Bueno,2,TOYOTA,GRIS,2,,39,MASCULINO,SIN DATOS,0,0,Morelia,Lazaro Cardenas,febrero,jueves,20,-101.165601275861,19.7101338987737
44299,44305,2023,,2023/02/23,20:30:00,COLISIÓN POR CAMBIO DE CARRIL,ASFALTO,Bueno,Bueno,3,RENAULT,BLANCO,3,,31,FEMENINO,SIN DATOS,0,0,Morelia,Lazaro Cardenas,febrero,jueves,21,-101.165338419378,19.710139895793
44300,44306,2023,,2023/02/23,21:00:00,COLISIÓN POR CORTE DE CIRCULACIÓN,ASFALTO,Bueno,Bueno,2,VOLKSWAGEN,ROJO,0,,,,,0,0,Lázaro Cárdenas,Ejido Melchor Ocampo,febrero,jueves,21,-102.204454019666,17.9639305006213
44301,44307,2023,,2023/02/24,"00:01:00",COLISIÓN POR ALCANCE,ASFALTO,Bueno,Bueno,2,VOLKSWAGEN,GRIS,2,,20,MASCULINO,SIN DATOS,0,0,Morelia,Primo Tapia,febrero,viernes,0,-101.211844906211,19.7090957797731
44302,44308,2023,MOR2300116994,2023/02/24,"05:00:00",COLISIÓN CONTRA OBJETO FIJO,ASFALTO,Bueno,Regular,1,CHEVROLET,BLANCO,1,,,,SIN DATOS,0,0,Charo,La Goleta,febrero,viernes,5,-101.079649,19.738254
44303,44309,2023,,2023/02/24,"07:30:00",COLISIÓN POR CORTE DE CIRCULACIÓN,ASFALTO,Bueno,Bueno,2,CHEVROLET,GRIS/ROJO,2,,39,MASCULINO,SIN DATOS,0,0,Morelia,Niño Artillero,febrero,viernes,8,-101.250659488142,19.6984961013746
44304,44310,2023,,2023/02/24,"09:20:00",COLISIÓN POR ALCANCE,ASFALTO,Bueno,Bueno,2,DINA,ROJO,2,,26,MASCULINO,SIN DATOS,0,0,Morelia,23 de Marzo,febrero,viernes,9,-101.24921735053,19.7044666239943
44305,44311,2023,,2023/02/24,10:35:00,COLISIÓN POR CORTE DE CIRCULACIÓN,ASFALTO,Bueno,Bueno,2,MERCEDES BENZ,BLANCO,2,,28,MASCULINO,SIN DATOS,0,0,Morelia,Molino de Parras,febrero,viernes,11,-101.205585971475,19.7023653605026
44306,44312,2023,,2023/02/24,12:10:00,COLISIÓN POR CAMBIO DE CARRIL,ASFALTO,Bueno,Bueno,2,FREIGHTLINER,BLANCO,2,,62,MASCULINO,SIN DATOS,0,0,Morelia,Los Manantiales de Morelia,febrero,viernes,12,-101.243010163307,19.7003988618038
44307,44313,2023,,2023/02/24,12:50:00,COLISIÓN POR CORTE DE CIRCULACIÓN,ASFALTO,Bueno,Bueno,2,VOLKSWAGEN,ARENA,2,,21,,SIN DATOS,0,0,Morelia,La Quemada,febrero,viernes,13,-101.240152269602,19.7010784587098
44308,44314,2023,,2023/02/24,14:00:00,COLISIÓN POR CORTE DE CIRCULACIÓN,ASFALTO,Bueno,Bueno,2,TOYOTA,ARENA,3,MINISTERIO PÚBLICO,28,MASCULINO,SIN DATOS,1,0,Morelia,Industrial,febrero,viernes,14,-101.197814270854,19.7090269714042
44309,44315,2023,,2023/02/24,15:20:00,COLISIÓN POR CORTE DE CIRCULACIÓN,ASFALTO,Bueno,Bueno,2,TOYOTA,BLANCO/GRIS,2,,31,MASCULINO,SIN DATOS,0,0,Morelia,Poblado de Ocolusen,febrero,viernes,15,-101.14953584969,19.6946892499949
44310,44316,2023,,2023/02/24,15:50:00,COLISIÓN POR ALCANCE,ASFALTO,Bueno,Bueno,2,NISSAN,PLATA,2,,37,MASCULINO,SIN DATOS,0,0,Morelia,Lomas de Huerta,febrero,viernes,16,-101.210743942406,19.6726323420048
44311,44317,2023,,2023/02/24,16:45:00,COLISIÓN POR CORTE DE CIRCULACIÓN,ASFALTO,Bueno,Bueno,2,VENTO,ROJO,2,,25,MASCULINO,SIN DATOS,0,0,Morelia,El Realito,febrero,viernes,17,-101.204667985439,19.7257080310266
44312,44318,2023,,2023/02/24,18:45:00,COLISIÓN POR CORTE DE CIRCULACIÓN,ASFALTO,Bueno,Bueno,2,MAZDA,BLANCO,2,,37,MASCULINO,SIN DATOS,0,0,Morelia,Buenavista,febrero,viernes,19,-101.167800687253,19.7092671692972
44313,44319,2023,,2023/02/24,19:20:00,COLISIÓN POR ALCANCE,ASFALTO,Bueno,Bueno,4,CHEVROLET,CAFE,4,,,FEMENINO,SIN DATOS,0,0,Morelia,Felix Ireta,febrero,viernes,19,-101.192056238651,19.6823842305885
44314,44320,2023,,2023/02/24,19:30:00,COLISIÓN CON PEATÓN,ASFALTO,Bueno,Bueno,2,NISSAN,NARANJA,2,,22,FEMENINO,SIN DATOS,0,0,Morelia,Montaña Monarca,febrero,viernes,20,-101.164698377252,19.6655786812611
44315,44321,2023,,2023/02/24,19:40:00,COLISIÓN POR CORTE DE CIRCULACIÓN,ASFALTO,Bueno,Bueno,2,NISSAN,BLANCO,1,,36,MASCULINO,SIN DATOS,0,0,Morelia,Jose Maria Morelos,febrero,viernes,20,-101.219761446118,19.7153748922639
44316,44322,2023,,2023/02/24,20:35:00,COLISIÓN POR ALCANCE,ASFALTO,Bueno,Bueno,3,NISSAN,NEGRO,3,,19,MASCULINO,SIN DATOS,0,0,Morelia,Jacarandas,febrero,viernes,21,-101.211074441671,19.7087457405613
44317,44323,2023,,2023/02/24,21:24:00,COLISIÓN POR CORTE DE CIRCULACIÓN,ASFALTO,Bueno,Bueno,2,VOLKSWAGEN,PLATA,2,,38,FEMENINO,SIN DATOS,0,0,Morelia,Ventura Puente,febrero,viernes,21,-101.179489482483,19.6923053599413
44318,44324,2023,,2023/02/24,21:51:00,SUBIDA AL CAMELLÓN,ASFALTO,Bueno,Bueno,1,FORD,ARENA,1,,45,MASCULINO,SIN DATOS,0,0,Morelia,El Lago 2,febrero,viernes,22,-101.21644757688,19.7268107401036
44319,44325,2023,,2023/02/24,22:28:00,COLISIÓN CONTRA OBJETO FIJO,CONCRETO,Bueno,Bueno,1,NISSAN,NEGRO,1,,,MASCULINO,SIN DATOS,0,0,Morelia,Centro,febrero,viernes,22,-101.188545227051,19.7038495301937
44320,44326,2023,,2023/02/25,"00:00:00",COLISIÓN CONTRA OBJETO FIJO,ASFALTO,Bueno,Bueno,3,FORD,GRIS,1,,,MASCULINO,SIN DATOS,0,0,Morelia,Praderas de Morelia,febrero,sábado,0,-101.228396482766,19.673921376772
44321,44327,2023,,2023/02/25,"00:00:00",COLISIÓN POR ALCANCE,CONCRETO,Bueno,Bueno,2,FIAT,BLANCO,2,,42,FEMENINO,SIN DATOS,0,0,Morelia,Reforma,febrero,sábado,0,-101.242417730391,19.705744967212
44322,44328,2023,,2023/02/25,"03:20:00",COLISIÓN CONTRA OBJETO FIJO,ASFALTO,Bueno,Bueno,1,PONTIAC,ROJO,0,,,,,0,0,Morelia,San Pascual,febrero,sábado,3,-101.267325058579,19.6952514449394
44323,44329,2023,,2023/02/25,"07:15:00",COLISIÓN CONTRA OBJETO FIJO,CONCRETO,Bueno,Bueno,1,MAZDA,BLANCO,1,,19,MASCULINO,SIN DATOS,0,0,Morelia,Ventura Puente,febrero,sábado,7,-101.184317059815,19.6931462814611
44324,44330,2023,,2023/02/25,"07:30:00",COLISIÓN POR CAMBIO DE CARRIL,ASFALTO,Bueno,Bueno,2,RAM,BLANCO,2,,37,MASCULINO,SIN DATOS,0,0,Morelia,Avicola Benito Juarez,febrero,sábado,8,-101.279537626354,19.6913524326473
44325,44331,2023,,2023/02/25,"08:00:00",COLISIÓN POR CORTE DE CIRCULACIÓN,ASFALTO,Bueno,Bueno,2,JEEP,NEGRO,2,,33,,SIN DATOS,0,0,Morelia,La Colina,febrero,sábado,8,-101.215843363208,19.7129180553861
44326,44332,2023,,2023/02/25,"08:45:00",COLISIÓN CONTRA OBJETO FIJO,ASFALTO,Bueno,Bueno,2,NISSAN,BLANCO,1,,,MASCULINO,SIN DATOS,0,0,Morelia,Los Angeles,febrero,sábado,9,-101.172839552164,19.7485013798255
44327,44333,2023,MOR230119711,2023/02/25,"08:50:00",COLISIÓN POR ALCANCE,ASFALTO,Bueno,Bueno,2,NISSAN,BLANCO,2,MINISTERIO PÚBLICO,42,MASCULINO,SIN DATOS,0,0,Morelia,Alberto Oviedo Mota,febrero,sábado,9,-101.202132962644,19.6772084531788
44328,44334,2023,,2023/02/25,"09:01:00",COLISIÓN CONTRA OBJETO FIJO,ASFALTO,Bueno,Bueno,1,VOLKSWAGEN,ROJO,1,,,FEMENINO,SIN DATOS,0,0,Morelia,Quinceo,febrero,sábado,9,-101.224225312471,19.7253394076346
44329,44335,2023,,2023/02/25,10:09:00,COLISIÓN POR ALCANCE,SIN_DATOS,Bueno,Bueno,1,FORD,GRIS PLATA,1,MINISTERIO PÚBLICO,0,FEMENINO,SIN DATOS,0,0,Pátzcuaro,Centro,febrero,sábado,10,-101.609361,19.515744
44330,44336,2023,,2023/02/25,12:00:00,COLISIÓN POR CORTE DE CIRCULACIÓN,ASFALTO,Bueno,Bueno,2,MAZDA,VINO,1,,37,MASCULINO,SIN DATOS,0,0,Morelia,Ignacio Lopez Rayon,febrero,sábado,12,-101.252652704716,19.6899876951551
44331,44337,2023,,2023/02/25,12:30:00,COLISIÓN POR ALCANCE,ASFALTO,Bueno,Bueno,2,TOYOTA,GRIS,2,,19,FEMENINO,SIN DATOS,0,0,Morelia,Felix Ireta,febrero,sábado,13,-101.180868409574,19.6849308600443
44332,44338,2023,LEG47373,2023/02/25,13:35:00,COLISIÓN POR ALCANCE,ASFALTO,Bueno,Bueno,2,NISSAN,BLANCO,2,,24,MASCULINO,SIN DATOS,0,0,Morelia,Alberto Oviedo Mota,febrero,sábado,14,-101.195659786463,19.687108737505
44333,44339,2023,,2023/02/25,17:19:00,COLISIÓN POR CAMBIO DE CARRIL,ASFALTO,Bueno,Bueno,2,SEAT,NEGRO,2,,32,MASCULINO,SIN DATOS,0,0,Morelia,Elias Perez Avalos,febrero,sábado,17,-101.171150766313,19.7144917787461
44334,44340,2023,,2023/02/25,18:00:00,COLISIÓN POR INVASIÓN DE CARRIL,ASFALTO,Bueno,Bueno,2,ITALIKA,NEGRO,2,,24,MASCULINO,SIN DATOS,0,0,Morelia,Felix Ireta,febrero,sábado,18,-101.190446913242,19.6824157993185
44335,44341,2023,,2023/02/25,18:05:00,COLISIÓN POR ALCANCE,ASFALTO,Bueno,Bueno,2,NISSAN,BLANCO,2,,49,FEMENINO,SIN DATOS,0,0,Morelia,Lomas del Tecnologico,febrero,sábado,18,-101.196186505258,19.7243092774829
44336,44342,2023,LEG47380,2023/02/25,18:52:00,COLISIÓN POR CORTE DE CIRCULACIÓN,CONCRETO,Bueno,Regular,2,DODGE,BLANCO,2,,79,MASCULINO,SIN DATOS,0,0,Morelia,Ventura Puente,febrero,sábado,19,-101.181928887963,19.6897244242046
44337,44343,2023,,2023/02/25,19:20:00,COLISIÓN POR ALCANCE,ASFALTO,Bueno,Bueno,2,NISSAN,ROJO,2,,35,MASCULINO,SIN DATOS,0,0,Morelia,Loma Bonita,febrero,sábado,19,-101.19656033814,19.7229187174878
44338,44344,2023,,2023/02/26,"00:00:00",COLISIÓN POR ALCANCE,ASFALTO,Bueno,Regular,2,TOYOTA,GRIS,2,MINISTERIO PÚBLICO,0,MASCULINO,SIN DATOS,0,0,Cuitzeo,Sin datos,febrero,domingo,0,-101.1524695158,20.0337424934156
44339,44345,2023,,2023/02/26,"02:45:00",COLISIÓN POR ALCANCE,ASFALTO,Bueno,Bueno,2,MAZDA,ROJO,2,,42,MASCULINO,SIN DATOS,0,0,Morelia,Alberto Oviedo Mota,febrero,domingo,3,-101.202171519399,19.6774629051866
44340,44346,2023,,2023/02/26,"02:50:00",COLISIÓN POR CORTE DE CIRCULACIÓN,ASFALTO,Bueno,Bueno,2,FORD,ROJO,2,MINISTERIO PÚBLICO,0,MASCULINO,SIN DATOS,0,0,Morelia,Nueva Valladolid,febrero,domingo,3,-101.210572198033,19.7009045352061
44341,44347,2023,LEG47383,2023/02/26,"04:00:00",COLISIÓN CONTRA OBJETO FIJO,ASFALTO,Bueno,Bueno,2,DODGE,BLANCO CON AZUL,2,,38,MASCULINO,SIN DATOS,0,0,Morelia,Los Manantiales de Morelia,febrero,domingo,4,-101.241403184831,19.6953874951879
44342,44348,2023,,2023/02/26,"07:35:00",SALIDA DE SUPERFICIE DE RODAMIENTO,ASFALTO,Bueno,Bueno,1,CHEVROLET,PLATA,1,,,,SIN DATOS,0,0,Morelia,Lomas de Guayangareo,febrero,domingo,8,-101.160300895572,19.704423687425
44343,44349,2023,,2023/02/26,"07:35:00",COLISIÓN CONTRA OBJETO FIJO,ASFALTO,Bueno,Bueno,1,CHEVROLET,GRIS,1,,0,,SIN DATOS,0,0,Morelia,Lomas de Guayangareo,febrero,domingo,8,-101.157945580781,19.7025575899775
44344,44350,2023,,2023/02/26,"08:00:00",COLISIÓN POR ALCANCE,ASFALTO,Bueno,Bueno,2,NISSAN,GRIS,2,,0,,SIN DATOS,0,0,Morelia,La Quemada,febrero,domingo,8,-101.238351836801,19.6879332863671
44345,44351,2023,,2023/02/26,"09:30:00",COLISIÓN POR ALCANCE,ASFALTO,Bueno,Bueno,2,CHEVROLET,BLANCO,2,MINISTERIO PÚBLICO,57,MASCULINO,SIN DATOS,0,0,Morelia,Niño Artillero,febrero,domingo,10,-101.250202171504,19.6986091060267
44346,44352,2023,,2023/02/26,"09:52:00",COLISIÓN CONTRA OBJETO FIJO,ASFALTO,Bueno,Bueno,1,VOLKSWAGEN,GRIS,1,,43,MASCULINO,SIN DATOS,0,0,Morelia,Tzindurio de Morelos,febrero,domingo,10,-101.244189329445,19.6998859267888
44347,44353,2023,,2023/02/26,10:00:00,COLISIÓN POR ALCANCE,ASFALTO,Bueno,Bueno,2,NISSAN/SENTRA,BLANCO ROJO,2,MINISTERIO PÚBLICO,69,MASCULINO,SIN DATOS,0,0,Morelia,Arcos del Valle,febrero,domingo,10,-101.236248984933,19.7076230217075
44348,44354,2023,,2023/02/26,13:00:00,COLISIÓN POR CORTE DE CIRCULACIÓN,ASFALTO,Bueno,Bueno,2,TOYOTA PRIUS,BLANCO,2,,64,MASCULINO,SIN DATOS,0,0,Morelia,Cuauhtemoc,febrero,domingo,13,-101.182892806828,19.6943025622643
44349,44355,2023,,2023/02/26,16:15:00,COLISIÓN POR INVASIÓN DE CARRIL,ASFALTO,Bueno,Bueno,2,MITSUBISHI,GRIS,5,MINISTERIO PÚBLICO,0,MASCULINO,SIN DATOS,3,0,Charo,Sin datos,febrero,domingo,16,-101.079732365906,19.686726450968
44350,44356,2023,,2023/02/26,16:39:00,COLISIÓN POR CORTE DE CIRCULACIÓN,ASFALTO,Bueno,Bueno,1,NISSAN,ROJO,2,MINISTERIO PÚBLICO,67,MASCULINO,SIN DATOS,1,0,Pátzcuaro,2A de San Lazaro,febrero,domingo,17,-101.607993431389,19.5063284400536
44351,44357,2023,,2023/02/26,18:15:00,COLISIÓN POR CORTE DE CIRCULACIÓN,ASFALTO,Bueno,Bueno,2,SE DESCONOCE,SIN DATOS,4,,0,,SIN DATOS,2,0,Morelia,Ventura Puente,febrero,domingo,18,-101.188035942614,19.6924363467942
44352,44358,2023,,2023/02/26,21:55:00,COLISIÓN POR NO RESPETAR SEMÁFORO,ASFALTO,Bueno,Bueno,2,VENTO,NEGRO,3,MINISTERIO PÚBLICO,18,MASCULINO,SIN DATOS,1,0,Morelia,Rinconada del Valle,febrero,domingo,22,-101.218742206693,19.6786249817375
44353,44359,2023,,2023/02/27,"00:00:00",COLISIÓN CON PEATÓN,SIN_DATOS,Bueno,Bueno,2,DODGE,BLANCO,2,,42,,SIN DATOS,0,0,Morelia,Villa Universidad,febrero,lunes,0,-101.212100051343,19.6921588748081
44354,44360,2023,LEG47401,2023/02/27,"08:10:00",COLISIÓN POR CORTE DE CIRCULACIÓN,ASFALTO,Bueno,Bueno,3,HINO,BLANCO,3,,37,MASCULINO,SIN DATOS,0,0,Morelia,Agustin Arriaga Rivera,febrero,lunes,8,-101.224509291351,19.6910802334064
44355,44361,2023,,2023/02/27,"08:10:00",COLISIÓN CON PEATÓN,SIN_DATOS,Bueno,Bueno,3,HINO,BLANCO,3,,37,MASCULINO,SIN DATOS,0,0,Morelia,Agustin Arriaga Rivera,febrero,lunes,8,-101.224567294121,19.6910309888494
44356,44362,2023,,2023/02/27,"08:40:00",COLISIÓN CON PEATÓN,SIN_DATOS,Bueno,Bueno,2,NISSAN,PLATA,2,MINISTERIO PÚBLICO,60,MASCULINO,SIN DATOS,0,0,Morelia,Campestre Los Manantiales,febrero,lunes,9,-101.238253600895,19.687694634836
44358,44364,2023,,2023/02/27,"08:45:00",COLISIÓN POR ALCANCE,ASFALTO,Bueno,Bueno,2,NISSAN,BLANCO,2,,64,MASCULINO,SIN DATOS,0,0,Morelia,Elias Perez Avalos,febrero,lunes,9,-101.165651520874,19.7106140258153
44359,44365,2023,,2023/02/27,"09:10:00",COLISIÓN POR CORTE DE CIRCULACIÓN,CONCRETO,Bueno,Bueno,0,,,0,,,,,0,0,Morelia,Lomas de Hidalgo,febrero,lunes,9,-101.163455508649,19.6959881982668
44360,44366,2023,,2023/02/27,"09:10:00",COLISIÓN CON PEATÓN,SIN_DATOS,Bueno,Bueno,2,VOLKSWAGEN,NEGRO,2,MINISTERIO PÚBLICO,41,MASCULINO,SIN DATOS,0,0,Morelia,Lomas de Hidalgo,febrero,lunes,9,-101.163528934121,19.6959885139273
44361,44367,2023,,2023/02/27,"09:20:00",COLISIÓN POR CAMBIO DE CARRIL,CONCRETO,Bueno,Bueno,2,FORD,GUINDA,2,,28,FEMENINO,SIN DATOS,0,0,Morelia,Nueva Valladolid,febrero,lunes,9,-101.211483945359,19.6992598320994
44362,44368,2023,,2023/02/27,10:17:00,COLISIÓN POR ALCANCE,ASFALTO,Bueno,Bueno,2,NISSAN,BLANCO,2,,38,MASCULINO,SIN DATOS,0,0,Morelia,Camelinas,febrero,lunes,10,-101.17075869981,19.6837967780615
44363,44369,2023,MOR230112757,2023/02/27,10:35:00,COLISIÓN POR ALCANCE,ASFALTO,Bueno,Bueno,2,RAM,BLANCO,2,,,MASCULINO,SIN DATOS,0,0,Morelia,Morelos,febrero,lunes,11,-101.212043724954,19.692270936931
44364,44370,2023,,2023/02/27,14:50:00,COLISIÓN POR MANIOBRA DE REVERSA,ASFALTO,Bueno,Bueno,2,NISSAN,NEGRO,2,,27,MASCULINO,SIN DATOS,0,0,Morelia,Comision Federal de Electricidad,febrero,lunes,15,-101.18,19.682
44365,44371,2023,,2023/02/27,15:20:00,COLISIÓN POR CAMBIO DE CARRIL,ASFALTO,Bueno,Bueno,2,MERCEDES BENZ,BLANCO/AZUL,2,,36,MASCULINO,SIN DATOS,0,0,Morelia,Nueva Valladolid,febrero,lunes,15,-101.211483945359,19.6992598320994
44366,44372,2023,,2023/02/27,22:30:00,COLISIÓN CON PEATÓN,SIN_DATOS,Bueno,Bueno,2,ITALIKA,BLANCO,2,,0,MASCULINO,SIN DATOS,0,0,Morelia,Mariano Michelena,febrero,lunes,23,-101.229910925031,19.6768974908092
44367,44373,2023,,2023/02/27,22:50:00,COLISIÓN POR CORTE DE CIRCULACIÓN,TERRACERIA,Bueno,Regular,1,VENTO,NEGRO/NARANJA,3,MINISTERIO PÚBLICO,16,MASCULINO,SIN DATOS,2,0,Pátzcuaro,Centro,febrero,lunes,23,-101.609361,19.515744
44369,44375,2023,,2023/02/28,"08:10:00",COLISIÓN POR CORTE DE CIRCULACIÓN,CONCRETO,Bueno,Bueno,2,CHEVROLET,PLATA,2,,78,FEMENINO,SIN DATOS,0,0,Morelia,Joaquin Amaro,febrero,martes,8,-101.170163725,19.7205336849991
44370,44376,2023,,2023/02/28,"09:20:00",COLISIÓN POR CAMBIO DE CARRIL,ASFALTO,Bueno,Bueno,2,INTERNACIONAL,BLANCO,2,,48,MASCULINO,SIN DATOS,0,0,Morelia,Centro,febrero,martes,9,-101.18754847,19.7028479949991
44371,44377,2023,,2023/02/28,"09:30:00",COLISIÓN POR CORTE DE CIRCULACIÓN,ASFALTO,Bueno,Bueno,2,MAZDA 3,GRIS,2,,35,FEMENINO,SIN DATOS,0,0,Morelia,Club Campestre La Huerta,febrero,martes,10,-101.23292235,19.6714005399992
44372,44378,2023,,2023/02/28,11:00:00,COLISIÓN POR ALCANCE,ASFALTO,Bueno,Bueno,2,KENWORTH,BLANCO,2,,0,MASCULINO,SIN DATOS,0,0,Morelia,Popular Pogreso,febrero,martes,11,-101.200349433866,19.7199732659062
44373,44379,2023,,2023/02/28,14:00:00,COLISIÓN POR CORTE DE CIRCULACIÓN,ASFALTO,Bueno,Bueno,2,TOYOTA,BLANCO/GRIS,2,,60,MASCULINO,SIN DATOS,0,0,Morelia,La Loma,febrero,martes,14,-101.1827400344,19.6793921923496
44374,44380,2023,,2023/02/28,15:25:00,COLISIÓN CONTRA OBJETO FIJO,ASFALTO,Bueno,Bueno,2,ITALIKA,BLANCO,2,,,MASCULINO,SIN DATOS,0,0,Morelia,Centro,febrero,martes,15,-101.1904631,19.7026851599992
44375,44381,2023,,2023/02/28,15:50:00,COLISIÓN POR INVASIÓN DE CARRIL,ASFALTO,Bueno,Bueno,2,GNC,AZUL,3,MINISTERIO PÚBLICO,73,MASCULINO,SIN DATOS,1,0,Morelia,El Durazno,febrero,martes,16,-101.177517845763,19.6531467745037
44376,44382,2023,,2023/02/28,16:00:00,COLISIÓN POR CAMBIO DE CARRIL,ASFALTO,Bueno,Bueno,2,CHEVROLET,BLANCO,2,,40,MASCULINO,SIN DATOS,0,0,Morelia,La Loma,febrero,martes,16,-101.1827400344,19.6793921923496
44377,44383,2023,,2023/02/28,16:00:00,COLISIÓN CONTRA OBJETO FIJO,ASFALTO,Bueno,Bueno,2,INTERNATIONAL,BCO/VERDE,2,MINISTERIO PÚBLICO,25,MASCULINO,SIN DATOS,0,0,Tancítaro,Sin datos,febrero,martes,16,-102.382111474872,19.359899021785
44380,44386,2023,,2023/02/28,17:45:00,COLISIÓN POR CAMBIO DE CARRIL,ASFALTO,Bueno,Bueno,2,KENWORTH,BLANCO,2,,49,MASCULINO,SIN DATOS,0,0,Morelia,Jardines de Guadalupe,febrero,martes,18,-101.225649548577,19.7117045865626
44381,44387,2023,,2023/02/28,18:40:00,COLISIÓN POR CAMBIO DE CARRIL,ASFALTO,Bueno,Bueno,2,FORD,AMARILLO,2,,27,MASCULINO,SIN DATOS,0,0,Morelia,Enrique Ramirez,febrero,martes,19,-101.165651847052,19.7086881668769
44387,44393,2023,,2023/03/01,"09:40:00",COLISIÓN CONTRA OBJETO FIJO,ASFALTO,Bueno,Bueno,2,S/D,S/D,1,,33,FEMENINO,SIN DATOS,0,0,Morelia,Tierra Y Libertad,marzo,miércoles,10,-101.22977368,19.7151822499992
44388,44394,2023,,2023/03/01,13:46:00,COLISIÓN POR ALCANCE,ASFALTO,Bueno,Bueno,2,VENTO,BLANCO,2,MINISTERIO PÚBLICO,19,MASCULINO,SIN DATOS,0,0,Lagunillas,Sin datos,marzo,miércoles,14,-101.43125128001,19.5948123454746
44389,44395,2023,,2023/03/01,14:40:00,COLISIÓN POR CORTE DE CIRCULACIÓN,ASFALTO,Bueno,Bueno,2,NISSAN,BLANCO Y NARANJA,2,,36,MASCULINO,SIN DATOS,0,0,Morelia,Lomas del Tecnologico,marzo,miércoles,15,-101.192971737429,19.7218067072296
44390,44396,2023,MOR230130752,2023/03/01,14:50:00,COLISIÓN POR ALCANCE,CONCRETO,Bueno,Bueno,2,VOLKSWAGEN,BLANCO,2,,29,MASCULINO,SIN DATOS,0,0,Morelia,Insurgentes,marzo,miércoles,15,-101.155416805,19.6953315299991
44392,44398,2023,LEG47441,2023/03/01,15:38:00,COLISIÓN POR CORTE DE CIRCULACIÓN,ASFALTO,Bueno,Bueno,2,YAMAHA,VERDE,2,,37,MASCULINO,SIN DATOS,0,0,Morelia,Prados Verdes,marzo,miércoles,16,-101.199782310949,19.7166640281338
44395,44401,2023,,2023/03/01,19:45:00,COLISIÓN POR ALCANCE,ASFALTO,Bueno,Bueno,2,HONDA,PLATA,2,,50,MASCULINO,SIN DATOS,0,0,Morelia,Camelinas,marzo,miércoles,20,-101.17262119,19.6818144849991
44396,44402,2023,,2023/03/02,"08:10:00",COLISIÓN POR CORTE DE CIRCULACIÓN,ASFALTO,Bueno,Bueno,2,ITALIKA,ROJO,1,,34,MASCULINO,SIN DATOS,0,0,Morelia,Praderas del Indio,marzo,jueves,8,-101.223494028547,19.6450845894654
44397,44403,2023,,2023/03/02,11:20:00,COLISIÓN CONTRA OBJETO FIJO,CONCRETO,Bueno,Bueno,1,GMC,Blanco,1,,,MASCULINO,SIN DATOS,0,0,Morelia,Ana Maria Gallaga (Riviera),marzo,jueves,11,-101.227844134801,19.6745630734788
44398,44404,2023,,2023/03/02,12:35:00,COLISIÓN POR INVASIÓN DE CARRIL,ASFALTO,Bueno,Bueno,2,CHEVROLET,BLANCO/AZUL,2,,38,MASCULINO,SIN DATOS,0,0,Morelia,Mirador Poniente,marzo,jueves,13,-101.245099595,19.7127918999991
44399,44405,2023,,2023/03/02,13:25:00,COLISIÓN POR INVASIÓN DE CARRIL,CONCRETO,Bueno,Bueno,2,MAZDA,ROJO,2,,19,MASCULINO,SIN DATOS,0,0,Morelia,Benito Juarez,marzo,jueves,13,-101.254239890097,19.6850471170033
44400,44406,2023,,2023/03/02,16:05:00,COLISIÓN POR CORTE DE CIRCULACIÓN,ASFALTO,Bueno,Bueno,2,NISSAN,AZUL,2,,55,,SIN DATOS,0,0,Morelia,Dr Miguel Silva,marzo,jueves,16,-101.185227946917,19.717204814836
44402,44408,2023,,2023/03/03,"06:15:00",COLISIÓN CONTRA OBJETO FIJO,ASFALTO,Bueno,Bueno,2,VOLKSWAGEN,BLANCO,1,,23,MASCULINO,SIN DATOS,0,0,Morelia,Buenavista,marzo,viernes,6,-101.164379245,19.7054418449992
44403,44409,2023,,2023/03/03,10:55:00,COLISIÓN POR CAMBIO DE CARRIL,CONCRETO,Bueno,Bueno,2,CHEVROLET,GRIS,2,,,MASCULINO,SIN DATOS,0,0,Morelia,Centro,marzo,viernes,11,-101.194226145744,19.702968562563
44404,44410,2023,MOR 230134834,2023/03/03,11:50:00,COLISIÓN POR ALCANCE,ASFALTO,Bueno,Bueno,2,CHEVROLET,BLANCO Y ROJO,2,,34,MASCULINO,SIN DATOS,0,0,Morelia,El Realito,marzo,viernes,12,-101.20521850884,19.7257891406828
44405,44411,2023,LEG47455,2023/03/03,11:50:00,COLISIÓN POR ALCANCE,ASFALTO,Bueno,Bueno,2,PEUGEOT,BLANCO,2,,25,MASCULINO,SIN DATOS,0,0,Morelia,El Realito,marzo,viernes,12,-101.205239295959,19.7256856232933