fid,id_accidente,anio_origen,folio_c5i,dia_incidente,hora_ocurrencia,tipo_incidente_vial,superficie_ocurrencia,condiciones_climaticas,condiciones_via,numero_vehiculos_involucrados,marca_vehiculo_ocasiona_siniestro,color_vehiculo_ocasiona_siniestro,numero_personas_involucradas,lugar_remite_presunto_responsable,edad_presunto_responsable,sexo_presunto_responsable,resultados_toxicologia,numero_personas_lesionadas,numero_personas_fallecidas,municipio,colonia,mes,dia_semana,hora_redondeada,lon,lat
44406,44412,2023,MOR230135173,2023/03/03,11:50:00,CAIDA DE MOTOCICLETA,CONCRETO,Bueno,Bueno,2,HONDA,ROJO,3,MINISTERIO PÚBLICO,30,MASCULINO,SIN DATOS,1,0,Morelia,Ejidal Ocolusen,marzo,viernes,12,-101.152054443955,19.6836706512974
44407,44413,2023,,2023/03/03,11:55:00,COLISIÓN POR CORTE DE CIRCULACIÓN,ASFALTO,Bueno,Bueno,2,VOLSKWAGEN,AZUL,2,,45,FEMENINO,SIN DATOS,0,0,Morelia,Nueva Jacarndas,marzo,viernes,12,-101.192008294165,19.682261112482
44408,44414,2023,,2023/03/03,14:20:00,COLISIÓN POR CAMBIO DE CARRIL,ASFALTO,Bueno,Bueno,2,FREINGHTLINR,BLANCO,2,,43,MASCULINO,SIN DATOS,0,0,Morelia,Morelos,marzo,viernes,14,-101.185369156301,19.7240233394435
44409,44415,2023,LEG47459,2023/03/03,19:34:00,COLISIÓN CONTRA OBJETO FIJO,ASFALTO,Bueno,Bueno,1,VOLKSWAGEN,GRIS,1,,30,MASCULINO,SIN DATOS,0,0,Morelia,Chapultepec Oriente,marzo,viernes,20,-101.159614920616,19.6933221073906
44410,44416,2023,,2023/03/03,22:34:00,COLISIÓN POR ALCANCE,ASFALTO,Bueno,Bueno,2,NISSAN,BLANCO,2,,27,MASCULINO,SIN DATOS,0,0,Morelia,Hacienda del Valle,marzo,viernes,23,-101.225646212697,19.6655562651083
44411,44417,2023,,2023/03/03,23:15:00,COLISIÓN POR CORTE DE CIRCULACIÓN,ASFALTO,Bueno,Bueno,2,HONDA,BLANCO,2,,27,MASCULINO,SIN DATOS,0,0,Morelia,Colinas del Sur,marzo,viernes,23,-101.199421622198,19.6652855893338
44412,44418,2023,,2023/03/04,"04:45:00",COLISIÓN CONTRA OBJETO FIJO,ASFALTO,Bueno,Bueno,2,TOYOTA,GRIS,1,,23,MASCULINO,SIN DATOS,0,0,Charo,La Goleta,marzo,sábado,5,-101.083291992545,19.7372728424201
44413,44419,2023,MOR230137203,2023/03/04,"05:25:00",COLISIÓN CONTRA OBJETO FIJO,ASFALTO,Bueno,Bueno,1,CHEVROLET,BLANCO,1,,53,MASCULINO,SIN DATOS,0,0,Morelia,Enrique Arreguin Robles,marzo,sábado,5,-101.188148595393,19.7214419838104
44414,44420,2023,,2023/03/04,"08:05:00",COLISIÓN CONTRA OBJETO FIJO,ASFALTO,Bueno,Bueno,1,KIA,Gris,1,,65,MASCULINO,SIN DATOS,0,0,Morelia,Lomas de Las Americas Sur,marzo,sábado,8,-101.147692501545,19.6945503581828
44415,44421,2023,,2023/03/04,11:00:00,COLISIÓN POR CAMBIO DE CARRIL,ASFALTO,Bueno,Bueno,2,VOLKSWAGEN,GRIS,2,MINISTERIO PÚBLICO,50,MASCULINO,SIN DATOS,0,0,Morelia,Cosmos,marzo,sábado,11,-101.216416731477,19.6833467583694
44416,44422,2023,,2023/03/04,12:00:00,COLISIÓN POR ALCANCE,ASFALTO,Bueno,Bueno,2,NISSAN,AZUL,2,,17,MASCULINO,SIN DATOS,0,0,Morelia,Jardines del Toreo,marzo,sábado,12,-101.214177757502,19.6879762183508
44417,44423,2023,,2023/03/04,12:20:00,COLISIÓN POR CORTE DE CIRCULACIÓN,CONCRETO,Bueno,Bueno,2,SEAT,GRIS,2,,27,FEMENINO,SIN DATOS,0,0,Morelia,Cuauhtemoc,marzo,sábado,12,-101.18468016386,19.69487675375
44418,44424,2023,,2023/03/04,13:00:00,COLISIÓN POR CORTE DE CIRCULACIÓN,ASFALTO,Bueno,Bueno,2,BMW,BLANCO,2,,55,FEMENINO,SIN DATOS,0,0,Morelia,Comision Federal de Electricidad,marzo,sábado,13,-101.181308962405,19.6813857084475
44419,44425,2023,,2023/03/04,17:00:00,COLISIÓN POR ALCANCE,ASFALTO,Bueno,Bueno,2,VOLKSWAGEN,ROJO,2,MINISTERIO PÚBLICO,31,MASCULINO,SIN DATOS,0,0,Morelia,Las Americas,marzo,sábado,17,-101.153801567853,19.6880472455045
44420,44426,2023,,2023/03/04,17:50:00,COLISIÓN POR MANIOBRA DE REVERSA,CONCRETO,Bueno,Bueno,2,TOYOTA,GRIS,2,,34,FEMENINO,SIN DATOS,0,0,Morelia,Infonavit Manantiales,marzo,sábado,18,-101.23807054013,19.6920916374968
44421,44427,2023,,2023/03/04,18:11:00,COLISIÓN POR CORTE DE CIRCULACIÓN,ASFALTO,Bueno,Bueno,2,HONDA,GRIS,2,,,MASCULINO,SIN DATOS,0,0,Morelia,Ciudad Jardin,marzo,sábado,18,-101.254950016737,19.7046597888662
44422,44428,2023,,2023/03/05,"00:00:00",CAIDA ACUATICA DE VEHÍCULO,ASFALTO,Bueno,Bueno,1,ITALIKA,NARQNJA NEGRO,1,,34,MASCULINO,SIN DATOS,0,0,Morelia,Union Popular Solidaria,marzo,domingo,0,-101.219878122211,19.7056534312193
44423,44429,2023,LEG47478,2023/03/05,10:50:00,COLISIÓN POR CORTE DE CIRCULACIÓN,ASFALTO,Bueno,Bueno,2,SEAT,GRIS,2,MINISTERIO PÚBLICO,37,MASCULINO,SIN DATOS,0,0,Morelia,Campestre Los Manantiales,marzo,domingo,11,-101.238410845399,19.6882243397372
44424,44430,2023,,2023/03/05,15:15:00,COLISIÓN POR CORTE DE CIRCULACIÓN,ASFALTO,Bueno,Bueno,2,VOLKSWAGEN,BLANCO,2,MINISTERIO PÚBLICO,0,MASCULINO,SIN DATOS,0,0,Pátzcuaro,Centro,marzo,domingo,15,-101.609084755182,19.5167097851118
44425,44431,2023,MOR 230141339,2023/03/05,18:05:00,COLISIÓN POR MANIOBRA DE REVERSA,ASFALTO,Bueno,Bueno,2,FREIGHTLINER,GUINDA,2,,49,MASCULINO,SIN DATOS,0,0,Morelia,Fray Antonio de Lisboa,marzo,domingo,18,-101.147053800523,19.6941762966805
44426,44432,2023,,2023/03/05,18:45:00,COLISIÓN POR INVASIÓN DE CARRIL,ASFALTO,Bueno,Bueno,2,NISSAN,GRIS,2,MINISTERIO PÚBLICO,53,FEMENINO,SIN DATOS,0,0,Tangamandapio,Sin datos,marzo,domingo,19,-102.387785688043,19.9123288965416
44427,44433,2023,,2023/03/05,19:20:00,COLISIÓN POR ALCANCE,ASFALTO,Bueno,Bueno,2,NISSAN,AZUL,2,,36,MASCULINO,SIN DATOS,0,0,Morelia,Eduardo Ruiz,marzo,domingo,19,-101.22320573777,19.7224124824746
44428,44434,2023,LEG47477,2023/03/05,21:20:00,COLISIÓN POR CORTE DE CIRCULACIÓN,ASFALTO,Bueno,Bueno,2,VOLKSWAGEN,ARENA,2,,20,MASCULINO,SIN DATOS,0,0,Morelia,Ventura Puente,marzo,domingo,21,-101.181718669832,19.6907090048339
44429,44435,2023,MOR230141872,2023/03/05,21:55:00,COLISIÓN POR ALCANCE,ASFALTO,Bueno,Bueno,3,VOLKSWAGEN,BLANCO,3,,32,MASCULINO,ALIENTO ETÍLICO,0,0,Morelia,Jardines de Sindurio,marzo,domingo,22,-101.257462911308,19.6973587903354
44430,44436,2023,,2023/03/05,22:40:00,COLISIÓN CONTRA OBJETO FIJO,ASFALTO,Bueno,Regular,1,BAJAJ,NEGRTO,2,MINISTERIO PÚBLICO,,,,1,1,Huandacareo,Sin datos,marzo,domingo,23,-101.208232305944,19.962760110823
44432,44438,2023,,2023/03/06,"07:47:00",COLISIÓN POR MANIOBRA DE REVERSA,CONCRETO,Bueno,Bueno,2,CHEVROLET,BLANCO,2,,72,MASCULINO,SIN DATOS,0,0,Morelia,Justo Mendoza,marzo,lunes,8,-101.230276318269,19.712793964837
44433,44439,2023,,2023/03/06,"09:00:00",COLISIÓN POR CORTE DE CIRCULACIÓN,ASFALTO,Bueno,Bueno,1,CHEVROLET,GRIS,2,,,MASCULINO,SIN DATOS,0,0,Morelia,Centro,marzo,lunes,9,-101.18754847,19.7028479949991
44434,44440,2023,,2023/03/06,"09:00:00",COLISIÓN POR CORTE DE CIRCULACIÓN,ASFALTO,Bueno,Bueno,2,NISSAN,AZUL,2,,26,FEMENINO,SIN DATOS,0,0,Morelia,Agustin Arriaga Rivera,marzo,lunes,9,-101.224510967731,19.6910808647468
44435,44441,2023,,2023/03/06,10:00:00,COLISIÓN CONTRA OBJETO FIJO,ASFALTO,Bueno,Bueno,1,NISSAN,AZUL,1,,24,FEMENINO,SIN DATOS,0,0,Morelia,Villa Magna,marzo,lunes,10,-101.327823624015,19.6851357377337
44436,44442,2023,,2023/03/06,10:40:00,COLISIÓN POR CORTE DE CIRCULACIÓN,CONCRETO,Bueno,Bueno,2,NIS,BLANCO,2,,,FEMENINO,SIN DATOS,0,0,Morelia,Chapultepec Norte,marzo,lunes,11,-101.172893531621,19.6959140180296
44437,44443,2023,,2023/03/06,12:00:00,COLISIÓN POR CORTE DE CIRCULACIÓN,ASFALTO,Bueno,Bueno,3,S/D,S/D,2,,0,,SIN DATOS,0,0,Morelia,Ejidal Ocolusen,marzo,lunes,12,-101.152220740914,19.6841312347522
44438,44444,2023,MOR230142794,2023/03/06,12:47:00,COLISIÓN POR CAMBIO DE CARRIL,ASFALTO,Bueno,Bueno,2,INTERNACIONAL,BLANCO Y  NARANJA,2,MINISTERIO PÚBLICO,23,MASCULINO,SIN DATOS,0,0,Morelia,Irrigacion,marzo,lunes,13,-101.225136257708,19.7047090292298
44439,44445,2023,,2023/03/06,14:40:00,COLISIÓN POR ALCANCE,ASFALTO,Bueno,Bueno,2,INTERNATIONAL,BLANCO/NARANJA,2,,40,MASCULINO,SIN DATOS,0,0,Morelia,Villas del Pedregal,marzo,lunes,15,-101.304510198534,19.6876059296127
44440,44446,2023,,2023/03/06,15:00:00,COLISIÓN POR CORTE DE CIRCULACIÓN,ASFALTO,Bueno,Bueno,2,JEEP,CAFE,2,,24,MASCULINO,SIN DATOS,0,0,Morelia,Gertrudis Sanchez,marzo,lunes,15,-101.203357055783,19.7399593439142
44441,44447,2023,,2023/03/06,15:10:00,COLISIÓN POR ALCANCE,ASFALTO,Bueno,Bueno,3,NISSAN,SANDTONE,3,,36,MASCULINO,SIN DATOS,0,0,Morelia,Jardines del Rincon,marzo,lunes,15,-101.150375381112,19.6906600758338
44442,44448,2023,,2023/03/06,15:20:00,COLISIÓN POR MANIOBRA DE REVERSA,ASFALTO,Bueno,Bueno,2,FORD,BLANCO,2,,43,FEMENINO,SIN DATOS,0,0,Morelia,San Pascual,marzo,lunes,15,-101.267325729132,19.695254917221
44443,44449,2023,,2023/03/06,18:00:00,COLISIÓN POR CORTE DE CIRCULACIÓN,ASFALTO,Bueno,Bueno,2,FO,CAFE,2,,55,MASCULINO,SIN DATOS,0,0,Morelia,Lomas del Tecnologico,marzo,lunes,18,-101.195116303861,19.720161863389
44444,44450,2023,,2023/03/06,19:22:00,COLISIÓN POR INVASIÓN DE CARRIL,ASFALTO,Bueno,Bueno,2,NISSAN,BLANCO,2,MINISTERIO PÚBLICO,0,MASCULINO,SIN DATOS,0,0,Charo,Sin datos,marzo,lunes,19,-101.01978700608,19.6117958491562
44445,44451,2023,,2023/03/06,21:00:00,COLISIÓN POR ALCANCE,ASFALTO,Bueno,Bueno,2,CHEVROLET,AZUL,2,,55,MASCULINO,SIN DATOS,0,0,Morelia,Mirador del Punhuato,marzo,lunes,21,-101.160071901977,19.7049072531043
44446,44452,2023,,2023/03/07,"00:00:00",COLISIÓN POR MANIOBRA DE REVERSA,ASFALTO,Bueno,Bueno,2,NISSAN,BLANCO,2,,,FEMENINO,SIN DATOS,0,0,Morelia,Fuentes de Morelia,marzo,martes,0,-101.20316769,19.6693875049992
44447,44453,2023,,2023/03/07,"00:00:00",COLISIÓN POR MANIOBRA DE REVERSA,ASFALTO,Bueno,Bueno,3,LINCOLN,NEGRO,3,,39,FEMENINO,SIN DATOS,0,0,Morelia,Primo Tapia Oriente,marzo,martes,0,-101.158748567104,19.713514603851
44448,44454,2023,MOR230144807,2023/03/07,"07:15:00",COLISIÓN CONTRA OBJETO FIJO,ASFALTO,Bueno,Bueno,1,MINI,PLATA,1,,39,MASCULINO,SIN DATOS,0,0,Morelia,Ventura Puente,marzo,martes,7,-101.193225725,19.6917077449992
44449,44455,2023,,2023/03/07,"09:40:00",COLISIÓN POR CAMBIO DE CARRIL,ASFALTO,Bueno,Bueno,2,FORD,BLANCO,2,,44,MASCULINO,SIN DATOS,0,0,Morelia,Isaac Arriaga,marzo,martes,10,-101.167632378638,19.7114825911996
44451,44457,2023,,2023/03/07,12:04:00,COLISIÓN POR CORTE DE CIRCULACIÓN,ASFALTO,Bueno,Bueno,2,VOLKSWAGEN,NEGRO,2,,36,MASCULINO,SIN DATOS,0,0,Morelia,Indeco Expropiacion Petrolera,marzo,martes,12,-101.225760877132,19.6847884872584
44452,44458,2023,,2023/03/07,13:20:00,COLISIÓN POR ALCANCE,ASFALTO,Bueno,Bueno,2,KENWORTHT,ROJO,2,,38,MASCULINO,SIN DATOS,0,0,Morelia,Clara Cordova Moran,marzo,martes,13,-101.180839240551,19.7373978116583
44453,44459,2023,,2023/03/07,14:50:00,COLISIÓN POR CAMBIO DE CARRIL,ASFALTO,Bueno,Bueno,2,CHRYSLER,BLANCO,2,,39,MASCULINO,SIN DATOS,0,0,Morelia,La Soledad,marzo,martes,15,-101.18461176753,19.7249799358881
44454,44460,2023,,2023/03/07,16:10:00,COLISIÓN POR CORTE DE CIRCULACIÓN,CONCRETO,Bueno,Bueno,2,VOLSKWAGEN,BLANCO,2,,44,MASCULINO,SIN DATOS,0,0,Morelia,Sin datos,marzo,martes,16,-101.126780994236,19.7090490658378
44455,44461,2023,,2023/03/07,16:40:00,COLISIÓN POR CORTE DE CIRCULACIÓN,ASFALTO,Bueno,Bueno,2,NISSAN,ROJO,2,,16,MASCULINO,SIN DATOS,0,0,Morelia,Poblado de Ocolusen,marzo,martes,17,-101.149533167481,19.6946911439733
44456,44462,2023,MMOR230--,2023/03/07,18:30:00,COLISIÓN POR MANIOBRA DE REVERSA,ASFALTO,Bueno,Bueno,2,DODGE,AZUL,2,,25,FEMENINO,SIN DATOS,0,0,Morelia,Chapultepec Norte,marzo,martes,19,-101.167173050344,19.6952372401504
44457,44463,2023,,2023/03/07,18:40:00,COLISIÓN POR CAMBIO DE CARRIL,ASFALTO,Bueno,Bueno,2,PEUGEOT,BLANCO,2,,42,MASCULINO,SIN DATOS,0,0,Morelia,Isaac Arriaga,marzo,martes,19,-101.168526895344,19.7089509034023
44458,44464,2023,MOR230147441,2023/03/08,"00:00:00",VOLCADURA,CONCRETO,Bueno,Bueno,1,GMC,ROJO,1,,27,MASCULINO,SIN DATOS,0,0,Morelia,Reforma,marzo,miércoles,0,-101.242409683764,19.7057478079834
44459,44465,2023,LEG47512,2023/03/08,"00:10:00",COLISIÓN CONTRA OBJETO FIJO,CONCRETO,Bueno,Bueno,1,HYUNDAI,BLANCO,1,,34,FEMENINO,SIN DATOS,0,0,Morelia,Chapultepec Sur,marzo,miércoles,0,-101.167370863259,19.6912775271529
44460,44466,2023,,2023/03/08,"06:20:00",COLISIÓN POR CORTE DE CIRCULACIÓN,ASFALTO,Bueno,Bueno,2,FORD,NEGRO,2,,38,FEMENINO,SIN DATOS,0,0,Morelia,Emiliano Zapata,marzo,miércoles,6,-101.230952292681,19.6531640730494
44461,44467,2023,MOR230147543,2023/03/08,"06:45:00",VOLCADURA,CONCRETO,Bueno,Bueno,1,CHEVROLET,AZUL,1,,25,MASCULINO,SIN DATOS,0,0,Morelia,Solidaridad,marzo,miércoles,7,-101.20378587395,19.731551608116
44462,44468,2023,,2023/03/08,"09:30:00",COLISIÓN CON PEATÓN,ASFALTO,Bueno,Bueno,1,NISSAN,BLANCO,2,,37,MASCULINO,SIN DATOS,1,0,Morelia,Centro,marzo,miércoles,10,-101.194206029177,19.7047794176719
44463,44469,2023,,2023/03/08,"09:40:00",COLISIÓN POR CAMBIO DE CARRIL,ASFALTO,Bueno,Bueno,2,NISSAN,BLANCO Y ROJO,2,,34,MASCULINO,SIN DATOS,0,0,Morelia,Cinco de Diciembre,marzo,miércoles,10,-101.160954013467,19.6878291131235
44464,44470,2023,,2023/03/08,12:10:00,COLISIÓN CON PEATÓN,CONCRETO,Bueno,Bueno,1,FORD,BLANCO,4,,75,MASCULINO,SIN DATOS,3,0,Morelia,Vasco de Quiroga,marzo,miércoles,12,-101.173011213541,19.7002435610374
44465,44471,2023,,2023/03/08,14:00:00,COLISIÓN POR CORTE DE CIRCULACIÓN,ASFALTO,Bueno,Bueno,2,FORD,ROJO,2,,34,MASCULINO,SIN DATOS,0,0,Morelia,Isaac Arriaga,marzo,miércoles,14,-101.173254959285,19.7068992631494
44466,44472,2023,,2023/03/08,14:30:00,COLISIÓN POR CORTE DE CIRCULACIÓN,ASFALTO,Bueno,Bueno,3,VOLKSWAGEN,NEGRO,3,,0,MASCULINO,SIN DATOS,0,0,Morelia,Felicitas del Rio,marzo,miércoles,15,-101.199018917978,19.6918217409629
44467,44473,2023,,2023/03/08,14:40:00,COLISIÓN POR ALCANCE,CONCRETO,Bueno,Bueno,2,HONDA CIVIC,ROJO,3,,24,MASCULINO,SIN DATOS,1,0,Morelia,Ejidal Ocolusen,marzo,miércoles,15,-101.15221939981,19.6841280779133
44468,44474,2023,,2023/03/08,15:00:00,COLISIÓN POR CORTE DE CIRCULACIÓN,CONCRETO,Bueno,Bueno,2,BMW,AZUL,2,,34,MASCULINO,SIN DATOS,0,0,Morelia,Felix Ireta,marzo,miércoles,15,-101.195802949369,19.6823933855208
44469,44475,2023,,2023/03/08,15:00:00,COLISIÓN CON PEATÓN,CONCRETO,Bueno,Bueno,1,CHEVROLET,GRIS,2,MINISTERIO PÚBLICO,,MASCULINO,SIN DATOS,1,0,Morelia,Alberto Oviedo Mota,marzo,miércoles,15,-101.197762303054,19.6839576085197
44470,44476,2023,,2023/03/08,15:47:00,COLISIÓN POR CORTE DE CIRCULACIÓN,ASFALTO,Bueno,Bueno,2,TOYOTA,ROJO,2,,38,FEMENINO,SIN DATOS,0,0,Morelia,Ejidal Ocolusen,marzo,miércoles,16,-101.159055009484,19.6877596642567
44471,44477,2023,,2023/03/08,17:36:00,COLISIÓN POR CAMBIO DE CARRIL,ASFALTO,Bueno,Bueno,2,NAVISTAR,BLANCO,2,,21,MASCULINO,SIN DATOS,0,0,Morelia,Jardines del Rincon,marzo,miércoles,18,-101.153406612575,19.6873492839746
44472,44478,2023,,2023/03/08,18:45:00,SALIDA DE SUPERFICIE DE RODAMIENTO,ASFALTO,Bueno,Bueno,1,TOYOTA,AZUL,11,MINISTERIO PÚBLICO,,,,11,0,Peribán,Sin datos,marzo,miércoles,19,-102.457133196294,19.5698821478381
44473,44479,2023,,2023/03/08,19:00:00,COLISIÓN POR CAMBIO DE CARRIL,ASFALTO,Bueno,Bueno,2,DINO,BLANCO,2,,43,MASCULINO,SIN DATOS,0,0,Morelia,Elias Perez Avalos,marzo,miércoles,19,-101.165504381061,19.7104406933696
44474,44480,2023,,2023/03/08,20:55:00,COLISIÓN POR CORTE DE CIRCULACIÓN,ASFALTO,Bueno,Bueno,2,FREIGHTLINER,BLANCO,2,,35,MASCULINO,SIN DATOS,0,0,Morelia,Canteras de Morelia,marzo,miércoles,21,-101.171490065753,19.714748941962
44475,44481,2023,,2023/03/09,"00:00:00",COLISIÓN POR ALCANCE,ASFALTO,Bueno,Bueno,2,VOLSKWAGEN,NEGRO,2,,16,MASCULINO,SIN DATOS,0,0,Morelia,Real San Diego,marzo,jueves,0,-101.21739002,19.6661983549992
44476,44482,2023,,2023/03/09,"00:20:00",COLISIÓN POR INVASIÓN DE CARRIL,ASFALTO,Bueno,Bueno,2,JEEP COMPAS,GRANITO,2,,36,FEMENINO,SIN DATOS,0,0,Morelia,Jesus del Monte,marzo,jueves,0,-101.154211082822,19.6509234359309
44477,44483,2023,,2023/03/09,"08:40:00",COLISIÓN POR CORTE DE CIRCULACIÓN,ASFALTO,Bueno,Bueno,2,SEAT,AZUL,2,,35,FEMENINO,SIN DATOS,0,0,Morelia,Rafael Carrillo,marzo,jueves,9,-101.235455721617,19.7110220864523
44478,44484,2023,MOR230150502,2023/03/09,"09:50:00",COLISIÓN POR ALCANCE,ASFALTO,Bueno,Bueno,2,ITALICA,AMARILLO Y  NEGRO,3,,21,MASCULINO,SIN DATOS,1,0,Morelia,Enrique Arreguin Robles,marzo,jueves,10,-101.18814792484,19.7214407213693
44479,44485,2023,,2023/03/09,13:52:00,COLISIÓN POR CORTE DE CIRCULACIÓN,ASFALTO,Bueno,Bueno,2,VOLKSWAGEN,BLANCO,2,,35,MASCULINO,SIN DATOS,0,0,Morelia,Ferrocarrilero,marzo,jueves,14,-101.217476539314,19.6975620738343
44480,44486,2023,,2023/03/09,15:05:00,COLISIÓN POR CAMBIO DE CARRIL,ASFALTO,Bueno,Bueno,2,NISSAN,GRIS,2,,20,MASCULINO,SIN DATOS,0,0,Morelia,Sin datos,marzo,jueves,15,-101.164614893496,19.6650047004749
44481,44487,2023,,2023/03/09,16:03:00,COLISIÓN POR ALCANCE,ASFALTO,Bueno,Bueno,2,NISSAN,BLANCO,2,,0,MASCULINO,SIN DATOS,0,0,Morelia,Elias Perez Avalos,marzo,jueves,16,-101.164719834924,19.7107923070283
44482,44488,2023,MOR230151725,2023/03/09,17:30:00,COLISIÓN CONTRA OBJETO FIJO,CONCRETO,Bueno,Regular,2,HYUNDAI,BLANCO,2,,41,MASCULINO,SIN DATOS,0,0,Morelia,Rector Diaz Rubio,marzo,jueves,18,-101.199026294053,19.6685366387688
44483,44489,2023,,2023/03/09,18:39:00,COLISIÓN POR ALCANCE,ASFALTO,Bueno,Bueno,2,SEAT,ROJO,2,,25,MASCULINO,SIN DATOS,0,0,Morelia,Tinijaro,marzo,jueves,19,-101.264480240643,19.6962145266929
44484,44490,2023,,2023/03/09,19:44:00,COLISIÓN POR ALCANCE,ASFALTO,Bueno,Bueno,2,CHEVROLET,BLANCO,2,,27,MASCULINO,SIN DATOS,0,0,Morelia,Gertrudis Bocanegra,marzo,jueves,20,-101.213352307677,19.702452479308
44485,44491,2023,,2023/03/09,20:15:00,COLISIÓN POR CORTE DE CIRCULACIÓN,ASFALTO,Bueno,Bueno,2,TOYOTA,ARENA,2,MINISTERIO PÚBLICO,52,MASCULINO,SIN DATOS,1,0,Peribán,Sin datos,marzo,jueves,20,-102.447620406747,19.5555433733662
44486,44492,2023,,2023/03/09,21:57:00,COLISIÓN POR ALCANCE,ASFALTO,Bueno,Bueno,2,VOLKSWAGEN,BLANCO,2,,0,MASCULINO,SIN DATOS,0,0,Morelia,Dr Miguel Silva,marzo,jueves,22,-101.184767670929,19.7196622475339
44487,44493,2023,,2023/03/10,"07:45:00",COLISIÓN POR ALCANCE,ASFALTO,Bueno,Bueno,2,CHEVROLET,AZUL,2,,18,MASCULINO,SIN DATOS,0,0,Morelia,Ignacio Zaragoza,marzo,viernes,8,-101.200919263065,19.7249720458056
44488,44494,2023,,2023/03/10,"08:00:00",COLISIÓN POR ALCANCE,ASFALTO,Bueno,Bueno,2,NISSAN,ROJO,2,,55,MASCULINO,SIN DATOS,0,0,Morelia,Lomas del Tecnologico,marzo,viernes,8,-101.196184493601,19.7243092774829
44489,44495,2023,,2023/03/10,"08:00:00",COLISIÓN POR ALCANCE,ASFALTO,Bueno,Bueno,2,TOYOTA,BLANCO,2,,30,MASCULINO,SIN DATOS,0,0,Morelia,El Realito,marzo,viernes,8,-101.205204762518,19.7258374277348
44490,44496,2023,,2023/03/10,"08:25:00",COLISIÓN POR CORTE DE CIRCULACIÓN,CONCRETO,Bueno,Bueno,2,HONDA,BLANCO,2,,32,MASCULINO,SIN DATOS,0,0,Morelia,Los Pinos de Michoacan,marzo,viernes,8,-101.215635873377,19.6829006942298
44491,44497,2023,,2023/03/10,"08:30:00",COLISIÓN POR INVASIÓN DE CARRIL,ASFALTO,Bueno,Malo,2,NISSAN,ROJO,2,,57,MASCULINO,CON CERTIFICADO,0,0,Morelia,Indeco La Huerta,marzo,viernes,9,-101.230305209756,19.6467369573056
44492,44498,2023,,2023/03/10,10:20:00,COLISIÓN POR ALCANCE,ASFALTO,Bueno,Bueno,2,KENWORTH,ROJO,2,,24,MASCULINO,SIN DATOS,0,0,Morelia,Los Manantiales de Morelia,marzo,viernes,10,-101.240273304284,19.6927371776533
44493,44499,2023,,2023/03/10,11:10:00,COLISIÓN POR CAMBIO DE CARRIL,ASFALTO,Bueno,Bueno,2,CHRYSLER,BLANCO,2,,31,MASCULINO,SIN DATOS,0,0,Morelia,Cuauhtemoc,marzo,viernes,11,-101.181816905737,19.7005358546311
44494,44500,2023,,2023/03/10,11:40:00,COLISIÓN POR CAMBIO DE CARRIL,ASFALTO,Bueno,Bueno,2,DUCATI,ROJO,2,MINISTERIO PÚBLICO,22,MASCULINO,SIN DATOS,0,0,Morelia,Jose Ma Pino Suarez,marzo,viernes,12,-101.164606903003,19.7251723661641
44495,44501,2023,,2023/03/10,11:55:00,COLISIÓN POR CAMBIO DE CARRIL,ASFALTO,Bueno,Bueno,2,NISSAN,ROJO,2,,51,FEMENINO,SIN DATOS,0,0,Morelia,Mariano Michelena,marzo,viernes,12,-101.230039335787,19.6769243251492
44496,44502,2023,,2023/03/10,12:40:00,COLISIÓN POR ALCANCE,ASFALTO,Bueno,Bueno,2,NISSAN,PLATA,2,,32,MASCULINO,SIN DATOS,0,0,Morelia,Insurgentes,marzo,viernes,13,-101.152276396751,19.6980570238823
44497,44503,2023,LEG47539,2023/03/10,12:45:00,VOLCADURA,ASFALTO,Bueno,Bueno,1,HONDA,NEGRO,0,,,,,0,0,Morelia,Los Angeles,marzo,viernes,13,-101.175090260804,19.7444031908903
44498,44504,2023,,2023/03/10,15:28:00,COLISIÓN POR CORTE DE CIRCULACIÓN,ASFALTO,Bueno,Bueno,2,S/D,S/D,1,MINISTERIO PÚBLICO,50,MASCULINO,CON CERTIFICADO,0,0,Morelia,3 de Agosto,marzo,viernes,15,-101.169107593596,19.7296539522978
44499,44505,2023,,2023/03/10,16:27:00,COLISIÓN POR ALCANCE,ASFALTO,Bueno,Bueno,2,CHEVROLET,GUINDA,2,,,FEMENINO,SIN DATOS,0,0,Morelia,Sin datos,marzo,viernes,16,-101.166887395084,19.6674950928737
44500,44506,2023,,2023/03/10,17:40:00,COLISIÓN CON PEATÓN,SIN_DATOS,Bueno,Bueno,2,MAZDA,ROJO,2,,31,MASCULINO,SIN DATOS,0,0,Morelia,Ignacio Zaragoza,marzo,viernes,18,-101.205301657319,19.7254236735021
44501,44507,2023,,2023/03/10,18:00:00,VOLCADURA,ASFALTO,Bueno,Bueno,1,CHEVROLET,AZUL,1,MINISTERIO PÚBLICO,,,,0,1,Charo,San Pedro Y San Pablo,marzo,viernes,18,-101.046813949943,19.7521895652284
44502,44508,2023,,2023/03/10,19:40:00,COLISIÓN POR CAMBIO DE CARRIL,ASFALTO,Bueno,Bueno,2,CHEVROLET,ROJO,2,,45,FEMENINO,SIN DATOS,0,0,Morelia,Felix Ireta,marzo,viernes,20,-101.189571651565,19.6823537768783
44503,44509,2023,,2023/03/10,21:40:00,COLISIÓN POR ALCANCE,ASFALTO,Bueno,Bueno,2,FORD,GRIS,2,,28,MASCULINO,SIN DATOS,0,0,Morelia,Dr Miguel Silva,marzo,viernes,22,-101.188298463821,19.7211330010478