fid,id_accidente,anio_origen,folio_c5i,dia_incidente,hora_ocurrencia,tipo_incidente_vial,superficie_ocurrencia,condiciones_climaticas,condiciones_via,numero_vehiculos_involucrados,marca_vehiculo_ocasiona_siniestro,color_vehiculo_ocasiona_siniestro,numero_personas_involucradas,lugar_remite_presunto_responsable,edad_presunto_responsable,sexo_presunto_responsable,resultados_toxicologia,numero_personas_lesionadas,numero_personas_fallecidas,municipio,colonia,mes,dia_semana,hora_redondeada,lon,lat
44504,44510,2023,,2023/03/11,"07:20:00",COLISIÓN CONTRA OBJETO FIJO,CONCRETO,Bueno,Bueno,2,VOLKSWAGEN,ROJO,1,,,,SIN DATOS,0,0,Morelia,Chapultepec Norte,marzo,sábado,7,-101.17801822722,19.6933688259175
44505,44511,2023,,2023/03/11,11:25:00,COLISIÓN POR CORTE DE CIRCULACIÓN,CONCRETO,Bueno,Bueno,2,TOYOTA,BLANCO/AZUL,2,,61,MASCULINO,SIN DATOS,0,0,Morelia,Emiliano Zapata,marzo,sábado,11,-101.233296208084,19.653448874678
44506,44512,2023,MOR230155589,2023/03/11,11:40:00,COLISIÓN POR CAMBIO DE CARRIL,ASFALTO,Bueno,Bueno,2,SEAT,ROJO,2,,32,MASCULINO,SIN DATOS,0,0,Morelia,Cuauhtemoc,marzo,sábado,12,-101.178559027612,19.6975276671733
44507,44513,2023,LEG47573,2023/03/11,12:10:00,COLISIÓN POR ALCANCE,ASFALTO,Bueno,Bueno,2,TOYOTA,GRIS,2,,52,MASCULINO,SIN DATOS,0,0,Morelia,Ejidal Ocolusen,marzo,sábado,12,-101.159064397216,19.6877599799334
44508,44514,2023,,2023/03/11,13:40:00,SALIDA DE SUPERFICIE DE RODAMIENTO,ASFALTO,Bueno,Bueno,1,RENAULT,BLANCO/AZUL,1,,50,MASCULINO,SIN DATOS,0,0,Morelia,Mirador Poniente,marzo,sábado,14,-101.245969645679,19.7116722846818
44509,44515,2023,,2023/03/11,13:50:00,COLISIÓN CONTRA OBJETO FIJO,ASFALTO,Bueno,Bueno,1,FREIGHTLINER,BLANCO/GRIS,1,,48,MASCULINO,SIN DATOS,0,0,Morelia,Los Manantiales de Morelia,marzo,sábado,14,-101.237729564309,19.7014777560567
44510,44516,2023,,2023/03/11,14:40:00,COLISIÓN POR ALCANCE,ASFALTO,Bueno,Bueno,3,CHEVROLET,ROJO,3,,67,MASCULINO,SIN DATOS,0,0,Morelia,Union,marzo,sábado,15,-101.155032366514,19.7144037196254
44511,44517,2023,MOR230156136,2023/03/11,14:55:00,COLISIÓN POR CAMBIO DE CARRIL,ASFALTO,Bueno,Bueno,2,FREIGHTLINER,BLANCO,2,,63,MASCULINO,SIN DATOS,0,0,Morelia,Canteras de Morelia,marzo,sábado,15,-101.171488389373,19.7147490121005
44512,44518,2023,,2023/03/11,16:10:00,COLISIÓN POR INVASIÓN DE CARRIL,ASFALTO,Bueno,Bueno,2,MERCEDES BENZ,AMARILLO,2,,,MASCULINO,SIN DATOS,0,0,Morelia,Lazaro Cardenas,marzo,sábado,16,-101.165336407721,19.7101373707323
44513,44519,2023,,2023/03/11,17:01:00,COLISIÓN POR CORTE DE CIRCULACIÓN,ASFALTO,Bueno,Bueno,2,VOLKSWAGEN,PLATA,2,,32,MASCULINO,SIN DATOS,0,0,Morelia,Enrique Arreguin Robles,marzo,sábado,17,-101.179143078625,19.7203042047019
44514,44520,2023,,2023/03/11,17:45:00,COLISIÓN POR ALCANCE,ASFALTO,Bueno,Bueno,2,ITALIKA,GRAFITO,2,,22,MASCULINO,SIN DATOS,0,0,Morelia,Jacarandas,marzo,sábado,18,-101.211573332548,19.7089745760209
44515,44521,2023,,2023/03/11,18:22:00,SALIDA DE SUPERFICIE DE RODAMIENTO,ASFALTO,Bueno,Bueno,2,VOLKSWAGEN,ROJO,1,,37,MASCULINO,SIN DATOS,0,0,Álvaro Obregón,Los Sauces,marzo,sábado,18,-101.045942902565,19.8236227988344
44516,44522,2023,,2023/03/11,20:30:00,COLISIÓN POR ALCANCE,ASFALTO,Bueno,Bueno,2,RENAULT,GRIS,2,,49,MASCULINO,SIN DATOS,0,0,Morelia,Country Club  Las Huertas,marzo,sábado,21,-101.226582638919,19.6619813222193
44517,44523,2023,,2023/03/11,20:55:00,COLISIÓN CON PEATÓN,ASFALTO,Bueno,Bueno,1,NISSAN,BLANCO,2,,29,MASCULINO,SIN DATOS,1,0,Morelia,Cuauhtemoc,marzo,sábado,21,-101.179133355618,19.6942722585333
44518,44524,2023,MOR230157109,2023/03/11,21:20:00,COLISIÓN POR CORTE DE CIRCULACIÓN,ASFALTO,Bueno,Bueno,2,FORD,GRIS,1,,48,MASCULINO,ALIENTO ETÍLICO,0,0,Morelia,Chapultepec Oriente,marzo,sábado,21,-101.162859021563,19.6884281997952
44519,44525,2023,,2023/03/11,23:45:00,COLISIÓN CONTRA OBJETO FIJO,ASFALTO,Bueno,Bueno,1,HONDA,CAFE,3,,34,MASCULINO,SIN DATOS,2,0,Cuitzeo,Sin datos,marzo,sábado,0,-101.1732519418,19.9675065420343
44520,44526,2023,,2023/03/12,"07:05:00",COLISIÓN CONTRA OBJETO FIJO,ASFALTO,Bueno,Bueno,1,VOLKSWAGEN,ROJO,1,,35,MASCULINO,SIN DATOS,0,0,Morelia,Comision Federal de Electricidad,marzo,domingo,7,-101.181440725923,19.6813756063896
44521,44527,2023,,2023/03/12,12:10:00,COLISIÓN POR CAMBIO DE CARRIL,ASFALTO,Bueno,Bueno,1,NISSAN,ROJO,1,MINISTERIO PÚBLICO,20,MASCULINO,SIN DATOS,0,0,Morelia,El Lago 1,marzo,domingo,12,-101.209000088274,19.7263218754558
44522,44528,2023,,2023/03/12,14:00:00,COLISIÓN POR CORTE DE CIRCULACIÓN,ASFALTO,Bueno,Bueno,2,ITALIKA,ROJO,2,MINISTERIO PÚBLICO,49,MASCULINO,SIN DATOS,0,0,Morelia,Vasco de Quiroga,marzo,domingo,14,-101.167011447251,19.7003227896993
44523,44529,2023,,2023/03/12,14:30:00,COLISIÓN CON PEATÓN,SIN_DATOS,Bueno,Bueno,2,TOYOTA,BLANCO Y GRIS,2,,63,MASCULINO,SIN DATOS,0,0,Morelia,Lazaro Cardenas,marzo,domingo,15,-101.164233013988,19.7086923981795
44524,44530,2023,,2023/03/12,14:40:00,COLISIÓN POR CAMBIO DE CARRIL,ASFALTO,Bueno,Bueno,2,NISSAN,GRIS,2,,57,FEMENINO,SIN DATOS,0,0,Morelia,Santiaguito,marzo,domingo,15,-101.189794465899,19.7154739976223
44525,44531,2023,,2023/03/12,17:00:00,COLISIÓN POR ALCANCE,ASFALTO,Bueno,Bueno,2,FORD,NEGRO,0,MINISTERIO PÚBLICO,,,,0,0,Lázaro Cárdenas,Sin datos,marzo,domingo,17,-102.228232473135,17.9353876365204
44526,44532,2023,,2023/03/12,18:50:00,COLISIÓN POR CORTE DE CIRCULACIÓN,ASFALTO,Lluvioso,Malo,2,FORD,NEGRO,4,MINISTERIO PÚBLICO,42,MASCULINO,SIN DATOS,3,0,Hidalgo,Corros,marzo,domingo,19,-100.555386990309,19.7072142705475
44527,44533,2023,LEG47584,2023/03/12,19:30:00,COLISIÓN POR INVASIÓN DE CARRIL,ASFALTO,Bueno,Bueno,2,FORD,ROJO,3,MINISTERIO PÚBLICO,39,FEMENINO,SIN DATOS,1,0,Morelia,Sin datos,marzo,domingo,20,-101.137219428562,19.6639589739897
44528,44534,2023,,2023/03/12,19:50:00,COLISIÓN CON PEATÓN,ADOQUIN_EMPEDRADO,Bueno,Bueno,1,S/D,AMARILLO,2,MINISTERIO PÚBLICO,0,,SIN DATOS,0,1,Morelia,El Eden,marzo,domingo,20,-101.253735981882,19.6421350411423
44529,44535,2023,,2023/03/12,20:55:00,COLISIÓN POR CORTE DE CIRCULACIÓN,ASFALTO,Bueno,Bueno,2,CHEVROLET,NEGRO,2,,39,MASCULINO,SIN DATOS,0,0,Morelia,Felix Ireta,marzo,domingo,21,-101.190756373107,19.6896022587604
44530,44536,2023,,2023/03/12,21:00:00,COLISIÓN POR CORTE DE CIRCULACIÓN,ASFALTO,Bueno,Bueno,2,JEEP,BLANCO,2,,29,FEMENINO,SIN DATOS,0,0,Morelia,Nueva Chapultepec,marzo,domingo,21,-101.176250651479,19.6871949175809
44531,44537,2023,,2023/03/12,23:30:00,COLISIÓN POR CORTE DE CIRCULACIÓN,ASFALTO,Bueno,Bueno,2,FORD,ROJO,2,MINISTERIO PÚBLICO,29,MASCULINO,SIN DATOS,0,0,Lagunillas,Sin datos,marzo,domingo,0,-101.428446695209,19.6022651949767
44532,44538,2023,,2023/03/13,"00:00:00",COLISIÓN POR CORTE DE CIRCULACIÓN,ASFALTO,Bueno,Bueno,2,SEAT,GRIS,2,,0,FEMENINO,SIN DATOS,0,0,Morelia,Cuauhtemoc,marzo,lunes,0,-101.182997077703,19.6998417353875
44533,44539,2023,,2023/03/13,"07:15:00",VOLCADURA,ASFALTO,Bueno,Bueno,1,VOLSKWAGEN,PLATA,1,,19,MASCULINO,SIN DATOS,0,0,Morelia,Clara Cordova Moran,marzo,lunes,7,-101.182850897312,19.7323519431427
44534,44540,2023,MOR230160285,2023/03/13,"07:55:00",COLISIÓN POR CAMBIO DE CARRIL,ASFALTO,Bueno,Bueno,2,DODGE,CAFE,2,MINISTERIO PÚBLICO,33,MASCULINO,SIN DATOS,0,0,Morelia,San Pascual,marzo,lunes,8,-101.267323382199,19.6952568111927
44535,44541,2023,MOR230160430,2023/03/13,"09:25:00",COLISIÓN POR ALCANCE,ASFALTO,Bueno,Bueno,2,CHEVROLET,AZUL,2,,35,MASCULINO,SIN DATOS,0,0,Morelia,La Esperanza,marzo,lunes,9,-101.154553256929,19.6998767728567
44536,44542,2023,LEG47601,2023/03/13,"09:50:00",COLISIÓN POR CORTE DE CIRCULACIÓN,CONCRETO,Bueno,Bueno,2,CHEVROLET,GRIS,2,,33,MASCULINO,SIN DATOS,0,0,Morelia,Arboledas de Valladolid,marzo,lunes,10,-101.250462681055,19.6925938648067
44537,44543,2023,,2023/03/13,10:21:00,COLISIÓN POR ALCANCE,ASFALTO,Bueno,Bueno,2,NISSAN,BLANCO,2,,42,MASCULINO,SIN DATOS,0,0,Morelia,Libertad,marzo,lunes,10,-101.238112784922,19.6873521250725
44538,44544,2023,LEG47599,2023/03/13,14:00:00,COLISIÓN POR CORTE DE CIRCULACIÓN,CONCRETO,Bueno,Bueno,2,TOYOTA,BLANCO,3,MINISTERIO PÚBLICO,20,MASCULINO,SIN DATOS,1,0,Morelia,Adolfo Lopez Mateos,marzo,lunes,14,-101.225004829466,19.6988306959229
44539,44545,2023,,2023/03/13,15:00:00,VOLCADURA,ASFALTO,Bueno,Bueno,1,SUZUKI,ROJO,0,,,,,0,0,Morelia,Puerta Tres Marias,marzo,lunes,15,-101.139955334365,19.6908608424749
44540,44546,2023,,2023/03/13,15:10:00,COLISIÓN CONTRA OBJETO FIJO,ASFALTO,Bueno,Bueno,1,JAC,NEGRO,1,,46,MASCULINO,SIN DATOS,0,0,Morelia,Cumbres de Morelia,marzo,lunes,15,-101.140444502234,19.6911642016547
44541,44547,2023,MOR230161314,2023/03/13,15:20:00,COLISIÓN POR ALCANCE,ASFALTO,Lluvioso,Bueno,2,MERCEDEZ BENZ,AZUL,2,,45,MASCULINO,SIN DATOS,0,0,Morelia,Mirador del Punhuato,marzo,lunes,15,-101.160149350762,19.7049801666015
44542,44548,2023,LEG47602,2023/03/13,15:25:00,COLISIÓN POR CORTE DE CIRCULACIÓN,ASFALTO,Lluvioso,Malo,2,MAZDA,PLATA,2,,24,MASCULINO,SIN DATOS,0,0,Morelia,Cinco de Diciembre,marzo,lunes,15,-101.165820211172,19.6844484967454
44543,44549,2023,,2023/03/13,15:42:00,COLISIÓN POR CORTE DE CIRCULACIÓN,ASFALTO,Bueno,Bueno,1,CHEVROLET,BLANCO,1,,29,MASCULINO,SIN DATOS,0,0,Morelia,Valle de Las Flores,marzo,lunes,16,-101.126721650362,19.6876791666689
44544,44550,2023,,2023/03/13,16:38:00,VOLCADURA,ASFALTO,Bueno,Bueno,1,CHEVROLET,NEGRO,1,MINISTERIO PÚBLICO,,,SIN DATOS,0,0,Morelia,Club de Golf Tres Marias,marzo,lunes,17,-101.10903583467,19.7080320874596
44545,44551,2023,MOR230161305,2023/03/13,16:40:00,COLISIÓN POR CORTE DE CIRCULACIÓN,CONCRETO,Bueno,Bueno,2,ITALIKA,BLANCO,2,,24,MASCULINO,SIN DATOS,0,0,Morelia,Felix Ireta,marzo,lunes,17,-101.18959531188,19.6840280060876
44546,44552,2023,LEG47603,2023/03/13,18:10:00,COLISIÓN POR ALCANCE,ASFALTO,Bueno,Regular,3,VOLKSWAGEN,BLANCO,3,,40,MASCULINO,SIN DATOS,0,0,Morelia,Felix Arreguin,marzo,lunes,18,-101.226535029709,19.7214814350905
44548,44554,2023,,2023/03/14,"04:00:00",COLISIÓN CONTRA OBJETO FIJO,CONCRETO,Bueno,Bueno,1,CHEVROLET,BLANCO,1,,33,,SIN DATOS,0,0,Morelia,Martires de Uruapan,marzo,martes,4,-101.197319408167,19.725017061641
44550,44556,2023,,2023/03/14,"08:00:00",COLISIÓN CON PEATÓN,ASFALTO,Bueno,Bueno,1,SEAT,BLANCO,1,,30,MASCULINO,SIN DATOS,0,0,Morelia,Melchor Ocampo,marzo,martes,8,-101.201937888211,19.7065671597378
44553,44559,2023,,2023/03/14,"09:00:00",COLISIÓN POR CORTE DE CIRCULACIÓN,ASFALTO,Bueno,Bueno,2,DODGE,GRIS,2,,67,,SIN DATOS,0,0,Morelia,La Huerta,marzo,martes,9,-101.232666365845,19.6599222920998
44554,44560,2023,,2023/03/14,10:00:00,COLISIÓN POR CORTE DE CIRCULACIÓN,ASFALTO,Bueno,Bueno,2,NISSAN,BLANCO,2,,36,MASCULINO,SIN DATOS,0,0,Morelia,Adolfo Lopez Mateos,marzo,martes,10,-101.226139622885,19.6981067844139
44555,44561,2023,,2023/03/14,12:55:00,COLISIÓN POR ALCANCE,CONCRETO,Bueno,Bueno,2,NISSAN,GRIS,2,,25,MASCULINO,SIN DATOS,0,0,Morelia,Ferrocarrilero,marzo,martes,13,-101.223609235,19.6918737849991
44557,44563,2023,,2023/03/14,13:00:00,COLISIÓN POR CAMBIO DE CARRIL,ASFALTO,Bueno,Bueno,2,MASA,BLANCO,2,,48,MASCULINO,SIN DATOS,0,0,Morelia,Torreon Nuevo,marzo,martes,13,-101.204134197642,19.7466154097992
44559,44565,2023,,2023/03/14,17:00:00,COLISIÓN CON PEATÓN,ASFALTO,Bueno,Bueno,2,RENAULT,BLANCO,3,,23,MASCULINO,SIN DATOS,1,0,Morelia,Santillan La Huerta,marzo,martes,17,-101.217875015,19.6742008549991
44560,44566,2023,,2023/03/14,18:25:00,COLISIÓN POR ALCANCE,ASFALTO,Nublado,Bueno,2,NAVISTAR,BLANCO Y AZUL,2,,24,MASCULINO,SIN DATOS,0,0,Morelia,Felix Ireta,marzo,martes,18,-101.190105135,19.6853188699992
44562,44568,2023,,2023/03/15,"08:50:00",COLISIÓN POR CAMBIO DE CARRIL,ASFALTO,Bueno,Bueno,2,BMW,BLANCO,2,MINISTERIO PÚBLICO,30,FEMENINO,SIN DATOS,0,0,Morelia,Insurgentes,marzo,miércoles,9,-101.155416805,19.6953315299991
44563,44569,2023,MOR230165244,2023/03/15,"09:00:00",COLISIÓN POR ALCANCE,ASFALTO,Bueno,Bueno,2,TOYOTA,BLANCO Y GUINDA,2,MINISTERIO PÚBLICO,21,MASCULINO,SIN DATOS,0,0,Morelia,Lomas de San Juan,marzo,miércoles,9,-101.183039681886,19.7298664251429
44566,44572,2023,,2023/03/15,11:00:00,COLISIÓN POR ALCANCE,ASFALTO,Bueno,Bueno,2,HONDA,PLATA,2,,39,MASCULINO,SIN DATOS,0,0,Morelia,Tenencia Morelos,marzo,miércoles,11,-101.243929623155,19.6466055443724
44567,44573,2023,,2023/03/15,12:50:00,COLISIÓN POR ALCANCE,CONCRETO,Bueno,Bueno,3,CHEVROLET,GRIS,3,,62,MASCULINO,SIN DATOS,0,0,Morelia,Pascual Ortiz de Ayala,marzo,miércoles,13,-101.152216382325,19.6981785515618
44568,44574,2023,,2023/03/15,13:10:00,COLISIÓN POR CORTE DE CIRCULACIÓN,CONCRETO,Bueno,Bueno,2,Nissan,azul.,2,MINISTERIO PÚBLICO,28,FEMENINO,SIN DATOS,0,0,Morelia,Dr Miguel Silva,marzo,miércoles,13,-101.185241080821,19.7154553759196
44569,44575,2023,,2023/03/15,14:05:00,COLISIÓN POR CORTE DE CIRCULACIÓN,SIN_DATOS,Bueno,Bueno,2,NISSAN,BLANCO Y NARANJA,2,,45,MASCULINO,SIN DATOS,0,0,Morelia,Centro,marzo,miércoles,14,-101.190959615713,19.7038724375015
44570,44576,2023,,2023/03/15,15:00:00,COLISIÓN POR CAMBIO DE CARRIL,ASFALTO,Bueno,Bueno,2,CHRYSLER,BLANCO,2,,18,MASCULINO,SIN DATOS,0,0,Morelia,Alberto Oviedo Mota,marzo,miércoles,15,-101.198908182011,19.681555672698
44571,44577,2023,,2023/03/15,15:00:00,COLISIÓN POR ALCANCE,ASFALTO,Bueno,Bueno,3,CHRYSLER,BLANCO,3,,22,MASCULINO,SIN DATOS,0,0,Morelia,Cosmos,marzo,miércoles,15,-101.218920954689,19.6840718148917
44573,44579,2023,,2023/03/15,15:46:00,COLISIÓN POR CORTE DE CIRCULACIÓN,ASFALTO,Lluvioso,Bueno,2,VOLKSWAGEN,BLANCO,2,,54,FEMENINO,SIN DATOS,0,0,Morelia,Cuauhtemoc,marzo,miércoles,16,-101.17854569,19.6974281599991
44575,44581,2023,LEG47635,2023/03/15,17:29:00,VOLCADURA,ASFALTO,Bueno,Regular,1,MITSUBISHI,GRIS,1,,47,,SIN DATOS,0,0,Morelia,Bosques Tres Marias,marzo,miércoles,17,-101.102,19.7232
44576,44582,2023,,2023/03/15,17:48:00,COLISIÓN POR CAMBIO DE CARRIL,ASFALTO,Bueno,Bueno,2,FORD,VERDE,2,,0,MASCULINO,SIN DATOS,0,0,Morelia,Bello Horizonte,marzo,miércoles,18,-101.188296998863,19.6600592599565
44578,44584,2023,,2023/03/15,22:50:00,COLISIÓN POR INVASIÓN DE CARRIL,ASFALTO,Nublado,Bueno,1,FORD,AZUL Y GRIS,2,,56,MASCULINO,SIN DATOS,0,0,Peribán,Sin datos,marzo,miércoles,23,-102.44506392628,19.5527845918625
44579,44585,2023,,2023/03/16,"00:00:00",COLISIÓN CON PEATÓN,ASFALTO,Bueno,Bueno,1,NISSAN,BLANCO,2,,40,FEMENINO,SIN DATOS,1,0,Morelia,Matamoros,marzo,jueves,0,-101.164396230858,19.6970898545407
44580,44586,2023,,2023/03/16,"08:40:00",COLISIÓN POR CORTE DE CIRCULACIÓN,CONCRETO,Bueno,Bueno,2,VENTO,NEGRO Y ROJO,2,,16,MASCULINO,SIN DATOS,0,0,Morelia,Industrial,marzo,jueves,9,-101.193117475,19.7116345199991
44582,44588,2023,,2023/03/16,11:00:00,CAIDA ACUATICA DE VEHÍCULO,ASFALTO,Bueno,Bueno,1,CHEVROLET,PLATA,1,,47,MASCULINO,SIN DATOS,0,0,Morelia,Loma Real,marzo,jueves,11,-101.19781947,19.7313689249991
44583,44589,2023,,2023/03/16,11:10:00,COLISIÓN POR CORTE DE CIRCULACIÓN,ASFALTO,Bueno,Bueno,2,VOLKSWAGEN,BLANCO,2,MINISTERIO PÚBLICO,34,FEMENINO,SIN DATOS,0,0,Morelia,Consuelo Alfaro de Vazquez,marzo,jueves,11,-101.140759735,19.7236501149991
44584,44590,2023,,2023/03/16,12:40:00,COLISIÓN POR CORTE DE CIRCULACIÓN,CONCRETO,Nublado,Bueno,2,ITALIKA,VINO Y MEGRO,2,,21,MASCULINO,SIN DATOS,0,0,Morelia,Real San Diego,marzo,jueves,13,-101.218406965,19.6652087749992
44585,44591,2023,,2023/03/16,13:00:00,COLISIÓN POR CAMBIO DE CARRIL,ASFALTO,Bueno,Bueno,2,INTERNACIONAL,BLANCO,2,,,MASCULINO,SIN DATOS,0,0,Morelia,Lomas de San Juan,marzo,jueves,13,-101.183039681886,19.7298664251429
44586,44592,2023,,2023/03/16,18:15:00,COLISIÓN POR ALCANCE,ASFALTO,Bueno,Bueno,2,JEEP,ROJO,2,,42,MASCULINO,SIN DATOS,0,0,Morelia,Gertrudis Sanchez,marzo,jueves,18,-101.205776745,19.7441101549991
44587,44593,2023,,2023/03/16,19:20:00,COLISIÓN POR CORTE DE CIRCULACIÓN,ASFALTO,Bueno,Bueno,2,NISSAN,BLANCO,2,,,MASCULINO,SIN DATOS,0,0,Morelia,Camelinas,marzo,jueves,19,-101.169276475247,19.6814280484255
44588,44594,2023,,2023/03/16,20:00:00,COLISIÓN POR CORTE DE CIRCULACIÓN,CONCRETO,Bueno,Bueno,2,TOYOTA,BLANCO Y  ROJO,2,,75,MASCULINO,SIN DATOS,0,0,Morelia,Torreon Nuevo,marzo,jueves,20,-101.20267092,19.7462801999991
44589,44595,2023,,2023/03/16,20:40:00,COLISIÓN CON PEATÓN,ASFALTO,Bueno,Bueno,2,NISSAN,GRIS,0,MINISTERIO PÚBLICO,,,,0,0,Lázaro Cárdenas,Bassols,marzo,jueves,21,-102.229756638408,17.9740416220801
44590,44596,2023,,2023/03/16,21:00:00,COLISIÓN POR ALCANCE,ASFALTO,Bueno,Bueno,2,FORD,BLANCO,2,,58,MASCULINO,SIN DATOS,0,0,Morelia,Gral Gertrudis Sanchez,marzo,jueves,21,-101.2094753,19.7439916449991
44591,44597,2023,,2023/03/17,"04:05:00",COLISIÓN CONTRA OBJETO FIJO,ASFALTO,Bueno,Bueno,1,FORD,VERDE,1,MINISTERIO PÚBLICO,34,FEMENINO,SIN DATOS,0,0,Morelia,San Jose del Cerrito,marzo,viernes,4,-101.222508805174,19.6597366652037
44592,44598,2023,,2023/03/17,"07:55:00",COLISIÓN POR CAMBIO DE CARRIL,ASFALTO,Bueno,Bueno,2,KENWORTH,ROJO,2,,54,MASCULINO,SIN DATOS,0,0,Morelia,Nicolaitas Ilustres,marzo,viernes,8,-101.224716156721,19.7246684351342
44593,44599,2023,,2023/03/17,"08:20:00",COLISIÓN POR ALCANCE,CONCRETO,Bueno,Bueno,2,CHEVROLET,BLANCO/VERDE,2,MINISTERIO PÚBLICO,,,,1,1,Morelia,Ejidal Ocolusen,marzo,viernes,8,-101.152018904686,19.6835781556255
44594,44600,2023,,2023/03/17,10:33:00,COLISIÓN POR CORTE DE CIRCULACIÓN,ASFALTO,Bueno,Bueno,2,NISSAN,BLANCO/NARANJA,2,,23,MASCULINO,SIN DATOS,0,0,Morelia,Ventura Puente,marzo,viernes,11,-101.183634437621,19.6900653505326
44595,44601,2023,MOR230170259,2023/03/17,10:57:00,COLISIÓN POR ALCANCE,ASFALTO,Bueno,Bueno,2,HONDA,ACERO,2,,72,MASCULINO,SIN DATOS,0,0,Morelia,Comision Federal de Electricidad,marzo,viernes,11,-101.177047602832,19.6816515186168
44596,44602,2023,,2023/03/17,12:00:00,COLISIÓN POR CORTE DE CIRCULACIÓN,CONCRETO,Bueno,Bueno,2,NISSAN,GRIS,2,,42,MASCULINO,SIN DATOS,0,0,Morelia,El Realito,marzo,viernes,12,-101.204997561872,19.7266191709847
44597,44603,2023,,2023/03/17,12:30:00,COLISIÓN POR ALCANCE,ASFALTO,Bueno,Bueno,2,FORD,BLANCO,2,,41,MASCULINO,SIN DATOS,0,0,Morelia,Montaña Monarca,marzo,viernes,13,-101.164695359766,19.6655818384654
44598,44604,2023,,2023/03/17,12:55:00,COLISIÓN POR ALCANCE,ASFALTO,Bueno,Bueno,2,KENWORTH,NARANJA,2,,36,MASCULINO,SIN DATOS,0,0,Morelia,Tinijaro,marzo,viernes,13,-101.263172663748,19.6963215354189
44599,44605,2023,,2023/03/17,14:15:00,COLISIÓN CONTRA OBJETO FIJO,ASFALTO,Bueno,Bueno,2,HONDA,PLATA,1,,30,MASCULINO,SIN DATOS,0,0,Morelia,Lomas del Valle,marzo,viernes,14,-101.231744214892,19.6898999382197
44600,44606,2023,,2023/03/17,14:47:00,COLISIÓN POR ALCANCE,ASFALTO,Bueno,Bueno,2,VOLKSWAGEN,GRIS,2,,36,MASCULINO,SIN DATOS,0,0,Morelia,Adolfo Lopez Mateos,marzo,viernes,15,-101.22963398695,19.7034174116001
44601,44607,2023,MOR230171113,2023/03/17,15:40:00,COLISIÓN CONTRA OBJETO FIJO,ASFALTO,Bueno,Regular,1,NISSAN,GRIS,1,,27,MASCULINO,SIN DATOS,0,0,Morelia,Bosques Tres Marias,marzo,viernes,16,-101.104718819261,19.7258090235884
44602,44608,2023,,2023/03/17,15:58:00,COLISIÓN POR CORTE DE CIRCULACIÓN,ASFALTO,Bueno,Bueno,2,NISSAN,BLANCO,2,,,MASCULINO,SIN DATOS,0,0,Morelia,Las Margaritas,marzo,viernes,16,-101.208579652011,19.7083357297258
44603,44609,2023,,2023/03/17,17:00:00,COLISIÓN POR CORTE DE CIRCULACIÓN,ASFALTO,Bueno,Bueno,2,VOLSKWAGEN,AZUL,2,,18,MASCULINO,SIN DATOS,0,0,Morelia,Felix Ireta,marzo,viernes,17,-101.180240772665,19.6879377058366
44604,44610,2023,LEG47657,2023/03/17,17:15:00,COLISIÓN POR ALCANCE,ASFALTO,Bueno,Bueno,2,FORD,ROJO,2,,41,FEMENINO,SIN DATOS,0,0,Morelia,Jardines de Torremolinos,marzo,viernes,17,-101.225648894906,19.6768435064176
44605,44611,2023,,2023/03/17,17:20:00,COLISIÓN POR NO RESPETAR SEMÁFORO,CONCRETO,Bueno,Bueno,2,GEELY,NEGRO,3,,23,MASCULINO,SIN DATOS,1,0,Morelia,Comision Federal de Electricidad,marzo,viernes,17,-101.178784668446,19.6815403961294
44606,44612,2023,,2023/03/17,19:20:00,COLISIÓN POR CAMBIO DE CARRIL,ASFALTO,Bueno,Bueno,2,MERCEDES BENZ,VERDE,2,,60,MASCULINO,SIN DATOS,0,0,Morelia,Enrique Arreguin Robles,marzo,viernes,19,-101.188149936497,19.7214422994207
44607,44613,2023,,2023/03/17,19:20:00,COLISIÓN POR CORTE DE CIRCULACIÓN,ASFALTO,Bueno,Bueno,2,ITALIKA,AMARILLO/NEGRO,2,,23,MASCULINO,SIN DATOS,0,0,Morelia,Ventura Puente,marzo,viernes,19,-101.179264448583,19.6935658011782
44608,44614,2023,,2023/03/17,20:35:00,COLISIÓN POR INVASIÓN DE CARRIL,ASFALTO,Bueno,Bueno,2,VOLKSWAGEN,BLANCO,2,,27,MASCULINO,SIN DATOS,0,0,Morelia,Granjas de La Huerta,marzo,viernes,21,-101.235667280853,19.6686480859887
44609,44615,2023,LEG47667,2023/03/18,"01:00:00",CAIDA DE MOTOCICLETA,ASFALTO,Bueno,Bueno,1,VENTO,NEGRO/GRIS,1,,45,MASCULINO,ALIENTO ETÍLICO,0,0,Morelia,Ejidal Tres Puentes,marzo,sábado,1,-101.225947961211,19.6924704388822
44610,44616,2023,,2023/03/18,"02:53:00",COLISIÓN CONTRA OBJETO FIJO,ASFALTO,Bueno,Bueno,1,MAZDA,PLATA,1,MINISTERIO PÚBLICO,35,MASCULINO,CON CERTIFICADO,0,0,Morelia,Nueva Chapultepec,marzo,sábado,3,-101.165751814842,19.6886997468156
44611,44617,2023,,2023/03/18,"08:25:00",VOLCADURA,ASFALTO,Bueno,Bueno,2,FREIGHTLINER,BLANCO,1,MINISTERIO PÚBLICO,25,MASCULINO,SIN DATOS,0,0,Charo,San Pedro Y San Pablo,marzo,sábado,8,-101.046820320189,19.752183885337
44612,44618,2023,,2023/03/18,"08:35:00",COLISIÓN POR CAMBIO DE CARRIL,ASFALTO,Bueno,Bueno,2,VOLKSWAGEN,PLATA,1,,48,FEMENINO,SIN DATOS,0,0,Morelia,Bosques Tres Marias,marzo,sábado,9,-101.104036136485,19.724373095421
44613,44619,2023,,2023/03/18,"08:55:00",COLISIÓN POR ALCANCE,ASFALTO,Bueno,Bueno,2,VOLKSWAGEN,VERDE,2,MINISTERIO PÚBLICO,29,MASCULINO,SIN DATOS,0,0,Morelia,Sin datos,marzo,sábado,9,-101.357148550451,19.6698212763852