fid,id_accidente,anio_origen,folio_c5i,dia_incidente,hora_ocurrencia,tipo_incidente_vial,superficie_ocurrencia,condiciones_climaticas,condiciones_via,numero_vehiculos_involucrados,marca_vehiculo_ocasiona_siniestro,color_vehiculo_ocasiona_siniestro,numero_personas_involucradas,lugar_remite_presunto_responsable,edad_presunto_responsable,sexo_presunto_responsable,resultados_toxicologia,numero_personas_lesionadas,numero_personas_fallecidas,municipio,colonia,mes,dia_semana,hora_redondeada,lon,lat
44614,44620,2023,,2023/03/18,11:35:00,COLISIÓN POR ALCANCE,ASFALTO,Bueno,Bueno,3,VOLKSWAGEN,GRIS,3,,38,MASCULINO,SIN DATOS,0,0,Morelia,Jardines de Sindurio,marzo,sábado,12,-101.256305202842,19.6975481849078
44615,44621,2023,,2023/03/18,14:10:00,COLISIÓN POR CORTE DE CIRCULACIÓN,CONCRETO,Bueno,Bueno,2,ITALIKA,NEGRO,2,,18,MASCULINO,SIN DATOS,0,0,Morelia,Nueva Chapultepec,marzo,sábado,14,-101.173145994544,19.6863893056842
44616,44622,2023,MOR230173418,2023/03/18,15:05:00,COLISIÓN POR CAMBIO DE CARRIL,ASFALTO,Bueno,Bueno,2,FORD,BLANCO/AZUL,2,,38,MASCULINO,SIN DATOS,0,0,Morelia,Americas Britania,marzo,sábado,15,-101.149223707616,19.6946501077691
44617,44623,2023,,2023/03/18,16:00:00,COLISIÓN POR CAMBIO DE CARRIL,ASFALTO,Bueno,Bueno,1,FORD,BLANCO,2,,38,MASCULINO,SIN DATOS,0,0,Morelia,Victor Manuel Tinoco Rubi,marzo,sábado,16,-101.24316137284,19.7005109181575
44618,44624,2023,,2023/03/18,18:00:00,COLISIÓN POR ALCANCE,ASFALTO,Bueno,Bueno,2,MERCEDES BENZ,BLANCO/VERDE,2,,21,MASCULINO,SIN DATOS,0,0,Morelia,Guadalupe,marzo,sábado,18,-101.22593857348,19.7084165325602
44619,44625,2023,,2023/03/18,20:00:00,SALIDA DE SUPERFICIE DE RODAMIENTO,ASFALTO,Bueno,Bueno,1,FORD,GRIS,1,MINISTERIO PÚBLICO,,,SIN DATOS,0,0,Morelia,Alberto Oviedo Mota,marzo,sábado,20,-101.197750903666,19.6811546237138
44620,44626,2023,,2023/03/19,"00:25:00",COLISIÓN POR ALCANCE,ASFALTO,Bueno,Bueno,2,ITALIKA,NEGRO,2,,26,MASCULINO,SIN DATOS,0,0,Morelia,Sin datos,marzo,domingo,0,-101.27948384732,19.6461550151291
44621,44627,2023,,2023/03/19,"02:00:00",COLISIÓN CONTRA OBJETO FIJO,ASFALTO,Bueno,Bueno,1,CHEVROLET,GRIS,1,,,FEMENINO,SIN DATOS,0,0,Morelia,El Durazno,marzo,domingo,2,-101.176363304257,19.6578433439191
44622,44628,2023,,2023/03/19,"04:17:00",COLISIÓN POR CORTE DE CIRCULACIÓN,ASFALTO,Bueno,Bueno,2,NISSAN,GRIS,2,,,MASCULINO,SIN DATOS,0,0,Morelia,Gertrudis Sanchez,marzo,domingo,4,-101.203377507627,19.7399729135826
44623,44629,2023,,2023/03/19,"04:20:00",SUBIDA AL CAMELLÓN,ASFALTO,Bueno,Bueno,1,VOLKSWAGEN,BLANCO,1,,47,MASCULINO,SIN DATOS,0,0,Morelia,Los Laureles,marzo,domingo,4,-101.232178732753,19.7136642104721
44624,44630,2023,,2023/03/19,"08:10:00",COLISIÓN POR INVASIÓN DE CARRIL,CONCRETO,Bueno,Bueno,2,SUZUKI,NARANJA,2,,30,FEMENINO,SIN DATOS,0,0,Morelia,Solidaridad,marzo,domingo,8,-101.20612308383,19.7354538346603
44625,44631,2023,,2023/03/19,13:45:00,COLISIÓN POR CORTE DE CIRCULACIÓN,ASFALTO,Bueno,Bueno,2,INTERNATIONAL,BLANCO/NARANJA,2,,21,MASCULINO,SIN DATOS,0,0,Morelia,Infonavit Cepamisa,marzo,domingo,14,-101.21634028852,19.6965323960619
44626,44632,2023,,2023/03/19,16:00:00,COLISIÓN POR CAMBIO DE CARRIL,ASFALTO,Bueno,Bueno,2,JAC,BLANCO,2,,,MASCULINO,SIN DATOS,0,0,Morelia,Santiaguito,marzo,domingo,16,-101.189102455974,19.7152896742314
44627,44633,2023,,2023/03/19,17:25:00,SUBIDA AL CAMELLÓN,ASFALTO,Bueno,Bueno,0,,,0,,,,,0,0,Morelia,Campestre Los Manantiales,marzo,domingo,17,-101.238361224532,19.688246437043
44628,44634,2023,,2023/03/19,17:25:00,COLISIÓN CONTRA OBJETO FIJO,ASFALTO,Bueno,Bueno,1,CHEVROLET,GRIS,5,,27,FEMENINO,SIN DATOS,4,0,Morelia,Los Manantiales de Morelia,marzo,domingo,17,-101.241407543421,19.6953953867301
44629,44635,2023,LEG47693,2023/03/19,18:10:00,COLISIÓN CONTRA OBJETO FIJO,ASFALTO,Bueno,Bueno,2,VOSLKWAGEN,BLANCO,2,,49,MASCULINO,ALIENTO ETÍLICO,0,0,Morelia,Loma Bonita,marzo,domingo,18,-101.196560002863,19.7229184018805
44630,44636,2023,MOR230176206,2023/03/19,18:35:00,COLISIÓN POR NO RESPETAR SEMÁFORO,ASFALTO,Bueno,Bueno,2,TOYOTA,GRIS,2,MINISTERIO PÚBLICO,33,MASCULINO,SIN DATOS,0,0,Morelia,Jardines del Rincon,marzo,domingo,19,-101.152090318501,19.6884039591777
44631,44637,2023,,2023/03/19,18:52:00,COLISIÓN POR INVASIÓN DE CARRIL,CONCRETO,Bueno,Bueno,2,MITSUBISHI,BLANCO,2,,28,MASCULINO,SIN DATOS,0,0,Morelia,Vasco de Quiroga,marzo,domingo,19,-101.177535094321,19.7025257095716
44632,44638,2023,,2023/03/19,19:30:00,COLISIÓN CONTRA OBJETO FIJO,ASFALTO,Bueno,Regular,1,VOLKSWAGEN,BLANCO,0,,,,,0,0,Morelia,La Camelina,marzo,domingo,20,-101.22316852212,19.6690338885144
44633,44639,2023,,2023/03/19,21:40:00,COLISIÓN POR INVASIÓN DE CARRIL,ASFALTO,Bueno,Bueno,2,HONDA,ROJO,2,,,MASCULINO,SIN DATOS,0,0,Morelia,Loma Real,marzo,domingo,22,-101.197566837072,19.726783598529
44634,44640,2023,LEG47697,2023/03/20,"00:55:00",SALIDA DE SUPERFICIE DE RODAMIENTO,CONCRETO,Bueno,Bueno,1,KENWORTH,BLANCO,1,,57,,SIN DATOS,0,0,Morelia,Puerta Nogal,marzo,lunes,1,-101.2408935,19.671449
44635,44641,2023,,2023/03/20,"08:10:00",COLISIÓN CONTRA OBJETO FIJO,ASFALTO,Bueno,Bueno,1,VOLKSWAGEN,ROJO,1,,,MASCULINO,SIN DATOS,0,0,Morelia,Camelinas,marzo,lunes,8,-101.17075869981,19.6837967780615
44636,44642,2023,MOR230177556,2023/03/20,12:25:00,COLISIÓN POR CAMBIO DE CARRIL,ASFALTO,Bueno,Bueno,2,MAN,GRIS,2,,27,MASCULINO,SIN DATOS,0,0,Morelia,Praderas La Huerta,marzo,lunes,12,-101.213664915593,19.6715986870454
44637,44643,2023,,2023/03/20,13:00:00,COLISIÓN POR CORTE DE CIRCULACIÓN,ASFALTO,Bueno,Bueno,2,HONDA HODISEY,GRIS,2,,35,FEMENINO,SIN DATOS,0,0,Morelia,Central de Abastos,marzo,lunes,13,-101.169164089063,19.7171265444097
44640,44646,2023,,2023/03/20,19:20:00,COLISIÓN CONTRA OBJETO FIJO,TERRACERIA,Bueno,Bueno,1,NISSAN,AZUL,2,MINISTERIO PÚBLICO,41,FEMENINO,SIN DATOS,1,0,Morelia,Ciudad Jardin,marzo,lunes,19,-101.258276291192,19.7081125748109
44643,44649,2023,,2023/03/21,"07:30:00",COLISIÓN POR CORTE DE CIRCULACIÓN,CONCRETO,Bueno,Bueno,2,VOLKSWAGEN,BLANCO,2,,42,MASCULINO,SIN DATOS,0,0,Morelia,Erendira,marzo,martes,8,-101.16592641,19.7040698999991
44644,44650,2023,,2023/03/21,"09:50:00",COLISIÓN CON PEATÓN,CONCRETO,Bueno,Bueno,1,GMC,BLANCO,2,,,MASCULINO,SIN DATOS,1,0,Morelia,Torreon Nuevo,marzo,martes,10,-101.203747,19.7443205
44645,44651,2023,,2023/03/21,10:10:00,COLISIÓN POR ALCANCE,ASFALTO,Bueno,Bueno,2,FIAT,ROJO,2,,21,MASCULINO,SIN DATOS,0,0,Morelia,Lomas de San Juan,marzo,martes,10,-101.183039681886,19.7298664251429
44647,44653,2023,LEG47721,2023/03/21,12:50:00,COLISIÓN POR CORTE DE CIRCULACIÓN,ASFALTO,Bueno,Bueno,2,HONDA,AZUL,2,MINISTERIO PÚBLICO,47,MASCULINO,SIN DATOS,0,0,Morelia,Infonavit Colonial Universidad,marzo,martes,13,-101.207,19.6853
44648,44654,2023,MOR 230180034,2023/03/21,13:30:00,COLISIÓN POR ALCANCE,ASFALTO,Bueno,Bueno,2,KENWORTH,BLANCO,2,,34,FEMENINO,SIN DATOS,0,0,Morelia,Lomas de San Juan,marzo,martes,14,-101.183039681886,19.7298664251429
44650,44656,2023,,2023/03/21,16:22:00,COLISIÓN POR ALCANCE,ASFALTO,Bueno,Bueno,2,NISSAN,BLANCO,2,,71,MASCULINO,SIN DATOS,0,0,Morelia,Santillan La Huerta,marzo,martes,16,-101.219553885717,19.6760966650679
44652,44658,2023,MOR230180766,2023/03/21,17:34:00,COLISIÓN POR ALCANCE,ASFALTO,Bueno,Bueno,2,VOLKSWAGEN,PLATA,2,,42,MASCULINO,SIN DATOS,0,0,Morelia,Indeco El Vivero,marzo,martes,18,-101.230286120312,19.6793258035144
44653,44659,2023,,2023/03/21,19:00:00,COLISIÓN POR CAMBIO DE CARRIL,ASFALTO,Bueno,Bueno,2,FORD,NEGRO,2,,54,MASCULINO,SIN DATOS,0,0,Morelia,La Soledad,marzo,martes,19,-101.185166715661,19.7274533823308
44654,44660,2023,MOR 230181146,2023/03/21,19:35:00,COLISIÓN POR ALCANCE,ASFALTO,Bueno,Bueno,2,VOLKSWAGEN,ROJO,2,,26,MASCULINO,SIN DATOS,0,0,Morelia,Elias Perez Avalos,marzo,martes,20,-101.167813022979,19.7136335493406
44655,44661,2023,,2023/03/22,"07:40:00",COLISIÓN POR CORTE DE CIRCULACIÓN,ASFALTO,Bueno,Regular,2,S/D,NARANJA Y BLANCO,2,,40,MASCULINO,SIN DATOS,0,0,Tarímbaro,Sin datos,marzo,miércoles,8,-101.180373877287,19.7524704040534
44656,44662,2023,,2023/03/22,"08:00:00",COLISIÓN CONTRA OBJETO FIJO,CONCRETO,Bueno,Bueno,2,NISSAN,BLANCO/NARANJA,2,,28,MASCULINO,SIN DATOS,0,0,Morelia,Ventura Puente,marzo,miércoles,8,-101.180536821485,19.6894579960873
44657,44663,2023,MOR230181826,2023/03/22,"08:45:00",COLISIÓN POR ALCANCE,ASFALTO,Bueno,Bueno,4,PEUGEOT,GRIS,4,,21,MASCULINO,SIN DATOS,0,0,Morelia,Avicola Benito Juarez,marzo,miércoles,9,-101.283913180232,19.690436896269
44658,44664,2023,,2023/03/22,13:00:00,COLISIÓN CON PEATÓN,ASFALTO,Bueno,Bueno,1,BMW,Blanco,1,,36,MASCULINO,SIN DATOS,0,0,Morelia,Nueva Chapultepec,marzo,miércoles,13,-101.174188703299,19.6885968367709
44659,44665,2023,,2023/03/22,13:20:00,COLISIÓN CONTRA OBJETO FIJO,CONCRETO,Bueno,Bueno,2,CHRYSLER,MARFIL,1,,0,FEMENINO,SIN DATOS,0,0,Los Reyes,Centro,marzo,miércoles,13,-102.472489513457,19.5917661670934
44660,44666,2023,,2023/03/22,14:30:00,COLISIÓN CON PEATÓN,SIN_DATOS,Bueno,Bueno,1,VENTO,BLANCO,2,MINISTERIO PÚBLICO,36,MASCULINO,SIN DATOS,1,0,Pátzcuaro,El Calvario,marzo,miércoles,15,-101.618553623557,19.5136242092727
44661,44667,2023,,2023/03/22,15:30:00,COLISIÓN POR ALCANCE,SIN_DATOS,Bueno,Bueno,2,FORD,NEGRO,2,MINISTERIO PÚBLICO,0,MASCULINO,SIN DATOS,0,0,Pátzcuaro,Centro,marzo,miércoles,16,-101.617809310555,19.5162597826356
44662,44668,2023,,2023/03/22,16:15:00,COLISIÓN POR CORTE DE CIRCULACIÓN,CONCRETO,Bueno,Bueno,1,DODGE,BLANCO Y AZUL,1,MINISTERIO PÚBLICO,37,FEMENINO,SIN DATOS,0,0,Morelia,Americas Britania,marzo,miércoles,16,-101.149223037064,19.6946554740426
44663,44669,2023,,2023/03/22,18:10:00,COLISIÓN POR ALCANCE,ASFALTO,Bueno,Bueno,2,CHEVROLET,AZUL,2,,29,FEMENINO,SIN DATOS,0,0,Morelia,Nueva Jacarndas,marzo,miércoles,18,-101.189251989126,19.6819564736835
44664,44670,2023,,2023/03/22,18:20:00,COLISIÓN POR CAMBIO DE CARRIL,ASFALTO,Bueno,Bueno,2,CHEVROLET,BLANCO,2,,0,MASCULINO,SIN DATOS,0,0,Morelia,Diego Rivera,marzo,miércoles,18,-101.175985448062,19.7181678092334
44665,44671,2023,,2023/03/22,19:40:00,VOLCADURA,ASFALTO,Bueno,Bueno,1,MITSUBISHI,BLANCO,2,,32,MASCULINO,SIN DATOS,1,0,Peribán,Sin datos,marzo,miércoles,20,-102.445814274251,19.5536054069563
44666,44672,2023,,2023/03/22,20:15:00,COLISIÓN POR ALCANCE,CONCRETO,Bueno,Bueno,2,NISSAN,ROJO,2,,72,MASCULINO,SIN DATOS,0,0,Morelia,Tzindurio Norte,marzo,miércoles,20,-101.244688890874,19.7037014926185
44668,44674,2023,LEG47751,2023/03/23,"08:00:00",COLISIÓN POR CORTE DE CIRCULACIÓN,ASFALTO,Bueno,Bueno,2,CHEVROLET,NEGRO,3,,40,MASCULINO,SIN DATOS,1,0,Morelia,Margarita Maza de Juarez,marzo,jueves,8,-101.255526905,19.6928898149991
44670,44676,2023,,2023/03/23,"08:30:00",COLISIÓN POR CAMBIO DE CARRIL,ASFALTO,Bueno,Bueno,2,KENWORTH,BLANCO,2,,,MASCULINO,SIN DATOS,0,0,Morelia,Centro,marzo,jueves,9,-101.18754847,19.7028479949991
44672,44678,2023,MOR2301,2023/03/23,14:25:00,COLISIÓN POR CAMBIO DE CARRIL,ASFALTO,Bueno,Bueno,2,ITALIKA,AZUL,3,MINISTERIO PÚBLICO,26,MASCULINO,SIN DATOS,1,0,Morelia,General Juan Jose Codallos,marzo,jueves,14,-101.207481218566,19.7143983342052
44673,44679,2023,,2023/03/23,15:40:00,COLISIÓN POR ALCANCE,ASFALTO,Bueno,Bueno,4,ISUZU,BLANCO,4,,0,MASCULINO,SIN DATOS,0,0,Morelia,Lomas de Morelia (Dr Ignacio Chavez),marzo,jueves,16,-101.175452644618,19.7162004988672
44674,44680,2023,,2023/03/23,15:50:00,COLISIÓN POR CORTE DE CIRCULACIÓN,CONCRETO,Bueno,Bueno,2,VELOCI MOTORS,ROJO/NEGRO,2,,28,MASCULINO,SIN DATOS,0,0,Morelia,Ciudad Industrial,marzo,jueves,16,-101.14554366932,19.7284851395985
44675,44681,2023,,2023/03/23,15:55:00,COLISIÓN POR CORTE DE CIRCULACIÓN,CONCRETO,Bueno,Bueno,2,HONDA,NEGRO,3,MINISTERIO PÚBLICO,31,MASCULINO,SIN DATOS,1,0,Morelia,Prados Verdes,marzo,jueves,16,-101.19721026,19.7150711099991
44676,44682,2023,LEG47744,2023/03/23,16:20:00,COLISIÓN POR ALCANCE,ASFALTO,Bueno,Bueno,2,INTERNACIONAL,BLANCO,2,,52,MASCULINO,SIN DATOS,0,0,Morelia,Union,marzo,jueves,16,-101.156689971685,19.7147041935581
44677,44683,2023,,2023/03/23,18:57:00,COLISIÓN CONTRA OBJETO FIJO,ASFALTO,Bueno,Bueno,2,NISSAN,BLANCO,2,,28,MASCULINO,SIN DATOS,0,0,Morelia,Tzindurio de Morelos,marzo,jueves,19,-101.245044000887,19.6974820969065
44679,44685,2023,,2023/03/23,20:10:00,SALIDA DE SUPERFICIE DE RODAMIENTO,CONCRETO,Bueno,Bueno,1,NISSAN,BLANCO,1,,,MASCULINO,SIN DATOS,0,0,Morelia,Villas del Pedregal,marzo,jueves,20,-101.302209,19.685042
44680,44686,2023,,2023/03/23,21:25:00,COLISIÓN POR ALCANCE,ASFALTO,Bueno,Bueno,2,FORD,ARENA,2,MINISTERIO PÚBLICO,,,SIN DATOS,1,0,Peribán,Sin datos,marzo,jueves,21,-102.443528361619,19.5511018762698
44681,44687,2023,MOR 230186420,2023/03/24,"01:10:00",COLISIÓN POR CORTE DE CIRCULACIÓN,ASFALTO,Bueno,Bueno,2,S/D,S/D,1,MINISTERIO PÚBLICO,24,MASCULINO,SIN DATOS,0,0,Morelia,Balcones de Santa Maria,marzo,viernes,1,-101.185896581809,19.6766533231341
44682,44688,2023,MOR 230186421,2023/03/24,"02:20:00",COLISIÓN POR CORTE DE CIRCULACIÓN,ASFALTO,Bueno,Bueno,2,S/D,S/D,1,MINISTERIO PÚBLICO,36,MASCULINO,SIN DATOS,0,0,Morelia,La Quemada,marzo,viernes,2,-101.240275,19.687817
44683,44689,2023,,2023/03/24,"08:30:00",COLISIÓN POR CAMBIO DE CARRIL,ASFALTO,Bueno,Bueno,2,FREIGHTLINER,VERDE,2,,46,MASCULINO,SIN DATOS,0,0,Morelia,Jardines de Torremolinos,marzo,viernes,9,-101.225694492459,19.6768457163054
44684,44690,2023,,2023/03/24,"09:00:00",COLISIÓN POR CORTE DE CIRCULACIÓN,ASFALTO,Bueno,Bueno,2,YAMAHA,BLANCO,2,,,MASCULINO,SIN DATOS,0,0,Morelia,Camelinas,marzo,viernes,9,-101.172164306045,19.681939110833
44685,44691,2023,,2023/03/24,"09:51:00",COLISIÓN POR ALCANCE,ASFALTO,Bueno,Bueno,2,NISSAN,BLANCO,1,,,MASCULINO,SIN DATOS,0,0,Morelia,Avicola Benito Juarez,marzo,viernes,10,-101.279370859265,19.6915448992502
44686,44692,2023,,2023/03/24,10:00:00,COLISIÓN POR CAMBIO DE CARRIL,ASFALTO,Bueno,Bueno,2,HYUNDAI,ROJO,2,,50,MASCULINO,SIN DATOS,0,0,Morelia,Loma de Los Piñones,marzo,viernes,10,-101.205066293478,19.6740208235034
44687,44693,2023,,2023/03/24,11:10:00,COLISIÓN POR ALCANCE,ASFALTO,Bueno,Bueno,2,CHEVROLET,ROJO,2,MINISTERIO PÚBLICO,38,MASCULINO,SIN DATOS,0,0,Morelia,Dr Miguel Silva,marzo,viernes,11,-101.185147874057,19.7198380443205
44688,44694,2023,,2023/03/24,12:00:00,COLISIÓN POR ALCANCE,ASFALTO,Bueno,Bueno,2,NISSAN,BLANCO,2,,30,FEMENINO,CON CERTIFICADO,0,0,Morelia,Centro,marzo,viernes,12,-101.192485392094,19.7029732972641
44689,44695,2023,,2023/03/24,13:40:00,COLISIÓN CON PEATÓN,ASFALTO,Bueno,Regular,1,NISSAN,GRIS,2,,10,MASCULINO,SIN DATOS,1,0,Morelia,Enrique Arreguin Robles,marzo,viernes,14,-101.185393631458,19.7240053499471
44690,44696,2023,,2023/03/24,14:10:00,COLISIÓN POR ALCANCE,CONCRETO,Bueno,Bueno,3,SEAT,PLATA,3,,27,FEMENINO,SIN DATOS,0,0,Morelia,Centro,marzo,viernes,14,-101.179698631167,19.7040761631458
44691,44697,2023,,2023/03/24,15:06:00,COLISIÓN POR CAMBIO DE CARRIL,ASFALTO,Bueno,Bueno,2,HYUNDAI,ARENA,2,,43,MASCULINO,SIN DATOS,0,0,Morelia,Jardines del Rincon,marzo,viernes,15,-101.153377778828,19.6872362713738
44692,44698,2023,,2023/03/24,15:30:00,COLISIÓN POR CORTE DE CIRCULACIÓN,ASFALTO,Bueno,Bueno,2,MERCURY,AZUL,2,,39,MASCULINO,SIN DATOS,0,0,Morelia,Agustin Arriaga Rivera,marzo,viernes,16,-101.224510967731,19.6910799177363
44693,44699,2023,,2023/03/24,15:52:00,COLISIÓN CON PEATÓN,SIN_DATOS,Bueno,Bueno,3,CHEVROLET,GRIS,3,,21,FEMENINO,SIN DATOS,0,0,Morelia,Loma de Los Piñones,marzo,viernes,16,-101.205067969859,19.6740192449843
44694,44700,2023,,2023/03/24,18:05:00,SUBIDA AL CAMELLÓN,CONCRETO,Bueno,Bueno,1,CHEVROLET,AZUL,1,,40,MASCULINO,SIN DATOS,0,0,Morelia,Isaac Arriaga,marzo,viernes,18,-101.167613267899,19.7114677565917
44695,44701,2023,,2023/03/24,18:32:00,COLISIÓN CON PEATÓN,SIN_DATOS,Bueno,Bueno,2,VOLKSWAGEN,BLANCO,2,MINISTERIO PÚBLICO,55,MASCULINO,CON CERTIFICADO,0,0,Morelia,Santa Maria,marzo,viernes,19,-101.200485080481,19.6778354272482
44696,44702,2023,,2023/03/24,18:40:00,COLISIÓN POR CORTE DE CIRCULACIÓN,ASFALTO,Bueno,Bueno,2,NISSAN,PLATA,2,,30,FEMENINO,SIN DATOS,0,0,Morelia,Vista Bella,marzo,viernes,19,-101.195905543864,19.6785088060312
44697,44703,2023,,2023/03/24,18:50:00,COLISIÓN POR CORTE DE CIRCULACIÓN,ASFALTO,Bueno,Bueno,2,TOYOTA,BLANCO/ROSA,1,,31,MASCULINO,SIN DATOS,0,0,Morelia,Lomas del Tecnologico,marzo,viernes,19,-101.195627264678,19.7201318801695
44698,44704,2023,,2023/03/24,20:25:00,COLISIÓN POR ALCANCE,ASFALTO,Bueno,Bueno,2,NISSAN,ROJO,2,,25,MASCULINO,SIN DATOS,0,0,Morelia,Ejidal Tres Puentes,marzo,viernes,20,-101.225949302316,19.6924685448775
44699,44705,2023,,2023/03/24,21:00:00,COLISIÓN POR CORTE DE CIRCULACIÓN,ASFALTO,Bueno,Bueno,2,NAVISTAR,BLANCO/NARANJA,2,,36,MASCULINO,SIN DATOS,0,0,Morelia,Niño Artillero,marzo,viernes,21,-101.250580698252,19.6985156720183
44700,44706,2023,,2023/03/24,22:00:00,COLISIÓN POR INVASIÓN DE CARRIL,ASFALTO,Bueno,Regular,2,RENAULT,NEGRO,2,,28,MASCULINO,ALIENTO ETÍLICO,0,0,Morelia,Puerto de Buenavista,marzo,viernes,22,-101.126362234354,19.687729674964
44701,44707,2023,MOR 230189949,2023/03/25,"00:00:00",COLISIÓN POR CORTE DE CIRCULACIÓN,ASFALTO,Bueno,Bueno,2,FORD,NEGRO,2,,48,FEMENINO,SIN DATOS,0,0,Morelia,Montaña Monarca,marzo,sábado,0,-101.164573989809,19.6656386681333
44702,44708,2023,MOR/ 230,2023/03/25,"00:00:00",COLISIÓN POR CORTE DE CIRCULACIÓN,ASFALTO,Bueno,Bueno,2,MAZDA,PLATA,2,,29,FEMENINO,SIN DATOS,0,0,Morelia,Ventura Puente,marzo,sábado,0,-101.185179725289,19.6922750406128
44703,44709,2023,,2023/03/25,"00:01:00",COLISIÓN POR ALCANCE,ASFALTO,Bueno,Bueno,3,VOLKSWAGEN,GRIS,3,,53,MASCULINO,SIN DATOS,0,0,Morelia,Lomas de Santa Maria,marzo,sábado,0,-101.182478740811,19.6753218336277
44704,44710,2023,,2023/03/25,"00:20:00",COLISIÓN CONTRA OBJETO FIJO,ASFALTO,Bueno,Bueno,1,NISSAN,BLANCO,2,MINISTERIO PÚBLICO,29,MASCULINO,SIN DATOS,0,1,Peribán,Sin datos,marzo,sábado,0,-102.447540275753,19.5554526995522
44705,44711,2023,,2023/03/25,"08:20:00",COLISIÓN CONTRA OBJETO FIJO,ASFALTO,Bueno,Bueno,1,DODGE,BLANCO,0,,,,,0,0,Morelia,Campestre Los Manantiales,marzo,sábado,8,-101.238254271448,19.687696844574
44706,44712,2023,,2023/03/25,"09:52:00",COLISIÓN POR CORTE DE CIRCULACIÓN,CONCRETO,Bueno,Bueno,2,BAJAJ,NEGRO,2,,,MASCULINO,SIN DATOS,0,0,Morelia,Primo Tapia Oriente,marzo,sábado,10,-101.16161249578,19.7159127116877
44707,44713,2023,,2023/03/25,12:00:00,COLISIÓN POR ALCANCE,ASFALTO,Bueno,Bueno,2,VOLKSWAGEN,BLANCO,2,,21,MASCULINO,SIN DATOS,0,0,Morelia,Tres Puentes,marzo,sábado,12,-101.214711181819,19.7031989845185
44708,44714,2023,,2023/03/25,12:40:00,COLISIÓN POR CORTE DE CIRCULACIÓN,ASFALTO,Bueno,Bueno,2,CHRYSLER,GRIS,2,,49,MASCULINO,SIN DATOS,0,0,Morelia,Ventura Puente,marzo,sábado,13,-101.184094436467,19.6893468790164
44709,44715,2023,MOR230190337,2023/03/25,14:46:00,COLISIÓN POR INVASIÓN DE CARRIL,CONCRETO,Bueno,Bueno,2,JEEP,BLANCO,2,,45,FEMENINO,SIN DATOS,0,0,Morelia,Camponubes,marzo,sábado,15,-101.290337406099,19.6989572734894
44710,44716,2023,,2023/03/25,15:52:00,COLISIÓN POR CAMBIO DE CARRIL,CONCRETO,Bueno,Bueno,2,VOLKSWAGEN,GRIS,2,,,MASCULINO,SIN DATOS,0,0,Morelia,Elias Perez Avalos,marzo,sábado,16,-101.167022846639,19.7113418201839
44711,44717,2023,,2023/03/25,16:00:00,COLISIÓN POR CAMBIO DE CARRIL,ASFALTO,Bueno,Bueno,2,FORD,BLANCO,2,,44,MASCULINO,SIN DATOS,0,0,Morelia,Eucaliptos (Gigantes de Michoacan),marzo,sábado,16,-101.151104606688,19.697656455371
44712,44718,2023,MOR230190589,2023/03/25,16:55:00,COLISIÓN POR ALCANCE,ASFALTO,Bueno,Bueno,2,KTM,BLANCO,2,,19,MASCULINO,SIN DATOS,0,0,Morelia,Valle Dorado del Sur (El Rosario),marzo,sábado,17,-101.189699582756,19.6561601482341
44713,44719,2023,MOR 230190732,2023/03/25,17:45:00,COLISIÓN POR INVASIÓN DE CARRIL,ASFALTO,Bueno,Regular,2,VOLKSWAGEN,BLANCO,1,MINISTERIO PÚBLICO,32,MASCULINO,SIN DATOS,0,0,Morelia,Sin datos,marzo,sábado,18,-101.279929764569,19.650649461123
44714,44720,2023,LEG47781,2023/03/25,18:20:00,COLISIÓN CON PEATÓN,CONCRETO,Bueno,Bueno,1,HONDA,BLANCO,2,,14,MASCULINO,SIN DATOS,1,0,Morelia,22 de Octubre,marzo,sábado,18,-101.236805543303,19.648375414747
44715,44721,2023,LEG47793,2023/03/25,18:40:00,COLISIÓN POR CORTE DE CIRCULACIÓN,ASFALTO,Bueno,Bueno,2,PLYMOUTH,AZUL,2,,27,MASCULINO,SIN DATOS,0,0,Morelia,El Lago 1,marzo,sábado,19,-101.217827573419,19.7274100627665
44716,44722,2023,,2023/03/25,19:35:00,COLISIÓN POR ALCANCE,ASFALTO,Bueno,Bueno,2,ITALIKA,NEGRO,3,,32,MASCULINO,SIN DATOS,1,0,Morelia,Nueva Valladolid,marzo,sábado,20,-101.2082862854,19.7016677770529
44717,44723,2023,,2023/03/25,20:25:00,COLISIÓN POR ALCANCE,ASFALTO,Bueno,Bueno,3,FORD,NEGRO,3,,56,MASCULINO,ALIENTO ETÍLICO,0,0,Morelia,Campestre Los Manantiales,marzo,sábado,20,-101.238253600895,19.6876962132203
44718,44724,2023,,2023/03/25,21:35:00,COLISIÓN CONTRA OBJETO FIJO,ASFALTO,Bueno,Bueno,1,HYUNDAI,BLANCO,0,MINISTERIO PÚBLICO,,,,0,0,Morelia,Lucio Cabañas(26 de Julio),marzo,sábado,22,-101.24911185354,19.7116012680135
44719,44725,2023,MOR  230191776,2023/03/26,"00:10:00",VOLCADURA,ASFALTO,Bueno,Regular,2,SEAT,BLANCO,2,,36,MASCULINO,SIN DATOS,0,0,Charo,De Santiago,marzo,domingo,0,-101.044372,19.745476
44721,44727,2023,,2023/03/26,"09:00:00",COLISIÓN CONTRA OBJETO FIJO,SIN_DATOS,Bueno,Bueno,1,NISSAN,ARENA,1,,,,,1,0,Lázaro Cárdenas,Segundo Sector de Fidelac,marzo,domingo,9,-102.209415771067,17.9614169819775