fid,id_accidente,anio_origen,folio_c5i,dia_incidente,hora_ocurrencia,tipo_incidente_vial,superficie_ocurrencia,condiciones_climaticas,condiciones_via,numero_vehiculos_involucrados,marca_vehiculo_ocasiona_siniestro,color_vehiculo_ocasiona_siniestro,numero_personas_involucradas,lugar_remite_presunto_responsable,edad_presunto_responsable,sexo_presunto_responsable,resultados_toxicologia,numero_personas_lesionadas,numero_personas_fallecidas,municipio,colonia,mes,dia_semana,hora_redondeada,lon,lat
44722,44728,2023,,2023/03/26,10:20:00,COLISIÓN POR CAMBIO DE CARRIL,ASFALTO,Bueno,Bueno,2,HYUNDAI,GRIS,2,,34,MASCULINO,ALIENTO ETÍLICO,0,0,Morelia,Dr Miguel Silva,marzo,domingo,10,-101.187927793444,19.7204887484457
44723,44729,2023,,2023/03/26,14:41:00,COLISIÓN CONTRA OBJETO FIJO,ASFALTO,Bueno,Bueno,1,CHEVROLET,BLANCO/ROSA,1,,41,MASCULINO,SIN DATOS,0,0,Morelia,Leandro Valle,marzo,domingo,15,-101.231682595409,19.7212022571141
44725,44731,2023,,2023/03/26,18:06:00,COLISIÓN POR NO RESPETAR SEMÁFORO,ASFALTO,Bueno,Bueno,2,VOLKSWAGEN,BLANCO,2,,33,MASCULINO,SIN DATOS,0,0,Morelia,La Huerta,marzo,domingo,18,-101.216158176792,19.6721810649028
44726,44732,2023,,2023/03/26,20:50:00,COLISIÓN POR INVASIÓN DE CARRIL,ASFALTO,Bueno,Bueno,2,NISSAN,BLANCO,2,,44,MASCULINO,SIN DATOS,0,0,Morelia,Praderas del Indio,marzo,domingo,21,-101.223494028547,19.6450845894654
44727,44733,2023,,2023/03/26,21:36:00,COLISIÓN POR ALCANCE,ASFALTO,Bueno,Bueno,3,VOLKSWAGEN,BLANCO,3,,24,MASCULINO,SIN DATOS,0,0,Morelia,Sin datos,marzo,domingo,22,-101.114526316524,19.7368092561849
44728,44734,2023,,2023/03/26,22:30:00,COLISIÓN POR ALCANCE,ASFALTO,Bueno,Bueno,2,CHEVROLET,GRIS,2,,0,,SIN DATOS,0,0,Morelia,Manantiales de Morelia,marzo,domingo,23,-101.237,19.6973
44729,44735,2023,LEG47791,2023/03/26,24:00:00,SUBIDA AL CAMELLÓN,CONCRETO,Bueno,Bueno,1,FORD,VERDE,0,,,,,0,0,Morelia,Villas del Pedregal,marzo,domingo,0,-101.302209,19.685042
44730,44736,2023,,2023/03/27,"00:10:00",COLISIÓN CONTRA OBJETO FIJO,ASFALTO,Bueno,Regular,1,SEAT,S/D,0,,,,,0,0,Tocumbo,Sin datos,marzo,lunes,0,-102.467966303229,19.6531931215757
44731,44737,2023,,2023/03/27,"01:25:00",COLISIÓN CONTRA OBJETO FIJO,ASFALTO,Bueno,Bueno,1,NISSAN,BLANCO,1,,0,MASCULINO,SIN DATOS,0,0,Morelia,Ricardo Flores Magon,marzo,lunes,1,-101.2442053369,19.7070098191619
44733,44739,2023,,2023/03/27,"09:02:00",COLISIÓN CON PEATÓN,SIN_DATOS,Bueno,Bueno,2,INTERNATIONAL,BLANCO,2,,49,MASCULINO,SIN DATOS,0,0,Morelia,Primo Tapia Oriente,marzo,lunes,9,-101.160671657864,19.7148130515494
44734,44740,2023,,2023/03/27,10:15:00,COLISIÓN POR MANIOBRA DE REVERSA,CONCRETO,Bueno,Bueno,2,SEAT,GRIS,2,,37,,SIN DATOS,0,0,Morelia,Colinas del Sur,marzo,lunes,10,-101.199421622198,19.6652855893338
44735,44741,2023,MOR 230191776,2023/03/27,10:40:00,VOLCADURA,ASFALTO,Bueno,Regular,1,CHEVROLET,GRIS,1,MINISTERIO PÚBLICO,,,,1,0,Morelia,Sin datos,marzo,lunes,11,-101.278900802135,19.6722797075267
44736,44742,2023,,2023/03/27,10:48:00,COLISIÓN POR CORTE DE CIRCULACIÓN,CONCRETO,Bueno,Bueno,1,FRIGTHLINER,BLANCO /AZUL,1,,0,MASCULINO,SIN DATOS,0,0,Morelia,Colinas del Sur,marzo,lunes,11,-101.199421622198,19.6652855893338
44739,44745,2023,,2023/03/27,13:50:00,COLISIÓN CONTRA OBJETO FIJO,CONCRETO,Bueno,Bueno,1,KENWORTH,BLANCO,1,,48,MASCULINO,SIN DATOS,0,0,Morelia,Lomas del Valle,marzo,lunes,14,-101.230037015,19.6880963799991
44743,44749,2023,MOR/ 23096094,2023/03/27,16:00:00,COLISIÓN POR ALCANCE,ASFALTO,Bueno,Bueno,2,TOYOTA,BLANCO GUINDA,2,,34,MASCULINO,SIN DATOS,0,0,Morelia,Alberto Oviedo Mota,marzo,lunes,16,-101.198908182011,19.681555672698
44744,44750,2023,,2023/03/27,16:15:00,COLISIÓN POR CAMBIO DE CARRIL,CONCRETO,Bueno,Bueno,2,VOLKSWAGEN,BLANCO,2,,48,MASCULINO,SIN DATOS,0,0,Morelia,Jardines de Torremolinos,marzo,lunes,16,-101.227770565645,19.6784160171512
44745,44751,2023,,2023/03/27,16:20:00,COLISIÓN POR CORTE DE CIRCULACIÓN,ASFALTO,Bueno,Bueno,2,MERCEDES,BLANCA,2,,34,MASCULINO,SIN DATOS,0,0,Morelia,Centro,marzo,lunes,16,-101.18754847,19.7028479949991
44747,44753,2023,,2023/03/28,"08:30:00",COLISIÓN POR CORTE DE CIRCULACIÓN,ASFALTO,Bueno,Bueno,2,NISSAN,ROJO,2,,30,MASCULINO,SIN DATOS,0,0,Morelia,Praderas del Indio,marzo,martes,9,-101.223494028547,19.6450845894654
44748,44754,2023,,2023/03/28,"08:45:00",COLISIÓN POR CORTE DE CIRCULACIÓN,CONCRETO,Bueno,Bueno,1,TOYOTA,BLANCO,1,MINISTERIO PÚBLICO,36,MASCULINO,SIN DATOS,0,0,Morelia,Juana Pavon,marzo,martes,9,-101.204137775,19.6690345999992
44749,44755,2023,,2023/03/28,"09:29:00",COLISIÓN CONTRA OBJETO FIJO,ASFALTO,Bueno,Bueno,1,DINA,BLANCO,1,MINISTERIO PÚBLICO,,MASCULINO,SIN DATOS,0,0,Morelia,Centro,marzo,martes,9,-101.18754847,19.7028479949991
44750,44756,2023,,2023/03/28,10:10:00,COLISIÓN POR CAMBIO DE CARRIL,ASFALTO,Bueno,Bueno,2,TOYOTA,BLANCO Y MORADA,2,,31,MASCULINO,SIN DATOS,0,0,Morelia,Ciudad Industrial,marzo,martes,10,-101.14554366932,19.7284851395985
44751,44757,2023,,2023/03/28,12:50:00,COLISIÓN POR CORTE DE CIRCULACIÓN,ASFALTO,Bueno,Bueno,2,CHEVROLET,PLATA,2,MINISTERIO PÚBLICO,1,FEMENINO,SIN DATOS,0,0,Morelia,Jardines del Rincon,marzo,martes,13,-101.149283382681,19.68870732649
44752,44758,2023,,2023/03/28,15:50:00,COLISIÓN POR CORTE DE CIRCULACIÓN,ASFALTO,Bueno,Bueno,2,MINI,GRIS,2,,,FEMENINO,SIN DATOS,0,0,Morelia,Ejidal Ocolusen,marzo,martes,16,-101.15218698,19.6838212849992
44754,44760,2023,,2023/03/28,17:00:00,COLISIÓN POR INVASIÓN DE CARRIL,ASFALTO,Bueno,Bueno,2,CHEVROLET,ROJO,2,,38,MASCULINO,SIN DATOS,0,0,Los Reyes,Sin datos,marzo,martes,17,-102.335802633315,19.6757831671983
44756,44762,2023,,2023/03/28,18:00:00,COLISIÓN POR CAMBIO DE CARRIL,ASFALTO,Bueno,Bueno,2,HONDA,ROJO,2,,27,MASCULINO,SIN DATOS,0,0,Morelia,Montaña Monarca,marzo,martes,18,-101.165131339569,19.6698293896465
44757,44763,2023,,2023/03/28,19:00:00,COLISIÓN POR ALCANCE,ASFALTO,Bueno,Bueno,2,NISSAN,AZUL,2,,27,MASCULINO,SIN DATOS,0,0,Morelia,Industrial,marzo,martes,19,-101.20117651,19.7128375849991
44758,44764,2023,,2023/03/28,19:40:00,COLISIÓN POR CORTE DE CIRCULACIÓN,SIN_DATOS,Bueno,Bueno,2,YAMAHA,BLANCO,0,,,,,0,0,Lázaro Cárdenas,Pescadores,marzo,martes,20,-102.217435911298,17.9758457062641
44759,44765,2023,,2023/03/28,20:30:00,COLISIÓN POR CORTE DE CIRCULACIÓN,CONCRETO,Bueno,Regular,2,NISSAN,TURQUESA,2,MINISTERIO PÚBLICO,38,MASCULINO,SIN DATOS,0,0,Morelia,Nueva Valladolid,marzo,martes,21,-101.212395145,19.6998478049991
44761,44767,2023,LEG47834,2023/03/28,22:30:00,COLISIÓN POR CAMBIO DE CARRIL,CONCRETO,Bueno,Bueno,2,Q,NEGRO Y ROJO,2,,24,MASCULINO,SIN DATOS,0,0,Morelia,San Isidro Itzicuaro Norte,marzo,martes,23,-101.265635265,19.7025637149992
44762,44768,2023,,2023/03/29,"00:00:00",COLISIÓN POR CORTE DE CIRCULACIÓN,CONCRETO,Bueno,Bueno,2,RENAULT,ROJO,2,,52,FEMENINO,SIN DATOS,0,0,Morelia,Vasco de Quiroga,marzo,miércoles,0,-101.170389035,19.7034662549991
44763,44769,2023,MOR/230202158,2023/03/29,"00:00:00",COLISIÓN POR ALCANCE,CONCRETO,Bueno,Bueno,2,CHEVROLET,BLANCO,2,,26,MASCULINO,SIN DATOS,0,0,Morelia,Melchor Ocampo,marzo,miércoles,0,-101.201937888211,19.7065671597378
44765,44771,2023,,2023/03/29,"07:50:00",COLISIÓN POR ALCANCE,ASFALTO,Bueno,Bueno,2,CHEVROLET,GRIS,2,,18,FEMENINO,SIN DATOS,0,0,Morelia,La Huerta,marzo,miércoles,8,-101.214827845,19.6719819599992
44766,44772,2023,MOR230200580,2023/03/29,11:00:00,COLISIÓN POR ALCANCE,ASFALTO,Bueno,Bueno,2,NISSAN,BLANCO,2,,27,FEMENINO,SIN DATOS,0,0,Morelia,Dr Miguel Silva,marzo,miércoles,11,-101.185227946917,19.717204814836
44768,44774,2023,,2023/03/29,12:07:00,COLISIÓN POR ALCANCE,ASFALTO,Bueno,Bueno,2,ITALIKA,AZUL,2,,20,MASCULINO,SIN DATOS,0,0,Morelia,Santillan La Huerta,marzo,miércoles,12,-101.219553885717,19.6760966650679
44769,44775,2023,MOR 230200768,2023/03/29,13:00:00,COLISIÓN POR MANIOBRA DE REVERSA,TERRACERIA,Bueno,Malo,2,KENWORTH,BLANCO,2,,36,MASCULINO,SIN DATOS,0,0,Morelia,Ciudad Industrial,marzo,miércoles,13,-101.13084364,19.7354690949992
44770,44776,2023,LEG47849,2023/03/29,13:40:00,COLISIÓN POR CORTE DE CIRCULACIÓN,CONCRETO,Bueno,Bueno,2,FREIGHTLINER,ROJO,2,,21,MASCULINO,SIN DATOS,0,0,Morelia,Insurgentes,marzo,miércoles,14,-101.155416805,19.6953315299991
44771,44777,2023,,2023/03/29,15:36:00,COLISIÓN POR CAMBIO DE CARRIL,ASFALTO,Bueno,Bueno,2,NISSAN,BLANCO Y  NEGRO,2,,58,MASCULINO,SIN DATOS,0,0,Morelia,Ejidal Ocolusen,marzo,miércoles,16,-101.15332837,19.6868221449992
44772,44778,2023,MOR 230201839,2023/03/29,18:00:00,COLISIÓN POR CAMBIO DE CARRIL,ASFALTO,Bueno,Bueno,2,KENWORTH,BLANCO,2,,27,MASCULINO,SIN DATOS,0,0,Morelia,Lomas de Morelia (Dr Ignacio Chavez),marzo,miércoles,18,-101.175452644618,19.7162004988672
44773,44779,2023,,2023/03/29,19:00:00,COLISIÓN POR CORTE DE CIRCULACIÓN,ASFALTO,Bueno,Bueno,2,FORD,ROJO,2,,38,FEMENINO,SIN DATOS,0,0,Morelia,Centro,marzo,miércoles,19,-101.18754847,19.7028479949991
44774,44780,2023,MOR230202284,2023/03/29,21:27:00,COLISIÓN POR CORTE DE CIRCULACIÓN,ASFALTO,Bueno,Bueno,2,CHEVROLET,ROJO,2,,26,FEMENINO,SIN DATOS,0,0,Morelia,Ejidal Ocolusen,marzo,miércoles,21,-101.155585494629,19.6843663227041
44775,44781,2023,,2023/03/30,"00:00:00",COLISIÓN CON PEATÓN,SIN_DATOS,Bueno,Bueno,2,MAZDA,ROJO,2,,31,MASCULINO,SIN DATOS,0,0,Morelia,Sentimientos de La Nacion,marzo,jueves,0,-101.233150698245,19.6865812386669
44777,44783,2023,,2023/03/30,"08:55:00",COLISIÓN POR ALCANCE,ASFALTO,Bueno,Bueno,3,HONDA,ROJO,4,MINISTERIO PÚBLICO,34,MASCULINO,SIN DATOS,0,1,Pátzcuaro,Sin datos,marzo,jueves,9,-101.576205910033,19.4964160906202
44778,44784,2023,,2023/03/30,"09:00:00",COLISIÓN POR CORTE DE CIRCULACIÓN,ASFALTO,Bueno,Bueno,2,MAZDA,AZUL,2,,28,FEMENINO,SIN DATOS,0,0,Morelia,Union,marzo,jueves,9,-101.158361658454,19.7128672537572
44779,44785,2023,,2023/03/30,10:42:00,COLISIÓN POR NO RESPETAR SEMÁFORO,ASFALTO,Bueno,Bueno,2,BMW,NEGRO,2,,38,MASCULINO,SIN DATOS,0,0,Morelia,Alberto Oviedo Mota,marzo,jueves,11,-101.202250309289,19.6771825659792
44780,44786,2023,,2023/03/30,10:45:00,COLISIÓN POR ALCANCE,ASFALTO,Bueno,Bueno,2,KENWORTHT,BLANCO,2,,,MASCULINO,SIN DATOS,0,0,Morelia,La Soledad,marzo,jueves,11,-101.183317601681,19.728020429087
44781,44787,2023,,2023/03/30,11:20:00,COLISIÓN POR INVASIÓN DE CARRIL,ASFALTO,Bueno,Bueno,2,TOYOTA,NEGRO,2,,50,MASCULINO,SIN DATOS,0,0,Morelia,Sin datos,marzo,jueves,11,-101.263361088932,19.639105547994
44782,44788,2023,,2023/03/30,13:06:00,COLISIÓN POR ALCANCE,ASFALTO,Bueno,Bueno,2,TOYOTA,BLANCO,2,,71,MASCULINO,SIN DATOS,0,0,Morelia,Prados Verdes,marzo,jueves,13,-101.201333664358,19.7144766287933
44783,44789,2023,,2023/03/30,13:15:00,COLISIÓN POR CAMBIO DE CARRIL,ASFALTO,Bueno,Bueno,2,INTERNATIONAL,AMARILLO,2,,62,MASCULINO,SIN DATOS,0,0,Morelia,Ignacio Zaragoza,marzo,jueves,13,-101.20460730046,19.7253375140191
44784,44790,2023,,2023/03/30,14:00:00,COLISIÓN POR CAMBIO DE CARRIL,ASFALTO,Bueno,Bueno,2,ISUZU,BLANCO,2,,36,MASCULINO,SIN DATOS,0,0,Morelia,Central de Abastos,marzo,jueves,14,-101.170012168586,19.7159433269408
44785,44791,2023,MOR230203652,2023/03/30,15:20:00,COLISIÓN POR CORTE DE CIRCULACIÓN,CONCRETO,Bueno,Bueno,3,FIAT,AZUL,3,MINISTERIO PÚBLICO,17,MASCULINO,SIN DATOS,0,0,Morelia,Alberto Oviedo Mota,marzo,jueves,15,-101.197536997497,19.6811227390454
44786,44792,2023,,2023/03/30,21:00:00,COLISIÓN POR CAMBIO DE CARRIL,ASFALTO,Bueno,Bueno,2,KA,GRIS,2,,33,MASCULINO,SIN DATOS,0,0,Morelia,Villas del Pedregal,marzo,jueves,21,-101.304505504668,19.6876081393519
44787,44793,2023,LEG47867,2023/03/31,"00:00:00",COLISIÓN POR ALCANCE,ASFALTO,Bueno,Bueno,3,NISSAN,BLANCO,3,,52,MASCULINO,SIN DATOS,0,0,Morelia,El Lago 1,marzo,viernes,0,-101.219319216907,19.7275994217504
44788,44794,2023,MOR 230205290,2023/03/31,10:10:00,SALIDA DE SUPERFICIE DE RODAMIENTO,ASFALTO,Bueno,Regular,1,VOLKSWAGEN,GRIS,1,,66,MASCULINO,SIN DATOS,0,0,Tzitzio,Tzitzio,marzo,viernes,10,-100.923110805452,19.5833092770673
44789,44795,2023,,2023/03/31,14:31:00,COLISIÓN POR CAMBIO DE CARRIL,ASFALTO,Bueno,Bueno,2,RAM,BLANCO,2,,62,MASCULINO,SIN DATOS,0,0,Morelia,Francisco J Mujica,marzo,viernes,15,-101.188066788018,19.7220987674534
44790,44796,2023,LEG47866,2023/03/31,15:55:00,COLISIÓN POR CAMBIO DE CARRIL,ASFALTO,Bueno,Bueno,2,INTERNATIONAL,ROJO/BLANCO,2,,22,MASCULINO,SIN DATOS,0,0,Morelia,Felix Ireta,marzo,viernes,16,-101.180658526719,19.6861550713706
44791,44797,2023,,2023/03/31,16:00:00,COLISIÓN POR ALCANCE,ASFALTO,Bueno,Bueno,2,NISSAN,BLANCO,2,,65,MASCULINO,SIN DATOS,0,0,Morelia,Sentimientos de La Nacion,marzo,viernes,16,-101.233255304396,19.6782205762657
44792,44798,2023,,2023/03/31,16:10:00,COLISIÓN POR CAMBIO DE CARRIL,ASFALTO,Bueno,Bueno,2,MITSHUBISHI,PLATA,2,,34,MASCULINO,SIN DATOS,0,0,Morelia,Industrial,marzo,viernes,16,-101.188632398844,19.7108377579296
44793,44799,2023,,2023/03/31,17:21:00,COLISIÓN POR ALCANCE,ASFALTO,Bueno,Bueno,2,NISSAN,BLANCO,2,,62,MASCULINO,SIN DATOS,0,0,Morelia,El Lago 1,marzo,viernes,17,-101.210705637932,19.7265263845414
44794,44800,2023,MOR230206,2023/03/31,18:11:00,COLISIÓN POR CORTE DE CIRCULACIÓN,ASFALTO,Bueno,Bueno,2,HONDA,AZUL,2,,47,FEMENINO,SIN DATOS,0,0,Morelia,Adolfo Lopez Mateos,marzo,viernes,18,-101.226962171495,19.697607212837
44795,44801,2023,,2023/03/31,18:45:00,CAIDA DE MOTOCICLETA,ASFALTO,Bueno,Bueno,1,ITALIKA,NEGRO,2,,47,MASCULINO,SIN DATOS,1,0,Morelia,Jose Ma Pino Suarez,marzo,viernes,19,-101.164612546563,19.7271190806907
44796,44802,2023,,2023/03/31,20:05:00,COLISIÓN CONTRA OBJETO FIJO,ASFALTO,Bueno,Bueno,2,NISSAN,NARANJA,1,,42,MASCULINO,SIN DATOS,0,0,Morelia,Clara Cordova Moran,marzo,viernes,20,-101.180838905275,19.7373952870282
44797,44803,2023,LEG47873,2023/03/31,20:10:00,COLISIÓN POR CORTE DE CIRCULACIÓN,ASFALTO,Bueno,Bueno,2,INTERNATIONAL,BLANCO,2,,31,,SIN DATOS,0,0,Morelia,Tzindurio de Morelos,marzo,viernes,20,-101.243066824973,19.6953171026143
44798,44804,2023,LEG47874,2023/03/31,21:20:00,COLISIÓN POR ALCANCE,ASFALTO,Bueno,Bueno,2,FORD,BLANCO,1,,37,MASCULINO,SIN DATOS,0,0,Morelia,Alberto Oviedo Mota,marzo,viernes,21,-101.202170848846,19.6774597482163
44799,44805,2023,,2023/03/31,21:25:00,COLISIÓN POR CORTE DE CIRCULACIÓN,CONCRETO,Bueno,Bueno,2,DODGE,CAFE,2,,,MASCULINO,SIN DATOS,0,0,Morelia,Prados Verdes,marzo,viernes,21,-101.204312257469,19.7181725434845
44800,44806,2023,MOR230206795,2023/04/01,"00:10:00",COLISIÓN CONTRA OBJETO FIJO,CONCRETO,Bueno,Bueno,1,CHEVROLET,BLANCO,0,,,,,0,0,Morelia,Ciudad Industrial,abril,sábado,0,-101.13479308784,19.7337828160402
44801,44807,2023,MOR230205802,2023/04/01,"05:30:00",COLISIÓN CONTRA OBJETO FIJO,CONCRETO,Bueno,Bueno,1,NISSAN,BLANCO,1,,37,,SIN DATOS,0,0,Morelia,Buenavista,abril,sábado,6,-101.165985837579,19.7051512448929
44802,44808,2023,,2023/04/01,13:00:00,COLISIÓN POR CORTE DE CIRCULACIÓN,ASFALTO,Bueno,Bueno,2,KENWORTH,VERDE,2,,57,MASCULINO,SIN DATOS,0,0,Morelia,Fuentes de Morelia,abril,sábado,13,-101.203681603074,19.670727051794
44803,44809,2023,,2023/04/01,13:50:00,COLISIÓN POR CORTE DE CIRCULACIÓN,CONCRETO,Bueno,Bueno,2,SUZUKI,NEGRO/AZUL,2,MINISTERIO PÚBLICO,16,MASCULINO,SIN DATOS,0,0,Morelia,El Lago 1,abril,sábado,14,-101.218571215868,19.7280882824895
44804,44810,2023,,2023/04/01,16:00:00,COLISIÓN POR NO RESPETAR SEMÁFORO,ASFALTO,Bueno,Bueno,2,NISSAN,AZUL,2,,30,MASCULINO,SIN DATOS,0,0,Morelia,Union,abril,sábado,16,-101.155502423644,19.7154642133381
44805,44811,2023,,2023/04/01,16:20:00,COLISIÓN POR CORTE DE CIRCULACIÓN,ASFALTO,Bueno,Bueno,2,DODGE,GUINDA,2,,53,MASCULINO,SIN DATOS,0,0,Morelia,Nueva Valladolid,abril,sábado,16,-101.20971288532,19.7020200412927
44806,44812,2023,,2023/04/01,17:15:00,COLISIÓN POR ALCANCE,ASFALTO,Bueno,Bueno,2,CHRYSLER,VERDE OCRE,2,,,MASCULINO,SIN DATOS,0,0,Morelia,Ana Maria Gallaga (Riviera Norte),abril,sábado,17,-101.223034076393,19.6767705801053
44807,44813,2023,MOR2030,2023/04/01,18:35:00,COLISIÓN POR CORTE DE CIRCULACIÓN,ASFALTO,Bueno,Bueno,1,RENAULT,AZUL,1,MINISTERIO PÚBLICO,27,FEMENINO,SIN DATOS,0,0,Morelia,El Lago 2,abril,sábado,19,-101.214508339763,19.7266586209868
44808,44814,2023,,2023/04/01,20:25:00,COLISIÓN POR ALCANCE,ASFALTO,Bueno,Bueno,2,VOLKSWAGEN,ROJO,2,,,MASCULINO,SIN DATOS,0,0,Morelia,Sentimientos de La Nacion,abril,sábado,20,-101.2353913486,19.6809339564233
44809,44815,2023,,2023/04/01,20:40:00,VOLCADURA,CONCRETO,Bueno,Bueno,2,CHEVROLET,PLATA,1,,35,FEMENINO,SIN DATOS,0,0,Morelia,Carmen Serdan,abril,sábado,21,-101.222703158855,19.7141540607077
44810,44816,2023,,2023/04/01,21:30:00,COLISIÓN CONTRA OBJETO FIJO,ASFALTO,Bueno,Regular,1,VOLKSWAGEN,BLANCO,1,,18,FEMENINO,SIN DATOS,0,0,Morelia,Justo Mendoza,abril,sábado,22,-101.229276582599,19.7148377022777
44811,44817,2023,,2023/04/01,22:00:00,COLISIÓN POR ALCANCE,ASFALTO,Bueno,Bueno,2,MAZDA,BLANCO,0,MINISTERIO PÚBLICO,,,,0,0,Lázaro Cárdenas,Sin datos,abril,sábado,22,-102.245008349419,17.9447055278504
44812,44818,2023,MOR230206791,2023/04/01,23:05:00,COLISIÓN POR CORTE DE CIRCULACIÓN,CONCRETO,Bueno,Regular,2,CHEVROLET,GRIS,2,,33,MASCULINO,CON CERTIFICADO,0,0,Morelia,Ventura Puente,abril,sábado,23,-101.180504970253,19.6894526296397
44813,44819,2023,,2023/04/02,"00:10:00",VOLCADURA,ASFALTO,Bueno,Regular,1,JEEP,GRIS,1,,,MASCULINO,SIN DATOS,0,0,Buenavista,Sin datos,abril,domingo,0,-102.533252947032,19.3165611943007
44814,44820,2023,,2023/04/02,"03:10:00",COLISIÓN POR CORTE DE CIRCULACIÓN,ASFALTO,Bueno,Bueno,2,NISSAN,ROJO,0,MINISTERIO PÚBLICO,,,,0,0,Lázaro Cárdenas,Sin datos,abril,domingo,3,-102.211549803615,17.9785522763402
44815,44821,2023,,2023/04/02,"03:20:00",COLISIÓN CONTRA OBJETO FIJO,ASFALTO,Bueno,Bueno,1,Vianda,Gris,0,MINISTERIO PÚBLICO,,,,0,0,Morelia,Lomas de La Maestranza,abril,domingo,3,-101.331562958658,19.6843733641113
44816,44822,2023,,2023/04/02,"08:40:00",COLISIÓN POR CORTE DE CIRCULACIÓN,ASFALTO,Bueno,Bueno,2,TOYOTA,BLANCO,0,MINISTERIO PÚBLICO,,,,0,0,Lázaro Cárdenas,Segundo Sector de Fidelac,abril,domingo,9,-102.204335331917,17.9614507892159
44817,44823,2023,LEG47897,2023/04/02,11:14:00,COLISIÓN POR CORTE DE CIRCULACIÓN,ASFALTO,Bueno,Bueno,2,ITALIKA,BLANCO,2,,25,MASCULINO,SIN DATOS,0,0,Morelia,Vasco de Quiroga,abril,domingo,11,-101.170784644783,19.7049826917436
44818,44824,2023,LEG47896,2023/04/02,12:45:00,VOLCADURA,ASFALTO,Bueno,Bueno,1,RENAULT,GRIS,3,MINISTERIO PÚBLICO,,MASCULINO,SIN DATOS,2,0,Morelia,Montaña Monarca,abril,domingo,13,-101.165415868163,19.6716331377926
44819,44825,2023,,2023/04/02,13:00:00,COLISIÓN POR CORTE DE CIRCULACIÓN,ASFALTO,Bueno,Bueno,2,NISSAN,BLANCO,2,MINISTERIO PÚBLICO,44,MASCULINO,SIN DATOS,0,0,Morelia,Las Flores,abril,domingo,13,-101.208888441324,19.7083429893571
44820,44826,2023,,2023/04/02,15:54:00,COLISIÓN POR ALCANCE,ASFALTO,Bueno,Bueno,3,SIN DATO,SIN DATO,3,,28,,SIN DATOS,0,0,Morelia,Ciudad Industrial,abril,domingo,16,-101.137945689261,19.7286200628085
44821,44827,2023,MOR 230211767,2023/04/02,20:10:00,COLISIÓN POR ALCANCE,ASFALTO,Bueno,Regular,2,VOLKSWAGEN,AZUL,2,MINISTERIO PÚBLICO,27,FEMENINO,SIN DATOS,0,0,Morelia,Los Manantiales de Morelia,abril,domingo,20,-101.240373887122,19.6926841456016
44822,44828,2023,,2023/04/02,20:40:00,COLISIÓN POR INVASIÓN DE CARRIL,ASFALTO,Bueno,Bueno,2,JEEP,VERDE,5,MINISTERIO PÚBLICO,43,MASCULINO,SIN DATOS,4,0,Pátzcuaro,Centro,abril,domingo,21,-101.609950438142,19.5418968650012
44823,44829,2023,,2023/04/02,23:30:00,COLISIÓN POR CORTE DE CIRCULACIÓN,ASFALTO,Bueno,Bueno,2,FORD,GRIS,0,MINISTERIO PÚBLICO,,,,0,0,Lázaro Cárdenas,El Palmar 77,abril,domingo,0,-102.216194886714,17.9742811259203
44824,44830,2023,LEG47901,2023/04/03,"01:40:00",COLISIÓN POR ALCANCE,ASFALTO,Bueno,Bueno,2,ITALIKA,GRAFITO,2,,27,MASCULINO,SIN DATOS,0,0,Morelia,Centro,abril,lunes,2,-101.18554148823,19.702916796489
44825,44831,2023,LEG47907,2023/04/03,10:00:00,COLISIÓN POR MANIOBRA DE REVERSA,CONCRETO,Bueno,Bueno,2,Volkswagen,Blanco,2,,35,MASCULINO,SIN DATOS,0,0,Morelia,Indeco El Vivero,abril,lunes,10,-101.231846138835,19.6777028347493
44826,44832,2023,,2023/04/03,11:00:00,COLISIÓN POR CORTE DE CIRCULACIÓN,ASFALTO,Bueno,Bueno,2,Toyota,Blanco,2,,,MASCULINO,SIN DATOS,0,0,Morelia,Felix Ireta,abril,lunes,11,-101.189575530589,19.6823738129062
44827,44833,2023,,2023/04/03,15:00:00,COLISIÓN POR INVASIÓN DE CARRIL,ASFALTO,Bueno,Regular,2,MERCEDES,VERDE,2,,53,MASCULINO,SIN DATOS,0,0,Buenavista,Sin datos,abril,lunes,15,-102.540432885289,19.3076067757651
44828,44834,2023,,2023/04/03,15:40:00,COLISIÓN POR CAMBIO DE CARRIL,CONCRETO,Bueno,Bueno,3,FORD/FIESTA,NEGRO,3,,53,MASCULINO,SIN DATOS,0,0,Morelia,Vasco de Quiroga,abril,lunes,16,-101.172457672656,19.7068266661661
44829,44835,2023,,2023/04/03,16:10:00,COLISIÓN POR ALCANCE,CONCRETO,Bueno,Bueno,2,Ford,Rojo,2,,,,SIN DATOS,0,0,Morelia,Fuentes de Morelia,abril,lunes,16,-101.204659603536,19.6728978611127
44830,44836,2023,LEG47900,2023/04/03,17:00:00,COLISIÓN POR INVASIÓN DE CARRIL,ASFALTO,Bueno,Bueno,2,CHEVROLET,ROJO,3,MINISTERIO PÚBLICO,54,MASCULINO,SIN DATOS,2,0,Morelia,Consuelo Alfaro de Vazquez,abril,lunes,17,-101.137897744775,19.7285405325707
44831,44837,2023,,2023/04/03,17:15:00,COLISIÓN POR CORTE DE CIRCULACIÓN,ASFALTO,Bueno,Bueno,2,VOLKSWAGEN,AZUL,0,MINISTERIO PÚBLICO,,,,0,0,Lázaro Cárdenas,Centro,abril,lunes,17,-102.201839536428,17.9604557055323
44832,44838,2023,,2023/04/03,19:15:00,COLISIÓN POR CORTE DE CIRCULACIÓN,ASFALTO,Bueno,Bueno,1,DODGE,PLATA,1,,62,MASCULINO,SIN DATOS,0,0,Morelia,Rafael Carrillo,abril,lunes,19,-101.233211383224,19.7122631421394