fid,id_accidente,anio_origen,folio_c5i,dia_incidente,hora_ocurrencia,tipo_incidente_vial,superficie_ocurrencia,condiciones_climaticas,condiciones_via,numero_vehiculos_involucrados,marca_vehiculo_ocasiona_siniestro,color_vehiculo_ocasiona_siniestro,numero_personas_involucradas,lugar_remite_presunto_responsable,edad_presunto_responsable,sexo_presunto_responsable,resultados_toxicologia,numero_personas_lesionadas,numero_personas_fallecidas,municipio,colonia,mes,dia_semana,hora_redondeada,lon,lat
44833,44839,2023,,2023/04/03,20:10:00,COLISIÓN POR ALCANCE,ASFALTO,Bueno,Regular,2,FORD/FIGO,BLANCO,2,,34,MASCULINO,SIN DATOS,0,0,Morelia,La Soledad,abril,lunes,20,-101.183368563652,19.7274514061638
44834,44840,2023,LEG47917,2023/04/04,"00:00:00",COLISIÓN POR INVASIÓN DE CARRIL,SIN_DATOS,Bueno,Bueno,2,KENWORTH,NARANJA,2,,42,MASCULINO,SIN DATOS,0,0,Morelia,Los Manantiales de Morelia,abril,martes,0,-101.240272969008,19.6927374933202
44835,44841,2023,,2023/04/04,"00:43:00",COLISIÓN CONTRA OBJETO FIJO,ASFALTO,Bueno,Bueno,3,NISSAN,AZUL,3,,,MASCULINO,SIN DATOS,0,0,Morelia,Fidel Velazquez,abril,martes,1,-101.236007586122,19.7042055773616
44836,44842,2023,MOR 230214779,2023/04/04,"09:00:00",COLISIÓN POR CAMBIO DE CARRIL,ASFALTO,Bueno,Bueno,3,S/D,S/D,4,MINISTERIO PÚBLICO,18,MASCULINO,SIN DATOS,2,0,Morelia,Eduardo Ruiz,abril,martes,9,-101.224133782089,19.7249995032911
44837,44843,2023,MOR300,2023/04/04,10:15:00,COLISIÓN POR CORTE DE CIRCULACIÓN,ASFALTO,Bueno,Bueno,2,NISSAN,BLANCO,2,,50,MASCULINO,SIN DATOS,0,0,Morelia,La Capilla,abril,martes,10,-101.160968765616,19.6626967591901
44838,44844,2023,MOR230214863,2023/04/04,10:35:00,SALIDA DE SUPERFICIE DE RODAMIENTO,ASFALTO,Bueno,Bueno,1,GMC,VERDE,0,,,,,0,0,Charo,Sin datos,abril,martes,11,-100.989952795208,19.6501344723269
44839,44845,2023,,2023/04/04,11:35:00,COLISIÓN CONTRA OBJETO FIJO,CONCRETO,Bueno,Bueno,1,FORD,GRIS,1,,,MASCULINO,SIN DATOS,0,0,Morelia,Obrera,abril,martes,12,-101.186693161726,19.7107436998002
44840,44846,2023,,2023/04/04,11:56:00,COLISIÓN POR ALCANCE,ASFALTO,Bueno,Bueno,2,CHEVROLET,PLATA,2,,37,FEMENINO,SIN DATOS,0,0,Morelia,Obrera,abril,martes,12,-101.183911375701,19.7082599770314
44841,44847,2023,LEG47919,2023/04/04,14:40:00,COLISIÓN POR CORTE DE CIRCULACIÓN,ASFALTO,Bueno,Bueno,2,ITALIKA,BLANCO,2,,26,MASCULINO,SIN DATOS,0,0,Morelia,Industrial,abril,martes,15,-101.197768673301,19.7094612842822
44842,44848,2023,,2023/04/04,14:52:00,COLISIÓN POR CAMBIO DE CARRIL,ASFALTO,Bueno,Bueno,2,SCANIA,BLANCO,2,,49,MASCULINO,SIN DATOS,0,0,Morelia,Enrique Arreguin Robles,abril,martes,15,-101.188148595393,19.7214416682001
44843,44849,2023,,2023/04/04,17:39:00,COLISIÓN POR CAMBIO DE CARRIL,ASFALTO,Bueno,Bueno,2,VENTO,ROJO /NEGRO,2,,17,MASCULINO,SIN DATOS,0,0,Morelia,Lomas de Guayangareo,abril,martes,18,-101.159132793546,19.7035098958093
44844,44850,2023,,2023/04/04,20:30:00,COLISIÓN POR INVASIÓN DE CARRIL,ASFALTO,Bueno,Bueno,2,CHRYSLER,BLANCO,2,,61,MASCULINO,SIN DATOS,0,0,Morelia,Loma de Los Piñones,abril,martes,21,-101.205067969859,19.6740205077996
44845,44851,2023,LEG47918,2023/04/05,"00:00:00",COLISIÓN POR ALCANCE,CONCRETO,Bueno,Bueno,2,ITALIKA,NEGRO /AZUL,2,MINISTERIO PÚBLICO,29,MASCULINO,SIN DATOS,0,0,Morelia,La Colina,abril,miércoles,0,-101.215401850641,19.7083770780563
44846,44852,2023,,2023/04/05,"01:30:00",COLISIÓN POR CORTE DE CIRCULACIÓN,CONCRETO,Bueno,Bueno,2,ITALIKA,NEGRO,8,MINISTERIO PÚBLICO,,,,8,0,Huandacareo,Centro,abril,miércoles,2,-101.275009252131,19.9891891902855
44847,44853,2023,,2023/04/05,"09:25:00",COLISIÓN POR ALCANCE,ASFALTO,Bueno,Bueno,2,NISSAN,BLANCO,2,,63,MASCULINO,SIN DATOS,0,0,Morelia,Pascual Ortiz de Ayala,abril,miércoles,9,-101.150861866772,19.6948309826516
44848,44854,2023,,2023/04/05,11:25:00,COLISIÓN POR CAMBIO DE CARRIL,ASFALTO,Bueno,Bueno,2,TOYOTA,PLATA,2,,31,MASCULINO,SIN DATOS,0,0,Morelia,Jardines de Sindurio,abril,miércoles,11,-101.257460564375,19.6973600529666
44849,44855,2023,MOR230217568,2023/04/05,12:35:00,COLISIÓN POR CORTE DE CIRCULACIÓN,CONCRETO,Bueno,Bueno,2,CHEVROLET,GRIS,2,,29,MASCULINO,SIN DATOS,0,0,Morelia,Diego de Basalenque,abril,miércoles,13,-101.152248568833,19.7054659400914
44850,44856,2023,,2023/04/05,12:50:00,COLISIÓN POR CORTE DE CIRCULACIÓN,CONCRETO,Bueno,Bueno,2,HONDA,PLATA,2,,83,FEMENINO,SIN DATOS,0,0,Morelia,Camelinas,abril,miércoles,13,-101.16619002074,19.6841523855713
44851,44857,2023,,2023/04/05,13:10:00,COLISIÓN POR ALCANCE,ASFALTO,Bueno,Bueno,2,HONDA,BLANCO,2,,20,MASCULINO,SIN DATOS,0,0,Morelia,Alberto Oviedo Mota,abril,miércoles,13,-101.202171519399,19.6774594325192
44852,44858,2023,,2023/04/05,13:40:00,COLISIÓN POR ALCANCE,ASFALTO,Bueno,Bueno,2,HYUNDAI,GRIS,2,,32,MASCULINO,SIN DATOS,0,0,Morelia,Vicente Lombardo Toledano (Ejidal Isacc Arriaga) (Etnias de Mexico),abril,miércoles,14,-101.153549104929,19.7169583612928
44853,44859,2023,,2023/04/05,14:15:00,COLISIÓN POR ALCANCE,ASFALTO,Bueno,Bueno,2,GMC,ROJO,2,,27,MASCULINO,SIN DATOS,0,0,Morelia,Sin datos,abril,miércoles,14,-101.262386776507,19.6402271681317
44854,44860,2023,,2023/04/05,15:20:00,COLISIÓN POR CORTE DE CIRCULACIÓN,CONCRETO,Bueno,Bueno,2,PULSAR,NEGRO,2,,25,MASCULINO,SIN DATOS,0,0,Morelia,Felicitas del Rio,abril,miércoles,15,-101.200273521245,19.6929294186932
44855,44861,2023,,2023/04/05,15:35:00,COLISIÓN POR NO RESPETAR SEMÁFORO,ASFALTO,Bueno,Bueno,2,NISSAN,VERDE,2,,,MASCULINO,SIN DATOS,0,0,Morelia,Primo Tapia Oriente,abril,miércoles,16,-101.158553101122,19.7134530567828
44856,44862,2023,,2023/04/05,19:00:00,COLISIÓN POR ALCANCE,ASFALTO,Bueno,Bueno,2,VENTO,ROJO,1,,56,MASCULINO,SIN DATOS,0,0,Morelia,Indeco Expropiacion Petrolera,abril,miércoles,19,-101.2257585302,19.6847973263708
44857,44863,2023,LEG47939,2023/04/06,"00:00:00",SALIDA DE SUPERFICIE DE RODAMIENTO,ASFALTO,Bueno,Bueno,1,FORD,BLANCO,0,,,,,0,0,Morelia,Torreon Nuevo,abril,jueves,0,-101.203852593899,19.746739931979
44858,44864,2023,MOR/ 230220964,2023/04/06,"00:00:00",COLISIÓN POR CAMBIO DE CARRIL,ASFALTO,Bueno,Bueno,2,CHEVROLET,PLATA,2,,31,MASCULINO,SIN DATOS,0,0,Morelia,El Lago 1,abril,jueves,0,-101.214474141598,19.7269877914244
44859,44865,2023,LEG47933,2023/04/06,"00:05:00",COLISIÓN POR ALCANCE,ASFALTO,Bueno,Bueno,2,NISSAN,ROJO,2,,23,FEMENINO,ALIENTO ETÍLICO,0,0,Morelia,Jardines de Torremolinos,abril,jueves,0,-101.22564855963,19.6768438221159
44860,44866,2023,,2023/04/06,"04:30:00",COLISIÓN POR ALCANCE,ASFALTO,Bueno,Bueno,2,VOLKSWAGEN,BLANCO,0,MINISTERIO PÚBLICO,,,,0,0,Lázaro Cárdenas,Sin datos,abril,jueves,5,-102.249705567956,17.9472913694257
44861,44867,2023,,2023/04/06,"07:00:00",COLISIÓN POR ALCANCE,ASFALTO,Bueno,Bueno,2,CHEVROLET,GRIS,2,,35,MASCULINO,SIN DATOS,0,0,Morelia,Camelinas,abril,jueves,7,-101.170851364732,19.6829578334423
44862,44868,2023,,2023/04/06,10:00:00,COLISIÓN POR CAMBIO DE CARRIL,ASFALTO,Bueno,Bueno,2,NISSAN,BLANCO/ROSA,2,,,MASCULINO,SIN DATOS,0,0,Morelia,Torreon Nuevo,abril,jueves,10,-101.19906283915,19.7361323358137
44863,44869,2023,,2023/04/06,11:15:00,COLISIÓN POR CORTE DE CIRCULACIÓN,ASFALTO,Bueno,Bueno,2,NISSAN,BLANCO,2,,37,MASCULINO,SIN DATOS,0,0,Morelia,Isaac Arriaga,abril,jueves,11,-101.16918168962,19.7126677772371
44864,44870,2023,,2023/04/06,13:30:00,COLISIÓN CON PEATÓN,CONCRETO,Bueno,Bueno,1,NISSAN,BEIGE,2,,42,MASCULINO,SIN DATOS,1,0,Morelia,El Realito,abril,jueves,14,-101.204048059881,19.7256284993393
44865,44871,2023,MOR230220761,2023/04/06,13:40:00,COLISIÓN POR ALCANCE,ASFALTO,Bueno,Bueno,2,VENTO,NEGRO/ROJO,2,MINISTERIO PÚBLICO,33,MASCULINO,SIN DATOS,0,0,Morelia,Felix Ireta,abril,jueves,14,-101.195251755416,19.691956847121
44866,44872,2023,,2023/04/06,15:30:00,COLISIÓN POR ALCANCE,ASFALTO,Bueno,Bueno,2,SEAT,BLANCO,2,,47,FEMENINO,SIN DATOS,0,0,Morelia,Sin datos,abril,jueves,16,-101.288865543902,19.6878982462836
44867,44873,2023,MOR230221178,2023/04/06,16:15:00,COLISIÓN POR ALCANCE,ASFALTO,Bueno,Bueno,2,FREIGHTLINER,BLANCO,2,,35,MASCULINO,SIN DATOS,0,0,Morelia,Jardines de Torremolinos,abril,jueves,16,-101.225648894906,19.6768438221159
44868,44874,2023,,2023/04/06,17:30:00,COLISIÓN POR ALCANCE,ASFALTO,Bueno,Bueno,2,VOLKSWAGEN,ROJO,2,,29,FEMENINO,SIN DATOS,0,0,Morelia,Martires de Uruapan,abril,jueves,18,-101.197297610343,19.7248934605624
44869,44875,2023,MOR230221457,2023/04/06,18:00:00,COLISIÓN POR ALCANCE,ASFALTO,Bueno,Regular,2,MAZDA,ROJO,2,,32,MASCULINO,SIN DATOS,0,0,Morelia,Independencia,abril,jueves,18,-101.177888140082,19.7192992912586
44870,44876,2023,,2023/04/06,18:50:00,COLISIÓN POR CORTE DE CIRCULACIÓN,ASFALTO,Bueno,Bueno,2,HONDA,PLATA,2,MINISTERIO PÚBLICO,28,FEMENINO,SIN DATOS,0,0,Morelia,Sin datos,abril,jueves,19,-101.276989392936,19.6276760700349
44871,44877,2023,,2023/04/06,19:15:00,SALIDA DE SUPERFICIE DE RODAMIENTO,ASFALTO,Bueno,Bueno,1,CHEVROLET,BLANCO,1,,34,FEMENINO,SIN DATOS,0,0,Morelia,Ignacio Zaragoza,abril,jueves,19,-101.203297376633,19.7252683970376
44872,44878,2023,MOR 230222153,2023/04/06,23:20:00,COLISIÓN POR ALCANCE,ASFALTO,Bueno,Regular,2,ITALIKA,NEGRO/AZUL,3,MINISTERIO PÚBLICO,33,MASCULINO,SIN DATOS,1,0,Morelia,Granjas del Maestro,abril,jueves,23,-101.188567355275,19.7132974530634
44873,44879,2023,LEG47948,2023/04/07,"03:20:00",COLISIÓN POR CAMBIO DE CARRIL,ASFALTO,Bueno,Bueno,2,GMC,ROJO,2,,31,,SIN DATOS,0,0,Morelia,Ana Maria Gallaga (Riviera Norte),abril,viernes,3,-101.222777590156,19.6767983615615
44874,44880,2023,,2023/04/07,"09:00:00",VOLCADURA,ASFALTO,Bueno,Bueno,1,CHEVROLET,ROJO,1,,,,SIN DATOS,0,0,Morelia,Sin datos,abril,viernes,9,-101.436104401946,19.7844329417971
44875,44881,2023,MOR22308971,2023/04/07,14:34:00,COLISIÓN POR CORTE DE CIRCULACIÓN,ASFALTO,Bueno,Bueno,2,MERCEDES BENZ,GRIS,2,MINISTERIO PÚBLICO,,FEMENINO,SIN DATOS,0,0,Morelia,Americas Britania,abril,viernes,15,-101.149287074804,19.694658630674
44876,44882,2023,,2023/04/07,17:40:00,VOLCADURA,ASFALTO,Bueno,Bueno,1,MG,PLATA,1,MINISTERIO PÚBLICO,21,FEMENINO,SIN DATOS,0,0,Peribán,Sin datos,abril,viernes,18,-102.444450706244,19.5521122659954
44877,44883,2023,MOR220014311,2023/04/07,19:00:00,COLISIÓN CONTRA OBJETO FIJO,ASFALTO,Bueno,Bueno,2,CHEVROLET,BLANCO,1,,,,SIN DATOS,0,0,Morelia,Prados Verdes,abril,viernes,19,-101.197292581201,19.7144772600414
44878,44884,2023,,2023/04/07,20:21:00,COLISIÓN POR CORTE DE CIRCULACIÓN,ASFALTO,Bueno,Bueno,2,NISSAN,AZUL,2,MINISTERIO PÚBLICO,35,FEMENINO,SIN DATOS,0,0,Morelia,Jardines del Rincon,abril,viernes,20,-101.153376773,19.6872365870516
44879,44885,2023,MOR2078899,2023/04/08,"01:18:00",COLISIÓN POR CAMBIO DE CARRIL,ASFALTO,Bueno,Bueno,2,FORD,BLANCO,2,,,MASCULINO,SIN DATOS,0,0,Morelia,Sentimientos de La Nacion,abril,sábado,1,-101.235202252865,19.6809996199693
44880,44886,2023,,2023/04/08,"03:25:00",VOLCADURA,ASFALTO,Bueno,Regular,1,MAZDA,BLANCO,0,,,,,0,0,Morelia,Sin datos,abril,sábado,3,-101.116593,19.739365
44881,44887,2023,M0R230---,2023/04/08,12:02:00,COLISIÓN CONTRA OBJETO FIJO,ASFALTO,Bueno,Bueno,1,MAZDA,BLANCO,1,,23,MASCULINO,SIN DATOS,0,0,Morelia,Montaña Monarca,abril,sábado,12,-101.160519495606,19.6714317156336
44882,44888,2023,,2023/04/08,12:26:00,COLISIÓN POR CORTE DE CIRCULACIÓN,ASFALTO,Bueno,Bueno,2,BUICK,PLATA,2,,27,MASCULINO,SIN DATOS,0,0,Morelia,Ejidal Ocolusen,abril,sábado,12,-101.153457909822,19.687333184419
44883,44889,2023,MOR 230226794,2023/04/08,21:35:00,COLISIÓN CONTRA OBJETO FIJO,ASFALTO,Bueno,Bueno,1,YAMAHA,BLANCO,2,MINISTERIO PÚBLICO,26,MASCULINO,SIN DATOS,1,0,Morelia,Chapultepec Oriente,abril,sábado,22,-101.15985866636,19.6913804354746
44884,44890,2023,MOR230218136,2023/04/09,14:10:00,COLISIÓN CONTRA OBJETO FIJO,SIN_DATOS,Bueno,Bueno,1,TOYOTA,ROJO,1,,23,MASCULINO,SIN DATOS,0,0,Morelia,Nueva Valladolid,abril,domingo,14,-101.207342147827,19.7021756559832
44885,44891,2023,,2023/04/09,15:00:00,COLISIÓN POR CAMBIO DE CARRIL,ASFALTO,Bueno,Regular,2,NISSAN,BLANCO,3,MINISTERIO PÚBLICO,37,MASCULINO,SIN DATOS,1,0,Irimbo,Sin datos,abril,domingo,15,-100.49524884671,19.6915755191667
44886,44892,2023,MOR230014311,2023/04/09,16:00:00,SALIDA DE SUPERFICIE DE RODAMIENTO,ASFALTO,Bueno,Bueno,1,ZUSUKI,GUINDA,1,,30,,SIN DATOS,0,0,Morelia,Mujeres Mexicanas,abril,domingo,16,-101.225219406188,19.7556473193928
44887,44893,2023,MOR20456781,2023/04/09,16:38:00,COLISIÓN POR CORTE DE CIRCULACIÓN,ASFALTO,Bueno,Bueno,2,S/D,VERDE,2,,0,MASCULINO,SIN DATOS,0,0,Morelia,Los Manantiales de Morelia,abril,domingo,17,-101.237730234861,19.7014777560567
44888,44894,2023,,2023/04/09,19:35:00,COLISIÓN CONTRA OBJETO FIJO,SIN_DATOS,Bueno,Bueno,1,CHEVROLET,BLANCO,1,,0,MASCULINO,SIN DATOS,0,0,Morelia,La Capilla,abril,domingo,20,-101.158171892166,19.6598173111765
44889,44895,2023,,2023/04/10,"09:10:00",COLISIÓN CON PEATÓN,ASFALTO,Bueno,Bueno,1,JEEP,NEGRO,2,,18,MASCULINO,SIN DATOS,1,0,Morelia,Ventura Puente,abril,lunes,9,-101.179281882942,19.6935705361574
44890,44896,2023,,2023/04/10,10:50:00,COLISIÓN POR CORTE DE CIRCULACIÓN,ASFALTO,Bueno,Bueno,2,INTERNATIONAL,BLANCO,2,,38,MASCULINO,SIN DATOS,0,0,Morelia,Diego Rivera,abril,lunes,11,-101.173756673827,19.7224822935495
44893,44899,2023,MOR230231146,2023/04/10,14:10:00,COLISIÓN POR CORTE DE CIRCULACIÓN,ASFALTO,Bueno,Bueno,2,NISSAN,BLANCO Y ROSA,2,,31,MASCULINO,SIN DATOS,0,0,Morelia,Solidaridad,abril,lunes,14,-101.20584654,19.7357084299991
44894,44900,2023,MOR230230986,2023/04/10,14:25:00,SALIDA DE SUPERFICIE DE RODAMIENTO,ASFALTO,Bueno,Bueno,1,VOLKSWAGEN,ROJO,1,,35,MASCULINO,SIN DATOS,0,0,Morelia,Puerto de Buenavista,abril,lunes,14,-101.126352197769,19.6849018019943
44895,44901,2023,,2023/04/10,14:50:00,COLISIÓN POR CORTE DE CIRCULACIÓN,ASFALTO,Bueno,Regular,2,HONDA,GRIS,2,MINISTERIO PÚBLICO,53,FEMENINO,SIN DATOS,0,0,Morelia,Comision Federal de Electricidad,abril,lunes,15,-101.18,19.682
44897,44903,2023,LEG47985,2023/04/10,19:20:00,COLISIÓN POR ALCANCE,CONCRETO,Bueno,Bueno,1,PEUGEOT,GRIS,2,,28,MASCULINO,SIN DATOS,0,0,Morelia,Lomas de Guayangareo,abril,lunes,19,-101.15873343,19.7013563299991
44898,44904,2023,,2023/04/10,19:35:00,COLISIÓN POR CORTE DE CIRCULACIÓN,CONCRETO,Lluvioso,Malo,2,VELOCI,NEGRO Y ROJO,2,MINISTERIO PÚBLICO,25,MASCULINO,SIN DATOS,0,0,Morelia,Santa Maria,abril,lunes,20,-101.200954146074,19.6778661944957
44899,44905,2023,MOR230232016,2023/04/10,19:50:00,COLISIÓN CON PEATÓN,CONCRETO,Bueno,Bueno,1,PEUGEOT,PLATA,2,,51,FEMENINO,SIN DATOS,1,0,Morelia,Niño Artillero,abril,lunes,20,-101.25620339,19.6966912149991
44900,44906,2023,LEG47989,2023/04/10,22:04:00,COLISIÓN CON PEATÓN,ADOQUIN_EMPEDRADO,Bueno,Regular,1,S/D,GRIS,2,MINISTERIO PÚBLICO,,MASCULINO,SIN DATOS,1,0,Morelia,Indeco El Vivero,abril,lunes,22,-101.230286120312,19.6793258035144
44901,44907,2023,MOR230232570,2023/04/10,22:35:00,SALIDA DE SUPERFICIE DE RODAMIENTO,ASFALTO,Bueno,Bueno,1,MITSUBISHI,PLATA,1,,40,MASCULINO,ALIENTO ETÍLICO,0,0,Morelia,Ventura Puente,abril,lunes,23,-101.19478509,19.6949647299992
44902,44908,2023,MOR 230232782,2023/04/11,"01:50:00",COLISIÓN CONTRA OBJETO FIJO,ASFALTO,Bueno,Regular,1,TOYOTA,BLANCO,1,,26,FEMENINO,SIN DATOS,0,0,Morelia,Ventura Puente,abril,martes,2,-101.193225725,19.6917077449992
44903,44909,2023,,2023/04/11,"06:20:00",SALIDA DE SUPERFICIE DE RODAMIENTO,CONCRETO,Bueno,Bueno,1,NISSAN,GRIS,1,,32,MASCULINO,SIN DATOS,0,0,Morelia,Ciudad Industrial,abril,martes,6,-101.14554366932,19.7284851395985
44904,44910,2023,MOR23,2023/04/11,"07:30:00",COLISIÓN POR ALCANCE,ASFALTO,Bueno,Bueno,2,FREIGHTLINER,VERDE,2,,53,MASCULINO,SIN DATOS,0,0,Morelia,Santillan La Huerta,abril,martes,8,-101.219553885717,19.6760966650679
44906,44912,2023,MOR2237891,2023/04/11,11:50:00,COLISIÓN CONTRA OBJETO FIJO,ASFALTO,Bueno,Bueno,2,CHEVROLET,GRIS,2,,,FEMENINO,SIN DATOS,0,0,Morelia,Villa Magna,abril,martes,12,-101.325926520286,19.6784028338708
44907,44913,2023,,2023/04/11,13:35:00,COLISIÓN POR CAMBIO DE CARRIL,ASFALTO,Bueno,Bueno,2,DINA,BLANCO,2,,25,MASCULINO,SIN DATOS,0,0,Morelia,Lazaro Cardenas,abril,martes,14,-101.162058507071,19.7101112773308
44908,44914,2023,,2023/04/11,15:15:00,COLISIÓN CONTRA OBJETO FIJO,CONCRETO,Nublado,Bueno,1,HONDA,ROJO,1,MINISTERIO PÚBLICO,,,,1,0,Morelia,El Paraiso,abril,martes,15,-101.23690372,19.7298095199992
44910,44916,2023,,2023/04/11,22:00:00,COLISIÓN POR ALCANCE,ASFALTO,Bueno,Bueno,2,GML,BLANCO,2,,33,MASCULINO,SIN DATOS,0,0,Morelia,Bosques de Oriente,abril,martes,22,-101.156798015,19.7169226949991
44911,44917,2023,,2023/04/12,"00:00:00",COLISIÓN CONTRA OBJETO FIJO,ASFALTO,Bueno,Bueno,2,JEEP,ROJA,2,,22,MASCULINO,SIN DATOS,0,0,Morelia,Las Americas,abril,miércoles,0,-101.155676431954,19.6875023875105
44912,44918,2023,,2023/04/12,"02:40:00",VOLCADURA,ASFALTO,Bueno,Regular,1,RENAULT,GRIS,1,,45,MASCULINO,SIN DATOS,0,0,Morelia,Poblado de Ocolusen,abril,miércoles,3,-101.155088675,19.6951327349991
44913,44919,2023,,2023/04/12,"03:12:00",COLISIÓN POR CORTE DE CIRCULACIÓN,ASFALTO,Bueno,Bueno,2,VOLKSWAGEN,BLANCO,2,,34,MASCULINO,SIN DATOS,0,0,Morelia,Centro,abril,miércoles,3,-101.1904631,19.7026851599992
44915,44921,2023,LEG48002,2023/04/12,13:05:00,COLISIÓN POR NO RESPETAR SEMÁFORO,ASFALTO,Bueno,Bueno,2,JEEP,VERDE,2,,58,MASCULINO,SIN DATOS,0,0,Morelia,Avicola Benito Juarez,abril,miércoles,13,-101.279539167881,19.6913472901635
44916,44922,2023,,2023/04/12,13:10:00,COLISIÓN POR CORTE DE CIRCULACIÓN,ASFALTO,Bueno,Regular,1,VOLKSWAGEN,AZUL,1,,28,MASCULINO,SIN DATOS,0,0,Morelia,Tzindurio de Morelos,abril,miércoles,13,-101.243651211262,19.6999743095548
44917,44923,2023,,2023/04/12,19:10:00,COLISIÓN POR CORTE DE CIRCULACIÓN,ASFALTO,Bueno,Bueno,2,NISSAN,BLANCO CON CAFE,2,,23,MASCULINO,SIN DATOS,0,0,Morelia,La Colina,abril,miércoles,19,-101.215631179512,19.7093650159044
44918,44924,2023,MOR230236582,2023/04/12,19:15:00,COLISIÓN CON PEATÓN,ASFALTO,Bueno,Bueno,1,INTERNATIONAL,BLANCO/NARANJA,2,,35,MASCULINO,SIN DATOS,1,0,Morelia,Irrigacion,abril,miércoles,19,-101.225047744811,19.7045900316585
44919,44925,2023,,2023/04/12,20:06:00,COLISIÓN CONTRA OBJETO FIJO,CONCRETO,Bueno,Bueno,2,TOYOTA,ROJO,2,,49,FEMENINO,SIN DATOS,0,0,Morelia,Ilustres Novohispanos,abril,miércoles,20,-101.152117140591,19.7102551016473
44920,44926,2023,MOR230236721,2023/04/12,20:40:00,COLISIÓN POR ALCANCE,CONCRETO,Bueno,Bueno,2,YAMAHA,NEGRO CON ROJO,2,,20,FEMENINO,SIN DATOS,0,0,Morelia,Nueva Chapultepec,abril,miércoles,21,-101.175196878612,19.6869354301789
44921,44927,2023,,2023/04/12,20:45:00,COLISIÓN POR ALCANCE,ASFALTO,Bueno,Bueno,1,NISSAN,BLANCO,2,,32,MASCULINO,SIN DATOS,0,0,Charo,La Goleta,abril,miércoles,21,-101.08391392976,19.7367622347693
44922,44928,2023,MOR 230236861,2023/04/12,21:10:00,SUBIDA AL CAMELLÓN,ASFALTO,Bueno,Bueno,1,NISSAN,BLANCO,1,,66,MASCULINO,CON CERTIFICADO,0,0,Morelia,Los Laureles,abril,miércoles,21,-101.232258528471,19.7137244949571
44923,44929,2023,,2023/04/12,22:25:00,COLISIÓN POR CAMBIO DE CARRIL,ASFALTO,Bueno,Bueno,2,CHEVROLET,GRIS,2,,0,FEMENINO,SIN DATOS,0,0,Morelia,Sentimientos de La Nacion,abril,miércoles,22,-101.234298348427,19.6788889023224
44926,44932,2023,MOR2023567,2023/04/13,"07:40:00",COLISIÓN POR ALCANCE,ASFALTO,Bueno,Bueno,2,NISSAN,BLANCO,2,,0,MASCULINO,SIN DATOS,0,0,Morelia,San Pascual,abril,jueves,8,-101.267356909811,19.6953559290152
44927,44933,2023,MOR230237571,2023/04/13,"08:15:00",COLISIÓN POR CAMBIO DE CARRIL,ASFALTO,Bueno,Bueno,2,DODGE,BLANCO,2,,0,MASCULINO,SIN DATOS,0,0,Morelia,Primo Tapia,abril,jueves,8,-101.212715520993,19.7126109857935
44929,44935,2023,MOR230237097,2023/04/13,11:20:00,COLISIÓN POR ALCANCE,ASFALTO,Bueno,Bueno,2,VOLKSWAGEN,NEGRO,2,,60,MASCULINO,ALIENTO ETÍLICO,0,0,Morelia,Sentimientos de La Nacion,abril,jueves,11,-101.235284730792,19.681189349583
44930,44936,2023,,2023/04/13,11:30:00,COLISIÓN CONTRA OBJETO FIJO,ASFALTO,Bueno,Bueno,1,BMW,BLANCO,1,,16,MASCULINO,SIN DATOS,0,0,Morelia,Jesus del Monte,abril,jueves,12,-101.154211082822,19.6509234359309
44932,44938,2023,,2023/04/13,17:00:00,COLISIÓN POR ALCANCE,ASFALTO,Bueno,Bueno,3,VOLKSWAGEN,PLATA,3,,0,MASCULINO,SIN DATOS,0,0,Morelia,Barrio Alto,abril,jueves,17,-101.196853704751,19.7248413859824
44933,44939,2023,,2023/04/13,17:35:00,COLISIÓN POR CAMBIO DE CARRIL,ASFALTO,Bueno,Bueno,2,ISUZU,ROJO,2,MINISTERIO PÚBLICO,32,MASCULINO,SIN DATOS,0,0,Morelia,Centro,abril,jueves,18,-101.18754847,19.7028479949991
44935,44941,2023,MPR2238653,2023/04/13,18:16:00,COLISIÓN POR ALCANCE,ASFALTO,Bueno,Bueno,2,CHEVROLET,BLANCO,2,,0,MASCULINO,SIN DATOS,0,0,Morelia,El Realito,abril,jueves,18,-101.204330697656,19.7257345415803
44936,44942,2023,LEG48031,2023/04/13,20:28:00,COLISIÓN POR CORTE DE CIRCULACIÓN,ASFALTO,Bueno,Bueno,2,FORD,ROJO,2,,30,MASCULINO,SIN DATOS,0,0,Morelia,Sin datos,abril,jueves,20,-101.278905160725,19.672381049519
44937,44943,2023,,2023/04/13,22:50:00,COLISIÓN POR INVASIÓN DE CARRIL,CONCRETO,Bueno,Bueno,2,NISSAN,BLANCO,2,,40,MASCULINO,SIN DATOS,0,0,Morelia,Quinceo,abril,jueves,23,-101.224233359098,19.7253706522873
44938,44944,2023,,2023/04/13,23:00:00,SALIDA DE SUPERFICIE DE RODAMIENTO,ASFALTO,Bueno,Bueno,1,SAAB,ROJO,0,,,,,0,0,Morelia,Ciudad Industrial,abril,jueves,23,-101.137945018709,19.728621640789
44939,44945,2023,LEG48033,2023/04/14,"06:00:00",COLISIÓN CONTRA OBJETO FIJO,ASFALTO,Bueno,Bueno,1,CHEVROLET,ARENA,1,,33,MASCULINO,SIN DATOS,0,0,Morelia,Clara Cordova Moran,abril,viernes,6,-101.182842515409,19.7323977035021