fid,id_accidente,anio_origen,folio_c5i,dia_incidente,hora_ocurrencia,tipo_incidente_vial,superficie_ocurrencia,condiciones_climaticas,condiciones_via,numero_vehiculos_involucrados,marca_vehiculo_ocasiona_siniestro,color_vehiculo_ocasiona_siniestro,numero_personas_involucradas,lugar_remite_presunto_responsable,edad_presunto_responsable,sexo_presunto_responsable,resultados_toxicologia,numero_personas_lesionadas,numero_personas_fallecidas,municipio,colonia,mes,dia_semana,hora_redondeada,lon,lat
44940,44946,2023,MOR230239887,2023/04/14,"07:15:00",CAIDA DE MOTOCICLETA,CONCRETO,Bueno,Bueno,1,VELOCI,ROJO,2,,25,MASCULINO,SIN DATOS,1,0,Morelia,La Aldea,abril,viernes,7,-101.128877811134,19.7430797061522
44941,44947,2023,,2023/04/14,"09:20:00",COLISIÓN POR MANIOBRA DE REVERSA,ASFALTO,Bueno,Bueno,2,NISSAN,GUINDA,2,,49,MASCULINO,SIN DATOS,0,0,Morelia,La Quemada,abril,viernes,9,-101.241143010557,19.705722872322
44942,44948,2023,MOR 230240458,2023/04/14,"09:20:00",COLISIÓN POR ALCANCE,ASFALTO,Bueno,Bueno,2,CHEVROLET,GRIS,2,,25,FEMENINO,SIN DATOS,0,0,Morelia,Buenavista,abril,viernes,9,-101.163104139268,19.7067073545306
44943,44949,2023,,2023/04/14,"09:50:00",COLISIÓN POR CORTE DE CIRCULACIÓN,ASFALTO,Bueno,Bueno,2,VENTO,BLANCO,3,MINISTERIO PÚBLICO,22,MASCULINO,SIN DATOS,1,0,Morelia,Ciudad Industrial,abril,viernes,10,-101.146203875542,19.7288125763156
44944,44950,2023,MOR230240253,2023/04/14,10:50:00,COLISIÓN POR ALCANCE,ASFALTO,Bueno,Bueno,2,CHEVROLET,PLATA,2,,23,FEMENINO,SIN DATOS,0,0,Morelia,Independencia,abril,viernes,11,-101.177889481187,19.7192980288006
44945,44951,2023,,2023/04/14,11:00:00,SALIDA DE SUPERFICIE DE RODAMIENTO,ASFALTO,Bueno,Bueno,1,NISSAN,GRIS,1,,36,FEMENINO,SIN DATOS,0,0,Morelia,Sin datos,abril,viernes,11,-101.272271722555,19.574092520665
44946,44952,2023,LEG48045,2023/04/14,13:30:00,COLISIÓN CONTRA OBJETO FIJO,ASFALTO,Bueno,Bueno,1,FREIGHTLINER,BLANCO,1,,26,MASCULINO,SIN DATOS,0,0,Morelia,Americas Britania,abril,viernes,14,-101.149225383997,19.6946652595996
44947,44953,2023,,2023/04/14,14:00:00,COLISIÓN POR CAMBIO DE CARRIL,ASFALTO,Bueno,Bueno,2,HONDA,BEIGE,2,,73,FEMENINO,SIN DATOS,0,0,Morelia,Ampliacion La Soledad,abril,viernes,14,-101.180646792054,19.7376139829631
44948,44954,2023,,2023/04/14,15:09:00,COLISIÓN CON PEATÓN,ASFALTO,Bueno,Bueno,1,NISSAN,BLANCO/VERDE,2,MINISTERIO PÚBLICO,49,MASCULINO,SIN DATOS,1,0,Morelia,Ventura Puente,abril,viernes,15,-101.189575195312,19.6935951580473
44949,44955,2023,,2023/04/14,21:04:00,COLISIÓN CONTRA OBJETO FIJO,ASFALTO,Bueno,Bueno,2,HONDA,BLANCO,2,MINISTERIO PÚBLICO,56,MASCULINO,SIN DATOS,0,0,Morelia,Camelinas,abril,viernes,21,-101.17064986378,19.6829313157993
44950,44956,2023,LEG48049,2023/04/15,"06:15:00",COLISIÓN CONTRA OBJETO FIJO,ASFALTO,Bueno,Bueno,1,HONDA,AZUL,1,,26,MASCULINO,SIN DATOS,0,0,Morelia,Ciudad Industrial,abril,sábado,6,-101.142929568887,19.7252661878186
44951,44957,2023,MOR230242266,2023/04/15,"07:07:00",COLISIÓN CONTRA OBJETO FIJO,CONCRETO,Bueno,Bueno,1,FREIGHTLINER,BLANCO,1,,32,MASCULINO,SIN DATOS,0,0,Morelia,Ferrocarrilero,abril,sábado,7,-101.217437982559,19.6976015310052
44952,44958,2023,,2023/04/15,10:25:00,COLISIÓN POR INVASIÓN DE CARRIL,ASFALTO,Bueno,Bueno,2,FREIGHTLINER,BLANCO,2,,,MASCULINO,SIN DATOS,0,0,Morelia,Independencia,abril,sábado,10,-101.177887804806,19.7192999224876
44953,44959,2023,,2023/04/15,10:25:00,COLISIÓN POR ALCANCE,ASFALTO,Bueno,Bueno,2,NISSAN,BLANCO,2,,21,MASCULINO,SIN DATOS,0,0,Morelia,Alberto Oviedo Mota,abril,sábado,10,-101.201929785311,19.6778246935738
44954,44960,2023,,2023/04/15,11:40:00,COLISIÓN POR ALCANCE,ASFALTO,Bueno,Bueno,2,BMW,CHESTNUT,2,,24,MASCULINO,SIN DATOS,0,0,Morelia,Alberto Oviedo Mota,abril,sábado,12,-101.20213329792,19.6772128729442
44955,44961,2023,MOR2206781,2023/04/15,11:52:00,COLISIÓN POR CAMBIO DE CARRIL,ASFALTO,Bueno,Bueno,2,FREIGHTLINER,ROJO,2,,,MASCULINO,SIN DATOS,0,0,Morelia,Morelos,abril,sábado,12,-101.184041127563,19.7253504537247
44956,44962,2023,MOR230243154,2023/04/15,11:55:00,COLISIÓN CONTRA OBJETO FIJO,ASFALTO,Bueno,Bueno,1,TOYOTA,BLANCO,1,,65,MASCULINO,SIN DATOS,0,0,Morelia,Felix Ireta,abril,sábado,12,-101.186961047351,19.6812591169885
44957,44963,2023,,2023/04/15,16:20:00,COLISIÓN POR ALCANCE,ASFALTO,Bueno,Bueno,2,FORD,BLANCO,2,,,MASCULINO,SIN DATOS,0,0,Morelia,San Pascual,abril,sábado,16,-101.267359256744,19.6953597169563
44958,44964,2023,MOR2207651,2023/04/15,16:40:00,CAIDA DE MOTOCICLETA,CONCRETO,Bueno,Bueno,1,ITALIKA,AZUL,1,MINISTERIO PÚBLICO,,MASCULINO,SIN DATOS,0,0,Morelia,Union,abril,sábado,17,-101.156894154847,19.7085288989339
44959,44965,2023,,2023/04/15,16:57:00,COLISIÓN POR CAMBIO DE CARRIL,ASFALTO,Bueno,Bueno,2,FORD,GRIS,2,,41,MASCULINO,SIN DATOS,0,0,Morelia,Nicolas Bravo(Los Ejidos),abril,sábado,17,-101.213818341494,19.7023738829965
44960,44966,2023,,2023/04/15,21:35:00,COLISIÓN POR INVASIÓN DE CARRIL,ASFALTO,Bueno,Bueno,2,NISSAN,PLATA,2,,41,MASCULINO,SIN DATOS,0,0,Peribán,Los Cerritos,abril,sábado,22,-102.433643080294,19.5376603739519
44961,44967,2023,MOR2300241758,2023/04/15,22:10:00,COLISIÓN CONTRA OBJETO FIJO,ASFALTO,Bueno,Bueno,1,SUZUKI,NEGRO,1,,,,SIN DATOS,0,0,Morelia,Arboledas(5 de Mayo),abril,sábado,22,-101.245114691555,19.6728359827201
44962,44968,2023,,2023/04/16,"03:10:00",SALIDA DE SUPERFICIE DE RODAMIENTO,ASFALTO,Bueno,Regular,1,PEUGEOT,GRIS,1,,24,MASCULINO,SIN DATOS,0,0,Morelia,Los Laureles,abril,domingo,3,-101.231953427196,19.7139650014196
44963,44969,2023,,2023/04/16,"05:50:00",COLISIÓN CONTRA OBJETO FIJO,ASFALTO,Bueno,Bueno,1,MAZDA,ROJO,1,,,,SIN DATOS,0,0,Morelia,Comision Federal de Electricidad,abril,domingo,6,-101.181342154741,19.6815132468736
44966,44972,2023,LEG48061,2023/04/16,12:00:00,COLISIÓN CONTRA OBJETO FIJO,ASFALTO,Bueno,Bueno,2,CHEVROLET,GRIS,2,,30,MASCULINO,SIN DATOS,0,0,Morelia,Campestre Los Manantiales,abril,domingo,12,-101.238361559808,19.6882461213672
44968,44974,2023,,2023/04/16,18:05:00,COLISIÓN POR CORTE DE CIRCULACIÓN,ASFALTO,Bueno,Bueno,2,NISSAN,BLANCO,3,MINISTERIO PÚBLICO,31,MASCULINO,SIN DATOS,1,0,Peribán,Sin datos,abril,domingo,18,-102.432559132576,19.5165353460984
44971,44977,2023,,2023/04/17,"08:10:00",COLISIÓN POR INVASIÓN DE CARRIL,ASFALTO,Bueno,Bueno,2,CHEVROLET,BLANCO,2,,35,MASCULINO,SIN DATOS,0,0,Morelia,Sin datos,abril,lunes,8,-101.412148306464,19.6433778209684
44973,44979,2023,,2023/04/17,10:00:00,COLISIÓN POR CORTE DE CIRCULACIÓN,ASFALTO,Bueno,Bueno,2,ITALIKA,NEGRO,2,,21,MASCULINO,SIN DATOS,0,0,Morelia,Torreon Nuevo,abril,lunes,10,-101.20358663,19.7462449699991
44975,44981,2023,,2023/04/17,13:29:00,COLISIÓN POR ALCANCE,ASFALTO,Bueno,Bueno,2,NISSAN,BLANCO Y AZUL,2,,36,MASCULINO,SIN DATOS,0,0,Morelia,Isaac Arriaga,abril,lunes,13,-101.173878539064,19.7098514781792
44977,44983,2023,,2023/04/17,17:30:00,COLISIÓN CONTRA OBJETO FIJO,ASFALTO,Bueno,Bueno,1,CHEVROLET,VERDE,2,,52,MASCULINO,SIN DATOS,1,0,Peribán,Sin datos,abril,lunes,18,-102.449191175401,19.5571401087623
44978,44984,2023,LEG48078,2023/04/17,18:20:00,COLISIÓN POR CAMBIO DE CARRIL,ASFALTO,Bueno,Bueno,2,FREIGHLINER,BLANCO,2,,43,MASCULINO,SIN DATOS,0,0,Morelia,Dr Miguel Silva,abril,lunes,18,-101.187927793444,19.7204887484457
44980,44986,2023,,2023/04/18,"00:00:00",COLISIÓN POR CORTE DE CIRCULACIÓN,ASFALTO,Bueno,Bueno,1,SIN DATO,SIN DATO,0,,,,,0,0,Morelia,Primo Tapia Oriente,abril,martes,0,-101.158754937351,19.7135095538361
44981,44987,2023,,2023/04/18,"00:00:00",COLISIÓN POR CORTE DE CIRCULACIÓN,ASFALTO,Bueno,Bueno,3,FREIGHTLINER,BLANCO,3,,29,MASCULINO,SIN DATOS,0,0,Morelia,Centro,abril,martes,0,-101.18754847,19.7028479949991
44982,44988,2023,,2023/04/18,"01:25:00",VOLCADURA,ASFALTO,Bueno,Bueno,1,CHEVROLET,BLANCO,1,,55,MASCULINO,SIN DATOS,0,0,Tingüindín,Sin datos,abril,martes,1,-102.501536243559,19.765547116858
44983,44989,2023,,2023/04/18,"07:45:00",COLISIÓN POR CORTE DE CIRCULACIÓN,CONCRETO,Bueno,Bueno,2,DODGE,GRIS,2,,,FEMENINO,SIN DATOS,0,0,Morelia,Ejidal Ocolusen,abril,martes,8,-101.155585494629,19.6843663227041
44984,44990,2023,,2023/04/18,"08:15:00",COLISIÓN POR CORTE DE CIRCULACIÓN,CONCRETO,Bueno,Bueno,2,ITALIKA,AZUL Y AMARILLO,2,,39,MASCULINO,SIN DATOS,0,0,Morelia,Gral Gertrudis Sanchez,abril,martes,8,-101.2094753,19.7439916449991
44986,44992,2023,,2023/04/18,"09:40:00",COLISIÓN POR CORTE DE CIRCULACIÓN,ASFALTO,Bueno,Bueno,2,FORD,CAFE,1,MINISTERIO PÚBLICO,22,MASCULINO,SIN DATOS,0,0,Morelia,Sin datos,abril,martes,10,-101.11455884192,19.7372316661679
44987,44993,2023,,2023/04/18,10:32:00,COLISIÓN POR ALCANCE,ASFALTO,Bueno,Bueno,2,VOLKSWAGEN,AZUL,2,,25,MASCULINO,SIN DATOS,0,0,Morelia,Indeco El Vivero,abril,martes,11,-101.230286120312,19.6793258035144
44988,44994,2023,,2023/04/18,11:10:00,COLISIÓN POR CORTE DE CIRCULACIÓN,ASFALTO,Bueno,Bueno,2,SEAT,PLATA,2,,37,MASCULINO,SIN DATOS,0,0,Morelia,Ilustres Novohispanos,abril,martes,11,-101.152,19.7108
44989,44995,2023,,2023/04/18,13:45:00,COLISIÓN POR MANIOBRA DE REVERSA,CONCRETO,Bueno,Bueno,2,FORD,VERDE,2,,61,MASCULINO,SIN DATOS,0,0,Morelia,Gral Gertrudis Sanchez,abril,martes,14,-101.2094753,19.7439916449991
44990,44996,2023,,2023/04/18,14:00:00,COLISIÓN CONTRA OBJETO FIJO,CONCRETO,Bueno,Bueno,2,TOYOTA,BLANCO/GRIS,2,,23,MASCULINO,SIN DATOS,0,0,Morelia,Chapultepec Norte,abril,martes,14,-101.173778799073,19.6957366970635
44991,44997,2023,MOR230251554,2023/04/18,16:00:00,COLISIÓN POR ALCANCE,ASFALTO,Bueno,Bueno,2,NISSAN,BLANCO,2,,49,FEMENINO,SIN DATOS,0,0,Morelia,La Huerta,abril,martes,16,-101.216158176792,19.6721810649028
44993,44999,2023,,2023/04/18,16:30:00,VOLCADURA,ASFALTO,Bueno,Bueno,1,CHEVROLET,BLANCO,1,,42,MASCULINO,SIN DATOS,0,0,Peribán,Sin datos,abril,martes,17,-102.444965019822,19.5526762237378
44994,45000,2023,,2023/04/18,17:01:00,COLISIÓN POR CORTE DE CIRCULACIÓN,ASFALTO,Bueno,Bueno,2,NISSAN,ROJO,2,MINISTERIO PÚBLICO,69,MASCULINO,SIN DATOS,0,0,Morelia,Santillan La Huerta,abril,martes,17,-101.219553885717,19.6760966650679
44995,45001,2023,MOR230251495,2023/04/18,17:05:00,COLISIÓN POR MANIOBRA DE REVERSA,ASFALTO,Bueno,Bueno,2,NISSAN,ROJO,2,,54,MASCULINO,SIN DATOS,0,0,Morelia,Felix Arreguin,abril,martes,17,-101.225279877508,19.7200541458846
44997,45003,2023,,2023/04/18,17:40:00,COLISIÓN POR CAMBIO DE CARRIL,ASFALTO,Bueno,Bueno,2,CHEVROLET,BLANCO,2,,35,MASCULINO,SIN DATOS,0,0,Morelia,San Rafael,abril,martes,18,-101.152968146101,19.7007687948401
44998,45004,2023,,2023/04/18,19:40:00,COLISIÓN CONTRA OBJETO FIJO,CONCRETO,Bueno,Bueno,1,FORD,PLATA,1,,,MASCULINO,SIN DATOS,0,0,Morelia,Camelinas,abril,martes,20,-101.17262119,19.6818144849991
44999,45005,2023,,2023/04/18,20:30:00,COLISIÓN POR INVASIÓN DE CARRIL,ASFALTO,Bueno,Bueno,3,FORD,BLANCO,4,MINISTERIO PÚBLICO,28,MASCULINO,SIN DATOS,3,0,Irimbo,Sin datos,abril,martes,21,-100.491397865117,19.6961684403168
45002,45008,2023,,2023/04/19,"09:00:00",COLISIÓN POR CAMBIO DE CARRIL,ASFALTO,Bueno,Bueno,2,FORD,ROJO,2,,,MASCULINO,SIN DATOS,0,0,Morelia,Comision Federal de Electricidad,abril,miércoles,9,-101.180054575,19.6847963099991
45004,45010,2023,,2023/04/19,"09:25:00",COLISIÓN POR CORTE DE CIRCULACIÓN,CONCRETO,Bueno,Bueno,2,KIA,AZUL,2,,34,FEMENINO,SIN DATOS,0,0,Morelia,Justo Mendoza,abril,miércoles,9,-101.232603035,19.7126100599992
45005,45011,2023,,2023/04/19,15:45:00,COLISIÓN POR CORTE DE CIRCULACIÓN,CONCRETO,Bueno,Bueno,2,CHEVROLET,BLANCO,2,,40,MASCULINO,SIN DATOS,0,0,Morelia,Guadalupe,abril,miércoles,16,-101.22120499,19.7082681849992
45006,45012,2023,,2023/04/19,16:00:00,COLISIÓN POR CORTE DE CIRCULACIÓN,ASFALTO,Bueno,Bueno,1,MASCOTT,BLANCO Y ROSA,3,,63,MASCULINO,SIN DATOS,2,0,Morelia,Solidaridad,abril,miércoles,16,-101.20584654,19.7357084299991
45007,45013,2023,LEG48111,2023/04/19,18:00:00,COLISIÓN POR MANIOBRA DE REVERSA,ASFALTO,Bueno,Bueno,2,CHEVROLET,BLANCO,2,,40,MASCULINO,SIN DATOS,0,0,Morelia,Dr Miguel Silva,abril,miércoles,18,-101.186192065,19.7175082999991
45008,45014,2023,MOR22067891,2023/04/19,23:05:00,COLISIÓN POR CORTE DE CIRCULACIÓN,CONCRETO,Bueno,Bueno,2,HONDA,BLANCO,2,,,MASCULINO,SIN DATOS,0,0,Morelia,Centro,abril,miércoles,23,-101.19118388321,19.702768457823
45009,45015,2023,,2023/04/20,"06:00:00",COLISIÓN CON PEATÓN,ASFALTO,Bueno,Bueno,1,CHEVROLET,ORO,1,,56,MASCULINO,SIN DATOS,0,0,Morelia,Los Angeles,abril,jueves,6,-101.167963479351,19.7444751194994
45011,45017,2023,,2023/04/20,"08:23:00",COLISIÓN POR CORTE DE CIRCULACIÓN,ASFALTO,Bueno,Bueno,2,NAVISTAR,BLANCO/AZUL,2,,24,,SIN DATOS,0,0,Morelia,Alberto Oviedo Mota,abril,jueves,8,-101.198908182011,19.681555672698
45012,45018,2023,,2023/04/20,10:20:00,COLISIÓN POR CAMBIO DE CARRIL,ASFALTO,Bueno,Bueno,2,CHRYSLER,PLATA,2,,65,,SIN DATOS,0,0,Morelia,Poblado de Ocolusen,abril,jueves,10,-101.153176233214,19.6939479390376
45013,45019,2023,LEG48120,2023/04/20,11:55:00,COLISIÓN POR ALCANCE,ASFALTO,Bueno,Bueno,3,NISSAN,BLANCO,3,,36,MASCULINO,SIN DATOS,0,0,Morelia,Ciudad Industrial,abril,jueves,12,-101.16412207,19.7247848449991
45014,45020,2023,,2023/04/20,12:45:00,COLISIÓN POR CORTE DE CIRCULACIÓN,CONCRETO,Bueno,Bueno,2,NISSAN,BLANCO/ROJO,2,,0,MASCULINO,SIN DATOS,0,0,Morelia,Primo Tapia,abril,jueves,13,-101.212715520993,19.7126109857935
45015,45021,2023,,2023/04/20,15:05:00,COLISIÓN POR MANIOBRA DE REVERSA,CONCRETO,Nublado,Bueno,2,DODGE,AZUL/BLANCO,2,,29,MASCULINO,SIN DATOS,0,0,Morelia,Tzindurio Norte,abril,jueves,15,-101.246334167155,19.7033792039616
45016,45022,2023,,2023/04/20,15:45:00,COLISIÓN CON PEATÓN,ASFALTO,Bueno,Bueno,1,NISSAN,BLANCO,2,,36,MASCULINO,SIN DATOS,1,0,Morelia,Camelinas,abril,jueves,16,-101.17262119,19.6818144849991
45018,45024,2023,MOR230256721,2023/04/20,18:50:00,SALIDA DE SUPERFICIE DE RODAMIENTO,ASFALTO,Bueno,Bueno,1,CHEVROLET,ARENA,1,,27,MASCULINO,SIN DATOS,0,0,Morelia,Sin datos,abril,jueves,19,-101.308300354393,19.7055348407517
45019,45025,2023,,2023/04/20,18:56:00,COLISIÓN POR ALCANCE,CONCRETO,Bueno,Bueno,2,DODGE,BLANCO,2,,17,MASCULINO,SIN DATOS,0,0,Morelia,Loma Real,abril,jueves,19,-101.19781947,19.7313689249991
45020,45026,2023,,2023/04/20,22:00:00,COLISIÓN POR CORTE DE CIRCULACIÓN,ASFALTO,Bueno,Bueno,2,CHEVROLET,GRIS,1,MINISTERIO PÚBLICO,64,FEMENINO,SIN DATOS,0,0,Pátzcuaro,2A de San Lazaro,abril,jueves,22,-101.606776043773,19.5056875242153
45021,45027,2023,LEG48130,2023/04/21,"07:00:00",COLISIÓN POR CORTE DE CIRCULACIÓN,ASFALTO,Bueno,Bueno,2,NISSAN,NEGRO,2,,40,FEMENINO,SIN DATOS,0,0,Morelia,Melchor Ocampo,abril,viernes,7,-101.203435175121,19.7052838146608
45022,45028,2023,,2023/04/21,"07:45:00",VOLCADURA,ASFALTO,Bueno,Bueno,1,ISUZU,BLANCO,1,,46,MASCULINO,SIN DATOS,0,0,Morelia,Bosques de Oriente,abril,viernes,8,-101.154097281396,19.7167194374311
45023,45029,2023,,2023/04/21,16:25:00,COLISIÓN POR ALCANCE,ASFALTO,Bueno,Bueno,2,NISSAN,BLANCO,2,,18,MASCULINO,SIN DATOS,0,0,Morelia,Bosques Tres Marias,abril,viernes,16,-101.105249226093,19.7292616683983
45024,45030,2023,LEG48131,2023/04/21,17:05:00,COLISIÓN POR CORTE DE CIRCULACIÓN,ASFALTO,Bueno,Bueno,2,CHEVROLET,GRIS,2,,28,MASCULINO,SIN DATOS,0,0,Morelia,Villas del Real,abril,viernes,17,-101.200506873429,19.7333088053091
45025,45031,2023,LEG48132,2023/04/21,18:35:00,COLISIÓN POR CORTE DE CIRCULACIÓN,ASFALTO,Bueno,Bueno,2,TOYOTA,BLANCO/GRIS,2,,29,MASCULINO,SIN DATOS,0,0,Morelia,El Lago 1,abril,viernes,19,-101.212162077427,19.7267069077761
45026,45032,2023,,2023/04/21,20:50:00,COLISIÓN CONTRA OBJETO FIJO,ASFALTO,Bueno,Bueno,2,ITALIKA,GRIS,3,MINISTERIO PÚBLICO,19,MASCULINO,SIN DATOS,1,0,Tancítaro,Sin datos,abril,viernes,21,-102.426223754883,19.4158285998623
45027,45033,2023,,2023/04/21,22:10:00,COLISIÓN POR ALCANCE,ASFALTO,Bueno,Bueno,1,RENAULT,GUINDA,1,MINISTERIO PÚBLICO,49,MASCULINO,SIN DATOS,0,0,Tocumbo,La Libertad,abril,viernes,22,-102.486920803785,19.6214225755497
45029,45035,2023,,2023/04/22,"08:45:00",COLISIÓN POR CORTE DE CIRCULACIÓN,ASFALTO,Bueno,Bueno,2,ITALIKA,NEGRO/AMARILLO,2,MINISTERIO PÚBLICO,35,MASCULINO,SIN DATOS,0,0,Morelia,Los Manantiales de Morelia,abril,sábado,9,-101.240148916841,19.7009875513485
45030,45036,2023,,2023/04/22,"09:55:00",COLISIÓN CONTRA OBJETO FIJO,CONCRETO,Bueno,Bueno,1,NISSAN,NARANJA,1,,34,FEMENINO,SIN DATOS,0,0,Morelia,La Quemada,abril,sábado,10,-101.237037889659,19.7018978852328
45031,45037,2023,,2023/04/22,11:38:00,COLISIÓN POR ALCANCE,ASFALTO,Bueno,Bueno,2,VOLKSWAGEN,AZUL,2,,29,MASCULINO,SIN DATOS,0,0,Morelia,Nueva Valladolid,abril,sábado,12,-101.209070160985,19.6985671238607
45032,45038,2023,,2023/04/22,11:55:00,COLISIÓN POR CAMBIO DE CARRIL,ASFALTO,Bueno,Bueno,2,NISSAN,PLATA,2,,71,MASCULINO,SIN DATOS,0,0,Morelia,Dr Miguel Silva,abril,sábado,12,-101.188298799098,19.7211377352111
45033,45039,2023,,2023/04/22,12:20:00,COLISIÓN POR CORTE DE CIRCULACIÓN,ASFALTO,Bueno,Malo,2,DINA,BLANCO,2,,36,MASCULINO,SIN DATOS,0,0,Morelia,Lomas del Tecnologico,abril,sábado,12,-101.191489957273,19.7226996858273
45034,45040,2023,,2023/04/22,13:25:00,COLISIÓN CONTRA OBJETO FIJO,ASFALTO,Bueno,Bueno,2,CHEVROLET,PLATA,2,,23,MASCULINO,SIN DATOS,0,0,Morelia,Lomas de Guayangareo,abril,sábado,13,-101.158957779408,19.703513052266
45035,45041,2023,,2023/04/22,15:20:00,COLISIÓN POR CORTE DE CIRCULACIÓN,ASFALTO,Bueno,Bueno,2,FORD,ARENA,2,,34,MASCULINO,SIN DATOS,0,0,Morelia,Ejidal Tres Puentes,abril,sábado,15,-101.225949302316,19.6924704388822
45036,45042,2023,,2023/04/22,16:00:00,COLISIÓN POR CORTE DE CIRCULACIÓN,ASFALTO,Bueno,Bueno,2,CHRYSLER,BLANCO,0,MINISTERIO PÚBLICO,,,,0,0,Lázaro Cárdenas,Solidaridad Nacional,abril,sábado,16,-102.212278023362,17.9692068279753
45037,45043,2023,LEG48140,2023/04/22,16:55:00,COLISIÓN POR INVASIÓN DE CARRIL,ASFALTO,Bueno,Bueno,2,CHEVROLET,ROJO,2,MINISTERIO PÚBLICO,24,FEMENINO,SIN DATOS,0,0,Charo,San Pedro Y San Pablo,abril,sábado,17,-101.048064865172,19.7512747845498
45038,45044,2023,,2023/04/22,19:40:00,COLISIÓN CONTRA OBJETO FIJO,ASFALTO,Nublado,Regular,1,SUZUKI,PLATA,1,,46,MASCULINO,SIN DATOS,0,0,Morelia,Ario 1815,abril,sábado,20,-101.279322914779,19.6978480591891
45039,45045,2023,,2023/04/22,20:20:00,COLISIÓN POR CORTE DE CIRCULACIÓN,ASFALTO,Bueno,Bueno,2,VOLKSWAGEN,BLANCO,2,,52,MASCULINO,SIN DATOS,0,0,Morelia,Vista Bella,abril,sábado,20,-101.197615452111,19.6802198636232
45040,45046,2023,,2023/04/22,21:21:00,COLISIÓN POR CORTE DE CIRCULACIÓN,ASFALTO,Bueno,Bueno,2,NISSAN,BLANCO,2,MINISTERIO PÚBLICO,,MASCULINO,SIN DATOS,0,0,Morelia,3 de Agosto,abril,sábado,21,-101.171830706298,19.7308522584533
45041,45047,2023,MOR22306781,2023/04/22,21:35:00,COLISIÓN CONTRA OBJETO FIJO,ASFALTO,Bueno,Bueno,1,VOLKSWAGEN,ROJO,1,,,,SIN DATOS,0,0,Morelia,Nicolaitas Ilustres,abril,sábado,22,-101.226473674178,19.7222016559487
45042,45048,2023,,2023/04/22,22:30:00,COLISIÓN POR CORTE DE CIRCULACIÓN,ASFALTO,Bueno,Bueno,2,ITALIKA,NEGRO/ROJO,3,MINISTERIO PÚBLICO,,,,2,1,Peribán,Sin datos,abril,sábado,23,-102.446916997433,19.5547876513797
45043,45049,2023,,2023/04/22,23:00:00,COLISIÓN POR ALCANCE,ASFALTO,Bueno,Bueno,2,VOLKSWAGEN,BLANCO,2,,,FEMENINO,SIN DATOS,0,0,Morelia,Sentimientos de La Nacion,abril,sábado,23,-101.234320141375,19.6789264699301
45044,45050,2023,,2023/04/23,"00:00:00",COLISIÓN POR CAMBIO DE CARRIL,ASFALTO,Bueno,Bueno,0,,,0,,,,,0,0,Morelia,Sentimientos de La Nacion,abril,domingo,0,-101.23415,19.68067823
45045,45051,2023,,2023/04/23,"01:20:00",COLISIÓN POR ALCANCE,ASFALTO,Bueno,Bueno,2,VOLKSWAGEN,NEGRO,2,,28,MASCULINO,SIN DATOS,0,0,Morelia,Irrigacion,abril,domingo,1,-101.22501488775,19.704737437125
45046,45052,2023,,2023/04/23,"05:28:00",COLISIÓN POR NO RESPETAR SEMÁFORO,ASFALTO,Bueno,Bueno,2,FORD,BLANCO,2,,34,MASCULINO,SIN DATOS,0,0,Morelia,Ventura Puente,abril,domingo,5,-101.179238632321,19.6935620131947
45047,45053,2023,MOR 230260773,2023/04/23,12:30:00,COLISIÓN POR CAMBIO DE CARRIL,ASFALTO,Bueno,Regular,2,TOYOTA,AZUL,2,,21,FEMENINO,SIN DATOS,0,0,Morelia,Enrique Arreguin Robles,abril,domingo,13,-101.185407042503,19.7239946193694
45048,45054,2023,MOR 230254965,2023/04/23,13:00:00,COLISIÓN POR ALCANCE,ASFALTO,Bueno,Bueno,2,KIA,BLANCO,2,,50,FEMENINO,SIN DATOS,0,0,Morelia,Sin datos,abril,domingo,13,-101.168234869838,19.668450448656
45049,45055,2023,SIN FO,2023/04/23,16:00:00,COLISIÓN CON PEATÓN,ASFALTO,Bueno,Bueno,1,NISSAN,GRIS,0,MINISTERIO PÚBLICO,,,,0,0,Lázaro Cárdenas,Sin datos,abril,domingo,16,-102.228232137859,17.9353927402512
45051,45057,2023,,2023/04/23,19:50:00,COLISIÓN POR ALCANCE,ASFALTO,Bueno,Bueno,2,CHEVROLET,BLANCO,2,,28,MASCULINO,SIN DATOS,0,0,Morelia,Valle del Durazno,abril,domingo,20,-101.186045155,19.6564858949992
45053,45059,2023,,2023/04/23,20:00:00,COLISIÓN POR CORTE DE CIRCULACIÓN,ASFALTO,Bueno,Bueno,2,NISSAN,ROJO,2,,63,MASCULINO,SIN DATOS,0,0,Morelia,Praderas del Indio,abril,domingo,20,-101.223494028547,19.6450845894654
45054,45060,2023,LEG48153,2023/04/23,20:10:00,COLISIÓN POR CORTE DE CIRCULACIÓN,ASFALTO,Bueno,Bueno,2,VENTO,AMARILLO,2,,28,MASCULINO,SIN DATOS,0,0,Morelia,Ventura Puente,abril,domingo,20,-101.18797827512,19.6928902760371
45055,45061,2023,,2023/04/23,21:30:00,COLISIÓN POR NO RESPETAR SEMÁFORO,ASFALTO,Bueno,Bueno,2,VENTO,NEGRO/ROJO,4,MINISTERIO PÚBLICO,20,MASCULINO,SIN DATOS,2,0,Pátzcuaro,Las Palmas,abril,domingo,22,-101.617270186543,19.5106080999411
45056,45062,2023,MOR 230254968,2023/04/23,22:00:00,COLISIÓN POR INVASIÓN DE CARRIL,ASFALTO,Bueno,Bueno,2,TOYOTA,BLANCO,2,MINISTERIO PÚBLICO,,,SIN DATOS,0,0,Morelia,Sin datos,abril,domingo,22,-101.132978238165,19.6209959193204