fid,id_accidente,anio_origen,folio_c5i,dia_incidente,hora_ocurrencia,tipo_incidente_vial,superficie_ocurrencia,condiciones_climaticas,condiciones_via,numero_vehiculos_involucrados,marca_vehiculo_ocasiona_siniestro,color_vehiculo_ocasiona_siniestro,numero_personas_involucradas,lugar_remite_presunto_responsable,edad_presunto_responsable,sexo_presunto_responsable,resultados_toxicologia,numero_personas_lesionadas,numero_personas_fallecidas,municipio,colonia,mes,dia_semana,hora_redondeada,lon,lat
45057,45063,2023,,2023/04/23,23:22:00,COLISIÓN POR NO RESPETAR SEMÁFORO,ASFALTO,Bueno,Bueno,2,ITALIKA,NEGRO,2,,22,MASCULINO,SIN DATOS,0,0,Morelia,Ana Maria Gallaga (Riviera Norte),abril,domingo,23,-101.219995133579,19.6771301601721
45058,45064,2023,,2023/04/24,"00:00:00",COLISIÓN CONTRA OBJETO FIJO,ASFALTO,Bueno,Bueno,1,VOLKSWAGEN,ROJO,0,MINISTERIO PÚBLICO,,,,0,0,Morelia,Del Prendimiento,abril,lunes,0,-101.387824353099,19.6669094028484
45060,45066,2023,,2023/04/24,"03:00:00",COLISIÓN CONTRA OBJETO FIJO,ASFALTO,Bueno,Bueno,1,TOYOTA,ROJO,1,MINISTERIO PÚBLICO,,MASCULINO,SIN DATOS,0,0,Lázaro Cárdenas,Samuel Ruiz,abril,lunes,3,-102.220883220434,17.9796129522022
45061,45067,2023,MOR 230266660,2023/04/24,12:00:00,COLISIÓN POR CORTE DE CIRCULACIÓN,ASFALTO,Bueno,Regular,2,FORD,GRIS,2,,79,MASCULINO,SIN DATOS,0,0,Morelia,Rey Tariacuri (Eucaliptos),abril,lunes,12,-101.198902538624,19.6789772554094
45062,45068,2023,LEG48168,2023/04/24,13:35:00,COLISIÓN POR CORTE DE CIRCULACIÓN,ASFALTO,Bueno,Bueno,2,CHEVROLET,ROJO,3,MINISTERIO PÚBLICO,48,MASCULINO,SIN DATOS,1,0,Morelia,Centro,abril,lunes,14,-101.19118388321,19.702768457823
45063,45069,2023,MOR 230276246,2023/04/24,15:00:00,COLISIÓN POR CORTE DE CIRCULACIÓN,ASFALTO,Bueno,Bueno,2,KIA,SILVER,2,,40,FEMENINO,SIN DATOS,0,0,Morelia,Chapultepec Sur,abril,lunes,15,-101.176351915,19.6910920199992
45064,45070,2023,,2023/04/24,15:15:00,COLISIÓN POR CORTE DE CIRCULACIÓN,ASFALTO,Bueno,Bueno,2,CHEVROLET,ROJO,2,,23,FEMENINO,SIN DATOS,0,0,Morelia,Sin datos,abril,lunes,15,-101.11455884192,19.7372316661679
45065,45071,2023,,2023/04/24,15:20:00,COLISIÓN POR CORTE DE CIRCULACIÓN,ASFALTO,Nublado,Regular,2,VENTO,NEGRO,2,,0,MASCULINO,SIN DATOS,0,0,Morelia,Erendira,abril,lunes,15,-101.166042939888,19.7029964262637
45066,45072,2023,,2023/04/24,15:55:00,COLISIÓN POR CAMBIO DE CARRIL,ASFALTO,Bueno,Bueno,2,GENERAL MOTORS,BLANCO Y AZUL,2,MINISTERIO PÚBLICO,31,MASCULINO,SIN DATOS,0,0,Morelia,Ampliacion La Soledad,abril,lunes,16,-101.182366945,19.7372690449992
45067,45073,2023,,2023/04/24,16:35:00,COLISIÓN POR CORTE DE CIRCULACIÓN,CONCRETO,Bueno,Bueno,2,TOYOTA,BLANCO,2,,57,MASCULINO,SIN DATOS,0,0,Morelia,Gertrudis Sanchez,abril,lunes,17,-101.199914647886,19.7428476868678
45068,45074,2023,,2023/04/24,19:34:00,COLISIÓN CONTRA OBJETO FIJO,ASFALTO,Bueno,Bueno,1,NISSAN,GRIS,0,,,,,0,0,Morelia,Los Angeles,abril,lunes,20,-101.167963479351,19.7444751194994
45071,45077,2023,,2023/04/25,11:18:00,COLISIÓN POR CORTE DE CIRCULACIÓN,ASFALTO,Bueno,Bueno,2,FREIGHLINER,BLANCO,2,,35,MASCULINO,SIN DATOS,0,0,Morelia,Santillan La Huerta,abril,martes,11,-101.219553885717,19.6760966650679
45074,45080,2023,,2023/04/25,13:00:00,COLISIÓN CONTRA OBJETO FIJO,ASFALTO,Bueno,Bueno,1,HONDA,BLANCO,1,MINISTERIO PÚBLICO,84,MASCULINO,SIN DATOS,0,0,Morelia,Camelinas,abril,martes,13,-101.17262119,19.6818144849991
45075,45081,2023,LEG48184,2023/04/25,13:00:00,COLISIÓN CONTRA OBJETO FIJO,ASFALTO,Bueno,Bueno,3,NISSAN,BLANCO,3,,50,MASCULINO,CON CERTIFICADO,0,0,Morelia,El Lago 1,abril,martes,13,-101.218231246427,19.7322753134921
45076,45082,2023,,2023/04/25,15:20:00,COLISIÓN POR ALCANCE,ASFALTO,Bueno,Bueno,2,DODGE,NEGRO,2,,0,,SIN DATOS,0,0,Morelia,Elias Perez Avalos,abril,martes,15,-101.167813022979,19.7136335493406
45078,45084,2023,,2023/04/25,22:10:00,COLISIÓN POR CORTE DE CIRCULACIÓN,ASFALTO,Bueno,Bueno,2,VELOCI,ROJO,2,,20,MASCULINO,SIN DATOS,0,0,Morelia,Las Margaritas,abril,martes,22,-101.208293551831,19.7110706214167
45080,45086,2023,,2023/04/26,"07:40:00",CAIDA DE MOTOCICLETA,ASFALTO,Bueno,Bueno,1,YAMAHA,BLANCO Y  NEGRO,2,,43,MASCULINO,SIN DATOS,1,0,Morelia,Montaña Monarca,abril,miércoles,8,-101.160731725395,19.6716287178734
45081,45087,2023,MOR 230254975,2023/04/26,"08:30:00",COLISIÓN POR CORTE DE CIRCULACIÓN,ASFALTO,Bueno,Bueno,2,CHEVROLET,AZUL,2,,52,MASCULINO,SIN DATOS,0,0,Morelia,Ferrocarrilero,abril,miércoles,9,-101.212780326605,19.7018672672911
45082,45088,2023,,2023/04/26,12:40:00,COLISIÓN POR CORTE DE CIRCULACIÓN,ASFALTO,Bueno,Bueno,2,ISUZU,BLANCO,2,,27,MASCULINO,SIN DATOS,0,0,Morelia,El Eden,abril,miércoles,13,-101.24953597784,19.6459611391878
45083,45089,2023,,2023/04/26,12:40:00,COLISIÓN POR INVASIÓN DE CARRIL,CONCRETO,Bueno,Bueno,2,GENERAL MOTORS,PLATA,2,,21,MASCULINO,SIN DATOS,0,0,Morelia,Felix Ireta,abril,miércoles,13,-101.189424991608,19.6875547899242
45084,45090,2023,MOR 230254911,2023/04/26,13:00:00,COLISIÓN POR ALCANCE,ASFALTO,Bueno,Bueno,2,HYUNDAI,BLANCO,2,,32,MASCULINO,SIN DATOS,0,0,Morelia,Granjas de La Huerta,abril,miércoles,13,-101.231190674007,19.6629193459461
45085,45091,2023,LEG48201,2023/04/26,13:54:00,COLISIÓN POR CORTE DE CIRCULACIÓN,ASFALTO,Bueno,Bueno,2,KIA,GRIS,2,,47,FEMENINO,SIN DATOS,0,0,Morelia,El Realito,abril,miércoles,14,-101.20328463614,19.7256060915949
45086,45092,2023,,2023/04/26,14:43:00,COLISIÓN POR CORTE DE CIRCULACIÓN,CONCRETO,Bueno,Bueno,2,NISSAN,GRIS,2,,35,MASCULINO,SIN DATOS,0,0,Morelia,El Realito,abril,miércoles,15,-101.205001249909,19.7266292701862
45087,45093,2023,MOR230240666,2023/04/26,15:00:00,COLISIÓN POR ALCANCE,ASFALTO,Bueno,Bueno,4,RAM,BLANCO,4,MINISTERIO PÚBLICO,38,MASCULINO,SIN DATOS,0,0,Morelia,Xangari,abril,miércoles,15,-101.220967099071,19.6735377959444
45088,45094,2023,,2023/04/26,17:15:00,COLISIÓN POR CORTE DE CIRCULACIÓN,ASFALTO,Bueno,Bueno,2,NISSAN,BLANCO Y ROJO,2,,77,MASCULINO,SIN DATOS,0,0,Morelia,Ventura Puente,abril,miércoles,17,-101.180172376335,19.6882666402914
45089,45095,2023,,2023/04/26,17:30:00,COLISIÓN POR CORTE DE CIRCULACIÓN,ASFALTO,Bueno,Bueno,2,NISSAN,PLATA,3,,35,MASCULINO,SIN DATOS,1,0,Morelia,Felix Ireta,abril,miércoles,18,-101.19186848402,19.6910666595878
45090,45096,2023,LEG48200,2023/04/26,19:15:00,COLISIÓN POR CORTE DE CIRCULACIÓN,ASFALTO,Bueno,Regular,2,INTERNATIONAL,BLANCO,2,,47,MASCULINO,SIN DATOS,0,0,Morelia,Dr Miguel Silva,abril,miércoles,19,-101.188264936209,19.7212160066903
45091,45097,2023,MOR 230272609,2023/04/26,20:10:00,COLISIÓN POR CORTE DE CIRCULACIÓN,ASFALTO,Bueno,Regular,2,TOYOTA,BLANCO,2,,22,MASCULINO,SIN DATOS,0,0,Morelia,Loma de Los Piñones,abril,miércoles,20,-101.205068975687,19.6740296632099
45092,45098,2023,,2023/04/27,"07:30:00",VOLCADURA,ASFALTO,Bueno,Bueno,1,FORD,ROJO,1,,87,MASCULINO,SIN DATOS,0,0,Morelia,Del Prendimiento,abril,jueves,8,-101.387824353099,19.6669094028484
45094,45100,2023,,2023/04/27,"09:20:00",COLISIÓN POR CORTE DE CIRCULACIÓN,ASFALTO,Bueno,Bueno,2,NISSAN,GRIS,2,,0,,SIN DATOS,0,0,Morelia,Felix Ireta,abril,jueves,9,-101.188582604864,19.6860148664875
45095,45101,2023,MOR22308761,2023/04/27,"09:30:00",COLISIÓN POR CAMBIO DE CARRIL,ASFALTO,Bueno,Bueno,2,NISSAN,BLANCO,2,,0,MASCULINO,SIN DATOS,0,0,Morelia,Camelinas,abril,jueves,10,-101.17075869981,19.6837967780615
45096,45102,2023,,2023/04/27,10:05:00,COLISIÓN POR ALCANCE,CONCRETO,Bueno,Regular,2,KIA,BLANCO,2,,48,MASCULINO,SIN DATOS,0,0,Morelia,Centro,abril,jueves,10,-101.198674752632,19.7015897968917
45097,45103,2023,MOR230273411,2023/04/27,11:00:00,COLISIÓN POR CORTE DE CIRCULACIÓN,ASFALTO,Bueno,Bueno,2,CHEVROLET,GRIS,2,,26,MASCULINO,SIN DATOS,0,0,Morelia,Cañada del Bosque,abril,jueves,11,-101.097469366718,19.7282996448773
45098,45104,2023,,2023/04/27,12:30:00,COLISIÓN CON PEATÓN,ASFALTO,Bueno,Bueno,2,SEAT,BLANCO,2,,29,MASCULINO,SIN DATOS,0,0,Morelia,Centro,abril,jueves,13,-101.18754847,19.7028479949991
45099,45105,2023,,2023/04/27,12:35:00,COLISIÓN POR INVASIÓN DE CARRIL,ASFALTO,Bueno,Bueno,2,NISSAN,AZUL,2,,20,MASCULINO,SIN DATOS,0,0,Morelia,Ciudad Industrial,abril,jueves,13,-101.14554366932,19.7284851395985
45100,45106,2023,,2023/04/27,13:00:00,COLISIÓN POR MANIOBRA DE REVERSA,ASFALTO,Bueno,Bueno,2,YANDIES,VERDE  Y  AMARILLO,2,,57,MASCULINO,SIN DATOS,0,0,Morelia,Praderas del Indio,abril,jueves,13,-101.223494028547,19.6450845894654
45101,45107,2023,,2023/04/27,16:35:00,COLISIÓN POR INVASIÓN DE CARRIL,ASFALTO,Bueno,Bueno,2,SEAT,GRIS,2,,36,MASCULINO,SIN DATOS,0,0,Morelia,Vista Bella,abril,jueves,17,-101.195316025,19.6789278749992
45102,45108,2023,MOR22308976,2023/04/27,21:20:00,COLISIÓN POR NO RESPETAR SEMÁFORO,ASFALTO,Bueno,Bueno,2,NISSAN,GRIS,2,,,MASCULINO,SIN DATOS,0,0,Morelia,Camelinas,abril,jueves,21,-101.17262119,19.6818144849991
45103,45109,2023,LEG48213,2023/04/28,"07:00:00",COLISIÓN POR CORTE DE CIRCULACIÓN,CONCRETO,Bueno,Bueno,2,HONDA,GRIS,2,,50,MASCULINO,SIN DATOS,0,0,Morelia,Balcones de Morelia,abril,viernes,7,-101.200951784849,19.6715980941437
45104,45110,2023,MOR 230275456,2023/04/28,"09:35:00",COLISIÓN POR ALCANCE,ASFALTO,Bueno,Regular,4,MITSUBISHI,BLANCO,4,MINISTERIO PÚBLICO,31,MASCULINO,SIN DATOS,0,0,Morelia,Ignacio Zaragoza,abril,viernes,10,-101.204613335431,19.7253384608269
45105,45111,2023,,2023/04/28,10:30:00,COLISIÓN POR CORTE DE CIRCULACIÓN,ASFALTO,Bueno,Bueno,2,INTERNATIONAL,BLANCO,2,,23,MASCULINO,SIN DATOS,0,0,Morelia,Isaac Arriaga,abril,viernes,11,-101.166366711259,19.7101102263267
45106,45112,2023,,2023/04/28,10:50:00,COLISIÓN POR CORTE DE CIRCULACIÓN,ASFALTO,Bueno,Bueno,2,NISSAN,BLANCO,0,MINISTERIO PÚBLICO,,,,0,0,Lázaro Cárdenas,Solidaridad Nacional,abril,viernes,11,-102.212374247611,17.9692345742029
45107,45113,2023,,2023/04/28,12:40:00,COLISIÓN POR ALCANCE,CONCRETO,Bueno,Bueno,2,NISSAN,BLANCO/ROJO,2,,61,MASCULINO,SIN DATOS,0,0,Morelia,Lindavista,abril,viernes,13,-101.216177344322,19.7038851980751
45108,45114,2023,,2023/04/28,12:50:00,SALIDA DE SUPERFICIE DE RODAMIENTO,ASFALTO,Bueno,Bueno,1,CHEVROLET,CAFE,1,MINISTERIO PÚBLICO,,MASCULINO,SIN DATOS,0,0,Tzitzio,Sin datos,abril,viernes,13,-100.908375419676,19.5234745238823
45109,45115,2023,,2023/04/28,15:10:00,COLISIÓN POR ALCANCE,ASFALTO,Bueno,Bueno,2,TOYOTA,BLANCO,2,,21,MASCULINO,SIN DATOS,0,0,Morelia,Cinco de Diciembre,abril,viernes,15,-101.165775619447,19.6844361850977
45110,45116,2023,LEG48223,2023/04/28,15:30:00,COLISIÓN POR CORTE DE CIRCULACIÓN,ASFALTO,Bueno,Bueno,1,CHEVROLET,BLANCO,1,,,MASCULINO,SIN DATOS,0,0,Morelia,Ciudad Industrial,abril,viernes,16,-101.143352352083,19.7249474287456
45111,45117,2023,LEG48224,2023/04/28,16:30:00,COLISIÓN POR ALCANCE,ASFALTO,Bueno,Bueno,2,MAZDA,GRIS,2,,82,MASCULINO,SIN DATOS,0,0,Morelia,Comision Federal de Electricidad,abril,viernes,17,-101.181362941861,19.6815104056721
45112,45118,2023,,2023/04/28,17:50:00,COLISIÓN POR ALCANCE,CONCRETO,Bueno,Bueno,2,NISSAN,BLANCO,2,MINISTERIO PÚBLICO,36,FEMENINO,SIN DATOS,0,0,Morelia,Josefa Ortiz de Dominguez,abril,viernes,18,-101.21473800391,19.6742212952981
45113,45119,2023,MOR230276589,2023/04/29,"03:55:00",COLISIÓN CONTRA OBJETO FIJO,ASFALTO,Bueno,Bueno,1,VOLKSWAGEN,PLATA,1,,33,MASCULINO,SIN DATOS,0,0,Morelia,Justo Mendoza,abril,sábado,4,-101.232559271157,19.7127302714901
45114,45120,2023,,2023/04/29,"07:09:00",COLISIÓN POR CORTE DE CIRCULACIÓN,ASFALTO,Bueno,Bueno,2,NISSAN,NARANJA,2,,29,MASCULINO,ALIENTO ETÍLICO,0,0,Morelia,Ventura Puente,abril,sábado,7,-101.186591908336,19.6922406328153
45115,45121,2023,MOR220345671,2023/04/29,11:50:00,COLISIÓN POR ALCANCE,ASFALTO,Bueno,Bueno,3,NISSAN,GRIS,3,,,FEMENINO,SIN DATOS,0,0,Morelia,Nueva Valladolid,abril,sábado,12,-101.207348518074,19.7021671334787
45116,45122,2023,,2023/04/29,12:25:00,COLISIÓN POR ALCANCE,ASFALTO,Bueno,Bueno,2,FORD,ARENA,2,,46,MASCULINO,SIN DATOS,0,0,Morelia,Loma de Los Piñones,abril,sábado,12,-101.205066293478,19.6741900406568
45117,45123,2023,,2023/04/29,12:45:00,COLISIÓN POR CORTE DE CIRCULACIÓN,ASFALTO,Bueno,Bueno,2,NISSAN,BLANCO,2,,32,MASCULINO,SIN DATOS,0,0,Morelia,Morelos,abril,sábado,13,-101.185368485749,19.7240252330746
45118,45124,2023,LEG48234,2023/04/29,13:00:00,COLISIÓN POR CORTE DE CIRCULACIÓN,ASFALTO,Bueno,Bueno,2,NISSAN,GRIS,2,,35,MASCULINO,CON CERTIFICADO,0,0,Morelia,Cinco de Diciembre,abril,sábado,13,-101.165569759905,19.6846006560057
45119,45125,2023,,2023/04/29,14:00:00,COLISIÓN POR CORTE DE CIRCULACIÓN,ASFALTO,Bueno,Bueno,1,GENERAL MOTORS,BLANCO,1,,,MASCULINO,SIN DATOS,0,0,Morelia,Vista Bella,abril,sábado,14,-101.195858940482,19.6790978917594
45120,45126,2023,,2023/04/29,14:25:00,COLISIÓN POR ALCANCE,ASFALTO,Bueno,Bueno,2,CHEVROLET,GRIS,2,,43,FEMENINO,SIN DATOS,0,0,Morelia,Felix Ireta,abril,sábado,14,-101.185089200735,19.6811445216413
45121,45127,2023,,2023/04/29,15:15:00,COLISIÓN POR CORTE DE CIRCULACIÓN,ASFALTO,Bueno,Bueno,2,NISSAN,PLATA,2,,37,MASCULINO,SIN DATOS,0,0,Morelia,Plan de La Garita,abril,sábado,15,-101.185051985085,19.7124796630757
45122,45128,2023,,2023/04/29,17:30:00,COLISIÓN POR CORTE DE CIRCULACIÓN,ASFALTO,Bueno,Bueno,2,TOYOTA,PLATA,0,MINISTERIO PÚBLICO,,,,0,0,Lázaro Cárdenas,600 Casas,abril,sábado,18,-102.217206247151,17.966800224803
45123,45129,2023,,2023/04/29,19:40:00,COLISIÓN CONTRA OBJETO FIJO,CONCRETO,Bueno,Bueno,1,FIAT,ROJO,1,,0,MASCULINO,SIN DATOS,0,0,Morelia,Tres Puentes,abril,sábado,20,-101.214764490724,19.7032277083281
45124,45130,2023,,2023/04/29,20:00:00,COLISIÓN POR CORTE DE CIRCULACIÓN,ASFALTO,Bueno,Bueno,2,ITALIKA,AMARILLO,3,,52,FEMENINO,SIN DATOS,1,0,Morelia,Quinceo,abril,sábado,20,-101.225502379239,19.727957309617
45125,45131,2023,MOR22035679,2023/04/29,22:15:00,COLISIÓN CONTRA OBJETO FIJO,ASFALTO,Bueno,Bueno,2,VOLKSWAGEN,GRIS,2,,33,MASCULINO,SIN DATOS,0,0,Morelia,Ario 1815,abril,sábado,22,-101.276655626466,19.7001627544288
45126,45132,2023,,2023/04/29,23:00:00,COLISIÓN CONTRA OBJETO FIJO,ASFALTO,Bueno,Bueno,1,DODGE,GRIS,1,,,,SIN DATOS,0,0,Morelia,Sin datos,abril,sábado,23,-101.276988387108,19.6276760700349
45127,45133,2023,,2023/04/30,"01:45:00",COLISIÓN POR ALCANCE,ASFALTO,Bueno,Bueno,2,HONDA,NEGRO,0,MINISTERIO PÚBLICO,,,,0,0,Lázaro Cárdenas,Centro,abril,domingo,2,-102.189679071307,17.9532733953511
45128,45134,2023,,2023/04/30,"07:45:00",COLISIÓN POR CORTE DE CIRCULACIÓN,ASFALTO,Bueno,Bueno,2,PEUGEOT,ROJO,2,,24,MASCULINO,SIN DATOS,0,0,Morelia,Del Prendimiento,abril,domingo,8,-101.390537694097,19.6661848633586
45129,45135,2023,,2023/04/30,"08:30:00",VOLCADURA,ASFALTO,Bueno,Bueno,1,TOYOTA,GRIS,0,MINISTERIO PÚBLICO,,,,0,0,Lázaro Cárdenas,Sin datos,abril,domingo,9,-102.241206988692,17.942669872678
45130,45136,2023,,2023/04/30,13:17:00,COLISIÓN CONTRA OBJETO FIJO,CONCRETO,Bueno,Bueno,1,NISSAN,BLANCO,1,,39,MASCULINO,SIN DATOS,0,0,Morelia,Colinas del Sur,abril,domingo,13,-101.198360435665,19.6609245787184
45131,45137,2023,,2023/04/30,15:40:00,COLISIÓN POR CAMBIO DE CARRIL,ASFALTO,Bueno,Bueno,2,FORD,GRIS,2,,62,MASCULINO,SIN DATOS,0,0,Morelia,Josefa Ortiz de Dominguez,abril,domingo,16,-101.209955625236,19.6720921773157
45132,45138,2023,,2023/04/30,15:45:00,COLISIÓN POR MANIOBRA DE REVERSA,CONCRETO,Bueno,Bueno,2,NISSAN,BLANCO,2,,71,MASCULINO,ALIENTO ETÍLICO,0,0,Morelia,El Realito,abril,domingo,16,-101.205205433071,19.72583648093
45133,45139,2023,,2023/04/30,17:30:00,COLISIÓN POR ALCANCE,ASFALTO,Bueno,Bueno,2,NISSAN,AZUL,1,MINISTERIO PÚBLICO,28,FEMENINO,SIN DATOS,0,0,Pátzcuaro,Centro,abril,domingo,18,-101.607230678201,19.523702043224
45134,45140,2023,LEG48248,2023/04/30,19:20:00,COLISIÓN CONTRA OBJETO FIJO,CONCRETO,Bueno,Bueno,1,MG,PLATA,1,MINISTERIO PÚBLICO,37,MASCULINO,SIN DATOS,0,0,Morelia,Rey Tariacuri (Eucaliptos),abril,domingo,19,-101.200434453785,19.6778306918037
45135,45141,2023,,2023/04/30,19:40:00,COLISIÓN POR CAMBIO DE CARRIL,ASFALTO,Bueno,Bueno,3,CHEVROLET,ROJO,3,,39,MASCULINO,SIN DATOS,0,0,Morelia,Tinijaro,abril,domingo,20,-101.26309286803,19.6964522185447
45136,45142,2023,,2023/04/30,21:56:00,COLISIÓN POR INVASIÓN DE CARRIL,ASFALTO,Bueno,Bueno,2,FORD,NEGRO,4,MINISTERIO PÚBLICO,,MASCULINO,SIN DATOS,2,0,Peribán,Sin datos,abril,domingo,22,-102.448075376451,19.5560479232398
45137,45143,2023,,2023/04/30,22:40:00,COLISIÓN POR ALCANCE,ASFALTO,Bueno,Bueno,1,VENTO,NEGRO/ROJO,1,,,,SIN DATOS,0,0,Morelia,Fovissste La Huerta,abril,domingo,23,-101.212445344337,19.6918200862529
45138,45144,2023,MOR230282116,2023/05/01,"00:56:00",COLISIÓN CONTRA OBJETO FIJO,ASFALTO,Bueno,Bueno,1,BAJAJ,ROJO,1,,24,MASCULINO,SIN DATOS,0,0,Morelia,Francisco J Mujica,mayo,lunes,1,-101.191078238189,19.722815198239
45139,45145,2023,,2023/05/01,"03:00:00",COLISIÓN CONTRA OBJETO FIJO,ASFALTO,Bueno,Regular,1,NISSAN,PLATA,0,,,,,0,0,Cotija,Sin datos,mayo,lunes,3,-102.600057721138,19.7531545127405
45140,45146,2023,MOR 230282293,2023/05/01,"03:30:00",COLISIÓN POR CAMBIO DE CARRIL,ASFALTO,Bueno,Bueno,2,CHEVROLET,GRIS,2,,27,MASCULINO,ALIENTO ETÍLICO,0,0,Morelia,Irrigacion,mayo,lunes,4,-101.225120557078,19.7046262687729
45142,45148,2023,MOR2203456,2023/05/01,15:00:00,COLISIÓN CONTRA OBJETO FIJO,CONCRETO,Bueno,Bueno,1,CHEVROLET,AZUL,1,,0,MASCULINO,SIN DATOS,0,0,Morelia,Gertrudis Sanchez,mayo,lunes,15,-101.199853292552,19.7443015863644
45143,45149,2023,,2023/05/01,20:00:00,CAIDA DE MOTOCICLETA,ASFALTO,Bueno,Bueno,1,ITALIKA,GRIS,2,,,MASCULINO,SIN DATOS,1,0,Cotija,Sin datos,mayo,lunes,20,-102.594093158841,19.7500419207478
45144,45150,2023,MOR230281534,2023/05/01,20:10:00,COLISIÓN CONTRA OBJETO FIJO,ASFALTO,Bueno,Bueno,1,CHEVROLET,BLANCO,1,,16,MASCULINO,SIN DATOS,0,0,Morelia,Ciudad Industrial,mayo,lunes,20,-101.142934262753,19.7252759715028
45145,45151,2023,LEG48252,2023/05/01,20:20:00,COLISIÓN POR ALCANCE,ASFALTO,Bueno,Bueno,2,VOLKSWAGEN,ROJO,2,,28,FEMENINO,SIN DATOS,0,0,Morelia,Bello Horizonte,mayo,lunes,20,-101.241555,19.682811
45148,45154,2023,,2023/05/02,"00:10:00",COLISIÓN CONTRA OBJETO FIJO,ASFALTO,Bueno,Bueno,1,VOLVO,BLANCO,1,,30,MASCULINO,SIN DATOS,0,0,Morelia,Centro,mayo,martes,0,-101.18754847,19.7028479949991
45152,45158,2023,LEG48277,2023/05/02,"08:05:00",COLISIÓN POR ALCANCE,CONCRETO,Bueno,Bueno,2,CHEVROLET,BLANCO,2,,33,FEMENINO,SIN DATOS,0,0,Morelia,Prados Verdes,mayo,martes,8,-101.19721026,19.7150711099991
45155,45161,2023,"230286065",2023/05/02,13:10:00,COLISIÓN POR MANIOBRA DE REVERSA,ASFALTO,Bueno,Regular,2,VOLKSWAGEN,BLANCO,2,,54,MASCULINO,SIN DATOS,0,0,Morelia,Gustavo Diaz Ordaz,mayo,martes,13,-101.20599683,19.6941365749992
45156,45162,2023,MOR230285902,2023/05/02,13:55:00,COLISIÓN POR ALCANCE,ASFALTO,Bueno,Bueno,2,NISSAN,BLANCO,2,,53,MASCULINO,SIN DATOS,0,0,Morelia,Ejidal Ocolusen,mayo,martes,14,-101.15332837,19.6868221449992
45157,45163,2023,,2023/05/02,14:20:00,COLISIÓN POR CAMBIO DE CARRIL,ASFALTO,Bueno,Bueno,2,NISSAN,BLANCO,2,,29,FEMENINO,SIN DATOS,0,0,Morelia,5 de Mayo,mayo,martes,14,-101.17543291,19.7031789799992
45158,45164,2023,,2023/05/02,14:50:00,COLISIÓN POR ALCANCE,ASFALTO,Bueno,Bueno,2,CHEVROLET,VERDE,2,,48,MASCULINO,SIN DATOS,0,0,Morelia,Central de Abastos,mayo,martes,15,-101.169164089063,19.7171265444097
45159,45165,2023,,2023/05/02,16:45:00,SALIDA DE SUPERFICIE DE RODAMIENTO,ASFALTO,Bueno,Bueno,1,CHRYSLER,ROJO,1,,80,MASCULINO,SIN DATOS,0,0,Morelia,Mirador del Punhuato,mayo,martes,17,-101.157403069452,19.7043089194707
45161,45167,2023,LEG48278,2023/05/02,21:00:00,COLISIÓN POR CORTE DE CIRCULACIÓN,CONCRETO,Bueno,Bueno,2,FORD,PLATA,2,,67,MASCULINO,SIN DATOS,0,0,Morelia,Margarita Maza de Juarez,mayo,martes,21,-101.255526905,19.6928898149991
45163,45169,2023,,2023/05/02,23:50:00,COLISIÓN CONTRA OBJETO FIJO,CONCRETO,Bueno,Bueno,1,CHEVROLET,GRIS,1,,,,SIN DATOS,0,0,Morelia,Chapultepec Sur,mayo,martes,0,-101.170420555,19.6941359899991
45164,45170,2023,,2023/05/03,"01:13:00",COLISIÓN CON PEATÓN,SIN_DATOS,Bueno,Bueno,2,S/D,S/D,1,,33,FEMENINO,SIN DATOS,0,0,Morelia,Sin datos,mayo,miércoles,1,-101.119574805995,19.701086
45165,45171,2023,,2023/05/03,10:30:00,COLISIÓN POR CORTE DE CIRCULACIÓN,ASFALTO,Bueno,Bueno,2,ITALIKA,GRAFITO,2,,21,MASCULINO,SIN DATOS,0,0,Morelia,Alberto Oviedo Mota,mayo,miércoles,11,-101.196140686849,19.6817272495021
45166,45172,2023,,2023/05/03,11:40:00,COLISIÓN POR INVASIÓN DE CARRIL,ASFALTO,Bueno,Bueno,2,INTERNACIONAL,GRIS Y BLANCO,2,,32,MASCULINO,SIN DATOS,0,0,Morelia,Sin datos,mayo,miércoles,12,-101.271984916253,19.6449319515432
45167,45173,2023,,2023/05/03,12:00:00,COLISIÓN POR MANIOBRA DE REVERSA,CONCRETO,Bueno,Bueno,2,KIA,ROJO,2,,74,FEMENINO,SIN DATOS,0,0,Morelia,Vista Bella,mayo,miércoles,12,-101.199565182172,19.6797662637573
45168,45174,2023,,2023/05/03,15:00:00,COLISIÓN POR MANIOBRA DE REVERSA,ASFALTO,Bueno,Bueno,1,INTERNACIONAL,BLANCO,1,,54,MASCULINO,SIN DATOS,0,0,Morelia,Felix Ireta,mayo,miércoles,15,-101.183566661871,19.6871568321928
45170,45176,2023,MOR230286284,2023/05/03,16:20:00,COLISIÓN POR ALCANCE,ASFALTO,Bueno,Bueno,3,CHEVROLET,GRIS,3,,77,MASCULINO,SIN DATOS,0,0,Morelia,Cuauhtemoc,mayo,miércoles,16,-101.17854569,19.6974281599991
45171,45177,2023,,2023/05/03,16:31:00,COLISIÓN POR CORTE DE CIRCULACIÓN,ASFALTO,Bueno,Bueno,1,HERO MOTORCOP,ROJO,0,MINISTERIO PÚBLICO,,,,0,0,Hidalgo,Corros,mayo,miércoles,17,-100.555381290615,19.7072152174626
45172,45178,2023,MOR230288800,2023/05/03,17:15:00,COLISIÓN POR CAMBIO DE CARRIL,ASFALTO,Bueno,Bueno,2,SEAT,GRIS,2,MINISTERIO PÚBLICO,36,MASCULINO,SIN DATOS,0,0,Morelia,Vistas de Altozano,mayo,miércoles,17,-101.167,19.6551