fid,id_accidente,anio_origen,folio_c5i,dia_incidente,hora_ocurrencia,tipo_incidente_vial,superficie_ocurrencia,condiciones_climaticas,condiciones_via,numero_vehiculos_involucrados,marca_vehiculo_ocasiona_siniestro,color_vehiculo_ocasiona_siniestro,numero_personas_involucradas,lugar_remite_presunto_responsable,edad_presunto_responsable,sexo_presunto_responsable,resultados_toxicologia,numero_personas_lesionadas,numero_personas_fallecidas,municipio,colonia,mes,dia_semana,hora_redondeada,lon,lat
45173,45179,2023,,2023/05/03,23:50:00,COLISIÓN POR CAMBIO DE CARRIL,ASFALTO,Bueno,Bueno,2,VOLKSWAGEN,BLANCO,2,,,MASCULINO,SIN DATOS,0,0,Morelia,Centro,mayo,miércoles,0,-101.18754847,19.7028479949991
45174,45180,2023,MOR22034567,2023/05/04,"00:05:00",COLISIÓN POR CORTE DE CIRCULACIÓN,ASFALTO,Bueno,Bueno,2,DUKE,NARANJA CON NEGRO,2,,,MASCULINO,SIN DATOS,0,0,Morelia,Melchor Ocampo,mayo,jueves,0,-101.201937888211,19.7065671597378
45175,45181,2023,,2023/05/04,"01:00:00",COLISIÓN POR ALCANCE,ASFALTO,Bueno,Bueno,2,FORD,AZUL,2,MINISTERIO PÚBLICO,,MASCULINO,SIN DATOS,0,0,Morelia,Fuentes de Morelia,mayo,jueves,1,-101.20316769,19.6693875049992
45176,45182,2023,LEG48290,2023/05/04,"01:08:00",VOLCADURA,ASFALTO,Bueno,Bueno,1,KENWORTHT,BLANCO,1,,45,MASCULINO,SIN DATOS,0,0,Charo,De Santiago,mayo,jueves,1,-101.044372,19.745476
45177,45183,2023,,2023/05/04,"08:00:00",COLISIÓN POR CORTE DE CIRCULACIÓN,CONCRETO,Bueno,Bueno,2,HONDA,PLATA,2,,44,FEMENINO,SIN DATOS,0,0,Morelia,Villa de Santa Maria,mayo,jueves,8,-101.167587116361,19.6559606010729
45178,45184,2023,,2023/05/04,"08:54:00",COLISIÓN POR CAMBIO DE CARRIL,ASFALTO,Bueno,Bueno,2,FORD,VERDE /NEGRO,2,,36,MASCULINO,SIN DATOS,0,0,Morelia,Enrique Arreguin Robles,mayo,jueves,9,-101.188150271773,19.7214413525899
45179,45185,2023,,2023/05/04,"09:20:00",COLISIÓN CON PEATÓN,ASFALTO,Bueno,Bueno,2,NISSAN,BLANCO,0,MINISTERIO PÚBLICO,,,,0,0,Lázaro Cárdenas,Jose Green,mayo,jueves,9,-102.20107678324,17.9651134143569
45180,45186,2023,,2023/05/04,14:10:00,COLISIÓN POR CORTE DE CIRCULACIÓN,ASFALTO,Bueno,Bueno,2,HONDA,BLANCO,2,,,MASCULINO,SIN DATOS,0,0,Morelia,Buenavista,mayo,jueves,14,-101.16590202313,19.705164834774
45181,45187,2023,,2023/05/04,14:20:00,COLISIÓN CONTRA OBJETO FIJO,CONCRETO,Bueno,Bueno,1,Volkswagen,Blanco,1,,47,MASCULINO,SIN DATOS,0,0,Morelia,Eucaliptos (Gigantes de Michoacan),mayo,jueves,14,-101.151213571429,19.6989875763334
45182,45188,2023,,2023/05/04,15:03:00,COLISIÓN POR CORTE DE CIRCULACIÓN,ASFALTO,Bueno,Bueno,2,NISSAN,PLATA,2,,33,MASCULINO,SIN DATOS,0,0,Morelia,San Isidro Itzicuaro Norte,mayo,jueves,15,-101.2636459161,19.70293163189
45183,45189,2023,,2023/05/04,15:20:00,COLISIÓN POR CAMBIO DE CARRIL,ASFALTO,Bueno,Bueno,2,Chevrolet,blanco,2,,48,FEMENINO,SIN DATOS,0,0,Morelia,Felix Ireta,mayo,jueves,15,-101.191861778498,19.6822835262982
45184,45190,2023,LEG48302,2023/05/04,15:30:00,COLISIÓN POR ALCANCE,CONCRETO,Bueno,Bueno,2,MERCEDES BENZ,GRIS,2,,44,FEMENINO,SIN DATOS,0,0,Morelia,Pascual Ortiz de Ayala,mayo,jueves,16,-101.150799840689,19.6970484984098
45185,45191,2023,,2023/05/04,15:40:00,COLISIÓN POR CAMBIO DE CARRIL,ASFALTO,Bueno,Bueno,3,Nissan,Blanco,3,MINISTERIO PÚBLICO,44,MASCULINO,SIN DATOS,0,0,Morelia,Vicente Lombardo Toledano (Ejidal Isacc Arriaga) (Etnias de Mexico),mayo,jueves,16,-101.149393692613,19.7200270966634
45186,45192,2023,,2023/05/04,19:10:00,COLISIÓN CON PEATÓN,ASFALTO,Bueno,Bueno,1,CHEVROLET,BLANCO,0,MINISTERIO PÚBLICO,,,,0,0,Lázaro Cárdenas,Segundo Sector de Fidelac,mayo,jueves,19,-102.204512357712,17.9596143451495
45187,45193,2023,LEG48301,2023/05/04,19:15:00,COLISIÓN POR ALCANCE,CONCRETO,Bueno,Bueno,2,NISSAN,BLANCO,2,,,MASCULINO,SIN DATOS,0,0,Morelia,Nueva Valladolid,mayo,jueves,19,-101.20760627357,19.7022740750957
45188,45194,2023,,2023/05/04,19:55:00,COLISIÓN POR CORTE DE CIRCULACIÓN,ASFALTO,Bueno,Bueno,2,FORD,BLANCO,2,,,MASCULINO,SIN DATOS,0,0,Morelia,Isaac Arriaga,mayo,jueves,20,-101.169439181685,19.7086112798488
45189,45195,2023,MOR230292391,2023/05/05,"00:00:00",COLISIÓN POR ALCANCE,ASFALTO,Bueno,Bueno,2,ITALIKA,GRIS,2,,0,,SIN DATOS,0,0,Morelia,Gertrudis Sanchez,mayo,viernes,0,-101.20049983263,19.7396563928763
45190,45196,2023,MOR22034561,2023/05/05,"00:00:00",COLISIÓN POR CORTE DE CIRCULACIÓN,ASFALTO,Nublado,Regular,2,NISSAN,BLANCO,2,,,MASCULINO,SIN DATOS,0,0,Morelia,Prados del Campestre,mayo,viernes,0,-101.166017688811,19.684094931101
45191,45197,2023,LEG48305,2023/05/05,"07:10:00",COLISIÓN POR ALCANCE,ASFALTO,Bueno,Bueno,3,NISSAN,BLANCO/ROJO,3,MINISTERIO PÚBLICO,23,MASCULINO,SIN DATOS,0,0,Morelia,San Pascual,mayo,viernes,7,-101.26831613481,19.6949430429038
45192,45198,2023,,2023/05/05,"08:00:00",COLISIÓN POR CAMBIO DE CARRIL,ASFALTO,Bueno,Bueno,2,SUZUKI,GRIS,2,MINISTERIO PÚBLICO,57,FEMENINO,SIN DATOS,0,0,Morelia,Guadalupe,mayo,viernes,8,-101.226237304509,19.7089171304604
45193,45199,2023,,2023/05/05,"08:55:00",COLISIÓN POR CORTE DE CIRCULACIÓN,ASFALTO,Bueno,Bueno,2,CHRYSLER,BLANCO/AZUL,2,,29,MASCULINO,SIN DATOS,0,0,Morelia,Tinijaro,mayo,viernes,9,-101.264478899539,19.6962120014123
45194,45200,2023,MOR230290205,2023/05/05,"09:25:00",COLISIÓN POR ALCANCE,ADOQUIN_EMPEDRADO,Bueno,Bueno,3,NISSAN,NEGRO,3,,40,FEMENINO,SIN DATOS,0,0,Morelia,Cosmos,mayo,viernes,9,-101.216927495304,19.6835966048984
45195,45201,2023,,2023/05/05,10:00:00,COLISIÓN POR CORTE DE CIRCULACIÓN,ASFALTO,Bueno,Bueno,1,NISSAN,CAFE,1,,50,MASCULINO,SIN DATOS,0,0,Morelia,Niño Artillero,mayo,viernes,10,-101.250201165676,19.6986081590606
45196,45202,2023,,2023/05/05,12:20:00,COLISIÓN POR CORTE DE CIRCULACIÓN,CONCRETO,Bueno,Bueno,2,CHEVROLET,AZUL,2,,21,MASCULINO,SIN DATOS,0,0,Morelia,Villas del Pedregal,mayo,viernes,12,-101.306463181973,19.6777836530474
45197,45203,2023,,2023/05/05,13:05:00,SUBIDA AL CAMELLÓN,ASFALTO,Bueno,Bueno,1,VOLKSWAGEN,BLANCO,1,,29,FEMENINO,SIN DATOS,0,0,Morelia,Lazaro Cardenas,mayo,viernes,13,-101.164930723608,19.7093741692937
45198,45204,2023,,2023/05/05,13:20:00,COLISIÓN POR ALCANCE,ASFALTO,Bueno,Bueno,2,NISSAN,BLANCO,2,,62,MASCULINO,SIN DATOS,0,0,Morelia,Cosmos,mayo,viernes,13,-101.215978190303,19.6845630897288
45199,45205,2023,,2023/05/05,13:50:00,COLISIÓN CONTRA OBJETO FIJO,ASFALTO,Bueno,Bueno,1,NISSAN,GRIS,1,,,,SIN DATOS,0,0,Morelia,Villas Lomas del Paraiso,mayo,viernes,14,-101.175527796149,19.6734042527741
45200,45206,2023,MOR230293741,2023/05/05,16:15:00,COLISIÓN CON PEATÓN,CONCRETO,Bueno,Bueno,1,NISSAN,BLANCO,2,,47,MASCULINO,SIN DATOS,1,0,Morelia,Colinas del Sur,mayo,viernes,16,-101.200832426548,19.6675714962885
45201,45207,2023,MOR 230291638,2023/05/05,18:30:00,COLISIÓN POR ALCANCE,ASFALTO,Bueno,Bueno,2,FORD,ROJO,2,,19,MASCULINO,SIN DATOS,0,0,Morelia,Jardines del Toreo,mayo,viernes,19,-101.214180439711,19.6879695891482
45202,45208,2023,LEG48314,2023/05/05,19:14:00,COLISIÓN POR ALCANCE,ASFALTO,Bueno,Bueno,2,NISSAN,BLANCO/ROJO,2,,62,MASCULINO,SIN DATOS,0,0,Morelia,Elias Perez Avalos,mayo,viernes,19,-101.165588200092,19.7104517404891
45203,45209,2023,,2023/05/05,21:05:00,COLISIÓN POR CORTE DE CIRCULACIÓN,ASFALTO,Bueno,Bueno,2,CHEVROLET,AZUL,2,,35,MASCULINO,SIN DATOS,0,0,Morelia,Irrigacion,mayo,viernes,21,-101.225491650403,19.7067225052194
45204,45210,2023,LEG48318,2023/05/06,"00:08:00",COLISIÓN POR INVASIÓN DE CARRIL,ASFALTO,Bueno,Regular,2,ITALIKA,GRIS,2,MINISTERIO PÚBLICO,,,SIN DATOS,0,0,Morelia,Sin datos,mayo,sábado,0,-101.137715354562,19.6230742392438
45205,45211,2023,LEG48319,2023/05/06,"00:10:00",COLISIÓN POR ALCANCE,ASFALTO,Bueno,Bueno,2,VOLKSWAGEN,GRIS,2,,57,MASCULINO,SIN DATOS,0,0,Morelia,Sentimientos de La Nacion,mayo,sábado,0,-101.23188469559,19.6777176724868
45206,45212,2023,,2023/05/06,"07:30:00",COLISIÓN POR NO RESPETAR SEMÁFORO,ASFALTO,Bueno,Bueno,2,RENAULT,ROJO,2,,33,FEMENINO,SIN DATOS,0,0,Morelia,San Pascual,mayo,sábado,8,-101.267325058579,19.695254917221
45207,45213,2023,,2023/05/06,12:06:00,COLISIÓN POR CAMBIO DE CARRIL,ASFALTO,Bueno,Bueno,2,NISSAN,BLANCO,2,,24,MASCULINO,SIN DATOS,0,0,Morelia,Las Americas,mayo,sábado,12,-101.153581961989,19.6874452499194
45208,45214,2023,,2023/05/06,12:23:00,COLISIÓN POR CORTE DE CIRCULACIÓN,ASFALTO,Bueno,Bueno,2,KIA,BLANCO,2,,,MASCULINO,SIN DATOS,0,0,Morelia,Americas Britania,mayo,sábado,12,-101.149224713445,19.6946529487375
45209,45215,2023,LEG48324,2023/05/06,12:45:00,COLISIÓN POR INVASIÓN DE CARRIL,ASFALTO,Bueno,Bueno,3,BAJAJ,ROJO,7,MINISTERIO PÚBLICO,39,MASCULINO,SIN DATOS,4,0,Morelia,Fracc Heroes Republicanos,mayo,sábado,13,-101.277774609625,19.6919082341707
45210,45216,2023,LEG48331,2023/05/06,13:00:00,COLISIÓN POR ALCANCE,ASFALTO,Bueno,Bueno,2,NISSAN,BLANCO,2,,32,MASCULINO,SIN DATOS,0,0,Morelia,Vasco de Quiroga,mayo,sábado,13,-101.169930025935,19.7024082886155
45211,45217,2023,,2023/05/06,13:30:00,VOLCADURA,ASFALTO,Bueno,Bueno,2,FREIGHTLINER,BLANCO,1,MINISTERIO PÚBLICO,35,MASCULINO,SIN DATOS,0,0,Buenavista,Sin datos,mayo,sábado,14,-102.554481960833,19.29343121369
45212,45218,2023,,2023/05/06,13:35:00,COLISIÓN CONTRA OBJETO FIJO,ASFALTO,Bueno,Regular,1,VOLKSWAGEN,NEGRO,1,,30,MASCULINO,SIN DATOS,0,0,Morelia,Arkos San Antonio,mayo,sábado,14,-101.270224191248,19.6672677767135
45213,45219,2023,LEG48332,2023/05/06,14:30:00,SALIDA DE SUPERFICIE DE RODAMIENTO,ASFALTO,Bueno,Bueno,1,VOLKSWAGEN,BLANCO,1,,30,MASCULINO,SIN DATOS,0,0,Morelia,Rincon Campestre,mayo,sábado,15,-101.144186854362,19.6863438478388
45214,45220,2023,LEG48333,2023/05/06,15:55:00,VOLCADURA,ASFALTO,Bueno,Bueno,1,FORD,ROJO,1,,44,FEMENINO,SIN DATOS,0,0,Morelia,Club de Golf Tres Marias,mayo,sábado,16,-101.114260777831,19.7040515428684
45215,45221,2023,,2023/05/06,16:15:00,COLISIÓN POR CAMBIO DE CARRIL,CONCRETO,Nublado,Bueno,2,RENAULT,BLANCO,2,,28,MASCULINO,SIN DATOS,0,0,Morelia,Centro,mayo,sábado,16,-101.192396879196,19.7047472220655
45216,45222,2023,MOR230+,2023/05/06,18:55:00,VOLCADURA,ASFALTO,Bueno,Bueno,1,CHEVROLET,PLATA,1,,37,MASCULINO,CON CERTIFICADO,0,0,Morelia,Ana Maria Gallaga (Riviera Norte),mayo,sábado,19,-101.222777590156,19.6767970987682
45217,45223,2023,,2023/05/06,19:09:00,COLISIÓN POR CORTE DE CIRCULACIÓN,CONCRETO,Bueno,Bueno,2,NISSAN,BLANCO,1,MINISTERIO PÚBLICO,30,MASCULINO,SIN DATOS,0,0,Morelia,Nueva Chapultepec,mayo,sábado,19,-101.17088874802,19.6857730351073
45218,45224,2023,,2023/05/06,19:15:00,COLISIÓN POR ALCANCE,ASFALTO,Nublado,Bueno,2,CHEVROLET,GRIS,2,,26,MASCULINO,SIN DATOS,0,0,Morelia,Libertad,mayo,sábado,19,-101.2381060794,19.6873524407501
45219,45225,2023,MOR230294759,2023/05/06,23:00:00,COLISIÓN POR ALCANCE,ASFALTO,Bueno,Bueno,2,NISSAN,BLANCO,2,,,FEMENINO,SIN DATOS,0,0,Morelia,Insurgentes,mayo,sábado,23,-101.155000850558,19.6951696884699
45220,45226,2023,,2023/05/07,"02:08:00",COLISIÓN CONTRA OBJETO FIJO,ASFALTO,Bueno,Bueno,1,DODGE,ROJO,2,,24,MASCULINO,SIN DATOS,1,0,Morelia,Jesus del Monte,mayo,domingo,2,-101.157504692674,19.6555820291151
45221,45227,2023,,2023/05/07,"02:15:00",COLISIÓN CON PEATÓN,ASFALTO,Bueno,Bueno,2,TOYOTA,BLANCO,0,MINISTERIO PÚBLICO,,,,0,0,Lázaro Cárdenas,Palmira,mayo,domingo,2,-102.220793366432,18.01261413426
45222,45228,2023,,2023/05/07,"04:40:00",COLISIÓN POR CORTE DE CIRCULACIÓN,ASFALTO,Bueno,Bueno,2,MAZDA,ROJO,0,,,,,0,0,Lázaro Cárdenas,Segundo Sector de Fidelac,mayo,domingo,5,-102.204593159258,17.9614488755988
45223,45229,2023,LEG48336,2023/05/07,"09:15:00",COLISIÓN POR CAMBIO DE CARRIL,ASFALTO,Bueno,Bueno,2,ISUZU,NEGRO,2,,61,,CON CERTIFICADO,0,0,Morelia,Santa Maria,mayo,domingo,9,-101.200954146074,19.6778661944957
45225,45231,2023,MOR 230295542,2023/05/07,12:00:00,CAIDA ACUATICA DE VEHÍCULO,CONCRETO,Bueno,Bueno,1,HARLEY DAVISON,NEGRO/GRIS,1,,27,MASCULINO,SIN DATOS,0,0,Morelia,Bicentenario,mayo,domingo,12,-101.180851310492,19.7472435654152
45226,45232,2023,LEG48337,2023/05/07,15:40:00,COLISIÓN POR CAMBIO DE CARRIL,ASFALTO,Bueno,Bueno,2,FORD,BLANCO/AZUL,2,MINISTERIO PÚBLICO,30,MASCULINO,SIN DATOS,0,0,Morelia,Cuauhtemoc,mayo,domingo,16,-101.17854569,19.6974281599991
45228,45234,2023,,2023/05/07,17:20:00,COLISIÓN POR ALCANCE,ASFALTO,Bueno,Bueno,2,CHEVROLET,CAFE,2,,79,MASCULINO,SIN DATOS,0,0,Morelia,Nueva Valladolid,mayo,domingo,17,-101.211483945359,19.6992598320994
45229,45235,2023,,2023/05/07,17:25:00,COLISIÓN CONTRA OBJETO FIJO,TERRACERIA,Nublado,Bueno,1,NISSAN,BCO/AZUL,2,,0,MASCULINO,SIN DATOS,1,0,Copándaro,Sin datos,mayo,domingo,17,-101.176792122424,19.9642021435378
45233,45239,2023,"230",2023/05/07,22:10:00,COLISIÓN POR ALCANCE,CONCRETO,Bueno,Bueno,2,MAZDA,ROJO,2,,31,MASCULINO,ALIENTO ETÍLICO,0,0,Morelia,San Rafael,mayo,domingo,22,-101.152968146101,19.7007687948401
45234,45240,2023,,2023/05/08,"00:00:00",COLISIÓN POR ALCANCE,ASFALTO,Lluvioso,Regular,3,VOLKSWAGEN,GRIS,3,,67,MASCULINO,SIN DATOS,0,0,Cuitzeo,Sin datos,mayo,lunes,0,-101.154041290283,20.0174075794092
45235,45241,2023,LEG48347,2023/05/08,"06:20:00",COLISIÓN CONTRA OBJETO FIJO,CONCRETO,Bueno,Regular,1,VOLKSWAGEN,BLANCO,1,,32,MASCULINO,SIN DATOS,0,0,Morelia,Centro,mayo,lunes,6,-101.18658521,19.7001411799991
45236,45242,2023,,2023/05/08,10:30:00,COLISIÓN POR ALCANCE,CONCRETO,Bueno,Bueno,2,HONDA,BLANCO,2,,62,FEMENINO,SIN DATOS,0,0,Morelia,Prados Verdes,mayo,lunes,11,-101.19721026,19.7150711099991
45237,45243,2023,,2023/05/08,11:05:00,COLISIÓN POR CORTE DE CIRCULACIÓN,CONCRETO,Bueno,Bueno,1,MITSUBISHI,BLANCO/AZUL,0,MINISTERIO PÚBLICO,,,,0,0,Los Reyes,Oriental,mayo,lunes,11,-102.464928030968,19.5819958338412
45238,45244,2023,MO23030686,2023/05/08,11:40:00,COLISIÓN POR CAMBIO DE CARRIL,ASFALTO,Bueno,Bueno,2,KENWORTH,BLANCO,2,,38,MASCULINO,SIN DATOS,0,0,Morelia,Elias Perez Avalos,mayo,lunes,12,-101.167813022979,19.7136335493406
45240,45246,2023,,2023/05/08,14:30:00,COLISIÓN POR CAMBIO DE CARRIL,ASFALTO,Nublado,Bueno,2,KENWORTH,BLANCO,2,,25,MASCULINO,SIN DATOS,0,0,Morelia,Ciudad Industrial,mayo,lunes,15,-101.135514420663,19.7322637530475
45241,45247,2023,,2023/05/08,15:05:00,COLISIÓN POR CAMBIO DE CARRIL,ASFALTO,Lluvioso,Regular,2,HONDA,NEGRO,3,,26,MASCULINO,SIN DATOS,1,0,Morelia,El Lago 3,mayo,lunes,15,-101.219665798708,19.7255458202325
45242,45248,2023,LEG48358,2023/05/08,15:10:00,COLISIÓN POR CORTE DE CIRCULACIÓN,ASFALTO,Lluvioso,Malo,2,DINA,BLANCO,2,MINISTERIO PÚBLICO,40,MASCULINO,SIN DATOS,0,0,Morelia,Santillan La Huerta,mayo,lunes,15,-101.219553885717,19.6760966650679
45243,45249,2023,,2023/05/08,15:30:00,COLISIÓN POR ALCANCE,CONCRETO,Nublado,Bueno,2,CHEVROLET,BLANCO,2,,27,FEMENINO,SIN DATOS,0,0,Morelia,Elias Perez Avalos,mayo,lunes,16,-101.167813022979,19.7136335493406
45244,45250,2023,,2023/05/08,18:30:00,COLISIÓN POR CAMBIO DE CARRIL,ASFALTO,Bueno,Bueno,2,HONDA,ROJO,2,,18,MASCULINO,SIN DATOS,0,0,Morelia,Ciudad Industrial,mayo,lunes,19,-101.14554366932,19.7284851395985
45245,45251,2023,,2023/05/08,18:45:00,COLISIÓN POR INVASIÓN DE CARRIL,ASFALTO,Bueno,Bueno,2,NISSAN,ROJO,1,,,MASCULINO,SIN DATOS,0,0,Buenavista,Sin datos,mayo,lunes,19,-102.534154504538,19.3152193284031
45246,45252,2023,,2023/05/08,19:00:00,COLISIÓN POR CAMBIO DE CARRIL,ASFALTO,Bueno,Bueno,2,ITALIKA,NEGRO Y  ROJO,2,,42,MASCULINO,SIN DATOS,0,0,Morelia,Mariano Escobedo,mayo,lunes,19,-101.209748685,19.7223888749991
45247,45253,2023,,2023/05/09,"00:00:00",COLISIÓN CONTRA OBJETO FIJO,ASFALTO,Bueno,Bueno,2,Nissan,Gris,1,,,,SIN DATOS,0,0,Morelia,Felix Ireta,mayo,martes,0,-101.188358813524,19.6822497477289
45248,45254,2023,,2023/05/09,"07:40:00",COLISIÓN POR CAMBIO DE CARRIL,ASFALTO,Bueno,Bueno,2,NISSAN NP300,BLANCO,2,,36,MASCULINO,SIN DATOS,0,0,Morelia,Fovissste Acueducto,mayo,martes,8,-101.155673414469,19.7007138820011
45249,45255,2023,,2023/05/09,11:00:00,COLISIÓN POR CAMBIO DE CARRIL,ASFALTO,Bueno,Bueno,0,,,0,,,,,0,0,Morelia,Loma Real,mayo,martes,11,-101.198066398501,19.7293184754587
45250,45256,2023,,2023/05/09,11:35:00,COLISIÓN POR ALCANCE,CONCRETO,Bueno,Bueno,2,Honda,Gris,2,,45,MASCULINO,SIN DATOS,0,0,Morelia,Matamoros,mayo,martes,12,-101.167422831058,19.6964900976917
45251,45257,2023,LEG48380,2023/05/09,12:30:00,COLISIÓN POR CORTE DE CIRCULACIÓN,ASFALTO,Bueno,Bueno,3,Honda,Blanco,3,,40,MASCULINO,CON CERTIFICADO,0,0,Morelia,Alberto Oviedo Mota,mayo,martes,13,-101.20193246752,19.6778164854694
45252,45258,2023,,2023/05/09,13:15:00,COLISIÓN POR ALCANCE,ASFALTO,Bueno,Bueno,2,PLYMOUTH,CAFE,2,,30,FEMENINO,SIN DATOS,0,0,Morelia,Sin datos,mayo,martes,13,-101.284017786384,19.6904135365794
45253,45259,2023,,2023/05/09,13:20:00,COLISIÓN CON PEATÓN,SIN_DATOS,Bueno,Bueno,2,KIA,AZUL,2,,67,MASCULINO,SIN DATOS,0,0,Morelia,Francisco J Mujica,mayo,martes,13,-101.185624301434,19.7239128775915
45254,45260,2023,,2023/05/09,14:15:00,COLISIÓN POR ALCANCE,ASFALTO,Bueno,Bueno,2,Ford,Negro,2,,31,FEMENINO,SIN DATOS,0,0,Morelia,Lomas de Morelia (Dr Ignacio Chavez),mayo,martes,14,-101.173735409975,19.7158012973664
45255,45261,2023,,2023/05/09,14:35:00,COLISIÓN POR ALCANCE,ASFALTO,Bueno,Bueno,2,MAZDA,ROJO,2,,20,MASCULINO,SIN DATOS,0,0,Morelia,Cuauhtemoc,mayo,martes,15,-101.17854569,19.6974281599991
45256,45262,2023,,2023/05/09,14:40:00,COLISIÓN POR CORTE DE CIRCULACIÓN,ASFALTO,Bueno,Bueno,2,DODGE/NEON,BLANCO,2,,45,MASCULINO,SIN DATOS,0,0,Morelia,3 de Agosto,mayo,martes,15,-101.17216899991,19.7310709633474
45258,45264,2023,MOR 230301646,2023/05/09,16:30:00,COLISIÓN POR ALCANCE,ASFALTO,Bueno,Bueno,2,NISSAN,BLANCO Y ROJO,2,,47,MASCULINO,SIN DATOS,0,0,Morelia,Bosques Tres Marias,mayo,martes,17,-101.102,19.7232
45260,45266,2023,,2023/05/09,20:00:00,COLISIÓN POR CORTE DE CIRCULACIÓN,ASFALTO,Bueno,Bueno,2,Yamaha,Gris,2,,,,SIN DATOS,0,0,Morelia,Felix Ireta,mayo,martes,20,-101.192099489272,19.6823731815315
45261,45267,2023,,2023/05/10,"06:00:00",COLISIÓN CONTRA OBJETO FIJO,ASFALTO,Bueno,Bueno,1,VOLKSWAGEN,BLANCO,1,,21,MASCULINO,SIN DATOS,0,0,Morelia,Union Popular Solidaria,mayo,miércoles,6,-101.21768539,19.7075989299991
45262,45268,2023,MOR220335671,2023/05/10,"06:00:00",COLISIÓN CONTRA OBJETO FIJO,ASFALTO,Bueno,Bueno,1,CHEVROLET,NEGRO,1,,,MASCULINO,SIN DATOS,0,0,Morelia,Jardines de La Loma,mayo,miércoles,6,-101.225021701604,19.6768245660415
45263,45269,2023,,2023/05/10,"08:30:00",COLISIÓN POR CORTE DE CIRCULACIÓN,ASFALTO,Bueno,Bueno,2,HONDA,NARANJA,2,,,MASCULINO,SIN DATOS,0,0,Morelia,Fray Antonio de San Miguel Iglesias,mayo,miércoles,9,-101.148838730334,19.6870264198328
45264,45270,2023,,2023/05/10,"08:44:00",COLISIÓN POR CAMBIO DE CARRIL,ASFALTO,Bueno,Bueno,2,VOLKSWAGEN,BLANCO,2,MINISTERIO PÚBLICO,32,MASCULINO,SIN DATOS,0,0,Morelia,Tenencia Morelos,mayo,miércoles,9,-101.243929623155,19.6466055443724
45266,45272,2023,,2023/05/10,14:10:00,COLISIÓN POR CORTE DE CIRCULACIÓN,ASFALTO,Bueno,Bueno,2,NISSAN,ROJO,2,,23,MASCULINO,SIN DATOS,0,0,Morelia,Centro,mayo,miércoles,14,-101.179312185,19.7035132699991
45271,45277,2023,,2023/05/11,"08:10:00",COLISIÓN POR INVASIÓN DE CARRIL,ASFALTO,Bueno,Bueno,2,FORD,VERDE,2,,45,MASCULINO,SIN DATOS,0,0,Morelia,Praderas del Indio,mayo,jueves,8,-101.223494028547,19.6450845894654
45273,45279,2023,LEG48403,2023/05/11,"09:40:00",COLISIÓN POR CORTE DE CIRCULACIÓN,ASFALTO,Bueno,Bueno,2,NISSAN,BLANCO,2,MINISTERIO PÚBLICO,68,MASCULINO,SIN DATOS,0,0,Morelia,Lomas de Hidalgo,mayo,jueves,10,-101.163480405,19.6959576599991
45274,45280,2023,,2023/05/11,10:30:00,COLISIÓN POR ALCANCE,ASFALTO,Bueno,Bueno,2,HONDA,BLANCO,2,,0,,SIN DATOS,0,0,Morelia,Vista Bella,mayo,jueves,11,-101.195925675947,19.6790442736003
45276,45282,2023,,2023/05/11,12:30:00,COLISIÓN POR ALCANCE,ASFALTO,Bueno,Bueno,2,HONDA,ARENA,2,,0,,SIN DATOS,0,0,Morelia,Vista Bella,mayo,jueves,13,-101.195925675947,19.6790442736003
45277,45283,2023,,2023/05/11,14:20:00,COLISIÓN POR CORTE DE CIRCULACIÓN,ASFALTO,Bueno,Bueno,2,YAMAHA,BLANCO,2,,25,MASCULINO,SIN DATOS,0,0,Morelia,Centro,mayo,jueves,14,-101.1904631,19.7026851599992
45278,45284,2023,,2023/05/11,15:30:00,COLISIÓN POR CAMBIO DE CARRIL,ASFALTO,Bueno,Bueno,2,TOYOTA,BLANCO Y MORADO,2,,55,MASCULINO,SIN DATOS,0,0,Morelia,Santillan La Huerta,mayo,jueves,16,-101.219553885717,19.6760966650679
45279,45285,2023,LEG48405,2023/05/11,17:45:00,SUBIDA AL CAMELLÓN,ASFALTO,Bueno,Bueno,1,VOLKSWAGEN,ROJO AZUL Y GRIS,1,,,,SIN DATOS,0,0,Morelia,Insurgentes,mayo,jueves,18,-101.155416805,19.6953315299991
45280,45286,2023,,2023/05/11,18:47:00,COLISIÓN CONTRA OBJETO FIJO,TERRACERIA,Bueno,Bueno,1,FREIGHTLINER,BLANCO,1,,55,MASCULINO,SIN DATOS,0,0,Morelia,Los Angeles,mayo,jueves,19,-101.167963479351,19.7444751194994
45281,45287,2023,,2023/05/11,19:10:00,COLISIÓN POR ALCANCE,ASFALTO,Bueno,Bueno,2,TOYOTA,BLANCO,2,,34,MASCULINO,SIN DATOS,0,0,Morelia,Morelos,mayo,jueves,19,-101.18131852377,19.7261651713381
45283,45289,2023,LEG48406,2023/05/11,21:20:00,COLISIÓN POR CORTE DE CIRCULACIÓN,ASFALTO,Bueno,Bueno,2,CARABELA,PLATA,2,MINISTERIO PÚBLICO,20,MASCULINO,SIN DATOS,0,0,Morelia,Primo Tapia Oriente,mayo,jueves,21,-101.161873825,19.7185602599991
45284,45290,2023,LEG48407,2023/05/12,"00:45:00",COLISIÓN POR MANIOBRA DE REVERSA,ASFALTO,Bueno,Bueno,3,CHEVROLET,DORADO,3,,20,MASCULINO,ALIENTO ETÍLICO,0,0,Morelia,El Monasterio,mayo,viernes,1,-101.178698695,19.6682730399991
45285,45291,2023,MOR 230310036,2023/05/12,"08:15:00",COLISIÓN POR ALCANCE,ASFALTO,Bueno,Bueno,2,HONDA,GRIS,2,,37,FEMENINO,SIN DATOS,0,0,Morelia,Villa Universidad,mayo,viernes,8,-101.212258636951,19.6918116395633