fid,id_accidente,anio_origen,folio_c5i,dia_incidente,hora_ocurrencia,tipo_incidente_vial,superficie_ocurrencia,condiciones_climaticas,condiciones_via,numero_vehiculos_involucrados,marca_vehiculo_ocasiona_siniestro,color_vehiculo_ocasiona_siniestro,numero_personas_involucradas,lugar_remite_presunto_responsable,edad_presunto_responsable,sexo_presunto_responsable,resultados_toxicologia,numero_personas_lesionadas,numero_personas_fallecidas,municipio,colonia,mes,dia_semana,hora_redondeada,lon,lat
45286,45292,2023,,2023/05/12,"08:40:00",COLISIÓN CONTRA OBJETO FIJO,CONCRETO,Bueno,Bueno,3,VOLKSWAGEN,PLATA,1,,28,FEMENINO,SIN DATOS,0,0,Morelia,Primavera,mayo,viernes,9,-101.147823929787,19.707523280208
45287,45293,2023,,2023/05/12,10:50:00,COLISIÓN POR CORTE DE CIRCULACIÓN,CONCRETO,Bueno,Bueno,2,DODGE,BLANCO/AZUL,2,,56,MASCULINO,SIN DATOS,0,0,Morelia,Arboledas de Valladolid,mayo,viernes,11,-101.250282302499,19.6969503286113
45288,45294,2023,,2023/05/12,12:20:00,COLISIÓN POR CORTE DE CIRCULACIÓN,ASFALTO,Bueno,Bueno,2,JEEP,AMARILLO,2,,27,MASCULINO,SIN DATOS,0,0,Morelia,Ana Maria Gallaga (Riviera Ii),mayo,viernes,12,-101.223976872861,19.6762992417104
45289,45295,2023,LEG48422,2023/05/12,13:49:00,COLISIÓN POR CORTE DE CIRCULACIÓN,ASFALTO,Bueno,Bueno,2,CHEVROLET,BLANCO,2,,24,MASCULINO,SIN DATOS,0,0,Morelia,Del Prendimiento,mayo,viernes,14,-101.390619166195,19.6661674987992
45290,45296,2023,,2023/05/12,15:23:00,COLISIÓN POR ALCANCE,ASFALTO,Bueno,Bueno,2,NISSAN,BLANCO,2,MINISTERIO PÚBLICO,28,MASCULINO,SIN DATOS,0,0,Morelia,Elias Perez Avalos,mayo,viernes,15,-101.167019829154,19.7114229371296
45291,45297,2023,LEG48423,2023/05/12,15:25:00,SALIDA DE SUPERFICIE DE RODAMIENTO,ASFALTO,Nublado,Bueno,1,VOLKSWAGEN,BLANCO,1,,20,MASCULINO,SIN DATOS,0,0,Charo,Sin datos,mayo,viernes,15,-101.025426350534,19.7653755191118
45292,45298,2023,MOR230311237,2023/05/12,15:30:00,COLISIÓN POR CAMBIO DE CARRIL,ASFALTO,Bueno,Bueno,3,KENWORTH,BLANCO,3,,53,MASCULINO,SIN DATOS,0,0,Morelia,Jardines de Torremolinos,mayo,viernes,16,-101.227223686874,19.6767648975341
45293,45299,2023,,2023/05/12,15:37:00,COLISIÓN POR INVASIÓN DE CARRIL,ASFALTO,Lluvioso,Bueno,2,HONDA,CAFE,2,,43,MASCULINO,SIN DATOS,0,0,Charo,San Pedro Y San Pablo,mayo,viernes,16,-101.049473360181,19.7509841615119
45294,45300,2023,,2023/05/12,16:04:00,SALIDA DE SUPERFICIE DE RODAMIENTO,ASFALTO,Lluvioso,Bueno,1,FORD,NEGRO,1,,52,FEMENINO,SIN DATOS,0,0,Morelia,Canteras de Morelia,mayo,viernes,16,-101.171489730477,19.7147262872074
45295,45301,2023,,2023/05/12,16:30:00,SALIDA DE SUPERFICIE DE RODAMIENTO,ASFALTO,Lluvioso,Bueno,1,NISSAN,BLANCO,1,,36,MASCULINO,SIN DATOS,0,0,Morelia,Sin datos,mayo,viernes,17,-101.119942702353,19.6993095436963
45296,45302,2023,,2023/05/12,16:45:00,COLISIÓN CONTRA OBJETO FIJO,ASFALTO,Lluvioso,Malo,1,VOLKSWAGEN,NEGRO,1,,44,FEMENINO,SIN DATOS,0,0,Morelia,Bosques Tres Marias,mayo,viernes,17,-101.104099564254,19.7243351570595
45297,45303,2023,,2023/05/12,17:39:00,COLISIÓN POR CORTE DE CIRCULACIÓN,ASFALTO,Bueno,Bueno,2,INTERNACIONAL,VERDE,2,,30,MASCULINO,SIN DATOS,0,0,Morelia,Clara Cordova Moran,mayo,viernes,18,-101.18284419179,19.7323970723248
45298,45304,2023,MOR 230311824,2023/05/12,19:10:00,COLISIÓN POR CORTE DE CIRCULACIÓN,ASFALTO,Nublado,Regular,2,ITALIKA,NEGRO/AMARILLO,2,,27,MASCULINO,SIN DATOS,0,0,Morelia,Arboledas de Valladolid,mayo,viernes,19,-101.250226311386,19.6977811399245
45299,45305,2023,MOR 230312272,2023/05/12,23:00:00,COLISIÓN CONTRA OBJETO FIJO,ASFALTO,Nublado,Bueno,1,ITALIKA,NEGRO Y/AMARILLO,2,,22,MASCULINO,SIN DATOS,1,0,Morelia,Vicente Guerrero,mayo,viernes,23,-101.229015737772,19.7036850790623
45300,45306,2023,MOR230312413,2023/05/13,"00:00:00",COLISIÓN CONTRA OBJETO FIJO,ASFALTO,Bueno,Bueno,1,CHEVROLET,BLANCO,1,,53,MASCULINO,SIN DATOS,0,0,Morelia,Guadalupe,mayo,sábado,0,-101.218499466777,19.7104735190939
45301,45307,2023,,2023/05/13,"00:00:00",COLISIÓN POR ALCANCE,ASFALTO,Bueno,Bueno,2,CHEVROLET,AZUL,2,MINISTERIO PÚBLICO,,MASCULINO,SIN DATOS,0,0,Morelia,Loma Bonita,mayo,sábado,0,-101.19656033814,19.7229202955246
45302,45308,2023,MOR230312435,2023/05/13,"01:27:00",COLISIÓN POR CORTE DE CIRCULACIÓN,ASFALTO,Nublado,Regular,2,CHEVROLET,GRIS,1,MINISTERIO PÚBLICO,,FEMENINO,SIN DATOS,0,0,Morelia,Camelinas,mayo,sábado,1,-101.174225583673,19.6818292512987
45303,45309,2023,,2023/05/13,"02:25:00",SUBIDA AL CAMELLÓN,ASFALTO,Bueno,Bueno,1,CHEVROLET,BEIGE,1,,33,FEMENINO,CON CERTIFICADO,0,0,Morelia,Tzindurio de Morelos,mayo,sábado,2,-101.24365054071,19.6999736782495
45304,45310,2023,MOR230312500,2023/05/13,"03:05:00",SUBIDA AL CAMELLÓN,ASFALTO,Nublado,Bueno,1,HONDA,PLATA,1,,28,MASCULINO,SIN DATOS,0,0,Morelia,Niño Artillero,mayo,sábado,3,-101.256766207516,19.6973663661226
45305,45311,2023,,2023/05/13,12:35:00,COLISIÓN POR INVASIÓN DE CARRIL,ASFALTO,Bueno,Bueno,2,TOYOTA,GRIS,2,,45,FEMENINO,SIN DATOS,0,0,Morelia,Lomas de Hidalgo,mayo,sábado,13,-101.158908158541,19.6955153381234
45306,45312,2023,,2023/05/13,12:50:00,COLISIÓN POR CAMBIO DE CARRIL,ASFALTO,Bueno,Bueno,2,VOLKSWAGEN,ROJO,2,,30,FEMENINO,SIN DATOS,0,0,Morelia,Comision Federal de Electricidad,mayo,sábado,13,-101.181306280196,19.6813850770689
45307,45313,2023,,2023/05/13,12:50:00,COLISIÓN CON PEATÓN,SIN_DATOS,Bueno,Bueno,0,,,0,,,,,0,0,Morelia,Primo Tapia Oriente,mayo,sábado,13,-101.1597847,19.7129208
45308,45314,2023,LEG48433,2023/05/13,13:00:00,COLISIÓN POR ALCANCE,ASFALTO,Bueno,Bueno,2,FORD,NEGRO,2,,45,MASCULINO,CON CERTIFICADO,0,0,Morelia,Elias Perez Avalos,mayo,sábado,13,-101.166472323239,19.7109220314415
45309,45315,2023,,2023/05/13,14:00:00,COLISIÓN POR CORTE DE CIRCULACIÓN,CONCRETO,Bueno,Bueno,2,VOLKSWAGEN,GRIS,2,MINISTERIO PÚBLICO,37,MASCULINO,SIN DATOS,0,0,Morelia,Lomas de Hidalgo,mayo,sábado,14,-101.161810308695,19.6978572132372
45310,45316,2023,,2023/05/13,14:00:00,COLISIÓN CON PEATÓN,SIN_DATOS,Bueno,Bueno,2,MAN,AZUL,1,,,,SIN DATOS,0,0,Morelia,Martires de Uruapan,mayo,sábado,14,-101.19729693979,19.7248934605624
45311,45317,2023,,2023/05/13,15:20:00,COLISIÓN POR MANIOBRA DE REVERSA,ASFALTO,Bueno,Bueno,2,HONDA,GRIS,2,,47,FEMENINO,SIN DATOS,0,0,Morelia,Felix Ireta,mayo,sábado,15,-101.192031763494,19.6870916908911
45312,45318,2023,,2023/05/13,16:15:00,COLISIÓN POR CORTE DE CIRCULACIÓN,ASFALTO,Bueno,Bueno,2,CHEVROLET,GRIS,2,,30,MASCULINO,SIN DATOS,0,0,Morelia,Ciudad Industrial,mayo,sábado,16,-101.145554110408,19.728339813223
45313,45319,2023,,2023/05/13,18:45:00,COLISIÓN POR CORTE DE CIRCULACIÓN,ASFALTO,Bueno,Bueno,2,S/D,S/D,2,,,MASCULINO,SIN DATOS,0,0,Morelia,Jardines de Guadalupe,mayo,sábado,19,-101.226241327822,19.7095026323218
45314,45320,2023,,2023/05/13,19:45:00,COLISIÓN POR INVASIÓN DE CARRIL,ASFALTO,Bueno,Bueno,2,BAJAJ,GRIS,3,,25,MASCULINO,SIN DATOS,1,0,Peribán,Sin datos,mayo,sábado,20,-102.438265196979,19.484069033236
45315,45321,2023,,2023/05/13,20:40:00,COLISIÓN POR INVASIÓN DE CARRIL,ASFALTO,Bueno,Bueno,2,HONDA,NEGRO,2,MINISTERIO PÚBLICO,30,MASCULINO,SIN DATOS,0,0,Peribán,Sin datos,mayo,sábado,21,-102.444534189999,19.5522048373455
45316,45322,2023,,2023/05/13,22:00:00,COLISIÓN POR CAMBIO DE CARRIL,ASFALTO,Bueno,Bueno,2,FORD,AZUL,2,MINISTERIO PÚBLICO,40,FEMENINO,SIN DATOS,0,0,Morelia,San Jose Itzicuaro,mayo,sábado,22,-101.300678662956,19.6875023875105
45317,45323,2023,MOR2205678,2023/05/14,"00:50:00",COLISIÓN CONTRA OBJETO FIJO,ASFALTO,Bueno,Bueno,1,FORD,NEGRO,1,,,MASCULINO,SIN DATOS,0,0,Morelia,Sin datos,mayo,domingo,1,-101.281819045544,19.6182998426268
45318,45324,2023,LEG48441,2023/05/14,"05:00:00",COLISIÓN CONTRA OBJETO FIJO,ASFALTO,Bueno,Bueno,1,NISSAN,BLANCO,1,MINISTERIO PÚBLICO,,,SIN DATOS,0,0,Morelia,Enrique Arreguin Robles,mayo,domingo,5,-101.188148930669,19.7214419838104
45320,45326,2023,,2023/05/14,12:40:00,COLISIÓN POR CORTE DE CIRCULACIÓN,ASFALTO,Bueno,Bueno,2,DODGE,BLANCO,2,,52,FEMENINO,SIN DATOS,0,0,Morelia,Lomas de Hidalgo,mayo,domingo,13,-101.160867959682,19.697918934297
45322,45328,2023,,2023/05/14,13:20:00,COLISIÓN POR CORTE DE CIRCULACIÓN,ASFALTO,Bueno,Bueno,2,FORD,BLANCO,0,MINISTERIO PÚBLICO,,,,0,0,Lázaro Cárdenas,Napoleon Gomez Sada,mayo,domingo,13,-102.227254472673,17.977973462261
45324,45330,2023,,2023/05/14,15:40:00,COLISIÓN POR INVASIÓN DE CARRIL,ASFALTO,Lluvioso,Regular,2,VOLKSWAGEN,ARENA,4,MINISTERIO PÚBLICO,,,,4,0,Irimbo,Sin datos,mayo,domingo,16,-100.495165027678,19.6916541207812
45327,45333,2023,,2023/05/14,16:40:00,VOLCADURA,ASFALTO,Lluvioso,Regular,1,FORD,ARENA,1,MINISTERIO PÚBLICO,,,,1,0,Irimbo,Sin Nombre,mayo,domingo,17,-100.488759241998,19.6981094228412
45328,45334,2023,,2023/05/14,17:09:00,COLISIÓN POR CORTE DE CIRCULACIÓN,ASFALTO,Lluvioso,Bueno,2,Nissan,Plata,2,,27,FEMENINO,SIN DATOS,0,0,Morelia,Ventura Puente,mayo,domingo,17,-101.181712634861,19.6907023757445
45329,45335,2023,MOR230317077,2023/05/14,17:15:00,COLISIÓN POR CORTE DE CIRCULACIÓN,CONCRETO,Nublado,Regular,3,S/D,S/D,5,MINISTERIO PÚBLICO,0,,SIN DATOS,2,0,Morelia,Praderas de Morelia,mayo,domingo,17,-101.229299594348,19.6730115417616
45330,45336,2023,,2023/05/14,23:00:00,COLISIÓN POR CORTE DE CIRCULACIÓN,ASFALTO,Bueno,Bueno,2,NISSAN,GRIS,2,MINISTERIO PÚBLICO,,MASCULINO,SIN DATOS,0,0,Morelia,La Luz,mayo,domingo,23,-101.299807280302,19.6873426547461
45331,45337,2023,LEG48450,2023/05/15,"00:20:00",SALIDA DE SUPERFICIE DE RODAMIENTO,ASFALTO,Bueno,Bueno,1,DODGE,VERDE,1,,50,FEMENINO,SIN DATOS,0,0,Charo,De Santiago,mayo,lunes,0,-101.044372,19.745476
45332,45338,2023,,2023/05/15,"07:35:00",COLISIÓN POR CAMBIO DE CARRIL,ASFALTO,Bueno,Bueno,2,BAJAJ,VERDE,2,MINISTERIO PÚBLICO,29,MASCULINO,SIN DATOS,0,0,Morelia,Rinconada del Valle,mayo,lunes,8,-101.222,19.6779
45334,45340,2023,,2023/05/15,"09:15:00",COLISIÓN POR CORTE DE CIRCULACIÓN,CONCRETO,Bueno,Bueno,3,CHEVROLET,NEGRO,3,,37,MASCULINO,SIN DATOS,0,0,Morelia,Juana Pavon,mayo,lunes,9,-101.20431924,19.6696071699991
45335,45341,2023,,2023/05/15,13:05:00,COLISIÓN POR MANIOBRA DE REVERSA,ASFALTO,Bueno,Bueno,2,HYUNDAI,GRIS,2,,38,MASCULINO,SIN DATOS,0,0,Morelia,La Hacienda,mayo,lunes,13,-101.317806243896,19.6780706208157
45336,45342,2023,,2023/05/15,17:15:00,COLISIÓN POR CORTE DE CIRCULACIÓN,ASFALTO,Bueno,Bueno,2,MAZDA,NEGRO,2,MINISTERIO PÚBLICO,33,FEMENINO,SIN DATOS,0,0,Morelia,San Rafael,mayo,lunes,17,-101.153270995,19.6997840399991
45337,45343,2023,MOR20236421,2023/05/15,17:45:00,COLISIÓN POR INVASIÓN DE CARRIL,ASFALTO,Bueno,Bueno,2,VOLKSWAGEN,BLANCO,2,,,MASCULINO,SIN DATOS,0,0,Morelia,Sin datos,mayo,lunes,18,-101.271984916253,19.6449319515432
45338,45344,2023,,2023/05/15,21:30:00,COLISIÓN POR CORTE DE CIRCULACIÓN,ASFALTO,Bueno,Bueno,2,KIA,ROJO,2,,20,MASCULINO,SIN DATOS,0,0,Morelia,Gertrudis Sanchez,mayo,lunes,22,-101.205776745,19.7441101549991
45339,45345,2023,,2023/05/16,"07:10:00",COLISIÓN POR CAMBIO DE CARRIL,ASFALTO,Bueno,Bueno,2,MAN,AZUL/GRIS,2,,0,MASCULINO,SIN DATOS,0,0,Morelia,Nueva Valladolid,mayo,martes,7,-101.211171435,19.7020055149992
45342,45348,2023,,2023/05/16,"09:20:00",COLISIÓN POR CAMBIO DE CARRIL,ASFALTO,Bueno,Bueno,2,NISSAN,BLANCO,2,,30,MASCULINO,SIN DATOS,0,0,Morelia,Lomas de Guayangareo,mayo,martes,9,-101.160960056503,19.7026870450485
45344,45350,2023,,2023/05/16,10:00:00,SALIDA DE SUPERFICIE DE RODAMIENTO,ASFALTO,Bueno,Bueno,1,NISSAN,BLANCO,1,,45,MASCULINO,SIN DATOS,0,0,Tingüindín,Sin datos,mayo,martes,10,-102.487335205078,19.7705806242426
45345,45351,2023,,2023/05/16,11:50:00,SALIDA DE SUPERFICIE DE RODAMIENTO,ASFALTO,Bueno,Bueno,1,NISSAN,BLANCO,0,MINISTERIO PÚBLICO,,,,0,0,Morelia,Praderas del Indio,mayo,martes,12,-101.223494028547,19.6450845894654
45347,45353,2023,,2023/05/16,15:30:00,COLISIÓN POR ALCANCE,ASFALTO,Bueno,Bueno,2,MERCEDES BENZ,BLANCO,2,,30,MASCULINO,SIN DATOS,0,0,Los Reyes,Centro,mayo,martes,16,-102.473788,19.589361
45348,45354,2023,,2023/05/16,15:40:00,COLISIÓN POR CORTE DE CIRCULACIÓN,ASFALTO,Bueno,Bueno,2,VENTO,NEGRO,2,,52,MASCULINO,SIN DATOS,0,0,Morelia,Torreon Nuevo,mayo,martes,16,-101.20358663,19.7462449699991
45349,45355,2023,MOR 230322381,2023/05/16,18:50:00,COLISIÓN POR CAMBIO DE CARRIL,ASFALTO,Bueno,Regular,2,NISSAN,ROJO,2,MINISTERIO PÚBLICO,39,MASCULINO,SIN DATOS,0,0,Morelia,Vasco de Quiroga,mayo,martes,19,-101.168940545,19.7037102349991
45351,45357,2023,,2023/05/16,19:30:00,COLISIÓN POR CORTE DE CIRCULACIÓN,ASFALTO,Bueno,Bueno,2,TOYOTA,BLANCO,2,,38,MASCULINO,SIN DATOS,0,0,Morelia,Vicente Lombardo Toledano (Ejidal Isacc Arriaga) (Etnias de Mexico),mayo,martes,20,-101.146789869333,19.7195576709395
45352,45358,2023,,2023/05/16,19:35:00,VOLCADURA,ASFALTO,Bueno,Bueno,1,CHEVROLET,GRIS,1,,36,MASCULINO,SIN DATOS,0,0,Peribán,Sin datos,mayo,martes,20,-102.437558434904,19.4849455104283
45353,45359,2023,,2023/05/16,22:20:00,COLISIÓN POR CORTE DE CIRCULACIÓN,ASFALTO,Bueno,Bueno,1,MAZDA,BLANCO,0,MINISTERIO PÚBLICO,,,,0,0,Lázaro Cárdenas,El Palmar 77,mayo,martes,22,-102.21433930099,17.9755137204398
45355,45361,2023,,2023/05/17,"08:40:00",SALIDA DE SUPERFICIE DE RODAMIENTO,ASFALTO,Bueno,Bueno,3,HONDA,NEGRO,3,,55,FEMENINO,SIN DATOS,0,0,Morelia,Praderas del Indio,mayo,miércoles,9,-101.223494028547,19.6450845894654
45357,45363,2023,MOR 230327787,2023/05/17,"09:50:00",COLISIÓN CONTRA OBJETO FIJO,ASFALTO,Bueno,Bueno,1,FORD,ROJO,1,MINISTERIO PÚBLICO,22,MASCULINO,SIN DATOS,0,0,Morelia,Poblado de Ocolusen,mayo,miércoles,10,-101.155088675,19.6951327349991
45358,45364,2023,,2023/05/17,10:40:00,COLISIÓN POR CAMBIO DE CARRIL,ASFALTO,Bueno,Bueno,2,DODGE,GRIS,2,,27,MASCULINO,SIN DATOS,0,0,Morelia,Lomas de San Juan,mayo,miércoles,11,-101.183039681886,19.7298664251429
45359,45365,2023,,2023/05/17,12:00:00,COLISIÓN POR CAMBIO DE CARRIL,ASFALTO,Bueno,Bueno,2,HONDA,BLANCO,2,,,MASCULINO,SIN DATOS,0,0,Morelia,Camelinas,mayo,miércoles,12,-101.17262119,19.6818144849991
45362,45368,2023,,2023/05/17,13:35:00,COLISIÓN POR CAMBIO DE CARRIL,ASFALTO,Bueno,Bueno,2,CHEVROLET,GUINDA,2,,30,MASCULINO,SIN DATOS,0,0,Morelia,Vista Bella,mayo,miércoles,14,-101.197597985,19.6798804949991
45363,45369,2023,,2023/05/17,13:35:00,COLISIÓN POR INVASIÓN DE CARRIL,ASFALTO,Bueno,Bueno,2,PULSAR,NEGRO,2,,21,MASCULINO,SIN DATOS,0,0,Morelia,Dr Miguel Silva,mayo,miércoles,14,-101.187927793444,19.7204887484457
45366,45372,2023,,2023/05/17,20:40:00,COLISIÓN CONTRA OBJETO FIJO,ASFALTO,Bueno,Bueno,1,VOLKSWAGEN,BLANCO,1,,22,MASCULINO,SIN DATOS,0,0,Morelia,Quinceo,mayo,miércoles,21,-101.224677139991,19.7335753309229
45368,45374,2023,MOR22056781,2023/05/18,"00:00:00",COLISIÓN CONTRA OBJETO FIJO,ASFALTO,Bueno,Bueno,1,RENAULT,GUINDA,1,,,MASCULINO,SIN DATOS,0,0,Morelia,Los Angeles,mayo,jueves,0,-101.167963479351,19.7444751194994
45369,45375,2023,,2023/05/18,"06:00:00",COLISIÓN CONTRA OBJETO FIJO,ASFALTO,Bueno,Bueno,1,CHEVROLET,GRIS,1,MINISTERIO PÚBLICO,0,,SIN DATOS,0,0,Morelia,Jesus del Monte,mayo,jueves,6,-101.154211082822,19.6509234359309
45370,45376,2023,,2023/05/18,"07:10:00",COLISIÓN POR CORTE DE CIRCULACIÓN,SIN_DATOS,Bueno,Bueno,2,ITALIKA,NARANJA /NEGRO,2,,,,SIN DATOS,0,0,Morelia,Barrio Alto,mayo,jueves,7,-101.196853369474,19.7248420171895
45371,45377,2023,,2023/05/18,"07:20:00",COLISIÓN POR MANIOBRA DE REVERSA,ASFALTO,Bueno,Bueno,2,FREIGHLINER,AMARILLO,2,,29,MASCULINO,SIN DATOS,0,0,Morelia,Libertad,mayo,jueves,7,-101.235485247231,19.6875403386505
45373,45379,2023,LEG48503,2023/05/18,"09:00:00",COLISIÓN CONTRA OBJETO FIJO,TERRACERIA,Bueno,Bueno,1,RAM,BLANCO,1,,45,MASCULINO,SIN DATOS,0,0,Morelia,Pedro Ma Anaya,mayo,jueves,9,-101.205634627065,19.7153083826795
45374,45380,2023,,2023/05/18,11:40:00,COLISIÓN POR CORTE DE CIRCULACIÓN,ASFALTO,Bueno,Bueno,2,CHRYSLER,ROJO,2,,37,FEMENINO,SIN DATOS,0,0,Morelia,Prados Verdes,mayo,jueves,12,-101.199782310949,19.7166640281338
45375,45381,2023,LEG48510,2023/05/18,12:00:00,COLISIÓN CONTRA OBJETO FIJO,ASFALTO,Bueno,Bueno,1,CHEVROLET,ROJO,1,,70,MASCULINO,SIN DATOS,0,0,Morelia,Irrigacion,mayo,jueves,12,-101.224794055804,19.7057244071144
45376,45382,2023,LEG48511,2023/05/18,13:45:00,COLISIÓN POR CORTE DE CIRCULACIÓN,ASFALTO,Bueno,Bueno,2,INTERNATIONAL,GRIS,2,,48,MASCULINO,SIN DATOS,0,0,Morelia,Los Manantiales de Morelia,mayo,jueves,14,-101.235085,19.696481
45379,45385,2023,MOR 230327363,2023/05/18,18:00:00,COLISIÓN POR CORTE DE CIRCULACIÓN,ASFALTO,Bueno,Regular,2,VOLKSWAGEN,BLANCO Y AZUL,2,,28,MASCULINO,SIN DATOS,0,0,Morelia,Cuauhtemoc,mayo,jueves,18,-101.182606932687,19.697549348141
45380,45386,2023,LEG48513,2023/05/18,18:05:00,COLISIÓN POR CAMBIO DE CARRIL,ASFALTO,Bueno,Bueno,2,BMW,NEGRO,2,,20,MASCULINO,SIN DATOS,0,0,Morelia,Gustavo Diaz Ordaz,mayo,jueves,18,-101.205198046847,19.692756460765
45382,45388,2023,,2023/05/18,20:05:00,COLISIÓN POR CAMBIO DE CARRIL,ASFALTO,Bueno,Bueno,2,DINA,BLANCO,2,,35,MASCULINO,SIN DATOS,0,0,Morelia,El Realito,mayo,jueves,20,-101.203137012728,19.7271577016115
45383,45389,2023,LEG48516,2023/05/18,20:30:00,COLISIÓN CONTRA OBJETO FIJO,ASFALTO,Bueno,Bueno,1,PONTIAC,BLANCO,1,,0,MASCULINO,SIN DATOS,0,0,Morelia,Sin datos,mayo,jueves,21,-101.280719,19.6454785
45384,45390,2023,,2023/05/18,22:00:00,COLISIÓN POR CORTE DE CIRCULACIÓN,ASFALTO,Bueno,Bueno,0,,,0,,,,,0,0,Lázaro Cárdenas,Segundo Sector de Fidelac,mayo,jueves,22,-102.208462581038,17.9614303772992
45385,45391,2023,,2023/05/18,22:20:00,COLISIÓN POR ALCANCE,ASFALTO,Bueno,Bueno,2,DODGE,PLATA,2,,0,MASCULINO,SIN DATOS,0,0,Morelia,Tres Puentes,mayo,jueves,22,-101.213524742681,19.7058468756013
45386,45392,2023,LEG48494,2023/05/18,22:40:00,COLISIÓN CONTRA OBJETO FIJO,ASFALTO,Bueno,Bueno,1,Nissan,Gris,1,,0,,SIN DATOS,0,0,Morelia,Adolfo Lopez Mateos,mayo,jueves,23,-101.226868629456,19.6944240927946
45388,45394,2023,,2023/05/19,"00:00:00",COLISIÓN POR CORTE DE CIRCULACIÓN,ASFALTO,Bueno,Bueno,2,NISSAN,GRIS,2,,58,MASCULINO,SIN DATOS,0,0,Morelia,Felix Ireta,mayo,viernes,0,-101.190831139684,19.6858337089113
45389,45395,2023,,2023/05/19,"00:00:00",COLISIÓN POR ALCANCE,ASFALTO,Bueno,Bueno,2,VOLKSWAGEN,BLANCO PERLA,2,,,,SIN DATOS,0,0,Morelia,Ejidal Ocolusen,mayo,viernes,0,-101.151997447014,19.6835207009492
45390,45396,2023,,2023/05/19,"00:00:00",COLISIÓN POR CORTE DE CIRCULACIÓN,ASFALTO,Bueno,Bueno,2,TOYOTA,BLANCO/GRIS,2,,36,MASCULINO,SIN DATOS,0,0,Morelia,Tlalpujahua,mayo,viernes,0,-101.21823258698,19.6761031923114
45391,45397,2023,,2023/05/19,"00:49:00",COLISIÓN CONTRA OBJETO FIJO,CONCRETO,Bueno,Bueno,1,ITALIKA,GRIS,1,,0,,SIN DATOS,0,0,Morelia,Ferrocarrilero,mayo,viernes,1,-101.223609235,19.6918737849991
45392,45398,2023,,2023/05/19,"03:54:00",COLISIÓN CONTRA OBJETO FIJO,ASFALTO,Nublado,Bueno,1,CHEVROLET,PLATA,1,,25,MASCULINO,SIN DATOS,0,0,Morelia,Isaac Arriaga,mayo,viernes,4,-101.173878539064,19.7098514781792
45393,45399,2023,,2023/05/19,"03:54:00",SUBIDA AL CAMELLÓN,ASFALTO,Bueno,Bueno,1,CHEVROLET,BLANCO,1,,28,FEMENINO,SIN DATOS,0,0,Morelia,Isaac Arriaga,mayo,viernes,4,-101.173878539064,19.7098514781792
45394,45400,2023,,2023/05/19,"05:50:00",COLISIÓN POR INVASIÓN DE CARRIL,ASFALTO,Bueno,Bueno,2,SUZUKI,NEGRO,2,MINISTERIO PÚBLICO,27,MASCULINO,SIN DATOS,0,0,Morelia,Centro,mayo,viernes,6,-101.194721195,19.6967728549991
45396,45402,2023,,2023/05/19,"07:40:00",COLISIÓN POR INVASIÓN DE CARRIL,ASFALTO,Nublado,Bueno,2,HINO EURO 5,BLANCO,2,,34,MASCULINO,SIN DATOS,0,0,Morelia,Isaac Arriaga,mayo,viernes,8,-101.173878539064,19.7098514781792
45397,45403,2023,,2023/05/19,10:00:00,COLISIÓN POR CORTE DE CIRCULACIÓN,ASFALTO,Bueno,Bueno,2,FERROCARRIL,ROJO AMARILLO Y NEGRO,2,MINISTERIO PÚBLICO,,,SIN DATOS,0,0,Morelia,Ciudad Industrial,mayo,viernes,10,-101.137303300202,19.7289990932791
45398,45404,2023,,2023/05/19,10:40:00,COLISIÓN POR CORTE DE CIRCULACIÓN,CONCRETO,Nublado,Bueno,2,JEEP,BLANCO,2,,46,MASCULINO,SIN DATOS,0,0,Morelia,Nicolas Romero,mayo,viernes,11,-101.150400526822,19.7063181707203
45399,45405,2023,,2023/05/19,14:40:00,COLISIÓN POR CORTE DE CIRCULACIÓN,ASFALTO,Bueno,Bueno,2,HONDA,ROJO,2,,,MASCULINO,SIN DATOS,0,0,Morelia,Francisco J Mujica,mayo,viernes,15,-101.184543706477,19.7249430102985
45400,45406,2023,,2023/05/19,19:50:00,COLISIÓN CONTRA OBJETO FIJO,ASFALTO,Bueno,Bueno,1,DINA,VERDE,1,MINISTERIO PÚBLICO,64,MASCULINO,SIN DATOS,0,0,Peribán,Sin datos,mayo,viernes,20,-102.435307390988,19.4877275750135
45401,45407,2023,,2023/05/20,"02:00:00",COLISIÓN POR CORTE DE CIRCULACIÓN,ASFALTO,Bueno,Bueno,2,PULSAR,NEGRO,0,,,,,0,0,Lázaro Cárdenas,Las Torres,mayo,sábado,2,-102.213688865304,17.9627986083744
45402,45408,2023,MOR2234567,2023/05/20,"04:50:00",SALIDA DE SUPERFICIE DE RODAMIENTO,ASFALTO,Bueno,Bueno,1,VOLKSWAGEN,GRIS,1,,,MASCULINO,SIN DATOS,0,0,Morelia,Dr Miguel Silva,mayo,sábado,5,-101.184373386204,19.7194814007275
45403,45409,2023,,2023/05/20,"07:25:00",COLISIÓN CONTRA OBJETO FIJO,CONCRETO,Bueno,Bueno,1,FORD/FIESTA,AZUL,1,,57,MASCULINO,SIN DATOS,0,0,Morelia,Tzindurio Norte,mayo,sábado,7,-101.24443307519,19.7024341717369
45404,45410,2023,MOR22066891,2023/05/20,"09:05:00",COLISIÓN POR INVASIÓN DE CARRIL,ASFALTO,Bueno,Bueno,2,FORD,VERDE,1,MINISTERIO PÚBLICO,,MASCULINO,SIN DATOS,0,0,Charo,San Bartolo,mayo,sábado,9,-101.043874584138,19.7535770304321
45405,45411,2023,,2023/05/20,"09:24:00",COLISIÓN POR CAMBIO DE CARRIL,ASFALTO,Bueno,Bueno,2,INTERNACIONAL,VERDE,2,,,MASCULINO,SIN DATOS,0,0,Morelia,Elias Perez Avalos,mayo,sábado,9,-101.166074685752,19.7107058240278