fid,id_accidente,anio_origen,folio_c5i,dia_incidente,hora_ocurrencia,tipo_incidente_vial,superficie_ocurrencia,condiciones_climaticas,condiciones_via,numero_vehiculos_involucrados,marca_vehiculo_ocasiona_siniestro,color_vehiculo_ocasiona_siniestro,numero_personas_involucradas,lugar_remite_presunto_responsable,edad_presunto_responsable,sexo_presunto_responsable,resultados_toxicologia,numero_personas_lesionadas,numero_personas_fallecidas,municipio,colonia,mes,dia_semana,hora_redondeada,lon,lat
45406,45412,2023,LEG48534,2023/05/20,12:10:00,COLISIÓN POR CAMBIO DE CARRIL,ASFALTO,Bueno,Bueno,2,DODGE,BLANCO,2,,44,MASCULINO,SIN DATOS,0,0,Charo,De Santiago,mayo,sábado,12,-101.044372,19.745476
45407,45413,2023,,2023/05/20,12:35:00,COLISIÓN POR CAMBIO DE CARRIL,ASFALTO,Nublado,Bueno,2,KENWORTH,GRIS,2,,47,MASCULINO,SIN DATOS,0,0,Morelia,Sin datos,mayo,sábado,13,-101.241870559752,19.6571850336975
45408,45414,2023,LEG48535,2023/05/20,14:25:00,COLISIÓN POR INVASIÓN DE CARRIL,ASFALTO,Bueno,Bueno,2,KURAZAI,AZUL,2,MINISTERIO PÚBLICO,53,MASCULINO,SIN DATOS,0,0,Morelia,Jardines de Guadalupe,mayo,sábado,14,-101.227434575558,19.713283565503
45409,45415,2023,,2023/05/20,14:35:00,COLISIÓN POR CAMBIO DE CARRIL,CONCRETO,Bueno,Bueno,2,NISSAN,GRIS,2,,38,MASCULINO,SIN DATOS,0,0,Morelia,Ferrocarrilero,mayo,sábado,15,-101.216047592461,19.6988373246757
45410,45416,2023,LEG48536,2023/05/20,19:05:00,COLISIÓN POR CAMBIO DE CARRIL,ASFALTO,Bueno,Bueno,2,MERCEDES BENZ,GRIS,2,,18,MASCULINO,SIN DATOS,0,0,Morelia,Jesus del Monte,mayo,sábado,19,-101.157211661339,19.6582238049494
45411,45417,2023,LEG48542,2023/05/20,20:40:00,COLISIÓN POR ALCANCE,ASFALTO,Bueno,Bueno,2,NISSAN,BLANCO/ROJO,2,,48,MASCULINO,SIN DATOS,0,0,Morelia,Avicola Benito Juarez,mayo,sábado,21,-101.2795374915,19.6913479215028
45412,45418,2023,,2023/05/20,22:00:00,COLISIÓN CONTRA OBJETO FIJO,ASFALTO,Bueno,Bueno,1,HONDA,ARENA,1,,,,SIN DATOS,0,0,Charo,Sin datos,mayo,sábado,22,-101.023236326873,19.7184859505954
45413,45419,2023,MOR 230334032,2023/05/21,"04:50:00",COLISIÓN CONTRA OBJETO FIJO,ASFALTO,Bueno,Malo,2,SE DESCONOCE,SE DESCONOCE,1,,39,MASCULINO,SIN DATOS,0,0,Morelia,Buenavista,mayo,domingo,5,-101.163869909942,19.7060258876902
45414,45420,2023,LEG48543,2023/05/21,"06:20:00",COLISIÓN CONTRA OBJETO FIJO,CONCRETO,Bueno,Bueno,1,NISSAN,GRIS,1,,,,SIN DATOS,0,0,Morelia,Vasco de Quiroga,mayo,domingo,6,-101.17250226438,19.6974818968329
45415,45421,2023,MOR /230331175,2023/05/21,"09:45:00",COLISIÓN POR CORTE DE CIRCULACIÓN,ASFALTO,Bueno,Bueno,2,NISSAN,ROJO BURDEO,2,,16,MASCULINO,SIN DATOS,0,0,Morelia,Felix Ireta,mayo,domingo,10,-101.190810017288,19.6864568610694
45416,45422,2023,MOR2236781,2023/05/21,16:05:00,COLISIÓN POR INVASIÓN DE CARRIL,ASFALTO,Bueno,Bueno,2,NISSAN,NEGRO,2,,0,MASCULINO,SIN DATOS,0,0,Charo,Sin datos,mayo,domingo,16,-101.039465367794,19.7555753756453
45417,45423,2023,,2023/05/21,17:15:00,COLISIÓN POR ALCANCE,CONCRETO,Lluvioso,Bueno,2,MERCEDES BENZ,BLANCO NARANJA,2,,29,MASCULINO,SIN DATOS,0,0,Morelia,Villas del Pedregal,mayo,domingo,17,-101.30450617522,19.6876075079978
45418,45424,2023,,2023/05/21,17:30:00,COLISIÓN POR CAMBIO DE CARRIL,ASFALTO,Bueno,Bueno,2,VENTO,ROJO /NEGRO,2,,23,MASCULINO,SIN DATOS,0,0,Morelia,Ciudad Industrial,mayo,domingo,18,-101.163959763944,19.7246914742178
45419,45425,2023,,2023/05/21,18:30:00,COLISIÓN POR MANIOBRA DE REVERSA,ASFALTO,Bueno,Bueno,2,VOLKSWAGEN,ROJO,2,,38,,SIN DATOS,0,0,Morelia,Lomas de Vista Bella,mayo,domingo,19,-101.199588216841,19.6742048787196
45420,45426,2023,,2023/05/21,20:40:00,COLISIÓN POR INVASIÓN DE CARRIL,ASFALTO,Bueno,Bueno,2,NISSAN,BLANCO,2,,81,MASCULINO,SIN DATOS,0,0,Charo,Sin datos,mayo,domingo,21,-101.021258533001,19.7012050344984
45421,45427,2023,,2023/05/21,20:50:00,SALIDA DE SUPERFICIE DE RODAMIENTO,ASFALTO,Bueno,Bueno,1,INTERNATIONAL,BLANCO,1,,19,MASCULINO,SIN DATOS,0,0,Morelia,Puerto de Buenavista,mayo,domingo,21,-101.131222061813,19.6856780783333
45422,45428,2023,,2023/05/21,22:00:00,COLISIÓN CONTRA OBJETO FIJO,ASFALTO,Bueno,Bueno,1,HONDA,ARENA,0,,,,,0,0,Charo,Sin datos,mayo,domingo,22,-101.023181006312,19.7177433041482
45423,45429,2023,,2023/05/21,22:10:00,COLISIÓN POR CORTE DE CIRCULACIÓN,ASFALTO,Bueno,Bueno,2,TOYOTA,BLANCO/GRIS,2,,37,MASCULINO,SIN DATOS,0,0,Morelia,Los Manantiales de Morelia,mayo,domingo,22,-101.241281814873,19.700806052122
45424,45430,2023,MOR 230339307,2023/05/22,"00:00:00",COLISIÓN POR ALCANCE,ASFALTO,Bueno,Bueno,2,CHEVROLET,BLANCO,2,,51,MASCULINO,SIN DATOS,0,0,Morelia,Santillan La Huerta,mayo,lunes,0,-101.219553885717,19.6760966650679
45425,45431,2023,,2023/05/22,"01:30:00",COLISIÓN CONTRA OBJETO FIJO,ASFALTO,Bueno,Bueno,1,FORD,GRIS,1,,0,,SIN DATOS,0,0,Morelia,Emiliano Zapata,mayo,lunes,2,-101.230737380683,19.6536957865454
45427,45433,2023,MOR 230337064,2023/05/22,"08:00:00",SALIDA DE SUPERFICIE DE RODAMIENTO,ASFALTO,Bueno,Bueno,1,MERCURY,ROJO,1,,52,MASCULINO,SIN DATOS,0,0,Morelia,Sin datos,mayo,lunes,8,-101.355056,19.6696905
45430,45436,2023,LEG48559,2023/05/22,10:00:00,SALIDA DE SUPERFICIE DE RODAMIENTO,ASFALTO,Bueno,Bueno,1,NISSAN,BLANCO,1,,82,MASCULINO,SIN DATOS,0,0,Morelia,Cañada del Bosque,mayo,lunes,10,-101.097469366718,19.7282996448773
45432,45438,2023,,2023/05/22,14:00:00,COLISIÓN POR INVASIÓN DE CARRIL,ASFALTO,Bueno,Bueno,2,ITALIKA,BLANCO,2,,0,FEMENINO,SIN DATOS,0,0,Morelia,Lomas de Vista Bella,mayo,lunes,14,-101.196593044237,19.6746539144371
45433,45439,2023,LEG48561,2023/05/22,14:28:00,COLISIÓN POR ALCANCE,ASFALTO,Bueno,Bueno,2,MERCEDES BENZ,VERDE,2,,21,MASCULINO,SIN DATOS,0,0,Morelia,Centro,mayo,lunes,14,-101.189755165,19.7066793399992
45436,45442,2023,LEG48557,2023/05/22,19:00:00,COLISIÓN POR ALCANCE,ASFALTO,Bueno,Regular,2,FORD,BLANCO,2,,30,MASCULINO,SIN DATOS,0,0,Morelia,Centro,mayo,lunes,19,-101.17789641,19.7013360799991
45437,45443,2023,LEG48568,2023/05/22,21:00:00,COLISIÓN CONTRA OBJETO FIJO,ASFALTO,Bueno,Bueno,1,DODGE,BLANCO,1,,34,MASCULINO,SIN DATOS,0,0,Morelia,Centro,mayo,lunes,21,-101.18015806,19.7039968049991
45438,45444,2023,LEG48570,2023/05/23,"08:45:00",COLISIÓN POR CORTE DE CIRCULACIÓN,ASFALTO,Bueno,Bueno,2,SEAT,GRIS,1,,26,MASCULINO,SIN DATOS,0,0,Morelia,El Eden,mayo,martes,9,-101.254533742186,19.6458726207089
45440,45446,2023,,2023/05/23,"09:00:00",COLISIÓN CON PEATÓN,ASFALTO,Bueno,Bueno,1,MAZDA,GRIS,1,MINISTERIO PÚBLICO,,,,1,0,Morelia,Ignacio Lopez Rayon,mayo,martes,9,-101.250591165,19.6897065849991
45441,45447,2023,,2023/05/23,12:03:00,COLISIÓN CONTRA OBJETO FIJO,ASFALTO,Bueno,Bueno,2,CHEVROLET,ROJO,2,,40,FEMENINO,SIN DATOS,0,0,Morelia,Alcaide Ignacio Perez,mayo,martes,12,-101.219110806134,19.6948427340926
45442,45448,2023,MOR22367891,2023/05/23,12:05:00,COLISIÓN POR CORTE DE CIRCULACIÓN,ASFALTO,Bueno,Bueno,2,YAMAHA,AZUL,2,,,MASCULINO,SIN DATOS,0,0,Morelia,Del Empleado,mayo,martes,12,-101.18002517,19.6886070099991
45443,45449,2023,LEG48575,2023/05/23,18:18:00,COLISIÓN POR ALCANCE,ASFALTO,Bueno,Bueno,2,SEAT,GRIS,2,,30,MASCULINO,SIN DATOS,0,0,Morelia,Tenencia Morelos,mayo,martes,18,-101.243929623155,19.6466055443724
45444,45450,2023,,2023/05/23,19:50:00,COLISIÓN POR CORTE DE CIRCULACIÓN,ASFALTO,Bueno,Bueno,2,CHEVROLET,GRIS,2,,34,FEMENINO,SIN DATOS,0,0,Morelia,Felix Ireta,mayo,martes,20,-101.19214836,19.6911467449992
45445,45451,2023,,2023/05/24,"03:00:00",COLISIÓN POR NO RESPETAR SEMÁFORO,ASFALTO,Bueno,Bueno,2,JEEP,ROJO,2,,22,MASCULINO,SIN DATOS,0,0,Morelia,Del Empleado,mayo,miércoles,3,-101.18002517,19.6886070099991
45447,45453,2023,LEG48580,2023/05/24,"09:50:00",COLISIÓN POR ALCANCE,ASFALTO,Bueno,Bueno,4,DODGE,GRIS,4,MINISTERIO PÚBLICO,63,MASCULINO,SIN DATOS,0,0,Morelia,Rinconada del Valle,mayo,miércoles,10,-101.222201261191,19.6773787628329
45448,45454,2023,LEG48581,2023/05/24,10:51:00,COLISIÓN POR CORTE DE CIRCULACIÓN,ASFALTO,Bueno,Bueno,2,CHEVROLET,ROJO,2,,42,MASCULINO,SIN DATOS,0,0,Morelia,Ventura Puente,mayo,miércoles,11,-101.187182954235,19.6926426896116
45449,45455,2023,,2023/05/24,11:30:00,COLISIÓN POR ALCANCE,ASFALTO,Bueno,Bueno,2,NISSAN,GRIS,2,,0,MASCULINO,SIN DATOS,0,0,Morelia,Elias Perez Avalos,mayo,miércoles,12,-101.165651520874,19.7106140258153
45452,45458,2023,,2023/05/24,19:35:00,VOLCADURA,ASFALTO,Bueno,Bueno,2,FIAT,NEGRO,2,MINISTERIO PÚBLICO,22,MASCULINO,SIN DATOS,0,0,Morelia,Centro,mayo,miércoles,20,-101.17789641,19.7013360799991
45454,45460,2023,,2023/05/25,"02:30:00",SUBIDA AL CAMELLÓN,ASFALTO,Bueno,Bueno,1,NISSAN,BLANCO,1,,32,MASCULINO,SIN DATOS,0,0,Morelia,Ciudad Industrial,mayo,jueves,3,-101.14554366932,19.7284851395985
45455,45461,2023,LEG48586,2023/05/25,"06:55:00",COLISIÓN CONTRA OBJETO FIJO,ADOQUIN_EMPEDRADO,Bueno,Bueno,1,DODGE,BEIGE,1,,0,,SIN DATOS,0,0,Morelia,Villas del Pedregal,mayo,jueves,7,-101.302209,19.685042
45456,45462,2023,,2023/05/25,"08:00:00",COLISIÓN POR CORTE DE CIRCULACIÓN,ASFALTO,Lluvioso,Bueno,2,VOLKSWAGEN,NEGRO,1,,31,FEMENINO,SIN DATOS,0,0,Morelia,Pascual Ortiz de Ayala,mayo,jueves,8,-101.150695569813,19.6968423733292
45457,45463,2023,,2023/05/25,10:45:00,COLISIÓN POR MANIOBRA DE REVERSA,ADOQUIN_EMPEDRADO,Bueno,Bueno,2,FORD,VERDE/BLANCO,2,MINISTERIO PÚBLICO,37,MASCULINO,SIN DATOS,0,0,Pátzcuaro,El Calvario,mayo,jueves,11,-101.621287800372,19.5152159869569
45458,45464,2023,,2023/05/25,12:00:00,COLISIÓN POR CORTE DE CIRCULACIÓN,CONCRETO,Bueno,Bueno,2,DODGE,BLANCO,1,MINISTERIO PÚBLICO,0,MASCULINO,SIN DATOS,0,0,Morelia,Veinte de Noviembre,mayo,jueves,12,-101.165649,19.721885
45459,45465,2023,,2023/05/25,12:30:00,COLISIÓN POR CAMBIO DE CARRIL,ASFALTO,Bueno,Bueno,2,NISSAN,BLANCO,2,,36,MASCULINO,SIN DATOS,0,0,Morelia,Sin datos,mayo,jueves,13,-101.125,19.7143
45460,45466,2023,MOR2235671,2023/05/25,14:10:00,COLISIÓN POR ALCANCE,ASFALTO,Bueno,Bueno,2,RENAULT,GRIS,2,,0,FEMENINO,SIN DATOS,0,0,Morelia,Nueva Valladolid,mayo,jueves,14,-101.211483945359,19.6992598320994
45461,45467,2023,,2023/05/25,18:30:00,COLISIÓN CONTRA OBJETO FIJO,ASFALTO,Nublado,Regular,1,VOLKSWAGEN POLO,GRIS,1,,42,FEMENINO,SIN DATOS,0,0,Morelia,Sin datos,mayo,jueves,19,-101.125,19.7143
45462,45468,2023,MOR2236789,2023/05/25,19:51:00,COLISIÓN POR CORTE DE CIRCULACIÓN,ASFALTO,Bueno,Bueno,2,KENWORTH,ROJO,2,,0,MASCULINO,SIN DATOS,0,0,Morelia,Hermanos Lopez Rayon,mayo,jueves,20,-101.220990833954,19.6763501570814
45463,45469,2023,,2023/05/25,21:10:00,COLISIÓN CONTRA OBJETO FIJO,ASFALTO,Bueno,Bueno,1,CHEVROLET SILVERADO,GRIS,0,,,,,0,0,Morelia,Del Prendimiento,mayo,jueves,21,-101.387824353099,19.6669094028484
45464,45470,2023,,2023/05/25,21:56:00,COLISIÓN POR ALCANCE,ASFALTO,Bueno,Bueno,2,VOLKSWAGEN,NEGRO,2,MINISTERIO PÚBLICO,37,MASCULINO,SIN DATOS,0,0,Morelia,Rafael Carrillo,mayo,jueves,22,-101.236714348197,19.7076769957208
45465,45471,2023,,2023/05/25,22:00:00,COLISIÓN POR CORTE DE CIRCULACIÓN,ASFALTO,Bueno,Bueno,2,NISSAN,BLANCO,2,,40,MASCULINO,SIN DATOS,0,0,Morelia,Molino de Parras,mayo,jueves,22,-101.200251057744,19.6937611978721
45466,45472,2023,,2023/05/26,"06:10:00",COLISIÓN CONTRA OBJETO FIJO,ASFALTO,Bueno,Bueno,1,HONDA,ROJO,1,,,,SIN DATOS,0,0,Morelia,San Jose del Cerrito,mayo,viernes,6,-101.222508805174,19.6597366652037
45467,45473,2023,,2023/05/26,"08:05:00",COLISIÓN POR CAMBIO DE CARRIL,ASFALTO,Bueno,Bueno,2,HYUNDAI,GRIS,2,,29,MASCULINO,SIN DATOS,0,0,Morelia,Ventura Puente,mayo,viernes,8,-101.187182954235,19.6926426896116
45468,45474,2023,,2023/05/26,"08:10:00",COLISIÓN POR ALCANCE,ASFALTO,Bueno,Bueno,3,NISSAN,PLATA,3,,51,MASCULINO,SIN DATOS,0,0,Morelia,Ilustres Novohispanos,mayo,viernes,8,-101.152,19.7108
45469,45475,2023,LEG48603,2023/05/26,"08:10:00",COLISIÓN POR CORTE DE CIRCULACIÓN,ASFALTO,Bueno,Bueno,6,HONDA,GRIS,6,MINISTERIO PÚBLICO,24,MASCULINO,SIN DATOS,0,0,Morelia,El Eden,mayo,viernes,8,-101.249627843499,19.6460508147337
45470,45476,2023,,2023/05/26,10:20:00,COLISIÓN POR ALCANCE,ASFALTO,Bueno,Bueno,2,DODGE,BLANCO,2,,22,MASCULINO,SIN DATOS,0,0,Morelia,Dr Miguel Silva,mayo,viernes,10,-101.188111379743,19.72104936414
45471,45477,2023,,2023/05/26,10:30:00,COLISIÓN POR CORTE DE CIRCULACIÓN,ASFALTO,Bueno,Bueno,1,ITALIKA,NEGRO,3,MINISTERIO PÚBLICO,39,MASCULINO,SIN DATOS,2,0,Morelia,Gertrudis Sanchez,mayo,viernes,11,-101.1952094,19.7439173999992
45472,45478,2023,,2023/05/26,14:35:00,COLISIÓN POR CORTE DE CIRCULACIÓN,ASFALTO,Bueno,Bueno,2,VOLKSWAGEN,GRIS,2,,45,MASCULINO,SIN DATOS,0,0,Morelia,Villas de La Esperanza,mayo,viernes,15,-101.274558722824,19.6947769389005
45473,45479,2023,,2023/05/26,15:00:00,COLISIÓN POR ALCANCE,ASFALTO,Bueno,Bueno,2,DODGE,BLANCO,2,,38,MASCULINO,SIN DATOS,0,0,Morelia,Ciudad Industrial,mayo,viernes,15,-101.137945689261,19.728621640789
45474,45480,2023,,2023/05/26,15:30:00,COLISIÓN POR CAMBIO DE CARRIL,ASFALTO,Bueno,Bueno,2,CHEVROLET,BLANCO,2,,35,MASCULINO,SIN DATOS,0,0,Morelia,Elias Perez Avalos,mayo,viernes,16,-101.165064498782,19.7105593709566
45475,45481,2023,,2023/05/26,18:05:00,COLISIÓN CONTRA OBJETO FIJO,CONCRETO,Nublado,Bueno,2,CHEVROLET,ROJA,1,,42,MASCULINO,ALIENTO ETÍLICO,0,0,Morelia,Jardines del Rincon,mayo,viernes,18,-101.149769456291,19.6909738868309
45476,45482,2023,,2023/05/26,18:48:00,COLISIÓN POR CORTE DE CIRCULACIÓN,CONCRETO,Bueno,Bueno,2,NISSAN,GRIS 3N1,2,,17,FEMENINO,SIN DATOS,0,0,Morelia,Vasco de Quiroga,mayo,viernes,19,-101.175668947399,19.6992252640668
45477,45483,2023,MOR230352574,2023/05/27,"00:00:00",COLISIÓN POR INVASIÓN DE CARRIL,ASFALTO,Bueno,Bueno,1,SIN DATO,SIN DATO,0,,,,,0,0,Morelia,Sin datos,mayo,sábado,0,-101.280038058758,19.6495377021266
45478,45484,2023,LEG48608,2023/05/27,"00:20:00",COLISIÓN POR ALCANCE,ASFALTO,Lluvioso,Regular,2,FORD,PLATA,2,,42,FEMENINO,SIN DATOS,0,0,Morelia,Virrey Antonio de Mendoza,mayo,sábado,0,-101.162323951721,19.7065552162844
45479,45485,2023,,2023/05/27,"06:05:00",SUBIDA AL CAMELLÓN,ASFALTO,Nublado,Bueno,1,HYUNDAI,GRIS,1,,52,MASCULINO,SIN DATOS,0,0,Morelia,Villas del Pedregal,mayo,sábado,6,-101.303393393755,19.6844762768701
45480,45486,2023,,2023/05/27,10:00:00,COLISIÓN POR INVASIÓN DE CARRIL,ASFALTO,Bueno,Bueno,2,NISSAN,BLANCO,2,,,MASCULINO,SIN DATOS,0,0,Morelia,Sin datos,mayo,sábado,10,-101.118026934564,19.7371478730842
45481,45487,2023,LEG48617,2023/05/27,10:37:00,COLISIÓN POR INVASIÓN DE CARRIL,CONCRETO,Bueno,Bueno,2,HONDA,BLANCO,2,,,MASCULINO,SIN DATOS,0,0,Morelia,Villas del Pedregal,mayo,sábado,11,-101.304655708373,19.687594880916
45482,45488,2023,,2023/05/27,15:20:00,COLISIÓN POR CORTE DE CIRCULACIÓN,ASFALTO,Bueno,Bueno,2,NISSAN,BLANCO/ROJO,2,,50,MASCULINO,SIN DATOS,0,0,Morelia,Guadalupe,mayo,sábado,15,-101.223543696105,19.7072142705475
45483,45489,2023,,2023/05/27,20:30:00,COLISIÓN CON PEATÓN,SIN_DATOS,Nublado,Regular,1,DODGE,BLANCO,1,MINISTERIO PÚBLICO,0,MASCULINO,SIN DATOS,0,0,Pátzcuaro,Sin datos,mayo,sábado,21,-101.583790518343,19.5014469233861
45484,45490,2023,LEG48618,2023/05/27,20:30:00,COLISIÓN POR INVASIÓN DE CARRIL,ASFALTO,Bueno,Regular,2,FORD,VERDE,2,,37,MASCULINO,SIN DATOS,0,0,Morelia,Sin datos,mayo,sábado,21,-101.279926411808,19.6506529343711
45485,45491,2023,LEG48614,2023/05/27,24:00:00,COLISIÓN POR CORTE DE CIRCULACIÓN,ASFALTO,Bueno,Bueno,0,,,0,,,,,0,0,Morelia,Villas del Pedregal,mayo,sábado,0,-101.304657049477,19.687594880916
45486,45492,2023,,2023/05/28,"00:00:00",COLISIÓN CONTRA OBJETO FIJO,ASFALTO,Bueno,Bueno,1,CHRYSLER,BLANCO,1,MINISTERIO PÚBLICO,52,MASCULINO,SIN DATOS,0,0,Morelia,Real San Diego,mayo,domingo,0,-101.2202755,19.6650565
45487,45493,2023,LEG48619,2023/05/28,"01:00:00",COLISIÓN POR CAMBIO DE CARRIL,ASFALTO,Bueno,Bueno,2,MITSUBISHI,GRIS,2,,29,MASCULINO,SIN DATOS,0,0,Morelia,El Lago 2,mayo,domingo,1,-101.214489899576,19.7265724621697
45488,45494,2023,,2023/05/28,"01:40:00",COLISIÓN POR INVASIÓN DE CARRIL,ASFALTO,Bueno,Bueno,2,FORD EXPLORE,BLANCO,2,,46,MASCULINO,SIN DATOS,0,0,Morelia,Sin datos,mayo,domingo,2,-101.121323369443,19.6880863893447
45489,45495,2023,,2023/05/28,"03:00:00",COLISIÓN POR NO RESPETAR SEMÁFORO,ASFALTO,Bueno,Bueno,2,JAC,AZUL,2,,,FEMENINO,SIN DATOS,0,0,Morelia,Ventura Puente,mayo,domingo,3,-101.179247349501,19.6935658011782
45490,45496,2023,,2023/05/28,"03:30:00",COLISIÓN CONTRA OBJETO FIJO,ASFALTO,Bueno,Bueno,1,TOYOTA,GRIS,0,MINISTERIO PÚBLICO,,,,0,0,Morelia,Vista Bella,mayo,domingo,4,-101.195829771459,19.6790780030483
45491,45497,2023,,2023/05/28,"04:00:00",COLISIÓN POR ALCANCE,ASFALTO,Bueno,Bueno,2,CHEVROLET,NEGRO,2,,30,FEMENINO,SIN DATOS,0,0,Morelia,Indeco Santiaguito,mayo,domingo,4,-101.178538575768,19.7201119965577
45492,45498,2023,MOR 23456781,2023/05/28,"04:52:00",COLISIÓN POR ALCANCE,ASFALTO,Bueno,Bueno,2,VOLKSWAGEN,ROJO,2,MINISTERIO PÚBLICO,,MASCULINO,SIN DATOS,0,0,Morelia,Campestre Los Manantiales,mayo,domingo,5,-101.238361224532,19.6882454900157
45494,45500,2023,,2023/05/28,15:15:00,COLISIÓN POR CORTE DE CIRCULACIÓN,CONCRETO,Lluvioso,Bueno,2,VOLKSWAGEN,BLANCO,2,,40,FEMENINO,SIN DATOS,0,0,Morelia,Felix Ireta,mayo,domingo,15,-101.1919749,19.6869904499991
45496,45502,2023,,2023/05/28,22:33:00,COLISIÓN POR NO RESPETAR SEMÁFORO,ASFALTO,Bueno,Bueno,2,SEAT,ROJO,2,,32,FEMENINO,SIN DATOS,0,0,Morelia,Centro,mayo,domingo,23,-101.19118388321,19.702768457823
45497,45503,2023,,2023/05/29,"04:20:00",COLISIÓN CONTRA OBJETO FIJO,ASFALTO,Bueno,Bueno,1,MRCEDES BENZ,GRIS,0,MINISTERIO PÚBLICO,,,,0,0,Lázaro Cárdenas,Juan Francisco Noyola,mayo,lunes,4,-102.21587754786,17.9718273921023
45498,45504,2023,,2023/05/29,"07:00:00",COLISIÓN CONTRA OBJETO FIJO,ASFALTO,Bueno,Bueno,1,MAZDA,BLANCO,1,,19,FEMENINO,SIN DATOS,0,0,Morelia,Praderas del Indio,mayo,lunes,7,-101.223494028547,19.6450845894654
45499,45505,2023,,2023/05/29,10:20:00,COLISIÓN POR CORTE DE CIRCULACIÓN,ASFALTO,Bueno,Bueno,2,NISSAN,BLANCO,2,,57,MASCULINO,SIN DATOS,0,0,Morelia,Camelinas,mayo,lunes,10,-101.17262119,19.6818144849991
45500,45506,2023,,2023/05/29,11:40:00,COLISIÓN POR CAMBIO DE CARRIL,ASFALTO,Bueno,Bueno,2,FORD,GRIS,2,,,MASCULINO,SIN DATOS,0,0,Morelia,Camelinas,mayo,lunes,12,-101.17262119,19.6818144849991
45503,45509,2023,,2023/05/29,15:02:00,COLISIÓN POR CORTE DE CIRCULACIÓN,ASFALTO,Lluvioso,Bueno,2,INTERNACIONAL,BLANCO,2,,31,MASCULINO,SIN DATOS,0,0,Morelia,Bosques Tres Marias,mayo,lunes,15,-101.102,19.7232
45504,45510,2023,MOR220567861,2023/05/29,15:48:00,COLISIÓN POR ALCANCE,ASFALTO,Bueno,Bueno,2,CHEVROLET,AZUL,2,,,FEMENINO,SIN DATOS,0,0,Morelia,Centro,mayo,lunes,16,-101.18754847,19.7028479949991
45505,45511,2023,,2023/05/29,16:00:00,COLISIÓN POR INVASIÓN DE CARRIL,SIN_DATOS,Bueno,Bueno,2,KIA,BLANCO,2,MINISTERIO PÚBLICO,,MASCULINO,SIN DATOS,0,0,Morelia,Rinconada del Valle,mayo,lunes,16,-101.222201261191,19.6773787628329
45507,45513,2023,MOR 230359205,2023/05/30,"09:50:00",COLISIÓN POR ALCANCE,CONCRETO,Bueno,Bueno,2,CHEVROLET,PLATA,2,,52,MASCULINO,SIN DATOS,0,0,Morelia,Loma Real,mayo,martes,10,-101.198322884738,19.7292045457228
45508,45514,2023,,2023/05/30,10:50:00,COLISIÓN CON PEATÓN,ASFALTO,Bueno,Bueno,4,NISSAN,PLATA,3,MINISTERIO PÚBLICO,55,FEMENINO,SIN DATOS,1,0,Pátzcuaro,Centro,mayo,martes,11,-101.60745665431,19.526177559355
45509,45515,2023,,2023/05/30,15:00:00,COLISIÓN POR CAMBIO DE CARRIL,ASFALTO,Bueno,Bueno,2,AUDI,BLANCO,2,,23,FEMENINO,SIN DATOS,0,0,Morelia,Chapultepec Norte,mayo,martes,15,-101.169523335993,19.6961968497283
45510,45516,2023,,2023/05/30,18:05:00,COLISIÓN POR CAMBIO DE CARRIL,ASFALTO,Bueno,Bueno,2,KENWORTH,AMARILLO,2,,57,MASCULINO,SIN DATOS,0,0,Morelia,Jardines de Torremolinos,mayo,martes,18,-101.22564855963,19.6768438221159
45511,45517,2023,,2023/05/30,19:45:00,COLISIÓN CON PEATÓN,ASFALTO,Bueno,Bueno,1,CRHYSLER,BLANCO Y AZUL,2,MINISTERIO PÚBLICO,43,MASCULINO,SIN DATOS,0,1,Morelia,El Eden,mayo,martes,20,-101.249642595649,19.6460315534411
45512,45518,2023,,2023/05/30,20:00:00,COLISIÓN POR CORTE DE CIRCULACIÓN,ASFALTO,Bueno,Bueno,1,RAM,BLANCO,0,,,,,0,0,Lázaro Cárdenas,Segundo Sector de Fidelac,mayo,martes,20,-102.204432561994,17.9589461656467
45513,45519,2023,LEG48659,2023/05/31,"08:30:00",COLISIÓN POR ALCANCE,CONCRETO,Bueno,Bueno,2,CHEVROLET,GRIS,1,,40,,CON CERTIFICADO,0,0,Morelia,Jose Ma Pino Suarez,mayo,miércoles,9,-101.16367880255,19.7242316387281
45514,45520,2023,,2023/05/31,"09:00:00",COLISIÓN POR ALCANCE,ASFALTO,Bueno,Bueno,2,NISSAN,ROJO,1,,39,FEMENINO,SIN DATOS,0,0,Morelia,Alberto Oviedo Mota,mayo,miércoles,9,-101.202170178294,19.6774603796103
45515,45521,2023,,2023/05/31,10:40:00,COLISIÓN POR CORTE DE CIRCULACIÓN,ASFALTO,Bueno,Bueno,4,JEEP,ROJO,5,MINISTERIO PÚBLICO,,,SIN DATOS,2,0,Morelia,Praderas del Indio,mayo,miércoles,11,-101.223494028547,19.6450845894654
45516,45522,2023,LEG48666,2023/05/31,10:59:00,COLISIÓN CON PEATÓN,SIN_DATOS,Bueno,Bueno,2,SEMOVIENTE,NEGRO,1,MINISTERIO PÚBLICO,21,MASCULINO,SIN DATOS,0,0,Morelia,Jose Ma Pino Suarez,mayo,miércoles,11,-101.164610870182,19.7271175026953
45517,45523,2023,,2023/05/31,12:20:00,COLISIÓN POR ALCANCE,ASFALTO,Bueno,Bueno,2,DODGE,BLANCO Y AZUL,2,,33,MASCULINO,SIN DATOS,0,0,Morelia,Campestre Los Manantiales,mayo,miércoles,12,-101.238161735237,19.6877710286188
45518,45524,2023,,2023/05/31,12:30:00,COLISIÓN POR ALCANCE,ASFALTO,Bueno,Bueno,2,SUZUKI SWIFT,ROJO,2,,30,MASCULINO,SIN DATOS,0,0,Morelia,Dr Miguel Silva,mayo,miércoles,13,-101.188470795751,19.7199081104903