fid,id_accidente,anio_origen,folio_c5i,dia_incidente,hora_ocurrencia,tipo_incidente_vial,superficie_ocurrencia,condiciones_climaticas,condiciones_via,numero_vehiculos_involucrados,marca_vehiculo_ocasiona_siniestro,color_vehiculo_ocasiona_siniestro,numero_personas_involucradas,lugar_remite_presunto_responsable,edad_presunto_responsable,sexo_presunto_responsable,resultados_toxicologia,numero_personas_lesionadas,numero_personas_fallecidas,municipio,colonia,mes,dia_semana,hora_redondeada,lon,lat
45519,45525,2023,,2023/05/31,12:50:00,COLISIÓN POR CAMBIO DE CARRIL,ASFALTO,Bueno,Bueno,2,TOYOTA,BLANCO,2,,18,MASCULINO,SIN DATOS,0,0,Morelia,Centro,mayo,miércoles,13,-101.194239556789,19.7029676156228
45520,45526,2023,,2023/05/31,13:20:00,COLISIÓN POR CORTE DE CIRCULACIÓN,ASFALTO,Bueno,Bueno,2,NISSAN,BLANCO,2,,29,MASCULINO,SIN DATOS,0,0,Morelia,12 de Diciembre,mayo,miércoles,13,-101.15198135376,19.7017340633938
45521,45527,2023,,2023/05/31,14:15:00,COLISIÓN POR CORTE DE CIRCULACIÓN,ASFALTO,Bueno,Bueno,2,FIAT,BLANCO,2,,26,MASCULINO,SIN DATOS,0,0,Morelia,Granjas del Maestro,mayo,miércoles,14,-101.195231303573,19.7175548803402
45522,45528,2023,LEG48668,2023/05/31,15:50:00,COLISIÓN POR CORTE DE CIRCULACIÓN,ASFALTO,Bueno,Bueno,2,ITALIKA,AZUL,2,,,MASCULINO,SIN DATOS,0,0,Morelia,Felix Ireta,mayo,miércoles,16,-101.182757019997,19.686499793449
45523,45529,2023,,2023/05/31,16:25:00,COLISIÓN CON PEATÓN,CONCRETO,Bueno,Bueno,1,Q,BLANCO,2,MINISTERIO PÚBLICO,57,MASCULINO,SIN DATOS,1,0,Morelia,Central de Abastos,mayo,miércoles,16,-101.167819462717,19.7174298955813
45524,45530,2023,,2023/05/31,17:35:00,COLISIÓN POR CORTE DE CIRCULACIÓN,ASFALTO,Bueno,Bueno,2,TOYOTA,ROJO,2,,,MASCULINO,SIN DATOS,0,0,Morelia,Lomas del Tecnologico,mayo,miércoles,18,-101.196183487773,19.7243105399014
45525,45531,2023,,2023/05/31,19:20:00,COLISIÓN CONTRA OBJETO FIJO,CONCRETO,Bueno,Bueno,1,CHEVROLET,ARENA,1,,25,MASCULINO,SIN DATOS,0,0,Morelia,Bosques Tres Marias,mayo,miércoles,19,-101.10525727272,19.729161624804
45526,45532,2023,,2023/05/31,20:00:00,SUBIDA AL CAMELLÓN,ASFALTO,Bueno,Bueno,1,Nissan,Blanco,1,,,,SIN DATOS,0,0,Morelia,Jardines de La Loma,mayo,miércoles,20,-101.225651577115,19.6767074404142
45527,45533,2023,,2023/05/31,20:00:00,COLISIÓN CON PEATÓN,SIN_DATOS,Bueno,Bueno,2,VENTO,NEGRO,2,,23,MASCULINO,SIN DATOS,0,0,Morelia,Felix Ireta,mayo,miércoles,20,-101.188161581081,19.6886537858204
45528,45534,2023,LEG48667,2023/05/31,22:36:00,COLISIÓN CONTRA OBJETO FIJO,ASFALTO,Bueno,Bueno,2,VOLKSWAGEN,ROJO,2,,30,MASCULINO,ALIENTO ETÍLICO,0,0,Morelia,Vasco de Quiroga,mayo,miércoles,23,-101.166925951838,19.7007375558386
45529,45535,2023,,2023/06/01,"07:50:00",COLISIÓN POR ALCANCE,ASFALTO,Bueno,Bueno,3,CHEVROLET,AZUL,3,,34,MASCULINO,SIN DATOS,0,0,Morelia,Barrio Alto,junio,jueves,8,-101.193303130567,19.7237812700854
45530,45536,2023,,2023/06/01,"08:30:00",COLISIÓN POR CORTE DE CIRCULACIÓN,SIN_DATOS,Bueno,Bueno,2,NISSAN,PLATA,2,MINISTERIO PÚBLICO,0,MASCULINO,SIN DATOS,0,0,Cuitzeo,Centro,junio,jueves,9,-101.139938235283,19.9675960365103
45531,45537,2023,LEG48678,2023/06/01,"09:23:00",COLISIÓN POR CAMBIO DE CARRIL,CONCRETO,Bueno,Bueno,2,NISSAN,NEGRO,2,,51,MASCULINO,SIN DATOS,0,0,Morelia,Cuauhtemoc,junio,jueves,9,-101.18231009692,19.699794387444
45532,45538,2023,LEG48679,2023/06/01,10:00:00,COLISIÓN POR ALCANCE,ASFALTO,Bueno,Bueno,4,RENAULT,ROJO,4,,59,FEMENINO,SIN DATOS,0,0,Morelia,Las Americas,junio,jueves,10,-101.159063391387,19.6879724302351
45533,45539,2023,LEG48680,2023/06/01,12:45:00,COLISIÓN POR CAMBIO DE CARRIL,ASFALTO,Bueno,Bueno,2,YAMAHA,BLANCO,2,,22,MASCULINO,SIN DATOS,0,0,Morelia,La Loma,junio,jueves,13,-101.185178719461,19.6810100377409
45534,45540,2023,,2023/06/01,13:20:00,COLISIÓN CONTRA OBJETO FIJO,ASFALTO,Bueno,Bueno,1,MERCEDES BENZ,GRIS,1,,44,FEMENINO,SIN DATOS,0,0,Morelia,Vasco de Quiroga,junio,jueves,13,-101.168861836195,19.7050013146659
45535,45541,2023,MOR 230365606,2023/06/01,17:55:00,COLISIÓN POR CAMBIO DE CARRIL,ASFALTO,Bueno,Regular,3,KENWORTH,BLANCO,2,MINISTERIO PÚBLICO,62,MASCULINO,SIN DATOS,0,1,Morelia,Enrique Arreguin Robles,junio,jueves,18,-101.184263415635,19.7196212177354
45536,45542,2023,LEG48669,2023/06/01,19:30:00,COLISIÓN POR ALCANCE,ASFALTO,Bueno,Bueno,2,HYUNDAI,PLATA,2,,57,MASCULINO,SIN DATOS,0,0,Morelia,Ejidal Ocolusen,junio,jueves,20,-101.153871975839,19.6849756869263
45537,45543,2023,,2023/06/01,19:50:00,COLISIÓN POR CORTE DE CIRCULACIÓN,TERRACERIA,Bueno,Bueno,2,TOYOTA,GRIS,2,MINISTERIO PÚBLICO,20,MASCULINO,SIN DATOS,0,0,Morelia,La Huerta,junio,jueves,20,-101.23652022332,19.6642472826403
45538,45544,2023,,2023/06/01,20:10:00,COLISIÓN CONTRA OBJETO FIJO,CONCRETO,Bueno,Bueno,2,CHRYSLER,GRIS,2,,43,MASCULINO,SIN DATOS,0,0,Morelia,Quinceo,junio,jueves,20,-101.224233023822,19.7253681274671
45539,45545,2023,LEG48681,2023/06/01,20:48:00,COLISIÓN POR ALCANCE,ASFALTO,Bueno,Bueno,2,CHEVROLET,PLATA,2,,52,MASCULINO,SIN DATOS,0,0,Morelia,Mirador del Punhuato,junio,jueves,21,-101.160152703524,19.7049852168857
45540,45546,2023,,2023/06/02,"00:00:00",COLISIÓN POR ALCANCE,ASFALTO,Bueno,Bueno,2,BAJAD,NEGRO,2,,34,MASCULINO,SIN DATOS,0,0,Morelia,Enrique Arreguin Robles,junio,viernes,0,-101.184227541089,19.7196060682687
45541,45547,2023,,2023/06/02,"00:00:00",COLISIÓN POR CORTE DE CIRCULACIÓN,ASFALTO,Bueno,Bueno,2,TOYOTA,HIACE,2,,47,MASCULINO,SIN DATOS,0,0,Morelia,Elias Perez Avalos,junio,viernes,0,-101.165097020566,19.7106215504019
45542,45548,2023,,2023/06/02,10:30:00,COLISIÓN POR ALCANCE,ASFALTO,Bueno,Bueno,3,NISSAN,GRIS,3,,56,FEMENINO,SIN DATOS,0,0,Morelia,Felix Ireta,junio,viernes,11,-101.18509221822,19.6811461000902
45543,45549,2023,,2023/06/02,11:40:00,COLISIÓN POR CORTE DE CIRCULACIÓN,ASFALTO,Bueno,Bueno,2,CHEVROLET,ARENA,2,,,MASCULINO,SIN DATOS,0,0,Morelia,Chapultepec Norte,junio,viernes,12,-101.169570274651,19.6946598933265
45544,45550,2023,,2023/06/02,13:20:00,COLISIÓN POR CORTE DE CIRCULACIÓN,ASFALTO,Bueno,Bueno,2,NISSAN,BLANCO,2,,,MASCULINO,SIN DATOS,0,0,Morelia,Pascual Ortiz de Ayala,junio,viernes,13,-101.150186620653,19.6964351729257
45545,45551,2023,,2023/06/02,13:35:00,COLISIÓN POR ALCANCE,ASFALTO,Bueno,Bueno,3,CHEVROLET,NEGRO,3,MINISTERIO PÚBLICO,40,FEMENINO,SIN DATOS,0,0,Morelia,Bosques de Oriente,junio,viernes,14,-101.155451126397,19.7156049807247
45546,45552,2023,MOR2235431,2023/06/02,13:40:00,COLISIÓN POR ALCANCE,ASFALTO,Bueno,Bueno,3,NISSAN,ROJO/BLANCO,3,MINISTERIO PÚBLICO,,MASCULINO,SIN DATOS,0,0,Morelia,Molino de Parras,junio,viernes,14,-101.205795183778,19.7023874558563
45547,45553,2023,,2023/06/02,13:50:00,COLISIÓN POR CAMBIO DE CARRIL,ASFALTO,Bueno,Bueno,2,FREIGHTLINER,BLANCO,2,,54,MASCULINO,SIN DATOS,0,0,Morelia,Elias Perez Avalos,junio,viernes,14,-101.169281937182,19.7130642050139
45548,45554,2023,,2023/06/02,16:00:00,COLISIÓN POR CORTE DE CIRCULACIÓN,ASFALTO,Bueno,Bueno,2,HONDA,BLANCO,2,,18,FEMENINO,SIN DATOS,0,0,Morelia,Nueva Chapultepec,junio,viernes,16,-101.172557249665,19.6888215972738
45549,45555,2023,,2023/06/02,17:00:00,COLISIÓN POR CAMBIO DE CARRIL,SIN_DATOS,Bueno,Bueno,2,HONDA,BLANCO,2,MINISTERIO PÚBLICO,30,MASCULINO,SIN DATOS,0,0,Morelia,Centro,junio,viernes,17,-101.191554665566,19.7025405450088
45550,45556,2023,,2023/06/02,17:20:00,COLISIÓN POR ALCANCE,ASFALTO,Bueno,Bueno,2,DINA,BLANCO,2,,50,MASCULINO,SIN DATOS,0,0,Morelia,Arcos del Valle,junio,viernes,17,-101.236248649657,19.7076252311704
45551,45557,2023,,2023/06/02,18:00:00,COLISIÓN POR CAMBIO DE CARRIL,ASFALTO,Bueno,Regular,2,TOYOTA,BLANCO,2,,24,MASCULINO,SIN DATOS,0,0,Morelia,Francisco J Mujica,junio,viernes,18,-101.189505457878,19.7220804621313
45552,45558,2023,,2023/06/02,19:00:00,CAIDA DE MOTOCICLETA,ASFALTO,Bueno,Bueno,1,ITALIKA,ROJO,1,,,MASCULINO,SIN DATOS,0,0,Morelia,Sin datos,junio,viernes,19,-101.126778647304,19.7090528534547
45553,45559,2023,,2023/06/02,19:25:00,SALIDA DE SUPERFICIE DE RODAMIENTO,CONCRETO,Bueno,Bueno,1,BUICK ENCLAVE,BLANCO,1,,,FEMENINO,SIN DATOS,0,0,Morelia,Consuelo Alfaro de Vazquez,junio,viernes,19,-101.137898750603,19.728542110552
45554,45560,2023,,2023/06/02,21:00:00,COLISIÓN CON PEATÓN,CONCRETO,Bueno,Bueno,1,BAJAJ,NEGRO/GRIS,1,MINISTERIO PÚBLICO,33,MASCULINO,SIN DATOS,0,0,Morelia,Paseo de Las Lomas,junio,viernes,21,-101.150326766074,19.6971147866642
45555,45561,2023,LEG48675,2023/06/02,21:37:00,COLISIÓN POR ALCANCE,ASFALTO,Bueno,Bueno,2,INTERNACIONAL,BLANCO,2,,31,MASCULINO,ALIENTO ETÍLICO,0,0,Morelia,Irrigacion,junio,viernes,22,-101.225066520274,19.7047244957511
45556,45562,2023,LEG48699,2023/06/02,22:00:00,COLISIÓN POR ALCANCE,ASFALTO,Bueno,Bueno,2,DINA,BLANCO,2,,58,MASCULINO,SIN DATOS,0,0,Morelia,Lomas del Tecnologico,junio,viernes,22,-101.193161644042,19.7233037580078
45557,45563,2023,,2023/06/02,23:00:00,COLISIÓN CONTRA OBJETO FIJO,ASFALTO,Bueno,Bueno,1,KENWORTH,BLANCO,1,,,,SIN DATOS,0,0,Lázaro Cárdenas,Sin datos,junio,viernes,23,-102.228232137859,17.9353917833017
45558,45564,2023,,2023/06/03,"00:00:00",COLISIÓN POR CORTE DE CIRCULACIÓN,CONCRETO,Bueno,Bueno,2,CHEVROLET,AZUL,2,,41,MASCULINO,SIN DATOS,0,0,Morelia,Progreso del Sur,junio,sábado,0,-101.195953153074,19.6581464498753
45559,45565,2023,MOR230369392,2023/06/03,"04:40:00",COLISIÓN CONTRA OBJETO FIJO,ASFALTO,Bueno,Bueno,1,ITALIKA,ROJO/NEGRO,1,MINISTERIO PÚBLICO,,MASCULINO,SIN DATOS,0,0,Morelia,Sin datos,junio,sábado,5,-101.355050727725,19.6783607450225
45560,45566,2023,,2023/06/03,"05:50:00",COLISIÓN CONTRA OBJETO FIJO,ASFALTO,Bueno,Bueno,1,NISSAN,GRIS,1,,24,MASCULINO,SIN DATOS,0,0,Morelia,La Hacienda,junio,sábado,6,-101.317644976079,19.6760365796591
45561,45567,2023,,2023/06/03,"07:30:00",COLISIÓN POR CORTE DE CIRCULACIÓN,ASFALTO,Bueno,Bueno,2,TOYOTA,AZUL,2,,37,MASCULINO,CON CERTIFICADO,0,0,Morelia,Ignacio Zaragoza,junio,sábado,8,-101.205274164677,19.7255391839449
45562,45568,2023,,2023/06/03,"08:05:00",COLISIÓN POR MANIOBRA DE REVERSA,ASFALTO,Bueno,Bueno,2,TOYOTA,BLANCO,3,MINISTERIO PÚBLICO,43,MASCULINO,SIN DATOS,1,0,Peribán,Sin datos,junio,sábado,8,-102.4541150406,19.5597797108656
45563,45569,2023,,2023/06/03,"09:45:00",COLISIÓN POR NO RESPETAR SEMÁFORO,ASFALTO,Bueno,Bueno,2,JEEP,GRANITO,2,,64,MASCULINO,SIN DATOS,0,0,Morelia,La Esperanza,junio,sábado,10,-101.153609454632,19.6991501383672
45564,45570,2023,LEG48706,2023/06/03,"09:50:00",COLISIÓN POR CORTE DE CIRCULACIÓN,ASFALTO,Bueno,Bueno,6,FORD,BLANCO,6,,31,MASCULINO,SIN DATOS,0,0,Morelia,Centro,junio,sábado,10,-101.190898194909,19.7069522904903
45565,45571,2023,LEG48700,2023/06/03,10:27:00,COLISIÓN POR ALCANCE,CONCRETO,Bueno,Bueno,2,CHEVROLET,ROJO,2,,36,MASCULINO,ALIENTO ETÍLICO,0,0,Morelia,Ciudad Jardin,junio,sábado,10,-101.256584823132,19.7044025392843
45566,45572,2023,,2023/06/03,13:00:00,COLISIÓN POR ALCANCE,ASFALTO,Bueno,Bueno,3,CHEVROLET,BLANCO,3,,37,MASCULINO,SIN DATOS,0,0,Morelia,Las Americas,junio,sábado,13,-101.157979778945,19.6878603651037
45567,45573,2023,MOR 230370887,2023/06/03,16:15:00,COLISIÓN POR CORTE DE CIRCULACIÓN,ASFALTO,Bueno,Regular,2,NISSAN,ROJO,2,MINISTERIO PÚBLICO,23,MASCULINO,SIN DATOS,0,0,Morelia,Felix Ireta,junio,sábado,16,-101.190830133855,19.6853920712378
45568,45574,2023,,2023/06/03,18:10:00,COLISIÓN POR CORTE DE CIRCULACIÓN,ASFALTO,Bueno,Bueno,2,NISSAN,PLATA,1,MINISTERIO PÚBLICO,35,MASCULINO,SIN DATOS,0,0,Morelia,Ventura Puente,junio,sábado,18,-101.191906370223,19.693014648637
45569,45575,2023,,2023/06/04,"00:30:00",COLISIÓN CONTRA OBJETO FIJO,ASFALTO,Bueno,Bueno,1,VOLKSWAGEN,ROJO,1,MINISTERIO PÚBLICO,42,MASCULINO,SIN DATOS,0,0,Morelia,Los Manantiales de Morelia,junio,domingo,1,-101.24027363956,19.6927397029886
45570,45576,2023,,2023/06/04,"03:13:00",CAIDA DE MOTOCICLETA,ASFALTO,Bueno,Bueno,1,ITALIKA,NEGRO/VERDE,2,,20,MASCULINO,SIN DATOS,1,0,Huandacareo,Sin datos,junio,domingo,3,-101.251589,19.987711
45571,45577,2023,,2023/06/04,"03:40:00",COLISIÓN CONTRA OBJETO FIJO,ASFALTO,Bueno,Bueno,1,NISSAN,ROJO,1,,39,FEMENINO,CON CERTIFICADO,0,0,Morelia,La Loma,junio,domingo,4,-101.187080740929,19.6786328741058
45572,45578,2023,,2023/06/04,"06:40:00",COLISIÓN CONTRA OBJETO FIJO,ASFALTO,Bueno,Bueno,1,AUDI,GRIS,0,MINISTERIO PÚBLICO,,,,0,0,Angangueo,Sin datos,junio,domingo,7,-100.310828872025,19.6120494574049
45573,45579,2023,LEG48731,2023/06/04,"07:30:00",COLISIÓN CON PEATÓN,ASFALTO,Bueno,Bueno,2,NISSAN,BLANCO,2,,,MASCULINO,SIN DATOS,0,0,Morelia,Union,junio,domingo,8,-101.156572625041,19.7146830467767
45574,45580,2023,LEG48734,2023/06/04,"08:14:00",COLISIÓN CONTRA OBJETO FIJO,ASFALTO,Bueno,Bueno,1,Mercedes benz,Gris,1,MINISTERIO PÚBLICO,33,FEMENINO,SIN DATOS,0,0,Morelia,Fray Antonio de Lisboa,junio,domingo,8,-101.147049441934,19.6941715617192
45575,45581,2023,,2023/06/04,10:18:00,COLISIÓN POR ALCANCE,ASFALTO,Bueno,Bueno,2,Toyota,Gris,2,MINISTERIO PÚBLICO,55,FEMENINO,SIN DATOS,0,0,Morelia,Los Angeles,junio,domingo,10,-101.177507936954,19.739832798811
45576,45582,2023,,2023/06/04,10:45:00,COLISIÓN POR CAMBIO DE CARRIL,ASFALTO,Bueno,Regular,2,SCANIA,CAFE,2,,33,,SIN DATOS,0,0,Morelia,Morelos,junio,domingo,11,-101.185370497406,19.7240220770228
45577,45583,2023,,2023/06/04,11:52:00,COLISIÓN POR CORTE DE CIRCULACIÓN,CONCRETO,Bueno,Bueno,2,BAJAJ,NEGRO,2,,25,MASCULINO,SIN DATOS,0,0,Morelia,Primaveras,junio,domingo,12,-101.225755177438,19.6831409313341
45578,45584,2023,MOR 230370886,2023/06/04,12:55:00,COLISIÓN POR CAMBIO DE CARRIL,ASFALTO,Bueno,Regular,2,NISSAN,NEGRO,2,,18,MASCULINO,SIN DATOS,0,0,Morelia,Vasco de Quiroga,junio,domingo,13,-101.175859384239,19.698114157686
45579,45585,2023,,2023/06/04,15:15:00,COLISIÓN POR CORTE DE CIRCULACIÓN,CONCRETO,Bueno,Bueno,2,CHEVROLET,AZUL,2,MINISTERIO PÚBLICO,41,MASCULINO,SIN DATOS,0,0,Morelia,Nueva Chapultepec,junio,domingo,15,-101.173953327256,19.6896583947977
45580,45586,2023,,2023/06/04,15:48:00,COLISIÓN POR CORTE DE CIRCULACIÓN,ASFALTO,Bueno,Bueno,2,CHEVROLET,NEGRO,2,,39,FEMENINO,SIN DATOS,0,0,Morelia,Real Santa Rita,junio,domingo,16,-101.220761239529,19.6741701513365
45581,45587,2023,,2023/06/04,16:30:00,COLISIÓN POR CORTE DE CIRCULACIÓN,ASFALTO,Bueno,Bueno,2,SUZUKI,CREMA,3,MINISTERIO PÚBLICO,39,MASCULINO,SIN DATOS,1,0,Morelia,Ventura Puente,junio,domingo,17,-101.190705746412,19.6929998123167
45582,45588,2023,MOR22088651,2023/06/04,17:15:00,COLISIÓN CONTRA OBJETO FIJO,ASFALTO,Bueno,Bueno,1,KIA,AZUL,1,,,MASCULINO,SIN DATOS,0,0,Morelia,La Colina,junio,domingo,17,-101.216222606599,19.7119370976691
45583,45589,2023,,2023/06/04,17:30:00,COLISIÓN CONTRA OBJETO FIJO,ASFALTO,Bueno,Bueno,1,Chevrolet,Gris,1,,,,SIN DATOS,0,0,Morelia,Sin datos,junio,domingo,18,-101.124105155468,19.7176763932066
45584,45590,2023,,2023/06/04,17:30:00,COLISIÓN POR CORTE DE CIRCULACIÓN,SIN_DATOS,Bueno,Bueno,0,,,0,,,,,0,0,Morelia,Puerto de Buenavista,junio,domingo,18,-101.131742410362,19.6858052976609
45585,45591,2023,,2023/06/04,18:10:00,COLISIÓN POR ALCANCE,ASFALTO,Bueno,Bueno,2,ITALIKA,AZUL AMARILLO,2,MINISTERIO PÚBLICO,37,FEMENINO,SIN DATOS,0,0,Morelia,Jardines de Sindurio,junio,domingo,18,-101.256547607481,19.6975096746962
45586,45592,2023,,2023/06/04,18:45:00,COLISIÓN POR CAMBIO DE CARRIL,ASFALTO,Bueno,Bueno,2,MAZDA,PLATA,2,,,MASCULINO,SIN DATOS,0,0,Morelia,Dr Miguel Silva,junio,domingo,19,-101.188237443566,19.7212778663806
45587,45593,2023,,2023/06/04,19:30:00,COLISIÓN CONTRA OBJETO FIJO,ASFALTO,Bueno,Bueno,1,Chevrolet,Gris,1,MINISTERIO PÚBLICO,30,MASCULINO,SIN DATOS,0,0,Morelia,Eduardo Ruiz,junio,domingo,20,-101.219248473644,19.7201362987496
45588,45594,2023,,2023/06/04,19:40:00,COLISIÓN CON PEATÓN,ASFALTO,Bueno,Bueno,1,NISSAN,BLANCO,0,MINISTERIO PÚBLICO,,,,0,0,Lázaro Cárdenas,Anibal Ponce,junio,domingo,20,-102.218703255057,18.0228716760409
45589,45595,2023,,2023/06/04,19:50:00,COLISIÓN POR CORTE DE CIRCULACIÓN,ASFALTO,Bueno,Bueno,2,ITALIKA,GRIS,2,,20,MASCULINO,SIN DATOS,0,0,Morelia,Molino de Parras,junio,domingo,20,-101.200972571969,19.6946147534925
45590,45596,2023,,2023/06/04,21:00:00,COLISIÓN POR CORTE DE CIRCULACIÓN,ASFALTO,Bueno,Bueno,2,NISSAN,BLANCO,2,MINISTERIO PÚBLICO,,,SIN DATOS,0,0,Morelia,Jardines de La Aldea,junio,domingo,21,-101.134767942131,19.7348936745591
45591,45597,2023,,2023/06/04,22:30:00,COLISIÓN POR CAMBIO DE CARRIL,ASFALTO,Bueno,Bueno,2,HONDA,NEGRO,2,MINISTERIO PÚBLICO,29,MASCULINO,SIN DATOS,0,0,Morelia,Lomas de Morelia (Dr Ignacio Chavez),junio,domingo,23,-101.175700463355,19.7176498813164
45592,45598,2023,MOR22087651,2023/06/04,23:08:00,COLISIÓN POR ALCANCE,ASFALTO,Bueno,Bueno,2,DODGE,ROJO,2,,,MASCULINO,SIN DATOS,0,0,Morelia,Niño Artillero,junio,domingo,23,-101.256627738476,19.6973871995355
45593,45599,2023,,2023/06/05,"00:30:00",COLISIÓN CONTRA OBJETO FIJO,ASFALTO,Bueno,Bueno,1,DODGE,vino,0,,,,,0,0,Morelia,Lomas de Guayangareo,junio,lunes,1,-101.161283925176,19.7051907001924
45595,45601,2023,,2023/06/05,"07:00:00",COLISIÓN CON PEATÓN,SIN_DATOS,Bueno,Bueno,2,TOYOTA,BLANCO,2,,24,FEMENINO,SIN DATOS,0,0,Morelia,San Pascual,junio,lunes,7,-101.270379408044,19.6970457415879
45596,45602,2023,,2023/06/05,"08:00:00",COLISIÓN POR CORTE DE CIRCULACIÓN,ASFALTO,Bueno,Bueno,2,FORD,GRIS,2,MINISTERIO PÚBLICO,39,MASCULINO,SIN DATOS,0,0,Morelia,Centro,junio,lunes,8,-101.191184702294,19.6965264087824
45597,45603,2023,,2023/06/05,"09:00:00",COLISIÓN POR CORTE DE CIRCULACIÓN,CONCRETO,Bueno,Bueno,2,DODGE,BLANCO,2,,32,MASCULINO,SIN DATOS,0,0,Morelia,Chapultepec Sur,junio,lunes,9,-101.171449125214,19.6920309500482
45598,45604,2023,,2023/06/05,"09:50:00",COLISIÓN CONTRA OBJETO FIJO,ASFALTO,Bueno,Bueno,1,NISSAN,ROJO,1,,59,FEMENINO,SIN DATOS,0,0,Morelia,Montaña Monarca,junio,lunes,10,-101.164185,19.671943
45599,45605,2023,,2023/06/05,10:00:00,COLISIÓN POR ALCANCE,ASFALTO,Bueno,Bueno,2,KENWORTHT,BLANCO,2,,23,MASCULINO,SIN DATOS,0,0,Tarímbaro,Club Erandeni,junio,lunes,10,-101.183801,19.757131
45601,45607,2023,MOR 230376250,2023/06/05,12:30:00,COLISIÓN POR ALCANCE,ASFALTO,Bueno,Bueno,2,VOLKSWAGEN,BLANCO,2,,50,MASCULINO,SIN DATOS,0,0,Morelia,Gertrudis Sanchez,junio,lunes,13,-101.205776745,19.7441101549991
45604,45610,2023,,2023/06/05,15:43:00,COLISIÓN POR CAMBIO DE CARRIL,ASFALTO,Bueno,Bueno,2,Nissan,Blanco/Café/Oro,2,,55,MASCULINO,SIN DATOS,0,0,Morelia,Poblado de Ocolusen,junio,lunes,16,-101.149533838034,19.6946857777011
45607,45613,2023,LEG48760,2023/06/05,18:45:00,COLISIÓN POR CAMBIO DE CARRIL,ASFALTO,Bueno,Bueno,2,INTERNATIONAL,AMARILLO Y GUINDA,2,,45,MASCULINO,SIN DATOS,0,0,Morelia,Gertrudis Sanchez,junio,lunes,19,-101.20782469915,19.7436637922532
45609,45615,2023,,2023/06/05,20:00:00,COLISIÓN POR CORTE DE CIRCULACIÓN,ASFALTO,Bueno,Bueno,2,NISSAN,NEGRO,0,MINISTERIO PÚBLICO,,,,0,0,Lázaro Cárdenas,Sector Pesquero,junio,lunes,20,-102.187506490234,17.9519967024493
45611,45617,2023,,2023/06/06,"08:00:00",COLISIÓN POR ALCANCE,ASFALTO,Bueno,Bueno,2,VOLKSWAGEN Q,AZUL,2,,,MASCULINO,SIN DATOS,0,0,Morelia,Centro,junio,martes,8,-101.18754847,19.7028479949991
45612,45618,2023,,2023/06/06,"09:00:00",COLISIÓN POR ALCANCE,ASFALTO,Bueno,Bueno,2,ITALIKA,NEGRA,2,,30,FEMENINO,SIN DATOS,0,0,Morelia,Francisco J Mujica,junio,martes,9,-101.189190012973,19.7239867530705
45613,45619,2023,,2023/06/06,10:00:00,COLISIÓN POR ALCANCE,CONCRETO,Bueno,Bueno,2,CHEVROLET,BLANCO,2,,22,MASCULINO,SIN DATOS,0,0,Morelia,Centro,junio,martes,10,-101.193947775,19.7005653899991
45614,45620,2023,LEG48780,2023/06/06,10:35:00,COLISIÓN POR CORTE DE CIRCULACIÓN,SIN_DATOS,Bueno,Bueno,2,NISSAN,BLANCO CON NARANJA,2,,0,MASCULINO,SIN DATOS,0,0,Morelia,Centro,junio,martes,11,-101.183389954654,19.7044140305875
45615,45621,2023,,2023/06/06,11:30:00,VOLCADURA,ASFALTO,Bueno,Bueno,1,NISSAN,BLACO Y ROJO,0,,,,,0,0,Charo,Sin datos,junio,martes,12,-101.023818,19.727142
45616,45622,2023,MOR220014356,2023/06/06,12:35:00,COLISIÓN POR ALCANCE,ASFALTO,Bueno,Bueno,2,NISSAN,NEGRO,2,,46,FEMENINO,SIN DATOS,0,0,Morelia,Santillan La Huerta,junio,martes,13,-101.219553885717,19.6760966650679
45617,45623,2023,,2023/06/06,13:00:00,COLISIÓN CONTRA OBJETO FIJO,ASFALTO,Bueno,Bueno,1,CHEVROLET,GRIS,1,,20,MASCULINO,SIN DATOS,0,0,Morelia,Lomas de San Juan,junio,martes,13,-101.183039681886,19.7298664251429
45618,45624,2023,LEG48773,2023/06/06,13:35:00,COLISIÓN POR ALCANCE,CONCRETO,Bueno,Bueno,4,TOYOTA,GRIS,4,,34,MASCULINO,SIN DATOS,0,0,Morelia,Canteras de Morelia,junio,martes,14,-101.1737705,19.7180635
45621,45627,2023,MOR22345671,2023/06/06,15:23:00,COLISIÓN POR CORTE DE CIRCULACIÓN,CONCRETO,Bueno,Bueno,2,NISSAN,GRIS,2,,0,MASCULINO,SIN DATOS,0,0,Morelia,San Rafael,junio,martes,15,-101.152968146101,19.7007687948401
45622,45628,2023,,2023/06/06,16:20:00,COLISIÓN CONTRA OBJETO FIJO,ASFALTO,Bueno,Bueno,1,CHEVROLET,VERDE,1,,20,FEMENINO,SIN DATOS,0,0,Morelia,Ignacio Zaragoza,junio,martes,16,-101.204222336317,19.723849518802
45623,45629,2023,,2023/06/06,18:00:00,COLISIÓN POR CORTE DE CIRCULACIÓN,ASFALTO,Bueno,Bueno,2,ITALIKA,NEGRO  Y ROJO,2,,37,MASCULINO,SIN DATOS,0,0,Morelia,Centro,junio,martes,18,-101.18754847,19.7028479949991
45624,45630,2023,MOR223456781,2023/06/06,18:33:00,COLISIÓN POR NO RESPETAR SEMÁFORO,ASFALTO,Bueno,Bueno,2,DODGE,GUINDA,3,MINISTERIO PÚBLICO,,MASCULINO,SIN DATOS,1,0,Morelia,Poblado de Ocolusen,junio,martes,19,-101.155088675,19.6951327349991
45625,45631,2023,MOR230377713,2023/06/06,19:42:00,COLISIÓN CONTRA OBJETO FIJO,ASFALTO,Bueno,Bueno,1,ACURA,ROJO,1,,46,MASCULINO,SIN DATOS,0,0,Morelia,Clara Cordova Moran,junio,martes,20,-101.179,19.7364