fid,id_accidente,anio_origen,folio_c5i,dia_incidente,hora_ocurrencia,tipo_incidente_vial,superficie_ocurrencia,condiciones_climaticas,condiciones_via,numero_vehiculos_involucrados,marca_vehiculo_ocasiona_siniestro,color_vehiculo_ocasiona_siniestro,numero_personas_involucradas,lugar_remite_presunto_responsable,edad_presunto_responsable,sexo_presunto_responsable,resultados_toxicologia,numero_personas_lesionadas,numero_personas_fallecidas,municipio,colonia,mes,dia_semana,hora_redondeada,lon,lat
45626,45632,2023,,2023/06/06,19:50:00,COLISIÓN POR CORTE DE CIRCULACIÓN,CONCRETO,Bueno,Bueno,2,VENTO,NEGRO,2,,31,MASCULINO,SIN DATOS,0,0,Morelia,Defensores De Puebla,junio,martes,20,-101.23685602,19.7129926699991
45627,45633,2023,,2023/06/06,21:40:00,COLISIÓN CON PEATÓN,SIN_DATOS,Bueno,Bueno,2,BENNOTO,MORADO,2,,20,MASCULINO,SIN DATOS,0,0,Morelia,Gertrudis Sanchez,junio,martes,22,-101.205776745,19.7441101549991
45629,45635,2023,,2023/06/07,"08:30:00",COLISIÓN POR CORTE DE CIRCULACIÓN,ASFALTO,Bueno,Bueno,3,CHEVROLET,BLANCO,3,,34,MASCULINO,SIN DATOS,0,0,Morelia,La Hacienda,junio,miércoles,9,-101.317059919238,19.6794950340773
45630,45636,2023,,2023/06/07,10:15:00,COLISIÓN POR CAMBIO DE CARRIL,ASFALTO,Bueno,Bueno,2,FREIGHTLINE,BLANCO,2,MINISTERIO PÚBLICO,24,MASCULINO,SIN DATOS,0,0,Morelia,Los Manantiales de Morelia,junio,miércoles,10,-101.240313202143,19.6928296680346
45631,45637,2023,,2023/06/07,11:58:00,COLISIÓN POR ALCANCE,ASFALTO,Bueno,Bueno,3,INTERNATIONAL,AMARILLO Y GUINDA,3,,,MASCULINO,SIN DATOS,0,0,Morelia,Vasco de Quiroga,junio,miércoles,12,-101.175753772259,19.7004440000064
45632,45638,2023,,2023/06/07,12:20:00,COLISIÓN POR CORTE DE CIRCULACIÓN,ASFALTO,Bueno,Bueno,2,Toyota,Gris,2,,67,MASCULINO,SIN DATOS,0,0,Morelia,Buenavista,junio,miércoles,12,-101.167789958417,19.7074468958531
45633,45639,2023,,2023/06/07,14:20:00,COLISIÓN POR ALCANCE,ASFALTO,Bueno,Bueno,2,NISSAN,BLANCO,2,,39,,SIN DATOS,0,0,Morelia,San Jose Itzicuaro,junio,miércoles,14,-101.300371214747,19.6873132967305
45634,45640,2023,LEG48791,2023/06/07,15:36:00,COLISIÓN POR ALCANCE,ASFALTO,Bueno,Bueno,2,NISSAN,BLANCO,2,,19,MASCULINO,SIN DATOS,0,0,Morelia,Jardines del Rincon,junio,miércoles,16,-101.153378784657,19.6872375340848
45635,45641,2023,,2023/06/07,16:30:00,COLISIÓN POR CORTE DE CIRCULACIÓN,CONCRETO,Bueno,Bueno,2,FORD,BLANCO,2,MINISTERIO PÚBLICO,0,MASCULINO,SIN DATOS,0,0,Morelia,Adolfo Lopez Mateos,junio,miércoles,17,-101.225530542433,19.6948827513413
45636,45642,2023,,2023/06/07,18:30:00,COLISIÓN POR CORTE DE CIRCULACIÓN,ASFALTO,Bueno,Bueno,2,Ford,Rojo,2,MINISTERIO PÚBLICO,50,MASCULINO,SIN DATOS,0,0,Morelia,Nueva Valladolid,junio,miércoles,19,-101.2115515396,19.6999165451097
45637,45643,2023,MOR 230383162,2023/06/07,21:55:00,COLISIÓN POR CORTE DE CIRCULACIÓN,ASFALTO,Bueno,Regular,2,VELOCI,NEGRO,2,,13,MASCULINO,SIN DATOS,0,0,Morelia,El Porvenir,junio,miércoles,22,-101.204395405948,19.7084272641835
45638,45644,2023,,2023/06/08,"00:00:00",COLISIÓN POR CAMBIO DE CARRIL,CONCRETO,Bueno,Regular,1,VOLKSWAGEN,BLANCO,1,,,,SIN DATOS,0,0,Morelia,El Porvenir,junio,jueves,0,-101.204407811165,19.7084553557825
45640,45646,2023,,2023/06/08,13:50:00,COLISIÓN POR CORTE DE CIRCULACIÓN,ASFALTO,Bueno,Bueno,2,FORD,GRIS,6,MINISTERIO PÚBLICO,0,MASCULINO,SIN DATOS,4,0,Morelia,Ventura Puente,junio,jueves,14,-101.187182954235,19.6926426896116
45641,45647,2023,,2023/06/08,14:00:00,COLISIÓN POR CORTE DE CIRCULACIÓN,ASFALTO,Bueno,Bueno,2,NISSAN,BLANCO Y MORADO,3,,34,MASCULINO,SIN DATOS,1,0,Morelia,Morelos,junio,jueves,14,-101.18131852377,19.7261651713381
45642,45648,2023,,2023/06/08,16:00:00,COLISIÓN POR INVASIÓN DE CARRIL,ASFALTO,Bueno,Bueno,2,VOLKSWAGEN,BLANCO,2,MINISTERIO PÚBLICO,0,MASCULINO,SIN DATOS,0,0,Morelia,Felix Ireta,junio,jueves,16,-101.190105135,19.6853188699992
45643,45649,2023,,2023/06/09,"08:00:00",COLISIÓN POR ALCANCE,ASFALTO,Bueno,Bueno,2,CHEVROLET,PLATA,2,MINISTERIO PÚBLICO,62,MASCULINO,SIN DATOS,0,0,Morelia,Dr Miguel Silva,junio,viernes,8,-101.188297793269,19.7211374196002
45644,45650,2023,MOR 230386220,2023/06/09,"08:30:00",COLISIÓN POR CAMBIO DE CARRIL,ASFALTO,Bueno,Regular,2,VENTO,NEGRO/ROJO,2,MINISTERIO PÚBLICO,18,MASCULINO,SIN DATOS,0,0,Morelia,Primo Tapia Oriente,junio,viernes,9,-101.158600375056,19.7171272174395
45645,45651,2023,,2023/06/09,"09:10:00",COLISIÓN POR CAMBIO DE CARRIL,ASFALTO,Bueno,Bueno,2,HINO,BLANCO,2,,36,MASCULINO,SIN DATOS,0,0,Morelia,Enrique Arreguin Robles,junio,viernes,9,-101.188148930669,19.7214416682002
45646,45652,2023,,2023/06/09,10:20:00,COLISIÓN POR CAMBIO DE CARRIL,ASFALTO,Bueno,Bueno,2,NISSAN,BLANCO,2,,35,,SIN DATOS,0,0,Morelia,Dr Miguel Silva,junio,viernes,10,-101.188298463821,19.7211348947131
45647,45653,2023,MOR 230386001,2023/06/09,13:00:00,COLISIÓN POR CORTE DE CIRCULACIÓN,ASFALTO,Bueno,Regular,2,ITALIKA,NEGRO/ROJO,2,MINISTERIO PÚBLICO,28,MASCULINO,SIN DATOS,1,0,Morelia,Fracc Valle de Mil Cumbres,junio,viernes,13,-101.111409254372,19.6887761401189
45648,45654,2023,,2023/06/09,15:50:00,COLISIÓN POR ALCANCE,ASFALTO,Bueno,Bueno,2,VOLKSWAGEN,BLANCA,2,,61,MASCULINO,SIN DATOS,0,0,Morelia,Lomas de Morelia (Dr Ignacio Chavez),junio,viernes,16,-101.175017505884,19.7171234300139
45649,45655,2023,,2023/06/09,17:22:00,COLISIÓN POR CAMBIO DE CARRIL,ASFALTO,Bueno,Bueno,2,CHEVROLET,BLANCO,2,,31,MASCULINO,SIN DATOS,0,0,Morelia,Nueva Valladolid,junio,viernes,17,-101.211682967842,19.7018877844692
45650,45656,2023,,2023/06/09,17:40:00,COLISIÓN POR CORTE DE CIRCULACIÓN,ASFALTO,Bueno,Bueno,2,VOLKSWAGEN,NEGRO,2,,36,FEMENINO,SIN DATOS,0,0,Morelia,La Quemada,junio,viernes,18,-101.240203902125,19.7010652013895
45651,45657,2023,,2023/06/09,17:55:00,COLISIÓN POR ALCANCE,CONCRETO,Bueno,Bueno,2,NISSAN,ROJO,2,,25,MASCULINO,SIN DATOS,0,0,Morelia,Elias Perez Avalos,junio,viernes,18,-101.167097613215,19.7113948460519
45652,45658,2023,,2023/06/09,18:20:00,COLISIÓN POR ALCANCE,ASFALTO,Bueno,Bueno,2,VOLKSWAGEN,ROJO,2,,29,FEMENINO,SIN DATOS,0,0,Morelia,Nueva Chapultepec,junio,viernes,18,-101.175576746464,19.6907812934585
45653,45659,2023,,2023/06/09,19:20:00,COLISIÓN CONTRA OBJETO FIJO,ASFALTO,Bueno,Regular,1,VOLKSWAGEN,BLANCO,1,,22,FEMENINO,SIN DATOS,0,0,Morelia,Francisco J Mujica,junio,viernes,19,-101.190497875214,19.7224875972474
45654,45660,2023,,2023/06/09,19:35:00,COLISIÓN POR ALCANCE,ASFALTO,Bueno,Bueno,2,TOYOTA,BLANCO,2,,,MASCULINO,SIN DATOS,0,0,Morelia,Felix Ireta,junio,viernes,20,-101.192051544785,19.6823804423405
45655,45661,2023,MOR22345678,2023/06/09,20:50:00,COLISIÓN CONTRA OBJETO FIJO,ASFALTO,Bueno,Bueno,1,VOLKSWAGEN,BLANCO,1,,0,MASCULINO,SIN DATOS,0,0,Morelia,Vistas de Altozano,junio,viernes,21,-101.167,19.6551
45656,45662,2023,,2023/06/10,"00:20:00",COLISIÓN POR CORTE DE CIRCULACIÓN,ASFALTO,Bueno,Bueno,2,FORD,BLANCO,3,MINISTERIO PÚBLICO,51,MASCULINO,SIN DATOS,1,0,Peribán,Sin datos,junio,sábado,0,-102.447019256651,19.5548950702726
45657,45663,2023,,2023/06/10,"04:00:00",COLISIÓN CONTRA OBJETO FIJO,ASFALTO,Bueno,Bueno,1,FORD,ROJO,1,,,,SIN DATOS,0,0,Morelia,Felix Arreguin,junio,sábado,4,-101.224368810654,19.7200911661045
45658,45664,2023,LEG48817,2023/06/10,"07:30:00",CAIDA DE MOTOCICLETA,ASFALTO,Bueno,Bueno,1,ITALIKA,VERDE,1,,30,MASCULINO,SIN DATOS,0,0,Morelia,Francisco J Mujica,junio,sábado,8,-101.191079244018,19.7228164606693
45659,45665,2023,,2023/06/10,"09:25:00",COLISIÓN POR CORTE DE CIRCULACIÓN,ADOQUIN_EMPEDRADO,Bueno,Bueno,2,CHEVROLET,COBRE,2,MINISTERIO PÚBLICO,,FEMENINO,SIN DATOS,0,0,Cuitzeo,Centro,junio,sábado,9,-101.140718758106,19.9680201892163
45660,45666,2023,,2023/06/10,11:30:00,COLISIÓN POR CORTE DE CIRCULACIÓN,ASFALTO,Bueno,Bueno,2,NISSAN,PLATA,2,,75,MASCULINO,SIN DATOS,0,0,Morelia,Nueva Chapultepec,junio,sábado,12,-101.164387911558,19.6884064845814
45661,45667,2023,,2023/06/10,13:30:00,COLISIÓN POR CORTE DE CIRCULACIÓN,ASFALTO,Bueno,Bueno,2,TOYOTA,GRIS,2,,0,MASCULINO,SIN DATOS,0,0,Morelia,Chapultepec Oriente,junio,sábado,14,-101.159500926733,19.6912134461707
45662,45668,2023,,2023/06/10,13:39:00,COLISIÓN POR MANIOBRA DE REVERSA,ASFALTO,Bueno,Bueno,2,KENWORTH,BLANCO,1,,30,MASCULINO,SIN DATOS,0,0,Morelia,Americas Britania,junio,sábado,14,-101.147288158536,19.6917819666984
45663,45669,2023,,2023/06/10,17:26:00,COLISIÓN POR ALCANCE,ASFALTO,Bueno,Bueno,2,VOLKSWAGEN,BLANCO,2,,49,MASCULINO,SIN DATOS,0,0,Morelia,Jardines del Rincon,junio,sábado,17,-101.150109507143,19.6908456902843
45664,45670,2023,,2023/06/10,17:33:00,COLISIÓN POR CAMBIO DE CARRIL,ASFALTO,Bueno,Bueno,2,PETERBILT,BLANCO,2,,59,MASCULINO,SIN DATOS,0,0,Morelia,Morelos,junio,sábado,18,-101.185374185443,19.7240280735212
45665,45671,2023,,2023/06/10,17:40:00,COLISIÓN POR CORTE DE CIRCULACIÓN,ASFALTO,Bueno,Bueno,2,NISSAN,GRIS/BLANCO/ROJO,2,,21,MASCULINO,SIN DATOS,0,0,Peribán,Sin datos,junio,sábado,18,-102.449197880924,19.5571445318301
45666,45672,2023,,2023/06/10,18:35:00,COLISIÓN CON PEATÓN,CONCRETO,Bueno,Bueno,1,ITALIKA,NEGRO/NARANJA,3,MINISTERIO PÚBLICO,24,MASCULINO,SIN DATOS,2,0,Morelia,Centro,junio,sábado,19,-101.188883855939,19.7020579191217
45667,45673,2023,,2023/06/10,19:40:00,COLISIÓN POR CORTE DE CIRCULACIÓN,ASFALTO,Bueno,Bueno,2,HYUNDAI,ROJO,2,MINISTERIO PÚBLICO,32,MASCULINO,SIN DATOS,0,0,Morelia,El Lago 1,junio,sábado,20,-101.21136277914,19.7266037065812
45668,45674,2023,,2023/06/10,19:42:00,COLISIÓN POR CORTE DE CIRCULACIÓN,ASFALTO,Bueno,Bueno,2,CUPRA,BLANCO,2,,66,MASCULINO,SIN DATOS,0,0,Morelia,Lomas de Santa Maria,junio,sábado,20,-101.182448901236,19.6753246749389
45669,45675,2023,,2023/06/10,20:00:00,COLISIÓN POR MANIOBRA DE REVERSA,ASFALTO,Bueno,Bueno,2,VOLKSWAGEN,AZUL,2,,,FEMENINO,SIN DATOS,0,0,Morelia,Lazaro Cardenas,junio,sábado,20,-101.162491589785,19.7082255726709
45670,45676,2023,LEG48825,2023/06/10,20:30:00,COLISIÓN POR ALCANCE,ASFALTO,Bueno,Bueno,2,ITALIKA,ROJO,2,,35,MASCULINO,SIN DATOS,0,0,Morelia,Centro,junio,sábado,21,-101.206058375537,19.7023846150253
45671,45677,2023,MOR2245678,2023/06/10,20:40:00,COLISIÓN CONTRA OBJETO FIJO,ASFALTO,Bueno,Bueno,2,VOLKSWAGEN,PLATA,1,,,MASCULINO,SIN DATOS,0,0,Morelia,Vicente Lombardo Toledano (Ejidal Isacc Arriaga) (Etnias de Mexico),junio,sábado,21,-101.14596247673,19.7196638256028
45672,45678,2023,,2023/06/10,23:14:00,COLISIÓN POR NO RESPETAR SEMÁFORO,ASFALTO,Bueno,Bueno,2,BUICK,PLATA,2,,39,MASCULINO,SIN DATOS,0,0,Morelia,Ferrocarrilero,junio,sábado,23,-101.212777644396,19.7018540100361
45673,45679,2023,,2023/06/11,"00:00:00",COLISIÓN POR ALCANCE,CONCRETO,Bueno,Bueno,3,FORD,PLATA METÁLICO,3,,54,MASCULINO,SIN DATOS,0,0,Morelia,La Esperanza,junio,domingo,0,-101.15331877023,19.699323116816
45674,45680,2023,MOR22356781,2023/06/11,"01:45:00",COLISIÓN POR ALCANCE,ASFALTO,Bueno,Bueno,2,FORD,GRIS,2,,,MASCULINO,SIN DATOS,0,0,Morelia,Bosques de Oriente,junio,domingo,2,-101.155455484986,19.7156030869939
45675,45681,2023,,2023/06/11,"01:50:00",SALIDA DE SUPERFICIE DE RODAMIENTO,CONCRETO,Bueno,Bueno,1,RENAULT,BLANCO,1,,28,MASCULINO,SIN DATOS,0,0,Morelia,Vasco de Quiroga,junio,domingo,2,-101.16680726409,19.7012031405971
45676,45682,2023,,2023/06/11,"02:25:00",COLISIÓN POR CORTE DE CIRCULACIÓN,ASFALTO,Bueno,Bueno,2,NISSAN,BLANCO,2,,32,MASCULINO,SIN DATOS,0,0,Morelia,Emiliano Zapata,junio,domingo,2,-101.230179816484,19.6549859106598
45677,45683,2023,,2023/06/11,"03:30:00",SUBIDA AL CAMELLÓN,ASFALTO,Bueno,Bueno,1,DODGE,VERDE,1,,69,MASCULINO,SIN DATOS,0,0,Morelia,Solidaridad,junio,domingo,4,-101.207653619349,19.7260624515169
45678,45684,2023,,2023/06/11,"06:00:00",COLISIÓN CONTRA OBJETO FIJO,ASFALTO,Bueno,Bueno,2,NISSAN,BLANCO,2,MINISTERIO PÚBLICO,28,MASCULINO,SIN DATOS,0,0,Morelia,Nueva Chapultepec,junio,domingo,6,-101.164892166853,19.687163034115
45679,45685,2023,LEG48839,2023/06/11,10:30:00,COLISIÓN POR ALCANCE,ASFALTO,Bueno,Bueno,2,HONDA,AZUL,2,MINISTERIO PÚBLICO,38,MASCULINO,SIN DATOS,0,0,Morelia,Avicola Benito Juarez,junio,domingo,11,-101.279538832605,19.6913479215028
45680,45686,2023,,2023/06/11,11:23:00,COLISIÓN POR MANIOBRA DE REVERSA,ASFALTO,Bueno,Bueno,2,FORD,PLATA,2,,74,MASCULINO,SIN DATOS,0,0,Morelia,Eduardo Ruiz,junio,domingo,11,-101.221883315,19.7188991549992
45682,45688,2023,LEG48840,2023/06/11,12:20:00,COLISIÓN POR CORTE DE CIRCULACIÓN,ASFALTO,Bueno,Bueno,2,HONDA,PLATA,2,,,MASCULINO,SIN DATOS,0,0,Morelia,Libertad,junio,domingo,12,-101.235485247231,19.6875403386505
45683,45689,2023,LEG48844,2023/06/11,14:42:00,COLISIÓN POR CORTE DE CIRCULACIÓN,ASFALTO,Bueno,Bueno,2,INTERNATIONAL,BLANCO/NARANJA,2,,24,MASCULINO,SIN DATOS,0,0,Morelia,Morelos,junio,domingo,15,-101.18131852377,19.7261651713381
45686,45692,2023,LEG48837,2023/06/11,17:20:00,COLISIÓN POR ALCANCE,ASFALTO,Bueno,Bueno,2,NISSAN,BLANCA,2,,20,MASCULINO,ALIENTO ETÍLICO,0,0,Morelia,Lomas de Hidalgo,junio,domingo,17,-101.160867959682,19.697918934297
45688,45694,2023,,2023/06/11,21:00:00,CAIDA ACUATICA DE VEHÍCULO,ASFALTO,Bueno,Bueno,1,RENAULT,ROJO,1,,54,MASCULINO,SIN DATOS,0,0,Morelia,3 de Agosto,junio,domingo,21,-101.173097714782,19.7323210154441
45689,45695,2023,,2023/06/11,21:03:00,COLISIÓN POR ALCANCE,ASFALTO,Bueno,Regular,2,ITALIKA,VERDE/NEGRO/BCO,3,MINISTERIO PÚBLICO,,,,3,0,Cuitzeo,Sin datos,junio,domingo,21,-101.150314696133,20.0585112686096
45690,45696,2023,,2023/06/11,21:30:00,VOLCADURA,ASFALTO,Bueno,Bueno,1,HONDA,BLANCO,2,,,MASCULINO,SIN DATOS,1,0,Tangancícuaro,Sin datos,junio,domingo,22,-102.202811395253,19.8476898778111
45691,45697,2023,MOR230394027,2023/06/11,22:00:00,COLISIÓN CONTRA OBJETO FIJO,ASFALTO,Bueno,Bueno,1,HOBDA,AZUL,1,,31,MASCULINO,SIN DATOS,0,0,Morelia,Santiaguito,junio,domingo,22,-101.188625693321,19.7180971110669
45692,45698,2023,"230394302",2023/06/11,22:20:00,COLISIÓN POR INVASIÓN DE CARRIL,ASFALTO,Bueno,Regular,3,NISSAN,GRIS,3,MINISTERIO PÚBLICO,43,MASCULINO,SIN DATOS,1,0,Charo,De Santiago,junio,domingo,22,-101.040471763016,19.7405004371477
45693,45699,2023,,2023/06/11,23:00:00,COLISIÓN POR ALCANCE,CONCRETO,Bueno,Bueno,1,BMW,ROJO,0,MINISTERIO PÚBLICO,,,,0,0,Lázaro Cárdenas,Sin datos,junio,domingo,23,-102.228231802583,17.9353917833017
45694,45700,2023,,2023/06/12,"01:04:00",COLISIÓN CONTRA OBJETO FIJO,ASFALTO,Bueno,Bueno,1,VOLKSWAGEN,ROJO,1,MINISTERIO PÚBLICO,0,,SIN DATOS,0,0,Morelia,Dr Miguel Silva,junio,lunes,1,-101.185227946917,19.717204814836
45697,45703,2023,MOR2256781,2023/06/12,"08:21:00",COLISIÓN POR CORTE DE CIRCULACIÓN,ASFALTO,Bueno,Bueno,2,SEAT,NEGRO,2,MINISTERIO PÚBLICO,,MASCULINO,SIN DATOS,0,0,Morelia,Lomas de San Juan,junio,lunes,8,-101.183039681886,19.7298664251429
45699,45705,2023,,2023/06/12,"09:20:00",COLISIÓN POR ALCANCE,ASFALTO,Bueno,Bueno,2,BAJAJ,GRIS,2,MINISTERIO PÚBLICO,51,MASCULINO,SIN DATOS,0,0,Morelia,Santillan La Huerta,junio,lunes,9,-101.219553885717,19.6760966650679
45700,45706,2023,,2023/06/12,10:40:00,COLISIÓN POR CORTE DE CIRCULACIÓN,CONCRETO,Bueno,Bueno,2,NISSAN,ROJO,2,,36,MASCULINO,SIN DATOS,0,0,Morelia,Del Empleado,junio,lunes,11,-101.177525815,19.6901138849991
45701,45707,2023,MOR23000,2023/06/12,10:46:00,COLISIÓN POR ALCANCE,ASFALTO,Bueno,Bueno,2,NISSAN,ROJO,2,,41,MASCULINO,SIN DATOS,0,0,Morelia,Santillan La Huerta,junio,lunes,11,-101.219553885717,19.6760966650679
45702,45708,2023,LEG48859,2023/06/12,17:25:00,COLISIÓN POR CORTE DE CIRCULACIÓN,ASFALTO,Bueno,Bueno,3,YAMAHA,ROJO,3,,30,MASCULINO,CON CERTIFICADO,0,0,Morelia,Del Empleado,junio,lunes,17,-101.18002517,19.6886070099991
45703,45709,2023,,2023/06/12,17:45:00,COLISIÓN POR CAMBIO DE CARRIL,ASFALTO,Bueno,Bueno,2,CHEVROLET,NARANJA,2,MINISTERIO PÚBLICO,29,FEMENINO,SIN DATOS,0,0,Irimbo,Sin datos,junio,lunes,18,-100.45915402472,19.7202426602474
45705,45711,2023,LEG48861,2023/06/12,22:05:00,COLISIÓN CONTRA OBJETO FIJO,TERRACERIA,Bueno,Bueno,2,NISSAN,ROJO,2,,25,MASCULINO,SIN DATOS,0,0,Morelia,El Lago 1,junio,lunes,22,-101.21968331,19.7301807649992
45706,45712,2023,,2023/06/12,23:55:00,COLISIÓN POR ALCANCE,ASFALTO,Bueno,Bueno,2,ITALIKA,BLANCO,2,,35,MASCULINO,SIN DATOS,0,0,Morelia,Lomas de San Juan,junio,lunes,0,-101.183039681886,19.7298664251429
45707,45713,2023,,2023/06/13,14:00:00,COLISIÓN POR CORTE DE CIRCULACIÓN,ASFALTO,Bueno,Bueno,2,VENTO,BLANCO,2,,44,FEMENINO,SIN DATOS,0,0,Morelia,Chapultepec Sur,junio,martes,14,-101.171596915,19.6909445849991
45708,45714,2023,,2023/06/13,14:20:00,COLISIÓN POR ALCANCE,ASFALTO,Bueno,Bueno,2,NISSAN,BLANCO,2,,52,MASCULINO,SIN DATOS,0,0,Peribán,Sin datos,junio,martes,14,-102.45037201792,19.5578209438403
45709,45715,2023,,2023/06/13,18:20:00,SUBIDA AL CAMELLÓN,ASFALTO,Bueno,Bueno,1,NISSAN,BLANCO,1,,30,MASCULINO,SIN DATOS,0,0,Morelia,Sin datos,junio,martes,18,-101.113,19.6983
45710,45716,2023,,2023/06/13,20:42:00,COLISIÓN POR NO RESPETAR SEMÁFORO,ASFALTO,Bueno,Bueno,2,NISSAN,AZUL,2,MINISTERIO PÚBLICO,,FEMENINO,SIN DATOS,0,0,Morelia,Sentimientos de La Nacion,junio,martes,21,-101.23397267,19.6796657999992
45711,45717,2023,,2023/06/13,23:30:00,COLISIÓN CONTRA OBJETO FIJO,ASFALTO,Bueno,Bueno,1,FORD,BLANCO,0,,,,,0,0,Peribán,Sin datos,junio,martes,0,-102.447568774223,19.5554852410314
45712,45718,2023,,2023/06/13,23:45:00,COLISIÓN CONTRA OBJETO FIJO,CONCRETO,Bueno,Bueno,2,VOLKSWAGEN,PLATA,2,,50,FEMENINO,SIN DATOS,0,0,Morelia,Lomas de Hidalgo,junio,martes,0,-101.163480405,19.6959576599991
45713,45719,2023,,2023/06/13,80:00:00,COLISIÓN POR ALCANCE,ASFALTO,Bueno,Bueno,3,FORD,GRIS,3,,,MASCULINO,SIN DATOS,0,0,Morelia,Felix Ireta,junio,martes,,-101.194499535,19.6818799749991
45714,45720,2023,,2023/06/14,"07:30:00",COLISIÓN POR CAMBIO DE CARRIL,ASFALTO,Bueno,Bueno,2,NISSAN,GRIS,2,,57,MASCULINO,SIN DATOS,0,0,Morelia,Del Empleado,junio,miércoles,8,-101.18002517,19.6886070099991
45716,45722,2023,,2023/06/14,"08:52:00",COLISIÓN POR INVASIÓN DE CARRIL,ASFALTO,Bueno,Bueno,3,NISSAN,BLANCO,3,MINISTERIO PÚBLICO,38,MASCULINO,SIN DATOS,0,0,Morelia,Sentimientos de La Nacion,junio,miércoles,9,-101.232153785,19.6853844899992
45717,45723,2023,,2023/06/14,"09:35:00",COLISIÓN POR ALCANCE,ASFALTO,Bueno,Bueno,2,NISSAN,PLATA,2,,23,MASCULINO,SIN DATOS,0,0,Morelia,Gertrudis Sanchez,junio,miércoles,10,-101.205776745,19.7441101549991
45718,45724,2023,,2023/06/14,14:15:00,COLISIÓN CON PEATÓN,SIN_DATOS,Bueno,Bueno,0,,,0,,,,,0,0,Morelia,Florida,junio,miércoles,14,-101.2298886,19.6767504
45719,45725,2023,,2023/06/14,16:14:00,COLISIÓN POR CAMBIO DE CARRIL,ASFALTO,Bueno,Bueno,2,KENWORTH,BLANCO,2,,53,MASCULINO,SIN DATOS,0,0,Morelia,Central de Abastos,junio,miércoles,16,-101.169164089063,19.7171265444097
45720,45726,2023,,2023/06/14,19:15:00,COLISIÓN POR NO RESPETAR SEMÁFORO,ASFALTO,Bueno,Bueno,2,CHEVROLET,AZUL,2,MINISTERIO PÚBLICO,55,MASCULINO,SIN DATOS,0,0,Morelia,Camelinas,junio,miércoles,19,-101.17262119,19.6818144849991
45721,45727,2023,,2023/06/14,19:20:00,COLISIÓN POR ALCANCE,ASFALTO,Bueno,Bueno,2,AUDI,BLANCO,2,,,MASCULINO,SIN DATOS,0,0,Morelia,Centro,junio,miércoles,19,-101.18754847,19.7028479949991
45722,45728,2023,MOR22307891,2023/06/14,21:15:00,COLISIÓN CONTRA OBJETO FIJO,ASFALTO,Bueno,Bueno,1,BMW,GRIS,1,,,MASCULINO,SIN DATOS,0,0,Morelia,Camelinas,junio,miércoles,21,-101.17262119,19.6818144849991
45727,45733,2023,MOR230403160,2023/06/15,"09:20:00",COLISIÓN POR ALCANCE,ASFALTO,Bueno,Bueno,2,HONDA,GRIS,2,,35,FEMENINO,SIN DATOS,0,0,Morelia,Fuentes de Morelia,junio,jueves,9,-101.203908950441,19.6711852824231
45728,45734,2023,,2023/06/15,10:55:00,COLISIÓN POR CAMBIO DE CARRIL,ASFALTO,Bueno,Bueno,2,FORD,ROJO,2,,57,FEMENINO,SIN DATOS,0,0,Morelia,Montaña Monarca,junio,jueves,11,-101.165679419395,19.6714150238958
45729,45735,2023,,2023/06/15,12:46:00,COLISIÓN POR ALCANCE,ASFALTO,Bueno,Bueno,2,NISSAN,GRIS,2,,21,MASCULINO,SIN DATOS,0,0,Morelia,Chapultepec Sur,junio,jueves,13,-101.17196611,19.6914401899992
45730,45736,2023,,2023/06/15,13:00:00,COLISIÓN POR CORTE DE CIRCULACIÓN,ASFALTO,Bueno,Bueno,2,NISSAN,BLANCO,2,,25,MASCULINO,SIN DATOS,0,0,Morelia,Santillan La Huerta,junio,jueves,13,-101.219553885717,19.6760966650679
45731,45737,2023,,2023/06/15,16:00:00,COLISIÓN POR CORTE DE CIRCULACIÓN,SIN_DATOS,Bueno,Bueno,0,,,0,,,,,0,0,Morelia,Quinceo,junio,jueves,16,-101.224234029651,19.7253684430697
45733,45739,2023,,2023/06/15,18:50:00,COLISIÓN CONTRA OBJETO FIJO,TERRACERIA,Bueno,Regular,1,DAMFER CHRYSLER,BLANO/AZUL,1,MINISTERIO PÚBLICO,32,MASCULINO,SIN DATOS,0,0,Cuitzeo,La Noria,junio,jueves,19,-101.068322584033,19.9677882603892
45734,45740,2023,,2023/06/15,19:50:00,CAIDA DE MOTOCICLETA,ASFALTO,Bueno,Bueno,1,KEEWAY,NEGRO,2,,47,MASCULINO,SIN DATOS,1,0,Morelia,Felix Ireta,junio,jueves,20,-101.184641237282,19.6886730828408
45735,45741,2023,,2023/06/15,22:30:00,SALIDA DE SUPERFICIE DE RODAMIENTO,ASFALTO,Bueno,Bueno,1,NISSAN,BLANCO,2,MINISTERIO PÚBLICO,23,MASCULINO,SIN DATOS,0,1,Hidalgo,Sin datos,junio,jueves,23,-100.60714289546,19.6267529985678
45737,45743,2023,MOR230405609,2023/06/16,"06:05:00",COLISIÓN CONTRA OBJETO FIJO,ASFALTO,Bueno,Bueno,1,BMW,ROJO,1,,35,,SIN DATOS,0,0,Morelia,Vistas de Altozano,junio,viernes,6,-101.167,19.6551
45738,45744,2023,LEG48905,2023/06/16,11:00:00,COLISIÓN POR CORTE DE CIRCULACIÓN,ASFALTO,Bueno,Bueno,2,GENERAL MOTORS,BLANCO,2,,23,MASCULINO,CON CERTIFICADO,0,0,Morelia,Campestre Los Manantiales,junio,viernes,11,-101.238239519298,19.6879569620949