fid,id_accidente,anio_origen,folio_c5i,dia_incidente,hora_ocurrencia,tipo_incidente_vial,superficie_ocurrencia,condiciones_climaticas,condiciones_via,numero_vehiculos_involucrados,marca_vehiculo_ocasiona_siniestro,color_vehiculo_ocasiona_siniestro,numero_personas_involucradas,lugar_remite_presunto_responsable,edad_presunto_responsable,sexo_presunto_responsable,resultados_toxicologia,numero_personas_lesionadas,numero_personas_fallecidas,municipio,colonia,mes,dia_semana,hora_redondeada,lon,lat
45739,45745,2023,,2023/06/16,11:55:00,COLISIÓN POR CORTE DE CIRCULACIÓN,ASFALTO,Bueno,Regular,2,CHEVROLET,BLANCO ROJO,2,,68,MASCULINO,SIN DATOS,0,0,Morelia,Diego Rivera,junio,viernes,12,-101.177716478705,19.719488975467
45740,45746,2023,MOR23067891,2023/06/16,12:15:00,COLISIÓN POR CORTE DE CIRCULACIÓN,ASFALTO,Bueno,Bueno,2,S/D,S/D,1,MINISTERIO PÚBLICO,,MASCULINO,SIN DATOS,0,0,Morelia,Sin datos,junio,viernes,12,-101.11615798635,19.7367866670624
45741,45747,2023,,2023/06/16,13:00:00,COLISIÓN POR CORTE DE CIRCULACIÓN,ASFALTO,Bueno,Bueno,2,FORD,AZUL,2,,23,MASCULINO,SIN DATOS,0,0,Morelia,Morelos,junio,viernes,13,-101.209211647511,19.6981675035948
45742,45748,2023,,2023/06/16,14:45:00,COLISIÓN POR CORTE DE CIRCULACIÓN,CONCRETO,Bueno,Bueno,2,CHEVROLET,AZUL,2,,37,MASCULINO,SIN DATOS,0,0,Morelia,Alberto Oviedo Mota,junio,viernes,15,-101.199265681207,19.6850489251854
45743,45749,2023,,2023/06/16,15:20:00,COLISIÓN POR CORTE DE CIRCULACIÓN,ASFALTO,Bueno,Bueno,2,NISSAN,BLANCO,2,,74,MASCULINO,SIN DATOS,0,0,Morelia,Independencia,junio,viernes,15,-101.177888475358,19.7193005537166
45744,45750,2023,,2023/06/16,16:36:00,COLISIÓN POR CORTE DE CIRCULACIÓN,ASFALTO,Bueno,Bueno,2,NISSAN,ROJO,2,,52,,SIN DATOS,0,0,Morelia,Ventura Puente,junio,viernes,17,-101.194417923689,19.6953505627653
45745,45751,2023,,2023/06/16,18:05:00,COLISIÓN POR CORTE DE CIRCULACIÓN,CONCRETO,Bueno,Bueno,2,Multilink,Negro y azul,2,,54,MASCULINO,SIN DATOS,0,0,Morelia,Tres Puentes,junio,viernes,18,-101.214012131095,19.7028189459375
45746,45752,2023,,2023/06/17,"03:25:00",COLISIÓN POR CORTE DE CIRCULACIÓN,CONCRETO,Bueno,Bueno,2,AUDI,ROJO,2,MINISTERIO PÚBLICO,,MASCULINO,SIN DATOS,0,0,Morelia,Chapultepec Norte,junio,sábado,3,-101.171427033842,19.6942167016782
45747,45753,2023,LEG48911,2023/06/17,"03:50:00",COLISIÓN POR CORTE DE CIRCULACIÓN,ASFALTO,Bueno,Bueno,2,MAZDA,GUINDA,2,MINISTERIO PÚBLICO,,MASCULINO,SIN DATOS,0,0,Morelia,Felix Ireta,junio,sábado,4,-101.192011982203,19.6879506485678
45748,45754,2023,LEG48910,2023/06/17,"04:26:00",SALIDA DE SUPERFICIE DE RODAMIENTO,ASFALTO,Bueno,Bueno,1,NISSAN,AZUL,1,,,MASCULINO,SIN DATOS,0,0,Morelia,Alberto Oviedo Mota,junio,sábado,4,-101.20098464191,19.6804518967787
45749,45755,2023,LEG48924,2023/06/17,"08:57:00",COLISIÓN POR CORTE DE CIRCULACIÓN,ASFALTO,Bueno,Bueno,2,VOLKSWAGEN,BLANCO,2,,27,MASCULINO,SIN DATOS,0,0,Morelia,Felix Ireta,junio,sábado,9,-101.190772274896,19.6889476868093
45750,45756,2023,MOR 230408755,2023/06/17,"09:20:00",COLISIÓN POR CORTE DE CIRCULACIÓN,ASFALTO,Bueno,Bueno,2,SEAT,ROJO,2,,38,MASCULINO,SIN DATOS,0,0,Morelia,Americas Britania,junio,sábado,9,-101.149225048721,19.6946510547586
45751,45757,2023,,2023/06/17,11:30:00,COLISIÓN POR CORTE DE CIRCULACIÓN,ASFALTO,Bueno,Bueno,2,S/D,S/D,1,,56,MASCULINO,SIN DATOS,0,0,Morelia,Primo Tapia Oriente,junio,sábado,12,-101.157609634101,19.7156163431093
45752,45758,2023,LEG48908,2023/06/17,12:10:00,COLISIÓN POR ALCANCE,CONCRETO,Bueno,Bueno,2,HONDA,GRIS,2,,28,FEMENINO,CON CERTIFICADO,0,0,Morelia,Alberto Oviedo Mota,junio,sábado,12,-101.196120791137,19.6826175233564
45753,45759,2023,,2023/06/17,12:45:00,COLISIÓN POR CAMBIO DE CARRIL,ASFALTO,Bueno,Bueno,2,NISSAN,BLANCO/VERDE,2,,59,MASCULINO,SIN DATOS,0,0,Morelia,Ana Maria Gallaga (Riviera Norte),junio,sábado,13,-101.222777254879,19.6767983615615
45754,45760,2023,,2023/06/17,13:50:00,COLISIÓN POR CAMBIO DE CARRIL,ASFALTO,Bueno,Bueno,2,MAN,BLANCO,2,,38,MASCULINO,SIN DATOS,0,0,Morelia,San Jose del Cerrito,junio,sábado,14,-101.225384362042,19.6653633597769
45755,45761,2023,LEG48925,2023/06/17,16:41:00,COLISIÓN POR CORTE DE CIRCULACIÓN,ASFALTO,Bueno,Bueno,2,VOLKSWAGEN,BLANCO,2,,67,MASCULINO,SIN DATOS,0,0,Morelia,La Capilla,junio,sábado,17,-101.157297156751,19.6587674995608
45756,45762,2023,,2023/06/17,18:10:00,COLISIÓN POR ALCANCE,ASFALTO,Bueno,Bueno,2,CHEVROLET,BLANCO,2,MINISTERIO PÚBLICO,24,MASCULINO,SIN DATOS,0,0,Morelia,Felix Arreguin,junio,sábado,18,-101.225644536316,19.7226286740573
45757,45763,2023,,2023/06/17,18:20:00,COLISIÓN POR CORTE DE CIRCULACIÓN,ASFALTO,Bueno,Bueno,1,SUZUKY,ARENA,1,,32,MASCULINO,SIN DATOS,0,0,Morelia,La Capilla,junio,sábado,18,-101.157557666302,19.6589433632189
45758,45764,2023,LEG48926,2023/06/17,19:05:00,COLISIÓN POR CORTE DE CIRCULACIÓN,ASFALTO,Bueno,Bueno,2,CHEVROLET,BLANCO,3,MINISTERIO PÚBLICO,43,MASCULINO,SIN DATOS,1,0,Morelia,Loma de Los Piñones,junio,sábado,19,-101.205068305135,19.6740182978729
45759,45765,2023,,2023/06/17,19:17:00,COLISIÓN POR CORTE DE CIRCULACIÓN,ASFALTO,Bueno,Bueno,2,NISSAN,BLANCO,2,MINISTERIO PÚBLICO,47,MASCULINO,SIN DATOS,0,0,Morelia,Felix Ireta,junio,sábado,19,-101.195802949369,19.6823962267066
45760,45766,2023,,2023/06/17,19:55:00,COLISIÓN CON PEATÓN,ASFALTO,Bueno,Regular,1,ITALIKA,ROJO/NEGRO,2,MINISTERIO PÚBLICO,21,MASCULINO,SIN DATOS,1,0,Pátzcuaro,Del Cristo,junio,sábado,20,-101.597092598677,19.5202683630959
45761,45767,2023,,2023/06/17,20:35:00,COLISIÓN POR ALCANCE,ASFALTO,Bueno,Bueno,2,VOLKSWAGEN,GRIS,1,MINISTERIO PÚBLICO,0,MASCULINO,SIN DATOS,0,0,Pátzcuaro,Centro,junio,sábado,21,-101.612545475364,19.5119673154379
45762,45768,2023,,2023/06/17,22:30:00,COLISIÓN POR CAMBIO DE CARRIL,ASFALTO,Bueno,Bueno,2,CHEVROLET,ROJO,2,,31,MASCULINO,SIN DATOS,0,0,Morelia,Prados de La Huerta,junio,sábado,23,-101.223560459912,19.6682689125525
45763,45769,2023,,2023/06/18,"00:00:00",COLISIÓN CON PEATÓN,ASFALTO,Bueno,Bueno,1,NISSAN,BLANCO,0,MINISTERIO PÚBLICO,,,,0,0,Lázaro Cárdenas,Centro,junio,domingo,0,-102.194260619581,17.9526173120641
45764,45770,2023,,2023/06/18,"00:00:00",COLISIÓN POR INVASIÓN DE CARRIL,ASFALTO,Bueno,Bueno,2,NISSAN,BLANCO,10,MINISTERIO PÚBLICO,32,MASCULINO,SIN DATOS,8,0,Pátzcuaro,Sin datos,junio,domingo,0,-101.668711937964,19.5309047607577
45765,45771,2023,,2023/06/18,"00:15:00",SALIDA DE SUPERFICIE DE RODAMIENTO,ASFALTO,Bueno,Bueno,1,NISSAN,AZUL,0,,,,,0,0,Morelia,Campestre del Vergel,junio,domingo,0,-101.242576315999,19.6737849925829
45766,45772,2023,LEG48927,2023/06/18,"01:08:00",SUBIDA AL CAMELLÓN,ASFALTO,Bueno,Bueno,1,NISSAN,VERDE,1,,45,MASCULINO,ALIENTO ETÍLICO,0,0,Morelia,La Quemada,junio,domingo,1,-101.240988112986,19.7057604336332
45767,45773,2023,,2023/06/18,"01:45:00",COLISIÓN CONTRA OBJETO FIJO,ASFALTO,Bueno,Bueno,1,VOLKSWAGEN,AZUL,1,,,MASCULINO,SIN DATOS,0,0,Morelia,Campobello,junio,domingo,2,-101.236875616014,19.667766924692
45768,45774,2023,MOR 230411183,2023/06/18,"01:45:00",COLISIÓN CONTRA OBJETO FIJO,ASFALTO,Bueno,Bueno,2,CHEVROLET,GRIS,1,,47,MASCULINO,SIN DATOS,0,0,Morelia,La Huerta,junio,domingo,2,-101.235411465168,19.6611673745997
45769,45775,2023,,2023/06/18,"02:00:00",COLISIÓN POR NO RESPETAR SEMÁFORO,ASFALTO,Bueno,Bueno,2,MAZDA,BLANCO,2,MINISTERIO PÚBLICO,37,FEMENINO,SIN DATOS,0,0,Morelia,Comision Federal de Electricidad,junio,domingo,2,-101.181306615472,19.6813844456903
45771,45777,2023,,2023/06/18,"08:30:00",COLISIÓN CONTRA OBJETO FIJO,ASFALTO,Bueno,Bueno,2,NISSAN,AZUL,3,,37,MASCULINO,SIN DATOS,1,0,Morelia,Chapultepec Sur,junio,domingo,9,-101.169599585,19.6939714299992
45772,45778,2023,LEG48933,2023/06/18,14:44:00,COLISIÓN CONTRA OBJETO FIJO,ASFALTO,Bueno,Bueno,2,NISSAN,BLANCO Y MORADO,2,,36,MASCULINO,CON CERTIFICADO,0,0,Morelia,Ilustres Novohispanos,junio,domingo,15,-101.15306454,19.7086520799991
45773,45779,2023,LEG48921,2023/06/18,21:40:00,COLISIÓN CONTRA OBJETO FIJO,ASFALTO,Bueno,Bueno,2,VOLKSWAGEN,BLANCO,1,,50,MASCULINO,CON CERTIFICADO,0,0,Morelia,Fovissste La Huerta,junio,domingo,22,-101.212213374674,19.6923072387286
45774,45780,2023,LEG48934,2023/06/18,21:50:00,COLISIÓN POR ALCANCE,SIN_DATOS,Bueno,Bueno,2,VOLKSWAGEN,ROJO,2,,28,MASCULINO,SIN DATOS,0,0,Morelia,Jardines de La Loma,junio,domingo,22,-101.224349364638,19.6767980458632
45775,45781,2023,,2023/06/18,23:20:00,COLISIÓN POR INVASIÓN DE CARRIL,ASFALTO,Bueno,Bueno,2,VENTO,NEGRO,2,MINISTERIO PÚBLICO,39,MASCULINO,SIN DATOS,1,0,Charo,Sin datos,junio,domingo,23,-101.079730689526,19.6867251882529
45777,45783,2023,,2023/06/19,"00:00:00",COLISIÓN POR CAMBIO DE CARRIL,ASFALTO,Bueno,Bueno,2,CHEVROLET,ROJO,2,,50,MASCULINO,SIN DATOS,0,0,Morelia,Prados del Campestre,junio,lunes,0,-101.166126478092,19.681973228378
45778,45784,2023,,2023/06/19,"07:03:00",COLISIÓN CONTRA OBJETO FIJO,ASFALTO,Bueno,Bueno,1,VENTO,ROJO/BLANCO,0,MINISTERIO PÚBLICO,,,,0,0,Pátzcuaro,Morelos,junio,lunes,7,-101.616668701172,19.5419796473555
45779,45785,2023,,2023/06/19,"07:35:00",COLISIÓN POR CORTE DE CIRCULACIÓN,CONCRETO,Bueno,Bueno,2,VOLKSWAGEN,AMARILLO,2,,27,FEMENINO,SIN DATOS,0,0,Morelia,Dr Miguel Silva,junio,lunes,8,-101.18695356,19.7197580999991
45782,45788,2023,,2023/06/19,11:47:00,COLISIÓN POR CAMBIO DE CARRIL,ASFALTO,Bueno,Bueno,2,INTERNATIONAL,Blanco/Azul,2,,61,MASCULINO,SIN DATOS,0,0,Morelia,Lomas de Santiaguito,junio,lunes,12,-101.179519891941,19.7229539949395
45785,45791,2023,,2023/06/19,14:05:00,COLISIÓN POR CAMBIO DE CARRIL,ASFALTO,Bueno,Bueno,2,JEEP,NEGRO,2,,41,FEMENINO,SIN DATOS,0,0,Morelia,Centro,junio,lunes,14,-101.18754847,19.7028479949991
45787,45793,2023,,2023/06/19,16:30:00,SALIDA DE SUPERFICIE DE RODAMIENTO,ASFALTO,Bueno,Bueno,1,MITSUBISHI,GRIS,1,,74,MASCULINO,SIN DATOS,0,0,Morelia,Praderas del Indio,junio,lunes,17,-101.223494028547,19.6450845894654
45788,45794,2023,LEG48946,2023/06/19,20:34:00,COLISIÓN CONTRA OBJETO FIJO,ASFALTO,Bueno,Bueno,1,RAM,BLANCO,1,,37,MASCULINO,SIN DATOS,0,0,Morelia,Arkos San Pedro,junio,lunes,21,-101.279091035422,19.6281849331561
45789,45795,2023,MOR230316388,2023/06/19,20:45:00,COLISIÓN POR CAMBIO DE CARRIL,ASFALTO,Bueno,Bueno,2,NISSAN,NEGRO,2,,35,FEMENINO,ALIENTO ETÍLICO,0,0,Morelia,Pascual Ortiz de Ayala,junio,lunes,21,-101.149821521984,19.69504229591
45790,45796,2023,,2023/06/19,21:17:00,COLISIÓN POR INVASIÓN DE CARRIL,ASFALTO,Bueno,Bueno,2,CHEVROLET,NEGRO,2,,41,MASCULINO,SIN DATOS,0,0,Morelia,La Nueva Aldea,junio,lunes,21,-101.146254805995,19.748783
45791,45797,2023,,2023/06/20,"02:10:00",COLISIÓN CONTRA OBJETO FIJO,ASFALTO,Bueno,Bueno,1,VOLKSWAGEN,ROJO,1,,25,MASCULINO,SIN DATOS,0,0,Morelia,Lomas de San Juan,junio,martes,2,-101.183039681886,19.7298664251429
45792,45798,2023,LEG48954,2023/06/20,11:15:00,COLISIÓN POR CORTE DE CIRCULACIÓN,ASFALTO,Bueno,Bueno,2,HONDA,GRIS,2,,24,MASCULINO,ALIENTO ETÍLICO,0,0,Morelia,Del Empleado,junio,martes,11,-101.18002517,19.6886070099991
45793,45799,2023,,2023/06/20,12:00:00,COLISIÓN POR CAMBIO DE CARRIL,ASFALTO,Bueno,Bueno,2,CHEVROLET,ROJO,2,,53,FEMENINO,SIN DATOS,0,0,Morelia,Centro,junio,martes,12,-101.18875609,19.7086253949991
45794,45800,2023,,2023/06/20,14:12:00,COLISIÓN CONTRA OBJETO FIJO,SIN_DATOS,Bueno,Bueno,1,ISUZU,ROJO,1,MINISTERIO PÚBLICO,37,MASCULINO,SIN DATOS,0,0,Morelia,Villas del Sur,junio,martes,14,-101.196074,19.649021
45795,45801,2023,MOR235,2023/06/20,15:56:00,COLISIÓN CONTRA OBJETO FIJO,ASFALTO,Bueno,Bueno,1,BMW,AZUL,1,,55,MASCULINO,SIN DATOS,0,0,Morelia,Montaña Monarca,junio,martes,16,-101.165131339569,19.6698293896465
45796,45802,2023,,2023/06/20,16:00:00,COLISIÓN POR ALCANCE,CONCRETO,Bueno,Bueno,2,CHEVROLET,NEGRO,2,,49,MASCULINO,SIN DATOS,0,0,Morelia,Ampliacion La Soledad,junio,martes,16,-101.184743095,19.7297316299991
45797,45803,2023,,2023/06/20,16:41:00,COLISIÓN POR CORTE DE CIRCULACIÓN,ASFALTO,Bueno,Bueno,2,NISSAN,BLANCO,2,,32,FEMENINO,SIN DATOS,0,0,Morelia,Pascual Ortiz de Ayala,junio,martes,17,-101.149821521984,19.69504229591
45798,45804,2023,,2023/06/21,"00:00:00",COLISIÓN POR ALCANCE,ASFALTO,Bueno,Regular,2,DODGE,GRIS,3,MINISTERIO PÚBLICO,,,,1,2,Cuitzeo,San Agustin del Pulque,junio,miércoles,0,-101.080346256495,19.9601082614431
45799,45805,2023,,2023/06/21,"07:32:00",COLISIÓN POR ALCANCE,ASFALTO,Bueno,Bueno,2,CHEVROLET,ROJO,2,,47,,SIN DATOS,0,0,Morelia,Mariano Escobedo,junio,miércoles,8,-101.209748685,19.7223888749991
45801,45807,2023,,2023/06/21,"09:40:00",COLISIÓN POR ALCANCE,ASFALTO,Bueno,Bueno,2,NISSAN,BLANCO Y ROJO,2,,51,MASCULINO,SIN DATOS,0,0,Morelia,Camelinas,junio,miércoles,10,-101.17110856,19.6815556899992
45802,45808,2023,,2023/06/21,11:25:00,COLISIÓN CON PEATÓN,ASFALTO,Bueno,Regular,1,BAJAJ,BLANCO Y NEGRO,2,MINISTERIO PÚBLICO,22,MASCULINO,SIN DATOS,1,0,Morelia,Campamento Ferrocarrilero,junio,miércoles,11,-101.203038605,19.7048187049992
45803,45809,2023,,2023/06/21,14:00:00,COLISIÓN POR CAMBIO DE CARRIL,ASFALTO,Lluvioso,Bueno,2,CHEVROLET,GUINDA,2,MINISTERIO PÚBLICO,42,MASCULINO,SIN DATOS,0,0,Morelia,Molino de Parras,junio,miércoles,14,-101.203508896233,19.6977341588019
45804,45810,2023,,2023/06/21,14:10:00,COLISIÓN CONTRA OBJETO FIJO,ASFALTO,Bueno,Bueno,1,HONDA,AZUL,1,,53,MASCULINO,SIN DATOS,0,0,Morelia,Bosques Tres Marias,junio,miércoles,14,-101.102,19.7232
45806,45812,2023,,2023/06/21,17:00:00,SUBIDA AL CAMELLÓN,ASFALTO,Bueno,Regular,1,CHEVROLET,BLANCO,1,,,,SIN DATOS,0,0,Morelia,Carlos Salazar,junio,miércoles,17,-101.2105793,19.7115518249992
45809,45815,2023,,2023/06/22,"08:40:00",COLISIÓN POR NO RESPETAR SEMÁFORO,ASFALTO,Bueno,Bueno,2,VOLKSWAGEN,NEGRO,2,,54,FEMENINO,SIN DATOS,0,0,Morelia,Camelinas,junio,jueves,9,-101.17262119,19.6818144849991
45811,45817,2023,,2023/06/22,16:10:00,COLISIÓN POR CORTE DE CIRCULACIÓN,ASFALTO,Bueno,Bueno,2,NISSAN,BLANCO Y  ROJO,2,,54,MASCULINO,SIN DATOS,0,0,Morelia,Centro,junio,jueves,16,-101.19118388321,19.702768457823
45812,45818,2023,LEG48974,2023/06/22,17:25:00,COLISIÓN POR CORTE DE CIRCULACIÓN,CONCRETO,Bueno,Bueno,2,JAC,GRIS,2,MINISTERIO PÚBLICO,51,FEMENINO,SIN DATOS,0,0,Morelia,Praderas de Morelia,junio,jueves,17,-101.229299594348,19.6730115417616
45813,45819,2023,,2023/06/22,18:30:00,COLISIÓN POR ALCANCE,ASFALTO,Bueno,Bueno,2,DODGE,VERDE,2,,45,MASCULINO,SIN DATOS,0,0,Morelia,Poblado de Ocolusen,junio,jueves,19,-101.150127649172,19.6944699261717
45815,45821,2023,LEG48976,2023/06/23,"05:05:00",COLISIÓN CONTRA OBJETO FIJO,ASFALTO,Bueno,Bueno,1,DODGE,GRIS,1,,,MASCULINO,SIN DATOS,0,0,Morelia,Niño Artillero,junio,viernes,5,-101.25620339,19.6966912149991
45816,45822,2023,,2023/06/23,"08:50:00",COLISIÓN CONTRA OBJETO FIJO,ASFALTO,Bueno,Bueno,1,DODGE,AMARILLO,1,,36,MASCULINO,SIN DATOS,0,0,Morelia,Sentimientos de La Nacion,junio,viernes,9,-101.236870922148,19.6848042713872
45817,45823,2023,,2023/06/23,10:30:00,COLISIÓN CONTRA OBJETO FIJO,ASFALTO,Bueno,Bueno,1,CHEVROLET,BLANCO,1,,32,,SIN DATOS,0,0,Morelia,Lomas del Punhuato,junio,viernes,11,-101.147231161594,19.7005813084466
45818,45824,2023,,2023/06/23,10:35:00,COLISIÓN POR CAMBIO DE CARRIL,ASFALTO,Bueno,Bueno,2,MERCEDES BENZ,BLANCO,2,,25,MASCULINO,SIN DATOS,0,0,Morelia,Jose Ma Pino Suarez,junio,viernes,11,-101.164611876011,19.7271146623036
45819,45825,2023,,2023/06/23,11:10:00,COLISIÓN POR CORTE DE CIRCULACIÓN,CONCRETO,Bueno,Bueno,2,CHEVROLET,BLANCO,2,MINISTERIO PÚBLICO,,MASCULINO,SIN DATOS,0,0,Morelia,Rincon de Los Fresnos,junio,viernes,11,-101.245588101447,19.6887130051601
45820,45826,2023,,2023/06/23,12:40:00,COLISIÓN POR NO RESPETAR SEMÁFORO,ASFALTO,Bueno,Bueno,2,VOLKSWAGEN,GRIS,2,MINISTERIO PÚBLICO,55,MASCULINO,SIN DATOS,0,0,Morelia,Jardines del Toreo,junio,viernes,13,-101.215484663844,19.6854214296056
45821,45827,2023,,2023/06/23,13:00:00,COLISIÓN POR CAMBIO DE CARRIL,ASFALTO,Bueno,Bueno,2,NISSAN,ROJO,2,,25,MASCULINO,SIN DATOS,0,0,Morelia,2 de Octubre,junio,viernes,13,-101.378388293087,19.6719987278358
45822,45828,2023,,2023/06/23,13:39:00,COLISIÓN POR CORTE DE CIRCULACIÓN,ASFALTO,Bueno,Bueno,2,NISSAN,BLANCO/ROJO,2,,61,MASCULINO,SIN DATOS,0,0,Morelia,Bosques Tres Marias,junio,viernes,14,-101.105249896646,19.7292619839932
45823,45829,2023,,2023/06/23,13:54:00,COLISIÓN POR INVASIÓN DE CARRIL,ASFALTO,Bueno,Bueno,3,VOLKSWAGEN,BLANCO,3,,72,,SIN DATOS,0,0,Morelia,Sin datos,junio,viernes,14,-101.114942394197,19.7368067315455
45824,45830,2023,,2023/06/23,14:35:00,COLISIÓN POR CORTE DE CIRCULACIÓN,CONCRETO,Bueno,Bueno,3,BAJAJ,NEGRO,2,,20,FEMENINO,SIN DATOS,0,0,Morelia,Chapultepec Norte,junio,viernes,15,-101.178335398436,19.6934215420767
45825,45831,2023,,2023/06/23,15:35:00,COLISIÓN POR ALCANCE,ASFALTO,Bueno,Bueno,2,CHEVROLET,BLANCO/ROJO,2,,27,MASCULINO,SIN DATOS,0,0,Morelia,Niño Artillero,junio,viernes,16,-101.256270669401,19.6974380204254
45826,45832,2023,,2023/06/23,16:00:00,COLISIÓN POR CORTE DE CIRCULACIÓN,ASFALTO,Bueno,Bueno,2,NISSAN,NEGRO,2,,54,FEMENINO,SIN DATOS,0,0,Morelia,Del Empleado,junio,viernes,16,-101.179858222604,19.6899700175029
45827,45833,2023,,2023/06/23,20:10:00,COLISIÓN POR CAMBIO DE CARRIL,ASFALTO,Bueno,Bueno,2,INTERNACIONAL,BLANCO,2,,24,MASCULINO,SIN DATOS,0,0,Morelia,Felix Ireta,junio,viernes,20,-101.195804961026,19.6823921227716
45828,45834,2023,LEG48991,2023/06/23,22:51:00,CAIDA DE MOTOCICLETA,ASFALTO,Bueno,Regular,1,ITALIKA,AMARILLO,1,,31,MASCULINO,SIN DATOS,0,0,Morelia,Ciudad Industrial,junio,viernes,23,-101.140395887196,19.7268476652616
45829,45835,2023,LEG48992,2023/06/24,"01:20:00",COLISIÓN POR ALCANCE,ASFALTO,Bueno,Bueno,3,CHEVROLET,ROJO,3,,32,MASCULINO,CON CERTIFICADO,0,0,Morelia,Jardines del Rincon,junio,sábado,1,-101.151239052415,19.6893143646317
45830,45836,2023,LEG48993,2023/06/24,"02:10:00",COLISIÓN POR CORTE DE CIRCULACIÓN,ASFALTO,Bueno,Bueno,2,CHEVROLET,NARANJA,2,MINISTERIO PÚBLICO,22,MASCULINO,SIN DATOS,0,0,Morelia,Las Americas,junio,sábado,2,-101.157750397493,19.6913098349318
45831,45837,2023,,2023/06/24,"09:50:00",COLISIÓN POR NO RESPETAR SEMÁFORO,ASFALTO,Bueno,Bueno,2,CHEVROLET,BLANCO,2,MINISTERIO PÚBLICO,40,MASCULINO,SIN DATOS,0,0,Morelia,Union,junio,sábado,10,-101.156868338585,19.714574787837
45832,45838,2023,LEG49006,2023/06/24,12:52:00,COLISIÓN POR MANIOBRA DE REVERSA,ASFALTO,Bueno,Bueno,2,GENERAL MOTORS,BLANCO,2,,35,MASCULINO,SIN DATOS,0,0,Morelia,Campestre Los Manantiales,junio,sábado,13,-101.238361559808,19.6882451743399
45833,45839,2023,,2023/06/24,13:00:00,COLISIÓN POR CORTE DE CIRCULACIÓN,CONCRETO,Bueno,Bueno,2,NISSAN,GRIS,2,MINISTERIO PÚBLICO,,FEMENINO,SIN DATOS,0,0,Morelia,Chapultepec Norte,junio,sábado,13,-101.17728061974,19.6944790182507
45834,45840,2023,,2023/06/24,13:10:00,COLISIÓN POR ALCANCE,ASFALTO,Bueno,Bueno,2,CHRYSLER,BLANCO,2,,48,MASCULINO,SIN DATOS,0,0,Morelia,Lomas de Guayangareo,junio,sábado,13,-101.156105585396,19.7010639387875
45835,45841,2023,,2023/06/24,13:50:00,COLISIÓN POR ALCANCE,ASFALTO,Bueno,Bueno,2,VOLKSWAGEN,NARANJA,2,,45,FEMENINO,SIN DATOS,0,0,Morelia,Los Manantiales de Morelia,junio,sábado,14,-101.240371875465,19.6926822515995
45836,45842,2023,,2023/06/24,15:05:00,COLISIÓN POR CORTE DE CIRCULACIÓN,ASFALTO,Bueno,Bueno,2,TOYOTA,BLANCO/MORADO,2,,42,MASCULINO,SIN DATOS,0,0,Morelia,Ciudad Industrial,junio,sábado,15,-101.145636923611,19.728376422431
45837,45843,2023,,2023/06/24,16:19:00,COLISIÓN POR ALCANCE,CONCRETO,Bueno,Bueno,2,SEAT,GRIS,2,,40,FEMENINO,SIN DATOS,0,0,Morelia,Arboledas de Valladolid,junio,sábado,16,-101.250305101275,19.6965134564946
45838,45844,2023,,2023/06/24,20:25:00,COLISIÓN CONTRA OBJETO FIJO,CONCRETO,Bueno,Bueno,2,FORD,ROJO,1,MINISTERIO PÚBLICO,69,MASCULINO,SIN DATOS,0,0,Morelia,Torreon Nuevo,junio,sábado,20,-101.196666011348,19.7332144182029
45839,45845,2023,,2023/06/24,21:05:00,COLISIÓN POR CORTE DE CIRCULACIÓN,ASFALTO,Bueno,Bueno,2,MG GT,AMARILLO,2,,74,MASCULINO,SIN DATOS,0,0,Morelia,Felicitas del Rio,junio,sábado,21,-101.196985803545,19.6924398191368
45840,45846,2023,,2023/06/25,"00:00:00",COLISIÓN POR ALCANCE,ASFALTO,Bueno,Bueno,2,MITSUBISHI,BLANCO,2,,32,MASCULINO,CON CERTIFICADO,0,0,Morelia,Residencial Alborada,junio,domingo,0,-101.234633289278,19.7024701555816
45841,45847,2023,,2023/06/25,"00:01:00",COLISIÓN POR ALCANCE,ASFALTO,Bueno,Bueno,2,NISSAN,BLANCO,2,,43,MASCULINO,SIN DATOS,0,0,Morelia,Niño Artillero,junio,domingo,0,-101.256635449827,19.6973837273002
45842,45848,2023,,2023/06/25,"02:43:00",COLISIÓN CON PEATÓN,SIN_DATOS,Bueno,Bueno,2,VOLKSWAGEN,ROJO,1,,33,MASCULINO,SIN DATOS,0,0,Morelia,Isaac Arriaga,junio,domingo,3,-101.171323433518,19.7087763571866
45843,45849,2023,LEG49014,2023/06/25,"02:47:00",COLISIÓN CONTRA OBJETO FIJO,ASFALTO,Bueno,Bueno,1,BMW,AZUL,1,,19,MASCULINO,SIN DATOS,0,0,Morelia,Chapultepec Oriente,junio,domingo,3,-101.160375326872,19.6881675180796
45844,45850,2023,,2023/06/25,"03:00:00",COLISIÓN CONTRA OBJETO FIJO,ASFALTO,Bueno,Bueno,1,CHEVROLET,GRIS,1,,,MASCULINO,SIN DATOS,0,0,Morelia,Alberto Oviedo Mota,junio,domingo,3,-101.195742934942,19.6815224018557
45845,45851,2023,,2023/06/25,"03:00:00",VOLCADURA,CONCRETO,Bueno,Bueno,2,MAZDA,ROJO,1,,28,MASCULINO,SIN DATOS,0,0,Morelia,Camelinas,junio,domingo,3,-101.174223907292,19.6818264101029
45846,45852,2023,,2023/06/25,"04:05:00",COLISIÓN CONTRA OBJETO FIJO,ASFALTO,Bueno,Bueno,1,VENTO,NEGRO/NARANJA,0,,,,,0,0,Morelia,Chapultepec Sur,junio,domingo,4,-101.176458187401,19.6910868624803
45847,45853,2023,,2023/06/25,"06:00:00",COLISIÓN POR ALCANCE,ASFALTO,Bueno,Bueno,2,famsa FAMSA,AZUL Y BLANCO,2,,37,MASCULINO,SIN DATOS,0,0,Morelia,Sentimientos de La Nacion,junio,domingo,6,-101.236870251596,19.6848033243396