fid,id_accidente,anio_origen,folio_c5i,dia_incidente,hora_ocurrencia,tipo_incidente_vial,superficie_ocurrencia,condiciones_climaticas,condiciones_via,numero_vehiculos_involucrados,marca_vehiculo_ocasiona_siniestro,color_vehiculo_ocasiona_siniestro,numero_personas_involucradas,lugar_remite_presunto_responsable,edad_presunto_responsable,sexo_presunto_responsable,resultados_toxicologia,numero_personas_lesionadas,numero_personas_fallecidas,municipio,colonia,mes,dia_semana,hora_redondeada,lon,lat
45848,45854,2023,,2023/06/25,"06:05:00",VOLCADURA,ASFALTO,Bueno,Bueno,1,CHEVROLET AVEO,GRIS,1,,23,MASCULINO,SIN DATOS,0,0,Morelia,Alberto Oviedo Mota,junio,domingo,6,-101.196339726448,19.6814093851431
45849,45855,2023,,2023/06/25,"07:50:00",CAIDA ACUATICA DE VEHÍCULO,CONCRETO,Bueno,Bueno,1,ITALIKA,MORADO  Y GRIS,2,,,MASCULINO,SIN DATOS,1,0,Morelia,Ampliacion La Soledad,junio,domingo,8,-101.183554405,19.7349146049992
45850,45856,2023,,2023/06/25,10:05:00,COLISIÓN POR ALCANCE,ASFALTO,Bueno,Bueno,3,MITSUBISHI,NEGRO,3,,47,FEMENINO,SIN DATOS,0,0,Morelia,Lomas del Valle,junio,domingo,10,-101.230037015,19.6880963799991
45851,45857,2023,,2023/06/25,11:00:00,VOLCADURA,ASFALTO,Bueno,Bueno,1,OLDSMOBILE,BLANCO,1,,54,,SIN DATOS,0,0,Charo,San Pedro Y San Pablo,junio,domingo,11,-101.04681763798,19.7521851475351
45853,45859,2023,LEG49026,2023/06/25,18:00:00,COLISIÓN CONTRA OBJETO FIJO,ASFALTO,Bueno,Bueno,1,BMW,BLANCO,1,,22,MASCULINO,SIN DATOS,0,0,Morelia,Pascual Ortiz de Ayala,junio,domingo,18,-101.149821521984,19.69504229591
45854,45860,2023,LEG49027,2023/06/25,19:10:00,COLISIÓN POR CORTE DE CIRCULACIÓN,ASFALTO,Bueno,Bueno,2,CHEVROLET,ROJO,2,MINISTERIO PÚBLICO,,MASCULINO,SIN DATOS,0,0,Morelia,Ciudad Jardin,junio,domingo,19,-101.255325223354,19.7076448754903
45856,45862,2023,,2023/06/25,21:15:00,COLISIÓN POR CORTE DE CIRCULACIÓN,ASFALTO,Bueno,Bueno,1,MAZDA,ROJO,1,,37,FEMENINO,SIN DATOS,0,0,Morelia,Tlalpujahua,junio,domingo,21,-101.217055045,19.6776276649991
45857,45863,2023,,2023/06/25,22:51:00,COLISIÓN CONTRA OBJETO FIJO,CONCRETO,Bueno,Bueno,2,CHEVROLET,BLANCO,0,,,,,0,0,Morelia,Los Sauces,junio,domingo,23,-101.182915605605,19.6595145241105
45858,45864,2023,,2023/06/25,23:55:00,COLISIÓN POR CORTE DE CIRCULACIÓN,CONCRETO,Bueno,Bueno,2,ITALIKA,ROJO,3,MINISTERIO PÚBLICO,17,MASCULINO,SIN DATOS,1,0,Morelia,San Juanito Itzicuaro,junio,domingo,0,-101.251923814416,19.6789574079534
45861,45867,2023,LEG49034,2023/06/26,13:30:00,COLISIÓN POR CORTE DE CIRCULACIÓN,ASFALTO,Bueno,Bueno,2,SUZUKI,ROJO,2,,,FEMENINO,SIN DATOS,0,0,Morelia,Jacarandas,junio,lunes,14,-101.210576762774,19.7076974518136
45862,45868,2023,,2023/06/26,15:00:00,COLISIÓN POR CORTE DE CIRCULACIÓN,ASFALTO,Bueno,Bueno,2,HONDA,NEGRO,2,,27,MASCULINO,SIN DATOS,0,0,Morelia,Gral Gertrudis Sanchez,junio,lunes,15,-101.210861225724,19.743174252879
45863,45869,2023,LEG49035,2023/06/26,18:40:00,COLISIÓN POR CORTE DE CIRCULACIÓN,CONCRETO,Nublado,Bueno,2,HONDA,ROJO,2,,,MASCULINO,SIN DATOS,0,0,Morelia,Ferrocarrilero,junio,lunes,19,-101.223609235,19.6918737849991
45864,45870,2023,,2023/06/26,20:10:00,COLISIÓN POR CAMBIO DE CARRIL,ASFALTO,Lluvioso,Regular,2,VELOCI,NEGRO,2,,22,MASCULINO,SIN DATOS,0,0,Morelia,Pascual Ortiz de Ayala,junio,lunes,20,-101.1512195,19.6969803649991
45867,45873,2023,,2023/06/27,"07:00:00",COLISIÓN CONTRA OBJETO FIJO,ASFALTO,Bueno,Bueno,1,HONDA,VERDE BRILLANTE,1,,33,MASCULINO,SIN DATOS,0,0,Morelia,Felix Arreguin,junio,martes,7,-101.226545423269,19.7214666014104
45868,45874,2023,,2023/06/27,"08:20:00",COLISIÓN CON PEATÓN,ASFALTO,Bueno,Bueno,1,FORD,GRIS,1,,,MASCULINO,SIN DATOS,0,0,Morelia,Clara Cordova Moran,junio,martes,8,-101.182843856513,19.7323973879135
45869,45875,2023,LEG49041,2023/06/27,11:00:00,COLISIÓN POR CAMBIO DE CARRIL,ASFALTO,Bueno,Bueno,2,CADILLAC,BLANCO,2,,43,MASCULINO,SIN DATOS,0,0,Morelia,Cinco de Diciembre,junio,martes,11,-101.159465052187,19.6877975454605
45870,45876,2023,,2023/06/27,13:45:00,COLISIÓN POR CORTE DE CIRCULACIÓN,ASFALTO,Bueno,Bueno,2,ITALIKA,GRIS,0,MINISTERIO PÚBLICO,,,,0,0,Lázaro Cárdenas,1Er Sect de Fidelac,junio,martes,14,-102.198916934431,17.9626576396015
45871,45877,2023,,2023/06/27,18:25:00,COLISIÓN POR CORTE DE CIRCULACIÓN,ASFALTO,Bueno,Bueno,1,INTERNATIONAL,ROJO,1,,23,MASCULINO,SIN DATOS,0,0,Morelia,Ejidal Ocolusen,junio,martes,18,-101.154367178678,19.6862008449494
45872,45878,2023,MOR220567891,2023/06/27,18:55:00,SALIDA DE SUPERFICIE DE RODAMIENTO,ASFALTO,Bueno,Bueno,1,VOLKSWAGEN,BLANCO,1,,,MASCULINO,SIN DATOS,0,0,Charo,Sin datos,junio,martes,19,-100.944374,19.613248
45873,45879,2023,MOR230438145,2023/06/27,21:15:00,COLISIÓN POR ALCANCE,ASFALTO,Bueno,Bueno,2,VOLKSWAGEN,ROJO,2,,21,MASCULINO,SIN DATOS,0,0,Morelia,Ventura Puente,junio,martes,21,-101.179786473513,19.6903570313704
45874,45880,2023,,2023/06/28,13:40:00,COLISIÓN POR ALCANCE,ASFALTO,Bueno,Bueno,2,INTERNATIONAL,BLANCO,2,,20,,SIN DATOS,0,0,Morelia,Morelos,junio,miércoles,14,-101.209153309464,19.6982893468464
45875,45881,2023,,2023/06/28,14:00:00,COLISIÓN POR CAMBIO DE CARRIL,ASFALTO,Bueno,Bueno,2,CHEVROLET,NEGRO,2,,,MASCULINO,SIN DATOS,0,0,Morelia,Lomas de Huerta,junio,miércoles,14,-101.21002368629,19.6730298261761
45876,45882,2023,MOR2023 5671,2023/06/28,17:08:00,COLISIÓN POR ALCANCE,ASFALTO,Bueno,Bueno,4,SEDES CONOCE,SIN DATOS,4,,,,SIN DATOS,0,0,Morelia,Sentimientos de La Nacion,junio,miércoles,17,-101.236870586872,19.6848026929744
45877,45883,2023,,2023/06/28,21:40:00,COLISIÓN POR INVASIÓN DE CARRIL,ASFALTO,Bueno,Bueno,2,VOLKSWAGEN,GRIS,3,,32,MASCULINO,SIN DATOS,1,0,Morelia,Fracc Rio Florido,junio,miércoles,22,-101.279288716614,19.6845772954648
45879,45885,2023,"310",2023/06/29,"00:05:00",SUBIDA AL CAMELLÓN,ASFALTO,Bueno,Bueno,2,HYUNDAY I10,GRIS,2,,24,,SIN DATOS,0,0,Morelia,Industrial,junio,jueves,0,-101.198974661529,19.7135019788133
45881,45887,2023,LEG49069,2023/06/29,"07:35:00",COLISIÓN CONTRA OBJETO FIJO,ASFALTO,Bueno,Bueno,2,NISSAN,PLATA,2,,,,SIN DATOS,0,0,Morelia,Lomas de Guayangareo,junio,jueves,8,-101.15873343,19.7013563299991
45882,45888,2023,,2023/06/29,"08:00:00",VOLCADURA,TERRACERIA,Bueno,Bueno,1,FORD,AZUL,1,,,,SIN DATOS,0,0,Charo,Sin datos,junio,jueves,8,-101.010762,19.775756
45883,45889,2023,,2023/06/29,"09:00:00",COLISIÓN POR CORTE DE CIRCULACIÓN,ASFALTO,Bueno,Bueno,2,NISSAN,ROJO,2,,32,MASCULINO,SIN DATOS,0,0,Morelia,Solidaridad,junio,jueves,9,-101.20584654,19.7357084299991
45884,45890,2023,,2023/06/29,12:00:00,COLISIÓN POR CORTE DE CIRCULACIÓN,ASFALTO,Bueno,Bueno,2,MITSUBISHI,BLANCO,2,,27,MASCULINO,SIN DATOS,0,0,Morelia,Centro,junio,jueves,12,-101.18754847,19.7028479949991
45885,45891,2023,MOR230441814,2023/06/29,13:25:00,COLISIÓN POR ALCANCE,ASFALTO,Bueno,Bueno,2,VOLSWAGEN,GRIS,2,,29,MASCULINO,SIN DATOS,0,0,Morelia,Alberto Oviedo Mota,junio,jueves,13,-101.197692900896,19.6811454687106
45886,45892,2023,,2023/06/29,13:30:00,COLISIÓN POR CAMBIO DE CARRIL,ASFALTO,Nublado,Malo,2,INTERNATIONAL,BLANCO,2,,71,MASCULINO,SIN DATOS,0,0,Morelia,Morelos,junio,jueves,14,-101.185371503234,19.724022392628
45887,45893,2023,MOR230442127,2023/06/29,15:05:00,COLISIÓN POR ALCANCE,CONCRETO,Bueno,Bueno,2,TOYOTA,ROJO,2,,45,FEMENINO,SIN DATOS,0,0,Morelia,Fuentes de Morelia,junio,jueves,15,-101.203908950441,19.6711852824231
45888,45894,2023,,2023/06/29,19:30:00,COLISIÓN POR ALCANCE,ASFALTO,Bueno,Bueno,2,FREIGHTLINER,BLANCO,2,,30,MASCULINO,SIN DATOS,0,0,Morelia,Centro,junio,jueves,20,-101.18754847,19.7028479949991
45889,45895,2023,,2023/06/29,19:40:00,COLISIÓN POR CORTE DE CIRCULACIÓN,ASFALTO,Bueno,Regular,2,BMW,NEGRO,2,,,MASCULINO,SIN DATOS,0,0,Morelia,Vistas de Altozano,junio,jueves,20,-101.167,19.6551
45890,45896,2023,,2023/06/29,20:03:00,COLISIÓN POR ALCANCE,ASFALTO,Bueno,Bueno,2,NISSAN,BLANCO,3,MINISTERIO PÚBLICO,58,MASCULINO,SIN DATOS,1,0,Hidalgo,Corros,junio,jueves,20,-100.555384643376,19.7072139549091
45891,45897,2023,MOR  230442889,2023/06/29,20:30:00,COLISIÓN POR CORTE DE CIRCULACIÓN,ASFALTO,Lluvioso,Regular,2,MAZDA,ROJO,2,,24,MASCULINO,SIN DATOS,0,0,Morelia,Lomas de Vista Bella,junio,jueves,21,-101.198675533477,19.6730743205663
45892,45898,2023,,2023/06/29,21:20:00,COLISIÓN POR ALCANCE,ASFALTO,Bueno,Bueno,3,NISSAN,PLATA,3,,,MASCULINO,SIN DATOS,0,0,Morelia,Centro,junio,jueves,21,-101.194239892066,19.702968562563
45894,45900,2023,LEG49067,2023/06/30,"03:00:00",SUBIDA AL CAMELLÓN,ADOQUIN_EMPEDRADO,Nublado,Regular,1,SUZUKI,PLATA,1,,,FEMENINO,SIN DATOS,0,0,Morelia,Lomas de Las Americas Norte,junio,viernes,3,-101.14698059,19.6951410899992
45895,45901,2023,,2023/06/30,"08:14:00",COLISIÓN POR ALCANCE,ASFALTO,Bueno,Bueno,2,TOYOTA,BLANCO,2,,44,MASCULINO,SIN DATOS,0,0,Morelia,Camelinas,junio,viernes,8,-101.17262119,19.6818144849991
45896,45902,2023,,2023/06/30,"08:25:00",COLISIÓN POR ALCANCE,ASFALTO,Nublado,Bueno,2,CHEVROLET,BLANCO,2,,45,MASCULINO,SIN DATOS,0,0,Morelia,Cinco de Diciembre,junio,viernes,8,-101.162815939039,19.6862710903522
45897,45903,2023,,2023/06/30,11:33:00,COLISIÓN POR CORTE DE CIRCULACIÓN,ASFALTO,Bueno,Bueno,2,MAZDA,ROJO,2,,45,FEMENINO,SIN DATOS,0,0,Morelia,Agustin Arriaga Rivera,junio,viernes,12,-101.225810497999,19.6874809214566
45898,45904,2023,,2023/06/30,14:30:00,COLISIÓN POR MANIOBRA DE REVERSA,CONCRETO,Bueno,Bueno,2,MERCEDES BENZ,GRIS,2,,65,MASCULINO,SIN DATOS,0,0,Morelia,Central de Abastos,junio,viernes,15,-101.171360313892,19.7161333307519
45899,45905,2023,,2023/06/30,15:05:00,COLISIÓN POR CAMBIO DE CARRIL,ASFALTO,Bueno,Bueno,2,KENWORTH,BLANCO,2,,32,MASCULINO,SIN DATOS,0,0,Morelia,Francisco J Mujica,junio,viernes,15,-101.184542365372,19.7249404854716
45900,45906,2023,,2023/06/30,17:30:00,COLISIÓN POR CAMBIO DE CARRIL,ASFALTO,Bueno,Bueno,2,FORD,GUINDA,2,MINISTERIO PÚBLICO,46,MASCULINO,SIN DATOS,0,0,Morelia,Isaac Arriaga,junio,viernes,18,-101.172357425094,19.7072843422491
45901,45907,2023,,2023/06/30,19:00:00,COLISIÓN POR CORTE DE CIRCULACIÓN,ASFALTO,Bueno,Bueno,2,NISSAN,ARENA,2,MINISTERIO PÚBLICO,40,MASCULINO,SIN DATOS,0,0,Morelia,Francisco J Mujica,junio,viernes,19,-101.184607744217,19.7249669961526
45902,45908,2023,,2023/06/30,19:50:00,COLISIÓN POR CORTE DE CIRCULACIÓN,CONCRETO,Nublado,Bueno,2,LAND ROVER,NEGRO,2,,50,MASCULINO,SIN DATOS,0,0,Morelia,Ventura Puente,junio,viernes,20,-101.184274144471,19.6921086835784
45903,45909,2023,,2023/07/01,"00:00:00",COLISIÓN POR CORTE DE CIRCULACIÓN,ASFALTO,Bueno,Bueno,2,FORD,ROJO,2,,25,FEMENINO,SIN DATOS,0,0,Morelia,Las Americas,julio,sábado,0,-101.158950403333,19.6879579091239
45904,45910,2023,,2023/07/01,"00:00:00",COLISIÓN POR ALCANCE,CONCRETO,Bueno,Bueno,2,VOLKSWAGEN,BLANCO,2,,46,MASCULINO,SIN DATOS,0,0,Morelia,Villas del Pedregal,julio,sábado,0,-101.307275891304,19.6825142937162
45905,45911,2023,LEG49091,2023/07/01,"00:00:00",COLISIÓN POR CORTE DE CIRCULACIÓN,ASFALTO,Bueno,Bueno,2,ITALIKA,GRIS,2,,46,MASCULINO,SIN DATOS,0,0,Morelia,Eduardo Ruiz,julio,sábado,0,-101.221164241433,19.7213258391852
45906,45912,2023,LEG49078,2023/07/01,"02:40:00",COLISIÓN POR ALCANCE,ASFALTO,Bueno,Bueno,3,VOLKSWAGEN,ROJO,3,,30,MASCULINO,CON CERTIFICADO,0,0,Morelia,Ventura Puente,julio,sábado,3,-101.179282553494,19.693571167488
45907,45913,2023,LEG49079,2023/07/01,"06:00:00",COLISIÓN POR ALCANCE,ASFALTO,Bueno,Bueno,2,VOLKSWAGEN,GRIS,2,,,MASCULINO,SIN DATOS,0,0,Morelia,Villa Universidad,julio,sábado,6,-101.21407750994,19.687923816075
45908,45914,2023,,2023/07/01,"09:00:00",COLISIÓN POR CORTE DE CIRCULACIÓN,ASFALTO,Nublado,Bueno,2,KIA,ROJO,2,,51,FEMENINO,SIN DATOS,0,0,Morelia,Jardines del Rincon,julio,sábado,9,-101.15110963583,19.6894785148562
45909,45915,2023,,2023/07/01,12:30:00,COLISIÓN POR CORTE DE CIRCULACIÓN,ASFALTO,Bueno,Bueno,2,INTERNATIONAL,AMARILLO,2,,21,MASCULINO,SIN DATOS,0,0,Morelia,El Lago 1,julio,sábado,13,-101.219318881631,19.7275987905542
45910,45916,2023,,2023/07/01,14:15:00,COLISIÓN POR CAMBIO DE CARRIL,ASFALTO,Bueno,Regular,2,VOLVO,AZUL/BLANCO,2,,39,MASCULINO,SIN DATOS,0,0,Morelia,Las Americas,julio,sábado,14,-101.153630912304,19.6874332541795
45911,45917,2023,,2023/07/01,16:20:00,COLISIÓN POR CAMBIO DE CARRIL,ASFALTO,Bueno,Bueno,2,INTERNACIONAL,BLANCO,2,,18,MASCULINO,SIN DATOS,0,0,Morelia,Niño Artillero,julio,sábado,16,-101.256839968264,19.6973534241525
45912,45918,2023,,2023/07/01,16:30:00,SALIDA DE SUPERFICIE DE RODAMIENTO,ASFALTO,Lluvioso,Bueno,1,VOLKSWAGEN,NARANJA,1,,25,MASCULINO,SIN DATOS,0,0,Morelia,Sin datos,julio,sábado,17,-101.294118650258,19.6864155070753
45913,45919,2023,,2023/07/01,18:50:00,COLISIÓN POR ALCANCE,CONCRETO,Lluvioso,Bueno,2,CHEVROLET,VERDE,2,,68,MASCULINO,ALIENTO ETÍLICO,0,0,Morelia,Villas del Pedregal,julio,sábado,19,-101.304507181048,19.6876075079978
45914,45920,2023,LEG49094,2023/07/01,19:36:00,COLISIÓN POR CORTE DE CIRCULACIÓN,ASFALTO,Bueno,Bueno,1,FORD,GRIS,2,,,FEMENINO,SIN DATOS,1,0,Tarímbaro,Sin datos,julio,sábado,20,-101.17093719542,19.7521447571904
45915,45921,2023,,2023/07/01,19:40:00,COLISIÓN POR ALCANCE,ASFALTO,Bueno,Bueno,3,NISSAN,AZUL,3,,,MASCULINO,SIN DATOS,0,0,Morelia,Felix Ireta,julio,sábado,20,-101.195860616863,19.6821275765826
45916,45922,2023,LEG49095,2023/07/01,22:00:00,COLISIÓN POR CAMBIO DE CARRIL,ASFALTO,Bueno,Bueno,2,NISSAN,GRIS,2,,,MASCULINO,SIN DATOS,0,0,Morelia,Vasco de Quiroga,julio,sábado,22,-101.171861551702,19.7025695845841
45917,45923,2023,LEG49090,2023/07/02,"02:15:00",COLISIÓN POR ALCANCE,ASFALTO,Bueno,Bueno,2,FORD,VERDE,2,,33,MASCULINO,SIN DATOS,0,0,Morelia,Niño Artillero,julio,domingo,2,-101.250183060765,19.6986135252014
45918,45924,2023,,2023/07/02,"07:05:00",COLISIÓN CONTRA OBJETO FIJO,CONCRETO,Bueno,Bueno,2,HONDA,AZUL,1,,,,SIN DATOS,0,0,Morelia,Manantiales de Morelia,julio,domingo,7,-101.236682703995,19.6965927119959
45919,45925,2023,,2023/07/02,"09:00:00",COLISIÓN CONTRA OBJETO FIJO,ASFALTO,Bueno,Bueno,1,CHEVROLET,GRIS,0,MINISTERIO PÚBLICO,,,,0,0,Lázaro Cárdenas,Centro,julio,domingo,9,-102.192045450211,17.9538034910077
45922,45928,2023,,2023/07/02,18:49:00,COLISIÓN CON PEATÓN,ASFALTO,Bueno,Regular,1,ITALIKA,NOGRO/GRIS,3,MINISTERIO PÚBLICO,28,MASCULINO,SIN DATOS,2,0,Pátzcuaro,Centro,julio,domingo,19,-101.617740243673,19.5162326054796
45923,45929,2023,,2023/07/02,20:15:00,COLISIÓN POR CORTE DE CIRCULACIÓN,ASFALTO,Bueno,Bueno,2,CHEVROLET,GRIS OSCURO,2,MINISTERIO PÚBLICO,44,MASCULINO,SIN DATOS,0,0,Pátzcuaro,Juventino Rosas,julio,domingo,20,-101.613324657083,19.506729801243
45924,45930,2023,,2023/07/02,23:00:00,SALIDA DE SUPERFICIE DE RODAMIENTO,ASFALTO,Nublado,Regular,1,FORD,BLANCO,1,,,,SIN DATOS,0,0,Morelia,Lomas de Huerta,julio,domingo,23,-101.214297115803,19.674335579894
45925,45931,2023,LEG49105,2023/07/03,"00:00:00",COLISIÓN POR INVASIÓN DE CARRIL,ASFALTO,Nublado,Regular,3,RENAULT,AZUL,3,MINISTERIO PÚBLICO,40,MASCULINO,SIN DATOS,0,0,Morelia,La Esperanza,julio,lunes,0,-101.251636234764,19.7001163663386
45926,45932,2023,,2023/07/03,"08:20:00",COLISIÓN POR CORTE DE CIRCULACIÓN,ASFALTO,Bueno,Bueno,2,ITALIKA,ROJO,2,,29,MASCULINO,SIN DATOS,0,0,Morelia,Centro,julio,lunes,8,-101.18754847,19.7028479949991
45928,45934,2023,LEG49110,2023/07/03,10:08:00,COLISIÓN POR INVASIÓN DE CARRIL,ASFALTO,Bueno,Bueno,3,NISSAN,TITANIO,3,,21,MASCULINO,SIN DATOS,0,0,Morelia,Lomas de Santiaguito,julio,lunes,10,-101.179519891941,19.7229539949395
45929,45935,2023,,2023/07/03,11:40:00,COLISIÓN CONTRA OBJETO FIJO,CONCRETO,Bueno,Bueno,1,FREIGHTLINER,BLANCO Y NARANJA,1,,,MASCULINO,SIN DATOS,0,0,Morelia,Los Encinos,julio,lunes,12,-101.180319425,19.6679350849991
45930,45936,2023,MOR 230452661,2023/07/03,14:00:00,COLISIÓN CONTRA OBJETO FIJO,ASFALTO,Bueno,Bueno,1,DODGE,ROJO,1,,34,MASCULINO,SIN DATOS,0,0,Morelia,Canteras de Morelia,julio,lunes,14,-101.173168652105,19.7180886357371
45931,45937,2023,,2023/07/03,14:20:00,VOLCADURA,ASFALTO,Bueno,Bueno,1,CHEVROLET,AZUL,1,,,MASCULINO,SIN DATOS,0,0,Morelia,Sin datos,julio,lunes,14,-101.251035,19.79409
45932,45938,2023,,2023/07/03,16:20:00,COLISIÓN POR INVASIÓN DE CARRIL,ASFALTO,Bueno,Bueno,2,MAZDA,NEGRO,2,MINISTERIO PÚBLICO,81,MASCULINO,SIN DATOS,0,0,Morelia,Carlos Salazar,julio,lunes,16,-101.209658559066,19.7124165765648
45933,45939,2023,,2023/07/03,18:20:00,COLISIÓN CONTRA OBJETO FIJO,ASFALTO,Bueno,Bueno,1,DINA,AZUL,1,MINISTERIO PÚBLICO,,,SIN DATOS,0,0,Morelia,Centro,julio,lunes,18,-101.193947775,19.7005653899991
45938,45944,2023,,2023/07/04,10:00:00,SALIDA DE SUPERFICIE DE RODAMIENTO,ASFALTO,Bueno,Bueno,1,HONDA,GRIS,1,,21,MASCULINO,SIN DATOS,0,0,Morelia,Los Angeles,julio,martes,10,-101.173277758062,19.747650636392
45939,45945,2023,,2023/07/04,10:30:00,COLISIÓN CONTRA OBJETO FIJO,ASFALTO,Bueno,Bueno,1,DODGE,GRIS,1,,51,FEMENINO,SIN DATOS,0,0,Morelia,Lomas de San Juan,julio,martes,11,-101.183039681886,19.7298664251429
45940,45946,2023,LEG49125,2023/07/04,10:45:00,COLISIÓN CON PEATÓN,ASFALTO,Bueno,Bueno,1,NISSAN,GRIS,2,,67,MASCULINO,SIN DATOS,1,0,Morelia,Santiaguito,julio,martes,11,-101.18910446763,19.7153584799056
45941,45947,2023,LEG49127,2023/07/04,13:50:00,COLISIÓN CONTRA OBJETO FIJO,ASFALTO,Bueno,Bueno,1,FORD,BLANCO,1,,51,MASCULINO,SIN DATOS,0,0,Morelia,Josefa Ortiz de Dominguez,julio,martes,14,-101.210532894023,19.6720411464155
45942,45948,2023,,2023/07/04,14:00:00,VOLCADURA,ASFALTO,Bueno,Regular,1,VOLKSWAGEN,NEGRO,1,,30,FEMENINO,SIN DATOS,0,0,Morelia,Ana Maria Gallaga (Riviera Norte),julio,martes,14,-101.22460476,19.6777109999991
45943,45949,2023,,2023/07/04,14:10:00,COLISIÓN CONTRA OBJETO FIJO,ASFALTO,Bueno,Bueno,1,NISSAN,BLANCO,3,MINISTERIO PÚBLICO,56,MASCULINO,SIN DATOS,2,0,Morelia,Sin datos,julio,martes,14,-101.11732774797,19.7314509389144
45944,45950,2023,MOR2308971,2023/07/04,14:35:00,COLISIÓN CONTRA OBJETO FIJO,ASFALTO,Lluvioso,Bueno,1,HONDA,BLANCO,1,,,FEMENINO,SIN DATOS,0,0,Morelia,Bosques Tres Marias,julio,martes,15,-101.104175001383,19.7243326322229
45946,45952,2023,,2023/07/04,18:00:00,COLISIÓN POR CAMBIO DE CARRIL,ASFALTO,Bueno,Regular,2,TOYOTA,BLANCO Y GRIS,2,MINISTERIO PÚBLICO,50,MASCULINO,SIN DATOS,0,0,Morelia,Felix Ireta,julio,martes,18,-101.191785670817,19.6824176934421
45947,45953,2023,,2023/07/04,19:33:00,COLISIÓN POR CORTE DE CIRCULACIÓN,CONCRETO,Bueno,Regular,2,HONDA,GRIS,2,,28,FEMENINO,SIN DATOS,0,0,Morelia,Los Llanos,julio,martes,20,-101.249473180305,19.7163801578225
45948,45954,2023,,2023/07/04,22:40:00,VOLCADURA,ASFALTO,Nublado,Bueno,1,FORD,ARENA,1,,32,FEMENINO,SIN DATOS,0,0,Morelia,Sin datos,julio,martes,23,-101.11455884192,19.7372316661679
45949,45955,2023,,2023/07/05,"07:50:00",COLISIÓN POR ALCANCE,ASFALTO,Bueno,Bueno,2,DODGE,GRIS,2,,34,MASCULINO,SIN DATOS,0,0,Morelia,Fuentes de Morelia,julio,miércoles,8,-101.203029030934,19.6709799326011
45951,45957,2023,,2023/07/05,"08:20:00",COLISIÓN POR ALCANCE,ASFALTO,Bueno,Bueno,2,TOYOTA,BLANCO,2,,33,MASCULINO,SIN DATOS,0,0,Morelia,Lomas de San Juan,julio,miércoles,8,-101.183039681886,19.7298664251429
45952,45958,2023,,2023/07/05,"08:23:00",COLISIÓN POR INVASIÓN DE CARRIL,ASFALTO,Bueno,Bueno,2,FREIGHTLINER,BLANCO,2,,31,MASCULINO,SIN DATOS,0,0,Morelia,Sin datos,julio,miércoles,8,-101.271984916253,19.6449319515432
45953,45959,2023,,2023/07/05,11:35:00,COLISIÓN POR ALCANCE,ASFALTO,Bueno,Bueno,2,KENWORTH,NEGRO,2,,32,MASCULINO,SIN DATOS,0,0,Morelia,Centro,julio,miércoles,12,-101.18754847,19.7028479949991
45954,45960,2023,,2023/07/05,12:18:00,COLISIÓN POR CORTE DE CIRCULACIÓN,ASFALTO,Bueno,Bueno,2,TOYOTA,BLANCO Y ROSA,2,,25,MASCULINO,SIN DATOS,0,0,Morelia,Alberto Oviedo Mota,julio,miércoles,12,-101.196140686849,19.6817272495021
45956,45962,2023,LEG49141,2023/07/05,14:20:00,COLISIÓN POR CORTE DE CIRCULACIÓN,ASFALTO,Bueno,Bueno,2,NISSAN,BLANCO Y ROSA,2,,23,MASCULINO,SIN DATOS,0,0,Morelia,Infonavit Colonial Universidad,julio,miércoles,14,-101.207,19.6853
45959,45965,2023,MOR230230457991,2023/07/05,17:30:00,COLISIÓN POR CORTE DE CIRCULACIÓN,ASFALTO,Nublado,Bueno,2,RENAULT,ROJO,2,,35,MASCULINO,SIN DATOS,0,0,Morelia,Insurgentes,julio,miércoles,18,-101.155416805,19.6953315299991
45960,45966,2023,LEG49142,2023/07/05,19:00:00,COLISIÓN POR ALCANCE,ASFALTO,Bueno,Bueno,2,RAM,ROJO,2,MINISTERIO PÚBLICO,56,MASCULINO,SIN DATOS,0,0,Morelia,Xangari,julio,miércoles,19,-101.219623120327,19.6720670459846
45963,45969,2023,LEG49147,2023/07/06,"01:40:00",SUBIDA AL CAMELLÓN,ASFALTO,Bueno,Bueno,1,FORD,BLANCO,1,,30,MASCULINO,SIN DATOS,0,0,Morelia,Las Americas,julio,jueves,2,-101.158950068057,19.6879579091239
45964,45970,2023,,2023/07/06,"07:30:00",SALIDA DE SUPERFICIE DE RODAMIENTO,ASFALTO,Bueno,Bueno,1,DODGE,BLANCO,0,MINISTERIO PÚBLICO,,,,0,0,Morelia,Praderas del Indio,julio,jueves,8,-101.223494028547,19.6450845894654
45965,45971,2023,,2023/07/06,"08:55:00",COLISIÓN POR CAMBIO DE CARRIL,ASFALTO,Bueno,Bueno,2,NISSAN,BLANCO,2,,54,MASCULINO,SIN DATOS,0,0,Morelia,Independencia,julio,jueves,9,-101.178257279098,19.7190193409425
45966,45972,2023,,2023/07/06,11:00:00,COLISIÓN POR CORTE DE CIRCULACIÓN,ASFALTO,Bueno,Bueno,2,TOYOTA,BLANCO Y ROJO,2,,35,MASCULINO,SIN DATOS,0,0,Morelia,La Esperanza,julio,jueves,11,-101.154714524746,19.7002864897196
45967,45973,2023,,2023/07/06,12:15:00,COLISIÓN POR MANIOBRA DE REVERSA,ASFALTO,Bueno,Bueno,2,MERCEDEZ BEZ,NEGRO,2,MINISTERIO PÚBLICO,56,FEMENINO,SIN DATOS,0,0,Pátzcuaro,Centro,julio,jueves,12,-101.606664061546,19.5174027991155