fid,id_accidente,anio_origen,folio_c5i,dia_incidente,hora_ocurrencia,tipo_incidente_vial,superficie_ocurrencia,condiciones_climaticas,condiciones_via,numero_vehiculos_involucrados,marca_vehiculo_ocasiona_siniestro,color_vehiculo_ocasiona_siniestro,numero_personas_involucradas,lugar_remite_presunto_responsable,edad_presunto_responsable,sexo_presunto_responsable,resultados_toxicologia,numero_personas_lesionadas,numero_personas_fallecidas,municipio,colonia,mes,dia_semana,hora_redondeada,lon,lat
45968,45974,2023,,2023/07/06,17:35:00,COLISIÓN POR CAMBIO DE CARRIL,CONCRETO,Bueno,Bueno,2,NISSAN,BLANCO/ROJO,2,,55,MASCULINO,SIN DATOS,0,0,Morelia,Union,julio,jueves,18,-101.157879196107,19.7116353560182
45969,45975,2023,,2023/07/06,19:20:00,COLISIÓN CON PEATÓN,ASFALTO,Bueno,Bueno,1,NISSAN,ROJO,0,MINISTERIO PÚBLICO,,,,0,0,Lázaro Cárdenas,Sin datos,julio,jueves,19,-102.230452671647,17.9897895038356
45970,45976,2023,MOR2033,2023/07/07,"00:00:00",COLISIÓN POR CAMBIO DE CARRIL,ASFALTO,Bueno,Bueno,2,VOLKSWAGEN,AZUL,2,,36,FEMENINO,SIN DATOS,0,0,Morelia,Lomas de Huerta,julio,viernes,0,-101.214102320373,19.6740681790681
45971,45977,2023,LEG49173,2023/07/07,"00:00:00",COLISIÓN POR CAMBIO DE CARRIL,ASFALTO,Bueno,Regular,2,RENAULT,ROJO,2,,57,MASCULINO,SIN DATOS,0,0,Morelia,Cuauhtemoc,julio,viernes,0,-101.181986220181,19.69404150806
45972,45978,2023,,2023/07/07,"07:45:00",COLISIÓN POR ALCANCE,ASFALTO,Nublado,Bueno,2,NISSAN,GRIS,2,,45,MASCULINO,SIN DATOS,0,0,Morelia,Josefa Ortiz de Dominguez,julio,viernes,8,-101.209782958031,19.6721726827362
45973,45979,2023,MOR 230461393,2023/07/07,"08:30:00",COLISIÓN POR ALCANCE,ASFALTO,Bueno,Regular,3,CHEVROLET,BLANCO,3,,37,FEMENINO,SIN DATOS,0,0,Morelia,Loma Dorada,julio,viernes,9,-101.254331097007,19.6977382105702
45974,45980,2023,,2023/07/07,10:00:00,COLISIÓN POR ALCANCE,ASFALTO,Bueno,Bueno,3,CHEVROLET,BLANCO,3,,34,MASCULINO,SIN DATOS,0,0,Morelia,Las Americas,julio,viernes,10,-101.156510934234,19.6876715904232
45975,45981,2023,,2023/07/07,13:10:00,COLISIÓN POR CORTE DE CIRCULACIÓN,CONCRETO,Nublado,Bueno,2,MERCEDES BENZ,ROJO,2,,68,FEMENINO,SIN DATOS,0,0,Morelia,Industrial,julio,viernes,13,-101.190476417542,19.7120914401973
45976,45982,2023,,2023/07/07,13:46:00,COLISIÓN POR CAMBIO DE CARRIL,ASFALTO,Bueno,Bueno,2,HINO,BLANCO,2,,40,MASCULINO,SIN DATOS,0,0,Morelia,Articulo Constitucional,julio,viernes,14,-101.170111745596,19.7134180222871
45977,45983,2023,MOR2303,2023/07/07,14:00:00,COLISIÓN POR CAMBIO DE CARRIL,ASFALTO,Bueno,Bueno,2,ITALIKA,NEGRO/AMARILLO,2,,25,MASCULINO,SIN DATOS,0,0,Morelia,Del Empleado,julio,viernes,14,-101.179130673409,19.6905871558121
45978,45984,2023,,2023/07/07,14:50:00,COLISIÓN POR CORTE DE CIRCULACIÓN,ASFALTO,Bueno,Bueno,2,CHEVROLET,AZUL,1,,47,FEMENINO,SIN DATOS,0,0,Morelia,Nueva Chapultepec,julio,viernes,15,-101.170527823269,19.6871996527486
45979,45985,2023,MO2300,2023/07/07,17:20:00,COLISIÓN POR CAMBIO DE CARRIL,ASFALTO,Bueno,Bueno,1,TOYOTA,BLANCO/ROJO,1,,20,MASCULINO,SIN DATOS,0,0,Morelia,Nueva Valladolid,julio,viernes,17,-101.208909228444,19.6990390280241
45980,45986,2023,,2023/07/07,17:35:00,COLISIÓN POR MANIOBRA DE REVERSA,CONCRETO,Nublado,Bueno,2,MITSUBISHI,GRIS,2,,,MASCULINO,SIN DATOS,0,0,Morelia,Diego de Basalenque,julio,viernes,18,-101.15201421082,19.7059109944307
45981,45987,2023,,2023/07/07,17:50:00,COLISIÓN POR ALCANCE,ASFALTO,Bueno,Bueno,2,CHEVROLET,PLATA,2,MINISTERIO PÚBLICO,31,FEMENINO,SIN DATOS,0,0,Morelia,Libertad,julio,viernes,18,-101.23810775578,19.6873514937174
45982,45988,2023,MOR 230462835,2023/07/07,18:20:00,COLISIÓN POR CAMBIO DE CARRIL,ASFALTO,Bueno,Regular,2,KENWORTH,BLANCO,2,,78,MASCULINO,SIN DATOS,0,0,Morelia,Morelia 450,julio,viernes,18,-101.217537894845,19.6757426628387
45983,45989,2023,,2023/07/07,19:30:00,COLISIÓN POR ALCANCE,ASFALTO,Bueno,Bueno,2,TOYOTA,BLANCO CON ROJO,2,,21,,SIN DATOS,0,0,Morelia,Josefa Ortiz de Dominguez,julio,viernes,20,-101.20982889086,19.672049241075
45984,45990,2023,,2023/07/07,20:00:00,COLISIÓN CONTRA OBJETO FIJO,ASFALTO,Bueno,Bueno,2,NISSAN,BLANCO,2,,35,MASCULINO,SIN DATOS,0,0,Morelia,Comision Federal de Electricidad,julio,viernes,20,-101.176468916237,19.6841684854467
45985,45991,2023,MOR 230463120,2023/07/07,20:30:00,COLISIÓN POR CORTE DE CIRCULACIÓN,ASFALTO,Bueno,Regular,2,NISSAN,BLANCO/MORADO,2,,43,MASCULINO,SIN DATOS,0,0,Morelia,Hermanos Lopez Rayon,julio,viernes,21,-101.220244914293,19.675307627071
45986,45992,2023,LEG49172,2023/07/07,21:00:00,COLISIÓN POR ALCANCE,ASFALTO,Bueno,Bueno,2,NISSAN,ROJO,1,,36,FEMENINO,SIN DATOS,0,0,Morelia,Tlalpujahua,julio,viernes,21,-101.218206435442,19.6762563065969
45987,45993,2023,,2023/07/08,"00:00:00",COLISIÓN POR ALCANCE,ASFALTO,Bueno,Bueno,2,VOLKSWAGEN,ROJO,2,,25,MASCULINO,SIN DATOS,0,0,Morelia,Prados Verdes,julio,sábado,0,-101.201364174485,19.7151062974964
45988,45994,2023,,2023/07/08,"00:02:00",VOLCADURA,ASFALTO,Bueno,Bueno,1,NISSAN,ROJO,1,,37,FEMENINO,SIN DATOS,0,0,Morelia,Prados de La Huerta,julio,sábado,0,-101.223498433828,19.6683999342826
45989,45995,2023,,2023/07/08,"00:08:00",COLISIÓN POR CORTE DE CIRCULACIÓN,ASFALTO,Bueno,Bueno,2,MERCEDES BENZ,GRIS,2,MINISTERIO PÚBLICO,,FEMENINO,SIN DATOS,0,0,Morelia,Las Americas,julio,sábado,0,-101.155787073076,19.6889589156841
45990,45996,2023,,2023/07/08,"00:15:00",SALIDA DE SUPERFICIE DE RODAMIENTO,ASFALTO,Bueno,Bueno,1,NISSAN,BLANCO,1,MINISTERIO PÚBLICO,,FEMENINO,SIN DATOS,0,0,Morelia,Club de Golf Tres Marias,julio,sábado,0,-101.115698441863,19.7034941135248
45991,45997,2023,,2023/07/08,"03:25:00",COLISIÓN POR CORTE DE CIRCULACIÓN,ASFALTO,Bueno,Bueno,2,VOLSKWAGEN,BLANCO,2,,21,MASCULINO,SIN DATOS,0,0,Morelia,Ignacio Zaragoza,julio,sábado,3,-101.205285899341,19.725491212405
45992,45998,2023,,2023/07/08,10:25:00,COLISIÓN POR CORTE DE CIRCULACIÓN,ASFALTO,Bueno,Bueno,2,CHEVROLET,AZUL,2,,31,MASCULINO,SIN DATOS,0,0,Morelia,La Charca,julio,sábado,10,-101.200334206223,19.6592767774525
45993,45999,2023,,2023/07/08,13:30:00,COLISIÓN POR CAMBIO DE CARRIL,ASFALTO,Bueno,Bueno,2,FREIGHTLINER,GRIS,5,MINISTERIO PÚBLICO,57,MASCULINO,SIN DATOS,3,0,Morelia,Nicolaitas Ilustres,julio,sábado,14,-101.226290948689,19.7224677139286
45994,46000,2023,,2023/07/08,14:00:00,SALIDA DE SUPERFICIE DE RODAMIENTO,ASFALTO,Bueno,Bueno,1,FORD,NEGRO/ROJO,2,MINISTERIO PÚBLICO,18,MASCULINO,SIN DATOS,1,0,Morelia,Sin datos,julio,sábado,14,-101.124012954533,19.7173380506583
45995,46001,2023,,2023/07/08,14:40:00,COLISIÓN POR CORTE DE CIRCULACIÓN,ASFALTO,Bueno,Bueno,2,TOYOTA,BLANCO/MORADO,2,,,MASCULINO,SIN DATOS,0,0,Morelia,Independencia,julio,sábado,15,-101.177829131484,19.7048750575236
45996,46002,2023,MOR230462241,2023/07/08,15:15:00,COLISIÓN POR CAMBIO DE CARRIL,ASFALTO,Bueno,Bueno,2,JEEP,NEGRO,2,,31,MASCULINO,SIN DATOS,0,0,Morelia,Elias Perez Avalos,julio,sábado,15,-101.166542731225,19.7109747418178
45997,46003,2023,LEG49179,2023/07/08,16:15:00,COLISIÓN POR CORTE DE CIRCULACIÓN,ASFALTO,Bueno,Bueno,2,DODGE,ROJO,2,,56,MASCULINO,ALIENTO ETÍLICO,0,0,Morelia,Villa Universidad,julio,sábado,16,-101.199886612594,19.6866124908906
45998,46004,2023,,2023/07/08,18:10:00,COLISIÓN POR CAMBIO DE CARRIL,ASFALTO,Bueno,Bueno,2,CHEVROLET,ARENA,2,MINISTERIO PÚBLICO,48,MASCULINO,SIN DATOS,0,0,Morelia,Los Manantiales de Morelia,julio,sábado,18,-101.237729229033,19.7014790186554
45999,46005,2023,MOR230463106,2023/07/08,19:40:00,COLISIÓN POR ALCANCE,ASFALTO,Bueno,Bueno,2,TOYOTA,BLANCO/ROJO,2,,20,MASCULINO,SIN DATOS,0,0,Morelia,Josefa Ortiz de Dominguez,julio,sábado,20,-101.209769882262,19.6720287200735
46000,46006,2023,,2023/07/08,21:20:00,COLISIÓN CONTRA OBJETO FIJO,TERRACERIA,Nublado,Malo,1,CHEVROLET,VERDE,1,MINISTERIO PÚBLICO,,,SIN DATOS,0,0,Morelia,El Parian,julio,sábado,21,-101.265190020204,19.6918233193065
46001,46007,2023,,2023/07/08,21:25:00,COLISIÓN POR ALCANCE,ASFALTO,Bueno,Bueno,2,FORD,VERDE,2,,57,MASCULINO,SIN DATOS,0,0,Morelia,Canteras de Morelia,julio,sábado,21,-101.171489395201,19.714739859019
46002,46008,2023,,2023/07/08,22:10:00,COLISIÓN POR INVASIÓN DE CARRIL,ASFALTO,Bueno,Bueno,2,BAJAJ,VERDE,2,MINISTERIO PÚBLICO,28,FEMENINO,SIN DATOS,0,0,Morelia,Cuauhtemoc,julio,sábado,22,-101.180200539529,19.6937346820181
46004,46010,2023,,2023/07/09,"03:40:00",COLISIÓN CONTRA OBJETO FIJO,ASFALTO,Bueno,Bueno,1,BMW,NEGRO,1,,25,MASCULINO,SIN DATOS,0,0,Morelia,Arkos San Antonio,julio,domingo,4,-101.268303729594,19.6697824437942
46007,46013,2023,LEG49189,2023/07/09,17:00:00,COLISIÓN POR CAMBIO DE CARRIL,ASFALTO,Bueno,Bueno,2,CHRYSLER,VERDE,2,,46,MASCULINO,SIN DATOS,0,0,Morelia,Plan de La Garita,julio,domingo,17,-101.18518628,19.7123802899991
46008,46014,2023,,2023/07/09,21:15:00,SALIDA DE SUPERFICIE DE RODAMIENTO,SIN_DATOS,Bueno,Regular,1,TOYOTA,ROJO,2,MINISTERIO PÚBLICO,35,MASCULINO,SIN DATOS,0,1,Charo,Sin datos,julio,domingo,21,-100.979869030416,19.6508471203937
46009,46015,2023,,2023/07/09,22:40:00,COLISIÓN CONTRA OBJETO FIJO,ASFALTO,Bueno,Regular,1,VOLKSWAGEN,GRIS,2,MINISTERIO PÚBLICO,19,MASCULINO,SIN DATOS,1,0,Morelia,Ciudad Industrial,julio,domingo,23,-101.139214038849,19.7277635326882
46010,46016,2023,,2023/07/10,"00:01:00",COLISIÓN POR ALCANCE,ASFALTO,Lluvioso,Bueno,2,NISSAN,BLANCO,1,MINISTERIO PÚBLICO,56,MASCULINO,SIN DATOS,0,0,Morelia,El Eden,julio,lunes,0,-101.249642595649,19.6460337637535
46011,46017,2023,,2023/07/10,"00:25:00",COLISIÓN POR CORTE DE CIRCULACIÓN,ASFALTO,Bueno,Bueno,0,,,0,,,,,0,0,Lázaro Cárdenas,Juan Francisco Noyola,julio,lunes,0,-102.216637283564,17.9739870878714
46012,46018,2023,,2023/07/10,11:45:00,COLISIÓN CONTRA OBJETO FIJO,CONCRETO,Bueno,Bueno,1,NISSAN,BLANCO,1,,42,MASCULINO,SIN DATOS,0,0,Morelia,La Colina,julio,lunes,12,-101.216169968247,19.703817018755
46013,46019,2023,,2023/07/10,15:30:00,COLISIÓN POR ALCANCE,ASFALTO,Bueno,Bueno,2,CHEVROLET,GRIS,2,,43,MASCULINO,SIN DATOS,0,0,Morelia,Avicola Benito Juarez,julio,lunes,16,-101.2795374915,19.6913479215028
46014,46020,2023,LEG49195,2023/07/10,21:50:00,COLISIÓN POR CORTE DE CIRCULACIÓN,ASFALTO,Lluvioso,Bueno,5,TOYOTA,NEGRO,6,MINISTERIO PÚBLICO,,MASCULINO,SIN DATOS,4,0,Morelia,El Eden,julio,lunes,22,-101.249642595649,19.6460312376822
46015,46021,2023,,2023/07/11,"00:00:00",COLISIÓN POR CORTE DE CIRCULACIÓN,CONCRETO,Bueno,Bueno,2,FORD,BLANCO,2,,32,MASCULINO,SIN DATOS,0,0,Morelia,El Porvenir,julio,martes,0,-101.201642655,19.7131902799991
46017,46023,2023,,2023/07/11,"04:25:00",SALIDA DE SUPERFICIE DE RODAMIENTO,ASFALTO,Bueno,Bueno,1,HYUNDAI,BLANCO,1,,20,MASCULINO,SIN DATOS,0,0,Morelia,Bicentenario,julio,martes,4,-101.17904048413,19.7383962997357
46018,46024,2023,,2023/07/11,"07:00:00",SALIDA DE SUPERFICIE DE RODAMIENTO,ASFALTO,Bueno,Bueno,1,NISSAN,GRIS,1,,20,MASCULINO,SIN DATOS,0,0,Morelia,Los Fresnos,julio,martes,7,-101.12,19.7326
46019,46025,2023,,2023/07/11,"09:10:00",COLISIÓN POR ALCANCE,ASFALTO,Bueno,Bueno,3,FORD,BLANCO,3,MINISTERIO PÚBLICO,30,MASCULINO,SIN DATOS,0,0,Morelia,Centro,julio,martes,9,-101.181169599427,19.7023587630113
46020,46026,2023,,2023/07/11,10:00:00,COLISIÓN CON PEATÓN,CONCRETO,Bueno,Bueno,2,DODGE,BLANCO,2,,70,FEMENINO,SIN DATOS,0,0,Morelia,Independencia,julio,martes,10,-101.177865472076,19.7131242077165
46021,46027,2023,LEG49202,2023/07/11,12:20:00,COLISIÓN POR CORTE DE CIRCULACIÓN,ASFALTO,Bueno,Bueno,2,NISSAN,GRIS,2,,65,MASCULINO,SIN DATOS,0,0,Morelia,Ciudad Industrial,julio,martes,12,-101.14554366932,19.7284851395985
46022,46028,2023,LEG49201,2023/07/11,20:00:00,COLISIÓN POR CORTE DE CIRCULACIÓN,ASFALTO,Lluvioso,Malo,1,BMW,GRIS,1,,32,MASCULINO,SIN DATOS,0,0,Morelia,Gertrudis Sanchez,julio,martes,20,-101.205776745,19.7441101549991
46023,46029,2023,,2023/07/12,"08:35:00",COLISIÓN POR NO RESPETAR SEMÁFORO,ASFALTO,Bueno,Bueno,2,NISSAN,BLANCO,2,,,MASCULINO,SIN DATOS,0,0,Morelia,Santillan La Huerta,julio,miércoles,9,-101.219553885717,19.6760966650679
46024,46030,2023,,2023/07/12,14:05:00,COLISIÓN POR ALCANCE,ASFALTO,Bueno,Bueno,2,FORD,ROJO,2,,24,MASCULINO,SIN DATOS,0,0,Morelia,Las Americas,julio,miércoles,14,-101.15527803761,19.6905832056681
46025,46031,2023,,2023/07/12,15:25:00,COLISIÓN POR INVASIÓN DE CARRIL,ASFALTO,Bueno,Bueno,2,FORD,GRIS,2,,30,MASCULINO,SIN DATOS,0,0,Charo,La Goleta,julio,miércoles,15,-101.079649,19.738254
46026,46032,2023,,2023/07/12,16:20:00,COLISIÓN POR CORTE DE CIRCULACIÓN,ASFALTO,Bueno,Bueno,2,SEAT TOLEDO,GRIS,2,,32,FEMENINO,SIN DATOS,0,0,Morelia,Vasco de Quiroga,julio,miércoles,16,-101.172084441176,19.7019638559701
46027,46033,2023,,2023/07/12,17:00:00,COLISIÓN POR INVASIÓN DE CARRIL,CONCRETO,Bueno,Bueno,2,KIA/RIO,ROJO,2,,36,MASCULINO,SIN DATOS,0,0,Morelia,El Porvenir,julio,miércoles,17,-101.20451208204,19.7097892275998
46029,46035,2023,,2023/07/13,"03:00:00",COLISIÓN POR NO RESPETAR SEMÁFORO,ASFALTO,Bueno,Bueno,3,CHRYSLER,GRIS,3,MINISTERIO PÚBLICO,35,MASCULINO,SIN DATOS,0,0,Morelia,Del Empleado,julio,jueves,3,-101.18002517,19.6886070099991
46030,46036,2023,,2023/07/13,"04:15:00",COLISIÓN CONTRA OBJETO FIJO,ASFALTO,Bueno,Bueno,1,FORD,AZUL MARINO,0,MINISTERIO PÚBLICO,,,,0,0,Pátzcuaro,Sin datos,julio,jueves,4,-101.652981452644,19.5295017822635
46031,46037,2023,,2023/07/13,"09:15:00",COLISIÓN POR CORTE DE CIRCULACIÓN,ASFALTO,Bueno,Bueno,2,NISSAN,BLANCO Y ROJO,2,MINISTERIO PÚBLICO,32,MASCULINO,SIN DATOS,0,0,Morelia,Vistas de Altozano,julio,jueves,9,-101.167,19.6551
46033,46039,2023,,2023/07/13,10:35:00,COLISIÓN POR CORTE DE CIRCULACIÓN,ASFALTO,Bueno,Bueno,2,NISSAN VERSA,AZUL,2,,35,MASCULINO,SIN DATOS,0,0,Morelia,Vasco de Quiroga,julio,jueves,11,-101.170833930373,19.7049833230292
46034,46040,2023,,2023/07/13,11:00:00,COLISIÓN POR ALCANCE,ASFALTO,Bueno,Bueno,2,NISSAN,ROJO,2,,19,MASCULINO,SIN DATOS,0,0,Morelia,Las Americas,julio,jueves,11,-101.15527803761,19.6905832056681
46035,46041,2023,,2023/07/13,15:00:00,VOLCADURA,ASFALTO,Bueno,Bueno,1,NISSAN,BLANCO,1,,21,MASCULINO,SIN DATOS,0,0,Charo,De Santiago,julio,jueves,15,-101.044372,19.745476
46036,46042,2023,,2023/07/13,15:08:00,COLISIÓN CONTRA OBJETO FIJO,ASFALTO,Bueno,Bueno,2,FORD,GRIS,2,,43,MASCULINO,SIN DATOS,0,0,Morelia,Chapultepec Sur,julio,jueves,15,-101.17633964,19.6929186999991
46037,46043,2023,,2023/07/13,15:30:00,COLISIÓN POR ALCANCE,ASFALTO,Bueno,Bueno,2,ITALIKA,VERDE,2,,28,MASCULINO,SIN DATOS,0,0,Morelia,Tres Puentes,julio,jueves,16,-101.213524742681,19.7058468756013
46038,46044,2023,LEG49222,2023/07/13,15:42:00,COLISIÓN POR CORTE DE CIRCULACIÓN,ASFALTO,Bueno,Bueno,2,NISSAN,BLANCO,2,,76,MASCULINO,SIN DATOS,0,0,Morelia,Nueva Chapultepec,julio,jueves,16,-101.170656534483,19.6877951794071
46039,46045,2023,LEG49223,2023/07/13,15:50:00,SALIDA DE SUPERFICIE DE RODAMIENTO,ASFALTO,Bueno,Bueno,1,VOLKSWAGEN,BLANCO,1,MINISTERIO PÚBLICO,,,,0,1,Morelia,Sin datos,julio,jueves,16,-101.480765365562,19.7848334819828
46040,46046,2023,LEG49216,2023/07/13,16:40:00,COLISIÓN POR ALCANCE,ASFALTO,Bueno,Bueno,3,VOLKSWAGEN,GRIS,3,,21,MASCULINO,SIN DATOS,0,0,Morelia,El Lago 1,julio,jueves,17,-101.216335622487,19.7307987163553
46041,46047,2023,LEG49217,2023/07/13,18:35:00,SALIDA DE SUPERFICIE DE RODAMIENTO,ASFALTO,Bueno,Bueno,1,FORD,BLANCO y NARANJA,1,,49,MASCULINO,SIN DATOS,0,0,Morelia,Infonavit Cepamisa,julio,jueves,19,-101.215110614972,19.6969162713877
46042,46048,2023,LEG49224,2023/07/13,21:43:00,COLISIÓN POR INVASIÓN DE CARRIL,ASFALTO,Lluvioso,Regular,2,VOLKSWAGEN,BLANCO,2,,29,MASCULINO,ALIENTO ETÍLICO,0,0,Morelia,Ejidal San Isidro,julio,jueves,22,-101.279508614475,19.6906503850057
46043,46049,2023,MOR2355785,2023/07/13,23:00:00,COLISIÓN POR CORTE DE CIRCULACIÓN,ASFALTO,Bueno,Bueno,2,SEAT,GRIS,2,,,MASCULINO,SIN DATOS,0,0,Morelia,Camelinas,julio,jueves,23,-101.174,19.6806
46044,46050,2023,LEG49225,2023/07/14,"04:00:00",SALIDA DE SUPERFICIE DE RODAMIENTO,CONCRETO,Nublado,Regular,1,CHEVROLET,AZUL,1,,,FEMENINO,SIN DATOS,0,0,Morelia,Gertrudis Sanchez,julio,viernes,4,-101.195866415,19.7437195599991
46045,46051,2023,,2023/07/14,"08:10:00",COLISIÓN POR CORTE DE CIRCULACIÓN,ASFALTO,Bueno,Bueno,2,TOYOTA,GRIS,2,,47,MASCULINO,SIN DATOS,0,0,Morelia,Chapultepec Sur,julio,viernes,8,-101.174479722977,19.6923596395697
46046,46052,2023,MOR 2356781,2023/07/14,"08:55:00",COLISIÓN POR ALCANCE,ASFALTO,Bueno,Bueno,2,DODGE,GUINDA,2,MINISTERIO PÚBLICO,,MASCULINO,SIN DATOS,0,0,Morelia,Felix Ireta,julio,viernes,9,-101.191786341369,19.6824173777548
46047,46053,2023,,2023/07/14,13:00:00,COLISIÓN POR ALCANCE,ASFALTO,Bueno,Bueno,2,FORD,BLANCO,2,,,MASCULINO,SIN DATOS,0,0,Morelia,Loma Bonita,julio,viernes,13,-101.19660794735,19.7229840481988
46048,46054,2023,,2023/07/14,13:55:00,COLISIÓN POR CORTE DE CIRCULACIÓN,ASFALTO,Bueno,Bueno,2,VOLKSWAGEN,GRIS,2,,47,FEMENINO,SIN DATOS,0,0,Morelia,Nueva Valladolid,julio,viernes,14,-101.20886195451,19.7021826002458
46049,46055,2023,,2023/07/14,15:15:00,COLISIÓN POR CORTE DE CIRCULACIÓN,CONCRETO,Bueno,Bueno,2,ITALIKA,NEGRO/AMARILLO,3,,19,MASCULINO,SIN DATOS,1,0,Morelia,Ilustres Novohispanos,julio,viernes,15,-101.151466704905,19.7085711941216
46050,46056,2023,,2023/07/14,17:30:00,CAIDA DE MOTOCICLETA,SIN_DATOS,Bueno,Bueno,1,ITALIKA,BLANCO/NEGRO,2,MINISTERIO PÚBLICO,21,MASCULINO,SIN DATOS,1,0,Pátzcuaro,Centro,julio,viernes,18,-101.609538719058,19.5150870525997
46051,46057,2023,MOR2345681,2023/07/14,18:31:00,COLISIÓN POR CAMBIO DE CARRIL,ASFALTO,Bueno,Bueno,2,VENTO,NEGRO,1,,,MASCULINO,SIN DATOS,0,0,Morelia,Sentimientos de La Nacion,julio,viernes,19,-101.232016123831,19.6777662897446
46052,46058,2023,,2023/07/14,21:10:00,COLISIÓN POR CORTE DE CIRCULACIÓN,ASFALTO,Bueno,Bueno,2,HONDA,GRIS,2,,45,FEMENINO,SIN DATOS,0,0,Morelia,Villas del Real,julio,viernes,21,-101.198665872216,19.7341602563354
46053,46059,2023,,2023/07/15,"00:01:00",COLISIÓN POR INVASIÓN DE CARRIL,ASFALTO,Bueno,Bueno,2,ITALIKA,ROJO,3,MINISTERIO PÚBLICO,52,MASCULINO,ALIENTO ETÍLICO,1,0,Morelia,Felipe Carrillo Puerto,julio,sábado,0,-101.179943047464,19.7315159464067
46054,46060,2023,,2023/07/15,"05:00:00",COLISIÓN CONTRA OBJETO FIJO,ASFALTO,Bueno,Bueno,1,FORD,VERDE,1,,60,MASCULINO,SIN DATOS,0,0,Morelia,La Calera,julio,sábado,5,-101.235255897045,19.670136356735
46055,46061,2023,,2023/07/15,"08:00:00",COLISIÓN POR ALCANCE,ASFALTO,Bueno,Bueno,2,VOLKSWAGEN,AZUL,2,MINISTERIO PÚBLICO,29,MASCULINO,SIN DATOS,0,0,Morelia,Enrique Arreguin Robles,julio,sábado,8,-101.1795521155,19.7203329254392
46056,46062,2023,,2023/07/15,"09:30:00",COLISIÓN POR CAMBIO DE CARRIL,ASFALTO,Bueno,Bueno,2,MERCEDES BENZ,BLANCO/AZUL,2,,20,MASCULINO,SIN DATOS,0,0,Morelia,Francisco J Mujica,julio,sábado,10,-101.184549406171,19.7249423790918
46057,46063,2023,,2023/07/15,10:30:00,COLISIÓN POR ALCANCE,ASFALTO,Bueno,Bueno,2,CHEVROLET,ROJO,2,,21,MASCULINO,SIN DATOS,0,0,Morelia,Canteras de Morelia,julio,sábado,11,-101.171493418515,19.7147502745945
46058,46064,2023,,2023/07/15,10:37:00,COLISIÓN POR CORTE DE CIRCULACIÓN,ASFALTO,Bueno,Bueno,2,HERO,NEGRO,3,,43,MASCULINO,SIN DATOS,1,0,Morelia,Diego Rivera,julio,sábado,11,-101.177715472877,19.7194883442387
46059,46065,2023,,2023/07/15,13:35:00,COLISIÓN POR CORTE DE CIRCULACIÓN,ASFALTO,Nublado,Bueno,2,CHEVROLET,VERDE,2,,50,MASCULINO,SIN DATOS,0,0,Morelia,Valle de Las Flores,julio,sábado,14,-101.131979450583,19.6859492479444
46060,46066,2023,,2023/07/15,17:00:00,COLISIÓN POR CORTE DE CIRCULACIÓN,ASFALTO,Bueno,Bueno,2,HONDA,BLANCO,3,,15,MASCULINO,SIN DATOS,1,0,Morelia,Centro,julio,sábado,17,-101.179706342518,19.7040717441219
46061,46067,2023,,2023/07/15,17:41:00,COLISIÓN POR CORTE DE CIRCULACIÓN,ASFALTO,Bueno,Bueno,2,JEEP,VERDE,3,MINISTERIO PÚBLICO,19,MASCULINO,SIN DATOS,2,0,Cuitzeo,San Agustin del Pulque,julio,sábado,18,-101.072475649416,19.9611668006055
46062,46068,2023,,2023/07/15,19:15:00,COLISIÓN CONTRA OBJETO FIJO,CONCRETO,Bueno,Bueno,1,NISSAN,NEGRO,1,,54,MASCULINO,SIN DATOS,0,0,Morelia,Tzindurio de Morelos,julio,sábado,19,-101.243653222919,19.6999733625968
46063,46069,2023,,2023/07/15,19:51:00,CAIDA DE MOTOCICLETA,ASFALTO,Bueno,Bueno,1,ITALIKA,AZUL/NEGRO,2,,17,MASCULINO,SIN DATOS,1,0,Morelia,Arcos del Valle,julio,sábado,20,-101.236249990761,19.707623337345
46064,46070,2023,,2023/07/15,21:00:00,SALIDA DE SUPERFICIE DE RODAMIENTO,ASFALTO,Bueno,Bueno,1,ITALIKA,NEGRO,1,,,,SIN DATOS,0,0,Charo,Sin datos,julio,sábado,21,-101.054843477905,19.7159808858516
46065,46071,2023,,2023/07/15,22:30:00,COLISIÓN POR INVASIÓN DE CARRIL,ASFALTO,Bueno,Bueno,2,NISSAN,GRIS,2,MINISTERIO PÚBLICO,30,MASCULINO,SIN DATOS,0,0,Morelia,La Aldea,julio,sábado,23,-101.134134102613,19.7413385843652
46066,46072,2023,LEG49251,2023/07/15,22:40:00,COLISIÓN POR CORTE DE CIRCULACIÓN,ASFALTO,Nublado,Bueno,2,ITALIKA,ROJO,2,,16,MASCULINO,SIN DATOS,0,0,Morelia,Lomas del Durazno,julio,sábado,23,-101.194071918726,19.6637856948605
46067,46073,2023,,2023/07/16,"00:00:00",COLISIÓN POR CORTE DE CIRCULACIÓN,ASFALTO,Bueno,Bueno,2,CHEVROLET,BLANCO,2,,33,MASCULINO,SIN DATOS,0,0,Morelia,Comision Federal de Electricidad,julio,domingo,0,-101.181340143085,19.6815040918909
46068,46074,2023,,2023/07/16,"05:18:00",COLISIÓN POR CORTE DE CIRCULACIÓN,ASFALTO,Bueno,Bueno,2,SEAT,NEGRO,1,,30,MASCULINO,SIN DATOS,0,0,Morelia,Lindavista,julio,domingo,5,-101.216178350151,19.7038839354954