fid,id_accidente,anio_origen,folio_c5i,dia_incidente,hora_ocurrencia,tipo_incidente_vial,superficie_ocurrencia,condiciones_climaticas,condiciones_via,numero_vehiculos_involucrados,marca_vehiculo_ocasiona_siniestro,color_vehiculo_ocasiona_siniestro,numero_personas_involucradas,lugar_remite_presunto_responsable,edad_presunto_responsable,sexo_presunto_responsable,resultados_toxicologia,numero_personas_lesionadas,numero_personas_fallecidas,municipio,colonia,mes,dia_semana,hora_redondeada,lon,lat
46069,46075,2023,,2023/07/16,11:30:00,SALIDA DE SUPERFICIE DE RODAMIENTO,ASFALTO,Bueno,Bueno,1,BMW,GIACIER SILVER,1,MINISTERIO PÚBLICO,22,MASCULINO,SIN DATOS,0,0,Hidalgo,Sin datos,julio,domingo,12,-100.646887868643,19.7156327554411
46070,46076,2023,,2023/07/16,16:54:00,COLISIÓN POR ALCANCE,ASFALTO,Bueno,Bueno,2,INTERNACIONAL,BLANCO Y NARANJA,2,,28,MASCULINO,SIN DATOS,0,0,Morelia,Fovissste La Huerta,julio,domingo,17,-101.212135925889,19.6922920866749
46071,46077,2023,,2023/07/16,17:05:00,COLISIÓN CONTRA OBJETO FIJO,CONCRETO,Bueno,Bueno,1,TOYOTA HIACE,BLANCO Y GRIS,1,,23,MASCULINO,SIN DATOS,0,0,Morelia,Veinte de Noviembre,julio,domingo,17,-101.164967939258,19.7205895181712
46072,46078,2023,,2023/07/16,17:35:00,COLISIÓN POR CORTE DE CIRCULACIÓN,ASFALTO,Bueno,Bueno,2,RENAULT/DUSTER,GRIS,2,,34,FEMENINO,SIN DATOS,0,0,Morelia,Felix Ireta,julio,domingo,18,-101.18143837899,19.6815056703362
46073,46079,2023,,2023/07/16,17:40:00,VOLCADURA,ASFALTO,Bueno,Bueno,1,DODGE,ROJO,1,MINISTERIO PÚBLICO,,,SIN DATOS,0,0,Morelia,3 de Agosto,julio,domingo,18,-101.172478795052,19.7314294746184
46074,46080,2023,,2023/07/16,19:05:00,COLISIÓN POR ALCANCE,ASFALTO,Bueno,Bueno,2,ITALIKA,NEGRO,2,,19,MASCULINO,SIN DATOS,0,0,Tarímbaro,Sin datos,julio,domingo,19,-101.123176440597,19.7789506523614
46075,46081,2023,,2023/07/16,19:20:00,COLISIÓN CONTRA OBJETO FIJO,ASFALTO,Bueno,Bueno,3,SEAT,NEGRO,3,,30,MASCULINO,SIN DATOS,0,0,Morelia,Ciudad Jardin,julio,domingo,19,-101.251022256911,19.7011557930564
46076,46082,2023,,2023/07/16,20:20:00,COLISIÓN CONTRA OBJETO FIJO,ASFALTO,Bueno,Bueno,1,VOLSWAGEN,ROJO,1,MINISTERIO PÚBLICO,,,SIN DATOS,0,0,Morelia,Dr Miguel Silva,julio,domingo,20,-101.188308522105,19.7211393132654
46077,46083,2023,,2023/07/16,20:20:00,COLISIÓN POR CORTE DE CIRCULACIÓN,ASFALTO,Bueno,Bueno,2,CHEVROLET,BLANCO,4,MINISTERIO PÚBLICO,28,MASCULINO,SIN DATOS,2,0,Pátzcuaro,San Nicolas (La Valenciana),julio,domingo,20,-101.615079157054,19.5239090223468
46078,46084,2023,,2023/07/16,21:21:00,COLISIÓN CONTRA OBJETO FIJO,ASFALTO,Bueno,Bueno,1,FORD,ROJO,1,,83,MASCULINO,SIN DATOS,0,0,Morelia,Enrique Arreguin Robles,julio,domingo,21,-101.188150942326,19.7214419838104
46079,46085,2023,,2023/07/16,22:10:00,COLISIÓN CONTRA OBJETO FIJO,ASFALTO,Bueno,Bueno,1,FORD,BLANCO,1,,,MASCULINO,SIN DATOS,0,0,Morelia,Enrique Arreguin Robles,julio,domingo,22,-101.188150942326,19.7214413525899
46080,46086,2023,,2023/07/17,"00:00:00",COLISIÓN POR ALCANCE,CONCRETO,Lluvioso,Bueno,2,CHEVROLET,AZUL,2,,39,MASCULINO,SIN DATOS,0,0,Morelia,La Huerta,julio,lunes,0,-101.217147298157,19.6755450342546
46081,46087,2023,MOT234567,2023/07/17,"00:05:00",COLISIÓN POR ALCANCE,ASFALTO,Bueno,Bueno,2,VOLKSWAGEN,BLANCO,2,,,,SIN DATOS,0,0,Morelia,Villas de La Esperanza,julio,lunes,0,-101.276145502925,19.6925686114283
46082,46088,2023,LEG49262,2023/07/17,"01:50:00",COLISIÓN POR CORTE DE CIRCULACIÓN,ASFALTO,Bueno,Bueno,2,CHEVROLET,AZUL,2,,0,MASCULINO,SIN DATOS,0,0,Morelia,Isaac Arriaga,julio,lunes,2,-101.17049831897,19.7081084715351
46083,46089,2023,MOR 230489311,2023/07/17,"08:30:00",COLISIÓN POR CAMBIO DE CARRIL,ASFALTO,Nublado,Regular,2,VOLKSWAGEN,GRIS,2,,57,MASCULINO,SIN DATOS,0,0,Morelia,Torreon Nuevo,julio,lunes,9,-101.203787885606,19.7466020320705
46084,46090,2023,,2023/07/17,10:00:00,COLISIÓN POR CORTE DE CIRCULACIÓN,ASFALTO,Bueno,Bueno,2,NISSAN,GRIS,2,,35,MASCULINO,SIN DATOS,0,0,Morelia,Felicitas del Rio,julio,lunes,10,-101.195526346564,19.6917775473351
46085,46091,2023,,2023/07/17,12:30:00,COLISIÓN POR ALCANCE,ASFALTO,Nublado,Bueno,2,VOLSKWAGUEN,BLANCO,2,,32,MASCULINO,SIN DATOS,0,0,Morelia,Indeco El Vivero,julio,lunes,13,-101.229760050774,19.6770007240689
46086,46092,2023,,2023/07/17,15:00:00,COLISIÓN POR CAMBIO DE CARRIL,CONCRETO,Nublado,Bueno,2,NISSAN,BLANCO Y ROJO,2,,52,MASCULINO,SIN DATOS,0,0,Morelia,Centro,julio,lunes,15,-101.196019202471,19.7030155939206
46087,46093,2023,,2023/07/17,15:30:00,SALIDA DE SUPERFICIE DE RODAMIENTO,CONCRETO,Bueno,Bueno,1,IZUSU,BLANCO Y AZUL,1,,23,MASCULINO,SIN DATOS,0,0,Morelia,Mirador del Punhuato,julio,lunes,16,-101.158775389194,19.7039959894083
46088,46094,2023,,2023/07/17,17:30:00,COLISIÓN POR ALCANCE,ASFALTO,Bueno,Bueno,4,CHEVROLET,BLANCO,4,MINISTERIO PÚBLICO,31,MASCULINO,SIN DATOS,0,0,Morelia,Fidel Velazquez,julio,lunes,18,-101.23995076865,19.7060119994984
46089,46095,2023,,2023/07/17,18:10:00,COLISIÓN POR CAMBIO DE CARRIL,ASFALTO,Bueno,Bueno,2,NISSAN,VERDE,2,,53,MASCULINO,SIN DATOS,0,0,Morelia,Dr Miguel Silva,julio,lunes,18,-101.188256219029,19.7212352589434
46090,46096,2023,,2023/07/17,19:20:00,COLISIÓN POR ALCANCE,ASFALTO,Lluvioso,Malo,4,CHEVROLET,ROJO,4,,83,MASCULINO,SIN DATOS,0,0,Morelia,Fovissste Acueducto,julio,lunes,19,-101.155639886856,19.7006879986015
46091,46097,2023,LEG49272,2023/07/17,20:30:00,COLISIÓN CONTRA OBJETO FIJO,CONCRETO,Nublado,Bueno,2,CHEVROLET,BLANCO,2,,36,MASCULINO,SIN DATOS,0,0,Morelia,Jacarandas,julio,lunes,21,-101.2115740031,19.7089717353069
46092,46098,2023,,2023/07/17,21:20:00,COLISIÓN CON PEATÓN,ASFALTO,Nublado,Regular,1,HYUNDAI,GRIS,1,,47,FEMENINO,SIN DATOS,0,0,Morelia,Paraiso del Sur,julio,lunes,21,-101.195634640753,19.6577590424732
46093,46099,2023,,2023/07/17,22:07:00,COLISIÓN POR ALCANCE,ASFALTO,Bueno,Bueno,2,NISSAN,BLANCO Y ROJO,2,,61,MASCULINO,SIN DATOS,0,0,Morelia,Ignacio Allende,julio,lunes,22,-101.279322579503,19.6854782522376
46094,46100,2023,,2023/07/17,22:40:00,COLISIÓN POR CORTE DE CIRCULACIÓN,ASFALTO,Bueno,Bueno,2,VOLKSWAGEN /BEETLE,VERDE,2,,30,MASCULINO,SIN DATOS,0,0,Morelia,Ventura Puente,julio,lunes,23,-101.179439127445,19.692331545145
46095,46101,2023,,2023/07/18,"00:00:00",COLISIÓN POR CORTE DE CIRCULACIÓN,ASFALTO,Nublado,Regular,2,CHEVROLET,BLANCO,2,MINISTERIO PÚBLICO,37,MASCULINO,SIN DATOS,0,0,Morelia,Ciudad Industrial,julio,martes,0,-101.142909452319,19.7252450424344
46096,46102,2023,,2023/07/18,"00:00:00",COLISIÓN POR ALCANCE,ASFALTO,Bueno,Bueno,2,ITALIKA,BLANCO,1,MINISTERIO PÚBLICO,18,MASCULINO,SIN DATOS,0,0,Morelia,Sin datos,julio,martes,0,-101.260858252645,19.6402893748751
46097,46103,2023,LEG49281,2023/07/18,"01:20:00",COLISIÓN POR CORTE DE CIRCULACIÓN,CONCRETO,Bueno,Bueno,2,HYUNDAI,PLATA,2,,35,MASCULINO,SIN DATOS,0,0,Morelia,Industrial,julio,martes,1,-101.197667755187,19.7107654783653
46098,46104,2023,,2023/07/18,"08:35:00",COLISIÓN POR CAMBIO DE CARRIL,ASFALTO,Bueno,Bueno,2,CHEVROLET/SILVERADO,NEGRO,2,MINISTERIO PÚBLICO,,,SIN DATOS,0,0,Morelia,Real Hacienda La Trinidad,julio,martes,9,-101.225572451949,19.6724113573921
46099,46105,2023,,2023/07/18,"09:00:00",COLISIÓN POR CAMBIO DE CARRIL,CONCRETO,Bueno,Bueno,2,NISSAN,BLANCO,2,,52,MASCULINO,SIN DATOS,0,0,Morelia,Chapultepec Norte,julio,martes,9,-101.164484806359,19.6959348516316
46100,46106,2023,,2023/07/18,"09:15:00",COLISIÓN POR CORTE DE CIRCULACIÓN,ASFALTO,Bueno,Bueno,1,ITALIKA,NARANJA/NEGRO,2,MINISTERIO PÚBLICO,19,MASCULINO,SIN DATOS,1,0,Pátzcuaro,Centro,julio,martes,9,-101.614418998361,19.5368922452702
46101,46107,2023,,2023/07/18,10:10:00,COLISIÓN POR CORTE DE CIRCULACIÓN,ASFALTO,Bueno,Bueno,2,NISSAN,BLANCO Y ROJO,2,,68,MASCULINO,SIN DATOS,0,0,Morelia,Jardines del Rincon,julio,martes,10,-101.150838732719,19.6896221461646
46102,46108,2023,,2023/07/18,12:11:00,COLISIÓN CONTRA OBJETO FIJO,ASFALTO,Bueno,Bueno,3,TOYOTA,NEGRO,3,MINISTERIO PÚBLICO,44,MASCULINO,SIN DATOS,0,0,Morelia,Felix Arreguin,julio,martes,12,-101.223107166588,19.7187564333785
46103,46109,2023,,2023/07/18,13:10:00,COLISIÓN POR MANIOBRA DE REVERSA,ASFALTO,Bueno,Bueno,2,NISSAN,AMARILLO,2,,63,MASCULINO,SIN DATOS,0,0,Morelia,Nueva Valladolid,julio,martes,13,-101.210654005408,19.701960068045
46104,46110,2023,,2023/07/18,14:15:00,COLISIÓN POR CORTE DE CIRCULACIÓN,ASFALTO,Bueno,Bueno,2,CHEVROLET,ARENA,2,,26,MASCULINO,SIN DATOS,0,0,Morelia,La Charca,julio,martes,14,-101.200332529843,19.6592770931853
46105,46111,2023,MOR230490781,2023/07/18,14:41:00,COLISIÓN POR NO RESPETAR SEMÁFORO,ASFALTO,Bueno,Bueno,2,NISSAN,GRIS,2,MINISTERIO PÚBLICO,,MASCULINO,SIN DATOS,0,0,Morelia,Insurgentes,julio,martes,15,-101.155081316829,19.695177895685
46106,46112,2023,,2023/07/18,20:15:00,COLISIÓN POR ALCANCE,ASFALTO,Bueno,Bueno,2,HONDA,GRIS,2,,34,MASCULINO,SIN DATOS,0,0,Morelia,El Lago 3,julio,martes,20,-101.221886761487,19.7272412174834
46107,46113,2023,,2023/07/18,21:15:00,COLISIÓN POR ALCANCE,ASFALTO,Bueno,Bueno,2,CHEVROLET,AZUL,2,,28,MASCULINO,SIN DATOS,0,0,Morelia,Eduardo Ruiz,julio,martes,21,-101.223933286965,19.7251023899189
46108,46114,2023,,2023/07/18,21:40:00,COLISIÓN POR CAMBIO DE CARRIL,ASFALTO,Bueno,Bueno,2,NISSAN,ROJO,2,,22,MASCULINO,SIN DATOS,0,0,Morelia,Centro,julio,martes,22,-101.186629794538,19.7037911358573
46109,46115,2023,,2023/07/18,22:45:00,COLISIÓN POR ALCANCE,ASFALTO,Bueno,Bueno,2,MAZDA,ROJO,2,,19,MASCULINO,SIN DATOS,0,0,Morelia,Alberto Oviedo Mota,julio,martes,23,-101.195736899972,19.6815236646118
46110,46116,2023,,2023/07/19,"08:20:00",COLISIÓN POR CAMBIO DE CARRIL,CONCRETO,Bueno,Bueno,2,NISSAN,GRIS,2,,34,FEMENINO,SIN DATOS,0,0,Morelia,Agustin Arriaga Rivera,julio,miércoles,8,-101.222036294639,19.6931491224561
46111,46117,2023,LEG49300,2023/07/19,"09:50:00",SALIDA DE SUPERFICIE DE RODAMIENTO,ASFALTO,Bueno,Bueno,1,FORD,GRIS,2,,,MASCULINO,SIN DATOS,1,0,Morelia,Sin datos,julio,miércoles,10,-101.276988387108,19.6276760700349
46112,46118,2023,,2023/07/19,11:30:00,COLISIÓN POR CORTE DE CIRCULACIÓN,ASFALTO,Bueno,Bueno,2,MERCEDES BENZ,BLANCO,2,MINISTERIO PÚBLICO,,MASCULINO,SIN DATOS,0,0,Morelia,El Eden,julio,miércoles,12,-101.25354655087,19.6434277843137
46113,46119,2023,,2023/07/19,11:40:00,COLISIÓN POR ALCANCE,ASFALTO,Bueno,Bueno,2,DINAMO,BLANCO Y ROJO,2,MINISTERIO PÚBLICO,41,MASCULINO,SIN DATOS,0,0,Morelia,La Luz,julio,miércoles,12,-101.299806274474,19.6873417077134
46114,46120,2023,,2023/07/19,12:40:00,COLISIÓN POR CORTE DE CIRCULACIÓN,CONCRETO,Bueno,Bueno,2,HONDA,BLANCO,2,,23,MASCULINO,SIN DATOS,0,0,Morelia,Independencia,julio,miércoles,13,-101.175895258784,19.7081220439084
46115,46121,2023,,2023/07/19,13:05:00,COLISIÓN POR ALCANCE,ASFALTO,Bueno,Bueno,2,INTERNACIONAL,BLANCO,2,,52,MASCULINO,SIN DATOS,0,0,Morelia,Enrique Ramirez,julio,miércoles,13,-101.165976785123,19.7098457259475
46116,46122,2023,,2023/07/19,19:45:00,COLISIÓN POR CAMBIO DE CARRIL,ASFALTO,Bueno,Bueno,2,VOLKSWAGEN,BLANCO,2,,56,,SIN DATOS,0,0,Morelia,Eva Samano,julio,miércoles,20,-101.199451759458,19.7314351552483
46117,46123,2023,MOR 230494011,2023/07/19,20:30:00,COLISIÓN POR CAMBIO DE CARRIL,ASFALTO,Nublado,Regular,2,VOLKSWAGEN,NEGRO,2,MINISTERIO PÚBLICO,64,MASCULINO,CON CERTIFICADO,0,0,Morelia,Nueva Chapultepec,julio,miércoles,21,-101.165857955347,19.6860508317365
46118,46124,2023,,2023/07/20,14:30:00,COLISIÓN POR INVASIÓN DE CARRIL,ASFALTO,Bueno,Bueno,2,NISSAN,GUINDA,2,,51,FEMENINO,SIN DATOS,0,0,Morelia,Prados Verdes,julio,jueves,15,-101.201311871409,19.7153262864287
46119,46125,2023,,2023/07/20,16:15:00,COLISIÓN POR ALCANCE,ASFALTO,Bueno,Bueno,2,CHEVROLET,ROJO,3,,24,FEMENINO,SIN DATOS,0,0,Morelia,Nueva Jacarndas,julio,jueves,16,-101.192039474845,19.6822557457931
46120,46126,2023,LEG49307,2023/07/20,16:40:00,COLISIÓN POR MANIOBRA DE REVERSA,ASFALTO,Bueno,Bueno,2,VOLKSWAGEN,BLANCO,2,,,FEMENINO,SIN DATOS,0,0,Morelia,La Capilla,julio,jueves,17,-101.157499328256,19.6588290676498
46121,46127,2023,,2023/07/21,"00:00:00",COLISIÓN POR CORTE DE CIRCULACIÓN,SIN_DATOS,Bueno,Bueno,0,,,0,MINISTERIO PÚBLICO,,,,0,0,Lázaro Cárdenas,Segundo Sector de Fidelac,julio,viernes,0,-102.204429209232,17.9589206503889
46122,46128,2023,,2023/07/21,"00:10:00",COLISIÓN CONTRA OBJETO FIJO,ASFALTO,Bueno,Bueno,1,NISSAN,BLANCO,1,,,,SIN DATOS,0,0,Morelia,Justo Mendoza,julio,viernes,0,-101.23257368803,19.7125544668879
46123,46129,2023,,2023/07/21,"01:15:00",VOLCADURA,CONCRETO,Bueno,Bueno,1,VOLKSWAGEN,NEGRO,1,MINISTERIO PÚBLICO,53,MASCULINO,SIN DATOS,0,0,Morelia,Sin datos,julio,viernes,1,-101.124011278152,19.7173405756053
46124,46130,2023,,2023/07/21,"03:11:00",CAIDA DE MOTOCICLETA,ASFALTO,Bueno,Bueno,1,HARLEY DAVISON,BLANCO Y NEGRO,1,,60,MASCULINO,SIN DATOS,0,0,Morelia,Vista Bella,julio,viernes,3,-101.194133609533,19.6785185925749
46125,46131,2023,,2023/07/21,"04:55:00",COLISIÓN CONTRA OBJETO FIJO,ASFALTO,Bueno,Bueno,1,CHEVROLET SILVERADO,BLANCO,1,,19,MASCULINO,ALIENTO ETÍLICO,0,0,Morelia,Felipe Carrillo Puerto,julio,viernes,5,-101.175537854433,19.7294986799443
46126,46132,2023,,2023/07/21,11:45:00,COLISIÓN CONTRA OBJETO FIJO,ASFALTO,Bueno,Bueno,1,VOLKSWAGEN,ROJO,1,,25,MASCULINO,SIN DATOS,0,0,Morelia,El Lago 3,julio,viernes,12,-101.221732534468,19.7271986116361
46127,46133,2023,LEG49315,2023/07/21,12:15:00,COLISIÓN POR CORTE DE CIRCULACIÓN,CONCRETO,Bueno,Bueno,0,,,0,,,,,0,0,Morelia,Joaquin Amaro,julio,viernes,12,-101.169826090336,19.7204733729266
46128,46134,2023,,2023/07/21,14:00:00,VOLCADURA,ASFALTO,Bueno,Bueno,1,FORD,BLANCO,1,,28,MASCULINO,SIN DATOS,0,0,Morelia,Prados Verdes,julio,viernes,14,-101.202879622579,19.7156542177186
46129,46135,2023,LEG49314,2023/07/21,15:00:00,COLISIÓN POR CAMBIO DE CARRIL,ASFALTO,Bueno,Bueno,2,FORD,BLANCO,2,,23,MASCULINO,SIN DATOS,0,0,Morelia,Adolfo Lopez Mateos,julio,viernes,15,-101.229918971658,19.7034660210546
46130,46136,2023,,2023/07/21,15:30:00,COLISIÓN POR ALCANCE,ASFALTO,Bueno,Bueno,2,NISSAN,NEGRO,2,MINISTERIO PÚBLICO,56,MASCULINO,SIN DATOS,0,0,Hidalgo,Corros,julio,viernes,16,-100.554791875184,19.7072938113956
46131,46137,2023,,2023/07/21,18:00:00,COLISIÓN POR CAMBIO DE CARRIL,ASFALTO,Bueno,Bueno,2,ACURA,BLANCO,2,MINISTERIO PÚBLICO,26,MASCULINO,SIN DATOS,0,0,Morelia,Nueva Chapultepec,julio,viernes,18,-101.169921644032,19.6895912102014
46132,46138,2023,LEG49319,2023/07/21,18:15:00,COLISIÓN POR ALCANCE,ASFALTO,Bueno,Bueno,2,FORD,AZUL,2,,25,MASCULINO,SIN DATOS,0,0,Morelia,Ana Maria Gallaga (Riviera Norte),julio,viernes,18,-101.219564974308,19.6769195896778
46133,46139,2023,LEG49320,2023/07/21,18:50:00,COLISIÓN POR ALCANCE,ASFALTO,Bueno,Bueno,3,NISSAN,ARENA,3,,38,MASCULINO,SIN DATOS,0,0,Morelia,Martires de Uruapan,julio,viernes,19,-101.197297275066,19.7248937761659
46134,46140,2023,MOR 230498652,2023/07/22,"00:05:00",COLISIÓN POR INVASIÓN DE CARRIL,ASFALTO,Nublado,Regular,2,FIAT,AZUL,2,,34,MASCULINO,CON CERTIFICADO,0,0,Morelia,La Aldea,julio,sábado,0,-101.135017722845,19.7453007181106
46135,46141,2023,MOR 230498784,2023/07/22,"01:45:00",COLISIÓN POR CORTE DE CIRCULACIÓN,CONCRETO,Bueno,Bueno,2,CHEVROLET,PLATA,2,,20,MASCULINO,ALIENTO ETÍLICO,0,0,Morelia,Felix Ireta,julio,sábado,2,-101.192742213607,19.6912936263119
46136,46142,2023,LEG49324,2023/07/22,"04:50:00",VOLCADURA,ASFALTO,Nublado,Bueno,1,NISSAN,BLANCO,1,,25,,SIN DATOS,0,0,Morelia,Tenencia Morelos,julio,sábado,5,-101.246921159327,19.6498019863462
46137,46143,2023,,2023/07/22,"07:25:00",COLISIÓN CONTRA OBJETO FIJO,CONCRETO,Bueno,Bueno,1,MAZDA,BLANCO,1,,25,FEMENINO,SIN DATOS,0,0,Morelia,Sin datos,julio,sábado,7,-101.164474077523,19.6590017739065
46138,46144,2023,,2023/07/22,"07:25:00",COLISIÓN CONTRA OBJETO FIJO,ASFALTO,Bueno,Bueno,1,NISSAN,BLANCO,0,MINISTERIO PÚBLICO,,,,0,0,Morelia,Ignacio Zaragoza,julio,sábado,7,-101.205519586802,19.7228174074919
46139,46145,2023,,2023/07/22,10:43:00,COLISIÓN POR CORTE DE CIRCULACIÓN,CONCRETO,Bueno,Bueno,2,VENTO,NEGRO/NARANJA,2,MINISTERIO PÚBLICO,15,MASCULINO,SIN DATOS,0,0,Morelia,Lomas de Santa Maria,julio,sábado,11,-101.187503188848,19.6730999128402
46140,46146,2023,,2023/07/22,11:20:00,COLISIÓN POR ALCANCE,ASFALTO,Bueno,Bueno,2,NISSAN,ROJO,2,,27,MASCULINO,SIN DATOS,0,0,Morelia,Buenavista,julio,sábado,11,-101.161392554641,19.7057364448976
46141,46147,2023,,2023/07/22,14:20:00,COLISIÓN POR CORTE DE CIRCULACIÓN,ASFALTO,Bueno,Bueno,2,ITALIKA,BLANCO,2,,34,MASCULINO,SIN DATOS,0,0,Morelia,Lomas del Punhuato,julio,sábado,14,-101.146082505584,19.6982502055011
46142,46148,2023,,2023/07/22,14:40:00,COLISIÓN POR NO RESPETAR SEMÁFORO,ASFALTO,Bueno,Bueno,2,VENTO,BLANCO,3,,23,MASCULINO,SIN DATOS,1,0,Morelia,Buenavista,julio,sábado,15,-101.161390542984,19.7057377074628
46143,46149,2023,,2023/07/22,19:00:00,COLISIÓN POR CORTE DE CIRCULACIÓN,SIN_DATOS,Bueno,Bueno,1,VOLKSWAGEN,GRIS,0,MINISTERIO PÚBLICO,,,,0,0,Lázaro Cárdenas,Centro,julio,sábado,19,-102.196702435613,17.9598321806897
46144,46150,2023,,2023/07/22,21:40:00,VOLCADURA,ASFALTO,Bueno,Bueno,1,HONDA,GRIS,1,MINISTERIO PÚBLICO,57,MASCULINO,SIN DATOS,0,0,Charo,Sin datos,julio,sábado,22,-101.08326,19.678806
46145,46151,2023,,2023/07/22,22:50:00,COLISIÓN POR CORTE DE CIRCULACIÓN,ASFALTO,Lluvioso,Bueno,3,NISSAN,ARENA,3,,18,MASCULINO,SIN DATOS,0,0,Morelia,Alberto Oviedo Mota,julio,sábado,23,-101.195738241076,19.6815242959898
46146,46152,2023,,2023/07/23,"00:00:00",COLISIÓN CONTRA OBJETO FIJO,SIN_DATOS,Bueno,Bueno,1,FORD,GRIS,0,MINISTERIO PÚBLICO,,,,0,0,Lázaro Cárdenas,Centro,julio,domingo,0,-102.192850112915,17.9540312853083
46147,46153,2023,,2023/07/23,"01:20:00",COLISIÓN POR CORTE DE CIRCULACIÓN,CONCRETO,Lluvioso,Regular,2,FORD,BLANCO,2,,46,FEMENINO,SIN DATOS,0,0,Morelia,Chapultepec Norte,julio,domingo,1,-101.171317398548,19.6942441644442
46148,46154,2023,,2023/07/23,"02:00:00",COLISIÓN POR CAMBIO DE CARRIL,ASFALTO,Lluvioso,Bueno,2,DODGE,AZUL,2,MINISTERIO PÚBLICO,,,SIN DATOS,0,0,Morelia,Tinijaro,julio,domingo,2,-101.260656416416,19.6967290517706
46149,46155,2023,,2023/07/23,"05:25:00",COLISIÓN CONTRA OBJETO FIJO,ASFALTO,Bueno,Bueno,2,MAZDA,BLANCO,1,MINISTERIO PÚBLICO,41,MASCULINO,ALIENTO ETÍLICO,0,0,Morelia,Obrera,julio,domingo,5,-101.184145733714,19.7107449623258
46150,46156,2023,,2023/07/23,"07:25:00",COLISIÓN CONTRA OBJETO FIJO,ASFALTO,Bueno,Bueno,1,VOLKSWAGEN,GRIS,1,MINISTERIO PÚBLICO,45,MASCULINO,SIN DATOS,0,0,Morelia,Club de Golf Tres Marias,julio,domingo,7,-101.115696765482,19.703492850942
46151,46157,2023,,2023/07/23,"09:00:00",COLISIÓN CON PEATÓN,ASFALTO,Bueno,Bueno,1,S/D,S/D,1,,,,,1,0,Morelia,Villas del Pedregal,julio,domingo,9,-101.303848195821,19.6724362351062
46152,46158,2023,,2023/07/23,16:35:00,COLISIÓN POR CAMBIO DE CARRIL,ASFALTO,Bueno,Bueno,2,TOYOTA,ROJO,2,,50,FEMENINO,SIN DATOS,0,0,Morelia,Los Manantiales de Morelia,julio,domingo,17,-101.240441277623,19.69312513183
46153,46159,2023,,2023/07/23,16:37:00,COLISIÓN POR ALCANCE,ASFALTO,Bueno,Bueno,2,TOYOTA,BLANCO/ROJO,2,,32,MASCULINO,SIN DATOS,0,0,Morelia,Campestre Los Manantiales,julio,domingo,17,-101.239648014307,19.690984900981
46154,46160,2023,,2023/07/23,17:00:00,SUBIDA AL CAMELLÓN,ASFALTO,Bueno,Bueno,1,CHEVROLET,CAFE,1,,44,MASCULINO,SIN DATOS,0,0,Morelia,Cumbres de Morelia,julio,domingo,17,-101.140662096441,19.6913444491365
46155,46161,2023,,2023/07/23,17:28:00,CAIDA DE MOTOCICLETA,ASFALTO,Bueno,Bueno,1,ITALIKA,GRIS,1,,23,MASCULINO,SIN DATOS,0,0,Morelia,Americas Britania,julio,domingo,17,-101.143716797233,19.6921225729769
46156,46162,2023,MOR 230502751,2023/07/23,17:45:00,VOLCADURA,ASFALTO,Nublado,Bueno,1,VW,ROJO,1,,32,MASCULINO,SIN DATOS,0,0,Morelia,Sentimientos de La Nacion,julio,domingo,18,-101.235203593969,19.6810002513494
46157,46163,2023,LEG49338,2023/07/23,19:40:00,COLISIÓN CONTRA OBJETO FIJO,ASFALTO,Bueno,Bueno,2,CHEVROLET,BLANCO,1,,,MASCULINO,SIN DATOS,0,0,Morelia,Adolfo Lopez Mateos,julio,domingo,20,-101.226861923933,19.693823068181
46158,46164,2023,MOR 230503379,2023/07/23,22:20:00,COLISIÓN POR CORTE DE CIRCULACIÓN,ASFALTO,Nublado,Regular,2,NISSAN,BLANCO,2,MINISTERIO PÚBLICO,36,MASCULINO,SIN DATOS,0,0,Morelia,Nueva Valladolid,julio,domingo,22,-101.207916140556,19.701061729234
46159,46165,2023,,2023/07/23,23:10:00,SALIDA DE SUPERFICIE DE RODAMIENTO,ASFALTO,Bueno,Bueno,1,NISSAN,GUINDA,0,MINISTERIO PÚBLICO,,,,0,0,Copándaro,Sin datos,julio,domingo,23,-101.236774362624,19.9019612200494
46160,46166,2023,,2023/07/24,"00:00:00",COLISIÓN POR CORTE DE CIRCULACIÓN,ASFALTO,Bueno,Bueno,2,CHEVROLET,BLANCO,2,MINISTERIO PÚBLICO,68,MASCULINO,SIN DATOS,0,0,Morelia,Eva Samano,julio,lunes,0,-101.198592111468,19.7292455730609
46161,46167,2023,,2023/07/24,"00:01:00",COLISIÓN CONTRA OBJETO FIJO,ASFALTO,Bueno,Bueno,1,Toyota,BLANCO,1,,,MASCULINO,SIN DATOS,0,0,Morelia,Granjas del Maestro,julio,lunes,0,-101.19097430259,19.7131440585793
46162,46168,2023,LEG49352,2023/07/24,"02:05:00",CAIDA ACUATICA DE VEHÍCULO,ASFALTO,Lluvioso,Regular,1,FORD,NEGRO,1,,49,MASCULINO,SIN DATOS,0,0,Morelia,Gertrudis Sanchez,julio,lunes,2,-101.203103587031,19.736853752948
46163,46169,2023,,2023/07/24,12:30:00,COLISIÓN POR ALCANCE,ASFALTO,Bueno,Bueno,2,FREIGHTLINER,BLANCO,2,,,MASCULINO,SIN DATOS,0,0,Morelia,Primo Tapia Oriente,julio,lunes,13,-101.160315982997,19.7125907640837
46164,46170,2023,,2023/07/24,15:00:00,COLISIÓN POR CAMBIO DE CARRIL,ASFALTO,Bueno,Bueno,2,CUPRA,GRIS,2,,,,SIN DATOS,0,0,Morelia,Diego Rivera,julio,lunes,15,-101.175991147757,19.7181728591012
46165,46171,2023,,2023/07/24,15:20:00,COLISIÓN POR ALCANCE,ASFALTO,Bueno,Bueno,3,FREIGHTLINER,BLANCO Y AZUL,3,,,,SIN DATOS,0,0,Morelia,Felix Ireta,julio,lunes,15,-101.191784664989,19.6824186405039