fid,id_accidente,anio_origen,folio_c5i,dia_incidente,hora_ocurrencia,tipo_incidente_vial,superficie_ocurrencia,condiciones_climaticas,condiciones_via,numero_vehiculos_involucrados,marca_vehiculo_ocasiona_siniestro,color_vehiculo_ocasiona_siniestro,numero_personas_involucradas,lugar_remite_presunto_responsable,edad_presunto_responsable,sexo_presunto_responsable,resultados_toxicologia,numero_personas_lesionadas,numero_personas_fallecidas,municipio,colonia,mes,dia_semana,hora_redondeada,lon,lat
46166,46172,2023,,2023/07/24,16:30:00,COLISIÓN POR ALCANCE,ASFALTO,Nublado,Bueno,2,TOYOTA,BLANCO,2,,23,MASCULINO,SIN DATOS,0,0,Morelia,Martires de Uruapan,julio,lunes,17,-101.20262414217,19.7255281378679
46167,46173,2023,,2023/07/24,17:25:00,COLISIÓN CONTRA OBJETO FIJO,CONCRETO,Bueno,Bueno,1,CHEVROLET,BLANCO,1,MINISTERIO PÚBLICO,31,MASCULINO,SIN DATOS,0,0,Morelia,El Comal,julio,lunes,17,-101.133606880903,19.7397845159895
46168,46174,2023,,2023/07/24,17:40:00,SALIDA DE SUPERFICIE DE RODAMIENTO,ASFALTO,Nublado,Regular,1,NISSAN TIDA,GUINDA,0,,,,,0,0,Indaparapeo,Sin datos,julio,lunes,18,-100.904034934938,19.6809566861154
46169,46175,2023,LEG49362,2023/07/24,19:11:00,COLISIÓN POR CAMBIO DE CARRIL,ASFALTO,Bueno,Bueno,2,SCANIA,AMARILLO CON GRIS,2,,,MASCULINO,SIN DATOS,0,0,Morelia,Tzindurio de Morelos,julio,lunes,19,-101.24786965549,19.6991785472493
46170,46176,2023,,2023/07/24,19:45:00,COLISIÓN POR CORTE DE CIRCULACIÓN,ASFALTO,Bueno,Bueno,2,VOLKSWAGEN,BLANCO,2,,24,MASCULINO,SIN DATOS,0,0,Morelia,La Hacienda,julio,lunes,20,-101.316576115787,19.6767904691029
46171,46177,2023,,2023/07/24,19:49:00,COLISIÓN POR CORTE DE CIRCULACIÓN,ASFALTO,Nublado,Regular,1,FORD,GRIS,1,MINISTERIO PÚBLICO,,,SIN DATOS,0,0,Morelia,Primo Tapia Oriente,julio,lunes,20,-101.157733350992,19.7157874100235
46172,46178,2023,LEG49363,2023/07/25,"00:40:00",COLISIÓN POR CORTE DE CIRCULACIÓN,ASFALTO,Bueno,Bueno,2,NISSAN,BLANCO,1,,29,MASCULINO,SIN DATOS,0,0,Morelia,Sin datos,julio,martes,1,-101.282075196505,19.6177477997923
46173,46179,2023,LEG49380,2023/07/25,"08:50:00",COLISIÓN POR CORTE DE CIRCULACIÓN,ASFALTO,Bueno,Bueno,2,YAMAHA,BLANCO,2,,19,MASCULINO,SIN DATOS,0,0,Morelia,Lomas de Guayangareo,julio,martes,9,-101.15952540189,19.7019846886441
46174,46180,2023,LEG49373,2023/07/25,"09:40:00",COLISIÓN POR CORTE DE CIRCULACIÓN,ASFALTO,Bueno,Regular,2,VOLKSWAGEN,NEGRO,2,MINISTERIO PÚBLICO,19,MASCULINO,SIN DATOS,0,0,Morelia,Ejidal Ocolusen,julio,martes,10,-101.155514828861,19.6843765209454
46175,46181,2023,LEG49371,2023/07/25,"09:45:00",COLISIÓN POR CAMBIO DE CARRIL,ASFALTO,Bueno,Bueno,0,,,0,,,,,0,0,Morelia,Rinconada del Valle,julio,martes,10,-101.218302994967,19.6795275504555
46176,46182,2023,LEG49376,2023/07/25,"09:45:00",COLISIÓN POR CAMBIO DE CARRIL,ASFALTO,Nublado,Bueno,2,BAJAJ PULSAR,GRIS,2,,29,FEMENINO,SIN DATOS,0,0,Morelia,Rinconada del Valle,julio,martes,10,-101.21915794909,19.6779093001643
46177,46183,2023,,2023/07/25,10:40:00,COLISIÓN POR CORTE DE CIRCULACIÓN,ASFALTO,Bueno,Regular,2,Chevrolet,Morado,2,,46,MASCULINO,SIN DATOS,0,0,Morelia,Los Laureles,julio,martes,11,-101.232727915049,19.7140350701635
46178,46184,2023,,2023/07/25,13:25:00,COLISIÓN POR CORTE DE CIRCULACIÓN,ASFALTO,Lluvioso,Regular,2,ZUSUKI,NEGRO,2,,66,FEMENINO,SIN DATOS,0,0,Morelia,Ventura Puente,julio,martes,13,-101.179773062468,19.6904286888109
46179,46185,2023,,2023/07/25,13:30:00,COLISIÓN POR ALCANCE,ASFALTO,Nublado,Bueno,2,MITSUBISHI,BLANCO,2,,33,MASCULINO,SIN DATOS,0,0,Morelia,Barrio Alto,julio,martes,14,-101.196855381131,19.7248426483966
46180,46186,2023,,2023/07/25,14:50:00,COLISIÓN POR CORTE DE CIRCULACIÓN,ASFALTO,Bueno,Bueno,2,MAZDA,ROJO,2,,,FEMENINO,SIN DATOS,0,0,Morelia,Sentimientos de La Nacion,julio,martes,15,-101.233992576599,19.6844797493854
46181,46187,2023,,2023/07/25,15:30:00,CAIDA DE MOTOCICLETA,CONCRETO,Bueno,Bueno,1,ITALIKA,NEGRO Y ROJO,2,,37,MASCULINO,SIN DATOS,1,0,Morelia,Lomas de Las Americas Norte,julio,martes,16,-101.148447543383,19.6946614716422
46182,46188,2023,,2023/07/25,16:15:00,COLISIÓN POR CAMBIO DE CARRIL,ASFALTO,Bueno,Bueno,2,CHEVROLET,BLANCA,2,,52,MASCULINO,SIN DATOS,0,0,Morelia,Enrique Arreguin Robles,julio,martes,16,-101.188150942326,19.7214410369796
46183,46189,2023,LEG49375,2023/07/25,17:11:00,COLISIÓN POR CORTE DE CIRCULACIÓN,ASFALTO,Bueno,Bueno,2,GMC,BLANCO,2,,26,,SIN DATOS,0,0,Morelia,Lomas de Santa Maria,julio,martes,17,-101.185339316726,19.6744078759084
46184,46190,2023,,2023/07/25,21:00:00,COLISIÓN POR CORTE DE CIRCULACIÓN,ASFALTO,Bueno,Bueno,2,TOYOTA,BLANCO,2,,47,MASCULINO,SIN DATOS,0,0,Morelia,Tzindurio de Morelos,julio,martes,21,-101.243653222919,19.6999752565127
46185,46191,2023,LEG49379,2023/07/26,"00:04:00",COLISIÓN POR INVASIÓN DE CARRIL,ASFALTO,Lluvioso,Malo,2,ITALIKA,NEGRO,2,,,,SIN DATOS,0,0,Morelia,Sin datos,julio,miércoles,0,-101.39698471874,19.6641822436765
46186,46192,2023,,2023/07/26,"09:00:00",COLISIÓN POR CORTE DE CIRCULACIÓN,CONCRETO,Nublado,Bueno,2,CHRYSLER,AZUL,2,MINISTERIO PÚBLICO,46,MASCULINO,SIN DATOS,0,0,Morelia,Lomas de Guayangareo,julio,miércoles,9,-101.164002344012,19.7043110025234
46187,46193,2023,,2023/07/26,"09:50:00",COLISIÓN POR CORTE DE CIRCULACIÓN,CONCRETO,Bueno,Bueno,2,FORD,AZUL,2,,49,FEMENINO,SIN DATOS,0,0,Morelia,El Centenario,julio,miércoles,10,-101.169305406511,19.7324548250359
46188,46194,2023,,2023/07/26,10:40:00,COLISIÓN POR CORTE DE CIRCULACIÓN,ASFALTO,Bueno,Bueno,2,GENERAL MOTORS,MORADO,2,,48,MASCULINO,SIN DATOS,0,0,Morelia,Los Laureles,julio,miércoles,11,-101.232195496559,19.7138021388152
46189,46195,2023,LEG49377,2023/07/26,13:00:00,COLISIÓN POR CORTE DE CIRCULACIÓN,ASFALTO,Nublado,Bueno,2,NISSAN,BLANCO Y ROJO,2,,23,MASCULINO,SIN DATOS,0,0,Morelia,Agustin Arriaga Rivera,julio,miércoles,13,-101.219314187765,19.693862210609
46190,46196,2023,LEG49378,2023/07/26,17:25:00,COLISIÓN POR CORTE DE CIRCULACIÓN,ASFALTO,Nublado,Bueno,2,RAM,BLANCO Y AZUL,2,,35,MASCULINO,SIN DATOS,0,0,Morelia,El Eden,julio,miércoles,17,-101.249641925097,19.6460328164768
46191,46197,2023,,2023/07/26,18:40:00,COLISIÓN POR ALCANCE,ASFALTO,Bueno,Bueno,3,ITALIKA,AZUL,4,,26,MASCULINO,SIN DATOS,1,0,Morelia,Militar Morelia,julio,miércoles,19,-101.162629388273,19.6957145203701
46192,46198,2023,,2023/07/27,"06:20:00",SALIDA DE SUPERFICIE DE RODAMIENTO,ASFALTO,Bueno,Bueno,2,NISSAN,PLATA,1,MINISTERIO PÚBLICO,33,MASCULINO,SIN DATOS,0,0,Hidalgo,Corros,julio,jueves,6,-100.554790534079,19.7072938113956
46193,46199,2023,MOR 230510102,2023/07/27,"07:45:00",COLISIÓN CONTRA OBJETO FIJO,ASFALTO,Bueno,Regular,1,TOYOTA,VERDE,1,,34,MASCULINO,SIN DATOS,0,0,Morelia,Sin datos,julio,jueves,8,-101.11853286624,19.7308074444265
46194,46200,2023,MOR 230510325,2023/07/27,"09:40:00",COLISIÓN POR CORTE DE CIRCULACIÓN,ASFALTO,Bueno,Regular,2,NISSAN,GRIS,2,MINISTERIO PÚBLICO,48,MASCULINO,SIN DATOS,0,0,Morelia,Cañada del Bosque,julio,jueves,10,-101.095156744123,19.7295785252994
46195,46201,2023,,2023/07/27,11:45:00,COLISIÓN POR ALCANCE,ASFALTO,Bueno,Bueno,2,NISSAN,GRIS,2,,21,MASCULINO,SIN DATOS,0,0,Morelia,Tzindurio de Morelos,julio,jueves,12,-101.243790015578,19.7000623766195
46196,46202,2023,LEG49393,2023/07/27,12:40:00,COLISIÓN POR ALCANCE,ASFALTO,Nublado,Bueno,2,NISSAN,BLANCO,2,,73,MASCULINO,SIN DATOS,0,0,Morelia,San Pascual,julio,jueves,13,-101.267328076065,19.6952514449394
46197,46203,2023,,2023/07/28,"00:00:00",COLISIÓN POR ALCANCE,CONCRETO,Bueno,Bueno,2,ITALIKA,NEGRO/BLANCO,2,,28,MASCULINO,SIN DATOS,0,0,Morelia,Ferrocarrilero,julio,viernes,0,-101.217447705567,19.6975949022012
46198,46204,2023,,2023/07/28,"07:35:00",COLISIÓN POR ALCANCE,ASFALTO,Bueno,Bueno,2,NISSAN,NEGRO,2,,21,MASCULINO,SIN DATOS,0,0,Morelia,Josefa Ortiz de Dominguez,julio,viernes,8,-101.209829226136,19.6720476625365
46199,46205,2023,LEG49405,2023/07/28,"07:40:00",VOLCADURA,ASFALTO,Bueno,Bueno,1,DODGE,GRIS,1,,22,MASCULINO,SIN DATOS,0,0,Charo,La Goleta,julio,viernes,8,-101.080484390259,19.7327589879831
46200,46206,2023,,2023/07/28,"07:50:00",COLISIÓN CONTRA OBJETO FIJO,ASFALTO,Bueno,Bueno,1,FORD,BLANCO/AZUL,1,,30,MASCULINO,SIN DATOS,0,0,Morelia,La Esperanza,julio,viernes,8,-101.154663562775,19.6988149131769
46201,46207,2023,,2023/07/28,"09:15:00",COLISIÓN POR NO RESPETAR SEMÁFORO,ASFALTO,Bueno,Bueno,2,HONDA,GRIS,2,,24,,SIN DATOS,0,0,Morelia,Camelinas,julio,viernes,9,-101.174200102687,19.6819372167037
46202,46208,2023,,2023/07/28,10:40:00,COLISIÓN POR CORTE DE CIRCULACIÓN,CONCRETO,Bueno,Bueno,2,HONDA,ROJO,2,,31,MASCULINO,SIN DATOS,0,0,Morelia,Jardines de Santiaguito,julio,viernes,11,-101.206193827093,19.7176072729122
46203,46209,2023,,2023/07/28,13:50:00,COLISIÓN POR CORTE DE CIRCULACIÓN,ASFALTO,Bueno,Bueno,2,HONDA,ROJO CON NEGRO,2,,50,MASCULINO,SIN DATOS,0,0,Morelia,Comision Federal de Electricidad,julio,viernes,14,-101.178572438657,19.6815527079997
46204,46210,2023,LEG49404,2023/07/28,14:45:00,COLISIÓN POR CORTE DE CIRCULACIÓN,ASFALTO,Bueno,Bueno,2,INTERNATIONAL,AZUL,2,,30,MASCULINO,SIN DATOS,0,0,Morelia,Morelos,julio,viernes,15,-101.185369156301,19.7240233394435
46205,46211,2023,,2023/07/28,15:10:00,COLISIÓN POR CAMBIO DE CARRIL,ASFALTO,Bueno,Bueno,2,ITALIKA,BLANCO,2,,,MASCULINO,SIN DATOS,0,0,Morelia,Loma de Los Piñones,julio,viernes,15,-101.204984486103,19.674074808846
46206,46212,2023,,2023/07/28,19:40:00,COLISIÓN POR CORTE DE CIRCULACIÓN,ASFALTO,Bueno,Bueno,2,INTERNATIONAL,AMARILLO,2,,49,MASCULINO,SIN DATOS,0,0,Morelia,Nueva Valladolid,julio,viernes,20,-101.21065299958,19.7020585504188
46207,46213,2023,,2023/07/28,20:30:00,COLISIÓN POR CAMBIO DE CARRIL,ASFALTO,Bueno,Bueno,2,VENTO,NEGRO/ROJO,2,MINISTERIO PÚBLICO,,MASCULINO,SIN DATOS,0,0,Morelia,Loma de Los Piñones,julio,viernes,21,-101.205069646239,19.6740217706148
46208,46214,2023,,2023/07/28,20:40:00,COLISIÓN POR ALCANCE,ASFALTO,Nublado,Bueno,2,S/D,ROJO,2,,,,SIN DATOS,0,0,Morelia,Avicola Benito Juarez,julio,viernes,21,-101.283871605992,19.6904473134267
46209,46215,2023,,2023/07/29,"03:00:00",COLISIÓN CONTRA OBJETO FIJO,ASFALTO,Bueno,Bueno,1,VOLKSWAGEN,AZUL,1,,33,MASCULINO,SIN DATOS,0,0,Morelia,Alberto Oviedo Mota,julio,sábado,3,-101.202172189951,19.6774619580955
46210,46216,2023,,2023/07/29,12:35:00,COLISIÓN POR CORTE DE CIRCULACIÓN,TERRACERIA,Bueno,Bueno,2,DODGE,CAFE/AMARILLO,2,,30,MASCULINO,SIN DATOS,0,0,Morelia,Leandro Valle,julio,sábado,13,-101.233852766454,19.7211257419971
46211,46217,2023,,2023/07/29,13:25:00,COLISIÓN POR CORTE DE CIRCULACIÓN,ASFALTO,Bueno,Bueno,2,TOYOTA,NEGRO,2,,68,FEMENINO,SIN DATOS,0,0,Morelia,Vasco de Quiroga,julio,sábado,13,-101.169139780104,19.7023132785854
46212,46218,2023,,2023/07/29,14:00:00,COLISIÓN POR ALCANCE,ASFALTO,Bueno,Bueno,2,VOLKSWAGEN,GRIS,2,,31,MASCULINO,SIN DATOS,0,0,Morelia,Plan de La Garita,julio,sábado,14,-101.182109937072,19.7162141296464
46213,46219,2023,LEG49413,2023/07/29,20:35:00,SUBIDA AL CAMELLÓN,CONCRETO,Nublado,Regular,1,HONDA,BLANCO,1,,47,MASCULINO,SIN DATOS,0,0,Morelia,La Quemada,julio,sábado,21,-101.240841597319,19.7057954698063
46214,46220,2023,MOR2307971,2023/07/29,21:50:00,COLISIÓN POR CAMBIO DE CARRIL,ASFALTO,Bueno,Bueno,2,ITALIKA,NEGRO,2,,,MASCULINO,SIN DATOS,0,0,Morelia,Chapultepec Oriente,julio,sábado,22,-101.159383244812,19.6906130408453
46215,46221,2023,LEG49412,2023/07/29,23:48:00,COLISIÓN POR CORTE DE CIRCULACIÓN,ASFALTO,Nublado,Regular,1,MAZDA,BLANCO,1,,34,MASCULINO,ALIENTO ETÍLICO,0,0,Morelia,Sin datos,julio,sábado,0,-101.263582035899,19.6401633825119
46216,46222,2023,LEG49414,2023/07/30,"00:00:00",COLISIÓN POR INVASIÓN DE CARRIL,ASFALTO,Nublado,Regular,2,FORD,NEGRO,2,,23,MASCULINO,SIN DATOS,0,0,Morelia,Tinijaro,julio,domingo,0,-101.264478899539,19.696215158013
46217,46223,2023,LEG49415,2023/07/30,"01:00:00",COLISIÓN POR CORTE DE CIRCULACIÓN,ASFALTO,Nublado,Regular,2,S/D,S/D,0,,,,,0,0,Morelia,Colinas del Sur,julio,domingo,1,-101.197705976665,19.661750525234
46218,46224,2023,,2023/07/30,"08:45:00",SUBIDA AL CAMELLÓN,ASFALTO,Bueno,Bueno,1,VOLKSWAGEN,NEGRO,1,,36,MASCULINO,SIN DATOS,0,0,Morelia,La Colina,julio,domingo,9,-101.216130740941,19.7122104321878
46219,46225,2023,,2023/07/30,"09:00:00",COLISIÓN POR CORTE DE CIRCULACIÓN,ASFALTO,Bueno,Bueno,2,KENWORTH,BLANCO,2,,49,MASCULINO,SIN DATOS,0,0,Morelia,Bosques de La Huerta,julio,domingo,9,-101.222695112228,19.6700340661883
46220,46226,2023,,2023/07/30,12:40:00,COLISIÓN POR NO RESPETAR SEMÁFORO,ASFALTO,Bueno,Bueno,2,HONDA/HRV,BLANCO,2,MINISTERIO PÚBLICO,37,MASCULINO,SIN DATOS,0,0,Morelia,Primo Tapia Oriente,julio,domingo,13,-101.158710345626,19.7134527411567
46221,46227,2023,,2023/07/30,17:20:00,COLISIÓN POR INVASIÓN DE CARRIL,ASFALTO,Lluvioso,Bueno,2,NISSAN/APRIO,BLANCO,2,,37,MASCULINO,SIN DATOS,0,0,Charo,San Pedro Y San Pablo,julio,domingo,17,-101.052546165884,19.7464177445926
46222,46228,2023,,2023/07/30,21:20:00,SALIDA DE SUPERFICIE DE RODAMIENTO,ASFALTO,Bueno,Bueno,1,FORD ECO SPORT,ROJO,1,MINISTERIO PÚBLICO,,,SIN DATOS,0,0,Charo,San Bartolo,julio,domingo,21,-101.045448035002,19.7527821661251
46223,46229,2023,LEG49422,2023/07/31,"00:45:00",COLISIÓN POR CORTE DE CIRCULACIÓN,ASFALTO,Bueno,Bueno,2,Nissan,Roja,2,,20,FEMENINO,SIN DATOS,0,0,Morelia,El Lago 2,julio,lunes,1,-101.208654753864,19.7224238443753
46224,46230,2023,MOR234571,2023/07/31,"06:15:00",COLISIÓN CONTRA OBJETO FIJO,ASFALTO,Bueno,Bueno,1,CHEVROLET,GRIS,1,,0,MASCULINO,SIN DATOS,0,0,Morelia,Vista Bella,julio,lunes,6,-101.19761813432,19.6773120019355
46225,46231,2023,,2023/07/31,"07:50:00",COLISIÓN POR CORTE DE CIRCULACIÓN,ASFALTO,Bueno,Bueno,2,SUZUKI,ROJO,2,,52,MASCULINO,SIN DATOS,0,0,Morelia,El Lago 2,julio,lunes,8,-101.214558966458,19.7266649329862
46226,46232,2023,"230517842",2023/07/31,"08:15:00",COLISIÓN POR CAMBIO DE CARRIL,ASFALTO,Bueno,Regular,2,BUICK,AZUL,2,MINISTERIO PÚBLICO,39,MASCULINO,SIN DATOS,0,0,Morelia,Sentimientos de La Nacion,julio,lunes,8,-101.232680976391,19.6780188466909
46227,46233,2023,,2023/07/31,"09:30:00",COLISIÓN POR CAMBIO DE CARRIL,CONCRETO,Bueno,Bueno,2,SEAT,ROJO,2,,34,MASCULINO,SIN DATOS,0,0,Morelia,Alberto Oviedo Mota,julio,lunes,10,-101.195573285222,19.6860044919882
46228,46234,2023,"230518368",2023/07/31,12:35:00,COLISIÓN POR ALCANCE,ASFALTO,Nublado,Regular,2,DODGE,GRIS,2,,61,FEMENINO,SIN DATOS,0,0,Morelia,Hermanos Lopez Rayon,julio,lunes,13,-101.220162771642,19.6754736858561
46229,46235,2023,LEG49436,2023/07/31,13:15:00,COLISIÓN POR ALCANCE,ASFALTO,Bueno,Bueno,2,INTERNATIONAL,BLANCO Y NARANJA,3,MINISTERIO PÚBLICO,0,,SIN DATOS,0,1,Morelia,Tzindurio Norte,julio,lunes,13,-101.243800073862,19.7003145827481
46230,46236,2023,LEG49437,2023/07/31,14:25:00,COLISIÓN POR ALCANCE,ASFALTO,Bueno,Bueno,2,VOLKSWAGEN,PLATA,2,,24,MASCULINO,SIN DATOS,0,0,Morelia,Poblado de Ocolusen,julio,lunes,14,-101.149788983166,19.6932384559401
46231,46237,2023,,2023/07/31,15:25:00,COLISIÓN POR CORTE DE CIRCULACIÓN,CONCRETO,Bueno,Bueno,2,NISSAN,BLANCO Y VERDE,2,,27,MASCULINO,SIN DATOS,0,0,Morelia,Centro,julio,lunes,15,-101.190616227686,19.6959443214498
46232,46238,2023,,2023/07/31,15:30:00,COLISIÓN POR ALCANCE,ASFALTO,Lluvioso,Bueno,2,TOYOTA,GRIS,2,,22,MASCULINO,SIN DATOS,0,0,Morelia,Morelos,julio,lunes,16,-101.206162981689,19.7022839233155
46233,46239,2023,"230518808",2023/07/31,15:35:00,COLISIÓN POR ALCANCE,ASFALTO,Nublado,Bueno,2,INTERNACIONAL,BLANCO Y AZUL,2,MINISTERIO PÚBLICO,24,MASCULINO,SIN DATOS,0,0,Morelia,Morelos,julio,lunes,16,-101.210474967957,19.6955099718788
46235,46241,2023,,2023/07/31,18:20:00,COLISIÓN POR ALCANCE,ASFALTO,Lluvioso,Bueno,2,Nissan,Blanco con Rojo,2,,23,MASCULINO,SIN DATOS,0,0,Morelia,Reforma,julio,lunes,18,-101.242553181946,19.7074655184884
46236,46242,2023,LEG49438,2023/07/31,18:45:00,COLISIÓN POR CORTE DE CIRCULACIÓN,ASFALTO,Bueno,Bueno,2,VOLKSWAGEN,GRIS,2,,24,FEMENINO,SIN DATOS,0,0,Morelia,Prados Verdes,julio,lunes,19,-101.19708571583,19.7166610477937
46237,46243,2023,,2023/07/31,21:00:00,COLISIÓN POR CORTE DE CIRCULACIÓN,ASFALTO,Bueno,Bueno,2,HONDA,BLANCO,2,,87,MASCULINO,SIN DATOS,0,0,Morelia,Las Americas,julio,lunes,21,-101.157112754881,19.6892281856965
46238,46244,2023,LEG49439,2023/07/31,22:50:00,COLISIÓN POR NO RESPETAR SEMÁFORO,ASFALTO,Nublado,Regular,3,NISSAN,BLANCO,3,,22,MASCULINO,SIN DATOS,0,0,Morelia,Tzindurio de Morelos,julio,lunes,23,-101.250166632235,19.6985002048968
46240,46246,2023,LEG49435,2023/08/01,"00:00:00",COLISIÓN POR CORTE DE CIRCULACIÓN,ASFALTO,Lluvioso,Malo,1,VOLKSWAGEN,BLANCO,1,,34,MASCULINO,SIN DATOS,0,0,Morelia,Ignacio Zaragoza,agosto,martes,0,-101.207575835288,19.7257168678783
46241,46247,2023,,2023/08/01,"08:00:00",COLISIÓN POR CAMBIO DE CARRIL,ASFALTO,Bueno,Bueno,2,VOLKSWAGEN,GRIS,2,,43,MASCULINO,SIN DATOS,0,0,Morelia,Sin datos,agosto,martes,8,-101.124012283981,19.7173402599869
46242,46248,2023,,2023/08/01,11:30:00,COLISIÓN CON PEATÓN,ASFALTO,Bueno,Bueno,1,CHRYSLER,BLANCO,2,,32,MASCULINO,SIN DATOS,1,0,Morelia,Ciudad Industrial,agosto,martes,12,-101.1486832425,19.7206987198732
46243,46249,2023,,2023/08/01,15:30:00,COLISIÓN POR CORTE DE CIRCULACIÓN,ASFALTO,Bueno,Bueno,2,NISSAN,blanco gris,2,,,,SIN DATOS,0,0,Morelia,Alberto Oviedo Mota,agosto,martes,16,-101.196334697306,19.6813970732618
46244,46250,2023,,2023/08/01,17:10:00,COLISIÓN POR ALCANCE,ASFALTO,Bueno,Bueno,2,CHEVROLET TAHOE,ARENA,2,,48,MASCULINO,SIN DATOS,0,0,Morelia,Infonavit  Las  Camelinas,agosto,martes,17,-101.174315102398,19.6819296401864
46245,46251,2023,,2023/08/01,19:25:00,COLISIÓN POR ALCANCE,ASFALTO,Bueno,Bueno,2,Volvo,Azul,2,,,,SIN DATOS,0,0,Morelia,Union,agosto,martes,19,-101.156787872314,19.7130206485069
46246,46252,2023,LEG49445,2023/08/02,"01:20:00",COLISIÓN POR ALCANCE,ASFALTO,Lluvioso,Regular,2,FORD,Blanco,2,,21,MASCULINO,SIN DATOS,0,0,Morelia,El Eden,agosto,miércoles,1,-101.249640919268,19.6460293431287
46247,46253,2023,,2023/08/02,"08:00:00",SALIDA DE SUPERFICIE DE RODAMIENTO,CONCRETO,Bueno,Bueno,1,Dodge,Rojo,1,,,,SIN DATOS,0,0,Morelia,Mision del Valle,agosto,miércoles,8,-101.122542433441,19.764023810989
46248,46254,2023,,2023/08/02,"08:10:00",COLISIÓN POR CAMBIO DE CARRIL,ASFALTO,Bueno,Bueno,2,INTERNATIONAL,BLANCO,2,,37,,SIN DATOS,0,0,Morelia,Francisco J Mujica,agosto,miércoles,8,-101.186257638037,19.7234568271371
46249,46255,2023,,2023/08/02,13:30:00,COLISIÓN POR NO RESPETAR SEMÁFORO,ASFALTO,Bueno,Bueno,2,Volkswagen,rojo,2,,72,MASCULINO,SIN DATOS,0,0,Morelia,Las Americas,agosto,miércoles,14,-101.152699515224,19.6889791188426
46250,46256,2023,,2023/08/02,13:50:00,COLISIÓN POR CORTE DE CIRCULACIÓN,ASFALTO,Bueno,Bueno,2,Italika,Blanco,2,,28,MASCULINO,SIN DATOS,0,0,Morelia,Independencia,agosto,miércoles,14,-101.176123917103,19.7056221827132
46251,46257,2023,,2023/08/02,14:54:00,COLISIÓN CON PEATÓN,ASFALTO,Bueno,Bueno,2,VOLKSWAGEN,GRIS,2,,23,MASCULINO,SIN DATOS,0,0,Morelia,Ventura Puente,agosto,miércoles,15,-101.183865442872,19.693112189517
46252,46258,2023,,2023/08/02,17:40:00,COLISIÓN POR CORTE DE CIRCULACIÓN,ASFALTO,Bueno,Bueno,2,VOLKSWAGEN,BLANCO,2,,24,FEMENINO,SIN DATOS,0,0,Morelia,Jose Maria Cabrera,agosto,miércoles,18,-101.224203519523,19.7252658722158
46253,46259,2023,,2023/08/02,19:20:00,COLISIÓN POR CORTE DE CIRCULACIÓN,ASFALTO,Bueno,Bueno,2,IZUSU,BLANCO,2,,39,MASCULINO,SIN DATOS,0,0,Morelia,Sin datos,agosto,miércoles,19,-101.284043267369,19.6904078544923
46254,46260,2023,,2023/08/02,21:10:00,COLISIÓN CON PEATÓN,CONCRETO,Bueno,Bueno,1,DODGE,BLANCO,0,,,,,0,0,Morelia,Primaveras,agosto,miércoles,21,-101.225735396147,19.679157557878
46255,46261,2023,LEG49458,2023/08/02,21:10:00,COLISIÓN POR ALCANCE,ASFALTO,Nublado,Bueno,2,HONDA,ROJO,2,,37,,SIN DATOS,0,0,Morelia,La Soledad,agosto,miércoles,21,-101.183395050466,19.7272393238904
46258,46264,2023,,2023/08/03,"00:06:00",COLISIÓN CONTRA OBJETO FIJO,ASFALTO,Bueno,Bueno,1,VOLKSWAGEN,BLANCO /AZUL,1,,45,MASCULINO,SIN DATOS,0,0,Morelia,Jesus Romero Flores,agosto,jueves,0,-101.181566119194,19.7320303579021
46259,46265,2023,,2023/08/03,"08:44:00",COLISIÓN POR ALCANCE,ASFALTO,Bueno,Bueno,2,TOYOTA,ROJO,2,,,MASCULINO,SIN DATOS,0,0,Morelia,San Rafael,agosto,jueves,9,-101.153855547309,19.6997511429767
46260,46266,2023,,2023/08/03,10:55:00,COLISIÓN POR CORTE DE CIRCULACIÓN,CONCRETO,Bueno,Bueno,2,ITALIKA DT150,BLANCO,2,MINISTERIO PÚBLICO,24,MASCULINO,SIN DATOS,0,0,Morelia,Jose Maria Morelos,agosto,jueves,11,-101.218233928084,19.7153133459117
46261,46267,2023,,2023/08/03,11:00:00,COLISIÓN POR CAMBIO DE CARRIL,ASFALTO,Bueno,Bueno,2,CHEVROLET,BLANCO,2,,29,MASCULINO,SIN DATOS,0,0,Morelia,Camelinas,agosto,jueves,11,-101.171019673347,19.6820132975448
46262,46268,2023,LEG49466,2023/08/03,11:10:00,COLISIÓN POR ALCANCE,SIN_DATOS,Bueno,Bueno,2,Bajac,Negro,2,MINISTERIO PÚBLICO,18,MASCULINO,SIN DATOS,0,0,Morelia,Los Angeles,agosto,jueves,11,-101.172816753387,19.7485395621952
46263,46269,2023,,2023/08/03,11:35:00,COLISIÓN POR CAMBIO DE CARRIL,ASFALTO,Bueno,Bueno,2,MITSUBISHI,PLATA,2,,75,MASCULINO,SIN DATOS,0,0,Morelia,Francisco J Mujica,agosto,jueves,12,-101.18454605341,19.7249395386615
46264,46270,2023,,2023/08/03,11:55:00,COLISIÓN POR CORTE DE CIRCULACIÓN,ASFALTO,Bueno,Bueno,2,YAMAHA/YBR125,BLANCO,3,MINISTERIO PÚBLICO,31,MASCULINO,SIN DATOS,1,0,Morelia,Nueva Valladolid,agosto,jueves,12,-101.211628988385,19.7008322511534