fid,id_accidente,anio_origen,folio_c5i,dia_incidente,hora_ocurrencia,tipo_incidente_vial,superficie_ocurrencia,condiciones_climaticas,condiciones_via,numero_vehiculos_involucrados,marca_vehiculo_ocasiona_siniestro,color_vehiculo_ocasiona_siniestro,numero_personas_involucradas,lugar_remite_presunto_responsable,edad_presunto_responsable,sexo_presunto_responsable,resultados_toxicologia,numero_personas_lesionadas,numero_personas_fallecidas,municipio,colonia,mes,dia_semana,hora_redondeada,lon,lat
46265,46271,2023,,2023/08/03,14:25:00,COLISIÓN POR ALCANCE,ASFALTO,Bueno,Bueno,2,JEEP LINETED,NEGRO,2,,35,MASCULINO,SIN DATOS,0,0,Morelia,Jardines de La Loma,agosto,jueves,14,-101.225653924048,19.6767074404142
46266,46272,2023,,2023/08/03,18:05:00,COLISIÓN POR CORTE DE CIRCULACIÓN,ASFALTO,Nublado,Bueno,2,CHEVROLET/SONIC,ROJO,2,,26,MASCULINO,SIN DATOS,0,0,Morelia,Gertrudis Bocanegra,agosto,jueves,18,-101.207014247775,19.7023170663617
46267,46273,2023,LEG49469,2023/08/03,18:45:00,SALIDA DE SUPERFICIE DE RODAMIENTO,ASFALTO,Bueno,Regular,1,DODGE,NEGRO,1,,50,MASCULINO,SIN DATOS,0,0,Morelia,San Juanito Itzicuaro,agosto,jueves,19,-101.254205703735,19.6737638403951
46268,46274,2023,,2023/08/03,20:10:00,COLISIÓN POR ALCANCE,ASFALTO,Bueno,Bueno,2,VOLKSWAGEN JETTA,ROJO,2,,31,MASCULINO,SIN DATOS,0,0,Morelia,Primo Tapia Oriente,agosto,jueves,20,-101.160346493125,19.7125765608342
46269,46275,2023,LEG49468,2023/08/03,20:10:00,COLISIÓN POR ALCANCE,ASFALTO,Bueno,Bueno,2,TOYOTA,PLATA,2,,38,MASCULINO,SIN DATOS,0,0,Morelia,La Calera,agosto,jueves,20,-101.235392354429,19.680931746592
46270,46276,2023,,2023/08/03,22:25:00,COLISIÓN POR NO RESPETAR SEMÁFORO,ASFALTO,Bueno,Bueno,3,ACURA MDX,PLATA,3,MINISTERIO PÚBLICO,39,MASCULINO,SIN DATOS,0,0,Morelia,Central de Abastos,agosto,jueves,22,-101.169164089063,19.7171265444097
46271,46277,2023,,2023/08/04,"09:40:00",COLISIÓN CONTRA OBJETO FIJO,ASFALTO,Nublado,Malo,2,S/D,S/D,1,MINISTERIO PÚBLICO,,MASCULINO,SIN DATOS,0,0,Morelia,Ciudad Industrial,agosto,viernes,10,-101.137947030365,19.7286203784047
46272,46278,2023,,2023/08/04,10:40:00,COLISIÓN POR CORTE DE CIRCULACIÓN,ASFALTO,Bueno,Bueno,2,INTERNATIONAL,VERDE,2,,21,MASCULINO,SIN DATOS,0,0,Morelia,Valle de Las Flores,agosto,viernes,11,-101.126707663,19.6879726767955
46273,46279,2023,,2023/08/04,11:20:00,COLISIÓN POR ALCANCE,ASFALTO,Bueno,Bueno,2,YAMAHA,VERDE,2,,30,MASCULINO,SIN DATOS,0,0,Morelia,Elias Perez Avalos,agosto,viernes,11,-101.171439439058,19.7147130310182
46274,46280,2023,,2023/08/04,11:45:00,COLISIÓN POR CORTE DE CIRCULACIÓN,ASFALTO,Bueno,Bueno,2,SCOTT,NEGRO/NARANJA,2,MINISTERIO PÚBLICO,65,MASCULINO,SIN DATOS,1,0,Morelia,Las Americas,agosto,viernes,12,-101.159062050283,19.6879724302351
46275,46281,2023,,2023/08/04,17:35:00,COLISIÓN POR INVASIÓN DE CARRIL,ASFALTO,Bueno,Bueno,2,CHEVROLET,GRIS,2,,26,MASCULINO,SIN DATOS,0,0,Charo,Sin datos,agosto,viernes,18,-101.063124462962,19.7449440682376
46276,46282,2023,,2023/08/04,17:35:00,COLISIÓN CONTRA OBJETO FIJO,ASFALTO,Bueno,Bueno,1,DINA,ROJO/AMARILLO,1,,25,MASCULINO,SIN DATOS,0,0,Morelia,Nicolaitas Ilustres,agosto,viernes,18,-101.22835021466,19.7194605701922
46277,46283,2023,,2023/08/04,18:05:00,COLISIÓN POR CORTE DE CIRCULACIÓN,ASFALTO,Lluvioso,Regular,2,S/D,S/D,1,MINISTERIO PÚBLICO,51,MASCULINO,SIN DATOS,0,0,Morelia,Enrique Arreguin Robles,agosto,viernes,18,-101.183779276907,19.7194258526273
46278,46284,2023,,2023/08/04,20:50:00,COLISIÓN POR ALCANCE,ASFALTO,Lluvioso,Bueno,2,NISSAN,ROJO,2,,43,MASCULINO,SIN DATOS,0,0,Morelia,Primo Tapia Oriente,agosto,viernes,21,-101.16034515202,19.7125787702286
46279,46285,2023,LEG49479,2023/08/05,"00:20:00",COLISIÓN POR MANIOBRA DE REVERSA,CONCRETO,Nublado,Regular,2,CHRYSLER,ROJO,2,,34,MASCULINO,SIN DATOS,0,0,Morelia,Margarita Maza de Juarez,agosto,sábado,0,-101.253635399044,19.6928703890388
46280,46286,2023,,2023/08/05,"09:20:00",COLISIÓN POR CORTE DE CIRCULACIÓN,ASFALTO,Bueno,Bueno,2,CARABELA,BLANCO,2,,,MASCULINO,SIN DATOS,0,0,Morelia,Centro,agosto,sábado,9,-101.200166232884,19.7030458959961
46281,46287,2023,,2023/08/05,"09:35:00",COLISIÓN POR ALCANCE,ASFALTO,Bueno,Bueno,2,VOLKSWAGEN,AZUL,2,,38,MASCULINO,SIN DATOS,0,0,Morelia,Loma de Los Piñones,agosto,sábado,10,-101.205116584897,19.6741417380174
46282,46288,2023,,2023/08/05,10:15:00,COLISIÓN POR CAMBIO DE CARRIL,ASFALTO,Bueno,Bueno,2,DODGE,GRIS,2,,48,FEMENINO,SIN DATOS,0,0,Morelia,Lomas de Huerta,agosto,sábado,10,-101.210147403181,19.6723226437057
46283,46289,2023,,2023/08/05,11:00:00,COLISIÓN POR ALCANCE,ASFALTO,Bueno,Bueno,2,HYUNDAI,NEGRO,1,,33,MASCULINO,SIN DATOS,0,0,Morelia,Villas del Pedregal,agosto,sábado,11,-101.303412504494,19.6724486108117
46284,46290,2023,,2023/08/05,16:00:00,COLISIÓN POR CORTE DE CIRCULACIÓN,ASFALTO,Bueno,Bueno,2,CHEVROLET,VERDE,2,MINISTERIO PÚBLICO,43,MASCULINO,SIN DATOS,0,0,Morelia,Centro,agosto,sábado,16,-101.196022890508,19.703014331334
46285,46291,2023,,2023/08/05,16:00:00,COLISIÓN POR NO RESPETAR SEMÁFORO,ASFALTO,Bueno,Bueno,2,TOYOTA,NEGRO,3,,26,MASCULINO,SIN DATOS,1,0,Morelia,Felicitas del Rio,agosto,sábado,16,-101.195570603013,19.6902096126584
46286,46292,2023,,2023/08/05,18:30:00,COLISIÓN POR CORTE DE CIRCULACIÓN,ASFALTO,Bueno,Bueno,2,NISSAN,BLANCO,3,,,MASCULINO,SIN DATOS,1,0,Morelia,El Durazno,agosto,sábado,19,-101.176357939839,19.6578442911261
46287,46293,2023,,2023/08/05,20:00:00,COLISIÓN CONTRA OBJETO FIJO,ASFALTO,Lluvioso,Bueno,1,NISSAN,BLANCO,1,,70,MASCULINO,SIN DATOS,0,0,Morelia,Prados de La Huerta,agosto,sábado,20,-101.223499104381,19.6684002499975
46288,46294,2023,,2023/08/05,20:30:00,COLISIÓN POR ALCANCE,ASFALTO,Lluvioso,Regular,2,VOLKSWAGEN,BLANCO,2,MINISTERIO PÚBLICO,32,FEMENINO,SIN DATOS,0,0,Morelia,Bonanza,agosto,sábado,21,-101.202229857445,19.6571376731457
46289,46295,2023,,2023/08/05,20:30:00,COLISIÓN POR MANIOBRA DE REVERSA,ASFALTO,Lluvioso,Regular,3,CHEVROLET,BLANCO,3,,42,MASCULINO,SIN DATOS,0,0,Morelia,Nueva Jacarndas,agosto,sábado,21,-101.192009299994,19.6822601654193
46290,46296,2023,,2023/08/05,22:15:00,COLISIÓN POR ALCANCE,ASFALTO,Lluvioso,Regular,2,HONDA,ROJO,2,MINISTERIO PÚBLICO,46,MASCULINO,SIN DATOS,0,0,Morelia,Agua Clara,agosto,sábado,22,-101.225462146103,19.7044893413367
46291,46297,2023,LEG49492,2023/08/05,22:30:00,COLISIÓN POR ALCANCE,ASFALTO,Bueno,Bueno,3,CHRYSLER,GRIS,3,,48,MASCULINO,SIN DATOS,0,0,Morelia,Sentimientos de La Nacion,agosto,sábado,23,-101.236870586872,19.6848026929744
46292,46298,2023,,2023/08/05,22:30:00,COLISIÓN POR CORTE DE CIRCULACIÓN,SIN_DATOS,Bueno,Bueno,0,,,0,,,,,0,0,Morelia,Libertad,agosto,sábado,23,-101.23769570142,19.6867614913079
46293,46299,2023,,2023/08/06,"00:00:00",VOLCADURA,ASFALTO,Lluvioso,Regular,1,VOLKSWAGEN,ARENA,1,,47,FEMENINO,SIN DATOS,0,0,Morelia,Santiaguito,agosto,domingo,0,-101.188614964485,19.7185847384094
46294,46300,2023,,2023/08/06,"00:20:00",COLISIÓN POR MANIOBRA DE REVERSA,ASFALTO,Lluvioso,Regular,2,NISSAN,GRIS,2,,40,MASCULINO,SIN DATOS,0,0,Morelia,Campestre Los Manantiales,agosto,domingo,0,-101.238363571465,19.688246437043
46295,46301,2023,,2023/08/06,"02:40:00",COLISIÓN CONTRA OBJETO FIJO,ASFALTO,Bueno,Bueno,1,TOYOTA,GRIS,1,,63,MASCULINO,SIN DATOS,0,0,Morelia,Ejidal Ocolusen,agosto,domingo,3,-101.158951409161,19.6877501939544
46296,46302,2023,MOR23040209 089,2023/08/06,"04:30:00",COLISIÓN CONTRA OBJETO FIJO,TERRACERIA,Nublado,Bueno,1,FORD,BLANCO,1,,,MASCULINO,SIN DATOS,0,0,Morelia,Del Prendimiento,agosto,domingo,5,-101.390443481505,19.6662063322659
46297,46303,2023,,2023/08/06,"07:10:00",COLISIÓN CONTRA OBJETO FIJO,ASFALTO,Nublado,Bueno,1,MERCEDES BENZ,VERDE,0,MINISTERIO PÚBLICO,,,,0,0,Tarímbaro,Sin datos,agosto,domingo,7,-101.178258,19.749366
46298,46304,2023,,2023/08/06,"07:40:00",COLISIÓN POR CAMBIO DE CARRIL,ASFALTO,Bueno,Bueno,2,FREINGHTLINR,ROJO,2,,43,MASCULINO,SIN DATOS,0,0,Morelia,Los Manantiales de Morelia,agosto,domingo,8,-101.241524554789,19.695360032618
46299,46305,2023,MOR2207861,2023/08/06,22:35:00,COLISIÓN CONTRA OBJETO FIJO,ASFALTO,Bueno,Bueno,2,HONDA,BLANCO,1,,,,SIN DATOS,0,0,Morelia,Jardines del Toreo,agosto,domingo,23,-101.219752393663,19.6902566477654
46300,46306,2023,,2023/08/07,"00:00:00",CAIDA DE MOTOCICLETA,ASFALTO,Bueno,Bueno,1,ITALIKA,NEGRO Y AMARILLO,1,,21,MASCULINO,SIN DATOS,0,0,Charo,La Goleta,agosto,lunes,0,-101.083292998374,19.7372737891571
46301,46307,2023,,2023/08/07,"09:10:00",COLISIÓN CONTRA OBJETO FIJO,ASFALTO,Bueno,Regular,1,NISSAN,GRIS,1,,31,FEMENINO,SIN DATOS,0,0,Morelia,Americas Britania,agosto,lunes,9,-101.146,19.6922
46302,46308,2023,,2023/08/07,"09:10:00",COLISIÓN CONTRA OBJETO FIJO,ASFALTO,Bueno,Bueno,1,VOLKSWAGEN UP!,AZUL,1,,31,MASCULINO,SIN DATOS,0,0,Morelia,Fray Antonio de Lisboa,agosto,lunes,9,-101.147051118314,19.6941728243756
46303,46309,2023,,2023/08/07,13:15:00,COLISIÓN POR INVASIÓN DE CARRIL,ASFALTO,Bueno,Bueno,2,NISSAN,ROJO,2,,63,MASCULINO,SIN DATOS,0,0,Morelia,La Hacienda,agosto,lunes,13,-101.315203160048,19.6806349975349
46304,46310,2023,,2023/08/07,14:00:00,COLISIÓN POR CAMBIO DE CARRIL,ASFALTO,Bueno,Regular,2,VOLKSWAGEN,AZUL,2,,36,MASCULINO,SIN DATOS,0,0,Morelia,Las Flores,agosto,lunes,14,-101.206469424069,19.7023577849521
46305,46311,2023,LEG49509,2023/08/07,14:40:00,COLISIÓN POR ALCANCE,ASFALTO,Bueno,Bueno,2,VENTO,NEGRO,2,,24,MASCULINO,SIN DATOS,0,0,Morelia,Comision Federal de Electricidad,agosto,lunes,15,-101.181339137256,19.6815066174034
46306,46312,2023,,2023/08/07,15:30:00,COLISIÓN POR CORTE DE CIRCULACIÓN,CONCRETO,Bueno,Bueno,3,TOYOTA,BLANCO,2,,,,SIN DATOS,0,0,Morelia,Mariano Escobedo,agosto,lunes,16,-101.212107427418,19.7199330439398
46307,46313,2023,,2023/08/07,20:25:00,SALIDA DE SUPERFICIE DE RODAMIENTO,ASFALTO,Bueno,Bueno,2,BMW,BLANCO,2,MINISTERIO PÚBLICO,51,MASCULINO,SIN DATOS,0,0,Morelia,La Hacienda,agosto,lunes,20,-101.314941979945,19.6868792394209
46308,46314,2023,MOR230534893,2023/08/07,21:25:00,COLISIÓN CONTRA OBJETO FIJO,ASFALTO,Bueno,Bueno,1,VOLKSWAGEN FOLF,AZUL,1,MINISTERIO PÚBLICO,,,,1,0,Morelia,Sin datos,agosto,lunes,21,-101.273132711649,19.5833809822935
46309,46315,2023,LEG49512,2023/08/08,"00:00:00",COLISIÓN CONTRA OBJETO FIJO,ASFALTO,Bueno,Bueno,1,VOLKSWAGEN,AZUL,1,,,,SIN DATOS,0,0,Morelia,Sin datos,agosto,martes,0,-101.273149140179,19.583415097544
46310,46316,2023,,2023/08/08,12:20:00,COLISIÓN POR ALCANCE,ASFALTO,Bueno,Bueno,2,CHEVROLET,BLANCO AZUL MORADO,2,,36,MASCULINO,SIN DATOS,0,0,Morelia,Felix Ireta,agosto,martes,12,-101.180244125426,19.687936443131
46311,46317,2023,MOR 230535892,2023/08/08,13:15:00,COLISIÓN CON PEATÓN,ASFALTO,Bueno,Regular,1,NISSAN,BLANCO Y ROJO,3,MINISTERIO PÚBLICO,25,MASCULINO,SIN DATOS,2,0,Morelia,Centro,agosto,martes,13,-101.195170283318,19.7029966551206
46312,46318,2023,,2023/08/08,17:27:00,COLISIÓN CON PEATÓN,CONCRETO,Bueno,Bueno,1,SEAT,ROJO,1,,35,MASCULINO,SIN DATOS,0,0,Morelia,Chapultepec Norte,agosto,martes,17,-101.173644214869,19.696982210128
46313,46319,2023,,2023/08/08,21:25:00,COLISIÓN POR MANIOBRA DE REVERSA,CONCRETO,Bueno,Bueno,2,FORD,GUINDA,2,MINISTERIO PÚBLICO,57,MASCULINO,SIN DATOS,0,0,Morelia,Independencia,agosto,martes,21,-101.177325168862,19.712097629132
46314,46320,2023,LEG49518,2023/08/08,21:30:00,COLISIÓN CONTRA OBJETO FIJO,ASFALTO,Bueno,Regular,1,CHEVROLET,GRIS,1,,,,SIN DATOS,0,0,Morelia,Quinceo,agosto,martes,22,-101.224942803383,19.7332696725361
46315,46321,2023,,2023/08/09,"00:00:00",COLISIÓN POR ALCANCE,CONCRETO,Bueno,Bueno,2,TOYOTA HIACE,BCO/GUINDA,2,,33,MASCULINO,SIN DATOS,0,0,Morelia,Industrial,agosto,miércoles,0,-101.197584941983,19.7116069493481
46316,46322,2023,,2023/08/09,"00:00:00",COLISIÓN POR ALCANCE,ASFALTO,Bueno,Bueno,2,VOLKSWAGEN,ROJO,3,MINISTERIO PÚBLICO,32,MASCULINO,SIN DATOS,1,0,Morelia,La Soledad,agosto,miércoles,0,-101.184634566307,19.7250013969106
46317,46323,2023,,2023/08/09,"00:00:00",COLISIÓN POR CORTE DE CIRCULACIÓN,ASFALTO,Bueno,Bueno,2,NISSAN,GRIS,2,,,,SIN DATOS,0,0,Morelia,Paseo de Las Lomas,agosto,miércoles,0,-101.150325760245,19.6971151023225
46318,46324,2023,LEG49519,2023/08/09,"02:45:00",CAIDA DE MOTOCICLETA,ASFALTO,Nublado,Bueno,1,ITALIKA,NEGRO,0,,,,,0,0,Morelia,Tzindurio de Morelos,agosto,miércoles,3,-101.24579295516,19.6978979329624
46319,46325,2023,LEG49517,2023/08/09,"05:27:00",COLISIÓN CONTRA OBJETO FIJO,ASFALTO,Bueno,Bueno,1,NISSAN,GRIS,1,,,,SIN DATOS,0,0,Morelia,Felix Arreguin,agosto,miércoles,5,-101.227896921337,19.7191484274513
46320,46326,2023,LEG49524,2023/08/09,"09:00:00",COLISIÓN POR ALCANCE,ASFALTO,Bueno,Bueno,2,HONDA,GRIS,2,,43,,SIN DATOS,0,0,Morelia,Country Club  Las Huertas,agosto,miércoles,9,-101.228285841644,19.6582376972853
46321,46327,2023,,2023/08/09,"09:00:00",COLISIÓN POR CORTE DE CIRCULACIÓN,ASFALTO,Bueno,Bueno,2,S/D,NEGRO,1,MINISTERIO PÚBLICO,48,MASCULINO,SIN DATOS,0,0,Morelia,Sin datos,agosto,miércoles,9,-101.282075531781,19.6177462207197
46322,46328,2023,,2023/08/09,14:00:00,COLISIÓN POR ALCANCE,ASFALTO,Bueno,Bueno,2,CHEVROLET,GRIS,2,,36,FEMENINO,SIN DATOS,0,0,Morelia,Ejidal Ocolusen,agosto,miércoles,14,-101.151985712349,19.6834919736033
46323,46329,2023,,2023/08/09,15:33:00,COLISIÓN POR CORTE DE CIRCULACIÓN,ASFALTO,Bueno,Bueno,2,ISUZU,BLANCO,2,,43,MASCULINO,SIN DATOS,0,0,Morelia,Paseo de Las Lomas,agosto,miércoles,16,-101.150270439684,19.6970778546402
46324,46330,2023,,2023/08/09,16:40:00,COLISIÓN POR CAMBIO DE CARRIL,CONCRETO,Bueno,Bueno,2,CHEVROLET CAVALIER,BLANCO,2,,54,FEMENINO,SIN DATOS,0,0,Morelia,Rincon Campestre,agosto,miércoles,17,-101.144188195467,19.6863331147345
46325,46331,2023,,2023/08/10,"00:00:00",COLISIÓN POR ALCANCE,CONCRETO,Bueno,Bueno,1,NISSAN,BLANCO,1,MINISTERIO PÚBLICO,22,MASCULINO,SIN DATOS,0,0,Morelia,Tres Puentes,agosto,jueves,0,-101.213714405894,19.702656387631
46326,46332,2023,LEG49533,2023/08/10,"00:00:00",COLISIÓN POR CORTE DE CIRCULACIÓN,ASFALTO,Bueno,Bueno,2,VOLKSWAGEN,BLANCO,2,,27,FEMENINO,SIN DATOS,0,0,Morelia,Centro,agosto,jueves,0,-101.200106218457,19.6983673138525
46327,46333,2023,,2023/08/10,"08:27:00",COLISIÓN POR INVASIÓN DE CARRIL,CONCRETO,Bueno,Bueno,2,DODGE,GRIS,2,,43,MASCULINO,SIN DATOS,0,0,Morelia,Santa Martha,agosto,jueves,8,-101.223280504346,19.6717616311066
46328,46334,2023,MOR 230540163,2023/08/10,12:15:00,COLISIÓN POR ALCANCE,CONCRETO,Bueno,Bueno,3,DODGE,GRIS,3,MINISTERIO PÚBLICO,19,MASCULINO,SIN DATOS,0,0,Morelia,El Lago 1,agosto,jueves,12,-101.219320222735,19.7276000529466
46329,46335,2023,,2023/08/10,13:30:00,COLISIÓN POR CAMBIO DE CARRIL,ASFALTO,Bueno,Bueno,2,NISSAN,BLANCO,2,,36,FEMENINO,SIN DATOS,0,0,Morelia,Comision Federal de Electricidad,agosto,jueves,14,-101.177129074931,19.6817607468958
46330,46336,2023,,2023/08/10,14:15:00,COLISIÓN POR CORTE DE CIRCULACIÓN,ASFALTO,Bueno,Bueno,2,TOYOTA,BLANCO y GRIS,2,,19,MASCULINO,SIN DATOS,0,0,Morelia,Los Manantiales de Morelia,agosto,jueves,14,-101.243005134165,19.7003900235529
46331,46337,2023,,2023/08/10,20:54:00,COLISIÓN POR CORTE DE CIRCULACIÓN,ASFALTO,Bueno,Bueno,2,MERCEDES BENZ,AMARILLO /ROJO,2,,53,MASCULINO,SIN DATOS,0,0,Morelia,Ferrocarrilero,agosto,jueves,21,-101.212775297463,19.701854641334
46332,46338,2023,,2023/08/11,"07:00:00",COLISIÓN CONTRA OBJETO FIJO,ASFALTO,Bueno,Bueno,1,VOLKSWAGEN,GRIS,1,,48,MASCULINO,SIN DATOS,0,0,Morelia,Santillan La Huerta,agosto,viernes,7,-101.2189405,19.6755015
46333,46339,2023,,2023/08/11,"09:55:00",COLISIÓN POR ALCANCE,ASFALTO,Bueno,Bueno,2,NISSAN,BLANCO,2,,41,MASCULINO,SIN DATOS,0,0,Morelia,Avicola Benito Juarez,agosto,viernes,10,-101.279537826777,19.6913482371725
46334,46340,2023,,2023/08/11,12:00:00,COLISIÓN POR CORTE DE CIRCULACIÓN,CONCRETO,Bueno,Bueno,1,KENWORTH,BLANCO,1,,45,MASCULINO,SIN DATOS,0,0,Morelia,San Rafael,agosto,viernes,12,-101.153764016926,19.7007369245363
46335,46341,2023,,2023/08/11,14:30:00,COLISIÓN POR ALCANCE,ASFALTO,Bueno,Bueno,2,TOYOTA,BLANCO/MORADO,2,,42,MASCULINO,SIN DATOS,0,0,Morelia,Xangari,agosto,viernes,15,-101.220697872341,19.6741063792134
46336,46342,2023,,2023/08/11,15:00:00,COLISIÓN POR CORTE DE CIRCULACIÓN,ASFALTO,Bueno,Bueno,3,FIAT,NEGRO,3,,17,FEMENINO,SIN DATOS,0,0,Morelia,Alberto Oviedo Mota,agosto,viernes,15,-101.201932132244,19.6778155383804
46337,46343,2023,,2023/08/11,21:44:00,COLISIÓN POR CORTE DE CIRCULACIÓN,ASFALTO,Bueno,Bueno,2,NISSAN,GRIS,2,,35,MASCULINO,SIN DATOS,0,0,Morelia,Nicolas Bravo(Los Ejidos),agosto,viernes,22,-101.217282414436,19.7042832258408
46338,46344,2023,,2023/08/12,"00:00:00",COLISIÓN POR CAMBIO DE CARRIL,ASFALTO,Lluvioso,Malo,2,CHEVROLET,BLANCO,2,,43,MASCULINO,SIN DATOS,0,0,Morelia,Granjas de La Huerta,agosto,sábado,0,-101.231198720634,19.6628981923245
46339,46345,2023,,2023/08/12,"06:00:00",COLISIÓN CONTRA OBJETO FIJO,ASFALTO,Bueno,Bueno,1,NISSAN,GRIS,0,,,,,0,0,Morelia,Las Americas,agosto,sábado,6,-101.153627559543,19.6874342012116
46340,46346,2023,LEG49543,2023/08/12,"08:40:00",COLISIÓN CON PEATÓN,ASFALTO,Bueno,Bueno,2,MERCEDES BENZ,AMARILLO/GUINDA,2,,,MASCULINO,SIN DATOS,0,0,Morelia,Los Manantiales de Morelia,agosto,sábado,9,-101.243018209934,19.7004092783132
46341,46347,2023,,2023/08/12,10:40:00,COLISIÓN CONTRA OBJETO FIJO,CONCRETO,Bueno,Bueno,2,ISUZU,BLANCO,1,,31,MASCULINO,SIN DATOS,0,0,Morelia,Fovissste La Huerta,agosto,sábado,11,-101.212134920061,19.6922914553393
46342,46348,2023,,2023/08/12,10:51:00,COLISIÓN POR CORTE DE CIRCULACIÓN,ASFALTO,Bueno,Bueno,2,NISSAN,BLANCO/CORAL,2,,19,MASCULINO,SIN DATOS,0,0,Morelia,Las Margaritas,agosto,sábado,11,-101.208397261798,19.7104274368251
46343,46349,2023,,2023/08/12,11:50:00,COLISIÓN POR ALCANCE,ASFALTO,Bueno,Bueno,2,FORD,BLANCO,0,MINISTERIO PÚBLICO,,,,0,0,Lázaro Cárdenas,Sin datos,agosto,sábado,12,-102.184739112854,17.9469887367904
46344,46350,2023,,2023/08/12,12:40:00,COLISIÓN POR CORTE DE CIRCULACIÓN,ASFALTO,Bueno,Bueno,2,CHEVROLET,VINO,2,,25,MASCULINO,SIN DATOS,0,0,Morelia,Primo Tapia Oriente,agosto,sábado,13,-101.161071360111,19.7150283386486
46345,46351,2023,,2023/08/12,13:30:00,COLISIÓN POR CAMBIO DE CARRIL,ASFALTO,Bueno,Bueno,2,KENWORTH,BLANCO,2,,38,MASCULINO,SIN DATOS,0,0,Morelia,Lomas de San Juan,agosto,sábado,14,-101.183033958077,19.7299373555132
46346,46352,2023,LEG49555,2023/08/12,14:45:00,COLISIÓN POR CORTE DE CIRCULACIÓN,ASFALTO,Bueno,Bueno,2,TOYOTA,AZUL,2,,35,FEMENINO,SIN DATOS,0,0,Morelia,Villas del Pedregal,agosto,sábado,15,-101.309512518346,19.6702787425416
46347,46353,2023,LEG49551,2023/08/12,15:30:00,COLISIÓN POR ALCANCE,CONCRETO,Bueno,Bueno,2,SEAT,PLATA,2,,35,MASCULINO,SIN DATOS,0,0,Morelia,Agustin Arriaga Rivera,agosto,sábado,16,-101.224570982158,19.6909637510644
46348,46354,2023,LEG49556,2023/08/12,18:15:00,SALIDA DE SUPERFICIE DE RODAMIENTO,ASFALTO,Bueno,Bueno,1,CHEVROLET,VERDE,1,,48,MASCULINO,SIN DATOS,0,0,Morelia,Valle del Durazno,agosto,sábado,18,-101.187705695629,19.6562744457051
46349,46355,2023,,2023/08/12,21:45:00,COLISIÓN CONTRA OBJETO FIJO,ASFALTO,Bueno,Bueno,2,FORD,GRIS,1,MINISTERIO PÚBLICO,35,FEMENINO,CON CERTIFICADO,0,0,Morelia,Las Aguilas,agosto,sábado,22,-101.228115186095,19.6976293088477
46350,46356,2023,,2023/08/12,21:50:00,COLISIÓN POR INVASIÓN DE CARRIL,ASFALTO,Lluvioso,Malo,2,NISSAN,ROJO,2,,37,MASCULINO,SIN DATOS,0,0,Tzitzio,Tzitzio,agosto,sábado,22,-100.923208370805,19.5834340504579
46351,46357,2023,MOR 230546027,2023/08/12,21:50:00,CAIDA DE MOTOCICLETA,ASFALTO,Nublado,Regular,1,ITALIKA,VERDE,2,MINISTERIO PÚBLICO,,,,2,0,Morelia,Indeco Santiaguito,agosto,sábado,22,-101.17524549365,19.7238273485051
46352,46358,2023,,2023/08/13,"07:00:00",COLISIÓN CONTRA OBJETO FIJO,ASFALTO,Bueno,Bueno,1,SEAT,GRIS,0,MINISTERIO PÚBLICO,,,,0,0,Lázaro Cárdenas,Infonavit Nuevo Horizonte,agosto,domingo,7,-102.210155054927,17.9568366792732
46353,46359,2023,,2023/08/13,11:10:00,COLISIÓN POR ALCANCE,ASFALTO,Bueno,Bueno,1,ITALIKA,AMARILLO-NEGRO,3,MINISTERIO PÚBLICO,19,MASCULINO,SIN DATOS,2,0,Hidalgo,Sin Nombre,agosto,domingo,11,-100.557089857757,19.7070163651704
46354,46360,2023,,2023/08/13,19:55:00,SUBIDA AL CAMELLÓN,ASFALTO,Lluvioso,Regular,1,NISSAN TSURU,GRIS,1,,57,MASCULINO,SIN DATOS,0,0,Morelia,Los Laureles,agosto,domingo,20,-101.232922377234,19.7146136650311
46355,46361,2023,,2023/08/13,20:40:00,COLISIÓN POR INVASIÓN DE CARRIL,ASFALTO,Bueno,Bueno,2,AUDI,ROJO,2,MINISTERIO PÚBLICO,34,MASCULINO,SIN DATOS,0,0,Charo,San Bartolo,agosto,domingo,21,-101.043591938079,19.7515971856621
46356,46362,2023,MOR 230546102,2023/08/13,21:55:00,VOLCADURA,ASFALTO,Nublado,Regular,1,VOLKSWAGEN,ROJO,1,,26,MASCULINO,SIN DATOS,0,0,Morelia,Ciudad Industrial,agosto,domingo,22,-101.136305183172,19.7294806910643
46357,46363,2023,,2023/08/13,23:30:00,COLISIÓN POR ALCANCE,ASFALTO,Lluvioso,Bueno,3,NISSAN,GRIS,3,,46,,ALIENTO ETÍLICO,0,0,Morelia,Residencial Alborada,agosto,domingo,0,-101.234630942345,19.7024663678088
46358,46364,2023,,2023/08/14,"00:10:00",COLISIÓN POR ALCANCE,CONCRETO,Bueno,Bueno,2,FREIGHTLINER,BLANCO,2,,47,MASCULINO,SIN DATOS,0,0,Morelia,Bello Horizonte,agosto,lunes,0,-101.188296998863,19.6600592599565
46359,46365,2023,LEG49563,2023/08/14,"08:00:00",COLISIÓN POR INVASIÓN DE CARRIL,ASFALTO,Bueno,Bueno,2,TOYOTA,BLANCO Y NARANJA,7,MINISTERIO PÚBLICO,,,,7,0,Morelia,Barrio Alto,agosto,lunes,8,-101.1882827,19.7276714
46360,46366,2023,LEG49564,2023/08/14,"08:50:00",COLISIÓN POR ALCANCE,ASFALTO,Bueno,Bueno,2,DATSUN,ROJO,2,,61,MASCULINO,SIN DATOS,0,0,Morelia,Josefa Ortiz de Dominguez,agosto,lunes,9,-101.210532894023,19.6720411464155