fid,id_accidente,anio_origen,folio_c5i,dia_incidente,hora_ocurrencia,tipo_incidente_vial,superficie_ocurrencia,condiciones_climaticas,condiciones_via,numero_vehiculos_involucrados,marca_vehiculo_ocasiona_siniestro,color_vehiculo_ocasiona_siniestro,numero_personas_involucradas,lugar_remite_presunto_responsable,edad_presunto_responsable,sexo_presunto_responsable,resultados_toxicologia,numero_personas_lesionadas,numero_personas_fallecidas,municipio,colonia,mes,dia_semana,hora_redondeada,lon,lat
46361,46367,2023,LEG49561,2023/08/14,10:26:00,COLISIÓN POR CORTE DE CIRCULACIÓN,CONCRETO,Bueno,Bueno,2,CHRYSLER,VERDE,2,,37,MASCULINO,SIN DATOS,0,0,Morelia,Ilustres Novohispanos,agosto,lunes,10,-101.152673110067,19.7108147396326
46362,46368,2023,,2023/08/14,10:40:00,COLISIÓN POR CAMBIO DE CARRIL,ASFALTO,Bueno,Bueno,2,CHEVROLET,BLANCO,2,MINISTERIO PÚBLICO,22,MASCULINO,SIN DATOS,0,0,Hidalgo,Corros,agosto,lunes,11,-100.555384643376,19.7072139549091
46363,46369,2023,LEG49566,2023/08/14,11:00:00,COLISIÓN POR ALCANCE,ASFALTO,Bueno,Bueno,4,CHEVROLET,PLATA,4,,45,FEMENINO,SIN DATOS,0,0,Morelia,Arboledas de La Huerta,agosto,lunes,11,-101.224195370583,19.6690973722789
46364,46370,2023,,2023/08/14,13:30:00,COLISIÓN CONTRA OBJETO FIJO,CONCRETO,Bueno,Bueno,3,SUZUKI,BLANCO,1,,27,FEMENINO,SIN DATOS,0,0,Huandacareo,Centro,agosto,lunes,14,-101.271109990776,19.9872810655525
46365,46371,2023,,2023/08/14,14:05:00,COLISIÓN POR CAMBIO DE CARRIL,ASFALTO,Bueno,Bueno,2,STERLING,BLANCO,2,,37,MASCULINO,SIN DATOS,0,0,Morelia,Sentimientos de La Nacion,agosto,lunes,14,-101.233194944297,19.682432823539
46366,46372,2023,,2023/08/14,14:20:00,COLISIÓN POR CAMBIO DE CARRIL,ASFALTO,Bueno,Bueno,2,NISSAN,AMARILLA,2,MINISTERIO PÚBLICO,54,MASCULINO,SIN DATOS,0,0,Morelia,Vista Bella,agosto,lunes,14,-101.195925675947,19.6790442736003
46367,46373,2023,LEG49567,2023/08/14,18:23:00,COLISIÓN POR MANIOBRA DE REVERSA,ASFALTO,Bueno,Bueno,2,FREIGHTLINER,BLANCO,2,,38,MASCULINO,SIN DATOS,0,0,Morelia,Arboledas de La Huerta,agosto,lunes,18,-101.224195370583,19.6690973722789
46368,46374,2023,,2023/08/14,22:40:00,COLISIÓN CONTRA OBJETO FIJO,ASFALTO,Bueno,Bueno,2,HONDA,GRIS,2,,,MASCULINO,SIN DATOS,0,0,Morelia,Jardin de La Orquidea,agosto,lunes,23,-101.301537805995,19.691619
46370,46376,2023,MOR230551557,2023/08/15,"09:40:00",COLISIÓN POR CORTE DE CIRCULACIÓN,ASFALTO,Bueno,Bueno,3,FANSA,BLANCO Y ROJO,3,,38,MASCULINO,ALIENTO ETÍLICO,0,0,Morelia,Los Pirules,agosto,martes,10,-101.118486,19.687152
46371,46377,2023,,2023/08/15,11:00:00,COLISIÓN POR ALCANCE,ASFALTO,Bueno,Bueno,2,NISSAN,BLANCO,2,,48,MASCULINO,SIN DATOS,0,0,Morelia,Enrique Ramirez,agosto,martes,11,-101.165651847052,19.7086881668769
46372,46378,2023,,2023/08/15,12:40:00,SUBIDA AL CAMELLÓN,ASFALTO,Bueno,Bueno,1,CHEVROLET BEAT,BLANCO,1,,26,MASCULINO,SIN DATOS,0,0,Morelia,Ciudad Industrial,agosto,martes,13,-101.14554366932,19.7284851395985
46373,46379,2023,,2023/08/15,13:30:00,COLISIÓN POR CORTE DE CIRCULACIÓN,ASFALTO,Bueno,Bueno,2,INTERNATIONAL,VERDE,2,,36,MASCULINO,SIN DATOS,0,0,Morelia,Francisco J Mujica,agosto,martes,14,-101.189190012973,19.7239867530705
46374,46380,2023,,2023/08/15,14:20:00,COLISIÓN POR ALCANCE,ASFALTO,Bueno,Bueno,3,FORD,ROJO,3,,,,SIN DATOS,0,0,Morelia,Centro,agosto,martes,14,-101.19118388321,19.702768457823
46377,46383,2023,,2023/08/16,"04:00:00",COLISIÓN POR CAMBIO DE CARRIL,ASFALTO,Bueno,Bueno,3,JEEP,NEGRO,3,,27,MASCULINO,SIN DATOS,0,0,Morelia,Sentimientos de La Nacion,agosto,miércoles,4,-101.233194944297,19.682432823539
46378,46384,2023,,2023/08/16,"09:43:00",COLISIÓN POR CORTE DE CIRCULACIÓN,CONCRETO,Bueno,Bueno,2,NISSAN,ROJO,2,MINISTERIO PÚBLICO,30,MASCULINO,SIN DATOS,0,0,Morelia,Cuauhtemoc,agosto,miércoles,10,-101.182606932687,19.697549348141
46379,46385,2023,,2023/08/16,10:00:00,COLISIÓN POR CAMBIO DE CARRIL,ASFALTO,Bueno,Bueno,2,CHYSLER,GRIS,2,,0,MASCULINO,SIN DATOS,0,0,Morelia,Centro,agosto,miércoles,10,-101.19118388321,19.702768457823
46380,46386,2023,MOR230540834,2023/08/16,10:10:00,COLISIÓN POR ALCANCE,ASFALTO,Bueno,Bueno,3,NISSAN,AZUL,3,,42,FEMENINO,SIN DATOS,0,0,Morelia,Comision Federal de Electricidad,agosto,miércoles,10,-101.18,19.682
46381,46387,2023,,2023/08/16,10:20:00,COLISIÓN POR CAMBIO DE CARRIL,ASFALTO,Bueno,Bueno,2,TOYOTA,BLANCO Y NARANJA,2,,,MASCULINO,SIN DATOS,0,0,Morelia,Industrial,agosto,miércoles,10,-101.188350096345,19.7113995805035
46382,46388,2023,,2023/08/16,11:00:00,COLISIÓN POR CAMBIO DE CARRIL,ASFALTO,Bueno,Bueno,2,FREIGHTLINER,BLANCO,2,,0,MASCULINO,SIN DATOS,0,0,Morelia,Tres Puentes,agosto,miércoles,11,-101.213524742681,19.7058468756013
46383,46389,2023,,2023/08/16,12:10:00,VOLCADURA,ASFALTO,Bueno,Bueno,2,DODGE RAM 2500,NEGRO,2,,20,MASCULINO,SIN DATOS,0,0,Morelia,La Soledad,agosto,miércoles,12,-101.185166715661,19.7274533823308
46384,46390,2023,,2023/08/16,14:05:00,COLISIÓN POR CAMBIO DE CARRIL,ASFALTO,Bueno,Bueno,2,TOYOTA,BLANCO Y GRIS,2,,23,MASCULINO,SIN DATOS,0,0,Morelia,Dr Miguel Silva,agosto,miércoles,14,-101.185227946917,19.717204814836
46385,46391,2023,,2023/08/16,17:25:00,COLISIÓN POR ALCANCE,ASFALTO,Bueno,Bueno,2,MERCEDES BENZ,BLANCO,2,,49,MASCULINO,SIN DATOS,0,0,Morelia,Tzindurio de Morelos,agosto,miércoles,17,-101.245044000887,19.6974820969065
46386,46392,2023,,2023/08/16,20:00:00,SUBIDA AL CAMELLÓN,ASFALTO,Bueno,Bueno,1,CHEVROLET,BLANCO,1,,34,MASCULINO,SIN DATOS,0,0,Morelia,La Quemada,agosto,miércoles,20,-101.240059827697,19.7032952648833
46388,46394,2023,,2023/08/16,23:00:00,COLISIÓN POR CORTE DE CIRCULACIÓN,ASFALTO,Bueno,Bueno,2,ITALIKA RT200,NEGRO,2,,18,MASCULINO,SIN DATOS,0,0,Morelia,Rector Hidalgo,agosto,miércoles,23,-101.224853614648,19.6856513102425
46389,46395,2023,LEG49590,2023/08/17,"02:30:00",COLISIÓN POR NO RESPETAR SEMÁFORO,ASFALTO,Lluvioso,Bueno,2,NISSAN,BLANCO,2,,41,MASCULINO,CON CERTIFICADO,0,0,Morelia,Rinconada del Valle,agosto,jueves,3,-101.222201261191,19.6773787628329
46390,46396,2023,,2023/08/17,"09:10:00",COLISIÓN CONTRA OBJETO FIJO,ASFALTO,Lluvioso,Bueno,1,NISSAN,AZUL,1,,,,SIN DATOS,0,0,Morelia,Sin datos,agosto,jueves,9,-101.125,19.7143
46392,46398,2023,,2023/08/17,"09:48:00",COLISIÓN POR CORTE DE CIRCULACIÓN,CONCRETO,Bueno,Bueno,2,VOLKSWAGEN,ROJO,2,,32,MASCULINO,SIN DATOS,0,0,Morelia,Barrio Alto,agosto,jueves,10,-101.1882827,19.7276714
46393,46399,2023,,2023/08/17,18:30:00,COLISIÓN POR ALCANCE,ASFALTO,Bueno,Bueno,2,INTERNATIONAL,BLANCO,2,,47,MASCULINO,SIN DATOS,0,0,Morelia,Tinijaro,agosto,jueves,19,-101.260931648241,19.6960863202958
46394,46400,2023,,2023/08/18,"02:00:00",COLISIÓN POR CORTE DE CIRCULACIÓN,ASFALTO,Bueno,Bueno,2,SIN DATOS,SIN DATOS,2,MINISTERIO PÚBLICO,28,FEMENINO,SIN DATOS,1,0,Morelia,Pascual Ortiz de Ayala,agosto,viernes,2,-101.151504422657,19.696032531912
46395,46401,2023,,2023/08/18,"06:00:00",COLISIÓN POR ALCANCE,ASFALTO,Bueno,Bueno,2,HONDA,ARENA,2,MINISTERIO PÚBLICO,34,MASCULINO,SIN DATOS,0,0,Morelia,Dr Miguel Silva,agosto,viernes,6,-101.185227946917,19.717204814836
46396,46402,2023,LEG49599,2023/08/18,"07:20:00",COLISIÓN POR CORTE DE CIRCULACIÓN,CONCRETO,Bueno,Bueno,2,HONDA,GRIS,2,,,MASCULINO,SIN DATOS,0,0,Morelia,Primaveras,agosto,viernes,7,-101.225677728653,19.6786843323375
46397,46403,2023,LEG49604,2023/08/18,"08:20:00",COLISIÓN POR CAMBIO DE CARRIL,ASFALTO,Bueno,Regular,2,TOYOTA,BLANCO,2,,27,MASCULINO,SIN DATOS,0,0,Morelia,Canteras de Morelia,agosto,viernes,8,-101.171481013298,19.7147247090897
46398,46404,2023,,2023/08/18,"09:30:00",COLISIÓN POR ALCANCE,ASFALTO,Nublado,Bueno,2,DODGE,BEIGE,2,,40,FEMENINO,SIN DATOS,0,0,Morelia,Campestre Los Manantiales,agosto,viernes,10,-101.239269822836,19.690084606535
46399,46405,2023,,2023/08/18,"09:43:00",SALIDA DE SUPERFICIE DE RODAMIENTO,ASFALTO,Bueno,Bueno,1,CHEVROLET,ROJO,1,,46,,SIN DATOS,0,0,Morelia,Sin datos,agosto,viernes,10,-101.262140348554,19.6394768960694
46400,46406,2023,LEG49605,2023/08/18,12:15:00,COLISIÓN POR CORTE DE CIRCULACIÓN,ASFALTO,Bueno,Bueno,2,NISSAN,VERDE,2,,43,MASCULINO,SIN DATOS,0,0,Morelia,Poblado de Ocolusen,agosto,viernes,12,-101.149537861347,19.6946905126472
46401,46407,2023,LEG49600,2023/08/18,18:30:00,COLISIÓN POR CORTE DE CIRCULACIÓN,ASFALTO,Bueno,Bueno,2,DODGE,BLANCO,2,,,MASCULINO,SIN DATOS,0,0,Morelia,Eduardo Ruiz,agosto,viernes,19,-101.21619142592,19.7175340495539
46402,46408,2023,LEG49606,2023/08/18,20:50:00,COLISIÓN POR CORTE DE CIRCULACIÓN,ASFALTO,Nublado,Bueno,2,FORD,NEGRO,2,,52,MASCULINO,SIN DATOS,0,0,Morelia,Poblado de Ocolusen,agosto,viernes,21,-101.149379946291,19.6946696788832
46403,46409,2023,,2023/08/19,"00:10:00",COLISIÓN POR ALCANCE,ASFALTO,Bueno,Regular,2,CHEVROLET,BLANCO,2,,30,MASCULINO,CON CERTIFICADO,0,0,Morelia,Loma de Los Piñones,agosto,sábado,0,-101.205067299306,19.674019876392
46404,46410,2023,MOR239559948,2023/08/19,"08:55:00",COLISIÓN POR ALCANCE,ASFALTO,Bueno,Bueno,2,TOYOTA,BLANCO/NARANJA,2,,41,MASCULINO,SIN DATOS,0,0,Morelia,Morelos,agosto,sábado,9,-101.185369491577,19.7240230238384
46405,46411,2023,,2023/08/19,10:00:00,COLISIÓN CONTRA OBJETO FIJO,CONCRETO,Bueno,Bueno,2,TOYOTA,CREMA,1,,24,MASCULINO,SIN DATOS,0,0,Morelia,Agustin Arriaga Rivera,agosto,sábado,10,-101.220963411033,19.6940857010628
46406,46412,2023,,2023/08/19,10:30:00,COLISIÓN POR CAMBIO DE CARRIL,ASFALTO,Bueno,Bueno,2,ITALIKA,NEGRO,2,,32,MASCULINO,SIN DATOS,0,0,Morelia,La Soledad,agosto,sábado,11,-101.183346770704,19.7276193044307
46407,46413,2023,,2023/08/19,10:30:00,COLISIÓN POR CORTE DE CIRCULACIÓN,ASFALTO,Bueno,Bueno,2,NISSAN,GRIS,2,,39,MASCULINO,SIN DATOS,0,0,Morelia,Infonavit Benito Juarez,agosto,sábado,11,-101.197166852653,19.6852373872758
46408,46414,2023,,2023/08/19,10:40:00,COLISIÓN POR INVASIÓN DE CARRIL,ASFALTO,Bueno,Bueno,2,FORD,AZUL,2,,22,MASCULINO,SIN DATOS,0,0,Morelia,Centro,agosto,sábado,11,-101.200318448246,19.6984178187755
46409,46415,2023,,2023/08/19,12:10:00,COLISIÓN POR ALCANCE,ASFALTO,Bueno,Bueno,2,KENWORTH T3,BLANCO,2,,39,MASCULINO,SIN DATOS,0,0,Morelia,Morelos,agosto,sábado,12,-101.185370162129,19.724022392628
46410,46416,2023,,2023/08/19,12:11:00,COLISIÓN POR CAMBIO DE CARRIL,ASFALTO,Bueno,Bueno,2,FREIGHTLINER,BLANCO,2,,36,MASCULINO,SIN DATOS,0,0,Morelia,Division del Norte,agosto,sábado,12,-101.164528392255,19.7107923070283
46411,46417,2023,LEG49614,2023/08/19,14:10:00,COLISIÓN POR CORTE DE CIRCULACIÓN,ASFALTO,Bueno,Bueno,2,ISUZU,ROJO,2,,30,MASCULINO,SIN DATOS,0,0,Morelia,Lomas del Tecnologico,agosto,sábado,14,-101.196184828877,19.7243092774829
46412,46418,2023,,2023/08/19,15:20:00,COLISIÓN POR CORTE DE CIRCULACIÓN,ASFALTO,Bueno,Bueno,2,KTM,NARANJA/NEGRO,2,,18,MASCULINO,SIN DATOS,0,0,Morelia,Felipe Carrillo Puerto,agosto,sábado,15,-101.176195666194,19.7313089189815
46413,46419,2023,,2023/08/19,17:30:00,COLISIÓN POR CAMBIO DE CARRIL,ASFALTO,Lluvioso,Malo,1,CHEVROLET,BLANCO,3,MINISTERIO PÚBLICO,55,MASCULINO,SIN DATOS,2,0,Hidalgo,Corros,agosto,sábado,18,-100.555413477123,19.707209535972
46414,46420,2023,,2023/08/19,18:38:00,COLISIÓN CONTRA OBJETO FIJO,ASFALTO,Lluvioso,Regular,2,SEAT,BLANCO,2,,42,MASCULINO,SIN DATOS,0,0,Morelia,Isaac Arriaga,agosto,sábado,19,-101.174279563129,19.7064299072882
46415,46421,2023,,2023/08/19,22:15:00,COLISIÓN POR CORTE DE CIRCULACIÓN,CONCRETO,Nublado,Bueno,2,ITALIKA,VERDE Y NEGRO,2,,21,MASCULINO,CON CERTIFICADO,0,0,Morelia,Nueva Valladolid,agosto,sábado,22,-101.211617924273,19.7008331981063
46416,46422,2023,,2023/08/20,"01:00:00",VOLCADURA,ASFALTO,Bueno,Bueno,1,TOYOTA,BLANCO,0,MINISTERIO PÚBLICO,,,,0,0,Lázaro Cárdenas,Sin datos,agosto,domingo,1,-102.226141691208,17.933794946344
46417,46423,2023,,2023/08/20,"03:00:00",COLISIÓN POR ALCANCE,ASFALTO,Bueno,Bueno,1,HONDA,AZUL,0,MINISTERIO PÚBLICO,,,,0,0,Lázaro Cárdenas,1Er Sect de Fidelac,agosto,domingo,3,-102.200381755829,17.961613446593
46418,46424,2023,,2023/08/20,"06:25:00",COLISIÓN CONTRA OBJETO FIJO,CONCRETO,Bueno,Bueno,2,FORD FIESTA,GRIS,2,,26,MASCULINO,SIN DATOS,0,0,Morelia,Jardines de Guadalupe,agosto,domingo,6,-101.229455284774,19.7107219212321
46419,46425,2023,MOR230562039,2023/08/20,"09:20:00",COLISIÓN POR CORTE DE CIRCULACIÓN,ASFALTO,Nublado,Regular,4,VOLKSWAGEN,BLANCO,4,,30,MASCULINO,SIN DATOS,0,0,Morelia,Comision Federal de Electricidad,agosto,domingo,9,-101.18133880198,19.6815059860253
46420,46426,2023,LEG49621,2023/08/20,10:30:00,COLISIÓN CON PEATÓN,ASFALTO,Nublado,Regular,1,CHEVROLET,BLANCO,1,,40,MASCULINO,SIN DATOS,0,0,Queréndaro,Centro,agosto,domingo,11,-100.892867222428,19.8080721081044
46421,46427,2023,LEG49623,2023/08/20,14:20:00,COLISIÓN POR ALCANCE,ASFALTO,Bueno,Bueno,2,CHEVROLET,GRIS,2,,63,FEMENINO,SIN DATOS,0,0,Morelia,Irrigacion,agosto,domingo,14,-101.222975067794,19.7051752337162
46422,46428,2023,,2023/08/20,19:00:00,SALIDA DE SUPERFICIE DE RODAMIENTO,ASFALTO,Lluvioso,Regular,1,ITALIKA,NEGRO,2,MINISTERIO PÚBLICO,,,,2,0,Chucándiro,Sin datos,agosto,domingo,19,-101.306390762329,19.8969978107254
46423,46429,2023,,2023/08/20,22:00:00,SUBIDA AL CAMELLÓN,ASFALTO,Bueno,Bueno,1,GMC,ROJA,1,,81,MASCULINO,SIN DATOS,0,0,Morelia,Arcos del Valle,agosto,domingo,22,-101.236250326037,19.7076239686201
46424,46430,2023,,2023/08/20,23:10:00,COLISIÓN POR CORTE DE CIRCULACIÓN,CONCRETO,Lluvioso,Regular,2,VOLKSWAGEN,AZUL,1,MINISTERIO PÚBLICO,37,MASCULINO,SIN DATOS,0,0,Morelia,Valle Quieto,agosto,domingo,23,-101.204159371555,19.681964997264
46425,46431,2023,MOR230565581,2023/08/21,"00:00:00",COLISIÓN POR CORTE DE CIRCULACIÓN,ASFALTO,Bueno,Bueno,2,HYUNDAI,GRIS,2,,55,FEMENINO,SIN DATOS,0,0,Morelia,Buenavista,agosto,lunes,0,-101.161162219942,19.7057654838929
46426,46432,2023,,2023/08/21,"07:30:00",COLISIÓN POR CORTE DE CIRCULACIÓN,ASFALTO,Nublado,Regular,2,INTERNACIONAL,VERDE,2,,34,MASCULINO,SIN DATOS,0,0,Morelia,Lomas de San Juan,agosto,lunes,8,-101.183039681886,19.7298664251429
46427,46433,2023,MOR230564149,2023/08/21,"07:30:00",COLISIÓN CONTRA OBJETO FIJO,ASFALTO,Nublado,Regular,1,VOLKSWAGEN,BLANCO,1,,,MASCULINO,SIN DATOS,0,0,Morelia,Camelinas,agosto,lunes,8,-101.17262119,19.6818144849991
46428,46434,2023,,2023/08/21,"08:39:00",COLISIÓN POR ALCANCE,ASFALTO,Bueno,Bueno,2,MERCEDES BENZ,BLANCO,2,,,MASCULINO,SIN DATOS,0,0,Morelia,Rinconada del Valle,agosto,lunes,9,-101.222201261191,19.6773787628329
46429,46435,2023,MOR23089671,2023/08/21,"09:40:00",COLISIÓN POR ALCANCE,ASFALTO,Bueno,Bueno,2,CHEVROLET,AZUL,2,,,MASCULINO,SIN DATOS,0,0,Morelia,Camelinas,agosto,lunes,10,-101.17262119,19.6818144849991
46430,46436,2023,,2023/08/21,10:10:00,COLISIÓN POR ALCANCE,ASFALTO,Bueno,Bueno,2,CHEVROLET,ROJO,2,,,MASCULINO,SIN DATOS,0,0,Morelia,Jardines del Toreo,agosto,lunes,10,-101.219353178302,19.6884519381114
46431,46437,2023,,2023/08/21,12:30:00,COLISIÓN POR CORTE DE CIRCULACIÓN,ASFALTO,Bueno,Bueno,2,YAMAHA,BLANCO Y ROJO,2,,20,MASCULINO,SIN DATOS,0,0,Morelia,Villa Universidad,agosto,lunes,13,-101.199352667542,19.6833167641249
46432,46438,2023,,2023/08/21,13:20:00,COLISIÓN POR CORTE DE CIRCULACIÓN,CONCRETO,Bueno,Bueno,2,CHEVROLET,ROJO,2,MINISTERIO PÚBLICO,55,MASCULINO,SIN DATOS,0,0,Morelia,Independencia,agosto,lunes,13,-101.177325168862,19.712097629132
46433,46439,2023,,2023/08/21,14:20:00,VOLCADURA,ASFALTO,Bueno,Bueno,2,NISSAN MARCH,BLANCO,3,MINISTERIO PÚBLICO,34,MASCULINO,SIN DATOS,1,0,Morelia,Lazaro Cardenas,agosto,lunes,14,-101.162058507071,19.7101112773308
46434,46440,2023,LEG49636,2023/08/21,14:30:00,COLISIÓN CON PEATÓN,ASFALTO,Bueno,Regular,1,FORD,BLANCO,2,MINISTERIO PÚBLICO,0,MASCULINO,SIN DATOS,1,0,Morelia,La Colina,agosto,lunes,15,-101.216056980193,19.7121690848484
46436,46442,2023,,2023/08/21,20:30:00,COLISIÓN POR CORTE DE CIRCULACIÓN,ASFALTO,Bueno,Bueno,2,NISSAN,NEGRO,1,,39,MASCULINO,SIN DATOS,0,0,Morelia,El Eden,agosto,lunes,21,-101.249641254544,19.6460321849589
46437,46443,2023,MOR 230566848,2023/08/22,"08:20:00",COLISIÓN POR ALCANCE,ASFALTO,Bueno,Bueno,3,HYUNDAI,AZUL,3,,46,MASCULINO,SIN DATOS,0,0,Morelia,Las Americas,agosto,martes,8,-101.15527803761,19.6905832056681
46438,46444,2023,,2023/08/22,"09:10:00",COLISIÓN CONTRA OBJETO FIJO,CONCRETO,Bueno,Bueno,1,CHEVROLET,AZUL,1,,45,MASCULINO,SIN DATOS,0,0,Morelia,Torreon Nuevo,agosto,martes,9,-101.207644850679,19.7494147681465
46439,46445,2023,,2023/08/22,"09:43:00",COLISIÓN POR CAMBIO DE CARRIL,ASFALTO,Bueno,Bueno,2,SEAT,BLANCO,2,,26,MASCULINO,SIN DATOS,0,0,Morelia,Cuauhtemoc,agosto,martes,10,-101.182606932687,19.697549348141
46440,46446,2023,,2023/08/22,10:50:00,COLISIÓN POR CAMBIO DE CARRIL,CONCRETO,Bueno,Bueno,2,JEEP,BLANCO,2,,62,FEMENINO,SIN DATOS,0,0,Morelia,Vasco de Quiroga,agosto,martes,11,-101.172084441176,19.7019638559701
46441,46447,2023,LEG49648,2023/08/22,11:00:00,COLISIÓN POR CAMBIO DE CARRIL,ASFALTO,Bueno,Bueno,3,CHEVROLET,BLANCO,4,MINISTERIO PÚBLICO,,,SIN DATOS,1,0,Morelia,Cosmos,agosto,martes,11,-101.218920954689,19.6840718148917
46442,46448,2023,LEG49649,2023/08/22,13:30:00,COLISIÓN POR CORTE DE CIRCULACIÓN,ASFALTO,Bueno,Bueno,2,CHEVROLET,ARENA,2,,20,MASCULINO,SIN DATOS,0,0,Morelia,Irrigacion,agosto,martes,14,-101.224794055804,19.7057244071144
46443,46449,2023,MOR 230567816,2023/08/22,15:00:00,COLISIÓN POR ALCANCE,ASFALTO,Nublado,Regular,2,HYUNDAI,BLANCO,2,,38,MASCULINO,SIN DATOS,0,0,Morelia,Centro,agosto,martes,15,-101.19118388321,19.702768457823
46444,46450,2023,,2023/08/22,17:09:00,COLISIÓN POR CAMBIO DE CARRIL,ASFALTO,Bueno,Bueno,2,FREIGHTLINER,ROJO,2,,38,MASCULINO,SIN DATOS,0,0,Morelia,Santillan La Huerta,agosto,martes,17,-101.219553885717,19.6760966650679
46445,46451,2023,,2023/08/22,17:20:00,COLISIÓN POR CAMBIO DE CARRIL,ASFALTO,Bueno,Bueno,2,NISSAN,NEGRO,2,,46,FEMENINO,SIN DATOS,0,0,Morelia,Torreon Nuevo,agosto,martes,17,-101.20358663,19.7462449699991
46446,46452,2023,MOR230568409,2023/08/22,19:45:00,COLISIÓN POR MANIOBRA DE REVERSA,CONCRETO,Lluvioso,Bueno,2,NISSAN,GRIS,2,,52,MASCULINO,ALIENTO ETÍLICO,0,0,Morelia,Chapultepec Oriente,agosto,martes,20,-101.163037865,19.6937316749991
46447,46453,2023,,2023/08/22,21:05:00,COLISIÓN POR CORTE DE CIRCULACIÓN,ASFALTO,Lluvioso,Bueno,2,CHEVROLET,BLUE,2,,33,MASCULINO,SIN DATOS,0,0,Morelia,Centro,agosto,martes,21,-101.18754847,19.7028479949991
46448,46454,2023,,2023/08/22,21:37:00,COLISIÓN POR CORTE DE CIRCULACIÓN,ASFALTO,Lluvioso,Bueno,2,RENAULT,BLANCO,2,,37,FEMENINO,SIN DATOS,0,0,Morelia,Lomas de Las Americas Sur,agosto,martes,22,-101.143497495564,19.6942351052347
46449,46455,2023,LEG49650,2023/08/22,23:30:00,COLISIÓN POR CORTE DE CIRCULACIÓN,ASFALTO,Nublado,Regular,2,ITALIKA,NEGRO Y VERDE,2,,17,MASCULINO,SIN DATOS,0,0,Morelia,Obrera,agosto,martes,0,-101.182860991234,19.7107343876966
46450,46456,2023,,2023/08/23,"08:00:00",COLISIÓN POR CORTE DE CIRCULACIÓN,CONCRETO,Nublado,Bueno,2,CHEVROLET,ROJO,2,,37,FEMENINO,SIN DATOS,0,0,Morelia,Los Girasoles,agosto,miércoles,8,-101.214,19.6915
46451,46457,2023,,2023/08/23,"09:10:00",COLISIÓN POR CORTE DE CIRCULACIÓN,CONCRETO,Bueno,Bueno,2,MAZDA CX-3,ROJO,2,,38,FEMENINO,SIN DATOS,0,0,Morelia,Sin datos,agosto,miércoles,9,-101.11455884192,19.7372316661679
46453,46459,2023,,2023/08/23,11:25:00,COLISIÓN POR ALCANCE,SIN_DATOS,Bueno,Bueno,2,S/D,S/D,1,MINISTERIO PÚBLICO,53,MASCULINO,SIN DATOS,0,0,Morelia,Villas del Pedregal,agosto,miércoles,11,-101.302209,19.685042
46454,46460,2023,,2023/08/23,13:45:00,COLISIÓN POR CORTE DE CIRCULACIÓN,CONCRETO,Bueno,Bueno,2,ITALIKA FT150,NEGRO/VERDE,2,,26,MASCULINO,SIN DATOS,0,0,Morelia,Manuel Garcia Pueblita,agosto,miércoles,14,-101.265574891764,19.6997006099547
46455,46461,2023,,2023/08/23,15:25:00,COLISIÓN POR CORTE DE CIRCULACIÓN,ASFALTO,Nublado,Bueno,1,DODGE,GRIS,1,,18,MASCULINO,SIN DATOS,0,0,Morelia,Dr Miguel Silva,agosto,miércoles,15,-101.185227946917,19.717204814836
46456,46462,2023,,2023/08/23,19:40:00,COLISIÓN POR CAMBIO DE CARRIL,ASFALTO,Bueno,Bueno,2,VOLKSWAGEN JETTA,BLANCO,2,,49,MASCULINO,SIN DATOS,0,0,Morelia,Nueva Valladolid,agosto,miércoles,20,-101.211483945359,19.6992598320994
46457,46463,2023,,2023/08/24,"08:40:00",COLISIÓN POR CORTE DE CIRCULACIÓN,ASFALTO,Bueno,Bueno,2,FORD,AZUL,2,,30,MASCULINO,SIN DATOS,0,0,Morelia,Lomas de Hidalgo,agosto,jueves,9,-101.160867959682,19.697918934297
46458,46464,2023,,2023/08/24,12:00:00,COLISIÓN CONTRA OBJETO FIJO,ASFALTO,Bueno,Bueno,1,CHEVROLET,BLANCO,1,,37,MASCULINO,SIN DATOS,0,0,Morelia,Jardines de Guadalupe,agosto,jueves,12,-101.225649548577,19.7117045865626
46459,46465,2023,,2023/08/24,13:30:00,COLISIÓN POR CORTE DE CIRCULACIÓN,ASFALTO,Bueno,Bueno,2,KENWORTH,BLANCO,2,,24,MASCULINO,SIN DATOS,0,0,Morelia,Guadalupe,agosto,jueves,14,-101.393089533049,19.6666434319386
46460,46466,2023,LEG49665,2023/08/24,14:30:00,COLISIÓN POR CORTE DE CIRCULACIÓN,ASFALTO,Bueno,Bueno,2,HONDA,GRIS,2,,35,MASCULINO,SIN DATOS,0,0,Morelia,Industrial,agosto,jueves,15,-101.196189005906,19.710209818625
46461,46467,2023,,2023/08/24,15:40:00,COLISIÓN POR CORTE DE CIRCULACIÓN,CONCRETO,Bueno,Bueno,2,KIA,GRIS,2,MINISTERIO PÚBLICO,32,MASCULINO,SIN DATOS,0,0,Morelia,Isaac Arriaga,agosto,jueves,16,-101.170068634056,19.7110391206767
46462,46468,2023,,2023/08/24,16:50:00,COLISIÓN POR ALCANCE,ASFALTO,Bueno,Bueno,3,GMC,ARENA,3,,,MASCULINO,SIN DATOS,0,0,Morelia,Arboledas(5 de Mayo),agosto,jueves,17,-101.2454065,19.679451