fid,id_accidente,anio_origen,folio_c5i,dia_incidente,hora_ocurrencia,tipo_incidente_vial,superficie_ocurrencia,condiciones_climaticas,condiciones_via,numero_vehiculos_involucrados,marca_vehiculo_ocasiona_siniestro,color_vehiculo_ocasiona_siniestro,numero_personas_involucradas,lugar_remite_presunto_responsable,edad_presunto_responsable,sexo_presunto_responsable,resultados_toxicologia,numero_personas_lesionadas,numero_personas_fallecidas,municipio,colonia,mes,dia_semana,hora_redondeada,lon,lat
46463,46469,2023,,2023/08/24,17:04:00,COLISIÓN POR ALCANCE,ASFALTO,Bueno,Bueno,2,FREIGHTLINER,BLANCO /AZUL,2,,,MASCULINO,SIN DATOS,0,0,Morelia,Arboledas(5 de Mayo),agosto,jueves,17,-101.2454065,19.679451
46464,46470,2023,LEG49667,2023/08/24,18:08:00,COLISIÓN POR INVASIÓN DE CARRIL,ASFALTO,Bueno,Bueno,2,FREIGHTLINER,BLANCO,2,,39,MASCULINO,SIN DATOS,0,0,Morelia,La Soledad,agosto,jueves,18,-101.185166715661,19.7274533823308
46465,46471,2023,,2023/08/24,18:20:00,COLISIÓN POR ALCANCE,ASFALTO,Bueno,Bueno,2,ITALIKA,NARANJA,3,MINISTERIO PÚBLICO,21,MASCULINO,SIN DATOS,1,0,Hidalgo,Centro,agosto,jueves,18,-100.553271,19.691029
46466,46472,2023,LEG49668,2023/08/24,19:30:00,COLISIÓN CON PEATÓN,ASFALTO,Bueno,Bueno,1,TOYOTA,BLANCO Y ROSA,2,,58,MASCULINO,SIN DATOS,1,0,Morelia,Santiaguito,agosto,jueves,20,-101.191834108722,19.7181820570845
46467,46473,2023,,2023/08/24,21:37:00,COLISIÓN POR CAMBIO DE CARRIL,ASFALTO,Bueno,Bueno,2,NISSAN,BLANCO Y ROJO,2,,56,MASCULINO,SIN DATOS,0,0,Morelia,Jardines de Sindurio,agosto,jueves,22,-101.25724950047,19.6993034103532
46468,46474,2023,,2023/08/24,23:25:00,COLISIÓN POR ALCANCE,ASFALTO,Bueno,Bueno,2,ITALIKA,NEGRO,2,,,MASCULINO,SIN DATOS,0,0,Morelia,El Realito,agosto,jueves,23,-101.203137012728,19.7271577016115
46469,46475,2023,,2023/08/25,"03:47:00",COLISIÓN CONTRA OBJETO FIJO,ASFALTO,Bueno,Bueno,1,NISSAN,ROJO,2,,34,MASCULINO,SIN DATOS,1,0,Morelia,Alberto Oviedo Mota,agosto,viernes,4,-101.198908182011,19.681555672698
46470,46476,2023,MOR230574069,2023/08/25,12:15:00,COLISIÓN POR CORTE DE CIRCULACIÓN,ASFALTO,Bueno,Bueno,1,CHEVROLET,ROJO,0,MINISTERIO PÚBLICO,,,,0,0,Morelia,Tinijaro,agosto,viernes,12,-101.262591965497,19.6965383935911
46471,46477,2023,,2023/08/25,13:00:00,COLISIÓN CONTRA OBJETO FIJO,ASFALTO,Bueno,Bueno,1,TOYOTA,ROJO,0,MINISTERIO PÚBLICO,,,,0,0,Lázaro Cárdenas,Centro,agosto,viernes,13,-102.191852,17.955388
46472,46478,2023,,2023/08/25,15:20:00,COLISIÓN POR CORTE DE CIRCULACIÓN,ASFALTO,Nublado,Regular,2,HONDA,GUINDA,2,,23,MASCULINO,SIN DATOS,0,0,Morelia,Enrique Arreguin Robles,agosto,viernes,15,-101.183174103498,19.7236417723226
46473,46479,2023,,2023/08/25,17:43:00,SALIDA DE SUPERFICIE DE RODAMIENTO,ASFALTO,Bueno,Bueno,1,MAZDA,BLANCO,1,,24,MASCULINO,SIN DATOS,0,0,Morelia,Sin datos,agosto,viernes,18,-101.278982274234,19.674441971834
46474,46480,2023,,2023/08/25,19:05:00,COLISIÓN POR ALCANCE,CONCRETO,Bueno,Bueno,2,NISSAN,BLANCO,2,,55,MASCULINO,SIN DATOS,0,0,Morelia,Industrial,agosto,viernes,19,-101.201713532209,19.7137718387775
46475,46481,2023,LEG49673,2023/08/26,"03:00:00",COLISIÓN CONTRA OBJETO FIJO,ASFALTO,Bueno,Bueno,1,MAZDA,GRIS,1,,24,MASCULINO,SIN DATOS,0,0,Morelia,Niño Artillero,agosto,sábado,3,-101.250200495124,19.6986100529927
46476,46482,2023,,2023/08/26,"08:21:00",SUBIDA AL CAMELLÓN,SIN_DATOS,Bueno,Bueno,1,BMW,ROJO,1,,32,MASCULINO,SIN DATOS,0,0,Morelia,Irrigacion,agosto,sábado,8,-101.225015223026,19.7047368058385
46477,46483,2023,,2023/08/26,12:45:00,COLISIÓN POR ALCANCE,ASFALTO,Bueno,Bueno,2,NISSAN,ARENA,2,,24,FEMENINO,SIN DATOS,0,0,Morelia,Isaac Arriaga,agosto,sábado,13,-101.169438846409,19.7086100173064
46478,46484,2023,,2023/08/26,18:50:00,COLISIÓN POR CAMBIO DE CARRIL,ASFALTO,Bueno,Bueno,1,ITALIKA,AZUL/NEGRA,2,MINISTERIO PÚBLICO,,MASCULINO,SIN DATOS,1,0,Morelia,Defensores De Puebla,agosto,sábado,19,-101.233477592468,19.7165272249766
46479,46485,2023,"00000",2023/08/26,22:30:00,COLISIÓN POR CORTE DE CIRCULACIÓN,ASFALTO,Bueno,Bueno,2,NISSAN,ROJO,2,,34,,SIN DATOS,0,0,Morelia,Guadalupe,agosto,sábado,23,-101.22120499,19.7082681849992
46480,46486,2023,,2023/08/27,"00:05:00",COLISIÓN CONTRA OBJETO FIJO,ASFALTO,Bueno,Bueno,1,RENAULT,GRIS,1,,34,MASCULINO,SIN DATOS,0,0,Morelia,Fovissste La Huerta,agosto,domingo,0,-101.212188228965,19.6921778148908
46481,46487,2023,,2023/08/27,"01:27:00",COLISIÓN POR CAMBIO DE CARRIL,ASFALTO,Bueno,Bueno,2,SEAT,BLANCO,2,,33,MASCULINO,SIN DATOS,0,0,Morelia,Mariano Michelena,agosto,domingo,1,-101.22996121645,19.6769079088476
46482,46488,2023,MOR 230578065,2023/08/27,"03:30:00",COLISIÓN POR INVASIÓN DE CARRIL,ASFALTO,Bueno,Regular,2,CHEVROLET,BLANCO,1,MINISTERIO PÚBLICO,23,MASCULINO,SIN DATOS,0,0,Charo,San Pedro Y San Pablo,agosto,domingo,4,-101.046817302704,19.7521854630846
46483,46489,2023,,2023/08/27,"09:25:00",COLISIÓN POR NO RESPETAR SEMÁFORO,ASFALTO,Bueno,Bueno,2,ITALIKA,GRIS,3,,25,MASCULINO,SIN DATOS,1,0,Morelia,Bosques de Oriente,agosto,domingo,9,-101.155541315675,19.7155361751566
46484,46490,2023,,2023/08/27,12:00:00,COLISIÓN POR CORTE DE CIRCULACIÓN,ASFALTO,Bueno,Bueno,2,NISSAN,BROWNISH,1,,26,FEMENINO,SIN DATOS,0,0,Morelia,Villa Universidad,agosto,domingo,12,-101.202047467232,19.6862608241018
46485,46491,2023,MOR 230578923,2023/08/27,14:50:00,COLISIÓN POR CORTE DE CIRCULACIÓN,CONCRETO,Bueno,Bueno,2,ITALIKA,NEGRO Y VERDE,2,,33,MASCULINO,SIN DATOS,0,0,Morelia,Gertrudis Sanchez,agosto,domingo,15,-101.200559511781,19.739661442065
46486,46492,2023,,2023/08/27,20:25:00,COLISIÓN POR CORTE DE CIRCULACIÓN,ASFALTO,Bueno,Regular,2,FORD,ROJO,1,,53,MASCULINO,SIN DATOS,0,0,Morelia,Eduardo Ruiz,agosto,domingo,20,-101.215146705508,19.7154231824622
46487,46493,2023,,2023/08/27,21:00:00,COLISIÓN CON PEATÓN,SIN_DATOS,Bueno,Bueno,5,VOLKSWAGEN,VERDE,0,MINISTERIO PÚBLICO,,,,0,0,Lázaro Cárdenas,Jose Green,agosto,domingo,21,-102.201032526791,17.9652368400575
46488,46494,2023,,2023/08/27,21:30:00,COLISIÓN POR CAMBIO DE CARRIL,CONCRETO,Bueno,Bueno,3,PORSHE,BLANCO,6,MINISTERIO PÚBLICO,27,MASCULINO,SIN DATOS,4,0,Morelia,Las Americas,agosto,domingo,22,-101.159063391387,19.6879736929404
46489,46495,2023,LEG49677,2023/08/27,21:50:00,COLISIÓN POR ALCANCE,ASFALTO,Bueno,Bueno,2,VOLKSWAGEN,GRIS,2,,22,FEMENINO,SIN DATOS,0,0,Morelia,Club Campestre La Huerta,agosto,domingo,22,-101.234655752778,19.6666590729642
46490,46496,2023,,2023/08/27,21:50:00,COLISIÓN POR CAMBIO DE CARRIL,CONCRETO,Bueno,Bueno,2,MG,ROJO,1,,26,FEMENINO,SIN DATOS,0,0,Morelia,Vasco de Quiroga,agosto,domingo,22,-101.175865754485,19.6981160516239
46491,46497,2023,FOLIO,2023/08/28,"07:00:00",COLISIÓN CONTRA OBJETO FIJO,ASFALTO,Bueno,Bueno,1,VOLKSWAGEN,BLANCO,1,,26,MASCULINO,SIN DATOS,0,0,Morelia,Felix Ireta,agosto,lunes,7,-101.190105135,19.6853188699992
46493,46499,2023,,2023/08/28,"08:10:00",COLISIÓN POR ALCANCE,ASFALTO,Bueno,Bueno,4,MITSUBISHI,BLANCO,4,MINISTERIO PÚBLICO,48,MASCULINO,SIN DATOS,0,0,Morelia,Lomas de Morelia (Dr Ignacio Chavez),agosto,lunes,8,-101.175452644618,19.7162004988672
46494,46500,2023,,2023/08/28,"08:10:00",COLISIÓN POR ALCANCE,ASFALTO,Bueno,Bueno,4,CHEVROLET,BLANCO  Y VERDE,4,,,MASCULINO,SIN DATOS,0,0,Morelia,Centro,agosto,lunes,8,-101.18754847,19.7028479949991
46496,46502,2023,,2023/08/28,10:10:00,COLISIÓN POR CORTE DE CIRCULACIÓN,ASFALTO,Bueno,Bueno,2,/NISSAN,ARENA,2,,54,,SIN DATOS,0,0,Morelia,Valle de Las Flores,agosto,lunes,10,-101.126707663,19.6879726767955
46497,46503,2023,,2023/08/28,10:40:00,COLISIÓN POR CAMBIO DE CARRIL,ASFALTO,Bueno,Bueno,0,,,0,MINISTERIO PÚBLICO,,,,0,0,Hidalgo,Corros,agosto,lunes,11,-100.55479221046,19.7072938113956
46498,46504,2023,,2023/08/28,13:20:00,VOLCADURA,ASFALTO,Bueno,Bueno,1,VOLKSWAGEN,GRIS,1,,31,MASCULINO,SIN DATOS,0,0,Cuitzeo,Sin datos,agosto,lunes,13,-101.152438670397,20.0340007841143
46499,46505,2023,,2023/08/28,13:40:00,COLISIÓN POR INVASIÓN DE CARRIL,TERRACERIA,Bueno,Bueno,2,CHEVROLET,BLANCO,2,,52,MASCULINO,SIN DATOS,0,0,Morelia,Indeco El Vivero,agosto,lunes,14,-101.230286120312,19.6793258035144
46501,46507,2023,,2023/08/28,15:00:00,COLISIÓN POR MANIOBRA DE REVERSA,ASFALTO,Bueno,Bueno,2,FORD,ROJO,0,MINISTERIO PÚBLICO,,,,0,0,Lázaro Cárdenas,Centro,agosto,lunes,15,-102.202162072062,17.9606419652121
46502,46508,2023,,2023/08/28,16:15:00,COLISIÓN POR ALCANCE,CONCRETO,Bueno,Bueno,2,VOLKSWAGEN,BLANCO,2,,36,FEMENINO,SIN DATOS,0,0,Morelia,Progreso del Sur,agosto,lunes,16,-101.197662525,19.6608805899991
46503,46509,2023,,2023/08/28,18:20:00,COLISIÓN POR CORTE DE CIRCULACIÓN,ASFALTO,Bueno,Bueno,2,NISSAN,PLATA,2,,53,MASCULINO,SIN DATOS,0,0,Morelia,Cinco de Diciembre,agosto,lunes,18,-101.162815939039,19.6862710903522
46506,46512,2023,,2023/08/28,22:10:00,COLISIÓN POR CORTE DE CIRCULACIÓN,ASFALTO,Bueno,Bueno,2,DODGE,ROJO,2,,52,MASCULINO,SIN DATOS,0,0,Morelia,Solidaridad,agosto,lunes,22,-101.207535703781,19.7268740807157
46507,46513,2023,,2023/08/29,"08:10:00",COLISIÓN POR CORTE DE CIRCULACIÓN,ASFALTO,Bueno,Bueno,2,CHEVROLET,CAFE,2,,40,MASCULINO,SIN DATOS,0,0,Morelia,Primo Tapia,agosto,martes,8,-101.212567090988,19.7094133079176
46508,46514,2023,,2023/08/29,"08:20:00",COLISIÓN POR CAMBIO DE CARRIL,CONCRETO,Nublado,Bueno,2,CHEVROLET,NEGRO,2,,49,MASCULINO,SIN DATOS,0,0,Morelia,Tres Puentes,agosto,martes,8,-101.211849264801,19.7090859950986
46509,46515,2023,,2023/08/29,"09:00:00",COLISIÓN POR NO RESPETAR SEMÁFORO,ASFALTO,Bueno,Bueno,2,NISSAN VERSA,BLANCO,2,,54,MASCULINO,SIN DATOS,0,0,Morelia,Primo Tapia Oriente,agosto,martes,9,-101.156895495951,19.7146521156585
46510,46516,2023,,2023/08/29,12:10:00,COLISIÓN POR CORTE DE CIRCULACIÓN,ASFALTO,Bueno,Bueno,3,VOLKSWAGEN,BLANCO,3,MINISTERIO PÚBLICO,37,MASCULINO,SIN DATOS,0,0,Morelia,La Hacienda,agosto,martes,12,-101.320342607796,19.6745303686445
46511,46517,2023,,2023/08/29,13:50:00,COLISIÓN POR CORTE DE CIRCULACIÓN,ASFALTO,Nublado,Regular,2,NISSAN,BLANCO,2,,23,MASCULINO,SIN DATOS,0,0,Morelia,Chapultepec Oriente,agosto,martes,14,-101.162587478757,19.6904583619266
46512,46518,2023,,2023/08/29,14:50:00,COLISIÓN CONTRA OBJETO FIJO,ASFALTO,Lluvioso,Regular,1,TOYOTA,GRIS,1,,65,FEMENINO,SIN DATOS,0,0,Morelia,Eduardo Ruiz,agosto,martes,15,-101.216186732054,19.717143945235
46513,46519,2023,,2023/08/29,16:15:00,COLISIÓN POR INVASIÓN DE CARRIL,ASFALTO,Bueno,Bueno,2,CHEVROLET TRAIL BLAZER,BLANCO,2,,63,MASCULINO,SIN DATOS,0,0,Morelia,Tzindurio de Morelos,agosto,martes,16,-101.243820860982,19.7001024644788
46514,46520,2023,,2023/08/30,"09:00:00",COLISIÓN CONTRA OBJETO FIJO,CONCRETO,Bueno,Bueno,1,FORD,CAFÉ,1,,26,FEMENINO,SIN DATOS,0,0,Morelia,Independencia,agosto,miércoles,9,-101.177325168862,19.712097629132
46515,46521,2023,LEG49723,2023/08/30,"09:30:00",COLISIÓN POR CORTE DE CIRCULACIÓN,ASFALTO,Bueno,Bueno,2,HONDA,GRIS Y AMARILLO,2,,19,MASCULINO,SIN DATOS,0,0,Morelia,Eduardo Ruiz,agosto,miércoles,10,-101.218978555514,19.7196729565452
46516,46522,2023,,2023/08/30,13:00:00,COLISIÓN CONTRA OBJETO FIJO,ASFALTO,Bueno,Bueno,2,TOYOTA,BLANCO Y ROSA,2,,56,MASCULINO,SIN DATOS,0,0,Morelia,Gustavo Diaz Ordaz,agosto,miércoles,13,-101.205198046847,19.692756460765
46517,46523,2023,,2023/08/30,15:40:00,COLISIÓN POR CORTE DE CIRCULACIÓN,ASFALTO,Bueno,Bueno,2,CHEVROLET,BLANCO Y VERDE,2,,47,MASCULINO,SIN DATOS,0,0,Morelia,Alberto Oviedo Mota,agosto,miércoles,16,-101.198908182011,19.681555672698
46518,46524,2023,,2023/08/30,18:15:00,COLISIÓN POR CAMBIO DE CARRIL,ASFALTO,Bueno,Bueno,2,VENTO,PLATA,2,,27,MASCULINO,SIN DATOS,0,0,Morelia,Lomas de Hidalgo,agosto,miércoles,18,-101.160867959682,19.697918934297
46520,46526,2023,,2023/08/31,"08:10:00",COLISIÓN POR CAMBIO DE CARRIL,ASFALTO,Bueno,Bueno,2,VOLKSWAGEN JETTA,BLANCO,2,,57,MASCULINO,SIN DATOS,0,0,Morelia,Balcones de Morelia,agosto,jueves,8,-101.201869405085,19.6735302099086
46521,46527,2023,,2023/08/31,"08:12:00",COLISIÓN POR CORTE DE CIRCULACIÓN,ASFALTO,Bueno,Bueno,2,FORD,GRIS,2,MINISTERIO PÚBLICO,26,MASCULINO,SIN DATOS,1,0,Hidalgo,Corros,agosto,jueves,8,-100.555418506265,19.7072092203336
46522,46528,2023,,2023/08/31,"08:30:00",SALIDA DE SUPERFICIE DE RODAMIENTO,ASFALTO,Nublado,Bueno,2,CHEVROLET,BLANCO,1,,,,SIN DATOS,0,0,Morelia,Los Angeles,agosto,jueves,9,-101.167963479351,19.7444751194994
46523,46529,2023,,2023/08/31,12:30:00,COLISIÓN POR ALCANCE,ASFALTO,Bueno,Bueno,2,CHEVROLET/AVEO,BLANCO,2,,21,MASCULINO,SIN DATOS,0,0,Morelia,Central de Abastos,agosto,jueves,13,-101.169164089063,19.7171265444097
46524,46530,2023,LEG49730,2023/08/31,17:40:00,COLISIÓN POR CORTE DE CIRCULACIÓN,ASFALTO,Bueno,Bueno,2,AUDI,ROJO,2,,21,MASCULINO,SIN DATOS,0,0,Morelia,Vistas de Altozano,agosto,jueves,18,-101.167,19.6551
46526,46532,2023,,2023/09/01,"07:45:00",COLISIÓN POR CAMBIO DE CARRIL,ASFALTO,Nublado,Regular,2,VOLKSWAGEN,NEGRO,2,,47,MASCULINO,SIN DATOS,0,0,Morelia,Sin datos,septiembre,viernes,8,-101.117427,19.731309
46527,46533,2023,,2023/09/01,"08:10:00",COLISIÓN CONTRA OBJETO FIJO,ASFALTO,Lluvioso,Regular,1,HONDA,BRONCE,1,,34,FEMENINO,SIN DATOS,0,0,Morelia,Bosques Tres Marias,septiembre,viernes,8,-101.104068718851,19.7243373662914
46528,46534,2023,,2023/09/01,10:00:00,COLISIÓN POR CORTE DE CIRCULACIÓN,ASFALTO,Bueno,Bueno,2,BMW,NEGRO,2,,32,MASCULINO,SIN DATOS,0,0,Morelia,Americas Britania,septiembre,viernes,10,-101.14922337234,19.6946516860849
46529,46535,2023,LEG49739,2023/09/01,10:10:00,COLISIÓN POR CORTE DE CIRCULACIÓN,ASFALTO,Bueno,Bueno,2,CHEVROLET,ROJO,2,,47,MASCULINO,SIN DATOS,0,0,Morelia,Centro,septiembre,viernes,10,-101.200167573988,19.7030477898756
46530,46536,2023,,2023/09/01,12:00:00,COLISIÓN POR CORTE DE CIRCULACIÓN,ASFALTO,Bueno,Bueno,2,NISSAN,BLANCO,2,MINISTERIO PÚBLICO,40,MASCULINO,SIN DATOS,0,0,Pátzcuaro,Vasco de Quiroga (La Loma),septiembre,viernes,12,-101.606261394918,19.5185240028942
46531,46537,2023,LEG49741,2023/09/01,13:10:00,COLISIÓN CONTRA OBJETO FIJO,ASFALTO,Bueno,Bueno,1,FORD,AZUL,1,,39,MASCULINO,SIN DATOS,0,0,Morelia,Prados Verdes,septiembre,viernes,13,-101.204718612134,19.719312231453
46532,46538,2023,,2023/09/01,14:45:00,COLISIÓN CONTRA OBJETO FIJO,CONCRETO,Bueno,Bueno,2,MERCEDEZ BENZ,BLANCO/AZUL,2,,26,MASCULINO,SIN DATOS,0,0,Morelia,Villas del Pedregal,septiembre,viernes,15,-101.307997740805,19.6793845414804
46533,46539,2023,,2023/09/01,15:25:00,COLISIÓN POR ALCANCE,ASFALTO,Bueno,Bueno,2,Chevrolet,Blanco,2,,55,FEMENINO,SIN DATOS,0,0,Morelia,Industrial,septiembre,viernes,15,-101.201347075403,19.7130364298513
46534,46540,2023,,2023/09/01,18:00:00,COLISIÓN CON PEATÓN,ASFALTO,Bueno,Bueno,1,GMC,GRIS OBSCURO,2,MINISTERIO PÚBLICO,35,MASCULINO,SIN DATOS,0,1,Hidalgo,Corros,septiembre,viernes,18,-100.555631071329,19.7071798659621
46535,46541,2023,,2023/09/01,20:20:00,COLISIÓN POR CAMBIO DE CARRIL,ASFALTO,Lluvioso,Regular,2,HONDA,NEGRO,2,,23,MASCULINO,SIN DATOS,0,0,Morelia,Bosques de Oriente,septiembre,viernes,20,-101.155594959855,19.7156002463976
46536,46542,2023,,2023/09/02,"00:20:00",COLISIÓN POR CORTE DE CIRCULACIÓN,CONCRETO,Lluvioso,Bueno,1,CHEVROLET,GUINDA,1,,42,FEMENINO,SIN DATOS,0,0,Morelia,Villas del Pedregal,septiembre,sábado,0,-101.306155733764,19.6693177148206
46537,46543,2023,MOR230590955,2023/09/02,"03:10:00",COLISIÓN POR ALCANCE,ASFALTO,Lluvioso,Malo,2,MITSUBISHI,NEGRO,2,,30,FEMENINO,SIN DATOS,0,0,Morelia,Centro,septiembre,sábado,3,-101.200207136571,19.7020705450628
46538,46544,2023,LEG49742,2023/09/02,"03:50:00",COLISIÓN CONTRA OBJETO FIJO,ASFALTO,Nublado,Malo,1,MITSUBISHI,AZUL,0,,,,,0,0,Morelia,Industrial,septiembre,sábado,4,-101.200219206512,19.7120043266414
46539,46545,2023,,2023/09/02,"04:43:00",COLISIÓN POR CORTE DE CIRCULACIÓN,CONCRETO,Bueno,Bueno,3,VOLKSWAGEN,ROJO,2,MINISTERIO PÚBLICO,26,MASCULINO,SIN DATOS,0,0,Morelia,Chapultepec Norte,septiembre,sábado,5,-101.172700747848,19.6968022846533
46540,46546,2023,LEG49745,2023/09/02,11:00:00,COLISIÓN POR ALCANCE,ASFALTO,Bueno,Bueno,3,NISSAN,GUINDA,3,,40,MASCULINO,SIN DATOS,0,0,Morelia,Niño Artillero,septiembre,sábado,11,-101.250199824572,19.698608474716
46541,46547,2023,,2023/09/02,12:25:00,COLISIÓN POR CORTE DE CIRCULACIÓN,ASFALTO,Bueno,Bueno,2,ITALIKA,ROJO/NEGRO,2,,23,MASCULINO,SIN DATOS,0,0,Morelia,Santiaguito,septiembre,sábado,12,-101.188734322786,19.7172058065012
46542,46548,2023,,2023/09/02,14:10:00,COLISIÓN POR MANIOBRA DE REVERSA,ASFALTO,Bueno,Bueno,2,VOLKSWAGEN,AMARILLO,2,,76,MASCULINO,SIN DATOS,0,0,Morelia,Gertrudis Sanchez,septiembre,sábado,14,-101.199742779136,19.7403282491414
46543,46549,2023,,2023/09/02,16:05:00,COLISIÓN POR ALCANCE,ASFALTO,Bueno,Bueno,2,MERCEDEZ BENZ,BLANCO/ROJO,2,,19,MASCULINO,SIN DATOS,0,0,Morelia,Tres Puentes,septiembre,sábado,16,-101.213714070618,19.7026554406889
46544,46550,2023,,2023/09/02,17:00:00,COLISIÓN POR CORTE DE CIRCULACIÓN,ASFALTO,Bueno,Bueno,2,ITÁLIKA,NEGRO/AMARILLO,2,,18,MASCULINO,SIN DATOS,0,0,Morelia,Gertrudis Bocanegra,septiembre,sábado,17,-101.21085818857,19.7050631806292
46545,46551,2023,,2023/09/02,19:45:00,COLISIÓN POR CAMBIO DE CARRIL,ASFALTO,Bueno,Bueno,2,NISSAN,BLANCO/ROJO,2,,50,MASCULINO,SIN DATOS,0,0,Morelia,Irrigacion,septiembre,sábado,20,-101.225013546646,19.7047405935574
46546,46552,2023,LEG49744,2023/09/02,20:00:00,SALIDA DE SUPERFICIE DE RODAMIENTO,ASFALTO,Bueno,Bueno,1,CHEVROLET,GRIS,1,,35,MASCULINO,SIN DATOS,0,0,Morelia,2 de Octubre,septiembre,sábado,20,-101.387563794851,19.6668968086766
46547,46553,2023,,2023/09/02,21:20:00,COLISIÓN CONTRA OBJETO FIJO,CONCRETO,Bueno,Bueno,2,FORD,BLANCO,1,,52,MASCULINO,SIN DATOS,0,0,Morelia,Huertitas,septiembre,sábado,21,-101.213754974306,19.7242209081655
46548,46554,2023,,2023/09/03,"00:00:00",COLISIÓN POR CAMBIO DE CARRIL,ASFALTO,Bueno,Bueno,2,TOYOTA,BLANCO Y AMARILLO,2,,51,MASCULINO,SIN DATOS,0,0,Morelia,La Colina,septiembre,domingo,0,-101.214227378368,19.7095780687938
46549,46555,2023,LEG49755,2023/09/03,"00:05:00",COLISIÓN POR INVASIÓN DE CARRIL,ASFALTO,Bueno,Bueno,2,AUDI,BLANCO,1,MINISTERIO PÚBLICO,62,MASCULINO,SIN DATOS,0,0,Charo,San Bartolo,septiembre,domingo,0,-101.044510267675,19.7529825391999
46550,46556,2023,,2023/09/03,"01:00:00",COLISIÓN CONTRA OBJETO FIJO,CONCRETO,Bueno,Bueno,1,VOLKSWAGEN,NEGRO,1,,17,MASCULINO,SIN DATOS,0,0,Morelia,Vasco de Quiroga,septiembre,domingo,1,-101.178119815886,19.699130567801
46551,46557,2023,,2023/09/03,"01:00:00",COLISIÓN POR CORTE DE CIRCULACIÓN,CONCRETO,Bueno,Bueno,2,HONDA,GRIS,2,MINISTERIO PÚBLICO,,MASCULINO,SIN DATOS,0,0,Morelia,Vasco de Quiroga,septiembre,domingo,1,-101.168853789568,19.7050025772368
46552,46558,2023,,2023/09/03,"02:50:00",COLISIÓN CONTRA OBJETO FIJO,CONCRETO,Bueno,Bueno,1,JEEP,NEGRO,0,,,,,0,0,Morelia,Union Antorchista,septiembre,domingo,3,-101.268551833928,19.7026191412384
46553,46559,2023,MOR223,2023/09/03,"04:50:00",COLISIÓN POR CORTE DE CIRCULACIÓN,ASFALTO,Bueno,Bueno,2,TORINO,BLANCO,2,,31,MASCULINO,SIN DATOS,0,0,Morelia,Agustin Arriaga Rivera,septiembre,domingo,5,-101.226011998951,19.6881012261203
46554,46560,2023,,2023/09/03,"08:00:00",SALIDA DE SUPERFICIE DE RODAMIENTO,ASFALTO,Bueno,Bueno,1,VOLKSWAGEN,AZUL,1,,35,,SIN DATOS,0,0,Morelia,La Joya,septiembre,domingo,8,-101.197665408254,19.6645377475934
46555,46561,2023,MOR 230594418,2023/09/03,"08:45:00",COLISIÓN POR MANIOBRA DE REVERSA,ASFALTO,Bueno,Malo,2,SE DESCONOCE,SE DESCONOCE,1,,21,MASCULINO,SIN DATOS,0,0,Morelia,Los Laureles,septiembre,domingo,9,-101.231221854687,19.7160515849539
46556,46562,2023,LEG49768,2023/09/03,11:40:00,COLISIÓN POR ALCANCE,ASFALTO,Bueno,Bueno,3,VOLKSWAGEN,BLANCO,3,MINISTERIO PÚBLICO,23,MASCULINO,CON CERTIFICADO,0,0,Morelia,La Colina,septiembre,domingo,12,-101.215966455638,19.7110978378384
46557,46563,2023,,2023/09/03,12:25:00,COLISIÓN POR CORTE DE CIRCULACIÓN,CONCRETO,Bueno,Bueno,2,VENTO,ROJO/NEGRO,2,,14,MASCULINO,SIN DATOS,0,0,Morelia,Jardines del Rincon,septiembre,domingo,12,-101.149983108044,19.689806183455
46558,46564,2023,,2023/09/03,12:45:00,COLISIÓN CONTRA OBJETO FIJO,CONCRETO,Bueno,Regular,1,HYUNDAI,AZUL,1,,25,MASCULINO,SIN DATOS,0,0,Morelia,Aquiles Serdan,septiembre,domingo,13,-101.167383268476,19.7219810452594
46559,46565,2023,,2023/09/03,14:05:00,COLISIÓN POR ALCANCE,ASFALTO,Bueno,Bueno,2,NISSAN,BLANCO,2,,52,FEMENINO,SIN DATOS,0,0,Morelia,Loma de Los Piñones,septiembre,domingo,14,-101.206000372767,19.6734658152423
46560,46566,2023,,2023/09/03,16:30:00,VOLCADURA,ASFALTO,Bueno,Bueno,1,NISSAN,GRIS,1,,25,MASCULINO,SIN DATOS,0,0,Morelia,Sin datos,septiembre,domingo,17,-101.30229100585,19.5882815008155
46562,46568,2023,,2023/09/04,"00:30:00",COLISIÓN POR INVASIÓN DE CARRIL,ASFALTO,Lluvioso,Bueno,2,JEEP,ROJA,2,,61,MASCULINO,ALIENTO ETÍLICO,0,0,Morelia,Guadalupe,septiembre,lunes,1,-101.393364071846,19.6653813558651
46563,46569,2023,LEG49774,2023/09/04,"08:40:00",COLISIÓN POR CORTE DE CIRCULACIÓN,ASFALTO,Bueno,Bueno,1,NISSAN,BLANCO,1,,,,SIN DATOS,0,0,Morelia,Alfonso Garcia Robles,septiembre,lunes,9,-101.183735691011,19.7191998726568
46564,46570,2023,,2023/09/04,12:20:00,COLISIÓN CON PEATÓN,SIN_DATOS,Bueno,Bueno,1,MAZDA CX5,BLANCO,2,,33,MASCULINO,SIN DATOS,1,0,Morelia,Felicitas del Rio,septiembre,lunes,12,-101.195386536419,19.6919906236427
46565,46571,2023,,2023/09/04,14:00:00,COLISIÓN CONTRA OBJETO FIJO,ASFALTO,Bueno,Bueno,1,SEAT,GRIS,1,,35,MASCULINO,SIN DATOS,0,0,Morelia,Tlalpujahua,septiembre,lunes,14,-101.218596361578,19.6762941905212