fid,id_accidente,anio_origen,folio_c5i,dia_incidente,hora_ocurrencia,tipo_incidente_vial,superficie_ocurrencia,condiciones_climaticas,condiciones_via,numero_vehiculos_involucrados,marca_vehiculo_ocasiona_siniestro,color_vehiculo_ocasiona_siniestro,numero_personas_involucradas,lugar_remite_presunto_responsable,edad_presunto_responsable,sexo_presunto_responsable,resultados_toxicologia,numero_personas_lesionadas,numero_personas_fallecidas,municipio,colonia,mes,dia_semana,hora_redondeada,lon,lat
46566,46572,2023,,2023/09/04,14:00:00,COLISIÓN POR CORTE DE CIRCULACIÓN,ASFALTO,Bueno,Bueno,2,VOLKSWAGEN,ROJO,2,,,,SIN DATOS,0,0,Morelia,Felix Ireta,septiembre,lunes,14,-101.180262565613,19.6879443350405
46567,46573,2023,,2023/09/04,18:00:00,COLISIÓN POR ALCANCE,ASFALTO,Bueno,Bueno,2,FORD,NEGRO,2,,22,MASCULINO,SIN DATOS,0,0,Morelia,Rafael Carrillo,septiembre,lunes,18,-101.23373106122,19.7116691283861
46568,46574,2023,,2023/09/04,18:40:00,COLISIÓN CON PEATÓN,ASFALTO,Bueno,Bueno,1,VENTO,BLANCO,0,MINISTERIO PÚBLICO,,,,0,0,Lázaro Cárdenas,Centro,septiembre,lunes,19,-102.199687063694,17.9576646572706
46569,46575,2023,MOR 230595300,2023/09/04,19:30:00,COLISIÓN POR CORTE DE CIRCULACIÓN,ASFALTO,Bueno,Regular,2,DINAMO,NEGRO,2,MINISTERIO PÚBLICO,19,MASCULINO,SIN DATOS,0,0,Morelia,Eduardo Ruiz,septiembre,lunes,20,-101.224155910313,19.7250720920231
46570,46576,2023,,2023/09/05,"08:25:00",COLISIÓN POR CORTE DE CIRCULACIÓN,CONCRETO,Bueno,Regular,2,NISSAN,BLANCO,2,,60,MASCULINO,SIN DATOS,0,0,Morelia,Juarez,septiembre,martes,8,-101.200186684728,19.6954780900688
46571,46577,2023,,2023/09/05,"08:30:00",COLISIÓN POR ALCANCE,ASFALTO,Bueno,Bueno,2,TOYOTA,AZUL,2,,28,FEMENINO,SIN DATOS,0,0,Morelia,Vista Bella,septiembre,martes,9,-101.192108206451,19.6822412241636
46572,46578,2023,,2023/09/05,"08:40:00",COLISIÓN POR INVASIÓN DE CARRIL,CONCRETO,Bueno,Bueno,2,ITALIKA,ROJO,2,MINISTERIO PÚBLICO,24,MASCULINO,SIN DATOS,0,0,Morelia,Leandro Valle,septiembre,martes,9,-101.228280477226,19.7255454959886
46573,46579,2023,,2023/09/05,10:00:00,COLISIÓN POR CORTE DE CIRCULACIÓN,ASFALTO,Bueno,Bueno,2,CHEVROLET,BLANCO,2,,65,MASCULINO,SIN DATOS,0,0,Morelia,Ciudad Industrial,septiembre,martes,10,-101.137945689261,19.7286210095969
46574,46580,2023,,2023/09/05,10:05:00,COLISIÓN POR CORTE DE CIRCULACIÓN,ASFALTO,Bueno,Bueno,2,TOYOTA,BLANCO Y ROJO,2,,45,MASCULINO,SIN DATOS,0,0,Morelia,Ferrocarrilero,septiembre,martes,10,-101.213990002871,19.7006829481816
46575,46581,2023,,2023/09/05,14:11:00,SUBIDA AL CAMELLÓN,ASFALTO,Bueno,Bueno,1,NISSAN,BLANCO Y ROJO,1,,,,SIN DATOS,0,0,Morelia,Valle de Las Flores,septiembre,martes,14,-101.127126328647,19.6875569996642
46576,46582,2023,,2023/09/05,14:15:00,COLISIÓN POR CORTE DE CIRCULACIÓN,ASFALTO,Bueno,Bueno,2,CHEVROLET,AZUL,2,,20,MASCULINO,SIN DATOS,0,0,Morelia,Industrial,septiembre,martes,14,-101.201627030969,19.714122182613
46577,46583,2023,,2023/09/05,14:30:00,COLISIÓN POR ALCANCE,ASFALTO,Bueno,Bueno,3,VOLKSWAGEN,ROJO,3,MINISTERIO PÚBLICO,38,FEMENINO,SIN DATOS,0,0,Morelia,Nueva Valladolid,septiembre,martes,15,-101.210786104202,19.6951794739955
46578,46584,2023,,2023/09/05,20:00:00,COLISIÓN POR ALCANCE,CONCRETO,Bueno,Bueno,4,CHRYSLER,AZUL,4,,50,MASCULINO,SIN DATOS,0,0,Morelia,Elias Perez Avalos,septiembre,martes,20,-101.165509745479,19.7104441653215
46579,46585,2023,,2023/09/05,23:40:00,CAIDA DE MOTOCICLETA,ASFALTO,Lluvioso,Regular,1,ITALIKA X150,ROJO/NEGRO,2,MINISTERIO PÚBLICO,,,,2,0,Morelia,Ciudad Industrial,septiembre,martes,0,-101.137414611876,19.728929031095
46580,46586,2023,,2023/09/06,"07:25:00",COLISIÓN POR CORTE DE CIRCULACIÓN,ASFALTO,Bueno,Bueno,2,NISSAN,NEGRO,2,,,FEMENINO,SIN DATOS,0,0,Morelia,Ventura Puente,septiembre,miércoles,7,-101.193225725,19.6917077449992
46581,46587,2023,,2023/09/06,"07:35:00",COLISIÓN CONTRA OBJETO FIJO,ASFALTO,Bueno,Bueno,1,FORD MAVERICKS,AZUL,1,,54,MASCULINO,SIN DATOS,0,0,Morelia,Ignacio Zaragoza,septiembre,miércoles,8,-101.204222336317,19.723849518802
46582,46588,2023,,2023/09/06,"08:30:00",COLISIÓN POR CORTE DE CIRCULACIÓN,ASFALTO,Bueno,Bueno,2,INTERNACIONAL,VERDE,2,,21,MASCULINO,SIN DATOS,0,0,Morelia,Nueva Chapultepec,septiembre,miércoles,9,-101.170656534483,19.6877951794071
46583,46589,2023,,2023/09/06,"09:00:00",COLISIÓN POR CAMBIO DE CARRIL,ASFALTO,Bueno,Bueno,2,CHEVROLET,BLANCO,1,,38,MASCULINO,SIN DATOS,0,0,Morelia,El Lago 1,septiembre,miércoles,9,-101.216335622487,19.7307987163553
46584,46590,2023,,2023/09/06,10:00:00,COLISIÓN POR CAMBIO DE CARRIL,ASFALTO,Bueno,Bueno,2,KEWEEY,NEGRO,2,,,,SIN DATOS,0,0,Morelia,Tenencia Morelos,septiembre,miércoles,10,-101.249400526285,19.6458499919626
46585,46591,2023,LEG49806,2023/09/06,10:43:00,COLISIÓN POR INVASIÓN DE CARRIL,ASFALTO,Bueno,Bueno,2,VOLKSWAGEN,GRIS,2,,,MASCULINO,SIN DATOS,0,0,Morelia,Lomas de Hidalgo,septiembre,miércoles,11,-101.158728450537,19.6956147714471
46586,46592,2023,,2023/09/06,11:15:00,COLISIÓN POR CAMBIO DE CARRIL,ASFALTO,Bueno,Bueno,2,KENWORTH T600,BLANCO/ROJO,2,,52,MASCULINO,SIN DATOS,0,0,Morelia,La Esperanza,septiembre,miércoles,11,-101.250635683537,19.6986002676768
46587,46593,2023,MOR230605551,2023/09/06,12:00:00,COLISIÓN POR ALCANCE,ASFALTO,Bueno,Bueno,3,NISSAN,AZUL,3,,35,FEMENINO,SIN DATOS,0,0,Morelia,Sentimientos de La Nacion,septiembre,miércoles,12,-101.236870922148,19.684803008657
46588,46594,2023,,2023/09/06,14:50:00,COLISIÓN POR CORTE DE CIRCULACIÓN,ASFALTO,Bueno,Bueno,2,HONDA,GRIS,2,,63,MASCULINO,SIN DATOS,0,0,Morelia,Ventura Puente,septiembre,miércoles,15,-101.194482631981,19.6920326075336
46589,46595,2023,,2023/09/06,15:00:00,COLISIÓN POR CORTE DE CIRCULACIÓN,ASFALTO,Lluvioso,Malo,2,HONDA,AZUL,2,,55,MASCULINO,SIN DATOS,0,0,Morelia,Ampliacion La Soledad,septiembre,miércoles,15,-101.186874546111,19.7304643957908
46590,46596,2023,,2023/09/06,16:30:00,COLISIÓN POR INVASIÓN DE CARRIL,ASFALTO,Bueno,Bueno,3,NISSAN,BLANCO Y GRIS,2,,40,FEMENINO,SIN DATOS,0,0,Morelia,Eduardo Ruiz,septiembre,miércoles,17,-101.221418380737,19.7215982108226
46591,46597,2023,,2023/09/06,16:40:00,COLISIÓN POR ALCANCE,ASFALTO,Bueno,Bueno,2,FREIGHTLINER,BLANCO,2,,19,MASCULINO,SIN DATOS,0,0,Morelia,La Colina,septiembre,miércoles,17,-101.216169297695,19.7038173344
46592,46598,2023,,2023/09/06,21:00:00,COLISIÓN POR CAMBIO DE CARRIL,ASFALTO,Bueno,Bueno,2,CHEVROLET,ROJO,2,,,,SIN DATOS,0,0,Morelia,Los Pinos de Michoacan,septiembre,miércoles,21,-101.214117407799,19.68784237154
46593,46599,2023,,2023/09/07,"00:00:00",COLISIÓN CONTRA OBJETO FIJO,ASFALTO,Lluvioso,Bueno,1,SEAT,BLANCO,1,,25,MASCULINO,SIN DATOS,0,0,Morelia,Bosques Tres Marias,septiembre,jueves,0,-101.104165613651,19.7243626146544
46594,46600,2023,,2023/09/07,"04:20:00",COLISIÓN CONTRA OBJETO FIJO,ASFALTO,Bueno,Bueno,1,CHEVROLET BEAT,GRIS,0,MINISTERIO PÚBLICO,,,,0,0,Morelia,Arkos San Antonio,septiembre,jueves,4,-101.269278712571,19.6687055459982
46595,46601,2023,,2023/09/07,"07:00:00",COLISIÓN POR ALCANCE,ASFALTO,Bueno,Bueno,2,PONTIAC,NEGRO,2,,44,FEMENINO,SIN DATOS,0,0,Morelia,Villas de La Esperanza,septiembre,jueves,7,-101.272524856031,19.6935992616952
46596,46602,2023,,2023/09/07,"08:15:00",COLISIÓN POR CORTE DE CIRCULACIÓN,ASFALTO,Bueno,Bueno,1,ITALIKA,NEGRA,1,,,,SIN DATOS,0,0,Morelia,Nueva Chapultepec,septiembre,jueves,8,-101.167075820267,19.686463806014
46597,46603,2023,LEG49823,2023/09/07,10:10:00,COLISIÓN POR ALCANCE,ASFALTO,Bueno,Bueno,2,FORD,BLANCO,2,MINISTERIO PÚBLICO,25,,SIN DATOS,0,0,Morelia,Comision Federal de Electricidad,septiembre,jueves,10,-101.181343495846,19.6815104056721
46598,46604,2023,,2023/09/07,11:30:00,COLISIÓN POR CORTE DE CIRCULACIÓN,ASFALTO,Bueno,Bueno,2,MAZDA,GRIS,3,MINISTERIO PÚBLICO,18,MASCULINO,SIN DATOS,1,0,Pátzcuaro,Revolucion,septiembre,jueves,12,-101.611951701343,19.5339846349947
46599,46605,2023,,2023/09/07,11:38:00,COLISIÓN CONTRA OBJETO FIJO,ASFALTO,Bueno,Bueno,1,CHEVROLET,ROJO,1,MINISTERIO PÚBLICO,19,FEMENINO,SIN DATOS,0,0,Morelia,Los Manantiales de Morelia,septiembre,jueves,12,-101.242525018752,19.7003019566685
46600,46606,2023,LEG49822,2023/09/07,12:05:00,COLISIÓN POR ALCANCE,ASFALTO,Bueno,Bueno,2,FREIGHTLINER,BLANCO,2,,41,MASCULINO,SIN DATOS,0,0,Morelia,Enrique Arreguin Robles,septiembre,jueves,12,-101.186501383781,19.7230834644468
46601,46607,2023,,2023/09/07,13:20:00,COLISIÓN POR ALCANCE,ASFALTO,Bueno,Bueno,2,CHEVROLET,GRIS,2,,77,FEMENINO,SIN DATOS,0,0,Morelia,Comision Federal de Electricidad,septiembre,jueves,13,-101.181319020689,19.6815122998064
46602,46608,2023,LEG49821,2023/09/07,13:45:00,COLISIÓN POR NO RESPETAR SEMÁFORO,ASFALTO,Bueno,Bueno,2,NISSAN,BLANCO,2,,36,MASCULINO,SIN DATOS,0,0,Morelia,Lomas de Huerta,septiembre,jueves,14,-101.214279010892,19.6743280030172
46603,46609,2023,,2023/09/07,15:30:00,COLISIÓN POR CORTE DE CIRCULACIÓN,ASFALTO,Bueno,Bueno,2,CHEVROLET,VINO,2,,73,FEMENINO,SIN DATOS,0,0,Morelia,Sentimientos de La Nacion,septiembre,jueves,16,-101.233267709613,19.6782243646121
46604,46610,2023,LEG49815,2023/09/07,17:30:00,COLISIÓN POR CAMBIO DE CARRIL,ASFALTO,Lluvioso,Malo,2,FREIGHTLINER,BLANCO,2,,41,MASCULINO,SIN DATOS,0,0,Morelia,Arcos del Valle,septiembre,jueves,18,-101.236252337694,19.7076214435197
46605,46611,2023,,2023/09/07,17:30:00,COLISIÓN POR INVASIÓN DE CARRIL,ASFALTO,Lluvioso,Regular,2,VOLKSWAGEN,PLATA,3,MINISTERIO PÚBLICO,23,FEMENINO,SIN DATOS,1,0,Zináparo,Sin datos,septiembre,jueves,18,-102.001190185547,20.1425961279674
46606,46612,2023,,2023/09/07,19:20:00,COLISIÓN POR ALCANCE,ASFALTO,Bueno,Regular,2,SUZUKI,BLANCO,3,MINISTERIO PÚBLICO,34,MASCULINO,SIN DATOS,1,0,Morelia,Ejidal Tres Puentes,septiembre,jueves,19,-101.225840002298,19.6931942627034
46607,46613,2023,,2023/09/07,20:00:00,COLISIÓN CONTRA OBJETO FIJO,ASFALTO,Bueno,Bueno,1,NISSAN,S/D,2,MINISTERIO PÚBLICO,52,MASCULINO,SIN DATOS,1,0,Morelia,Lomas de Vista Bella,septiembre,jueves,20,-101.197949387133,19.6736179849341
46608,46614,2023,,2023/09/07,22:00:00,CAIDA DE MOTOCICLETA,ASFALTO,Bueno,Bueno,1,ITALIKA,GRIS,0,MINISTERIO PÚBLICO,,,,0,0,Morelia,Fracc Valle de Mil Cumbres,septiembre,jueves,22,-101.111409924924,19.6887758244441
46609,46615,2023,LEG49820,2023/09/07,23:30:00,COLISIÓN POR CORTE DE CIRCULACIÓN,ASFALTO,Lluvioso,Regular,2,DODGE,BLANCO,2,,30,MASCULINO,SIN DATOS,0,0,Morelia,Victor Manuel Tinoco Rubi,septiembre,jueves,0,-101.243164055049,19.7005118651123
46610,46616,2023,,2023/09/08,"07:50:00",COLISIÓN POR ALCANCE,ASFALTO,Bueno,Bueno,2,INTERNACIONAL,BLANCO/NARANJA,2,,33,MASCULINO,SIN DATOS,0,0,Morelia,Nicolas Bravo(Los Ejidos),septiembre,viernes,8,-101.220301,19.704603
46611,46617,2023,,2023/09/08,"08:30:00",COLISIÓN POR ALCANCE,ASFALTO,Bueno,Bueno,2,VOLKSWAGEN,BLANCO,2,,,MASCULINO,SIN DATOS,0,0,Morelia,Rinconada del Valle,septiembre,viernes,9,-101.222201261191,19.6773787628329
46612,46618,2023,,2023/09/08,"08:50:00",COLISIÓN POR ALCANCE,ASFALTO,Bueno,Bueno,2,JEEP,BLANCO,2,MINISTERIO PÚBLICO,22,MASCULINO,SIN DATOS,0,0,Morelia,Lomas del Tecnologico,septiembre,viernes,9,-101.192971737429,19.7218067072296
46613,46619,2023,,2023/09/08,11:35:00,COLISIÓN CON PEATÓN,ASFALTO,Bueno,Bueno,1,ITALIKA,NEGRO/AMARILLO,2,,22,MASCULINO,SIN DATOS,1,0,Morelia,Ana Maria Gallaga (Riviera Ii),septiembre,viernes,12,-101.2249025,19.6756165
46614,46620,2023,MOR230604717,2023/09/08,12:50:00,COLISIÓN POR CAMBIO DE CARRIL,ASFALTO,Bueno,Bueno,2,TOYOTA,BLANCO/NARANJA,2,,30,MASCULINO,CON CERTIFICADO,0,0,Morelia,Loma de Los Piñones,septiembre,viernes,13,-101.203475408256,19.6749644594165
46615,46621,2023,,2023/09/08,13:15:00,COLISIÓN POR CAMBIO DE CARRIL,CONCRETO,Bueno,Bueno,2,TOYOTA,BLANCO/AMARILLO,2,,29,MASCULINO,SIN DATOS,0,0,Morelia,Chapultepec Sur,septiembre,viernes,13,-101.171449125214,19.6920309500482
46616,46622,2023,,2023/09/08,13:50:00,COLISIÓN POR CORTE DE CIRCULACIÓN,ASFALTO,Bueno,Bueno,1,SHACMAN,BLANCO,0,MINISTERIO PÚBLICO,,,,0,0,Lázaro Cárdenas,Infonavit Nuevo Horizonte,septiembre,viernes,14,-102.207444174122,17.956828344331
46617,46623,2023,,2023/09/08,14:00:00,COLISIÓN POR ALCANCE,ASFALTO,Bueno,Bueno,2,FORD,BLANCO,2,,30,MASCULINO,SIN DATOS,0,0,Morelia,Felix Ireta,septiembre,viernes,14,-101.192051880062,19.6823791795911
46618,46624,2023,,2023/09/08,15:10:00,COLISIÓN POR NO RESPETAR SEMÁFORO,ASFALTO,Bueno,Bueno,2,HITEK,GRIS,2,MINISTERIO PÚBLICO,,MASCULINO,SIN DATOS,0,0,Morelia,Primo Tapia Oriente,septiembre,viernes,15,-101.157506033778,19.7141193419904
46619,46625,2023,,2023/09/08,16:00:00,COLISIÓN POR ALCANCE,CONCRETO,Bueno,Bueno,3,MAZDA,AZUL,3,MINISTERIO PÚBLICO,19,MASCULINO,SIN DATOS,0,0,Morelia,Elias Perez Avalos,septiembre,viernes,16,-101.165589205921,19.7104507935932
46620,46626,2023,,2023/09/08,16:30:00,COLISIÓN POR ALCANCE,ASFALTO,Bueno,Bueno,2,NISSAN,BLANCO/CAFE,2,,35,MASCULINO,SIN DATOS,0,0,Morelia,Felix Ireta,septiembre,viernes,17,-101.18959967047,19.6822525889173
46621,46627,2023,,2023/09/08,17:00:00,COLISIÓN POR ALCANCE,ASFALTO,Bueno,Bueno,2,INTERNACIONAL,BLANCO,2,,24,MASCULINO,SIN DATOS,0,0,Morelia,Primo Tapia Oriente,septiembre,viernes,17,-101.157039664686,19.7146577968848
46622,46628,2023,,2023/09/08,17:00:00,COLISIÓN POR MANIOBRA DE REVERSA,ASFALTO,Bueno,Bueno,2,FORD,BLANCO,2,,25,MASCULINO,SIN DATOS,0,0,Morelia,El Monasterio,septiembre,viernes,17,-101.178599596024,19.6689568543691
46623,46629,2023,,2023/09/08,21:50:00,COLISIÓN POR CAMBIO DE CARRIL,ASFALTO,Bueno,Regular,2,TOYOTA,BLANCO/GRIS,2,,29,MASCULINO,SIN DATOS,0,0,Morelia,Nueva Valladolid,septiembre,viernes,22,-101.208872683346,19.7010247981208
46624,46630,2023,LEG49838,2023/09/09,"04:13:00",COLISIÓN POR ALCANCE,ASFALTO,Bueno,Bueno,2,CHRYSLER,BLANCO/ROJO,2,,35,MASCULINO,ALIENTO ETÍLICO,0,0,Morelia,Centro,septiembre,sábado,4,-101.191604621708,19.700963877548
46625,46631,2023,,2023/09/09,"08:00:00",COLISIÓN POR INVASIÓN DE CARRIL,CONCRETO,Bueno,Bueno,2,TOYOTA,ROJO,0,,,,,0,0,Morelia,22 de Octubre,septiembre,sábado,8,-101.233614385128,19.6464805619893
46626,46632,2023,,2023/09/09,"08:40:00",COLISIÓN POR CAMBIO DE CARRIL,ASFALTO,Bueno,Bueno,2,VOLKSWAGEN,NEGRO,2,,48,FEMENINO,SIN DATOS,0,0,Morelia,Industrial,septiembre,sábado,9,-101.197431385517,19.7131541586322
46627,46633,2023,,2023/09/09,"09:20:00",COLISIÓN CON PEATÓN,CONCRETO,Bueno,Bueno,1,ITALIKA,NEGRO/ROJO,2,,24,MASCULINO,SIN DATOS,1,0,Morelia,Martires de Uruapan,septiembre,sábado,9,-101.197324767709,19.7255729533755
46628,46634,2023,,2023/09/09,12:25:00,COLISIÓN POR CORTE DE CIRCULACIÓN,ASFALTO,Bueno,Bueno,2,DODGE,ROJO,2,,32,MASCULINO,SIN DATOS,0,0,Morelia,Isaac Arriaga,septiembre,sábado,12,-101.171456873417,19.7076823615574
46629,46635,2023,,2023/09/09,13:25:00,COLISIÓN POR ALCANCE,ASFALTO,Bueno,Bueno,2,DINAMO,NEGRO,3,,33,MASCULINO,SIN DATOS,1,0,Morelia,Villas del Pedregal,septiembre,sábado,13,-101.304654702544,19.687594880916
46630,46636,2023,,2023/09/09,14:00:00,SALIDA DE SUPERFICIE DE RODAMIENTO,TERRACERIA,Bueno,Bueno,1,CUPRA,NEGRO,1,,,MASCULINO,SIN DATOS,0,0,Morelia,Sin datos,septiembre,sábado,14,-101.288948021829,19.594891942063
46631,46637,2023,,2023/09/09,14:30:00,COLISIÓN CON PEATÓN,ASFALTO,Bueno,Bueno,1,ITALIKA,NEGRO,2,,31,MASCULINO,SIN DATOS,1,0,Morelia,Rinconada del Valle,septiembre,sábado,15,-101.218714378774,19.6786795969181
46632,46638,2023,,2023/09/09,18:20:00,COLISIÓN POR MANIOBRA DE REVERSA,CONCRETO,Bueno,Bueno,2,TOYOTA,PLATA,2,,43,MASCULINO,SIN DATOS,0,0,Morelia,Union,septiembre,sábado,18,-101.157309561968,19.7098422539825
46633,46639,2023,,2023/09/09,19:40:00,SUBIDA AL CAMELLÓN,ASFALTO,Bueno,Bueno,1,VOLKSWAGEN,PLATA,1,,44,MASCULINO,SIN DATOS,0,0,Morelia,Articulo Constitucional,septiembre,sábado,20,-101.172224655747,19.715008138779
46634,46640,2023,,2023/09/09,20:00:00,COLISIÓN CON PEATÓN,ASFALTO,Bueno,Bueno,4,CHEVROLET,AZUL,0,MINISTERIO PÚBLICO,,,,0,0,Lázaro Cárdenas,Infonavit Nuevo Horizonte,septiembre,sábado,20,-102.209448292851,17.9567984059284
46635,46641,2023,,2023/09/09,20:20:00,COLISIÓN CONTRA OBJETO FIJO,ASFALTO,Bueno,Bueno,1,ITALIKA,ROJO,2,,,MASCULINO,SIN DATOS,1,0,Morelia,La Quemada,septiembre,sábado,20,-101.241281814873,19.7056913081882
46636,46642,2023,,2023/09/09,21:20:00,COLISIÓN POR NO RESPETAR SEMÁFORO,ASFALTO,Bueno,Bueno,2,YAMAHA,BLANCO,2,,30,MASCULINO,SIN DATOS,0,0,Morelia,Cinco de Diciembre,septiembre,sábado,21,-101.161913238466,19.6871586146242
46637,46643,2023,,2023/09/09,23:45:00,COLISIÓN POR INVASIÓN DE CARRIL,ASFALTO,Bueno,Bueno,2,CHEVROLET,ROJO,2,,,MASCULINO,SIN DATOS,0,0,Cuitzeo,Sin datos,septiembre,sábado,0,-101.139926,19.923263
46638,46644,2023,LEG49860,2023/09/10,"00:00:00",COLISIÓN POR CORTE DE CIRCULACIÓN,ASFALTO,Bueno,Bueno,2,VOLKSWAGEN,AZUL,2,,30,MASCULINO,CON CERTIFICADO,0,0,Morelia,Los Girasoles,septiembre,domingo,0,-101.212678402662,19.6911430517617
46639,46645,2023,,2023/09/10,"00:22:00",COLISIÓN CONTRA OBJETO FIJO,CONCRETO,Bueno,Bueno,1,SEAT,AZUL,1,,33,FEMENINO,SIN DATOS,0,0,Morelia,Ampliacion La Soledad,septiembre,domingo,0,-101.184897758067,19.7293449854133
46640,46646,2023,,2023/09/10,"06:46:00",VOLCADURA,ASFALTO,Bueno,Bueno,1,NISSAN,AZUL,1,,42,MASCULINO,SIN DATOS,0,0,Morelia,Colinas del Sol,septiembre,domingo,7,-101.135871000588,19.72934814136
46641,46647,2023,,2023/09/10,"08:00:00",COLISIÓN CONTRA OBJETO FIJO,CONCRETO,Bueno,Bueno,1,MAZDA  MAZDA 3,BLANCO,1,,31,MASCULINO,SIN DATOS,0,0,Morelia,Torremolinos,septiembre,domingo,8,-101.22567538172,19.680907122755
46642,46648,2023,,2023/09/10,13:30:00,COLISIÓN POR CORTE DE CIRCULACIÓN,ASFALTO,Bueno,Bueno,2,VOLKSWAGEN,ROJO,2,,54,MASCULINO,SIN DATOS,0,0,Morelia,Ciudad Industrial,septiembre,domingo,14,-101.138722188771,19.7280800769632
46643,46649,2023,,2023/09/10,14:40:00,COLISIÓN POR NO RESPETAR SEMÁFORO,ASFALTO,Bueno,Bueno,3,NISSAN/TIIDA,NEGRO,3,,51,FEMENINO,SIN DATOS,0,0,Morelia,Ejidal Ocolusen,septiembre,domingo,15,-101.153491437435,19.6873240297691
46644,46650,2023,,2023/09/10,20:00:00,COLISIÓN POR ALCANCE,ASFALTO,Bueno,Bueno,3,CHEVROLET,GRIS,1,MINISTERIO PÚBLICO,,,,1,0,Hidalgo,Corros,septiembre,domingo,20,-100.555380955338,19.7072142705475
46645,46651,2023,,2023/09/10,21:15:00,COLISIÓN POR INVASIÓN DE CARRIL,ASFALTO,Bueno,Regular,2,FORD,AMARILLO,4,MINISTERIO PÚBLICO,,,,4,0,Erongarícuaro,San Miguel,septiembre,domingo,21,-101.719817072153,19.5883582577832
46648,46654,2023,LEG49874,2023/09/11,"08:00:00",COLISIÓN POR CORTE DE CIRCULACIÓN,ASFALTO,Bueno,Bueno,2,TOYOTA,BLANCO Y ROSA,2,,25,MASCULINO,SIN DATOS,0,0,Morelia,Centro,septiembre,lunes,8,-101.178007038338,19.7050991092605
46649,46655,2023,,2023/09/11,10:05:00,COLISIÓN POR CAMBIO DE CARRIL,ASFALTO,Bueno,Bueno,2,FORD,BLANCO,2,MINISTERIO PÚBLICO,,MASCULINO,SIN DATOS,0,0,Morelia,Villas del Pedregal,septiembre,lunes,10,-101.30465503782,19.6875945652389
46650,46656,2023,,2023/09/11,17:50:00,COLISIÓN POR ALCANCE,ASFALTO,Bueno,Bueno,2,NISSAN,BLANCO,2,,31,MASCULINO,SIN DATOS,0,0,Morelia,Los Pinos de Michoacan,septiembre,lunes,18,-101.21411640197,19.6878430028932
46651,46657,2023,,2023/09/11,19:22:00,COLISIÓN POR CAMBIO DE CARRIL,ASFALTO,Bueno,Bueno,2,CHEVROLET,BLANCO,2,,33,MASCULINO,SIN DATOS,0,0,Morelia,Camelinas,septiembre,lunes,19,-101.17075869981,19.6837967780615
46652,46658,2023,LEG49875,2023/09/11,20:12:00,COLISIÓN POR CAMBIO DE CARRIL,CONCRETO,Nublado,Bueno,3,CHEVROLET,ROJO,3,,41,FEMENINO,SIN DATOS,0,0,Morelia,Vasco de Quiroga,septiembre,lunes,20,-101.170988492668,19.6973136512626
46653,46659,2023,LEG49876,2023/09/11,21:20:00,COLISIÓN POR CORTE DE CIRCULACIÓN,CONCRETO,Bueno,Bueno,2,MINI,NEGRO,2,,19,MASCULINO,SIN DATOS,0,0,Morelia,Obrera,septiembre,lunes,21,-101.180253848433,19.7115697050397
46654,46660,2023,,2023/09/11,22:40:00,COLISIÓN POR CORTE DE CIRCULACIÓN,ASFALTO,Bueno,Bueno,2,JEEP/CHEROKEE,BLANCO,2,,31,MASCULINO,SIN DATOS,0,0,Morelia,Americas Britania,septiembre,lunes,23,-101.149223037064,19.6946535800638
46655,46661,2023,,2023/09/12,"09:05:00",COLISIÓN POR CAMBIO DE CARRIL,CONCRETO,Bueno,Bueno,2,KENWORTH,ROJO,2,,38,MASCULINO,SIN DATOS,0,0,Morelia,Felix Ireta,septiembre,martes,9,-101.181436367333,19.6815069330925
46656,46662,2023,,2023/09/12,"09:20:00",COLISIÓN POR ALCANCE,ASFALTO,Bueno,Bueno,2,CHRYSLER,BLANCO,2,,,,SIN DATOS,0,0,Morelia,Jardines del Rincon,septiembre,martes,9,-101.149283382681,19.68870732649
46657,46663,2023,MOR230613570,2023/09/12,13:13:00,COLISIÓN POR CORTE DE CIRCULACIÓN,ASFALTO,Bueno,Bueno,2,TOYOTA,ROJO CON BLANCO,2,,50,MASCULINO,SIN DATOS,0,0,Morelia,Fray Antonio de Lisboa,septiembre,martes,13,-101.146929748356,19.694238166829
46658,46664,2023,,2023/09/12,14:08:00,COLISIÓN POR ALCANCE,CONCRETO,Bueno,Bueno,2,CHEVROLET,BLANCO,2,,22,MASCULINO,SIN DATOS,0,0,Morelia,Cinco de Diciembre,septiembre,martes,14,-101.164420768619,19.6852276011426
46659,46665,2023,,2023/09/12,14:10:00,COLISIÓN POR ALCANCE,ASFALTO,Bueno,Bueno,2,FREIGHTLINER,AZUL,2,,47,MASCULINO,SIN DATOS,0,0,Morelia,Libertad,septiembre,martes,14,-101.237302087247,19.685818556245
46660,46666,2023,,2023/09/12,15:15:00,COLISIÓN CONTRA OBJETO FIJO,ASFALTO,Bueno,Bueno,2,FREIGHTLINER,GRIS CON BLANCO,2,,39,MASCULINO,SIN DATOS,0,0,Morelia,Centro,septiembre,martes,15,-101.190916635096,19.7069573407123
46661,46667,2023,,2023/09/12,15:50:00,CAIDA DE MOTOCICLETA,ASFALTO,Bueno,Bueno,1,ITALIKA,GRIS,2,MINISTERIO PÚBLICO,0,MASCULINO,SIN DATOS,1,0,Pátzcuaro,Juventino Rosas,septiembre,martes,16,-101.6137836501,19.5082173572164