fid,id_accidente,anio_origen,folio_c5i,dia_incidente,hora_ocurrencia,tipo_incidente_vial,superficie_ocurrencia,condiciones_climaticas,condiciones_via,numero_vehiculos_involucrados,marca_vehiculo_ocasiona_siniestro,color_vehiculo_ocasiona_siniestro,numero_personas_involucradas,lugar_remite_presunto_responsable,edad_presunto_responsable,sexo_presunto_responsable,resultados_toxicologia,numero_personas_lesionadas,numero_personas_fallecidas,municipio,colonia,mes,dia_semana,hora_redondeada,lon,lat
46662,46668,2023,,2023/09/12,18:00:00,COLISIÓN POR CORTE DE CIRCULACIÓN,CONCRETO,Bueno,Bueno,2,CHEVROLET/SPARK,BLANCO,2,,26,MASCULINO,SIN DATOS,0,0,Morelia,Campestre Los Manantiales,septiembre,martes,18,-101.23758841306,19.6924518145017
46663,46669,2023,,2023/09/12,19:00:00,COLISIÓN POR CORTE DE CIRCULACIÓN,ASFALTO,Bueno,Bueno,2,INTERNACIONAL,BLANCO,2,,47,MASCULINO,SIN DATOS,0,0,Morelia,La Quemada,septiembre,martes,19,-101.238352507353,19.6879323393379
46664,46670,2023,LEG49887,2023/09/12,23:20:00,SUBIDA AL CAMELLÓN,ASFALTO,Bueno,Bueno,1,HIUNDAI,GRIS,1,,30,MASCULINO,ALIENTO ETÍLICO,0,0,Morelia,Rafael Carrillo,septiembre,martes,23,-101.234451234341,19.7106209191386
46665,46671,2023,LEG49892,2023/09/13,"08:05:00",COLISIÓN POR INVASIÓN DE CARRIL,ASFALTO,Bueno,Bueno,2,NISSAN,AZUL,0,MINISTERIO PÚBLICO,,,,0,0,Morelia,Praderas del Indio,septiembre,miércoles,8,-101.223494028547,19.6450845894654
46666,46672,2023,MOR /230,2023/09/13,"09:50:00",COLISIÓN CONTRA OBJETO FIJO,ASFALTO,Bueno,Bueno,1,ITALIKA,NEGRO,1,,47,MASCULINO,SIN DATOS,0,0,Morelia,Santillan La Huerta,septiembre,miércoles,10,-101.219553885717,19.6760966650679
46667,46673,2023,LEG49891,2023/09/13,10:25:00,COLISIÓN POR ALCANCE,ASFALTO,Bueno,Bueno,2,CHEVROLET,AZUL,2,,19,MASCULINO,SIN DATOS,0,0,Morelia,Felix Ireta,septiembre,miércoles,10,-101.188582604864,19.6860148664875
46669,46675,2023,LEG49893,2023/09/13,12:25:00,SALIDA DE SUPERFICIE DE RODAMIENTO,CONCRETO,Bueno,Bueno,1,VOLKSWAGEN,AZUL,1,,,,SIN DATOS,0,0,Morelia,Ampliacion La Soledad,septiembre,miércoles,12,-101.184743095,19.7297316299991
46670,46676,2023,,2023/09/13,12:39:00,COLISIÓN POR MANIOBRA DE REVERSA,ASFALTO,Bueno,Bueno,2,SUZUKI,BLANCO,2,,37,MASCULINO,SIN DATOS,0,0,Morelia,Gral Gertrudis Sanchez,septiembre,miércoles,13,-101.2094753,19.7439916449991
46671,46677,2023,,2023/09/13,20:20:00,SALIDA DE SUPERFICIE DE RODAMIENTO,ASFALTO,Bueno,Bueno,1,NISSAN PICKUP,AZUL,2,MINISTERIO PÚBLICO,,,,2,0,Morelia,Sin datos,septiembre,miércoles,20,-101.361923217773,19.7093765069588
46672,46678,2023,,2023/09/14,"09:00:00",COLISIÓN CON PEATÓN,SIN_DATOS,Bueno,Bueno,2,CHEVROLET,BLANCO,2,,0,,SIN DATOS,0,0,Morelia,Lomas del Valle,septiembre,jueves,9,-101.230632774532,19.6877937573405
46673,46679,2023,,2023/09/14,"09:30:00",COLISIÓN POR CORTE DE CIRCULACIÓN,ASFALTO,Bueno,Bueno,1,HYUNDAI,BLANCO,2,,32,MASCULINO,SIN DATOS,0,0,Morelia,Nueva Valladolid,septiembre,jueves,10,-101.207914799452,19.7010639387875
46674,46680,2023,,2023/09/14,10:05:00,COLISIÓN POR ALCANCE,CONCRETO,Bueno,Bueno,2,NISSAN,BLANCO,2,,60,FEMENINO,SIN DATOS,0,0,Morelia,Comision Federal de Electricidad,septiembre,jueves,10,-101.1786743626,19.6815470255981
46675,46681,2023,,2023/09/14,12:10:00,COLISIÓN POR CORTE DE CIRCULACIÓN,ASFALTO,Bueno,Bueno,2,CHEVROLET,VERDE,2,MINISTERIO PÚBLICO,37,MASCULINO,SIN DATOS,0,0,Pátzcuaro,Centro,septiembre,jueves,12,-101.607238724828,19.5237014112262
46676,46682,2023,,2023/09/14,13:45:00,COLISIÓN POR CORTE DE CIRCULACIÓN,ASFALTO,Bueno,Bueno,2,FORD WINDSTAR,ROJO,2,,60,MASCULINO,SIN DATOS,0,0,Morelia,Lazaro Cardenas,septiembre,jueves,14,-101.164352372289,19.710772422255
46677,46683,2023,,2023/09/14,18:25:00,COLISIÓN POR ALCANCE,ASFALTO,Bueno,Bueno,2,NISSAN,GRIS,2,,40,FEMENINO,SIN DATOS,0,0,Morelia,Mariano Michelena,septiembre,jueves,18,-101.230020225048,19.6769192739797
46678,46684,2023,LEG49900,2023/09/15,"02:00:00",COLISIÓN CONTRA OBJETO FIJO,ASFALTO,Bueno,Bueno,1,VOLKSWAGEN,ROJO,1,MINISTERIO PÚBLICO,24,MASCULINO,SIN DATOS,0,0,Morelia,Sin datos,septiembre,viernes,2,-101.164648421109,19.6589032650589
46679,46685,2023,LEG49901,2023/09/15,"02:00:00",CAIDA DE MOTOCICLETA,CONCRETO,Bueno,Bueno,1,ITALIKA,NEGRO,1,MINISTERIO PÚBLICO,24,MASCULINO,SIN DATOS,0,0,Morelia,Los Laureles,septiembre,viernes,2,-101.232021823525,19.7138699982539
46680,46686,2023,,2023/09/15,"08:00:00",COLISIÓN POR CAMBIO DE CARRIL,ASFALTO,Bueno,Bueno,2,NISSAN,BLANCO/ VERDE ORO,2,,28,MASCULINO,SIN DATOS,0,0,Morelia,Lomas de Morelia (Dr Ignacio Chavez),septiembre,viernes,8,-101.175319589674,19.7173588814702
46681,46687,2023,,2023/09/15,"08:20:00",COLISIÓN POR ALCANCE,ASFALTO,Bueno,Bueno,2,VOLKSWAGEN,NEGRO,2,,27,FEMENINO,SIN DATOS,0,0,Morelia,El Lago 2,septiembre,viernes,8,-101.21308714929,19.7249514326746
46682,46688,2023,,2023/09/15,"08:22:00",COLISIÓN POR ALCANCE,ASFALTO,Bueno,Bueno,2,CHEVROLET,BEIGE,2,,60,MASCULINO,SIN DATOS,0,0,Morelia,El Lago 2,septiembre,viernes,8,-101.21308714929,19.7249514326746
46683,46689,2023,LEG49911,2023/09/15,10:03:00,COLISIÓN POR CORTE DE CIRCULACIÓN,ASFALTO,Bueno,Bueno,2,TOYOTA,BLANCO/GUINDA,2,,29,MASCULINO,SIN DATOS,0,0,Morelia,Centro,septiembre,viernes,10,-101.194034032524,19.7069371398232
46684,46690,2023,,2023/09/15,12:25:00,COLISIÓN CONTRA OBJETO FIJO,ASFALTO,Bueno,Bueno,2,MAZDA,ROJO,2,,31,MASCULINO,SIN DATOS,0,0,Morelia,Chapultepec Oriente,septiembre,viernes,12,-101.160678751767,19.6901559484255
46685,46691,2023,,2023/09/15,14:20:00,COLISIÓN POR CAMBIO DE CARRIL,ASFALTO,Nublado,Regular,2,NISSAN,BLANCO/ROSA,2,,35,MASCULINO,SIN DATOS,0,0,Morelia,Industrial,septiembre,viernes,14,-101.198081150651,19.7068285600009
46686,46692,2023,,2023/09/15,15:00:00,COLISIÓN POR ALCANCE,ASFALTO,Bueno,Bueno,4,DODGE,MORADO,4,MINISTERIO PÚBLICO,32,MASCULINO,SIN DATOS,0,0,Morelia,Eduardo Ruiz,septiembre,viernes,15,-101.22409388423,19.7248533789174
46687,46693,2023,,2023/09/15,16:20:00,COLISIÓN POR CORTE DE CIRCULACIÓN,ASFALTO,Bueno,Bueno,2,VOLKSWAGEN,BLANCO,0,MINISTERIO PÚBLICO,,,,0,0,Lázaro Cárdenas,Centro,septiembre,viernes,16,-102.192368991673,17.9578381621838
46688,46694,2023,,2023/09/15,18:22:00,COLISIÓN CONTRA OBJETO FIJO,ASFALTO,Bueno,Bueno,1,DODGE,GRAFITO,1,,40,MASCULINO,SIN DATOS,0,0,Morelia,Tzindurio Sarh,septiembre,viernes,18,-101.247478052974,19.6909186101882
46689,46695,2023,MOR230621106,2023/09/15,20:00:00,COLISIÓN POR ALCANCE,CONCRETO,Bueno,Bueno,2,CHEVROLET,ROJO,2,,53,MASCULINO,SIN DATOS,0,0,Morelia,Fuentes de Morelia,septiembre,viernes,20,-101.201029233634,19.6701988675925
46690,46696,2023,,2023/09/15,20:17:00,COLISIÓN POR CORTE DE CIRCULACIÓN,ASFALTO,Bueno,Bueno,2,TOYOTA,BLANCO/VERDE,2,,65,MASCULINO,SIN DATOS,0,0,Morelia,Tzindurio de Morelos,septiembre,viernes,20,-101.25022597611,19.6978108116773
46691,46697,2023,LEG49913,2023/09/15,20:30:00,COLISIÓN POR ALCANCE,ASFALTO,Bueno,Bueno,2,TOYOTA,PLATA,2,,45,MASCULINO,SIN DATOS,0,0,Morelia,Josefa Ortiz de Dominguez,septiembre,viernes,21,-101.210467256606,19.726148295008
46692,46698,2023,,2023/09/15,20:55:00,COLISIÓN POR CAMBIO DE CARRIL,ASFALTO,Nublado,Regular,2,FORD,BLANCO,2,,64,MASCULINO,SIN DATOS,0,0,Morelia,Enrique Arreguin Robles,septiembre,viernes,21,-101.188149936497,19.7214416682001
46693,46699,2023,,2023/09/16,"00:10:00",SUBIDA AL CAMELLÓN,ASFALTO,Bueno,Bueno,1,NISSAN,GUINDA,1,,31,MASCULINO,SIN DATOS,0,0,Morelia,Ciudad Industrial,septiembre,sábado,0,-101.141563989222,19.7259775547836
46694,46700,2023,,2023/09/16,"01:10:00",COLISIÓN POR ALCANCE,CONCRETO,Bueno,Bueno,2,CHEVROLET,BLANCO,2,,,MASCULINO,SIN DATOS,0,0,Morelia,Villas del Pedregal,septiembre,sábado,1,-101.304570883512,19.67881155722
46695,46701,2023,LEG49916,2023/09/16,"05:10:00",COLISIÓN POR ALCANCE,ASFALTO,Bueno,Bueno,2,CHEVROLET,ROJO,2,,37,,SIN DATOS,0,0,Morelia,Loma de Los Piñones,septiembre,sábado,5,-101.20549544692,19.6737695230727
46696,46702,2023,,2023/09/16,"05:50:00",COLISIÓN CONTRA OBJETO FIJO,ASFALTO,Bueno,Bueno,1,MAZDA,AZUL,0,MINISTERIO PÚBLICO,,,,0,0,Morelia,Clara Cordova Moran,septiembre,sábado,6,-101.180839575827,19.7373952870282
46697,46703,2023,LEG49918,2023/09/16,"06:00:00",VOLCADURA,ASFALTO,Bueno,Bueno,1,VOLKSWAGEN,BLANCO,1,,27,,SIN DATOS,0,0,Charo,De Santiago,septiembre,sábado,6,-101.044372,19.745476
46698,46704,2023,LEG49919,2023/09/16,"07:20:00",COLISIÓN CONTRA OBJETO FIJO,ASFALTO,Bueno,Bueno,1,HONDA,ACERO,1,,33,FEMENINO,SIN DATOS,0,0,Morelia,Morelos,septiembre,sábado,7,-101.181983965,19.7278594549991
46699,46705,2023,,2023/09/16,"07:43:00",SALIDA DE SUPERFICIE DE RODAMIENTO,ASFALTO,Bueno,Bueno,1,FORD,BLANCO,0,,,,,0,0,Morelia,Villas del Pedregal,septiembre,sábado,8,-101.304265111685,19.6876371816365
46700,46706,2023,,2023/09/16,"08:36:00",COLISIÓN POR ALCANCE,ASFALTO,Bueno,Bueno,3,VOLKSWAGEN,NEGRO,3,,,FEMENINO,SIN DATOS,0,0,Morelia,Niño Artillero,septiembre,sábado,9,-101.250659488142,19.6984973639968
46701,46707,2023,,2023/09/16,"09:00:00",COLISIÓN POR INVASIÓN DE CARRIL,ASFALTO,Lluvioso,Regular,2,HONDA,AMARILLO,2,,56,MASCULINO,SIN DATOS,0,0,Álvaro Obregón,Sin datos,septiembre,sábado,9,-101.033456693344,19.8258237760737
46702,46708,2023,LEG49922,2023/09/16,12:00:00,COLISIÓN POR ALCANCE,ASFALTO,Bueno,Bueno,2,HONDA,GRIS,2,,24,MASCULINO,SIN DATOS,0,0,Morelia,Centro,septiembre,sábado,12,-101.194886304438,19.7071934384141
46703,46709,2023,,2023/09/16,15:15:00,COLISIÓN POR CORTE DE CIRCULACIÓN,ASFALTO,Bueno,Bueno,1,NISSAN,BLANCO,1,MINISTERIO PÚBLICO,,MASCULINO,CON CERTIFICADO,0,0,Morelia,Alberto Oviedo Mota,septiembre,sábado,15,-101.202359944582,19.6764545657017
46704,46710,2023,,2023/09/16,16:30:00,COLISIÓN CON PEATÓN,ASFALTO,Bueno,Bueno,1,NISSAN,BLANCO/ROJO,2,,39,MASCULINO,SIN DATOS,1,0,Morelia,Centro,septiembre,sábado,17,-101.194272749126,19.7019124050794
46705,46711,2023,,2023/09/16,17:50:00,COLISIÓN POR ALCANCE,ASFALTO,Bueno,Bueno,2,SEAT,AZUL,2,,37,MASCULINO,SIN DATOS,0,0,Morelia,Jardines del Toreo,septiembre,sábado,18,-101.214217320085,19.6878941424896
46706,46712,2023,,2023/09/16,22:50:00,COLISIÓN POR CORTE DE CIRCULACIÓN,ASFALTO,Bueno,Bueno,2,RANAULT,GRIS,3,MINISTERIO PÚBLICO,42,FEMENINO,SIN DATOS,1,0,Pátzcuaro,Centro,septiembre,sábado,23,-101.61041546613,19.5303037565974
46707,46713,2023,,2023/09/17,"06:05:00",COLISIÓN CONTRA OBJETO FIJO,ASFALTO,Bueno,Bueno,1,VOLKSWAGEN,AZUL,1,MINISTERIO PÚBLICO,,,SIN DATOS,0,0,Morelia,Ferrocarrilero,septiembre,domingo,6,-101.217443011701,19.6975949022012
46708,46714,2023,,2023/09/17,12:00:00,COLISIÓN CONTRA OBJETO FIJO,ASFALTO,Bueno,Bueno,1,CHEVROLET,AZUL,1,,32,MASCULINO,SIN DATOS,0,0,Morelia,Villas del Sol,septiembre,domingo,12,-101.228738687932,19.6949493561552
46709,46715,2023,,2023/09/17,17:40:00,SALIDA DE SUPERFICIE DE RODAMIENTO,ASFALTO,Bueno,Bueno,1,NISSAN,AZUL,1,,33,MASCULINO,SIN DATOS,0,0,Morelia,3 de Agosto,septiembre,domingo,18,-101.171745546162,19.7310454004532
46710,46716,2023,,2023/09/17,19:30:00,COLISIÓN POR CAMBIO DE CARRIL,ASFALTO,Bueno,Bueno,3,HONDA,NEGRO,3,,24,MASCULINO,SIN DATOS,0,0,Morelia,Felix Ireta,septiembre,domingo,20,-101.191566064954,19.6824498935399
46711,46717,2023,,2023/09/17,20:55:00,COLISIÓN CON PEATÓN,SIN_DATOS,Bueno,Bueno,2,ITALIKA,GRAFITO,2,MINISTERIO PÚBLICO,17,MASCULINO,SIN DATOS,0,0,Morelia,Rafael Carrillo,septiembre,domingo,21,-101.234538070858,19.710491825745
46712,46718,2023,,2023/09/17,22:00:00,COLISIÓN POR CORTE DE CIRCULACIÓN,ASFALTO,Lluvioso,Regular,2,DODGE,ROJO,0,,,,,0,0,Morelia,La Joya,septiembre,domingo,22,-101.198572665453,19.7197831275713
46713,46719,2023,,2023/09/18,"07:00:00",COLISIÓN POR CORTE DE CIRCULACIÓN,ASFALTO,Bueno,Bueno,2,ford,guinda,2,,,MASCULINO,SIN DATOS,0,0,Morelia,Ventura Puente,septiembre,lunes,7,-101.191911064088,19.692402254699
46714,46720,2023,LEG49939,2023/09/18,"09:20:00",COLISIÓN CONTRA OBJETO FIJO,CONCRETO,Bueno,Bueno,1,ISUZU,BLANCO,2,MINISTERIO PÚBLICO,43,,SIN DATOS,1,0,Morelia,Barrio Alto,septiembre,lunes,9,-101.190695064204,19.7264690646931
46715,46721,2023,,2023/09/18,12:30:00,COLISIÓN POR CORTE DE CIRCULACIÓN,CONCRETO,Bueno,Bueno,2,KIAS,ROJO,2,,,MASCULINO,SIN DATOS,0,0,Morelia,Nueva Chapultepec,septiembre,lunes,13,-101.16506382823,19.6885573773804
46716,46722,2023,,2023/09/18,12:40:00,COLISIÓN POR CORTE DE CIRCULACIÓN,ASFALTO,Bueno,Bueno,2,MERCEDES,BLANCO,2,,39,MASCULINO,SIN DATOS,0,0,Morelia,Valle de Altozano,septiembre,lunes,13,-101.164192780852,19.6651218331344
46717,46723,2023,,2023/09/18,13:00:00,COLISIÓN POR ALCANCE,ASFALTO,Bueno,Bueno,2,NISSAN,BLANCO,2,,47,FEMENINO,SIN DATOS,0,0,Morelia,Sin datos,septiembre,lunes,13,-101.114833429456,19.7368073627054
46718,46724,2023,,2023/09/18,13:15:00,COLISIÓN CON PEATÓN,CONCRETO,Bueno,Bueno,1,NISSAN,BLANCO,2,MINISTERIO PÚBLICO,44,FEMENINO,SIN DATOS,1,0,Morelia,Felicitas del Rio,septiembre,lunes,13,-101.195521652699,19.6920272411722
46719,46725,2023,,2023/09/18,15:25:00,COLISIÓN CON PEATÓN,SIN_DATOS,Bueno,Bueno,2,FORD FIESTA,BLANCO,2,,21,MASCULINO,SIN DATOS,0,0,Morelia,Loma de Los Piñones,septiembre,lunes,15,-101.205067969859,19.674019876392
46720,46726,2023,,2023/09/18,16:41:00,COLISIÓN CONTRA OBJETO FIJO,CONCRETO,Lluvioso,Regular,2,FAMSA TORTON,BLANCO/ROJO,2,,48,MASCULINO,SIN DATOS,0,0,Morelia,Vista Bella,septiembre,lunes,17,-101.196740716696,19.6785441638638
46721,46727,2023,,2023/09/18,17:10:00,COLISIÓN POR CAMBIO DE CARRIL,ASFALTO,Bueno,Bueno,2,CHEVROLET,ROJO,2,,50,FEMENINO,SIN DATOS,0,0,Morelia,Industrial,septiembre,lunes,17,-101.188542544842,19.7108065104364
46722,46728,2023,,2023/09/18,17:40:00,COLISIÓN CONTRA OBJETO FIJO,CONCRETO,Bueno,Bueno,2,VOLVO,GRIS,1,,,MASCULINO,SIN DATOS,0,0,Morelia,Chapultepec Oriente,septiembre,lunes,18,-101.158934645355,19.6954023312869
46723,46729,2023,,2023/09/18,18:30:00,COLISIÓN POR CORTE DE CIRCULACIÓN,ASFALTO,Bueno,Bueno,2,HONDA,BLANCO Y ROJO,2,,55,MASCULINO,SIN DATOS,0,0,Morelia,Reforma,septiembre,lunes,19,-101.242563575506,19.7075785168056
46724,46730,2023,,2023/09/18,20:00:00,COLISIÓN POR CORTE DE CIRCULACIÓN,ASFALTO,Lluvioso,Regular,2,VENTO NITROX,NARANJA/NEGRO,2,,19,MASCULINO,SIN DATOS,0,0,Morelia,Felix Ireta,septiembre,lunes,20,-101.188405416906,19.6817083425863
46725,46731,2023,,2023/09/18,22:00:00,COLISIÓN POR ALCANCE,ASFALTO,Lluvioso,Bueno,3,VOLKSWAGEN,BLANCO,3,,25,FEMENINO,SIN DATOS,0,0,Morelia,Obrera,septiembre,lunes,22,-101.185387931764,19.7082959595657
46726,46732,2023,,2023/09/19,"09:30:00",COLISIÓN POR CORTE DE CIRCULACIÓN,ASFALTO,Bueno,Bueno,2,NISSAN,BLANCO,3,,40,MASCULINO,SIN DATOS,1,0,Morelia,Sentimientos de La Nacion,septiembre,martes,10,-101.233194944297,19.682432823539
46727,46733,2023,,2023/09/19,12:05:00,COLISIÓN CONTRA OBJETO FIJO,CONCRETO,Bueno,Bueno,2,HONDA,PLATA,2,MINISTERIO PÚBLICO,28,MASCULINO,SIN DATOS,0,0,Morelia,Gustavo Diaz Ordaz,septiembre,martes,12,-101.205397211015,19.694011519944
46728,46734,2023,,2023/09/19,15:50:00,COLISIÓN POR ALCANCE,ASFALTO,Bueno,Bueno,3,MAZDA,VERDE,3,,24,MASCULINO,SIN DATOS,0,0,Morelia,Cinco de Diciembre,septiembre,martes,16,-101.162815939039,19.6862710903522
46729,46735,2023,MOR 230629129,2023/09/19,17:00:00,COLISIÓN POR CORTE DE CIRCULACIÓN,ASFALTO,Bueno,Bueno,2,KAWASAKI,BLANCO Y AZUL,3,,26,MASCULINO,SIN DATOS,1,0,Morelia,Eduardo Ruiz,septiembre,martes,17,-101.221859682349,19.7216992118204
46730,46736,2023,,2023/09/19,18:54:00,COLISIÓN POR CORTE DE CIRCULACIÓN,ASFALTO,Bueno,Bueno,2,NISSAN,BLANCO,2,,24,MASCULINO,SIN DATOS,0,0,Morelia,Bosques Tres Marias,septiembre,martes,19,-101.102,19.7232
46731,46737,2023,"230629621",2023/09/19,20:05:00,COLISIÓN POR NO RESPETAR SEMÁFORO,ASFALTO,Bueno,Bueno,2,NISSAN,BLANCO Y ROJO,2,,56,MASCULINO,SIN DATOS,0,0,Morelia,Insurgentes,septiembre,martes,20,-101.154540928257,19.6969391869908
46732,46738,2023,,2023/09/19,22:20:00,COLISIÓN POR NO RESPETAR SEMÁFORO,ASFALTO,Bueno,Bueno,2,DODGE,NEGRA,2,,58,FEMENINO,SIN DATOS,0,0,Morelia,Fidel Velazquez,septiembre,martes,22,-101.237322830667,19.7055988572972
46733,46739,2023,MOR 230629889,2023/09/20,"01:40:00",VOLCADURA,ASFALTO,Bueno,Regular,1,FORD,BEIGE,1,,20,FEMENINO,SIN DATOS,0,0,Tzitzio,Tzitzio,septiembre,miércoles,2,-100.922709,19.584913
46734,46740,2023,,2023/09/20,"07:15:00",COLISIÓN CON PEATÓN,ASFALTO,Bueno,Bueno,1,CHRYSLER,NEGRO,1,MINISTERIO PÚBLICO,,,,1,0,Morelia,Trinidad Salgado,septiembre,miércoles,7,-101.231271475554,19.7031437464088
46735,46741,2023,,2023/09/20,"08:00:00",COLISIÓN POR CORTE DE CIRCULACIÓN,CONCRETO,Bueno,Bueno,2,VOLKSWAGEN,ROJO,1,,65,MASCULINO,SIN DATOS,0,0,Morelia,Infonavit Adolfo Lopez Mateos,septiembre,miércoles,8,-101.228878609836,19.6998827702605
46736,46742,2023,,2023/09/20,"08:25:00",COLISIÓN POR CORTE DE CIRCULACIÓN,ASFALTO,Bueno,Bueno,2,TOYOTA,BLANCO/GRIS,2,,,MASCULINO,SIN DATOS,0,0,Morelia,Prados del Campestre,septiembre,miércoles,8,-101.167143210769,19.6831882842031
46737,46743,2023,,2023/09/20,"08:30:00",COLISIÓN CON PEATÓN,CONCRETO,Bueno,Bueno,1,VOLKSWAGEN,BLANCO,2,,,,SIN DATOS,1,0,Morelia,Unidos Santa Cruz,septiembre,miércoles,9,-101.213299334049,19.7201972120196
46738,46744,2023,,2023/09/20,13:00:00,COLISIÓN POR ALCANCE,ASFALTO,Bueno,Bueno,2,CHRYSLER,BLANCO,2,,55,MASCULINO,SIN DATOS,0,0,Morelia,Eduardo Ruiz,septiembre,miércoles,13,-101.218441799283,19.7194428957965
46739,46745,2023,,2023/09/20,14:20:00,COLISIÓN POR INVASIÓN DE CARRIL,CONCRETO,Bueno,Bueno,2,MITSUBISHI SPANDER,BLANCO,2,,68,MASCULINO,SIN DATOS,0,0,Morelia,Agustin Arriaga Rivera,septiembre,miércoles,14,-101.224454641342,19.6911294779484
46740,46746,2023,,2023/09/20,15:45:00,COLISIÓN POR ALCANCE,ASFALTO,Bueno,Bueno,2,HONDA CIVIC,NEGRO,2,,31,FEMENINO,SIN DATOS,0,0,Morelia,Josefa Ortiz de Dominguez,septiembre,miércoles,16,-101.208109594882,19.6723336934558
46741,46747,2023,,2023/09/20,17:15:00,COLISIÓN POR CAMBIO DE CARRIL,ASFALTO,Bueno,Bueno,2,FREIGHTLINER,ROJO,2,,38,,SIN DATOS,0,0,Morelia,Isaac Arriaga,septiembre,miércoles,17,-101.167703121901,19.709420251866
46742,46748,2023,,2023/09/20,17:20:00,SALIDA DE SUPERFICIE DE RODAMIENTO,ASFALTO,Bueno,Bueno,1,S/D,S/D,3,,,,SIN DATOS,2,0,Morelia,Villas Lomas del Paraiso,septiembre,miércoles,17,-101.175527460873,19.6734042527741
46743,46749,2023,LEG49974,2023/09/21,"00:00:00",COLISIÓN CONTRA OBJETO FIJO,ASFALTO,Bueno,Bueno,1,NISSAN,BLANCO,1,,61,MASCULINO,SIN DATOS,0,0,Morelia,Valle de Las Flores,septiembre,jueves,0,-101.128156632185,19.6870427607855
46744,46750,2023,,2023/09/21,"02:40:00",COLISIÓN POR CORTE DE CIRCULACIÓN,ASFALTO,Bueno,Bueno,2,FORD,AZUL,0,MINISTERIO PÚBLICO,,,,0,0,Lázaro Cárdenas,Lomas de Bella Vista,septiembre,jueves,3,-102.222024835646,17.9697113621458
46745,46751,2023,,2023/09/21,"04:20:00",COLISIÓN POR CORTE DE CIRCULACIÓN,ASFALTO,Bueno,Bueno,1,ITALIKA,AZUL Y NEGRO,0,MINISTERIO PÚBLICO,,,,0,0,Lázaro Cárdenas,Sin datos,septiembre,jueves,4,-102.223285473883,17.9820831605812
46746,46752,2023,LEG49971,2023/09/21,"08:10:00",COLISIÓN POR CAMBIO DE CARRIL,ASFALTO,Bueno,Bueno,2,NISSAN,BLANCO,2,,51,MASCULINO,SIN DATOS,0,0,Morelia,Lomas del Tecnologico,septiembre,jueves,8,-101.193165332079,19.7233053360408
46747,46753,2023,,2023/09/21,10:15:00,COLISIÓN POR CAMBIO DE CARRIL,TERRACERIA,Bueno,Bueno,2,NISSAN,BLANCO Y ROSA,2,,57,MASCULINO,SIN DATOS,0,0,Morelia,Elias Perez Avalos,septiembre,jueves,10,-101.170748770237,19.7141840450483
46748,46754,2023,,2023/09/21,11:15:00,COLISIÓN POR CORTE DE CIRCULACIÓN,CONCRETO,Bueno,Bueno,2,HONDA,ROJO,2,,25,MASCULINO,SIN DATOS,0,0,Morelia,Felicitas del Rio,septiembre,jueves,11,-101.200259104371,19.6929294186932
46749,46755,2023,,2023/09/21,13:19:00,COLISIÓN POR ALCANCE,ASFALTO,Bueno,Bueno,3,NISSAN,CAFÉ,3,,45,MASCULINO,SIN DATOS,0,0,Morelia,Ana Maria Gallaga (Riviera Norte),septiembre,jueves,13,-101.222825534642,19.6766455634927
46750,46756,2023,,2023/09/21,13:20:00,COLISIÓN POR ALCANCE,ASFALTO,Bueno,Bueno,2,VOLKSWAGEN,ROJO,2,,71,FEMENINO,SIN DATOS,0,0,Morelia,Ana Maria Gallaga (Riviera Norte),septiembre,jueves,13,-101.222693771124,19.6766604013281
46751,46757,2023,,2023/09/21,14:05:00,COLISIÓN POR CAMBIO DE CARRIL,ASFALTO,Bueno,Bueno,2,VOLKSWAGEN,BLANCO,2,MINISTERIO PÚBLICO,19,MASCULINO,SIN DATOS,0,0,Morelia,La Huerta,septiembre,jueves,14,-101.217095330358,19.6755159897776
46752,46758,2023,LEG49973,2023/09/21,14:30:00,COLISIÓN CONTRA OBJETO FIJO,ASFALTO,Bueno,Bueno,1,NISSAN,BLANCO,1,,61,MASCULINO,SIN DATOS,0,0,Morelia,Valle de Las Flores,septiembre,jueves,15,-101.127331182361,19.6874534575304
46753,46759,2023,,2023/09/21,19:07:00,COLISIÓN POR MANIOBRA DE REVERSA,TERRACERIA,Bueno,Bueno,2,CHEVROLET,AZUL,2,,54,MASCULINO,SIN DATOS,0,0,Morelia,Bello Horizonte,septiembre,jueves,19,-101.242117993534,19.6820518114837
46754,46760,2023,,2023/09/21,19:10:00,COLISIÓN CON PEATÓN,ASFALTO,Bueno,Bueno,1,S/D,S/D,1,,,,,1,0,Morelia,Popular Pogreso,septiembre,jueves,19,-101.199285127223,19.7202331918676
46755,46761,2023,,2023/09/21,19:25:00,COLISIÓN POR CAMBIO DE CARRIL,CONCRETO,Bueno,Bueno,2,MAZDA,GUINDA,2,,45,MASCULINO,SIN DATOS,0,0,Morelia,Unidos Santa Cruz,septiembre,jueves,19,-101.214391328394,19.7228533867502
46756,46762,2023,,2023/09/21,19:50:00,COLISIÓN POR CORTE DE CIRCULACIÓN,ASFALTO,Bueno,Bueno,2,BENELLI,ROJO,2,,37,MASCULINO,SIN DATOS,0,0,Morelia,Lomas del Tecnologico,septiembre,jueves,20,-101.194222457707,19.7237882134097
46757,46763,2023,,2023/09/22,"04:50:00",VOLCADURA,ASFALTO,Bueno,Bueno,1,NISSAN,ROJO,0,MINISTERIO PÚBLICO,,,,0,0,Lázaro Cárdenas,Vista Industrial,septiembre,viernes,5,-102.224772758782,17.9655828780608