fid,id_accidente,anio_origen,folio_c5i,dia_incidente,hora_ocurrencia,tipo_incidente_vial,superficie_ocurrencia,condiciones_climaticas,condiciones_via,numero_vehiculos_involucrados,marca_vehiculo_ocasiona_siniestro,color_vehiculo_ocasiona_siniestro,numero_personas_involucradas,lugar_remite_presunto_responsable,edad_presunto_responsable,sexo_presunto_responsable,resultados_toxicologia,numero_personas_lesionadas,numero_personas_fallecidas,municipio,colonia,mes,dia_semana,hora_redondeada,lon,lat
46758,46764,2023,,2023/09/22,"08:20:00",COLISIÓN POR CAMBIO DE CARRIL,ASFALTO,Bueno,Bueno,2,INTERNACIONAL,VERDE,2,,36,MASCULINO,SIN DATOS,0,0,Morelia,Granjas del Maestro,septiembre,viernes,8,-101.192220620922,19.7145416939872
46759,46765,2023,,2023/09/22,"09:45:00",SALIDA DE SUPERFICIE DE RODAMIENTO,ASFALTO,Bueno,Bueno,1,FORD,ROJO/GRIS,2,MINISTERIO PÚBLICO,18,MASCULINO,SIN DATOS,1,0,Morelia,La Colina,septiembre,viernes,10,-101.216118671,19.7038627872833
46760,46766,2023,,2023/09/22,10:15:00,COLISIÓN POR CORTE DE CIRCULACIÓN,CONCRETO,Bueno,Bueno,2,SEAT,NEGRO,2,,40,FEMENINO,SIN DATOS,0,0,Morelia,Nueva Chapultepec,septiembre,viernes,10,-101.170656534483,19.6877951794071
46761,46767,2023,,2023/09/22,10:30:00,COLISIÓN POR CAMBIO DE CARRIL,ASFALTO,Bueno,Bueno,2,RENAULT,GRIS,2,,28,FEMENINO,SIN DATOS,0,0,Morelia,Bosques Tres Marias,septiembre,viernes,11,-101.102,19.7232
46762,46768,2023,,2023/09/22,10:50:00,COLISIÓN POR INVASIÓN DE CARRIL,ASFALTO,Bueno,Bueno,2,MITSUBISHI,BLANCO,3,MINISTERIO PÚBLICO,,FEMENINO,SIN DATOS,1,0,Queréndaro,Sin datos,septiembre,viernes,11,-100.867366790771,19.7825343375083
46763,46769,2023,,2023/09/22,12:24:00,COLISIÓN POR ALCANCE,CONCRETO,Bueno,Bueno,2,FORD,BLANCO,2,,40,MASCULINO,SIN DATOS,0,0,Morelia,La Aldea,septiembre,viernes,12,-101.135331206024,19.7444606236944
46764,46770,2023,,2023/09/22,12:35:00,COLISIÓN POR CAMBIO DE CARRIL,CONCRETO,Bueno,Bueno,2,HYUNDAI,PLATA,2,,28,MASCULINO,SIN DATOS,0,0,Morelia,Primo Tapia,septiembre,viernes,13,-101.212574802339,19.7094363491998
46765,46771,2023,LEG49991,2023/09/22,13:40:00,COLISIÓN POR ALCANCE,ASFALTO,Bueno,Bueno,2,VOLKSWAGEN,PLATA,2,,26,MASCULINO,SIN DATOS,0,0,Morelia,Morelia 450,septiembre,viernes,14,-101.217397749424,19.6758547364482
46766,46772,2023,,2023/09/22,14:20:00,COLISIÓN POR ALCANCE,CONCRETO,Bueno,Bueno,2,CHEVROLET,BLANCO,2,,,MASCULINO,SIN DATOS,0,0,Morelia,Centro,septiembre,viernes,14,-101.187437139452,19.7046162300704
46767,46773,2023,,2023/09/22,20:20:00,SALIDA DE SUPERFICIE DE RODAMIENTO,ASFALTO,Bueno,Bueno,1,FIAT,GRIS,1,,46,FEMENINO,SIN DATOS,0,0,Morelia,Ejidal Ocolusen,septiembre,viernes,20,-101.153454221785,19.6873328687414
46768,46774,2023,LEG49995,2023/09/22,21:40:00,COLISIÓN POR CORTE DE CIRCULACIÓN,ASFALTO,Bueno,Bueno,2,CHEVROLET,ROJO,2,,35,FEMENINO,SIN DATOS,0,0,Morelia,Tres Puentes,septiembre,viernes,22,-101.213715076447,19.7026567032783
46769,46775,2023,LEG49993,2023/09/22,21:55:00,COLISIÓN CON PEATÓN,ASFALTO,Bueno,Bueno,1,DODGE,BLANCO /AZUL,2,,,MASCULINO,SIN DATOS,1,0,Morelia,Centro,septiembre,viernes,22,-101.189817599952,19.7029107991989
46770,46776,2023,,2023/09/23,"01:05:00",CAIDA DE MOTOCICLETA,ASFALTO,Bueno,Bueno,1,ITALIKA,AZUL/NEGRO,1,,29,MASCULINO,SIN DATOS,0,0,Morelia,San Jose del Cerrito,septiembre,sábado,1,-101.221551150084,19.6621669698953
46771,46777,2023,LEG49997,2023/09/23,"01:29:00",COLISIÓN POR ALCANCE,ASFALTO,Bueno,Bueno,2,TOYOTA,BLANCO/MORADO,2,MINISTERIO PÚBLICO,60,MASCULINO,SIN DATOS,0,0,Morelia,Villas Oriente,septiembre,sábado,1,-101.145213469863,19.7547069994332
46772,46778,2023,,2023/09/23,"06:40:00",COLISIÓN POR INVASIÓN DE CARRIL,ASFALTO,Bueno,Bueno,2,MERCEDEZ BENZ,NEGRO,2,,26,FEMENINO,SIN DATOS,0,0,Morelia,Josefa Ortiz de Dominguez,septiembre,sábado,7,-101.209956631064,19.6720921773157
46773,46779,2023,LEG50012,2023/09/23,10:00:00,COLISIÓN POR ALCANCE,ASFALTO,Bueno,Bueno,2,NISSAN,AZUL,2,,34,MASCULINO,SIN DATOS,0,0,Morelia,Indeco El Vivero,septiembre,sábado,10,-101.229856275022,19.6768873884683
46774,46780,2023,LEG49994,2023/09/23,10:04:00,COLISIÓN POR ALCANCE,ASFALTO,Bueno,Bueno,2,RENAULT,BLANCO,2,,,MASCULINO,SIN DATOS,0,0,Morelia,Chapultepec Oriente,septiembre,sábado,10,-101.159072443843,19.6954241119403
46775,46781,2023,,2023/09/23,11:00:00,COLISIÓN POR NO RESPETAR SEMÁFORO,ASFALTO,Bueno,Bueno,2,YAMAHA,GRIS,2,,38,FEMENINO,SIN DATOS,0,0,Morelia,Avicola Benito Juarez,septiembre,sábado,11,-101.279539167881,19.6913479215028
46776,46782,2023,,2023/09/23,14:40:00,COLISIÓN POR MANIOBRA DE REVERSA,ASFALTO,Bueno,Bueno,1,MAZDA,AZUL,2,,39,MASCULINO,SIN DATOS,1,0,Morelia,Sentimientos de La Nacion,septiembre,sábado,15,-101.236871927977,19.6848033243396
46777,46783,2023,,2023/09/23,15:32:00,COLISIÓN POR CORTE DE CIRCULACIÓN,ASFALTO,Bueno,Bueno,2,FORD,GRIS,3,MINISTERIO PÚBLICO,30,MASCULINO,SIN DATOS,2,0,Huandacareo,Sin datos,septiembre,sábado,16,-101.227979,19.961877
46778,46784,2023,,2023/09/23,17:00:00,COLISIÓN POR ALCANCE,ASFALTO,Bueno,Bueno,2,VOLKSWAGEN,ROJO,2,,16,MASCULINO,SIN DATOS,0,0,Morelia,Loma de Los Piñones,septiembre,sábado,17,-101.205067634583,19.6740205077996
46779,46785,2023,LEG50011,2023/09/23,17:45:00,COLISIÓN POR CAMBIO DE CARRIL,CONCRETO,Bueno,Bueno,2,CHRYSLER,MORADO,2,MINISTERIO PÚBLICO,,MASCULINO,SIN DATOS,0,0,Morelia,Justo Mendoza,septiembre,sábado,18,-101.231164857745,19.7128751444372
46780,46786,2023,LEG50010,2023/09/23,21:16:00,COLISIÓN POR CORTE DE CIRCULACIÓN,ASFALTO,Bueno,Bueno,2,CHEVROLET,AZUL,2,,43,MASCULINO,SIN DATOS,0,0,Morelia,Centro,septiembre,sábado,21,-101.198413409293,19.7030635722041
46781,46787,2023,,2023/09/24,"00:40:00",COLISIÓN POR ALCANCE,ASFALTO,Bueno,Bueno,3,VOLKSWAGEN,NEGRO,3,,29,MASCULINO,SIN DATOS,0,0,Morelia,Arcos del Valle,septiembre,domingo,1,-101.236173212528,19.7075722040525
46782,46788,2023,MOR230638523,2023/09/24,"00:55:00",VOLCADURA,ASFALTO,Bueno,Bueno,2,FORD,ROJO,2,,24,MASCULINO,SIN DATOS,0,0,Morelia,Club Campestre La Huerta,septiembre,domingo,1,-101.234011687338,19.6703450418762
46783,46789,2023,,2023/09/24,"04:00:00",COLISIÓN CONTRA OBJETO FIJO,ASFALTO,Bueno,Bueno,2,CHEVROLET,BLANCO,2,,0,MASCULINO,SIN DATOS,0,0,Morelia,Prados Verdes,septiembre,domingo,4,-101.19721026,19.7150711099991
46784,46790,2023,,2023/09/24,14:15:00,COLISIÓN POR CORTE DE CIRCULACIÓN,ASFALTO,Bueno,Bueno,2,SEAT IBIZA,AZUL,2,MINISTERIO PÚBLICO,34,FEMENINO,SIN DATOS,0,0,Morelia,Lomas de La Maestranza,septiembre,domingo,14,-101.331308148801,19.6844323968982
46785,46791,2023,,2023/09/24,19:30:00,COLISIÓN POR CORTE DE CIRCULACIÓN,ASFALTO,Bueno,Bueno,1,VOLKSWAGEN,BLANCO,1,,,MASCULINO,SIN DATOS,0,0,Morelia,Insurgentes,septiembre,domingo,20,-101.155001185834,19.6952823798088
46786,46792,2023,MOR2234578,2023/09/24,19:40:00,COLISIÓN POR ALCANCE,ASFALTO,Bueno,Bueno,2,VOLKSWAGEN,BLANCO,2,MINISTERIO PÚBLICO,,MASCULINO,SIN DATOS,0,0,Morelia,Sin datos,septiembre,domingo,20,-101.280048117042,19.6700413275564
46787,46793,2023,LEG50020,2023/09/24,19:50:00,COLISIÓN POR CORTE DE CIRCULACIÓN,ASFALTO,Bueno,Bueno,2,ZUZUKI,AZUL,2,,17,MASCULINO,ALIENTO ETÍLICO,0,0,Morelia,Emiliano Zapata,septiembre,domingo,20,-101.229324527085,19.6557945220755
46788,46794,2023,,2023/09/24,21:00:00,SUBIDA AL CAMELLÓN,ASFALTO,Bueno,Bueno,2,NISSAN,BLANCO,1,,50,MASCULINO,SIN DATOS,0,0,Morelia,La Quemada,septiembre,domingo,21,-101.241282820702,19.7056906769054
46789,46795,2023,,2023/09/24,22:32:00,COLISIÓN POR ALCANCE,ASFALTO,Bueno,Bueno,2,CHEVROLET,BLANCO,2,,,MASCULINO,SIN DATOS,0,0,Morelia,Eduardo Ruiz,septiembre,domingo,23,-101.219370178878,19.7202208829731
46790,46796,2023,,2023/09/24,22:50:00,COLISIÓN POR CORTE DE CIRCULACIÓN,CONCRETO,Bueno,Bueno,2,CHEVROLET,ARENA,2,,33,MASCULINO,SIN DATOS,0,0,Morelia,Arboledas de Valladolid,septiembre,domingo,23,-101.250414401293,19.6935354973077
46791,46797,2023,,2023/09/24,23:15:00,COLISIÓN POR ALCANCE,ASFALTO,Bueno,Bueno,2,ITALIKA,NARANJA,2,,41,MASCULINO,SIN DATOS,0,0,Morelia,La Esperanza,septiembre,domingo,23,-101.251723989844,19.6982385262268
46792,46798,2023,,2023/09/25,"05:20:00",CAIDA DE MOTOCICLETA,ASFALTO,Bueno,Bueno,1,ITALIKA,GRIS,0,MINISTERIO PÚBLICO,,,,0,0,Morelia,Lomas de San Juan,septiembre,lunes,5,-101.183039681886,19.7298664251429
46793,46799,2023,,2023/09/25,"07:35:00",COLISIÓN POR ALCANCE,ASFALTO,Bueno,Bueno,2,YAMAHA,VERDE Y NEGRO,2,MINISTERIO PÚBLICO,32,FEMENINO,SIN DATOS,0,0,Morelia,Felix Ireta,septiembre,lunes,8,-101.190291925,19.6873219449991
46794,46800,2023,LEG50028,2023/09/25,"08:50:00",COLISIÓN POR ALCANCE,CONCRETO,Bueno,Bueno,4,DINA,BLANCO,4,MINISTERIO PÚBLICO,32,,SIN DATOS,0,0,Morelia,Dr Miguel Silva,septiembre,lunes,9,-101.185227946917,19.717204814836
46795,46801,2023,,2023/09/25,11:40:00,VOLCADURA,ASFALTO,Bueno,Bueno,1,FORD,VERDE,1,,63,,SIN DATOS,0,0,Morelia,Buenos Aires,septiembre,lunes,12,-101.192694267462,19.6588330609221
46796,46802,2023,,2023/09/26,"08:10:00",COLISIÓN POR CORTE DE CIRCULACIÓN,ASFALTO,Bueno,Bueno,2,FORD,ROJO,2,,45,FEMENINO,SIN DATOS,0,0,Morelia,Lomas del Valle,septiembre,martes,8,-101.230222677688,19.687753554468
46797,46803,2023,,2023/09/26,11:20:00,COLISIÓN CONTRA OBJETO FIJO,ASFALTO,Bueno,Bueno,1,ITALIKA/15C,NEGRO,1,,20,MASCULINO,SIN DATOS,0,0,Morelia,Valle de Altozano,septiembre,martes,11,-101.164373159409,19.664987020066
46798,46804,2023,,2023/09/26,12:35:00,COLISIÓN POR NO RESPETAR SEMÁFORO,CONCRETO,Bueno,Bueno,2,YAMAHA,NEGRO,2,MINISTERIO PÚBLICO,,MASCULINO,SIN DATOS,0,0,Morelia,Centro,septiembre,martes,13,-101.178162060678,19.6991700245852
46799,46805,2023,MOR230644420,2023/09/26,14:40:00,COLISIÓN POR CORTE DE CIRCULACIÓN,ASFALTO,Bueno,Bueno,1,TOYOTA,GUINDA CON BLANCO,2,MINISTERIO PÚBLICO,46,MASCULINO,SIN DATOS,1,0,Morelia,Ampliacion La Soledad,septiembre,martes,15,-101.182282939553,19.737203478143
46800,46806,2023,,2023/09/26,15:45:00,COLISIÓN POR ALCANCE,ASFALTO,Bueno,Bueno,2,NISSAN,CAFE,2,,55,MASCULINO,SIN DATOS,0,0,Morelia,Jardines del Toreo,septiembre,martes,16,-101.219353178302,19.6884519381114
46801,46807,2023,,2023/09/26,18:50:00,COLISIÓN POR CORTE DE CIRCULACIÓN,ASFALTO,Bueno,Bueno,2,NISSAN,PLATA,2,MINISTERIO PÚBLICO,23,FEMENINO,SIN DATOS,0,0,Morelia,El Lago 1,septiembre,martes,19,-101.212192922831,19.7267040673771
46802,46808,2023,,2023/09/26,20:05:00,COLISIÓN CON PEATÓN,ASFALTO,Bueno,Bueno,2,FORD,AMARILLO,2,,63,MASCULINO,SIN DATOS,0,0,Morelia,Las Flores,septiembre,martes,20,-101.206394322217,19.7023631509671
46803,46809,2023,,2023/09/26,20:35:00,COLISIÓN POR ALCANCE,ASFALTO,Bueno,Bueno,2,CHEVROLET,BLANCO,2,,39,MASCULINO,SIN DATOS,0,0,Morelia,Ricardo Flores Magon,septiembre,martes,21,-101.2442053369,19.7070098191619
46804,46810,2023,,2023/09/27,"01:38:00",SUBIDA AL CAMELLÓN,ASFALTO,Bueno,Bueno,1,HONDA,ARENA,1,MINISTERIO PÚBLICO,23,MASCULINO,CON CERTIFICADO,0,0,Morelia,Loma de Los Piñones,septiembre,miércoles,2,-101.202508807182,19.6763772194241
46805,46811,2023,,2023/09/27,"07:35:00",COLISIÓN POR CORTE DE CIRCULACIÓN,ASFALTO,Bueno,Bueno,2,NISSAN,BLANCO,2,,51,MASCULINO,SIN DATOS,0,0,Morelia,Prados Verdes,septiembre,miércoles,8,-101.205119937658,19.7204310808872
46806,46812,2023,,2023/09/27,"08:00:00",COLISIÓN POR CAMBIO DE CARRIL,ASFALTO,Bueno,Bueno,2,CHEVROLET,BLANCO,2,,26,MASCULINO,SIN DATOS,0,0,Morelia,Progreso del Sur,septiembre,miércoles,8,-101.19784196,19.6584584849991
46807,46813,2023,,2023/09/27,"08:20:00",COLISIÓN POR CORTE DE CIRCULACIÓN,ASFALTO,Bueno,Bueno,2,NISSAN,GRIS,2,,45,FEMENINO,SIN DATOS,0,0,Morelia,Defensores De Puebla,septiembre,miércoles,8,-101.236983910203,19.7112995257289
46808,46814,2023,,2023/09/27,"09:20:00",COLISIÓN POR CAMBIO DE CARRIL,ASFALTO,Bueno,Bueno,2,KAWASAKI,NEGRO,2,,40,MASCULINO,SIN DATOS,0,0,Morelia,El Lago 1,septiembre,miércoles,9,-101.210706308484,19.7265248065402
46809,46815,2023,,2023/09/27,"09:20:00",COLISIÓN POR CAMBIO DE CARRIL,ASFALTO,Bueno,Bueno,2,VOLVO,GRIS  Y ROJO,2,,46,MASCULINO,ALIENTO ETÍLICO,0,0,Morelia,Felix Arreguin,septiembre,miércoles,9,-101.226389855146,19.7214107383897
46810,46816,2023,,2023/09/27,10:40:00,COLISIÓN CONTRA OBJETO FIJO,ASFALTO,Bueno,Bueno,1,SEAT,GRIS,1,,,,SIN DATOS,0,0,Morelia,Ignaci0 Ramirez,septiembre,miércoles,11,-101.223924234509,19.7251219573069
46811,46817,2023,,2023/09/27,11:50:00,COLISIÓN POR CORTE DE CIRCULACIÓN,ASFALTO,Bueno,Bueno,2,NISSAN,BLANCO,1,,36,MASCULINO,SIN DATOS,0,0,Morelia,Ana Maria Gallaga (Riviera Norte),septiembre,miércoles,12,-101.223761960864,19.6767892063094
46812,46818,2023,,2023/09/27,14:10:00,COLISIÓN POR CAMBIO DE CARRIL,ASFALTO,Bueno,Bueno,2,FORD,GRIS,2,,75,MASCULINO,SIN DATOS,0,0,Morelia,Sentimientos de La Nacion,septiembre,miércoles,14,-101.236870586872,19.6848036400221
46813,46819,2023,,2023/09/27,15:30:00,COLISIÓN POR NO RESPETAR SEMÁFORO,ASFALTO,Bueno,Bueno,2,ITALIKA,NEGRA,2,,21,MASCULINO,SIN DATOS,0,0,Morelia,Los Pinos de Michoacan,septiembre,miércoles,16,-101.214115396142,19.6878430028932
46814,46820,2023,,2023/09/27,18:00:00,COLISIÓN POR ALCANCE,ASFALTO,Bueno,Bueno,4,CHEVROLET,ROJO,4,,29,MASCULINO,SIN DATOS,0,0,Morelia,Clara Cordova Moran,septiembre,miércoles,18,-101.180837899446,19.7373978116583
46815,46821,2023,,2023/09/27,19:30:00,CAIDA DE MOTOCICLETA,ASFALTO,Bueno,Bueno,1,BAJAD,NEGRO,1,,18,MASCULINO,SIN DATOS,0,0,Morelia,Montaña Monarca,septiembre,miércoles,20,-101.160944625735,19.6718257198709
46816,46822,2023,,2023/09/27,20:00:00,COLISIÓN POR ALCANCE,ASFALTO,Bueno,Bueno,2,VENTO,NEGRO,1,MINISTERIO PÚBLICO,28,MASCULINO,SIN DATOS,0,0,Morelia,El Realito,septiembre,miércoles,20,-101.205219849944,19.7257856690641
46817,46823,2023,,2023/09/27,20:00:00,COLISIÓN POR ALCANCE,ASFALTO,Bueno,Bueno,2,KIA,ROJO,2,,56,MASCULINO,SIN DATOS,0,0,Morelia,Alberto Oviedo Mota,septiembre,miércoles,20,-101.202028356493,19.6779755963421
46818,46824,2023,,2023/09/27,20:00:00,COLISIÓN CON PEATÓN,SIN_DATOS,Bueno,Bueno,1,TOYOTA,BLANCO,1,,45,MASCULINO,SIN DATOS,0,0,Morelia,Villa Universidad,septiembre,miércoles,20,-101.203765422106,19.6863350088118
46819,46825,2023,,2023/09/27,22:20:00,COLISIÓN POR CORTE DE CIRCULACIÓN,ASFALTO,Bueno,Bueno,2,CHEVROLET,GRIS,2,,53,MASCULINO,SIN DATOS,0,0,Morelia,Vasco de Quiroga,septiembre,miércoles,22,-101.169984005392,19.7049997364522
46820,46826,2023,,2023/09/28,"00:00:00",COLISIÓN CONTRA OBJETO FIJO,TERRACERIA,Bueno,Regular,1,NISSAN,ROJO,0,,,,,0,0,Morelia,Puebla,septiembre,jueves,0,-101.198004372418,19.7471059815014
46821,46827,2023,,2023/09/28,"02:00:00",COLISIÓN CONTRA OBJETO FIJO,CONCRETO,Bueno,Bueno,2,GENERAL MOTORS,AZUL,2,MINISTERIO PÚBLICO,24,MASCULINO,SIN DATOS,0,0,Morelia,Hospitales de Don Vasco,septiembre,jueves,2,-101.153918914497,19.7013543369831
46822,46828,2023,,2023/09/28,"03:00:00",COLISIÓN CONTRA OBJETO FIJO,ASFALTO,Bueno,Bueno,1,CHEVROLET,AZUL,1,,27,MASCULINO,SIN DATOS,0,0,Morelia,Ferrocarrilero,septiembre,jueves,3,-101.212727688253,19.7019345004957
46823,46829,2023,,2023/09/28,"07:20:00",COLISIÓN POR ALCANCE,ASFALTO,Bueno,Bueno,2,VOLKSWAGEN,PLATA,2,,45,FEMENINO,SIN DATOS,0,0,Morelia,Alberto Oviedo Mota,septiembre,jueves,7,-101.198146116833,19.6816049122462
46824,46830,2023,,2023/09/28,"07:30:00",COLISIÓN POR CORTE DE CIRCULACIÓN,ASFALTO,Bueno,Bueno,2,KEEWAY,NEGRO,2,,17,MASCULINO,SIN DATOS,0,0,Morelia,Arboledas de Valladolid,septiembre,jueves,8,-101.250910025,19.6926174099991
46825,46831,2023,MOR2306789,2023/09/28,"07:47:00",COLISIÓN POR CORTE DE CIRCULACIÓN,ASFALTO,Bueno,Bueno,2,DATSUN,BLANCO,2,,0,MASCULINO,SIN DATOS,0,0,Morelia,Union,septiembre,jueves,8,-101.156903439862,19.7060687181207
46826,46832,2023,,2023/09/28,"08:20:00",VOLCADURA,ASFALTO,Bueno,Bueno,1,NISSAN,BLANCO,4,MINISTERIO PÚBLICO,,,,0,4,Cuitzeo,Sin datos,septiembre,jueves,8,-101.174812987447,19.9672295500069
46827,46833,2023,,2023/09/28,12:17:00,COLISIÓN POR CAMBIO DE CARRIL,ASFALTO,Bueno,Bueno,2,VOLKSWAGEN,GRIS,2,,,MASCULINO,SIN DATOS,0,0,Morelia,Chapultepec Oriente,septiembre,jueves,12,-101.158942356706,19.6954111698133
46828,46834,2023,,2023/09/28,14:00:00,COLISIÓN POR NO RESPETAR SEMÁFORO,ASFALTO,Bueno,Regular,2,NISSAN,GRIS,2,,41,MASCULINO,SIN DATOS,0,0,Morelia,Primo Tapia Oriente,septiembre,jueves,14,-101.160702891648,19.716414864223
46829,46835,2023,,2023/09/28,18:12:00,COLISIÓN POR CAMBIO DE CARRIL,ASFALTO,Bueno,Bueno,2,CHEVROLET,BLANCO,2,,45,MASCULINO,SIN DATOS,0,0,Morelia,El Lago 1,septiembre,jueves,18,-101.20900310576,19.7263209286539
46830,46836,2023,,2023/09/28,19:30:00,COLISIÓN POR ALCANCE,ASFALTO,Bueno,Bueno,2,MAZDA,ROJO,2,,77,MASCULINO,SIN DATOS,0,0,Morelia,Ana Maria Gallaga (Riviera Norte),septiembre,jueves,20,-101.222777254879,19.6767980458632
46831,46837,2023,,2023/09/28,20:00:00,COLISIÓN POR CORTE DE CIRCULACIÓN,ASFALTO,Bueno,Bueno,3,TOYOTA,BLANCO,3,,45,MASCULINO,SIN DATOS,0,0,Morelia,Villa Universidad,septiembre,jueves,20,-101.203851252794,19.6863817293775
46832,46838,2023,,2023/09/28,20:20:00,COLISIÓN POR MANIOBRA DE REVERSA,ASFALTO,Bueno,Bueno,2,FORD L9000,BLANCO,2,,75,MASCULINO,SIN DATOS,0,0,Morelia,Prados Verdes,septiembre,jueves,20,-101.195603460073,19.713687882393
46833,46839,2023,LEG50068,2023/09/29,"06:30:00",COLISIÓN CONTRA OBJETO FIJO,ASFALTO,Bueno,Bueno,1,VOLKSWAGEN,BLANCO,1,MINISTERIO PÚBLICO,48,MASCULINO,SIN DATOS,0,0,Morelia,Lomas de Santa Maria,septiembre,viernes,7,-101.183394924369,19.6734112634566
46834,46840,2023,,2023/09/29,"09:45:00",COLISIÓN POR CORTE DE CIRCULACIÓN,CONCRETO,Bueno,Bueno,2,TOYOTA,PLATA,3,MINISTERIO PÚBLICO,50,FEMENINO,SIN DATOS,1,0,Morelia,Vasco de Quiroga,septiembre,viernes,10,-101.17087919265,19.7037065429431
46835,46841,2023,LEG50070,2023/09/29,13:00:00,CAIDA DE MOTOCICLETA,ASFALTO,Bueno,Bueno,1,VENTO,ROJO,1,,17,MASCULINO,SIN DATOS,0,0,Morelia,Morelos,septiembre,viernes,13,-101.178309582174,19.724646658463
46836,46842,2023,LEG50071,2023/09/29,15:10:00,COLISIÓN POR ALCANCE,ASFALTO,Bueno,Bueno,2,NISSAN,ROJO,2,,33,MASCULINO,SIN DATOS,0,0,Morelia,Los Angeles,septiembre,viernes,15,-101.176371015608,19.7416441830005
46837,46843,2023,LEG50072,2023/09/29,20:42:00,COLISIÓN POR CAMBIO DE CARRIL,CONCRETO,Bueno,Bueno,2,NISSAN,GRIS,2,,29,MASCULINO,SIN DATOS,0,0,Morelia,Vasco de Quiroga,septiembre,viernes,21,-101.168311983347,19.6966649729707
46838,46844,2023,,2023/09/29,20:50:00,COLISIÓN POR CORTE DE CIRCULACIÓN,ASFALTO,Bueno,Bueno,2,BMW,NEGRO,2,,31,MASCULINO,SIN DATOS,0,0,Morelia,Sin datos,septiembre,viernes,21,-101.16464138031,19.6588953717192
46839,46845,2023,MOR230651934,2023/09/29,22:55:00,COLISIÓN CONTRA OBJETO FIJO,CONCRETO,Bueno,Regular,1,NISSAN,ROJO,1,MINISTERIO PÚBLICO,27,MASCULINO,SIN DATOS,0,0,Morelia,Villas Oriente,septiembre,viernes,23,-101.143919639289,19.7545009487152
46840,46846,2023,,2023/09/30,"00:15:00",COLISIÓN CONTRA OBJETO FIJO,ASFALTO,Bueno,Bueno,1,CHEVROLET,BLANCO,1,,22,MASCULINO,SIN DATOS,0,0,Morelia,La Colina,septiembre,sábado,0,-101.216171309352,19.7038182813352
46841,46847,2023,,2023/09/30,"03:51:00",COLISIÓN CONTRA OBJETO FIJO,ASFALTO,Bueno,Bueno,1,VOLKSWAGEN,PLATA,1,,28,MASCULINO,SIN DATOS,0,0,Morelia,Centro,septiembre,sábado,4,-101.204116120934,19.7024622643883
46842,46848,2023,,2023/09/30,"09:35:00",COLISIÓN POR ALCANCE,ASFALTO,Bueno,Bueno,2,NISSAN,ROJO,2,,52,MASCULINO,SIN DATOS,0,0,Morelia,Jardines de Torremolinos,septiembre,sábado,10,-101.225649565458,19.6768431907194
46843,46849,2023,,2023/09/30,13:30:00,COLISIÓN POR CAMBIO DE CARRIL,ASFALTO,Bueno,Bueno,2,VOLVO,GUINDA,2,,27,MASCULINO,SIN DATOS,0,0,Morelia,Cosmos,septiembre,sábado,14,-101.21732801199,19.6811871397552
46844,46850,2023,,2023/09/30,15:10:00,COLISIÓN POR ALCANCE,ASFALTO,Bueno,Bueno,2,CHEVROLET,GRIS,2,MINISTERIO PÚBLICO,35,MASCULINO,SIN DATOS,0,0,Morelia,Adolfo Lopez Mateos,septiembre,sábado,15,-101.229652762413,19.7035272563204
46845,46851,2023,,2023/09/30,16:30:00,COLISIÓN POR CORTE DE CIRCULACIÓN,ASFALTO,Bueno,Bueno,2,VOLKSWAGEN,PLATA,2,,42,MASCULINO,SIN DATOS,0,0,Morelia,Arcos del Valle,septiembre,sábado,17,-101.236248649657,19.7076236529826
46846,46852,2023,,2023/09/30,19:23:00,COLISIÓN POR CAMBIO DE CARRIL,ASFALTO,Bueno,Bueno,2,ISUZU,BLANCO,2,,28,MASCULINO,SIN DATOS,0,0,Morelia,Primo Tapia Oriente,septiembre,sábado,19,-101.159638054669,19.7129862451705
46847,46853,2023,MOR230652024,2023/09/30,22:15:00,COLISIÓN POR CAMBIO DE CARRIL,ASFALTO,Bueno,Bueno,2,CHRYSLER,GRIS,2,,54,MASCULINO,SIN DATOS,0,0,Morelia,Rafael Carrillo,septiembre,sábado,22,-101.236439086497,19.7077985160935
46848,46854,2023,,2023/10/01,"00:00:00",COLISIÓN CONTRA OBJETO FIJO,ASFALTO,Bueno,Bueno,1,FORD,ROJO,0,MINISTERIO PÚBLICO,,,,0,0,Lázaro Cárdenas,Lomas de Bella Vista,octubre,domingo,0,-102.222424484789,17.9699859531464
46849,46855,2023,LEG50085,2023/10/01,"00:25:00",COLISIÓN CONTRA OBJETO FIJO,ASFALTO,Bueno,Bueno,2,FORD,GRIS,1,,,MASCULINO,SIN DATOS,0,0,Morelia,El Lago 1,octubre,domingo,0,-101.219319552183,19.7275991061523
46850,46856,2023,,2023/10/01,"02:00:00",COLISIÓN CON PEATÓN,CONCRETO,Bueno,Bueno,2,DODGE,BLANCO /AZUL,2,MINISTERIO PÚBLICO,31,MASCULINO,SIN DATOS,0,0,Morelia,Gertrudis Bocanegra,octubre,domingo,2,-101.210612095892,19.705257300716
46851,46857,2023,,2023/10/01,"02:30:00",COLISIÓN CONTRA OBJETO FIJO,ASFALTO,Bueno,Bueno,1,VOLKSWAGEN,GRIS,0,,,,,0,0,Morelia,Tzindurio de Morelos,octubre,domingo,3,-101.250160932541,19.6985017831746