fid,id_accidente,anio_origen,folio_c5i,dia_incidente,hora_ocurrencia,tipo_incidente_vial,superficie_ocurrencia,condiciones_climaticas,condiciones_via,numero_vehiculos_involucrados,marca_vehiculo_ocasiona_siniestro,color_vehiculo_ocasiona_siniestro,numero_personas_involucradas,lugar_remite_presunto_responsable,edad_presunto_responsable,sexo_presunto_responsable,resultados_toxicologia,numero_personas_lesionadas,numero_personas_fallecidas,municipio,colonia,mes,dia_semana,hora_redondeada,lon,lat
46852,46858,2023,,2023/10/01,"03:40:00",COLISIÓN CONTRA OBJETO FIJO,ASFALTO,Bueno,Bueno,1,NISSAN,ROJO,0,,,,,0,0,Morelia,Morelia 450,octubre,domingo,4,-101.217546612024,19.6759371341787
46853,46859,2023,,2023/10/01,"03:45:00",COLISIÓN CONTRA OBJETO FIJO,ASFALTO,Bueno,Bueno,1,HONDA,ROJO,1,MINISTERIO PÚBLICO,19,MASCULINO,SIN DATOS,0,0,Morelia,Lomas del Valle,octubre,domingo,4,-101.229903884232,19.6864710666375
46854,46860,2023,,2023/10/01,"05:00:00",SUBIDA AL CAMELLÓN,CONCRETO,Bueno,Bueno,1,FORD,PLATA,1,,44,MASCULINO,SIN DATOS,0,0,Morelia,La Loma,octubre,domingo,5,-101.181509122252,19.6798148307925
46855,46861,2023,MOR230871,2023/10/01,"06:30:00",COLISIÓN CONTRA OBJETO FIJO,ASFALTO,Bueno,Bueno,2,CHRYSLER,BLANCO CON ROJO,1,MINISTERIO PÚBLICO,,,SIN DATOS,0,0,Morelia,Prados Verdes,octubre,domingo,7,-101.199782310949,19.7166640281338
46857,46863,2023,LEG50094,2023/10/01,13:00:00,COLISIÓN POR CORTE DE CIRCULACIÓN,ASFALTO,Bueno,Bueno,2,NISSAN,BLANCO Y ROJO,2,,70,MASCULINO,SIN DATOS,0,0,Morelia,Jardines del Rincon,octubre,domingo,13,-101.149283382681,19.68870732649
46858,46864,2023,,2023/10/01,14:00:00,VOLCADURA,ASFALTO,Bueno,Bueno,1,NISSAN,ROJO,0,MINISTERIO PÚBLICO,,,,0,0,Lázaro Cárdenas,Sin datos,octubre,domingo,14,-102.228230796754,17.9353911453354
46859,46865,2023,,2023/10/01,16:15:00,COLISIÓN POR CAMBIO DE CARRIL,CONCRETO,Bueno,Bueno,2,VOLKSWAGEN,AZUL,2,,35,MASCULINO,SIN DATOS,0,0,Morelia,Ventura Puente,octubre,domingo,16,-101.187182954235,19.6926426896116
46860,46866,2023,LEG50095,2023/10/01,17:44:00,COLISIÓN POR CORTE DE CIRCULACIÓN,ASFALTO,Bueno,Bueno,2,S/D,S/D,2,,18,MASCULINO,SIN DATOS,1,0,Morelia,Tenencia Morelos,octubre,domingo,18,-101.243929623155,19.6466055443724
46861,46867,2023,LEG50096,2023/10/01,19:00:00,COLISIÓN POR CAMBIO DE CARRIL,ASFALTO,Bueno,Bueno,2,DINAMO,AZUL Y AMARILLO,2,,31,MASCULINO,SIN DATOS,0,0,Morelia,Vista Bella,octubre,domingo,19,-101.195925675947,19.6790442736003
46862,46868,2023,LEG50099,2023/10/01,21:16:00,COLISIÓN POR CORTE DE CIRCULACIÓN,ASFALTO,Bueno,Bueno,2,S/D,S/D,1,,32,,SIN DATOS,0,0,Morelia,Sin datos,octubre,domingo,21,-101.271984916253,19.6449319515432
46863,46869,2023,,2023/10/01,23:40:00,COLISIÓN CONTRA OBJETO FIJO,ASFALTO,Bueno,Bueno,1,VOLKSWAGEN,BLANCO,0,MINISTERIO PÚBLICO,,,,0,0,Charo,Sin datos,octubre,domingo,0,-101.058362200856,19.6923006097053
46864,46870,2023,,2023/10/02,"00:00:00",COLISIÓN POR CORTE DE CIRCULACIÓN,ASFALTO,Bueno,Bueno,2,VOLKSWAGEN,BLANCO,3,,45,MASCULINO,SIN DATOS,1,0,Morelia,Irrigacion,octubre,lunes,0,-101.221241030446,19.7067226746167
46865,46871,2023,,2023/10/02,"01:42:00",COLISIÓN CONTRA OBJETO FIJO,ASFALTO,Bueno,Bueno,1,FORD,AZUL,1,MINISTERIO PÚBLICO,,,SIN DATOS,0,0,Morelia,Nicolas Romero,octubre,lunes,2,-101.149728703579,19.7051879535665
46866,46872,2023,,2023/10/02,"03:40:00",COLISIÓN CONTRA OBJETO FIJO,CONCRETO,Bueno,Bueno,1,NISSAN,ROJO,1,,,,SIN DATOS,0,0,Morelia,Lomas de Las Americas Norte,octubre,lunes,4,-101.147073342989,19.6958984278863
46867,46873,2023,,2023/10/02,"05:20:00",COLISIÓN CONTRA OBJETO FIJO,CONCRETO,Bueno,Bueno,2,FIAT,BLANCO,2,,31,,SIN DATOS,0,0,Morelia,Villas del Pedregal,octubre,lunes,5,-101.302209,19.685042
46868,46874,2023,,2023/10/02,"07:00:00",COLISIÓN POR MANIOBRA DE REVERSA,CONCRETO,Bueno,Bueno,2,RENAULT,GRIS,2,,66,FEMENINO,SIN DATOS,0,0,Morelia,Ciudad Jardin,octubre,lunes,7,-101.256150298214,19.7084792473219
46869,46875,2023,,2023/10/02,"07:30:00",SALIDA DE SUPERFICIE DE RODAMIENTO,ASFALTO,Bueno,Bueno,1,KENWORTH,BLANCO,1,,21,MASCULINO,SIN DATOS,0,0,Morelia,Dr Miguel Silva,octubre,lunes,8,-101.188298463821,19.7211421537633
46870,46876,2023,,2023/10/02,"08:30:00",COLISIÓN POR ALCANCE,ASFALTO,Bueno,Bueno,2,DODGE,BLANCO Y AZUL,2,,37,MASCULINO,SIN DATOS,0,0,Morelia,Libertad,octubre,lunes,9,-101.238108091056,19.6873514937174
46871,46877,2023,,2023/10/02,"09:00:00",COLISIÓN POR INVASIÓN DE CARRIL,ASFALTO,Bueno,Bueno,2,VOLKSWAGEN,BLANCO,2,,,MASCULINO,SIN DATOS,0,0,Morelia,Bello Horizonte,octubre,lunes,9,-101.241735108197,19.6842101557048
46872,46878,2023,,2023/10/02,12:30:00,COLISIÓN POR ALCANCE,ASFALTO,Bueno,Bueno,2,ITALIKA,VERDE Y NEGRO,2,MINISTERIO PÚBLICO,35,MASCULINO,SIN DATOS,0,0,Morelia,Lomas del Tecnologico,octubre,lunes,13,-101.19308385998,19.7234293693866
46873,46879,2023,,2023/10/02,12:40:00,COLISIÓN POR CAMBIO DE CARRIL,ASFALTO,Bueno,Bueno,2,NISSAN,BLANCO,2,,28,FEMENINO,SIN DATOS,0,0,Morelia,Ana Maria Gallaga (Riviera Norte),octubre,lunes,13,-101.223968155682,19.6766433536022
46874,46880,2023,,2023/10/02,12:45:00,COLISIÓN POR ALCANCE,ASFALTO,Bueno,Bueno,2,CHEVROLET,BLANCO,2,,45,MASCULINO,SIN DATOS,0,0,Morelia,Arcos del Valle,octubre,lunes,13,-101.23617824167,19.7075737822408
46876,46882,2023,,2023/10/02,16:05:00,COLISIÓN POR CORTE DE CIRCULACIÓN,ASFALTO,Bueno,Bueno,2,NISSAN,AZUL,2,,49,MASCULINO,SIN DATOS,0,0,Morelia,Centro,octubre,lunes,16,-101.18754847,19.7028479949991
46877,46883,2023,,2023/10/02,16:25:00,COLISIÓN POR INVASIÓN DE CARRIL,ASFALTO,Bueno,Bueno,2,INTERNATIONAL,BLANCO,2,,45,MASCULINO,SIN DATOS,0,0,Morelia,Jacarandas,octubre,lunes,16,-101.211856322627,19.708402126741
46878,46884,2023,LEG50115,2023/10/02,20:45:00,COLISIÓN POR CORTE DE CIRCULACIÓN,ADOQUIN_EMPEDRADO,Bueno,Bueno,2,NISSAN,BLANCO,2,,29,MASCULINO,SIN DATOS,0,0,Morelia,Villas del Pedregal,octubre,lunes,21,-101.302209,19.685042
46879,46885,2023,LEG50125,2023/10/03,"07:30:00",COLISIÓN POR CORTE DE CIRCULACIÓN,ASFALTO,Bueno,Bueno,2,CHEVROLET,AZUL,2,,21,FEMENINO,SIN DATOS,0,0,Morelia,Centro,octubre,martes,8,-101.196025572717,19.7030146469807
46880,46886,2023,,2023/10/03,"07:40:00",COLISIÓN POR CORTE DE CIRCULACIÓN,ASFALTO,Bueno,Bueno,2,DODGE,ARENA,2,,72,,SIN DATOS,0,0,Morelia,Isaac Arriaga,octubre,martes,8,-101.171470619738,19.7076766800833
46881,46887,2023,LEG50127,2023/10/03,"08:44:00",COLISIÓN POR CORTE DE CIRCULACIÓN,CONCRETO,Bueno,Bueno,2,FREIGHTLINER,ROJO,1,,20,MASCULINO,SIN DATOS,0,0,Morelia,Jardines de Torremolinos,octubre,martes,9,-101.229685619473,19.6769937787141
46882,46888,2023,LEG50128,2023/10/03,"09:00:00",COLISIÓN POR CAMBIO DE CARRIL,ASFALTO,Bueno,Bueno,2,CHEVROLET,GRIS,2,,26,MASCULINO,SIN DATOS,0,0,Morelia,Tlalpujahua,octubre,martes,9,-101.218206100166,19.6762559908975
46883,46889,2023,LEG50129,2023/10/03,"09:08:00",COLISIÓN POR CORTE DE CIRCULACIÓN,CONCRETO,Bueno,Bueno,2,HERO,BLANCO,2,,23,MASCULINO,SIN DATOS,0,0,Morelia,Mariano Escobedo,octubre,martes,9,-101.212108433247,19.7198446722027
46884,46890,2023,,2023/10/03,10:20:00,COLISIÓN POR CAMBIO DE CARRIL,ASFALTO,Bueno,Bueno,3,TOYOTA,GRIS,3,,25,MASCULINO,SIN DATOS,0,0,Morelia,Lomas del Tecnologico,octubre,martes,10,-101.196184158325,19.724310855506
46885,46891,2023,,2023/10/03,10:20:00,COLISIÓN POR CORTE DE CIRCULACIÓN,ASFALTO,Lluvioso,Bueno,2,CHEVROLET,ROJO,2,,27,MASCULINO,SIN DATOS,0,0,Morelia,Centro,octubre,martes,10,-101.202493719757,19.702745400161
46886,46892,2023,,2023/10/03,11:40:00,COLISIÓN POR CAMBIO DE CARRIL,ASFALTO,Bueno,Bueno,2,NISSAN,AZUL,2,,27,FEMENINO,SIN DATOS,0,0,Morelia,Centro,octubre,martes,12,-101.186653599143,19.701901673019
46887,46893,2023,,2023/10/03,16:05:00,COLISIÓN POR ALCANCE,ASFALTO,Lluvioso,Bueno,2,NISSAN,BLANCO  NARANJA,2,,32,MASCULINO,SIN DATOS,0,0,Morelia,Lazaro Cardenas,octubre,martes,16,-101.163605041802,19.7078834224809
46888,46894,2023,LEG50130,2023/10/03,16:20:00,COLISIÓN POR CAMBIO DE CARRIL,SIN_DATOS,Bueno,Bueno,3,MERCEDES BENZ,AMARILLO Y GUINDA,3,,53,,SIN DATOS,0,0,Morelia,Centro,octubre,martes,16,-101.194348521531,19.701017853808
46889,46895,2023,,2023/10/03,16:30:00,COLISIÓN POR INVASIÓN DE CARRIL,CONCRETO,Bueno,Bueno,2,TOYOTA,GRIS,2,,51,MASCULINO,SIN DATOS,0,0,Morelia,Union,octubre,martes,17,-101.155743822455,19.7132415871881
46890,46896,2023,LEG50131,2023/10/03,19:52:00,COLISIÓN POR CORTE DE CIRCULACIÓN,ASFALTO,Nublado,Regular,2,FREIGHTLINER,BLANCO,2,,42,MASCULINO,SIN DATOS,0,0,Morelia,El Lago 1,octubre,martes,20,-101.219305805862,19.7275978437598
46891,46897,2023,,2023/10/03,20:00:00,COLISIÓN POR ALCANCE,ASFALTO,Lluvioso,Bueno,2,GENERALS MOTORS,GUINDA,2,,32,MASCULINO,SIN DATOS,0,0,Morelia,Paseo de Las Lomas,octubre,martes,20,-101.150367669761,19.6971413019583
46892,46898,2023,MOR230661313,2023/10/03,21:10:00,COLISIÓN POR CAMBIO DE CARRIL,ASFALTO,Lluvioso,Regular,2,VOLKSWAGEN,AZUL,2,,46,MASCULINO,SIN DATOS,0,0,Morelia,Jardines de Torremolinos,octubre,martes,21,-101.225747801363,19.6768479261931
46893,46899,2023,,2023/10/04,"07:30:00",COLISIÓN POR CORTE DE CIRCULACIÓN,ASFALTO,Bueno,Bueno,2,HONDA,NEGRO,2,MINISTERIO PÚBLICO,18,MASCULINO,SIN DATOS,0,0,Morelia,Felicitas del Rio,octubre,miércoles,8,-101.199315807371,19.6912362607314
46894,46900,2023,,2023/10/04,"07:45:00",COLISIÓN POR ALCANCE,ASFALTO,Bueno,Bueno,2,HONDA/CRV,NEGRO,2,,33,FEMENINO,SIN DATOS,0,0,Morelia,Jardines del Rincon,octubre,miércoles,8,-101.149283382681,19.68870732649
46895,46901,2023,,2023/10/04,"08:55:00",COLISIÓN POR CORTE DE CIRCULACIÓN,ASFALTO,Bueno,Bueno,2,DODGE,BLANCO Y AZUL,2,,49,MASCULINO,SIN DATOS,0,0,Morelia,La Quemada,octubre,miércoles,9,-101.240059827697,19.7032952648833
46896,46902,2023,LEG50137,2023/10/04,10:00:00,COLISIÓN POR CORTE DE CIRCULACIÓN,ASFALTO,Bueno,Bueno,2,VOLKSWAGEN,NEGRO,2,,31,,ALIENTO ETÍLICO,0,0,Morelia,Lomas del Bosque,octubre,miércoles,10,-101.104429811239,19.7244358348845
46897,46903,2023,,2023/10/04,11:30:00,COLISIÓN POR INVASIÓN DE CARRIL,ASFALTO,Bueno,Bueno,2,CHEVROLET,GUINDA,0,MINISTERIO PÚBLICO,,,,0,0,Lázaro Cárdenas,1Er Sect de Fidelac,octubre,miércoles,12,-102.198826409876,17.9625507966785
46898,46904,2023,,2023/10/04,12:20:00,COLISIÓN CONTRA OBJETO FIJO,ASFALTO,Bueno,Bueno,1,CHEVROLET/S10,AZUL,1,,18,MASCULINO,SIN DATOS,0,0,Morelia,Nueva Chapultepec,octubre,miércoles,12,-101.169222258031,19.6894441064577
46899,46905,2023,,2023/10/04,15:00:00,COLISIÓN POR ALCANCE,CONCRETO,Bueno,Bueno,2,RENAULT/FLUENCE,PLATA,2,,61,MASCULINO,SIN DATOS,0,0,Morelia,Centro,octubre,miércoles,15,-101.187891438603,19.6958401534189
46900,46906,2023,,2023/10/04,23:10:00,COLISIÓN POR ALCANCE,ASFALTO,Nublado,Bueno,3,VOLKSWAGEN,GRIS,3,,35,MASCULINO,SIN DATOS,0,0,Morelia,Granjas del Maestro,octubre,miércoles,23,-101.188729964197,19.7137491137455
46901,46907,2023,,2023/10/05,"00:00:00",COLISIÓN CONTRA OBJETO FIJO,CONCRETO,Bueno,Bueno,2,CHEVROLET,BLANCO  Y VERDE,2,,21,MASCULINO,SIN DATOS,0,0,Morelia,Villa Universidad,octubre,jueves,0,-101.202936954796,19.6909946867624
46902,46908,2023,,2023/10/05,"00:00:00",COLISIÓN POR ALCANCE,ASFALTO,Bueno,Bueno,3,S/D,S/D,3,,0,,SIN DATOS,0,0,Morelia,Felix Arreguin,octubre,jueves,0,-101.228110156953,19.719296450728
46904,46910,2023,,2023/10/05,"08:00:00",COLISIÓN POR ALCANCE,ASFALTO,Bueno,Bueno,3,TOYOTA,CHAMPAÑA,3,,22,FEMENINO,SIN DATOS,0,0,Morelia,Sentimientos de La Nacion,octubre,jueves,8,-101.233293861151,19.6782350982597
46905,46911,2023,LEG50147,2023/10/05,"09:02:00",SUBIDA AL CAMELLÓN,ASFALTO,Bueno,Bueno,1,MITSUBISHI,ROJO,1,,26,MASCULINO,SIN DATOS,0,0,Morelia,Diego Rivera,octubre,jueves,9,-101.174114271998,19.7167569961595
46906,46912,2023,,2023/10/05,14:40:00,COLISIÓN POR ALCANCE,ASFALTO,Bueno,Bueno,2,NISSAN,BLANCO,1,,50,MASCULINO,SIN DATOS,0,0,Morelia,Felix Arreguin,octubre,jueves,15,-101.228184252977,19.7193466334282
46907,46913,2023,,2023/10/05,14:40:00,COLISIÓN POR ALCANCE,ASFALTO,Bueno,Bueno,2,CHEVROLET,PLATA,2,,42,MASCULINO,SIN DATOS,0,0,Morelia,Nicolaitas Ilustres,octubre,jueves,15,-101.22834853828,19.7194624638774
46908,46914,2023,,2023/10/05,14:40:00,COLISIÓN POR ALCANCE,ASFALTO,Bueno,Bueno,2,CHEVROLET,SILVER TOUCH,2,,36,MASCULINO,SIN DATOS,0,0,Morelia,Felix Arreguin,octubre,jueves,15,-101.226546764374,19.7214684950718
46909,46915,2023,LEG50149,2023/10/05,14:40:00,COLISIÓN POR CORTE DE CIRCULACIÓN,CONCRETO,Bueno,Regular,2,AUDI,BLANCO,2,,31,,SIN DATOS,0,0,Morelia,Centro,octubre,jueves,15,-101.187433451414,19.7046159144269
46910,46916,2023,,2023/10/05,15:00:00,VOLCADURA,ASFALTO,Bueno,Regular,1,VOLKSWAGEN,BLANCO,1,MINISTERIO PÚBLICO,,,,1,0,Hidalgo,Centro,octubre,jueves,15,-100.555040985346,19.6884513104905
46911,46917,2023,,2023/10/05,15:00:00,VOLCADURA,ASFALTO,Bueno,Regular,1,FORD,ROJO,5,MINISTERIO PÚBLICO,64,MASCULINO,SIN DATOS,4,0,Hidalgo,Centro,octubre,jueves,15,-100.556631535292,19.6886511328763
46912,46918,2023,,2023/10/05,16:00:00,COLISIÓN POR CORTE DE CIRCULACIÓN,ASFALTO,Bueno,Bueno,2,HONDA,AZUL,2,,,MASCULINO,SIN DATOS,0,0,Morelia,Felix Ireta,octubre,jueves,16,-101.189198344946,19.682069805698
46913,46919,2023,LEG50148,2023/10/05,21:10:00,COLISIÓN POR ALCANCE,ASFALTO,Bueno,Bueno,2,NISSAN,BLANCO/OSA,2,,28,,SIN DATOS,0,0,Morelia,Villa Universidad,octubre,jueves,21,-101.20367590338,19.6909861636625
46914,46920,2023,,2023/10/06,"08:20:00",COLISIÓN POR CORTE DE CIRCULACIÓN,ASFALTO,Bueno,Bueno,2,FORD,BLANCO,2,,36,MASCULINO,SIN DATOS,0,0,Morelia,Isaac Arriaga,octubre,viernes,8,-101.166313402355,19.7101383176301
46915,46921,2023,,2023/10/06,"08:35:00",COLISIÓN CON PEATÓN,SIN_DATOS,Bueno,Bueno,2,CHEVROLET,NEGRO,2,MINISTERIO PÚBLICO,54,MASCULINO,SIN DATOS,0,0,Morelia,5 de Mayo,octubre,viernes,9,-101.176304966211,19.7041433954222
46916,46922,2023,,2023/10/06,13:00:00,COLISIÓN CONTRA OBJETO FIJO,CONCRETO,Bueno,Bueno,2,KENWORTH,BLANCO,1,,,MASCULINO,SIN DATOS,0,0,Morelia,Centro,octubre,viernes,13,-101.190896853805,19.7069406118512
46917,46923,2023,MOR230667083,2023/10/06,15:55:00,COLISIÓN POR CORTE DE CIRCULACIÓN,ASFALTO,Bueno,Bueno,2,NISSAN,BLANCO/CAFE,2,,50,MASCULINO,SIN DATOS,0,0,Morelia,Cuauhtemoc,octubre,viernes,16,-101.182526685297,19.6982890311904
46918,46924,2023,LEG50156,2023/10/06,18:25:00,COLISIÓN POR CORTE DE CIRCULACIÓN,ASFALTO,Bueno,Bueno,2,CHEVROLET,Verde,2,,30,MASCULINO,CON CERTIFICADO,0,0,Morelia,Ocolusen Iii,octubre,viernes,18,-101.152731366456,19.6856967035018
46919,46925,2023,,2023/10/06,18:40:00,COLISIÓN POR ALCANCE,CONCRETO,Bueno,Bueno,2,JEEP,NEGRO,2,,28,FEMENINO,SIN DATOS,0,0,Morelia,Nueva Chapultepec,octubre,viernes,19,-101.163788102567,19.6882697970487
46920,46926,2023,,2023/10/06,19:05:00,COLISIÓN POR ALCANCE,ASFALTO,Bueno,Bueno,2,VOLKSWAGEN,BEIGE,2,,29,MASCULINO,SIN DATOS,0,0,Morelia,Libertad,octubre,viernes,19,-101.237800978124,19.6866541605128
46921,46927,2023,,2023/10/06,21:00:00,COLISIÓN POR CORTE DE CIRCULACIÓN,ASFALTO,Bueno,Bueno,2,CHEVROLET,NEGRO,2,,36,MASCULINO,SIN DATOS,0,0,Morelia,Adolfo Lopez Mateos,octubre,viernes,21,-101.225530542433,19.6948723344722
46922,46928,2023,,2023/10/07,"06:00:00",COLISIÓN POR ALCANCE,ASFALTO,Bueno,Bueno,2,CHEVROLET,ROJO,2,,20,MASCULINO,SIN DATOS,0,0,Morelia,Los Manantiales de Morelia,octubre,sábado,6,-101.240274310112,19.6927368619864
46923,46929,2023,,2023/10/07,"07:10:00",SUBIDA AL CAMELLÓN,ASFALTO,Bueno,Bueno,1,VOLKSWAGEN,BLANCO,1,,,MASCULINO,SIN DATOS,0,0,Morelia,Ciudad Industrial,octubre,sábado,7,-101.142930239439,19.7252677658322
46924,46930,2023,,2023/10/07,10:15:00,CAIDA DE MOTOCICLETA,ASFALTO,Bueno,Bueno,1,VENTO,BLANCO,1,,27,MASCULINO,SIN DATOS,0,0,Morelia,Sin datos,octubre,sábado,10,-101.176261715591,19.657726205943
46925,46931,2023,LEG50168,2023/10/07,11:31:00,COLISIÓN POR CORTE DE CIRCULACIÓN,ASFALTO,Bueno,Bueno,2,FORD,AZUL,2,,22,MASCULINO,SIN DATOS,0,0,Morelia,Ferrocarrilero,octubre,sábado,12,-101.223833039403,19.6916010883708
46926,46932,2023,,2023/10/07,14:55:00,COLISIÓN POR CORTE DE CIRCULACIÓN,ASFALTO,Bueno,Bueno,2,FORD,BLANCO/ROJO,2,,28,MASCULINO,SIN DATOS,0,0,Morelia,Campestre Los Manantiales,octubre,sábado,15,-101.238360889256,19.6882473840704
46927,46933,2023,LEG50158,2023/10/07,16:30:00,COLISIÓN POR INVASIÓN DE CARRIL,ASFALTO,Bueno,Bueno,2,NISSAN,BLANCO,2,,,MASCULINO,SIN DATOS,0,0,Charo,San Pedro Y San Pablo,octubre,sábado,17,-101.046891398728,19.7521337129537
46928,46934,2023,,2023/10/07,16:40:00,COLISIÓN POR ALCANCE,CONCRETO,Bueno,Bueno,2,ITALIKA,BLANCO,2,MINISTERIO PÚBLICO,20,MASCULINO,SIN DATOS,0,0,Morelia,Ejido La Huerta,octubre,sábado,17,-101.211732588708,19.6682875397448
46929,46935,2023,,2023/10/07,20:25:00,SALIDA DE SUPERFICIE DE RODAMIENTO,ASFALTO,Bueno,Bueno,1,SEAT,PLATA,1,,42,MASCULINO,SIN DATOS,0,0,Morelia,Ampliacion La Soledad,octubre,sábado,20,-101.183201931417,19.7365533206616
46930,46936,2023,LEG50167,2023/10/08,"00:23:00",SALIDA DE SUPERFICIE DE RODAMIENTO,ASFALTO,Nublado,Bueno,1,KIA,PLATA,1,,58,MASCULINO,SIN DATOS,0,0,Morelia,Bosques Tres Marias,octubre,domingo,0,-101.105249226093,19.7292626151828
46931,46937,2023,LEG50166,2023/10/08,"01:44:00",COLISIÓN CONTRA OBJETO FIJO,ASFALTO,Nublado,Bueno,1,VOLKSWAGEN,GRIS,0,,,,,0,0,Morelia,Enrique Arreguin Robles,octubre,domingo,2,-101.188170388341,19.7214060042345
46932,46938,2023,,2023/10/08,10:40:00,COLISIÓN POR CORTE DE CIRCULACIÓN,ASFALTO,Bueno,Bueno,2,ITALIKA,AZUL Y BLANCO,3,MINISTERIO PÚBLICO,0,MASCULINO,SIN DATOS,1,0,Morelia,Centro,octubre,domingo,11,-101.182700693607,19.7061126888618
46933,46939,2023,LEG50172,2023/10/08,16:30:00,COLISIÓN POR CORTE DE CIRCULACIÓN,ASFALTO,Bueno,Bueno,2,AUDI,ROJO,2,,77,MASCULINO,ALIENTO ETÍLICO,0,0,Morelia,Tzindurio de Morelos,octubre,domingo,17,-101.250168308616,19.6984989422746
46934,46940,2023,,2023/10/08,17:40:00,COLISIÓN POR MANIOBRA DE REVERSA,CONCRETO,Bueno,Bueno,2,KENWORTH,BLANCO,1,,0,,SIN DATOS,0,0,Morelia,Industrial,octubre,domingo,18,-101.192192360759,19.7118307306459
46935,46941,2023,,2023/10/08,19:30:00,COLISIÓN CONTRA OBJETO FIJO,CONCRETO,Bueno,Regular,1,FORD,AZUL,1,,36,MASCULINO,SIN DATOS,0,0,Morelia,Solidaridad,octubre,domingo,20,-101.203474402428,19.7367379351062
46936,46942,2023,,2023/10/09,"09:00:00",SALIDA DE SUPERFICIE DE RODAMIENTO,ASFALTO,Bueno,Bueno,1,NISSAN,NEGRO,1,,,,SIN DATOS,0,0,Morelia,San Jose del Cerrito,octubre,lunes,9,-101.224455054401,19.6560348654665
46937,46943,2023,LEG50178,2023/10/09,"09:20:00",COLISIÓN POR CORTE DE CIRCULACIÓN,ASFALTO,Bueno,Bueno,2,ITALIKA,GRAFITO,2,,33,MASCULINO,SIN DATOS,0,0,Morelia,Isaac Arriaga,octubre,lunes,9,-101.171595677733,19.7076226771628
46938,46944,2023,,2023/10/09,"09:40:00",COLISIÓN POR ALCANCE,ASFALTO,Bueno,Bueno,2,ITALIKA,BLANCO,2,,50,MASCULINO,SIN DATOS,0,0,Morelia,Gertrudis Bocanegra,octubre,lunes,10,-101.212955340743,19.7032030879202
46939,46945,2023,,2023/10/09,11:45:00,COLISIÓN POR INVASIÓN DE CARRIL,ASFALTO,Bueno,Bueno,2,NISSAN,BLANCO,2,,19,MASCULINO,SIN DATOS,0,0,Morelia,Country Club  Las Huertas,octubre,lunes,12,-101.228277795017,19.6582613774005
46940,46946,2023,MOR 230672717,2023/10/09,13:20:00,COLISIÓN POR CAMBIO DE CARRIL,ASFALTO,Nublado,Bueno,2,ITALIKA,GRIS,2,,20,MASCULINO,SIN DATOS,0,0,Morelia,3 de Agosto,octubre,lunes,13,-101.17182970047,19.7308522584533
46941,46947,2023,LEG50186,2023/10/09,13:40:00,COLISIÓN POR CORTE DE CIRCULACIÓN,ASFALTO,Bueno,Bueno,2,NISSAN,ROJO,2,,54,FEMENINO,SIN DATOS,0,0,Morelia,Poblado de Ocolusen,octubre,lunes,14,-101.149531826377,19.6946870403534
46942,46948,2023,,2023/10/09,13:40:00,COLISIÓN CON PEATÓN,SIN_DATOS,Lluvioso,Malo,2,TOYOTA,GUINDA,2,MINISTERIO PÚBLICO,78,MASCULINO,SIN DATOS,0,0,Pátzcuaro,Centro,octubre,lunes,14,-101.612820737064,19.5112768063192
46943,46949,2023,,2023/10/09,17:10:00,COLISIÓN POR CORTE DE CIRCULACIÓN,ASFALTO,Bueno,Bueno,2,AUDI,BLANCO,2,MINISTERIO PÚBLICO,41,MASCULINO,SIN DATOS,0,0,Morelia,Villas de La Esperanza,octubre,lunes,17,-101.274012476206,19.6932510825769
46944,46950,2023,,2023/10/09,17:40:00,COLISIÓN CONTRA OBJETO FIJO,ASFALTO,Nublado,Bueno,1,VOLKSWAGEN,NEGRO,1,,30,MASCULINO,SIN DATOS,0,0,Morelia,La Aldea,octubre,lunes,18,-101.133704781532,19.742182923886
46945,46951,2023,,2023/10/09,18:05:00,COLISIÓN POR CAMBIO DE CARRIL,ASFALTO,Bueno,Bueno,2,CHEVROLET,BLANCO,2,,17,FEMENINO,SIN DATOS,0,0,Morelia,Elias Perez Avalos,octubre,lunes,18,-101.165587864816,19.7104504779612
46946,46952,2023,,2023/10/09,18:40:00,COLISIÓN POR ALCANCE,SIN_DATOS,Bueno,Bueno,2,FORD,GRIS,2,,30,MASCULINO,SIN DATOS,0,0,Morelia,Jardines de Guadalupe,octubre,lunes,19,-101.22201886028,19.7114687034816
46947,46953,2023,LEG50187,2023/10/09,18:40:00,COLISIÓN POR CORTE DE CIRCULACIÓN,CONCRETO,Nublado,Regular,2,NISSAN,TURQUESA,2,,28,FEMENINO,SIN DATOS,0,0,Morelia,Del Empleado,octubre,lunes,19,-101.178165078163,19.6896726538468
46948,46954,2023,,2023/10/09,19:05:00,COLISIÓN CON PEATÓN,CONCRETO,Lluvioso,Bueno,1,ITALIKA,AMARILLO Y NEGRO,2,MINISTERIO PÚBLICO,23,MASCULINO,SIN DATOS,1,0,Morelia,Centro,octubre,lunes,19,-101.200165897608,19.7030465272892
46949,46955,2023,,2023/10/09,21:00:00,COLISIÓN POR CORTE DE CIRCULACIÓN,ASFALTO,Lluvioso,Bueno,2,NISSAN,ROJO,2,MINISTERIO PÚBLICO,42,MASCULINO,SIN DATOS,0,0,Morelia,Fidel Velazquez,octubre,lunes,21,-101.234691627324,19.7024565827289
46950,46956,2023,LEG50185,2023/10/09,22:00:00,COLISIÓN CONTRA OBJETO FIJO,ASFALTO,Lluvioso,Malo,1,CHEVROLET,PLATA,1,,,FEMENINO,SIN DATOS,0,0,Morelia,Alberto Oviedo Mota,octubre,lunes,22,-101.202135644853,19.6772084531788