fid,id_accidente,anio_origen,folio_c5i,dia_incidente,hora_ocurrencia,tipo_incidente_vial,superficie_ocurrencia,condiciones_climaticas,condiciones_via,numero_vehiculos_involucrados,marca_vehiculo_ocasiona_siniestro,color_vehiculo_ocasiona_siniestro,numero_personas_involucradas,lugar_remite_presunto_responsable,edad_presunto_responsable,sexo_presunto_responsable,resultados_toxicologia,numero_personas_lesionadas,numero_personas_fallecidas,municipio,colonia,mes,dia_semana,hora_redondeada,lon,lat
46951,46957,2023,,2023/10/09,22:25:00,COLISIÓN CONTRA OBJETO FIJO,ASFALTO,Lluvioso,Bueno,1,HONDA,GRIS,1,,27,MASCULINO,SIN DATOS,0,0,Morelia,Alberto Oviedo Mota,octubre,lunes,22,-101.199498698115,19.6810507617508
46953,46959,2023,,2023/10/10,"09:00:00",COLISIÓN POR ALCANCE,ASFALTO,Bueno,Bueno,2,CHEVROLET,GUINDA,2,,30,MASCULINO,SIN DATOS,0,0,Morelia,Vista Bella,octubre,martes,9,-101.19585628,19.6765023749992
46954,46960,2023,LEG50193,2023/10/10,10:00:00,COLISIÓN POR CAMBIO DE CARRIL,ASFALTO,Bueno,Bueno,2,DINA,BLANCO Y AZUL,2,,57,MASCULINO,SIN DATOS,0,0,Morelia,Dr Miguel Silva,octubre,martes,10,-101.188262254,19.7212153754688
46955,46961,2023,,2023/10/10,12:30:00,COLISIÓN POR CORTE DE CIRCULACIÓN,CONCRETO,Bueno,Bueno,2,NISSAN,GRIS,2,,,FEMENINO,SIN DATOS,0,0,Morelia,Las Cruces,octubre,martes,13,-101.266517795,19.6973471099991
46956,46962,2023,,2023/10/10,13:00:00,COLISIÓN POR MANIOBRA DE REVERSA,CONCRETO,Bueno,Bueno,2,FORD,BLANCO Y AZUL,2,,,,SIN DATOS,0,0,Morelia,Gral Gertrudis Sanchez,octubre,martes,13,-101.2094753,19.7439916449991
46957,46963,2023,MOR230674752,2023/10/10,13:20:00,COLISIÓN POR CORTE DE CIRCULACIÓN,SIN_DATOS,Bueno,Bueno,2,HONDA,BLANCO,2,,,MASCULINO,SIN DATOS,0,0,Morelia,Centro,octubre,martes,13,-101.19436763227,19.7010137503503
46958,46964,2023,,2023/10/10,13:40:00,COLISIÓN POR ALCANCE,ASFALTO,Bueno,Bueno,3,DODGE,GRIS,3,,48,FEMENINO,SIN DATOS,0,0,Morelia,Cinco de Diciembre,octubre,martes,14,-101.16407442838,19.6856433534373
46959,46965,2023,,2023/10/10,16:00:00,COLISIÓN CONTRA OBJETO FIJO,ASFALTO,Bueno,Bueno,2,VOLKSWAGEN,ROJO,0,MINISTERIO PÚBLICO,,,,0,0,Pátzcuaro,El Calvario,octubre,martes,16,-101.618554294109,19.5136223131613
46960,46966,2023,,2023/10/10,18:40:00,COLISIÓN POR ALCANCE,ASFALTO,Nublado,Bueno,2,NISSAN/VERSA,ROJO,2,MINISTERIO PÚBLICO,44,MASCULINO,SIN DATOS,0,0,Morelia,Primo Tapia Oriente,octubre,martes,19,-101.160919815302,19.7123300553464
46961,46967,2023,,2023/10/10,19:00:00,COLISIÓN POR INVASIÓN DE CARRIL,ASFALTO,Bueno,Bueno,2,NISSAN,ROJO,2,MINISTERIO PÚBLICO,23,MASCULINO,SIN DATOS,0,0,Morelia,Valle de Las Flores,octubre,martes,19,-101.128135509789,19.6870613857952
46962,46968,2023,,2023/10/10,21:40:00,COLISIÓN POR CORTE DE CIRCULACIÓN,ASFALTO,Nublado,Bueno,2,VOLKSWAGEN /JETTA,BLANCO,2,,51,FEMENINO,SIN DATOS,0,0,Morelia,Buenavista,octubre,martes,22,-101.165900342166,19.7051812309214
46963,46969,2023,,2023/10/10,22:27:00,COLISIÓN CONTRA OBJETO FIJO,ASFALTO,Bueno,Bueno,1,VOLKSWAGEN,BLANCO,1,,,,SIN DATOS,0,0,Morelia,Hospitales de Don Vasco,octubre,martes,22,-101.15548633039,19.7010579414279
46964,46970,2023,,2023/10/11,"07:25:00",COLISIÓN POR INVASIÓN DE CARRIL,ASFALTO,Lluvioso,Bueno,3,CHEVROLET,BLANCO,3,,59,MASCULINO,SIN DATOS,0,0,Morelia,Camelinas,octubre,miércoles,7,-101.174224577844,19.6818254630376
46965,46971,2023,LEG50206,2023/10/11,"08:00:00",COLISIÓN POR CORTE DE CIRCULACIÓN,ASFALTO,Lluvioso,Regular,2,DODGE,BLANCO,2,,26,MASCULINO,SIN DATOS,0,0,Morelia,Mariano Escobedo,octubre,miércoles,8,-101.208861619234,19.7196953869788
46966,46972,2023,,2023/10/11,"08:30:00",SALIDA DE SUPERFICIE DE RODAMIENTO,ASFALTO,Bueno,Bueno,1,HONDA,GRIS,1,,60,MASCULINO,SIN DATOS,0,0,Morelia,Sin datos,octubre,miércoles,9,-101.119680851698,19.7041856917694
46967,46973,2023,LEG50207,2023/10/11,"08:32:00",COLISIÓN POR CORTE DE CIRCULACIÓN,ASFALTO,Lluvioso,Regular,2,CHRYSLER,ARENA,3,,,,SIN DATOS,2,0,Morelia,El Eden,octubre,miércoles,9,-101.248198896646,19.6480201907632
46968,46974,2023,LEG50208,2023/10/11,"09:10:00",COLISIÓN POR CORTE DE CIRCULACIÓN,ASFALTO,Lluvioso,Regular,1,NISSAN,GRIS,1,,32,MASCULINO,SIN DATOS,0,0,Morelia,El Lago 1,octubre,miércoles,9,-101.219332292676,19.7276016309372
46969,46975,2023,LEG50209,2023/10/11,"09:30:00",COLISIÓN CONTRA OBJETO FIJO,ASFALTO,Lluvioso,Regular,1,FORD,ROJO,1,,39,MASCULINO,ALIENTO ETÍLICO,0,0,Morelia,El Lago 3,octubre,miércoles,10,-101.22177913785,19.7272803517331
46970,46976,2023,,2023/10/11,"09:40:00",COLISIÓN CONTRA OBJETO FIJO,ASFALTO,Bueno,Bueno,1,CHEVROLET,BLANCO,1,,55,MASCULINO,SIN DATOS,0,0,Morelia,Defensores De Puebla,octubre,miércoles,10,-101.23550735414,19.7167020783519
46971,46977,2023,LEG50210,2023/10/11,10:23:00,COLISIÓN POR CAMBIO DE CARRIL,ASFALTO,Lluvioso,Regular,2,MERCEDES BENZ,BLANCO Y VERDE,2,,35,MASCULINO,SIN DATOS,0,0,Morelia,Ferrocarrilero,octubre,miércoles,10,-101.217474192381,19.6975652304083
46972,46978,2023,,2023/10/11,11:20:00,COLISIÓN POR CORTE DE CIRCULACIÓN,ASFALTO,Bueno,Bueno,2,CHEVROLET,BLANCO,2,,31,FEMENINO,SIN DATOS,0,0,Morelia,Emiliano Zapata,octubre,miércoles,11,-101.2283173576,19.658170445739
46973,46979,2023,,2023/10/11,13:42:00,COLISIÓN POR ALCANCE,ASFALTO,Bueno,Bueno,2,SEAT,BLANCO,2,,26,MASCULINO,SIN DATOS,0,0,Morelia,Los Angeles,octubre,miércoles,14,-101.175633408129,19.7432333874657
46974,46980,2023,,2023/10/11,14:20:00,COLISIÓN CONTRA OBJETO FIJO,ASFALTO,Nublado,Regular,3,ITALIKA,ROJO Y BLANCO,3,MINISTERIO PÚBLICO,21,MASCULINO,SIN DATOS,0,0,Morelia,Eduardo Ruiz,octubre,miércoles,14,-101.219685673714,19.7204377087448
46975,46981,2023,LEG50211,2023/10/11,16:30:00,COLISIÓN POR CORTE DE CIRCULACIÓN,CONCRETO,Nublado,Bueno,1,CHEVROLET,AZUL,2,MINISTERIO PÚBLICO,57,FEMENINO,SIN DATOS,0,0,Morelia,Lomas de Santa Maria,octubre,miércoles,17,-101.187399253249,19.673361948295
46977,46983,2023,LEG50212,2023/10/11,23:30:00,COLISIÓN POR CORTE DE CIRCULACIÓN,ASFALTO,Bueno,Regular,2,CHEVROLET,GRIS,2,,52,MASCULINO,SIN DATOS,0,0,Morelia,Sin datos,octubre,miércoles,0,-101.164521686733,19.658507018923
46978,46984,2023,,2023/10/12,"03:15:00",COLISIÓN POR CAMBIO DE CARRIL,ASFALTO,Bueno,Bueno,2,CHEVROLET,GRIS,2,MINISTERIO PÚBLICO,21,MASCULINO,CON CERTIFICADO,0,0,Morelia,Eduardo Ruiz,octubre,jueves,3,-101.223395839334,19.7229187174878
46979,46985,2023,,2023/10/12,"07:00:00",COLISIÓN POR CAMBIO DE CARRIL,ASFALTO,Bueno,Bueno,2,KENWORTH,BLANCO,2,,30,MASCULINO,SIN DATOS,0,0,Morelia,La Soledad,octubre,jueves,7,-101.183254876896,19.7290851014279
46980,46986,2023,,2023/10/12,"08:03:00",COLISIÓN POR CORTE DE CIRCULACIÓN,ASFALTO,Bueno,Bueno,2,NISSAN,ARENA,2,MINISTERIO PÚBLICO,33,FEMENINO,SIN DATOS,0,0,Morelia,Villa Universidad,octubre,jueves,8,-101.199214719236,19.6869550022361
46981,46987,2023,,2023/10/12,10:00:00,COLISIÓN POR CORTE DE CIRCULACIÓN,ASFALTO,Bueno,Bueno,1,KENWORTH,BLANCO Y ROJO,1,,38,MASCULINO,SIN DATOS,0,0,Morelia,Poblado de Ocolusen,octubre,jueves,10,-101.149535179138,19.6946873560165
46982,46988,2023,,2023/10/12,13:50:00,COLISIÓN POR ALCANCE,ASFALTO,Bueno,Bueno,3,DODGE/DURANGO,BLANCO,3,,52,MASCULINO,SIN DATOS,0,0,Morelia,Felix Ireta,octubre,jueves,14,-101.190713122487,19.6907465696691
46983,46989,2023,,2023/10/12,18:00:00,COLISIÓN POR INVASIÓN DE CARRIL,ASFALTO,Bueno,Bueno,2,CHEVROLET,ROJO,2,,,,SIN DATOS,0,0,Morelia,Zimpanio Norte,octubre,jueves,18,-101.218070983887,19.6565287637863
46984,46990,2023,,2023/10/12,18:00:00,COLISIÓN POR ALCANCE,ASFALTO,Bueno,Bueno,2,FORD,PLATINO,2,MINISTERIO PÚBLICO,37,MASCULINO,SIN DATOS,1,0,Hidalgo,Sin datos,octubre,jueves,18,-100.575494170189,19.6583557820919
46985,46991,2023,LEG50222,2023/10/13,"03:00:00",COLISIÓN CONTRA OBJETO FIJO,ASFALTO,Bueno,Bueno,1,VOLKSWAGEN,BLANCO,1,,64,MASCULINO,SIN DATOS,0,0,Morelia,Montaña Monarca,octubre,viernes,3,-101.160245575011,19.6711841996559
46986,46992,2023,,2023/10/13,"07:00:00",COLISIÓN POR CORTE DE CIRCULACIÓN,CONCRETO,Bueno,Bueno,2,VOLKSWAGEN,AZUL,2,,46,FEMENINO,SIN DATOS,0,0,Morelia,Centro,octubre,viernes,7,-101.188661903143,19.710759165738
46987,46993,2023,LEG50227,2023/10/13,"07:30:00",COLISIÓN POR ALCANCE,ASFALTO,Bueno,Bueno,2,NISSAN,ROJO,2,,34,FEMENINO,SIN DATOS,0,0,Morelia,Felix Ireta,octubre,viernes,8,-101.192052215338,19.6823880188364
46988,46994,2023,LEG50220,2023/10/13,"09:00:00",COLISIÓN POR INVASIÓN DE CARRIL,ASFALTO,Bueno,Bueno,2,NISSAN,GRIS,2,,,MASCULINO,SIN DATOS,0,0,Morelia,Francisco J Mujica,octubre,viernes,9,-101.19116909802,19.7229584840107
46989,46995,2023,,2023/10/13,12:00:00,COLISIÓN POR ALCANCE,ASFALTO,Bueno,Bueno,2,ITALIKA,BLANCO/VERDE,2,,25,MASCULINO,SIN DATOS,0,0,Morelia,Vasco de Quiroga,octubre,viernes,12,-101.178119815886,19.6991337243441
46990,46996,2023,,2023/10/13,13:05:00,COLISIÓN CONTRA OBJETO FIJO,ASFALTO,Bueno,Bueno,1,MAZDA,GRIS,1,MINISTERIO PÚBLICO,22,FEMENINO,SIN DATOS,0,0,Morelia,Felicitas del Rio,octubre,viernes,13,-101.195386201143,19.6919918863162
46991,46997,2023,MOR230678906,2023/10/13,14:00:00,COLISIÓN POR CAMBIO DE CARRIL,ASFALTO,Bueno,Bueno,2,VOLKSWAGEN,NEGRO,2,,,FEMENINO,SIN DATOS,0,0,Morelia,Nicolas Bravo(Los Ejidos),octubre,viernes,14,-101.21679123491,19.703926547556
46992,46998,2023,,2023/10/13,14:00:00,COLISIÓN POR ALCANCE,ASFALTO,Bueno,Bueno,3,Volkswage,CAFE,3,,48,MASCULINO,SIN DATOS,0,0,Morelia,Lomas de Guayangareo,octubre,viernes,14,-101.160211712122,19.7045256403628
46993,46999,2023,,2023/10/13,16:20:00,COLISIÓN POR CORTE DE CIRCULACIÓN,ASFALTO,Bueno,Bueno,2,BAJAJ,ROJO/NEGRO,2,,29,MASCULINO,SIN DATOS,0,0,Morelia,Ventura Puente,octubre,viernes,16,-101.190633326769,19.6935749554713
46994,47000,2023,,2023/10/13,17:05:00,COLISIÓN POR ALCANCE,ASFALTO,Bueno,Bueno,3,FREIGHTLINER,BLANCO,3,,31,MASCULINO,SIN DATOS,0,0,Morelia,Jardines del Rincon,octubre,viernes,17,-101.153421364725,19.6873420233909
46995,47001,2023,LEG50231,2023/10/13,17:28:00,COLISIÓN POR ALCANCE,ASFALTO,Bueno,Bueno,2,FREIGHTLINER,BLANCO,2,,67,MASCULINO,SIN DATOS,0,0,Morelia,Central de Abastos,octubre,viernes,17,-101.171609088778,19.7160803064553
46996,47002,2023,LEG50232,2023/10/13,17:30:00,COLISIÓN POR CORTE DE CIRCULACIÓN,ASFALTO,Bueno,Bueno,2,SUZUKI,BLANCO,2,,53,FEMENINO,SIN DATOS,0,0,Morelia,Felix Ireta,octubre,viernes,18,-101.181461513042,19.6815056703362
46997,47003,2023,LEG50233,2023/10/13,19:00:00,COLISIÓN POR CORTE DE CIRCULACIÓN,ASFALTO,Bueno,Bueno,2,NISSAN,BLANCO/VERDE,2,,23,MASCULINO,SIN DATOS,0,0,Morelia,Las Americas,octubre,viernes,19,-101.15906406194,19.6879746399693
46998,47004,2023,,2023/10/13,20:20:00,COLISIÓN POR CORTE DE CIRCULACIÓN,ASFALTO,Bueno,Bueno,2,NISSAN,BLANCO,2,,51,MASCULINO,SIN DATOS,0,0,Morelia,Los Pinos de Michoacan,octubre,viernes,20,-101.21632553637,19.6830970509963
46999,47005,2023,LEG50234,2023/10/13,21:43:00,COLISIÓN POR CORTE DE CIRCULACIÓN,ASFALTO,Bueno,Bueno,2,CHEVROLET,ROJO,2,,43,FEMENINO,SIN DATOS,0,0,Morelia,Industrial,octubre,viernes,22,-101.197894401848,19.7069027351782
47000,47006,2023,,2023/10/13,22:30:00,COLISIÓN POR ALCANCE,ASFALTO,Bueno,Bueno,2,HONDA,PLATA,0,MINISTERIO PÚBLICO,,,,0,0,Lázaro Cárdenas,Segundo Sector de Fidelac,octubre,viernes,23,-102.20459651202,17.9614475998541
47001,47007,2023,LEG50235,2023/10/14,"00:30:00",COLISIÓN POR CAMBIO DE CARRIL,ASFALTO,Bueno,Bueno,2,RENAULT,GRIS,2,,41,MASCULINO,SIN DATOS,0,0,Morelia,Camelinas,octubre,sábado,1,-101.174227595329,19.6818248316607
47002,47008,2023,,2023/10/14,"09:30:00",COLISIÓN CONTRA OBJETO FIJO,ASFALTO,Bueno,Bueno,1,PEUGEOT,BLANCO,1,,,MASCULINO,SIN DATOS,0,0,Morelia,Tres Puentes,octubre,sábado,10,-101.213716417551,19.7026551250415
47003,47009,2023,,2023/10/14,10:00:00,COLISIÓN POR CORTE DE CIRCULACIÓN,ASFALTO,Bueno,Bueno,2,YAMAHA,ROJO,2,MINISTERIO PÚBLICO,19,MASCULINO,SIN DATOS,0,0,Morelia,Villas del Pedregal,octubre,sábado,10,-101.303269006312,19.6772368659541
47004,47010,2023,MOR2235678,2023/10/14,12:28:00,COLISIÓN POR CORTE DE CIRCULACIÓN,ASFALTO,Bueno,Bueno,2,NISSAN,GRIS,2,,,MASCULINO,SIN DATOS,0,0,Morelia,Real Punhuato,octubre,sábado,12,-101.14737264812,19.6976087911236
47005,47011,2023,,2023/10/14,13:35:00,COLISIÓN CON PEATÓN,ASFALTO,Bueno,Bueno,1,TOYOTA,PLATA,2,,29,MASCULINO,SIN DATOS,1,0,Morelia,La Charca,octubre,sábado,14,-101.200332865119,19.6592761459868
47006,47012,2023,,2023/10/14,18:12:00,COLISIÓN CONTRA OBJETO FIJO,CONCRETO,Bueno,Bueno,3,FORD,BLANCO,2,MINISTERIO PÚBLICO,24,MASCULINO,SIN DATOS,0,0,Morelia,Guadalupe,octubre,sábado,18,-101.221606805921,19.709848566646
47007,47013,2023,MOR230683857,2023/10/14,20:50:00,COLISIÓN POR CORTE DE CIRCULACIÓN,ASFALTO,Bueno,Bueno,2,CHEVROLET,GRIS,1,MINISTERIO PÚBLICO,,MASCULINO,SIN DATOS,0,0,Morelia,Lazaro Cardenas,octubre,sábado,21,-101.16426753757,19.7086920231444
47008,47014,2023,,2023/10/15,"05:06:00",COLISIÓN CONTRA OBJETO FIJO,ASFALTO,Bueno,Bueno,1,MERCEDEZ BENZ,BLANCO,2,MINISTERIO PÚBLICO,,MASCULINO,SIN DATOS,1,0,Morelia,Los Manantiales de Morelia,octubre,domingo,5,-101.242884099483,19.6991791785578
47009,47015,2023,,2023/10/15,"06:30:00",COLISIÓN CONTRA OBJETO FIJO,ASFALTO,Bueno,Bueno,1,SEAT,BLANCO,1,,27,MASCULINO,SIN DATOS,0,0,Morelia,Loma de Los Piñones,octubre,domingo,7,-101.203176677227,19.6751744010771
47010,47016,2023,,2023/10/15,"08:00:00",SALIDA DE SUPERFICIE DE RODAMIENTO,ASFALTO,Bueno,Bueno,1,FORD,CAFÉ,1,MINISTERIO PÚBLICO,,MASCULINO,SIN DATOS,0,0,Morelia,Justo Mendoza,octubre,domingo,8,-101.232242435217,19.713032011075
47011,47017,2023,MOR230684513,2023/10/15,"08:20:00",COLISIÓN POR ALCANCE,ASFALTO,Bueno,Bueno,2,NISSAN,ROJO,2,,30,MASCULINO,SIN DATOS,0,0,Morelia,Jardines del Rincon,octubre,domingo,8,-101.150340177119,19.6907680352853
47012,47018,2023,,2023/10/15,13:10:00,COLISIÓN POR NO RESPETAR SEMÁFORO,ASFALTO,Bueno,Bueno,2,VELOCI,NEGRO,2,,33,FEMENINO,SIN DATOS,0,0,Morelia,Los Manantiales de Morelia,octubre,domingo,13,-101.240274980664,19.6927390716548
47013,47019,2023,,2023/10/15,15:55:00,COLISIÓN POR ALCANCE,ASFALTO,Bueno,Bueno,3,HONDA,BLANCO,3,,26,MASCULINO,SIN DATOS,0,0,Morelia,Hermanos Lopez Rayon,octubre,domingo,16,-101.22024256736,19.6753114154862
47014,47020,2023,MOR 230685312,2023/10/15,16:20:00,COLISIÓN POR CORTE DE CIRCULACIÓN,ASFALTO,Bueno,Bueno,2,NISSAN,BLANCO,5,MINISTERIO PÚBLICO,40,MASCULINO,SIN DATOS,3,0,Morelia,El Eden,octubre,domingo,16,-101.247993372381,19.6482904768171
47015,47021,2023,,2023/10/15,20:00:00,COLISIÓN POR ALCANCE,CONCRETO,Bueno,Bueno,3,CHEVROLET,BLANCO,3,MINISTERIO PÚBLICO,,MASCULINO,SIN DATOS,0,0,Morelia,Cinco de Diciembre,octubre,domingo,20,-101.165782660246,19.6844377635141
47016,47022,2023,,2023/10/15,20:07:00,COLISIÓN POR CORTE DE CIRCULACIÓN,ADOQUIN_EMPEDRADO,Bueno,Bueno,2,NISSAN,BLANCO Y NARANJA,2,,58,MASCULINO,SIN DATOS,0,0,Morelia,Centro,octubre,domingo,20,-101.190537437797,19.7018514848446
47017,47023,2023,,2023/10/15,20:30:00,COLISIÓN CONTRA OBJETO FIJO,CONCRETO,Bueno,Bueno,2,CHEVROLET,BLANCO,2,,37,MASCULINO,SIN DATOS,0,0,Morelia,Villas del Pedregal,octubre,domingo,21,-101.307641007006,19.6805557591299
47018,47024,2023,,2023/10/15,21:00:00,COLISIÓN POR CORTE DE CIRCULACIÓN,CONCRETO,Bueno,Bueno,1,TOYOTA,BLANCO CON MORADO,2,,25,MASCULINO,SIN DATOS,1,0,Morelia,Morelos,octubre,domingo,21,-101.208259128034,19.6980169355107
47020,47026,2023,,2023/10/16,"09:20:00",COLISIÓN POR CAMBIO DE CARRIL,ASFALTO,Bueno,Bueno,2,INTERNACIONAL,BLANCO,2,,,MASCULINO,SIN DATOS,0,0,Morelia,La Soledad,octubre,lunes,9,-101.185166715661,19.7274533823308
47021,47027,2023,LEG50257,2023/10/16,11:15:00,COLISIÓN POR CORTE DE CIRCULACIÓN,ASFALTO,Bueno,Bueno,2,TOYOTA,GRIS CON BLANCO,2,,,MASCULINO,SIN DATOS,0,0,Morelia,Sentimientos de La Nacion,octubre,lunes,11,-101.233194944297,19.682432823539
47022,47028,2023,,2023/10/16,11:50:00,COLISIÓN POR ALCANCE,ASFALTO,Bueno,Bueno,4,FREIGHTLINER,ROJO,4,,49,MASCULINO,SIN DATOS,0,0,Morelia,El Lago 1,octubre,lunes,12,-101.213720440865,19.7268975299912
47023,47029,2023,,2023/10/16,19:30:00,COLISIÓN POR INVASIÓN DE CARRIL,CONCRETO,Bueno,Bueno,2,FREIGHTLINER,AZUL,2,,29,MASCULINO,SIN DATOS,0,0,Morelia,Ferrocarrilero,octubre,lunes,20,-101.223414950073,19.6919701051958
47024,47030,2023,,2023/10/17,"03:00:00",COLISIÓN POR ALCANCE,ASFALTO,Bueno,Bueno,3,NISSAN,BLANCO,3,,57,MASCULINO,SIN DATOS,0,0,Morelia,Canteras de Morelia,octubre,martes,3,-101.171487048268,19.7147392277719
47025,47031,2023,,2023/10/17,"08:00:00",COLISIÓN POR CORTE DE CIRCULACIÓN,ASFALTO,Bueno,Bueno,2,FORD,BLANCO,2,,38,MASCULINO,SIN DATOS,0,0,Morelia,Cuauhtemoc,octubre,martes,8,-101.18386477232,19.6998777198152
47026,47032,2023,,2023/10/17,"09:30:00",COLISIÓN POR CORTE DE CIRCULACIÓN,ASFALTO,Bueno,Bueno,2,NISSAN,GRIS,2,,46,,SIN DATOS,0,0,Morelia,Sin datos,octubre,martes,10,-101.164645403624,19.6589042122597
47027,47033,2023,LEG50261,2023/10/17,13:54:00,COLISIÓN CONTRA OBJETO FIJO,ASFALTO,Bueno,Bueno,1,CHEVROLET,VERDE,1,,,MASCULINO,SIN DATOS,0,0,Morelia,Colinas del Sur,octubre,martes,14,-101.198303438723,19.6647988498793
47028,47034,2023,,2023/10/17,14:10:00,COLISIÓN POR CAMBIO DE CARRIL,ASFALTO,Bueno,Bueno,2,VOLKSWAGEN,BOANCO Y ROJO,2,,51,MASCULINO,SIN DATOS,0,0,Morelia,Industrial,octubre,martes,14,-101.188291087747,19.7114185183087
47029,47035,2023,,2023/10/17,16:10:00,COLISIÓN POR CORTE DE CIRCULACIÓN,CONCRETO,Bueno,Bueno,2,FORD,PLATA,2,,52,FEMENINO,SIN DATOS,0,0,Morelia,Centro,octubre,martes,16,-101.191514097154,19.7047456438493
47030,47036,2023,,2023/10/17,18:00:00,COLISIÓN CONTRA OBJETO FIJO,CONCRETO,Bueno,Bueno,1,MERCEDES BENZ,BLANCO,1,,44,MASCULINO,SIN DATOS,0,0,Morelia,San Juanito Itzicuaro,octubre,martes,18,-101.250627972186,19.680660568486
47031,47037,2023,,2023/10/17,18:10:00,COLISIÓN POR CAMBIO DE CARRIL,ASFALTO,Bueno,Bueno,2,VOLKSWAGEN,ROJO,2,MINISTERIO PÚBLICO,40,MASCULINO,SIN DATOS,0,0,Hidalgo,Corros,octubre,martes,18,-100.555582791567,19.7071861787306
47032,47038,2023,,2023/10/17,18:35:00,COLISIÓN CONTRA OBJETO FIJO,ASFALTO,Bueno,Bueno,2,KAWASAKI,BLANCO U AZUL,2,,40,MASCULINO,SIN DATOS,0,0,Morelia,Rafael Carrillo,octubre,martes,19,-101.236715689301,19.7076779426331
47033,47039,2023,,2023/10/17,18:45:00,COLISIÓN POR CORTE DE CIRCULACIÓN,SIN_DATOS,Bueno,Bueno,2,NISSAN,BLANCO,0,MINISTERIO PÚBLICO,,,,0,0,Lázaro Cárdenas,1Er Sect de Fidelac,octubre,martes,19,-102.197961405648,17.9648950735636
47034,47040,2023,,2023/10/17,19:00:00,COLISIÓN CONTRA OBJETO FIJO,ASFALTO,Bueno,Bueno,1,NISSAN,GRIS,1,MINISTERIO PÚBLICO,52,MASCULINO,SIN DATOS,0,0,Morelia,Ignaci0 Ramirez,octubre,martes,19,-101.223173886538,19.7261968975524
47035,47041,2023,,2023/10/17,20:10:00,COLISIÓN POR ALCANCE,ASFALTO,Bueno,Bueno,2,TOYOTA,NEGRO,2,,21,FEMENINO,SIN DATOS,0,0,Morelia,Alberto Oviedo Mota,octubre,martes,20,-101.201931796968,19.6778180639511
47036,47042,2023,,2023/10/18,"00:00:00",COLISIÓN POR CORTE DE CIRCULACIÓN,ASFALTO,Bueno,Bueno,2,INTERNACIONAL,BLANCO/NARANJA,2,,25,MASCULINO,SIN DATOS,0,0,Morelia,Gertrudis Bocanegra,octubre,miércoles,0,-101.211737953126,19.7020124657258
47037,47043,2023,,2023/10/18,"07:15:00",COLISIÓN POR ALCANCE,ASFALTO,Bueno,Regular,2,FORD,PLATA,2,,34,FEMENINO,SIN DATOS,0,0,Morelia,La Huerta,octubre,miércoles,7,-101.233666630301,19.6594686158686
47038,47044,2023,MOR230690634,2023/10/18,"08:00:00",COLISIÓN POR ALCANCE,ASFALTO,Bueno,Bueno,2,NISSAN,PLATA,2,,18,FEMENINO,SIN DATOS,0,0,Morelia,Los Pinos de Michoacan,octubre,miércoles,8,-101.215230189264,19.6853485071983
47039,47045,2023,,2023/10/18,"09:15:00",COLISIÓN POR CORTE DE CIRCULACIÓN,ASFALTO,Bueno,Bueno,2,NISSAN,BLANCO,2,MINISTERIO PÚBLICO,40,FEMENINO,SIN DATOS,0,0,Morelia,Felix Ireta,octubre,miércoles,9,-101.188582604864,19.6860148664875
47040,47046,2023,,2023/10/18,"09:40:00",COLISIÓN POR CORTE DE CIRCULACIÓN,SIN_DATOS,Bueno,Bueno,2,S/D,GRIS,1,MINISTERIO PÚBLICO,33,MASCULINO,SIN DATOS,0,0,Morelia,Mariano Michelena,octubre,miércoles,10,-101.231065069927,19.6766092638455
47041,47047,2023,LEG50283,2023/10/18,17:10:00,COLISIÓN POR CORTE DE CIRCULACIÓN,ASFALTO,Bueno,Bueno,2,VOLKSWAGEN,ROJO,2,,45,MASCULINO,SIN DATOS,0,0,Morelia,Felix Ireta,octubre,miércoles,17,-101.190561242402,19.6825439682985
47042,47048,2023,,2023/10/18,19:15:00,COLISIÓN POR CAMBIO DE CARRIL,ASFALTO,Bueno,Bueno,2,VOLKSWAGEN,BLANCO,2,,56,MASCULINO,SIN DATOS,0,0,Morelia,Lazaro Cardenas,octubre,miércoles,19,-101.163235902786,19.7112726971509
47043,47049,2023,,2023/10/18,22:30:00,COLISIÓN CONTRA OBJETO FIJO,CONCRETO,Bueno,Bueno,2,NISSAN,PLATA,2,,38,MASCULINO,SIN DATOS,0,0,Morelia,El Porvenir,octubre,miércoles,23,-101.207262016833,19.7081072089887
47044,47050,2023,,2023/10/19,"00:00:00",COLISIÓN POR INVASIÓN DE CARRIL,CONCRETO,Bueno,Bueno,1,NISSAN,BLANCO,2,,,MASCULINO,SIN DATOS,0,0,Morelia,La Huerta,octubre,jueves,0,-101.21762406081,19.672611199787
47045,47051,2023,,2023/10/19,"00:01:00",COLISIÓN CONTRA OBJETO FIJO,ASFALTO,Bueno,Bueno,1,CHRYSLER,ROJO,1,,41,MASCULINO,SIN DATOS,0,0,Morelia,Diego Rivera,octubre,jueves,0,-101.175967343152,19.7181548689463
47046,47052,2023,,2023/10/19,"07:45:00",COLISIÓN POR CORTE DE CIRCULACIÓN,ASFALTO,Nublado,Regular,2,ITALIKA,ROJO,2,,0,MASCULINO,SIN DATOS,0,0,Morelia,Agustin Arriaga Rivera,octubre,jueves,8,-101.224569641054,19.6909561749742
47047,47053,2023,,2023/10/19,"09:25:00",COLISIÓN POR CORTE DE CIRCULACIÓN,ASFALTO,Bueno,Bueno,1,NISSAN,BLANCO Y AMARILLO,2,,,MASCULINO,SIN DATOS,0,0,Morelia,Camelinas,octubre,jueves,9,-101.174197420478,19.6819362696391