fid,id_accidente,anio_origen,folio_c5i,dia_incidente,hora_ocurrencia,tipo_incidente_vial,superficie_ocurrencia,condiciones_climaticas,condiciones_via,numero_vehiculos_involucrados,marca_vehiculo_ocasiona_siniestro,color_vehiculo_ocasiona_siniestro,numero_personas_involucradas,lugar_remite_presunto_responsable,edad_presunto_responsable,sexo_presunto_responsable,resultados_toxicologia,numero_personas_lesionadas,numero_personas_fallecidas,municipio,colonia,mes,dia_semana,hora_redondeada,lon,lat
47048,47054,2023,,2023/10/19,10:18:00,COLISIÓN CON PEATÓN,ASFALTO,Bueno,Bueno,1,BAJAJ,BLANCO,1,MINISTERIO PÚBLICO,19,MASCULINO,SIN DATOS,0,0,Morelia,Bosques de Oriente,octubre,jueves,10,-101.15562915802,19.7154733663782
47049,47055,2023,,2023/10/19,18:30:00,COLISIÓN POR CAMBIO DE CARRIL,ASFALTO,Bueno,Bueno,2,FORD,ROJO,2,,23,,SIN DATOS,0,0,Morelia,Del Empleado,octubre,jueves,19,-101.179854869843,19.6899902205338
47050,47056,2023,LEG50296,2023/10/19,19:36:00,COLISIÓN POR CORTE DE CIRCULACIÓN,ASFALTO,Bueno,Regular,3,NISSAN,BLANCO,4,MINISTERIO PÚBLICO,53,MASCULINO,SIN DATOS,1,0,Morelia,El Realito,octubre,jueves,20,-101.205205433071,19.7258342717188
47051,47057,2023,,2023/10/19,20:00:00,COLISIÓN POR ALCANCE,ASFALTO,Bueno,Bueno,2,GENERAL MOTORS,ROJA,2,,44,FEMENINO,SIN DATOS,0,0,Morelia,Lomas de Guayangareo,octubre,jueves,20,-101.159928739071,19.7042939577415
47052,47058,2023,MOR 230694175,2023/10/19,22:40:00,COLISIÓN POR CORTE DE CIRCULACIÓN,ASFALTO,Bueno,Regular,2,CHEVROLET,AZUL,4,MINISTERIO PÚBLICO,32,MASCULINO,SIN DATOS,2,0,Morelia,Isaac Arriaga,octubre,jueves,23,-101.171353273094,19.7077293915292
47053,47059,2023,,2023/10/20,"08:35:00",COLISIÓN POR CAMBIO DE CARRIL,ASFALTO,Bueno,Bueno,2,TOYOTA,BLANCO GRIS,2,,31,MASCULINO,SIN DATOS,0,0,Morelia,Jardines del Rincon,octubre,viernes,9,-101.150228530169,19.6915161733438
47054,47060,2023,,2023/10/20,"08:45:00",COLISIÓN POR CORTE DE CIRCULACIÓN,ASFALTO,Bueno,Bueno,3,DODGE,ROJO,3,,47,MASCULINO,SIN DATOS,0,0,Morelia,Sin datos,octubre,viernes,9,-101.114525645971,19.7368086250251
47055,47061,2023,,2023/10/20,13:20:00,COLISIÓN POR CORTE DE CIRCULACIÓN,CONCRETO,Bueno,Bueno,2,ITALIKA,GRIS,2,,,MASCULINO,SIN DATOS,0,0,Morelia,Mil Cumbres,octubre,viernes,13,-101.145275495946,19.6976611902292
47056,47062,2023,,2023/10/20,14:30:00,COLISIÓN POR ALCANCE,ASFALTO,Bueno,Bueno,2,INTERNATIONAL,VERDE,2,,38,MASCULINO,SIN DATOS,0,0,Morelia,Santiaguito,octubre,viernes,15,-101.188660562038,19.7177120580044
47057,47063,2023,,2023/10/20,16:30:00,SALIDA DE SUPERFICIE DE RODAMIENTO,CONCRETO,Nublado,Bueno,1,FORD,VERDE,1,,71,MASCULINO,SIN DATOS,0,0,Morelia,Loma Real,octubre,viernes,17,-101.199334748089,19.7314121171371
47058,47064,2023,,2023/10/20,16:50:00,COLISIÓN POR CORTE DE CIRCULACIÓN,ASFALTO,Bueno,Bueno,2,CHEVROLET,AZUL,2,,36,MASCULINO,SIN DATOS,0,0,Indaparapeo,Centro,octubre,viernes,17,-100.969928093255,19.7894405676701
47059,47065,2023,LEG50304,2023/10/20,18:35:00,COLISIÓN POR CORTE DE CIRCULACIÓN,SIN_DATOS,Bueno,Bueno,2,Italika,Negro y naranja,2,MINISTERIO PÚBLICO,28,MASCULINO,SIN DATOS,0,0,Morelia,Lomas del Valle,octubre,viernes,19,-101.230630762875,19.6877921789571
47060,47066,2023,,2023/10/20,19:20:00,COLISIÓN POR ALCANCE,CONCRETO,Bueno,Bueno,5,VOLKSWAGEN,NEGRO,5,MINISTERIO PÚBLICO,19,MASCULINO,SIN DATOS,0,0,Morelia,Elias Perez Avalos,octubre,viernes,19,-101.168526895344,19.7125702482784
47061,47067,2023,,2023/10/20,19:55:00,COLISIÓN POR CORTE DE CIRCULACIÓN,ASFALTO,Bueno,Bueno,2,NISSAN,BLANCO,2,MINISTERIO PÚBLICO,44,MASCULINO,SIN DATOS,0,0,Morelia,Balcones de Morelia,octubre,viernes,20,-101.200681887567,19.6741231115056
47062,47068,2023,LEG50292,2023/10/20,20:15:00,COLISIÓN POR CORTE DE CIRCULACIÓN,ASFALTO,Bueno,Bueno,2,NISSAN,PLATA,2,MINISTERIO PÚBLICO,44,MASCULINO,SIN DATOS,0,0,Morelia,El Eden,octubre,viernes,20,-101.249642595649,19.6460381843782
47063,47069,2023,,2023/10/21,"00:01:00",COLISIÓN POR CAMBIO DE CARRIL,ASFALTO,Bueno,Bueno,2,JEEP,BLANCO,2,MINISTERIO PÚBLICO,23,MASCULINO,SIN DATOS,0,0,Morelia,Jardines del Quinceo,octubre,sábado,0,-101.208732202649,19.7258636226655
47064,47070,2023,LEG50307,2023/10/21,"09:15:00",COLISIÓN POR CORTE DE CIRCULACIÓN,ASFALTO,Bueno,Bueno,2,NISSAN,AZUL,2,,40,FEMENINO,SIN DATOS,0,0,Morelia,Jardines de Torremolinos,octubre,sábado,9,-101.225756518543,19.6767112287963
47065,47071,2023,LEG50313,2023/10/21,10:00:00,COLISIÓN POR ALCANCE,ASFALTO,Bueno,Bueno,2,ITALIKA,VERDE/NEGRO,2,,,MASCULINO,SIN DATOS,0,0,Morelia,Tinijaro,octubre,sábado,10,-101.26125253737,19.6966296191391
47066,47072,2023,,2023/10/21,11:20:00,COLISIÓN CONTRA OBJETO FIJO,ASFALTO,Bueno,Bueno,2,FORD,ROJO,1,MINISTERIO PÚBLICO,34,MASCULINO,SIN DATOS,0,0,Morelia,Nueva Valladolid,octubre,sábado,11,-101.213482059538,19.6972644086231
47067,47073,2023,LEG50314,2023/10/21,11:45:00,COLISIÓN POR CORTE DE CIRCULACIÓN,CONCRETO,Bueno,Bueno,2,VOLKSWAGEN,ROJO/NEGRO,2,,40,MASCULINO,SIN DATOS,0,0,Morelia,Agustin Arriaga Rivera,octubre,sábado,12,-101.224368475378,19.6911301092885
47068,47074,2023,,2023/10/21,14:00:00,COLISIÓN CONTRA OBJETO FIJO,ASFALTO,Bueno,Bueno,2,YAMAHA,AMARILLO,2,,38,MASCULINO,SIN DATOS,0,0,Morelia,Tinijaro,octubre,sábado,14,-101.260745599866,19.6968452142586
47069,47075,2023,LEG50308,2023/10/21,15:46:00,COLISIÓN POR CORTE DE CIRCULACIÓN,CONCRETO,Bueno,Bueno,2,BAJAJ,NEGRO,2,MINISTERIO PÚBLICO,,MASCULINO,SIN DATOS,0,0,Morelia,Ferrocarrilero,octubre,sábado,16,-101.219883821905,19.6950500524799
47070,47076,2023,LEG50317,2023/10/21,16:25:00,COLISIÓN POR CORTE DE CIRCULACIÓN,ASFALTO,Bueno,Bueno,2,BMW,ROJO,3,,45,MASCULINO,SIN DATOS,1,0,Morelia,Alberto Oviedo Mota,octubre,sábado,16,-101.1957379058,19.6815233489228
47071,47077,2023,LEG50318,2023/10/21,18:15:00,COLISIÓN POR MANIOBRA DE REVERSA,ASFALTO,Bueno,Bueno,2,FORD,BLANCO,2,,34,MASCULINO,SIN DATOS,0,0,Morelia,La Huerta,octubre,sábado,18,-101.228305622935,19.6581953888041
47072,47078,2023,LEG50305,2023/10/21,18:45:00,COLISIÓN POR CORTE DE CIRCULACIÓN,SIN_DATOS,Bueno,Bueno,2,ITALIKA,NEGRA/NARANJA,2,MINISTERIO PÚBLICO,28,MASCULINO,ALIENTO ETÍLICO,0,0,Morelia,Lomas del Valle,octubre,sábado,19,-101.230631768703,19.6877921789571
47073,47079,2023,,2023/10/21,19:20:00,COLISIÓN CON PEATÓN,CONCRETO,Bueno,Bueno,1,ITALIKA,AZUL,1,MINISTERIO PÚBLICO,17,MASCULINO,SIN DATOS,0,0,Morelia,Sin datos,octubre,sábado,19,-101.287331655622,19.6727450593245
47074,47080,2023,,2023/10/21,22:40:00,COLISIÓN POR ALCANCE,ASFALTO,Bueno,Bueno,2,VOLKSWAGEN,ROJO,2,,26,MASCULINO,SIN DATOS,0,0,Morelia,Sentimientos de La Nacion,octubre,sábado,23,-101.236868575215,19.6848004831965
47075,47081,2023,,2023/10/22,"01:30:00",SALIDA DE SUPERFICIE DE RODAMIENTO,ASFALTO,Bueno,Bueno,1,JEEP,ARENA,0,MINISTERIO PÚBLICO,,,,0,0,Morelia,Jose Ma Pino Suarez,octubre,domingo,2,-101.162734664977,19.7231424829521
47076,47082,2023,,2023/10/22,"08:05:00",SALIDA DE SUPERFICIE DE RODAMIENTO,ASFALTO,Bueno,Bueno,1,TOYOTA,BLANCO Y NARANJA,2,MINISTERIO PÚBLICO,,,,2,0,Morelia,Santa Fe,octubre,domingo,8,-101.174320466816,19.7378891670328
47077,47083,2023,,2023/10/22,11:40:00,VOLCADURA,ASFALTO,Bueno,Bueno,1,NISSAN,BLANCO,0,MINISTERIO PÚBLICO,,,,0,0,Lázaro Cárdenas,Sin datos,octubre,domingo,12,-102.228232137859,17.9353908263522
47078,47084,2023,,2023/10/22,12:08:00,COLISIÓN CONTRA OBJETO FIJO,ASFALTO,Bueno,Bueno,2,VOLKSWAGEN,GRIS,1,,30,,SIN DATOS,0,0,Morelia,Ignacio Zaragoza,octubre,domingo,12,-101.205593347549,19.7254602833783
47079,47085,2023,,2023/10/22,13:00:00,COLISIÓN POR CORTE DE CIRCULACIÓN,ASFALTO,Bueno,Bueno,2,RENAULT FLUENCE,GRIS,2,,22,MASCULINO,SIN DATOS,0,0,Morelia,Felix Ireta,octubre,domingo,13,-101.188178770244,19.6873533877826
47080,47086,2023,,2023/10/22,13:05:00,COLISIÓN POR CAMBIO DE CARRIL,ASFALTO,Bueno,Bueno,2,DODGE RAM,BLANCO CON AZUL,2,,37,MASCULINO,SIN DATOS,0,0,Morelia,Indeco El Vivero,octubre,domingo,13,-101.229737922549,19.6769997769751
47081,47087,2023,,2023/10/22,14:40:00,COLISIÓN CONTRA OBJETO FIJO,ASFALTO,Bueno,Bueno,1,TOYOTA,ROJO,1,,19,MASCULINO,SIN DATOS,0,0,Morelia,Enrique Arreguin Robles,octubre,domingo,15,-101.18425603956,19.7196190084382
47082,47088,2023,,2023/10/22,15:35:00,COLISIÓN POR CORTE DE CIRCULACIÓN,ASFALTO,Bueno,Bueno,2,VENTO CROSSMAX 250CC,ROJO,2,MINISTERIO PÚBLICO,19,MASCULINO,SIN DATOS,0,0,Morelia,Ventura Puente,octubre,domingo,16,-101.190654449165,19.6938631576031
47083,47089,2023,,2023/10/22,15:40:00,COLISIÓN POR ALCANCE,CONCRETO,Bueno,Bueno,2,ITALIKA,NARANJA/NEGRO,2,MINISTERIO PÚBLICO,20,MASCULINO,SIN DATOS,0,0,Morelia,Torreon Nuevo,octubre,domingo,16,-101.209212653339,19.7470659054308
47084,47090,2023,,2023/10/22,19:00:00,COLISIÓN POR ALCANCE,ASFALTO,Bueno,Regular,2,FORD,ROJO,2,MINISTERIO PÚBLICO,23,MASCULINO,SIN DATOS,0,0,Irimbo,Los Asebuches,octubre,domingo,19,-100.468724817038,19.701880208896
47085,47091,2023,,2023/10/22,19:30:00,COLISIÓN POR INVASIÓN DE CARRIL,ASFALTO,Bueno,Bueno,3,JEEP,NEGRO,3,,73,MASCULINO,SIN DATOS,0,0,Morelia,Ciudad Industrial,octubre,domingo,20,-101.14554366932,19.7284851395985
47086,47092,2023,,2023/10/22,20:00:00,SUBIDA AL CAMELLÓN,ASFALTO,Bueno,Bueno,1,NISSAN,BLANCO,1,,40,MASCULINO,SIN DATOS,0,0,Morelia,La Quemada,octubre,domingo,20,-101.241282485425,19.7056900456227
47087,47093,2023,,2023/10/22,20:20:00,COLISIÓN POR ALCANCE,CONCRETO,Bueno,Bueno,2,FORD FIESTA,BLANCO,2,,27,,SIN DATOS,0,0,Morelia,Rafael Carrillo,octubre,domingo,20,-101.233374662697,19.7120302082101
47088,47094,2023,,2023/10/22,21:20:00,COLISIÓN CONTRA OBJETO FIJO,CONCRETO,Bueno,Bueno,1,DODGE AVENGER,NEGRO,1,,0,,SIN DATOS,0,0,Morelia,Tierra Y Libertad,octubre,domingo,21,-101.221507899463,19.7154351761039
47089,47095,2023,,2023/10/23,"00:00:00",COLISIÓN POR CORTE DE CIRCULACIÓN,CONCRETO,Bueno,Bueno,2,TOYOTA,BLANCO,2,,,MASCULINO,SIN DATOS,0,0,Morelia,Granjas del Maestro,octubre,lunes,0,-101.190988719463,19.7131500554858
47090,47096,2023,,2023/10/23,"00:00:00",COLISIÓN POR CORTE DE CIRCULACIÓN,CONCRETO,Bueno,Bueno,2,SUZUKY,BLANCO,2,,30,MASCULINO,SIN DATOS,0,0,Morelia,Agustin Arriaga Rivera,octubre,lunes,0,-101.221722476184,19.6934060744629
47091,47097,2023,LEG50330,2023/10/23,"06:00:00",COLISIÓN CONTRA OBJETO FIJO,CONCRETO,Bueno,Bueno,1,JEEP,GRIS,0,MINISTERIO PÚBLICO,,,,0,0,Morelia,Bosques Tres Marias,octubre,lunes,6,-101.102,19.7232
47092,47098,2023,LEG50336,2023/10/23,"09:15:00",COLISIÓN POR CORTE DE CIRCULACIÓN,ASFALTO,Bueno,Bueno,2,TOYOTA,BLANCO Y ROJO,1,,66,MASCULINO,SIN DATOS,0,0,Morelia,Prados del Campestre,octubre,lunes,9,-101.165876202285,19.6840447373436
47093,47099,2023,LEG50337,2023/10/23,12:30:00,COLISIÓN POR INVASIÓN DE CARRIL,ASFALTO,Bueno,Bueno,2,NISSAN,BLANCO,2,MINISTERIO PÚBLICO,,MASCULINO,SIN DATOS,0,0,Charo,San Pedro Y San Pablo,octubre,lunes,13,-101.04682199657,19.7521826231388
47094,47100,2023,,2023/10/23,12:35:00,COLISIÓN POR ALCANCE,ASFALTO,Bueno,Bueno,2,TOYOTA,BLANCO,2,,38,MASCULINO,SIN DATOS,0,0,Morelia,Indeco Santiaguito,octubre,lunes,13,-101.178540922701,19.7201119965577
47095,47101,2023,MOR230701850,2023/10/23,14:05:00,COLISIÓN POR CORTE DE CIRCULACIÓN,CONCRETO,Bueno,Bueno,2,NISSAN,ROJO,2,MINISTERIO PÚBLICO,44,MASCULINO,SIN DATOS,0,0,Morelia,Central de Abastos,octubre,lunes,14,-101.166432760656,19.7175116406746
47096,47102,2023,,2023/10/23,14:40:00,COLISIÓN POR CORTE DE CIRCULACIÓN,ASFALTO,Bueno,Bueno,2,TOYOTA,BLANCO,0,MINISTERIO PÚBLICO,,,,0,0,Lázaro Cárdenas,Centro,octubre,lunes,15,-102.195573225617,17.9585261202462
47097,47103,2023,LEG50329,2023/10/23,23:00:00,SALIDA DE SUPERFICIE DE RODAMIENTO,ASFALTO,Bueno,Bueno,1,ITALIKA,GRIS,0,MINISTERIO PÚBLICO,,,,0,0,Tzitzio,Tzitzio,octubre,lunes,23,-100.922709,19.584913
47098,47104,2023,MOR23002966,2023/10/24,"02:20:00",COLISIÓN CONTRA OBJETO FIJO,ASFALTO,Nublado,Bueno,1,NISSAN,AZUL,1,,40,MASCULINO,SIN DATOS,0,0,Morelia,Victor Manuel Tinoco Rubi,octubre,martes,2,-101.243163049221,19.7005115494607
47099,47105,2023,,2023/10/24,"08:00:00",COLISIÓN POR CAMBIO DE CARRIL,ASFALTO,Bueno,Bueno,2,ITALIKA,ROJO Y NEGRO,2,,,,SIN DATOS,0,0,Morelia,Virreyes,octubre,martes,8,-101.157578788698,19.6955175477535
47100,47106,2023,,2023/10/24,10:00:00,COLISIÓN POR CAMBIO DE CARRIL,ASFALTO,Bueno,Bueno,2,NISSAN,GRIS,2,,,,SIN DATOS,0,0,Morelia,Martires de Uruapan,octubre,martes,10,-101.197320073843,19.7249041910798
47101,47107,2023,,2023/10/24,12:00:00,COLISIÓN POR CORTE DE CIRCULACIÓN,CONCRETO,Bueno,Bueno,2,ISUZU,AZUL,2,,39,MASCULINO,SIN DATOS,0,0,Morelia,Centro,octubre,martes,12,-101.19876075536,19.7011690503692
47102,47108,2023,,2023/10/24,15:50:00,COLISIÓN POR ALCANCE,CONCRETO,Bueno,Bueno,2,FORD,ARENA,2,,44,MASCULINO,SIN DATOS,0,0,Morelia,Lomas de Santa Maria,octubre,martes,16,-101.186744123697,19.6749736147729
47103,47109,2023,,2023/10/24,17:40:00,COLISIÓN POR ALCANCE,ASFALTO,Bueno,Bueno,2,MAZDA,ROJO,2,,,,SIN DATOS,0,0,Morelia,Morelos,octubre,martes,18,-101.185368485749,19.7240233394435
47104,47110,2023,,2023/10/24,20:00:00,COLISIÓN CONTRA OBJETO FIJO,SIN_DATOS,Bueno,Bueno,2,DODGE,ARENA,2,MINISTERIO PÚBLICO,44,MASCULINO,SIN DATOS,0,0,Morelia,Rincon Campestre,octubre,martes,20,-101.143940426409,19.6871633497929
47105,47111,2023,,2023/10/24,20:30:00,COLISIÓN CONTRA OBJETO FIJO,CONCRETO,Bueno,Bueno,1,NISSAN,BLANCO,1,,36,MASCULINO,SIN DATOS,0,0,Morelia,Residencial Alborada,octubre,martes,21,-101.23458635062,19.7023505250491
47106,47112,2023,,2023/10/25,"08:00:00",COLISIÓN POR CAMBIO DE CARRIL,ASFALTO,Bueno,Bueno,3,CHEVROLET,GRIS,3,,30,FEMENINO,SIN DATOS,0,0,Morelia,Bosques Tres Marias,octubre,miércoles,8,-101.104218587279,19.724328844968
47107,47113,2023,,2023/10/25,"08:40:00",SALIDA DE SUPERFICIE DE RODAMIENTO,ASFALTO,Lluvioso,Malo,1,VOLKSWAGEN,BLANCO,1,,39,FEMENINO,SIN DATOS,0,0,Morelia,Sin datos,octubre,miércoles,9,-101.124012619257,19.7173386818951
47108,47114,2023,LEG50358,2023/10/25,"09:28:00",COLISIÓN POR CORTE DE CIRCULACIÓN,ASFALTO,Bueno,Bueno,2,LC,AMARILLO,2,,24,MASCULINO,SIN DATOS,0,0,Morelia,Sentimientos de La Nacion,octubre,miércoles,9,-101.234356015921,19.6787638873627
47109,47115,2023,,2023/10/25,13:40:00,COLISIÓN CONTRA OBJETO FIJO,ASFALTO,Lluvioso,Regular,1,CHEVROLET,NEGRO,1,,31,MASCULINO,SIN DATOS,0,0,Morelia,Sin datos,octubre,miércoles,14,-101.099619604647,19.7305230959776
47110,47116,2023,,2023/10/25,15:00:00,COLISIÓN CONTRA OBJETO FIJO,ASFALTO,Bueno,Bueno,1,FORD,BLANCO,0,,,,,0,0,Lázaro Cárdenas,Jose Green,octubre,miércoles,15,-102.201149202883,17.9652090932021
47111,47117,2023,,2023/10/25,16:00:00,COLISIÓN POR INVASIÓN DE CARRIL,ASFALTO,Bueno,Bueno,2,NISSAN,GRIS,2,,35,MASCULINO,SIN DATOS,0,0,Morelia,Elias Perez Avalos,octubre,miércoles,16,-101.166021041572,19.7105255983544
47112,47118,2023,LEG50357,2023/10/25,16:40:00,COLISIÓN CONTRA OBJETO FIJO,CONCRETO,Lluvioso,Regular,3,DODGE,PLATA,3,,23,,SIN DATOS,0,0,Morelia,Campestre del Vergel,octubre,miércoles,17,-101.240869760513,19.6744590197941
47114,47120,2023,,2023/10/25,17:20:00,COLISIÓN CONTRA OBJETO FIJO,ASFALTO,Nublado,Bueno,2,S/D,S/D,1,,40,MASCULINO,SIN DATOS,0,0,Morelia,Canteras de Morelia,octubre,miércoles,17,-101.171484366059,19.7147348090427
47115,47121,2023,,2023/10/25,17:50:00,COLISIÓN POR ALCANCE,ASFALTO,Bueno,Bueno,2,CHEVROLET,AZUL,0,MINISTERIO PÚBLICO,,,,0,0,Lázaro Cárdenas,Centro,octubre,miércoles,18,-102.200046144426,17.9581335028761
47116,47122,2023,,2023/10/25,18:20:00,COLISIÓN CONTRA OBJETO FIJO,ASFALTO,Lluvioso,Bueno,1,FORD,BLANCO,1,MINISTERIO PÚBLICO,54,MASCULINO,SIN DATOS,0,0,Morelia,Sin datos,octubre,miércoles,18,-101.095479615033,19.7299121080311
47117,47123,2023,LEG50355,2023/10/25,19:45:00,SUBIDA AL CAMELLÓN,ASFALTO,Nublado,Regular,1,TOYOTA,BLANCO,1,,23,MASCULINO,SIN DATOS,0,0,Morelia,Bosques Tres Marias,octubre,miércoles,20,-101.104190088809,19.7243310542
47118,47124,2023,,2023/10/25,20:20:00,COLISIÓN POR CORTE DE CIRCULACIÓN,ASFALTO,Bueno,Bueno,2,NISSAN,AZUL,0,MINISTERIO PÚBLICO,,,,0,0,Lázaro Cárdenas,Solidaridad Nacional,octubre,miércoles,20,-102.212347090244,17.9693519375082
47119,47125,2023,,2023/10/25,20:25:00,COLISIÓN CONTRA OBJETO FIJO,ASFALTO,Bueno,Bueno,2,CHEVROLET,BLANCO/DORADO/GUINDA,2,MINISTERIO PÚBLICO,50,MASCULINO,SIN DATOS,0,0,Morelia,Las Flores,octubre,miércoles,20,-101.206199191511,19.7065896210042
47120,47126,2023,LEG50359,2023/10/25,20:30:00,COLISIÓN CON PEATÓN,SIN_DATOS,Nublado,Regular,1,CHEVROLET,BLANCO,3,MINISTERIO PÚBLICO,32,MASCULINO,SIN DATOS,2,0,Morelia,Centro,octubre,miércoles,21,-101.19157075882,19.7018745272159
47121,47127,2023,,2023/10/25,20:30:00,COLISIÓN POR CORTE DE CIRCULACIÓN,ASFALTO,Bueno,Bueno,1,NISSAN,BLANCO,0,MINISTERIO PÚBLICO,,,,0,0,Lázaro Cárdenas,Centro,octubre,miércoles,21,-102.200607396662,17.961456530067
47122,47128,2023,,2023/10/26,"07:25:00",COLISIÓN POR CORTE DE CIRCULACIÓN,CONCRETO,Bueno,Bueno,2,NISSAN TIDA,BLANCO CON ROJO,2,,58,MASCULINO,SIN DATOS,0,0,Morelia,Del Empleado,octubre,jueves,7,-101.178121585234,19.6891958112743
47123,47129,2023,,2023/10/26,"07:45:00",CAIDA ACUATICA DE VEHÍCULO,ASFALTO,Bueno,Bueno,1,FORD F150,GRIS,1,,0,,SIN DATOS,0,0,Morelia,Bello Horizonte,octubre,jueves,8,-101.188296998863,19.6600592599565
47124,47130,2023,,2023/10/26,"07:50:00",SALIDA DE SUPERFICIE DE RODAMIENTO,ASFALTO,Lluvioso,Bueno,1,CHEVROLET,AZUL,1,,37,MASCULINO,SIN DATOS,0,0,Morelia,Sin datos,octubre,jueves,8,-101.125,19.7143
47125,47131,2023,,2023/10/26,"08:30:00",COLISIÓN POR CORTE DE CIRCULACIÓN,CONCRETO,Bueno,Bueno,2,VOLKSWAGEN,GRIS,2,,,,SIN DATOS,0,0,Morelia,Chapultepec Sur,octubre,jueves,9,-101.171449125214,19.6920309500482
47126,47132,2023,,2023/10/26,"08:30:00",COLISIÓN POR CAMBIO DE CARRIL,ASFALTO,Lluvioso,Bueno,2,DODGE,BLANCO CON AZUL,2,,34,MASCULINO,SIN DATOS,0,0,Morelia,Obrera,octubre,jueves,9,-101.182860991234,19.7107343876966
47127,47133,2023,,2023/10/26,"09:00:00",COLISIÓN POR CAMBIO DE CARRIL,ASFALTO,Bueno,Bueno,2,ITALIKA,GRIS,2,,39,MASCULINO,SIN DATOS,0,0,Morelia,Felipe Carrillo Puerto,octubre,jueves,9,-101.177865888138,19.7301982584421
47128,47134,2023,,2023/10/26,10:00:00,COLISIÓN POR CORTE DE CIRCULACIÓN,CONCRETO,Bueno,Bueno,2,SUZUKY,NEGRO,3,MINISTERIO PÚBLICO,23,MASCULINO,SIN DATOS,1,0,Pátzcuaro,Vasco de Quiroga (La Loma),octubre,jueves,10,-101.600191891193,19.5194445344554
47129,47135,2023,,2023/10/26,11:50:00,COLISIÓN POR CORTE DE CIRCULACIÓN,ASFALTO,Bueno,Bueno,1,GMC,BLANCO,1,,0,MASCULINO,SIN DATOS,0,0,Morelia,Martires de Uruapan,octubre,jueves,12,-101.199494635752,19.7264452927551
47131,47137,2023,,2023/10/26,13:46:00,COLISIÓN POR CAMBIO DE CARRIL,ASFALTO,Bueno,Bueno,2,FORD,AMARILLO,2,,24,MASCULINO,SIN DATOS,0,0,Morelia,Bello Horizonte,octubre,jueves,14,-101.188296998863,19.6600592599565
47132,47138,2023,,2023/10/26,15:30:00,COLISIÓN POR ALCANCE,ASFALTO,Bueno,Bueno,2,NISSAN,BLANCO ROJO,2,,72,MASCULINO,SIN DATOS,0,0,Morelia,Lomas de Morelia (Dr Ignacio Chavez),octubre,jueves,16,-101.175452644618,19.7162004988672
47133,47139,2023,,2023/10/26,15:45:00,COLISIÓN POR NO RESPETAR SEMÁFORO,ASFALTO,Bueno,Bueno,2,NISSAN XTRAIL,GRIS,2,,22,FEMENINO,SIN DATOS,0,0,Morelia,Primo Tapia Oriente,octubre,jueves,16,-101.160671657864,19.7148130515494
47134,47140,2023,,2023/10/26,22:10:00,COLISIÓN POR CAMBIO DE CARRIL,CONCRETO,Bueno,Bueno,3,HONDA,ARENA,3,MINISTERIO PÚBLICO,34,MASCULINO,SIN DATOS,0,0,Morelia,Los Angeles,octubre,jueves,22,-101.171583375,19.7425689449991
47135,47141,2023,,2023/10/27,"00:00:00",COLISIÓN POR CORTE DE CIRCULACIÓN,ASFALTO,Bueno,Bueno,2,DODGE,GRIS,1,MINISTERIO PÚBLICO,0,,SIN DATOS,0,0,Morelia,Centro,octubre,viernes,0,-101.19118388321,19.702768457823
47136,47142,2023,LEG50376,2023/10/27,"02:00:00",COLISIÓN CONTRA OBJETO FIJO,CONCRETO,Bueno,Bueno,2,HONDA,NEGRO,2,,0,MASCULINO,SIN DATOS,0,0,Morelia,Las Cruces,octubre,viernes,2,-101.2670525,19.698329
47137,47143,2023,LEG50381,2023/10/27,"09:00:00",COLISIÓN POR NO RESPETAR SEMÁFORO,ASFALTO,Bueno,Bueno,2,VOLKSWAGEN,ROJO,2,,44,MASCULINO,SIN DATOS,0,0,Morelia,Sentimientos de La Nacion,octubre,viernes,9,-101.236870251596,19.6848033243396
47138,47144,2023,LEG50382,2023/10/27,"09:30:00",COLISIÓN POR ALCANCE,ASFALTO,Bueno,Bueno,2,VENTO,GRIS,2,,21,MASCULINO,SIN DATOS,0,0,Morelia,Sentimientos de La Nacion,octubre,viernes,10,-101.235391683877,19.6809323779724
47139,47145,2023,,2023/10/27,10:44:00,COLISIÓN POR ALCANCE,ASFALTO,Bueno,Bueno,2,MAZDA,BLANCO,2,,38,FEMENINO,SIN DATOS,0,0,Morelia,Lomas del Tecnologico,octubre,viernes,11,-101.196183152497,19.7243105399014
47140,47146,2023,,2023/10/27,11:00:00,COLISIÓN POR ALCANCE,ASFALTO,Bueno,Bueno,2,VOLKSWAGEN,BLANCO,2,,25,MASCULINO,SIN DATOS,0,0,Morelia,Chapultepec Sur,octubre,viernes,11,-101.17549393326,19.6910287791574
47141,47147,2023,,2023/10/27,12:40:00,COLISIÓN POR CORTE DE CIRCULACIÓN,CONCRETO,Bueno,Bueno,2,HONDA,ROJO,2,,38,MASCULINO,SIN DATOS,0,0,Morelia,Puerto de Buenavista,octubre,viernes,13,-101.12636256963,19.6877290436104
47142,47148,2023,LEG50383,2023/10/27,14:26:00,COLISIÓN CON PEATÓN,ASFALTO,Bueno,Bueno,1,NISSAN,BLANCO Y ROJO,2,,45,MASCULINO,SIN DATOS,1,0,Morelia,Guadalupe,octubre,viernes,14,-101.225794740021,19.7078556464186
47143,47149,2023,LEG50386,2023/10/27,15:40:00,COLISIÓN POR CORTE DE CIRCULACIÓN,ASFALTO,Bueno,Bueno,2,MERCEDES BENZ,GRIS,2,,74,MASCULINO,SIN DATOS,0,0,Morelia,Sentimientos de La Nacion,octubre,viernes,16,-101.235285066068,19.681189349583