fid,id_accidente,anio_origen,folio_c5i,dia_incidente,hora_ocurrencia,tipo_incidente_vial,superficie_ocurrencia,condiciones_climaticas,condiciones_via,numero_vehiculos_involucrados,marca_vehiculo_ocasiona_siniestro,color_vehiculo_ocasiona_siniestro,numero_personas_involucradas,lugar_remite_presunto_responsable,edad_presunto_responsable,sexo_presunto_responsable,resultados_toxicologia,numero_personas_lesionadas,numero_personas_fallecidas,municipio,colonia,mes,dia_semana,hora_redondeada,lon,lat
47144,47150,2023,,2023/10/27,15:45:00,COLISIÓN CONTRA OBJETO FIJO,ASFALTO,Lluvioso,Bueno,1,NISSAN,GRIS,3,MINISTERIO PÚBLICO,39,MASCULINO,SIN DATOS,2,0,Morelia,Bosques Tres Marias,octubre,viernes,16,-101.105249561369,19.7292616683983
47145,47151,2023,LEG50385,2023/10/27,16:10:00,COLISIÓN POR ALCANCE,ASFALTO,Lluvioso,Bueno,2,MAZDA,GRIS,2,,33,FEMENINO,SIN DATOS,0,0,Morelia,Morelia 450,octubre,viernes,16,-101.214785948396,19.6743838824749
47146,47152,2023,LEG50387,2023/10/27,17:10:00,COLISIÓN POR CORTE DE CIRCULACIÓN,ASFALTO,Bueno,Bueno,2,HONDA,DORADO,2,,,MASCULINO,SIN DATOS,0,0,Morelia,Felicitas del Rio,octubre,viernes,17,-101.202891021967,19.6948467657905
47147,47153,2023,LEG50388,2023/10/27,17:40:00,COLISIÓN POR CORTE DE CIRCULACIÓN,ASFALTO,Bueno,Regular,2,CHEVROLET,AZUL,2,,48,MASCULINO,SIN DATOS,0,0,Morelia,Centro,octubre,viernes,18,-101.190302073956,19.7103671510972
47148,47154,2023,LEG50389,2023/10/27,19:10:00,COLISIÓN POR CAMBIO DE CARRIL,CONCRETO,Bueno,Regular,2,BDS,NEGRO,2,,31,MASCULINO,SIN DATOS,0,0,Morelia,Felix Ireta,octubre,viernes,19,-101.195657774806,19.6830137098901
47149,47155,2023,LEG50393,2023/10/27,19:10:00,COLISIÓN POR ALCANCE,ASFALTO,Bueno,Bueno,3,TOYOTA,GRIS,3,,48,MASCULINO,SIN DATOS,0,0,Morelia,Libertad,octubre,viernes,19,-101.237798295915,19.6870042480467
47150,47156,2023,LEG50391,2023/10/28,"00:45:00",COLISIÓN POR CORTE DE CIRCULACIÓN,ASFALTO,Bueno,Bueno,2,NISSAN,NEGRO,2,,,MASCULINO,SIN DATOS,0,0,Morelia,Sentimientos de La Nacion,octubre,sábado,1,-101.231884360313,19.6777173567903
47151,47157,2023,LEG50390,2023/10/28,"05:05:00",VOLCADURA,ASFALTO,Bueno,Bueno,1,SEAT,PLATA,1,MINISTERIO PÚBLICO,25,MASCULINO,SIN DATOS,0,0,Morelia,La Quemada,octubre,sábado,5,-101.240715533495,19.7058267182785
47152,47158,2023,,2023/10/28,"05:37:00",COLISIÓN POR CORTE DE CIRCULACIÓN,ASFALTO,Bueno,Bueno,2,DINA,AZUL,2,MINISTERIO PÚBLICO,31,MASCULINO,SIN DATOS,0,0,Morelia,Jardines de Torremolinos,octubre,sábado,6,-101.225749142468,19.6768476104948
47153,47159,2023,,2023/10/28,10:00:00,COLISIÓN POR ALCANCE,ASFALTO,Bueno,Bueno,2,BMW,NEGRO,2,,32,MASCULINO,SIN DATOS,0,0,Morelia,Felicitas del Rio,octubre,sábado,10,-101.195570603013,19.6902115066898
47154,47160,2023,,2023/10/28,11:00:00,COLISIÓN CONTRA OBJETO FIJO,CONCRETO,Bueno,Bueno,1,GML,ROJO,1,,,MASCULINO,SIN DATOS,0,0,Morelia,Villas del Pedregal,octubre,sábado,11,-101.302437856793,19.6705148943323
47155,47161,2023,,2023/10/28,12:05:00,COLISIÓN POR ALCANCE,ASFALTO,Bueno,Bueno,2,NISSAN,GRIS,2,,36,MASCULINO,SIN DATOS,0,0,Morelia,Bosques Tres Marias,octubre,sábado,12,-101.105248555541,19.7292619839932
47156,47162,2023,LEG50403,2023/10/28,21:10:00,COLISIÓN POR CORTE DE CIRCULACIÓN,CONCRETO,Bueno,Bueno,2,JEEP,GRIS,2,,74,MASCULINO,SIN DATOS,0,0,Morelia,Centro,octubre,sábado,21,-101.188449002802,19.7070883307904
47157,47163,2023,,2023/10/28,21:30:00,COLISIÓN POR ALCANCE,ASFALTO,Bueno,Bueno,2,SEAT,PLATA,2,,23,MASCULINO,SIN DATOS,0,0,Morelia,Ana Maria Gallaga (Riviera Norte),octubre,sábado,22,-101.222609616816,19.6766638740127
47158,47164,2023,,2023/10/29,"02:00:00",COLISIÓN POR CORTE DE CIRCULACIÓN,ADOQUIN_EMPEDRADO,Bueno,Bueno,2,ITALIKA,NEGRO/ROJA,0,MINISTERIO PÚBLICO,,,,0,0,Cuitzeo,Centro,octubre,domingo,2,-101.140730492771,19.9680302730706
47159,47165,2023,,2023/10/29,"06:00:00",COLISIÓN CONTRA OBJETO FIJO,ASFALTO,Bueno,Bueno,1,NISSAN,PLATA,1,,24,MASCULINO,SIN DATOS,0,0,Morelia,Loma Bonita,octubre,domingo,6,-101.196553889005,19.7228211947827
47160,47166,2023,,2023/10/29,"08:20:00",COLISIÓN POR CORTE DE CIRCULACIÓN,ASFALTO,Nublado,Regular,2,BMW,NEGRO,3,,36,MASCULINO,SIN DATOS,1,0,Morelia,Jose Maria Cabrera,octubre,domingo,8,-101.224218606949,19.7253094253864
47161,47167,2023,LEG50410,2023/10/29,14:10:00,COLISIÓN POR CAMBIO DE CARRIL,ASFALTO,Bueno,Bueno,3,TOYOTA,BLANCO,3,MINISTERIO PÚBLICO,30,MASCULINO,SIN DATOS,0,0,Morelia,Barrio Alto,octubre,domingo,14,-101.1882827,19.7276714
47162,47168,2023,,2023/10/29,14:30:00,COLISIÓN POR CORTE DE CIRCULACIÓN,ASFALTO,Bueno,Regular,2,FORD,BLANCO,4,MINISTERIO PÚBLICO,21,MASCULINO,SIN DATOS,1,1,Morelia,Sin datos,octubre,domingo,15,-101.280030347407,19.6700466946544
47163,47169,2023,,2023/10/29,15:20:00,COLISIÓN CONTRA OBJETO FIJO,ASFALTO,Bueno,Bueno,5,VOLVO,GRIS,5,,82,MASCULINO,SIN DATOS,0,0,Morelia,Nueva Chapultepec,octubre,domingo,15,-101.169968917966,19.6895997333755
47164,47170,2023,,2023/10/29,16:22:00,COLISIÓN CON PEATÓN,CONCRETO,Bueno,Bueno,1,INTERNATIONAL,BLANCO Y NARANJA,2,,24,MASCULINO,SIN DATOS,1,0,Morelia,Villas del Pedregal,octubre,domingo,16,-101.309087723494,19.6733799434853
47165,47171,2023,,2023/10/29,19:03:00,COLISIÓN POR CAMBIO DE CARRIL,ASFALTO,Bueno,Bueno,2,CHRYSLER,ROJO,2,,24,FEMENINO,SIN DATOS,0,0,Morelia,Loma de Los Piñones,octubre,domingo,19,-101.205067969859,19.6740201920958
47166,47172,2023,LEG50401,2023/10/29,20:10:00,COLISIÓN POR INVASIÓN DE CARRIL,ASFALTO,Bueno,Bueno,2,FORD,GRIS,2,MINISTERIO PÚBLICO,,MASCULINO,SIN DATOS,0,0,Morelia,Fuentes de Valladolid,octubre,domingo,20,-101.222476512194,19.6704968988203
47167,47173,2023,LEG50402,2023/10/29,23:23:00,SALIDA DE SUPERFICIE DE RODAMIENTO,ASFALTO,Bueno,Bueno,1,FORD,BLANCO,1,,30,MASCULINO,SIN DATOS,0,0,Charo,Sin datos,octubre,domingo,23,-101.010747626424,19.7002937497162
47168,47174,2023,MOR 230716688,2023/10/30,"02:30:00",COLISIÓN CONTRA OBJETO FIJO,ASFALTO,Bueno,Regular,1,CHEVROLET,BLANCO,1,,28,MASCULINO,SIN DATOS,0,0,Tzitzio,Tzitzio,octubre,lunes,3,-100.922709,19.584913
47169,47175,2023,,2023/10/30,"07:35:00",COLISIÓN POR CORTE DE CIRCULACIÓN,CONCRETO,Bueno,Bueno,2,ITALIKA,ROJO,1,MINISTERIO PÚBLICO,,FEMENINO,SIN DATOS,0,0,Morelia,Erendira,octubre,lunes,8,-101.165112443268,19.7008682353584
47170,47176,2023,LEG50417,2023/10/30,11:00:00,COLISIÓN POR ALCANCE,ASFALTO,Bueno,Bueno,2,NISSAN,BLANCO,2,,27,MASCULINO,SIN DATOS,0,0,Morelia,Cinco de Diciembre,octubre,lunes,11,-101.163622811437,19.6859615594758
47171,47177,2023,,2023/10/30,14:44:00,COLISIÓN POR CAMBIO DE CARRIL,ASFALTO,Bueno,Bueno,2,INTERNACIONAL,BLANCO Y ROJO,2,,27,MASCULINO,SIN DATOS,0,0,Morelia,Sentimientos de La Nacion,octubre,lunes,15,-101.231972537935,19.6777505049223
47172,47178,2023,LEG50422,2023/10/30,16:00:00,COLISIÓN POR CORTE DE CIRCULACIÓN,SIN_DATOS,Bueno,Bueno,2,TOYOTA,BLANCO,2,,49,FEMENINO,CON CERTIFICADO,0,0,Morelia,Industrial,octubre,lunes,16,-101.193951554596,19.7106395414044
47173,47179,2023,,2023/10/30,18:20:00,COLISIÓN POR CAMBIO DE CARRIL,ASFALTO,Bueno,Bueno,2,VOLVO,AZUL,2,,31,FEMENINO,SIN DATOS,0,0,Morelia,Montaña Monarca,octubre,lunes,18,-101.160941943526,19.6718228784977
47174,47180,2023,,2023/10/30,18:30:00,COLISIÓN POR CAMBIO DE CARRIL,ASFALTO,Bueno,Bueno,3,YAMAHA,BLANCO,3,,23,MASCULINO,SIN DATOS,0,0,Morelia,Elias Perez Avalos,octubre,lunes,19,-101.17077793926,19.714204245022
47176,47182,2023,,2023/10/30,19:00:00,VOLCADURA,ASFALTO,Bueno,Bueno,1,DODGE,GRIS,1,MINISTERIO PÚBLICO,,MASCULINO,SIN DATOS,0,0,Morelia,Santa Maria de Guido,octubre,lunes,19,-101.189216785133,19.6764867669981
47177,47183,2023,,2023/10/30,19:30:00,COLISIÓN POR CORTE DE CIRCULACIÓN,ASFALTO,Bueno,Bueno,2,MERCEDES BENZ,BLANCO,2,MINISTERIO PÚBLICO,20,FEMENINO,SIN DATOS,0,0,Morelia,Los Tucanes (Loma Larga),octubre,lunes,20,-101.200369074941,19.6585300675298
47178,47184,2023,LEG50420,2023/10/30,23:40:00,COLISIÓN POR CORTE DE CIRCULACIÓN,ASFALTO,Bueno,Bueno,2,ITALIKA,NEGRO,2,,59,MASCULINO,SIN DATOS,0,0,Morelia,Felix Ireta,octubre,lunes,0,-101.180660538375,19.6861260288173
47179,47185,2023,,2023/10/31,"07:57:00",COLISIÓN POR CORTE DE CIRCULACIÓN,ASFALTO,Bueno,Bueno,2,HONDA,PLATA,2,,40,FEMENINO,SIN DATOS,0,0,Morelia,Infonavit Santa Teresa,octubre,martes,8,-101.227609924972,19.6966119422204
47180,47186,2023,,2023/10/31,"09:15:00",COLISIÓN POR ALCANCE,ASFALTO,Bueno,Bueno,2,VOLKSWAGEN,ORO,2,MINISTERIO PÚBLICO,26,MASCULINO,SIN DATOS,0,0,Morelia,Insurgentes,octubre,martes,9,-101.155002191663,19.6951696884699
47181,47187,2023,LEG50424,2023/10/31,10:00:00,COLISIÓN POR ALCANCE,CONCRETO,Bueno,Bueno,2,RAM,BLANCO,2,,,MASCULINO,SIN DATOS,0,0,Morelia,La Quemada,octubre,martes,10,-101.240534484386,19.7058680672576
47182,47188,2023,,2023/10/31,14:00:00,COLISIÓN POR CORTE DE CIRCULACIÓN,ASFALTO,Bueno,Bueno,1,NAVISTAR,BLANCO Y NARANJA,1,,28,MASCULINO,SIN DATOS,0,0,Morelia,Avicola Benito Juarez,octubre,martes,14,-101.279538162053,19.6913476058332
47183,47189,2023,LEG50430,2023/10/31,15:10:00,COLISIÓN POR CORTE DE CIRCULACIÓN,ASFALTO,Lluvioso,Bueno,2,KTM,BLANCO Y NARANJA,2,,24,MASCULINO,SIN DATOS,0,0,Morelia,Ferrocarrilero,octubre,martes,15,-101.216869354248,19.6994859941625
47184,47190,2023,,2023/10/31,15:40:00,COLISIÓN POR ALCANCE,ASFALTO,Bueno,Bueno,2,VOLKSWAGEN,BLANCO,2,,63,MASCULINO,SIN DATOS,0,0,Morelia,Eucaliptos (Gigantes de Michoacan),octubre,martes,16,-101.151133775711,19.6976744478315
47185,47191,2023,LEG50423,2023/10/31,16:30:00,COLISIÓN POR CAMBIO DE CARRIL,ASFALTO,Bueno,Bueno,2,NISSAN,BLANCO,2,,,FEMENINO,SIN DATOS,0,0,Morelia,Industrial,octubre,martes,17,-101.188283376396,19.7115586579974
47186,47192,2023,LEG50436,2023/10/31,20:02:00,COLISIÓN POR ALCANCE,ASFALTO,Bueno,Regular,2,VOLKSWAGEN,BLANCO,2,,28,,SIN DATOS,0,0,Morelia,Chapultepec Norte,octubre,martes,20,-101.166297979653,19.6954335817887
47187,47193,2023,,2023/10/31,20:20:00,COLISIÓN POR INVASIÓN DE CARRIL,ASFALTO,Bueno,Regular,1,GENERAL MOTORS,BLANCO,1,MINISTERIO PÚBLICO,0,MASCULINO,SIN DATOS,0,0,Pátzcuaro,Sin datos,octubre,martes,20,-101.546368002892,19.4927795455291
47188,47194,2023,LEG50437,2023/10/31,23:00:00,COLISIÓN POR INVASIÓN DE CARRIL,ASFALTO,Bueno,Bueno,2,CHEVROLET,BLANCO,2,MINISTERIO PÚBLICO,41,MASCULINO,SIN DATOS,0,0,Morelia,Bosques Tres Marias,octubre,martes,23,-101.105249896646,19.7292626151828
47189,47195,2023,,2023/11/01,"07:35:00",COLISIÓN CON PEATÓN,CONCRETO,Bueno,Bueno,1,FORD,ROJO,1,,73,MASCULINO,SIN DATOS,0,0,Morelia,Colinas del Sur,noviembre,miércoles,8,-101.199421622198,19.6652855893338
47190,47196,2023,,2023/11/01,"08:50:00",COLISIÓN POR CAMBIO DE CARRIL,ASFALTO,Bueno,Bueno,2,VOLVO,ROJO,2,,27,MASCULINO,SIN DATOS,0,0,Morelia,Felix Ireta,noviembre,miércoles,9,-101.188582604864,19.6860148664875
47191,47197,2023,,2023/11/01,11:55:00,COLISIÓN POR CORTE DE CIRCULACIÓN,ASFALTO,Bueno,Bueno,1,INTERNACIONAL,BLANCO,1,,42,MASCULINO,SIN DATOS,0,0,Morelia,Ignacio Zaragoza,noviembre,miércoles,12,-101.205260083079,19.7255953611246
47192,47198,2023,,2023/11/01,15:10:00,COLISIÓN CON PEATÓN,ASFALTO,Bueno,Bueno,1,FORD,GRIS,2,,41,MASCULINO,SIN DATOS,1,0,Morelia,Mirador del Valle de Mil Cumbres,noviembre,miércoles,15,-101.10636100173,19.6878742548707
47193,47199,2023,,2023/11/01,15:50:00,COLISIÓN POR ALCANCE,ASFALTO,Bueno,Bueno,2,CHEVROLET,GRIS,2,,18,MASCULINO,SIN DATOS,0,0,Morelia,Sentimientos de La Nacion,noviembre,miércoles,16,-101.236871257424,19.6848036400221
47194,47200,2023,,2023/11/01,16:20:00,COLISIÓN CON PEATÓN,ASFALTO,Bueno,Bueno,1,ITALIKA,GRIS,2,MINISTERIO PÚBLICO,28,MASCULINO,SIN DATOS,1,0,Morelia,Tzindurio Norte,noviembre,miércoles,16,-101.244704984128,19.7033552293544
47195,47201,2023,,2023/11/01,17:30:00,COLISIÓN POR ALCANCE,ASFALTO,Bueno,Bueno,2,TOYOTA,ROJO,2,,30,FEMENINO,SIN DATOS,0,0,Morelia,Loma de Los Piñones,noviembre,miércoles,18,-101.205067634583,19.6740201920958
47196,47202,2023,,2023/11/01,18:50:00,COLISIÓN POR INVASIÓN DE CARRIL,ASFALTO,Bueno,Bueno,2,MAZDA,S/D,2,MINISTERIO PÚBLICO,21,FEMENINO,SIN DATOS,0,0,Hidalgo,Corros,noviembre,miércoles,19,-100.555387996137,19.7072139549091
47197,47203,2023,,2023/11/01,19:20:00,COLISIÓN CONTRA OBJETO FIJO,ASFALTO,Bueno,Bueno,1,TOYOTA,BLANCO,1,,45,MASCULINO,SIN DATOS,0,0,Morelia,Ciudad Industrial,noviembre,miércoles,19,-101.134514138103,19.7312385422195
47198,47204,2023,,2023/11/01,19:20:00,COLISIÓN CONTRA OBJETO FIJO,ASFALTO,Bueno,Bueno,2,BMW,BLANCO,2,,47,FEMENINO,SIN DATOS,0,0,Morelia,Ocolusen Iii,noviembre,miércoles,19,-101.151108294725,19.6849071838692
47199,47205,2023,,2023/11/02,"03:40:00",COLISIÓN POR CORTE DE CIRCULACIÓN,ASFALTO,Bueno,Bueno,2,TOYOTA,BLANCO,2,,31,MASCULINO,SIN DATOS,0,0,Morelia,Vasco de Quiroga,noviembre,jueves,4,-101.175843961537,19.6992268423374
47200,47206,2023,,2023/11/02,13:50:00,COLISIÓN CONTRA OBJETO FIJO,ASFALTO,Bueno,Bueno,1,NISSAN,GRIS,2,MINISTERIO PÚBLICO,49,MASCULINO,SIN DATOS,1,0,Pátzcuaro,Del Cristo,noviembre,jueves,14,-101.596816666424,19.5204731345805
47201,47207,2023,,2023/11/02,15:30:00,COLISIÓN POR CORTE DE CIRCULACIÓN,ASFALTO,Bueno,Bueno,2,ITALIKA,NEGRO,2,,22,MASCULINO,SIN DATOS,0,0,Morelia,Torreon Nuevo,noviembre,jueves,16,-101.199060156941,19.736148114876
47202,47208,2023,LEG50452,2023/11/02,18:30:00,COLISIÓN POR CORTE DE CIRCULACIÓN,ASFALTO,Bueno,Bueno,2,VOLKSWAGEN,GRIS,2,,51,FEMENINO,SIN DATOS,0,0,Morelia,San Rafael,noviembre,jueves,19,-101.154768168926,19.7004888225447
47203,47209,2023,MOR223456789,2023/11/02,19:55:00,COLISIÓN POR CORTE DE CIRCULACIÓN,ASFALTO,Bueno,Bueno,2,NISSAN,BLANCO,2,,,MASCULINO,SIN DATOS,0,0,Morelia,Americas Britania,noviembre,jueves,20,-101.149553284049,19.6931570141086
47204,47210,2023,LEG50448,2023/11/02,20:40:00,COLISIÓN POR ALCANCE,ASFALTO,Bueno,Bueno,3,DODGE,BLANCO,3,,,MASCULINO,SIN DATOS,0,0,Morelia,Union,noviembre,jueves,21,-101.156705729663,19.7146915686143
47205,47211,2023,,2023/11/02,20:45:00,COLISIÓN POR MANIOBRA DE REVERSA,ASFALTO,Bueno,Bueno,2,VOLSKWAGEN,GRIS,2,,42,MASCULINO,SIN DATOS,0,0,Morelia,La Colina,noviembre,jueves,21,-101.214008778334,19.7086078078571
47206,47212,2023,,2023/11/03,"09:10:00",COLISIÓN POR NO RESPETAR SEMÁFORO,ASFALTO,Bueno,Bueno,2,NISSAN,GRIS,2,,54,FEMENINO,SIN DATOS,0,0,Morelia,Tres Puentes,noviembre,viernes,9,-101.213524742681,19.7058468756013
47207,47213,2023,,2023/11/03,10:15:00,COLISIÓN POR CAMBIO DE CARRIL,ASFALTO,Bueno,Bueno,2,KENWORTH,BLANCO,2,,36,MASCULINO,SIN DATOS,0,0,Morelia,Elias Perez Avalos,noviembre,viernes,10,-101.167813022979,19.7136335493406
47208,47214,2023,,2023/11/03,15:25:00,COLISIÓN POR MANIOBRA DE REVERSA,ASFALTO,Bueno,Bueno,2,JEEP,GRIS,2,,54,MASCULINO,SIN DATOS,0,0,Morelia,Las Americas,noviembre,viernes,15,-101.152235157788,19.6885359114679
47209,47215,2023,,2023/11/03,15:30:00,COLISIÓN POR CORTE DE CIRCULACIÓN,SIN_DATOS,Bueno,Bueno,2,NISSAN,AZUL,2,MINISTERIO PÚBLICO,22,MASCULINO,SIN DATOS,0,0,Morelia,Cosmos,noviembre,viernes,16,-101.217404454947,19.6852370715941
47210,47216,2023,,2023/11/03,16:00:00,COLISIÓN POR ALCANCE,ASFALTO,Bueno,Bueno,2,VENTO,AMARILLO/NEGRO,2,,22,MASCULINO,SIN DATOS,0,0,Morelia,El Lago 1,noviembre,viernes,16,-101.21427834034,19.7269631746749
47211,47217,2023,,2023/11/03,16:20:00,COLISIÓN POR ALCANCE,ASFALTO,Bueno,Bueno,2,ITALIKA,ROJO,1,MINISTERIO PÚBLICO,,MASCULINO,SIN DATOS,0,0,Morelia,Los Pinos de Michoacan,noviembre,viernes,16,-101.216556541622,19.6826213115988
47212,47218,2023,,2023/11/03,17:30:00,COLISIÓN POR ALCANCE,ASFALTO,Bueno,Bueno,2,VOLKSWAGEN,BLANCO,2,,31,MASCULINO,SIN DATOS,0,0,Morelia,Nueva Valladolid,noviembre,viernes,18,-101.210582926869,19.6955358561159
47213,47219,2023,,2023/11/03,19:00:00,COLISIÓN POR CORTE DE CIRCULACIÓN,CONCRETO,Bueno,Bueno,2,ITALIKA,GRIS,2,,21,MASCULINO,SIN DATOS,0,0,Morelia,Adolfo Lopez Mateos,noviembre,viernes,19,-101.226263791323,19.6960544869603
47214,47220,2023,LEG50464,2023/11/03,23:40:00,COLISIÓN POR NO RESPETAR SEMÁFORO,ASFALTO,Bueno,Bueno,2,HONDA,GRIS ACERO,3,MINISTERIO PÚBLICO,51,MASCULINO,SIN DATOS,1,0,Morelia,Morelos,noviembre,viernes,0,-101.209210306406,19.6981656096575
47215,47221,2023,LEG50466,2023/11/04,"00:00:00",SALIDA DE SUPERFICIE DE RODAMIENTO,CONCRETO,Bueno,Bueno,1,FORD,GRIS,1,,30,MASCULINO,ALIENTO ETÍLICO,0,0,Morelia,Ampliacion La Soledad,noviembre,sábado,0,-101.182660125196,19.7392142726738
47216,47222,2023,,2023/11/04,"05:10:00",COLISIÓN CONTRA OBJETO FIJO,ASFALTO,Bueno,Bueno,1,VOLKSWAGEN,BLANCO,1,MINISTERIO PÚBLICO,27,MASCULINO,SIN DATOS,0,0,Morelia,Montaña Monarca,noviembre,sábado,5,-101.165412850678,19.6716325063756
47217,47223,2023,LEG50471,2023/11/04,"08:59:00",COLISIÓN POR ALCANCE,ASFALTO,Bueno,Bueno,3,FREIGHTLINER,AZUL,3,,,MASCULINO,SIN DATOS,0,0,Morelia,Lomas de Morelia (Dr Ignacio Chavez),noviembre,sábado,9,-101.175924427807,19.717819683585
47218,47224,2023,,2023/11/04,13:35:00,COLISIÓN POR CORTE DE CIRCULACIÓN,CONCRETO,Bueno,Bueno,2,HINO MOTORS,BLANCO,1,,29,MASCULINO,SIN DATOS,0,0,Morelia,Felicitas del Rio,noviembre,sábado,14,-101.200259774923,19.6933423099985
47219,47225,2023,LEG50463,2023/11/04,14:00:00,COLISIÓN POR ALCANCE,ASFALTO,Bueno,Bueno,2,NISSAN,GRIS,2,MINISTERIO PÚBLICO,36,MASCULINO,SIN DATOS,0,0,Morelia,Cinco de Diciembre,noviembre,sábado,14,-101.164033189416,19.6856701863122
47220,47226,2023,LEG50467,2023/11/04,14:00:00,COLISIÓN POR CAMBIO DE CARRIL,ASFALTO,Bueno,Bueno,2,ITALIKA,GRIS,3,MINISTERIO PÚBLICO,20,MASCULINO,SIN DATOS,1,0,Morelia,Sin datos,noviembre,sábado,14,-101.168205030262,19.6684315057678
47221,47227,2023,LEG50473,2023/11/04,14:00:00,COLISIÓN POR ALCANCE,ASFALTO,Bueno,Bueno,3,VOLKSWAGEN,BLANCO,3,,38,MASCULINO,SIN DATOS,0,0,Morelia,Loma de Los Piñones,noviembre,sábado,14,-101.205536350608,19.6737461609523
47222,47228,2023,,2023/11/04,14:00:00,COLISIÓN POR CORTE DE CIRCULACIÓN,ASFALTO,Bueno,Bueno,2,NISSAN,ARENA,0,MINISTERIO PÚBLICO,,,,0,0,Irimbo,Sin datos,noviembre,sábado,14,-100.460075363517,19.7301339701435
47223,47229,2023,,2023/11/04,14:00:00,CAIDA DE MOTOCICLETA,ASFALTO,Bueno,Bueno,0,,,0,MINISTERIO PÚBLICO,,,,0,0,Irimbo,Sin datos,noviembre,sábado,14,-100.461265929043,19.7388254835899
47224,47230,2023,,2023/11/04,18:00:00,COLISIÓN POR INVASIÓN DE CARRIL,CONCRETO,Bueno,Bueno,2,VOLKSWAGEN,VERDE,2,,38,MASCULINO,SIN DATOS,0,0,Morelia,Club de Golf Tres Marias,noviembre,sábado,18,-101.113332819976,19.7245328083519
47225,47231,2023,,2023/11/04,19:36:00,SUBIDA AL CAMELLÓN,ASFALTO,Bueno,Bueno,1,VOLKSWAGEN,BLANCO,1,,45,MASCULINO,SIN DATOS,0,0,Morelia,Lomas de Hidalgo,noviembre,sábado,20,-101.158907152712,19.6955143911391
47226,47232,2023,,2023/11/04,21:40:00,VOLCADURA,ASFALTO,Bueno,Bueno,1,JEEP,PLATA,0,,,,,0,0,Morelia,Barrio Alto,noviembre,sábado,22,-101.196601577103,19.7248000419098
47227,47233,2023,LEG50478,2023/11/05,"03:18:00",COLISIÓN POR CORTE DE CIRCULACIÓN,ASFALTO,Bueno,Bueno,2,NISSAN,BLANCO/ROJO,2,MINISTERIO PÚBLICO,28,MASCULINO,SIN DATOS,0,0,Morelia,Nueva Valladolid,noviembre,domingo,3,-101.208130717278,19.7006501204481
47228,47234,2023,MOR 230730365,2023/11/05,"03:45:00",COLISIÓN POR ALCANCE,ASFALTO,Bueno,Regular,2,CHEVROLET,PLATA,2,,58,MASCULINO,SIN DATOS,0,0,Morelia,Ignacio Zaragoza,noviembre,domingo,4,-101.20558898896,19.7254612301853
47229,47235,2023,LEG50477,2023/11/05,"05:50:00",COLISIÓN CONTRA OBJETO FIJO,ASFALTO,Bueno,Regular,1,CHEVROLET,PLATA,0,,,,,0,0,Morelia,Torreon Nuevo,noviembre,domingo,6,-101.202506795526,19.7445297323709
47230,47236,2023,MOR230731607,2023/11/05,16:40:00,COLISIÓN POR CAMBIO DE CARRIL,ASFALTO,Bueno,Bueno,2,VENTO,NEGRO Y ROJO,2,,21,MASCULINO,SIN DATOS,0,0,Morelia,San Pascual,noviembre,domingo,17,-101.268190070987,19.6949850260204
47231,47237,2023,LEG50480,2023/11/05,19:10:00,COLISIÓN POR CORTE DE CIRCULACIÓN,ASFALTO,Bueno,Bueno,3,CHEVROLET,AZUL,3,,76,MASCULINO,SIN DATOS,0,0,Morelia,El Eden,noviembre,domingo,19,-101.249636225402,19.6460325007178
47232,47238,2023,,2023/11/05,22:50:00,COLISIÓN POR ALCANCE,ASFALTO,Bueno,Bueno,2,HONDA,GRIS,1,MINISTERIO PÚBLICO,,,SIN DATOS,0,0,Morelia,Villas del Pedregal,noviembre,domingo,23,-101.302209,19.685042
47233,47239,2023,,2023/11/06,"08:18:00",COLISIÓN POR ALCANCE,ASFALTO,Bueno,Bueno,2,TOYOTA,GRIS,2,,26,MASCULINO,SIN DATOS,0,0,Morelia,Felix Arreguin,noviembre,lunes,8,-101.225279877508,19.7200541458846
47234,47240,2023,,2023/11/06,"08:18:00",COLISIÓN POR ALCANCE,ASFALTO,Bueno,Bueno,4,CHEVROLET,GRIS,4,MINISTERIO PÚBLICO,24,MASCULINO,SIN DATOS,0,0,Morelia,Felix Arreguin,noviembre,lunes,8,-101.225279877508,19.7200541458846
47235,47241,2023,,2023/11/06,11:46:00,COLISIÓN POR ALCANCE,ASFALTO,Bueno,Bueno,2,VOLKSWAGEN,GRIS,2,MINISTERIO PÚBLICO,26,MASCULINO,SIN DATOS,0,0,Morelia,Gertrudis Sanchez,noviembre,lunes,12,-101.205776745,19.7441101549991
47236,47242,2023,,2023/11/06,11:47:00,COLISIÓN POR CORTE DE CIRCULACIÓN,ASFALTO,Bueno,Bueno,2,NISSAN,NEGRO,2,,32,MASCULINO,SIN DATOS,0,0,Morelia,Nueva Valladolid,noviembre,lunes,12,-101.211483945359,19.6992598320994
47237,47243,2023,MOR 230733164,2023/11/06,12:10:00,COLISIÓN POR CORTE DE CIRCULACIÓN,CONCRETO,Bueno,Bueno,2,S/D,S/D,2,MINISTERIO PÚBLICO,35,MASCULINO,SIN DATOS,1,0,Morelia,Ferrocarrilero,noviembre,lunes,12,-101.223609235,19.6918737849991
47238,47244,2023,,2023/11/06,14:45:00,COLISIÓN POR CORTE DE CIRCULACIÓN,CONCRETO,Bueno,Bueno,2,VOLKSWAGEN,ROJO,2,,20,MASCULINO,SIN DATOS,0,0,Morelia,Lomas de Santa Maria,noviembre,lunes,15,-101.183394924369,19.6734112634566