fid,id_accidente,anio_origen,folio_c5i,dia_incidente,hora_ocurrencia,tipo_incidente_vial,superficie_ocurrencia,condiciones_climaticas,condiciones_via,numero_vehiculos_involucrados,marca_vehiculo_ocasiona_siniestro,color_vehiculo_ocasiona_siniestro,numero_personas_involucradas,lugar_remite_presunto_responsable,edad_presunto_responsable,sexo_presunto_responsable,resultados_toxicologia,numero_personas_lesionadas,numero_personas_fallecidas,municipio,colonia,mes,dia_semana,hora_redondeada,lon,lat
47239,47245,2023,,2023/11/06,15:00:00,COLISIÓN POR ALCANCE,ASFALTO,Bueno,Bueno,2,FORD,BLANCO,2,,20,MASCULINO,SIN DATOS,0,0,Morelia,Elias Perez Avalos,noviembre,lunes,15,-101.167813022979,19.7136335493406
47240,47246,2023,,2023/11/06,15:00:00,COLISIÓN POR CORTE DE CIRCULACIÓN,ASFALTO,Bueno,Bueno,2,S/D,S/D,0,,,,,0,0,Morelia,Gustavo Diaz Ordaz,noviembre,lunes,15,-101.20599683,19.6941365749992
47241,47247,2023,,2023/11/06,16:47:00,COLISIÓN POR ALCANCE,ASFALTO,Bueno,Bueno,2,TOYOTA,BLANCO Y NARANJA,2,,40,MASCULINO,SIN DATOS,0,0,Morelia,Centro,noviembre,lunes,17,-101.19118388321,19.702768457823
47242,47248,2023,MOR 230734185,2023/11/06,18:30:00,COLISIÓN POR CAMBIO DE CARRIL,ASFALTO,Bueno,Bueno,2,NISSAN,BLANCO,2,,40,MASCULINO,SIN DATOS,0,0,Morelia,Lomas de Huerta,noviembre,lunes,19,-101.212,19.6754
47243,47249,2023,,2023/11/06,19:40:00,COLISIÓN POR INVASIÓN DE CARRIL,ASFALTO,Bueno,Bueno,2,FREIHTLINER,BLANCO,2,,0,MASCULINO,SIN DATOS,0,0,Morelia,Rinconada del Valle,noviembre,lunes,20,-101.218889057636,19.6788573328973
47244,47250,2023,MOR 230734367,2023/11/06,19:55:00,COLISIÓN POR CAMBIO DE CARRIL,ASFALTO,Bueno,Bueno,2,MOVISTAR,CREMA,2,,63,MASCULINO,SIN DATOS,0,0,Morelia,Villa Universidad,noviembre,lunes,20,-101.20959864,19.6918456199992
47245,47251,2023,,2023/11/06,20:00:00,COLISIÓN POR ALCANCE,ASFALTO,Bueno,Bueno,2,NISSAN,BLANCO,1,MINISTERIO PÚBLICO,70,MASCULINO,SIN DATOS,0,0,Pátzcuaro,El Calvario,noviembre,lunes,20,-101.618554294109,19.5136235772356
47247,47253,2023,LEG50500,2023/11/07,"08:00:00",COLISIÓN POR ALCANCE,ASFALTO,Bueno,Bueno,2,SUZUKI,ROJO,2,,0,MASCULINO,SIN DATOS,0,0,Morelia,Justo Mendoza,noviembre,martes,8,-101.232151575387,19.7133160750175
47248,47254,2023,,2023/11/07,"08:55:00",COLISIÓN POR CORTE DE CIRCULACIÓN,CONCRETO,Bueno,Bueno,2,DODGE ESTRATUS,GRIS,2,,69,MASCULINO,SIN DATOS,0,0,Morelia,Fuentes de Morelia,noviembre,martes,9,-101.204901002347,19.6737016466325
47249,47255,2023,LEG50501,2023/11/07,11:20:00,COLISIÓN POR CAMBIO DE CARRIL,ASFALTO,Bueno,Bueno,2,CHEVROLET,BLANCO Y ROJO,2,,44,MASCULINO,SIN DATOS,0,0,Morelia,Martires de Uruapan,noviembre,martes,11,-101.202654652297,19.7254583897642
47250,47256,2023,,2023/11/07,11:40:00,COLISIÓN POR MANIOBRA DE REVERSA,ASFALTO,Bueno,Bueno,2,FREIGHTLINER,BLANCO,2,,53,MASCULINO,SIN DATOS,0,0,Morelia,Lomas de Guayangareo,noviembre,martes,12,-101.15794826299,19.7025582212726
47251,47257,2023,LEG50502,2023/11/07,11:50:00,COLISIÓN POR CORTE DE CIRCULACIÓN,ASFALTO,Bueno,Bueno,2,NISSAN,GUINDA,2,,55,MASCULINO,SIN DATOS,0,0,Morelia,Lomas del Tecnologico,noviembre,martes,12,-101.188507340848,19.7199794390821
47252,47258,2023,,2023/11/07,12:20:00,COLISIÓN POR CAMBIO DE CARRIL,ASFALTO,Bueno,Bueno,2,FREIGHTLINER,BLANCO,2,,,MASCULINO,SIN DATOS,0,0,Morelia,Enrique Ramirez,noviembre,martes,12,-101.165178827941,19.7092706412746
47253,47259,2023,LEG50506,2023/11/07,18:15:00,VOLCADURA,ASFALTO,Bueno,Bueno,1,RENAULT,ARENA,1,,,,SIN DATOS,0,0,Charo,Sin datos,noviembre,martes,18,-100.924016386271,19.6673337615766
47254,47260,2023,,2023/11/07,18:50:00,COLISIÓN CON PEATÓN,ASFALTO,Bueno,Bueno,1,CHEVROLET CHEVY,GRIS,2,,50,MASCULINO,SIN DATOS,1,0,Morelia,Centro,noviembre,martes,19,-101.191611662507,19.7018783150027
47255,47261,2023,,2023/11/07,19:05:00,COLISIÓN POR ALCANCE,ASFALTO,Bueno,Bueno,2,BMW X3,BLANCO,2,,31,FEMENINO,SIN DATOS,0,0,Morelia,Lomas de Huerta,noviembre,martes,19,-101.214278005064,19.6743273716108
47256,47262,2023,,2023/11/07,19:25:00,COLISIÓN POR CAMBIO DE CARRIL,ASFALTO,Bueno,Bueno,2,KENWORTH,BLANCO,2,,60,MASCULINO,SIN DATOS,0,0,Morelia,Lomas de Huerta,noviembre,martes,19,-101.214264594018,19.6743194790304
47257,47263,2023,,2023/11/07,20:40:00,COLISIÓN POR CORTE DE CIRCULACIÓN,SIN_DATOS,Bueno,Bueno,1,SIN DATO,SIN DATO,1,,,,SIN DATOS,0,0,Morelia,Felix Ireta,noviembre,martes,21,-101.180875115097,19.6849289659505
47258,47264,2023,LEG50509,2023/11/07,21:00:00,COLISIÓN POR MANIOBRA DE REVERSA,CONCRETO,Bueno,Bueno,2,CHEVROLET,PLATA,1,MINISTERIO PÚBLICO,45,FEMENINO,SIN DATOS,0,0,Morelia,Agustin Arriaga Rivera,noviembre,martes,21,-101.224567629397,19.6910319358603
47259,47265,2023,LEG50507,2023/11/07,21:15:00,COLISIÓN POR MANIOBRA DE REVERSA,ASFALTO,Bueno,Bueno,2,JEEP,CAFE,2,,51,MASCULINO,SIN DATOS,0,0,Morelia,Felix Ireta,noviembre,martes,21,-101.180797331035,19.6853816537512
47260,47266,2023,,2023/11/07,21:15:00,COLISIÓN POR CORTE DE CIRCULACIÓN,CONCRETO,Bueno,Bueno,2,DODGE/INTREPID,VERDE,2,,25,MASCULINO,SIN DATOS,0,0,Morelia,Juarez,noviembre,martes,21,-101.195417717099,19.6956886361619
47261,47267,2023,,2023/11/07,23:40:00,COLISIÓN POR ALCANCE,CONCRETO,Bueno,Bueno,2,ITALIKA,NEGRO,2,MINISTERIO PÚBLICO,15,MASCULINO,SIN DATOS,0,0,Pátzcuaro,Vasco de Quiroga (La Loma),noviembre,martes,0,-101.600356176496,19.5217279862675
47262,47268,2023,LEG50514,2023/11/08,"07:40:00",COLISIÓN POR CORTE DE CIRCULACIÓN,CONCRETO,Bueno,Bueno,2,NISSAN,GRIS,2,MINISTERIO PÚBLICO,37,MASCULINO,SIN DATOS,0,0,Morelia,Agustin Arriaga Rivera,noviembre,miércoles,8,-101.221720129251,19.6934089154534
47263,47269,2023,,2023/11/08,12:20:00,COLISIÓN POR CORTE DE CIRCULACIÓN,ASFALTO,Bueno,Bueno,2,CHEVROLET,GUINDA,2,,61,FEMENINO,SIN DATOS,0,0,Morelia,Felix Ireta,noviembre,miércoles,12,-101.188197545707,19.6873805360485
47264,47270,2023,,2023/11/08,12:55:00,SALIDA DE SUPERFICIE DE RODAMIENTO,ASFALTO,Bueno,Bueno,1,MERCEDES BENZ,BLANCO,2,,32,MASCULINO,SIN DATOS,1,0,Morelia,Enrique Arreguin Robles,noviembre,miércoles,13,-101.184246651828,19.7196149054577
47265,47271,2023,MO0R 230737583,2023/11/08,14:20:00,COLISIÓN POR CORTE DE CIRCULACIÓN,ASFALTO,Bueno,Regular,2,INTERNACIONAL,BLANCO,2,,49,MASCULINO,SIN DATOS,0,0,Morelia,El Realito,noviembre,miércoles,14,-101.202735453844,19.725542655569
47266,47272,2023,LEG50516,2023/11/08,17:28:00,COLISIÓN POR CAMBIO DE CARRIL,ASFALTO,Bueno,Bueno,2,CHEVROLET,AZUL,2,MINISTERIO PÚBLICO,40,FEMENINO,SIN DATOS,0,0,Morelia,Cinco de Diciembre,noviembre,miércoles,17,-101.164263524115,19.6855113987636
47267,47273,2023,,2023/11/08,18:14:00,COLISIÓN POR CORTE DE CIRCULACIÓN,ASFALTO,Bueno,Bueno,2,NISSAN,GRIS,2,,26,MASCULINO,SIN DATOS,0,0,Morelia,Independencia,noviembre,miércoles,18,-101.17614235729,19.705609872694
47268,47274,2023,LEG50517,2023/11/08,20:35:00,COLISIÓN POR CAMBIO DE CARRIL,CONCRETO,Bueno,Regular,2,CHRYSLER,AZUL,2,,20,MASCULINO,SIN DATOS,0,0,Morelia,Cinco de Diciembre,noviembre,miércoles,21,-101.162297800183,19.6880867050207
47269,47275,2023,LEG50518,2023/11/09,"08:30:00",COLISIÓN POR CORTE DE CIRCULACIÓN,ASFALTO,Bueno,Bueno,2,VOLKSWAGEN,BLANCO,2,,25,MASCULINO,SIN DATOS,0,0,Morelia,Ventura Puente,noviembre,jueves,9,-101.187182954235,19.6926426896116
47270,47276,2023,LEG50519,2023/11/09,10:25:00,COLISIÓN POR CORTE DE CIRCULACIÓN,ASFALTO,Bueno,Bueno,2,VOLKSWAGEN,AZUL,3,MINISTERIO PÚBLICO,50,FEMENINO,SIN DATOS,1,0,Morelia,Molino de Parras,noviembre,jueves,10,-101.203508896233,19.6977341588019
47271,47277,2023,LEG50520,2023/11/09,13:25:00,COLISIÓN POR CAMBIO DE CARRIL,CONCRETO,Bueno,Bueno,2,STERLING,ROJO,2,,24,MASCULINO,SIN DATOS,0,0,Morelia,Chapultepec Norte,noviembre,jueves,13,-101.164486818016,19.695934535971
47272,47278,2023,,2023/11/09,13:30:00,COLISIÓN POR ALCANCE,ASFALTO,Bueno,Bueno,2,TOYOTA HILUX,BLANCO,2,,65,MASCULINO,SIN DATOS,0,0,Morelia,Arcos del Valle,noviembre,jueves,14,-101.236248314381,19.7076245998952
47273,47279,2023,,2023/11/09,14:35:00,COLISIÓN POR CAMBIO DE CARRIL,ASFALTO,Nublado,Bueno,2,GM/TRAIL BLAZER,NEGRO,2,,80,MASCULINO,SIN DATOS,0,0,Morelia,Vista Bella,noviembre,jueves,15,-101.195925675947,19.6790442736003
47274,47280,2023,LEG50523,2023/11/09,15:07:00,COLISIÓN POR CAMBIO DE CARRIL,ASFALTO,Bueno,Bueno,2,FAMSA,BLANCO,2,,32,MASCULINO,SIN DATOS,0,0,Morelia,Pascual Ortiz de Ayala,noviembre,jueves,15,-101.151504422657,19.696032531912
47275,47281,2023,,2023/11/09,18:35:00,SUBIDA AL CAMELLÓN,ASFALTO,Bueno,Bueno,1,HONDA CITY,GRIS,1,,50,FEMENINO,SIN DATOS,0,0,Morelia,Los Laureles,noviembre,jueves,19,-101.232922377234,19.7146136650311
47276,47282,2023,,2023/11/10,"00:00:00",COLISIÓN POR CORTE DE CIRCULACIÓN,ASFALTO,Bueno,Bueno,2,VOLKSWAGEN,AZUL,2,MINISTERIO PÚBLICO,40,MASCULINO,SIN DATOS,0,0,Morelia,Aquiles Serdan,noviembre,viernes,0,-101.167647130787,19.7227656478431
47277,47283,2023,,2023/11/10,"00:00:00",COLISIÓN POR INVASIÓN DE CARRIL,ASFALTO,Bueno,Bueno,2,RENAULT,GRIS,2,MINISTERIO PÚBLICO,51,MASCULINO,SIN DATOS,0,0,Morelia,Sin datos,noviembre,viernes,0,-101.278585977852,19.6437467056739
47278,47284,2023,,2023/11/10,"06:00:00",VOLCADURA,ASFALTO,Bueno,Bueno,1,CHEVROLET,GRIS,0,MINISTERIO PÚBLICO,,,,0,0,Lázaro Cárdenas,El Palmar 77,noviembre,viernes,6,-102.215150669217,17.9749412746372
47279,47285,2023,,2023/11/10,"07:40:00",CAIDA DE MOTOCICLETA,ASFALTO,Bueno,Bueno,1,ITALIKA,NEGRO-AMARILLO,3,MINISTERIO PÚBLICO,16,FEMENINO,SIN DATOS,2,0,Hidalgo,Corros,noviembre,viernes,8,-100.55538598448,19.7072136392708
47280,47286,2023,LEG50532,2023/11/10,"08:00:00",COLISIÓN POR ALCANCE,CONCRETO,Bueno,Bueno,2,MAZDA,AZUL,2,,36,MASCULINO,SIN DATOS,0,0,Morelia,Niño Artillero,noviembre,viernes,8,-101.25609330833,19.6973613155978
47281,47287,2023,,2023/11/10,"08:50:00",COLISIÓN POR CORTE DE CIRCULACIÓN,ASFALTO,Bueno,Bueno,2,NISSAN,ACERO,2,,31,MASCULINO,SIN DATOS,0,0,Morelia,Guadalupe,noviembre,viernes,9,-101.221585683525,19.7098539324097
47282,47288,2023,LEG50533,2023/11/10,12:05:00,COLISIÓN POR ALCANCE,ASFALTO,Bueno,Bueno,2,NISSAN,BLANCO,2,,23,MASCULINO,SIN DATOS,0,0,Morelia,Prados Verdes,noviembre,viernes,12,-101.197086721659,19.7166566291175
47283,47289,2023,,2023/11/10,12:20:00,COLISIÓN POR ALCANCE,ASFALTO,Bueno,Bueno,2,CHEVROLET,AZUL,2,,24,MASCULINO,SIN DATOS,0,0,Morelia,San Pascual,noviembre,viernes,12,-101.267357580364,19.6953556133535
47284,47290,2023,,2023/11/10,13:34:00,COLISIÓN POR CORTE DE CIRCULACIÓN,CONCRETO,Bueno,Bueno,2,PETERBILT,BLANCO,2,,37,MASCULINO,SIN DATOS,0,0,Morelia,Americas Britania,noviembre,viernes,14,-101.14922337234,19.6946494764429
47285,47291,2023,LEG50534,2023/11/10,19:50:00,COLISIÓN POR ALCANCE,ASFALTO,Bueno,Bueno,2,ITALIKA,NEGRO,2,,29,MASCULINO,SIN DATOS,0,0,Morelia,Felix Ireta,noviembre,viernes,20,-101.180246807635,19.6879373901602
47286,47292,2023,,2023/11/11,"00:00:00",COLISIÓN CONTRA OBJETO FIJO,ASFALTO,Bueno,Bueno,1,ITALIKA,NEGRO,0,MINISTERIO PÚBLICO,,,,0,0,Lázaro Cárdenas,El Sembrador,noviembre,sábado,0,-102.20252537492,17.9728620375347
47287,47293,2023,,2023/11/11,"00:10:00",COLISIÓN CONTRA OBJETO FIJO,ASFALTO,Bueno,Bueno,1,HONDA,ROJO,1,MINISTERIO PÚBLICO,,,,0,1,Morelia,Montaña Monarca,noviembre,sábado,0,-101.165416873991,19.6716299807075
47288,47294,2023,,2023/11/11,"05:20:00",COLISIÓN CONTRA OBJETO FIJO,ASFALTO,Bueno,Bueno,1,MITSUBISHI,NEGRA,1,MINISTERIO PÚBLICO,32,MASCULINO,SIN DATOS,0,0,Morelia,Felix Ireta,noviembre,sábado,5,-101.180598512292,19.6864006701435
47289,47295,2023,LEG50537,2023/11/11,"05:50:00",SALIDA DE SUPERFICIE DE RODAMIENTO,ASFALTO,Bueno,Bueno,1,HONDA,GRIS,1,,25,MASCULINO,SIN DATOS,0,0,Morelia,Torreon Nuevo,noviembre,sábado,6,-101.199071891606,19.7362083908796
47290,47296,2023,,2023/11/11,"09:20:00",COLISIÓN POR CAMBIO DE CARRIL,ASFALTO,Bueno,Bueno,2,TOYOTA,BLANCO/GRIS,2,,29,MASCULINO,SIN DATOS,0,0,Morelia,Victor Manuel Tinoco Rubi,noviembre,sábado,9,-101.243164390326,19.7005124964154
47291,47297,2023,,2023/11/11,"09:20:00",COLISIÓN POR CORTE DE CIRCULACIÓN,CONCRETO,Bueno,Bueno,2,HONDA,BLANCO,2,,22,MASCULINO,SIN DATOS,0,0,Morelia,Independencia,noviembre,sábado,9,-101.175385303795,19.7124452596229
47292,47298,2023,,2023/11/11,11:10:00,COLISIÓN POR ALCANCE,ASFALTO,Bueno,Bueno,2,ISUZU,BLANCO,2,,22,MASCULINO,SIN DATOS,0,0,Morelia,Ignaci0 Ramirez,noviembre,sábado,11,-101.223199702799,19.7261612346479
47293,47299,2023,LEG50540,2023/11/11,11:30:00,COLISIÓN POR ALCANCE,ASFALTO,Bueno,Bueno,2,NISSAN,AZUL,2,,17,MASCULINO,SIN DATOS,0,0,Morelia,Lindavista,noviembre,sábado,12,-101.216177679598,19.7038842511403
47294,47300,2023,,2023/11/11,12:20:00,COLISIÓN POR ALCANCE,ASFALTO,Bueno,Bueno,2,NISSAN,GRIS,2,,38,MASCULINO,SIN DATOS,0,0,Morelia,Isaac Arriaga,noviembre,sábado,12,-101.169466003776,19.7127615186075
47295,47301,2023,,2023/11/11,13:50:00,COLISIÓN POR CORTE DE CIRCULACIÓN,ASFALTO,Bueno,Bueno,2,DODGE GRAN CARAVAN,ROJO,2,,42,MASCULINO,SIN DATOS,0,0,Morelia,Granjas del Maestro,noviembre,sábado,14,-101.188698783517,19.7137279668378
47296,47302,2023,,2023/11/11,15:30:00,COLISIÓN CONTRA OBJETO FIJO,CONCRETO,Bueno,Bueno,1,JEEP,BLANCO/ROJO,1,,59,MASCULINO,ALIENTO ETÍLICO,0,0,Morelia,Nicolas Romero,noviembre,sábado,16,-101.149758808315,19.7041269819113
47297,47303,2023,,2023/11/11,16:30:00,COLISIÓN POR ALCANCE,ASFALTO,Bueno,Bueno,2,NISSAN,GRIS,1,MINISTERIO PÚBLICO,30,FEMENINO,SIN DATOS,0,0,Morelia,La Esperanza,noviembre,sábado,17,-101.250604838133,19.6986075277499
47298,47304,2023,LEG50548,2023/11/11,18:30:00,COLISIÓN POR CORTE DE CIRCULACIÓN,ASFALTO,Bueno,Bueno,2,NISSAN,GRIS,2,,30,MASCULINO,SIN DATOS,0,0,Morelia,Vasco de Quiroga,noviembre,sábado,19,-101.169780828059,19.706623078798
47299,47305,2023,LEG50550,2023/11/11,18:30:00,SALIDA DE SUPERFICIE DE RODAMIENTO,ASFALTO,Bueno,Bueno,1,SUZUKI,BLANCO,1,,69,MASCULINO,SIN DATOS,0,0,Morelia,Jardines de Torremolinos,noviembre,sábado,19,-101.229243054986,19.6770872252811
47300,47306,2023,,2023/11/11,19:40:00,COLISIÓN CON PEATÓN,CONCRETO,Bueno,Bueno,1,CHEVROLET,PLATA,2,MINISTERIO PÚBLICO,35,MASCULINO,SIN DATOS,0,1,Morelia,Camponubes,noviembre,sábado,20,-101.291668452322,19.6961340333563
47301,47307,2023,,2023/11/11,19:40:00,COLISIÓN POR CORTE DE CIRCULACIÓN,ASFALTO,Bueno,Bueno,2,CHRYSLER,AMARILLO,2,,23,MASCULINO,SIN DATOS,0,0,Morelia,Villas del Pedregal,noviembre,sábado,20,-101.304650679231,19.6875970906554
47302,47308,2023,,2023/11/12,"08:15:00",SALIDA DE SUPERFICIE DE RODAMIENTO,ASFALTO,Bueno,Bueno,1,RENAULT,AZUL,1,,,,SIN DATOS,0,0,Morelia,Sin datos,noviembre,domingo,8,-101.296339184046,19.5938287558122
47303,47309,2023,,2023/11/12,11:30:00,COLISIÓN POR CORTE DE CIRCULACIÓN,ASFALTO,Bueno,Bueno,2,CHEVROLET,ROJO,2,MINISTERIO PÚBLICO,0,FEMENINO,SIN DATOS,0,0,Lagunillas,Oriente,noviembre,domingo,12,-101.414129063487,19.5593791133512
47304,47310,2023,,2023/11/12,15:40:00,COLISIÓN POR CORTE DE CIRCULACIÓN,ASFALTO,Bueno,Bueno,2,CHEVROLET,PLATA,2,,31,FEMENINO,SIN DATOS,0,0,Morelia,Guadalupe,noviembre,domingo,16,-101.221583671868,19.7098533011434
47305,47311,2023,,2023/11/12,19:20:00,COLISIÓN POR ALCANCE,ASFALTO,Bueno,Bueno,2,TOYOTA,AMARILLO,2,,25,MASCULINO,SIN DATOS,0,0,Morelia,Diego Rivera,noviembre,domingo,19,-101.175971366465,19.7181605500481
47306,47312,2023,,2023/11/12,19:20:00,COLISIÓN CONTRA OBJETO FIJO,ASFALTO,Bueno,Bueno,2,ITALIKA,ROJO,0,MINISTERIO PÚBLICO,,,,0,0,Pátzcuaro,Erendira 1,noviembre,domingo,19,-101.614505861538,19.5065876779297
47307,47313,2023,,2023/11/12,19:45:00,COLISIÓN POR CORTE DE CIRCULACIÓN,ASFALTO,Bueno,Bueno,2,DODGE,GRIS,2,,36,MASCULINO,SIN DATOS,0,0,Morelia,Montaña Monarca,noviembre,domingo,20,-101.164698041975,19.6655789969815
47308,47314,2023,,2023/11/13,"00:30:00",SALIDA DE SUPERFICIE DE RODAMIENTO,ASFALTO,Bueno,Bueno,1,GMC JIMMY,GUINDA,2,MINISTERIO PÚBLICO,,,,2,0,Morelia,Sin datos,noviembre,lunes,1,-101.410756520927,19.6414267751419
47309,47315,2023,LEG50565,2023/11/13,"07:30:00",COLISIÓN POR ALCANCE,ASFALTO,Bueno,Bueno,2,VOLKSWAGEN,BLANCO,2,,37,MASCULINO,SIN DATOS,0,0,Morelia,Arcos del Valle,noviembre,lunes,8,-101.236178576946,19.7075731509655
47310,47316,2023,,2023/11/13,"07:50:00",COLISIÓN POR CORTE DE CIRCULACIÓN,CONCRETO,Nublado,Bueno,2,CHEVROLET/SONIC,ROJO,2,,35,MASCULINO,SIN DATOS,0,0,Morelia,Terrazas Tres Marias,noviembre,lunes,8,-101.118227422634,19.7014117675879
47311,47317,2023,LEG50569,2023/11/13,"08:00:00",COLISIÓN CONTRA OBJETO FIJO,ASFALTO,Bueno,Bueno,1,HERO,BLANCO Y NEGRO,1,MINISTERIO PÚBLICO,,,,0,1,Morelia,Primo Tapia Oriente,noviembre,lunes,8,-101.161717101932,19.7120380989314
47312,47318,2023,,2023/11/13,"08:00:00",COLISIÓN CONTRA OBJETO FIJO,ASFALTO,Bueno,Bueno,1,HERO,BLANCO,2,MINISTERIO PÚBLICO,0,MASCULINO,SIN DATOS,0,1,Morelia,Los Manantiales de Morelia,noviembre,lunes,8,-101.243017874658,19.7001690671204
47313,47319,2023,LEG50561,2023/11/13,"08:30:00",COLISIÓN CONTRA OBJETO FIJO,ASFALTO,Bueno,Bueno,2,NISSAN,BLANCO,2,MINISTERIO PÚBLICO,53,MASCULINO,SIN DATOS,0,0,Morelia,Rey Tariacuri (Eucaliptos),noviembre,lunes,9,-101.19871750474,19.6785836257213
47314,47320,2023,,2023/11/13,"08:40:00",COLISIÓN POR CORTE DE CIRCULACIÓN,ASFALTO,Bueno,Bueno,2,HONDA CRV,GRIS,2,,73,MASCULINO,SIN DATOS,0,0,Morelia,Balcones de Morelia,noviembre,lunes,9,-101.200923621655,19.6722182824855
47315,47321,2023,,2023/11/13,"09:30:00",COLISIÓN POR CAMBIO DE CARRIL,ASFALTO,Bueno,Bueno,2,FREIGHTLINER,BLANCO,2,,30,MASCULINO,SIN DATOS,0,0,Morelia,Felix Arreguin,noviembre,lunes,10,-101.227897591889,19.7191512679846
47316,47322,2023,,2023/11/13,12:25:00,COLISIÓN POR MANIOBRA DE REVERSA,CONCRETO,Bueno,Bueno,1,FREIGHTLINER,BLANCO,1,MINISTERIO PÚBLICO,28,MASCULINO,SIN DATOS,0,0,Morelia,Chapultepec Oriente,noviembre,lunes,12,-101.163821294904,19.694890011583
47317,47323,2023,LEG50567,2023/11/13,15:00:00,COLISIÓN POR CAMBIO DE CARRIL,ASFALTO,Bueno,Bueno,2,ISUZU,BLANCO,2,,28,MASCULINO,SIN DATOS,0,0,Morelia,Primo Tapia Oriente,noviembre,lunes,15,-101.161716431379,19.7120390458179
47318,47324,2023,,2023/11/13,17:25:00,COLISIÓN POR ALCANCE,ASFALTO,Bueno,Bueno,3,NISSAN,BLANCO,3,,39,MASCULINO,SIN DATOS,0,0,Morelia,Lazaro Cardenas,noviembre,lunes,17,-101.165335737169,19.7101408426908
47319,47325,2023,,2023/11/13,18:55:00,COLISIÓN POR CORTE DE CIRCULACIÓN,ASFALTO,Bueno,Bueno,2,HONDA,ROJO,2,,18,FEMENINO,SIN DATOS,0,0,Morelia,Lazaro Cardenas,noviembre,lunes,19,-101.164917983115,19.7093568094171
47320,47326,2023,,2023/11/13,21:10:00,COLISIÓN POR CAMBIO DE CARRIL,ASFALTO,Bueno,Bueno,2,NISSAN,GRIS,2,,28,MASCULINO,SIN DATOS,0,0,Morelia,Martires de Uruapan,noviembre,lunes,21,-101.197060570121,19.7248666342657
47321,47327,2023,LEG50572,2023/11/13,21:25:00,COLISIÓN POR CAMBIO DE CARRIL,ASFALTO,Bueno,Bueno,2,FORD,BLANCO,2,MINISTERIO PÚBLICO,0,MASCULINO,SIN DATOS,0,0,Morelia,Fidel Velazquez,noviembre,lunes,21,-101.237618923187,19.7067382871854
47322,47328,2023,,2023/11/13,22:20:00,COLISIÓN POR CAMBIO DE CARRIL,ASFALTO,Bueno,Bueno,2,KENWORTH T3,BLANCO,2,,27,MASCULINO,SIN DATOS,0,0,Morelia,Nueva Jacarndas,noviembre,lunes,22,-101.19200963527,19.6822626909199
47323,47329,2023,,2023/11/14,"07:20:00",COLISIÓN POR CAMBIO DE CARRIL,CONCRETO,Bueno,Bueno,2,NISSAN,ROJO,3,MINISTERIO PÚBLICO,24,MASCULINO,SIN DATOS,1,0,Morelia,Ferrocarrilero,noviembre,martes,7,-101.223609235,19.6918737849991
47324,47330,2023,LEG50581,2023/11/14,"07:50:00",SALIDA DE SUPERFICIE DE RODAMIENTO,CONCRETO,Bueno,Bueno,1,ITALIKA,BLANCO,2,,29,MASCULINO,SIN DATOS,1,0,Morelia,Ampliacion La Soledad,noviembre,martes,8,-101.183554405,19.7349146049992
47325,47331,2023,,2023/11/14,"08:00:00",COLISIÓN POR ALCANCE,ASFALTO,Bueno,Bueno,3,JEEP,NEGRO,3,,35,MASCULINO,SIN DATOS,0,0,Morelia,Felix Arreguin,noviembre,martes,8,-101.22789926827,19.7191500055253
47326,47332,2023,,2023/11/14,10:40:00,COLISIÓN CONTRA OBJETO FIJO,ASFALTO,Bueno,Bueno,2,TOYOTA,BLANCO Y MORADO,2,,43,MASCULINO,SIN DATOS,0,0,Morelia,Enrique Ramirez,noviembre,martes,11,-101.166607235,19.7092161999992
47327,47333,2023,,2023/11/14,11:25:00,COLISIÓN CONTRA OBJETO FIJO,CONCRETO,Bueno,Bueno,3,NISSAN,ROJO,3,MINISTERIO PÚBLICO,70,MASCULINO,SIN DATOS,0,0,Morelia,Indeco Expropiacion Petrolera,noviembre,martes,11,-101.228214092553,19.6843238018081
47328,47334,2023,,2023/11/14,11:40:00,COLISIÓN POR CORTE DE CIRCULACIÓN,ASFALTO,Bueno,Bueno,2,NISSAN,PLATA,2,,34,MASCULINO,SIN DATOS,0,0,Morelia,Villas Oriente,noviembre,martes,12,-101.144168047381,19.7544730091077
47329,47335,2023,,2023/11/14,13:46:00,COLISIÓN POR ALCANCE,ASFALTO,Bueno,Bueno,2,JEEP,NEGRO,2,,25,MASCULINO,SIN DATOS,0,0,Morelia,Nueva Jacarndas,noviembre,martes,14,-101.18803627789,19.6813705553604
47330,47336,2023,,2023/11/14,14:40:00,COLISIÓN POR CAMBIO DE CARRIL,ASFALTO,Bueno,Bueno,2,HONDA,BLANCA,2,,20,MASCULINO,SIN DATOS,0,0,Morelia,Libertad,noviembre,martes,15,-101.23769570142,19.6867627540227
47331,47337,2023,LEG50582,2023/11/14,16:20:00,COLISIÓN POR ALCANCE,ASFALTO,Bueno,Malo,2,CHEVROLET,BLANCO,2,,27,MASCULINO,SIN DATOS,0,0,Morelia,Felix Arreguin,noviembre,martes,16,-101.225790046155,19.7225898542764
47332,47338,2023,,2023/11/14,16:20:00,COLISIÓN CON PEATÓN,CONCRETO,Bueno,Bueno,1,CHEVROLET,PLATA,1,,35,FEMENINO,SIN DATOS,0,0,Morelia,Martires de Uruapan,noviembre,martes,16,-101.199494635752,19.7264452927551