fid,id_accidente,anio_origen,folio_c5i,dia_incidente,hora_ocurrencia,tipo_incidente_vial,superficie_ocurrencia,condiciones_climaticas,condiciones_via,numero_vehiculos_involucrados,marca_vehiculo_ocasiona_siniestro,color_vehiculo_ocasiona_siniestro,numero_personas_involucradas,lugar_remite_presunto_responsable,edad_presunto_responsable,sexo_presunto_responsable,resultados_toxicologia,numero_personas_lesionadas,numero_personas_fallecidas,municipio,colonia,mes,dia_semana,hora_redondeada,lon,lat
47333,47339,2023,,2023/11/14,18:00:00,COLISIÓN POR CORTE DE CIRCULACIÓN,ASFALTO,Bueno,Bueno,2,NISSAN,BLANCO,2,MINISTERIO PÚBLICO,32,MASCULINO,SIN DATOS,0,0,Pátzcuaro,Centro,noviembre,martes,18,-101.616438031197,19.5213095981199
47334,47340,2023,MOR230751029,2023/11/14,19:30:00,COLISIÓN POR CAMBIO DE CARRIL,CONCRETO,Bueno,Bueno,2,ISUZU,AZUL,2,,30,FEMENINO,SIN DATOS,0,0,Morelia,Ilustres Novohispanos,noviembre,martes,20,-101.152,19.7108
47335,47341,2023,LEG50587,2023/11/14,20:50:00,COLISIÓN POR CORTE DE CIRCULACIÓN,ASFALTO,Bueno,Bueno,2,ITALIKA,NEGRO,2,MINISTERIO PÚBLICO,27,MASCULINO,SIN DATOS,0,0,Morelia,Gral Gertrudis Sanchez,noviembre,martes,21,-101.2094753,19.7439916449991
47336,47342,2023,MOR230751200,2023/11/14,21:20:00,COLISIÓN POR CAMBIO DE CARRIL,CONCRETO,Bueno,Bueno,2,VW,BLANCO,2,,22,MASCULINO,SIN DATOS,0,0,Morelia,Enrique Arreguin Robles,noviembre,martes,21,-101.184191331267,19.7195928124841
47338,47344,2023,,2023/11/15,12:00:00,COLISIÓN CON PEATÓN,SIN_DATOS,Bueno,Bueno,1,HONDA,ROJO,0,MINISTERIO PÚBLICO,,,,0,0,Lázaro Cárdenas,Pie de Casa,noviembre,miércoles,12,-102.222392633557,17.9662223289934
47339,47345,2023,,2023/11/15,12:10:00,COLISIÓN POR CORTE DE CIRCULACIÓN,ASFALTO,Bueno,Bueno,2,VOLKSWAGEN,PLATA,0,MINISTERIO PÚBLICO,,,,0,0,Lázaro Cárdenas,Centro,noviembre,miércoles,12,-102.200546041131,17.9614530217691
47340,47346,2023,,2023/11/15,14:45:00,COLISIÓN CONTRA OBJETO FIJO,CONCRETO,Bueno,Bueno,1,IZUSU,ROJO,1,,32,MASCULINO,SIN DATOS,0,0,Morelia,Camelinas,noviembre,miércoles,15,-101.174,19.6806
47343,47349,2023,,2023/11/16,"06:50:00",COLISIÓN POR ALCANCE,ASFALTO,Bueno,Bueno,2,CHEVROLET,NARANJA,2,,35,FEMENINO,SIN DATOS,0,0,Morelia,Irrigacion,noviembre,jueves,7,-101.220605671406,19.7054517362091
47344,47350,2023,,2023/11/16,"08:20:00",COLISIÓN POR CAMBIO DE CARRIL,CONCRETO,Bueno,Bueno,2,KEN,BLANCO,2,,43,MASCULINO,SIN DATOS,0,0,Morelia,Fidel Velazquez,noviembre,jueves,8,-101.237322830667,19.7055988572972
47345,47351,2023,,2023/11/16,"09:34:00",COLISIÓN POR CAMBIO DE CARRIL,ASFALTO,Bueno,Bueno,2,KENWORTH,BLANCO,2,,51,MASCULINO,SIN DATOS,0,0,Morelia,La Colina,noviembre,jueves,10,-101.216170974076,19.7038185969803
47346,47352,2023,LEG50602,2023/11/16,11:46:00,COLISIÓN CONTRA OBJETO FIJO,ASFALTO,Bueno,Bueno,2,DINA,AZUL,2,,21,MASCULINO,SIN DATOS,0,0,Morelia,Vicente Guerrero,noviembre,jueves,12,-101.228834688663,19.7029761380847
47347,47353,2023,,2023/11/16,12:40:00,COLISIÓN POR ALCANCE,ASFALTO,Bueno,Bueno,1,MAZDA,GRIS,1,,25,MASCULINO,SIN DATOS,0,0,Morelia,Xangari,noviembre,jueves,13,-101.220692843199,19.6741167974332
47348,47354,2023,,2023/11/16,13:00:00,COLISIÓN POR CORTE DE CIRCULACIÓN,ASFALTO,Bueno,Bueno,2,Kia,gris,2,,40,FEMENINO,SIN DATOS,0,0,Morelia,Villas del Real,noviembre,jueves,13,-101.198946833611,19.7333854928929
47349,47355,2023,,2023/11/16,13:00:00,COLISIÓN POR CORTE DE CIRCULACIÓN,ASFALTO,Bueno,Bueno,2,KIA,GRIS,2,,40,FEMENINO,SIN DATOS,0,0,Morelia,Villas del Real,noviembre,jueves,13,-101.199042722583,19.7331390194987
47350,47356,2023,,2023/11/16,14:50:00,COLISIÓN POR CAMBIO DE CARRIL,CONCRETO,Bueno,Bueno,2,VOLKSWAGEN,PLATA,2,,,MASCULINO,SIN DATOS,0,0,Morelia,Sentimientos de La Nacion,noviembre,jueves,15,-101.2368715927,19.6848023772919
47351,47357,2023,,2023/11/16,15:30:00,COLISIÓN CON PEATÓN,ASFALTO,Bueno,Bueno,1,CHEVROLET,AZUL,2,,33,MASCULINO,SIN DATOS,1,0,Morelia,El Realito,noviembre,jueves,16,-101.203611530364,19.7256480666629
47352,47358,2023,LEG50603,2023/11/16,16:10:00,COLISIÓN POR ALCANCE,ASFALTO,Bueno,Bueno,2,NISSAN,BLANCO,2,,25,MASCULINO,SIN DATOS,0,0,Morelia,Mirador del Punhuato,noviembre,jueves,16,-101.159951873124,19.7048195043494
47353,47359,2023,,2023/11/16,17:20:00,COLISIÓN POR INVASIÓN DE CARRIL,ASFALTO,Bueno,Bueno,2,MERCEDES BENZ,BLANCO,2,MINISTERIO PÚBLICO,47,MASCULINO,SIN DATOS,0,0,Morelia,Ferrocarrilero,noviembre,jueves,17,-101.217478215694,19.6975630208065
47354,47360,2023,,2023/11/17,"08:45:00",COLISIÓN POR CAMBIO DE CARRIL,ASFALTO,Bueno,Bueno,2,VOLKSWAGEN,NEGRO,2,MINISTERIO PÚBLICO,,,SIN DATOS,1,0,Hidalgo,Corros,noviembre,viernes,9,-100.555386990309,19.7072139549091
47355,47361,2023,,2023/11/17,11:30:00,COLISIÓN POR CAMBIO DE CARRIL,ASFALTO,Bueno,Bueno,2,FREIGHTLINER,BLANCO CON NARANJA,2,,58,MASCULINO,SIN DATOS,0,0,Morelia,Independencia,noviembre,viernes,12,-101.177708767354,19.7191635769614
47356,47362,2023,,2023/11/17,12:00:00,COLISIÓN POR INVASIÓN DE CARRIL,ASFALTO,Bueno,Bueno,4,HONDA,BLANCO,3,MINISTERIO PÚBLICO,49,MASCULINO,SIN DATOS,0,0,Morelia,Jardines de La Loma,noviembre,viernes,12,-101.224347017705,19.6767993086565
47357,47363,2023,LEG50619,2023/11/17,13:50:00,COLISIÓN POR CAMBIO DE CARRIL,ASFALTO,Bueno,Bueno,2,NISSAN,BLANCO,2,MINISTERIO PÚBLICO,38,MASCULINO,CON CERTIFICADO,0,0,Morelia,Elias Perez Avalos,noviembre,viernes,14,-101.169281601906,19.7130610487456
47358,47364,2023,LEG50620,2023/11/17,16:15:00,COLISIÓN POR NO RESPETAR SEMÁFORO,ASFALTO,Bueno,Bueno,2,NISSAN,ROJO,2,MINISTERIO PÚBLICO,17,MASCULINO,SIN DATOS,0,0,Morelia,Bosques de Oriente,noviembre,viernes,16,-101.155579537153,19.7156112931607
47359,47365,2023,,2023/11/17,17:55:00,COLISIÓN POR CORTE DE CIRCULACIÓN,CONCRETO,Bueno,Bueno,2,CHRYSLER,ROJO,2,,22,MASCULINO,SIN DATOS,0,0,Morelia,Primaveras,noviembre,viernes,18,-101.22647434473,19.6826642450066
47360,47366,2023,LEG50616,2023/11/17,18:10:00,COLISIÓN POR CAMBIO DE CARRIL,ASFALTO,Bueno,Bueno,2,MAN,VERDE,2,,,MASCULINO,SIN DATOS,0,0,Morelia,Isaac Arriaga,noviembre,viernes,18,-101.167700774968,19.7094224613041
47361,47367,2023,,2023/11/17,18:35:00,COLISIÓN POR CAMBIO DE CARRIL,ASFALTO,Bueno,Bueno,2,TOYOTA,GRIS,2,,59,MASCULINO,SIN DATOS,0,0,Morelia,Villas de La Esperanza,noviembre,viernes,19,-101.275140345097,19.6927665346743
47362,47368,2023,LEG50618,2023/11/17,18:50:00,COLISIÓN POR CORTE DE CIRCULACIÓN,ASFALTO,Bueno,Bueno,2,YAMAHA,BLANCO,2,MINISTERIO PÚBLICO,26,MASCULINO,SIN DATOS,0,0,Morelia,Felix Ireta,noviembre,viernes,19,-101.195888109505,19.6822361731617
47363,47369,2023,MOR231,2023/11/18,"02:20:00",COLISIÓN POR CORTE DE CIRCULACIÓN,ASFALTO,Bueno,Bueno,2,CRYSLER,BLANCO,2,MINISTERIO PÚBLICO,25,MASCULINO,ALIENTO ETÍLICO,0,0,Morelia,Canteras de Morelia,noviembre,sábado,2,-101.171512529254,19.714750590218
47364,47370,2023,,2023/11/18,"07:00:00",COLISIÓN POR ALCANCE,ASFALTO,Bueno,Bueno,2,HONDA,NEGRO,2,,35,MASCULINO,SIN DATOS,0,0,Morelia,Arcos del Valle,noviembre,sábado,7,-101.236248649657,19.7076245998952
47365,47371,2023,,2023/11/18,"08:40:00",COLISIÓN POR INVASIÓN DE CARRIL,ASFALTO,Bueno,Bueno,2,NISSAN,BLANCO,2,,,MASCULINO,SIN DATOS,0,0,Morelia,La Capilla,noviembre,sábado,9,-101.157529167831,19.6588830581083
47366,47372,2023,MOR 230755842,2023/11/18,"09:00:00",COLISIÓN POR CAMBIO DE CARRIL,ASFALTO,Bueno,Bueno,2,KENWORTH,ROJO,2,MINISTERIO PÚBLICO,18,MASCULINO,SIN DATOS,0,0,Morelia,Los Angeles,noviembre,sábado,9,-101.17597438395,19.7424065991899
47367,47373,2023,LEG50630,2023/11/18,11:50:00,COLISIÓN POR CAMBIO DE CARRIL,ADOQUIN_EMPEDRADO,Bueno,Bueno,2,MAZDA,NEGRO,1,MINISTERIO PÚBLICO,,MASCULINO,SIN DATOS,0,0,Morelia,Isaac Arriaga,noviembre,sábado,12,-101.17236463101,19.7125756816434
47368,47374,2023,,2023/11/18,12:20:00,COLISIÓN POR ALCANCE,ASFALTO,Bueno,Bueno,3,NISSAN,ROJO,3,,26,MASCULINO,SIN DATOS,0,0,Morelia,Arcos del Valle,noviembre,sábado,12,-101.236248984933,19.7076242842577
47369,47375,2023,LEG50634,2023/11/18,13:24:00,COLISIÓN POR CORTE DE CIRCULACIÓN,ASFALTO,Bueno,Bueno,2,NISSAN,BLANCO,2,,35,MASCULINO,SIN DATOS,0,0,Morelia,Victor Manuel Tinoco Rubi,noviembre,sábado,13,-101.243033967912,19.7004310582853
47370,47376,2023,,2023/11/18,16:45:00,COLISIÓN POR MANIOBRA DE REVERSA,ASFALTO,Bueno,Bueno,2,VOLKSWAGEN,NEGRO,2,,55,FEMENINO,SIN DATOS,0,0,Morelia,Felix Ireta,noviembre,sábado,17,-101.191987842321,19.6879629599453
47371,47377,2023,,2023/11/18,17:00:00,COLISIÓN POR CORTE DE CIRCULACIÓN,ASFALTO,Bueno,Bueno,2,NISSAN,PLATA,0,MINISTERIO PÚBLICO,,,,0,0,Lázaro Cárdenas,Centro,noviembre,sábado,17,-102.191852,17.955388
47372,47378,2023,,2023/11/18,17:40:00,COLISIÓN POR CORTE DE CIRCULACIÓN,ASFALTO,Bueno,Bueno,2,ITALIKA,GUINDA,2,,19,MASCULINO,SIN DATOS,0,0,Morelia,Tres Puentes,noviembre,sábado,18,-101.213272511959,19.7033530198325
47373,47379,2023,,2023/11/18,18:05:00,COLISIÓN POR INVASIÓN DE CARRIL,ASFALTO,Bueno,Bueno,2,DINA,CAFE,2,,34,MASCULINO,SIN DATOS,0,0,Morelia,Sin datos,noviembre,sábado,18,-101.302579678595,19.5879529932153
47374,47380,2023,,2023/11/18,18:25:00,COLISIÓN CONTRA OBJETO FIJO,SIN_DATOS,Bueno,Bueno,1,FREIGTLINER,GUINDA,0,MINISTERIO PÚBLICO,,,,0,0,Lázaro Cárdenas,Centro,noviembre,sábado,18,-102.195637598634,17.9584578667612
47375,47381,2023,LEG50631,2023/11/18,19:15:00,COLISIÓN POR INVASIÓN DE CARRIL,ASFALTO,Bueno,Bueno,2,FORD,VERDE,2,,74,MASCULINO,SIN DATOS,0,0,Morelia,San Juanito Itzicuaro,noviembre,sábado,19,-101.258785240352,19.6727905210287
47376,47382,2023,LEG50635,2023/11/18,20:02:00,COLISIÓN POR CORTE DE CIRCULACIÓN,ASFALTO,Bueno,Bueno,2,HONDA,GRIS,2,,64,MASCULINO,SIN DATOS,0,0,Morelia,Jardines de Guadalupe,noviembre,sábado,20,-101.222153306007,19.7120188455707
47377,47383,2023,LEG50629,2023/11/19,"00:10:00",COLISIÓN POR NO RESPETAR SEMÁFORO,ASFALTO,Bueno,Bueno,2,ITALIKA,VERDE,2,MINISTERIO PÚBLICO,35,MASCULINO,SIN DATOS,0,0,Morelia,Arcos del Valle,noviembre,domingo,0,-101.236246973276,19.7076252311704
47378,47384,2023,,2023/11/19,"03:10:00",COLISIÓN CONTRA OBJETO FIJO,ASFALTO,Bueno,Regular,1,HYUNDAI,GRIS,1,,33,MASCULINO,SIN DATOS,0,0,Morelia,Los Manantiales de Morelia,noviembre,domingo,3,-101.240274310112,19.692738124654
47379,47385,2023,,2023/11/19,"06:50:00",SALIDA DE SUPERFICIE DE RODAMIENTO,ASFALTO,Bueno,Bueno,1,NISSAN,PLATA,1,,38,MASCULINO,SIN DATOS,0,0,Morelia,Cañada del Bosque,noviembre,domingo,7,-101.095475591719,19.7297625166179
47380,47386,2023,,2023/11/19,"07:28:00",COLISIÓN CONTRA OBJETO FIJO,CONCRETO,Bueno,Bueno,1,BMW,GRIS,1,,22,MASCULINO,SIN DATOS,0,0,Morelia,Torrecillas,noviembre,domingo,7,-101.185093559325,19.6706336015181
47381,47387,2023,,2023/11/19,10:50:00,COLISIÓN CON PEATÓN,SIN_DATOS,Bueno,Bueno,1,FREIGTLINER,BLANCO,0,MINISTERIO PÚBLICO,,,,0,0,Lázaro Cárdenas,Centro,noviembre,domingo,11,-102.195837758482,17.9587098304303
47382,47388,2023,LEG50637,2023/11/19,15:20:00,COLISIÓN POR CAMBIO DE CARRIL,ASFALTO,Bueno,Bueno,2,MERCEDES BENZ,BLANCO/NARANJA,2,,18,MASCULINO,SIN DATOS,0,0,Morelia,Fovissste La Huerta,noviembre,domingo,15,-101.21463406831,19.6948271946981
47383,47389,2023,MOR 230760993,2023/11/20,"00:00:00",COLISIÓN POR CORTE DE CIRCULACIÓN,ASFALTO,Bueno,Regular,2,NISSAN,BLANCO,2,,63,MASCULINO,SIN DATOS,0,0,Morelia,Centro,noviembre,lunes,0,-101.19118388321,19.702768457823
47384,47390,2023,LEG50638,2023/11/20,"00:01:00",COLISIÓN POR ALCANCE,ASFALTO,Bueno,Bueno,2,NISSAN,GRIS,2,,23,MASCULINO,SIN DATOS,0,0,Charo,Sin datos,noviembre,lunes,0,-101.079729348421,19.6867258196104
47385,47391,2023,,2023/11/20,"00:15:00",COLISIÓN POR CAMBIO DE CARRIL,TERRACERIA,Bueno,Bueno,3,DODGE,NEGRO,1,MINISTERIO PÚBLICO,49,MASCULINO,SIN DATOS,0,0,Charo,La Goleta,noviembre,lunes,0,-101.083402633667,19.7376537458282
47387,47393,2023,,2023/11/20,11:50:00,COLISIÓN CONTRA OBJETO FIJO,ASFALTO,Bueno,Bueno,1,TOYOTA,ROJO,1,,39,MASCULINO,SIN DATOS,0,0,Morelia,Sin datos,noviembre,lunes,12,-101.125,19.7143
47388,47394,2023,,2023/11/20,15:55:00,COLISIÓN POR ALCANCE,ASFALTO,Bueno,Bueno,2,VOLKSWAGEN,NEGRO,2,MINISTERIO PÚBLICO,0,MASCULINO,SIN DATOS,0,0,Morelia,Sin datos,noviembre,lunes,16,-101.139559459883,19.6261236041927
47389,47395,2023,MOR 230594417,2023/11/20,16:30:00,COLISIÓN POR CORTE DE CIRCULACIÓN,CONCRETO,Bueno,Bueno,2,VOLKSWAGEN,GRIS,2,,23,MASCULINO,SIN DATOS,0,0,Morelia,Fuentes de Morelia,noviembre,lunes,17,-101.203908950441,19.6711852824231
47390,47396,2023,,2023/11/20,16:45:00,COLISIÓN POR ALCANCE,ASFALTO,Bueno,Bueno,2,DODGE,MORADO,2,,45,MASCULINO,SIN DATOS,0,0,Morelia,Eduardo Ruiz,noviembre,lunes,17,-101.218978555514,19.7196729565452
47391,47397,2023,MOR 230467855,2023/11/20,17:50:00,COLISIÓN POR CAMBIO DE CARRIL,ASFALTO,Bueno,Bueno,2,HYUNDAI,GRIS,2,MINISTERIO PÚBLICO,45,MASCULINO,SIN DATOS,0,0,Morelia,Libertad,noviembre,lunes,18,-101.235485247231,19.6875403386505
47392,47398,2023,,2023/11/20,18:10:00,COLISIÓN POR CAMBIO DE CARRIL,ASFALTO,Bueno,Bueno,2,NISSAN,BLANCO,2,,32,MASCULINO,SIN DATOS,0,0,Morelia,Santiaguito,noviembre,lunes,18,-101.191834108722,19.7181820570845
47393,47399,2023,,2023/11/20,18:50:00,COLISIÓN POR MANIOBRA DE REVERSA,CONCRETO,Bueno,Bueno,2,NISSAN,AZUL,1,,25,MASCULINO,SIN DATOS,0,0,Morelia,Ilustres Novohispanos,noviembre,lunes,19,-101.152,19.7108
47394,47400,2023,,2023/11/20,19:55:00,COLISIÓN POR ALCANCE,CONCRETO,Bueno,Bueno,2,SEAT,GRIS,2,MINISTERIO PÚBLICO,46,MASCULINO,ALIENTO ETÍLICO,0,0,Morelia,Sin datos,noviembre,lunes,20,-101.139559459883,19.6261236041927
47395,47401,2023,,2023/11/21,"00:20:00",SUBIDA AL CAMELLÓN,CONCRETO,Bueno,Bueno,1,FAW,PLATA,0,,,,,0,0,Morelia,Villas Oriente,noviembre,martes,0,-101.144168047381,19.7544730091077
47396,47402,2023,MOR230762622,2023/11/21,"08:00:00",COLISIÓN POR ALCANCE,ASFALTO,Bueno,Bueno,2,VOLKSWAGEN,BLANCO,2,,39,MASCULINO,SIN DATOS,0,0,Morelia,Tlalpujahua,noviembre,martes,8,-101.217625401914,19.675978490878
47397,47403,2023,,2023/11/21,"09:35:00",COLISIÓN POR ALCANCE,CONCRETO,Bueno,Bueno,2,FORD/ESCAPE,PLATA,2,,23,MASCULINO,SIN DATOS,0,0,Morelia,Fovissste Acueducto,noviembre,martes,10,-101.155806183815,19.6994127625078
47400,47406,2023,,2023/11/21,16:50:00,COLISIÓN POR ALCANCE,ASFALTO,Bueno,Bueno,2,FORD/TRANSIT,AZUL,2,,28,MASCULINO,SIN DATOS,0,0,Morelia,San Rafael,noviembre,martes,17,-101.152337704762,19.6999683672239
47403,47409,2023,LEG50663,2023/11/21,21:10:00,COLISIÓN POR CAMBIO DE CARRIL,ASFALTO,Bueno,Bueno,2,KIA,GRIS,2,,20,MASCULINO,SIN DATOS,0,0,Morelia,Leon Guzman,noviembre,martes,21,-101.205651617347,19.7276972981651
47404,47410,2023,,2023/11/21,23:00:00,COLISIÓN POR ALCANCE,CONCRETO,Bueno,Bueno,2,DODGE,BLANCO,2,,23,MASCULINO,SIN DATOS,0,0,Morelia,Centro,noviembre,martes,23,-101.17789641,19.7013360799991
47405,47411,2023,,2023/11/22,"07:10:00",VOLCADURA,ASFALTO,Lluvioso,Bueno,1,VOLKSWAGEN,BLANCO,4,MINISTERIO PÚBLICO,39,MASCULINO,SIN DATOS,3,0,Hidalgo,Corros,noviembre,miércoles,7,-100.555387996137,19.7072136392708
47406,47412,2023,,2023/11/22,"07:50:00",COLISIÓN CON PEATÓN,SIN_DATOS,Bueno,Bueno,1,NO SE ENCONTRABA EN EL LUGAR,SIN DATOS,2,,,,SIN DATOS,1,0,Morelia,Arkos San Pedro,noviembre,miércoles,8,-101.288553401828,19.6323333473381
47407,47413,2023,,2023/11/22,"09:07:00",COLISIÓN POR CORTE DE CIRCULACIÓN,ASFALTO,Bueno,Bueno,2,HONDA,PLATA,2,,35,FEMENINO,SIN DATOS,0,0,Morelia,Valle de Las Flores,noviembre,miércoles,9,-101.128154955804,19.6870515997734
47408,47414,2023,,2023/11/22,14:30:00,COLISIÓN POR NO RESPETAR SEMÁFORO,ASFALTO,Nublado,Bueno,2,VOLKSWAGEN,VERDE,2,MINISTERIO PÚBLICO,64,MASCULINO,SIN DATOS,0,0,Morelia,Alberto Oviedo Mota,noviembre,miércoles,15,-101.202009245753,19.6775620340232
47409,47415,2023,,2023/11/22,15:10:00,COLISIÓN POR ALCANCE,CONCRETO,Nublado,Bueno,2,SEAT,NARANJA,2,,42,MASCULINO,SIN DATOS,0,0,Morelia,Reforma,noviembre,miércoles,15,-101.242402642965,19.7057497018309
47410,47416,2023,,2023/11/22,15:30:00,COLISIÓN POR INVASIÓN DE CARRIL,ASFALTO,Bueno,Bueno,2,NISSAN,NEGRO,2,MINISTERIO PÚBLICO,19,MASCULINO,SIN DATOS,0,0,Morelia,Ejidal Ocolusen,noviembre,miércoles,16,-101.152024269104,19.6835933085038
47411,47417,2023,,2023/11/22,16:00:00,COLISIÓN POR CAMBIO DE CARRIL,CONCRETO,Nublado,Bueno,2,GMC,GRIS,2,,35,FEMENINO,SIN DATOS,0,0,Morelia,San Jose del Cerrito,noviembre,miércoles,16,-101.220165789127,19.6632656966386
47412,47418,2023,LEG50673,2023/11/22,17:35:00,COLISIÓN CON PEATÓN,CONCRETO,Bueno,Bueno,1,BAJAJ,BLANCO/NEGRO,2,,19,FEMENINO,SIN DATOS,1,0,Morelia,Guadalupe,noviembre,miércoles,18,-101.218166202307,19.7093593344902
47413,47419,2023,,2023/11/22,21:30:00,COLISIÓN POR ALCANCE,ASFALTO,Bueno,Bueno,2,NISSAN,BLANCO/VERDE,2,MINISTERIO PÚBLICO,51,MASCULINO,SIN DATOS,0,0,Pátzcuaro,Centro,noviembre,miércoles,22,-101.616698540747,19.5191411672699
47414,47420,2023,,2023/11/22,22:44:00,COLISIÓN POR CAMBIO DE CARRIL,ASFALTO,Bueno,Bueno,2,FREIGHTLINER,BLANCO,2,,45,MASCULINO,SIN DATOS,0,0,Morelia,Los Angeles,noviembre,miércoles,23,-101.174940057099,19.7446881457538
47415,47421,2023,,2023/11/23,"07:20:00",CAIDA DE MOTOCICLETA,ASFALTO,Bueno,Regular,1,BAJAJ,NEGRO,1,MINISTERIO PÚBLICO,35,MASCULINO,SIN DATOS,0,0,Morelia,El Lago 2,noviembre,jueves,7,-101.21308714929,19.7249514326746
47416,47422,2023,,2023/11/23,"07:40:00",COLISIÓN POR CORTE DE CIRCULACIÓN,ASFALTO,Bueno,Bueno,2,SUZUKI GSX150,NEGRO,3,,21,MASCULINO,SIN DATOS,1,0,Morelia,Vistas de Altozano,noviembre,jueves,8,-101.167,19.6551
47417,47423,2023,,2023/11/23,"07:50:00",COLISIÓN POR MANIOBRA DE REVERSA,ASFALTO,Bueno,Bueno,2,DODGE,PLATA,2,MINISTERIO PÚBLICO,72,MASCULINO,SIN DATOS,0,0,Morelia,La Huerta,noviembre,jueves,8,-101.228095606748,19.6688894811145
47418,47424,2023,,2023/11/23,"08:30:00",COLISIÓN POR ALCANCE,ASFALTO,Bueno,Bueno,3,VOLKSWAGEN,BLANCO,3,,36,MASCULINO,SIN DATOS,0,0,Morelia,Lomas de Huerta,noviembre,jueves,9,-101.21428001672,19.6743254773916
47419,47425,2023,NOR223456781,2023/11/23,14:00:00,COLISIÓN POR ALCANCE,ASFALTO,Bueno,Bueno,2,DODGE,BLANCO,2,,,MASCULINO,SIN DATOS,0,0,Morelia,Sentimientos de La Nacion,noviembre,jueves,14,-101.235208287835,19.6810122475712
47420,47426,2023,,2023/11/23,15:40:00,COLISIÓN POR ALCANCE,CONCRETO,Bueno,Bueno,2,CHEVROLET,ROJO,2,,38,MASCULINO,SIN DATOS,0,0,Morelia,Agustin Arriaga Rivera,noviembre,jueves,16,-101.222343072295,19.692900061702
47421,47427,2023,MOR230767557,2023/11/23,16:20:00,COLISIÓN POR INVASIÓN DE CARRIL,ASFALTO,Bueno,Bueno,2,ITALIKA,NEGRO,2,MINISTERIO PÚBLICO,24,MASCULINO,SIN DATOS,0,0,Morelia,Emiliano Zapata,noviembre,jueves,16,-101.23638510704,19.6524037575779
47422,47428,2023,,2023/11/23,16:25:00,COLISIÓN POR CAMBIO DE CARRIL,ASFALTO,Bueno,Bueno,2,CHEVROLET/SILVERADO,BLANCO,2,,74,MASCULINO,SIN DATOS,0,0,Morelia,Enrique Arreguin Robles,noviembre,jueves,16,-101.188148930669,19.7214451399132
47423,47429,2023,,2023/11/23,17:20:00,COLISIÓN POR CAMBIO DE CARRIL,ASFALTO,Bueno,Bueno,2,FORD,AZUL,2,MINISTERIO PÚBLICO,47,MASCULINO,SIN DATOS,0,0,Morelia,Ana Maria Gallaga (Riviera),noviembre,jueves,17,-101.226332187653,19.6766512460681
47424,47430,2023,,2023/11/23,19:00:00,COLISIÓN POR CORTE DE CIRCULACIÓN,SIN_DATOS,Bueno,Bueno,2,VOLKSWAGEN,GRIS,0,MINISTERIO PÚBLICO,,,,0,0,Lázaro Cárdenas,600 Casas,noviembre,jueves,19,-102.214815728366,17.9633812993714
47425,47431,2023,LEG50693,2023/11/24,"00:00:00",COLISIÓN POR INVASIÓN DE CARRIL,SIN_DATOS,Bueno,Bueno,2,FREIGHTLINER,BLANCO,1,,,MASCULINO,SIN DATOS,0,0,Morelia,Clara Cordova Moran,noviembre,viernes,0,-101.180275976658,19.737223107207
47426,47432,2023,,2023/11/24,"09:10:00",COLISIÓN POR CAMBIO DE CARRIL,ASFALTO,Bueno,Bueno,2,NISSAN,GRIS,2,,48,MASCULINO,SIN DATOS,0,0,Morelia,Nueva Valladolid,noviembre,viernes,9,-101.211483945359,19.6992598320994
47427,47433,2023,,2023/11/24,"09:40:00",COLISIÓN POR CORTE DE CIRCULACIÓN,CONCRETO,Bueno,Bueno,2,FORD,AZUL,2,,50,MASCULINO,SIN DATOS,0,0,Morelia,Unidos Santa Cruz,noviembre,viernes,10,-101.217699833214,19.7233855000972
47428,47434,2023,,2023/11/24,12:30:00,VOLCADURA,ASFALTO,Bueno,Bueno,1,FORD,ROJO,0,MINISTERIO PÚBLICO,,,,0,0,Lázaro Cárdenas,Sin datos,noviembre,viernes,13,-102.228101715446,17.9356492025338
47429,47435,2023,LEG50686,2023/11/24,12:40:00,COLISIÓN POR NO RESPETAR SEMÁFORO,ASFALTO,Bueno,Bueno,2,VOLKSWAGEN,ROJO,3,,26,MASCULINO,SIN DATOS,1,0,Morelia,Felix Ireta,noviembre,viernes,13,-101.192059256136,19.6855123458071
47430,47436,2023,LEG50692,2023/11/24,13:00:00,COLISIÓN POR CAMBIO DE CARRIL,ASFALTO,Bueno,Bueno,2,CHEVROLET,BLANCO,2,,,MASCULINO,SIN DATOS,0,0,Morelia,Isaac Arriaga,noviembre,viernes,13,-101.171462237835,19.7076940401423
47431,47437,2023,,2023/11/24,14:20:00,COLISIÓN POR CORTE DE CIRCULACIÓN,ASFALTO,Bueno,Bueno,2,FORD,GRIS,0,MINISTERIO PÚBLICO,,,,0,0,Lázaro Cárdenas,Jose Green,noviembre,viernes,14,-102.20096513629,17.9651701838113
47432,47438,2023,LEG50689,2023/11/24,14:30:00,COLISIÓN CON PEATÓN,ASFALTO,Bueno,Bueno,1,RAM,BLANCO,2,MINISTERIO PÚBLICO,,MASCULINO,SIN DATOS,1,0,Morelia,Ciudad Industrial,noviembre,viernes,15,-101.142929904163,19.7252665034213
47433,47439,2023,,2023/11/24,15:10:00,COLISIÓN POR CAMBIO DE CARRIL,CONCRETO,Bueno,Bueno,2,ITALIKA,NEGRO,2,,21,MASCULINO,SIN DATOS,0,0,Morelia,Colinas del Sur,noviembre,viernes,15,-101.198592782021,19.6670032055546
47434,47440,2023,,2023/11/24,15:20:00,COLISIÓN POR ALCANCE,ASFALTO,Bueno,Bueno,2,TOYOTA,GRIS,2,,20,MASCULINO,SIN DATOS,0,0,Morelia,Sin datos,noviembre,viernes,15,-101.164611876011,19.6650072262474