fid,id_accidente,anio_origen,folio_c5i,dia_incidente,hora_ocurrencia,tipo_incidente_vial,superficie_ocurrencia,condiciones_climaticas,condiciones_via,numero_vehiculos_involucrados,marca_vehiculo_ocasiona_siniestro,color_vehiculo_ocasiona_siniestro,numero_personas_involucradas,lugar_remite_presunto_responsable,edad_presunto_responsable,sexo_presunto_responsable,resultados_toxicologia,numero_personas_lesionadas,numero_personas_fallecidas,municipio,colonia,mes,dia_semana,hora_redondeada,lon,lat
47435,47441,2023,LEG50691,2023/11/24,18:35:00,COLISIÓN CONTRA OBJETO FIJO,CONCRETO,Bueno,Bueno,1,NISSAN,ROJO,0,,,,,0,0,Morelia,Bosques Tres Marias,noviembre,viernes,19,-101.103863194585,19.7260441466488
47436,47442,2023,,2023/11/24,21:00:00,COLISIÓN POR ALCANCE,CONCRETO,Bueno,Bueno,3,FORD,AZUL,3,,38,MASCULINO,SIN DATOS,0,0,Morelia,Arcos del Valle,noviembre,viernes,21,-101.236249655485,19.7076236529826
47437,47443,2023,LEG50697,2023/11/25,"00:00:00",COLISIÓN POR ALCANCE,SIN_DATOS,Bueno,Bueno,2,CHEVROLET,AMARILLO,2,,36,MASCULINO,SIN DATOS,0,0,Morelia,Arboledas(5 de Mayo),noviembre,sábado,0,-101.245003044605,19.6728817601047
47438,47444,2023,LEG50698,2023/11/25,"01:35:00",COLISIÓN CONTRA OBJETO FIJO,ASFALTO,Bueno,Bueno,1,KIA,BLANCO,1,,20,MASCULINO,SIN DATOS,0,0,Morelia,Los Angeles,noviembre,sábado,2,-101.177525371313,19.739450638302
47439,47445,2023,,2023/11/25,10:00:00,COLISIÓN POR CORTE DE CIRCULACIÓN,ASFALTO,Bueno,Bueno,2,NISSAN,ROJO,2,,68,FEMENINO,SIN DATOS,0,0,Morelia,3 de Agosto,noviembre,sábado,10,-101.172405704856,19.7298521452452
47440,47446,2023,,2023/11/25,13:10:00,COLISIÓN POR ALCANCE,ASFALTO,Bueno,Bueno,3,NISSAN,GUINDA,3,,28,MASCULINO,SIN DATOS,0,0,Morelia,Martires de Uruapan,noviembre,sábado,13,-101.202577203512,19.7255259286525
47441,47447,2023,,2023/11/25,14:00:00,CAIDA DE MOTOCICLETA,ASFALTO,Bueno,Bueno,1,VENTO,NEGRO,2,,30,FEMENINO,SIN DATOS,1,0,Morelia,Felix Ireta,noviembre,sábado,14,-101.188397705555,19.6817717959951
47442,47448,2023,,2023/11/25,18:10:00,CAIDA DE MOTOCICLETA,ASFALTO,Bueno,Bueno,1,ITALIKA,AZUL/NARANJA,1,,27,MASCULINO,SIN DATOS,0,0,Morelia,Felix Ireta,noviembre,sábado,18,-101.190863326192,19.6850688131552
47443,47449,2023,,2023/11/25,20:30:00,COLISIÓN POR CORTE DE CIRCULACIÓN,ASFALTO,Bueno,Bueno,2,NISSAN,ROJO,2,MINISTERIO PÚBLICO,35,FEMENINO,SIN DATOS,0,0,Morelia,Ciudad Industrial,noviembre,sábado,21,-101.159956868734,19.7239646456979
47444,47450,2023,,2023/11/25,21:20:00,COLISIÓN POR ALCANCE,CONCRETO,Bueno,Bueno,2,CHEVROLET,BLANCO,2,,34,MASCULINO,SIN DATOS,0,0,Morelia,Tzindurio de Morelos,noviembre,sábado,21,-101.243650875986,19.6999743095548
47445,47451,2023,,2023/11/26,"04:25:00",COLISIÓN POR ALCANCE,ASFALTO,Bueno,Bueno,2,NISSAN,GRIS,2,,23,MASCULINO,SIN DATOS,0,0,Morelia,Eduardo Ruiz,noviembre,domingo,4,-101.218339204788,19.7195116996832
47446,47452,2023,,2023/11/26,"06:05:00",COLISIÓN POR INVASIÓN DE CARRIL,CONCRETO,Bueno,Bueno,2,VOLKSWAGEN,AZUL,2,,53,MASCULINO,SIN DATOS,0,0,Morelia,Industrial,noviembre,domingo,6,-101.193953566253,19.7107910445031
47447,47453,2023,,2023/11/26,10:30:00,COLISIÓN POR ALCANCE,ASFALTO,Bueno,Bueno,3,NISSAN,AZUL,3,,21,MASCULINO,SIN DATOS,0,0,Morelia,Independencia,noviembre,domingo,11,-101.177887804806,19.7192996068731
47448,47454,2023,LEG50718,2023/11/26,11:30:00,COLISIÓN POR INVASIÓN DE CARRIL,ASFALTO,Bueno,Bueno,2,HONDA,BLANCO,2,,59,MASCULINO,SIN DATOS,0,0,Indaparapeo,La Paz,noviembre,domingo,12,-100.963054932654,19.7911706274787
47449,47455,2023,,2023/11/26,16:35:00,COLISIÓN CONTRA OBJETO FIJO,ASFALTO,Bueno,Bueno,1,BMW,ARENA,1,,50,MASCULINO,SIN DATOS,0,0,Morelia,Valle del Durazno,noviembre,domingo,17,-101.186385713518,19.6562491866025
47451,47457,2023,,2023/11/26,22:30:00,COLISIÓN CONTRA OBJETO FIJO,ADOQUIN_EMPEDRADO,Bueno,Bueno,2,MERCEDES BENZ,BLANCO/NARANJA,2,MINISTERIO PÚBLICO,0,MASCULINO,SIN DATOS,0,0,Cuitzeo,Centro,noviembre,domingo,23,-101.13970220089,19.9690263656265
47452,47458,2023,,2023/11/27,"00:00:00",COLISIÓN POR NO RESPETAR SEMÁFORO,CONCRETO,Bueno,Bueno,2,ITALIKA,AZUL BLANCO,2,MINISTERIO PÚBLICO,20,MASCULINO,SIN DATOS,0,0,Morelia,Centro,noviembre,lunes,0,-101.19118388321,19.702768457823
47453,47459,2023,MOR230774713,2023/11/27,"02:20:00",COLISIÓN POR CORTE DE CIRCULACIÓN,ASFALTO,Bueno,Bueno,1,NISSAN,BLANCO,1,,0,,SIN DATOS,0,0,Morelia,Rey Tariacuri (Eucaliptos),noviembre,lunes,2,-101.199509223421,19.6787355242331
47454,47460,2023,,2023/11/27,"07:50:00",COLISIÓN CON PEATÓN,SIN_DATOS,Bueno,Bueno,2,HONDA/FIT,BLANCO,2,,49,FEMENINO,SIN DATOS,0,0,Morelia,Centro,noviembre,lunes,8,-101.19118388321,19.702768457823
47455,47461,2023,,2023/11/27,"08:55:00",COLISIÓN POR ALCANCE,ASFALTO,Bueno,Bueno,2,NISSAN,BLANCO,2,,24,MASCULINO,SIN DATOS,0,0,Morelia,Rinconada del Valle,noviembre,lunes,9,-101.222201261191,19.6773787628329
47457,47463,2023,LEG50730,2023/11/27,"09:15:00",COLISIÓN POR CORTE DE CIRCULACIÓN,ASFALTO,Bueno,Bueno,2,INTERNACIONAL,BLANCO,2,,0,MASCULINO,SIN DATOS,0,0,Morelia,Ignacio Zaragoza,noviembre,lunes,9,-101.205589994788,19.7254621769924
47458,47464,2023,,2023/11/27,10:15:00,COLISIÓN POR ALCANCE,ASFALTO,Bueno,Bueno,2,SUZUKI/EN125,AZUL,2,,25,FEMENINO,SIN DATOS,0,0,Morelia,Adolfo Lopez Mateos,noviembre,lunes,10,-101.226139622885,19.6981067844139
47459,47465,2023,LEG50727,2023/11/27,12:30:00,COLISIÓN CONTRA OBJETO FIJO,ASFALTO,Bueno,Bueno,2,DODGE,GRIS,2,,,,SIN DATOS,0,0,Morelia,Santa Cecilia,noviembre,lunes,13,-101.18735815,19.6665344449992
47460,47466,2023,,2023/11/27,20:20:00,COLISIÓN POR CAMBIO DE CARRIL,ASFALTO,Bueno,Regular,2,MERCEDES BENZ,BLANCO Y  NARANJAS,2,,23,MASCULINO,SIN DATOS,0,0,Morelia,Santa Maria de Guido,noviembre,lunes,20,-101.19393603,19.6751505549991
47461,47467,2023,,2023/11/27,21:00:00,SUBIDA AL CAMELLÓN,ASFALTO,Bueno,Bueno,1,VOLKSWAGEN,AZUL,1,,25,MASCULINO,SIN DATOS,0,0,Morelia,San Jose Itzicuaro,noviembre,lunes,21,-101.304389499128,19.6877546134289
47462,47468,2023,LEG50731,2023/11/27,21:28:00,COLISIÓN POR CORTE DE CIRCULACIÓN,ASFALTO,Bueno,Bueno,2,NISSAN,BLANCO Y MORADO,2,,0,MASCULINO,SIN DATOS,0,0,Morelia,Vasco de Quiroga,noviembre,lunes,21,-101.16671204567,19.7020778049784
47463,47469,2023,,2023/11/28,12:30:00,COLISIÓN POR ALCANCE,ASFALTO,Bueno,Bueno,2,CHEVROLET,BLANCO,2,,53,FEMENINO,SIN DATOS,0,0,Copándaro,Sin datos,noviembre,martes,13,-101.142062544823,19.9231469597067
47464,47470,2023,,2023/11/28,14:30:00,COLISIÓN CON PEATÓN,ASFALTO,Bueno,Bueno,1,NISSAN,BLANCO,1,MINISTERIO PÚBLICO,51,MASCULINO,SIN DATOS,0,0,Pátzcuaro,Sin datos,noviembre,martes,15,-101.583582647145,19.5015638590177
47465,47471,2023,,2023/11/28,15:30:00,COLISIÓN POR ALCANCE,ASFALTO,Bueno,Bueno,2,FORD,CANELA,2,,48,FEMENINO,SIN DATOS,0,0,Morelia,Industrial,noviembre,martes,16,-101.197895072401,19.706904944651
47466,47472,2023,,2023/11/28,16:00:00,COLISIÓN POR CORTE DE CIRCULACIÓN,CONCRETO,Bueno,Bueno,2,YAMAHA,NEGRO,2,,,MASCULINO,SIN DATOS,0,0,Morelia,Los Pinos de Michoacan,noviembre,martes,16,-101.216326206923,19.6830945255089
47467,47473,2023,LEG50734,2023/11/28,16:40:00,COLISIÓN POR CORTE DE CIRCULACIÓN,ASFALTO,Bueno,Bueno,3,SEAT,ROJO,3,,26,MASCULINO,SIN DATOS,0,0,Morelia,El Eden,noviembre,martes,17,-101.249638907611,19.6460366055837
47468,47474,2023,LEG50738,2023/11/28,17:35:00,COLISIÓN CONTRA OBJETO FIJO,ASFALTO,Bueno,Bueno,2,TOYOTA,BLANCO CORAL,2,,34,MASCULINO,SIN DATOS,0,0,Morelia,Erendira,noviembre,martes,18,-101.16666443646,19.7021112637158
47469,47475,2023,,2023/11/28,19:20:00,COLISIÓN POR CAMBIO DE CARRIL,ASFALTO,Bueno,Bueno,2,INTERNATIONAL,BLANCO,2,,45,MASCULINO,SIN DATOS,0,0,Morelia,La Loma,noviembre,martes,19,-101.180085875094,19.6813219391963
47470,47476,2023,MOR230467875,2023/11/28,19:40:00,COLISIÓN POR ALCANCE,ASFALTO,Bueno,Bueno,2,GMC,BLANCO,2,,28,MASCULINO,SIN DATOS,0,0,Morelia,Cosmos,noviembre,martes,20,-101.216784864664,19.6827242254834
47471,47477,2023,,2023/11/29,"09:30:00",COLISIÓN POR ALCANCE,ASFALTO,Bueno,Bueno,3,FORD,NEGRO,3,MINISTERIO PÚBLICO,32,MASCULINO,SIN DATOS,0,0,Morelia,Camelinas,noviembre,miércoles,10,-101.171089410782,19.6821304177731
47472,47478,2023,LEG50742,2023/11/29,10:00:00,COLISIÓN POR CORTE DE CIRCULACIÓN,ASFALTO,Bueno,Bueno,2,ZUZUKI,ROJO,2,,30,MASCULINO,SIN DATOS,0,0,Morelia,Morelos,noviembre,miércoles,10,-101.206153258681,19.7022880267406
47473,47479,2023,,2023/11/29,10:25:00,COLISIÓN POR ALCANCE,ASFALTO,Bueno,Bueno,2,CHEVROLET/S10,CAFE,2,,62,MASCULINO,SIN DATOS,0,0,Morelia,La Esperanza,noviembre,miércoles,10,-101.253781914711,19.697832592003
47474,47480,2023,,2023/11/29,15:00:00,COLISIÓN POR ALCANCE,ASFALTO,Lluvioso,Bueno,2,CHEVROLET,MORADO,2,,26,FEMENINO,SIN DATOS,0,0,Morelia,Americas Britania,noviembre,miércoles,15,-101.148490794003,19.6945232111328
47475,47481,2023,,2023/11/29,15:00:00,COLISIÓN POR INVASIÓN DE CARRIL,ASFALTO,Bueno,Bueno,2,TOYOTA,BLANCO/AZUL,2,MINISTERIO PÚBLICO,54,MASCULINO,SIN DATOS,0,0,Pátzcuaro,Sin datos,noviembre,miércoles,15,-101.637778021395,19.5367747032491
47476,47482,2023,,2023/11/29,16:00:00,COLISIÓN POR CORTE DE CIRCULACIÓN,ASFALTO,Bueno,Bueno,2,JEEP,NEGRO,2,,20,FEMENINO,SIN DATOS,0,0,Morelia,Centro,noviembre,miércoles,16,-101.191642843187,19.6998063822576
47477,47483,2023,,2023/11/29,17:07:00,COLISIÓN POR CORTE DE CIRCULACIÓN,CONCRETO,Bueno,Bueno,2,VOLKSWAGEN,GRIS,2,MINISTERIO PÚBLICO,,MASCULINO,SIN DATOS,0,0,Morelia,Veinte de Noviembre,noviembre,miércoles,17,-101.165435984731,19.7223490451809
47478,47484,2023,,2023/11/29,18:45:00,COLISIÓN POR ALCANCE,ASFALTO,Bueno,Bueno,3,CHEVROLET,GRIS,3,MINISTERIO PÚBLICO,41,MASCULINO,SIN DATOS,0,0,Morelia,Elias Perez Avalos,noviembre,miércoles,19,-101.167087890208,19.7115245699763
47479,47485,2023,,2023/11/29,19:00:00,COLISIÓN POR ALCANCE,ASFALTO,Lluvioso,Regular,2,FREIGHTLINER,AZUL,2,,39,MASCULINO,SIN DATOS,0,0,Morelia,Elias Perez Avalos,noviembre,miércoles,19,-101.168685816228,19.7126854523819
47480,47486,2023,,2023/11/29,19:20:00,SUBIDA AL CAMELLÓN,ASFALTO,Lluvioso,Regular,1,NISSAN,BLANCO Y ROJO,1,,64,MASCULINO,SIN DATOS,0,0,Morelia,Ampliacion La Soledad,noviembre,miércoles,19,-101.183128505945,19.7312262341727
47481,47487,2023,LEG50748,2023/11/29,19:45:00,COLISIÓN POR ALCANCE,ASFALTO,Lluvioso,Bueno,2,CHEVROLET,GRIS,2,,34,MASCULINO,SIN DATOS,0,0,Morelia,Morelos,noviembre,miércoles,20,-101.183167397976,19.7280223226707
47482,47488,2023,,2023/11/29,23:18:00,COLISIÓN POR CORTE DE CIRCULACIÓN,ASFALTO,Bueno,Bueno,2,HONDA,GRIS,2,,62,MASCULINO,SIN DATOS,0,0,Morelia,Felix Ireta,noviembre,miércoles,23,-101.190813034773,19.6858397068413
47483,47489,2023,LEG50753,2023/11/30,"00:00:00",COLISIÓN POR CORTE DE CIRCULACIÓN,ASFALTO,Bueno,Bueno,2,YAMAHA,NEGRO,2,,21,MASCULINO,SIN DATOS,0,0,Morelia,Jesus del Monte,noviembre,jueves,0,-101.157445348799,19.6564158966061
47484,47490,2023,,2023/11/30,"07:00:00",COLISIÓN POR ALCANCE,ASFALTO,Bueno,Bueno,2,CRYSLER,PLATA,2,,23,FEMENINO,SIN DATOS,0,0,Morelia,Comision Federal de Electricidad,noviembre,jueves,7,-101.181339472532,19.6815126154955
47485,47491,2023,LEG50768,2023/11/30,"08:00:00",COLISIÓN POR ALCANCE,ASFALTO,Bueno,Bueno,0,,,0,,,,,0,0,Morelia,3 de Agosto,noviembre,jueves,8,-101.171742193401,19.7310460316358
47487,47493,2023,LEG50751,2023/11/30,"08:30:00",COLISIÓN POR CORTE DE CIRCULACIÓN,ASFALTO,Bueno,Bueno,2,TOYOTA,BLANCO Y GRIS,2,,21,MASCULINO,SIN DATOS,0,0,Morelia,Elias Perez Avalos,noviembre,jueves,9,-101.165383011103,19.7103554727075
47488,47494,2023,,2023/11/30,"08:43:00",COLISIÓN POR INVASIÓN DE CARRIL,ASFALTO,Bueno,Bueno,2,VENTO,NEGRO,3,MINISTERIO PÚBLICO,,MASCULINO,SIN DATOS,1,0,Morelia,Ciudad Industrial,noviembre,jueves,9,-101.129487678409,19.7343568657679
47489,47495,2023,MOR230780787,2023/11/30,"08:45:00",COLISIÓN POR CAMBIO DE CARRIL,ASFALTO,Bueno,Bueno,2,KENWORTH,AZUL,2,,37,MASCULINO,SIN DATOS,0,0,Morelia,Tlalpujahua,noviembre,jueves,9,-101.217716261744,19.6760248987646
47490,47496,2023,MOR230780786,2023/11/30,"09:00:00",COLISIÓN POR ALCANCE,ASFALTO,Bueno,Bueno,2,SEAT,BLANCO,2,,37,FEMENINO,SIN DATOS,0,0,Morelia,Felix Ireta,noviembre,jueves,9,-101.192987300456,19.6821070568719
47491,47497,2023,MOR230467899,2023/11/30,"09:40:00",COLISIÓN POR CORTE DE CIRCULACIÓN,CONCRETO,Bueno,Bueno,2,NISSAN,BLANCO,2,,25,FEMENINO,SIN DATOS,0,0,Morelia,Lomas de Las Americas Norte,noviembre,jueves,10,-101.14775955677,19.6945705606357
47493,47499,2023,MOR230781118,2023/11/30,11:50:00,COLISIÓN POR CORTE DE CIRCULACIÓN,ASFALTO,Bueno,Bueno,2,HONDA,BLANCO,2,,50,MASCULINO,SIN DATOS,0,0,Morelia,La Calera,noviembre,jueves,12,-101.233187913895,19.6778433196554
47494,47500,2023,MOR230781879,2023/11/30,18:50:00,COLISIÓN POR CAMBIO DE CARRIL,ASFALTO,Bueno,Bueno,3,CHEVROLET,ROJO,3,,37,MASCULINO,SIN DATOS,0,0,Morelia,Ciudad Industrial,noviembre,jueves,19,-101.140652373433,19.7269701178611
47495,47501,2023,,2023/11/30,19:50:00,COLISIÓN POR ALCANCE,ASFALTO,Bueno,Bueno,2,FIAT,NEGRO,2,,38,FEMENINO,SIN DATOS,0,0,Morelia,Tenencia Morelos,noviembre,jueves,20,-101.247861273587,19.6482361670391
47496,47502,2023,MOR230782235,2023/11/30,22:05:00,COLISIÓN POR CAMBIO DE CARRIL,ASFALTO,Bueno,Bueno,2,VOLKSWAGEN,GRIS,3,MINISTERIO PÚBLICO,39,FEMENINO,SIN DATOS,1,0,Morelia,Arboledas(5 de Mayo),noviembre,jueves,22,-101.243292465806,19.6797829458575
47497,47503,2023,,2023/12/01,"04:00:00",SALIDA DE SUPERFICIE DE RODAMIENTO,ASFALTO,Bueno,Bueno,1,GMC,BLANCO,1,,,,SIN DATOS,0,0,Morelia,Alberto Oviedo Mota,diciembre,viernes,4,-101.202171184123,19.6774606953074
47498,47504,2023,MOR230467898,2023/12/01,"04:00:00",COLISIÓN CONTRA OBJETO FIJO,ASFALTO,Bueno,Bueno,1,ITALIKA,NEGRA Y MARILLO,1,MINISTERIO PÚBLICO,,,,1,0,Morelia,El Realito,diciembre,viernes,4,-101.20436757803,19.7257386444036
47499,47505,2023,,2023/12/01,"07:30:00",COLISIÓN CONTRA OBJETO FIJO,ASFALTO,Bueno,Bueno,1,HONDA,ROJO,1,MINISTERIO PÚBLICO,26,MASCULINO,SIN DATOS,0,0,Morelia,Ana Maria Gallaga (Riviera Norte),diciembre,viernes,8,-101.221211850643,19.6769416885432
47500,47506,2023,,2023/12/01,"09:20:00",COLISIÓN POR CAMBIO DE CARRIL,CONCRETO,Bueno,Bueno,2,CHEVROLET,Gris,1,,31,FEMENINO,SIN DATOS,0,0,Morelia,Jardines de Torremolinos,diciembre,viernes,9,-101.227770565645,19.6784160171512
47501,47507,2023,,2023/12/01,10:00:00,COLISIÓN POR ALCANCE,ASFALTO,Bueno,Bueno,2,VOLKSWAGEN,BLANCO,2,,68,MASCULINO,SIN DATOS,0,0,Morelia,Sentimientos de La Nacion,diciembre,viernes,10,-101.233669035137,19.6782631951574
47502,47508,2023,,2023/12/01,12:20:00,COLISIÓN CON PEATÓN,ASFALTO,Bueno,Bueno,1,YAMAHA,NEGRO,2,MINISTERIO PÚBLICO,24,MASCULINO,SIN DATOS,1,0,Morelia,Chapultepec Oriente,diciembre,viernes,12,-101.159613914788,19.693325579714
47503,47509,2023,LEG50787,2023/12/01,13:13:00,COLISIÓN POR ALCANCE,ASFALTO,Bueno,Bueno,2,FIAT,ROJO,2,,,FEMENINO,SIN DATOS,0,0,Morelia,Cinco de Diciembre,diciembre,viernes,13,-101.160969100893,19.6878253250042
47504,47510,2023,,2023/12/01,13:55:00,COLISIÓN POR ALCANCE,ASFALTO,Bueno,Bueno,2,VOLKSWAGEN,GRIS,2,MINISTERIO PÚBLICO,31,MASCULINO,SIN DATOS,0,0,Cuitzeo,Sin datos,diciembre,viernes,14,-101.152494996786,20.033474752609
47505,47511,2023,,2023/12/01,15:00:00,COLISIÓN POR CAMBIO DE CARRIL,ASFALTO,Bueno,Bueno,2,DINA,VERDE,2,,47,MASCULINO,SIN DATOS,0,0,Morelia,Industrial,diciembre,viernes,15,-101.18863273412,19.7108352328799
47506,47512,2023,,2023/12/01,15:30:00,COLISIÓN POR CAMBIO DE CARRIL,ASFALTO,Bueno,Bueno,2,TOYOTA,BLANCO/MORADO,2,MINISTERIO PÚBLICO,35,MASCULINO,SIN DATOS,0,0,Morelia,Industrial,diciembre,viernes,16,-101.188321262598,19.7125427886579
47507,47513,2023,,2023/12/01,17:10:00,COLISIÓN CONTRA OBJETO FIJO,ASFALTO,Bueno,Bueno,1,NISSAN,BLANCO,1,,35,MASCULINO,SIN DATOS,0,0,Morelia,Sentimientos de La Nacion,diciembre,viernes,17,-101.233243905008,19.6782161565281
47509,47515,2023,,2023/12/01,17:50:00,COLISIÓN POR CORTE DE CIRCULACIÓN,ASFALTO,Nublado,Bueno,2,NISSAN,BLANCO,2,MINISTERIO PÚBLICO,27,FEMENINO,SIN DATOS,0,0,Morelia,Dr Miguel Silva,diciembre,viernes,18,-101.178455092013,19.719735785531
47510,47516,2023,LEG50790,2023/12/01,21:14:00,COLISIÓN POR CORTE DE CIRCULACIÓN,ASFALTO,Bueno,Bueno,2,NISSAN,BLANCO/ROSA,2,,60,MASCULINO,SIN DATOS,0,0,Morelia,Cuauhtemoc,diciembre,viernes,21,-101.178673021495,19.6969304421174
47511,47517,2023,LEG50788,2023/12/01,21:37:00,COLISIÓN POR CORTE DE CIRCULACIÓN,ASFALTO,Bueno,Bueno,2,VOLKSWAGEN,ROJO,2,MINISTERIO PÚBLICO,,FEMENINO,SIN DATOS,0,0,Morelia,Vasco de Quiroga,diciembre,viernes,22,-101.1731775105,19.6990200887534
47512,47518,2023,LEG50789,2023/12/01,23:20:00,COLISIÓN POR CAMBIO DE CARRIL,ASFALTO,Bueno,Bueno,2,CHRYSLER,BLANCO,2,MINISTERIO PÚBLICO,44,MASCULINO,SIN DATOS,0,0,Morelia,Jardines de La Loma,diciembre,viernes,23,-101.225334405899,19.6775099440371
47513,47519,2023,LEG50792,2023/12/02,"00:01:00",COLISIÓN POR CAMBIO DE CARRIL,ASFALTO,Bueno,Bueno,2,CHEVROLET,GRIS,2,,50,MASCULINO,SIN DATOS,0,0,Morelia,Las Flores,diciembre,sábado,0,-101.206179410219,19.7023950314054
47514,47520,2023,LEG50793,2023/12/02,"01:10:00",COLISIÓN CON PEATÓN,ASFALTO,Bueno,Bueno,1,VOLKSWAGEN,BLANCO,2,,31,MASCULINO,ALIENTO ETÍLICO,1,0,Morelia,Centro,diciembre,sábado,1,-101.206057034433,19.7023877715042
47515,47521,2023,,2023/12/02,"07:16:00",COLISIÓN POR ALCANCE,ASFALTO,Bueno,Bueno,2,HONDA,GRIS,3,MINISTERIO PÚBLICO,24,MASCULINO,SIN DATOS,1,0,Cuitzeo,Los Granados,diciembre,sábado,7,-101.140191368759,19.9746363195271
47516,47522,2023,,2023/12/02,"07:50:00",COLISIÓN CONTRA OBJETO FIJO,ASFALTO,Bueno,Bueno,1,VOLKSWAGEN,ROJO,1,,32,MASCULINO,SIN DATOS,0,0,Morelia,Emiliano Zapata,diciembre,sábado,8,-101.230486929417,19.6544068400817
47517,47523,2023,,2023/12/02,10:00:00,COLISIÓN POR CAMBIO DE CARRIL,ASFALTO,Bueno,Bueno,2,BMW,ROJO,2,MINISTERIO PÚBLICO,49,MASCULINO,SIN DATOS,0,0,Morelia,Nueva Valladolid,diciembre,sábado,10,-101.210573203862,19.7009039039045
47518,47524,2023,,2023/12/02,10:03:00,COLISIÓN POR CORTE DE CIRCULACIÓN,ASFALTO,Bueno,Bueno,2,S/D,S/D,1,MINISTERIO PÚBLICO,38,,SIN DATOS,0,0,Morelia,Sin datos,diciembre,sábado,10,-101.416991651058,19.6327160793382
47519,47525,2023,,2023/12/02,11:40:00,COLISIÓN POR CORTE DE CIRCULACIÓN,ASFALTO,Bueno,Bueno,2,VOLKSWAGEN,BLANCO,2,MINISTERIO PÚBLICO,37,FEMENINO,SIN DATOS,0,0,Morelia,Vista Bella,diciembre,sábado,12,-101.197573542595,19.679608683526
47520,47526,2023,MOR 2305944456,2023/12/02,17:50:00,COLISIÓN POR ALCANCE,ASFALTO,Bueno,Bueno,2,CHEVROLET,AZUL,2,,53,FEMENINO,SIN DATOS,0,0,Morelia,La Esperanza,diciembre,sábado,18,-101.153895445168,19.6994073963939
47521,47527,2023,,2023/12/02,19:10:00,COLISIÓN POR CAMBIO DE CARRIL,ASFALTO,Bueno,Regular,2,VOLKSWAGEN,BLANCO,1,MINISTERIO PÚBLICO,63,MASCULINO,SIN DATOS,0,0,Hidalgo,Corros,diciembre,sábado,19,-100.555383637547,19.7072149018242
47522,47528,2023,,2023/12/03,"00:01:00",COLISIÓN CONTRA OBJETO FIJO,ASFALTO,Bueno,Bueno,1,NISSAN,ORO,1,,30,MASCULINO,SIN DATOS,0,0,Morelia,Indeco Expropiacion Petrolera,diciembre,domingo,0,-101.228219121695,19.6843244331752
47523,47529,2023,MOR230786668,2023/12/03,"04:00:00",COLISIÓN POR ALCANCE,ASFALTO,Bueno,Bueno,2,KIA,GRIS,2,,28,MASCULINO,SIN DATOS,0,0,Morelia,Sentimientos de La Nacion,diciembre,domingo,4,-101.235202923417,19.6810005670395
47524,47530,2023,,2023/12/03,"06:20:00",COLISIÓN POR ALCANCE,ASFALTO,Bueno,Bueno,3,NISSAN,GRIS,3,MINISTERIO PÚBLICO,23,MASCULINO,SIN DATOS,0,0,Morelia,Lomas de Guayangareo,diciembre,domingo,6,-101.158021688461,19.702616616059
47525,47531,2023,,2023/12/03,12:00:00,COLISIÓN POR CAMBIO DE CARRIL,ASFALTO,Bueno,Bueno,2,Mercedes benz,amarillo guinda,2,,30,MASCULINO,SIN DATOS,0,0,Morelia,Cañada del Bosque,diciembre,domingo,12,-101.092151328921,19.7254757478924
47526,47532,2023,LEG50811,2023/12/03,19:49:00,COLISIÓN POR INVASIÓN DE CARRIL,ASFALTO,Bueno,Bueno,2,JEEP,ROJO,2,,49,MASCULINO,SIN DATOS,0,0,Morelia,Emiliano Zapata,diciembre,domingo,20,-101.230527162552,19.6542132898532
47528,47534,2023,LEG50812,2023/12/03,22:20:00,COLISIÓN POR CAMBIO DE CARRIL,ASFALTO,Bueno,Bueno,3,NISSAN,VERDE,3,MINISTERIO PÚBLICO,61,MASCULINO,SIN DATOS,0,0,Morelia,Rey Tariacuri (Eucaliptos),diciembre,domingo,22,-101.198721528053,19.677778601905
47529,47535,2023,,2023/12/04,"02:45:00",COLISIÓN CONTRA OBJETO FIJO,ASFALTO,Bueno,Bueno,1,CHEVROLET,CUARZO,1,MINISTERIO PÚBLICO,0,,SIN DATOS,0,0,Morelia,Lazaro Cardenas,diciembre,lunes,3,-101.162058507071,19.7101112773308
47530,47536,2023,,2023/12/04,"06:50:00",COLISIÓN CONTRA OBJETO FIJO,ASFALTO,Bueno,Bueno,1,Nissan,blanco,1,,36,FEMENINO,SIN DATOS,0,0,Morelia,Sin datos,diciembre,lunes,7,-101.121751666667,19.7052816666667
47531,47537,2023,,2023/12/04,"08:00:00",COLISIÓN CONTRA OBJETO FIJO,ASFALTO,Bueno,Bueno,1,JEEP,GRIS,1,,26,MASCULINO,SIN DATOS,0,0,Morelia,Ciudad Industrial,diciembre,lunes,8,-101.164083480835,19.7248170845059
47532,47538,2023,,2023/12/04,"08:20:00",COLISIÓN POR CORTE DE CIRCULACIÓN,ASFALTO,Bueno,Bueno,2,SEAT,NEGRO,2,,41,MASCULINO,SIN DATOS,0,0,Morelia,Adolfo Lopez Mateos,diciembre,lunes,8,-101.22405277,19.6949594099991
47534,47540,2023,,2023/12/04,10:10:00,COLISIÓN POR CAMBIO DE CARRIL,ASFALTO,Bueno,Bueno,2,NISSAN,BLANCO,2,,25,MASCULINO,SIN DATOS,0,0,Morelia,Sin datos,diciembre,lunes,10,-101.119574805995,19.701086
47536,47542,2023,LEG50817,2023/12/04,11:30:00,COLISIÓN CONTRA OBJETO FIJO,ASFALTO,Bueno,Bueno,1,DODGE,ROJO,1,,62,MASCULINO,SIN DATOS,0,0,Morelia,Eduardo Ruiz,diciembre,lunes,12,-101.221859682349,19.7216992118204