fid,id_accidente,anio_origen,folio_c5i,dia_incidente,hora_ocurrencia,tipo_incidente_vial,superficie_ocurrencia,condiciones_climaticas,condiciones_via,numero_vehiculos_involucrados,marca_vehiculo_ocasiona_siniestro,color_vehiculo_ocasiona_siniestro,numero_personas_involucradas,lugar_remite_presunto_responsable,edad_presunto_responsable,sexo_presunto_responsable,resultados_toxicologia,numero_personas_lesionadas,numero_personas_fallecidas,municipio,colonia,mes,dia_semana,hora_redondeada,lon,lat
47537,47543,2023,,2023/12/04,11:50:00,COLISIÓN POR CORTE DE CIRCULACIÓN,ASFALTO,Bueno,Bueno,1,ITALIKA,ROJO,0,MINISTERIO PÚBLICO,,,,0,0,Lázaro Cárdenas,Sin datos,diciembre,lunes,12,-102.229985296726,17.9362868478175
47538,47544,2023,LEG50822,2023/12/04,14:20:00,COLISIÓN CONTRA OBJETO FIJO,CONCRETO,Bueno,Bueno,1,KENWORTH,BLANCO,1,,52,MASCULINO,SIN DATOS,0,0,Morelia,Poblado de Ocolusen,diciembre,lunes,14,-101.153176233214,19.6939479390376
47539,47545,2023,,2023/12/04,14:34:00,COLISIÓN POR ALCANCE,ASFALTO,Bueno,Bueno,2,NISSAN,PLATA,2,,33,FEMENINO,SIN DATOS,0,0,Morelia,Los Ciruelos,diciembre,lunes,15,-101.231889501514,19.6678119450206
47541,47547,2023,LEG50828,2023/12/04,16:35:00,COLISIÓN POR CAMBIO DE CARRIL,CONCRETO,Bueno,Bueno,2,MAZDA,NEGRO,2,,21,FEMENINO,SIN DATOS,0,0,Morelia,Lomas de Santiaguito,diciembre,lunes,17,-101.179519891941,19.7229539949395
47542,47548,2023,,2023/12/04,17:40:00,COLISIÓN POR CORTE DE CIRCULACIÓN,ASFALTO,Bueno,Bueno,2,CHEVROLET,BLANCO,2,,24,MASCULINO,SIN DATOS,0,0,Morelia,San Isidro Itzicuaro,diciembre,lunes,18,-101.27212964,19.6880710699992
47545,47551,2023,,2023/12/04,20:50:00,SUBIDA AL CAMELLÓN,ASFALTO,Bueno,Bueno,1,VOLKSWAGEN,BLANCO Y ROJO,1,,33,MASCULINO,SIN DATOS,0,0,Morelia,El Realito,diciembre,lunes,21,-101.203137012728,19.7271577016115
47546,47552,2023,,2023/12/04,21:50:00,COLISIÓN POR INVASIÓN DE CARRIL,ASFALTO,Bueno,Regular,3,FORD,GRIS,2,MINISTERIO PÚBLICO,33,MASCULINO,SIN DATOS,0,0,Hidalgo,Corros,diciembre,lunes,22,-100.555388331413,19.7072126923557
47547,47553,2023,,2023/12/05,"06:16:00",COLISIÓN CONTRA OBJETO FIJO,CONCRETO,Bueno,Bueno,2,NISSAN,BLANCO Y ROJO,2,,51,MASCULINO,SIN DATOS,0,0,Morelia,Gertrudis Sanchez,diciembre,martes,6,-101.1991691,19.7439595199991
47549,47555,2023,,2023/12/05,"08:10:00",COLISIÓN POR ALCANCE,ASFALTO,Bueno,Bueno,2,VOLKSWAGEN,NEGRO,2,MINISTERIO PÚBLICO,52,MASCULINO,SIN DATOS,1,0,Copándaro,Sin datos,diciembre,martes,8,-101.237100921571,19.902084483633
47550,47556,2023,,2023/12/05,"09:50:00",COLISIÓN POR CAMBIO DE CARRIL,CONCRETO,Bueno,Bueno,2,CHEVROLET EQUINOX,GUINDA,2,,28,MASCULINO,SIN DATOS,0,0,Morelia,Fuentes de Morelia,diciembre,martes,10,-101.203908950441,19.6711852824231
47551,47557,2023,,2023/12/05,16:00:00,COLISIÓN POR CORTE DE CIRCULACIÓN,ASFALTO,Bueno,Bueno,2,FREIGHTLINER,BLANCO/CAFE,2,,0,MASCULINO,SIN DATOS,0,0,Morelia,Felix Arreguin,diciembre,martes,16,-101.225279877508,19.7200541458846
47552,47558,2023,,2023/12/05,16:00:00,VOLCADURA,ASFALTO,Bueno,Bueno,1,RENAULT,AZUL,1,,27,FEMENINO,SIN DATOS,0,0,Morelia,Bosques Tres Marias,diciembre,martes,16,-101.102,19.7232
47553,47559,2023,,2023/12/05,16:15:00,COLISIÓN POR MANIOBRA DE REVERSA,ASFALTO,Bueno,Bueno,2,RENAULT,GRIS,2,,50,FEMENINO,SIN DATOS,0,0,Morelia,Primo Tapia Oriente,diciembre,martes,16,-101.160671657864,19.7148130515494
47554,47560,2023,,2023/12/05,16:55:00,COLISIÓN POR NO RESPETAR SEMÁFORO,ASFALTO,Bueno,Bueno,2,NISSAN XTRAIL,GRIS,2,,26,FEMENINO,SIN DATOS,0,0,Morelia,Camelinas,diciembre,martes,17,-101.174,19.6806
47555,47561,2023,,2023/12/05,22:10:00,COLISIÓN POR ALCANCE,ASFALTO,Bueno,Bueno,2,CHRYSLER ATOS,AZUL,2,,28,MASCULINO,SIN DATOS,0,0,Morelia,Tinijaro,diciembre,martes,22,-101.26316,19.6963297049991
47556,47562,2023,LEG50850,2023/12/06,"07:40:00",SALIDA DE SUPERFICIE DE RODAMIENTO,ASFALTO,Bueno,Bueno,1,FORD,NEGRO,2,MINISTERIO PÚBLICO,,,,0,2,Morelia,Ampliacion La Soledad,diciembre,miércoles,8,-101.181941628456,19.7369105573083
47557,47563,2023,LEG50852,2023/12/06,"07:48:00",COLISIÓN POR CORTE DE CIRCULACIÓN,ASFALTO,Bueno,Bueno,2,VOLKSWAGEN,PLATA,2,,39,FEMENINO,SIN DATOS,0,0,Morelia,Prados Verdes,diciembre,miércoles,8,-101.197178922594,19.7157457479874
47558,47564,2023,LEG50851,2023/12/06,"08:00:00",COLISIÓN POR CAMBIO DE CARRIL,ASFALTO,Bueno,Bueno,2,FORD,BLANCO,2,,46,MASCULINO,SIN DATOS,0,0,Morelia,Alberto Oviedo Mota,diciembre,miércoles,8,-101.195736899972,19.6815274528801
47559,47565,2023,,2023/12/06,10:50:00,COLISIÓN POR CORTE DE CIRCULACIÓN,CONCRETO,Bueno,Bueno,2,GMC,GUINDA,2,,61,MASCULINO,SIN DATOS,0,0,Morelia,Dr Miguel Silva,diciembre,miércoles,11,-101.187834106386,19.7146088752078
47560,47566,2023,LEG50845,2023/12/06,13:25:00,COLISIÓN POR INVASIÓN DE CARRIL,SIN_DATOS,Bueno,Bueno,2,TOYOTA,BLANCO,2,,35,MASCULINO,SIN DATOS,0,0,Morelia,Country Club  Las Huertas,diciembre,miércoles,13,-101.228218451142,19.6584015636111
47561,47567,2023,,2023/12/06,13:30:00,COLISIÓN CONTRA OBJETO FIJO,CONCRETO,Bueno,Bueno,2,FORD,BLANCO Y VERDE,1,,39,MASCULINO,SIN DATOS,0,0,Morelia,Veinte de Noviembre,diciembre,miércoles,14,-101.165198273957,19.7213514036344
47562,47568,2023,,2023/12/06,16:40:00,COLISIÓN POR CORTE DE CIRCULACIÓN,ASFALTO,Nublado,Regular,2,ISUZU,BLANCO,2,,,MASCULINO,SIN DATOS,0,0,Morelia,Felicitas del Rio,diciembre,miércoles,17,-101.199085637927,19.6902260275966
47563,47569,2023,,2023/12/06,20:00:00,COLISIÓN POR CORTE DE CIRCULACIÓN,ASFALTO,Bueno,Bueno,2,HONDA,GRIS,0,MINISTERIO PÚBLICO,,,,0,0,Morelia,Sin datos,diciembre,miércoles,20,-101.296039782465,19.5941357728839
47564,47570,2023,LEG50853,2023/12/06,20:30:00,COLISIÓN POR CORTE DE CIRCULACIÓN,ASFALTO,Bueno,Bueno,2,FORD,BLANCO,2,MINISTERIO PÚBLICO,,,SIN DATOS,0,0,Morelia,Felicitas del Rio,diciembre,miércoles,21,-101.199083290994,19.6902241335654
47565,47571,2023,MOR 230793764,2023/12/06,20:35:00,COLISIÓN POR CORTE DE CIRCULACIÓN,ASFALTO,Bueno,Regular,2,YAMAHA,ROJO,2,MINISTERIO PÚBLICO,25,MASCULINO,SIN DATOS,0,0,Morelia,Chapultepec Sur,diciembre,miércoles,21,-101.176580363936,19.6918832521679
47566,47572,2023,MOR230793895,2023/12/06,21:50:00,COLISIÓN POR CORTE DE CIRCULACIÓN,ASFALTO,Bueno,Bueno,2,CHEVROLET,BLANCO,2,MINISTERIO PÚBLICO,34,MASCULINO,SIN DATOS,0,0,Morelia,Infonavit Colonial Universidad,diciembre,miércoles,22,-101.206724233925,19.6865319927261
47567,47573,2023,LEG50854,2023/12/07,"04:20:00",COLISIÓN CONTRA OBJETO FIJO,ASFALTO,Bueno,Bueno,1,CHEVROLET,NEGRO,1,,31,MASCULINO,SIN DATOS,0,0,Morelia,Victor Manuel Tinoco Rubi,diciembre,jueves,4,-101.243168078363,19.7005083929447
47568,47574,2023,,2023/12/07,"08:00:00",COLISIÓN CONTRA OBJETO FIJO,ASFALTO,Nublado,Regular,1,KIA,GRIS,1,MINISTERIO PÚBLICO,28,MASCULINO,SIN DATOS,0,0,Morelia,Bosques Tres Marias,diciembre,jueves,8,-101.102,19.7232
47569,47575,2023,,2023/12/07,"09:05:00",COLISIÓN CONTRA OBJETO FIJO,ASFALTO,Lluvioso,Bueno,1,CHEVROLET SPARK,GRIS,1,,31,MASCULINO,SIN DATOS,0,0,Morelia,Bosques Tres Marias,diciembre,jueves,9,-101.102,19.7232
47570,47576,2023,,2023/12/07,"09:35:00",VOLCADURA,CONCRETO,Lluvioso,Bueno,1,CHEVROLET,GRIS,1,,31,MASCULINO,SIN DATOS,0,0,Morelia,Bosques Tres Marias,diciembre,jueves,10,-101.102,19.7232
47571,47577,2023,,2023/12/07,16:10:00,COLISIÓN POR ALCANCE,ASFALTO,Bueno,Bueno,2,VOLKSWAGEN,VERDE,2,,21,MASCULINO,SIN DATOS,0,0,Morelia,Felicitas del Rio,diciembre,jueves,16,-101.199315807371,19.6912362607314
47572,47578,2023,,2023/12/07,16:20:00,COLISIÓN POR CORTE DE CIRCULACIÓN,ASFALTO,Lluvioso,Regular,2,HONDA ACOORD,VERDE,2,,33,MASCULINO,SIN DATOS,0,0,Morelia,Escritor de La Independencia,diciembre,jueves,16,-101.229633,19.6706965
47573,47579,2023,LEG50863,2023/12/07,17:10:00,COLISIÓN POR CAMBIO DE CARRIL,ASFALTO,Bueno,Bueno,2,DODGE,BLANCO,2,,26,MASCULINO,SIN DATOS,0,0,Tarímbaro,Club Erandeni,diciembre,jueves,17,-101.183801,19.757131
47574,47580,2023,,2023/12/07,18:40:00,COLISIÓN POR ALCANCE,ASFALTO,Lluvioso,Bueno,3,TOYOTA,BLANCO,3,MINISTERIO PÚBLICO,0,MASCULINO,SIN DATOS,0,0,Cuitzeo,Los Granados,diciembre,jueves,19,-101.14023629576,19.9747034373536
47576,47582,2023,,2023/12/07,20:00:00,COLISIÓN POR CORTE DE CIRCULACIÓN,ASFALTO,Bueno,Bueno,2,DODGE,BLANCO,2,,0,MASCULINO,SIN DATOS,0,0,Morelia,Industrial,diciembre,jueves,20,-101.196189005906,19.710209818625
47577,47583,2023,LEG50864,2023/12/07,21:12:00,VOLCADURA,ASFALTO,Bueno,Bueno,1,CHEVROLET,AZUL,1,,0,MASCULINO,SIN DATOS,0,0,Morelia,Quinceo,diciembre,jueves,21,-101.225583814256,19.7338910364515
47578,47584,2023,,2023/12/08,"07:00:00",CAIDA DE MOTOCICLETA,ASFALTO,Bueno,Bueno,1,HONDA,ROJO,1,,44,MASCULINO,SIN DATOS,0,0,Morelia,Villa Universidad,diciembre,viernes,7,-101.212774626911,19.6905186551555
47579,47585,2023,,2023/12/08,"09:34:00",COLISIÓN POR CAMBIO DE CARRIL,ASFALTO,Bueno,Bueno,2,FORD,GRIS,2,,37,MASCULINO,SIN DATOS,0,0,Morelia,La Hacienda,diciembre,viernes,10,-101.314940974116,19.6868795550994
47580,47586,2023,,2023/12/08,10:45:00,COLISIÓN POR ALCANCE,ASFALTO,Bueno,Malo,3,VOLKSWAGEN,PLATA,3,,29,MASCULINO,SIN DATOS,0,0,Morelia,Enrique Arreguin Robles,diciembre,viernes,11,-101.184220835567,19.7196041745852
47581,47587,2023,,2023/12/08,11:00:00,COLISIÓN CONTRA OBJETO FIJO,CONCRETO,Bueno,Bueno,2,MITSUBISHI,BLANCO,2,,39,FEMENINO,SIN DATOS,0,0,Morelia,Colinas del Sur,diciembre,viernes,11,-101.199143975973,19.6659862758301
47582,47588,2023,,2023/12/08,13:45:00,COLISIÓN POR CAMBIO DE CARRIL,ASFALTO,Bueno,Bueno,2,CHRYSLER,ROJO/BLANCO,2,,28,MASCULINO,SIN DATOS,0,0,Morelia,El Realito,diciembre,viernes,14,-101.204017549753,19.7268198924939
47583,47589,2023,LEG50872,2023/12/08,14:00:00,COLISIÓN POR INVASIÓN DE CARRIL,ASFALTO,Bueno,Bueno,2,CHEVROLET,BLANCO,2,,,MASCULINO,SIN DATOS,0,0,Morelia,Melchor Ocampo,diciembre,viernes,14,-101.202442422509,19.7057127717999
47584,47590,2023,LEG50875,2023/12/08,14:00:00,CAIDA DE MOTOCICLETA,ASFALTO,Nublado,Bueno,1,VENTO,BLANCO,1,,33,FEMENINO,SIN DATOS,0,0,Morelia,Villas del Real,diciembre,viernes,14,-101.198655478656,19.7345121333991
47585,47591,2023,LEG50876,2023/12/08,14:10:00,COLISIÓN POR ALCANCE,ASFALTO,Bueno,Bueno,2,NISSAN,ROJO,2,,29,MASCULINO,SIN DATOS,0,0,Morelia,Lomas del Tecnologico,diciembre,viernes,14,-101.190985701978,19.7224711856194
47586,47592,2023,,2023/12/08,15:15:00,COLISIÓN POR ALCANCE,ASFALTO,Bueno,Bueno,2,MAZDA,GRIS TITANIO,2,,22,MASCULINO,SIN DATOS,0,0,Morelia,Alberto Oviedo Mota,diciembre,viernes,15,-101.1957379058,19.6815242959898
47587,47593,2023,LEG50877,2023/12/08,15:30:00,COLISIÓN POR ALCANCE,ASFALTO,Bueno,Bueno,2,INTERNATIONAL,BLANCO,2,,,MASCULINO,SIN DATOS,0,0,Morelia,Primo Tapia Oriente,diciembre,viernes,16,-101.157821193337,19.7139934076708
47588,47594,2023,,2023/12/08,15:40:00,CAIDA DE MOTOCICLETA,ASFALTO,Bueno,Bueno,1,BAJAJ,AZUL,2,MINISTERIO PÚBLICO,75,,SIN DATOS,1,0,Hidalgo,Corros,diciembre,viernes,16,-100.555381625891,19.7072145861859
47589,47595,2023,,2023/12/08,17:50:00,COLISIÓN CONTRA OBJETO FIJO,ASFALTO,Bueno,Bueno,1,PEUGEOT,AZUL,1,,,FEMENINO,SIN DATOS,0,0,Morelia,Lomas de La Maestranza,diciembre,viernes,18,-101.331750378013,19.685798984049
47590,47596,2023,LEG50878,2023/12/08,19:46:00,COLISIÓN POR CAMBIO DE CARRIL,ASFALTO,Bueno,Bueno,1,NISSAN,AZUL,2,,50,MASCULINO,SIN DATOS,0,0,Morelia,Lomas del Tecnologico,diciembre,viernes,20,-101.191490963101,19.7227003170429
47591,47597,2023,LEG50879,2023/12/08,21:45:00,COLISIÓN POR CAMBIO DE CARRIL,ASFALTO,Bueno,Bueno,2,FREIGHTLINER,ROJO,2,,46,MASCULINO,SIN DATOS,0,0,Morelia,Elias Perez Avalos,diciembre,viernes,22,-101.168549694121,19.7124957601015
47592,47598,2023,LEG50874,2023/12/09,"00:45:00",COLISIÓN CONTRA OBJETO FIJO,ASFALTO,Nublado,Regular,1,NISSAN,BLANCO,1,MINISTERIO PÚBLICO,,MASCULINO,SIN DATOS,0,0,Morelia,La Esperanza,diciembre,sábado,1,-101.254379041493,19.6978407990815
47593,47599,2023,,2023/12/09,19:07:00,COLISIÓN POR ALCANCE,ASFALTO,Bueno,Bueno,2,MAZDA,BLANCO,2,,30,MASCULINO,SIN DATOS,0,0,Morelia,Sentimientos de La Nacion,diciembre,sábado,19,-101.236997656524,19.6847506053428
47594,47600,2023,,2023/12/09,19:35:00,COLISIÓN POR CAMBIO DE CARRIL,ASFALTO,Bueno,Bueno,2,VOLKSWAGEN,GRIS,2,,42,FEMENINO,SIN DATOS,0,0,Morelia,El Lago 3,diciembre,sábado,20,-101.220863498747,19.7274195307211
47595,47601,2023,,2023/12/10,"00:00:00",COLISIÓN POR ALCANCE,ASFALTO,Bueno,Bueno,3,MAZDA,NEGRO,3,,18,MASCULINO,SIN DATOS,0,0,Morelia,Lomas del Valle,diciembre,domingo,0,-101.230632774532,19.6877918632805
47596,47602,2023,,2023/12/10,"02:30:00",SALIDA DE SUPERFICIE DE RODAMIENTO,CONCRETO,Bueno,Bueno,1,NISSAN,AZUL,1,MINISTERIO PÚBLICO,,,SIN DATOS,0,0,Morelia,Villas del Pedregal,diciembre,domingo,3,-101.309060230851,19.6728179874688
47597,47603,2023,,2023/12/10,"04:15:00",VOLCADURA,ASFALTO,Bueno,Bueno,1,CHEVROLET,BLANCO,1,,34,MASCULINO,SIN DATOS,0,0,Morelia,Popular Pogreso,diciembre,domingo,4,-101.199465841055,19.7247962546659
47598,47604,2023,LEG50887,2023/12/10,15:45:00,COLISIÓN POR ALCANCE,ASFALTO,Bueno,Bueno,2,DODGE,GUINDA,2,,31,MASCULINO,SIN DATOS,0,0,Morelia,Buenavista,diciembre,domingo,16,-101.161388531327,19.7057339197674
47599,47605,2023,,2023/12/10,18:40:00,COLISIÓN POR ALCANCE,CONCRETO,Bueno,Bueno,2,TOYOTA,BLANCO Y GRIS,2,,40,MASCULINO,SIN DATOS,0,0,Morelia,Nueva Valladolid,diciembre,domingo,19,-101.211692020297,19.7019572272064
47600,47606,2023,MOR230802079,2023/12/10,22:00:00,COLISIÓN POR INVASIÓN DE CARRIL,ASFALTO,Bueno,Regular,2,DODGE,BLANCO,2,MINISTERIO PÚBLICO,,,SIN DATOS,0,0,Charo,San Pedro Y San Pablo,diciembre,domingo,22,-101.046818308532,19.752184516436
47601,47607,2023,MOR 230802347,2023/12/10,22:50:00,COLISIÓN CONTRA OBJETO FIJO,ASFALTO,Bueno,Bueno,1,VOLKSWAGEN,NERGO/ROJO,2,,22,FEMENINO,SIN DATOS,1,0,Morelia,Morelos,diciembre,domingo,23,-101.183163374662,19.7280134859465
47602,47608,2023,LEG50892,2023/12/11,"07:20:00",COLISIÓN POR ALCANCE,ASFALTO,Bueno,Bueno,2,FORD,BLANCO,2,,35,MASCULINO,SIN DATOS,0,0,Morelia,La Huare,diciembre,lunes,7,-101.257025,19.716022
47603,47609,2023,,2023/12/11,"07:30:00",COLISIÓN POR CORTE DE CIRCULACIÓN,SIN_DATOS,Bueno,Bueno,1,VOLKSWAGEN,GRIS,1,,,MASCULINO,SIN DATOS,0,0,Morelia,La Soledad,diciembre,lunes,8,-101.18369076401,19.7263136698389
47604,47610,2023,,2023/12/11,"08:30:00",COLISIÓN POR CORTE DE CIRCULACIÓN,ASFALTO,Bueno,Bueno,1,CHEVROLET,BLANCO,1,,46,MASCULINO,SIN DATOS,0,0,Morelia,Carlos Salazar,diciembre,lunes,9,-101.209658559066,19.7124165765648
47605,47611,2023,,2023/12/11,"08:45:00",COLISIÓN CON PEATÓN,SIN_DATOS,Bueno,Bueno,2,NISSAN,BLANCO,2,,18,MASCULINO,SIN DATOS,0,0,Morelia,Tres Puentes,diciembre,lunes,9,-101.213524742681,19.7058468756013
47606,47612,2023,,2023/12/11,11:40:00,COLISIÓN POR CAMBIO DE CARRIL,SIN_DATOS,Bueno,Bueno,2,TOYOTA,BLACO Y ROJO,2,,48,MASCULINO,SIN DATOS,0,0,Morelia,Las Cruces,diciembre,lunes,12,-101.267695635,19.6995143549991
47607,47613,2023,,2023/12/11,17:55:00,COLISIÓN POR ALCANCE,CONCRETO,Bueno,Bueno,2,CHEVROLET,ROJO,2,,43,MASCULINO,SIN DATOS,0,0,Morelia,Santa Maria,diciembre,lunes,18,-101.200461611152,19.6778310075
47608,47614,2023,,2023/12/11,21:00:00,COLISIÓN POR ALCANCE,ASFALTO,Bueno,Bueno,2,HONDA,BLANCO,2,,39,MASCULINO,SIN DATOS,0,0,Morelia,Industrial,diciembre,lunes,21,-101.197894401848,19.7069046290121
47609,47615,2023,,2023/12/12,"02:05:00",COLISIÓN POR ALCANCE,ASFALTO,Bueno,Bueno,2,NISSAN,BLANCO,2,,50,MASCULINO,SIN DATOS,0,0,Morelia,Indeco El Vivero,diciembre,martes,2,-101.230049394071,19.6770553398032
47610,47616,2023,MOR230804741,2023/12/12,"07:40:00",COLISIÓN POR ALCANCE,ASFALTO,Bueno,Bueno,2,NISSAN,BLANCO,2,MINISTERIO PÚBLICO,43,MASCULINO,SIN DATOS,0,0,Morelia,Ilustres Novohispanos,diciembre,martes,8,-101.152673110067,19.7108147396326
47611,47617,2023,LEG50902,2023/12/12,"08:05:00",COLISIÓN POR ALCANCE,ASFALTO,Bueno,Bueno,2,SEAT,GRIS,2,,18,MASCULINO,SIN DATOS,0,0,Morelia,Ilustres Novohispanos,diciembre,martes,8,-101.152673110067,19.7108147396326
47612,47618,2023,,2023/12/12,"08:10:00",COLISIÓN CONTRA OBJETO FIJO,ASFALTO,Lluvioso,Regular,1,HONDA,BLANCO,1,,31,MASCULINO,SIN DATOS,0,0,Puruándiro,Sin datos,diciembre,martes,8,-101.461044587195,20.0786471908036
47613,47619,2023,LEG50899,2023/12/12,14:00:00,COLISIÓN POR CORTE DE CIRCULACIÓN,CONCRETO,Bueno,Bueno,2,JEEP,ROJO,2,,31,MASCULINO,SIN DATOS,0,0,Morelia,Nueva Chapultepec,diciembre,martes,14,-101.170656534483,19.6877951794071
47614,47620,2023,LEG50900,2023/12/12,18:00:00,COLISIÓN POR CORTE DE CIRCULACIÓN,ASFALTO,Bueno,Bueno,2,HONDA,BLANCO,2,,21,MASCULINO,SIN DATOS,0,0,Morelia,Ventura Puente,diciembre,martes,18,-101.187182954235,19.6926426896116
47615,47621,2023,LEG50905,2023/12/12,20:40:00,COLISIÓN POR INVASIÓN DE CARRIL,ASFALTO,Bueno,Bueno,2,VOLKSWAGEN,qq,0,MINISTERIO PÚBLICO,,,,0,0,Indaparapeo,Centro,diciembre,martes,21,-100.968263,19.787145
47616,47622,2023,,2023/12/13,"07:40:00",COLISIÓN POR CORTE DE CIRCULACIÓN,ASFALTO,Bueno,Bueno,2,FREIGHTLINER,BLANCO,2,,,MASCULINO,SIN DATOS,0,0,Morelia,Sentimientos de La Nacion,diciembre,miércoles,8,-101.235391013324,19.6809311152116
47617,47623,2023,,2023/12/13,"09:20:00",COLISIÓN POR CAMBIO DE CARRIL,ASFALTO,Bueno,Bueno,2,NISSAN,AZUL,2,,,FEMENINO,SIN DATOS,0,0,Morelia,San Pascual,diciembre,miércoles,9,-101.26735791564,19.695356244677
47618,47624,2023,,2023/12/13,13:05:00,COLISIÓN POR CORTE DE CIRCULACIÓN,ASFALTO,Bueno,Bueno,2,FREIGHTLINER,BLANCO,2,,48,MASCULINO,SIN DATOS,0,0,Morelia,Mariano Michelena,diciembre,miércoles,13,-101.230177134275,19.6769688385738
47619,47625,2023,,2023/12/13,17:00:00,COLISIÓN POR ALCANCE,ASFALTO,Bueno,Bueno,2,NISSAN,GRIS,2,,36,MASCULINO,SIN DATOS,0,0,Morelia,Union,diciembre,miércoles,17,-101.156867332757,19.7145741565893
47620,47626,2023,,2023/12/13,18:05:00,COLISIÓN POR CAMBIO DE CARRIL,ASFALTO,Bueno,Bueno,2,HYUNDAI,NARANJA,2,,65,MASCULINO,SIN DATOS,0,0,Morelia,Martires de Uruapan,diciembre,miércoles,18,-101.202583909035,19.7255237194369
47621,47627,2023,,2023/12/13,18:40:00,COLISIÓN POR CORTE DE CIRCULACIÓN,ASFALTO,Bueno,Bueno,2,CHRYSLER,BLANCO Y VERDE,2,,31,MASCULINO,SIN DATOS,0,0,Morelia,Lomas de Guayangareo,diciembre,miércoles,19,-101.162906996906,19.7019597523962
47622,47628,2023,,2023/12/13,20:00:00,SALIDA DE SUPERFICIE DE RODAMIENTO,ASFALTO,Bueno,Bueno,1,VOLKSWAGEN,BLANCO,0,,,,,0,0,Morelia,Montaña Monarca,diciembre,miércoles,20,-101.165501363575,19.6717275346107
47623,47629,2023,,2023/12/13,20:15:00,COLISIÓN POR ALCANCE,CONCRETO,Bueno,Bueno,3,VOLKSWAGEN JETTA,BLANCO,3,,38,FEMENINO,SIN DATOS,0,0,Morelia,Bosques de Oriente,diciembre,miércoles,20,-101.155473589897,19.7156213930577
47624,47630,2023,LEG50903,2023/12/13,20:24:00,COLISIÓN POR CORTE DE CIRCULACIÓN,ASFALTO,Bueno,Bueno,2,SUZUKI,BLANCO,2,,47,FEMENINO,SIN DATOS,0,0,Morelia,Jesus Romero Flores,diciembre,miércoles,20,-101.178306817326,19.7315900393729
47625,47631,2023,,2023/12/13,21:15:00,COLISIÓN POR INVASIÓN DE CARRIL,CONCRETO,Bueno,Bueno,2,KIA,AZUL,2,,32,MASCULINO,SIN DATOS,0,0,Morelia,La Nueva Aldea,diciembre,miércoles,21,-101.145694255829,19.7491444833133
47626,47632,2023,LEG50904,2023/12/13,22:07:00,COLISIÓN CONTRA OBJETO FIJO,CONCRETO,Bueno,Bueno,1,CHEVROLET,BLANCO,1,,54,MASCULINO,SIN DATOS,0,0,Morelia,Ana Maria Gallaga (Riviera Norte),diciembre,miércoles,22,-101.22460476,19.6777109999991
47627,47633,2023,,2023/12/13,22:20:00,COLISIÓN CONTRA OBJETO FIJO,CONCRETO,Bueno,Bueno,1,DODGE RAM,BLANCO,1,,53,MASCULINO,SIN DATOS,0,0,Morelia,Arboledas de Valladolid,diciembre,miércoles,22,-101.250394955277,19.6940007873537
47628,47634,2023,LEG50921,2023/12/14,10:22:00,COLISIÓN POR CORTE DE CIRCULACIÓN,ASFALTO,Bueno,Bueno,2,CHEVROLET,GUINDA,1,,0,MASCULINO,SIN DATOS,0,0,Morelia,Jardines de Guadalupe,diciembre,jueves,10,-101.227431222796,19.7132823029975
47629,47635,2023,LEG50919,2023/12/14,10:42:00,COLISIÓN CONTRA OBJETO FIJO,CONCRETO,Bueno,Bueno,1,NISSAN,ROJO,1,,33,MASCULINO,SIN DATOS,0,0,Morelia,Tres Puentes,diciembre,jueves,11,-101.215754896402,19.703738738759
47630,47636,2023,,2023/12/14,13:10:00,COLISIÓN CONTRA OBJETO FIJO,ASFALTO,Bueno,Bueno,1,VOLKSWAGEN,PLATA,1,,21,MASCULINO,SIN DATOS,0,0,Morelia,Ana Maria Gallaga (Riviera Norte),diciembre,jueves,13,-101.22460476,19.6777109999991
47631,47637,2023,LEG50918,2023/12/14,16:00:00,COLISIÓN POR CORTE DE CIRCULACIÓN,ASFALTO,Bueno,Bueno,2,FREIGTHLINER,BLANCO,2,,32,MASCULINO,SIN DATOS,0,0,Morelia,Sentimientos de La Nacion,diciembre,jueves,16,-101.236871927977,19.6848049027524
47632,47638,2023,LEG50922,2023/12/14,16:49:00,COLISIÓN POR CORTE DE CIRCULACIÓN,ASFALTO,Bueno,Bueno,2,VOLKSWAGEN,CAFE,2,,33,MASCULINO,SIN DATOS,0,0,Morelia,Emiliano Zapata,diciembre,jueves,17,-101.216802969575,19.7143156604562
47633,47639,2023,,2023/12/14,20:00:00,COLISIÓN POR CORTE DE CIRCULACIÓN,CONCRETO,Bueno,Bueno,2,SUZUKI,ROJO,2,,57,MASCULINO,SIN DATOS,0,0,Morelia,Centro,diciembre,jueves,20,-101.189975515008,19.708762974252
47634,47640,2023,MOR230810438,2023/12/14,23:30:00,COLISIÓN POR CAMBIO DE CARRIL,CONCRETO,Bueno,Bueno,2,MERCEDES BENZ,BLANCO,2,,22,MASCULINO,SIN DATOS,0,0,Morelia,Montaña Monarca,diciembre,jueves,0,-101.165725328028,19.6730509784609
47635,47641,2023,MOR230810355,2023/12/14,23:30:00,SALIDA DE SUPERFICIE DE RODAMIENTO,CONCRETO,Bueno,Bueno,1,FORD,ARENA,1,,,,SIN DATOS,0,0,Morelia,Ventura Puente,diciembre,jueves,0,-101.195376142859,19.6922611512276