fid,id_accidente,anio_origen,folio_c5i,dia_incidente,hora_ocurrencia,tipo_incidente_vial,superficie_ocurrencia,condiciones_climaticas,condiciones_via,numero_vehiculos_involucrados,marca_vehiculo_ocasiona_siniestro,color_vehiculo_ocasiona_siniestro,numero_personas_involucradas,lugar_remite_presunto_responsable,edad_presunto_responsable,sexo_presunto_responsable,resultados_toxicologia,numero_personas_lesionadas,numero_personas_fallecidas,municipio,colonia,mes,dia_semana,hora_redondeada,lon,lat
47636,47642,2023,,2023/12/15,"00:00:00",COLISIÓN POR CAMBIO DE CARRIL,CONCRETO,Bueno,Bueno,2,CHEVROLET,BLANCO,2,,59,MASCULINO,SIN DATOS,0,0,Morelia,Central de Abastos,diciembre,viernes,0,-101.171370707452,19.7161273339573
47637,47643,2023,,2023/12/15,"00:00:00",COLISIÓN POR NO RESPETAR SEMÁFORO,ASFALTO,Lluvioso,Regular,2,CHEVROLET,ROJO,2,,51,MASCULINO,SIN DATOS,0,0,Morelia,Felix Ireta,diciembre,viernes,0,-101.192023046315,19.6855063478649
47638,47644,2023,LEG50925,2023/12/15,"00:40:00",VOLCADURA,ASFALTO,Bueno,Bueno,1,CHEVROLET,AMARILLO,1,,,,SIN DATOS,0,0,Morelia,Sin datos,diciembre,viernes,1,-101.28004476428,19.670042590403
47639,47645,2023,,2023/12/15,"08:10:00",COLISIÓN POR CORTE DE CIRCULACIÓN,CONCRETO,Bueno,Bueno,2,VOLKSWAGEN,ROJO,2,,51,FEMENINO,SIN DATOS,0,0,Morelia,Lomas de Hidalgo,diciembre,viernes,8,-101.161169596016,19.6978136525895
47640,47646,2023,,2023/12/15,"09:00:00",COLISIÓN POR CORTE DE CIRCULACIÓN,ASFALTO,Bueno,Bueno,2,ITALIKA,ROJO,2,,,MASCULINO,SIN DATOS,0,0,Morelia,La Quemada,diciembre,viernes,9,-101.238797418773,19.701478387356
47641,47647,2023,,2023/12/15,11:15:00,COLISIÓN POR ALCANCE,ASFALTO,Bueno,Bueno,2,VOLKSWAGEN,VERDE,2,,22,MASCULINO,SIN DATOS,0,0,Morelia,Primo Tapia Oriente,diciembre,viernes,11,-101.160669699311,19.7126021266824
47642,47648,2023,,2023/12/15,12:36:00,COLISIÓN POR ALCANCE,CONCRETO,Bueno,Bueno,2,CHEVROLET,GUINDA,2,,26,MASCULINO,SIN DATOS,0,0,Morelia,Cinco de Diciembre,diciembre,viernes,13,-101.165840002471,19.6842250114131
47643,47649,2023,LEG50932,2023/12/15,17:00:00,COLISIÓN POR ALCANCE,ASFALTO,Bueno,Bueno,2,DODGE,NEGRO,2,,,MASCULINO,SIN DATOS,0,0,Morelia,Justo Mendoza,diciembre,viernes,17,-101.231140717864,19.71448578189
47644,47650,2023,LEG50933,2023/12/15,21:20:00,COLISIÓN POR CAMBIO DE CARRIL,ASFALTO,Bueno,Bueno,2,S/D,ROJO,1,MINISTERIO PÚBLICO,50,MASCULINO,SIN DATOS,0,0,Morelia,Ana Maria Gallaga (Riviera Norte),diciembre,viernes,21,-101.219995133579,19.6771282659859
47645,47651,2023,,2023/12/15,22:30:00,COLISIÓN POR CORTE DE CIRCULACIÓN,ASFALTO,Lluvioso,Regular,2,NISSAN,BLANCO,2,,29,MASCULINO,SIN DATOS,0,0,Morelia,Solidaridad,diciembre,viernes,23,-101.207699552178,19.7261653374603
47646,47652,2023,,2023/12/15,23:20:00,COLISIÓN POR ALCANCE,ASFALTO,Bueno,Bueno,2,DODGE,ROJO,2,,0,MASCULINO,SIN DATOS,0,0,Morelia,Bosques de Oriente,diciembre,viernes,23,-101.15545514971,19.7156009414932
47647,47653,2023,LEG50937,2023/12/16,"00:00:00",SUBIDA AL CAMELLÓN,ASFALTO,Lluvioso,Bueno,1,VOLKSWAGEN,BLANCO,1,,,,SIN DATOS,0,0,Morelia,Arcos del Valle,diciembre,sábado,0,-101.23617388308,19.7075728353278
47648,47654,2023,,2023/12/16,"00:40:00",COLISIÓN POR ALCANCE,ASFALTO,Lluvioso,Bueno,2,CHEVROLET,BLANCO,2,,28,MASCULINO,SIN DATOS,0,0,Morelia,Centro,diciembre,sábado,1,-101.200165897608,19.7030487368153
47649,47655,2023,,2023/12/16,"02:14:00",CAIDA DE MOTOCICLETA,CONCRETO,Bueno,Bueno,1,CARABELLA,AZUL/NEGRO,1,MINISTERIO PÚBLICO,,FEMENINO,SIN DATOS,0,0,Morelia,Ciudad Jardin,diciembre,sábado,2,-101.254233196378,19.7047320711896
47650,47656,2023,LEG50940,2023/12/16,12:20:00,COLISIÓN POR ALCANCE,ASFALTO,Bueno,Bueno,2,CHEVROLET,GRIS,2,,,MASCULINO,ALIENTO ETÍLICO,0,0,Morelia,Villa Universidad,diciembre,sábado,12,-101.214076839387,19.6879077165772
47651,47657,2023,LEG50951,2023/12/16,12:32:00,COLISIÓN POR CORTE DE CIRCULACIÓN,ASFALTO,Bueno,Bueno,2,VENTO,BLANCO,2,,23,MASCULINO,SIN DATOS,0,0,Morelia,Isaac Arriaga,diciembre,sábado,13,-101.174241006374,19.7064472674825
47652,47658,2023,LEG50950,2023/12/16,16:40:00,COLISIÓN POR CORTE DE CIRCULACIÓN,CONCRETO,Bueno,Bueno,2,MAZDA,NEGRO,4,,50,,SIN DATOS,2,0,Morelia,Mariano Escobedo,diciembre,sábado,17,-101.207466199994,19.7188672144095
47653,47659,2023,"230814062",2023/12/16,16:58:00,COLISIÓN POR CORTE DE CIRCULACIÓN,SIN_DATOS,Bueno,Bueno,2,NISSAN,GRIS,2,,21,MASCULINO,SIN DATOS,0,0,Morelia,La Calera,diciembre,sábado,17,-101.236113533378,19.669307927715
47654,47660,2023,LEG50949,2023/12/16,18:18:00,COLISIÓN POR ALCANCE,ASFALTO,Bueno,Bueno,2,NISSAN,BLANCO/VERDE,2,,52,MASCULINO,SIN DATOS,0,0,Morelia,Lomas de Morelia (Dr Ignacio Chavez),diciembre,sábado,18,-101.175778582692,19.7176984864452
47655,47661,2023,MOR230814340,2023/12/16,19:40:00,COLISIÓN POR CAMBIO DE CARRIL,ASFALTO,Bueno,Bueno,2,VOLKSWAGEN,NEGRO,2,,29,MASCULINO,SIN DATOS,0,0,Morelia,Los Manantiales de Morelia,diciembre,sábado,20,-101.240276992321,19.6927409656563
47656,47662,2023,LEG50948,2023/12/16,20:15:00,COLISIÓN POR CAMBIO DE CARRIL,ASFALTO,Bueno,Bueno,3,CHRYSLER,GRIS,3,,42,FEMENINO,SIN DATOS,0,0,Morelia,Jose Maria Morelos,diciembre,sábado,20,-101.216832473874,19.7138576888695
47657,47663,2023,MOR230814387,2023/12/16,20:30:00,COLISIÓN POR CORTE DE CIRCULACIÓN,ASFALTO,Bueno,Bueno,1,NISSAN,BLANCO,1,,71,MASCULINO,CON CERTIFICADO,0,0,Morelia,Adolfo Lopez Mateos,diciembre,sábado,21,-101.226900145411,19.6954269528949
47658,47664,2023,LEG50946,2023/12/16,20:48:00,COLISIÓN POR CORTE DE CIRCULACIÓN,ASFALTO,Bueno,Bueno,2,CHEVROLET,AZUL,2,MINISTERIO PÚBLICO,47,FEMENINO,SIN DATOS,0,0,Morelia,Isaac Arriaga,diciembre,sábado,21,-101.172299087048,19.7078136666789
47659,47665,2023,MOR230814713,2023/12/16,22:20:00,COLISIÓN POR CAMBIO DE CARRIL,ASFALTO,Bueno,Bueno,2,MAZDA,NEGRO,2,,33,MASCULINO,SIN DATOS,0,0,Morelia,Morelos,diciembre,sábado,22,-101.209212318063,19.69816624097
47660,47666,2023,,2023/12/16,23:30:00,COLISIÓN POR CAMBIO DE CARRIL,ASFALTO,Lluvioso,Regular,2,CHEVROLET,GRIS,2,,21,MASCULINO,SIN DATOS,0,0,Morelia,Colinas del Sol,diciembre,sábado,0,-101.132022365928,19.7296605797729
47661,47667,2023,,2023/12/16,23:50:00,COLISIÓN CONTRA OBJETO FIJO,ASFALTO,Lluvioso,Regular,1,NISSAN,ROJO,1,,51,MASCULINO,SIN DATOS,0,0,Morelia,Sentimientos de La Nacion,diciembre,sábado,0,-101.2340706,19.6807406
47662,47668,2023,LEG50952,2023/12/17,"03:30:00",COLISIÓN POR ALCANCE,ASFALTO,Bueno,Bueno,3,SUZUKI,GRIS,3,,37,MASCULINO,SIN DATOS,0,0,Morelia,Sentimientos de La Nacion,diciembre,domingo,4,-101.236871257424,19.6848042713872
47663,47669,2023,,2023/12/17,12:00:00,COLISIÓN POR CORTE DE CIRCULACIÓN,ASFALTO,Bueno,Bueno,2,FORD,GRIS,2,MINISTERIO PÚBLICO,60,MASCULINO,SIN DATOS,0,0,Morelia,2 de Octubre,diciembre,domingo,12,-101.384772956371,19.6689284401258
47664,47670,2023,,2023/12/17,12:40:00,COLISIÓN POR ALCANCE,ASFALTO,Bueno,Bueno,2,NISSAN,BLANCO,2,,54,MASCULINO,SIN DATOS,0,0,Morelia,2 de Octubre,diciembre,domingo,13,-101.38674672693,19.667290192627
47665,47671,2023,,2023/12/17,13:20:00,COLISIÓN POR CORTE DE CIRCULACIÓN,ASFALTO,Bueno,Bueno,2,NISSAN,BLANCO,0,MINISTERIO PÚBLICO,,,,0,0,Lázaro Cárdenas,1Er Sect de Fidelac,diciembre,domingo,13,-102.198914587498,17.9626573206675
47666,47672,2023,,2023/12/17,14:00:00,COLISIÓN POR CORTE DE CIRCULACIÓN,ASFALTO,Bueno,Bueno,2,FORD,NEGRO,3,MINISTERIO PÚBLICO,34,MASCULINO,SIN DATOS,1,0,Pátzcuaro,Centro,diciembre,domingo,14,-101.607212238014,19.5162085884543
47667,47673,2023,,2023/12/17,14:11:00,VOLCADURA,ASFALTO,Bueno,Bueno,1,BMW,AZUL,1,,,MASCULINO,SIN DATOS,0,0,Morelia,Sin datos,diciembre,domingo,14,-101.261688396335,19.6396120463463
47668,47674,2023,,2023/12/17,16:40:00,COLISIÓN POR CORTE DE CIRCULACIÓN,ASFALTO,Bueno,Bueno,2,FORD,GRIS,2,,60,MASCULINO,SIN DATOS,0,0,Morelia,Felix Arreguin,diciembre,domingo,17,-101.222874484956,19.721163930912
47669,47675,2023,,2023/12/17,19:55:00,COLISIÓN POR ALCANCE,CONCRETO,Bueno,Bueno,2,NISSAN FRONTIER,PLATA,2,,34,MASCULINO,SIN DATOS,0,0,Morelia,Centro,diciembre,domingo,20,-101.178188547492,19.6990466037318
47670,47676,2023,,2023/12/17,23:00:00,SUBIDA AL CAMELLÓN,ASFALTO,Bueno,Bueno,1,FORD,AZUL,1,,62,MASCULINO,SIN DATOS,0,0,Morelia,Eduardo Ruiz,diciembre,domingo,23,-101.22561302036,19.722669387476
47671,47677,2023,,2023/12/18,"05:45:00",SALIDA DE SUPERFICIE DE RODAMIENTO,ASFALTO,Bueno,Bueno,1,FORD,AZUL MARINO,2,MINISTERIO PÚBLICO,18,MASCULINO,SIN DATOS,0,1,Pátzcuaro,Del Cristo,diciembre,lunes,6,-101.597092598677,19.5202674150792
47672,47678,2023,,2023/12/18,"08:05:00",COLISIÓN POR CORTE DE CIRCULACIÓN,CONCRETO,Bueno,Bueno,3,BMW,JATOBA  ( NEGRO ),3,MINISTERIO PÚBLICO,46,FEMENINO,SIN DATOS,0,0,Morelia,Ventura Puente,diciembre,lunes,8,-101.191835291684,19.6913476058332
47673,47679,2023,,2023/12/18,10:13:00,COLISIÓN POR ALCANCE,ASFALTO,Bueno,Bueno,2,HONDA,ROJO,2,,25,MASCULINO,SIN DATOS,0,0,Morelia,Los Manantiales de Morelia,diciembre,lunes,10,-101.240272633731,19.6927368619864
47674,47680,2023,LEG50958,2023/12/18,11:15:00,COLISIÓN CON PEATÓN,ASFALTO,Bueno,Bueno,1,VENTO,NARANJA,2,MINISTERIO PÚBLICO,26,MASCULINO,ALIENTO ETÍLICO,1,0,Morelia,Justo Mendoza,diciembre,lunes,11,-101.231139041483,19.714489253754
47675,47681,2023,LEG50965,2023/12/18,11:23:00,COLISIÓN POR CORTE DE CIRCULACIÓN,ASFALTO,Bueno,Bueno,2,NISSAN,BLANCO,2,,58,FEMENINO,SIN DATOS,0,0,Morelia,Felix Ireta,diciembre,lunes,11,-101.189338490367,19.6898620575133
47676,47682,2023,,2023/12/18,12:08:00,COLISIÓN POR INVASIÓN DE CARRIL,ASFALTO,Bueno,Bueno,2,FORD,NEGRO,2,,46,MASCULINO,SIN DATOS,0,0,Morelia,Sin datos,diciembre,lunes,12,-101.273114606738,19.5833443399793
47677,47683,2023,,2023/12/18,14:50:00,COLISIÓN POR CAMBIO DE CARRIL,ASFALTO,Bueno,Bueno,2,NISSAN,BLANCO Y ROJO,2,,45,MASCULINO,SIN DATOS,0,0,Morelia,Jardines del Rincon,diciembre,lunes,15,-101.153376437724,19.6872381654404
47678,47684,2023,LEG50963,2023/12/18,17:00:00,COLISIÓN CONTRA OBJETO FIJO,CONCRETO,Bueno,Bueno,3,VOLKSWAGEN,BLANCO,3,,43,FEMENINO,CON CERTIFICADO,0,0,Morelia,Ciudad Jardin,diciembre,lunes,17,-101.254035048187,19.7009733470686
47679,47685,2023,LEG50967,2023/12/18,17:30:00,VOLCADURA,ASFALTO,Bueno,Bueno,1,CHEVROLET,AZUL,2,,50,,SIN DATOS,1,0,Morelia,Ciudad Industrial,diciembre,lunes,18,-101.149173080921,19.7203758487293
47680,47686,2023,MOR 230819089,2023/12/18,22:30:00,COLISIÓN POR INVASIÓN DE CARRIL,ASFALTO,Bueno,Regular,2,VOLKSWAGEN,ROJO,2,,20,MASCULINO,SIN DATOS,0,0,Morelia,Ignacio Zaragoza,diciembre,lunes,23,-101.205549091101,19.725548020806
47681,47687,2023,,2023/12/19,"00:00:00",COLISIÓN POR ALCANCE,ASFALTO,Bueno,Bueno,3,VOLKSWAGEN,PLATA,3,,32,FEMENINO,SIN DATOS,0,0,Morelia,Nicolas Bravo(Los Ejidos),diciembre,martes,0,-101.220301,19.704603
47682,47688,2023,LEG50975,2023/12/19,"00:00:00",COLISIÓN CON PEATÓN,SIN_DATOS,Bueno,Bueno,1,VENTO,GRIS,2,MINISTERIO PÚBLICO,25,MASCULINO,SIN DATOS,1,0,Morelia,Centro,diciembre,martes,0,-101.18754847,19.7028479949991
47683,47689,2023,,2023/12/19,"08:00:00",COLISIÓN CONTRA OBJETO FIJO,ASFALTO,Bueno,Bueno,1,INTERNACIONAL,blanco,1,,43,MASCULINO,SIN DATOS,0,0,Morelia,Las Americas,diciembre,martes,8,-101.159064397216,19.6879727459114
47685,47691,2023,,2023/12/19,12:20:00,COLISIÓN POR CAMBIO DE CARRIL,CONCRETO,Bueno,Bueno,2,FORD,BLANCO,2,,53,MASCULINO,SIN DATOS,0,0,Morelia,Chapultepec Sur,diciembre,martes,12,-101.16573325,19.6894483899991
47686,47692,2023,,2023/12/19,19:55:00,COLISIÓN POR ALCANCE,ASFALTO,Bueno,Bueno,3,KENWORTH T3,BLANCO,3,,27,MASCULINO,SIN DATOS,0,0,Morelia,Obrera,diciembre,martes,20,-101.182860991234,19.7107343876966
47687,47693,2023,,2023/12/19,21:50:00,COLISIÓN CON PEATÓN,SIN_DATOS,Bueno,Bueno,2,IBIZA SEAT,GRIS,2,,21,MASCULINO,SIN DATOS,0,0,Morelia,Bonanza,diciembre,martes,22,-101.203529531385,19.6577251316519
47688,47694,2023,,2023/12/19,22:00:00,COLISIÓN POR CORTE DE CIRCULACIÓN,ASFALTO,Bueno,Bueno,2,NISSAN,BLANCO,2,,,MASCULINO,SIN DATOS,0,0,Morelia,Sin datos,diciembre,martes,22,-101.116593,19.739365
47689,47695,2023,,2023/12/20,"09:00:00",COLISIÓN POR CAMBIO DE CARRIL,ASFALTO,Bueno,Bueno,2,NISSAN,BLANCA,2,,33,MASCULINO,SIN DATOS,0,0,Morelia,San Rafael,diciembre,miércoles,9,-101.15461025387,19.7003635087971
47690,47696,2023,LEG50981,2023/12/20,10:50:00,COLISIÓN POR ALCANCE,SIN_DATOS,Bueno,Bueno,2,HYUNDAI,GRIS,2,,34,MASCULINO,SIN DATOS,0,0,Morelia,Industrial,diciembre,miércoles,11,-101.188327632844,19.7125418417743
47691,47697,2023,,2023/12/20,11:50:00,COLISIÓN POR CORTE DE CIRCULACIÓN,ASFALTO,Bueno,Bueno,4,NISSAN,GRIS,4,,0,,SIN DATOS,0,0,Morelia,Infonavit  Las  Camelinas,diciembre,miércoles,12,-101.173891983926,19.6836346632267
47692,47698,2023,,2023/12/20,12:50:00,COLISIÓN POR CORTE DE CIRCULACIÓN,CONCRETO,Bueno,Bueno,3,KENWORTH,ROJO,3,,41,MASCULINO,SIN DATOS,0,0,Morelia,Colinas del Sur,diciembre,miércoles,13,-101.199395433068,19.6680289688656
47693,47699,2023,LEG50987,2023/12/20,12:58:00,COLISIÓN POR CORTE DE CIRCULACIÓN,ASFALTO,Bueno,Bueno,2,TOYOTA,BLANCO Y GRIS,2,,22,,SIN DATOS,0,0,Morelia,La Huerta,diciembre,miércoles,13,-101.214761473238,19.6742279250697
47694,47700,2023,LEG50988,2023/12/20,14:08:00,COLISIÓN POR CORTE DE CIRCULACIÓN,ASFALTO,Bueno,Bueno,2,DINA,BLANCO,2,,36,,SIN DATOS,0,0,Morelia,Enrique Arreguin Robles,diciembre,miércoles,14,-101.188150271773,19.7214413525899
47695,47701,2023,,2023/12/20,15:30:00,COLISIÓN POR NO RESPETAR SEMÁFORO,ASFALTO,Bueno,Bueno,2,ITALIKA,NEGRO,2,,34,MASCULINO,SIN DATOS,0,0,Morelia,Industrial,diciembre,miércoles,16,-101.18832629174,19.7125418417743
47696,47702,2023,,2023/12/20,17:45:00,COLISIÓN POR CAMBIO DE CARRIL,ASFALTO,Bueno,Bueno,2,MAN,CASFE Y GRIS,2,,37,MASCULINO,SIN DATOS,0,0,Morelia,Rinconada del Valle,diciembre,miércoles,18,-101.219158619642,19.677906458899
47697,47703,2023,,2023/12/20,18:00:00,COLISIÓN POR INVASIÓN DE CARRIL,ASFALTO,Bueno,Bueno,2,MERCEDES BENZ,VERDE,2,,31,MASCULINO,SIN DATOS,0,0,Charo,Sin datos,diciembre,miércoles,18,-101.079731360078,19.6867261352892
47698,47704,2023,LEG50986,2023/12/20,18:25:00,COLISIÓN POR ALCANCE,ASFALTO,Bueno,Bueno,2,FORD,VERDE,2,,52,MASCULINO,SIN DATOS,0,0,Morelia,Alberto Oviedo Mota,diciembre,miércoles,18,-101.197816617787,19.6811647257856
47700,47706,2023,,2023/12/20,23:00:00,COLISIÓN POR CORTE DE CIRCULACIÓN,CONCRETO,Bueno,Bueno,2,YAMAHA FZ25,AZUL,2,,21,MASCULINO,SIN DATOS,0,0,Morelia,Mision del Valle,diciembre,miércoles,23,-101.117413805995,19.764624
47701,47707,2023,,2023/12/21,"00:00:00",COLISIÓN POR INVASIÓN DE CARRIL,ASFALTO,Bueno,Bueno,2,DODGE,BLANCO,2,MINISTERIO PÚBLICO,28,MASCULINO,ALIENTO ETÍLICO,0,0,Morelia,Lomas del Valle,diciembre,jueves,0,-101.232351064682,19.6886883825194
47702,47708,2023,,2023/12/21,"00:37:00",VOLCADURA,ASFALTO,Bueno,Bueno,1,HONDA,BLANCO/ROJO,2,MINISTERIO PÚBLICO,26,MASCULINO,SIN DATOS,1,0,Morelia,Prados de La Huerta,diciembre,jueves,1,-101.223496757448,19.6684106685883
47703,47709,2023,,2023/12/21,"08:30:00",COLISIÓN CONTRA OBJETO FIJO,ASFALTO,Bueno,Bueno,1,FREIGHTLINER,BLANCO,0,,,,,0,0,Morelia,Lomas de Las Americas Norte,diciembre,jueves,9,-101.149146929383,19.6948202501163
47704,47710,2023,,2023/12/21,"09:32:00",COLISIÓN POR CAMBIO DE CARRIL,CONCRETO,Bueno,Bueno,2,ITALIKA,ASM,2,,37,MASCULINO,SIN DATOS,0,0,Morelia,La Aldea,diciembre,jueves,10,-101.134148351848,19.7413598538454
47705,47711,2023,,2023/12/21,10:15:00,COLISIÓN POR INVASIÓN DE CARRIL,ASFALTO,Bueno,Bueno,2,FREIGHTLINER,BLANCO,2,,65,MASCULINO,SIN DATOS,0,0,Morelia,Barrio Alto,diciembre,jueves,10,-101.196854040027,19.724842332793
47706,47712,2023,,2023/12/21,10:20:00,COLISIÓN POR CORTE DE CIRCULACIÓN,ASFALTO,Bueno,Bueno,2,HONDA HRV,BLANCO,2,,56,FEMENINO,SIN DATOS,0,0,Morelia,Melchor Ocampo,diciembre,jueves,10,-101.202874928713,19.7071669247858
47707,47713,2023,LEG51002,2023/12/21,10:50:00,COLISIÓN POR CAMBIO DE CARRIL,ASFALTO,Bueno,Bueno,2,NISSAN,BLANCO,1,,31,MASCULINO,SIN DATOS,0,0,Morelia,Villas del Pedregal,diciembre,jueves,11,-101.304595693946,19.6876002474259
47708,47714,2023,,2023/12/21,14:30:00,COLISIÓN POR CORTE DE CIRCULACIÓN,ASFALTO,Bueno,Bueno,2,CHEVROLET,GRIS,2,MINISTERIO PÚBLICO,46,MASCULINO,SIN DATOS,0,0,Morelia,El Durazno,diciembre,jueves,15,-101.17635961622,19.6578449225974
47709,47715,2023,,2023/12/21,14:43:00,COLISIÓN POR CORTE DE CIRCULACIÓN,ASFALTO,Bueno,Bueno,2,FORD,BLANCO,2,,41,MASCULINO,SIN DATOS,0,0,Morelia,Virreyes,diciembre,jueves,15,-101.157509051263,19.6962874441511
47710,47716,2023,LEG51000,2023/12/21,15:15:00,VOLCADURA,ASFALTO,Bueno,Bueno,1,VOLKSWAGEN,BLANCO,1,,24,MASCULINO,SIN DATOS,0,0,Morelia,San Pascual,diciembre,jueves,15,-101.267324052751,19.6952536545731
47711,47717,2023,,2023/12/21,16:15:00,COLISIÓN POR ALCANCE,ASFALTO,Bueno,Bueno,2,VOLKSWAGEN BORA,BLANCO,2,,28,MASCULINO,SIN DATOS,0,0,Morelia,Villas del Real,diciembre,jueves,16,-101.198830157518,19.7336938207905
47712,47718,2023,,2023/12/21,16:45:00,COLISIÓN POR ALCANCE,ASFALTO,Bueno,Bueno,3,FORD,BLANCO,3,,40,FEMENINO,SIN DATOS,0,0,Morelia,Villa Universidad,diciembre,jueves,17,-101.212095692754,19.692157927804
47713,47719,2023,,2023/12/21,18:45:00,COLISIÓN POR CORTE DE CIRCULACIÓN,ASFALTO,Bueno,Bueno,2,ITALIKA FT150,NEGRO,3,,22,MASCULINO,SIN DATOS,1,0,Morelia,Granjas del Maestro,diciembre,jueves,19,-101.194424964488,19.7170543094803
47714,47720,2023,,2023/12/21,20:30:00,COLISIÓN POR ALCANCE,ASFALTO,Bueno,Bueno,2,CHEVROLET,PLATA,2,,25,MASCULINO,SIN DATOS,0,0,Morelia,La Esperanza,diciembre,jueves,21,-101.252273507416,19.6981116324355
47715,47721,2023,LEG51004,2023/12/21,21:30:00,COLISIÓN POR ALCANCE,ASFALTO,Bueno,Bueno,4,VOLKSWAGEN,BLANCO,4,MINISTERIO PÚBLICO,26,MASCULINO,ALIENTO ETÍLICO,0,0,Morelia,Nicolas Bravo(Los Ejidos),diciembre,jueves,22,-101.213819347322,19.7023729360528
47716,47722,2023,LEG51005,2023/12/22,"00:05:00",COLISIÓN POR CAMBIO DE CARRIL,ASFALTO,Bueno,Bueno,2,ITALIKA,AMARILLO/VERDE,2,MINISTERIO PÚBLICO,0,,SIN DATOS,0,0,Morelia,Santiaguito,diciembre,viernes,0,-101.193425506353,19.7166111798702
47717,47723,2023,LEG51006,2023/12/22,"00:38:00",SALIDA DE SUPERFICIE DE RODAMIENTO,ASFALTO,Bueno,Bueno,1,VOLKSWAGEN,BLANCO,1,MINISTERIO PÚBLICO,40,MASCULINO,SIN DATOS,0,0,Morelia,Alberto Oviedo Mota,diciembre,viernes,1,-101.20213329792,19.6772075060862
47718,47724,2023,,2023/12/22,"03:50:00",SALIDA DE SUPERFICIE DE RODAMIENTO,ASFALTO,Bueno,Bueno,1,VOLKSWAGEN,ROJO,3,MINISTERIO PÚBLICO,26,MASCULINO,SIN DATOS,2,0,Morelia,Bosques de Oriente,diciembre,viernes,4,-101.154965646565,19.7161582647901
47719,47725,2023,,2023/12/22,"08:50:00",CAIDA DE MOTOCICLETA,ASFALTO,Bueno,Bueno,1,ITALIKA,BLANCO/ROJO,1,,,MASCULINO,SIN DATOS,0,0,Morelia,Alberto Oviedo Mota,diciembre,viernes,9,-101.195735558867,19.6815230332337
47720,47726,2023,,2023/12/22,10:50:00,COLISIÓN POR CAMBIO DE CARRIL,ASFALTO,Bueno,Bueno,3,TOYOTA,ARENA,3,,52,MASCULINO,SIN DATOS,0,0,Morelia,Libertad,diciembre,viernes,11,-101.238106749952,19.6873543348153
47721,47727,2023,,2023/12/22,11:00:00,COLISIÓN POR CAMBIO DE CARRIL,ASFALTO,Bueno,Bueno,2,INTERNATIONAL,VERDE,2,,24,MASCULINO,SIN DATOS,0,0,Morelia,Campestre Los Manantiales,diciembre,viernes,11,-101.239544413984,19.6910092075982
47722,47728,2023,LEG51014,2023/12/22,12:00:00,VOLCADURA,SIN_DATOS,Bueno,Bueno,1,NISSAN,BLANCO,1,,26,MASCULINO,SIN DATOS,0,0,Morelia,Sin datos,diciembre,viernes,12,-101.103556081653,19.7364621178914
47723,47729,2023,LEG51020,2023/12/22,12:00:00,COLISIÓN POR CORTE DE CIRCULACIÓN,ASFALTO,Bueno,Bueno,2,INTERNATIONAL,BLANCO,2,,35,MASCULINO,SIN DATOS,0,0,Morelia,Centro,diciembre,viernes,12,-101.187386512756,19.7028344126416
47724,47730,2023,MOR 230836532,2023/12/22,12:15:00,COLISIÓN POR ALCANCE,ASFALTO,Bueno,Bueno,2,DODGE,GRIS,2,,27,MASCULINO,SIN DATOS,0,0,Morelia,La Esperanza,diciembre,viernes,12,-101.152870841324,19.6985346113488
47725,47731,2023,,2023/12/22,13:20:00,COLISIÓN POR CORTE DE CIRCULACIÓN,ASFALTO,Bueno,Bueno,2,TOYOTA,BLANCO/VERDE,2,,43,MASCULINO,SIN DATOS,0,0,Morelia,Vasco de Quiroga,diciembre,viernes,13,-101.173435673118,19.7059018408432
47726,47732,2023,,2023/12/22,14:00:00,COLISIÓN POR ALCANCE,ASFALTO,Bueno,Bueno,2,TOYOTA,GRIS,2,,,MASCULINO,SIN DATOS,0,0,Morelia,Rinconada del Valle,diciembre,viernes,14,-101.21778935194,19.6805750162758
47727,47733,2023,LEG51021,2023/12/22,16:45:00,COLISIÓN POR CAMBIO DE CARRIL,ASFALTO,Bueno,Bueno,2,CHEVROLET,NEGRO,2,,47,MASCULINO,SIN DATOS,0,0,Morelia,Sentimientos de La Nacion,diciembre,viernes,17,-101.233225129545,19.6780949293929
47728,47734,2023,,2023/12/22,19:00:00,COLISIÓN POR CAMBIO DE CARRIL,CONCRETO,Bueno,Bueno,2,TOYOTA,BLANCO/NARANJA,2,,25,MASCULINO,SIN DATOS,0,0,Morelia,Centro,diciembre,viernes,19,-101.186677816154,19.7018999053976
47729,47735,2023,MOR230827416,2023/12/22,19:30:00,COLISIÓN POR CORTE DE CIRCULACIÓN,ASFALTO,Bueno,Bueno,2,HONDA,GRIS,2,,65,MASCULINO,ALIENTO ETÍLICO,0,0,Morelia,Felix Ireta,diciembre,viernes,20,-101.181282810867,19.6827359058894
47730,47736,2023,LEG51025,2023/12/22,20:00:00,COLISIÓN POR CORTE DE CIRCULACIÓN,ASFALTO,Bueno,Regular,2,VOLKSWAGEN,NEGRO,2,,29,FEMENINO,SIN DATOS,0,0,Morelia,Morelia 450,diciembre,viernes,20,-101.217448376119,19.6756978333729
47731,47737,2023,LEG51026,2023/12/22,20:10:00,COLISIÓN CONTRA OBJETO FIJO,CONCRETO,Bueno,Bueno,2,NISSAN,BLANCO,2,MINISTERIO PÚBLICO,69,MASCULINO,SIN DATOS,0,0,Morelia,Santiaguito,diciembre,viernes,20,-101.190757378936,19.717481656958