fid,id_accidente,anio_origen,folio_c5i,dia_incidente,hora_ocurrencia,tipo_incidente_vial,superficie_ocurrencia,condiciones_climaticas,condiciones_via,numero_vehiculos_involucrados,marca_vehiculo_ocasiona_siniestro,color_vehiculo_ocasiona_siniestro,numero_personas_involucradas,lugar_remite_presunto_responsable,edad_presunto_responsable,sexo_presunto_responsable,resultados_toxicologia,numero_personas_lesionadas,numero_personas_fallecidas,municipio,colonia,mes,dia_semana,hora_redondeada,lon,lat
47732,47738,2023,LEG51018,2023/12/22,22:10:00,COLISIÓN CONTRA OBJETO FIJO,CONCRETO,Bueno,Bueno,4,NISSAN,ROJO/BLANCO,4,,53,MASCULINO,SIN DATOS,0,0,Morelia,Fidel Velazquez,diciembre,viernes,22,-101.2351680547,19.7044003297769
47733,47739,2023,,2023/12/23,"00:15:00",SALIDA DE SUPERFICIE DE RODAMIENTO,ASFALTO,Bueno,Bueno,1,CHEVROLET,GUINDA,0,,,,,0,0,Morelia,Sin datos,diciembre,sábado,0,-101.136815138161,19.6898816292127
47734,47740,2023,,2023/12/23,"01:05:00",CAIDA ACUATICA DE VEHÍCULO,CONCRETO,Bueno,Bueno,1,CHEVROLET,BLANCO,1,,25,FEMENINO,SIN DATOS,0,0,Morelia,Molino de Parras,diciembre,sábado,1,-101.205449761436,19.6985261714359
47735,47741,2023,LEG51027,2023/12/23,"01:22:00",COLISIÓN POR MANIOBRA DE REVERSA,CONCRETO,Bueno,Bueno,2,VOLKSWAGEN,CAFE,2,MINISTERIO PÚBLICO,29,FEMENINO,SIN DATOS,0,0,Morelia,Centro,diciembre,sábado,1,-101.195255108178,19.7009720844659
47736,47742,2023,MOR230828251,2023/12/23,"06:40:00",COLISIÓN CONTRA OBJETO FIJO,ASFALTO,Bueno,Bueno,1,NISSAN,ROJO,0,,,,,0,0,Morelia,Lazaro Cardenas,diciembre,sábado,7,-101.163529604673,19.7111413948691
47737,47743,2023,,2023/12/23,"08:30:00",COLISIÓN CONTRA OBJETO FIJO,ASFALTO,Nublado,Bueno,1,VOLKSWAGEN,BLANCO,1,MINISTERIO PÚBLICO,40,MASCULINO,SIN DATOS,0,0,Queréndaro,Sin datos,diciembre,sábado,9,-100.858757905662,19.8086074069433
47738,47744,2023,LEG51035,2023/12/23,"09:40:00",COLISIÓN POR ALCANCE,ASFALTO,Bueno,Bueno,2,HONDA,GRIS,2,,30,FEMENINO,SIN DATOS,0,0,Morelia,Loma de Los Piñones,diciembre,sábado,10,-101.205068640411,19.6740211392072
47739,47745,2023,LEG51038,2023/12/23,14:40:00,COLISIÓN POR CAMBIO DE CARRIL,ASFALTO,Bueno,Bueno,3,FIAT,GRIS,3,,,MASCULINO,SIN DATOS,0,0,Morelia,Martires de Uruapan,diciembre,sábado,15,-101.200782805681,19.7253207870812
47740,47746,2023,,2023/12/23,20:25:00,CAIDA DE MOTOCICLETA,ASFALTO,Bueno,Bueno,1,ITALIKA,NEGRO,1,,19,FEMENINO,SIN DATOS,0,0,Morelia,Clara Cordova Moran,diciembre,sábado,20,-101.180840246379,19.7373959181857
47741,47747,2023,,2023/12/23,20:25:00,COLISIÓN POR ALCANCE,ASFALTO,Bueno,Bueno,2,MERCEDES BENZ,VERDE,2,MINISTERIO PÚBLICO,62,MASCULINO,SIN DATOS,0,0,Morelia,Clara Cordova Moran,diciembre,sábado,20,-101.180838905275,19.7373952870282
47742,47748,2023,LEG51039,2023/12/23,22:03:00,COLISIÓN POR CORTE DE CIRCULACIÓN,ASFALTO,Bueno,Bueno,2,NISSAN,BLANCO,2,,34,MASCULINO,SIN DATOS,0,0,Morelia,Jardines de Guadalupe,diciembre,sábado,22,-101.222956292331,19.7101547305241
47743,47749,2023,,2023/12/24,"00:24:00",COLISIÓN POR CAMBIO DE CARRIL,ASFALTO,Bueno,Bueno,2,HONDA,NEGRO,3,MINISTERIO PÚBLICO,,MASCULINO,SIN DATOS,2,0,Hidalgo,Corros,diciembre,domingo,0,-100.555383972824,19.7072139549091
47744,47750,2023,,2023/12/24,"02:00:00",COLISIÓN POR INVASIÓN DE CARRIL,ASFALTO,Bueno,Regular,2,FORD,GRIS,2,,28,MASCULINO,SIN DATOS,0,0,Indaparapeo,La Cruz,diciembre,domingo,2,-100.980635136366,19.7874745104386
47745,47751,2023,,2023/12/24,"02:50:00",COLISIÓN POR CORTE DE CIRCULACIÓN,SIN_DATOS,Bueno,Bueno,0,,,0,,,,,0,0,Charo,Sin datos,diciembre,domingo,3,-101.037286408246,19.686147179373
47746,47752,2023,,2023/12/24,"06:00:00",SUBIDA AL CAMELLÓN,ASFALTO,Bueno,Bueno,1,VOLKSWAGEN JETTA,GRIS,1,,43,MASCULINO,SIN DATOS,0,0,Morelia,El Lago 3,diciembre,domingo,6,-101.218827702105,19.7271051943311
47747,47753,2023,,2023/12/24,"06:00:00",COLISIÓN CONTRA OBJETO FIJO,ASFALTO,Bueno,Bueno,1,BMW,NEGRO,0,MINISTERIO PÚBLICO,,,,0,0,Morelia,Felix Ireta,diciembre,domingo,6,-101.189220808446,19.6820821175276
47748,47754,2023,LEG51046,2023/12/24,11:20:00,COLISIÓN CON PEATÓN,ASFALTO,Bueno,Bueno,1,NISSAN,AZUL,1,MINISTERIO PÚBLICO,,,,1,0,Morelia,El Lago 1,diciembre,domingo,11,-101.219290718436,19.727595950171
47749,47755,2023,LEG51047,2023/12/24,16:30:00,COLISIÓN POR CORTE DE CIRCULACIÓN,CONCRETO,Bueno,Bueno,2,HONDA,NEGRO,2,,,MASCULINO,SIN DATOS,0,0,Morelia,Heroes de Mexico,diciembre,domingo,17,-101.240321919322,19.7171616198849
47750,47756,2023,,2023/12/24,17:00:00,COLISIÓN POR CORTE DE CIRCULACIÓN,ASFALTO,Bueno,Bueno,2,BAJAJ,NEGRO,1,MINISTERIO PÚBLICO,,,,0,1,Morelia,Ignacio Zaragoza,diciembre,domingo,17,-101.203667521477,19.7253135282207
47751,47757,2023,LEG51048,2023/12/24,19:30:00,SUBIDA AL CAMELLÓN,ASFALTO,Bueno,Bueno,1,NISSAN,BLANCO,0,,,,,0,0,Morelia,El Lago 1,diciembre,domingo,20,-101.217240840197,19.7273365283007
47752,47758,2023,,2023/12/24,19:30:00,COLISIÓN POR ALCANCE,ASFALTO,Bueno,Bueno,2,FORD,VERDE,0,MINISTERIO PÚBLICO,,,,0,0,Huandacareo,Sin datos,diciembre,domingo,20,-101.256791688502,19.9837102013422
47753,47759,2023,MOR 230832871,2023/12/24,19:50:00,VOLCADURA,ASFALTO,Bueno,Bueno,1,KIA,BLANCO,0,,,,,0,0,Morelia,La Camelina,diciembre,domingo,20,-101.223469264805,19.6684652872501
47754,47760,2023,LEG51049,2023/12/24,19:57:00,VOLCADURA,CONCRETO,Bueno,Bueno,1,FORD,ROJO,1,,,,SIN DATOS,0,0,Morelia,La Soledad,diciembre,domingo,20,-101.185396648943,19.7271629489551
47755,47761,2023,LEG51050,2023/12/24,23:20:00,COLISIÓN POR ALCANCE,ASFALTO,Bueno,Bueno,2,S/D,S/D,1,,44,MASCULINO,SIN DATOS,0,0,Charo,Sin datos,diciembre,domingo,23,-101.012547723949,19.7000573261798
47756,47762,2023,LEG51051,2023/12/25,"00:00:00",COLISIÓN POR CORTE DE CIRCULACIÓN,ASFALTO,Bueno,Bueno,1,HONA,BLANCO,1,MINISTERIO PÚBLICO,37,MASCULINO,SIN DATOS,0,0,Morelia,Sin datos,diciembre,lunes,0,-101.27698905766,19.6276751226499
47757,47763,2023,LEG51055,2023/12/25,"09:10:00",COLISIÓN POR CAMBIO DE CARRIL,ASFALTO,Lluvioso,Bueno,4,NISSAN,BLANCO,4,,34,MASCULINO,SIN DATOS,0,0,Morelia,Comision Federal de Electricidad,diciembre,lunes,9,-101.181342825294,19.6815107213611
47758,47764,2023,LEG51052,2023/12/25,13:49:00,COLISIÓN POR CORTE DE CIRCULACIÓN,CONCRETO,Bueno,Bueno,2,CHEVROLET,AZUL Y VERDE,2,,49,FEMENINO,SIN DATOS,0,0,Morelia,Chapultepec Sur,diciembre,lunes,14,-101.174532026052,19.6923710036053
47759,47765,2023,LEG51053,2023/12/25,18:00:00,COLISIÓN CONTRA OBJETO FIJO,ASFALTO,Bueno,Bueno,1,VOLKSWAGEN,NEGRO,0,MINISTERIO PÚBLICO,,,,0,0,Morelia,San Juanito Itzicuaro,diciembre,lunes,18,-101.257265098393,19.6726901264146
47760,47766,2023,LEG51054,2023/12/25,22:45:00,COLISIÓN POR ALCANCE,ASFALTO,Nublado,Bueno,2,CHEVROLET,ROJO,2,,40,FEMENINO,SIN DATOS,0,0,Morelia,Loma de Los Piñones,diciembre,lunes,23,-101.205067634583,19.674019876392
47761,47767,2023,LEG51062,2023/12/26,"08:50:00",COLISIÓN CON PEATÓN,CONCRETO,Nublado,Regular,4,NISSAN,BLANCO,4,MINISTERIO PÚBLICO,34,MASCULINO,SIN DATOS,0,0,Morelia,Comision Federal de Electricidad,diciembre,martes,9,-101.181304268539,19.6813803417293
47762,47768,2023,MOR230835002,2023/12/26,10:00:00,COLISIÓN POR INVASIÓN DE CARRIL,ASFALTO,Lluvioso,Bueno,2,CHEVROLET,VERDE,2,MINISTERIO PÚBLICO,59,MASCULINO,SIN DATOS,0,0,Charo,Sin datos,diciembre,martes,10,-101.07973203063,19.6867251882529
47763,47769,2023,LEG51057,2023/12/26,12:00:00,COLISIÓN POR ALCANCE,SIN_DATOS,Bueno,Bueno,2,NISSAN,BLANCO/VERDE,2,,50,MASCULINO,SIN DATOS,0,0,Morelia,Los Manantiales de Morelia,diciembre,martes,12,-101.243003457785,19.7003849731235
47764,47770,2023,,2023/12/26,12:40:00,COLISIÓN POR ALCANCE,ASFALTO,Nublado,Malo,2,CHEVROLET,BLANCO,2,,24,MASCULINO,SIN DATOS,0,0,Morelia,Morelia 450,diciembre,martes,13,-101.217517107725,19.6757300348214
47765,47771,2023,LEG51058,2023/12/26,14:10:00,COLISIÓN POR CORTE DE CIRCULACIÓN,SIN_DATOS,Bueno,Bueno,2,VELOCI,NEGRO,2,,31,MASCULINO,SIN DATOS,0,0,Morelia,Jardines de Guadalupe,diciembre,martes,14,-101.226806938648,19.7116154713497
47766,47772,2023,LEG51061,2023/12/26,16:31:00,COLISIÓN POR CAMBIO DE CARRIL,ASFALTO,Nublado,Regular,2,CHEVROLET,BLANCO,2,,25,,SIN DATOS,0,0,Morelia,Lindavista,diciembre,martes,17,-101.216178350151,19.7038851980751
47767,47773,2023,MOR230839514,2023/12/26,18:25:00,COLISIÓN POR CAMBIO DE CARRIL,ASFALTO,Nublado,Regular,2,FREIGHTLINER,ROJO,2,,55,,SIN DATOS,0,0,Morelia,Lazaro Cardenas,diciembre,martes,18,-101.165371276438,19.7103441099492
47768,47774,2023,,2023/12/27,"08:35:00",COLISIÓN POR CORTE DE CIRCULACIÓN,CONCRETO,Bueno,Bueno,2,ITALIKA,NEGRO/AZUL,2,MINISTERIO PÚBLICO,26,MASCULINO,SIN DATOS,0,0,Morelia,Nueva Valladolid,diciembre,miércoles,9,-101.213554479182,19.6972574641471
47769,47775,2023,MOR 230839073,2023/12/28,11:00:00,COLISIÓN POR CORTE DE CIRCULACIÓN,ASFALTO,Bueno,Bueno,2,BMW,AZUL,2,,45,FEMENINO,SIN DATOS,0,0,Morelia,Valle de Altozano,diciembre,jueves,11,-101.164809688926,19.6654549188011
47770,47776,2023,LEG51070,2023/12/28,11:30:00,COLISIÓN POR CORTE DE CIRCULACIÓN,ASFALTO,Bueno,Bueno,2,KIMCO,AZUL,2,,35,MASCULINO,SIN DATOS,0,0,Morelia,Centro,diciembre,jueves,12,-101.196033284068,19.7030187503871
47771,47777,2023,,2023/12/28,12:00:00,COLISIÓN POR ALCANCE,ASFALTO,Bueno,Bueno,3,RENAULT,ROJO,3,,58,,SIN DATOS,0,0,Morelia,Los Pinos de Michoacan,diciembre,jueves,12,-101.216891482472,19.6820975862352
47772,47778,2023,,2023/12/28,14:10:00,COLISIÓN POR CAMBIO DE CARRIL,ASFALTO,Bueno,Bueno,2,INTERNATIONAL,BLANCO,2,,32,MASCULINO,SIN DATOS,0,0,Morelia,Lomas de Morelia (Dr Ignacio Chavez),diciembre,jueves,14,-101.175020523369,19.7171149083059
47773,47779,2023,LEG51068,2023/12/28,14:30:00,COLISIÓN POR MANIOBRA DE REVERSA,ASFALTO,Bueno,Bueno,2,CRHYSLER,BLANCO Y AZUL,2,MINISTERIO PÚBLICO,31,,SIN DATOS,0,0,Morelia,Santa Maria de Guido,diciembre,jueves,15,-101.188565008342,19.67639363578
47774,47780,2023,"230840079",2023/12/28,18:00:00,COLISIÓN CONTRA OBJETO FIJO,SIN_DATOS,Bueno,Bueno,1,ACURA,PLATA,1,,0,,SIN DATOS,0,0,Morelia,Americas Britania,diciembre,jueves,18,-101.149300150573,19.6939518593596
47775,47781,2023,LEG51081,2023/12/29,14:30:00,COLISIÓN CONTRA OBJETO FIJO,ASFALTO,Bueno,Bueno,1,MAZDA,GRIS,0,,,,,0,0,Morelia,Union,diciembre,viernes,15,-101.157504022121,19.7076144994932
47776,47782,2023,,2023/12/29,16:00:00,COLISIÓN POR ALCANCE,ASFALTO,Bueno,Bueno,2,TOYOTA,BCO/GRIS,2,,44,MASCULINO,SIN DATOS,0,0,Morelia,Victor Manuel Tinoco Rubi,diciembre,viernes,16,-101.243169754744,19.7005175468407
47777,47783,2023,LEG51075,2023/12/29,18:00:00,COLISIÓN POR CORTE DE CIRCULACIÓN,ASFALTO,Bueno,Bueno,2,NISSAN,BLANCO/NARANJA,2,,48,MASCULINO,ALIENTO ETÍLICO,0,0,Morelia,Industrial,diciembre,viernes,18,-101.188234090805,19.7122277917546
47778,47784,2023,,2023/12/29,18:40:00,COLISIÓN POR CORTE DE CIRCULACIÓN,ASFALTO,Bueno,Bueno,0,,,0,,,,,0,0,Morelia,Vasco de Quiroga,diciembre,viernes,19,-101.175728291273,19.7004323208923
47779,47785,2023,LEG51082,2023/12/29,18:40:00,COLISIÓN POR CORTE DE CIRCULACIÓN,ASFALTO,Bueno,Bueno,2,KAWASAKI,BLANCO/AZUL,3,MINISTERIO PÚBLICO,,MASCULINO,SIN DATOS,1,0,Morelia,Vasco de Quiroga,diciembre,viernes,19,-101.17562469095,19.701651363288
47780,47786,2023,,2023/12/29,21:20:00,COLISIÓN POR CORTE DE CIRCULACIÓN,ASFALTO,Bueno,Bueno,2,NISSAN,AZUL,2,,27,MASCULINO,SIN DATOS,0,0,Morelia,Centro,diciembre,viernes,21,-101.189469918609,19.7056095570525
47781,47787,2023,,2023/12/29,21:40:00,COLISIÓN POR NO RESPETAR SEMÁFORO,ASFALTO,Bueno,Bueno,2,MITSUBISHI,BLANCO,2,,23,MASCULINO,SIN DATOS,0,0,Morelia,Ventura Puente,diciembre,viernes,22,-101.179275847971,19.6935620131947
47782,47788,2023,,2023/12/29,22:00:00,COLISIÓN POR ALCANCE,ASFALTO,Bueno,Bueno,2,CHEVROLET,ROJO,2,,43,MASCULINO,SIN DATOS,0,0,Morelia,Sentimientos de La Nacion,diciembre,viernes,22,-101.233209371567,19.6782145780504
47783,47789,2023,,2023/12/29,22:00:00,COLISIÓN POR CORTE DE CIRCULACIÓN,SIN_DATOS,Bueno,Bueno,1,NISSAN,GRIS,1,,37,FEMENINO,SIN DATOS,0,0,Morelia,Chapultepec Oriente,diciembre,viernes,22,-101.159291043878,19.6900094765452
47784,47790,2023,,2023/12/30,"09:10:00",VOLCADURA,ASFALTO,Lluvioso,Bueno,1,IZUSU,AZUL,2,MINISTERIO PÚBLICO,73,MASCULINO,SIN DATOS,1,0,Hidalgo,Corros,diciembre,sábado,9,-100.555383637547,19.7072142705475
47785,47791,2023,MOR230843309,2023/12/30,"09:45:00",COLISIÓN CONTRA OBJETO FIJO,CONCRETO,Bueno,Bueno,2,KENWORTH,GRIS,1,,40,MASCULINO,SIN DATOS,0,0,Morelia,Americas Britania,diciembre,sábado,10,-101.14923812449,19.6945421509356
47786,47792,2023,LEG51093,2023/12/30,11:29:00,COLISIÓN POR CORTE DE CIRCULACIÓN,CONCRETO,Bueno,Bueno,2,S/D,S/D,2,MINISTERIO PÚBLICO,,MASCULINO,SIN DATOS,1,0,Morelia,Villas Oriente,diciembre,sábado,11,-101.144092977047,19.7539761966036
47787,47793,2023,,2023/12/30,12:00:00,COLISIÓN CON PEATÓN,CONCRETO,Bueno,Bueno,1,DODGE,BLANCO/AZUL,2,MINISTERIO PÚBLICO,26,MASCULINO,SIN DATOS,1,0,Morelia,Ilustres Novohispanos,diciembre,sábado,12,-101.150571517646,19.7102071255208
47788,47794,2023,MOR 230843598,2023/12/30,12:40:00,COLISIÓN POR ALCANCE,ASFALTO,Bueno,Bueno,2,NISSAN,GRIS,2,,39,MASCULINO,SIN DATOS,0,0,Morelia,San Pascual,diciembre,sábado,13,-101.267356239259,19.69535498203
47789,47795,2023,,2023/12/30,14:34:00,COLISIÓN CONTRA OBJETO FIJO,ASFALTO,Bueno,Bueno,2,MERCEDEZ BENZ,AMARILLO/GUINDA,2,,32,MASCULINO,SIN DATOS,0,0,Morelia,Primo Tapia Oriente,diciembre,sábado,15,-101.15855243057,19.7134524255307
47790,47796,2023,LEG51090,2023/12/30,17:20:00,COLISIÓN POR CORTE DE CIRCULACIÓN,CONCRETO,Bueno,Bueno,2,FORD,AZUL,2,,58,MASCULINO,ALIENTO ETÍLICO,0,0,Morelia,Chapultepec Sur,diciembre,sábado,17,-101.167139858007,19.6892850069776
47791,47797,2023,LEG51089,2023/12/30,18:00:00,COLISIÓN CONTRA OBJETO FIJO,ASFALTO,Bueno,Bueno,1,MAZDA,GRIS,1,,,,SIN DATOS,0,0,Morelia,Dr Miguel Silva,diciembre,sábado,18,-101.188298799098,19.7211371039893
47792,47798,2023,LEG51097,2023/12/30,20:30:00,COLISIÓN POR CORTE DE CIRCULACIÓN,ASFALTO,Bueno,Bueno,2,VOLKSWAGEN,NARANJA,2,,16,MASCULINO,SIN DATOS,0,0,Morelia,Industrial,diciembre,sábado,21,-101.188326627016,19.7114589189523
47793,47799,2023,MOR 330843549,2023/12/30,20:40:00,COLISIÓN POR CORTE DE CIRCULACIÓN,ASFALTO,Bueno,Regular,3,FIAT,BLANCO,3,,30,FEMENINO,SIN DATOS,0,0,Morelia,Molino de Parras,diciembre,sábado,21,-101.20014410466,19.6975289298032
47794,47800,2023,MOR230844688,2023/12/30,21:11:00,COLISIÓN CONTRA OBJETO FIJO,ASFALTO,Bueno,Bueno,1,VOLKSWAGEN,BLANCO,0,,,,,0,0,Morelia,Fracc Rio Florido,diciembre,sábado,21,-101.279123425484,19.6788333401301
47795,47801,2023,MOR2308976,2023/12/30,21:12:00,COLISIÓN POR ALCANCE,ASFALTO,Bueno,Bueno,2,ITALIKA,NEGRO/VERDE,2,,,MASCULINO,SIN DATOS,0,0,Morelia,Residencial Alborada,diciembre,sábado,21,-101.234641671181,19.7024821501947
47796,47802,2023,,2023/12/30,23:45:00,COLISIÓN CONTRA OBJETO FIJO,TERRACERIA,Bueno,Bueno,1,HONDA CRV,NEGRO,1,,33,MASCULINO,SIN DATOS,0,0,Morelia,Puebla,diciembre,sábado,0,-101.198049299419,19.7471085059779
47797,47803,2023,LEG51096,2023/12/31,"00:10:00",COLISIÓN POR CORTE DE CIRCULACIÓN,ASFALTO,Bueno,Bueno,2,NISSAN,BLANCO,2,,41,MASCULINO,SIN DATOS,0,0,Morelia,Eduardo Ruiz,diciembre,domingo,0,-101.223246976733,19.722506218131
47798,47804,2023,LEG51095,2023/12/31,"00:20:00",COLISIÓN CONTRA OBJETO FIJO,ASFALTO,Bueno,Bueno,2,NISSAN,BLANCO,2,MINISTERIO PÚBLICO,17,MASCULINO,SIN DATOS,0,0,Morelia,Bosques de La Huerta,diciembre,domingo,0,-101.222422197461,19.6705000559279
47799,47805,2023,,2023/12/31,"05:15:00",COLISIÓN POR CORTE DE CIRCULACIÓN,ASFALTO,Bueno,Regular,2,VOLKSWAGEN,GRIS,1,MINISTERIO PÚBLICO,47,MASCULINO,SIN DATOS,0,0,Copándaro,Sin datos,diciembre,domingo,5,-101.14032112062,19.9252254409912
47800,47806,2023,,2023/12/31,12:45:00,COLISIÓN POR CAMBIO DE CARRIL,ASFALTO,Bueno,Bueno,2,FORD,BLANCO CON AZUL,2,,37,MASCULINO,SIN DATOS,0,0,Morelia,Bosques de Oriente,diciembre,domingo,13,-101.155452132225,19.7156112931607
47801,47807,2023,,2023/12/31,14:16:00,COLISIÓN POR INVASIÓN DE CARRIL,CONCRETO,Bueno,Bueno,2,ITALIKA,NEGRO/ROJO,2,MINISTERIO PÚBLICO,32,MASCULINO,SIN DATOS,0,0,Morelia,Ciudad Industrial,diciembre,domingo,14,-101.139330714941,19.7279301682372
47802,47808,2023,,2023/12/31,15:00:00,COLISIÓN POR ALCANCE,ASFALTO,Bueno,Bueno,2,NISSAN,GRIS,2,,40,MASCULINO,SIN DATOS,0,0,Morelia,Tinijaro,diciembre,domingo,15,-101.261815801263,19.6966760210415
47803,47809,2023,,2023/12/31,15:00:00,CAIDA DE MOTOCICLETA,ASFALTO,Bueno,Regular,1,FAVORIT,ROJO,1,MINISTERIO PÚBLICO,21,FEMENINO,SIN DATOS,0,0,Hidalgo,Rancho de Ponce 1,diciembre,domingo,15,-100.571888945997,19.7033962633264
47804,47810,2023,,2023/12/31,20:00:00,COLISIÓN CON PEATÓN,ASFALTO,Bueno,Bueno,1,TOYOTA,GRIS,1,MINISTERIO PÚBLICO,28,MASCULINO,SIN DATOS,0,0,Hidalgo,Sin datos,diciembre,domingo,20,-100.756571777165,19.7270019933935
47805,47811,2023,,2023/12/31,20:20:00,COLISIÓN POR CORTE DE CIRCULACIÓN,ASFALTO,Bueno,Bueno,1,CHEVROLET,AZUL,0,MINISTERIO PÚBLICO,,,,0,0,Hidalgo,Sin Nombre,diciembre,domingo,20,-100.55732589215,19.7069904827904
47806,47812,2024,LEG51104,2024/01/01,"01:00:00",COLISIÓN POR CORTE DE CIRCULACIÓN,ASFALTO,Bueno,Bueno,2,NISSAN,BLANCO,2,MINISTERIO PÚBLICO,34,MASCULINO,SIN DATOS,0,0,Morelia,5 de Mayo,enero,lunes,1,-101.175495609641,19.7028782875695
47807,47813,2024,,2024/01/01,"02:40:00",COLISIÓN POR INVASIÓN DE CARRIL,ASFALTO,Bueno,Bueno,2,FORD,GRIS,2,MINISTERIO PÚBLICO,,,,1,1,Charo,Sin datos,enero,lunes,3,-101.024404428899,19.7262388724652
47809,47815,2024,,2024/01/01,"08:00:00",COLISIÓN CONTRA OBJETO FIJO,ASFALTO,Bueno,Bueno,2,NISSAN,GRIS,2,,0,,SIN DATOS,0,0,Morelia,Enrique Arreguin Robles,enero,lunes,8,-101.188149936497,19.7214416682001
47810,47816,2024,MOR223 5671,2024/01/01,"08:15:00",VOLCADURA,ASFALTO,Bueno,Bueno,1,VOLKSWAGEN,ROJO,1,,,MASCULINO,SIN DATOS,0,0,Morelia,Lomas del Tecnologico,enero,lunes,8,-101.193943172693,19.7238260860828
47811,47817,2024,,2024/01/01,"08:15:00",COLISIÓN CONTRA OBJETO FIJO,ASFALTO,Bueno,Bueno,1,NISSAN,ROJO,1,,0,,SIN DATOS,0,0,Morelia,Enrique Arreguin Robles,enero,lunes,8,-101.188148260117,19.7214416682001
47812,47818,2024,,2024/01/01,"08:46:00",SUBIDA AL CAMELLÓN,CONCRETO,Bueno,Bueno,1,VOLKSWAGEN,ROJO,1,,0,,SIN DATOS,0,0,Morelia,Rafael Carrillo,enero,lunes,9,-101.234540082514,19.7104927726407
47813,47819,2024,LEG51111,2024/01/01,"09:32:00",COLISIÓN CONTRA OBJETO FIJO,ASFALTO,Bueno,Bueno,1,FORD,GUINDA,1,,,MASCULINO,SIN DATOS,0,0,Morelia,Ilustres Novohispanos,enero,lunes,10,-101.150411255658,19.7098498291787
47814,47820,2024,,2024/01/01,11:40:00,COLISIÓN POR CORTE DE CIRCULACIÓN,ASFALTO,Bueno,Bueno,2,JEEP,BLANCO,2,,63,MASCULINO,SIN DATOS,0,0,Morelia,Eduardo Ruiz,enero,lunes,12,-101.224094554782,19.7248546413316
47815,47821,2024,,2024/01/01,13:30:00,COLISIÓN CONTRA OBJETO FIJO,ASFALTO,Bueno,Bueno,1,Nissan,blanco rojo,1,,33,MASCULINO,SIN DATOS,0,0,Morelia,Arkos San Pedro,enero,lunes,14,-101.279219649732,19.6287178743963
47816,47822,2024,,2024/01/01,14:10:00,COLISIÓN POR CORTE DE CIRCULACIÓN,CONCRETO,Bueno,Bueno,2,NISSAN,AZUL,2,,20,MASCULINO,SIN DATOS,0,0,Morelia,Felix Ireta,enero,lunes,14,-101.185339987278,19.6877577701963
47817,47823,2024,MOR234578,2024/01/01,16:00:00,COLISIÓN POR CORTE DE CIRCULACIÓN,ASFALTO,Bueno,Bueno,2,VOLKSWAGEN,GRIS,2,,,MASCULINO,SIN DATOS,0,0,Morelia,Solidaridad,enero,lunes,16,-101.202907115221,19.7348548577582
47818,47824,2024,,2024/01/01,18:00:00,SUBIDA AL CAMELLÓN,ASFALTO,Bueno,Bueno,1,NISSAN/KING,BLANCO,1,,47,MASCULINO,ALIENTO ETÍLICO,0,0,Morelia,La Quemada,enero,lunes,18,-101.241334453225,19.7056789981743
47819,47825,2024,,2024/01/01,22:50:00,COLISIÓN POR CAMBIO DE CARRIL,ASFALTO,Bueno,Bueno,2,TOYOTA,PLATA,1,MINISTERIO PÚBLICO,45,MASCULINO,SIN DATOS,0,0,Morelia,Ignacio Zaragoza,enero,lunes,23,-101.205304339528,19.7254249359118
47820,47826,2024,,2024/01/02,"01:00:00",COLISIÓN CONTRA OBJETO FIJO,CONCRETO,Bueno,Bueno,1,NISSAN SENTRA,AZUL,1,,56,MASCULINO,SIN DATOS,0,0,Morelia,Felix Ireta,enero,martes,1,-101.190572977066,19.6877558761358
47821,47827,2024,,2024/01/02,13:10:00,COLISIÓN POR CAMBIO DE CARRIL,ASFALTO,Bueno,Bueno,2,CRHYSLER,GRIS,2,,0,MASCULINO,SIN DATOS,0,0,Morelia,Nueva Chapultepec,enero,martes,13,-101.173190250993,19.6864035112582
47822,47828,2024,,2024/01/02,13:20:00,COLISIÓN POR ALCANCE,ASFALTO,Bueno,Bueno,2,NISSAN,AZUL,2,,27,FEMENINO,SIN DATOS,0,0,Morelia,Isaac Arriaga,enero,martes,13,-101.172433197498,19.707250253317
47823,47829,2024,,2024/01/02,13:35:00,COLISIÓN POR ALCANCE,ASFALTO,Bueno,Bueno,2,FORD,VERDE,2,,29,MASCULINO,SIN DATOS,0,0,Morelia,Articulo Constitucional,enero,martes,14,-101.171776726842,19.7146701062076
47824,47830,2024,,2024/01/02,14:07:00,COLISIÓN POR ALCANCE,ASFALTO,Bueno,Bueno,4,NISSAN,AZUL,4,MINISTERIO PÚBLICO,27,FEMENINO,SIN DATOS,0,0,Morelia,Bosques de La Huerta,enero,martes,14,-101.222421191633,19.6704987930849
47825,47831,2024,,2024/01/02,14:15:00,COLISIÓN POR CAMBIO DE CARRIL,ASFALTO,Bueno,Bueno,2,CHEVROLET,GRIS,2,,28,MASCULINO,SIN DATOS,0,0,Morelia,Xangari,enero,martes,14,-101.220691166818,19.6741190073586
47826,47832,2024,MOR240,2024/01/02,16:50:00,COLISIÓN POR ALCANCE,ASFALTO,Bueno,Bueno,2,DODGE,BLANCO,2,MINISTERIO PÚBLICO,41,MASCULINO,SIN DATOS,0,0,Morelia,Bosques Tres Marias,enero,martes,17,-101.101942062378,19.723887944763
47827,47833,2024,LEG51124,2024/01/02,16:50:00,COLISIÓN POR ALCANCE,ASFALTO,Bueno,Bueno,4,FORD,BLANCO,4,MINISTERIO PÚBLICO,0,MASCULINO,SIN DATOS,0,0,Morelia,Nueva Valladolid,enero,martes,17,-101.211171435,19.7020055149992