fid,id_accidente,anio_origen,folio_c5i,dia_incidente,hora_ocurrencia,tipo_incidente_vial,superficie_ocurrencia,condiciones_climaticas,condiciones_via,numero_vehiculos_involucrados,marca_vehiculo_ocasiona_siniestro,color_vehiculo_ocasiona_siniestro,numero_personas_involucradas,lugar_remite_presunto_responsable,edad_presunto_responsable,sexo_presunto_responsable,resultados_toxicologia,numero_personas_lesionadas,numero_personas_fallecidas,municipio,colonia,mes,dia_semana,hora_redondeada,lon,lat
47828,47834,2024,,2024/01/02,17:15:00,COLISIÓN POR ALCANCE,ASFALTO,Bueno,Bueno,2,MAZDA 3,BLANCO,2,,27,FEMENINO,SIN DATOS,0,0,Morelia,Josefa Ortiz de Dominguez,enero,martes,17,-101.209867112339,19.6720593437209
47829,47835,2024,,2024/01/02,18:20:00,COLISIÓN POR ALCANCE,ASFALTO,Bueno,Bueno,2,VOLKSWAGEN,GRIS,2,,33,FEMENINO,SIN DATOS,0,0,Cuitzeo,Sin datos,enero,martes,18,-101.150884665549,19.9905162937924
47830,47836,2024,LEG51134,2024/01/03,"07:50:00",COLISIÓN POR CAMBIO DE CARRIL,ASFALTO,Bueno,Bueno,2,KENWORTH,BLANCO,2,,64,MASCULINO,SIN DATOS,0,0,Morelia,Sin datos,enero,miércoles,8,-101.168493703008,19.6686269331229
47831,47837,2024,,2024/01/03,"09:00:00",COLISIÓN POR CAMBIO DE CARRIL,ASFALTO,Bueno,Bueno,2,HONDA,GUINDA,2,,26,,CON CERTIFICADO,0,0,Morelia,Clara Cordova Moran,enero,miércoles,9,-101.18083588779,19.7373956026069
47832,47838,2024,,2024/01/03,13:15:00,COLISIÓN POR CORTE DE CIRCULACIÓN,ASFALTO,Bueno,Bueno,2,NISSAN,AZUL,2,,0,MASCULINO,SIN DATOS,0,0,Morelia,Ana Maria Gallaga (Riviera Norte),enero,miércoles,13,-101.22379951179,19.6767901534045
47833,47839,2024,,2024/01/03,14:50:00,COLISIÓN POR ALCANCE,ASFALTO,Bueno,Bueno,2,CRHYSLER,AZUL,2,,19,MASCULINO,SIN DATOS,0,0,Morelia,Tzindurio de Morelos,enero,miércoles,15,-101.243650875986,19.6999730469442
47834,47840,2024,LEG51133,2024/01/03,15:50:00,COLISIÓN POR CORTE DE CIRCULACIÓN,CONCRETO,Bueno,Bueno,2,CRHYSLER,BLANCO Y AZUL,2,,35,,SIN DATOS,0,0,Morelia,Ventura Puente,enero,miércoles,16,-101.189987584949,19.6935923170602
47835,47841,2024,LEG51135,2024/01/03,16:56:00,COLISIÓN POR ALCANCE,ASFALTO,Bueno,Bueno,2,FORD,BLANCO,2,,0,MASCULINO,SIN DATOS,0,0,Morelia,Las Americas,enero,miércoles,17,-101.159063726664,19.6879736929404
47836,47842,2024,MOR240005643,2024/01/03,18:00:00,COLISIÓN POR CORTE DE CIRCULACIÓN,ASFALTO,Bueno,Bueno,2,VOLKSWAGEN,GRIS,4,,33,MASCULINO,SIN DATOS,2,0,Morelia,El Eden,enero,miércoles,18,-101.248575076461,19.6475032989929
47837,47843,2024,,2024/01/03,18:25:00,COLISIÓN POR CORTE DE CIRCULACIÓN,CONCRETO,Bueno,Bueno,2,FORD,ROJO,2,MINISTERIO PÚBLICO,36,FEMENINO,SIN DATOS,0,0,Morelia,Isaac Arriaga,enero,miércoles,18,-101.174120642245,19.7079386589541
47838,47844,2024,MOR240004505,2024/01/03,18:45:00,COLISIÓN POR ALCANCE,ASFALTO,Bueno,Bueno,2,NISSAN,BLANCO Y VERDE,3,,29,MASCULINO,SIN DATOS,0,0,Morelia,Los Manantiales de Morelia,enero,miércoles,19,-101.241377368569,19.69532499416
47839,47845,2024,LEG51136,2024/01/03,22:00:00,COLISIÓN POR CORTE DE CIRCULACIÓN,ASFALTO,Bueno,Bueno,2,VOLKSWAGEN,BLANCO,2,,0,FEMENINO,SIN DATOS,0,0,Morelia,Indeco El Vivero,enero,miércoles,22,-101.23180758208,19.6776914696729
47840,47846,2024,,2024/01/04,"08:35:00",COLISIÓN POR CAMBIO DE CARRIL,ASFALTO,Bueno,Bueno,2,KIA,BLANCO,2,,48,MASCULINO,SIN DATOS,0,0,Morelia,Jardines de Torremolinos,enero,jueves,9,-101.225994229317,19.6768671837846
47841,47847,2024,,2024/01/04,11:00:00,COLISIÓN POR ALCANCE,ASFALTO,Bueno,Regular,2,NISSAN,BLANCO,2,,55,MASCULINO,SIN DATOS,0,0,Morelia,Tzindurio de Morelos,enero,jueves,11,-101.243650875986,19.6999743095548
47842,47848,2024,,2024/01/04,15:30:00,COLISIÓN POR NO RESPETAR SEMÁFORO,ASFALTO,Bueno,Bueno,3,DODGE,BLANCO/AZUL,2,MINISTERIO PÚBLICO,37,MASCULINO,SIN DATOS,0,0,Morelia,Lazaro Cardenas,enero,jueves,16,-101.163628678769,19.7079042545245
47843,47849,2024,,2024/01/04,16:50:00,COLISIÓN POR CAMBIO DE CARRIL,ASFALTO,Bueno,Bueno,2,VOLKSWAGEN GOLF,BLANCO,2,,21,MASCULINO,SIN DATOS,0,0,Morelia,Jardines de La Loma,enero,jueves,17,-101.224797964096,19.6768145884534
47844,47850,2024,LEG51145,2024/01/04,16:50:00,COLISIÓN POR ALCANCE,ASFALTO,Bueno,Bueno,2,S/D,S/D,2,,0,,SIN DATOS,0,0,Morelia,Valle de Altozano,enero,jueves,17,-101.164372488856,19.6649873357876
47845,47851,2024,LEG51142,2024/01/04,18:25:00,COLISIÓN POR ALCANCE,ASFALTO,Bueno,Bueno,2,ITALIKA,NEGRO,2,MINISTERIO PÚBLICO,41,MASCULINO,SIN DATOS,0,0,Morelia,Primo Tapia Oriente,enero,jueves,18,-101.160673052073,19.7125926578502
47846,47852,2024,LEG51144,2024/01/04,20:00:00,COLISIÓN POR CAMBIO DE CARRIL,ASFALTO,Bueno,Bueno,2,VOLKSWAGEN,NEGRO,2,,0,MASCULINO,SIN DATOS,0,0,Morelia,Josefa Ortiz de Dominguez,enero,jueves,20,-101.208437159657,19.6720416640901
47847,47853,2024,,2024/01/04,21:00:00,COLISIÓN POR CORTE DE CIRCULACIÓN,ASFALTO,Bueno,Regular,2,ITALIKA,VERDE,2,,24,MASCULINO,SIN DATOS,0,0,Morelia,Tinijaro,enero,jueves,21,-101.261818818748,19.6966697078583
47848,47854,2024,LEG51146,2024/01/05,"03:58:00",COLISIÓN POR CAMBIO DE CARRIL,ASFALTO,Bueno,Bueno,2,BAJAJ,GRIS,2,MINISTERIO PÚBLICO,19,MASCULINO,SIN DATOS,0,0,Morelia,Josefa Ortiz de Dominguez,enero,viernes,4,-101.209155321121,19.6720520824442
47849,47855,2024,,2024/01/05,"09:00:00",COLISIÓN POR ALCANCE,ASFALTO,Bueno,Bueno,2,ISUZU,BLANCO,2,,29,MASCULINO,SIN DATOS,0,0,Morelia,Niño Artillero,enero,viernes,9,-101.250201165676,19.6986091060267
47850,47856,2024,LEG51150,2024/01/05,13:00:00,COLISIÓN POR ALCANCE,ASFALTO,Bueno,Bueno,3,CHRYSLER,CANELA,3,,40,MASCULINO,SIN DATOS,0,0,Morelia,Niño Artillero,enero,viernes,13,-101.250203512609,19.6986100529927
47851,47857,2024,MOR240009009,2024/01/05,13:20:00,COLISIÓN POR CAMBIO DE CARRIL,ASFALTO,Bueno,Bueno,2,KENWORTH,AZUL,2,,38,MASCULINO,SIN DATOS,0,0,Morelia,Campestre Los Manantiales,enero,viernes,13,-101.238359212875,19.6882596954251
47852,47858,2024,LEG51148,2024/01/05,16:30:00,COLISIÓN POR CORTE DE CIRCULACIÓN,ASFALTO,Bueno,Bueno,2,TOYOTA,BLANCO Y GRIS,2,,59,MASCULINO,SIN DATOS,0,0,Morelia,Las Americas,enero,viernes,17,-101.15653205663,19.6876779039613
47853,47859,2024,,2024/01/06,"01:20:00",COLISIÓN CONTRA OBJETO FIJO,CONCRETO,Bueno,Bueno,4,JEEP,NEGRO,0,,,,,0,0,Morelia,San Jose del Cerrito,enero,sábado,1,-101.220154725015,19.6632473845879
47854,47860,2024,LEG51152,2024/01/06,"03:00:00",SUBIDA AL CAMELLÓN,ASFALTO,Bueno,Bueno,1,FORD,BLANCO,1,,45,MASCULINO,ALIENTO ETÍLICO,0,0,Morelia,Arcos del Valle,enero,sábado,3,-101.236257702112,19.7076372253969
47855,47861,2024,LEG51153,2024/01/06,"03:20:00",COLISIÓN CONTRA OBJETO FIJO,ASFALTO,Bueno,Bueno,1,FORD,PLATA,1,,59,MASCULINO,SIN DATOS,0,0,Morelia,Alberto Oviedo Mota,enero,sábado,3,-101.202130280435,19.6772204496846
47856,47862,2024,,2024/01/06,"09:00:00",COLISIÓN POR INVASIÓN DE CARRIL,ASFALTO,Bueno,Regular,2,VOLKSWAGEN,BLANCO/ROJO,2,,31,,SIN DATOS,0,0,Charo,Sin datos,enero,sábado,9,-101.009095,19.699919
47857,47863,2024,,2024/01/06,"09:03:00",COLISIÓN POR CAMBIO DE CARRIL,CONCRETO,Bueno,Bueno,2,FORD,ROJO/BLANCO,1,MINISTERIO PÚBLICO,20,MASCULINO,SIN DATOS,0,0,Morelia,Division del Norte,enero,sábado,9,-101.163565143943,19.7130013952645
47858,47864,2024,,2024/01/06,12:00:00,COLISIÓN POR CAMBIO DE CARRIL,CONCRETO,Bueno,Bueno,2,DINA,AZUL,2,,55,MASCULINO,SIN DATOS,0,0,Morelia,Elias Perez Avalos,enero,sábado,12,-101.168974153697,19.7157643696564
47859,47865,2024,,2024/01/06,12:15:00,COLISIÓN POR ALCANCE,ASFALTO,Bueno,Bueno,2,NISSAN,BLANCO,2,,21,MASCULINO,SIN DATOS,0,0,Morelia,Rafael Carrillo,enero,sábado,12,-101.237243078649,19.7073067525616
47860,47866,2024,,2024/01/06,14:10:00,COLISIÓN POR ALCANCE,ASFALTO,Bueno,Bueno,3,SEAT,ROJO,3,MINISTERIO PÚBLICO,50,FEMENINO,SIN DATOS,0,0,Morelia,Loma Bonita,enero,sábado,14,-101.196925118566,19.7244263667532
47861,47867,2024,,2024/01/06,14:50:00,COLISIÓN POR MANIOBRA DE REVERSA,ASFALTO,Bueno,Bueno,2,CHEVROLET,ROJO,2,,51,MASCULINO,SIN DATOS,0,0,Morelia,Mariano Michelena,enero,sábado,15,-101.230176463723,19.6769704170638
47862,47868,2024,LEG51164,2024/01/06,14:50:00,COLISIÓN POR ALCANCE,ASFALTO,Bueno,Bueno,2,TOYOTA,GRIS,2,,,FEMENINO,SIN DATOS,0,0,Morelia,El Eden,enero,sábado,15,-101.249649971724,19.6460255540216
47863,47869,2024,MOR 240011620,2024/01/06,15:40:00,COLISIÓN POR ALCANCE,ASFALTO,Bueno,Bueno,2,CHEVROLET,AZUL,2,,18,FEMENINO,CON CERTIFICADO,0,0,Morelia,Lomas de Huerta,enero,sábado,16,-101.214686706662,19.6743409468482
47864,47870,2024,,2024/01/06,16:00:00,COLISIÓN POR CORTE DE CIRCULACIÓN,ASFALTO,Bueno,Bueno,2,NISSAN,BLANCO,2,,30,FEMENINO,SIN DATOS,0,0,Morelia,Chapultepec Sur,enero,sábado,16,-101.175717562437,19.6925967058115
47865,47871,2024,LEG51165,2024/01/06,16:30:00,COLISIÓN POR ALCANCE,ASFALTO,Bueno,Bueno,2,ITALIKA,BLANCO,2,MINISTERIO PÚBLICO,,MASCULINO,SIN DATOS,0,0,Morelia,El Eden,enero,sábado,17,-101.250126970166,19.6457664082747
47866,47872,2024,MOR24,2024/01/06,18:00:00,COLISIÓN POR CAMBIO DE CARRIL,ASFALTO,Bueno,Bueno,1,DODGE,NEGRO/BLANCO,2,,39,MASCULINO,SIN DATOS,0,0,Morelia,Enrique Ramirez,enero,sábado,18,-101.165994554758,19.7098567731081
47867,47873,2024,,2024/01/06,21:30:00,COLISIÓN POR CORTE DE CIRCULACIÓN,ASFALTO,Bueno,Bueno,2,CHEVROLET,GRIS,2,MINISTERIO PÚBLICO,38,MASCULINO,SIN DATOS,0,0,Pátzcuaro,San Lazaro,enero,sábado,22,-101.611491031945,19.5062232010887
47868,47874,2024,LEG51167,2024/01/07,"02:00:00",COLISIÓN CONTRA OBJETO FIJO,ASFALTO,Bueno,Bueno,1,AUDI,ROJO,1,,27,MASCULINO,ALIENTO ETÍLICO,0,0,Morelia,Tenencia Morelos,enero,domingo,2,-101.24802723527,19.6479851419542
47869,47875,2024,,2024/01/07,"03:00:00",COLISIÓN CONTRA OBJETO FIJO,ASFALTO,Bueno,Bueno,1,FORD,NEGRO,0,,,,,0,0,Morelia,Sin datos,enero,domingo,3,-101.108207702637,19.7377537841037
47870,47876,2024,LEG51168,2024/01/07,"06:15:00",COLISIÓN CONTRA OBJETO FIJO,ASFALTO,Bueno,Bueno,1,TOYOTA,BLANCO,1,,0,,SIN DATOS,0,0,Morelia,Valle de Altozano,enero,domingo,6,-101.164807006717,19.6654498672701
47871,47877,2024,,2024/01/07,"08:40:00",SUBIDA AL CAMELLÓN,ASFALTO,Nublado,Bueno,1,MAZDA,NEGRO,1,,55,MASCULINO,SIN DATOS,0,0,Morelia,Martires de Uruapan,enero,domingo,9,-101.197301633656,19.7248940917693
47872,47878,2024,,2024/01/07,"09:40:00",COLISIÓN POR ALCANCE,CONCRETO,Bueno,Bueno,2,CHEVROLET,NEGRO,2,,40,MASCULINO,SIN DATOS,0,0,Morelia,Lomas de Huerta,enero,domingo,10,-101.214572042227,19.6742885401116
47873,47879,2024,,2024/01/07,14:50:00,SUBIDA AL CAMELLÓN,ASFALTO,Bueno,Bueno,1,DODGE,VERDE,1,,25,MASCULINO,SIN DATOS,0,0,Morelia,Puerta Tres Marias,enero,domingo,15,-101.137966811657,19.690285058226
47874,47880,2024,LEG51171,2024/01/07,19:20:00,COLISIÓN POR CORTE DE CIRCULACIÓN,ASFALTO,Bueno,Bueno,2,FORD,BLANCO,2,,50,MASCULINO,SIN DATOS,0,0,Morelia,Chapultepec Sur,enero,domingo,19,-101.174149811268,19.6914347306361
47875,47881,2024,,2024/01/07,21:00:00,COLISIÓN CON PEATÓN,CONCRETO,Bueno,Bueno,1,VENTO,GRIS,2,MINISTERIO PÚBLICO,21,MASCULINO,SIN DATOS,1,0,Morelia,Prados de La Huerta,enero,domingo,21,-101.223494075239,19.6684106685883
47876,47882,2024,,2024/01/08,"08:40:00",COLISIÓN POR ALCANCE,ASFALTO,Bueno,Bueno,3,NISSAN,BLANCO Y GRIS,3,,55,MASCULINO,SIN DATOS,0,0,Morelia,Vista Bella,enero,lunes,9,-101.195925675947,19.6790442736003
47877,47883,2024,LEG51178,2024/01/08,"09:50:00",COLISIÓN POR CORTE DE CIRCULACIÓN,ASFALTO,Bueno,Bueno,2,CHEVROLET,BLANCO,2,,,MASCULINO,SIN DATOS,0,0,Morelia,Lazaro Cardenas,enero,lunes,10,-101.164317503572,19.7086033889584
47878,47884,2024,LEG51180,2024/01/08,11:34:00,COLISIÓN POR CORTE DE CIRCULACIÓN,ASFALTO,Bueno,Bueno,2,AUDI,ROJO,2,,37,MASCULINO,ALIENTO ETÍLICO,0,0,Morelia,Sentimientos de La Nacion,enero,lunes,12,-101.235285066068,19.6811887182036
47879,47885,2024,,2024/01/08,13:40:00,COLISIÓN CON PEATÓN,ASFALTO,Bueno,Bueno,2,FORD RANGER,BLANCO,2,,63,MASCULINO,SIN DATOS,0,0,Morelia,Centro,enero,lunes,14,-101.19118388321,19.702768457823
47880,47886,2024,,2024/01/08,14:00:00,COLISIÓN POR CORTE DE CIRCULACIÓN,ASFALTO,Bueno,Bueno,2,CHEVROLET,GRIS,2,MINISTERIO PÚBLICO,30,MASCULINO,SIN DATOS,0,0,Morelia,Villa Universidad,enero,lunes,14,-101.19990170002,19.6850678661091
47881,47887,2024,,2024/01/08,14:07:00,COLISIÓN POR ALCANCE,CONCRETO,Bueno,Bueno,3,VOLKSWAGEN,GRIS,3,,31,MASCULINO,SIN DATOS,0,0,Morelia,Ocolusen Iii,enero,lunes,14,-101.15239340812,19.6846082323967
47882,47888,2024,LEG51181,2024/01/08,16:15:00,COLISIÓN POR ALCANCE,ASFALTO,Bueno,Bueno,2,VOLKSWAGEN,NEGRO,2,,37,,SIN DATOS,0,0,Morelia,Sentimientos de La Nacion,enero,lunes,16,-101.235390678048,19.6809314309018
47883,47889,2024,,2024/01/08,19:05:00,COLISIÓN POR ALCANCE,ASFALTO,Bueno,Bueno,3,JAC SEi3,NEGRO,3,,23,MASCULINO,SIN DATOS,0,0,Morelia,Lomas de Hidalgo,enero,lunes,19,-101.16108879447,19.6958161631961
47884,47890,2024,,2024/01/08,21:00:00,COLISIÓN CONTRA OBJETO FIJO,ASFALTO,Bueno,Bueno,1,MAZDA 6,PLATA,2,,57,MASCULINO,SIN DATOS,1,0,Morelia,Buenavista,enero,lunes,21,-101.166881024837,19.7095812251308
47885,47891,2024,"51186",2024/01/09,10:15:00,COLISIÓN POR CORTE DE CIRCULACIÓN,CONCRETO,Bueno,Bueno,2,SUZUKI,ROJO,2,MINISTERIO PÚBLICO,28,FEMENINO,SIN DATOS,0,0,Morelia,Villas del Pedregal,enero,martes,10,-101.301675103605,19.6753092055773
47886,47892,2024,MOR 240,2024/01/09,10:35:00,COLISIÓN POR MANIOBRA DE REVERSA,CONCRETO,Bueno,Bueno,2,NISSAN,PLATA,2,,56,,SIN DATOS,0,0,Morelia,Ana Maria Gallaga (Riviera Norte),enero,martes,11,-101.224101595581,19.6767914161979
47887,47893,2024,,2024/01/09,14:20:00,COLISIÓN CON PEATÓN,ASFALTO,Bueno,Bueno,1,TOYOTA,GRIS,2,,64,MASCULINO,SIN DATOS,1,0,Morelia,Felix Ireta,enero,martes,14,-101.191861778498,19.6822838419857
47888,47894,2024,,2024/01/09,15:00:00,COLISIÓN POR ALCANCE,CONCRETO,Bueno,Bueno,2,CHEVROLET,BLANCO Y ROJO,2,,64,MASCULINO,SIN DATOS,0,0,Morelia,Socialista,enero,martes,15,-101.236262395978,19.6417434901061
47889,47895,2024,LEG51188,2024/01/09,19:00:00,COLISIÓN POR CAMBIO DE CARRIL,ASFALTO,Bueno,Bueno,2,KENWORTH,AMARILLO,2,MINISTERIO PÚBLICO,34,MASCULINO,SIN DATOS,0,0,Morelia,Canteras de Morelia,enero,martes,19,-101.171495094895,19.7147578495581
47890,47896,2024,MOR2208976,2024/01/09,19:30:00,COLISIÓN POR CORTE DE CIRCULACIÓN,ASFALTO,Bueno,Bueno,2,FORD,GRIS,2,,0,MASCULINO,SIN DATOS,0,0,Morelia,Isaac Arriaga,enero,martes,20,-101.175146587193,19.706052085867
47891,47897,2024,,2024/01/10,"08:30:00",SALIDA DE SUPERFICIE DE RODAMIENTO,CONCRETO,Bueno,Bueno,1,FORD,GRIS,1,,0,,SIN DATOS,0,0,Morelia,Canteras de Morelia,enero,miércoles,9,-101.173435337842,19.7162431667391
47892,47898,2024,,2024/01/10,"09:10:00",COLISIÓN CONTRA OBJETO FIJO,CONCRETO,Bueno,Bueno,2,DODGE,GRIS,2,,50,MASCULINO,SIN DATOS,0,0,Morelia,Morelos,enero,miércoles,9,-101.206179074943,19.6985753309016
47893,47899,2024,,2024/01/10,"09:15:00",COLISIÓN POR ALCANCE,ASFALTO,Bueno,Bueno,2,ITALIKA DT150,NEGRO/ROJO,2,,22,MASCULINO,SIN DATOS,0,0,Morelia,Nueva Jacarndas,enero,miércoles,9,-101.188029572368,19.6813651886417
47894,47900,2024,,2024/01/10,11:35:00,COLISIÓN POR CORTE DE CIRCULACIÓN,CONCRETO,Bueno,Bueno,2,YAMAHA,ROJO,2,,34,MASCULINO,SIN DATOS,0,0,Morelia,Sentimientos de La Nacion,enero,miércoles,12,-101.233193278313,19.6782010031412
47895,47901,2024,LEG51195,2024/01/10,14:05:00,COLISIÓN POR CORTE DE CIRCULACIÓN,ASFALTO,Bueno,Bueno,1,INTERNATIONAL,BLANCO,1,,45,MASCULINO,SIN DATOS,0,0,Morelia,El Lago 1,enero,miércoles,14,-101.219322234392,19.7276000529466
47896,47902,2024,LEG51196,2024/01/10,20:20:00,COLISIÓN POR CORTE DE CIRCULACIÓN,ASFALTO,Bueno,Bueno,2,VOLKSWAGEN,GUINDA,2,MINISTERIO PÚBLICO,39,MASCULINO,SIN DATOS,0,0,Morelia,Martires de Uruapan,enero,miércoles,20,-101.197297275066,19.7248947229762
47897,47903,2024,,2024/01/10,22:15:00,COLISIÓN CONTRA OBJETO FIJO,ASFALTO,Bueno,Bueno,1,RSK/WK110,NEGRO/VERDE,1,,34,FEMENINO,SIN DATOS,0,0,Morelia,Vasco de Quiroga,enero,miércoles,22,-101.16777587682,19.6967088495901
47898,47904,2024,,2024/01/10,22:50:00,COLISIÓN POR ALCANCE,ASFALTO,Bueno,Bueno,2,NISSAN,BLANCO,2,,34,MASCULINO,SIN DATOS,0,0,Morelia,Nueva Jacarndas,enero,miércoles,23,-101.188582777977,19.6816335243556
47899,47905,2024,,2024/01/11,"08:10:00",COLISIÓN POR ALCANCE,ASFALTO,Bueno,Bueno,2,FIAT,ROJO,2,,29,MASCULINO,SIN DATOS,0,0,Morelia,Morelia 450,enero,jueves,8,-101.214802712202,19.674399667629
47900,47906,2024,LEG51201,2024/01/11,"08:50:00",COLISIÓN POR CORTE DE CIRCULACIÓN,ASFALTO,Bueno,Bueno,2,S/D,S/D,2,,0,MASCULINO,SIN DATOS,1,0,Morelia,Sin datos,enero,jueves,9,-101.293929219246,19.6864164541135
47901,47907,2024,LEG51203,2024/01/11,"09:28:00",COLISIÓN CON PEATÓN,ASFALTO,Bueno,Bueno,1,CHEVROLET,PLATA,2,MINISTERIO PÚBLICO,48,FEMENINO,SIN DATOS,1,0,Morelia,La Capilla,enero,jueves,9,-101.157553642988,19.6589256821417
47902,47908,2024,MOR 240020623,2024/01/11,"09:40:00",COLISIÓN POR CAMBIO DE CARRIL,ASFALTO,Bueno,Bueno,2,TOYOTA,BLANCO/CREMA,2,MINISTERIO PÚBLICO,30,MASCULINO,SIN DATOS,0,0,Morelia,El Realito,enero,jueves,10,-101.202648952603,19.7255309782878
47903,47909,2024,LEG51205,2024/01/11,12:30:00,COLISIÓN POR ALCANCE,ASFALTO,Bueno,Bueno,2,NISSAN,BLANCO Y ROJO,2,,37,MASCULINO,SIN DATOS,0,0,Morelia,Lomas de Guayangareo,enero,jueves,13,-101.160591579974,19.7048213982079
47904,47910,2024,,2024/01/11,13:50:00,COLISIÓN POR CORTE DE CIRCULACIÓN,ASFALTO,Bueno,Bueno,2,KENWORTH,BLANCO,2,MINISTERIO PÚBLICO,31,MASCULINO,SIN DATOS,0,0,Hidalgo,Centro,enero,jueves,14,-100.553271,19.691029
47905,47911,2024,LEG51206,2024/01/11,13:52:00,COLISIÓN POR ALCANCE,ASFALTO,Bueno,Bueno,2,ITALIKA,NEGRO Y AMARILLO,2,,,,SIN DATOS,0,0,Morelia,Ventura Puente,enero,jueves,14,-101.179257743061,19.6935648541823
47906,47912,2024,,2024/01/11,15:50:00,COLISIÓN POR CORTE DE CIRCULACIÓN,ASFALTO,Bueno,Bueno,2,FORD,NEGRO,2,,46,MASCULINO,SIN DATOS,0,0,Morelia,Bosques de Oriente,enero,jueves,16,-101.155454479158,19.7156008776412
47907,47913,2024,LEG51204,2024/01/11,17:40:00,COLISIÓN POR CORTE DE CIRCULACIÓN,ASFALTO,Bueno,Bueno,2,CHRYSLER,MORADO,2,,58,FEMENINO,SIN DATOS,0,0,Morelia,Ciudad Industrial,enero,jueves,18,-101.14276394248,19.7250831381316
47908,47914,2024,,2024/01/12,"00:00:00",COLISIÓN POR CORTE DE CIRCULACIÓN,CONCRETO,Bueno,Bueno,2,BMW,BLANCO,2,MINISTERIO PÚBLICO,,FEMENINO,SIN DATOS,0,0,Morelia,Lomas de Santa Maria,enero,viernes,0,-101.185025498271,19.6749584610793
47909,47915,2024,,2024/01/12,"00:00:00",COLISIÓN CON PEATÓN,ASFALTO,Bueno,Bueno,1,HONDA,BLANCO,2,MINISTERIO PÚBLICO,53,MASCULINO,SIN DATOS,1,0,Morelia,Quinceo,enero,viernes,0,-101.223726756871,19.726148610609
47910,47916,2024,,2024/01/12,"09:03:00",COLISIÓN POR ALCANCE,ASFALTO,Bueno,Bueno,2,NISSAN,BLANCO,2,,20,MASCULINO,SIN DATOS,0,0,Morelia,Fidel Velazquez,enero,viernes,9,-101.2361285,19.7061695
47911,47917,2024,,2024/01/12,"09:05:00",COLISIÓN POR CORTE DE CIRCULACIÓN,ASFALTO,Bueno,Bueno,2,CHEVROLET MICROBUS,BLANCO/ROSA,2,,48,MASCULINO,SIN DATOS,0,0,Morelia,Justo Mendoza,enero,viernes,9,-101.230276318269,19.712793964837
47912,47918,2024,LEG51213,2024/01/12,11:50:00,COLISIÓN POR ALCANCE,ASFALTO,Bueno,Bueno,2,FREIGHTLINER,BLANCO,2,,,MASCULINO,SIN DATOS,0,0,Morelia,Paseo de La Castellana,enero,viernes,12,-101.223722398281,19.667783657646
47913,47919,2024,,2024/01/12,14:00:00,COLISIÓN POR CAMBIO DE CARRIL,ASFALTO,Bueno,Bueno,2,RENAULT,NEGRO,2,MINISTERIO PÚBLICO,30,MASCULINO,SIN DATOS,0,0,Morelia,Americas Britania,enero,viernes,14,-101.149323284626,19.6945591967563
47914,47920,2024,LEG51214,2024/01/12,16:36:00,COLISIÓN POR CAMBIO DE CARRIL,ASFALTO,Bueno,Bueno,2,ITALIKA,NEGRO/VERDE,2,,,MASCULINO,SIN DATOS,0,0,Morelia,Centro,enero,viernes,17,-101.19152482599,19.7029385761198
47915,47921,2024,,2024/01/12,16:40:00,COLISIÓN CONTRA OBJETO FIJO,ASFALTO,Bueno,Bueno,1,NISSAN,BLANCO,1,,26,MASCULINO,SIN DATOS,0,0,Morelia,Arcos del Valle,enero,viernes,17,-101.236245967448,19.7076230217075
47916,47922,2024,LEG51212,2024/01/12,18:00:00,COLISIÓN POR ALCANCE,ASFALTO,Bueno,Bueno,2,NISSAN,BLANCO,2,,40,MASCULINO,SIN DATOS,0,0,Morelia,Diego Rivera,enero,viernes,18,-101.17542821914,19.7178761790953
47917,47923,2024,,2024/01/13,"00:00:00",COLISIÓN POR ALCANCE,ASFALTO,Bueno,Bueno,2,CHEVROLET,BLANCO,2,,,MASCULINO,SIN DATOS,0,0,Morelia,Jose Ma Pino Suarez,enero,sábado,0,-101.162731312215,19.7231358552066
47918,47924,2024,,2024/01/13,"08:40:00",COLISIÓN POR CORTE DE CIRCULACIÓN,ASFALTO,Bueno,Bueno,2,INTERNACIONAL,BLANCO/NARANJA,2,,41,MASCULINO,SIN DATOS,0,0,Morelia,Nueva Valladolid,enero,sábado,9,-101.20733845979,19.7021772342247
47919,47925,2024,,2024/01/13,10:34:00,COLISIÓN POR CORTE DE CIRCULACIÓN,CONCRETO,Bueno,Bueno,2,TOYOTA,BLANCO /AZUL,2,,23,MASCULINO,SIN DATOS,0,0,Morelia,Ferrocarrilero,enero,sábado,11,-101.223834380507,19.6916815839869
47920,47926,2024,,2024/01/13,11:20:00,COLISIÓN POR CORTE DE CIRCULACIÓN,ASFALTO,Bueno,Bueno,2,HONDA,GRIS,2,,33,MASCULINO,SIN DATOS,0,0,Morelia,Comision Federal de Electricidad,enero,sábado,11,-101.181342490017,19.6815126154955
47921,47927,2024,,2024/01/13,12:15:00,COLISIÓN POR ALCANCE,ASFALTO,Bueno,Bueno,2,SMART,PLATA,2,,46,FEMENINO,SIN DATOS,0,0,Morelia,Prados del Campestre,enero,sábado,12,-101.167185120285,19.683255525253
47922,47928,2024,,2024/01/13,14:45:00,COLISIÓN POR CORTE DE CIRCULACIÓN,CONCRETO,Bueno,Bueno,2,TOYOTA,BLANCO/GRIS,2,,41,MASCULINO,SIN DATOS,0,0,Morelia,Union,enero,sábado,15,-101.154988445342,19.7143806790589
47923,47929,2024,,2024/01/13,15:50:00,COLISIÓN POR CORTE DE CIRCULACIÓN,CONCRETO,Bueno,Bueno,2,YAMAHA,BLANCO/NEGRO,2,,22,MASCULINO,SIN DATOS,0,0,Morelia,Isaac Arriaga,enero,sábado,16,-101.172303780913,19.7077953597213