fid,id_accidente,anio_origen,folio_c5i,dia_incidente,hora_ocurrencia,tipo_incidente_vial,superficie_ocurrencia,condiciones_climaticas,condiciones_via,numero_vehiculos_involucrados,marca_vehiculo_ocasiona_siniestro,color_vehiculo_ocasiona_siniestro,numero_personas_involucradas,lugar_remite_presunto_responsable,edad_presunto_responsable,sexo_presunto_responsable,resultados_toxicologia,numero_personas_lesionadas,numero_personas_fallecidas,municipio,colonia,mes,dia_semana,hora_redondeada,lon,lat
47924,47930,2024,MOR 240025192,2024/01/13,17:30:00,COLISIÓN CONTRA OBJETO FIJO,ASFALTO,Bueno,Regular,1,NISSAN,NARANJA,1,MINISTERIO PÚBLICO,46,MASCULINO,SIN DATOS,0,0,Charo,Sin datos,enero,sábado,18,-101.023240014911,19.7189129786307
47925,47931,2024,,2024/01/13,19:10:00,VOLCADURA,ASFALTO,Bueno,Bueno,1,NISSAN,GRIS,1,,33,MASCULINO,SIN DATOS,0,0,Morelia,Tierra Y Libertad,enero,sábado,19,-101.230065152049,19.7160474818818
47926,47932,2024,,2024/01/13,20:20:00,COLISIÓN POR CORTE DE CIRCULACIÓN,CONCRETO,Bueno,Bueno,2,MAZDA,BLANCO,2,MINISTERIO PÚBLICO,27,FEMENINO,SIN DATOS,0,0,Morelia,Centro,enero,sábado,20,-101.186473220587,19.706991114068
47927,47933,2024,LEG51230,2024/01/13,22:46:00,COLISIÓN POR CORTE DE CIRCULACIÓN,ASFALTO,Bueno,Bueno,2,NISSAN,BLANCO,2,,51,MASCULINO,SIN DATOS,0,0,Morelia,Campestre Los Manantiales,enero,sábado,23,-101.238360889256,19.688246437043
47928,47934,2024,,2024/01/14,"00:20:00",COLISIÓN POR INVASIÓN DE CARRIL,ASFALTO,Bueno,Bueno,2,ITALIKA,NEGRO,2,,31,MASCULINO,SIN DATOS,0,0,Morelia,Alberto Oviedo Mota,enero,domingo,0,-101.19786221534,19.6811713552699
47929,47935,2024,LEG51228,2024/01/14,"02:15:00",SUBIDA AL CAMELLÓN,ASFALTO,Bueno,Bueno,1,CHEVROLET,NEGRO,1,,28,MASCULINO,SIN DATOS,0,0,Morelia,Ignacio Zaragoza,enero,domingo,2,-101.202981546521,19.7252273686784
47930,47936,2024,LEG51229,2024/01/14,"02:45:00",VOLCADURA,ASFALTO,Bueno,Bueno,1,VOLKSWAGEN,ROJO,1,,33,MASCULINO,SIN DATOS,0,0,Charo,Sin datos,enero,domingo,3,-101.046903133392,19.7711324557571
47931,47937,2024,,2024/01/14,"09:00:00",COLISIÓN POR INVASIÓN DE CARRIL,ASFALTO,Bueno,Bueno,2,VOLKSWAGEN,BLANCO,2,MINISTERIO PÚBLICO,34,MASCULINO,CON CERTIFICADO,0,0,Maravatío,Sin datos,enero,domingo,9,-100.455044545233,19.8041896392832
47932,47938,2024,MOR2235679,2024/01/14,12:42:00,COLISIÓN POR CORTE DE CIRCULACIÓN,ASFALTO,Bueno,Bueno,2,CHEVROLET,GRIS,2,MINISTERIO PÚBLICO,,FEMENINO,SIN DATOS,0,0,Morelia,La Hacienda,enero,domingo,13,-101.316893578113,19.6754927847427
47933,47939,2024,,2024/01/14,15:00:00,COLISIÓN CONTRA OBJETO FIJO,TERRACERIA,Bueno,Bueno,1,CHEVROLET/TRAILBLAZER,BLANCO,1,,44,MASCULINO,SIN DATOS,0,0,Morelia,Sin datos,enero,domingo,15,-101.279761455953,19.6522724070318
47934,47940,2024,,2024/01/14,15:16:00,COLISIÓN POR NO RESPETAR SEMÁFORO,ASFALTO,Bueno,Bueno,3,KIA,AZUL,3,,29,MASCULINO,SIN DATOS,0,0,Morelia,La Esperanza,enero,domingo,15,-101.153890244283,19.6995149697692
47935,47941,2024,LEG51239,2024/01/14,16:40:00,CAIDA DE MOTOCICLETA,ASFALTO,Bueno,Bueno,1,ITALIKA,NEGRA,1,,25,MASCULINO,SIN DATOS,0,0,Morelia,Puerta Tres Marias,enero,domingo,17,-101.137596331537,19.6902181357996
47936,47942,2024,,2024/01/14,17:40:00,COLISIÓN CONTRA OBJETO FIJO,ASFALTO,Bueno,Bueno,1,FORD,AZUL,0,,,,,0,0,Morelia,Sin datos,enero,domingo,18,-101.199002824724,19.6355015955712
47937,47943,2024,,2024/01/14,20:30:00,COLISIÓN POR MANIOBRA DE REVERSA,CONCRETO,Bueno,Bueno,2,MERCEDES BENZ/SPRINTER,AMARILLO,2,MINISTERIO PÚBLICO,39,FEMENINO,SIN DATOS,0,0,Morelia,Adolfo Lopez Mateos,enero,domingo,21,-101.230158358812,19.701330031937
47938,47944,2024,,2024/01/14,20:35:00,SALIDA DE SUPERFICIE DE RODAMIENTO,ASFALTO,Bueno,Bueno,1,FORD RANGER,BLANCO,1,,50,MASCULINO,SIN DATOS,0,0,Charo,San Juan,enero,domingo,21,-101.06064978987,19.7472640767683
47939,47945,2024,,2024/01/14,20:50:00,COLISIÓN POR ALCANCE,ASFALTO,Bueno,Bueno,2,MITSUBISHI L200,PLATA,2,,72,MASCULINO,SIN DATOS,0,0,Morelia,Lindavista,enero,domingo,21,-101.216173656285,19.7038817259808
47940,47946,2024,LEG51250,2024/01/15,"08:30:00",COLISIÓN POR CORTE DE CIRCULACIÓN,CONCRETO,Bueno,Bueno,2,CHEVROLET,ROJO,2,,50,FEMENINO,SIN DATOS,0,0,Morelia,Villa Universidad,enero,lunes,9,-101.199983172119,19.6822005004563
47941,47947,2024,,2024/01/15,10:45:00,COLISIÓN POR CORTE DE CIRCULACIÓN,ASFALTO,Bueno,Bueno,2,CHEVROLET,ROJO,2,,41,FEMENINO,SIN DATOS,0,0,Morelia,Adolfo Lopez Mateos,enero,lunes,11,-101.223208755255,19.6942056534376
47942,47948,2024,LEG51246,2024/01/15,11:00:00,COLISIÓN POR ALCANCE,SIN_DATOS,Bueno,Bueno,3,KENWORTH,ROJO,3,MINISTERIO PÚBLICO,19,MASCULINO,SIN DATOS,0,0,Morelia,Indeco Santiaguito,enero,lunes,11,-101.178047396243,19.7197525130535
47943,47949,2024,LEG51249,2024/01/15,12:28:00,COLISIÓN POR CAMBIO DE CARRIL,ASFALTO,Bueno,Bueno,2,NISSAN,BLANCO,2,,32,MASCULINO,SIN DATOS,0,0,Morelia,Nueva Valladolid,enero,lunes,12,-101.213477240412,19.7008421945104
47944,47950,2024,,2024/01/15,14:20:00,COLISIÓN POR CORTE DE CIRCULACIÓN,SIN_DATOS,Bueno,Bueno,2,DODGE,GRIS,2,MINISTERIO PÚBLICO,23,MASCULINO,SIN DATOS,0,0,Morelia,Josefa Ortiz de Dominguez,enero,lunes,14,-101.209869123995,19.6720593437209
47945,47951,2024,LEG51253,2024/01/15,15:00:00,COLISIÓN POR CORTE DE CIRCULACIÓN,ASFALTO,Bueno,Bueno,2,MAZDA,GRIS,2,,51,MASCULINO,SIN DATOS,0,0,Morelia,Chapultepec Sur,enero,lunes,15,-101.16899728775,19.6896966449903
47946,47952,2024,LEG51252,2024/01/15,15:30:00,COLISIÓN POR CORTE DE CIRCULACIÓN,CONCRETO,Bueno,Bueno,2,FORD,NEGRO,2,,48,MASCULINO,SIN DATOS,0,0,Morelia,Cuauhtemoc,enero,lunes,16,-101.186432987452,19.6954228492938
47947,47953,2024,,2024/01/15,15:50:00,COLISIÓN CONTRA OBJETO FIJO,ASFALTO,Bueno,Bueno,1,DINA,BLANCO Y AZUL,1,,23,MASCULINO,SIN DATOS,0,0,Charo,San Juan,enero,lunes,16,-101.044751666486,19.7451769541855
47948,47954,2024,LEG51255,2024/01/15,16:45:00,COLISIÓN POR ALCANCE,ASFALTO,Bueno,Bueno,2,DODGE,PLATA,2,MINISTERIO PÚBLICO,64,MASCULINO,CON CERTIFICADO,0,0,Morelia,Jardines de Sindurio,enero,lunes,17,-101.256296485662,19.6975507101672
47949,47955,2024,LEG51256,2024/01/15,17:00:00,COLISIÓN CON PEATÓN,ASFALTO,Bueno,Bueno,1,TOYOTA,BLANCO,2,,40,FEMENINO,SIN DATOS,1,0,Morelia,La Loma,enero,lunes,17,-101.185897551477,19.6811025348958
47950,47956,2024,,2024/01/15,18:10:00,COLISIÓN POR CORTE DE CIRCULACIÓN,ASFALTO,Bueno,Bueno,1,NISSAN,PLATA,0,,,,,0,0,Morelia,Jardines del Rincon,enero,lunes,18,-101.150351911783,19.690733311493
47951,47957,2024,,2024/01/15,19:10:00,COLISIÓN CONTRA OBJETO FIJO,ASFALTO,Bueno,Bueno,1,JEEP,BLANCO,1,,40,MASCULINO,SIN DATOS,0,0,Morelia,Colinas Altozano,enero,lunes,19,-101.158350594342,19.6504638001166
47952,47958,2024,LEG51257,2024/01/15,21:30:00,COLISIÓN POR ALCANCE,ASFALTO,Bueno,Bueno,2,HONDA,ROJO,2,,38,MASCULINO,SIN DATOS,0,0,Morelia,Tinijaro,enero,lunes,22,-101.261458396912,19.695682954262
47953,47959,2024,MOR 240302259,2024/01/15,23:25:00,VOLCADURA,ASFALTO,Bueno,Regular,1,VOLKSWAGEN,GRIS,1,,0,,SIN DATOS,0,0,Charo,Sin datos,enero,lunes,23,-101.034746691585,19.7400817864622
47955,47961,2024,,2024/01/16,"08:00:00",COLISIÓN CONTRA OBJETO FIJO,ASFALTO,Bueno,Bueno,1,TOYOTA,CAFE,1,MINISTERIO PÚBLICO,,,SIN DATOS,0,0,Morelia,Tenencia Morelos,enero,martes,8,-101.243929623155,19.6466055443724
47957,47963,2024,LEG51267,2024/01/16,10:00:00,COLISIÓN POR CORTE DE CIRCULACIÓN,ASFALTO,Bueno,Bueno,1,FORD,BLANCO,1,,65,MASCULINO,SIN DATOS,0,0,Morelia,Bosques de La Huerta,enero,martes,10,-101.2205039,19.6697981499992
47958,47964,2024,,2024/01/16,11:30:00,COLISIÓN POR CAMBIO DE CARRIL,ASFALTO,Bueno,Bueno,2,FORD ESCAPE,PLATA,2,,43,FEMENINO,SIN DATOS,0,0,Morelia,Lomas de Guayangareo,enero,martes,12,-101.158990636468,19.7035383039174
47959,47965,2024,,2024/01/16,11:40:00,COLISIÓN POR CORTE DE CIRCULACIÓN,ASFALTO,Bueno,Bueno,2,MAZDA,GUINDA,2,,45,FEMENINO,SIN DATOS,0,0,Morelia,Jardines de Torremolinos,enero,martes,12,-101.227770565645,19.6784160171512
47961,47967,2024,,2024/01/16,12:12:00,COLISIÓN POR ALCANCE,ASFALTO,Bueno,Bueno,2,DODGE,PLATA,2,,30,MASCULINO,SIN DATOS,0,0,Morelia,Insurgentes,enero,martes,12,-101.154540928257,19.6969391869908
47962,47968,2024,LEG51273,2024/01/16,13:40:00,COLISIÓN POR CAMBIO DE CARRIL,ASFALTO,Bueno,Bueno,2,NISSAN,NEGRO,2,,36,FEMENINO,SIN DATOS,0,0,Morelia,Poblado de Ocolusen,enero,martes,14,-101.155088675,19.6951327349991
47963,47969,2024,,2024/01/16,16:20:00,COLISIÓN POR CORTE DE CIRCULACIÓN,ASFALTO,Bueno,Bueno,2,HONDA CRV,GRIS,2,,34,MASCULINO,SIN DATOS,0,0,Morelia,Insurgentes,enero,martes,16,-101.154540928257,19.6969391869908
47964,47970,2024,,2024/01/16,21:00:00,COLISIÓN POR CAMBIO DE CARRIL,ASFALTO,Bueno,Bueno,2,TOYOTA/HIACE,BLANCO GRIS,2,,21,MASCULINO,SIN DATOS,0,0,Morelia,23 de Marzo,enero,martes,21,-101.24921735053,19.7044666239943
47965,47971,2024,,2024/01/17,"00:00:00",COLISIÓN POR INVASIÓN DE CARRIL,ASFALTO,Bueno,Bueno,2,YAMAHA,NEGRO,2,MINISTERIO PÚBLICO,34,MASCULINO,SIN DATOS,0,0,Morelia,Centro,enero,miércoles,0,-101.18754847,19.7028479949991
47966,47972,2024,"240032837",2024/01/17,"08:00:00",COLISIÓN CONTRA OBJETO FIJO,SIN_DATOS,Bueno,Bueno,1,VOLKSWAGEN,BLANCO,1,,30,MASCULINO,SIN DATOS,0,0,Morelia,Vasco de Quiroga,enero,miércoles,8,-101.172084441176,19.7019638559701
47967,47973,2024,MOR240032815,2024/01/17,"08:10:00",COLISIÓN POR CAMBIO DE CARRIL,CONCRETO,Bueno,Bueno,2,INTERNATIONAL,BLANCO CON NARANJA,2,,22,MASCULINO,SIN DATOS,0,0,Morelia,Villas del Pedregal,enero,miércoles,8,-101.302209,19.685042
47968,47974,2024,LEG51277,2024/01/17,12:00:00,COLISIÓN POR MANIOBRA DE REVERSA,CONCRETO,Bueno,Bueno,2,FAMSA,BLANCO,1,MINISTERIO PÚBLICO,,,SIN DATOS,0,0,Morelia,Villa Universo,enero,miércoles,12,-101.220456485,19.7365782449992
47969,47975,2024,MOR 240033219,2024/01/17,12:40:00,COLISIÓN POR CORTE DE CIRCULACIÓN,ASFALTO,Bueno,Regular,2,PEUGEOT,VERDE,2,MINISTERIO PÚBLICO,36,MASCULINO,SIN DATOS,0,0,Morelia,Lomas de San Juan,enero,miércoles,13,-101.183039681886,19.7298664251429
47970,47976,2024,,2024/01/17,13:45:00,COLISIÓN POR CORTE DE CIRCULACIÓN,ASFALTO,Bueno,Bueno,1,KENWORTH,BLANCO,1,,24,MASCULINO,SIN DATOS,0,0,Morelia,Balcones de Morelia,enero,miércoles,14,-101.201869405085,19.6735302099086
47971,47977,2024,LEG51282,2024/01/17,16:20:00,COLISIÓN POR CORTE DE CIRCULACIÓN,CONCRETO,Bueno,Bueno,2,VOLKSWAGEN,BLANCO,3,MINISTERIO PÚBLICO,42,FEMENINO,SIN DATOS,1,0,Morelia,Independencia,enero,miércoles,16,-101.177325168862,19.712097629132
47973,47979,2024,MOR240034589,2024/01/18,"03:35:00",COLISIÓN CONTRA OBJETO FIJO,ASFALTO,Bueno,Bueno,1,SUZUKI,BLANCO,1,,22,MASCULINO,SIN DATOS,0,0,Morelia,Alberto Oviedo Mota,enero,jueves,4,-101.198908182011,19.681555672698
47974,47980,2024,,2024/01/18,13:15:00,COLISIÓN POR CAMBIO DE CARRIL,ASFALTO,Bueno,Bueno,2,NISSAN/URVAN,BLANCO NARANJA,2,,35,MASCULINO,SIN DATOS,0,0,Morelia,Obrera,enero,jueves,13,-101.182860991234,19.7107343876966
47976,47982,2024,,2024/01/19,"09:00:00",COLISIÓN POR INVASIÓN DE CARRIL,ASFALTO,Bueno,Bueno,2,ITALIKA,BLANCO,2,,,MASCULINO,SIN DATOS,0,0,Charo,San Juan,enero,viernes,9,-101.056085675955,19.746742140901
47977,47983,2024,LEG51292,2024/01/19,14:15:00,COLISIÓN POR CORTE DE CIRCULACIÓN,ASFALTO,Bueno,Bueno,2,FORD,ROJO,4,,68,MASCULINO,SIN DATOS,2,0,Morelia,Felix Ireta,enero,viernes,14,-101.180295422673,19.6879515955969
47978,47984,2024,,2024/01/19,15:20:00,COLISIÓN POR CAMBIO DE CARRIL,ASFALTO,Bueno,Bueno,2,TOYOTA,BLANCO,2,,40,FEMENINO,SIN DATOS,0,0,Morelia,Centro,enero,viernes,15,-101.188873797655,19.7081248846375
47979,47985,2024,,2024/01/19,18:00:00,COLISIÓN POR ALCANCE,CONCRETO,Bueno,Bueno,2,HONDA,ROJO,2,,58,FEMENINO,SIN DATOS,0,0,Morelia,Libertad,enero,viernes,18,-101.238073892891,19.6872804662551
47980,47986,2024,LEG51294,2024/01/19,20:10:00,COLISIÓN POR ALCANCE,ASFALTO,Bueno,Bueno,3,SUZUKI,GRIS,3,MINISTERIO PÚBLICO,27,MASCULINO,SIN DATOS,0,0,Morelia,Nueva Valladolid,enero,viernes,20,-101.209725961089,19.7021292556755
47981,47987,2024,MOR 240038583,2024/01/19,22:25:00,COLISIÓN POR ALCANCE,ASFALTO,Bueno,Regular,3,FORD,ROJO,2,MINISTERIO PÚBLICO,18,MASCULINO,SIN DATOS,0,0,Morelia,Prados Verdes,enero,viernes,22,-101.203426122665,19.715759004091
47982,47988,2024,LEG51295,2024/01/19,23:15:00,COLISIÓN CONTRA OBJETO FIJO,ASFALTO,Bueno,Bueno,1,VOLKSWAGEN,GRIS,1,,34,MASCULINO,SIN DATOS,0,0,Charo,Sin datos,enero,viernes,23,-101.061000823975,19.7232092633903
47983,47989,2024,,2024/01/19,23:30:00,COLISIÓN POR INVASIÓN DE CARRIL,ASFALTO,Bueno,Bueno,1,VOLKSWAGEN,GRIS,1,MINISTERIO PÚBLICO,,,,0,1,Copándaro,Sin datos,enero,viernes,0,-101.141641497387,19.9239264983659
47984,47990,2024,LEG51299,2024/01/20,"01:10:00",COLISIÓN POR ALCANCE,ASFALTO,Bueno,Regular,3,HONDA,GRIS,3,MINISTERIO PÚBLICO,,FEMENINO,SIN DATOS,0,0,Morelia,Union,enero,sábado,1,-101.157271005213,19.7142812573984
47985,47991,2024,,2024/01/20,"06:10:00",COLISIÓN CONTRA OBJETO FIJO,ASFALTO,Bueno,Bueno,1,CHEVROLET,GRIS,1,,34,MASCULINO,SIN DATOS,0,0,Morelia,Mision del Valle,enero,sábado,6,-101.121188253164,19.7649647070708
47986,47992,2024,LEG51297,2024/01/20,"08:50:00",COLISIÓN POR CORTE DE CIRCULACIÓN,ASFALTO,Bueno,Bueno,2,VOLKSWAGEN,BLANCO,3,,32,MASCULINO,SIN DATOS,1,0,Morelia,Sentimientos de La Nacion,enero,sábado,9,-101.2353913486,19.680931746592
47987,47993,2024,,2024/01/20,12:00:00,COLISIÓN POR CAMBIO DE CARRIL,ASFALTO,Bueno,Bueno,1,MERCEDEZ BENZ,VERDE,2,,30,MASCULINO,SIN DATOS,0,0,Charo,Sin datos,enero,sábado,12,-101.064777374268,19.7117682360414
47988,47994,2024,,2024/01/20,12:30:00,COLISIÓN POR MANIOBRA DE REVERSA,ASFALTO,Bueno,Bueno,2,HINO,BLANCO /AZUL,2,,,MASCULINO,SIN DATOS,0,0,Morelia,Villas Lomas del Paraiso,enero,sábado,13,-101.175530478358,19.6734064627093
47989,47995,2024,,2024/01/20,16:00:00,VOLCADURA,ASFALTO,Bueno,Bueno,1,INTERNACIONAL,BLANCO,1,,,,SIN DATOS,0,0,Morelia,Sin datos,enero,sábado,16,-101.116593,19.739365
47990,47996,2024,,2024/01/20,16:50:00,COLISIÓN CONTRA OBJETO FIJO,ASFALTO,Bueno,Bueno,1,VOLKSWAGEN,AZUL,3,,63,,SIN DATOS,2,0,Morelia,Sentimientos de La Nacion,enero,sábado,17,-101.236870922148,19.684803008657
47991,47997,2024,LEG51307,2024/01/20,19:32:00,COLISIÓN POR CAMBIO DE CARRIL,ASFALTO,Bueno,Bueno,2,CHEVROLET,GRIS,2,MINISTERIO PÚBLICO,,MASCULINO,SIN DATOS,0,0,Morelia,Balcones de Morelia,enero,sábado,20,-101.203186400235,19.675163982926
47992,47998,2024,,2024/01/20,19:47:00,COLISIÓN POR CORTE DE CIRCULACIÓN,ASFALTO,Bueno,Bueno,2,NISSAN,AZUL,4,MINISTERIO PÚBLICO,41,MASCULINO,SIN DATOS,3,0,Hidalgo,Plan de Ayala,enero,sábado,20,-100.569075644016,19.705489297584
47993,47999,2024,,2024/01/20,20:11:00,COLISIÓN CONTRA OBJETO FIJO,ASFALTO,Bueno,Bueno,2,NISSAN,AZUL,1,,31,MASCULINO,SIN DATOS,0,0,Morelia,Mariano Escobedo,enero,sábado,20,-101.206705793738,19.7220694158153
47994,48000,2024,,2024/01/20,21:00:00,COLISIÓN CONTRA OBJETO FIJO,CONCRETO,Bueno,Bueno,1,FREIGHTLINER,BLANCO,1,MINISTERIO PÚBLICO,,MASCULINO,SIN DATOS,0,0,Morelia,Antonio Alzate,enero,sábado,21,-101.149100326002,19.7022769790573
47995,48001,2024,,2024/01/20,23:05:00,COLISIÓN POR ALCANCE,CONCRETO,Bueno,Bueno,2,CHEVROLET,GRIS,3,MINISTERIO PÚBLICO,51,MASCULINO,SIN DATOS,1,0,Morelia,Avicola Benito Juarez,enero,sábado,23,-101.280367970467,19.6913640206547
47996,48002,2024,,2024/01/21,"01:00:00",COLISIÓN POR INVASIÓN DE CARRIL,ASFALTO,Bueno,Bueno,2,AUDI,AZUL,2,MINISTERIO PÚBLICO,19,MASCULINO,SIN DATOS,0,0,Pátzcuaro,Sin datos,enero,domingo,1,-101.632840409875,19.5386910698804
47997,48003,2024,,2024/01/21,"06:00:00",COLISIÓN CONTRA OBJETO FIJO,ASFALTO,Bueno,Bueno,1,SEAT,GRIS,0,MINISTERIO PÚBLICO,,,,0,0,Morelia,Sin datos,enero,domingo,6,-101.110457740724,19.7369175000621
47998,48004,2024,,2024/01/21,11:20:00,COLISIÓN POR MANIOBRA DE REVERSA,CONCRETO,Bueno,Bueno,2,GMC,ROJO,2,,44,MASCULINO,SIN DATOS,0,0,Morelia,Irrigacion,enero,domingo,11,-101.224871054292,19.7046335904614
47999,48005,2024,,2024/01/21,14:40:00,COLISIÓN POR CORTE DE CIRCULACIÓN,CONCRETO,Bueno,Bueno,2,VOLKSWAGEN,BLANCO,2,,41,MASCULINO,SIN DATOS,0,0,Morelia,Agustin Arriaga Rivera,enero,domingo,15,-101.222029924393,19.6931548044459
48000,48006,2024,LEG51315,2024/01/21,15:00:00,COLISIÓN POR MANIOBRA DE REVERSA,ASFALTO,Bueno,Bueno,2,SCANIA,GRIS,2,MINISTERIO PÚBLICO,52,MASCULINO,SIN DATOS,0,0,Morelia,Elias Perez Avalos,enero,domingo,15,-101.165901347995,19.7104293306173
48001,48007,2024,,2024/01/21,15:20:00,COLISIÓN POR CAMBIO DE CARRIL,ASFALTO,Bueno,Bueno,2,HONDA,BLANCO,2,,33,MASCULINO,SIN DATOS,0,0,Morelia,El Lago 1,enero,domingo,15,-101.219318881631,19.7275994217504
48002,48008,2024,LEG51316,2024/01/21,18:07:00,SUBIDA AL CAMELLÓN,ASFALTO,Bueno,Bueno,1,MITSUBISHI,ROJO,0,,,,,0,0,Morelia,Los Manantiales de Morelia,enero,domingo,18,-101.242046244442,19.6970185108572
48003,48009,2024,,2024/01/21,19:00:00,COLISIÓN POR MANIOBRA DE REVERSA,ASFALTO,Bueno,Bueno,2,VOLKSWAGEN,PLATA,2,,33,MASCULINO,SIN DATOS,0,0,Morelia,Industrial,enero,domingo,19,-101.194898039103,19.7072546722531
48004,48010,2024,,2024/01/22,"07:20:00",COLISIÓN POR NO RESPETAR SEMÁFORO,ASFALTO,Bueno,Bueno,2,VOLKSWAGEN,ROJO,3,,37,MASCULINO,SIN DATOS,1,0,Morelia,Primo Tapia Oriente,enero,lunes,7,-101.158553436399,19.7134533724088
48005,48011,2024,,2024/01/22,"09:00:00",COLISIÓN POR CAMBIO DE CARRIL,ASFALTO,Bueno,Bueno,2,SCANIA,BLANCO,2,,27,MASCULINO,SIN DATOS,0,0,Morelia,Isaac Arriaga,enero,lunes,9,-101.173878539064,19.7098514781792
48006,48012,2024,MOR2235661,2024/01/22,15:10:00,COLISIÓN POR CORTE DE CIRCULACIÓN,ASFALTO,Bueno,Bueno,2,FORD,GRIS,2,,,FEMENINO,SIN DATOS,0,0,Morelia,Centenario (Los Alamos Ii),enero,lunes,15,-101.178904362023,19.7383227703272
48007,48013,2024,,2024/01/22,15:30:00,COLISIÓN POR CORTE DE CIRCULACIÓN,ASFALTO,Bueno,Bueno,2,CHEVROLET,NEGRO,1,,45,FEMENINO,SIN DATOS,0,0,Morelia,Sin datos,enero,lunes,16,-101.164588071406,19.6588164383001
48008,48014,2024,,2024/01/22,17:58:00,COLISIÓN POR ALCANCE,ASFALTO,Bueno,Bueno,2,SEAT,VERDE,2,,50,MASCULINO,SIN DATOS,0,0,Morelia,Plan de La Garita,enero,lunes,18,-101.187055259943,19.7111799017995
48009,48015,2024,,2024/01/22,20:05:00,COLISIÓN POR ALCANCE,ASFALTO,Bueno,Regular,3,TOYOTA,BLANCO Y VERDE,3,,26,MASCULINO,SIN DATOS,0,0,Morelia,Lazaro Cardenas,enero,lunes,20,-101.163508817554,19.7111508637873
48010,48016,2024,,2024/01/23,"00:00:00",COLISIÓN POR ALCANCE,ASFALTO,Bueno,Bueno,3,FORD,ROJO,3,,,MASCULINO,SIN DATOS,0,0,Tarímbaro,Los Angeles,enero,martes,0,-101.17165133357,19.75077589712
48012,48018,2024,MOR240045827,2024/01/23,"08:18:00",COLISIÓN CON PEATÓN,ASFALTO,Bueno,Bueno,1,NISSAN,BLANCO,2,,44,MASCULINO,SIN DATOS,1,0,Morelia,Felix Ireta,enero,martes,8,-101.181278787553,19.6827343274563
48013,48019,2024,,2024/01/23,"08:45:00",COLISIÓN POR CAMBIO DE CARRIL,CONCRETO,Bueno,Bueno,2,NISSAN,BLANCO Y VERDE,2,,27,MASCULINO,SIN DATOS,0,0,Morelia,Ventura Puente,enero,martes,9,-101.193225725,19.6917077449992
48014,48020,2024,MOR240045386,2024/01/23,"08:55:00",COLISIÓN POR ALCANCE,ASFALTO,Nublado,Bueno,3,VOLKSWAGEN,AZUL,3,MINISTERIO PÚBLICO,32,MASCULINO,SIN DATOS,0,0,Morelia,Ferrocarrilero,enero,martes,9,-101.223609235,19.6918737849991
48015,48021,2024,,2024/01/23,10:00:00,COLISIÓN POR CORTE DE CIRCULACIÓN,ASFALTO,Bueno,Bueno,2,ITALIKA,ROJO,2,,42,MASCULINO,SIN DATOS,0,0,Morelia,Ventura Puente,enero,martes,10,-101.182616874576,19.6908428492484
48016,48022,2024,LEG51338,2024/01/23,10:35:00,COLISIÓN POR CORTE DE CIRCULACIÓN,CONCRETO,Bueno,Bueno,2,VOLKSWAGEN,GRIS,3,,31,MASCULINO,SIN DATOS,1,0,Morelia,Niños Heroes,enero,martes,11,-101.24093115535,19.7136794191358
48017,48023,2024,,2024/01/23,13:00:00,COLISIÓN CON PEATÓN,SIN_DATOS,Bueno,Bueno,2,MI B,NEGRA,2,,33,MASCULINO,SIN DATOS,0,0,Morelia,San Jose del Cerrito,enero,martes,13,-101.222227737308,19.6616959042847
48018,48024,2024,MOR240046146,2024/01/23,13:16:00,COLISIÓN POR ALCANCE,ASFALTO,Bueno,Bueno,2,VOLKSWAGEN,BLANCO,2,,32,MASCULINO,SIN DATOS,0,0,Morelia,Los Pinos de Michoacan,enero,martes,13,-101.213164965553,19.6845064946218
48019,48025,2024,MOR240045987,2024/01/23,14:20:00,COLISIÓN CONTRA OBJETO FIJO,CONCRETO,Bueno,Bueno,1,RENAULT,BLANCO,1,,43,MASCULINO,SIN DATOS,0,0,Morelia,Vista Bella,enero,martes,14,-101.195925675947,19.6790442736003
48020,48026,2024,LEG51332,2024/01/23,14:50:00,COLISIÓN POR MANIOBRA DE REVERSA,CONCRETO,Bueno,Bueno,2,NISSAN,BLANCO Y AZUL,2,,31,MASCULINO,SIN DATOS,0,0,Morelia,Alberto Oviedo Mota,enero,martes,15,-101.196140686849,19.6817272495021
48021,48027,2024,,2024/01/23,18:20:00,COLISIÓN POR CORTE DE CIRCULACIÓN,ASFALTO,Bueno,Bueno,2,FORD,VERDE,3,MINISTERIO PÚBLICO,0,MASCULINO,SIN DATOS,2,0,Copándaro,Sin datos,enero,martes,18,-101.244464926422,19.9048098137862
48022,48028,2024,,2024/01/23,21:15:00,COLISIÓN POR CAMBIO DE CARRIL,ASFALTO,Bueno,Bueno,2,NISSAN,BCO/MORADO,2,,26,MASCULINO,SIN DATOS,0,0,Morelia,Morelos,enero,martes,21,-101.18131852377,19.7261651713381
48023,48029,2024,LEG51339,2024/01/24,"01:45:00",SALIDA DE SUPERFICIE DE RODAMIENTO,ASFALTO,Bueno,Regular,1,VOLKSWAGEN,NEGRO,0,,,,,0,0,Morelia,Felix Ireta,enero,miércoles,2,-101.191851384938,19.6910625558749
48024,48030,2024,,2024/01/24,"06:40:00",COLISIÓN CONTRA OBJETO FIJO,ASFALTO,Bueno,Bueno,1,NISSAN,NEGRO,1,,29,MASCULINO,SIN DATOS,0,0,Morelia,Bosques Tres Marias,enero,miércoles,7,-101.105250231922,19.7292629307777