fid,id_accidente,anio_origen,folio_c5i,dia_incidente,hora_ocurrencia,tipo_incidente_vial,superficie_ocurrencia,condiciones_climaticas,condiciones_via,numero_vehiculos_involucrados,marca_vehiculo_ocasiona_siniestro,color_vehiculo_ocasiona_siniestro,numero_personas_involucradas,lugar_remite_presunto_responsable,edad_presunto_responsable,sexo_presunto_responsable,resultados_toxicologia,numero_personas_lesionadas,numero_personas_fallecidas,municipio,colonia,mes,dia_semana,hora_redondeada,lon,lat
48025,48031,2024,LEG51342,2024/01/24,16:00:00,COLISIÓN POR CORTE DE CIRCULACIÓN,ASFALTO,Bueno,Bueno,2,NISSAN,ROJO,2,,53,MASCULINO,CON CERTIFICADO,0,0,Morelia,Mariano Michelena,enero,miércoles,16,-101.23002961278,19.6769249565454
48026,48032,2024,,2024/01/24,19:50:00,COLISIÓN CON PEATÓN,ASFALTO,Bueno,Bueno,1,FORD,VINO,1,,18,MASCULINO,SIN DATOS,0,0,Charo,Sin datos,enero,miércoles,20,-101.079730354249,19.6867255039317
48027,48033,2024,,2024/01/24,22:55:00,COLISIÓN POR ALCANCE,CONCRETO,Bueno,Bueno,2,HONDA ACCORD,BLANCO,2,,30,MASCULINO,SIN DATOS,0,0,Morelia,Virrey Antonio de Mendoza,enero,miércoles,23,-101.161741912365,19.7067404966605
48028,48034,2024,,2024/01/25,"00:45:00",COLISIÓN CONTRA OBJETO FIJO,CONCRETO,Bueno,Bueno,1,FORD,NEGRO,1,,39,FEMENINO,SIN DATOS,0,0,Morelia,Agustin Arriaga Rivera,enero,jueves,1,-101.2244496122,19.6911342129997
48029,48035,2024,,2024/01/25,"02:40:00",COLISIÓN CONTRA OBJETO FIJO,ASFALTO,Bueno,Bueno,1,VOLKSWAGEN,GRIS,1,,,MASCULINO,SIN DATOS,0,0,Morelia,Centro,enero,jueves,3,-101.18754847,19.7028479949991
48030,48036,2024,,2024/01/25,"04:00:00",SALIDA DE SUPERFICIE DE RODAMIENTO,ASFALTO,Bueno,Bueno,1,HONDA,GRIS,0,,,,,0,0,Charo,De Santiago,enero,jueves,4,-101.044372,19.745476
48031,48037,2024,MOR240049547,2024/01/25,"08:42:00",COLISIÓN POR CORTE DE CIRCULACIÓN,ASFALTO,Bueno,Bueno,2,NISSAN,ROJO,2,,26,MASCULINO,SIN DATOS,0,0,Morelia,Union,enero,jueves,9,-101.157431267202,19.7060224156424
48032,48038,2024,,2024/01/25,"08:45:00",CAIDA DE MOTOCICLETA,SIN_DATOS,Bueno,Bueno,1,HONDA,BLANCO,1,,,FEMENINO,SIN DATOS,0,0,Morelia,Industrial,enero,jueves,9,-101.194072589278,19.7072846578873
48033,48039,2024,,2024/01/25,"08:45:00",COLISIÓN CONTRA OBJETO FIJO,ASFALTO,Bueno,Bueno,1,NISSAN,BLANCO,1,,20,MASCULINO,SIN DATOS,0,0,Morelia,Mision del Valle,enero,jueves,9,-101.116139665246,19.7669468180732
48034,48040,2024,LEG51345,2024/01/25,"09:32:00",COLISIÓN POR ALCANCE,ASFALTO,Bueno,Bueno,2,TOYOTA,GRIS CON BLANCO,2,,,MASCULINO,SIN DATOS,0,0,Morelia,Lazaro Cardenas,enero,jueves,10,-101.164262853563,19.7086671473416
48035,48041,2024,LEG51354,2024/01/25,10:19:00,COLISIÓN CONTRA OBJETO FIJO,ASFALTO,Bueno,Bueno,1,CHEVROLET,ROJO,1,,0,MASCULINO,SIN DATOS,0,0,Morelia,Tenencia Morelos,enero,jueves,10,-101.249400861561,19.6458493604441
48036,48042,2024,,2024/01/25,11:00:00,COLISIÓN POR CORTE DE CIRCULACIÓN,ASFALTO,Bueno,Regular,2,NISSAN,VERDE,2,,29,FEMENINO,SIN DATOS,0,0,Morelia,Indeco Santiaguito,enero,jueves,11,-101.178946942091,19.7204714792534
48037,48043,2024,MOR240049703,2024/01/25,11:45:00,COLISIÓN POR CAMBIO DE CARRIL,ASFALTO,Bueno,Bueno,2,INTERNATIONAL,NARANJA,1,,58,MASCULINO,SIN DATOS,0,0,Morelia,Tenencia Morelos,enero,jueves,12,-101.24680146575,19.6499781755842
48038,48044,2024,,2024/01/25,13:20:00,COLISIÓN POR CORTE DE CIRCULACIÓN,CONCRETO,Bueno,Bueno,2,MG,GRIS OXFORD,2,MINISTERIO PÚBLICO,48,MASCULINO,SIN DATOS,0,0,Morelia,Melchor Ocampo,enero,jueves,13,-101.203991733491,19.7042715470069
48039,48045,2024,,2024/01/25,15:20:00,COLISIÓN CONTRA OBJETO FIJO,CONCRETO,Bueno,Bueno,1,ITALIKA,NEGRO,2,MINISTERIO PÚBLICO,38,MASCULINO,SIN DATOS,0,1,Pátzcuaro,General Manuel Garcia Pueblita,enero,jueves,15,-101.602112688124,19.5123907841023
48040,48046,2024,MOR  240050549,2024/01/25,16:40:00,COLISIÓN POR CAMBIO DE CARRIL,ASFALTO,Bueno,Regular,2,HONDA,GRIS,2,MINISTERIO PÚBLICO,45,FEMENINO,SIN DATOS,0,0,Morelia,Indeco El Vivero,enero,jueves,17,-101.231861226261,19.6776980993009
48041,48047,2024,MOR240050850,2024/01/25,19:45:00,COLISIÓN POR INVASIÓN DE CARRIL,ASFALTO,Bueno,Bueno,2,PULSAR,NEGRO,3,MINISTERIO PÚBLICO,,,SIN DATOS,2,0,Morelia,San Isidro Itzicuaro Norte,enero,jueves,20,-101.27138659358,19.6987978678094
48042,48048,2024,LEG51371,2024/01/26,"00:00:00",COLISIÓN POR ALCANCE,ASFALTO,Bueno,Bueno,2,NISSAN,ROJO,2,,35,MASCULINO,SIN DATOS,0,0,Morelia,Tierra Y Libertad,enero,viernes,0,-101.227743502573,19.7169080623381
48043,48049,2024,,2024/01/26,"08:35:00",COLISIÓN POR ALCANCE,ASFALTO,Bueno,Bueno,2,NISSAN,ROJO,2,,46,FEMENINO,SIN DATOS,0,0,Morelia,Loma de Los Piñones,enero,viernes,9,-101.205067969859,19.6740170350576
48044,48050,2024,,2024/01/26,10:20:00,COLISIÓN POR CORTE DE CIRCULACIÓN,ASFALTO,Bueno,Bueno,2,NISSAN,ARENA,2,,51,FEMENINO,SIN DATOS,0,0,Morelia,Ana Maria Gallaga (Riviera Norte),enero,viernes,10,-101.223939992487,19.6767882592144
48045,48051,2024,,2024/01/26,10:55:00,COLISIÓN POR ALCANCE,ASFALTO,Bueno,Bueno,2,NISSAN,BLANCO ROJO,2,,58,MASCULINO,SIN DATOS,0,0,Morelia,Diego Rivera,enero,viernes,11,-101.176355928183,19.7184452361112
48046,48052,2024,,2024/01/26,11:51:00,COLISIÓN POR CORTE DE CIRCULACIÓN,ASFALTO,Bueno,Bueno,2,VOLKSWAGEN,NEGRO,2,MINISTERIO PÚBLICO,,MASCULINO,SIN DATOS,0,0,Morelia,3 de Agosto,enero,viernes,12,-101.172498911619,19.7314528283177
48047,48053,2024,,2024/01/26,12:00:00,COLISIÓN POR ALCANCE,ASFALTO,Bueno,Bueno,2,RENAULT,GRIS,2,,61,FEMENINO,SIN DATOS,0,0,Morelia,Felix Ireta,enero,viernes,12,-101.195729188621,19.6815271371911
48048,48054,2024,,2024/01/26,12:45:00,COLISIÓN POR INVASIÓN DE CARRIL,ASFALTO,Bueno,Bueno,2,VOLKSWAGEN,PLATA,2,,30,MASCULINO,SIN DATOS,0,0,Charo,San Bartolo,enero,viernes,13,-101.046379767358,19.7524887058923
48049,48055,2024,,2024/01/26,15:20:00,VOLCADURA,ASFALTO,Bueno,Bueno,1,ISUZU,BLANCO,1,,,,SIN DATOS,0,0,Charo,Sin datos,enero,viernes,15,-101.001238189638,19.6596742846149
48050,48056,2024,,2024/01/26,15:40:00,COLISIÓN POR CAMBIO DE CARRIL,ASFALTO,Bueno,Bueno,2,RAM,BLANCO,2,,46,MASCULINO,SIN DATOS,0,0,Morelia,Isaac Arriaga,enero,viernes,16,-101.166313402355,19.7101361082019
48051,48057,2024,,2024/01/26,17:10:00,COLISIÓN POR ALCANCE,ASFALTO,Bueno,Bueno,2,NISSAN,BCO/ROJO,2,,22,MASCULINO,SIN DATOS,0,0,Morelia,Felix Ireta,enero,viernes,17,-101.192215830088,19.682364026598
48052,48058,2024,,2024/01/26,18:10:00,COLISIÓN POR CORTE DE CIRCULACIÓN,ASFALTO,Bueno,Bueno,2,NISSAN,GRIS,0,MINISTERIO PÚBLICO,,,,0,0,Lázaro Cárdenas,Bassols,enero,viernes,18,-102.229802571237,17.9739370184369
48053,48059,2024,,2024/01/26,19:20:00,SALIDA DE SUPERFICIE DE RODAMIENTO,ASFALTO,Bueno,Regular,1,DINA,AMARILLO,1,,,MASCULINO,SIN DATOS,0,0,Morelia,Ciudad Jardin,enero,viernes,19,-101.25021956,19.7029452599991
48054,48060,2024,,2024/01/26,19:20:00,COLISIÓN POR ALCANCE,ASFALTO,Bueno,Bueno,2,HONDA,GRIS,2,,55,MASCULINO,SIN DATOS,0,0,Morelia,Diego Rivera,enero,viernes,19,-101.177715808153,19.7194886598528
48055,48061,2024,,2024/01/26,19:34:00,COLISIÓN POR CAMBIO DE CARRIL,CONCRETO,Bueno,Bueno,2,DATSUN,ROJO,2,,56,MASCULINO,SIN DATOS,0,0,Morelia,Primo Tapia,enero,viernes,20,-101.212578825653,19.7148446459906
48056,48062,2024,,2024/01/27,"03:00:00",COLISIÓN CONTRA OBJETO FIJO,ASFALTO,Bueno,Bueno,1,CHRYSLER,GRIS,1,,49,MASCULINO,SIN DATOS,0,0,Charo,Sin datos,enero,sábado,3,-101.079730689526,19.6867258196104
48057,48063,2024,MOR240053862,2024/01/27,"09:30:00",COLISIÓN POR ALCANCE,ASFALTO,Bueno,Bueno,2,FORD,ROJO,2,,60,MASCULINO,SIN DATOS,0,0,Morelia,Clara Cordova Moran,enero,sábado,10,-101.180836558342,19.737396864922
48058,48064,2024,,2024/01/27,10:10:00,COLISIÓN POR CORTE DE CIRCULACIÓN,CONCRETO,Bueno,Bueno,3,JEEP,NEGRO,2,MINISTERIO PÚBLICO,62,MASCULINO,SIN DATOS,0,0,Morelia,Adolfo Lopez Mateos,enero,sábado,10,-101.224690675735,19.6944111505866
48059,48065,2024,,2024/01/27,13:30:00,COLISIÓN POR CORTE DE CIRCULACIÓN,CONCRETO,Bueno,Bueno,2,CHEVROLET,BLANCO,2,,,MASCULINO,SIN DATOS,0,0,Morelia,Vista Bella,enero,sábado,14,-101.195276230574,19.6810592853795
48060,48066,2024,,2024/01/27,15:00:00,COLISIÓN POR CORTE DE CIRCULACIÓN,ASFALTO,Bueno,Bueno,2,HONDA,BLANCO,2,MINISTERIO PÚBLICO,35,MASCULINO,SIN DATOS,0,0,Morelia,Libertad,enero,sábado,15,-101.238106414676,19.6873540191377
48061,48067,2024,LEG51378,2024/01/27,16:40:00,COLISIÓN POR ALCANCE,ASFALTO,Bueno,Bueno,2,VOLKSWAGEN,ARENA,2,MINISTERIO PÚBLICO,29,MASCULINO,SIN DATOS,0,0,Morelia,Ana Maria Gallaga (Riviera Norte),enero,sábado,17,-101.223155111074,19.6767838394373
48062,48068,2024,MOR240055023,2024/01/27,17:51:00,COLISIÓN POR ALCANCE,ASFALTO,Bueno,Bueno,3,CHEVROLET,AZUL,3,,56,MASCULINO,SIN DATOS,0,0,Morelia,La Soledad,enero,sábado,18,-101.183341406286,19.7277146150224
48063,48069,2024,MOR240005134,2024/01/27,19:45:00,COLISIÓN POR CAMBIO DE CARRIL,ASFALTO,Bueno,Bueno,2,VOLKSWAGEN,ROJO,2,MINISTERIO PÚBLICO,64,MASCULINO,SIN DATOS,0,0,Morelia,La Quemada,enero,sábado,20,-101.241287849844,19.7056919394709
48064,48070,2024,MOR230005134,2024/01/27,20:30:00,COLISIÓN POR CAMBIO DE CARRIL,ASFALTO,Bueno,Bueno,2,HONDA,GRIS,2,,,MASCULINO,SIN DATOS,0,0,Morelia,San Isidro Itzicuaro Norte,enero,sábado,21,-101.264961361885,19.7024404846927
48065,48071,2024,,2024/01/27,21:30:00,COLISIÓN POR INVASIÓN DE CARRIL,ASFALTO,Bueno,Bueno,2,NISSAN,BLANCO,2,,34,MASCULINO,SIN DATOS,0,0,Morelia,Hospitales de Don Vasco,enero,sábado,22,-101.155017949641,19.7016930289955
48066,48072,2024,,2024/01/27,22:20:00,COLISIÓN CONTRA OBJETO FIJO,CONCRETO,Bueno,Bueno,2,ITALIKA,NEGRO,1,MINISTERIO PÚBLICO,42,MASCULINO,SIN DATOS,0,0,Morelia,Arboledas de Valladolid,enero,sábado,22,-101.250228658319,19.6977808242675
48067,48073,2024,,2024/01/27,23:10:00,COLISIÓN POR CORTE DE CIRCULACIÓN,ASFALTO,Bueno,Bueno,2,NISSAN,GRIS,0,MINISTERIO PÚBLICO,,,,0,0,Lázaro Cárdenas,Ejidal,enero,sábado,23,-102.215965390205,18.0127952374043
48068,48074,2024,,2024/01/28,"00:00:00",CAIDA DE MOTOCICLETA,SIN_DATOS,Bueno,Bueno,1,ITALIKA,NEGRO,0,MINISTERIO PÚBLICO,,,,0,0,Lázaro Cárdenas,Polanco,enero,domingo,0,-102.219231650233,17.9826661068591
48069,48075,2024,,2024/01/28,"05:10:00",COLISIÓN POR NO RESPETAR SEMÁFORO,CONCRETO,Bueno,Bueno,2,BAJAJ,NEGRO,1,MINISTERIO PÚBLICO,,,,1,0,Morelia,Morelia 450,enero,domingo,5,-101.21476566419,19.674379113503
48070,48076,2024,LEG51386,2024/01/28,"05:36:00",SALIDA DE SUPERFICIE DE RODAMIENTO,CONCRETO,Bueno,Bueno,1,LINCOLN,VERDE,1,,,,SIN DATOS,0,0,Morelia,Ampliacion La Soledad,enero,domingo,6,-101.189921535552,19.7323049204149
48071,48077,2024,,2024/01/28,"06:20:00",COLISIÓN POR CORTE DE CIRCULACIÓN,ASFALTO,Bueno,Bueno,2,VOLKSWAGEN,AZUL,0,MINISTERIO PÚBLICO,,,,0,0,Lázaro Cárdenas,Centro,enero,domingo,6,-102.190782800317,17.9542334350541
48072,48078,2024,MOR240055982,2024/01/28,"07:40:00",COLISIÓN POR ALCANCE,ASFALTO,Bueno,Bueno,2,HONDA,CIVIC,2,,32,MASCULINO,SIN DATOS,0,0,Morelia,Centro,enero,domingo,8,-101.178186200559,19.6990437628414
48073,48079,2024,,2024/01/28,10:20:00,COLISIÓN POR CAMBIO DE CARRIL,ASFALTO,Bueno,Bueno,2,BAJAJ,NEGRO,2,,22,FEMENINO,SIN DATOS,0,0,Morelia,La Esperanza,enero,domingo,10,-101.25229831785,19.6982195868614
48074,48080,2024,,2024/01/28,10:30:00,COLISIÓN POR CAMBIO DE CARRIL,ASFALTO,Bueno,Regular,2,DINA,BLANCO Y AZUL,2,,49,MASCULINO,SIN DATOS,0,0,Morelia,Felix Arreguin,enero,domingo,11,-101.226977594197,19.720833801644
48075,48081,2024,LEG51391,2024/01/28,13:15:00,COLISIÓN POR MANIOBRA DE REVERSA,SIN_DATOS,Bueno,Bueno,2,RAM,BLANCO CON AZUL,2,,,MASCULINO,SIN DATOS,0,0,Morelia,Centro,enero,domingo,13,-101.19195766747,19.6959815693959
48076,48082,2024,,2024/01/28,14:15:00,COLISIÓN POR CAMBIO DE CARRIL,ASFALTO,Bueno,Bueno,2,VOLKSWAGEN,NEGRO,2,,25,MASCULINO,SIN DATOS,0,0,Morelia,Centro,enero,domingo,14,-101.200134381652,19.6983742582803
48077,48083,2024,LEG51392,2024/01/28,17:31:00,COLISIÓN POR INVASIÓN DE CARRIL,ASFALTO,Bueno,Bueno,2,NISSAN,ROJO,2,,,MASCULINO,SIN DATOS,0,0,Morelia,Alberto Oviedo Mota,enero,domingo,18,-101.201972365379,19.6777372456703
48078,48084,2024,LEG51393,2024/01/28,19:05:00,COLISIÓN POR CORTE DE CIRCULACIÓN,ASFALTO,Bueno,Bueno,2,KIA,ROJO,1,,19,FEMENINO,SIN DATOS,0,0,Morelia,Vasco de Quiroga,enero,domingo,19,-101.175940856338,19.698257149934
48079,48085,2024,,2024/01/29,"00:00:00",COLISIÓN POR INVASIÓN DE CARRIL,ASFALTO,Bueno,Bueno,2,FORD,NEGRO,2,,41,MASCULINO,SIN DATOS,0,0,Charo,Sin datos,enero,lunes,0,-101.010704040527,19.7003082697084
48080,48086,2024,LEG51414,2024/01/29,"07:50:00",COLISIÓN POR INVASIÓN DE CARRIL,ASFALTO,Bueno,Bueno,2,ITALIKA,AZUL Y NEGRO,2,MINISTERIO PÚBLICO,14,MASCULINO,SIN DATOS,0,0,Morelia,Loma Dorada,enero,lunes,8,-101.255028471351,19.6977445237112
48081,48087,2024,,2024/01/29,"08:10:00",COLISIÓN POR ALCANCE,CONCRETO,Bueno,Bueno,2,VOLKSWAGEN,ROJO,2,,35,FEMENINO,SIN DATOS,0,0,Morelia,San Jose del Cerrito,enero,lunes,8,-101.221550144255,19.6621647598052
48082,48088,2024,,2024/01/29,"08:50:00",COLISIÓN POR CAMBIO DE CARRIL,ASFALTO,Bueno,Bueno,2,GMC,ROJA,2,,,,SIN DATOS,0,0,Morelia,Ocolusen Iii,enero,lunes,9,-101.152993217111,19.6864508631625
48083,48089,2024,LEG51413,2024/01/29,"09:07:00",COLISIÓN POR CORTE DE CIRCULACIÓN,CONCRETO,Bueno,Bueno,2,RAM,BLANCO,3,MINISTERIO PÚBLICO,16,MASCULINO,SIN DATOS,1,0,Morelia,Dieciocho de Mayo,enero,lunes,9,-101.152820549905,19.7056925707536
48084,48090,2024,LEG51412,2024/01/29,"09:50:00",CAIDA DE MOTOCICLETA,CONCRETO,Bueno,Bueno,1,ITALIKA,GRAFITO,1,,,,,1,0,Morelia,Rafael Carrillo,enero,lunes,10,-101.235493943095,19.7089256526053
48085,48091,2024,LEG51411,2024/01/29,12:16:00,COLISIÓN POR CORTE DE CIRCULACIÓN,ASFALTO,Bueno,Bueno,2,NISSAN,BLANCO Y VERDE,2,,28,MASCULINO,SIN DATOS,0,0,Morelia,Sentimientos de La Nacion,enero,lunes,12,-101.235528476536,19.6854469997925
48086,48092,2024,LEG51410,2024/01/29,12:30:00,COLISIÓN POR CORTE DE CIRCULACIÓN,ASFALTO,Bueno,Bueno,2,TOYOTA,GRIS,2,,53,FEMENINO,SIN DATOS,0,0,Morelia,Nueva Chapultepec,enero,lunes,13,-101.172555908561,19.6888168621541
48087,48093,2024,,2024/01/29,13:15:00,COLISIÓN POR CORTE DE CIRCULACIÓN,ASFALTO,Bueno,Bueno,2,CHEVROLET,BLANCO,2,,52,MASCULINO,SIN DATOS,0,0,Morelia,Ana Maria Gallaga (Riviera Norte),enero,lunes,13,-101.221800595522,19.6768109894946
48088,48094,2024,,2024/01/29,14:05:00,COLISIÓN POR ALCANCE,ASFALTO,Nublado,Bueno,3,CUPRA,NEGRO,4,MINISTERIO PÚBLICO,17,MASCULINO,SIN DATOS,1,0,Morelia,Felix Ireta,enero,lunes,14,-101.188527792692,19.6817566429445
48089,48095,2024,MOR240059326,2024/01/29,16:35:00,COLISIÓN POR CAMBIO DE CARRIL,ASFALTO,Bueno,Bueno,2,NISSAN,BLANCO,2,,71,MASCULINO,CON CERTIFICADO,0,0,Morelia,Dieciocho de Mayo,enero,lunes,17,-101.155013591051,19.70596433774
48090,48096,2024,MOR240058696,2024/01/29,17:50:00,COLISIÓN POR CORTE DE CIRCULACIÓN,ASFALTO,Bueno,Bueno,2,RAM,BLANCO,1,MINISTERIO PÚBLICO,38,FEMENINO,SIN DATOS,0,0,Morelia,Chapultepec Sur,enero,lunes,18,-101.171596915,19.6909445849991
48091,48097,2024,,2024/01/29,18:30:00,COLISIÓN CONTRA OBJETO FIJO,CONCRETO,Bueno,Bueno,1,KENWORTH,BLANCO,1,,,MASCULINO,SIN DATOS,0,0,Morelia,Loma de Los Piñones,enero,lunes,19,-101.20506696403,19.6740201920958
48092,48098,2024,LEG51407,2024/01/29,19:50:00,COLISIÓN POR CAMBIO DE CARRIL,ASFALTO,Bueno,Bueno,2,MERCEDES BENZ,AMARILLO,0,MINISTERIO PÚBLICO,,,,0,0,Morelia,Ignacio Zaragoza,enero,lunes,20,-101.202722713351,19.7251995956291
48093,48099,2024,MOR240059909,2024/01/29,20:36:00,COLISIÓN POR CAMBIO DE CARRIL,ASFALTO,Bueno,Bueno,2,VOLKSWAGEN,ROJO,2,,,,SIN DATOS,0,0,Morelia,Valle Quieto,enero,lunes,21,-101.204499341547,19.6837356823522
48094,48100,2024,,2024/01/30,"07:40:00",COLISIÓN POR NO RESPETAR SEMÁFORO,ASFALTO,Nublado,Bueno,2,KIA,BLANCO,3,MINISTERIO PÚBLICO,20,MASCULINO,SIN DATOS,1,0,Morelia,Morelos,enero,martes,8,-101.209211647511,19.6981649783451
48097,48103,2024,LEG51421,2024/01/30,10:37:00,COLISIÓN POR ALCANCE,ASFALTO,Bueno,Bueno,2,CHEVROLET,BLANCO,2,MINISTERIO PÚBLICO,,FEMENINO,SIN DATOS,0,0,Morelia,Leandro Valle,enero,martes,11,-101.228937618434,19.7186014660523
48098,48104,2024,,2024/01/30,17:50:00,COLISIÓN CONTRA OBJETO FIJO,ASFALTO,Nublado,Regular,2,CHEVROLET,ARENA,2,,36,MASCULINO,SIN DATOS,0,0,Morelia,Lomas de Guayangareo,enero,martes,18,-101.162121444941,19.7022662470213
48099,48105,2024,,2024/01/30,19:05:00,COLISIÓN POR ALCANCE,ASFALTO,Bueno,Bueno,2,MAZDA 3S,BLA,2,,17,MASCULINO,SIN DATOS,0,0,Morelia,Loma de Los Piñones,enero,martes,19,-101.202259361744,19.6767964673715
48100,48106,2024,,2024/01/30,19:31:00,COLISIÓN POR NO RESPETAR SEMÁFORO,ASFALTO,Bueno,Bueno,2,NISSAN,GRIS,3,MINISTERIO PÚBLICO,49,MASCULINO,SIN DATOS,1,0,Morelia,Vicente Lombardo Toledano (Ejidal Isacc Arriaga) (Etnias de Mexico),enero,martes,20,-101.155400499701,19.7155402782418
48101,48107,2024,,2024/01/30,21:25:00,COLISIÓN POR ALCANCE,ASFALTO,Bueno,Bueno,2,NISSAN MARCH,BLANCO,2,,29,MASCULINO,SIN DATOS,0,0,Morelia,Sentimientos de La Nacion,enero,martes,21,-101.235284395516,19.6811887182036
48102,48108,2024,,2024/01/30,23:45:00,COLISIÓN CONTRA OBJETO FIJO,ASFALTO,Bueno,Bueno,1,VOLKSWAGEN,BLANCO,1,,40,MASCULINO,SIN DATOS,0,0,Morelia,Sin datos,enero,martes,0,-101.244653016329,19.6531274466392
48103,48109,2024,,2024/01/31,"00:00:00",COLISIÓN POR ALCANCE,ASFALTO,Bueno,Bueno,2,MB,NEGRO,2,,,MASCULINO,SIN DATOS,0,0,Morelia,Vasco de Quiroga,enero,miércoles,0,-101.167257204652,19.6990961614772
48104,48110,2024,,2024/01/31,"09:10:00",COLISIÓN POR INVASIÓN DE CARRIL,ASFALTO,Bueno,Bueno,2,VOLKSWAGEN,BLANCO,2,,29,MASCULINO,SIN DATOS,0,0,Morelia,Country Club  Las Huertas,enero,miércoles,9,-101.22926518321,19.6637168670202
48105,48111,2024,,2024/01/31,"09:20:00",COLISIÓN CONTRA OBJETO FIJO,ASFALTO,Bueno,Bueno,1,NISSAN,ROJO,1,,22,FEMENINO,SIN DATOS,0,0,Morelia,Country Club  Las Huertas,enero,miércoles,9,-101.229264512658,19.6637171827443
48106,48112,2024,,2024/01/31,10:50:00,COLISIÓN POR CORTE DE CIRCULACIÓN,ASFALTO,Bueno,Bueno,2,CHEVROLET,PLATA,2,,28,MASCULINO,SIN DATOS,0,0,Morelia,Granjas de La Huerta,enero,miércoles,11,-101.231399551034,19.6628363100719
48107,48113,2024,,2024/01/31,11:00:00,COLISIÓN POR CORTE DE CIRCULACIÓN,ASFALTO,Bueno,Bueno,2,CHRYSLER,BLANCO/MORADO,2,,60,MASCULINO,SIN DATOS,0,0,Morelia,Arcos del Valle,enero,miércoles,11,-101.236249990761,19.707623337345
48108,48114,2024,MOR 2400626|,2024/01/31,11:00:00,COLISIÓN POR CORTE DE CIRCULACIÓN,ASFALTO,Bueno,Bueno,2,NISSAN,BLANCO Y ROJO,2,,28,MASCULINO,SIN DATOS,0,0,Morelia,Chapultepec Norte,enero,miércoles,11,-101.164484135807,19.6959339046497
48109,48115,2024,LEG51433,2024/01/31,12:30:00,COLISIÓN POR CORTE DE CIRCULACIÓN,ASFALTO,Bueno,Bueno,2,NISSAN,ROJO,1,,43,FEMENINO,SIN DATOS,0,0,Morelia,Mariano Escobedo,enero,miércoles,13,-101.213276535273,19.7206561122815
48110,48116,2024,,2024/01/31,15:20:00,COLISIÓN POR CORTE DE CIRCULACIÓN,ASFALTO,Bueno,Bueno,2,NISSAN,ARENA,2,,36,,SIN DATOS,0,0,Morelia,Josefa Ortiz de Dominguez,enero,miércoles,15,-101.210319399834,19.6720318771508
48111,48117,2024,,2024/01/31,20:00:00,COLISIÓN POR ALCANCE,ASFALTO,Bueno,Bueno,3,PEUGEOT,GRIS,3,,43,MASCULINO,SIN DATOS,0,0,Morelia,Josefa Ortiz de Dominguez,enero,miércoles,20,-101.210071966052,19.6719649470982
48112,48118,2024,LEG51432,2024/01/31,23:20:00,COLISIÓN POR CORTE DE CIRCULACIÓN,ASFALTO,Nublado,Regular,3,TOYOTA,BLANCO Y ROJO,3,,60,MASCULINO,SIN DATOS,0,0,Morelia,Vasco de Quiroga,enero,miércoles,23,-101.170933842659,19.7024935135115
48113,48119,2024,,2024/02/01,"06:30:00",COLISIÓN POR CAMBIO DE CARRIL,ASFALTO,Bueno,Bueno,1,ITALIKA,NEGRO,1,,,MASCULINO,SIN DATOS,0,0,Morelia,Union,febrero,jueves,7,-101.156878396869,19.7145662659931
48114,48120,2024,,2024/02/01,11:40:00,COLISIÓN CONTRA OBJETO FIJO,CONCRETO,Bueno,Bueno,1,RAM,BLANCO,1,,,MASCULINO,SIN DATOS,0,0,Morelia,Los Manantiales de Morelia,febrero,jueves,12,-101.240123435855,19.7009162142857
48115,48121,2024,,2024/02/01,11:49:00,COLISIÓN POR CORTE DE CIRCULACIÓN,ASFALTO,Bueno,Bueno,2,FREIGHTLINER,BLANCO,2,,28,MASCULINO,SIN DATOS,0,0,Morelia,Los Manantiales de Morelia,febrero,jueves,12,-101.240272969007,19.6927441223254
48116,48122,2024,,2024/02/01,12:25:00,COLISIÓN POR CORTE DE CIRCULACIÓN,ASFALTO,Bueno,Bueno,2,VOLKSWAGEN,ROJO,2,,23,FEMENINO,SIN DATOS,0,0,Morelia,Felix Ireta,febrero,jueves,12,-101.181037724018,19.6881694121352
48117,48123,2024,,2024/02/01,12:35:00,COLISIÓN POR CAMBIO DE CARRIL,ASFALTO,Nublado,Bueno,2,TOYOTA/HIACE,BLANCO GUINDA,2,,35,MASCULINO,SIN DATOS,0,0,Morelia,Industrial,febrero,jueves,13,-101.197813935578,19.7090231837867
48118,48124,2024,,2024/02/01,18:00:00,COLISIÓN POR ALCANCE,CONCRETO,Bueno,Bueno,2,CUPRA,BLANCO,2,,22,MASCULINO,SIN DATOS,0,0,Morelia,Felix Ireta,febrero,jueves,18,-101.191789358854,19.6824195875657
48119,48125,2024,LEG51442,2024/02/01,19:00:00,COLISIÓN POR CAMBIO DE CARRIL,CONCRETO,Bueno,Bueno,2,MG,NEGRO,2,MINISTERIO PÚBLICO,49,FEMENINO,SIN DATOS,0,0,Morelia,Balcones de Morelia,febrero,jueves,19,-101.200950108469,19.6715999883952
48120,48126,2024,,2024/02/01,19:20:00,COLISIÓN POR ALCANCE,ASFALTO,Bueno,Bueno,2,KENWORTH T3,AZUL,2,,65,MASCULINO,SIN DATOS,0,0,Morelia,Campestre Los Manantiales,febrero,jueves,19,-101.238159388304,19.6877716599722
48121,48127,2024,,2024/02/01,22:00:00,COLISIÓN POR ALCANCE,CONCRETO,Bueno,Bueno,2,MERCEDES BENZ,CREMA NARANJA,2,,32,MASCULINO,SIN DATOS,0,0,Morelia,Tinijaro,febrero,jueves,22,-101.264480575919,19.6962135797127