fid,id_accidente,anio_origen,folio_c5i,dia_incidente,hora_ocurrencia,tipo_incidente_vial,superficie_ocurrencia,condiciones_climaticas,condiciones_via,numero_vehiculos_involucrados,marca_vehiculo_ocasiona_siniestro,color_vehiculo_ocasiona_siniestro,numero_personas_involucradas,lugar_remite_presunto_responsable,edad_presunto_responsable,sexo_presunto_responsable,resultados_toxicologia,numero_personas_lesionadas,numero_personas_fallecidas,municipio,colonia,mes,dia_semana,hora_redondeada,lon,lat
48122,48128,2024,,2024/02/02,"05:30:00",COLISIÓN POR CORTE DE CIRCULACIÓN,ASFALTO,Bueno,Bueno,2,VOLVO,BLANCO,0,MINISTERIO PÚBLICO,,,,0,0,Lázaro Cárdenas,Centro,febrero,viernes,6,-102.194414846599,17.9568704873876
48123,48129,2024,,2024/02/02,"07:45:00",COLISIÓN POR ALCANCE,ASFALTO,Bueno,Bueno,2,NISSAN,BLANCO /AZUL/ ROJO,2,,,MASCULINO,SIN DATOS,0,0,Morelia,Xangari,febrero,viernes,8,-101.219623120327,19.6720670459846
48124,48130,2024,LEG51447,2024/02/02,11:20:00,COLISIÓN POR CORTE DE CIRCULACIÓN,ASFALTO,Bueno,Bueno,2,CHEVROLET,GRIS,2,,44,MASCULINO,SIN DATOS,0,0,Morelia,Ciudad Industrial,febrero,viernes,11,-101.134310290217,19.7330048948926
48125,48131,2024,,2024/02/02,11:30:00,COLISIÓN POR CORTE DE CIRCULACIÓN,CONCRETO,Bueno,Regular,2,FORD,VERDE,2,,58,MASCULINO,SIN DATOS,0,0,Morelia,Ciudad Jardin,febrero,viernes,12,-101.257847473025,19.7052995967687
48126,48132,2024,LEG51448,2024/02/02,12:20:00,COLISIÓN POR ALCANCE,ASFALTO,Bueno,Bueno,2,CHEVROLET,PLATA,2,MINISTERIO PÚBLICO,31,MASCULINO,SIN DATOS,0,0,Morelia,Infonavit Cepamisa,febrero,viernes,12,-101.214666254818,19.694866968206
48127,48133,2024,MOR240067068,2024/02/02,14:50:00,COLISIÓN POR CORTE DE CIRCULACIÓN,ASFALTO,Bueno,Bueno,2,VOLKSWAGEN,BLANCO,2,,33,FEMENINO,SIN DATOS,0,0,Morelia,El Eden,febrero,viernes,15,-101.249640919268,19.6460321849589
48128,48134,2024,,2024/02/02,18:10:00,COLISIÓN POR CAMBIO DE CARRIL,ASFALTO,Bueno,Bueno,2,MERCEDES BENZ,GRIS,2,,47,MASCULINO,SIN DATOS,0,0,Morelia,La Camelina,febrero,viernes,18,-101.223467923701,19.6684656029649
48129,48135,2024,,2024/02/02,19:20:00,COLISIÓN POR CORTE DE CIRCULACIÓN,CONCRETO,Bueno,Bueno,2,ITALIKA,AZUL,2,,17,MASCULINO,SIN DATOS,0,0,Morelia,Agustin Arriaga Rivera,febrero,viernes,19,-101.219333298504,19.6927311799816
48130,48136,2024,,2024/02/02,19:55:00,COLISIÓN POR INVASIÓN DE CARRIL,ASFALTO,Bueno,Bueno,3,FORD,ROJO,5,MINISTERIO PÚBLICO,66,MASCULINO,SIN DATOS,2,0,Áporo,Sin datos,febrero,viernes,20,-100.372925028205,19.6519844458428
48131,48137,2024,,2024/02/02,21:10:00,COLISIÓN POR CORTE DE CIRCULACIÓN,ASFALTO,Bueno,Bueno,2,PONTIAC,ROJO,0,MINISTERIO PÚBLICO,,,,0,0,Lázaro Cárdenas,El Palmar 77,febrero,viernes,21,-102.214779183269,17.9752971798781
48132,48138,2024,,2024/02/02,21:30:00,SALIDA DE SUPERFICIE DE RODAMIENTO,ASFALTO,Bueno,Bueno,1,HYUNDAI,AZUL,0,MINISTERIO PÚBLICO,,,,0,0,Hidalgo,Sin datos,febrero,viernes,22,-100.742512308061,19.6925556690704
48133,48139,2024,LEG51691,2024/02/02,23:00:00,COLISIÓN POR ALCANCE,ASFALTO,Bueno,Bueno,2,VOLKSWAGEN,ROJO,2,,21,,ALIENTO ETÍLICO,0,0,Morelia,Libertad,febrero,viernes,23,-101.238004155457,19.6874594553998
48134,48140,2024,LEG51451,2024/02/03,"00:39:00",COLISIÓN POR INVASIÓN DE CARRIL,ASFALTO,Bueno,Bueno,2,NISSAN,ROJO,2,,28,MASCULINO,SIN DATOS,0,0,Morelia,Ana Maria Gallaga (Riviera Norte),febrero,sábado,1,-101.222829893231,19.6766490361777
48135,48141,2024,,2024/02/03,11:40:00,COLISIÓN POR ALCANCE,ASFALTO,Bueno,Bueno,2,DODGE,AMARILLO,2,,37,MASCULINO,SIN DATOS,0,0,Morelia,Jardines del Rincon,febrero,sábado,12,-101.150461211801,19.6908422179071
48136,48142,2024,MOR2208971,2024/02/03,12:10:00,COLISIÓN POR CORTE DE CIRCULACIÓN,ASFALTO,Bueno,Bueno,2,NISSAN,NARANJA,2,MINISTERIO PÚBLICO,,MASCULINO,SIN DATOS,0,0,Morelia,Morelos,febrero,sábado,12,-101.206285692751,19.6977865060929
48137,48143,2024,LEG51450,2024/02/03,12:30:00,COLISIÓN POR CORTE DE CIRCULACIÓN,ASFALTO,Bueno,Bueno,3,S/D,S/D,4,MINISTERIO PÚBLICO,22,MASCULINO,SIN DATOS,2,0,Morelia,San Jose Itzicuaro,febrero,sábado,13,-101.304171569645,19.6877653464378
48138,48144,2024,,2024/02/03,16:00:00,COLISIÓN POR INVASIÓN DE CARRIL,ASFALTO,Bueno,Bueno,3,FORD,VERDE,2,MINISTERIO PÚBLICO,,MASCULINO,SIN DATOS,0,0,Charo,San Juan,febrero,sábado,16,-101.056379042566,19.7467692790837
48139,48145,2024,,2024/02/03,21:00:00,COLISIÓN POR ALCANCE,ASFALTO,Bueno,Bueno,2,CHEVROLET,ROJO,2,MINISTERIO PÚBLICO,,MASCULINO,SIN DATOS,0,0,Charo,Sin datos,febrero,sábado,21,-101.079730354249,19.6867251882529
48140,48146,2024,,2024/02/03,21:40:00,COLISIÓN CON PEATÓN,ASFALTO,Bueno,Bueno,1,FORD,AZUL,1,,39,MASCULINO,SIN DATOS,0,0,Morelia,Bosques Tres Marias,febrero,sábado,22,-101.105249896646,19.7292619839932
48141,48147,2024,,2024/02/04,"00:00:00",COLISIÓN CONTRA OBJETO FIJO,ASFALTO,Bueno,Bueno,1,VOLKSWAGEN,Gris,1,,,MASCULINO,SIN DATOS,0,0,Charo,Sin datos,febrero,domingo,0,-101.065912954509,19.7443763678703
48142,48148,2024,MOR2245688,2024/02/04,"01:40:00",COLISIÓN POR INVASIÓN DE CARRIL,ASFALTO,Bueno,Bueno,2,FORD,NEGRO,2,,,MASCULINO,SIN DATOS,0,0,Morelia,Los Laureles,febrero,domingo,2,-101.232202202082,19.7140546389062
48143,48149,2024,LEG51461,2024/02/04,10:50:00,COLISIÓN POR CORTE DE CIRCULACIÓN,ASFALTO,Bueno,Bueno,2,MAZDA 3,GRIS,2,,32,FEMENINO,SIN DATOS,0,0,Morelia,Villas Insurgentes,febrero,domingo,11,-101.258779540658,19.6901130170262
48144,48150,2024,,2024/02/04,12:10:00,COLISIÓN POR NO RESPETAR SEMÁFORO,ASFALTO,Bueno,Bueno,2,HYUNDAI,GRIS,2,MINISTERIO PÚBLICO,22,MASCULINO,SIN DATOS,0,0,Morelia,Centro,febrero,domingo,12,-101.178187206388,19.6990453411138
48145,48151,2024,,2024/02/04,18:30:00,CAIDA DE MOTOCICLETA,ASFALTO,Bueno,Bueno,2,ITALIKA,AMARILLO CON NEGRO,2,,17,MASCULINO,SIN DATOS,0,0,Morelia,Ignacio Zaragoza,febrero,domingo,19,-101.20547734201,19.7247362899601
48146,48152,2024,,2024/02/04,20:30:00,COLISIÓN CONTRA OBJETO FIJO,CONCRETO,Bueno,Bueno,1,DODGE,BLANCO,1,,42,MASCULINO,SIN DATOS,0,0,Morelia,Juarez,febrero,domingo,21,-101.199659630656,19.6934894101603
48147,48153,2024,LEG51466,2024/02/04,21:45:00,COLISIÓN POR ALCANCE,ASFALTO,Bueno,Bueno,2,DODGE,NEGRO,2,,32,MASCULINO,SIN DATOS,0,0,Morelia,Libertad,febrero,domingo,22,-101.238106414676,19.6873537034602
48148,48154,2024,,2024/02/04,23:55:00,COLISIÓN POR ALCANCE,CONCRETO,Bueno,Bueno,2,VOLKSWAGEN,BLANCO,2,,42,MASCULINO,SIN DATOS,0,0,Morelia,Comision Federal de Electricidad,febrero,domingo,0,-101.177607513964,19.6817364388749
48149,48155,2024,LEG51465,2024/02/05,"01:10:00",COLISIÓN POR ALCANCE,ASFALTO,Bueno,Bueno,2,NISSAN,AZUL,2,,32,MASCULINO,SIN DATOS,0,0,Morelia,El Durazno,febrero,lunes,1,-101.180472113192,19.6568554039671
48150,48156,2024,LEG51464,2024/02/05,"02:10:00",SALIDA DE SUPERFICIE DE RODAMIENTO,ASFALTO,Bueno,Bueno,1,VOLKSWAGEN,ROJO,0,,,,,0,0,Morelia,La Morita,febrero,lunes,2,-101.202613413334,19.6511991806322
48151,48157,2024,,2024/02/05,"08:30:00",COLISIÓN CON PEATÓN,CONCRETO,Bueno,Bueno,1,CHEVROLET,GRIS,2,,,,SIN DATOS,1,0,Morelia,Lomas del Durazno,febrero,lunes,9,-101.193208917975,19.6637288645358
48152,48158,2024,,2024/02/05,"09:30:00",COLISIÓN POR CAMBIO DE CARRIL,ASFALTO,Bueno,Bueno,2,VENTO TORNADO,ROJO,2,,22,MASCULINO,SIN DATOS,0,0,Morelia,Bosques de Oriente,febrero,lunes,10,-101.155454143882,19.7156002463976
48153,48159,2024,,2024/02/05,11:00:00,COLISIÓN POR ALCANCE,ASFALTO,Bueno,Bueno,2,NISSAN,BLANCO,2,,54,MASCULINO,SIN DATOS,0,0,Morelia,Centro,febrero,lunes,11,-101.19156036526,19.7029395230602
48154,48160,2024,,2024/02/05,11:05:00,COLISIÓN POR CORTE DE CIRCULACIÓN,CONCRETO,Bueno,Bueno,2,TOYOTA,BLANCO,2,,34,MASCULINO,SIN DATOS,0,0,Morelia,Ventura Puente,febrero,lunes,11,-101.191910728812,19.6924013076962
48155,48161,2024,,2024/02/05,13:40:00,COLISIÓN POR ALCANCE,ASFALTO,Bueno,Bueno,3,VOLKSWAGEN,AZUL,3,MINISTERIO PÚBLICO,29,MASCULINO,SIN DATOS,0,0,Morelia,Loma Dorada,febrero,lunes,14,-101.255851574242,19.6976179451855
48156,48162,2024,MOR2245671,2024/02/05,13:50:00,COLISIÓN CON PEATÓN,ASFALTO,Bueno,Bueno,1,DODGE,GRIS,1,,,MASCULINO,SIN DATOS,0,0,Morelia,Primo Tapia Oriente,febrero,lunes,14,-101.157578453422,19.714267054299
48157,48163,2024,,2024/02/05,15:15:00,COLISIÓN POR CAMBIO DE CARRIL,ASFALTO,Bueno,Bueno,2,CHEVROLET CORSA,GRIS,2,,23,MASCULINO,SIN DATOS,0,0,Charo,Sin datos,febrero,lunes,15,-101.040121167898,19.7551859953266
48158,48164,2024,,2024/02/05,18:15:00,COLISIÓN POR CAMBIO DE CARRIL,ASFALTO,Bueno,Bueno,2,HONDA ACCORD,BLANCO,2,,70,MASCULINO,SIN DATOS,0,0,Morelia,Hermanos Lopez Rayon,febrero,lunes,18,-101.220572479069,19.6770351351407
48159,48165,2024,,2024/02/05,20:20:00,COLISIÓN POR CORTE DE CIRCULACIÓN,CONCRETO,Bueno,Bueno,1,FORD,SIN DATO,2,MINISTERIO PÚBLICO,32,MASCULINO,SIN DATOS,1,0,Morelia,Primaveras,febrero,lunes,20,-101.227450333536,19.680682035454
48160,48166,2024,,2024/02/05,20:40:00,COLISIÓN POR CORTE DE CIRCULACIÓN,ASFALTO,Bueno,Bueno,2,NISSAN VERSA,HIERRO,2,,21,MASCULINO,SIN DATOS,0,0,Morelia,Prados Verdes,febrero,lunes,21,-101.201533153653,19.7145277598782
48161,48167,2024,,2024/02/05,22:44:00,COLISIÓN POR CORTE DE CIRCULACIÓN,ASFALTO,Bueno,Bueno,2,KIA,ROJO,2,MINISTERIO PÚBLICO,23,MASCULINO,SIN DATOS,0,0,Pátzcuaro,Centro,febrero,lunes,23,-101.607621610165,19.5152156709414
48162,48168,2024,,2024/02/05,23:20:00,COLISIÓN POR INVASIÓN DE CARRIL,ADOQUIN_EMPEDRADO,Bueno,Bueno,2,SEAT,ROJO,2,MINISTERIO PÚBLICO,23,MASCULINO,SIN DATOS,0,0,Pátzcuaro,Colimillas,febrero,lunes,23,-101.607291698456,19.5136087243623
48163,48169,2024,,2024/02/06,"00:00:00",COLISIÓN POR ALCANCE,ASFALTO,Bueno,Bueno,2,NISSAN,BLANCO,2,,36,MASCULINO,SIN DATOS,0,0,Morelia,Primo Tapia Oriente,febrero,martes,0,-101.15874286741,19.7135168132326
48164,48170,2024,,2024/02/06,"09:05:00",COLISIÓN POR CAMBIO DE CARRIL,ASFALTO,Bueno,Bueno,2,CHRYSLER,AZUL,3,,39,MASCULINO,SIN DATOS,1,0,Morelia,Ana Maria Gallaga (Riviera Norte),febrero,martes,9,-101.224323883653,19.6767980458632
48165,48171,2024,,2024/02/06,"09:10:00",COLISIÓN POR ALCANCE,CONCRETO,Bueno,Bueno,2,NISSAN,NEGRO,2,,35,MASCULINO,SIN DATOS,0,0,Morelia,Isaac Arriaga,febrero,martes,9,-101.173878539064,19.7098514781792
48166,48172,2024,,2024/02/06,10:50:00,COLISIÓN CON PEATÓN,ASFALTO,Bueno,Bueno,1,NISSAN,BLANCO Y ROJO,2,,60,MASCULINO,SIN DATOS,1,0,Morelia,Arcos del Valle,febrero,martes,11,-101.23617388308,19.7075722040525
48167,48173,2024,,2024/02/06,14:55:00,COLISIÓN POR ALCANCE,ASFALTO,Bueno,Bueno,2,VOLKSWAGEN,NEGRO,2,,57,MASCULINO,SIN DATOS,0,0,Morelia,Libertad,febrero,martes,15,-101.238106749952,19.6873524407501
48168,48174,2024,LEG51489,2024/02/06,15:15:00,COLISIÓN CONTRA OBJETO FIJO,ASFALTO,Bueno,Bueno,1,FREIGHTLINER,CREMA,1,,55,,SIN DATOS,0,0,Morelia,Tlalpujahua,febrero,martes,15,-101.217638812959,19.6800427605395
48169,48175,2024,,2024/02/06,15:40:00,COLISIÓN POR CORTE DE CIRCULACIÓN,ASFALTO,Bueno,Bueno,2,NISSAN,BLANCO Y GRIS,3,MINISTERIO PÚBLICO,31,MASCULINO,SIN DATOS,1,0,Morelia,El Lago 1,febrero,martes,16,-101.219310499728,19.7275972125635
48170,48176,2024,LEG51490,2024/02/06,17:20:00,COLISIÓN POR CORTE DE CIRCULACIÓN,ASFALTO,Bueno,Bueno,2,NISSAN,BLANCO,2,,19,MASCULINO,SIN DATOS,0,0,Morelia,Rinconada del Valle,febrero,martes,17,-101.217971071601,19.6802242833054
48171,48177,2024,,2024/02/06,18:50:00,COLISIÓN POR CAMBIO DE CARRIL,ASFALTO,Bueno,Bueno,2,AUDI,BLANCO,2,,,MASCULINO,SIN DATOS,0,0,Morelia,Ejidal Ocolusen,febrero,martes,19,-101.152287125587,19.6843127528849
48172,48178,2024,LEG51491,2024/02/06,19:40:00,COLISIÓN POR MANIOBRA DE REVERSA,CONCRETO,Bueno,Bueno,2,CHEVROLET,VERDE,1,,42,FEMENINO,SIN DATOS,0,0,Morelia,La Huerta,febrero,martes,20,-101.216818727553,19.6714241386196
48173,48179,2024,LEG51492,2024/02/06,20:30:00,COLISIÓN CONTRA OBJETO FIJO,CONCRETO,Bueno,Bueno,2,GENERAL MOTORS,BLANCO Y ROJO,2,,31,MASCULINO,SIN DATOS,0,0,Morelia,El Lago 1,febrero,martes,21,-101.221338249743,19.7277313417098
48174,48180,2024,,2024/02/06,20:45:00,COLISIÓN POR CORTE DE CIRCULACIÓN,ASFALTO,Bueno,Bueno,2,VOLKSWAGEN,GRIS METALICO,3,MINISTERIO PÚBLICO,20,MASCULINO,SIN DATOS,1,0,Morelia,Villas del Real,febrero,martes,21,-101.198741644621,19.73486085385
48175,48181,2024,LEG51493,2024/02/06,22:09:00,COLISIÓN POR ALCANCE,ASFALTO,Bueno,Regular,2,NISSAN,NEGRO,1,,30,MASCULINO,SIN DATOS,0,0,Morelia,Centro,febrero,martes,22,-101.200133040547,19.6983742582803
48176,48182,2024,,2024/02/07,"00:00:00",COLISIÓN POR CAMBIO DE CARRIL,ASFALTO,Bueno,Bueno,2,KODIAK,BLANCO,2,,0,MASCULINO,SIN DATOS,0,0,Morelia,Sentimientos de La Nacion,febrero,miércoles,0,-101.233193278313,19.6781984775766
48177,48183,2024,,2024/02/07,"07:15:00",COLISIÓN POR ALCANCE,ASFALTO,Bueno,Bueno,2,FORD,GRIS,2,,54,MASCULINO,SIN DATOS,0,0,Morelia,Isaac Arriaga,febrero,miércoles,7,-101.172412745655,19.7072609850186
48178,48184,2024,,2024/02/07,"08:40:00",COLISIÓN POR CORTE DE CIRCULACIÓN,CONCRETO,Bueno,Bueno,2,CHEVROLET,NEGRO,3,MINISTERIO PÚBLICO,49,MASCULINO,SIN DATOS,1,0,Morelia,Guadalupe,febrero,miércoles,9,-101.221078410745,19.7077808404087
48179,48185,2024,,2024/02/07,"09:10:00",COLISIÓN CON PEATÓN,ASFALTO,Bueno,Bueno,1,FORD,BLANCO,0,,,,,0,0,Lázaro Cárdenas,Sin datos,febrero,miércoles,9,-102.228230461478,17.9353908263522
48180,48186,2024,,2024/02/07,"09:25:00",COLISIÓN POR CAMBIO DE CARRIL,ASFALTO,Bueno,Bueno,2,FREIGHTLINER,BLANCO,2,,41,MASCULINO,SIN DATOS,0,0,Morelia,Canteras de Morelia,febrero,miércoles,9,-101.171490065753,19.7147322840545
48181,48187,2024,,2024/02/07,12:40:00,COLISIÓN CON PEATÓN,CONCRETO,Bueno,Bueno,1,VOLKSWAGEN,BLANCO/AMARILLO,2,,41,FEMENINO,SIN DATOS,1,0,Morelia,Veinte de Noviembre,febrero,miércoles,13,-101.166717410088,19.7221344312645
48182,48188,2024,LEG51499,2024/02/07,14:15:00,COLISIÓN POR CAMBIO DE CARRIL,ASFALTO,Bueno,Bueno,2,YAMAHA,NEGRO Y  ROJO,2,MINISTERIO PÚBLICO,,MASCULINO,SIN DATOS,0,0,Morelia,Punta Monarca(Punta Altozano),febrero,miércoles,14,-101.169844865799,19.6541062530033
48183,48189,2024,,2024/02/07,14:30:00,COLISIÓN POR CAMBIO DE CARRIL,ASFALTO,Bueno,Bueno,2,VELOCI,ROJO,2,,21,MASCULINO,SIN DATOS,0,0,Morelia,Arboledas(5 de Mayo),febrero,miércoles,15,-101.24724429588,19.6782212227575
48184,48190,2024,,2024/02/07,15:50:00,COLISIÓN POR CORTE DE CIRCULACIÓN,ASFALTO,Bueno,Bueno,2,CHEVROLEt,GRIS,2,,39,MASCULINO,SIN DATOS,0,0,Morelia,Felix Ireta,febrero,miércoles,16,-101.184562817216,19.6867766438849
48185,48191,2024,,2024/02/07,17:00:00,COLISIÓN POR CORTE DE CIRCULACIÓN,ASFALTO,Bueno,Bueno,2,MERCEDES BENZ,BLANCO Y AZUL,2,MINISTERIO PÚBLICO,20,MASCULINO,SIN DATOS,0,0,Morelia,Morelos,febrero,miércoles,17,-101.209210306406,19.6981643470326
48186,48192,2024,,2024/02/07,17:15:00,COLISIÓN POR CORTE DE CIRCULACIÓN,ASFALTO,Bueno,Bueno,2,CHEVROLET,NEGRO,2,MINISTERIO PÚBLICO,74,MASCULINO,SIN DATOS,0,0,Morelia,Justo Mendoza,febrero,miércoles,17,-101.230413168669,19.7155399626198
48187,48193,2024,,2024/02/07,19:50:00,COLISIÓN POR CAMBIO DE CARRIL,ASFALTO,Bueno,Bueno,2,SCANIA,BLANCO Y VERDE,2,,21,MASCULINO,SIN DATOS,0,0,Morelia,Irrigacion,febrero,miércoles,20,-101.225015558302,19.704737437125
48188,48194,2024,LEG51505,2024/02/07,20:10:00,COLISIÓN CONTRA OBJETO FIJO,ASFALTO,Bueno,Bueno,1,VOLKSWAGEN,GRIS,1,,,MASCULINO,SIN DATOS,0,0,Morelia,Lomas de La Maestranza,febrero,miércoles,20,-101.329282410443,19.6848970820334
48189,48195,2024,MOR2246781,2024/02/07,22:29:00,COLISIÓN POR ALCANCE,ASFALTO,Bueno,Bueno,2,SCANIA,GRIS Y NARANJA,2,MINISTERIO PÚBLICO,,MASCULINO,SIN DATOS,0,0,Morelia,Sin datos,febrero,miércoles,22,-101.282072849572,19.6177503263085
48190,48196,2024,LEG51507,2024/02/08,"04:20:00",COLISIÓN CONTRA OBJETO FIJO,CONCRETO,Bueno,Bueno,1,CHEVROLET,BLANCO,1,MINISTERIO PÚBLICO,30,FEMENINO,SIN DATOS,0,0,Morelia,La Loma,febrero,jueves,4,-101.187156178057,19.6786417135578
48191,48197,2024,,2024/02/08,"07:30:00",COLISIÓN POR CORTE DE CIRCULACIÓN,ASFALTO,Bueno,Bueno,1,NISSAN,AZUL,1,MINISTERIO PÚBLICO,18,MASCULINO,SIN DATOS,0,0,Hidalgo,Corros,febrero,jueves,8,-100.555390678346,19.707213007994
48192,48198,2024,,2024/02/08,"09:00:00",COLISIÓN CON PEATÓN,SIN_DATOS,Bueno,Bueno,2,VOLKSWAGEN,ROJO,2,,20,FEMENINO,SIN DATOS,0,0,Morelia,El Realito,febrero,jueves,9,-101.204308234155,19.7257304387568
48193,48199,2024,MOR240079271,2024/02/08,"09:00:00",COLISIÓN POR CAMBIO DE CARRIL,ASFALTO,Bueno,Bueno,2,NISSAN,BLANCO,2,,29,MASCULINO,SIN DATOS,0,0,Morelia,Club de Golf Tres Marias,febrero,jueves,9,-101.114514581859,19.7038192282704
48194,48200,2024,MOR 240079654,2024/02/08,12:20:00,COLISIÓN POR CORTE DE CIRCULACIÓN,CONCRETO,Bueno,Bueno,2,NISSAN,BLANCO Y CAFE,2,MINISTERIO PÚBLICO,56,MASCULINO,SIN DATOS,0,0,Morelia,Lomas de Las Americas Norte,febrero,jueves,12,-101.14940173924,19.6963221667386
48195,48201,2024,LEG51510,2024/02/08,13:35:00,COLISIÓN POR CORTE DE CIRCULACIÓN,ASFALTO,Bueno,Bueno,2,MERCEDES BENZ,BLANCO Y NARANJA,2,,,MASCULINO,SIN DATOS,0,0,Morelia,Tres Puentes,febrero,jueves,14,-101.21574986726,19.7037384231138
48196,48202,2024,MOR240080553,2024/02/08,13:35:00,COLISIÓN POR ALCANCE,CONCRETO,Bueno,Bueno,2,HONDA,GRIS,2,,35,FEMENINO,SIN DATOS,0,0,Morelia,Jacarandas,febrero,jueves,14,-101.211575008929,19.7089723665766
48197,48203,2024,LEG51511,2024/02/08,15:10:00,COLISIÓN POR NO RESPETAR SEMÁFORO,ASFALTO,Bueno,Bueno,2,VOLKSWAGEN,ROJO,2,,29,MASCULINO,SIN DATOS,0,0,Morelia,San Pascual,febrero,jueves,15,-101.267356909811,19.695357507324
48198,48204,2024,,2024/02/08,18:50:00,COLISIÓN CONTRA OBJETO FIJO,ASFALTO,Bueno,Bueno,1,VOLKSWAGEN,BLANCO,1,,40,MASCULINO,SIN DATOS,0,0,Morelia,Union,febrero,jueves,19,-101.153456568718,19.7097980653314
48199,48205,2024,MOR240080518,2024/02/08,19:30:00,COLISIÓN CONTRA OBJETO FIJO,ASFALTO,Bueno,Bueno,1,KENWORTH,BLANCO,1,,29,MASCULINO,SIN DATOS,0,0,Morelia,Indeco El Vivero,febrero,jueves,20,-101.229811348021,19.6770098793089
48200,48206,2024,MOR240080691,2024/02/08,20:00:00,COLISIÓN POR CORTE DE CIRCULACIÓN,ASFALTO,Bueno,Bueno,2,VENTO,NEGRO Y ROJO,4,MINISTERIO PÚBLICO,26,MASCULINO,SIN DATOS,2,0,Morelia,Sentimientos de La Nacion,febrero,jueves,20,-101.235724948347,19.6817957883222
48201,48207,2024,LEG51516,2024/02/08,22:00:00,COLISIÓN POR CAMBIO DE CARRIL,ASFALTO,Bueno,Bueno,2,FREIGHTLINER,BLANCO,2,,29,MASCULINO,ALIENTO ETÍLICO,0,0,Morelia,Del Prendimiento,febrero,jueves,22,-101.390282548964,19.6662410613745
48202,48208,2024,,2024/02/09,"08:05:00",COLISIÓN POR CORTE DE CIRCULACIÓN,ASFALTO,Bueno,Bueno,2,NISSAN,GRIS,2,,67,MASCULINO,SIN DATOS,0,0,Morelia,Puerta Nogal,febrero,viernes,8,-101.2408935,19.671449
48203,48209,2024,,2024/02/09,"08:40:00",COLISIÓN CON PEATÓN,ASFALTO,Bueno,Bueno,1,VOLKSWAGEN,NEGRO,2,,34,MASCULINO,SIN DATOS,1,0,Morelia,Vistas de Altozano,febrero,viernes,9,-101.167,19.6551
48204,48210,2024,,2024/02/09,11:00:00,COLISIÓN POR CORTE DE CIRCULACIÓN,ASFALTO,Bueno,Bueno,2,CHEVROLET,ROJO,2,,22,MASCULINO,SIN DATOS,0,0,Morelia,Vistas de Altozano,febrero,viernes,11,-101.167,19.6551
48205,48211,2024,LEG51526,2024/02/09,11:50:00,COLISIÓN POR ALCANCE,ASFALTO,Bueno,Bueno,2,SUZUKI,BLANCO,2,,35,MASCULINO,SIN DATOS,0,0,Morelia,El Realito,febrero,viernes,12,-101.205203086138,19.7258374277348
48206,48212,2024,MOR22467892,2024/02/09,12:05:00,COLISIÓN POR CORTE DE CIRCULACIÓN,ASFALTO,Bueno,Bueno,2,FORD,ROJO,2,,,MASCULINO,SIN DATOS,0,0,Morelia,Jardines de Torremolinos,febrero,viernes,12,-101.227770565645,19.6784160171512
48207,48213,2024,,2024/02/09,14:20:00,SALIDA DE SUPERFICIE DE RODAMIENTO,ASFALTO,Bueno,Bueno,1,HYUNDAI,BLANCO,0,MINISTERIO PÚBLICO,,,,0,0,Morelia,Montaña Monarca,febrero,viernes,14,-101.163823306561,19.6753331988723
48208,48214,2024,,2024/02/09,18:00:00,COLISIÓN POR CORTE DE CIRCULACIÓN,CONCRETO,Bueno,Bueno,2,ITALIKA,NEGRO,2,,36,MASCULINO,SIN DATOS,0,0,Morelia,Cuauhtemoc,febrero,viernes,18,-101.181986220181,19.6940430863817
48209,48215,2024,,2024/02/09,19:00:00,COLISIÓN POR MANIOBRA DE REVERSA,CONCRETO,Bueno,Bueno,2,FORD,NEGRO,2,,64,MASCULINO,SIN DATOS,0,0,Morelia,Josefa Ortiz de Dominguez,febrero,viernes,19,-101.209585145116,19.6718134072532
48210,48216,2024,,2024/02/09,20:15:00,COLISIÓN POR CAMBIO DE CARRIL,ASFALTO,Bueno,Bueno,2,SEAT,GRIS,2,,51,MASCULINO,SIN DATOS,0,0,Morelia,Las Flores,febrero,viernes,20,-101.2068580091,19.7023268514503
48211,48217,2024,,2024/02/10,"04:30:00",COLISIÓN CONTRA OBJETO FIJO,CONCRETO,Bueno,Bueno,1,NISSAN,ROJO,1,,,MASCULINO,SIN DATOS,0,0,Morelia,Nueva Jacarndas,febrero,sábado,5,-101.188431568444,19.6782603538983
48212,48218,2024,,2024/02/10,"09:35:00",SUBIDA AL CAMELLÓN,ASFALTO,Bueno,Bueno,1,VOLKSWAGEN,PLATA,1,,26,FEMENINO,SIN DATOS,0,0,Morelia,Enrique Arreguin Robles,febrero,sábado,10,-101.188148595393,19.7214419838104
48213,48219,2024,,2024/02/10,15:00:00,COLISIÓN POR CORTE DE CIRCULACIÓN,ASFALTO,Bueno,Bueno,2,CHRYSLER,BLANCO/ROJO,2,,49,MASCULINO,SIN DATOS,0,0,Morelia,Comision Federal de Electricidad,febrero,sábado,15,-101.181345172226,19.6815122998064
48214,48220,2024,,2024/02/10,17:05:00,COLISIÓN POR ALCANCE,ASFALTO,Bueno,Bueno,2,VOLVO,NARANJA/BLANCO,2,,25,MASCULINO,SIN DATOS,0,0,Morelia,Los Manantiales de Morelia,febrero,sábado,17,-101.240273974836,19.6927374933202
48215,48221,2024,MOR240055999,2024/02/10,19:00:00,COLISIÓN POR CAMBIO DE CARRIL,ASFALTO,Bueno,Bueno,2,TOYOTA,BLANCO/CAFE,2,,71,MASCULINO,SIN DATOS,0,0,Morelia,Nicolaitas Ilustres,febrero,sábado,19,-101.227590143681,19.7207959282618