fid,id_accidente,anio_origen,folio_c5i,dia_incidente,hora_ocurrencia,tipo_incidente_vial,superficie_ocurrencia,condiciones_climaticas,condiciones_via,numero_vehiculos_involucrados,marca_vehiculo_ocasiona_siniestro,color_vehiculo_ocasiona_siniestro,numero_personas_involucradas,lugar_remite_presunto_responsable,edad_presunto_responsable,sexo_presunto_responsable,resultados_toxicologia,numero_personas_lesionadas,numero_personas_fallecidas,municipio,colonia,mes,dia_semana,hora_redondeada,lon,lat
48216,48222,2024,,2024/02/10,19:05:00,COLISIÓN POR CAMBIO DE CARRIL,ASFALTO,Bueno,Bueno,2,FORD,GRIS,2,,30,MASCULINO,SIN DATOS,0,0,Morelia,Arcos del Valle,febrero,sábado,19,-101.236174888909,19.7075703102266
48217,48223,2024,,2024/02/10,22:25:00,COLISIÓN POR NO RESPETAR SEMÁFORO,ASFALTO,Bueno,Regular,2,VOLKSWAGEN,BLANCO,2,MINISTERIO PÚBLICO,31,MASCULINO,SIN DATOS,0,0,Morelia,Felicitas del Rio,febrero,sábado,22,-101.19552064687,19.6920259784989
48218,48224,2024,,2024/02/10,23:10:00,COLISIÓN CONTRA OBJETO FIJO,ASFALTO,Bueno,Bueno,1,FORD,ROJO,0,,,,,0,0,Morelia,Union Popular Solidaria,febrero,sábado,23,-101.219573691487,19.7056048224295
48219,48225,2024,MOR240085722,2024/02/11,"00:00:00",COLISIÓN POR ALCANCE,ASFALTO,Bueno,Bueno,2,CHEVROLET,GRIS,2,,48,MASCULINO,SIN DATOS,0,0,Morelia,Rafael Carrillo,febrero,domingo,0,-101.233374997973,19.7120311550966
48220,48226,2024,LEG51542,2024/02/11,"00:00:00",COLISIÓN POR ALCANCE,ASFALTO,Bueno,Bueno,2,BAJAJ,ROJO,2,,22,MASCULINO,SIN DATOS,0,0,Morelia,Ana Maria Gallaga (Riviera Norte),febrero,domingo,0,-101.221797242761,19.6768116208912
48221,48227,2024,,2024/02/11,"00:30:00",COLISIÓN POR ALCANCE,CONCRETO,Bueno,Bueno,3,TOYOTA,BLANCO,4,MINISTERIO PÚBLICO,,FEMENINO,SIN DATOS,3,0,Morelia,Los Laureles,febrero,domingo,1,-101.231872290373,19.7142692636701
48222,48228,2024,,2024/02/11,12:20:00,SALIDA DE SUPERFICIE DE RODAMIENTO,CONCRETO,Bueno,Bueno,1,VOLKSWAGEN,ARENA,1,,,FEMENINO,SIN DATOS,0,0,Morelia,La Calera,febrero,domingo,12,-101.235854029655,19.669544080936
48223,48229,2024,,2024/02/11,18:00:00,COLISIÓN POR CORTE DE CIRCULACIÓN,ASFALTO,Bueno,Bueno,2,NISSAN,PLATA,2,,42,MASCULINO,CON CERTIFICADO,0,0,Morelia,Primo Tapia,febrero,domingo,18,-101.211848594248,19.7090916765226
48224,48230,2024,,2024/02/11,18:05:00,COLISIÓN CONTRA OBJETO FIJO,CONCRETO,Bueno,Bueno,1,NISSAN ESTACAS,AZUL,1,,17,MASCULINO,SIN DATOS,0,0,Morelia,Union,febrero,domingo,18,-101.157137230039,19.7078445991197
48225,48231,2024,,2024/02/11,18:05:00,VOLCADURA,ASFALTO,Bueno,Bueno,1,NISSAN ESTACAS,BLANCO,1,MINISTERIO PÚBLICO,,,SIN DATOS,0,0,Morelia,El Lago 3,febrero,domingo,18,-101.220576167107,19.7274119563575
48226,48232,2024,,2024/02/11,18:05:00,COLISIÓN CONTRA OBJETO FIJO,CONCRETO,Bueno,Bueno,1,NISSAN,AZUL,1,,17,MASCULINO,SIN DATOS,0,0,Morelia,Union,febrero,domingo,18,-101.15712415427,19.7078831068439
48227,48233,2024,,2024/02/11,18:50:00,COLISIÓN POR INVASIÓN DE CARRIL,ASFALTO,Bueno,Bueno,1,ITALIKA,NEGRO-AMARILLO,2,MINISTERIO PÚBLICO,18,MASCULINO,SIN DATOS,1,0,Hidalgo,Sin datos,febrero,domingo,19,-100.621547698975,19.6870411823947
48228,48234,2024,,2024/02/11,22:00:00,COLISIÓN POR CORTE DE CIRCULACIÓN,ASFALTO,Bueno,Bueno,2,NISSAN,VERDE,2,,32,MASCULINO,SIN DATOS,0,0,Morelia,Sin datos,febrero,domingo,22,-101.339425183833,19.6856455632036
48229,48235,2024,,2024/02/12,"00:00:00",COLISIÓN CONTRA OBJETO FIJO,CONCRETO,Bueno,Bueno,2,FORD,VERDE,2,,17,MASCULINO,SIN DATOS,0,0,Morelia,Union,febrero,lunes,0,-101.159038245678,19.7107436998002
48230,48236,2024,LEG51563,2024/02/12,"07:20:00",COLISIÓN POR CAMBIO DE CARRIL,ASFALTO,Bueno,Bueno,3,MAZDA,ROJO,3,,46,MASCULINO,SIN DATOS,0,0,Morelia,Tlalpujahua,febrero,lunes,7,-101.218059584498,19.6761811701204
48231,48237,2024,,2024/02/12,"08:30:00",CAIDA DE MOTOCICLETA,CONCRETO,Bueno,Bueno,1,ITALIKA,NEGRO,1,,20,MASCULINO,SIN DATOS,0,0,Morelia,Sentimientos de La Nacion,febrero,lunes,9,-101.2368715927,19.6848042713872
48232,48238,2024,,2024/02/12,"09:50:00",COLISIÓN CONTRA OBJETO FIJO,ASFALTO,Bueno,Bueno,1,NISSAN,BLANCO Y CAFE,1,,19,MASCULINO,SIN DATOS,0,0,Morelia,Felix Ireta,febrero,lunes,10,-101.188582604864,19.6860148664875
48234,48240,2024,,2024/02/12,11:50:00,COLISIÓN POR CORTE DE CIRCULACIÓN,CONCRETO,Nublado,Bueno,2,DODGE,BLANCO,2,MINISTERIO PÚBLICO,61,MASCULINO,SIN DATOS,0,0,Morelia,Granjas del Maestro,febrero,lunes,12,-101.193818114698,19.7126706178855
48235,48241,2024,,2024/02/12,12:05:00,COLISIÓN CONTRA OBJETO FIJO,ASFALTO,Bueno,Bueno,1,CHEVROLET CORSA,GRIS,1,,27,MASCULINO,SIN DATOS,0,0,Tarímbaro,Sin datos,febrero,lunes,12,-101.170941862435,19.7523877554747
48236,48242,2024,LEG51564,2024/02/12,14:57:00,COLISIÓN POR CAMBIO DE CARRIL,ASFALTO,Bueno,Bueno,2,TOYOTA,PLATA,2,,33,MASCULINO,SIN DATOS,0,0,Morelia,Jardines de Torremolinos,febrero,lunes,15,-101.228,19.6773
48237,48243,2024,,2024/02/12,15:06:00,COLISIÓN CONTRA OBJETO FIJO,CONCRETO,Bueno,Bueno,2,CHRYSLER,BLANCO,2,,35,MASCULINO,SIN DATOS,0,0,Morelia,Las Americas,febrero,lunes,15,-101.153640300035,19.6875178556947
48238,48244,2024,LEG51562,2024/02/12,15:20:00,VOLCADURA,CONCRETO,Bueno,Bueno,2,SEAT,BLANCO,2,,61,MASCULINO,SIN DATOS,0,0,Morelia,Ventura Puente,febrero,lunes,15,-101.184408590198,19.6902137163931
48239,48245,2024,,2024/02/12,15:30:00,COLISIÓN POR CORTE DE CIRCULACIÓN,ASFALTO,Bueno,Bueno,2,FORD,VERDE,2,,59,MASCULINO,SIN DATOS,0,0,Morelia,Union Antorchista,febrero,lunes,16,-101.268138773739,19.6975964804879
48240,48246,2024,,2024/02/12,16:00:00,COLISIÓN POR CORTE DE CIRCULACIÓN,SIN_DATOS,Bueno,Bueno,2,HONDA,BLANCO,2,MINISTERIO PÚBLICO,38,FEMENINO,SIN DATOS,0,0,Morelia,Santa Maria de Guido,febrero,lunes,16,-101.189222149551,19.6734086726444
48241,48247,2024,,2024/02/12,18:45:00,COLISIÓN POR CORTE DE CIRCULACIÓN,CONCRETO,Bueno,Bueno,2,ITALIKA,NEGRO,2,,21,MASCULINO,SIN DATOS,0,0,Morelia,Centro,febrero,lunes,19,-101.191774941981,19.6959673646717
48243,48249,2024,,2024/02/12,20:40:00,COLISIÓN POR ALCANCE,ASFALTO,Bueno,Bueno,2,ITALIKA,NEGRO Y AMARILLO,2,,34,MASCULINO,SIN DATOS,0,0,Morelia,Vasco de Quiroga,febrero,lunes,21,-101.178117468953,19.6991308834553
48244,48250,2024,MOR 240090425,2024/02/12,22:05:00,COLISIÓN POR CAMBIO DE CARRIL,ASFALTO,Bueno,Regular,2,NISSAN,AZUL,2,,20,MASCULINO,SIN DATOS,0,0,Morelia,Villas del Pedregal,febrero,lunes,22,-101.303405128419,19.6844153499994
48245,48251,2024,MOR2246789,2024/02/13,"00:00:00",COLISIÓN POR CORTE DE CIRCULACIÓN,ASFALTO,Bueno,Bueno,2,VOLKSWAGEN,GRIS,2,,,FEMENINO,SIN DATOS,0,0,Morelia,Felicitas del Rio,febrero,martes,0,-101.197757273912,19.6918021695007
48246,48252,2024,LEG51570,2024/02/13,"07:27:00",COLISIÓN POR CORTE DE CIRCULACIÓN,ASFALTO,Bueno,Bueno,2,AUDI,GRIS,2,,18,FEMENINO,SIN DATOS,0,0,Morelia,Sentimientos de La Nacion,febrero,martes,7,-101.232842579484,19.6780709365115
48247,48253,2024,,2024/02/13,"08:10:00",COLISIÓN POR CORTE DE CIRCULACIÓN,CONCRETO,Bueno,Bueno,2,FORD,BLANCO/AZUL,2,,24,MASCULINO,SIN DATOS,0,0,Morelia,Jardines del Rincon,febrero,martes,8,-101.149283382681,19.68870732649
48248,48254,2024,LEG51573,2024/02/13,11:58:00,COLISIÓN POR CORTE DE CIRCULACIÓN,ASFALTO,Bueno,Bueno,2,HONDA,BLANCO CON AMARILLO,2,,,MASCULINO,SIN DATOS,0,0,Morelia,Lomas del Valle,febrero,martes,12,-101.229915618896,19.6862330442866
48249,48255,2024,,2024/02/13,12:40:00,COLISIÓN CONTRA OBJETO FIJO,ASFALTO,Bueno,Bueno,2,VOLVO,AZUL,5,MINISTERIO PÚBLICO,46,MASCULINO,SIN DATOS,3,0,Morelia,Leandro Valle,febrero,martes,13,-101.229054965079,19.7257234955168
48250,48256,2024,,2024/02/13,14:40:00,COLISIÓN POR CAMBIO DE CARRIL,ASFALTO,Bueno,Bueno,2,CHEVROLET,ROJO,2,,,FEMENINO,SIN DATOS,0,0,Morelia,Las Americas,febrero,martes,15,-101.158953085542,19.6879623285927
48251,48257,2024,,2024/02/13,17:30:00,COLISIÓN POR CAMBIO DE CARRIL,ASFALTO,Bueno,Bueno,2,TOYOTA COROLLA,ROJO,2,,18,FEMENINO,SIN DATOS,0,0,Morelia,Alberto Oviedo Mota,febrero,martes,18,-101.195737235248,19.6815230332337
48252,48258,2024,,2024/02/13,21:30:00,COLISIÓN POR CORTE DE CIRCULACIÓN,ASFALTO,Bueno,Bueno,2,BAJAJ PULSAR,NEGRO,3,,24,MASCULINO,SIN DATOS,1,0,Morelia,Erendira,febrero,martes,22,-101.166606768966,19.7021178923328
48253,48259,2024,LEG51575,2024/02/13,22:00:00,COLISIÓN POR CORTE DE CIRCULACIÓN,ASFALTO,Bueno,Bueno,2,CHEVROLET,NEGRO,2,,35,MASCULINO,SIN DATOS,0,0,Morelia,Avicola Benito Juarez,febrero,martes,22,-101.279536820948,19.6913457118152
48254,48260,2024,,2024/02/14,"00:00:00",COLISIÓN POR MANIOBRA DE REVERSA,ASFALTO,Bueno,Bueno,2,FORD,BLANCO Y AZUL,1,,,,SIN DATOS,0,0,Morelia,Industrial,febrero,miércoles,0,-101.188630722463,19.7108393360857
48255,48261,2024,LEG51577,2024/02/14,"01:30:00",COLISIÓN CONTRA OBJETO FIJO,ASFALTO,Bueno,Bueno,1,VOLKSWAGEN,BLANCO,1,MINISTERIO PÚBLICO,40,MASCULINO,SIN DATOS,0,0,Morelia,Alberto Oviedo Mota,febrero,miércoles,2,-101.195737235248,19.6815239803008
48256,48262,2024,LEG51588,2024/02/14,"07:30:00",COLISIÓN POR CORTE DE CIRCULACIÓN,ASFALTO,Bueno,Bueno,2,KENWORTH,BLANCO,2,,39,MASCULINO,SIN DATOS,0,0,Morelia,Libertad,febrero,miércoles,8,-101.238199956715,19.6875718364889
48258,48264,2024,,2024/02/14,"08:35:00",COLISIÓN POR CAMBIO DE CARRIL,ASFALTO,Bueno,Bueno,2,INTERNATIONAL,BLANCO,2,,49,MASCULINO,SIN DATOS,0,0,Morelia,Vista Bella,febrero,miércoles,9,-101.195925675947,19.6790442736003
48259,48265,2024,LEG51590,2024/02/14,"08:48:00",COLISIÓN POR CORTE DE CIRCULACIÓN,ADOQUIN_EMPEDRADO,Bueno,Bueno,2,TOYOTA,BLANCO Y ROSA,2,,37,MASCULINO,SIN DATOS,0,0,Morelia,Felix Ireta,febrero,miércoles,9,-101.195434480906,19.690210875346
48260,48266,2024,,2024/02/14,11:50:00,COLISIÓN POR CORTE DE CIRCULACIÓN,ASFALTO,Bueno,Regular,2,INERNACIONAL,BLNCO,1,,63,MASCULINO,SIN DATOS,0,0,Huandacareo,Sin datos,febrero,miércoles,12,-101.256025582552,19.9835101196419
48261,48267,2024,,2024/02/14,12:30:00,COLISIÓN POR ALCANCE,ASFALTO,Bueno,Bueno,2,TOYOTA,GRIS,2,,48,MASCULINO,SIN DATOS,0,0,Morelia,Tenencia Morelos,febrero,miércoles,13,-101.246988885105,19.6492841530576
48262,48268,2024,LEG51591,2024/02/14,15:05:00,COLISIÓN POR CORTE DE CIRCULACIÓN,ASFALTO,Bueno,Bueno,2,MAZDA,GRIS,2,,37,FEMENINO,SIN DATOS,0,0,Morelia,Industrial,febrero,miércoles,15,-101.197563484311,19.7118600841638
48263,48269,2024,LEG51592,2024/02/14,17:09:00,COLISIÓN POR CORTE DE CIRCULACIÓN,ASFALTO,Bueno,Bueno,2,MAZDA,BLANCO,1,MINISTERIO PÚBLICO,42,,SIN DATOS,0,0,Morelia,Fovissste La Huerta,febrero,miércoles,17,-101.212214380503,19.6923179714324
48264,48270,2024,,2024/02/14,18:00:00,COLISIÓN POR ALCANCE,ASFALTO,Bueno,Bueno,2,ITALIKA,AZUL,2,,17,MASCULINO,SIN DATOS,0,0,Morelia,Ejidal Tres Puentes,febrero,miércoles,18,-101.22594896704,19.6924701232148
48265,48271,2024,,2024/02/14,20:15:00,SALIDA DE SUPERFICIE DE RODAMIENTO,ASFALTO,Bueno,Bueno,1,FORD,NEGRO,1,MINISTERIO PÚBLICO,17,MASCULINO,SIN DATOS,0,0,Morelia,Guadalupe,febrero,miércoles,20,-101.392288506031,19.6657857937355
48266,48272,2024,LEG51576,2024/02/14,21:15:00,COLISIÓN POR CAMBIO DE CARRIL,ASFALTO,Bueno,Bueno,2,FREIGHTLINER,BLANCO,2,,,MASCULINO,SIN DATOS,0,0,Morelia,Sin datos,febrero,miércoles,21,-101.262723058462,19.6393016426204
48267,48273,2024,MOR 240094938,2024/02/14,23:00:00,COLISIÓN POR ALCANCE,ASFALTO,Bueno,Bueno,2,DODGE,VERDE,2,,31,MASCULINO,SIN DATOS,0,0,Morelia,Centro,febrero,miércoles,23,-101.180578395724,19.7036465703276
48268,48274,2024,,2024/02/15,"00:00:00",COLISIÓN POR MANIOBRA DE REVERSA,CONCRETO,Bueno,Bueno,2,MAZDA B300,ROJO,2,,59,MASCULINO,SIN DATOS,0,0,Morelia,Loma Real,febrero,jueves,0,-101.198068074882,19.7292806040874
48269,48275,2024,LEG51596,2024/02/15,"01:30:00",COLISIÓN CONTRA OBJETO FIJO,ASFALTO,Bueno,Bueno,1,DODGE,AZUL,1,,,MASCULINO,SIN DATOS,0,0,Morelia,Bosques de Oriente,febrero,jueves,2,-101.157239153981,19.7152887273642
48270,48276,2024,,2024/02/15,"07:30:00",COLISIÓN CONTRA OBJETO FIJO,CONCRETO,Bueno,Bueno,2,NISSAN,BLANCO,2,,32,MASCULINO,SIN DATOS,0,0,Morelia,Independencia,febrero,jueves,8,-101.17618134,19.7123334099991
48271,48277,2024,,2024/02/15,"09:45:00",COLISIÓN CON PEATÓN,SIN_DATOS,Bueno,Bueno,2,RENAULT,BLANCO Y AZUL,2,,23,MASCULINO,SIN DATOS,0,0,Morelia,Los Manantiales de Morelia,febrero,jueves,10,-101.235085,19.696481
48272,48278,2024,,2024/02/15,11:00:00,COLISIÓN CONTRA OBJETO FIJO,CONCRETO,Bueno,Bueno,2,NISSAN,ROJO,1,,,MASCULINO,SIN DATOS,0,0,Morelia,Los Manantiales de Morelia,febrero,jueves,11,-101.23975488,19.6974146749991
48274,48280,2024,,2024/02/15,17:40:00,COLISIÓN CONTRA OBJETO FIJO,ASFALTO,Bueno,Bueno,1,CHEVROLET,AZUL,1,MINISTERIO PÚBLICO,57,MASCULINO,SIN DATOS,0,0,Irimbo,Sin Nombre,febrero,jueves,18,-100.487955920398,19.6981217334374
48275,48281,2024,,2024/02/15,18:00:00,COLISIÓN POR CAMBIO DE CARRIL,CONCRETO,Bueno,Bueno,2,VOLKSWAGEN,GRIS,2,MINISTERIO PÚBLICO,,MASCULINO,SIN DATOS,0,0,Morelia,Rafael Carrillo,febrero,jueves,18,-101.237243078649,19.7073064369234
48276,48282,2024,,2024/02/15,18:45:00,COLISIÓN POR CORTE DE CIRCULACIÓN,ASFALTO,Bueno,Bueno,2,CHEVROLET AVEO,GRIS,2,,43,MASCULINO,SIN DATOS,0,0,Morelia,Camelinas,febrero,jueves,19,-101.174,19.6806
48277,48283,2024,,2024/02/15,19:00:00,COLISIÓN POR ALCANCE,ASFALTO,Bueno,Bueno,2,HYUNDAI CRETA,NEGRO,2,,38,FEMENINO,SIN DATOS,0,0,Morelia,Ilustres Novohispanos,febrero,jueves,19,-101.152,19.7108
48278,48284,2024,,2024/02/15,19:05:00,COLISIÓN POR ALCANCE,ASFALTO,Bueno,Bueno,2,NISSAN/TSURU,PLATA,2,,56,MASCULINO,SIN DATOS,0,0,Morelia,Vista Bella,febrero,jueves,19,-101.195925675947,19.6790442736003
48279,48285,2024,,2024/02/15,19:35:00,COLISIÓN CONTRA OBJETO FIJO,CONCRETO,Bueno,Bueno,1,BMW,ROJO,1,MINISTERIO PÚBLICO,75,MASCULINO,SIN DATOS,0,0,Morelia,Vista Bella,febrero,jueves,20,-101.197533980012,19.6758310589316
48281,48287,2024,,2024/02/15,21:00:00,COLISIÓN POR ALCANCE,ASFALTO,Bueno,Bueno,2,NISSAN,BLANCO,2,,,FEMENINO,SIN DATOS,0,0,Morelia,Camelinas,febrero,jueves,21,-101.17262119,19.6818144849991
48282,48288,2024,,2024/02/15,21:20:00,COLISIÓN POR ALCANCE,SIN_DATOS,Bueno,Bueno,2,NISSAN,ROJO,2,,32,MASCULINO,SIN DATOS,0,0,Acuitzio,Sin datos,febrero,jueves,21,-101.381781958044,19.4984378560787
48283,48289,2024,,2024/02/16,"00:00:00",COLISIÓN POR CORTE DE CIRCULACIÓN,CONCRETO,Bueno,Bueno,2,NISSAN,ARENA,2,MINISTERIO PÚBLICO,62,MASCULINO,SIN DATOS,0,0,Morelia,Tenencia Morelos,febrero,viernes,0,-101.247199773788,19.6492620762598
48284,48290,2024,,2024/02/16,"00:00:00",COLISIÓN POR CORTE DE CIRCULACIÓN,CONCRETO,Bueno,Bueno,2,VENTO,NEGRO,2,,43,MASCULINO,SIN DATOS,0,0,Morelia,Jacarandas,febrero,viernes,0,-101.210105158389,19.7084780815668
48285,48291,2024,LEG51629,2024/02/16,11:20:00,COLISIÓN POR ALCANCE,ASFALTO,Bueno,Bueno,2,RAM,BLANCO/AZUL,2,,23,MASCULINO,SIN DATOS,0,0,Morelia,Sin datos,febrero,viernes,11,-101.339424848557,19.6856446161609
48286,48292,2024,,2024/02/16,12:30:00,COLISIÓN POR MANIOBRA DE REVERSA,ASFALTO,Bueno,Bueno,2,FORD F150,BLANCO,2,,50,MASCULINO,SIN DATOS,0,0,Morelia,Torreon Nuevo,febrero,viernes,13,-101.203747,19.7443205
48287,48293,2024,LEG51628,2024/02/16,16:04:00,COLISIÓN POR ALCANCE,CONCRETO,Bueno,Bueno,2,NISSAN,GRIS,2,,20,MASCULINO,SIN DATOS,0,0,Morelia,Elias Perez Avalos,febrero,viernes,16,-101.167875118554,19.7119866514214
48288,48294,2024,,2024/02/16,16:10:00,COLISIÓN POR CORTE DE CIRCULACIÓN,CONCRETO,Bueno,Bueno,2,CHEVROLET,GRIS,2,,23,MASCULINO,SIN DATOS,0,0,Morelia,Solidaridad,febrero,viernes,16,-101.20407575,19.7354775449992
48289,48295,2024,,2024/02/16,16:38:00,COLISIÓN POR CORTE DE CIRCULACIÓN,CONCRETO,Lluvioso,Malo,2,NISSAN,BLANCO,2,,44,MASCULINO,SIN DATOS,0,0,Morelia,Industrial,febrero,viernes,17,-101.192226558924,19.7077966222702
48290,48296,2024,LEG51627,2024/02/16,16:40:00,COLISIÓN POR ALCANCE,ASFALTO,Bueno,Bueno,3,TOYOTA,GRIS,3,,62,MASCULINO,SIN DATOS,0,0,Morelia,Centro,febrero,viernes,17,-101.183324307203,19.7020932717541
48291,48297,2024,,2024/02/16,17:05:00,COLISIÓN POR CORTE DE CIRCULACIÓN,ASFALTO,Nublado,Regular,2,TOYOTA,BLANCO/GRIS,2,,53,MASCULINO,SIN DATOS,0,0,Morelia,Felix Ireta,febrero,viernes,17,-101.180797666311,19.6853936496448
48292,48298,2024,LEG51626,2024/02/16,17:20:00,COLISIÓN POR CORTE DE CIRCULACIÓN,CONCRETO,Nublado,Regular,2,DODGE,DORADO,1,,39,FEMENINO,SIN DATOS,0,0,Morelia,Melchor Ocampo,febrero,viernes,17,-101.204254254699,19.7067610132137
48293,48299,2024,,2024/02/16,17:20:00,COLISIÓN POR CORTE DE CIRCULACIÓN,ADOQUIN_EMPEDRADO,Lluvioso,Regular,2,KENWORTH,BLANCO,1,MINISTERIO PÚBLICO,38,MASCULINO,SIN DATOS,0,0,Pátzcuaro,El Calvario,febrero,viernes,17,-101.620632335544,19.5141898815175
48295,48301,2024,,2024/02/16,20:30:00,COLISIÓN POR ALCANCE,ASFALTO,Lluvioso,Bueno,2,RENAULT,BLANCO,2,,40,MASCULINO,SIN DATOS,0,0,Morelia,Loma de Los Piñones,febrero,viernes,21,-101.206289380789,19.6732950187979
48296,48302,2024,MOR240098603,2024/02/16,20:40:00,COLISIÓN POR CORTE DE CIRCULACIÓN,ASFALTO,Lluvioso,Malo,2,CHEVROLET,GRIS,2,,35,MASCULINO,SIN DATOS,0,0,Morelia,Union,febrero,viernes,21,-101.155873909593,19.7088865138621
48297,48303,2024,MOR240098660,2024/02/16,20:50:00,SUBIDA AL CAMELLÓN,ASFALTO,Lluvioso,Malo,1,CHEVROLET,BLANCO,1,,40,MASCULINO,SIN DATOS,0,0,Morelia,El Lago 1,febrero,viernes,21,-101.21969807893,19.7276473926573
48298,48304,2024,MOR 240098750,2024/02/16,21:45:00,COLISIÓN POR CORTE DE CIRCULACIÓN,ASFALTO,Lluvioso,Regular,2,NISSAN,BLANCO,2,,32,MASCULINO,SIN DATOS,0,0,Morelia,Felix Ireta,febrero,viernes,22,-101.188344899565,19.6822030259579
48299,48305,2024,MOR240098822,2024/02/16,21:50:00,COLISIÓN POR CORTE DE CIRCULACIÓN,ASFALTO,Lluvioso,Malo,2,NISSAN,BLANCO,2,,21,MASCULINO,SIN DATOS,0,0,Morelia,Juarez,febrero,viernes,22,-101.200186014175,19.6954802996994
48300,48306,2024,MOR240098884,2024/02/16,22:15:00,VOLCADURA,ASFALTO,Lluvioso,Malo,1,RENAULT,BLANCO,3,,,,,3,0,Morelia,Alberto Oviedo Mota,febrero,viernes,22,-101.202103123069,19.6777066231079
48301,48307,2024,,2024/02/17,"00:00:00",COLISIÓN CONTRA OBJETO FIJO,ASFALTO,Lluvioso,Regular,1,MAZDA,NEGRO,1,,,MASCULINO,SIN DATOS,0,0,Morelia,Sin datos,febrero,sábado,0,-101.293937936425,19.6864161384341
48302,48308,2024,LEG51619,2024/02/17,"00:55:00",SUBIDA AL CAMELLÓN,ASFALTO,Bueno,Bueno,1,NISSAN,BLANCO,0,,,,,0,0,Morelia,Barrio Alto,febrero,sábado,1,-101.196279712021,19.724745758073
48303,48309,2024,MOR240099089,2024/02/17,"01:50:00",COLISIÓN POR ALCANCE,ASFALTO,Lluvioso,Malo,2,MAZDA,GRIS,2,,20,MASCULINO,SIN DATOS,0,0,Morelia,Centro,febrero,sábado,2,-101.178187206388,19.699042815878
48304,48310,2024,MOR240099172,2024/02/17,"03:40:00",COLISIÓN CONTRA OBJETO FIJO,ASFALTO,Lluvioso,Malo,1,DODGE,NEGRO,1,,,MASCULINO,SIN DATOS,0,0,Morelia,Tinijaro,febrero,sábado,4,-101.264481581748,19.6962154736731
48305,48311,2024,MOR22304567,2024/02/17,11:20:00,COLISIÓN POR ALCANCE,ASFALTO,Bueno,Bueno,2,TOYOTA,GRIS,2,,,MASCULINO,SIN DATOS,0,0,Morelia,Vasco de Quiroga,febrero,sábado,11,-101.16729978472,19.6987820850602
48306,48312,2024,,2024/02/17,13:50:00,COLISIÓN POR NO RESPETAR SEMÁFORO,ASFALTO,Bueno,Bueno,2,ITALIKA,NEGRO,2,,22,MASCULINO,SIN DATOS,0,0,Morelia,Sentimientos de La Nacion,febrero,sábado,14,-101.23572461307,19.6817983138301
48307,48313,2024,LEG51637,2024/02/17,15:00:00,COLISIÓN POR CORTE DE CIRCULACIÓN,ASFALTO,Bueno,Bueno,3,RAM,BLANCO,2,,50,MASCULINO,CON CERTIFICADO,0,0,Morelia,Colonial Morelia,febrero,sábado,15,-101.214251853526,19.6725546882978
48308,48314,2024,LEG51639,2024/02/17,16:00:00,SALIDA DE SUPERFICIE DE RODAMIENTO,ASFALTO,Bueno,Bueno,1,KENWORTH,BLANCO,1,,,MASCULINO,SIN DATOS,0,0,Tzitzio,Sin datos,febrero,sábado,16,-100.906123705208,19.4141774060025
48309,48315,2024,,2024/02/17,17:35:00,COLISIÓN POR MANIOBRA DE REVERSA,CONCRETO,Nublado,Bueno,2,VOLKSWAGEN,PLATA,2,,39,MASCULINO,SIN DATOS,0,0,Morelia,Industrial,febrero,sábado,18,-101.197610758245,19.7113181479157
48310,48316,2024,,2024/02/17,18:15:00,COLISIÓN POR CORTE DE CIRCULACIÓN,ASFALTO,Bueno,Bueno,2,VOLKSWAGEN,BEIGE,2,,,MASCULINO,SIN DATOS,0,0,Morelia,Independencia,febrero,sábado,18,-101.178089976311,19.7095439803506
48311,48317,2024,,2024/02/17,18:20:00,COLISIÓN POR CORTE DE CIRCULACIÓN,CONCRETO,Bueno,Bueno,2,TOYOTA,BLANCO,2,,,FEMENINO,SIN DATOS,0,0,Morelia,Granjas del Maestro,febrero,sábado,18,-101.188389658928,19.7128940820676
48312,48318,2024,,2024/02/17,19:35:00,COLISIÓN POR ALCANCE,ASFALTO,Bueno,Bueno,2,VOLKSWAGEN,BLANCO,2,,25,MASCULINO,SIN DATOS,0,0,Morelia,El Lago 1,febrero,sábado,20,-101.219319216907,19.7275987905542
48313,48319,2024,LEG51638,2024/02/17,19:36:00,COLISIÓN POR CORTE DE CIRCULACIÓN,ASFALTO,Bueno,Bueno,2,GMC,BLANCO,2,MINISTERIO PÚBLICO,34,FEMENINO,SIN DATOS,0,0,Morelia,Chapultepec Oriente,febrero,sábado,20,-101.164310798049,19.688669757699
48314,48320,2024,,2024/02/17,23:25:00,COLISIÓN POR CAMBIO DE CARRIL,CONCRETO,Bueno,Bueno,2,NISSAN,BLANCO,2,,50,MASCULINO,SIN DATOS,0,0,Morelia,Ampliacion La Soledad,febrero,sábado,23,-101.184736154974,19.7300342426887
48315,48321,2024,,2024/02/18,"00:00:00",COLISIÓN CONTRA OBJETO FIJO,ASFALTO,Bueno,Bueno,1,SEAT,GRIS,1,,,MASCULINO,SIN DATOS,0,0,Morelia,Arcos del Valle,febrero,domingo,0,-101.236169583062,19.7075692251655
48316,48322,2024,LEG51647,2024/02/18,"00:00:00",COLISIÓN POR CORTE DE CIRCULACIÓN,ASFALTO,Bueno,Bueno,2,BAJAJ,GRIS,2,MINISTERIO PÚBLICO,22,MASCULINO,SIN DATOS,0,0,Morelia,Chapultepec Norte,febrero,domingo,0,-101.170352138579,19.6944799652412