fid,id_accidente,anio_origen,folio_c5i,dia_incidente,hora_ocurrencia,tipo_incidente_vial,superficie_ocurrencia,condiciones_climaticas,condiciones_via,numero_vehiculos_involucrados,marca_vehiculo_ocasiona_siniestro,color_vehiculo_ocasiona_siniestro,numero_personas_involucradas,lugar_remite_presunto_responsable,edad_presunto_responsable,sexo_presunto_responsable,resultados_toxicologia,numero_personas_lesionadas,numero_personas_fallecidas,municipio,colonia,mes,dia_semana,hora_redondeada,lon,lat
48317,48323,2024,LEG51643,2024/02/18,"02:10:00",COLISIÓN POR INVASIÓN DE CARRIL,ASFALTO,Bueno,Bueno,2,SEAT,ROJO,2,MINISTERIO PÚBLICO,33,MASCULINO,SIN DATOS,0,0,Morelia,Vista Bella,febrero,domingo,2,-101.192294955254,19.6821013744899
48318,48324,2024,,2024/02/18,16:45:00,COLISIÓN POR INVASIÓN DE CARRIL,CONCRETO,Bueno,Bueno,2,NISSAN,BLANCO,2,MINISTERIO PÚBLICO,44,MASCULINO,SIN DATOS,0,0,Morelia,Villas del Real,febrero,domingo,17,-101.199272189531,19.7329510184433
48319,48325,2024,LEG51646,2024/02/18,18:54:00,COLISIÓN POR ALCANCE,CONCRETO,Bueno,Bueno,3,NISSAN,AZUL,2,,32,MASCULINO,SIN DATOS,0,0,Morelia,La Aldea,febrero,domingo,19,-101.133106313646,19.7439140645233
48320,48326,2024,MOR 240103083,2024/02/18,22:50:00,COLISIÓN POR ALCANCE,ASFALTO,Bueno,Regular,2,HONDA,BLANCO,2,,33,MASCULINO,SIN DATOS,0,0,Morelia,Sentimientos de La Nacion,febrero,domingo,23,-101.235567368567,19.681863345645
48321,48327,2024,,2024/02/19,"08:10:00",COLISIÓN POR ALCANCE,ASFALTO,Bueno,Bueno,3,SEAT,AZUL,3,,32,MASCULINO,SIN DATOS,0,0,Morelia,Santillan La Huerta,febrero,lunes,8,-101.219553885717,19.6760966650679
48322,48328,2024,,2024/02/19,"08:20:00",COLISIÓN POR ALCANCE,ASFALTO,Bueno,Bueno,2,VOLKSWAGEN,PLATA,2,,65,MASCULINO,SIN DATOS,0,0,Morelia,Bosques de La Huerta,febrero,lunes,8,-101.222656220198,19.6699952336489
48323,48329,2024,,2024/02/19,10:00:00,COLISIÓN POR ALCANCE,ASFALTO,Bueno,Bueno,2,NISSAN,GRIS,2,,,,SIN DATOS,0,0,Morelia,Centro,febrero,lunes,10,-101.191547624767,19.702938260473
48324,48330,2024,,2024/02/19,12:25:00,COLISIÓN POR CAMBIO DE CARRIL,CONCRETO,Bueno,Bueno,2,FORD/C2,GRIS,2,,37,MASCULINO,SIN DATOS,0,0,Morelia,Erendira,febrero,lunes,12,-101.166603080928,19.702112841958
48325,48331,2024,,2024/02/19,16:20:00,COLISIÓN POR CAMBIO DE CARRIL,ASFALTO,Bueno,Bueno,2,VOLKSWAGEN,ROJO,2,,,,SIN DATOS,0,0,Morelia,Lomas de Morelia (Dr Ignacio Chavez),febrero,lunes,16,-101.175711862743,19.7176467251387
48326,48332,2024,,2024/02/19,17:30:00,COLISIÓN CONTRA OBJETO FIJO,CONCRETO,Bueno,Bueno,1,CHEVROLET,BLANCO,1,,34,FEMENINO,SIN DATOS,0,0,Morelia,Santiaguito,febrero,lunes,18,-101.192337870598,19.7174368391816
48327,48333,2024,LEG51655,2024/02/19,18:50:00,COLISIÓN POR ALCANCE,CONCRETO,Bueno,Bueno,3,MG,AMARILLO,3,,34,MASCULINO,SIN DATOS,0,0,Morelia,Chapultepec Norte,febrero,lunes,19,-101.16602472961,19.6954986080661
48328,48334,2024,LEG51670,2024/02/20,"07:30:00",COLISIÓN POR ALCANCE,ASFALTO,Bueno,Bueno,2,FORD,BLANCO Y VERDE,2,,63,MASCULINO,SIN DATOS,0,0,Morelia,Los Manantiales de Morelia,febrero,martes,8,-101.241980530322,19.6969825257866
48329,48335,2024,,2024/02/20,"09:10:00",COLISIÓN POR CAMBIO DE CARRIL,ASFALTO,Bueno,Bueno,2,KIA,AZUL,2,,34,FEMENINO,SIN DATOS,0,0,Morelia,Las Americas,febrero,martes,9,-101.15527803761,19.6905832056681
48330,48336,2024,,2024/02/20,10:02:00,COLISIÓN POR NO RESPETAR SEMÁFORO,ASFALTO,Bueno,Bueno,2,BAJAJ,AMARILLO Y NEGRO,2,,47,MASCULINO,SIN DATOS,0,0,Morelia,Sentimientos de La Nacion,febrero,martes,10,-101.23528406024,19.681188402514
48331,48337,2024,MOR 240105692,2024/02/20,10:55:00,COLISIÓN POR CORTE DE CIRCULACIÓN,ASFALTO,Bueno,Regular,2,NISSAN,BLANCO Y NARANJA,2,,47,MASCULINO,SIN DATOS,0,0,Morelia,Centro,febrero,martes,11,-101.188484228068,19.710761497703
48332,48338,2024,"51667",2024/02/20,13:30:00,COLISIÓN POR CORTE DE CIRCULACIÓN,ASFALTO,Bueno,Regular,2,ITALIKA,NARANJA Y NEGRO,2,,34,MASCULINO,SIN DATOS,0,0,Morelia,Alberto Oviedo Mota,febrero,martes,14,-101.195737235248,19.6815239803008
48334,48340,2024,MOR  240196292,2024/02/20,17:20:00,COLISIÓN POR NO RESPETAR SEMÁFORO,ASFALTO,Bueno,Regular,2,VENTO,NEGRO Y GRIS,3,MINISTERIO PÚBLICO,26,MASCULINO,SIN DATOS,1,0,Morelia,Obrera,febrero,martes,17,-101.188390664756,19.710751590585
48335,48341,2024,,2024/02/20,18:31:00,COLISIÓN CON PEATÓN,ASFALTO,Bueno,Bueno,1,CHEVROLET,NEGRO,2,,53,MASCULINO,SIN DATOS,1,0,Morelia,Adolfo Lopez Mateos,febrero,martes,19,-101.227610260248,19.6966277251836
48336,48342,2024,,2024/02/20,18:31:00,COLISIÓN CON PEATÓN,ASFALTO,Bueno,Bueno,2,DODGE,GRIS,2,MINISTERIO PÚBLICO,,,SIN DATOS,0,0,Morelia,Adolfo Lopez Mateos,febrero,martes,19,-101.227609589696,19.6966283565021
48337,48343,2024,,2024/02/20,20:20:00,COLISIÓN POR CAMBIO DE CARRIL,ASFALTO,Bueno,Regular,2,DINA,ROJO,2,,66,MASCULINO,SIN DATOS,0,0,Morelia,Ana Maria Gallaga (Riviera Norte),febrero,martes,20,-101.222800388932,19.6767958359748
48338,48344,2024,LEG51668,2024/02/21,"01:10:00",COLISIÓN POR ALCANCE,ASFALTO,Bueno,Regular,1,DODGE,MORADO,2,MINISTERIO PÚBLICO,,,,0,2,Morelia,Sin datos,febrero,miércoles,1,-101.302285306156,19.588282764305
48339,48345,2024,,2024/02/21,"07:45:00",COLISIÓN POR CAMBIO DE CARRIL,ASFALTO,Bueno,Bueno,3,RENAULT/CLIO,GRIS,3,,27,MASCULINO,SIN DATOS,0,0,Morelia,Nueva Jacarndas,febrero,miércoles,8,-101.191648494512,19.6821387685254
48340,48346,2024,MOR2308977,2024/02/21,"07:51:00",COLISIÓN POR ALCANCE,ASFALTO,Bueno,Bueno,2,KENWORTH,ROJO,2,,,MASCULINO,SIN DATOS,0,0,Morelia,Mariano Michelena,febrero,miércoles,8,-101.230176128447,19.6769729426478
48341,48347,2024,LEG51673,2024/02/21,13:00:00,COLISIÓN POR CAMBIO DE CARRIL,ASFALTO,Bueno,Bueno,2,KENWORTH,ROJO,2,,40,MASCULINO,CON CERTIFICADO,0,0,Morelia,Arcos del Valle,febrero,miércoles,13,-101.236173212528,19.7075753604291
48342,48348,2024,,2024/02/21,13:40:00,COLISIÓN POR CAMBIO DE CARRIL,ASFALTO,Bueno,Bueno,2,FORD,PLATA,2,MINISTERIO PÚBLICO,49,MASCULINO,SIN DATOS,1,0,Morelia,Plan de Ayutla,febrero,miércoles,14,-101.212140284479,19.7064990324141
48343,48349,2024,MOR2356781,2024/02/21,15:00:00,COLISIÓN POR ALCANCE,ASFALTO,Bueno,Bueno,2,NISSAN,ROJO,2,MINISTERIO PÚBLICO,,MASCULINO,SIN DATOS,0,0,Morelia,Loma de Los Piñones,febrero,miércoles,15,-101.203541457653,19.6749227867534
48344,48350,2024,MOR245678,2024/02/21,20:40:00,COLISIÓN POR ALCANCE,ASFALTO,Bueno,Bueno,2,NISSAN,BLANCO,2,,,FEMENINO,SIN DATOS,0,0,Morelia,Fuentes de Morelia,febrero,miércoles,21,-101.204356849194,19.6722995970816
48345,48351,2024,,2024/02/21,23:05:00,COLISIÓN POR INVASIÓN DE CARRIL,ASFALTO,Bueno,Bueno,2,DODGE,GRIS CUARZO,0,,,,,0,0,Charo,La Goleta,febrero,miércoles,23,-101.079086959362,19.7396579707478
48346,48352,2024,,2024/02/22,"00:35:00",COLISIÓN CONTRA OBJETO FIJO,CONCRETO,Bueno,Bueno,1,CHEVROLET,ROJO,0,,,,,0,0,Morelia,Isaac Arriaga,febrero,jueves,1,-101.16870559752,19.7123073301094
48347,48353,2024,,2024/02/22,"08:50:00",COLISIÓN POR MANIOBRA DE REVERSA,ASFALTO,Bueno,Bueno,2,CADILLAC,ROJO,2,,23,MASCULINO,SIN DATOS,0,0,Morelia,Agua Clara,febrero,jueves,9,-101.224493915,19.7025742199991
48348,48354,2024,,2024/02/22,"08:55:00",COLISIÓN POR ALCANCE,ASFALTO,Bueno,Bueno,2,CHEVROLET,GRIS,2,,37,MASCULINO,SIN DATOS,0,0,Morelia,Loma de Los Piñones,febrero,jueves,9,-101.205067969859,19.6740201920958
48349,48355,2024,,2024/02/22,10:02:00,COLISIÓN POR CORTE DE CIRCULACIÓN,ASFALTO,Bueno,Bueno,2,MERCEDES BENZ,BLANCO Y NARANJA,2,,59,MASCULINO,SIN DATOS,0,0,Morelia,Las Flores,febrero,jueves,10,-101.206885837018,19.702481834547
48350,48356,2024,LEG51692,2024/02/22,11:15:00,COLISIÓN POR CORTE DE CIRCULACIÓN,CONCRETO,Bueno,Bueno,2,CHEVROLET,VERDE,2,MINISTERIO PÚBLICO,25,MASCULINO,SIN DATOS,0,0,Morelia,Felix Ireta,febrero,jueves,11,-101.18818949908,19.6855814799675
48351,48357,2024,,2024/02/22,12:10:00,COLISIÓN CONTRA OBJETO FIJO,CONCRETO,Bueno,Bueno,1,CHEVROLET,ROJO,1,,37,MASCULINO,SIN DATOS,0,0,Morelia,Villas del Pedregal,febrero,jueves,12,-101.309507489204,19.6703175750124
48352,48358,2024,,2024/02/22,12:30:00,COLISIÓN CONTRA OBJETO FIJO,CONCRETO,Bueno,Bueno,2,NISSAN,GUINDA,2,MINISTERIO PÚBLICO,,MASCULINO,SIN DATOS,0,0,Morelia,Fuentes de Morelia,febrero,jueves,13,-101.204590201378,19.6729250118284
48353,48359,2024,,2024/02/22,12:45:00,COLISIÓN CON PEATÓN,SIN_DATOS,Bueno,Bueno,2,NISSAN,NARANJA,0,MINISTERIO PÚBLICO,,,,0,0,Lázaro Cárdenas,600 Casas,febrero,jueves,13,-102.220200262964,17.9639777025073
48354,48360,2024,,2024/02/22,13:55:00,COLISIÓN POR CORTE DE CIRCULACIÓN,CONCRETO,Bueno,Bueno,2,YAMAHA,VERDE,2,MINISTERIO PÚBLICO,30,MASCULINO,SIN DATOS,0,0,Pátzcuaro,General Manuel Garcia Pueblita,febrero,jueves,14,-101.60117726773,19.5109171715692
48355,48361,2024,,2024/02/22,14:40:00,COLISIÓN POR CORTE DE CIRCULACIÓN,ASFALTO,Bueno,Bueno,2,MITSUBISHI,ROJO,2,,23,MASCULINO,SIN DATOS,0,0,Morelia,Felix Ireta,febrero,jueves,15,-101.184080354869,19.6890027944157
48356,48362,2024,MOR2400110289,2024/02/22,17:50:00,COLISIÓN POR CORTE DE CIRCULACIÓN,ASFALTO,Bueno,Bueno,2,DODGE,BLANCO,2,,52,MASCULINO,SIN DATOS,0,0,Morelia,Elias Perez Avalos,febrero,jueves,18,-101.167595498264,19.7118963815173
48357,48363,2024,LEG51694,2024/02/22,18:34:00,COLISIÓN POR CAMBIO DE CARRIL,ASFALTO,Bueno,Bueno,2,FIAT,PLATA,2,,23,FEMENINO,SIN DATOS,0,0,Morelia,Jardines de Guadalupe,febrero,jueves,19,-101.222854703665,19.714674209315
48358,48364,2024,,2024/02/22,19:40:00,COLISIÓN CON PEATÓN,ASFALTO,Bueno,Bueno,1,VENTO,NEGRO,2,,25,MASCULINO,SIN DATOS,1,0,Morelia,Las Margaritas,febrero,jueves,20,-101.207882612944,19.708206950124
48359,48365,2024,MOR 240110722,2024/02/22,20:30:00,COLISIÓN POR ALCANCE,ASFALTO,Bueno,Bueno,2,FORD,VERDE,2,,51,MASCULINO,SIN DATOS,0,0,Morelia,Vicente Lombardo Toledano (Ejidal Isacc Arriaga) (Etnias de Mexico),febrero,jueves,21,-101.154151260853,19.7164874568537
48360,48366,2024,LEG51695,2024/02/22,20:53:00,COLISIÓN POR MANIOBRA DE REVERSA,ASFALTO,Bueno,Bueno,2,VOLKSWAGEN,GRIS,2,,41,MASCULINO,SIN DATOS,0,0,Morelia,Libertad,febrero,jueves,21,-101.235485247231,19.6875403386505
48361,48367,2024,,2024/02/23,"08:40:00",COLISIÓN POR CORTE DE CIRCULACIÓN,ASFALTO,Bueno,Bueno,3,S/D,S/D,3,MINISTERIO PÚBLICO,,,SIN DATOS,0,0,Morelia,El Eden,febrero,viernes,9,-101.249640919268,19.6460331322357
48362,48368,2024,,2024/02/23,12:10:00,COLISIÓN POR CAMBIO DE CARRIL,ASFALTO,Bueno,Bueno,2,NISSAN,BLANCO/NARANJA,2,,30,MASCULINO,SIN DATOS,0,0,Morelia,Obrera,febrero,viernes,12,-101.18839032948,19.7107509593222
48363,48369,2024,,2024/02/23,12:55:00,COLISIÓN CONTRA OBJETO FIJO,ASFALTO,Bueno,Bueno,1,VOLKSWAGEN,BLANCO/AZUL,1,,51,MASCULINO,SIN DATOS,0,0,Morelia,Emiliano Zapata,febrero,viernes,13,-101.228318363428,19.6581638153033
48364,48370,2024,,2024/02/23,13:00:00,COLISIÓN POR CORTE DE CIRCULACIÓN,CONCRETO,Bueno,Bueno,2,GMC,GRIS,2,,,MASCULINO,SIN DATOS,0,0,Morelia,Adolfo Lopez Mateos,febrero,viernes,13,-101.226857900619,19.6950901415947
48365,48371,2024,MOR2236791,2024/02/23,13:44:00,COLISIÓN POR CORTE DE CIRCULACIÓN,ASFALTO,Bueno,Bueno,2,INTERNACIONAL,AZUL,2,,,MASCULINO,SIN DATOS,0,0,Morelia,Jardines de Torremolinos,febrero,viernes,14,-101.229661144316,19.6769950415059
48366,48372,2024,,2024/02/23,14:45:00,COLISIÓN POR CORTE DE CIRCULACIÓN,CONCRETO,Bueno,Bueno,2,MAZDA,ROJO,2,MINISTERIO PÚBLICO,23,MASCULINO,SIN DATOS,0,0,Morelia,Chapultepec Norte,febrero,viernes,15,-101.168160438538,19.6958518328681
48367,48373,2024,,2024/02/23,19:40:00,COLISIÓN POR CORTE DE CIRCULACIÓN,CONCRETO,Bueno,Bueno,2,ITALIKA,BLANCO,2,,,MASCULINO,SIN DATOS,0,0,Morelia,Guadalupe,febrero,viernes,20,-101.224499568343,19.7069983737604
48368,48374,2024,,2024/02/23,19:40:00,COLISIÓN POR CAMBIO DE CARRIL,ASFALTO,Bueno,Bueno,2,ITALIKA,VERDE,2,MINISTERIO PÚBLICO,35,MASCULINO,ALIENTO ETÍLICO,0,0,Morelia,Sin datos,febrero,viernes,20,-101.12080771476,19.7638105151965
48369,48375,2024,,2024/02/23,20:40:00,COLISIÓN POR CAMBIO DE CARRIL,ASFALTO,Bueno,Bueno,2,MINI/COOPER,AZUL,2,,24,FEMENINO,SIN DATOS,0,0,Morelia,Alberto Oviedo Mota,febrero,viernes,21,-101.201934143901,19.6778089087572
48370,48376,2024,LEG51717,2024/02/24,"02:10:00",COLISIÓN POR INVASIÓN DE CARRIL,CONCRETO,Nublado,Bueno,2,VOLKSWAGEN,GUINDA,2,,33,MASCULINO,SIN DATOS,0,0,Morelia,Arboledas de Valladolid,febrero,sábado,2,-101.250370815396,19.6945531991529
48371,48377,2024,MOR 2345678,2024/02/24,"03:00:00",VOLCADURA,ASFALTO,Bueno,Bueno,1,VOLKSWAGEN,ROJO,0,MINISTERIO PÚBLICO,,,,0,0,Morelia,Union Popular Solidaria,febrero,sábado,3,-101.22055772692,19.7054545769857
48372,48378,2024,,2024/02/24,11:40:00,COLISIÓN POR CORTE DE CIRCULACIÓN,ASFALTO,Bueno,Bueno,2,MAZDA,BLANCO,2,,31,MASCULINO,SIN DATOS,0,0,Morelia,Centro,febrero,sábado,12,-101.192376762629,19.7056016660141
48373,48379,2024,,2024/02/24,13:40:00,COLISIÓN POR CAMBIO DE CARRIL,ASFALTO,Bueno,Bueno,2,HONDA,BLANCO,2,,31,MASCULINO,SIN DATOS,0,0,Morelia,Arcos del Valle,febrero,sábado,14,-101.236249320209,19.7076236529826
48374,48380,2024,LEG51710,2024/02/24,15:10:00,COLISIÓN POR ALCANCE,ASFALTO,Bueno,Bueno,2,GMC,AZUL,2,,20,MASCULINO,SIN DATOS,0,0,Morelia,Canteras de Morelia,febrero,sábado,15,-101.171492747962,19.7147534308294
48375,48381,2024,,2024/02/24,15:50:00,COLISIÓN POR MANIOBRA DE REVERSA,ASFALTO,Bueno,Bueno,2,VOLKSWAGEN,NEGRO,0,,,,,0,0,Morelia,Nueva Valladolid,febrero,sábado,16,-101.211553886533,19.6999399034124
48376,48382,2024,LEG51711,2024/02/24,16:10:00,COLISIÓN POR ALCANCE,ASFALTO,Bueno,Bueno,3,FORD,BLANCO,3,,34,MASCULINO,SIN DATOS,0,0,Morelia,Rafael Carrillo,febrero,sábado,16,-101.236438415945,19.7078010411912
48377,48383,2024,,2024/02/24,20:10:00,COLISIÓN POR INVASIÓN DE CARRIL,ASFALTO,Bueno,Regular,2,VOLKSWAGEN,ROJO,0,MINISTERIO PÚBLICO,,,,0,0,Irimbo,Sin datos,febrero,sábado,20,-100.4954989627,19.6913573915924
48378,48384,2024,,2024/02/24,21:00:00,COLISIÓN POR INVASIÓN DE CARRIL,ASFALTO,Bueno,Bueno,2,FORD,BLANCO,2,MINISTERIO PÚBLICO,19,MASCULINO,SIN DATOS,0,0,Morelia,Solidaridad,febrero,sábado,21,-101.204542592168,19.7283486499291
48379,48385,2024,LEG51714,2024/02/24,22:00:00,COLISIÓN CONTRA OBJETO FIJO,ASFALTO,Nublado,Bueno,2,CHEVROLET,GRIS,1,,32,FEMENINO,SIN DATOS,0,0,Morelia,Ferrocarrilero,febrero,sábado,22,-101.218431740999,19.6966236216133
48380,48386,2024,LEG51715,2024/02/24,22:24:00,COLISIÓN POR ALCANCE,ASFALTO,Bueno,Bueno,2,NISSAN,GRIS,2,,35,MASCULINO,SIN DATOS,0,0,Morelia,Rafael Carrillo,febrero,sábado,22,-101.236441098154,19.7077994630051
48381,48387,2024,LEG51716,2024/02/24,22:58:00,COLISIÓN CONTRA OBJETO FIJO,ASFALTO,Bueno,Bueno,1,VOLKSWAGEN,PLATA,1,,41,MASCULINO,SIN DATOS,0,0,Morelia,2 de Octubre,febrero,sábado,23,-101.378387287259,19.6719993592514
48382,48388,2024,,2024/02/25,"03:15:00",COLISIÓN POR ALCANCE,ASFALTO,Bueno,Bueno,2,FORD,GRIS,2,,,MASCULINO,SIN DATOS,0,0,Morelia,Los Manantiales de Morelia,febrero,domingo,3,-101.240274980664,19.6927397029886
48383,48389,2024,MOR 240115973,2024/02/25,"04:25:00",VOLCADURA,ASFALTO,Bueno,Regular,2,VOLKSWAGEN,VERDE,2,,46,MASCULINO,SIN DATOS,0,0,Morelia,El Lago 3,febrero,domingo,4,-101.218569874763,19.7245664950393
48384,48390,2024,LEG51718,2024/02/25,"09:07:00",COLISIÓN POR ALCANCE,CONCRETO,Bueno,Bueno,2,VOLKSWAGEN,ROJO,1,,56,MASCULINO,SIN DATOS,0,0,Morelia,Ventura Puente,febrero,domingo,9,-101.189370341599,19.6959556852309
48385,48391,2024,,2024/02/25,13:00:00,COLISIÓN POR CORTE DE CIRCULACIÓN,ASFALTO,Bueno,Bueno,2,GMC,VERDE,3,MINISTERIO PÚBLICO,54,MASCULINO,SIN DATOS,1,0,Pátzcuaro,Centro,febrero,domingo,13,-101.606983914971,19.5193794369615
48386,48392,2024,,2024/02/25,15:00:00,COLISIÓN POR CORTE DE CIRCULACIÓN,ASFALTO,Bueno,Bueno,2,S/D,S/D,1,,,,SIN DATOS,0,0,Morelia,Sin datos,febrero,domingo,15,-101.340680122376,19.68772809658
48387,48393,2024,,2024/02/25,16:10:00,COLISIÓN POR ALCANCE,ASFALTO,Bueno,Regular,2,VELOCI,NEGRO,2,,22,MASCULINO,SIN DATOS,0,0,Morelia,Felix Arreguin,febrero,domingo,16,-101.225646883249,19.7210421050856
48388,48394,2024,LEG51723,2024/02/25,18:38:00,COLISIÓN POR ALCANCE,ASFALTO,Bueno,Bueno,2,ITALIKA,NEGRO Y ROJO,2,MINISTERIO PÚBLICO,0,MASCULINO,SIN DATOS,0,0,Morelia,Mision del Valle,febrero,domingo,19,-101.117901876569,19.7635533608661
48389,48395,2024,,2024/02/25,19:45:00,COLISIÓN POR CORTE DE CIRCULACIÓN,ASFALTO,Bueno,Bueno,2,VOLSKAGEN,AZUL,2,MINISTERIO PÚBLICO,37,MASCULINO,SIN DATOS,0,0,Pátzcuaro,El Calvario,febrero,domingo,20,-101.618553623557,19.5136248413099
48390,48396,2024,,2024/02/25,20:15:00,COLISIÓN POR ALCANCE,ASFALTO,Bueno,Bueno,4,NISSAN,PLATA,3,MINISTERIO PÚBLICO,51,MASCULINO,SIN DATOS,0,0,Tarímbaro,Sin datos,febrero,domingo,20,-101.131164729595,19.7766137521865
48391,48397,2024,,2024/02/25,20:20:00,COLISIÓN POR CORTE DE CIRCULACIÓN,ASFALTO,Bueno,Bueno,2,VOLKSWAGEN,BLANCO,0,MINISTERIO PÚBLICO,,,,0,0,Lázaro Cárdenas,Sin datos,febrero,domingo,20,-102.252584919333,17.9493952284291
48392,48398,2024,,2024/02/25,21:40:00,COLISIÓN POR CORTE DE CIRCULACIÓN,ASFALTO,Bueno,Bueno,2,MAZDA,ROJO,0,MINISTERIO PÚBLICO,,,,0,0,Lázaro Cárdenas,Centro,febrero,domingo,22,-102.201452627778,17.9586074502992
48393,48399,2024,,2024/02/25,22:30:00,COLISIÓN POR CORTE DE CIRCULACIÓN,CONCRETO,Bueno,Bueno,2,TOYOTA,GRIS,2,,,MASCULINO,SIN DATOS,0,0,Morelia,Industrial,febrero,domingo,23,-101.201352104545,19.7108866807603
48394,48400,2024,LEG51724,2024/02/25,23:00:00,COLISIÓN CONTRA OBJETO FIJO,ASFALTO,Bueno,Bueno,1,CADILLAC,GRIS,1,,,,SIN DATOS,0,0,Morelia,Dr Miguel Silva,febrero,domingo,23,-101.187196075916,19.7206479063737
48395,48401,2024,,2024/02/26,"00:00:00",COLISIÓN CONTRA OBJETO FIJO,ASFALTO,Bueno,Bueno,1,VOLKSWAGEN,CAFE,0,,,,,0,0,Morelia,Ciudad Industrial,febrero,lunes,0,-101.14554366932,19.7284851395985
48396,48402,2024,,2024/02/26,"07:10:00",SALIDA DE SUPERFICIE DE RODAMIENTO,ASFALTO,Bueno,Bueno,1,CHEVROLET,GRIS,1,,47,FEMENINO,SIN DATOS,0,0,Morelia,Sin datos,febrero,lunes,7,-101.11455884192,19.7372316661679
48397,48403,2024,,2024/02/26,"07:10:00",COLISIÓN CONTRA OBJETO FIJO,ASFALTO,Bueno,Bueno,1,KIA,BLANCO,1,,,MASCULINO,SIN DATOS,0,0,Morelia,Sin datos,febrero,lunes,7,-101.306873875,19.588592933496
48398,48404,2024,,2024/02/26,"07:30:00",VOLCADURA,ASFALTO,Bueno,Bueno,1,ISUZU,BLANCO,1,,34,MASCULINO,SIN DATOS,0,0,Morelia,Sin datos,febrero,lunes,8,-101.306873875,19.588592933496
48400,48406,2024,,2024/02/26,10:20:00,COLISIÓN POR ALCANCE,ASFALTO,Bueno,Bueno,2,FORD 150,NEGRO,2,,36,MASCULINO,SIN DATOS,0,0,Morelia,Rinconada del Valle,febrero,lunes,10,-101.222201261191,19.6773787628329
48401,48407,2024,,2024/02/26,12:10:00,COLISIÓN POR INVASIÓN DE CARRIL,ASFALTO,Bueno,Bueno,2,NISSAN,BLANCO Y VERDE,2,MINISTERIO PÚBLICO,33,MASCULINO,SIN DATOS,0,0,Morelia,Sin datos,febrero,lunes,12,-101.11455884192,19.7372316661679
48402,48408,2024,,2024/02/26,16:00:00,COLISIÓN POR ALCANCE,ASFALTO,Bueno,Bueno,2,HONDA,GRIS Y AZUL,2,,52,MASCULINO,SIN DATOS,0,0,Morelia,Nueva Chapultepec,febrero,lunes,16,-101.170656534483,19.6877951794071
48403,48409,2024,MOR  240120116,2024/02/26,20:20:00,COLISIÓN POR CORTE DE CIRCULACIÓN,ASFALTO,Bueno,Regular,2,VOLKSWAGEN,GRIS,2,,33,MASCULINO,SIN DATOS,0,0,Morelia,Nueva Valladolid,febrero,lunes,20,-101.211483945359,19.6992598320994
48405,48411,2024,,2024/02/26,23:00:00,COLISIÓN POR ALCANCE,ASFALTO,Bueno,Bueno,2,NISSAN,BLANCO,2,,32,MASCULINO,SIN DATOS,0,0,Morelia,San Jose Itzicuaro,febrero,lunes,23,-101.312729157507,19.6872157523176
48406,48412,2024,,2024/02/27,"00:00:00",COLISIÓN POR NO RESPETAR SEMÁFORO,CONCRETO,Bueno,Bueno,2,ITALIKA,NEGRO,2,,23,MASCULINO,SIN DATOS,0,0,Morelia,Industrial,febrero,martes,0,-101.199638862078,19.7066286182322
48407,48413,2024,LEG51739,2024/02/27,"07:00:00",COLISIÓN CONTRA OBJETO FIJO,ASFALTO,Bueno,Bueno,1,MAZDA,BLANCO,0,MINISTERIO PÚBLICO,,,,0,0,Morelia,Sin datos,febrero,martes,7,-101.271984916253,19.6449319515432
48408,48414,2024,,2024/02/27,"09:30:00",COLISIÓN POR NO RESPETAR SEMÁFORO,ASFALTO,Bueno,Bueno,2,CHEVROLET,ROJO,2,,65,MASCULINO,SIN DATOS,0,0,Morelia,La Huerta,febrero,martes,10,-101.228095606748,19.6688894811145
48411,48417,2024,,2024/02/27,14:15:00,SALIDA DE SUPERFICIE DE RODAMIENTO,ASFALTO,Bueno,Bueno,1,FORD/RANGER,BLANCO,1,,39,MASCULINO,SIN DATOS,0,0,Morelia,Ana Maria Gallaga (Riviera Norte),febrero,martes,14,-101.22460476,19.6777109999991
48412,48418,2024,,2024/02/27,20:30:00,COLISIÓN POR CORTE DE CIRCULACIÓN,ASFALTO,Bueno,Bueno,2,MITSUBISHI/L200,PLATA,2,,50,MASCULINO,SIN DATOS,0,0,Morelia,Bosques Tres Marias,febrero,martes,21,-101.102,19.7232
48413,48419,2024,,2024/02/28,"00:00:00",COLISIÓN POR NO RESPETAR SEMÁFORO,ASFALTO,Bueno,Bueno,2,ITALIKA,NEGRO,2,MINISTERIO PÚBLICO,27,MASCULINO,SIN DATOS,0,0,Morelia,Ejidal Ocolusen,febrero,miércoles,0,-101.153460256755,19.6873325530639
48414,48420,2024,,2024/02/28,"01:30:00",COLISIÓN CONTRA OBJETO FIJO,CONCRETO,Bueno,Bueno,1,GMC,BLANCO,1,,,MASCULINO,SIN DATOS,0,0,Morelia,Elias Perez Avalos,febrero,miércoles,2,-101.167813022979,19.7136335493406
48415,48421,2024,,2024/02/28,"06:40:00",COLISIÓN POR ALCANCE,ASFALTO,Bueno,Bueno,2,NISSAN,BLANCO,2,MINISTERIO PÚBLICO,65,FEMENINO,SIN DATOS,0,0,Hidalgo,Sin Nombre,febrero,miércoles,7,-100.553519167006,19.7074478427668
48416,48422,2024,LEG51757,2024/02/28,"09:10:00",COLISIÓN POR CORTE DE CIRCULACIÓN,ASFALTO,Bueno,Bueno,3,TOYOTA,BLANCO,3,,22,MASCULINO,SIN DATOS,0,0,Morelia,Lomas del Valle,febrero,miércoles,9,-101.228388100863,19.6898450111925