fid,id_accidente,anio_origen,folio_c5i,dia_incidente,hora_ocurrencia,tipo_incidente_vial,superficie_ocurrencia,condiciones_climaticas,condiciones_via,numero_vehiculos_involucrados,marca_vehiculo_ocasiona_siniestro,color_vehiculo_ocasiona_siniestro,numero_personas_involucradas,lugar_remite_presunto_responsable,edad_presunto_responsable,sexo_presunto_responsable,resultados_toxicologia,numero_personas_lesionadas,numero_personas_fallecidas,municipio,colonia,mes,dia_semana,hora_redondeada,lon,lat
48417,48423,2024,,2024/02/28,10:40:00,COLISIÓN POR CORTE DE CIRCULACIÓN,ASFALTO,Bueno,Bueno,2,NISSAN,BLANCO,3,MINISTERIO PÚBLICO,69,MASCULINO,SIN DATOS,1,0,Hidalgo,Corros,febrero,miércoles,11,-100.553888641298,19.707408388024
48418,48424,2024,,2024/02/28,12:30:00,COLISIÓN POR ALCANCE,ASFALTO,Bueno,Bueno,2,MG,Blanco,2,,18,FEMENINO,SIN DATOS,0,0,Morelia,Jardines del Rincon,febrero,miércoles,13,-101.150965131819,19.6896824397084
48419,48425,2024,MOR 240123546,2024/02/28,13:30:00,COLISIÓN POR CORTE DE CIRCULACIÓN,ASFALTO,Bueno,Regular,2,HONDA,NEGRO,2,,40,MASCULINO,SIN DATOS,0,0,Morelia,Avicola Benito Juarez,febrero,miércoles,14,-101.279538832605,19.6913476058332
48420,48426,2024,LEG51750,2024/02/28,15:33:00,COLISIÓN POR ALCANCE,ASFALTO,Bueno,Bueno,3,HONDA,AZUL,3,,,MASCULINO,SIN DATOS,0,0,Morelia,Nueva Jacarndas,febrero,miércoles,16,-101.191648494512,19.6821387685254
48421,48427,2024,,2024/02/28,17:05:00,COLISIÓN POR ALCANCE,ASFALTO,Bueno,Bueno,2,JEEP,GRIS,2,,18,FEMENINO,SIN DATOS,0,0,Morelia,Jardines del Rincon,febrero,miércoles,17,-101.153407618403,19.6873486526196
48422,48428,2024,LEG51761,2024/02/28,17:20:00,COLISIÓN POR CORTE DE CIRCULACIÓN,CONCRETO,Bueno,Bueno,2,ITALIKA,BLANCO,3,,33,MASCULINO,SIN DATOS,1,0,Morelia,Indeco Expropiacion Petrolera,febrero,miércoles,17,-101.227496936917,19.6836529729479
48424,48430,2024,LEG51760,2024/02/28,20:50:00,COLISIÓN CONTRA OBJETO FIJO,CONCRETO,Bueno,Bueno,1,VOLKSWAGEN,NEGRO,1,,56,MASCULINO,SIN DATOS,0,0,Morelia,Mision del Valle,febrero,miércoles,21,-101.117930039763,19.7635700837983
48425,48431,2024,LEG51756,2024/02/28,21:00:00,COLISIÓN POR ALCANCE,ASFALTO,Bueno,Regular,2,NISSAN,BLANCO y ROJO,2,,29,,SIN DATOS,0,0,Morelia,La Esperanza,febrero,miércoles,21,-101.152708232403,19.6985652299282
48426,48432,2024,MOR  240012447,2024/02/28,21:20:00,COLISIÓN POR CORTE DE CIRCULACIÓN,CONCRETO,Bueno,Bueno,2,NISSAN,BLANCO,2,,40,MASCULINO,SIN DATOS,0,0,Morelia,Defensores De Puebla,febrero,miércoles,21,-101.240381263196,19.7097586111683
48427,48433,2024,,2024/02/29,"00:45:00",COLISIÓN POR CAMBIO DE CARRIL,ASFALTO,Bueno,Bueno,2,NISSAN,BLANCO,2,MINISTERIO PÚBLICO,28,MASCULINO,SIN DATOS,0,0,Morelia,La Soledad,febrero,jueves,1,-101.183396056294,19.7272203879594
48428,48434,2024,MOR2245781,2024/02/29,"08:23:00",COLISIÓN POR CORTE DE CIRCULACIÓN,ASFALTO,Bueno,Bueno,2,VOLKSWAGEN,AZUL,2,MINISTERIO PÚBLICO,,FEMENINO,SIN DATOS,0,0,Morelia,Jardines de Torremolinos,febrero,jueves,8,-101.225762888789,19.6786069871363
48429,48435,2024,,2024/02/29,"08:40:00",COLISIÓN POR ALCANCE,ASFALTO,Bueno,Bueno,3,GENERAL MOTORS,BLANCO Y ROJO,3,,29,MASCULINO,SIN DATOS,0,0,Morelia,Lomas de Guayangareo,febrero,jueves,9,-101.160960056503,19.7026870450485
48430,48436,2024,LEG51769,2024/02/29,"09:00:00",COLISIÓN POR ALCANCE,ASFALTO,Bueno,Bueno,2,FORD,GRIS,2,,40,MASCULINO,SIN DATOS,0,0,Tarímbaro,Los Angeles,febrero,jueves,9,-101.171694248915,19.7506932223921
48431,48437,2024,,2024/02/29,10:25:00,COLISIÓN POR ALCANCE,ASFALTO,Bueno,Bueno,2,CHEVROLET,GRIS,2,,82,MASCULINO,SIN DATOS,0,0,Morelia,Vasco de Quiroga,febrero,jueves,10,-101.169039532542,19.702319907194
48432,48438,2024,,2024/02/29,11:05:00,COLISIÓN CON PEATÓN,ASFALTO,Bueno,Bueno,1,CHEVROLET,ROJO,2,,36,MASCULINO,SIN DATOS,1,0,Morelia,Ejidal Ocolusen,febrero,jueves,11,-101.153190359473,19.686398776067
48433,48439,2024,MOR 224567891,2024/02/29,13:05:00,VOLCADURA,ASFALTO,Bueno,Bueno,1,CHEVROLET,GRIS,1,,,MASCULINO,SIN DATOS,0,0,Morelia,El Eden,febrero,jueves,13,-101.24963991344,19.6460302904054
48434,48440,2024,LEG51770,2024/02/29,15:00:00,COLISIÓN POR ALCANCE,ASFALTO,Bueno,Bueno,2,NISSAN,BLANCO,2,,26,MASCULINO,SIN DATOS,0,0,Morelia,Nicolaitas Ilustres,febrero,jueves,15,-101.22834853828,19.7194646731767
48435,48441,2024,MOR22345612,2024/02/29,17:03:00,COLISIÓN POR CORTE DE CIRCULACIÓN,ASFALTO,Bueno,Bueno,1,MAZDA,GUINDA,1,,,MASCULINO,SIN DATOS,0,0,Morelia,Sentimientos de La Nacion,febrero,jueves,17,-101.232337988913,19.6777707094946
48436,48442,2024,,2024/02/29,17:30:00,COLISIÓN POR MANIOBRA DE REVERSA,CONCRETO,Bueno,Bueno,2,FORD,ROJO,2,,,MASCULINO,SIN DATOS,0,0,Morelia,Felix Ireta,febrero,jueves,18,-101.180247813463,19.6879361274546
48437,48443,2024,,2024/02/29,20:10:00,COLISIÓN POR INVASIÓN DE CARRIL,ASFALTO,Bueno,Bueno,1,VOLKSWAGEN,ROJO,0,MINISTERIO PÚBLICO,,,,0,0,Irimbo,Sin datos,febrero,jueves,20,-100.495114400983,19.6917014711328
48438,48444,2024,,2024/03/01,"00:00:00",COLISIÓN POR CAMBIO DE CARRIL,ASFALTO,Bueno,Bueno,2,KIA,GRIS,2,,26,MASCULINO,SIN DATOS,0,0,Morelia,Loma de Los Piñones,marzo,viernes,0,-101.207097731531,19.6728145147008
48439,48445,2024,,2024/03/01,"01:35:00",COLISIÓN CONTRA OBJETO FIJO,ASFALTO,Bueno,Bueno,2,BMW 118iA,GRIS,2,MINISTERIO PÚBLICO,,MASCULINO,SIN DATOS,0,0,Morelia,Eduardo Ruiz,marzo,viernes,2,-101.221432127059,19.7216054698518
48440,48446,2024,LEG51784,2024/03/01,"07:25:00",COLISIÓN POR ALCANCE,ASFALTO,Bueno,Bueno,3,HONDA,AZUL,3,,38,MASCULINO,SIN DATOS,0,0,Morelia,Bosques de Oriente,marzo,viernes,7,-101.155452132225,19.7156024557503
48441,48447,2024,,2024/03/01,"08:30:00",COLISIÓN CONTRA OBJETO FIJO,CONCRETO,Bueno,Bueno,1,VOLKSWAGEN,BLANCO,1,MINISTERIO PÚBLICO,36,MASCULINO,SIN DATOS,0,0,Morelia,Congreso Constituyente de Michoacan,marzo,viernes,9,-101.1714225,19.722009
48442,48448,2024,LEG51785,2024/03/01,"09:30:00",COLISIÓN POR CORTE DE CIRCULACIÓN,ASFALTO,Bueno,Bueno,2,FORD,NEGRO,2,,23,FEMENINO,SIN DATOS,0,0,Morelia,Nueva Chapultepec,marzo,viernes,10,-101.164392270148,19.6884064845814
48443,48449,2024,LEG51786,2024/03/01,"09:45:00",COLISIÓN POR CORTE DE CIRCULACIÓN,CONCRETO,Bueno,Bueno,2,TOYOTA,BLANCO Y GRIS,2,MINISTERIO PÚBLICO,19,MASCULINO,SIN DATOS,0,0,Morelia,Lazaro Cardenas,marzo,viernes,10,-101.163762286305,19.7088808324308
48444,48450,2024,,2024/03/01,"09:50:00",COLISIÓN POR CAMBIO DE CARRIL,ASFALTO,Bueno,Bueno,2,KENWORTH,BLANCO,2,,24,MASCULINO,SIN DATOS,0,0,Morelia,Sentimientos de La Nacion,marzo,viernes,10,-101.235674656928,19.6821389413443
48445,48451,2024,LEG51787,2024/03/01,10:49:00,COLISIÓN POR CAMBIO DE CARRIL,ASFALTO,Bueno,Bueno,2,KENWORTH,BLANCO,2,,40,MASCULINO,SIN DATOS,0,0,Morelia,Division del Norte,marzo,viernes,11,-101.164574995637,19.7108541707519
48446,48452,2024,LEG51789,2024/03/01,11:40:00,COLISIÓN POR CORTE DE CIRCULACIÓN,ASFALTO,Bueno,Bueno,2,FORD,BLANCO,2,,47,MASCULINO,SIN DATOS,0,0,Morelia,Ventura Puente,marzo,viernes,12,-101.185085177422,19.6931601707695
48447,48453,2024,,2024/03/01,11:45:00,COLISIÓN POR CAMBIO DE CARRIL,ASFALTO,Bueno,Bueno,2,VOLKSWAGEN,PLATA,2,,28,MASCULINO,SIN DATOS,0,0,Morelia,Molino de Parras,marzo,viernes,12,-101.206586100161,19.7016886099058
48448,48454,2024,,2024/03/01,12:05:00,COLISIÓN POR ALCANCE,CONCRETO,Bueno,Bueno,2,KIA,BLANCO,2,,35,FEMENINO,SIN DATOS,0,0,Morelia,Sin datos,marzo,viernes,12,-101.117052286863,19.7025051924752
48449,48455,2024,,2024/03/01,14:40:00,COLISIÓN POR CAMBIO DE CARRIL,ASFALTO,Bueno,Bueno,2,DINA,AMARILLO,2,,46,MASCULINO,SIN DATOS,0,0,Morelia,Mariano Michelena,marzo,viernes,15,-101.230176798999,19.6769716798558
48450,48456,2024,,2024/03/01,18:00:00,COLISIÓN POR CORTE DE CIRCULACIÓN,ASFALTO,Bueno,Bueno,2,CHEVROLET,BLANCO/NARANJA,2,MINISTERIO PÚBLICO,32,MASCULINO,SIN DATOS,0,0,Charo,Sin datos,marzo,viernes,18,-101.013325899839,19.6999815695655
48451,48457,2024,MOR 240123428,2024/03/01,18:30:00,COLISIÓN POR ALCANCE,CONCRETO,Bueno,Bueno,2,VOLKSWAGEN,PLATA,2,,35,MASCULINO,SIN DATOS,0,0,Morelia,Pascual Ortiz de Ayala,marzo,viernes,19,-101.152465492487,19.6950538404282
48452,48458,2024,LEG51790,2024/03/01,19:45:00,COLISIÓN POR CAMBIO DE CARRIL,ASFALTO,Bueno,Bueno,2,FREIGHTLINER,BLANCO,2,,40,MASCULINO,SIN DATOS,0,0,Morelia,La Esperanza,marzo,viernes,20,-101.251692473888,19.6982587282142
48453,48459,2024,,2024/03/01,20:40:00,COLISIÓN CONTRA OBJETO FIJO,TERRACERIA,Bueno,Bueno,2,FORD,BLANCO,1,,44,MASCULINO,SIN DATOS,0,0,Morelia,Sin datos,marzo,viernes,21,-101.338158175349,19.6905091850164
48454,48460,2024,LEG51791,2024/03/01,23:20:00,CAIDA DE MOTOCICLETA,ASFALTO,Bueno,Bueno,1,DINAMO,AZUL/PLATA,1,,39,MASCULINO,SIN DATOS,0,0,Morelia,Justo Mendoza,marzo,viernes,23,-101.23298574239,19.7119636105067
48455,48461,2024,,2024/03/02,"01:33:00",COLISIÓN CONTRA OBJETO FIJO,ASFALTO,Bueno,Bueno,1,VENTO,NEGRO/NARANJA,0,MINISTERIO PÚBLICO,,,,0,0,Pátzcuaro,Centro,marzo,sábado,2,-101.612037532032,19.5398506739268
48456,48462,2024,LEG51793,2024/03/02,"02:55:00",COLISIÓN CONTRA OBJETO FIJO,CONCRETO,Bueno,Bueno,1,MAZDA,PLATA,0,,,,,0,0,Morelia,Ocolusen Iii,marzo,sábado,3,-101.147830635309,19.6857999310908
48457,48463,2024,MOR 240129257,2024/03/02,"06:35:00",COLISIÓN POR ALCANCE,ASFALTO,Bueno,Regular,2,SEAT,BLANCO,2,,27,MASCULINO,SIN DATOS,0,0,Morelia,Centro,marzo,sábado,7,-101.182317472994,19.7029726659706
48458,48464,2024,,2024/03/02,11:25:00,COLISIÓN POR ALCANCE,ASFALTO,Bueno,Bueno,2,ITALIKA,NEGRO,2,,28,FEMENINO,SIN DATOS,0,0,Morelia,La Loma,marzo,sábado,11,-101.181513816118,19.6798211446403
48459,48465,2024,LEG51795,2024/03/02,13:35:00,COLISIÓN POR ALCANCE,ASFALTO,Bueno,Bueno,2,MAZDA,BLANCO,2,,39,MASCULINO,SIN DATOS,0,0,Morelia,Centro,marzo,sábado,14,-101.178055778146,19.6994077120476
48460,48466,2024,,2024/03/02,15:30:00,COLISIÓN POR CORTE DE CIRCULACIÓN,ASFALTO,Bueno,Bueno,2,FREIGHTLINER,BLANCO,2,,,MASCULINO,SIN DATOS,0,0,Morelia,Sentimientos de La Nacion,marzo,sábado,16,-101.2368715927,19.6848039557047
48461,48467,2024,,2024/03/02,18:30:00,COLISIÓN POR ALCANCE,ASFALTO,Bueno,Bueno,2,NISSAN,BLANCO,2,,28,MASCULINO,SIN DATOS,0,0,Morelia,Nueva Valladolid,marzo,sábado,19,-101.207337118685,19.7021759716315
48462,48468,2024,,2024/03/02,19:00:00,COLISIÓN POR NO RESPETAR SEMÁFORO,CONCRETO,Bueno,Bueno,2,BAJAJ,NEGRO,2,MINISTERIO PÚBLICO,,MASCULINO,SIN DATOS,0,0,Morelia,Centro,marzo,sábado,19,-101.196028254926,19.7030146469807
48463,48469,2024,,2024/03/02,20:10:00,COLISIÓN CONTRA OBJETO FIJO,ASFALTO,Bueno,Bueno,1,VOLKSWAGEN,NEGRO,0,MINISTERIO PÚBLICO,,,,0,0,Morelia,Union,marzo,sábado,20,-101.15686699748,19.7145738409655
48464,48470,2024,,2024/03/02,21:00:00,COLISIÓN POR INVASIÓN DE CARRIL,CONCRETO,Bueno,Bueno,3,CHEVROLET,AZUL,2,,59,MASCULINO,SIN DATOS,0,0,Morelia,Torreon Nuevo,marzo,sábado,21,-101.205595694482,19.7459302022082
48465,48471,2024,LEG51807,2024/03/03,"02:30:00",SALIDA DE SUPERFICIE DE RODAMIENTO,ASFALTO,Bueno,Bueno,1,NISSAN,GRIS,1,,40,MASCULINO,SIN DATOS,0,0,Morelia,2 de Octubre,marzo,domingo,3,-101.386200897396,19.6676030679368
48466,48472,2024,,2024/03/03,"03:00:00",COLISIÓN POR CORTE DE CIRCULACIÓN,ASFALTO,Bueno,Bueno,2,ITALIKA,BLANCO,2,,24,MASCULINO,SIN DATOS,0,0,Morelia,Ventura Puente,marzo,domingo,3,-101.179417669773,19.692619118181
48467,48473,2024,,2024/03/03,"03:30:00",COLISIÓN CON PEATÓN,ASFALTO,Bueno,Regular,1,VOLKSWAGEN /JETTA,GRIS,1,,27,MASCULINO,SIN DATOS,0,0,Morelia,Gertrudis Sanchez,marzo,domingo,4,-101.199639178813,19.7401366962342
48468,48474,2024,,2024/03/03,"03:50:00",VOLCADURA,CONCRETO,Bueno,Bueno,1,NISSAN,BLANCO Y CREMA,1,,25,MASCULINO,SIN DATOS,0,0,Morelia,Independencia,marzo,domingo,4,-101.175867766142,19.7081195188157
48469,48475,2024,,2024/03/03,"04:00:00",COLISIÓN CONTRA OBJETO FIJO,CONCRETO,Bueno,Bueno,1,DODGE,GRIS,0,,,,,0,0,Morelia,Felix Arreguin,marzo,domingo,4,-101.226544752717,19.7214707043433
48470,48476,2024,,2024/03/03,"05:50:00",COLISIÓN POR NO RESPETAR SEMÁFORO,ASFALTO,Bueno,Bueno,2,TOYOTA,NEGRO,2,,49,MASCULINO,SIN DATOS,0,0,Morelia,Tres Puentes,marzo,domingo,6,-101.21574819088,19.7037374761781
48471,48477,2024,LEG51817,2024/03/03,"07:58:00",COLISIÓN POR ALCANCE,ASFALTO,Bueno,Bueno,2,FORD,BLANCO,2,,42,,SIN DATOS,0,0,Morelia,Sentimientos de La Nacion,marzo,domingo,8,-101.232629343867,19.6778821502931
48472,48478,2024,,2024/03/03,10:40:00,COLISIÓN POR CAMBIO DE CARRIL,ASFALTO,Bueno,Bueno,2,TOYOTA,BLANCO/NARANJA,2,,21,MASCULINO,SIN DATOS,0,0,Morelia,La Soledad,marzo,domingo,11,-101.183707863092,19.7264294952388
48473,48479,2024,,2024/03/03,12:30:00,COLISIÓN POR CAMBIO DE CARRIL,ASFALTO,Bueno,Bueno,2,VOLKSWAGEN,BLANCO,2,MINISTERIO PÚBLICO,23,MASCULINO,ALIENTO ETÍLICO,0,0,Morelia,Valle Quieto,marzo,domingo,13,-101.203361414373,19.685857069269
48474,48480,2024,,2024/03/03,18:20:00,CAIDA DE MOTOCICLETA,ASFALTO,Bueno,Bueno,1,VELOCID,AMARILLO /NEGRO,1,MINISTERIO PÚBLICO,5,MASCULINO,SIN DATOS,0,0,Charo,San Pedro Y San Pablo,marzo,domingo,18,-101.046818643808,19.7521851475351
48475,48481,2024,,2024/03/03,19:00:00,COLISIÓN POR INVASIÓN DE CARRIL,ASFALTO,Bueno,Bueno,2,FORD,GUINDA,1,MINISTERIO PÚBLICO,,,SIN DATOS,0,0,Charo,Sin datos,marzo,domingo,19,-101.079730018973,19.6867258196104
48476,48482,2024,,2024/03/03,19:40:00,COLISIÓN POR CORTE DE CIRCULACIÓN,ASFALTO,Bueno,Bueno,2,CHEVROLET,ROJO,2,,51,MASCULINO,SIN DATOS,0,0,Morelia,Ignacio Zaragoza,marzo,domingo,20,-101.203691661358,19.7252273686784
48477,48483,2024,LEG51819,2024/03/04,"01:20:00",COLISIÓN CONTRA OBJETO FIJO,ASFALTO,Bueno,Bueno,1,VOLKSWAGEN,PLATA Y AZUL,1,,0,,SIN DATOS,0,0,Morelia,Lomas de Vista Bella,marzo,lunes,1,-101.19614996016,19.6699706081312
48478,48484,2024,MOR240134256,2024/03/04,"09:30:00",SALIDA DE SUPERFICIE DE RODAMIENTO,ASFALTO,Bueno,Bueno,1,NISSAN,BLANCO,1,,,MASCULINO,SIN DATOS,0,0,Morelia,Loma Bonita,marzo,lunes,10,-101.18914341,19.6575722749991
48480,48486,2024,,2024/03/04,12:40:00,COLISIÓN POR CAMBIO DE CARRIL,ASFALTO,Bueno,Bueno,2,SCANIA,CAFE/NARANJA,2,MINISTERIO PÚBLICO,46,MASCULINO,SIN DATOS,0,0,Morelia,El Lago 2,marzo,lunes,13,-101.21308714929,19.7249514326746
48481,48487,2024,,2024/03/04,13:10:00,COLISIÓN POR CAMBIO DE CARRIL,ASFALTO,Bueno,Bueno,2,KENWORTH T600,GRIS,2,,30,MASCULINO,SIN DATOS,0,0,Morelia,El Lago 2,marzo,lunes,13,-101.21308714929,19.7249514326746
48482,48488,2024,,2024/03/04,16:10:00,COLISIÓN POR CAMBIO DE CARRIL,CONCRETO,Bueno,Bueno,2,NAVISTAR,AMARILLO Y GUINDA,2,,61,MASCULINO,SIN DATOS,0,0,Morelia,Independencia,marzo,lunes,16,-101.17618134,19.7123334099991
48483,48489,2024,LEG51828,2024/03/04,16:40:00,COLISIÓN POR CORTE DE CIRCULACIÓN,SIN_DATOS,Bueno,Bueno,2,JEEP,BLANCO,1,,50,,SIN DATOS,0,0,Morelia,Comision Federal de Electricidad,marzo,lunes,17,-101.18,19.682
48484,48490,2024,,2024/03/04,16:55:00,COLISIÓN POR CORTE DE CIRCULACIÓN,ASFALTO,Bueno,Bueno,2,CHEVROLET,PLATA,2,,51,FEMENINO,SIN DATOS,0,0,Morelia,Josefa Ortiz de Dominguez,marzo,lunes,17,-101.210532894023,19.6720411464155
48485,48491,2024,,2024/03/04,17:55:00,COLISIÓN POR ALCANCE,ASFALTO,Bueno,Bueno,2,NISSAN,BLANCO Y AZUL,2,,22,MASCULINO,SIN DATOS,0,0,Morelia,Plan de Ayala,marzo,lunes,18,-101.180417122829,19.7060573619129
48487,48493,2024,LEG51829,2024/03/04,19:20:00,COLISIÓN POR CORTE DE CIRCULACIÓN,ASFALTO,Bueno,Bueno,2,NISSAN,BLANCO,2,MINISTERIO PÚBLICO,50,MASCULINO,SIN DATOS,0,0,Morelia,Vasco de Quiroga,marzo,lunes,19,-101.16716515,19.6992678299991
48488,48494,2024,,2024/03/05,"07:40:00",COLISIÓN POR CORTE DE CIRCULACIÓN,CONCRETO,Bueno,Bueno,2,VENTO,NEGRO,2,,30,MASCULINO,SIN DATOS,0,0,Morelia,Centro,marzo,martes,8,-101.183244511485,19.702968562563
48489,48495,2024,,2024/03/05,"08:40:00",COLISIÓN POR CAMBIO DE CARRIL,ASFALTO,Bueno,Bueno,1,CHEVROLET,GRIS,2,,40,MASCULINO,SIN DATOS,0,0,Morelia,Indeco Expropiacion Petrolera,marzo,martes,9,-101.226054712754,19.6865400285148
48490,48496,2024,LEG51843,2024/03/05,10:09:00,COLISIÓN POR CORTE DE CIRCULACIÓN,ASFALTO,Bueno,Bueno,2,FORD,AZUL,2,,68,,SIN DATOS,0,0,Morelia,Sin datos,marzo,martes,10,-101.309287212789,19.6872896209076
48491,48497,2024,,2024/03/05,11:20:00,COLISIÓN POR CAMBIO DE CARRIL,ASFALTO,Bueno,Bueno,2,MINICOPPER,BLANCO,2,,21,MASCULINO,SIN DATOS,0,0,Morelia,Sin datos,marzo,martes,11,-101.108749508858,19.7376209256863
48492,48498,2024,,2024/03/05,12:40:00,COLISIÓN POR CORTE DE CIRCULACIÓN,ASFALTO,Bueno,Bueno,2,HONDA,ROJO,2,MINISTERIO PÚBLICO,42,MASCULINO,SIN DATOS,0,0,Morelia,Cuauhtemoc,marzo,martes,13,-101.17876958102,19.6961835920036
48493,48499,2024,LEG51840,2024/03/05,12:40:00,COLISIÓN POR CORTE DE CIRCULACIÓN,CONCRETO,Bueno,Bueno,2,SUZUKI,ROJO,3,MINISTERIO PÚBLICO,0,MASCULINO,SIN DATOS,1,0,Morelia,Felicitas del Rio,marzo,martes,13,-101.195569261909,19.6902099283303
48494,48500,2024,MOR2400,2024/03/05,13:00:00,COLISIÓN POR CORTE DE CIRCULACIÓN,ASFALTO,Bueno,Bueno,2,S/D,GRIS/MORADO,3,MINISTERIO PÚBLICO,20,MASCULINO,SIN DATOS,1,0,Morelia,Los Manantiales de Morelia,marzo,martes,13,-101.237575337291,19.6985163033294
48495,48501,2024,LEG51841,2024/03/05,15:15:00,COLISIÓN POR CORTE DE CIRCULACIÓN,ASFALTO,Bueno,Bueno,2,S/D,S/D,1,MINISTERIO PÚBLICO,44,,SIN DATOS,0,0,Morelia,Sin datos,marzo,martes,15,-101.282074190676,19.6177477997923
48496,48502,2024,,2024/03/05,17:40:00,SALIDA DE SUPERFICIE DE RODAMIENTO,ASFALTO,Bueno,Bueno,1,FORD,Blanco,1,,,,SIN DATOS,0,0,Charo,La Goleta,marzo,martes,18,-101.080291606486,19.7395456262596
48497,48503,2024,,2024/03/05,23:00:00,COLISIÓN POR NO RESPETAR SEMÁFORO,ASFALTO,Bueno,Bueno,2,MAZDA 3,BLANCO,2,MINISTERIO PÚBLICO,26,MASCULINO,SIN DATOS,0,0,Morelia,Chapultepec Norte,marzo,martes,23,-101.173778799073,19.6957366970635
48498,48504,2024,,2024/03/06,"00:00:00",COLISIÓN POR CORTE DE CIRCULACIÓN,ASFALTO,Bueno,Bueno,2,KENWORTH,BLANCO,2,,47,MASCULINO,SIN DATOS,0,0,Morelia,El Eden,marzo,miércoles,0,-101.249642260373,19.6460318692
48499,48505,2024,,2024/03/06,"00:00:00",COLISIÓN POR CAMBIO DE CARRIL,ASFALTO,Bueno,Bueno,2,ESCANIA AUTOBÚS,AZUL,1,,59,MASCULINO,SIN DATOS,0,0,Morelia,Fray Antonio de Lisboa,marzo,miércoles,0,-101.146837882698,19.694199655821
48500,48506,2024,,2024/03/06,"08:15:00",COLISIÓN POR ALCANCE,ASFALTO,Bueno,Bueno,2,CHEVROLET,BCO/AZUL,2,,44,MASCULINO,SIN DATOS,0,0,Morelia,Nueva Jacarndas,marzo,miércoles,8,-101.192008294165,19.682261112482
48501,48507,2024,,2024/03/06,"08:30:00",COLISIÓN POR ALCANCE,ASFALTO,Bueno,Bueno,2,FORD,GRIS,2,,42,MASCULINO,SIN DATOS,0,0,Morelia,Lomas de La Maestranza,marzo,miércoles,9,-101.329283416271,19.684896766351
48502,48508,2024,LEG51850,2024/03/06,"09:25:00",COLISIÓN POR CORTE DE CIRCULACIÓN,ASFALTO,Bueno,Bueno,2,CHEVROLET,BLANCO,2,,30,MASCULINO,SIN DATOS,0,0,Morelia,Prados Verdes,marzo,miércoles,9,-101.198825798929,19.7161317526481
48503,48509,2024,,2024/03/06,"09:30:00",COLISIÓN POR CAMBIO DE CARRIL,ASFALTO,Bueno,Bueno,2,KIA,ARENA,2,,19,MASCULINO,SIN DATOS,0,0,Morelia,Real Universidad,marzo,miércoles,10,-101.211358085275,19.6873473899093
48504,48510,2024,,2024/03/06,"09:40:00",COLISIÓN POR CORTE DE CIRCULACIÓN,CONCRETO,Bueno,Bueno,2,CHEVROLET BEAT,GRIS,2,,29,,SIN DATOS,0,0,Morelia,Buenavista,marzo,miércoles,10,-101.165934205055,19.7051354627704
48505,48511,2024,,2024/03/06,13:48:00,COLISIÓN POR ALCANCE,ASFALTO,Bueno,Bueno,2,NISSAN,ROJO,2,,,MASCULINO,SIN DATOS,0,0,Morelia,Canteras de Morelia,marzo,miércoles,14,-101.171495430171,19.7147515370885
48506,48512,2024,LEG51855,2024/03/06,16:17:00,SALIDA DE SUPERFICIE DE RODAMIENTO,ASFALTO,Bueno,Bueno,1,CHEVROLET,NEGRO,1,,70,FEMENINO,ALIENTO ETÍLICO,0,0,Morelia,Los Manantiales de Morelia,marzo,miércoles,16,-101.243018209934,19.7001671732068
48507,48513,2024,,2024/03/06,16:48:00,COLISIÓN POR CAMBIO DE CARRIL,ASFALTO,Bueno,Bueno,2,KENWORTH,ROJO,2,,51,MASCULINO,SIN DATOS,0,0,Morelia,Centro,marzo,miércoles,17,-101.188661567867,19.7107582188439
48508,48514,2024,,2024/03/06,17:55:00,COLISIÓN POR ALCANCE,ASFALTO,Bueno,Bueno,2,FORD,BLANCO,2,,,MASCULINO,SIN DATOS,0,0,Morelia,Nicolaitas Ilustres,marzo,miércoles,18,-101.228348203003,19.7194643575625
48509,48515,2024,LEG51856,2024/03/06,18:15:00,COLISIÓN POR ALCANCE,ASFALTO,Bueno,Bueno,2,ITALIKA,NEGRO,2,,19,MASCULINO,CON CERTIFICADO,0,0,Morelia,Jardines del Toreo,marzo,miércoles,18,-101.215393468738,19.6854223766496
48510,48516,2024,LEG51854,2024/03/06,18:20:00,COLISIÓN POR CAMBIO DE CARRIL,ASFALTO,Bueno,Bueno,2,MG,ROJO,2,MINISTERIO PÚBLICO,,MASCULINO,SIN DATOS,0,0,Morelia,Las Americas,marzo,miércoles,18,-101.159062050283,19.6879714832062
48511,48517,2024,,2024/03/06,21:20:00,COLISIÓN POR CORTE DE CIRCULACIÓN,CONCRETO,Bueno,Bueno,2,TOYOTA,BLANCO/AZUL,2,,0,MASCULINO,SIN DATOS,0,0,Morelia,Ana Maria Gallaga (Riviera Norte),marzo,miércoles,21,-101.222802735865,19.6767926789913
48512,48518,2024,,2024/03/07,"07:35:00",COLISIÓN POR CAMBIO DE CARRIL,ASFALTO,Bueno,Bueno,2,TOYOTA,BLANCO Y GRIS,2,,35,MASCULINO,SIN DATOS,0,0,Morelia,Alberto Oviedo Mota,marzo,jueves,8,-101.196140686849,19.6817272495021
48513,48519,2024,LEG51860,2024/03/07,"07:50:00",COLISIÓN CONTRA OBJETO FIJO,ASFALTO,Bueno,Bueno,1,RAM,BLANCO,1,,27,FEMENINO,SIN DATOS,0,0,Morelia,Loma de Los Piñones,marzo,jueves,8,-101.203539445996,19.6749237338595
48514,48520,2024,LEG51870,2024/03/07,"08:28:00",COLISIÓN POR CAMBIO DE CARRIL,ASFALTO,Bueno,Bueno,2,HONDA,PLATA,2,,23,FEMENINO,SIN DATOS,0,0,Morelia,Morelos,marzo,jueves,8,-101.210473962128,19.6955106032017