fid,id_accidente,anio_origen,folio_c5i,dia_incidente,hora_ocurrencia,tipo_incidente_vial,superficie_ocurrencia,condiciones_climaticas,condiciones_via,numero_vehiculos_involucrados,marca_vehiculo_ocasiona_siniestro,color_vehiculo_ocasiona_siniestro,numero_personas_involucradas,lugar_remite_presunto_responsable,edad_presunto_responsable,sexo_presunto_responsable,resultados_toxicologia,numero_personas_lesionadas,numero_personas_fallecidas,municipio,colonia,mes,dia_semana,hora_redondeada,lon,lat
48515,48521,2024,LEG51867,2024/03/07,"08:30:00",COLISIÓN POR CAMBIO DE CARRIL,ASFALTO,Bueno,Bueno,2,FORD,GRIS,2,,78,MASCULINO,SIN DATOS,0,0,Morelia,Camelinas,marzo,jueves,9,-101.174244359136,19.6816818247364
48516,48522,2024,LEG51871,2024/03/07,11:50:00,COLISIÓN POR CAMBIO DE CARRIL,ASFALTO,Bueno,Bueno,2,HONDA,GRIS,2,,57,FEMENINO,SIN DATOS,0,0,Morelia,Gustavo Diaz Ordaz,marzo,jueves,12,-101.203614212573,19.6911231645464
48517,48523,2024,LEG51872,2024/03/07,12:00:00,COLISIÓN POR CORTE DE CIRCULACIÓN,ASFALTO,Bueno,Bueno,2,ITALIKA,NEGRO,3,,27,MASCULINO,SIN DATOS,1,0,Morelia,Centro,marzo,jueves,12,-101.180577725172,19.703646885973
48518,48524,2024,,2024/03/07,14:00:00,COLISIÓN POR CORTE DE CIRCULACIÓN,CONCRETO,Bueno,Bueno,2,CHRSLER,AZUL,2,,69,MASCULINO,SIN DATOS,0,0,Morelia,Independencia,marzo,jueves,14,-101.176194660366,19.7124468377631
48519,48525,2024,,2024/03/07,15:00:00,COLISIÓN POR INVASIÓN DE CARRIL,ASFALTO,Bueno,Bueno,2,HONDA,PLATA,2,,18,MASCULINO,SIN DATOS,0,0,Morelia,La Floresta,marzo,jueves,15,-101.15235619247,19.6845252077599
48520,48526,2024,,2024/03/07,15:40:00,COLISIÓN POR ALCANCE,ASFALTO,Bueno,Bueno,2,INTERNATIONAL,BLANCO Y NARJA,2,MINISTERIO PÚBLICO,28,MASCULINO,SIN DATOS,0,0,Morelia,Nueva Valladolid,marzo,jueves,16,-101.207916811109,19.7010595196804
48521,48527,2024,,2024/03/07,15:40:00,COLISIÓN CON PEATÓN,SIN_DATOS,Bueno,Bueno,2,TOYOTA,BLANCO Y CAFE,2,,24,,SIN DATOS,0,0,Morelia,Los Manantiales de Morelia,marzo,jueves,16,-101.240273974836,19.6927365463194
48522,48528,2024,,2024/03/07,18:45:00,COLISIÓN POR CORTE DE CIRCULACIÓN,ASFALTO,Bueno,Bueno,2,ITALIKA,NEGRO,2,,23,MASCULINO,SIN DATOS,0,0,Morelia,Villas del Real,marzo,jueves,19,-101.199266687036,19.7324510379735
48523,48529,2024,LEG51873,2024/03/07,20:20:00,COLISIÓN POR INVASIÓN DE CARRIL,ASFALTO,Bueno,Bueno,2,NISSAN,ROJO,2,,56,FEMENINO,SIN DATOS,0,0,Morelia,Industrial,marzo,jueves,20,-101.188290081918,19.7115757020052
48524,48530,2024,,2024/03/07,20:25:00,COLISIÓN POR CAMBIO DE CARRIL,ASFALTO,Bueno,Bueno,2,YAMAHA,ROJA,2,,39,FEMENINO,SIN DATOS,0,0,Morelia,Industrial,marzo,jueves,20,-101.188590824604,19.711243974786
48525,48531,2024,,2024/03/07,21:30:00,COLISIÓN CON PEATÓN,ASFALTO,Bueno,Bueno,1,NISSAN,NEGRO,1,,,MASCULINO,SIN DATOS,0,0,Morelia,2 de Octubre,marzo,jueves,22,-101.38713799417,19.667084344966
48526,48532,2024,,2024/03/08,"09:00:00",COLISIÓN POR ALCANCE,ASFALTO,Bueno,Bueno,2,NISSAN,NEGRO,2,,,MASCULINO,SIN DATOS,0,0,Morelia,Xangari,marzo,viernes,9,-101.219623120327,19.6720670459846
48528,48534,2024,,2024/03/08,"09:30:00",COLISIÓN POR NO RESPETAR SEMÁFORO,ASFALTO,Bueno,Bueno,2,NISSAN,BLANCO/RO,2,,,MASCULINO,SIN DATOS,0,0,Morelia,Morelos,marzo,viernes,10,-101.206981055439,19.7013480239845
48529,48535,2024,,2024/03/08,12:30:00,COLISIÓN CONTRA OBJETO FIJO,ASFALTO,Bueno,Bueno,2,HONDA,Morado,1,MINISTERIO PÚBLICO,63,MASCULINO,SIN DATOS,0,0,Morelia,Felipe Carrillo Puerto,marzo,viernes,13,-101.176568157971,19.7301447003089
48530,48536,2024,LEG51882,2024/03/08,14:00:00,COLISIÓN POR ALCANCE,ASFALTO,Bueno,Bueno,2,SUZUKI,ROJO,2,,,FEMENINO,SIN DATOS,0,0,Morelia,Loma de Los Piñones,marzo,viernes,14,-101.205066628754,19.6740195606882
48531,48537,2024,,2024/03/08,15:30:00,COLISIÓN POR ALCANCE,CONCRETO,Bueno,Bueno,2,KIA,ROJO,2,,40,FEMENINO,SIN DATOS,0,0,Morelia,Ejidal Ocolusen,marzo,viernes,16,-101.152288131416,19.6843118058344
48532,48538,2024,LEG51881,2024/03/08,15:30:00,COLISIÓN POR CORTE DE CIRCULACIÓN,ASFALTO,Bueno,Bueno,2,SEAT,BLANCO,2,,,MASCULINO,SIN DATOS,0,0,Morelia,Loma de Los Piñones,marzo,viernes,16,-101.206289380789,19.6732950187979
48533,48539,2024,LEG51883,2024/03/08,16:04:00,COLISIÓN POR CORTE DE CIRCULACIÓN,ASFALTO,Bueno,Bueno,2,KAWASAKI,NEGRO,2,,24,MASCULINO,SIN DATOS,0,0,Morelia,Tenencia Morelos,marzo,viernes,16,-101.236818619072,19.6522941935481
48534,48540,2024,LEG51880,2024/03/08,16:40:00,COLISIÓN POR CAMBIO DE CARRIL,ASFALTO,Bueno,Bueno,2,VOLKSWAGEN,GRIS,2,,,FEMENINO,SIN DATOS,0,0,Morelia,Lomas de Huerta,marzo,viernes,17,-101.214345730841,19.6743620989599
48535,48541,2024,,2024/03/08,17:30:00,COLISIÓN POR MANIOBRA DE REVERSA,ASFALTO,Bueno,Bueno,2,NISSAN,BLANCO/NARANJA,2,MINISTERIO PÚBLICO,27,MASCULINO,SIN DATOS,0,0,Pátzcuaro,Centro,marzo,viernes,18,-101.612001992762,19.5133701301455
48536,48542,2024,LEG51885,2024/03/08,22:06:00,COLISIÓN POR CAMBIO DE CARRIL,ASFALTO,Bueno,Bueno,2,ITALIKA,NEGRO,2,,,MASCULINO,SIN DATOS,0,0,Morelia,Ana Maria Gallaga (Riviera Norte),marzo,viernes,22,-101.223922222853,19.6767977301648
48537,48543,2024,,2024/03/08,23:00:00,COLISIÓN POR ALCANCE,ASFALTO,Bueno,Bueno,2,VOLKSWAGEN,NEGRO,2,,19,MASCULINO,SIN DATOS,0,0,Morelia,Loma de Los Piñones,marzo,viernes,23,-101.203126721084,19.6752122852573
48538,48544,2024,,2024/03/09,"00:00:00",COLISIÓN POR NO RESPETAR SEMÁFORO,ASFALTO,Bueno,Bueno,2,JEEP,NEGRO,2,,29,MASCULINO,SIN DATOS,0,0,Morelia,San Pascual,marzo,sábado,0,-101.267324388027,19.6952536545731
48539,48545,2024,,2024/03/09,"00:30:00",SALIDA DE SUPERFICIE DE RODAMIENTO,ASFALTO,Bueno,Bueno,1,FORD,BLANCO,1,,,MASCULINO,SIN DATOS,0,0,Morelia,Sin datos,marzo,sábado,1,-101.309289224446,19.6872899365852
48540,48546,2024,LEG51886,2024/03/09,"01:28:00",COLISIÓN CONTRA OBJETO FIJO,ASFALTO,Bueno,Bueno,2,ITALIKA,NEGRO,1,MINISTERIO PÚBLICO,17,MASCULINO,SIN DATOS,0,0,Morelia,Prados Verdes,marzo,sábado,1,-101.201318576932,19.715758372848
48541,48547,2024,LEG51896,2024/03/09,"08:50:00",COLISIÓN POR ALCANCE,ASFALTO,Bueno,Bueno,2,CHEVROLET,PLATA,2,,39,MASCULINO,SIN DATOS,0,0,Morelia,Arcos del Valle,marzo,sábado,9,-101.235190182924,19.708809814523
48542,48548,2024,,2024/03/09,"09:10:00",COLISIÓN CONTRA OBJETO FIJO,ASFALTO,Bueno,Bueno,1,NISSAN,BLANCO,1,,61,MASCULINO,SIN DATOS,0,0,Morelia,Prados de La Huerta,marzo,sábado,9,-101.223494410515,19.6684119314477
48543,48549,2024,,2024/03/09,10:49:00,COLISIÓN POR ALCANCE,ASFALTO,Bueno,Bueno,2,CHEVROLET,BLANCO,2,,35,MASCULINO,SIN DATOS,0,0,Morelia,Nicolaitas Ilustres,marzo,sábado,11,-101.228349544108,19.7194555203651
48544,48550,2024,LEG51897,2024/03/09,12:58:00,COLISIÓN POR ALCANCE,ASFALTO,Bueno,Bueno,3,NISSAN,GRIS,3,,20,MASCULINO,SIN DATOS,0,0,Morelia,Leandro Valle,marzo,sábado,13,-101.229322850704,19.7178433548906
48545,48551,2024,,2024/03/09,13:02:00,COLISIÓN POR ALCANCE,ASFALTO,Bueno,Bueno,2,VOLKSWAGEN,NEGRO,2,MINISTERIO PÚBLICO,21,MASCULINO,SIN DATOS,0,0,Morelia,Justo Mendoza,marzo,sábado,13,-101.231139712036,19.714488306882
48546,48552,2024,,2024/03/09,13:30:00,COLISIÓN POR INVASIÓN DE CARRIL,ASFALTO,Bueno,Bueno,2,HONDA,NEGRO,2,,57,FEMENINO,SIN DATOS,0,0,Morelia,Santa Maria de Guido,marzo,sábado,14,-101.194018945098,19.6784683970702
48547,48553,2024,LEG51902,2024/03/09,14:00:00,COLISIÓN POR ALCANCE,ASFALTO,Bueno,Bueno,2,FREIGHTLINER,BLANCO,2,,50,MASCULINO,SIN DATOS,0,0,Morelia,Los Manantiales de Morelia,marzo,sábado,14,-101.242989376187,19.7003606679301
48548,48554,2024,LEG51898,2024/03/09,14:05:00,COLISIÓN POR ALCANCE,ASFALTO,Bueno,Bueno,2,NISSAN,GRIS,2,,44,MASCULINO,SIN DATOS,0,0,Morelia,Leandro Valle,marzo,sábado,14,-101.229773797095,19.7173715062033
48549,48555,2024,,2024/03/09,15:00:00,COLISIÓN POR CAMBIO DE CARRIL,ASFALTO,Bueno,Bueno,2,KENWORTH,AMARILLO,2,,27,MASCULINO,SIN DATOS,0,0,Morelia,Tlalpujahua,marzo,sábado,15,-101.219051331282,19.6765293863511
48550,48556,2024,LEG51900,2024/03/09,16:45:00,COLISIÓN POR CORTE DE CIRCULACIÓN,ASFALTO,Bueno,Bueno,2,BAJAJ,NEGRO Y AMARILLO,3,,20,MASCULINO,SIN DATOS,1,0,Morelia,Lomas del Punhuato,marzo,sábado,17,-101.144900657237,19.7022211093328
48551,48557,2024,,2024/03/09,20:30:00,SUBIDA AL CAMELLÓN,ASFALTO,Bueno,Bueno,1,NISSAN,BLANCO,1,,61,MASCULINO,SIN DATOS,0,0,Morelia,La Luz,marzo,sábado,21,-101.299812979996,19.6873448644889
48552,48558,2024,LEG51901,2024/03/09,20:45:00,COLISIÓN CONTRA OBJETO FIJO,TERRACERIA,Bueno,Regular,1,CADILLAC,NEGRO,1,,44,MASCULINO,ALIENTO ETÍLICO,0,0,Morelia,Sin datos,marzo,sábado,21,-101.28557279706,19.6109724881118
48553,48559,2024,,2024/03/10,"04:45:00",COLISIÓN CONTRA OBJETO FIJO,CONCRETO,Bueno,Bueno,2,NISSAN,AZUL,2,MINISTERIO PÚBLICO,29,MASCULINO,SIN DATOS,0,0,Morelia,San Rafael,marzo,domingo,5,-101.153090111911,19.7015067958249
48554,48560,2024,,2024/03/10,"06:35:00",SALIDA DE SUPERFICIE DE RODAMIENTO,ASFALTO,Bueno,Bueno,1,HONDA,BLANCO,1,,18,MASCULINO,SIN DATOS,0,0,Morelia,Villas del Pedregal,marzo,domingo,7,-101.30450617522,19.6876075079978
48555,48561,2024,,2024/03/10,"07:03:00",VOLCADURA,SIN_DATOS,Bueno,Bueno,1,TOYOTA,AZUL,1,MINISTERIO PÚBLICO,,,SIN DATOS,0,0,Morelia,Sin datos,marzo,domingo,7,-101.293938606977,19.6864155070753
48556,48562,2024,,2024/03/10,12:30:00,COLISIÓN POR ALCANCE,ASFALTO,Bueno,Bueno,2,VOLKSWAGEN,BLANCO,2,,58,MASCULINO,SIN DATOS,0,0,Morelia,Alberto Oviedo Mota,marzo,domingo,13,-101.202234216034,19.6772280264245
48557,48563,2024,,2024/03/10,15:50:00,COLISIÓN POR ALCANCE,ASFALTO,Bueno,Bueno,2,TOYOTA TACOMA,ROJO,2,MINISTERIO PÚBLICO,29,MASCULINO,SIN DATOS,0,0,Morelia,Josefa Ortiz de Dominguez,marzo,domingo,16,-101.210070289671,19.6719639999746
48558,48564,2024,LEG51908,2024/03/10,20:50:00,COLISIÓN POR CORTE DE CIRCULACIÓN,ASFALTO,Bueno,Bueno,2,BAJAJ,NEGRO,2,,,MASCULINO,SIN DATOS,0,0,Morelia,Guadalupe,marzo,domingo,21,-101.226089783013,19.7089521659421
48559,48565,2024,,2024/03/10,22:40:00,COLISIÓN CONTRA OBJETO FIJO,CONCRETO,Bueno,Bueno,1,VOLKSWAGEN,GRIS,1,MINISTERIO PÚBLICO,,,SIN DATOS,0,0,Morelia,Fidel Velazquez,marzo,domingo,23,-101.23746201396,19.7029284754218
48561,48567,2024,,2024/03/11,"00:50:00",COLISIÓN CONTRA OBJETO FIJO,ASFALTO,Bueno,Bueno,1,NISSAN,GRIS,1,,25,MASCULINO,SIN DATOS,0,0,Morelia,Lindavista,marzo,lunes,1,-101.216178350151,19.7038844925158
48562,48568,2024,,2024/03/11,"00:55:00",COLISIÓN CONTRA OBJETO FIJO,ASFALTO,Bueno,Bueno,1,PONTIAC,ROJO,1,,,MASCULINO,SIN DATOS,0,0,Morelia,Sin datos,marzo,lunes,1,-101.099574007094,19.7305142593917
48563,48569,2024,LEG51912,2024/03/11,"01:15:00",COLISIÓN POR ALCANCE,ASFALTO,Bueno,Bueno,3,DODGE,AZUL CON BLANCO,3,,,MASCULINO,SIN DATOS,0,0,Morelia,Arcos del Valle,marzo,lunes,1,-101.236246638,19.7076255468079
48564,48570,2024,,2024/03/11,"05:00:00",COLISIÓN POR CORTE DE CIRCULACIÓN,CONCRETO,Bueno,Bueno,2,NISSAN,GRIS,2,,,MASCULINO,SIN DATOS,0,0,Morelia,Chapultepec Norte,marzo,lunes,5,-101.173778799073,19.6957366970635
48570,48576,2024,,2024/03/11,10:10:00,COLISIÓN CONTRA OBJETO FIJO,CONCRETO,Bueno,Bueno,1,INTERNATIONAL,BLANCO,1,,56,MASCULINO,SIN DATOS,0,0,Morelia,Jardines de Guadalupe,marzo,lunes,10,-101.223674453795,19.7128139127501
48572,48578,2024,LEG51929,2024/03/11,13:20:00,COLISIÓN POR ALCANCE,ASFALTO,Bueno,Bueno,2,FORD,AZUL,2,MINISTERIO PÚBLICO,41,MASCULINO,SIN DATOS,0,0,Morelia,Vistas de Altozano,marzo,lunes,13,-101.164235025644,19.658443872038
48573,48579,2024,,2024/03/11,14:45:00,COLISIÓN CONTRA OBJETO FIJO,ASFALTO,Bueno,Bueno,1,NISSAN,AZUL Y  BLANCO,1,,49,MASCULINO,SIN DATOS,0,0,Morelia,Los Manantiales de Morelia,marzo,lunes,15,-101.240274645388,19.6927371776533
48574,48580,2024,,2024/03/11,17:18:00,COLISIÓN POR ALCANCE,ASFALTO,Bueno,Bueno,2,Volkswagen,Rojo,2,,24,MASCULINO,SIN DATOS,0,0,Morelia,Ciudad Industrial,marzo,lunes,17,-101.144529506564,19.7237774828174
48575,48581,2024,LEG51923,2024/03/11,17:18:00,COLISIÓN POR ALCANCE,ASFALTO,Bueno,Bueno,4,HONDA,ARENA,4,MINISTERIO PÚBLICO,23,MASCULINO,SIN DATOS,0,0,Morelia,Centro,marzo,lunes,17,-101.18754847,19.7028479949991
48576,48582,2024,,2024/03/11,17:50:00,CAIDA DE MOTOCICLETA,ASFALTO,Bueno,Bueno,1,HONDA,GUINDA/NEGRO,1,,39,MASCULINO,SIN DATOS,0,0,Morelia,Villas del Pedregal,marzo,lunes,18,-101.304505839944,19.6876078236749
48577,48583,2024,LEG51930,2024/03/11,18:40:00,COLISIÓN POR ALCANCE,ASFALTO,Bueno,Bueno,3,TOYOTA,BLANCO Y GRIS,3,,60,MASCULINO,SIN DATOS,0,0,Morelia,Ventura Puente,marzo,lunes,19,-101.193225725,19.6917077449992
48578,48584,2024,,2024/03/11,20:40:00,COLISIÓN POR CORTE DE CIRCULACIÓN,ASFALTO,Bueno,Bueno,2,NISSAN,AZUL,2,MINISTERIO PÚBLICO,35,FEMENINO,SIN DATOS,0,0,Morelia,Ventura Puente,marzo,lunes,21,-101.193225725,19.6917077449992
48579,48585,2024,LEG51931,2024/03/11,22:05:00,COLISIÓN POR CORTE DE CIRCULACIÓN,ASFALTO,Bueno,Bueno,2,ITALIKA,NEGRO Y NARANJA,3,,29,MASCULINO,SIN DATOS,1,0,Morelia,Ciudad Industrial,marzo,lunes,22,-101.137303300202,19.7290006712558
48580,48586,2024,LEG51913,2024/03/11,22:40:00,COLISIÓN POR CORTE DE CIRCULACIÓN,ASFALTO,Bueno,Bueno,3,VOLKSWAGEN,ROJO,3,MINISTERIO PÚBLICO,30,MASCULINO,SIN DATOS,0,0,Morelia,Primo Tapia Oriente,marzo,lunes,23,-101.158741526306,19.7135174444844
48581,48587,2024,,2024/03/12,"07:45:00",COLISIÓN POR CAMBIO DE CARRIL,ASFALTO,Bueno,Bueno,2,MAZDA/GRAND TOURING,AZUL,2,,50,MASCULINO,SIN DATOS,0,0,Morelia,Cañada del Bosque,marzo,martes,8,-101.097469366718,19.7282996448773
48584,48590,2024,,2024/03/12,17:15:00,COLISIÓN POR CORTE DE CIRCULACIÓN,CONCRETO,Bueno,Bueno,2,FORD FIESTA,ROJO,3,MINISTERIO PÚBLICO,,,SIN DATOS,1,0,Morelia,El Lago 3,marzo,martes,17,-101.219665798708,19.7255458202325
48585,48591,2024,LEG51934,2024/03/12,17:43:00,COLISIÓN CONTRA OBJETO FIJO,CONCRETO,Bueno,Bueno,2,CHEVROLET,VERDE,2,MINISTERIO PÚBLICO,35,MASCULINO,SIN DATOS,0,0,Morelia,Hermosa Provincia,marzo,martes,18,-101.245553903282,19.710362416615
48586,48592,2024,,2024/03/12,18:00:00,COLISIÓN POR ALCANCE,ASFALTO,Bueno,Bueno,2,FORD FOCUS,NEGRO,2,,51,MASCULINO,SIN DATOS,0,0,Morelia,Lomas del Tecnologico,marzo,martes,18,-101.192971737429,19.7218067072296
48587,48593,2024,,2024/03/12,18:30:00,COLISIÓN POR INVASIÓN DE CARRIL,ASFALTO,Bueno,Bueno,2,CHEVROLET,ROJO,2,,20,MASCULINO,SIN DATOS,0,0,Morelia,Fuentes de Morelia,marzo,martes,19,-101.203908950441,19.6711852824231
48588,48594,2024,LEG51939,2024/03/12,20:25:00,SALIDA DE SUPERFICIE DE RODAMIENTO,TERRACERIA,Bueno,Bueno,1,GMC,NEGRO,1,,,MASCULINO,SIN DATOS,0,0,Morelia,Los Encinos,marzo,martes,20,-101.179238967597,19.6627270688942
48589,48595,2024,,2024/03/13,"00:00:00",VOLCADURA,ASFALTO,Bueno,Bueno,1,CHEVROLET,BLANCO,1,MINISTERIO PÚBLICO,,MASCULINO,SIN DATOS,0,0,Charo,Sin datos,marzo,miércoles,0,-100.978263,19.649083
48590,48596,2024,LEG51944,2024/03/13,11:40:00,COLISIÓN POR CORTE DE CIRCULACIÓN,ASFALTO,Bueno,Bueno,2,MERCEDES BENZ,BLANCO Y AZUL,2,,38,MASCULINO,SIN DATOS,0,0,Morelia,Los Manantiales de Morelia,marzo,miércoles,12,-101.242591738701,19.7005099712027
48591,48597,2024,LEG51941,2024/03/13,11:45:00,COLISIÓN POR MANIOBRA DE REVERSA,ASFALTO,Bueno,Bueno,2,CHEVROLET,ROJO,2,,32,,SIN DATOS,0,0,Morelia,Jardines de Guadalupe,marzo,miércoles,12,-101.226963512599,19.7116179963871
48592,48598,2024,LEG51945,2024/03/13,15:00:00,COLISIÓN POR CAMBIO DE CARRIL,ASFALTO,Bueno,Bueno,2,MERCEDES BENZ,BLANCO Y AZUL,2,,27,MASCULINO,SIN DATOS,0,0,Morelia,Primo Tapia Oriente,marzo,miércoles,15,-101.161733865738,19.7120422021063
48593,48599,2024,,2024/03/13,18:30:00,COLISIÓN POR ALCANCE,ASFALTO,Bueno,Bueno,2,VOLKSWAGEN,BLANCO,2,,37,MASCULINO,SIN DATOS,0,0,Morelia,Lomas de Guayangareo,marzo,miércoles,19,-101.156068369746,19.7010301641805
48594,48600,2024,LEG51947,2024/03/13,19:22:00,COLISIÓN POR ALCANCE,ASFALTO,Bueno,Bueno,2,INTERNATIONAL,VERDE,2,MINISTERIO PÚBLICO,53,MASCULINO,SIN DATOS,0,0,Morelia,Emiliano Zapata,marzo,miércoles,19,-101.230454742908,19.6544074715666
48595,48601,2024,LEG51946,2024/03/13,20:00:00,COLISIÓN POR CAMBIO DE CARRIL,ASFALTO,Bueno,Bueno,1,FORD,GRIS,1,,26,MASCULINO,SIN DATOS,0,0,Morelia,Lomas de Las Americas Norte,marzo,miércoles,20,-101.148439832032,19.6947492259674
48596,48602,2024,,2024/03/13,20:30:00,COLISIÓN POR CORTE DE CIRCULACIÓN,CONCRETO,Bueno,Bueno,2,FORD,BLANCO,2,,28,MASCULINO,SIN DATOS,0,0,Morelia,El Porvenir,marzo,miércoles,21,-101.204648204148,19.7117262573286
48598,48604,2024,,2024/03/14,"09:00:00",COLISIÓN POR ALCANCE,ASFALTO,Bueno,Bueno,2,FORD,GRIS,2,,22,MASCULINO,SIN DATOS,0,0,Morelia,Ventura Puente,marzo,jueves,9,-101.18655097,19.6910610199992
48599,48605,2024,,2024/03/14,10:40:00,COLISIÓN POR CORTE DE CIRCULACIÓN,ASFALTO,Bueno,Bueno,2,NISSAN/KICK,ROJO,2,,52,MASCULINO,SIN DATOS,0,0,Morelia,Jardines de Torremolinos,marzo,jueves,11,-101.227770565645,19.6784160171512
48600,48606,2024,,2024/03/14,11:23:00,COLISIÓN CON PEATÓN,CONCRETO,Bueno,Bueno,1,FORD,AZUL,0,MINISTERIO PÚBLICO,,,,0,0,Lázaro Cárdenas,La Villita,marzo,jueves,11,-102.207252066582,18.0287663357956
48601,48607,2024,,2024/03/14,12:00:00,COLISIÓN POR INVASIÓN DE CARRIL,ASFALTO,Bueno,Bueno,2,KENWORTH,BLANCO,2,,0,MASCULINO,SIN DATOS,0,0,Morelia,Rinconada del Valle,marzo,jueves,12,-101.222201261191,19.6773787628329
48603,48609,2024,,2024/03/14,12:20:00,COLISIÓN POR CAMBIO DE CARRIL,ASFALTO,Bueno,Bueno,2,FREIGHTLINER,BLANCO,2,,,MASCULINO,SIN DATOS,0,0,Morelia,Los Angeles,marzo,jueves,12,-101.167963479351,19.7444751194994
48604,48610,2024,,2024/03/14,12:20:00,COLISIÓN POR ALCANCE,ASFALTO,Bueno,Bueno,2,CHEVROLET,NARANJA,2,,26,MASCULINO,SIN DATOS,0,0,Morelia,Jardin de La Orquidea,marzo,jueves,12,-101.301537805995,19.691619
48606,48612,2024,,2024/03/14,14:45:00,COLISIÓN POR CORTE DE CIRCULACIÓN,ASFALTO,Bueno,Bueno,2,CHEVROLET/400ss,BLANCO,2,,58,MASCULINO,SIN DATOS,0,0,Morelia,Felix Ireta,marzo,jueves,15,-101.188582604864,19.6860148664875
48607,48613,2024,,2024/03/14,15:25:00,COLISIÓN POR ALCANCE,CONCRETO,Bueno,Bueno,2,KIA,BLANCO,2,MINISTERIO PÚBLICO,17,FEMENINO,SIN DATOS,0,0,Morelia,Agustin Arriaga Rivera,marzo,jueves,15,-101.22450158,19.6910941228942
48608,48614,2024,,2024/03/14,16:00:00,COLISIÓN CONTRA OBJETO FIJO,CONCRETO,Bueno,Bueno,1,TOYOTA,GRIS,1,,37,MASCULINO,SIN DATOS,0,0,Morelia,Loma Real,marzo,jueves,16,-101.196656897664,19.7299525040006
48609,48615,2024,,2024/03/14,20:00:00,COLISIÓN POR CORTE DE CIRCULACIÓN,ASFALTO,Bueno,Bueno,2,TOYOTA,GRIS,2,MINISTERIO PÚBLICO,32,MASCULINO,SIN DATOS,0,0,Morelia,Praderas del Indio,marzo,jueves,20,-101.223494028547,19.6450845894654
48610,48616,2024,,2024/03/14,22:15:00,COLISIÓN POR CORTE DE CIRCULACIÓN,CONCRETO,Bueno,Regular,2,NISSAN/MARCH,BLANCO,2,,42,MASCULINO,SIN DATOS,0,0,Morelia,Juarez,marzo,jueves,22,-101.198044775,19.6955076749991
48611,48617,2024,LEG51970,2024/03/15,"00:00:00",COLISIÓN CONTRA OBJETO FIJO,ASFALTO,Bueno,Bueno,1,FORD,BLANCO,1,MINISTERIO PÚBLICO,40,FEMENINO,SIN DATOS,0,0,Morelia,Ciudad Industrial,marzo,viernes,0,-101.144523471594,19.7290975589993
48612,48618,2024,LEG51971,2024/03/15,"07:50:00",COLISIÓN POR ALCANCE,ASFALTO,Bueno,Bueno,2,NISSAN,BLANCO,2,,32,MASCULINO,SIN DATOS,0,0,Morelia,Josefa Ortiz de Dominguez,marzo,viernes,8,-101.210069954395,19.6719636842667
48613,48619,2024,,2024/03/15,"09:15:00",COLISIÓN POR ALCANCE,ASFALTO,Bueno,Bueno,2,ITALIKA,NEGRO/VERDE,2,,19,MASCULINO,SIN DATOS,0,0,Morelia,La Soledad,marzo,viernes,9,-101.183339059353,19.7277177710013
48614,48620,2024,,2024/03/15,"09:50:00",COLISIÓN POR CORTE DE CIRCULACIÓN,ASFALTO,Bueno,Bueno,4,INTERNACIONAL,BLANCO,4,,27,MASCULINO,SIN DATOS,0,0,Morelia,Felix Ireta,marzo,viernes,10,-101.195887438953,19.6822358574741
48615,48621,2024,,2024/03/15,14:05:00,COLISIÓN POR CORTE DE CIRCULACIÓN,ASFALTO,Bueno,Bueno,2,HONDA,NEGRO/GRIS,2,,37,FEMENINO,SIN DATOS,0,0,Morelia,Sentimientos de La Nacion,marzo,viernes,14,-101.232421807945,19.6779178239601
48616,48622,2024,,2024/03/15,17:40:00,COLISIÓN POR ALCANCE,ASFALTO,Bueno,Bueno,2,CHEVROLET,BLANCO,2,,39,MASCULINO,SIN DATOS,0,0,Morelia,Alberto Oviedo Mota,marzo,viernes,18,-101.195736899972,19.6815242959898
48617,48623,2024,LEG51973,2024/03/15,18:50:00,COLISIÓN POR ALCANCE,ASFALTO,Bueno,Bueno,3,RENAULT,BLANCO,2,,,MASCULINO,SIN DATOS,0,0,Morelia,Isaac Arriaga,marzo,viernes,19,-101.175149269402,19.7060517702263
48618,48624,2024,LEG51967,2024/03/15,20:04:00,COLISIÓN POR ALCANCE,ASFALTO,Bueno,Bueno,1,HONDA,BLANCO,2,,63,MASCULINO,SIN DATOS,0,0,Morelia,El Eden,marzo,viernes,20,-101.249640583992,19.6460283958519
48619,48625,2024,,2024/03/15,22:20:00,COLISIÓN POR CORTE DE CIRCULACIÓN,ASFALTO,Bueno,Bueno,2,NISSAN,BLANCO/GRIS,2,MINISTERIO PÚBLICO,70,MASCULINO,SIN DATOS,0,0,Morelia,Morelos,marzo,viernes,22,-101.20920997113,19.6981656096575
48620,48626,2024,LEG51969,2024/03/16,"02:20:00",COLISIÓN CONTRA OBJETO FIJO,ASFALTO,Bueno,Bueno,1,NISSAN,PLATA,1,,23,MASCULINO,SIN DATOS,0,0,Morelia,Loma Real,marzo,sábado,2,-101.197322756052,19.7260643451238
48621,48627,2024,,2024/03/16,"04:30:00",COLISIÓN POR CORTE DE CIRCULACIÓN,ASFALTO,Bueno,Bueno,1,GENERAL MOTORS,BLANCO,1,MINISTERIO PÚBLICO,49,MASCULINO,SIN DATOS,0,0,Morelia,Indeco Santiaguito,marzo,sábado,5,-101.178540587425,19.7201126277835
48622,48628,2024,LEG51974,2024/03/16,"06:30:00",COLISIÓN CONTRA OBJETO FIJO,ASFALTO,Bueno,Bueno,1,CHEVROLET,GRIS,1,,,FEMENINO,SIN DATOS,0,0,Morelia,Ana Maria Gallaga (Riviera Norte),marzo,sábado,7,-101.221212856472,19.676940425751
48623,48629,2024,,2024/03/16,11:15:00,COLISIÓN POR ALCANCE,ASFALTO,Bueno,Bueno,2,MAZDA,NEGRO,2,,57,MASCULINO,SIN DATOS,0,0,Morelia,Josefa Ortiz de Dominguez,marzo,sábado,11,-101.209425218403,19.6720883888244